Note: Google Test filter = PIMKernelFixture.gemv_tree
[==========] Running 1 test from 1 test suite.
[----------] Global test environment set-up.
[----------] 1 test from PIMKernelFixture
[ RUN      ] PIMKernelFixture.gemv_tree
>>PIM Kernel Accuraccy Test
  Weight data dimension : 4096x1024
  Input data dimension : 1024
  Output data dimension : 4096
GEMV_INPUT_TILE batch[0] inputTile[0] outputTile[0] pb[0] input_idx[0] addr[17179084800]
GEMV_MAC_BASE batch[0] inputTile[0] outputTile[0] pb[0] colBase[0]
GEMV_INPUT_TILE batch[0] inputTile[1] outputTile[0] pb[1] input_idx[8] addr[17179084800]
GEMV_MAC_BASE batch[0] inputTile[1] outputTile[0] pb[1] colBase[0]
GEMV_INPUT_TILE batch[0] inputTile[2] outputTile[0] pb[0] input_idx[16] addr[17179084800]
GEMV_MAC_BASE batch[0] inputTile[2] outputTile[0] pb[0] colBase[64]
GEMV_INPUT_TILE batch[0] inputTile[3] outputTile[0] pb[1] input_idx[24] addr[17179084800]
GEMV_MAC_BASE batch[0] inputTile[3] outputTile[0] pb[1] colBase[64]
GEMV_INPUT_TILE batch[0] inputTile[4] outputTile[0] pb[0] input_idx[32] addr[17179084800]
GEMV_MAC_BASE batch[0] inputTile[4] outputTile[0] pb[0] colBase[128]
GEMV_INPUT_TILE batch[0] inputTile[5] outputTile[0] pb[1] input_idx[40] addr[17179084800]
GEMV_MAC_BASE batch[0] inputTile[5] outputTile[0] pb[1] colBase[128]
GEMV_INPUT_TILE batch[0] inputTile[6] outputTile[0] pb[0] input_idx[48] addr[17179084800]
GEMV_MAC_BASE batch[0] inputTile[6] outputTile[0] pb[0] colBase[192]
GEMV_INPUT_TILE batch[0] inputTile[7] outputTile[0] pb[1] input_idx[56] addr[17179084800]
GEMV_MAC_BASE batch[0] inputTile[7] outputTile[0] pb[1] colBase[192]
src/tests/KernelTestCases.cpp:52: Failure
0temp_fp16[0] and dim_data->output_npbst_.getBurst(0).fp16Data_[i] (0 and -23.578125) are not same 0 52709

src/tests/KernelTestCases.cpp:52: Failure
1temp_fp16[0] and dim_data->output_npbst_.getBurst(0).fp16Data_[i] (0 and 19.28125) are not same 0 19666

src/tests/KernelTestCases.cpp:52: Failure
3temp_fp16[0] and dim_data->output_npbst_.getBurst(0).fp16Data_[i] (0 and -14.140625) are not same 0 51986

src/tests/KernelTestCases.cpp:52: Failure
4temp_fp16[0] and dim_data->output_npbst_.getBurst(0).fp16Data_[i] (0 and 28.046875) are not same 0 20227

src/tests/KernelTestCases.cpp:52: Failure
5temp_fp16[0] and dim_data->output_npbst_.getBurst(0).fp16Data_[i] (0 and -70) are not same 0 54368

src/tests/KernelTestCases.cpp:52: Failure
6temp_fp16[0] and dim_data->output_npbst_.getBurst(0).fp16Data_[i] (0 and -55.1875) are not same 0 53990

src/tests/KernelTestCases.cpp:52: Failure
7temp_fp16[0] and dim_data->output_npbst_.getBurst(0).fp16Data_[i] (0 and 16.046875) are not same 0 19459

src/tests/KernelTestCases.cpp:52: Failure
8temp_fp16[0] and dim_data->output_npbst_.getBurst(0).fp16Data_[i] (0 and -23.296875) are not same 0 52691

src/tests/KernelTestCases.cpp:52: Failure
9temp_fp16[0] and dim_data->output_npbst_.getBurst(0).fp16Data_[i] (0 and -49.46875) are not same 0 53807

src/tests/KernelTestCases.cpp:52: Failure
10temp_fp16[0] and dim_data->output_npbst_.getBurst(0).fp16Data_[i] (0 and 10.921875) are not same 0 18806

src/tests/KernelTestCases.cpp:52: Failure
11temp_fp16[0] and dim_data->output_npbst_.getBurst(0).fp16Data_[i] (0 and 30.609375) are not same 0 20391

src/tests/KernelTestCases.cpp:52: Failure
12temp_fp16[0] and dim_data->output_npbst_.getBurst(0).fp16Data_[i] (0 and -19.421875) are not same 0 52443

src/tests/KernelTestCases.cpp:52: Failure
13temp_fp16[0] and dim_data->output_npbst_.getBurst(0).fp16Data_[i] (0 and 7.61328125) are not same 0 18333

src/tests/KernelTestCases.cpp:52: Failure
14temp_fp16[0] and dim_data->output_npbst_.getBurst(0).fp16Data_[i] (0 and -21.828125) are not same 0 52597

src/tests/KernelTestCases.cpp:52: Failure
15temp_fp16[0] and dim_data->output_npbst_.getBurst(0).fp16Data_[i] (0 and 26.453125) are not same 0 20125

src/tests/KernelTestCases.cpp:52: Failure
16temp_fp16[0] and dim_data->output_npbst_.getBurst(0).fp16Data_[i] (0 and -3.484375) are not same 0 49912

src/tests/KernelTestCases.cpp:52: Failure
17temp_fp16[0] and dim_data->output_npbst_.getBurst(0).fp16Data_[i] (0 and 46.53125) are not same 0 20945

src/tests/KernelTestCases.cpp:52: Failure
18temp_fp16[0] and dim_data->output_npbst_.getBurst(0).fp16Data_[i] (0 and -21.6875) are not same 0 52588

src/tests/KernelTestCases.cpp:52: Failure
19temp_fp16[0] and dim_data->output_npbst_.getBurst(0).fp16Data_[i] (0 and -20.453125) are not same 0 52509

src/tests/KernelTestCases.cpp:52: Failure
20temp_fp16[0] and dim_data->output_npbst_.getBurst(0).fp16Data_[i] (0 and 14.78125) are not same 0 19300

src/tests/KernelTestCases.cpp:52: Failure
21temp_fp16[0] and dim_data->output_npbst_.getBurst(0).fp16Data_[i] (0 and 13.796875) are not same 0 19174

src/tests/KernelTestCases.cpp:52: Failure
22temp_fp16[0] and dim_data->output_npbst_.getBurst(0).fp16Data_[i] (0 and -25.671875) are not same 0 52843

src/tests/KernelTestCases.cpp:52: Failure
23temp_fp16[0] and dim_data->output_npbst_.getBurst(0).fp16Data_[i] (0 and -26.953125) are not same 0 52925

src/tests/KernelTestCases.cpp:52: Failure
24temp_fp16[0] and dim_data->output_npbst_.getBurst(0).fp16Data_[i] (0 and 22.4375) are not same 0 19868

src/tests/KernelTestCases.cpp:52: Failure
25temp_fp16[0] and dim_data->output_npbst_.getBurst(0).fp16Data_[i] (0 and 5.09765625) are not same 0 17689

src/tests/KernelTestCases.cpp:52: Failure
26temp_fp16[0] and dim_data->output_npbst_.getBurst(0).fp16Data_[i] (0 and -23.328125) are not same 0 52693

src/tests/KernelTestCases.cpp:52: Failure
27temp_fp16[0] and dim_data->output_npbst_.getBurst(0).fp16Data_[i] (0 and 13.9609375) are not same 0 19195

src/tests/KernelTestCases.cpp:52: Failure
28temp_fp16[0] and dim_data->output_npbst_.getBurst(0).fp16Data_[i] (0 and 20.796875) are not same 0 19763

src/tests/KernelTestCases.cpp:52: Failure
29temp_fp16[0] and dim_data->output_npbst_.getBurst(0).fp16Data_[i] (0 and 6.86328125) are not same 0 18141

src/tests/KernelTestCases.cpp:52: Failure
30temp_fp16[0] and dim_data->output_npbst_.getBurst(0).fp16Data_[i] (0 and 14.2578125) are not same 0 19233

src/tests/KernelTestCases.cpp:52: Failure
31temp_fp16[0] and dim_data->output_npbst_.getBurst(0).fp16Data_[i] (0 and 31.203125) are not same 0 20429

src/tests/KernelTestCases.cpp:52: Failure
32temp_fp16[0] and dim_data->output_npbst_.getBurst(0).fp16Data_[i] (0 and 24.21875) are not same 0 19982

src/tests/KernelTestCases.cpp:52: Failure
33temp_fp16[0] and dim_data->output_npbst_.getBurst(0).fp16Data_[i] (0 and 9.765625) are not same 0 18658

src/tests/KernelTestCases.cpp:52: Failure
34temp_fp16[0] and dim_data->output_npbst_.getBurst(0).fp16Data_[i] (0 and 14.1328125) are not same 0 19217

src/tests/KernelTestCases.cpp:52: Failure
35temp_fp16[0] and dim_data->output_npbst_.getBurst(0).fp16Data_[i] (0 and -14.8515625) are not same 0 52077

src/tests/KernelTestCases.cpp:52: Failure
36temp_fp16[0] and dim_data->output_npbst_.getBurst(0).fp16Data_[i] (0 and 53.8125) are not same 0 21178

src/tests/KernelTestCases.cpp:52: Failure
37temp_fp16[0] and dim_data->output_npbst_.getBurst(0).fp16Data_[i] (0 and -23.59375) are not same 0 52710

src/tests/KernelTestCases.cpp:52: Failure
40temp_fp16[0] and dim_data->output_npbst_.getBurst(0).fp16Data_[i] (0 and 54.96875) are not same 0 21215

src/tests/KernelTestCases.cpp:52: Failure
41temp_fp16[0] and dim_data->output_npbst_.getBurst(0).fp16Data_[i] (0 and 24.390625) are not same 0 19993

src/tests/KernelTestCases.cpp:52: Failure
42temp_fp16[0] and dim_data->output_npbst_.getBurst(0).fp16Data_[i] (0 and -32.65625) are not same 0 53269

src/tests/KernelTestCases.cpp:52: Failure
43temp_fp16[0] and dim_data->output_npbst_.getBurst(0).fp16Data_[i] (0 and -11.640625) are not same 0 51666

src/tests/KernelTestCases.cpp:52: Failure
44temp_fp16[0] and dim_data->output_npbst_.getBurst(0).fp16Data_[i] (0 and 50.09375) are not same 0 21059

src/tests/KernelTestCases.cpp:52: Failure
45temp_fp16[0] and dim_data->output_npbst_.getBurst(0).fp16Data_[i] (0 and 45.875) are not same 0 20924

src/tests/KernelTestCases.cpp:52: Failure
46temp_fp16[0] and dim_data->output_npbst_.getBurst(0).fp16Data_[i] (0 and -14.390625) are not same 0 52018

src/tests/KernelTestCases.cpp:52: Failure
47temp_fp16[0] and dim_data->output_npbst_.getBurst(0).fp16Data_[i] (0 and -41.125) are not same 0 53540

src/tests/KernelTestCases.cpp:52: Failure
48temp_fp16[0] and dim_data->output_npbst_.getBurst(0).fp16Data_[i] (0 and 29.390625) are not same 0 20313

src/tests/KernelTestCases.cpp:52: Failure
49temp_fp16[0] and dim_data->output_npbst_.getBurst(0).fp16Data_[i] (0 and 76.25) are not same 0 21700

src/tests/KernelTestCases.cpp:52: Failure
50temp_fp16[0] and dim_data->output_npbst_.getBurst(0).fp16Data_[i] (0 and 54.3125) are not same 0 21194

src/tests/KernelTestCases.cpp:52: Failure
51temp_fp16[0] and dim_data->output_npbst_.getBurst(0).fp16Data_[i] (0 and -21.1875) are not same 0 52556

src/tests/KernelTestCases.cpp:52: Failure
52temp_fp16[0] and dim_data->output_npbst_.getBurst(0).fp16Data_[i] (0 and 17.671875) are not same 0 19563

src/tests/KernelTestCases.cpp:52: Failure
53temp_fp16[0] and dim_data->output_npbst_.getBurst(0).fp16Data_[i] (0 and 13.140625) are not same 0 19090

src/tests/KernelTestCases.cpp:52: Failure
54temp_fp16[0] and dim_data->output_npbst_.getBurst(0).fp16Data_[i] (0 and -41.34375) are not same 0 53547

src/tests/KernelTestCases.cpp:52: Failure
55temp_fp16[0] and dim_data->output_npbst_.getBurst(0).fp16Data_[i] (0 and 4.35546875) are not same 0 17499

src/tests/KernelTestCases.cpp:52: Failure
56temp_fp16[0] and dim_data->output_npbst_.getBurst(0).fp16Data_[i] (0 and -12.4296875) are not same 0 51767

src/tests/KernelTestCases.cpp:52: Failure
57temp_fp16[0] and dim_data->output_npbst_.getBurst(0).fp16Data_[i] (0 and -1.455078125) are not same 0 48594

src/tests/KernelTestCases.cpp:52: Failure
58temp_fp16[0] and dim_data->output_npbst_.getBurst(0).fp16Data_[i] (0 and 34.625) are not same 0 20564

src/tests/KernelTestCases.cpp:52: Failure
59temp_fp16[0] and dim_data->output_npbst_.getBurst(0).fp16Data_[i] (0 and 6.03515625) are not same 0 17929

src/tests/KernelTestCases.cpp:52: Failure
60temp_fp16[0] and dim_data->output_npbst_.getBurst(0).fp16Data_[i] (0 and -25.71875) are not same 0 52846

src/tests/KernelTestCases.cpp:52: Failure
61temp_fp16[0] and dim_data->output_npbst_.getBurst(0).fp16Data_[i] (0 and -9.8671875) are not same 0 51439

src/tests/KernelTestCases.cpp:52: Failure
62temp_fp16[0] and dim_data->output_npbst_.getBurst(0).fp16Data_[i] (0 and 18.21875) are not same 0 19598

src/tests/KernelTestCases.cpp:52: Failure
63temp_fp16[0] and dim_data->output_npbst_.getBurst(0).fp16Data_[i] (0 and -10.6875) are not same 0 51544

src/tests/KernelTestCases.cpp:52: Failure
64temp_fp16[0] and dim_data->output_npbst_.getBurst(0).fp16Data_[i] (0 and 11.640625) are not same 0 18898

src/tests/KernelTestCases.cpp:52: Failure
65temp_fp16[0] and dim_data->output_npbst_.getBurst(0).fp16Data_[i] (0 and 26.84375) are not same 0 20150

src/tests/KernelTestCases.cpp:52: Failure
66temp_fp16[0] and dim_data->output_npbst_.getBurst(0).fp16Data_[i] (0 and -29.109375) are not same 0 53063

src/tests/KernelTestCases.cpp:52: Failure
67temp_fp16[0] and dim_data->output_npbst_.getBurst(0).fp16Data_[i] (0 and 40.28125) are not same 0 20745

src/tests/KernelTestCases.cpp:52: Failure
68temp_fp16[0] and dim_data->output_npbst_.getBurst(0).fp16Data_[i] (0 and -4.08203125) are not same 0 50197

src/tests/KernelTestCases.cpp:52: Failure
69temp_fp16[0] and dim_data->output_npbst_.getBurst(0).fp16Data_[i] (0 and 50.5) are not same 0 21072

src/tests/KernelTestCases.cpp:52: Failure
70temp_fp16[0] and dim_data->output_npbst_.getBurst(0).fp16Data_[i] (0 and -38.125) are not same 0 53444

src/tests/KernelTestCases.cpp:52: Failure
71temp_fp16[0] and dim_data->output_npbst_.getBurst(0).fp16Data_[i] (0 and -23.15625) are not same 0 52682

src/tests/KernelTestCases.cpp:52: Failure
72temp_fp16[0] and dim_data->output_npbst_.getBurst(0).fp16Data_[i] (0 and -9.203125) are not same 0 51354

src/tests/KernelTestCases.cpp:52: Failure
73temp_fp16[0] and dim_data->output_npbst_.getBurst(0).fp16Data_[i] (0 and -20.0625) are not same 0 52484

src/tests/KernelTestCases.cpp:52: Failure
74temp_fp16[0] and dim_data->output_npbst_.getBurst(0).fp16Data_[i] (0 and 40.40625) are not same 0 20749

src/tests/KernelTestCases.cpp:52: Failure
75temp_fp16[0] and dim_data->output_npbst_.getBurst(0).fp16Data_[i] (0 and -16.015625) are not same 0 52225

src/tests/KernelTestCases.cpp:52: Failure
76temp_fp16[0] and dim_data->output_npbst_.getBurst(0).fp16Data_[i] (0 and 40.875) are not same 0 20764

src/tests/KernelTestCases.cpp:52: Failure
77temp_fp16[0] and dim_data->output_npbst_.getBurst(0).fp16Data_[i] (0 and 32.125) are not same 0 20484

src/tests/KernelTestCases.cpp:52: Failure
78temp_fp16[0] and dim_data->output_npbst_.getBurst(0).fp16Data_[i] (0 and -17.53125) are not same 0 52322

src/tests/KernelTestCases.cpp:52: Failure
79temp_fp16[0] and dim_data->output_npbst_.getBurst(0).fp16Data_[i] (0 and -29.53125) are not same 0 53090

src/tests/KernelTestCases.cpp:52: Failure
80temp_fp16[0] and dim_data->output_npbst_.getBurst(0).fp16Data_[i] (0 and 35.15625) are not same 0 20581

src/tests/KernelTestCases.cpp:52: Failure
81temp_fp16[0] and dim_data->output_npbst_.getBurst(0).fp16Data_[i] (0 and -17.296875) are not same 0 52307

src/tests/KernelTestCases.cpp:52: Failure
82temp_fp16[0] and dim_data->output_npbst_.getBurst(0).fp16Data_[i] (0 and 7.2890625) are not same 0 18250

src/tests/KernelTestCases.cpp:52: Failure
83temp_fp16[0] and dim_data->output_npbst_.getBurst(0).fp16Data_[i] (0 and 66.5) are not same 0 21544

src/tests/KernelTestCases.cpp:52: Failure
84temp_fp16[0] and dim_data->output_npbst_.getBurst(0).fp16Data_[i] (0 and -56.96875) are not same 0 54047

src/tests/KernelTestCases.cpp:52: Failure
85temp_fp16[0] and dim_data->output_npbst_.getBurst(0).fp16Data_[i] (0 and 7.44921875) are not same 0 18291

src/tests/KernelTestCases.cpp:52: Failure
86temp_fp16[0] and dim_data->output_npbst_.getBurst(0).fp16Data_[i] (0 and -2.677734375) are not same 0 49499

src/tests/KernelTestCases.cpp:52: Failure
87temp_fp16[0] and dim_data->output_npbst_.getBurst(0).fp16Data_[i] (0 and 4.49609375) are not same 0 17535

src/tests/KernelTestCases.cpp:52: Failure
88temp_fp16[0] and dim_data->output_npbst_.getBurst(0).fp16Data_[i] (0 and -21.984375) are not same 0 52607

src/tests/KernelTestCases.cpp:52: Failure
89temp_fp16[0] and dim_data->output_npbst_.getBurst(0).fp16Data_[i] (0 and 33.1875) are not same 0 20518

src/tests/KernelTestCases.cpp:52: Failure
90temp_fp16[0] and dim_data->output_npbst_.getBurst(0).fp16Data_[i] (0 and -36.53125) are not same 0 53393

src/tests/KernelTestCases.cpp:52: Failure
91temp_fp16[0] and dim_data->output_npbst_.getBurst(0).fp16Data_[i] (0 and -44.3125) are not same 0 53642

src/tests/KernelTestCases.cpp:52: Failure
92temp_fp16[0] and dim_data->output_npbst_.getBurst(0).fp16Data_[i] (0 and 5.578125) are not same 0 17812

src/tests/KernelTestCases.cpp:52: Failure
93temp_fp16[0] and dim_data->output_npbst_.getBurst(0).fp16Data_[i] (0 and -28.765625) are not same 0 53041

src/tests/KernelTestCases.cpp:52: Failure
94temp_fp16[0] and dim_data->output_npbst_.getBurst(0).fp16Data_[i] (0 and 56.4375) are not same 0 21262

src/tests/KernelTestCases.cpp:52: Failure
95temp_fp16[0] and dim_data->output_npbst_.getBurst(0).fp16Data_[i] (0 and -12.2421875) are not same 0 51743

src/tests/KernelTestCases.cpp:52: Failure
96temp_fp16[0] and dim_data->output_npbst_.getBurst(0).fp16Data_[i] (0 and -31.859375) are not same 0 53239

src/tests/KernelTestCases.cpp:52: Failure
97temp_fp16[0] and dim_data->output_npbst_.getBurst(0).fp16Data_[i] (0 and 62.4375) are not same 0 21454

src/tests/KernelTestCases.cpp:52: Failure
98temp_fp16[0] and dim_data->output_npbst_.getBurst(0).fp16Data_[i] (0 and 25.046875) are not same 0 20035

src/tests/KernelTestCases.cpp:52: Failure
99temp_fp16[0] and dim_data->output_npbst_.getBurst(0).fp16Data_[i] (0 and -32.5) are not same 0 53264

src/tests/KernelTestCases.cpp:52: Failure
100temp_fp16[0] and dim_data->output_npbst_.getBurst(0).fp16Data_[i] (0 and -18.015625) are not same 0 52353

src/tests/KernelTestCases.cpp:52: Failure
101temp_fp16[0] and dim_data->output_npbst_.getBurst(0).fp16Data_[i] (0 and -18.125) are not same 0 52360

src/tests/KernelTestCases.cpp:52: Failure
102temp_fp16[0] and dim_data->output_npbst_.getBurst(0).fp16Data_[i] (0 and 3.21875) are not same 0 17008

src/tests/KernelTestCases.cpp:52: Failure
103temp_fp16[0] and dim_data->output_npbst_.getBurst(0).fp16Data_[i] (0 and -52.28125) are not same 0 53897

src/tests/KernelTestCases.cpp:52: Failure
104temp_fp16[0] and dim_data->output_npbst_.getBurst(0).fp16Data_[i] (0 and 27.59375) are not same 0 20198

src/tests/KernelTestCases.cpp:52: Failure
105temp_fp16[0] and dim_data->output_npbst_.getBurst(0).fp16Data_[i] (0 and 51.5) are not same 0 21104

src/tests/KernelTestCases.cpp:52: Failure
106temp_fp16[0] and dim_data->output_npbst_.getBurst(0).fp16Data_[i] (0 and -12.734375) are not same 0 51806

src/tests/KernelTestCases.cpp:52: Failure
107temp_fp16[0] and dim_data->output_npbst_.getBurst(0).fp16Data_[i] (0 and 70.625) are not same 0 21610

src/tests/KernelTestCases.cpp:52: Failure
108temp_fp16[0] and dim_data->output_npbst_.getBurst(0).fp16Data_[i] (0 and 16.34375) are not same 0 19478

src/tests/KernelTestCases.cpp:52: Failure
109temp_fp16[0] and dim_data->output_npbst_.getBurst(0).fp16Data_[i] (0 and 13.3828125) are not same 0 19121

src/tests/KernelTestCases.cpp:52: Failure
110temp_fp16[0] and dim_data->output_npbst_.getBurst(0).fp16Data_[i] (0 and -14.3046875) are not same 0 52007

src/tests/KernelTestCases.cpp:52: Failure
111temp_fp16[0] and dim_data->output_npbst_.getBurst(0).fp16Data_[i] (0 and 22.453125) are not same 0 19869

src/tests/KernelTestCases.cpp:52: Failure
112temp_fp16[0] and dim_data->output_npbst_.getBurst(0).fp16Data_[i] (0 and 35.28125) are not same 0 20585

src/tests/KernelTestCases.cpp:52: Failure
113temp_fp16[0] and dim_data->output_npbst_.getBurst(0).fp16Data_[i] (0 and -36.28125) are not same 0 53385

src/tests/KernelTestCases.cpp:52: Failure
114temp_fp16[0] and dim_data->output_npbst_.getBurst(0).fp16Data_[i] (0 and -24.21875) are not same 0 52750

src/tests/KernelTestCases.cpp:52: Failure
115temp_fp16[0] and dim_data->output_npbst_.getBurst(0).fp16Data_[i] (0 and -85.5625) are not same 0 54617

src/tests/KernelTestCases.cpp:52: Failure
116temp_fp16[0] and dim_data->output_npbst_.getBurst(0).fp16Data_[i] (0 and 67.5) are not same 0 21560

src/tests/KernelTestCases.cpp:52: Failure
117temp_fp16[0] and dim_data->output_npbst_.getBurst(0).fp16Data_[i] (0 and 9.4453125) are not same 0 18617

src/tests/KernelTestCases.cpp:52: Failure
118temp_fp16[0] and dim_data->output_npbst_.getBurst(0).fp16Data_[i] (0 and 36.5625) are not same 0 20626

src/tests/KernelTestCases.cpp:52: Failure
119temp_fp16[0] and dim_data->output_npbst_.getBurst(0).fp16Data_[i] (0 and 17.703125) are not same 0 19565

src/tests/KernelTestCases.cpp:52: Failure
120temp_fp16[0] and dim_data->output_npbst_.getBurst(0).fp16Data_[i] (0 and -15.921875) are not same 0 52214

src/tests/KernelTestCases.cpp:52: Failure
121temp_fp16[0] and dim_data->output_npbst_.getBurst(0).fp16Data_[i] (0 and -27.25) are not same 0 52944

src/tests/KernelTestCases.cpp:52: Failure
122temp_fp16[0] and dim_data->output_npbst_.getBurst(0).fp16Data_[i] (0 and 39.03125) are not same 0 20705

src/tests/KernelTestCases.cpp:52: Failure
123temp_fp16[0] and dim_data->output_npbst_.getBurst(0).fp16Data_[i] (0 and -3.62890625) are not same 0 49986

src/tests/KernelTestCases.cpp:52: Failure
124temp_fp16[0] and dim_data->output_npbst_.getBurst(0).fp16Data_[i] (0 and -42.9375) are not same 0 53598

src/tests/KernelTestCases.cpp:52: Failure
125temp_fp16[0] and dim_data->output_npbst_.getBurst(0).fp16Data_[i] (0 and 34) are not same 0 20544

src/tests/KernelTestCases.cpp:52: Failure
126temp_fp16[0] and dim_data->output_npbst_.getBurst(0).fp16Data_[i] (0 and 15.1171875) are not same 0 19343

src/tests/KernelTestCases.cpp:52: Failure
127temp_fp16[0] and dim_data->output_npbst_.getBurst(0).fp16Data_[i] (0 and -19.09375) are not same 0 52422

src/tests/KernelTestCases.cpp:52: Failure
128temp_fp16[0] and dim_data->output_npbst_.getBurst(0).fp16Data_[i] (0 and 34.9375) are not same 0 20574

src/tests/KernelTestCases.cpp:52: Failure
130temp_fp16[0] and dim_data->output_npbst_.getBurst(0).fp16Data_[i] (0 and -12.78125) are not same 0 51812

src/tests/KernelTestCases.cpp:52: Failure
131temp_fp16[0] and dim_data->output_npbst_.getBurst(0).fp16Data_[i] (0 and 18.890625) are not same 0 19641

src/tests/KernelTestCases.cpp:52: Failure
132temp_fp16[0] and dim_data->output_npbst_.getBurst(0).fp16Data_[i] (0 and 23.046875) are not same 0 19907

src/tests/KernelTestCases.cpp:52: Failure
133temp_fp16[0] and dim_data->output_npbst_.getBurst(0).fp16Data_[i] (0 and 4.12109375) are not same 0 17439

src/tests/KernelTestCases.cpp:52: Failure
134temp_fp16[0] and dim_data->output_npbst_.getBurst(0).fp16Data_[i] (0 and 13.7890625) are not same 0 19173

src/tests/KernelTestCases.cpp:52: Failure
135temp_fp16[0] and dim_data->output_npbst_.getBurst(0).fp16Data_[i] (0 and 54.28125) are not same 0 21193

src/tests/KernelTestCases.cpp:52: Failure
136temp_fp16[0] and dim_data->output_npbst_.getBurst(0).fp16Data_[i] (0 and -56.09375) are not same 0 54019

src/tests/KernelTestCases.cpp:52: Failure
137temp_fp16[0] and dim_data->output_npbst_.getBurst(0).fp16Data_[i] (0 and 5.23046875) are not same 0 17723

src/tests/KernelTestCases.cpp:52: Failure
138temp_fp16[0] and dim_data->output_npbst_.getBurst(0).fp16Data_[i] (0 and -29.734375) are not same 0 53103

src/tests/KernelTestCases.cpp:52: Failure
139temp_fp16[0] and dim_data->output_npbst_.getBurst(0).fp16Data_[i] (0 and -21.15625) are not same 0 52554

src/tests/KernelTestCases.cpp:52: Failure
140temp_fp16[0] and dim_data->output_npbst_.getBurst(0).fp16Data_[i] (0 and -113.0625) are not same 0 55057

src/tests/KernelTestCases.cpp:52: Failure
141temp_fp16[0] and dim_data->output_npbst_.getBurst(0).fp16Data_[i] (0 and -42.8125) are not same 0 53594

src/tests/KernelTestCases.cpp:52: Failure
142temp_fp16[0] and dim_data->output_npbst_.getBurst(0).fp16Data_[i] (0 and -20.984375) are not same 0 52543

src/tests/KernelTestCases.cpp:52: Failure
143temp_fp16[0] and dim_data->output_npbst_.getBurst(0).fp16Data_[i] (0 and 25.84375) are not same 0 20086

src/tests/KernelTestCases.cpp:52: Failure
144temp_fp16[0] and dim_data->output_npbst_.getBurst(0).fp16Data_[i] (0 and -34.0625) are not same 0 53314

src/tests/KernelTestCases.cpp:52: Failure
145temp_fp16[0] and dim_data->output_npbst_.getBurst(0).fp16Data_[i] (0 and -34.46875) are not same 0 53327

src/tests/KernelTestCases.cpp:52: Failure
146temp_fp16[0] and dim_data->output_npbst_.getBurst(0).fp16Data_[i] (0 and -40.84375) are not same 0 53531

src/tests/KernelTestCases.cpp:52: Failure
147temp_fp16[0] and dim_data->output_npbst_.getBurst(0).fp16Data_[i] (0 and 53.40625) are not same 0 21165

src/tests/KernelTestCases.cpp:52: Failure
148temp_fp16[0] and dim_data->output_npbst_.getBurst(0).fp16Data_[i] (0 and 76.875) are not same 0 21710

src/tests/KernelTestCases.cpp:52: Failure
149temp_fp16[0] and dim_data->output_npbst_.getBurst(0).fp16Data_[i] (0 and 7.75390625) are not same 0 18369

src/tests/KernelTestCases.cpp:52: Failure
150temp_fp16[0] and dim_data->output_npbst_.getBurst(0).fp16Data_[i] (0 and -67.75) are not same 0 54332

src/tests/KernelTestCases.cpp:52: Failure
151temp_fp16[0] and dim_data->output_npbst_.getBurst(0).fp16Data_[i] (0 and -16.09375) are not same 0 52230

src/tests/KernelTestCases.cpp:52: Failure
152temp_fp16[0] and dim_data->output_npbst_.getBurst(0).fp16Data_[i] (0 and -16.859375) are not same 0 52279

src/tests/KernelTestCases.cpp:52: Failure
153temp_fp16[0] and dim_data->output_npbst_.getBurst(0).fp16Data_[i] (0 and -49.09375) are not same 0 53795

src/tests/KernelTestCases.cpp:52: Failure
154temp_fp16[0] and dim_data->output_npbst_.getBurst(0).fp16Data_[i] (0 and 49.8125) are not same 0 21050

src/tests/KernelTestCases.cpp:52: Failure
155temp_fp16[0] and dim_data->output_npbst_.getBurst(0).fp16Data_[i] (0 and -0.86083984375) are not same 0 47843

src/tests/KernelTestCases.cpp:52: Failure
156temp_fp16[0] and dim_data->output_npbst_.getBurst(0).fp16Data_[i] (0 and -15.109375) are not same 0 52110

src/tests/KernelTestCases.cpp:52: Failure
157temp_fp16[0] and dim_data->output_npbst_.getBurst(0).fp16Data_[i] (0 and 23.546875) are not same 0 19939

src/tests/KernelTestCases.cpp:52: Failure
158temp_fp16[0] and dim_data->output_npbst_.getBurst(0).fp16Data_[i] (0 and -37.9375) are not same 0 53438

src/tests/KernelTestCases.cpp:52: Failure
159temp_fp16[0] and dim_data->output_npbst_.getBurst(0).fp16Data_[i] (0 and 16.875) are not same 0 19512

src/tests/KernelTestCases.cpp:52: Failure
160temp_fp16[0] and dim_data->output_npbst_.getBurst(0).fp16Data_[i] (0 and -3.701171875) are not same 0 50023

src/tests/KernelTestCases.cpp:52: Failure
161temp_fp16[0] and dim_data->output_npbst_.getBurst(0).fp16Data_[i] (0 and 51.0625) are not same 0 21090

src/tests/KernelTestCases.cpp:52: Failure
162temp_fp16[0] and dim_data->output_npbst_.getBurst(0).fp16Data_[i] (0 and 0.81396484375) are not same 0 14979

src/tests/KernelTestCases.cpp:52: Failure
163temp_fp16[0] and dim_data->output_npbst_.getBurst(0).fp16Data_[i] (0 and 3.935546875) are not same 0 17375

src/tests/KernelTestCases.cpp:52: Failure
164temp_fp16[0] and dim_data->output_npbst_.getBurst(0).fp16Data_[i] (0 and -23.1875) are not same 0 52684

src/tests/KernelTestCases.cpp:52: Failure
165temp_fp16[0] and dim_data->output_npbst_.getBurst(0).fp16Data_[i] (0 and -25.8125) are not same 0 52852

src/tests/KernelTestCases.cpp:52: Failure
166temp_fp16[0] and dim_data->output_npbst_.getBurst(0).fp16Data_[i] (0 and 43.21875) are not same 0 20839

src/tests/KernelTestCases.cpp:52: Failure
167temp_fp16[0] and dim_data->output_npbst_.getBurst(0).fp16Data_[i] (0 and -8.65625) are not same 0 51284

src/tests/KernelTestCases.cpp:52: Failure
168temp_fp16[0] and dim_data->output_npbst_.getBurst(0).fp16Data_[i] (0 and -22.171875) are not same 0 52619

src/tests/KernelTestCases.cpp:52: Failure
169temp_fp16[0] and dim_data->output_npbst_.getBurst(0).fp16Data_[i] (0 and 7.33203125) are not same 0 18261

src/tests/KernelTestCases.cpp:52: Failure
170temp_fp16[0] and dim_data->output_npbst_.getBurst(0).fp16Data_[i] (0 and -51.875) are not same 0 53884

src/tests/KernelTestCases.cpp:52: Failure
171temp_fp16[0] and dim_data->output_npbst_.getBurst(0).fp16Data_[i] (0 and -22.140625) are not same 0 52617

src/tests/KernelTestCases.cpp:52: Failure
172temp_fp16[0] and dim_data->output_npbst_.getBurst(0).fp16Data_[i] (0 and -8.0703125) are not same 0 51209

src/tests/KernelTestCases.cpp:52: Failure
173temp_fp16[0] and dim_data->output_npbst_.getBurst(0).fp16Data_[i] (0 and -54.5) are not same 0 53968

src/tests/KernelTestCases.cpp:52: Failure
174temp_fp16[0] and dim_data->output_npbst_.getBurst(0).fp16Data_[i] (0 and -12.28125) are not same 0 51748

src/tests/KernelTestCases.cpp:52: Failure
175temp_fp16[0] and dim_data->output_npbst_.getBurst(0).fp16Data_[i] (0 and 23.75) are not same 0 19952

src/tests/KernelTestCases.cpp:52: Failure
176temp_fp16[0] and dim_data->output_npbst_.getBurst(0).fp16Data_[i] (0 and -15.484375) are not same 0 52158

src/tests/KernelTestCases.cpp:52: Failure
177temp_fp16[0] and dim_data->output_npbst_.getBurst(0).fp16Data_[i] (0 and -30.5625) are not same 0 53156

src/tests/KernelTestCases.cpp:52: Failure
178temp_fp16[0] and dim_data->output_npbst_.getBurst(0).fp16Data_[i] (0 and -10.484375) are not same 0 51518

src/tests/KernelTestCases.cpp:52: Failure
179temp_fp16[0] and dim_data->output_npbst_.getBurst(0).fp16Data_[i] (0 and 37.78125) are not same 0 20665

src/tests/KernelTestCases.cpp:52: Failure
180temp_fp16[0] and dim_data->output_npbst_.getBurst(0).fp16Data_[i] (0 and 45.875) are not same 0 20924

src/tests/KernelTestCases.cpp:52: Failure
181temp_fp16[0] and dim_data->output_npbst_.getBurst(0).fp16Data_[i] (0 and -74.125) are not same 0 54434

src/tests/KernelTestCases.cpp:52: Failure
182temp_fp16[0] and dim_data->output_npbst_.getBurst(0).fp16Data_[i] (0 and 20.140625) are not same 0 19721

src/tests/KernelTestCases.cpp:52: Failure
183temp_fp16[0] and dim_data->output_npbst_.getBurst(0).fp16Data_[i] (0 and -14.3828125) are not same 0 52017

src/tests/KernelTestCases.cpp:52: Failure
184temp_fp16[0] and dim_data->output_npbst_.getBurst(0).fp16Data_[i] (0 and -35.5) are not same 0 53360

src/tests/KernelTestCases.cpp:52: Failure
185temp_fp16[0] and dim_data->output_npbst_.getBurst(0).fp16Data_[i] (0 and -56.6875) are not same 0 54038

src/tests/KernelTestCases.cpp:52: Failure
186temp_fp16[0] and dim_data->output_npbst_.getBurst(0).fp16Data_[i] (0 and -37.1875) are not same 0 53414

src/tests/KernelTestCases.cpp:52: Failure
187temp_fp16[0] and dim_data->output_npbst_.getBurst(0).fp16Data_[i] (0 and 22.203125) are not same 0 19853

src/tests/KernelTestCases.cpp:52: Failure
188temp_fp16[0] and dim_data->output_npbst_.getBurst(0).fp16Data_[i] (0 and -1.58984375) are not same 0 48732

src/tests/KernelTestCases.cpp:52: Failure
189temp_fp16[0] and dim_data->output_npbst_.getBurst(0).fp16Data_[i] (0 and 3.4765625) are not same 0 17140

src/tests/KernelTestCases.cpp:52: Failure
190temp_fp16[0] and dim_data->output_npbst_.getBurst(0).fp16Data_[i] (0 and -25.171875) are not same 0 52811

src/tests/KernelTestCases.cpp:52: Failure
191temp_fp16[0] and dim_data->output_npbst_.getBurst(0).fp16Data_[i] (0 and 1.9248046875) are not same 0 16307

src/tests/KernelTestCases.cpp:52: Failure
192temp_fp16[0] and dim_data->output_npbst_.getBurst(0).fp16Data_[i] (0 and -19.421875) are not same 0 52443

src/tests/KernelTestCases.cpp:52: Failure
193temp_fp16[0] and dim_data->output_npbst_.getBurst(0).fp16Data_[i] (0 and 1.037109375) are not same 0 15398

src/tests/KernelTestCases.cpp:52: Failure
194temp_fp16[0] and dim_data->output_npbst_.getBurst(0).fp16Data_[i] (0 and -31.40625) are not same 0 53210

src/tests/KernelTestCases.cpp:52: Failure
195temp_fp16[0] and dim_data->output_npbst_.getBurst(0).fp16Data_[i] (0 and -28.796875) are not same 0 53043

src/tests/KernelTestCases.cpp:52: Failure
196temp_fp16[0] and dim_data->output_npbst_.getBurst(0).fp16Data_[i] (0 and 8.9296875) are not same 0 18551

src/tests/KernelTestCases.cpp:52: Failure
197temp_fp16[0] and dim_data->output_npbst_.getBurst(0).fp16Data_[i] (0 and -37.53125) are not same 0 53425

src/tests/KernelTestCases.cpp:52: Failure
198temp_fp16[0] and dim_data->output_npbst_.getBurst(0).fp16Data_[i] (0 and -11.09375) are not same 0 51596

src/tests/KernelTestCases.cpp:52: Failure
199temp_fp16[0] and dim_data->output_npbst_.getBurst(0).fp16Data_[i] (0 and 28.390625) are not same 0 20249

src/tests/KernelTestCases.cpp:52: Failure
200temp_fp16[0] and dim_data->output_npbst_.getBurst(0).fp16Data_[i] (0 and -21.859375) are not same 0 52599

src/tests/KernelTestCases.cpp:52: Failure
201temp_fp16[0] and dim_data->output_npbst_.getBurst(0).fp16Data_[i] (0 and 17.25) are not same 0 19536

src/tests/KernelTestCases.cpp:52: Failure
202temp_fp16[0] and dim_data->output_npbst_.getBurst(0).fp16Data_[i] (0 and 18.234375) are not same 0 19599

src/tests/KernelTestCases.cpp:52: Failure
203temp_fp16[0] and dim_data->output_npbst_.getBurst(0).fp16Data_[i] (0 and -13.890625) are not same 0 51954

src/tests/KernelTestCases.cpp:52: Failure
204temp_fp16[0] and dim_data->output_npbst_.getBurst(0).fp16Data_[i] (0 and -8.9609375) are not same 0 51323

src/tests/KernelTestCases.cpp:52: Failure
206temp_fp16[0] and dim_data->output_npbst_.getBurst(0).fp16Data_[i] (0 and 44.8125) are not same 0 20890

src/tests/KernelTestCases.cpp:52: Failure
207temp_fp16[0] and dim_data->output_npbst_.getBurst(0).fp16Data_[i] (0 and -15.875) are not same 0 52208

src/tests/KernelTestCases.cpp:52: Failure
208temp_fp16[0] and dim_data->output_npbst_.getBurst(0).fp16Data_[i] (0 and -5.8828125) are not same 0 50658

src/tests/KernelTestCases.cpp:52: Failure
209temp_fp16[0] and dim_data->output_npbst_.getBurst(0).fp16Data_[i] (0 and -8.3984375) are not same 0 51251

src/tests/KernelTestCases.cpp:52: Failure
210temp_fp16[0] and dim_data->output_npbst_.getBurst(0).fp16Data_[i] (0 and 27.703125) are not same 0 20205

src/tests/KernelTestCases.cpp:52: Failure
211temp_fp16[0] and dim_data->output_npbst_.getBurst(0).fp16Data_[i] (0 and 37.5625) are not same 0 20658

src/tests/KernelTestCases.cpp:52: Failure
212temp_fp16[0] and dim_data->output_npbst_.getBurst(0).fp16Data_[i] (0 and 55.71875) are not same 0 21239

src/tests/KernelTestCases.cpp:52: Failure
213temp_fp16[0] and dim_data->output_npbst_.getBurst(0).fp16Data_[i] (0 and -67.75) are not same 0 54332

src/tests/KernelTestCases.cpp:52: Failure
214temp_fp16[0] and dim_data->output_npbst_.getBurst(0).fp16Data_[i] (0 and -13.296875) are not same 0 51878

src/tests/KernelTestCases.cpp:52: Failure
215temp_fp16[0] and dim_data->output_npbst_.getBurst(0).fp16Data_[i] (0 and -39.09375) are not same 0 53475

src/tests/KernelTestCases.cpp:52: Failure
216temp_fp16[0] and dim_data->output_npbst_.getBurst(0).fp16Data_[i] (0 and 50.1875) are not same 0 21062

src/tests/KernelTestCases.cpp:52: Failure
217temp_fp16[0] and dim_data->output_npbst_.getBurst(0).fp16Data_[i] (0 and 4.140625) are not same 0 17444

src/tests/KernelTestCases.cpp:52: Failure
218temp_fp16[0] and dim_data->output_npbst_.getBurst(0).fp16Data_[i] (0 and -2.033203125) are not same 0 49169

src/tests/KernelTestCases.cpp:52: Failure
219temp_fp16[0] and dim_data->output_npbst_.getBurst(0).fp16Data_[i] (0 and 16.875) are not same 0 19512

src/tests/KernelTestCases.cpp:52: Failure
220temp_fp16[0] and dim_data->output_npbst_.getBurst(0).fp16Data_[i] (0 and 22.84375) are not same 0 19894

src/tests/KernelTestCases.cpp:52: Failure
221temp_fp16[0] and dim_data->output_npbst_.getBurst(0).fp16Data_[i] (0 and -64.75) are not same 0 54284

src/tests/KernelTestCases.cpp:52: Failure
222temp_fp16[0] and dim_data->output_npbst_.getBurst(0).fp16Data_[i] (0 and 32.28125) are not same 0 20489

src/tests/KernelTestCases.cpp:52: Failure
223temp_fp16[0] and dim_data->output_npbst_.getBurst(0).fp16Data_[i] (0 and 4.65234375) are not same 0 17575

src/tests/KernelTestCases.cpp:52: Failure
224temp_fp16[0] and dim_data->output_npbst_.getBurst(0).fp16Data_[i] (0 and -3.3203125) are not same 0 49828

src/tests/KernelTestCases.cpp:52: Failure
225temp_fp16[0] and dim_data->output_npbst_.getBurst(0).fp16Data_[i] (0 and -15.2421875) are not same 0 52127

src/tests/KernelTestCases.cpp:52: Failure
227temp_fp16[0] and dim_data->output_npbst_.getBurst(0).fp16Data_[i] (0 and -24.171875) are not same 0 52747

src/tests/KernelTestCases.cpp:52: Failure
228temp_fp16[0] and dim_data->output_npbst_.getBurst(0).fp16Data_[i] (0 and -50.375) are not same 0 53836

src/tests/KernelTestCases.cpp:52: Failure
229temp_fp16[0] and dim_data->output_npbst_.getBurst(0).fp16Data_[i] (0 and 12.2109375) are not same 0 18971

src/tests/KernelTestCases.cpp:52: Failure
230temp_fp16[0] and dim_data->output_npbst_.getBurst(0).fp16Data_[i] (0 and -10.4921875) are not same 0 51519

src/tests/KernelTestCases.cpp:52: Failure
231temp_fp16[0] and dim_data->output_npbst_.getBurst(0).fp16Data_[i] (0 and 28.609375) are not same 0 20263

src/tests/KernelTestCases.cpp:52: Failure
232temp_fp16[0] and dim_data->output_npbst_.getBurst(0).fp16Data_[i] (0 and -20.296875) are not same 0 52499

src/tests/KernelTestCases.cpp:52: Failure
233temp_fp16[0] and dim_data->output_npbst_.getBurst(0).fp16Data_[i] (0 and -29.734375) are not same 0 53103

src/tests/KernelTestCases.cpp:52: Failure
234temp_fp16[0] and dim_data->output_npbst_.getBurst(0).fp16Data_[i] (0 and -11.1796875) are not same 0 51607

src/tests/KernelTestCases.cpp:52: Failure
235temp_fp16[0] and dim_data->output_npbst_.getBurst(0).fp16Data_[i] (0 and -29.25) are not same 0 53072

src/tests/KernelTestCases.cpp:52: Failure
236temp_fp16[0] and dim_data->output_npbst_.getBurst(0).fp16Data_[i] (0 and -71.6875) are not same 0 54395

src/tests/KernelTestCases.cpp:52: Failure
237temp_fp16[0] and dim_data->output_npbst_.getBurst(0).fp16Data_[i] (0 and -9.265625) are not same 0 51362

src/tests/KernelTestCases.cpp:52: Failure
238temp_fp16[0] and dim_data->output_npbst_.getBurst(0).fp16Data_[i] (0 and -44.6875) are not same 0 53654

src/tests/KernelTestCases.cpp:52: Failure
239temp_fp16[0] and dim_data->output_npbst_.getBurst(0).fp16Data_[i] (0 and 92.875) are not same 0 21966

src/tests/KernelTestCases.cpp:52: Failure
240temp_fp16[0] and dim_data->output_npbst_.getBurst(0).fp16Data_[i] (0 and 8.4765625) are not same 0 18493

src/tests/KernelTestCases.cpp:52: Failure
241temp_fp16[0] and dim_data->output_npbst_.getBurst(0).fp16Data_[i] (0 and -16.109375) are not same 0 52231

src/tests/KernelTestCases.cpp:52: Failure
242temp_fp16[0] and dim_data->output_npbst_.getBurst(0).fp16Data_[i] (0 and 54.375) are not same 0 21196

src/tests/KernelTestCases.cpp:52: Failure
243temp_fp16[0] and dim_data->output_npbst_.getBurst(0).fp16Data_[i] (0 and 15.640625) are not same 0 19410

src/tests/KernelTestCases.cpp:52: Failure
244temp_fp16[0] and dim_data->output_npbst_.getBurst(0).fp16Data_[i] (0 and 25.828125) are not same 0 20085

src/tests/KernelTestCases.cpp:52: Failure
245temp_fp16[0] and dim_data->output_npbst_.getBurst(0).fp16Data_[i] (0 and 8.1484375) are not same 0 18451

src/tests/KernelTestCases.cpp:52: Failure
246temp_fp16[0] and dim_data->output_npbst_.getBurst(0).fp16Data_[i] (0 and 50.625) are not same 0 21076

src/tests/KernelTestCases.cpp:52: Failure
247temp_fp16[0] and dim_data->output_npbst_.getBurst(0).fp16Data_[i] (0 and -20.859375) are not same 0 52535

src/tests/KernelTestCases.cpp:52: Failure
248temp_fp16[0] and dim_data->output_npbst_.getBurst(0).fp16Data_[i] (0 and 7.75) are not same 0 18368

src/tests/KernelTestCases.cpp:52: Failure
249temp_fp16[0] and dim_data->output_npbst_.getBurst(0).fp16Data_[i] (0 and 4.078125) are not same 0 17428

src/tests/KernelTestCases.cpp:52: Failure
250temp_fp16[0] and dim_data->output_npbst_.getBurst(0).fp16Data_[i] (0 and 32.3125) are not same 0 20490

src/tests/KernelTestCases.cpp:52: Failure
251temp_fp16[0] and dim_data->output_npbst_.getBurst(0).fp16Data_[i] (0 and -8.75) are not same 0 51296

src/tests/KernelTestCases.cpp:52: Failure
252temp_fp16[0] and dim_data->output_npbst_.getBurst(0).fp16Data_[i] (0 and -4.5859375) are not same 0 50326

src/tests/KernelTestCases.cpp:52: Failure
253temp_fp16[0] and dim_data->output_npbst_.getBurst(0).fp16Data_[i] (0 and 7.7265625) are not same 0 18362

src/tests/KernelTestCases.cpp:52: Failure
254temp_fp16[0] and dim_data->output_npbst_.getBurst(0).fp16Data_[i] (0 and -14.8671875) are not same 0 52079

src/tests/KernelTestCases.cpp:52: Failure
255temp_fp16[0] and dim_data->output_npbst_.getBurst(0).fp16Data_[i] (0 and -35.875) are not same 0 53372

src/tests/KernelTestCases.cpp:52: Failure
256temp_fp16[0] and dim_data->output_npbst_.getBurst(0).fp16Data_[i] (0 and 9.609375) are not same 0 18638

src/tests/KernelTestCases.cpp:52: Failure
257temp_fp16[0] and dim_data->output_npbst_.getBurst(0).fp16Data_[i] (0 and -25.03125) are not same 0 52802

src/tests/KernelTestCases.cpp:52: Failure
258temp_fp16[0] and dim_data->output_npbst_.getBurst(0).fp16Data_[i] (0 and 38.34375) are not same 0 20683

src/tests/KernelTestCases.cpp:52: Failure
259temp_fp16[0] and dim_data->output_npbst_.getBurst(0).fp16Data_[i] (0 and 60.5625) are not same 0 21394

src/tests/KernelTestCases.cpp:52: Failure
260temp_fp16[0] and dim_data->output_npbst_.getBurst(0).fp16Data_[i] (0 and 12.9609375) are not same 0 19067

src/tests/KernelTestCases.cpp:52: Failure
261temp_fp16[0] and dim_data->output_npbst_.getBurst(0).fp16Data_[i] (0 and -38.4375) are not same 0 53454

src/tests/KernelTestCases.cpp:52: Failure
262temp_fp16[0] and dim_data->output_npbst_.getBurst(0).fp16Data_[i] (0 and 6.53125) are not same 0 18056

src/tests/KernelTestCases.cpp:52: Failure
263temp_fp16[0] and dim_data->output_npbst_.getBurst(0).fp16Data_[i] (0 and 44.15625) are not same 0 20869

src/tests/KernelTestCases.cpp:52: Failure
264temp_fp16[0] and dim_data->output_npbst_.getBurst(0).fp16Data_[i] (0 and 21.171875) are not same 0 19787

src/tests/KernelTestCases.cpp:52: Failure
265temp_fp16[0] and dim_data->output_npbst_.getBurst(0).fp16Data_[i] (0 and -15.7578125) are not same 0 52193

src/tests/KernelTestCases.cpp:52: Failure
266temp_fp16[0] and dim_data->output_npbst_.getBurst(0).fp16Data_[i] (0 and -17.0625) are not same 0 52292

src/tests/KernelTestCases.cpp:52: Failure
267temp_fp16[0] and dim_data->output_npbst_.getBurst(0).fp16Data_[i] (0 and -8.578125) are not same 0 51274

src/tests/KernelTestCases.cpp:52: Failure
268temp_fp16[0] and dim_data->output_npbst_.getBurst(0).fp16Data_[i] (0 and -31.640625) are not same 0 53225

src/tests/KernelTestCases.cpp:52: Failure
269temp_fp16[0] and dim_data->output_npbst_.getBurst(0).fp16Data_[i] (0 and -10.625) are not same 0 51536

src/tests/KernelTestCases.cpp:52: Failure
270temp_fp16[0] and dim_data->output_npbst_.getBurst(0).fp16Data_[i] (0 and 17.25) are not same 0 19536

src/tests/KernelTestCases.cpp:52: Failure
271temp_fp16[0] and dim_data->output_npbst_.getBurst(0).fp16Data_[i] (0 and 46.65625) are not same 0 20949

src/tests/KernelTestCases.cpp:52: Failure
272temp_fp16[0] and dim_data->output_npbst_.getBurst(0).fp16Data_[i] (0 and -46.25) are not same 0 53704

src/tests/KernelTestCases.cpp:52: Failure
273temp_fp16[0] and dim_data->output_npbst_.getBurst(0).fp16Data_[i] (0 and 1.341796875) are not same 0 15710

src/tests/KernelTestCases.cpp:52: Failure
274temp_fp16[0] and dim_data->output_npbst_.getBurst(0).fp16Data_[i] (0 and -5.01953125) are not same 0 50437

src/tests/KernelTestCases.cpp:52: Failure
275temp_fp16[0] and dim_data->output_npbst_.getBurst(0).fp16Data_[i] (0 and 55.4375) are not same 0 21230

src/tests/KernelTestCases.cpp:52: Failure
276temp_fp16[0] and dim_data->output_npbst_.getBurst(0).fp16Data_[i] (0 and 14.1640625) are not same 0 19221

src/tests/KernelTestCases.cpp:52: Failure
277temp_fp16[0] and dim_data->output_npbst_.getBurst(0).fp16Data_[i] (0 and 8.6640625) are not same 0 18517

src/tests/KernelTestCases.cpp:52: Failure
278temp_fp16[0] and dim_data->output_npbst_.getBurst(0).fp16Data_[i] (0 and 5.16015625) are not same 0 17705

src/tests/KernelTestCases.cpp:52: Failure
279temp_fp16[0] and dim_data->output_npbst_.getBurst(0).fp16Data_[i] (0 and -11.9765625) are not same 0 51709

src/tests/KernelTestCases.cpp:52: Failure
280temp_fp16[0] and dim_data->output_npbst_.getBurst(0).fp16Data_[i] (0 and 11.9140625) are not same 0 18933

src/tests/KernelTestCases.cpp:52: Failure
281temp_fp16[0] and dim_data->output_npbst_.getBurst(0).fp16Data_[i] (0 and -4.66796875) are not same 0 50347

src/tests/KernelTestCases.cpp:52: Failure
282temp_fp16[0] and dim_data->output_npbst_.getBurst(0).fp16Data_[i] (0 and 19.28125) are not same 0 19666

src/tests/KernelTestCases.cpp:52: Failure
283temp_fp16[0] and dim_data->output_npbst_.getBurst(0).fp16Data_[i] (0 and 31.8125) are not same 0 20468

src/tests/KernelTestCases.cpp:52: Failure
284temp_fp16[0] and dim_data->output_npbst_.getBurst(0).fp16Data_[i] (0 and -24.9375) are not same 0 52796

src/tests/KernelTestCases.cpp:52: Failure
285temp_fp16[0] and dim_data->output_npbst_.getBurst(0).fp16Data_[i] (0 and 46.125) are not same 0 20932

src/tests/KernelTestCases.cpp:52: Failure
286temp_fp16[0] and dim_data->output_npbst_.getBurst(0).fp16Data_[i] (0 and -67.25) are not same 0 54324

src/tests/KernelTestCases.cpp:52: Failure
287temp_fp16[0] and dim_data->output_npbst_.getBurst(0).fp16Data_[i] (0 and 20.109375) are not same 0 19719

src/tests/KernelTestCases.cpp:52: Failure
288temp_fp16[0] and dim_data->output_npbst_.getBurst(0).fp16Data_[i] (0 and 82.5625) are not same 0 21801

src/tests/KernelTestCases.cpp:52: Failure
289temp_fp16[0] and dim_data->output_npbst_.getBurst(0).fp16Data_[i] (0 and 58.125) are not same 0 21316

src/tests/KernelTestCases.cpp:52: Failure
290temp_fp16[0] and dim_data->output_npbst_.getBurst(0).fp16Data_[i] (0 and 18.59375) are not same 0 19622

src/tests/KernelTestCases.cpp:52: Failure
291temp_fp16[0] and dim_data->output_npbst_.getBurst(0).fp16Data_[i] (0 and 2.017578125) are not same 0 16393

src/tests/KernelTestCases.cpp:52: Failure
292temp_fp16[0] and dim_data->output_npbst_.getBurst(0).fp16Data_[i] (0 and -29.71875) are not same 0 53102

src/tests/KernelTestCases.cpp:52: Failure
293temp_fp16[0] and dim_data->output_npbst_.getBurst(0).fp16Data_[i] (0 and 10.5703125) are not same 0 18761

src/tests/KernelTestCases.cpp:52: Failure
294temp_fp16[0] and dim_data->output_npbst_.getBurst(0).fp16Data_[i] (0 and -50.5625) are not same 0 53842

src/tests/KernelTestCases.cpp:52: Failure
295temp_fp16[0] and dim_data->output_npbst_.getBurst(0).fp16Data_[i] (0 and 12.2578125) are not same 0 18977

src/tests/KernelTestCases.cpp:52: Failure
296temp_fp16[0] and dim_data->output_npbst_.getBurst(0).fp16Data_[i] (0 and 25.890625) are not same 0 20089

src/tests/KernelTestCases.cpp:52: Failure
297temp_fp16[0] and dim_data->output_npbst_.getBurst(0).fp16Data_[i] (0 and -45.8125) are not same 0 53690

src/tests/KernelTestCases.cpp:52: Failure
298temp_fp16[0] and dim_data->output_npbst_.getBurst(0).fp16Data_[i] (0 and -14.046875) are not same 0 51974

src/tests/KernelTestCases.cpp:52: Failure
299temp_fp16[0] and dim_data->output_npbst_.getBurst(0).fp16Data_[i] (0 and 23.25) are not same 0 19920

src/tests/KernelTestCases.cpp:52: Failure
300temp_fp16[0] and dim_data->output_npbst_.getBurst(0).fp16Data_[i] (0 and -5.28515625) are not same 0 50505

src/tests/KernelTestCases.cpp:52: Failure
301temp_fp16[0] and dim_data->output_npbst_.getBurst(0).fp16Data_[i] (0 and -33.21875) are not same 0 53287

src/tests/KernelTestCases.cpp:52: Failure
302temp_fp16[0] and dim_data->output_npbst_.getBurst(0).fp16Data_[i] (0 and 24.421875) are not same 0 19995

src/tests/KernelTestCases.cpp:52: Failure
303temp_fp16[0] and dim_data->output_npbst_.getBurst(0).fp16Data_[i] (0 and 41.28125) are not same 0 20777

src/tests/KernelTestCases.cpp:52: Failure
304temp_fp16[0] and dim_data->output_npbst_.getBurst(0).fp16Data_[i] (0 and -8.7890625) are not same 0 51301

src/tests/KernelTestCases.cpp:52: Failure
305temp_fp16[0] and dim_data->output_npbst_.getBurst(0).fp16Data_[i] (0 and 2.0625) are not same 0 16416

src/tests/KernelTestCases.cpp:52: Failure
306temp_fp16[0] and dim_data->output_npbst_.getBurst(0).fp16Data_[i] (0 and 22.90625) are not same 0 19898

src/tests/KernelTestCases.cpp:52: Failure
307temp_fp16[0] and dim_data->output_npbst_.getBurst(0).fp16Data_[i] (0 and 5.38671875) are not same 0 17763

src/tests/KernelTestCases.cpp:52: Failure
308temp_fp16[0] and dim_data->output_npbst_.getBurst(0).fp16Data_[i] (0 and 68.5) are not same 0 21576

src/tests/KernelTestCases.cpp:52: Failure
309temp_fp16[0] and dim_data->output_npbst_.getBurst(0).fp16Data_[i] (0 and 28.84375) are not same 0 20278

src/tests/KernelTestCases.cpp:52: Failure
310temp_fp16[0] and dim_data->output_npbst_.getBurst(0).fp16Data_[i] (0 and 51.1875) are not same 0 21094

src/tests/KernelTestCases.cpp:52: Failure
311temp_fp16[0] and dim_data->output_npbst_.getBurst(0).fp16Data_[i] (0 and 9.5703125) are not same 0 18633

src/tests/KernelTestCases.cpp:52: Failure
312temp_fp16[0] and dim_data->output_npbst_.getBurst(0).fp16Data_[i] (0 and -10.578125) are not same 0 51530

src/tests/KernelTestCases.cpp:52: Failure
313temp_fp16[0] and dim_data->output_npbst_.getBurst(0).fp16Data_[i] (0 and -33.1875) are not same 0 53286

src/tests/KernelTestCases.cpp:52: Failure
314temp_fp16[0] and dim_data->output_npbst_.getBurst(0).fp16Data_[i] (0 and -29.6875) are not same 0 53100

src/tests/KernelTestCases.cpp:52: Failure
315temp_fp16[0] and dim_data->output_npbst_.getBurst(0).fp16Data_[i] (0 and 21.703125) are not same 0 19821

src/tests/KernelTestCases.cpp:52: Failure
316temp_fp16[0] and dim_data->output_npbst_.getBurst(0).fp16Data_[i] (0 and 21.375) are not same 0 19800

src/tests/KernelTestCases.cpp:52: Failure
317temp_fp16[0] and dim_data->output_npbst_.getBurst(0).fp16Data_[i] (0 and -18.546875) are not same 0 52387

src/tests/KernelTestCases.cpp:52: Failure
318temp_fp16[0] and dim_data->output_npbst_.getBurst(0).fp16Data_[i] (0 and 4.328125) are not same 0 17492

src/tests/KernelTestCases.cpp:52: Failure
319temp_fp16[0] and dim_data->output_npbst_.getBurst(0).fp16Data_[i] (0 and -15.6484375) are not same 0 52179

src/tests/KernelTestCases.cpp:52: Failure
320temp_fp16[0] and dim_data->output_npbst_.getBurst(0).fp16Data_[i] (0 and -14.7578125) are not same 0 52065

src/tests/KernelTestCases.cpp:52: Failure
321temp_fp16[0] and dim_data->output_npbst_.getBurst(0).fp16Data_[i] (0 and -1.93359375) are not same 0 49084

src/tests/KernelTestCases.cpp:52: Failure
322temp_fp16[0] and dim_data->output_npbst_.getBurst(0).fp16Data_[i] (0 and -4.61328125) are not same 0 50333

src/tests/KernelTestCases.cpp:52: Failure
323temp_fp16[0] and dim_data->output_npbst_.getBurst(0).fp16Data_[i] (0 and 16.578125) are not same 0 19493

src/tests/KernelTestCases.cpp:52: Failure
324temp_fp16[0] and dim_data->output_npbst_.getBurst(0).fp16Data_[i] (0 and -36.15625) are not same 0 53381

src/tests/KernelTestCases.cpp:52: Failure
325temp_fp16[0] and dim_data->output_npbst_.getBurst(0).fp16Data_[i] (0 and -24) are not same 0 52736

src/tests/KernelTestCases.cpp:52: Failure
326temp_fp16[0] and dim_data->output_npbst_.getBurst(0).fp16Data_[i] (0 and 46.53125) are not same 0 20945

src/tests/KernelTestCases.cpp:52: Failure
327temp_fp16[0] and dim_data->output_npbst_.getBurst(0).fp16Data_[i] (0 and -12.90625) are not same 0 51828

src/tests/KernelTestCases.cpp:52: Failure
328temp_fp16[0] and dim_data->output_npbst_.getBurst(0).fp16Data_[i] (0 and 13.765625) are not same 0 19170

src/tests/KernelTestCases.cpp:52: Failure
329temp_fp16[0] and dim_data->output_npbst_.getBurst(0).fp16Data_[i] (0 and -4.9765625) are not same 0 50426

src/tests/KernelTestCases.cpp:52: Failure
330temp_fp16[0] and dim_data->output_npbst_.getBurst(0).fp16Data_[i] (0 and 26.03125) are not same 0 20098

src/tests/KernelTestCases.cpp:52: Failure
331temp_fp16[0] and dim_data->output_npbst_.getBurst(0).fp16Data_[i] (0 and -42.40625) are not same 0 53581

src/tests/KernelTestCases.cpp:52: Failure
332temp_fp16[0] and dim_data->output_npbst_.getBurst(0).fp16Data_[i] (0 and 9.4453125) are not same 0 18617

src/tests/KernelTestCases.cpp:52: Failure
333temp_fp16[0] and dim_data->output_npbst_.getBurst(0).fp16Data_[i] (0 and -27.4375) are not same 0 52956

src/tests/KernelTestCases.cpp:52: Failure
334temp_fp16[0] and dim_data->output_npbst_.getBurst(0).fp16Data_[i] (0 and 9.90625) are not same 0 18676

src/tests/KernelTestCases.cpp:52: Failure
335temp_fp16[0] and dim_data->output_npbst_.getBurst(0).fp16Data_[i] (0 and 51.9375) are not same 0 21118

src/tests/KernelTestCases.cpp:52: Failure
336temp_fp16[0] and dim_data->output_npbst_.getBurst(0).fp16Data_[i] (0 and 26.265625) are not same 0 20113

src/tests/KernelTestCases.cpp:52: Failure
337temp_fp16[0] and dim_data->output_npbst_.getBurst(0).fp16Data_[i] (0 and -7.0859375) are not same 0 50966

src/tests/KernelTestCases.cpp:52: Failure
338temp_fp16[0] and dim_data->output_npbst_.getBurst(0).fp16Data_[i] (0 and -10.5390625) are not same 0 51525

src/tests/KernelTestCases.cpp:52: Failure
339temp_fp16[0] and dim_data->output_npbst_.getBurst(0).fp16Data_[i] (0 and 7.578125) are not same 0 18324

src/tests/KernelTestCases.cpp:52: Failure
340temp_fp16[0] and dim_data->output_npbst_.getBurst(0).fp16Data_[i] (0 and -6.8671875) are not same 0 50910

src/tests/KernelTestCases.cpp:52: Failure
341temp_fp16[0] and dim_data->output_npbst_.getBurst(0).fp16Data_[i] (0 and 14.09375) are not same 0 19212

src/tests/KernelTestCases.cpp:52: Failure
342temp_fp16[0] and dim_data->output_npbst_.getBurst(0).fp16Data_[i] (0 and -15.125) are not same 0 52112

src/tests/KernelTestCases.cpp:52: Failure
343temp_fp16[0] and dim_data->output_npbst_.getBurst(0).fp16Data_[i] (0 and -29.5625) are not same 0 53092

src/tests/KernelTestCases.cpp:52: Failure
344temp_fp16[0] and dim_data->output_npbst_.getBurst(0).fp16Data_[i] (0 and 36.3125) are not same 0 20618

src/tests/KernelTestCases.cpp:52: Failure
345temp_fp16[0] and dim_data->output_npbst_.getBurst(0).fp16Data_[i] (0 and 47.25) are not same 0 20968

src/tests/KernelTestCases.cpp:52: Failure
346temp_fp16[0] and dim_data->output_npbst_.getBurst(0).fp16Data_[i] (0 and -1.3857421875) are not same 0 48523

src/tests/KernelTestCases.cpp:52: Failure
347temp_fp16[0] and dim_data->output_npbst_.getBurst(0).fp16Data_[i] (0 and 10.890625) are not same 0 18802

src/tests/KernelTestCases.cpp:52: Failure
348temp_fp16[0] and dim_data->output_npbst_.getBurst(0).fp16Data_[i] (0 and 22.359375) are not same 0 19863

src/tests/KernelTestCases.cpp:52: Failure
349temp_fp16[0] and dim_data->output_npbst_.getBurst(0).fp16Data_[i] (0 and 12.203125) are not same 0 18970

src/tests/KernelTestCases.cpp:52: Failure
350temp_fp16[0] and dim_data->output_npbst_.getBurst(0).fp16Data_[i] (0 and -14.8984375) are not same 0 52083

src/tests/KernelTestCases.cpp:52: Failure
351temp_fp16[0] and dim_data->output_npbst_.getBurst(0).fp16Data_[i] (0 and -45.25) are not same 0 53672

src/tests/KernelTestCases.cpp:52: Failure
352temp_fp16[0] and dim_data->output_npbst_.getBurst(0).fp16Data_[i] (0 and -29.890625) are not same 0 53113

src/tests/KernelTestCases.cpp:52: Failure
353temp_fp16[0] and dim_data->output_npbst_.getBurst(0).fp16Data_[i] (0 and -65.125) are not same 0 54290

src/tests/KernelTestCases.cpp:52: Failure
354temp_fp16[0] and dim_data->output_npbst_.getBurst(0).fp16Data_[i] (0 and 3.98828125) are not same 0 17402

src/tests/KernelTestCases.cpp:52: Failure
355temp_fp16[0] and dim_data->output_npbst_.getBurst(0).fp16Data_[i] (0 and 71.3125) are not same 0 21621

src/tests/KernelTestCases.cpp:52: Failure
356temp_fp16[0] and dim_data->output_npbst_.getBurst(0).fp16Data_[i] (0 and 10.109375) are not same 0 18702

src/tests/KernelTestCases.cpp:52: Failure
357temp_fp16[0] and dim_data->output_npbst_.getBurst(0).fp16Data_[i] (0 and 39.84375) are not same 0 20731

src/tests/KernelTestCases.cpp:52: Failure
358temp_fp16[0] and dim_data->output_npbst_.getBurst(0).fp16Data_[i] (0 and -36.03125) are not same 0 53377

src/tests/KernelTestCases.cpp:52: Failure
359temp_fp16[0] and dim_data->output_npbst_.getBurst(0).fp16Data_[i] (0 and -10.734375) are not same 0 51550

src/tests/KernelTestCases.cpp:52: Failure
360temp_fp16[0] and dim_data->output_npbst_.getBurst(0).fp16Data_[i] (0 and 34.8125) are not same 0 20570

src/tests/KernelTestCases.cpp:52: Failure
361temp_fp16[0] and dim_data->output_npbst_.getBurst(0).fp16Data_[i] (0 and 33.6875) are not same 0 20534

src/tests/KernelTestCases.cpp:52: Failure
362temp_fp16[0] and dim_data->output_npbst_.getBurst(0).fp16Data_[i] (0 and -34.59375) are not same 0 53331

src/tests/KernelTestCases.cpp:52: Failure
363temp_fp16[0] and dim_data->output_npbst_.getBurst(0).fp16Data_[i] (0 and 4.24609375) are not same 0 17471

src/tests/KernelTestCases.cpp:52: Failure
364temp_fp16[0] and dim_data->output_npbst_.getBurst(0).fp16Data_[i] (0 and 37.71875) are not same 0 20663

src/tests/KernelTestCases.cpp:52: Failure
365temp_fp16[0] and dim_data->output_npbst_.getBurst(0).fp16Data_[i] (0 and 19.296875) are not same 0 19667

src/tests/KernelTestCases.cpp:52: Failure
366temp_fp16[0] and dim_data->output_npbst_.getBurst(0).fp16Data_[i] (0 and -14.46875) are not same 0 52028

src/tests/KernelTestCases.cpp:52: Failure
367temp_fp16[0] and dim_data->output_npbst_.getBurst(0).fp16Data_[i] (0 and 19.453125) are not same 0 19677

src/tests/KernelTestCases.cpp:52: Failure
368temp_fp16[0] and dim_data->output_npbst_.getBurst(0).fp16Data_[i] (0 and 2.66796875) are not same 0 16726

src/tests/KernelTestCases.cpp:52: Failure
369temp_fp16[0] and dim_data->output_npbst_.getBurst(0).fp16Data_[i] (0 and -19.765625) are not same 0 52465

src/tests/KernelTestCases.cpp:52: Failure
370temp_fp16[0] and dim_data->output_npbst_.getBurst(0).fp16Data_[i] (0 and -20.328125) are not same 0 52501

src/tests/KernelTestCases.cpp:52: Failure
371temp_fp16[0] and dim_data->output_npbst_.getBurst(0).fp16Data_[i] (0 and -47.125) are not same 0 53732

src/tests/KernelTestCases.cpp:52: Failure
372temp_fp16[0] and dim_data->output_npbst_.getBurst(0).fp16Data_[i] (0 and 31.078125) are not same 0 20421

src/tests/KernelTestCases.cpp:52: Failure
373temp_fp16[0] and dim_data->output_npbst_.getBurst(0).fp16Data_[i] (0 and 57.75) are not same 0 21304

src/tests/KernelTestCases.cpp:52: Failure
374temp_fp16[0] and dim_data->output_npbst_.getBurst(0).fp16Data_[i] (0 and 46.65625) are not same 0 20949

src/tests/KernelTestCases.cpp:52: Failure
375temp_fp16[0] and dim_data->output_npbst_.getBurst(0).fp16Data_[i] (0 and -32) are not same 0 53248

src/tests/KernelTestCases.cpp:52: Failure
376temp_fp16[0] and dim_data->output_npbst_.getBurst(0).fp16Data_[i] (0 and -92.375) are not same 0 54726

src/tests/KernelTestCases.cpp:52: Failure
377temp_fp16[0] and dim_data->output_npbst_.getBurst(0).fp16Data_[i] (0 and 19.8125) are not same 0 19700

src/tests/KernelTestCases.cpp:52: Failure
378temp_fp16[0] and dim_data->output_npbst_.getBurst(0).fp16Data_[i] (0 and -9.3359375) are not same 0 51371

src/tests/KernelTestCases.cpp:52: Failure
379temp_fp16[0] and dim_data->output_npbst_.getBurst(0).fp16Data_[i] (0 and 19.21875) are not same 0 19662

src/tests/KernelTestCases.cpp:52: Failure
380temp_fp16[0] and dim_data->output_npbst_.getBurst(0).fp16Data_[i] (0 and -12.96875) are not same 0 51836

src/tests/KernelTestCases.cpp:52: Failure
381temp_fp16[0] and dim_data->output_npbst_.getBurst(0).fp16Data_[i] (0 and 66.9375) are not same 0 21551

src/tests/KernelTestCases.cpp:52: Failure
382temp_fp16[0] and dim_data->output_npbst_.getBurst(0).fp16Data_[i] (0 and 2.416015625) are not same 0 16597

src/tests/KernelTestCases.cpp:52: Failure
383temp_fp16[0] and dim_data->output_npbst_.getBurst(0).fp16Data_[i] (0 and 10.4765625) are not same 0 18749

src/tests/KernelTestCases.cpp:52: Failure
384temp_fp16[0] and dim_data->output_npbst_.getBurst(0).fp16Data_[i] (0 and 11.3203125) are not same 0 18857

src/tests/KernelTestCases.cpp:52: Failure
385temp_fp16[0] and dim_data->output_npbst_.getBurst(0).fp16Data_[i] (0 and 48.65625) are not same 0 21013

src/tests/KernelTestCases.cpp:52: Failure
386temp_fp16[0] and dim_data->output_npbst_.getBurst(0).fp16Data_[i] (0 and 34.65625) are not same 0 20565

src/tests/KernelTestCases.cpp:52: Failure
387temp_fp16[0] and dim_data->output_npbst_.getBurst(0).fp16Data_[i] (0 and -35.90625) are not same 0 53373

src/tests/KernelTestCases.cpp:52: Failure
388temp_fp16[0] and dim_data->output_npbst_.getBurst(0).fp16Data_[i] (0 and 25.203125) are not same 0 20045

src/tests/KernelTestCases.cpp:52: Failure
389temp_fp16[0] and dim_data->output_npbst_.getBurst(0).fp16Data_[i] (0 and 41.15625) are not same 0 20773

src/tests/KernelTestCases.cpp:52: Failure
390temp_fp16[0] and dim_data->output_npbst_.getBurst(0).fp16Data_[i] (0 and -37.96875) are not same 0 53439

src/tests/KernelTestCases.cpp:52: Failure
391temp_fp16[0] and dim_data->output_npbst_.getBurst(0).fp16Data_[i] (0 and 22.484375) are not same 0 19871

src/tests/KernelTestCases.cpp:52: Failure
392temp_fp16[0] and dim_data->output_npbst_.getBurst(0).fp16Data_[i] (0 and 22.671875) are not same 0 19883

src/tests/KernelTestCases.cpp:52: Failure
393temp_fp16[0] and dim_data->output_npbst_.getBurst(0).fp16Data_[i] (0 and 15.5859375) are not same 0 19403

src/tests/KernelTestCases.cpp:52: Failure
394temp_fp16[0] and dim_data->output_npbst_.getBurst(0).fp16Data_[i] (0 and -29.28125) are not same 0 53074

src/tests/KernelTestCases.cpp:52: Failure
395temp_fp16[0] and dim_data->output_npbst_.getBurst(0).fp16Data_[i] (0 and -6.6015625) are not same 0 50842

src/tests/KernelTestCases.cpp:52: Failure
396temp_fp16[0] and dim_data->output_npbst_.getBurst(0).fp16Data_[i] (0 and 47.15625) are not same 0 20965

src/tests/KernelTestCases.cpp:52: Failure
397temp_fp16[0] and dim_data->output_npbst_.getBurst(0).fp16Data_[i] (0 and -25.8125) are not same 0 52852

src/tests/KernelTestCases.cpp:52: Failure
398temp_fp16[0] and dim_data->output_npbst_.getBurst(0).fp16Data_[i] (0 and -13.171875) are not same 0 51862

src/tests/KernelTestCases.cpp:52: Failure
399temp_fp16[0] and dim_data->output_npbst_.getBurst(0).fp16Data_[i] (0 and 25.015625) are not same 0 20033

src/tests/KernelTestCases.cpp:52: Failure
400temp_fp16[0] and dim_data->output_npbst_.getBurst(0).fp16Data_[i] (0 and -7.6484375) are not same 0 51110

src/tests/KernelTestCases.cpp:52: Failure
401temp_fp16[0] and dim_data->output_npbst_.getBurst(0).fp16Data_[i] (0 and 1.103515625) are not same 0 15466

src/tests/KernelTestCases.cpp:52: Failure
402temp_fp16[0] and dim_data->output_npbst_.getBurst(0).fp16Data_[i] (0 and 26.28125) are not same 0 20114

src/tests/KernelTestCases.cpp:52: Failure
403temp_fp16[0] and dim_data->output_npbst_.getBurst(0).fp16Data_[i] (0 and -46.65625) are not same 0 53717

src/tests/KernelTestCases.cpp:52: Failure
404temp_fp16[0] and dim_data->output_npbst_.getBurst(0).fp16Data_[i] (0 and -63.625) are not same 0 54260

src/tests/KernelTestCases.cpp:52: Failure
405temp_fp16[0] and dim_data->output_npbst_.getBurst(0).fp16Data_[i] (0 and 46.09375) are not same 0 20931

src/tests/KernelTestCases.cpp:52: Failure
406temp_fp16[0] and dim_data->output_npbst_.getBurst(0).fp16Data_[i] (0 and 40.6875) are not same 0 20758

src/tests/KernelTestCases.cpp:52: Failure
407temp_fp16[0] and dim_data->output_npbst_.getBurst(0).fp16Data_[i] (0 and -40.53125) are not same 0 53521

src/tests/KernelTestCases.cpp:52: Failure
408temp_fp16[0] and dim_data->output_npbst_.getBurst(0).fp16Data_[i] (0 and 28.765625) are not same 0 20273

src/tests/KernelTestCases.cpp:52: Failure
409temp_fp16[0] and dim_data->output_npbst_.getBurst(0).fp16Data_[i] (0 and 11.359375) are not same 0 18862

src/tests/KernelTestCases.cpp:52: Failure
410temp_fp16[0] and dim_data->output_npbst_.getBurst(0).fp16Data_[i] (0 and 75.9375) are not same 0 21695

src/tests/KernelTestCases.cpp:52: Failure
411temp_fp16[0] and dim_data->output_npbst_.getBurst(0).fp16Data_[i] (0 and -1.630859375) are not same 0 48774

src/tests/KernelTestCases.cpp:52: Failure
412temp_fp16[0] and dim_data->output_npbst_.getBurst(0).fp16Data_[i] (0 and 43.53125) are not same 0 20849

src/tests/KernelTestCases.cpp:52: Failure
413temp_fp16[0] and dim_data->output_npbst_.getBurst(0).fp16Data_[i] (0 and 48.125) are not same 0 20996

src/tests/KernelTestCases.cpp:52: Failure
414temp_fp16[0] and dim_data->output_npbst_.getBurst(0).fp16Data_[i] (0 and -40.59375) are not same 0 53523

src/tests/KernelTestCases.cpp:52: Failure
415temp_fp16[0] and dim_data->output_npbst_.getBurst(0).fp16Data_[i] (0 and -1.525390625) are not same 0 48666

src/tests/KernelTestCases.cpp:52: Failure
416temp_fp16[0] and dim_data->output_npbst_.getBurst(0).fp16Data_[i] (0 and -23.765625) are not same 0 52721

src/tests/KernelTestCases.cpp:52: Failure
417temp_fp16[0] and dim_data->output_npbst_.getBurst(0).fp16Data_[i] (0 and -14.53125) are not same 0 52036

src/tests/KernelTestCases.cpp:52: Failure
418temp_fp16[0] and dim_data->output_npbst_.getBurst(0).fp16Data_[i] (0 and 35.375) are not same 0 20588

src/tests/KernelTestCases.cpp:52: Failure
419temp_fp16[0] and dim_data->output_npbst_.getBurst(0).fp16Data_[i] (0 and -9.4140625) are not same 0 51381

src/tests/KernelTestCases.cpp:52: Failure
420temp_fp16[0] and dim_data->output_npbst_.getBurst(0).fp16Data_[i] (0 and -21.484375) are not same 0 52575

src/tests/KernelTestCases.cpp:52: Failure
421temp_fp16[0] and dim_data->output_npbst_.getBurst(0).fp16Data_[i] (0 and -43.25) are not same 0 53608

src/tests/KernelTestCases.cpp:52: Failure
422temp_fp16[0] and dim_data->output_npbst_.getBurst(0).fp16Data_[i] (0 and 25.21875) are not same 0 20046

src/tests/KernelTestCases.cpp:52: Failure
424temp_fp16[0] and dim_data->output_npbst_.getBurst(0).fp16Data_[i] (0 and -46) are not same 0 53696

src/tests/KernelTestCases.cpp:52: Failure
425temp_fp16[0] and dim_data->output_npbst_.getBurst(0).fp16Data_[i] (0 and -13.8984375) are not same 0 51955

src/tests/KernelTestCases.cpp:52: Failure
426temp_fp16[0] and dim_data->output_npbst_.getBurst(0).fp16Data_[i] (0 and -10.734375) are not same 0 51550

src/tests/KernelTestCases.cpp:52: Failure
427temp_fp16[0] and dim_data->output_npbst_.getBurst(0).fp16Data_[i] (0 and 51.78125) are not same 0 21113

src/tests/KernelTestCases.cpp:52: Failure
428temp_fp16[0] and dim_data->output_npbst_.getBurst(0).fp16Data_[i] (0 and -9.4609375) are not same 0 51387

src/tests/KernelTestCases.cpp:52: Failure
430temp_fp16[0] and dim_data->output_npbst_.getBurst(0).fp16Data_[i] (0 and 61) are not same 0 21408

src/tests/KernelTestCases.cpp:52: Failure
431temp_fp16[0] and dim_data->output_npbst_.getBurst(0).fp16Data_[i] (0 and 18.765625) are not same 0 19633

src/tests/KernelTestCases.cpp:52: Failure
432temp_fp16[0] and dim_data->output_npbst_.getBurst(0).fp16Data_[i] (0 and 39.4375) are not same 0 20718

src/tests/KernelTestCases.cpp:52: Failure
433temp_fp16[0] and dim_data->output_npbst_.getBurst(0).fp16Data_[i] (0 and 13.59375) are not same 0 19148

src/tests/KernelTestCases.cpp:52: Failure
434temp_fp16[0] and dim_data->output_npbst_.getBurst(0).fp16Data_[i] (0 and -32.65625) are not same 0 53269

src/tests/KernelTestCases.cpp:52: Failure
435temp_fp16[0] and dim_data->output_npbst_.getBurst(0).fp16Data_[i] (0 and 47.09375) are not same 0 20963

src/tests/KernelTestCases.cpp:52: Failure
436temp_fp16[0] and dim_data->output_npbst_.getBurst(0).fp16Data_[i] (0 and -9.640625) are not same 0 51410

src/tests/KernelTestCases.cpp:52: Failure
437temp_fp16[0] and dim_data->output_npbst_.getBurst(0).fp16Data_[i] (0 and 6.41015625) are not same 0 18025

src/tests/KernelTestCases.cpp:52: Failure
438temp_fp16[0] and dim_data->output_npbst_.getBurst(0).fp16Data_[i] (0 and -29.234375) are not same 0 53071

src/tests/KernelTestCases.cpp:52: Failure
439temp_fp16[0] and dim_data->output_npbst_.getBurst(0).fp16Data_[i] (0 and 24.90625) are not same 0 20026

src/tests/KernelTestCases.cpp:52: Failure
440temp_fp16[0] and dim_data->output_npbst_.getBurst(0).fp16Data_[i] (0 and -4.6875) are not same 0 50352

src/tests/KernelTestCases.cpp:52: Failure
441temp_fp16[0] and dim_data->output_npbst_.getBurst(0).fp16Data_[i] (0 and 44.3125) are not same 0 20874

src/tests/KernelTestCases.cpp:52: Failure
442temp_fp16[0] and dim_data->output_npbst_.getBurst(0).fp16Data_[i] (0 and -12.1875) are not same 0 51736

src/tests/KernelTestCases.cpp:52: Failure
443temp_fp16[0] and dim_data->output_npbst_.getBurst(0).fp16Data_[i] (0 and -27.125) are not same 0 52936

src/tests/KernelTestCases.cpp:52: Failure
444temp_fp16[0] and dim_data->output_npbst_.getBurst(0).fp16Data_[i] (0 and -54.9375) are not same 0 53982

src/tests/KernelTestCases.cpp:52: Failure
445temp_fp16[0] and dim_data->output_npbst_.getBurst(0).fp16Data_[i] (0 and -24.46875) are not same 0 52766

src/tests/KernelTestCases.cpp:52: Failure
446temp_fp16[0] and dim_data->output_npbst_.getBurst(0).fp16Data_[i] (0 and 0.7958984375) are not same 0 14942

src/tests/KernelTestCases.cpp:52: Failure
447temp_fp16[0] and dim_data->output_npbst_.getBurst(0).fp16Data_[i] (0 and -13.875) are not same 0 51952

src/tests/KernelTestCases.cpp:52: Failure
448temp_fp16[0] and dim_data->output_npbst_.getBurst(0).fp16Data_[i] (0 and 21.359375) are not same 0 19799

src/tests/KernelTestCases.cpp:52: Failure
449temp_fp16[0] and dim_data->output_npbst_.getBurst(0).fp16Data_[i] (0 and 19.984375) are not same 0 19711

src/tests/KernelTestCases.cpp:52: Failure
451temp_fp16[0] and dim_data->output_npbst_.getBurst(0).fp16Data_[i] (0 and -1.7080078125) are not same 0 48853

src/tests/KernelTestCases.cpp:52: Failure
452temp_fp16[0] and dim_data->output_npbst_.getBurst(0).fp16Data_[i] (0 and -32.46875) are not same 0 53263

src/tests/KernelTestCases.cpp:52: Failure
453temp_fp16[0] and dim_data->output_npbst_.getBurst(0).fp16Data_[i] (0 and -26.40625) are not same 0 52890

src/tests/KernelTestCases.cpp:52: Failure
454temp_fp16[0] and dim_data->output_npbst_.getBurst(0).fp16Data_[i] (0 and 29.921875) are not same 0 20347

src/tests/KernelTestCases.cpp:52: Failure
455temp_fp16[0] and dim_data->output_npbst_.getBurst(0).fp16Data_[i] (0 and -19.8125) are not same 0 52468

src/tests/KernelTestCases.cpp:52: Failure
456temp_fp16[0] and dim_data->output_npbst_.getBurst(0).fp16Data_[i] (0 and 4.1484375) are not same 0 17446

src/tests/KernelTestCases.cpp:52: Failure
457temp_fp16[0] and dim_data->output_npbst_.getBurst(0).fp16Data_[i] (0 and 55.875) are not same 0 21244

src/tests/KernelTestCases.cpp:52: Failure
458temp_fp16[0] and dim_data->output_npbst_.getBurst(0).fp16Data_[i] (0 and 9.8671875) are not same 0 18671

src/tests/KernelTestCases.cpp:52: Failure
459temp_fp16[0] and dim_data->output_npbst_.getBurst(0).fp16Data_[i] (0 and -5.625) are not same 0 50592

src/tests/KernelTestCases.cpp:52: Failure
460temp_fp16[0] and dim_data->output_npbst_.getBurst(0).fp16Data_[i] (0 and 44.03125) are not same 0 20865

src/tests/KernelTestCases.cpp:52: Failure
461temp_fp16[0] and dim_data->output_npbst_.getBurst(0).fp16Data_[i] (0 and 113.625) are not same 0 22298

src/tests/KernelTestCases.cpp:52: Failure
462temp_fp16[0] and dim_data->output_npbst_.getBurst(0).fp16Data_[i] (0 and -27.046875) are not same 0 52931

src/tests/KernelTestCases.cpp:52: Failure
463temp_fp16[0] and dim_data->output_npbst_.getBurst(0).fp16Data_[i] (0 and -35.84375) are not same 0 53371

src/tests/KernelTestCases.cpp:52: Failure
464temp_fp16[0] and dim_data->output_npbst_.getBurst(0).fp16Data_[i] (0 and 1.072265625) are not same 0 15434

src/tests/KernelTestCases.cpp:52: Failure
465temp_fp16[0] and dim_data->output_npbst_.getBurst(0).fp16Data_[i] (0 and -30.328125) are not same 0 53141

src/tests/KernelTestCases.cpp:52: Failure
466temp_fp16[0] and dim_data->output_npbst_.getBurst(0).fp16Data_[i] (0 and -20.359375) are not same 0 52503

src/tests/KernelTestCases.cpp:52: Failure
467temp_fp16[0] and dim_data->output_npbst_.getBurst(0).fp16Data_[i] (0 and -26.03125) are not same 0 52866

src/tests/KernelTestCases.cpp:52: Failure
468temp_fp16[0] and dim_data->output_npbst_.getBurst(0).fp16Data_[i] (0 and 26.953125) are not same 0 20157

src/tests/KernelTestCases.cpp:52: Failure
469temp_fp16[0] and dim_data->output_npbst_.getBurst(0).fp16Data_[i] (0 and 44.46875) are not same 0 20879

src/tests/KernelTestCases.cpp:52: Failure
470temp_fp16[0] and dim_data->output_npbst_.getBurst(0).fp16Data_[i] (0 and 22.109375) are not same 0 19847

src/tests/KernelTestCases.cpp:52: Failure
471temp_fp16[0] and dim_data->output_npbst_.getBurst(0).fp16Data_[i] (0 and -2.009765625) are not same 0 49157

src/tests/KernelTestCases.cpp:52: Failure
472temp_fp16[0] and dim_data->output_npbst_.getBurst(0).fp16Data_[i] (0 and 8.9609375) are not same 0 18555

src/tests/KernelTestCases.cpp:52: Failure
473temp_fp16[0] and dim_data->output_npbst_.getBurst(0).fp16Data_[i] (0 and -10.234375) are not same 0 51486

src/tests/KernelTestCases.cpp:52: Failure
474temp_fp16[0] and dim_data->output_npbst_.getBurst(0).fp16Data_[i] (0 and -12.921875) are not same 0 51830

src/tests/KernelTestCases.cpp:52: Failure
476temp_fp16[0] and dim_data->output_npbst_.getBurst(0).fp16Data_[i] (0 and 25.8125) are not same 0 20084

src/tests/KernelTestCases.cpp:52: Failure
477temp_fp16[0] and dim_data->output_npbst_.getBurst(0).fp16Data_[i] (0 and 3.439453125) are not same 0 17121

src/tests/KernelTestCases.cpp:52: Failure
478temp_fp16[0] and dim_data->output_npbst_.getBurst(0).fp16Data_[i] (0 and -89.625) are not same 0 54682

src/tests/KernelTestCases.cpp:52: Failure
479temp_fp16[0] and dim_data->output_npbst_.getBurst(0).fp16Data_[i] (0 and 37.3125) are not same 0 20650

src/tests/KernelTestCases.cpp:52: Failure
480temp_fp16[0] and dim_data->output_npbst_.getBurst(0).fp16Data_[i] (0 and -3.09765625) are not same 0 49714

src/tests/KernelTestCases.cpp:52: Failure
481temp_fp16[0] and dim_data->output_npbst_.getBurst(0).fp16Data_[i] (0 and 19.703125) are not same 0 19693

src/tests/KernelTestCases.cpp:52: Failure
482temp_fp16[0] and dim_data->output_npbst_.getBurst(0).fp16Data_[i] (0 and -52.46875) are not same 0 53903

src/tests/KernelTestCases.cpp:52: Failure
483temp_fp16[0] and dim_data->output_npbst_.getBurst(0).fp16Data_[i] (0 and -25.984375) are not same 0 52863

src/tests/KernelTestCases.cpp:52: Failure
484temp_fp16[0] and dim_data->output_npbst_.getBurst(0).fp16Data_[i] (0 and 18.59375) are not same 0 19622

src/tests/KernelTestCases.cpp:52: Failure
485temp_fp16[0] and dim_data->output_npbst_.getBurst(0).fp16Data_[i] (0 and 20.28125) are not same 0 19730

src/tests/KernelTestCases.cpp:52: Failure
486temp_fp16[0] and dim_data->output_npbst_.getBurst(0).fp16Data_[i] (0 and -22.140625) are not same 0 52617

src/tests/KernelTestCases.cpp:52: Failure
487temp_fp16[0] and dim_data->output_npbst_.getBurst(0).fp16Data_[i] (0 and -40.25) are not same 0 53512

src/tests/KernelTestCases.cpp:52: Failure
488temp_fp16[0] and dim_data->output_npbst_.getBurst(0).fp16Data_[i] (0 and -39.59375) are not same 0 53491

src/tests/KernelTestCases.cpp:52: Failure
489temp_fp16[0] and dim_data->output_npbst_.getBurst(0).fp16Data_[i] (0 and 22.25) are not same 0 19856

src/tests/KernelTestCases.cpp:52: Failure
490temp_fp16[0] and dim_data->output_npbst_.getBurst(0).fp16Data_[i] (0 and 19.765625) are not same 0 19697

src/tests/KernelTestCases.cpp:52: Failure
491temp_fp16[0] and dim_data->output_npbst_.getBurst(0).fp16Data_[i] (0 and -5.75) are not same 0 50624

src/tests/KernelTestCases.cpp:52: Failure
492temp_fp16[0] and dim_data->output_npbst_.getBurst(0).fp16Data_[i] (0 and 56.53125) are not same 0 21265

src/tests/KernelTestCases.cpp:52: Failure
493temp_fp16[0] and dim_data->output_npbst_.getBurst(0).fp16Data_[i] (0 and 44.53125) are not same 0 20881

src/tests/KernelTestCases.cpp:52: Failure
494temp_fp16[0] and dim_data->output_npbst_.getBurst(0).fp16Data_[i] (0 and -24.953125) are not same 0 52797

src/tests/KernelTestCases.cpp:52: Failure
495temp_fp16[0] and dim_data->output_npbst_.getBurst(0).fp16Data_[i] (0 and 47.21875) are not same 0 20967

src/tests/KernelTestCases.cpp:52: Failure
496temp_fp16[0] and dim_data->output_npbst_.getBurst(0).fp16Data_[i] (0 and -0.95654296875) are not same 0 48039

src/tests/KernelTestCases.cpp:52: Failure
497temp_fp16[0] and dim_data->output_npbst_.getBurst(0).fp16Data_[i] (0 and -14.0703125) are not same 0 51977

src/tests/KernelTestCases.cpp:52: Failure
498temp_fp16[0] and dim_data->output_npbst_.getBurst(0).fp16Data_[i] (0 and 30.921875) are not same 0 20411

src/tests/KernelTestCases.cpp:52: Failure
499temp_fp16[0] and dim_data->output_npbst_.getBurst(0).fp16Data_[i] (0 and -18.84375) are not same 0 52406

src/tests/KernelTestCases.cpp:52: Failure
500temp_fp16[0] and dim_data->output_npbst_.getBurst(0).fp16Data_[i] (0 and -25.625) are not same 0 52840

src/tests/KernelTestCases.cpp:52: Failure
501temp_fp16[0] and dim_data->output_npbst_.getBurst(0).fp16Data_[i] (0 and -11.359375) are not same 0 51630

src/tests/KernelTestCases.cpp:52: Failure
502temp_fp16[0] and dim_data->output_npbst_.getBurst(0).fp16Data_[i] (0 and 30.90625) are not same 0 20410

src/tests/KernelTestCases.cpp:52: Failure
503temp_fp16[0] and dim_data->output_npbst_.getBurst(0).fp16Data_[i] (0 and 13.546875) are not same 0 19142

src/tests/KernelTestCases.cpp:52: Failure
504temp_fp16[0] and dim_data->output_npbst_.getBurst(0).fp16Data_[i] (0 and -52.78125) are not same 0 53913

src/tests/KernelTestCases.cpp:52: Failure
505temp_fp16[0] and dim_data->output_npbst_.getBurst(0).fp16Data_[i] (0 and -3.064453125) are not same 0 49697

src/tests/KernelTestCases.cpp:52: Failure
506temp_fp16[0] and dim_data->output_npbst_.getBurst(0).fp16Data_[i] (0 and 32.9375) are not same 0 20510

src/tests/KernelTestCases.cpp:52: Failure
507temp_fp16[0] and dim_data->output_npbst_.getBurst(0).fp16Data_[i] (0 and -35.46875) are not same 0 53359

src/tests/KernelTestCases.cpp:52: Failure
508temp_fp16[0] and dim_data->output_npbst_.getBurst(0).fp16Data_[i] (0 and -22.71875) are not same 0 52654

src/tests/KernelTestCases.cpp:52: Failure
509temp_fp16[0] and dim_data->output_npbst_.getBurst(0).fp16Data_[i] (0 and -13.75) are not same 0 51936

src/tests/KernelTestCases.cpp:52: Failure
510temp_fp16[0] and dim_data->output_npbst_.getBurst(0).fp16Data_[i] (0 and -6.88671875) are not same 0 50915

src/tests/KernelTestCases.cpp:52: Failure
511temp_fp16[0] and dim_data->output_npbst_.getBurst(0).fp16Data_[i] (0 and -30.859375) are not same 0 53175

src/tests/KernelTestCases.cpp:52: Failure
512temp_fp16[0] and dim_data->output_npbst_.getBurst(0).fp16Data_[i] (0 and -18.34375) are not same 0 52374

src/tests/KernelTestCases.cpp:52: Failure
513temp_fp16[0] and dim_data->output_npbst_.getBurst(0).fp16Data_[i] (0 and -24.234375) are not same 0 52751

src/tests/KernelTestCases.cpp:52: Failure
514temp_fp16[0] and dim_data->output_npbst_.getBurst(0).fp16Data_[i] (0 and 19.3125) are not same 0 19668

src/tests/KernelTestCases.cpp:52: Failure
515temp_fp16[0] and dim_data->output_npbst_.getBurst(0).fp16Data_[i] (0 and 38.375) are not same 0 20684

src/tests/KernelTestCases.cpp:52: Failure
516temp_fp16[0] and dim_data->output_npbst_.getBurst(0).fp16Data_[i] (0 and -22.5) are not same 0 52640

src/tests/KernelTestCases.cpp:52: Failure
517temp_fp16[0] and dim_data->output_npbst_.getBurst(0).fp16Data_[i] (0 and -38.375) are not same 0 53452

src/tests/KernelTestCases.cpp:52: Failure
518temp_fp16[0] and dim_data->output_npbst_.getBurst(0).fp16Data_[i] (0 and 29.671875) are not same 0 20331

src/tests/KernelTestCases.cpp:52: Failure
519temp_fp16[0] and dim_data->output_npbst_.getBurst(0).fp16Data_[i] (0 and -41.65625) are not same 0 53557

src/tests/KernelTestCases.cpp:52: Failure
520temp_fp16[0] and dim_data->output_npbst_.getBurst(0).fp16Data_[i] (0 and 42.375) are not same 0 20812

src/tests/KernelTestCases.cpp:52: Failure
521temp_fp16[0] and dim_data->output_npbst_.getBurst(0).fp16Data_[i] (0 and 5.72265625) are not same 0 17849

src/tests/KernelTestCases.cpp:52: Failure
522temp_fp16[0] and dim_data->output_npbst_.getBurst(0).fp16Data_[i] (0 and -3.603515625) are not same 0 49973

src/tests/KernelTestCases.cpp:52: Failure
523temp_fp16[0] and dim_data->output_npbst_.getBurst(0).fp16Data_[i] (0 and 28.9375) are not same 0 20284

src/tests/KernelTestCases.cpp:52: Failure
525temp_fp16[0] and dim_data->output_npbst_.getBurst(0).fp16Data_[i] (0 and -46.28125) are not same 0 53705

src/tests/KernelTestCases.cpp:52: Failure
526temp_fp16[0] and dim_data->output_npbst_.getBurst(0).fp16Data_[i] (0 and -45.875) are not same 0 53692

src/tests/KernelTestCases.cpp:52: Failure
527temp_fp16[0] and dim_data->output_npbst_.getBurst(0).fp16Data_[i] (0 and 18.765625) are not same 0 19633

src/tests/KernelTestCases.cpp:52: Failure
528temp_fp16[0] and dim_data->output_npbst_.getBurst(0).fp16Data_[i] (0 and -7.51953125) are not same 0 51077

src/tests/KernelTestCases.cpp:52: Failure
529temp_fp16[0] and dim_data->output_npbst_.getBurst(0).fp16Data_[i] (0 and -12.921875) are not same 0 51830

src/tests/KernelTestCases.cpp:52: Failure
530temp_fp16[0] and dim_data->output_npbst_.getBurst(0).fp16Data_[i] (0 and -59.21875) are not same 0 54119

src/tests/KernelTestCases.cpp:52: Failure
531temp_fp16[0] and dim_data->output_npbst_.getBurst(0).fp16Data_[i] (0 and -41.65625) are not same 0 53557

src/tests/KernelTestCases.cpp:52: Failure
532temp_fp16[0] and dim_data->output_npbst_.getBurst(0).fp16Data_[i] (0 and -13.9765625) are not same 0 51965

src/tests/KernelTestCases.cpp:52: Failure
533temp_fp16[0] and dim_data->output_npbst_.getBurst(0).fp16Data_[i] (0 and 17.75) are not same 0 19568

src/tests/KernelTestCases.cpp:52: Failure
534temp_fp16[0] and dim_data->output_npbst_.getBurst(0).fp16Data_[i] (0 and 7.65234375) are not same 0 18343

src/tests/KernelTestCases.cpp:52: Failure
535temp_fp16[0] and dim_data->output_npbst_.getBurst(0).fp16Data_[i] (0 and -2.099609375) are not same 0 49203

src/tests/KernelTestCases.cpp:52: Failure
536temp_fp16[0] and dim_data->output_npbst_.getBurst(0).fp16Data_[i] (0 and -14.84375) are not same 0 52076

src/tests/KernelTestCases.cpp:52: Failure
537temp_fp16[0] and dim_data->output_npbst_.getBurst(0).fp16Data_[i] (0 and 51.96875) are not same 0 21119

src/tests/KernelTestCases.cpp:52: Failure
538temp_fp16[0] and dim_data->output_npbst_.getBurst(0).fp16Data_[i] (0 and -33.4375) are not same 0 53294

src/tests/KernelTestCases.cpp:52: Failure
539temp_fp16[0] and dim_data->output_npbst_.getBurst(0).fp16Data_[i] (0 and 7.4453125) are not same 0 18290

src/tests/KernelTestCases.cpp:52: Failure
540temp_fp16[0] and dim_data->output_npbst_.getBurst(0).fp16Data_[i] (0 and 23.140625) are not same 0 19913

src/tests/KernelTestCases.cpp:52: Failure
541temp_fp16[0] and dim_data->output_npbst_.getBurst(0).fp16Data_[i] (0 and -11.8359375) are not same 0 51691

src/tests/KernelTestCases.cpp:52: Failure
542temp_fp16[0] and dim_data->output_npbst_.getBurst(0).fp16Data_[i] (0 and -5.29296875) are not same 0 50507

src/tests/KernelTestCases.cpp:52: Failure
544temp_fp16[0] and dim_data->output_npbst_.getBurst(0).fp16Data_[i] (0 and -55.96875) are not same 0 54015

src/tests/KernelTestCases.cpp:52: Failure
545temp_fp16[0] and dim_data->output_npbst_.getBurst(0).fp16Data_[i] (0 and 16.0625) are not same 0 19460

src/tests/KernelTestCases.cpp:52: Failure
546temp_fp16[0] and dim_data->output_npbst_.getBurst(0).fp16Data_[i] (0 and -44.21875) are not same 0 53639

src/tests/KernelTestCases.cpp:52: Failure
547temp_fp16[0] and dim_data->output_npbst_.getBurst(0).fp16Data_[i] (0 and 22.015625) are not same 0 19841

src/tests/KernelTestCases.cpp:52: Failure
548temp_fp16[0] and dim_data->output_npbst_.getBurst(0).fp16Data_[i] (0 and 16.265625) are not same 0 19473

src/tests/KernelTestCases.cpp:52: Failure
549temp_fp16[0] and dim_data->output_npbst_.getBurst(0).fp16Data_[i] (0 and 34.1875) are not same 0 20550

src/tests/KernelTestCases.cpp:52: Failure
550temp_fp16[0] and dim_data->output_npbst_.getBurst(0).fp16Data_[i] (0 and -2.677734375) are not same 0 49499

src/tests/KernelTestCases.cpp:52: Failure
552temp_fp16[0] and dim_data->output_npbst_.getBurst(0).fp16Data_[i] (0 and 15.3984375) are not same 0 19379

src/tests/KernelTestCases.cpp:52: Failure
553temp_fp16[0] and dim_data->output_npbst_.getBurst(0).fp16Data_[i] (0 and -36.21875) are not same 0 53383

src/tests/KernelTestCases.cpp:52: Failure
554temp_fp16[0] and dim_data->output_npbst_.getBurst(0).fp16Data_[i] (0 and -59.84375) are not same 0 54139

src/tests/KernelTestCases.cpp:52: Failure
555temp_fp16[0] and dim_data->output_npbst_.getBurst(0).fp16Data_[i] (0 and -38.46875) are not same 0 53455

src/tests/KernelTestCases.cpp:52: Failure
556temp_fp16[0] and dim_data->output_npbst_.getBurst(0).fp16Data_[i] (0 and -4.640625) are not same 0 50340

src/tests/KernelTestCases.cpp:52: Failure
557temp_fp16[0] and dim_data->output_npbst_.getBurst(0).fp16Data_[i] (0 and -42) are not same 0 53568

src/tests/KernelTestCases.cpp:52: Failure
558temp_fp16[0] and dim_data->output_npbst_.getBurst(0).fp16Data_[i] (0 and -59.21875) are not same 0 54119

src/tests/KernelTestCases.cpp:52: Failure
559temp_fp16[0] and dim_data->output_npbst_.getBurst(0).fp16Data_[i] (0 and -4.609375) are not same 0 50332

src/tests/KernelTestCases.cpp:52: Failure
560temp_fp16[0] and dim_data->output_npbst_.getBurst(0).fp16Data_[i] (0 and 35.03125) are not same 0 20577

src/tests/KernelTestCases.cpp:52: Failure
561temp_fp16[0] and dim_data->output_npbst_.getBurst(0).fp16Data_[i] (0 and -1.822265625) are not same 0 48970

src/tests/KernelTestCases.cpp:52: Failure
562temp_fp16[0] and dim_data->output_npbst_.getBurst(0).fp16Data_[i] (0 and -2.806640625) are not same 0 49565

src/tests/KernelTestCases.cpp:52: Failure
563temp_fp16[0] and dim_data->output_npbst_.getBurst(0).fp16Data_[i] (0 and 74.0625) are not same 0 21665

src/tests/KernelTestCases.cpp:52: Failure
564temp_fp16[0] and dim_data->output_npbst_.getBurst(0).fp16Data_[i] (0 and -27.78125) are not same 0 52978

src/tests/KernelTestCases.cpp:52: Failure
565temp_fp16[0] and dim_data->output_npbst_.getBurst(0).fp16Data_[i] (0 and 34.71875) are not same 0 20567

src/tests/KernelTestCases.cpp:52: Failure
566temp_fp16[0] and dim_data->output_npbst_.getBurst(0).fp16Data_[i] (0 and -30.359375) are not same 0 53143

src/tests/KernelTestCases.cpp:52: Failure
567temp_fp16[0] and dim_data->output_npbst_.getBurst(0).fp16Data_[i] (0 and 1.419921875) are not same 0 15790

src/tests/KernelTestCases.cpp:52: Failure
568temp_fp16[0] and dim_data->output_npbst_.getBurst(0).fp16Data_[i] (0 and 33.15625) are not same 0 20517

src/tests/KernelTestCases.cpp:52: Failure
569temp_fp16[0] and dim_data->output_npbst_.getBurst(0).fp16Data_[i] (0 and -23.015625) are not same 0 52673

src/tests/KernelTestCases.cpp:52: Failure
570temp_fp16[0] and dim_data->output_npbst_.getBurst(0).fp16Data_[i] (0 and -15.3046875) are not same 0 52135

src/tests/KernelTestCases.cpp:52: Failure
571temp_fp16[0] and dim_data->output_npbst_.getBurst(0).fp16Data_[i] (0 and 1.72265625) are not same 0 16100

src/tests/KernelTestCases.cpp:52: Failure
572temp_fp16[0] and dim_data->output_npbst_.getBurst(0).fp16Data_[i] (0 and -42.625) are not same 0 53588

src/tests/KernelTestCases.cpp:52: Failure
573temp_fp16[0] and dim_data->output_npbst_.getBurst(0).fp16Data_[i] (0 and -41.90625) are not same 0 53565

src/tests/KernelTestCases.cpp:52: Failure
574temp_fp16[0] and dim_data->output_npbst_.getBurst(0).fp16Data_[i] (0 and 35.03125) are not same 0 20577

src/tests/KernelTestCases.cpp:52: Failure
575temp_fp16[0] and dim_data->output_npbst_.getBurst(0).fp16Data_[i] (0 and -12.8046875) are not same 0 51815

src/tests/KernelTestCases.cpp:52: Failure
576temp_fp16[0] and dim_data->output_npbst_.getBurst(0).fp16Data_[i] (0 and -5.89453125) are not same 0 50661

src/tests/KernelTestCases.cpp:52: Failure
577temp_fp16[0] and dim_data->output_npbst_.getBurst(0).fp16Data_[i] (0 and 19.453125) are not same 0 19677

src/tests/KernelTestCases.cpp:52: Failure
578temp_fp16[0] and dim_data->output_npbst_.getBurst(0).fp16Data_[i] (0 and -19) are not same 0 52416

src/tests/KernelTestCases.cpp:52: Failure
579temp_fp16[0] and dim_data->output_npbst_.getBurst(0).fp16Data_[i] (0 and 16.3125) are not same 0 19476

src/tests/KernelTestCases.cpp:52: Failure
580temp_fp16[0] and dim_data->output_npbst_.getBurst(0).fp16Data_[i] (0 and -5.9765625) are not same 0 50682

src/tests/KernelTestCases.cpp:52: Failure
581temp_fp16[0] and dim_data->output_npbst_.getBurst(0).fp16Data_[i] (0 and 8.7734375) are not same 0 18531

src/tests/KernelTestCases.cpp:52: Failure
582temp_fp16[0] and dim_data->output_npbst_.getBurst(0).fp16Data_[i] (0 and -13.765625) are not same 0 51938

src/tests/KernelTestCases.cpp:52: Failure
583temp_fp16[0] and dim_data->output_npbst_.getBurst(0).fp16Data_[i] (0 and 1.65625) are not same 0 16032

src/tests/KernelTestCases.cpp:52: Failure
584temp_fp16[0] and dim_data->output_npbst_.getBurst(0).fp16Data_[i] (0 and 21.28125) are not same 0 19794

src/tests/KernelTestCases.cpp:52: Failure
585temp_fp16[0] and dim_data->output_npbst_.getBurst(0).fp16Data_[i] (0 and -44) are not same 0 53632

src/tests/KernelTestCases.cpp:52: Failure
586temp_fp16[0] and dim_data->output_npbst_.getBurst(0).fp16Data_[i] (0 and -24.53125) are not same 0 52770

src/tests/KernelTestCases.cpp:52: Failure
587temp_fp16[0] and dim_data->output_npbst_.getBurst(0).fp16Data_[i] (0 and -43.40625) are not same 0 53613

src/tests/KernelTestCases.cpp:52: Failure
588temp_fp16[0] and dim_data->output_npbst_.getBurst(0).fp16Data_[i] (0 and 28.1875) are not same 0 20236

src/tests/KernelTestCases.cpp:52: Failure
589temp_fp16[0] and dim_data->output_npbst_.getBurst(0).fp16Data_[i] (0 and -2.63671875) are not same 0 49478

src/tests/KernelTestCases.cpp:52: Failure
590temp_fp16[0] and dim_data->output_npbst_.getBurst(0).fp16Data_[i] (0 and -41.78125) are not same 0 53561

src/tests/KernelTestCases.cpp:52: Failure
591temp_fp16[0] and dim_data->output_npbst_.getBurst(0).fp16Data_[i] (0 and 3.74609375) are not same 0 17278

src/tests/KernelTestCases.cpp:52: Failure
592temp_fp16[0] and dim_data->output_npbst_.getBurst(0).fp16Data_[i] (0 and -26.5625) are not same 0 52900

src/tests/KernelTestCases.cpp:52: Failure
593temp_fp16[0] and dim_data->output_npbst_.getBurst(0).fp16Data_[i] (0 and -6.34375) are not same 0 50776

src/tests/KernelTestCases.cpp:52: Failure
594temp_fp16[0] and dim_data->output_npbst_.getBurst(0).fp16Data_[i] (0 and -8.96875) are not same 0 51324

src/tests/KernelTestCases.cpp:52: Failure
595temp_fp16[0] and dim_data->output_npbst_.getBurst(0).fp16Data_[i] (0 and -38.4375) are not same 0 53454

src/tests/KernelTestCases.cpp:52: Failure
596temp_fp16[0] and dim_data->output_npbst_.getBurst(0).fp16Data_[i] (0 and -9.3671875) are not same 0 51375

src/tests/KernelTestCases.cpp:52: Failure
597temp_fp16[0] and dim_data->output_npbst_.getBurst(0).fp16Data_[i] (0 and 18.765625) are not same 0 19633

src/tests/KernelTestCases.cpp:52: Failure
598temp_fp16[0] and dim_data->output_npbst_.getBurst(0).fp16Data_[i] (0 and 24.453125) are not same 0 19997

src/tests/KernelTestCases.cpp:52: Failure
599temp_fp16[0] and dim_data->output_npbst_.getBurst(0).fp16Data_[i] (0 and -8.328125) are not same 0 51242

src/tests/KernelTestCases.cpp:52: Failure
600temp_fp16[0] and dim_data->output_npbst_.getBurst(0).fp16Data_[i] (0 and -58.1875) are not same 0 54086

src/tests/KernelTestCases.cpp:52: Failure
601temp_fp16[0] and dim_data->output_npbst_.getBurst(0).fp16Data_[i] (0 and -14.5859375) are not same 0 52043

src/tests/KernelTestCases.cpp:52: Failure
602temp_fp16[0] and dim_data->output_npbst_.getBurst(0).fp16Data_[i] (0 and 42.90625) are not same 0 20829

src/tests/KernelTestCases.cpp:52: Failure
603temp_fp16[0] and dim_data->output_npbst_.getBurst(0).fp16Data_[i] (0 and -35.0625) are not same 0 53346

src/tests/KernelTestCases.cpp:52: Failure
604temp_fp16[0] and dim_data->output_npbst_.getBurst(0).fp16Data_[i] (0 and -5.61328125) are not same 0 50589

src/tests/KernelTestCases.cpp:52: Failure
605temp_fp16[0] and dim_data->output_npbst_.getBurst(0).fp16Data_[i] (0 and -25.53125) are not same 0 52834

src/tests/KernelTestCases.cpp:52: Failure
606temp_fp16[0] and dim_data->output_npbst_.getBurst(0).fp16Data_[i] (0 and 44.3125) are not same 0 20874

src/tests/KernelTestCases.cpp:52: Failure
607temp_fp16[0] and dim_data->output_npbst_.getBurst(0).fp16Data_[i] (0 and 17.03125) are not same 0 19522

src/tests/KernelTestCases.cpp:52: Failure
608temp_fp16[0] and dim_data->output_npbst_.getBurst(0).fp16Data_[i] (0 and 19.375) are not same 0 19672

src/tests/KernelTestCases.cpp:52: Failure
609temp_fp16[0] and dim_data->output_npbst_.getBurst(0).fp16Data_[i] (0 and -3.693359375) are not same 0 50019

src/tests/KernelTestCases.cpp:52: Failure
610temp_fp16[0] and dim_data->output_npbst_.getBurst(0).fp16Data_[i] (0 and 2.13671875) are not same 0 16454

src/tests/KernelTestCases.cpp:52: Failure
611temp_fp16[0] and dim_data->output_npbst_.getBurst(0).fp16Data_[i] (0 and 17.9375) are not same 0 19580

src/tests/KernelTestCases.cpp:52: Failure
612temp_fp16[0] and dim_data->output_npbst_.getBurst(0).fp16Data_[i] (0 and -16.5) are not same 0 52256

src/tests/KernelTestCases.cpp:52: Failure
613temp_fp16[0] and dim_data->output_npbst_.getBurst(0).fp16Data_[i] (0 and -37.28125) are not same 0 53417

src/tests/KernelTestCases.cpp:52: Failure
614temp_fp16[0] and dim_data->output_npbst_.getBurst(0).fp16Data_[i] (0 and -37.84375) are not same 0 53435

src/tests/KernelTestCases.cpp:52: Failure
615temp_fp16[0] and dim_data->output_npbst_.getBurst(0).fp16Data_[i] (0 and -45.96875) are not same 0 53695

src/tests/KernelTestCases.cpp:52: Failure
616temp_fp16[0] and dim_data->output_npbst_.getBurst(0).fp16Data_[i] (0 and -10.9765625) are not same 0 51581

src/tests/KernelTestCases.cpp:52: Failure
617temp_fp16[0] and dim_data->output_npbst_.getBurst(0).fp16Data_[i] (0 and 7.8125) are not same 0 18384

src/tests/KernelTestCases.cpp:52: Failure
618temp_fp16[0] and dim_data->output_npbst_.getBurst(0).fp16Data_[i] (0 and -18.546875) are not same 0 52387

src/tests/KernelTestCases.cpp:52: Failure
619temp_fp16[0] and dim_data->output_npbst_.getBurst(0).fp16Data_[i] (0 and 13.40625) are not same 0 19124

src/tests/KernelTestCases.cpp:52: Failure
620temp_fp16[0] and dim_data->output_npbst_.getBurst(0).fp16Data_[i] (0 and 72.5) are not same 0 21640

src/tests/KernelTestCases.cpp:52: Failure
621temp_fp16[0] and dim_data->output_npbst_.getBurst(0).fp16Data_[i] (0 and -13.9609375) are not same 0 51963

src/tests/KernelTestCases.cpp:52: Failure
622temp_fp16[0] and dim_data->output_npbst_.getBurst(0).fp16Data_[i] (0 and -55.21875) are not same 0 53991

src/tests/KernelTestCases.cpp:52: Failure
623temp_fp16[0] and dim_data->output_npbst_.getBurst(0).fp16Data_[i] (0 and -28.4375) are not same 0 53020

src/tests/KernelTestCases.cpp:52: Failure
624temp_fp16[0] and dim_data->output_npbst_.getBurst(0).fp16Data_[i] (0 and -8.2578125) are not same 0 51233

src/tests/KernelTestCases.cpp:52: Failure
625temp_fp16[0] and dim_data->output_npbst_.getBurst(0).fp16Data_[i] (0 and 42.75) are not same 0 20824

src/tests/KernelTestCases.cpp:52: Failure
626temp_fp16[0] and dim_data->output_npbst_.getBurst(0).fp16Data_[i] (0 and -43.03125) are not same 0 53601

src/tests/KernelTestCases.cpp:52: Failure
627temp_fp16[0] and dim_data->output_npbst_.getBurst(0).fp16Data_[i] (0 and -6.14453125) are not same 0 50725

src/tests/KernelTestCases.cpp:52: Failure
628temp_fp16[0] and dim_data->output_npbst_.getBurst(0).fp16Data_[i] (0 and 16.0625) are not same 0 19460

src/tests/KernelTestCases.cpp:52: Failure
629temp_fp16[0] and dim_data->output_npbst_.getBurst(0).fp16Data_[i] (0 and -34.875) are not same 0 53340

src/tests/KernelTestCases.cpp:52: Failure
630temp_fp16[0] and dim_data->output_npbst_.getBurst(0).fp16Data_[i] (0 and -31.328125) are not same 0 53205

src/tests/KernelTestCases.cpp:52: Failure
631temp_fp16[0] and dim_data->output_npbst_.getBurst(0).fp16Data_[i] (0 and 24.5625) are not same 0 20004

src/tests/KernelTestCases.cpp:52: Failure
632temp_fp16[0] and dim_data->output_npbst_.getBurst(0).fp16Data_[i] (0 and 32.40625) are not same 0 20493

src/tests/KernelTestCases.cpp:52: Failure
634temp_fp16[0] and dim_data->output_npbst_.getBurst(0).fp16Data_[i] (0 and 42.03125) are not same 0 20801

src/tests/KernelTestCases.cpp:52: Failure
635temp_fp16[0] and dim_data->output_npbst_.getBurst(0).fp16Data_[i] (0 and 6.546875) are not same 0 18060

src/tests/KernelTestCases.cpp:52: Failure
636temp_fp16[0] and dim_data->output_npbst_.getBurst(0).fp16Data_[i] (0 and 36.875) are not same 0 20636

src/tests/KernelTestCases.cpp:52: Failure
637temp_fp16[0] and dim_data->output_npbst_.getBurst(0).fp16Data_[i] (0 and -42.6875) are not same 0 53590

src/tests/KernelTestCases.cpp:52: Failure
638temp_fp16[0] and dim_data->output_npbst_.getBurst(0).fp16Data_[i] (0 and -4.0703125) are not same 0 50194

src/tests/KernelTestCases.cpp:52: Failure
639temp_fp16[0] and dim_data->output_npbst_.getBurst(0).fp16Data_[i] (0 and -1.8271484375) are not same 0 48975

src/tests/KernelTestCases.cpp:52: Failure
640temp_fp16[0] and dim_data->output_npbst_.getBurst(0).fp16Data_[i] (0 and 35.5625) are not same 0 20594

src/tests/KernelTestCases.cpp:52: Failure
643temp_fp16[0] and dim_data->output_npbst_.getBurst(0).fp16Data_[i] (0 and 52.90625) are not same 0 21149

src/tests/KernelTestCases.cpp:52: Failure
644temp_fp16[0] and dim_data->output_npbst_.getBurst(0).fp16Data_[i] (0 and 57.28125) are not same 0 21289

src/tests/KernelTestCases.cpp:52: Failure
645temp_fp16[0] and dim_data->output_npbst_.getBurst(0).fp16Data_[i] (0 and -40.40625) are not same 0 53517

src/tests/KernelTestCases.cpp:52: Failure
646temp_fp16[0] and dim_data->output_npbst_.getBurst(0).fp16Data_[i] (0 and -9.21875) are not same 0 51356

src/tests/KernelTestCases.cpp:52: Failure
647temp_fp16[0] and dim_data->output_npbst_.getBurst(0).fp16Data_[i] (0 and 10.234375) are not same 0 18718

src/tests/KernelTestCases.cpp:52: Failure
648temp_fp16[0] and dim_data->output_npbst_.getBurst(0).fp16Data_[i] (0 and -3.45703125) are not same 0 49898

src/tests/KernelTestCases.cpp:52: Failure
649temp_fp16[0] and dim_data->output_npbst_.getBurst(0).fp16Data_[i] (0 and -7.203125) are not same 0 50996

src/tests/KernelTestCases.cpp:52: Failure
650temp_fp16[0] and dim_data->output_npbst_.getBurst(0).fp16Data_[i] (0 and 33.03125) are not same 0 20513

src/tests/KernelTestCases.cpp:52: Failure
651temp_fp16[0] and dim_data->output_npbst_.getBurst(0).fp16Data_[i] (0 and -12.5078125) are not same 0 51777

src/tests/KernelTestCases.cpp:52: Failure
652temp_fp16[0] and dim_data->output_npbst_.getBurst(0).fp16Data_[i] (0 and 4.02734375) are not same 0 17415

src/tests/KernelTestCases.cpp:52: Failure
653temp_fp16[0] and dim_data->output_npbst_.getBurst(0).fp16Data_[i] (0 and 54.125) are not same 0 21188

src/tests/KernelTestCases.cpp:52: Failure
654temp_fp16[0] and dim_data->output_npbst_.getBurst(0).fp16Data_[i] (0 and 24.21875) are not same 0 19982

src/tests/KernelTestCases.cpp:52: Failure
655temp_fp16[0] and dim_data->output_npbst_.getBurst(0).fp16Data_[i] (0 and 6.828125) are not same 0 18132

src/tests/KernelTestCases.cpp:52: Failure
656temp_fp16[0] and dim_data->output_npbst_.getBurst(0).fp16Data_[i] (0 and 51.625) are not same 0 21108

src/tests/KernelTestCases.cpp:52: Failure
657temp_fp16[0] and dim_data->output_npbst_.getBurst(0).fp16Data_[i] (0 and 49.09375) are not same 0 21027

src/tests/KernelTestCases.cpp:52: Failure
658temp_fp16[0] and dim_data->output_npbst_.getBurst(0).fp16Data_[i] (0 and 2.962890625) are not same 0 16877

src/tests/KernelTestCases.cpp:52: Failure
659temp_fp16[0] and dim_data->output_npbst_.getBurst(0).fp16Data_[i] (0 and 11.84375) are not same 0 18924

src/tests/KernelTestCases.cpp:52: Failure
660temp_fp16[0] and dim_data->output_npbst_.getBurst(0).fp16Data_[i] (0 and -34.5) are not same 0 53328

src/tests/KernelTestCases.cpp:52: Failure
661temp_fp16[0] and dim_data->output_npbst_.getBurst(0).fp16Data_[i] (0 and 21.3125) are not same 0 19796

src/tests/KernelTestCases.cpp:52: Failure
663temp_fp16[0] and dim_data->output_npbst_.getBurst(0).fp16Data_[i] (0 and -16.9375) are not same 0 52284

src/tests/KernelTestCases.cpp:52: Failure
664temp_fp16[0] and dim_data->output_npbst_.getBurst(0).fp16Data_[i] (0 and 38.3125) are not same 0 20682

src/tests/KernelTestCases.cpp:52: Failure
665temp_fp16[0] and dim_data->output_npbst_.getBurst(0).fp16Data_[i] (0 and -16.484375) are not same 0 52255

src/tests/KernelTestCases.cpp:52: Failure
666temp_fp16[0] and dim_data->output_npbst_.getBurst(0).fp16Data_[i] (0 and -13.1484375) are not same 0 51859

src/tests/KernelTestCases.cpp:52: Failure
667temp_fp16[0] and dim_data->output_npbst_.getBurst(0).fp16Data_[i] (0 and 12.796875) are not same 0 19046

src/tests/KernelTestCases.cpp:52: Failure
668temp_fp16[0] and dim_data->output_npbst_.getBurst(0).fp16Data_[i] (0 and -21.46875) are not same 0 52574

src/tests/KernelTestCases.cpp:52: Failure
669temp_fp16[0] and dim_data->output_npbst_.getBurst(0).fp16Data_[i] (0 and -46.5) are not same 0 53712

src/tests/KernelTestCases.cpp:52: Failure
670temp_fp16[0] and dim_data->output_npbst_.getBurst(0).fp16Data_[i] (0 and 24.859375) are not same 0 20023

src/tests/KernelTestCases.cpp:52: Failure
671temp_fp16[0] and dim_data->output_npbst_.getBurst(0).fp16Data_[i] (0 and 1.51171875) are not same 0 15884

src/tests/KernelTestCases.cpp:52: Failure
672temp_fp16[0] and dim_data->output_npbst_.getBurst(0).fp16Data_[i] (0 and -43.03125) are not same 0 53601

src/tests/KernelTestCases.cpp:52: Failure
673temp_fp16[0] and dim_data->output_npbst_.getBurst(0).fp16Data_[i] (0 and -2.619140625) are not same 0 49469

src/tests/KernelTestCases.cpp:52: Failure
674temp_fp16[0] and dim_data->output_npbst_.getBurst(0).fp16Data_[i] (0 and 7.4921875) are not same 0 18302

src/tests/KernelTestCases.cpp:52: Failure
675temp_fp16[0] and dim_data->output_npbst_.getBurst(0).fp16Data_[i] (0 and -32.03125) are not same 0 53249

src/tests/KernelTestCases.cpp:52: Failure
676temp_fp16[0] and dim_data->output_npbst_.getBurst(0).fp16Data_[i] (0 and -2.31640625) are not same 0 49314

src/tests/KernelTestCases.cpp:52: Failure
677temp_fp16[0] and dim_data->output_npbst_.getBurst(0).fp16Data_[i] (0 and -3.5703125) are not same 0 49956

src/tests/KernelTestCases.cpp:52: Failure
679temp_fp16[0] and dim_data->output_npbst_.getBurst(0).fp16Data_[i] (0 and 67.25) are not same 0 21556

src/tests/KernelTestCases.cpp:52: Failure
680temp_fp16[0] and dim_data->output_npbst_.getBurst(0).fp16Data_[i] (0 and 33.46875) are not same 0 20527

src/tests/KernelTestCases.cpp:52: Failure
681temp_fp16[0] and dim_data->output_npbst_.getBurst(0).fp16Data_[i] (0 and 19.21875) are not same 0 19662

src/tests/KernelTestCases.cpp:52: Failure
682temp_fp16[0] and dim_data->output_npbst_.getBurst(0).fp16Data_[i] (0 and 28.828125) are not same 0 20277

src/tests/KernelTestCases.cpp:52: Failure
683temp_fp16[0] and dim_data->output_npbst_.getBurst(0).fp16Data_[i] (0 and -31.140625) are not same 0 53193

src/tests/KernelTestCases.cpp:52: Failure
684temp_fp16[0] and dim_data->output_npbst_.getBurst(0).fp16Data_[i] (0 and -16.03125) are not same 0 52226

src/tests/KernelTestCases.cpp:52: Failure
685temp_fp16[0] and dim_data->output_npbst_.getBurst(0).fp16Data_[i] (0 and 3.970703125) are not same 0 17393

src/tests/KernelTestCases.cpp:52: Failure
686temp_fp16[0] and dim_data->output_npbst_.getBurst(0).fp16Data_[i] (0 and 30.921875) are not same 0 20411

src/tests/KernelTestCases.cpp:52: Failure
687temp_fp16[0] and dim_data->output_npbst_.getBurst(0).fp16Data_[i] (0 and 5.8515625) are not same 0 17882

src/tests/KernelTestCases.cpp:52: Failure
688temp_fp16[0] and dim_data->output_npbst_.getBurst(0).fp16Data_[i] (0 and -25.765625) are not same 0 52849

src/tests/KernelTestCases.cpp:52: Failure
689temp_fp16[0] and dim_data->output_npbst_.getBurst(0).fp16Data_[i] (0 and 4.33203125) are not same 0 17493

src/tests/KernelTestCases.cpp:52: Failure
690temp_fp16[0] and dim_data->output_npbst_.getBurst(0).fp16Data_[i] (0 and 52.65625) are not same 0 21141

src/tests/KernelTestCases.cpp:52: Failure
691temp_fp16[0] and dim_data->output_npbst_.getBurst(0).fp16Data_[i] (0 and -41.90625) are not same 0 53565

src/tests/KernelTestCases.cpp:52: Failure
692temp_fp16[0] and dim_data->output_npbst_.getBurst(0).fp16Data_[i] (0 and -55.15625) are not same 0 53989

src/tests/KernelTestCases.cpp:52: Failure
693temp_fp16[0] and dim_data->output_npbst_.getBurst(0).fp16Data_[i] (0 and 4.05078125) are not same 0 17421

src/tests/KernelTestCases.cpp:52: Failure
694temp_fp16[0] and dim_data->output_npbst_.getBurst(0).fp16Data_[i] (0 and -11.875) are not same 0 51696

src/tests/KernelTestCases.cpp:52: Failure
695temp_fp16[0] and dim_data->output_npbst_.getBurst(0).fp16Data_[i] (0 and -16.703125) are not same 0 52269

src/tests/KernelTestCases.cpp:52: Failure
696temp_fp16[0] and dim_data->output_npbst_.getBurst(0).fp16Data_[i] (0 and 45.15625) are not same 0 20901

src/tests/KernelTestCases.cpp:52: Failure
697temp_fp16[0] and dim_data->output_npbst_.getBurst(0).fp16Data_[i] (0 and -14.359375) are not same 0 52014

src/tests/KernelTestCases.cpp:52: Failure
698temp_fp16[0] and dim_data->output_npbst_.getBurst(0).fp16Data_[i] (0 and 38.15625) are not same 0 20677

src/tests/KernelTestCases.cpp:52: Failure
699temp_fp16[0] and dim_data->output_npbst_.getBurst(0).fp16Data_[i] (0 and 47.6875) are not same 0 20982

src/tests/KernelTestCases.cpp:52: Failure
700temp_fp16[0] and dim_data->output_npbst_.getBurst(0).fp16Data_[i] (0 and 8.5234375) are not same 0 18499

src/tests/KernelTestCases.cpp:52: Failure
701temp_fp16[0] and dim_data->output_npbst_.getBurst(0).fp16Data_[i] (0 and -4.4765625) are not same 0 50298

src/tests/KernelTestCases.cpp:52: Failure
702temp_fp16[0] and dim_data->output_npbst_.getBurst(0).fp16Data_[i] (0 and -26.9375) are not same 0 52924

src/tests/KernelTestCases.cpp:52: Failure
703temp_fp16[0] and dim_data->output_npbst_.getBurst(0).fp16Data_[i] (0 and -19.09375) are not same 0 52422

src/tests/KernelTestCases.cpp:52: Failure
704temp_fp16[0] and dim_data->output_npbst_.getBurst(0).fp16Data_[i] (0 and 2.47265625) are not same 0 16626

src/tests/KernelTestCases.cpp:52: Failure
705temp_fp16[0] and dim_data->output_npbst_.getBurst(0).fp16Data_[i] (0 and -16.21875) are not same 0 52238

src/tests/KernelTestCases.cpp:52: Failure
706temp_fp16[0] and dim_data->output_npbst_.getBurst(0).fp16Data_[i] (0 and -1.4814453125) are not same 0 48621

src/tests/KernelTestCases.cpp:52: Failure
707temp_fp16[0] and dim_data->output_npbst_.getBurst(0).fp16Data_[i] (0 and -43) are not same 0 53600

src/tests/KernelTestCases.cpp:52: Failure
708temp_fp16[0] and dim_data->output_npbst_.getBurst(0).fp16Data_[i] (0 and 15.3359375) are not same 0 19371

src/tests/KernelTestCases.cpp:52: Failure
709temp_fp16[0] and dim_data->output_npbst_.getBurst(0).fp16Data_[i] (0 and -51.8125) are not same 0 53882

src/tests/KernelTestCases.cpp:52: Failure
710temp_fp16[0] and dim_data->output_npbst_.getBurst(0).fp16Data_[i] (0 and -46.96875) are not same 0 53727

src/tests/KernelTestCases.cpp:52: Failure
711temp_fp16[0] and dim_data->output_npbst_.getBurst(0).fp16Data_[i] (0 and 34.375) are not same 0 20556

src/tests/KernelTestCases.cpp:52: Failure
712temp_fp16[0] and dim_data->output_npbst_.getBurst(0).fp16Data_[i] (0 and 4.6328125) are not same 0 17570

src/tests/KernelTestCases.cpp:52: Failure
713temp_fp16[0] and dim_data->output_npbst_.getBurst(0).fp16Data_[i] (0 and 4.1796875) are not same 0 17454

src/tests/KernelTestCases.cpp:52: Failure
714temp_fp16[0] and dim_data->output_npbst_.getBurst(0).fp16Data_[i] (0 and 33.75) are not same 0 20536

src/tests/KernelTestCases.cpp:52: Failure
715temp_fp16[0] and dim_data->output_npbst_.getBurst(0).fp16Data_[i] (0 and 7.01953125) are not same 0 18181

src/tests/KernelTestCases.cpp:52: Failure
716temp_fp16[0] and dim_data->output_npbst_.getBurst(0).fp16Data_[i] (0 and -16.140625) are not same 0 52233

src/tests/KernelTestCases.cpp:52: Failure
718temp_fp16[0] and dim_data->output_npbst_.getBurst(0).fp16Data_[i] (0 and -1.4013671875) are not same 0 48539

src/tests/KernelTestCases.cpp:52: Failure
719temp_fp16[0] and dim_data->output_npbst_.getBurst(0).fp16Data_[i] (0 and 33.375) are not same 0 20524

src/tests/KernelTestCases.cpp:52: Failure
720temp_fp16[0] and dim_data->output_npbst_.getBurst(0).fp16Data_[i] (0 and 36.125) are not same 0 20612

src/tests/KernelTestCases.cpp:52: Failure
721temp_fp16[0] and dim_data->output_npbst_.getBurst(0).fp16Data_[i] (0 and 17.59375) are not same 0 19558

src/tests/KernelTestCases.cpp:52: Failure
722temp_fp16[0] and dim_data->output_npbst_.getBurst(0).fp16Data_[i] (0 and 23.125) are not same 0 19912

src/tests/KernelTestCases.cpp:52: Failure
723temp_fp16[0] and dim_data->output_npbst_.getBurst(0).fp16Data_[i] (0 and 18.671875) are not same 0 19627

src/tests/KernelTestCases.cpp:52: Failure
724temp_fp16[0] and dim_data->output_npbst_.getBurst(0).fp16Data_[i] (0 and 49.125) are not same 0 21028

src/tests/KernelTestCases.cpp:52: Failure
725temp_fp16[0] and dim_data->output_npbst_.getBurst(0).fp16Data_[i] (0 and -52.375) are not same 0 53900

src/tests/KernelTestCases.cpp:52: Failure
726temp_fp16[0] and dim_data->output_npbst_.getBurst(0).fp16Data_[i] (0 and 1.603515625) are not same 0 15978

src/tests/KernelTestCases.cpp:52: Failure
727temp_fp16[0] and dim_data->output_npbst_.getBurst(0).fp16Data_[i] (0 and -33.40625) are not same 0 53293

src/tests/KernelTestCases.cpp:52: Failure
728temp_fp16[0] and dim_data->output_npbst_.getBurst(0).fp16Data_[i] (0 and 41.46875) are not same 0 20783

src/tests/KernelTestCases.cpp:52: Failure
729temp_fp16[0] and dim_data->output_npbst_.getBurst(0).fp16Data_[i] (0 and 27.5625) are not same 0 20196

src/tests/KernelTestCases.cpp:52: Failure
730temp_fp16[0] and dim_data->output_npbst_.getBurst(0).fp16Data_[i] (0 and 11.734375) are not same 0 18910

src/tests/KernelTestCases.cpp:52: Failure
731temp_fp16[0] and dim_data->output_npbst_.getBurst(0).fp16Data_[i] (0 and 10.78125) are not same 0 18788

src/tests/KernelTestCases.cpp:52: Failure
732temp_fp16[0] and dim_data->output_npbst_.getBurst(0).fp16Data_[i] (0 and -27.265625) are not same 0 52945

src/tests/KernelTestCases.cpp:52: Failure
733temp_fp16[0] and dim_data->output_npbst_.getBurst(0).fp16Data_[i] (0 and 35) are not same 0 20576

src/tests/KernelTestCases.cpp:52: Failure
734temp_fp16[0] and dim_data->output_npbst_.getBurst(0).fp16Data_[i] (0 and -36) are not same 0 53376

src/tests/KernelTestCases.cpp:52: Failure
735temp_fp16[0] and dim_data->output_npbst_.getBurst(0).fp16Data_[i] (0 and -59.21875) are not same 0 54119

src/tests/KernelTestCases.cpp:52: Failure
736temp_fp16[0] and dim_data->output_npbst_.getBurst(0).fp16Data_[i] (0 and -13.3125) are not same 0 51880

src/tests/KernelTestCases.cpp:52: Failure
737temp_fp16[0] and dim_data->output_npbst_.getBurst(0).fp16Data_[i] (0 and -31.84375) are not same 0 53238

src/tests/KernelTestCases.cpp:52: Failure
738temp_fp16[0] and dim_data->output_npbst_.getBurst(0).fp16Data_[i] (0 and 3.02734375) are not same 0 16910

src/tests/KernelTestCases.cpp:52: Failure
739temp_fp16[0] and dim_data->output_npbst_.getBurst(0).fp16Data_[i] (0 and -15.90625) are not same 0 52212

src/tests/KernelTestCases.cpp:52: Failure
740temp_fp16[0] and dim_data->output_npbst_.getBurst(0).fp16Data_[i] (0 and 31.3125) are not same 0 20436

src/tests/KernelTestCases.cpp:52: Failure
741temp_fp16[0] and dim_data->output_npbst_.getBurst(0).fp16Data_[i] (0 and 30.90625) are not same 0 20410

src/tests/KernelTestCases.cpp:52: Failure
742temp_fp16[0] and dim_data->output_npbst_.getBurst(0).fp16Data_[i] (0 and 25.265625) are not same 0 20049

src/tests/KernelTestCases.cpp:52: Failure
743temp_fp16[0] and dim_data->output_npbst_.getBurst(0).fp16Data_[i] (0 and 85.125) are not same 0 21842

src/tests/KernelTestCases.cpp:52: Failure
744temp_fp16[0] and dim_data->output_npbst_.getBurst(0).fp16Data_[i] (0 and 6.00390625) are not same 0 17921

src/tests/KernelTestCases.cpp:52: Failure
745temp_fp16[0] and dim_data->output_npbst_.getBurst(0).fp16Data_[i] (0 and -8.1875) are not same 0 51224

src/tests/KernelTestCases.cpp:52: Failure
746temp_fp16[0] and dim_data->output_npbst_.getBurst(0).fp16Data_[i] (0 and 30.3125) are not same 0 20372

src/tests/KernelTestCases.cpp:52: Failure
747temp_fp16[0] and dim_data->output_npbst_.getBurst(0).fp16Data_[i] (0 and 6.67578125) are not same 0 18093

src/tests/KernelTestCases.cpp:52: Failure
748temp_fp16[0] and dim_data->output_npbst_.getBurst(0).fp16Data_[i] (0 and 48.6875) are not same 0 21014

src/tests/KernelTestCases.cpp:52: Failure
749temp_fp16[0] and dim_data->output_npbst_.getBurst(0).fp16Data_[i] (0 and 70.625) are not same 0 21610

src/tests/KernelTestCases.cpp:52: Failure
750temp_fp16[0] and dim_data->output_npbst_.getBurst(0).fp16Data_[i] (0 and -30.09375) are not same 0 53126

src/tests/KernelTestCases.cpp:52: Failure
751temp_fp16[0] and dim_data->output_npbst_.getBurst(0).fp16Data_[i] (0 and 29.765625) are not same 0 20337

src/tests/KernelTestCases.cpp:52: Failure
752temp_fp16[0] and dim_data->output_npbst_.getBurst(0).fp16Data_[i] (0 and -34.65625) are not same 0 53333

src/tests/KernelTestCases.cpp:52: Failure
753temp_fp16[0] and dim_data->output_npbst_.getBurst(0).fp16Data_[i] (0 and -33.40625) are not same 0 53293

src/tests/KernelTestCases.cpp:52: Failure
754temp_fp16[0] and dim_data->output_npbst_.getBurst(0).fp16Data_[i] (0 and -24.578125) are not same 0 52773

src/tests/KernelTestCases.cpp:52: Failure
755temp_fp16[0] and dim_data->output_npbst_.getBurst(0).fp16Data_[i] (0 and 45.5625) are not same 0 20914

src/tests/KernelTestCases.cpp:52: Failure
756temp_fp16[0] and dim_data->output_npbst_.getBurst(0).fp16Data_[i] (0 and -6.125) are not same 0 50720

src/tests/KernelTestCases.cpp:52: Failure
757temp_fp16[0] and dim_data->output_npbst_.getBurst(0).fp16Data_[i] (0 and -32.71875) are not same 0 53271

src/tests/KernelTestCases.cpp:52: Failure
758temp_fp16[0] and dim_data->output_npbst_.getBurst(0).fp16Data_[i] (0 and 21.90625) are not same 0 19834

src/tests/KernelTestCases.cpp:52: Failure
759temp_fp16[0] and dim_data->output_npbst_.getBurst(0).fp16Data_[i] (0 and -38.75) are not same 0 53464

src/tests/KernelTestCases.cpp:52: Failure
760temp_fp16[0] and dim_data->output_npbst_.getBurst(0).fp16Data_[i] (0 and -24) are not same 0 52736

src/tests/KernelTestCases.cpp:52: Failure
761temp_fp16[0] and dim_data->output_npbst_.getBurst(0).fp16Data_[i] (0 and -36.75) are not same 0 53400

src/tests/KernelTestCases.cpp:52: Failure
762temp_fp16[0] and dim_data->output_npbst_.getBurst(0).fp16Data_[i] (0 and -54.0625) are not same 0 53954

src/tests/KernelTestCases.cpp:52: Failure
763temp_fp16[0] and dim_data->output_npbst_.getBurst(0).fp16Data_[i] (0 and -55.96875) are not same 0 54015

src/tests/KernelTestCases.cpp:52: Failure
764temp_fp16[0] and dim_data->output_npbst_.getBurst(0).fp16Data_[i] (0 and -84.3125) are not same 0 54597

src/tests/KernelTestCases.cpp:52: Failure
765temp_fp16[0] and dim_data->output_npbst_.getBurst(0).fp16Data_[i] (0 and -9.953125) are not same 0 51450

src/tests/KernelTestCases.cpp:52: Failure
766temp_fp16[0] and dim_data->output_npbst_.getBurst(0).fp16Data_[i] (0 and 6.58203125) are not same 0 18069

src/tests/KernelTestCases.cpp:52: Failure
767temp_fp16[0] and dim_data->output_npbst_.getBurst(0).fp16Data_[i] (0 and 7.578125) are not same 0 18324

src/tests/KernelTestCases.cpp:52: Failure
768temp_fp16[0] and dim_data->output_npbst_.getBurst(0).fp16Data_[i] (0 and 20.484375) are not same 0 19743

src/tests/KernelTestCases.cpp:52: Failure
769temp_fp16[0] and dim_data->output_npbst_.getBurst(0).fp16Data_[i] (0 and -33.15625) are not same 0 53285

src/tests/KernelTestCases.cpp:52: Failure
770temp_fp16[0] and dim_data->output_npbst_.getBurst(0).fp16Data_[i] (0 and 0.78564453125) are not same 0 14921

src/tests/KernelTestCases.cpp:52: Failure
771temp_fp16[0] and dim_data->output_npbst_.getBurst(0).fp16Data_[i] (0 and 2.45703125) are not same 0 16618

src/tests/KernelTestCases.cpp:52: Failure
772temp_fp16[0] and dim_data->output_npbst_.getBurst(0).fp16Data_[i] (0 and -12.7890625) are not same 0 51813

src/tests/KernelTestCases.cpp:52: Failure
773temp_fp16[0] and dim_data->output_npbst_.getBurst(0).fp16Data_[i] (0 and -41.03125) are not same 0 53537

src/tests/KernelTestCases.cpp:52: Failure
774temp_fp16[0] and dim_data->output_npbst_.getBurst(0).fp16Data_[i] (0 and 36.46875) are not same 0 20623

src/tests/KernelTestCases.cpp:52: Failure
775temp_fp16[0] and dim_data->output_npbst_.getBurst(0).fp16Data_[i] (0 and 25.84375) are not same 0 20086

src/tests/KernelTestCases.cpp:52: Failure
776temp_fp16[0] and dim_data->output_npbst_.getBurst(0).fp16Data_[i] (0 and -9.25) are not same 0 51360

src/tests/KernelTestCases.cpp:52: Failure
777temp_fp16[0] and dim_data->output_npbst_.getBurst(0).fp16Data_[i] (0 and 50.59375) are not same 0 21075

src/tests/KernelTestCases.cpp:52: Failure
778temp_fp16[0] and dim_data->output_npbst_.getBurst(0).fp16Data_[i] (0 and 17.8125) are not same 0 19572

src/tests/KernelTestCases.cpp:52: Failure
779temp_fp16[0] and dim_data->output_npbst_.getBurst(0).fp16Data_[i] (0 and 17.25) are not same 0 19536

src/tests/KernelTestCases.cpp:52: Failure
780temp_fp16[0] and dim_data->output_npbst_.getBurst(0).fp16Data_[i] (0 and -25.9375) are not same 0 52860

src/tests/KernelTestCases.cpp:52: Failure
781temp_fp16[0] and dim_data->output_npbst_.getBurst(0).fp16Data_[i] (0 and 27.921875) are not same 0 20219

src/tests/KernelTestCases.cpp:52: Failure
782temp_fp16[0] and dim_data->output_npbst_.getBurst(0).fp16Data_[i] (0 and -2.703125) are not same 0 49512

src/tests/KernelTestCases.cpp:52: Failure
783temp_fp16[0] and dim_data->output_npbst_.getBurst(0).fp16Data_[i] (0 and 56.09375) are not same 0 21251

src/tests/KernelTestCases.cpp:52: Failure
784temp_fp16[0] and dim_data->output_npbst_.getBurst(0).fp16Data_[i] (0 and 31.953125) are not same 0 20477

src/tests/KernelTestCases.cpp:52: Failure
785temp_fp16[0] and dim_data->output_npbst_.getBurst(0).fp16Data_[i] (0 and -39.3125) are not same 0 53482

src/tests/KernelTestCases.cpp:52: Failure
786temp_fp16[0] and dim_data->output_npbst_.getBurst(0).fp16Data_[i] (0 and -2.443359375) are not same 0 49379

src/tests/KernelTestCases.cpp:52: Failure
787temp_fp16[0] and dim_data->output_npbst_.getBurst(0).fp16Data_[i] (0 and 40.34375) are not same 0 20747

src/tests/KernelTestCases.cpp:52: Failure
788temp_fp16[0] and dim_data->output_npbst_.getBurst(0).fp16Data_[i] (0 and -3.677734375) are not same 0 50011

src/tests/KernelTestCases.cpp:52: Failure
789temp_fp16[0] and dim_data->output_npbst_.getBurst(0).fp16Data_[i] (0 and -26.75) are not same 0 52912

src/tests/KernelTestCases.cpp:52: Failure
790temp_fp16[0] and dim_data->output_npbst_.getBurst(0).fp16Data_[i] (0 and 35.3125) are not same 0 20586

src/tests/KernelTestCases.cpp:52: Failure
791temp_fp16[0] and dim_data->output_npbst_.getBurst(0).fp16Data_[i] (0 and -13.84375) are not same 0 51948

src/tests/KernelTestCases.cpp:52: Failure
792temp_fp16[0] and dim_data->output_npbst_.getBurst(0).fp16Data_[i] (0 and -11.3046875) are not same 0 51623

src/tests/KernelTestCases.cpp:52: Failure
793temp_fp16[0] and dim_data->output_npbst_.getBurst(0).fp16Data_[i] (0 and -5.046875) are not same 0 50444

src/tests/KernelTestCases.cpp:52: Failure
794temp_fp16[0] and dim_data->output_npbst_.getBurst(0).fp16Data_[i] (0 and -34.65625) are not same 0 53333

src/tests/KernelTestCases.cpp:52: Failure
795temp_fp16[0] and dim_data->output_npbst_.getBurst(0).fp16Data_[i] (0 and 16.640625) are not same 0 19497

src/tests/KernelTestCases.cpp:52: Failure
796temp_fp16[0] and dim_data->output_npbst_.getBurst(0).fp16Data_[i] (0 and 45.875) are not same 0 20924

src/tests/KernelTestCases.cpp:52: Failure
797temp_fp16[0] and dim_data->output_npbst_.getBurst(0).fp16Data_[i] (0 and 23.453125) are not same 0 19933

src/tests/KernelTestCases.cpp:52: Failure
798temp_fp16[0] and dim_data->output_npbst_.getBurst(0).fp16Data_[i] (0 and -6.1015625) are not same 0 50714

src/tests/KernelTestCases.cpp:52: Failure
799temp_fp16[0] and dim_data->output_npbst_.getBurst(0).fp16Data_[i] (0 and 10.2734375) are not same 0 18723

src/tests/KernelTestCases.cpp:52: Failure
800temp_fp16[0] and dim_data->output_npbst_.getBurst(0).fp16Data_[i] (0 and -25.9375) are not same 0 52860

src/tests/KernelTestCases.cpp:52: Failure
801temp_fp16[0] and dim_data->output_npbst_.getBurst(0).fp16Data_[i] (0 and -41.875) are not same 0 53564

src/tests/KernelTestCases.cpp:52: Failure
802temp_fp16[0] and dim_data->output_npbst_.getBurst(0).fp16Data_[i] (0 and -38.5) are not same 0 53456

src/tests/KernelTestCases.cpp:52: Failure
803temp_fp16[0] and dim_data->output_npbst_.getBurst(0).fp16Data_[i] (0 and -30.359375) are not same 0 53143

src/tests/KernelTestCases.cpp:52: Failure
804temp_fp16[0] and dim_data->output_npbst_.getBurst(0).fp16Data_[i] (0 and 50.15625) are not same 0 21061

src/tests/KernelTestCases.cpp:52: Failure
805temp_fp16[0] and dim_data->output_npbst_.getBurst(0).fp16Data_[i] (0 and -37.3125) are not same 0 53418

src/tests/KernelTestCases.cpp:52: Failure
806temp_fp16[0] and dim_data->output_npbst_.getBurst(0).fp16Data_[i] (0 and 18.484375) are not same 0 19615

src/tests/KernelTestCases.cpp:52: Failure
807temp_fp16[0] and dim_data->output_npbst_.getBurst(0).fp16Data_[i] (0 and -18.796875) are not same 0 52403

src/tests/KernelTestCases.cpp:52: Failure
808temp_fp16[0] and dim_data->output_npbst_.getBurst(0).fp16Data_[i] (0 and 12.4765625) are not same 0 19005

src/tests/KernelTestCases.cpp:52: Failure
809temp_fp16[0] and dim_data->output_npbst_.getBurst(0).fp16Data_[i] (0 and 48.8125) are not same 0 21018

src/tests/KernelTestCases.cpp:52: Failure
810temp_fp16[0] and dim_data->output_npbst_.getBurst(0).fp16Data_[i] (0 and 57.03125) are not same 0 21281

src/tests/KernelTestCases.cpp:52: Failure
811temp_fp16[0] and dim_data->output_npbst_.getBurst(0).fp16Data_[i] (0 and 2.732421875) are not same 0 16759

src/tests/KernelTestCases.cpp:52: Failure
812temp_fp16[0] and dim_data->output_npbst_.getBurst(0).fp16Data_[i] (0 and 4.44921875) are not same 0 17523

src/tests/KernelTestCases.cpp:52: Failure
813temp_fp16[0] and dim_data->output_npbst_.getBurst(0).fp16Data_[i] (0 and -16.953125) are not same 0 52285

src/tests/KernelTestCases.cpp:52: Failure
814temp_fp16[0] and dim_data->output_npbst_.getBurst(0).fp16Data_[i] (0 and 26.765625) are not same 0 20145

src/tests/KernelTestCases.cpp:52: Failure
815temp_fp16[0] and dim_data->output_npbst_.getBurst(0).fp16Data_[i] (0 and -29) are not same 0 53056

src/tests/KernelTestCases.cpp:52: Failure
816temp_fp16[0] and dim_data->output_npbst_.getBurst(0).fp16Data_[i] (0 and -6.8671875) are not same 0 50910

src/tests/KernelTestCases.cpp:52: Failure
817temp_fp16[0] and dim_data->output_npbst_.getBurst(0).fp16Data_[i] (0 and 38.40625) are not same 0 20685

src/tests/KernelTestCases.cpp:52: Failure
818temp_fp16[0] and dim_data->output_npbst_.getBurst(0).fp16Data_[i] (0 and -65.625) are not same 0 54298

src/tests/KernelTestCases.cpp:52: Failure
819temp_fp16[0] and dim_data->output_npbst_.getBurst(0).fp16Data_[i] (0 and -10.4296875) are not same 0 51511

src/tests/KernelTestCases.cpp:52: Failure
820temp_fp16[0] and dim_data->output_npbst_.getBurst(0).fp16Data_[i] (0 and -49.46875) are not same 0 53807

src/tests/KernelTestCases.cpp:52: Failure
821temp_fp16[0] and dim_data->output_npbst_.getBurst(0).fp16Data_[i] (0 and 9.0859375) are not same 0 18571

src/tests/KernelTestCases.cpp:52: Failure
822temp_fp16[0] and dim_data->output_npbst_.getBurst(0).fp16Data_[i] (0 and 12.8203125) are not same 0 19049

src/tests/KernelTestCases.cpp:52: Failure
823temp_fp16[0] and dim_data->output_npbst_.getBurst(0).fp16Data_[i] (0 and -62.1875) are not same 0 54214

src/tests/KernelTestCases.cpp:52: Failure
824temp_fp16[0] and dim_data->output_npbst_.getBurst(0).fp16Data_[i] (0 and 36.78125) are not same 0 20633

src/tests/KernelTestCases.cpp:52: Failure
825temp_fp16[0] and dim_data->output_npbst_.getBurst(0).fp16Data_[i] (0 and -46.9375) are not same 0 53726

src/tests/KernelTestCases.cpp:52: Failure
826temp_fp16[0] and dim_data->output_npbst_.getBurst(0).fp16Data_[i] (0 and 26.96875) are not same 0 20158

src/tests/KernelTestCases.cpp:52: Failure
827temp_fp16[0] and dim_data->output_npbst_.getBurst(0).fp16Data_[i] (0 and -9.453125) are not same 0 51386

src/tests/KernelTestCases.cpp:52: Failure
828temp_fp16[0] and dim_data->output_npbst_.getBurst(0).fp16Data_[i] (0 and -38.5625) are not same 0 53458

src/tests/KernelTestCases.cpp:52: Failure
829temp_fp16[0] and dim_data->output_npbst_.getBurst(0).fp16Data_[i] (0 and 41.4375) are not same 0 20782

src/tests/KernelTestCases.cpp:52: Failure
830temp_fp16[0] and dim_data->output_npbst_.getBurst(0).fp16Data_[i] (0 and -1.2490234375) are not same 0 48383

src/tests/KernelTestCases.cpp:52: Failure
831temp_fp16[0] and dim_data->output_npbst_.getBurst(0).fp16Data_[i] (0 and 14.21875) are not same 0 19228

src/tests/KernelTestCases.cpp:52: Failure
832temp_fp16[0] and dim_data->output_npbst_.getBurst(0).fp16Data_[i] (0 and 28.375) are not same 0 20248

src/tests/KernelTestCases.cpp:52: Failure
833temp_fp16[0] and dim_data->output_npbst_.getBurst(0).fp16Data_[i] (0 and 21.59375) are not same 0 19814

src/tests/KernelTestCases.cpp:52: Failure
834temp_fp16[0] and dim_data->output_npbst_.getBurst(0).fp16Data_[i] (0 and 43.65625) are not same 0 20853

src/tests/KernelTestCases.cpp:52: Failure
835temp_fp16[0] and dim_data->output_npbst_.getBurst(0).fp16Data_[i] (0 and 21.3125) are not same 0 19796

src/tests/KernelTestCases.cpp:52: Failure
836temp_fp16[0] and dim_data->output_npbst_.getBurst(0).fp16Data_[i] (0 and -6.41796875) are not same 0 50795

src/tests/KernelTestCases.cpp:52: Failure
837temp_fp16[0] and dim_data->output_npbst_.getBurst(0).fp16Data_[i] (0 and -11.8828125) are not same 0 51697

src/tests/KernelTestCases.cpp:52: Failure
838temp_fp16[0] and dim_data->output_npbst_.getBurst(0).fp16Data_[i] (0 and -14.0078125) are not same 0 51969

src/tests/KernelTestCases.cpp:52: Failure
839temp_fp16[0] and dim_data->output_npbst_.getBurst(0).fp16Data_[i] (0 and -22.828125) are not same 0 52661

src/tests/KernelTestCases.cpp:52: Failure
840temp_fp16[0] and dim_data->output_npbst_.getBurst(0).fp16Data_[i] (0 and 19.6875) are not same 0 19692

src/tests/KernelTestCases.cpp:52: Failure
841temp_fp16[0] and dim_data->output_npbst_.getBurst(0).fp16Data_[i] (0 and 7.265625) are not same 0 18244

src/tests/KernelTestCases.cpp:52: Failure
842temp_fp16[0] and dim_data->output_npbst_.getBurst(0).fp16Data_[i] (0 and 19.484375) are not same 0 19679

src/tests/KernelTestCases.cpp:52: Failure
843temp_fp16[0] and dim_data->output_npbst_.getBurst(0).fp16Data_[i] (0 and 57.875) are not same 0 21308

src/tests/KernelTestCases.cpp:52: Failure
844temp_fp16[0] and dim_data->output_npbst_.getBurst(0).fp16Data_[i] (0 and 52.875) are not same 0 21148

src/tests/KernelTestCases.cpp:52: Failure
845temp_fp16[0] and dim_data->output_npbst_.getBurst(0).fp16Data_[i] (0 and 10.25) are not same 0 18720

src/tests/KernelTestCases.cpp:52: Failure
846temp_fp16[0] and dim_data->output_npbst_.getBurst(0).fp16Data_[i] (0 and 26.046875) are not same 0 20099

src/tests/KernelTestCases.cpp:52: Failure
847temp_fp16[0] and dim_data->output_npbst_.getBurst(0).fp16Data_[i] (0 and -36.9375) are not same 0 53406

src/tests/KernelTestCases.cpp:52: Failure
848temp_fp16[0] and dim_data->output_npbst_.getBurst(0).fp16Data_[i] (0 and -35.625) are not same 0 53364

src/tests/KernelTestCases.cpp:52: Failure
849temp_fp16[0] and dim_data->output_npbst_.getBurst(0).fp16Data_[i] (0 and 6.578125) are not same 0 18068

src/tests/KernelTestCases.cpp:52: Failure
850temp_fp16[0] and dim_data->output_npbst_.getBurst(0).fp16Data_[i] (0 and -18.203125) are not same 0 52365

src/tests/KernelTestCases.cpp:52: Failure
851temp_fp16[0] and dim_data->output_npbst_.getBurst(0).fp16Data_[i] (0 and -1.3916015625) are not same 0 48529

src/tests/KernelTestCases.cpp:52: Failure
852temp_fp16[0] and dim_data->output_npbst_.getBurst(0).fp16Data_[i] (0 and -13.7890625) are not same 0 51941

src/tests/KernelTestCases.cpp:52: Failure
853temp_fp16[0] and dim_data->output_npbst_.getBurst(0).fp16Data_[i] (0 and 48.375) are not same 0 21004

src/tests/KernelTestCases.cpp:52: Failure
854temp_fp16[0] and dim_data->output_npbst_.getBurst(0).fp16Data_[i] (0 and 25.3125) are not same 0 20052

src/tests/KernelTestCases.cpp:52: Failure
855temp_fp16[0] and dim_data->output_npbst_.getBurst(0).fp16Data_[i] (0 and 41.75) are not same 0 20792

src/tests/KernelTestCases.cpp:52: Failure
856temp_fp16[0] and dim_data->output_npbst_.getBurst(0).fp16Data_[i] (0 and 46.96875) are not same 0 20959

src/tests/KernelTestCases.cpp:52: Failure
857temp_fp16[0] and dim_data->output_npbst_.getBurst(0).fp16Data_[i] (0 and 21.328125) are not same 0 19797

src/tests/KernelTestCases.cpp:52: Failure
858temp_fp16[0] and dim_data->output_npbst_.getBurst(0).fp16Data_[i] (0 and 18.640625) are not same 0 19625

src/tests/KernelTestCases.cpp:52: Failure
859temp_fp16[0] and dim_data->output_npbst_.getBurst(0).fp16Data_[i] (0 and 52.28125) are not same 0 21129

src/tests/KernelTestCases.cpp:52: Failure
860temp_fp16[0] and dim_data->output_npbst_.getBurst(0).fp16Data_[i] (0 and 79.375) are not same 0 21750

src/tests/KernelTestCases.cpp:52: Failure
861temp_fp16[0] and dim_data->output_npbst_.getBurst(0).fp16Data_[i] (0 and -80.9375) are not same 0 54543

src/tests/KernelTestCases.cpp:52: Failure
862temp_fp16[0] and dim_data->output_npbst_.getBurst(0).fp16Data_[i] (0 and 87.5) are not same 0 21880

src/tests/KernelTestCases.cpp:52: Failure
863temp_fp16[0] and dim_data->output_npbst_.getBurst(0).fp16Data_[i] (0 and 6.81640625) are not same 0 18129

src/tests/KernelTestCases.cpp:52: Failure
864temp_fp16[0] and dim_data->output_npbst_.getBurst(0).fp16Data_[i] (0 and 14.4375) are not same 0 19256

src/tests/KernelTestCases.cpp:52: Failure
865temp_fp16[0] and dim_data->output_npbst_.getBurst(0).fp16Data_[i] (0 and -2.2109375) are not same 0 49260

src/tests/KernelTestCases.cpp:52: Failure
866temp_fp16[0] and dim_data->output_npbst_.getBurst(0).fp16Data_[i] (0 and -48.8125) are not same 0 53786

src/tests/KernelTestCases.cpp:52: Failure
867temp_fp16[0] and dim_data->output_npbst_.getBurst(0).fp16Data_[i] (0 and 9.828125) are not same 0 18666

src/tests/KernelTestCases.cpp:52: Failure
868temp_fp16[0] and dim_data->output_npbst_.getBurst(0).fp16Data_[i] (0 and 55.4375) are not same 0 21230

src/tests/KernelTestCases.cpp:52: Failure
869temp_fp16[0] and dim_data->output_npbst_.getBurst(0).fp16Data_[i] (0 and -21.984375) are not same 0 52607

src/tests/KernelTestCases.cpp:52: Failure
870temp_fp16[0] and dim_data->output_npbst_.getBurst(0).fp16Data_[i] (0 and -2.01953125) are not same 0 49162

src/tests/KernelTestCases.cpp:52: Failure
871temp_fp16[0] and dim_data->output_npbst_.getBurst(0).fp16Data_[i] (0 and -3.576171875) are not same 0 49959

src/tests/KernelTestCases.cpp:52: Failure
872temp_fp16[0] and dim_data->output_npbst_.getBurst(0).fp16Data_[i] (0 and 65) are not same 0 21520

src/tests/KernelTestCases.cpp:52: Failure
873temp_fp16[0] and dim_data->output_npbst_.getBurst(0).fp16Data_[i] (0 and -54.5) are not same 0 53968

src/tests/KernelTestCases.cpp:52: Failure
874temp_fp16[0] and dim_data->output_npbst_.getBurst(0).fp16Data_[i] (0 and -26.0625) are not same 0 52868

src/tests/KernelTestCases.cpp:52: Failure
875temp_fp16[0] and dim_data->output_npbst_.getBurst(0).fp16Data_[i] (0 and -38.53125) are not same 0 53457

src/tests/KernelTestCases.cpp:52: Failure
876temp_fp16[0] and dim_data->output_npbst_.getBurst(0).fp16Data_[i] (0 and 43.125) are not same 0 20836

src/tests/KernelTestCases.cpp:52: Failure
877temp_fp16[0] and dim_data->output_npbst_.getBurst(0).fp16Data_[i] (0 and -22.671875) are not same 0 52651

src/tests/KernelTestCases.cpp:52: Failure
878temp_fp16[0] and dim_data->output_npbst_.getBurst(0).fp16Data_[i] (0 and 10.640625) are not same 0 18770

src/tests/KernelTestCases.cpp:52: Failure
879temp_fp16[0] and dim_data->output_npbst_.getBurst(0).fp16Data_[i] (0 and 6.59765625) are not same 0 18073

src/tests/KernelTestCases.cpp:52: Failure
880temp_fp16[0] and dim_data->output_npbst_.getBurst(0).fp16Data_[i] (0 and -17.921875) are not same 0 52347

src/tests/KernelTestCases.cpp:52: Failure
881temp_fp16[0] and dim_data->output_npbst_.getBurst(0).fp16Data_[i] (0 and 41) are not same 0 20768

src/tests/KernelTestCases.cpp:52: Failure
882temp_fp16[0] and dim_data->output_npbst_.getBurst(0).fp16Data_[i] (0 and -35.375) are not same 0 53356

src/tests/KernelTestCases.cpp:52: Failure
883temp_fp16[0] and dim_data->output_npbst_.getBurst(0).fp16Data_[i] (0 and 0.7685546875) are not same 0 14886

src/tests/KernelTestCases.cpp:52: Failure
884temp_fp16[0] and dim_data->output_npbst_.getBurst(0).fp16Data_[i] (0 and -47.25) are not same 0 53736

src/tests/KernelTestCases.cpp:52: Failure
885temp_fp16[0] and dim_data->output_npbst_.getBurst(0).fp16Data_[i] (0 and -8.6953125) are not same 0 51289

src/tests/KernelTestCases.cpp:52: Failure
886temp_fp16[0] and dim_data->output_npbst_.getBurst(0).fp16Data_[i] (0 and 21.296875) are not same 0 19795

src/tests/KernelTestCases.cpp:52: Failure
887temp_fp16[0] and dim_data->output_npbst_.getBurst(0).fp16Data_[i] (0 and 12.1640625) are not same 0 18965

src/tests/KernelTestCases.cpp:52: Failure
888temp_fp16[0] and dim_data->output_npbst_.getBurst(0).fp16Data_[i] (0 and 40.25) are not same 0 20744

src/tests/KernelTestCases.cpp:52: Failure
889temp_fp16[0] and dim_data->output_npbst_.getBurst(0).fp16Data_[i] (0 and 45.34375) are not same 0 20907

src/tests/KernelTestCases.cpp:52: Failure
890temp_fp16[0] and dim_data->output_npbst_.getBurst(0).fp16Data_[i] (0 and 36.09375) are not same 0 20611

src/tests/KernelTestCases.cpp:52: Failure
891temp_fp16[0] and dim_data->output_npbst_.getBurst(0).fp16Data_[i] (0 and -50.84375) are not same 0 53851

src/tests/KernelTestCases.cpp:52: Failure
892temp_fp16[0] and dim_data->output_npbst_.getBurst(0).fp16Data_[i] (0 and 74.5) are not same 0 21672

src/tests/KernelTestCases.cpp:52: Failure
893temp_fp16[0] and dim_data->output_npbst_.getBurst(0).fp16Data_[i] (0 and -10.8203125) are not same 0 51561

src/tests/KernelTestCases.cpp:52: Failure
894temp_fp16[0] and dim_data->output_npbst_.getBurst(0).fp16Data_[i] (0 and 38.5) are not same 0 20688

src/tests/KernelTestCases.cpp:52: Failure
895temp_fp16[0] and dim_data->output_npbst_.getBurst(0).fp16Data_[i] (0 and -38.8125) are not same 0 53466

src/tests/KernelTestCases.cpp:52: Failure
896temp_fp16[0] and dim_data->output_npbst_.getBurst(0).fp16Data_[i] (0 and -11.9296875) are not same 0 51703

src/tests/KernelTestCases.cpp:52: Failure
897temp_fp16[0] and dim_data->output_npbst_.getBurst(0).fp16Data_[i] (0 and -6.78515625) are not same 0 50889

src/tests/KernelTestCases.cpp:52: Failure
898temp_fp16[0] and dim_data->output_npbst_.getBurst(0).fp16Data_[i] (0 and 63.65625) are not same 0 21493

src/tests/KernelTestCases.cpp:52: Failure
899temp_fp16[0] and dim_data->output_npbst_.getBurst(0).fp16Data_[i] (0 and -21.015625) are not same 0 52545

src/tests/KernelTestCases.cpp:52: Failure
900temp_fp16[0] and dim_data->output_npbst_.getBurst(0).fp16Data_[i] (0 and 14.1875) are not same 0 19224

src/tests/KernelTestCases.cpp:52: Failure
901temp_fp16[0] and dim_data->output_npbst_.getBurst(0).fp16Data_[i] (0 and 14.21875) are not same 0 19228

src/tests/KernelTestCases.cpp:52: Failure
902temp_fp16[0] and dim_data->output_npbst_.getBurst(0).fp16Data_[i] (0 and -44.21875) are not same 0 53639

src/tests/KernelTestCases.cpp:52: Failure
903temp_fp16[0] and dim_data->output_npbst_.getBurst(0).fp16Data_[i] (0 and -53.53125) are not same 0 53937

src/tests/KernelTestCases.cpp:52: Failure
904temp_fp16[0] and dim_data->output_npbst_.getBurst(0).fp16Data_[i] (0 and 2.05078125) are not same 0 16410

src/tests/KernelTestCases.cpp:52: Failure
905temp_fp16[0] and dim_data->output_npbst_.getBurst(0).fp16Data_[i] (0 and 44.875) are not same 0 20892

src/tests/KernelTestCases.cpp:52: Failure
906temp_fp16[0] and dim_data->output_npbst_.getBurst(0).fp16Data_[i] (0 and -6.9296875) are not same 0 50926

src/tests/KernelTestCases.cpp:52: Failure
907temp_fp16[0] and dim_data->output_npbst_.getBurst(0).fp16Data_[i] (0 and -18.15625) are not same 0 52362

src/tests/KernelTestCases.cpp:52: Failure
908temp_fp16[0] and dim_data->output_npbst_.getBurst(0).fp16Data_[i] (0 and 6.69921875) are not same 0 18099

src/tests/KernelTestCases.cpp:52: Failure
909temp_fp16[0] and dim_data->output_npbst_.getBurst(0).fp16Data_[i] (0 and -6.93359375) are not same 0 50927

src/tests/KernelTestCases.cpp:52: Failure
910temp_fp16[0] and dim_data->output_npbst_.getBurst(0).fp16Data_[i] (0 and 4.90234375) are not same 0 17639

src/tests/KernelTestCases.cpp:52: Failure
911temp_fp16[0] and dim_data->output_npbst_.getBurst(0).fp16Data_[i] (0 and 31.09375) are not same 0 20422

src/tests/KernelTestCases.cpp:52: Failure
912temp_fp16[0] and dim_data->output_npbst_.getBurst(0).fp16Data_[i] (0 and 1.75) are not same 0 16128

src/tests/KernelTestCases.cpp:52: Failure
913temp_fp16[0] and dim_data->output_npbst_.getBurst(0).fp16Data_[i] (0 and 16.359375) are not same 0 19479

src/tests/KernelTestCases.cpp:52: Failure
914temp_fp16[0] and dim_data->output_npbst_.getBurst(0).fp16Data_[i] (0 and -49.625) are not same 0 53812

src/tests/KernelTestCases.cpp:52: Failure
915temp_fp16[0] and dim_data->output_npbst_.getBurst(0).fp16Data_[i] (0 and -18.953125) are not same 0 52413

src/tests/KernelTestCases.cpp:52: Failure
916temp_fp16[0] and dim_data->output_npbst_.getBurst(0).fp16Data_[i] (0 and 19.765625) are not same 0 19697

src/tests/KernelTestCases.cpp:52: Failure
917temp_fp16[0] and dim_data->output_npbst_.getBurst(0).fp16Data_[i] (0 and 22.984375) are not same 0 19903

src/tests/KernelTestCases.cpp:52: Failure
918temp_fp16[0] and dim_data->output_npbst_.getBurst(0).fp16Data_[i] (0 and 18.515625) are not same 0 19617

src/tests/KernelTestCases.cpp:52: Failure
919temp_fp16[0] and dim_data->output_npbst_.getBurst(0).fp16Data_[i] (0 and 8.4609375) are not same 0 18491

src/tests/KernelTestCases.cpp:52: Failure
920temp_fp16[0] and dim_data->output_npbst_.getBurst(0).fp16Data_[i] (0 and 31.328125) are not same 0 20437

src/tests/KernelTestCases.cpp:52: Failure
921temp_fp16[0] and dim_data->output_npbst_.getBurst(0).fp16Data_[i] (0 and -6.90234375) are not same 0 50919

src/tests/KernelTestCases.cpp:52: Failure
922temp_fp16[0] and dim_data->output_npbst_.getBurst(0).fp16Data_[i] (0 and 46.03125) are not same 0 20929

src/tests/KernelTestCases.cpp:52: Failure
923temp_fp16[0] and dim_data->output_npbst_.getBurst(0).fp16Data_[i] (0 and -4.31640625) are not same 0 50257

src/tests/KernelTestCases.cpp:52: Failure
924temp_fp16[0] and dim_data->output_npbst_.getBurst(0).fp16Data_[i] (0 and 14.5) are not same 0 19264

src/tests/KernelTestCases.cpp:52: Failure
925temp_fp16[0] and dim_data->output_npbst_.getBurst(0).fp16Data_[i] (0 and 43.4375) are not same 0 20846

src/tests/KernelTestCases.cpp:52: Failure
926temp_fp16[0] and dim_data->output_npbst_.getBurst(0).fp16Data_[i] (0 and 9.9375) are not same 0 18680

src/tests/KernelTestCases.cpp:52: Failure
927temp_fp16[0] and dim_data->output_npbst_.getBurst(0).fp16Data_[i] (0 and -2.171875) are not same 0 49240

src/tests/KernelTestCases.cpp:52: Failure
928temp_fp16[0] and dim_data->output_npbst_.getBurst(0).fp16Data_[i] (0 and -14.921875) are not same 0 52086

src/tests/KernelTestCases.cpp:52: Failure
929temp_fp16[0] and dim_data->output_npbst_.getBurst(0).fp16Data_[i] (0 and 53.28125) are not same 0 21161

src/tests/KernelTestCases.cpp:52: Failure
930temp_fp16[0] and dim_data->output_npbst_.getBurst(0).fp16Data_[i] (0 and -40.5625) are not same 0 53522

src/tests/KernelTestCases.cpp:52: Failure
931temp_fp16[0] and dim_data->output_npbst_.getBurst(0).fp16Data_[i] (0 and 5.48828125) are not same 0 17789

src/tests/KernelTestCases.cpp:52: Failure
932temp_fp16[0] and dim_data->output_npbst_.getBurst(0).fp16Data_[i] (0 and 52.59375) are not same 0 21139

src/tests/KernelTestCases.cpp:52: Failure
933temp_fp16[0] and dim_data->output_npbst_.getBurst(0).fp16Data_[i] (0 and -3.1328125) are not same 0 49732

src/tests/KernelTestCases.cpp:52: Failure
934temp_fp16[0] and dim_data->output_npbst_.getBurst(0).fp16Data_[i] (0 and 30.046875) are not same 0 20355

src/tests/KernelTestCases.cpp:52: Failure
935temp_fp16[0] and dim_data->output_npbst_.getBurst(0).fp16Data_[i] (0 and 36.59375) are not same 0 20627

src/tests/KernelTestCases.cpp:52: Failure
936temp_fp16[0] and dim_data->output_npbst_.getBurst(0).fp16Data_[i] (0 and 23.578125) are not same 0 19941

src/tests/KernelTestCases.cpp:52: Failure
937temp_fp16[0] and dim_data->output_npbst_.getBurst(0).fp16Data_[i] (0 and -24.953125) are not same 0 52797

src/tests/KernelTestCases.cpp:52: Failure
938temp_fp16[0] and dim_data->output_npbst_.getBurst(0).fp16Data_[i] (0 and 31.59375) are not same 0 20454

src/tests/KernelTestCases.cpp:52: Failure
939temp_fp16[0] and dim_data->output_npbst_.getBurst(0).fp16Data_[i] (0 and -17.359375) are not same 0 52311

src/tests/KernelTestCases.cpp:52: Failure
940temp_fp16[0] and dim_data->output_npbst_.getBurst(0).fp16Data_[i] (0 and -14.6640625) are not same 0 52053

src/tests/KernelTestCases.cpp:52: Failure
941temp_fp16[0] and dim_data->output_npbst_.getBurst(0).fp16Data_[i] (0 and -27.828125) are not same 0 52981

src/tests/KernelTestCases.cpp:52: Failure
942temp_fp16[0] and dim_data->output_npbst_.getBurst(0).fp16Data_[i] (0 and 14.015625) are not same 0 19202

src/tests/KernelTestCases.cpp:52: Failure
943temp_fp16[0] and dim_data->output_npbst_.getBurst(0).fp16Data_[i] (0 and -45.6875) are not same 0 53686

src/tests/KernelTestCases.cpp:52: Failure
944temp_fp16[0] and dim_data->output_npbst_.getBurst(0).fp16Data_[i] (0 and -5.83203125) are not same 0 50645

src/tests/KernelTestCases.cpp:52: Failure
945temp_fp16[0] and dim_data->output_npbst_.getBurst(0).fp16Data_[i] (0 and -67.3125) are not same 0 54325

src/tests/KernelTestCases.cpp:52: Failure
946temp_fp16[0] and dim_data->output_npbst_.getBurst(0).fp16Data_[i] (0 and -12.7265625) are not same 0 51805

src/tests/KernelTestCases.cpp:52: Failure
947temp_fp16[0] and dim_data->output_npbst_.getBurst(0).fp16Data_[i] (0 and 41.375) are not same 0 20780

src/tests/KernelTestCases.cpp:52: Failure
948temp_fp16[0] and dim_data->output_npbst_.getBurst(0).fp16Data_[i] (0 and 19.40625) are not same 0 19674

src/tests/KernelTestCases.cpp:52: Failure
949temp_fp16[0] and dim_data->output_npbst_.getBurst(0).fp16Data_[i] (0 and 47.5) are not same 0 20976

src/tests/KernelTestCases.cpp:52: Failure
950temp_fp16[0] and dim_data->output_npbst_.getBurst(0).fp16Data_[i] (0 and -18.90625) are not same 0 52410

src/tests/KernelTestCases.cpp:52: Failure
951temp_fp16[0] and dim_data->output_npbst_.getBurst(0).fp16Data_[i] (0 and -17.015625) are not same 0 52289

src/tests/KernelTestCases.cpp:52: Failure
952temp_fp16[0] and dim_data->output_npbst_.getBurst(0).fp16Data_[i] (0 and -43.71875) are not same 0 53623

src/tests/KernelTestCases.cpp:52: Failure
953temp_fp16[0] and dim_data->output_npbst_.getBurst(0).fp16Data_[i] (0 and 82.9375) are not same 0 21807

src/tests/KernelTestCases.cpp:52: Failure
954temp_fp16[0] and dim_data->output_npbst_.getBurst(0).fp16Data_[i] (0 and -52.5) are not same 0 53904

src/tests/KernelTestCases.cpp:52: Failure
955temp_fp16[0] and dim_data->output_npbst_.getBurst(0).fp16Data_[i] (0 and -51.25) are not same 0 53864

src/tests/KernelTestCases.cpp:52: Failure
956temp_fp16[0] and dim_data->output_npbst_.getBurst(0).fp16Data_[i] (0 and -12.1953125) are not same 0 51737

src/tests/KernelTestCases.cpp:52: Failure
957temp_fp16[0] and dim_data->output_npbst_.getBurst(0).fp16Data_[i] (0 and 43.71875) are not same 0 20855

src/tests/KernelTestCases.cpp:52: Failure
958temp_fp16[0] and dim_data->output_npbst_.getBurst(0).fp16Data_[i] (0 and -30.703125) are not same 0 53165

src/tests/KernelTestCases.cpp:52: Failure
959temp_fp16[0] and dim_data->output_npbst_.getBurst(0).fp16Data_[i] (0 and -14.9765625) are not same 0 52093

src/tests/KernelTestCases.cpp:52: Failure
960temp_fp16[0] and dim_data->output_npbst_.getBurst(0).fp16Data_[i] (0 and 47.15625) are not same 0 20965

src/tests/KernelTestCases.cpp:52: Failure
961temp_fp16[0] and dim_data->output_npbst_.getBurst(0).fp16Data_[i] (0 and 28.140625) are not same 0 20233

src/tests/KernelTestCases.cpp:52: Failure
962temp_fp16[0] and dim_data->output_npbst_.getBurst(0).fp16Data_[i] (0 and 15.0390625) are not same 0 19333

src/tests/KernelTestCases.cpp:52: Failure
963temp_fp16[0] and dim_data->output_npbst_.getBurst(0).fp16Data_[i] (0 and 39.59375) are not same 0 20723

src/tests/KernelTestCases.cpp:52: Failure
964temp_fp16[0] and dim_data->output_npbst_.getBurst(0).fp16Data_[i] (0 and 2.662109375) are not same 0 16723

src/tests/KernelTestCases.cpp:52: Failure
965temp_fp16[0] and dim_data->output_npbst_.getBurst(0).fp16Data_[i] (0 and 45.65625) are not same 0 20917

src/tests/KernelTestCases.cpp:52: Failure
966temp_fp16[0] and dim_data->output_npbst_.getBurst(0).fp16Data_[i] (0 and -33.09375) are not same 0 53283

src/tests/KernelTestCases.cpp:52: Failure
967temp_fp16[0] and dim_data->output_npbst_.getBurst(0).fp16Data_[i] (0 and -2.765625) are not same 0 49544

src/tests/KernelTestCases.cpp:52: Failure
968temp_fp16[0] and dim_data->output_npbst_.getBurst(0).fp16Data_[i] (0 and -46.34375) are not same 0 53707

src/tests/KernelTestCases.cpp:52: Failure
969temp_fp16[0] and dim_data->output_npbst_.getBurst(0).fp16Data_[i] (0 and 20.234375) are not same 0 19727

src/tests/KernelTestCases.cpp:52: Failure
970temp_fp16[0] and dim_data->output_npbst_.getBurst(0).fp16Data_[i] (0 and -5.61328125) are not same 0 50589

src/tests/KernelTestCases.cpp:52: Failure
971temp_fp16[0] and dim_data->output_npbst_.getBurst(0).fp16Data_[i] (0 and 10.3359375) are not same 0 18731

src/tests/KernelTestCases.cpp:52: Failure
972temp_fp16[0] and dim_data->output_npbst_.getBurst(0).fp16Data_[i] (0 and 55.21875) are not same 0 21223

src/tests/KernelTestCases.cpp:52: Failure
973temp_fp16[0] and dim_data->output_npbst_.getBurst(0).fp16Data_[i] (0 and 5.296875) are not same 0 17740

src/tests/KernelTestCases.cpp:52: Failure
974temp_fp16[0] and dim_data->output_npbst_.getBurst(0).fp16Data_[i] (0 and 11.2890625) are not same 0 18853

src/tests/KernelTestCases.cpp:52: Failure
975temp_fp16[0] and dim_data->output_npbst_.getBurst(0).fp16Data_[i] (0 and -4.9453125) are not same 0 50418

src/tests/KernelTestCases.cpp:52: Failure
976temp_fp16[0] and dim_data->output_npbst_.getBurst(0).fp16Data_[i] (0 and 45.375) are not same 0 20908

src/tests/KernelTestCases.cpp:52: Failure
977temp_fp16[0] and dim_data->output_npbst_.getBurst(0).fp16Data_[i] (0 and 30.859375) are not same 0 20407

src/tests/KernelTestCases.cpp:52: Failure
978temp_fp16[0] and dim_data->output_npbst_.getBurst(0).fp16Data_[i] (0 and -44.28125) are not same 0 53641

src/tests/KernelTestCases.cpp:52: Failure
979temp_fp16[0] and dim_data->output_npbst_.getBurst(0).fp16Data_[i] (0 and 26.921875) are not same 0 20155

src/tests/KernelTestCases.cpp:52: Failure
980temp_fp16[0] and dim_data->output_npbst_.getBurst(0).fp16Data_[i] (0 and 11.2890625) are not same 0 18853

src/tests/KernelTestCases.cpp:52: Failure
981temp_fp16[0] and dim_data->output_npbst_.getBurst(0).fp16Data_[i] (0 and 13.8828125) are not same 0 19185

src/tests/KernelTestCases.cpp:52: Failure
982temp_fp16[0] and dim_data->output_npbst_.getBurst(0).fp16Data_[i] (0 and -1.06640625) are not same 0 48196

src/tests/KernelTestCases.cpp:52: Failure
983temp_fp16[0] and dim_data->output_npbst_.getBurst(0).fp16Data_[i] (0 and 36.5) are not same 0 20624

src/tests/KernelTestCases.cpp:52: Failure
984temp_fp16[0] and dim_data->output_npbst_.getBurst(0).fp16Data_[i] (0 and 20.796875) are not same 0 19763

src/tests/KernelTestCases.cpp:52: Failure
985temp_fp16[0] and dim_data->output_npbst_.getBurst(0).fp16Data_[i] (0 and 1.5546875) are not same 0 15928

src/tests/KernelTestCases.cpp:52: Failure
986temp_fp16[0] and dim_data->output_npbst_.getBurst(0).fp16Data_[i] (0 and 8.4453125) are not same 0 18489

src/tests/KernelTestCases.cpp:52: Failure
987temp_fp16[0] and dim_data->output_npbst_.getBurst(0).fp16Data_[i] (0 and 15.640625) are not same 0 19410

src/tests/KernelTestCases.cpp:52: Failure
988temp_fp16[0] and dim_data->output_npbst_.getBurst(0).fp16Data_[i] (0 and 2.94921875) are not same 0 16870

src/tests/KernelTestCases.cpp:52: Failure
989temp_fp16[0] and dim_data->output_npbst_.getBurst(0).fp16Data_[i] (0 and -27.9375) are not same 0 52988

src/tests/KernelTestCases.cpp:52: Failure
990temp_fp16[0] and dim_data->output_npbst_.getBurst(0).fp16Data_[i] (0 and 34.34375) are not same 0 20555

src/tests/KernelTestCases.cpp:52: Failure
991temp_fp16[0] and dim_data->output_npbst_.getBurst(0).fp16Data_[i] (0 and -17.09375) are not same 0 52294

src/tests/KernelTestCases.cpp:52: Failure
992temp_fp16[0] and dim_data->output_npbst_.getBurst(0).fp16Data_[i] (0 and 6.54296875) are not same 0 18059

src/tests/KernelTestCases.cpp:52: Failure
993temp_fp16[0] and dim_data->output_npbst_.getBurst(0).fp16Data_[i] (0 and 21.953125) are not same 0 19837

src/tests/KernelTestCases.cpp:52: Failure
994temp_fp16[0] and dim_data->output_npbst_.getBurst(0).fp16Data_[i] (0 and 12.9609375) are not same 0 19067

src/tests/KernelTestCases.cpp:52: Failure
995temp_fp16[0] and dim_data->output_npbst_.getBurst(0).fp16Data_[i] (0 and -50.6875) are not same 0 53846

src/tests/KernelTestCases.cpp:52: Failure
996temp_fp16[0] and dim_data->output_npbst_.getBurst(0).fp16Data_[i] (0 and -7.1171875) are not same 0 50974

src/tests/KernelTestCases.cpp:52: Failure
997temp_fp16[0] and dim_data->output_npbst_.getBurst(0).fp16Data_[i] (0 and -7.84765625) are not same 0 51161

src/tests/KernelTestCases.cpp:52: Failure
998temp_fp16[0] and dim_data->output_npbst_.getBurst(0).fp16Data_[i] (0 and -7.40234375) are not same 0 51047

src/tests/KernelTestCases.cpp:52: Failure
999temp_fp16[0] and dim_data->output_npbst_.getBurst(0).fp16Data_[i] (0 and 8.21875) are not same 0 18460

src/tests/KernelTestCases.cpp:52: Failure
1001temp_fp16[0] and dim_data->output_npbst_.getBurst(0).fp16Data_[i] (0 and 16.765625) are not same 0 19505

src/tests/KernelTestCases.cpp:52: Failure
1002temp_fp16[0] and dim_data->output_npbst_.getBurst(0).fp16Data_[i] (0 and -16.84375) are not same 0 52278

src/tests/KernelTestCases.cpp:52: Failure
1003temp_fp16[0] and dim_data->output_npbst_.getBurst(0).fp16Data_[i] (0 and -16.921875) are not same 0 52283

src/tests/KernelTestCases.cpp:52: Failure
1004temp_fp16[0] and dim_data->output_npbst_.getBurst(0).fp16Data_[i] (0 and 12.6328125) are not same 0 19025

src/tests/KernelTestCases.cpp:52: Failure
1005temp_fp16[0] and dim_data->output_npbst_.getBurst(0).fp16Data_[i] (0 and -38.78125) are not same 0 53465

src/tests/KernelTestCases.cpp:52: Failure
1006temp_fp16[0] and dim_data->output_npbst_.getBurst(0).fp16Data_[i] (0 and 15.296875) are not same 0 19366

src/tests/KernelTestCases.cpp:52: Failure
1007temp_fp16[0] and dim_data->output_npbst_.getBurst(0).fp16Data_[i] (0 and -8.0625) are not same 0 51208

src/tests/KernelTestCases.cpp:52: Failure
1008temp_fp16[0] and dim_data->output_npbst_.getBurst(0).fp16Data_[i] (0 and 9.3359375) are not same 0 18603

src/tests/KernelTestCases.cpp:52: Failure
1009temp_fp16[0] and dim_data->output_npbst_.getBurst(0).fp16Data_[i] (0 and 10.625) are not same 0 18768

src/tests/KernelTestCases.cpp:52: Failure
1010temp_fp16[0] and dim_data->output_npbst_.getBurst(0).fp16Data_[i] (0 and -92.5625) are not same 0 54729

src/tests/KernelTestCases.cpp:52: Failure
1011temp_fp16[0] and dim_data->output_npbst_.getBurst(0).fp16Data_[i] (0 and 35.28125) are not same 0 20585

src/tests/KernelTestCases.cpp:52: Failure
1012temp_fp16[0] and dim_data->output_npbst_.getBurst(0).fp16Data_[i] (0 and 21.484375) are not same 0 19807

src/tests/KernelTestCases.cpp:52: Failure
1013temp_fp16[0] and dim_data->output_npbst_.getBurst(0).fp16Data_[i] (0 and -25.828125) are not same 0 52853

src/tests/KernelTestCases.cpp:52: Failure
1014temp_fp16[0] and dim_data->output_npbst_.getBurst(0).fp16Data_[i] (0 and -13.9921875) are not same 0 51967

src/tests/KernelTestCases.cpp:52: Failure
1015temp_fp16[0] and dim_data->output_npbst_.getBurst(0).fp16Data_[i] (0 and 17.90625) are not same 0 19578

src/tests/KernelTestCases.cpp:52: Failure
1016temp_fp16[0] and dim_data->output_npbst_.getBurst(0).fp16Data_[i] (0 and -9.515625) are not same 0 51394

src/tests/KernelTestCases.cpp:52: Failure
1017temp_fp16[0] and dim_data->output_npbst_.getBurst(0).fp16Data_[i] (0 and -31.84375) are not same 0 53238

src/tests/KernelTestCases.cpp:52: Failure
1018temp_fp16[0] and dim_data->output_npbst_.getBurst(0).fp16Data_[i] (0 and 48.8125) are not same 0 21018

src/tests/KernelTestCases.cpp:52: Failure
1019temp_fp16[0] and dim_data->output_npbst_.getBurst(0).fp16Data_[i] (0 and 19.28125) are not same 0 19666

src/tests/KernelTestCases.cpp:52: Failure
1020temp_fp16[0] and dim_data->output_npbst_.getBurst(0).fp16Data_[i] (0 and 37.90625) are not same 0 20669

src/tests/KernelTestCases.cpp:52: Failure
1021temp_fp16[0] and dim_data->output_npbst_.getBurst(0).fp16Data_[i] (0 and 16.671875) are not same 0 19499

src/tests/KernelTestCases.cpp:52: Failure
1022temp_fp16[0] and dim_data->output_npbst_.getBurst(0).fp16Data_[i] (0 and 28.296875) are not same 0 20243

src/tests/KernelTestCases.cpp:52: Failure
1023temp_fp16[0] and dim_data->output_npbst_.getBurst(0).fp16Data_[i] (0 and -10.34375) are not same 0 51500

src/tests/KernelTestCases.cpp:52: Failure
1024temp_fp16[0] and dim_data->output_npbst_.getBurst(0).fp16Data_[i] (0 and -7.23828125) are not same 0 51005

src/tests/KernelTestCases.cpp:52: Failure
1025temp_fp16[0] and dim_data->output_npbst_.getBurst(0).fp16Data_[i] (0 and 18.953125) are not same 0 19645

src/tests/KernelTestCases.cpp:52: Failure
1026temp_fp16[0] and dim_data->output_npbst_.getBurst(0).fp16Data_[i] (0 and -9.84375) are not same 0 51436

src/tests/KernelTestCases.cpp:52: Failure
1027temp_fp16[0] and dim_data->output_npbst_.getBurst(0).fp16Data_[i] (0 and -26.59375) are not same 0 52902

src/tests/KernelTestCases.cpp:52: Failure
1028temp_fp16[0] and dim_data->output_npbst_.getBurst(0).fp16Data_[i] (0 and -19.1875) are not same 0 52428

src/tests/KernelTestCases.cpp:52: Failure
1029temp_fp16[0] and dim_data->output_npbst_.getBurst(0).fp16Data_[i] (0 and -48.78125) are not same 0 53785

src/tests/KernelTestCases.cpp:52: Failure
1030temp_fp16[0] and dim_data->output_npbst_.getBurst(0).fp16Data_[i] (0 and -15.25) are not same 0 52128

src/tests/KernelTestCases.cpp:52: Failure
1031temp_fp16[0] and dim_data->output_npbst_.getBurst(0).fp16Data_[i] (0 and 48.875) are not same 0 21020

src/tests/KernelTestCases.cpp:52: Failure
1032temp_fp16[0] and dim_data->output_npbst_.getBurst(0).fp16Data_[i] (0 and 37.625) are not same 0 20660

src/tests/KernelTestCases.cpp:52: Failure
1033temp_fp16[0] and dim_data->output_npbst_.getBurst(0).fp16Data_[i] (0 and -12.9375) are not same 0 51832

src/tests/KernelTestCases.cpp:52: Failure
1034temp_fp16[0] and dim_data->output_npbst_.getBurst(0).fp16Data_[i] (0 and 4.3046875) are not same 0 17486

src/tests/KernelTestCases.cpp:52: Failure
1035temp_fp16[0] and dim_data->output_npbst_.getBurst(0).fp16Data_[i] (0 and 36.21875) are not same 0 20615

src/tests/KernelTestCases.cpp:52: Failure
1036temp_fp16[0] and dim_data->output_npbst_.getBurst(0).fp16Data_[i] (0 and 39.65625) are not same 0 20725

src/tests/KernelTestCases.cpp:52: Failure
1037temp_fp16[0] and dim_data->output_npbst_.getBurst(0).fp16Data_[i] (0 and -16.296875) are not same 0 52243

src/tests/KernelTestCases.cpp:52: Failure
1038temp_fp16[0] and dim_data->output_npbst_.getBurst(0).fp16Data_[i] (0 and -64.6875) are not same 0 54283

src/tests/KernelTestCases.cpp:52: Failure
1039temp_fp16[0] and dim_data->output_npbst_.getBurst(0).fp16Data_[i] (0 and -5.640625) are not same 0 50596

src/tests/KernelTestCases.cpp:52: Failure
1040temp_fp16[0] and dim_data->output_npbst_.getBurst(0).fp16Data_[i] (0 and -10.7578125) are not same 0 51553

src/tests/KernelTestCases.cpp:52: Failure
1041temp_fp16[0] and dim_data->output_npbst_.getBurst(0).fp16Data_[i] (0 and -0.99072265625) are not same 0 48109

src/tests/KernelTestCases.cpp:52: Failure
1042temp_fp16[0] and dim_data->output_npbst_.getBurst(0).fp16Data_[i] (0 and -6.203125) are not same 0 50740

src/tests/KernelTestCases.cpp:52: Failure
1043temp_fp16[0] and dim_data->output_npbst_.getBurst(0).fp16Data_[i] (0 and -17.453125) are not same 0 52317

src/tests/KernelTestCases.cpp:52: Failure
1044temp_fp16[0] and dim_data->output_npbst_.getBurst(0).fp16Data_[i] (0 and -10.5625) are not same 0 51528

src/tests/KernelTestCases.cpp:52: Failure
1045temp_fp16[0] and dim_data->output_npbst_.getBurst(0).fp16Data_[i] (0 and -4.96484375) are not same 0 50423

src/tests/KernelTestCases.cpp:52: Failure
1046temp_fp16[0] and dim_data->output_npbst_.getBurst(0).fp16Data_[i] (0 and 61.0625) are not same 0 21410

src/tests/KernelTestCases.cpp:52: Failure
1047temp_fp16[0] and dim_data->output_npbst_.getBurst(0).fp16Data_[i] (0 and 16.765625) are not same 0 19505

src/tests/KernelTestCases.cpp:52: Failure
1048temp_fp16[0] and dim_data->output_npbst_.getBurst(0).fp16Data_[i] (0 and -24.453125) are not same 0 52765

src/tests/KernelTestCases.cpp:52: Failure
1049temp_fp16[0] and dim_data->output_npbst_.getBurst(0).fp16Data_[i] (0 and 16.96875) are not same 0 19518

src/tests/KernelTestCases.cpp:52: Failure
1050temp_fp16[0] and dim_data->output_npbst_.getBurst(0).fp16Data_[i] (0 and -46.53125) are not same 0 53713

src/tests/KernelTestCases.cpp:52: Failure
1051temp_fp16[0] and dim_data->output_npbst_.getBurst(0).fp16Data_[i] (0 and -13.5859375) are not same 0 51915

src/tests/KernelTestCases.cpp:52: Failure
1052temp_fp16[0] and dim_data->output_npbst_.getBurst(0).fp16Data_[i] (0 and 12.6171875) are not same 0 19023

src/tests/KernelTestCases.cpp:52: Failure
1053temp_fp16[0] and dim_data->output_npbst_.getBurst(0).fp16Data_[i] (0 and -8.5546875) are not same 0 51271

src/tests/KernelTestCases.cpp:52: Failure
1054temp_fp16[0] and dim_data->output_npbst_.getBurst(0).fp16Data_[i] (0 and -26.34375) are not same 0 52886

src/tests/KernelTestCases.cpp:52: Failure
1055temp_fp16[0] and dim_data->output_npbst_.getBurst(0).fp16Data_[i] (0 and 22.359375) are not same 0 19863

src/tests/KernelTestCases.cpp:52: Failure
1056temp_fp16[0] and dim_data->output_npbst_.getBurst(0).fp16Data_[i] (0 and -9.3515625) are not same 0 51373

src/tests/KernelTestCases.cpp:52: Failure
1057temp_fp16[0] and dim_data->output_npbst_.getBurst(0).fp16Data_[i] (0 and -5.1953125) are not same 0 50482

src/tests/KernelTestCases.cpp:52: Failure
1058temp_fp16[0] and dim_data->output_npbst_.getBurst(0).fp16Data_[i] (0 and 36.40625) are not same 0 20621

src/tests/KernelTestCases.cpp:52: Failure
1059temp_fp16[0] and dim_data->output_npbst_.getBurst(0).fp16Data_[i] (0 and 40.40625) are not same 0 20749

src/tests/KernelTestCases.cpp:52: Failure
1060temp_fp16[0] and dim_data->output_npbst_.getBurst(0).fp16Data_[i] (0 and 9.0234375) are not same 0 18563

src/tests/KernelTestCases.cpp:52: Failure
1061temp_fp16[0] and dim_data->output_npbst_.getBurst(0).fp16Data_[i] (0 and 20.375) are not same 0 19736

src/tests/KernelTestCases.cpp:52: Failure
1062temp_fp16[0] and dim_data->output_npbst_.getBurst(0).fp16Data_[i] (0 and -10.9765625) are not same 0 51581

src/tests/KernelTestCases.cpp:52: Failure
1063temp_fp16[0] and dim_data->output_npbst_.getBurst(0).fp16Data_[i] (0 and -84.375) are not same 0 54598

src/tests/KernelTestCases.cpp:52: Failure
1064temp_fp16[0] and dim_data->output_npbst_.getBurst(0).fp16Data_[i] (0 and -55.25) are not same 0 53992

src/tests/KernelTestCases.cpp:52: Failure
1065temp_fp16[0] and dim_data->output_npbst_.getBurst(0).fp16Data_[i] (0 and -11.8828125) are not same 0 51697

src/tests/KernelTestCases.cpp:52: Failure
1066temp_fp16[0] and dim_data->output_npbst_.getBurst(0).fp16Data_[i] (0 and 46.5625) are not same 0 20946

src/tests/KernelTestCases.cpp:52: Failure
1067temp_fp16[0] and dim_data->output_npbst_.getBurst(0).fp16Data_[i] (0 and 21.796875) are not same 0 19827

src/tests/KernelTestCases.cpp:52: Failure
1068temp_fp16[0] and dim_data->output_npbst_.getBurst(0).fp16Data_[i] (0 and 26.625) are not same 0 20136

src/tests/KernelTestCases.cpp:52: Failure
1069temp_fp16[0] and dim_data->output_npbst_.getBurst(0).fp16Data_[i] (0 and 15.4765625) are not same 0 19389

src/tests/KernelTestCases.cpp:52: Failure
1070temp_fp16[0] and dim_data->output_npbst_.getBurst(0).fp16Data_[i] (0 and 37.1875) are not same 0 20646

src/tests/KernelTestCases.cpp:52: Failure
1071temp_fp16[0] and dim_data->output_npbst_.getBurst(0).fp16Data_[i] (0 and 23.78125) are not same 0 19954

src/tests/KernelTestCases.cpp:52: Failure
1072temp_fp16[0] and dim_data->output_npbst_.getBurst(0).fp16Data_[i] (0 and -4.125) are not same 0 50208

src/tests/KernelTestCases.cpp:52: Failure
1073temp_fp16[0] and dim_data->output_npbst_.getBurst(0).fp16Data_[i] (0 and 20.453125) are not same 0 19741

src/tests/KernelTestCases.cpp:52: Failure
1074temp_fp16[0] and dim_data->output_npbst_.getBurst(0).fp16Data_[i] (0 and -26.578125) are not same 0 52901

src/tests/KernelTestCases.cpp:52: Failure
1075temp_fp16[0] and dim_data->output_npbst_.getBurst(0).fp16Data_[i] (0 and -16.84375) are not same 0 52278

src/tests/KernelTestCases.cpp:52: Failure
1076temp_fp16[0] and dim_data->output_npbst_.getBurst(0).fp16Data_[i] (0 and -7.1484375) are not same 0 50982

src/tests/KernelTestCases.cpp:52: Failure
1077temp_fp16[0] and dim_data->output_npbst_.getBurst(0).fp16Data_[i] (0 and 4.08984375) are not same 0 17431

src/tests/KernelTestCases.cpp:52: Failure
1078temp_fp16[0] and dim_data->output_npbst_.getBurst(0).fp16Data_[i] (0 and 36.8125) are not same 0 20634

src/tests/KernelTestCases.cpp:52: Failure
1080temp_fp16[0] and dim_data->output_npbst_.getBurst(0).fp16Data_[i] (0 and -11.9375) are not same 0 51704

src/tests/KernelTestCases.cpp:52: Failure
1081temp_fp16[0] and dim_data->output_npbst_.getBurst(0).fp16Data_[i] (0 and -56.15625) are not same 0 54021

src/tests/KernelTestCases.cpp:52: Failure
1082temp_fp16[0] and dim_data->output_npbst_.getBurst(0).fp16Data_[i] (0 and 16.78125) are not same 0 19506

src/tests/KernelTestCases.cpp:52: Failure
1083temp_fp16[0] and dim_data->output_npbst_.getBurst(0).fp16Data_[i] (0 and 15.1015625) are not same 0 19341

src/tests/KernelTestCases.cpp:52: Failure
1084temp_fp16[0] and dim_data->output_npbst_.getBurst(0).fp16Data_[i] (0 and -4.26171875) are not same 0 50243

src/tests/KernelTestCases.cpp:52: Failure
1085temp_fp16[0] and dim_data->output_npbst_.getBurst(0).fp16Data_[i] (0 and -26.484375) are not same 0 52895

src/tests/KernelTestCases.cpp:52: Failure
1086temp_fp16[0] and dim_data->output_npbst_.getBurst(0).fp16Data_[i] (0 and 38.75) are not same 0 20696

src/tests/KernelTestCases.cpp:52: Failure
1087temp_fp16[0] and dim_data->output_npbst_.getBurst(0).fp16Data_[i] (0 and -29.640625) are not same 0 53097

src/tests/KernelTestCases.cpp:52: Failure
1088temp_fp16[0] and dim_data->output_npbst_.getBurst(0).fp16Data_[i] (0 and 47.03125) are not same 0 20961

src/tests/KernelTestCases.cpp:52: Failure
1089temp_fp16[0] and dim_data->output_npbst_.getBurst(0).fp16Data_[i] (0 and 41.125) are not same 0 20772

src/tests/KernelTestCases.cpp:52: Failure
1090temp_fp16[0] and dim_data->output_npbst_.getBurst(0).fp16Data_[i] (0 and 41.75) are not same 0 20792

src/tests/KernelTestCases.cpp:52: Failure
1091temp_fp16[0] and dim_data->output_npbst_.getBurst(0).fp16Data_[i] (0 and -0.84375) are not same 0 47808

src/tests/KernelTestCases.cpp:52: Failure
1092temp_fp16[0] and dim_data->output_npbst_.getBurst(0).fp16Data_[i] (0 and -32.03125) are not same 0 53249

src/tests/KernelTestCases.cpp:52: Failure
1093temp_fp16[0] and dim_data->output_npbst_.getBurst(0).fp16Data_[i] (0 and 35.8125) are not same 0 20602

src/tests/KernelTestCases.cpp:52: Failure
1094temp_fp16[0] and dim_data->output_npbst_.getBurst(0).fp16Data_[i] (0 and 41.4375) are not same 0 20782

src/tests/KernelTestCases.cpp:52: Failure
1095temp_fp16[0] and dim_data->output_npbst_.getBurst(0).fp16Data_[i] (0 and -88.25) are not same 0 54660

src/tests/KernelTestCases.cpp:52: Failure
1096temp_fp16[0] and dim_data->output_npbst_.getBurst(0).fp16Data_[i] (0 and -48.1875) are not same 0 53766

src/tests/KernelTestCases.cpp:52: Failure
1097temp_fp16[0] and dim_data->output_npbst_.getBurst(0).fp16Data_[i] (0 and -6.1875) are not same 0 50736

src/tests/KernelTestCases.cpp:52: Failure
1098temp_fp16[0] and dim_data->output_npbst_.getBurst(0).fp16Data_[i] (0 and -17.96875) are not same 0 52350

src/tests/KernelTestCases.cpp:52: Failure
1099temp_fp16[0] and dim_data->output_npbst_.getBurst(0).fp16Data_[i] (0 and 46.375) are not same 0 20940

src/tests/KernelTestCases.cpp:52: Failure
1101temp_fp16[0] and dim_data->output_npbst_.getBurst(0).fp16Data_[i] (0 and -24.921875) are not same 0 52795

src/tests/KernelTestCases.cpp:52: Failure
1102temp_fp16[0] and dim_data->output_npbst_.getBurst(0).fp16Data_[i] (0 and 4.62890625) are not same 0 17569

src/tests/KernelTestCases.cpp:52: Failure
1103temp_fp16[0] and dim_data->output_npbst_.getBurst(0).fp16Data_[i] (0 and -13.3359375) are not same 0 51883

src/tests/KernelTestCases.cpp:52: Failure
1104temp_fp16[0] and dim_data->output_npbst_.getBurst(0).fp16Data_[i] (0 and -29.125) are not same 0 53064

src/tests/KernelTestCases.cpp:52: Failure
1105temp_fp16[0] and dim_data->output_npbst_.getBurst(0).fp16Data_[i] (0 and 20.328125) are not same 0 19733

src/tests/KernelTestCases.cpp:52: Failure
1106temp_fp16[0] and dim_data->output_npbst_.getBurst(0).fp16Data_[i] (0 and 87.125) are not same 0 21874

src/tests/KernelTestCases.cpp:52: Failure
1107temp_fp16[0] and dim_data->output_npbst_.getBurst(0).fp16Data_[i] (0 and 11.703125) are not same 0 18906

src/tests/KernelTestCases.cpp:52: Failure
1108temp_fp16[0] and dim_data->output_npbst_.getBurst(0).fp16Data_[i] (0 and 9.765625) are not same 0 18658

src/tests/KernelTestCases.cpp:52: Failure
1109temp_fp16[0] and dim_data->output_npbst_.getBurst(0).fp16Data_[i] (0 and 21.71875) are not same 0 19822

src/tests/KernelTestCases.cpp:52: Failure
1110temp_fp16[0] and dim_data->output_npbst_.getBurst(0).fp16Data_[i] (0 and 42.90625) are not same 0 20829

src/tests/KernelTestCases.cpp:52: Failure
1111temp_fp16[0] and dim_data->output_npbst_.getBurst(0).fp16Data_[i] (0 and 11.5234375) are not same 0 18883

src/tests/KernelTestCases.cpp:52: Failure
1112temp_fp16[0] and dim_data->output_npbst_.getBurst(0).fp16Data_[i] (0 and -18.65625) are not same 0 52394

src/tests/KernelTestCases.cpp:52: Failure
1113temp_fp16[0] and dim_data->output_npbst_.getBurst(0).fp16Data_[i] (0 and -7.90234375) are not same 0 51175

src/tests/KernelTestCases.cpp:52: Failure
1114temp_fp16[0] and dim_data->output_npbst_.getBurst(0).fp16Data_[i] (0 and -22.84375) are not same 0 52662

src/tests/KernelTestCases.cpp:52: Failure
1115temp_fp16[0] and dim_data->output_npbst_.getBurst(0).fp16Data_[i] (0 and 40.75) are not same 0 20760

src/tests/KernelTestCases.cpp:52: Failure
1116temp_fp16[0] and dim_data->output_npbst_.getBurst(0).fp16Data_[i] (0 and 15.828125) are not same 0 19434

src/tests/KernelTestCases.cpp:52: Failure
1117temp_fp16[0] and dim_data->output_npbst_.getBurst(0).fp16Data_[i] (0 and -35.625) are not same 0 53364

src/tests/KernelTestCases.cpp:52: Failure
1118temp_fp16[0] and dim_data->output_npbst_.getBurst(0).fp16Data_[i] (0 and 22.828125) are not same 0 19893

src/tests/KernelTestCases.cpp:52: Failure
1119temp_fp16[0] and dim_data->output_npbst_.getBurst(0).fp16Data_[i] (0 and 11.9375) are not same 0 18936

src/tests/KernelTestCases.cpp:52: Failure
1120temp_fp16[0] and dim_data->output_npbst_.getBurst(0).fp16Data_[i] (0 and 14.7421875) are not same 0 19295

src/tests/KernelTestCases.cpp:52: Failure
1121temp_fp16[0] and dim_data->output_npbst_.getBurst(0).fp16Data_[i] (0 and -30.28125) are not same 0 53138

src/tests/KernelTestCases.cpp:52: Failure
1122temp_fp16[0] and dim_data->output_npbst_.getBurst(0).fp16Data_[i] (0 and 16.03125) are not same 0 19458

src/tests/KernelTestCases.cpp:52: Failure
1123temp_fp16[0] and dim_data->output_npbst_.getBurst(0).fp16Data_[i] (0 and 3.13671875) are not same 0 16966

src/tests/KernelTestCases.cpp:52: Failure
1124temp_fp16[0] and dim_data->output_npbst_.getBurst(0).fp16Data_[i] (0 and -28.9375) are not same 0 53052

src/tests/KernelTestCases.cpp:52: Failure
1125temp_fp16[0] and dim_data->output_npbst_.getBurst(0).fp16Data_[i] (0 and -7.7890625) are not same 0 51146

src/tests/KernelTestCases.cpp:52: Failure
1126temp_fp16[0] and dim_data->output_npbst_.getBurst(0).fp16Data_[i] (0 and 40.71875) are not same 0 20759

src/tests/KernelTestCases.cpp:52: Failure
1127temp_fp16[0] and dim_data->output_npbst_.getBurst(0).fp16Data_[i] (0 and 40.8125) are not same 0 20762

src/tests/KernelTestCases.cpp:52: Failure
1128temp_fp16[0] and dim_data->output_npbst_.getBurst(0).fp16Data_[i] (0 and 19.1875) are not same 0 19660

src/tests/KernelTestCases.cpp:52: Failure
1129temp_fp16[0] and dim_data->output_npbst_.getBurst(0).fp16Data_[i] (0 and -2.474609375) are not same 0 49395

src/tests/KernelTestCases.cpp:52: Failure
1130temp_fp16[0] and dim_data->output_npbst_.getBurst(0).fp16Data_[i] (0 and -34.9375) are not same 0 53342

src/tests/KernelTestCases.cpp:52: Failure
1131temp_fp16[0] and dim_data->output_npbst_.getBurst(0).fp16Data_[i] (0 and -21.9375) are not same 0 52604

src/tests/KernelTestCases.cpp:52: Failure
1132temp_fp16[0] and dim_data->output_npbst_.getBurst(0).fp16Data_[i] (0 and 11.390625) are not same 0 18866

src/tests/KernelTestCases.cpp:52: Failure
1133temp_fp16[0] and dim_data->output_npbst_.getBurst(0).fp16Data_[i] (0 and -12.296875) are not same 0 51750

src/tests/KernelTestCases.cpp:52: Failure
1134temp_fp16[0] and dim_data->output_npbst_.getBurst(0).fp16Data_[i] (0 and -27.1875) are not same 0 52940

src/tests/KernelTestCases.cpp:52: Failure
1135temp_fp16[0] and dim_data->output_npbst_.getBurst(0).fp16Data_[i] (0 and -9.953125) are not same 0 51450

src/tests/KernelTestCases.cpp:52: Failure
1136temp_fp16[0] and dim_data->output_npbst_.getBurst(0).fp16Data_[i] (0 and -16.453125) are not same 0 52253

src/tests/KernelTestCases.cpp:52: Failure
1137temp_fp16[0] and dim_data->output_npbst_.getBurst(0).fp16Data_[i] (0 and -32.5) are not same 0 53264

src/tests/KernelTestCases.cpp:52: Failure
1138temp_fp16[0] and dim_data->output_npbst_.getBurst(0).fp16Data_[i] (0 and 25.46875) are not same 0 20062

src/tests/KernelTestCases.cpp:52: Failure
1139temp_fp16[0] and dim_data->output_npbst_.getBurst(0).fp16Data_[i] (0 and 31.265625) are not same 0 20433

src/tests/KernelTestCases.cpp:52: Failure
1140temp_fp16[0] and dim_data->output_npbst_.getBurst(0).fp16Data_[i] (0 and -9.7890625) are not same 0 51429

src/tests/KernelTestCases.cpp:52: Failure
1141temp_fp16[0] and dim_data->output_npbst_.getBurst(0).fp16Data_[i] (0 and -45.21875) are not same 0 53671

src/tests/KernelTestCases.cpp:52: Failure
1142temp_fp16[0] and dim_data->output_npbst_.getBurst(0).fp16Data_[i] (0 and 13.3984375) are not same 0 19123

src/tests/KernelTestCases.cpp:52: Failure
1143temp_fp16[0] and dim_data->output_npbst_.getBurst(0).fp16Data_[i] (0 and -26.640625) are not same 0 52905

src/tests/KernelTestCases.cpp:52: Failure
1144temp_fp16[0] and dim_data->output_npbst_.getBurst(0).fp16Data_[i] (0 and 7.7890625) are not same 0 18378

src/tests/KernelTestCases.cpp:52: Failure
1146temp_fp16[0] and dim_data->output_npbst_.getBurst(0).fp16Data_[i] (0 and 23.671875) are not same 0 19947

src/tests/KernelTestCases.cpp:52: Failure
1147temp_fp16[0] and dim_data->output_npbst_.getBurst(0).fp16Data_[i] (0 and 17.515625) are not same 0 19553

src/tests/KernelTestCases.cpp:52: Failure
1148temp_fp16[0] and dim_data->output_npbst_.getBurst(0).fp16Data_[i] (0 and -37.5625) are not same 0 53426

src/tests/KernelTestCases.cpp:52: Failure
1149temp_fp16[0] and dim_data->output_npbst_.getBurst(0).fp16Data_[i] (0 and -19.90625) are not same 0 52474

src/tests/KernelTestCases.cpp:52: Failure
1150temp_fp16[0] and dim_data->output_npbst_.getBurst(0).fp16Data_[i] (0 and -24.34375) are not same 0 52758

src/tests/KernelTestCases.cpp:52: Failure
1151temp_fp16[0] and dim_data->output_npbst_.getBurst(0).fp16Data_[i] (0 and -23.0625) are not same 0 52676

src/tests/KernelTestCases.cpp:52: Failure
1152temp_fp16[0] and dim_data->output_npbst_.getBurst(0).fp16Data_[i] (0 and 26.453125) are not same 0 20125

src/tests/KernelTestCases.cpp:52: Failure
1153temp_fp16[0] and dim_data->output_npbst_.getBurst(0).fp16Data_[i] (0 and 37.0625) are not same 0 20642

src/tests/KernelTestCases.cpp:52: Failure
1154temp_fp16[0] and dim_data->output_npbst_.getBurst(0).fp16Data_[i] (0 and 9.3203125) are not same 0 18601

src/tests/KernelTestCases.cpp:52: Failure
1155temp_fp16[0] and dim_data->output_npbst_.getBurst(0).fp16Data_[i] (0 and 11.0546875) are not same 0 18823

src/tests/KernelTestCases.cpp:52: Failure
1156temp_fp16[0] and dim_data->output_npbst_.getBurst(0).fp16Data_[i] (0 and -7.77734375) are not same 0 51143

src/tests/KernelTestCases.cpp:52: Failure
1157temp_fp16[0] and dim_data->output_npbst_.getBurst(0).fp16Data_[i] (0 and 15.3984375) are not same 0 19379

src/tests/KernelTestCases.cpp:52: Failure
1158temp_fp16[0] and dim_data->output_npbst_.getBurst(0).fp16Data_[i] (0 and 42.28125) are not same 0 20809

src/tests/KernelTestCases.cpp:52: Failure
1159temp_fp16[0] and dim_data->output_npbst_.getBurst(0).fp16Data_[i] (0 and -15.1640625) are not same 0 52117

src/tests/KernelTestCases.cpp:52: Failure
1160temp_fp16[0] and dim_data->output_npbst_.getBurst(0).fp16Data_[i] (0 and 10.9296875) are not same 0 18807

src/tests/KernelTestCases.cpp:52: Failure
1161temp_fp16[0] and dim_data->output_npbst_.getBurst(0).fp16Data_[i] (0 and 35.125) are not same 0 20580

src/tests/KernelTestCases.cpp:52: Failure
1162temp_fp16[0] and dim_data->output_npbst_.getBurst(0).fp16Data_[i] (0 and -23.421875) are not same 0 52699

src/tests/KernelTestCases.cpp:52: Failure
1163temp_fp16[0] and dim_data->output_npbst_.getBurst(0).fp16Data_[i] (0 and -23.515625) are not same 0 52705

src/tests/KernelTestCases.cpp:52: Failure
1164temp_fp16[0] and dim_data->output_npbst_.getBurst(0).fp16Data_[i] (0 and 18.921875) are not same 0 19643

src/tests/KernelTestCases.cpp:52: Failure
1165temp_fp16[0] and dim_data->output_npbst_.getBurst(0).fp16Data_[i] (0 and 29.734375) are not same 0 20335

src/tests/KernelTestCases.cpp:52: Failure
1166temp_fp16[0] and dim_data->output_npbst_.getBurst(0).fp16Data_[i] (0 and 2.779296875) are not same 0 16783

src/tests/KernelTestCases.cpp:52: Failure
1167temp_fp16[0] and dim_data->output_npbst_.getBurst(0).fp16Data_[i] (0 and 21.546875) are not same 0 19811

src/tests/KernelTestCases.cpp:52: Failure
1168temp_fp16[0] and dim_data->output_npbst_.getBurst(0).fp16Data_[i] (0 and -19.3125) are not same 0 52436

src/tests/KernelTestCases.cpp:52: Failure
1169temp_fp16[0] and dim_data->output_npbst_.getBurst(0).fp16Data_[i] (0 and -0.90576171875) are not same 0 47935

src/tests/KernelTestCases.cpp:52: Failure
1170temp_fp16[0] and dim_data->output_npbst_.getBurst(0).fp16Data_[i] (0 and -11.6640625) are not same 0 51669

src/tests/KernelTestCases.cpp:52: Failure
1171temp_fp16[0] and dim_data->output_npbst_.getBurst(0).fp16Data_[i] (0 and -35.4375) are not same 0 53358

src/tests/KernelTestCases.cpp:52: Failure
1172temp_fp16[0] and dim_data->output_npbst_.getBurst(0).fp16Data_[i] (0 and -14.2421875) are not same 0 51999

src/tests/KernelTestCases.cpp:52: Failure
1173temp_fp16[0] and dim_data->output_npbst_.getBurst(0).fp16Data_[i] (0 and 8.9609375) are not same 0 18555

src/tests/KernelTestCases.cpp:52: Failure
1174temp_fp16[0] and dim_data->output_npbst_.getBurst(0).fp16Data_[i] (0 and 30.625) are not same 0 20392

src/tests/KernelTestCases.cpp:52: Failure
1175temp_fp16[0] and dim_data->output_npbst_.getBurst(0).fp16Data_[i] (0 and 12.3671875) are not same 0 18991

src/tests/KernelTestCases.cpp:52: Failure
1176temp_fp16[0] and dim_data->output_npbst_.getBurst(0).fp16Data_[i] (0 and 16.890625) are not same 0 19513

src/tests/KernelTestCases.cpp:52: Failure
1177temp_fp16[0] and dim_data->output_npbst_.getBurst(0).fp16Data_[i] (0 and -36.34375) are not same 0 53387

src/tests/KernelTestCases.cpp:52: Failure
1178temp_fp16[0] and dim_data->output_npbst_.getBurst(0).fp16Data_[i] (0 and -25.65625) are not same 0 52842

src/tests/KernelTestCases.cpp:52: Failure
1179temp_fp16[0] and dim_data->output_npbst_.getBurst(0).fp16Data_[i] (0 and -28.5) are not same 0 53024

src/tests/KernelTestCases.cpp:52: Failure
1180temp_fp16[0] and dim_data->output_npbst_.getBurst(0).fp16Data_[i] (0 and 78.75) are not same 0 21740

src/tests/KernelTestCases.cpp:52: Failure
1181temp_fp16[0] and dim_data->output_npbst_.getBurst(0).fp16Data_[i] (0 and -97.625) are not same 0 54810

src/tests/KernelTestCases.cpp:52: Failure
1182temp_fp16[0] and dim_data->output_npbst_.getBurst(0).fp16Data_[i] (0 and 55.53125) are not same 0 21233

src/tests/KernelTestCases.cpp:52: Failure
1183temp_fp16[0] and dim_data->output_npbst_.getBurst(0).fp16Data_[i] (0 and -5.5546875) are not same 0 50574

src/tests/KernelTestCases.cpp:52: Failure
1184temp_fp16[0] and dim_data->output_npbst_.getBurst(0).fp16Data_[i] (0 and -7.47265625) are not same 0 51065

src/tests/KernelTestCases.cpp:52: Failure
1185temp_fp16[0] and dim_data->output_npbst_.getBurst(0).fp16Data_[i] (0 and -57.5) are not same 0 54064

src/tests/KernelTestCases.cpp:52: Failure
1186temp_fp16[0] and dim_data->output_npbst_.getBurst(0).fp16Data_[i] (0 and 5.75390625) are not same 0 17857

src/tests/KernelTestCases.cpp:52: Failure
1187temp_fp16[0] and dim_data->output_npbst_.getBurst(0).fp16Data_[i] (0 and 11.3046875) are not same 0 18855

src/tests/KernelTestCases.cpp:52: Failure
1188temp_fp16[0] and dim_data->output_npbst_.getBurst(0).fp16Data_[i] (0 and 28.09375) are not same 0 20230

src/tests/KernelTestCases.cpp:52: Failure
1189temp_fp16[0] and dim_data->output_npbst_.getBurst(0).fp16Data_[i] (0 and 18.828125) are not same 0 19637

src/tests/KernelTestCases.cpp:52: Failure
1190temp_fp16[0] and dim_data->output_npbst_.getBurst(0).fp16Data_[i] (0 and 15.546875) are not same 0 19398

src/tests/KernelTestCases.cpp:52: Failure
1191temp_fp16[0] and dim_data->output_npbst_.getBurst(0).fp16Data_[i] (0 and -17.4375) are not same 0 52316

src/tests/KernelTestCases.cpp:52: Failure
1192temp_fp16[0] and dim_data->output_npbst_.getBurst(0).fp16Data_[i] (0 and -39.8125) are not same 0 53498

src/tests/KernelTestCases.cpp:52: Failure
1193temp_fp16[0] and dim_data->output_npbst_.getBurst(0).fp16Data_[i] (0 and -10.515625) are not same 0 51522

src/tests/KernelTestCases.cpp:52: Failure
1194temp_fp16[0] and dim_data->output_npbst_.getBurst(0).fp16Data_[i] (0 and -6.953125) are not same 0 50932

src/tests/KernelTestCases.cpp:52: Failure
1195temp_fp16[0] and dim_data->output_npbst_.getBurst(0).fp16Data_[i] (0 and -27.671875) are not same 0 52971

src/tests/KernelTestCases.cpp:52: Failure
1196temp_fp16[0] and dim_data->output_npbst_.getBurst(0).fp16Data_[i] (0 and 5.11328125) are not same 0 17693

src/tests/KernelTestCases.cpp:52: Failure
1197temp_fp16[0] and dim_data->output_npbst_.getBurst(0).fp16Data_[i] (0 and -7.83984375) are not same 0 51159

src/tests/KernelTestCases.cpp:52: Failure
1198temp_fp16[0] and dim_data->output_npbst_.getBurst(0).fp16Data_[i] (0 and 56.375) are not same 0 21260

src/tests/KernelTestCases.cpp:52: Failure
1199temp_fp16[0] and dim_data->output_npbst_.getBurst(0).fp16Data_[i] (0 and -17.203125) are not same 0 52301

src/tests/KernelTestCases.cpp:52: Failure
1200temp_fp16[0] and dim_data->output_npbst_.getBurst(0).fp16Data_[i] (0 and -24.703125) are not same 0 52781

src/tests/KernelTestCases.cpp:52: Failure
1201temp_fp16[0] and dim_data->output_npbst_.getBurst(0).fp16Data_[i] (0 and -19.734375) are not same 0 52463

src/tests/KernelTestCases.cpp:52: Failure
1202temp_fp16[0] and dim_data->output_npbst_.getBurst(0).fp16Data_[i] (0 and 33.4375) are not same 0 20526

src/tests/KernelTestCases.cpp:52: Failure
1203temp_fp16[0] and dim_data->output_npbst_.getBurst(0).fp16Data_[i] (0 and -13.5625) are not same 0 51912

src/tests/KernelTestCases.cpp:52: Failure
1204temp_fp16[0] and dim_data->output_npbst_.getBurst(0).fp16Data_[i] (0 and -22.1875) are not same 0 52620

src/tests/KernelTestCases.cpp:52: Failure
1205temp_fp16[0] and dim_data->output_npbst_.getBurst(0).fp16Data_[i] (0 and 49.78125) are not same 0 21049

src/tests/KernelTestCases.cpp:52: Failure
1206temp_fp16[0] and dim_data->output_npbst_.getBurst(0).fp16Data_[i] (0 and -30.328125) are not same 0 53141

src/tests/KernelTestCases.cpp:52: Failure
1207temp_fp16[0] and dim_data->output_npbst_.getBurst(0).fp16Data_[i] (0 and -4.3515625) are not same 0 50266

src/tests/KernelTestCases.cpp:52: Failure
1208temp_fp16[0] and dim_data->output_npbst_.getBurst(0).fp16Data_[i] (0 and -2.32421875) are not same 0 49318

src/tests/KernelTestCases.cpp:52: Failure
1209temp_fp16[0] and dim_data->output_npbst_.getBurst(0).fp16Data_[i] (0 and 27.59375) are not same 0 20198

src/tests/KernelTestCases.cpp:52: Failure
1210temp_fp16[0] and dim_data->output_npbst_.getBurst(0).fp16Data_[i] (0 and 3.65234375) are not same 0 17230

src/tests/KernelTestCases.cpp:52: Failure
1211temp_fp16[0] and dim_data->output_npbst_.getBurst(0).fp16Data_[i] (0 and 25.921875) are not same 0 20091

src/tests/KernelTestCases.cpp:52: Failure
1212temp_fp16[0] and dim_data->output_npbst_.getBurst(0).fp16Data_[i] (0 and -48.03125) are not same 0 53761

src/tests/KernelTestCases.cpp:52: Failure
1213temp_fp16[0] and dim_data->output_npbst_.getBurst(0).fp16Data_[i] (0 and -20.109375) are not same 0 52487

src/tests/KernelTestCases.cpp:52: Failure
1214temp_fp16[0] and dim_data->output_npbst_.getBurst(0).fp16Data_[i] (0 and 6.28515625) are not same 0 17993

src/tests/KernelTestCases.cpp:52: Failure
1215temp_fp16[0] and dim_data->output_npbst_.getBurst(0).fp16Data_[i] (0 and 48.34375) are not same 0 21003

src/tests/KernelTestCases.cpp:52: Failure
1216temp_fp16[0] and dim_data->output_npbst_.getBurst(0).fp16Data_[i] (0 and 13.734375) are not same 0 19166

src/tests/KernelTestCases.cpp:52: Failure
1217temp_fp16[0] and dim_data->output_npbst_.getBurst(0).fp16Data_[i] (0 and -36.03125) are not same 0 53377

src/tests/KernelTestCases.cpp:52: Failure
1218temp_fp16[0] and dim_data->output_npbst_.getBurst(0).fp16Data_[i] (0 and -40.4375) are not same 0 53518

src/tests/KernelTestCases.cpp:52: Failure
1219temp_fp16[0] and dim_data->output_npbst_.getBurst(0).fp16Data_[i] (0 and -36.28125) are not same 0 53385

src/tests/KernelTestCases.cpp:52: Failure
1220temp_fp16[0] and dim_data->output_npbst_.getBurst(0).fp16Data_[i] (0 and 8.7421875) are not same 0 18527

src/tests/KernelTestCases.cpp:52: Failure
1221temp_fp16[0] and dim_data->output_npbst_.getBurst(0).fp16Data_[i] (0 and -19.203125) are not same 0 52429

src/tests/KernelTestCases.cpp:52: Failure
1222temp_fp16[0] and dim_data->output_npbst_.getBurst(0).fp16Data_[i] (0 and 42.5625) are not same 0 20818

src/tests/KernelTestCases.cpp:52: Failure
1223temp_fp16[0] and dim_data->output_npbst_.getBurst(0).fp16Data_[i] (0 and 27.296875) are not same 0 20179

src/tests/KernelTestCases.cpp:52: Failure
1224temp_fp16[0] and dim_data->output_npbst_.getBurst(0).fp16Data_[i] (0 and -50) are not same 0 53824

src/tests/KernelTestCases.cpp:52: Failure
1225temp_fp16[0] and dim_data->output_npbst_.getBurst(0).fp16Data_[i] (0 and 2.173828125) are not same 0 16473

src/tests/KernelTestCases.cpp:52: Failure
1226temp_fp16[0] and dim_data->output_npbst_.getBurst(0).fp16Data_[i] (0 and -9.46875) are not same 0 51388

src/tests/KernelTestCases.cpp:52: Failure
1227temp_fp16[0] and dim_data->output_npbst_.getBurst(0).fp16Data_[i] (0 and 19.046875) are not same 0 19651

src/tests/KernelTestCases.cpp:52: Failure
1228temp_fp16[0] and dim_data->output_npbst_.getBurst(0).fp16Data_[i] (0 and -26.9375) are not same 0 52924

src/tests/KernelTestCases.cpp:52: Failure
1229temp_fp16[0] and dim_data->output_npbst_.getBurst(0).fp16Data_[i] (0 and -1.6064453125) are not same 0 48749

src/tests/KernelTestCases.cpp:52: Failure
1230temp_fp16[0] and dim_data->output_npbst_.getBurst(0).fp16Data_[i] (0 and 31.734375) are not same 0 20463

src/tests/KernelTestCases.cpp:52: Failure
1231temp_fp16[0] and dim_data->output_npbst_.getBurst(0).fp16Data_[i] (0 and -28.359375) are not same 0 53015

src/tests/KernelTestCases.cpp:52: Failure
1232temp_fp16[0] and dim_data->output_npbst_.getBurst(0).fp16Data_[i] (0 and -24.234375) are not same 0 52751

src/tests/KernelTestCases.cpp:52: Failure
1233temp_fp16[0] and dim_data->output_npbst_.getBurst(0).fp16Data_[i] (0 and 11.203125) are not same 0 18842

src/tests/KernelTestCases.cpp:52: Failure
1234temp_fp16[0] and dim_data->output_npbst_.getBurst(0).fp16Data_[i] (0 and 47.875) are not same 0 20988

src/tests/KernelTestCases.cpp:52: Failure
1235temp_fp16[0] and dim_data->output_npbst_.getBurst(0).fp16Data_[i] (0 and -46) are not same 0 53696

src/tests/KernelTestCases.cpp:52: Failure
1236temp_fp16[0] and dim_data->output_npbst_.getBurst(0).fp16Data_[i] (0 and -10.1953125) are not same 0 51481

src/tests/KernelTestCases.cpp:52: Failure
1237temp_fp16[0] and dim_data->output_npbst_.getBurst(0).fp16Data_[i] (0 and -39.90625) are not same 0 53501

src/tests/KernelTestCases.cpp:52: Failure
1238temp_fp16[0] and dim_data->output_npbst_.getBurst(0).fp16Data_[i] (0 and 19.796875) are not same 0 19699

src/tests/KernelTestCases.cpp:52: Failure
1239temp_fp16[0] and dim_data->output_npbst_.getBurst(0).fp16Data_[i] (0 and 36.84375) are not same 0 20635

src/tests/KernelTestCases.cpp:52: Failure
1240temp_fp16[0] and dim_data->output_npbst_.getBurst(0).fp16Data_[i] (0 and 8.5390625) are not same 0 18501

src/tests/KernelTestCases.cpp:52: Failure
1241temp_fp16[0] and dim_data->output_npbst_.getBurst(0).fp16Data_[i] (0 and -8.1015625) are not same 0 51213

src/tests/KernelTestCases.cpp:52: Failure
1242temp_fp16[0] and dim_data->output_npbst_.getBurst(0).fp16Data_[i] (0 and 30.765625) are not same 0 20401

src/tests/KernelTestCases.cpp:52: Failure
1243temp_fp16[0] and dim_data->output_npbst_.getBurst(0).fp16Data_[i] (0 and 49.46875) are not same 0 21039

src/tests/KernelTestCases.cpp:52: Failure
1244temp_fp16[0] and dim_data->output_npbst_.getBurst(0).fp16Data_[i] (0 and -8.71875) are not same 0 51292

src/tests/KernelTestCases.cpp:52: Failure
1245temp_fp16[0] and dim_data->output_npbst_.getBurst(0).fp16Data_[i] (0 and 3.640625) are not same 0 17224

src/tests/KernelTestCases.cpp:52: Failure
1246temp_fp16[0] and dim_data->output_npbst_.getBurst(0).fp16Data_[i] (0 and 6.1640625) are not same 0 17962

src/tests/KernelTestCases.cpp:52: Failure
1247temp_fp16[0] and dim_data->output_npbst_.getBurst(0).fp16Data_[i] (0 and -1.7861328125) are not same 0 48933

src/tests/KernelTestCases.cpp:52: Failure
1248temp_fp16[0] and dim_data->output_npbst_.getBurst(0).fp16Data_[i] (0 and 12.4375) are not same 0 19000

src/tests/KernelTestCases.cpp:52: Failure
1249temp_fp16[0] and dim_data->output_npbst_.getBurst(0).fp16Data_[i] (0 and 58.71875) are not same 0 21335

src/tests/KernelTestCases.cpp:52: Failure
1250temp_fp16[0] and dim_data->output_npbst_.getBurst(0).fp16Data_[i] (0 and 6.3203125) are not same 0 18002

src/tests/KernelTestCases.cpp:52: Failure
1251temp_fp16[0] and dim_data->output_npbst_.getBurst(0).fp16Data_[i] (0 and -37.78125) are not same 0 53433

src/tests/KernelTestCases.cpp:52: Failure
1252temp_fp16[0] and dim_data->output_npbst_.getBurst(0).fp16Data_[i] (0 and -5.91015625) are not same 0 50665

src/tests/KernelTestCases.cpp:52: Failure
1253temp_fp16[0] and dim_data->output_npbst_.getBurst(0).fp16Data_[i] (0 and -35.375) are not same 0 53356

src/tests/KernelTestCases.cpp:52: Failure
1254temp_fp16[0] and dim_data->output_npbst_.getBurst(0).fp16Data_[i] (0 and 15.5078125) are not same 0 19393

src/tests/KernelTestCases.cpp:52: Failure
1255temp_fp16[0] and dim_data->output_npbst_.getBurst(0).fp16Data_[i] (0 and -1.4326171875) are not same 0 48571

src/tests/KernelTestCases.cpp:52: Failure
1256temp_fp16[0] and dim_data->output_npbst_.getBurst(0).fp16Data_[i] (0 and -43.15625) are not same 0 53605

src/tests/KernelTestCases.cpp:52: Failure
1257temp_fp16[0] and dim_data->output_npbst_.getBurst(0).fp16Data_[i] (0 and 22.046875) are not same 0 19843

src/tests/KernelTestCases.cpp:52: Failure
1258temp_fp16[0] and dim_data->output_npbst_.getBurst(0).fp16Data_[i] (0 and 14.7734375) are not same 0 19299

src/tests/KernelTestCases.cpp:52: Failure
1259temp_fp16[0] and dim_data->output_npbst_.getBurst(0).fp16Data_[i] (0 and -47.5625) are not same 0 53746

src/tests/KernelTestCases.cpp:52: Failure
1260temp_fp16[0] and dim_data->output_npbst_.getBurst(0).fp16Data_[i] (0 and -36.8125) are not same 0 53402

src/tests/KernelTestCases.cpp:52: Failure
1261temp_fp16[0] and dim_data->output_npbst_.getBurst(0).fp16Data_[i] (0 and -10.9609375) are not same 0 51579

src/tests/KernelTestCases.cpp:52: Failure
1262temp_fp16[0] and dim_data->output_npbst_.getBurst(0).fp16Data_[i] (0 and -11.265625) are not same 0 51618

src/tests/KernelTestCases.cpp:52: Failure
1263temp_fp16[0] and dim_data->output_npbst_.getBurst(0).fp16Data_[i] (0 and 54.71875) are not same 0 21207

src/tests/KernelTestCases.cpp:52: Failure
1264temp_fp16[0] and dim_data->output_npbst_.getBurst(0).fp16Data_[i] (0 and 30.328125) are not same 0 20373

src/tests/KernelTestCases.cpp:52: Failure
1265temp_fp16[0] and dim_data->output_npbst_.getBurst(0).fp16Data_[i] (0 and 16.875) are not same 0 19512

src/tests/KernelTestCases.cpp:52: Failure
1266temp_fp16[0] and dim_data->output_npbst_.getBurst(0).fp16Data_[i] (0 and -58.1875) are not same 0 54086

src/tests/KernelTestCases.cpp:52: Failure
1267temp_fp16[0] and dim_data->output_npbst_.getBurst(0).fp16Data_[i] (0 and -17.53125) are not same 0 52322

src/tests/KernelTestCases.cpp:52: Failure
1268temp_fp16[0] and dim_data->output_npbst_.getBurst(0).fp16Data_[i] (0 and 29.34375) are not same 0 20310

src/tests/KernelTestCases.cpp:52: Failure
1269temp_fp16[0] and dim_data->output_npbst_.getBurst(0).fp16Data_[i] (0 and 56.53125) are not same 0 21265

src/tests/KernelTestCases.cpp:52: Failure
1270temp_fp16[0] and dim_data->output_npbst_.getBurst(0).fp16Data_[i] (0 and 80.25) are not same 0 21764

src/tests/KernelTestCases.cpp:52: Failure
1271temp_fp16[0] and dim_data->output_npbst_.getBurst(0).fp16Data_[i] (0 and -48) are not same 0 53760

src/tests/KernelTestCases.cpp:52: Failure
1272temp_fp16[0] and dim_data->output_npbst_.getBurst(0).fp16Data_[i] (0 and -36.625) are not same 0 53396

src/tests/KernelTestCases.cpp:52: Failure
1273temp_fp16[0] and dim_data->output_npbst_.getBurst(0).fp16Data_[i] (0 and 31.5) are not same 0 20448

src/tests/KernelTestCases.cpp:52: Failure
1274temp_fp16[0] and dim_data->output_npbst_.getBurst(0).fp16Data_[i] (0 and -33.59375) are not same 0 53299

src/tests/KernelTestCases.cpp:52: Failure
1275temp_fp16[0] and dim_data->output_npbst_.getBurst(0).fp16Data_[i] (0 and 57.6875) are not same 0 21302

src/tests/KernelTestCases.cpp:52: Failure
1276temp_fp16[0] and dim_data->output_npbst_.getBurst(0).fp16Data_[i] (0 and 74.125) are not same 0 21666

src/tests/KernelTestCases.cpp:52: Failure
1277temp_fp16[0] and dim_data->output_npbst_.getBurst(0).fp16Data_[i] (0 and 23.25) are not same 0 19920

src/tests/KernelTestCases.cpp:52: Failure
1278temp_fp16[0] and dim_data->output_npbst_.getBurst(0).fp16Data_[i] (0 and 5.875) are not same 0 17888

src/tests/KernelTestCases.cpp:52: Failure
1279temp_fp16[0] and dim_data->output_npbst_.getBurst(0).fp16Data_[i] (0 and 37.375) are not same 0 20652

src/tests/KernelTestCases.cpp:52: Failure
1280temp_fp16[0] and dim_data->output_npbst_.getBurst(0).fp16Data_[i] (0 and 3.859375) are not same 0 17336

src/tests/KernelTestCases.cpp:52: Failure
1281temp_fp16[0] and dim_data->output_npbst_.getBurst(0).fp16Data_[i] (0 and 21.21875) are not same 0 19790

src/tests/KernelTestCases.cpp:52: Failure
1282temp_fp16[0] and dim_data->output_npbst_.getBurst(0).fp16Data_[i] (0 and -32.21875) are not same 0 53255

src/tests/KernelTestCases.cpp:52: Failure
1283temp_fp16[0] and dim_data->output_npbst_.getBurst(0).fp16Data_[i] (0 and -57.5625) are not same 0 54066

src/tests/KernelTestCases.cpp:52: Failure
1284temp_fp16[0] and dim_data->output_npbst_.getBurst(0).fp16Data_[i] (0 and 13.140625) are not same 0 19090

src/tests/KernelTestCases.cpp:52: Failure
1285temp_fp16[0] and dim_data->output_npbst_.getBurst(0).fp16Data_[i] (0 and -22.28125) are not same 0 52626

src/tests/KernelTestCases.cpp:52: Failure
1287temp_fp16[0] and dim_data->output_npbst_.getBurst(0).fp16Data_[i] (0 and -17.265625) are not same 0 52305

src/tests/KernelTestCases.cpp:52: Failure
1288temp_fp16[0] and dim_data->output_npbst_.getBurst(0).fp16Data_[i] (0 and -7.20703125) are not same 0 50997

src/tests/KernelTestCases.cpp:52: Failure
1289temp_fp16[0] and dim_data->output_npbst_.getBurst(0).fp16Data_[i] (0 and 21.078125) are not same 0 19781

src/tests/KernelTestCases.cpp:52: Failure
1290temp_fp16[0] and dim_data->output_npbst_.getBurst(0).fp16Data_[i] (0 and 42.46875) are not same 0 20815

src/tests/KernelTestCases.cpp:52: Failure
1291temp_fp16[0] and dim_data->output_npbst_.getBurst(0).fp16Data_[i] (0 and 5.96484375) are not same 0 17911

src/tests/KernelTestCases.cpp:52: Failure
1292temp_fp16[0] and dim_data->output_npbst_.getBurst(0).fp16Data_[i] (0 and 8.890625) are not same 0 18546

src/tests/KernelTestCases.cpp:52: Failure
1293temp_fp16[0] and dim_data->output_npbst_.getBurst(0).fp16Data_[i] (0 and -32.0625) are not same 0 53250

src/tests/KernelTestCases.cpp:52: Failure
1294temp_fp16[0] and dim_data->output_npbst_.getBurst(0).fp16Data_[i] (0 and 29.296875) are not same 0 20307

src/tests/KernelTestCases.cpp:52: Failure
1295temp_fp16[0] and dim_data->output_npbst_.getBurst(0).fp16Data_[i] (0 and -28.34375) are not same 0 53014

src/tests/KernelTestCases.cpp:52: Failure
1296temp_fp16[0] and dim_data->output_npbst_.getBurst(0).fp16Data_[i] (0 and 26.375) are not same 0 20120

src/tests/KernelTestCases.cpp:52: Failure
1297temp_fp16[0] and dim_data->output_npbst_.getBurst(0).fp16Data_[i] (0 and -1.3662109375) are not same 0 48503

src/tests/KernelTestCases.cpp:52: Failure
1298temp_fp16[0] and dim_data->output_npbst_.getBurst(0).fp16Data_[i] (0 and 12.5390625) are not same 0 19013

src/tests/KernelTestCases.cpp:52: Failure
1299temp_fp16[0] and dim_data->output_npbst_.getBurst(0).fp16Data_[i] (0 and -36.46875) are not same 0 53391

src/tests/KernelTestCases.cpp:52: Failure
1300temp_fp16[0] and dim_data->output_npbst_.getBurst(0).fp16Data_[i] (0 and 54.40625) are not same 0 21197

src/tests/KernelTestCases.cpp:52: Failure
1301temp_fp16[0] and dim_data->output_npbst_.getBurst(0).fp16Data_[i] (0 and -17.90625) are not same 0 52346

src/tests/KernelTestCases.cpp:52: Failure
1302temp_fp16[0] and dim_data->output_npbst_.getBurst(0).fp16Data_[i] (0 and -7.93359375) are not same 0 51183

src/tests/KernelTestCases.cpp:52: Failure
1303temp_fp16[0] and dim_data->output_npbst_.getBurst(0).fp16Data_[i] (0 and 25.609375) are not same 0 20071

src/tests/KernelTestCases.cpp:52: Failure
1304temp_fp16[0] and dim_data->output_npbst_.getBurst(0).fp16Data_[i] (0 and -1.1611328125) are not same 0 48293

src/tests/KernelTestCases.cpp:52: Failure
1305temp_fp16[0] and dim_data->output_npbst_.getBurst(0).fp16Data_[i] (0 and 11.53125) are not same 0 18884

src/tests/KernelTestCases.cpp:52: Failure
1306temp_fp16[0] and dim_data->output_npbst_.getBurst(0).fp16Data_[i] (0 and -55.625) are not same 0 54004

src/tests/KernelTestCases.cpp:52: Failure
1307temp_fp16[0] and dim_data->output_npbst_.getBurst(0).fp16Data_[i] (0 and -11.4453125) are not same 0 51641

src/tests/KernelTestCases.cpp:52: Failure
1308temp_fp16[0] and dim_data->output_npbst_.getBurst(0).fp16Data_[i] (0 and -19.6875) are not same 0 52460

src/tests/KernelTestCases.cpp:52: Failure
1309temp_fp16[0] and dim_data->output_npbst_.getBurst(0).fp16Data_[i] (0 and -8.5546875) are not same 0 51271

src/tests/KernelTestCases.cpp:52: Failure
1310temp_fp16[0] and dim_data->output_npbst_.getBurst(0).fp16Data_[i] (0 and -31.359375) are not same 0 53207

src/tests/KernelTestCases.cpp:52: Failure
1311temp_fp16[0] and dim_data->output_npbst_.getBurst(0).fp16Data_[i] (0 and -8.0390625) are not same 0 51205

src/tests/KernelTestCases.cpp:52: Failure
1312temp_fp16[0] and dim_data->output_npbst_.getBurst(0).fp16Data_[i] (0 and -52) are not same 0 53888

src/tests/KernelTestCases.cpp:52: Failure
1313temp_fp16[0] and dim_data->output_npbst_.getBurst(0).fp16Data_[i] (0 and 14.8203125) are not same 0 19305

src/tests/KernelTestCases.cpp:52: Failure
1314temp_fp16[0] and dim_data->output_npbst_.getBurst(0).fp16Data_[i] (0 and 16.796875) are not same 0 19507

src/tests/KernelTestCases.cpp:52: Failure
1315temp_fp16[0] and dim_data->output_npbst_.getBurst(0).fp16Data_[i] (0 and -18.796875) are not same 0 52403

src/tests/KernelTestCases.cpp:52: Failure
1316temp_fp16[0] and dim_data->output_npbst_.getBurst(0).fp16Data_[i] (0 and -63.15625) are not same 0 54245

src/tests/KernelTestCases.cpp:52: Failure
1317temp_fp16[0] and dim_data->output_npbst_.getBurst(0).fp16Data_[i] (0 and 18.84375) are not same 0 19638

src/tests/KernelTestCases.cpp:52: Failure
1318temp_fp16[0] and dim_data->output_npbst_.getBurst(0).fp16Data_[i] (0 and -11) are not same 0 51584

src/tests/KernelTestCases.cpp:52: Failure
1319temp_fp16[0] and dim_data->output_npbst_.getBurst(0).fp16Data_[i] (0 and 31.84375) are not same 0 20470

src/tests/KernelTestCases.cpp:52: Failure
1320temp_fp16[0] and dim_data->output_npbst_.getBurst(0).fp16Data_[i] (0 and -6.54296875) are not same 0 50827

src/tests/KernelTestCases.cpp:52: Failure
1321temp_fp16[0] and dim_data->output_npbst_.getBurst(0).fp16Data_[i] (0 and -16.296875) are not same 0 52243

src/tests/KernelTestCases.cpp:52: Failure
1322temp_fp16[0] and dim_data->output_npbst_.getBurst(0).fp16Data_[i] (0 and -32) are not same 0 53248

src/tests/KernelTestCases.cpp:52: Failure
1323temp_fp16[0] and dim_data->output_npbst_.getBurst(0).fp16Data_[i] (0 and 3.326171875) are not same 0 17063

src/tests/KernelTestCases.cpp:52: Failure
1324temp_fp16[0] and dim_data->output_npbst_.getBurst(0).fp16Data_[i] (0 and -17.453125) are not same 0 52317

src/tests/KernelTestCases.cpp:52: Failure
1325temp_fp16[0] and dim_data->output_npbst_.getBurst(0).fp16Data_[i] (0 and -11.984375) are not same 0 51710

src/tests/KernelTestCases.cpp:52: Failure
1326temp_fp16[0] and dim_data->output_npbst_.getBurst(0).fp16Data_[i] (0 and 20.390625) are not same 0 19737

src/tests/KernelTestCases.cpp:52: Failure
1327temp_fp16[0] and dim_data->output_npbst_.getBurst(0).fp16Data_[i] (0 and 19.140625) are not same 0 19657

src/tests/KernelTestCases.cpp:52: Failure
1328temp_fp16[0] and dim_data->output_npbst_.getBurst(0).fp16Data_[i] (0 and -28.796875) are not same 0 53043

src/tests/KernelTestCases.cpp:52: Failure
1329temp_fp16[0] and dim_data->output_npbst_.getBurst(0).fp16Data_[i] (0 and -48.0625) are not same 0 53762

src/tests/KernelTestCases.cpp:52: Failure
1330temp_fp16[0] and dim_data->output_npbst_.getBurst(0).fp16Data_[i] (0 and -30.765625) are not same 0 53169

src/tests/KernelTestCases.cpp:52: Failure
1331temp_fp16[0] and dim_data->output_npbst_.getBurst(0).fp16Data_[i] (0 and -33.4375) are not same 0 53294

src/tests/KernelTestCases.cpp:52: Failure
1332temp_fp16[0] and dim_data->output_npbst_.getBurst(0).fp16Data_[i] (0 and -2.66796875) are not same 0 49494

src/tests/KernelTestCases.cpp:52: Failure
1334temp_fp16[0] and dim_data->output_npbst_.getBurst(0).fp16Data_[i] (0 and -9.1015625) are not same 0 51341

src/tests/KernelTestCases.cpp:52: Failure
1335temp_fp16[0] and dim_data->output_npbst_.getBurst(0).fp16Data_[i] (0 and 29.90625) are not same 0 20346

src/tests/KernelTestCases.cpp:52: Failure
1336temp_fp16[0] and dim_data->output_npbst_.getBurst(0).fp16Data_[i] (0 and 16.875) are not same 0 19512

src/tests/KernelTestCases.cpp:52: Failure
1337temp_fp16[0] and dim_data->output_npbst_.getBurst(0).fp16Data_[i] (0 and -23.65625) are not same 0 52714

src/tests/KernelTestCases.cpp:52: Failure
1338temp_fp16[0] and dim_data->output_npbst_.getBurst(0).fp16Data_[i] (0 and 7.46484375) are not same 0 18295

src/tests/KernelTestCases.cpp:52: Failure
1339temp_fp16[0] and dim_data->output_npbst_.getBurst(0).fp16Data_[i] (0 and 35.03125) are not same 0 20577

src/tests/KernelTestCases.cpp:52: Failure
1340temp_fp16[0] and dim_data->output_npbst_.getBurst(0).fp16Data_[i] (0 and -1.4658203125) are not same 0 48605

src/tests/KernelTestCases.cpp:52: Failure
1341temp_fp16[0] and dim_data->output_npbst_.getBurst(0).fp16Data_[i] (0 and -22.65625) are not same 0 52650

src/tests/KernelTestCases.cpp:52: Failure
1342temp_fp16[0] and dim_data->output_npbst_.getBurst(0).fp16Data_[i] (0 and 24.625) are not same 0 20008

src/tests/KernelTestCases.cpp:52: Failure
1343temp_fp16[0] and dim_data->output_npbst_.getBurst(0).fp16Data_[i] (0 and 5.3984375) are not same 0 17766

src/tests/KernelTestCases.cpp:52: Failure
1344temp_fp16[0] and dim_data->output_npbst_.getBurst(0).fp16Data_[i] (0 and 36.3125) are not same 0 20618

src/tests/KernelTestCases.cpp:52: Failure
1345temp_fp16[0] and dim_data->output_npbst_.getBurst(0).fp16Data_[i] (0 and -9) are not same 0 51328

src/tests/KernelTestCases.cpp:52: Failure
1346temp_fp16[0] and dim_data->output_npbst_.getBurst(0).fp16Data_[i] (0 and -16.265625) are not same 0 52241

src/tests/KernelTestCases.cpp:52: Failure
1347temp_fp16[0] and dim_data->output_npbst_.getBurst(0).fp16Data_[i] (0 and 10.8671875) are not same 0 18799

src/tests/KernelTestCases.cpp:52: Failure
1348temp_fp16[0] and dim_data->output_npbst_.getBurst(0).fp16Data_[i] (0 and -11.2109375) are not same 0 51611

src/tests/KernelTestCases.cpp:52: Failure
1349temp_fp16[0] and dim_data->output_npbst_.getBurst(0).fp16Data_[i] (0 and 40.09375) are not same 0 20739

src/tests/KernelTestCases.cpp:52: Failure
1350temp_fp16[0] and dim_data->output_npbst_.getBurst(0).fp16Data_[i] (0 and 14.078125) are not same 0 19210

src/tests/KernelTestCases.cpp:52: Failure
1351temp_fp16[0] and dim_data->output_npbst_.getBurst(0).fp16Data_[i] (0 and -84.375) are not same 0 54598

src/tests/KernelTestCases.cpp:52: Failure
1352temp_fp16[0] and dim_data->output_npbst_.getBurst(0).fp16Data_[i] (0 and 56.1875) are not same 0 21254

src/tests/KernelTestCases.cpp:52: Failure
1353temp_fp16[0] and dim_data->output_npbst_.getBurst(0).fp16Data_[i] (0 and 12.7109375) are not same 0 19035

src/tests/KernelTestCases.cpp:52: Failure
1354temp_fp16[0] and dim_data->output_npbst_.getBurst(0).fp16Data_[i] (0 and -51.625) are not same 0 53876

src/tests/KernelTestCases.cpp:52: Failure
1355temp_fp16[0] and dim_data->output_npbst_.getBurst(0).fp16Data_[i] (0 and -13.0390625) are not same 0 51845

src/tests/KernelTestCases.cpp:52: Failure
1356temp_fp16[0] and dim_data->output_npbst_.getBurst(0).fp16Data_[i] (0 and 48.21875) are not same 0 20999

src/tests/KernelTestCases.cpp:52: Failure
1357temp_fp16[0] and dim_data->output_npbst_.getBurst(0).fp16Data_[i] (0 and 54.03125) are not same 0 21185

src/tests/KernelTestCases.cpp:52: Failure
1358temp_fp16[0] and dim_data->output_npbst_.getBurst(0).fp16Data_[i] (0 and 27.078125) are not same 0 20165

src/tests/KernelTestCases.cpp:52: Failure
1359temp_fp16[0] and dim_data->output_npbst_.getBurst(0).fp16Data_[i] (0 and -20.390625) are not same 0 52505

src/tests/KernelTestCases.cpp:52: Failure
1360temp_fp16[0] and dim_data->output_npbst_.getBurst(0).fp16Data_[i] (0 and 13.4375) are not same 0 19128

src/tests/KernelTestCases.cpp:52: Failure
1361temp_fp16[0] and dim_data->output_npbst_.getBurst(0).fp16Data_[i] (0 and 6.609375) are not same 0 18076

src/tests/KernelTestCases.cpp:52: Failure
1362temp_fp16[0] and dim_data->output_npbst_.getBurst(0).fp16Data_[i] (0 and -24.75) are not same 0 52784

src/tests/KernelTestCases.cpp:52: Failure
1363temp_fp16[0] and dim_data->output_npbst_.getBurst(0).fp16Data_[i] (0 and 56.625) are not same 0 21268

src/tests/KernelTestCases.cpp:52: Failure
1364temp_fp16[0] and dim_data->output_npbst_.getBurst(0).fp16Data_[i] (0 and -18.53125) are not same 0 52386

src/tests/KernelTestCases.cpp:52: Failure
1365temp_fp16[0] and dim_data->output_npbst_.getBurst(0).fp16Data_[i] (0 and 1.724609375) are not same 0 16102

src/tests/KernelTestCases.cpp:52: Failure
1366temp_fp16[0] and dim_data->output_npbst_.getBurst(0).fp16Data_[i] (0 and 18.21875) are not same 0 19598

src/tests/KernelTestCases.cpp:52: Failure
1367temp_fp16[0] and dim_data->output_npbst_.getBurst(0).fp16Data_[i] (0 and -4.58203125) are not same 0 50325

src/tests/KernelTestCases.cpp:52: Failure
1368temp_fp16[0] and dim_data->output_npbst_.getBurst(0).fp16Data_[i] (0 and 86) are not same 0 21856

src/tests/KernelTestCases.cpp:52: Failure
1369temp_fp16[0] and dim_data->output_npbst_.getBurst(0).fp16Data_[i] (0 and -0.77685546875) are not same 0 47671

src/tests/KernelTestCases.cpp:52: Failure
1370temp_fp16[0] and dim_data->output_npbst_.getBurst(0).fp16Data_[i] (0 and -14.5078125) are not same 0 52033

src/tests/KernelTestCases.cpp:52: Failure
1371temp_fp16[0] and dim_data->output_npbst_.getBurst(0).fp16Data_[i] (0 and -6.90625) are not same 0 50920

src/tests/KernelTestCases.cpp:52: Failure
1372temp_fp16[0] and dim_data->output_npbst_.getBurst(0).fp16Data_[i] (0 and 64.25) are not same 0 21508

src/tests/KernelTestCases.cpp:52: Failure
1374temp_fp16[0] and dim_data->output_npbst_.getBurst(0).fp16Data_[i] (0 and -18.421875) are not same 0 52379

src/tests/KernelTestCases.cpp:52: Failure
1375temp_fp16[0] and dim_data->output_npbst_.getBurst(0).fp16Data_[i] (0 and -54.59375) are not same 0 53971

src/tests/KernelTestCases.cpp:52: Failure
1376temp_fp16[0] and dim_data->output_npbst_.getBurst(0).fp16Data_[i] (0 and 24.546875) are not same 0 20003

src/tests/KernelTestCases.cpp:52: Failure
1377temp_fp16[0] and dim_data->output_npbst_.getBurst(0).fp16Data_[i] (0 and 44.875) are not same 0 20892

src/tests/KernelTestCases.cpp:52: Failure
1378temp_fp16[0] and dim_data->output_npbst_.getBurst(0).fp16Data_[i] (0 and -35.5625) are not same 0 53362

src/tests/KernelTestCases.cpp:52: Failure
1379temp_fp16[0] and dim_data->output_npbst_.getBurst(0).fp16Data_[i] (0 and -40.90625) are not same 0 53533

src/tests/KernelTestCases.cpp:52: Failure
1380temp_fp16[0] and dim_data->output_npbst_.getBurst(0).fp16Data_[i] (0 and -13.1328125) are not same 0 51857

src/tests/KernelTestCases.cpp:52: Failure
1381temp_fp16[0] and dim_data->output_npbst_.getBurst(0).fp16Data_[i] (0 and -6.3515625) are not same 0 50778

src/tests/KernelTestCases.cpp:52: Failure
1382temp_fp16[0] and dim_data->output_npbst_.getBurst(0).fp16Data_[i] (0 and 24.640625) are not same 0 20009

src/tests/KernelTestCases.cpp:52: Failure
1383temp_fp16[0] and dim_data->output_npbst_.getBurst(0).fp16Data_[i] (0 and -36.125) are not same 0 53380

src/tests/KernelTestCases.cpp:52: Failure
1384temp_fp16[0] and dim_data->output_npbst_.getBurst(0).fp16Data_[i] (0 and -14.7265625) are not same 0 52061

src/tests/KernelTestCases.cpp:52: Failure
1385temp_fp16[0] and dim_data->output_npbst_.getBurst(0).fp16Data_[i] (0 and -43.875) are not same 0 53628

src/tests/KernelTestCases.cpp:52: Failure
1387temp_fp16[0] and dim_data->output_npbst_.getBurst(0).fp16Data_[i] (0 and -3.935546875) are not same 0 50143

src/tests/KernelTestCases.cpp:52: Failure
1388temp_fp16[0] and dim_data->output_npbst_.getBurst(0).fp16Data_[i] (0 and 19.203125) are not same 0 19661

src/tests/KernelTestCases.cpp:52: Failure
1389temp_fp16[0] and dim_data->output_npbst_.getBurst(0).fp16Data_[i] (0 and 7.02734375) are not same 0 18183

src/tests/KernelTestCases.cpp:52: Failure
1390temp_fp16[0] and dim_data->output_npbst_.getBurst(0).fp16Data_[i] (0 and 16.90625) are not same 0 19514

src/tests/KernelTestCases.cpp:52: Failure
1391temp_fp16[0] and dim_data->output_npbst_.getBurst(0).fp16Data_[i] (0 and 7.578125) are not same 0 18324

src/tests/KernelTestCases.cpp:52: Failure
1392temp_fp16[0] and dim_data->output_npbst_.getBurst(0).fp16Data_[i] (0 and -22.109375) are not same 0 52615

src/tests/KernelTestCases.cpp:52: Failure
1393temp_fp16[0] and dim_data->output_npbst_.getBurst(0).fp16Data_[i] (0 and -25.015625) are not same 0 52801

src/tests/KernelTestCases.cpp:52: Failure
1394temp_fp16[0] and dim_data->output_npbst_.getBurst(0).fp16Data_[i] (0 and 31.625) are not same 0 20456

src/tests/KernelTestCases.cpp:52: Failure
1395temp_fp16[0] and dim_data->output_npbst_.getBurst(0).fp16Data_[i] (0 and -1.498046875) are not same 0 48638

src/tests/KernelTestCases.cpp:52: Failure
1396temp_fp16[0] and dim_data->output_npbst_.getBurst(0).fp16Data_[i] (0 and -6.89453125) are not same 0 50917

src/tests/KernelTestCases.cpp:52: Failure
1397temp_fp16[0] and dim_data->output_npbst_.getBurst(0).fp16Data_[i] (0 and 29.796875) are not same 0 20339

src/tests/KernelTestCases.cpp:52: Failure
1398temp_fp16[0] and dim_data->output_npbst_.getBurst(0).fp16Data_[i] (0 and -14.1953125) are not same 0 51993

src/tests/KernelTestCases.cpp:52: Failure
1399temp_fp16[0] and dim_data->output_npbst_.getBurst(0).fp16Data_[i] (0 and -2.802734375) are not same 0 49563

src/tests/KernelTestCases.cpp:52: Failure
1400temp_fp16[0] and dim_data->output_npbst_.getBurst(0).fp16Data_[i] (0 and 15.5703125) are not same 0 19401

src/tests/KernelTestCases.cpp:52: Failure
1401temp_fp16[0] and dim_data->output_npbst_.getBurst(0).fp16Data_[i] (0 and -21.28125) are not same 0 52562

src/tests/KernelTestCases.cpp:52: Failure
1403temp_fp16[0] and dim_data->output_npbst_.getBurst(0).fp16Data_[i] (0 and -9.6875) are not same 0 51416

src/tests/KernelTestCases.cpp:52: Failure
1404temp_fp16[0] and dim_data->output_npbst_.getBurst(0).fp16Data_[i] (0 and 21.34375) are not same 0 19798

src/tests/KernelTestCases.cpp:52: Failure
1405temp_fp16[0] and dim_data->output_npbst_.getBurst(0).fp16Data_[i] (0 and 25.234375) are not same 0 20047

src/tests/KernelTestCases.cpp:52: Failure
1406temp_fp16[0] and dim_data->output_npbst_.getBurst(0).fp16Data_[i] (0 and 26.84375) are not same 0 20150

src/tests/KernelTestCases.cpp:52: Failure
1407temp_fp16[0] and dim_data->output_npbst_.getBurst(0).fp16Data_[i] (0 and -34.71875) are not same 0 53335

src/tests/KernelTestCases.cpp:52: Failure
1408temp_fp16[0] and dim_data->output_npbst_.getBurst(0).fp16Data_[i] (0 and 52.375) are not same 0 21132

src/tests/KernelTestCases.cpp:52: Failure
1409temp_fp16[0] and dim_data->output_npbst_.getBurst(0).fp16Data_[i] (0 and -38.46875) are not same 0 53455

src/tests/KernelTestCases.cpp:52: Failure
1410temp_fp16[0] and dim_data->output_npbst_.getBurst(0).fp16Data_[i] (0 and 38.6875) are not same 0 20694

src/tests/KernelTestCases.cpp:52: Failure
1411temp_fp16[0] and dim_data->output_npbst_.getBurst(0).fp16Data_[i] (0 and 6.265625) are not same 0 17988

src/tests/KernelTestCases.cpp:52: Failure
1412temp_fp16[0] and dim_data->output_npbst_.getBurst(0).fp16Data_[i] (0 and -31.296875) are not same 0 53203

src/tests/KernelTestCases.cpp:52: Failure
1413temp_fp16[0] and dim_data->output_npbst_.getBurst(0).fp16Data_[i] (0 and 11.8203125) are not same 0 18921

src/tests/KernelTestCases.cpp:52: Failure
1414temp_fp16[0] and dim_data->output_npbst_.getBurst(0).fp16Data_[i] (0 and -33.875) are not same 0 53308

src/tests/KernelTestCases.cpp:52: Failure
1415temp_fp16[0] and dim_data->output_npbst_.getBurst(0).fp16Data_[i] (0 and 29.3125) are not same 0 20308

src/tests/KernelTestCases.cpp:52: Failure
1416temp_fp16[0] and dim_data->output_npbst_.getBurst(0).fp16Data_[i] (0 and 29.5625) are not same 0 20324

src/tests/KernelTestCases.cpp:52: Failure
1417temp_fp16[0] and dim_data->output_npbst_.getBurst(0).fp16Data_[i] (0 and 13.3203125) are not same 0 19113

src/tests/KernelTestCases.cpp:52: Failure
1418temp_fp16[0] and dim_data->output_npbst_.getBurst(0).fp16Data_[i] (0 and 54.40625) are not same 0 21197

src/tests/KernelTestCases.cpp:52: Failure
1419temp_fp16[0] and dim_data->output_npbst_.getBurst(0).fp16Data_[i] (0 and 17.734375) are not same 0 19567

src/tests/KernelTestCases.cpp:52: Failure
1420temp_fp16[0] and dim_data->output_npbst_.getBurst(0).fp16Data_[i] (0 and -46.1875) are not same 0 53702

src/tests/KernelTestCases.cpp:52: Failure
1421temp_fp16[0] and dim_data->output_npbst_.getBurst(0).fp16Data_[i] (0 and 8.578125) are not same 0 18506

src/tests/KernelTestCases.cpp:52: Failure
1422temp_fp16[0] and dim_data->output_npbst_.getBurst(0).fp16Data_[i] (0 and -35) are not same 0 53344

src/tests/KernelTestCases.cpp:52: Failure
1423temp_fp16[0] and dim_data->output_npbst_.getBurst(0).fp16Data_[i] (0 and -16.3125) are not same 0 52244

src/tests/KernelTestCases.cpp:52: Failure
1424temp_fp16[0] and dim_data->output_npbst_.getBurst(0).fp16Data_[i] (0 and -15.265625) are not same 0 52130

src/tests/KernelTestCases.cpp:52: Failure
1425temp_fp16[0] and dim_data->output_npbst_.getBurst(0).fp16Data_[i] (0 and -17.6875) are not same 0 52332

src/tests/KernelTestCases.cpp:52: Failure
1426temp_fp16[0] and dim_data->output_npbst_.getBurst(0).fp16Data_[i] (0 and -7.890625) are not same 0 51172

src/tests/KernelTestCases.cpp:52: Failure
1427temp_fp16[0] and dim_data->output_npbst_.getBurst(0).fp16Data_[i] (0 and -9.453125) are not same 0 51386

src/tests/KernelTestCases.cpp:52: Failure
1428temp_fp16[0] and dim_data->output_npbst_.getBurst(0).fp16Data_[i] (0 and 35) are not same 0 20576

src/tests/KernelTestCases.cpp:52: Failure
1429temp_fp16[0] and dim_data->output_npbst_.getBurst(0).fp16Data_[i] (0 and 30.125) are not same 0 20360

src/tests/KernelTestCases.cpp:52: Failure
1430temp_fp16[0] and dim_data->output_npbst_.getBurst(0).fp16Data_[i] (0 and 2.484375) are not same 0 16632

src/tests/KernelTestCases.cpp:52: Failure
1431temp_fp16[0] and dim_data->output_npbst_.getBurst(0).fp16Data_[i] (0 and 46.8125) are not same 0 20954

src/tests/KernelTestCases.cpp:52: Failure
1432temp_fp16[0] and dim_data->output_npbst_.getBurst(0).fp16Data_[i] (0 and 44.625) are not same 0 20884

src/tests/KernelTestCases.cpp:52: Failure
1433temp_fp16[0] and dim_data->output_npbst_.getBurst(0).fp16Data_[i] (0 and -28.5) are not same 0 53024

src/tests/KernelTestCases.cpp:52: Failure
1434temp_fp16[0] and dim_data->output_npbst_.getBurst(0).fp16Data_[i] (0 and -4.16796875) are not same 0 50219

src/tests/KernelTestCases.cpp:52: Failure
1435temp_fp16[0] and dim_data->output_npbst_.getBurst(0).fp16Data_[i] (0 and 19.515625) are not same 0 19681

src/tests/KernelTestCases.cpp:52: Failure
1436temp_fp16[0] and dim_data->output_npbst_.getBurst(0).fp16Data_[i] (0 and 1.6806640625) are not same 0 16057

src/tests/KernelTestCases.cpp:52: Failure
1437temp_fp16[0] and dim_data->output_npbst_.getBurst(0).fp16Data_[i] (0 and 15.3359375) are not same 0 19371

src/tests/KernelTestCases.cpp:52: Failure
1438temp_fp16[0] and dim_data->output_npbst_.getBurst(0).fp16Data_[i] (0 and 28.84375) are not same 0 20278

src/tests/KernelTestCases.cpp:52: Failure
1439temp_fp16[0] and dim_data->output_npbst_.getBurst(0).fp16Data_[i] (0 and -6.921875) are not same 0 50924

src/tests/KernelTestCases.cpp:52: Failure
1440temp_fp16[0] and dim_data->output_npbst_.getBurst(0).fp16Data_[i] (0 and 6.91015625) are not same 0 18153

src/tests/KernelTestCases.cpp:52: Failure
1441temp_fp16[0] and dim_data->output_npbst_.getBurst(0).fp16Data_[i] (0 and -17.28125) are not same 0 52306

src/tests/KernelTestCases.cpp:52: Failure
1442temp_fp16[0] and dim_data->output_npbst_.getBurst(0).fp16Data_[i] (0 and 32.71875) are not same 0 20503

src/tests/KernelTestCases.cpp:52: Failure
1443temp_fp16[0] and dim_data->output_npbst_.getBurst(0).fp16Data_[i] (0 and -0.81884765625) are not same 0 47757

src/tests/KernelTestCases.cpp:52: Failure
1444temp_fp16[0] and dim_data->output_npbst_.getBurst(0).fp16Data_[i] (0 and 46.28125) are not same 0 20937

src/tests/KernelTestCases.cpp:52: Failure
1445temp_fp16[0] and dim_data->output_npbst_.getBurst(0).fp16Data_[i] (0 and -1.42578125) are not same 0 48564

src/tests/KernelTestCases.cpp:52: Failure
1446temp_fp16[0] and dim_data->output_npbst_.getBurst(0).fp16Data_[i] (0 and -32.65625) are not same 0 53269

src/tests/KernelTestCases.cpp:52: Failure
1447temp_fp16[0] and dim_data->output_npbst_.getBurst(0).fp16Data_[i] (0 and 6.5703125) are not same 0 18066

src/tests/KernelTestCases.cpp:52: Failure
1448temp_fp16[0] and dim_data->output_npbst_.getBurst(0).fp16Data_[i] (0 and 59.09375) are not same 0 21347

src/tests/KernelTestCases.cpp:52: Failure
1449temp_fp16[0] and dim_data->output_npbst_.getBurst(0).fp16Data_[i] (0 and -22.84375) are not same 0 52662

src/tests/KernelTestCases.cpp:52: Failure
1450temp_fp16[0] and dim_data->output_npbst_.getBurst(0).fp16Data_[i] (0 and 42.65625) are not same 0 20821

src/tests/KernelTestCases.cpp:52: Failure
1451temp_fp16[0] and dim_data->output_npbst_.getBurst(0).fp16Data_[i] (0 and 18.5) are not same 0 19616

src/tests/KernelTestCases.cpp:52: Failure
1452temp_fp16[0] and dim_data->output_npbst_.getBurst(0).fp16Data_[i] (0 and 7.53125) are not same 0 18312

src/tests/KernelTestCases.cpp:52: Failure
1453temp_fp16[0] and dim_data->output_npbst_.getBurst(0).fp16Data_[i] (0 and -60.125) are not same 0 54148

src/tests/KernelTestCases.cpp:52: Failure
1454temp_fp16[0] and dim_data->output_npbst_.getBurst(0).fp16Data_[i] (0 and 22.625) are not same 0 19880

src/tests/KernelTestCases.cpp:52: Failure
1456temp_fp16[0] and dim_data->output_npbst_.getBurst(0).fp16Data_[i] (0 and -76.375) are not same 0 54470

src/tests/KernelTestCases.cpp:52: Failure
1457temp_fp16[0] and dim_data->output_npbst_.getBurst(0).fp16Data_[i] (0 and -13.734375) are not same 0 51934

src/tests/KernelTestCases.cpp:52: Failure
1458temp_fp16[0] and dim_data->output_npbst_.getBurst(0).fp16Data_[i] (0 and -34.09375) are not same 0 53315

src/tests/KernelTestCases.cpp:52: Failure
1459temp_fp16[0] and dim_data->output_npbst_.getBurst(0).fp16Data_[i] (0 and 9.8828125) are not same 0 18673

src/tests/KernelTestCases.cpp:52: Failure
1460temp_fp16[0] and dim_data->output_npbst_.getBurst(0).fp16Data_[i] (0 and 10.0546875) are not same 0 18695

src/tests/KernelTestCases.cpp:52: Failure
1461temp_fp16[0] and dim_data->output_npbst_.getBurst(0).fp16Data_[i] (0 and -20.171875) are not same 0 52491

src/tests/KernelTestCases.cpp:52: Failure
1462temp_fp16[0] and dim_data->output_npbst_.getBurst(0).fp16Data_[i] (0 and 41.71875) are not same 0 20791

src/tests/KernelTestCases.cpp:52: Failure
1463temp_fp16[0] and dim_data->output_npbst_.getBurst(0).fp16Data_[i] (0 and -19.171875) are not same 0 52427

src/tests/KernelTestCases.cpp:52: Failure
1464temp_fp16[0] and dim_data->output_npbst_.getBurst(0).fp16Data_[i] (0 and 12.9609375) are not same 0 19067

src/tests/KernelTestCases.cpp:52: Failure
1465temp_fp16[0] and dim_data->output_npbst_.getBurst(0).fp16Data_[i] (0 and -17) are not same 0 52288

src/tests/KernelTestCases.cpp:52: Failure
1466temp_fp16[0] and dim_data->output_npbst_.getBurst(0).fp16Data_[i] (0 and 62.28125) are not same 0 21449

src/tests/KernelTestCases.cpp:52: Failure
1467temp_fp16[0] and dim_data->output_npbst_.getBurst(0).fp16Data_[i] (0 and -4.81640625) are not same 0 50385

src/tests/KernelTestCases.cpp:52: Failure
1468temp_fp16[0] and dim_data->output_npbst_.getBurst(0).fp16Data_[i] (0 and -2.361328125) are not same 0 49337

src/tests/KernelTestCases.cpp:52: Failure
1469temp_fp16[0] and dim_data->output_npbst_.getBurst(0).fp16Data_[i] (0 and 58.59375) are not same 0 21331

src/tests/KernelTestCases.cpp:52: Failure
1470temp_fp16[0] and dim_data->output_npbst_.getBurst(0).fp16Data_[i] (0 and 26.6875) are not same 0 20140

src/tests/KernelTestCases.cpp:52: Failure
1471temp_fp16[0] and dim_data->output_npbst_.getBurst(0).fp16Data_[i] (0 and 5.22265625) are not same 0 17721

src/tests/KernelTestCases.cpp:52: Failure
1472temp_fp16[0] and dim_data->output_npbst_.getBurst(0).fp16Data_[i] (0 and -26.359375) are not same 0 52887

src/tests/KernelTestCases.cpp:52: Failure
1473temp_fp16[0] and dim_data->output_npbst_.getBurst(0).fp16Data_[i] (0 and -2.142578125) are not same 0 49225

src/tests/KernelTestCases.cpp:52: Failure
1474temp_fp16[0] and dim_data->output_npbst_.getBurst(0).fp16Data_[i] (0 and 14.7890625) are not same 0 19301

src/tests/KernelTestCases.cpp:52: Failure
1475temp_fp16[0] and dim_data->output_npbst_.getBurst(0).fp16Data_[i] (0 and -5.63671875) are not same 0 50595

src/tests/KernelTestCases.cpp:52: Failure
1476temp_fp16[0] and dim_data->output_npbst_.getBurst(0).fp16Data_[i] (0 and 8.609375) are not same 0 18510

src/tests/KernelTestCases.cpp:52: Failure
1477temp_fp16[0] and dim_data->output_npbst_.getBurst(0).fp16Data_[i] (0 and 5.453125) are not same 0 17780

src/tests/KernelTestCases.cpp:52: Failure
1478temp_fp16[0] and dim_data->output_npbst_.getBurst(0).fp16Data_[i] (0 and 5.703125) are not same 0 17844

src/tests/KernelTestCases.cpp:52: Failure
1479temp_fp16[0] and dim_data->output_npbst_.getBurst(0).fp16Data_[i] (0 and -10.6015625) are not same 0 51533

src/tests/KernelTestCases.cpp:52: Failure
1481temp_fp16[0] and dim_data->output_npbst_.getBurst(0).fp16Data_[i] (0 and -38.5) are not same 0 53456

src/tests/KernelTestCases.cpp:52: Failure
1482temp_fp16[0] and dim_data->output_npbst_.getBurst(0).fp16Data_[i] (0 and -11.7421875) are not same 0 51679

src/tests/KernelTestCases.cpp:52: Failure
1483temp_fp16[0] and dim_data->output_npbst_.getBurst(0).fp16Data_[i] (0 and -21.46875) are not same 0 52574

src/tests/KernelTestCases.cpp:52: Failure
1484temp_fp16[0] and dim_data->output_npbst_.getBurst(0).fp16Data_[i] (0 and 10.296875) are not same 0 18726

src/tests/KernelTestCases.cpp:52: Failure
1485temp_fp16[0] and dim_data->output_npbst_.getBurst(0).fp16Data_[i] (0 and 3.546875) are not same 0 17176

src/tests/KernelTestCases.cpp:52: Failure
1486temp_fp16[0] and dim_data->output_npbst_.getBurst(0).fp16Data_[i] (0 and -35.5) are not same 0 53360

src/tests/KernelTestCases.cpp:52: Failure
1487temp_fp16[0] and dim_data->output_npbst_.getBurst(0).fp16Data_[i] (0 and 23.640625) are not same 0 19945

src/tests/KernelTestCases.cpp:52: Failure
1488temp_fp16[0] and dim_data->output_npbst_.getBurst(0).fp16Data_[i] (0 and 24.078125) are not same 0 19973

src/tests/KernelTestCases.cpp:52: Failure
1489temp_fp16[0] and dim_data->output_npbst_.getBurst(0).fp16Data_[i] (0 and 13.5) are not same 0 19136

src/tests/KernelTestCases.cpp:52: Failure
1490temp_fp16[0] and dim_data->output_npbst_.getBurst(0).fp16Data_[i] (0 and 16.546875) are not same 0 19491

src/tests/KernelTestCases.cpp:52: Failure
1491temp_fp16[0] and dim_data->output_npbst_.getBurst(0).fp16Data_[i] (0 and -20.140625) are not same 0 52489

src/tests/KernelTestCases.cpp:52: Failure
1492temp_fp16[0] and dim_data->output_npbst_.getBurst(0).fp16Data_[i] (0 and -65.5) are not same 0 54296

src/tests/KernelTestCases.cpp:52: Failure
1493temp_fp16[0] and dim_data->output_npbst_.getBurst(0).fp16Data_[i] (0 and -14.796875) are not same 0 52070

src/tests/KernelTestCases.cpp:52: Failure
1494temp_fp16[0] and dim_data->output_npbst_.getBurst(0).fp16Data_[i] (0 and -6.99609375) are not same 0 50943

src/tests/KernelTestCases.cpp:52: Failure
1495temp_fp16[0] and dim_data->output_npbst_.getBurst(0).fp16Data_[i] (0 and -41.71875) are not same 0 53559

src/tests/KernelTestCases.cpp:52: Failure
1496temp_fp16[0] and dim_data->output_npbst_.getBurst(0).fp16Data_[i] (0 and 47.46875) are not same 0 20975

src/tests/KernelTestCases.cpp:52: Failure
1497temp_fp16[0] and dim_data->output_npbst_.getBurst(0).fp16Data_[i] (0 and -15.7578125) are not same 0 52193

src/tests/KernelTestCases.cpp:52: Failure
1498temp_fp16[0] and dim_data->output_npbst_.getBurst(0).fp16Data_[i] (0 and 12.4375) are not same 0 19000

src/tests/KernelTestCases.cpp:52: Failure
1499temp_fp16[0] and dim_data->output_npbst_.getBurst(0).fp16Data_[i] (0 and -17.171875) are not same 0 52299

src/tests/KernelTestCases.cpp:52: Failure
1500temp_fp16[0] and dim_data->output_npbst_.getBurst(0).fp16Data_[i] (0 and 19.890625) are not same 0 19705

src/tests/KernelTestCases.cpp:52: Failure
1501temp_fp16[0] and dim_data->output_npbst_.getBurst(0).fp16Data_[i] (0 and -2.25390625) are not same 0 49282

src/tests/KernelTestCases.cpp:52: Failure
1502temp_fp16[0] and dim_data->output_npbst_.getBurst(0).fp16Data_[i] (0 and -46.96875) are not same 0 53727

src/tests/KernelTestCases.cpp:52: Failure
1503temp_fp16[0] and dim_data->output_npbst_.getBurst(0).fp16Data_[i] (0 and -59.3125) are not same 0 54122

src/tests/KernelTestCases.cpp:52: Failure
1504temp_fp16[0] and dim_data->output_npbst_.getBurst(0).fp16Data_[i] (0 and -57.96875) are not same 0 54079

src/tests/KernelTestCases.cpp:52: Failure
1505temp_fp16[0] and dim_data->output_npbst_.getBurst(0).fp16Data_[i] (0 and 2.2421875) are not same 0 16508

src/tests/KernelTestCases.cpp:52: Failure
1506temp_fp16[0] and dim_data->output_npbst_.getBurst(0).fp16Data_[i] (0 and -32.53125) are not same 0 53265

src/tests/KernelTestCases.cpp:52: Failure
1507temp_fp16[0] and dim_data->output_npbst_.getBurst(0).fp16Data_[i] (0 and 26.09375) are not same 0 20102

src/tests/KernelTestCases.cpp:52: Failure
1508temp_fp16[0] and dim_data->output_npbst_.getBurst(0).fp16Data_[i] (0 and 5.31640625) are not same 0 17745

src/tests/KernelTestCases.cpp:52: Failure
1509temp_fp16[0] and dim_data->output_npbst_.getBurst(0).fp16Data_[i] (0 and 14.6171875) are not same 0 19279

src/tests/KernelTestCases.cpp:52: Failure
1510temp_fp16[0] and dim_data->output_npbst_.getBurst(0).fp16Data_[i] (0 and -10.734375) are not same 0 51550

src/tests/KernelTestCases.cpp:52: Failure
1511temp_fp16[0] and dim_data->output_npbst_.getBurst(0).fp16Data_[i] (0 and 15.2578125) are not same 0 19361

src/tests/KernelTestCases.cpp:52: Failure
1512temp_fp16[0] and dim_data->output_npbst_.getBurst(0).fp16Data_[i] (0 and 24.15625) are not same 0 19978

src/tests/KernelTestCases.cpp:52: Failure
1513temp_fp16[0] and dim_data->output_npbst_.getBurst(0).fp16Data_[i] (0 and -38.5625) are not same 0 53458

src/tests/KernelTestCases.cpp:52: Failure
1514temp_fp16[0] and dim_data->output_npbst_.getBurst(0).fp16Data_[i] (0 and 37.125) are not same 0 20644

src/tests/KernelTestCases.cpp:52: Failure
1515temp_fp16[0] and dim_data->output_npbst_.getBurst(0).fp16Data_[i] (0 and 33.78125) are not same 0 20537

src/tests/KernelTestCases.cpp:52: Failure
1516temp_fp16[0] and dim_data->output_npbst_.getBurst(0).fp16Data_[i] (0 and 15.8671875) are not same 0 19439

src/tests/KernelTestCases.cpp:52: Failure
1517temp_fp16[0] and dim_data->output_npbst_.getBurst(0).fp16Data_[i] (0 and -35.90625) are not same 0 53373

src/tests/KernelTestCases.cpp:52: Failure
1518temp_fp16[0] and dim_data->output_npbst_.getBurst(0).fp16Data_[i] (0 and -33.40625) are not same 0 53293

src/tests/KernelTestCases.cpp:52: Failure
1519temp_fp16[0] and dim_data->output_npbst_.getBurst(0).fp16Data_[i] (0 and -38.4375) are not same 0 53454

src/tests/KernelTestCases.cpp:52: Failure
1520temp_fp16[0] and dim_data->output_npbst_.getBurst(0).fp16Data_[i] (0 and -21.0625) are not same 0 52548

src/tests/KernelTestCases.cpp:52: Failure
1521temp_fp16[0] and dim_data->output_npbst_.getBurst(0).fp16Data_[i] (0 and 30.09375) are not same 0 20358

src/tests/KernelTestCases.cpp:52: Failure
1522temp_fp16[0] and dim_data->output_npbst_.getBurst(0).fp16Data_[i] (0 and 3.056640625) are not same 0 16925

src/tests/KernelTestCases.cpp:52: Failure
1523temp_fp16[0] and dim_data->output_npbst_.getBurst(0).fp16Data_[i] (0 and 74.6875) are not same 0 21675

src/tests/KernelTestCases.cpp:52: Failure
1524temp_fp16[0] and dim_data->output_npbst_.getBurst(0).fp16Data_[i] (0 and 6.33203125) are not same 0 18005

src/tests/KernelTestCases.cpp:52: Failure
1525temp_fp16[0] and dim_data->output_npbst_.getBurst(0).fp16Data_[i] (0 and -18.203125) are not same 0 52365

src/tests/KernelTestCases.cpp:52: Failure
1526temp_fp16[0] and dim_data->output_npbst_.getBurst(0).fp16Data_[i] (0 and 15.4140625) are not same 0 19381

src/tests/KernelTestCases.cpp:52: Failure
1527temp_fp16[0] and dim_data->output_npbst_.getBurst(0).fp16Data_[i] (0 and -40.59375) are not same 0 53523

src/tests/KernelTestCases.cpp:52: Failure
1528temp_fp16[0] and dim_data->output_npbst_.getBurst(0).fp16Data_[i] (0 and 13.8515625) are not same 0 19181

src/tests/KernelTestCases.cpp:52: Failure
1529temp_fp16[0] and dim_data->output_npbst_.getBurst(0).fp16Data_[i] (0 and 26.703125) are not same 0 20141

src/tests/KernelTestCases.cpp:52: Failure
1530temp_fp16[0] and dim_data->output_npbst_.getBurst(0).fp16Data_[i] (0 and -8.5859375) are not same 0 51275

src/tests/KernelTestCases.cpp:52: Failure
1531temp_fp16[0] and dim_data->output_npbst_.getBurst(0).fp16Data_[i] (0 and -2.091796875) are not same 0 49199

src/tests/KernelTestCases.cpp:52: Failure
1532temp_fp16[0] and dim_data->output_npbst_.getBurst(0).fp16Data_[i] (0 and 4.56640625) are not same 0 17553

src/tests/KernelTestCases.cpp:52: Failure
1533temp_fp16[0] and dim_data->output_npbst_.getBurst(0).fp16Data_[i] (0 and -22.125) are not same 0 52616

src/tests/KernelTestCases.cpp:52: Failure
1534temp_fp16[0] and dim_data->output_npbst_.getBurst(0).fp16Data_[i] (0 and -29.15625) are not same 0 53066

src/tests/KernelTestCases.cpp:52: Failure
1535temp_fp16[0] and dim_data->output_npbst_.getBurst(0).fp16Data_[i] (0 and -43.09375) are not same 0 53603

src/tests/KernelTestCases.cpp:52: Failure
1536temp_fp16[0] and dim_data->output_npbst_.getBurst(0).fp16Data_[i] (0 and -11.5234375) are not same 0 51651

src/tests/KernelTestCases.cpp:52: Failure
1537temp_fp16[0] and dim_data->output_npbst_.getBurst(0).fp16Data_[i] (0 and 10.3984375) are not same 0 18739

src/tests/KernelTestCases.cpp:52: Failure
1538temp_fp16[0] and dim_data->output_npbst_.getBurst(0).fp16Data_[i] (0 and -0.8447265625) are not same 0 47810

src/tests/KernelTestCases.cpp:52: Failure
1539temp_fp16[0] and dim_data->output_npbst_.getBurst(0).fp16Data_[i] (0 and -69) are not same 0 54352

src/tests/KernelTestCases.cpp:52: Failure
1540temp_fp16[0] and dim_data->output_npbst_.getBurst(0).fp16Data_[i] (0 and 1.9306640625) are not same 0 16313

src/tests/KernelTestCases.cpp:52: Failure
1541temp_fp16[0] and dim_data->output_npbst_.getBurst(0).fp16Data_[i] (0 and 38.28125) are not same 0 20681

src/tests/KernelTestCases.cpp:52: Failure
1542temp_fp16[0] and dim_data->output_npbst_.getBurst(0).fp16Data_[i] (0 and -15.1328125) are not same 0 52113

src/tests/KernelTestCases.cpp:52: Failure
1543temp_fp16[0] and dim_data->output_npbst_.getBurst(0).fp16Data_[i] (0 and -4.79296875) are not same 0 50379

src/tests/KernelTestCases.cpp:52: Failure
1544temp_fp16[0] and dim_data->output_npbst_.getBurst(0).fp16Data_[i] (0 and 42.40625) are not same 0 20813

src/tests/KernelTestCases.cpp:52: Failure
1546temp_fp16[0] and dim_data->output_npbst_.getBurst(0).fp16Data_[i] (0 and 26.625) are not same 0 20136

src/tests/KernelTestCases.cpp:52: Failure
1547temp_fp16[0] and dim_data->output_npbst_.getBurst(0).fp16Data_[i] (0 and 2.61328125) are not same 0 16698

src/tests/KernelTestCases.cpp:52: Failure
1548temp_fp16[0] and dim_data->output_npbst_.getBurst(0).fp16Data_[i] (0 and -20.125) are not same 0 52488

src/tests/KernelTestCases.cpp:52: Failure
1549temp_fp16[0] and dim_data->output_npbst_.getBurst(0).fp16Data_[i] (0 and 9.4140625) are not same 0 18613

src/tests/KernelTestCases.cpp:52: Failure
1550temp_fp16[0] and dim_data->output_npbst_.getBurst(0).fp16Data_[i] (0 and 29.109375) are not same 0 20295

src/tests/KernelTestCases.cpp:52: Failure
1551temp_fp16[0] and dim_data->output_npbst_.getBurst(0).fp16Data_[i] (0 and -24.875) are not same 0 52792

src/tests/KernelTestCases.cpp:52: Failure
1552temp_fp16[0] and dim_data->output_npbst_.getBurst(0).fp16Data_[i] (0 and -14.5703125) are not same 0 52041

src/tests/KernelTestCases.cpp:52: Failure
1553temp_fp16[0] and dim_data->output_npbst_.getBurst(0).fp16Data_[i] (0 and 10.4609375) are not same 0 18747

src/tests/KernelTestCases.cpp:52: Failure
1554temp_fp16[0] and dim_data->output_npbst_.getBurst(0).fp16Data_[i] (0 and -15.3125) are not same 0 52136

src/tests/KernelTestCases.cpp:52: Failure
1555temp_fp16[0] and dim_data->output_npbst_.getBurst(0).fp16Data_[i] (0 and 8.046875) are not same 0 18438

src/tests/KernelTestCases.cpp:52: Failure
1556temp_fp16[0] and dim_data->output_npbst_.getBurst(0).fp16Data_[i] (0 and -30.609375) are not same 0 53159

src/tests/KernelTestCases.cpp:52: Failure
1557temp_fp16[0] and dim_data->output_npbst_.getBurst(0).fp16Data_[i] (0 and -16.34375) are not same 0 52246

src/tests/KernelTestCases.cpp:52: Failure
1558temp_fp16[0] and dim_data->output_npbst_.getBurst(0).fp16Data_[i] (0 and -41.59375) are not same 0 53555

src/tests/KernelTestCases.cpp:52: Failure
1559temp_fp16[0] and dim_data->output_npbst_.getBurst(0).fp16Data_[i] (0 and -5.3828125) are not same 0 50530

src/tests/KernelTestCases.cpp:52: Failure
1560temp_fp16[0] and dim_data->output_npbst_.getBurst(0).fp16Data_[i] (0 and 31.90625) are not same 0 20474

src/tests/KernelTestCases.cpp:52: Failure
1561temp_fp16[0] and dim_data->output_npbst_.getBurst(0).fp16Data_[i] (0 and 93.375) are not same 0 21974

src/tests/KernelTestCases.cpp:52: Failure
1562temp_fp16[0] and dim_data->output_npbst_.getBurst(0).fp16Data_[i] (0 and -28.609375) are not same 0 53031

src/tests/KernelTestCases.cpp:52: Failure
1563temp_fp16[0] and dim_data->output_npbst_.getBurst(0).fp16Data_[i] (0 and -28.71875) are not same 0 53038

src/tests/KernelTestCases.cpp:52: Failure
1564temp_fp16[0] and dim_data->output_npbst_.getBurst(0).fp16Data_[i] (0 and -7.578125) are not same 0 51092

src/tests/KernelTestCases.cpp:52: Failure
1565temp_fp16[0] and dim_data->output_npbst_.getBurst(0).fp16Data_[i] (0 and 29.109375) are not same 0 20295

src/tests/KernelTestCases.cpp:52: Failure
1567temp_fp16[0] and dim_data->output_npbst_.getBurst(0).fp16Data_[i] (0 and 21.203125) are not same 0 19789

src/tests/KernelTestCases.cpp:52: Failure
1568temp_fp16[0] and dim_data->output_npbst_.getBurst(0).fp16Data_[i] (0 and -35.1875) are not same 0 53350

src/tests/KernelTestCases.cpp:52: Failure
1569temp_fp16[0] and dim_data->output_npbst_.getBurst(0).fp16Data_[i] (0 and 12.71875) are not same 0 19036

src/tests/KernelTestCases.cpp:52: Failure
1570temp_fp16[0] and dim_data->output_npbst_.getBurst(0).fp16Data_[i] (0 and -8.8359375) are not same 0 51307

src/tests/KernelTestCases.cpp:52: Failure
1571temp_fp16[0] and dim_data->output_npbst_.getBurst(0).fp16Data_[i] (0 and 11.9453125) are not same 0 18937

src/tests/KernelTestCases.cpp:52: Failure
1573temp_fp16[0] and dim_data->output_npbst_.getBurst(0).fp16Data_[i] (0 and 52.3125) are not same 0 21130

src/tests/KernelTestCases.cpp:52: Failure
1574temp_fp16[0] and dim_data->output_npbst_.getBurst(0).fp16Data_[i] (0 and -19) are not same 0 52416

src/tests/KernelTestCases.cpp:52: Failure
1575temp_fp16[0] and dim_data->output_npbst_.getBurst(0).fp16Data_[i] (0 and 36.4375) are not same 0 20622

src/tests/KernelTestCases.cpp:52: Failure
1576temp_fp16[0] and dim_data->output_npbst_.getBurst(0).fp16Data_[i] (0 and 9.578125) are not same 0 18634

src/tests/KernelTestCases.cpp:52: Failure
1577temp_fp16[0] and dim_data->output_npbst_.getBurst(0).fp16Data_[i] (0 and 45.59375) are not same 0 20915

src/tests/KernelTestCases.cpp:52: Failure
1578temp_fp16[0] and dim_data->output_npbst_.getBurst(0).fp16Data_[i] (0 and -54.71875) are not same 0 53975

src/tests/KernelTestCases.cpp:52: Failure
1579temp_fp16[0] and dim_data->output_npbst_.getBurst(0).fp16Data_[i] (0 and 2.7265625) are not same 0 16756

src/tests/KernelTestCases.cpp:52: Failure
1580temp_fp16[0] and dim_data->output_npbst_.getBurst(0).fp16Data_[i] (0 and -7.75) are not same 0 51136

src/tests/KernelTestCases.cpp:52: Failure
1581temp_fp16[0] and dim_data->output_npbst_.getBurst(0).fp16Data_[i] (0 and 8.96875) are not same 0 18556

src/tests/KernelTestCases.cpp:52: Failure
1582temp_fp16[0] and dim_data->output_npbst_.getBurst(0).fp16Data_[i] (0 and -39.5625) are not same 0 53490

src/tests/KernelTestCases.cpp:52: Failure
1583temp_fp16[0] and dim_data->output_npbst_.getBurst(0).fp16Data_[i] (0 and -50.375) are not same 0 53836

src/tests/KernelTestCases.cpp:52: Failure
1584temp_fp16[0] and dim_data->output_npbst_.getBurst(0).fp16Data_[i] (0 and 32.4375) are not same 0 20494

src/tests/KernelTestCases.cpp:52: Failure
1585temp_fp16[0] and dim_data->output_npbst_.getBurst(0).fp16Data_[i] (0 and -48.78125) are not same 0 53785

src/tests/KernelTestCases.cpp:52: Failure
1586temp_fp16[0] and dim_data->output_npbst_.getBurst(0).fp16Data_[i] (0 and -16.984375) are not same 0 52287

src/tests/KernelTestCases.cpp:52: Failure
1587temp_fp16[0] and dim_data->output_npbst_.getBurst(0).fp16Data_[i] (0 and -26.125) are not same 0 52872

src/tests/KernelTestCases.cpp:52: Failure
1588temp_fp16[0] and dim_data->output_npbst_.getBurst(0).fp16Data_[i] (0 and 14.3203125) are not same 0 19241

src/tests/KernelTestCases.cpp:52: Failure
1589temp_fp16[0] and dim_data->output_npbst_.getBurst(0).fp16Data_[i] (0 and -22.671875) are not same 0 52651

src/tests/KernelTestCases.cpp:52: Failure
1590temp_fp16[0] and dim_data->output_npbst_.getBurst(0).fp16Data_[i] (0 and 11.984375) are not same 0 18942

src/tests/KernelTestCases.cpp:52: Failure
1591temp_fp16[0] and dim_data->output_npbst_.getBurst(0).fp16Data_[i] (0 and -23.828125) are not same 0 52725

src/tests/KernelTestCases.cpp:52: Failure
1592temp_fp16[0] and dim_data->output_npbst_.getBurst(0).fp16Data_[i] (0 and 1.96875) are not same 0 16352

src/tests/KernelTestCases.cpp:52: Failure
1593temp_fp16[0] and dim_data->output_npbst_.getBurst(0).fp16Data_[i] (0 and -36.5625) are not same 0 53394

src/tests/KernelTestCases.cpp:52: Failure
1594temp_fp16[0] and dim_data->output_npbst_.getBurst(0).fp16Data_[i] (0 and 3.955078125) are not same 0 17385

src/tests/KernelTestCases.cpp:52: Failure
1595temp_fp16[0] and dim_data->output_npbst_.getBurst(0).fp16Data_[i] (0 and 15.859375) are not same 0 19438

src/tests/KernelTestCases.cpp:52: Failure
1596temp_fp16[0] and dim_data->output_npbst_.getBurst(0).fp16Data_[i] (0 and 36.34375) are not same 0 20619

src/tests/KernelTestCases.cpp:52: Failure
1597temp_fp16[0] and dim_data->output_npbst_.getBurst(0).fp16Data_[i] (0 and -8.0703125) are not same 0 51209

src/tests/KernelTestCases.cpp:52: Failure
1598temp_fp16[0] and dim_data->output_npbst_.getBurst(0).fp16Data_[i] (0 and -19.28125) are not same 0 52434

src/tests/KernelTestCases.cpp:52: Failure
1599temp_fp16[0] and dim_data->output_npbst_.getBurst(0).fp16Data_[i] (0 and 32.3125) are not same 0 20490

src/tests/KernelTestCases.cpp:52: Failure
1600temp_fp16[0] and dim_data->output_npbst_.getBurst(0).fp16Data_[i] (0 and 3.580078125) are not same 0 17193

src/tests/KernelTestCases.cpp:52: Failure
1601temp_fp16[0] and dim_data->output_npbst_.getBurst(0).fp16Data_[i] (0 and 8.609375) are not same 0 18510

src/tests/KernelTestCases.cpp:52: Failure
1602temp_fp16[0] and dim_data->output_npbst_.getBurst(0).fp16Data_[i] (0 and -42.34375) are not same 0 53579

src/tests/KernelTestCases.cpp:52: Failure
1603temp_fp16[0] and dim_data->output_npbst_.getBurst(0).fp16Data_[i] (0 and -10.8828125) are not same 0 51569

src/tests/KernelTestCases.cpp:52: Failure
1604temp_fp16[0] and dim_data->output_npbst_.getBurst(0).fp16Data_[i] (0 and 3.576171875) are not same 0 17191

src/tests/KernelTestCases.cpp:52: Failure
1605temp_fp16[0] and dim_data->output_npbst_.getBurst(0).fp16Data_[i] (0 and -12.953125) are not same 0 51834

src/tests/KernelTestCases.cpp:52: Failure
1606temp_fp16[0] and dim_data->output_npbst_.getBurst(0).fp16Data_[i] (0 and 8.2734375) are not same 0 18467

src/tests/KernelTestCases.cpp:52: Failure
1607temp_fp16[0] and dim_data->output_npbst_.getBurst(0).fp16Data_[i] (0 and -26.609375) are not same 0 52903

src/tests/KernelTestCases.cpp:52: Failure
1608temp_fp16[0] and dim_data->output_npbst_.getBurst(0).fp16Data_[i] (0 and -26.21875) are not same 0 52878

src/tests/KernelTestCases.cpp:52: Failure
1609temp_fp16[0] and dim_data->output_npbst_.getBurst(0).fp16Data_[i] (0 and 10.2578125) are not same 0 18721

src/tests/KernelTestCases.cpp:52: Failure
1610temp_fp16[0] and dim_data->output_npbst_.getBurst(0).fp16Data_[i] (0 and 24.90625) are not same 0 20026

src/tests/KernelTestCases.cpp:52: Failure
1611temp_fp16[0] and dim_data->output_npbst_.getBurst(0).fp16Data_[i] (0 and -28.375) are not same 0 53016

src/tests/KernelTestCases.cpp:52: Failure
1612temp_fp16[0] and dim_data->output_npbst_.getBurst(0).fp16Data_[i] (0 and -10.0859375) are not same 0 51467

src/tests/KernelTestCases.cpp:52: Failure
1613temp_fp16[0] and dim_data->output_npbst_.getBurst(0).fp16Data_[i] (0 and -52.4375) are not same 0 53902

src/tests/KernelTestCases.cpp:52: Failure
1614temp_fp16[0] and dim_data->output_npbst_.getBurst(0).fp16Data_[i] (0 and -31.953125) are not same 0 53245

src/tests/KernelTestCases.cpp:52: Failure
1615temp_fp16[0] and dim_data->output_npbst_.getBurst(0).fp16Data_[i] (0 and -41.90625) are not same 0 53565

src/tests/KernelTestCases.cpp:52: Failure
1616temp_fp16[0] and dim_data->output_npbst_.getBurst(0).fp16Data_[i] (0 and 42.9375) are not same 0 20830

src/tests/KernelTestCases.cpp:52: Failure
1617temp_fp16[0] and dim_data->output_npbst_.getBurst(0).fp16Data_[i] (0 and 25.453125) are not same 0 20061

src/tests/KernelTestCases.cpp:52: Failure
1618temp_fp16[0] and dim_data->output_npbst_.getBurst(0).fp16Data_[i] (0 and -11.2890625) are not same 0 51621

src/tests/KernelTestCases.cpp:52: Failure
1619temp_fp16[0] and dim_data->output_npbst_.getBurst(0).fp16Data_[i] (0 and -57.5625) are not same 0 54066

src/tests/KernelTestCases.cpp:52: Failure
1620temp_fp16[0] and dim_data->output_npbst_.getBurst(0).fp16Data_[i] (0 and -0.8974609375) are not same 0 47918

src/tests/KernelTestCases.cpp:52: Failure
1621temp_fp16[0] and dim_data->output_npbst_.getBurst(0).fp16Data_[i] (0 and -25.34375) are not same 0 52822

src/tests/KernelTestCases.cpp:52: Failure
1622temp_fp16[0] and dim_data->output_npbst_.getBurst(0).fp16Data_[i] (0 and 17.703125) are not same 0 19565

src/tests/KernelTestCases.cpp:52: Failure
1623temp_fp16[0] and dim_data->output_npbst_.getBurst(0).fp16Data_[i] (0 and 106.9375) are not same 0 22191

src/tests/KernelTestCases.cpp:52: Failure
1624temp_fp16[0] and dim_data->output_npbst_.getBurst(0).fp16Data_[i] (0 and 29.671875) are not same 0 20331

src/tests/KernelTestCases.cpp:52: Failure
1625temp_fp16[0] and dim_data->output_npbst_.getBurst(0).fp16Data_[i] (0 and 21.140625) are not same 0 19785

src/tests/KernelTestCases.cpp:52: Failure
1626temp_fp16[0] and dim_data->output_npbst_.getBurst(0).fp16Data_[i] (0 and 52.03125) are not same 0 21121

src/tests/KernelTestCases.cpp:52: Failure
1627temp_fp16[0] and dim_data->output_npbst_.getBurst(0).fp16Data_[i] (0 and 47.4375) are not same 0 20974

src/tests/KernelTestCases.cpp:52: Failure
1628temp_fp16[0] and dim_data->output_npbst_.getBurst(0).fp16Data_[i] (0 and 15.28125) are not same 0 19364

src/tests/KernelTestCases.cpp:52: Failure
1630temp_fp16[0] and dim_data->output_npbst_.getBurst(0).fp16Data_[i] (0 and 42.90625) are not same 0 20829

src/tests/KernelTestCases.cpp:52: Failure
1631temp_fp16[0] and dim_data->output_npbst_.getBurst(0).fp16Data_[i] (0 and -8.5859375) are not same 0 51275

src/tests/KernelTestCases.cpp:52: Failure
1632temp_fp16[0] and dim_data->output_npbst_.getBurst(0).fp16Data_[i] (0 and 11.84375) are not same 0 18924

src/tests/KernelTestCases.cpp:52: Failure
1633temp_fp16[0] and dim_data->output_npbst_.getBurst(0).fp16Data_[i] (0 and 27.453125) are not same 0 20189

src/tests/KernelTestCases.cpp:52: Failure
1634temp_fp16[0] and dim_data->output_npbst_.getBurst(0).fp16Data_[i] (0 and -25.53125) are not same 0 52834

src/tests/KernelTestCases.cpp:52: Failure
1635temp_fp16[0] and dim_data->output_npbst_.getBurst(0).fp16Data_[i] (0 and 8.9453125) are not same 0 18553

src/tests/KernelTestCases.cpp:52: Failure
1636temp_fp16[0] and dim_data->output_npbst_.getBurst(0).fp16Data_[i] (0 and 13.25) are not same 0 19104

src/tests/KernelTestCases.cpp:52: Failure
1637temp_fp16[0] and dim_data->output_npbst_.getBurst(0).fp16Data_[i] (0 and -8.90625) are not same 0 51316

src/tests/KernelTestCases.cpp:52: Failure
1638temp_fp16[0] and dim_data->output_npbst_.getBurst(0).fp16Data_[i] (0 and -11.984375) are not same 0 51710

src/tests/KernelTestCases.cpp:52: Failure
1639temp_fp16[0] and dim_data->output_npbst_.getBurst(0).fp16Data_[i] (0 and -27.140625) are not same 0 52937

src/tests/KernelTestCases.cpp:52: Failure
1640temp_fp16[0] and dim_data->output_npbst_.getBurst(0).fp16Data_[i] (0 and 50.5) are not same 0 21072

src/tests/KernelTestCases.cpp:52: Failure
1641temp_fp16[0] and dim_data->output_npbst_.getBurst(0).fp16Data_[i] (0 and -18.96875) are not same 0 52414

src/tests/KernelTestCases.cpp:52: Failure
1642temp_fp16[0] and dim_data->output_npbst_.getBurst(0).fp16Data_[i] (0 and 36.875) are not same 0 20636

src/tests/KernelTestCases.cpp:52: Failure
1643temp_fp16[0] and dim_data->output_npbst_.getBurst(0).fp16Data_[i] (0 and -35.0625) are not same 0 53346

src/tests/KernelTestCases.cpp:52: Failure
1644temp_fp16[0] and dim_data->output_npbst_.getBurst(0).fp16Data_[i] (0 and 28.546875) are not same 0 20259

src/tests/KernelTestCases.cpp:52: Failure
1645temp_fp16[0] and dim_data->output_npbst_.getBurst(0).fp16Data_[i] (0 and -9.7578125) are not same 0 51425

src/tests/KernelTestCases.cpp:52: Failure
1646temp_fp16[0] and dim_data->output_npbst_.getBurst(0).fp16Data_[i] (0 and -0.9169921875) are not same 0 47958

src/tests/KernelTestCases.cpp:52: Failure
1647temp_fp16[0] and dim_data->output_npbst_.getBurst(0).fp16Data_[i] (0 and 81.5) are not same 0 21784

src/tests/KernelTestCases.cpp:52: Failure
1648temp_fp16[0] and dim_data->output_npbst_.getBurst(0).fp16Data_[i] (0 and -19.984375) are not same 0 52479

src/tests/KernelTestCases.cpp:52: Failure
1649temp_fp16[0] and dim_data->output_npbst_.getBurst(0).fp16Data_[i] (0 and 4.65234375) are not same 0 17575

src/tests/KernelTestCases.cpp:52: Failure
1650temp_fp16[0] and dim_data->output_npbst_.getBurst(0).fp16Data_[i] (0 and -3.283203125) are not same 0 49809

src/tests/KernelTestCases.cpp:52: Failure
1651temp_fp16[0] and dim_data->output_npbst_.getBurst(0).fp16Data_[i] (0 and 0.890625) are not same 0 15136

src/tests/KernelTestCases.cpp:52: Failure
1652temp_fp16[0] and dim_data->output_npbst_.getBurst(0).fp16Data_[i] (0 and -32.90625) are not same 0 53277

src/tests/KernelTestCases.cpp:52: Failure
1653temp_fp16[0] and dim_data->output_npbst_.getBurst(0).fp16Data_[i] (0 and -16.328125) are not same 0 52245

src/tests/KernelTestCases.cpp:52: Failure
1654temp_fp16[0] and dim_data->output_npbst_.getBurst(0).fp16Data_[i] (0 and 14.2421875) are not same 0 19231

src/tests/KernelTestCases.cpp:52: Failure
1655temp_fp16[0] and dim_data->output_npbst_.getBurst(0).fp16Data_[i] (0 and 35.625) are not same 0 20596

src/tests/KernelTestCases.cpp:52: Failure
1656temp_fp16[0] and dim_data->output_npbst_.getBurst(0).fp16Data_[i] (0 and 6.18359375) are not same 0 17967

src/tests/KernelTestCases.cpp:52: Failure
1657temp_fp16[0] and dim_data->output_npbst_.getBurst(0).fp16Data_[i] (0 and -48.34375) are not same 0 53771

src/tests/KernelTestCases.cpp:52: Failure
1658temp_fp16[0] and dim_data->output_npbst_.getBurst(0).fp16Data_[i] (0 and 13.59375) are not same 0 19148

src/tests/KernelTestCases.cpp:52: Failure
1659temp_fp16[0] and dim_data->output_npbst_.getBurst(0).fp16Data_[i] (0 and 33.46875) are not same 0 20527

src/tests/KernelTestCases.cpp:52: Failure
1660temp_fp16[0] and dim_data->output_npbst_.getBurst(0).fp16Data_[i] (0 and -33.78125) are not same 0 53305

src/tests/KernelTestCases.cpp:52: Failure
1661temp_fp16[0] and dim_data->output_npbst_.getBurst(0).fp16Data_[i] (0 and 20.515625) are not same 0 19745

src/tests/KernelTestCases.cpp:52: Failure
1662temp_fp16[0] and dim_data->output_npbst_.getBurst(0).fp16Data_[i] (0 and 26.484375) are not same 0 20127

src/tests/KernelTestCases.cpp:52: Failure
1663temp_fp16[0] and dim_data->output_npbst_.getBurst(0).fp16Data_[i] (0 and -15.9609375) are not same 0 52219

src/tests/KernelTestCases.cpp:52: Failure
1664temp_fp16[0] and dim_data->output_npbst_.getBurst(0).fp16Data_[i] (0 and 40.6875) are not same 0 20758

src/tests/KernelTestCases.cpp:52: Failure
1665temp_fp16[0] and dim_data->output_npbst_.getBurst(0).fp16Data_[i] (0 and 13.59375) are not same 0 19148

src/tests/KernelTestCases.cpp:52: Failure
1666temp_fp16[0] and dim_data->output_npbst_.getBurst(0).fp16Data_[i] (0 and 23.546875) are not same 0 19939

src/tests/KernelTestCases.cpp:52: Failure
1667temp_fp16[0] and dim_data->output_npbst_.getBurst(0).fp16Data_[i] (0 and -16.1875) are not same 0 52236

src/tests/KernelTestCases.cpp:52: Failure
1668temp_fp16[0] and dim_data->output_npbst_.getBurst(0).fp16Data_[i] (0 and -24.078125) are not same 0 52741

src/tests/KernelTestCases.cpp:52: Failure
1669temp_fp16[0] and dim_data->output_npbst_.getBurst(0).fp16Data_[i] (0 and -41.46875) are not same 0 53551

src/tests/KernelTestCases.cpp:52: Failure
1670temp_fp16[0] and dim_data->output_npbst_.getBurst(0).fp16Data_[i] (0 and 24.6875) are not same 0 20012

src/tests/KernelTestCases.cpp:52: Failure
1671temp_fp16[0] and dim_data->output_npbst_.getBurst(0).fp16Data_[i] (0 and -26.796875) are not same 0 52915

src/tests/KernelTestCases.cpp:52: Failure
1672temp_fp16[0] and dim_data->output_npbst_.getBurst(0).fp16Data_[i] (0 and 24.375) are not same 0 19992

src/tests/KernelTestCases.cpp:52: Failure
1673temp_fp16[0] and dim_data->output_npbst_.getBurst(0).fp16Data_[i] (0 and 39.03125) are not same 0 20705

src/tests/KernelTestCases.cpp:52: Failure
1674temp_fp16[0] and dim_data->output_npbst_.getBurst(0).fp16Data_[i] (0 and -28.875) are not same 0 53048

src/tests/KernelTestCases.cpp:52: Failure
1675temp_fp16[0] and dim_data->output_npbst_.getBurst(0).fp16Data_[i] (0 and -0.82080078125) are not same 0 47761

src/tests/KernelTestCases.cpp:52: Failure
1676temp_fp16[0] and dim_data->output_npbst_.getBurst(0).fp16Data_[i] (0 and 97) are not same 0 22032

src/tests/KernelTestCases.cpp:52: Failure
1677temp_fp16[0] and dim_data->output_npbst_.getBurst(0).fp16Data_[i] (0 and -29.578125) are not same 0 53093

src/tests/KernelTestCases.cpp:52: Failure
1678temp_fp16[0] and dim_data->output_npbst_.getBurst(0).fp16Data_[i] (0 and -66.25) are not same 0 54308

src/tests/KernelTestCases.cpp:52: Failure
1679temp_fp16[0] and dim_data->output_npbst_.getBurst(0).fp16Data_[i] (0 and -22.640625) are not same 0 52649

src/tests/KernelTestCases.cpp:52: Failure
1680temp_fp16[0] and dim_data->output_npbst_.getBurst(0).fp16Data_[i] (0 and 26.9375) are not same 0 20156

src/tests/KernelTestCases.cpp:52: Failure
1681temp_fp16[0] and dim_data->output_npbst_.getBurst(0).fp16Data_[i] (0 and 65.125) are not same 0 21522

src/tests/KernelTestCases.cpp:52: Failure
1682temp_fp16[0] and dim_data->output_npbst_.getBurst(0).fp16Data_[i] (0 and -2.474609375) are not same 0 49395

src/tests/KernelTestCases.cpp:52: Failure
1683temp_fp16[0] and dim_data->output_npbst_.getBurst(0).fp16Data_[i] (0 and -45.84375) are not same 0 53691

src/tests/KernelTestCases.cpp:52: Failure
1684temp_fp16[0] and dim_data->output_npbst_.getBurst(0).fp16Data_[i] (0 and -41) are not same 0 53536

src/tests/KernelTestCases.cpp:52: Failure
1685temp_fp16[0] and dim_data->output_npbst_.getBurst(0).fp16Data_[i] (0 and 38.15625) are not same 0 20677

src/tests/KernelTestCases.cpp:52: Failure
1686temp_fp16[0] and dim_data->output_npbst_.getBurst(0).fp16Data_[i] (0 and 3.90234375) are not same 0 17358

src/tests/KernelTestCases.cpp:52: Failure
1687temp_fp16[0] and dim_data->output_npbst_.getBurst(0).fp16Data_[i] (0 and 30.125) are not same 0 20360

src/tests/KernelTestCases.cpp:52: Failure
1688temp_fp16[0] and dim_data->output_npbst_.getBurst(0).fp16Data_[i] (0 and 15.28125) are not same 0 19364

src/tests/KernelTestCases.cpp:52: Failure
1689temp_fp16[0] and dim_data->output_npbst_.getBurst(0).fp16Data_[i] (0 and -12.4609375) are not same 0 51771

src/tests/KernelTestCases.cpp:52: Failure
1690temp_fp16[0] and dim_data->output_npbst_.getBurst(0).fp16Data_[i] (0 and 54.71875) are not same 0 21207

src/tests/KernelTestCases.cpp:52: Failure
1691temp_fp16[0] and dim_data->output_npbst_.getBurst(0).fp16Data_[i] (0 and -29.6875) are not same 0 53100

src/tests/KernelTestCases.cpp:52: Failure
1692temp_fp16[0] and dim_data->output_npbst_.getBurst(0).fp16Data_[i] (0 and 5.20703125) are not same 0 17717

src/tests/KernelTestCases.cpp:52: Failure
1693temp_fp16[0] and dim_data->output_npbst_.getBurst(0).fp16Data_[i] (0 and 29.765625) are not same 0 20337

src/tests/KernelTestCases.cpp:52: Failure
1694temp_fp16[0] and dim_data->output_npbst_.getBurst(0).fp16Data_[i] (0 and 21.609375) are not same 0 19815

src/tests/KernelTestCases.cpp:52: Failure
1695temp_fp16[0] and dim_data->output_npbst_.getBurst(0).fp16Data_[i] (0 and 48.84375) are not same 0 21019

src/tests/KernelTestCases.cpp:52: Failure
1696temp_fp16[0] and dim_data->output_npbst_.getBurst(0).fp16Data_[i] (0 and -31.203125) are not same 0 53197

src/tests/KernelTestCases.cpp:52: Failure
1697temp_fp16[0] and dim_data->output_npbst_.getBurst(0).fp16Data_[i] (0 and -113.9375) are not same 0 55071

src/tests/KernelTestCases.cpp:52: Failure
1698temp_fp16[0] and dim_data->output_npbst_.getBurst(0).fp16Data_[i] (0 and 11.390625) are not same 0 18866

src/tests/KernelTestCases.cpp:52: Failure
1699temp_fp16[0] and dim_data->output_npbst_.getBurst(0).fp16Data_[i] (0 and 31.09375) are not same 0 20422

src/tests/KernelTestCases.cpp:52: Failure
1700temp_fp16[0] and dim_data->output_npbst_.getBurst(0).fp16Data_[i] (0 and -27.875) are not same 0 52984

src/tests/KernelTestCases.cpp:52: Failure
1701temp_fp16[0] and dim_data->output_npbst_.getBurst(0).fp16Data_[i] (0 and 20.578125) are not same 0 19749

src/tests/KernelTestCases.cpp:52: Failure
1702temp_fp16[0] and dim_data->output_npbst_.getBurst(0).fp16Data_[i] (0 and -37.96875) are not same 0 53439

src/tests/KernelTestCases.cpp:52: Failure
1703temp_fp16[0] and dim_data->output_npbst_.getBurst(0).fp16Data_[i] (0 and -3.72265625) are not same 0 50034

src/tests/KernelTestCases.cpp:52: Failure
1704temp_fp16[0] and dim_data->output_npbst_.getBurst(0).fp16Data_[i] (0 and -61.6875) are not same 0 54198

src/tests/KernelTestCases.cpp:52: Failure
1705temp_fp16[0] and dim_data->output_npbst_.getBurst(0).fp16Data_[i] (0 and 35.75) are not same 0 20600

src/tests/KernelTestCases.cpp:52: Failure
1706temp_fp16[0] and dim_data->output_npbst_.getBurst(0).fp16Data_[i] (0 and 6.51171875) are not same 0 18051

src/tests/KernelTestCases.cpp:52: Failure
1707temp_fp16[0] and dim_data->output_npbst_.getBurst(0).fp16Data_[i] (0 and 35.21875) are not same 0 20583

src/tests/KernelTestCases.cpp:52: Failure
1708temp_fp16[0] and dim_data->output_npbst_.getBurst(0).fp16Data_[i] (0 and 36.84375) are not same 0 20635

src/tests/KernelTestCases.cpp:52: Failure
1709temp_fp16[0] and dim_data->output_npbst_.getBurst(0).fp16Data_[i] (0 and 18.921875) are not same 0 19643

src/tests/KernelTestCases.cpp:52: Failure
1710temp_fp16[0] and dim_data->output_npbst_.getBurst(0).fp16Data_[i] (0 and -12.765625) are not same 0 51810

src/tests/KernelTestCases.cpp:52: Failure
1711temp_fp16[0] and dim_data->output_npbst_.getBurst(0).fp16Data_[i] (0 and 23.59375) are not same 0 19942

src/tests/KernelTestCases.cpp:52: Failure
1712temp_fp16[0] and dim_data->output_npbst_.getBurst(0).fp16Data_[i] (0 and -58.46875) are not same 0 54095

src/tests/KernelTestCases.cpp:52: Failure
1713temp_fp16[0] and dim_data->output_npbst_.getBurst(0).fp16Data_[i] (0 and 25.453125) are not same 0 20061

src/tests/KernelTestCases.cpp:52: Failure
1714temp_fp16[0] and dim_data->output_npbst_.getBurst(0).fp16Data_[i] (0 and 10.6171875) are not same 0 18767

src/tests/KernelTestCases.cpp:52: Failure
1715temp_fp16[0] and dim_data->output_npbst_.getBurst(0).fp16Data_[i] (0 and -52.4375) are not same 0 53902

src/tests/KernelTestCases.cpp:52: Failure
1716temp_fp16[0] and dim_data->output_npbst_.getBurst(0).fp16Data_[i] (0 and 49.0625) are not same 0 21026

src/tests/KernelTestCases.cpp:52: Failure
1717temp_fp16[0] and dim_data->output_npbst_.getBurst(0).fp16Data_[i] (0 and 11.3203125) are not same 0 18857

src/tests/KernelTestCases.cpp:52: Failure
1718temp_fp16[0] and dim_data->output_npbst_.getBurst(0).fp16Data_[i] (0 and 21.515625) are not same 0 19809

src/tests/KernelTestCases.cpp:52: Failure
1719temp_fp16[0] and dim_data->output_npbst_.getBurst(0).fp16Data_[i] (0 and -16.25) are not same 0 52240

src/tests/KernelTestCases.cpp:52: Failure
1720temp_fp16[0] and dim_data->output_npbst_.getBurst(0).fp16Data_[i] (0 and -49.375) are not same 0 53804

src/tests/KernelTestCases.cpp:52: Failure
1721temp_fp16[0] and dim_data->output_npbst_.getBurst(0).fp16Data_[i] (0 and -49.3125) are not same 0 53802

src/tests/KernelTestCases.cpp:52: Failure
1723temp_fp16[0] and dim_data->output_npbst_.getBurst(0).fp16Data_[i] (0 and 8.3984375) are not same 0 18483

src/tests/KernelTestCases.cpp:52: Failure
1724temp_fp16[0] and dim_data->output_npbst_.getBurst(0).fp16Data_[i] (0 and -7.671875) are not same 0 51116

src/tests/KernelTestCases.cpp:52: Failure
1725temp_fp16[0] and dim_data->output_npbst_.getBurst(0).fp16Data_[i] (0 and 25.3125) are not same 0 20052

src/tests/KernelTestCases.cpp:52: Failure
1726temp_fp16[0] and dim_data->output_npbst_.getBurst(0).fp16Data_[i] (0 and -19.53125) are not same 0 52450

src/tests/KernelTestCases.cpp:52: Failure
1727temp_fp16[0] and dim_data->output_npbst_.getBurst(0).fp16Data_[i] (0 and -29.390625) are not same 0 53081

src/tests/KernelTestCases.cpp:52: Failure
1728temp_fp16[0] and dim_data->output_npbst_.getBurst(0).fp16Data_[i] (0 and -27.171875) are not same 0 52939

src/tests/KernelTestCases.cpp:52: Failure
1729temp_fp16[0] and dim_data->output_npbst_.getBurst(0).fp16Data_[i] (0 and 1.275390625) are not same 0 15642

src/tests/KernelTestCases.cpp:52: Failure
1730temp_fp16[0] and dim_data->output_npbst_.getBurst(0).fp16Data_[i] (0 and -33.5625) are not same 0 53298

src/tests/KernelTestCases.cpp:52: Failure
1731temp_fp16[0] and dim_data->output_npbst_.getBurst(0).fp16Data_[i] (0 and 29.890625) are not same 0 20345

src/tests/KernelTestCases.cpp:52: Failure
1732temp_fp16[0] and dim_data->output_npbst_.getBurst(0).fp16Data_[i] (0 and -20.140625) are not same 0 52489

src/tests/KernelTestCases.cpp:52: Failure
1733temp_fp16[0] and dim_data->output_npbst_.getBurst(0).fp16Data_[i] (0 and -4.90234375) are not same 0 50407

src/tests/KernelTestCases.cpp:52: Failure
1734temp_fp16[0] and dim_data->output_npbst_.getBurst(0).fp16Data_[i] (0 and -50.15625) are not same 0 53829

src/tests/KernelTestCases.cpp:52: Failure
1735temp_fp16[0] and dim_data->output_npbst_.getBurst(0).fp16Data_[i] (0 and 10.75) are not same 0 18784

src/tests/KernelTestCases.cpp:52: Failure
1736temp_fp16[0] and dim_data->output_npbst_.getBurst(0).fp16Data_[i] (0 and 32.625) are not same 0 20500

src/tests/KernelTestCases.cpp:52: Failure
1737temp_fp16[0] and dim_data->output_npbst_.getBurst(0).fp16Data_[i] (0 and 58.34375) are not same 0 21323

src/tests/KernelTestCases.cpp:52: Failure
1738temp_fp16[0] and dim_data->output_npbst_.getBurst(0).fp16Data_[i] (0 and 11.734375) are not same 0 18910

src/tests/KernelTestCases.cpp:52: Failure
1739temp_fp16[0] and dim_data->output_npbst_.getBurst(0).fp16Data_[i] (0 and -32.9375) are not same 0 53278

src/tests/KernelTestCases.cpp:52: Failure
1740temp_fp16[0] and dim_data->output_npbst_.getBurst(0).fp16Data_[i] (0 and 70.1875) are not same 0 21603

src/tests/KernelTestCases.cpp:52: Failure
1741temp_fp16[0] and dim_data->output_npbst_.getBurst(0).fp16Data_[i] (0 and 35.03125) are not same 0 20577

src/tests/KernelTestCases.cpp:52: Failure
1742temp_fp16[0] and dim_data->output_npbst_.getBurst(0).fp16Data_[i] (0 and 7.56640625) are not same 0 18321

src/tests/KernelTestCases.cpp:52: Failure
1743temp_fp16[0] and dim_data->output_npbst_.getBurst(0).fp16Data_[i] (0 and -52.375) are not same 0 53900

src/tests/KernelTestCases.cpp:52: Failure
1744temp_fp16[0] and dim_data->output_npbst_.getBurst(0).fp16Data_[i] (0 and -6.4296875) are not same 0 50798

src/tests/KernelTestCases.cpp:52: Failure
1745temp_fp16[0] and dim_data->output_npbst_.getBurst(0).fp16Data_[i] (0 and -45.375) are not same 0 53676

src/tests/KernelTestCases.cpp:52: Failure
1746temp_fp16[0] and dim_data->output_npbst_.getBurst(0).fp16Data_[i] (0 and -38.9375) are not same 0 53470

src/tests/KernelTestCases.cpp:52: Failure
1747temp_fp16[0] and dim_data->output_npbst_.getBurst(0).fp16Data_[i] (0 and 18.265625) are not same 0 19601

src/tests/KernelTestCases.cpp:52: Failure
1749temp_fp16[0] and dim_data->output_npbst_.getBurst(0).fp16Data_[i] (0 and 7.359375) are not same 0 18268

src/tests/KernelTestCases.cpp:52: Failure
1750temp_fp16[0] and dim_data->output_npbst_.getBurst(0).fp16Data_[i] (0 and -8.984375) are not same 0 51326

src/tests/KernelTestCases.cpp:52: Failure
1751temp_fp16[0] and dim_data->output_npbst_.getBurst(0).fp16Data_[i] (0 and -26.734375) are not same 0 52911

src/tests/KernelTestCases.cpp:52: Failure
1752temp_fp16[0] and dim_data->output_npbst_.getBurst(0).fp16Data_[i] (0 and 25.59375) are not same 0 20070

src/tests/KernelTestCases.cpp:52: Failure
1753temp_fp16[0] and dim_data->output_npbst_.getBurst(0).fp16Data_[i] (0 and -34.1875) are not same 0 53318

src/tests/KernelTestCases.cpp:52: Failure
1754temp_fp16[0] and dim_data->output_npbst_.getBurst(0).fp16Data_[i] (0 and -11.0078125) are not same 0 51585

src/tests/KernelTestCases.cpp:52: Failure
1755temp_fp16[0] and dim_data->output_npbst_.getBurst(0).fp16Data_[i] (0 and -55.3125) are not same 0 53994

src/tests/KernelTestCases.cpp:52: Failure
1756temp_fp16[0] and dim_data->output_npbst_.getBurst(0).fp16Data_[i] (0 and -40.4375) are not same 0 53518

src/tests/KernelTestCases.cpp:52: Failure
1757temp_fp16[0] and dim_data->output_npbst_.getBurst(0).fp16Data_[i] (0 and 3.33984375) are not same 0 17070

src/tests/KernelTestCases.cpp:52: Failure
1758temp_fp16[0] and dim_data->output_npbst_.getBurst(0).fp16Data_[i] (0 and 6.9609375) are not same 0 18166

src/tests/KernelTestCases.cpp:52: Failure
1759temp_fp16[0] and dim_data->output_npbst_.getBurst(0).fp16Data_[i] (0 and 8.765625) are not same 0 18530

src/tests/KernelTestCases.cpp:52: Failure
1760temp_fp16[0] and dim_data->output_npbst_.getBurst(0).fp16Data_[i] (0 and 14.8515625) are not same 0 19309

src/tests/KernelTestCases.cpp:52: Failure
1761temp_fp16[0] and dim_data->output_npbst_.getBurst(0).fp16Data_[i] (0 and 9.296875) are not same 0 18598

src/tests/KernelTestCases.cpp:52: Failure
1762temp_fp16[0] and dim_data->output_npbst_.getBurst(0).fp16Data_[i] (0 and 11.984375) are not same 0 18942

src/tests/KernelTestCases.cpp:52: Failure
1763temp_fp16[0] and dim_data->output_npbst_.getBurst(0).fp16Data_[i] (0 and 19.8125) are not same 0 19700

src/tests/KernelTestCases.cpp:52: Failure
1765temp_fp16[0] and dim_data->output_npbst_.getBurst(0).fp16Data_[i] (0 and -19.71875) are not same 0 52462

src/tests/KernelTestCases.cpp:52: Failure
1766temp_fp16[0] and dim_data->output_npbst_.getBurst(0).fp16Data_[i] (0 and 9.8203125) are not same 0 18665

src/tests/KernelTestCases.cpp:52: Failure
1767temp_fp16[0] and dim_data->output_npbst_.getBurst(0).fp16Data_[i] (0 and -25.6875) are not same 0 52844

src/tests/KernelTestCases.cpp:52: Failure
1768temp_fp16[0] and dim_data->output_npbst_.getBurst(0).fp16Data_[i] (0 and 71.0625) are not same 0 21617

src/tests/KernelTestCases.cpp:52: Failure
1769temp_fp16[0] and dim_data->output_npbst_.getBurst(0).fp16Data_[i] (0 and -13.4765625) are not same 0 51901

src/tests/KernelTestCases.cpp:52: Failure
1770temp_fp16[0] and dim_data->output_npbst_.getBurst(0).fp16Data_[i] (0 and -10.046875) are not same 0 51462

src/tests/KernelTestCases.cpp:52: Failure
1771temp_fp16[0] and dim_data->output_npbst_.getBurst(0).fp16Data_[i] (0 and -33.71875) are not same 0 53303

src/tests/KernelTestCases.cpp:52: Failure
1772temp_fp16[0] and dim_data->output_npbst_.getBurst(0).fp16Data_[i] (0 and 9.8203125) are not same 0 18665

src/tests/KernelTestCases.cpp:52: Failure
1773temp_fp16[0] and dim_data->output_npbst_.getBurst(0).fp16Data_[i] (0 and 1.9423828125) are not same 0 16325

src/tests/KernelTestCases.cpp:52: Failure
1774temp_fp16[0] and dim_data->output_npbst_.getBurst(0).fp16Data_[i] (0 and -36.5) are not same 0 53392

src/tests/KernelTestCases.cpp:52: Failure
1775temp_fp16[0] and dim_data->output_npbst_.getBurst(0).fp16Data_[i] (0 and -7.4296875) are not same 0 51054

src/tests/KernelTestCases.cpp:52: Failure
1776temp_fp16[0] and dim_data->output_npbst_.getBurst(0).fp16Data_[i] (0 and -6.0703125) are not same 0 50706

src/tests/KernelTestCases.cpp:52: Failure
1777temp_fp16[0] and dim_data->output_npbst_.getBurst(0).fp16Data_[i] (0 and -7.1171875) are not same 0 50974

src/tests/KernelTestCases.cpp:52: Failure
1778temp_fp16[0] and dim_data->output_npbst_.getBurst(0).fp16Data_[i] (0 and 2.662109375) are not same 0 16723

src/tests/KernelTestCases.cpp:52: Failure
1779temp_fp16[0] and dim_data->output_npbst_.getBurst(0).fp16Data_[i] (0 and -68.5625) are not same 0 54345

src/tests/KernelTestCases.cpp:52: Failure
1780temp_fp16[0] and dim_data->output_npbst_.getBurst(0).fp16Data_[i] (0 and -9.25) are not same 0 51360

src/tests/KernelTestCases.cpp:52: Failure
1781temp_fp16[0] and dim_data->output_npbst_.getBurst(0).fp16Data_[i] (0 and -8.0625) are not same 0 51208

src/tests/KernelTestCases.cpp:52: Failure
1782temp_fp16[0] and dim_data->output_npbst_.getBurst(0).fp16Data_[i] (0 and -12.8046875) are not same 0 51815

src/tests/KernelTestCases.cpp:52: Failure
1783temp_fp16[0] and dim_data->output_npbst_.getBurst(0).fp16Data_[i] (0 and -10.9375) are not same 0 51576

src/tests/KernelTestCases.cpp:52: Failure
1784temp_fp16[0] and dim_data->output_npbst_.getBurst(0).fp16Data_[i] (0 and 41.0625) are not same 0 20770

src/tests/KernelTestCases.cpp:52: Failure
1785temp_fp16[0] and dim_data->output_npbst_.getBurst(0).fp16Data_[i] (0 and -27.84375) are not same 0 52982

src/tests/KernelTestCases.cpp:52: Failure
1786temp_fp16[0] and dim_data->output_npbst_.getBurst(0).fp16Data_[i] (0 and -2.66015625) are not same 0 49490

src/tests/KernelTestCases.cpp:52: Failure
1787temp_fp16[0] and dim_data->output_npbst_.getBurst(0).fp16Data_[i] (0 and -1.111328125) are not same 0 48242

src/tests/KernelTestCases.cpp:52: Failure
1788temp_fp16[0] and dim_data->output_npbst_.getBurst(0).fp16Data_[i] (0 and 106.3125) are not same 0 22181

src/tests/KernelTestCases.cpp:52: Failure
1789temp_fp16[0] and dim_data->output_npbst_.getBurst(0).fp16Data_[i] (0 and -36.46875) are not same 0 53391

src/tests/KernelTestCases.cpp:52: Failure
1790temp_fp16[0] and dim_data->output_npbst_.getBurst(0).fp16Data_[i] (0 and 13.03125) are not same 0 19076

src/tests/KernelTestCases.cpp:52: Failure
1791temp_fp16[0] and dim_data->output_npbst_.getBurst(0).fp16Data_[i] (0 and -64.5) are not same 0 54280

src/tests/KernelTestCases.cpp:52: Failure
1792temp_fp16[0] and dim_data->output_npbst_.getBurst(0).fp16Data_[i] (0 and 7.26953125) are not same 0 18245

src/tests/KernelTestCases.cpp:52: Failure
1793temp_fp16[0] and dim_data->output_npbst_.getBurst(0).fp16Data_[i] (0 and -46.625) are not same 0 53716

src/tests/KernelTestCases.cpp:52: Failure
1794temp_fp16[0] and dim_data->output_npbst_.getBurst(0).fp16Data_[i] (0 and 61.3125) are not same 0 21418

src/tests/KernelTestCases.cpp:52: Failure
1795temp_fp16[0] and dim_data->output_npbst_.getBurst(0).fp16Data_[i] (0 and -35.34375) are not same 0 53355

src/tests/KernelTestCases.cpp:52: Failure
1796temp_fp16[0] and dim_data->output_npbst_.getBurst(0).fp16Data_[i] (0 and 39.5) are not same 0 20720

src/tests/KernelTestCases.cpp:52: Failure
1797temp_fp16[0] and dim_data->output_npbst_.getBurst(0).fp16Data_[i] (0 and -13.03125) are not same 0 51844

src/tests/KernelTestCases.cpp:52: Failure
1798temp_fp16[0] and dim_data->output_npbst_.getBurst(0).fp16Data_[i] (0 and -2.19921875) are not same 0 49254

src/tests/KernelTestCases.cpp:52: Failure
1799temp_fp16[0] and dim_data->output_npbst_.getBurst(0).fp16Data_[i] (0 and 24.328125) are not same 0 19989

src/tests/KernelTestCases.cpp:52: Failure
1800temp_fp16[0] and dim_data->output_npbst_.getBurst(0).fp16Data_[i] (0 and -39.46875) are not same 0 53487

src/tests/KernelTestCases.cpp:52: Failure
1801temp_fp16[0] and dim_data->output_npbst_.getBurst(0).fp16Data_[i] (0 and -11.9140625) are not same 0 51701

src/tests/KernelTestCases.cpp:52: Failure
1802temp_fp16[0] and dim_data->output_npbst_.getBurst(0).fp16Data_[i] (0 and -78.0625) are not same 0 54497

src/tests/KernelTestCases.cpp:52: Failure
1803temp_fp16[0] and dim_data->output_npbst_.getBurst(0).fp16Data_[i] (0 and -45.59375) are not same 0 53683

src/tests/KernelTestCases.cpp:52: Failure
1804temp_fp16[0] and dim_data->output_npbst_.getBurst(0).fp16Data_[i] (0 and 4.484375) are not same 0 17532

src/tests/KernelTestCases.cpp:52: Failure
1805temp_fp16[0] and dim_data->output_npbst_.getBurst(0).fp16Data_[i] (0 and 4.77734375) are not same 0 17607

src/tests/KernelTestCases.cpp:52: Failure
1806temp_fp16[0] and dim_data->output_npbst_.getBurst(0).fp16Data_[i] (0 and -32.90625) are not same 0 53277

src/tests/KernelTestCases.cpp:52: Failure
1807temp_fp16[0] and dim_data->output_npbst_.getBurst(0).fp16Data_[i] (0 and -1.490234375) are not same 0 48630

src/tests/KernelTestCases.cpp:52: Failure
1808temp_fp16[0] and dim_data->output_npbst_.getBurst(0).fp16Data_[i] (0 and -47) are not same 0 53728

src/tests/KernelTestCases.cpp:52: Failure
1809temp_fp16[0] and dim_data->output_npbst_.getBurst(0).fp16Data_[i] (0 and -65) are not same 0 54288

src/tests/KernelTestCases.cpp:52: Failure
1810temp_fp16[0] and dim_data->output_npbst_.getBurst(0).fp16Data_[i] (0 and 49.1875) are not same 0 21030

src/tests/KernelTestCases.cpp:52: Failure
1811temp_fp16[0] and dim_data->output_npbst_.getBurst(0).fp16Data_[i] (0 and -12.6796875) are not same 0 51799

src/tests/KernelTestCases.cpp:52: Failure
1812temp_fp16[0] and dim_data->output_npbst_.getBurst(0).fp16Data_[i] (0 and 50.46875) are not same 0 21071

src/tests/KernelTestCases.cpp:52: Failure
1813temp_fp16[0] and dim_data->output_npbst_.getBurst(0).fp16Data_[i] (0 and 19.53125) are not same 0 19682

src/tests/KernelTestCases.cpp:52: Failure
1814temp_fp16[0] and dim_data->output_npbst_.getBurst(0).fp16Data_[i] (0 and 59.75) are not same 0 21368

src/tests/KernelTestCases.cpp:52: Failure
1815temp_fp16[0] and dim_data->output_npbst_.getBurst(0).fp16Data_[i] (0 and 4.76171875) are not same 0 17603

src/tests/KernelTestCases.cpp:52: Failure
1816temp_fp16[0] and dim_data->output_npbst_.getBurst(0).fp16Data_[i] (0 and 38.09375) are not same 0 20675

src/tests/KernelTestCases.cpp:52: Failure
1817temp_fp16[0] and dim_data->output_npbst_.getBurst(0).fp16Data_[i] (0 and 44.46875) are not same 0 20879

src/tests/KernelTestCases.cpp:52: Failure
1818temp_fp16[0] and dim_data->output_npbst_.getBurst(0).fp16Data_[i] (0 and 7.4765625) are not same 0 18298

src/tests/KernelTestCases.cpp:52: Failure
1819temp_fp16[0] and dim_data->output_npbst_.getBurst(0).fp16Data_[i] (0 and -54.75) are not same 0 53976

src/tests/KernelTestCases.cpp:52: Failure
1820temp_fp16[0] and dim_data->output_npbst_.getBurst(0).fp16Data_[i] (0 and -34.90625) are not same 0 53341

src/tests/KernelTestCases.cpp:52: Failure
1821temp_fp16[0] and dim_data->output_npbst_.getBurst(0).fp16Data_[i] (0 and -1.6025390625) are not same 0 48745

src/tests/KernelTestCases.cpp:52: Failure
1822temp_fp16[0] and dim_data->output_npbst_.getBurst(0).fp16Data_[i] (0 and 25.03125) are not same 0 20034

src/tests/KernelTestCases.cpp:52: Failure
1823temp_fp16[0] and dim_data->output_npbst_.getBurst(0).fp16Data_[i] (0 and -39.96875) are not same 0 53503

src/tests/KernelTestCases.cpp:52: Failure
1824temp_fp16[0] and dim_data->output_npbst_.getBurst(0).fp16Data_[i] (0 and -34.09375) are not same 0 53315

src/tests/KernelTestCases.cpp:52: Failure
1826temp_fp16[0] and dim_data->output_npbst_.getBurst(0).fp16Data_[i] (0 and -4.97265625) are not same 0 50425

src/tests/KernelTestCases.cpp:52: Failure
1827temp_fp16[0] and dim_data->output_npbst_.getBurst(0).fp16Data_[i] (0 and 32.46875) are not same 0 20495

src/tests/KernelTestCases.cpp:52: Failure
1828temp_fp16[0] and dim_data->output_npbst_.getBurst(0).fp16Data_[i] (0 and -16.296875) are not same 0 52243

src/tests/KernelTestCases.cpp:52: Failure
1829temp_fp16[0] and dim_data->output_npbst_.getBurst(0).fp16Data_[i] (0 and 15.4140625) are not same 0 19381

src/tests/KernelTestCases.cpp:52: Failure
1830temp_fp16[0] and dim_data->output_npbst_.getBurst(0).fp16Data_[i] (0 and 25.734375) are not same 0 20079

src/tests/KernelTestCases.cpp:52: Failure
1831temp_fp16[0] and dim_data->output_npbst_.getBurst(0).fp16Data_[i] (0 and -67.375) are not same 0 54326

src/tests/KernelTestCases.cpp:52: Failure
1832temp_fp16[0] and dim_data->output_npbst_.getBurst(0).fp16Data_[i] (0 and -27.09375) are not same 0 52934

src/tests/KernelTestCases.cpp:52: Failure
1833temp_fp16[0] and dim_data->output_npbst_.getBurst(0).fp16Data_[i] (0 and 13.609375) are not same 0 19150

src/tests/KernelTestCases.cpp:52: Failure
1834temp_fp16[0] and dim_data->output_npbst_.getBurst(0).fp16Data_[i] (0 and 7.0546875) are not same 0 18190

src/tests/KernelTestCases.cpp:52: Failure
1835temp_fp16[0] and dim_data->output_npbst_.getBurst(0).fp16Data_[i] (0 and -16.234375) are not same 0 52239

src/tests/KernelTestCases.cpp:52: Failure
1836temp_fp16[0] and dim_data->output_npbst_.getBurst(0).fp16Data_[i] (0 and -38.21875) are not same 0 53447

src/tests/KernelTestCases.cpp:52: Failure
1837temp_fp16[0] and dim_data->output_npbst_.getBurst(0).fp16Data_[i] (0 and 11.8671875) are not same 0 18927

src/tests/KernelTestCases.cpp:52: Failure
1838temp_fp16[0] and dim_data->output_npbst_.getBurst(0).fp16Data_[i] (0 and -56.15625) are not same 0 54021

src/tests/KernelTestCases.cpp:52: Failure
1839temp_fp16[0] and dim_data->output_npbst_.getBurst(0).fp16Data_[i] (0 and -23.453125) are not same 0 52701

src/tests/KernelTestCases.cpp:52: Failure
1840temp_fp16[0] and dim_data->output_npbst_.getBurst(0).fp16Data_[i] (0 and 2.98828125) are not same 0 16890

src/tests/KernelTestCases.cpp:52: Failure
1841temp_fp16[0] and dim_data->output_npbst_.getBurst(0).fp16Data_[i] (0 and 49.0625) are not same 0 21026

src/tests/KernelTestCases.cpp:52: Failure
1842temp_fp16[0] and dim_data->output_npbst_.getBurst(0).fp16Data_[i] (0 and -25.671875) are not same 0 52843

src/tests/KernelTestCases.cpp:52: Failure
1843temp_fp16[0] and dim_data->output_npbst_.getBurst(0).fp16Data_[i] (0 and 4.8828125) are not same 0 17634

src/tests/KernelTestCases.cpp:52: Failure
1844temp_fp16[0] and dim_data->output_npbst_.getBurst(0).fp16Data_[i] (0 and -8.4609375) are not same 0 51259

src/tests/KernelTestCases.cpp:52: Failure
1845temp_fp16[0] and dim_data->output_npbst_.getBurst(0).fp16Data_[i] (0 and -21.515625) are not same 0 52577

src/tests/KernelTestCases.cpp:52: Failure
1846temp_fp16[0] and dim_data->output_npbst_.getBurst(0).fp16Data_[i] (0 and -13.4140625) are not same 0 51893

src/tests/KernelTestCases.cpp:52: Failure
1847temp_fp16[0] and dim_data->output_npbst_.getBurst(0).fp16Data_[i] (0 and 24.3125) are not same 0 19988

src/tests/KernelTestCases.cpp:52: Failure
1848temp_fp16[0] and dim_data->output_npbst_.getBurst(0).fp16Data_[i] (0 and 44.84375) are not same 0 20891

src/tests/KernelTestCases.cpp:52: Failure
1849temp_fp16[0] and dim_data->output_npbst_.getBurst(0).fp16Data_[i] (0 and -10.7109375) are not same 0 51547

src/tests/KernelTestCases.cpp:52: Failure
1850temp_fp16[0] and dim_data->output_npbst_.getBurst(0).fp16Data_[i] (0 and 19.078125) are not same 0 19653

src/tests/KernelTestCases.cpp:52: Failure
1851temp_fp16[0] and dim_data->output_npbst_.getBurst(0).fp16Data_[i] (0 and 39.59375) are not same 0 20723

src/tests/KernelTestCases.cpp:52: Failure
1852temp_fp16[0] and dim_data->output_npbst_.getBurst(0).fp16Data_[i] (0 and -9.390625) are not same 0 51378

src/tests/KernelTestCases.cpp:52: Failure
1853temp_fp16[0] and dim_data->output_npbst_.getBurst(0).fp16Data_[i] (0 and -12.4140625) are not same 0 51765

src/tests/KernelTestCases.cpp:52: Failure
1854temp_fp16[0] and dim_data->output_npbst_.getBurst(0).fp16Data_[i] (0 and 11.6875) are not same 0 18904

src/tests/KernelTestCases.cpp:52: Failure
1855temp_fp16[0] and dim_data->output_npbst_.getBurst(0).fp16Data_[i] (0 and 18.96875) are not same 0 19646

src/tests/KernelTestCases.cpp:52: Failure
1856temp_fp16[0] and dim_data->output_npbst_.getBurst(0).fp16Data_[i] (0 and -8.4140625) are not same 0 51253

src/tests/KernelTestCases.cpp:52: Failure
1857temp_fp16[0] and dim_data->output_npbst_.getBurst(0).fp16Data_[i] (0 and 9.6484375) are not same 0 18643

src/tests/KernelTestCases.cpp:52: Failure
1858temp_fp16[0] and dim_data->output_npbst_.getBurst(0).fp16Data_[i] (0 and 38) are not same 0 20672

src/tests/KernelTestCases.cpp:52: Failure
1859temp_fp16[0] and dim_data->output_npbst_.getBurst(0).fp16Data_[i] (0 and -27.921875) are not same 0 52987

src/tests/KernelTestCases.cpp:52: Failure
1860temp_fp16[0] and dim_data->output_npbst_.getBurst(0).fp16Data_[i] (0 and -37.59375) are not same 0 53427

src/tests/KernelTestCases.cpp:52: Failure
1861temp_fp16[0] and dim_data->output_npbst_.getBurst(0).fp16Data_[i] (0 and 31.640625) are not same 0 20457

src/tests/KernelTestCases.cpp:52: Failure
1862temp_fp16[0] and dim_data->output_npbst_.getBurst(0).fp16Data_[i] (0 and -32) are not same 0 53248

src/tests/KernelTestCases.cpp:52: Failure
1863temp_fp16[0] and dim_data->output_npbst_.getBurst(0).fp16Data_[i] (0 and -38.28125) are not same 0 53449

src/tests/KernelTestCases.cpp:52: Failure
1864temp_fp16[0] and dim_data->output_npbst_.getBurst(0).fp16Data_[i] (0 and 16.640625) are not same 0 19497

src/tests/KernelTestCases.cpp:52: Failure
1865temp_fp16[0] and dim_data->output_npbst_.getBurst(0).fp16Data_[i] (0 and -51.5625) are not same 0 53874

src/tests/KernelTestCases.cpp:52: Failure
1866temp_fp16[0] and dim_data->output_npbst_.getBurst(0).fp16Data_[i] (0 and 52.8125) are not same 0 21146

src/tests/KernelTestCases.cpp:52: Failure
1867temp_fp16[0] and dim_data->output_npbst_.getBurst(0).fp16Data_[i] (0 and -8.1875) are not same 0 51224

src/tests/KernelTestCases.cpp:52: Failure
1868temp_fp16[0] and dim_data->output_npbst_.getBurst(0).fp16Data_[i] (0 and -25.3125) are not same 0 52820

src/tests/KernelTestCases.cpp:52: Failure
1869temp_fp16[0] and dim_data->output_npbst_.getBurst(0).fp16Data_[i] (0 and -5.7109375) are not same 0 50614

src/tests/KernelTestCases.cpp:52: Failure
1870temp_fp16[0] and dim_data->output_npbst_.getBurst(0).fp16Data_[i] (0 and -38.1875) are not same 0 53446

src/tests/KernelTestCases.cpp:52: Failure
1871temp_fp16[0] and dim_data->output_npbst_.getBurst(0).fp16Data_[i] (0 and -2.169921875) are not same 0 49239

src/tests/KernelTestCases.cpp:52: Failure
1872temp_fp16[0] and dim_data->output_npbst_.getBurst(0).fp16Data_[i] (0 and 2.615234375) are not same 0 16699

src/tests/KernelTestCases.cpp:52: Failure
1873temp_fp16[0] and dim_data->output_npbst_.getBurst(0).fp16Data_[i] (0 and 15.515625) are not same 0 19394

src/tests/KernelTestCases.cpp:52: Failure
1874temp_fp16[0] and dim_data->output_npbst_.getBurst(0).fp16Data_[i] (0 and 13.2578125) are not same 0 19105

src/tests/KernelTestCases.cpp:52: Failure
1875temp_fp16[0] and dim_data->output_npbst_.getBurst(0).fp16Data_[i] (0 and 1.3271484375) are not same 0 15695

src/tests/KernelTestCases.cpp:52: Failure
1876temp_fp16[0] and dim_data->output_npbst_.getBurst(0).fp16Data_[i] (0 and -49.1875) are not same 0 53798

src/tests/KernelTestCases.cpp:52: Failure
1877temp_fp16[0] and dim_data->output_npbst_.getBurst(0).fp16Data_[i] (0 and -7.42578125) are not same 0 51053

src/tests/KernelTestCases.cpp:52: Failure
1878temp_fp16[0] and dim_data->output_npbst_.getBurst(0).fp16Data_[i] (0 and 44.6875) are not same 0 20886

src/tests/KernelTestCases.cpp:52: Failure
1879temp_fp16[0] and dim_data->output_npbst_.getBurst(0).fp16Data_[i] (0 and 18.390625) are not same 0 19609

src/tests/KernelTestCases.cpp:52: Failure
1880temp_fp16[0] and dim_data->output_npbst_.getBurst(0).fp16Data_[i] (0 and 19.3125) are not same 0 19668

src/tests/KernelTestCases.cpp:52: Failure
1881temp_fp16[0] and dim_data->output_npbst_.getBurst(0).fp16Data_[i] (0 and -42.96875) are not same 0 53599

src/tests/KernelTestCases.cpp:52: Failure
1882temp_fp16[0] and dim_data->output_npbst_.getBurst(0).fp16Data_[i] (0 and -49.96875) are not same 0 53823

src/tests/KernelTestCases.cpp:52: Failure
1883temp_fp16[0] and dim_data->output_npbst_.getBurst(0).fp16Data_[i] (0 and 62) are not same 0 21440

src/tests/KernelTestCases.cpp:52: Failure
1885temp_fp16[0] and dim_data->output_npbst_.getBurst(0).fp16Data_[i] (0 and -21.15625) are not same 0 52554

src/tests/KernelTestCases.cpp:52: Failure
1886temp_fp16[0] and dim_data->output_npbst_.getBurst(0).fp16Data_[i] (0 and 20.296875) are not same 0 19731

src/tests/KernelTestCases.cpp:52: Failure
1887temp_fp16[0] and dim_data->output_npbst_.getBurst(0).fp16Data_[i] (0 and -10.3515625) are not same 0 51501

src/tests/KernelTestCases.cpp:52: Failure
1888temp_fp16[0] and dim_data->output_npbst_.getBurst(0).fp16Data_[i] (0 and 16.921875) are not same 0 19515

src/tests/KernelTestCases.cpp:52: Failure
1889temp_fp16[0] and dim_data->output_npbst_.getBurst(0).fp16Data_[i] (0 and -47.125) are not same 0 53732

src/tests/KernelTestCases.cpp:52: Failure
1890temp_fp16[0] and dim_data->output_npbst_.getBurst(0).fp16Data_[i] (0 and -1.9443359375) are not same 0 49095

src/tests/KernelTestCases.cpp:52: Failure
1891temp_fp16[0] and dim_data->output_npbst_.getBurst(0).fp16Data_[i] (0 and -15.6953125) are not same 0 52185

src/tests/KernelTestCases.cpp:52: Failure
1892temp_fp16[0] and dim_data->output_npbst_.getBurst(0).fp16Data_[i] (0 and 47.78125) are not same 0 20985

src/tests/KernelTestCases.cpp:52: Failure
1893temp_fp16[0] and dim_data->output_npbst_.getBurst(0).fp16Data_[i] (0 and -15.09375) are not same 0 52108

src/tests/KernelTestCases.cpp:52: Failure
1894temp_fp16[0] and dim_data->output_npbst_.getBurst(0).fp16Data_[i] (0 and 51.9375) are not same 0 21118

src/tests/KernelTestCases.cpp:52: Failure
1895temp_fp16[0] and dim_data->output_npbst_.getBurst(0).fp16Data_[i] (0 and -7.890625) are not same 0 51172

src/tests/KernelTestCases.cpp:52: Failure
1896temp_fp16[0] and dim_data->output_npbst_.getBurst(0).fp16Data_[i] (0 and -30.9375) are not same 0 53180

src/tests/KernelTestCases.cpp:52: Failure
1897temp_fp16[0] and dim_data->output_npbst_.getBurst(0).fp16Data_[i] (0 and 7.05859375) are not same 0 18191

src/tests/KernelTestCases.cpp:52: Failure
1898temp_fp16[0] and dim_data->output_npbst_.getBurst(0).fp16Data_[i] (0 and 29.8125) are not same 0 20340

src/tests/KernelTestCases.cpp:52: Failure
1899temp_fp16[0] and dim_data->output_npbst_.getBurst(0).fp16Data_[i] (0 and 48.96875) are not same 0 21023

src/tests/KernelTestCases.cpp:52: Failure
1900temp_fp16[0] and dim_data->output_npbst_.getBurst(0).fp16Data_[i] (0 and -23.203125) are not same 0 52685

src/tests/KernelTestCases.cpp:52: Failure
1901temp_fp16[0] and dim_data->output_npbst_.getBurst(0).fp16Data_[i] (0 and 9.4296875) are not same 0 18615

src/tests/KernelTestCases.cpp:52: Failure
1902temp_fp16[0] and dim_data->output_npbst_.getBurst(0).fp16Data_[i] (0 and -16.625) are not same 0 52264

src/tests/KernelTestCases.cpp:52: Failure
1903temp_fp16[0] and dim_data->output_npbst_.getBurst(0).fp16Data_[i] (0 and -17.03125) are not same 0 52290

src/tests/KernelTestCases.cpp:52: Failure
1904temp_fp16[0] and dim_data->output_npbst_.getBurst(0).fp16Data_[i] (0 and -2.50390625) are not same 0 49410

src/tests/KernelTestCases.cpp:52: Failure
1905temp_fp16[0] and dim_data->output_npbst_.getBurst(0).fp16Data_[i] (0 and -11.6796875) are not same 0 51671

src/tests/KernelTestCases.cpp:52: Failure
1906temp_fp16[0] and dim_data->output_npbst_.getBurst(0).fp16Data_[i] (0 and 19.578125) are not same 0 19685

src/tests/KernelTestCases.cpp:52: Failure
1907temp_fp16[0] and dim_data->output_npbst_.getBurst(0).fp16Data_[i] (0 and 10.7890625) are not same 0 18789

src/tests/KernelTestCases.cpp:52: Failure
1908temp_fp16[0] and dim_data->output_npbst_.getBurst(0).fp16Data_[i] (0 and 26.015625) are not same 0 20097

src/tests/KernelTestCases.cpp:52: Failure
1909temp_fp16[0] and dim_data->output_npbst_.getBurst(0).fp16Data_[i] (0 and -7.5703125) are not same 0 51090

src/tests/KernelTestCases.cpp:52: Failure
1910temp_fp16[0] and dim_data->output_npbst_.getBurst(0).fp16Data_[i] (0 and 12.7265625) are not same 0 19037

src/tests/KernelTestCases.cpp:52: Failure
1911temp_fp16[0] and dim_data->output_npbst_.getBurst(0).fp16Data_[i] (0 and -22.875) are not same 0 52664

src/tests/KernelTestCases.cpp:52: Failure
1912temp_fp16[0] and dim_data->output_npbst_.getBurst(0).fp16Data_[i] (0 and -34.03125) are not same 0 53313

src/tests/KernelTestCases.cpp:52: Failure
1913temp_fp16[0] and dim_data->output_npbst_.getBurst(0).fp16Data_[i] (0 and -35.4375) are not same 0 53358

src/tests/KernelTestCases.cpp:52: Failure
1914temp_fp16[0] and dim_data->output_npbst_.getBurst(0).fp16Data_[i] (0 and 14.9765625) are not same 0 19325

src/tests/KernelTestCases.cpp:52: Failure
1915temp_fp16[0] and dim_data->output_npbst_.getBurst(0).fp16Data_[i] (0 and -15.296875) are not same 0 52134

src/tests/KernelTestCases.cpp:52: Failure
1916temp_fp16[0] and dim_data->output_npbst_.getBurst(0).fp16Data_[i] (0 and -1.671875) are not same 0 48816

src/tests/KernelTestCases.cpp:52: Failure
1917temp_fp16[0] and dim_data->output_npbst_.getBurst(0).fp16Data_[i] (0 and 13.8671875) are not same 0 19183

src/tests/KernelTestCases.cpp:52: Failure
1918temp_fp16[0] and dim_data->output_npbst_.getBurst(0).fp16Data_[i] (0 and -4.97265625) are not same 0 50425

src/tests/KernelTestCases.cpp:52: Failure
1919temp_fp16[0] and dim_data->output_npbst_.getBurst(0).fp16Data_[i] (0 and 14.4765625) are not same 0 19261

src/tests/KernelTestCases.cpp:52: Failure
1920temp_fp16[0] and dim_data->output_npbst_.getBurst(0).fp16Data_[i] (0 and -12.125) are not same 0 51728

src/tests/KernelTestCases.cpp:52: Failure
1921temp_fp16[0] and dim_data->output_npbst_.getBurst(0).fp16Data_[i] (0 and 4.56640625) are not same 0 17553

src/tests/KernelTestCases.cpp:52: Failure
1922temp_fp16[0] and dim_data->output_npbst_.getBurst(0).fp16Data_[i] (0 and -18.375) are not same 0 52376

src/tests/KernelTestCases.cpp:52: Failure
1923temp_fp16[0] and dim_data->output_npbst_.getBurst(0).fp16Data_[i] (0 and -11.8515625) are not same 0 51693

src/tests/KernelTestCases.cpp:52: Failure
1924temp_fp16[0] and dim_data->output_npbst_.getBurst(0).fp16Data_[i] (0 and 1.7919921875) are not same 0 16171

src/tests/KernelTestCases.cpp:52: Failure
1925temp_fp16[0] and dim_data->output_npbst_.getBurst(0).fp16Data_[i] (0 and -25.515625) are not same 0 52833

src/tests/KernelTestCases.cpp:52: Failure
1926temp_fp16[0] and dim_data->output_npbst_.getBurst(0).fp16Data_[i] (0 and 12.9296875) are not same 0 19063

src/tests/KernelTestCases.cpp:52: Failure
1927temp_fp16[0] and dim_data->output_npbst_.getBurst(0).fp16Data_[i] (0 and -31.46875) are not same 0 53214

src/tests/KernelTestCases.cpp:52: Failure
1928temp_fp16[0] and dim_data->output_npbst_.getBurst(0).fp16Data_[i] (0 and 37.90625) are not same 0 20669

src/tests/KernelTestCases.cpp:52: Failure
1929temp_fp16[0] and dim_data->output_npbst_.getBurst(0).fp16Data_[i] (0 and -53.875) are not same 0 53948

src/tests/KernelTestCases.cpp:52: Failure
1930temp_fp16[0] and dim_data->output_npbst_.getBurst(0).fp16Data_[i] (0 and 31.234375) are not same 0 20431

src/tests/KernelTestCases.cpp:52: Failure
1931temp_fp16[0] and dim_data->output_npbst_.getBurst(0).fp16Data_[i] (0 and -2.01171875) are not same 0 49158

src/tests/KernelTestCases.cpp:52: Failure
1932temp_fp16[0] and dim_data->output_npbst_.getBurst(0).fp16Data_[i] (0 and 35.03125) are not same 0 20577

src/tests/KernelTestCases.cpp:52: Failure
1933temp_fp16[0] and dim_data->output_npbst_.getBurst(0).fp16Data_[i] (0 and -56.25) are not same 0 54024

src/tests/KernelTestCases.cpp:52: Failure
1934temp_fp16[0] and dim_data->output_npbst_.getBurst(0).fp16Data_[i] (0 and -29.609375) are not same 0 53095

src/tests/KernelTestCases.cpp:52: Failure
1935temp_fp16[0] and dim_data->output_npbst_.getBurst(0).fp16Data_[i] (0 and -3.73046875) are not same 0 50038

src/tests/KernelTestCases.cpp:52: Failure
1936temp_fp16[0] and dim_data->output_npbst_.getBurst(0).fp16Data_[i] (0 and 58.875) are not same 0 21340

src/tests/KernelTestCases.cpp:52: Failure
1937temp_fp16[0] and dim_data->output_npbst_.getBurst(0).fp16Data_[i] (0 and -17.984375) are not same 0 52351

src/tests/KernelTestCases.cpp:52: Failure
1938temp_fp16[0] and dim_data->output_npbst_.getBurst(0).fp16Data_[i] (0 and 6.16796875) are not same 0 17963

src/tests/KernelTestCases.cpp:52: Failure
1939temp_fp16[0] and dim_data->output_npbst_.getBurst(0).fp16Data_[i] (0 and 28.359375) are not same 0 20247

src/tests/KernelTestCases.cpp:52: Failure
1940temp_fp16[0] and dim_data->output_npbst_.getBurst(0).fp16Data_[i] (0 and 35.9375) are not same 0 20606

src/tests/KernelTestCases.cpp:52: Failure
1941temp_fp16[0] and dim_data->output_npbst_.getBurst(0).fp16Data_[i] (0 and -17.84375) are not same 0 52342

src/tests/KernelTestCases.cpp:52: Failure
1942temp_fp16[0] and dim_data->output_npbst_.getBurst(0).fp16Data_[i] (0 and -33.34375) are not same 0 53291

src/tests/KernelTestCases.cpp:52: Failure
1943temp_fp16[0] and dim_data->output_npbst_.getBurst(0).fp16Data_[i] (0 and 27.046875) are not same 0 20163

src/tests/KernelTestCases.cpp:52: Failure
1944temp_fp16[0] and dim_data->output_npbst_.getBurst(0).fp16Data_[i] (0 and 35) are not same 0 20576

src/tests/KernelTestCases.cpp:52: Failure
1946temp_fp16[0] and dim_data->output_npbst_.getBurst(0).fp16Data_[i] (0 and -2.791015625) are not same 0 49557

src/tests/KernelTestCases.cpp:52: Failure
1947temp_fp16[0] and dim_data->output_npbst_.getBurst(0).fp16Data_[i] (0 and 29.796875) are not same 0 20339

src/tests/KernelTestCases.cpp:52: Failure
1948temp_fp16[0] and dim_data->output_npbst_.getBurst(0).fp16Data_[i] (0 and -33.34375) are not same 0 53291

src/tests/KernelTestCases.cpp:52: Failure
1949temp_fp16[0] and dim_data->output_npbst_.getBurst(0).fp16Data_[i] (0 and -3.73828125) are not same 0 50042

src/tests/KernelTestCases.cpp:52: Failure
1950temp_fp16[0] and dim_data->output_npbst_.getBurst(0).fp16Data_[i] (0 and -89.4375) are not same 0 54679

src/tests/KernelTestCases.cpp:52: Failure
1951temp_fp16[0] and dim_data->output_npbst_.getBurst(0).fp16Data_[i] (0 and 10.515625) are not same 0 18754

src/tests/KernelTestCases.cpp:52: Failure
1952temp_fp16[0] and dim_data->output_npbst_.getBurst(0).fp16Data_[i] (0 and 30.90625) are not same 0 20410

src/tests/KernelTestCases.cpp:52: Failure
1953temp_fp16[0] and dim_data->output_npbst_.getBurst(0).fp16Data_[i] (0 and 3.3203125) are not same 0 17060

src/tests/KernelTestCases.cpp:52: Failure
1954temp_fp16[0] and dim_data->output_npbst_.getBurst(0).fp16Data_[i] (0 and -35.25) are not same 0 53352

src/tests/KernelTestCases.cpp:52: Failure
1955temp_fp16[0] and dim_data->output_npbst_.getBurst(0).fp16Data_[i] (0 and -7.15234375) are not same 0 50983

src/tests/KernelTestCases.cpp:52: Failure
1956temp_fp16[0] and dim_data->output_npbst_.getBurst(0).fp16Data_[i] (0 and -53.53125) are not same 0 53937

src/tests/KernelTestCases.cpp:52: Failure
1957temp_fp16[0] and dim_data->output_npbst_.getBurst(0).fp16Data_[i] (0 and -27.265625) are not same 0 52945

src/tests/KernelTestCases.cpp:52: Failure
1958temp_fp16[0] and dim_data->output_npbst_.getBurst(0).fp16Data_[i] (0 and -29.09375) are not same 0 53062

src/tests/KernelTestCases.cpp:52: Failure
1959temp_fp16[0] and dim_data->output_npbst_.getBurst(0).fp16Data_[i] (0 and -4.89453125) are not same 0 50405

src/tests/KernelTestCases.cpp:52: Failure
1960temp_fp16[0] and dim_data->output_npbst_.getBurst(0).fp16Data_[i] (0 and 9.9609375) are not same 0 18683

src/tests/KernelTestCases.cpp:52: Failure
1961temp_fp16[0] and dim_data->output_npbst_.getBurst(0).fp16Data_[i] (0 and -27.28125) are not same 0 52946

src/tests/KernelTestCases.cpp:52: Failure
1962temp_fp16[0] and dim_data->output_npbst_.getBurst(0).fp16Data_[i] (0 and -5.78125) are not same 0 50632

src/tests/KernelTestCases.cpp:52: Failure
1963temp_fp16[0] and dim_data->output_npbst_.getBurst(0).fp16Data_[i] (0 and 76.5) are not same 0 21704

src/tests/KernelTestCases.cpp:52: Failure
1964temp_fp16[0] and dim_data->output_npbst_.getBurst(0).fp16Data_[i] (0 and -21.671875) are not same 0 52587

src/tests/KernelTestCases.cpp:52: Failure
1965temp_fp16[0] and dim_data->output_npbst_.getBurst(0).fp16Data_[i] (0 and -25.984375) are not same 0 52863

src/tests/KernelTestCases.cpp:52: Failure
1966temp_fp16[0] and dim_data->output_npbst_.getBurst(0).fp16Data_[i] (0 and -9.4296875) are not same 0 51383

src/tests/KernelTestCases.cpp:52: Failure
1967temp_fp16[0] and dim_data->output_npbst_.getBurst(0).fp16Data_[i] (0 and 33.625) are not same 0 20532

src/tests/KernelTestCases.cpp:52: Failure
1968temp_fp16[0] and dim_data->output_npbst_.getBurst(0).fp16Data_[i] (0 and -2.244140625) are not same 0 49277

src/tests/KernelTestCases.cpp:52: Failure
1969temp_fp16[0] and dim_data->output_npbst_.getBurst(0).fp16Data_[i] (0 and 33.125) are not same 0 20516

src/tests/KernelTestCases.cpp:52: Failure
1970temp_fp16[0] and dim_data->output_npbst_.getBurst(0).fp16Data_[i] (0 and -14.3046875) are not same 0 52007

src/tests/KernelTestCases.cpp:52: Failure
1971temp_fp16[0] and dim_data->output_npbst_.getBurst(0).fp16Data_[i] (0 and 63.3125) are not same 0 21482

src/tests/KernelTestCases.cpp:52: Failure
1972temp_fp16[0] and dim_data->output_npbst_.getBurst(0).fp16Data_[i] (0 and -1.3525390625) are not same 0 48489

src/tests/KernelTestCases.cpp:52: Failure
1973temp_fp16[0] and dim_data->output_npbst_.getBurst(0).fp16Data_[i] (0 and 3.369140625) are not same 0 17085

src/tests/KernelTestCases.cpp:52: Failure
1974temp_fp16[0] and dim_data->output_npbst_.getBurst(0).fp16Data_[i] (0 and 16.515625) are not same 0 19489

src/tests/KernelTestCases.cpp:52: Failure
1975temp_fp16[0] and dim_data->output_npbst_.getBurst(0).fp16Data_[i] (0 and 53.875) are not same 0 21180

src/tests/KernelTestCases.cpp:52: Failure
1976temp_fp16[0] and dim_data->output_npbst_.getBurst(0).fp16Data_[i] (0 and 5.80078125) are not same 0 17869

src/tests/KernelTestCases.cpp:52: Failure
1977temp_fp16[0] and dim_data->output_npbst_.getBurst(0).fp16Data_[i] (0 and -11.859375) are not same 0 51694

src/tests/KernelTestCases.cpp:52: Failure
1978temp_fp16[0] and dim_data->output_npbst_.getBurst(0).fp16Data_[i] (0 and 25.09375) are not same 0 20038

src/tests/KernelTestCases.cpp:52: Failure
1979temp_fp16[0] and dim_data->output_npbst_.getBurst(0).fp16Data_[i] (0 and -22.4375) are not same 0 52636

src/tests/KernelTestCases.cpp:52: Failure
1980temp_fp16[0] and dim_data->output_npbst_.getBurst(0).fp16Data_[i] (0 and 4.05078125) are not same 0 17421

src/tests/KernelTestCases.cpp:52: Failure
1981temp_fp16[0] and dim_data->output_npbst_.getBurst(0).fp16Data_[i] (0 and -34.46875) are not same 0 53327

src/tests/KernelTestCases.cpp:52: Failure
1982temp_fp16[0] and dim_data->output_npbst_.getBurst(0).fp16Data_[i] (0 and -10.4140625) are not same 0 51509

src/tests/KernelTestCases.cpp:52: Failure
1983temp_fp16[0] and dim_data->output_npbst_.getBurst(0).fp16Data_[i] (0 and 26.1875) are not same 0 20108

src/tests/KernelTestCases.cpp:52: Failure
1984temp_fp16[0] and dim_data->output_npbst_.getBurst(0).fp16Data_[i] (0 and -14.46875) are not same 0 52028

src/tests/KernelTestCases.cpp:52: Failure
1985temp_fp16[0] and dim_data->output_npbst_.getBurst(0).fp16Data_[i] (0 and 46.125) are not same 0 20932

src/tests/KernelTestCases.cpp:52: Failure
1986temp_fp16[0] and dim_data->output_npbst_.getBurst(0).fp16Data_[i] (0 and 47.09375) are not same 0 20963

src/tests/KernelTestCases.cpp:52: Failure
1987temp_fp16[0] and dim_data->output_npbst_.getBurst(0).fp16Data_[i] (0 and 36.8125) are not same 0 20634

src/tests/KernelTestCases.cpp:52: Failure
1988temp_fp16[0] and dim_data->output_npbst_.getBurst(0).fp16Data_[i] (0 and -7.2734375) are not same 0 51014

src/tests/KernelTestCases.cpp:52: Failure
1989temp_fp16[0] and dim_data->output_npbst_.getBurst(0).fp16Data_[i] (0 and 12.7578125) are not same 0 19041

src/tests/KernelTestCases.cpp:52: Failure
1990temp_fp16[0] and dim_data->output_npbst_.getBurst(0).fp16Data_[i] (0 and -18.84375) are not same 0 52406

src/tests/KernelTestCases.cpp:52: Failure
1991temp_fp16[0] and dim_data->output_npbst_.getBurst(0).fp16Data_[i] (0 and 10.1953125) are not same 0 18713

src/tests/KernelTestCases.cpp:52: Failure
1992temp_fp16[0] and dim_data->output_npbst_.getBurst(0).fp16Data_[i] (0 and 14.078125) are not same 0 19210

src/tests/KernelTestCases.cpp:52: Failure
1993temp_fp16[0] and dim_data->output_npbst_.getBurst(0).fp16Data_[i] (0 and -55.03125) are not same 0 53985

src/tests/KernelTestCases.cpp:52: Failure
1994temp_fp16[0] and dim_data->output_npbst_.getBurst(0).fp16Data_[i] (0 and 9.625) are not same 0 18640

src/tests/KernelTestCases.cpp:52: Failure
1995temp_fp16[0] and dim_data->output_npbst_.getBurst(0).fp16Data_[i] (0 and 25.875) are not same 0 20088

src/tests/KernelTestCases.cpp:52: Failure
1996temp_fp16[0] and dim_data->output_npbst_.getBurst(0).fp16Data_[i] (0 and 8.2578125) are not same 0 18465

src/tests/KernelTestCases.cpp:52: Failure
1997temp_fp16[0] and dim_data->output_npbst_.getBurst(0).fp16Data_[i] (0 and 13.7265625) are not same 0 19165

src/tests/KernelTestCases.cpp:52: Failure
1998temp_fp16[0] and dim_data->output_npbst_.getBurst(0).fp16Data_[i] (0 and -16.90625) are not same 0 52282

src/tests/KernelTestCases.cpp:52: Failure
1999temp_fp16[0] and dim_data->output_npbst_.getBurst(0).fp16Data_[i] (0 and -22.0625) are not same 0 52612

src/tests/KernelTestCases.cpp:52: Failure
2000temp_fp16[0] and dim_data->output_npbst_.getBurst(0).fp16Data_[i] (0 and -1.3876953125) are not same 0 48525

src/tests/KernelTestCases.cpp:52: Failure
2001temp_fp16[0] and dim_data->output_npbst_.getBurst(0).fp16Data_[i] (0 and 6.87109375) are not same 0 18143

src/tests/KernelTestCases.cpp:52: Failure
2002temp_fp16[0] and dim_data->output_npbst_.getBurst(0).fp16Data_[i] (0 and -14.3125) are not same 0 52008

src/tests/KernelTestCases.cpp:52: Failure
2003temp_fp16[0] and dim_data->output_npbst_.getBurst(0).fp16Data_[i] (0 and 15.4296875) are not same 0 19383

src/tests/KernelTestCases.cpp:52: Failure
2004temp_fp16[0] and dim_data->output_npbst_.getBurst(0).fp16Data_[i] (0 and -4.640625) are not same 0 50340

src/tests/KernelTestCases.cpp:52: Failure
2005temp_fp16[0] and dim_data->output_npbst_.getBurst(0).fp16Data_[i] (0 and -22.703125) are not same 0 52653

src/tests/KernelTestCases.cpp:52: Failure
2006temp_fp16[0] and dim_data->output_npbst_.getBurst(0).fp16Data_[i] (0 and -12.015625) are not same 0 51714

src/tests/KernelTestCases.cpp:52: Failure
2007temp_fp16[0] and dim_data->output_npbst_.getBurst(0).fp16Data_[i] (0 and 5.55859375) are not same 0 17807

src/tests/KernelTestCases.cpp:52: Failure
2008temp_fp16[0] and dim_data->output_npbst_.getBurst(0).fp16Data_[i] (0 and -44.5625) are not same 0 53650

src/tests/KernelTestCases.cpp:52: Failure
2009temp_fp16[0] and dim_data->output_npbst_.getBurst(0).fp16Data_[i] (0 and 26.859375) are not same 0 20151

src/tests/KernelTestCases.cpp:52: Failure
2010temp_fp16[0] and dim_data->output_npbst_.getBurst(0).fp16Data_[i] (0 and 19.015625) are not same 0 19649

src/tests/KernelTestCases.cpp:52: Failure
2011temp_fp16[0] and dim_data->output_npbst_.getBurst(0).fp16Data_[i] (0 and 24.6875) are not same 0 20012

src/tests/KernelTestCases.cpp:52: Failure
2012temp_fp16[0] and dim_data->output_npbst_.getBurst(0).fp16Data_[i] (0 and -6.53515625) are not same 0 50825

src/tests/KernelTestCases.cpp:52: Failure
2013temp_fp16[0] and dim_data->output_npbst_.getBurst(0).fp16Data_[i] (0 and 54.53125) are not same 0 21201

src/tests/KernelTestCases.cpp:52: Failure
2014temp_fp16[0] and dim_data->output_npbst_.getBurst(0).fp16Data_[i] (0 and -44.375) are not same 0 53644

src/tests/KernelTestCases.cpp:52: Failure
2015temp_fp16[0] and dim_data->output_npbst_.getBurst(0).fp16Data_[i] (0 and 32.25) are not same 0 20488

src/tests/KernelTestCases.cpp:52: Failure
2016temp_fp16[0] and dim_data->output_npbst_.getBurst(0).fp16Data_[i] (0 and 21.265625) are not same 0 19793

src/tests/KernelTestCases.cpp:52: Failure
2017temp_fp16[0] and dim_data->output_npbst_.getBurst(0).fp16Data_[i] (0 and 13.0546875) are not same 0 19079

src/tests/KernelTestCases.cpp:52: Failure
2018temp_fp16[0] and dim_data->output_npbst_.getBurst(0).fp16Data_[i] (0 and 17.796875) are not same 0 19571

src/tests/KernelTestCases.cpp:52: Failure
2019temp_fp16[0] and dim_data->output_npbst_.getBurst(0).fp16Data_[i] (0 and -6.9296875) are not same 0 50926

src/tests/KernelTestCases.cpp:52: Failure
2020temp_fp16[0] and dim_data->output_npbst_.getBurst(0).fp16Data_[i] (0 and 27.59375) are not same 0 20198

src/tests/KernelTestCases.cpp:52: Failure
2021temp_fp16[0] and dim_data->output_npbst_.getBurst(0).fp16Data_[i] (0 and -98.8125) are not same 0 54829

src/tests/KernelTestCases.cpp:52: Failure
2022temp_fp16[0] and dim_data->output_npbst_.getBurst(0).fp16Data_[i] (0 and 26.25) are not same 0 20112

src/tests/KernelTestCases.cpp:52: Failure
2023temp_fp16[0] and dim_data->output_npbst_.getBurst(0).fp16Data_[i] (0 and -49.78125) are not same 0 53817

src/tests/KernelTestCases.cpp:52: Failure
2024temp_fp16[0] and dim_data->output_npbst_.getBurst(0).fp16Data_[i] (0 and 19.109375) are not same 0 19655

src/tests/KernelTestCases.cpp:52: Failure
2025temp_fp16[0] and dim_data->output_npbst_.getBurst(0).fp16Data_[i] (0 and 51.375) are not same 0 21100

src/tests/KernelTestCases.cpp:52: Failure
2026temp_fp16[0] and dim_data->output_npbst_.getBurst(0).fp16Data_[i] (0 and 26.125) are not same 0 20104

src/tests/KernelTestCases.cpp:52: Failure
2027temp_fp16[0] and dim_data->output_npbst_.getBurst(0).fp16Data_[i] (0 and -28.5) are not same 0 53024

src/tests/KernelTestCases.cpp:52: Failure
2028temp_fp16[0] and dim_data->output_npbst_.getBurst(0).fp16Data_[i] (0 and -39.46875) are not same 0 53487

src/tests/KernelTestCases.cpp:52: Failure
2029temp_fp16[0] and dim_data->output_npbst_.getBurst(0).fp16Data_[i] (0 and -34.1875) are not same 0 53318

src/tests/KernelTestCases.cpp:52: Failure
2030temp_fp16[0] and dim_data->output_npbst_.getBurst(0).fp16Data_[i] (0 and 17.265625) are not same 0 19537

src/tests/KernelTestCases.cpp:52: Failure
2031temp_fp16[0] and dim_data->output_npbst_.getBurst(0).fp16Data_[i] (0 and 33.0625) are not same 0 20514

src/tests/KernelTestCases.cpp:52: Failure
2032temp_fp16[0] and dim_data->output_npbst_.getBurst(0).fp16Data_[i] (0 and -9.609375) are not same 0 51406

src/tests/KernelTestCases.cpp:52: Failure
2033temp_fp16[0] and dim_data->output_npbst_.getBurst(0).fp16Data_[i] (0 and -17.84375) are not same 0 52342

src/tests/KernelTestCases.cpp:52: Failure
2034temp_fp16[0] and dim_data->output_npbst_.getBurst(0).fp16Data_[i] (0 and -7.53125) are not same 0 51080

src/tests/KernelTestCases.cpp:52: Failure
2035temp_fp16[0] and dim_data->output_npbst_.getBurst(0).fp16Data_[i] (0 and 4.890625) are not same 0 17636

src/tests/KernelTestCases.cpp:52: Failure
2036temp_fp16[0] and dim_data->output_npbst_.getBurst(0).fp16Data_[i] (0 and 45.9375) are not same 0 20926

src/tests/KernelTestCases.cpp:52: Failure
2037temp_fp16[0] and dim_data->output_npbst_.getBurst(0).fp16Data_[i] (0 and -33.71875) are not same 0 53303

src/tests/KernelTestCases.cpp:52: Failure
2038temp_fp16[0] and dim_data->output_npbst_.getBurst(0).fp16Data_[i] (0 and -56.59375) are not same 0 54035

src/tests/KernelTestCases.cpp:52: Failure
2039temp_fp16[0] and dim_data->output_npbst_.getBurst(0).fp16Data_[i] (0 and -15.53125) are not same 0 52164

src/tests/KernelTestCases.cpp:52: Failure
2040temp_fp16[0] and dim_data->output_npbst_.getBurst(0).fp16Data_[i] (0 and 6.75) are not same 0 18112

src/tests/KernelTestCases.cpp:52: Failure
2041temp_fp16[0] and dim_data->output_npbst_.getBurst(0).fp16Data_[i] (0 and -2.634765625) are not same 0 49477

src/tests/KernelTestCases.cpp:52: Failure
2042temp_fp16[0] and dim_data->output_npbst_.getBurst(0).fp16Data_[i] (0 and -7.4453125) are not same 0 51058

src/tests/KernelTestCases.cpp:52: Failure
2043temp_fp16[0] and dim_data->output_npbst_.getBurst(0).fp16Data_[i] (0 and 3.6875) are not same 0 17248

src/tests/KernelTestCases.cpp:52: Failure
2044temp_fp16[0] and dim_data->output_npbst_.getBurst(0).fp16Data_[i] (0 and -24.0625) are not same 0 52740

src/tests/KernelTestCases.cpp:52: Failure
2045temp_fp16[0] and dim_data->output_npbst_.getBurst(0).fp16Data_[i] (0 and -41.21875) are not same 0 53543

src/tests/KernelTestCases.cpp:52: Failure
2046temp_fp16[0] and dim_data->output_npbst_.getBurst(0).fp16Data_[i] (0 and -38.34375) are not same 0 53451

src/tests/KernelTestCases.cpp:52: Failure
2047temp_fp16[0] and dim_data->output_npbst_.getBurst(0).fp16Data_[i] (0 and -25.46875) are not same 0 52830

src/tests/KernelTestCases.cpp:52: Failure
2048temp_fp16[0] and dim_data->output_npbst_.getBurst(0).fp16Data_[i] (0 and 23.234375) are not same 0 19919

src/tests/KernelTestCases.cpp:52: Failure
2049temp_fp16[0] and dim_data->output_npbst_.getBurst(0).fp16Data_[i] (0 and 32.3125) are not same 0 20490

src/tests/KernelTestCases.cpp:52: Failure
2050temp_fp16[0] and dim_data->output_npbst_.getBurst(0).fp16Data_[i] (0 and -27.796875) are not same 0 52979

src/tests/KernelTestCases.cpp:52: Failure
2051temp_fp16[0] and dim_data->output_npbst_.getBurst(0).fp16Data_[i] (0 and 79.4375) are not same 0 21751

src/tests/KernelTestCases.cpp:52: Failure
2052temp_fp16[0] and dim_data->output_npbst_.getBurst(0).fp16Data_[i] (0 and 5.71875) are not same 0 17848

src/tests/KernelTestCases.cpp:52: Failure
2053temp_fp16[0] and dim_data->output_npbst_.getBurst(0).fp16Data_[i] (0 and 29.828125) are not same 0 20341

src/tests/KernelTestCases.cpp:52: Failure
2054temp_fp16[0] and dim_data->output_npbst_.getBurst(0).fp16Data_[i] (0 and -17.515625) are not same 0 52321

src/tests/KernelTestCases.cpp:52: Failure
2055temp_fp16[0] and dim_data->output_npbst_.getBurst(0).fp16Data_[i] (0 and 24.65625) are not same 0 20010

src/tests/KernelTestCases.cpp:52: Failure
2056temp_fp16[0] and dim_data->output_npbst_.getBurst(0).fp16Data_[i] (0 and 21.65625) are not same 0 19818

src/tests/KernelTestCases.cpp:52: Failure
2057temp_fp16[0] and dim_data->output_npbst_.getBurst(0).fp16Data_[i] (0 and -13.9765625) are not same 0 51965

src/tests/KernelTestCases.cpp:52: Failure
2058temp_fp16[0] and dim_data->output_npbst_.getBurst(0).fp16Data_[i] (0 and 39.8125) are not same 0 20730

src/tests/KernelTestCases.cpp:52: Failure
2059temp_fp16[0] and dim_data->output_npbst_.getBurst(0).fp16Data_[i] (0 and 27.078125) are not same 0 20165

src/tests/KernelTestCases.cpp:52: Failure
2060temp_fp16[0] and dim_data->output_npbst_.getBurst(0).fp16Data_[i] (0 and -29.53125) are not same 0 53090

src/tests/KernelTestCases.cpp:52: Failure
2061temp_fp16[0] and dim_data->output_npbst_.getBurst(0).fp16Data_[i] (0 and -45.15625) are not same 0 53669

src/tests/KernelTestCases.cpp:52: Failure
2062temp_fp16[0] and dim_data->output_npbst_.getBurst(0).fp16Data_[i] (0 and -36.15625) are not same 0 53381

src/tests/KernelTestCases.cpp:52: Failure
2063temp_fp16[0] and dim_data->output_npbst_.getBurst(0).fp16Data_[i] (0 and -31.84375) are not same 0 53238

src/tests/KernelTestCases.cpp:52: Failure
2064temp_fp16[0] and dim_data->output_npbst_.getBurst(0).fp16Data_[i] (0 and -17.171875) are not same 0 52299

src/tests/KernelTestCases.cpp:52: Failure
2065temp_fp16[0] and dim_data->output_npbst_.getBurst(0).fp16Data_[i] (0 and 30.609375) are not same 0 20391

src/tests/KernelTestCases.cpp:52: Failure
2066temp_fp16[0] and dim_data->output_npbst_.getBurst(0).fp16Data_[i] (0 and 44.96875) are not same 0 20895

src/tests/KernelTestCases.cpp:52: Failure
2067temp_fp16[0] and dim_data->output_npbst_.getBurst(0).fp16Data_[i] (0 and 5.984375) are not same 0 17916

src/tests/KernelTestCases.cpp:52: Failure
2068temp_fp16[0] and dim_data->output_npbst_.getBurst(0).fp16Data_[i] (0 and -9.890625) are not same 0 51442

src/tests/KernelTestCases.cpp:52: Failure
2069temp_fp16[0] and dim_data->output_npbst_.getBurst(0).fp16Data_[i] (0 and 9.2734375) are not same 0 18595

src/tests/KernelTestCases.cpp:52: Failure
2070temp_fp16[0] and dim_data->output_npbst_.getBurst(0).fp16Data_[i] (0 and 4.75390625) are not same 0 17601

src/tests/KernelTestCases.cpp:52: Failure
2071temp_fp16[0] and dim_data->output_npbst_.getBurst(0).fp16Data_[i] (0 and 41.46875) are not same 0 20783

src/tests/KernelTestCases.cpp:52: Failure
2072temp_fp16[0] and dim_data->output_npbst_.getBurst(0).fp16Data_[i] (0 and 30.609375) are not same 0 20391

src/tests/KernelTestCases.cpp:52: Failure
2073temp_fp16[0] and dim_data->output_npbst_.getBurst(0).fp16Data_[i] (0 and -14.2421875) are not same 0 51999

src/tests/KernelTestCases.cpp:52: Failure
2074temp_fp16[0] and dim_data->output_npbst_.getBurst(0).fp16Data_[i] (0 and 11.3828125) are not same 0 18865

src/tests/KernelTestCases.cpp:52: Failure
2075temp_fp16[0] and dim_data->output_npbst_.getBurst(0).fp16Data_[i] (0 and 34.21875) are not same 0 20551

src/tests/KernelTestCases.cpp:52: Failure
2076temp_fp16[0] and dim_data->output_npbst_.getBurst(0).fp16Data_[i] (0 and 26.453125) are not same 0 20125

src/tests/KernelTestCases.cpp:52: Failure
2077temp_fp16[0] and dim_data->output_npbst_.getBurst(0).fp16Data_[i] (0 and -14.6015625) are not same 0 52045

src/tests/KernelTestCases.cpp:52: Failure
2078temp_fp16[0] and dim_data->output_npbst_.getBurst(0).fp16Data_[i] (0 and -10.3671875) are not same 0 51503

src/tests/KernelTestCases.cpp:52: Failure
2079temp_fp16[0] and dim_data->output_npbst_.getBurst(0).fp16Data_[i] (0 and 26.34375) are not same 0 20118

src/tests/KernelTestCases.cpp:52: Failure
2080temp_fp16[0] and dim_data->output_npbst_.getBurst(0).fp16Data_[i] (0 and -6.2109375) are not same 0 50742

src/tests/KernelTestCases.cpp:52: Failure
2081temp_fp16[0] and dim_data->output_npbst_.getBurst(0).fp16Data_[i] (0 and 7.66796875) are not same 0 18347

src/tests/KernelTestCases.cpp:52: Failure
2082temp_fp16[0] and dim_data->output_npbst_.getBurst(0).fp16Data_[i] (0 and -1.001953125) are not same 0 48130

src/tests/KernelTestCases.cpp:52: Failure
2083temp_fp16[0] and dim_data->output_npbst_.getBurst(0).fp16Data_[i] (0 and 2.564453125) are not same 0 16673

src/tests/KernelTestCases.cpp:52: Failure
2084temp_fp16[0] and dim_data->output_npbst_.getBurst(0).fp16Data_[i] (0 and 4.1953125) are not same 0 17458

src/tests/KernelTestCases.cpp:52: Failure
2085temp_fp16[0] and dim_data->output_npbst_.getBurst(0).fp16Data_[i] (0 and -11.7421875) are not same 0 51679

src/tests/KernelTestCases.cpp:52: Failure
2086temp_fp16[0] and dim_data->output_npbst_.getBurst(0).fp16Data_[i] (0 and 41.5625) are not same 0 20786

src/tests/KernelTestCases.cpp:52: Failure
2087temp_fp16[0] and dim_data->output_npbst_.getBurst(0).fp16Data_[i] (0 and -9.4375) are not same 0 51384

src/tests/KernelTestCases.cpp:52: Failure
2088temp_fp16[0] and dim_data->output_npbst_.getBurst(0).fp16Data_[i] (0 and 1.9384765625) are not same 0 16321

src/tests/KernelTestCases.cpp:52: Failure
2089temp_fp16[0] and dim_data->output_npbst_.getBurst(0).fp16Data_[i] (0 and -45.03125) are not same 0 53665

src/tests/KernelTestCases.cpp:52: Failure
2090temp_fp16[0] and dim_data->output_npbst_.getBurst(0).fp16Data_[i] (0 and 34.09375) are not same 0 20547

src/tests/KernelTestCases.cpp:52: Failure
2092temp_fp16[0] and dim_data->output_npbst_.getBurst(0).fp16Data_[i] (0 and -73.5625) are not same 0 54425

src/tests/KernelTestCases.cpp:52: Failure
2093temp_fp16[0] and dim_data->output_npbst_.getBurst(0).fp16Data_[i] (0 and -44.40625) are not same 0 53645

src/tests/KernelTestCases.cpp:52: Failure
2094temp_fp16[0] and dim_data->output_npbst_.getBurst(0).fp16Data_[i] (0 and 19.40625) are not same 0 19674

src/tests/KernelTestCases.cpp:52: Failure
2095temp_fp16[0] and dim_data->output_npbst_.getBurst(0).fp16Data_[i] (0 and 33.21875) are not same 0 20519

src/tests/KernelTestCases.cpp:52: Failure
2096temp_fp16[0] and dim_data->output_npbst_.getBurst(0).fp16Data_[i] (0 and -40.9375) are not same 0 53534

src/tests/KernelTestCases.cpp:52: Failure
2097temp_fp16[0] and dim_data->output_npbst_.getBurst(0).fp16Data_[i] (0 and -0.79541015625) are not same 0 47709

src/tests/KernelTestCases.cpp:52: Failure
2098temp_fp16[0] and dim_data->output_npbst_.getBurst(0).fp16Data_[i] (0 and 58.65625) are not same 0 21333

src/tests/KernelTestCases.cpp:52: Failure
2099temp_fp16[0] and dim_data->output_npbst_.getBurst(0).fp16Data_[i] (0 and -21.171875) are not same 0 52555

src/tests/KernelTestCases.cpp:52: Failure
2100temp_fp16[0] and dim_data->output_npbst_.getBurst(0).fp16Data_[i] (0 and 32.21875) are not same 0 20487

src/tests/KernelTestCases.cpp:52: Failure
2101temp_fp16[0] and dim_data->output_npbst_.getBurst(0).fp16Data_[i] (0 and -49.15625) are not same 0 53797

src/tests/KernelTestCases.cpp:52: Failure
2102temp_fp16[0] and dim_data->output_npbst_.getBurst(0).fp16Data_[i] (0 and -19.953125) are not same 0 52477

src/tests/KernelTestCases.cpp:52: Failure
2103temp_fp16[0] and dim_data->output_npbst_.getBurst(0).fp16Data_[i] (0 and -37.75) are not same 0 53432

src/tests/KernelTestCases.cpp:52: Failure
2104temp_fp16[0] and dim_data->output_npbst_.getBurst(0).fp16Data_[i] (0 and -23.921875) are not same 0 52731

src/tests/KernelTestCases.cpp:52: Failure
2105temp_fp16[0] and dim_data->output_npbst_.getBurst(0).fp16Data_[i] (0 and 10.640625) are not same 0 18770

src/tests/KernelTestCases.cpp:52: Failure
2106temp_fp16[0] and dim_data->output_npbst_.getBurst(0).fp16Data_[i] (0 and -4.9296875) are not same 0 50414

src/tests/KernelTestCases.cpp:52: Failure
2107temp_fp16[0] and dim_data->output_npbst_.getBurst(0).fp16Data_[i] (0 and -3.2265625) are not same 0 49780

src/tests/KernelTestCases.cpp:52: Failure
2108temp_fp16[0] and dim_data->output_npbst_.getBurst(0).fp16Data_[i] (0 and -30.0625) are not same 0 53124

src/tests/KernelTestCases.cpp:52: Failure
2109temp_fp16[0] and dim_data->output_npbst_.getBurst(0).fp16Data_[i] (0 and -18.296875) are not same 0 52371

src/tests/KernelTestCases.cpp:52: Failure
2110temp_fp16[0] and dim_data->output_npbst_.getBurst(0).fp16Data_[i] (0 and 38.21875) are not same 0 20679

src/tests/KernelTestCases.cpp:52: Failure
2111temp_fp16[0] and dim_data->output_npbst_.getBurst(0).fp16Data_[i] (0 and 60.65625) are not same 0 21397

src/tests/KernelTestCases.cpp:52: Failure
2112temp_fp16[0] and dim_data->output_npbst_.getBurst(0).fp16Data_[i] (0 and -44) are not same 0 53632

src/tests/KernelTestCases.cpp:52: Failure
2114temp_fp16[0] and dim_data->output_npbst_.getBurst(0).fp16Data_[i] (0 and 34.1875) are not same 0 20550

src/tests/KernelTestCases.cpp:52: Failure
2115temp_fp16[0] and dim_data->output_npbst_.getBurst(0).fp16Data_[i] (0 and 8.5859375) are not same 0 18507

src/tests/KernelTestCases.cpp:52: Failure
2116temp_fp16[0] and dim_data->output_npbst_.getBurst(0).fp16Data_[i] (0 and 29.765625) are not same 0 20337

src/tests/KernelTestCases.cpp:52: Failure
2117temp_fp16[0] and dim_data->output_npbst_.getBurst(0).fp16Data_[i] (0 and -27.296875) are not same 0 52947

src/tests/KernelTestCases.cpp:52: Failure
2118temp_fp16[0] and dim_data->output_npbst_.getBurst(0).fp16Data_[i] (0 and 53.09375) are not same 0 21155

src/tests/KernelTestCases.cpp:52: Failure
2119temp_fp16[0] and dim_data->output_npbst_.getBurst(0).fp16Data_[i] (0 and 30.5625) are not same 0 20388

src/tests/KernelTestCases.cpp:52: Failure
2120temp_fp16[0] and dim_data->output_npbst_.getBurst(0).fp16Data_[i] (0 and -3.458984375) are not same 0 49899

src/tests/KernelTestCases.cpp:52: Failure
2121temp_fp16[0] and dim_data->output_npbst_.getBurst(0).fp16Data_[i] (0 and 11.328125) are not same 0 18858

src/tests/KernelTestCases.cpp:52: Failure
2122temp_fp16[0] and dim_data->output_npbst_.getBurst(0).fp16Data_[i] (0 and -9.9453125) are not same 0 51449

src/tests/KernelTestCases.cpp:52: Failure
2123temp_fp16[0] and dim_data->output_npbst_.getBurst(0).fp16Data_[i] (0 and 10.796875) are not same 0 18790

src/tests/KernelTestCases.cpp:52: Failure
2124temp_fp16[0] and dim_data->output_npbst_.getBurst(0).fp16Data_[i] (0 and 47.25) are not same 0 20968

src/tests/KernelTestCases.cpp:52: Failure
2126temp_fp16[0] and dim_data->output_npbst_.getBurst(0).fp16Data_[i] (0 and -20.84375) are not same 0 52534

src/tests/KernelTestCases.cpp:52: Failure
2128temp_fp16[0] and dim_data->output_npbst_.getBurst(0).fp16Data_[i] (0 and -42.9375) are not same 0 53598

src/tests/KernelTestCases.cpp:52: Failure
2129temp_fp16[0] and dim_data->output_npbst_.getBurst(0).fp16Data_[i] (0 and -32.0625) are not same 0 53250

src/tests/KernelTestCases.cpp:52: Failure
2130temp_fp16[0] and dim_data->output_npbst_.getBurst(0).fp16Data_[i] (0 and -39.875) are not same 0 53500

src/tests/KernelTestCases.cpp:52: Failure
2131temp_fp16[0] and dim_data->output_npbst_.getBurst(0).fp16Data_[i] (0 and 11.8671875) are not same 0 18927

src/tests/KernelTestCases.cpp:52: Failure
2132temp_fp16[0] and dim_data->output_npbst_.getBurst(0).fp16Data_[i] (0 and -5.859375) are not same 0 50652

src/tests/KernelTestCases.cpp:52: Failure
2133temp_fp16[0] and dim_data->output_npbst_.getBurst(0).fp16Data_[i] (0 and 10.875) are not same 0 18800

src/tests/KernelTestCases.cpp:52: Failure
2134temp_fp16[0] and dim_data->output_npbst_.getBurst(0).fp16Data_[i] (0 and 84.9375) are not same 0 21839

src/tests/KernelTestCases.cpp:52: Failure
2135temp_fp16[0] and dim_data->output_npbst_.getBurst(0).fp16Data_[i] (0 and -33.09375) are not same 0 53283

src/tests/KernelTestCases.cpp:52: Failure
2136temp_fp16[0] and dim_data->output_npbst_.getBurst(0).fp16Data_[i] (0 and -6.1953125) are not same 0 50738

src/tests/KernelTestCases.cpp:52: Failure
2137temp_fp16[0] and dim_data->output_npbst_.getBurst(0).fp16Data_[i] (0 and 21.859375) are not same 0 19831

src/tests/KernelTestCases.cpp:52: Failure
2138temp_fp16[0] and dim_data->output_npbst_.getBurst(0).fp16Data_[i] (0 and 5.08984375) are not same 0 17687

src/tests/KernelTestCases.cpp:52: Failure
2139temp_fp16[0] and dim_data->output_npbst_.getBurst(0).fp16Data_[i] (0 and 17.640625) are not same 0 19561

src/tests/KernelTestCases.cpp:52: Failure
2140temp_fp16[0] and dim_data->output_npbst_.getBurst(0).fp16Data_[i] (0 and -3.69921875) are not same 0 50022

src/tests/KernelTestCases.cpp:52: Failure
2141temp_fp16[0] and dim_data->output_npbst_.getBurst(0).fp16Data_[i] (0 and -38.90625) are not same 0 53469

src/tests/KernelTestCases.cpp:52: Failure
2142temp_fp16[0] and dim_data->output_npbst_.getBurst(0).fp16Data_[i] (0 and -30.359375) are not same 0 53143

src/tests/KernelTestCases.cpp:52: Failure
2143temp_fp16[0] and dim_data->output_npbst_.getBurst(0).fp16Data_[i] (0 and 21) are not same 0 19776

src/tests/KernelTestCases.cpp:52: Failure
2144temp_fp16[0] and dim_data->output_npbst_.getBurst(0).fp16Data_[i] (0 and 21.0625) are not same 0 19780

src/tests/KernelTestCases.cpp:52: Failure
2145temp_fp16[0] and dim_data->output_npbst_.getBurst(0).fp16Data_[i] (0 and -6.45703125) are not same 0 50805

src/tests/KernelTestCases.cpp:52: Failure
2146temp_fp16[0] and dim_data->output_npbst_.getBurst(0).fp16Data_[i] (0 and -41.625) are not same 0 53556

src/tests/KernelTestCases.cpp:52: Failure
2147temp_fp16[0] and dim_data->output_npbst_.getBurst(0).fp16Data_[i] (0 and -45.75) are not same 0 53688

src/tests/KernelTestCases.cpp:52: Failure
2148temp_fp16[0] and dim_data->output_npbst_.getBurst(0).fp16Data_[i] (0 and 32.6875) are not same 0 20502

src/tests/KernelTestCases.cpp:52: Failure
2149temp_fp16[0] and dim_data->output_npbst_.getBurst(0).fp16Data_[i] (0 and 7.45703125) are not same 0 18293

src/tests/KernelTestCases.cpp:52: Failure
2150temp_fp16[0] and dim_data->output_npbst_.getBurst(0).fp16Data_[i] (0 and 25.828125) are not same 0 20085

src/tests/KernelTestCases.cpp:52: Failure
2151temp_fp16[0] and dim_data->output_npbst_.getBurst(0).fp16Data_[i] (0 and 43.84375) are not same 0 20859

src/tests/KernelTestCases.cpp:52: Failure
2152temp_fp16[0] and dim_data->output_npbst_.getBurst(0).fp16Data_[i] (0 and 1.9169921875) are not same 0 16299

src/tests/KernelTestCases.cpp:52: Failure
2153temp_fp16[0] and dim_data->output_npbst_.getBurst(0).fp16Data_[i] (0 and -6.6328125) are not same 0 50850

src/tests/KernelTestCases.cpp:52: Failure
2154temp_fp16[0] and dim_data->output_npbst_.getBurst(0).fp16Data_[i] (0 and -18.53125) are not same 0 52386

src/tests/KernelTestCases.cpp:52: Failure
2155temp_fp16[0] and dim_data->output_npbst_.getBurst(0).fp16Data_[i] (0 and 62.90625) are not same 0 21469

src/tests/KernelTestCases.cpp:52: Failure
2156temp_fp16[0] and dim_data->output_npbst_.getBurst(0).fp16Data_[i] (0 and 3.771484375) are not same 0 17291

src/tests/KernelTestCases.cpp:52: Failure
2157temp_fp16[0] and dim_data->output_npbst_.getBurst(0).fp16Data_[i] (0 and 11.3671875) are not same 0 18863

src/tests/KernelTestCases.cpp:52: Failure
2158temp_fp16[0] and dim_data->output_npbst_.getBurst(0).fp16Data_[i] (0 and -48.625) are not same 0 53780

src/tests/KernelTestCases.cpp:52: Failure
2159temp_fp16[0] and dim_data->output_npbst_.getBurst(0).fp16Data_[i] (0 and -27.15625) are not same 0 52938

src/tests/KernelTestCases.cpp:52: Failure
2160temp_fp16[0] and dim_data->output_npbst_.getBurst(0).fp16Data_[i] (0 and -29.140625) are not same 0 53065

src/tests/KernelTestCases.cpp:52: Failure
2161temp_fp16[0] and dim_data->output_npbst_.getBurst(0).fp16Data_[i] (0 and -34.3125) are not same 0 53322

src/tests/KernelTestCases.cpp:52: Failure
2162temp_fp16[0] and dim_data->output_npbst_.getBurst(0).fp16Data_[i] (0 and 52.75) are not same 0 21144

src/tests/KernelTestCases.cpp:52: Failure
2163temp_fp16[0] and dim_data->output_npbst_.getBurst(0).fp16Data_[i] (0 and -20.0625) are not same 0 52484

src/tests/KernelTestCases.cpp:52: Failure
2164temp_fp16[0] and dim_data->output_npbst_.getBurst(0).fp16Data_[i] (0 and -66.75) are not same 0 54316

src/tests/KernelTestCases.cpp:52: Failure
2165temp_fp16[0] and dim_data->output_npbst_.getBurst(0).fp16Data_[i] (0 and -33.34375) are not same 0 53291

src/tests/KernelTestCases.cpp:52: Failure
2166temp_fp16[0] and dim_data->output_npbst_.getBurst(0).fp16Data_[i] (0 and 21.875) are not same 0 19832

src/tests/KernelTestCases.cpp:52: Failure
2167temp_fp16[0] and dim_data->output_npbst_.getBurst(0).fp16Data_[i] (0 and -5.13671875) are not same 0 50467

src/tests/KernelTestCases.cpp:52: Failure
2168temp_fp16[0] and dim_data->output_npbst_.getBurst(0).fp16Data_[i] (0 and -28.171875) are not same 0 53003

src/tests/KernelTestCases.cpp:52: Failure
2169temp_fp16[0] and dim_data->output_npbst_.getBurst(0).fp16Data_[i] (0 and 15.4921875) are not same 0 19391

src/tests/KernelTestCases.cpp:52: Failure
2170temp_fp16[0] and dim_data->output_npbst_.getBurst(0).fp16Data_[i] (0 and -74.875) are not same 0 54446

src/tests/KernelTestCases.cpp:52: Failure
2171temp_fp16[0] and dim_data->output_npbst_.getBurst(0).fp16Data_[i] (0 and -7.81640625) are not same 0 51153

src/tests/KernelTestCases.cpp:52: Failure
2172temp_fp16[0] and dim_data->output_npbst_.getBurst(0).fp16Data_[i] (0 and 12.4296875) are not same 0 18999

src/tests/KernelTestCases.cpp:52: Failure
2173temp_fp16[0] and dim_data->output_npbst_.getBurst(0).fp16Data_[i] (0 and 47.5) are not same 0 20976

src/tests/KernelTestCases.cpp:52: Failure
2174temp_fp16[0] and dim_data->output_npbst_.getBurst(0).fp16Data_[i] (0 and -19.453125) are not same 0 52445

src/tests/KernelTestCases.cpp:52: Failure
2175temp_fp16[0] and dim_data->output_npbst_.getBurst(0).fp16Data_[i] (0 and -4.0859375) are not same 0 50198

src/tests/KernelTestCases.cpp:52: Failure
2176temp_fp16[0] and dim_data->output_npbst_.getBurst(0).fp16Data_[i] (0 and 14.21875) are not same 0 19228

src/tests/KernelTestCases.cpp:52: Failure
2177temp_fp16[0] and dim_data->output_npbst_.getBurst(0).fp16Data_[i] (0 and 45.0625) are not same 0 20898

src/tests/KernelTestCases.cpp:52: Failure
2178temp_fp16[0] and dim_data->output_npbst_.getBurst(0).fp16Data_[i] (0 and -15.8984375) are not same 0 52211

src/tests/KernelTestCases.cpp:52: Failure
2179temp_fp16[0] and dim_data->output_npbst_.getBurst(0).fp16Data_[i] (0 and -25.46875) are not same 0 52830

src/tests/KernelTestCases.cpp:52: Failure
2180temp_fp16[0] and dim_data->output_npbst_.getBurst(0).fp16Data_[i] (0 and -15.34375) are not same 0 52140

src/tests/KernelTestCases.cpp:52: Failure
2181temp_fp16[0] and dim_data->output_npbst_.getBurst(0).fp16Data_[i] (0 and -35.53125) are not same 0 53361

src/tests/KernelTestCases.cpp:52: Failure
2182temp_fp16[0] and dim_data->output_npbst_.getBurst(0).fp16Data_[i] (0 and -5.703125) are not same 0 50612

src/tests/KernelTestCases.cpp:52: Failure
2183temp_fp16[0] and dim_data->output_npbst_.getBurst(0).fp16Data_[i] (0 and -2.107421875) are not same 0 49207

src/tests/KernelTestCases.cpp:52: Failure
2184temp_fp16[0] and dim_data->output_npbst_.getBurst(0).fp16Data_[i] (0 and -4.37109375) are not same 0 50271

src/tests/KernelTestCases.cpp:52: Failure
2185temp_fp16[0] and dim_data->output_npbst_.getBurst(0).fp16Data_[i] (0 and -62.625) are not same 0 54228

src/tests/KernelTestCases.cpp:52: Failure
2186temp_fp16[0] and dim_data->output_npbst_.getBurst(0).fp16Data_[i] (0 and 5.4609375) are not same 0 17782

src/tests/KernelTestCases.cpp:52: Failure
2187temp_fp16[0] and dim_data->output_npbst_.getBurst(0).fp16Data_[i] (0 and 41.40625) are not same 0 20781

src/tests/KernelTestCases.cpp:52: Failure
2188temp_fp16[0] and dim_data->output_npbst_.getBurst(0).fp16Data_[i] (0 and 20.1875) are not same 0 19724

src/tests/KernelTestCases.cpp:52: Failure
2189temp_fp16[0] and dim_data->output_npbst_.getBurst(0).fp16Data_[i] (0 and -14.8671875) are not same 0 52079

src/tests/KernelTestCases.cpp:52: Failure
2190temp_fp16[0] and dim_data->output_npbst_.getBurst(0).fp16Data_[i] (0 and -55.0625) are not same 0 53986

src/tests/KernelTestCases.cpp:52: Failure
2191temp_fp16[0] and dim_data->output_npbst_.getBurst(0).fp16Data_[i] (0 and 5.0390625) are not same 0 17674

src/tests/KernelTestCases.cpp:52: Failure
2192temp_fp16[0] and dim_data->output_npbst_.getBurst(0).fp16Data_[i] (0 and 19.25) are not same 0 19664

src/tests/KernelTestCases.cpp:52: Failure
2193temp_fp16[0] and dim_data->output_npbst_.getBurst(0).fp16Data_[i] (0 and 17.703125) are not same 0 19565

src/tests/KernelTestCases.cpp:52: Failure
2194temp_fp16[0] and dim_data->output_npbst_.getBurst(0).fp16Data_[i] (0 and -17.8125) are not same 0 52340

src/tests/KernelTestCases.cpp:52: Failure
2195temp_fp16[0] and dim_data->output_npbst_.getBurst(0).fp16Data_[i] (0 and -36.34375) are not same 0 53387

src/tests/KernelTestCases.cpp:52: Failure
2196temp_fp16[0] and dim_data->output_npbst_.getBurst(0).fp16Data_[i] (0 and 18.3125) are not same 0 19604

src/tests/KernelTestCases.cpp:52: Failure
2197temp_fp16[0] and dim_data->output_npbst_.getBurst(0).fp16Data_[i] (0 and 36.40625) are not same 0 20621

src/tests/KernelTestCases.cpp:52: Failure
2198temp_fp16[0] and dim_data->output_npbst_.getBurst(0).fp16Data_[i] (0 and -65) are not same 0 54288

src/tests/KernelTestCases.cpp:52: Failure
2199temp_fp16[0] and dim_data->output_npbst_.getBurst(0).fp16Data_[i] (0 and -20.109375) are not same 0 52487

src/tests/KernelTestCases.cpp:52: Failure
2200temp_fp16[0] and dim_data->output_npbst_.getBurst(0).fp16Data_[i] (0 and -3.78515625) are not same 0 50066

src/tests/KernelTestCases.cpp:52: Failure
2201temp_fp16[0] and dim_data->output_npbst_.getBurst(0).fp16Data_[i] (0 and 18.375) are not same 0 19608

src/tests/KernelTestCases.cpp:52: Failure
2202temp_fp16[0] and dim_data->output_npbst_.getBurst(0).fp16Data_[i] (0 and 23.71875) are not same 0 19950

src/tests/KernelTestCases.cpp:52: Failure
2203temp_fp16[0] and dim_data->output_npbst_.getBurst(0).fp16Data_[i] (0 and 8.703125) are not same 0 18522

src/tests/KernelTestCases.cpp:52: Failure
2204temp_fp16[0] and dim_data->output_npbst_.getBurst(0).fp16Data_[i] (0 and 6.72265625) are not same 0 18105

src/tests/KernelTestCases.cpp:52: Failure
2205temp_fp16[0] and dim_data->output_npbst_.getBurst(0).fp16Data_[i] (0 and -4.546875) are not same 0 50316

src/tests/KernelTestCases.cpp:52: Failure
2206temp_fp16[0] and dim_data->output_npbst_.getBurst(0).fp16Data_[i] (0 and 14.46875) are not same 0 19260

src/tests/KernelTestCases.cpp:52: Failure
2207temp_fp16[0] and dim_data->output_npbst_.getBurst(0).fp16Data_[i] (0 and -7.0078125) are not same 0 50946

src/tests/KernelTestCases.cpp:52: Failure
2208temp_fp16[0] and dim_data->output_npbst_.getBurst(0).fp16Data_[i] (0 and -6.28125) are not same 0 50760

src/tests/KernelTestCases.cpp:52: Failure
2209temp_fp16[0] and dim_data->output_npbst_.getBurst(0).fp16Data_[i] (0 and 43.5625) are not same 0 20850

src/tests/KernelTestCases.cpp:52: Failure
2210temp_fp16[0] and dim_data->output_npbst_.getBurst(0).fp16Data_[i] (0 and -32.5) are not same 0 53264

src/tests/KernelTestCases.cpp:52: Failure
2211temp_fp16[0] and dim_data->output_npbst_.getBurst(0).fp16Data_[i] (0 and 50.875) are not same 0 21084

src/tests/KernelTestCases.cpp:52: Failure
2212temp_fp16[0] and dim_data->output_npbst_.getBurst(0).fp16Data_[i] (0 and 7.03125) are not same 0 18184

src/tests/KernelTestCases.cpp:52: Failure
2213temp_fp16[0] and dim_data->output_npbst_.getBurst(0).fp16Data_[i] (0 and 10.796875) are not same 0 18790

src/tests/KernelTestCases.cpp:52: Failure
2214temp_fp16[0] and dim_data->output_npbst_.getBurst(0).fp16Data_[i] (0 and -61.0625) are not same 0 54178

src/tests/KernelTestCases.cpp:52: Failure
2215temp_fp16[0] and dim_data->output_npbst_.getBurst(0).fp16Data_[i] (0 and -2.08203125) are not same 0 49194

src/tests/KernelTestCases.cpp:52: Failure
2216temp_fp16[0] and dim_data->output_npbst_.getBurst(0).fp16Data_[i] (0 and -20.765625) are not same 0 52529

src/tests/KernelTestCases.cpp:52: Failure
2217temp_fp16[0] and dim_data->output_npbst_.getBurst(0).fp16Data_[i] (0 and 5.0234375) are not same 0 17670

src/tests/KernelTestCases.cpp:52: Failure
2218temp_fp16[0] and dim_data->output_npbst_.getBurst(0).fp16Data_[i] (0 and 29.796875) are not same 0 20339

src/tests/KernelTestCases.cpp:52: Failure
2219temp_fp16[0] and dim_data->output_npbst_.getBurst(0).fp16Data_[i] (0 and -13.9140625) are not same 0 51957

src/tests/KernelTestCases.cpp:52: Failure
2220temp_fp16[0] and dim_data->output_npbst_.getBurst(0).fp16Data_[i] (0 and -15.265625) are not same 0 52130

src/tests/KernelTestCases.cpp:52: Failure
2221temp_fp16[0] and dim_data->output_npbst_.getBurst(0).fp16Data_[i] (0 and -20.484375) are not same 0 52511

src/tests/KernelTestCases.cpp:52: Failure
2222temp_fp16[0] and dim_data->output_npbst_.getBurst(0).fp16Data_[i] (0 and 1.84375) are not same 0 16224

src/tests/KernelTestCases.cpp:52: Failure
2223temp_fp16[0] and dim_data->output_npbst_.getBurst(0).fp16Data_[i] (0 and -12.59375) are not same 0 51788

src/tests/KernelTestCases.cpp:52: Failure
2224temp_fp16[0] and dim_data->output_npbst_.getBurst(0).fp16Data_[i] (0 and 48.375) are not same 0 21004

src/tests/KernelTestCases.cpp:52: Failure
2225temp_fp16[0] and dim_data->output_npbst_.getBurst(0).fp16Data_[i] (0 and 8.03125) are not same 0 18436

src/tests/KernelTestCases.cpp:52: Failure
2226temp_fp16[0] and dim_data->output_npbst_.getBurst(0).fp16Data_[i] (0 and 13.390625) are not same 0 19122

src/tests/KernelTestCases.cpp:52: Failure
2227temp_fp16[0] and dim_data->output_npbst_.getBurst(0).fp16Data_[i] (0 and 12.3125) are not same 0 18984

src/tests/KernelTestCases.cpp:52: Failure
2228temp_fp16[0] and dim_data->output_npbst_.getBurst(0).fp16Data_[i] (0 and -35.0625) are not same 0 53346

src/tests/KernelTestCases.cpp:52: Failure
2229temp_fp16[0] and dim_data->output_npbst_.getBurst(0).fp16Data_[i] (0 and 7.8828125) are not same 0 18402

src/tests/KernelTestCases.cpp:52: Failure
2230temp_fp16[0] and dim_data->output_npbst_.getBurst(0).fp16Data_[i] (0 and 17.703125) are not same 0 19565

src/tests/KernelTestCases.cpp:52: Failure
2231temp_fp16[0] and dim_data->output_npbst_.getBurst(0).fp16Data_[i] (0 and 45.8125) are not same 0 20922

src/tests/KernelTestCases.cpp:52: Failure
2232temp_fp16[0] and dim_data->output_npbst_.getBurst(0).fp16Data_[i] (0 and 32.625) are not same 0 20500

src/tests/KernelTestCases.cpp:52: Failure
2233temp_fp16[0] and dim_data->output_npbst_.getBurst(0).fp16Data_[i] (0 and 14.734375) are not same 0 19294

src/tests/KernelTestCases.cpp:52: Failure
2234temp_fp16[0] and dim_data->output_npbst_.getBurst(0).fp16Data_[i] (0 and -64.4375) are not same 0 54279

src/tests/KernelTestCases.cpp:52: Failure
2235temp_fp16[0] and dim_data->output_npbst_.getBurst(0).fp16Data_[i] (0 and 28.5625) are not same 0 20260

src/tests/KernelTestCases.cpp:52: Failure
2236temp_fp16[0] and dim_data->output_npbst_.getBurst(0).fp16Data_[i] (0 and 23.328125) are not same 0 19925

src/tests/KernelTestCases.cpp:52: Failure
2237temp_fp16[0] and dim_data->output_npbst_.getBurst(0).fp16Data_[i] (0 and 53.5) are not same 0 21168

src/tests/KernelTestCases.cpp:52: Failure
2238temp_fp16[0] and dim_data->output_npbst_.getBurst(0).fp16Data_[i] (0 and -30.6875) are not same 0 53164

src/tests/KernelTestCases.cpp:52: Failure
2239temp_fp16[0] and dim_data->output_npbst_.getBurst(0).fp16Data_[i] (0 and 37.6875) are not same 0 20662

src/tests/KernelTestCases.cpp:52: Failure
2240temp_fp16[0] and dim_data->output_npbst_.getBurst(0).fp16Data_[i] (0 and -70.4375) are not same 0 54375

src/tests/KernelTestCases.cpp:52: Failure
2241temp_fp16[0] and dim_data->output_npbst_.getBurst(0).fp16Data_[i] (0 and 9.6953125) are not same 0 18649

src/tests/KernelTestCases.cpp:52: Failure
2242temp_fp16[0] and dim_data->output_npbst_.getBurst(0).fp16Data_[i] (0 and -37.375) are not same 0 53420

src/tests/KernelTestCases.cpp:52: Failure
2243temp_fp16[0] and dim_data->output_npbst_.getBurst(0).fp16Data_[i] (0 and 19.765625) are not same 0 19697

src/tests/KernelTestCases.cpp:52: Failure
2244temp_fp16[0] and dim_data->output_npbst_.getBurst(0).fp16Data_[i] (0 and -36.03125) are not same 0 53377

src/tests/KernelTestCases.cpp:52: Failure
2245temp_fp16[0] and dim_data->output_npbst_.getBurst(0).fp16Data_[i] (0 and -27.375) are not same 0 52952

src/tests/KernelTestCases.cpp:52: Failure
2246temp_fp16[0] and dim_data->output_npbst_.getBurst(0).fp16Data_[i] (0 and 2.857421875) are not same 0 16823

src/tests/KernelTestCases.cpp:52: Failure
2247temp_fp16[0] and dim_data->output_npbst_.getBurst(0).fp16Data_[i] (0 and -10.796875) are not same 0 51558

src/tests/KernelTestCases.cpp:52: Failure
2248temp_fp16[0] and dim_data->output_npbst_.getBurst(0).fp16Data_[i] (0 and 49.25) are not same 0 21032

src/tests/KernelTestCases.cpp:52: Failure
2249temp_fp16[0] and dim_data->output_npbst_.getBurst(0).fp16Data_[i] (0 and -5.22265625) are not same 0 50489

src/tests/KernelTestCases.cpp:52: Failure
2250temp_fp16[0] and dim_data->output_npbst_.getBurst(0).fp16Data_[i] (0 and -7.15625) are not same 0 50984

src/tests/KernelTestCases.cpp:52: Failure
2251temp_fp16[0] and dim_data->output_npbst_.getBurst(0).fp16Data_[i] (0 and -14.5859375) are not same 0 52043

src/tests/KernelTestCases.cpp:52: Failure
2252temp_fp16[0] and dim_data->output_npbst_.getBurst(0).fp16Data_[i] (0 and -36.15625) are not same 0 53381

src/tests/KernelTestCases.cpp:52: Failure
2253temp_fp16[0] and dim_data->output_npbst_.getBurst(0).fp16Data_[i] (0 and 29.25) are not same 0 20304

src/tests/KernelTestCases.cpp:52: Failure
2254temp_fp16[0] and dim_data->output_npbst_.getBurst(0).fp16Data_[i] (0 and 24.5) are not same 0 20000

src/tests/KernelTestCases.cpp:52: Failure
2255temp_fp16[0] and dim_data->output_npbst_.getBurst(0).fp16Data_[i] (0 and -31.46875) are not same 0 53214

src/tests/KernelTestCases.cpp:52: Failure
2256temp_fp16[0] and dim_data->output_npbst_.getBurst(0).fp16Data_[i] (0 and -30.921875) are not same 0 53179

src/tests/KernelTestCases.cpp:52: Failure
2257temp_fp16[0] and dim_data->output_npbst_.getBurst(0).fp16Data_[i] (0 and 40.4375) are not same 0 20750

src/tests/KernelTestCases.cpp:52: Failure
2258temp_fp16[0] and dim_data->output_npbst_.getBurst(0).fp16Data_[i] (0 and 29.875) are not same 0 20344

src/tests/KernelTestCases.cpp:52: Failure
2259temp_fp16[0] and dim_data->output_npbst_.getBurst(0).fp16Data_[i] (0 and -6.03125) are not same 0 50696

src/tests/KernelTestCases.cpp:52: Failure
2260temp_fp16[0] and dim_data->output_npbst_.getBurst(0).fp16Data_[i] (0 and -28.15625) are not same 0 53002

src/tests/KernelTestCases.cpp:52: Failure
2261temp_fp16[0] and dim_data->output_npbst_.getBurst(0).fp16Data_[i] (0 and 3.787109375) are not same 0 17299

src/tests/KernelTestCases.cpp:52: Failure
2262temp_fp16[0] and dim_data->output_npbst_.getBurst(0).fp16Data_[i] (0 and -9.4921875) are not same 0 51391

src/tests/KernelTestCases.cpp:52: Failure
2263temp_fp16[0] and dim_data->output_npbst_.getBurst(0).fp16Data_[i] (0 and 36.9375) are not same 0 20638

src/tests/KernelTestCases.cpp:52: Failure
2264temp_fp16[0] and dim_data->output_npbst_.getBurst(0).fp16Data_[i] (0 and -28.046875) are not same 0 52995

src/tests/KernelTestCases.cpp:52: Failure
2265temp_fp16[0] and dim_data->output_npbst_.getBurst(0).fp16Data_[i] (0 and -14.34375) are not same 0 52012

src/tests/KernelTestCases.cpp:52: Failure
2266temp_fp16[0] and dim_data->output_npbst_.getBurst(0).fp16Data_[i] (0 and 12.765625) are not same 0 19042

src/tests/KernelTestCases.cpp:52: Failure
2267temp_fp16[0] and dim_data->output_npbst_.getBurst(0).fp16Data_[i] (0 and 28.546875) are not same 0 20259

src/tests/KernelTestCases.cpp:52: Failure
2269temp_fp16[0] and dim_data->output_npbst_.getBurst(0).fp16Data_[i] (0 and -19.171875) are not same 0 52427

src/tests/KernelTestCases.cpp:52: Failure
2270temp_fp16[0] and dim_data->output_npbst_.getBurst(0).fp16Data_[i] (0 and -72.25) are not same 0 54404

src/tests/KernelTestCases.cpp:52: Failure
2271temp_fp16[0] and dim_data->output_npbst_.getBurst(0).fp16Data_[i] (0 and 31.171875) are not same 0 20427

src/tests/KernelTestCases.cpp:52: Failure
2272temp_fp16[0] and dim_data->output_npbst_.getBurst(0).fp16Data_[i] (0 and 11.265625) are not same 0 18850

src/tests/KernelTestCases.cpp:52: Failure
2273temp_fp16[0] and dim_data->output_npbst_.getBurst(0).fp16Data_[i] (0 and 10.65625) are not same 0 18772

src/tests/KernelTestCases.cpp:52: Failure
2274temp_fp16[0] and dim_data->output_npbst_.getBurst(0).fp16Data_[i] (0 and -17.4375) are not same 0 52316

src/tests/KernelTestCases.cpp:52: Failure
2275temp_fp16[0] and dim_data->output_npbst_.getBurst(0).fp16Data_[i] (0 and -34.5625) are not same 0 53330

src/tests/KernelTestCases.cpp:52: Failure
2276temp_fp16[0] and dim_data->output_npbst_.getBurst(0).fp16Data_[i] (0 and 37.59375) are not same 0 20659

src/tests/KernelTestCases.cpp:52: Failure
2277temp_fp16[0] and dim_data->output_npbst_.getBurst(0).fp16Data_[i] (0 and 9.96875) are not same 0 18684

src/tests/KernelTestCases.cpp:52: Failure
2278temp_fp16[0] and dim_data->output_npbst_.getBurst(0).fp16Data_[i] (0 and 9.9765625) are not same 0 18685

src/tests/KernelTestCases.cpp:52: Failure
2279temp_fp16[0] and dim_data->output_npbst_.getBurst(0).fp16Data_[i] (0 and 6.5390625) are not same 0 18058

src/tests/KernelTestCases.cpp:52: Failure
2280temp_fp16[0] and dim_data->output_npbst_.getBurst(0).fp16Data_[i] (0 and 8.3125) are not same 0 18472

src/tests/KernelTestCases.cpp:52: Failure
2281temp_fp16[0] and dim_data->output_npbst_.getBurst(0).fp16Data_[i] (0 and -21.53125) are not same 0 52578

src/tests/KernelTestCases.cpp:52: Failure
2282temp_fp16[0] and dim_data->output_npbst_.getBurst(0).fp16Data_[i] (0 and 11.84375) are not same 0 18924

src/tests/KernelTestCases.cpp:52: Failure
2283temp_fp16[0] and dim_data->output_npbst_.getBurst(0).fp16Data_[i] (0 and 33.03125) are not same 0 20513

src/tests/KernelTestCases.cpp:52: Failure
2284temp_fp16[0] and dim_data->output_npbst_.getBurst(0).fp16Data_[i] (0 and 39.5) are not same 0 20720

src/tests/KernelTestCases.cpp:52: Failure
2285temp_fp16[0] and dim_data->output_npbst_.getBurst(0).fp16Data_[i] (0 and -83.5) are not same 0 54584

src/tests/KernelTestCases.cpp:52: Failure
2286temp_fp16[0] and dim_data->output_npbst_.getBurst(0).fp16Data_[i] (0 and 15.4921875) are not same 0 19391

src/tests/KernelTestCases.cpp:52: Failure
2288temp_fp16[0] and dim_data->output_npbst_.getBurst(0).fp16Data_[i] (0 and 18.71875) are not same 0 19630

src/tests/KernelTestCases.cpp:52: Failure
2289temp_fp16[0] and dim_data->output_npbst_.getBurst(0).fp16Data_[i] (0 and -29.328125) are not same 0 53077

src/tests/KernelTestCases.cpp:52: Failure
2290temp_fp16[0] and dim_data->output_npbst_.getBurst(0).fp16Data_[i] (0 and -25.109375) are not same 0 52807

src/tests/KernelTestCases.cpp:52: Failure
2291temp_fp16[0] and dim_data->output_npbst_.getBurst(0).fp16Data_[i] (0 and -8.90625) are not same 0 51316

src/tests/KernelTestCases.cpp:52: Failure
2292temp_fp16[0] and dim_data->output_npbst_.getBurst(0).fp16Data_[i] (0 and 20.40625) are not same 0 19738

src/tests/KernelTestCases.cpp:52: Failure
2293temp_fp16[0] and dim_data->output_npbst_.getBurst(0).fp16Data_[i] (0 and 19.640625) are not same 0 19689

src/tests/KernelTestCases.cpp:52: Failure
2294temp_fp16[0] and dim_data->output_npbst_.getBurst(0).fp16Data_[i] (0 and -10.640625) are not same 0 51538

src/tests/KernelTestCases.cpp:52: Failure
2295temp_fp16[0] and dim_data->output_npbst_.getBurst(0).fp16Data_[i] (0 and -10.171875) are not same 0 51478

src/tests/KernelTestCases.cpp:52: Failure
2296temp_fp16[0] and dim_data->output_npbst_.getBurst(0).fp16Data_[i] (0 and -12.84375) are not same 0 51820

src/tests/KernelTestCases.cpp:52: Failure
2297temp_fp16[0] and dim_data->output_npbst_.getBurst(0).fp16Data_[i] (0 and 27.15625) are not same 0 20170

src/tests/KernelTestCases.cpp:52: Failure
2298temp_fp16[0] and dim_data->output_npbst_.getBurst(0).fp16Data_[i] (0 and 0.79638671875) are not same 0 14943

src/tests/KernelTestCases.cpp:52: Failure
2299temp_fp16[0] and dim_data->output_npbst_.getBurst(0).fp16Data_[i] (0 and -22.34375) are not same 0 52630

src/tests/KernelTestCases.cpp:52: Failure
2300temp_fp16[0] and dim_data->output_npbst_.getBurst(0).fp16Data_[i] (0 and 18.34375) are not same 0 19606

src/tests/KernelTestCases.cpp:52: Failure
2301temp_fp16[0] and dim_data->output_npbst_.getBurst(0).fp16Data_[i] (0 and -31.25) are not same 0 53200

src/tests/KernelTestCases.cpp:52: Failure
2302temp_fp16[0] and dim_data->output_npbst_.getBurst(0).fp16Data_[i] (0 and -12.875) are not same 0 51824

src/tests/KernelTestCases.cpp:52: Failure
2303temp_fp16[0] and dim_data->output_npbst_.getBurst(0).fp16Data_[i] (0 and -2.662109375) are not same 0 49491

src/tests/KernelTestCases.cpp:52: Failure
2304temp_fp16[0] and dim_data->output_npbst_.getBurst(0).fp16Data_[i] (0 and 33.375) are not same 0 20524

src/tests/KernelTestCases.cpp:52: Failure
2305temp_fp16[0] and dim_data->output_npbst_.getBurst(0).fp16Data_[i] (0 and 27.984375) are not same 0 20223

src/tests/KernelTestCases.cpp:52: Failure
2306temp_fp16[0] and dim_data->output_npbst_.getBurst(0).fp16Data_[i] (0 and 4.9609375) are not same 0 17654

src/tests/KernelTestCases.cpp:52: Failure
2307temp_fp16[0] and dim_data->output_npbst_.getBurst(0).fp16Data_[i] (0 and -17.5625) are not same 0 52324

src/tests/KernelTestCases.cpp:52: Failure
2308temp_fp16[0] and dim_data->output_npbst_.getBurst(0).fp16Data_[i] (0 and 81.25) are not same 0 21780

src/tests/KernelTestCases.cpp:52: Failure
2309temp_fp16[0] and dim_data->output_npbst_.getBurst(0).fp16Data_[i] (0 and 30.171875) are not same 0 20363

src/tests/KernelTestCases.cpp:52: Failure
2310temp_fp16[0] and dim_data->output_npbst_.getBurst(0).fp16Data_[i] (0 and -25.28125) are not same 0 52818

src/tests/KernelTestCases.cpp:52: Failure
2311temp_fp16[0] and dim_data->output_npbst_.getBurst(0).fp16Data_[i] (0 and -9.375) are not same 0 51376

src/tests/KernelTestCases.cpp:52: Failure
2312temp_fp16[0] and dim_data->output_npbst_.getBurst(0).fp16Data_[i] (0 and 32.375) are not same 0 20492

src/tests/KernelTestCases.cpp:52: Failure
2314temp_fp16[0] and dim_data->output_npbst_.getBurst(0).fp16Data_[i] (0 and 30.640625) are not same 0 20393

src/tests/KernelTestCases.cpp:52: Failure
2315temp_fp16[0] and dim_data->output_npbst_.getBurst(0).fp16Data_[i] (0 and 14.640625) are not same 0 19282

src/tests/KernelTestCases.cpp:52: Failure
2316temp_fp16[0] and dim_data->output_npbst_.getBurst(0).fp16Data_[i] (0 and 7.31640625) are not same 0 18257

src/tests/KernelTestCases.cpp:52: Failure
2317temp_fp16[0] and dim_data->output_npbst_.getBurst(0).fp16Data_[i] (0 and -1.01171875) are not same 0 48140

src/tests/KernelTestCases.cpp:52: Failure
2318temp_fp16[0] and dim_data->output_npbst_.getBurst(0).fp16Data_[i] (0 and 5.0390625) are not same 0 17674

src/tests/KernelTestCases.cpp:52: Failure
2319temp_fp16[0] and dim_data->output_npbst_.getBurst(0).fp16Data_[i] (0 and 5.80859375) are not same 0 17871

src/tests/KernelTestCases.cpp:52: Failure
2320temp_fp16[0] and dim_data->output_npbst_.getBurst(0).fp16Data_[i] (0 and 74.3125) are not same 0 21669

src/tests/KernelTestCases.cpp:52: Failure
2321temp_fp16[0] and dim_data->output_npbst_.getBurst(0).fp16Data_[i] (0 and 1.1123046875) are not same 0 15475

src/tests/KernelTestCases.cpp:52: Failure
2322temp_fp16[0] and dim_data->output_npbst_.getBurst(0).fp16Data_[i] (0 and 52.15625) are not same 0 21125

src/tests/KernelTestCases.cpp:52: Failure
2323temp_fp16[0] and dim_data->output_npbst_.getBurst(0).fp16Data_[i] (0 and -10.1875) are not same 0 51480

src/tests/KernelTestCases.cpp:52: Failure
2324temp_fp16[0] and dim_data->output_npbst_.getBurst(0).fp16Data_[i] (0 and 11.1484375) are not same 0 18835

src/tests/KernelTestCases.cpp:52: Failure
2326temp_fp16[0] and dim_data->output_npbst_.getBurst(0).fp16Data_[i] (0 and -57.1875) are not same 0 54054

src/tests/KernelTestCases.cpp:52: Failure
2327temp_fp16[0] and dim_data->output_npbst_.getBurst(0).fp16Data_[i] (0 and -26.96875) are not same 0 52926

src/tests/KernelTestCases.cpp:52: Failure
2328temp_fp16[0] and dim_data->output_npbst_.getBurst(0).fp16Data_[i] (0 and 35.4375) are not same 0 20590

src/tests/KernelTestCases.cpp:52: Failure
2329temp_fp16[0] and dim_data->output_npbst_.getBurst(0).fp16Data_[i] (0 and -47.25) are not same 0 53736

src/tests/KernelTestCases.cpp:52: Failure
2330temp_fp16[0] and dim_data->output_npbst_.getBurst(0).fp16Data_[i] (0 and 15.3515625) are not same 0 19373

src/tests/KernelTestCases.cpp:52: Failure
2331temp_fp16[0] and dim_data->output_npbst_.getBurst(0).fp16Data_[i] (0 and -17.890625) are not same 0 52345

src/tests/KernelTestCases.cpp:52: Failure
2332temp_fp16[0] and dim_data->output_npbst_.getBurst(0).fp16Data_[i] (0 and -4.9375) are not same 0 50416

src/tests/KernelTestCases.cpp:52: Failure
2333temp_fp16[0] and dim_data->output_npbst_.getBurst(0).fp16Data_[i] (0 and -17.1875) are not same 0 52300

src/tests/KernelTestCases.cpp:52: Failure
2334temp_fp16[0] and dim_data->output_npbst_.getBurst(0).fp16Data_[i] (0 and -18.515625) are not same 0 52385

src/tests/KernelTestCases.cpp:52: Failure
2335temp_fp16[0] and dim_data->output_npbst_.getBurst(0).fp16Data_[i] (0 and -44.65625) are not same 0 53653

src/tests/KernelTestCases.cpp:52: Failure
2336temp_fp16[0] and dim_data->output_npbst_.getBurst(0).fp16Data_[i] (0 and -38.25) are not same 0 53448

src/tests/KernelTestCases.cpp:52: Failure
2337temp_fp16[0] and dim_data->output_npbst_.getBurst(0).fp16Data_[i] (0 and 53.34375) are not same 0 21163

src/tests/KernelTestCases.cpp:52: Failure
2338temp_fp16[0] and dim_data->output_npbst_.getBurst(0).fp16Data_[i] (0 and 10.640625) are not same 0 18770

src/tests/KernelTestCases.cpp:52: Failure
2339temp_fp16[0] and dim_data->output_npbst_.getBurst(0).fp16Data_[i] (0 and -53.78125) are not same 0 53945

src/tests/KernelTestCases.cpp:52: Failure
2340temp_fp16[0] and dim_data->output_npbst_.getBurst(0).fp16Data_[i] (0 and 20.65625) are not same 0 19754

src/tests/KernelTestCases.cpp:52: Failure
2341temp_fp16[0] and dim_data->output_npbst_.getBurst(0).fp16Data_[i] (0 and 4.68359375) are not same 0 17583

src/tests/KernelTestCases.cpp:52: Failure
2342temp_fp16[0] and dim_data->output_npbst_.getBurst(0).fp16Data_[i] (0 and 31.109375) are not same 0 20423

src/tests/KernelTestCases.cpp:52: Failure
2343temp_fp16[0] and dim_data->output_npbst_.getBurst(0).fp16Data_[i] (0 and -16.875) are not same 0 52280

src/tests/KernelTestCases.cpp:52: Failure
2344temp_fp16[0] and dim_data->output_npbst_.getBurst(0).fp16Data_[i] (0 and 30.25) are not same 0 20368

src/tests/KernelTestCases.cpp:52: Failure
2345temp_fp16[0] and dim_data->output_npbst_.getBurst(0).fp16Data_[i] (0 and 20.796875) are not same 0 19763

src/tests/KernelTestCases.cpp:52: Failure
2347temp_fp16[0] and dim_data->output_npbst_.getBurst(0).fp16Data_[i] (0 and 29.875) are not same 0 20344

src/tests/KernelTestCases.cpp:52: Failure
2348temp_fp16[0] and dim_data->output_npbst_.getBurst(0).fp16Data_[i] (0 and 18.34375) are not same 0 19606

src/tests/KernelTestCases.cpp:52: Failure
2349temp_fp16[0] and dim_data->output_npbst_.getBurst(0).fp16Data_[i] (0 and -1.3125) are not same 0 48448

src/tests/KernelTestCases.cpp:52: Failure
2350temp_fp16[0] and dim_data->output_npbst_.getBurst(0).fp16Data_[i] (0 and 48.46875) are not same 0 21007

src/tests/KernelTestCases.cpp:52: Failure
2351temp_fp16[0] and dim_data->output_npbst_.getBurst(0).fp16Data_[i] (0 and 53) are not same 0 21152

src/tests/KernelTestCases.cpp:52: Failure
2352temp_fp16[0] and dim_data->output_npbst_.getBurst(0).fp16Data_[i] (0 and -11.109375) are not same 0 51598

src/tests/KernelTestCases.cpp:52: Failure
2353temp_fp16[0] and dim_data->output_npbst_.getBurst(0).fp16Data_[i] (0 and 19.828125) are not same 0 19701

src/tests/KernelTestCases.cpp:52: Failure
2354temp_fp16[0] and dim_data->output_npbst_.getBurst(0).fp16Data_[i] (0 and -20.40625) are not same 0 52506

src/tests/KernelTestCases.cpp:52: Failure
2355temp_fp16[0] and dim_data->output_npbst_.getBurst(0).fp16Data_[i] (0 and 26.25) are not same 0 20112

src/tests/KernelTestCases.cpp:52: Failure
2356temp_fp16[0] and dim_data->output_npbst_.getBurst(0).fp16Data_[i] (0 and -13.6875) are not same 0 51928

src/tests/KernelTestCases.cpp:52: Failure
2357temp_fp16[0] and dim_data->output_npbst_.getBurst(0).fp16Data_[i] (0 and 58.4375) are not same 0 21326

src/tests/KernelTestCases.cpp:52: Failure
2358temp_fp16[0] and dim_data->output_npbst_.getBurst(0).fp16Data_[i] (0 and 4.12890625) are not same 0 17441

src/tests/KernelTestCases.cpp:52: Failure
2359temp_fp16[0] and dim_data->output_npbst_.getBurst(0).fp16Data_[i] (0 and 25.375) are not same 0 20056

src/tests/KernelTestCases.cpp:52: Failure
2360temp_fp16[0] and dim_data->output_npbst_.getBurst(0).fp16Data_[i] (0 and 26.1875) are not same 0 20108

src/tests/KernelTestCases.cpp:52: Failure
2361temp_fp16[0] and dim_data->output_npbst_.getBurst(0).fp16Data_[i] (0 and 14.78125) are not same 0 19300

src/tests/KernelTestCases.cpp:52: Failure
2362temp_fp16[0] and dim_data->output_npbst_.getBurst(0).fp16Data_[i] (0 and 25.9375) are not same 0 20092

src/tests/KernelTestCases.cpp:52: Failure
2363temp_fp16[0] and dim_data->output_npbst_.getBurst(0).fp16Data_[i] (0 and 13.9296875) are not same 0 19191

src/tests/KernelTestCases.cpp:52: Failure
2364temp_fp16[0] and dim_data->output_npbst_.getBurst(0).fp16Data_[i] (0 and 57.875) are not same 0 21308

src/tests/KernelTestCases.cpp:52: Failure
2365temp_fp16[0] and dim_data->output_npbst_.getBurst(0).fp16Data_[i] (0 and -45.78125) are not same 0 53689

src/tests/KernelTestCases.cpp:52: Failure
2366temp_fp16[0] and dim_data->output_npbst_.getBurst(0).fp16Data_[i] (0 and -1.99609375) are not same 0 49148

src/tests/KernelTestCases.cpp:52: Failure
2367temp_fp16[0] and dim_data->output_npbst_.getBurst(0).fp16Data_[i] (0 and -36.25) are not same 0 53384

src/tests/KernelTestCases.cpp:52: Failure
2368temp_fp16[0] and dim_data->output_npbst_.getBurst(0).fp16Data_[i] (0 and 12.25) are not same 0 18976

src/tests/KernelTestCases.cpp:52: Failure
2370temp_fp16[0] and dim_data->output_npbst_.getBurst(0).fp16Data_[i] (0 and 13.6484375) are not same 0 19155

src/tests/KernelTestCases.cpp:52: Failure
2371temp_fp16[0] and dim_data->output_npbst_.getBurst(0).fp16Data_[i] (0 and -21.65625) are not same 0 52586

src/tests/KernelTestCases.cpp:52: Failure
2372temp_fp16[0] and dim_data->output_npbst_.getBurst(0).fp16Data_[i] (0 and -48.46875) are not same 0 53775

src/tests/KernelTestCases.cpp:52: Failure
2373temp_fp16[0] and dim_data->output_npbst_.getBurst(0).fp16Data_[i] (0 and 25.25) are not same 0 20048

src/tests/KernelTestCases.cpp:52: Failure
2374temp_fp16[0] and dim_data->output_npbst_.getBurst(0).fp16Data_[i] (0 and -63.96875) are not same 0 54271

src/tests/KernelTestCases.cpp:52: Failure
2375temp_fp16[0] and dim_data->output_npbst_.getBurst(0).fp16Data_[i] (0 and -24.203125) are not same 0 52749

src/tests/KernelTestCases.cpp:52: Failure
2376temp_fp16[0] and dim_data->output_npbst_.getBurst(0).fp16Data_[i] (0 and -17.828125) are not same 0 52341

src/tests/KernelTestCases.cpp:52: Failure
2377temp_fp16[0] and dim_data->output_npbst_.getBurst(0).fp16Data_[i] (0 and 6.8515625) are not same 0 18138

src/tests/KernelTestCases.cpp:52: Failure
2378temp_fp16[0] and dim_data->output_npbst_.getBurst(0).fp16Data_[i] (0 and 26.15625) are not same 0 20106

src/tests/KernelTestCases.cpp:52: Failure
2379temp_fp16[0] and dim_data->output_npbst_.getBurst(0).fp16Data_[i] (0 and -38.90625) are not same 0 53469

src/tests/KernelTestCases.cpp:52: Failure
2380temp_fp16[0] and dim_data->output_npbst_.getBurst(0).fp16Data_[i] (0 and -18.375) are not same 0 52376

src/tests/KernelTestCases.cpp:52: Failure
2381temp_fp16[0] and dim_data->output_npbst_.getBurst(0).fp16Data_[i] (0 and 20.8125) are not same 0 19764

src/tests/KernelTestCases.cpp:52: Failure
2382temp_fp16[0] and dim_data->output_npbst_.getBurst(0).fp16Data_[i] (0 and 29.703125) are not same 0 20333

src/tests/KernelTestCases.cpp:52: Failure
2383temp_fp16[0] and dim_data->output_npbst_.getBurst(0).fp16Data_[i] (0 and 6.4296875) are not same 0 18030

src/tests/KernelTestCases.cpp:52: Failure
2384temp_fp16[0] and dim_data->output_npbst_.getBurst(0).fp16Data_[i] (0 and -43.96875) are not same 0 53631

src/tests/KernelTestCases.cpp:52: Failure
2385temp_fp16[0] and dim_data->output_npbst_.getBurst(0).fp16Data_[i] (0 and -37.25) are not same 0 53416

src/tests/KernelTestCases.cpp:52: Failure
2386temp_fp16[0] and dim_data->output_npbst_.getBurst(0).fp16Data_[i] (0 and -5.32421875) are not same 0 50515

src/tests/KernelTestCases.cpp:52: Failure
2387temp_fp16[0] and dim_data->output_npbst_.getBurst(0).fp16Data_[i] (0 and -25.375) are not same 0 52824

src/tests/KernelTestCases.cpp:52: Failure
2388temp_fp16[0] and dim_data->output_npbst_.getBurst(0).fp16Data_[i] (0 and 6.0859375) are not same 0 17942

src/tests/KernelTestCases.cpp:52: Failure
2389temp_fp16[0] and dim_data->output_npbst_.getBurst(0).fp16Data_[i] (0 and -21.546875) are not same 0 52579

src/tests/KernelTestCases.cpp:52: Failure
2390temp_fp16[0] and dim_data->output_npbst_.getBurst(0).fp16Data_[i] (0 and 14) are not same 0 19200

src/tests/KernelTestCases.cpp:52: Failure
2391temp_fp16[0] and dim_data->output_npbst_.getBurst(0).fp16Data_[i] (0 and -58.625) are not same 0 54100

src/tests/KernelTestCases.cpp:52: Failure
2392temp_fp16[0] and dim_data->output_npbst_.getBurst(0).fp16Data_[i] (0 and 16.1875) are not same 0 19468

src/tests/KernelTestCases.cpp:52: Failure
2393temp_fp16[0] and dim_data->output_npbst_.getBurst(0).fp16Data_[i] (0 and 34.90625) are not same 0 20573

src/tests/KernelTestCases.cpp:52: Failure
2394temp_fp16[0] and dim_data->output_npbst_.getBurst(0).fp16Data_[i] (0 and -0.7646484375) are not same 0 47646

src/tests/KernelTestCases.cpp:52: Failure
2395temp_fp16[0] and dim_data->output_npbst_.getBurst(0).fp16Data_[i] (0 and 3.30859375) are not same 0 17054

src/tests/KernelTestCases.cpp:52: Failure
2396temp_fp16[0] and dim_data->output_npbst_.getBurst(0).fp16Data_[i] (0 and -30.421875) are not same 0 53147

src/tests/KernelTestCases.cpp:52: Failure
2397temp_fp16[0] and dim_data->output_npbst_.getBurst(0).fp16Data_[i] (0 and -9.328125) are not same 0 51370

src/tests/KernelTestCases.cpp:52: Failure
2398temp_fp16[0] and dim_data->output_npbst_.getBurst(0).fp16Data_[i] (0 and -20.9375) are not same 0 52540

src/tests/KernelTestCases.cpp:52: Failure
2399temp_fp16[0] and dim_data->output_npbst_.getBurst(0).fp16Data_[i] (0 and -48.625) are not same 0 53780

src/tests/KernelTestCases.cpp:52: Failure
2400temp_fp16[0] and dim_data->output_npbst_.getBurst(0).fp16Data_[i] (0 and -2.84375) are not same 0 49584

src/tests/KernelTestCases.cpp:52: Failure
2401temp_fp16[0] and dim_data->output_npbst_.getBurst(0).fp16Data_[i] (0 and 10.2421875) are not same 0 18719

src/tests/KernelTestCases.cpp:52: Failure
2402temp_fp16[0] and dim_data->output_npbst_.getBurst(0).fp16Data_[i] (0 and -3.169921875) are not same 0 49751

src/tests/KernelTestCases.cpp:52: Failure
2403temp_fp16[0] and dim_data->output_npbst_.getBurst(0).fp16Data_[i] (0 and -9.3828125) are not same 0 51377

src/tests/KernelTestCases.cpp:52: Failure
2404temp_fp16[0] and dim_data->output_npbst_.getBurst(0).fp16Data_[i] (0 and 55.0625) are not same 0 21218

src/tests/KernelTestCases.cpp:52: Failure
2405temp_fp16[0] and dim_data->output_npbst_.getBurst(0).fp16Data_[i] (0 and 8.0234375) are not same 0 18435

src/tests/KernelTestCases.cpp:52: Failure
2406temp_fp16[0] and dim_data->output_npbst_.getBurst(0).fp16Data_[i] (0 and 0.72265625) are not same 0 14792

src/tests/KernelTestCases.cpp:52: Failure
2407temp_fp16[0] and dim_data->output_npbst_.getBurst(0).fp16Data_[i] (0 and -66.4375) are not same 0 54311

src/tests/KernelTestCases.cpp:52: Failure
2408temp_fp16[0] and dim_data->output_npbst_.getBurst(0).fp16Data_[i] (0 and -1.134765625) are not same 0 48266

src/tests/KernelTestCases.cpp:52: Failure
2409temp_fp16[0] and dim_data->output_npbst_.getBurst(0).fp16Data_[i] (0 and -41.84375) are not same 0 53563

src/tests/KernelTestCases.cpp:52: Failure
2410temp_fp16[0] and dim_data->output_npbst_.getBurst(0).fp16Data_[i] (0 and 49.78125) are not same 0 21049

src/tests/KernelTestCases.cpp:52: Failure
2411temp_fp16[0] and dim_data->output_npbst_.getBurst(0).fp16Data_[i] (0 and -1.2451171875) are not same 0 48379

src/tests/KernelTestCases.cpp:52: Failure
2412temp_fp16[0] and dim_data->output_npbst_.getBurst(0).fp16Data_[i] (0 and -8.0625) are not same 0 51208

src/tests/KernelTestCases.cpp:52: Failure
2413temp_fp16[0] and dim_data->output_npbst_.getBurst(0).fp16Data_[i] (0 and -52.625) are not same 0 53908

src/tests/KernelTestCases.cpp:52: Failure
2414temp_fp16[0] and dim_data->output_npbst_.getBurst(0).fp16Data_[i] (0 and -40.9375) are not same 0 53534

src/tests/KernelTestCases.cpp:52: Failure
2415temp_fp16[0] and dim_data->output_npbst_.getBurst(0).fp16Data_[i] (0 and -9.6484375) are not same 0 51411

src/tests/KernelTestCases.cpp:52: Failure
2416temp_fp16[0] and dim_data->output_npbst_.getBurst(0).fp16Data_[i] (0 and -38.125) are not same 0 53444

src/tests/KernelTestCases.cpp:52: Failure
2417temp_fp16[0] and dim_data->output_npbst_.getBurst(0).fp16Data_[i] (0 and -12.1875) are not same 0 51736

src/tests/KernelTestCases.cpp:52: Failure
2418temp_fp16[0] and dim_data->output_npbst_.getBurst(0).fp16Data_[i] (0 and 64.125) are not same 0 21506

src/tests/KernelTestCases.cpp:52: Failure
2419temp_fp16[0] and dim_data->output_npbst_.getBurst(0).fp16Data_[i] (0 and -31.296875) are not same 0 53203

src/tests/KernelTestCases.cpp:52: Failure
2420temp_fp16[0] and dim_data->output_npbst_.getBurst(0).fp16Data_[i] (0 and -31.4375) are not same 0 53212

src/tests/KernelTestCases.cpp:52: Failure
2421temp_fp16[0] and dim_data->output_npbst_.getBurst(0).fp16Data_[i] (0 and 24.359375) are not same 0 19991

src/tests/KernelTestCases.cpp:52: Failure
2422temp_fp16[0] and dim_data->output_npbst_.getBurst(0).fp16Data_[i] (0 and -24.953125) are not same 0 52797

src/tests/KernelTestCases.cpp:52: Failure
2423temp_fp16[0] and dim_data->output_npbst_.getBurst(0).fp16Data_[i] (0 and -55.96875) are not same 0 54015

src/tests/KernelTestCases.cpp:52: Failure
2424temp_fp16[0] and dim_data->output_npbst_.getBurst(0).fp16Data_[i] (0 and -41.75) are not same 0 53560

src/tests/KernelTestCases.cpp:52: Failure
2425temp_fp16[0] and dim_data->output_npbst_.getBurst(0).fp16Data_[i] (0 and -41.96875) are not same 0 53567

src/tests/KernelTestCases.cpp:52: Failure
2426temp_fp16[0] and dim_data->output_npbst_.getBurst(0).fp16Data_[i] (0 and -57.09375) are not same 0 54051

src/tests/KernelTestCases.cpp:52: Failure
2427temp_fp16[0] and dim_data->output_npbst_.getBurst(0).fp16Data_[i] (0 and 3.693359375) are not same 0 17251

src/tests/KernelTestCases.cpp:52: Failure
2428temp_fp16[0] and dim_data->output_npbst_.getBurst(0).fp16Data_[i] (0 and 32.59375) are not same 0 20499

src/tests/KernelTestCases.cpp:52: Failure
2429temp_fp16[0] and dim_data->output_npbst_.getBurst(0).fp16Data_[i] (0 and -28.1875) are not same 0 53004

src/tests/KernelTestCases.cpp:52: Failure
2430temp_fp16[0] and dim_data->output_npbst_.getBurst(0).fp16Data_[i] (0 and 9.65625) are not same 0 18644

src/tests/KernelTestCases.cpp:52: Failure
2431temp_fp16[0] and dim_data->output_npbst_.getBurst(0).fp16Data_[i] (0 and -11.046875) are not same 0 51590

src/tests/KernelTestCases.cpp:52: Failure
2432temp_fp16[0] and dim_data->output_npbst_.getBurst(0).fp16Data_[i] (0 and 66.75) are not same 0 21548

src/tests/KernelTestCases.cpp:52: Failure
2433temp_fp16[0] and dim_data->output_npbst_.getBurst(0).fp16Data_[i] (0 and 13.9296875) are not same 0 19191

src/tests/KernelTestCases.cpp:52: Failure
2434temp_fp16[0] and dim_data->output_npbst_.getBurst(0).fp16Data_[i] (0 and 72.6875) are not same 0 21643

src/tests/KernelTestCases.cpp:52: Failure
2435temp_fp16[0] and dim_data->output_npbst_.getBurst(0).fp16Data_[i] (0 and -24.34375) are not same 0 52758

src/tests/KernelTestCases.cpp:52: Failure
2436temp_fp16[0] and dim_data->output_npbst_.getBurst(0).fp16Data_[i] (0 and -68.25) are not same 0 54340

src/tests/KernelTestCases.cpp:52: Failure
2437temp_fp16[0] and dim_data->output_npbst_.getBurst(0).fp16Data_[i] (0 and 5.45703125) are not same 0 17781

src/tests/KernelTestCases.cpp:52: Failure
2438temp_fp16[0] and dim_data->output_npbst_.getBurst(0).fp16Data_[i] (0 and 25.375) are not same 0 20056

src/tests/KernelTestCases.cpp:52: Failure
2439temp_fp16[0] and dim_data->output_npbst_.getBurst(0).fp16Data_[i] (0 and 15.78125) are not same 0 19428

src/tests/KernelTestCases.cpp:52: Failure
2440temp_fp16[0] and dim_data->output_npbst_.getBurst(0).fp16Data_[i] (0 and 7.10546875) are not same 0 18203

src/tests/KernelTestCases.cpp:52: Failure
2441temp_fp16[0] and dim_data->output_npbst_.getBurst(0).fp16Data_[i] (0 and 22.8125) are not same 0 19892

src/tests/KernelTestCases.cpp:52: Failure
2442temp_fp16[0] and dim_data->output_npbst_.getBurst(0).fp16Data_[i] (0 and -51.03125) are not same 0 53857

src/tests/KernelTestCases.cpp:52: Failure
2443temp_fp16[0] and dim_data->output_npbst_.getBurst(0).fp16Data_[i] (0 and 9.4140625) are not same 0 18613

src/tests/KernelTestCases.cpp:52: Failure
2444temp_fp16[0] and dim_data->output_npbst_.getBurst(0).fp16Data_[i] (0 and 40) are not same 0 20736

src/tests/KernelTestCases.cpp:52: Failure
2445temp_fp16[0] and dim_data->output_npbst_.getBurst(0).fp16Data_[i] (0 and -3.251953125) are not same 0 49793

src/tests/KernelTestCases.cpp:52: Failure
2446temp_fp16[0] and dim_data->output_npbst_.getBurst(0).fp16Data_[i] (0 and -14.703125) are not same 0 52058

src/tests/KernelTestCases.cpp:52: Failure
2447temp_fp16[0] and dim_data->output_npbst_.getBurst(0).fp16Data_[i] (0 and 20.359375) are not same 0 19735

src/tests/KernelTestCases.cpp:52: Failure
2448temp_fp16[0] and dim_data->output_npbst_.getBurst(0).fp16Data_[i] (0 and -19.34375) are not same 0 52438

src/tests/KernelTestCases.cpp:52: Failure
2449temp_fp16[0] and dim_data->output_npbst_.getBurst(0).fp16Data_[i] (0 and -17.078125) are not same 0 52293

src/tests/KernelTestCases.cpp:52: Failure
2450temp_fp16[0] and dim_data->output_npbst_.getBurst(0).fp16Data_[i] (0 and 3.79296875) are not same 0 17302

src/tests/KernelTestCases.cpp:52: Failure
2451temp_fp16[0] and dim_data->output_npbst_.getBurst(0).fp16Data_[i] (0 and 61.71875) are not same 0 21431

src/tests/KernelTestCases.cpp:52: Failure
2452temp_fp16[0] and dim_data->output_npbst_.getBurst(0).fp16Data_[i] (0 and -60.6875) are not same 0 54166

src/tests/KernelTestCases.cpp:52: Failure
2453temp_fp16[0] and dim_data->output_npbst_.getBurst(0).fp16Data_[i] (0 and 50.8125) are not same 0 21082

src/tests/KernelTestCases.cpp:52: Failure
2454temp_fp16[0] and dim_data->output_npbst_.getBurst(0).fp16Data_[i] (0 and -35.9375) are not same 0 53374

src/tests/KernelTestCases.cpp:52: Failure
2455temp_fp16[0] and dim_data->output_npbst_.getBurst(0).fp16Data_[i] (0 and -1.8564453125) are not same 0 49005

src/tests/KernelTestCases.cpp:52: Failure
2456temp_fp16[0] and dim_data->output_npbst_.getBurst(0).fp16Data_[i] (0 and 20.21875) are not same 0 19726

src/tests/KernelTestCases.cpp:52: Failure
2457temp_fp16[0] and dim_data->output_npbst_.getBurst(0).fp16Data_[i] (0 and 31.703125) are not same 0 20461

src/tests/KernelTestCases.cpp:52: Failure
2458temp_fp16[0] and dim_data->output_npbst_.getBurst(0).fp16Data_[i] (0 and -39.34375) are not same 0 53483

src/tests/KernelTestCases.cpp:52: Failure
2459temp_fp16[0] and dim_data->output_npbst_.getBurst(0).fp16Data_[i] (0 and -6.7109375) are not same 0 50870

src/tests/KernelTestCases.cpp:52: Failure
2460temp_fp16[0] and dim_data->output_npbst_.getBurst(0).fp16Data_[i] (0 and -13.390625) are not same 0 51890

src/tests/KernelTestCases.cpp:52: Failure
2461temp_fp16[0] and dim_data->output_npbst_.getBurst(0).fp16Data_[i] (0 and 39.09375) are not same 0 20707

src/tests/KernelTestCases.cpp:52: Failure
2462temp_fp16[0] and dim_data->output_npbst_.getBurst(0).fp16Data_[i] (0 and 9.5) are not same 0 18624

src/tests/KernelTestCases.cpp:52: Failure
2463temp_fp16[0] and dim_data->output_npbst_.getBurst(0).fp16Data_[i] (0 and -64) are not same 0 54272

src/tests/KernelTestCases.cpp:52: Failure
2464temp_fp16[0] and dim_data->output_npbst_.getBurst(0).fp16Data_[i] (0 and -24.8125) are not same 0 52788

src/tests/KernelTestCases.cpp:52: Failure
2465temp_fp16[0] and dim_data->output_npbst_.getBurst(0).fp16Data_[i] (0 and 66.4375) are not same 0 21543

src/tests/KernelTestCases.cpp:52: Failure
2466temp_fp16[0] and dim_data->output_npbst_.getBurst(0).fp16Data_[i] (0 and -9.1171875) are not same 0 51343

src/tests/KernelTestCases.cpp:52: Failure
2467temp_fp16[0] and dim_data->output_npbst_.getBurst(0).fp16Data_[i] (0 and -35.875) are not same 0 53372

src/tests/KernelTestCases.cpp:52: Failure
2468temp_fp16[0] and dim_data->output_npbst_.getBurst(0).fp16Data_[i] (0 and 30.15625) are not same 0 20362

src/tests/KernelTestCases.cpp:52: Failure
2469temp_fp16[0] and dim_data->output_npbst_.getBurst(0).fp16Data_[i] (0 and -15.578125) are not same 0 52170

src/tests/KernelTestCases.cpp:52: Failure
2470temp_fp16[0] and dim_data->output_npbst_.getBurst(0).fp16Data_[i] (0 and 35.5625) are not same 0 20594

src/tests/KernelTestCases.cpp:52: Failure
2471temp_fp16[0] and dim_data->output_npbst_.getBurst(0).fp16Data_[i] (0 and 13.0546875) are not same 0 19079

src/tests/KernelTestCases.cpp:52: Failure
2472temp_fp16[0] and dim_data->output_npbst_.getBurst(0).fp16Data_[i] (0 and -1.6201171875) are not same 0 48763

src/tests/KernelTestCases.cpp:52: Failure
2473temp_fp16[0] and dim_data->output_npbst_.getBurst(0).fp16Data_[i] (0 and -8.7734375) are not same 0 51299

src/tests/KernelTestCases.cpp:52: Failure
2474temp_fp16[0] and dim_data->output_npbst_.getBurst(0).fp16Data_[i] (0 and -11.5234375) are not same 0 51651

src/tests/KernelTestCases.cpp:52: Failure
2475temp_fp16[0] and dim_data->output_npbst_.getBurst(0).fp16Data_[i] (0 and 2.4375) are not same 0 16608

src/tests/KernelTestCases.cpp:52: Failure
2476temp_fp16[0] and dim_data->output_npbst_.getBurst(0).fp16Data_[i] (0 and 69.6875) are not same 0 21595

src/tests/KernelTestCases.cpp:52: Failure
2477temp_fp16[0] and dim_data->output_npbst_.getBurst(0).fp16Data_[i] (0 and 36.6875) are not same 0 20630

src/tests/KernelTestCases.cpp:52: Failure
2478temp_fp16[0] and dim_data->output_npbst_.getBurst(0).fp16Data_[i] (0 and -15.9140625) are not same 0 52213

src/tests/KernelTestCases.cpp:52: Failure
2479temp_fp16[0] and dim_data->output_npbst_.getBurst(0).fp16Data_[i] (0 and -43.6875) are not same 0 53622

src/tests/KernelTestCases.cpp:52: Failure
2480temp_fp16[0] and dim_data->output_npbst_.getBurst(0).fp16Data_[i] (0 and 6.8515625) are not same 0 18138

src/tests/KernelTestCases.cpp:52: Failure
2481temp_fp16[0] and dim_data->output_npbst_.getBurst(0).fp16Data_[i] (0 and 20.703125) are not same 0 19757

src/tests/KernelTestCases.cpp:52: Failure
2482temp_fp16[0] and dim_data->output_npbst_.getBurst(0).fp16Data_[i] (0 and -17.359375) are not same 0 52311

src/tests/KernelTestCases.cpp:52: Failure
2483temp_fp16[0] and dim_data->output_npbst_.getBurst(0).fp16Data_[i] (0 and -6.53125) are not same 0 50824

src/tests/KernelTestCases.cpp:52: Failure
2484temp_fp16[0] and dim_data->output_npbst_.getBurst(0).fp16Data_[i] (0 and 56.96875) are not same 0 21279

src/tests/KernelTestCases.cpp:52: Failure
2485temp_fp16[0] and dim_data->output_npbst_.getBurst(0).fp16Data_[i] (0 and 51.96875) are not same 0 21119

src/tests/KernelTestCases.cpp:52: Failure
2486temp_fp16[0] and dim_data->output_npbst_.getBurst(0).fp16Data_[i] (0 and 66.375) are not same 0 21542

src/tests/KernelTestCases.cpp:52: Failure
2487temp_fp16[0] and dim_data->output_npbst_.getBurst(0).fp16Data_[i] (0 and 5.453125) are not same 0 17780

src/tests/KernelTestCases.cpp:52: Failure
2488temp_fp16[0] and dim_data->output_npbst_.getBurst(0).fp16Data_[i] (0 and 36.375) are not same 0 20620

src/tests/KernelTestCases.cpp:52: Failure
2489temp_fp16[0] and dim_data->output_npbst_.getBurst(0).fp16Data_[i] (0 and 20.953125) are not same 0 19773

src/tests/KernelTestCases.cpp:52: Failure
2490temp_fp16[0] and dim_data->output_npbst_.getBurst(0).fp16Data_[i] (0 and -71.75) are not same 0 54396

src/tests/KernelTestCases.cpp:52: Failure
2491temp_fp16[0] and dim_data->output_npbst_.getBurst(0).fp16Data_[i] (0 and 6.63671875) are not same 0 18083

src/tests/KernelTestCases.cpp:52: Failure
2492temp_fp16[0] and dim_data->output_npbst_.getBurst(0).fp16Data_[i] (0 and -65.4375) are not same 0 54295

src/tests/KernelTestCases.cpp:52: Failure
2493temp_fp16[0] and dim_data->output_npbst_.getBurst(0).fp16Data_[i] (0 and -18.421875) are not same 0 52379

src/tests/KernelTestCases.cpp:52: Failure
2494temp_fp16[0] and dim_data->output_npbst_.getBurst(0).fp16Data_[i] (0 and -13.265625) are not same 0 51874

src/tests/KernelTestCases.cpp:52: Failure
2495temp_fp16[0] and dim_data->output_npbst_.getBurst(0).fp16Data_[i] (0 and -14.75) are not same 0 52064

src/tests/KernelTestCases.cpp:52: Failure
2496temp_fp16[0] and dim_data->output_npbst_.getBurst(0).fp16Data_[i] (0 and -37.03125) are not same 0 53409

src/tests/KernelTestCases.cpp:52: Failure
2497temp_fp16[0] and dim_data->output_npbst_.getBurst(0).fp16Data_[i] (0 and -24.53125) are not same 0 52770

src/tests/KernelTestCases.cpp:52: Failure
2498temp_fp16[0] and dim_data->output_npbst_.getBurst(0).fp16Data_[i] (0 and -53.75) are not same 0 53944

src/tests/KernelTestCases.cpp:52: Failure
2499temp_fp16[0] and dim_data->output_npbst_.getBurst(0).fp16Data_[i] (0 and 18.859375) are not same 0 19639

src/tests/KernelTestCases.cpp:52: Failure
2500temp_fp16[0] and dim_data->output_npbst_.getBurst(0).fp16Data_[i] (0 and -9.6796875) are not same 0 51415

src/tests/KernelTestCases.cpp:52: Failure
2501temp_fp16[0] and dim_data->output_npbst_.getBurst(0).fp16Data_[i] (0 and 29.84375) are not same 0 20342

src/tests/KernelTestCases.cpp:52: Failure
2502temp_fp16[0] and dim_data->output_npbst_.getBurst(0).fp16Data_[i] (0 and 22.453125) are not same 0 19869

src/tests/KernelTestCases.cpp:52: Failure
2503temp_fp16[0] and dim_data->output_npbst_.getBurst(0).fp16Data_[i] (0 and -25.578125) are not same 0 52837

src/tests/KernelTestCases.cpp:52: Failure
2504temp_fp16[0] and dim_data->output_npbst_.getBurst(0).fp16Data_[i] (0 and 15.828125) are not same 0 19434

src/tests/KernelTestCases.cpp:52: Failure
2505temp_fp16[0] and dim_data->output_npbst_.getBurst(0).fp16Data_[i] (0 and -14.9140625) are not same 0 52085

src/tests/KernelTestCases.cpp:52: Failure
2506temp_fp16[0] and dim_data->output_npbst_.getBurst(0).fp16Data_[i] (0 and 38.96875) are not same 0 20703

src/tests/KernelTestCases.cpp:52: Failure
2507temp_fp16[0] and dim_data->output_npbst_.getBurst(0).fp16Data_[i] (0 and -12.890625) are not same 0 51826

src/tests/KernelTestCases.cpp:52: Failure
2508temp_fp16[0] and dim_data->output_npbst_.getBurst(0).fp16Data_[i] (0 and -28.296875) are not same 0 53011

src/tests/KernelTestCases.cpp:52: Failure
2509temp_fp16[0] and dim_data->output_npbst_.getBurst(0).fp16Data_[i] (0 and -44.15625) are not same 0 53637

src/tests/KernelTestCases.cpp:52: Failure
2510temp_fp16[0] and dim_data->output_npbst_.getBurst(0).fp16Data_[i] (0 and -31.421875) are not same 0 53211

src/tests/KernelTestCases.cpp:52: Failure
2511temp_fp16[0] and dim_data->output_npbst_.getBurst(0).fp16Data_[i] (0 and 60.21875) are not same 0 21383

src/tests/KernelTestCases.cpp:52: Failure
2512temp_fp16[0] and dim_data->output_npbst_.getBurst(0).fp16Data_[i] (0 and 36.375) are not same 0 20620

src/tests/KernelTestCases.cpp:52: Failure
2513temp_fp16[0] and dim_data->output_npbst_.getBurst(0).fp16Data_[i] (0 and 33.59375) are not same 0 20531

src/tests/KernelTestCases.cpp:52: Failure
2514temp_fp16[0] and dim_data->output_npbst_.getBurst(0).fp16Data_[i] (0 and -28.09375) are not same 0 52998

src/tests/KernelTestCases.cpp:52: Failure
2515temp_fp16[0] and dim_data->output_npbst_.getBurst(0).fp16Data_[i] (0 and 37.875) are not same 0 20668

src/tests/KernelTestCases.cpp:52: Failure
2516temp_fp16[0] and dim_data->output_npbst_.getBurst(0).fp16Data_[i] (0 and -15.4140625) are not same 0 52149

src/tests/KernelTestCases.cpp:52: Failure
2517temp_fp16[0] and dim_data->output_npbst_.getBurst(0).fp16Data_[i] (0 and 27.796875) are not same 0 20211

src/tests/KernelTestCases.cpp:52: Failure
2518temp_fp16[0] and dim_data->output_npbst_.getBurst(0).fp16Data_[i] (0 and 27.453125) are not same 0 20189

src/tests/KernelTestCases.cpp:52: Failure
2519temp_fp16[0] and dim_data->output_npbst_.getBurst(0).fp16Data_[i] (0 and -5.6484375) are not same 0 50598

src/tests/KernelTestCases.cpp:52: Failure
2520temp_fp16[0] and dim_data->output_npbst_.getBurst(0).fp16Data_[i] (0 and -19.859375) are not same 0 52471

src/tests/KernelTestCases.cpp:52: Failure
2521temp_fp16[0] and dim_data->output_npbst_.getBurst(0).fp16Data_[i] (0 and -20.140625) are not same 0 52489

src/tests/KernelTestCases.cpp:52: Failure
2523temp_fp16[0] and dim_data->output_npbst_.getBurst(0).fp16Data_[i] (0 and -18.9375) are not same 0 52412

src/tests/KernelTestCases.cpp:52: Failure
2524temp_fp16[0] and dim_data->output_npbst_.getBurst(0).fp16Data_[i] (0 and -21.078125) are not same 0 52549

src/tests/KernelTestCases.cpp:52: Failure
2525temp_fp16[0] and dim_data->output_npbst_.getBurst(0).fp16Data_[i] (0 and -15.984375) are not same 0 52222

src/tests/KernelTestCases.cpp:52: Failure
2526temp_fp16[0] and dim_data->output_npbst_.getBurst(0).fp16Data_[i] (0 and 19.953125) are not same 0 19709

src/tests/KernelTestCases.cpp:52: Failure
2527temp_fp16[0] and dim_data->output_npbst_.getBurst(0).fp16Data_[i] (0 and -48.125) are not same 0 53764

src/tests/KernelTestCases.cpp:52: Failure
2528temp_fp16[0] and dim_data->output_npbst_.getBurst(0).fp16Data_[i] (0 and 52.625) are not same 0 21140

src/tests/KernelTestCases.cpp:52: Failure
2529temp_fp16[0] and dim_data->output_npbst_.getBurst(0).fp16Data_[i] (0 and 19.96875) are not same 0 19710

src/tests/KernelTestCases.cpp:52: Failure
2530temp_fp16[0] and dim_data->output_npbst_.getBurst(0).fp16Data_[i] (0 and 41.875) are not same 0 20796

src/tests/KernelTestCases.cpp:52: Failure
2531temp_fp16[0] and dim_data->output_npbst_.getBurst(0).fp16Data_[i] (0 and 14.5703125) are not same 0 19273

src/tests/KernelTestCases.cpp:52: Failure
2532temp_fp16[0] and dim_data->output_npbst_.getBurst(0).fp16Data_[i] (0 and -23.03125) are not same 0 52674

src/tests/KernelTestCases.cpp:52: Failure
2534temp_fp16[0] and dim_data->output_npbst_.getBurst(0).fp16Data_[i] (0 and -10.65625) are not same 0 51540

src/tests/KernelTestCases.cpp:52: Failure
2535temp_fp16[0] and dim_data->output_npbst_.getBurst(0).fp16Data_[i] (0 and 3.791015625) are not same 0 17301

src/tests/KernelTestCases.cpp:52: Failure
2536temp_fp16[0] and dim_data->output_npbst_.getBurst(0).fp16Data_[i] (0 and 32.0625) are not same 0 20482

src/tests/KernelTestCases.cpp:52: Failure
2537temp_fp16[0] and dim_data->output_npbst_.getBurst(0).fp16Data_[i] (0 and 8.7734375) are not same 0 18531

src/tests/KernelTestCases.cpp:52: Failure
2538temp_fp16[0] and dim_data->output_npbst_.getBurst(0).fp16Data_[i] (0 and 12.8828125) are not same 0 19057

src/tests/KernelTestCases.cpp:52: Failure
2539temp_fp16[0] and dim_data->output_npbst_.getBurst(0).fp16Data_[i] (0 and -25.75) are not same 0 52848

src/tests/KernelTestCases.cpp:52: Failure
2540temp_fp16[0] and dim_data->output_npbst_.getBurst(0).fp16Data_[i] (0 and -23.671875) are not same 0 52715

src/tests/KernelTestCases.cpp:52: Failure
2541temp_fp16[0] and dim_data->output_npbst_.getBurst(0).fp16Data_[i] (0 and 27.546875) are not same 0 20195

src/tests/KernelTestCases.cpp:52: Failure
2542temp_fp16[0] and dim_data->output_npbst_.getBurst(0).fp16Data_[i] (0 and -41.78125) are not same 0 53561

src/tests/KernelTestCases.cpp:52: Failure
2543temp_fp16[0] and dim_data->output_npbst_.getBurst(0).fp16Data_[i] (0 and -5.8515625) are not same 0 50650

src/tests/KernelTestCases.cpp:52: Failure
2544temp_fp16[0] and dim_data->output_npbst_.getBurst(0).fp16Data_[i] (0 and 38.71875) are not same 0 20695

src/tests/KernelTestCases.cpp:52: Failure
2545temp_fp16[0] and dim_data->output_npbst_.getBurst(0).fp16Data_[i] (0 and -13.46875) are not same 0 51900

src/tests/KernelTestCases.cpp:52: Failure
2546temp_fp16[0] and dim_data->output_npbst_.getBurst(0).fp16Data_[i] (0 and -48.875) are not same 0 53788

src/tests/KernelTestCases.cpp:52: Failure
2547temp_fp16[0] and dim_data->output_npbst_.getBurst(0).fp16Data_[i] (0 and -60.375) are not same 0 54156

src/tests/KernelTestCases.cpp:52: Failure
2548temp_fp16[0] and dim_data->output_npbst_.getBurst(0).fp16Data_[i] (0 and -13.9921875) are not same 0 51967

src/tests/KernelTestCases.cpp:52: Failure
2549temp_fp16[0] and dim_data->output_npbst_.getBurst(0).fp16Data_[i] (0 and -81.5) are not same 0 54552

src/tests/KernelTestCases.cpp:52: Failure
2550temp_fp16[0] and dim_data->output_npbst_.getBurst(0).fp16Data_[i] (0 and -32.53125) are not same 0 53265

src/tests/KernelTestCases.cpp:52: Failure
2551temp_fp16[0] and dim_data->output_npbst_.getBurst(0).fp16Data_[i] (0 and -2.755859375) are not same 0 49539

src/tests/KernelTestCases.cpp:52: Failure
2552temp_fp16[0] and dim_data->output_npbst_.getBurst(0).fp16Data_[i] (0 and 16.078125) are not same 0 19461

src/tests/KernelTestCases.cpp:52: Failure
2553temp_fp16[0] and dim_data->output_npbst_.getBurst(0).fp16Data_[i] (0 and 26.9375) are not same 0 20156

src/tests/KernelTestCases.cpp:52: Failure
2554temp_fp16[0] and dim_data->output_npbst_.getBurst(0).fp16Data_[i] (0 and 59.53125) are not same 0 21361

src/tests/KernelTestCases.cpp:52: Failure
2555temp_fp16[0] and dim_data->output_npbst_.getBurst(0).fp16Data_[i] (0 and -28.015625) are not same 0 52993

src/tests/KernelTestCases.cpp:52: Failure
2556temp_fp16[0] and dim_data->output_npbst_.getBurst(0).fp16Data_[i] (0 and 49.9375) are not same 0 21054

src/tests/KernelTestCases.cpp:52: Failure
2557temp_fp16[0] and dim_data->output_npbst_.getBurst(0).fp16Data_[i] (0 and -57.0625) are not same 0 54050

src/tests/KernelTestCases.cpp:52: Failure
2558temp_fp16[0] and dim_data->output_npbst_.getBurst(0).fp16Data_[i] (0 and 32.03125) are not same 0 20481

src/tests/KernelTestCases.cpp:52: Failure
2559temp_fp16[0] and dim_data->output_npbst_.getBurst(0).fp16Data_[i] (0 and -42.65625) are not same 0 53589

src/tests/KernelTestCases.cpp:52: Failure
2560temp_fp16[0] and dim_data->output_npbst_.getBurst(0).fp16Data_[i] (0 and -32.5625) are not same 0 53266

src/tests/KernelTestCases.cpp:52: Failure
2561temp_fp16[0] and dim_data->output_npbst_.getBurst(0).fp16Data_[i] (0 and -63.1875) are not same 0 54246

src/tests/KernelTestCases.cpp:52: Failure
2562temp_fp16[0] and dim_data->output_npbst_.getBurst(0).fp16Data_[i] (0 and -3.125) are not same 0 49728

src/tests/KernelTestCases.cpp:52: Failure
2563temp_fp16[0] and dim_data->output_npbst_.getBurst(0).fp16Data_[i] (0 and -36.90625) are not same 0 53405

src/tests/KernelTestCases.cpp:52: Failure
2564temp_fp16[0] and dim_data->output_npbst_.getBurst(0).fp16Data_[i] (0 and 43.8125) are not same 0 20858

src/tests/KernelTestCases.cpp:52: Failure
2565temp_fp16[0] and dim_data->output_npbst_.getBurst(0).fp16Data_[i] (0 and 30.859375) are not same 0 20407

src/tests/KernelTestCases.cpp:52: Failure
2566temp_fp16[0] and dim_data->output_npbst_.getBurst(0).fp16Data_[i] (0 and -23.984375) are not same 0 52735

src/tests/KernelTestCases.cpp:52: Failure
2567temp_fp16[0] and dim_data->output_npbst_.getBurst(0).fp16Data_[i] (0 and -34.03125) are not same 0 53313

src/tests/KernelTestCases.cpp:52: Failure
2568temp_fp16[0] and dim_data->output_npbst_.getBurst(0).fp16Data_[i] (0 and -46.125) are not same 0 53700

src/tests/KernelTestCases.cpp:52: Failure
2569temp_fp16[0] and dim_data->output_npbst_.getBurst(0).fp16Data_[i] (0 and 6.1796875) are not same 0 17966

src/tests/KernelTestCases.cpp:52: Failure
2570temp_fp16[0] and dim_data->output_npbst_.getBurst(0).fp16Data_[i] (0 and -15.265625) are not same 0 52130

src/tests/KernelTestCases.cpp:52: Failure
2571temp_fp16[0] and dim_data->output_npbst_.getBurst(0).fp16Data_[i] (0 and -56.5) are not same 0 54032

src/tests/KernelTestCases.cpp:52: Failure
2572temp_fp16[0] and dim_data->output_npbst_.getBurst(0).fp16Data_[i] (0 and -20.96875) are not same 0 52542

src/tests/KernelTestCases.cpp:52: Failure
2573temp_fp16[0] and dim_data->output_npbst_.getBurst(0).fp16Data_[i] (0 and -24.9375) are not same 0 52796

src/tests/KernelTestCases.cpp:52: Failure
2574temp_fp16[0] and dim_data->output_npbst_.getBurst(0).fp16Data_[i] (0 and -36.59375) are not same 0 53395

src/tests/KernelTestCases.cpp:52: Failure
2575temp_fp16[0] and dim_data->output_npbst_.getBurst(0).fp16Data_[i] (0 and 21.609375) are not same 0 19815

src/tests/KernelTestCases.cpp:52: Failure
2576temp_fp16[0] and dim_data->output_npbst_.getBurst(0).fp16Data_[i] (0 and -41.34375) are not same 0 53547

src/tests/KernelTestCases.cpp:52: Failure
2577temp_fp16[0] and dim_data->output_npbst_.getBurst(0).fp16Data_[i] (0 and 30.65625) are not same 0 20394

src/tests/KernelTestCases.cpp:52: Failure
2578temp_fp16[0] and dim_data->output_npbst_.getBurst(0).fp16Data_[i] (0 and 31.046875) are not same 0 20419

src/tests/KernelTestCases.cpp:52: Failure
2579temp_fp16[0] and dim_data->output_npbst_.getBurst(0).fp16Data_[i] (0 and 65.1875) are not same 0 21523

src/tests/KernelTestCases.cpp:52: Failure
2580temp_fp16[0] and dim_data->output_npbst_.getBurst(0).fp16Data_[i] (0 and 16.765625) are not same 0 19505

src/tests/KernelTestCases.cpp:52: Failure
2581temp_fp16[0] and dim_data->output_npbst_.getBurst(0).fp16Data_[i] (0 and 16.015625) are not same 0 19457

src/tests/KernelTestCases.cpp:52: Failure
2582temp_fp16[0] and dim_data->output_npbst_.getBurst(0).fp16Data_[i] (0 and -6.48828125) are not same 0 50813

src/tests/KernelTestCases.cpp:52: Failure
2583temp_fp16[0] and dim_data->output_npbst_.getBurst(0).fp16Data_[i] (0 and 8.125) are not same 0 18448

src/tests/KernelTestCases.cpp:52: Failure
2584temp_fp16[0] and dim_data->output_npbst_.getBurst(0).fp16Data_[i] (0 and 42.4375) are not same 0 20814

src/tests/KernelTestCases.cpp:52: Failure
2585temp_fp16[0] and dim_data->output_npbst_.getBurst(0).fp16Data_[i] (0 and -20.1875) are not same 0 52492

src/tests/KernelTestCases.cpp:52: Failure
2586temp_fp16[0] and dim_data->output_npbst_.getBurst(0).fp16Data_[i] (0 and -32.25) are not same 0 53256

src/tests/KernelTestCases.cpp:52: Failure
2587temp_fp16[0] and dim_data->output_npbst_.getBurst(0).fp16Data_[i] (0 and -56.875) are not same 0 54044

src/tests/KernelTestCases.cpp:52: Failure
2588temp_fp16[0] and dim_data->output_npbst_.getBurst(0).fp16Data_[i] (0 and -12.8203125) are not same 0 51817

src/tests/KernelTestCases.cpp:52: Failure
2589temp_fp16[0] and dim_data->output_npbst_.getBurst(0).fp16Data_[i] (0 and 43.5625) are not same 0 20850

src/tests/KernelTestCases.cpp:52: Failure
2590temp_fp16[0] and dim_data->output_npbst_.getBurst(0).fp16Data_[i] (0 and -8.9296875) are not same 0 51319

src/tests/KernelTestCases.cpp:52: Failure
2591temp_fp16[0] and dim_data->output_npbst_.getBurst(0).fp16Data_[i] (0 and -5.9609375) are not same 0 50678

src/tests/KernelTestCases.cpp:52: Failure
2592temp_fp16[0] and dim_data->output_npbst_.getBurst(0).fp16Data_[i] (0 and -7.46875) are not same 0 51064

src/tests/KernelTestCases.cpp:52: Failure
2593temp_fp16[0] and dim_data->output_npbst_.getBurst(0).fp16Data_[i] (0 and -43.65625) are not same 0 53621

src/tests/KernelTestCases.cpp:52: Failure
2594temp_fp16[0] and dim_data->output_npbst_.getBurst(0).fp16Data_[i] (0 and -9.46875) are not same 0 51388

src/tests/KernelTestCases.cpp:52: Failure
2595temp_fp16[0] and dim_data->output_npbst_.getBurst(0).fp16Data_[i] (0 and -7.5078125) are not same 0 51074

src/tests/KernelTestCases.cpp:52: Failure
2596temp_fp16[0] and dim_data->output_npbst_.getBurst(0).fp16Data_[i] (0 and 30.171875) are not same 0 20363

src/tests/KernelTestCases.cpp:52: Failure
2597temp_fp16[0] and dim_data->output_npbst_.getBurst(0).fp16Data_[i] (0 and 39.625) are not same 0 20724

src/tests/KernelTestCases.cpp:52: Failure
2598temp_fp16[0] and dim_data->output_npbst_.getBurst(0).fp16Data_[i] (0 and 65.5625) are not same 0 21529

src/tests/KernelTestCases.cpp:52: Failure
2599temp_fp16[0] and dim_data->output_npbst_.getBurst(0).fp16Data_[i] (0 and 43.125) are not same 0 20836

src/tests/KernelTestCases.cpp:52: Failure
2600temp_fp16[0] and dim_data->output_npbst_.getBurst(0).fp16Data_[i] (0 and -37) are not same 0 53408

src/tests/KernelTestCases.cpp:52: Failure
2601temp_fp16[0] and dim_data->output_npbst_.getBurst(0).fp16Data_[i] (0 and 12.21875) are not same 0 18972

src/tests/KernelTestCases.cpp:52: Failure
2602temp_fp16[0] and dim_data->output_npbst_.getBurst(0).fp16Data_[i] (0 and -37.125) are not same 0 53412

src/tests/KernelTestCases.cpp:52: Failure
2603temp_fp16[0] and dim_data->output_npbst_.getBurst(0).fp16Data_[i] (0 and -12.203125) are not same 0 51738

src/tests/KernelTestCases.cpp:52: Failure
2604temp_fp16[0] and dim_data->output_npbst_.getBurst(0).fp16Data_[i] (0 and -54.40625) are not same 0 53965

src/tests/KernelTestCases.cpp:52: Failure
2605temp_fp16[0] and dim_data->output_npbst_.getBurst(0).fp16Data_[i] (0 and 12.359375) are not same 0 18990

src/tests/KernelTestCases.cpp:52: Failure
2606temp_fp16[0] and dim_data->output_npbst_.getBurst(0).fp16Data_[i] (0 and -30.96875) are not same 0 53182

src/tests/KernelTestCases.cpp:52: Failure
2607temp_fp16[0] and dim_data->output_npbst_.getBurst(0).fp16Data_[i] (0 and 43.1875) are not same 0 20838

src/tests/KernelTestCases.cpp:52: Failure
2608temp_fp16[0] and dim_data->output_npbst_.getBurst(0).fp16Data_[i] (0 and -3.37109375) are not same 0 49854

src/tests/KernelTestCases.cpp:52: Failure
2609temp_fp16[0] and dim_data->output_npbst_.getBurst(0).fp16Data_[i] (0 and -42.59375) are not same 0 53587

src/tests/KernelTestCases.cpp:52: Failure
2610temp_fp16[0] and dim_data->output_npbst_.getBurst(0).fp16Data_[i] (0 and 24.921875) are not same 0 20027

src/tests/KernelTestCases.cpp:52: Failure
2612temp_fp16[0] and dim_data->output_npbst_.getBurst(0).fp16Data_[i] (0 and -32.125) are not same 0 53252

src/tests/KernelTestCases.cpp:52: Failure
2613temp_fp16[0] and dim_data->output_npbst_.getBurst(0).fp16Data_[i] (0 and -13.5) are not same 0 51904

src/tests/KernelTestCases.cpp:52: Failure
2614temp_fp16[0] and dim_data->output_npbst_.getBurst(0).fp16Data_[i] (0 and 2.79296875) are not same 0 16790

src/tests/KernelTestCases.cpp:52: Failure
2615temp_fp16[0] and dim_data->output_npbst_.getBurst(0).fp16Data_[i] (0 and -23.078125) are not same 0 52677

src/tests/KernelTestCases.cpp:52: Failure
2616temp_fp16[0] and dim_data->output_npbst_.getBurst(0).fp16Data_[i] (0 and -11.3828125) are not same 0 51633

src/tests/KernelTestCases.cpp:52: Failure
2617temp_fp16[0] and dim_data->output_npbst_.getBurst(0).fp16Data_[i] (0 and 18.15625) are not same 0 19594

src/tests/KernelTestCases.cpp:52: Failure
2618temp_fp16[0] and dim_data->output_npbst_.getBurst(0).fp16Data_[i] (0 and 14.3828125) are not same 0 19249

src/tests/KernelTestCases.cpp:52: Failure
2619temp_fp16[0] and dim_data->output_npbst_.getBurst(0).fp16Data_[i] (0 and 24.703125) are not same 0 20013

src/tests/KernelTestCases.cpp:52: Failure
2620temp_fp16[0] and dim_data->output_npbst_.getBurst(0).fp16Data_[i] (0 and 3.3125) are not same 0 17056

src/tests/KernelTestCases.cpp:52: Failure
2621temp_fp16[0] and dim_data->output_npbst_.getBurst(0).fp16Data_[i] (0 and 24.8125) are not same 0 20020

src/tests/KernelTestCases.cpp:52: Failure
2623temp_fp16[0] and dim_data->output_npbst_.getBurst(0).fp16Data_[i] (0 and 23.03125) are not same 0 19906

src/tests/KernelTestCases.cpp:52: Failure
2624temp_fp16[0] and dim_data->output_npbst_.getBurst(0).fp16Data_[i] (0 and 12.9296875) are not same 0 19063

src/tests/KernelTestCases.cpp:52: Failure
2625temp_fp16[0] and dim_data->output_npbst_.getBurst(0).fp16Data_[i] (0 and -10.109375) are not same 0 51470

src/tests/KernelTestCases.cpp:52: Failure
2626temp_fp16[0] and dim_data->output_npbst_.getBurst(0).fp16Data_[i] (0 and 37.5625) are not same 0 20658

src/tests/KernelTestCases.cpp:52: Failure
2627temp_fp16[0] and dim_data->output_npbst_.getBurst(0).fp16Data_[i] (0 and -53.6875) are not same 0 53942

src/tests/KernelTestCases.cpp:52: Failure
2628temp_fp16[0] and dim_data->output_npbst_.getBurst(0).fp16Data_[i] (0 and -17.96875) are not same 0 52350

src/tests/KernelTestCases.cpp:52: Failure
2629temp_fp16[0] and dim_data->output_npbst_.getBurst(0).fp16Data_[i] (0 and 34.875) are not same 0 20572

src/tests/KernelTestCases.cpp:52: Failure
2630temp_fp16[0] and dim_data->output_npbst_.getBurst(0).fp16Data_[i] (0 and 3.203125) are not same 0 17000

src/tests/KernelTestCases.cpp:52: Failure
2631temp_fp16[0] and dim_data->output_npbst_.getBurst(0).fp16Data_[i] (0 and 62.125) are not same 0 21444

src/tests/KernelTestCases.cpp:52: Failure
2632temp_fp16[0] and dim_data->output_npbst_.getBurst(0).fp16Data_[i] (0 and 9.53125) are not same 0 18628

src/tests/KernelTestCases.cpp:52: Failure
2633temp_fp16[0] and dim_data->output_npbst_.getBurst(0).fp16Data_[i] (0 and 2.076171875) are not same 0 16423

src/tests/KernelTestCases.cpp:52: Failure
2634temp_fp16[0] and dim_data->output_npbst_.getBurst(0).fp16Data_[i] (0 and 9.6484375) are not same 0 18643

src/tests/KernelTestCases.cpp:52: Failure
2636temp_fp16[0] and dim_data->output_npbst_.getBurst(0).fp16Data_[i] (0 and 4.12109375) are not same 0 17439

src/tests/KernelTestCases.cpp:52: Failure
2637temp_fp16[0] and dim_data->output_npbst_.getBurst(0).fp16Data_[i] (0 and 21.125) are not same 0 19784

src/tests/KernelTestCases.cpp:52: Failure
2638temp_fp16[0] and dim_data->output_npbst_.getBurst(0).fp16Data_[i] (0 and -42.84375) are not same 0 53595

src/tests/KernelTestCases.cpp:52: Failure
2639temp_fp16[0] and dim_data->output_npbst_.getBurst(0).fp16Data_[i] (0 and 5.5234375) are not same 0 17798

src/tests/KernelTestCases.cpp:52: Failure
2640temp_fp16[0] and dim_data->output_npbst_.getBurst(0).fp16Data_[i] (0 and 13.9921875) are not same 0 19199

src/tests/KernelTestCases.cpp:52: Failure
2641temp_fp16[0] and dim_data->output_npbst_.getBurst(0).fp16Data_[i] (0 and -60.09375) are not same 0 54147

src/tests/KernelTestCases.cpp:52: Failure
2642temp_fp16[0] and dim_data->output_npbst_.getBurst(0).fp16Data_[i] (0 and 42.1875) are not same 0 20806

src/tests/KernelTestCases.cpp:52: Failure
2643temp_fp16[0] and dim_data->output_npbst_.getBurst(0).fp16Data_[i] (0 and 8.3203125) are not same 0 18473

src/tests/KernelTestCases.cpp:52: Failure
2644temp_fp16[0] and dim_data->output_npbst_.getBurst(0).fp16Data_[i] (0 and -38.9375) are not same 0 53470

src/tests/KernelTestCases.cpp:52: Failure
2645temp_fp16[0] and dim_data->output_npbst_.getBurst(0).fp16Data_[i] (0 and 46.75) are not same 0 20952

src/tests/KernelTestCases.cpp:52: Failure
2646temp_fp16[0] and dim_data->output_npbst_.getBurst(0).fp16Data_[i] (0 and 4.0234375) are not same 0 17414

src/tests/KernelTestCases.cpp:52: Failure
2647temp_fp16[0] and dim_data->output_npbst_.getBurst(0).fp16Data_[i] (0 and -67.0625) are not same 0 54321

src/tests/KernelTestCases.cpp:52: Failure
2648temp_fp16[0] and dim_data->output_npbst_.getBurst(0).fp16Data_[i] (0 and 5.80078125) are not same 0 17869

src/tests/KernelTestCases.cpp:52: Failure
2649temp_fp16[0] and dim_data->output_npbst_.getBurst(0).fp16Data_[i] (0 and 58.09375) are not same 0 21315

src/tests/KernelTestCases.cpp:52: Failure
2650temp_fp16[0] and dim_data->output_npbst_.getBurst(0).fp16Data_[i] (0 and 29.1875) are not same 0 20300

src/tests/KernelTestCases.cpp:52: Failure
2651temp_fp16[0] and dim_data->output_npbst_.getBurst(0).fp16Data_[i] (0 and 7.0625) are not same 0 18192

src/tests/KernelTestCases.cpp:52: Failure
2652temp_fp16[0] and dim_data->output_npbst_.getBurst(0).fp16Data_[i] (0 and -11.4609375) are not same 0 51643

src/tests/KernelTestCases.cpp:52: Failure
2653temp_fp16[0] and dim_data->output_npbst_.getBurst(0).fp16Data_[i] (0 and -39.59375) are not same 0 53491

src/tests/KernelTestCases.cpp:52: Failure
2654temp_fp16[0] and dim_data->output_npbst_.getBurst(0).fp16Data_[i] (0 and 4.8125) are not same 0 17616

src/tests/KernelTestCases.cpp:52: Failure
2655temp_fp16[0] and dim_data->output_npbst_.getBurst(0).fp16Data_[i] (0 and -14.0390625) are not same 0 51973

src/tests/KernelTestCases.cpp:52: Failure
2656temp_fp16[0] and dim_data->output_npbst_.getBurst(0).fp16Data_[i] (0 and 32.21875) are not same 0 20487

src/tests/KernelTestCases.cpp:52: Failure
2657temp_fp16[0] and dim_data->output_npbst_.getBurst(0).fp16Data_[i] (0 and 53.40625) are not same 0 21165

src/tests/KernelTestCases.cpp:52: Failure
2658temp_fp16[0] and dim_data->output_npbst_.getBurst(0).fp16Data_[i] (0 and -24.296875) are not same 0 52755

src/tests/KernelTestCases.cpp:52: Failure
2659temp_fp16[0] and dim_data->output_npbst_.getBurst(0).fp16Data_[i] (0 and -11.0625) are not same 0 51592

src/tests/KernelTestCases.cpp:52: Failure
2660temp_fp16[0] and dim_data->output_npbst_.getBurst(0).fp16Data_[i] (0 and 33.1875) are not same 0 20518

src/tests/KernelTestCases.cpp:52: Failure
2661temp_fp16[0] and dim_data->output_npbst_.getBurst(0).fp16Data_[i] (0 and 47.4375) are not same 0 20974

src/tests/KernelTestCases.cpp:52: Failure
2662temp_fp16[0] and dim_data->output_npbst_.getBurst(0).fp16Data_[i] (0 and -31.375) are not same 0 53208

src/tests/KernelTestCases.cpp:52: Failure
2663temp_fp16[0] and dim_data->output_npbst_.getBurst(0).fp16Data_[i] (0 and 18.53125) are not same 0 19618

src/tests/KernelTestCases.cpp:52: Failure
2664temp_fp16[0] and dim_data->output_npbst_.getBurst(0).fp16Data_[i] (0 and -8.90625) are not same 0 51316

src/tests/KernelTestCases.cpp:52: Failure
2665temp_fp16[0] and dim_data->output_npbst_.getBurst(0).fp16Data_[i] (0 and 6.4765625) are not same 0 18042

src/tests/KernelTestCases.cpp:52: Failure
2666temp_fp16[0] and dim_data->output_npbst_.getBurst(0).fp16Data_[i] (0 and 11.046875) are not same 0 18822

src/tests/KernelTestCases.cpp:52: Failure
2667temp_fp16[0] and dim_data->output_npbst_.getBurst(0).fp16Data_[i] (0 and 7.83203125) are not same 0 18389

src/tests/KernelTestCases.cpp:52: Failure
2668temp_fp16[0] and dim_data->output_npbst_.getBurst(0).fp16Data_[i] (0 and 21.953125) are not same 0 19837

src/tests/KernelTestCases.cpp:52: Failure
2669temp_fp16[0] and dim_data->output_npbst_.getBurst(0).fp16Data_[i] (0 and -39.46875) are not same 0 53487

src/tests/KernelTestCases.cpp:52: Failure
2670temp_fp16[0] and dim_data->output_npbst_.getBurst(0).fp16Data_[i] (0 and 8.2421875) are not same 0 18463

src/tests/KernelTestCases.cpp:52: Failure
2671temp_fp16[0] and dim_data->output_npbst_.getBurst(0).fp16Data_[i] (0 and 42.125) are not same 0 20804

src/tests/KernelTestCases.cpp:52: Failure
2672temp_fp16[0] and dim_data->output_npbst_.getBurst(0).fp16Data_[i] (0 and 11.859375) are not same 0 18926

src/tests/KernelTestCases.cpp:52: Failure
2673temp_fp16[0] and dim_data->output_npbst_.getBurst(0).fp16Data_[i] (0 and -6.171875) are not same 0 50732

src/tests/KernelTestCases.cpp:52: Failure
2674temp_fp16[0] and dim_data->output_npbst_.getBurst(0).fp16Data_[i] (0 and -17.671875) are not same 0 52331

src/tests/KernelTestCases.cpp:52: Failure
2675temp_fp16[0] and dim_data->output_npbst_.getBurst(0).fp16Data_[i] (0 and 2.80078125) are not same 0 16794

src/tests/KernelTestCases.cpp:52: Failure
2676temp_fp16[0] and dim_data->output_npbst_.getBurst(0).fp16Data_[i] (0 and -16.53125) are not same 0 52258

src/tests/KernelTestCases.cpp:52: Failure
2677temp_fp16[0] and dim_data->output_npbst_.getBurst(0).fp16Data_[i] (0 and -6.19140625) are not same 0 50737

src/tests/KernelTestCases.cpp:52: Failure
2678temp_fp16[0] and dim_data->output_npbst_.getBurst(0).fp16Data_[i] (0 and 28.640625) are not same 0 20265

src/tests/KernelTestCases.cpp:52: Failure
2679temp_fp16[0] and dim_data->output_npbst_.getBurst(0).fp16Data_[i] (0 and 30.3125) are not same 0 20372

src/tests/KernelTestCases.cpp:52: Failure
2680temp_fp16[0] and dim_data->output_npbst_.getBurst(0).fp16Data_[i] (0 and 7.4609375) are not same 0 18294

src/tests/KernelTestCases.cpp:52: Failure
2681temp_fp16[0] and dim_data->output_npbst_.getBurst(0).fp16Data_[i] (0 and 5.08984375) are not same 0 17687

src/tests/KernelTestCases.cpp:52: Failure
2682temp_fp16[0] and dim_data->output_npbst_.getBurst(0).fp16Data_[i] (0 and -40.8125) are not same 0 53530

src/tests/KernelTestCases.cpp:52: Failure
2683temp_fp16[0] and dim_data->output_npbst_.getBurst(0).fp16Data_[i] (0 and -82.875) are not same 0 54574

src/tests/KernelTestCases.cpp:52: Failure
2684temp_fp16[0] and dim_data->output_npbst_.getBurst(0).fp16Data_[i] (0 and -37.625) are not same 0 53428

src/tests/KernelTestCases.cpp:52: Failure
2685temp_fp16[0] and dim_data->output_npbst_.getBurst(0).fp16Data_[i] (0 and -50.40625) are not same 0 53837

src/tests/KernelTestCases.cpp:52: Failure
2686temp_fp16[0] and dim_data->output_npbst_.getBurst(0).fp16Data_[i] (0 and -16.71875) are not same 0 52270

src/tests/KernelTestCases.cpp:52: Failure
2687temp_fp16[0] and dim_data->output_npbst_.getBurst(0).fp16Data_[i] (0 and -16.53125) are not same 0 52258

src/tests/KernelTestCases.cpp:52: Failure
2688temp_fp16[0] and dim_data->output_npbst_.getBurst(0).fp16Data_[i] (0 and 17.0625) are not same 0 19524

src/tests/KernelTestCases.cpp:52: Failure
2689temp_fp16[0] and dim_data->output_npbst_.getBurst(0).fp16Data_[i] (0 and 42.125) are not same 0 20804

src/tests/KernelTestCases.cpp:52: Failure
2690temp_fp16[0] and dim_data->output_npbst_.getBurst(0).fp16Data_[i] (0 and -9.2265625) are not same 0 51357

src/tests/KernelTestCases.cpp:52: Failure
2691temp_fp16[0] and dim_data->output_npbst_.getBurst(0).fp16Data_[i] (0 and -25.953125) are not same 0 52861

src/tests/KernelTestCases.cpp:52: Failure
2692temp_fp16[0] and dim_data->output_npbst_.getBurst(0).fp16Data_[i] (0 and -39.34375) are not same 0 53483

src/tests/KernelTestCases.cpp:52: Failure
2693temp_fp16[0] and dim_data->output_npbst_.getBurst(0).fp16Data_[i] (0 and -1.46484375) are not same 0 48604

src/tests/KernelTestCases.cpp:52: Failure
2694temp_fp16[0] and dim_data->output_npbst_.getBurst(0).fp16Data_[i] (0 and 30.8125) are not same 0 20404

src/tests/KernelTestCases.cpp:52: Failure
2695temp_fp16[0] and dim_data->output_npbst_.getBurst(0).fp16Data_[i] (0 and -20.390625) are not same 0 52505

src/tests/KernelTestCases.cpp:52: Failure
2696temp_fp16[0] and dim_data->output_npbst_.getBurst(0).fp16Data_[i] (0 and 33.0625) are not same 0 20514

src/tests/KernelTestCases.cpp:52: Failure
2697temp_fp16[0] and dim_data->output_npbst_.getBurst(0).fp16Data_[i] (0 and -47.5625) are not same 0 53746

src/tests/KernelTestCases.cpp:52: Failure
2698temp_fp16[0] and dim_data->output_npbst_.getBurst(0).fp16Data_[i] (0 and 37.6875) are not same 0 20662

src/tests/KernelTestCases.cpp:52: Failure
2699temp_fp16[0] and dim_data->output_npbst_.getBurst(0).fp16Data_[i] (0 and -12.5703125) are not same 0 51785

src/tests/KernelTestCases.cpp:52: Failure
2700temp_fp16[0] and dim_data->output_npbst_.getBurst(0).fp16Data_[i] (0 and 49.34375) are not same 0 21035

src/tests/KernelTestCases.cpp:52: Failure
2701temp_fp16[0] and dim_data->output_npbst_.getBurst(0).fp16Data_[i] (0 and -36.21875) are not same 0 53383

src/tests/KernelTestCases.cpp:52: Failure
2702temp_fp16[0] and dim_data->output_npbst_.getBurst(0).fp16Data_[i] (0 and 31.078125) are not same 0 20421

src/tests/KernelTestCases.cpp:52: Failure
2703temp_fp16[0] and dim_data->output_npbst_.getBurst(0).fp16Data_[i] (0 and 53.65625) are not same 0 21173

src/tests/KernelTestCases.cpp:52: Failure
2704temp_fp16[0] and dim_data->output_npbst_.getBurst(0).fp16Data_[i] (0 and 34.15625) are not same 0 20549

src/tests/KernelTestCases.cpp:52: Failure
2705temp_fp16[0] and dim_data->output_npbst_.getBurst(0).fp16Data_[i] (0 and 23.15625) are not same 0 19914

src/tests/KernelTestCases.cpp:52: Failure
2706temp_fp16[0] and dim_data->output_npbst_.getBurst(0).fp16Data_[i] (0 and -54.28125) are not same 0 53961

src/tests/KernelTestCases.cpp:52: Failure
2707temp_fp16[0] and dim_data->output_npbst_.getBurst(0).fp16Data_[i] (0 and -1.2568359375) are not same 0 48391

src/tests/KernelTestCases.cpp:52: Failure
2708temp_fp16[0] and dim_data->output_npbst_.getBurst(0).fp16Data_[i] (0 and -62.125) are not same 0 54212

src/tests/KernelTestCases.cpp:52: Failure
2709temp_fp16[0] and dim_data->output_npbst_.getBurst(0).fp16Data_[i] (0 and 33.3125) are not same 0 20522

src/tests/KernelTestCases.cpp:52: Failure
2711temp_fp16[0] and dim_data->output_npbst_.getBurst(0).fp16Data_[i] (0 and 4.33984375) are not same 0 17495

src/tests/KernelTestCases.cpp:52: Failure
2712temp_fp16[0] and dim_data->output_npbst_.getBurst(0).fp16Data_[i] (0 and 37.1875) are not same 0 20646

src/tests/KernelTestCases.cpp:52: Failure
2713temp_fp16[0] and dim_data->output_npbst_.getBurst(0).fp16Data_[i] (0 and -22.234375) are not same 0 52623

src/tests/KernelTestCases.cpp:52: Failure
2714temp_fp16[0] and dim_data->output_npbst_.getBurst(0).fp16Data_[i] (0 and -7.93359375) are not same 0 51183

src/tests/KernelTestCases.cpp:52: Failure
2715temp_fp16[0] and dim_data->output_npbst_.getBurst(0).fp16Data_[i] (0 and 22.609375) are not same 0 19879

src/tests/KernelTestCases.cpp:52: Failure
2716temp_fp16[0] and dim_data->output_npbst_.getBurst(0).fp16Data_[i] (0 and -5.10546875) are not same 0 50459

src/tests/KernelTestCases.cpp:52: Failure
2717temp_fp16[0] and dim_data->output_npbst_.getBurst(0).fp16Data_[i] (0 and 39.1875) are not same 0 20710

src/tests/KernelTestCases.cpp:52: Failure
2718temp_fp16[0] and dim_data->output_npbst_.getBurst(0).fp16Data_[i] (0 and 73.4375) are not same 0 21655

src/tests/KernelTestCases.cpp:52: Failure
2719temp_fp16[0] and dim_data->output_npbst_.getBurst(0).fp16Data_[i] (0 and 6.40625) are not same 0 18024

src/tests/KernelTestCases.cpp:52: Failure
2720temp_fp16[0] and dim_data->output_npbst_.getBurst(0).fp16Data_[i] (0 and -11.234375) are not same 0 51614

src/tests/KernelTestCases.cpp:52: Failure
2721temp_fp16[0] and dim_data->output_npbst_.getBurst(0).fp16Data_[i] (0 and -28.421875) are not same 0 53019

src/tests/KernelTestCases.cpp:52: Failure
2722temp_fp16[0] and dim_data->output_npbst_.getBurst(0).fp16Data_[i] (0 and -10.1171875) are not same 0 51471

src/tests/KernelTestCases.cpp:52: Failure
2723temp_fp16[0] and dim_data->output_npbst_.getBurst(0).fp16Data_[i] (0 and -8.3203125) are not same 0 51241

src/tests/KernelTestCases.cpp:52: Failure
2724temp_fp16[0] and dim_data->output_npbst_.getBurst(0).fp16Data_[i] (0 and -12.734375) are not same 0 51806

src/tests/KernelTestCases.cpp:52: Failure
2725temp_fp16[0] and dim_data->output_npbst_.getBurst(0).fp16Data_[i] (0 and -32.625) are not same 0 53268

src/tests/KernelTestCases.cpp:52: Failure
2726temp_fp16[0] and dim_data->output_npbst_.getBurst(0).fp16Data_[i] (0 and -24.140625) are not same 0 52745

src/tests/KernelTestCases.cpp:52: Failure
2727temp_fp16[0] and dim_data->output_npbst_.getBurst(0).fp16Data_[i] (0 and 53) are not same 0 21152

src/tests/KernelTestCases.cpp:52: Failure
2728temp_fp16[0] and dim_data->output_npbst_.getBurst(0).fp16Data_[i] (0 and 28.390625) are not same 0 20249

src/tests/KernelTestCases.cpp:52: Failure
2729temp_fp16[0] and dim_data->output_npbst_.getBurst(0).fp16Data_[i] (0 and 28.953125) are not same 0 20285

src/tests/KernelTestCases.cpp:52: Failure
2730temp_fp16[0] and dim_data->output_npbst_.getBurst(0).fp16Data_[i] (0 and 17.46875) are not same 0 19550

src/tests/KernelTestCases.cpp:52: Failure
2731temp_fp16[0] and dim_data->output_npbst_.getBurst(0).fp16Data_[i] (0 and -14.0859375) are not same 0 51979

src/tests/KernelTestCases.cpp:52: Failure
2732temp_fp16[0] and dim_data->output_npbst_.getBurst(0).fp16Data_[i] (0 and -22.578125) are not same 0 52645

src/tests/KernelTestCases.cpp:52: Failure
2733temp_fp16[0] and dim_data->output_npbst_.getBurst(0).fp16Data_[i] (0 and -36.09375) are not same 0 53379

src/tests/KernelTestCases.cpp:52: Failure
2734temp_fp16[0] and dim_data->output_npbst_.getBurst(0).fp16Data_[i] (0 and -41.53125) are not same 0 53553

src/tests/KernelTestCases.cpp:52: Failure
2735temp_fp16[0] and dim_data->output_npbst_.getBurst(0).fp16Data_[i] (0 and 20.0625) are not same 0 19716

src/tests/KernelTestCases.cpp:52: Failure
2736temp_fp16[0] and dim_data->output_npbst_.getBurst(0).fp16Data_[i] (0 and -6.62109375) are not same 0 50847

src/tests/KernelTestCases.cpp:52: Failure
2737temp_fp16[0] and dim_data->output_npbst_.getBurst(0).fp16Data_[i] (0 and 62) are not same 0 21440

src/tests/KernelTestCases.cpp:52: Failure
2738temp_fp16[0] and dim_data->output_npbst_.getBurst(0).fp16Data_[i] (0 and -4.6953125) are not same 0 50354

src/tests/KernelTestCases.cpp:52: Failure
2739temp_fp16[0] and dim_data->output_npbst_.getBurst(0).fp16Data_[i] (0 and 30.921875) are not same 0 20411

src/tests/KernelTestCases.cpp:52: Failure
2740temp_fp16[0] and dim_data->output_npbst_.getBurst(0).fp16Data_[i] (0 and -1.9931640625) are not same 0 49145

src/tests/KernelTestCases.cpp:52: Failure
2741temp_fp16[0] and dim_data->output_npbst_.getBurst(0).fp16Data_[i] (0 and -14.390625) are not same 0 52018

src/tests/KernelTestCases.cpp:52: Failure
2742temp_fp16[0] and dim_data->output_npbst_.getBurst(0).fp16Data_[i] (0 and 71.875) are not same 0 21630

src/tests/KernelTestCases.cpp:52: Failure
2743temp_fp16[0] and dim_data->output_npbst_.getBurst(0).fp16Data_[i] (0 and 5.1015625) are not same 0 17690

src/tests/KernelTestCases.cpp:52: Failure
2744temp_fp16[0] and dim_data->output_npbst_.getBurst(0).fp16Data_[i] (0 and -28.71875) are not same 0 53038

src/tests/KernelTestCases.cpp:52: Failure
2745temp_fp16[0] and dim_data->output_npbst_.getBurst(0).fp16Data_[i] (0 and -22.453125) are not same 0 52637

src/tests/KernelTestCases.cpp:52: Failure
2746temp_fp16[0] and dim_data->output_npbst_.getBurst(0).fp16Data_[i] (0 and -2.8203125) are not same 0 49572

src/tests/KernelTestCases.cpp:52: Failure
2747temp_fp16[0] and dim_data->output_npbst_.getBurst(0).fp16Data_[i] (0 and 15.359375) are not same 0 19374

src/tests/KernelTestCases.cpp:52: Failure
2748temp_fp16[0] and dim_data->output_npbst_.getBurst(0).fp16Data_[i] (0 and 20.4375) are not same 0 19740

src/tests/KernelTestCases.cpp:52: Failure
2749temp_fp16[0] and dim_data->output_npbst_.getBurst(0).fp16Data_[i] (0 and 0.93505859375) are not same 0 15227

src/tests/KernelTestCases.cpp:52: Failure
2750temp_fp16[0] and dim_data->output_npbst_.getBurst(0).fp16Data_[i] (0 and -38.375) are not same 0 53452

src/tests/KernelTestCases.cpp:52: Failure
2751temp_fp16[0] and dim_data->output_npbst_.getBurst(0).fp16Data_[i] (0 and -13.8828125) are not same 0 51953

src/tests/KernelTestCases.cpp:52: Failure
2752temp_fp16[0] and dim_data->output_npbst_.getBurst(0).fp16Data_[i] (0 and -48.1875) are not same 0 53766

src/tests/KernelTestCases.cpp:52: Failure
2753temp_fp16[0] and dim_data->output_npbst_.getBurst(0).fp16Data_[i] (0 and 11.890625) are not same 0 18930

src/tests/KernelTestCases.cpp:52: Failure
2754temp_fp16[0] and dim_data->output_npbst_.getBurst(0).fp16Data_[i] (0 and -4.8203125) are not same 0 50386

src/tests/KernelTestCases.cpp:52: Failure
2755temp_fp16[0] and dim_data->output_npbst_.getBurst(0).fp16Data_[i] (0 and -32.1875) are not same 0 53254

src/tests/KernelTestCases.cpp:52: Failure
2756temp_fp16[0] and dim_data->output_npbst_.getBurst(0).fp16Data_[i] (0 and -56.9375) are not same 0 54046

src/tests/KernelTestCases.cpp:52: Failure
2757temp_fp16[0] and dim_data->output_npbst_.getBurst(0).fp16Data_[i] (0 and -36.4375) are not same 0 53390

src/tests/KernelTestCases.cpp:52: Failure
2758temp_fp16[0] and dim_data->output_npbst_.getBurst(0).fp16Data_[i] (0 and -17.484375) are not same 0 52319

src/tests/KernelTestCases.cpp:52: Failure
2759temp_fp16[0] and dim_data->output_npbst_.getBurst(0).fp16Data_[i] (0 and 27.59375) are not same 0 20198

src/tests/KernelTestCases.cpp:52: Failure
2760temp_fp16[0] and dim_data->output_npbst_.getBurst(0).fp16Data_[i] (0 and 21.546875) are not same 0 19811

src/tests/KernelTestCases.cpp:52: Failure
2761temp_fp16[0] and dim_data->output_npbst_.getBurst(0).fp16Data_[i] (0 and -7.63671875) are not same 0 51107

src/tests/KernelTestCases.cpp:52: Failure
2762temp_fp16[0] and dim_data->output_npbst_.getBurst(0).fp16Data_[i] (0 and -1.46875) are not same 0 48608

src/tests/KernelTestCases.cpp:52: Failure
2763temp_fp16[0] and dim_data->output_npbst_.getBurst(0).fp16Data_[i] (0 and -7.32421875) are not same 0 51027

src/tests/KernelTestCases.cpp:52: Failure
2764temp_fp16[0] and dim_data->output_npbst_.getBurst(0).fp16Data_[i] (0 and -21.515625) are not same 0 52577

src/tests/KernelTestCases.cpp:52: Failure
2765temp_fp16[0] and dim_data->output_npbst_.getBurst(0).fp16Data_[i] (0 and -11.1015625) are not same 0 51597

src/tests/KernelTestCases.cpp:52: Failure
2766temp_fp16[0] and dim_data->output_npbst_.getBurst(0).fp16Data_[i] (0 and -31.140625) are not same 0 53193

src/tests/KernelTestCases.cpp:52: Failure
2767temp_fp16[0] and dim_data->output_npbst_.getBurst(0).fp16Data_[i] (0 and -33.5625) are not same 0 53298

src/tests/KernelTestCases.cpp:52: Failure
2768temp_fp16[0] and dim_data->output_npbst_.getBurst(0).fp16Data_[i] (0 and -61.4375) are not same 0 54190

src/tests/KernelTestCases.cpp:52: Failure
2769temp_fp16[0] and dim_data->output_npbst_.getBurst(0).fp16Data_[i] (0 and 1.81640625) are not same 0 16196

src/tests/KernelTestCases.cpp:52: Failure
2770temp_fp16[0] and dim_data->output_npbst_.getBurst(0).fp16Data_[i] (0 and 8.78125) are not same 0 18532

src/tests/KernelTestCases.cpp:52: Failure
2771temp_fp16[0] and dim_data->output_npbst_.getBurst(0).fp16Data_[i] (0 and 4.33203125) are not same 0 17493

src/tests/KernelTestCases.cpp:52: Failure
2772temp_fp16[0] and dim_data->output_npbst_.getBurst(0).fp16Data_[i] (0 and -12.484375) are not same 0 51774

src/tests/KernelTestCases.cpp:52: Failure
2773temp_fp16[0] and dim_data->output_npbst_.getBurst(0).fp16Data_[i] (0 and -13.53125) are not same 0 51908

src/tests/KernelTestCases.cpp:52: Failure
2774temp_fp16[0] and dim_data->output_npbst_.getBurst(0).fp16Data_[i] (0 and -7.1875) are not same 0 50992

src/tests/KernelTestCases.cpp:52: Failure
2775temp_fp16[0] and dim_data->output_npbst_.getBurst(0).fp16Data_[i] (0 and -7.08984375) are not same 0 50967

src/tests/KernelTestCases.cpp:52: Failure
2776temp_fp16[0] and dim_data->output_npbst_.getBurst(0).fp16Data_[i] (0 and 10.328125) are not same 0 18730

src/tests/KernelTestCases.cpp:52: Failure
2777temp_fp16[0] and dim_data->output_npbst_.getBurst(0).fp16Data_[i] (0 and -1.6689453125) are not same 0 48813

src/tests/KernelTestCases.cpp:52: Failure
2778temp_fp16[0] and dim_data->output_npbst_.getBurst(0).fp16Data_[i] (0 and -21.890625) are not same 0 52601

src/tests/KernelTestCases.cpp:52: Failure
2779temp_fp16[0] and dim_data->output_npbst_.getBurst(0).fp16Data_[i] (0 and -67.8125) are not same 0 54333

src/tests/KernelTestCases.cpp:52: Failure
2780temp_fp16[0] and dim_data->output_npbst_.getBurst(0).fp16Data_[i] (0 and -23.984375) are not same 0 52735

src/tests/KernelTestCases.cpp:52: Failure
2781temp_fp16[0] and dim_data->output_npbst_.getBurst(0).fp16Data_[i] (0 and 3.796875) are not same 0 17304

src/tests/KernelTestCases.cpp:52: Failure
2782temp_fp16[0] and dim_data->output_npbst_.getBurst(0).fp16Data_[i] (0 and -6.56640625) are not same 0 50833

src/tests/KernelTestCases.cpp:52: Failure
2783temp_fp16[0] and dim_data->output_npbst_.getBurst(0).fp16Data_[i] (0 and -27.265625) are not same 0 52945

src/tests/KernelTestCases.cpp:52: Failure
2784temp_fp16[0] and dim_data->output_npbst_.getBurst(0).fp16Data_[i] (0 and 29.8125) are not same 0 20340

src/tests/KernelTestCases.cpp:52: Failure
2785temp_fp16[0] and dim_data->output_npbst_.getBurst(0).fp16Data_[i] (0 and -16.609375) are not same 0 52263

src/tests/KernelTestCases.cpp:52: Failure
2786temp_fp16[0] and dim_data->output_npbst_.getBurst(0).fp16Data_[i] (0 and 16.1875) are not same 0 19468

src/tests/KernelTestCases.cpp:52: Failure
2787temp_fp16[0] and dim_data->output_npbst_.getBurst(0).fp16Data_[i] (0 and -3.60546875) are not same 0 49974

src/tests/KernelTestCases.cpp:52: Failure
2788temp_fp16[0] and dim_data->output_npbst_.getBurst(0).fp16Data_[i] (0 and -19.03125) are not same 0 52418

src/tests/KernelTestCases.cpp:52: Failure
2789temp_fp16[0] and dim_data->output_npbst_.getBurst(0).fp16Data_[i] (0 and -86.375) are not same 0 54630

src/tests/KernelTestCases.cpp:52: Failure
2790temp_fp16[0] and dim_data->output_npbst_.getBurst(0).fp16Data_[i] (0 and 49.8125) are not same 0 21050

src/tests/KernelTestCases.cpp:52: Failure
2791temp_fp16[0] and dim_data->output_npbst_.getBurst(0).fp16Data_[i] (0 and 15.6328125) are not same 0 19409

src/tests/KernelTestCases.cpp:52: Failure
2792temp_fp16[0] and dim_data->output_npbst_.getBurst(0).fp16Data_[i] (0 and 35.5) are not same 0 20592

src/tests/KernelTestCases.cpp:52: Failure
2793temp_fp16[0] and dim_data->output_npbst_.getBurst(0).fp16Data_[i] (0 and 8.9296875) are not same 0 18551

src/tests/KernelTestCases.cpp:52: Failure
2794temp_fp16[0] and dim_data->output_npbst_.getBurst(0).fp16Data_[i] (0 and 6.0078125) are not same 0 17922

src/tests/KernelTestCases.cpp:52: Failure
2795temp_fp16[0] and dim_data->output_npbst_.getBurst(0).fp16Data_[i] (0 and 48.53125) are not same 0 21009

src/tests/KernelTestCases.cpp:52: Failure
2796temp_fp16[0] and dim_data->output_npbst_.getBurst(0).fp16Data_[i] (0 and 81.1875) are not same 0 21779

src/tests/KernelTestCases.cpp:52: Failure
2797temp_fp16[0] and dim_data->output_npbst_.getBurst(0).fp16Data_[i] (0 and -36.03125) are not same 0 53377

src/tests/KernelTestCases.cpp:52: Failure
2798temp_fp16[0] and dim_data->output_npbst_.getBurst(0).fp16Data_[i] (0 and -1.779296875) are not same 0 48926

src/tests/KernelTestCases.cpp:52: Failure
2799temp_fp16[0] and dim_data->output_npbst_.getBurst(0).fp16Data_[i] (0 and 11.3046875) are not same 0 18855

src/tests/KernelTestCases.cpp:52: Failure
2800temp_fp16[0] and dim_data->output_npbst_.getBurst(0).fp16Data_[i] (0 and 71.5625) are not same 0 21625

src/tests/KernelTestCases.cpp:52: Failure
2801temp_fp16[0] and dim_data->output_npbst_.getBurst(0).fp16Data_[i] (0 and -20.6875) are not same 0 52524

src/tests/KernelTestCases.cpp:52: Failure
2802temp_fp16[0] and dim_data->output_npbst_.getBurst(0).fp16Data_[i] (0 and -1.6845703125) are not same 0 48829

src/tests/KernelTestCases.cpp:52: Failure
2803temp_fp16[0] and dim_data->output_npbst_.getBurst(0).fp16Data_[i] (0 and -40.84375) are not same 0 53531

src/tests/KernelTestCases.cpp:52: Failure
2804temp_fp16[0] and dim_data->output_npbst_.getBurst(0).fp16Data_[i] (0 and -2.578125) are not same 0 49448

src/tests/KernelTestCases.cpp:52: Failure
2805temp_fp16[0] and dim_data->output_npbst_.getBurst(0).fp16Data_[i] (0 and 19) are not same 0 19648

src/tests/KernelTestCases.cpp:52: Failure
2806temp_fp16[0] and dim_data->output_npbst_.getBurst(0).fp16Data_[i] (0 and -37.03125) are not same 0 53409

src/tests/KernelTestCases.cpp:52: Failure
2807temp_fp16[0] and dim_data->output_npbst_.getBurst(0).fp16Data_[i] (0 and -19.296875) are not same 0 52435

src/tests/KernelTestCases.cpp:52: Failure
2808temp_fp16[0] and dim_data->output_npbst_.getBurst(0).fp16Data_[i] (0 and -27.203125) are not same 0 52941

src/tests/KernelTestCases.cpp:52: Failure
2809temp_fp16[0] and dim_data->output_npbst_.getBurst(0).fp16Data_[i] (0 and -36.28125) are not same 0 53385

src/tests/KernelTestCases.cpp:52: Failure
2810temp_fp16[0] and dim_data->output_npbst_.getBurst(0).fp16Data_[i] (0 and -20.828125) are not same 0 52533

src/tests/KernelTestCases.cpp:52: Failure
2811temp_fp16[0] and dim_data->output_npbst_.getBurst(0).fp16Data_[i] (0 and 13.1171875) are not same 0 19087

src/tests/KernelTestCases.cpp:52: Failure
2812temp_fp16[0] and dim_data->output_npbst_.getBurst(0).fp16Data_[i] (0 and 19.828125) are not same 0 19701

src/tests/KernelTestCases.cpp:52: Failure
2813temp_fp16[0] and dim_data->output_npbst_.getBurst(0).fp16Data_[i] (0 and -27.3125) are not same 0 52948

src/tests/KernelTestCases.cpp:52: Failure
2814temp_fp16[0] and dim_data->output_npbst_.getBurst(0).fp16Data_[i] (0 and -8.375) are not same 0 51248

src/tests/KernelTestCases.cpp:52: Failure
2815temp_fp16[0] and dim_data->output_npbst_.getBurst(0).fp16Data_[i] (0 and -4.28125) are not same 0 50248

src/tests/KernelTestCases.cpp:52: Failure
2816temp_fp16[0] and dim_data->output_npbst_.getBurst(0).fp16Data_[i] (0 and 31.625) are not same 0 20456

src/tests/KernelTestCases.cpp:52: Failure
2817temp_fp16[0] and dim_data->output_npbst_.getBurst(0).fp16Data_[i] (0 and 10.734375) are not same 0 18782

src/tests/KernelTestCases.cpp:52: Failure
2818temp_fp16[0] and dim_data->output_npbst_.getBurst(0).fp16Data_[i] (0 and 19.703125) are not same 0 19693

src/tests/KernelTestCases.cpp:52: Failure
2819temp_fp16[0] and dim_data->output_npbst_.getBurst(0).fp16Data_[i] (0 and -17.09375) are not same 0 52294

src/tests/KernelTestCases.cpp:52: Failure
2820temp_fp16[0] and dim_data->output_npbst_.getBurst(0).fp16Data_[i] (0 and -52.3125) are not same 0 53898

src/tests/KernelTestCases.cpp:52: Failure
2821temp_fp16[0] and dim_data->output_npbst_.getBurst(0).fp16Data_[i] (0 and 9.03125) are not same 0 18564

src/tests/KernelTestCases.cpp:52: Failure
2822temp_fp16[0] and dim_data->output_npbst_.getBurst(0).fp16Data_[i] (0 and 3.498046875) are not same 0 17151

src/tests/KernelTestCases.cpp:52: Failure
2823temp_fp16[0] and dim_data->output_npbst_.getBurst(0).fp16Data_[i] (0 and -25.203125) are not same 0 52813

src/tests/KernelTestCases.cpp:52: Failure
2824temp_fp16[0] and dim_data->output_npbst_.getBurst(0).fp16Data_[i] (0 and -1.62109375) are not same 0 48764

src/tests/KernelTestCases.cpp:52: Failure
2825temp_fp16[0] and dim_data->output_npbst_.getBurst(0).fp16Data_[i] (0 and 17.203125) are not same 0 19533

src/tests/KernelTestCases.cpp:52: Failure
2826temp_fp16[0] and dim_data->output_npbst_.getBurst(0).fp16Data_[i] (0 and -55.09375) are not same 0 53987

src/tests/KernelTestCases.cpp:52: Failure
2827temp_fp16[0] and dim_data->output_npbst_.getBurst(0).fp16Data_[i] (0 and -36.6875) are not same 0 53398

src/tests/KernelTestCases.cpp:52: Failure
2828temp_fp16[0] and dim_data->output_npbst_.getBurst(0).fp16Data_[i] (0 and -35.3125) are not same 0 53354

src/tests/KernelTestCases.cpp:52: Failure
2829temp_fp16[0] and dim_data->output_npbst_.getBurst(0).fp16Data_[i] (0 and -15.8046875) are not same 0 52199

src/tests/KernelTestCases.cpp:52: Failure
2830temp_fp16[0] and dim_data->output_npbst_.getBurst(0).fp16Data_[i] (0 and -75.8125) are not same 0 54461

src/tests/KernelTestCases.cpp:52: Failure
2831temp_fp16[0] and dim_data->output_npbst_.getBurst(0).fp16Data_[i] (0 and 1.21875) are not same 0 15584

src/tests/KernelTestCases.cpp:52: Failure
2832temp_fp16[0] and dim_data->output_npbst_.getBurst(0).fp16Data_[i] (0 and -74.1875) are not same 0 54435

src/tests/KernelTestCases.cpp:52: Failure
2833temp_fp16[0] and dim_data->output_npbst_.getBurst(0).fp16Data_[i] (0 and -9.34375) are not same 0 51372

src/tests/KernelTestCases.cpp:52: Failure
2834temp_fp16[0] and dim_data->output_npbst_.getBurst(0).fp16Data_[i] (0 and -26.21875) are not same 0 52878

src/tests/KernelTestCases.cpp:52: Failure
2835temp_fp16[0] and dim_data->output_npbst_.getBurst(0).fp16Data_[i] (0 and -10.984375) are not same 0 51582

src/tests/KernelTestCases.cpp:52: Failure
2836temp_fp16[0] and dim_data->output_npbst_.getBurst(0).fp16Data_[i] (0 and -43.9375) are not same 0 53630

src/tests/KernelTestCases.cpp:52: Failure
2837temp_fp16[0] and dim_data->output_npbst_.getBurst(0).fp16Data_[i] (0 and -7.5234375) are not same 0 51078

src/tests/KernelTestCases.cpp:52: Failure
2838temp_fp16[0] and dim_data->output_npbst_.getBurst(0).fp16Data_[i] (0 and 19.703125) are not same 0 19693

src/tests/KernelTestCases.cpp:52: Failure
2839temp_fp16[0] and dim_data->output_npbst_.getBurst(0).fp16Data_[i] (0 and 37.78125) are not same 0 20665

src/tests/KernelTestCases.cpp:52: Failure
2840temp_fp16[0] and dim_data->output_npbst_.getBurst(0).fp16Data_[i] (0 and -14.3828125) are not same 0 52017

src/tests/KernelTestCases.cpp:52: Failure
2841temp_fp16[0] and dim_data->output_npbst_.getBurst(0).fp16Data_[i] (0 and -24.515625) are not same 0 52769

src/tests/KernelTestCases.cpp:52: Failure
2842temp_fp16[0] and dim_data->output_npbst_.getBurst(0).fp16Data_[i] (0 and 24.40625) are not same 0 19994

src/tests/KernelTestCases.cpp:52: Failure
2843temp_fp16[0] and dim_data->output_npbst_.getBurst(0).fp16Data_[i] (0 and 33.125) are not same 0 20516

src/tests/KernelTestCases.cpp:52: Failure
2844temp_fp16[0] and dim_data->output_npbst_.getBurst(0).fp16Data_[i] (0 and -18.171875) are not same 0 52363

src/tests/KernelTestCases.cpp:52: Failure
2845temp_fp16[0] and dim_data->output_npbst_.getBurst(0).fp16Data_[i] (0 and 26.015625) are not same 0 20097

src/tests/KernelTestCases.cpp:52: Failure
2846temp_fp16[0] and dim_data->output_npbst_.getBurst(0).fp16Data_[i] (0 and -30.546875) are not same 0 53155

src/tests/KernelTestCases.cpp:52: Failure
2847temp_fp16[0] and dim_data->output_npbst_.getBurst(0).fp16Data_[i] (0 and -36.15625) are not same 0 53381

src/tests/KernelTestCases.cpp:52: Failure
2848temp_fp16[0] and dim_data->output_npbst_.getBurst(0).fp16Data_[i] (0 and -2.802734375) are not same 0 49563

src/tests/KernelTestCases.cpp:52: Failure
2849temp_fp16[0] and dim_data->output_npbst_.getBurst(0).fp16Data_[i] (0 and -14.109375) are not same 0 51982

src/tests/KernelTestCases.cpp:52: Failure
2850temp_fp16[0] and dim_data->output_npbst_.getBurst(0).fp16Data_[i] (0 and 20.21875) are not same 0 19726

src/tests/KernelTestCases.cpp:52: Failure
2851temp_fp16[0] and dim_data->output_npbst_.getBurst(0).fp16Data_[i] (0 and -35.8125) are not same 0 53370

src/tests/KernelTestCases.cpp:52: Failure
2852temp_fp16[0] and dim_data->output_npbst_.getBurst(0).fp16Data_[i] (0 and 20.671875) are not same 0 19755

src/tests/KernelTestCases.cpp:52: Failure
2853temp_fp16[0] and dim_data->output_npbst_.getBurst(0).fp16Data_[i] (0 and 53.6875) are not same 0 21174

src/tests/KernelTestCases.cpp:52: Failure
2854temp_fp16[0] and dim_data->output_npbst_.getBurst(0).fp16Data_[i] (0 and 19.078125) are not same 0 19653

src/tests/KernelTestCases.cpp:52: Failure
2855temp_fp16[0] and dim_data->output_npbst_.getBurst(0).fp16Data_[i] (0 and -16.84375) are not same 0 52278

src/tests/KernelTestCases.cpp:52: Failure
2856temp_fp16[0] and dim_data->output_npbst_.getBurst(0).fp16Data_[i] (0 and -13.203125) are not same 0 51866

src/tests/KernelTestCases.cpp:52: Failure
2857temp_fp16[0] and dim_data->output_npbst_.getBurst(0).fp16Data_[i] (0 and 19.078125) are not same 0 19653

src/tests/KernelTestCases.cpp:52: Failure
2858temp_fp16[0] and dim_data->output_npbst_.getBurst(0).fp16Data_[i] (0 and -22.65625) are not same 0 52650

src/tests/KernelTestCases.cpp:52: Failure
2859temp_fp16[0] and dim_data->output_npbst_.getBurst(0).fp16Data_[i] (0 and -54.21875) are not same 0 53959

src/tests/KernelTestCases.cpp:52: Failure
2860temp_fp16[0] and dim_data->output_npbst_.getBurst(0).fp16Data_[i] (0 and -5.9921875) are not same 0 50686

src/tests/KernelTestCases.cpp:52: Failure
2861temp_fp16[0] and dim_data->output_npbst_.getBurst(0).fp16Data_[i] (0 and 26.03125) are not same 0 20098

src/tests/KernelTestCases.cpp:52: Failure
2862temp_fp16[0] and dim_data->output_npbst_.getBurst(0).fp16Data_[i] (0 and -57.9375) are not same 0 54078

src/tests/KernelTestCases.cpp:52: Failure
2863temp_fp16[0] and dim_data->output_npbst_.getBurst(0).fp16Data_[i] (0 and -18.140625) are not same 0 52361

src/tests/KernelTestCases.cpp:52: Failure
2864temp_fp16[0] and dim_data->output_npbst_.getBurst(0).fp16Data_[i] (0 and -5.91015625) are not same 0 50665

src/tests/KernelTestCases.cpp:52: Failure
2865temp_fp16[0] and dim_data->output_npbst_.getBurst(0).fp16Data_[i] (0 and 38.09375) are not same 0 20675

src/tests/KernelTestCases.cpp:52: Failure
2866temp_fp16[0] and dim_data->output_npbst_.getBurst(0).fp16Data_[i] (0 and 66.9375) are not same 0 21551

src/tests/KernelTestCases.cpp:52: Failure
2867temp_fp16[0] and dim_data->output_npbst_.getBurst(0).fp16Data_[i] (0 and 34.84375) are not same 0 20571

src/tests/KernelTestCases.cpp:52: Failure
2868temp_fp16[0] and dim_data->output_npbst_.getBurst(0).fp16Data_[i] (0 and 45.96875) are not same 0 20927

src/tests/KernelTestCases.cpp:52: Failure
2869temp_fp16[0] and dim_data->output_npbst_.getBurst(0).fp16Data_[i] (0 and -15.5078125) are not same 0 52161

src/tests/KernelTestCases.cpp:52: Failure
2870temp_fp16[0] and dim_data->output_npbst_.getBurst(0).fp16Data_[i] (0 and 9.4453125) are not same 0 18617

src/tests/KernelTestCases.cpp:52: Failure
2871temp_fp16[0] and dim_data->output_npbst_.getBurst(0).fp16Data_[i] (0 and 33.4375) are not same 0 20526

src/tests/KernelTestCases.cpp:52: Failure
2872temp_fp16[0] and dim_data->output_npbst_.getBurst(0).fp16Data_[i] (0 and -51.125) are not same 0 53860

src/tests/KernelTestCases.cpp:52: Failure
2873temp_fp16[0] and dim_data->output_npbst_.getBurst(0).fp16Data_[i] (0 and -17.921875) are not same 0 52347

src/tests/KernelTestCases.cpp:52: Failure
2874temp_fp16[0] and dim_data->output_npbst_.getBurst(0).fp16Data_[i] (0 and 8.421875) are not same 0 18486

src/tests/KernelTestCases.cpp:52: Failure
2875temp_fp16[0] and dim_data->output_npbst_.getBurst(0).fp16Data_[i] (0 and -12.515625) are not same 0 51778

src/tests/KernelTestCases.cpp:52: Failure
2876temp_fp16[0] and dim_data->output_npbst_.getBurst(0).fp16Data_[i] (0 and 31.96875) are not same 0 20478

src/tests/KernelTestCases.cpp:52: Failure
2877temp_fp16[0] and dim_data->output_npbst_.getBurst(0).fp16Data_[i] (0 and 36.9375) are not same 0 20638

src/tests/KernelTestCases.cpp:52: Failure
2878temp_fp16[0] and dim_data->output_npbst_.getBurst(0).fp16Data_[i] (0 and -58.875) are not same 0 54108

src/tests/KernelTestCases.cpp:52: Failure
2879temp_fp16[0] and dim_data->output_npbst_.getBurst(0).fp16Data_[i] (0 and -52.46875) are not same 0 53903

src/tests/KernelTestCases.cpp:52: Failure
2880temp_fp16[0] and dim_data->output_npbst_.getBurst(0).fp16Data_[i] (0 and 10.1875) are not same 0 18712

src/tests/KernelTestCases.cpp:52: Failure
2881temp_fp16[0] and dim_data->output_npbst_.getBurst(0).fp16Data_[i] (0 and -51.84375) are not same 0 53883

src/tests/KernelTestCases.cpp:52: Failure
2882temp_fp16[0] and dim_data->output_npbst_.getBurst(0).fp16Data_[i] (0 and 12.0625) are not same 0 18952

src/tests/KernelTestCases.cpp:52: Failure
2883temp_fp16[0] and dim_data->output_npbst_.getBurst(0).fp16Data_[i] (0 and -19.234375) are not same 0 52431

src/tests/KernelTestCases.cpp:52: Failure
2884temp_fp16[0] and dim_data->output_npbst_.getBurst(0).fp16Data_[i] (0 and -14.5703125) are not same 0 52041

src/tests/KernelTestCases.cpp:52: Failure
2885temp_fp16[0] and dim_data->output_npbst_.getBurst(0).fp16Data_[i] (0 and -13.265625) are not same 0 51874

src/tests/KernelTestCases.cpp:52: Failure
2887temp_fp16[0] and dim_data->output_npbst_.getBurst(0).fp16Data_[i] (0 and -56.03125) are not same 0 54017

src/tests/KernelTestCases.cpp:52: Failure
2888temp_fp16[0] and dim_data->output_npbst_.getBurst(0).fp16Data_[i] (0 and 27.46875) are not same 0 20190

src/tests/KernelTestCases.cpp:52: Failure
2890temp_fp16[0] and dim_data->output_npbst_.getBurst(0).fp16Data_[i] (0 and -3.30859375) are not same 0 49822

src/tests/KernelTestCases.cpp:52: Failure
2891temp_fp16[0] and dim_data->output_npbst_.getBurst(0).fp16Data_[i] (0 and -4.0078125) are not same 0 50178

src/tests/KernelTestCases.cpp:52: Failure
2892temp_fp16[0] and dim_data->output_npbst_.getBurst(0).fp16Data_[i] (0 and -35.8125) are not same 0 53370

src/tests/KernelTestCases.cpp:52: Failure
2893temp_fp16[0] and dim_data->output_npbst_.getBurst(0).fp16Data_[i] (0 and -12.09375) are not same 0 51724

src/tests/KernelTestCases.cpp:52: Failure
2894temp_fp16[0] and dim_data->output_npbst_.getBurst(0).fp16Data_[i] (0 and 22.859375) are not same 0 19895

src/tests/KernelTestCases.cpp:52: Failure
2895temp_fp16[0] and dim_data->output_npbst_.getBurst(0).fp16Data_[i] (0 and -11.6484375) are not same 0 51667

src/tests/KernelTestCases.cpp:52: Failure
2896temp_fp16[0] and dim_data->output_npbst_.getBurst(0).fp16Data_[i] (0 and -9.109375) are not same 0 51342

src/tests/KernelTestCases.cpp:52: Failure
2897temp_fp16[0] and dim_data->output_npbst_.getBurst(0).fp16Data_[i] (0 and 23.828125) are not same 0 19957

src/tests/KernelTestCases.cpp:52: Failure
2898temp_fp16[0] and dim_data->output_npbst_.getBurst(0).fp16Data_[i] (0 and 2.103515625) are not same 0 16437

src/tests/KernelTestCases.cpp:52: Failure
2899temp_fp16[0] and dim_data->output_npbst_.getBurst(0).fp16Data_[i] (0 and -1.1630859375) are not same 0 48295

src/tests/KernelTestCases.cpp:52: Failure
2900temp_fp16[0] and dim_data->output_npbst_.getBurst(0).fp16Data_[i] (0 and -8.5546875) are not same 0 51271

src/tests/KernelTestCases.cpp:52: Failure
2901temp_fp16[0] and dim_data->output_npbst_.getBurst(0).fp16Data_[i] (0 and -28.796875) are not same 0 53043

src/tests/KernelTestCases.cpp:52: Failure
2902temp_fp16[0] and dim_data->output_npbst_.getBurst(0).fp16Data_[i] (0 and -9.1484375) are not same 0 51347

src/tests/KernelTestCases.cpp:52: Failure
2903temp_fp16[0] and dim_data->output_npbst_.getBurst(0).fp16Data_[i] (0 and 7.79296875) are not same 0 18379

src/tests/KernelTestCases.cpp:52: Failure
2904temp_fp16[0] and dim_data->output_npbst_.getBurst(0).fp16Data_[i] (0 and -49.75) are not same 0 53816

src/tests/KernelTestCases.cpp:52: Failure
2905temp_fp16[0] and dim_data->output_npbst_.getBurst(0).fp16Data_[i] (0 and 23.453125) are not same 0 19933

src/tests/KernelTestCases.cpp:52: Failure
2906temp_fp16[0] and dim_data->output_npbst_.getBurst(0).fp16Data_[i] (0 and -24.03125) are not same 0 52738

src/tests/KernelTestCases.cpp:52: Failure
2907temp_fp16[0] and dim_data->output_npbst_.getBurst(0).fp16Data_[i] (0 and 1.822265625) are not same 0 16202

src/tests/KernelTestCases.cpp:52: Failure
2908temp_fp16[0] and dim_data->output_npbst_.getBurst(0).fp16Data_[i] (0 and -9.9921875) are not same 0 51455

src/tests/KernelTestCases.cpp:52: Failure
2909temp_fp16[0] and dim_data->output_npbst_.getBurst(0).fp16Data_[i] (0 and -8.0703125) are not same 0 51209

src/tests/KernelTestCases.cpp:52: Failure
2910temp_fp16[0] and dim_data->output_npbst_.getBurst(0).fp16Data_[i] (0 and 21.453125) are not same 0 19805

src/tests/KernelTestCases.cpp:52: Failure
2911temp_fp16[0] and dim_data->output_npbst_.getBurst(0).fp16Data_[i] (0 and -63.78125) are not same 0 54265

src/tests/KernelTestCases.cpp:52: Failure
2912temp_fp16[0] and dim_data->output_npbst_.getBurst(0).fp16Data_[i] (0 and 9.5) are not same 0 18624

src/tests/KernelTestCases.cpp:52: Failure
2913temp_fp16[0] and dim_data->output_npbst_.getBurst(0).fp16Data_[i] (0 and 32.6875) are not same 0 20502

src/tests/KernelTestCases.cpp:52: Failure
2914temp_fp16[0] and dim_data->output_npbst_.getBurst(0).fp16Data_[i] (0 and -26.890625) are not same 0 52921

src/tests/KernelTestCases.cpp:52: Failure
2915temp_fp16[0] and dim_data->output_npbst_.getBurst(0).fp16Data_[i] (0 and -46.46875) are not same 0 53711

src/tests/KernelTestCases.cpp:52: Failure
2916temp_fp16[0] and dim_data->output_npbst_.getBurst(0).fp16Data_[i] (0 and -44.15625) are not same 0 53637

src/tests/KernelTestCases.cpp:52: Failure
2917temp_fp16[0] and dim_data->output_npbst_.getBurst(0).fp16Data_[i] (0 and -94.5) are not same 0 54760

src/tests/KernelTestCases.cpp:52: Failure
2918temp_fp16[0] and dim_data->output_npbst_.getBurst(0).fp16Data_[i] (0 and 20.9375) are not same 0 19772

src/tests/KernelTestCases.cpp:52: Failure
2919temp_fp16[0] and dim_data->output_npbst_.getBurst(0).fp16Data_[i] (0 and 12.5625) are not same 0 19016

src/tests/KernelTestCases.cpp:52: Failure
2920temp_fp16[0] and dim_data->output_npbst_.getBurst(0).fp16Data_[i] (0 and -3.591796875) are not same 0 49967

src/tests/KernelTestCases.cpp:52: Failure
2921temp_fp16[0] and dim_data->output_npbst_.getBurst(0).fp16Data_[i] (0 and -10.1953125) are not same 0 51481

src/tests/KernelTestCases.cpp:52: Failure
2922temp_fp16[0] and dim_data->output_npbst_.getBurst(0).fp16Data_[i] (0 and 30.546875) are not same 0 20387

src/tests/KernelTestCases.cpp:52: Failure
2923temp_fp16[0] and dim_data->output_npbst_.getBurst(0).fp16Data_[i] (0 and 10.390625) are not same 0 18738

src/tests/KernelTestCases.cpp:52: Failure
2924temp_fp16[0] and dim_data->output_npbst_.getBurst(0).fp16Data_[i] (0 and -30.859375) are not same 0 53175

src/tests/KernelTestCases.cpp:52: Failure
2925temp_fp16[0] and dim_data->output_npbst_.getBurst(0).fp16Data_[i] (0 and 6.55078125) are not same 0 18061

src/tests/KernelTestCases.cpp:52: Failure
2926temp_fp16[0] and dim_data->output_npbst_.getBurst(0).fp16Data_[i] (0 and 33.78125) are not same 0 20537

src/tests/KernelTestCases.cpp:52: Failure
2927temp_fp16[0] and dim_data->output_npbst_.getBurst(0).fp16Data_[i] (0 and -6.87109375) are not same 0 50911

src/tests/KernelTestCases.cpp:52: Failure
2928temp_fp16[0] and dim_data->output_npbst_.getBurst(0).fp16Data_[i] (0 and 21.140625) are not same 0 19785

src/tests/KernelTestCases.cpp:52: Failure
2929temp_fp16[0] and dim_data->output_npbst_.getBurst(0).fp16Data_[i] (0 and 24.71875) are not same 0 20014

src/tests/KernelTestCases.cpp:52: Failure
2930temp_fp16[0] and dim_data->output_npbst_.getBurst(0).fp16Data_[i] (0 and 18.03125) are not same 0 19586

src/tests/KernelTestCases.cpp:52: Failure
2931temp_fp16[0] and dim_data->output_npbst_.getBurst(0).fp16Data_[i] (0 and 43.3125) are not same 0 20842

src/tests/KernelTestCases.cpp:52: Failure
2932temp_fp16[0] and dim_data->output_npbst_.getBurst(0).fp16Data_[i] (0 and -20.46875) are not same 0 52510

src/tests/KernelTestCases.cpp:52: Failure
2933temp_fp16[0] and dim_data->output_npbst_.getBurst(0).fp16Data_[i] (0 and 11.0234375) are not same 0 18819

src/tests/KernelTestCases.cpp:52: Failure
2934temp_fp16[0] and dim_data->output_npbst_.getBurst(0).fp16Data_[i] (0 and 23) are not same 0 19904

src/tests/KernelTestCases.cpp:52: Failure
2935temp_fp16[0] and dim_data->output_npbst_.getBurst(0).fp16Data_[i] (0 and -9.109375) are not same 0 51342

src/tests/KernelTestCases.cpp:52: Failure
2936temp_fp16[0] and dim_data->output_npbst_.getBurst(0).fp16Data_[i] (0 and -7.6171875) are not same 0 51102

src/tests/KernelTestCases.cpp:52: Failure
2937temp_fp16[0] and dim_data->output_npbst_.getBurst(0).fp16Data_[i] (0 and -36.65625) are not same 0 53397

src/tests/KernelTestCases.cpp:52: Failure
2938temp_fp16[0] and dim_data->output_npbst_.getBurst(0).fp16Data_[i] (0 and 53.0625) are not same 0 21154

src/tests/KernelTestCases.cpp:52: Failure
2939temp_fp16[0] and dim_data->output_npbst_.getBurst(0).fp16Data_[i] (0 and 7.01953125) are not same 0 18181

src/tests/KernelTestCases.cpp:52: Failure
2940temp_fp16[0] and dim_data->output_npbst_.getBurst(0).fp16Data_[i] (0 and -18.890625) are not same 0 52409

src/tests/KernelTestCases.cpp:52: Failure
2941temp_fp16[0] and dim_data->output_npbst_.getBurst(0).fp16Data_[i] (0 and 13.2421875) are not same 0 19103

src/tests/KernelTestCases.cpp:52: Failure
2942temp_fp16[0] and dim_data->output_npbst_.getBurst(0).fp16Data_[i] (0 and -9.8671875) are not same 0 51439

src/tests/KernelTestCases.cpp:52: Failure
2943temp_fp16[0] and dim_data->output_npbst_.getBurst(0).fp16Data_[i] (0 and 23.796875) are not same 0 19955

src/tests/KernelTestCases.cpp:52: Failure
2944temp_fp16[0] and dim_data->output_npbst_.getBurst(0).fp16Data_[i] (0 and -27.90625) are not same 0 52986

src/tests/KernelTestCases.cpp:52: Failure
2945temp_fp16[0] and dim_data->output_npbst_.getBurst(0).fp16Data_[i] (0 and -60.59375) are not same 0 54163

src/tests/KernelTestCases.cpp:52: Failure
2946temp_fp16[0] and dim_data->output_npbst_.getBurst(0).fp16Data_[i] (0 and 5.12109375) are not same 0 17695

src/tests/KernelTestCases.cpp:52: Failure
2947temp_fp16[0] and dim_data->output_npbst_.getBurst(0).fp16Data_[i] (0 and -1.1240234375) are not same 0 48255

src/tests/KernelTestCases.cpp:52: Failure
2948temp_fp16[0] and dim_data->output_npbst_.getBurst(0).fp16Data_[i] (0 and 8.3828125) are not same 0 18481

src/tests/KernelTestCases.cpp:52: Failure
2949temp_fp16[0] and dim_data->output_npbst_.getBurst(0).fp16Data_[i] (0 and -25.21875) are not same 0 52814

src/tests/KernelTestCases.cpp:52: Failure
2950temp_fp16[0] and dim_data->output_npbst_.getBurst(0).fp16Data_[i] (0 and 9.140625) are not same 0 18578

src/tests/KernelTestCases.cpp:52: Failure
2951temp_fp16[0] and dim_data->output_npbst_.getBurst(0).fp16Data_[i] (0 and -36.8125) are not same 0 53402

src/tests/KernelTestCases.cpp:52: Failure
2952temp_fp16[0] and dim_data->output_npbst_.getBurst(0).fp16Data_[i] (0 and -18.4375) are not same 0 52380

src/tests/KernelTestCases.cpp:52: Failure
2953temp_fp16[0] and dim_data->output_npbst_.getBurst(0).fp16Data_[i] (0 and -7.9609375) are not same 0 51190

src/tests/KernelTestCases.cpp:52: Failure
2954temp_fp16[0] and dim_data->output_npbst_.getBurst(0).fp16Data_[i] (0 and 24.65625) are not same 0 20010

src/tests/KernelTestCases.cpp:52: Failure
2955temp_fp16[0] and dim_data->output_npbst_.getBurst(0).fp16Data_[i] (0 and -16.453125) are not same 0 52253

src/tests/KernelTestCases.cpp:52: Failure
2956temp_fp16[0] and dim_data->output_npbst_.getBurst(0).fp16Data_[i] (0 and -30.078125) are not same 0 53125

src/tests/KernelTestCases.cpp:52: Failure
2957temp_fp16[0] and dim_data->output_npbst_.getBurst(0).fp16Data_[i] (0 and 14.109375) are not same 0 19214

src/tests/KernelTestCases.cpp:52: Failure
2958temp_fp16[0] and dim_data->output_npbst_.getBurst(0).fp16Data_[i] (0 and 42.125) are not same 0 20804

src/tests/KernelTestCases.cpp:52: Failure
2959temp_fp16[0] and dim_data->output_npbst_.getBurst(0).fp16Data_[i] (0 and 29.421875) are not same 0 20315

src/tests/KernelTestCases.cpp:52: Failure
2960temp_fp16[0] and dim_data->output_npbst_.getBurst(0).fp16Data_[i] (0 and 41.59375) are not same 0 20787

src/tests/KernelTestCases.cpp:52: Failure
2961temp_fp16[0] and dim_data->output_npbst_.getBurst(0).fp16Data_[i] (0 and -17.796875) are not same 0 52339

src/tests/KernelTestCases.cpp:52: Failure
2962temp_fp16[0] and dim_data->output_npbst_.getBurst(0).fp16Data_[i] (0 and -35.3125) are not same 0 53354

src/tests/KernelTestCases.cpp:52: Failure
2963temp_fp16[0] and dim_data->output_npbst_.getBurst(0).fp16Data_[i] (0 and -2.66796875) are not same 0 49494

src/tests/KernelTestCases.cpp:52: Failure
2964temp_fp16[0] and dim_data->output_npbst_.getBurst(0).fp16Data_[i] (0 and 56.09375) are not same 0 21251

src/tests/KernelTestCases.cpp:52: Failure
2965temp_fp16[0] and dim_data->output_npbst_.getBurst(0).fp16Data_[i] (0 and 3.326171875) are not same 0 17063

src/tests/KernelTestCases.cpp:52: Failure
2967temp_fp16[0] and dim_data->output_npbst_.getBurst(0).fp16Data_[i] (0 and 27.15625) are not same 0 20170

src/tests/KernelTestCases.cpp:52: Failure
2969temp_fp16[0] and dim_data->output_npbst_.getBurst(0).fp16Data_[i] (0 and -50.3125) are not same 0 53834

src/tests/KernelTestCases.cpp:52: Failure
2970temp_fp16[0] and dim_data->output_npbst_.getBurst(0).fp16Data_[i] (0 and 12.7265625) are not same 0 19037

src/tests/KernelTestCases.cpp:52: Failure
2971temp_fp16[0] and dim_data->output_npbst_.getBurst(0).fp16Data_[i] (0 and 16.265625) are not same 0 19473

src/tests/KernelTestCases.cpp:52: Failure
2972temp_fp16[0] and dim_data->output_npbst_.getBurst(0).fp16Data_[i] (0 and -31.375) are not same 0 53208

src/tests/KernelTestCases.cpp:52: Failure
2973temp_fp16[0] and dim_data->output_npbst_.getBurst(0).fp16Data_[i] (0 and 57.8125) are not same 0 21306

src/tests/KernelTestCases.cpp:52: Failure
2974temp_fp16[0] and dim_data->output_npbst_.getBurst(0).fp16Data_[i] (0 and -43.53125) are not same 0 53617

src/tests/KernelTestCases.cpp:52: Failure
2975temp_fp16[0] and dim_data->output_npbst_.getBurst(0).fp16Data_[i] (0 and 5.2890625) are not same 0 17738

src/tests/KernelTestCases.cpp:52: Failure
2976temp_fp16[0] and dim_data->output_npbst_.getBurst(0).fp16Data_[i] (0 and -19.84375) are not same 0 52470

src/tests/KernelTestCases.cpp:52: Failure
2977temp_fp16[0] and dim_data->output_npbst_.getBurst(0).fp16Data_[i] (0 and 42.15625) are not same 0 20805

src/tests/KernelTestCases.cpp:52: Failure
2978temp_fp16[0] and dim_data->output_npbst_.getBurst(0).fp16Data_[i] (0 and 7.8359375) are not same 0 18390

src/tests/KernelTestCases.cpp:52: Failure
2979temp_fp16[0] and dim_data->output_npbst_.getBurst(0).fp16Data_[i] (0 and 20.75) are not same 0 19760

src/tests/KernelTestCases.cpp:52: Failure
2980temp_fp16[0] and dim_data->output_npbst_.getBurst(0).fp16Data_[i] (0 and 59.53125) are not same 0 21361

src/tests/KernelTestCases.cpp:52: Failure
2981temp_fp16[0] and dim_data->output_npbst_.getBurst(0).fp16Data_[i] (0 and 28.96875) are not same 0 20286

src/tests/KernelTestCases.cpp:52: Failure
2982temp_fp16[0] and dim_data->output_npbst_.getBurst(0).fp16Data_[i] (0 and -8.5390625) are not same 0 51269

src/tests/KernelTestCases.cpp:52: Failure
2983temp_fp16[0] and dim_data->output_npbst_.getBurst(0).fp16Data_[i] (0 and -5.515625) are not same 0 50564

src/tests/KernelTestCases.cpp:52: Failure
2984temp_fp16[0] and dim_data->output_npbst_.getBurst(0).fp16Data_[i] (0 and -24.921875) are not same 0 52795

src/tests/KernelTestCases.cpp:52: Failure
2985temp_fp16[0] and dim_data->output_npbst_.getBurst(0).fp16Data_[i] (0 and 45.84375) are not same 0 20923

src/tests/KernelTestCases.cpp:52: Failure
2986temp_fp16[0] and dim_data->output_npbst_.getBurst(0).fp16Data_[i] (0 and 18.234375) are not same 0 19599

src/tests/KernelTestCases.cpp:52: Failure
2987temp_fp16[0] and dim_data->output_npbst_.getBurst(0).fp16Data_[i] (0 and 39.3125) are not same 0 20714

src/tests/KernelTestCases.cpp:52: Failure
2988temp_fp16[0] and dim_data->output_npbst_.getBurst(0).fp16Data_[i] (0 and -49.25) are not same 0 53800

src/tests/KernelTestCases.cpp:52: Failure
2989temp_fp16[0] and dim_data->output_npbst_.getBurst(0).fp16Data_[i] (0 and 54.625) are not same 0 21204

src/tests/KernelTestCases.cpp:52: Failure
2990temp_fp16[0] and dim_data->output_npbst_.getBurst(0).fp16Data_[i] (0 and 7.2734375) are not same 0 18246

src/tests/KernelTestCases.cpp:52: Failure
2991temp_fp16[0] and dim_data->output_npbst_.getBurst(0).fp16Data_[i] (0 and -74.5) are not same 0 54440

src/tests/KernelTestCases.cpp:52: Failure
2992temp_fp16[0] and dim_data->output_npbst_.getBurst(0).fp16Data_[i] (0 and -10.9765625) are not same 0 51581

src/tests/KernelTestCases.cpp:52: Failure
2993temp_fp16[0] and dim_data->output_npbst_.getBurst(0).fp16Data_[i] (0 and -4.24609375) are not same 0 50239

src/tests/KernelTestCases.cpp:52: Failure
2994temp_fp16[0] and dim_data->output_npbst_.getBurst(0).fp16Data_[i] (0 and -6.08984375) are not same 0 50711

src/tests/KernelTestCases.cpp:52: Failure
2995temp_fp16[0] and dim_data->output_npbst_.getBurst(0).fp16Data_[i] (0 and -14.9375) are not same 0 52088

src/tests/KernelTestCases.cpp:52: Failure
2996temp_fp16[0] and dim_data->output_npbst_.getBurst(0).fp16Data_[i] (0 and 8.1640625) are not same 0 18453

src/tests/KernelTestCases.cpp:52: Failure
2997temp_fp16[0] and dim_data->output_npbst_.getBurst(0).fp16Data_[i] (0 and -33.59375) are not same 0 53299

src/tests/KernelTestCases.cpp:52: Failure
2998temp_fp16[0] and dim_data->output_npbst_.getBurst(0).fp16Data_[i] (0 and 32.84375) are not same 0 20507

src/tests/KernelTestCases.cpp:52: Failure
2999temp_fp16[0] and dim_data->output_npbst_.getBurst(0).fp16Data_[i] (0 and -15.1953125) are not same 0 52121

src/tests/KernelTestCases.cpp:52: Failure
3000temp_fp16[0] and dim_data->output_npbst_.getBurst(0).fp16Data_[i] (0 and -32.40625) are not same 0 53261

src/tests/KernelTestCases.cpp:52: Failure
3001temp_fp16[0] and dim_data->output_npbst_.getBurst(0).fp16Data_[i] (0 and 14.984375) are not same 0 19326

src/tests/KernelTestCases.cpp:52: Failure
3002temp_fp16[0] and dim_data->output_npbst_.getBurst(0).fp16Data_[i] (0 and 40.125) are not same 0 20740

src/tests/KernelTestCases.cpp:52: Failure
3003temp_fp16[0] and dim_data->output_npbst_.getBurst(0).fp16Data_[i] (0 and -46.90625) are not same 0 53725

src/tests/KernelTestCases.cpp:52: Failure
3004temp_fp16[0] and dim_data->output_npbst_.getBurst(0).fp16Data_[i] (0 and -29.109375) are not same 0 53063

src/tests/KernelTestCases.cpp:52: Failure
3005temp_fp16[0] and dim_data->output_npbst_.getBurst(0).fp16Data_[i] (0 and -12.9375) are not same 0 51832

src/tests/KernelTestCases.cpp:52: Failure
3006temp_fp16[0] and dim_data->output_npbst_.getBurst(0).fp16Data_[i] (0 and 64.9375) are not same 0 21519

src/tests/KernelTestCases.cpp:52: Failure
3007temp_fp16[0] and dim_data->output_npbst_.getBurst(0).fp16Data_[i] (0 and 3.609375) are not same 0 17208

src/tests/KernelTestCases.cpp:52: Failure
3008temp_fp16[0] and dim_data->output_npbst_.getBurst(0).fp16Data_[i] (0 and 29.109375) are not same 0 20295

src/tests/KernelTestCases.cpp:52: Failure
3009temp_fp16[0] and dim_data->output_npbst_.getBurst(0).fp16Data_[i] (0 and 23.734375) are not same 0 19951

src/tests/KernelTestCases.cpp:52: Failure
3010temp_fp16[0] and dim_data->output_npbst_.getBurst(0).fp16Data_[i] (0 and -34.5625) are not same 0 53330

src/tests/KernelTestCases.cpp:52: Failure
3011temp_fp16[0] and dim_data->output_npbst_.getBurst(0).fp16Data_[i] (0 and 5.04296875) are not same 0 17675

src/tests/KernelTestCases.cpp:52: Failure
3012temp_fp16[0] and dim_data->output_npbst_.getBurst(0).fp16Data_[i] (0 and -13.7109375) are not same 0 51931

src/tests/KernelTestCases.cpp:52: Failure
3013temp_fp16[0] and dim_data->output_npbst_.getBurst(0).fp16Data_[i] (0 and -25.203125) are not same 0 52813

src/tests/KernelTestCases.cpp:52: Failure
3014temp_fp16[0] and dim_data->output_npbst_.getBurst(0).fp16Data_[i] (0 and -22.359375) are not same 0 52631

src/tests/KernelTestCases.cpp:52: Failure
3015temp_fp16[0] and dim_data->output_npbst_.getBurst(0).fp16Data_[i] (0 and -6.421875) are not same 0 50796

src/tests/KernelTestCases.cpp:52: Failure
3016temp_fp16[0] and dim_data->output_npbst_.getBurst(0).fp16Data_[i] (0 and -2.802734375) are not same 0 49563

src/tests/KernelTestCases.cpp:52: Failure
3017temp_fp16[0] and dim_data->output_npbst_.getBurst(0).fp16Data_[i] (0 and -70.625) are not same 0 54378

src/tests/KernelTestCases.cpp:52: Failure
3018temp_fp16[0] and dim_data->output_npbst_.getBurst(0).fp16Data_[i] (0 and 1.41015625) are not same 0 15780

src/tests/KernelTestCases.cpp:52: Failure
3019temp_fp16[0] and dim_data->output_npbst_.getBurst(0).fp16Data_[i] (0 and -21.390625) are not same 0 52569

src/tests/KernelTestCases.cpp:52: Failure
3020temp_fp16[0] and dim_data->output_npbst_.getBurst(0).fp16Data_[i] (0 and -83.25) are not same 0 54580

src/tests/KernelTestCases.cpp:52: Failure
3021temp_fp16[0] and dim_data->output_npbst_.getBurst(0).fp16Data_[i] (0 and -24.765625) are not same 0 52785

src/tests/KernelTestCases.cpp:52: Failure
3022temp_fp16[0] and dim_data->output_npbst_.getBurst(0).fp16Data_[i] (0 and 16.671875) are not same 0 19499

src/tests/KernelTestCases.cpp:52: Failure
3023temp_fp16[0] and dim_data->output_npbst_.getBurst(0).fp16Data_[i] (0 and 6.26171875) are not same 0 17987

src/tests/KernelTestCases.cpp:52: Failure
3024temp_fp16[0] and dim_data->output_npbst_.getBurst(0).fp16Data_[i] (0 and 7.01953125) are not same 0 18181

src/tests/KernelTestCases.cpp:52: Failure
3025temp_fp16[0] and dim_data->output_npbst_.getBurst(0).fp16Data_[i] (0 and 54.90625) are not same 0 21213

src/tests/KernelTestCases.cpp:52: Failure
3026temp_fp16[0] and dim_data->output_npbst_.getBurst(0).fp16Data_[i] (0 and -40.90625) are not same 0 53533

src/tests/KernelTestCases.cpp:52: Failure
3027temp_fp16[0] and dim_data->output_npbst_.getBurst(0).fp16Data_[i] (0 and 10.1484375) are not same 0 18707

src/tests/KernelTestCases.cpp:52: Failure
3028temp_fp16[0] and dim_data->output_npbst_.getBurst(0).fp16Data_[i] (0 and 2.55859375) are not same 0 16670

src/tests/KernelTestCases.cpp:52: Failure
3029temp_fp16[0] and dim_data->output_npbst_.getBurst(0).fp16Data_[i] (0 and 4.6171875) are not same 0 17566

src/tests/KernelTestCases.cpp:52: Failure
3030temp_fp16[0] and dim_data->output_npbst_.getBurst(0).fp16Data_[i] (0 and -17.65625) are not same 0 52330

src/tests/KernelTestCases.cpp:52: Failure
3031temp_fp16[0] and dim_data->output_npbst_.getBurst(0).fp16Data_[i] (0 and 5.05859375) are not same 0 17679

src/tests/KernelTestCases.cpp:52: Failure
3032temp_fp16[0] and dim_data->output_npbst_.getBurst(0).fp16Data_[i] (0 and 28.796875) are not same 0 20275

src/tests/KernelTestCases.cpp:52: Failure
3033temp_fp16[0] and dim_data->output_npbst_.getBurst(0).fp16Data_[i] (0 and -0.73388671875) are not same 0 47583

src/tests/KernelTestCases.cpp:52: Failure
3034temp_fp16[0] and dim_data->output_npbst_.getBurst(0).fp16Data_[i] (0 and -3.630859375) are not same 0 49987

src/tests/KernelTestCases.cpp:52: Failure
3035temp_fp16[0] and dim_data->output_npbst_.getBurst(0).fp16Data_[i] (0 and 12.625) are not same 0 19024

src/tests/KernelTestCases.cpp:52: Failure
3036temp_fp16[0] and dim_data->output_npbst_.getBurst(0).fp16Data_[i] (0 and -5.14453125) are not same 0 50469

src/tests/KernelTestCases.cpp:52: Failure
3037temp_fp16[0] and dim_data->output_npbst_.getBurst(0).fp16Data_[i] (0 and 27.1875) are not same 0 20172

src/tests/KernelTestCases.cpp:52: Failure
3038temp_fp16[0] and dim_data->output_npbst_.getBurst(0).fp16Data_[i] (0 and 7.390625) are not same 0 18276

src/tests/KernelTestCases.cpp:52: Failure
3039temp_fp16[0] and dim_data->output_npbst_.getBurst(0).fp16Data_[i] (0 and -30.125) are not same 0 53128

src/tests/KernelTestCases.cpp:52: Failure
3040temp_fp16[0] and dim_data->output_npbst_.getBurst(0).fp16Data_[i] (0 and 28.296875) are not same 0 20243

src/tests/KernelTestCases.cpp:52: Failure
3041temp_fp16[0] and dim_data->output_npbst_.getBurst(0).fp16Data_[i] (0 and 12.25) are not same 0 18976

src/tests/KernelTestCases.cpp:52: Failure
3042temp_fp16[0] and dim_data->output_npbst_.getBurst(0).fp16Data_[i] (0 and 18.046875) are not same 0 19587

src/tests/KernelTestCases.cpp:52: Failure
3043temp_fp16[0] and dim_data->output_npbst_.getBurst(0).fp16Data_[i] (0 and -18.734375) are not same 0 52399

src/tests/KernelTestCases.cpp:52: Failure
3044temp_fp16[0] and dim_data->output_npbst_.getBurst(0).fp16Data_[i] (0 and -19.984375) are not same 0 52479

src/tests/KernelTestCases.cpp:52: Failure
3045temp_fp16[0] and dim_data->output_npbst_.getBurst(0).fp16Data_[i] (0 and 36.40625) are not same 0 20621

src/tests/KernelTestCases.cpp:52: Failure
3046temp_fp16[0] and dim_data->output_npbst_.getBurst(0).fp16Data_[i] (0 and 10.46875) are not same 0 18748

src/tests/KernelTestCases.cpp:52: Failure
3047temp_fp16[0] and dim_data->output_npbst_.getBurst(0).fp16Data_[i] (0 and 29.375) are not same 0 20312

src/tests/KernelTestCases.cpp:52: Failure
3048temp_fp16[0] and dim_data->output_npbst_.getBurst(0).fp16Data_[i] (0 and 25.484375) are not same 0 20063

src/tests/KernelTestCases.cpp:52: Failure
3049temp_fp16[0] and dim_data->output_npbst_.getBurst(0).fp16Data_[i] (0 and -25.890625) are not same 0 52857

src/tests/KernelTestCases.cpp:52: Failure
3050temp_fp16[0] and dim_data->output_npbst_.getBurst(0).fp16Data_[i] (0 and -7.1953125) are not same 0 50994

src/tests/KernelTestCases.cpp:52: Failure
3051temp_fp16[0] and dim_data->output_npbst_.getBurst(0).fp16Data_[i] (0 and -21.8125) are not same 0 52596

src/tests/KernelTestCases.cpp:52: Failure
3052temp_fp16[0] and dim_data->output_npbst_.getBurst(0).fp16Data_[i] (0 and 5.8515625) are not same 0 17882

src/tests/KernelTestCases.cpp:52: Failure
3053temp_fp16[0] and dim_data->output_npbst_.getBurst(0).fp16Data_[i] (0 and -44.65625) are not same 0 53653

src/tests/KernelTestCases.cpp:52: Failure
3054temp_fp16[0] and dim_data->output_npbst_.getBurst(0).fp16Data_[i] (0 and 48.9375) are not same 0 21022

src/tests/KernelTestCases.cpp:52: Failure
3055temp_fp16[0] and dim_data->output_npbst_.getBurst(0).fp16Data_[i] (0 and -29.875) are not same 0 53112

src/tests/KernelTestCases.cpp:52: Failure
3056temp_fp16[0] and dim_data->output_npbst_.getBurst(0).fp16Data_[i] (0 and 8.0390625) are not same 0 18437

src/tests/KernelTestCases.cpp:52: Failure
3057temp_fp16[0] and dim_data->output_npbst_.getBurst(0).fp16Data_[i] (0 and -2.45703125) are not same 0 49386

src/tests/KernelTestCases.cpp:52: Failure
3058temp_fp16[0] and dim_data->output_npbst_.getBurst(0).fp16Data_[i] (0 and 1.6455078125) are not same 0 16021

src/tests/KernelTestCases.cpp:52: Failure
3059temp_fp16[0] and dim_data->output_npbst_.getBurst(0).fp16Data_[i] (0 and -54.8125) are not same 0 53978

src/tests/KernelTestCases.cpp:52: Failure
3060temp_fp16[0] and dim_data->output_npbst_.getBurst(0).fp16Data_[i] (0 and 8.25) are not same 0 18464

src/tests/KernelTestCases.cpp:52: Failure
3062temp_fp16[0] and dim_data->output_npbst_.getBurst(0).fp16Data_[i] (0 and 29.984375) are not same 0 20351

src/tests/KernelTestCases.cpp:52: Failure
3063temp_fp16[0] and dim_data->output_npbst_.getBurst(0).fp16Data_[i] (0 and -29.4375) are not same 0 53084

src/tests/KernelTestCases.cpp:52: Failure
3064temp_fp16[0] and dim_data->output_npbst_.getBurst(0).fp16Data_[i] (0 and 34.375) are not same 0 20556

src/tests/KernelTestCases.cpp:52: Failure
3065temp_fp16[0] and dim_data->output_npbst_.getBurst(0).fp16Data_[i] (0 and 14.265625) are not same 0 19234

src/tests/KernelTestCases.cpp:52: Failure
3066temp_fp16[0] and dim_data->output_npbst_.getBurst(0).fp16Data_[i] (0 and -31.125) are not same 0 53192

src/tests/KernelTestCases.cpp:52: Failure
3067temp_fp16[0] and dim_data->output_npbst_.getBurst(0).fp16Data_[i] (0 and -13.1875) are not same 0 51864

src/tests/KernelTestCases.cpp:52: Failure
3068temp_fp16[0] and dim_data->output_npbst_.getBurst(0).fp16Data_[i] (0 and -15.796875) are not same 0 52198

src/tests/KernelTestCases.cpp:52: Failure
3069temp_fp16[0] and dim_data->output_npbst_.getBurst(0).fp16Data_[i] (0 and -9.7265625) are not same 0 51421

src/tests/KernelTestCases.cpp:52: Failure
3070temp_fp16[0] and dim_data->output_npbst_.getBurst(0).fp16Data_[i] (0 and 2.029296875) are not same 0 16399

src/tests/KernelTestCases.cpp:52: Failure
3071temp_fp16[0] and dim_data->output_npbst_.getBurst(0).fp16Data_[i] (0 and -2.931640625) are not same 0 49629

src/tests/KernelTestCases.cpp:52: Failure
3072temp_fp16[0] and dim_data->output_npbst_.getBurst(0).fp16Data_[i] (0 and 16.71875) are not same 0 19502

src/tests/KernelTestCases.cpp:52: Failure
3073temp_fp16[0] and dim_data->output_npbst_.getBurst(0).fp16Data_[i] (0 and 4.109375) are not same 0 17436

src/tests/KernelTestCases.cpp:52: Failure
3074temp_fp16[0] and dim_data->output_npbst_.getBurst(0).fp16Data_[i] (0 and -6.28515625) are not same 0 50761

src/tests/KernelTestCases.cpp:52: Failure
3075temp_fp16[0] and dim_data->output_npbst_.getBurst(0).fp16Data_[i] (0 and 33.3125) are not same 0 20522

src/tests/KernelTestCases.cpp:52: Failure
3076temp_fp16[0] and dim_data->output_npbst_.getBurst(0).fp16Data_[i] (0 and -39.65625) are not same 0 53493

src/tests/KernelTestCases.cpp:52: Failure
3077temp_fp16[0] and dim_data->output_npbst_.getBurst(0).fp16Data_[i] (0 and -43.34375) are not same 0 53611

src/tests/KernelTestCases.cpp:52: Failure
3078temp_fp16[0] and dim_data->output_npbst_.getBurst(0).fp16Data_[i] (0 and 56.5) are not same 0 21264

src/tests/KernelTestCases.cpp:52: Failure
3079temp_fp16[0] and dim_data->output_npbst_.getBurst(0).fp16Data_[i] (0 and 11.2421875) are not same 0 18847

src/tests/KernelTestCases.cpp:52: Failure
3080temp_fp16[0] and dim_data->output_npbst_.getBurst(0).fp16Data_[i] (0 and -8.390625) are not same 0 51250

src/tests/KernelTestCases.cpp:52: Failure
3081temp_fp16[0] and dim_data->output_npbst_.getBurst(0).fp16Data_[i] (0 and 29.9375) are not same 0 20348

src/tests/KernelTestCases.cpp:52: Failure
3082temp_fp16[0] and dim_data->output_npbst_.getBurst(0).fp16Data_[i] (0 and 88.9375) are not same 0 21903

src/tests/KernelTestCases.cpp:52: Failure
3083temp_fp16[0] and dim_data->output_npbst_.getBurst(0).fp16Data_[i] (0 and -36.0625) are not same 0 53378

src/tests/KernelTestCases.cpp:52: Failure
3084temp_fp16[0] and dim_data->output_npbst_.getBurst(0).fp16Data_[i] (0 and -24.828125) are not same 0 52789

src/tests/KernelTestCases.cpp:52: Failure
3085temp_fp16[0] and dim_data->output_npbst_.getBurst(0).fp16Data_[i] (0 and -21.5625) are not same 0 52580

src/tests/KernelTestCases.cpp:52: Failure
3086temp_fp16[0] and dim_data->output_npbst_.getBurst(0).fp16Data_[i] (0 and 21.859375) are not same 0 19831

src/tests/KernelTestCases.cpp:52: Failure
3087temp_fp16[0] and dim_data->output_npbst_.getBurst(0).fp16Data_[i] (0 and 27.9375) are not same 0 20220

src/tests/KernelTestCases.cpp:52: Failure
3088temp_fp16[0] and dim_data->output_npbst_.getBurst(0).fp16Data_[i] (0 and 3.69140625) are not same 0 17250

src/tests/KernelTestCases.cpp:52: Failure
3089temp_fp16[0] and dim_data->output_npbst_.getBurst(0).fp16Data_[i] (0 and -9.1875) are not same 0 51352

src/tests/KernelTestCases.cpp:52: Failure
3090temp_fp16[0] and dim_data->output_npbst_.getBurst(0).fp16Data_[i] (0 and 18.734375) are not same 0 19631

src/tests/KernelTestCases.cpp:52: Failure
3091temp_fp16[0] and dim_data->output_npbst_.getBurst(0).fp16Data_[i] (0 and 25.8125) are not same 0 20084

src/tests/KernelTestCases.cpp:52: Failure
3092temp_fp16[0] and dim_data->output_npbst_.getBurst(0).fp16Data_[i] (0 and 8.546875) are not same 0 18502

src/tests/KernelTestCases.cpp:52: Failure
3093temp_fp16[0] and dim_data->output_npbst_.getBurst(0).fp16Data_[i] (0 and 33.84375) are not same 0 20539

src/tests/KernelTestCases.cpp:52: Failure
3095temp_fp16[0] and dim_data->output_npbst_.getBurst(0).fp16Data_[i] (0 and -40.53125) are not same 0 53521

src/tests/KernelTestCases.cpp:52: Failure
3096temp_fp16[0] and dim_data->output_npbst_.getBurst(0).fp16Data_[i] (0 and -25.46875) are not same 0 52830

src/tests/KernelTestCases.cpp:52: Failure
3097temp_fp16[0] and dim_data->output_npbst_.getBurst(0).fp16Data_[i] (0 and -24.359375) are not same 0 52759

src/tests/KernelTestCases.cpp:52: Failure
3098temp_fp16[0] and dim_data->output_npbst_.getBurst(0).fp16Data_[i] (0 and -14.0703125) are not same 0 51977

src/tests/KernelTestCases.cpp:52: Failure
3099temp_fp16[0] and dim_data->output_npbst_.getBurst(0).fp16Data_[i] (0 and 73.875) are not same 0 21662

src/tests/KernelTestCases.cpp:52: Failure
3100temp_fp16[0] and dim_data->output_npbst_.getBurst(0).fp16Data_[i] (0 and 12.84375) are not same 0 19052

src/tests/KernelTestCases.cpp:52: Failure
3101temp_fp16[0] and dim_data->output_npbst_.getBurst(0).fp16Data_[i] (0 and -1.615234375) are not same 0 48758

src/tests/KernelTestCases.cpp:52: Failure
3102temp_fp16[0] and dim_data->output_npbst_.getBurst(0).fp16Data_[i] (0 and 10.1875) are not same 0 18712

src/tests/KernelTestCases.cpp:52: Failure
3103temp_fp16[0] and dim_data->output_npbst_.getBurst(0).fp16Data_[i] (0 and -30.125) are not same 0 53128

src/tests/KernelTestCases.cpp:52: Failure
3104temp_fp16[0] and dim_data->output_npbst_.getBurst(0).fp16Data_[i] (0 and -10.2890625) are not same 0 51493

src/tests/KernelTestCases.cpp:52: Failure
3105temp_fp16[0] and dim_data->output_npbst_.getBurst(0).fp16Data_[i] (0 and -2.53125) are not same 0 49424

src/tests/KernelTestCases.cpp:52: Failure
3106temp_fp16[0] and dim_data->output_npbst_.getBurst(0).fp16Data_[i] (0 and 30.59375) are not same 0 20390

src/tests/KernelTestCases.cpp:52: Failure
3107temp_fp16[0] and dim_data->output_npbst_.getBurst(0).fp16Data_[i] (0 and 37.1875) are not same 0 20646

src/tests/KernelTestCases.cpp:52: Failure
3108temp_fp16[0] and dim_data->output_npbst_.getBurst(0).fp16Data_[i] (0 and -12.1796875) are not same 0 51735

src/tests/KernelTestCases.cpp:52: Failure
3109temp_fp16[0] and dim_data->output_npbst_.getBurst(0).fp16Data_[i] (0 and -12.796875) are not same 0 51814

src/tests/KernelTestCases.cpp:52: Failure
3110temp_fp16[0] and dim_data->output_npbst_.getBurst(0).fp16Data_[i] (0 and -10.796875) are not same 0 51558

src/tests/KernelTestCases.cpp:52: Failure
3111temp_fp16[0] and dim_data->output_npbst_.getBurst(0).fp16Data_[i] (0 and 25.890625) are not same 0 20089

src/tests/KernelTestCases.cpp:52: Failure
3112temp_fp16[0] and dim_data->output_npbst_.getBurst(0).fp16Data_[i] (0 and -26.734375) are not same 0 52911

src/tests/KernelTestCases.cpp:52: Failure
3113temp_fp16[0] and dim_data->output_npbst_.getBurst(0).fp16Data_[i] (0 and 10.8671875) are not same 0 18799

src/tests/KernelTestCases.cpp:52: Failure
3114temp_fp16[0] and dim_data->output_npbst_.getBurst(0).fp16Data_[i] (0 and -14.8515625) are not same 0 52077

src/tests/KernelTestCases.cpp:52: Failure
3115temp_fp16[0] and dim_data->output_npbst_.getBurst(0).fp16Data_[i] (0 and -15.7421875) are not same 0 52191

src/tests/KernelTestCases.cpp:52: Failure
3116temp_fp16[0] and dim_data->output_npbst_.getBurst(0).fp16Data_[i] (0 and 18.96875) are not same 0 19646

src/tests/KernelTestCases.cpp:52: Failure
3117temp_fp16[0] and dim_data->output_npbst_.getBurst(0).fp16Data_[i] (0 and -18.140625) are not same 0 52361

src/tests/KernelTestCases.cpp:52: Failure
3118temp_fp16[0] and dim_data->output_npbst_.getBurst(0).fp16Data_[i] (0 and -59.59375) are not same 0 54131

src/tests/KernelTestCases.cpp:52: Failure
3119temp_fp16[0] and dim_data->output_npbst_.getBurst(0).fp16Data_[i] (0 and -32.28125) are not same 0 53257

src/tests/KernelTestCases.cpp:52: Failure
3120temp_fp16[0] and dim_data->output_npbst_.getBurst(0).fp16Data_[i] (0 and -38) are not same 0 53440

src/tests/KernelTestCases.cpp:52: Failure
3121temp_fp16[0] and dim_data->output_npbst_.getBurst(0).fp16Data_[i] (0 and 21.09375) are not same 0 19782

src/tests/KernelTestCases.cpp:52: Failure
3122temp_fp16[0] and dim_data->output_npbst_.getBurst(0).fp16Data_[i] (0 and 16.0625) are not same 0 19460

src/tests/KernelTestCases.cpp:52: Failure
3123temp_fp16[0] and dim_data->output_npbst_.getBurst(0).fp16Data_[i] (0 and 3.501953125) are not same 0 17153

src/tests/KernelTestCases.cpp:52: Failure
3124temp_fp16[0] and dim_data->output_npbst_.getBurst(0).fp16Data_[i] (0 and 37.90625) are not same 0 20669

src/tests/KernelTestCases.cpp:52: Failure
3125temp_fp16[0] and dim_data->output_npbst_.getBurst(0).fp16Data_[i] (0 and -42.625) are not same 0 53588

src/tests/KernelTestCases.cpp:52: Failure
3126temp_fp16[0] and dim_data->output_npbst_.getBurst(0).fp16Data_[i] (0 and -32.5) are not same 0 53264

src/tests/KernelTestCases.cpp:52: Failure
3127temp_fp16[0] and dim_data->output_npbst_.getBurst(0).fp16Data_[i] (0 and -17.234375) are not same 0 52303

src/tests/KernelTestCases.cpp:52: Failure
3128temp_fp16[0] and dim_data->output_npbst_.getBurst(0).fp16Data_[i] (0 and 18.734375) are not same 0 19631

src/tests/KernelTestCases.cpp:52: Failure
3129temp_fp16[0] and dim_data->output_npbst_.getBurst(0).fp16Data_[i] (0 and 19.96875) are not same 0 19710

src/tests/KernelTestCases.cpp:52: Failure
3130temp_fp16[0] and dim_data->output_npbst_.getBurst(0).fp16Data_[i] (0 and -20.703125) are not same 0 52525

src/tests/KernelTestCases.cpp:52: Failure
3131temp_fp16[0] and dim_data->output_npbst_.getBurst(0).fp16Data_[i] (0 and 32.3125) are not same 0 20490

src/tests/KernelTestCases.cpp:52: Failure
3132temp_fp16[0] and dim_data->output_npbst_.getBurst(0).fp16Data_[i] (0 and -16.953125) are not same 0 52285

src/tests/KernelTestCases.cpp:52: Failure
3133temp_fp16[0] and dim_data->output_npbst_.getBurst(0).fp16Data_[i] (0 and -18.53125) are not same 0 52386

src/tests/KernelTestCases.cpp:52: Failure
3134temp_fp16[0] and dim_data->output_npbst_.getBurst(0).fp16Data_[i] (0 and -11.2734375) are not same 0 51619

src/tests/KernelTestCases.cpp:52: Failure
3135temp_fp16[0] and dim_data->output_npbst_.getBurst(0).fp16Data_[i] (0 and 26.34375) are not same 0 20118

src/tests/KernelTestCases.cpp:52: Failure
3136temp_fp16[0] and dim_data->output_npbst_.getBurst(0).fp16Data_[i] (0 and -47.6875) are not same 0 53750

src/tests/KernelTestCases.cpp:52: Failure
3137temp_fp16[0] and dim_data->output_npbst_.getBurst(0).fp16Data_[i] (0 and 7.1015625) are not same 0 18202

src/tests/KernelTestCases.cpp:52: Failure
3138temp_fp16[0] and dim_data->output_npbst_.getBurst(0).fp16Data_[i] (0 and 24.0625) are not same 0 19972

src/tests/KernelTestCases.cpp:52: Failure
3139temp_fp16[0] and dim_data->output_npbst_.getBurst(0).fp16Data_[i] (0 and -25.03125) are not same 0 52802

src/tests/KernelTestCases.cpp:52: Failure
3140temp_fp16[0] and dim_data->output_npbst_.getBurst(0).fp16Data_[i] (0 and 25.6875) are not same 0 20076

src/tests/KernelTestCases.cpp:52: Failure
3141temp_fp16[0] and dim_data->output_npbst_.getBurst(0).fp16Data_[i] (0 and 45.6875) are not same 0 20918

src/tests/KernelTestCases.cpp:52: Failure
3142temp_fp16[0] and dim_data->output_npbst_.getBurst(0).fp16Data_[i] (0 and 28.40625) are not same 0 20250

src/tests/KernelTestCases.cpp:52: Failure
3143temp_fp16[0] and dim_data->output_npbst_.getBurst(0).fp16Data_[i] (0 and 55.03125) are not same 0 21217

src/tests/KernelTestCases.cpp:52: Failure
3144temp_fp16[0] and dim_data->output_npbst_.getBurst(0).fp16Data_[i] (0 and 44.03125) are not same 0 20865

src/tests/KernelTestCases.cpp:52: Failure
3145temp_fp16[0] and dim_data->output_npbst_.getBurst(0).fp16Data_[i] (0 and -4.2265625) are not same 0 50234

src/tests/KernelTestCases.cpp:52: Failure
3146temp_fp16[0] and dim_data->output_npbst_.getBurst(0).fp16Data_[i] (0 and -1.5234375) are not same 0 48664

src/tests/KernelTestCases.cpp:52: Failure
3147temp_fp16[0] and dim_data->output_npbst_.getBurst(0).fp16Data_[i] (0 and 79.9375) are not same 0 21759

src/tests/KernelTestCases.cpp:52: Failure
3148temp_fp16[0] and dim_data->output_npbst_.getBurst(0).fp16Data_[i] (0 and 38.6875) are not same 0 20694

src/tests/KernelTestCases.cpp:52: Failure
3149temp_fp16[0] and dim_data->output_npbst_.getBurst(0).fp16Data_[i] (0 and 44.53125) are not same 0 20881

src/tests/KernelTestCases.cpp:52: Failure
3150temp_fp16[0] and dim_data->output_npbst_.getBurst(0).fp16Data_[i] (0 and 12.625) are not same 0 19024

src/tests/KernelTestCases.cpp:52: Failure
3151temp_fp16[0] and dim_data->output_npbst_.getBurst(0).fp16Data_[i] (0 and 12.8046875) are not same 0 19047

src/tests/KernelTestCases.cpp:52: Failure
3152temp_fp16[0] and dim_data->output_npbst_.getBurst(0).fp16Data_[i] (0 and -13.7265625) are not same 0 51933

src/tests/KernelTestCases.cpp:52: Failure
3153temp_fp16[0] and dim_data->output_npbst_.getBurst(0).fp16Data_[i] (0 and -30.375) are not same 0 53144

src/tests/KernelTestCases.cpp:52: Failure
3154temp_fp16[0] and dim_data->output_npbst_.getBurst(0).fp16Data_[i] (0 and -2.34375) are not same 0 49328

src/tests/KernelTestCases.cpp:52: Failure
3155temp_fp16[0] and dim_data->output_npbst_.getBurst(0).fp16Data_[i] (0 and -10.578125) are not same 0 51530

src/tests/KernelTestCases.cpp:52: Failure
3156temp_fp16[0] and dim_data->output_npbst_.getBurst(0).fp16Data_[i] (0 and -7.45703125) are not same 0 51061

src/tests/KernelTestCases.cpp:52: Failure
3157temp_fp16[0] and dim_data->output_npbst_.getBurst(0).fp16Data_[i] (0 and -2.505859375) are not same 0 49411

src/tests/KernelTestCases.cpp:52: Failure
3158temp_fp16[0] and dim_data->output_npbst_.getBurst(0).fp16Data_[i] (0 and 7.31640625) are not same 0 18257

src/tests/KernelTestCases.cpp:52: Failure
3159temp_fp16[0] and dim_data->output_npbst_.getBurst(0).fp16Data_[i] (0 and -20.875) are not same 0 52536

src/tests/KernelTestCases.cpp:52: Failure
3160temp_fp16[0] and dim_data->output_npbst_.getBurst(0).fp16Data_[i] (0 and -24.34375) are not same 0 52758

src/tests/KernelTestCases.cpp:52: Failure
3161temp_fp16[0] and dim_data->output_npbst_.getBurst(0).fp16Data_[i] (0 and 10.2421875) are not same 0 18719

src/tests/KernelTestCases.cpp:52: Failure
3162temp_fp16[0] and dim_data->output_npbst_.getBurst(0).fp16Data_[i] (0 and -7.0390625) are not same 0 50954

src/tests/KernelTestCases.cpp:52: Failure
3163temp_fp16[0] and dim_data->output_npbst_.getBurst(0).fp16Data_[i] (0 and 22.4375) are not same 0 19868

src/tests/KernelTestCases.cpp:52: Failure
3164temp_fp16[0] and dim_data->output_npbst_.getBurst(0).fp16Data_[i] (0 and 33.8125) are not same 0 20538

src/tests/KernelTestCases.cpp:52: Failure
3165temp_fp16[0] and dim_data->output_npbst_.getBurst(0).fp16Data_[i] (0 and -13.0546875) are not same 0 51847

src/tests/KernelTestCases.cpp:52: Failure
3166temp_fp16[0] and dim_data->output_npbst_.getBurst(0).fp16Data_[i] (0 and 3.28125) are not same 0 17040

src/tests/KernelTestCases.cpp:52: Failure
3167temp_fp16[0] and dim_data->output_npbst_.getBurst(0).fp16Data_[i] (0 and -27) are not same 0 52928

src/tests/KernelTestCases.cpp:52: Failure
3168temp_fp16[0] and dim_data->output_npbst_.getBurst(0).fp16Data_[i] (0 and 85.1875) are not same 0 21843

src/tests/KernelTestCases.cpp:52: Failure
3169temp_fp16[0] and dim_data->output_npbst_.getBurst(0).fp16Data_[i] (0 and 1.1298828125) are not same 0 15493

src/tests/KernelTestCases.cpp:52: Failure
3170temp_fp16[0] and dim_data->output_npbst_.getBurst(0).fp16Data_[i] (0 and 51.84375) are not same 0 21115

src/tests/KernelTestCases.cpp:52: Failure
3171temp_fp16[0] and dim_data->output_npbst_.getBurst(0).fp16Data_[i] (0 and 2.099609375) are not same 0 16435

src/tests/KernelTestCases.cpp:52: Failure
3172temp_fp16[0] and dim_data->output_npbst_.getBurst(0).fp16Data_[i] (0 and -40.65625) are not same 0 53525

src/tests/KernelTestCases.cpp:52: Failure
3173temp_fp16[0] and dim_data->output_npbst_.getBurst(0).fp16Data_[i] (0 and 5.7421875) are not same 0 17854

src/tests/KernelTestCases.cpp:52: Failure
3174temp_fp16[0] and dim_data->output_npbst_.getBurst(0).fp16Data_[i] (0 and -13.53125) are not same 0 51908

src/tests/KernelTestCases.cpp:52: Failure
3175temp_fp16[0] and dim_data->output_npbst_.getBurst(0).fp16Data_[i] (0 and 19.90625) are not same 0 19706

src/tests/KernelTestCases.cpp:52: Failure
3176temp_fp16[0] and dim_data->output_npbst_.getBurst(0).fp16Data_[i] (0 and 71.4375) are not same 0 21623

src/tests/KernelTestCases.cpp:52: Failure
3177temp_fp16[0] and dim_data->output_npbst_.getBurst(0).fp16Data_[i] (0 and -2.56640625) are not same 0 49442

src/tests/KernelTestCases.cpp:52: Failure
3178temp_fp16[0] and dim_data->output_npbst_.getBurst(0).fp16Data_[i] (0 and -35.75) are not same 0 53368

src/tests/KernelTestCases.cpp:52: Failure
3179temp_fp16[0] and dim_data->output_npbst_.getBurst(0).fp16Data_[i] (0 and -13.1328125) are not same 0 51857

src/tests/KernelTestCases.cpp:52: Failure
3180temp_fp16[0] and dim_data->output_npbst_.getBurst(0).fp16Data_[i] (0 and 1.52734375) are not same 0 15900

src/tests/KernelTestCases.cpp:52: Failure
3181temp_fp16[0] and dim_data->output_npbst_.getBurst(0).fp16Data_[i] (0 and -4.80859375) are not same 0 50383

src/tests/KernelTestCases.cpp:52: Failure
3182temp_fp16[0] and dim_data->output_npbst_.getBurst(0).fp16Data_[i] (0 and -5.19140625) are not same 0 50481

src/tests/KernelTestCases.cpp:52: Failure
3183temp_fp16[0] and dim_data->output_npbst_.getBurst(0).fp16Data_[i] (0 and 18.171875) are not same 0 19595

src/tests/KernelTestCases.cpp:52: Failure
3184temp_fp16[0] and dim_data->output_npbst_.getBurst(0).fp16Data_[i] (0 and -76.5625) are not same 0 54473

src/tests/KernelTestCases.cpp:52: Failure
3185temp_fp16[0] and dim_data->output_npbst_.getBurst(0).fp16Data_[i] (0 and 14.203125) are not same 0 19226

src/tests/KernelTestCases.cpp:52: Failure
3186temp_fp16[0] and dim_data->output_npbst_.getBurst(0).fp16Data_[i] (0 and 22.25) are not same 0 19856

src/tests/KernelTestCases.cpp:52: Failure
3187temp_fp16[0] and dim_data->output_npbst_.getBurst(0).fp16Data_[i] (0 and 21.390625) are not same 0 19801

src/tests/KernelTestCases.cpp:52: Failure
3188temp_fp16[0] and dim_data->output_npbst_.getBurst(0).fp16Data_[i] (0 and -7.3046875) are not same 0 51022

src/tests/KernelTestCases.cpp:52: Failure
3189temp_fp16[0] and dim_data->output_npbst_.getBurst(0).fp16Data_[i] (0 and 20.15625) are not same 0 19722

src/tests/KernelTestCases.cpp:52: Failure
3190temp_fp16[0] and dim_data->output_npbst_.getBurst(0).fp16Data_[i] (0 and -18.6875) are not same 0 52396

src/tests/KernelTestCases.cpp:52: Failure
3191temp_fp16[0] and dim_data->output_npbst_.getBurst(0).fp16Data_[i] (0 and -24.0625) are not same 0 52740

src/tests/KernelTestCases.cpp:52: Failure
3192temp_fp16[0] and dim_data->output_npbst_.getBurst(0).fp16Data_[i] (0 and -54.9375) are not same 0 53982

src/tests/KernelTestCases.cpp:52: Failure
3193temp_fp16[0] and dim_data->output_npbst_.getBurst(0).fp16Data_[i] (0 and 31.6875) are not same 0 20460

src/tests/KernelTestCases.cpp:52: Failure
3194temp_fp16[0] and dim_data->output_npbst_.getBurst(0).fp16Data_[i] (0 and -30.125) are not same 0 53128

src/tests/KernelTestCases.cpp:52: Failure
3195temp_fp16[0] and dim_data->output_npbst_.getBurst(0).fp16Data_[i] (0 and -57.46875) are not same 0 54063

src/tests/KernelTestCases.cpp:52: Failure
3196temp_fp16[0] and dim_data->output_npbst_.getBurst(0).fp16Data_[i] (0 and -22.0625) are not same 0 52612

src/tests/KernelTestCases.cpp:52: Failure
3197temp_fp16[0] and dim_data->output_npbst_.getBurst(0).fp16Data_[i] (0 and -21.625) are not same 0 52584

src/tests/KernelTestCases.cpp:52: Failure
3198temp_fp16[0] and dim_data->output_npbst_.getBurst(0).fp16Data_[i] (0 and -20.75) are not same 0 52528

src/tests/KernelTestCases.cpp:52: Failure
3199temp_fp16[0] and dim_data->output_npbst_.getBurst(0).fp16Data_[i] (0 and -77.75) are not same 0 54492

src/tests/KernelTestCases.cpp:52: Failure
3200temp_fp16[0] and dim_data->output_npbst_.getBurst(0).fp16Data_[i] (0 and 21.9375) are not same 0 19836

src/tests/KernelTestCases.cpp:52: Failure
3201temp_fp16[0] and dim_data->output_npbst_.getBurst(0).fp16Data_[i] (0 and 16.921875) are not same 0 19515

src/tests/KernelTestCases.cpp:52: Failure
3202temp_fp16[0] and dim_data->output_npbst_.getBurst(0).fp16Data_[i] (0 and -6.25390625) are not same 0 50753

src/tests/KernelTestCases.cpp:52: Failure
3203temp_fp16[0] and dim_data->output_npbst_.getBurst(0).fp16Data_[i] (0 and -17.75) are not same 0 52336

src/tests/KernelTestCases.cpp:52: Failure
3204temp_fp16[0] and dim_data->output_npbst_.getBurst(0).fp16Data_[i] (0 and -9.46875) are not same 0 51388

src/tests/KernelTestCases.cpp:52: Failure
3205temp_fp16[0] and dim_data->output_npbst_.getBurst(0).fp16Data_[i] (0 and 29.203125) are not same 0 20301

src/tests/KernelTestCases.cpp:52: Failure
3206temp_fp16[0] and dim_data->output_npbst_.getBurst(0).fp16Data_[i] (0 and -8.0546875) are not same 0 51207

src/tests/KernelTestCases.cpp:52: Failure
3207temp_fp16[0] and dim_data->output_npbst_.getBurst(0).fp16Data_[i] (0 and -3.65625) are not same 0 50000

src/tests/KernelTestCases.cpp:52: Failure
3208temp_fp16[0] and dim_data->output_npbst_.getBurst(0).fp16Data_[i] (0 and 12.8359375) are not same 0 19051

src/tests/KernelTestCases.cpp:52: Failure
3209temp_fp16[0] and dim_data->output_npbst_.getBurst(0).fp16Data_[i] (0 and -60.15625) are not same 0 54149

src/tests/KernelTestCases.cpp:52: Failure
3210temp_fp16[0] and dim_data->output_npbst_.getBurst(0).fp16Data_[i] (0 and -36.78125) are not same 0 53401

src/tests/KernelTestCases.cpp:52: Failure
3211temp_fp16[0] and dim_data->output_npbst_.getBurst(0).fp16Data_[i] (0 and 18.71875) are not same 0 19630

src/tests/KernelTestCases.cpp:52: Failure
3212temp_fp16[0] and dim_data->output_npbst_.getBurst(0).fp16Data_[i] (0 and -8.6171875) are not same 0 51279

src/tests/KernelTestCases.cpp:52: Failure
3213temp_fp16[0] and dim_data->output_npbst_.getBurst(0).fp16Data_[i] (0 and 9.796875) are not same 0 18662

src/tests/KernelTestCases.cpp:52: Failure
3214temp_fp16[0] and dim_data->output_npbst_.getBurst(0).fp16Data_[i] (0 and -24.78125) are not same 0 52786

src/tests/KernelTestCases.cpp:52: Failure
3215temp_fp16[0] and dim_data->output_npbst_.getBurst(0).fp16Data_[i] (0 and -25.53125) are not same 0 52834

src/tests/KernelTestCases.cpp:52: Failure
3216temp_fp16[0] and dim_data->output_npbst_.getBurst(0).fp16Data_[i] (0 and 7.6328125) are not same 0 18338

src/tests/KernelTestCases.cpp:52: Failure
3217temp_fp16[0] and dim_data->output_npbst_.getBurst(0).fp16Data_[i] (0 and -30.515625) are not same 0 53153

src/tests/KernelTestCases.cpp:52: Failure
3218temp_fp16[0] and dim_data->output_npbst_.getBurst(0).fp16Data_[i] (0 and 15.625) are not same 0 19408

src/tests/KernelTestCases.cpp:52: Failure
3219temp_fp16[0] and dim_data->output_npbst_.getBurst(0).fp16Data_[i] (0 and -23.171875) are not same 0 52683

src/tests/KernelTestCases.cpp:52: Failure
3220temp_fp16[0] and dim_data->output_npbst_.getBurst(0).fp16Data_[i] (0 and 21.3125) are not same 0 19796

src/tests/KernelTestCases.cpp:52: Failure
3221temp_fp16[0] and dim_data->output_npbst_.getBurst(0).fp16Data_[i] (0 and 21.140625) are not same 0 19785

src/tests/KernelTestCases.cpp:52: Failure
3222temp_fp16[0] and dim_data->output_npbst_.getBurst(0).fp16Data_[i] (0 and -34.125) are not same 0 53316

src/tests/KernelTestCases.cpp:52: Failure
3223temp_fp16[0] and dim_data->output_npbst_.getBurst(0).fp16Data_[i] (0 and -29) are not same 0 53056

src/tests/KernelTestCases.cpp:52: Failure
3224temp_fp16[0] and dim_data->output_npbst_.getBurst(0).fp16Data_[i] (0 and -35.59375) are not same 0 53363

src/tests/KernelTestCases.cpp:52: Failure
3225temp_fp16[0] and dim_data->output_npbst_.getBurst(0).fp16Data_[i] (0 and -4.53125) are not same 0 50312

src/tests/KernelTestCases.cpp:52: Failure
3226temp_fp16[0] and dim_data->output_npbst_.getBurst(0).fp16Data_[i] (0 and -37.4375) are not same 0 53422

src/tests/KernelTestCases.cpp:52: Failure
3227temp_fp16[0] and dim_data->output_npbst_.getBurst(0).fp16Data_[i] (0 and -36.6875) are not same 0 53398

src/tests/KernelTestCases.cpp:52: Failure
3228temp_fp16[0] and dim_data->output_npbst_.getBurst(0).fp16Data_[i] (0 and -53.4375) are not same 0 53934

src/tests/KernelTestCases.cpp:52: Failure
3229temp_fp16[0] and dim_data->output_npbst_.getBurst(0).fp16Data_[i] (0 and -48.46875) are not same 0 53775

src/tests/KernelTestCases.cpp:52: Failure
3230temp_fp16[0] and dim_data->output_npbst_.getBurst(0).fp16Data_[i] (0 and 7.6953125) are not same 0 18354

src/tests/KernelTestCases.cpp:52: Failure
3231temp_fp16[0] and dim_data->output_npbst_.getBurst(0).fp16Data_[i] (0 and -28.25) are not same 0 53008

src/tests/KernelTestCases.cpp:52: Failure
3232temp_fp16[0] and dim_data->output_npbst_.getBurst(0).fp16Data_[i] (0 and 32.625) are not same 0 20500

src/tests/KernelTestCases.cpp:52: Failure
3234temp_fp16[0] and dim_data->output_npbst_.getBurst(0).fp16Data_[i] (0 and 9.84375) are not same 0 18668

src/tests/KernelTestCases.cpp:52: Failure
3235temp_fp16[0] and dim_data->output_npbst_.getBurst(0).fp16Data_[i] (0 and 72.8125) are not same 0 21645

src/tests/KernelTestCases.cpp:52: Failure
3236temp_fp16[0] and dim_data->output_npbst_.getBurst(0).fp16Data_[i] (0 and -10.6484375) are not same 0 51539

src/tests/KernelTestCases.cpp:52: Failure
3237temp_fp16[0] and dim_data->output_npbst_.getBurst(0).fp16Data_[i] (0 and -90.4375) are not same 0 54695

src/tests/KernelTestCases.cpp:52: Failure
3238temp_fp16[0] and dim_data->output_npbst_.getBurst(0).fp16Data_[i] (0 and -29.8125) are not same 0 53108

src/tests/KernelTestCases.cpp:52: Failure
3239temp_fp16[0] and dim_data->output_npbst_.getBurst(0).fp16Data_[i] (0 and 13.3203125) are not same 0 19113

src/tests/KernelTestCases.cpp:52: Failure
3240temp_fp16[0] and dim_data->output_npbst_.getBurst(0).fp16Data_[i] (0 and -4.03125) are not same 0 50184

src/tests/KernelTestCases.cpp:52: Failure
3241temp_fp16[0] and dim_data->output_npbst_.getBurst(0).fp16Data_[i] (0 and -73.5) are not same 0 54424

src/tests/KernelTestCases.cpp:52: Failure
3242temp_fp16[0] and dim_data->output_npbst_.getBurst(0).fp16Data_[i] (0 and 16.859375) are not same 0 19511

src/tests/KernelTestCases.cpp:52: Failure
3243temp_fp16[0] and dim_data->output_npbst_.getBurst(0).fp16Data_[i] (0 and -25.03125) are not same 0 52802

src/tests/KernelTestCases.cpp:52: Failure
3244temp_fp16[0] and dim_data->output_npbst_.getBurst(0).fp16Data_[i] (0 and -42.03125) are not same 0 53569

src/tests/KernelTestCases.cpp:52: Failure
3245temp_fp16[0] and dim_data->output_npbst_.getBurst(0).fp16Data_[i] (0 and -15.703125) are not same 0 52186

src/tests/KernelTestCases.cpp:52: Failure
3246temp_fp16[0] and dim_data->output_npbst_.getBurst(0).fp16Data_[i] (0 and 14.8671875) are not same 0 19311

src/tests/KernelTestCases.cpp:52: Failure
3247temp_fp16[0] and dim_data->output_npbst_.getBurst(0).fp16Data_[i] (0 and -94.4375) are not same 0 54759

src/tests/KernelTestCases.cpp:52: Failure
3248temp_fp16[0] and dim_data->output_npbst_.getBurst(0).fp16Data_[i] (0 and -26.75) are not same 0 52912

src/tests/KernelTestCases.cpp:52: Failure
3249temp_fp16[0] and dim_data->output_npbst_.getBurst(0).fp16Data_[i] (0 and -14.703125) are not same 0 52058

src/tests/KernelTestCases.cpp:52: Failure
3250temp_fp16[0] and dim_data->output_npbst_.getBurst(0).fp16Data_[i] (0 and -29.109375) are not same 0 53063

src/tests/KernelTestCases.cpp:52: Failure
3251temp_fp16[0] and dim_data->output_npbst_.getBurst(0).fp16Data_[i] (0 and -31.859375) are not same 0 53239

src/tests/KernelTestCases.cpp:52: Failure
3252temp_fp16[0] and dim_data->output_npbst_.getBurst(0).fp16Data_[i] (0 and -40.21875) are not same 0 53511

src/tests/KernelTestCases.cpp:52: Failure
3253temp_fp16[0] and dim_data->output_npbst_.getBurst(0).fp16Data_[i] (0 and 41.46875) are not same 0 20783

src/tests/KernelTestCases.cpp:52: Failure
3254temp_fp16[0] and dim_data->output_npbst_.getBurst(0).fp16Data_[i] (0 and 23.1875) are not same 0 19916

src/tests/KernelTestCases.cpp:52: Failure
3255temp_fp16[0] and dim_data->output_npbst_.getBurst(0).fp16Data_[i] (0 and -22.59375) are not same 0 52646

src/tests/KernelTestCases.cpp:52: Failure
3256temp_fp16[0] and dim_data->output_npbst_.getBurst(0).fp16Data_[i] (0 and -13.5078125) are not same 0 51905

src/tests/KernelTestCases.cpp:52: Failure
3257temp_fp16[0] and dim_data->output_npbst_.getBurst(0).fp16Data_[i] (0 and 17.5625) are not same 0 19556

src/tests/KernelTestCases.cpp:52: Failure
3258temp_fp16[0] and dim_data->output_npbst_.getBurst(0).fp16Data_[i] (0 and 67) are not same 0 21552

src/tests/KernelTestCases.cpp:52: Failure
3259temp_fp16[0] and dim_data->output_npbst_.getBurst(0).fp16Data_[i] (0 and -49.9375) are not same 0 53822

src/tests/KernelTestCases.cpp:52: Failure
3260temp_fp16[0] and dim_data->output_npbst_.getBurst(0).fp16Data_[i] (0 and 17.046875) are not same 0 19523

src/tests/KernelTestCases.cpp:52: Failure
3261temp_fp16[0] and dim_data->output_npbst_.getBurst(0).fp16Data_[i] (0 and -21.59375) are not same 0 52582

src/tests/KernelTestCases.cpp:52: Failure
3262temp_fp16[0] and dim_data->output_npbst_.getBurst(0).fp16Data_[i] (0 and 8.9140625) are not same 0 18549

src/tests/KernelTestCases.cpp:52: Failure
3263temp_fp16[0] and dim_data->output_npbst_.getBurst(0).fp16Data_[i] (0 and 17.8125) are not same 0 19572

src/tests/KernelTestCases.cpp:52: Failure
3264temp_fp16[0] and dim_data->output_npbst_.getBurst(0).fp16Data_[i] (0 and -18.25) are not same 0 52368

src/tests/KernelTestCases.cpp:52: Failure
3265temp_fp16[0] and dim_data->output_npbst_.getBurst(0).fp16Data_[i] (0 and -48.6875) are not same 0 53782

src/tests/KernelTestCases.cpp:52: Failure
3266temp_fp16[0] and dim_data->output_npbst_.getBurst(0).fp16Data_[i] (0 and 32.28125) are not same 0 20489

src/tests/KernelTestCases.cpp:52: Failure
3267temp_fp16[0] and dim_data->output_npbst_.getBurst(0).fp16Data_[i] (0 and -8.71875) are not same 0 51292

src/tests/KernelTestCases.cpp:52: Failure
3268temp_fp16[0] and dim_data->output_npbst_.getBurst(0).fp16Data_[i] (0 and 15.0625) are not same 0 19336

src/tests/KernelTestCases.cpp:52: Failure
3269temp_fp16[0] and dim_data->output_npbst_.getBurst(0).fp16Data_[i] (0 and -33.375) are not same 0 53292

src/tests/KernelTestCases.cpp:52: Failure
3270temp_fp16[0] and dim_data->output_npbst_.getBurst(0).fp16Data_[i] (0 and 35.15625) are not same 0 20581

src/tests/KernelTestCases.cpp:52: Failure
3271temp_fp16[0] and dim_data->output_npbst_.getBurst(0).fp16Data_[i] (0 and -1.3544921875) are not same 0 48491

src/tests/KernelTestCases.cpp:52: Failure
3272temp_fp16[0] and dim_data->output_npbst_.getBurst(0).fp16Data_[i] (0 and 22.796875) are not same 0 19891

src/tests/KernelTestCases.cpp:52: Failure
3273temp_fp16[0] and dim_data->output_npbst_.getBurst(0).fp16Data_[i] (0 and 20.34375) are not same 0 19734

src/tests/KernelTestCases.cpp:52: Failure
3274temp_fp16[0] and dim_data->output_npbst_.getBurst(0).fp16Data_[i] (0 and 8.1171875) are not same 0 18447

src/tests/KernelTestCases.cpp:52: Failure
3275temp_fp16[0] and dim_data->output_npbst_.getBurst(0).fp16Data_[i] (0 and 41.28125) are not same 0 20777

src/tests/KernelTestCases.cpp:52: Failure
3276temp_fp16[0] and dim_data->output_npbst_.getBurst(0).fp16Data_[i] (0 and -47.5625) are not same 0 53746

src/tests/KernelTestCases.cpp:52: Failure
3277temp_fp16[0] and dim_data->output_npbst_.getBurst(0).fp16Data_[i] (0 and 4.26953125) are not same 0 17477

src/tests/KernelTestCases.cpp:52: Failure
3278temp_fp16[0] and dim_data->output_npbst_.getBurst(0).fp16Data_[i] (0 and -34.5625) are not same 0 53330

src/tests/KernelTestCases.cpp:52: Failure
3279temp_fp16[0] and dim_data->output_npbst_.getBurst(0).fp16Data_[i] (0 and 13.7734375) are not same 0 19171

src/tests/KernelTestCases.cpp:52: Failure
3280temp_fp16[0] and dim_data->output_npbst_.getBurst(0).fp16Data_[i] (0 and -2.51953125) are not same 0 49418

src/tests/KernelTestCases.cpp:52: Failure
3281temp_fp16[0] and dim_data->output_npbst_.getBurst(0).fp16Data_[i] (0 and 17.421875) are not same 0 19547

src/tests/KernelTestCases.cpp:52: Failure
3282temp_fp16[0] and dim_data->output_npbst_.getBurst(0).fp16Data_[i] (0 and -9.9296875) are not same 0 51447

src/tests/KernelTestCases.cpp:52: Failure
3283temp_fp16[0] and dim_data->output_npbst_.getBurst(0).fp16Data_[i] (0 and 43.84375) are not same 0 20859

src/tests/KernelTestCases.cpp:52: Failure
3284temp_fp16[0] and dim_data->output_npbst_.getBurst(0).fp16Data_[i] (0 and -19.15625) are not same 0 52426

src/tests/KernelTestCases.cpp:52: Failure
3285temp_fp16[0] and dim_data->output_npbst_.getBurst(0).fp16Data_[i] (0 and 90.5625) are not same 0 21929

src/tests/KernelTestCases.cpp:52: Failure
3286temp_fp16[0] and dim_data->output_npbst_.getBurst(0).fp16Data_[i] (0 and -8.78125) are not same 0 51300

src/tests/KernelTestCases.cpp:52: Failure
3287temp_fp16[0] and dim_data->output_npbst_.getBurst(0).fp16Data_[i] (0 and 3.90625) are not same 0 17360

src/tests/KernelTestCases.cpp:52: Failure
3288temp_fp16[0] and dim_data->output_npbst_.getBurst(0).fp16Data_[i] (0 and -30.96875) are not same 0 53182

src/tests/KernelTestCases.cpp:52: Failure
3289temp_fp16[0] and dim_data->output_npbst_.getBurst(0).fp16Data_[i] (0 and 18.8125) are not same 0 19636

src/tests/KernelTestCases.cpp:52: Failure
3290temp_fp16[0] and dim_data->output_npbst_.getBurst(0).fp16Data_[i] (0 and 30.921875) are not same 0 20411

src/tests/KernelTestCases.cpp:52: Failure
3291temp_fp16[0] and dim_data->output_npbst_.getBurst(0).fp16Data_[i] (0 and 29.078125) are not same 0 20293

src/tests/KernelTestCases.cpp:52: Failure
3292temp_fp16[0] and dim_data->output_npbst_.getBurst(0).fp16Data_[i] (0 and -16.953125) are not same 0 52285

src/tests/KernelTestCases.cpp:52: Failure
3293temp_fp16[0] and dim_data->output_npbst_.getBurst(0).fp16Data_[i] (0 and -11.171875) are not same 0 51606

src/tests/KernelTestCases.cpp:52: Failure
3294temp_fp16[0] and dim_data->output_npbst_.getBurst(0).fp16Data_[i] (0 and -16.53125) are not same 0 52258

src/tests/KernelTestCases.cpp:52: Failure
3295temp_fp16[0] and dim_data->output_npbst_.getBurst(0).fp16Data_[i] (0 and 40.21875) are not same 0 20743

src/tests/KernelTestCases.cpp:52: Failure
3296temp_fp16[0] and dim_data->output_npbst_.getBurst(0).fp16Data_[i] (0 and -0.93505859375) are not same 0 47995

src/tests/KernelTestCases.cpp:52: Failure
3297temp_fp16[0] and dim_data->output_npbst_.getBurst(0).fp16Data_[i] (0 and 14.7265625) are not same 0 19293

src/tests/KernelTestCases.cpp:52: Failure
3298temp_fp16[0] and dim_data->output_npbst_.getBurst(0).fp16Data_[i] (0 and -2.55078125) are not same 0 49434

src/tests/KernelTestCases.cpp:52: Failure
3299temp_fp16[0] and dim_data->output_npbst_.getBurst(0).fp16Data_[i] (0 and 81.25) are not same 0 21780

src/tests/KernelTestCases.cpp:52: Failure
3300temp_fp16[0] and dim_data->output_npbst_.getBurst(0).fp16Data_[i] (0 and -7.22265625) are not same 0 51001

src/tests/KernelTestCases.cpp:52: Failure
3301temp_fp16[0] and dim_data->output_npbst_.getBurst(0).fp16Data_[i] (0 and 42.875) are not same 0 20828

src/tests/KernelTestCases.cpp:52: Failure
3302temp_fp16[0] and dim_data->output_npbst_.getBurst(0).fp16Data_[i] (0 and -12.984375) are not same 0 51838

src/tests/KernelTestCases.cpp:52: Failure
3303temp_fp16[0] and dim_data->output_npbst_.getBurst(0).fp16Data_[i] (0 and 10.796875) are not same 0 18790

src/tests/KernelTestCases.cpp:52: Failure
3304temp_fp16[0] and dim_data->output_npbst_.getBurst(0).fp16Data_[i] (0 and 34.6875) are not same 0 20566

src/tests/KernelTestCases.cpp:52: Failure
3305temp_fp16[0] and dim_data->output_npbst_.getBurst(0).fp16Data_[i] (0 and 35.46875) are not same 0 20591

src/tests/KernelTestCases.cpp:52: Failure
3306temp_fp16[0] and dim_data->output_npbst_.getBurst(0).fp16Data_[i] (0 and -25.28125) are not same 0 52818

src/tests/KernelTestCases.cpp:52: Failure
3307temp_fp16[0] and dim_data->output_npbst_.getBurst(0).fp16Data_[i] (0 and 28.390625) are not same 0 20249

src/tests/KernelTestCases.cpp:52: Failure
3308temp_fp16[0] and dim_data->output_npbst_.getBurst(0).fp16Data_[i] (0 and 57.78125) are not same 0 21305

src/tests/KernelTestCases.cpp:52: Failure
3309temp_fp16[0] and dim_data->output_npbst_.getBurst(0).fp16Data_[i] (0 and 12.9609375) are not same 0 19067

src/tests/KernelTestCases.cpp:52: Failure
3310temp_fp16[0] and dim_data->output_npbst_.getBurst(0).fp16Data_[i] (0 and 14.0703125) are not same 0 19209

src/tests/KernelTestCases.cpp:52: Failure
3311temp_fp16[0] and dim_data->output_npbst_.getBurst(0).fp16Data_[i] (0 and 21.453125) are not same 0 19805

src/tests/KernelTestCases.cpp:52: Failure
3312temp_fp16[0] and dim_data->output_npbst_.getBurst(0).fp16Data_[i] (0 and 31.625) are not same 0 20456

src/tests/KernelTestCases.cpp:52: Failure
3313temp_fp16[0] and dim_data->output_npbst_.getBurst(0).fp16Data_[i] (0 and -24.65625) are not same 0 52778

src/tests/KernelTestCases.cpp:52: Failure
3314temp_fp16[0] and dim_data->output_npbst_.getBurst(0).fp16Data_[i] (0 and -25.453125) are not same 0 52829

src/tests/KernelTestCases.cpp:52: Failure
3315temp_fp16[0] and dim_data->output_npbst_.getBurst(0).fp16Data_[i] (0 and 43.09375) are not same 0 20835

src/tests/KernelTestCases.cpp:52: Failure
3316temp_fp16[0] and dim_data->output_npbst_.getBurst(0).fp16Data_[i] (0 and 8.4296875) are not same 0 18487

src/tests/KernelTestCases.cpp:52: Failure
3317temp_fp16[0] and dim_data->output_npbst_.getBurst(0).fp16Data_[i] (0 and 47.4375) are not same 0 20974

src/tests/KernelTestCases.cpp:52: Failure
3319temp_fp16[0] and dim_data->output_npbst_.getBurst(0).fp16Data_[i] (0 and -34.125) are not same 0 53316

src/tests/KernelTestCases.cpp:52: Failure
3320temp_fp16[0] and dim_data->output_npbst_.getBurst(0).fp16Data_[i] (0 and 9.2109375) are not same 0 18587

src/tests/KernelTestCases.cpp:52: Failure
3321temp_fp16[0] and dim_data->output_npbst_.getBurst(0).fp16Data_[i] (0 and -24.828125) are not same 0 52789

src/tests/KernelTestCases.cpp:52: Failure
3322temp_fp16[0] and dim_data->output_npbst_.getBurst(0).fp16Data_[i] (0 and -16.171875) are not same 0 52235

src/tests/KernelTestCases.cpp:52: Failure
3323temp_fp16[0] and dim_data->output_npbst_.getBurst(0).fp16Data_[i] (0 and -14.96875) are not same 0 52092

src/tests/KernelTestCases.cpp:52: Failure
3324temp_fp16[0] and dim_data->output_npbst_.getBurst(0).fp16Data_[i] (0 and 6.87890625) are not same 0 18145

src/tests/KernelTestCases.cpp:52: Failure
3325temp_fp16[0] and dim_data->output_npbst_.getBurst(0).fp16Data_[i] (0 and -31.515625) are not same 0 53217

src/tests/KernelTestCases.cpp:52: Failure
3326temp_fp16[0] and dim_data->output_npbst_.getBurst(0).fp16Data_[i] (0 and -28.96875) are not same 0 53054

src/tests/KernelTestCases.cpp:52: Failure
3327temp_fp16[0] and dim_data->output_npbst_.getBurst(0).fp16Data_[i] (0 and 41.4375) are not same 0 20782

src/tests/KernelTestCases.cpp:52: Failure
3328temp_fp16[0] and dim_data->output_npbst_.getBurst(0).fp16Data_[i] (0 and 18.46875) are not same 0 19614

src/tests/KernelTestCases.cpp:52: Failure
3329temp_fp16[0] and dim_data->output_npbst_.getBurst(0).fp16Data_[i] (0 and 30.25) are not same 0 20368

src/tests/KernelTestCases.cpp:52: Failure
3330temp_fp16[0] and dim_data->output_npbst_.getBurst(0).fp16Data_[i] (0 and 12.8671875) are not same 0 19055

src/tests/KernelTestCases.cpp:52: Failure
3331temp_fp16[0] and dim_data->output_npbst_.getBurst(0).fp16Data_[i] (0 and 68.4375) are not same 0 21575

src/tests/KernelTestCases.cpp:52: Failure
3332temp_fp16[0] and dim_data->output_npbst_.getBurst(0).fp16Data_[i] (0 and -4.59765625) are not same 0 50329

src/tests/KernelTestCases.cpp:52: Failure
3333temp_fp16[0] and dim_data->output_npbst_.getBurst(0).fp16Data_[i] (0 and 13.0234375) are not same 0 19075

src/tests/KernelTestCases.cpp:52: Failure
3334temp_fp16[0] and dim_data->output_npbst_.getBurst(0).fp16Data_[i] (0 and -13.4609375) are not same 0 51899

src/tests/KernelTestCases.cpp:52: Failure
3335temp_fp16[0] and dim_data->output_npbst_.getBurst(0).fp16Data_[i] (0 and 29.328125) are not same 0 20309

src/tests/KernelTestCases.cpp:52: Failure
3337temp_fp16[0] and dim_data->output_npbst_.getBurst(0).fp16Data_[i] (0 and 22.78125) are not same 0 19890

src/tests/KernelTestCases.cpp:52: Failure
3338temp_fp16[0] and dim_data->output_npbst_.getBurst(0).fp16Data_[i] (0 and -24.78125) are not same 0 52786

src/tests/KernelTestCases.cpp:52: Failure
3339temp_fp16[0] and dim_data->output_npbst_.getBurst(0).fp16Data_[i] (0 and -3.470703125) are not same 0 49905

src/tests/KernelTestCases.cpp:52: Failure
3340temp_fp16[0] and dim_data->output_npbst_.getBurst(0).fp16Data_[i] (0 and 7.328125) are not same 0 18260

src/tests/KernelTestCases.cpp:52: Failure
3341temp_fp16[0] and dim_data->output_npbst_.getBurst(0).fp16Data_[i] (0 and -5.7109375) are not same 0 50614

src/tests/KernelTestCases.cpp:52: Failure
3342temp_fp16[0] and dim_data->output_npbst_.getBurst(0).fp16Data_[i] (0 and -11.0546875) are not same 0 51591

src/tests/KernelTestCases.cpp:52: Failure
3343temp_fp16[0] and dim_data->output_npbst_.getBurst(0).fp16Data_[i] (0 and 48.53125) are not same 0 21009

src/tests/KernelTestCases.cpp:52: Failure
3344temp_fp16[0] and dim_data->output_npbst_.getBurst(0).fp16Data_[i] (0 and 3.884765625) are not same 0 17349

src/tests/KernelTestCases.cpp:52: Failure
3345temp_fp16[0] and dim_data->output_npbst_.getBurst(0).fp16Data_[i] (0 and 4.11328125) are not same 0 17437

src/tests/KernelTestCases.cpp:52: Failure
3346temp_fp16[0] and dim_data->output_npbst_.getBurst(0).fp16Data_[i] (0 and 37.6875) are not same 0 20662

src/tests/KernelTestCases.cpp:52: Failure
3347temp_fp16[0] and dim_data->output_npbst_.getBurst(0).fp16Data_[i] (0 and 3.63671875) are not same 0 17222

src/tests/KernelTestCases.cpp:52: Failure
3348temp_fp16[0] and dim_data->output_npbst_.getBurst(0).fp16Data_[i] (0 and 13.9375) are not same 0 19192

src/tests/KernelTestCases.cpp:52: Failure
3349temp_fp16[0] and dim_data->output_npbst_.getBurst(0).fp16Data_[i] (0 and -57.75) are not same 0 54072

src/tests/KernelTestCases.cpp:52: Failure
3350temp_fp16[0] and dim_data->output_npbst_.getBurst(0).fp16Data_[i] (0 and 0.95947265625) are not same 0 15277

src/tests/KernelTestCases.cpp:52: Failure
3351temp_fp16[0] and dim_data->output_npbst_.getBurst(0).fp16Data_[i] (0 and 13.46875) are not same 0 19132

src/tests/KernelTestCases.cpp:52: Failure
3352temp_fp16[0] and dim_data->output_npbst_.getBurst(0).fp16Data_[i] (0 and 12.15625) are not same 0 18964

src/tests/KernelTestCases.cpp:52: Failure
3353temp_fp16[0] and dim_data->output_npbst_.getBurst(0).fp16Data_[i] (0 and -8.359375) are not same 0 51246

src/tests/KernelTestCases.cpp:52: Failure
3354temp_fp16[0] and dim_data->output_npbst_.getBurst(0).fp16Data_[i] (0 and 13.4140625) are not same 0 19125

src/tests/KernelTestCases.cpp:52: Failure
3355temp_fp16[0] and dim_data->output_npbst_.getBurst(0).fp16Data_[i] (0 and 14.8046875) are not same 0 19303

src/tests/KernelTestCases.cpp:52: Failure
3356temp_fp16[0] and dim_data->output_npbst_.getBurst(0).fp16Data_[i] (0 and 47.28125) are not same 0 20969

src/tests/KernelTestCases.cpp:52: Failure
3357temp_fp16[0] and dim_data->output_npbst_.getBurst(0).fp16Data_[i] (0 and -64.3125) are not same 0 54277

src/tests/KernelTestCases.cpp:52: Failure
3358temp_fp16[0] and dim_data->output_npbst_.getBurst(0).fp16Data_[i] (0 and -8.015625) are not same 0 51202

src/tests/KernelTestCases.cpp:52: Failure
3359temp_fp16[0] and dim_data->output_npbst_.getBurst(0).fp16Data_[i] (0 and -29) are not same 0 53056

src/tests/KernelTestCases.cpp:52: Failure
3360temp_fp16[0] and dim_data->output_npbst_.getBurst(0).fp16Data_[i] (0 and 2.46875) are not same 0 16624

src/tests/KernelTestCases.cpp:52: Failure
3361temp_fp16[0] and dim_data->output_npbst_.getBurst(0).fp16Data_[i] (0 and -39.71875) are not same 0 53495

src/tests/KernelTestCases.cpp:52: Failure
3362temp_fp16[0] and dim_data->output_npbst_.getBurst(0).fp16Data_[i] (0 and 4.08984375) are not same 0 17431

src/tests/KernelTestCases.cpp:52: Failure
3363temp_fp16[0] and dim_data->output_npbst_.getBurst(0).fp16Data_[i] (0 and -9.046875) are not same 0 51334

src/tests/KernelTestCases.cpp:52: Failure
3364temp_fp16[0] and dim_data->output_npbst_.getBurst(0).fp16Data_[i] (0 and 40.3125) are not same 0 20746

src/tests/KernelTestCases.cpp:52: Failure
3365temp_fp16[0] and dim_data->output_npbst_.getBurst(0).fp16Data_[i] (0 and -90.375) are not same 0 54694

src/tests/KernelTestCases.cpp:52: Failure
3366temp_fp16[0] and dim_data->output_npbst_.getBurst(0).fp16Data_[i] (0 and -22.765625) are not same 0 52657

src/tests/KernelTestCases.cpp:52: Failure
3367temp_fp16[0] and dim_data->output_npbst_.getBurst(0).fp16Data_[i] (0 and -4.16015625) are not same 0 50217

src/tests/KernelTestCases.cpp:52: Failure
3368temp_fp16[0] and dim_data->output_npbst_.getBurst(0).fp16Data_[i] (0 and -1.5595703125) are not same 0 48701

src/tests/KernelTestCases.cpp:52: Failure
3369temp_fp16[0] and dim_data->output_npbst_.getBurst(0).fp16Data_[i] (0 and 26.75) are not same 0 20144

src/tests/KernelTestCases.cpp:52: Failure
3370temp_fp16[0] and dim_data->output_npbst_.getBurst(0).fp16Data_[i] (0 and -1.5791015625) are not same 0 48721

src/tests/KernelTestCases.cpp:52: Failure
3371temp_fp16[0] and dim_data->output_npbst_.getBurst(0).fp16Data_[i] (0 and 12.15625) are not same 0 18964

src/tests/KernelTestCases.cpp:52: Failure
3372temp_fp16[0] and dim_data->output_npbst_.getBurst(0).fp16Data_[i] (0 and 31.640625) are not same 0 20457

src/tests/KernelTestCases.cpp:52: Failure
3373temp_fp16[0] and dim_data->output_npbst_.getBurst(0).fp16Data_[i] (0 and -36.3125) are not same 0 53386

src/tests/KernelTestCases.cpp:52: Failure
3374temp_fp16[0] and dim_data->output_npbst_.getBurst(0).fp16Data_[i] (0 and 12.375) are not same 0 18992

src/tests/KernelTestCases.cpp:52: Failure
3375temp_fp16[0] and dim_data->output_npbst_.getBurst(0).fp16Data_[i] (0 and 36.3125) are not same 0 20618

src/tests/KernelTestCases.cpp:52: Failure
3376temp_fp16[0] and dim_data->output_npbst_.getBurst(0).fp16Data_[i] (0 and -11.4375) are not same 0 51640

src/tests/KernelTestCases.cpp:52: Failure
3377temp_fp16[0] and dim_data->output_npbst_.getBurst(0).fp16Data_[i] (0 and -28.625) are not same 0 53032

src/tests/KernelTestCases.cpp:52: Failure
3378temp_fp16[0] and dim_data->output_npbst_.getBurst(0).fp16Data_[i] (0 and -7.51953125) are not same 0 51077

src/tests/KernelTestCases.cpp:52: Failure
3379temp_fp16[0] and dim_data->output_npbst_.getBurst(0).fp16Data_[i] (0 and 19.421875) are not same 0 19675

src/tests/KernelTestCases.cpp:52: Failure
3380temp_fp16[0] and dim_data->output_npbst_.getBurst(0).fp16Data_[i] (0 and 36.46875) are not same 0 20623

src/tests/KernelTestCases.cpp:52: Failure
3381temp_fp16[0] and dim_data->output_npbst_.getBurst(0).fp16Data_[i] (0 and -3.419921875) are not same 0 49879

src/tests/KernelTestCases.cpp:52: Failure
3382temp_fp16[0] and dim_data->output_npbst_.getBurst(0).fp16Data_[i] (0 and 22.28125) are not same 0 19858

src/tests/KernelTestCases.cpp:52: Failure
3383temp_fp16[0] and dim_data->output_npbst_.getBurst(0).fp16Data_[i] (0 and -62.375) are not same 0 54220

src/tests/KernelTestCases.cpp:52: Failure
3384temp_fp16[0] and dim_data->output_npbst_.getBurst(0).fp16Data_[i] (0 and 67.3125) are not same 0 21557

src/tests/KernelTestCases.cpp:52: Failure
3385temp_fp16[0] and dim_data->output_npbst_.getBurst(0).fp16Data_[i] (0 and 12.1875) are not same 0 18968

src/tests/KernelTestCases.cpp:52: Failure
3386temp_fp16[0] and dim_data->output_npbst_.getBurst(0).fp16Data_[i] (0 and 13.34375) are not same 0 19116

src/tests/KernelTestCases.cpp:52: Failure
3387temp_fp16[0] and dim_data->output_npbst_.getBurst(0).fp16Data_[i] (0 and 84.125) are not same 0 21826

src/tests/KernelTestCases.cpp:52: Failure
3388temp_fp16[0] and dim_data->output_npbst_.getBurst(0).fp16Data_[i] (0 and 21.796875) are not same 0 19827

src/tests/KernelTestCases.cpp:52: Failure
3389temp_fp16[0] and dim_data->output_npbst_.getBurst(0).fp16Data_[i] (0 and -8.265625) are not same 0 51234

src/tests/KernelTestCases.cpp:52: Failure
3390temp_fp16[0] and dim_data->output_npbst_.getBurst(0).fp16Data_[i] (0 and 21.3125) are not same 0 19796

src/tests/KernelTestCases.cpp:52: Failure
3391temp_fp16[0] and dim_data->output_npbst_.getBurst(0).fp16Data_[i] (0 and 2.96875) are not same 0 16880

src/tests/KernelTestCases.cpp:52: Failure
3392temp_fp16[0] and dim_data->output_npbst_.getBurst(0).fp16Data_[i] (0 and -54.84375) are not same 0 53979

src/tests/KernelTestCases.cpp:52: Failure
3393temp_fp16[0] and dim_data->output_npbst_.getBurst(0).fp16Data_[i] (0 and 5.8828125) are not same 0 17890

src/tests/KernelTestCases.cpp:52: Failure
3394temp_fp16[0] and dim_data->output_npbst_.getBurst(0).fp16Data_[i] (0 and -6.87109375) are not same 0 50911

src/tests/KernelTestCases.cpp:52: Failure
3395temp_fp16[0] and dim_data->output_npbst_.getBurst(0).fp16Data_[i] (0 and 27.828125) are not same 0 20213

src/tests/KernelTestCases.cpp:52: Failure
3396temp_fp16[0] and dim_data->output_npbst_.getBurst(0).fp16Data_[i] (0 and 29.90625) are not same 0 20346

src/tests/KernelTestCases.cpp:52: Failure
3397temp_fp16[0] and dim_data->output_npbst_.getBurst(0).fp16Data_[i] (0 and 17.390625) are not same 0 19545

src/tests/KernelTestCases.cpp:52: Failure
3398temp_fp16[0] and dim_data->output_npbst_.getBurst(0).fp16Data_[i] (0 and 49.90625) are not same 0 21053

src/tests/KernelTestCases.cpp:52: Failure
3399temp_fp16[0] and dim_data->output_npbst_.getBurst(0).fp16Data_[i] (0 and 19) are not same 0 19648

src/tests/KernelTestCases.cpp:52: Failure
3400temp_fp16[0] and dim_data->output_npbst_.getBurst(0).fp16Data_[i] (0 and -33.65625) are not same 0 53301

src/tests/KernelTestCases.cpp:52: Failure
3402temp_fp16[0] and dim_data->output_npbst_.getBurst(0).fp16Data_[i] (0 and 1.525390625) are not same 0 15898

src/tests/KernelTestCases.cpp:52: Failure
3403temp_fp16[0] and dim_data->output_npbst_.getBurst(0).fp16Data_[i] (0 and -53.59375) are not same 0 53939

src/tests/KernelTestCases.cpp:52: Failure
3405temp_fp16[0] and dim_data->output_npbst_.getBurst(0).fp16Data_[i] (0 and -27.09375) are not same 0 52934

src/tests/KernelTestCases.cpp:52: Failure
3406temp_fp16[0] and dim_data->output_npbst_.getBurst(0).fp16Data_[i] (0 and 47.6875) are not same 0 20982

src/tests/KernelTestCases.cpp:52: Failure
3407temp_fp16[0] and dim_data->output_npbst_.getBurst(0).fp16Data_[i] (0 and -10.40625) are not same 0 51508

src/tests/KernelTestCases.cpp:52: Failure
3408temp_fp16[0] and dim_data->output_npbst_.getBurst(0).fp16Data_[i] (0 and -22.71875) are not same 0 52654

src/tests/KernelTestCases.cpp:52: Failure
3409temp_fp16[0] and dim_data->output_npbst_.getBurst(0).fp16Data_[i] (0 and 9.8828125) are not same 0 18673

src/tests/KernelTestCases.cpp:52: Failure
3410temp_fp16[0] and dim_data->output_npbst_.getBurst(0).fp16Data_[i] (0 and 3.8359375) are not same 0 17324

src/tests/KernelTestCases.cpp:52: Failure
3411temp_fp16[0] and dim_data->output_npbst_.getBurst(0).fp16Data_[i] (0 and 6.26953125) are not same 0 17989

src/tests/KernelTestCases.cpp:52: Failure
3412temp_fp16[0] and dim_data->output_npbst_.getBurst(0).fp16Data_[i] (0 and -20.015625) are not same 0 52481

src/tests/KernelTestCases.cpp:52: Failure
3413temp_fp16[0] and dim_data->output_npbst_.getBurst(0).fp16Data_[i] (0 and 24.390625) are not same 0 19993

src/tests/KernelTestCases.cpp:52: Failure
3414temp_fp16[0] and dim_data->output_npbst_.getBurst(0).fp16Data_[i] (0 and -74.25) are not same 0 54436

src/tests/KernelTestCases.cpp:52: Failure
3415temp_fp16[0] and dim_data->output_npbst_.getBurst(0).fp16Data_[i] (0 and 56.75) are not same 0 21272

src/tests/KernelTestCases.cpp:52: Failure
3416temp_fp16[0] and dim_data->output_npbst_.getBurst(0).fp16Data_[i] (0 and 30.703125) are not same 0 20397

src/tests/KernelTestCases.cpp:52: Failure
3417temp_fp16[0] and dim_data->output_npbst_.getBurst(0).fp16Data_[i] (0 and -37.78125) are not same 0 53433

src/tests/KernelTestCases.cpp:52: Failure
3418temp_fp16[0] and dim_data->output_npbst_.getBurst(0).fp16Data_[i] (0 and -58.8125) are not same 0 54106

src/tests/KernelTestCases.cpp:52: Failure
3419temp_fp16[0] and dim_data->output_npbst_.getBurst(0).fp16Data_[i] (0 and -20.71875) are not same 0 52526

src/tests/KernelTestCases.cpp:52: Failure
3420temp_fp16[0] and dim_data->output_npbst_.getBurst(0).fp16Data_[i] (0 and 33.0625) are not same 0 20514

src/tests/KernelTestCases.cpp:52: Failure
3421temp_fp16[0] and dim_data->output_npbst_.getBurst(0).fp16Data_[i] (0 and 8.421875) are not same 0 18486

src/tests/KernelTestCases.cpp:52: Failure
3423temp_fp16[0] and dim_data->output_npbst_.getBurst(0).fp16Data_[i] (0 and -2.861328125) are not same 0 49593

src/tests/KernelTestCases.cpp:52: Failure
3424temp_fp16[0] and dim_data->output_npbst_.getBurst(0).fp16Data_[i] (0 and 20.921875) are not same 0 19771

src/tests/KernelTestCases.cpp:52: Failure
3425temp_fp16[0] and dim_data->output_npbst_.getBurst(0).fp16Data_[i] (0 and 11.640625) are not same 0 18898

src/tests/KernelTestCases.cpp:52: Failure
3426temp_fp16[0] and dim_data->output_npbst_.getBurst(0).fp16Data_[i] (0 and -27.5) are not same 0 52960

src/tests/KernelTestCases.cpp:52: Failure
3427temp_fp16[0] and dim_data->output_npbst_.getBurst(0).fp16Data_[i] (0 and -33.25) are not same 0 53288

src/tests/KernelTestCases.cpp:52: Failure
3428temp_fp16[0] and dim_data->output_npbst_.getBurst(0).fp16Data_[i] (0 and 75.0625) are not same 0 21681

src/tests/KernelTestCases.cpp:52: Failure
3429temp_fp16[0] and dim_data->output_npbst_.getBurst(0).fp16Data_[i] (0 and 6.703125) are not same 0 18100

src/tests/KernelTestCases.cpp:52: Failure
3430temp_fp16[0] and dim_data->output_npbst_.getBurst(0).fp16Data_[i] (0 and -9.046875) are not same 0 51334

src/tests/KernelTestCases.cpp:52: Failure
3431temp_fp16[0] and dim_data->output_npbst_.getBurst(0).fp16Data_[i] (0 and 31.734375) are not same 0 20463

src/tests/KernelTestCases.cpp:52: Failure
3432temp_fp16[0] and dim_data->output_npbst_.getBurst(0).fp16Data_[i] (0 and -16) are not same 0 52224

src/tests/KernelTestCases.cpp:52: Failure
3433temp_fp16[0] and dim_data->output_npbst_.getBurst(0).fp16Data_[i] (0 and 41.5625) are not same 0 20786

src/tests/KernelTestCases.cpp:52: Failure
3434temp_fp16[0] and dim_data->output_npbst_.getBurst(0).fp16Data_[i] (0 and 7.12109375) are not same 0 18207

src/tests/KernelTestCases.cpp:52: Failure
3435temp_fp16[0] and dim_data->output_npbst_.getBurst(0).fp16Data_[i] (0 and 27.296875) are not same 0 20179

src/tests/KernelTestCases.cpp:52: Failure
3436temp_fp16[0] and dim_data->output_npbst_.getBurst(0).fp16Data_[i] (0 and 17.46875) are not same 0 19550

src/tests/KernelTestCases.cpp:52: Failure
3437temp_fp16[0] and dim_data->output_npbst_.getBurst(0).fp16Data_[i] (0 and -8.5859375) are not same 0 51275

src/tests/KernelTestCases.cpp:52: Failure
3438temp_fp16[0] and dim_data->output_npbst_.getBurst(0).fp16Data_[i] (0 and 27.1875) are not same 0 20172

src/tests/KernelTestCases.cpp:52: Failure
3439temp_fp16[0] and dim_data->output_npbst_.getBurst(0).fp16Data_[i] (0 and -24.484375) are not same 0 52767

src/tests/KernelTestCases.cpp:52: Failure
3440temp_fp16[0] and dim_data->output_npbst_.getBurst(0).fp16Data_[i] (0 and -79.375) are not same 0 54518

src/tests/KernelTestCases.cpp:52: Failure
3441temp_fp16[0] and dim_data->output_npbst_.getBurst(0).fp16Data_[i] (0 and -25.296875) are not same 0 52819

src/tests/KernelTestCases.cpp:52: Failure
3442temp_fp16[0] and dim_data->output_npbst_.getBurst(0).fp16Data_[i] (0 and -20.984375) are not same 0 52543

src/tests/KernelTestCases.cpp:52: Failure
3443temp_fp16[0] and dim_data->output_npbst_.getBurst(0).fp16Data_[i] (0 and 28.609375) are not same 0 20263

src/tests/KernelTestCases.cpp:52: Failure
3444temp_fp16[0] and dim_data->output_npbst_.getBurst(0).fp16Data_[i] (0 and 5.6484375) are not same 0 17830

src/tests/KernelTestCases.cpp:52: Failure
3445temp_fp16[0] and dim_data->output_npbst_.getBurst(0).fp16Data_[i] (0 and -7.28515625) are not same 0 51017

src/tests/KernelTestCases.cpp:52: Failure
3446temp_fp16[0] and dim_data->output_npbst_.getBurst(0).fp16Data_[i] (0 and -58.71875) are not same 0 54103

src/tests/KernelTestCases.cpp:52: Failure
3447temp_fp16[0] and dim_data->output_npbst_.getBurst(0).fp16Data_[i] (0 and 55.625) are not same 0 21236

src/tests/KernelTestCases.cpp:52: Failure
3448temp_fp16[0] and dim_data->output_npbst_.getBurst(0).fp16Data_[i] (0 and 26.828125) are not same 0 20149

src/tests/KernelTestCases.cpp:52: Failure
3449temp_fp16[0] and dim_data->output_npbst_.getBurst(0).fp16Data_[i] (0 and 20.78125) are not same 0 19762

src/tests/KernelTestCases.cpp:52: Failure
3450temp_fp16[0] and dim_data->output_npbst_.getBurst(0).fp16Data_[i] (0 and 25.5) are not same 0 20064

src/tests/KernelTestCases.cpp:52: Failure
3453temp_fp16[0] and dim_data->output_npbst_.getBurst(0).fp16Data_[i] (0 and -2.236328125) are not same 0 49273

src/tests/KernelTestCases.cpp:52: Failure
3454temp_fp16[0] and dim_data->output_npbst_.getBurst(0).fp16Data_[i] (0 and -38.78125) are not same 0 53465

src/tests/KernelTestCases.cpp:52: Failure
3455temp_fp16[0] and dim_data->output_npbst_.getBurst(0).fp16Data_[i] (0 and -7.6875) are not same 0 51120

src/tests/KernelTestCases.cpp:52: Failure
3456temp_fp16[0] and dim_data->output_npbst_.getBurst(0).fp16Data_[i] (0 and -11.3828125) are not same 0 51633

src/tests/KernelTestCases.cpp:52: Failure
3457temp_fp16[0] and dim_data->output_npbst_.getBurst(0).fp16Data_[i] (0 and 13.6328125) are not same 0 19153

src/tests/KernelTestCases.cpp:52: Failure
3458temp_fp16[0] and dim_data->output_npbst_.getBurst(0).fp16Data_[i] (0 and 39.8125) are not same 0 20730

src/tests/KernelTestCases.cpp:52: Failure
3459temp_fp16[0] and dim_data->output_npbst_.getBurst(0).fp16Data_[i] (0 and 35.90625) are not same 0 20605

src/tests/KernelTestCases.cpp:52: Failure
3460temp_fp16[0] and dim_data->output_npbst_.getBurst(0).fp16Data_[i] (0 and -11.109375) are not same 0 51598

src/tests/KernelTestCases.cpp:52: Failure
3461temp_fp16[0] and dim_data->output_npbst_.getBurst(0).fp16Data_[i] (0 and -14.734375) are not same 0 52062

src/tests/KernelTestCases.cpp:52: Failure
3462temp_fp16[0] and dim_data->output_npbst_.getBurst(0).fp16Data_[i] (0 and -36.875) are not same 0 53404

src/tests/KernelTestCases.cpp:52: Failure
3463temp_fp16[0] and dim_data->output_npbst_.getBurst(0).fp16Data_[i] (0 and -49.09375) are not same 0 53795

src/tests/KernelTestCases.cpp:52: Failure
3464temp_fp16[0] and dim_data->output_npbst_.getBurst(0).fp16Data_[i] (0 and 31.3125) are not same 0 20436

src/tests/KernelTestCases.cpp:52: Failure
3465temp_fp16[0] and dim_data->output_npbst_.getBurst(0).fp16Data_[i] (0 and 6.62109375) are not same 0 18079

src/tests/KernelTestCases.cpp:52: Failure
3466temp_fp16[0] and dim_data->output_npbst_.getBurst(0).fp16Data_[i] (0 and 47.8125) are not same 0 20986

src/tests/KernelTestCases.cpp:52: Failure
3467temp_fp16[0] and dim_data->output_npbst_.getBurst(0).fp16Data_[i] (0 and -57.90625) are not same 0 54077

src/tests/KernelTestCases.cpp:52: Failure
3468temp_fp16[0] and dim_data->output_npbst_.getBurst(0).fp16Data_[i] (0 and -24.09375) are not same 0 52742

src/tests/KernelTestCases.cpp:52: Failure
3469temp_fp16[0] and dim_data->output_npbst_.getBurst(0).fp16Data_[i] (0 and 13.203125) are not same 0 19098

src/tests/KernelTestCases.cpp:52: Failure
3470temp_fp16[0] and dim_data->output_npbst_.getBurst(0).fp16Data_[i] (0 and -22.4375) are not same 0 52636

src/tests/KernelTestCases.cpp:52: Failure
3471temp_fp16[0] and dim_data->output_npbst_.getBurst(0).fp16Data_[i] (0 and 3.689453125) are not same 0 17249

src/tests/KernelTestCases.cpp:52: Failure
3472temp_fp16[0] and dim_data->output_npbst_.getBurst(0).fp16Data_[i] (0 and 3.23828125) are not same 0 17018

src/tests/KernelTestCases.cpp:52: Failure
3473temp_fp16[0] and dim_data->output_npbst_.getBurst(0).fp16Data_[i] (0 and -19.109375) are not same 0 52423

src/tests/KernelTestCases.cpp:52: Failure
3474temp_fp16[0] and dim_data->output_npbst_.getBurst(0).fp16Data_[i] (0 and 18.234375) are not same 0 19599

src/tests/KernelTestCases.cpp:52: Failure
3475temp_fp16[0] and dim_data->output_npbst_.getBurst(0).fp16Data_[i] (0 and -70.4375) are not same 0 54375

src/tests/KernelTestCases.cpp:52: Failure
3476temp_fp16[0] and dim_data->output_npbst_.getBurst(0).fp16Data_[i] (0 and 3.474609375) are not same 0 17139

src/tests/KernelTestCases.cpp:52: Failure
3477temp_fp16[0] and dim_data->output_npbst_.getBurst(0).fp16Data_[i] (0 and -16.65625) are not same 0 52266

src/tests/KernelTestCases.cpp:52: Failure
3478temp_fp16[0] and dim_data->output_npbst_.getBurst(0).fp16Data_[i] (0 and -15.6171875) are not same 0 52175

src/tests/KernelTestCases.cpp:52: Failure
3479temp_fp16[0] and dim_data->output_npbst_.getBurst(0).fp16Data_[i] (0 and -95.25) are not same 0 54772

src/tests/KernelTestCases.cpp:52: Failure
3480temp_fp16[0] and dim_data->output_npbst_.getBurst(0).fp16Data_[i] (0 and 16.1875) are not same 0 19468

src/tests/KernelTestCases.cpp:52: Failure
3481temp_fp16[0] and dim_data->output_npbst_.getBurst(0).fp16Data_[i] (0 and -4.69921875) are not same 0 50355

src/tests/KernelTestCases.cpp:52: Failure
3482temp_fp16[0] and dim_data->output_npbst_.getBurst(0).fp16Data_[i] (0 and 2.498046875) are not same 0 16639

src/tests/KernelTestCases.cpp:52: Failure
3483temp_fp16[0] and dim_data->output_npbst_.getBurst(0).fp16Data_[i] (0 and -8.8203125) are not same 0 51305

src/tests/KernelTestCases.cpp:52: Failure
3484temp_fp16[0] and dim_data->output_npbst_.getBurst(0).fp16Data_[i] (0 and -17.859375) are not same 0 52343

src/tests/KernelTestCases.cpp:52: Failure
3485temp_fp16[0] and dim_data->output_npbst_.getBurst(0).fp16Data_[i] (0 and -7.3671875) are not same 0 51038

src/tests/KernelTestCases.cpp:52: Failure
3486temp_fp16[0] and dim_data->output_npbst_.getBurst(0).fp16Data_[i] (0 and 28.15625) are not same 0 20234

src/tests/KernelTestCases.cpp:52: Failure
3487temp_fp16[0] and dim_data->output_npbst_.getBurst(0).fp16Data_[i] (0 and -32.84375) are not same 0 53275

src/tests/KernelTestCases.cpp:52: Failure
3488temp_fp16[0] and dim_data->output_npbst_.getBurst(0).fp16Data_[i] (0 and -20.34375) are not same 0 52502

src/tests/KernelTestCases.cpp:52: Failure
3489temp_fp16[0] and dim_data->output_npbst_.getBurst(0).fp16Data_[i] (0 and 16.234375) are not same 0 19471

src/tests/KernelTestCases.cpp:52: Failure
3490temp_fp16[0] and dim_data->output_npbst_.getBurst(0).fp16Data_[i] (0 and 4.28515625) are not same 0 17481

src/tests/KernelTestCases.cpp:52: Failure
3491temp_fp16[0] and dim_data->output_npbst_.getBurst(0).fp16Data_[i] (0 and -1.9853515625) are not same 0 49137

src/tests/KernelTestCases.cpp:52: Failure
3492temp_fp16[0] and dim_data->output_npbst_.getBurst(0).fp16Data_[i] (0 and -12.453125) are not same 0 51770

src/tests/KernelTestCases.cpp:52: Failure
3493temp_fp16[0] and dim_data->output_npbst_.getBurst(0).fp16Data_[i] (0 and 9.46875) are not same 0 18620

src/tests/KernelTestCases.cpp:52: Failure
3494temp_fp16[0] and dim_data->output_npbst_.getBurst(0).fp16Data_[i] (0 and 17.4375) are not same 0 19548

src/tests/KernelTestCases.cpp:52: Failure
3495temp_fp16[0] and dim_data->output_npbst_.getBurst(0).fp16Data_[i] (0 and 10.2265625) are not same 0 18717

src/tests/KernelTestCases.cpp:52: Failure
3496temp_fp16[0] and dim_data->output_npbst_.getBurst(0).fp16Data_[i] (0 and 31.734375) are not same 0 20463

src/tests/KernelTestCases.cpp:52: Failure
3497temp_fp16[0] and dim_data->output_npbst_.getBurst(0).fp16Data_[i] (0 and 11.453125) are not same 0 18874

src/tests/KernelTestCases.cpp:52: Failure
3498temp_fp16[0] and dim_data->output_npbst_.getBurst(0).fp16Data_[i] (0 and 7.04296875) are not same 0 18187

src/tests/KernelTestCases.cpp:52: Failure
3499temp_fp16[0] and dim_data->output_npbst_.getBurst(0).fp16Data_[i] (0 and -2.931640625) are not same 0 49629

src/tests/KernelTestCases.cpp:52: Failure
3500temp_fp16[0] and dim_data->output_npbst_.getBurst(0).fp16Data_[i] (0 and -19.640625) are not same 0 52457

src/tests/KernelTestCases.cpp:52: Failure
3501temp_fp16[0] and dim_data->output_npbst_.getBurst(0).fp16Data_[i] (0 and 25.296875) are not same 0 20051

src/tests/KernelTestCases.cpp:52: Failure
3502temp_fp16[0] and dim_data->output_npbst_.getBurst(0).fp16Data_[i] (0 and 36.90625) are not same 0 20637

src/tests/KernelTestCases.cpp:52: Failure
3503temp_fp16[0] and dim_data->output_npbst_.getBurst(0).fp16Data_[i] (0 and -6.5078125) are not same 0 50818

src/tests/KernelTestCases.cpp:52: Failure
3504temp_fp16[0] and dim_data->output_npbst_.getBurst(0).fp16Data_[i] (0 and 53.09375) are not same 0 21155

src/tests/KernelTestCases.cpp:52: Failure
3505temp_fp16[0] and dim_data->output_npbst_.getBurst(0).fp16Data_[i] (0 and -50.28125) are not same 0 53833

src/tests/KernelTestCases.cpp:52: Failure
3506temp_fp16[0] and dim_data->output_npbst_.getBurst(0).fp16Data_[i] (0 and -3.880859375) are not same 0 50115

src/tests/KernelTestCases.cpp:52: Failure
3507temp_fp16[0] and dim_data->output_npbst_.getBurst(0).fp16Data_[i] (0 and 23.609375) are not same 0 19943

src/tests/KernelTestCases.cpp:52: Failure
3508temp_fp16[0] and dim_data->output_npbst_.getBurst(0).fp16Data_[i] (0 and -22.921875) are not same 0 52667

src/tests/KernelTestCases.cpp:52: Failure
3509temp_fp16[0] and dim_data->output_npbst_.getBurst(0).fp16Data_[i] (0 and 29.875) are not same 0 20344

src/tests/KernelTestCases.cpp:52: Failure
3510temp_fp16[0] and dim_data->output_npbst_.getBurst(0).fp16Data_[i] (0 and 11.828125) are not same 0 18922

src/tests/KernelTestCases.cpp:52: Failure
3511temp_fp16[0] and dim_data->output_npbst_.getBurst(0).fp16Data_[i] (0 and -21.5) are not same 0 52576

src/tests/KernelTestCases.cpp:52: Failure
3512temp_fp16[0] and dim_data->output_npbst_.getBurst(0).fp16Data_[i] (0 and -10.3828125) are not same 0 51505

src/tests/KernelTestCases.cpp:52: Failure
3513temp_fp16[0] and dim_data->output_npbst_.getBurst(0).fp16Data_[i] (0 and -28.609375) are not same 0 53031

src/tests/KernelTestCases.cpp:52: Failure
3514temp_fp16[0] and dim_data->output_npbst_.getBurst(0).fp16Data_[i] (0 and -14.4453125) are not same 0 52025

src/tests/KernelTestCases.cpp:52: Failure
3515temp_fp16[0] and dim_data->output_npbst_.getBurst(0).fp16Data_[i] (0 and 21.3125) are not same 0 19796

src/tests/KernelTestCases.cpp:52: Failure
3516temp_fp16[0] and dim_data->output_npbst_.getBurst(0).fp16Data_[i] (0 and -11.765625) are not same 0 51682

src/tests/KernelTestCases.cpp:52: Failure
3517temp_fp16[0] and dim_data->output_npbst_.getBurst(0).fp16Data_[i] (0 and -11.4453125) are not same 0 51641

src/tests/KernelTestCases.cpp:52: Failure
3518temp_fp16[0] and dim_data->output_npbst_.getBurst(0).fp16Data_[i] (0 and -6.69921875) are not same 0 50867

src/tests/KernelTestCases.cpp:52: Failure
3519temp_fp16[0] and dim_data->output_npbst_.getBurst(0).fp16Data_[i] (0 and -81.0625) are not same 0 54545

src/tests/KernelTestCases.cpp:52: Failure
3520temp_fp16[0] and dim_data->output_npbst_.getBurst(0).fp16Data_[i] (0 and 9.859375) are not same 0 18670

src/tests/KernelTestCases.cpp:52: Failure
3521temp_fp16[0] and dim_data->output_npbst_.getBurst(0).fp16Data_[i] (0 and -1.470703125) are not same 0 48610

src/tests/KernelTestCases.cpp:52: Failure
3522temp_fp16[0] and dim_data->output_npbst_.getBurst(0).fp16Data_[i] (0 and 29.515625) are not same 0 20321

src/tests/KernelTestCases.cpp:52: Failure
3523temp_fp16[0] and dim_data->output_npbst_.getBurst(0).fp16Data_[i] (0 and -19.28125) are not same 0 52434

src/tests/KernelTestCases.cpp:52: Failure
3524temp_fp16[0] and dim_data->output_npbst_.getBurst(0).fp16Data_[i] (0 and -33.78125) are not same 0 53305

src/tests/KernelTestCases.cpp:52: Failure
3525temp_fp16[0] and dim_data->output_npbst_.getBurst(0).fp16Data_[i] (0 and -58.375) are not same 0 54092

src/tests/KernelTestCases.cpp:52: Failure
3526temp_fp16[0] and dim_data->output_npbst_.getBurst(0).fp16Data_[i] (0 and -26.5) are not same 0 52896

src/tests/KernelTestCases.cpp:52: Failure
3527temp_fp16[0] and dim_data->output_npbst_.getBurst(0).fp16Data_[i] (0 and -17.625) are not same 0 52328

src/tests/KernelTestCases.cpp:52: Failure
3528temp_fp16[0] and dim_data->output_npbst_.getBurst(0).fp16Data_[i] (0 and -14.90625) are not same 0 52084

src/tests/KernelTestCases.cpp:52: Failure
3529temp_fp16[0] and dim_data->output_npbst_.getBurst(0).fp16Data_[i] (0 and 14.78125) are not same 0 19300

src/tests/KernelTestCases.cpp:52: Failure
3530temp_fp16[0] and dim_data->output_npbst_.getBurst(0).fp16Data_[i] (0 and -41.59375) are not same 0 53555

src/tests/KernelTestCases.cpp:52: Failure
3531temp_fp16[0] and dim_data->output_npbst_.getBurst(0).fp16Data_[i] (0 and -7.53515625) are not same 0 51081

src/tests/KernelTestCases.cpp:52: Failure
3532temp_fp16[0] and dim_data->output_npbst_.getBurst(0).fp16Data_[i] (0 and -13.6171875) are not same 0 51919

src/tests/KernelTestCases.cpp:52: Failure
3533temp_fp16[0] and dim_data->output_npbst_.getBurst(0).fp16Data_[i] (0 and 42.03125) are not same 0 20801

src/tests/KernelTestCases.cpp:52: Failure
3534temp_fp16[0] and dim_data->output_npbst_.getBurst(0).fp16Data_[i] (0 and -7.1640625) are not same 0 50986

src/tests/KernelTestCases.cpp:52: Failure
3535temp_fp16[0] and dim_data->output_npbst_.getBurst(0).fp16Data_[i] (0 and -9.3359375) are not same 0 51371

src/tests/KernelTestCases.cpp:52: Failure
3537temp_fp16[0] and dim_data->output_npbst_.getBurst(0).fp16Data_[i] (0 and 17.140625) are not same 0 19529

src/tests/KernelTestCases.cpp:52: Failure
3538temp_fp16[0] and dim_data->output_npbst_.getBurst(0).fp16Data_[i] (0 and 14.203125) are not same 0 19226

src/tests/KernelTestCases.cpp:52: Failure
3539temp_fp16[0] and dim_data->output_npbst_.getBurst(0).fp16Data_[i] (0 and 19.75) are not same 0 19696

src/tests/KernelTestCases.cpp:52: Failure
3540temp_fp16[0] and dim_data->output_npbst_.getBurst(0).fp16Data_[i] (0 and 30.765625) are not same 0 20401

src/tests/KernelTestCases.cpp:52: Failure
3541temp_fp16[0] and dim_data->output_npbst_.getBurst(0).fp16Data_[i] (0 and -10.515625) are not same 0 51522

src/tests/KernelTestCases.cpp:52: Failure
3542temp_fp16[0] and dim_data->output_npbst_.getBurst(0).fp16Data_[i] (0 and 30) are not same 0 20352

src/tests/KernelTestCases.cpp:52: Failure
3543temp_fp16[0] and dim_data->output_npbst_.getBurst(0).fp16Data_[i] (0 and 8.578125) are not same 0 18506

src/tests/KernelTestCases.cpp:52: Failure
3544temp_fp16[0] and dim_data->output_npbst_.getBurst(0).fp16Data_[i] (0 and 36.21875) are not same 0 20615

src/tests/KernelTestCases.cpp:52: Failure
3545temp_fp16[0] and dim_data->output_npbst_.getBurst(0).fp16Data_[i] (0 and 2.58203125) are not same 0 16682

src/tests/KernelTestCases.cpp:52: Failure
3546temp_fp16[0] and dim_data->output_npbst_.getBurst(0).fp16Data_[i] (0 and -63.40625) are not same 0 54253

src/tests/KernelTestCases.cpp:52: Failure
3547temp_fp16[0] and dim_data->output_npbst_.getBurst(0).fp16Data_[i] (0 and -88.5625) are not same 0 54665

src/tests/KernelTestCases.cpp:52: Failure
3548temp_fp16[0] and dim_data->output_npbst_.getBurst(0).fp16Data_[i] (0 and 31.359375) are not same 0 20439

src/tests/KernelTestCases.cpp:52: Failure
3549temp_fp16[0] and dim_data->output_npbst_.getBurst(0).fp16Data_[i] (0 and 41.40625) are not same 0 20781

src/tests/KernelTestCases.cpp:52: Failure
3550temp_fp16[0] and dim_data->output_npbst_.getBurst(0).fp16Data_[i] (0 and -6.89453125) are not same 0 50917

src/tests/KernelTestCases.cpp:52: Failure
3551temp_fp16[0] and dim_data->output_npbst_.getBurst(0).fp16Data_[i] (0 and -45.03125) are not same 0 53665

src/tests/KernelTestCases.cpp:52: Failure
3552temp_fp16[0] and dim_data->output_npbst_.getBurst(0).fp16Data_[i] (0 and 25.046875) are not same 0 20035

src/tests/KernelTestCases.cpp:52: Failure
3553temp_fp16[0] and dim_data->output_npbst_.getBurst(0).fp16Data_[i] (0 and 26) are not same 0 20096

src/tests/KernelTestCases.cpp:52: Failure
3554temp_fp16[0] and dim_data->output_npbst_.getBurst(0).fp16Data_[i] (0 and -51.875) are not same 0 53884

src/tests/KernelTestCases.cpp:52: Failure
3555temp_fp16[0] and dim_data->output_npbst_.getBurst(0).fp16Data_[i] (0 and 5.015625) are not same 0 17668

src/tests/KernelTestCases.cpp:52: Failure
3556temp_fp16[0] and dim_data->output_npbst_.getBurst(0).fp16Data_[i] (0 and -27.625) are not same 0 52968

src/tests/KernelTestCases.cpp:52: Failure
3557temp_fp16[0] and dim_data->output_npbst_.getBurst(0).fp16Data_[i] (0 and -21.703125) are not same 0 52589

src/tests/KernelTestCases.cpp:52: Failure
3558temp_fp16[0] and dim_data->output_npbst_.getBurst(0).fp16Data_[i] (0 and -36.40625) are not same 0 53389

src/tests/KernelTestCases.cpp:52: Failure
3559temp_fp16[0] and dim_data->output_npbst_.getBurst(0).fp16Data_[i] (0 and -3.587890625) are not same 0 49965

src/tests/KernelTestCases.cpp:52: Failure
3560temp_fp16[0] and dim_data->output_npbst_.getBurst(0).fp16Data_[i] (0 and 3) are not same 0 16896

src/tests/KernelTestCases.cpp:52: Failure
3561temp_fp16[0] and dim_data->output_npbst_.getBurst(0).fp16Data_[i] (0 and 44.96875) are not same 0 20895

src/tests/KernelTestCases.cpp:52: Failure
3562temp_fp16[0] and dim_data->output_npbst_.getBurst(0).fp16Data_[i] (0 and 27.765625) are not same 0 20209

src/tests/KernelTestCases.cpp:52: Failure
3563temp_fp16[0] and dim_data->output_npbst_.getBurst(0).fp16Data_[i] (0 and -22.546875) are not same 0 52643

src/tests/KernelTestCases.cpp:52: Failure
3564temp_fp16[0] and dim_data->output_npbst_.getBurst(0).fp16Data_[i] (0 and 64.3125) are not same 0 21509

src/tests/KernelTestCases.cpp:52: Failure
3565temp_fp16[0] and dim_data->output_npbst_.getBurst(0).fp16Data_[i] (0 and -14.7734375) are not same 0 52067

src/tests/KernelTestCases.cpp:52: Failure
3566temp_fp16[0] and dim_data->output_npbst_.getBurst(0).fp16Data_[i] (0 and -32.84375) are not same 0 53275

src/tests/KernelTestCases.cpp:52: Failure
3567temp_fp16[0] and dim_data->output_npbst_.getBurst(0).fp16Data_[i] (0 and 5.16796875) are not same 0 17707

src/tests/KernelTestCases.cpp:52: Failure
3568temp_fp16[0] and dim_data->output_npbst_.getBurst(0).fp16Data_[i] (0 and 1.1865234375) are not same 0 15551

src/tests/KernelTestCases.cpp:52: Failure
3569temp_fp16[0] and dim_data->output_npbst_.getBurst(0).fp16Data_[i] (0 and 9.078125) are not same 0 18570

src/tests/KernelTestCases.cpp:52: Failure
3570temp_fp16[0] and dim_data->output_npbst_.getBurst(0).fp16Data_[i] (0 and 21.9375) are not same 0 19836

src/tests/KernelTestCases.cpp:52: Failure
3571temp_fp16[0] and dim_data->output_npbst_.getBurst(0).fp16Data_[i] (0 and -5.171875) are not same 0 50476

src/tests/KernelTestCases.cpp:52: Failure
3572temp_fp16[0] and dim_data->output_npbst_.getBurst(0).fp16Data_[i] (0 and -22.25) are not same 0 52624

src/tests/KernelTestCases.cpp:52: Failure
3573temp_fp16[0] and dim_data->output_npbst_.getBurst(0).fp16Data_[i] (0 and 11.6875) are not same 0 18904

src/tests/KernelTestCases.cpp:52: Failure
3574temp_fp16[0] and dim_data->output_npbst_.getBurst(0).fp16Data_[i] (0 and 10.078125) are not same 0 18698

src/tests/KernelTestCases.cpp:52: Failure
3575temp_fp16[0] and dim_data->output_npbst_.getBurst(0).fp16Data_[i] (0 and -10.359375) are not same 0 51502

src/tests/KernelTestCases.cpp:52: Failure
3576temp_fp16[0] and dim_data->output_npbst_.getBurst(0).fp16Data_[i] (0 and -28.453125) are not same 0 53021

src/tests/KernelTestCases.cpp:52: Failure
3577temp_fp16[0] and dim_data->output_npbst_.getBurst(0).fp16Data_[i] (0 and 36.78125) are not same 0 20633

src/tests/KernelTestCases.cpp:52: Failure
3579temp_fp16[0] and dim_data->output_npbst_.getBurst(0).fp16Data_[i] (0 and -18.65625) are not same 0 52394

src/tests/KernelTestCases.cpp:52: Failure
3580temp_fp16[0] and dim_data->output_npbst_.getBurst(0).fp16Data_[i] (0 and -46.3125) are not same 0 53706

src/tests/KernelTestCases.cpp:52: Failure
3581temp_fp16[0] and dim_data->output_npbst_.getBurst(0).fp16Data_[i] (0 and 4.890625) are not same 0 17636

src/tests/KernelTestCases.cpp:52: Failure
3582temp_fp16[0] and dim_data->output_npbst_.getBurst(0).fp16Data_[i] (0 and 48.78125) are not same 0 21017

src/tests/KernelTestCases.cpp:52: Failure
3583temp_fp16[0] and dim_data->output_npbst_.getBurst(0).fp16Data_[i] (0 and 1.4111328125) are not same 0 15781

src/tests/KernelTestCases.cpp:52: Failure
3584temp_fp16[0] and dim_data->output_npbst_.getBurst(0).fp16Data_[i] (0 and -41.90625) are not same 0 53565

src/tests/KernelTestCases.cpp:52: Failure
3585temp_fp16[0] and dim_data->output_npbst_.getBurst(0).fp16Data_[i] (0 and -12.859375) are not same 0 51822

src/tests/KernelTestCases.cpp:52: Failure
3586temp_fp16[0] and dim_data->output_npbst_.getBurst(0).fp16Data_[i] (0 and -9.6171875) are not same 0 51407

src/tests/KernelTestCases.cpp:52: Failure
3587temp_fp16[0] and dim_data->output_npbst_.getBurst(0).fp16Data_[i] (0 and 14.5625) are not same 0 19272

src/tests/KernelTestCases.cpp:52: Failure
3588temp_fp16[0] and dim_data->output_npbst_.getBurst(0).fp16Data_[i] (0 and 30.265625) are not same 0 20369

src/tests/KernelTestCases.cpp:52: Failure
3589temp_fp16[0] and dim_data->output_npbst_.getBurst(0).fp16Data_[i] (0 and -16.3125) are not same 0 52244

src/tests/KernelTestCases.cpp:52: Failure
3590temp_fp16[0] and dim_data->output_npbst_.getBurst(0).fp16Data_[i] (0 and 40.09375) are not same 0 20739

src/tests/KernelTestCases.cpp:52: Failure
3591temp_fp16[0] and dim_data->output_npbst_.getBurst(0).fp16Data_[i] (0 and 5.87890625) are not same 0 17889

src/tests/KernelTestCases.cpp:52: Failure
3592temp_fp16[0] and dim_data->output_npbst_.getBurst(0).fp16Data_[i] (0 and 19.90625) are not same 0 19706

src/tests/KernelTestCases.cpp:52: Failure
3593temp_fp16[0] and dim_data->output_npbst_.getBurst(0).fp16Data_[i] (0 and -51.34375) are not same 0 53867

src/tests/KernelTestCases.cpp:52: Failure
3594temp_fp16[0] and dim_data->output_npbst_.getBurst(0).fp16Data_[i] (0 and -15.5078125) are not same 0 52161

src/tests/KernelTestCases.cpp:52: Failure
3595temp_fp16[0] and dim_data->output_npbst_.getBurst(0).fp16Data_[i] (0 and -25.125) are not same 0 52808

src/tests/KernelTestCases.cpp:52: Failure
3596temp_fp16[0] and dim_data->output_npbst_.getBurst(0).fp16Data_[i] (0 and -64.75) are not same 0 54284

src/tests/KernelTestCases.cpp:52: Failure
3597temp_fp16[0] and dim_data->output_npbst_.getBurst(0).fp16Data_[i] (0 and -7.82421875) are not same 0 51155

src/tests/KernelTestCases.cpp:52: Failure
3598temp_fp16[0] and dim_data->output_npbst_.getBurst(0).fp16Data_[i] (0 and -6.5625) are not same 0 50832

src/tests/KernelTestCases.cpp:52: Failure
3599temp_fp16[0] and dim_data->output_npbst_.getBurst(0).fp16Data_[i] (0 and -1.1552734375) are not same 0 48287

src/tests/KernelTestCases.cpp:52: Failure
3600temp_fp16[0] and dim_data->output_npbst_.getBurst(0).fp16Data_[i] (0 and -6.40625) are not same 0 50792

src/tests/KernelTestCases.cpp:52: Failure
3601temp_fp16[0] and dim_data->output_npbst_.getBurst(0).fp16Data_[i] (0 and 1.1416015625) are not same 0 15505

src/tests/KernelTestCases.cpp:52: Failure
3602temp_fp16[0] and dim_data->output_npbst_.getBurst(0).fp16Data_[i] (0 and -7.2578125) are not same 0 51010

src/tests/KernelTestCases.cpp:52: Failure
3603temp_fp16[0] and dim_data->output_npbst_.getBurst(0).fp16Data_[i] (0 and -40.75) are not same 0 53528

src/tests/KernelTestCases.cpp:52: Failure
3604temp_fp16[0] and dim_data->output_npbst_.getBurst(0).fp16Data_[i] (0 and 27.90625) are not same 0 20218

src/tests/KernelTestCases.cpp:52: Failure
3605temp_fp16[0] and dim_data->output_npbst_.getBurst(0).fp16Data_[i] (0 and 42.875) are not same 0 20828

src/tests/KernelTestCases.cpp:52: Failure
3606temp_fp16[0] and dim_data->output_npbst_.getBurst(0).fp16Data_[i] (0 and -8.9296875) are not same 0 51319

src/tests/KernelTestCases.cpp:52: Failure
3607temp_fp16[0] and dim_data->output_npbst_.getBurst(0).fp16Data_[i] (0 and 95.25) are not same 0 22004

src/tests/KernelTestCases.cpp:52: Failure
3608temp_fp16[0] and dim_data->output_npbst_.getBurst(0).fp16Data_[i] (0 and -19.953125) are not same 0 52477

src/tests/KernelTestCases.cpp:52: Failure
3609temp_fp16[0] and dim_data->output_npbst_.getBurst(0).fp16Data_[i] (0 and -24.921875) are not same 0 52795

src/tests/KernelTestCases.cpp:52: Failure
3610temp_fp16[0] and dim_data->output_npbst_.getBurst(0).fp16Data_[i] (0 and 8.46875) are not same 0 18492

src/tests/KernelTestCases.cpp:52: Failure
3611temp_fp16[0] and dim_data->output_npbst_.getBurst(0).fp16Data_[i] (0 and 25.125) are not same 0 20040

src/tests/KernelTestCases.cpp:52: Failure
3612temp_fp16[0] and dim_data->output_npbst_.getBurst(0).fp16Data_[i] (0 and 26.640625) are not same 0 20137

src/tests/KernelTestCases.cpp:52: Failure
3613temp_fp16[0] and dim_data->output_npbst_.getBurst(0).fp16Data_[i] (0 and 41.96875) are not same 0 20799

src/tests/KernelTestCases.cpp:52: Failure
3614temp_fp16[0] and dim_data->output_npbst_.getBurst(0).fp16Data_[i] (0 and -17.328125) are not same 0 52309

src/tests/KernelTestCases.cpp:52: Failure
3615temp_fp16[0] and dim_data->output_npbst_.getBurst(0).fp16Data_[i] (0 and -41.375) are not same 0 53548

src/tests/KernelTestCases.cpp:52: Failure
3616temp_fp16[0] and dim_data->output_npbst_.getBurst(0).fp16Data_[i] (0 and 29.78125) are not same 0 20338

src/tests/KernelTestCases.cpp:52: Failure
3617temp_fp16[0] and dim_data->output_npbst_.getBurst(0).fp16Data_[i] (0 and -39.375) are not same 0 53484

src/tests/KernelTestCases.cpp:52: Failure
3618temp_fp16[0] and dim_data->output_npbst_.getBurst(0).fp16Data_[i] (0 and -21.90625) are not same 0 52602

src/tests/KernelTestCases.cpp:52: Failure
3619temp_fp16[0] and dim_data->output_npbst_.getBurst(0).fp16Data_[i] (0 and -34.25) are not same 0 53320

src/tests/KernelTestCases.cpp:52: Failure
3620temp_fp16[0] and dim_data->output_npbst_.getBurst(0).fp16Data_[i] (0 and 35.65625) are not same 0 20597

src/tests/KernelTestCases.cpp:52: Failure
3621temp_fp16[0] and dim_data->output_npbst_.getBurst(0).fp16Data_[i] (0 and 6.8203125) are not same 0 18130

src/tests/KernelTestCases.cpp:52: Failure
3622temp_fp16[0] and dim_data->output_npbst_.getBurst(0).fp16Data_[i] (0 and 7.1875) are not same 0 18224

src/tests/KernelTestCases.cpp:52: Failure
3623temp_fp16[0] and dim_data->output_npbst_.getBurst(0).fp16Data_[i] (0 and 19.28125) are not same 0 19666

src/tests/KernelTestCases.cpp:52: Failure
3624temp_fp16[0] and dim_data->output_npbst_.getBurst(0).fp16Data_[i] (0 and -16.03125) are not same 0 52226

src/tests/KernelTestCases.cpp:52: Failure
3625temp_fp16[0] and dim_data->output_npbst_.getBurst(0).fp16Data_[i] (0 and -3.201171875) are not same 0 49767

src/tests/KernelTestCases.cpp:52: Failure
3626temp_fp16[0] and dim_data->output_npbst_.getBurst(0).fp16Data_[i] (0 and 12.6953125) are not same 0 19033

src/tests/KernelTestCases.cpp:52: Failure
3627temp_fp16[0] and dim_data->output_npbst_.getBurst(0).fp16Data_[i] (0 and -69.625) are not same 0 54362

src/tests/KernelTestCases.cpp:52: Failure
3628temp_fp16[0] and dim_data->output_npbst_.getBurst(0).fp16Data_[i] (0 and 20.328125) are not same 0 19733

src/tests/KernelTestCases.cpp:52: Failure
3629temp_fp16[0] and dim_data->output_npbst_.getBurst(0).fp16Data_[i] (0 and -30.0625) are not same 0 53124

src/tests/KernelTestCases.cpp:52: Failure
3630temp_fp16[0] and dim_data->output_npbst_.getBurst(0).fp16Data_[i] (0 and -22.734375) are not same 0 52655

src/tests/KernelTestCases.cpp:52: Failure
3631temp_fp16[0] and dim_data->output_npbst_.getBurst(0).fp16Data_[i] (0 and 27.03125) are not same 0 20162

src/tests/KernelTestCases.cpp:52: Failure
3632temp_fp16[0] and dim_data->output_npbst_.getBurst(0).fp16Data_[i] (0 and -47.46875) are not same 0 53743

src/tests/KernelTestCases.cpp:52: Failure
3633temp_fp16[0] and dim_data->output_npbst_.getBurst(0).fp16Data_[i] (0 and 1.033203125) are not same 0 15394

src/tests/KernelTestCases.cpp:52: Failure
3634temp_fp16[0] and dim_data->output_npbst_.getBurst(0).fp16Data_[i] (0 and 73.3125) are not same 0 21653

src/tests/KernelTestCases.cpp:52: Failure
3635temp_fp16[0] and dim_data->output_npbst_.getBurst(0).fp16Data_[i] (0 and -8.2265625) are not same 0 51229

src/tests/KernelTestCases.cpp:52: Failure
3636temp_fp16[0] and dim_data->output_npbst_.getBurst(0).fp16Data_[i] (0 and 29.546875) are not same 0 20323

src/tests/KernelTestCases.cpp:52: Failure
3637temp_fp16[0] and dim_data->output_npbst_.getBurst(0).fp16Data_[i] (0 and 21.046875) are not same 0 19779

src/tests/KernelTestCases.cpp:52: Failure
3638temp_fp16[0] and dim_data->output_npbst_.getBurst(0).fp16Data_[i] (0 and 8.3359375) are not same 0 18475

src/tests/KernelTestCases.cpp:52: Failure
3639temp_fp16[0] and dim_data->output_npbst_.getBurst(0).fp16Data_[i] (0 and -7.15625) are not same 0 50984

src/tests/KernelTestCases.cpp:52: Failure
3640temp_fp16[0] and dim_data->output_npbst_.getBurst(0).fp16Data_[i] (0 and -14.84375) are not same 0 52076

src/tests/KernelTestCases.cpp:52: Failure
3641temp_fp16[0] and dim_data->output_npbst_.getBurst(0).fp16Data_[i] (0 and -32.75) are not same 0 53272

src/tests/KernelTestCases.cpp:52: Failure
3642temp_fp16[0] and dim_data->output_npbst_.getBurst(0).fp16Data_[i] (0 and 42.90625) are not same 0 20829

src/tests/KernelTestCases.cpp:52: Failure
3643temp_fp16[0] and dim_data->output_npbst_.getBurst(0).fp16Data_[i] (0 and 40.8125) are not same 0 20762

src/tests/KernelTestCases.cpp:52: Failure
3644temp_fp16[0] and dim_data->output_npbst_.getBurst(0).fp16Data_[i] (0 and -17.90625) are not same 0 52346

src/tests/KernelTestCases.cpp:52: Failure
3645temp_fp16[0] and dim_data->output_npbst_.getBurst(0).fp16Data_[i] (0 and -13.140625) are not same 0 51858

src/tests/KernelTestCases.cpp:52: Failure
3646temp_fp16[0] and dim_data->output_npbst_.getBurst(0).fp16Data_[i] (0 and 36.53125) are not same 0 20625

src/tests/KernelTestCases.cpp:52: Failure
3647temp_fp16[0] and dim_data->output_npbst_.getBurst(0).fp16Data_[i] (0 and -37.5) are not same 0 53424

src/tests/KernelTestCases.cpp:52: Failure
3648temp_fp16[0] and dim_data->output_npbst_.getBurst(0).fp16Data_[i] (0 and 26.640625) are not same 0 20137

src/tests/KernelTestCases.cpp:52: Failure
3649temp_fp16[0] and dim_data->output_npbst_.getBurst(0).fp16Data_[i] (0 and -25.84375) are not same 0 52854

src/tests/KernelTestCases.cpp:52: Failure
3650temp_fp16[0] and dim_data->output_npbst_.getBurst(0).fp16Data_[i] (0 and 70.875) are not same 0 21614

src/tests/KernelTestCases.cpp:52: Failure
3651temp_fp16[0] and dim_data->output_npbst_.getBurst(0).fp16Data_[i] (0 and -23.5625) are not same 0 52708

src/tests/KernelTestCases.cpp:52: Failure
3652temp_fp16[0] and dim_data->output_npbst_.getBurst(0).fp16Data_[i] (0 and -19.453125) are not same 0 52445

src/tests/KernelTestCases.cpp:52: Failure
3653temp_fp16[0] and dim_data->output_npbst_.getBurst(0).fp16Data_[i] (0 and 12.125) are not same 0 18960

src/tests/KernelTestCases.cpp:52: Failure
3654temp_fp16[0] and dim_data->output_npbst_.getBurst(0).fp16Data_[i] (0 and -8.5546875) are not same 0 51271

src/tests/KernelTestCases.cpp:52: Failure
3655temp_fp16[0] and dim_data->output_npbst_.getBurst(0).fp16Data_[i] (0 and 30.9375) are not same 0 20412

src/tests/KernelTestCases.cpp:52: Failure
3656temp_fp16[0] and dim_data->output_npbst_.getBurst(0).fp16Data_[i] (0 and 36.5) are not same 0 20624

src/tests/KernelTestCases.cpp:52: Failure
3657temp_fp16[0] and dim_data->output_npbst_.getBurst(0).fp16Data_[i] (0 and -16.0625) are not same 0 52228

src/tests/KernelTestCases.cpp:52: Failure
3658temp_fp16[0] and dim_data->output_npbst_.getBurst(0).fp16Data_[i] (0 and -5.71875) are not same 0 50616

src/tests/KernelTestCases.cpp:52: Failure
3659temp_fp16[0] and dim_data->output_npbst_.getBurst(0).fp16Data_[i] (0 and 12.890625) are not same 0 19058

src/tests/KernelTestCases.cpp:52: Failure
3660temp_fp16[0] and dim_data->output_npbst_.getBurst(0).fp16Data_[i] (0 and 28.1875) are not same 0 20236

src/tests/KernelTestCases.cpp:52: Failure
3661temp_fp16[0] and dim_data->output_npbst_.getBurst(0).fp16Data_[i] (0 and 14.5859375) are not same 0 19275

src/tests/KernelTestCases.cpp:52: Failure
3662temp_fp16[0] and dim_data->output_npbst_.getBurst(0).fp16Data_[i] (0 and -69) are not same 0 54352

src/tests/KernelTestCases.cpp:52: Failure
3663temp_fp16[0] and dim_data->output_npbst_.getBurst(0).fp16Data_[i] (0 and 30.3125) are not same 0 20372

src/tests/KernelTestCases.cpp:52: Failure
3664temp_fp16[0] and dim_data->output_npbst_.getBurst(0).fp16Data_[i] (0 and -7.47265625) are not same 0 51065

src/tests/KernelTestCases.cpp:52: Failure
3665temp_fp16[0] and dim_data->output_npbst_.getBurst(0).fp16Data_[i] (0 and -9.8125) are not same 0 51432

src/tests/KernelTestCases.cpp:52: Failure
3666temp_fp16[0] and dim_data->output_npbst_.getBurst(0).fp16Data_[i] (0 and -14.015625) are not same 0 51970

src/tests/KernelTestCases.cpp:52: Failure
3667temp_fp16[0] and dim_data->output_npbst_.getBurst(0).fp16Data_[i] (0 and 11.8828125) are not same 0 18929

src/tests/KernelTestCases.cpp:52: Failure
3668temp_fp16[0] and dim_data->output_npbst_.getBurst(0).fp16Data_[i] (0 and 13.234375) are not same 0 19102

src/tests/KernelTestCases.cpp:52: Failure
3669temp_fp16[0] and dim_data->output_npbst_.getBurst(0).fp16Data_[i] (0 and -31.921875) are not same 0 53243

src/tests/KernelTestCases.cpp:52: Failure
3670temp_fp16[0] and dim_data->output_npbst_.getBurst(0).fp16Data_[i] (0 and 36.625) are not same 0 20628

src/tests/KernelTestCases.cpp:52: Failure
3671temp_fp16[0] and dim_data->output_npbst_.getBurst(0).fp16Data_[i] (0 and 15.125) are not same 0 19344

src/tests/KernelTestCases.cpp:52: Failure
3672temp_fp16[0] and dim_data->output_npbst_.getBurst(0).fp16Data_[i] (0 and 5.265625) are not same 0 17732

src/tests/KernelTestCases.cpp:52: Failure
3673temp_fp16[0] and dim_data->output_npbst_.getBurst(0).fp16Data_[i] (0 and -13.4296875) are not same 0 51895

src/tests/KernelTestCases.cpp:52: Failure
3674temp_fp16[0] and dim_data->output_npbst_.getBurst(0).fp16Data_[i] (0 and 7.98828125) are not same 0 18429

src/tests/KernelTestCases.cpp:52: Failure
3675temp_fp16[0] and dim_data->output_npbst_.getBurst(0).fp16Data_[i] (0 and -51.21875) are not same 0 53863

src/tests/KernelTestCases.cpp:52: Failure
3676temp_fp16[0] and dim_data->output_npbst_.getBurst(0).fp16Data_[i] (0 and 35.15625) are not same 0 20581

src/tests/KernelTestCases.cpp:52: Failure
3677temp_fp16[0] and dim_data->output_npbst_.getBurst(0).fp16Data_[i] (0 and -19.5) are not same 0 52448

src/tests/KernelTestCases.cpp:52: Failure
3678temp_fp16[0] and dim_data->output_npbst_.getBurst(0).fp16Data_[i] (0 and -22.59375) are not same 0 52646

src/tests/KernelTestCases.cpp:52: Failure
3679temp_fp16[0] and dim_data->output_npbst_.getBurst(0).fp16Data_[i] (0 and 21.03125) are not same 0 19778

src/tests/KernelTestCases.cpp:52: Failure
3680temp_fp16[0] and dim_data->output_npbst_.getBurst(0).fp16Data_[i] (0 and -47.4375) are not same 0 53742

src/tests/KernelTestCases.cpp:52: Failure
3681temp_fp16[0] and dim_data->output_npbst_.getBurst(0).fp16Data_[i] (0 and -51.46875) are not same 0 53871

src/tests/KernelTestCases.cpp:52: Failure
3682temp_fp16[0] and dim_data->output_npbst_.getBurst(0).fp16Data_[i] (0 and 16.8125) are not same 0 19508

src/tests/KernelTestCases.cpp:52: Failure
3683temp_fp16[0] and dim_data->output_npbst_.getBurst(0).fp16Data_[i] (0 and 53.78125) are not same 0 21177

src/tests/KernelTestCases.cpp:52: Failure
3684temp_fp16[0] and dim_data->output_npbst_.getBurst(0).fp16Data_[i] (0 and 14.4375) are not same 0 19256

src/tests/KernelTestCases.cpp:52: Failure
3685temp_fp16[0] and dim_data->output_npbst_.getBurst(0).fp16Data_[i] (0 and 23.0625) are not same 0 19908

src/tests/KernelTestCases.cpp:52: Failure
3686temp_fp16[0] and dim_data->output_npbst_.getBurst(0).fp16Data_[i] (0 and 19.640625) are not same 0 19689

src/tests/KernelTestCases.cpp:52: Failure
3687temp_fp16[0] and dim_data->output_npbst_.getBurst(0).fp16Data_[i] (0 and -21) are not same 0 52544

src/tests/KernelTestCases.cpp:52: Failure
3688temp_fp16[0] and dim_data->output_npbst_.getBurst(0).fp16Data_[i] (0 and 12.5859375) are not same 0 19019

src/tests/KernelTestCases.cpp:52: Failure
3689temp_fp16[0] and dim_data->output_npbst_.getBurst(0).fp16Data_[i] (0 and -36.625) are not same 0 53396

src/tests/KernelTestCases.cpp:52: Failure
3690temp_fp16[0] and dim_data->output_npbst_.getBurst(0).fp16Data_[i] (0 and 25.515625) are not same 0 20065

src/tests/KernelTestCases.cpp:52: Failure
3691temp_fp16[0] and dim_data->output_npbst_.getBurst(0).fp16Data_[i] (0 and 8.53125) are not same 0 18500

src/tests/KernelTestCases.cpp:52: Failure
3692temp_fp16[0] and dim_data->output_npbst_.getBurst(0).fp16Data_[i] (0 and -41.6875) are not same 0 53558

src/tests/KernelTestCases.cpp:52: Failure
3693temp_fp16[0] and dim_data->output_npbst_.getBurst(0).fp16Data_[i] (0 and 6.85546875) are not same 0 18139

src/tests/KernelTestCases.cpp:52: Failure
3694temp_fp16[0] and dim_data->output_npbst_.getBurst(0).fp16Data_[i] (0 and 10.984375) are not same 0 18814

src/tests/KernelTestCases.cpp:52: Failure
3695temp_fp16[0] and dim_data->output_npbst_.getBurst(0).fp16Data_[i] (0 and 28.484375) are not same 0 20255

src/tests/KernelTestCases.cpp:52: Failure
3696temp_fp16[0] and dim_data->output_npbst_.getBurst(0).fp16Data_[i] (0 and 30.515625) are not same 0 20385

src/tests/KernelTestCases.cpp:52: Failure
3697temp_fp16[0] and dim_data->output_npbst_.getBurst(0).fp16Data_[i] (0 and -33.1875) are not same 0 53286

src/tests/KernelTestCases.cpp:52: Failure
3698temp_fp16[0] and dim_data->output_npbst_.getBurst(0).fp16Data_[i] (0 and 48.625) are not same 0 21012

src/tests/KernelTestCases.cpp:52: Failure
3699temp_fp16[0] and dim_data->output_npbst_.getBurst(0).fp16Data_[i] (0 and -20.546875) are not same 0 52515

src/tests/KernelTestCases.cpp:52: Failure
3700temp_fp16[0] and dim_data->output_npbst_.getBurst(0).fp16Data_[i] (0 and 3.90625) are not same 0 17360

src/tests/KernelTestCases.cpp:52: Failure
3701temp_fp16[0] and dim_data->output_npbst_.getBurst(0).fp16Data_[i] (0 and -48.78125) are not same 0 53785

src/tests/KernelTestCases.cpp:52: Failure
3702temp_fp16[0] and dim_data->output_npbst_.getBurst(0).fp16Data_[i] (0 and -32.21875) are not same 0 53255

src/tests/KernelTestCases.cpp:52: Failure
3703temp_fp16[0] and dim_data->output_npbst_.getBurst(0).fp16Data_[i] (0 and -23.15625) are not same 0 52682

src/tests/KernelTestCases.cpp:52: Failure
3704temp_fp16[0] and dim_data->output_npbst_.getBurst(0).fp16Data_[i] (0 and -14.8828125) are not same 0 52081

src/tests/KernelTestCases.cpp:52: Failure
3705temp_fp16[0] and dim_data->output_npbst_.getBurst(0).fp16Data_[i] (0 and -56.03125) are not same 0 54017

src/tests/KernelTestCases.cpp:52: Failure
3707temp_fp16[0] and dim_data->output_npbst_.getBurst(0).fp16Data_[i] (0 and -27.8125) are not same 0 52980

src/tests/KernelTestCases.cpp:52: Failure
3708temp_fp16[0] and dim_data->output_npbst_.getBurst(0).fp16Data_[i] (0 and -2.0546875) are not same 0 49180

src/tests/KernelTestCases.cpp:52: Failure
3709temp_fp16[0] and dim_data->output_npbst_.getBurst(0).fp16Data_[i] (0 and 18.5625) are not same 0 19620

src/tests/KernelTestCases.cpp:52: Failure
3710temp_fp16[0] and dim_data->output_npbst_.getBurst(0).fp16Data_[i] (0 and 2.96875) are not same 0 16880

src/tests/KernelTestCases.cpp:52: Failure
3711temp_fp16[0] and dim_data->output_npbst_.getBurst(0).fp16Data_[i] (0 and 6.01171875) are not same 0 17923

src/tests/KernelTestCases.cpp:52: Failure
3712temp_fp16[0] and dim_data->output_npbst_.getBurst(0).fp16Data_[i] (0 and 37.78125) are not same 0 20665

src/tests/KernelTestCases.cpp:52: Failure
3713temp_fp16[0] and dim_data->output_npbst_.getBurst(0).fp16Data_[i] (0 and 8.8671875) are not same 0 18543

src/tests/KernelTestCases.cpp:52: Failure
3714temp_fp16[0] and dim_data->output_npbst_.getBurst(0).fp16Data_[i] (0 and -68.1875) are not same 0 54339

src/tests/KernelTestCases.cpp:52: Failure
3715temp_fp16[0] and dim_data->output_npbst_.getBurst(0).fp16Data_[i] (0 and 3.01953125) are not same 0 16906

src/tests/KernelTestCases.cpp:52: Failure
3716temp_fp16[0] and dim_data->output_npbst_.getBurst(0).fp16Data_[i] (0 and -23.453125) are not same 0 52701

src/tests/KernelTestCases.cpp:52: Failure
3717temp_fp16[0] and dim_data->output_npbst_.getBurst(0).fp16Data_[i] (0 and -3.609375) are not same 0 49976

src/tests/KernelTestCases.cpp:52: Failure
3718temp_fp16[0] and dim_data->output_npbst_.getBurst(0).fp16Data_[i] (0 and -6.54296875) are not same 0 50827

src/tests/KernelTestCases.cpp:52: Failure
3719temp_fp16[0] and dim_data->output_npbst_.getBurst(0).fp16Data_[i] (0 and -46.28125) are not same 0 53705

src/tests/KernelTestCases.cpp:52: Failure
3720temp_fp16[0] and dim_data->output_npbst_.getBurst(0).fp16Data_[i] (0 and -9.71875) are not same 0 51420

src/tests/KernelTestCases.cpp:52: Failure
3721temp_fp16[0] and dim_data->output_npbst_.getBurst(0).fp16Data_[i] (0 and 34.6875) are not same 0 20566

src/tests/KernelTestCases.cpp:52: Failure
3722temp_fp16[0] and dim_data->output_npbst_.getBurst(0).fp16Data_[i] (0 and 16.34375) are not same 0 19478

src/tests/KernelTestCases.cpp:52: Failure
3723temp_fp16[0] and dim_data->output_npbst_.getBurst(0).fp16Data_[i] (0 and -10.4375) are not same 0 51512

src/tests/KernelTestCases.cpp:52: Failure
3724temp_fp16[0] and dim_data->output_npbst_.getBurst(0).fp16Data_[i] (0 and -25.640625) are not same 0 52841

src/tests/KernelTestCases.cpp:52: Failure
3725temp_fp16[0] and dim_data->output_npbst_.getBurst(0).fp16Data_[i] (0 and -39.21875) are not same 0 53479

src/tests/KernelTestCases.cpp:52: Failure
3726temp_fp16[0] and dim_data->output_npbst_.getBurst(0).fp16Data_[i] (0 and -60.5625) are not same 0 54162

src/tests/KernelTestCases.cpp:52: Failure
3727temp_fp16[0] and dim_data->output_npbst_.getBurst(0).fp16Data_[i] (0 and 21.90625) are not same 0 19834

src/tests/KernelTestCases.cpp:52: Failure
3728temp_fp16[0] and dim_data->output_npbst_.getBurst(0).fp16Data_[i] (0 and -16.609375) are not same 0 52263

src/tests/KernelTestCases.cpp:52: Failure
3729temp_fp16[0] and dim_data->output_npbst_.getBurst(0).fp16Data_[i] (0 and -23.078125) are not same 0 52677

src/tests/KernelTestCases.cpp:52: Failure
3730temp_fp16[0] and dim_data->output_npbst_.getBurst(0).fp16Data_[i] (0 and 88.9375) are not same 0 21903

src/tests/KernelTestCases.cpp:52: Failure
3731temp_fp16[0] and dim_data->output_npbst_.getBurst(0).fp16Data_[i] (0 and -40.5625) are not same 0 53522

src/tests/KernelTestCases.cpp:52: Failure
3732temp_fp16[0] and dim_data->output_npbst_.getBurst(0).fp16Data_[i] (0 and 11.140625) are not same 0 18834

src/tests/KernelTestCases.cpp:52: Failure
3733temp_fp16[0] and dim_data->output_npbst_.getBurst(0).fp16Data_[i] (0 and -6.0703125) are not same 0 50706

src/tests/KernelTestCases.cpp:52: Failure
3734temp_fp16[0] and dim_data->output_npbst_.getBurst(0).fp16Data_[i] (0 and 17.046875) are not same 0 19523

src/tests/KernelTestCases.cpp:52: Failure
3735temp_fp16[0] and dim_data->output_npbst_.getBurst(0).fp16Data_[i] (0 and 21.796875) are not same 0 19827

src/tests/KernelTestCases.cpp:52: Failure
3736temp_fp16[0] and dim_data->output_npbst_.getBurst(0).fp16Data_[i] (0 and -39.65625) are not same 0 53493

src/tests/KernelTestCases.cpp:52: Failure
3737temp_fp16[0] and dim_data->output_npbst_.getBurst(0).fp16Data_[i] (0 and -32.71875) are not same 0 53271

src/tests/KernelTestCases.cpp:52: Failure
3738temp_fp16[0] and dim_data->output_npbst_.getBurst(0).fp16Data_[i] (0 and -39.6875) are not same 0 53494

src/tests/KernelTestCases.cpp:52: Failure
3739temp_fp16[0] and dim_data->output_npbst_.getBurst(0).fp16Data_[i] (0 and 4.1640625) are not same 0 17450

src/tests/KernelTestCases.cpp:52: Failure
3740temp_fp16[0] and dim_data->output_npbst_.getBurst(0).fp16Data_[i] (0 and -35.21875) are not same 0 53351

src/tests/KernelTestCases.cpp:52: Failure
3741temp_fp16[0] and dim_data->output_npbst_.getBurst(0).fp16Data_[i] (0 and 37.5625) are not same 0 20658

src/tests/KernelTestCases.cpp:52: Failure
3742temp_fp16[0] and dim_data->output_npbst_.getBurst(0).fp16Data_[i] (0 and 23.84375) are not same 0 19958

src/tests/KernelTestCases.cpp:52: Failure
3743temp_fp16[0] and dim_data->output_npbst_.getBurst(0).fp16Data_[i] (0 and 36.625) are not same 0 20628

src/tests/KernelTestCases.cpp:52: Failure
3744temp_fp16[0] and dim_data->output_npbst_.getBurst(0).fp16Data_[i] (0 and 4.09375) are not same 0 17432

src/tests/KernelTestCases.cpp:52: Failure
3745temp_fp16[0] and dim_data->output_npbst_.getBurst(0).fp16Data_[i] (0 and 8.9140625) are not same 0 18549

src/tests/KernelTestCases.cpp:52: Failure
3746temp_fp16[0] and dim_data->output_npbst_.getBurst(0).fp16Data_[i] (0 and 81.125) are not same 0 21778

src/tests/KernelTestCases.cpp:52: Failure
3747temp_fp16[0] and dim_data->output_npbst_.getBurst(0).fp16Data_[i] (0 and -53.1875) are not same 0 53926

src/tests/KernelTestCases.cpp:52: Failure
3748temp_fp16[0] and dim_data->output_npbst_.getBurst(0).fp16Data_[i] (0 and -48.4375) are not same 0 53774

src/tests/KernelTestCases.cpp:52: Failure
3749temp_fp16[0] and dim_data->output_npbst_.getBurst(0).fp16Data_[i] (0 and -10.59375) are not same 0 51532

src/tests/KernelTestCases.cpp:52: Failure
3750temp_fp16[0] and dim_data->output_npbst_.getBurst(0).fp16Data_[i] (0 and 11.9921875) are not same 0 18943

src/tests/KernelTestCases.cpp:52: Failure
3751temp_fp16[0] and dim_data->output_npbst_.getBurst(0).fp16Data_[i] (0 and -43.875) are not same 0 53628

src/tests/KernelTestCases.cpp:52: Failure
3752temp_fp16[0] and dim_data->output_npbst_.getBurst(0).fp16Data_[i] (0 and 2.46484375) are not same 0 16622

src/tests/KernelTestCases.cpp:52: Failure
3753temp_fp16[0] and dim_data->output_npbst_.getBurst(0).fp16Data_[i] (0 and -4.640625) are not same 0 50340

src/tests/KernelTestCases.cpp:52: Failure
3754temp_fp16[0] and dim_data->output_npbst_.getBurst(0).fp16Data_[i] (0 and -7.18359375) are not same 0 50991

src/tests/KernelTestCases.cpp:52: Failure
3755temp_fp16[0] and dim_data->output_npbst_.getBurst(0).fp16Data_[i] (0 and 33.46875) are not same 0 20527

src/tests/KernelTestCases.cpp:52: Failure
3756temp_fp16[0] and dim_data->output_npbst_.getBurst(0).fp16Data_[i] (0 and -23.71875) are not same 0 52718

src/tests/KernelTestCases.cpp:52: Failure
3757temp_fp16[0] and dim_data->output_npbst_.getBurst(0).fp16Data_[i] (0 and 45.96875) are not same 0 20927

src/tests/KernelTestCases.cpp:52: Failure
3758temp_fp16[0] and dim_data->output_npbst_.getBurst(0).fp16Data_[i] (0 and -6.86328125) are not same 0 50909

src/tests/KernelTestCases.cpp:52: Failure
3759temp_fp16[0] and dim_data->output_npbst_.getBurst(0).fp16Data_[i] (0 and 28.21875) are not same 0 20238

src/tests/KernelTestCases.cpp:52: Failure
3760temp_fp16[0] and dim_data->output_npbst_.getBurst(0).fp16Data_[i] (0 and -17.9375) are not same 0 52348

src/tests/KernelTestCases.cpp:52: Failure
3761temp_fp16[0] and dim_data->output_npbst_.getBurst(0).fp16Data_[i] (0 and 14.9921875) are not same 0 19327

src/tests/KernelTestCases.cpp:52: Failure
3762temp_fp16[0] and dim_data->output_npbst_.getBurst(0).fp16Data_[i] (0 and 25.859375) are not same 0 20087

src/tests/KernelTestCases.cpp:52: Failure
3763temp_fp16[0] and dim_data->output_npbst_.getBurst(0).fp16Data_[i] (0 and -30.859375) are not same 0 53175

src/tests/KernelTestCases.cpp:52: Failure
3764temp_fp16[0] and dim_data->output_npbst_.getBurst(0).fp16Data_[i] (0 and 49.75) are not same 0 21048

src/tests/KernelTestCases.cpp:52: Failure
3765temp_fp16[0] and dim_data->output_npbst_.getBurst(0).fp16Data_[i] (0 and -1.7021484375) are not same 0 48847

src/tests/KernelTestCases.cpp:52: Failure
3766temp_fp16[0] and dim_data->output_npbst_.getBurst(0).fp16Data_[i] (0 and -34.34375) are not same 0 53323

src/tests/KernelTestCases.cpp:52: Failure
3767temp_fp16[0] and dim_data->output_npbst_.getBurst(0).fp16Data_[i] (0 and -8.765625) are not same 0 51298

src/tests/KernelTestCases.cpp:52: Failure
3768temp_fp16[0] and dim_data->output_npbst_.getBurst(0).fp16Data_[i] (0 and 3.423828125) are not same 0 17113

src/tests/KernelTestCases.cpp:52: Failure
3769temp_fp16[0] and dim_data->output_npbst_.getBurst(0).fp16Data_[i] (0 and 16.609375) are not same 0 19495

src/tests/KernelTestCases.cpp:52: Failure
3770temp_fp16[0] and dim_data->output_npbst_.getBurst(0).fp16Data_[i] (0 and -2.78515625) are not same 0 49554

src/tests/KernelTestCases.cpp:52: Failure
3771temp_fp16[0] and dim_data->output_npbst_.getBurst(0).fp16Data_[i] (0 and -45.65625) are not same 0 53685

src/tests/KernelTestCases.cpp:52: Failure
3772temp_fp16[0] and dim_data->output_npbst_.getBurst(0).fp16Data_[i] (0 and -7.23828125) are not same 0 51005

src/tests/KernelTestCases.cpp:52: Failure
3773temp_fp16[0] and dim_data->output_npbst_.getBurst(0).fp16Data_[i] (0 and 46.21875) are not same 0 20935

src/tests/KernelTestCases.cpp:52: Failure
3774temp_fp16[0] and dim_data->output_npbst_.getBurst(0).fp16Data_[i] (0 and -48.78125) are not same 0 53785

src/tests/KernelTestCases.cpp:52: Failure
3775temp_fp16[0] and dim_data->output_npbst_.getBurst(0).fp16Data_[i] (0 and -42.875) are not same 0 53596

src/tests/KernelTestCases.cpp:52: Failure
3776temp_fp16[0] and dim_data->output_npbst_.getBurst(0).fp16Data_[i] (0 and -25.71875) are not same 0 52846

src/tests/KernelTestCases.cpp:52: Failure
3777temp_fp16[0] and dim_data->output_npbst_.getBurst(0).fp16Data_[i] (0 and -59.46875) are not same 0 54127

src/tests/KernelTestCases.cpp:52: Failure
3778temp_fp16[0] and dim_data->output_npbst_.getBurst(0).fp16Data_[i] (0 and 30.25) are not same 0 20368

src/tests/KernelTestCases.cpp:52: Failure
3779temp_fp16[0] and dim_data->output_npbst_.getBurst(0).fp16Data_[i] (0 and 13.59375) are not same 0 19148

src/tests/KernelTestCases.cpp:52: Failure
3780temp_fp16[0] and dim_data->output_npbst_.getBurst(0).fp16Data_[i] (0 and -5.66015625) are not same 0 50601

src/tests/KernelTestCases.cpp:52: Failure
3781temp_fp16[0] and dim_data->output_npbst_.getBurst(0).fp16Data_[i] (0 and -50.4375) are not same 0 53838

src/tests/KernelTestCases.cpp:52: Failure
3782temp_fp16[0] and dim_data->output_npbst_.getBurst(0).fp16Data_[i] (0 and 16.453125) are not same 0 19485

src/tests/KernelTestCases.cpp:52: Failure
3783temp_fp16[0] and dim_data->output_npbst_.getBurst(0).fp16Data_[i] (0 and 8.4921875) are not same 0 18495

src/tests/KernelTestCases.cpp:52: Failure
3784temp_fp16[0] and dim_data->output_npbst_.getBurst(0).fp16Data_[i] (0 and -64.75) are not same 0 54284

src/tests/KernelTestCases.cpp:52: Failure
3785temp_fp16[0] and dim_data->output_npbst_.getBurst(0).fp16Data_[i] (0 and -31.28125) are not same 0 53202

src/tests/KernelTestCases.cpp:52: Failure
3786temp_fp16[0] and dim_data->output_npbst_.getBurst(0).fp16Data_[i] (0 and -60.0625) are not same 0 54146

src/tests/KernelTestCases.cpp:52: Failure
3787temp_fp16[0] and dim_data->output_npbst_.getBurst(0).fp16Data_[i] (0 and 53.78125) are not same 0 21177

src/tests/KernelTestCases.cpp:52: Failure
3788temp_fp16[0] and dim_data->output_npbst_.getBurst(0).fp16Data_[i] (0 and -19.671875) are not same 0 52459

src/tests/KernelTestCases.cpp:52: Failure
3789temp_fp16[0] and dim_data->output_npbst_.getBurst(0).fp16Data_[i] (0 and 10.515625) are not same 0 18754

src/tests/KernelTestCases.cpp:52: Failure
3790temp_fp16[0] and dim_data->output_npbst_.getBurst(0).fp16Data_[i] (0 and 22.546875) are not same 0 19875

src/tests/KernelTestCases.cpp:52: Failure
3791temp_fp16[0] and dim_data->output_npbst_.getBurst(0).fp16Data_[i] (0 and 42.78125) are not same 0 20825

src/tests/KernelTestCases.cpp:52: Failure
3792temp_fp16[0] and dim_data->output_npbst_.getBurst(0).fp16Data_[i] (0 and 47.8125) are not same 0 20986

src/tests/KernelTestCases.cpp:52: Failure
3793temp_fp16[0] and dim_data->output_npbst_.getBurst(0).fp16Data_[i] (0 and 3.7421875) are not same 0 17276

src/tests/KernelTestCases.cpp:52: Failure
3794temp_fp16[0] and dim_data->output_npbst_.getBurst(0).fp16Data_[i] (0 and -35.21875) are not same 0 53351

src/tests/KernelTestCases.cpp:52: Failure
3795temp_fp16[0] and dim_data->output_npbst_.getBurst(0).fp16Data_[i] (0 and 37.84375) are not same 0 20667

src/tests/KernelTestCases.cpp:52: Failure
3796temp_fp16[0] and dim_data->output_npbst_.getBurst(0).fp16Data_[i] (0 and 12.34375) are not same 0 18988

src/tests/KernelTestCases.cpp:52: Failure
3797temp_fp16[0] and dim_data->output_npbst_.getBurst(0).fp16Data_[i] (0 and -41.375) are not same 0 53548

src/tests/KernelTestCases.cpp:52: Failure
3798temp_fp16[0] and dim_data->output_npbst_.getBurst(0).fp16Data_[i] (0 and 18.796875) are not same 0 19635

src/tests/KernelTestCases.cpp:52: Failure
3799temp_fp16[0] and dim_data->output_npbst_.getBurst(0).fp16Data_[i] (0 and -21.921875) are not same 0 52603

src/tests/KernelTestCases.cpp:52: Failure
3800temp_fp16[0] and dim_data->output_npbst_.getBurst(0).fp16Data_[i] (0 and -20.734375) are not same 0 52527

src/tests/KernelTestCases.cpp:52: Failure
3801temp_fp16[0] and dim_data->output_npbst_.getBurst(0).fp16Data_[i] (0 and -15.2109375) are not same 0 52123

src/tests/KernelTestCases.cpp:52: Failure
3803temp_fp16[0] and dim_data->output_npbst_.getBurst(0).fp16Data_[i] (0 and 48.71875) are not same 0 21015

src/tests/KernelTestCases.cpp:52: Failure
3804temp_fp16[0] and dim_data->output_npbst_.getBurst(0).fp16Data_[i] (0 and -22.296875) are not same 0 52627

src/tests/KernelTestCases.cpp:52: Failure
3805temp_fp16[0] and dim_data->output_npbst_.getBurst(0).fp16Data_[i] (0 and -17.4375) are not same 0 52316

src/tests/KernelTestCases.cpp:52: Failure
3806temp_fp16[0] and dim_data->output_npbst_.getBurst(0).fp16Data_[i] (0 and -48.5625) are not same 0 53778

src/tests/KernelTestCases.cpp:52: Failure
3807temp_fp16[0] and dim_data->output_npbst_.getBurst(0).fp16Data_[i] (0 and 26.859375) are not same 0 20151

src/tests/KernelTestCases.cpp:52: Failure
3808temp_fp16[0] and dim_data->output_npbst_.getBurst(0).fp16Data_[i] (0 and -38.875) are not same 0 53468

src/tests/KernelTestCases.cpp:52: Failure
3809temp_fp16[0] and dim_data->output_npbst_.getBurst(0).fp16Data_[i] (0 and -49.4375) are not same 0 53806

src/tests/KernelTestCases.cpp:52: Failure
3810temp_fp16[0] and dim_data->output_npbst_.getBurst(0).fp16Data_[i] (0 and -24.65625) are not same 0 52778

src/tests/KernelTestCases.cpp:52: Failure
3811temp_fp16[0] and dim_data->output_npbst_.getBurst(0).fp16Data_[i] (0 and 14.3828125) are not same 0 19249

src/tests/KernelTestCases.cpp:52: Failure
3812temp_fp16[0] and dim_data->output_npbst_.getBurst(0).fp16Data_[i] (0 and -36.4375) are not same 0 53390

src/tests/KernelTestCases.cpp:52: Failure
3813temp_fp16[0] and dim_data->output_npbst_.getBurst(0).fp16Data_[i] (0 and 50.96875) are not same 0 21087

src/tests/KernelTestCases.cpp:52: Failure
3814temp_fp16[0] and dim_data->output_npbst_.getBurst(0).fp16Data_[i] (0 and 11.640625) are not same 0 18898

src/tests/KernelTestCases.cpp:52: Failure
3815temp_fp16[0] and dim_data->output_npbst_.getBurst(0).fp16Data_[i] (0 and 43.90625) are not same 0 20861

src/tests/KernelTestCases.cpp:52: Failure
3816temp_fp16[0] and dim_data->output_npbst_.getBurst(0).fp16Data_[i] (0 and -31.46875) are not same 0 53214

src/tests/KernelTestCases.cpp:52: Failure
3817temp_fp16[0] and dim_data->output_npbst_.getBurst(0).fp16Data_[i] (0 and 31.53125) are not same 0 20450

src/tests/KernelTestCases.cpp:52: Failure
3818temp_fp16[0] and dim_data->output_npbst_.getBurst(0).fp16Data_[i] (0 and 24.15625) are not same 0 19978

src/tests/KernelTestCases.cpp:52: Failure
3819temp_fp16[0] and dim_data->output_npbst_.getBurst(0).fp16Data_[i] (0 and 23.6875) are not same 0 19948

src/tests/KernelTestCases.cpp:52: Failure
3820temp_fp16[0] and dim_data->output_npbst_.getBurst(0).fp16Data_[i] (0 and 12.8046875) are not same 0 19047

src/tests/KernelTestCases.cpp:52: Failure
3821temp_fp16[0] and dim_data->output_npbst_.getBurst(0).fp16Data_[i] (0 and 14.0703125) are not same 0 19209

src/tests/KernelTestCases.cpp:52: Failure
3823temp_fp16[0] and dim_data->output_npbst_.getBurst(0).fp16Data_[i] (0 and 13.6328125) are not same 0 19153

src/tests/KernelTestCases.cpp:52: Failure
3824temp_fp16[0] and dim_data->output_npbst_.getBurst(0).fp16Data_[i] (0 and -3.333984375) are not same 0 49835

src/tests/KernelTestCases.cpp:52: Failure
3825temp_fp16[0] and dim_data->output_npbst_.getBurst(0).fp16Data_[i] (0 and -1.671875) are not same 0 48816

src/tests/KernelTestCases.cpp:52: Failure
3826temp_fp16[0] and dim_data->output_npbst_.getBurst(0).fp16Data_[i] (0 and 26.875) are not same 0 20152

src/tests/KernelTestCases.cpp:52: Failure
3827temp_fp16[0] and dim_data->output_npbst_.getBurst(0).fp16Data_[i] (0 and 3.9765625) are not same 0 17396

src/tests/KernelTestCases.cpp:52: Failure
3828temp_fp16[0] and dim_data->output_npbst_.getBurst(0).fp16Data_[i] (0 and -53) are not same 0 53920

src/tests/KernelTestCases.cpp:52: Failure
3829temp_fp16[0] and dim_data->output_npbst_.getBurst(0).fp16Data_[i] (0 and 50.71875) are not same 0 21079

src/tests/KernelTestCases.cpp:52: Failure
3830temp_fp16[0] and dim_data->output_npbst_.getBurst(0).fp16Data_[i] (0 and 39.3125) are not same 0 20714

src/tests/KernelTestCases.cpp:52: Failure
3831temp_fp16[0] and dim_data->output_npbst_.getBurst(0).fp16Data_[i] (0 and 8.1796875) are not same 0 18455

src/tests/KernelTestCases.cpp:52: Failure
3832temp_fp16[0] and dim_data->output_npbst_.getBurst(0).fp16Data_[i] (0 and -52.6875) are not same 0 53910

src/tests/KernelTestCases.cpp:52: Failure
3833temp_fp16[0] and dim_data->output_npbst_.getBurst(0).fp16Data_[i] (0 and 11.2109375) are not same 0 18843

src/tests/KernelTestCases.cpp:52: Failure
3834temp_fp16[0] and dim_data->output_npbst_.getBurst(0).fp16Data_[i] (0 and 23.265625) are not same 0 19921

src/tests/KernelTestCases.cpp:52: Failure
3835temp_fp16[0] and dim_data->output_npbst_.getBurst(0).fp16Data_[i] (0 and -5.85546875) are not same 0 50651

src/tests/KernelTestCases.cpp:52: Failure
3836temp_fp16[0] and dim_data->output_npbst_.getBurst(0).fp16Data_[i] (0 and -4.89453125) are not same 0 50405

src/tests/KernelTestCases.cpp:52: Failure
3837temp_fp16[0] and dim_data->output_npbst_.getBurst(0).fp16Data_[i] (0 and 54.96875) are not same 0 21215

src/tests/KernelTestCases.cpp:52: Failure
3838temp_fp16[0] and dim_data->output_npbst_.getBurst(0).fp16Data_[i] (0 and -29.953125) are not same 0 53117

src/tests/KernelTestCases.cpp:52: Failure
3839temp_fp16[0] and dim_data->output_npbst_.getBurst(0).fp16Data_[i] (0 and 7.6171875) are not same 0 18334

src/tests/KernelTestCases.cpp:52: Failure
3840temp_fp16[0] and dim_data->output_npbst_.getBurst(0).fp16Data_[i] (0 and 8.7421875) are not same 0 18527

src/tests/KernelTestCases.cpp:52: Failure
3841temp_fp16[0] and dim_data->output_npbst_.getBurst(0).fp16Data_[i] (0 and -21.5) are not same 0 52576

src/tests/KernelTestCases.cpp:52: Failure
3842temp_fp16[0] and dim_data->output_npbst_.getBurst(0).fp16Data_[i] (0 and -18.65625) are not same 0 52394

src/tests/KernelTestCases.cpp:52: Failure
3843temp_fp16[0] and dim_data->output_npbst_.getBurst(0).fp16Data_[i] (0 and -19.703125) are not same 0 52461

src/tests/KernelTestCases.cpp:52: Failure
3844temp_fp16[0] and dim_data->output_npbst_.getBurst(0).fp16Data_[i] (0 and -5.75) are not same 0 50624

src/tests/KernelTestCases.cpp:52: Failure
3845temp_fp16[0] and dim_data->output_npbst_.getBurst(0).fp16Data_[i] (0 and 2.5859375) are not same 0 16684

src/tests/KernelTestCases.cpp:52: Failure
3846temp_fp16[0] and dim_data->output_npbst_.getBurst(0).fp16Data_[i] (0 and -36.28125) are not same 0 53385

src/tests/KernelTestCases.cpp:52: Failure
3847temp_fp16[0] and dim_data->output_npbst_.getBurst(0).fp16Data_[i] (0 and 45.90625) are not same 0 20925

src/tests/KernelTestCases.cpp:52: Failure
3848temp_fp16[0] and dim_data->output_npbst_.getBurst(0).fp16Data_[i] (0 and -14.6484375) are not same 0 52051

src/tests/KernelTestCases.cpp:52: Failure
3849temp_fp16[0] and dim_data->output_npbst_.getBurst(0).fp16Data_[i] (0 and 1.619140625) are not same 0 15994

src/tests/KernelTestCases.cpp:52: Failure
3850temp_fp16[0] and dim_data->output_npbst_.getBurst(0).fp16Data_[i] (0 and 98.4375) are not same 0 22055

src/tests/KernelTestCases.cpp:52: Failure
3851temp_fp16[0] and dim_data->output_npbst_.getBurst(0).fp16Data_[i] (0 and 20.1875) are not same 0 19724

src/tests/KernelTestCases.cpp:52: Failure
3852temp_fp16[0] and dim_data->output_npbst_.getBurst(0).fp16Data_[i] (0 and 49.15625) are not same 0 21029

src/tests/KernelTestCases.cpp:52: Failure
3853temp_fp16[0] and dim_data->output_npbst_.getBurst(0).fp16Data_[i] (0 and -11.1796875) are not same 0 51607

src/tests/KernelTestCases.cpp:52: Failure
3854temp_fp16[0] and dim_data->output_npbst_.getBurst(0).fp16Data_[i] (0 and -8.328125) are not same 0 51242

src/tests/KernelTestCases.cpp:52: Failure
3855temp_fp16[0] and dim_data->output_npbst_.getBurst(0).fp16Data_[i] (0 and -56.03125) are not same 0 54017

src/tests/KernelTestCases.cpp:52: Failure
3856temp_fp16[0] and dim_data->output_npbst_.getBurst(0).fp16Data_[i] (0 and -20.265625) are not same 0 52497

src/tests/KernelTestCases.cpp:52: Failure
3857temp_fp16[0] and dim_data->output_npbst_.getBurst(0).fp16Data_[i] (0 and -18.21875) are not same 0 52366

src/tests/KernelTestCases.cpp:52: Failure
3858temp_fp16[0] and dim_data->output_npbst_.getBurst(0).fp16Data_[i] (0 and 18.640625) are not same 0 19625

src/tests/KernelTestCases.cpp:52: Failure
3859temp_fp16[0] and dim_data->output_npbst_.getBurst(0).fp16Data_[i] (0 and 1.671875) are not same 0 16048

src/tests/KernelTestCases.cpp:52: Failure
3860temp_fp16[0] and dim_data->output_npbst_.getBurst(0).fp16Data_[i] (0 and 9.8515625) are not same 0 18669

src/tests/KernelTestCases.cpp:52: Failure
3861temp_fp16[0] and dim_data->output_npbst_.getBurst(0).fp16Data_[i] (0 and -11.46875) are not same 0 51644

src/tests/KernelTestCases.cpp:52: Failure
3862temp_fp16[0] and dim_data->output_npbst_.getBurst(0).fp16Data_[i] (0 and -59.53125) are not same 0 54129

src/tests/KernelTestCases.cpp:52: Failure
3863temp_fp16[0] and dim_data->output_npbst_.getBurst(0).fp16Data_[i] (0 and -11.9296875) are not same 0 51703

src/tests/KernelTestCases.cpp:52: Failure
3864temp_fp16[0] and dim_data->output_npbst_.getBurst(0).fp16Data_[i] (0 and 29.78125) are not same 0 20338

src/tests/KernelTestCases.cpp:52: Failure
3865temp_fp16[0] and dim_data->output_npbst_.getBurst(0).fp16Data_[i] (0 and 55.65625) are not same 0 21237

src/tests/KernelTestCases.cpp:52: Failure
3866temp_fp16[0] and dim_data->output_npbst_.getBurst(0).fp16Data_[i] (0 and 6.6953125) are not same 0 18098

src/tests/KernelTestCases.cpp:52: Failure
3867temp_fp16[0] and dim_data->output_npbst_.getBurst(0).fp16Data_[i] (0 and -15.5859375) are not same 0 52171

src/tests/KernelTestCases.cpp:52: Failure
3868temp_fp16[0] and dim_data->output_npbst_.getBurst(0).fp16Data_[i] (0 and 1.966796875) are not same 0 16350

src/tests/KernelTestCases.cpp:52: Failure
3869temp_fp16[0] and dim_data->output_npbst_.getBurst(0).fp16Data_[i] (0 and 4.515625) are not same 0 17540

src/tests/KernelTestCases.cpp:52: Failure
3870temp_fp16[0] and dim_data->output_npbst_.getBurst(0).fp16Data_[i] (0 and -23.890625) are not same 0 52729

src/tests/KernelTestCases.cpp:52: Failure
3871temp_fp16[0] and dim_data->output_npbst_.getBurst(0).fp16Data_[i] (0 and 56.09375) are not same 0 21251

src/tests/KernelTestCases.cpp:52: Failure
3872temp_fp16[0] and dim_data->output_npbst_.getBurst(0).fp16Data_[i] (0 and 55.53125) are not same 0 21233

src/tests/KernelTestCases.cpp:52: Failure
3873temp_fp16[0] and dim_data->output_npbst_.getBurst(0).fp16Data_[i] (0 and 17.21875) are not same 0 19534

src/tests/KernelTestCases.cpp:52: Failure
3874temp_fp16[0] and dim_data->output_npbst_.getBurst(0).fp16Data_[i] (0 and 21.734375) are not same 0 19823

src/tests/KernelTestCases.cpp:52: Failure
3875temp_fp16[0] and dim_data->output_npbst_.getBurst(0).fp16Data_[i] (0 and -12.984375) are not same 0 51838

src/tests/KernelTestCases.cpp:52: Failure
3876temp_fp16[0] and dim_data->output_npbst_.getBurst(0).fp16Data_[i] (0 and -22.9375) are not same 0 52668

src/tests/KernelTestCases.cpp:52: Failure
3877temp_fp16[0] and dim_data->output_npbst_.getBurst(0).fp16Data_[i] (0 and 3.892578125) are not same 0 17353

src/tests/KernelTestCases.cpp:52: Failure
3878temp_fp16[0] and dim_data->output_npbst_.getBurst(0).fp16Data_[i] (0 and 42.78125) are not same 0 20825

src/tests/KernelTestCases.cpp:52: Failure
3879temp_fp16[0] and dim_data->output_npbst_.getBurst(0).fp16Data_[i] (0 and 41.65625) are not same 0 20789

src/tests/KernelTestCases.cpp:52: Failure
3880temp_fp16[0] and dim_data->output_npbst_.getBurst(0).fp16Data_[i] (0 and -22.328125) are not same 0 52629

src/tests/KernelTestCases.cpp:52: Failure
3881temp_fp16[0] and dim_data->output_npbst_.getBurst(0).fp16Data_[i] (0 and -13.859375) are not same 0 51950

src/tests/KernelTestCases.cpp:52: Failure
3882temp_fp16[0] and dim_data->output_npbst_.getBurst(0).fp16Data_[i] (0 and -76.125) are not same 0 54466

src/tests/KernelTestCases.cpp:52: Failure
3883temp_fp16[0] and dim_data->output_npbst_.getBurst(0).fp16Data_[i] (0 and 15.15625) are not same 0 19348

src/tests/KernelTestCases.cpp:52: Failure
3884temp_fp16[0] and dim_data->output_npbst_.getBurst(0).fp16Data_[i] (0 and 12.5078125) are not same 0 19009

src/tests/KernelTestCases.cpp:52: Failure
3885temp_fp16[0] and dim_data->output_npbst_.getBurst(0).fp16Data_[i] (0 and 73.125) are not same 0 21650

src/tests/KernelTestCases.cpp:52: Failure
3886temp_fp16[0] and dim_data->output_npbst_.getBurst(0).fp16Data_[i] (0 and -17.09375) are not same 0 52294

src/tests/KernelTestCases.cpp:52: Failure
3887temp_fp16[0] and dim_data->output_npbst_.getBurst(0).fp16Data_[i] (0 and 6.75) are not same 0 18112

src/tests/KernelTestCases.cpp:52: Failure
3888temp_fp16[0] and dim_data->output_npbst_.getBurst(0).fp16Data_[i] (0 and 39.46875) are not same 0 20719

src/tests/KernelTestCases.cpp:52: Failure
3889temp_fp16[0] and dim_data->output_npbst_.getBurst(0).fp16Data_[i] (0 and 17.75) are not same 0 19568

src/tests/KernelTestCases.cpp:52: Failure
3890temp_fp16[0] and dim_data->output_npbst_.getBurst(0).fp16Data_[i] (0 and -22.28125) are not same 0 52626

src/tests/KernelTestCases.cpp:52: Failure
3891temp_fp16[0] and dim_data->output_npbst_.getBurst(0).fp16Data_[i] (0 and -42.78125) are not same 0 53593

src/tests/KernelTestCases.cpp:52: Failure
3892temp_fp16[0] and dim_data->output_npbst_.getBurst(0).fp16Data_[i] (0 and -2.751953125) are not same 0 49537

src/tests/KernelTestCases.cpp:52: Failure
3893temp_fp16[0] and dim_data->output_npbst_.getBurst(0).fp16Data_[i] (0 and -65) are not same 0 54288

src/tests/KernelTestCases.cpp:52: Failure
3894temp_fp16[0] and dim_data->output_npbst_.getBurst(0).fp16Data_[i] (0 and -17.171875) are not same 0 52299

src/tests/KernelTestCases.cpp:52: Failure
3895temp_fp16[0] and dim_data->output_npbst_.getBurst(0).fp16Data_[i] (0 and 10.5703125) are not same 0 18761

src/tests/KernelTestCases.cpp:52: Failure
3896temp_fp16[0] and dim_data->output_npbst_.getBurst(0).fp16Data_[i] (0 and -10.7890625) are not same 0 51557

src/tests/KernelTestCases.cpp:52: Failure
3897temp_fp16[0] and dim_data->output_npbst_.getBurst(0).fp16Data_[i] (0 and -7.3828125) are not same 0 51042

src/tests/KernelTestCases.cpp:52: Failure
3898temp_fp16[0] and dim_data->output_npbst_.getBurst(0).fp16Data_[i] (0 and -36.5625) are not same 0 53394

src/tests/KernelTestCases.cpp:52: Failure
3899temp_fp16[0] and dim_data->output_npbst_.getBurst(0).fp16Data_[i] (0 and -2.982421875) are not same 0 49655

src/tests/KernelTestCases.cpp:52: Failure
3900temp_fp16[0] and dim_data->output_npbst_.getBurst(0).fp16Data_[i] (0 and -19.5625) are not same 0 52452

src/tests/KernelTestCases.cpp:52: Failure
3901temp_fp16[0] and dim_data->output_npbst_.getBurst(0).fp16Data_[i] (0 and 73.4375) are not same 0 21655

src/tests/KernelTestCases.cpp:52: Failure
3902temp_fp16[0] and dim_data->output_npbst_.getBurst(0).fp16Data_[i] (0 and 24.75) are not same 0 20016

src/tests/KernelTestCases.cpp:52: Failure
3903temp_fp16[0] and dim_data->output_npbst_.getBurst(0).fp16Data_[i] (0 and -3.134765625) are not same 0 49733

src/tests/KernelTestCases.cpp:52: Failure
3904temp_fp16[0] and dim_data->output_npbst_.getBurst(0).fp16Data_[i] (0 and -17.078125) are not same 0 52293

src/tests/KernelTestCases.cpp:52: Failure
3905temp_fp16[0] and dim_data->output_npbst_.getBurst(0).fp16Data_[i] (0 and -14.9609375) are not same 0 52091

src/tests/KernelTestCases.cpp:52: Failure
3906temp_fp16[0] and dim_data->output_npbst_.getBurst(0).fp16Data_[i] (0 and -11.25) are not same 0 51616

src/tests/KernelTestCases.cpp:52: Failure
3907temp_fp16[0] and dim_data->output_npbst_.getBurst(0).fp16Data_[i] (0 and -75.875) are not same 0 54462

src/tests/KernelTestCases.cpp:52: Failure
3908temp_fp16[0] and dim_data->output_npbst_.getBurst(0).fp16Data_[i] (0 and -54.34375) are not same 0 53963

src/tests/KernelTestCases.cpp:52: Failure
3909temp_fp16[0] and dim_data->output_npbst_.getBurst(0).fp16Data_[i] (0 and 34.6875) are not same 0 20566

src/tests/KernelTestCases.cpp:52: Failure
3910temp_fp16[0] and dim_data->output_npbst_.getBurst(0).fp16Data_[i] (0 and -19.984375) are not same 0 52479

src/tests/KernelTestCases.cpp:52: Failure
3911temp_fp16[0] and dim_data->output_npbst_.getBurst(0).fp16Data_[i] (0 and 16.765625) are not same 0 19505

src/tests/KernelTestCases.cpp:52: Failure
3912temp_fp16[0] and dim_data->output_npbst_.getBurst(0).fp16Data_[i] (0 and -28.3125) are not same 0 53012

src/tests/KernelTestCases.cpp:52: Failure
3913temp_fp16[0] and dim_data->output_npbst_.getBurst(0).fp16Data_[i] (0 and -62.15625) are not same 0 54213

src/tests/KernelTestCases.cpp:52: Failure
3914temp_fp16[0] and dim_data->output_npbst_.getBurst(0).fp16Data_[i] (0 and 57.125) are not same 0 21284

src/tests/KernelTestCases.cpp:52: Failure
3915temp_fp16[0] and dim_data->output_npbst_.getBurst(0).fp16Data_[i] (0 and 37.09375) are not same 0 20643

src/tests/KernelTestCases.cpp:52: Failure
3916temp_fp16[0] and dim_data->output_npbst_.getBurst(0).fp16Data_[i] (0 and 86.6875) are not same 0 21867

src/tests/KernelTestCases.cpp:52: Failure
3917temp_fp16[0] and dim_data->output_npbst_.getBurst(0).fp16Data_[i] (0 and -20.625) are not same 0 52520

src/tests/KernelTestCases.cpp:52: Failure
3918temp_fp16[0] and dim_data->output_npbst_.getBurst(0).fp16Data_[i] (0 and 22.046875) are not same 0 19843

src/tests/KernelTestCases.cpp:52: Failure
3919temp_fp16[0] and dim_data->output_npbst_.getBurst(0).fp16Data_[i] (0 and -13.4609375) are not same 0 51899

src/tests/KernelTestCases.cpp:52: Failure
3920temp_fp16[0] and dim_data->output_npbst_.getBurst(0).fp16Data_[i] (0 and -30.546875) are not same 0 53155

src/tests/KernelTestCases.cpp:52: Failure
3921temp_fp16[0] and dim_data->output_npbst_.getBurst(0).fp16Data_[i] (0 and 1.6435546875) are not same 0 16019

src/tests/KernelTestCases.cpp:52: Failure
3922temp_fp16[0] and dim_data->output_npbst_.getBurst(0).fp16Data_[i] (0 and 19.265625) are not same 0 19665

src/tests/KernelTestCases.cpp:52: Failure
3923temp_fp16[0] and dim_data->output_npbst_.getBurst(0).fp16Data_[i] (0 and 13.546875) are not same 0 19142

src/tests/KernelTestCases.cpp:52: Failure
3924temp_fp16[0] and dim_data->output_npbst_.getBurst(0).fp16Data_[i] (0 and -23.46875) are not same 0 52702

src/tests/KernelTestCases.cpp:52: Failure
3925temp_fp16[0] and dim_data->output_npbst_.getBurst(0).fp16Data_[i] (0 and 39) are not same 0 20704

src/tests/KernelTestCases.cpp:52: Failure
3926temp_fp16[0] and dim_data->output_npbst_.getBurst(0).fp16Data_[i] (0 and 15.15625) are not same 0 19348

src/tests/KernelTestCases.cpp:52: Failure
3927temp_fp16[0] and dim_data->output_npbst_.getBurst(0).fp16Data_[i] (0 and -48.75) are not same 0 53784

src/tests/KernelTestCases.cpp:52: Failure
3928temp_fp16[0] and dim_data->output_npbst_.getBurst(0).fp16Data_[i] (0 and -1.873046875) are not same 0 49022

src/tests/KernelTestCases.cpp:52: Failure
3929temp_fp16[0] and dim_data->output_npbst_.getBurst(0).fp16Data_[i] (0 and 27.203125) are not same 0 20173

src/tests/KernelTestCases.cpp:52: Failure
3930temp_fp16[0] and dim_data->output_npbst_.getBurst(0).fp16Data_[i] (0 and 10.109375) are not same 0 18702

src/tests/KernelTestCases.cpp:52: Failure
3931temp_fp16[0] and dim_data->output_npbst_.getBurst(0).fp16Data_[i] (0 and -26.953125) are not same 0 52925

src/tests/KernelTestCases.cpp:52: Failure
3932temp_fp16[0] and dim_data->output_npbst_.getBurst(0).fp16Data_[i] (0 and 54.34375) are not same 0 21195

src/tests/KernelTestCases.cpp:52: Failure
3933temp_fp16[0] and dim_data->output_npbst_.getBurst(0).fp16Data_[i] (0 and -9.5) are not same 0 51392

src/tests/KernelTestCases.cpp:52: Failure
3934temp_fp16[0] and dim_data->output_npbst_.getBurst(0).fp16Data_[i] (0 and -53.375) are not same 0 53932

src/tests/KernelTestCases.cpp:52: Failure
3935temp_fp16[0] and dim_data->output_npbst_.getBurst(0).fp16Data_[i] (0 and 62.15625) are not same 0 21445

src/tests/KernelTestCases.cpp:52: Failure
3936temp_fp16[0] and dim_data->output_npbst_.getBurst(0).fp16Data_[i] (0 and -6.3671875) are not same 0 50782

src/tests/KernelTestCases.cpp:52: Failure
3937temp_fp16[0] and dim_data->output_npbst_.getBurst(0).fp16Data_[i] (0 and 34.5625) are not same 0 20562

src/tests/KernelTestCases.cpp:52: Failure
3938temp_fp16[0] and dim_data->output_npbst_.getBurst(0).fp16Data_[i] (0 and 1.708984375) are not same 0 16086

src/tests/KernelTestCases.cpp:52: Failure
3939temp_fp16[0] and dim_data->output_npbst_.getBurst(0).fp16Data_[i] (0 and -37.90625) are not same 0 53437

src/tests/KernelTestCases.cpp:52: Failure
3940temp_fp16[0] and dim_data->output_npbst_.getBurst(0).fp16Data_[i] (0 and -25.625) are not same 0 52840

src/tests/KernelTestCases.cpp:52: Failure
3941temp_fp16[0] and dim_data->output_npbst_.getBurst(0).fp16Data_[i] (0 and 19.140625) are not same 0 19657

src/tests/KernelTestCases.cpp:52: Failure
3942temp_fp16[0] and dim_data->output_npbst_.getBurst(0).fp16Data_[i] (0 and 4.12890625) are not same 0 17441

src/tests/KernelTestCases.cpp:52: Failure
3943temp_fp16[0] and dim_data->output_npbst_.getBurst(0).fp16Data_[i] (0 and -7.9453125) are not same 0 51186

src/tests/KernelTestCases.cpp:52: Failure
3944temp_fp16[0] and dim_data->output_npbst_.getBurst(0).fp16Data_[i] (0 and -43.40625) are not same 0 53613

src/tests/KernelTestCases.cpp:52: Failure
3945temp_fp16[0] and dim_data->output_npbst_.getBurst(0).fp16Data_[i] (0 and -13.140625) are not same 0 51858

src/tests/KernelTestCases.cpp:52: Failure
3946temp_fp16[0] and dim_data->output_npbst_.getBurst(0).fp16Data_[i] (0 and -20.34375) are not same 0 52502

src/tests/KernelTestCases.cpp:52: Failure
3947temp_fp16[0] and dim_data->output_npbst_.getBurst(0).fp16Data_[i] (0 and 2.814453125) are not same 0 16801

src/tests/KernelTestCases.cpp:52: Failure
3948temp_fp16[0] and dim_data->output_npbst_.getBurst(0).fp16Data_[i] (0 and 18.203125) are not same 0 19597

src/tests/KernelTestCases.cpp:52: Failure
3949temp_fp16[0] and dim_data->output_npbst_.getBurst(0).fp16Data_[i] (0 and 15.9609375) are not same 0 19451

src/tests/KernelTestCases.cpp:52: Failure
3950temp_fp16[0] and dim_data->output_npbst_.getBurst(0).fp16Data_[i] (0 and 54.3125) are not same 0 21194

src/tests/KernelTestCases.cpp:52: Failure
3951temp_fp16[0] and dim_data->output_npbst_.getBurst(0).fp16Data_[i] (0 and -13.71875) are not same 0 51932

src/tests/KernelTestCases.cpp:52: Failure
3952temp_fp16[0] and dim_data->output_npbst_.getBurst(0).fp16Data_[i] (0 and -17.796875) are not same 0 52339

src/tests/KernelTestCases.cpp:52: Failure
3953temp_fp16[0] and dim_data->output_npbst_.getBurst(0).fp16Data_[i] (0 and 19.0625) are not same 0 19652

src/tests/KernelTestCases.cpp:52: Failure
3954temp_fp16[0] and dim_data->output_npbst_.getBurst(0).fp16Data_[i] (0 and -37.4375) are not same 0 53422

src/tests/KernelTestCases.cpp:52: Failure
3955temp_fp16[0] and dim_data->output_npbst_.getBurst(0).fp16Data_[i] (0 and 16.828125) are not same 0 19509

src/tests/KernelTestCases.cpp:52: Failure
3956temp_fp16[0] and dim_data->output_npbst_.getBurst(0).fp16Data_[i] (0 and 7.47265625) are not same 0 18297

src/tests/KernelTestCases.cpp:52: Failure
3957temp_fp16[0] and dim_data->output_npbst_.getBurst(0).fp16Data_[i] (0 and -42.5) are not same 0 53584

src/tests/KernelTestCases.cpp:52: Failure
3958temp_fp16[0] and dim_data->output_npbst_.getBurst(0).fp16Data_[i] (0 and 17.859375) are not same 0 19575

src/tests/KernelTestCases.cpp:52: Failure
3959temp_fp16[0] and dim_data->output_npbst_.getBurst(0).fp16Data_[i] (0 and -55.125) are not same 0 53988

src/tests/KernelTestCases.cpp:52: Failure
3960temp_fp16[0] and dim_data->output_npbst_.getBurst(0).fp16Data_[i] (0 and -25.59375) are not same 0 52838

src/tests/KernelTestCases.cpp:52: Failure
3961temp_fp16[0] and dim_data->output_npbst_.getBurst(0).fp16Data_[i] (0 and 48.9375) are not same 0 21022

src/tests/KernelTestCases.cpp:52: Failure
3962temp_fp16[0] and dim_data->output_npbst_.getBurst(0).fp16Data_[i] (0 and -18.15625) are not same 0 52362

src/tests/KernelTestCases.cpp:52: Failure
3963temp_fp16[0] and dim_data->output_npbst_.getBurst(0).fp16Data_[i] (0 and -27.734375) are not same 0 52975

src/tests/KernelTestCases.cpp:52: Failure
3964temp_fp16[0] and dim_data->output_npbst_.getBurst(0).fp16Data_[i] (0 and -10.375) are not same 0 51504

src/tests/KernelTestCases.cpp:52: Failure
3965temp_fp16[0] and dim_data->output_npbst_.getBurst(0).fp16Data_[i] (0 and -3.791015625) are not same 0 50069

src/tests/KernelTestCases.cpp:52: Failure
3966temp_fp16[0] and dim_data->output_npbst_.getBurst(0).fp16Data_[i] (0 and -18.921875) are not same 0 52411

src/tests/KernelTestCases.cpp:52: Failure
3967temp_fp16[0] and dim_data->output_npbst_.getBurst(0).fp16Data_[i] (0 and -10.109375) are not same 0 51470

src/tests/KernelTestCases.cpp:52: Failure
3968temp_fp16[0] and dim_data->output_npbst_.getBurst(0).fp16Data_[i] (0 and -8.546875) are not same 0 51270

src/tests/KernelTestCases.cpp:52: Failure
3969temp_fp16[0] and dim_data->output_npbst_.getBurst(0).fp16Data_[i] (0 and -25.75) are not same 0 52848

src/tests/KernelTestCases.cpp:52: Failure
3970temp_fp16[0] and dim_data->output_npbst_.getBurst(0).fp16Data_[i] (0 and -6.06640625) are not same 0 50705

src/tests/KernelTestCases.cpp:52: Failure
3971temp_fp16[0] and dim_data->output_npbst_.getBurst(0).fp16Data_[i] (0 and -49.46875) are not same 0 53807

src/tests/KernelTestCases.cpp:52: Failure
3972temp_fp16[0] and dim_data->output_npbst_.getBurst(0).fp16Data_[i] (0 and -61.90625) are not same 0 54205

src/tests/KernelTestCases.cpp:52: Failure
3973temp_fp16[0] and dim_data->output_npbst_.getBurst(0).fp16Data_[i] (0 and -11.671875) are not same 0 51670

src/tests/KernelTestCases.cpp:52: Failure
3974temp_fp16[0] and dim_data->output_npbst_.getBurst(0).fp16Data_[i] (0 and 60.28125) are not same 0 21385

src/tests/KernelTestCases.cpp:52: Failure
3975temp_fp16[0] and dim_data->output_npbst_.getBurst(0).fp16Data_[i] (0 and -24.265625) are not same 0 52753

src/tests/KernelTestCases.cpp:52: Failure
3976temp_fp16[0] and dim_data->output_npbst_.getBurst(0).fp16Data_[i] (0 and -14.6875) are not same 0 52056

src/tests/KernelTestCases.cpp:52: Failure
3977temp_fp16[0] and dim_data->output_npbst_.getBurst(0).fp16Data_[i] (0 and -38.21875) are not same 0 53447

src/tests/KernelTestCases.cpp:52: Failure
3978temp_fp16[0] and dim_data->output_npbst_.getBurst(0).fp16Data_[i] (0 and 15.2734375) are not same 0 19363

src/tests/KernelTestCases.cpp:52: Failure
3979temp_fp16[0] and dim_data->output_npbst_.getBurst(0).fp16Data_[i] (0 and 32) are not same 0 20480

src/tests/KernelTestCases.cpp:52: Failure
3980temp_fp16[0] and dim_data->output_npbst_.getBurst(0).fp16Data_[i] (0 and 10.953125) are not same 0 18810

src/tests/KernelTestCases.cpp:52: Failure
3981temp_fp16[0] and dim_data->output_npbst_.getBurst(0).fp16Data_[i] (0 and 16.859375) are not same 0 19511

src/tests/KernelTestCases.cpp:52: Failure
3982temp_fp16[0] and dim_data->output_npbst_.getBurst(0).fp16Data_[i] (0 and 30.25) are not same 0 20368

src/tests/KernelTestCases.cpp:52: Failure
3983temp_fp16[0] and dim_data->output_npbst_.getBurst(0).fp16Data_[i] (0 and -13.7890625) are not same 0 51941

src/tests/KernelTestCases.cpp:52: Failure
3984temp_fp16[0] and dim_data->output_npbst_.getBurst(0).fp16Data_[i] (0 and -9.6484375) are not same 0 51411

src/tests/KernelTestCases.cpp:52: Failure
3985temp_fp16[0] and dim_data->output_npbst_.getBurst(0).fp16Data_[i] (0 and -24.4375) are not same 0 52764

src/tests/KernelTestCases.cpp:52: Failure
3986temp_fp16[0] and dim_data->output_npbst_.getBurst(0).fp16Data_[i] (0 and -61) are not same 0 54176

src/tests/KernelTestCases.cpp:52: Failure
3987temp_fp16[0] and dim_data->output_npbst_.getBurst(0).fp16Data_[i] (0 and -32.71875) are not same 0 53271

src/tests/KernelTestCases.cpp:52: Failure
3988temp_fp16[0] and dim_data->output_npbst_.getBurst(0).fp16Data_[i] (0 and -2.20703125) are not same 0 49258

src/tests/KernelTestCases.cpp:52: Failure
3989temp_fp16[0] and dim_data->output_npbst_.getBurst(0).fp16Data_[i] (0 and -25.625) are not same 0 52840

src/tests/KernelTestCases.cpp:52: Failure
3991temp_fp16[0] and dim_data->output_npbst_.getBurst(0).fp16Data_[i] (0 and 31.375) are not same 0 20440

src/tests/KernelTestCases.cpp:52: Failure
3992temp_fp16[0] and dim_data->output_npbst_.getBurst(0).fp16Data_[i] (0 and 8.78125) are not same 0 18532

src/tests/KernelTestCases.cpp:52: Failure
3993temp_fp16[0] and dim_data->output_npbst_.getBurst(0).fp16Data_[i] (0 and -24.15625) are not same 0 52746

src/tests/KernelTestCases.cpp:52: Failure
3995temp_fp16[0] and dim_data->output_npbst_.getBurst(0).fp16Data_[i] (0 and 17.765625) are not same 0 19569

src/tests/KernelTestCases.cpp:52: Failure
3996temp_fp16[0] and dim_data->output_npbst_.getBurst(0).fp16Data_[i] (0 and 12.9140625) are not same 0 19061

src/tests/KernelTestCases.cpp:52: Failure
3997temp_fp16[0] and dim_data->output_npbst_.getBurst(0).fp16Data_[i] (0 and 21.171875) are not same 0 19787

src/tests/KernelTestCases.cpp:52: Failure
3998temp_fp16[0] and dim_data->output_npbst_.getBurst(0).fp16Data_[i] (0 and -21.171875) are not same 0 52555

src/tests/KernelTestCases.cpp:52: Failure
3999temp_fp16[0] and dim_data->output_npbst_.getBurst(0).fp16Data_[i] (0 and -10.2734375) are not same 0 51491

src/tests/KernelTestCases.cpp:52: Failure
4000temp_fp16[0] and dim_data->output_npbst_.getBurst(0).fp16Data_[i] (0 and -48.5) are not same 0 53776

src/tests/KernelTestCases.cpp:52: Failure
4001temp_fp16[0] and dim_data->output_npbst_.getBurst(0).fp16Data_[i] (0 and -24) are not same 0 52736

src/tests/KernelTestCases.cpp:52: Failure
4002temp_fp16[0] and dim_data->output_npbst_.getBurst(0).fp16Data_[i] (0 and -44.1875) are not same 0 53638

src/tests/KernelTestCases.cpp:52: Failure
4003temp_fp16[0] and dim_data->output_npbst_.getBurst(0).fp16Data_[i] (0 and -54.34375) are not same 0 53963

src/tests/KernelTestCases.cpp:52: Failure
4004temp_fp16[0] and dim_data->output_npbst_.getBurst(0).fp16Data_[i] (0 and -5.57421875) are not same 0 50579

src/tests/KernelTestCases.cpp:52: Failure
4005temp_fp16[0] and dim_data->output_npbst_.getBurst(0).fp16Data_[i] (0 and 24.8125) are not same 0 20020

src/tests/KernelTestCases.cpp:52: Failure
4006temp_fp16[0] and dim_data->output_npbst_.getBurst(0).fp16Data_[i] (0 and -15.3671875) are not same 0 52143

src/tests/KernelTestCases.cpp:52: Failure
4007temp_fp16[0] and dim_data->output_npbst_.getBurst(0).fp16Data_[i] (0 and 19.34375) are not same 0 19670

src/tests/KernelTestCases.cpp:52: Failure
4008temp_fp16[0] and dim_data->output_npbst_.getBurst(0).fp16Data_[i] (0 and 2.234375) are not same 0 16504

src/tests/KernelTestCases.cpp:52: Failure
4009temp_fp16[0] and dim_data->output_npbst_.getBurst(0).fp16Data_[i] (0 and 31.390625) are not same 0 20441

src/tests/KernelTestCases.cpp:52: Failure
4010temp_fp16[0] and dim_data->output_npbst_.getBurst(0).fp16Data_[i] (0 and 1.685546875) are not same 0 16062

src/tests/KernelTestCases.cpp:52: Failure
4011temp_fp16[0] and dim_data->output_npbst_.getBurst(0).fp16Data_[i] (0 and -82.8125) are not same 0 54573

src/tests/KernelTestCases.cpp:52: Failure
4012temp_fp16[0] and dim_data->output_npbst_.getBurst(0).fp16Data_[i] (0 and 15.703125) are not same 0 19418

src/tests/KernelTestCases.cpp:52: Failure
4013temp_fp16[0] and dim_data->output_npbst_.getBurst(0).fp16Data_[i] (0 and -40.0625) are not same 0 53506

src/tests/KernelTestCases.cpp:52: Failure
4014temp_fp16[0] and dim_data->output_npbst_.getBurst(0).fp16Data_[i] (0 and 24.515625) are not same 0 20001

src/tests/KernelTestCases.cpp:52: Failure
4015temp_fp16[0] and dim_data->output_npbst_.getBurst(0).fp16Data_[i] (0 and -0.94970703125) are not same 0 48025

src/tests/KernelTestCases.cpp:52: Failure
4016temp_fp16[0] and dim_data->output_npbst_.getBurst(0).fp16Data_[i] (0 and -13.546875) are not same 0 51910

src/tests/KernelTestCases.cpp:52: Failure
4017temp_fp16[0] and dim_data->output_npbst_.getBurst(0).fp16Data_[i] (0 and -35.5625) are not same 0 53362

src/tests/KernelTestCases.cpp:52: Failure
4018temp_fp16[0] and dim_data->output_npbst_.getBurst(0).fp16Data_[i] (0 and 12.484375) are not same 0 19006

src/tests/KernelTestCases.cpp:52: Failure
4019temp_fp16[0] and dim_data->output_npbst_.getBurst(0).fp16Data_[i] (0 and 5.1796875) are not same 0 17710

src/tests/KernelTestCases.cpp:52: Failure
4020temp_fp16[0] and dim_data->output_npbst_.getBurst(0).fp16Data_[i] (0 and 19.28125) are not same 0 19666

src/tests/KernelTestCases.cpp:52: Failure
4022temp_fp16[0] and dim_data->output_npbst_.getBurst(0).fp16Data_[i] (0 and 25.140625) are not same 0 20041

src/tests/KernelTestCases.cpp:52: Failure
4023temp_fp16[0] and dim_data->output_npbst_.getBurst(0).fp16Data_[i] (0 and -43.0625) are not same 0 53602

src/tests/KernelTestCases.cpp:52: Failure
4024temp_fp16[0] and dim_data->output_npbst_.getBurst(0).fp16Data_[i] (0 and -2.853515625) are not same 0 49589

src/tests/KernelTestCases.cpp:52: Failure
4025temp_fp16[0] and dim_data->output_npbst_.getBurst(0).fp16Data_[i] (0 and -12.25) are not same 0 51744

src/tests/KernelTestCases.cpp:52: Failure
4026temp_fp16[0] and dim_data->output_npbst_.getBurst(0).fp16Data_[i] (0 and -34.3125) are not same 0 53322

src/tests/KernelTestCases.cpp:52: Failure
4027temp_fp16[0] and dim_data->output_npbst_.getBurst(0).fp16Data_[i] (0 and -34.3125) are not same 0 53322

src/tests/KernelTestCases.cpp:52: Failure
4028temp_fp16[0] and dim_data->output_npbst_.getBurst(0).fp16Data_[i] (0 and 5.734375) are not same 0 17852

src/tests/KernelTestCases.cpp:52: Failure
4029temp_fp16[0] and dim_data->output_npbst_.getBurst(0).fp16Data_[i] (0 and -45.21875) are not same 0 53671

src/tests/KernelTestCases.cpp:52: Failure
4030temp_fp16[0] and dim_data->output_npbst_.getBurst(0).fp16Data_[i] (0 and 29.96875) are not same 0 20350

src/tests/KernelTestCases.cpp:52: Failure
4031temp_fp16[0] and dim_data->output_npbst_.getBurst(0).fp16Data_[i] (0 and -19.125) are not same 0 52424

src/tests/KernelTestCases.cpp:52: Failure
4032temp_fp16[0] and dim_data->output_npbst_.getBurst(0).fp16Data_[i] (0 and -29.5625) are not same 0 53092

src/tests/KernelTestCases.cpp:52: Failure
4033temp_fp16[0] and dim_data->output_npbst_.getBurst(0).fp16Data_[i] (0 and 44.875) are not same 0 20892

src/tests/KernelTestCases.cpp:52: Failure
4034temp_fp16[0] and dim_data->output_npbst_.getBurst(0).fp16Data_[i] (0 and 12.96875) are not same 0 19068

src/tests/KernelTestCases.cpp:52: Failure
4035temp_fp16[0] and dim_data->output_npbst_.getBurst(0).fp16Data_[i] (0 and 3.1796875) are not same 0 16988

src/tests/KernelTestCases.cpp:52: Failure
4036temp_fp16[0] and dim_data->output_npbst_.getBurst(0).fp16Data_[i] (0 and 38.5) are not same 0 20688

src/tests/KernelTestCases.cpp:52: Failure
4037temp_fp16[0] and dim_data->output_npbst_.getBurst(0).fp16Data_[i] (0 and -45.875) are not same 0 53692

src/tests/KernelTestCases.cpp:52: Failure
4038temp_fp16[0] and dim_data->output_npbst_.getBurst(0).fp16Data_[i] (0 and -33.78125) are not same 0 53305

src/tests/KernelTestCases.cpp:52: Failure
4039temp_fp16[0] and dim_data->output_npbst_.getBurst(0).fp16Data_[i] (0 and 39.09375) are not same 0 20707

src/tests/KernelTestCases.cpp:52: Failure
4040temp_fp16[0] and dim_data->output_npbst_.getBurst(0).fp16Data_[i] (0 and 63.53125) are not same 0 21489

src/tests/KernelTestCases.cpp:52: Failure
4041temp_fp16[0] and dim_data->output_npbst_.getBurst(0).fp16Data_[i] (0 and 23.078125) are not same 0 19909

src/tests/KernelTestCases.cpp:52: Failure
4042temp_fp16[0] and dim_data->output_npbst_.getBurst(0).fp16Data_[i] (0 and 1.1787109375) are not same 0 15543

src/tests/KernelTestCases.cpp:52: Failure
4043temp_fp16[0] and dim_data->output_npbst_.getBurst(0).fp16Data_[i] (0 and 14.0390625) are not same 0 19205

src/tests/KernelTestCases.cpp:52: Failure
4044temp_fp16[0] and dim_data->output_npbst_.getBurst(0).fp16Data_[i] (0 and -4.98828125) are not same 0 50429

src/tests/KernelTestCases.cpp:52: Failure
4045temp_fp16[0] and dim_data->output_npbst_.getBurst(0).fp16Data_[i] (0 and -7.4765625) are not same 0 51066

src/tests/KernelTestCases.cpp:52: Failure
4046temp_fp16[0] and dim_data->output_npbst_.getBurst(0).fp16Data_[i] (0 and 23.34375) are not same 0 19926

src/tests/KernelTestCases.cpp:52: Failure
4047temp_fp16[0] and dim_data->output_npbst_.getBurst(0).fp16Data_[i] (0 and -39.71875) are not same 0 53495

src/tests/KernelTestCases.cpp:52: Failure
4048temp_fp16[0] and dim_data->output_npbst_.getBurst(0).fp16Data_[i] (0 and 5.31640625) are not same 0 17745

src/tests/KernelTestCases.cpp:52: Failure
4049temp_fp16[0] and dim_data->output_npbst_.getBurst(0).fp16Data_[i] (0 and -7.87109375) are not same 0 51167

src/tests/KernelTestCases.cpp:52: Failure
4050temp_fp16[0] and dim_data->output_npbst_.getBurst(0).fp16Data_[i] (0 and 37.875) are not same 0 20668

src/tests/KernelTestCases.cpp:52: Failure
4051temp_fp16[0] and dim_data->output_npbst_.getBurst(0).fp16Data_[i] (0 and -35.78125) are not same 0 53369

src/tests/KernelTestCases.cpp:52: Failure
4052temp_fp16[0] and dim_data->output_npbst_.getBurst(0).fp16Data_[i] (0 and 39.1875) are not same 0 20710

src/tests/KernelTestCases.cpp:52: Failure
4053temp_fp16[0] and dim_data->output_npbst_.getBurst(0).fp16Data_[i] (0 and 23.890625) are not same 0 19961

src/tests/KernelTestCases.cpp:52: Failure
4054temp_fp16[0] and dim_data->output_npbst_.getBurst(0).fp16Data_[i] (0 and -42.9375) are not same 0 53598

src/tests/KernelTestCases.cpp:52: Failure
4055temp_fp16[0] and dim_data->output_npbst_.getBurst(0).fp16Data_[i] (0 and -7.6484375) are not same 0 51110

src/tests/KernelTestCases.cpp:52: Failure
4057temp_fp16[0] and dim_data->output_npbst_.getBurst(0).fp16Data_[i] (0 and 77.5625) are not same 0 21721

src/tests/KernelTestCases.cpp:52: Failure
4058temp_fp16[0] and dim_data->output_npbst_.getBurst(0).fp16Data_[i] (0 and -14.15625) are not same 0 51988

src/tests/KernelTestCases.cpp:52: Failure
4059temp_fp16[0] and dim_data->output_npbst_.getBurst(0).fp16Data_[i] (0 and -40.28125) are not same 0 53513

src/tests/KernelTestCases.cpp:52: Failure
4060temp_fp16[0] and dim_data->output_npbst_.getBurst(0).fp16Data_[i] (0 and -8.640625) are not same 0 51282

src/tests/KernelTestCases.cpp:52: Failure
4061temp_fp16[0] and dim_data->output_npbst_.getBurst(0).fp16Data_[i] (0 and -10.2421875) are not same 0 51487

src/tests/KernelTestCases.cpp:52: Failure
4062temp_fp16[0] and dim_data->output_npbst_.getBurst(0).fp16Data_[i] (0 and -33.5) are not same 0 53296

src/tests/KernelTestCases.cpp:52: Failure
4063temp_fp16[0] and dim_data->output_npbst_.getBurst(0).fp16Data_[i] (0 and 9.6328125) are not same 0 18641

src/tests/KernelTestCases.cpp:52: Failure
4064temp_fp16[0] and dim_data->output_npbst_.getBurst(0).fp16Data_[i] (0 and 2.42578125) are not same 0 16602

src/tests/KernelTestCases.cpp:52: Failure
4065temp_fp16[0] and dim_data->output_npbst_.getBurst(0).fp16Data_[i] (0 and -9.96875) are not same 0 51452

src/tests/KernelTestCases.cpp:52: Failure
4066temp_fp16[0] and dim_data->output_npbst_.getBurst(0).fp16Data_[i] (0 and -37.40625) are not same 0 53421

src/tests/KernelTestCases.cpp:52: Failure
4067temp_fp16[0] and dim_data->output_npbst_.getBurst(0).fp16Data_[i] (0 and 22.578125) are not same 0 19877

src/tests/KernelTestCases.cpp:52: Failure
4068temp_fp16[0] and dim_data->output_npbst_.getBurst(0).fp16Data_[i] (0 and -69.625) are not same 0 54362

src/tests/KernelTestCases.cpp:52: Failure
4069temp_fp16[0] and dim_data->output_npbst_.getBurst(0).fp16Data_[i] (0 and 16.8125) are not same 0 19508

src/tests/KernelTestCases.cpp:52: Failure
4070temp_fp16[0] and dim_data->output_npbst_.getBurst(0).fp16Data_[i] (0 and 26.671875) are not same 0 20139

src/tests/KernelTestCases.cpp:52: Failure
4071temp_fp16[0] and dim_data->output_npbst_.getBurst(0).fp16Data_[i] (0 and 36.15625) are not same 0 20613

src/tests/KernelTestCases.cpp:52: Failure
4072temp_fp16[0] and dim_data->output_npbst_.getBurst(0).fp16Data_[i] (0 and -15.90625) are not same 0 52212

src/tests/KernelTestCases.cpp:52: Failure
4073temp_fp16[0] and dim_data->output_npbst_.getBurst(0).fp16Data_[i] (0 and -3.17578125) are not same 0 49754

src/tests/KernelTestCases.cpp:52: Failure
4074temp_fp16[0] and dim_data->output_npbst_.getBurst(0).fp16Data_[i] (0 and -6.53125) are not same 0 50824

src/tests/KernelTestCases.cpp:52: Failure
4075temp_fp16[0] and dim_data->output_npbst_.getBurst(0).fp16Data_[i] (0 and 12.9140625) are not same 0 19061

src/tests/KernelTestCases.cpp:52: Failure
4076temp_fp16[0] and dim_data->output_npbst_.getBurst(0).fp16Data_[i] (0 and 10.390625) are not same 0 18738

src/tests/KernelTestCases.cpp:52: Failure
4077temp_fp16[0] and dim_data->output_npbst_.getBurst(0).fp16Data_[i] (0 and -11.6875) are not same 0 51672

src/tests/KernelTestCases.cpp:52: Failure
4078temp_fp16[0] and dim_data->output_npbst_.getBurst(0).fp16Data_[i] (0 and -58.15625) are not same 0 54085

src/tests/KernelTestCases.cpp:52: Failure
4079temp_fp16[0] and dim_data->output_npbst_.getBurst(0).fp16Data_[i] (0 and -11.578125) are not same 0 51658

src/tests/KernelTestCases.cpp:52: Failure
4080temp_fp16[0] and dim_data->output_npbst_.getBurst(0).fp16Data_[i] (0 and 11.03125) are not same 0 18820

src/tests/KernelTestCases.cpp:52: Failure
4081temp_fp16[0] and dim_data->output_npbst_.getBurst(0).fp16Data_[i] (0 and -24.78125) are not same 0 52786

src/tests/KernelTestCases.cpp:52: Failure
4082temp_fp16[0] and dim_data->output_npbst_.getBurst(0).fp16Data_[i] (0 and -24.46875) are not same 0 52766

src/tests/KernelTestCases.cpp:52: Failure
4083temp_fp16[0] and dim_data->output_npbst_.getBurst(0).fp16Data_[i] (0 and 5.80078125) are not same 0 17869

src/tests/KernelTestCases.cpp:52: Failure
4084temp_fp16[0] and dim_data->output_npbst_.getBurst(0).fp16Data_[i] (0 and -2.228515625) are not same 0 49269

src/tests/KernelTestCases.cpp:52: Failure
4085temp_fp16[0] and dim_data->output_npbst_.getBurst(0).fp16Data_[i] (0 and -42.09375) are not same 0 53571

src/tests/KernelTestCases.cpp:52: Failure
4086temp_fp16[0] and dim_data->output_npbst_.getBurst(0).fp16Data_[i] (0 and -33.625) are not same 0 53300

src/tests/KernelTestCases.cpp:52: Failure
4087temp_fp16[0] and dim_data->output_npbst_.getBurst(0).fp16Data_[i] (0 and -50.59375) are not same 0 53843

src/tests/KernelTestCases.cpp:52: Failure
4088temp_fp16[0] and dim_data->output_npbst_.getBurst(0).fp16Data_[i] (0 and 18.015625) are not same 0 19585

src/tests/KernelTestCases.cpp:52: Failure
4089temp_fp16[0] and dim_data->output_npbst_.getBurst(0).fp16Data_[i] (0 and -10.0078125) are not same 0 51457

src/tests/KernelTestCases.cpp:52: Failure
4090temp_fp16[0] and dim_data->output_npbst_.getBurst(0).fp16Data_[i] (0 and 27.328125) are not same 0 20181

src/tests/KernelTestCases.cpp:52: Failure
4091temp_fp16[0] and dim_data->output_npbst_.getBurst(0).fp16Data_[i] (0 and 14.1640625) are not same 0 19221

src/tests/KernelTestCases.cpp:52: Failure
4092temp_fp16[0] and dim_data->output_npbst_.getBurst(0).fp16Data_[i] (0 and 27.328125) are not same 0 20181

src/tests/KernelTestCases.cpp:52: Failure
4093temp_fp16[0] and dim_data->output_npbst_.getBurst(0).fp16Data_[i] (0 and -6.44921875) are not same 0 50803

src/tests/KernelTestCases.cpp:52: Failure
4094temp_fp16[0] and dim_data->output_npbst_.getBurst(0).fp16Data_[i] (0 and -21.09375) are not same 0 52550

src/tests/KernelTestCases.cpp:52: Failure
4095temp_fp16[0] and dim_data->output_npbst_.getBurst(0).fp16Data_[i] (0 and -32.0625) are not same 0 53250


> Test Result
  simulated output comparison via pre-calculated values
> passed : 79
> failed : 4017
 idx : 0 sim : 0 npy : -23.5781
 idx : 1 sim : 0 npy : 19.2812
 idx : 3 sim : 0 npy : -14.1406
 idx : 4 sim : 0 npy : 28.0469
 idx : 5 sim : 0 npy : -70
 idx : 6 sim : 0 npy : -55.1875
 idx : 7 sim : 0 npy : 16.0469
 idx : 8 sim : 0 npy : -23.2969
 idx : 9 sim : 0 npy : -49.4688
 idx : 10 sim : 0 npy : 10.9219
 idx : 11 sim : 0 npy : 30.6094
 idx : 12 sim : 0 npy : -19.4219
 idx : 13 sim : 0 npy : 7.61328
 idx : 14 sim : 0 npy : -21.8281
 idx : 15 sim : 0 npy : 26.4531
 idx : 16 sim : 0 npy : -3.48438
 idx : 17 sim : 0 npy : 46.5312
 idx : 18 sim : 0 npy : -21.6875
 idx : 19 sim : 0 npy : -20.4531
 idx : 20 sim : 0 npy : 14.7812
 idx : 21 sim : 0 npy : 13.7969
 idx : 22 sim : 0 npy : -25.6719
 idx : 23 sim : 0 npy : -26.9531
 idx : 24 sim : 0 npy : 22.4375
 idx : 25 sim : 0 npy : 5.09766
 idx : 26 sim : 0 npy : -23.3281
 idx : 27 sim : 0 npy : 13.9609
 idx : 28 sim : 0 npy : 20.7969
 idx : 29 sim : 0 npy : 6.86328
 idx : 30 sim : 0 npy : 14.2578
 idx : 31 sim : 0 npy : 31.2031
 idx : 32 sim : 0 npy : 24.2188
 idx : 33 sim : 0 npy : 9.76562
 idx : 34 sim : 0 npy : 14.1328
 idx : 35 sim : 0 npy : -14.8516
 idx : 36 sim : 0 npy : 53.8125
 idx : 37 sim : 0 npy : -23.5938
 idx : 40 sim : 0 npy : 54.9688
 idx : 41 sim : 0 npy : 24.3906
 idx : 42 sim : 0 npy : -32.6562
 idx : 43 sim : 0 npy : -11.6406
 idx : 44 sim : 0 npy : 50.0938
 idx : 45 sim : 0 npy : 45.875
 idx : 46 sim : 0 npy : -14.3906
 idx : 47 sim : 0 npy : -41.125
 idx : 48 sim : 0 npy : 29.3906
 idx : 49 sim : 0 npy : 76.25
 idx : 50 sim : 0 npy : 54.3125
 idx : 51 sim : 0 npy : -21.1875
 idx : 52 sim : 0 npy : 17.6719
 idx : 53 sim : 0 npy : 13.1406
 idx : 54 sim : 0 npy : -41.3438
 idx : 55 sim : 0 npy : 4.35547
 idx : 56 sim : 0 npy : -12.4297
 idx : 57 sim : 0 npy : -1.45508
 idx : 58 sim : 0 npy : 34.625
 idx : 59 sim : 0 npy : 6.03516
 idx : 60 sim : 0 npy : -25.7188
 idx : 61 sim : 0 npy : -9.86719
 idx : 62 sim : 0 npy : 18.2188
 idx : 63 sim : 0 npy : -10.6875
 idx : 64 sim : 0 npy : 11.6406
 idx : 65 sim : 0 npy : 26.8438
 idx : 66 sim : 0 npy : -29.1094
 idx : 67 sim : 0 npy : 40.2812
 idx : 68 sim : 0 npy : -4.08203
 idx : 69 sim : 0 npy : 50.5
 idx : 70 sim : 0 npy : -38.125
 idx : 71 sim : 0 npy : -23.1562
 idx : 72 sim : 0 npy : -9.20312
 idx : 73 sim : 0 npy : -20.0625
 idx : 74 sim : 0 npy : 40.4062
 idx : 75 sim : 0 npy : -16.0156
 idx : 76 sim : 0 npy : 40.875
 idx : 77 sim : 0 npy : 32.125
 idx : 78 sim : 0 npy : -17.5312
 idx : 79 sim : 0 npy : -29.5312
 idx : 80 sim : 0 npy : 35.1562
 idx : 81 sim : 0 npy : -17.2969
 idx : 82 sim : 0 npy : 7.28906
 idx : 83 sim : 0 npy : 66.5
 idx : 84 sim : 0 npy : -56.9688
 idx : 85 sim : 0 npy : 7.44922
 idx : 86 sim : 0 npy : -2.67773
 idx : 87 sim : 0 npy : 4.49609
 idx : 88 sim : 0 npy : -21.9844
 idx : 89 sim : 0 npy : 33.1875
 idx : 90 sim : 0 npy : -36.5312
 idx : 91 sim : 0 npy : -44.3125
 idx : 92 sim : 0 npy : 5.57812
 idx : 93 sim : 0 npy : -28.7656
 idx : 94 sim : 0 npy : 56.4375
 idx : 95 sim : 0 npy : -12.2422
 idx : 96 sim : 0 npy : -31.8594
 idx : 97 sim : 0 npy : 62.4375
 idx : 98 sim : 0 npy : 25.0469
 idx : 99 sim : 0 npy : -32.5
 idx : 100 sim : 0 npy : -18.0156
 idx : 101 sim : 0 npy : -18.125
 idx : 102 sim : 0 npy : 3.21875
 idx : 103 sim : 0 npy : -52.2812
 idx : 104 sim : 0 npy : 27.5938
 idx : 105 sim : 0 npy : 51.5
 idx : 106 sim : 0 npy : -12.7344
 idx : 107 sim : 0 npy : 70.625
 idx : 108 sim : 0 npy : 16.3438
 idx : 109 sim : 0 npy : 13.3828
 idx : 110 sim : 0 npy : -14.3047
 idx : 111 sim : 0 npy : 22.4531
 idx : 112 sim : 0 npy : 35.2812
 idx : 113 sim : 0 npy : -36.2812
 idx : 114 sim : 0 npy : -24.2188
 idx : 115 sim : 0 npy : -85.5625
 idx : 116 sim : 0 npy : 67.5
 idx : 117 sim : 0 npy : 9.44531
 idx : 118 sim : 0 npy : 36.5625
 idx : 119 sim : 0 npy : 17.7031
 idx : 120 sim : 0 npy : -15.9219
 idx : 121 sim : 0 npy : -27.25
 idx : 122 sim : 0 npy : 39.0312
 idx : 123 sim : 0 npy : -3.62891
 idx : 124 sim : 0 npy : -42.9375
 idx : 125 sim : 0 npy : 34
 idx : 126 sim : 0 npy : 15.1172
 idx : 127 sim : 0 npy : -19.0938
 idx : 128 sim : 0 npy : 34.9375
 idx : 130 sim : 0 npy : -12.7812
 idx : 131 sim : 0 npy : 18.8906
 idx : 132 sim : 0 npy : 23.0469
 idx : 133 sim : 0 npy : 4.12109
 idx : 134 sim : 0 npy : 13.7891
 idx : 135 sim : 0 npy : 54.2812
 idx : 136 sim : 0 npy : -56.0938
 idx : 137 sim : 0 npy : 5.23047
 idx : 138 sim : 0 npy : -29.7344
 idx : 139 sim : 0 npy : -21.1562
 idx : 140 sim : 0 npy : -113.062
 idx : 141 sim : 0 npy : -42.8125
 idx : 142 sim : 0 npy : -20.9844
 idx : 143 sim : 0 npy : 25.8438
 idx : 144 sim : 0 npy : -34.0625
 idx : 145 sim : 0 npy : -34.4688
 idx : 146 sim : 0 npy : -40.8438
 idx : 147 sim : 0 npy : 53.4062
 idx : 148 sim : 0 npy : 76.875
 idx : 149 sim : 0 npy : 7.75391
 idx : 150 sim : 0 npy : -67.75
 idx : 151 sim : 0 npy : -16.0938
 idx : 152 sim : 0 npy : -16.8594
 idx : 153 sim : 0 npy : -49.0938
 idx : 154 sim : 0 npy : 49.8125
 idx : 155 sim : 0 npy : -0.86084
 idx : 156 sim : 0 npy : -15.1094
 idx : 157 sim : 0 npy : 23.5469
 idx : 158 sim : 0 npy : -37.9375
 idx : 159 sim : 0 npy : 16.875
 idx : 160 sim : 0 npy : -3.70117
 idx : 161 sim : 0 npy : 51.0625
 idx : 162 sim : 0 npy : 0.813965
 idx : 163 sim : 0 npy : 3.93555
 idx : 164 sim : 0 npy : -23.1875
 idx : 165 sim : 0 npy : -25.8125
 idx : 166 sim : 0 npy : 43.2188
 idx : 167 sim : 0 npy : -8.65625
 idx : 168 sim : 0 npy : -22.1719
 idx : 169 sim : 0 npy : 7.33203
 idx : 170 sim : 0 npy : -51.875
 idx : 171 sim : 0 npy : -22.1406
 idx : 172 sim : 0 npy : -8.07031
 idx : 173 sim : 0 npy : -54.5
 idx : 174 sim : 0 npy : -12.2812
 idx : 175 sim : 0 npy : 23.75
 idx : 176 sim : 0 npy : -15.4844
 idx : 177 sim : 0 npy : -30.5625
 idx : 178 sim : 0 npy : -10.4844
 idx : 179 sim : 0 npy : 37.7812
 idx : 180 sim : 0 npy : 45.875
 idx : 181 sim : 0 npy : -74.125
 idx : 182 sim : 0 npy : 20.1406
 idx : 183 sim : 0 npy : -14.3828
 idx : 184 sim : 0 npy : -35.5
 idx : 185 sim : 0 npy : -56.6875
 idx : 186 sim : 0 npy : -37.1875
 idx : 187 sim : 0 npy : 22.2031
 idx : 188 sim : 0 npy : -1.58984
 idx : 189 sim : 0 npy : 3.47656
 idx : 190 sim : 0 npy : -25.1719
 idx : 191 sim : 0 npy : 1.9248
 idx : 192 sim : 0 npy : -19.4219
 idx : 193 sim : 0 npy : 1.03711
 idx : 194 sim : 0 npy : -31.4062
 idx : 195 sim : 0 npy : -28.7969
 idx : 196 sim : 0 npy : 8.92969
 idx : 197 sim : 0 npy : -37.5312
 idx : 198 sim : 0 npy : -11.0938
 idx : 199 sim : 0 npy : 28.3906
 idx : 200 sim : 0 npy : -21.8594
 idx : 201 sim : 0 npy : 17.25
 idx : 202 sim : 0 npy : 18.2344
 idx : 203 sim : 0 npy : -13.8906
 idx : 204 sim : 0 npy : -8.96094
 idx : 206 sim : 0 npy : 44.8125
 idx : 207 sim : 0 npy : -15.875
 idx : 208 sim : 0 npy : -5.88281
 idx : 209 sim : 0 npy : -8.39844
 idx : 210 sim : 0 npy : 27.7031
 idx : 211 sim : 0 npy : 37.5625
 idx : 212 sim : 0 npy : 55.7188
 idx : 213 sim : 0 npy : -67.75
 idx : 214 sim : 0 npy : -13.2969
 idx : 215 sim : 0 npy : -39.0938
 idx : 216 sim : 0 npy : 50.1875
 idx : 217 sim : 0 npy : 4.14062
 idx : 218 sim : 0 npy : -2.0332
 idx : 219 sim : 0 npy : 16.875
 idx : 220 sim : 0 npy : 22.8438
 idx : 221 sim : 0 npy : -64.75
 idx : 222 sim : 0 npy : 32.2812
 idx : 223 sim : 0 npy : 4.65234
 idx : 224 sim : 0 npy : -3.32031
 idx : 225 sim : 0 npy : -15.2422
 idx : 227 sim : 0 npy : -24.1719
 idx : 228 sim : 0 npy : -50.375
 idx : 229 sim : 0 npy : 12.2109
 idx : 230 sim : 0 npy : -10.4922
 idx : 231 sim : 0 npy : 28.6094
 idx : 232 sim : 0 npy : -20.2969
 idx : 233 sim : 0 npy : -29.7344
 idx : 234 sim : 0 npy : -11.1797
 idx : 235 sim : 0 npy : -29.25
 idx : 236 sim : 0 npy : -71.6875
 idx : 237 sim : 0 npy : -9.26562
 idx : 238 sim : 0 npy : -44.6875
 idx : 239 sim : 0 npy : 92.875
 idx : 240 sim : 0 npy : 8.47656
 idx : 241 sim : 0 npy : -16.1094
 idx : 242 sim : 0 npy : 54.375
 idx : 243 sim : 0 npy : 15.6406
 idx : 244 sim : 0 npy : 25.8281
 idx : 245 sim : 0 npy : 8.14844
 idx : 246 sim : 0 npy : 50.625
 idx : 247 sim : 0 npy : -20.8594
 idx : 248 sim : 0 npy : 7.75
 idx : 249 sim : 0 npy : 4.07812
 idx : 250 sim : 0 npy : 32.3125
 idx : 251 sim : 0 npy : -8.75
 idx : 252 sim : 0 npy : -4.58594
 idx : 253 sim : 0 npy : 7.72656
 idx : 254 sim : 0 npy : -14.8672
 idx : 255 sim : 0 npy : -35.875
 idx : 256 sim : 0 npy : 9.60938
 idx : 257 sim : 0 npy : -25.0312
 idx : 258 sim : 0 npy : 38.3438
 idx : 259 sim : 0 npy : 60.5625
 idx : 260 sim : 0 npy : 12.9609
 idx : 261 sim : 0 npy : -38.4375
 idx : 262 sim : 0 npy : 6.53125
 idx : 263 sim : 0 npy : 44.1562
 idx : 264 sim : 0 npy : 21.1719
 idx : 265 sim : 0 npy : -15.7578
 idx : 266 sim : 0 npy : -17.0625
 idx : 267 sim : 0 npy : -8.57812
 idx : 268 sim : 0 npy : -31.6406
 idx : 269 sim : 0 npy : -10.625
 idx : 270 sim : 0 npy : 17.25
 idx : 271 sim : 0 npy : 46.6562
 idx : 272 sim : 0 npy : -46.25
 idx : 273 sim : 0 npy : 1.3418
 idx : 274 sim : 0 npy : -5.01953
 idx : 275 sim : 0 npy : 55.4375
 idx : 276 sim : 0 npy : 14.1641
 idx : 277 sim : 0 npy : 8.66406
 idx : 278 sim : 0 npy : 5.16016
 idx : 279 sim : 0 npy : -11.9766
 idx : 280 sim : 0 npy : 11.9141
 idx : 281 sim : 0 npy : -4.66797
 idx : 282 sim : 0 npy : 19.2812
 idx : 283 sim : 0 npy : 31.8125
 idx : 284 sim : 0 npy : -24.9375
 idx : 285 sim : 0 npy : 46.125
 idx : 286 sim : 0 npy : -67.25
 idx : 287 sim : 0 npy : 20.1094
 idx : 288 sim : 0 npy : 82.5625
 idx : 289 sim : 0 npy : 58.125
 idx : 290 sim : 0 npy : 18.5938
 idx : 291 sim : 0 npy : 2.01758
 idx : 292 sim : 0 npy : -29.7188
 idx : 293 sim : 0 npy : 10.5703
 idx : 294 sim : 0 npy : -50.5625
 idx : 295 sim : 0 npy : 12.2578
 idx : 296 sim : 0 npy : 25.8906
 idx : 297 sim : 0 npy : -45.8125
 idx : 298 sim : 0 npy : -14.0469
 idx : 299 sim : 0 npy : 23.25
 idx : 300 sim : 0 npy : -5.28516
 idx : 301 sim : 0 npy : -33.2188
 idx : 302 sim : 0 npy : 24.4219
 idx : 303 sim : 0 npy : 41.2812
 idx : 304 sim : 0 npy : -8.78906
 idx : 305 sim : 0 npy : 2.0625
 idx : 306 sim : 0 npy : 22.9062
 idx : 307 sim : 0 npy : 5.38672
 idx : 308 sim : 0 npy : 68.5
 idx : 309 sim : 0 npy : 28.8438
 idx : 310 sim : 0 npy : 51.1875
 idx : 311 sim : 0 npy : 9.57031
 idx : 312 sim : 0 npy : -10.5781
 idx : 313 sim : 0 npy : -33.1875
 idx : 314 sim : 0 npy : -29.6875
 idx : 315 sim : 0 npy : 21.7031
 idx : 316 sim : 0 npy : 21.375
 idx : 317 sim : 0 npy : -18.5469
 idx : 318 sim : 0 npy : 4.32812
 idx : 319 sim : 0 npy : -15.6484
 idx : 320 sim : 0 npy : -14.7578
 idx : 321 sim : 0 npy : -1.93359
 idx : 322 sim : 0 npy : -4.61328
 idx : 323 sim : 0 npy : 16.5781
 idx : 324 sim : 0 npy : -36.1562
 idx : 325 sim : 0 npy : -24
 idx : 326 sim : 0 npy : 46.5312
 idx : 327 sim : 0 npy : -12.9062
 idx : 328 sim : 0 npy : 13.7656
 idx : 329 sim : 0 npy : -4.97656
 idx : 330 sim : 0 npy : 26.0312
 idx : 331 sim : 0 npy : -42.4062
 idx : 332 sim : 0 npy : 9.44531
 idx : 333 sim : 0 npy : -27.4375
 idx : 334 sim : 0 npy : 9.90625
 idx : 335 sim : 0 npy : 51.9375
 idx : 336 sim : 0 npy : 26.2656
 idx : 337 sim : 0 npy : -7.08594
 idx : 338 sim : 0 npy : -10.5391
 idx : 339 sim : 0 npy : 7.57812
 idx : 340 sim : 0 npy : -6.86719
 idx : 341 sim : 0 npy : 14.0938
 idx : 342 sim : 0 npy : -15.125
 idx : 343 sim : 0 npy : -29.5625
 idx : 344 sim : 0 npy : 36.3125
 idx : 345 sim : 0 npy : 47.25
 idx : 346 sim : 0 npy : -1.38574
 idx : 347 sim : 0 npy : 10.8906
 idx : 348 sim : 0 npy : 22.3594
 idx : 349 sim : 0 npy : 12.2031
 idx : 350 sim : 0 npy : -14.8984
 idx : 351 sim : 0 npy : -45.25
 idx : 352 sim : 0 npy : -29.8906
 idx : 353 sim : 0 npy : -65.125
 idx : 354 sim : 0 npy : 3.98828
 idx : 355 sim : 0 npy : 71.3125
 idx : 356 sim : 0 npy : 10.1094
 idx : 357 sim : 0 npy : 39.8438
 idx : 358 sim : 0 npy : -36.0312
 idx : 359 sim : 0 npy : -10.7344
 idx : 360 sim : 0 npy : 34.8125
 idx : 361 sim : 0 npy : 33.6875
 idx : 362 sim : 0 npy : -34.5938
 idx : 363 sim : 0 npy : 4.24609
 idx : 364 sim : 0 npy : 37.7188
 idx : 365 sim : 0 npy : 19.2969
 idx : 366 sim : 0 npy : -14.4688
 idx : 367 sim : 0 npy : 19.4531
 idx : 368 sim : 0 npy : 2.66797
 idx : 369 sim : 0 npy : -19.7656
 idx : 370 sim : 0 npy : -20.3281
 idx : 371 sim : 0 npy : -47.125
 idx : 372 sim : 0 npy : 31.0781
 idx : 373 sim : 0 npy : 57.75
 idx : 374 sim : 0 npy : 46.6562
 idx : 375 sim : 0 npy : -32
 idx : 376 sim : 0 npy : -92.375
 idx : 377 sim : 0 npy : 19.8125
 idx : 378 sim : 0 npy : -9.33594
 idx : 379 sim : 0 npy : 19.2188
 idx : 380 sim : 0 npy : -12.9688
 idx : 381 sim : 0 npy : 66.9375
 idx : 382 sim : 0 npy : 2.41602
 idx : 383 sim : 0 npy : 10.4766
 idx : 384 sim : 0 npy : 11.3203
 idx : 385 sim : 0 npy : 48.6562
 idx : 386 sim : 0 npy : 34.6562
 idx : 387 sim : 0 npy : -35.9062
 idx : 388 sim : 0 npy : 25.2031
 idx : 389 sim : 0 npy : 41.1562
 idx : 390 sim : 0 npy : -37.9688
 idx : 391 sim : 0 npy : 22.4844
 idx : 392 sim : 0 npy : 22.6719
 idx : 393 sim : 0 npy : 15.5859
 idx : 394 sim : 0 npy : -29.2812
 idx : 395 sim : 0 npy : -6.60156
 idx : 396 sim : 0 npy : 47.1562
 idx : 397 sim : 0 npy : -25.8125
 idx : 398 sim : 0 npy : -13.1719
 idx : 399 sim : 0 npy : 25.0156
 idx : 400 sim : 0 npy : -7.64844
 idx : 401 sim : 0 npy : 1.10352
 idx : 402 sim : 0 npy : 26.2812
 idx : 403 sim : 0 npy : -46.6562
 idx : 404 sim : 0 npy : -63.625
 idx : 405 sim : 0 npy : 46.0938
 idx : 406 sim : 0 npy : 40.6875
 idx : 407 sim : 0 npy : -40.5312
 idx : 408 sim : 0 npy : 28.7656
 idx : 409 sim : 0 npy : 11.3594
 idx : 410 sim : 0 npy : 75.9375
 idx : 411 sim : 0 npy : -1.63086
 idx : 412 sim : 0 npy : 43.5312
 idx : 413 sim : 0 npy : 48.125
 idx : 414 sim : 0 npy : -40.5938
 idx : 415 sim : 0 npy : -1.52539
 idx : 416 sim : 0 npy : -23.7656
 idx : 417 sim : 0 npy : -14.5312
 idx : 418 sim : 0 npy : 35.375
 idx : 419 sim : 0 npy : -9.41406
 idx : 420 sim : 0 npy : -21.4844
 idx : 421 sim : 0 npy : -43.25
 idx : 422 sim : 0 npy : 25.2188
 idx : 424 sim : 0 npy : -46
 idx : 425 sim : 0 npy : -13.8984
 idx : 426 sim : 0 npy : -10.7344
 idx : 427 sim : 0 npy : 51.7812
 idx : 428 sim : 0 npy : -9.46094
 idx : 430 sim : 0 npy : 61
 idx : 431 sim : 0 npy : 18.7656
 idx : 432 sim : 0 npy : 39.4375
 idx : 433 sim : 0 npy : 13.5938
 idx : 434 sim : 0 npy : -32.6562
 idx : 435 sim : 0 npy : 47.0938
 idx : 436 sim : 0 npy : -9.64062
 idx : 437 sim : 0 npy : 6.41016
 idx : 438 sim : 0 npy : -29.2344
 idx : 439 sim : 0 npy : 24.9062
 idx : 440 sim : 0 npy : -4.6875
 idx : 441 sim : 0 npy : 44.3125
 idx : 442 sim : 0 npy : -12.1875
 idx : 443 sim : 0 npy : -27.125
 idx : 444 sim : 0 npy : -54.9375
 idx : 445 sim : 0 npy : -24.4688
 idx : 446 sim : 0 npy : 0.795898
 idx : 447 sim : 0 npy : -13.875
 idx : 448 sim : 0 npy : 21.3594
 idx : 449 sim : 0 npy : 19.9844
 idx : 451 sim : 0 npy : -1.70801
 idx : 452 sim : 0 npy : -32.4688
 idx : 453 sim : 0 npy : -26.4062
 idx : 454 sim : 0 npy : 29.9219
 idx : 455 sim : 0 npy : -19.8125
 idx : 456 sim : 0 npy : 4.14844
 idx : 457 sim : 0 npy : 55.875
 idx : 458 sim : 0 npy : 9.86719
 idx : 459 sim : 0 npy : -5.625
 idx : 460 sim : 0 npy : 44.0312
 idx : 461 sim : 0 npy : 113.625
 idx : 462 sim : 0 npy : -27.0469
 idx : 463 sim : 0 npy : -35.8438
 idx : 464 sim : 0 npy : 1.07227
 idx : 465 sim : 0 npy : -30.3281
 idx : 466 sim : 0 npy : -20.3594
 idx : 467 sim : 0 npy : -26.0312
 idx : 468 sim : 0 npy : 26.9531
 idx : 469 sim : 0 npy : 44.4688
 idx : 470 sim : 0 npy : 22.1094
 idx : 471 sim : 0 npy : -2.00977
 idx : 472 sim : 0 npy : 8.96094
 idx : 473 sim : 0 npy : -10.2344
 idx : 474 sim : 0 npy : -12.9219
 idx : 476 sim : 0 npy : 25.8125
 idx : 477 sim : 0 npy : 3.43945
 idx : 478 sim : 0 npy : -89.625
 idx : 479 sim : 0 npy : 37.3125
 idx : 480 sim : 0 npy : -3.09766
 idx : 481 sim : 0 npy : 19.7031
 idx : 482 sim : 0 npy : -52.4688
 idx : 483 sim : 0 npy : -25.9844
 idx : 484 sim : 0 npy : 18.5938
 idx : 485 sim : 0 npy : 20.2812
 idx : 486 sim : 0 npy : -22.1406
 idx : 487 sim : 0 npy : -40.25
 idx : 488 sim : 0 npy : -39.5938
 idx : 489 sim : 0 npy : 22.25
 idx : 490 sim : 0 npy : 19.7656
 idx : 491 sim : 0 npy : -5.75
 idx : 492 sim : 0 npy : 56.5312
 idx : 493 sim : 0 npy : 44.5312
 idx : 494 sim : 0 npy : -24.9531
 idx : 495 sim : 0 npy : 47.2188
 idx : 496 sim : 0 npy : -0.956543
 idx : 497 sim : 0 npy : -14.0703
 idx : 498 sim : 0 npy : 30.9219
 idx : 499 sim : 0 npy : -18.8438
 idx : 500 sim : 0 npy : -25.625
 idx : 501 sim : 0 npy : -11.3594
 idx : 502 sim : 0 npy : 30.9062
 idx : 503 sim : 0 npy : 13.5469
 idx : 504 sim : 0 npy : -52.7812
 idx : 505 sim : 0 npy : -3.06445
 idx : 506 sim : 0 npy : 32.9375
 idx : 507 sim : 0 npy : -35.4688
 idx : 508 sim : 0 npy : -22.7188
 idx : 509 sim : 0 npy : -13.75
 idx : 510 sim : 0 npy : -6.88672
 idx : 511 sim : 0 npy : -30.8594
 idx : 512 sim : 0 npy : -18.3438
 idx : 513 sim : 0 npy : -24.2344
 idx : 514 sim : 0 npy : 19.3125
 idx : 515 sim : 0 npy : 38.375
 idx : 516 sim : 0 npy : -22.5
 idx : 517 sim : 0 npy : -38.375
 idx : 518 sim : 0 npy : 29.6719
 idx : 519 sim : 0 npy : -41.6562
 idx : 520 sim : 0 npy : 42.375
 idx : 521 sim : 0 npy : 5.72266
 idx : 522 sim : 0 npy : -3.60352
 idx : 523 sim : 0 npy : 28.9375
 idx : 525 sim : 0 npy : -46.2812
 idx : 526 sim : 0 npy : -45.875
 idx : 527 sim : 0 npy : 18.7656
 idx : 528 sim : 0 npy : -7.51953
 idx : 529 sim : 0 npy : -12.9219
 idx : 530 sim : 0 npy : -59.2188
 idx : 531 sim : 0 npy : -41.6562
 idx : 532 sim : 0 npy : -13.9766
 idx : 533 sim : 0 npy : 17.75
 idx : 534 sim : 0 npy : 7.65234
 idx : 535 sim : 0 npy : -2.09961
 idx : 536 sim : 0 npy : -14.8438
 idx : 537 sim : 0 npy : 51.9688
 idx : 538 sim : 0 npy : -33.4375
 idx : 539 sim : 0 npy : 7.44531
 idx : 540 sim : 0 npy : 23.1406
 idx : 541 sim : 0 npy : -11.8359
 idx : 542 sim : 0 npy : -5.29297
 idx : 544 sim : 0 npy : -55.9688
 idx : 545 sim : 0 npy : 16.0625
 idx : 546 sim : 0 npy : -44.2188
 idx : 547 sim : 0 npy : 22.0156
 idx : 548 sim : 0 npy : 16.2656
 idx : 549 sim : 0 npy : 34.1875
 idx : 550 sim : 0 npy : -2.67773
 idx : 552 sim : 0 npy : 15.3984
 idx : 553 sim : 0 npy : -36.2188
 idx : 554 sim : 0 npy : -59.8438
 idx : 555 sim : 0 npy : -38.4688
 idx : 556 sim : 0 npy : -4.64062
 idx : 557 sim : 0 npy : -42
 idx : 558 sim : 0 npy : -59.2188
 idx : 559 sim : 0 npy : -4.60938
 idx : 560 sim : 0 npy : 35.0312
 idx : 561 sim : 0 npy : -1.82227
 idx : 562 sim : 0 npy : -2.80664
 idx : 563 sim : 0 npy : 74.0625
 idx : 564 sim : 0 npy : -27.7812
 idx : 565 sim : 0 npy : 34.7188
 idx : 566 sim : 0 npy : -30.3594
 idx : 567 sim : 0 npy : 1.41992
 idx : 568 sim : 0 npy : 33.1562
 idx : 569 sim : 0 npy : -23.0156
 idx : 570 sim : 0 npy : -15.3047
 idx : 571 sim : 0 npy : 1.72266
 idx : 572 sim : 0 npy : -42.625
 idx : 573 sim : 0 npy : -41.9062
 idx : 574 sim : 0 npy : 35.0312
 idx : 575 sim : 0 npy : -12.8047
 idx : 576 sim : 0 npy : -5.89453
 idx : 577 sim : 0 npy : 19.4531
 idx : 578 sim : 0 npy : -19
 idx : 579 sim : 0 npy : 16.3125
 idx : 580 sim : 0 npy : -5.97656
 idx : 581 sim : 0 npy : 8.77344
 idx : 582 sim : 0 npy : -13.7656
 idx : 583 sim : 0 npy : 1.65625
 idx : 584 sim : 0 npy : 21.2812
 idx : 585 sim : 0 npy : -44
 idx : 586 sim : 0 npy : -24.5312
 idx : 587 sim : 0 npy : -43.4062
 idx : 588 sim : 0 npy : 28.1875
 idx : 589 sim : 0 npy : -2.63672
 idx : 590 sim : 0 npy : -41.7812
 idx : 591 sim : 0 npy : 3.74609
 idx : 592 sim : 0 npy : -26.5625
 idx : 593 sim : 0 npy : -6.34375
 idx : 594 sim : 0 npy : -8.96875
 idx : 595 sim : 0 npy : -38.4375
 idx : 596 sim : 0 npy : -9.36719
 idx : 597 sim : 0 npy : 18.7656
 idx : 598 sim : 0 npy : 24.4531
 idx : 599 sim : 0 npy : -8.32812
 idx : 600 sim : 0 npy : -58.1875
 idx : 601 sim : 0 npy : -14.5859
 idx : 602 sim : 0 npy : 42.9062
 idx : 603 sim : 0 npy : -35.0625
 idx : 604 sim : 0 npy : -5.61328
 idx : 605 sim : 0 npy : -25.5312
 idx : 606 sim : 0 npy : 44.3125
 idx : 607 sim : 0 npy : 17.0312
 idx : 608 sim : 0 npy : 19.375
 idx : 609 sim : 0 npy : -3.69336
 idx : 610 sim : 0 npy : 2.13672
 idx : 611 sim : 0 npy : 17.9375
 idx : 612 sim : 0 npy : -16.5
 idx : 613 sim : 0 npy : -37.2812
 idx : 614 sim : 0 npy : -37.8438
 idx : 615 sim : 0 npy : -45.9688
 idx : 616 sim : 0 npy : -10.9766
 idx : 617 sim : 0 npy : 7.8125
 idx : 618 sim : 0 npy : -18.5469
 idx : 619 sim : 0 npy : 13.4062
 idx : 620 sim : 0 npy : 72.5
 idx : 621 sim : 0 npy : -13.9609
 idx : 622 sim : 0 npy : -55.2188
 idx : 623 sim : 0 npy : -28.4375
 idx : 624 sim : 0 npy : -8.25781
 idx : 625 sim : 0 npy : 42.75
 idx : 626 sim : 0 npy : -43.0312
 idx : 627 sim : 0 npy : -6.14453
 idx : 628 sim : 0 npy : 16.0625
 idx : 629 sim : 0 npy : -34.875
 idx : 630 sim : 0 npy : -31.3281
 idx : 631 sim : 0 npy : 24.5625
 idx : 632 sim : 0 npy : 32.4062
 idx : 634 sim : 0 npy : 42.0312
 idx : 635 sim : 0 npy : 6.54688
 idx : 636 sim : 0 npy : 36.875
 idx : 637 sim : 0 npy : -42.6875
 idx : 638 sim : 0 npy : -4.07031
 idx : 639 sim : 0 npy : -1.82715
 idx : 640 sim : 0 npy : 35.5625
 idx : 643 sim : 0 npy : 52.9062
 idx : 644 sim : 0 npy : 57.2812
 idx : 645 sim : 0 npy : -40.4062
 idx : 646 sim : 0 npy : -9.21875
 idx : 647 sim : 0 npy : 10.2344
 idx : 648 sim : 0 npy : -3.45703
 idx : 649 sim : 0 npy : -7.20312
 idx : 650 sim : 0 npy : 33.0312
 idx : 651 sim : 0 npy : -12.5078
 idx : 652 sim : 0 npy : 4.02734
 idx : 653 sim : 0 npy : 54.125
 idx : 654 sim : 0 npy : 24.2188
 idx : 655 sim : 0 npy : 6.82812
 idx : 656 sim : 0 npy : 51.625
 idx : 657 sim : 0 npy : 49.0938
 idx : 658 sim : 0 npy : 2.96289
 idx : 659 sim : 0 npy : 11.8438
 idx : 660 sim : 0 npy : -34.5
 idx : 661 sim : 0 npy : 21.3125
 idx : 663 sim : 0 npy : -16.9375
 idx : 664 sim : 0 npy : 38.3125
 idx : 665 sim : 0 npy : -16.4844
 idx : 666 sim : 0 npy : -13.1484
 idx : 667 sim : 0 npy : 12.7969
 idx : 668 sim : 0 npy : -21.4688
 idx : 669 sim : 0 npy : -46.5
 idx : 670 sim : 0 npy : 24.8594
 idx : 671 sim : 0 npy : 1.51172
 idx : 672 sim : 0 npy : -43.0312
 idx : 673 sim : 0 npy : -2.61914
 idx : 674 sim : 0 npy : 7.49219
 idx : 675 sim : 0 npy : -32.0312
 idx : 676 sim : 0 npy : -2.31641
 idx : 677 sim : 0 npy : -3.57031
 idx : 679 sim : 0 npy : 67.25
 idx : 680 sim : 0 npy : 33.4688
 idx : 681 sim : 0 npy : 19.2188
 idx : 682 sim : 0 npy : 28.8281
 idx : 683 sim : 0 npy : -31.1406
 idx : 684 sim : 0 npy : -16.0312
 idx : 685 sim : 0 npy : 3.9707
 idx : 686 sim : 0 npy : 30.9219
 idx : 687 sim : 0 npy : 5.85156
 idx : 688 sim : 0 npy : -25.7656
 idx : 689 sim : 0 npy : 4.33203
 idx : 690 sim : 0 npy : 52.6562
 idx : 691 sim : 0 npy : -41.9062
 idx : 692 sim : 0 npy : -55.1562
 idx : 693 sim : 0 npy : 4.05078
 idx : 694 sim : 0 npy : -11.875
 idx : 695 sim : 0 npy : -16.7031
 idx : 696 sim : 0 npy : 45.1562
 idx : 697 sim : 0 npy : -14.3594
 idx : 698 sim : 0 npy : 38.1562
 idx : 699 sim : 0 npy : 47.6875
 idx : 700 sim : 0 npy : 8.52344
 idx : 701 sim : 0 npy : -4.47656
 idx : 702 sim : 0 npy : -26.9375
 idx : 703 sim : 0 npy : -19.0938
 idx : 704 sim : 0 npy : 2.47266
 idx : 705 sim : 0 npy : -16.2188
 idx : 706 sim : 0 npy : -1.48145
 idx : 707 sim : 0 npy : -43
 idx : 708 sim : 0 npy : 15.3359
 idx : 709 sim : 0 npy : -51.8125
 idx : 710 sim : 0 npy : -46.9688
 idx : 711 sim : 0 npy : 34.375
 idx : 712 sim : 0 npy : 4.63281
 idx : 713 sim : 0 npy : 4.17969
 idx : 714 sim : 0 npy : 33.75
 idx : 715 sim : 0 npy : 7.01953
 idx : 716 sim : 0 npy : -16.1406
 idx : 718 sim : 0 npy : -1.40137
 idx : 719 sim : 0 npy : 33.375
 idx : 720 sim : 0 npy : 36.125
 idx : 721 sim : 0 npy : 17.5938
 idx : 722 sim : 0 npy : 23.125
 idx : 723 sim : 0 npy : 18.6719
 idx : 724 sim : 0 npy : 49.125
 idx : 725 sim : 0 npy : -52.375
 idx : 726 sim : 0 npy : 1.60352
 idx : 727 sim : 0 npy : -33.4062
 idx : 728 sim : 0 npy : 41.4688
 idx : 729 sim : 0 npy : 27.5625
 idx : 730 sim : 0 npy : 11.7344
 idx : 731 sim : 0 npy : 10.7812
 idx : 732 sim : 0 npy : -27.2656
 idx : 733 sim : 0 npy : 35
 idx : 734 sim : 0 npy : -36
 idx : 735 sim : 0 npy : -59.2188
 idx : 736 sim : 0 npy : -13.3125
 idx : 737 sim : 0 npy : -31.8438
 idx : 738 sim : 0 npy : 3.02734
 idx : 739 sim : 0 npy : -15.9062
 idx : 740 sim : 0 npy : 31.3125
 idx : 741 sim : 0 npy : 30.9062
 idx : 742 sim : 0 npy : 25.2656
 idx : 743 sim : 0 npy : 85.125
 idx : 744 sim : 0 npy : 6.00391
 idx : 745 sim : 0 npy : -8.1875
 idx : 746 sim : 0 npy : 30.3125
 idx : 747 sim : 0 npy : 6.67578
 idx : 748 sim : 0 npy : 48.6875
 idx : 749 sim : 0 npy : 70.625
 idx : 750 sim : 0 npy : -30.0938
 idx : 751 sim : 0 npy : 29.7656
 idx : 752 sim : 0 npy : -34.6562
 idx : 753 sim : 0 npy : -33.4062
 idx : 754 sim : 0 npy : -24.5781
 idx : 755 sim : 0 npy : 45.5625
 idx : 756 sim : 0 npy : -6.125
 idx : 757 sim : 0 npy : -32.7188
 idx : 758 sim : 0 npy : 21.9062
 idx : 759 sim : 0 npy : -38.75
 idx : 760 sim : 0 npy : -24
 idx : 761 sim : 0 npy : -36.75
 idx : 762 sim : 0 npy : -54.0625
 idx : 763 sim : 0 npy : -55.9688
 idx : 764 sim : 0 npy : -84.3125
 idx : 765 sim : 0 npy : -9.95312
 idx : 766 sim : 0 npy : 6.58203
 idx : 767 sim : 0 npy : 7.57812
 idx : 768 sim : 0 npy : 20.4844
 idx : 769 sim : 0 npy : -33.1562
 idx : 770 sim : 0 npy : 0.785645
 idx : 771 sim : 0 npy : 2.45703
 idx : 772 sim : 0 npy : -12.7891
 idx : 773 sim : 0 npy : -41.0312
 idx : 774 sim : 0 npy : 36.4688
 idx : 775 sim : 0 npy : 25.8438
 idx : 776 sim : 0 npy : -9.25
 idx : 777 sim : 0 npy : 50.5938
 idx : 778 sim : 0 npy : 17.8125
 idx : 779 sim : 0 npy : 17.25
 idx : 780 sim : 0 npy : -25.9375
 idx : 781 sim : 0 npy : 27.9219
 idx : 782 sim : 0 npy : -2.70312
 idx : 783 sim : 0 npy : 56.0938
 idx : 784 sim : 0 npy : 31.9531
 idx : 785 sim : 0 npy : -39.3125
 idx : 786 sim : 0 npy : -2.44336
 idx : 787 sim : 0 npy : 40.3438
 idx : 788 sim : 0 npy : -3.67773
 idx : 789 sim : 0 npy : -26.75
 idx : 790 sim : 0 npy : 35.3125
 idx : 791 sim : 0 npy : -13.8438
 idx : 792 sim : 0 npy : -11.3047
 idx : 793 sim : 0 npy : -5.04688
 idx : 794 sim : 0 npy : -34.6562
 idx : 795 sim : 0 npy : 16.6406
 idx : 796 sim : 0 npy : 45.875
 idx : 797 sim : 0 npy : 23.4531
 idx : 798 sim : 0 npy : -6.10156
 idx : 799 sim : 0 npy : 10.2734
 idx : 800 sim : 0 npy : -25.9375
 idx : 801 sim : 0 npy : -41.875
 idx : 802 sim : 0 npy : -38.5
 idx : 803 sim : 0 npy : -30.3594
 idx : 804 sim : 0 npy : 50.1562
 idx : 805 sim : 0 npy : -37.3125
 idx : 806 sim : 0 npy : 18.4844
 idx : 807 sim : 0 npy : -18.7969
 idx : 808 sim : 0 npy : 12.4766
 idx : 809 sim : 0 npy : 48.8125
 idx : 810 sim : 0 npy : 57.0312
 idx : 811 sim : 0 npy : 2.73242
 idx : 812 sim : 0 npy : 4.44922
 idx : 813 sim : 0 npy : -16.9531
 idx : 814 sim : 0 npy : 26.7656
 idx : 815 sim : 0 npy : -29
 idx : 816 sim : 0 npy : -6.86719
 idx : 817 sim : 0 npy : 38.4062
 idx : 818 sim : 0 npy : -65.625
 idx : 819 sim : 0 npy : -10.4297
 idx : 820 sim : 0 npy : -49.4688
 idx : 821 sim : 0 npy : 9.08594
 idx : 822 sim : 0 npy : 12.8203
 idx : 823 sim : 0 npy : -62.1875
 idx : 824 sim : 0 npy : 36.7812
 idx : 825 sim : 0 npy : -46.9375
 idx : 826 sim : 0 npy : 26.9688
 idx : 827 sim : 0 npy : -9.45312
 idx : 828 sim : 0 npy : -38.5625
 idx : 829 sim : 0 npy : 41.4375
 idx : 830 sim : 0 npy : -1.24902
 idx : 831 sim : 0 npy : 14.2188
 idx : 832 sim : 0 npy : 28.375
 idx : 833 sim : 0 npy : 21.5938
 idx : 834 sim : 0 npy : 43.6562
 idx : 835 sim : 0 npy : 21.3125
 idx : 836 sim : 0 npy : -6.41797
 idx : 837 sim : 0 npy : -11.8828
 idx : 838 sim : 0 npy : -14.0078
 idx : 839 sim : 0 npy : -22.8281
 idx : 840 sim : 0 npy : 19.6875
 idx : 841 sim : 0 npy : 7.26562
 idx : 842 sim : 0 npy : 19.4844
 idx : 843 sim : 0 npy : 57.875
 idx : 844 sim : 0 npy : 52.875
 idx : 845 sim : 0 npy : 10.25
 idx : 846 sim : 0 npy : 26.0469
 idx : 847 sim : 0 npy : -36.9375
 idx : 848 sim : 0 npy : -35.625
 idx : 849 sim : 0 npy : 6.57812
 idx : 850 sim : 0 npy : -18.2031
 idx : 851 sim : 0 npy : -1.3916
 idx : 852 sim : 0 npy : -13.7891
 idx : 853 sim : 0 npy : 48.375
 idx : 854 sim : 0 npy : 25.3125
 idx : 855 sim : 0 npy : 41.75
 idx : 856 sim : 0 npy : 46.9688
 idx : 857 sim : 0 npy : 21.3281
 idx : 858 sim : 0 npy : 18.6406
 idx : 859 sim : 0 npy : 52.2812
 idx : 860 sim : 0 npy : 79.375
 idx : 861 sim : 0 npy : -80.9375
 idx : 862 sim : 0 npy : 87.5
 idx : 863 sim : 0 npy : 6.81641
 idx : 864 sim : 0 npy : 14.4375
 idx : 865 sim : 0 npy : -2.21094
 idx : 866 sim : 0 npy : -48.8125
 idx : 867 sim : 0 npy : 9.82812
 idx : 868 sim : 0 npy : 55.4375
 idx : 869 sim : 0 npy : -21.9844
 idx : 870 sim : 0 npy : -2.01953
 idx : 871 sim : 0 npy : -3.57617
 idx : 872 sim : 0 npy : 65
 idx : 873 sim : 0 npy : -54.5
 idx : 874 sim : 0 npy : -26.0625
 idx : 875 sim : 0 npy : -38.5312
 idx : 876 sim : 0 npy : 43.125
 idx : 877 sim : 0 npy : -22.6719
 idx : 878 sim : 0 npy : 10.6406
 idx : 879 sim : 0 npy : 6.59766
 idx : 880 sim : 0 npy : -17.9219
 idx : 881 sim : 0 npy : 41
 idx : 882 sim : 0 npy : -35.375
 idx : 883 sim : 0 npy : 0.768555
 idx : 884 sim : 0 npy : -47.25
 idx : 885 sim : 0 npy : -8.69531
 idx : 886 sim : 0 npy : 21.2969
 idx : 887 sim : 0 npy : 12.1641
 idx : 888 sim : 0 npy : 40.25
 idx : 889 sim : 0 npy : 45.3438
 idx : 890 sim : 0 npy : 36.0938
 idx : 891 sim : 0 npy : -50.8438
 idx : 892 sim : 0 npy : 74.5
 idx : 893 sim : 0 npy : -10.8203
 idx : 894 sim : 0 npy : 38.5
 idx : 895 sim : 0 npy : -38.8125
 idx : 896 sim : 0 npy : -11.9297
 idx : 897 sim : 0 npy : -6.78516
 idx : 898 sim : 0 npy : 63.6562
 idx : 899 sim : 0 npy : -21.0156
 idx : 900 sim : 0 npy : 14.1875
 idx : 901 sim : 0 npy : 14.2188
 idx : 902 sim : 0 npy : -44.2188
 idx : 903 sim : 0 npy : -53.5312
 idx : 904 sim : 0 npy : 2.05078
 idx : 905 sim : 0 npy : 44.875
 idx : 906 sim : 0 npy : -6.92969
 idx : 907 sim : 0 npy : -18.1562
 idx : 908 sim : 0 npy : 6.69922
 idx : 909 sim : 0 npy : -6.93359
 idx : 910 sim : 0 npy : 4.90234
 idx : 911 sim : 0 npy : 31.0938
 idx : 912 sim : 0 npy : 1.75
 idx : 913 sim : 0 npy : 16.3594
 idx : 914 sim : 0 npy : -49.625
 idx : 915 sim : 0 npy : -18.9531
 idx : 916 sim : 0 npy : 19.7656
 idx : 917 sim : 0 npy : 22.9844
 idx : 918 sim : 0 npy : 18.5156
 idx : 919 sim : 0 npy : 8.46094
 idx : 920 sim : 0 npy : 31.3281
 idx : 921 sim : 0 npy : -6.90234
 idx : 922 sim : 0 npy : 46.0312
 idx : 923 sim : 0 npy : -4.31641
 idx : 924 sim : 0 npy : 14.5
 idx : 925 sim : 0 npy : 43.4375
 idx : 926 sim : 0 npy : 9.9375
 idx : 927 sim : 0 npy : -2.17188
 idx : 928 sim : 0 npy : -14.9219
 idx : 929 sim : 0 npy : 53.2812
 idx : 930 sim : 0 npy : -40.5625
 idx : 931 sim : 0 npy : 5.48828
 idx : 932 sim : 0 npy : 52.5938
 idx : 933 sim : 0 npy : -3.13281
 idx : 934 sim : 0 npy : 30.0469
 idx : 935 sim : 0 npy : 36.5938
 idx : 936 sim : 0 npy : 23.5781
 idx : 937 sim : 0 npy : -24.9531
 idx : 938 sim : 0 npy : 31.5938
 idx : 939 sim : 0 npy : -17.3594
 idx : 940 sim : 0 npy : -14.6641
 idx : 941 sim : 0 npy : -27.8281
 idx : 942 sim : 0 npy : 14.0156
 idx : 943 sim : 0 npy : -45.6875
 idx : 944 sim : 0 npy : -5.83203
 idx : 945 sim : 0 npy : -67.3125
 idx : 946 sim : 0 npy : -12.7266
 idx : 947 sim : 0 npy : 41.375
 idx : 948 sim : 0 npy : 19.4062
 idx : 949 sim : 0 npy : 47.5
 idx : 950 sim : 0 npy : -18.9062
 idx : 951 sim : 0 npy : -17.0156
 idx : 952 sim : 0 npy : -43.7188
 idx : 953 sim : 0 npy : 82.9375
 idx : 954 sim : 0 npy : -52.5
 idx : 955 sim : 0 npy : -51.25
 idx : 956 sim : 0 npy : -12.1953
 idx : 957 sim : 0 npy : 43.7188
 idx : 958 sim : 0 npy : -30.7031
 idx : 959 sim : 0 npy : -14.9766
 idx : 960 sim : 0 npy : 47.1562
 idx : 961 sim : 0 npy : 28.1406
 idx : 962 sim : 0 npy : 15.0391
 idx : 963 sim : 0 npy : 39.5938
 idx : 964 sim : 0 npy : 2.66211
 idx : 965 sim : 0 npy : 45.6562
 idx : 966 sim : 0 npy : -33.0938
 idx : 967 sim : 0 npy : -2.76562
 idx : 968 sim : 0 npy : -46.3438
 idx : 969 sim : 0 npy : 20.2344
 idx : 970 sim : 0 npy : -5.61328
 idx : 971 sim : 0 npy : 10.3359
 idx : 972 sim : 0 npy : 55.2188
 idx : 973 sim : 0 npy : 5.29688
 idx : 974 sim : 0 npy : 11.2891
 idx : 975 sim : 0 npy : -4.94531
 idx : 976 sim : 0 npy : 45.375
 idx : 977 sim : 0 npy : 30.8594
 idx : 978 sim : 0 npy : -44.2812
 idx : 979 sim : 0 npy : 26.9219
 idx : 980 sim : 0 npy : 11.2891
 idx : 981 sim : 0 npy : 13.8828
 idx : 982 sim : 0 npy : -1.06641
 idx : 983 sim : 0 npy : 36.5
 idx : 984 sim : 0 npy : 20.7969
 idx : 985 sim : 0 npy : 1.55469
 idx : 986 sim : 0 npy : 8.44531
 idx : 987 sim : 0 npy : 15.6406
 idx : 988 sim : 0 npy : 2.94922
 idx : 989 sim : 0 npy : -27.9375
 idx : 990 sim : 0 npy : 34.3438
 idx : 991 sim : 0 npy : -17.0938
 idx : 992 sim : 0 npy : 6.54297
 idx : 993 sim : 0 npy : 21.9531
 idx : 994 sim : 0 npy : 12.9609
 idx : 995 sim : 0 npy : -50.6875
 idx : 996 sim : 0 npy : -7.11719
 idx : 997 sim : 0 npy : -7.84766
 idx : 998 sim : 0 npy : -7.40234
 idx : 999 sim : 0 npy : 8.21875
 idx : 1001 sim : 0 npy : 16.7656
 idx : 1002 sim : 0 npy : -16.8438
 idx : 1003 sim : 0 npy : -16.9219
 idx : 1004 sim : 0 npy : 12.6328
 idx : 1005 sim : 0 npy : -38.7812
 idx : 1006 sim : 0 npy : 15.2969
 idx : 1007 sim : 0 npy : -8.0625
 idx : 1008 sim : 0 npy : 9.33594
 idx : 1009 sim : 0 npy : 10.625
 idx : 1010 sim : 0 npy : -92.5625
 idx : 1011 sim : 0 npy : 35.2812
 idx : 1012 sim : 0 npy : 21.4844
 idx : 1013 sim : 0 npy : -25.8281
 idx : 1014 sim : 0 npy : -13.9922
 idx : 1015 sim : 0 npy : 17.9062
 idx : 1016 sim : 0 npy : -9.51562
 idx : 1017 sim : 0 npy : -31.8438
 idx : 1018 sim : 0 npy : 48.8125
 idx : 1019 sim : 0 npy : 19.2812
 idx : 1020 sim : 0 npy : 37.9062
 idx : 1021 sim : 0 npy : 16.6719
 idx : 1022 sim : 0 npy : 28.2969
 idx : 1023 sim : 0 npy : -10.3438
 idx : 1024 sim : 0 npy : -7.23828
 idx : 1025 sim : 0 npy : 18.9531
 idx : 1026 sim : 0 npy : -9.84375
 idx : 1027 sim : 0 npy : -26.5938
 idx : 1028 sim : 0 npy : -19.1875
 idx : 1029 sim : 0 npy : -48.7812
 idx : 1030 sim : 0 npy : -15.25
 idx : 1031 sim : 0 npy : 48.875
 idx : 1032 sim : 0 npy : 37.625
 idx : 1033 sim : 0 npy : -12.9375
 idx : 1034 sim : 0 npy : 4.30469
 idx : 1035 sim : 0 npy : 36.2188
 idx : 1036 sim : 0 npy : 39.6562
 idx : 1037 sim : 0 npy : -16.2969
 idx : 1038 sim : 0 npy : -64.6875
 idx : 1039 sim : 0 npy : -5.64062
 idx : 1040 sim : 0 npy : -10.7578
 idx : 1041 sim : 0 npy : -0.990723
 idx : 1042 sim : 0 npy : -6.20312
 idx : 1043 sim : 0 npy : -17.4531
 idx : 1044 sim : 0 npy : -10.5625
 idx : 1045 sim : 0 npy : -4.96484
 idx : 1046 sim : 0 npy : 61.0625
 idx : 1047 sim : 0 npy : 16.7656
 idx : 1048 sim : 0 npy : -24.4531
 idx : 1049 sim : 0 npy : 16.9688
 idx : 1050 sim : 0 npy : -46.5312
 idx : 1051 sim : 0 npy : -13.5859
 idx : 1052 sim : 0 npy : 12.6172
 idx : 1053 sim : 0 npy : -8.55469
 idx : 1054 sim : 0 npy : -26.3438
 idx : 1055 sim : 0 npy : 22.3594
 idx : 1056 sim : 0 npy : -9.35156
 idx : 1057 sim : 0 npy : -5.19531
 idx : 1058 sim : 0 npy : 36.4062
 idx : 1059 sim : 0 npy : 40.4062
 idx : 1060 sim : 0 npy : 9.02344
 idx : 1061 sim : 0 npy : 20.375
 idx : 1062 sim : 0 npy : -10.9766
 idx : 1063 sim : 0 npy : -84.375
 idx : 1064 sim : 0 npy : -55.25
 idx : 1065 sim : 0 npy : -11.8828
 idx : 1066 sim : 0 npy : 46.5625
 idx : 1067 sim : 0 npy : 21.7969
 idx : 1068 sim : 0 npy : 26.625
 idx : 1069 sim : 0 npy : 15.4766
 idx : 1070 sim : 0 npy : 37.1875
 idx : 1071 sim : 0 npy : 23.7812
 idx : 1072 sim : 0 npy : -4.125
 idx : 1073 sim : 0 npy : 20.4531
 idx : 1074 sim : 0 npy : -26.5781
 idx : 1075 sim : 0 npy : -16.8438
 idx : 1076 sim : 0 npy : -7.14844
 idx : 1077 sim : 0 npy : 4.08984
 idx : 1078 sim : 0 npy : 36.8125
 idx : 1080 sim : 0 npy : -11.9375
 idx : 1081 sim : 0 npy : -56.1562
 idx : 1082 sim : 0 npy : 16.7812
 idx : 1083 sim : 0 npy : 15.1016
 idx : 1084 sim : 0 npy : -4.26172
 idx : 1085 sim : 0 npy : -26.4844
 idx : 1086 sim : 0 npy : 38.75
 idx : 1087 sim : 0 npy : -29.6406
 idx : 1088 sim : 0 npy : 47.0312
 idx : 1089 sim : 0 npy : 41.125
 idx : 1090 sim : 0 npy : 41.75
 idx : 1091 sim : 0 npy : -0.84375
 idx : 1092 sim : 0 npy : -32.0312
 idx : 1093 sim : 0 npy : 35.8125
 idx : 1094 sim : 0 npy : 41.4375
 idx : 1095 sim : 0 npy : -88.25
 idx : 1096 sim : 0 npy : -48.1875
 idx : 1097 sim : 0 npy : -6.1875
 idx : 1098 sim : 0 npy : -17.9688
 idx : 1099 sim : 0 npy : 46.375
 idx : 1101 sim : 0 npy : -24.9219
 idx : 1102 sim : 0 npy : 4.62891
 idx : 1103 sim : 0 npy : -13.3359
 idx : 1104 sim : 0 npy : -29.125
 idx : 1105 sim : 0 npy : 20.3281
 idx : 1106 sim : 0 npy : 87.125
 idx : 1107 sim : 0 npy : 11.7031
 idx : 1108 sim : 0 npy : 9.76562
 idx : 1109 sim : 0 npy : 21.7188
 idx : 1110 sim : 0 npy : 42.9062
 idx : 1111 sim : 0 npy : 11.5234
 idx : 1112 sim : 0 npy : -18.6562
 idx : 1113 sim : 0 npy : -7.90234
 idx : 1114 sim : 0 npy : -22.8438
 idx : 1115 sim : 0 npy : 40.75
 idx : 1116 sim : 0 npy : 15.8281
 idx : 1117 sim : 0 npy : -35.625
 idx : 1118 sim : 0 npy : 22.8281
 idx : 1119 sim : 0 npy : 11.9375
 idx : 1120 sim : 0 npy : 14.7422
 idx : 1121 sim : 0 npy : -30.2812
 idx : 1122 sim : 0 npy : 16.0312
 idx : 1123 sim : 0 npy : 3.13672
 idx : 1124 sim : 0 npy : -28.9375
 idx : 1125 sim : 0 npy : -7.78906
 idx : 1126 sim : 0 npy : 40.7188
 idx : 1127 sim : 0 npy : 40.8125
 idx : 1128 sim : 0 npy : 19.1875
 idx : 1129 sim : 0 npy : -2.47461
 idx : 1130 sim : 0 npy : -34.9375
 idx : 1131 sim : 0 npy : -21.9375
 idx : 1132 sim : 0 npy : 11.3906
 idx : 1133 sim : 0 npy : -12.2969
 idx : 1134 sim : 0 npy : -27.1875
 idx : 1135 sim : 0 npy : -9.95312
 idx : 1136 sim : 0 npy : -16.4531
 idx : 1137 sim : 0 npy : -32.5
 idx : 1138 sim : 0 npy : 25.4688
 idx : 1139 sim : 0 npy : 31.2656
 idx : 1140 sim : 0 npy : -9.78906
 idx : 1141 sim : 0 npy : -45.2188
 idx : 1142 sim : 0 npy : 13.3984
 idx : 1143 sim : 0 npy : -26.6406
 idx : 1144 sim : 0 npy : 7.78906
 idx : 1146 sim : 0 npy : 23.6719
 idx : 1147 sim : 0 npy : 17.5156
 idx : 1148 sim : 0 npy : -37.5625
 idx : 1149 sim : 0 npy : -19.9062
 idx : 1150 sim : 0 npy : -24.3438
 idx : 1151 sim : 0 npy : -23.0625
 idx : 1152 sim : 0 npy : 26.4531
 idx : 1153 sim : 0 npy : 37.0625
 idx : 1154 sim : 0 npy : 9.32031
 idx : 1155 sim : 0 npy : 11.0547
 idx : 1156 sim : 0 npy : -7.77734
 idx : 1157 sim : 0 npy : 15.3984
 idx : 1158 sim : 0 npy : 42.2812
 idx : 1159 sim : 0 npy : -15.1641
 idx : 1160 sim : 0 npy : 10.9297
 idx : 1161 sim : 0 npy : 35.125
 idx : 1162 sim : 0 npy : -23.4219
 idx : 1163 sim : 0 npy : -23.5156
 idx : 1164 sim : 0 npy : 18.9219
 idx : 1165 sim : 0 npy : 29.7344
 idx : 1166 sim : 0 npy : 2.7793
 idx : 1167 sim : 0 npy : 21.5469
 idx : 1168 sim : 0 npy : -19.3125
 idx : 1169 sim : 0 npy : -0.905762
 idx : 1170 sim : 0 npy : -11.6641
 idx : 1171 sim : 0 npy : -35.4375
 idx : 1172 sim : 0 npy : -14.2422
 idx : 1173 sim : 0 npy : 8.96094
 idx : 1174 sim : 0 npy : 30.625
 idx : 1175 sim : 0 npy : 12.3672
 idx : 1176 sim : 0 npy : 16.8906
 idx : 1177 sim : 0 npy : -36.3438
 idx : 1178 sim : 0 npy : -25.6562
 idx : 1179 sim : 0 npy : -28.5
 idx : 1180 sim : 0 npy : 78.75
 idx : 1181 sim : 0 npy : -97.625
 idx : 1182 sim : 0 npy : 55.5312
 idx : 1183 sim : 0 npy : -5.55469
 idx : 1184 sim : 0 npy : -7.47266
 idx : 1185 sim : 0 npy : -57.5
 idx : 1186 sim : 0 npy : 5.75391
 idx : 1187 sim : 0 npy : 11.3047
 idx : 1188 sim : 0 npy : 28.0938
 idx : 1189 sim : 0 npy : 18.8281
 idx : 1190 sim : 0 npy : 15.5469
 idx : 1191 sim : 0 npy : -17.4375
 idx : 1192 sim : 0 npy : -39.8125
 idx : 1193 sim : 0 npy : -10.5156
 idx : 1194 sim : 0 npy : -6.95312
 idx : 1195 sim : 0 npy : -27.6719
 idx : 1196 sim : 0 npy : 5.11328
 idx : 1197 sim : 0 npy : -7.83984
 idx : 1198 sim : 0 npy : 56.375
 idx : 1199 sim : 0 npy : -17.2031
 idx : 1200 sim : 0 npy : -24.7031
 idx : 1201 sim : 0 npy : -19.7344
 idx : 1202 sim : 0 npy : 33.4375
 idx : 1203 sim : 0 npy : -13.5625
 idx : 1204 sim : 0 npy : -22.1875
 idx : 1205 sim : 0 npy : 49.7812
 idx : 1206 sim : 0 npy : -30.3281
 idx : 1207 sim : 0 npy : -4.35156
 idx : 1208 sim : 0 npy : -2.32422
 idx : 1209 sim : 0 npy : 27.5938
 idx : 1210 sim : 0 npy : 3.65234
 idx : 1211 sim : 0 npy : 25.9219
 idx : 1212 sim : 0 npy : -48.0312
 idx : 1213 sim : 0 npy : -20.1094
 idx : 1214 sim : 0 npy : 6.28516
 idx : 1215 sim : 0 npy : 48.3438
 idx : 1216 sim : 0 npy : 13.7344
 idx : 1217 sim : 0 npy : -36.0312
 idx : 1218 sim : 0 npy : -40.4375
 idx : 1219 sim : 0 npy : -36.2812
 idx : 1220 sim : 0 npy : 8.74219
 idx : 1221 sim : 0 npy : -19.2031
 idx : 1222 sim : 0 npy : 42.5625
 idx : 1223 sim : 0 npy : 27.2969
 idx : 1224 sim : 0 npy : -50
 idx : 1225 sim : 0 npy : 2.17383
 idx : 1226 sim : 0 npy : -9.46875
 idx : 1227 sim : 0 npy : 19.0469
 idx : 1228 sim : 0 npy : -26.9375
 idx : 1229 sim : 0 npy : -1.60645
 idx : 1230 sim : 0 npy : 31.7344
 idx : 1231 sim : 0 npy : -28.3594
 idx : 1232 sim : 0 npy : -24.2344
 idx : 1233 sim : 0 npy : 11.2031
 idx : 1234 sim : 0 npy : 47.875
 idx : 1235 sim : 0 npy : -46
 idx : 1236 sim : 0 npy : -10.1953
 idx : 1237 sim : 0 npy : -39.9062
 idx : 1238 sim : 0 npy : 19.7969
 idx : 1239 sim : 0 npy : 36.8438
 idx : 1240 sim : 0 npy : 8.53906
 idx : 1241 sim : 0 npy : -8.10156
 idx : 1242 sim : 0 npy : 30.7656
 idx : 1243 sim : 0 npy : 49.4688
 idx : 1244 sim : 0 npy : -8.71875
 idx : 1245 sim : 0 npy : 3.64062
 idx : 1246 sim : 0 npy : 6.16406
 idx : 1247 sim : 0 npy : -1.78613
 idx : 1248 sim : 0 npy : 12.4375
 idx : 1249 sim : 0 npy : 58.7188
 idx : 1250 sim : 0 npy : 6.32031
 idx : 1251 sim : 0 npy : -37.7812
 idx : 1252 sim : 0 npy : -5.91016
 idx : 1253 sim : 0 npy : -35.375
 idx : 1254 sim : 0 npy : 15.5078
 idx : 1255 sim : 0 npy : -1.43262
 idx : 1256 sim : 0 npy : -43.1562
 idx : 1257 sim : 0 npy : 22.0469
 idx : 1258 sim : 0 npy : 14.7734
 idx : 1259 sim : 0 npy : -47.5625
 idx : 1260 sim : 0 npy : -36.8125
 idx : 1261 sim : 0 npy : -10.9609
 idx : 1262 sim : 0 npy : -11.2656
 idx : 1263 sim : 0 npy : 54.7188
 idx : 1264 sim : 0 npy : 30.3281
 idx : 1265 sim : 0 npy : 16.875
 idx : 1266 sim : 0 npy : -58.1875
 idx : 1267 sim : 0 npy : -17.5312
 idx : 1268 sim : 0 npy : 29.3438
 idx : 1269 sim : 0 npy : 56.5312
 idx : 1270 sim : 0 npy : 80.25
 idx : 1271 sim : 0 npy : -48
 idx : 1272 sim : 0 npy : -36.625
 idx : 1273 sim : 0 npy : 31.5
 idx : 1274 sim : 0 npy : -33.5938
 idx : 1275 sim : 0 npy : 57.6875
 idx : 1276 sim : 0 npy : 74.125
 idx : 1277 sim : 0 npy : 23.25
 idx : 1278 sim : 0 npy : 5.875
 idx : 1279 sim : 0 npy : 37.375
 idx : 1280 sim : 0 npy : 3.85938
 idx : 1281 sim : 0 npy : 21.2188
 idx : 1282 sim : 0 npy : -32.2188
 idx : 1283 sim : 0 npy : -57.5625
 idx : 1284 sim : 0 npy : 13.1406
 idx : 1285 sim : 0 npy : -22.2812
 idx : 1287 sim : 0 npy : -17.2656
 idx : 1288 sim : 0 npy : -7.20703
 idx : 1289 sim : 0 npy : 21.0781
 idx : 1290 sim : 0 npy : 42.4688
 idx : 1291 sim : 0 npy : 5.96484
 idx : 1292 sim : 0 npy : 8.89062
 idx : 1293 sim : 0 npy : -32.0625
 idx : 1294 sim : 0 npy : 29.2969
 idx : 1295 sim : 0 npy : -28.3438
 idx : 1296 sim : 0 npy : 26.375
 idx : 1297 sim : 0 npy : -1.36621
 idx : 1298 sim : 0 npy : 12.5391
 idx : 1299 sim : 0 npy : -36.4688
 idx : 1300 sim : 0 npy : 54.4062
 idx : 1301 sim : 0 npy : -17.9062
 idx : 1302 sim : 0 npy : -7.93359
 idx : 1303 sim : 0 npy : 25.6094
 idx : 1304 sim : 0 npy : -1.16113
 idx : 1305 sim : 0 npy : 11.5312
 idx : 1306 sim : 0 npy : -55.625
 idx : 1307 sim : 0 npy : -11.4453
 idx : 1308 sim : 0 npy : -19.6875
 idx : 1309 sim : 0 npy : -8.55469
 idx : 1310 sim : 0 npy : -31.3594
 idx : 1311 sim : 0 npy : -8.03906
 idx : 1312 sim : 0 npy : -52
 idx : 1313 sim : 0 npy : 14.8203
 idx : 1314 sim : 0 npy : 16.7969
 idx : 1315 sim : 0 npy : -18.7969
 idx : 1316 sim : 0 npy : -63.1562
 idx : 1317 sim : 0 npy : 18.8438
 idx : 1318 sim : 0 npy : -11
 idx : 1319 sim : 0 npy : 31.8438
 idx : 1320 sim : 0 npy : -6.54297
 idx : 1321 sim : 0 npy : -16.2969
 idx : 1322 sim : 0 npy : -32
 idx : 1323 sim : 0 npy : 3.32617
 idx : 1324 sim : 0 npy : -17.4531
 idx : 1325 sim : 0 npy : -11.9844
 idx : 1326 sim : 0 npy : 20.3906
 idx : 1327 sim : 0 npy : 19.1406
 idx : 1328 sim : 0 npy : -28.7969
 idx : 1329 sim : 0 npy : -48.0625
 idx : 1330 sim : 0 npy : -30.7656
 idx : 1331 sim : 0 npy : -33.4375
 idx : 1332 sim : 0 npy : -2.66797
 idx : 1334 sim : 0 npy : -9.10156
 idx : 1335 sim : 0 npy : 29.9062
 idx : 1336 sim : 0 npy : 16.875
 idx : 1337 sim : 0 npy : -23.6562
 idx : 1338 sim : 0 npy : 7.46484
 idx : 1339 sim : 0 npy : 35.0312
 idx : 1340 sim : 0 npy : -1.46582
 idx : 1341 sim : 0 npy : -22.6562
 idx : 1342 sim : 0 npy : 24.625
 idx : 1343 sim : 0 npy : 5.39844
 idx : 1344 sim : 0 npy : 36.3125
 idx : 1345 sim : 0 npy : -9
 idx : 1346 sim : 0 npy : -16.2656
 idx : 1347 sim : 0 npy : 10.8672
 idx : 1348 sim : 0 npy : -11.2109
 idx : 1349 sim : 0 npy : 40.0938
 idx : 1350 sim : 0 npy : 14.0781
 idx : 1351 sim : 0 npy : -84.375
 idx : 1352 sim : 0 npy : 56.1875
 idx : 1353 sim : 0 npy : 12.7109
 idx : 1354 sim : 0 npy : -51.625
 idx : 1355 sim : 0 npy : -13.0391
 idx : 1356 sim : 0 npy : 48.2188
 idx : 1357 sim : 0 npy : 54.0312
 idx : 1358 sim : 0 npy : 27.0781
 idx : 1359 sim : 0 npy : -20.3906
 idx : 1360 sim : 0 npy : 13.4375
 idx : 1361 sim : 0 npy : 6.60938
 idx : 1362 sim : 0 npy : -24.75
 idx : 1363 sim : 0 npy : 56.625
 idx : 1364 sim : 0 npy : -18.5312
 idx : 1365 sim : 0 npy : 1.72461
 idx : 1366 sim : 0 npy : 18.2188
 idx : 1367 sim : 0 npy : -4.58203
 idx : 1368 sim : 0 npy : 86
 idx : 1369 sim : 0 npy : -0.776855
 idx : 1370 sim : 0 npy : -14.5078
 idx : 1371 sim : 0 npy : -6.90625
 idx : 1372 sim : 0 npy : 64.25
 idx : 1374 sim : 0 npy : -18.4219
 idx : 1375 sim : 0 npy : -54.5938
 idx : 1376 sim : 0 npy : 24.5469
 idx : 1377 sim : 0 npy : 44.875
 idx : 1378 sim : 0 npy : -35.5625
 idx : 1379 sim : 0 npy : -40.9062
 idx : 1380 sim : 0 npy : -13.1328
 idx : 1381 sim : 0 npy : -6.35156
 idx : 1382 sim : 0 npy : 24.6406
 idx : 1383 sim : 0 npy : -36.125
 idx : 1384 sim : 0 npy : -14.7266
 idx : 1385 sim : 0 npy : -43.875
 idx : 1387 sim : 0 npy : -3.93555
 idx : 1388 sim : 0 npy : 19.2031
 idx : 1389 sim : 0 npy : 7.02734
 idx : 1390 sim : 0 npy : 16.9062
 idx : 1391 sim : 0 npy : 7.57812
 idx : 1392 sim : 0 npy : -22.1094
 idx : 1393 sim : 0 npy : -25.0156
 idx : 1394 sim : 0 npy : 31.625
 idx : 1395 sim : 0 npy : -1.49805
 idx : 1396 sim : 0 npy : -6.89453
 idx : 1397 sim : 0 npy : 29.7969
 idx : 1398 sim : 0 npy : -14.1953
 idx : 1399 sim : 0 npy : -2.80273
 idx : 1400 sim : 0 npy : 15.5703
 idx : 1401 sim : 0 npy : -21.2812
 idx : 1403 sim : 0 npy : -9.6875
 idx : 1404 sim : 0 npy : 21.3438
 idx : 1405 sim : 0 npy : 25.2344
 idx : 1406 sim : 0 npy : 26.8438
 idx : 1407 sim : 0 npy : -34.7188
 idx : 1408 sim : 0 npy : 52.375
 idx : 1409 sim : 0 npy : -38.4688
 idx : 1410 sim : 0 npy : 38.6875
 idx : 1411 sim : 0 npy : 6.26562
 idx : 1412 sim : 0 npy : -31.2969
 idx : 1413 sim : 0 npy : 11.8203
 idx : 1414 sim : 0 npy : -33.875
 idx : 1415 sim : 0 npy : 29.3125
 idx : 1416 sim : 0 npy : 29.5625
 idx : 1417 sim : 0 npy : 13.3203
 idx : 1418 sim : 0 npy : 54.4062
 idx : 1419 sim : 0 npy : 17.7344
 idx : 1420 sim : 0 npy : -46.1875
 idx : 1421 sim : 0 npy : 8.57812
 idx : 1422 sim : 0 npy : -35
 idx : 1423 sim : 0 npy : -16.3125
 idx : 1424 sim : 0 npy : -15.2656
 idx : 1425 sim : 0 npy : -17.6875
 idx : 1426 sim : 0 npy : -7.89062
 idx : 1427 sim : 0 npy : -9.45312
 idx : 1428 sim : 0 npy : 35
 idx : 1429 sim : 0 npy : 30.125
 idx : 1430 sim : 0 npy : 2.48438
 idx : 1431 sim : 0 npy : 46.8125
 idx : 1432 sim : 0 npy : 44.625
 idx : 1433 sim : 0 npy : -28.5
 idx : 1434 sim : 0 npy : -4.16797
 idx : 1435 sim : 0 npy : 19.5156
 idx : 1436 sim : 0 npy : 1.68066
 idx : 1437 sim : 0 npy : 15.3359
 idx : 1438 sim : 0 npy : 28.8438
 idx : 1439 sim : 0 npy : -6.92188
 idx : 1440 sim : 0 npy : 6.91016
 idx : 1441 sim : 0 npy : -17.2812
 idx : 1442 sim : 0 npy : 32.7188
 idx : 1443 sim : 0 npy : -0.818848
 idx : 1444 sim : 0 npy : 46.2812
 idx : 1445 sim : 0 npy : -1.42578
 idx : 1446 sim : 0 npy : -32.6562
 idx : 1447 sim : 0 npy : 6.57031
 idx : 1448 sim : 0 npy : 59.0938
 idx : 1449 sim : 0 npy : -22.8438
 idx : 1450 sim : 0 npy : 42.6562
 idx : 1451 sim : 0 npy : 18.5
 idx : 1452 sim : 0 npy : 7.53125
 idx : 1453 sim : 0 npy : -60.125
 idx : 1454 sim : 0 npy : 22.625
 idx : 1456 sim : 0 npy : -76.375
 idx : 1457 sim : 0 npy : -13.7344
 idx : 1458 sim : 0 npy : -34.0938
 idx : 1459 sim : 0 npy : 9.88281
 idx : 1460 sim : 0 npy : 10.0547
 idx : 1461 sim : 0 npy : -20.1719
 idx : 1462 sim : 0 npy : 41.7188
 idx : 1463 sim : 0 npy : -19.1719
 idx : 1464 sim : 0 npy : 12.9609
 idx : 1465 sim : 0 npy : -17
 idx : 1466 sim : 0 npy : 62.2812
 idx : 1467 sim : 0 npy : -4.81641
 idx : 1468 sim : 0 npy : -2.36133
 idx : 1469 sim : 0 npy : 58.5938
 idx : 1470 sim : 0 npy : 26.6875
 idx : 1471 sim : 0 npy : 5.22266
 idx : 1472 sim : 0 npy : -26.3594
 idx : 1473 sim : 0 npy : -2.14258
 idx : 1474 sim : 0 npy : 14.7891
 idx : 1475 sim : 0 npy : -5.63672
 idx : 1476 sim : 0 npy : 8.60938
 idx : 1477 sim : 0 npy : 5.45312
 idx : 1478 sim : 0 npy : 5.70312
 idx : 1479 sim : 0 npy : -10.6016
 idx : 1481 sim : 0 npy : -38.5
 idx : 1482 sim : 0 npy : -11.7422
 idx : 1483 sim : 0 npy : -21.4688
 idx : 1484 sim : 0 npy : 10.2969
 idx : 1485 sim : 0 npy : 3.54688
 idx : 1486 sim : 0 npy : -35.5
 idx : 1487 sim : 0 npy : 23.6406
 idx : 1488 sim : 0 npy : 24.0781
 idx : 1489 sim : 0 npy : 13.5
 idx : 1490 sim : 0 npy : 16.5469
 idx : 1491 sim : 0 npy : -20.1406
 idx : 1492 sim : 0 npy : -65.5
 idx : 1493 sim : 0 npy : -14.7969
 idx : 1494 sim : 0 npy : -6.99609
 idx : 1495 sim : 0 npy : -41.7188
 idx : 1496 sim : 0 npy : 47.4688
 idx : 1497 sim : 0 npy : -15.7578
 idx : 1498 sim : 0 npy : 12.4375
 idx : 1499 sim : 0 npy : -17.1719
 idx : 1500 sim : 0 npy : 19.8906
 idx : 1501 sim : 0 npy : -2.25391
 idx : 1502 sim : 0 npy : -46.9688
 idx : 1503 sim : 0 npy : -59.3125
 idx : 1504 sim : 0 npy : -57.9688
 idx : 1505 sim : 0 npy : 2.24219
 idx : 1506 sim : 0 npy : -32.5312
 idx : 1507 sim : 0 npy : 26.0938
 idx : 1508 sim : 0 npy : 5.31641
 idx : 1509 sim : 0 npy : 14.6172
 idx : 1510 sim : 0 npy : -10.7344
 idx : 1511 sim : 0 npy : 15.2578
 idx : 1512 sim : 0 npy : 24.1562
 idx : 1513 sim : 0 npy : -38.5625
 idx : 1514 sim : 0 npy : 37.125
 idx : 1515 sim : 0 npy : 33.7812
 idx : 1516 sim : 0 npy : 15.8672
 idx : 1517 sim : 0 npy : -35.9062
 idx : 1518 sim : 0 npy : -33.4062
 idx : 1519 sim : 0 npy : -38.4375
 idx : 1520 sim : 0 npy : -21.0625
 idx : 1521 sim : 0 npy : 30.0938
 idx : 1522 sim : 0 npy : 3.05664
 idx : 1523 sim : 0 npy : 74.6875
 idx : 1524 sim : 0 npy : 6.33203
 idx : 1525 sim : 0 npy : -18.2031
 idx : 1526 sim : 0 npy : 15.4141
 idx : 1527 sim : 0 npy : -40.5938
 idx : 1528 sim : 0 npy : 13.8516
 idx : 1529 sim : 0 npy : 26.7031
 idx : 1530 sim : 0 npy : -8.58594
 idx : 1531 sim : 0 npy : -2.0918
 idx : 1532 sim : 0 npy : 4.56641
 idx : 1533 sim : 0 npy : -22.125
 idx : 1534 sim : 0 npy : -29.1562
 idx : 1535 sim : 0 npy : -43.0938
 idx : 1536 sim : 0 npy : -11.5234
 idx : 1537 sim : 0 npy : 10.3984
 idx : 1538 sim : 0 npy : -0.844727
 idx : 1539 sim : 0 npy : -69
 idx : 1540 sim : 0 npy : 1.93066
 idx : 1541 sim : 0 npy : 38.2812
 idx : 1542 sim : 0 npy : -15.1328
 idx : 1543 sim : 0 npy : -4.79297
 idx : 1544 sim : 0 npy : 42.4062
 idx : 1546 sim : 0 npy : 26.625
 idx : 1547 sim : 0 npy : 2.61328
 idx : 1548 sim : 0 npy : -20.125
 idx : 1549 sim : 0 npy : 9.41406
 idx : 1550 sim : 0 npy : 29.1094
 idx : 1551 sim : 0 npy : -24.875
 idx : 1552 sim : 0 npy : -14.5703
 idx : 1553 sim : 0 npy : 10.4609
 idx : 1554 sim : 0 npy : -15.3125
 idx : 1555 sim : 0 npy : 8.04688
 idx : 1556 sim : 0 npy : -30.6094
 idx : 1557 sim : 0 npy : -16.3438
 idx : 1558 sim : 0 npy : -41.5938
 idx : 1559 sim : 0 npy : -5.38281
 idx : 1560 sim : 0 npy : 31.9062
 idx : 1561 sim : 0 npy : 93.375
 idx : 1562 sim : 0 npy : -28.6094
 idx : 1563 sim : 0 npy : -28.7188
 idx : 1564 sim : 0 npy : -7.57812
 idx : 1565 sim : 0 npy : 29.1094
 idx : 1567 sim : 0 npy : 21.2031
 idx : 1568 sim : 0 npy : -35.1875
 idx : 1569 sim : 0 npy : 12.7188
 idx : 1570 sim : 0 npy : -8.83594
 idx : 1571 sim : 0 npy : 11.9453
 idx : 1573 sim : 0 npy : 52.3125
 idx : 1574 sim : 0 npy : -19
 idx : 1575 sim : 0 npy : 36.4375
 idx : 1576 sim : 0 npy : 9.57812
 idx : 1577 sim : 0 npy : 45.5938
 idx : 1578 sim : 0 npy : -54.7188
 idx : 1579 sim : 0 npy : 2.72656
 idx : 1580 sim : 0 npy : -7.75
 idx : 1581 sim : 0 npy : 8.96875
 idx : 1582 sim : 0 npy : -39.5625
 idx : 1583 sim : 0 npy : -50.375
 idx : 1584 sim : 0 npy : 32.4375
 idx : 1585 sim : 0 npy : -48.7812
 idx : 1586 sim : 0 npy : -16.9844
 idx : 1587 sim : 0 npy : -26.125
 idx : 1588 sim : 0 npy : 14.3203
 idx : 1589 sim : 0 npy : -22.6719
 idx : 1590 sim : 0 npy : 11.9844
 idx : 1591 sim : 0 npy : -23.8281
 idx : 1592 sim : 0 npy : 1.96875
 idx : 1593 sim : 0 npy : -36.5625
 idx : 1594 sim : 0 npy : 3.95508
 idx : 1595 sim : 0 npy : 15.8594
 idx : 1596 sim : 0 npy : 36.3438
 idx : 1597 sim : 0 npy : -8.07031
 idx : 1598 sim : 0 npy : -19.2812
 idx : 1599 sim : 0 npy : 32.3125
 idx : 1600 sim : 0 npy : 3.58008
 idx : 1601 sim : 0 npy : 8.60938
 idx : 1602 sim : 0 npy : -42.3438
 idx : 1603 sim : 0 npy : -10.8828
 idx : 1604 sim : 0 npy : 3.57617
 idx : 1605 sim : 0 npy : -12.9531
 idx : 1606 sim : 0 npy : 8.27344
 idx : 1607 sim : 0 npy : -26.6094
 idx : 1608 sim : 0 npy : -26.2188
 idx : 1609 sim : 0 npy : 10.2578
 idx : 1610 sim : 0 npy : 24.9062
 idx : 1611 sim : 0 npy : -28.375
 idx : 1612 sim : 0 npy : -10.0859
 idx : 1613 sim : 0 npy : -52.4375
 idx : 1614 sim : 0 npy : -31.9531
 idx : 1615 sim : 0 npy : -41.9062
 idx : 1616 sim : 0 npy : 42.9375
 idx : 1617 sim : 0 npy : 25.4531
 idx : 1618 sim : 0 npy : -11.2891
 idx : 1619 sim : 0 npy : -57.5625
 idx : 1620 sim : 0 npy : -0.897461
 idx : 1621 sim : 0 npy : -25.3438
 idx : 1622 sim : 0 npy : 17.7031
 idx : 1623 sim : 0 npy : 106.938
 idx : 1624 sim : 0 npy : 29.6719
 idx : 1625 sim : 0 npy : 21.1406
 idx : 1626 sim : 0 npy : 52.0312
 idx : 1627 sim : 0 npy : 47.4375
 idx : 1628 sim : 0 npy : 15.2812
 idx : 1630 sim : 0 npy : 42.9062
 idx : 1631 sim : 0 npy : -8.58594
 idx : 1632 sim : 0 npy : 11.8438
 idx : 1633 sim : 0 npy : 27.4531
 idx : 1634 sim : 0 npy : -25.5312
 idx : 1635 sim : 0 npy : 8.94531
 idx : 1636 sim : 0 npy : 13.25
 idx : 1637 sim : 0 npy : -8.90625
 idx : 1638 sim : 0 npy : -11.9844
 idx : 1639 sim : 0 npy : -27.1406
 idx : 1640 sim : 0 npy : 50.5
 idx : 1641 sim : 0 npy : -18.9688
 idx : 1642 sim : 0 npy : 36.875
 idx : 1643 sim : 0 npy : -35.0625
 idx : 1644 sim : 0 npy : 28.5469
 idx : 1645 sim : 0 npy : -9.75781
 idx : 1646 sim : 0 npy : -0.916992
 idx : 1647 sim : 0 npy : 81.5
 idx : 1648 sim : 0 npy : -19.9844
 idx : 1649 sim : 0 npy : 4.65234
 idx : 1650 sim : 0 npy : -3.2832
 idx : 1651 sim : 0 npy : 0.890625
 idx : 1652 sim : 0 npy : -32.9062
 idx : 1653 sim : 0 npy : -16.3281
 idx : 1654 sim : 0 npy : 14.2422
 idx : 1655 sim : 0 npy : 35.625
 idx : 1656 sim : 0 npy : 6.18359
 idx : 1657 sim : 0 npy : -48.3438
 idx : 1658 sim : 0 npy : 13.5938
 idx : 1659 sim : 0 npy : 33.4688
 idx : 1660 sim : 0 npy : -33.7812
 idx : 1661 sim : 0 npy : 20.5156
 idx : 1662 sim : 0 npy : 26.4844
 idx : 1663 sim : 0 npy : -15.9609
 idx : 1664 sim : 0 npy : 40.6875
 idx : 1665 sim : 0 npy : 13.5938
 idx : 1666 sim : 0 npy : 23.5469
 idx : 1667 sim : 0 npy : -16.1875
 idx : 1668 sim : 0 npy : -24.0781
 idx : 1669 sim : 0 npy : -41.4688
 idx : 1670 sim : 0 npy : 24.6875
 idx : 1671 sim : 0 npy : -26.7969
 idx : 1672 sim : 0 npy : 24.375
 idx : 1673 sim : 0 npy : 39.0312
 idx : 1674 sim : 0 npy : -28.875
 idx : 1675 sim : 0 npy : -0.820801
 idx : 1676 sim : 0 npy : 97
 idx : 1677 sim : 0 npy : -29.5781
 idx : 1678 sim : 0 npy : -66.25
 idx : 1679 sim : 0 npy : -22.6406
 idx : 1680 sim : 0 npy : 26.9375
 idx : 1681 sim : 0 npy : 65.125
 idx : 1682 sim : 0 npy : -2.47461
 idx : 1683 sim : 0 npy : -45.8438
 idx : 1684 sim : 0 npy : -41
 idx : 1685 sim : 0 npy : 38.1562
 idx : 1686 sim : 0 npy : 3.90234
 idx : 1687 sim : 0 npy : 30.125
 idx : 1688 sim : 0 npy : 15.2812
 idx : 1689 sim : 0 npy : -12.4609
 idx : 1690 sim : 0 npy : 54.7188
 idx : 1691 sim : 0 npy : -29.6875
 idx : 1692 sim : 0 npy : 5.20703
 idx : 1693 sim : 0 npy : 29.7656
 idx : 1694 sim : 0 npy : 21.6094
 idx : 1695 sim : 0 npy : 48.8438
 idx : 1696 sim : 0 npy : -31.2031
 idx : 1697 sim : 0 npy : -113.938
 idx : 1698 sim : 0 npy : 11.3906
 idx : 1699 sim : 0 npy : 31.0938
 idx : 1700 sim : 0 npy : -27.875
 idx : 1701 sim : 0 npy : 20.5781
 idx : 1702 sim : 0 npy : -37.9688
 idx : 1703 sim : 0 npy : -3.72266
 idx : 1704 sim : 0 npy : -61.6875
 idx : 1705 sim : 0 npy : 35.75
 idx : 1706 sim : 0 npy : 6.51172
 idx : 1707 sim : 0 npy : 35.2188
 idx : 1708 sim : 0 npy : 36.8438
 idx : 1709 sim : 0 npy : 18.9219
 idx : 1710 sim : 0 npy : -12.7656
 idx : 1711 sim : 0 npy : 23.5938
 idx : 1712 sim : 0 npy : -58.4688
 idx : 1713 sim : 0 npy : 25.4531
 idx : 1714 sim : 0 npy : 10.6172
 idx : 1715 sim : 0 npy : -52.4375
 idx : 1716 sim : 0 npy : 49.0625
 idx : 1717 sim : 0 npy : 11.3203
 idx : 1718 sim : 0 npy : 21.5156
 idx : 1719 sim : 0 npy : -16.25
 idx : 1720 sim : 0 npy : -49.375
 idx : 1721 sim : 0 npy : -49.3125
 idx : 1723 sim : 0 npy : 8.39844
 idx : 1724 sim : 0 npy : -7.67188
 idx : 1725 sim : 0 npy : 25.3125
 idx : 1726 sim : 0 npy : -19.5312
 idx : 1727 sim : 0 npy : -29.3906
 idx : 1728 sim : 0 npy : -27.1719
 idx : 1729 sim : 0 npy : 1.27539
 idx : 1730 sim : 0 npy : -33.5625
 idx : 1731 sim : 0 npy : 29.8906
 idx : 1732 sim : 0 npy : -20.1406
 idx : 1733 sim : 0 npy : -4.90234
 idx : 1734 sim : 0 npy : -50.1562
 idx : 1735 sim : 0 npy : 10.75
 idx : 1736 sim : 0 npy : 32.625
 idx : 1737 sim : 0 npy : 58.3438
 idx : 1738 sim : 0 npy : 11.7344
 idx : 1739 sim : 0 npy : -32.9375
 idx : 1740 sim : 0 npy : 70.1875
 idx : 1741 sim : 0 npy : 35.0312
 idx : 1742 sim : 0 npy : 7.56641
 idx : 1743 sim : 0 npy : -52.375
 idx : 1744 sim : 0 npy : -6.42969
 idx : 1745 sim : 0 npy : -45.375
 idx : 1746 sim : 0 npy : -38.9375
 idx : 1747 sim : 0 npy : 18.2656
 idx : 1749 sim : 0 npy : 7.35938
 idx : 1750 sim : 0 npy : -8.98438
 idx : 1751 sim : 0 npy : -26.7344
 idx : 1752 sim : 0 npy : 25.5938
 idx : 1753 sim : 0 npy : -34.1875
 idx : 1754 sim : 0 npy : -11.0078
 idx : 1755 sim : 0 npy : -55.3125
 idx : 1756 sim : 0 npy : -40.4375
 idx : 1757 sim : 0 npy : 3.33984
 idx : 1758 sim : 0 npy : 6.96094
 idx : 1759 sim : 0 npy : 8.76562
 idx : 1760 sim : 0 npy : 14.8516
 idx : 1761 sim : 0 npy : 9.29688
 idx : 1762 sim : 0 npy : 11.9844
 idx : 1763 sim : 0 npy : 19.8125
 idx : 1765 sim : 0 npy : -19.7188
 idx : 1766 sim : 0 npy : 9.82031
 idx : 1767 sim : 0 npy : -25.6875
 idx : 1768 sim : 0 npy : 71.0625
 idx : 1769 sim : 0 npy : -13.4766
 idx : 1770 sim : 0 npy : -10.0469
 idx : 1771 sim : 0 npy : -33.7188
 idx : 1772 sim : 0 npy : 9.82031
 idx : 1773 sim : 0 npy : 1.94238
 idx : 1774 sim : 0 npy : -36.5
 idx : 1775 sim : 0 npy : -7.42969
 idx : 1776 sim : 0 npy : -6.07031
 idx : 1777 sim : 0 npy : -7.11719
 idx : 1778 sim : 0 npy : 2.66211
 idx : 1779 sim : 0 npy : -68.5625
 idx : 1780 sim : 0 npy : -9.25
 idx : 1781 sim : 0 npy : -8.0625
 idx : 1782 sim : 0 npy : -12.8047
 idx : 1783 sim : 0 npy : -10.9375
 idx : 1784 sim : 0 npy : 41.0625
 idx : 1785 sim : 0 npy : -27.8438
 idx : 1786 sim : 0 npy : -2.66016
 idx : 1787 sim : 0 npy : -1.11133
 idx : 1788 sim : 0 npy : 106.312
 idx : 1789 sim : 0 npy : -36.4688
 idx : 1790 sim : 0 npy : 13.0312
 idx : 1791 sim : 0 npy : -64.5
 idx : 1792 sim : 0 npy : 7.26953
 idx : 1793 sim : 0 npy : -46.625
 idx : 1794 sim : 0 npy : 61.3125
 idx : 1795 sim : 0 npy : -35.3438
 idx : 1796 sim : 0 npy : 39.5
 idx : 1797 sim : 0 npy : -13.0312
 idx : 1798 sim : 0 npy : -2.19922
 idx : 1799 sim : 0 npy : 24.3281
 idx : 1800 sim : 0 npy : -39.4688
 idx : 1801 sim : 0 npy : -11.9141
 idx : 1802 sim : 0 npy : -78.0625
 idx : 1803 sim : 0 npy : -45.5938
 idx : 1804 sim : 0 npy : 4.48438
 idx : 1805 sim : 0 npy : 4.77734
 idx : 1806 sim : 0 npy : -32.9062
 idx : 1807 sim : 0 npy : -1.49023
 idx : 1808 sim : 0 npy : -47
 idx : 1809 sim : 0 npy : -65
 idx : 1810 sim : 0 npy : 49.1875
 idx : 1811 sim : 0 npy : -12.6797
 idx : 1812 sim : 0 npy : 50.4688
 idx : 1813 sim : 0 npy : 19.5312
 idx : 1814 sim : 0 npy : 59.75
 idx : 1815 sim : 0 npy : 4.76172
 idx : 1816 sim : 0 npy : 38.0938
 idx : 1817 sim : 0 npy : 44.4688
 idx : 1818 sim : 0 npy : 7.47656
 idx : 1819 sim : 0 npy : -54.75
 idx : 1820 sim : 0 npy : -34.9062
 idx : 1821 sim : 0 npy : -1.60254
 idx : 1822 sim : 0 npy : 25.0312
 idx : 1823 sim : 0 npy : -39.9688
 idx : 1824 sim : 0 npy : -34.0938
 idx : 1826 sim : 0 npy : -4.97266
 idx : 1827 sim : 0 npy : 32.4688
 idx : 1828 sim : 0 npy : -16.2969
 idx : 1829 sim : 0 npy : 15.4141
 idx : 1830 sim : 0 npy : 25.7344
 idx : 1831 sim : 0 npy : -67.375
 idx : 1832 sim : 0 npy : -27.0938
 idx : 1833 sim : 0 npy : 13.6094
 idx : 1834 sim : 0 npy : 7.05469
 idx : 1835 sim : 0 npy : -16.2344
 idx : 1836 sim : 0 npy : -38.2188
 idx : 1837 sim : 0 npy : 11.8672
 idx : 1838 sim : 0 npy : -56.1562
 idx : 1839 sim : 0 npy : -23.4531
 idx : 1840 sim : 0 npy : 2.98828
 idx : 1841 sim : 0 npy : 49.0625
 idx : 1842 sim : 0 npy : -25.6719
 idx : 1843 sim : 0 npy : 4.88281
 idx : 1844 sim : 0 npy : -8.46094
 idx : 1845 sim : 0 npy : -21.5156
 idx : 1846 sim : 0 npy : -13.4141
 idx : 1847 sim : 0 npy : 24.3125
 idx : 1848 sim : 0 npy : 44.8438
 idx : 1849 sim : 0 npy : -10.7109
 idx : 1850 sim : 0 npy : 19.0781
 idx : 1851 sim : 0 npy : 39.5938
 idx : 1852 sim : 0 npy : -9.39062
 idx : 1853 sim : 0 npy : -12.4141
 idx : 1854 sim : 0 npy : 11.6875
 idx : 1855 sim : 0 npy : 18.9688
 idx : 1856 sim : 0 npy : -8.41406
 idx : 1857 sim : 0 npy : 9.64844
 idx : 1858 sim : 0 npy : 38
 idx : 1859 sim : 0 npy : -27.9219
 idx : 1860 sim : 0 npy : -37.5938
 idx : 1861 sim : 0 npy : 31.6406
 idx : 1862 sim : 0 npy : -32
 idx : 1863 sim : 0 npy : -38.2812
 idx : 1864 sim : 0 npy : 16.6406
 idx : 1865 sim : 0 npy : -51.5625
 idx : 1866 sim : 0 npy : 52.8125
 idx : 1867 sim : 0 npy : -8.1875
 idx : 1868 sim : 0 npy : -25.3125
 idx : 1869 sim : 0 npy : -5.71094
 idx : 1870 sim : 0 npy : -38.1875
 idx : 1871 sim : 0 npy : -2.16992
 idx : 1872 sim : 0 npy : 2.61523
 idx : 1873 sim : 0 npy : 15.5156
 idx : 1874 sim : 0 npy : 13.2578
 idx : 1875 sim : 0 npy : 1.32715
 idx : 1876 sim : 0 npy : -49.1875
 idx : 1877 sim : 0 npy : -7.42578
 idx : 1878 sim : 0 npy : 44.6875
 idx : 1879 sim : 0 npy : 18.3906
 idx : 1880 sim : 0 npy : 19.3125
 idx : 1881 sim : 0 npy : -42.9688
 idx : 1882 sim : 0 npy : -49.9688
 idx : 1883 sim : 0 npy : 62
 idx : 1885 sim : 0 npy : -21.1562
 idx : 1886 sim : 0 npy : 20.2969
 idx : 1887 sim : 0 npy : -10.3516
 idx : 1888 sim : 0 npy : 16.9219
 idx : 1889 sim : 0 npy : -47.125
 idx : 1890 sim : 0 npy : -1.94434
 idx : 1891 sim : 0 npy : -15.6953
 idx : 1892 sim : 0 npy : 47.7812
 idx : 1893 sim : 0 npy : -15.0938
 idx : 1894 sim : 0 npy : 51.9375
 idx : 1895 sim : 0 npy : -7.89062
 idx : 1896 sim : 0 npy : -30.9375
 idx : 1897 sim : 0 npy : 7.05859
 idx : 1898 sim : 0 npy : 29.8125
 idx : 1899 sim : 0 npy : 48.9688
 idx : 1900 sim : 0 npy : -23.2031
 idx : 1901 sim : 0 npy : 9.42969
 idx : 1902 sim : 0 npy : -16.625
 idx : 1903 sim : 0 npy : -17.0312
 idx : 1904 sim : 0 npy : -2.50391
 idx : 1905 sim : 0 npy : -11.6797
 idx : 1906 sim : 0 npy : 19.5781
 idx : 1907 sim : 0 npy : 10.7891
 idx : 1908 sim : 0 npy : 26.0156
 idx : 1909 sim : 0 npy : -7.57031
 idx : 1910 sim : 0 npy : 12.7266
 idx : 1911 sim : 0 npy : -22.875
 idx : 1912 sim : 0 npy : -34.0312
 idx : 1913 sim : 0 npy : -35.4375
 idx : 1914 sim : 0 npy : 14.9766
 idx : 1915 sim : 0 npy : -15.2969
 idx : 1916 sim : 0 npy : -1.67188
 idx : 1917 sim : 0 npy : 13.8672
 idx : 1918 sim : 0 npy : -4.97266
 idx : 1919 sim : 0 npy : 14.4766
 idx : 1920 sim : 0 npy : -12.125
 idx : 1921 sim : 0 npy : 4.56641
 idx : 1922 sim : 0 npy : -18.375
 idx : 1923 sim : 0 npy : -11.8516
 idx : 1924 sim : 0 npy : 1.79199
 idx : 1925 sim : 0 npy : -25.5156
 idx : 1926 sim : 0 npy : 12.9297
 idx : 1927 sim : 0 npy : -31.4688
 idx : 1928 sim : 0 npy : 37.9062
 idx : 1929 sim : 0 npy : -53.875
 idx : 1930 sim : 0 npy : 31.2344
 idx : 1931 sim : 0 npy : -2.01172
 idx : 1932 sim : 0 npy : 35.0312
 idx : 1933 sim : 0 npy : -56.25
 idx : 1934 sim : 0 npy : -29.6094
 idx : 1935 sim : 0 npy : -3.73047
 idx : 1936 sim : 0 npy : 58.875
 idx : 1937 sim : 0 npy : -17.9844
 idx : 1938 sim : 0 npy : 6.16797
 idx : 1939 sim : 0 npy : 28.3594
 idx : 1940 sim : 0 npy : 35.9375
 idx : 1941 sim : 0 npy : -17.8438
 idx : 1942 sim : 0 npy : -33.3438
 idx : 1943 sim : 0 npy : 27.0469
 idx : 1944 sim : 0 npy : 35
 idx : 1946 sim : 0 npy : -2.79102
 idx : 1947 sim : 0 npy : 29.7969
 idx : 1948 sim : 0 npy : -33.3438
 idx : 1949 sim : 0 npy : -3.73828
 idx : 1950 sim : 0 npy : -89.4375
 idx : 1951 sim : 0 npy : 10.5156
 idx : 1952 sim : 0 npy : 30.9062
 idx : 1953 sim : 0 npy : 3.32031
 idx : 1954 sim : 0 npy : -35.25
 idx : 1955 sim : 0 npy : -7.15234
 idx : 1956 sim : 0 npy : -53.5312
 idx : 1957 sim : 0 npy : -27.2656
 idx : 1958 sim : 0 npy : -29.0938
 idx : 1959 sim : 0 npy : -4.89453
 idx : 1960 sim : 0 npy : 9.96094
 idx : 1961 sim : 0 npy : -27.2812
 idx : 1962 sim : 0 npy : -5.78125
 idx : 1963 sim : 0 npy : 76.5
 idx : 1964 sim : 0 npy : -21.6719
 idx : 1965 sim : 0 npy : -25.9844
 idx : 1966 sim : 0 npy : -9.42969
 idx : 1967 sim : 0 npy : 33.625
 idx : 1968 sim : 0 npy : -2.24414
 idx : 1969 sim : 0 npy : 33.125
 idx : 1970 sim : 0 npy : -14.3047
 idx : 1971 sim : 0 npy : 63.3125
 idx : 1972 sim : 0 npy : -1.35254
 idx : 1973 sim : 0 npy : 3.36914
 idx : 1974 sim : 0 npy : 16.5156
 idx : 1975 sim : 0 npy : 53.875
 idx : 1976 sim : 0 npy : 5.80078
 idx : 1977 sim : 0 npy : -11.8594
 idx : 1978 sim : 0 npy : 25.0938
 idx : 1979 sim : 0 npy : -22.4375
 idx : 1980 sim : 0 npy : 4.05078
 idx : 1981 sim : 0 npy : -34.4688
 idx : 1982 sim : 0 npy : -10.4141
 idx : 1983 sim : 0 npy : 26.1875
 idx : 1984 sim : 0 npy : -14.4688
 idx : 1985 sim : 0 npy : 46.125
 idx : 1986 sim : 0 npy : 47.0938
 idx : 1987 sim : 0 npy : 36.8125
 idx : 1988 sim : 0 npy : -7.27344
 idx : 1989 sim : 0 npy : 12.7578
 idx : 1990 sim : 0 npy : -18.8438
 idx : 1991 sim : 0 npy : 10.1953
 idx : 1992 sim : 0 npy : 14.0781
 idx : 1993 sim : 0 npy : -55.0312
 idx : 1994 sim : 0 npy : 9.625
 idx : 1995 sim : 0 npy : 25.875
 idx : 1996 sim : 0 npy : 8.25781
 idx : 1997 sim : 0 npy : 13.7266
 idx : 1998 sim : 0 npy : -16.9062
 idx : 1999 sim : 0 npy : -22.0625
 idx : 2000 sim : 0 npy : -1.3877
 idx : 2001 sim : 0 npy : 6.87109
 idx : 2002 sim : 0 npy : -14.3125
 idx : 2003 sim : 0 npy : 15.4297
 idx : 2004 sim : 0 npy : -4.64062
 idx : 2005 sim : 0 npy : -22.7031
 idx : 2006 sim : 0 npy : -12.0156
 idx : 2007 sim : 0 npy : 5.55859
 idx : 2008 sim : 0 npy : -44.5625
 idx : 2009 sim : 0 npy : 26.8594
 idx : 2010 sim : 0 npy : 19.0156
 idx : 2011 sim : 0 npy : 24.6875
 idx : 2012 sim : 0 npy : -6.53516
 idx : 2013 sim : 0 npy : 54.5312
 idx : 2014 sim : 0 npy : -44.375
 idx : 2015 sim : 0 npy : 32.25
 idx : 2016 sim : 0 npy : 21.2656
 idx : 2017 sim : 0 npy : 13.0547
 idx : 2018 sim : 0 npy : 17.7969
 idx : 2019 sim : 0 npy : -6.92969
 idx : 2020 sim : 0 npy : 27.5938
 idx : 2021 sim : 0 npy : -98.8125
 idx : 2022 sim : 0 npy : 26.25
 idx : 2023 sim : 0 npy : -49.7812
 idx : 2024 sim : 0 npy : 19.1094
 idx : 2025 sim : 0 npy : 51.375
 idx : 2026 sim : 0 npy : 26.125
 idx : 2027 sim : 0 npy : -28.5
 idx : 2028 sim : 0 npy : -39.4688
 idx : 2029 sim : 0 npy : -34.1875
 idx : 2030 sim : 0 npy : 17.2656
 idx : 2031 sim : 0 npy : 33.0625
 idx : 2032 sim : 0 npy : -9.60938
 idx : 2033 sim : 0 npy : -17.8438
 idx : 2034 sim : 0 npy : -7.53125
 idx : 2035 sim : 0 npy : 4.89062
 idx : 2036 sim : 0 npy : 45.9375
 idx : 2037 sim : 0 npy : -33.7188
 idx : 2038 sim : 0 npy : -56.5938
 idx : 2039 sim : 0 npy : -15.5312
 idx : 2040 sim : 0 npy : 6.75
 idx : 2041 sim : 0 npy : -2.63477
 idx : 2042 sim : 0 npy : -7.44531
 idx : 2043 sim : 0 npy : 3.6875
 idx : 2044 sim : 0 npy : -24.0625
 idx : 2045 sim : 0 npy : -41.2188
 idx : 2046 sim : 0 npy : -38.3438
 idx : 2047 sim : 0 npy : -25.4688
 idx : 2048 sim : 0 npy : 23.2344
 idx : 2049 sim : 0 npy : 32.3125
 idx : 2050 sim : 0 npy : -27.7969
 idx : 2051 sim : 0 npy : 79.4375
 idx : 2052 sim : 0 npy : 5.71875
 idx : 2053 sim : 0 npy : 29.8281
 idx : 2054 sim : 0 npy : -17.5156
 idx : 2055 sim : 0 npy : 24.6562
 idx : 2056 sim : 0 npy : 21.6562
 idx : 2057 sim : 0 npy : -13.9766
 idx : 2058 sim : 0 npy : 39.8125
 idx : 2059 sim : 0 npy : 27.0781
 idx : 2060 sim : 0 npy : -29.5312
 idx : 2061 sim : 0 npy : -45.1562
 idx : 2062 sim : 0 npy : -36.1562
 idx : 2063 sim : 0 npy : -31.8438
 idx : 2064 sim : 0 npy : -17.1719
 idx : 2065 sim : 0 npy : 30.6094
 idx : 2066 sim : 0 npy : 44.9688
 idx : 2067 sim : 0 npy : 5.98438
 idx : 2068 sim : 0 npy : -9.89062
 idx : 2069 sim : 0 npy : 9.27344
 idx : 2070 sim : 0 npy : 4.75391
 idx : 2071 sim : 0 npy : 41.4688
 idx : 2072 sim : 0 npy : 30.6094
 idx : 2073 sim : 0 npy : -14.2422
 idx : 2074 sim : 0 npy : 11.3828
 idx : 2075 sim : 0 npy : 34.2188
 idx : 2076 sim : 0 npy : 26.4531
 idx : 2077 sim : 0 npy : -14.6016
 idx : 2078 sim : 0 npy : -10.3672
 idx : 2079 sim : 0 npy : 26.3438
 idx : 2080 sim : 0 npy : -6.21094
 idx : 2081 sim : 0 npy : 7.66797
 idx : 2082 sim : 0 npy : -1.00195
 idx : 2083 sim : 0 npy : 2.56445
 idx : 2084 sim : 0 npy : 4.19531
 idx : 2085 sim : 0 npy : -11.7422
 idx : 2086 sim : 0 npy : 41.5625
 idx : 2087 sim : 0 npy : -9.4375
 idx : 2088 sim : 0 npy : 1.93848
 idx : 2089 sim : 0 npy : -45.0312
 idx : 2090 sim : 0 npy : 34.0938
 idx : 2092 sim : 0 npy : -73.5625
 idx : 2093 sim : 0 npy : -44.4062
 idx : 2094 sim : 0 npy : 19.4062
 idx : 2095 sim : 0 npy : 33.2188
 idx : 2096 sim : 0 npy : -40.9375
 idx : 2097 sim : 0 npy : -0.79541
 idx : 2098 sim : 0 npy : 58.6562
 idx : 2099 sim : 0 npy : -21.1719
 idx : 2100 sim : 0 npy : 32.2188
 idx : 2101 sim : 0 npy : -49.1562
 idx : 2102 sim : 0 npy : -19.9531
 idx : 2103 sim : 0 npy : -37.75
 idx : 2104 sim : 0 npy : -23.9219
 idx : 2105 sim : 0 npy : 10.6406
 idx : 2106 sim : 0 npy : -4.92969
 idx : 2107 sim : 0 npy : -3.22656
 idx : 2108 sim : 0 npy : -30.0625
 idx : 2109 sim : 0 npy : -18.2969
 idx : 2110 sim : 0 npy : 38.2188
 idx : 2111 sim : 0 npy : 60.6562
 idx : 2112 sim : 0 npy : -44
 idx : 2114 sim : 0 npy : 34.1875
 idx : 2115 sim : 0 npy : 8.58594
 idx : 2116 sim : 0 npy : 29.7656
 idx : 2117 sim : 0 npy : -27.2969
 idx : 2118 sim : 0 npy : 53.0938
 idx : 2119 sim : 0 npy : 30.5625
 idx : 2120 sim : 0 npy : -3.45898
 idx : 2121 sim : 0 npy : 11.3281
 idx : 2122 sim : 0 npy : -9.94531
 idx : 2123 sim : 0 npy : 10.7969
 idx : 2124 sim : 0 npy : 47.25
 idx : 2126 sim : 0 npy : -20.8438
 idx : 2128 sim : 0 npy : -42.9375
 idx : 2129 sim : 0 npy : -32.0625
 idx : 2130 sim : 0 npy : -39.875
 idx : 2131 sim : 0 npy : 11.8672
 idx : 2132 sim : 0 npy : -5.85938
 idx : 2133 sim : 0 npy : 10.875
 idx : 2134 sim : 0 npy : 84.9375
 idx : 2135 sim : 0 npy : -33.0938
 idx : 2136 sim : 0 npy : -6.19531
 idx : 2137 sim : 0 npy : 21.8594
 idx : 2138 sim : 0 npy : 5.08984
 idx : 2139 sim : 0 npy : 17.6406
 idx : 2140 sim : 0 npy : -3.69922
 idx : 2141 sim : 0 npy : -38.9062
 idx : 2142 sim : 0 npy : -30.3594
 idx : 2143 sim : 0 npy : 21
 idx : 2144 sim : 0 npy : 21.0625
 idx : 2145 sim : 0 npy : -6.45703
 idx : 2146 sim : 0 npy : -41.625
 idx : 2147 sim : 0 npy : -45.75
 idx : 2148 sim : 0 npy : 32.6875
 idx : 2149 sim : 0 npy : 7.45703
 idx : 2150 sim : 0 npy : 25.8281
 idx : 2151 sim : 0 npy : 43.8438
 idx : 2152 sim : 0 npy : 1.91699
 idx : 2153 sim : 0 npy : -6.63281
 idx : 2154 sim : 0 npy : -18.5312
 idx : 2155 sim : 0 npy : 62.9062
 idx : 2156 sim : 0 npy : 3.77148
 idx : 2157 sim : 0 npy : 11.3672
 idx : 2158 sim : 0 npy : -48.625
 idx : 2159 sim : 0 npy : -27.1562
 idx : 2160 sim : 0 npy : -29.1406
 idx : 2161 sim : 0 npy : -34.3125
 idx : 2162 sim : 0 npy : 52.75
 idx : 2163 sim : 0 npy : -20.0625
 idx : 2164 sim : 0 npy : -66.75
 idx : 2165 sim : 0 npy : -33.3438
 idx : 2166 sim : 0 npy : 21.875
 idx : 2167 sim : 0 npy : -5.13672
 idx : 2168 sim : 0 npy : -28.1719
 idx : 2169 sim : 0 npy : 15.4922
 idx : 2170 sim : 0 npy : -74.875
 idx : 2171 sim : 0 npy : -7.81641
 idx : 2172 sim : 0 npy : 12.4297
 idx : 2173 sim : 0 npy : 47.5
 idx : 2174 sim : 0 npy : -19.4531
 idx : 2175 sim : 0 npy : -4.08594
 idx : 2176 sim : 0 npy : 14.2188
 idx : 2177 sim : 0 npy : 45.0625
 idx : 2178 sim : 0 npy : -15.8984
 idx : 2179 sim : 0 npy : -25.4688
 idx : 2180 sim : 0 npy : -15.3438
 idx : 2181 sim : 0 npy : -35.5312
 idx : 2182 sim : 0 npy : -5.70312
 idx : 2183 sim : 0 npy : -2.10742
 idx : 2184 sim : 0 npy : -4.37109
 idx : 2185 sim : 0 npy : -62.625
 idx : 2186 sim : 0 npy : 5.46094
 idx : 2187 sim : 0 npy : 41.4062
 idx : 2188 sim : 0 npy : 20.1875
 idx : 2189 sim : 0 npy : -14.8672
 idx : 2190 sim : 0 npy : -55.0625
 idx : 2191 sim : 0 npy : 5.03906
 idx : 2192 sim : 0 npy : 19.25
 idx : 2193 sim : 0 npy : 17.7031
 idx : 2194 sim : 0 npy : -17.8125
 idx : 2195 sim : 0 npy : -36.3438
 idx : 2196 sim : 0 npy : 18.3125
 idx : 2197 sim : 0 npy : 36.4062
 idx : 2198 sim : 0 npy : -65
 idx : 2199 sim : 0 npy : -20.1094
 idx : 2200 sim : 0 npy : -3.78516
 idx : 2201 sim : 0 npy : 18.375
 idx : 2202 sim : 0 npy : 23.7188
 idx : 2203 sim : 0 npy : 8.70312
 idx : 2204 sim : 0 npy : 6.72266
 idx : 2205 sim : 0 npy : -4.54688
 idx : 2206 sim : 0 npy : 14.4688
 idx : 2207 sim : 0 npy : -7.00781
 idx : 2208 sim : 0 npy : -6.28125
 idx : 2209 sim : 0 npy : 43.5625
 idx : 2210 sim : 0 npy : -32.5
 idx : 2211 sim : 0 npy : 50.875
 idx : 2212 sim : 0 npy : 7.03125
 idx : 2213 sim : 0 npy : 10.7969
 idx : 2214 sim : 0 npy : -61.0625
 idx : 2215 sim : 0 npy : -2.08203
 idx : 2216 sim : 0 npy : -20.7656
 idx : 2217 sim : 0 npy : 5.02344
 idx : 2218 sim : 0 npy : 29.7969
 idx : 2219 sim : 0 npy : -13.9141
 idx : 2220 sim : 0 npy : -15.2656
 idx : 2221 sim : 0 npy : -20.4844
 idx : 2222 sim : 0 npy : 1.84375
 idx : 2223 sim : 0 npy : -12.5938
 idx : 2224 sim : 0 npy : 48.375
 idx : 2225 sim : 0 npy : 8.03125
 idx : 2226 sim : 0 npy : 13.3906
 idx : 2227 sim : 0 npy : 12.3125
 idx : 2228 sim : 0 npy : -35.0625
 idx : 2229 sim : 0 npy : 7.88281
 idx : 2230 sim : 0 npy : 17.7031
 idx : 2231 sim : 0 npy : 45.8125
 idx : 2232 sim : 0 npy : 32.625
 idx : 2233 sim : 0 npy : 14.7344
 idx : 2234 sim : 0 npy : -64.4375
 idx : 2235 sim : 0 npy : 28.5625
 idx : 2236 sim : 0 npy : 23.3281
 idx : 2237 sim : 0 npy : 53.5
 idx : 2238 sim : 0 npy : -30.6875
 idx : 2239 sim : 0 npy : 37.6875
 idx : 2240 sim : 0 npy : -70.4375
 idx : 2241 sim : 0 npy : 9.69531
 idx : 2242 sim : 0 npy : -37.375
 idx : 2243 sim : 0 npy : 19.7656
 idx : 2244 sim : 0 npy : -36.0312
 idx : 2245 sim : 0 npy : -27.375
 idx : 2246 sim : 0 npy : 2.85742
 idx : 2247 sim : 0 npy : -10.7969
 idx : 2248 sim : 0 npy : 49.25
 idx : 2249 sim : 0 npy : -5.22266
 idx : 2250 sim : 0 npy : -7.15625
 idx : 2251 sim : 0 npy : -14.5859
 idx : 2252 sim : 0 npy : -36.1562
 idx : 2253 sim : 0 npy : 29.25
 idx : 2254 sim : 0 npy : 24.5
 idx : 2255 sim : 0 npy : -31.4688
 idx : 2256 sim : 0 npy : -30.9219
 idx : 2257 sim : 0 npy : 40.4375
 idx : 2258 sim : 0 npy : 29.875
 idx : 2259 sim : 0 npy : -6.03125
 idx : 2260 sim : 0 npy : -28.1562
 idx : 2261 sim : 0 npy : 3.78711
 idx : 2262 sim : 0 npy : -9.49219
 idx : 2263 sim : 0 npy : 36.9375
 idx : 2264 sim : 0 npy : -28.0469
 idx : 2265 sim : 0 npy : -14.3438
 idx : 2266 sim : 0 npy : 12.7656
 idx : 2267 sim : 0 npy : 28.5469
 idx : 2269 sim : 0 npy : -19.1719
 idx : 2270 sim : 0 npy : -72.25
 idx : 2271 sim : 0 npy : 31.1719
 idx : 2272 sim : 0 npy : 11.2656
 idx : 2273 sim : 0 npy : 10.6562
 idx : 2274 sim : 0 npy : -17.4375
 idx : 2275 sim : 0 npy : -34.5625
 idx : 2276 sim : 0 npy : 37.5938
 idx : 2277 sim : 0 npy : 9.96875
 idx : 2278 sim : 0 npy : 9.97656
 idx : 2279 sim : 0 npy : 6.53906
 idx : 2280 sim : 0 npy : 8.3125
 idx : 2281 sim : 0 npy : -21.5312
 idx : 2282 sim : 0 npy : 11.8438
 idx : 2283 sim : 0 npy : 33.0312
 idx : 2284 sim : 0 npy : 39.5
 idx : 2285 sim : 0 npy : -83.5
 idx : 2286 sim : 0 npy : 15.4922
 idx : 2288 sim : 0 npy : 18.7188
 idx : 2289 sim : 0 npy : -29.3281
 idx : 2290 sim : 0 npy : -25.1094
 idx : 2291 sim : 0 npy : -8.90625
 idx : 2292 sim : 0 npy : 20.4062
 idx : 2293 sim : 0 npy : 19.6406
 idx : 2294 sim : 0 npy : -10.6406
 idx : 2295 sim : 0 npy : -10.1719
 idx : 2296 sim : 0 npy : -12.8438
 idx : 2297 sim : 0 npy : 27.1562
 idx : 2298 sim : 0 npy : 0.796387
 idx : 2299 sim : 0 npy : -22.3438
 idx : 2300 sim : 0 npy : 18.3438
 idx : 2301 sim : 0 npy : -31.25
 idx : 2302 sim : 0 npy : -12.875
 idx : 2303 sim : 0 npy : -2.66211
 idx : 2304 sim : 0 npy : 33.375
 idx : 2305 sim : 0 npy : 27.9844
 idx : 2306 sim : 0 npy : 4.96094
 idx : 2307 sim : 0 npy : -17.5625
 idx : 2308 sim : 0 npy : 81.25
 idx : 2309 sim : 0 npy : 30.1719
 idx : 2310 sim : 0 npy : -25.2812
 idx : 2311 sim : 0 npy : -9.375
 idx : 2312 sim : 0 npy : 32.375
 idx : 2314 sim : 0 npy : 30.6406
 idx : 2315 sim : 0 npy : 14.6406
 idx : 2316 sim : 0 npy : 7.31641
 idx : 2317 sim : 0 npy : -1.01172
 idx : 2318 sim : 0 npy : 5.03906
 idx : 2319 sim : 0 npy : 5.80859
 idx : 2320 sim : 0 npy : 74.3125
 idx : 2321 sim : 0 npy : 1.1123
 idx : 2322 sim : 0 npy : 52.1562
 idx : 2323 sim : 0 npy : -10.1875
 idx : 2324 sim : 0 npy : 11.1484
 idx : 2326 sim : 0 npy : -57.1875
 idx : 2327 sim : 0 npy : -26.9688
 idx : 2328 sim : 0 npy : 35.4375
 idx : 2329 sim : 0 npy : -47.25
 idx : 2330 sim : 0 npy : 15.3516
 idx : 2331 sim : 0 npy : -17.8906
 idx : 2332 sim : 0 npy : -4.9375
 idx : 2333 sim : 0 npy : -17.1875
 idx : 2334 sim : 0 npy : -18.5156
 idx : 2335 sim : 0 npy : -44.6562
 idx : 2336 sim : 0 npy : -38.25
 idx : 2337 sim : 0 npy : 53.3438
 idx : 2338 sim : 0 npy : 10.6406
 idx : 2339 sim : 0 npy : -53.7812
 idx : 2340 sim : 0 npy : 20.6562
 idx : 2341 sim : 0 npy : 4.68359
 idx : 2342 sim : 0 npy : 31.1094
 idx : 2343 sim : 0 npy : -16.875
 idx : 2344 sim : 0 npy : 30.25
 idx : 2345 sim : 0 npy : 20.7969
 idx : 2347 sim : 0 npy : 29.875
 idx : 2348 sim : 0 npy : 18.3438
 idx : 2349 sim : 0 npy : -1.3125
 idx : 2350 sim : 0 npy : 48.4688
 idx : 2351 sim : 0 npy : 53
 idx : 2352 sim : 0 npy : -11.1094
 idx : 2353 sim : 0 npy : 19.8281
 idx : 2354 sim : 0 npy : -20.4062
 idx : 2355 sim : 0 npy : 26.25
 idx : 2356 sim : 0 npy : -13.6875
 idx : 2357 sim : 0 npy : 58.4375
 idx : 2358 sim : 0 npy : 4.12891
 idx : 2359 sim : 0 npy : 25.375
 idx : 2360 sim : 0 npy : 26.1875
 idx : 2361 sim : 0 npy : 14.7812
 idx : 2362 sim : 0 npy : 25.9375
 idx : 2363 sim : 0 npy : 13.9297
 idx : 2364 sim : 0 npy : 57.875
 idx : 2365 sim : 0 npy : -45.7812
 idx : 2366 sim : 0 npy : -1.99609
 idx : 2367 sim : 0 npy : -36.25
 idx : 2368 sim : 0 npy : 12.25
 idx : 2370 sim : 0 npy : 13.6484
 idx : 2371 sim : 0 npy : -21.6562
 idx : 2372 sim : 0 npy : -48.4688
 idx : 2373 sim : 0 npy : 25.25
 idx : 2374 sim : 0 npy : -63.9688
 idx : 2375 sim : 0 npy : -24.2031
 idx : 2376 sim : 0 npy : -17.8281
 idx : 2377 sim : 0 npy : 6.85156
 idx : 2378 sim : 0 npy : 26.1562
 idx : 2379 sim : 0 npy : -38.9062
 idx : 2380 sim : 0 npy : -18.375
 idx : 2381 sim : 0 npy : 20.8125
 idx : 2382 sim : 0 npy : 29.7031
 idx : 2383 sim : 0 npy : 6.42969
 idx : 2384 sim : 0 npy : -43.9688
 idx : 2385 sim : 0 npy : -37.25
 idx : 2386 sim : 0 npy : -5.32422
 idx : 2387 sim : 0 npy : -25.375
 idx : 2388 sim : 0 npy : 6.08594
 idx : 2389 sim : 0 npy : -21.5469
 idx : 2390 sim : 0 npy : 14
 idx : 2391 sim : 0 npy : -58.625
 idx : 2392 sim : 0 npy : 16.1875
 idx : 2393 sim : 0 npy : 34.9062
 idx : 2394 sim : 0 npy : -0.764648
 idx : 2395 sim : 0 npy : 3.30859
 idx : 2396 sim : 0 npy : -30.4219
 idx : 2397 sim : 0 npy : -9.32812
 idx : 2398 sim : 0 npy : -20.9375
 idx : 2399 sim : 0 npy : -48.625
 idx : 2400 sim : 0 npy : -2.84375
 idx : 2401 sim : 0 npy : 10.2422
 idx : 2402 sim : 0 npy : -3.16992
 idx : 2403 sim : 0 npy : -9.38281
 idx : 2404 sim : 0 npy : 55.0625
 idx : 2405 sim : 0 npy : 8.02344
 idx : 2406 sim : 0 npy : 0.722656
 idx : 2407 sim : 0 npy : -66.4375
 idx : 2408 sim : 0 npy : -1.13477
 idx : 2409 sim : 0 npy : -41.8438
 idx : 2410 sim : 0 npy : 49.7812
 idx : 2411 sim : 0 npy : -1.24512
 idx : 2412 sim : 0 npy : -8.0625
 idx : 2413 sim : 0 npy : -52.625
 idx : 2414 sim : 0 npy : -40.9375
 idx : 2415 sim : 0 npy : -9.64844
 idx : 2416 sim : 0 npy : -38.125
 idx : 2417 sim : 0 npy : -12.1875
 idx : 2418 sim : 0 npy : 64.125
 idx : 2419 sim : 0 npy : -31.2969
 idx : 2420 sim : 0 npy : -31.4375
 idx : 2421 sim : 0 npy : 24.3594
 idx : 2422 sim : 0 npy : -24.9531
 idx : 2423 sim : 0 npy : -55.9688
 idx : 2424 sim : 0 npy : -41.75
 idx : 2425 sim : 0 npy : -41.9688
 idx : 2426 sim : 0 npy : -57.0938
 idx : 2427 sim : 0 npy : 3.69336
 idx : 2428 sim : 0 npy : 32.5938
 idx : 2429 sim : 0 npy : -28.1875
 idx : 2430 sim : 0 npy : 9.65625
 idx : 2431 sim : 0 npy : -11.0469
 idx : 2432 sim : 0 npy : 66.75
 idx : 2433 sim : 0 npy : 13.9297
 idx : 2434 sim : 0 npy : 72.6875
 idx : 2435 sim : 0 npy : -24.3438
 idx : 2436 sim : 0 npy : -68.25
 idx : 2437 sim : 0 npy : 5.45703
 idx : 2438 sim : 0 npy : 25.375
 idx : 2439 sim : 0 npy : 15.7812
 idx : 2440 sim : 0 npy : 7.10547
 idx : 2441 sim : 0 npy : 22.8125
 idx : 2442 sim : 0 npy : -51.0312
 idx : 2443 sim : 0 npy : 9.41406
 idx : 2444 sim : 0 npy : 40
 idx : 2445 sim : 0 npy : -3.25195
 idx : 2446 sim : 0 npy : -14.7031
 idx : 2447 sim : 0 npy : 20.3594
 idx : 2448 sim : 0 npy : -19.3438
 idx : 2449 sim : 0 npy : -17.0781
 idx : 2450 sim : 0 npy : 3.79297
 idx : 2451 sim : 0 npy : 61.7188
 idx : 2452 sim : 0 npy : -60.6875
 idx : 2453 sim : 0 npy : 50.8125
 idx : 2454 sim : 0 npy : -35.9375
 idx : 2455 sim : 0 npy : -1.85645
 idx : 2456 sim : 0 npy : 20.2188
 idx : 2457 sim : 0 npy : 31.7031
 idx : 2458 sim : 0 npy : -39.3438
 idx : 2459 sim : 0 npy : -6.71094
 idx : 2460 sim : 0 npy : -13.3906
 idx : 2461 sim : 0 npy : 39.0938
 idx : 2462 sim : 0 npy : 9.5
 idx : 2463 sim : 0 npy : -64
 idx : 2464 sim : 0 npy : -24.8125
 idx : 2465 sim : 0 npy : 66.4375
 idx : 2466 sim : 0 npy : -9.11719
 idx : 2467 sim : 0 npy : -35.875
 idx : 2468 sim : 0 npy : 30.1562
 idx : 2469 sim : 0 npy : -15.5781
 idx : 2470 sim : 0 npy : 35.5625
 idx : 2471 sim : 0 npy : 13.0547
 idx : 2472 sim : 0 npy : -1.62012
 idx : 2473 sim : 0 npy : -8.77344
 idx : 2474 sim : 0 npy : -11.5234
 idx : 2475 sim : 0 npy : 2.4375
 idx : 2476 sim : 0 npy : 69.6875
 idx : 2477 sim : 0 npy : 36.6875
 idx : 2478 sim : 0 npy : -15.9141
 idx : 2479 sim : 0 npy : -43.6875
 idx : 2480 sim : 0 npy : 6.85156
 idx : 2481 sim : 0 npy : 20.7031
 idx : 2482 sim : 0 npy : -17.3594
 idx : 2483 sim : 0 npy : -6.53125
 idx : 2484 sim : 0 npy : 56.9688
 idx : 2485 sim : 0 npy : 51.9688
 idx : 2486 sim : 0 npy : 66.375
 idx : 2487 sim : 0 npy : 5.45312
 idx : 2488 sim : 0 npy : 36.375
 idx : 2489 sim : 0 npy : 20.9531
 idx : 2490 sim : 0 npy : -71.75
 idx : 2491 sim : 0 npy : 6.63672
 idx : 2492 sim : 0 npy : -65.4375
 idx : 2493 sim : 0 npy : -18.4219
 idx : 2494 sim : 0 npy : -13.2656
 idx : 2495 sim : 0 npy : -14.75
 idx : 2496 sim : 0 npy : -37.0312
 idx : 2497 sim : 0 npy : -24.5312
 idx : 2498 sim : 0 npy : -53.75
 idx : 2499 sim : 0 npy : 18.8594
 idx : 2500 sim : 0 npy : -9.67969
 idx : 2501 sim : 0 npy : 29.8438
 idx : 2502 sim : 0 npy : 22.4531
 idx : 2503 sim : 0 npy : -25.5781
 idx : 2504 sim : 0 npy : 15.8281
 idx : 2505 sim : 0 npy : -14.9141
 idx : 2506 sim : 0 npy : 38.9688
 idx : 2507 sim : 0 npy : -12.8906
 idx : 2508 sim : 0 npy : -28.2969
 idx : 2509 sim : 0 npy : -44.1562
 idx : 2510 sim : 0 npy : -31.4219
 idx : 2511 sim : 0 npy : 60.2188
 idx : 2512 sim : 0 npy : 36.375
 idx : 2513 sim : 0 npy : 33.5938
 idx : 2514 sim : 0 npy : -28.0938
 idx : 2515 sim : 0 npy : 37.875
 idx : 2516 sim : 0 npy : -15.4141
 idx : 2517 sim : 0 npy : 27.7969
 idx : 2518 sim : 0 npy : 27.4531
 idx : 2519 sim : 0 npy : -5.64844
 idx : 2520 sim : 0 npy : -19.8594
 idx : 2521 sim : 0 npy : -20.1406
 idx : 2523 sim : 0 npy : -18.9375
 idx : 2524 sim : 0 npy : -21.0781
 idx : 2525 sim : 0 npy : -15.9844
 idx : 2526 sim : 0 npy : 19.9531
 idx : 2527 sim : 0 npy : -48.125
 idx : 2528 sim : 0 npy : 52.625
 idx : 2529 sim : 0 npy : 19.9688
 idx : 2530 sim : 0 npy : 41.875
 idx : 2531 sim : 0 npy : 14.5703
 idx : 2532 sim : 0 npy : -23.0312
 idx : 2534 sim : 0 npy : -10.6562
 idx : 2535 sim : 0 npy : 3.79102
 idx : 2536 sim : 0 npy : 32.0625
 idx : 2537 sim : 0 npy : 8.77344
 idx : 2538 sim : 0 npy : 12.8828
 idx : 2539 sim : 0 npy : -25.75
 idx : 2540 sim : 0 npy : -23.6719
 idx : 2541 sim : 0 npy : 27.5469
 idx : 2542 sim : 0 npy : -41.7812
 idx : 2543 sim : 0 npy : -5.85156
 idx : 2544 sim : 0 npy : 38.7188
 idx : 2545 sim : 0 npy : -13.4688
 idx : 2546 sim : 0 npy : -48.875
 idx : 2547 sim : 0 npy : -60.375
 idx : 2548 sim : 0 npy : -13.9922
 idx : 2549 sim : 0 npy : -81.5
 idx : 2550 sim : 0 npy : -32.5312
 idx : 2551 sim : 0 npy : -2.75586
 idx : 2552 sim : 0 npy : 16.0781
 idx : 2553 sim : 0 npy : 26.9375
 idx : 2554 sim : 0 npy : 59.5312
 idx : 2555 sim : 0 npy : -28.0156
 idx : 2556 sim : 0 npy : 49.9375
 idx : 2557 sim : 0 npy : -57.0625
 idx : 2558 sim : 0 npy : 32.0312
 idx : 2559 sim : 0 npy : -42.6562
 idx : 2560 sim : 0 npy : -32.5625
 idx : 2561 sim : 0 npy : -63.1875
 idx : 2562 sim : 0 npy : -3.125
 idx : 2563 sim : 0 npy : -36.9062
 idx : 2564 sim : 0 npy : 43.8125
 idx : 2565 sim : 0 npy : 30.8594
 idx : 2566 sim : 0 npy : -23.9844
 idx : 2567 sim : 0 npy : -34.0312
 idx : 2568 sim : 0 npy : -46.125
 idx : 2569 sim : 0 npy : 6.17969
 idx : 2570 sim : 0 npy : -15.2656
 idx : 2571 sim : 0 npy : -56.5
 idx : 2572 sim : 0 npy : -20.9688
 idx : 2573 sim : 0 npy : -24.9375
 idx : 2574 sim : 0 npy : -36.5938
 idx : 2575 sim : 0 npy : 21.6094
 idx : 2576 sim : 0 npy : -41.3438
 idx : 2577 sim : 0 npy : 30.6562
 idx : 2578 sim : 0 npy : 31.0469
 idx : 2579 sim : 0 npy : 65.1875
 idx : 2580 sim : 0 npy : 16.7656
 idx : 2581 sim : 0 npy : 16.0156
 idx : 2582 sim : 0 npy : -6.48828
 idx : 2583 sim : 0 npy : 8.125
 idx : 2584 sim : 0 npy : 42.4375
 idx : 2585 sim : 0 npy : -20.1875
 idx : 2586 sim : 0 npy : -32.25
 idx : 2587 sim : 0 npy : -56.875
 idx : 2588 sim : 0 npy : -12.8203
 idx : 2589 sim : 0 npy : 43.5625
 idx : 2590 sim : 0 npy : -8.92969
 idx : 2591 sim : 0 npy : -5.96094
 idx : 2592 sim : 0 npy : -7.46875
 idx : 2593 sim : 0 npy : -43.6562
 idx : 2594 sim : 0 npy : -9.46875
 idx : 2595 sim : 0 npy : -7.50781
 idx : 2596 sim : 0 npy : 30.1719
 idx : 2597 sim : 0 npy : 39.625
 idx : 2598 sim : 0 npy : 65.5625
 idx : 2599 sim : 0 npy : 43.125
 idx : 2600 sim : 0 npy : -37
 idx : 2601 sim : 0 npy : 12.2188
 idx : 2602 sim : 0 npy : -37.125
 idx : 2603 sim : 0 npy : -12.2031
 idx : 2604 sim : 0 npy : -54.4062
 idx : 2605 sim : 0 npy : 12.3594
 idx : 2606 sim : 0 npy : -30.9688
 idx : 2607 sim : 0 npy : 43.1875
 idx : 2608 sim : 0 npy : -3.37109
 idx : 2609 sim : 0 npy : -42.5938
 idx : 2610 sim : 0 npy : 24.9219
 idx : 2612 sim : 0 npy : -32.125
 idx : 2613 sim : 0 npy : -13.5
 idx : 2614 sim : 0 npy : 2.79297
 idx : 2615 sim : 0 npy : -23.0781
 idx : 2616 sim : 0 npy : -11.3828
 idx : 2617 sim : 0 npy : 18.1562
 idx : 2618 sim : 0 npy : 14.3828
 idx : 2619 sim : 0 npy : 24.7031
 idx : 2620 sim : 0 npy : 3.3125
 idx : 2621 sim : 0 npy : 24.8125
 idx : 2623 sim : 0 npy : 23.0312
 idx : 2624 sim : 0 npy : 12.9297
 idx : 2625 sim : 0 npy : -10.1094
 idx : 2626 sim : 0 npy : 37.5625
 idx : 2627 sim : 0 npy : -53.6875
 idx : 2628 sim : 0 npy : -17.9688
 idx : 2629 sim : 0 npy : 34.875
 idx : 2630 sim : 0 npy : 3.20312
 idx : 2631 sim : 0 npy : 62.125
 idx : 2632 sim : 0 npy : 9.53125
 idx : 2633 sim : 0 npy : 2.07617
 idx : 2634 sim : 0 npy : 9.64844
 idx : 2636 sim : 0 npy : 4.12109
 idx : 2637 sim : 0 npy : 21.125
 idx : 2638 sim : 0 npy : -42.8438
 idx : 2639 sim : 0 npy : 5.52344
 idx : 2640 sim : 0 npy : 13.9922
 idx : 2641 sim : 0 npy : -60.0938
 idx : 2642 sim : 0 npy : 42.1875
 idx : 2643 sim : 0 npy : 8.32031
 idx : 2644 sim : 0 npy : -38.9375
 idx : 2645 sim : 0 npy : 46.75
 idx : 2646 sim : 0 npy : 4.02344
 idx : 2647 sim : 0 npy : -67.0625
 idx : 2648 sim : 0 npy : 5.80078
 idx : 2649 sim : 0 npy : 58.0938
 idx : 2650 sim : 0 npy : 29.1875
 idx : 2651 sim : 0 npy : 7.0625
 idx : 2652 sim : 0 npy : -11.4609
 idx : 2653 sim : 0 npy : -39.5938
 idx : 2654 sim : 0 npy : 4.8125
 idx : 2655 sim : 0 npy : -14.0391
 idx : 2656 sim : 0 npy : 32.2188
 idx : 2657 sim : 0 npy : 53.4062
 idx : 2658 sim : 0 npy : -24.2969
 idx : 2659 sim : 0 npy : -11.0625
 idx : 2660 sim : 0 npy : 33.1875
 idx : 2661 sim : 0 npy : 47.4375
 idx : 2662 sim : 0 npy : -31.375
 idx : 2663 sim : 0 npy : 18.5312
 idx : 2664 sim : 0 npy : -8.90625
 idx : 2665 sim : 0 npy : 6.47656
 idx : 2666 sim : 0 npy : 11.0469
 idx : 2667 sim : 0 npy : 7.83203
 idx : 2668 sim : 0 npy : 21.9531
 idx : 2669 sim : 0 npy : -39.4688
 idx : 2670 sim : 0 npy : 8.24219
 idx : 2671 sim : 0 npy : 42.125
 idx : 2672 sim : 0 npy : 11.8594
 idx : 2673 sim : 0 npy : -6.17188
 idx : 2674 sim : 0 npy : -17.6719
 idx : 2675 sim : 0 npy : 2.80078
 idx : 2676 sim : 0 npy : -16.5312
 idx : 2677 sim : 0 npy : -6.19141
 idx : 2678 sim : 0 npy : 28.6406
 idx : 2679 sim : 0 npy : 30.3125
 idx : 2680 sim : 0 npy : 7.46094
 idx : 2681 sim : 0 npy : 5.08984
 idx : 2682 sim : 0 npy : -40.8125
 idx : 2683 sim : 0 npy : -82.875
 idx : 2684 sim : 0 npy : -37.625
 idx : 2685 sim : 0 npy : -50.4062
 idx : 2686 sim : 0 npy : -16.7188
 idx : 2687 sim : 0 npy : -16.5312
 idx : 2688 sim : 0 npy : 17.0625
 idx : 2689 sim : 0 npy : 42.125
 idx : 2690 sim : 0 npy : -9.22656
 idx : 2691 sim : 0 npy : -25.9531
 idx : 2692 sim : 0 npy : -39.3438
 idx : 2693 sim : 0 npy : -1.46484
 idx : 2694 sim : 0 npy : 30.8125
 idx : 2695 sim : 0 npy : -20.3906
 idx : 2696 sim : 0 npy : 33.0625
 idx : 2697 sim : 0 npy : -47.5625
 idx : 2698 sim : 0 npy : 37.6875
 idx : 2699 sim : 0 npy : -12.5703
 idx : 2700 sim : 0 npy : 49.3438
 idx : 2701 sim : 0 npy : -36.2188
 idx : 2702 sim : 0 npy : 31.0781
 idx : 2703 sim : 0 npy : 53.6562
 idx : 2704 sim : 0 npy : 34.1562
 idx : 2705 sim : 0 npy : 23.1562
 idx : 2706 sim : 0 npy : -54.2812
 idx : 2707 sim : 0 npy : -1.25684
 idx : 2708 sim : 0 npy : -62.125
 idx : 2709 sim : 0 npy : 33.3125
 idx : 2711 sim : 0 npy : 4.33984
 idx : 2712 sim : 0 npy : 37.1875
 idx : 2713 sim : 0 npy : -22.2344
 idx : 2714 sim : 0 npy : -7.93359
 idx : 2715 sim : 0 npy : 22.6094
 idx : 2716 sim : 0 npy : -5.10547
 idx : 2717 sim : 0 npy : 39.1875
 idx : 2718 sim : 0 npy : 73.4375
 idx : 2719 sim : 0 npy : 6.40625
 idx : 2720 sim : 0 npy : -11.2344
 idx : 2721 sim : 0 npy : -28.4219
 idx : 2722 sim : 0 npy : -10.1172
 idx : 2723 sim : 0 npy : -8.32031
 idx : 2724 sim : 0 npy : -12.7344
 idx : 2725 sim : 0 npy : -32.625
 idx : 2726 sim : 0 npy : -24.1406
 idx : 2727 sim : 0 npy : 53
 idx : 2728 sim : 0 npy : 28.3906
 idx : 2729 sim : 0 npy : 28.9531
 idx : 2730 sim : 0 npy : 17.4688
 idx : 2731 sim : 0 npy : -14.0859
 idx : 2732 sim : 0 npy : -22.5781
 idx : 2733 sim : 0 npy : -36.0938
 idx : 2734 sim : 0 npy : -41.5312
 idx : 2735 sim : 0 npy : 20.0625
 idx : 2736 sim : 0 npy : -6.62109
 idx : 2737 sim : 0 npy : 62
 idx : 2738 sim : 0 npy : -4.69531
 idx : 2739 sim : 0 npy : 30.9219
 idx : 2740 sim : 0 npy : -1.99316
 idx : 2741 sim : 0 npy : -14.3906
 idx : 2742 sim : 0 npy : 71.875
 idx : 2743 sim : 0 npy : 5.10156
 idx : 2744 sim : 0 npy : -28.7188
 idx : 2745 sim : 0 npy : -22.4531
 idx : 2746 sim : 0 npy : -2.82031
 idx : 2747 sim : 0 npy : 15.3594
 idx : 2748 sim : 0 npy : 20.4375
 idx : 2749 sim : 0 npy : 0.935059
 idx : 2750 sim : 0 npy : -38.375
 idx : 2751 sim : 0 npy : -13.8828
 idx : 2752 sim : 0 npy : -48.1875
 idx : 2753 sim : 0 npy : 11.8906
 idx : 2754 sim : 0 npy : -4.82031
 idx : 2755 sim : 0 npy : -32.1875
 idx : 2756 sim : 0 npy : -56.9375
 idx : 2757 sim : 0 npy : -36.4375
 idx : 2758 sim : 0 npy : -17.4844
 idx : 2759 sim : 0 npy : 27.5938
 idx : 2760 sim : 0 npy : 21.5469
 idx : 2761 sim : 0 npy : -7.63672
 idx : 2762 sim : 0 npy : -1.46875
 idx : 2763 sim : 0 npy : -7.32422
 idx : 2764 sim : 0 npy : -21.5156
 idx : 2765 sim : 0 npy : -11.1016
 idx : 2766 sim : 0 npy : -31.1406
 idx : 2767 sim : 0 npy : -33.5625
 idx : 2768 sim : 0 npy : -61.4375
 idx : 2769 sim : 0 npy : 1.81641
 idx : 2770 sim : 0 npy : 8.78125
 idx : 2771 sim : 0 npy : 4.33203
 idx : 2772 sim : 0 npy : -12.4844
 idx : 2773 sim : 0 npy : -13.5312
 idx : 2774 sim : 0 npy : -7.1875
 idx : 2775 sim : 0 npy : -7.08984
 idx : 2776 sim : 0 npy : 10.3281
 idx : 2777 sim : 0 npy : -1.66895
 idx : 2778 sim : 0 npy : -21.8906
 idx : 2779 sim : 0 npy : -67.8125
 idx : 2780 sim : 0 npy : -23.9844
 idx : 2781 sim : 0 npy : 3.79688
 idx : 2782 sim : 0 npy : -6.56641
 idx : 2783 sim : 0 npy : -27.2656
 idx : 2784 sim : 0 npy : 29.8125
 idx : 2785 sim : 0 npy : -16.6094
 idx : 2786 sim : 0 npy : 16.1875
 idx : 2787 sim : 0 npy : -3.60547
 idx : 2788 sim : 0 npy : -19.0312
 idx : 2789 sim : 0 npy : -86.375
 idx : 2790 sim : 0 npy : 49.8125
 idx : 2791 sim : 0 npy : 15.6328
 idx : 2792 sim : 0 npy : 35.5
 idx : 2793 sim : 0 npy : 8.92969
 idx : 2794 sim : 0 npy : 6.00781
 idx : 2795 sim : 0 npy : 48.5312
 idx : 2796 sim : 0 npy : 81.1875
 idx : 2797 sim : 0 npy : -36.0312
 idx : 2798 sim : 0 npy : -1.7793
 idx : 2799 sim : 0 npy : 11.3047
 idx : 2800 sim : 0 npy : 71.5625
 idx : 2801 sim : 0 npy : -20.6875
 idx : 2802 sim : 0 npy : -1.68457
 idx : 2803 sim : 0 npy : -40.8438
 idx : 2804 sim : 0 npy : -2.57812
 idx : 2805 sim : 0 npy : 19
 idx : 2806 sim : 0 npy : -37.0312
 idx : 2807 sim : 0 npy : -19.2969
 idx : 2808 sim : 0 npy : -27.2031
 idx : 2809 sim : 0 npy : -36.2812
 idx : 2810 sim : 0 npy : -20.8281
 idx : 2811 sim : 0 npy : 13.1172
 idx : 2812 sim : 0 npy : 19.8281
 idx : 2813 sim : 0 npy : -27.3125
 idx : 2814 sim : 0 npy : -8.375
 idx : 2815 sim : 0 npy : -4.28125
 idx : 2816 sim : 0 npy : 31.625
 idx : 2817 sim : 0 npy : 10.7344
 idx : 2818 sim : 0 npy : 19.7031
 idx : 2819 sim : 0 npy : -17.0938
 idx : 2820 sim : 0 npy : -52.3125
 idx : 2821 sim : 0 npy : 9.03125
 idx : 2822 sim : 0 npy : 3.49805
 idx : 2823 sim : 0 npy : -25.2031
 idx : 2824 sim : 0 npy : -1.62109
 idx : 2825 sim : 0 npy : 17.2031
 idx : 2826 sim : 0 npy : -55.0938
 idx : 2827 sim : 0 npy : -36.6875
 idx : 2828 sim : 0 npy : -35.3125
 idx : 2829 sim : 0 npy : -15.8047
 idx : 2830 sim : 0 npy : -75.8125
 idx : 2831 sim : 0 npy : 1.21875
 idx : 2832 sim : 0 npy : -74.1875
 idx : 2833 sim : 0 npy : -9.34375
 idx : 2834 sim : 0 npy : -26.2188
 idx : 2835 sim : 0 npy : -10.9844
 idx : 2836 sim : 0 npy : -43.9375
 idx : 2837 sim : 0 npy : -7.52344
 idx : 2838 sim : 0 npy : 19.7031
 idx : 2839 sim : 0 npy : 37.7812
 idx : 2840 sim : 0 npy : -14.3828
 idx : 2841 sim : 0 npy : -24.5156
 idx : 2842 sim : 0 npy : 24.4062
 idx : 2843 sim : 0 npy : 33.125
 idx : 2844 sim : 0 npy : -18.1719
 idx : 2845 sim : 0 npy : 26.0156
 idx : 2846 sim : 0 npy : -30.5469
 idx : 2847 sim : 0 npy : -36.1562
 idx : 2848 sim : 0 npy : -2.80273
 idx : 2849 sim : 0 npy : -14.1094
 idx : 2850 sim : 0 npy : 20.2188
 idx : 2851 sim : 0 npy : -35.8125
 idx : 2852 sim : 0 npy : 20.6719
 idx : 2853 sim : 0 npy : 53.6875
 idx : 2854 sim : 0 npy : 19.0781
 idx : 2855 sim : 0 npy : -16.8438
 idx : 2856 sim : 0 npy : -13.2031
 idx : 2857 sim : 0 npy : 19.0781
 idx : 2858 sim : 0 npy : -22.6562
 idx : 2859 sim : 0 npy : -54.2188
 idx : 2860 sim : 0 npy : -5.99219
 idx : 2861 sim : 0 npy : 26.0312
 idx : 2862 sim : 0 npy : -57.9375
 idx : 2863 sim : 0 npy : -18.1406
 idx : 2864 sim : 0 npy : -5.91016
 idx : 2865 sim : 0 npy : 38.0938
 idx : 2866 sim : 0 npy : 66.9375
 idx : 2867 sim : 0 npy : 34.8438
 idx : 2868 sim : 0 npy : 45.9688
 idx : 2869 sim : 0 npy : -15.5078
 idx : 2870 sim : 0 npy : 9.44531
 idx : 2871 sim : 0 npy : 33.4375
 idx : 2872 sim : 0 npy : -51.125
 idx : 2873 sim : 0 npy : -17.9219
 idx : 2874 sim : 0 npy : 8.42188
 idx : 2875 sim : 0 npy : -12.5156
 idx : 2876 sim : 0 npy : 31.9688
 idx : 2877 sim : 0 npy : 36.9375
 idx : 2878 sim : 0 npy : -58.875
 idx : 2879 sim : 0 npy : -52.4688
 idx : 2880 sim : 0 npy : 10.1875
 idx : 2881 sim : 0 npy : -51.8438
 idx : 2882 sim : 0 npy : 12.0625
 idx : 2883 sim : 0 npy : -19.2344
 idx : 2884 sim : 0 npy : -14.5703
 idx : 2885 sim : 0 npy : -13.2656
 idx : 2887 sim : 0 npy : -56.0312
 idx : 2888 sim : 0 npy : 27.4688
 idx : 2890 sim : 0 npy : -3.30859
 idx : 2891 sim : 0 npy : -4.00781
 idx : 2892 sim : 0 npy : -35.8125
 idx : 2893 sim : 0 npy : -12.0938
 idx : 2894 sim : 0 npy : 22.8594
 idx : 2895 sim : 0 npy : -11.6484
 idx : 2896 sim : 0 npy : -9.10938
 idx : 2897 sim : 0 npy : 23.8281
 idx : 2898 sim : 0 npy : 2.10352
 idx : 2899 sim : 0 npy : -1.16309
 idx : 2900 sim : 0 npy : -8.55469
 idx : 2901 sim : 0 npy : -28.7969
 idx : 2902 sim : 0 npy : -9.14844
 idx : 2903 sim : 0 npy : 7.79297
 idx : 2904 sim : 0 npy : -49.75
 idx : 2905 sim : 0 npy : 23.4531
 idx : 2906 sim : 0 npy : -24.0312
 idx : 2907 sim : 0 npy : 1.82227
 idx : 2908 sim : 0 npy : -9.99219
 idx : 2909 sim : 0 npy : -8.07031
 idx : 2910 sim : 0 npy : 21.4531
 idx : 2911 sim : 0 npy : -63.7812
 idx : 2912 sim : 0 npy : 9.5
 idx : 2913 sim : 0 npy : 32.6875
 idx : 2914 sim : 0 npy : -26.8906
 idx : 2915 sim : 0 npy : -46.4688
 idx : 2916 sim : 0 npy : -44.1562
 idx : 2917 sim : 0 npy : -94.5
 idx : 2918 sim : 0 npy : 20.9375
 idx : 2919 sim : 0 npy : 12.5625
 idx : 2920 sim : 0 npy : -3.5918
 idx : 2921 sim : 0 npy : -10.1953
 idx : 2922 sim : 0 npy : 30.5469
 idx : 2923 sim : 0 npy : 10.3906
 idx : 2924 sim : 0 npy : -30.8594
 idx : 2925 sim : 0 npy : 6.55078
 idx : 2926 sim : 0 npy : 33.7812
 idx : 2927 sim : 0 npy : -6.87109
 idx : 2928 sim : 0 npy : 21.1406
 idx : 2929 sim : 0 npy : 24.7188
 idx : 2930 sim : 0 npy : 18.0312
 idx : 2931 sim : 0 npy : 43.3125
 idx : 2932 sim : 0 npy : -20.4688
 idx : 2933 sim : 0 npy : 11.0234
 idx : 2934 sim : 0 npy : 23
 idx : 2935 sim : 0 npy : -9.10938
 idx : 2936 sim : 0 npy : -7.61719
 idx : 2937 sim : 0 npy : -36.6562
 idx : 2938 sim : 0 npy : 53.0625
 idx : 2939 sim : 0 npy : 7.01953
 idx : 2940 sim : 0 npy : -18.8906
 idx : 2941 sim : 0 npy : 13.2422
 idx : 2942 sim : 0 npy : -9.86719
 idx : 2943 sim : 0 npy : 23.7969
 idx : 2944 sim : 0 npy : -27.9062
 idx : 2945 sim : 0 npy : -60.5938
 idx : 2946 sim : 0 npy : 5.12109
 idx : 2947 sim : 0 npy : -1.12402
 idx : 2948 sim : 0 npy : 8.38281
 idx : 2949 sim : 0 npy : -25.2188
 idx : 2950 sim : 0 npy : 9.14062
 idx : 2951 sim : 0 npy : -36.8125
 idx : 2952 sim : 0 npy : -18.4375
 idx : 2953 sim : 0 npy : -7.96094
 idx : 2954 sim : 0 npy : 24.6562
 idx : 2955 sim : 0 npy : -16.4531
 idx : 2956 sim : 0 npy : -30.0781
 idx : 2957 sim : 0 npy : 14.1094
 idx : 2958 sim : 0 npy : 42.125
 idx : 2959 sim : 0 npy : 29.4219
 idx : 2960 sim : 0 npy : 41.5938
 idx : 2961 sim : 0 npy : -17.7969
 idx : 2962 sim : 0 npy : -35.3125
 idx : 2963 sim : 0 npy : -2.66797
 idx : 2964 sim : 0 npy : 56.0938
 idx : 2965 sim : 0 npy : 3.32617
 idx : 2967 sim : 0 npy : 27.1562
 idx : 2969 sim : 0 npy : -50.3125
 idx : 2970 sim : 0 npy : 12.7266
 idx : 2971 sim : 0 npy : 16.2656
 idx : 2972 sim : 0 npy : -31.375
 idx : 2973 sim : 0 npy : 57.8125
 idx : 2974 sim : 0 npy : -43.5312
 idx : 2975 sim : 0 npy : 5.28906
 idx : 2976 sim : 0 npy : -19.8438
 idx : 2977 sim : 0 npy : 42.1562
 idx : 2978 sim : 0 npy : 7.83594
 idx : 2979 sim : 0 npy : 20.75
 idx : 2980 sim : 0 npy : 59.5312
 idx : 2981 sim : 0 npy : 28.9688
 idx : 2982 sim : 0 npy : -8.53906
 idx : 2983 sim : 0 npy : -5.51562
 idx : 2984 sim : 0 npy : -24.9219
 idx : 2985 sim : 0 npy : 45.8438
 idx : 2986 sim : 0 npy : 18.2344
 idx : 2987 sim : 0 npy : 39.3125
 idx : 2988 sim : 0 npy : -49.25
 idx : 2989 sim : 0 npy : 54.625
 idx : 2990 sim : 0 npy : 7.27344
 idx : 2991 sim : 0 npy : -74.5
 idx : 2992 sim : 0 npy : -10.9766
 idx : 2993 sim : 0 npy : -4.24609
 idx : 2994 sim : 0 npy : -6.08984
 idx : 2995 sim : 0 npy : -14.9375
 idx : 2996 sim : 0 npy : 8.16406
 idx : 2997 sim : 0 npy : -33.5938
 idx : 2998 sim : 0 npy : 32.8438
 idx : 2999 sim : 0 npy : -15.1953
 idx : 3000 sim : 0 npy : -32.4062
 idx : 3001 sim : 0 npy : 14.9844
 idx : 3002 sim : 0 npy : 40.125
 idx : 3003 sim : 0 npy : -46.9062
 idx : 3004 sim : 0 npy : -29.1094
 idx : 3005 sim : 0 npy : -12.9375
 idx : 3006 sim : 0 npy : 64.9375
 idx : 3007 sim : 0 npy : 3.60938
 idx : 3008 sim : 0 npy : 29.1094
 idx : 3009 sim : 0 npy : 23.7344
 idx : 3010 sim : 0 npy : -34.5625
 idx : 3011 sim : 0 npy : 5.04297
 idx : 3012 sim : 0 npy : -13.7109
 idx : 3013 sim : 0 npy : -25.2031
 idx : 3014 sim : 0 npy : -22.3594
 idx : 3015 sim : 0 npy : -6.42188
 idx : 3016 sim : 0 npy : -2.80273
 idx : 3017 sim : 0 npy : -70.625
 idx : 3018 sim : 0 npy : 1.41016
 idx : 3019 sim : 0 npy : -21.3906
 idx : 3020 sim : 0 npy : -83.25
 idx : 3021 sim : 0 npy : -24.7656
 idx : 3022 sim : 0 npy : 16.6719
 idx : 3023 sim : 0 npy : 6.26172
 idx : 3024 sim : 0 npy : 7.01953
 idx : 3025 sim : 0 npy : 54.9062
 idx : 3026 sim : 0 npy : -40.9062
 idx : 3027 sim : 0 npy : 10.1484
 idx : 3028 sim : 0 npy : 2.55859
 idx : 3029 sim : 0 npy : 4.61719
 idx : 3030 sim : 0 npy : -17.6562
 idx : 3031 sim : 0 npy : 5.05859
 idx : 3032 sim : 0 npy : 28.7969
 idx : 3033 sim : 0 npy : -0.733887
 idx : 3034 sim : 0 npy : -3.63086
 idx : 3035 sim : 0 npy : 12.625
 idx : 3036 sim : 0 npy : -5.14453
 idx : 3037 sim : 0 npy : 27.1875
 idx : 3038 sim : 0 npy : 7.39062
 idx : 3039 sim : 0 npy : -30.125
 idx : 3040 sim : 0 npy : 28.2969
 idx : 3041 sim : 0 npy : 12.25
 idx : 3042 sim : 0 npy : 18.0469
 idx : 3043 sim : 0 npy : -18.7344
 idx : 3044 sim : 0 npy : -19.9844
 idx : 3045 sim : 0 npy : 36.4062
 idx : 3046 sim : 0 npy : 10.4688
 idx : 3047 sim : 0 npy : 29.375
 idx : 3048 sim : 0 npy : 25.4844
 idx : 3049 sim : 0 npy : -25.8906
 idx : 3050 sim : 0 npy : -7.19531
 idx : 3051 sim : 0 npy : -21.8125
 idx : 3052 sim : 0 npy : 5.85156
 idx : 3053 sim : 0 npy : -44.6562
 idx : 3054 sim : 0 npy : 48.9375
 idx : 3055 sim : 0 npy : -29.875
 idx : 3056 sim : 0 npy : 8.03906
 idx : 3057 sim : 0 npy : -2.45703
 idx : 3058 sim : 0 npy : 1.64551
 idx : 3059 sim : 0 npy : -54.8125
 idx : 3060 sim : 0 npy : 8.25
 idx : 3062 sim : 0 npy : 29.9844
 idx : 3063 sim : 0 npy : -29.4375
 idx : 3064 sim : 0 npy : 34.375
 idx : 3065 sim : 0 npy : 14.2656
 idx : 3066 sim : 0 npy : -31.125
 idx : 3067 sim : 0 npy : -13.1875
 idx : 3068 sim : 0 npy : -15.7969
 idx : 3069 sim : 0 npy : -9.72656
 idx : 3070 sim : 0 npy : 2.0293
 idx : 3071 sim : 0 npy : -2.93164
 idx : 3072 sim : 0 npy : 16.7188
 idx : 3073 sim : 0 npy : 4.10938
 idx : 3074 sim : 0 npy : -6.28516
 idx : 3075 sim : 0 npy : 33.3125
 idx : 3076 sim : 0 npy : -39.6562
 idx : 3077 sim : 0 npy : -43.3438
 idx : 3078 sim : 0 npy : 56.5
 idx : 3079 sim : 0 npy : 11.2422
 idx : 3080 sim : 0 npy : -8.39062
 idx : 3081 sim : 0 npy : 29.9375
 idx : 3082 sim : 0 npy : 88.9375
 idx : 3083 sim : 0 npy : -36.0625
 idx : 3084 sim : 0 npy : -24.8281
 idx : 3085 sim : 0 npy : -21.5625
 idx : 3086 sim : 0 npy : 21.8594
 idx : 3087 sim : 0 npy : 27.9375
 idx : 3088 sim : 0 npy : 3.69141
 idx : 3089 sim : 0 npy : -9.1875
 idx : 3090 sim : 0 npy : 18.7344
 idx : 3091 sim : 0 npy : 25.8125
 idx : 3092 sim : 0 npy : 8.54688
 idx : 3093 sim : 0 npy : 33.8438
 idx : 3095 sim : 0 npy : -40.5312
 idx : 3096 sim : 0 npy : -25.4688
 idx : 3097 sim : 0 npy : -24.3594
 idx : 3098 sim : 0 npy : -14.0703
 idx : 3099 sim : 0 npy : 73.875
 idx : 3100 sim : 0 npy : 12.8438
 idx : 3101 sim : 0 npy : -1.61523
 idx : 3102 sim : 0 npy : 10.1875
 idx : 3103 sim : 0 npy : -30.125
 idx : 3104 sim : 0 npy : -10.2891
 idx : 3105 sim : 0 npy : -2.53125
 idx : 3106 sim : 0 npy : 30.5938
 idx : 3107 sim : 0 npy : 37.1875
 idx : 3108 sim : 0 npy : -12.1797
 idx : 3109 sim : 0 npy : -12.7969
 idx : 3110 sim : 0 npy : -10.7969
 idx : 3111 sim : 0 npy : 25.8906
 idx : 3112 sim : 0 npy : -26.7344
 idx : 3113 sim : 0 npy : 10.8672
 idx : 3114 sim : 0 npy : -14.8516
 idx : 3115 sim : 0 npy : -15.7422
 idx : 3116 sim : 0 npy : 18.9688
 idx : 3117 sim : 0 npy : -18.1406
 idx : 3118 sim : 0 npy : -59.5938
 idx : 3119 sim : 0 npy : -32.2812
 idx : 3120 sim : 0 npy : -38
 idx : 3121 sim : 0 npy : 21.0938
 idx : 3122 sim : 0 npy : 16.0625
 idx : 3123 sim : 0 npy : 3.50195
 idx : 3124 sim : 0 npy : 37.9062
 idx : 3125 sim : 0 npy : -42.625
 idx : 3126 sim : 0 npy : -32.5
 idx : 3127 sim : 0 npy : -17.2344
 idx : 3128 sim : 0 npy : 18.7344
 idx : 3129 sim : 0 npy : 19.9688
 idx : 3130 sim : 0 npy : -20.7031
 idx : 3131 sim : 0 npy : 32.3125
 idx : 3132 sim : 0 npy : -16.9531
 idx : 3133 sim : 0 npy : -18.5312
 idx : 3134 sim : 0 npy : -11.2734
 idx : 3135 sim : 0 npy : 26.3438
 idx : 3136 sim : 0 npy : -47.6875
 idx : 3137 sim : 0 npy : 7.10156
 idx : 3138 sim : 0 npy : 24.0625
 idx : 3139 sim : 0 npy : -25.0312
 idx : 3140 sim : 0 npy : 25.6875
 idx : 3141 sim : 0 npy : 45.6875
 idx : 3142 sim : 0 npy : 28.4062
 idx : 3143 sim : 0 npy : 55.0312
 idx : 3144 sim : 0 npy : 44.0312
 idx : 3145 sim : 0 npy : -4.22656
 idx : 3146 sim : 0 npy : -1.52344
 idx : 3147 sim : 0 npy : 79.9375
 idx : 3148 sim : 0 npy : 38.6875
 idx : 3149 sim : 0 npy : 44.5312
 idx : 3150 sim : 0 npy : 12.625
 idx : 3151 sim : 0 npy : 12.8047
 idx : 3152 sim : 0 npy : -13.7266
 idx : 3153 sim : 0 npy : -30.375
 idx : 3154 sim : 0 npy : -2.34375
 idx : 3155 sim : 0 npy : -10.5781
 idx : 3156 sim : 0 npy : -7.45703
 idx : 3157 sim : 0 npy : -2.50586
 idx : 3158 sim : 0 npy : 7.31641
 idx : 3159 sim : 0 npy : -20.875
 idx : 3160 sim : 0 npy : -24.3438
 idx : 3161 sim : 0 npy : 10.2422
 idx : 3162 sim : 0 npy : -7.03906
 idx : 3163 sim : 0 npy : 22.4375
 idx : 3164 sim : 0 npy : 33.8125
 idx : 3165 sim : 0 npy : -13.0547
 idx : 3166 sim : 0 npy : 3.28125
 idx : 3167 sim : 0 npy : -27
 idx : 3168 sim : 0 npy : 85.1875
 idx : 3169 sim : 0 npy : 1.12988
 idx : 3170 sim : 0 npy : 51.8438
 idx : 3171 sim : 0 npy : 2.09961
 idx : 3172 sim : 0 npy : -40.6562
 idx : 3173 sim : 0 npy : 5.74219
 idx : 3174 sim : 0 npy : -13.5312
 idx : 3175 sim : 0 npy : 19.9062
 idx : 3176 sim : 0 npy : 71.4375
 idx : 3177 sim : 0 npy : -2.56641
 idx : 3178 sim : 0 npy : -35.75
 idx : 3179 sim : 0 npy : -13.1328
 idx : 3180 sim : 0 npy : 1.52734
 idx : 3181 sim : 0 npy : -4.80859
 idx : 3182 sim : 0 npy : -5.19141
 idx : 3183 sim : 0 npy : 18.1719
 idx : 3184 sim : 0 npy : -76.5625
 idx : 3185 sim : 0 npy : 14.2031
 idx : 3186 sim : 0 npy : 22.25
 idx : 3187 sim : 0 npy : 21.3906
 idx : 3188 sim : 0 npy : -7.30469
 idx : 3189 sim : 0 npy : 20.1562
 idx : 3190 sim : 0 npy : -18.6875
 idx : 3191 sim : 0 npy : -24.0625
 idx : 3192 sim : 0 npy : -54.9375
 idx : 3193 sim : 0 npy : 31.6875
 idx : 3194 sim : 0 npy : -30.125
 idx : 3195 sim : 0 npy : -57.4688
 idx : 3196 sim : 0 npy : -22.0625
 idx : 3197 sim : 0 npy : -21.625
 idx : 3198 sim : 0 npy : -20.75
 idx : 3199 sim : 0 npy : -77.75
 idx : 3200 sim : 0 npy : 21.9375
 idx : 3201 sim : 0 npy : 16.9219
 idx : 3202 sim : 0 npy : -6.25391
 idx : 3203 sim : 0 npy : -17.75
 idx : 3204 sim : 0 npy : -9.46875
 idx : 3205 sim : 0 npy : 29.2031
 idx : 3206 sim : 0 npy : -8.05469
 idx : 3207 sim : 0 npy : -3.65625
 idx : 3208 sim : 0 npy : 12.8359
 idx : 3209 sim : 0 npy : -60.1562
 idx : 3210 sim : 0 npy : -36.7812
 idx : 3211 sim : 0 npy : 18.7188
 idx : 3212 sim : 0 npy : -8.61719
 idx : 3213 sim : 0 npy : 9.79688
 idx : 3214 sim : 0 npy : -24.7812
 idx : 3215 sim : 0 npy : -25.5312
 idx : 3216 sim : 0 npy : 7.63281
 idx : 3217 sim : 0 npy : -30.5156
 idx : 3218 sim : 0 npy : 15.625
 idx : 3219 sim : 0 npy : -23.1719
 idx : 3220 sim : 0 npy : 21.3125
 idx : 3221 sim : 0 npy : 21.1406
 idx : 3222 sim : 0 npy : -34.125
 idx : 3223 sim : 0 npy : -29
 idx : 3224 sim : 0 npy : -35.5938
 idx : 3225 sim : 0 npy : -4.53125
 idx : 3226 sim : 0 npy : -37.4375
 idx : 3227 sim : 0 npy : -36.6875
 idx : 3228 sim : 0 npy : -53.4375
 idx : 3229 sim : 0 npy : -48.4688
 idx : 3230 sim : 0 npy : 7.69531
 idx : 3231 sim : 0 npy : -28.25
 idx : 3232 sim : 0 npy : 32.625
 idx : 3234 sim : 0 npy : 9.84375
 idx : 3235 sim : 0 npy : 72.8125
 idx : 3236 sim : 0 npy : -10.6484
 idx : 3237 sim : 0 npy : -90.4375
 idx : 3238 sim : 0 npy : -29.8125
 idx : 3239 sim : 0 npy : 13.3203
 idx : 3240 sim : 0 npy : -4.03125
 idx : 3241 sim : 0 npy : -73.5
 idx : 3242 sim : 0 npy : 16.8594
 idx : 3243 sim : 0 npy : -25.0312
 idx : 3244 sim : 0 npy : -42.0312
 idx : 3245 sim : 0 npy : -15.7031
 idx : 3246 sim : 0 npy : 14.8672
 idx : 3247 sim : 0 npy : -94.4375
 idx : 3248 sim : 0 npy : -26.75
 idx : 3249 sim : 0 npy : -14.7031
 idx : 3250 sim : 0 npy : -29.1094
 idx : 3251 sim : 0 npy : -31.8594
 idx : 3252 sim : 0 npy : -40.2188
 idx : 3253 sim : 0 npy : 41.4688
 idx : 3254 sim : 0 npy : 23.1875
 idx : 3255 sim : 0 npy : -22.5938
 idx : 3256 sim : 0 npy : -13.5078
 idx : 3257 sim : 0 npy : 17.5625
 idx : 3258 sim : 0 npy : 67
 idx : 3259 sim : 0 npy : -49.9375
 idx : 3260 sim : 0 npy : 17.0469
 idx : 3261 sim : 0 npy : -21.5938
 idx : 3262 sim : 0 npy : 8.91406
 idx : 3263 sim : 0 npy : 17.8125
 idx : 3264 sim : 0 npy : -18.25
 idx : 3265 sim : 0 npy : -48.6875
 idx : 3266 sim : 0 npy : 32.2812
 idx : 3267 sim : 0 npy : -8.71875
 idx : 3268 sim : 0 npy : 15.0625
 idx : 3269 sim : 0 npy : -33.375
 idx : 3270 sim : 0 npy : 35.1562
 idx : 3271 sim : 0 npy : -1.35449
 idx : 3272 sim : 0 npy : 22.7969
 idx : 3273 sim : 0 npy : 20.3438
 idx : 3274 sim : 0 npy : 8.11719
 idx : 3275 sim : 0 npy : 41.2812
 idx : 3276 sim : 0 npy : -47.5625
 idx : 3277 sim : 0 npy : 4.26953
 idx : 3278 sim : 0 npy : -34.5625
 idx : 3279 sim : 0 npy : 13.7734
 idx : 3280 sim : 0 npy : -2.51953
 idx : 3281 sim : 0 npy : 17.4219
 idx : 3282 sim : 0 npy : -9.92969
 idx : 3283 sim : 0 npy : 43.8438
 idx : 3284 sim : 0 npy : -19.1562
 idx : 3285 sim : 0 npy : 90.5625
 idx : 3286 sim : 0 npy : -8.78125
 idx : 3287 sim : 0 npy : 3.90625
 idx : 3288 sim : 0 npy : -30.9688
 idx : 3289 sim : 0 npy : 18.8125
 idx : 3290 sim : 0 npy : 30.9219
 idx : 3291 sim : 0 npy : 29.0781
 idx : 3292 sim : 0 npy : -16.9531
 idx : 3293 sim : 0 npy : -11.1719
 idx : 3294 sim : 0 npy : -16.5312
 idx : 3295 sim : 0 npy : 40.2188
 idx : 3296 sim : 0 npy : -0.935059
 idx : 3297 sim : 0 npy : 14.7266
 idx : 3298 sim : 0 npy : -2.55078
 idx : 3299 sim : 0 npy : 81.25
 idx : 3300 sim : 0 npy : -7.22266
 idx : 3301 sim : 0 npy : 42.875
 idx : 3302 sim : 0 npy : -12.9844
 idx : 3303 sim : 0 npy : 10.7969
 idx : 3304 sim : 0 npy : 34.6875
 idx : 3305 sim : 0 npy : 35.4688
 idx : 3306 sim : 0 npy : -25.2812
 idx : 3307 sim : 0 npy : 28.3906
 idx : 3308 sim : 0 npy : 57.7812
 idx : 3309 sim : 0 npy : 12.9609
 idx : 3310 sim : 0 npy : 14.0703
 idx : 3311 sim : 0 npy : 21.4531
 idx : 3312 sim : 0 npy : 31.625
 idx : 3313 sim : 0 npy : -24.6562
 idx : 3314 sim : 0 npy : -25.4531
 idx : 3315 sim : 0 npy : 43.0938
 idx : 3316 sim : 0 npy : 8.42969
 idx : 3317 sim : 0 npy : 47.4375
 idx : 3319 sim : 0 npy : -34.125
 idx : 3320 sim : 0 npy : 9.21094
 idx : 3321 sim : 0 npy : -24.8281
 idx : 3322 sim : 0 npy : -16.1719
 idx : 3323 sim : 0 npy : -14.9688
 idx : 3324 sim : 0 npy : 6.87891
 idx : 3325 sim : 0 npy : -31.5156
 idx : 3326 sim : 0 npy : -28.9688
 idx : 3327 sim : 0 npy : 41.4375
 idx : 3328 sim : 0 npy : 18.4688
 idx : 3329 sim : 0 npy : 30.25
 idx : 3330 sim : 0 npy : 12.8672
 idx : 3331 sim : 0 npy : 68.4375
 idx : 3332 sim : 0 npy : -4.59766
 idx : 3333 sim : 0 npy : 13.0234
 idx : 3334 sim : 0 npy : -13.4609
 idx : 3335 sim : 0 npy : 29.3281
 idx : 3337 sim : 0 npy : 22.7812
 idx : 3338 sim : 0 npy : -24.7812
 idx : 3339 sim : 0 npy : -3.4707
 idx : 3340 sim : 0 npy : 7.32812
 idx : 3341 sim : 0 npy : -5.71094
 idx : 3342 sim : 0 npy : -11.0547
 idx : 3343 sim : 0 npy : 48.5312
 idx : 3344 sim : 0 npy : 3.88477
 idx : 3345 sim : 0 npy : 4.11328
 idx : 3346 sim : 0 npy : 37.6875
 idx : 3347 sim : 0 npy : 3.63672
 idx : 3348 sim : 0 npy : 13.9375
 idx : 3349 sim : 0 npy : -57.75
 idx : 3350 sim : 0 npy : 0.959473
 idx : 3351 sim : 0 npy : 13.4688
 idx : 3352 sim : 0 npy : 12.1562
 idx : 3353 sim : 0 npy : -8.35938
 idx : 3354 sim : 0 npy : 13.4141
 idx : 3355 sim : 0 npy : 14.8047
 idx : 3356 sim : 0 npy : 47.2812
 idx : 3357 sim : 0 npy : -64.3125
 idx : 3358 sim : 0 npy : -8.01562
 idx : 3359 sim : 0 npy : -29
 idx : 3360 sim : 0 npy : 2.46875
 idx : 3361 sim : 0 npy : -39.7188
 idx : 3362 sim : 0 npy : 4.08984
 idx : 3363 sim : 0 npy : -9.04688
 idx : 3364 sim : 0 npy : 40.3125
 idx : 3365 sim : 0 npy : -90.375
 idx : 3366 sim : 0 npy : -22.7656
 idx : 3367 sim : 0 npy : -4.16016
 idx : 3368 sim : 0 npy : -1.55957
 idx : 3369 sim : 0 npy : 26.75
 idx : 3370 sim : 0 npy : -1.5791
 idx : 3371 sim : 0 npy : 12.1562
 idx : 3372 sim : 0 npy : 31.6406
 idx : 3373 sim : 0 npy : -36.3125
 idx : 3374 sim : 0 npy : 12.375
 idx : 3375 sim : 0 npy : 36.3125
 idx : 3376 sim : 0 npy : -11.4375
 idx : 3377 sim : 0 npy : -28.625
 idx : 3378 sim : 0 npy : -7.51953
 idx : 3379 sim : 0 npy : 19.4219
 idx : 3380 sim : 0 npy : 36.4688
 idx : 3381 sim : 0 npy : -3.41992
 idx : 3382 sim : 0 npy : 22.2812
 idx : 3383 sim : 0 npy : -62.375
 idx : 3384 sim : 0 npy : 67.3125
 idx : 3385 sim : 0 npy : 12.1875
 idx : 3386 sim : 0 npy : 13.3438
 idx : 3387 sim : 0 npy : 84.125
 idx : 3388 sim : 0 npy : 21.7969
 idx : 3389 sim : 0 npy : -8.26562
 idx : 3390 sim : 0 npy : 21.3125
 idx : 3391 sim : 0 npy : 2.96875
 idx : 3392 sim : 0 npy : -54.8438
 idx : 3393 sim : 0 npy : 5.88281
 idx : 3394 sim : 0 npy : -6.87109
 idx : 3395 sim : 0 npy : 27.8281
 idx : 3396 sim : 0 npy : 29.9062
 idx : 3397 sim : 0 npy : 17.3906
 idx : 3398 sim : 0 npy : 49.9062
 idx : 3399 sim : 0 npy : 19
 idx : 3400 sim : 0 npy : -33.6562
 idx : 3402 sim : 0 npy : 1.52539
 idx : 3403 sim : 0 npy : -53.5938
 idx : 3405 sim : 0 npy : -27.0938
 idx : 3406 sim : 0 npy : 47.6875
 idx : 3407 sim : 0 npy : -10.4062
 idx : 3408 sim : 0 npy : -22.7188
 idx : 3409 sim : 0 npy : 9.88281
 idx : 3410 sim : 0 npy : 3.83594
 idx : 3411 sim : 0 npy : 6.26953
 idx : 3412 sim : 0 npy : -20.0156
 idx : 3413 sim : 0 npy : 24.3906
 idx : 3414 sim : 0 npy : -74.25
 idx : 3415 sim : 0 npy : 56.75
 idx : 3416 sim : 0 npy : 30.7031
 idx : 3417 sim : 0 npy : -37.7812
 idx : 3418 sim : 0 npy : -58.8125
 idx : 3419 sim : 0 npy : -20.7188
 idx : 3420 sim : 0 npy : 33.0625
 idx : 3421 sim : 0 npy : 8.42188
 idx : 3423 sim : 0 npy : -2.86133
 idx : 3424 sim : 0 npy : 20.9219
 idx : 3425 sim : 0 npy : 11.6406
 idx : 3426 sim : 0 npy : -27.5
 idx : 3427 sim : 0 npy : -33.25
 idx : 3428 sim : 0 npy : 75.0625
 idx : 3429 sim : 0 npy : 6.70312
 idx : 3430 sim : 0 npy : -9.04688
 idx : 3431 sim : 0 npy : 31.7344
 idx : 3432 sim : 0 npy : -16
 idx : 3433 sim : 0 npy : 41.5625
 idx : 3434 sim : 0 npy : 7.12109
 idx : 3435 sim : 0 npy : 27.2969
 idx : 3436 sim : 0 npy : 17.4688
 idx : 3437 sim : 0 npy : -8.58594
 idx : 3438 sim : 0 npy : 27.1875
 idx : 3439 sim : 0 npy : -24.4844
 idx : 3440 sim : 0 npy : -79.375
 idx : 3441 sim : 0 npy : -25.2969
 idx : 3442 sim : 0 npy : -20.9844
 idx : 3443 sim : 0 npy : 28.6094
 idx : 3444 sim : 0 npy : 5.64844
 idx : 3445 sim : 0 npy : -7.28516
 idx : 3446 sim : 0 npy : -58.7188
 idx : 3447 sim : 0 npy : 55.625
 idx : 3448 sim : 0 npy : 26.8281
 idx : 3449 sim : 0 npy : 20.7812
 idx : 3450 sim : 0 npy : 25.5
 idx : 3453 sim : 0 npy : -2.23633
 idx : 3454 sim : 0 npy : -38.7812
 idx : 3455 sim : 0 npy : -7.6875
 idx : 3456 sim : 0 npy : -11.3828
 idx : 3457 sim : 0 npy : 13.6328
 idx : 3458 sim : 0 npy : 39.8125
 idx : 3459 sim : 0 npy : 35.9062
 idx : 3460 sim : 0 npy : -11.1094
 idx : 3461 sim : 0 npy : -14.7344
 idx : 3462 sim : 0 npy : -36.875
 idx : 3463 sim : 0 npy : -49.0938
 idx : 3464 sim : 0 npy : 31.3125
 idx : 3465 sim : 0 npy : 6.62109
 idx : 3466 sim : 0 npy : 47.8125
 idx : 3467 sim : 0 npy : -57.9062
 idx : 3468 sim : 0 npy : -24.0938
 idx : 3469 sim : 0 npy : 13.2031
 idx : 3470 sim : 0 npy : -22.4375
 idx : 3471 sim : 0 npy : 3.68945
 idx : 3472 sim : 0 npy : 3.23828
 idx : 3473 sim : 0 npy : -19.1094
 idx : 3474 sim : 0 npy : 18.2344
 idx : 3475 sim : 0 npy : -70.4375
 idx : 3476 sim : 0 npy : 3.47461
 idx : 3477 sim : 0 npy : -16.6562
 idx : 3478 sim : 0 npy : -15.6172
 idx : 3479 sim : 0 npy : -95.25
 idx : 3480 sim : 0 npy : 16.1875
 idx : 3481 sim : 0 npy : -4.69922
 idx : 3482 sim : 0 npy : 2.49805
 idx : 3483 sim : 0 npy : -8.82031
 idx : 3484 sim : 0 npy : -17.8594
 idx : 3485 sim : 0 npy : -7.36719
 idx : 3486 sim : 0 npy : 28.1562
 idx : 3487 sim : 0 npy : -32.8438
 idx : 3488 sim : 0 npy : -20.3438
 idx : 3489 sim : 0 npy : 16.2344
 idx : 3490 sim : 0 npy : 4.28516
 idx : 3491 sim : 0 npy : -1.98535
 idx : 3492 sim : 0 npy : -12.4531
 idx : 3493 sim : 0 npy : 9.46875
 idx : 3494 sim : 0 npy : 17.4375
 idx : 3495 sim : 0 npy : 10.2266
 idx : 3496 sim : 0 npy : 31.7344
 idx : 3497 sim : 0 npy : 11.4531
 idx : 3498 sim : 0 npy : 7.04297
 idx : 3499 sim : 0 npy : -2.93164
 idx : 3500 sim : 0 npy : -19.6406
 idx : 3501 sim : 0 npy : 25.2969
 idx : 3502 sim : 0 npy : 36.9062
 idx : 3503 sim : 0 npy : -6.50781
 idx : 3504 sim : 0 npy : 53.0938
 idx : 3505 sim : 0 npy : -50.2812
 idx : 3506 sim : 0 npy : -3.88086
 idx : 3507 sim : 0 npy : 23.6094
 idx : 3508 sim : 0 npy : -22.9219
 idx : 3509 sim : 0 npy : 29.875
 idx : 3510 sim : 0 npy : 11.8281
 idx : 3511 sim : 0 npy : -21.5
 idx : 3512 sim : 0 npy : -10.3828
 idx : 3513 sim : 0 npy : -28.6094
 idx : 3514 sim : 0 npy : -14.4453
 idx : 3515 sim : 0 npy : 21.3125
 idx : 3516 sim : 0 npy : -11.7656
 idx : 3517 sim : 0 npy : -11.4453
 idx : 3518 sim : 0 npy : -6.69922
 idx : 3519 sim : 0 npy : -81.0625
 idx : 3520 sim : 0 npy : 9.85938
 idx : 3521 sim : 0 npy : -1.4707
 idx : 3522 sim : 0 npy : 29.5156
 idx : 3523 sim : 0 npy : -19.2812
 idx : 3524 sim : 0 npy : -33.7812
 idx : 3525 sim : 0 npy : -58.375
 idx : 3526 sim : 0 npy : -26.5
 idx : 3527 sim : 0 npy : -17.625
 idx : 3528 sim : 0 npy : -14.9062
 idx : 3529 sim : 0 npy : 14.7812
 idx : 3530 sim : 0 npy : -41.5938
 idx : 3531 sim : 0 npy : -7.53516
 idx : 3532 sim : 0 npy : -13.6172
 idx : 3533 sim : 0 npy : 42.0312
 idx : 3534 sim : 0 npy : -7.16406
 idx : 3535 sim : 0 npy : -9.33594
 idx : 3537 sim : 0 npy : 17.1406
 idx : 3538 sim : 0 npy : 14.2031
 idx : 3539 sim : 0 npy : 19.75
 idx : 3540 sim : 0 npy : 30.7656
 idx : 3541 sim : 0 npy : -10.5156
 idx : 3542 sim : 0 npy : 30
 idx : 3543 sim : 0 npy : 8.57812
 idx : 3544 sim : 0 npy : 36.2188
 idx : 3545 sim : 0 npy : 2.58203
 idx : 3546 sim : 0 npy : -63.4062
 idx : 3547 sim : 0 npy : -88.5625
 idx : 3548 sim : 0 npy : 31.3594
 idx : 3549 sim : 0 npy : 41.4062
 idx : 3550 sim : 0 npy : -6.89453
 idx : 3551 sim : 0 npy : -45.0312
 idx : 3552 sim : 0 npy : 25.0469
 idx : 3553 sim : 0 npy : 26
 idx : 3554 sim : 0 npy : -51.875
 idx : 3555 sim : 0 npy : 5.01562
 idx : 3556 sim : 0 npy : -27.625
 idx : 3557 sim : 0 npy : -21.7031
 idx : 3558 sim : 0 npy : -36.4062
 idx : 3559 sim : 0 npy : -3.58789
 idx : 3560 sim : 0 npy : 3
 idx : 3561 sim : 0 npy : 44.9688
 idx : 3562 sim : 0 npy : 27.7656
 idx : 3563 sim : 0 npy : -22.5469
 idx : 3564 sim : 0 npy : 64.3125
 idx : 3565 sim : 0 npy : -14.7734
 idx : 3566 sim : 0 npy : -32.8438
 idx : 3567 sim : 0 npy : 5.16797
 idx : 3568 sim : 0 npy : 1.18652
 idx : 3569 sim : 0 npy : 9.07812
 idx : 3570 sim : 0 npy : 21.9375
 idx : 3571 sim : 0 npy : -5.17188
 idx : 3572 sim : 0 npy : -22.25
 idx : 3573 sim : 0 npy : 11.6875
 idx : 3574 sim : 0 npy : 10.0781
 idx : 3575 sim : 0 npy : -10.3594
 idx : 3576 sim : 0 npy : -28.4531
 idx : 3577 sim : 0 npy : 36.7812
 idx : 3579 sim : 0 npy : -18.6562
 idx : 3580 sim : 0 npy : -46.3125
 idx : 3581 sim : 0 npy : 4.89062
 idx : 3582 sim : 0 npy : 48.7812
 idx : 3583 sim : 0 npy : 1.41113
 idx : 3584 sim : 0 npy : -41.9062
 idx : 3585 sim : 0 npy : -12.8594
 idx : 3586 sim : 0 npy : -9.61719
 idx : 3587 sim : 0 npy : 14.5625
 idx : 3588 sim : 0 npy : 30.2656
 idx : 3589 sim : 0 npy : -16.3125
 idx : 3590 sim : 0 npy : 40.0938
 idx : 3591 sim : 0 npy : 5.87891
 idx : 3592 sim : 0 npy : 19.9062
 idx : 3593 sim : 0 npy : -51.3438
 idx : 3594 sim : 0 npy : -15.5078
 idx : 3595 sim : 0 npy : -25.125
 idx : 3596 sim : 0 npy : -64.75
 idx : 3597 sim : 0 npy : -7.82422
 idx : 3598 sim : 0 npy : -6.5625
 idx : 3599 sim : 0 npy : -1.15527
 idx : 3600 sim : 0 npy : -6.40625
 idx : 3601 sim : 0 npy : 1.1416
 idx : 3602 sim : 0 npy : -7.25781
 idx : 3603 sim : 0 npy : -40.75
 idx : 3604 sim : 0 npy : 27.9062
 idx : 3605 sim : 0 npy : 42.875
 idx : 3606 sim : 0 npy : -8.92969
 idx : 3607 sim : 0 npy : 95.25
 idx : 3608 sim : 0 npy : -19.9531
 idx : 3609 sim : 0 npy : -24.9219
 idx : 3610 sim : 0 npy : 8.46875
 idx : 3611 sim : 0 npy : 25.125
 idx : 3612 sim : 0 npy : 26.6406
 idx : 3613 sim : 0 npy : 41.9688
 idx : 3614 sim : 0 npy : -17.3281
 idx : 3615 sim : 0 npy : -41.375
 idx : 3616 sim : 0 npy : 29.7812
 idx : 3617 sim : 0 npy : -39.375
 idx : 3618 sim : 0 npy : -21.9062
 idx : 3619 sim : 0 npy : -34.25
 idx : 3620 sim : 0 npy : 35.6562
 idx : 3621 sim : 0 npy : 6.82031
 idx : 3622 sim : 0 npy : 7.1875
 idx : 3623 sim : 0 npy : 19.2812
 idx : 3624 sim : 0 npy : -16.0312
 idx : 3625 sim : 0 npy : -3.20117
 idx : 3626 sim : 0 npy : 12.6953
 idx : 3627 sim : 0 npy : -69.625
 idx : 3628 sim : 0 npy : 20.3281
 idx : 3629 sim : 0 npy : -30.0625
 idx : 3630 sim : 0 npy : -22.7344
 idx : 3631 sim : 0 npy : 27.0312
 idx : 3632 sim : 0 npy : -47.4688
 idx : 3633 sim : 0 npy : 1.0332
 idx : 3634 sim : 0 npy : 73.3125
 idx : 3635 sim : 0 npy : -8.22656
 idx : 3636 sim : 0 npy : 29.5469
 idx : 3637 sim : 0 npy : 21.0469
 idx : 3638 sim : 0 npy : 8.33594
 idx : 3639 sim : 0 npy : -7.15625
 idx : 3640 sim : 0 npy : -14.8438
 idx : 3641 sim : 0 npy : -32.75
 idx : 3642 sim : 0 npy : 42.9062
 idx : 3643 sim : 0 npy : 40.8125
 idx : 3644 sim : 0 npy : -17.9062
 idx : 3645 sim : 0 npy : -13.1406
 idx : 3646 sim : 0 npy : 36.5312
 idx : 3647 sim : 0 npy : -37.5
 idx : 3648 sim : 0 npy : 26.6406
 idx : 3649 sim : 0 npy : -25.8438
 idx : 3650 sim : 0 npy : 70.875
 idx : 3651 sim : 0 npy : -23.5625
 idx : 3652 sim : 0 npy : -19.4531
 idx : 3653 sim : 0 npy : 12.125
 idx : 3654 sim : 0 npy : -8.55469
 idx : 3655 sim : 0 npy : 30.9375
 idx : 3656 sim : 0 npy : 36.5
 idx : 3657 sim : 0 npy : -16.0625
 idx : 3658 sim : 0 npy : -5.71875
 idx : 3659 sim : 0 npy : 12.8906
 idx : 3660 sim : 0 npy : 28.1875
 idx : 3661 sim : 0 npy : 14.5859
 idx : 3662 sim : 0 npy : -69
 idx : 3663 sim : 0 npy : 30.3125
 idx : 3664 sim : 0 npy : -7.47266
 idx : 3665 sim : 0 npy : -9.8125
 idx : 3666 sim : 0 npy : -14.0156
 idx : 3667 sim : 0 npy : 11.8828
 idx : 3668 sim : 0 npy : 13.2344
 idx : 3669 sim : 0 npy : -31.9219
 idx : 3670 sim : 0 npy : 36.625
 idx : 3671 sim : 0 npy : 15.125
 idx : 3672 sim : 0 npy : 5.26562
 idx : 3673 sim : 0 npy : -13.4297
 idx : 3674 sim : 0 npy : 7.98828
 idx : 3675 sim : 0 npy : -51.2188
 idx : 3676 sim : 0 npy : 35.1562
 idx : 3677 sim : 0 npy : -19.5
 idx : 3678 sim : 0 npy : -22.5938
 idx : 3679 sim : 0 npy : 21.0312
 idx : 3680 sim : 0 npy : -47.4375
 idx : 3681 sim : 0 npy : -51.4688
 idx : 3682 sim : 0 npy : 16.8125
 idx : 3683 sim : 0 npy : 53.7812
 idx : 3684 sim : 0 npy : 14.4375
 idx : 3685 sim : 0 npy : 23.0625
 idx : 3686 sim : 0 npy : 19.6406
 idx : 3687 sim : 0 npy : -21
 idx : 3688 sim : 0 npy : 12.5859
 idx : 3689 sim : 0 npy : -36.625
 idx : 3690 sim : 0 npy : 25.5156
 idx : 3691 sim : 0 npy : 8.53125
 idx : 3692 sim : 0 npy : -41.6875
 idx : 3693 sim : 0 npy : 6.85547
 idx : 3694 sim : 0 npy : 10.9844
 idx : 3695 sim : 0 npy : 28.4844
 idx : 3696 sim : 0 npy : 30.5156
 idx : 3697 sim : 0 npy : -33.1875
 idx : 3698 sim : 0 npy : 48.625
 idx : 3699 sim : 0 npy : -20.5469
 idx : 3700 sim : 0 npy : 3.90625
 idx : 3701 sim : 0 npy : -48.7812
 idx : 3702 sim : 0 npy : -32.2188
 idx : 3703 sim : 0 npy : -23.1562
 idx : 3704 sim : 0 npy : -14.8828
 idx : 3705 sim : 0 npy : -56.0312
 idx : 3707 sim : 0 npy : -27.8125
 idx : 3708 sim : 0 npy : -2.05469
 idx : 3709 sim : 0 npy : 18.5625
 idx : 3710 sim : 0 npy : 2.96875
 idx : 3711 sim : 0 npy : 6.01172
 idx : 3712 sim : 0 npy : 37.7812
 idx : 3713 sim : 0 npy : 8.86719
 idx : 3714 sim : 0 npy : -68.1875
 idx : 3715 sim : 0 npy : 3.01953
 idx : 3716 sim : 0 npy : -23.4531
 idx : 3717 sim : 0 npy : -3.60938
 idx : 3718 sim : 0 npy : -6.54297
 idx : 3719 sim : 0 npy : -46.2812
 idx : 3720 sim : 0 npy : -9.71875
 idx : 3721 sim : 0 npy : 34.6875
 idx : 3722 sim : 0 npy : 16.3438
 idx : 3723 sim : 0 npy : -10.4375
 idx : 3724 sim : 0 npy : -25.6406
 idx : 3725 sim : 0 npy : -39.2188
 idx : 3726 sim : 0 npy : -60.5625
 idx : 3727 sim : 0 npy : 21.9062
 idx : 3728 sim : 0 npy : -16.6094
 idx : 3729 sim : 0 npy : -23.0781
 idx : 3730 sim : 0 npy : 88.9375
 idx : 3731 sim : 0 npy : -40.5625
 idx : 3732 sim : 0 npy : 11.1406
 idx : 3733 sim : 0 npy : -6.07031
 idx : 3734 sim : 0 npy : 17.0469
 idx : 3735 sim : 0 npy : 21.7969
 idx : 3736 sim : 0 npy : -39.6562
 idx : 3737 sim : 0 npy : -32.7188
 idx : 3738 sim : 0 npy : -39.6875
 idx : 3739 sim : 0 npy : 4.16406
 idx : 3740 sim : 0 npy : -35.2188
 idx : 3741 sim : 0 npy : 37.5625
 idx : 3742 sim : 0 npy : 23.8438
 idx : 3743 sim : 0 npy : 36.625
 idx : 3744 sim : 0 npy : 4.09375
 idx : 3745 sim : 0 npy : 8.91406
 idx : 3746 sim : 0 npy : 81.125
 idx : 3747 sim : 0 npy : -53.1875
 idx : 3748 sim : 0 npy : -48.4375
 idx : 3749 sim : 0 npy : -10.5938
 idx : 3750 sim : 0 npy : 11.9922
 idx : 3751 sim : 0 npy : -43.875
 idx : 3752 sim : 0 npy : 2.46484
 idx : 3753 sim : 0 npy : -4.64062
 idx : 3754 sim : 0 npy : -7.18359
 idx : 3755 sim : 0 npy : 33.4688
 idx : 3756 sim : 0 npy : -23.7188
 idx : 3757 sim : 0 npy : 45.9688
 idx : 3758 sim : 0 npy : -6.86328
 idx : 3759 sim : 0 npy : 28.2188
 idx : 3760 sim : 0 npy : -17.9375
 idx : 3761 sim : 0 npy : 14.9922
 idx : 3762 sim : 0 npy : 25.8594
 idx : 3763 sim : 0 npy : -30.8594
 idx : 3764 sim : 0 npy : 49.75
 idx : 3765 sim : 0 npy : -1.70215
 idx : 3766 sim : 0 npy : -34.3438
 idx : 3767 sim : 0 npy : -8.76562
 idx : 3768 sim : 0 npy : 3.42383
 idx : 3769 sim : 0 npy : 16.6094
 idx : 3770 sim : 0 npy : -2.78516
 idx : 3771 sim : 0 npy : -45.6562
 idx : 3772 sim : 0 npy : -7.23828
 idx : 3773 sim : 0 npy : 46.2188
 idx : 3774 sim : 0 npy : -48.7812
 idx : 3775 sim : 0 npy : -42.875
 idx : 3776 sim : 0 npy : -25.7188
 idx : 3777 sim : 0 npy : -59.4688
 idx : 3778 sim : 0 npy : 30.25
 idx : 3779 sim : 0 npy : 13.5938
 idx : 3780 sim : 0 npy : -5.66016
 idx : 3781 sim : 0 npy : -50.4375
 idx : 3782 sim : 0 npy : 16.4531
 idx : 3783 sim : 0 npy : 8.49219
 idx : 3784 sim : 0 npy : -64.75
 idx : 3785 sim : 0 npy : -31.2812
 idx : 3786 sim : 0 npy : -60.0625
 idx : 3787 sim : 0 npy : 53.7812
 idx : 3788 sim : 0 npy : -19.6719
 idx : 3789 sim : 0 npy : 10.5156
 idx : 3790 sim : 0 npy : 22.5469
 idx : 3791 sim : 0 npy : 42.7812
 idx : 3792 sim : 0 npy : 47.8125
 idx : 3793 sim : 0 npy : 3.74219
 idx : 3794 sim : 0 npy : -35.2188
 idx : 3795 sim : 0 npy : 37.8438
 idx : 3796 sim : 0 npy : 12.3438
 idx : 3797 sim : 0 npy : -41.375
 idx : 3798 sim : 0 npy : 18.7969
 idx : 3799 sim : 0 npy : -21.9219
 idx : 3800 sim : 0 npy : -20.7344
 idx : 3801 sim : 0 npy : -15.2109
 idx : 3803 sim : 0 npy : 48.7188
 idx : 3804 sim : 0 npy : -22.2969
 idx : 3805 sim : 0 npy : -17.4375
 idx : 3806 sim : 0 npy : -48.5625
 idx : 3807 sim : 0 npy : 26.8594
 idx : 3808 sim : 0 npy : -38.875
 idx : 3809 sim : 0 npy : -49.4375
 idx : 3810 sim : 0 npy : -24.6562
 idx : 3811 sim : 0 npy : 14.3828
 idx : 3812 sim : 0 npy : -36.4375
 idx : 3813 sim : 0 npy : 50.9688
 idx : 3814 sim : 0 npy : 11.6406
 idx : 3815 sim : 0 npy : 43.9062
 idx : 3816 sim : 0 npy : -31.4688
 idx : 3817 sim : 0 npy : 31.5312
 idx : 3818 sim : 0 npy : 24.1562
 idx : 3819 sim : 0 npy : 23.6875
 idx : 3820 sim : 0 npy : 12.8047
 idx : 3821 sim : 0 npy : 14.0703
 idx : 3823 sim : 0 npy : 13.6328
 idx : 3824 sim : 0 npy : -3.33398
 idx : 3825 sim : 0 npy : -1.67188
 idx : 3826 sim : 0 npy : 26.875
 idx : 3827 sim : 0 npy : 3.97656
 idx : 3828 sim : 0 npy : -53
 idx : 3829 sim : 0 npy : 50.7188
 idx : 3830 sim : 0 npy : 39.3125
 idx : 3831 sim : 0 npy : 8.17969
 idx : 3832 sim : 0 npy : -52.6875
 idx : 3833 sim : 0 npy : 11.2109
 idx : 3834 sim : 0 npy : 23.2656
 idx : 3835 sim : 0 npy : -5.85547
 idx : 3836 sim : 0 npy : -4.89453
 idx : 3837 sim : 0 npy : 54.9688
 idx : 3838 sim : 0 npy : -29.9531
 idx : 3839 sim : 0 npy : 7.61719
 idx : 3840 sim : 0 npy : 8.74219
 idx : 3841 sim : 0 npy : -21.5
 idx : 3842 sim : 0 npy : -18.6562
 idx : 3843 sim : 0 npy : -19.7031
 idx : 3844 sim : 0 npy : -5.75
 idx : 3845 sim : 0 npy : 2.58594
 idx : 3846 sim : 0 npy : -36.2812
 idx : 3847 sim : 0 npy : 45.9062
 idx : 3848 sim : 0 npy : -14.6484
 idx : 3849 sim : 0 npy : 1.61914
 idx : 3850 sim : 0 npy : 98.4375
 idx : 3851 sim : 0 npy : 20.1875
 idx : 3852 sim : 0 npy : 49.1562
 idx : 3853 sim : 0 npy : -11.1797
 idx : 3854 sim : 0 npy : -8.32812
 idx : 3855 sim : 0 npy : -56.0312
 idx : 3856 sim : 0 npy : -20.2656
 idx : 3857 sim : 0 npy : -18.2188
 idx : 3858 sim : 0 npy : 18.6406
 idx : 3859 sim : 0 npy : 1.67188
 idx : 3860 sim : 0 npy : 9.85156
 idx : 3861 sim : 0 npy : -11.4688
 idx : 3862 sim : 0 npy : -59.5312
 idx : 3863 sim : 0 npy : -11.9297
 idx : 3864 sim : 0 npy : 29.7812
 idx : 3865 sim : 0 npy : 55.6562
 idx : 3866 sim : 0 npy : 6.69531
 idx : 3867 sim : 0 npy : -15.5859
 idx : 3868 sim : 0 npy : 1.9668
 idx : 3869 sim : 0 npy : 4.51562
 idx : 3870 sim : 0 npy : -23.8906
 idx : 3871 sim : 0 npy : 56.0938
 idx : 3872 sim : 0 npy : 55.5312
 idx : 3873 sim : 0 npy : 17.2188
 idx : 3874 sim : 0 npy : 21.7344
 idx : 3875 sim : 0 npy : -12.9844
 idx : 3876 sim : 0 npy : -22.9375
 idx : 3877 sim : 0 npy : 3.89258
 idx : 3878 sim : 0 npy : 42.7812
 idx : 3879 sim : 0 npy : 41.6562
 idx : 3880 sim : 0 npy : -22.3281
 idx : 3881 sim : 0 npy : -13.8594
 idx : 3882 sim : 0 npy : -76.125
 idx : 3883 sim : 0 npy : 15.1562
 idx : 3884 sim : 0 npy : 12.5078
 idx : 3885 sim : 0 npy : 73.125
 idx : 3886 sim : 0 npy : -17.0938
 idx : 3887 sim : 0 npy : 6.75
 idx : 3888 sim : 0 npy : 39.4688
 idx : 3889 sim : 0 npy : 17.75
 idx : 3890 sim : 0 npy : -22.2812
 idx : 3891 sim : 0 npy : -42.7812
 idx : 3892 sim : 0 npy : -2.75195
 idx : 3893 sim : 0 npy : -65
 idx : 3894 sim : 0 npy : -17.1719
 idx : 3895 sim : 0 npy : 10.5703
 idx : 3896 sim : 0 npy : -10.7891
 idx : 3897 sim : 0 npy : -7.38281
 idx : 3898 sim : 0 npy : -36.5625
 idx : 3899 sim : 0 npy : -2.98242
 idx : 3900 sim : 0 npy : -19.5625
 idx : 3901 sim : 0 npy : 73.4375
 idx : 3902 sim : 0 npy : 24.75
 idx : 3903 sim : 0 npy : -3.13477
 idx : 3904 sim : 0 npy : -17.0781
 idx : 3905 sim : 0 npy : -14.9609
 idx : 3906 sim : 0 npy : -11.25
 idx : 3907 sim : 0 npy : -75.875
 idx : 3908 sim : 0 npy : -54.3438
 idx : 3909 sim : 0 npy : 34.6875
 idx : 3910 sim : 0 npy : -19.9844
 idx : 3911 sim : 0 npy : 16.7656
 idx : 3912 sim : 0 npy : -28.3125
 idx : 3913 sim : 0 npy : -62.1562
 idx : 3914 sim : 0 npy : 57.125
 idx : 3915 sim : 0 npy : 37.0938
 idx : 3916 sim : 0 npy : 86.6875
 idx : 3917 sim : 0 npy : -20.625
 idx : 3918 sim : 0 npy : 22.0469
 idx : 3919 sim : 0 npy : -13.4609
 idx : 3920 sim : 0 npy : -30.5469
 idx : 3921 sim : 0 npy : 1.64355
 idx : 3922 sim : 0 npy : 19.2656
 idx : 3923 sim : 0 npy : 13.5469
 idx : 3924 sim : 0 npy : -23.4688
 idx : 3925 sim : 0 npy : 39
 idx : 3926 sim : 0 npy : 15.1562
 idx : 3927 sim : 0 npy : -48.75
 idx : 3928 sim : 0 npy : -1.87305
 idx : 3929 sim : 0 npy : 27.2031
 idx : 3930 sim : 0 npy : 10.1094
 idx : 3931 sim : 0 npy : -26.9531
 idx : 3932 sim : 0 npy : 54.3438
 idx : 3933 sim : 0 npy : -9.5
 idx : 3934 sim : 0 npy : -53.375
 idx : 3935 sim : 0 npy : 62.1562
 idx : 3936 sim : 0 npy : -6.36719
 idx : 3937 sim : 0 npy : 34.5625
 idx : 3938 sim : 0 npy : 1.70898
 idx : 3939 sim : 0 npy : -37.9062
 idx : 3940 sim : 0 npy : -25.625
 idx : 3941 sim : 0 npy : 19.1406
 idx : 3942 sim : 0 npy : 4.12891
 idx : 3943 sim : 0 npy : -7.94531
 idx : 3944 sim : 0 npy : -43.4062
 idx : 3945 sim : 0 npy : -13.1406
 idx : 3946 sim : 0 npy : -20.3438
 idx : 3947 sim : 0 npy : 2.81445
 idx : 3948 sim : 0 npy : 18.2031
 idx : 3949 sim : 0 npy : 15.9609
 idx : 3950 sim : 0 npy : 54.3125
 idx : 3951 sim : 0 npy : -13.7188
 idx : 3952 sim : 0 npy : -17.7969
 idx : 3953 sim : 0 npy : 19.0625
 idx : 3954 sim : 0 npy : -37.4375
 idx : 3955 sim : 0 npy : 16.8281
 idx : 3956 sim : 0 npy : 7.47266
 idx : 3957 sim : 0 npy : -42.5
 idx : 3958 sim : 0 npy : 17.8594
 idx : 3959 sim : 0 npy : -55.125
 idx : 3960 sim : 0 npy : -25.5938
 idx : 3961 sim : 0 npy : 48.9375
 idx : 3962 sim : 0 npy : -18.1562
 idx : 3963 sim : 0 npy : -27.7344
 idx : 3964 sim : 0 npy : -10.375
 idx : 3965 sim : 0 npy : -3.79102
 idx : 3966 sim : 0 npy : -18.9219
 idx : 3967 sim : 0 npy : -10.1094
 idx : 3968 sim : 0 npy : -8.54688
 idx : 3969 sim : 0 npy : -25.75
 idx : 3970 sim : 0 npy : -6.06641
 idx : 3971 sim : 0 npy : -49.4688
 idx : 3972 sim : 0 npy : -61.9062
 idx : 3973 sim : 0 npy : -11.6719
 idx : 3974 sim : 0 npy : 60.2812
 idx : 3975 sim : 0 npy : -24.2656
 idx : 3976 sim : 0 npy : -14.6875
 idx : 3977 sim : 0 npy : -38.2188
 idx : 3978 sim : 0 npy : 15.2734
 idx : 3979 sim : 0 npy : 32
 idx : 3980 sim : 0 npy : 10.9531
 idx : 3981 sim : 0 npy : 16.8594
 idx : 3982 sim : 0 npy : 30.25
 idx : 3983 sim : 0 npy : -13.7891
 idx : 3984 sim : 0 npy : -9.64844
 idx : 3985 sim : 0 npy : -24.4375
 idx : 3986 sim : 0 npy : -61
 idx : 3987 sim : 0 npy : -32.7188
 idx : 3988 sim : 0 npy : -2.20703
 idx : 3989 sim : 0 npy : -25.625
 idx : 3991 sim : 0 npy : 31.375
 idx : 3992 sim : 0 npy : 8.78125
 idx : 3993 sim : 0 npy : -24.1562
 idx : 3995 sim : 0 npy : 17.7656
 idx : 3996 sim : 0 npy : 12.9141
 idx : 3997 sim : 0 npy : 21.1719
 idx : 3998 sim : 0 npy : -21.1719
 idx : 3999 sim : 0 npy : -10.2734
 idx : 4000 sim : 0 npy : -48.5
 idx : 4001 sim : 0 npy : -24
 idx : 4002 sim : 0 npy : -44.1875
 idx : 4003 sim : 0 npy : -54.3438
 idx : 4004 sim : 0 npy : -5.57422
 idx : 4005 sim : 0 npy : 24.8125
 idx : 4006 sim : 0 npy : -15.3672
 idx : 4007 sim : 0 npy : 19.3438
 idx : 4008 sim : 0 npy : 2.23438
 idx : 4009 sim : 0 npy : 31.3906
 idx : 4010 sim : 0 npy : 1.68555
 idx : 4011 sim : 0 npy : -82.8125
 idx : 4012 sim : 0 npy : 15.7031
 idx : 4013 sim : 0 npy : -40.0625
 idx : 4014 sim : 0 npy : 24.5156
 idx : 4015 sim : 0 npy : -0.949707
 idx : 4016 sim : 0 npy : -13.5469
 idx : 4017 sim : 0 npy : -35.5625
 idx : 4018 sim : 0 npy : 12.4844
 idx : 4019 sim : 0 npy : 5.17969
 idx : 4020 sim : 0 npy : 19.2812
 idx : 4022 sim : 0 npy : 25.1406
 idx : 4023 sim : 0 npy : -43.0625
 idx : 4024 sim : 0 npy : -2.85352
 idx : 4025 sim : 0 npy : -12.25
 idx : 4026 sim : 0 npy : -34.3125
 idx : 4027 sim : 0 npy : -34.3125
 idx : 4028 sim : 0 npy : 5.73438
 idx : 4029 sim : 0 npy : -45.2188
 idx : 4030 sim : 0 npy : 29.9688
 idx : 4031 sim : 0 npy : -19.125
 idx : 4032 sim : 0 npy : -29.5625
 idx : 4033 sim : 0 npy : 44.875
 idx : 4034 sim : 0 npy : 12.9688
 idx : 4035 sim : 0 npy : 3.17969
 idx : 4036 sim : 0 npy : 38.5
 idx : 4037 sim : 0 npy : -45.875
 idx : 4038 sim : 0 npy : -33.7812
 idx : 4039 sim : 0 npy : 39.0938
 idx : 4040 sim : 0 npy : 63.5312
 idx : 4041 sim : 0 npy : 23.0781
 idx : 4042 sim : 0 npy : 1.17871
 idx : 4043 sim : 0 npy : 14.0391
 idx : 4044 sim : 0 npy : -4.98828
 idx : 4045 sim : 0 npy : -7.47656
 idx : 4046 sim : 0 npy : 23.3438
 idx : 4047 sim : 0 npy : -39.7188
 idx : 4048 sim : 0 npy : 5.31641
 idx : 4049 sim : 0 npy : -7.87109
 idx : 4050 sim : 0 npy : 37.875
 idx : 4051 sim : 0 npy : -35.7812
 idx : 4052 sim : 0 npy : 39.1875
 idx : 4053 sim : 0 npy : 23.8906
 idx : 4054 sim : 0 npy : -42.9375
 idx : 4055 sim : 0 npy : -7.64844
 idx : 4057 sim : 0 npy : 77.5625
 idx : 4058 sim : 0 npy : -14.1562
 idx : 4059 sim : 0 npy : -40.2812
 idx : 4060 sim : 0 npy : -8.64062
 idx : 4061 sim : 0 npy : -10.2422
 idx : 4062 sim : 0 npy : -33.5
 idx : 4063 sim : 0 npy : 9.63281
 idx : 4064 sim : 0 npy : 2.42578
 idx : 4065 sim : 0 npy : -9.96875
 idx : 4066 sim : 0 npy : -37.4062
 idx : 4067 sim : 0 npy : 22.5781
 idx : 4068 sim : 0 npy : -69.625
 idx : 4069 sim : 0 npy : 16.8125
 idx : 4070 sim : 0 npy : 26.6719
 idx : 4071 sim : 0 npy : 36.1562
 idx : 4072 sim : 0 npy : -15.9062
 idx : 4073 sim : 0 npy : -3.17578
 idx : 4074 sim : 0 npy : -6.53125
 idx : 4075 sim : 0 npy : 12.9141
 idx : 4076 sim : 0 npy : 10.3906
 idx : 4077 sim : 0 npy : -11.6875
 idx : 4078 sim : 0 npy : -58.1562
 idx : 4079 sim : 0 npy : -11.5781
 idx : 4080 sim : 0 npy : 11.0312
 idx : 4081 sim : 0 npy : -24.7812
 idx : 4082 sim : 0 npy : -24.4688
 idx : 4083 sim : 0 npy : 5.80078
 idx : 4084 sim : 0 npy : -2.22852
 idx : 4085 sim : 0 npy : -42.0938
 idx : 4086 sim : 0 npy : -33.625
 idx : 4087 sim : 0 npy : -50.5938
 idx : 4088 sim : 0 npy : 18.0156
 idx : 4089 sim : 0 npy : -10.0078
 idx : 4090 sim : 0 npy : 27.3281
 idx : 4091 sim : 0 npy : 14.1641
 idx : 4092 sim : 0 npy : 27.3281
 idx : 4093 sim : 0 npy : -6.44922
 idx : 4094 sim : 0 npy : -21.0938
 idx : 4095 sim : 0 npy : -32.0625
[  FAILED  ] PIMKernelFixture.gemv_tree (28120 ms)
[----------] 1 test from PIMKernelFixture (28130 ms total)

[----------] Global test environment tear-down
[==========] 1 test from 1 test suite ran. (28145 ms total)
[  PASSED  ] 0 tests.
[  FAILED  ] 1 test, listed below:
[  FAILED  ] PIMKernelFixture.gemv_tree

 1 FAILED TEST
