# vtk DataFile Version 3.0
HBM2 temperature
ASCII
DATASET STRUCTURED_POINTS
DIMENSIONS 32 16 21
ORIGIN 0 0 0
SPACING 0.00025 0.00075 1
POINT_DATA 10752
SCALARS temperature_K float 1
LOOKUP_TABLE default
308.48184
308.49823
308.52777
308.56352
308.60166
308.6406
308.68018
308.72104
308.76277
308.80317
308.83703
308.85514
308.85379
308.83462
308.80523
308.7801
308.76521
308.75827
308.74777
308.71153
308.63872
308.52894
308.39233
308.25102
308.11769
307.99836
307.89558
307.81026
307.74252
307.69212
307.65874
307.64213
308.67808
308.72759
308.81908
308.9013
308.96905
309.02614
309.07857
309.14137
309.22122
309.32269
309.43783
309.49396
309.47934
309.39334
309.2539
309.17871
309.18825
309.28468
309.44293
309.49314
309.4073
309.18271
308.8416
308.54672
308.31393
308.13161
307.98865
307.87745
307.79299
307.73201
307.6924
307.6729
308.84004
308.89742
309.00257
309.09935
309.18058
309.24998
309.3145
309.39085
309.48657
309.60583
309.7378
309.80303
309.78721
309.6908
309.53718
309.45567
309.47156
309.58612
309.76664
309.82622
309.72906
309.47163
309.08235
308.7395
308.46558
308.25037
308.08213
307.95205
307.85394
307.78356
307.73808
307.71575
308.95117
309.01036
309.11878
309.21964
309.30532
309.37928
309.44842
309.52949
309.62993
309.75362
309.88916
309.9564
309.94075
309.84304
309.68762
309.60505
309.6212
309.73691
309.91796
309.97535
309.87188
309.60388
309.20085
308.84309
308.55469
308.32644
308.14707
308.00791
307.90276
307.82726
307.77844
307.75448
309.02263
309.08176
309.19001
309.29057
309.37574
309.44895
309.51707
309.59684
309.69575
309.81774
309.95152
310.01699
309.9997
309.9005
309.74377
309.66006
309.67517
309.78982
309.96968
310.02561
309.92036
309.65025
309.24482
308.88445
308.59339
308.36253
308.18073
308.03942
307.93246
307.85557
307.8058
307.78136
309.06698
309.12444
309.22959
309.32597
309.40609
309.47339
309.53466
309.60659
309.69683
309.80987
309.9353
309.99415
309.97255
309.87126
309.71381
309.62943
309.6431
309.75555
309.93342
309.98913
309.88646
309.62182
309.22387
308.87146
308.58771
308.36296
308.18594
308.04817
307.94371
307.86846
307.8197
307.79572
309.10107
309.15263
309.24733
309.33232
309.40098
309.45603
309.50278
309.55595
309.62251
309.70795
309.80589
309.84563
309.81706
309.72074
309.57524
309.49829
309.50953
309.60924
309.76948
309.81698
309.72161
309.48041
309.11714
308.79746
308.53974
308.3341
308.17049
308.04184
307.94339
307.87195
307.8254
307.80244
309.17271
309.20273
309.25494
309.31209
309.36486
309.40908
309.44263
309.46387
309.47222
309.46769
309.45069
309.42215
309.38409
309.34092
309.30235
309.2858
309.2968
309.32866
309.35833
309.34094
309.25531
309.10023
308.8946
308.68152
308.48352
308.30959
308.16246
308.04223
307.94798
307.87855
307.83291
307.81028
309.49973
309.58397
309.73861
309.87095
309.97137
310.04564
310.09536
310.10079
310.05671
309.95907
309.81381
309.68866
309.58799
309.50622
309.4474
309.45687
309.54865
309.73041
309.97505
310.072
309.98748
309.71968
309.29867
308.93075
308.638
308.40738
308.22587
308.08436
307.97679
307.89912
307.84868
307.82384
309.70518
309.801
309.97515
310.12617
310.24045
310.32223
310.37189
310.36773
310.30405
310.1781
309.99982
309.84515
309.72247
309.62783
309.56675
309.58747
309.70443
309.92281
310.20686
310.32676
310.24049
309.94571
309.47966
309.06667
308.73607
308.47601
308.27253
308.11509
307.99629
307.91106
307.85597
307.82893
309.7682
309.86592
310.04319
310.19732
310.31369
310.3958
310.44356
310.43501
310.36461
310.2302
310.04281
309.87977
309.75063
309.65224
309.59061
309.61415
309.73685
309.96268
310.25381
310.37779
310.29096
309.9908
309.51569
309.09217
308.75126
308.4821
308.27109
308.10775
307.98455
307.89624
307.83921
307.81124
309.70121
309.79853
309.97501
310.12802
310.24299
310.3235
310.36954
310.35921
310.28708
310.15105
309.96222
309.79801
309.66801
309.56909
309.50728
309.53099
309.65425
309.88105
310.1736
310.2995
310.21509
309.91779
309.44589
309.02581
308.68839
308.42262
308.21475
308.05419
307.93333
307.84681
307.79101
307.76365
309.49811
309.59238
309.76355
309.91037
310.01947
310.09537
310.13871
310.12804
310.05798
309.92606
309.74256
309.58368
309.45796
309.36149
309.29972
309.32079
309.43919
309.66026
309.94857
310.07464
309.9966
309.71201
309.25767
308.85728
308.53945
308.29171
308.09953
307.95198
307.84138
307.76243
307.7116
307.6867
309.13374
309.21375
309.36046
309.48205
309.56975
309.62991
309.66458
309.65444
309.59481
309.48244
309.32432
309.18934
309.08244
308.99778
308.93841
308.94832
309.04096
309.22469
309.4742
309.58145
309.51414
309.27044
308.87874
308.5425
308.28125
308.08011
307.92485
307.80567
307.71613
307.65202
307.61062
307.5903
308.61795
308.63483
308.66342
308.69237
308.71526
308.72873
308.73028
308.71717
308.68868
308.64629
308.59465
308.5429
308.49633
308.4581
308.43137
308.42045
308.42544
308.44121
308.45434
308.43965
308.3854
308.29108
308.16751
308.03906
307.91869
307.81188
307.72057
307.64521
307.5856
307.54138
307.51214
307.4976
308.34755
308.35085
308.35621
308.36142
308.36436
308.36328
308.35689
308.34444
308.32592
308.30212
308.27462
308.2455
308.21667
308.18955
308.16502
308.14318
308.1229
308.10167
308.07569
308.04071
307.99425
307.93637
307.86977
307.79905
307.7286
307.66195
307.60167
307.54958
307.50687
307.47433
307.45241
307.4414
308.85243
308.86943
308.90031
308.93726
308.97658
309.01671
309.05742
309.0995
309.14247
309.1842
309.21965
309.23841
309.23695
309.21686
309.18545
309.15906
309.14336
309.13611
309.12621
309.08871
309.0132
308.89928
308.7567
308.61038
308.47262
308.34928
308.24297
308.15467
308.08452
308.03231
307.99773
307.98052
309.05519
309.11014
309.22341
309.31207
309.38225
309.44024
309.49036
309.55422
309.63701
309.74703
309.89224
309.95558
309.94007
309.84264
309.65691
309.57044
309.58036
309.6919
309.91532
309.97919
309.89025
309.64577
309.23313
308.91636
308.67466
308.48654
308.339
308.22409
308.13674
308.07363
308.03262
308.01242
309.22257
309.28574
309.41349
309.51723
309.60128
309.67191
309.73439
309.81215
309.91126
310.03974
310.20289
310.27576
310.25904
310.15068
309.9494
309.85615
309.87257
310.00307
310.25074
310.32458
310.22395
309.9453
309.48168
309.11522
308.83121
308.60927
308.4357
308.30133
308.1999
308.12708
308.08
308.05689
309.33775
309.40279
309.53391
309.64186
309.73048
309.80581
309.87305
309.95567
310.05964
310.19267
310.3595
310.43444
310.4179
310.3082
310.10505
310.01069
310.02737
310.15902
310.40722
310.47876
310.37161
310.08205
309.60425
309.22241
308.92347
308.68808
308.50302
308.35928
308.25056
308.17245
308.12192
308.09711
309.41202
309.47699
309.60794
309.71557
309.80367
309.87821
309.94439
310.02566
310.12804
310.25931
310.4243
310.49741
310.47915
310.36791
310.1634
310.06786
310.08344
310.21399
310.46094
310.53097
310.42198
310.13022
309.64992
309.26539
308.96369
308.72559
308.53801
308.39204
308.28146
308.2019
308.15039
308.12508
309.45831
309.52156
309.6493
309.75261
309.83549
309.90393
309.96303
310.03619
310.12962
310.25165
310.40802
310.47428
310.45155
310.33813
310.13286
310.0366
310.05069
310.17898
310.42387
310.49367
310.38733
310.10119
309.6286
309.25225
308.95805
308.72624
308.54357
308.40125
308.29323
308.21537
308.16489
308.14006
309.49412
309.55117
309.66772
309.75918
309.83024
309.88608
309.93029
309.98416
310.05319
310.14663
310.27406
310.32044
310.2905
310.18239
309.99033
309.90196
309.91353
310.02836
310.25374
310.31474
310.21592
309.95426
309.51871
309.17633
308.9089
308.69669
308.5278
308.39484
308.29301
308.21908
308.17088
308.1471
309.56816
309.59935
309.65428
309.71333
309.76759
309.81304
309.8476
309.86943
309.87795
309.87319
309.8556
309.82613
309.7868
309.74185
309.70052
309.68268
309.69346
309.7264
309.75942
309.74165
309.65283
309.49176
309.27634
309.05568
308.85129
308.67173
308.5197
308.39536
308.29783
308.22595
308.17868
308.15525
309.90608
309.99991
310.1933
310.33656
310.44088
310.51879
310.57745
310.58454
310.5386
310.43247
310.25624
310.12176
310.01689
309.92927
309.85305
309.85909
309.95453
310.15687
310.48425
310.59928
310.5116
310.21938
309.70918
309.31399
309.01012
308.77222
308.58493
308.43875
308.32752
308.24715
308.19493
308.16922
310.11791
310.22383
310.43804
310.60065
310.71917
310.80477
310.8635
310.86073
310.79461
310.65918
310.44837
310.28338
310.15586
310.05492
309.97599
309.99343
310.11472
310.3551
310.72472
310.86379
310.77429
310.45388
309.89563
309.45369
309.11091
308.84278
308.6329
308.47032
308.34752
308.25935
308.20234
308.17435
310.18274
310.29063
310.50802
310.67382
310.79446
310.88037
310.93712
310.92982
310.85676
310.7126
310.49239
310.31877
310.18459
310.07978
310.00027
310.0206
310.14778
310.39582
310.77272
310.91598
310.82592
310.49996
309.93239
309.47962
309.12625
308.84876
308.63113
308.46246
308.33512
308.24378
308.18476
308.15581
310.11308
310.22054
310.43712
310.60175
310.72095
310.8052
310.86016
310.85102
310.77616
310.63032
310.40863
310.23379
310.09872
309.99336
309.91366
309.93417
310.06193
310.31097
310.68935
310.8346
310.74705
310.42406
309.85982
309.41061
309.06086
308.78687
308.5725
308.40671
308.28179
308.19231
308.13457
308.10625
309.90264
310.00696
310.21808
310.37634
310.4895
310.56901
310.62119
310.61169
310.53895
310.39734
310.18112
310.01176
309.88109
309.77824
309.6986
309.71641
309.8392
310.08238
310.45642
310.60188
310.52093
310.21106
309.66495
309.23604
308.90648
308.6511
308.45294
308.3006
308.18628
308.10463
308.05202
308.02625
309.52594
309.6154
309.80059
309.93274
310.0239
310.08721
310.13032
310.12131
310.05928
309.93791
309.74838
309.60372
309.49239
309.40175
309.32495
309.33144
309.42781
309.63223
309.96469
310.09041
310.02056
309.75326
309.27335
308.9109
308.63957
308.43215
308.27201
308.14893
308.05636
307.99002
307.94717
307.92613
308.99282
309.01036
309.0405
309.07037
309.09379
309.10752
309.10913
309.09552
309.06602
309.02205
308.96808
308.91446
308.86627
308.82655
308.79832
308.78655
308.7912
308.80733
308.82206
308.80685
308.75049
308.65245
308.52304
308.38994
308.2656
308.15524
308.06081
307.98282
307.9211
307.87528
307.84499
307.82992
308.71359
308.71697
308.72244
308.72774
308.73067
308.72943
308.72271
308.70973
308.69047
308.66575
308.63719
308.60695
308.57698
308.54876
308.52317
308.50031
308.47903
308.45674
308.42956
308.39309
308.34477
308.28471
308.21564
308.14235
308.06936
308.00029
307.93781
307.8838
307.83951
307.80576
307.78302
307.77159
308.84768
308.86452
308.89518
308.93182
308.97083
309.01069
309.05111
309.09289
309.1355
309.17682
309.212
309.23053
309.22906
309.20918
309.17789
309.15165
309.13585
309.12827
309.11821
309.08057
309.00535
308.89217
308.75039
308.6051
308.46823
308.34561
308.23987
308.152
308.08218
308.03021
307.99578
307.97864
309.04863
309.1036
309.23144
309.31979
309.38928
309.44667
309.49328
309.55645
309.63834
309.74801
309.91372
309.97723
309.96196
309.86434
309.64593
309.55892
309.56835
309.68009
309.95092
310.0154
309.92685
309.6826
309.22351
308.90783
308.66844
308.48182
308.33527
308.22102
308.13413
308.07133
308.03052
308.01041
309.21502
309.2781
309.42033
309.52359
309.60682
309.67675
309.73561
309.81256
309.91061
310.03852
310.22206
310.29499
310.27856
310.17018
309.93631
309.84264
309.85847
309.98886
310.2838
310.35802
310.25785
309.9798
309.47008
309.10526
308.82398
308.60384
308.43146
308.2979
308.19702
308.12457
308.07773
308.05472
309.32972
309.39465
309.54022
309.64765
309.73542
309.81002
309.8736
309.95537
310.05824
310.19067
310.37785
310.45282
310.43657
310.32688
310.09115
309.99639
310.01246
310.14397
310.43941
310.51131
310.40466
310.11578
309.59198
309.2119
308.9158
308.6823
308.4985
308.35562
308.2475
308.16979
308.11951
308.09482
309.40379
309.46864
309.61404
309.72116
309.8084
309.88221
309.94473
310.02516
310.12645
310.25712
310.44246
310.51561
310.49765
310.38642
310.14934
310.05339
310.06837
310.19877
310.49296
310.56336
310.45487
310.1638
309.63752
309.25475
308.9559
308.71971
308.5334
308.3883
308.27832
308.19917
308.14792
308.12273
309.45004
309.5132
309.6554
309.75824
309.84029
309.90804
309.96352
310.03589
310.12828
310.24977
310.42654
310.49288
310.47048
310.35705
310.11919
310.02252
310.03602
310.16419
310.45634
310.52653
310.42067
310.13516
309.61651
309.24184
308.95043
308.72046
308.53903
308.39754
308.29011
308.21265
308.16241
308.1377
309.48598
309.54303
309.67409
309.7652
309.83553
309.89075
309.93145
309.98467
310.05287
310.14606
310.29408
310.34073
310.31112
310.20285
309.97813
309.88919
309.90021
310.01515
310.28787
310.34944
310.25105
309.98971
309.50787
309.16676
308.90179
308.69123
308.52344
308.39125
308.28995
308.21638
308.16842
308.14475
309.56016
309.59098
309.6455
309.70391
309.75763
309.80266
309.83692
309.85854
309.86694
309.86217
309.84466
309.81539
309.77637
309.73182
309.69059
309.67276
309.68305
309.71506
309.74759
309.72929
309.64081
309.48096
309.2668
309.04793
308.84504
308.66664
308.51549
308.39181
308.29477
308.22324
308.17619
308.15286
309.89504
309.98889
310.20849
310.35116
310.45413
310.53134
310.59565
310.60289
310.55747
310.45162
310.25515
310.12125
310.01758
309.93035
309.84215
309.84725
309.94095
310.14282
310.529
310.6445
310.55715
310.26516
309.69691
309.30312
309.00218
308.76622
308.58019
308.43488
308.32425
308.24429
308.19233
308.16673
310.10533
310.21111
310.45137
310.61313
310.73009
310.81486
310.87921
310.87665
310.81124
310.67637
310.44559
310.28149
310.15541
310.05501
309.96407
309.98045
310.09967
310.33907
310.76723
310.90642
310.81727
310.49745
309.88146
309.4415
309.10208
308.83618
308.62776
308.46616
308.34405
308.25634
308.19962
308.17176
310.16964
310.27735
310.52077
310.68566
310.80471
310.88978
310.95215
310.94508
310.87277
310.72924
310.48912
310.31647
310.18378
310.07954
309.98802
310.00726
310.13231
310.37928
310.81465
310.95797
310.86827
310.54296
309.91774
309.46706
309.11715
308.84195
308.62584
308.45821
308.33159
308.24072
308.18201
308.15319
310.10014
310.20743
310.45004
310.61377
310.73138
310.8148
310.87539
310.86649
310.79238
310.64718
310.40559
310.23173
310.09815
309.99335
309.90165
309.92107
310.0467
310.29467
310.73151
310.87682
310.7896
310.46726
309.84536
309.39821
309.0519
308.7802
308.56734
308.40258
308.27836
308.18935
308.1319
308.10373
309.89063
309.99481
310.232
310.38942
310.50105
310.57976
310.63759
310.62833
310.55633
310.41532
310.17914
310.0107
309.88148
309.77918
309.68753
309.70428
309.82499
310.06718
310.49975
310.64531
310.56466
310.25535
309.65142
309.22443
308.89818
308.64496
308.4482
308.29681
308.18314
308.10192
308.04958
308.02393
309.51608
309.60559
309.81704
309.94867
310.03855
310.10125
310.15008
310.1413
310.07989
309.95888
309.74918
309.60516
309.49504
309.4048
309.31599
309.32154
309.41618
309.62014
310.01144
310.1376
310.06799
309.80076
309.26262
308.90137
308.63278
308.42711
308.2681
308.14576
308.0537
307.98771
307.94506
307.92413
308.9871
309.0044
309.03429
309.06377
309.08687
309.10038
309.1019
309.0883
309.05897
309.0153
308.96163
308.90839
308.8605
308.82099
308.79278
308.78088
308.78515
308.80068
308.81508
308.79954
308.74334
308.64598
308.51727
308.38518
308.26168
308.15198
308.05807
307.98046
307.91903
307.87342
307.84326
307.82825
308.70965
308.71298
308.71838
308.72359
308.72644
308.72515
308.7184
308.70543
308.68622
308.66158
308.63312
308.60298
308.5731
308.54493
308.51936
308.49649
308.47516
308.4528
308.42558
308.38913
308.34094
308.2811
308.21233
308.13937
308.0667
307.99792
307.9357
307.88191
307.8378
307.80417
307.78152
307.77014
308.8207
308.83664
308.86562
308.90065
308.93821
308.97674
309.01587
309.05617
309.09702
309.13627
309.16922
309.18653
309.18504
309.16629
309.13699
309.11166
309.0954
309.08599
309.07316
309.03463
308.96087
308.85154
308.71568
308.57568
308.44318
308.32406
308.2211
308.13539
308.06719
308.01638
307.98271
307.96593
309.01253
309.06182
309.1683
309.24942
309.31529
309.37093
309.41888
309.47984
309.557
309.65692
309.79317
309.84947
309.83569
309.74971
309.57527
309.49828
309.50501
309.59936
309.80578
309.85486
309.76825
309.54347
309.1536
308.86162
308.63444
308.45517
308.31341
308.20244
308.11782
308.05656
308.01671
307.99707
309.17406
309.23088
309.35065
309.44581
309.52477
309.59248
309.65228
309.72648
309.81899
309.93601
310.08867
310.15373
310.13899
310.04332
309.85517
309.77228
309.78495
309.89624
310.12401
310.1815
310.08363
309.82714
309.39029
309.05207
308.78508
308.57372
308.40712
308.2775
308.17935
308.10874
308.06303
308.04057
309.28637
309.34496
309.46791
309.56707
309.6504
309.7226
309.78697
309.86581
309.96294
310.08427
310.2404
310.3074
310.29284
310.19593
310.00605
309.92211
309.93495
310.0472
310.27528
310.33041
310.22622
309.95929
309.50893
309.15601
308.87473
308.65045
308.47278
308.33413
308.22894
308.15321
308.10416
308.08006
309.35939
309.41791
309.54069
309.63953
309.72233
309.79376
309.85707
309.93459
310.03017
310.14977
310.30409
310.3693
310.35305
310.25462
310.0634
309.97828
309.99004
310.10118
310.32802
310.38166
310.27566
310.00659
309.55378
309.19824
308.91426
308.68735
308.50722
308.3664
308.25938
308.18224
308.13224
308.10766
309.40548
309.46237
309.58209
309.67678
309.75456
309.82009
309.87655
309.94624
310.0332
310.14392
310.28996
310.34856
310.32794
310.22729
310.03519
309.9493
309.95961
310.06864
310.29361
310.3471
310.24361
309.97982
309.53425
309.18641
308.90954
308.68859
308.51314
308.37579
308.27123
308.19572
308.1467
308.12257
309.44203
309.49326
309.60272
309.68636
309.75289
309.80628
309.84836
309.89957
309.96337
310.04725
310.16633
310.20624
310.17849
310.08208
309.90139
309.82235
309.83038
309.92751
310.13542
310.18142
310.08513
309.84378
309.43192
309.11534
308.86338
308.66087
308.49846
308.37002
308.27137
308.1996
308.15278
308.12966
309.51713
309.54595
309.5967
309.65182
309.70291
309.74588
309.77855
309.79911
309.80697
309.80212
309.78502
309.75669
309.7192
309.67677
309.63798
309.62039
309.62834
309.65538
309.68095
309.65963
309.57285
309.4195
309.21604
309.0064
308.81082
308.63806
308.49124
308.37084
308.27621
308.20639
308.16043
308.13763
309.83664
309.92026
310.10135
310.23081
310.32655
310.3981
310.45295
310.45865
310.4161
310.31959
310.15379
310.03073
309.93357
309.85284
309.78014
309.78531
309.86959
310.04621
310.34963
310.44447
310.35877
310.09083
309.60915
309.24519
308.95976
308.7332
308.55337
308.41231
308.30465
308.22669
308.17599
308.151
310.03942
310.134
310.33392
310.48103
310.58977
310.66823
310.72277
310.7189
310.65722
310.53324
310.33526
310.18368
310.06527
309.97212
309.89707
309.91296
310.02119
310.23259
310.57418
310.69074
310.60329
310.30963
309.7842
309.37712
309.05533
308.80025
308.59895
308.44223
308.32347
308.23803
308.18272
308.15554
310.10115
310.19754
310.40041
310.55047
310.66114
310.73981
310.79237
310.7841
310.71575
310.58341
310.37645
310.21663
310.09185
309.995
309.91938
309.938
310.05177
310.27035
310.61874
310.7392
310.65121
310.35235
309.81817
309.40088
309.06905
308.80505
308.59635
308.43379
308.31069
308.2222
308.16495
308.13684
310.0325
310.12848
310.33055
310.47947
310.58874
310.66579
310.71661
310.70655
310.63644
310.50246
310.29405
310.13305
310.0074
309.91001
309.83421
309.85301
309.96734
310.18691
310.53674
310.65915
310.57361
310.27764
309.74671
309.33288
309.00458
308.74399
308.53847
308.37872
308.25797
308.1713
308.11529
308.08781
309.82755
309.92058
310.1175
310.26038
310.36391
310.43645
310.48462
310.4742
310.40608
310.2761
310.07285
309.91701
309.79552
309.70051
309.62476
309.64102
309.75072
309.96488
310.31081
310.43362
310.35449
310.07109
309.55743
309.16302
308.85408
308.61138
308.42147
308.27471
308.16422
308.08512
308.03409
308.00907
309.46356
309.54299
309.71619
309.83494
309.91795
309.97536
310.01513
310.00522
309.94711
309.83587
309.65723
309.52431
309.42081
309.33705
309.26366
309.26923
309.35449
309.53332
309.84192
309.94731
309.87893
309.63504
309.18253
308.8501
308.59608
308.39898
308.24544
308.12677
308.03721
307.97289
307.93128
307.91084
308.95534
308.97139
308.99892
309.02638
309.04794
309.06033
309.06115
309.04759
309.01906
308.97701
308.92566
308.87436
308.82798
308.78954
308.76195
308.7495
308.75194
308.76431
308.77456
308.75717
308.70181
308.60802
308.48527
308.35836
308.23901
308.13254
308.04113
307.96544
307.90543
307.86084
307.83133
307.81664
308.68659
308.68971
308.69473
308.69952
308.70201
308.70045
308.69359
308.68067
308.6617
308.63747
308.6095
308.57985
308.55039
308.52252
308.49708
308.47415
308.45259
308.42992
308.40247
308.36615
308.31858
308.25985
308.19257
308.12124
308.05016
307.98284
307.92191
307.86919
307.82594
307.79296
307.77074
307.75957
308.79752
308.81268
308.84022
308.87386
308.91017
308.94755
308.98559
309.02461
309.06395
309.10143
309.13245
309.14872
309.14722
309.12944
309.10185
309.0773
309.06063
309.04965
309.03444
308.99516
308.92265
308.81663
308.68585
308.5504
308.42165
308.30555
308.20496
308.1211
308.0543
308.00449
307.97147
307.95501
308.9815
309.02592
309.11411
309.18903
309.25179
309.30592
309.35501
309.41407
309.48716
309.5787
309.68974
309.73985
309.72734
309.65135
309.51454
309.44617
309.45058
309.53
309.68127
309.71713
309.63219
309.42414
309.09353
308.82191
308.60522
308.43226
308.29462
308.18647
308.1038
308.04387
308.00484
307.98559
309.13885
309.19031
309.29085
309.37904
309.45433
309.52013
309.58073
309.65256
309.74032
309.84798
309.97421
310.03251
310.01921
309.93445
309.78545
309.71182
309.72177
309.81665
309.98691
310.03004
309.93414
309.69617
309.32173
309.00636
308.75164
308.54783
308.3862
308.25998
308.16416
308.09513
308.0504
308.02841
309.24911
309.30225
309.40585
309.49789
309.5774
309.64755
309.71258
309.78889
309.8811
309.9929
310.12244
310.18259
310.16947
310.08356
309.93292
309.85828
309.86836
309.96404
310.13446
310.17518
310.07311
309.82505
309.43756
309.10799
308.83944
308.62308
308.45068
308.31566
308.21299
308.13895
308.09097
308.06738
309.32124
309.37431
309.47773
309.56945
309.64844
309.71782
309.7818
309.85682
309.94749
310.05758
310.18534
310.24372
310.22894
310.14152
309.98955
309.91374
309.92273
310.01732
310.1865
310.22575
310.12189
309.87171
309.48182
309.14968
308.87847
308.65953
308.48473
308.34757
308.24311
308.16769
308.11877
308.0947
309.3672
309.41869
309.51915
309.60685
309.68095
309.74458
309.80188
309.86926
309.95155
310.05302
310.17275
310.22469
310.20561
310.11594
309.96302
309.88638
309.89395
309.98655
310.15398
310.19313
310.0917
309.84656
309.46357
309.13878
308.8744
308.66119
308.4909
308.35709
308.255
308.18117
308.13319
308.10957
309.40426
309.45049
309.54146
309.61868
309.68195
309.73375
309.77702
309.82649
309.88651
309.9624
310.0567
310.09083
310.06467
309.97846
309.83545
309.76492
309.77037
309.85221
310.00463
310.03726
309.94278
309.7186
309.36666
309.07116
308.83038
308.63478
308.477
308.35178
308.25539
308.18518
308.13933
308.11668
309.48016
309.50724
309.55476
309.60706
309.65589
309.69708
309.72839
309.74805
309.75543
309.75052
309.73378
309.70625
309.67006
309.62946
309.59278
309.5754
309.58133
309.60409
309.62369
309.59978
309.51446
309.36668
309.17242
308.9707
308.78141
308.61351
308.4704
308.35281
308.26026
308.1919
308.14688
308.12454
309.78645
309.86128
310.00941
310.12752
310.21705
310.28373
310.33048
310.33485
310.29477
310.20629
310.06675
309.95301
309.86142
309.78628
309.72686
309.73208
309.80827
309.9632
310.19576
310.27286
310.18857
309.9413
309.53374
309.19541
308.92331
308.70484
308.53032
308.39292
308.28779
308.21157
308.16194
308.13748
309.98277
310.06774
310.23311
310.36764
310.46932
310.54235
310.5885
310.5835
310.52503
310.4104
310.24051
310.09968
309.98786
309.90094
309.83949
309.85498
309.95375
310.1411
310.40857
310.50569
310.41969
310.14851
309.70062
309.3218
309.01516
308.76938
308.5742
308.42165
308.30579
308.2223
308.16819
308.14159
310.0423
310.12897
310.29712
310.43442
310.53789
310.61106
310.65523
310.64593
310.58097
310.45825
310.27968
310.13089
310.01291
309.92241
309.8604
309.87849
309.98257
310.17675
310.45067
310.55149
310.46497
310.18884
309.73261
309.34402
309.02772
308.77333
308.571
308.41281
308.29273
308.20627
308.15029
308.12279
309.97437
310.06064
310.228
310.36419
310.46628
310.53787
310.58033
310.56927
310.50259
310.37826
310.19827
310.04831
309.92948
309.83845
309.77626
309.79453
309.89916
310.09431
310.36966
310.47239
310.38828
310.11498
309.66194
309.27675
308.96391
308.71287
308.51365
308.35823
308.24045
308.15578
308.10102
308.07413
309.77335
309.85679
310.01922
310.14962
310.24619
310.31342
310.35332
310.34191
310.27714
310.15662
309.98156
309.83656
309.72171
309.63297
309.57082
309.58667
309.6869
309.87698
310.14873
310.25199
310.17416
309.91303
309.47667
309.11024
308.81618
308.58252
308.3985
308.25572
308.14796
308.07068
308.02078
307.9963
309.41844
309.48919
309.62965
309.73733
309.81444
309.86731
309.89932
309.88844
309.83317
309.73033
309.57827
309.45489
309.35708
309.27888
309.21869
309.22428
309.30149
309.45872
309.69653
309.78408
309.71675
309.49291
309.11371
308.80605
308.56455
308.37481
308.22597
308.11045
308.02304
307.96016
307.91944
307.89942
308.92805
308.94301
308.96852
308.99425
309.01448
309.02591
309.02614
309.0126
308.98477
308.9441
308.89475
308.84512
308.80002
308.76252
308.73544
308.72253
308.72339
308.73306
308.73975
308.72076
308.66612
308.5754
308.45777
308.33532
308.21953
308.11584
308.02658
307.95252
307.89374
307.85002
307.82107
307.80666
308.66678
308.66971
308.6744
308.67884
308.68101
308.67923
308.67226
308.6594
308.64063
308.61674
308.5892
308.55998
308.53087
308.50325
308.47793
308.45494
308.43318
308.41025
308.38261
308.3464
308.29936
308.24159
308.17559
308.10565
308.03594
307.96988
307.91005
307.85826
307.81575
307.78333
307.76148
307.75049
308.7705
308.78484
308.81088
308.84301
308.87792
308.91401
308.95078
308.98836
309.02602
309.06157
309.0906
309.10576
309.1042
309.08739
309.06144
309.03767
309.02059
309.00802
308.99058
308.95062
308.87954
308.77711
308.65165
308.52115
308.39657
308.28385
308.18596
308.1042
308.03899
307.99033
307.95805
307.94196
308.94601
308.98589
309.06252
309.13144
309.19087
309.24317
309.29177
309.34859
309.41737
309.50086
309.59613
309.64053
309.62927
309.5624
309.44814
309.38746
309.3895
309.45521
309.57328
309.59731
309.51426
309.32202
309.02925
308.77732
308.57174
308.40568
308.27263
308.16766
308.0872
308.02878
307.99069
307.9719
309.09867
309.14507
309.23311
309.3145
309.38587
309.44938
309.50909
309.57815
309.66084
309.75943
309.86869
309.9207
309.90883
309.83411
309.70909
309.64378
309.65094
309.73061
309.8654
309.89556
309.8019
309.58162
309.24815
308.9551
308.71343
308.51789
308.36179
308.23939
308.14623
308.079
308.03539
308.01393
309.20658
309.25459
309.34554
309.43062
309.50604
309.57374
309.63772
309.71109
309.79804
309.90058
310.01297
310.06674
310.05504
309.97925
309.8527
309.78642
309.79364
309.87397
310.00875
310.03647
309.9368
309.7068
309.36081
309.05412
308.7991
308.59144
308.42492
308.29399
308.19417
308.12208
308.0753
308.05229
309.27769
309.32562
309.41639
309.50115
309.57605
309.64299
309.70593
309.77802
309.86346
309.96432
310.07496
310.12699
310.11365
310.03637
309.9085
309.84106
309.8472
309.92643
310.05999
310.08625
309.98482
309.75274
309.4044
309.09518
308.83757
308.62738
308.45851
308.32549
308.22392
308.15048
308.10278
308.0793
309.32347
309.36989
309.45782
309.5387
309.60885
309.6702
309.72665
309.79133
309.86866
309.96119
310.06407
310.10985
310.0923
310.01274
309.88384
309.81552
309.82027
309.89763
310.02958
310.05578
309.95668
309.72938
309.38756
309.08533
308.83422
308.62951
308.46496
308.33516
308.23587
308.16394
308.11716
308.09411
309.36105
309.4026
309.48178
309.55279
309.61256
309.66246
309.70529
309.7527
309.80873
309.87701
309.95603
309.98491
309.96035
309.88348
309.76308
309.70012
309.70291
309.77067
309.88951
309.91016
309.81774
309.60986
309.29649
309.02148
308.79257
308.60455
308.45193
308.33036
308.23654
308.16811
308.12337
308.10126
309.4375
309.46278
309.50702
309.55631
309.60266
309.6419
309.67169
309.69034
309.69719
309.69221
309.67584
309.64918
309.61439
309.57568
309.54098
309.52374
309.52753
309.54588
309.55971
309.53326
309.4496
309.30777
309.12296
308.92978
308.74741
308.58494
308.44602
308.33161
308.24143
308.17475
308.1308
308.10898
309.72952
309.79618
309.92346
310.03066
310.1137
310.17543
310.2167
310.21989
310.18235
310.10149
309.97884
309.87409
309.78829
309.71854
309.66687
309.67161
309.73945
309.874
310.06293
310.12391
310.04124
309.81344
309.4532
309.13967
308.88168
308.67205
308.50347
308.37018
308.26794
308.19369
308.1453
308.12143
309.91862
309.99456
310.13753
310.25987
310.35415
310.42164
310.46202
310.45609
310.40098
310.29538
310.14424
310.01393
309.90898
309.82814
309.77472
309.78921
309.87817
310.04269
310.26335
310.3426
310.25827
310.00842
309.61122
309.25996
308.96938
308.73377
308.54542
308.39758
308.28499
308.20372
308.15099
308.12506
309.97563
310.05317
310.19873
310.32365
310.41958
310.48713
310.52554
310.51541
310.45403
310.34064
310.18115
310.04319
309.93231
309.84802
309.79406
309.81101
309.905
310.07598
310.30271
310.38545
310.30062
310.04609
309.641
309.28044
308.98064
308.73679
308.54154
308.38827
308.27161
308.18748
308.13294
308.10613
309.90854
309.98568
310.13049
310.25431
310.34889
310.4149
310.45163
310.43978
310.37671
310.26174
310.10087
309.96177
309.85005
309.76524
309.7111
309.72823
309.82277
309.9947
310.22284
310.30744
310.22497
309.97322
309.57124
309.21401
308.91759
308.67701
308.48482
308.33425
308.21984
308.13745
308.08411
308.0579
309.712
309.78646
309.92657
310.04487
310.13417
310.196
310.23027
310.21807
310.1568
310.04546
309.88928
309.75489
309.64697
309.56433
309.51023
309.52508
309.61548
309.78268
310.00756
310.09283
310.01649
309.77645
309.3905
309.05132
308.77301
308.54924
308.37177
308.23348
308.1288
308.05359
308.00498
307.98111
309.36731
309.43003
309.5499
309.64698
309.71795
309.76624
309.79315
309.7815
309.72919
309.63439
309.49957
309.38545
309.29353
309.22072
309.16821
309.17328
309.24217
309.37912
309.57337
309.64465
309.57852
309.37346
309.04068
308.75686
308.52855
308.34685
308.20323
308.09126
308.00628
307.94503
307.90533
307.8858
308.89641
308.91024
308.9337
308.9576
308.97638
308.98678
308.98639
308.9729
308.94583
308.90664
308.85934
308.81151
308.76781
308.73129
308.70471
308.69128
308.69046
308.6973
308.70052
308.67995
308.62613
308.53869
308.42632
308.30867
308.1968
308.09623
308.00939
307.9372
307.87982
307.8371
307.80879
307.79469
308.64352
308.64625
308.65059
308.65463
308.65645
308.65441
308.64733
308.63453
308.616
308.59249
308.56542
308.53667
308.50797
308.48064
308.45544
308.4324
308.41044
308.38722
308.3594
308.32335
308.27691
308.22022
308.15566
308.08729
308.01913
307.9545
307.89593
307.8452
307.80354
307.77175
307.75033
307.73955
308.74346
308.75698
308.78152
308.81214
308.84566
308.88045
308.91594
308.95209
308.98806
309.02168
309.04873
309.06276
309.06115
309.04532
309.021
308.99802
308.98052
308.96637
308.94669
308.90606
308.83642
308.73757
308.61743
308.49187
308.37146
308.26213
308.16693
308.08728
308.02367
307.97616
307.94461
307.92889
308.9105
308.94584
309.01093
309.07386
309.12997
309.18044
309.22854
309.28312
309.34758
309.42303
309.50257
309.54127
309.53126
309.4735
309.38172
309.32872
309.32839
309.38041
309.46536
309.47757
309.39641
309.21998
308.96495
308.73271
308.53824
308.37909
308.25063
308.14883
308.07059
308.01368
307.97654
307.9582
309.05847
309.09982
309.17538
309.24998
309.31742
309.37863
309.43746
309.50374
309.58136
309.67089
309.76321
309.80894
309.79849
309.73381
309.63271
309.57571
309.58007
309.64455
309.74396
309.76116
309.66974
309.46714
309.17456
308.90382
308.67519
308.48792
308.33736
308.21878
308.12828
308.06285
308.02035
307.99944
309.16403
309.20691
309.28524
309.36337
309.43469
309.49994
309.56286
309.63328
309.71498
309.80826
309.90354
309.95093
309.94065
309.87497
309.77245
309.71452
309.71888
309.78387
309.88312
309.89784
309.80058
309.58863
309.28404
309.00021
308.75874
308.55978
308.39914
308.2723
308.17534
308.10519
308.05962
308.03719
309.23411
309.27691
309.35506
309.43286
309.50367
309.56816
309.63006
309.69922
309.77943
309.87106
309.96462
310.0103
309.9984
309.93125
309.82742
309.76834
309.77163
309.83552
309.93355
309.94683
309.84783
309.63384
309.32695
309.04065
308.79665
308.59521
308.43227
308.30339
308.20472
308.13324
308.08678
308.06389
309.27971
309.32107
309.39649
309.47055
309.53676
309.59582
309.65142
309.7134
309.78576
309.86935
309.95543
309.99505
309.97902
309.90957
309.80463
309.74463
309.74656
309.80868
309.90524
309.91852
309.82174
309.61227
309.31153
309.03185
308.79402
308.59781
308.43901
308.31321
308.21673
308.14671
308.10112
308.07864
309.31781
309.35469
309.42211
309.4869
309.54318
309.59118
309.63355
309.67891
309.73095
309.79163
309.85541
309.87903
309.85607
309.78854
309.69069
309.63528
309.63542
309.6891
309.77447
309.78315
309.69278
309.50119
309.2263
308.97178
308.75474
308.57431
308.42686
308.30892
308.21768
308.15102
308.1074
308.08583
309.39482
309.41829
309.45926
309.50552
309.5494
309.58668
309.61496
309.63261
309.63892
309.63386
309.61788
309.59209
309.55869
309.52186
309.48915
309.47206
309.4737
309.48763
309.4957
309.4667
309.38471
309.24884
309.07347
308.88884
308.71339
308.55635
308.42162
308.3104
308.22259
308.15758
308.1147
308.09341
309.67255
309.73105
309.83754
309.93382
310.01038
310.06716
310.10295
310.10497
310.06997
309.99674
309.89092
309.79517
309.71515
309.65079
309.60684
309.61111
309.67059
309.78477
309.9302
309.97506
309.894
309.68567
309.37265
309.0839
308.84002
308.63925
308.47659
308.34743
308.24808
308.1758
308.12864
308.10536
309.85442
309.92135
310.04197
310.15212
310.23901
310.30096
310.33558
310.32871
310.27697
310.1804
310.04797
309.92818
309.83009
309.75532
309.70992
309.7234
309.80255
309.94425
310.11822
310.17961
310.09695
309.86842
309.5218
309.19808
308.92357
308.69815
308.51661
308.37349
308.26418
308.18512
308.13378
308.10851
309.90893
309.97734
310.10037
310.21291
310.3013
310.36323
310.39589
310.38494
310.32712
310.22306
310.08262
309.95548
309.8517
309.77361
309.72767
309.74348
309.82739
309.97518
310.15485
310.21951
310.13637
309.90343
309.54936
309.21683
308.93353
308.70021
308.51207
308.36372
308.25048
308.16867
308.11558
308.08946
309.84267
309.9107
310.03299
310.14446
310.23153
310.29195
310.32297
310.31033
310.25087
310.14526
310.00346
309.87522
309.77061
309.69202
309.64591
309.66189
309.74633
309.89506
310.07611
310.1426
310.06177
309.83155
309.48053
309.15124
308.87124
308.64113
308.45596
308.31025
308.19922
308.11911
308.06719
308.04166
309.65062
309.7161
309.83394
309.94014
310.02217
310.0786
310.10726
310.09428
310.03652
309.93434
309.79699
309.67322
309.57222
309.49569
309.44961
309.46345
309.54402
309.68837
309.86648
309.93378
309.85893
309.63997
309.30432
308.99238
308.72982
308.51594
308.34502
308.21121
308.10962
308.0365
307.98917
307.96592
309.31615
309.37085
309.47017
309.55666
309.62149
309.6652
309.68702
309.67461
309.62526
309.53849
309.42088
309.31601
309.22998
309.16255
309.1177
309.12225
309.18283
309.2995
309.4503
309.50533
309.44041
309.25412
308.96765
308.70766
308.49254
308.31886
308.18047
308.07204
307.9895
307.9299
307.89121
307.87216
308.86474
308.87744
308.89886
308.92092
308.93827
308.94763
308.94663
308.93317
308.90686
308.86915
308.82391
308.77787
308.73557
308.70005
308.67396
308.66
308.6575
308.66152
308.66127
308.63911
308.58612
308.50196
308.39486
308.282
308.17407
308.0766
307.99219
307.92187
307.86589
307.82416
307.79649
307.78271
308.62025
308.62277
308.62675
308.6304
308.63187
308.62958
308.62239
308.60964
308.59134
308.56822
308.54163
308.51335
308.48506
308.45801
308.43293
308.40984
308.38767
308.36418
308.33618
308.30027
308.25445
308.19884
308.13572
308.06892
308.00231
307.93911
307.88179
307.83213
307.79132
307.76017
307.73917
307.72861
308.71297
308.72567
308.74877
308.77783
308.80985
308.84323
308.87729
308.91187
308.94606
308.9777
309.00282
309.01573
309.01402
308.99904
308.9761
308.95382
308.93592
308.92035
308.89886
308.85779
308.78973
308.69456
308.57963
308.45917
308.34317
308.23748
308.14524
308.0679
308.00605
307.95981
307.92909
307.91377
308.87141
308.90301
308.96035
309.01804
309.07083
309.11917
309.16586
309.2179
309.27811
309.3466
309.41572
309.44978
309.44081
309.39026
309.31244
309.2653
309.26279
309.30385
309.36814
309.37133
309.29226
309.12923
308.89985
308.68487
308.50129
308.34928
308.22572
308.12736
308.05155
307.99631
307.96021
307.94238
309.01432
309.05144
309.11841
309.18698
309.25048
309.30907
309.36601
309.4292
309.5018
309.58337
309.66419
309.70473
309.69548
309.63885
309.5529
309.50232
309.50408
309.55622
309.63305
309.64022
309.55126
309.36386
309.0998
308.84891
308.63314
308.45444
308.30978
308.19535
308.10776
308.04431
308.00305
307.98274
309.11729
309.15585
309.22544
309.29737
309.36457
309.42702
309.48788
309.55502
309.6315
309.71662
309.80022
309.84232
309.83324
309.77568
309.6884
309.63694
309.63863
309.69113
309.76765
309.77232
309.6777
309.48134
309.20583
308.94242
308.71435
308.52442
308.37007
308.24766
308.15383
308.08582
308.04159
308.0198
309.18621
309.2247
309.29411
309.36571
309.43239
309.49409
309.55396
309.61985
309.69486
309.77836
309.86028
309.9007
309.89003
309.83102
309.74245
309.68984
309.69046
309.74187
309.81718
309.82043
309.72411
309.52575
309.24799
308.98216
308.75163
308.55929
308.40269
308.27829
308.18279
308.11349
308.06839
308.04616
309.23159
309.2687
309.3355
309.40351
309.46576
309.52221
309.57598
309.63494
309.70239
309.77816
309.85288
309.88745
309.87274
309.81142
309.72167
309.66809
309.66739
309.71714
309.79111
309.79439
309.70017
309.50606
309.23407
308.97448
308.74978
308.5624
308.40973
308.28827
308.19486
308.12695
308.08268
308.06084
309.27013
309.30314
309.36259
309.42191
309.47469
309.52049
309.56151
309.60454
309.65268
309.70687
309.76075
309.78022
309.75869
309.6986
309.61477
309.56511
309.56277
309.6051
309.66945
309.66896
309.58086
309.40319
309.15472
308.91831
308.71299
308.54044
308.39852
308.28453
308.19613
308.13142
308.08904
308.06807
309.34721
309.36894
309.40684
309.45009
309.49141
309.52662
309.55332
309.56989
309.57562
309.57046
309.55486
309.52995
309.49793
309.46287
309.43182
309.41474
309.41425
309.42405
309.42715
309.39598
309.31584
309.18592
309.01957
308.84357
308.67538
308.52414
308.39396
308.28624
308.20104
308.13789
308.09621
308.0755
309.61043
309.66221
309.7548
309.84163
309.91198
309.96411
309.9959
309.99702
309.9644
309.89764
309.80331
309.71539
309.64082
309.58113
309.54181
309.54498
309.59662
309.69383
309.81125
309.84341
309.76415
309.57222
309.29128
309.02427
308.79423
308.60262
308.44629
308.32159
308.22541
308.1553
308.10951
308.08689
309.78455
309.84396
309.94929
310.04876
310.12854
310.18527
310.21567
310.20818
310.15966
310.07097
309.9518
309.84136
309.7498
309.68038
309.6398
309.65162
309.72148
309.84387
309.98703
310.03411
309.9533
309.74291
309.43137
309.13205
308.87336
308.65848
308.4842
308.34618
308.24046
308.16385
308.11404
308.0895
309.8363
309.89709
310.00464
310.10631
310.18745
310.24409
310.27253
310.26107
310.20671
310.11084
309.98401
309.86655
309.76955
309.69694
309.65583
309.66984
309.74417
309.87227
310.02076
310.07089
309.98962
309.7751
309.45656
309.14892
308.8819
308.65951
308.47892
308.3359
308.22642
308.14716
308.09567
308.07032
309.77099
309.8314
309.93823
310.03886
310.11871
310.17387
310.20072
310.18762
310.13165
310.03427
309.90612
309.78757
309.68977
309.61667
309.57539
309.58957
309.66443
309.79346
309.94328
309.99521
309.91619
309.70432
309.38875
309.08427
308.82046
308.60119
308.42351
308.28306
308.17573
308.09813
308.04778
308.023
309.58389
309.6419
309.74453
309.84017
309.91523
309.96658
309.99118
309.97774
309.92337
309.82923
309.70527
309.59095
309.49656
309.42541
309.38417
309.39634
309.4676
309.5926
309.73982
309.79267
309.71946
309.51839
309.2175
308.92962
308.68254
308.47887
308.31492
308.18596
308.08774
308.01691
307.971
307.94844
309.2605
309.30863
309.39431
309.47169
309.53069
309.57016
309.58841
309.57554
309.52903
309.44919
309.34346
309.2467
309.16626
309.1035
309.06321
309.06664
309.11941
309.21919
309.34201
309.38417
309.32059
309.14995
308.89459
308.6553
308.45303
308.28762
308.15478
308.05018
307.9703
307.91249
307.87493
307.85643
308.82923
308.84085
308.86038
308.88062
308.8965
308.90481
308.90322
308.88983
308.8643
308.82807
308.7848
308.74056
308.69968
308.66515
308.63948
308.62496
308.62078
308.62212
308.61884
308.59528
308.54322
308.46232
308.36026
308.25226
308.14845
308.05431
307.97254
307.90427
307.84983
307.80921
307.78226
307.76882
308.59378
308.59608
308.5997
308.60293
308.60402
308.60147
308.59416
308.58147
308.56343
308.54072
308.51463
308.48687
308.45901
308.43226
308.40733
308.38419
308.36182
308.33806
308.30991
308.27421
308.22907
308.17463
308.11306
308.04798
307.98306
307.92144
307.86552
307.81703
307.77717
307.74673
307.7262
307.71587
308.68245
308.69435
308.71599
308.7435
308.77403
308.80598
308.83863
308.87163
308.90403
308.9337
308.9569
308.96868
308.96686
308.95274
308.93119
308.90959
308.8913
308.87431
308.851
308.8095
308.74303
308.65152
308.54181
308.42644
308.31485
308.21283
308.12352
308.04851
307.98843
307.94346
307.91356
307.89865
308.8323
308.86016
308.90978
308.96223
309.0117
309.05792
309.10318
309.15268
309.20864
309.27018
309.3289
309.35832
309.35039
309.30705
309.24314
309.20186
309.19717
309.22729
309.27098
309.26515
309.18818
309.03852
308.83476
308.63701
308.46432
308.31946
308.2008
308.10588
308.0325
307.97892
307.94388
307.92655
308.97015
309.00304
309.06144
309.12399
309.18354
309.23951
309.29458
309.35466
309.42224
309.49586
309.5652
309.60056
309.59251
309.54392
309.47309
309.42891
309.42807
309.46788
309.52218
309.51934
309.43285
309.26063
309.02505
308.79397
308.59107
308.42095
308.28219
308.17191
308.08722
308.02576
307.98574
307.96602
309.07052
309.10478
309.16564
309.23137
309.29445
309.3541
309.41291
309.47676
309.54802
309.62498
309.69693
309.73375
309.72586
309.67641
309.60434
309.55932
309.55835
309.59838
309.65222
309.64687
309.55489
309.37411
309.12762
308.88461
308.66994
308.48905
308.34097
308.22301
308.13231
308.06644
308.02355
308.00241
309.1383
309.17247
309.23316
309.29856
309.36112
309.42003
309.47785
309.54047
309.6103
309.68567
309.75597
309.79114
309.78169
309.73081
309.65747
309.6113
309.60927
309.64821
309.70086
309.69409
309.60044
309.4177
309.16902
308.92365
308.70658
308.52334
308.37308
308.25318
308.16086
308.09373
308.04998
308.02841
309.18345
309.21631
309.27451
309.33647
309.39476
309.4486
309.50054
309.55647
309.61902
309.68697
309.75036
309.77989
309.76649
309.71328
309.63869
309.59152
309.58819
309.62559
309.67701
309.67032
309.57866
309.3999
309.15661
308.91709
308.70551
308.52696
308.38043
308.26332
308.17298
308.10718
308.06423
308.04303
309.22243
309.25156
309.30306
309.35691
309.40621
309.44981
309.48946
309.53017
309.57441
309.62212
309.66612
309.68144
309.66134
309.60869
309.53884
309.49491
309.4901
309.52109
309.56448
309.55484
309.46901
309.30523
309.08314
308.86483
308.67122
308.50656
308.37016
308.26013
308.17456
308.11181
308.07066
308.05029
309.29958
309.31956
309.3544
309.39464
309.43339
309.46654
309.49165
309.50714
309.51229
309.50703
309.49181
309.46778
309.43714
309.40385
309.37446
309.35739
309.35478
309.36044
309.35857
309.32525
309.24695
309.12298
308.96565
308.79828
308.63734
308.49192
308.36629
308.26206
308.17948
308.11819
308.07769
308.05757
309.54829
309.59336
309.67207
309.74946
309.81359
309.86108
309.88888
309.8891
309.85885
309.79857
309.7157
309.63561
309.56648
309.51146
309.47674
309.47883
309.52263
309.60289
309.69236
309.71184
309.63437
309.45884
309.20991
308.96463
308.74843
308.56598
308.41597
308.29574
308.20272
308.13479
308.09037
308.06841
309.71464
309.76656
309.85663
309.94543
310.0181
310.06962
310.09579
310.08768
310.04238
309.96157
309.85564
309.75454
309.66951
309.60543
309.56965
309.57982
309.64038
309.74349
309.8559
309.88869
309.80973
309.61747
309.34094
309.066
308.82313
308.61879
308.45178
308.31886
308.21673
308.14257
308.09428
308.07048
309.76365
309.81683
309.90893
309.99974
310.07362
310.12496
310.1492
310.13724
310.08633
309.99864
309.88541
309.77761
309.68739
309.62025
309.58396
309.59617
309.66092
309.76937
309.88673
309.92235
309.84296
309.64683
309.36376
309.081
308.83025
308.61878
308.44576
308.30807
308.20234
308.12564
308.07575
308.05117
309.69927
309.75208
309.84348
309.93328
310.00591
310.05581
310.0785
310.06494
310.01246
309.92331
309.80879
309.69993
309.60892
309.54131
309.50486
309.51723
309.5825
309.69185
309.81052
309.8479
309.7707
309.57716
309.29698
309.01729
308.76967
308.56124
308.39104
308.25585
308.15222
308.07714
308.02835
308.00434
309.51714
309.56769
309.65513
309.74022
309.80831
309.8546
309.87514
309.86124
309.81026
309.72414
309.61355
309.50868
309.4209
309.35512
309.3187
309.3292
309.39115
309.49682
309.61322
309.65165
309.58009
309.39687
309.13069
308.86684
308.63523
308.44178
308.2848
308.16069
308.06585
307.99731
307.95282
307.93094
309.20483
309.2464
309.31847
309.38674
309.43992
309.47514
309.48984
309.47652
309.43284
309.35992
309.26605
309.17739
309.10253
309.04445
309.0087
309.011
309.05597
309.13888
309.23379
309.26309
309.20085
309.04585
308.82154
308.60294
308.41351
308.25636
308.12906
308.02829
307.95108
307.89508
307.85864
307.84068
308.79371
308.80423
308.82187
308.8403
308.85472
308.86197
308.8598
308.84647
308.82172
308.78697
308.74567
308.70324
308.66378
308.63023
308.60498
308.58989
308.58404
308.58271
308.57638
308.55144
308.5003
308.42267
308.32564
308.2225
308.12281
308.03201
307.95288
307.88666
307.83376
307.79425
307.76801
307.75493
308.56729
308.56938
308.57263
308.57545
308.57616
308.57334
308.56591
308.55329
308.53551
308.5132
308.48763
308.46037
308.43294
308.40651
308.38171
308.35853
308.33595
308.31193
308.28363
308.24813
308.20367
308.15041
308.0904
308.02702
307.9638
307.90376
307.84923
307.80192
307.76301
307.73328
307.71322
307.70313
308.64887
308.65999
308.68027
308.70623
308.73521
308.76565
308.79676
308.8281
308.85866
308.88637
308.90775
308.91843
308.91644
308.903
308.88254
308.86151
308.84289
308.82473
308.80008
308.75844
308.69369
308.60581
308.5011
308.39079
308.28373
308.18552
308.09935
308.02682
307.96864
307.92505
307.89605
307.88158
308.79033
308.81525
308.8594
308.90742
308.95371
308.9976
309.04091
309.08772
309.13967
309.19539
309.24686
309.27265
309.26549
309.22746
309.17239
309.13526
309.1287
309.15061
309.18117
309.16905
309.09432
308.95562
308.77024
308.5871
308.42463
308.28688
308.17326
308.08198
308.01119
307.95941
307.92549
307.90872
308.92288
308.95239
309.00458
309.06197
309.11772
309.17084
309.22347
309.28026
309.34308
309.40996
309.47113
309.50237
309.49521
309.45263
309.39158
309.35199
309.34888
309.37929
309.41892
309.40899
309.32514
309.16553
308.95086
308.7368
308.54604
308.38447
308.2518
308.14588
308.0643
308.00497
307.96629
307.94722
309.02046
309.05125
309.10576
309.16615
309.22524
309.28186
309.33804
309.3984
309.46468
309.5347
309.5983
309.63089
309.62389
309.58051
309.51831
309.4779
309.47461
309.50511
309.54415
309.5317
309.44257
309.27479
309.04977
308.82436
308.6224
308.45055
308.30896
308.19567
308.10831
308.04474
308.0033
307.98286
309.08697
309.11768
309.17201
309.23206
309.29064
309.34652
309.40174
309.46089
309.52577
309.59424
309.65622
309.6872
309.67866
309.63387
309.57042
309.52888
309.52452
309.55395
309.5918
309.57796
309.48719
309.3175
309.09034
308.86264
308.65835
308.48421
308.3405
308.22533
308.1364
308.07161
308.02934
308.00848
309.13184
309.1613
309.21327
309.27003
309.32451
309.37552
309.42506
309.4778
309.5357
309.59706
309.65243
309.67799
309.66561
309.6185
309.55373
309.51115
309.50554
309.5335
309.57024
309.55649
309.46759
309.30161
309.07947
308.85723
308.65809
308.48837
308.34817
308.23564
308.14859
308.08505
308.04353
308.02302
309.17114
309.19719
309.24301
309.2922
309.33815
309.37937
309.41714
309.45537
309.49598
309.53836
309.57566
309.58785
309.56891
309.52183
309.46088
309.42098
309.41401
309.43642
309.46634
309.45029
309.3669
309.2146
309.01168
308.80885
308.62633
308.46957
308.33888
308.23304
308.15049
308.08986
308.05005
308.03033
309.24773
309.26612
309.2982
309.33555
309.37176
309.40281
309.4263
309.44066
309.4452
309.43981
309.42495
309.40176
309.37241
309.34068
309.31258
309.29538
309.29078
309.29282
309.28693
309.25198
309.17569
309.05744
308.90848
308.74952
308.59591
308.4565
308.33568
308.23518
308.1554
308.09612
308.05692
308.03743
309.48228
309.52209
309.59107
309.66061
309.7191
309.7624
309.78712
309.78665
309.75849
309.70346
309.62879
309.55523
309.49093
309.43976
309.40783
309.40843
309.4453
309.51217
309.58305
309.59322
309.5177
309.35548
309.1295
308.90263
308.69942
308.5261
308.3826
308.26709
308.17745
308.11186
308.06891
308.04767
309.64055
309.68652
309.76568
309.84552
309.91172
309.95852
309.98144
309.97297
309.9306
309.85637
309.76027
309.66713
309.58799
309.52837
309.4955
309.50359
309.55586
309.64348
309.73494
309.75703
309.68007
309.50265
309.25164
308.99753
308.76955
308.57571
308.41618
308.28863
308.19032
308.11879
308.07216
308.04915
309.68663
309.73374
309.81476
309.89643
309.96369
310.01025
310.03126
310.01907
309.97132
309.89054
309.78749
309.68798
309.60389
309.54137
309.50799
309.51798
309.57415
309.66673
309.76278
309.78749
309.71013
309.52911
309.27201
309.01057
308.77518
308.5746
308.40937
308.27729
308.17556
308.10161
308.05344
308.0297
309.62328
309.67004
309.75038
309.83107
309.89711
309.94227
309.96178
309.94803
309.89876
309.81656
309.71226
309.61172
309.52687
309.46388
309.43034
309.4405
309.49718
309.59064
309.68797
309.71439
309.63916
309.46065
309.20635
308.9479
308.71554
308.51791
308.35542
308.22577
308.12606
308.05369
308.0066
307.9834
309.44649
309.49114
309.56777
309.64402
309.70577
309.74751
309.76498
309.7509
309.70302
309.62366
309.52304
309.42624
309.34442
309.28316
309.24966
309.25809
309.31171
309.40184
309.49719
309.52477
309.455
309.28634
309.04533
308.80195
308.58486
308.40156
308.25173
308.13271
308.04147
307.97538
307.93244
307.91129
309.14586
309.18233
309.24495
309.30573
309.35367
309.38514
309.39721
309.38369
309.3426
309.27541
309.19015
309.10831
309.03843
308.98423
308.95122
308.95201
308.99008
309.05965
309.13596
309.15574
309.09495
308.95248
308.7501
308.54882
308.37133
308.22234
308.10074
308.00399
307.9296
307.87555
307.84032
307.82294
308.75483
308.76437
308.78032
308.79704
308.81004
308.81627
308.81355
308.80031
308.77634
308.743
308.70353
308.66282
308.62475
308.59214
308.56722
308.55156
308.54414
308.54041
308.53157
308.50554
308.4554
308.38092
308.28856
308.19016
308.09464
308.00731
307.93097
307.86693
307.8157
307.77738
307.75191
307.73921
308.53787
308.53974
308.54262
308.54502
308.54535
308.54225
308.53471
308.52216
308.50464
308.48276
308.45771
308.43098
308.40401
308.37789
308.35325
308.33003
308.30726
308.28302
308.25463
308.21938
308.17568
308.12366
308.06528
308.00371
307.9423
307.88394
307.83092
307.78489
307.74701
307.71806
307.69852
307.68868
308.61526
308.62561
308.64453
308.66894
308.69638
308.7253
308.75487
308.78454
308.81327
308.83902
308.85859
308.86816
308.866
308.85324
308.83387
308.81342
308.79445
308.77514
308.74914
308.70738
308.64435
308.5601
308.46038
308.35512
308.25258
308.15821
308.07516
308.00511
307.94885
307.90664
307.87854
307.86451
308.74835
308.77032
308.80903
308.85262
308.89573
308.93729
308.97865
309.02275
309.07069
309.1206
309.16484
309.18701
309.18061
309.14789
309.10163
309.06865
309.06022
309.07393
309.09139
309.073
309.00051
308.87275
308.70572
308.53718
308.38492
308.25429
308.14572
308.05806
307.98987
307.93988
307.9071
307.89087
308.8756
308.90173
308.94773
308.99996
309.0519
309.10219
309.15237
309.20587
309.26392
309.32407
309.37708
309.40421
309.39794
309.36136
309.31007
309.27505
309.26968
309.29071
309.3157
309.29869
309.21749
309.07046
308.87668
308.67961
308.501
308.34798
308.2214
308.11984
308.04137
307.98417
307.94683
307.9284
308.97038
308.99771
309.04588
309.10092
309.15602
309.20961
309.26316
309.32003
309.38135
309.44442
309.49969
309.52807
309.52194
309.48462
309.43226
309.39646
309.39085
309.41184
309.43611
309.41658
309.33029
309.1755
308.97192
308.76411
308.57484
308.41203
308.27692
308.16832
308.0843
308.02304
307.98304
307.9633
309.03563
309.06287
309.11086
309.16557
309.22016
309.27303
309.32562
309.38131
309.44125
309.50281
309.55649
309.58329
309.57566
309.53696
309.48336
309.44643
309.43976
309.45968
309.48277
309.46188
309.37398
309.21733
309.01166
308.80162
308.6101
308.44507
308.30791
308.19747
308.11193
308.04949
308.00868
307.98853
309.08021
309.10628
309.15202
309.20359
309.25426
309.30244
309.34959
309.39913
309.45239
309.50716
309.55453
309.57612
309.56475
309.52373
309.46876
309.43076
309.42286
309.44142
309.46351
309.44272
309.35657
309.20335
309.00234
308.79737
308.61065
308.44976
308.3159
308.20795
308.12418
308.06291
308.02282
308.003
309.11983
309.1428
309.18295
309.22749
309.27009
309.30893
309.34482
309.38058
309.41755
309.45461
309.48521
309.49429
309.47651
309.43499
309.38292
309.34704
309.33791
309.35175
309.36823
309.34579
309.26484
309.12401
308.94022
308.75287
308.58142
308.43256
308.30759
308.20593
308.12641
308.06789
308.02942
308.01035
309.19587
309.21266
309.24197
309.27644
309.3101
309.33906
309.36092
309.37417
309.37809
309.37257
309.35808
309.33573
309.30765
309.27748
309.25068
309.23336
309.22676
309.22518
309.21527
309.1787
309.10441
308.99188
308.8513
308.70074
308.55445
308.42107
308.30504
308.20828
308.13132
308.07405
308.03614
308.01727
309.41625
309.45081
309.51008
309.57179
309.62464
309.66373
309.68537
309.68423
309.65816
309.60838
309.54189
309.47485
309.41539
309.36806
309.33889
309.33801
309.36797
309.42146
309.47379
309.47466
309.40109
309.25217
309.0491
308.84062
308.6504
308.4862
308.34923
308.23842
308.15216
308.08891
308.04745
308.02692
309.56644
309.60646
309.67474
309.74564
309.80536
309.84745
309.86712
309.85828
309.81884
309.7512
309.6649
309.57972
309.50646
309.4513
309.42133
309.42735
309.47133
309.54348
309.61402
309.62543
309.55048
309.38788
309.16235
308.92905
308.71596
308.53262
308.38056
308.25839
308.1639
308.095
308.05002
308.02782
309.60958
309.65065
309.7206
309.79314
309.85378
309.89556
309.91335
309.90092
309.85634
309.78246
309.68958
309.59835
309.52039
309.46248
309.43199
309.43977
309.48737
309.56411
309.63888
309.6527
309.57737
309.41145
309.18025
308.94013
308.72009
308.53041
308.37297
308.2465
308.14876
308.07757
308.03113
308.00822
309.54727
309.58799
309.65728
309.72887
309.78833
309.82875
309.84508
309.83115
309.78509
309.70983
309.61574
309.52351
309.44481
309.38644
309.3558
309.36375
309.41184
309.48944
309.56546
309.58095
309.50769
309.34419
309.11572
308.87849
308.66139
308.47456
308.31978
308.19566
308.0999
308.03023
307.98483
307.96245
309.37583
309.41458
309.48041
309.54784
309.60327
309.64046
309.65486
309.64059
309.59582
309.52321
309.43254
309.3438
309.26794
309.21119
309.1806
309.18695
309.23227
309.30687
309.38122
309.39797
309.32998
309.17586
308.95998
308.73705
308.53448
308.36132
308.21865
308.10472
308.01708
307.95345
307.91203
307.89163
309.08688
309.11825
309.17144
309.22474
309.26745
309.29516
309.30461
309.2909
309.25238
309.19092
309.11425
309.03923
308.97433
308.924
308.89372
308.89299
308.92418
308.98043
309.03818
309.04846
308.98912
308.85915
308.67868
308.4947
308.32915
308.18832
308.0724
307.97967
307.90812
307.856
307.82198
307.80519
308.71594
308.72449
308.73876
308.75376
308.76535
308.77055
308.76729
308.75414
308.73094
308.69901
308.66137
308.62239
308.5857
308.55403
308.52944
308.51322
308.50422
308.4981
308.48675
308.45963
308.4105
308.33915
308.25147
308.15781
308.06646
307.98259
307.90904
307.84719
307.79762
307.7605
307.73581
307.72349
308.50843
308.51009
308.5126
308.51457
308.51452
308.51115
308.50349
308.49102
308.47376
308.45231
308.42778
308.40158
308.37506
308.34927
308.32477
308.30152
308.27856
308.25409
308.22561
308.19062
308.14767
308.0969
308.04015
307.98038
307.92078
307.86412
307.8126
307.76785
307.731
307.70282
307.6838
307.67423
308.57895
308.58859
308.60623
308.62913
308.655
308.68234
308.71029
308.73824
308.76511
308.78897
308.80684
308.81535
308.81294
308.80067
308.78212
308.76211
308.74287
308.72268
308.6958
308.65422
308.59303
308.5123
308.41731
308.31698
308.21898
308.12852
308.04873
307.9813
307.92705
307.88631
307.85916
307.8456
308.70408
308.72375
308.75843
308.7983
308.83842
308.87757
308.91669
308.95803
309.00227
309.04736
309.08632
309.10565
309.09973
309.07075
309.03016
308.99998
308.99003
308.99784
309.00689
308.98445
308.91432
308.79548
308.64227
308.48598
308.34308
308.21935
308.11586
308.03194
307.96647
307.91837
307.88679
307.87114
308.8259
308.84936
308.8907
308.93853
308.98689
309.03423
309.08166
309.13182
309.18545
309.23995
309.28688
309.31076
309.30505
309.27275
309.22783
309.19593
309.18869
309.20285
309.21824
309.19659
309.11817
308.98154
308.80376
308.62113
308.4537
308.309
308.18854
308.09148
308.01625
307.9613
307.92538
307.90763
308.91771
308.94229
308.98565
309.03613
309.08745
309.1379
309.18851
309.24183
309.29851
309.35573
309.40476
309.42978
309.42419
309.3912
309.34529
309.31263
309.30509
309.31909
309.33367
309.30952
309.22622
309.08223
308.8952
308.70241
308.5249
308.37089
308.24233
308.13855
308.05803
307.99919
307.96073
307.94172
308.9816
309.00609
309.04927
309.09941
309.15023
309.19997
309.24963
309.30179
309.35713
309.41288
309.46035
309.48384
309.47677
309.44243
309.39529
309.36152
309.35292
309.36586
309.37927
309.35379
309.2689
309.1231
308.93405
308.73911
308.55941
308.40326
308.27271
308.16716
308.08516
308.02518
307.98594
307.96654
309.02584
309.04922
309.09027
309.13742
309.18449
309.22975
309.27421
309.32049
309.36946
309.41874
309.4602
309.4787
309.46801
309.43136
309.38282
309.34795
309.33816
309.34981
309.3623
309.33692
309.25366
309.11103
308.92626
308.73602
308.56078
308.4085
308.28103
308.17781
308.09747
308.03859
308.00002
307.98094
309.06561
309.08616
309.12208
309.16269
309.20216
309.23852
309.27227
309.3055
309.33917
309.37191
309.39778
309.40453
309.38763
309.3501
309.30377
309.27058
309.25965
309.26723
309.27501
309.24842
309.17005
309.03868
308.86947
308.69526
308.53406
308.39291
308.27373
308.17638
308.10003
308.04374
308.00669
307.98832
309.14047
309.15583
309.18269
309.21448
309.24567
309.27255
309.29278
309.30489
309.30817
309.3025
309.28832
309.26675
309.23982
309.21095
309.18512
309.16756
309.15919
309.15457
309.14156
309.10394
309.03179
308.92465
308.79176
308.64919
308.51013
308.38285
308.27178
308.17892
308.10492
308.04978
308.01325
307.99506
309.34733
309.37786
309.43007
309.48537
309.53325
309.56864
309.58779
309.58612
309.56181
309.51621
309.45578
309.39406
309.33873
309.29449
309.26698
309.26445
309.28855
309.33175
309.37148
309.36586
309.29436
309.15618
308.97029
308.77725
308.59894
308.4436
308.31318
308.20722
308.1245
308.06373
308.02383
308.00407
309.48931
309.5247
309.58494
309.64847
309.70248
309.74041
309.75749
309.74847
309.7116
309.64937
309.5706
309.49205
309.4239
309.37238
309.34414
309.34794
309.38481
309.44486
309.50086
309.50461
309.43179
309.28123
309.07503
308.85932
308.6599
308.48674
308.3422
308.22554
308.13505
308.06892
308.02569
308.00433
309.52938
309.56572
309.62747
309.69246
309.74727
309.78482
309.80005
309.78758
309.74581
309.67767
309.59267
309.50841
309.43581
309.38167
309.35292
309.35833
309.39855
309.46283
309.52273
309.5287
309.45553
309.3019
309.09045
308.8684
308.66249
308.48338
308.33378
308.21308
308.11951
308.05121
308.0066
307.98458
309.46817
309.50418
309.5653
309.62937
309.68304
309.71928
309.7331
309.71917
309.67597
309.6065
309.52032
309.43509
309.36178
309.3072
309.2783
309.28387
309.32458
309.38969
309.45081
309.45839
309.38722
309.23594
309.02713
308.80787
308.6048
308.42845
308.28141
308.16298
308.07133
308.00451
307.9609
307.93939
309.30241
309.33658
309.39446
309.45465
309.50453
309.53774
309.54973
309.53547
309.49346
309.42644
309.34345
309.26147
309.1908
309.13774
309.10889
309.11303
309.1512
309.21365
309.27335
309.28228
309.21618
309.0738
308.8769
308.67117
308.48187
308.31851
308.18301
308.0743
307.99041
307.92936
307.88958
307.86996
309.02551
309.05298
309.0994
309.14666
309.18483
309.2093
309.21675
309.20302
309.16677
309.10997
309.03979
308.9704
308.9098
308.8626
308.83396
308.83157
308.85691
308.90292
308.94801
308.95154
308.89374
308.7737
308.60938
308.43973
308.28498
308.152
308.04176
307.95315
307.88456
307.83448
307.80175
307.78558
308.67417
308.68186
308.69464
308.70809
308.71833
308.72258
308.71882
308.70577
308.68331
308.6527
308.61673
308.57936
308.54398
308.51318
308.48886
308.47208
308.46167
308.45351
308.44015
308.41226
308.3642
308.29582
308.21244
308.1233
308.03607
307.95571
307.88504
307.82549
307.77768
307.74183
307.71797
307.70605
308.47633
308.47778
308.47993
308.48148
308.48105
308.47741
308.46963
308.45724
308.44025
308.41924
308.39524
308.36957
308.34351
308.31805
308.29371
308.27044
308.24733
308.22267
308.19416
308.1595
308.11735
308.06788
308.01281
307.95492
307.8972
307.84233
307.7924
307.74901
307.71326
307.68591
307.66745
307.65815
308.54263
308.55154
308.56791
308.58931
308.61361
308.63937
308.66571
308.69193
308.71695
308.7389
308.75508
308.76252
308.75986
308.74808
308.73035
308.71078
308.69127
308.67021
308.64245
308.60106
308.5417
308.4645
308.37424
308.27883
308.18536
308.09882
308.02228
307.95747
307.90524
307.86597
307.83978
307.82669
308.65979
308.67717
308.70784
308.74399
308.78112
308.81785
308.85474
308.89331
308.93385
308.97413
309.00782
309.02432
309.01887
308.99362
308.95867
308.9313
308.91983
308.92174
308.92241
308.89594
308.82816
308.71824
308.57881
308.43478
308.30123
308.1844
308.08599
308.00581
307.94305
307.89685
307.86647
307.85141
308.77618
308.79698
308.83366
308.87711
308.92188
308.96627
309.01096
309.05776
309.10698
309.15583
309.19671
309.21734
309.21218
309.18415
309.14559
309.11681
309.1077
309.11499
309.12081
309.09453
309.01889
308.89265
308.73085
308.56264
308.4064
308.27001
308.15567
308.0631
307.99111
307.93841
307.90391
307.88685
308.86503
308.88686
308.92543
308.97133
309.01889
309.0662
309.11386
309.16362
309.21568
309.26705
309.30985
309.33152
309.32646
309.2978
309.25831
309.22879
309.21932
309.22635
309.23126
309.20251
309.12219
308.98899
308.81848
308.64071
308.47495
308.32975
308.20773
308.10876
308.03174
307.97533
307.9384
307.92014
308.92755
308.9493
308.98767
309.03325
309.0803
309.12691
309.17364
309.22228
309.27302
309.32295
309.36424
309.38441
309.37791
309.34791
309.30721
309.27659
309.26608
309.27205
309.2758
309.24573
309.16387
309.02891
308.85644
308.67659
308.5087
308.36144
308.2375
308.13683
308.05838
308.00087
307.96319
307.94455
308.97146
308.99215
309.02852
309.07125
309.11473
309.15706
309.19883
309.24185
309.28654
309.33033
309.36589
309.38129
309.37129
309.33901
309.29687
309.26512
309.25344
309.25821
309.26112
309.23116
309.15079
309.01874
308.85019
308.67466
308.51091
308.36722
308.24615
308.14765
308.07074
308.01426
307.9772
307.95886
309.01137
309.02951
309.06121
309.09789
309.13422
309.16811
309.19971
309.23043
309.26079
309.28921
309.31036
309.3148
309.29877
309.26523
309.22461
309.19411
309.18138
309.18271
309.18181
309.15109
309.07529
308.95337
308.79872
308.63765
308.48668
308.35324
308.23984
308.14682
308.07365
308.01959
307.98396
307.96628
309.08506
309.09899
309.12339
309.1525
309.18123
309.20603
309.22463
309.2356
309.23823
309.23241
309.21856
309.19775
309.17197
309.14441
309.11954
309.10175
309.09159
309.08395
309.06784
309.02918
308.95916
308.85741
308.73221
308.59764
308.4658
308.34462
308.2385
308.14954
308.07851
308.0255
307.99034
307.97283
309.2784
309.3049
309.35006
309.39896
309.44188
309.47356
309.49023
309.48804
309.46548
309.42405
309.36967
309.31327
309.26207
309.22091
309.19506
309.19087
309.20912
309.24206
309.26921
309.2571
309.18767
309.06023
308.89149
308.71388
308.54747
308.40098
308.27712
308.17602
308.09683
308.03853
308.0002
307.9812
309.41215
309.44293
309.49514
309.55131
309.59962
309.63339
309.64789
309.63868
309.60438
309.54756
309.4763
309.40439
309.34133
309.29346
309.26694
309.26852
309.29829
309.34625
309.38773
309.38384
309.31315
309.17463
308.98772
308.78959
308.60382
308.44084
308.30382
308.19268
308.10618
308.04283
308.00135
307.98084
309.44916
309.48078
309.53435
309.5918
309.64077
309.67411
309.68679
309.67427
309.63531
309.5729
309.49577
309.41847
309.35122
309.30085
309.27383
309.27687
309.30972
309.36156
309.40661
309.40475
309.33373
309.19238
309.00066
308.79666
308.60487
308.43634
308.29458
308.17964
308.09025
308.02485
307.98207
307.96093
309.38907
309.42037
309.47332
309.52989
309.57776
309.60983
309.62114
309.60722
309.56688
309.50318
309.42491
309.34668
309.27873
309.22795
309.20078
309.20398
309.2373
309.28996
309.33619
309.33589
309.26681
309.12773
308.93855
308.73725
308.54819
308.38232
308.24303
308.13029
308.04274
307.97877
307.93696
307.91632
309.22897
309.25857
309.30852
309.36147
309.4058
309.43504
309.44463
309.43038
309.39113
309.32969
309.25437
309.17914
309.11366
309.06428
309.03718
309.03909
309.07013
309.12044
309.16552
309.16664
309.10245
308.97179
308.79382
308.60528
308.42925
308.27568
308.14736
308.04387
307.96373
307.90527
307.86711
307.84828
308.96412
308.98771
309.02736
309.06859
309.10222
309.12345
309.12891
309.11516
309.08118
309.02905
308.96534
308.90157
308.84527
308.8012
308.7742
308.77013
308.78965
308.82541
308.85788
308.85467
308.79841
308.68828
308.54009
308.38476
308.24081
308.11567
308.01112
307.92663
307.86099
307.81295
307.7815
307.76595
308.63239
308.6392
308.65051
308.6624
308.67131
308.67459
308.67034
308.6574
308.63568
308.60638
308.57208
308.53632
308.50226
308.47231
308.44826
308.43093
308.41911
308.4089
308.39354
308.36488
308.3179
308.25248
308.1734
308.08878
308.00567
307.92883
307.86104
307.80378
307.75772
307.72315
307.70011
307.6886
308.44422
308.44546
308.44724
308.44838
308.44757
308.44365
308.43576
308.42345
308.40673
308.38615
308.36268
308.33755
308.31195
308.28681
308.26264
308.23934
308.21608
308.19124
308.16271
308.12837
308.08703
308.03886
307.98546
307.92944
307.87362
307.82052
307.7722
307.73016
307.69552
307.669
307.65108
307.64206
308.50394
308.5122
308.52738
308.54732
308.57005
308.5942
308.61887
308.64333
308.66652
308.68665
308.70123
308.70764
308.70467
308.69319
308.67605
308.6568
308.63711
308.61546
308.58723
308.5463
308.48886
308.41506
308.32927
308.2386
308.14961
308.06702
307.99381
307.9317
307.88158
307.84385
307.81866
307.80607
308.61364
308.62923
308.65682
308.68983
308.72419
308.75848
308.79299
308.82883
308.86599
308.90225
308.93193
308.94618
308.94092
308.91819
308.88687
308.86133
308.84867
308.84648
308.84183
308.81302
308.74769
308.64513
308.51648
308.38278
308.2577
308.14747
308.05408
307.97769
307.91773
307.8735
307.84437
307.82992
308.72455
308.74324
308.7763
308.816
308.85744
308.89886
308.94066
308.98415
309.02932
309.07342
309.10963
309.12763
309.12272
309.09762
309.06319
309.03645
309.02585
309.02827
309.02788
308.99887
308.9261
308.80852
308.65939
308.50347
308.35739
308.22895
308.12067
308.03265
307.96399
307.91362
307.8806
307.86427
308.81031
308.82995
308.86476
308.90675
308.95077
308.99492
309.03949
309.08573
309.13353
309.17996
309.21791
309.23687
309.23203
309.20632
309.17102
309.14355
309.13255
309.13462
309.13326
309.10182
309.02458
308.90045
308.74313
308.57822
308.42319
308.28644
308.1709
308.07683
308.00339
307.94951
307.91418
307.8967
308.87139
308.89095
308.92556
308.96722
309.01074
309.0542
309.09787
309.143
309.18952
309.23454
309.27103
309.28852
309.28227
309.25526
309.21876
309.1902
309.17817
309.17918
309.17668
309.14394
309.06521
308.93936
308.78015
308.61323
308.45616
308.31742
308.20003
308.10432
308.02951
307.97456
307.93851
307.92066
308.91489
308.93346
308.96617
309.00514
309.04527
309.08466
309.1236
309.16341
309.20418
309.24338
309.27444
309.28738
309.27776
309.24849
309.21054
309.18085
309.16767
309.16754
309.16425
309.13161
309.05423
308.93103
308.77542
308.61246
308.45919
308.32375
308.20901
308.11531
308.04193
307.98794
307.95246
307.93488
308.95478
308.97102
308.99945
309.0328
309.06621
309.09763
309.12696
309.1552
309.18257
309.20749
309.22518
309.22787
309.21245
309.18167
309.14476
309.11597
309.10181
309.09872
309.09223
309.05912
308.98598
308.87195
308.72885
308.57898
308.43738
308.31135
308.20371
308.11508
308.04518
307.99344
307.9593
307.94235
309.02671
309.03938
309.06162
309.08826
309.11465
309.13743
309.15442
309.16425
309.16622
309.16021
309.14663
309.1265
309.10171
309.07522
309.05104
309.03294
309.02125
309.01117
308.99277
308.95361
308.88582
308.78912
308.67096
308.54392
308.41909
308.30399
308.20289
308.11795
308.05
307.99921
307.9655
307.9487
309.20734
309.23074
309.27063
309.31432
309.35295
309.38139
309.39599
309.39336
309.37223
309.3341
309.28431
309.23221
309.18445
309.14572
309.12085
309.11502
309.12845
309.15363
309.17215
309.15573
309.08847
308.96978
308.81441
308.64979
308.49416
308.35612
308.23876
308.14257
308.06702
308.01128
307.97459
307.95639
309.33284
309.36004
309.40619
309.45633
309.49972
309.52988
309.54226
309.53297
309.50087
309.44848
309.38311
309.31669
309.25796
309.21301
309.18749
309.18688
309.21073
309.2494
309.28068
309.27154
309.20307
309.07438
308.90262
308.71934
308.54596
308.39268
308.26308
308.15753
308.07512
308.01464
307.97499
307.95536
309.3667
309.39466
309.44201
309.49328
309.5372
309.56688
309.57748
309.56503
309.52852
309.47085
309.39996
309.32847
309.26579
309.21848
309.19245
309.19318
309.21984
309.26207
309.29661
309.28932
309.22056
309.08928
308.91309
308.72441
308.54544
308.387
308.25299
308.14389
308.05878
307.99639
307.95551
307.9353
309.30779
309.33544
309.38219
309.43262
309.47548
309.50394
309.51323
309.49942
309.46158
309.40268
309.33069
309.2583
309.19495
309.14724
309.12107
309.12196
309.14908
309.19209
309.22778
309.222
309.15511
309.02602
308.85226
308.66617
308.48984
308.33396
308.20232
308.09533
308.012
307.95098
307.91104
307.8913
309.15359
309.17967
309.22365
309.27072
309.31029
309.33609
309.34377
309.32964
309.29279
309.23596
309.16669
309.09708
309.03602
308.98961
308.96353
308.96325
308.98834
309.02929
309.06406
309.05975
308.99754
308.8764
308.7132
308.5391
308.37504
308.23078
308.10952
308.0113
307.935
307.87922
307.84275
307.82474
308.90099
308.92164
308.9563
308.9927
309.02248
309.04095
309.04485
309.03119
308.99917
308.95083
308.89214
308.83299
308.78031
308.73874
308.71271
308.707
308.72171
308.74971
308.77346
308.76564
308.71099
308.60878
308.47292
308.32946
308.19517
308.07745
307.97848
307.89814
307.83553
307.78961
307.7595
307.7446
308.58816
308.59422
308.60424
308.61473
308.62241
308.6248
308.62011
308.60729
308.58627
308.55818
308.52539
308.49111
308.45826
308.4291
308.40526
308.38741
308.37437
308.36247
308.34557
308.31644
308.2706
308.20795
308.13282
308.05246
307.97336
307.90003
307.83517
307.78027
307.73604
307.7028
307.68063
307.66955
308.40972
308.41076
308.41219
308.41293
308.41174
308.40755
308.39956
308.38733
308.37089
308.35074
308.32779
308.3032
308.27806
308.25326
308.22925
308.20595
308.18257
308.15761
308.12911
308.09516
308.05467
308.00784
307.95615
307.90204
307.84816
307.79691
307.75024
307.70964
307.67615
307.6505
307.63318
307.62445
308.46524
308.47284
308.48684
308.50532
308.52649
308.54902
308.57202
308.59473
308.61607
308.63438
308.64738
308.65276
308.64947
308.6383
308.62173
308.60282
308.58294
308.56069
308.53199
308.49154
308.43601
308.36562
308.28429
308.19836
308.11385
308.0352
307.96533
307.90593
307.85791
307.82172
307.79754
307.78545
308.56748
308.58129
308.6058
308.63566
308.66725
308.6991
308.73124
308.76434
308.79813
308.83038
308.85606
308.86806
308.86299
308.84277
308.81507
308.79135
308.77751
308.77122
308.76126
308.73013
308.66724
308.57204
308.45416
308.33077
308.21417
308.11052
308.02217
307.94957
307.8924
307.85013
307.82226
307.80842
308.67291
308.6895
308.71894
308.7549
308.793
308.83146
308.87037
308.91054
308.95166
308.99102
309.02255
309.03795
309.03327
309.01109
308.98079
308.95608
308.944
308.94155
308.93498
308.90325
308.83335
308.72442
308.58794
308.44429
308.30838
308.18787
308.08566
308.00218
307.93686
307.88882
307.85729
307.84167
308.75558
308.77304
308.80409
308.84216
308.88266
308.92365
308.96513
309.00785
309.05139
309.09287
309.12599
309.14223
309.13761
309.11485
309.08373
309.05831
309.04578
309.04289
309.03528
309.00116
308.92701
308.81192
308.66779
308.51573
308.37143
308.24313
308.13407
308.04488
307.97504
307.92368
307.88995
307.87325
308.81522
308.83259
308.86345
308.90118
308.94118
308.98149
309.02209
309.06373
309.10602
309.14614
309.17783
309.19264
309.18665
309.16261
309.13031
309.10381
309.09025
309.08633
309.07759
309.04219
308.96658
308.84983
308.70387
308.54987
308.4036
308.27339
308.16255
308.07179
308.00063
307.94825
307.91382
307.89677
308.85831
308.87476
308.90383
308.93903
308.97581
309.01226
309.04837
309.08496
309.12182
309.15644
309.18301
309.19349
309.18424
309.15799
309.12422
309.09656
309.08189
309.07688
309.0674
309.03209
308.95771
308.84335
308.70065
308.55026
308.40746
308.28027
308.17187
308.08295
308.01311
307.9616
307.92771
307.9109
308.89817
308.91251
308.93769
308.9677
308.9982
309.02715
309.05421
309.07996
309.10436
309.12577
309.14
309.14096
309.12613
309.09813
309.0649
309.03783
309.02224
309.01472
309.00267
308.96717
308.8967
308.79055
308.65898
308.52031
308.38806
308.26945
308.16756
308.08333
308.0167
307.96728
307.93463
307.9184
308.96835
308.97977
308.99983
309.02401
309.04806
309.06882
309.0842
309.09288
309.0942
309.08801
309.0747
309.05525
309.03144
309.00601
308.98252
308.96412
308.95089
308.93838
308.9177
308.87804
308.81248
308.72082
308.60971
308.49019
308.37238
308.26334
308.16728
308.08635
308.02147
307.97292
307.94065
307.92456
309.13626
309.15657
309.1912
309.22968
309.26403
309.28924
309.30176
309.2987
309.27901
309.24416
309.19896
309.15116
309.10683
309.07053
309.04662
309.03915
309.04777
309.06521
309.07512
309.05439
308.9893
308.87936
308.73733
308.5857
308.44084
308.31125
308.20038
308.10911
308.0372
307.98402
307.94897
307.93157
309.25352
309.27715
309.31724
309.36137
309.39983
309.42638
309.43665
309.42728
309.39739
309.34941
309.28993
309.22899
309.17459
309.13256
309.10802
309.10524
309.12317
309.15255
309.17366
309.15927
309.09304
308.97418
308.81753
308.6491
308.48808
308.34451
308.22233
308.12236
308.04405
307.98645
307.94862
307.92988
309.28423
309.30853
309.34967
309.39478
309.43365
309.45967
309.4682
309.45581
309.42174
309.36882
309.30416
309.23848
309.18037
309.13611
309.11107
309.10948
309.12996
309.16258
309.18665
309.17394
309.10744
308.98621
308.82553
308.65215
308.486
308.33766
308.21139
308.10812
308.0273
307.96791
307.92895
307.90966
309.22649
309.2505
309.29107
309.33537
309.37322
309.39807
309.40534
309.39165
309.35631
309.30218
309.23647
309.16992
309.11117
309.06652
309.04135
309.03992
309.06085
309.09423
309.1194
309.10815
309.04344
308.92433
308.76599
308.59509
308.43147
308.28559
308.1616
308.06036
307.98124
307.92317
307.88511
307.86628
309.07821
309.10077
309.13878
309.17997
309.21478
309.23716
309.24292
309.22892
309.19447
309.14224
309.07902
309.01503
308.95837
308.91494
308.88987
308.88741
308.90655
308.93815
308.96263
308.95291
308.89267
308.78104
308.63258
308.47292
308.32082
308.18587
308.07166
307.97872
307.90625
307.85315
307.81838
307.80119
308.83786
308.85557
308.88524
308.91682
308.94275
308.95847
308.9608
308.94724
308.91717
308.87262
308.81894
308.76441
308.71536
308.67628
308.65122
308.64386
308.65376
308.67402
308.68906
308.67665
308.6236
308.52932
308.40576
308.27416
308.14952
308.03922
307.94583
307.86965
307.81006
307.76625
307.73748
307.72323
308.54392
308.54922
308.55796
308.56705
308.5735
308.575
308.56988
308.55717
308.53685
308.50996
308.47868
308.44588
308.41424
308.38588
308.36225
308.34389
308.32961
308.31603
308.2976
308.268
308.2233
308.16342
308.09223
308.01613
307.94104
307.87122
307.80929
307.75676
307.71436
307.68244
307.66114
307.65048
308.37521
308.37605
308.37713
308.37746
308.3759
308.37145
308.36334
308.3512
308.33503
308.31531
308.29289
308.26883
308.24416
308.21969
308.19585
308.17255
308.14905
308.12397
308.0955
308.06194
308.02231
307.9768
307.92682
307.87462
307.82269
307.77329
307.72829
307.68911
307.65677
307.632
307.61526
307.60682
308.4245
308.43149
308.44439
308.46148
308.48109
308.50199
308.5233
308.54424
308.56378
308.58034
308.59184
308.59623
308.59256
308.58154
308.56536
308.54668
308.52669
308.5041
308.47527
308.43555
308.382
308.31488
308.23777
308.15639
308.07625
308.00155
307.93504
307.87841
307.83255
307.79795
307.77482
307.76324
308.5198
308.53219
308.55427
308.58145
308.61047
308.63991
308.66964
308.70006
308.73077
308.75964
308.78216
308.79231
308.78721
308.7686
308.74317
308.72059
308.70587
308.69684
308.68365
308.65145
308.59106
308.50204
308.39286
308.27827
308.16931
308.0719
307.98848
307.91967
307.86534
307.8251
307.79852
307.78531
308.61976
308.63467
308.66121
308.69395
308.72895
308.76449
308.80047
308.83741
308.87484
308.91016
308.93798
308.95121
308.9465
308.9262
308.89854
308.8751
308.86189
308.85611
308.84567
308.81263
308.74566
308.64406
308.51792
308.38478
308.25808
308.1451
308.04881
307.96988
307.90794
307.86229
307.83228
307.8174
308.69924
308.71496
308.74298
308.77766
308.81486
308.85274
308.89109
308.93037
308.97001
309.00726
309.03651
309.05049
309.0458
309.02496
308.9965
308.97236
308.95866
308.95237
308.94085
308.90549
308.8345
308.72712
308.59383
308.45285
308.31832
308.19804
308.09533
308.01104
307.94485
307.89607
307.86399
307.84809
308.75737
308.77299
308.80082
308.83516
308.87188
308.90908
308.94657
308.9848
309.02323
309.05916
309.08702
309.0996
309.09358
309.07148
309.04187
309.01666
309.00194
308.99462
308.98199
308.94538
308.87296
308.76397
308.62892
308.48608
308.34966
308.22755
308.12315
308.03734
307.96989
307.92013
307.88739
307.87115
308.8
308.81475
308.8409
308.87286
308.90654
308.94009
308.97334
309.0068
309.04011
309.07086
309.09388
309.10237
309.09322
309.06895
309.03787
309.0115
308.99568
308.98732
308.974
308.93743
308.86611
308.75928
308.62717
308.48759
308.35432
308.23497
308.13279
308.04867
307.98242
307.93346
307.9012
307.88519
308.83966
308.85249
308.87506
308.90221
308.93003
308.95655
308.98132
309.00466
309.02638
309.04491
309.05653
309.05614
309.04168
309.01553
308.98466
308.95864
308.94193
308.93139
308.91588
308.87928
308.81154
308.71209
308.58996
308.46095
308.33723
308.2257
308.12947
308.04965
307.98635
307.93932
307.90821
307.89273
308.90759
308.9179
308.93606
308.958
308.97983
308.99865
309.01246
309.02001
309.02065
309.01425
309.00115
308.98229
308.95931
308.93472
308.9117
308.89296
308.87844
308.86404
308.84177
308.80207
308.73883
308.65189
308.54725
308.43478
308.32371
308.22065
308.12963
308.05278
307.99106
307.9448
307.91403
307.89867
309.0636
309.08154
309.11214
309.14638
309.17706
309.19944
309.21021
309.20676
309.1882
309.15595
309.11429
309.06994
309.02844
308.99403
308.97066
308.96166
308.9664
308.97807
308.9821
308.95868
308.89584
308.79315
308.66185
308.52126
308.38613
308.26454
308.16003
308.07368
308.00546
307.95492
307.92156
307.90498
309.1727
309.19356
309.22898
309.2682
309.30245
309.32588
309.3344
309.325
309.29697
309.25261
309.19783
309.14141
309.09062
309.05092
309.02692
309.02211
309.0352
309.05753
309.07149
309.05367
308.98974
308.87903
308.73457
308.57878
308.42892
308.29451
308.17958
308.08519
308.01104
307.95637
307.92043
307.9026
309.20019
309.22165
309.25799
309.29805
309.33261
309.35547
309.3623
309.35003
309.31808
309.26907
309.20945
309.1486
309.09434
309.05254
309.02803
309.02428
309.03968
309.06495
309.0816
309.06531
309.00114
308.88828
308.74015
308.57983
308.42527
308.28648
308.16778
308.07034
307.99387
307.93755
307.90055
307.88222
309.1437
309.16488
309.20067
309.23995
309.27354
309.29528
309.3009
309.28738
309.25421
309.20406
309.14342
309.08174
309.02687
308.98469
308.96006
308.95646
308.9723
308.9983
309.01602
309.00112
308.93868
308.82784
308.68195
308.52401
308.37187
308.23543
308.11891
308.02341
307.94857
307.89352
307.85738
307.83948
309.0015
309.02135
309.05479
309.0912
309.12198
309.14143
309.14564
309.13182
309.09944
309.05102
308.99266
308.93332
308.88038
308.83934
308.81482
308.81033
308.8246
308.84908
308.86629
308.85295
308.79476
308.69094
308.55429
308.40685
308.26548
308.13929
308.03195
307.94425
307.87568
307.82532
307.79229
307.77594
308.77345
308.78894
308.81487
308.84258
308.86529
308.87867
308.87977
308.86636
308.83797
308.79651
308.7468
308.69605
308.65002
308.61293
308.58843
308.57953
308.58556
308.60002
308.60904
308.59361
308.54224
308.45437
308.34051
308.21881
308.10278
307.99942
307.91146
307.83941
307.78289
307.74124
307.71385
307.70027
308.4976
308.50225
308.50989
308.51773
308.52308
308.52377
308.51826
308.50568
308.486
308.46021
308.43029
308.39884
308.36831
308.34065
308.3172
308.29838
308.28307
308.26812
308.24856
308.21876
308.17524
308.11795
308.0504
307.9783
307.90708
307.84072
307.78174
307.73161
307.69108
307.66054
307.64013
307.62992
308.33858
308.33923
308.33999
308.33993
308.33801
308.3333
308.3251
308.31303
308.29714
308.27785
308.25595
308.23242
308.2082
308.18407
308.1604
308.13712
308.11354
308.08839
308.06003
308.02691
307.98818
307.94402
307.89576
307.84549
307.79553
307.74802
307.70473
307.66702
307.6359
307.61203
307.5959
307.58777
308.38375
308.39013
308.40193
308.41762
308.43569
308.45495
308.47456
308.49374
308.51147
308.52629
308.5363
308.5397
308.53564
308.52476
308.50897
308.49053
308.47043
308.4475
308.41854
308.37955
308.32798
308.26414
308.19125
308.1144
308.03865
307.96788
307.90475
307.85087
307.80719
307.77418
307.75209
307.74103
308.4721
308.48309
308.50274
308.52723
308.55369
308.58071
308.60803
308.63578
308.66342
308.6889
308.70827
308.71658
308.71143
308.69442
308.67127
308.64983
308.63423
308.62246
308.60604
308.57279
308.5149
308.43205
308.33157
308.22576
308.12445
308.03328
307.95478
307.88977
307.83828
307.80005
307.77477
307.76219
308.5666
308.57983
308.60348
308.633
308.6649
308.69752
308.73057
308.76428
308.79802
308.82931
308.85341
308.86448
308.85975
308.84133
308.81629
308.79411
308.77977
308.77067
308.75638
308.72204
308.65801
308.56372
308.4479
308.32527
308.20777
308.10231
308.01195
307.93757
307.87901
307.83576
307.80727
307.79313
308.6429
308.65687
308.68186
308.71315
308.74707
308.78182
308.81705
308.85289
308.88863
308.92167
308.94704
308.95876
308.95401
308.93507
308.90927
308.8864
308.87153
308.86186
308.84644
308.80985
308.74202
308.64233
308.51988
308.38997
308.26519
308.15294
308.05659
307.97719
307.91465
307.86845
307.83802
307.82293
308.69952
308.71339
308.73818
308.76914
308.80258
308.83667
308.87105
308.90587
308.94044
308.97218
308.99621
309.00658
309.00053
308.98035
308.95342
308.9295
308.91362
308.90292
308.88641
308.84859
308.77937
308.67813
308.55398
308.42229
308.29571
308.1817
308.08373
308.00289
307.93914
307.892
307.86094
307.84552
308.74168
308.75474
308.77797
308.80669
308.83727
308.86792
308.8983
308.92864
308.9584
308.98528
309.00476
309.01125
309.00221
308.97993
308.95152
308.92644
308.90947
308.89778
308.8806
308.8428
308.77454
308.67522
308.55369
308.42493
308.30119
308.18966
308.0937
308.01438
307.95172
307.90531
307.87468
307.85947
308.78114
308.79246
308.81244
308.83673
308.86186
308.88595
308.90842
308.92935
308.94841
308.96405
308.97306
308.97133
308.95723
308.93293
308.90442
308.87944
308.86162
308.84806
308.8291
308.7914
308.7264
308.63365
308.52095
308.40158
308.2864
308.18193
308.09136
308.01596
307.95599
307.91135
307.88177
307.86704
308.84681
308.85603
308.87228
308.89197
308.9116
308.92847
308.94071
308.94712
308.94709
308.94048
308.9276
308.90933
308.88717
308.86342
308.84087
308.82179
308.80598
308.78969
308.76583
308.72611
308.66518
308.58296
308.48478
308.37935
308.27503
308.17795
308.09197
308.0192
307.96064
307.91667
307.88739
307.87277
308.99093
309.0065
309.03308
309.06309
309.09009
309.10966
309.11867
309.11483
309.09741
309.06775
309.02961
308.98872
308.95004
308.91753
308.89469
308.88416
308.88503
308.89094
308.8891
308.863
308.8024
308.70697
308.58638
308.45683
308.33141
308.21782
308.11967
308.03824
307.97372
307.92581
307.89413
307.87838
309.09186
309.10997
309.14071
309.17503
309.20508
309.2254
309.23216
309.22274
309.19657
309.15582
309.10573
309.05382
309.00666
308.96927
308.9458
308.93897
308.94722
308.96252
308.96934
308.9481
308.88648
308.7839
308.65162
308.50846
308.36976
308.24451
308.13682
308.048
307.97801
307.92629
307.89222
307.87532
309.11616
309.13477
309.16631
309.20133
309.23159
309.25129
309.25641
309.24427
309.21443
309.16934
309.11475
309.05872
309.00832
308.96896
308.94498
308.93908
308.9494
308.96734
308.97658
308.95671
308.89487
308.79037
308.65478
308.50751
308.36454
308.23529
308.12416
308.03255
307.96042
307.90718
307.87215
307.85477
309.0609
309.07925
309.11027
309.14454
309.17387
309.19251
309.19647
309.18314
309.15212
309.10594
309.05038
308.99356
308.94257
308.90285
308.87876
308.873
308.88374
308.90239
308.91266
308.89413
308.83395
308.73138
308.59793
308.45293
308.31226
308.18526
308.07621
307.98645
307.91588
307.86385
307.82964
307.81268
308.92478
308.94192
308.9708
309.00245
309.02918
309.04571
309.04837
309.03474
309.00444
308.95981
308.90631
308.85162
308.80239
308.76372
308.73976
308.73324
308.74264
308.76001
308.76997
308.75302
308.69688
308.60087
308.47601
308.34078
308.21014
308.09269
307.99223
307.90978
307.8451
307.79747
307.76618
307.75068
308.70904
308.72231
308.74449
308.76835
308.78783
308.7989
308.79876
308.78549
308.75878
308.7204
308.67466
308.62769
308.58468
308.54957
308.52563
308.5152
308.51735
308.52602
308.52904
308.51061
308.4609
308.37945
308.27526
308.16347
308.05603
307.95961
307.87707
307.80916
307.7557
307.71622
307.6902
307.67729
308.45128
308.45528
308.4618
308.46841
308.47264
308.47252
308.46663
308.45417
308.43514
308.41046
308.38189
308.35179
308.32237
308.29542
308.27214
308.25287
308.23651
308.22021
308.19951
308.16952
308.12718
308.07249
308.00856
307.94046
307.87311
307.81021
307.75418
307.70645
307.6678
307.63863
307.61912
307.60936
308.30195
308.30241
308.30284
308.30239
308.30011
308.29514
308.28684
308.27486
308.25924
308.24038
308.219
308.19599
308.17224
308.14843
308.12494
308.10168
308.07802
308.0528
308.02454
307.99188
307.95403
307.91123
307.86469
307.81634
307.76836
307.72274
307.68116
307.64494
307.61501
307.59206
307.57653
307.5687
308.34126
308.34708
308.35785
308.3722
308.38874
308.40637
308.42428
308.4417
308.45767
308.47081
308.47941
308.48185
308.47736
308.46649
308.45093
308.43265
308.41251
308.38946
308.36066
308.32259
308.27305
308.21237
308.14347
308.07097
307.99948
307.93261
307.87286
307.82178
307.7803
307.74892
307.72791
307.71737
308.42315
308.43302
308.45069
308.47285
308.49693
308.52159
308.54651
308.57168
308.59651
308.61909
308.63589
308.64265
308.63727
308.62118
308.59939
308.57862
308.5624
308.5489
308.5307
308.4973
308.44194
308.3644
308.27113
308.1729
308.07853
307.99325
307.91954
307.8583
307.80967
307.77349
307.74953
307.7376
308.51223
308.52411
308.54539
308.5721
308.60112
308.63089
308.66104
308.69163
308.72199
308.74981
308.77087
308.7801
308.77511
308.7578
308.73435
308.71291
308.69773
308.68648
308.66997
308.63538
308.57431
308.48633
308.37914
308.26562
308.15648
308.05812
307.97353
307.90365
307.84849
307.80766
307.78073
307.76736
308.58529
308.59783
308.62033
308.64865
308.67951
308.71121
308.74333
308.77585
308.80802
308.83739
308.85957
308.86936
308.86432
308.84649
308.82231
308.80018
308.78444
308.77256
308.75492
308.71816
308.65352
308.56051
308.44718
308.32693
308.21105
308.10639
308.01623
307.94169
307.88282
307.83924
307.8105
307.79623
308.64035
308.65279
308.67508
308.70307
308.73345
308.76451
308.7958
308.82733
308.85835
308.88648
308.90736
308.91584
308.90953
308.8905
308.86521
308.84203
308.82529
308.8124
308.79367
308.75571
308.68973
308.59523
308.48026
308.35831
308.2407
308.13438
308.04267
307.96676
307.90674
307.86227
307.83292
307.81834
308.68199
308.69368
308.71451
308.7404
308.7681
308.79593
308.82348
308.85081
308.87733
308.90091
308.91752
308.92234
308.91319
308.89211
308.86536
308.84102
308.82322
308.80936
308.78998
308.75199
308.68683
308.59402
308.48139
308.36204
308.24697
308.14287
308.05296
307.97841
307.91937
307.87554
307.84658
307.83218
308.72109
308.73119
308.74904
308.77085
308.7935
308.81523
308.83543
308.85405
308.87069
308.88393
308.89091
308.88812
308.87419
308.85106
308.82399
308.79959
308.78095
308.76541
308.74448
308.70663
308.64441
308.55746
308.4527
308.34175
308.23437
308.13662
308.05159
307.98058
307.92398
307.88176
307.85375
307.83979
308.78411
308.79237
308.80692
308.82456
308.84213
308.85713
308.86784
308.87314
308.87243
308.86558
308.85287
308.83509
308.81362
308.79052
308.76827
308.74883
308.73195
308.71425
308.68938
308.65001
308.59144
308.51366
308.42144
308.32261
308.22475
308.13353
308.05257
307.9839
307.92854
307.88692
307.85917
307.8453
308.91711
308.93084
308.95428
308.98083
309.00469
309.0218
309.02928
309.02508
309.00856
308.98092
308.94555
308.90744
308.87106
308.84001
308.81743
308.80552
308.80332
308.805
308.79922
308.77166
308.71336
308.62406
308.51231
308.39225
308.27564
308.1696
308.07763
308.00109
307.94029
307.89505
307.8651
307.85019
309.00999
309.02595
309.05305
309.08335
309.10982
309.12745
309.13273
309.12331
309.09872
309.06092
309.01462
308.96645
308.9223
308.88675
308.86352
308.85486
308.85921
308.86921
308.87109
308.8478
308.78853
308.69282
308.57059
308.43828
308.30966
308.19304
308.09238
308.00909
307.94328
307.89454
307.86239
307.84642
309.03106
309.04746
309.07524
309.10612
309.1327
309.1497
309.1534
309.14141
309.11338
309.07156
309.02108
308.96908
308.92191
308.88452
308.86077
308.85292
308.85912
308.87149
308.87554
308.85349
308.79403
308.6966
308.57138
308.43538
308.30289
308.18264
308.07885
307.99302
307.92526
307.87514
307.84211
307.82571
308.97709
308.99324
309.02052
309.05069
309.07639
309.09237
309.09496
309.08184
309.05269
309.00983
308.95843
308.90567
308.85794
308.8202
308.79635
308.78864
308.79524
308.8083
308.81334
308.79257
308.7347
308.6391
308.51592
308.38208
308.25178
308.13366
308.03186
307.94779
307.88151
307.83254
307.80029
307.78429
308.84717
308.86222
308.88754
308.91532
308.93865
308.95269
308.95408
308.94066
308.91215
308.87068
308.82114
308.77031
308.72419
308.68743
308.66373
308.65538
308.66084
308.67284
308.67773
308.65853
308.60447
308.51499
308.39979
308.27499
308.15399
308.04475
307.95094
307.87368
307.8129
307.76804
307.73853
307.7239
308.64371
308.65528
308.67461
308.69538
308.71217
308.72128
308.72014
308.70706
308.68178
308.64594
308.60339
308.55952
308.51903
308.48549
308.46184
308.45005
308.44911
308.4535
308.45241
308.43216
308.38414
308.30799
308.21163
308.10821
308.00844
307.91851
307.84121
307.77738
307.727
307.6897
307.66509
307.65286
308.40322
308.40667
308.41224
308.41774
308.42097
308.42012
308.41388
308.40155
308.38313
308.35944
308.33211
308.30323
308.27482
308.24851
308.22538
308.20571
308.18849
308.17112
308.14962
308.11965
308.07853
308.02627
307.9657
307.90135
307.83772
307.77822
307.72513
307.67982
307.64308
307.61531
307.59672
307.58741
308.26348
308.26376
308.26388
308.26305
308.26043
308.25522
308.24682
308.23494
308.21959
308.20114
308.18027
308.15778
308.13448
308.11101
308.0877
308.06447
308.04077
308.01553
307.98744
307.95527
307.91835
307.87691
307.83209
307.78568
307.73968
307.69598
307.65615
307.62143
307.59274
307.57072
307.55583
307.54831
308.29876
308.30401
308.31376
308.32677
308.34178
308.35779
308.37399
308.38965
308.40385
308.41532
308.42252
308.42399
308.41907
308.40821
308.39288
308.37477
308.35459
308.33141
308.30276
308.26562
308.21812
308.16059
308.09568
308.02753
307.9603
307.89733
307.84095
307.79268
307.75341
307.72366
307.70371
307.69371
308.3742
308.38293
308.39863
308.41847
308.44017
308.46247
308.48498
308.50757
308.5296
308.54928
308.56353
308.56872
308.56311
308.54795
308.52752
308.5074
308.49056
308.47535
308.45537
308.42183
308.36901
308.29676
308.21071
308.12005
308.0326
307.95321
307.88429
307.82682
307.78105
307.74693
307.72429
307.71301
308.45786
308.46838
308.48729
308.5112
308.53735
308.56426
308.5915
308.61898
308.64596
308.67032
308.68833
308.69573
308.69048
308.67428
308.65242
308.6317
308.6157
308.60229
308.58357
308.54874
308.49064
308.40895
308.31039
308.20597
308.10518
308.01393
307.93509
307.86973
307.81797
307.77956
307.75419
307.74157
308.52767
308.53879
308.55879
308.58415
308.61194
308.6406
308.66961
308.69882
308.7274
308.75313
308.77212
308.77997
308.77464
308.75793
308.73536
308.71395
308.69735
308.68327
308.6634
308.62648
308.56504
308.47871
308.37449
308.26388
308.15689
308.05983
307.97586
307.90618
307.85098
307.81003
307.78297
307.76952
308.58116
308.59218
308.61198
308.63701
308.66433
308.69235
308.72055
308.74879
308.77627
308.80079
308.81852
308.82511
308.81855
308.80066
308.77699
308.75456
308.73697
308.72188
308.70095
308.66286
308.60011
308.51234
308.40656
308.29432
308.18569
308.08704
308.0016
307.93062
307.87433
307.83253
307.80489
307.79115
308.62229
308.63261
308.65105
308.67412
308.69894
308.72395
308.74866
308.77298
308.79627
308.81655
308.83029
308.83345
308.82418
308.80431
308.7792
308.75561
308.73697
308.72094
308.69937
308.6612
308.59914
308.51283
308.40909
308.29915
308.19275
308.09607
308.01222
307.94244
307.88701
307.84577
307.81848
307.80489
308.66102
308.66991
308.68564
308.70497
308.72514
308.74451
308.76243
308.77874
308.79298
308.80382
308.80877
308.80492
308.79115
308.7692
308.74356
308.71974
308.70027
308.68276
308.65987
308.62188
308.56243
308.48128
308.38446
308.28192
308.18234
308.09131
308.01181
307.9452
307.89197
307.85217
307.82573
307.81254
308.7214
308.72869
308.74154
308.75714
308.77265
308.78579
308.79497
308.79915
308.79777
308.79068
308.77813
308.76084
308.74005
308.7176
308.69565
308.67586
308.65793
308.63881
308.61292
308.57391
308.51771
308.44435
308.3581
308.26587
308.17447
308.08911
308.01316
307.94859
307.89644
307.85716
307.83094
307.81782
308.84328
308.85517
308.87549
308.89857
308.91929
308.93395
308.9399
308.93534
308.91971
308.8941
308.86149
308.82616
308.79207
308.76249
308.74017
308.72688
308.7216
308.71907
308.70935
308.68034
308.62433
308.54117
308.43825
308.32768
308.21986
308.12136
308.03558
307.96394
307.90685
307.86428
307.83605
307.82199
308.92812
308.94193
308.96539
308.99167
309.01456
309.02951
309.03331
309.02389
309.00088
308.96604
308.92353
308.87908
308.83793
308.80423
308.78123
308.77075
308.77119
308.77592
308.77286
308.74752
308.69061
308.60176
308.48956
308.36811
308.24956
308.14156
308.04794
307.97018
307.90854
307.86278
307.83255
307.81751
308.94597
308.96015
308.98417
309.01091
309.03383
309.04811
309.05039
309.03856
309.01234
308.97378
308.92741
308.87943
308.8355
308.80007
308.77656
308.76676
308.76883
308.77565
308.77453
308.75029
308.69322
308.60284
308.488
308.36324
308.24123
308.12998
308.03354
307.95349
307.8901
307.84309
307.81206
307.79664
308.89328
308.90723
308.93078
308.95684
308.97892
308.99224
308.99347
308.98056
308.95328
308.91373
308.86648
308.81778
308.77331
308.73755
308.71394
308.70428
308.70674
308.71423
308.71404
308.69103
308.63547
308.54684
308.43393
308.31122
308.19129
308.08206
307.9875
307.90912
307.84714
307.80122
307.77093
307.75589
308.76956
308.78251
308.8043
308.8282
308.84812
308.85967
308.8598
308.8466
308.81987
308.78155
308.73597
308.689
308.64599
308.61113
308.58769
308.57751
308.57903
308.58568
308.5855
308.56406
308.5121
308.42914
308.32358
308.2092
308.09784
307.99681
307.90964
307.83758
307.78069
307.73861
307.71087
307.6971
308.57837
308.58826
308.60473
308.62241
308.63652
308.64367
308.64154
308.62864
308.60479
308.57148
308.53212
308.49136
308.45337
308.42141
308.39805
308.38489
308.38087
308.38098
308.37579
308.35373
308.30741
308.23656
308.148
308.05294
307.96084
307.8774
307.80533
307.74559
307.69829
307.66318
307.63997
307.62843
308.35516
308.35805
308.36266
308.36707
308.3693
308.36771
308.36113
308.34893
308.33111
308.30842
308.28231
308.25466
308.22726
308.20159
308.17861
308.15854
308.14046
308.12202
308.09972
308.06978
308.02987
307.98006
307.92283
307.86224
307.80233
307.74622
307.69607
307.65318
307.61835
307.59198
307.57432
307.56546
308.22501
308.22511
308.22491
308.22371
308.22074
308.21528
308.2068
308.195
308.17992
308.1619
308.14153
308.11955
308.09671
308.07357
308.05044
308.02726
308.00351
307.97826
307.95033
307.91865
307.88266
307.84258
307.79948
307.755
307.711
307.66921
307.63113
307.59792
307.57046
307.54938
307.53511
307.52791
308.12571
308.12892
308.13487
308.14281
308.15195
308.16157
308.17107
308.17988
308.1873
308.19247
308.19441
308.1922
308.18539
308.17417
308.15927
308.14159
308.12149
308.09851
308.07134
308.03847
307.99907
307.95352
307.90358
307.85183
307.80091
307.75306
307.70994
307.67273
307.64223
307.61898
307.60331
307.59543
308.17745
308.18257
308.19183
308.20363
308.21658
308.22986
308.24304
308.25585
308.2677
308.27747
308.28332
308.2832
308.27609
308.2626
308.24497
308.22616
308.20769
308.1887
308.16579
308.13439
308.09158
308.03753
307.97557
307.91099
307.84842
307.79096
307.74037
307.69758
307.66307
307.63707
307.61969
307.61099
308.24007
308.24623
308.25735
308.27152
308.2871
308.30311
308.3191
308.33478
308.34952
308.36197
308.36996
308.37106
308.36413
308.35
308.33146
308.31211
308.2938
308.27539
308.25267
308.21995
308.17357
308.11361
308.04398
307.971
307.90025
307.83542
307.77859
307.73076
307.69236
307.66355
307.64436
307.63477
308.29699
308.30348
308.31523
308.33022
308.34674
308.36373
308.3807
308.39731
308.41289
308.42601
308.43442
308.43562
308.42844
308.41379
308.39459
308.37454
308.35553
308.33632
308.31247
308.27806
308.22923
308.16606
308.09263
308.01553
307.94065
307.87194
307.81164
307.76087
307.72011
307.68954
307.66917
307.659
308.34417
308.35057
308.3621
308.37677
308.39283
308.40924
308.42548
308.44125
308.45587
308.46795
308.47526
308.47536
308.46709
308.45138
308.43117
308.41014
308.39018
308.37
308.34516
308.30968
308.25972
308.19532
308.1206
308.04219
307.96599
307.89603
307.83457
307.78277
307.74115
307.70991
307.68909
307.67868
308.38309
308.38899
308.39955
308.41282
308.42708
308.44132
308.45504
308.468
308.47962
308.48866
308.49308
308.4906
308.4802
308.4628
308.44125
308.4191
308.39815
308.3771
308.35159
308.31581
308.266
308.20222
308.12846
308.05117
307.97609
307.9071
307.84643
307.79522
307.754
307.72302
307.70235
307.69201
308.41987
308.42483
308.4336
308.44435
308.45545
308.46583
308.47496
308.48256
308.48822
308.49107
308.48967
308.48241
308.46867
308.44936
308.42685
308.40404
308.38222
308.36007
308.33366
308.29785
308.24939
308.18838
308.11838
308.04514
307.97381
307.90796
307.84971
307.80027
307.76028
307.7301
307.70991
307.69979
308.4686
308.47255
308.47945
308.48767
308.49554
308.50167
308.50501
308.50487
308.50083
308.49272
308.48065
308.46498
308.44639
308.42589
308.40462
308.38343
308.3621
308.33891
308.31082
308.27443
308.22767
308.17077
308.10635
308.03855
307.97154
307.90865
307.85224
307.80383
307.76436
307.7344
307.71428
307.70418
308.54942
308.55569
308.56631
308.57813
308.58822
308.59439
308.59505
308.58911
308.5762
308.5569
308.53282
308.50633
308.47961
308.45448
308.43242
308.41433
308.39952
308.38504
308.36544
308.33424
308.2874
308.22502
308.15138
308.07338
307.99713
307.92673
307.86459
307.81196
307.76951
307.73752
307.71615
307.70546
308.60321
308.61043
308.62256
308.63581
308.64665
308.65244
308.65126
308.6419
308.62412
308.59891
308.56858
308.53631
308.50504
308.47709
308.45423
308.43736
308.42545
308.41475
308.39864
308.36929
308.32178
308.25608
308.17712
308.09285
308.01037
307.93439
307.86758
307.81127
307.76603
307.73208
307.70946
307.69815
308.60838
308.61574
308.62803
308.64131
308.65189
308.65694
308.6545
308.64333
308.62328
308.5955
308.56253
308.52786
308.49465
308.46542
308.44205
308.4254
308.41431
308.40475
308.38971
308.361
308.31344
308.24693
308.16651
308.08042
307.99599
307.91818
307.84977
307.79215
307.74591
307.71124
307.68816
307.67663
308.56087
308.56804
308.57996
308.59272
308.60263
308.60693
308.60366
308.59164
308.57074
308.54217
308.50852
308.47326
308.43963
308.41015
308.3867
308.37018
308.35943
308.35041
308.33615
308.30843
308.26207
308.19695
308.11805
308.03356
307.95076
307.87452
307.80759
307.75128
307.70614
307.67233
307.64983
307.6386
308.46181
308.46837
308.47922
308.49066
308.49923
308.50241
308.4984
308.48612
308.46546
308.43756
308.40483
308.37059
308.33785
308.30899
308.2858
308.26922
308.25824
308.24916
308.23539
308.20916
308.16552
308.10437
308.03048
307.95159
307.87455
307.80386
307.74197
307.69001
307.64842
307.61729
307.5966
307.58627
308.31855
308.32338
308.33122
308.33911
308.34435
308.345
308.33969
308.32758
308.30857
308.28353
308.2544
308.22377
308.19401
308.16698
308.1441
308.12617
308.11254
308.10039
308.08455
308.05881
308.01928
307.96594
307.90268
307.83583
307.77087
307.71134
307.65916
307.61525
307.58
307.55355
307.53592
307.52711
308.16041
308.1614
308.16273
308.16329
308.16195
308.15775
308.14999
308.1383
308.12268
308.1036
308.08188
308.05862
308.03487
308.01148
307.98903
307.96761
307.9467
307.92501
307.90061
307.87149
307.83646
307.7957
307.75077
307.70412
307.65826
307.61523
307.57653
307.5432
307.51592
307.49514
307.48115
307.47412
308.06741
308.06684
308.06547
308.06289
308.05862
308.05224
308.04341
308.03198
308.01796
308.00155
307.98313
307.96315
307.94205
307.92021
307.89782
307.87486
307.85106
307.82593
307.79884
307.76927
307.737
307.70229
307.66593
307.62903
307.59286
307.55867
307.52754
307.50035
307.47783
307.46051
307.44875
307.44282
307.9387
307.93969
307.94155
307.94404
307.94683
307.94957
307.95185
307.95325
307.95336
307.95174
307.94801
307.94184
307.933
307.92137
307.90693
307.8897
307.8697
307.84694
307.8214
307.79316
307.76249
307.72987
307.69606
307.66198
307.62866
307.59711
307.56829
307.54302
307.52199
307.50575
307.49471
307.48912
307.9649
307.96616
307.9685
307.97164
307.97519
307.97873
307.98185
307.9841
307.98501
307.98412
307.98096
307.97513
307.96638
307.95463
307.93997
307.92251
307.90232
307.87933
307.85338
307.82434
307.79234
307.75787
307.72179
307.68525
307.64947
307.61564
307.58481
307.55785
307.53549
307.51825
307.50655
307.50064
308.00483
308.0063
308.00906
308.01275
308.01695
308.02121
308.02506
308.02802
308.02958
308.02923
308.02645
308.0208
308.01202
308.00006
307.98504
307.96711
307.94635
307.92264
307.89571
307.86536
307.83163
307.79503
307.7565
307.71733
307.6789
307.64256
307.60944
307.58052
307.55655
307.5381
307.52558
307.51926
308.04782
308.04936
308.05223
308.05608
308.06045
308.06487
308.06884
308.07188
308.07346
308.07302
308.07005
308.06411
308.05492
308.04244
308.02679
308.00815
307.98658
307.96193
307.93391
307.90228
307.86708
307.82881
307.78847
307.7474
307.70709
307.66894
307.63417
307.60379
307.57862
307.55925
307.5461
307.53947
308.0882
308.08963
308.09229
308.09581
308.09976
308.10364
308.10698
308.10929
308.11006
308.10877
308.10489
308.09802
308.08789
308.07447
308.0579
308.03834
308.01585
307.99029
307.96135
307.92878
307.89261
307.85336
307.81202
307.76998
307.72871
307.68965
307.65405
307.62295
307.59717
307.57732
307.56386
307.55705
308.12472
308.12587
308.12799
308.13071
308.1336
308.13621
308.1381
308.1388
308.13786
308.13482
308.12922
308.1207
308.10905
308.09427
308.07648
308.05585
308.03242
308.00605
307.97642
307.9433
307.90672
307.86716
307.82563
307.78344
307.74208
307.70293
307.66725
307.63607
307.61021
307.59029
307.57677
307.56994
308.15939
308.16014
308.16144
308.16296
308.16428
308.16497
308.16462
308.16284
308.15926
308.15352
308.14531
308.1344
308.12067
308.10415
308.08496
308.0632
308.03888
308.01181
307.9817
307.94833
307.91172
307.87238
307.83121
307.78948
307.74857
307.70985
307.67451
307.64359
307.61791
307.59811
307.58466
307.57786
308.19553
308.19587
308.19636
308.19665
308.19629
308.19485
308.19191
308.18711
308.18019
308.17099
308.15942
308.14549
308.12927
308.11085
308.0903
308.06761
308.04263
308.0151
307.98468
307.95115
307.91458
307.8754
307.83449
307.79301
307.75229
307.71365
307.67832
307.64733
307.62155
307.60165
307.58812
307.58128
308.23211
308.23235
308.23258
308.2323
308.23096
308.22801
308.22298
308.21556
308.20556
308.19302
308.17809
308.16107
308.14226
308.12189
308.10011
308.07685
308.05183
308.02457
307.99446
307.96099
307.92405
307.88401
307.84183
307.79885
307.75657
307.71645
307.6798
307.6477
307.62103
307.60047
307.5865
307.57944
308.25241
308.25256
308.25254
308.2518
308.2497
308.24564
308.23911
308.22982
308.21767
308.20279
308.18553
308.16634
308.14567
308.12389
308.10115
308.0774
308.05225
308.02506
307.99503
307.96147
307.9241
307.88329
307.84002
307.79573
307.75206
307.71058
307.67268
307.63951
307.61198
307.59076
307.57636
307.56908
308.2439
308.24393
308.24365
308.24249
308.2398
308.23493
308.22742
308.21697
308.20354
308.18734
308.16877
308.14838
308.12669
308.10412
308.08087
308.05685
308.03165
308.00455
307.97467
307.94125
307.90395
307.86309
307.81966
307.77513
307.73116
307.68938
307.6512
307.61778
307.59005
307.56869
307.55419
307.54686
308.20198
308.20187
308.20134
308.19981
308.19665
308.19125
308.18315
308.17209
308.15806
308.14129
308.12222
308.10141
308.07942
308.05667
308.03338
308.00947
307.98454
307.95787
307.92858
307.89591
307.85948
307.81961
307.77726
307.73385
307.69101
307.65033
307.61318
307.58068
307.55372
307.53296
307.51888
307.51177
308.12952
308.12924
308.12838
308.12644
308.12282
308.11699
308.10855
308.09726
308.08314
308.06641
308.04749
308.02692
308.00521
307.98278
307.95985
307.93637
307.91198
307.88606
307.85781
307.82651
307.79187
307.75415
307.71425
307.67351
307.63342
307.59542
307.56077
307.53051
307.50542
307.48612
307.47302
307.46641
308.03798
308.03739
308.03599
308.03338
308.02911
308.02276
308.01404
308.00278
307.98897
307.97282
307.95466
307.93491
307.91399
307.89224
307.86985
307.84681
307.82288
307.79761
307.77042
307.74082
307.70861
307.67408
307.63798
307.60144
307.56568
307.53191
307.50117
307.47434
307.4521
307.43499
307.42337
307.41751
307.94997
307.94893
307.94672
307.94315
307.93797
307.93095
307.92192
307.91078
307.89755
307.88234
307.86535
307.84682
307.82699
307.80607
307.78417
307.7613
307.73737
307.7122
307.68556
307.65734
307.62758
307.59658
307.56488
307.53325
307.50254
307.47361
307.44728
307.42426
307.40514
307.39039
307.38036
307.37529
307.89706
307.89577
307.89314
307.88906
307.88339
307.87601
307.86683
307.85578
307.8429
307.82823
307.81191
307.79408
307.77488
307.75444
307.73284
307.71012
307.68628
307.66127
307.6351
307.6078
307.57955
307.55065
307.52155
307.49283
307.46513
307.43913
307.41549
307.39482
307.37762
307.36435
307.35531
307.35074
