
-- Running command `read_verilog -sv -I. rtl/fp16_add.sv rtl/fp16_mul.sv rtl/bf16_add.sv rtl/bf16_mul.sv rtl/fp16_rsqrt_lut256.sv rtl/bf16_rsqrt_lut256.sv rtl/bank_normalization_local_reducer.sv rtl/bank_normalization_apply.sv rtl/bank_normalization_vector_reducer.sv rtl/bank_normalization_pipelined_vector_reducer.sv rtl/logic_normalization_scalar_engine.sv rtl/logic_normalization_reduction_engine.sv rtl/hierarchical_normalization_datapath.sv; chparam -set DATA_FORMAT 0  logic_normalization_scalar_engine; hierarchy -check -top logic_normalization_scalar_engine; synth -noabc -top logic_normalization_scalar_engine; check -assert; select -assert-none t:$dlatch; stat' --

1. Executing Verilog-2005 frontend: rtl/fp16_add.sv
Parsing SystemVerilog input from `rtl/fp16_add.sv' to AST representation.
Generating RTLIL representation for module `\fp16_add'.
Successfully finished Verilog frontend.

2. Executing Verilog-2005 frontend: rtl/fp16_mul.sv
Parsing SystemVerilog input from `rtl/fp16_mul.sv' to AST representation.
Generating RTLIL representation for module `\fp16_mul'.
Successfully finished Verilog frontend.

3. Executing Verilog-2005 frontend: rtl/bf16_add.sv
Parsing SystemVerilog input from `rtl/bf16_add.sv' to AST representation.
Generating RTLIL representation for module `\bf16_add'.
Successfully finished Verilog frontend.

4. Executing Verilog-2005 frontend: rtl/bf16_mul.sv
Parsing SystemVerilog input from `rtl/bf16_mul.sv' to AST representation.
Generating RTLIL representation for module `\bf16_mul'.
Successfully finished Verilog frontend.

5. Executing Verilog-2005 frontend: rtl/fp16_rsqrt_lut256.sv
Parsing SystemVerilog input from `rtl/fp16_rsqrt_lut256.sv' to AST representation.
Generating RTLIL representation for module `\fp16_rsqrt_lut256'.
Successfully finished Verilog frontend.

6. Executing Verilog-2005 frontend: rtl/bf16_rsqrt_lut256.sv
Parsing SystemVerilog input from `rtl/bf16_rsqrt_lut256.sv' to AST representation.
Generating RTLIL representation for module `\bf16_rsqrt_lut256'.
Successfully finished Verilog frontend.

7. Executing Verilog-2005 frontend: rtl/bank_normalization_local_reducer.sv
Parsing SystemVerilog input from `rtl/bank_normalization_local_reducer.sv' to AST representation.
Generating RTLIL representation for module `\bank_normalization_local_reducer'.
Successfully finished Verilog frontend.

8. Executing Verilog-2005 frontend: rtl/bank_normalization_apply.sv
Parsing SystemVerilog input from `rtl/bank_normalization_apply.sv' to AST representation.
Generating RTLIL representation for module `\bank_normalization_apply'.
Successfully finished Verilog frontend.

9. Executing Verilog-2005 frontend: rtl/bank_normalization_vector_reducer.sv
Parsing SystemVerilog input from `rtl/bank_normalization_vector_reducer.sv' to AST representation.
Generating RTLIL representation for module `\bank_normalization_vector_reducer'.
Warning: Replacing memory \sumsq_tree with list of registers. See rtl/bank_normalization_vector_reducer.sv:42
Warning: Replacing memory \sum_tree with list of registers. See rtl/bank_normalization_vector_reducer.sv:41
Successfully finished Verilog frontend.

10. Executing Verilog-2005 frontend: rtl/bank_normalization_pipelined_vector_reducer.sv
Parsing SystemVerilog input from `rtl/bank_normalization_pipelined_vector_reducer.sv' to AST representation.
Generating RTLIL representation for module `\bank_normalization_pipelined_vector_reducer'.
Warning: Replacing memory \sumsq_stage_d with list of registers. See rtl/bank_normalization_pipelined_vector_reducer.sv:54
Warning: Replacing memory \sum_stage_d with list of registers. See rtl/bank_normalization_pipelined_vector_reducer.sv:53
Warning: Replacing memory \sumsq_stage_q with list of registers. See rtl/bank_normalization_pipelined_vector_reducer.sv:109
Warning: Replacing memory \sum_stage_q with list of registers. See rtl/bank_normalization_pipelined_vector_reducer.sv:108
Successfully finished Verilog frontend.

11. Executing Verilog-2005 frontend: rtl/logic_normalization_scalar_engine.sv
Parsing SystemVerilog input from `rtl/logic_normalization_scalar_engine.sv' to AST representation.
Generating RTLIL representation for module `\logic_normalization_scalar_engine'.
Successfully finished Verilog frontend.

12. Executing Verilog-2005 frontend: rtl/logic_normalization_reduction_engine.sv
Parsing SystemVerilog input from `rtl/logic_normalization_reduction_engine.sv' to AST representation.
Generating RTLIL representation for module `\logic_normalization_reduction_engine'.
Successfully finished Verilog frontend.

13. Executing Verilog-2005 frontend: rtl/hierarchical_normalization_datapath.sv
Parsing SystemVerilog input from `rtl/hierarchical_normalization_datapath.sv' to AST representation.
Generating RTLIL representation for module `\hierarchical_normalization_datapath'.
Successfully finished Verilog frontend.
Parameter \DATA_FORMAT = 0

14. Executing AST frontend in derive mode using pre-parsed AST for module `\logic_normalization_scalar_engine'.
Parameter \DATA_FORMAT = 0
Generating RTLIL representation for module `$paramod\logic_normalization_scalar_engine\DATA_FORMAT=s32'00000000000000000000000000000000'.

15. Executing HIERARCHY pass (managing design hierarchy).

15.1. Analyzing design hierarchy..
Top module:  \logic_normalization_scalar_engine
Used module:     \fp16_mul
Used module:     \fp16_add
Used module:     \fp16_rsqrt_lut256

15.2. Analyzing design hierarchy..
Top module:  \logic_normalization_scalar_engine
Used module:     \fp16_mul
Used module:     \fp16_add
Used module:     \fp16_rsqrt_lut256
Removing unused module `\hierarchical_normalization_datapath'.
Removing unused module `\logic_normalization_reduction_engine'.
Removing unused module `\bank_normalization_pipelined_vector_reducer'.
Removing unused module `\bank_normalization_vector_reducer'.
Removing unused module `\bank_normalization_apply'.
Removing unused module `\bank_normalization_local_reducer'.
Removing unused module `\bf16_rsqrt_lut256'.
Removing unused module `\bf16_mul'.
Removing unused module `\bf16_add'.
Removed 9 unused modules.

16. Executing SYNTH pass.

16.1. Executing HIERARCHY pass (managing design hierarchy).

16.1.1. Analyzing design hierarchy..
Top module:  \logic_normalization_scalar_engine
Used module:     \fp16_mul
Used module:     \fp16_add
Used module:     \fp16_rsqrt_lut256

16.1.2. Analyzing design hierarchy..
Top module:  \logic_normalization_scalar_engine
Used module:     \fp16_mul
Used module:     \fp16_add
Used module:     \fp16_rsqrt_lut256
Removed 0 unused modules.

16.2. Executing PROC pass (convert processes to netlists).

16.2.1. Executing PROC_CLEAN pass (remove empty switches from decision trees).
Cleaned up 0 empty switches.

16.2.2. Executing PROC_RMDEAD pass (remove dead branches from decision trees).
Marked 2 switch rules as full_case in process $proc$rtl/logic_normalization_scalar_engine.sv:72$1020 in module logic_normalization_scalar_engine.
Removed 1 dead cases from process $proc$rtl/fp16_rsqrt_lut256.sv:73$444 in module fp16_rsqrt_lut256.
Marked 19 switch rules as full_case in process $proc$rtl/fp16_rsqrt_lut256.sv:73$444 in module fp16_rsqrt_lut256.
Marked 32 switch rules as full_case in process $proc$rtl/fp16_mul.sv:16$143 in module fp16_mul.
Marked 26 switch rules as full_case in process $proc$rtl/fp16_add.sv:28$3 in module fp16_add.
Removed a total of 1 dead cases.

16.2.3. Executing PROC_PRUNE pass (remove redundant assignments in processes).
Removed 0 redundant assignments.
Promoted 64 assignments to connections.

16.2.4. Executing PROC_INIT pass (extract init attributes).

16.2.5. Executing PROC_ARST pass (detect async resets in processes).
Found async reset \rst_ni in `\logic_normalization_scalar_engine.$proc$rtl/logic_normalization_scalar_engine.sv:72$1020'.
Found async reset \rst_ni in `\fp16_rsqrt_lut256.$proc$rtl/fp16_rsqrt_lut256.sv:73$444'.

16.2.6. Executing PROC_ROM pass (convert switches to ROMs).
Converted 1 switch.
<suppressed ~80 debug messages>

16.2.7. Executing PROC_MUX pass (convert decision trees to multiplexers).
Creating decoders for process `\logic_normalization_scalar_engine.$proc$rtl/logic_normalization_scalar_engine.sv:72$1020'.
     1/15: $0\argument_q[15:0]
     2/15: $0\variance_q[15:0]
     3/15: $0\mean_square_q[15:0]
     4/15: $0\epsilon_q[15:0]
     5/15: $0\clamped_q[0:0]
     6/15: $0\state_q[2:0]
     7/15: $0\variance_clamped_o[0:0]
     8/15: $0\inv_std_o[15:0]
     9/15: $0\mean_o[15:0]
    10/15: $0\response_tag_o[15:0]
    11/15: $0\response_rms_norm_o[0:0]
    12/15: $0\response_valid_o[0:0]
    13/15: $0\mean_q[15:0]
    14/15: $0\mode_q[0:0]
    15/15: $0\tag_q[15:0]
Creating decoders for process `\fp16_rsqrt_lut256.$proc$rtl/fp16_rsqrt_lut256.sv:73$444'.
     1/97: $7\approximate_rsqrt$func$rtl/fp16_rsqrt_lut256.sv:79$441.lut_value[15:0]$589
     2/97: $7\approximate_rsqrt$func$rtl/fp16_rsqrt_lut256.sv:79$441.even_exponent[7:0]$585
     3/97: $7\approximate_rsqrt$func$rtl/fp16_rsqrt_lut256.sv:79$441.adjusted_mantissa[11:0]$584
     4/97: $17\approximate_rsqrt$func$rtl/fp16_rsqrt_lut256.sv:79$441.leading_one[31:0]$580
     5/97: $16\approximate_rsqrt$func$rtl/fp16_rsqrt_lut256.sv:79$441.leading_one[31:0]$577
     6/97: $15\approximate_rsqrt$func$rtl/fp16_rsqrt_lut256.sv:79$441.leading_one[31:0]$574
     7/97: $14\approximate_rsqrt$func$rtl/fp16_rsqrt_lut256.sv:79$441.leading_one[31:0]$571
     8/97: $13\approximate_rsqrt$func$rtl/fp16_rsqrt_lut256.sv:79$441.leading_one[31:0]$568
     9/97: $12\approximate_rsqrt$func$rtl/fp16_rsqrt_lut256.sv:79$441.leading_one[31:0]$565
    10/97: $11\approximate_rsqrt$func$rtl/fp16_rsqrt_lut256.sv:79$441.leading_one[31:0]$562
    11/97: $10\approximate_rsqrt$func$rtl/fp16_rsqrt_lut256.sv:79$441.leading_one[31:0]$559
    12/97: $9\approximate_rsqrt$func$rtl/fp16_rsqrt_lut256.sv:79$441.leading_one[31:0]$556
    13/97: $8\approximate_rsqrt$func$rtl/fp16_rsqrt_lut256.sv:79$441.leading_one[31:0]$553
    14/97: $7\approximate_rsqrt$func$rtl/fp16_rsqrt_lut256.sv:79$441.unbiased_exponent[7:0]$547
    15/97: $7\approximate_rsqrt$func$rtl/fp16_rsqrt_lut256.sv:79$441.normalized_mantissa[10:0]$546
    16/97: $7\approximate_rsqrt$func$rtl/fp16_rsqrt_lut256.sv:79$441.$fordecl_block$439.bit_index[31:0]$549
    17/97: $7\approximate_rsqrt$func$rtl/fp16_rsqrt_lut256.sv:79$441.leading_one[31:0]$548
    18/97: $6\approximate_rsqrt$func$rtl/fp16_rsqrt_lut256.sv:79$441.$result[15:0]$534
    19/97: $6\approximate_rsqrt$func$rtl/fp16_rsqrt_lut256.sv:79$441.$fordecl_block$439.bit_index[31:0]$544
    20/97: $6\approximate_rsqrt$func$rtl/fp16_rsqrt_lut256.sv:79$441.leading_one[31:0]$543
    21/97: $6\approximate_rsqrt$func$rtl/fp16_rsqrt_lut256.sv:79$441.lut_value[15:0]$542
    22/97: $6\approximate_rsqrt$func$rtl/fp16_rsqrt_lut256.sv:79$441.index[7:0]$541
    23/97: $6\approximate_rsqrt$func$rtl/fp16_rsqrt_lut256.sv:79$441.delta[11:0]$540
    24/97: $6\approximate_rsqrt$func$rtl/fp16_rsqrt_lut256.sv:79$441.output_exponent[8:0]$539
    25/97: $6\approximate_rsqrt$func$rtl/fp16_rsqrt_lut256.sv:79$441.even_exponent[7:0]$538
    26/97: $6\approximate_rsqrt$func$rtl/fp16_rsqrt_lut256.sv:79$441.unbiased_exponent[7:0]$537
    27/97: $6\approximate_rsqrt$func$rtl/fp16_rsqrt_lut256.sv:79$441.adjusted_mantissa[11:0]$536
    28/97: $6\approximate_rsqrt$func$rtl/fp16_rsqrt_lut256.sv:79$441.normalized_mantissa[10:0]$535
    29/97: $5\approximate_rsqrt$func$rtl/fp16_rsqrt_lut256.sv:79$441.$result[15:0]$518
    30/97: $5\approximate_rsqrt$func$rtl/fp16_rsqrt_lut256.sv:79$441.$fordecl_block$439.bit_index[31:0]$528
    31/97: $5\approximate_rsqrt$func$rtl/fp16_rsqrt_lut256.sv:79$441.leading_one[31:0]$527
    32/97: $5\approximate_rsqrt$func$rtl/fp16_rsqrt_lut256.sv:79$441.lut_value[15:0]$526
    33/97: $5\approximate_rsqrt$func$rtl/fp16_rsqrt_lut256.sv:79$441.index[7:0]$525
    34/97: $5\approximate_rsqrt$func$rtl/fp16_rsqrt_lut256.sv:79$441.delta[11:0]$524
    35/97: $5\approximate_rsqrt$func$rtl/fp16_rsqrt_lut256.sv:79$441.output_exponent[8:0]$523
    36/97: $5\approximate_rsqrt$func$rtl/fp16_rsqrt_lut256.sv:79$441.even_exponent[7:0]$522
    37/97: $5\approximate_rsqrt$func$rtl/fp16_rsqrt_lut256.sv:79$441.unbiased_exponent[7:0]$521
    38/97: $5\approximate_rsqrt$func$rtl/fp16_rsqrt_lut256.sv:79$441.adjusted_mantissa[11:0]$520
    39/97: $5\approximate_rsqrt$func$rtl/fp16_rsqrt_lut256.sv:79$441.normalized_mantissa[10:0]$519
    40/97: $4\approximate_rsqrt$func$rtl/fp16_rsqrt_lut256.sv:79$441.$result[15:0]$506
    41/97: $4\approximate_rsqrt$func$rtl/fp16_rsqrt_lut256.sv:79$441.$fordecl_block$439.bit_index[31:0]$516
    42/97: $4\approximate_rsqrt$func$rtl/fp16_rsqrt_lut256.sv:79$441.leading_one[31:0]$515
    43/97: $4\approximate_rsqrt$func$rtl/fp16_rsqrt_lut256.sv:79$441.lut_value[15:0]$514
    44/97: $4\approximate_rsqrt$func$rtl/fp16_rsqrt_lut256.sv:79$441.index[7:0]$513
    45/97: $4\approximate_rsqrt$func$rtl/fp16_rsqrt_lut256.sv:79$441.delta[11:0]$512
    46/97: $4\approximate_rsqrt$func$rtl/fp16_rsqrt_lut256.sv:79$441.output_exponent[8:0]$511
    47/97: $4\approximate_rsqrt$func$rtl/fp16_rsqrt_lut256.sv:79$441.even_exponent[7:0]$510
    48/97: $4\approximate_rsqrt$func$rtl/fp16_rsqrt_lut256.sv:79$441.unbiased_exponent[7:0]$509
    49/97: $4\approximate_rsqrt$func$rtl/fp16_rsqrt_lut256.sv:79$441.adjusted_mantissa[11:0]$508
    50/97: $4\approximate_rsqrt$func$rtl/fp16_rsqrt_lut256.sv:79$441.normalized_mantissa[10:0]$507
    51/97: $3\approximate_rsqrt$func$rtl/fp16_rsqrt_lut256.sv:79$441.$fordecl_block$439.bit_index[31:0]$505
    52/97: $3\approximate_rsqrt$func$rtl/fp16_rsqrt_lut256.sv:79$441.leading_one[31:0]$504
    53/97: $3\approximate_rsqrt$func$rtl/fp16_rsqrt_lut256.sv:79$441.lut_value[15:0]$503
    54/97: $3\approximate_rsqrt$func$rtl/fp16_rsqrt_lut256.sv:79$441.index[7:0]$502
    55/97: $3\approximate_rsqrt$func$rtl/fp16_rsqrt_lut256.sv:79$441.delta[11:0]$501
    56/97: $3\approximate_rsqrt$func$rtl/fp16_rsqrt_lut256.sv:79$441.output_exponent[8:0]$500
    57/97: $3\approximate_rsqrt$func$rtl/fp16_rsqrt_lut256.sv:79$441.even_exponent[7:0]$499
    58/97: $3\approximate_rsqrt$func$rtl/fp16_rsqrt_lut256.sv:79$441.unbiased_exponent[7:0]$498
    59/97: $3\approximate_rsqrt$func$rtl/fp16_rsqrt_lut256.sv:79$441.adjusted_mantissa[11:0]$497
    60/97: $3\approximate_rsqrt$func$rtl/fp16_rsqrt_lut256.sv:79$441.normalized_mantissa[10:0]$496
    61/97: $3\approximate_rsqrt$func$rtl/fp16_rsqrt_lut256.sv:79$441.$result[15:0]$491
    62/97: $3\approximate_rsqrt$func$rtl/fp16_rsqrt_lut256.sv:79$441.fraction[9:0]$495
    63/97: $3\approximate_rsqrt$func$rtl/fp16_rsqrt_lut256.sv:79$441.exponent[4:0]$494
    64/97: $3\approximate_rsqrt$func$rtl/fp16_rsqrt_lut256.sv:79$441.sign[0:0]$493
    65/97: $3\approximate_rsqrt$func$rtl/fp16_rsqrt_lut256.sv:79$441.value[15:0]$492
    66/97: $2\approximate_rsqrt$func$rtl/fp16_rsqrt_lut256.sv:79$441.$fordecl_block$439.bit_index[31:0]$490
    67/97: $2\approximate_rsqrt$func$rtl/fp16_rsqrt_lut256.sv:79$441.leading_one[31:0]$489
    68/97: $2\approximate_rsqrt$func$rtl/fp16_rsqrt_lut256.sv:79$441.lut_value[15:0]$488
    69/97: $2\approximate_rsqrt$func$rtl/fp16_rsqrt_lut256.sv:79$441.index[7:0]$487
    70/97: $2\approximate_rsqrt$func$rtl/fp16_rsqrt_lut256.sv:79$441.delta[11:0]$486
    71/97: $2\approximate_rsqrt$func$rtl/fp16_rsqrt_lut256.sv:79$441.output_exponent[8:0]$485
    72/97: $2\approximate_rsqrt$func$rtl/fp16_rsqrt_lut256.sv:79$441.even_exponent[7:0]$484
    73/97: $2\approximate_rsqrt$func$rtl/fp16_rsqrt_lut256.sv:79$441.unbiased_exponent[7:0]$483
    74/97: $2\approximate_rsqrt$func$rtl/fp16_rsqrt_lut256.sv:79$441.adjusted_mantissa[11:0]$482
    75/97: $2\approximate_rsqrt$func$rtl/fp16_rsqrt_lut256.sv:79$441.normalized_mantissa[10:0]$481
    76/97: $2\approximate_rsqrt$func$rtl/fp16_rsqrt_lut256.sv:79$441.fraction[9:0]$480
    77/97: $2\approximate_rsqrt$func$rtl/fp16_rsqrt_lut256.sv:79$441.exponent[4:0]$479
    78/97: $2\approximate_rsqrt$func$rtl/fp16_rsqrt_lut256.sv:79$441.sign[0:0]$478
    79/97: $2\approximate_rsqrt$func$rtl/fp16_rsqrt_lut256.sv:79$441.value[15:0]$477
    80/97: $2\approximate_rsqrt$func$rtl/fp16_rsqrt_lut256.sv:79$441.$result[15:0]$476
    81/97: $1\approximate_rsqrt$func$rtl/fp16_rsqrt_lut256.sv:79$441.$fordecl_block$439.bit_index[31:0]$475
    82/97: $1\approximate_rsqrt$func$rtl/fp16_rsqrt_lut256.sv:79$441.leading_one[31:0]$474
    83/97: $1\approximate_rsqrt$func$rtl/fp16_rsqrt_lut256.sv:79$441.lut_value[15:0]$473
    84/97: $1\approximate_rsqrt$func$rtl/fp16_rsqrt_lut256.sv:79$441.index[7:0]$472
    85/97: $1\approximate_rsqrt$func$rtl/fp16_rsqrt_lut256.sv:79$441.delta[11:0]$471
    86/97: $1\approximate_rsqrt$func$rtl/fp16_rsqrt_lut256.sv:79$441.output_exponent[8:0]$470
    87/97: $1\approximate_rsqrt$func$rtl/fp16_rsqrt_lut256.sv:79$441.even_exponent[7:0]$469
    88/97: $1\approximate_rsqrt$func$rtl/fp16_rsqrt_lut256.sv:79$441.unbiased_exponent[7:0]$468
    89/97: $1\approximate_rsqrt$func$rtl/fp16_rsqrt_lut256.sv:79$441.adjusted_mantissa[11:0]$467
    90/97: $1\approximate_rsqrt$func$rtl/fp16_rsqrt_lut256.sv:79$441.normalized_mantissa[10:0]$466
    91/97: $1\approximate_rsqrt$func$rtl/fp16_rsqrt_lut256.sv:79$441.fraction[9:0]$465
    92/97: $1\approximate_rsqrt$func$rtl/fp16_rsqrt_lut256.sv:79$441.exponent[4:0]$464
    93/97: $1\approximate_rsqrt$func$rtl/fp16_rsqrt_lut256.sv:79$441.sign[0:0]$463
    94/97: $1\approximate_rsqrt$func$rtl/fp16_rsqrt_lut256.sv:79$441.value[15:0]$462
    95/97: $1\approximate_rsqrt$func$rtl/fp16_rsqrt_lut256.sv:79$441.$result[15:0]$461
    96/97: $0\output_data_o[15:0]
    97/97: $0\output_valid_o[0:0]
Creating decoders for process `\fp16_mul.$proc$rtl/fp16_mul.sv:16$143'.
     1/68: $7\result_o[15:0]
     2/68: $8\rounded_wide[63:0]
     3/68: $7\round_up[0:0]
     4/68: $7\low_mask[63:0]
     5/68: $6\result_o[15:0]
     6/68: $6\result_exp_field[4:0]
     7/68: $6\exponent[31:0]
     8/68: $7\rounded_wide[63:0]
     9/68: $6\rounded_wide[63:0]
    10/68: $6\round_up[0:0]
    11/68: $6\low_mask[63:0]
    12/68: $5\result_exp_field[4:0]
    13/68: $5\result_o[15:0]
    14/68: $5\exponent[31:0]
    15/68: $5\rounded_wide[63:0]
    16/68: $5\low_mask[63:0]
    17/68: $5\round_up[0:0]
    18/68: $5\shift_amount[31:0]
    19/68: $4\result_o[15:0]
    20/68: $4\exponent[31:0]
    21/68: $4\result_exp_field[4:0]
    22/68: $4\low_mask[63:0]
    23/68: $4\rounded_wide[63:0]
    24/68: $4\shift_amount[31:0]
    25/68: $4\round_up[0:0]
    26/68: $3\result_o[15:0]
    27/68: $3\exponent[31:0]
    28/68: $3\result_exp_field[4:0]
    29/68: $3\low_mask[63:0]
    30/68: $3\rounded_wide[63:0]
    31/68: $3\shift_amount[31:0]
    32/68: $3\round_up[0:0]
    33/68: $2\result_o[15:0]
    34/68: $2\exponent[31:0]
    35/68: $2\result_exp_field[4:0]
    36/68: $2\low_mask[63:0]
    37/68: $2\rounded_wide[63:0]
    38/68: $2\shift_amount[31:0]
    39/68: $2\round_up[0:0]
    40/68: $1\result_o[15:0]
    41/68: $1\exponent[31:0]
    42/68: $1\result_exp_field[4:0]
    43/68: $1\low_mask[63:0]
    44/68: $1\rounded_wide[63:0]
    45/68: $1\shift_amount[31:0]
    46/68: $1\round_up[0:0]
    47/68: $22\msb_index[31:0]
    48/68: $21\msb_index[31:0]
    49/68: $20\msb_index[31:0]
    50/68: $19\msb_index[31:0]
    51/68: $18\msb_index[31:0]
    52/68: $17\msb_index[31:0]
    53/68: $16\msb_index[31:0]
    54/68: $15\msb_index[31:0]
    55/68: $14\msb_index[31:0]
    56/68: $13\msb_index[31:0]
    57/68: $12\msb_index[31:0]
    58/68: $11\msb_index[31:0]
    59/68: $10\msb_index[31:0]
    60/68: $9\msb_index[31:0]
    61/68: $8\msb_index[31:0]
    62/68: $7\msb_index[31:0]
    63/68: $6\msb_index[31:0]
    64/68: $5\msb_index[31:0]
    65/68: $4\msb_index[31:0]
    66/68: $3\msb_index[31:0]
    67/68: $2\msb_index[31:0]
    68/68: $1\msb_index[31:0]
Creating decoders for process `\fp16_add.$proc$rtl/fp16_add.sv:28$3'.
     1/53: $7\result_o[15:0]
     2/53: $6\result_o[15:0]
     3/53: $5\result_o[15:0]
     4/53: $4\result_o[15:0]
     5/53: $3\result_o[15:0]
     6/53: $2\result_o[15:0]
     7/53: $1\result_o[15:0]
     8/53: $16\result_exp[31:0]
     9/53: $1\rounded_sig[11:0]
    10/53: $15\result_exp[31:0]
    11/53: $15\magnitude_ext[13:0]
    12/53: $14\result_exp[31:0]
    13/53: $14\magnitude_ext[13:0]
    14/53: $13\result_exp[31:0]
    15/53: $13\magnitude_ext[13:0]
    16/53: $12\result_exp[31:0]
    17/53: $12\magnitude_ext[13:0]
    18/53: $11\result_exp[31:0]
    19/53: $11\magnitude_ext[13:0]
    20/53: $10\result_exp[31:0]
    21/53: $10\magnitude_ext[13:0]
    22/53: $9\result_exp[31:0]
    23/53: $9\magnitude_ext[13:0]
    24/53: $8\result_exp[31:0]
    25/53: $8\magnitude_ext[13:0]
    26/53: $7\result_exp[31:0]
    27/53: $7\magnitude_ext[13:0]
    28/53: $6\result_exp[31:0]
    29/53: $6\magnitude_ext[13:0]
    30/53: $5\result_exp[31:0]
    31/53: $5\magnitude_ext[13:0]
    32/53: $4\result_exp[31:0]
    33/53: $4\magnitude_ext[13:0]
    34/53: $3\result_exp[31:0]
    35/53: $3\magnitude_ext[13:0]
    36/53: $2\magnitude_ext[13:0] [13:1]
    37/53: $2\result_exp[31:0]
    38/53: $2\magnitude_ext[13:0] [0]
    39/53: $1\result_exp[31:0]
    40/53: $1\magnitude_ext[13:0]
    41/53: $1\add_ext[14:0]
    42/53: $1\normalize_step[31:0]
    43/53: $2\shift_right_sticky$func$rtl/fp16_add.sv:47$2.$result[13:0]$28 [13:1]
    44/53: $2\shift_right_sticky$func$rtl/fp16_add.sv:47$2.$result[13:0]$28 [0]
    45/53: $2\shift_right_sticky$func$rtl/fp16_add.sv:47$2.sticky[0:0]$29
    46/53: $1\shift_right_sticky$func$rtl/fp16_add.sv:47$2.$result[13:0]$25
    47/53: $1\shift_right_sticky$func$rtl/fp16_add.sv:47$2.sticky[0:0]$26
    48/53: $1\small_sig[10:0]
    49/53: $1\large_sig[10:0]
    50/53: $1\small_exp[4:0]
    51/53: $1\large_exp[4:0]
    52/53: $1\small_sign[0:0]
    53/53: $1\large_sign[0:0]

16.2.8. Executing PROC_DLATCH pass (convert process syncs to latches).
No latch inferred for signal `\fp16_mul.\result_o' from process `\fp16_mul.$proc$rtl/fp16_mul.sv:16$143'.
No latch inferred for signal `\fp16_mul.\round_up' from process `\fp16_mul.$proc$rtl/fp16_mul.sv:16$143'.
No latch inferred for signal `\fp16_mul.\lhs_exp' from process `\fp16_mul.$proc$rtl/fp16_mul.sv:16$143'.
No latch inferred for signal `\fp16_mul.\rhs_exp' from process `\fp16_mul.$proc$rtl/fp16_mul.sv:16$143'.
No latch inferred for signal `\fp16_mul.\lhs_frac' from process `\fp16_mul.$proc$rtl/fp16_mul.sv:16$143'.
No latch inferred for signal `\fp16_mul.\rhs_frac' from process `\fp16_mul.$proc$rtl/fp16_mul.sv:16$143'.
No latch inferred for signal `\fp16_mul.\lhs_sig' from process `\fp16_mul.$proc$rtl/fp16_mul.sv:16$143'.
No latch inferred for signal `\fp16_mul.\rhs_sig' from process `\fp16_mul.$proc$rtl/fp16_mul.sv:16$143'.
No latch inferred for signal `\fp16_mul.\shift_amount' from process `\fp16_mul.$proc$rtl/fp16_mul.sv:16$143'.
No latch inferred for signal `\fp16_mul.\sign' from process `\fp16_mul.$proc$rtl/fp16_mul.sv:16$143'.
No latch inferred for signal `\fp16_mul.\product' from process `\fp16_mul.$proc$rtl/fp16_mul.sv:16$143'.
No latch inferred for signal `\fp16_mul.\magnitude' from process `\fp16_mul.$proc$rtl/fp16_mul.sv:16$143'.
No latch inferred for signal `\fp16_mul.\rounded_wide' from process `\fp16_mul.$proc$rtl/fp16_mul.sv:16$143'.
No latch inferred for signal `\fp16_mul.\low_mask' from process `\fp16_mul.$proc$rtl/fp16_mul.sv:16$143'.
No latch inferred for signal `\fp16_mul.\result_exp_field' from process `\fp16_mul.$proc$rtl/fp16_mul.sv:16$143'.
No latch inferred for signal `\fp16_mul.\lhs_unbiased' from process `\fp16_mul.$proc$rtl/fp16_mul.sv:16$143'.
No latch inferred for signal `\fp16_mul.\rhs_unbiased' from process `\fp16_mul.$proc$rtl/fp16_mul.sv:16$143'.
No latch inferred for signal `\fp16_mul.\exponent' from process `\fp16_mul.$proc$rtl/fp16_mul.sv:16$143'.
No latch inferred for signal `\fp16_mul.\msb_index' from process `\fp16_mul.$proc$rtl/fp16_mul.sv:16$143'.
No latch inferred for signal `\fp16_mul.$fordecl_block$141.bit_index' from process `\fp16_mul.$proc$rtl/fp16_mul.sv:16$143'.
No latch inferred for signal `\fp16_add.\result_o' from process `\fp16_add.$proc$rtl/fp16_add.sv:28$3'.
No latch inferred for signal `\fp16_add.\lhs_sign' from process `\fp16_add.$proc$rtl/fp16_add.sv:28$3'.
No latch inferred for signal `\fp16_add.\rhs_sign' from process `\fp16_add.$proc$rtl/fp16_add.sv:28$3'.
No latch inferred for signal `\fp16_add.\large_sign' from process `\fp16_add.$proc$rtl/fp16_add.sv:28$3'.
No latch inferred for signal `\fp16_add.\small_sign' from process `\fp16_add.$proc$rtl/fp16_add.sv:28$3'.
No latch inferred for signal `\fp16_add.\result_sign' from process `\fp16_add.$proc$rtl/fp16_add.sv:28$3'.
No latch inferred for signal `\fp16_add.\round_up' from process `\fp16_add.$proc$rtl/fp16_add.sv:28$3'.
No latch inferred for signal `\fp16_add.\lhs_exp' from process `\fp16_add.$proc$rtl/fp16_add.sv:28$3'.
No latch inferred for signal `\fp16_add.\rhs_exp' from process `\fp16_add.$proc$rtl/fp16_add.sv:28$3'.
No latch inferred for signal `\fp16_add.\large_exp' from process `\fp16_add.$proc$rtl/fp16_add.sv:28$3'.
No latch inferred for signal `\fp16_add.\small_exp' from process `\fp16_add.$proc$rtl/fp16_add.sv:28$3'.
No latch inferred for signal `\fp16_add.\lhs_frac' from process `\fp16_add.$proc$rtl/fp16_add.sv:28$3'.
No latch inferred for signal `\fp16_add.\rhs_frac' from process `\fp16_add.$proc$rtl/fp16_add.sv:28$3'.
No latch inferred for signal `\fp16_add.\lhs_sig' from process `\fp16_add.$proc$rtl/fp16_add.sv:28$3'.
No latch inferred for signal `\fp16_add.\rhs_sig' from process `\fp16_add.$proc$rtl/fp16_add.sv:28$3'.
No latch inferred for signal `\fp16_add.\large_sig' from process `\fp16_add.$proc$rtl/fp16_add.sv:28$3'.
No latch inferred for signal `\fp16_add.\small_sig' from process `\fp16_add.$proc$rtl/fp16_add.sv:28$3'.
No latch inferred for signal `\fp16_add.\large_ext' from process `\fp16_add.$proc$rtl/fp16_add.sv:28$3'.
No latch inferred for signal `\fp16_add.\small_ext' from process `\fp16_add.$proc$rtl/fp16_add.sv:28$3'.
No latch inferred for signal `\fp16_add.\magnitude_ext' from process `\fp16_add.$proc$rtl/fp16_add.sv:28$3'.
No latch inferred for signal `\fp16_add.\add_ext' from process `\fp16_add.$proc$rtl/fp16_add.sv:28$3'.
No latch inferred for signal `\fp16_add.\rounded_sig' from process `\fp16_add.$proc$rtl/fp16_add.sv:28$3'.
No latch inferred for signal `\fp16_add.\result_exp' from process `\fp16_add.$proc$rtl/fp16_add.sv:28$3'.
No latch inferred for signal `\fp16_add.\shift_amount' from process `\fp16_add.$proc$rtl/fp16_add.sv:28$3'.
No latch inferred for signal `\fp16_add.\normalize_step' from process `\fp16_add.$proc$rtl/fp16_add.sv:28$3'.

16.2.9. Executing PROC_DFF pass (convert process syncs to FFs).
Creating register for signal `\logic_normalization_scalar_engine.\tag_q' using process `\logic_normalization_scalar_engine.$proc$rtl/logic_normalization_scalar_engine.sv:72$1020'.
  created $adff cell `$procdff$2919' with positive edge clock and positive level reset.
Creating register for signal `\logic_normalization_scalar_engine.\mode_q' using process `\logic_normalization_scalar_engine.$proc$rtl/logic_normalization_scalar_engine.sv:72$1020'.
  created $adff cell `$procdff$2924' with positive edge clock and positive level reset.
Creating register for signal `\logic_normalization_scalar_engine.\mean_q' using process `\logic_normalization_scalar_engine.$proc$rtl/logic_normalization_scalar_engine.sv:72$1020'.
  created $adff cell `$procdff$2929' with positive edge clock and positive level reset.
Creating register for signal `\logic_normalization_scalar_engine.\response_valid_o' using process `\logic_normalization_scalar_engine.$proc$rtl/logic_normalization_scalar_engine.sv:72$1020'.
  created $adff cell `$procdff$2934' with positive edge clock and positive level reset.
Creating register for signal `\logic_normalization_scalar_engine.\response_rms_norm_o' using process `\logic_normalization_scalar_engine.$proc$rtl/logic_normalization_scalar_engine.sv:72$1020'.
  created $adff cell `$procdff$2939' with positive edge clock and positive level reset.
Creating register for signal `\logic_normalization_scalar_engine.\response_tag_o' using process `\logic_normalization_scalar_engine.$proc$rtl/logic_normalization_scalar_engine.sv:72$1020'.
  created $adff cell `$procdff$2944' with positive edge clock and positive level reset.
Creating register for signal `\logic_normalization_scalar_engine.\mean_o' using process `\logic_normalization_scalar_engine.$proc$rtl/logic_normalization_scalar_engine.sv:72$1020'.
  created $adff cell `$procdff$2949' with positive edge clock and positive level reset.
Creating register for signal `\logic_normalization_scalar_engine.\inv_std_o' using process `\logic_normalization_scalar_engine.$proc$rtl/logic_normalization_scalar_engine.sv:72$1020'.
  created $adff cell `$procdff$2954' with positive edge clock and positive level reset.
Creating register for signal `\logic_normalization_scalar_engine.\variance_clamped_o' using process `\logic_normalization_scalar_engine.$proc$rtl/logic_normalization_scalar_engine.sv:72$1020'.
  created $adff cell `$procdff$2959' with positive edge clock and positive level reset.
Creating register for signal `\logic_normalization_scalar_engine.\state_q' using process `\logic_normalization_scalar_engine.$proc$rtl/logic_normalization_scalar_engine.sv:72$1020'.
  created $adff cell `$procdff$2964' with positive edge clock and positive level reset.
Creating register for signal `\logic_normalization_scalar_engine.\clamped_q' using process `\logic_normalization_scalar_engine.$proc$rtl/logic_normalization_scalar_engine.sv:72$1020'.
  created $adff cell `$procdff$2969' with positive edge clock and positive level reset.
Creating register for signal `\logic_normalization_scalar_engine.\epsilon_q' using process `\logic_normalization_scalar_engine.$proc$rtl/logic_normalization_scalar_engine.sv:72$1020'.
  created $adff cell `$procdff$2974' with positive edge clock and positive level reset.
Creating register for signal `\logic_normalization_scalar_engine.\mean_square_q' using process `\logic_normalization_scalar_engine.$proc$rtl/logic_normalization_scalar_engine.sv:72$1020'.
  created $adff cell `$procdff$2979' with positive edge clock and positive level reset.
Creating register for signal `\logic_normalization_scalar_engine.\variance_q' using process `\logic_normalization_scalar_engine.$proc$rtl/logic_normalization_scalar_engine.sv:72$1020'.
  created $adff cell `$procdff$2984' with positive edge clock and positive level reset.
Creating register for signal `\logic_normalization_scalar_engine.\argument_q' using process `\logic_normalization_scalar_engine.$proc$rtl/logic_normalization_scalar_engine.sv:72$1020'.
  created $adff cell `$procdff$2989' with positive edge clock and positive level reset.
Creating register for signal `\fp16_rsqrt_lut256.\output_valid_o' using process `\fp16_rsqrt_lut256.$proc$rtl/fp16_rsqrt_lut256.sv:73$444'.
  created $adff cell `$procdff$2994' with positive edge clock and positive level reset.
Creating register for signal `\fp16_rsqrt_lut256.\output_data_o' using process `\fp16_rsqrt_lut256.$proc$rtl/fp16_rsqrt_lut256.sv:73$444'.
  created $adff cell `$procdff$2999' with positive edge clock and positive level reset.
Creating register for signal `\fp16_rsqrt_lut256.\approximate_rsqrt$func$rtl/fp16_rsqrt_lut256.sv:79$441.$result' using process `\fp16_rsqrt_lut256.$proc$rtl/fp16_rsqrt_lut256.sv:73$444'.
  created $adff cell `$procdff$3004' with positive edge clock and positive level reset.
Creating register for signal `\fp16_rsqrt_lut256.\approximate_rsqrt$func$rtl/fp16_rsqrt_lut256.sv:79$441.value' using process `\fp16_rsqrt_lut256.$proc$rtl/fp16_rsqrt_lut256.sv:73$444'.
  created $adff cell `$procdff$3009' with positive edge clock and positive level reset.
Creating register for signal `\fp16_rsqrt_lut256.\approximate_rsqrt$func$rtl/fp16_rsqrt_lut256.sv:79$441.sign' using process `\fp16_rsqrt_lut256.$proc$rtl/fp16_rsqrt_lut256.sv:73$444'.
  created $adff cell `$procdff$3014' with positive edge clock and positive level reset.
Creating register for signal `\fp16_rsqrt_lut256.\approximate_rsqrt$func$rtl/fp16_rsqrt_lut256.sv:79$441.exponent' using process `\fp16_rsqrt_lut256.$proc$rtl/fp16_rsqrt_lut256.sv:73$444'.
  created $adff cell `$procdff$3019' with positive edge clock and positive level reset.
Creating register for signal `\fp16_rsqrt_lut256.\approximate_rsqrt$func$rtl/fp16_rsqrt_lut256.sv:79$441.fraction' using process `\fp16_rsqrt_lut256.$proc$rtl/fp16_rsqrt_lut256.sv:73$444'.
  created $adff cell `$procdff$3024' with positive edge clock and positive level reset.
Creating register for signal `\fp16_rsqrt_lut256.\approximate_rsqrt$func$rtl/fp16_rsqrt_lut256.sv:79$441.normalized_mantissa' using process `\fp16_rsqrt_lut256.$proc$rtl/fp16_rsqrt_lut256.sv:73$444'.
  created $adff cell `$procdff$3029' with positive edge clock and positive level reset.
Creating register for signal `\fp16_rsqrt_lut256.\approximate_rsqrt$func$rtl/fp16_rsqrt_lut256.sv:79$441.adjusted_mantissa' using process `\fp16_rsqrt_lut256.$proc$rtl/fp16_rsqrt_lut256.sv:73$444'.
  created $adff cell `$procdff$3034' with positive edge clock and positive level reset.
Creating register for signal `\fp16_rsqrt_lut256.\approximate_rsqrt$func$rtl/fp16_rsqrt_lut256.sv:79$441.unbiased_exponent' using process `\fp16_rsqrt_lut256.$proc$rtl/fp16_rsqrt_lut256.sv:73$444'.
  created $adff cell `$procdff$3039' with positive edge clock and positive level reset.
Creating register for signal `\fp16_rsqrt_lut256.\approximate_rsqrt$func$rtl/fp16_rsqrt_lut256.sv:79$441.even_exponent' using process `\fp16_rsqrt_lut256.$proc$rtl/fp16_rsqrt_lut256.sv:73$444'.
  created $adff cell `$procdff$3044' with positive edge clock and positive level reset.
Creating register for signal `\fp16_rsqrt_lut256.\approximate_rsqrt$func$rtl/fp16_rsqrt_lut256.sv:79$441.output_exponent' using process `\fp16_rsqrt_lut256.$proc$rtl/fp16_rsqrt_lut256.sv:73$444'.
  created $adff cell `$procdff$3049' with positive edge clock and positive level reset.
Creating register for signal `\fp16_rsqrt_lut256.\approximate_rsqrt$func$rtl/fp16_rsqrt_lut256.sv:79$441.delta' using process `\fp16_rsqrt_lut256.$proc$rtl/fp16_rsqrt_lut256.sv:73$444'.
  created $adff cell `$procdff$3054' with positive edge clock and positive level reset.
Creating register for signal `\fp16_rsqrt_lut256.\approximate_rsqrt$func$rtl/fp16_rsqrt_lut256.sv:79$441.index' using process `\fp16_rsqrt_lut256.$proc$rtl/fp16_rsqrt_lut256.sv:73$444'.
  created $adff cell `$procdff$3059' with positive edge clock and positive level reset.
Creating register for signal `\fp16_rsqrt_lut256.\approximate_rsqrt$func$rtl/fp16_rsqrt_lut256.sv:79$441.lut_value' using process `\fp16_rsqrt_lut256.$proc$rtl/fp16_rsqrt_lut256.sv:73$444'.
  created $adff cell `$procdff$3064' with positive edge clock and positive level reset.
Creating register for signal `\fp16_rsqrt_lut256.\approximate_rsqrt$func$rtl/fp16_rsqrt_lut256.sv:79$441.leading_one' using process `\fp16_rsqrt_lut256.$proc$rtl/fp16_rsqrt_lut256.sv:73$444'.
  created $adff cell `$procdff$3069' with positive edge clock and positive level reset.
Creating register for signal `\fp16_rsqrt_lut256.\approximate_rsqrt$func$rtl/fp16_rsqrt_lut256.sv:79$441.$fordecl_block$439.bit_index' using process `\fp16_rsqrt_lut256.$proc$rtl/fp16_rsqrt_lut256.sv:73$444'.
  created $dff cell `$procdff$3076' with positive edge clock.

16.2.10. Executing PROC_MEMWR pass (convert process memory writes to cells).

16.2.11. Executing PROC_CLEAN pass (remove empty switches from decision trees).
Found and cleaned up 5 empty switches in `\logic_normalization_scalar_engine.$proc$rtl/logic_normalization_scalar_engine.sv:72$1020'.
Removing empty process `logic_normalization_scalar_engine.$proc$rtl/logic_normalization_scalar_engine.sv:72$1020'.
Found and cleaned up 18 empty switches in `\fp16_rsqrt_lut256.$proc$rtl/fp16_rsqrt_lut256.sv:73$444'.
Removing empty process `fp16_rsqrt_lut256.$proc$rtl/fp16_rsqrt_lut256.sv:73$444'.
Found and cleaned up 32 empty switches in `\fp16_mul.$proc$rtl/fp16_mul.sv:16$143'.
Removing empty process `fp16_mul.$proc$rtl/fp16_mul.sv:16$143'.
Found and cleaned up 26 empty switches in `\fp16_add.$proc$rtl/fp16_add.sv:28$3'.
Removing empty process `fp16_add.$proc$rtl/fp16_add.sv:28$3'.
Cleaned up 81 empty switches.

16.2.12. Executing OPT_EXPR pass (perform const folding).
Optimizing module logic_normalization_scalar_engine.
<suppressed ~38 debug messages>
Optimizing module fp16_rsqrt_lut256.
<suppressed ~41 debug messages>
Optimizing module fp16_mul.
<suppressed ~15 debug messages>
Optimizing module fp16_add.
<suppressed ~29 debug messages>

16.3. Executing OPT_EXPR pass (perform const folding).
Optimizing module logic_normalization_scalar_engine.
Optimizing module fp16_rsqrt_lut256.
Optimizing module fp16_mul.
Optimizing module fp16_add.

16.4. Executing OPT_CLEAN pass (remove unused cells and wires).
Finding unused cells or wires in module \logic_normalization_scalar_engine..
Finding unused cells or wires in module \fp16_rsqrt_lut256..
Finding unused cells or wires in module \fp16_mul..
Finding unused cells or wires in module \fp16_add..
Removed 352 unused cells and 1342 unused wires.
<suppressed ~377 debug messages>

16.5. Executing CHECK pass (checking for obvious problems).
Checking module logic_normalization_scalar_engine...
Checking module fp16_rsqrt_lut256...
Checking module fp16_mul...
Checking module fp16_add...
Found and reported 0 problems.

16.6. Executing OPT pass (performing simple optimizations).

16.6.1. Executing OPT_EXPR pass (perform const folding).
Optimizing module logic_normalization_scalar_engine.
Optimizing module fp16_rsqrt_lut256.
Optimizing module fp16_mul.
Optimizing module fp16_add.

16.6.2. Executing OPT_MERGE pass (detect identical cells).
Finding identical cells in module `\logic_normalization_scalar_engine'.
Computing hashes of 96 cells of `\logic_normalization_scalar_engine'.
Finding duplicate cells in `\logic_normalization_scalar_engine'.
Computing hashes of 75 cells of `\logic_normalization_scalar_engine'.
Finding duplicate cells in `\logic_normalization_scalar_engine'.
Computing hashes of 73 cells of `\logic_normalization_scalar_engine'.
Finding duplicate cells in `\logic_normalization_scalar_engine'.
Computing hashes of 72 cells of `\logic_normalization_scalar_engine'.
Finding duplicate cells in `\logic_normalization_scalar_engine'.
<suppressed ~72 debug messages>
Finding identical cells in module `\fp16_rsqrt_lut256'.
Computing hashes of 153 cells of `\fp16_rsqrt_lut256'.
Finding duplicate cells in `\fp16_rsqrt_lut256'.
Computing hashes of 152 cells of `\fp16_rsqrt_lut256'.
Finding duplicate cells in `\fp16_rsqrt_lut256'.
<suppressed ~3 debug messages>
Finding identical cells in module `\fp16_mul'.
Computing hashes of 153 cells of `\fp16_mul'.
Finding duplicate cells in `\fp16_mul'.
Computing hashes of 140 cells of `\fp16_mul'.
Finding duplicate cells in `\fp16_mul'.
Computing hashes of 137 cells of `\fp16_mul'.
Finding duplicate cells in `\fp16_mul'.
Computing hashes of 136 cells of `\fp16_mul'.
Finding duplicate cells in `\fp16_mul'.
<suppressed ~51 debug messages>
Finding identical cells in module `\fp16_add'.
Computing hashes of 216 cells of `\fp16_add'.
Finding duplicate cells in `\fp16_add'.
Computing hashes of 206 cells of `\fp16_add'.
Finding duplicate cells in `\fp16_add'.
<suppressed ~30 debug messages>
Removed a total of 52 cells.

16.6.3. Executing OPT_MUXTREE pass (detect dead branches in mux trees).
Running muxtree optimizer on module \logic_normalization_scalar_engine..
  Creating internal representation of mux trees.
  Evaluating internal representation of mux trees.
  Analyzing evaluation results.
Running muxtree optimizer on module \fp16_rsqrt_lut256..
  Creating internal representation of mux trees.
  Evaluating internal representation of mux trees.
      Replacing known input bits on port A of cell $procmux$1164: $7\approximate_rsqrt$func$rtl/fp16_rsqrt_lut256.sv:79$441.unbiased_exponent[7:0]$547 -> { $7\approximate_rsqrt$func$rtl/fp16_rsqrt_lut256.sv:79$441.unbiased_exponent[7:0]$547 [7:1] 1'0 }
  Analyzing evaluation results.
    dead port 2/2 on $mux $procmux$1492.
    dead port 2/2 on $mux $procmux$1654.
    dead port 2/2 on $mux $procmux$1490.
    dead port 1/2 on $mux $procmux$1488.
    dead port 2/2 on $mux $procmux$1652.
    dead port 2/2 on $mux $procmux$1783.
    dead port 1/2 on $mux $procmux$1650.
    dead port 2/2 on $mux $procmux$1441.
    dead port 2/2 on $mux $procmux$1439.
    dead port 1/2 on $mux $procmux$1437.
    dead port 1/2 on $mux $procmux$1434.
    dead port 1/2 on $mux $procmux$1431.
    dead port 1/2 on $mux $procmux$1485.
    dead port 2/2 on $mux $procmux$1781.
Running muxtree optimizer on module \fp16_mul..
  Creating internal representation of mux trees.
  Evaluating internal representation of mux trees.
  Analyzing evaluation results.
    dead port 1/2 on $mux $procmux$2161.
    dead port 1/2 on $mux $procmux$2158.
    dead port 1/2 on $mux $procmux$2155.
    dead port 1/2 on $mux $procmux$2152.
    dead port 2/2 on $mux $procmux$2149.
    dead port 1/2 on $mux $procmux$2107.
    dead port 1/2 on $mux $procmux$2104.
    dead port 1/2 on $mux $procmux$2101.
    dead port 1/2 on $mux $procmux$2098.
    dead port 2/2 on $mux $procmux$2095.
    dead port 1/2 on $mux $procmux$2035.
    dead port 1/2 on $mux $procmux$2032.
    dead port 1/2 on $mux $procmux$2029.
    dead port 1/2 on $mux $procmux$2026.
    dead port 1/2 on $mux $procmux$2023.
    dead port 1/2 on $mux $procmux$2410.
    dead port 1/2 on $mux $procmux$2332.
    dead port 1/2 on $mux $procmux$2236.
    dead port 1/2 on $mux $procmux$2329.
    dead port 1/2 on $mux $procmux$2473.
    dead port 1/2 on $mux $procmux$2326.
    dead port 1/2 on $mux $procmux$2413.
    dead port 1/2 on $mux $procmux$2245.
    dead port 1/2 on $mux $procmux$2242.
    dead port 1/2 on $mux $procmux$2239.
Running muxtree optimizer on module \fp16_add..
  Creating internal representation of mux trees.
  Evaluating internal representation of mux trees.
      Replacing known input bits on port A of cell $procmux$2685: $add$rtl/fp16_add.sv:69$110_Y -> { 1'0 $add$rtl/fp16_add.sv:69$110_Y [10:0] }
      Replacing known input bits on port B of cell $procmux$2685: { 1'0 $add$rtl/fp16_add.sv:69$110_Y [11:1] } -> { 2'01 $add$rtl/fp16_add.sv:69$110_Y [10:1] }
      Replacing known input bits on port B of cell $procmux$2845: $add$rtl/fp16_add.sv:52$38_Y [14:2] -> { 1'1 $add$rtl/fp16_add.sv:52$38_Y [13:2] }
  Analyzing evaluation results.
    dead port 1/2 on $mux $procmux$2697.
    dead port 1/2 on $mux $procmux$2691.
    dead port 1/2 on $mux $procmux$2676.
    dead port 1/2 on $mux $procmux$2670.
    dead port 1/2 on $mux $procmux$2667.
    dead port 1/2 on $mux $procmux$2661.
    dead port 1/2 on $mux $procmux$2658.
    dead port 1/2 on $mux $procmux$2655.
    dead port 1/2 on $mux $procmux$2649.
    dead port 1/2 on $mux $procmux$2646.
    dead port 1/2 on $mux $procmux$2643.
    dead port 1/2 on $mux $procmux$2640.
    dead port 1/2 on $mux $procmux$2634.
    dead port 1/2 on $mux $procmux$2631.
    dead port 1/2 on $mux $procmux$2628.
    dead port 1/2 on $mux $procmux$2625.
    dead port 1/2 on $mux $procmux$2622.
    dead port 1/2 on $mux $procmux$2616.
    dead port 1/2 on $mux $procmux$2613.
    dead port 1/2 on $mux $procmux$2610.
    dead port 1/2 on $mux $procmux$2607.
    dead port 1/2 on $mux $procmux$2604.
    dead port 1/2 on $mux $procmux$2601.
    dead port 2/2 on $mux $procmux$2853.
    dead port 2/2 on $mux $procmux$2847.
    dead port 1/2 on $mux $procmux$2877.
    dead port 1/2 on $mux $procmux$2883.
    dead port 2/2 on $mux $procmux$2859.
Removed 67 multiplexer ports.
<suppressed ~422 debug messages>

16.6.4. Executing OPT_REDUCE pass (consolidate $*mux and $reduce_* inputs).
  Optimizing cells in module \logic_normalization_scalar_engine.
  Optimizing cells in module \fp16_rsqrt_lut256.
  Optimizing cells in module \fp16_mul.
  Optimizing cells in module \fp16_add.
    New input vector for $reduce_or cell $reduce_or$rtl/fp16_add.sv:10$30: \small_sig
  Optimizing cells in module \fp16_add.
Performed a total of 1 changes.

16.6.5. Executing OPT_MERGE pass (detect identical cells).
Finding identical cells in module `\logic_normalization_scalar_engine'.
Computing hashes of 72 cells of `\logic_normalization_scalar_engine'.
Finding duplicate cells in `\logic_normalization_scalar_engine'.
Finding identical cells in module `\fp16_rsqrt_lut256'.
Computing hashes of 138 cells of `\fp16_rsqrt_lut256'.
Finding duplicate cells in `\fp16_rsqrt_lut256'.
Finding identical cells in module `\fp16_mul'.
Computing hashes of 111 cells of `\fp16_mul'.
Finding duplicate cells in `\fp16_mul'.
Finding identical cells in module `\fp16_add'.
Computing hashes of 178 cells of `\fp16_add'.
Finding duplicate cells in `\fp16_add'.
Computing hashes of 174 cells of `\fp16_add'.
Finding duplicate cells in `\fp16_add'.
<suppressed ~12 debug messages>
Removed a total of 4 cells.

16.6.6. Executing OPT_DFF pass (perform DFF optimizations).

16.6.7. Executing OPT_CLEAN pass (remove unused cells and wires).
Finding unused cells or wires in module \logic_normalization_scalar_engine..
Finding unused cells or wires in module \fp16_rsqrt_lut256..
Finding unused cells or wires in module \fp16_mul..
Finding unused cells or wires in module \fp16_add..
Removed 0 unused cells and 123 unused wires.
<suppressed ~4 debug messages>

16.6.8. Executing OPT_EXPR pass (perform const folding).
Optimizing module logic_normalization_scalar_engine.
Optimizing module fp16_rsqrt_lut256.
Optimizing module fp16_mul.
Optimizing module fp16_add.

16.6.9. Rerunning OPT passes. (Maybe there is more to do..)

16.6.10. Executing OPT_MUXTREE pass (detect dead branches in mux trees).
Running muxtree optimizer on module \logic_normalization_scalar_engine..
  Creating internal representation of mux trees.
  Evaluating internal representation of mux trees.
  Analyzing evaluation results.
Running muxtree optimizer on module \fp16_rsqrt_lut256..
  Creating internal representation of mux trees.
  Evaluating internal representation of mux trees.
  Analyzing evaluation results.
Running muxtree optimizer on module \fp16_mul..
  Creating internal representation of mux trees.
  Evaluating internal representation of mux trees.
  Analyzing evaluation results.
Running muxtree optimizer on module \fp16_add..
  Creating internal representation of mux trees.
  Evaluating internal representation of mux trees.
  Analyzing evaluation results.
Removed 0 multiplexer ports.
<suppressed ~341 debug messages>

16.6.11. Executing OPT_REDUCE pass (consolidate $*mux and $reduce_* inputs).
  Optimizing cells in module \logic_normalization_scalar_engine.
  Optimizing cells in module \fp16_rsqrt_lut256.
  Optimizing cells in module \fp16_mul.
  Optimizing cells in module \fp16_add.
Performed a total of 0 changes.

16.6.12. Executing OPT_MERGE pass (detect identical cells).
Finding identical cells in module `\logic_normalization_scalar_engine'.
Computing hashes of 72 cells of `\logic_normalization_scalar_engine'.
Finding duplicate cells in `\logic_normalization_scalar_engine'.
Finding identical cells in module `\fp16_rsqrt_lut256'.
Computing hashes of 138 cells of `\fp16_rsqrt_lut256'.
Finding duplicate cells in `\fp16_rsqrt_lut256'.
Finding identical cells in module `\fp16_mul'.
Computing hashes of 111 cells of `\fp16_mul'.
Finding duplicate cells in `\fp16_mul'.
Finding identical cells in module `\fp16_add'.
Computing hashes of 174 cells of `\fp16_add'.
Finding duplicate cells in `\fp16_add'.
Removed a total of 0 cells.

16.6.13. Executing OPT_DFF pass (perform DFF optimizations).

16.6.14. Executing OPT_CLEAN pass (remove unused cells and wires).
Finding unused cells or wires in module \logic_normalization_scalar_engine..
Finding unused cells or wires in module \fp16_rsqrt_lut256..
Finding unused cells or wires in module \fp16_mul..
Finding unused cells or wires in module \fp16_add..

16.6.15. Executing OPT_EXPR pass (perform const folding).
Optimizing module logic_normalization_scalar_engine.
Optimizing module fp16_rsqrt_lut256.
Optimizing module fp16_mul.
Optimizing module fp16_add.

16.6.16. Finished fast OPT passes. (There is nothing left to do.)

16.7. Executing FSM pass (extract and optimize FSM).

16.7.1. Executing FSM_DETECT pass (finding FSMs in design).
Found FSM state register logic_normalization_scalar_engine.state_q.

16.7.2. Executing FSM_EXTRACT pass (extracting FSM from design).
Extracting FSM `\state_q' from module `\logic_normalization_scalar_engine'.
  found $adff cell for state register: $procdff$2964
  root of input selection tree: $0\state_q[2:0]
  found reset state: 3'000 (from async reset)
  found ctrl input: $eq$rtl/logic_normalization_scalar_engine.sv:53$1012_Y
  found ctrl input: \rsqrt_input_valid
  found ctrl input: $procmux$1039_CMP
  found ctrl input: $procmux$1045_CMP
  found ctrl input: $eq$rtl/logic_normalization_scalar_engine.sv:69$1016_Y
  found ctrl input: $logic_and$rtl/logic_normalization_scalar_engine.sv:111$1030_Y
  found ctrl input: \rsqrt_input_ready
  found state code: 3'100
  found state code: 3'011
  found state code: 3'010
  found ctrl input: $logic_and$rtl/logic_normalization_scalar_engine.sv:92$1023_Y
  found state code: 3'001
  found ctrl output: \rsqrt_input_valid
  found ctrl output: $procmux$1039_CMP
  found ctrl output: $procmux$1045_CMP
  found ctrl output: $eq$rtl/logic_normalization_scalar_engine.sv:53$1012_Y
  found ctrl output: $eq$rtl/logic_normalization_scalar_engine.sv:69$1016_Y
  ctrl inputs: { $logic_and$rtl/logic_normalization_scalar_engine.sv:111$1030_Y $logic_and$rtl/logic_normalization_scalar_engine.sv:92$1023_Y \rsqrt_input_ready }
  ctrl outputs: { $procmux$1045_CMP $procmux$1039_CMP $eq$rtl/logic_normalization_scalar_engine.sv:69$1016_Y $eq$rtl/logic_normalization_scalar_engine.sv:53$1012_Y $0\state_q[2:0] \rsqrt_input_valid }
  transition:      3'000 3'-0- ->      3'000 8'00100000
  transition:      3'000 3'-1- ->      3'001 8'00100010
  transition:      3'100 3'0-- ->      3'100 8'00011000
  transition:      3'100 3'1-- ->      3'000 8'00010000
  transition:      3'010 3'--- ->      3'011 8'01000110
  transition:      3'001 3'--- ->      3'010 8'10000100
  transition:      3'011 3'--0 ->      3'011 8'00000111
  transition:      3'011 3'--1 ->      3'100 8'00001001

16.7.3. Executing FSM_OPT pass (simple optimizations of FSMs).
Optimizing FSM `$fsm$\state_q$3077' from module `\logic_normalization_scalar_engine'.

16.7.4. Executing OPT_CLEAN pass (remove unused cells and wires).
Finding unused cells or wires in module \logic_normalization_scalar_engine..
Finding unused cells or wires in module \fp16_rsqrt_lut256..
Finding unused cells or wires in module \fp16_mul..
Finding unused cells or wires in module \fp16_add..
Removed 10 unused cells and 10 unused wires.
<suppressed ~11 debug messages>

16.7.5. Executing FSM_OPT pass (simple optimizations of FSMs).
Optimizing FSM `$fsm$\state_q$3077' from module `\logic_normalization_scalar_engine'.
  Removing unused output signal $0\state_q[2:0] [0].
  Removing unused output signal $0\state_q[2:0] [1].
  Removing unused output signal $0\state_q[2:0] [2].

16.7.6. Executing FSM_RECODE pass (re-assigning FSM state encoding).
Recoding FSM `$fsm$\state_q$3077' from module `\logic_normalization_scalar_engine' using `auto' encoding:
  mapping auto encoding to `one-hot` for this FSM.
  000 -> ----1
  100 -> ---1-
  010 -> --1--
  001 -> -1---
  011 -> 1----

16.7.7. Executing FSM_INFO pass (dumping all available information on FSM cells).

FSM `$fsm$\state_q$3077' from module `logic_normalization_scalar_engine':
-------------------------------------

  Information on FSM $fsm$\state_q$3077 (\state_q):

  Number of input signals:    3
  Number of output signals:   5
  Number of state bits:       5

  Input signals:
    0: \rsqrt_input_ready
    1: $logic_and$rtl/logic_normalization_scalar_engine.sv:92$1023_Y
    2: $logic_and$rtl/logic_normalization_scalar_engine.sv:111$1030_Y

  Output signals:
    0: \rsqrt_input_valid
    1: $eq$rtl/logic_normalization_scalar_engine.sv:53$1012_Y
    2: $eq$rtl/logic_normalization_scalar_engine.sv:69$1016_Y
    3: $procmux$1039_CMP
    4: $procmux$1045_CMP

  State encoding:
    0:    5'----1  <RESET STATE>
    1:    5'---1-
    2:    5'--1--
    3:    5'-1---
    4:    5'1----

  Transition Table (state_in, ctrl_in, state_out, ctrl_out):
      0:     0 3'-0-   ->     0 5'00100
      1:     0 3'-1-   ->     3 5'00100
      2:     1 3'1--   ->     0 5'00010
      3:     1 3'0--   ->     1 5'00010
      4:     2 3'---   ->     4 5'01000
      5:     3 3'---   ->     2 5'10000
      6:     4 3'--1   ->     1 5'00001
      7:     4 3'--0   ->     4 5'00001

-------------------------------------

16.7.8. Executing FSM_MAP pass (mapping FSMs to basic logic).
Mapping FSM `$fsm$\state_q$3077' from module `\logic_normalization_scalar_engine'.

16.8. Executing OPT pass (performing simple optimizations).

16.8.1. Executing OPT_EXPR pass (perform const folding).
Optimizing module logic_normalization_scalar_engine.
<suppressed ~6 debug messages>
Optimizing module fp16_rsqrt_lut256.
Optimizing module fp16_mul.
Optimizing module fp16_add.

16.8.2. Executing OPT_MERGE pass (detect identical cells).
Finding identical cells in module `\logic_normalization_scalar_engine'.
Computing hashes of 75 cells of `\logic_normalization_scalar_engine'.
Finding duplicate cells in `\logic_normalization_scalar_engine'.
Finding identical cells in module `\fp16_rsqrt_lut256'.
Computing hashes of 138 cells of `\fp16_rsqrt_lut256'.
Finding duplicate cells in `\fp16_rsqrt_lut256'.
Finding identical cells in module `\fp16_mul'.
Computing hashes of 111 cells of `\fp16_mul'.
Finding duplicate cells in `\fp16_mul'.
Finding identical cells in module `\fp16_add'.
Computing hashes of 174 cells of `\fp16_add'.
Finding duplicate cells in `\fp16_add'.
Removed a total of 0 cells.

16.8.3. Executing OPT_MUXTREE pass (detect dead branches in mux trees).
Running muxtree optimizer on module \logic_normalization_scalar_engine..
  Creating internal representation of mux trees.
  Evaluating internal representation of mux trees.
  Analyzing evaluation results.
Running muxtree optimizer on module \fp16_rsqrt_lut256..
  Creating internal representation of mux trees.
  Evaluating internal representation of mux trees.
  Analyzing evaluation results.
Running muxtree optimizer on module \fp16_mul..
  Creating internal representation of mux trees.
  Evaluating internal representation of mux trees.
  Analyzing evaluation results.
Running muxtree optimizer on module \fp16_add..
  Creating internal representation of mux trees.
  Evaluating internal representation of mux trees.
  Analyzing evaluation results.
Removed 0 multiplexer ports.
<suppressed ~336 debug messages>

16.8.4. Executing OPT_REDUCE pass (consolidate $*mux and $reduce_* inputs).
  Optimizing cells in module \logic_normalization_scalar_engine.
  Optimizing cells in module \fp16_rsqrt_lut256.
  Optimizing cells in module \fp16_mul.
  Optimizing cells in module \fp16_add.
Performed a total of 0 changes.

16.8.5. Executing OPT_MERGE pass (detect identical cells).
Finding identical cells in module `\logic_normalization_scalar_engine'.
Computing hashes of 75 cells of `\logic_normalization_scalar_engine'.
Finding duplicate cells in `\logic_normalization_scalar_engine'.
Finding identical cells in module `\fp16_rsqrt_lut256'.
Computing hashes of 138 cells of `\fp16_rsqrt_lut256'.
Finding duplicate cells in `\fp16_rsqrt_lut256'.
Finding identical cells in module `\fp16_mul'.
Computing hashes of 111 cells of `\fp16_mul'.
Finding duplicate cells in `\fp16_mul'.
Finding identical cells in module `\fp16_add'.
Computing hashes of 174 cells of `\fp16_add'.
Finding duplicate cells in `\fp16_add'.
Removed a total of 0 cells.

16.8.6. Executing OPT_DFF pass (perform DFF optimizations).
Adding EN signal on $procdff$2939 ($adff) from module logic_normalization_scalar_engine (D = \mode_q, Q = \response_rms_norm_o).
Adding EN signal on $procdff$2954 ($adff) from module logic_normalization_scalar_engine (D = \rsqrt_output_data, Q = \inv_std_o).
Adding EN signal on $procdff$2984 ($adff) from module logic_normalization_scalar_engine (D = $ternary$rtl/logic_normalization_scalar_engine.sv:102$1025_Y, Q = \variance_q).
Adding EN signal on $procdff$2959 ($adff) from module logic_normalization_scalar_engine (D = \clamped_q, Q = \variance_clamped_o).
Adding EN signal on $procdff$2949 ($adff) from module logic_normalization_scalar_engine (D = \mean_q, Q = \mean_o).
Adding EN signal on $procdff$2979 ($adff) from module logic_normalization_scalar_engine (D = \input_mean_square, Q = \mean_square_q).
Adding EN signal on $procdff$2919 ($adff) from module logic_normalization_scalar_engine (D = \request_tag_i, Q = \tag_q).
Adding EN signal on $procdff$2974 ($adff) from module logic_normalization_scalar_engine (D = \epsilon_i, Q = \epsilon_q).
Adding EN signal on $procdff$2989 ($adff) from module logic_normalization_scalar_engine (D = \epsilon_result, Q = \argument_q).
Adding EN signal on $procdff$2924 ($adff) from module logic_normalization_scalar_engine (D = \rms_norm_i, Q = \mode_q).
Adding EN signal on $procdff$2944 ($adff) from module logic_normalization_scalar_engine (D = \tag_q, Q = \response_tag_o).
Adding EN signal on $procdff$2969 ($adff) from module logic_normalization_scalar_engine (D = $0\clamped_q[0:0], Q = \clamped_q).
Adding EN signal on $procdff$2929 ($adff) from module logic_normalization_scalar_engine (D = $ternary$rtl/logic_normalization_scalar_engine.sv:96$1024_Y, Q = \mean_q).
Adding EN signal on $procdff$2999 ($adff) from module fp16_rsqrt_lut256 (D = $4\approximate_rsqrt$func$rtl/fp16_rsqrt_lut256.sv:79$441.$result[15:0]$506, Q = \output_data_o).
Adding EN signal on $procdff$2994 ($adff) from module fp16_rsqrt_lut256 (D = \input_valid_i, Q = \output_valid_o).

16.8.7. Executing OPT_CLEAN pass (remove unused cells and wires).
Finding unused cells or wires in module \logic_normalization_scalar_engine..
Finding unused cells or wires in module \fp16_rsqrt_lut256..
Finding unused cells or wires in module \fp16_mul..
Finding unused cells or wires in module \fp16_add..
Removed 25 unused cells and 35 unused wires.
<suppressed ~27 debug messages>

16.8.8. Executing OPT_EXPR pass (perform const folding).
Optimizing module logic_normalization_scalar_engine.
<suppressed ~1 debug messages>
Optimizing module fp16_rsqrt_lut256.
Optimizing module fp16_mul.
Optimizing module fp16_add.

16.8.9. Rerunning OPT passes. (Maybe there is more to do..)

16.8.10. Executing OPT_MUXTREE pass (detect dead branches in mux trees).
Running muxtree optimizer on module \logic_normalization_scalar_engine..
  Creating internal representation of mux trees.
  Evaluating internal representation of mux trees.
  Analyzing evaluation results.
Running muxtree optimizer on module \fp16_rsqrt_lut256..
  Creating internal representation of mux trees.
  Evaluating internal representation of mux trees.
  Analyzing evaluation results.
Running muxtree optimizer on module \fp16_mul..
  Creating internal representation of mux trees.
  Evaluating internal representation of mux trees.
  Analyzing evaluation results.
Running muxtree optimizer on module \fp16_add..
  Creating internal representation of mux trees.
  Evaluating internal representation of mux trees.
  Analyzing evaluation results.
Removed 0 multiplexer ports.
<suppressed ~300 debug messages>

16.8.11. Executing OPT_REDUCE pass (consolidate $*mux and $reduce_* inputs).
  Optimizing cells in module \logic_normalization_scalar_engine.
  Optimizing cells in module \fp16_rsqrt_lut256.
  Optimizing cells in module \fp16_mul.
  Optimizing cells in module \fp16_add.
Performed a total of 0 changes.

16.8.12. Executing OPT_MERGE pass (detect identical cells).
Finding identical cells in module `\logic_normalization_scalar_engine'.
Computing hashes of 66 cells of `\logic_normalization_scalar_engine'.
Finding duplicate cells in `\logic_normalization_scalar_engine'.
Computing hashes of 58 cells of `\logic_normalization_scalar_engine'.
Finding duplicate cells in `\logic_normalization_scalar_engine'.
<suppressed ~24 debug messages>
Finding identical cells in module `\fp16_rsqrt_lut256'.
Computing hashes of 136 cells of `\fp16_rsqrt_lut256'.
Finding duplicate cells in `\fp16_rsqrt_lut256'.
Finding identical cells in module `\fp16_mul'.
Computing hashes of 111 cells of `\fp16_mul'.
Finding duplicate cells in `\fp16_mul'.
Finding identical cells in module `\fp16_add'.
Computing hashes of 174 cells of `\fp16_add'.
Finding duplicate cells in `\fp16_add'.
Removed a total of 8 cells.

16.8.13. Executing OPT_DFF pass (perform DFF optimizations).

16.8.14. Executing OPT_CLEAN pass (remove unused cells and wires).
Finding unused cells or wires in module \logic_normalization_scalar_engine..
Finding unused cells or wires in module \fp16_rsqrt_lut256..
Finding unused cells or wires in module \fp16_mul..
Finding unused cells or wires in module \fp16_add..
Removed 0 unused cells and 8 unused wires.
<suppressed ~1 debug messages>

16.8.15. Executing OPT_EXPR pass (perform const folding).
Optimizing module logic_normalization_scalar_engine.
Optimizing module fp16_rsqrt_lut256.
Optimizing module fp16_mul.
Optimizing module fp16_add.

16.8.16. Rerunning OPT passes. (Maybe there is more to do..)

16.8.17. Executing OPT_MUXTREE pass (detect dead branches in mux trees).
Running muxtree optimizer on module \logic_normalization_scalar_engine..
  Creating internal representation of mux trees.
  Evaluating internal representation of mux trees.
  Analyzing evaluation results.
Running muxtree optimizer on module \fp16_rsqrt_lut256..
  Creating internal representation of mux trees.
  Evaluating internal representation of mux trees.
  Analyzing evaluation results.
Running muxtree optimizer on module \fp16_mul..
  Creating internal representation of mux trees.
  Evaluating internal representation of mux trees.
  Analyzing evaluation results.
Running muxtree optimizer on module \fp16_add..
  Creating internal representation of mux trees.
  Evaluating internal representation of mux trees.
  Analyzing evaluation results.
Removed 0 multiplexer ports.
<suppressed ~300 debug messages>

16.8.18. Executing OPT_REDUCE pass (consolidate $*mux and $reduce_* inputs).
  Optimizing cells in module \logic_normalization_scalar_engine.
  Optimizing cells in module \fp16_rsqrt_lut256.
  Optimizing cells in module \fp16_mul.
  Optimizing cells in module \fp16_add.
Performed a total of 0 changes.

16.8.19. Executing OPT_MERGE pass (detect identical cells).
Finding identical cells in module `\logic_normalization_scalar_engine'.
Computing hashes of 58 cells of `\logic_normalization_scalar_engine'.
Finding duplicate cells in `\logic_normalization_scalar_engine'.
Finding identical cells in module `\fp16_rsqrt_lut256'.
Computing hashes of 136 cells of `\fp16_rsqrt_lut256'.
Finding duplicate cells in `\fp16_rsqrt_lut256'.
Finding identical cells in module `\fp16_mul'.
Computing hashes of 111 cells of `\fp16_mul'.
Finding duplicate cells in `\fp16_mul'.
Finding identical cells in module `\fp16_add'.
Computing hashes of 174 cells of `\fp16_add'.
Finding duplicate cells in `\fp16_add'.
Removed a total of 0 cells.

16.8.20. Executing OPT_DFF pass (perform DFF optimizations).

16.8.21. Executing OPT_CLEAN pass (remove unused cells and wires).
Finding unused cells or wires in module \logic_normalization_scalar_engine..
Finding unused cells or wires in module \fp16_rsqrt_lut256..
Finding unused cells or wires in module \fp16_mul..
Finding unused cells or wires in module \fp16_add..

16.8.22. Executing OPT_EXPR pass (perform const folding).
Optimizing module logic_normalization_scalar_engine.
Optimizing module fp16_rsqrt_lut256.
Optimizing module fp16_mul.
Optimizing module fp16_add.

16.8.23. Finished fast OPT passes. (There is nothing left to do.)

16.9. Executing WREDUCE pass (reducing word size of cells).
Removed top 1 bits (of 2) from port B of cell logic_normalization_scalar_engine.$auto$opt_dff.cc:351:make_patterns_logic$3148 ($ne).
Removed top 24 address bits (of 32) from memory init port fp16_rsqrt_lut256.$auto$mem.cc:351:emit$1034 ($auto$proc_rom.cc:155:do_switch$1032).
Removed top 28 bits (of 32) from port B of cell fp16_rsqrt_lut256.$div$rtl/fp16_rsqrt_lut256.sv:63$588 ($div).
Removed top 1 bits (of 16) from mux cell fp16_rsqrt_lut256.$ternary$rtl/fp16_rsqrt_lut256.sv:41$530 ($mux).
Removed top 2 bits (of 8) from port A of cell fp16_rsqrt_lut256.$sub$rtl/fp16_rsqrt_lut256.sv:47$550 ($sub).
Removed top 3 bits (of 8) from port B of cell fp16_rsqrt_lut256.$sub$rtl/fp16_rsqrt_lut256.sv:47$550 ($sub).
Converting cell fp16_rsqrt_lut256.$sub$rtl/fp16_rsqrt_lut256.sv:47$550 ($sub) from signed to unsigned.
Removed top 1 bits (of 8) from port Y of cell fp16_rsqrt_lut256.$sub$rtl/fp16_rsqrt_lut256.sv:47$550 ($sub).
Removed top 1 bits (of 6) from port A of cell fp16_rsqrt_lut256.$sub$rtl/fp16_rsqrt_lut256.sv:47$550 ($sub).
Removed top 1 bits (of 5) from port B of cell fp16_rsqrt_lut256.$sub$rtl/fp16_rsqrt_lut256.sv:47$550 ($sub).
Removed top 1 bits (of 7) from port Y of cell fp16_rsqrt_lut256.$sub$rtl/fp16_rsqrt_lut256.sv:47$550 ($sub).
Removed top 31 bits (of 32) from port B of cell fp16_rsqrt_lut256.$lt$rtl/fp16_rsqrt_lut256.sv:50$554 ($lt).
Removed top 31 bits (of 32) from port B of cell fp16_rsqrt_lut256.$lt$rtl/fp16_rsqrt_lut256.sv:50$557 ($lt).
Removed top 31 bits (of 32) from port B of cell fp16_rsqrt_lut256.$lt$rtl/fp16_rsqrt_lut256.sv:50$560 ($lt).
Removed top 31 bits (of 32) from port B of cell fp16_rsqrt_lut256.$lt$rtl/fp16_rsqrt_lut256.sv:50$563 ($lt).
Removed top 31 bits (of 32) from port B of cell fp16_rsqrt_lut256.$lt$rtl/fp16_rsqrt_lut256.sv:50$566 ($lt).
Removed top 31 bits (of 32) from port B of cell fp16_rsqrt_lut256.$lt$rtl/fp16_rsqrt_lut256.sv:50$569 ($lt).
Removed top 31 bits (of 32) from port B of cell fp16_rsqrt_lut256.$lt$rtl/fp16_rsqrt_lut256.sv:50$572 ($lt).
Removed top 31 bits (of 32) from port B of cell fp16_rsqrt_lut256.$lt$rtl/fp16_rsqrt_lut256.sv:50$575 ($lt).
Removed top 31 bits (of 32) from port B of cell fp16_rsqrt_lut256.$lt$rtl/fp16_rsqrt_lut256.sv:50$578 ($lt).
Removed top 27 bits (of 32) from port A of cell fp16_rsqrt_lut256.$sub$rtl/fp16_rsqrt_lut256.sv:51$581 ($sub).
Removed top 26 bits (of 32) from port B of cell fp16_rsqrt_lut256.$sub$rtl/fp16_rsqrt_lut256.sv:52$583 ($sub).
Removed top 24 bits (of 32) from port Y of cell fp16_rsqrt_lut256.$sub$rtl/fp16_rsqrt_lut256.sv:52$583 ($sub).
Removed top 24 bits (of 32) from port A of cell fp16_rsqrt_lut256.$sub$rtl/fp16_rsqrt_lut256.sv:52$583 ($sub).
Removed top 30 bits (of 32) from port B of cell fp16_rsqrt_lut256.$sub$rtl/fp16_rsqrt_lut256.sv:57$586 ($sub).
Removed top 24 bits (of 32) from port Y of cell fp16_rsqrt_lut256.$sub$rtl/fp16_rsqrt_lut256.sv:57$586 ($sub).
Removed top 1 bits (of 12) from port B of cell fp16_rsqrt_lut256.$sub$rtl/fp16_rsqrt_lut256.sv:62$587 ($sub).
Converting cell fp16_rsqrt_lut256.$sub$rtl/fp16_rsqrt_lut256.sv:65$591 ($sub) from unsigned to signed.
Removed top 3 bits (of 9) from port A of cell fp16_rsqrt_lut256.$sub$rtl/fp16_rsqrt_lut256.sv:65$591 ($sub).
Removed top 2 bits (of 9) from port B of cell fp16_rsqrt_lut256.$sub$rtl/fp16_rsqrt_lut256.sv:65$591 ($sub).
Removed top 4 bits (of 9) from port Y of cell fp16_rsqrt_lut256.$sub$rtl/fp16_rsqrt_lut256.sv:65$591 ($sub).
Removed top 1 bits (of 6) from port A of cell fp16_rsqrt_lut256.$sub$rtl/fp16_rsqrt_lut256.sv:65$591 ($sub).
Removed top 2 bits (of 7) from port B of cell fp16_rsqrt_lut256.$sub$rtl/fp16_rsqrt_lut256.sv:65$591 ($sub).
Removed top 1 bits (of 16) from mux cell fp16_rsqrt_lut256.$procmux$1159 ($mux).
Removed top 2 bits (of 8) from mux cell fp16_rsqrt_lut256.$procmux$1177 ($mux).
Removed top 1 bits (of 16) from mux cell fp16_rsqrt_lut256.$procmux$1482 ($mux).
Removed top 1 bits (of 16) from mux cell fp16_rsqrt_lut256.$procmux$1647 ($mux).
Removed top 1 bits (of 16) from mux cell fp16_rsqrt_lut256.$procmux$1779 ($mux).
Removed top 1 bits (of 16) from mux cell fp16_rsqrt_lut256.$procmux$1157 ($mux).
Removed top 2 bits (of 8) from mux cell fp16_rsqrt_lut256.$procmux$1175 ($mux).
Removed top 1 bits (of 16) from mux cell fp16_rsqrt_lut256.$procmux$1155 ($mux).
Removed top 2 bits (of 8) from mux cell fp16_rsqrt_lut256.$procmux$1173 ($mux).
Removed top 1 bits (of 16) from mux cell fp16_rsqrt_lut256.$procmux$1152 ($mux).
Removed top 2 bits (of 8) from mux cell fp16_rsqrt_lut256.$procmux$1170 ($mux).
Removed top 1 bits (of 16) from mux cell fp16_rsqrt_lut256.$procmux$1149 ($mux).
Removed top 2 bits (of 8) from mux cell fp16_rsqrt_lut256.$procmux$1167 ($mux).
Removed top 2 bits (of 8) from mux cell fp16_rsqrt_lut256.$procmux$1164 ($mux).
Removed top 2 bits (of 8) from port Y of cell fp16_rsqrt_lut256.$sub$rtl/fp16_rsqrt_lut256.sv:57$586 ($sub).
Removed top 2 bits (of 8) from port A of cell fp16_rsqrt_lut256.$sub$rtl/fp16_rsqrt_lut256.sv:57$586 ($sub).
Removed top 2 bits (of 8) from mux cell fp16_rsqrt_lut256.$procmux$1423 ($mux).
Removed top 2 bits (of 8) from mux cell fp16_rsqrt_lut256.$procmux$1421 ($mux).
Removed top 2 bits (of 8) from mux cell fp16_rsqrt_lut256.$procmux$1419 ($mux).
Removed top 2 bits (of 8) from mux cell fp16_rsqrt_lut256.$procmux$1416 ($mux).
Removed top 2 bits (of 8) from mux cell fp16_rsqrt_lut256.$procmux$1413 ($mux).
Removed top 2 bits (of 8) from mux cell fp16_rsqrt_lut256.$procmux$1410 ($mux).
Removed top 2 bits (of 8) from port Y of cell fp16_rsqrt_lut256.$sub$rtl/fp16_rsqrt_lut256.sv:52$583 ($sub).
Removed top 2 bits (of 8) from port A of cell fp16_rsqrt_lut256.$sub$rtl/fp16_rsqrt_lut256.sv:52$583 ($sub).
Removed top 2 bits (of 8) from wire fp16_rsqrt_lut256.$7\approximate_rsqrt$func$rtl/fp16_rsqrt_lut256.sv:79$441.unbiased_exponent[7:0]$547.
Removed top 1 bits (of 16) from wire fp16_rsqrt_lut256.$6\approximate_rsqrt$func$rtl/fp16_rsqrt_lut256.sv:79$441.$result[15:0]$534.
Removed top 1 bits (of 16) from wire fp16_rsqrt_lut256.$ternary$rtl/fp16_rsqrt_lut256.sv:41$530_Y.
Removed top 1 bits (of 16) from wire fp16_rsqrt_lut256.$5\approximate_rsqrt$func$rtl/fp16_rsqrt_lut256.sv:79$441.$result[15:0]$518.
Removed top 1 bits (of 16) from wire fp16_rsqrt_lut256.$4\approximate_rsqrt$func$rtl/fp16_rsqrt_lut256.sv:79$441.$result[15:0]$506.
Removed top 2 bits (of 8) from wire fp16_rsqrt_lut256.$procmux$1421_Y.
Removed top 2 bits (of 8) from wire fp16_rsqrt_lut256.$procmux$1419_Y.
Removed top 2 bits (of 8) from wire fp16_rsqrt_lut256.$procmux$1416_Y.
Removed top 2 bits (of 8) from wire fp16_rsqrt_lut256.$procmux$1175_Y.
Removed top 2 bits (of 8) from wire fp16_rsqrt_lut256.$procmux$1173_Y.
Removed top 2 bits (of 8) from wire fp16_rsqrt_lut256.$procmux$1170_Y.
Removed top 2 bits (of 8) from wire fp16_rsqrt_lut256.$procmux$1167_Y.
Removed top 2 bits (of 8) from wire fp16_rsqrt_lut256.$procmux$1413_Y.
Removed top 2 bits (of 8) from wire fp16_rsqrt_lut256.$procmux$1164_Y.
Removed top 1 bits (of 16) from wire fp16_rsqrt_lut256.$procmux$1157_Y.
Removed top 1 bits (of 16) from wire fp16_rsqrt_lut256.$procmux$1155_Y.
Removed top 1 bits (of 16) from wire fp16_rsqrt_lut256.$procmux$1152_Y.
Removed top 1 bits (of 16) from wire fp16_rsqrt_lut256.$procmux$1149_Y.
Removed top 4 bits (of 9) from wire fp16_rsqrt_lut256.$sub$rtl/fp16_rsqrt_lut256.sv:65$591_Y.
Removed top 2 bits (of 8) from wire fp16_rsqrt_lut256.$procmux$1410_Y.
Removed top 1 bits (of 16) from wire fp16_rsqrt_lut256.$7\approximate_rsqrt$func$rtl/fp16_rsqrt_lut256.sv:79$441.lut_value[15:0]$589.
Removed top 26 bits (of 32) from wire fp16_rsqrt_lut256.$sub$rtl/fp16_rsqrt_lut256.sv:57$586_Y.
Removed top 2 bits (of 8) from wire fp16_rsqrt_lut256.$7\approximate_rsqrt$func$rtl/fp16_rsqrt_lut256.sv:79$441.even_exponent[7:0]$585.
Removed top 26 bits (of 32) from wire fp16_rsqrt_lut256.$sub$rtl/fp16_rsqrt_lut256.sv:52$583_Y.
Removed top 28 bits (of 32) from port B of cell fp16_mul.$sub$rtl/fp16_mul.sv:24$150 ($sub).
Removed top 26 bits (of 32) from port Y of cell fp16_mul.$sub$rtl/fp16_mul.sv:24$150 ($sub).
Removed top 28 bits (of 32) from port B of cell fp16_mul.$sub$rtl/fp16_mul.sv:25$153 ($sub).
Removed top 26 bits (of 32) from port Y of cell fp16_mul.$sub$rtl/fp16_mul.sv:25$153 ($sub).
Removed top 26 bits (of 32) from port B of cell fp16_mul.$sub$rtl/fp16_mul.sv:29$156 ($sub).
Removed top 26 bits (of 32) from port B of cell fp16_mul.$ge$rtl/fp16_mul.sv:44$187 ($ge).
Removed top 27 bits (of 32) from port B of cell fp16_mul.$ge$rtl/fp16_mul.sv:45$188 ($ge).
Removed top 27 bits (of 32) from port B of cell fp16_mul.$sub$rtl/fp16_mul.sv:46$189 ($sub).
Removed top 31 bits (of 32) from port B of cell fp16_mul.$gt$rtl/fp16_mul.sv:47$190 ($gt).
Removed top 42 bits (of 64) from port A of cell fp16_mul.$shr$rtl/fp16_mul.sv:48$191 ($shr).
Removed top 63 bits (of 64) from port A of cell fp16_mul.$shl$rtl/fp16_mul.sv:49$193 ($shl).
Removed top 30 bits (of 32) from port B of cell fp16_mul.$sub$rtl/fp16_mul.sv:50$195 ($sub).
Removed top 42 bits (of 64) from port A of cell fp16_mul.$and$rtl/fp16_mul.sv:51$197 ($and).
Removed top 42 bits (of 64) from port A of cell fp16_mul.$shl$rtl/fp16_mul.sv:53$203 ($shl).
Removed top 20 bits (of 32) from port B of cell fp16_mul.$ge$rtl/fp16_mul.sv:54$204 ($ge).
Removed top 30 bits (of 32) from port B of cell fp16_mul.$add$rtl/fp16_mul.sv:56$206 ($add).
Removed top 26 bits (of 32) from port B of cell fp16_mul.$ge$rtl/fp16_mul.sv:58$207 ($ge).
Removed top 27 bits (of 32) from port B of cell fp16_mul.$add$rtl/fp16_mul.sv:60$208 ($add).
Removed top 27 bits (of 32) from port Y of cell fp16_mul.$add$rtl/fp16_mul.sv:60$208 ($add).
Removed top 27 bits (of 32) from port A of cell fp16_mul.$add$rtl/fp16_mul.sv:60$208 ($add).
Removed top 28 bits (of 32) from port B of cell fp16_mul.$add$rtl/fp16_mul.sv:65$210 ($add).
Removed top 31 bits (of 32) from port B of cell fp16_mul.$gt$rtl/fp16_mul.sv:66$212 ($gt).
Removed top 42 bits (of 64) from port A of cell fp16_mul.$shr$rtl/fp16_mul.sv:67$213 ($shr).
Removed top 63 bits (of 64) from port A of cell fp16_mul.$shl$rtl/fp16_mul.sv:68$215 ($shl).
Removed top 30 bits (of 32) from port B of cell fp16_mul.$sub$rtl/fp16_mul.sv:69$217 ($sub).
Removed top 42 bits (of 64) from port A of cell fp16_mul.$and$rtl/fp16_mul.sv:70$219 ($and).
Removed top 42 bits (of 64) from port A of cell fp16_mul.$shl$rtl/fp16_mul.sv:72$225 ($shl).
Removed top 21 bits (of 32) from port B of cell fp16_mul.$ge$rtl/fp16_mul.sv:73$226 ($ge).
Removed top 5 bits (of 16) from mux cell fp16_mul.$procmux$2020 ($mux).
Removed top 1 bits (of 16) from mux cell fp16_mul.$procmux$2093 ($mux).
Removed top 54 bits (of 64) from mux cell fp16_mul.$procmux$2147 ($mux).
Removed top 1 bits (of 16) from mux cell fp16_mul.$procmux$2233 ($mux).
Removed top 1 bits (of 16) from mux cell fp16_mul.$procmux$2323 ($mux).
Removed top 1 bits (of 16) from mux cell fp16_mul.$procmux$2407 ($mux).
Removed top 1 bits (of 16) from mux cell fp16_mul.$procmux$2470 ($mux).
Removed top 31 bits (of 32) from mux cell fp16_mul.$procmux$2593 ($mux).
Removed top 31 bits (of 32) from wire fp16_mul.$2\msb_index[31:0].
Removed top 27 bits (of 32) from wire fp16_mul.$add$rtl/fp16_mul.sv:60$208_Y.
Removed top 54 bits (of 64) from wire fp16_mul.$7\rounded_wide[63:0].
Removed top 26 bits (of 32) from port Y of cell fp16_add.$sub$rtl/fp16_add.sv:46$23 ($sub).
Removed top 26 bits (of 32) from port A of cell fp16_add.$le$rtl/fp16_add.sv:9$24 ($le).
Removed top 31 bits (of 32) from port B of cell fp16_add.$le$rtl/fp16_add.sv:9$24 ($le).
Removed top 26 bits (of 32) from port A of cell fp16_add.$ge$rtl/fp16_add.sv:10$27 ($ge).
Removed top 27 bits (of 32) from port B of cell fp16_add.$ge$rtl/fp16_add.sv:10$27 ($ge).
Removed top 13 bits (of 14) from port A of cell fp16_add.$shl$rtl/fp16_add.sv:12$31 ($shl).
Removed top 1 bits (of 15) from port A of cell fp16_add.$add$rtl/fp16_add.sv:52$38 ($add).
Removed top 1 bits (of 15) from port B of cell fp16_add.$add$rtl/fp16_add.sv:52$38 ($add).
Removed top 26 bits (of 32) from port A of cell fp16_add.$add$rtl/fp16_add.sv:56$40 ($add).
Removed top 30 bits (of 32) from port B of cell fp16_add.$add$rtl/fp16_add.sv:56$40 ($add).
Converting cell fp16_add.$add$rtl/fp16_add.sv:56$40 ($add) from signed to unsigned.
Removed top 25 bits (of 32) from port Y of cell fp16_add.$add$rtl/fp16_add.sv:56$40 ($add).
Removed top 1 bits (of 6) from port A of cell fp16_add.$add$rtl/fp16_add.sv:56$40 ($add).
Removed top 1 bits (of 2) from port B of cell fp16_add.$add$rtl/fp16_add.sv:56$40 ($add).
Removed top 1 bits (of 7) from port Y of cell fp16_add.$add$rtl/fp16_add.sv:56$40 ($add).
Removed top 26 bits (of 32) from port A of cell fp16_add.$gt$rtl/fp16_add.sv:62$43 ($gt).
Removed top 30 bits (of 32) from port B of cell fp16_add.$gt$rtl/fp16_add.sv:62$43 ($gt).
Converting cell fp16_add.$gt$rtl/fp16_add.sv:62$43 ($gt) from signed to unsigned.
Removed top 1 bits (of 6) from port A of cell fp16_add.$gt$rtl/fp16_add.sv:62$43 ($gt).
Removed top 1 bits (of 2) from port B of cell fp16_add.$gt$rtl/fp16_add.sv:62$43 ($gt).
Removed top 26 bits (of 32) from port A of cell fp16_add.$sub$rtl/fp16_add.sv:64$46 ($sub).
Removed top 30 bits (of 32) from port B of cell fp16_add.$sub$rtl/fp16_add.sv:64$46 ($sub).
Converting cell fp16_add.$sub$rtl/fp16_add.sv:64$46 ($sub) from signed to unsigned.
Removed top 25 bits (of 32) from port Y of cell fp16_add.$sub$rtl/fp16_add.sv:64$46 ($sub).
Removed top 1 bits (of 6) from port A of cell fp16_add.$sub$rtl/fp16_add.sv:64$46 ($sub).
Removed top 1 bits (of 2) from port B of cell fp16_add.$sub$rtl/fp16_add.sv:64$46 ($sub).
Removed top 1 bits (of 7) from port Y of cell fp16_add.$sub$rtl/fp16_add.sv:64$46 ($sub).
Removed top 30 bits (of 32) from port B of cell fp16_add.$gt$rtl/fp16_add.sv:62$48 ($gt).
Removed top 30 bits (of 32) from port B of cell fp16_add.$sub$rtl/fp16_add.sv:64$51 ($sub).
Removed top 30 bits (of 32) from port B of cell fp16_add.$gt$rtl/fp16_add.sv:62$53 ($gt).
Removed top 30 bits (of 32) from port B of cell fp16_add.$sub$rtl/fp16_add.sv:64$56 ($sub).
Removed top 30 bits (of 32) from port B of cell fp16_add.$gt$rtl/fp16_add.sv:62$58 ($gt).
Removed top 30 bits (of 32) from port B of cell fp16_add.$sub$rtl/fp16_add.sv:64$61 ($sub).
Removed top 30 bits (of 32) from port B of cell fp16_add.$gt$rtl/fp16_add.sv:62$63 ($gt).
Removed top 30 bits (of 32) from port B of cell fp16_add.$sub$rtl/fp16_add.sv:64$66 ($sub).
Removed top 30 bits (of 32) from port B of cell fp16_add.$gt$rtl/fp16_add.sv:62$68 ($gt).
Removed top 30 bits (of 32) from port B of cell fp16_add.$sub$rtl/fp16_add.sv:64$71 ($sub).
Removed top 30 bits (of 32) from port B of cell fp16_add.$gt$rtl/fp16_add.sv:62$73 ($gt).
Removed top 30 bits (of 32) from port B of cell fp16_add.$sub$rtl/fp16_add.sv:64$76 ($sub).
Removed top 30 bits (of 32) from port B of cell fp16_add.$gt$rtl/fp16_add.sv:62$78 ($gt).
Removed top 30 bits (of 32) from port B of cell fp16_add.$sub$rtl/fp16_add.sv:64$81 ($sub).
Removed top 30 bits (of 32) from port B of cell fp16_add.$gt$rtl/fp16_add.sv:62$83 ($gt).
Removed top 30 bits (of 32) from port B of cell fp16_add.$sub$rtl/fp16_add.sv:64$86 ($sub).
Removed top 30 bits (of 32) from port B of cell fp16_add.$gt$rtl/fp16_add.sv:62$88 ($gt).
Removed top 30 bits (of 32) from port B of cell fp16_add.$sub$rtl/fp16_add.sv:64$91 ($sub).
Removed top 30 bits (of 32) from port B of cell fp16_add.$gt$rtl/fp16_add.sv:62$93 ($gt).
Removed top 30 bits (of 32) from port B of cell fp16_add.$sub$rtl/fp16_add.sv:64$96 ($sub).
Removed top 30 bits (of 32) from port B of cell fp16_add.$gt$rtl/fp16_add.sv:62$98 ($gt).
Removed top 30 bits (of 32) from port B of cell fp16_add.$sub$rtl/fp16_add.sv:64$101 ($sub).
Removed top 30 bits (of 32) from port B of cell fp16_add.$gt$rtl/fp16_add.sv:62$103 ($gt).
Removed top 30 bits (of 32) from port B of cell fp16_add.$sub$rtl/fp16_add.sv:64$106 ($sub).
Removed top 1 bits (of 12) from port A of cell fp16_add.$add$rtl/fp16_add.sv:69$110 ($add).
Removed top 30 bits (of 32) from port B of cell fp16_add.$add$rtl/fp16_add.sv:72$112 ($add).
Removed top 26 bits (of 32) from port B of cell fp16_add.$ge$rtl/fp16_add.sv:85$137 ($ge).
Removed top 30 bits (of 32) from port B of cell fp16_add.$le$rtl/fp16_add.sv:86$138 ($le).
Removed top 1 bits (of 16) from mux cell fp16_add.$procmux$2598 ($mux).
Removed top 1 bits (of 16) from mux cell fp16_add.$procmux$2619 ($mux).
Removed top 1 bits (of 12) from mux cell fp16_add.$procmux$2685 ($mux).
Removed top 26 bits (of 32) from mux cell fp16_add.$procmux$2851 ($mux).
Removed top 26 bits (of 32) from wire fp16_add.$add$rtl/fp16_add.sv:56$40_Y.
Removed top 26 bits (of 32) from wire fp16_add.$2\result_exp[31:0].
Removed top 1 bits (of 12) from wire fp16_add.rounded_sig.

16.10. Executing PEEPOPT pass (run peephole optimizers).

16.11. Executing OPT_CLEAN pass (remove unused cells and wires).
Finding unused cells or wires in module \logic_normalization_scalar_engine..
Finding unused cells or wires in module \fp16_rsqrt_lut256..
Finding unused cells or wires in module \fp16_mul..
Finding unused cells or wires in module \fp16_add..
Removed 0 unused cells and 30 unused wires.
<suppressed ~3 debug messages>

16.12. Executing ALUMACC pass (create $alu and $macc cells).
Extracting $alu and $macc cells in module logic_normalization_scalar_engine:
  created 0 $alu and 0 $macc cells.
Extracting $alu and $macc cells in module fp16_rsqrt_lut256:
  creating $macc model for $sub$rtl/fp16_rsqrt_lut256.sv:65$591 ($sub).
  creating $macc model for $sub$rtl/fp16_rsqrt_lut256.sv:62$587 ($sub).
  creating $macc model for $sub$rtl/fp16_rsqrt_lut256.sv:57$586 ($sub).
  creating $macc model for $sub$rtl/fp16_rsqrt_lut256.sv:52$583 ($sub).
  creating $macc model for $sub$rtl/fp16_rsqrt_lut256.sv:51$581 ($sub).
  creating $macc model for $sub$rtl/fp16_rsqrt_lut256.sv:47$550 ($sub).
  creating $alu model for $macc $sub$rtl/fp16_rsqrt_lut256.sv:47$550.
  creating $alu model for $macc $sub$rtl/fp16_rsqrt_lut256.sv:51$581.
  creating $alu model for $macc $sub$rtl/fp16_rsqrt_lut256.sv:52$583.
  creating $alu model for $macc $sub$rtl/fp16_rsqrt_lut256.sv:57$586.
  creating $alu model for $macc $sub$rtl/fp16_rsqrt_lut256.sv:62$587.
  creating $alu model for $macc $sub$rtl/fp16_rsqrt_lut256.sv:65$591.
  creating $alu model for $lt$rtl/fp16_rsqrt_lut256.sv:50$578 ($lt): new $alu
  creating $alu model for $lt$rtl/fp16_rsqrt_lut256.sv:50$575 ($lt): new $alu
  creating $alu model for $lt$rtl/fp16_rsqrt_lut256.sv:50$572 ($lt): new $alu
  creating $alu model for $lt$rtl/fp16_rsqrt_lut256.sv:50$569 ($lt): new $alu
  creating $alu model for $lt$rtl/fp16_rsqrt_lut256.sv:50$566 ($lt): new $alu
  creating $alu model for $lt$rtl/fp16_rsqrt_lut256.sv:50$563 ($lt): new $alu
  creating $alu model for $lt$rtl/fp16_rsqrt_lut256.sv:50$560 ($lt): new $alu
  creating $alu model for $lt$rtl/fp16_rsqrt_lut256.sv:50$557 ($lt): new $alu
  creating $alu model for $lt$rtl/fp16_rsqrt_lut256.sv:50$554 ($lt): new $alu
  creating $alu cell for $lt$rtl/fp16_rsqrt_lut256.sv:50$554: $auto$alumacc.cc:548:replace_alu$3197
  creating $alu cell for $lt$rtl/fp16_rsqrt_lut256.sv:50$557: $auto$alumacc.cc:548:replace_alu$3204
  creating $alu cell for $lt$rtl/fp16_rsqrt_lut256.sv:50$560: $auto$alumacc.cc:548:replace_alu$3211
  creating $alu cell for $lt$rtl/fp16_rsqrt_lut256.sv:50$563: $auto$alumacc.cc:548:replace_alu$3218
  creating $alu cell for $lt$rtl/fp16_rsqrt_lut256.sv:50$566: $auto$alumacc.cc:548:replace_alu$3225
  creating $alu cell for $lt$rtl/fp16_rsqrt_lut256.sv:50$569: $auto$alumacc.cc:548:replace_alu$3232
  creating $alu cell for $lt$rtl/fp16_rsqrt_lut256.sv:50$572: $auto$alumacc.cc:548:replace_alu$3239
  creating $alu cell for $lt$rtl/fp16_rsqrt_lut256.sv:50$575: $auto$alumacc.cc:548:replace_alu$3246
  creating $alu cell for $lt$rtl/fp16_rsqrt_lut256.sv:50$578: $auto$alumacc.cc:548:replace_alu$3253
  creating $alu cell for $sub$rtl/fp16_rsqrt_lut256.sv:65$591: $auto$alumacc.cc:548:replace_alu$3260
  creating $alu cell for $sub$rtl/fp16_rsqrt_lut256.sv:62$587: $auto$alumacc.cc:548:replace_alu$3263
  creating $alu cell for $sub$rtl/fp16_rsqrt_lut256.sv:57$586: $auto$alumacc.cc:548:replace_alu$3266
  creating $alu cell for $sub$rtl/fp16_rsqrt_lut256.sv:52$583: $auto$alumacc.cc:548:replace_alu$3269
  creating $alu cell for $sub$rtl/fp16_rsqrt_lut256.sv:51$581: $auto$alumacc.cc:548:replace_alu$3272
  creating $alu cell for $sub$rtl/fp16_rsqrt_lut256.sv:47$550: $auto$alumacc.cc:548:replace_alu$3275
  created 15 $alu and 0 $macc cells.
Extracting $alu and $macc cells in module fp16_mul:
  creating $macc model for $neg$rtl/fp16_mul.sv:72$224 ($neg).
  creating $macc model for $add$rtl/fp16_mul.sv:71$223 ($add).
  creating $macc model for $sub$rtl/fp16_mul.sv:69$217 ($sub).
  creating $macc model for $sub$rtl/fp16_mul.sv:68$216 ($sub).
  creating $macc model for $neg$rtl/fp16_mul.sv:65$211 ($neg).
  creating $macc model for $add$rtl/fp16_mul.sv:65$210 ($add).
  creating $macc model for $add$rtl/fp16_mul.sv:65$209 ($add).
  creating $macc model for $add$rtl/fp16_mul.sv:60$208 ($add).
  creating $macc model for $add$rtl/fp16_mul.sv:56$206 ($add).
  creating $macc model for $neg$rtl/fp16_mul.sv:53$202 ($neg).
  creating $macc model for $add$rtl/fp16_mul.sv:52$201 ($add).
  creating $macc model for $sub$rtl/fp16_mul.sv:50$195 ($sub).
  creating $macc model for $sub$rtl/fp16_mul.sv:49$194 ($sub).
  creating $macc model for $sub$rtl/fp16_mul.sv:46$189 ($sub).
  creating $macc model for $add$rtl/fp16_mul.sv:29$157 ($add).
  creating $macc model for $sub$rtl/fp16_mul.sv:29$156 ($sub).
  creating $macc model for $sub$rtl/fp16_mul.sv:25$153 ($sub).
  creating $macc model for $sub$rtl/fp16_mul.sv:24$150 ($sub).
  creating $macc model for $mul$rtl/fp16_mul.sv:22$148 ($mul).
  merging $macc model for $sub$rtl/fp16_mul.sv:29$156 into $add$rtl/fp16_mul.sv:29$157.
  merging $macc model for $add$rtl/fp16_mul.sv:65$210 into $neg$rtl/fp16_mul.sv:65$211.
  creating $alu model for $macc $sub$rtl/fp16_mul.sv:25$153.
  creating $alu model for $macc $sub$rtl/fp16_mul.sv:24$150.
  creating $alu model for $macc $sub$rtl/fp16_mul.sv:46$189.
  creating $alu model for $macc $sub$rtl/fp16_mul.sv:49$194.
  creating $alu model for $macc $sub$rtl/fp16_mul.sv:50$195.
  creating $alu model for $macc $add$rtl/fp16_mul.sv:52$201.
  creating $alu model for $macc $neg$rtl/fp16_mul.sv:53$202.
  creating $alu model for $macc $add$rtl/fp16_mul.sv:56$206.
  creating $alu model for $macc $add$rtl/fp16_mul.sv:60$208.
  creating $alu model for $macc $add$rtl/fp16_mul.sv:65$209.
  creating $alu model for $macc $sub$rtl/fp16_mul.sv:68$216.
  creating $alu model for $macc $sub$rtl/fp16_mul.sv:69$217.
  creating $alu model for $macc $add$rtl/fp16_mul.sv:71$223.
  creating $alu model for $macc $neg$rtl/fp16_mul.sv:72$224.
  creating $macc cell for $add$rtl/fp16_mul.sv:29$157: $auto$alumacc.cc:399:replace_macc$3278
  creating $macc cell for $neg$rtl/fp16_mul.sv:65$211: $auto$alumacc.cc:399:replace_macc$3279
  creating $macc cell for $mul$rtl/fp16_mul.sv:22$148: $auto$alumacc.cc:399:replace_macc$3280
  creating $alu model for $ge$rtl/fp16_mul.sv:73$226 ($ge): new $alu
  creating $alu model for $gt$rtl/fp16_mul.sv:66$212 ($gt): new $alu
  creating $alu model for $ge$rtl/fp16_mul.sv:58$207 ($ge): new $alu
  creating $alu model for $ge$rtl/fp16_mul.sv:54$204 ($ge): new $alu
  creating $alu model for $gt$rtl/fp16_mul.sv:47$190 ($gt): new $alu
  creating $alu model for $ge$rtl/fp16_mul.sv:45$188 ($ge): new $alu
  creating $alu model for $ge$rtl/fp16_mul.sv:44$187 ($ge): new $alu
  creating $alu cell for $ge$rtl/fp16_mul.sv:44$187: $auto$alumacc.cc:548:replace_alu$3288
  creating $alu cell for $ge$rtl/fp16_mul.sv:45$188: $auto$alumacc.cc:548:replace_alu$3303
  creating $alu cell for $gt$rtl/fp16_mul.sv:47$190: $auto$alumacc.cc:548:replace_alu$3318
  creating $alu cell for $ge$rtl/fp16_mul.sv:54$204: $auto$alumacc.cc:548:replace_alu$3331
  creating $alu cell for $ge$rtl/fp16_mul.sv:58$207: $auto$alumacc.cc:548:replace_alu$3344
  creating $alu cell for $gt$rtl/fp16_mul.sv:66$212: $auto$alumacc.cc:548:replace_alu$3359
  creating $alu cell for $ge$rtl/fp16_mul.sv:73$226: $auto$alumacc.cc:548:replace_alu$3372
  creating $alu cell for $neg$rtl/fp16_mul.sv:72$224: $auto$alumacc.cc:548:replace_alu$3385
  creating $alu cell for $add$rtl/fp16_mul.sv:71$223: $auto$alumacc.cc:548:replace_alu$3388
  creating $alu cell for $sub$rtl/fp16_mul.sv:69$217: $auto$alumacc.cc:548:replace_alu$3391
  creating $alu cell for $sub$rtl/fp16_mul.sv:68$216: $auto$alumacc.cc:548:replace_alu$3394
  creating $alu cell for $add$rtl/fp16_mul.sv:65$209: $auto$alumacc.cc:548:replace_alu$3397
  creating $alu cell for $add$rtl/fp16_mul.sv:60$208: $auto$alumacc.cc:548:replace_alu$3400
  creating $alu cell for $add$rtl/fp16_mul.sv:56$206: $auto$alumacc.cc:548:replace_alu$3403
  creating $alu cell for $neg$rtl/fp16_mul.sv:53$202: $auto$alumacc.cc:548:replace_alu$3406
  creating $alu cell for $add$rtl/fp16_mul.sv:52$201: $auto$alumacc.cc:548:replace_alu$3409
  creating $alu cell for $sub$rtl/fp16_mul.sv:50$195: $auto$alumacc.cc:548:replace_alu$3412
  creating $alu cell for $sub$rtl/fp16_mul.sv:49$194: $auto$alumacc.cc:548:replace_alu$3415
  creating $alu cell for $sub$rtl/fp16_mul.sv:46$189: $auto$alumacc.cc:548:replace_alu$3418
  creating $alu cell for $sub$rtl/fp16_mul.sv:24$150: $auto$alumacc.cc:548:replace_alu$3421
  creating $alu cell for $sub$rtl/fp16_mul.sv:25$153: $auto$alumacc.cc:548:replace_alu$3424
  created 21 $alu and 3 $macc cells.
Extracting $alu and $macc cells in module fp16_add:
  creating $macc model for $add$rtl/fp16_add.sv:72$112 ($add).
  creating $macc model for $add$rtl/fp16_add.sv:69$110 ($add).
  creating $macc model for $sub$rtl/fp16_add.sv:64$106 ($sub).
  creating $macc model for $sub$rtl/fp16_add.sv:64$101 ($sub).
  creating $macc model for $sub$rtl/fp16_add.sv:64$96 ($sub).
  creating $macc model for $sub$rtl/fp16_add.sv:64$91 ($sub).
  creating $macc model for $sub$rtl/fp16_add.sv:64$86 ($sub).
  creating $macc model for $sub$rtl/fp16_add.sv:64$81 ($sub).
  creating $macc model for $sub$rtl/fp16_add.sv:64$76 ($sub).
  creating $macc model for $sub$rtl/fp16_add.sv:64$71 ($sub).
  creating $macc model for $sub$rtl/fp16_add.sv:64$66 ($sub).
  creating $macc model for $sub$rtl/fp16_add.sv:64$61 ($sub).
  creating $macc model for $sub$rtl/fp16_add.sv:64$56 ($sub).
  creating $macc model for $sub$rtl/fp16_add.sv:64$51 ($sub).
  creating $macc model for $sub$rtl/fp16_add.sv:64$46 ($sub).
  creating $macc model for $sub$rtl/fp16_add.sv:59$41 ($sub).
  creating $macc model for $add$rtl/fp16_add.sv:56$40 ($add).
  creating $macc model for $add$rtl/fp16_add.sv:52$38 ($add).
  creating $macc model for $sub$rtl/fp16_add.sv:12$32 ($sub).
  creating $macc model for $sub$rtl/fp16_add.sv:46$23 ($sub).
  creating $alu model for $macc $sub$rtl/fp16_add.sv:46$23.
  creating $alu model for $macc $sub$rtl/fp16_add.sv:12$32.
  creating $alu model for $macc $add$rtl/fp16_add.sv:52$38.
  creating $alu model for $macc $add$rtl/fp16_add.sv:56$40.
  creating $alu model for $macc $sub$rtl/fp16_add.sv:59$41.
  creating $alu model for $macc $sub$rtl/fp16_add.sv:64$46.
  creating $alu model for $macc $sub$rtl/fp16_add.sv:64$51.
  creating $alu model for $macc $sub$rtl/fp16_add.sv:64$56.
  creating $alu model for $macc $sub$rtl/fp16_add.sv:64$61.
  creating $alu model for $macc $sub$rtl/fp16_add.sv:64$66.
  creating $alu model for $macc $sub$rtl/fp16_add.sv:64$71.
  creating $alu model for $macc $sub$rtl/fp16_add.sv:64$76.
  creating $alu model for $macc $sub$rtl/fp16_add.sv:64$81.
  creating $alu model for $macc $sub$rtl/fp16_add.sv:64$86.
  creating $alu model for $macc $sub$rtl/fp16_add.sv:64$91.
  creating $alu model for $macc $sub$rtl/fp16_add.sv:64$96.
  creating $alu model for $macc $sub$rtl/fp16_add.sv:64$101.
  creating $alu model for $macc $sub$rtl/fp16_add.sv:64$106.
  creating $alu model for $macc $add$rtl/fp16_add.sv:69$110.
  creating $alu model for $macc $add$rtl/fp16_add.sv:72$112.
  creating $alu model for $le$rtl/fp16_add.sv:86$138 ($le): new $alu
  creating $alu model for $ge$rtl/fp16_add.sv:85$137 ($ge): new $alu
  creating $alu model for $gt$rtl/fp16_add.sv:62$103 ($gt): merged with $sub$rtl/fp16_add.sv:64$106.
  creating $alu model for $gt$rtl/fp16_add.sv:62$98 ($gt): merged with $sub$rtl/fp16_add.sv:64$101.
  creating $alu model for $gt$rtl/fp16_add.sv:62$93 ($gt): merged with $sub$rtl/fp16_add.sv:64$96.
  creating $alu model for $gt$rtl/fp16_add.sv:62$88 ($gt): merged with $sub$rtl/fp16_add.sv:64$91.
  creating $alu model for $gt$rtl/fp16_add.sv:62$83 ($gt): merged with $sub$rtl/fp16_add.sv:64$86.
  creating $alu model for $gt$rtl/fp16_add.sv:62$78 ($gt): merged with $sub$rtl/fp16_add.sv:64$81.
  creating $alu model for $gt$rtl/fp16_add.sv:62$73 ($gt): merged with $sub$rtl/fp16_add.sv:64$76.
  creating $alu model for $gt$rtl/fp16_add.sv:62$68 ($gt): merged with $sub$rtl/fp16_add.sv:64$71.
  creating $alu model for $gt$rtl/fp16_add.sv:62$63 ($gt): merged with $sub$rtl/fp16_add.sv:64$66.
  creating $alu model for $gt$rtl/fp16_add.sv:62$58 ($gt): merged with $sub$rtl/fp16_add.sv:64$61.
  creating $alu model for $gt$rtl/fp16_add.sv:62$53 ($gt): merged with $sub$rtl/fp16_add.sv:64$56.
  creating $alu model for $gt$rtl/fp16_add.sv:62$48 ($gt): merged with $sub$rtl/fp16_add.sv:64$51.
  creating $alu model for $gt$rtl/fp16_add.sv:62$43 ($gt): merged with $sub$rtl/fp16_add.sv:64$46.
  creating $alu model for $ge$rtl/fp16_add.sv:10$27 ($ge): new $alu
  creating $alu model for $le$rtl/fp16_add.sv:9$24 ($le): new $alu
  creating $alu model for $gt$rtl/fp16_add.sv:38$18 ($gt): new $alu
  creating $alu cell for $gt$rtl/fp16_add.sv:38$18: $auto$alumacc.cc:548:replace_alu$3432
  creating $alu cell for $le$rtl/fp16_add.sv:9$24: $auto$alumacc.cc:548:replace_alu$3443
  creating $alu cell for $ge$rtl/fp16_add.sv:10$27: $auto$alumacc.cc:548:replace_alu$3454
  creating $alu cell for $ge$rtl/fp16_add.sv:85$137: $auto$alumacc.cc:548:replace_alu$3469
  creating $alu cell for $le$rtl/fp16_add.sv:86$138: $auto$alumacc.cc:548:replace_alu$3484
  creating $alu cell for $add$rtl/fp16_add.sv:72$112: $auto$alumacc.cc:548:replace_alu$3495
  creating $alu cell for $add$rtl/fp16_add.sv:69$110: $auto$alumacc.cc:548:replace_alu$3498
  creating $alu cell for $sub$rtl/fp16_add.sv:64$106, $gt$rtl/fp16_add.sv:62$103: $auto$alumacc.cc:548:replace_alu$3501
  creating $alu cell for $sub$rtl/fp16_add.sv:64$101, $gt$rtl/fp16_add.sv:62$98: $auto$alumacc.cc:548:replace_alu$3514
  creating $alu cell for $sub$rtl/fp16_add.sv:64$96, $gt$rtl/fp16_add.sv:62$93: $auto$alumacc.cc:548:replace_alu$3527
  creating $alu cell for $sub$rtl/fp16_add.sv:64$91, $gt$rtl/fp16_add.sv:62$88: $auto$alumacc.cc:548:replace_alu$3540
  creating $alu cell for $sub$rtl/fp16_add.sv:64$86, $gt$rtl/fp16_add.sv:62$83: $auto$alumacc.cc:548:replace_alu$3553
  creating $alu cell for $sub$rtl/fp16_add.sv:64$81, $gt$rtl/fp16_add.sv:62$78: $auto$alumacc.cc:548:replace_alu$3566
  creating $alu cell for $sub$rtl/fp16_add.sv:64$76, $gt$rtl/fp16_add.sv:62$73: $auto$alumacc.cc:548:replace_alu$3579
  creating $alu cell for $sub$rtl/fp16_add.sv:64$71, $gt$rtl/fp16_add.sv:62$68: $auto$alumacc.cc:548:replace_alu$3592
  creating $alu cell for $sub$rtl/fp16_add.sv:64$66, $gt$rtl/fp16_add.sv:62$63: $auto$alumacc.cc:548:replace_alu$3605
  creating $alu cell for $sub$rtl/fp16_add.sv:64$61, $gt$rtl/fp16_add.sv:62$58: $auto$alumacc.cc:548:replace_alu$3618
  creating $alu cell for $sub$rtl/fp16_add.sv:64$56, $gt$rtl/fp16_add.sv:62$53: $auto$alumacc.cc:548:replace_alu$3631
  creating $alu cell for $sub$rtl/fp16_add.sv:64$51, $gt$rtl/fp16_add.sv:62$48: $auto$alumacc.cc:548:replace_alu$3644
  creating $alu cell for $sub$rtl/fp16_add.sv:64$46, $gt$rtl/fp16_add.sv:62$43: $auto$alumacc.cc:548:replace_alu$3657
  creating $alu cell for $add$rtl/fp16_add.sv:56$40: $auto$alumacc.cc:548:replace_alu$3668
  creating $alu cell for $sub$rtl/fp16_add.sv:59$41: $auto$alumacc.cc:548:replace_alu$3671
  creating $alu cell for $add$rtl/fp16_add.sv:52$38: $auto$alumacc.cc:548:replace_alu$3674
  creating $alu cell for $sub$rtl/fp16_add.sv:12$32: $auto$alumacc.cc:548:replace_alu$3677
  creating $alu cell for $sub$rtl/fp16_add.sv:46$23: $auto$alumacc.cc:548:replace_alu$3680
  created 25 $alu and 0 $macc cells.

16.13. Executing SHARE pass (SAT-based resource sharing).
Found 2 cells in module fp16_rsqrt_lut256 that may be considered for resource sharing.
  Analyzing resource sharing options for $shl$rtl/fp16_rsqrt_lut256.sv:51$582 ($shl):
    Found 1 activation_patterns using ctrl signal { $ne$rtl/fp16_rsqrt_lut256.sv:45$545_Y $logic_and$rtl/fp16_rsqrt_lut256.sv:42$533_Y $eq$rtl/fp16_rsqrt_lut256.sv:40$517_Y \input_data_i [15] \input_ready_o \input_valid_i }.
    No candidates found.
  Analyzing resource sharing options for $auto$mem.cc:305:emit$1033 ($memrd_v2):
    Found 1 activation_patterns using ctrl signal { $logic_and$rtl/fp16_rsqrt_lut256.sv:42$533_Y $eq$rtl/fp16_rsqrt_lut256.sv:40$517_Y \input_data_i [15] \input_ready_o \input_valid_i }.
    No candidates found.
Found 6 cells in module fp16_mul that may be considered for resource sharing.
  Analyzing resource sharing options for $shr$rtl/fp16_mul.sv:48$191 ($shr):
    Found 2 activation_patterns using ctrl signal { $logic_or$rtl/fp16_mul.sv:35$176_Y $logic_or$rtl/fp16_mul.sv:38$174_Y $logic_or$rtl/fp16_mul.sv:37$167_Y $auto$rtlil.cc:3271:ReduceOr$3302 $auto$rtlil.cc:3271:ReduceOr$3317 $auto$rtlil.cc:3267:Not$3330 $auto$rtlil.cc:3271:ReduceOr$3358 }.
    Found 1 candidates: $shr$rtl/fp16_mul.sv:67$213
    Analyzing resource sharing with $shr$rtl/fp16_mul.sv:67$213 ($shr):
      Found 2 activation_patterns using ctrl signal { $logic_or$rtl/fp16_mul.sv:35$176_Y $logic_or$rtl/fp16_mul.sv:38$174_Y $logic_or$rtl/fp16_mul.sv:37$167_Y $auto$rtlil.cc:3271:ReduceOr$3302 $auto$rtlil.cc:3271:ReduceOr$3317 $auto$rtlil.cc:3267:Not$3371 $auto$rtlil.cc:3271:ReduceOr$3384 }.
      Forbidden control signals for this pair of cells: { $ge$rtl/fp16_mul.sv:73$226_Y $ge$rtl/fp16_mul.sv:58$207_Y $ge$rtl/fp16_mul.sv:54$204_Y }
      Activation pattern for cell $shr$rtl/fp16_mul.sv:48$191: { $logic_or$rtl/fp16_mul.sv:35$176_Y $logic_or$rtl/fp16_mul.sv:38$174_Y $logic_or$rtl/fp16_mul.sv:37$167_Y $auto$rtlil.cc:3271:ReduceOr$3302 $auto$rtlil.cc:3271:ReduceOr$3317 $auto$rtlil.cc:3267:Not$3330 $auto$rtlil.cc:3271:ReduceOr$3358 } = 7'0000110
      Activation pattern for cell $shr$rtl/fp16_mul.sv:48$191: { $logic_or$rtl/fp16_mul.sv:35$176_Y $logic_or$rtl/fp16_mul.sv:38$174_Y $logic_or$rtl/fp16_mul.sv:37$167_Y $auto$rtlil.cc:3271:ReduceOr$3302 $auto$rtlil.cc:3271:ReduceOr$3317 $auto$rtlil.cc:3267:Not$3330 } = 6'000011
      Activation pattern for cell $shr$rtl/fp16_mul.sv:67$213: { $logic_or$rtl/fp16_mul.sv:35$176_Y $logic_or$rtl/fp16_mul.sv:38$174_Y $logic_or$rtl/fp16_mul.sv:37$167_Y $auto$rtlil.cc:3271:ReduceOr$3302 $auto$rtlil.cc:3271:ReduceOr$3317 $auto$rtlil.cc:3267:Not$3371 } = 6'000001
      Activation pattern for cell $shr$rtl/fp16_mul.sv:67$213: { $logic_or$rtl/fp16_mul.sv:35$176_Y $logic_or$rtl/fp16_mul.sv:38$174_Y $logic_or$rtl/fp16_mul.sv:37$167_Y $auto$rtlil.cc:3271:ReduceOr$3302 $auto$rtlil.cc:3271:ReduceOr$3317 $auto$rtlil.cc:3267:Not$3371 $auto$rtlil.cc:3271:ReduceOr$3384 } = 7'0000010
      According to the SAT solver this pair of cells can be shared. (Pattern only case)
      Simplified activation pattern for cell $shr$rtl/fp16_mul.sv:48$191: $auto$rtlil.cc:3271:ReduceOr$3317 = 1'1
      Simplified activation pattern for cell $shr$rtl/fp16_mul.sv:67$213: $auto$rtlil.cc:3271:ReduceOr$3317 = 1'0
      Activation signal for $shr$rtl/fp16_mul.sv:48$191: $auto$share.cc:1062:make_cell_activation_logic$3683
      New cell: $auto$share.cc:663:make_supercell$3690 ($shr)
  Analyzing resource sharing options for $auto$share.cc:663:make_supercell$3690 ($shr):
    Found 4 activation_patterns using ctrl signal { $logic_or$rtl/fp16_mul.sv:35$176_Y $logic_or$rtl/fp16_mul.sv:38$174_Y $logic_or$rtl/fp16_mul.sv:37$167_Y $auto$rtlil.cc:3271:ReduceOr$3302 $auto$rtlil.cc:3271:ReduceOr$3317 $auto$rtlil.cc:3267:Not$3330 $auto$rtlil.cc:3271:ReduceOr$3358 $auto$rtlil.cc:3267:Not$3371 $auto$rtlil.cc:3271:ReduceOr$3384 }.
    No candidates found.
  Analyzing resource sharing options for $shl$rtl/fp16_mul.sv:53$203 ($shl):
    Found 2 activation_patterns using ctrl signal { $logic_or$rtl/fp16_mul.sv:35$176_Y $logic_or$rtl/fp16_mul.sv:38$174_Y $logic_or$rtl/fp16_mul.sv:37$167_Y $auto$rtlil.cc:3271:ReduceOr$3302 $auto$rtlil.cc:3271:ReduceOr$3317 $auto$rtlil.cc:3267:Not$3330 $auto$rtlil.cc:3271:ReduceOr$3358 }.
    Found 1 candidates: $shl$rtl/fp16_mul.sv:72$225
    Analyzing resource sharing with $shl$rtl/fp16_mul.sv:72$225 ($shl):
      Found 2 activation_patterns using ctrl signal { $logic_or$rtl/fp16_mul.sv:35$176_Y $logic_or$rtl/fp16_mul.sv:38$174_Y $logic_or$rtl/fp16_mul.sv:37$167_Y $auto$rtlil.cc:3271:ReduceOr$3302 $auto$rtlil.cc:3271:ReduceOr$3317 $auto$rtlil.cc:3267:Not$3371 $auto$rtlil.cc:3271:ReduceOr$3384 }.
      Forbidden control signals for this pair of cells: { $ge$rtl/fp16_mul.sv:73$226_Y $ge$rtl/fp16_mul.sv:58$207_Y $ge$rtl/fp16_mul.sv:54$204_Y }
      Activation pattern for cell $shl$rtl/fp16_mul.sv:53$203: { $logic_or$rtl/fp16_mul.sv:35$176_Y $logic_or$rtl/fp16_mul.sv:38$174_Y $logic_or$rtl/fp16_mul.sv:37$167_Y $auto$rtlil.cc:3271:ReduceOr$3302 $auto$rtlil.cc:3271:ReduceOr$3317 $auto$rtlil.cc:3267:Not$3330 } = 6'000010
      Activation pattern for cell $shl$rtl/fp16_mul.sv:53$203: { $logic_or$rtl/fp16_mul.sv:35$176_Y $logic_or$rtl/fp16_mul.sv:38$174_Y $logic_or$rtl/fp16_mul.sv:37$167_Y $auto$rtlil.cc:3271:ReduceOr$3302 $auto$rtlil.cc:3271:ReduceOr$3317 $auto$rtlil.cc:3267:Not$3330 $auto$rtlil.cc:3271:ReduceOr$3358 } = 7'0000100
      Activation pattern for cell $shl$rtl/fp16_mul.sv:72$225: { $logic_or$rtl/fp16_mul.sv:35$176_Y $logic_or$rtl/fp16_mul.sv:38$174_Y $logic_or$rtl/fp16_mul.sv:37$167_Y $auto$rtlil.cc:3271:ReduceOr$3302 $auto$rtlil.cc:3271:ReduceOr$3317 $auto$rtlil.cc:3267:Not$3371 $auto$rtlil.cc:3271:ReduceOr$3384 } = 7'0000000
      Activation pattern for cell $shl$rtl/fp16_mul.sv:72$225: { $logic_or$rtl/fp16_mul.sv:35$176_Y $logic_or$rtl/fp16_mul.sv:38$174_Y $logic_or$rtl/fp16_mul.sv:37$167_Y $auto$rtlil.cc:3271:ReduceOr$3302 $auto$rtlil.cc:3271:ReduceOr$3317 $auto$rtlil.cc:3267:Not$3371 } = 6'000000
      According to the SAT solver this pair of cells can be shared. (Pattern only case)
      Simplified activation pattern for cell $shl$rtl/fp16_mul.sv:53$203: $auto$rtlil.cc:3271:ReduceOr$3317 = 1'1
      Simplified activation pattern for cell $shl$rtl/fp16_mul.sv:72$225: $auto$rtlil.cc:3271:ReduceOr$3317 = 1'0
      Activation signal for $shl$rtl/fp16_mul.sv:53$203: $auto$share.cc:1062:make_cell_activation_logic$3693
      New cell: $auto$share.cc:663:make_supercell$3700 ($shl)
  Analyzing resource sharing options for $auto$share.cc:663:make_supercell$3700 ($shl):
    Found 4 activation_patterns using ctrl signal { $logic_or$rtl/fp16_mul.sv:35$176_Y $logic_or$rtl/fp16_mul.sv:38$174_Y $logic_or$rtl/fp16_mul.sv:37$167_Y $auto$rtlil.cc:3271:ReduceOr$3302 $auto$rtlil.cc:3271:ReduceOr$3317 $auto$rtlil.cc:3267:Not$3330 $auto$rtlil.cc:3271:ReduceOr$3358 $auto$rtlil.cc:3267:Not$3371 $auto$rtlil.cc:3271:ReduceOr$3384 }.
    No candidates found.
  Analyzing resource sharing options for $shl$rtl/fp16_mul.sv:68$215 ($shl):
    Found 2 activation_patterns using ctrl signal { $logic_or$rtl/fp16_mul.sv:35$176_Y $logic_or$rtl/fp16_mul.sv:38$174_Y $logic_or$rtl/fp16_mul.sv:37$167_Y $auto$rtlil.cc:3271:ReduceOr$3302 $auto$rtlil.cc:3271:ReduceOr$3317 $auto$rtlil.cc:3267:Not$3371 $auto$rtlil.cc:3271:ReduceOr$3384 }.
    Found 1 candidates: $shl$rtl/fp16_mul.sv:49$193
    Analyzing resource sharing with $shl$rtl/fp16_mul.sv:49$193 ($shl):
      Found 2 activation_patterns using ctrl signal { $logic_or$rtl/fp16_mul.sv:35$176_Y $logic_or$rtl/fp16_mul.sv:38$174_Y $logic_or$rtl/fp16_mul.sv:37$167_Y $auto$rtlil.cc:3271:ReduceOr$3302 $auto$rtlil.cc:3271:ReduceOr$3317 $auto$rtlil.cc:3267:Not$3330 $auto$rtlil.cc:3271:ReduceOr$3358 }.
      Forbidden control signals for this pair of cells: { $ge$rtl/fp16_mul.sv:73$226_Y $ge$rtl/fp16_mul.sv:58$207_Y $ge$rtl/fp16_mul.sv:54$204_Y }
      Activation pattern for cell $shl$rtl/fp16_mul.sv:68$215: { $logic_or$rtl/fp16_mul.sv:35$176_Y $logic_or$rtl/fp16_mul.sv:38$174_Y $logic_or$rtl/fp16_mul.sv:37$167_Y $auto$rtlil.cc:3271:ReduceOr$3302 $auto$rtlil.cc:3271:ReduceOr$3317 $auto$rtlil.cc:3267:Not$3371 $auto$rtlil.cc:3271:ReduceOr$3384 } = 7'0000010
      Activation pattern for cell $shl$rtl/fp16_mul.sv:68$215: { $logic_or$rtl/fp16_mul.sv:35$176_Y $logic_or$rtl/fp16_mul.sv:38$174_Y $logic_or$rtl/fp16_mul.sv:37$167_Y $auto$rtlil.cc:3271:ReduceOr$3302 $auto$rtlil.cc:3271:ReduceOr$3317 $auto$rtlil.cc:3267:Not$3371 } = 6'000001
      Activation pattern for cell $shl$rtl/fp16_mul.sv:49$193: { $logic_or$rtl/fp16_mul.sv:35$176_Y $logic_or$rtl/fp16_mul.sv:38$174_Y $logic_or$rtl/fp16_mul.sv:37$167_Y $auto$rtlil.cc:3271:ReduceOr$3302 $auto$rtlil.cc:3271:ReduceOr$3317 $auto$rtlil.cc:3267:Not$3330 } = 6'000011
      Activation pattern for cell $shl$rtl/fp16_mul.sv:49$193: { $logic_or$rtl/fp16_mul.sv:35$176_Y $logic_or$rtl/fp16_mul.sv:38$174_Y $logic_or$rtl/fp16_mul.sv:37$167_Y $auto$rtlil.cc:3271:ReduceOr$3302 $auto$rtlil.cc:3271:ReduceOr$3317 $auto$rtlil.cc:3267:Not$3330 $auto$rtlil.cc:3271:ReduceOr$3358 } = 7'0000110
      According to the SAT solver this pair of cells can be shared. (Pattern only case)
      Simplified activation pattern for cell $shl$rtl/fp16_mul.sv:68$215: $auto$rtlil.cc:3271:ReduceOr$3317 = 1'0
      Simplified activation pattern for cell $shl$rtl/fp16_mul.sv:49$193: $auto$rtlil.cc:3271:ReduceOr$3317 = 1'1
      Activation signal for $shl$rtl/fp16_mul.sv:68$215: $auto$share.cc:1062:make_cell_activation_logic$3703
      New cell: $auto$share.cc:663:make_supercell$3710 ($shl)
  Analyzing resource sharing options for $auto$share.cc:663:make_supercell$3710 ($shl):
    Found 4 activation_patterns using ctrl signal { $logic_or$rtl/fp16_mul.sv:35$176_Y $logic_or$rtl/fp16_mul.sv:38$174_Y $logic_or$rtl/fp16_mul.sv:37$167_Y $auto$rtlil.cc:3271:ReduceOr$3302 $auto$rtlil.cc:3271:ReduceOr$3317 $auto$rtlil.cc:3267:Not$3330 $auto$rtlil.cc:3271:ReduceOr$3358 $auto$rtlil.cc:3267:Not$3371 $auto$rtlil.cc:3271:ReduceOr$3384 }.
    No candidates found.
Removing 6 cells in module fp16_mul:
  Removing cell $shl$rtl/fp16_mul.sv:49$193 ($shl).
  Removing cell $shl$rtl/fp16_mul.sv:68$215 ($shl).
  Removing cell $shl$rtl/fp16_mul.sv:72$225 ($shl).
  Removing cell $shl$rtl/fp16_mul.sv:53$203 ($shl).
  Removing cell $shr$rtl/fp16_mul.sv:67$213 ($shr).
  Removing cell $shr$rtl/fp16_mul.sv:48$191 ($shr).
Found 2 cells in module fp16_add that may be considered for resource sharing.
  Analyzing resource sharing options for $shl$rtl/fp16_add.sv:12$31 ($shl):
    Found 4 activation_patterns using ctrl signal { $logic_and$rtl/fp16_add.sv:86$140_Y $eq$rtl/fp16_add.sv:84$136_Y $logic_and$rtl/fp16_add.sv:81$134_Y $logic_or$rtl/fp16_add.sv:75$125_Y $eq$rtl/fp16_add.sv:76$116_Y $eq$rtl/fp16_add.sv:75$113_Y $auto$rtlil.cc:3271:ReduceOr$3453 $auto$rtlil.cc:3271:ReduceOr$3468 $auto$rtlil.cc:3271:ReduceOr$3483 }.
    No candidates found.
  Analyzing resource sharing options for $shr$rtl/fp16_add.sv:13$35 ($shr):
    Found 4 activation_patterns using ctrl signal { $logic_and$rtl/fp16_add.sv:86$140_Y $eq$rtl/fp16_add.sv:84$136_Y $logic_and$rtl/fp16_add.sv:81$134_Y $logic_or$rtl/fp16_add.sv:75$125_Y $eq$rtl/fp16_add.sv:76$116_Y $eq$rtl/fp16_add.sv:75$113_Y $auto$rtlil.cc:3271:ReduceOr$3453 $auto$rtlil.cc:3271:ReduceOr$3468 $auto$rtlil.cc:3271:ReduceOr$3483 }.
    No candidates found.

16.14. Executing OPT pass (performing simple optimizations).

16.14.1. Executing OPT_EXPR pass (perform const folding).
Optimizing module logic_normalization_scalar_engine.
Optimizing module fp16_rsqrt_lut256.
<suppressed ~27 debug messages>
Optimizing module fp16_mul.
<suppressed ~15 debug messages>
Optimizing module fp16_add.
<suppressed ~9 debug messages>

16.14.2. Executing OPT_MERGE pass (detect identical cells).
Finding identical cells in module `\logic_normalization_scalar_engine'.
Computing hashes of 58 cells of `\logic_normalization_scalar_engine'.
Finding duplicate cells in `\logic_normalization_scalar_engine'.
Finding identical cells in module `\fp16_rsqrt_lut256'.
Computing hashes of 145 cells of `\fp16_rsqrt_lut256'.
Finding duplicate cells in `\fp16_rsqrt_lut256'.
Finding identical cells in module `\fp16_mul'.
Computing hashes of 154 cells of `\fp16_mul'.
Finding duplicate cells in `\fp16_mul'.
Computing hashes of 151 cells of `\fp16_mul'.
Finding duplicate cells in `\fp16_mul'.
Computing hashes of 150 cells of `\fp16_mul'.
Finding duplicate cells in `\fp16_mul'.
Computing hashes of 149 cells of `\fp16_mul'.
Finding duplicate cells in `\fp16_mul'.
Computing hashes of 148 cells of `\fp16_mul'.
Finding duplicate cells in `\fp16_mul'.
Computing hashes of 147 cells of `\fp16_mul'.
Finding duplicate cells in `\fp16_mul'.
<suppressed ~23 debug messages>
Finding identical cells in module `\fp16_add'.
Computing hashes of 248 cells of `\fp16_add'.
Finding duplicate cells in `\fp16_add'.
Removed a total of 7 cells.

16.14.3. Executing OPT_MUXTREE pass (detect dead branches in mux trees).
Running muxtree optimizer on module \logic_normalization_scalar_engine..
  Creating internal representation of mux trees.
  Evaluating internal representation of mux trees.
  Analyzing evaluation results.
Running muxtree optimizer on module \fp16_rsqrt_lut256..
  Creating internal representation of mux trees.
  Evaluating internal representation of mux trees.
  Analyzing evaluation results.
Running muxtree optimizer on module \fp16_mul..
  Creating internal representation of mux trees.
  Evaluating internal representation of mux trees.
  Analyzing evaluation results.
Running muxtree optimizer on module \fp16_add..
  Creating internal representation of mux trees.
  Evaluating internal representation of mux trees.
  Analyzing evaluation results.
Removed 0 multiplexer ports.
<suppressed ~306 debug messages>

16.14.4. Executing OPT_REDUCE pass (consolidate $*mux and $reduce_* inputs).
  Optimizing cells in module \logic_normalization_scalar_engine.
  Optimizing cells in module \fp16_rsqrt_lut256.
  Optimizing cells in module \fp16_mul.
  Optimizing cells in module \fp16_add.
Performed a total of 0 changes.

16.14.5. Executing OPT_MERGE pass (detect identical cells).
Finding identical cells in module `\logic_normalization_scalar_engine'.
Computing hashes of 58 cells of `\logic_normalization_scalar_engine'.
Finding duplicate cells in `\logic_normalization_scalar_engine'.
Finding identical cells in module `\fp16_rsqrt_lut256'.
Computing hashes of 145 cells of `\fp16_rsqrt_lut256'.
Finding duplicate cells in `\fp16_rsqrt_lut256'.
Finding identical cells in module `\fp16_mul'.
Computing hashes of 147 cells of `\fp16_mul'.
Finding duplicate cells in `\fp16_mul'.
Finding identical cells in module `\fp16_add'.
Computing hashes of 248 cells of `\fp16_add'.
Finding duplicate cells in `\fp16_add'.
Removed a total of 0 cells.

16.14.6. Executing OPT_DFF pass (perform DFF optimizations).
Setting constant 0-bit at position 15 on $auto$ff.cc:337:slice$3154 ($adffe) from module fp16_rsqrt_lut256.

16.14.7. Executing OPT_CLEAN pass (remove unused cells and wires).
Finding unused cells or wires in module \logic_normalization_scalar_engine..
Finding unused cells or wires in module \fp16_rsqrt_lut256..
Finding unused cells or wires in module \fp16_mul..
Finding unused cells or wires in module \fp16_add..
Removed 15 unused cells and 126 unused wires.
<suppressed ~33 debug messages>

16.14.8. Executing OPT_EXPR pass (perform const folding).
Optimizing module logic_normalization_scalar_engine.
Optimizing module fp16_rsqrt_lut256.
Optimizing module fp16_mul.
Optimizing module fp16_add.

16.14.9. Rerunning OPT passes. (Maybe there is more to do..)

16.14.10. Executing OPT_MUXTREE pass (detect dead branches in mux trees).
Running muxtree optimizer on module \logic_normalization_scalar_engine..
  Creating internal representation of mux trees.
  Evaluating internal representation of mux trees.
  Analyzing evaluation results.
Running muxtree optimizer on module \fp16_rsqrt_lut256..
  Creating internal representation of mux trees.
  Evaluating internal representation of mux trees.
  Analyzing evaluation results.
Running muxtree optimizer on module \fp16_mul..
  Creating internal representation of mux trees.
  Evaluating internal representation of mux trees.
  Analyzing evaluation results.
Running muxtree optimizer on module \fp16_add..
  Creating internal representation of mux trees.
  Evaluating internal representation of mux trees.
  Analyzing evaluation results.
Removed 0 multiplexer ports.
<suppressed ~306 debug messages>

16.14.11. Executing OPT_REDUCE pass (consolidate $*mux and $reduce_* inputs).
  Optimizing cells in module \logic_normalization_scalar_engine.
  Optimizing cells in module \fp16_rsqrt_lut256.
  Optimizing cells in module \fp16_mul.
  Optimizing cells in module \fp16_add.
Performed a total of 0 changes.

16.14.12. Executing OPT_MERGE pass (detect identical cells).
Finding identical cells in module `\logic_normalization_scalar_engine'.
Computing hashes of 58 cells of `\logic_normalization_scalar_engine'.
Finding duplicate cells in `\logic_normalization_scalar_engine'.
Finding identical cells in module `\fp16_rsqrt_lut256'.
Computing hashes of 127 cells of `\fp16_rsqrt_lut256'.
Finding duplicate cells in `\fp16_rsqrt_lut256'.
Finding identical cells in module `\fp16_mul'.
Computing hashes of 137 cells of `\fp16_mul'.
Finding duplicate cells in `\fp16_mul'.
Finding identical cells in module `\fp16_add'.
Computing hashes of 246 cells of `\fp16_add'.
Finding duplicate cells in `\fp16_add'.
Removed a total of 0 cells.

16.14.13. Executing OPT_DFF pass (perform DFF optimizations).

16.14.14. Executing OPT_CLEAN pass (remove unused cells and wires).
Finding unused cells or wires in module \logic_normalization_scalar_engine..
Finding unused cells or wires in module \fp16_rsqrt_lut256..
Finding unused cells or wires in module \fp16_mul..
Finding unused cells or wires in module \fp16_add..

16.14.15. Executing OPT_EXPR pass (perform const folding).
Optimizing module logic_normalization_scalar_engine.
Optimizing module fp16_rsqrt_lut256.
Optimizing module fp16_mul.
Optimizing module fp16_add.

16.14.16. Finished fast OPT passes. (There is nothing left to do.)

16.15. Executing MEMORY pass.

16.15.1. Executing OPT_MEM pass (optimize memories).
fp16_rsqrt_lut256.$auto$proc_rom.cc:155:do_switch$1032: removing const-0 lane 10
fp16_rsqrt_lut256.$auto$proc_rom.cc:155:do_switch$1032: removing const-1 lane 11
fp16_rsqrt_lut256.$auto$proc_rom.cc:155:do_switch$1032: removing const-1 lane 12
fp16_rsqrt_lut256.$auto$proc_rom.cc:155:do_switch$1032: removing const-1 lane 13
fp16_rsqrt_lut256.$auto$proc_rom.cc:155:do_switch$1032: removing const-0 lane 14
fp16_rsqrt_lut256.$auto$proc_rom.cc:155:do_switch$1032: removing const-0 lane 15
Performed a total of 1 transformations.

16.15.2. Executing OPT_MEM_PRIORITY pass (removing unnecessary memory write priority relations).
Performed a total of 0 transformations.

16.15.3. Executing OPT_MEM_FEEDBACK pass (finding memory read-to-write feedback paths).

16.15.4. Executing MEMORY_BMUX2ROM pass (converting muxes to ROMs).

16.15.5. Executing MEMORY_DFF pass (merging $dff cells to $memrd).
Checking read port `$auto$proc_rom.cc:155:do_switch$1032'[0] in module `\fp16_rsqrt_lut256': FF found, but with a mux select that doesn't seem to correspond to transparency logic.
Checking read port address `$auto$proc_rom.cc:155:do_switch$1032'[0] in module `\fp16_rsqrt_lut256': no address FF found.

16.15.6. Executing OPT_CLEAN pass (remove unused cells and wires).
Finding unused cells or wires in module \logic_normalization_scalar_engine..
Finding unused cells or wires in module \fp16_rsqrt_lut256..
Finding unused cells or wires in module \fp16_mul..
Finding unused cells or wires in module \fp16_add..

16.15.7. Executing MEMORY_SHARE pass (consolidating $memrd/$memwr cells).

16.15.8. Executing OPT_MEM_WIDEN pass (optimize memories where all ports are wide).
Performed a total of 0 transformations.

16.15.9. Executing OPT_CLEAN pass (remove unused cells and wires).
Finding unused cells or wires in module \logic_normalization_scalar_engine..
Finding unused cells or wires in module \fp16_rsqrt_lut256..
Finding unused cells or wires in module \fp16_mul..
Finding unused cells or wires in module \fp16_add..

16.15.10. Executing MEMORY_COLLECT pass (generating $mem cells).

16.16. Executing OPT_CLEAN pass (remove unused cells and wires).
Finding unused cells or wires in module \logic_normalization_scalar_engine..
Finding unused cells or wires in module \fp16_rsqrt_lut256..
Finding unused cells or wires in module \fp16_mul..
Finding unused cells or wires in module \fp16_add..

16.17. Executing OPT pass (performing simple optimizations).

16.17.1. Executing OPT_EXPR pass (perform const folding).
Optimizing module logic_normalization_scalar_engine.
<suppressed ~3 debug messages>
Optimizing module fp16_rsqrt_lut256.
<suppressed ~82 debug messages>
Optimizing module fp16_mul.
<suppressed ~30 debug messages>
Optimizing module fp16_add.
<suppressed ~35 debug messages>

16.17.2. Executing OPT_MERGE pass (detect identical cells).
Finding identical cells in module `\logic_normalization_scalar_engine'.
Computing hashes of 57 cells of `\logic_normalization_scalar_engine'.
Finding duplicate cells in `\logic_normalization_scalar_engine'.
Finding identical cells in module `\fp16_rsqrt_lut256'.
Computing hashes of 59 cells of `\fp16_rsqrt_lut256'.
Finding duplicate cells in `\fp16_rsqrt_lut256'.
Finding identical cells in module `\fp16_mul'.
Computing hashes of 148 cells of `\fp16_mul'.
Finding duplicate cells in `\fp16_mul'.
Finding identical cells in module `\fp16_add'.
Computing hashes of 223 cells of `\fp16_add'.
Finding duplicate cells in `\fp16_add'.
Removed a total of 0 cells.

16.17.3. Executing OPT_DFF pass (perform DFF optimizations).

16.17.4. Executing OPT_CLEAN pass (remove unused cells and wires).
Finding unused cells or wires in module \logic_normalization_scalar_engine..
Finding unused cells or wires in module \fp16_rsqrt_lut256..
Finding unused cells or wires in module \fp16_mul..
Finding unused cells or wires in module \fp16_add..
Removed 14 unused cells and 166 unused wires.
<suppressed ~18 debug messages>

16.17.5. Finished fast OPT passes.

16.18. Executing MEMORY_MAP pass (converting memories to logic and flip-flops).
Mapping memory $auto$proc_rom.cc:155:do_switch$1032 in module \fp16_rsqrt_lut256:
  created 256 $dff cells and 0 static cells of width 10.
  read interface: 0 $dff and 255 $mux cells.
  write interface: 0 write mux blocks.

16.19. Executing OPT pass (performing simple optimizations).

16.19.1. Executing OPT_EXPR pass (perform const folding).
Optimizing module logic_normalization_scalar_engine.
<suppressed ~1 debug messages>
Optimizing module fp16_rsqrt_lut256.
Optimizing module fp16_mul.
Optimizing module fp16_add.

16.19.2. Executing OPT_MERGE pass (detect identical cells).
Finding identical cells in module `\logic_normalization_scalar_engine'.
Computing hashes of 57 cells of `\logic_normalization_scalar_engine'.
Finding duplicate cells in `\logic_normalization_scalar_engine'.
Finding identical cells in module `\fp16_rsqrt_lut256'.
Computing hashes of 300 cells of `\fp16_rsqrt_lut256'.
Finding duplicate cells in `\fp16_rsqrt_lut256'.
Finding identical cells in module `\fp16_mul'.
Computing hashes of 147 cells of `\fp16_mul'.
Finding duplicate cells in `\fp16_mul'.
Finding identical cells in module `\fp16_add'.
Computing hashes of 223 cells of `\fp16_add'.
Finding duplicate cells in `\fp16_add'.
Removed a total of 0 cells.

16.19.3. Executing OPT_MUXTREE pass (detect dead branches in mux trees).
Running muxtree optimizer on module \logic_normalization_scalar_engine..
  Creating internal representation of mux trees.
  Evaluating internal representation of mux trees.
  Analyzing evaluation results.
Running muxtree optimizer on module \fp16_rsqrt_lut256..
  Creating internal representation of mux trees.
  Evaluating internal representation of mux trees.
  Analyzing evaluation results.
Running muxtree optimizer on module \fp16_mul..
  Creating internal representation of mux trees.
  Evaluating internal representation of mux trees.
  Analyzing evaluation results.
Running muxtree optimizer on module \fp16_add..
  Creating internal representation of mux trees.
  Evaluating internal representation of mux trees.
  Analyzing evaluation results.
Removed 0 multiplexer ports.
<suppressed ~434 debug messages>

16.19.4. Executing OPT_REDUCE pass (consolidate $*mux and $reduce_* inputs).
  Optimizing cells in module \logic_normalization_scalar_engine.
  Optimizing cells in module \fp16_rsqrt_lut256.
    Consolidated identical input bits for $mux cell $memory$auto$proc_rom.cc:155:do_switch$1032$rdmux[0][7][126]$4589:
      Old ports: A=10'0000000101, B=10'0000000100, Y=$memory$auto$proc_rom.cc:155:do_switch$1032$rdmux[0][6][63]$a$4209
      New ports: A=1'1, B=1'0, Y=$memory$auto$proc_rom.cc:155:do_switch$1032$rdmux[0][6][63]$a$4209 [0]
      New connections: $memory$auto$proc_rom.cc:155:do_switch$1032$rdmux[0][6][63]$a$4209 [9:1] = 9'000000010
    Consolidated identical input bits for $mux cell $memory$auto$proc_rom.cc:155:do_switch$1032$rdmux[0][7][125]$4586:
      Old ports: A=10'0000001000, B=10'0000000111, Y=$memory$auto$proc_rom.cc:155:do_switch$1032$rdmux[0][6][62]$b$4207
      New ports: A=2'10, B=2'01, Y={ $memory$auto$proc_rom.cc:155:do_switch$1032$rdmux[0][6][62]$b$4207 [3] $memory$auto$proc_rom.cc:155:do_switch$1032$rdmux[0][6][62]$b$4207 [0] }
      New connections: { $memory$auto$proc_rom.cc:155:do_switch$1032$rdmux[0][6][62]$b$4207 [9:4] $memory$auto$proc_rom.cc:155:do_switch$1032$rdmux[0][6][62]$b$4207 [2:1] } = { 6'000000 $memory$auto$proc_rom.cc:155:do_switch$1032$rdmux[0][6][62]$b$4207 [0] $memory$auto$proc_rom.cc:155:do_switch$1032$rdmux[0][6][62]$b$4207 [0] }
    Consolidated identical input bits for $mux cell $memory$auto$proc_rom.cc:155:do_switch$1032$rdmux[0][7][124]$4583:
      Old ports: A=10'0000001011, B=10'0000001010, Y=$memory$auto$proc_rom.cc:155:do_switch$1032$rdmux[0][6][62]$a$4206
      New ports: A=1'1, B=1'0, Y=$memory$auto$proc_rom.cc:155:do_switch$1032$rdmux[0][6][62]$a$4206 [0]
      New connections: $memory$auto$proc_rom.cc:155:do_switch$1032$rdmux[0][6][62]$a$4206 [9:1] = 9'000000101
    Consolidated identical input bits for $mux cell $memory$auto$proc_rom.cc:155:do_switch$1032$rdmux[0][7][123]$4580:
      Old ports: A=10'0000001111, B=10'0000001101, Y=$memory$auto$proc_rom.cc:155:do_switch$1032$rdmux[0][6][61]$b$4204
      New ports: A=1'1, B=1'0, Y=$memory$auto$proc_rom.cc:155:do_switch$1032$rdmux[0][6][61]$b$4204 [1]
      New connections: { $memory$auto$proc_rom.cc:155:do_switch$1032$rdmux[0][6][61]$b$4204 [9:2] $memory$auto$proc_rom.cc:155:do_switch$1032$rdmux[0][6][61]$b$4204 [0] } = 9'000000111
    Consolidated identical input bits for $mux cell $memory$auto$proc_rom.cc:155:do_switch$1032$rdmux[0][7][122]$4577:
      Old ports: A=10'0000010010, B=10'0000010000, Y=$memory$auto$proc_rom.cc:155:do_switch$1032$rdmux[0][6][61]$a$4203
      New ports: A=1'1, B=1'0, Y=$memory$auto$proc_rom.cc:155:do_switch$1032$rdmux[0][6][61]$a$4203 [1]
      New connections: { $memory$auto$proc_rom.cc:155:do_switch$1032$rdmux[0][6][61]$a$4203 [9:2] $memory$auto$proc_rom.cc:155:do_switch$1032$rdmux[0][6][61]$a$4203 [0] } = 9'000001000
    Consolidated identical input bits for $mux cell $memory$auto$proc_rom.cc:155:do_switch$1032$rdmux[0][7][121]$4574:
      Old ports: A=10'0000010101, B=10'0000010011, Y=$memory$auto$proc_rom.cc:155:do_switch$1032$rdmux[0][6][60]$b$4201
      New ports: A=2'10, B=2'01, Y=$memory$auto$proc_rom.cc:155:do_switch$1032$rdmux[0][6][60]$b$4201 [2:1]
      New connections: { $memory$auto$proc_rom.cc:155:do_switch$1032$rdmux[0][6][60]$b$4201 [9:3] $memory$auto$proc_rom.cc:155:do_switch$1032$rdmux[0][6][60]$b$4201 [0] } = 8'00000101
    Consolidated identical input bits for $mux cell $memory$auto$proc_rom.cc:155:do_switch$1032$rdmux[0][7][120]$4571:
      Old ports: A=10'0000011000, B=10'0000010110, Y=$memory$auto$proc_rom.cc:155:do_switch$1032$rdmux[0][6][60]$a$4200
      New ports: A=2'10, B=2'01, Y={ $memory$auto$proc_rom.cc:155:do_switch$1032$rdmux[0][6][60]$a$4200 [3] $memory$auto$proc_rom.cc:155:do_switch$1032$rdmux[0][6][60]$a$4200 [1] }
      New connections: { $memory$auto$proc_rom.cc:155:do_switch$1032$rdmux[0][6][60]$a$4200 [9:4] $memory$auto$proc_rom.cc:155:do_switch$1032$rdmux[0][6][60]$a$4200 [2] $memory$auto$proc_rom.cc:155:do_switch$1032$rdmux[0][6][60]$a$4200 [0] } = { 6'000001 $memory$auto$proc_rom.cc:155:do_switch$1032$rdmux[0][6][60]$a$4200 [1] 1'0 }
    Consolidated identical input bits for $mux cell $memory$auto$proc_rom.cc:155:do_switch$1032$rdmux[0][7][119]$4568:
      Old ports: A=10'0000011011, B=10'0000011010, Y=$memory$auto$proc_rom.cc:155:do_switch$1032$rdmux[0][6][59]$b$4198
      New ports: A=1'1, B=1'0, Y=$memory$auto$proc_rom.cc:155:do_switch$1032$rdmux[0][6][59]$b$4198 [0]
      New connections: $memory$auto$proc_rom.cc:155:do_switch$1032$rdmux[0][6][59]$b$4198 [9:1] = 9'000001101
    Consolidated identical input bits for $mux cell $memory$auto$proc_rom.cc:155:do_switch$1032$rdmux[0][7][118]$4565:
      Old ports: A=10'0000011111, B=10'0000011101, Y=$memory$auto$proc_rom.cc:155:do_switch$1032$rdmux[0][6][59]$a$4197
      New ports: A=1'1, B=1'0, Y=$memory$auto$proc_rom.cc:155:do_switch$1032$rdmux[0][6][59]$a$4197 [1]
      New connections: { $memory$auto$proc_rom.cc:155:do_switch$1032$rdmux[0][6][59]$a$4197 [9:2] $memory$auto$proc_rom.cc:155:do_switch$1032$rdmux[0][6][59]$a$4197 [0] } = 9'000001111
    Consolidated identical input bits for $mux cell $memory$auto$proc_rom.cc:155:do_switch$1032$rdmux[0][7][117]$4562:
      Old ports: A=10'0000100010, B=10'0000100000, Y=$memory$auto$proc_rom.cc:155:do_switch$1032$rdmux[0][6][58]$b$4195
      New ports: A=1'1, B=1'0, Y=$memory$auto$proc_rom.cc:155:do_switch$1032$rdmux[0][6][58]$b$4195 [1]
      New connections: { $memory$auto$proc_rom.cc:155:do_switch$1032$rdmux[0][6][58]$b$4195 [9:2] $memory$auto$proc_rom.cc:155:do_switch$1032$rdmux[0][6][58]$b$4195 [0] } = 9'000010000
    Consolidated identical input bits for $mux cell $memory$auto$proc_rom.cc:155:do_switch$1032$rdmux[0][7][116]$4559:
      Old ports: A=10'0000100101, B=10'0000100100, Y=$memory$auto$proc_rom.cc:155:do_switch$1032$rdmux[0][6][58]$a$4194
      New ports: A=1'1, B=1'0, Y=$memory$auto$proc_rom.cc:155:do_switch$1032$rdmux[0][6][58]$a$4194 [0]
      New connections: $memory$auto$proc_rom.cc:155:do_switch$1032$rdmux[0][6][58]$a$4194 [9:1] = 9'000010010
    Consolidated identical input bits for $mux cell $memory$auto$proc_rom.cc:155:do_switch$1032$rdmux[0][7][115]$4556:
      Old ports: A=10'0000101001, B=10'0000100111, Y=$memory$auto$proc_rom.cc:155:do_switch$1032$rdmux[0][6][57]$b$4192
      New ports: A=2'10, B=2'01, Y={ $memory$auto$proc_rom.cc:155:do_switch$1032$rdmux[0][6][57]$b$4192 [3] $memory$auto$proc_rom.cc:155:do_switch$1032$rdmux[0][6][57]$b$4192 [1] }
      New connections: { $memory$auto$proc_rom.cc:155:do_switch$1032$rdmux[0][6][57]$b$4192 [9:4] $memory$auto$proc_rom.cc:155:do_switch$1032$rdmux[0][6][57]$b$4192 [2] $memory$auto$proc_rom.cc:155:do_switch$1032$rdmux[0][6][57]$b$4192 [0] } = { 6'000010 $memory$auto$proc_rom.cc:155:do_switch$1032$rdmux[0][6][57]$b$4192 [1] 1'1 }
    Consolidated identical input bits for $mux cell $memory$auto$proc_rom.cc:155:do_switch$1032$rdmux[0][7][114]$4553:
      Old ports: A=10'0000101100, B=10'0000101010, Y=$memory$auto$proc_rom.cc:155:do_switch$1032$rdmux[0][6][57]$a$4191
      New ports: A=2'10, B=2'01, Y=$memory$auto$proc_rom.cc:155:do_switch$1032$rdmux[0][6][57]$a$4191 [2:1]
      New connections: { $memory$auto$proc_rom.cc:155:do_switch$1032$rdmux[0][6][57]$a$4191 [9:3] $memory$auto$proc_rom.cc:155:do_switch$1032$rdmux[0][6][57]$a$4191 [0] } = 8'00001010
    Consolidated identical input bits for $mux cell $memory$auto$proc_rom.cc:155:do_switch$1032$rdmux[0][7][113]$4550:
      Old ports: A=10'0000101111, B=10'0000101110, Y=$memory$auto$proc_rom.cc:155:do_switch$1032$rdmux[0][6][56]$b$4189
      New ports: A=1'1, B=1'0, Y=$memory$auto$proc_rom.cc:155:do_switch$1032$rdmux[0][6][56]$b$4189 [0]
      New connections: $memory$auto$proc_rom.cc:155:do_switch$1032$rdmux[0][6][56]$b$4189 [9:1] = 9'000010111
    Consolidated identical input bits for $mux cell $memory$auto$proc_rom.cc:155:do_switch$1032$rdmux[0][7][112]$4547:
      Old ports: A=10'0000110011, B=10'0000110001, Y=$memory$auto$proc_rom.cc:155:do_switch$1032$rdmux[0][6][56]$a$4188
      New ports: A=1'1, B=1'0, Y=$memory$auto$proc_rom.cc:155:do_switch$1032$rdmux[0][6][56]$a$4188 [1]
      New connections: { $memory$auto$proc_rom.cc:155:do_switch$1032$rdmux[0][6][56]$a$4188 [9:2] $memory$auto$proc_rom.cc:155:do_switch$1032$rdmux[0][6][56]$a$4188 [0] } = 9'000011001
    Consolidated identical input bits for $mux cell $memory$auto$proc_rom.cc:155:do_switch$1032$rdmux[0][7][111]$4544:
      Old ports: A=10'0000110110, B=10'0000110101, Y=$memory$auto$proc_rom.cc:155:do_switch$1032$rdmux[0][6][55]$b$4186
      New ports: A=2'10, B=2'01, Y=$memory$auto$proc_rom.cc:155:do_switch$1032$rdmux[0][6][55]$b$4186 [1:0]
      New connections: $memory$auto$proc_rom.cc:155:do_switch$1032$rdmux[0][6][55]$b$4186 [9:2] = 8'00001101
    Consolidated identical input bits for $mux cell $memory$auto$proc_rom.cc:155:do_switch$1032$rdmux[0][7][110]$4541:
      Old ports: A=10'0000111010, B=10'0000111000, Y=$memory$auto$proc_rom.cc:155:do_switch$1032$rdmux[0][6][55]$a$4185
      New ports: A=1'1, B=1'0, Y=$memory$auto$proc_rom.cc:155:do_switch$1032$rdmux[0][6][55]$a$4185 [1]
      New connections: { $memory$auto$proc_rom.cc:155:do_switch$1032$rdmux[0][6][55]$a$4185 [9:2] $memory$auto$proc_rom.cc:155:do_switch$1032$rdmux[0][6][55]$a$4185 [0] } = 9'000011100
    Consolidated identical input bits for $mux cell $memory$auto$proc_rom.cc:155:do_switch$1032$rdmux[0][7][109]$4538:
      Old ports: A=10'0000111101, B=10'0000111100, Y=$memory$auto$proc_rom.cc:155:do_switch$1032$rdmux[0][6][54]$b$4183
      New ports: A=1'1, B=1'0, Y=$memory$auto$proc_rom.cc:155:do_switch$1032$rdmux[0][6][54]$b$4183 [0]
      New connections: $memory$auto$proc_rom.cc:155:do_switch$1032$rdmux[0][6][54]$b$4183 [9:1] = 9'000011110
    Consolidated identical input bits for $mux cell $memory$auto$proc_rom.cc:155:do_switch$1032$rdmux[0][7][108]$4535:
      Old ports: A=10'0001000001, B=10'0000111111, Y=$memory$auto$proc_rom.cc:155:do_switch$1032$rdmux[0][6][54]$a$4182
      New ports: A=2'10, B=2'01, Y={ $memory$auto$proc_rom.cc:155:do_switch$1032$rdmux[0][6][54]$a$4182 [6] $memory$auto$proc_rom.cc:155:do_switch$1032$rdmux[0][6][54]$a$4182 [1] }
      New connections: { $memory$auto$proc_rom.cc:155:do_switch$1032$rdmux[0][6][54]$a$4182 [9:7] $memory$auto$proc_rom.cc:155:do_switch$1032$rdmux[0][6][54]$a$4182 [5:2] $memory$auto$proc_rom.cc:155:do_switch$1032$rdmux[0][6][54]$a$4182 [0] } = { 3'000 $memory$auto$proc_rom.cc:155:do_switch$1032$rdmux[0][6][54]$a$4182 [1] $memory$auto$proc_rom.cc:155:do_switch$1032$rdmux[0][6][54]$a$4182 [1] $memory$auto$proc_rom.cc:155:do_switch$1032$rdmux[0][6][54]$a$4182 [1] $memory$auto$proc_rom.cc:155:do_switch$1032$rdmux[0][6][54]$a$4182 [1] 1'1 }
    Consolidated identical input bits for $mux cell $memory$auto$proc_rom.cc:155:do_switch$1032$rdmux[0][7][107]$4532:
      Old ports: A=10'0001000101, B=10'0001000011, Y=$memory$auto$proc_rom.cc:155:do_switch$1032$rdmux[0][6][53]$b$4180
      New ports: A=2'10, B=2'01, Y=$memory$auto$proc_rom.cc:155:do_switch$1032$rdmux[0][6][53]$b$4180 [2:1]
      New connections: { $memory$auto$proc_rom.cc:155:do_switch$1032$rdmux[0][6][53]$b$4180 [9:3] $memory$auto$proc_rom.cc:155:do_switch$1032$rdmux[0][6][53]$b$4180 [0] } = 8'00010001
    Consolidated identical input bits for $mux cell $memory$auto$proc_rom.cc:155:do_switch$1032$rdmux[0][7][106]$4529:
      Old ports: A=10'0001001000, B=10'0001000110, Y=$memory$auto$proc_rom.cc:155:do_switch$1032$rdmux[0][6][53]$a$4179
      New ports: A=2'10, B=2'01, Y={ $memory$auto$proc_rom.cc:155:do_switch$1032$rdmux[0][6][53]$a$4179 [3] $memory$auto$proc_rom.cc:155:do_switch$1032$rdmux[0][6][53]$a$4179 [1] }
      New connections: { $memory$auto$proc_rom.cc:155:do_switch$1032$rdmux[0][6][53]$a$4179 [9:4] $memory$auto$proc_rom.cc:155:do_switch$1032$rdmux[0][6][53]$a$4179 [2] $memory$auto$proc_rom.cc:155:do_switch$1032$rdmux[0][6][53]$a$4179 [0] } = { 6'000100 $memory$auto$proc_rom.cc:155:do_switch$1032$rdmux[0][6][53]$a$4179 [1] 1'0 }
    Consolidated identical input bits for $mux cell $memory$auto$proc_rom.cc:155:do_switch$1032$rdmux[0][7][105]$4526:
      Old ports: A=10'0001001100, B=10'0001001010, Y=$memory$auto$proc_rom.cc:155:do_switch$1032$rdmux[0][6][52]$b$4177
      New ports: A=2'10, B=2'01, Y=$memory$auto$proc_rom.cc:155:do_switch$1032$rdmux[0][6][52]$b$4177 [2:1]
      New connections: { $memory$auto$proc_rom.cc:155:do_switch$1032$rdmux[0][6][52]$b$4177 [9:3] $memory$auto$proc_rom.cc:155:do_switch$1032$rdmux[0][6][52]$b$4177 [0] } = 8'00010010
    Consolidated identical input bits for $mux cell $memory$auto$proc_rom.cc:155:do_switch$1032$rdmux[0][7][104]$4523:
      Old ports: A=10'0001010000, B=10'0001001110, Y=$memory$auto$proc_rom.cc:155:do_switch$1032$rdmux[0][6][52]$a$4176
      New ports: A=2'10, B=2'01, Y={ $memory$auto$proc_rom.cc:155:do_switch$1032$rdmux[0][6][52]$a$4176 [4] $memory$auto$proc_rom.cc:155:do_switch$1032$rdmux[0][6][52]$a$4176 [1] }
      New connections: { $memory$auto$proc_rom.cc:155:do_switch$1032$rdmux[0][6][52]$a$4176 [9:5] $memory$auto$proc_rom.cc:155:do_switch$1032$rdmux[0][6][52]$a$4176 [3:2] $memory$auto$proc_rom.cc:155:do_switch$1032$rdmux[0][6][52]$a$4176 [0] } = { 5'00010 $memory$auto$proc_rom.cc:155:do_switch$1032$rdmux[0][6][52]$a$4176 [1] $memory$auto$proc_rom.cc:155:do_switch$1032$rdmux[0][6][52]$a$4176 [1] 1'0 }
    Consolidated identical input bits for $mux cell $memory$auto$proc_rom.cc:155:do_switch$1032$rdmux[0][7][103]$4520:
      Old ports: A=10'0001010011, B=10'0001010010, Y=$memory$auto$proc_rom.cc:155:do_switch$1032$rdmux[0][6][51]$b$4174
      New ports: A=1'1, B=1'0, Y=$memory$auto$proc_rom.cc:155:do_switch$1032$rdmux[0][6][51]$b$4174 [0]
      New connections: $memory$auto$proc_rom.cc:155:do_switch$1032$rdmux[0][6][51]$b$4174 [9:1] = 9'000101001
    Consolidated identical input bits for $mux cell $memory$auto$proc_rom.cc:155:do_switch$1032$rdmux[0][7][102]$4517:
      Old ports: A=10'0001010111, B=10'0001010101, Y=$memory$auto$proc_rom.cc:155:do_switch$1032$rdmux[0][6][51]$a$4173
      New ports: A=1'1, B=1'0, Y=$memory$auto$proc_rom.cc:155:do_switch$1032$rdmux[0][6][51]$a$4173 [1]
      New connections: { $memory$auto$proc_rom.cc:155:do_switch$1032$rdmux[0][6][51]$a$4173 [9:2] $memory$auto$proc_rom.cc:155:do_switch$1032$rdmux[0][6][51]$a$4173 [0] } = 9'000101011
    Consolidated identical input bits for $mux cell $memory$auto$proc_rom.cc:155:do_switch$1032$rdmux[0][7][101]$4514:
      Old ports: A=10'0001011011, B=10'0001011001, Y=$memory$auto$proc_rom.cc:155:do_switch$1032$rdmux[0][6][50]$b$4171
      New ports: A=1'1, B=1'0, Y=$memory$auto$proc_rom.cc:155:do_switch$1032$rdmux[0][6][50]$b$4171 [1]
      New connections: { $memory$auto$proc_rom.cc:155:do_switch$1032$rdmux[0][6][50]$b$4171 [9:2] $memory$auto$proc_rom.cc:155:do_switch$1032$rdmux[0][6][50]$b$4171 [0] } = 9'000101101
    Consolidated identical input bits for $mux cell $memory$auto$proc_rom.cc:155:do_switch$1032$rdmux[0][7][100]$4511:
      Old ports: A=10'0001011111, B=10'0001011101, Y=$memory$auto$proc_rom.cc:155:do_switch$1032$rdmux[0][6][50]$a$4170
      New ports: A=1'1, B=1'0, Y=$memory$auto$proc_rom.cc:155:do_switch$1032$rdmux[0][6][50]$a$4170 [1]
      New connections: { $memory$auto$proc_rom.cc:155:do_switch$1032$rdmux[0][6][50]$a$4170 [9:2] $memory$auto$proc_rom.cc:155:do_switch$1032$rdmux[0][6][50]$a$4170 [0] } = 9'000101111
    Consolidated identical input bits for $mux cell $memory$auto$proc_rom.cc:155:do_switch$1032$rdmux[0][7][99]$4508:
      Old ports: A=10'0001100011, B=10'0001100001, Y=$memory$auto$proc_rom.cc:155:do_switch$1032$rdmux[0][6][49]$b$4168
      New ports: A=1'1, B=1'0, Y=$memory$auto$proc_rom.cc:155:do_switch$1032$rdmux[0][6][49]$b$4168 [1]
      New connections: { $memory$auto$proc_rom.cc:155:do_switch$1032$rdmux[0][6][49]$b$4168 [9:2] $memory$auto$proc_rom.cc:155:do_switch$1032$rdmux[0][6][49]$b$4168 [0] } = 9'000110001
    Consolidated identical input bits for $mux cell $memory$auto$proc_rom.cc:155:do_switch$1032$rdmux[0][7][98]$4505:
      Old ports: A=10'0001100111, B=10'0001100101, Y=$memory$auto$proc_rom.cc:155:do_switch$1032$rdmux[0][6][49]$a$4167
      New ports: A=1'1, B=1'0, Y=$memory$auto$proc_rom.cc:155:do_switch$1032$rdmux[0][6][49]$a$4167 [1]
      New connections: { $memory$auto$proc_rom.cc:155:do_switch$1032$rdmux[0][6][49]$a$4167 [9:2] $memory$auto$proc_rom.cc:155:do_switch$1032$rdmux[0][6][49]$a$4167 [0] } = 9'000110011
    Consolidated identical input bits for $mux cell $memory$auto$proc_rom.cc:155:do_switch$1032$rdmux[0][7][97]$4502:
      Old ports: A=10'0001101011, B=10'0001101001, Y=$memory$auto$proc_rom.cc:155:do_switch$1032$rdmux[0][6][48]$b$4165
      New ports: A=1'1, B=1'0, Y=$memory$auto$proc_rom.cc:155:do_switch$1032$rdmux[0][6][48]$b$4165 [1]
      New connections: { $memory$auto$proc_rom.cc:155:do_switch$1032$rdmux[0][6][48]$b$4165 [9:2] $memory$auto$proc_rom.cc:155:do_switch$1032$rdmux[0][6][48]$b$4165 [0] } = 9'000110101
    Consolidated identical input bits for $mux cell $memory$auto$proc_rom.cc:155:do_switch$1032$rdmux[0][7][96]$4499:
      Old ports: A=10'0001101111, B=10'0001101101, Y=$memory$auto$proc_rom.cc:155:do_switch$1032$rdmux[0][6][48]$a$4164
      New ports: A=1'1, B=1'0, Y=$memory$auto$proc_rom.cc:155:do_switch$1032$rdmux[0][6][48]$a$4164 [1]
      New connections: { $memory$auto$proc_rom.cc:155:do_switch$1032$rdmux[0][6][48]$a$4164 [9:2] $memory$auto$proc_rom.cc:155:do_switch$1032$rdmux[0][6][48]$a$4164 [0] } = 9'000110111
    Consolidated identical input bits for $mux cell $memory$auto$proc_rom.cc:155:do_switch$1032$rdmux[0][7][95]$4496:
      Old ports: A=10'0001110011, B=10'0001110001, Y=$memory$auto$proc_rom.cc:155:do_switch$1032$rdmux[0][6][47]$b$4162
      New ports: A=1'1, B=1'0, Y=$memory$auto$proc_rom.cc:155:do_switch$1032$rdmux[0][6][47]$b$4162 [1]
      New connections: { $memory$auto$proc_rom.cc:155:do_switch$1032$rdmux[0][6][47]$b$4162 [9:2] $memory$auto$proc_rom.cc:155:do_switch$1032$rdmux[0][6][47]$b$4162 [0] } = 9'000111001
    Consolidated identical input bits for $mux cell $memory$auto$proc_rom.cc:155:do_switch$1032$rdmux[0][7][94]$4493:
      Old ports: A=10'0001110111, B=10'0001110101, Y=$memory$auto$proc_rom.cc:155:do_switch$1032$rdmux[0][6][47]$a$4161
      New ports: A=1'1, B=1'0, Y=$memory$auto$proc_rom.cc:155:do_switch$1032$rdmux[0][6][47]$a$4161 [1]
      New connections: { $memory$auto$proc_rom.cc:155:do_switch$1032$rdmux[0][6][47]$a$4161 [9:2] $memory$auto$proc_rom.cc:155:do_switch$1032$rdmux[0][6][47]$a$4161 [0] } = 9'000111011
    Consolidated identical input bits for $mux cell $memory$auto$proc_rom.cc:155:do_switch$1032$rdmux[0][7][93]$4490:
      Old ports: A=10'0001111011, B=10'0001111001, Y=$memory$auto$proc_rom.cc:155:do_switch$1032$rdmux[0][6][46]$b$4159
      New ports: A=1'1, B=1'0, Y=$memory$auto$proc_rom.cc:155:do_switch$1032$rdmux[0][6][46]$b$4159 [1]
      New connections: { $memory$auto$proc_rom.cc:155:do_switch$1032$rdmux[0][6][46]$b$4159 [9:2] $memory$auto$proc_rom.cc:155:do_switch$1032$rdmux[0][6][46]$b$4159 [0] } = 9'000111101
    Consolidated identical input bits for $mux cell $memory$auto$proc_rom.cc:155:do_switch$1032$rdmux[0][7][92]$4487:
      Old ports: A=10'0010000000, B=10'0001111110, Y=$memory$auto$proc_rom.cc:155:do_switch$1032$rdmux[0][6][46]$a$4158
      New ports: A=2'10, B=2'01, Y={ $memory$auto$proc_rom.cc:155:do_switch$1032$rdmux[0][6][46]$a$4158 [7] $memory$auto$proc_rom.cc:155:do_switch$1032$rdmux[0][6][46]$a$4158 [1] }
      New connections: { $memory$auto$proc_rom.cc:155:do_switch$1032$rdmux[0][6][46]$a$4158 [9:8] $memory$auto$proc_rom.cc:155:do_switch$1032$rdmux[0][6][46]$a$4158 [6:2] $memory$auto$proc_rom.cc:155:do_switch$1032$rdmux[0][6][46]$a$4158 [0] } = { 2'00 $memory$auto$proc_rom.cc:155:do_switch$1032$rdmux[0][6][46]$a$4158 [1] $memory$auto$proc_rom.cc:155:do_switch$1032$rdmux[0][6][46]$a$4158 [1] $memory$auto$proc_rom.cc:155:do_switch$1032$rdmux[0][6][46]$a$4158 [1] $memory$auto$proc_rom.cc:155:do_switch$1032$rdmux[0][6][46]$a$4158 [1] $memory$auto$proc_rom.cc:155:do_switch$1032$rdmux[0][6][46]$a$4158 [1] 1'0 }
    Consolidated identical input bits for $mux cell $memory$auto$proc_rom.cc:155:do_switch$1032$rdmux[0][7][91]$4484:
      Old ports: A=10'0010000100, B=10'0010000010, Y=$memory$auto$proc_rom.cc:155:do_switch$1032$rdmux[0][6][45]$b$4156
      New ports: A=2'10, B=2'01, Y=$memory$auto$proc_rom.cc:155:do_switch$1032$rdmux[0][6][45]$b$4156 [2:1]
      New connections: { $memory$auto$proc_rom.cc:155:do_switch$1032$rdmux[0][6][45]$b$4156 [9:3] $memory$auto$proc_rom.cc:155:do_switch$1032$rdmux[0][6][45]$b$4156 [0] } = 8'00100000
    Consolidated identical input bits for $mux cell $memory$auto$proc_rom.cc:155:do_switch$1032$rdmux[0][7][90]$4481:
      Old ports: A=10'0010001000, B=10'0010000110, Y=$memory$auto$proc_rom.cc:155:do_switch$1032$rdmux[0][6][45]$a$4155
      New ports: A=2'10, B=2'01, Y={ $memory$auto$proc_rom.cc:155:do_switch$1032$rdmux[0][6][45]$a$4155 [3] $memory$auto$proc_rom.cc:155:do_switch$1032$rdmux[0][6][45]$a$4155 [1] }
      New connections: { $memory$auto$proc_rom.cc:155:do_switch$1032$rdmux[0][6][45]$a$4155 [9:4] $memory$auto$proc_rom.cc:155:do_switch$1032$rdmux[0][6][45]$a$4155 [2] $memory$auto$proc_rom.cc:155:do_switch$1032$rdmux[0][6][45]$a$4155 [0] } = { 6'001000 $memory$auto$proc_rom.cc:155:do_switch$1032$rdmux[0][6][45]$a$4155 [1] 1'0 }
    Consolidated identical input bits for $mux cell $memory$auto$proc_rom.cc:155:do_switch$1032$rdmux[0][7][89]$4478:
      Old ports: A=10'0010001101, B=10'0010001011, Y=$memory$auto$proc_rom.cc:155:do_switch$1032$rdmux[0][6][44]$b$4153
      New ports: A=2'10, B=2'01, Y=$memory$auto$proc_rom.cc:155:do_switch$1032$rdmux[0][6][44]$b$4153 [2:1]
      New connections: { $memory$auto$proc_rom.cc:155:do_switch$1032$rdmux[0][6][44]$b$4153 [9:3] $memory$auto$proc_rom.cc:155:do_switch$1032$rdmux[0][6][44]$b$4153 [0] } = 8'00100011
    Consolidated identical input bits for $mux cell $memory$auto$proc_rom.cc:155:do_switch$1032$rdmux[0][7][88]$4475:
      Old ports: A=10'0010010001, B=10'0010001111, Y=$memory$auto$proc_rom.cc:155:do_switch$1032$rdmux[0][6][44]$a$4152
      New ports: A=2'10, B=2'01, Y={ $memory$auto$proc_rom.cc:155:do_switch$1032$rdmux[0][6][44]$a$4152 [4] $memory$auto$proc_rom.cc:155:do_switch$1032$rdmux[0][6][44]$a$4152 [1] }
      New connections: { $memory$auto$proc_rom.cc:155:do_switch$1032$rdmux[0][6][44]$a$4152 [9:5] $memory$auto$proc_rom.cc:155:do_switch$1032$rdmux[0][6][44]$a$4152 [3:2] $memory$auto$proc_rom.cc:155:do_switch$1032$rdmux[0][6][44]$a$4152 [0] } = { 5'00100 $memory$auto$proc_rom.cc:155:do_switch$1032$rdmux[0][6][44]$a$4152 [1] $memory$auto$proc_rom.cc:155:do_switch$1032$rdmux[0][6][44]$a$4152 [1] 1'1 }
    Consolidated identical input bits for $mux cell $memory$auto$proc_rom.cc:155:do_switch$1032$rdmux[0][7][87]$4472:
      Old ports: A=10'0010010110, B=10'0010010011, Y=$memory$auto$proc_rom.cc:155:do_switch$1032$rdmux[0][6][43]$b$4150
      New ports: A=2'10, B=2'01, Y={ $memory$auto$proc_rom.cc:155:do_switch$1032$rdmux[0][6][43]$b$4150 [2] $memory$auto$proc_rom.cc:155:do_switch$1032$rdmux[0][6][43]$b$4150 [0] }
      New connections: { $memory$auto$proc_rom.cc:155:do_switch$1032$rdmux[0][6][43]$b$4150 [9:3] $memory$auto$proc_rom.cc:155:do_switch$1032$rdmux[0][6][43]$b$4150 [1] } = 8'00100101
    Consolidated identical input bits for $mux cell $memory$auto$proc_rom.cc:155:do_switch$1032$rdmux[0][7][86]$4469:
      Old ports: A=10'0010011010, B=10'0010011000, Y=$memory$auto$proc_rom.cc:155:do_switch$1032$rdmux[0][6][43]$a$4149
      New ports: A=1'1, B=1'0, Y=$memory$auto$proc_rom.cc:155:do_switch$1032$rdmux[0][6][43]$a$4149 [1]
      New connections: { $memory$auto$proc_rom.cc:155:do_switch$1032$rdmux[0][6][43]$a$4149 [9:2] $memory$auto$proc_rom.cc:155:do_switch$1032$rdmux[0][6][43]$a$4149 [0] } = 9'001001100
    Consolidated identical input bits for $mux cell $memory$auto$proc_rom.cc:155:do_switch$1032$rdmux[0][7][85]$4466:
      Old ports: A=10'0010011111, B=10'0010011100, Y=$memory$auto$proc_rom.cc:155:do_switch$1032$rdmux[0][6][42]$b$4147
      New ports: A=1'1, B=1'0, Y=$memory$auto$proc_rom.cc:155:do_switch$1032$rdmux[0][6][42]$b$4147 [0]
      New connections: $memory$auto$proc_rom.cc:155:do_switch$1032$rdmux[0][6][42]$b$4147 [9:1] = { 8'00100111 $memory$auto$proc_rom.cc:155:do_switch$1032$rdmux[0][6][42]$b$4147 [0] }
    Consolidated identical input bits for $mux cell $memory$auto$proc_rom.cc:155:do_switch$1032$rdmux[0][7][84]$4463:
      Old ports: A=10'0010100011, B=10'0010100001, Y=$memory$auto$proc_rom.cc:155:do_switch$1032$rdmux[0][6][42]$a$4146
      New ports: A=1'1, B=1'0, Y=$memory$auto$proc_rom.cc:155:do_switch$1032$rdmux[0][6][42]$a$4146 [1]
      New connections: { $memory$auto$proc_rom.cc:155:do_switch$1032$rdmux[0][6][42]$a$4146 [9:2] $memory$auto$proc_rom.cc:155:do_switch$1032$rdmux[0][6][42]$a$4146 [0] } = 9'001010001
    Consolidated identical input bits for $mux cell $memory$auto$proc_rom.cc:155:do_switch$1032$rdmux[0][7][83]$4460:
      Old ports: A=10'0010101000, B=10'0010100110, Y=$memory$auto$proc_rom.cc:155:do_switch$1032$rdmux[0][6][41]$b$4144
      New ports: A=2'10, B=2'01, Y={ $memory$auto$proc_rom.cc:155:do_switch$1032$rdmux[0][6][41]$b$4144 [3] $memory$auto$proc_rom.cc:155:do_switch$1032$rdmux[0][6][41]$b$4144 [1] }
      New connections: { $memory$auto$proc_rom.cc:155:do_switch$1032$rdmux[0][6][41]$b$4144 [9:4] $memory$auto$proc_rom.cc:155:do_switch$1032$rdmux[0][6][41]$b$4144 [2] $memory$auto$proc_rom.cc:155:do_switch$1032$rdmux[0][6][41]$b$4144 [0] } = { 6'001010 $memory$auto$proc_rom.cc:155:do_switch$1032$rdmux[0][6][41]$b$4144 [1] 1'0 }
    Consolidated identical input bits for $mux cell $memory$auto$proc_rom.cc:155:do_switch$1032$rdmux[0][7][82]$4457:
      Old ports: A=10'0010101101, B=10'0010101011, Y=$memory$auto$proc_rom.cc:155:do_switch$1032$rdmux[0][6][41]$a$4143
      New ports: A=2'10, B=2'01, Y=$memory$auto$proc_rom.cc:155:do_switch$1032$rdmux[0][6][41]$a$4143 [2:1]
      New connections: { $memory$auto$proc_rom.cc:155:do_switch$1032$rdmux[0][6][41]$a$4143 [9:3] $memory$auto$proc_rom.cc:155:do_switch$1032$rdmux[0][6][41]$a$4143 [0] } = 8'00101011
    Consolidated identical input bits for $mux cell $memory$auto$proc_rom.cc:155:do_switch$1032$rdmux[0][7][81]$4454:
      Old ports: A=10'0010110010, B=10'0010101111, Y=$memory$auto$proc_rom.cc:155:do_switch$1032$rdmux[0][6][40]$b$4141
      New ports: A=2'10, B=2'01, Y={ $memory$auto$proc_rom.cc:155:do_switch$1032$rdmux[0][6][40]$b$4141 [4] $memory$auto$proc_rom.cc:155:do_switch$1032$rdmux[0][6][40]$b$4141 [0] }
      New connections: { $memory$auto$proc_rom.cc:155:do_switch$1032$rdmux[0][6][40]$b$4141 [9:5] $memory$auto$proc_rom.cc:155:do_switch$1032$rdmux[0][6][40]$b$4141 [3:1] } = { 5'00101 $memory$auto$proc_rom.cc:155:do_switch$1032$rdmux[0][6][40]$b$4141 [0] $memory$auto$proc_rom.cc:155:do_switch$1032$rdmux[0][6][40]$b$4141 [0] 1'1 }
    Consolidated identical input bits for $mux cell $memory$auto$proc_rom.cc:155:do_switch$1032$rdmux[0][7][80]$4451:
      Old ports: A=10'0010110111, B=10'0010110100, Y=$memory$auto$proc_rom.cc:155:do_switch$1032$rdmux[0][6][40]$a$4140
      New ports: A=1'1, B=1'0, Y=$memory$auto$proc_rom.cc:155:do_switch$1032$rdmux[0][6][40]$a$4140 [0]
      New connections: $memory$auto$proc_rom.cc:155:do_switch$1032$rdmux[0][6][40]$a$4140 [9:1] = { 8'00101101 $memory$auto$proc_rom.cc:155:do_switch$1032$rdmux[0][6][40]$a$4140 [0] }
    Consolidated identical input bits for $mux cell $memory$auto$proc_rom.cc:155:do_switch$1032$rdmux[0][7][79]$4448:
      Old ports: A=10'0010111100, B=10'0010111001, Y=$memory$auto$proc_rom.cc:155:do_switch$1032$rdmux[0][6][39]$b$4138
      New ports: A=2'10, B=2'01, Y={ $memory$auto$proc_rom.cc:155:do_switch$1032$rdmux[0][6][39]$b$4138 [2] $memory$auto$proc_rom.cc:155:do_switch$1032$rdmux[0][6][39]$b$4138 [0] }
      New connections: { $memory$auto$proc_rom.cc:155:do_switch$1032$rdmux[0][6][39]$b$4138 [9:3] $memory$auto$proc_rom.cc:155:do_switch$1032$rdmux[0][6][39]$b$4138 [1] } = 8'00101110
    Consolidated identical input bits for $mux cell $memory$auto$proc_rom.cc:155:do_switch$1032$rdmux[0][7][78]$4445:
      Old ports: A=10'0011000001, B=10'0010111110, Y=$memory$auto$proc_rom.cc:155:do_switch$1032$rdmux[0][6][39]$a$4137
      New ports: A=2'01, B=2'10, Y=$memory$auto$proc_rom.cc:155:do_switch$1032$rdmux[0][6][39]$a$4137 [1:0]
      New connections: $memory$auto$proc_rom.cc:155:do_switch$1032$rdmux[0][6][39]$a$4137 [9:2] = { 3'001 $memory$auto$proc_rom.cc:155:do_switch$1032$rdmux[0][6][39]$a$4137 [0] $memory$auto$proc_rom.cc:155:do_switch$1032$rdmux[0][6][39]$a$4137 [1] $memory$auto$proc_rom.cc:155:do_switch$1032$rdmux[0][6][39]$a$4137 [1] $memory$auto$proc_rom.cc:155:do_switch$1032$rdmux[0][6][39]$a$4137 [1] $memory$auto$proc_rom.cc:155:do_switch$1032$rdmux[0][6][39]$a$4137 [1] }
    Consolidated identical input bits for $mux cell $memory$auto$proc_rom.cc:155:do_switch$1032$rdmux[0][7][77]$4442:
      Old ports: A=10'0011000110, B=10'0011000011, Y=$memory$auto$proc_rom.cc:155:do_switch$1032$rdmux[0][6][38]$b$4135
      New ports: A=2'10, B=2'01, Y={ $memory$auto$proc_rom.cc:155:do_switch$1032$rdmux[0][6][38]$b$4135 [2] $memory$auto$proc_rom.cc:155:do_switch$1032$rdmux[0][6][38]$b$4135 [0] }
      New connections: { $memory$auto$proc_rom.cc:155:do_switch$1032$rdmux[0][6][38]$b$4135 [9:3] $memory$auto$proc_rom.cc:155:do_switch$1032$rdmux[0][6][38]$b$4135 [1] } = 8'00110001
    Consolidated identical input bits for $mux cell $memory$auto$proc_rom.cc:155:do_switch$1032$rdmux[0][7][76]$4439:
      Old ports: A=10'0011001011, B=10'0011001000, Y=$memory$auto$proc_rom.cc:155:do_switch$1032$rdmux[0][6][38]$a$4134
      New ports: A=1'1, B=1'0, Y=$memory$auto$proc_rom.cc:155:do_switch$1032$rdmux[0][6][38]$a$4134 [0]
      New connections: $memory$auto$proc_rom.cc:155:do_switch$1032$rdmux[0][6][38]$a$4134 [9:1] = { 8'00110010 $memory$auto$proc_rom.cc:155:do_switch$1032$rdmux[0][6][38]$a$4134 [0] }
    Consolidated identical input bits for $mux cell $memory$auto$proc_rom.cc:155:do_switch$1032$rdmux[0][7][75]$4436:
      Old ports: A=10'0011010000, B=10'0011001101, Y=$memory$auto$proc_rom.cc:155:do_switch$1032$rdmux[0][6][37]$b$4132
      New ports: A=2'10, B=2'01, Y={ $memory$auto$proc_rom.cc:155:do_switch$1032$rdmux[0][6][37]$b$4132 [4] $memory$auto$proc_rom.cc:155:do_switch$1032$rdmux[0][6][37]$b$4132 [0] }
      New connections: { $memory$auto$proc_rom.cc:155:do_switch$1032$rdmux[0][6][37]$b$4132 [9:5] $memory$auto$proc_rom.cc:155:do_switch$1032$rdmux[0][6][37]$b$4132 [3:1] } = { 5'00110 $memory$auto$proc_rom.cc:155:do_switch$1032$rdmux[0][6][37]$b$4132 [0] $memory$auto$proc_rom.cc:155:do_switch$1032$rdmux[0][6][37]$b$4132 [0] 1'0 }
    Consolidated identical input bits for $mux cell $memory$auto$proc_rom.cc:155:do_switch$1032$rdmux[0][7][74]$4433:
      Old ports: A=10'0011010101, B=10'0011010011, Y=$memory$auto$proc_rom.cc:155:do_switch$1032$rdmux[0][6][37]$a$4131
      New ports: A=2'10, B=2'01, Y=$memory$auto$proc_rom.cc:155:do_switch$1032$rdmux[0][6][37]$a$4131 [2:1]
      New connections: { $memory$auto$proc_rom.cc:155:do_switch$1032$rdmux[0][6][37]$a$4131 [9:3] $memory$auto$proc_rom.cc:155:do_switch$1032$rdmux[0][6][37]$a$4131 [0] } = 8'00110101
    Consolidated identical input bits for $mux cell $memory$auto$proc_rom.cc:155:do_switch$1032$rdmux[0][7][73]$4430:
      Old ports: A=10'0011011011, B=10'0011011000, Y=$memory$auto$proc_rom.cc:155:do_switch$1032$rdmux[0][6][36]$b$4129
      New ports: A=1'1, B=1'0, Y=$memory$auto$proc_rom.cc:155:do_switch$1032$rdmux[0][6][36]$b$4129 [0]
      New connections: $memory$auto$proc_rom.cc:155:do_switch$1032$rdmux[0][6][36]$b$4129 [9:1] = { 8'00110110 $memory$auto$proc_rom.cc:155:do_switch$1032$rdmux[0][6][36]$b$4129 [0] }
    Consolidated identical input bits for $mux cell $memory$auto$proc_rom.cc:155:do_switch$1032$rdmux[0][7][72]$4427:
      Old ports: A=10'0011100000, B=10'0011011101, Y=$memory$auto$proc_rom.cc:155:do_switch$1032$rdmux[0][6][36]$a$4128
      New ports: A=2'10, B=2'01, Y={ $memory$auto$proc_rom.cc:155:do_switch$1032$rdmux[0][6][36]$a$4128 [5] $memory$auto$proc_rom.cc:155:do_switch$1032$rdmux[0][6][36]$a$4128 [0] }
      New connections: { $memory$auto$proc_rom.cc:155:do_switch$1032$rdmux[0][6][36]$a$4128 [9:6] $memory$auto$proc_rom.cc:155:do_switch$1032$rdmux[0][6][36]$a$4128 [4:1] } = { 4'0011 $memory$auto$proc_rom.cc:155:do_switch$1032$rdmux[0][6][36]$a$4128 [0] $memory$auto$proc_rom.cc:155:do_switch$1032$rdmux[0][6][36]$a$4128 [0] $memory$auto$proc_rom.cc:155:do_switch$1032$rdmux[0][6][36]$a$4128 [0] 1'0 }
    Consolidated identical input bits for $mux cell $memory$auto$proc_rom.cc:155:do_switch$1032$rdmux[0][7][71]$4424:
      Old ports: A=10'0011100101, B=10'0011100011, Y=$memory$auto$proc_rom.cc:155:do_switch$1032$rdmux[0][6][35]$b$4126
      New ports: A=2'10, B=2'01, Y=$memory$auto$proc_rom.cc:155:do_switch$1032$rdmux[0][6][35]$b$4126 [2:1]
      New connections: { $memory$auto$proc_rom.cc:155:do_switch$1032$rdmux[0][6][35]$b$4126 [9:3] $memory$auto$proc_rom.cc:155:do_switch$1032$rdmux[0][6][35]$b$4126 [0] } = 8'00111001
    Consolidated identical input bits for $mux cell $memory$auto$proc_rom.cc:155:do_switch$1032$rdmux[0][7][70]$4421:
      Old ports: A=10'0011101011, B=10'0011101000, Y=$memory$auto$proc_rom.cc:155:do_switch$1032$rdmux[0][6][35]$a$4125
      New ports: A=1'1, B=1'0, Y=$memory$auto$proc_rom.cc:155:do_switch$1032$rdmux[0][6][35]$a$4125 [0]
      New connections: $memory$auto$proc_rom.cc:155:do_switch$1032$rdmux[0][6][35]$a$4125 [9:1] = { 8'00111010 $memory$auto$proc_rom.cc:155:do_switch$1032$rdmux[0][6][35]$a$4125 [0] }
    Consolidated identical input bits for $mux cell $memory$auto$proc_rom.cc:155:do_switch$1032$rdmux[0][7][69]$4418:
      Old ports: A=10'0011110001, B=10'0011101110, Y=$memory$auto$proc_rom.cc:155:do_switch$1032$rdmux[0][6][34]$b$4123
      New ports: A=2'01, B=2'10, Y=$memory$auto$proc_rom.cc:155:do_switch$1032$rdmux[0][6][34]$b$4123 [1:0]
      New connections: $memory$auto$proc_rom.cc:155:do_switch$1032$rdmux[0][6][34]$b$4123 [9:2] = { 5'00111 $memory$auto$proc_rom.cc:155:do_switch$1032$rdmux[0][6][34]$b$4123 [0] $memory$auto$proc_rom.cc:155:do_switch$1032$rdmux[0][6][34]$b$4123 [1] $memory$auto$proc_rom.cc:155:do_switch$1032$rdmux[0][6][34]$b$4123 [1] }
    Consolidated identical input bits for $mux cell $memory$auto$proc_rom.cc:155:do_switch$1032$rdmux[0][7][68]$4415:
      Old ports: A=10'0011110110, B=10'0011110011, Y=$memory$auto$proc_rom.cc:155:do_switch$1032$rdmux[0][6][34]$a$4122
      New ports: A=2'10, B=2'01, Y={ $memory$auto$proc_rom.cc:155:do_switch$1032$rdmux[0][6][34]$a$4122 [2] $memory$auto$proc_rom.cc:155:do_switch$1032$rdmux[0][6][34]$a$4122 [0] }
      New connections: { $memory$auto$proc_rom.cc:155:do_switch$1032$rdmux[0][6][34]$a$4122 [9:3] $memory$auto$proc_rom.cc:155:do_switch$1032$rdmux[0][6][34]$a$4122 [1] } = 8'00111101
    Consolidated identical input bits for $mux cell $memory$auto$proc_rom.cc:155:do_switch$1032$rdmux[0][7][67]$4412:
      Old ports: A=10'0011111100, B=10'0011111001, Y=$memory$auto$proc_rom.cc:155:do_switch$1032$rdmux[0][6][33]$b$4120
      New ports: A=2'10, B=2'01, Y={ $memory$auto$proc_rom.cc:155:do_switch$1032$rdmux[0][6][33]$b$4120 [2] $memory$auto$proc_rom.cc:155:do_switch$1032$rdmux[0][6][33]$b$4120 [0] }
      New connections: { $memory$auto$proc_rom.cc:155:do_switch$1032$rdmux[0][6][33]$b$4120 [9:3] $memory$auto$proc_rom.cc:155:do_switch$1032$rdmux[0][6][33]$b$4120 [1] } = 8'00111110
    Consolidated identical input bits for $mux cell $memory$auto$proc_rom.cc:155:do_switch$1032$rdmux[0][7][66]$4409:
      Old ports: A=10'0100000010, B=10'0011111111, Y=$memory$auto$proc_rom.cc:155:do_switch$1032$rdmux[0][6][33]$a$4119
      New ports: A=2'10, B=2'01, Y={ $memory$auto$proc_rom.cc:155:do_switch$1032$rdmux[0][6][33]$a$4119 [8] $memory$auto$proc_rom.cc:155:do_switch$1032$rdmux[0][6][33]$a$4119 [0] }
      New connections: { $memory$auto$proc_rom.cc:155:do_switch$1032$rdmux[0][6][33]$a$4119 [9] $memory$auto$proc_rom.cc:155:do_switch$1032$rdmux[0][6][33]$a$4119 [7:1] } = { 1'0 $memory$auto$proc_rom.cc:155:do_switch$1032$rdmux[0][6][33]$a$4119 [0] $memory$auto$proc_rom.cc:155:do_switch$1032$rdmux[0][6][33]$a$4119 [0] $memory$auto$proc_rom.cc:155:do_switch$1032$rdmux[0][6][33]$a$4119 [0] $memory$auto$proc_rom.cc:155:do_switch$1032$rdmux[0][6][33]$a$4119 [0] $memory$auto$proc_rom.cc:155:do_switch$1032$rdmux[0][6][33]$a$4119 [0] $memory$auto$proc_rom.cc:155:do_switch$1032$rdmux[0][6][33]$a$4119 [0] 1'1 }
    Consolidated identical input bits for $mux cell $memory$auto$proc_rom.cc:155:do_switch$1032$rdmux[0][7][65]$4406:
      Old ports: A=10'0100001000, B=10'0100000101, Y=$memory$auto$proc_rom.cc:155:do_switch$1032$rdmux[0][6][32]$b$4117
      New ports: A=2'10, B=2'01, Y={ $memory$auto$proc_rom.cc:155:do_switch$1032$rdmux[0][6][32]$b$4117 [3] $memory$auto$proc_rom.cc:155:do_switch$1032$rdmux[0][6][32]$b$4117 [0] }
      New connections: { $memory$auto$proc_rom.cc:155:do_switch$1032$rdmux[0][6][32]$b$4117 [9:4] $memory$auto$proc_rom.cc:155:do_switch$1032$rdmux[0][6][32]$b$4117 [2:1] } = { 6'010000 $memory$auto$proc_rom.cc:155:do_switch$1032$rdmux[0][6][32]$b$4117 [0] 1'0 }
    Consolidated identical input bits for $mux cell $memory$auto$proc_rom.cc:155:do_switch$1032$rdmux[0][7][64]$4403:
      Old ports: A=10'0100001110, B=10'0100001011, Y=$memory$auto$proc_rom.cc:155:do_switch$1032$rdmux[0][6][32]$a$4116
      New ports: A=2'10, B=2'01, Y={ $memory$auto$proc_rom.cc:155:do_switch$1032$rdmux[0][6][32]$a$4116 [2] $memory$auto$proc_rom.cc:155:do_switch$1032$rdmux[0][6][32]$a$4116 [0] }
      New connections: { $memory$auto$proc_rom.cc:155:do_switch$1032$rdmux[0][6][32]$a$4116 [9:3] $memory$auto$proc_rom.cc:155:do_switch$1032$rdmux[0][6][32]$a$4116 [1] } = 8'01000011
    Consolidated identical input bits for $mux cell $memory$auto$proc_rom.cc:155:do_switch$1032$rdmux[0][7][63]$4400:
      Old ports: A=10'0100010100, B=10'0100010001, Y=$memory$auto$proc_rom.cc:155:do_switch$1032$rdmux[0][6][31]$b$4114
      New ports: A=2'10, B=2'01, Y={ $memory$auto$proc_rom.cc:155:do_switch$1032$rdmux[0][6][31]$b$4114 [2] $memory$auto$proc_rom.cc:155:do_switch$1032$rdmux[0][6][31]$b$4114 [0] }
      New connections: { $memory$auto$proc_rom.cc:155:do_switch$1032$rdmux[0][6][31]$b$4114 [9:3] $memory$auto$proc_rom.cc:155:do_switch$1032$rdmux[0][6][31]$b$4114 [1] } = 8'01000100
    Consolidated identical input bits for $mux cell $memory$auto$proc_rom.cc:155:do_switch$1032$rdmux[0][7][62]$4397:
      Old ports: A=10'0100011010, B=10'0100010111, Y=$memory$auto$proc_rom.cc:155:do_switch$1032$rdmux[0][6][31]$a$4113
      New ports: A=2'10, B=2'01, Y={ $memory$auto$proc_rom.cc:155:do_switch$1032$rdmux[0][6][31]$a$4113 [3] $memory$auto$proc_rom.cc:155:do_switch$1032$rdmux[0][6][31]$a$4113 [0] }
      New connections: { $memory$auto$proc_rom.cc:155:do_switch$1032$rdmux[0][6][31]$a$4113 [9:4] $memory$auto$proc_rom.cc:155:do_switch$1032$rdmux[0][6][31]$a$4113 [2:1] } = { 6'010001 $memory$auto$proc_rom.cc:155:do_switch$1032$rdmux[0][6][31]$a$4113 [0] 1'1 }
    Consolidated identical input bits for $mux cell $memory$auto$proc_rom.cc:155:do_switch$1032$rdmux[0][7][61]$4394:
      Old ports: A=10'0100100000, B=10'0100011101, Y=$memory$auto$proc_rom.cc:155:do_switch$1032$rdmux[0][6][30]$b$4111
      New ports: A=2'10, B=2'01, Y={ $memory$auto$proc_rom.cc:155:do_switch$1032$rdmux[0][6][30]$b$4111 [5] $memory$auto$proc_rom.cc:155:do_switch$1032$rdmux[0][6][30]$b$4111 [0] }
      New connections: { $memory$auto$proc_rom.cc:155:do_switch$1032$rdmux[0][6][30]$b$4111 [9:6] $memory$auto$proc_rom.cc:155:do_switch$1032$rdmux[0][6][30]$b$4111 [4:1] } = { 4'0100 $memory$auto$proc_rom.cc:155:do_switch$1032$rdmux[0][6][30]$b$4111 [0] $memory$auto$proc_rom.cc:155:do_switch$1032$rdmux[0][6][30]$b$4111 [0] $memory$auto$proc_rom.cc:155:do_switch$1032$rdmux[0][6][30]$b$4111 [0] 1'0 }
    Consolidated identical input bits for $mux cell $memory$auto$proc_rom.cc:155:do_switch$1032$rdmux[0][7][60]$4391:
      Old ports: A=10'0100100111, B=10'0100100011, Y=$memory$auto$proc_rom.cc:155:do_switch$1032$rdmux[0][6][30]$a$4110
      New ports: A=1'1, B=1'0, Y=$memory$auto$proc_rom.cc:155:do_switch$1032$rdmux[0][6][30]$a$4110 [2]
      New connections: { $memory$auto$proc_rom.cc:155:do_switch$1032$rdmux[0][6][30]$a$4110 [9:3] $memory$auto$proc_rom.cc:155:do_switch$1032$rdmux[0][6][30]$a$4110 [1:0] } = 9'010010011
    Consolidated identical input bits for $mux cell $memory$auto$proc_rom.cc:155:do_switch$1032$rdmux[0][7][59]$4388:
      Old ports: A=10'0100101101, B=10'0100101010, Y=$memory$auto$proc_rom.cc:155:do_switch$1032$rdmux[0][6][29]$b$4108
      New ports: A=2'01, B=2'10, Y=$memory$auto$proc_rom.cc:155:do_switch$1032$rdmux[0][6][29]$b$4108 [1:0]
      New connections: $memory$auto$proc_rom.cc:155:do_switch$1032$rdmux[0][6][29]$b$4108 [9:2] = { 7'0100101 $memory$auto$proc_rom.cc:155:do_switch$1032$rdmux[0][6][29]$b$4108 [0] }
    Consolidated identical input bits for $mux cell $memory$auto$proc_rom.cc:155:do_switch$1032$rdmux[0][7][58]$4385:
      Old ports: A=10'0100110100, B=10'0100110000, Y=$memory$auto$proc_rom.cc:155:do_switch$1032$rdmux[0][6][29]$a$4107
      New ports: A=1'1, B=1'0, Y=$memory$auto$proc_rom.cc:155:do_switch$1032$rdmux[0][6][29]$a$4107 [2]
      New connections: { $memory$auto$proc_rom.cc:155:do_switch$1032$rdmux[0][6][29]$a$4107 [9:3] $memory$auto$proc_rom.cc:155:do_switch$1032$rdmux[0][6][29]$a$4107 [1:0] } = 9'010011000
    Consolidated identical input bits for $mux cell $memory$auto$proc_rom.cc:155:do_switch$1032$rdmux[0][7][57]$4382:
      Old ports: A=10'0100111010, B=10'0100110111, Y=$memory$auto$proc_rom.cc:155:do_switch$1032$rdmux[0][6][28]$b$4105
      New ports: A=2'10, B=2'01, Y={ $memory$auto$proc_rom.cc:155:do_switch$1032$rdmux[0][6][28]$b$4105 [3] $memory$auto$proc_rom.cc:155:do_switch$1032$rdmux[0][6][28]$b$4105 [0] }
      New connections: { $memory$auto$proc_rom.cc:155:do_switch$1032$rdmux[0][6][28]$b$4105 [9:4] $memory$auto$proc_rom.cc:155:do_switch$1032$rdmux[0][6][28]$b$4105 [2:1] } = { 6'010011 $memory$auto$proc_rom.cc:155:do_switch$1032$rdmux[0][6][28]$b$4105 [0] 1'1 }
    Consolidated identical input bits for $mux cell $memory$auto$proc_rom.cc:155:do_switch$1032$rdmux[0][7][56]$4379:
      Old ports: A=10'0101000001, B=10'0100111110, Y=$memory$auto$proc_rom.cc:155:do_switch$1032$rdmux[0][6][28]$a$4104
      New ports: A=2'01, B=2'10, Y=$memory$auto$proc_rom.cc:155:do_switch$1032$rdmux[0][6][28]$a$4104 [1:0]
      New connections: $memory$auto$proc_rom.cc:155:do_switch$1032$rdmux[0][6][28]$a$4104 [9:2] = { 3'010 $memory$auto$proc_rom.cc:155:do_switch$1032$rdmux[0][6][28]$a$4104 [0] $memory$auto$proc_rom.cc:155:do_switch$1032$rdmux[0][6][28]$a$4104 [1] $memory$auto$proc_rom.cc:155:do_switch$1032$rdmux[0][6][28]$a$4104 [1] $memory$auto$proc_rom.cc:155:do_switch$1032$rdmux[0][6][28]$a$4104 [1] $memory$auto$proc_rom.cc:155:do_switch$1032$rdmux[0][6][28]$a$4104 [1] }
    Consolidated identical input bits for $mux cell $memory$auto$proc_rom.cc:155:do_switch$1032$rdmux[0][7][55]$4376:
      Old ports: A=10'0101001000, B=10'0101000100, Y=$memory$auto$proc_rom.cc:155:do_switch$1032$rdmux[0][6][27]$b$4102
      New ports: A=2'10, B=2'01, Y=$memory$auto$proc_rom.cc:155:do_switch$1032$rdmux[0][6][27]$b$4102 [3:2]
      New connections: { $memory$auto$proc_rom.cc:155:do_switch$1032$rdmux[0][6][27]$b$4102 [9:4] $memory$auto$proc_rom.cc:155:do_switch$1032$rdmux[0][6][27]$b$4102 [1:0] } = 8'01010000
    Consolidated identical input bits for $mux cell $memory$auto$proc_rom.cc:155:do_switch$1032$rdmux[0][7][54]$4373:
      Old ports: A=10'0101001111, B=10'0101001011, Y=$memory$auto$proc_rom.cc:155:do_switch$1032$rdmux[0][6][27]$a$4101
      New ports: A=1'1, B=1'0, Y=$memory$auto$proc_rom.cc:155:do_switch$1032$rdmux[0][6][27]$a$4101 [2]
      New connections: { $memory$auto$proc_rom.cc:155:do_switch$1032$rdmux[0][6][27]$a$4101 [9:3] $memory$auto$proc_rom.cc:155:do_switch$1032$rdmux[0][6][27]$a$4101 [1:0] } = 9'010100111
    Consolidated identical input bits for $mux cell $memory$auto$proc_rom.cc:155:do_switch$1032$rdmux[0][7][53]$4370:
      Old ports: A=10'0101010110, B=10'0101010010, Y=$memory$auto$proc_rom.cc:155:do_switch$1032$rdmux[0][6][26]$b$4099
      New ports: A=1'1, B=1'0, Y=$memory$auto$proc_rom.cc:155:do_switch$1032$rdmux[0][6][26]$b$4099 [2]
      New connections: { $memory$auto$proc_rom.cc:155:do_switch$1032$rdmux[0][6][26]$b$4099 [9:3] $memory$auto$proc_rom.cc:155:do_switch$1032$rdmux[0][6][26]$b$4099 [1:0] } = 9'010101010
    Consolidated identical input bits for $mux cell $memory$auto$proc_rom.cc:155:do_switch$1032$rdmux[0][7][52]$4367:
      Old ports: A=10'0101011101, B=10'0101011010, Y=$memory$auto$proc_rom.cc:155:do_switch$1032$rdmux[0][6][26]$a$4098
      New ports: A=2'01, B=2'10, Y=$memory$auto$proc_rom.cc:155:do_switch$1032$rdmux[0][6][26]$a$4098 [1:0]
      New connections: $memory$auto$proc_rom.cc:155:do_switch$1032$rdmux[0][6][26]$a$4098 [9:2] = { 7'0101011 $memory$auto$proc_rom.cc:155:do_switch$1032$rdmux[0][6][26]$a$4098 [0] }
    Consolidated identical input bits for $mux cell $memory$auto$proc_rom.cc:155:do_switch$1032$rdmux[0][7][51]$4364:
      Old ports: A=10'0101100100, B=10'0101100001, Y=$memory$auto$proc_rom.cc:155:do_switch$1032$rdmux[0][6][25]$b$4096
      New ports: A=2'10, B=2'01, Y={ $memory$auto$proc_rom.cc:155:do_switch$1032$rdmux[0][6][25]$b$4096 [2] $memory$auto$proc_rom.cc:155:do_switch$1032$rdmux[0][6][25]$b$4096 [0] }
      New connections: { $memory$auto$proc_rom.cc:155:do_switch$1032$rdmux[0][6][25]$b$4096 [9:3] $memory$auto$proc_rom.cc:155:do_switch$1032$rdmux[0][6][25]$b$4096 [1] } = 8'01011000
    Consolidated identical input bits for $mux cell $memory$auto$proc_rom.cc:155:do_switch$1032$rdmux[0][7][50]$4361:
      Old ports: A=10'0101101100, B=10'0101101000, Y=$memory$auto$proc_rom.cc:155:do_switch$1032$rdmux[0][6][25]$a$4095
      New ports: A=1'1, B=1'0, Y=$memory$auto$proc_rom.cc:155:do_switch$1032$rdmux[0][6][25]$a$4095 [2]
      New connections: { $memory$auto$proc_rom.cc:155:do_switch$1032$rdmux[0][6][25]$a$4095 [9:3] $memory$auto$proc_rom.cc:155:do_switch$1032$rdmux[0][6][25]$a$4095 [1:0] } = 9'010110100
    Consolidated identical input bits for $mux cell $memory$auto$proc_rom.cc:155:do_switch$1032$rdmux[0][7][49]$4358:
      Old ports: A=10'0101110011, B=10'0101110000, Y=$memory$auto$proc_rom.cc:155:do_switch$1032$rdmux[0][6][24]$b$4093
      New ports: A=1'1, B=1'0, Y=$memory$auto$proc_rom.cc:155:do_switch$1032$rdmux[0][6][24]$b$4093 [0]
      New connections: $memory$auto$proc_rom.cc:155:do_switch$1032$rdmux[0][6][24]$b$4093 [9:1] = { 8'01011100 $memory$auto$proc_rom.cc:155:do_switch$1032$rdmux[0][6][24]$b$4093 [0] }
    Consolidated identical input bits for $mux cell $memory$auto$proc_rom.cc:155:do_switch$1032$rdmux[0][7][48]$4355:
      Old ports: A=10'0101111011, B=10'0101110111, Y=$memory$auto$proc_rom.cc:155:do_switch$1032$rdmux[0][6][24]$a$4092
      New ports: A=2'10, B=2'01, Y=$memory$auto$proc_rom.cc:155:do_switch$1032$rdmux[0][6][24]$a$4092 [3:2]
      New connections: { $memory$auto$proc_rom.cc:155:do_switch$1032$rdmux[0][6][24]$a$4092 [9:4] $memory$auto$proc_rom.cc:155:do_switch$1032$rdmux[0][6][24]$a$4092 [1:0] } = 8'01011111
    Consolidated identical input bits for $mux cell $memory$auto$proc_rom.cc:155:do_switch$1032$rdmux[0][7][47]$4352:
      Old ports: A=10'0110000011, B=10'0101111111, Y=$memory$auto$proc_rom.cc:155:do_switch$1032$rdmux[0][6][23]$b$4090
      New ports: A=2'10, B=2'01, Y={ $memory$auto$proc_rom.cc:155:do_switch$1032$rdmux[0][6][23]$b$4090 [7] $memory$auto$proc_rom.cc:155:do_switch$1032$rdmux[0][6][23]$b$4090 [2] }
      New connections: { $memory$auto$proc_rom.cc:155:do_switch$1032$rdmux[0][6][23]$b$4090 [9:8] $memory$auto$proc_rom.cc:155:do_switch$1032$rdmux[0][6][23]$b$4090 [6:3] $memory$auto$proc_rom.cc:155:do_switch$1032$rdmux[0][6][23]$b$4090 [1:0] } = { 2'01 $memory$auto$proc_rom.cc:155:do_switch$1032$rdmux[0][6][23]$b$4090 [2] $memory$auto$proc_rom.cc:155:do_switch$1032$rdmux[0][6][23]$b$4090 [2] $memory$auto$proc_rom.cc:155:do_switch$1032$rdmux[0][6][23]$b$4090 [2] $memory$auto$proc_rom.cc:155:do_switch$1032$rdmux[0][6][23]$b$4090 [2] 2'11 }
    Consolidated identical input bits for $mux cell $memory$auto$proc_rom.cc:155:do_switch$1032$rdmux[0][7][46]$4349:
      Old ports: A=10'0110001011, B=10'0110000111, Y=$memory$auto$proc_rom.cc:155:do_switch$1032$rdmux[0][6][23]$a$4089
      New ports: A=2'10, B=2'01, Y=$memory$auto$proc_rom.cc:155:do_switch$1032$rdmux[0][6][23]$a$4089 [3:2]
      New connections: { $memory$auto$proc_rom.cc:155:do_switch$1032$rdmux[0][6][23]$a$4089 [9:4] $memory$auto$proc_rom.cc:155:do_switch$1032$rdmux[0][6][23]$a$4089 [1:0] } = 8'01100011
    Consolidated identical input bits for $mux cell $memory$auto$proc_rom.cc:155:do_switch$1032$rdmux[0][7][45]$4346:
      Old ports: A=10'0110010011, B=10'0110001111, Y=$memory$auto$proc_rom.cc:155:do_switch$1032$rdmux[0][6][22]$b$4087
      New ports: A=2'10, B=2'01, Y={ $memory$auto$proc_rom.cc:155:do_switch$1032$rdmux[0][6][22]$b$4087 [4] $memory$auto$proc_rom.cc:155:do_switch$1032$rdmux[0][6][22]$b$4087 [2] }
      New connections: { $memory$auto$proc_rom.cc:155:do_switch$1032$rdmux[0][6][22]$b$4087 [9:5] $memory$auto$proc_rom.cc:155:do_switch$1032$rdmux[0][6][22]$b$4087 [3] $memory$auto$proc_rom.cc:155:do_switch$1032$rdmux[0][6][22]$b$4087 [1:0] } = { 5'01100 $memory$auto$proc_rom.cc:155:do_switch$1032$rdmux[0][6][22]$b$4087 [2] 2'11 }
    Consolidated identical input bits for $mux cell $memory$auto$proc_rom.cc:155:do_switch$1032$rdmux[0][7][44]$4343:
      Old ports: A=10'0110011011, B=10'0110010111, Y=$memory$auto$proc_rom.cc:155:do_switch$1032$rdmux[0][6][22]$a$4086
      New ports: A=2'10, B=2'01, Y=$memory$auto$proc_rom.cc:155:do_switch$1032$rdmux[0][6][22]$a$4086 [3:2]
      New connections: { $memory$auto$proc_rom.cc:155:do_switch$1032$rdmux[0][6][22]$a$4086 [9:4] $memory$auto$proc_rom.cc:155:do_switch$1032$rdmux[0][6][22]$a$4086 [1:0] } = 8'01100111
    Consolidated identical input bits for $mux cell $memory$auto$proc_rom.cc:155:do_switch$1032$rdmux[0][7][43]$4340:
      Old ports: A=10'0110100011, B=10'0110011111, Y=$memory$auto$proc_rom.cc:155:do_switch$1032$rdmux[0][6][21]$b$4084
      New ports: A=2'10, B=2'01, Y={ $memory$auto$proc_rom.cc:155:do_switch$1032$rdmux[0][6][21]$b$4084 [5] $memory$auto$proc_rom.cc:155:do_switch$1032$rdmux[0][6][21]$b$4084 [2] }
      New connections: { $memory$auto$proc_rom.cc:155:do_switch$1032$rdmux[0][6][21]$b$4084 [9:6] $memory$auto$proc_rom.cc:155:do_switch$1032$rdmux[0][6][21]$b$4084 [4:3] $memory$auto$proc_rom.cc:155:do_switch$1032$rdmux[0][6][21]$b$4084 [1:0] } = { 4'0110 $memory$auto$proc_rom.cc:155:do_switch$1032$rdmux[0][6][21]$b$4084 [2] $memory$auto$proc_rom.cc:155:do_switch$1032$rdmux[0][6][21]$b$4084 [2] 2'11 }
    Consolidated identical input bits for $mux cell $memory$auto$proc_rom.cc:155:do_switch$1032$rdmux[0][7][42]$4337:
      Old ports: A=10'0110101100, B=10'0110100111, Y=$memory$auto$proc_rom.cc:155:do_switch$1032$rdmux[0][6][21]$a$4083
      New ports: A=2'10, B=2'01, Y={ $memory$auto$proc_rom.cc:155:do_switch$1032$rdmux[0][6][21]$a$4083 [3] $memory$auto$proc_rom.cc:155:do_switch$1032$rdmux[0][6][21]$a$4083 [0] }
      New connections: { $memory$auto$proc_rom.cc:155:do_switch$1032$rdmux[0][6][21]$a$4083 [9:4] $memory$auto$proc_rom.cc:155:do_switch$1032$rdmux[0][6][21]$a$4083 [2:1] } = { 7'0110101 $memory$auto$proc_rom.cc:155:do_switch$1032$rdmux[0][6][21]$a$4083 [0] }
    Consolidated identical input bits for $mux cell $memory$auto$proc_rom.cc:155:do_switch$1032$rdmux[0][7][41]$4334:
      Old ports: A=10'0110110100, B=10'0110110000, Y=$memory$auto$proc_rom.cc:155:do_switch$1032$rdmux[0][6][20]$b$4081
      New ports: A=1'1, B=1'0, Y=$memory$auto$proc_rom.cc:155:do_switch$1032$rdmux[0][6][20]$b$4081 [2]
      New connections: { $memory$auto$proc_rom.cc:155:do_switch$1032$rdmux[0][6][20]$b$4081 [9:3] $memory$auto$proc_rom.cc:155:do_switch$1032$rdmux[0][6][20]$b$4081 [1:0] } = 9'011011000
    Consolidated identical input bits for $mux cell $memory$auto$proc_rom.cc:155:do_switch$1032$rdmux[0][7][40]$4331:
      Old ports: A=10'0110111101, B=10'0110111001, Y=$memory$auto$proc_rom.cc:155:do_switch$1032$rdmux[0][6][20]$a$4080
      New ports: A=1'1, B=1'0, Y=$memory$auto$proc_rom.cc:155:do_switch$1032$rdmux[0][6][20]$a$4080 [2]
      New connections: { $memory$auto$proc_rom.cc:155:do_switch$1032$rdmux[0][6][20]$a$4080 [9:3] $memory$auto$proc_rom.cc:155:do_switch$1032$rdmux[0][6][20]$a$4080 [1:0] } = 9'011011101
    Consolidated identical input bits for $mux cell $memory$auto$proc_rom.cc:155:do_switch$1032$rdmux[0][7][39]$4328:
      Old ports: A=10'0111000110, B=10'0111000010, Y=$memory$auto$proc_rom.cc:155:do_switch$1032$rdmux[0][6][19]$b$4078
      New ports: A=1'1, B=1'0, Y=$memory$auto$proc_rom.cc:155:do_switch$1032$rdmux[0][6][19]$b$4078 [2]
      New connections: { $memory$auto$proc_rom.cc:155:do_switch$1032$rdmux[0][6][19]$b$4078 [9:3] $memory$auto$proc_rom.cc:155:do_switch$1032$rdmux[0][6][19]$b$4078 [1:0] } = 9'011100010
    Consolidated identical input bits for $mux cell $memory$auto$proc_rom.cc:155:do_switch$1032$rdmux[0][7][38]$4325:
      Old ports: A=10'0111001111, B=10'0111001011, Y=$memory$auto$proc_rom.cc:155:do_switch$1032$rdmux[0][6][19]$a$4077
      New ports: A=1'1, B=1'0, Y=$memory$auto$proc_rom.cc:155:do_switch$1032$rdmux[0][6][19]$a$4077 [2]
      New connections: { $memory$auto$proc_rom.cc:155:do_switch$1032$rdmux[0][6][19]$a$4077 [9:3] $memory$auto$proc_rom.cc:155:do_switch$1032$rdmux[0][6][19]$a$4077 [1:0] } = 9'011100111
    Consolidated identical input bits for $mux cell $memory$auto$proc_rom.cc:155:do_switch$1032$rdmux[0][7][37]$4322:
      Old ports: A=10'0111011000, B=10'0111010100, Y=$memory$auto$proc_rom.cc:155:do_switch$1032$rdmux[0][6][18]$b$4075
      New ports: A=2'10, B=2'01, Y=$memory$auto$proc_rom.cc:155:do_switch$1032$rdmux[0][6][18]$b$4075 [3:2]
      New connections: { $memory$auto$proc_rom.cc:155:do_switch$1032$rdmux[0][6][18]$b$4075 [9:4] $memory$auto$proc_rom.cc:155:do_switch$1032$rdmux[0][6][18]$b$4075 [1:0] } = 8'01110100
    Consolidated identical input bits for $mux cell $memory$auto$proc_rom.cc:155:do_switch$1032$rdmux[0][7][36]$4319:
      Old ports: A=10'0111100010, B=10'0111011101, Y=$memory$auto$proc_rom.cc:155:do_switch$1032$rdmux[0][6][18]$a$4074
      New ports: A=2'10, B=2'01, Y=$memory$auto$proc_rom.cc:155:do_switch$1032$rdmux[0][6][18]$a$4074 [1:0]
      New connections: $memory$auto$proc_rom.cc:155:do_switch$1032$rdmux[0][6][18]$a$4074 [9:2] = { 4'0111 $memory$auto$proc_rom.cc:155:do_switch$1032$rdmux[0][6][18]$a$4074 [1:0] $memory$auto$proc_rom.cc:155:do_switch$1032$rdmux[0][6][18]$a$4074 [0] $memory$auto$proc_rom.cc:155:do_switch$1032$rdmux[0][6][18]$a$4074 [0] }
    Consolidated identical input bits for $mux cell $memory$auto$proc_rom.cc:155:do_switch$1032$rdmux[0][7][35]$4316:
      Old ports: A=10'0111101100, B=10'0111100111, Y=$memory$auto$proc_rom.cc:155:do_switch$1032$rdmux[0][6][17]$b$4072
      New ports: A=2'10, B=2'01, Y={ $memory$auto$proc_rom.cc:155:do_switch$1032$rdmux[0][6][17]$b$4072 [3] $memory$auto$proc_rom.cc:155:do_switch$1032$rdmux[0][6][17]$b$4072 [0] }
      New connections: { $memory$auto$proc_rom.cc:155:do_switch$1032$rdmux[0][6][17]$b$4072 [9:4] $memory$auto$proc_rom.cc:155:do_switch$1032$rdmux[0][6][17]$b$4072 [2:1] } = { 7'0111101 $memory$auto$proc_rom.cc:155:do_switch$1032$rdmux[0][6][17]$b$4072 [0] }
    Consolidated identical input bits for $mux cell $memory$auto$proc_rom.cc:155:do_switch$1032$rdmux[0][7][34]$4313:
      Old ports: A=10'0111110101, B=10'0111110000, Y=$memory$auto$proc_rom.cc:155:do_switch$1032$rdmux[0][6][17]$a$4071
      New ports: A=1'1, B=1'0, Y=$memory$auto$proc_rom.cc:155:do_switch$1032$rdmux[0][6][17]$a$4071 [0]
      New connections: $memory$auto$proc_rom.cc:155:do_switch$1032$rdmux[0][6][17]$a$4071 [9:1] = { 7'0111110 $memory$auto$proc_rom.cc:155:do_switch$1032$rdmux[0][6][17]$a$4071 [0] 1'0 }
    Consolidated identical input bits for $mux cell $memory$auto$proc_rom.cc:155:do_switch$1032$rdmux[0][7][33]$4310:
      Old ports: A=10'0111111111, B=10'0111111010, Y=$memory$auto$proc_rom.cc:155:do_switch$1032$rdmux[0][6][16]$b$4069
      New ports: A=1'1, B=1'0, Y=$memory$auto$proc_rom.cc:155:do_switch$1032$rdmux[0][6][16]$b$4069 [0]
      New connections: $memory$auto$proc_rom.cc:155:do_switch$1032$rdmux[0][6][16]$b$4069 [9:1] = { 7'0111111 $memory$auto$proc_rom.cc:155:do_switch$1032$rdmux[0][6][16]$b$4069 [0] 1'1 }
    Consolidated identical input bits for $mux cell $memory$auto$proc_rom.cc:155:do_switch$1032$rdmux[0][7][32]$4307:
      Old ports: A=10'1000001010, B=10'1000000100, Y=$memory$auto$proc_rom.cc:155:do_switch$1032$rdmux[0][6][16]$a$4068
      New ports: A=2'01, B=2'10, Y=$memory$auto$proc_rom.cc:155:do_switch$1032$rdmux[0][6][16]$a$4068 [2:1]
      New connections: { $memory$auto$proc_rom.cc:155:do_switch$1032$rdmux[0][6][16]$a$4068 [9:3] $memory$auto$proc_rom.cc:155:do_switch$1032$rdmux[0][6][16]$a$4068 [0] } = { 6'100000 $memory$auto$proc_rom.cc:155:do_switch$1032$rdmux[0][6][16]$a$4068 [1] 1'0 }
    Consolidated identical input bits for $mux cell $memory$auto$proc_rom.cc:155:do_switch$1032$rdmux[0][7][31]$4304:
      Old ports: A=10'1000010100, B=10'1000001111, Y=$memory$auto$proc_rom.cc:155:do_switch$1032$rdmux[0][6][15]$b$4066
      New ports: A=2'10, B=2'01, Y={ $memory$auto$proc_rom.cc:155:do_switch$1032$rdmux[0][6][15]$b$4066 [4] $memory$auto$proc_rom.cc:155:do_switch$1032$rdmux[0][6][15]$b$4066 [0] }
      New connections: { $memory$auto$proc_rom.cc:155:do_switch$1032$rdmux[0][6][15]$b$4066 [9:5] $memory$auto$proc_rom.cc:155:do_switch$1032$rdmux[0][6][15]$b$4066 [3:1] } = { 5'10000 $memory$auto$proc_rom.cc:155:do_switch$1032$rdmux[0][6][15]$b$4066 [0] 1'1 $memory$auto$proc_rom.cc:155:do_switch$1032$rdmux[0][6][15]$b$4066 [0] }
    Consolidated identical input bits for $mux cell $memory$auto$proc_rom.cc:155:do_switch$1032$rdmux[0][7][30]$4301:
      Old ports: A=10'1000011111, B=10'1000011001, Y=$memory$auto$proc_rom.cc:155:do_switch$1032$rdmux[0][6][15]$a$4065
      New ports: A=1'1, B=1'0, Y=$memory$auto$proc_rom.cc:155:do_switch$1032$rdmux[0][6][15]$a$4065 [1]
      New connections: { $memory$auto$proc_rom.cc:155:do_switch$1032$rdmux[0][6][15]$a$4065 [9:2] $memory$auto$proc_rom.cc:155:do_switch$1032$rdmux[0][6][15]$a$4065 [0] } = { 7'1000011 $memory$auto$proc_rom.cc:155:do_switch$1032$rdmux[0][6][15]$a$4065 [1] 1'1 }
    Consolidated identical input bits for $mux cell $memory$auto$proc_rom.cc:155:do_switch$1032$rdmux[0][7][29]$4298:
      Old ports: A=10'1000101001, B=10'1000100100, Y=$memory$auto$proc_rom.cc:155:do_switch$1032$rdmux[0][6][14]$b$4063
      New ports: A=2'01, B=2'10, Y={ $memory$auto$proc_rom.cc:155:do_switch$1032$rdmux[0][6][14]$b$4063 [2] $memory$auto$proc_rom.cc:155:do_switch$1032$rdmux[0][6][14]$b$4063 [0] }
      New connections: { $memory$auto$proc_rom.cc:155:do_switch$1032$rdmux[0][6][14]$b$4063 [9:3] $memory$auto$proc_rom.cc:155:do_switch$1032$rdmux[0][6][14]$b$4063 [1] } = { 6'100010 $memory$auto$proc_rom.cc:155:do_switch$1032$rdmux[0][6][14]$b$4063 [0] 1'0 }
    Consolidated identical input bits for $mux cell $memory$auto$proc_rom.cc:155:do_switch$1032$rdmux[0][7][28]$4295:
      Old ports: A=10'1000110101, B=10'1000101111, Y=$memory$auto$proc_rom.cc:155:do_switch$1032$rdmux[0][6][14]$a$4062
      New ports: A=2'10, B=2'01, Y={ $memory$auto$proc_rom.cc:155:do_switch$1032$rdmux[0][6][14]$a$4062 [4] $memory$auto$proc_rom.cc:155:do_switch$1032$rdmux[0][6][14]$a$4062 [1] }
      New connections: { $memory$auto$proc_rom.cc:155:do_switch$1032$rdmux[0][6][14]$a$4062 [9:5] $memory$auto$proc_rom.cc:155:do_switch$1032$rdmux[0][6][14]$a$4062 [3:2] $memory$auto$proc_rom.cc:155:do_switch$1032$rdmux[0][6][14]$a$4062 [0] } = { 5'10001 $memory$auto$proc_rom.cc:155:do_switch$1032$rdmux[0][6][14]$a$4062 [1] 2'11 }
    Consolidated identical input bits for $mux cell $memory$auto$proc_rom.cc:155:do_switch$1032$rdmux[0][7][27]$4292:
      Old ports: A=10'1001000000, B=10'1000111010, Y=$memory$auto$proc_rom.cc:155:do_switch$1032$rdmux[0][6][13]$b$4060
      New ports: A=2'10, B=2'01, Y={ $memory$auto$proc_rom.cc:155:do_switch$1032$rdmux[0][6][13]$b$4060 [6] $memory$auto$proc_rom.cc:155:do_switch$1032$rdmux[0][6][13]$b$4060 [1] }
      New connections: { $memory$auto$proc_rom.cc:155:do_switch$1032$rdmux[0][6][13]$b$4060 [9:7] $memory$auto$proc_rom.cc:155:do_switch$1032$rdmux[0][6][13]$b$4060 [5:2] $memory$auto$proc_rom.cc:155:do_switch$1032$rdmux[0][6][13]$b$4060 [0] } = { 3'100 $memory$auto$proc_rom.cc:155:do_switch$1032$rdmux[0][6][13]$b$4060 [1] $memory$auto$proc_rom.cc:155:do_switch$1032$rdmux[0][6][13]$b$4060 [1] $memory$auto$proc_rom.cc:155:do_switch$1032$rdmux[0][6][13]$b$4060 [1] 2'00 }
    Consolidated identical input bits for $mux cell $memory$auto$proc_rom.cc:155:do_switch$1032$rdmux[0][7][26]$4289:
      Old ports: A=10'1001001011, B=10'1001000110, Y=$memory$auto$proc_rom.cc:155:do_switch$1032$rdmux[0][6][13]$a$4059
      New ports: A=2'01, B=2'10, Y={ $memory$auto$proc_rom.cc:155:do_switch$1032$rdmux[0][6][13]$a$4059 [2] $memory$auto$proc_rom.cc:155:do_switch$1032$rdmux[0][6][13]$a$4059 [0] }
      New connections: { $memory$auto$proc_rom.cc:155:do_switch$1032$rdmux[0][6][13]$a$4059 [9:3] $memory$auto$proc_rom.cc:155:do_switch$1032$rdmux[0][6][13]$a$4059 [1] } = { 6'100100 $memory$auto$proc_rom.cc:155:do_switch$1032$rdmux[0][6][13]$a$4059 [0] 1'1 }
    Consolidated identical input bits for $mux cell $memory$auto$proc_rom.cc:155:do_switch$1032$rdmux[0][7][25]$4286:
      Old ports: A=10'1001010111, B=10'1001010001, Y=$memory$auto$proc_rom.cc:155:do_switch$1032$rdmux[0][6][12]$b$4057
      New ports: A=1'1, B=1'0, Y=$memory$auto$proc_rom.cc:155:do_switch$1032$rdmux[0][6][12]$b$4057 [1]
      New connections: { $memory$auto$proc_rom.cc:155:do_switch$1032$rdmux[0][6][12]$b$4057 [9:2] $memory$auto$proc_rom.cc:155:do_switch$1032$rdmux[0][6][12]$b$4057 [0] } = { 7'1001010 $memory$auto$proc_rom.cc:155:do_switch$1032$rdmux[0][6][12]$b$4057 [1] 1'1 }
    Consolidated identical input bits for $mux cell $memory$auto$proc_rom.cc:155:do_switch$1032$rdmux[0][7][24]$4283:
      Old ports: A=10'1001100011, B=10'1001011101, Y=$memory$auto$proc_rom.cc:155:do_switch$1032$rdmux[0][6][12]$a$4056
      New ports: A=2'01, B=2'10, Y=$memory$auto$proc_rom.cc:155:do_switch$1032$rdmux[0][6][12]$a$4056 [2:1]
      New connections: { $memory$auto$proc_rom.cc:155:do_switch$1032$rdmux[0][6][12]$a$4056 [9:3] $memory$auto$proc_rom.cc:155:do_switch$1032$rdmux[0][6][12]$a$4056 [0] } = { 4'1001 $memory$auto$proc_rom.cc:155:do_switch$1032$rdmux[0][6][12]$a$4056 [1] $memory$auto$proc_rom.cc:155:do_switch$1032$rdmux[0][6][12]$a$4056 [2] $memory$auto$proc_rom.cc:155:do_switch$1032$rdmux[0][6][12]$a$4056 [2] 1'1 }
    Consolidated identical input bits for $mux cell $memory$auto$proc_rom.cc:155:do_switch$1032$rdmux[0][7][23]$4280:
      Old ports: A=10'1001110000, B=10'1001101001, Y=$memory$auto$proc_rom.cc:155:do_switch$1032$rdmux[0][6][11]$b$4054
      New ports: A=2'10, B=2'01, Y={ $memory$auto$proc_rom.cc:155:do_switch$1032$rdmux[0][6][11]$b$4054 [4] $memory$auto$proc_rom.cc:155:do_switch$1032$rdmux[0][6][11]$b$4054 [0] }
      New connections: { $memory$auto$proc_rom.cc:155:do_switch$1032$rdmux[0][6][11]$b$4054 [9:5] $memory$auto$proc_rom.cc:155:do_switch$1032$rdmux[0][6][11]$b$4054 [3:1] } = { 5'10011 $memory$auto$proc_rom.cc:155:do_switch$1032$rdmux[0][6][11]$b$4054 [0] 2'00 }
    Consolidated identical input bits for $mux cell $memory$auto$proc_rom.cc:155:do_switch$1032$rdmux[0][7][22]$4277:
      Old ports: A=10'1001111100, B=10'1001110110, Y=$memory$auto$proc_rom.cc:155:do_switch$1032$rdmux[0][6][11]$a$4053
      New ports: A=2'10, B=2'01, Y={ $memory$auto$proc_rom.cc:155:do_switch$1032$rdmux[0][6][11]$a$4053 [3] $memory$auto$proc_rom.cc:155:do_switch$1032$rdmux[0][6][11]$a$4053 [1] }
      New connections: { $memory$auto$proc_rom.cc:155:do_switch$1032$rdmux[0][6][11]$a$4053 [9:4] $memory$auto$proc_rom.cc:155:do_switch$1032$rdmux[0][6][11]$a$4053 [2] $memory$auto$proc_rom.cc:155:do_switch$1032$rdmux[0][6][11]$a$4053 [0] } = 8'10011110
    Consolidated identical input bits for $mux cell $memory$auto$proc_rom.cc:155:do_switch$1032$rdmux[0][7][21]$4274:
      Old ports: A=10'1010001001, B=10'1010000011, Y=$memory$auto$proc_rom.cc:155:do_switch$1032$rdmux[0][6][10]$b$4051
      New ports: A=2'10, B=2'01, Y={ $memory$auto$proc_rom.cc:155:do_switch$1032$rdmux[0][6][10]$b$4051 [3] $memory$auto$proc_rom.cc:155:do_switch$1032$rdmux[0][6][10]$b$4051 [1] }
      New connections: { $memory$auto$proc_rom.cc:155:do_switch$1032$rdmux[0][6][10]$b$4051 [9:4] $memory$auto$proc_rom.cc:155:do_switch$1032$rdmux[0][6][10]$b$4051 [2] $memory$auto$proc_rom.cc:155:do_switch$1032$rdmux[0][6][10]$b$4051 [0] } = 8'10100001
    Consolidated identical input bits for $mux cell $memory$auto$proc_rom.cc:155:do_switch$1032$rdmux[0][7][20]$4271:
      Old ports: A=10'1010010111, B=10'1010010000, Y=$memory$auto$proc_rom.cc:155:do_switch$1032$rdmux[0][6][10]$a$4050
      New ports: A=1'1, B=1'0, Y=$memory$auto$proc_rom.cc:155:do_switch$1032$rdmux[0][6][10]$a$4050 [0]
      New connections: $memory$auto$proc_rom.cc:155:do_switch$1032$rdmux[0][6][10]$a$4050 [9:1] = { 7'1010010 $memory$auto$proc_rom.cc:155:do_switch$1032$rdmux[0][6][10]$a$4050 [0] $memory$auto$proc_rom.cc:155:do_switch$1032$rdmux[0][6][10]$a$4050 [0] }
    Consolidated identical input bits for $mux cell $memory$auto$proc_rom.cc:155:do_switch$1032$rdmux[0][7][19]$4268:
      Old ports: A=10'1010100100, B=10'1010011101, Y=$memory$auto$proc_rom.cc:155:do_switch$1032$rdmux[0][6][9]$b$4048
      New ports: A=2'10, B=2'01, Y={ $memory$auto$proc_rom.cc:155:do_switch$1032$rdmux[0][6][9]$b$4048 [5] $memory$auto$proc_rom.cc:155:do_switch$1032$rdmux[0][6][9]$b$4048 [0] }
      New connections: { $memory$auto$proc_rom.cc:155:do_switch$1032$rdmux[0][6][9]$b$4048 [9:6] $memory$auto$proc_rom.cc:155:do_switch$1032$rdmux[0][6][9]$b$4048 [4:1] } = { 4'1010 $memory$auto$proc_rom.cc:155:do_switch$1032$rdmux[0][6][9]$b$4048 [0] $memory$auto$proc_rom.cc:155:do_switch$1032$rdmux[0][6][9]$b$4048 [0] 2'10 }
    Consolidated identical input bits for $mux cell $memory$auto$proc_rom.cc:155:do_switch$1032$rdmux[0][7][18]$4265:
      Old ports: A=10'1010110010, B=10'1010101011, Y=$memory$auto$proc_rom.cc:155:do_switch$1032$rdmux[0][6][9]$a$4047
      New ports: A=2'10, B=2'01, Y={ $memory$auto$proc_rom.cc:155:do_switch$1032$rdmux[0][6][9]$a$4047 [4] $memory$auto$proc_rom.cc:155:do_switch$1032$rdmux[0][6][9]$a$4047 [0] }
      New connections: { $memory$auto$proc_rom.cc:155:do_switch$1032$rdmux[0][6][9]$a$4047 [9:5] $memory$auto$proc_rom.cc:155:do_switch$1032$rdmux[0][6][9]$a$4047 [3:1] } = { 5'10101 $memory$auto$proc_rom.cc:155:do_switch$1032$rdmux[0][6][9]$a$4047 [0] 2'01 }
    Consolidated identical input bits for $mux cell $memory$auto$proc_rom.cc:155:do_switch$1032$rdmux[0][7][17]$4262:
      Old ports: A=10'1011000000, B=10'1010111001, Y=$memory$auto$proc_rom.cc:155:do_switch$1032$rdmux[0][6][8]$b$4045
      New ports: A=2'10, B=2'01, Y={ $memory$auto$proc_rom.cc:155:do_switch$1032$rdmux[0][6][8]$b$4045 [6] $memory$auto$proc_rom.cc:155:do_switch$1032$rdmux[0][6][8]$b$4045 [0] }
      New connections: { $memory$auto$proc_rom.cc:155:do_switch$1032$rdmux[0][6][8]$b$4045 [9:7] $memory$auto$proc_rom.cc:155:do_switch$1032$rdmux[0][6][8]$b$4045 [5:1] } = { 3'101 $memory$auto$proc_rom.cc:155:do_switch$1032$rdmux[0][6][8]$b$4045 [0] $memory$auto$proc_rom.cc:155:do_switch$1032$rdmux[0][6][8]$b$4045 [0] $memory$auto$proc_rom.cc:155:do_switch$1032$rdmux[0][6][8]$b$4045 [0] 2'00 }
    Consolidated identical input bits for $mux cell $memory$auto$proc_rom.cc:155:do_switch$1032$rdmux[0][7][16]$4259:
      Old ports: A=10'1011001111, B=10'1011000111, Y=$memory$auto$proc_rom.cc:155:do_switch$1032$rdmux[0][6][8]$a$4044
      New ports: A=1'1, B=1'0, Y=$memory$auto$proc_rom.cc:155:do_switch$1032$rdmux[0][6][8]$a$4044 [3]
      New connections: { $memory$auto$proc_rom.cc:155:do_switch$1032$rdmux[0][6][8]$a$4044 [9:4] $memory$auto$proc_rom.cc:155:do_switch$1032$rdmux[0][6][8]$a$4044 [2:0] } = 9'101100111
    Consolidated identical input bits for $mux cell $memory$auto$proc_rom.cc:155:do_switch$1032$rdmux[0][7][15]$4256:
      Old ports: A=10'1011011110, B=10'1011010110, Y=$memory$auto$proc_rom.cc:155:do_switch$1032$rdmux[0][6][7]$b$4042
      New ports: A=1'1, B=1'0, Y=$memory$auto$proc_rom.cc:155:do_switch$1032$rdmux[0][6][7]$b$4042 [3]
      New connections: { $memory$auto$proc_rom.cc:155:do_switch$1032$rdmux[0][6][7]$b$4042 [9:4] $memory$auto$proc_rom.cc:155:do_switch$1032$rdmux[0][6][7]$b$4042 [2:0] } = 9'101101110
    Consolidated identical input bits for $mux cell $memory$auto$proc_rom.cc:155:do_switch$1032$rdmux[0][7][14]$4253:
      Old ports: A=10'1011101101, B=10'1011100101, Y=$memory$auto$proc_rom.cc:155:do_switch$1032$rdmux[0][6][7]$a$4041
      New ports: A=1'1, B=1'0, Y=$memory$auto$proc_rom.cc:155:do_switch$1032$rdmux[0][6][7]$a$4041 [3]
      New connections: { $memory$auto$proc_rom.cc:155:do_switch$1032$rdmux[0][6][7]$a$4041 [9:4] $memory$auto$proc_rom.cc:155:do_switch$1032$rdmux[0][6][7]$a$4041 [2:0] } = 9'101110101
    Consolidated identical input bits for $mux cell $memory$auto$proc_rom.cc:155:do_switch$1032$rdmux[0][7][13]$4250:
      Old ports: A=10'1011111101, B=10'1011110101, Y=$memory$auto$proc_rom.cc:155:do_switch$1032$rdmux[0][6][6]$b$4039
      New ports: A=1'1, B=1'0, Y=$memory$auto$proc_rom.cc:155:do_switch$1032$rdmux[0][6][6]$b$4039 [3]
      New connections: { $memory$auto$proc_rom.cc:155:do_switch$1032$rdmux[0][6][6]$b$4039 [9:4] $memory$auto$proc_rom.cc:155:do_switch$1032$rdmux[0][6][6]$b$4039 [2:0] } = 9'101111101
    Consolidated identical input bits for $mux cell $memory$auto$proc_rom.cc:155:do_switch$1032$rdmux[0][7][12]$4247:
      Old ports: A=10'1100001101, B=10'1100000101, Y=$memory$auto$proc_rom.cc:155:do_switch$1032$rdmux[0][6][6]$a$4038
      New ports: A=1'1, B=1'0, Y=$memory$auto$proc_rom.cc:155:do_switch$1032$rdmux[0][6][6]$a$4038 [3]
      New connections: { $memory$auto$proc_rom.cc:155:do_switch$1032$rdmux[0][6][6]$a$4038 [9:4] $memory$auto$proc_rom.cc:155:do_switch$1032$rdmux[0][6][6]$a$4038 [2:0] } = 9'110000101
    Consolidated identical input bits for $mux cell $memory$auto$proc_rom.cc:155:do_switch$1032$rdmux[0][7][11]$4244:
      Old ports: A=10'1100011110, B=10'1100010101, Y=$memory$auto$proc_rom.cc:155:do_switch$1032$rdmux[0][6][5]$b$4036
      New ports: A=2'10, B=2'01, Y=$memory$auto$proc_rom.cc:155:do_switch$1032$rdmux[0][6][5]$b$4036 [1:0]
      New connections: $memory$auto$proc_rom.cc:155:do_switch$1032$rdmux[0][6][5]$b$4036 [9:2] = { 6'110001 $memory$auto$proc_rom.cc:155:do_switch$1032$rdmux[0][6][5]$b$4036 [1] 1'1 }
    Consolidated identical input bits for $mux cell $memory$auto$proc_rom.cc:155:do_switch$1032$rdmux[0][7][10]$4241:
      Old ports: A=10'1100101111, B=10'1100100110, Y=$memory$auto$proc_rom.cc:155:do_switch$1032$rdmux[0][6][5]$a$4035
      New ports: A=1'1, B=1'0, Y=$memory$auto$proc_rom.cc:155:do_switch$1032$rdmux[0][6][5]$a$4035 [0]
      New connections: $memory$auto$proc_rom.cc:155:do_switch$1032$rdmux[0][6][5]$a$4035 [9:1] = { 6'110010 $memory$auto$proc_rom.cc:155:do_switch$1032$rdmux[0][6][5]$a$4035 [0] 2'11 }
    Consolidated identical input bits for $mux cell $memory$auto$proc_rom.cc:155:do_switch$1032$rdmux[0][7][9]$4238:
      Old ports: A=10'1101000001, B=10'1100111000, Y=$memory$auto$proc_rom.cc:155:do_switch$1032$rdmux[0][6][4]$b$4033
      New ports: A=2'01, B=2'10, Y={ $memory$auto$proc_rom.cc:155:do_switch$1032$rdmux[0][6][4]$b$4033 [3] $memory$auto$proc_rom.cc:155:do_switch$1032$rdmux[0][6][4]$b$4033 [0] }
      New connections: { $memory$auto$proc_rom.cc:155:do_switch$1032$rdmux[0][6][4]$b$4033 [9:4] $memory$auto$proc_rom.cc:155:do_switch$1032$rdmux[0][6][4]$b$4033 [2:1] } = { 3'110 $memory$auto$proc_rom.cc:155:do_switch$1032$rdmux[0][6][4]$b$4033 [0] $memory$auto$proc_rom.cc:155:do_switch$1032$rdmux[0][6][4]$b$4033 [3] $memory$auto$proc_rom.cc:155:do_switch$1032$rdmux[0][6][4]$b$4033 [3] 2'00 }
    Consolidated identical input bits for $mux cell $memory$auto$proc_rom.cc:155:do_switch$1032$rdmux[0][7][8]$4235:
      Old ports: A=10'1101010011, B=10'1101001010, Y=$memory$auto$proc_rom.cc:155:do_switch$1032$rdmux[0][6][4]$a$4032
      New ports: A=2'01, B=2'10, Y={ $memory$auto$proc_rom.cc:155:do_switch$1032$rdmux[0][6][4]$a$4032 [3] $memory$auto$proc_rom.cc:155:do_switch$1032$rdmux[0][6][4]$a$4032 [0] }
      New connections: { $memory$auto$proc_rom.cc:155:do_switch$1032$rdmux[0][6][4]$a$4032 [9:4] $memory$auto$proc_rom.cc:155:do_switch$1032$rdmux[0][6][4]$a$4032 [2:1] } = { 5'11010 $memory$auto$proc_rom.cc:155:do_switch$1032$rdmux[0][6][4]$a$4032 [0] 2'01 }
    Consolidated identical input bits for $mux cell $memory$auto$proc_rom.cc:155:do_switch$1032$rdmux[0][7][7]$4232:
      Old ports: A=10'1101100101, B=10'1101011100, Y=$memory$auto$proc_rom.cc:155:do_switch$1032$rdmux[0][6][3]$b$4030
      New ports: A=2'01, B=2'10, Y={ $memory$auto$proc_rom.cc:155:do_switch$1032$rdmux[0][6][3]$b$4030 [3] $memory$auto$proc_rom.cc:155:do_switch$1032$rdmux[0][6][3]$b$4030 [0] }
      New connections: { $memory$auto$proc_rom.cc:155:do_switch$1032$rdmux[0][6][3]$b$4030 [9:4] $memory$auto$proc_rom.cc:155:do_switch$1032$rdmux[0][6][3]$b$4030 [2:1] } = { 4'1101 $memory$auto$proc_rom.cc:155:do_switch$1032$rdmux[0][6][3]$b$4030 [0] $memory$auto$proc_rom.cc:155:do_switch$1032$rdmux[0][6][3]$b$4030 [3] 2'10 }
    Consolidated identical input bits for $mux cell $memory$auto$proc_rom.cc:155:do_switch$1032$rdmux[0][7][6]$4229:
      Old ports: A=10'1101111001, B=10'1101101111, Y=$memory$auto$proc_rom.cc:155:do_switch$1032$rdmux[0][6][3]$a$4029
      New ports: A=2'10, B=2'01, Y={ $memory$auto$proc_rom.cc:155:do_switch$1032$rdmux[0][6][3]$a$4029 [4] $memory$auto$proc_rom.cc:155:do_switch$1032$rdmux[0][6][3]$a$4029 [1] }
      New connections: { $memory$auto$proc_rom.cc:155:do_switch$1032$rdmux[0][6][3]$a$4029 [9:5] $memory$auto$proc_rom.cc:155:do_switch$1032$rdmux[0][6][3]$a$4029 [3:2] $memory$auto$proc_rom.cc:155:do_switch$1032$rdmux[0][6][3]$a$4029 [0] } = { 6'110111 $memory$auto$proc_rom.cc:155:do_switch$1032$rdmux[0][6][3]$a$4029 [1] 1'1 }
    Consolidated identical input bits for $mux cell $memory$auto$proc_rom.cc:155:do_switch$1032$rdmux[0][7][5]$4226:
      Old ports: A=10'1110001101, B=10'1110000011, Y=$memory$auto$proc_rom.cc:155:do_switch$1032$rdmux[0][6][2]$b$4027
      New ports: A=2'10, B=2'01, Y=$memory$auto$proc_rom.cc:155:do_switch$1032$rdmux[0][6][2]$b$4027 [2:1]
      New connections: { $memory$auto$proc_rom.cc:155:do_switch$1032$rdmux[0][6][2]$b$4027 [9:3] $memory$auto$proc_rom.cc:155:do_switch$1032$rdmux[0][6][2]$b$4027 [0] } = { 6'111000 $memory$auto$proc_rom.cc:155:do_switch$1032$rdmux[0][6][2]$b$4027 [2] 1'1 }
    Consolidated identical input bits for $mux cell $memory$auto$proc_rom.cc:155:do_switch$1032$rdmux[0][7][4]$4223:
      Old ports: A=10'1110100001, B=10'1110010111, Y=$memory$auto$proc_rom.cc:155:do_switch$1032$rdmux[0][6][2]$a$4026
      New ports: A=2'10, B=2'01, Y={ $memory$auto$proc_rom.cc:155:do_switch$1032$rdmux[0][6][2]$a$4026 [5] $memory$auto$proc_rom.cc:155:do_switch$1032$rdmux[0][6][2]$a$4026 [1] }
      New connections: { $memory$auto$proc_rom.cc:155:do_switch$1032$rdmux[0][6][2]$a$4026 [9:6] $memory$auto$proc_rom.cc:155:do_switch$1032$rdmux[0][6][2]$a$4026 [4:2] $memory$auto$proc_rom.cc:155:do_switch$1032$rdmux[0][6][2]$a$4026 [0] } = { 4'1110 $memory$auto$proc_rom.cc:155:do_switch$1032$rdmux[0][6][2]$a$4026 [1] 1'0 $memory$auto$proc_rom.cc:155:do_switch$1032$rdmux[0][6][2]$a$4026 [1] 1'1 }
    Consolidated identical input bits for $mux cell $memory$auto$proc_rom.cc:155:do_switch$1032$rdmux[0][7][3]$4220:
      Old ports: A=10'1110110110, B=10'1110101100, Y=$memory$auto$proc_rom.cc:155:do_switch$1032$rdmux[0][6][1]$b$4024
      New ports: A=2'01, B=2'10, Y={ $memory$auto$proc_rom.cc:155:do_switch$1032$rdmux[0][6][1]$b$4024 [3] $memory$auto$proc_rom.cc:155:do_switch$1032$rdmux[0][6][1]$b$4024 [1] }
      New connections: { $memory$auto$proc_rom.cc:155:do_switch$1032$rdmux[0][6][1]$b$4024 [9:4] $memory$auto$proc_rom.cc:155:do_switch$1032$rdmux[0][6][1]$b$4024 [2] $memory$auto$proc_rom.cc:155:do_switch$1032$rdmux[0][6][1]$b$4024 [0] } = { 5'11101 $memory$auto$proc_rom.cc:155:do_switch$1032$rdmux[0][6][1]$b$4024 [1] 2'10 }
    Consolidated identical input bits for $mux cell $memory$auto$proc_rom.cc:155:do_switch$1032$rdmux[0][7][2]$4217:
      Old ports: A=10'1111001100, B=10'1111000001, Y=$memory$auto$proc_rom.cc:155:do_switch$1032$rdmux[0][6][1]$a$4023
      New ports: A=2'10, B=2'01, Y={ $memory$auto$proc_rom.cc:155:do_switch$1032$rdmux[0][6][1]$a$4023 [2] $memory$auto$proc_rom.cc:155:do_switch$1032$rdmux[0][6][1]$a$4023 [0] }
      New connections: { $memory$auto$proc_rom.cc:155:do_switch$1032$rdmux[0][6][1]$a$4023 [9:3] $memory$auto$proc_rom.cc:155:do_switch$1032$rdmux[0][6][1]$a$4023 [1] } = { 6'111100 $memory$auto$proc_rom.cc:155:do_switch$1032$rdmux[0][6][1]$a$4023 [2] 1'0 }
    Consolidated identical input bits for $mux cell $memory$auto$proc_rom.cc:155:do_switch$1032$rdmux[0][7][1]$4214:
      Old ports: A=10'1111100011, B=10'1111010111, Y=$memory$auto$proc_rom.cc:155:do_switch$1032$rdmux[0][6][0]$b$4021
      New ports: A=2'10, B=2'01, Y={ $memory$auto$proc_rom.cc:155:do_switch$1032$rdmux[0][6][0]$b$4021 [5] $memory$auto$proc_rom.cc:155:do_switch$1032$rdmux[0][6][0]$b$4021 [2] }
      New connections: { $memory$auto$proc_rom.cc:155:do_switch$1032$rdmux[0][6][0]$b$4021 [9:6] $memory$auto$proc_rom.cc:155:do_switch$1032$rdmux[0][6][0]$b$4021 [4:3] $memory$auto$proc_rom.cc:155:do_switch$1032$rdmux[0][6][0]$b$4021 [1:0] } = { 4'1111 $memory$auto$proc_rom.cc:155:do_switch$1032$rdmux[0][6][0]$b$4021 [2] 3'011 }
    Consolidated identical input bits for $mux cell $memory$auto$proc_rom.cc:155:do_switch$1032$rdmux[0][7][0]$4211:
      Old ports: A=10'1111111010, B=10'1111101110, Y=$memory$auto$proc_rom.cc:155:do_switch$1032$rdmux[0][6][0]$a$4020
      New ports: A=2'10, B=2'01, Y={ $memory$auto$proc_rom.cc:155:do_switch$1032$rdmux[0][6][0]$a$4020 [4] $memory$auto$proc_rom.cc:155:do_switch$1032$rdmux[0][6][0]$a$4020 [2] }
      New connections: { $memory$auto$proc_rom.cc:155:do_switch$1032$rdmux[0][6][0]$a$4020 [9:5] $memory$auto$proc_rom.cc:155:do_switch$1032$rdmux[0][6][0]$a$4020 [3] $memory$auto$proc_rom.cc:155:do_switch$1032$rdmux[0][6][0]$a$4020 [1:0] } = 8'11111110
    Consolidated identical input bits for $mux cell $procmux$1389:
      Old ports: A=32'11111111111111111111111111111111, B=9, Y=$8\approximate_rsqrt$func$rtl/fp16_rsqrt_lut256.sv:79$441.leading_one[31:0]$553
      New ports: A=1'1, B=1'0, Y=$8\approximate_rsqrt$func$rtl/fp16_rsqrt_lut256.sv:79$441.leading_one[31:0]$553 [1]
      New connections: { $8\approximate_rsqrt$func$rtl/fp16_rsqrt_lut256.sv:79$441.leading_one[31:0]$553 [31:2] $8\approximate_rsqrt$func$rtl/fp16_rsqrt_lut256.sv:79$441.leading_one[31:0]$553 [0] } = { $8\approximate_rsqrt$func$rtl/fp16_rsqrt_lut256.sv:79$441.leading_one[31:0]$553 [1] $8\approximate_rsqrt$func$rtl/fp16_rsqrt_lut256.sv:79$441.leading_one[31:0]$553 [1] $8\approximate_rsqrt$func$rtl/fp16_rsqrt_lut256.sv:79$441.leading_one[31:0]$553 [1] $8\approximate_rsqrt$func$rtl/fp16_rsqrt_lut256.sv:79$441.leading_one[31:0]$553 [1] $8\approximate_rsqrt$func$rtl/fp16_rsqrt_lut256.sv:79$441.leading_one[31:0]$553 [1] $8\approximate_rsqrt$func$rtl/fp16_rsqrt_lut256.sv:79$441.leading_one[31:0]$553 [1] $8\approximate_rsqrt$func$rtl/fp16_rsqrt_lut256.sv:79$441.leading_one[31:0]$553 [1] $8\approximate_rsqrt$func$rtl/fp16_rsqrt_lut256.sv:79$441.leading_one[31:0]$553 [1] $8\approximate_rsqrt$func$rtl/fp16_rsqrt_lut256.sv:79$441.leading_one[31:0]$553 [1] $8\approximate_rsqrt$func$rtl/fp16_rsqrt_lut256.sv:79$441.leading_one[31:0]$553 [1] $8\approximate_rsqrt$func$rtl/fp16_rsqrt_lut256.sv:79$441.leading_one[31:0]$553 [1] $8\approximate_rsqrt$func$rtl/fp16_rsqrt_lut256.sv:79$441.leading_one[31:0]$553 [1] $8\approximate_rsqrt$func$rtl/fp16_rsqrt_lut256.sv:79$441.leading_one[31:0]$553 [1] $8\approximate_rsqrt$func$rtl/fp16_rsqrt_lut256.sv:79$441.leading_one[31:0]$553 [1] $8\approximate_rsqrt$func$rtl/fp16_rsqrt_lut256.sv:79$441.leading_one[31:0]$553 [1] $8\approximate_rsqrt$func$rtl/fp16_rsqrt_lut256.sv:79$441.leading_one[31:0]$553 [1] $8\approximate_rsqrt$func$rtl/fp16_rsqrt_lut256.sv:79$441.leading_one[31:0]$553 [1] $8\approximate_rsqrt$func$rtl/fp16_rsqrt_lut256.sv:79$441.leading_one[31:0]$553 [1] $8\approximate_rsqrt$func$rtl/fp16_rsqrt_lut256.sv:79$441.leading_one[31:0]$553 [1] $8\approximate_rsqrt$func$rtl/fp16_rsqrt_lut256.sv:79$441.leading_one[31:0]$553 [1] $8\approximate_rsqrt$func$rtl/fp16_rsqrt_lut256.sv:79$441.leading_one[31:0]$553 [1] $8\approximate_rsqrt$func$rtl/fp16_rsqrt_lut256.sv:79$441.leading_one[31:0]$553 [1] $8\approximate_rsqrt$func$rtl/fp16_rsqrt_lut256.sv:79$441.leading_one[31:0]$553 [1] $8\approximate_rsqrt$func$rtl/fp16_rsqrt_lut256.sv:79$441.leading_one[31:0]$553 [1] $8\approximate_rsqrt$func$rtl/fp16_rsqrt_lut256.sv:79$441.leading_one[31:0]$553 [1] $8\approximate_rsqrt$func$rtl/fp16_rsqrt_lut256.sv:79$441.leading_one[31:0]$553 [1] $8\approximate_rsqrt$func$rtl/fp16_rsqrt_lut256.sv:79$441.leading_one[31:0]$553 [1] $8\approximate_rsqrt$func$rtl/fp16_rsqrt_lut256.sv:79$441.leading_one[31:0]$553 [1] 1'1 $8\approximate_rsqrt$func$rtl/fp16_rsqrt_lut256.sv:79$441.leading_one[31:0]$553 [1] 1'1 }
    Consolidated identical input bits for $mux cell $memory$auto$proc_rom.cc:155:do_switch$1032$rdmux[0][7][127]$4592:
      Old ports: A=10'0000000010, B=10'0000000001, Y=$memory$auto$proc_rom.cc:155:do_switch$1032$rdmux[0][6][63]$b$4210
      New ports: A=2'10, B=2'01, Y=$memory$auto$proc_rom.cc:155:do_switch$1032$rdmux[0][6][63]$b$4210 [1:0]
      New connections: $memory$auto$proc_rom.cc:155:do_switch$1032$rdmux[0][6][63]$b$4210 [9:2] = 8'00000000
    Consolidated identical input bits for $mux cell $ternary$rtl/fp16_rsqrt_lut256.sv:41$530:
      Old ports: A=15'111111000000000, B=15'000000000000000, Y=$auto$wreduce.cc:514:run$3160 [14:0]
      New ports: A=1'1, B=1'0, Y=$auto$wreduce.cc:514:run$3160 [9]
      New connections: { $auto$wreduce.cc:514:run$3160 [14:10] $auto$wreduce.cc:514:run$3160 [8:0] } = { $auto$wreduce.cc:514:run$3160 [9] $auto$wreduce.cc:514:run$3160 [9] $auto$wreduce.cc:514:run$3160 [9] $auto$wreduce.cc:514:run$3160 [9] $auto$wreduce.cc:514:run$3160 [9] 9'000000000 }
  Optimizing cells in module \fp16_rsqrt_lut256.
    Consolidated identical input bits for $mux cell $memory$auto$proc_rom.cc:155:do_switch$1032$rdmux[0][6][63]$4208:
      Old ports: A=$memory$auto$proc_rom.cc:155:do_switch$1032$rdmux[0][6][63]$a$4209, B=$memory$auto$proc_rom.cc:155:do_switch$1032$rdmux[0][6][63]$b$4210, Y=$memory$auto$proc_rom.cc:155:do_switch$1032$rdmux[0][5][31]$b$4018
      New ports: A={ 2'10 $memory$auto$proc_rom.cc:155:do_switch$1032$rdmux[0][6][63]$a$4209 [0] }, B={ 1'0 $memory$auto$proc_rom.cc:155:do_switch$1032$rdmux[0][6][63]$b$4210 [1:0] }, Y=$memory$auto$proc_rom.cc:155:do_switch$1032$rdmux[0][5][31]$b$4018 [2:0]
      New connections: $memory$auto$proc_rom.cc:155:do_switch$1032$rdmux[0][5][31]$b$4018 [9:3] = 7'0000000
    Consolidated identical input bits for $mux cell $memory$auto$proc_rom.cc:155:do_switch$1032$rdmux[0][6][62]$4205:
      Old ports: A=$memory$auto$proc_rom.cc:155:do_switch$1032$rdmux[0][6][62]$a$4206, B=$memory$auto$proc_rom.cc:155:do_switch$1032$rdmux[0][6][62]$b$4207, Y=$memory$auto$proc_rom.cc:155:do_switch$1032$rdmux[0][5][31]$a$4017
      New ports: A={ 3'101 $memory$auto$proc_rom.cc:155:do_switch$1032$rdmux[0][6][62]$a$4206 [0] }, B={ $memory$auto$proc_rom.cc:155:do_switch$1032$rdmux[0][6][62]$b$4207 [3] $memory$auto$proc_rom.cc:155:do_switch$1032$rdmux[0][6][62]$b$4207 [0] $memory$auto$proc_rom.cc:155:do_switch$1032$rdmux[0][6][62]$b$4207 [0] $memory$auto$proc_rom.cc:155:do_switch$1032$rdmux[0][6][62]$b$4207 [0] }, Y=$memory$auto$proc_rom.cc:155:do_switch$1032$rdmux[0][5][31]$a$4017 [3:0]
      New connections: $memory$auto$proc_rom.cc:155:do_switch$1032$rdmux[0][5][31]$a$4017 [9:4] = 6'000000
    Consolidated identical input bits for $mux cell $memory$auto$proc_rom.cc:155:do_switch$1032$rdmux[0][6][61]$4202:
      Old ports: A=$memory$auto$proc_rom.cc:155:do_switch$1032$rdmux[0][6][61]$a$4203, B=$memory$auto$proc_rom.cc:155:do_switch$1032$rdmux[0][6][61]$b$4204, Y=$memory$auto$proc_rom.cc:155:do_switch$1032$rdmux[0][5][30]$b$4015
      New ports: A={ 1'1 $memory$auto$proc_rom.cc:155:do_switch$1032$rdmux[0][6][61]$a$4203 [1] 1'0 }, B={ 1'0 $memory$auto$proc_rom.cc:155:do_switch$1032$rdmux[0][6][61]$b$4204 [1] 1'1 }, Y={ $memory$auto$proc_rom.cc:155:do_switch$1032$rdmux[0][5][30]$b$4015 [4] $memory$auto$proc_rom.cc:155:do_switch$1032$rdmux[0][5][30]$b$4015 [1:0] }
      New connections: { $memory$auto$proc_rom.cc:155:do_switch$1032$rdmux[0][5][30]$b$4015 [9:5] $memory$auto$proc_rom.cc:155:do_switch$1032$rdmux[0][5][30]$b$4015 [3:2] } = { 5'00000 $memory$auto$proc_rom.cc:155:do_switch$1032$rdmux[0][5][30]$b$4015 [0] $memory$auto$proc_rom.cc:155:do_switch$1032$rdmux[0][5][30]$b$4015 [0] }
    Consolidated identical input bits for $mux cell $memory$auto$proc_rom.cc:155:do_switch$1032$rdmux[0][6][60]$4199:
      Old ports: A=$memory$auto$proc_rom.cc:155:do_switch$1032$rdmux[0][6][60]$a$4200, B=$memory$auto$proc_rom.cc:155:do_switch$1032$rdmux[0][6][60]$b$4201, Y=$memory$auto$proc_rom.cc:155:do_switch$1032$rdmux[0][5][30]$a$4014
      New ports: A={ $memory$auto$proc_rom.cc:155:do_switch$1032$rdmux[0][6][60]$a$4200 [3] $memory$auto$proc_rom.cc:155:do_switch$1032$rdmux[0][6][60]$a$4200 [1] $memory$auto$proc_rom.cc:155:do_switch$1032$rdmux[0][6][60]$a$4200 [1] 1'0 }, B={ 1'0 $memory$auto$proc_rom.cc:155:do_switch$1032$rdmux[0][6][60]$b$4201 [2:1] 1'1 }, Y=$memory$auto$proc_rom.cc:155:do_switch$1032$rdmux[0][5][30]$a$4014 [3:0]
      New connections: $memory$auto$proc_rom.cc:155:do_switch$1032$rdmux[0][5][30]$a$4014 [9:4] = 6'000001
    Consolidated identical input bits for $mux cell $memory$auto$proc_rom.cc:155:do_switch$1032$rdmux[0][6][59]$4196:
      Old ports: A=$memory$auto$proc_rom.cc:155:do_switch$1032$rdmux[0][6][59]$a$4197, B=$memory$auto$proc_rom.cc:155:do_switch$1032$rdmux[0][6][59]$b$4198, Y=$memory$auto$proc_rom.cc:155:do_switch$1032$rdmux[0][5][29]$b$4012
      New ports: A={ 1'1 $memory$auto$proc_rom.cc:155:do_switch$1032$rdmux[0][6][59]$a$4197 [1] 1'1 }, B={ 2'01 $memory$auto$proc_rom.cc:155:do_switch$1032$rdmux[0][6][59]$b$4198 [0] }, Y=$memory$auto$proc_rom.cc:155:do_switch$1032$rdmux[0][5][29]$b$4012 [2:0]
      New connections: $memory$auto$proc_rom.cc:155:do_switch$1032$rdmux[0][5][29]$b$4012 [9:3] = 7'0000011
    Consolidated identical input bits for $mux cell $memory$auto$proc_rom.cc:155:do_switch$1032$rdmux[0][6][58]$4193:
      Old ports: A=$memory$auto$proc_rom.cc:155:do_switch$1032$rdmux[0][6][58]$a$4194, B=$memory$auto$proc_rom.cc:155:do_switch$1032$rdmux[0][6][58]$b$4195, Y=$memory$auto$proc_rom.cc:155:do_switch$1032$rdmux[0][5][29]$a$4011
      New ports: A={ 2'10 $memory$auto$proc_rom.cc:155:do_switch$1032$rdmux[0][6][58]$a$4194 [0] }, B={ 1'0 $memory$auto$proc_rom.cc:155:do_switch$1032$rdmux[0][6][58]$b$4195 [1] 1'0 }, Y=$memory$auto$proc_rom.cc:155:do_switch$1032$rdmux[0][5][29]$a$4011 [2:0]
      New connections: $memory$auto$proc_rom.cc:155:do_switch$1032$rdmux[0][5][29]$a$4011 [9:3] = 7'0000100
    Consolidated identical input bits for $mux cell $memory$auto$proc_rom.cc:155:do_switch$1032$rdmux[0][6][57]$4190:
      Old ports: A=$memory$auto$proc_rom.cc:155:do_switch$1032$rdmux[0][6][57]$a$4191, B=$memory$auto$proc_rom.cc:155:do_switch$1032$rdmux[0][6][57]$b$4192, Y=$memory$auto$proc_rom.cc:155:do_switch$1032$rdmux[0][5][28]$b$4009
      New ports: A={ 1'1 $memory$auto$proc_rom.cc:155:do_switch$1032$rdmux[0][6][57]$a$4191 [2:1] 1'0 }, B={ $memory$auto$proc_rom.cc:155:do_switch$1032$rdmux[0][6][57]$b$4192 [3] $memory$auto$proc_rom.cc:155:do_switch$1032$rdmux[0][6][57]$b$4192 [1] $memory$auto$proc_rom.cc:155:do_switch$1032$rdmux[0][6][57]$b$4192 [1] 1'1 }, Y=$memory$auto$proc_rom.cc:155:do_switch$1032$rdmux[0][5][28]$b$4009 [3:0]
      New connections: $memory$auto$proc_rom.cc:155:do_switch$1032$rdmux[0][5][28]$b$4009 [9:4] = 6'000010
    Consolidated identical input bits for $mux cell $memory$auto$proc_rom.cc:155:do_switch$1032$rdmux[0][6][56]$4187:
      Old ports: A=$memory$auto$proc_rom.cc:155:do_switch$1032$rdmux[0][6][56]$a$4188, B=$memory$auto$proc_rom.cc:155:do_switch$1032$rdmux[0][6][56]$b$4189, Y=$memory$auto$proc_rom.cc:155:do_switch$1032$rdmux[0][5][28]$a$4008
      New ports: A={ 2'10 $memory$auto$proc_rom.cc:155:do_switch$1032$rdmux[0][6][56]$a$4188 [1] 1'1 }, B={ 3'011 $memory$auto$proc_rom.cc:155:do_switch$1032$rdmux[0][6][56]$b$4189 [0] }, Y={ $memory$auto$proc_rom.cc:155:do_switch$1032$rdmux[0][5][28]$a$4008 [4] $memory$auto$proc_rom.cc:155:do_switch$1032$rdmux[0][5][28]$a$4008 [2:0] }
      New connections: { $memory$auto$proc_rom.cc:155:do_switch$1032$rdmux[0][5][28]$a$4008 [9:5] $memory$auto$proc_rom.cc:155:do_switch$1032$rdmux[0][5][28]$a$4008 [3] } = { 5'00001 $memory$auto$proc_rom.cc:155:do_switch$1032$rdmux[0][5][28]$a$4008 [2] }
    Consolidated identical input bits for $mux cell $memory$auto$proc_rom.cc:155:do_switch$1032$rdmux[0][6][55]$4184:
      Old ports: A=$memory$auto$proc_rom.cc:155:do_switch$1032$rdmux[0][6][55]$a$4185, B=$memory$auto$proc_rom.cc:155:do_switch$1032$rdmux[0][6][55]$b$4186, Y=$memory$auto$proc_rom.cc:155:do_switch$1032$rdmux[0][5][27]$b$4006
      New ports: A={ 2'10 $memory$auto$proc_rom.cc:155:do_switch$1032$rdmux[0][6][55]$a$4185 [1] 1'0 }, B={ 2'01 $memory$auto$proc_rom.cc:155:do_switch$1032$rdmux[0][6][55]$b$4186 [1:0] }, Y=$memory$auto$proc_rom.cc:155:do_switch$1032$rdmux[0][5][27]$b$4006 [3:0]
      New connections: $memory$auto$proc_rom.cc:155:do_switch$1032$rdmux[0][5][27]$b$4006 [9:4] = 6'000011
    Consolidated identical input bits for $mux cell $memory$auto$proc_rom.cc:155:do_switch$1032$rdmux[0][6][54]$4181:
      Old ports: A=$memory$auto$proc_rom.cc:155:do_switch$1032$rdmux[0][6][54]$a$4182, B=$memory$auto$proc_rom.cc:155:do_switch$1032$rdmux[0][6][54]$b$4183, Y=$memory$auto$proc_rom.cc:155:do_switch$1032$rdmux[0][5][27]$a$4005
      New ports: A={ $memory$auto$proc_rom.cc:155:do_switch$1032$rdmux[0][6][54]$a$4182 [6] $memory$auto$proc_rom.cc:155:do_switch$1032$rdmux[0][6][54]$a$4182 [1] $memory$auto$proc_rom.cc:155:do_switch$1032$rdmux[0][6][54]$a$4182 [1] 1'1 }, B={ 3'010 $memory$auto$proc_rom.cc:155:do_switch$1032$rdmux[0][6][54]$b$4183 [0] }, Y={ $memory$auto$proc_rom.cc:155:do_switch$1032$rdmux[0][5][27]$a$4005 [6] $memory$auto$proc_rom.cc:155:do_switch$1032$rdmux[0][5][27]$a$4005 [2:0] }
      New connections: { $memory$auto$proc_rom.cc:155:do_switch$1032$rdmux[0][5][27]$a$4005 [9:7] $memory$auto$proc_rom.cc:155:do_switch$1032$rdmux[0][5][27]$a$4005 [5:3] } = { 3'000 $memory$auto$proc_rom.cc:155:do_switch$1032$rdmux[0][5][27]$a$4005 [2] $memory$auto$proc_rom.cc:155:do_switch$1032$rdmux[0][5][27]$a$4005 [2] $memory$auto$proc_rom.cc:155:do_switch$1032$rdmux[0][5][27]$a$4005 [2] }
    Consolidated identical input bits for $mux cell $memory$auto$proc_rom.cc:155:do_switch$1032$rdmux[0][6][53]$4178:
      Old ports: A=$memory$auto$proc_rom.cc:155:do_switch$1032$rdmux[0][6][53]$a$4179, B=$memory$auto$proc_rom.cc:155:do_switch$1032$rdmux[0][6][53]$b$4180, Y=$memory$auto$proc_rom.cc:155:do_switch$1032$rdmux[0][5][26]$b$4003
      New ports: A={ $memory$auto$proc_rom.cc:155:do_switch$1032$rdmux[0][6][53]$a$4179 [3] $memory$auto$proc_rom.cc:155:do_switch$1032$rdmux[0][6][53]$a$4179 [1] $memory$auto$proc_rom.cc:155:do_switch$1032$rdmux[0][6][53]$a$4179 [1] 1'0 }, B={ 1'0 $memory$auto$proc_rom.cc:155:do_switch$1032$rdmux[0][6][53]$b$4180 [2:1] 1'1 }, Y=$memory$auto$proc_rom.cc:155:do_switch$1032$rdmux[0][5][26]$b$4003 [3:0]
      New connections: $memory$auto$proc_rom.cc:155:do_switch$1032$rdmux[0][5][26]$b$4003 [9:4] = 6'000100
    Consolidated identical input bits for $mux cell $memory$auto$proc_rom.cc:155:do_switch$1032$rdmux[0][6][52]$4175:
      Old ports: A=$memory$auto$proc_rom.cc:155:do_switch$1032$rdmux[0][6][52]$a$4176, B=$memory$auto$proc_rom.cc:155:do_switch$1032$rdmux[0][6][52]$b$4177, Y=$memory$auto$proc_rom.cc:155:do_switch$1032$rdmux[0][5][26]$a$4002
      New ports: A={ $memory$auto$proc_rom.cc:155:do_switch$1032$rdmux[0][6][52]$a$4176 [4] $memory$auto$proc_rom.cc:155:do_switch$1032$rdmux[0][6][52]$a$4176 [1] $memory$auto$proc_rom.cc:155:do_switch$1032$rdmux[0][6][52]$a$4176 [1] $memory$auto$proc_rom.cc:155:do_switch$1032$rdmux[0][6][52]$a$4176 [1] }, B={ 2'01 $memory$auto$proc_rom.cc:155:do_switch$1032$rdmux[0][6][52]$b$4177 [2:1] }, Y=$memory$auto$proc_rom.cc:155:do_switch$1032$rdmux[0][5][26]$a$4002 [4:1]
      New connections: { $memory$auto$proc_rom.cc:155:do_switch$1032$rdmux[0][5][26]$a$4002 [9:5] $memory$auto$proc_rom.cc:155:do_switch$1032$rdmux[0][5][26]$a$4002 [0] } = 6'000100
    Consolidated identical input bits for $mux cell $memory$auto$proc_rom.cc:155:do_switch$1032$rdmux[0][6][51]$4172:
      Old ports: A=$memory$auto$proc_rom.cc:155:do_switch$1032$rdmux[0][6][51]$a$4173, B=$memory$auto$proc_rom.cc:155:do_switch$1032$rdmux[0][6][51]$b$4174, Y=$memory$auto$proc_rom.cc:155:do_switch$1032$rdmux[0][5][25]$b$4000
      New ports: A={ 1'1 $memory$auto$proc_rom.cc:155:do_switch$1032$rdmux[0][6][51]$a$4173 [1] 1'1 }, B={ 2'01 $memory$auto$proc_rom.cc:155:do_switch$1032$rdmux[0][6][51]$b$4174 [0] }, Y=$memory$auto$proc_rom.cc:155:do_switch$1032$rdmux[0][5][25]$b$4000 [2:0]
      New connections: $memory$auto$proc_rom.cc:155:do_switch$1032$rdmux[0][5][25]$b$4000 [9:3] = 7'0001010
    Consolidated identical input bits for $mux cell $memory$auto$proc_rom.cc:155:do_switch$1032$rdmux[0][6][50]$4169:
      Old ports: A=$memory$auto$proc_rom.cc:155:do_switch$1032$rdmux[0][6][50]$a$4170, B=$memory$auto$proc_rom.cc:155:do_switch$1032$rdmux[0][6][50]$b$4171, Y=$memory$auto$proc_rom.cc:155:do_switch$1032$rdmux[0][5][25]$a$3999
      New ports: A={ 1'1 $memory$auto$proc_rom.cc:155:do_switch$1032$rdmux[0][6][50]$a$4170 [1] }, B={ 1'0 $memory$auto$proc_rom.cc:155:do_switch$1032$rdmux[0][6][50]$b$4171 [1] }, Y=$memory$auto$proc_rom.cc:155:do_switch$1032$rdmux[0][5][25]$a$3999 [2:1]
      New connections: { $memory$auto$proc_rom.cc:155:do_switch$1032$rdmux[0][5][25]$a$3999 [9:3] $memory$auto$proc_rom.cc:155:do_switch$1032$rdmux[0][5][25]$a$3999 [0] } = 8'00010111
    Consolidated identical input bits for $mux cell $memory$auto$proc_rom.cc:155:do_switch$1032$rdmux[0][6][49]$4166:
      Old ports: A=$memory$auto$proc_rom.cc:155:do_switch$1032$rdmux[0][6][49]$a$4167, B=$memory$auto$proc_rom.cc:155:do_switch$1032$rdmux[0][6][49]$b$4168, Y=$memory$auto$proc_rom.cc:155:do_switch$1032$rdmux[0][5][24]$b$3997
      New ports: A={ 1'1 $memory$auto$proc_rom.cc:155:do_switch$1032$rdmux[0][6][49]$a$4167 [1] }, B={ 1'0 $memory$auto$proc_rom.cc:155:do_switch$1032$rdmux[0][6][49]$b$4168 [1] }, Y=$memory$auto$proc_rom.cc:155:do_switch$1032$rdmux[0][5][24]$b$3997 [2:1]
      New connections: { $memory$auto$proc_rom.cc:155:do_switch$1032$rdmux[0][5][24]$b$3997 [9:3] $memory$auto$proc_rom.cc:155:do_switch$1032$rdmux[0][5][24]$b$3997 [0] } = 8'00011001
    Consolidated identical input bits for $mux cell $memory$auto$proc_rom.cc:155:do_switch$1032$rdmux[0][6][48]$4163:
      Old ports: A=$memory$auto$proc_rom.cc:155:do_switch$1032$rdmux[0][6][48]$a$4164, B=$memory$auto$proc_rom.cc:155:do_switch$1032$rdmux[0][6][48]$b$4165, Y=$memory$auto$proc_rom.cc:155:do_switch$1032$rdmux[0][5][24]$a$3996
      New ports: A={ 1'1 $memory$auto$proc_rom.cc:155:do_switch$1032$rdmux[0][6][48]$a$4164 [1] }, B={ 1'0 $memory$auto$proc_rom.cc:155:do_switch$1032$rdmux[0][6][48]$b$4165 [1] }, Y=$memory$auto$proc_rom.cc:155:do_switch$1032$rdmux[0][5][24]$a$3996 [2:1]
      New connections: { $memory$auto$proc_rom.cc:155:do_switch$1032$rdmux[0][5][24]$a$3996 [9:3] $memory$auto$proc_rom.cc:155:do_switch$1032$rdmux[0][5][24]$a$3996 [0] } = 8'00011011
    Consolidated identical input bits for $mux cell $memory$auto$proc_rom.cc:155:do_switch$1032$rdmux[0][6][47]$4160:
      Old ports: A=$memory$auto$proc_rom.cc:155:do_switch$1032$rdmux[0][6][47]$a$4161, B=$memory$auto$proc_rom.cc:155:do_switch$1032$rdmux[0][6][47]$b$4162, Y=$memory$auto$proc_rom.cc:155:do_switch$1032$rdmux[0][5][23]$b$3994
      New ports: A={ 1'1 $memory$auto$proc_rom.cc:155:do_switch$1032$rdmux[0][6][47]$a$4161 [1] }, B={ 1'0 $memory$auto$proc_rom.cc:155:do_switch$1032$rdmux[0][6][47]$b$4162 [1] }, Y=$memory$auto$proc_rom.cc:155:do_switch$1032$rdmux[0][5][23]$b$3994 [2:1]
      New connections: { $memory$auto$proc_rom.cc:155:do_switch$1032$rdmux[0][5][23]$b$3994 [9:3] $memory$auto$proc_rom.cc:155:do_switch$1032$rdmux[0][5][23]$b$3994 [0] } = 8'00011101
    Consolidated identical input bits for $mux cell $memory$auto$proc_rom.cc:155:do_switch$1032$rdmux[0][6][46]$4157:
      Old ports: A=$memory$auto$proc_rom.cc:155:do_switch$1032$rdmux[0][6][46]$a$4158, B=$memory$auto$proc_rom.cc:155:do_switch$1032$rdmux[0][6][46]$b$4159, Y=$memory$auto$proc_rom.cc:155:do_switch$1032$rdmux[0][5][23]$a$3993
      New ports: A={ $memory$auto$proc_rom.cc:155:do_switch$1032$rdmux[0][6][46]$a$4158 [7] $memory$auto$proc_rom.cc:155:do_switch$1032$rdmux[0][6][46]$a$4158 [1] $memory$auto$proc_rom.cc:155:do_switch$1032$rdmux[0][6][46]$a$4158 [1] $memory$auto$proc_rom.cc:155:do_switch$1032$rdmux[0][6][46]$a$4158 [1] 1'0 }, B={ 3'010 $memory$auto$proc_rom.cc:155:do_switch$1032$rdmux[0][6][46]$b$4159 [1] 1'1 }, Y={ $memory$auto$proc_rom.cc:155:do_switch$1032$rdmux[0][5][23]$a$3993 [7] $memory$auto$proc_rom.cc:155:do_switch$1032$rdmux[0][5][23]$a$3993 [3:0] }
      New connections: { $memory$auto$proc_rom.cc:155:do_switch$1032$rdmux[0][5][23]$a$3993 [9:8] $memory$auto$proc_rom.cc:155:do_switch$1032$rdmux[0][5][23]$a$3993 [6:4] } = { 2'00 $memory$auto$proc_rom.cc:155:do_switch$1032$rdmux[0][5][23]$a$3993 [3] $memory$auto$proc_rom.cc:155:do_switch$1032$rdmux[0][5][23]$a$3993 [3] $memory$auto$proc_rom.cc:155:do_switch$1032$rdmux[0][5][23]$a$3993 [3] }
    Consolidated identical input bits for $mux cell $memory$auto$proc_rom.cc:155:do_switch$1032$rdmux[0][6][45]$4154:
      Old ports: A=$memory$auto$proc_rom.cc:155:do_switch$1032$rdmux[0][6][45]$a$4155, B=$memory$auto$proc_rom.cc:155:do_switch$1032$rdmux[0][6][45]$b$4156, Y=$memory$auto$proc_rom.cc:155:do_switch$1032$rdmux[0][5][22]$b$3991
      New ports: A={ $memory$auto$proc_rom.cc:155:do_switch$1032$rdmux[0][6][45]$a$4155 [3] $memory$auto$proc_rom.cc:155:do_switch$1032$rdmux[0][6][45]$a$4155 [1] $memory$auto$proc_rom.cc:155:do_switch$1032$rdmux[0][6][45]$a$4155 [1] }, B={ 1'0 $memory$auto$proc_rom.cc:155:do_switch$1032$rdmux[0][6][45]$b$4156 [2:1] }, Y=$memory$auto$proc_rom.cc:155:do_switch$1032$rdmux[0][5][22]$b$3991 [3:1]
      New connections: { $memory$auto$proc_rom.cc:155:do_switch$1032$rdmux[0][5][22]$b$3991 [9:4] $memory$auto$proc_rom.cc:155:do_switch$1032$rdmux[0][5][22]$b$3991 [0] } = 7'0010000
    Consolidated identical input bits for $mux cell $memory$auto$proc_rom.cc:155:do_switch$1032$rdmux[0][6][44]$4151:
      Old ports: A=$memory$auto$proc_rom.cc:155:do_switch$1032$rdmux[0][6][44]$a$4152, B=$memory$auto$proc_rom.cc:155:do_switch$1032$rdmux[0][6][44]$b$4153, Y=$memory$auto$proc_rom.cc:155:do_switch$1032$rdmux[0][5][22]$a$3990
      New ports: A={ $memory$auto$proc_rom.cc:155:do_switch$1032$rdmux[0][6][44]$a$4152 [4] $memory$auto$proc_rom.cc:155:do_switch$1032$rdmux[0][6][44]$a$4152 [1] $memory$auto$proc_rom.cc:155:do_switch$1032$rdmux[0][6][44]$a$4152 [1] $memory$auto$proc_rom.cc:155:do_switch$1032$rdmux[0][6][44]$a$4152 [1] }, B={ 2'01 $memory$auto$proc_rom.cc:155:do_switch$1032$rdmux[0][6][44]$b$4153 [2:1] }, Y=$memory$auto$proc_rom.cc:155:do_switch$1032$rdmux[0][5][22]$a$3990 [4:1]
      New connections: { $memory$auto$proc_rom.cc:155:do_switch$1032$rdmux[0][5][22]$a$3990 [9:5] $memory$auto$proc_rom.cc:155:do_switch$1032$rdmux[0][5][22]$a$3990 [0] } = 6'001001
    Consolidated identical input bits for $mux cell $memory$auto$proc_rom.cc:155:do_switch$1032$rdmux[0][6][43]$4148:
      Old ports: A=$memory$auto$proc_rom.cc:155:do_switch$1032$rdmux[0][6][43]$a$4149, B=$memory$auto$proc_rom.cc:155:do_switch$1032$rdmux[0][6][43]$b$4150, Y=$memory$auto$proc_rom.cc:155:do_switch$1032$rdmux[0][5][21]$b$3988
      New ports: A={ 2'10 $memory$auto$proc_rom.cc:155:do_switch$1032$rdmux[0][6][43]$a$4149 [1] 1'0 }, B={ 1'0 $memory$auto$proc_rom.cc:155:do_switch$1032$rdmux[0][6][43]$b$4150 [2] 1'1 $memory$auto$proc_rom.cc:155:do_switch$1032$rdmux[0][6][43]$b$4150 [0] }, Y=$memory$auto$proc_rom.cc:155:do_switch$1032$rdmux[0][5][21]$b$3988 [3:0]
      New connections: $memory$auto$proc_rom.cc:155:do_switch$1032$rdmux[0][5][21]$b$3988 [9:4] = 6'001001
    Consolidated identical input bits for $mux cell $memory$auto$proc_rom.cc:155:do_switch$1032$rdmux[0][6][42]$4145:
      Old ports: A=$memory$auto$proc_rom.cc:155:do_switch$1032$rdmux[0][6][42]$a$4146, B=$memory$auto$proc_rom.cc:155:do_switch$1032$rdmux[0][6][42]$b$4147, Y=$memory$auto$proc_rom.cc:155:do_switch$1032$rdmux[0][5][21]$a$3987
      New ports: A={ 2'10 $memory$auto$proc_rom.cc:155:do_switch$1032$rdmux[0][6][42]$a$4146 [1] 1'1 }, B={ 2'01 $memory$auto$proc_rom.cc:155:do_switch$1032$rdmux[0][6][42]$b$4147 [0] $memory$auto$proc_rom.cc:155:do_switch$1032$rdmux[0][6][42]$b$4147 [0] }, Y={ $memory$auto$proc_rom.cc:155:do_switch$1032$rdmux[0][5][21]$a$3987 [5] $memory$auto$proc_rom.cc:155:do_switch$1032$rdmux[0][5][21]$a$3987 [2:0] }
      New connections: { $memory$auto$proc_rom.cc:155:do_switch$1032$rdmux[0][5][21]$a$3987 [9:6] $memory$auto$proc_rom.cc:155:do_switch$1032$rdmux[0][5][21]$a$3987 [4:3] } = { 4'0010 $memory$auto$proc_rom.cc:155:do_switch$1032$rdmux[0][5][21]$a$3987 [2] $memory$auto$proc_rom.cc:155:do_switch$1032$rdmux[0][5][21]$a$3987 [2] }
    Consolidated identical input bits for $mux cell $memory$auto$proc_rom.cc:155:do_switch$1032$rdmux[0][6][41]$4142:
      Old ports: A=$memory$auto$proc_rom.cc:155:do_switch$1032$rdmux[0][6][41]$a$4143, B=$memory$auto$proc_rom.cc:155:do_switch$1032$rdmux[0][6][41]$b$4144, Y=$memory$auto$proc_rom.cc:155:do_switch$1032$rdmux[0][5][20]$b$3985
      New ports: A={ 1'1 $memory$auto$proc_rom.cc:155:do_switch$1032$rdmux[0][6][41]$a$4143 [2:1] 1'1 }, B={ $memory$auto$proc_rom.cc:155:do_switch$1032$rdmux[0][6][41]$b$4144 [3] $memory$auto$proc_rom.cc:155:do_switch$1032$rdmux[0][6][41]$b$4144 [1] $memory$auto$proc_rom.cc:155:do_switch$1032$rdmux[0][6][41]$b$4144 [1] 1'0 }, Y=$memory$auto$proc_rom.cc:155:do_switch$1032$rdmux[0][5][20]$b$3985 [3:0]
      New connections: $memory$auto$proc_rom.cc:155:do_switch$1032$rdmux[0][5][20]$b$3985 [9:4] = 6'001010
    Consolidated identical input bits for $mux cell $memory$auto$proc_rom.cc:155:do_switch$1032$rdmux[0][6][40]$4139:
      Old ports: A=$memory$auto$proc_rom.cc:155:do_switch$1032$rdmux[0][6][40]$a$4140, B=$memory$auto$proc_rom.cc:155:do_switch$1032$rdmux[0][6][40]$b$4141, Y=$memory$auto$proc_rom.cc:155:do_switch$1032$rdmux[0][5][20]$a$3984
      New ports: A={ 3'101 $memory$auto$proc_rom.cc:155:do_switch$1032$rdmux[0][6][40]$a$4140 [0] $memory$auto$proc_rom.cc:155:do_switch$1032$rdmux[0][6][40]$a$4140 [0] }, B={ $memory$auto$proc_rom.cc:155:do_switch$1032$rdmux[0][6][40]$b$4141 [4] $memory$auto$proc_rom.cc:155:do_switch$1032$rdmux[0][6][40]$b$4141 [0] $memory$auto$proc_rom.cc:155:do_switch$1032$rdmux[0][6][40]$b$4141 [0] 1'1 $memory$auto$proc_rom.cc:155:do_switch$1032$rdmux[0][6][40]$b$4141 [0] }, Y=$memory$auto$proc_rom.cc:155:do_switch$1032$rdmux[0][5][20]$a$3984 [4:0]
      New connections: $memory$auto$proc_rom.cc:155:do_switch$1032$rdmux[0][5][20]$a$3984 [9:5] = 5'00101
    Consolidated identical input bits for $mux cell $memory$auto$proc_rom.cc:155:do_switch$1032$rdmux[0][6][39]$4136:
      Old ports: A=$memory$auto$proc_rom.cc:155:do_switch$1032$rdmux[0][6][39]$a$4137, B=$memory$auto$proc_rom.cc:155:do_switch$1032$rdmux[0][6][39]$b$4138, Y=$memory$auto$proc_rom.cc:155:do_switch$1032$rdmux[0][5][19]$b$3982
      New ports: A={ $memory$auto$proc_rom.cc:155:do_switch$1032$rdmux[0][6][39]$a$4137 [0] $memory$auto$proc_rom.cc:155:do_switch$1032$rdmux[0][6][39]$a$4137 [1] $memory$auto$proc_rom.cc:155:do_switch$1032$rdmux[0][6][39]$a$4137 [1] $memory$auto$proc_rom.cc:155:do_switch$1032$rdmux[0][6][39]$a$4137 [1:0] }, B={ 2'01 $memory$auto$proc_rom.cc:155:do_switch$1032$rdmux[0][6][39]$b$4138 [2] 1'0 $memory$auto$proc_rom.cc:155:do_switch$1032$rdmux[0][6][39]$b$4138 [0] }, Y={ $memory$auto$proc_rom.cc:155:do_switch$1032$rdmux[0][5][19]$b$3982 [6] $memory$auto$proc_rom.cc:155:do_switch$1032$rdmux[0][5][19]$b$3982 [3:0] }
      New connections: { $memory$auto$proc_rom.cc:155:do_switch$1032$rdmux[0][5][19]$b$3982 [9:7] $memory$auto$proc_rom.cc:155:do_switch$1032$rdmux[0][5][19]$b$3982 [5:4] } = { 3'001 $memory$auto$proc_rom.cc:155:do_switch$1032$rdmux[0][5][19]$b$3982 [3] $memory$auto$proc_rom.cc:155:do_switch$1032$rdmux[0][5][19]$b$3982 [3] }
    Consolidated identical input bits for $mux cell $memory$auto$proc_rom.cc:155:do_switch$1032$rdmux[0][6][38]$4133:
      Old ports: A=$memory$auto$proc_rom.cc:155:do_switch$1032$rdmux[0][6][38]$a$4134, B=$memory$auto$proc_rom.cc:155:do_switch$1032$rdmux[0][6][38]$b$4135, Y=$memory$auto$proc_rom.cc:155:do_switch$1032$rdmux[0][5][19]$a$3981
      New ports: A={ 2'10 $memory$auto$proc_rom.cc:155:do_switch$1032$rdmux[0][6][38]$a$4134 [0] $memory$auto$proc_rom.cc:155:do_switch$1032$rdmux[0][6][38]$a$4134 [0] }, B={ 1'0 $memory$auto$proc_rom.cc:155:do_switch$1032$rdmux[0][6][38]$b$4135 [2] 1'1 $memory$auto$proc_rom.cc:155:do_switch$1032$rdmux[0][6][38]$b$4135 [0] }, Y=$memory$auto$proc_rom.cc:155:do_switch$1032$rdmux[0][5][19]$a$3981 [3:0]
      New connections: $memory$auto$proc_rom.cc:155:do_switch$1032$rdmux[0][5][19]$a$3981 [9:4] = 6'001100
    Consolidated identical input bits for $mux cell $memory$auto$proc_rom.cc:155:do_switch$1032$rdmux[0][6][37]$4130:
      Old ports: A=$memory$auto$proc_rom.cc:155:do_switch$1032$rdmux[0][6][37]$a$4131, B=$memory$auto$proc_rom.cc:155:do_switch$1032$rdmux[0][6][37]$b$4132, Y=$memory$auto$proc_rom.cc:155:do_switch$1032$rdmux[0][5][18]$b$3979
      New ports: A={ 2'10 $memory$auto$proc_rom.cc:155:do_switch$1032$rdmux[0][6][37]$a$4131 [2:1] 1'1 }, B={ $memory$auto$proc_rom.cc:155:do_switch$1032$rdmux[0][6][37]$b$4132 [4] $memory$auto$proc_rom.cc:155:do_switch$1032$rdmux[0][6][37]$b$4132 [0] $memory$auto$proc_rom.cc:155:do_switch$1032$rdmux[0][6][37]$b$4132 [0] 1'0 $memory$auto$proc_rom.cc:155:do_switch$1032$rdmux[0][6][37]$b$4132 [0] }, Y=$memory$auto$proc_rom.cc:155:do_switch$1032$rdmux[0][5][18]$b$3979 [4:0]
      New connections: $memory$auto$proc_rom.cc:155:do_switch$1032$rdmux[0][5][18]$b$3979 [9:5] = 5'00110
    Consolidated identical input bits for $mux cell $memory$auto$proc_rom.cc:155:do_switch$1032$rdmux[0][6][36]$4127:
      Old ports: A=$memory$auto$proc_rom.cc:155:do_switch$1032$rdmux[0][6][36]$a$4128, B=$memory$auto$proc_rom.cc:155:do_switch$1032$rdmux[0][6][36]$b$4129, Y=$memory$auto$proc_rom.cc:155:do_switch$1032$rdmux[0][5][18]$a$3978
      New ports: A={ $memory$auto$proc_rom.cc:155:do_switch$1032$rdmux[0][6][36]$a$4128 [5] $memory$auto$proc_rom.cc:155:do_switch$1032$rdmux[0][6][36]$a$4128 [0] $memory$auto$proc_rom.cc:155:do_switch$1032$rdmux[0][6][36]$a$4128 [0] 1'0 $memory$auto$proc_rom.cc:155:do_switch$1032$rdmux[0][6][36]$a$4128 [0] }, B={ 3'010 $memory$auto$proc_rom.cc:155:do_switch$1032$rdmux[0][6][36]$b$4129 [0] $memory$auto$proc_rom.cc:155:do_switch$1032$rdmux[0][6][36]$b$4129 [0] }, Y={ $memory$auto$proc_rom.cc:155:do_switch$1032$rdmux[0][5][18]$a$3978 [5] $memory$auto$proc_rom.cc:155:do_switch$1032$rdmux[0][5][18]$a$3978 [3:0] }
      New connections: { $memory$auto$proc_rom.cc:155:do_switch$1032$rdmux[0][5][18]$a$3978 [9:6] $memory$auto$proc_rom.cc:155:do_switch$1032$rdmux[0][5][18]$a$3978 [4] } = { 4'0011 $memory$auto$proc_rom.cc:155:do_switch$1032$rdmux[0][5][18]$a$3978 [3] }
    Consolidated identical input bits for $mux cell $memory$auto$proc_rom.cc:155:do_switch$1032$rdmux[0][6][35]$4124:
      Old ports: A=$memory$auto$proc_rom.cc:155:do_switch$1032$rdmux[0][6][35]$a$4125, B=$memory$auto$proc_rom.cc:155:do_switch$1032$rdmux[0][6][35]$b$4126, Y=$memory$auto$proc_rom.cc:155:do_switch$1032$rdmux[0][5][17]$b$3976
      New ports: A={ 2'10 $memory$auto$proc_rom.cc:155:do_switch$1032$rdmux[0][6][35]$a$4125 [0] $memory$auto$proc_rom.cc:155:do_switch$1032$rdmux[0][6][35]$a$4125 [0] }, B={ 1'0 $memory$auto$proc_rom.cc:155:do_switch$1032$rdmux[0][6][35]$b$4126 [2:1] 1'1 }, Y=$memory$auto$proc_rom.cc:155:do_switch$1032$rdmux[0][5][17]$b$3976 [3:0]
      New connections: $memory$auto$proc_rom.cc:155:do_switch$1032$rdmux[0][5][17]$b$3976 [9:4] = 6'001110
    Consolidated identical input bits for $mux cell $memory$auto$proc_rom.cc:155:do_switch$1032$rdmux[0][6][34]$4121:
      Old ports: A=$memory$auto$proc_rom.cc:155:do_switch$1032$rdmux[0][6][34]$a$4122, B=$memory$auto$proc_rom.cc:155:do_switch$1032$rdmux[0][6][34]$b$4123, Y=$memory$auto$proc_rom.cc:155:do_switch$1032$rdmux[0][5][17]$a$3975
      New ports: A={ 2'10 $memory$auto$proc_rom.cc:155:do_switch$1032$rdmux[0][6][34]$a$4122 [2] 1'1 $memory$auto$proc_rom.cc:155:do_switch$1032$rdmux[0][6][34]$a$4122 [0] }, B={ $memory$auto$proc_rom.cc:155:do_switch$1032$rdmux[0][6][34]$b$4123 [0] $memory$auto$proc_rom.cc:155:do_switch$1032$rdmux[0][6][34]$b$4123 [1] $memory$auto$proc_rom.cc:155:do_switch$1032$rdmux[0][6][34]$b$4123 [1] $memory$auto$proc_rom.cc:155:do_switch$1032$rdmux[0][6][34]$b$4123 [1:0] }, Y=$memory$auto$proc_rom.cc:155:do_switch$1032$rdmux[0][5][17]$a$3975 [4:0]
      New connections: $memory$auto$proc_rom.cc:155:do_switch$1032$rdmux[0][5][17]$a$3975 [9:5] = 5'00111
    Consolidated identical input bits for $mux cell $memory$auto$proc_rom.cc:155:do_switch$1032$rdmux[0][6][33]$4118:
      Old ports: A=$memory$auto$proc_rom.cc:155:do_switch$1032$rdmux[0][6][33]$a$4119, B=$memory$auto$proc_rom.cc:155:do_switch$1032$rdmux[0][6][33]$b$4120, Y=$memory$auto$proc_rom.cc:155:do_switch$1032$rdmux[0][5][16]$b$3973
      New ports: A={ $memory$auto$proc_rom.cc:155:do_switch$1032$rdmux[0][6][33]$a$4119 [8] $memory$auto$proc_rom.cc:155:do_switch$1032$rdmux[0][6][33]$a$4119 [0] $memory$auto$proc_rom.cc:155:do_switch$1032$rdmux[0][6][33]$a$4119 [0] 1'1 $memory$auto$proc_rom.cc:155:do_switch$1032$rdmux[0][6][33]$a$4119 [0] }, B={ 2'01 $memory$auto$proc_rom.cc:155:do_switch$1032$rdmux[0][6][33]$b$4120 [2] 1'0 $memory$auto$proc_rom.cc:155:do_switch$1032$rdmux[0][6][33]$b$4120 [0] }, Y={ $memory$auto$proc_rom.cc:155:do_switch$1032$rdmux[0][5][16]$b$3973 [8] $memory$auto$proc_rom.cc:155:do_switch$1032$rdmux[0][5][16]$b$3973 [3:0] }
      New connections: { $memory$auto$proc_rom.cc:155:do_switch$1032$rdmux[0][5][16]$b$3973 [9] $memory$auto$proc_rom.cc:155:do_switch$1032$rdmux[0][5][16]$b$3973 [7:4] } = { 1'0 $memory$auto$proc_rom.cc:155:do_switch$1032$rdmux[0][5][16]$b$3973 [3] $memory$auto$proc_rom.cc:155:do_switch$1032$rdmux[0][5][16]$b$3973 [3] $memory$auto$proc_rom.cc:155:do_switch$1032$rdmux[0][5][16]$b$3973 [3] $memory$auto$proc_rom.cc:155:do_switch$1032$rdmux[0][5][16]$b$3973 [3] }
    Consolidated identical input bits for $mux cell $memory$auto$proc_rom.cc:155:do_switch$1032$rdmux[0][6][32]$4115:
      Old ports: A=$memory$auto$proc_rom.cc:155:do_switch$1032$rdmux[0][6][32]$a$4116, B=$memory$auto$proc_rom.cc:155:do_switch$1032$rdmux[0][6][32]$b$4117, Y=$memory$auto$proc_rom.cc:155:do_switch$1032$rdmux[0][5][16]$a$3972
      New ports: A={ 1'1 $memory$auto$proc_rom.cc:155:do_switch$1032$rdmux[0][6][32]$a$4116 [2] 1'1 $memory$auto$proc_rom.cc:155:do_switch$1032$rdmux[0][6][32]$a$4116 [0] }, B={ $memory$auto$proc_rom.cc:155:do_switch$1032$rdmux[0][6][32]$b$4117 [3] $memory$auto$proc_rom.cc:155:do_switch$1032$rdmux[0][6][32]$b$4117 [0] 1'0 $memory$auto$proc_rom.cc:155:do_switch$1032$rdmux[0][6][32]$b$4117 [0] }, Y=$memory$auto$proc_rom.cc:155:do_switch$1032$rdmux[0][5][16]$a$3972 [3:0]
      New connections: $memory$auto$proc_rom.cc:155:do_switch$1032$rdmux[0][5][16]$a$3972 [9:4] = 6'010000
    Consolidated identical input bits for $mux cell $memory$auto$proc_rom.cc:155:do_switch$1032$rdmux[0][6][31]$4112:
      Old ports: A=$memory$auto$proc_rom.cc:155:do_switch$1032$rdmux[0][6][31]$a$4113, B=$memory$auto$proc_rom.cc:155:do_switch$1032$rdmux[0][6][31]$b$4114, Y=$memory$auto$proc_rom.cc:155:do_switch$1032$rdmux[0][5][15]$b$3970
      New ports: A={ $memory$auto$proc_rom.cc:155:do_switch$1032$rdmux[0][6][31]$a$4113 [3] $memory$auto$proc_rom.cc:155:do_switch$1032$rdmux[0][6][31]$a$4113 [0] 1'1 $memory$auto$proc_rom.cc:155:do_switch$1032$rdmux[0][6][31]$a$4113 [0] }, B={ 1'0 $memory$auto$proc_rom.cc:155:do_switch$1032$rdmux[0][6][31]$b$4114 [2] 1'0 $memory$auto$proc_rom.cc:155:do_switch$1032$rdmux[0][6][31]$b$4114 [0] }, Y=$memory$auto$proc_rom.cc:155:do_switch$1032$rdmux[0][5][15]$b$3970 [3:0]
      New connections: $memory$auto$proc_rom.cc:155:do_switch$1032$rdmux[0][5][15]$b$3970 [9:4] = 6'010001
    Consolidated identical input bits for $mux cell $memory$auto$proc_rom.cc:155:do_switch$1032$rdmux[0][6][30]$4109:
      Old ports: A=$memory$auto$proc_rom.cc:155:do_switch$1032$rdmux[0][6][30]$a$4110, B=$memory$auto$proc_rom.cc:155:do_switch$1032$rdmux[0][6][30]$b$4111, Y=$memory$auto$proc_rom.cc:155:do_switch$1032$rdmux[0][5][15]$a$3969
      New ports: A={ 2'10 $memory$auto$proc_rom.cc:155:do_switch$1032$rdmux[0][6][30]$a$4110 [2] 2'11 }, B={ $memory$auto$proc_rom.cc:155:do_switch$1032$rdmux[0][6][30]$b$4111 [5] $memory$auto$proc_rom.cc:155:do_switch$1032$rdmux[0][6][30]$b$4111 [0] $memory$auto$proc_rom.cc:155:do_switch$1032$rdmux[0][6][30]$b$4111 [0] 1'0 $memory$auto$proc_rom.cc:155:do_switch$1032$rdmux[0][6][30]$b$4111 [0] }, Y={ $memory$auto$proc_rom.cc:155:do_switch$1032$rdmux[0][5][15]$a$3969 [5] $memory$auto$proc_rom.cc:155:do_switch$1032$rdmux[0][5][15]$a$3969 [3:0] }
      New connections: { $memory$auto$proc_rom.cc:155:do_switch$1032$rdmux[0][5][15]$a$3969 [9:6] $memory$auto$proc_rom.cc:155:do_switch$1032$rdmux[0][5][15]$a$3969 [4] } = { 4'0100 $memory$auto$proc_rom.cc:155:do_switch$1032$rdmux[0][5][15]$a$3969 [3] }
    Consolidated identical input bits for $mux cell $memory$auto$proc_rom.cc:155:do_switch$1032$rdmux[0][6][29]$4106:
      Old ports: A=$memory$auto$proc_rom.cc:155:do_switch$1032$rdmux[0][6][29]$a$4107, B=$memory$auto$proc_rom.cc:155:do_switch$1032$rdmux[0][6][29]$b$4108, Y=$memory$auto$proc_rom.cc:155:do_switch$1032$rdmux[0][5][14]$b$3967
      New ports: A={ 2'10 $memory$auto$proc_rom.cc:155:do_switch$1032$rdmux[0][6][29]$a$4107 [2] 2'00 }, B={ 2'01 $memory$auto$proc_rom.cc:155:do_switch$1032$rdmux[0][6][29]$b$4108 [0] $memory$auto$proc_rom.cc:155:do_switch$1032$rdmux[0][6][29]$b$4108 [1:0] }, Y=$memory$auto$proc_rom.cc:155:do_switch$1032$rdmux[0][5][14]$b$3967 [4:0]
      New connections: $memory$auto$proc_rom.cc:155:do_switch$1032$rdmux[0][5][14]$b$3967 [9:5] = 5'01001
    Consolidated identical input bits for $mux cell $memory$auto$proc_rom.cc:155:do_switch$1032$rdmux[0][6][28]$4103:
      Old ports: A=$memory$auto$proc_rom.cc:155:do_switch$1032$rdmux[0][6][28]$a$4104, B=$memory$auto$proc_rom.cc:155:do_switch$1032$rdmux[0][6][28]$b$4105, Y=$memory$auto$proc_rom.cc:155:do_switch$1032$rdmux[0][5][14]$a$3966
      New ports: A={ $memory$auto$proc_rom.cc:155:do_switch$1032$rdmux[0][6][28]$a$4104 [0] $memory$auto$proc_rom.cc:155:do_switch$1032$rdmux[0][6][28]$a$4104 [1] $memory$auto$proc_rom.cc:155:do_switch$1032$rdmux[0][6][28]$a$4104 [1] $memory$auto$proc_rom.cc:155:do_switch$1032$rdmux[0][6][28]$a$4104 [1:0] }, B={ 1'0 $memory$auto$proc_rom.cc:155:do_switch$1032$rdmux[0][6][28]$b$4105 [3] $memory$auto$proc_rom.cc:155:do_switch$1032$rdmux[0][6][28]$b$4105 [0] 1'1 $memory$auto$proc_rom.cc:155:do_switch$1032$rdmux[0][6][28]$b$4105 [0] }, Y={ $memory$auto$proc_rom.cc:155:do_switch$1032$rdmux[0][5][14]$a$3966 [6] $memory$auto$proc_rom.cc:155:do_switch$1032$rdmux[0][5][14]$a$3966 [3:0] }
      New connections: { $memory$auto$proc_rom.cc:155:do_switch$1032$rdmux[0][5][14]$a$3966 [9:7] $memory$auto$proc_rom.cc:155:do_switch$1032$rdmux[0][5][14]$a$3966 [5:4] } = { 3'010 $memory$auto$proc_rom.cc:155:do_switch$1032$rdmux[0][5][14]$a$3966 [1] $memory$auto$proc_rom.cc:155:do_switch$1032$rdmux[0][5][14]$a$3966 [1] }
    Consolidated identical input bits for $mux cell $memory$auto$proc_rom.cc:155:do_switch$1032$rdmux[0][6][27]$4100:
      Old ports: A=$memory$auto$proc_rom.cc:155:do_switch$1032$rdmux[0][6][27]$a$4101, B=$memory$auto$proc_rom.cc:155:do_switch$1032$rdmux[0][6][27]$b$4102, Y=$memory$auto$proc_rom.cc:155:do_switch$1032$rdmux[0][5][13]$b$3964
      New ports: A={ 1'1 $memory$auto$proc_rom.cc:155:do_switch$1032$rdmux[0][6][27]$a$4101 [2] 1'1 }, B={ $memory$auto$proc_rom.cc:155:do_switch$1032$rdmux[0][6][27]$b$4102 [3:2] 1'0 }, Y={ $memory$auto$proc_rom.cc:155:do_switch$1032$rdmux[0][5][13]$b$3964 [3:2] $memory$auto$proc_rom.cc:155:do_switch$1032$rdmux[0][5][13]$b$3964 [0] }
      New connections: { $memory$auto$proc_rom.cc:155:do_switch$1032$rdmux[0][5][13]$b$3964 [9:4] $memory$auto$proc_rom.cc:155:do_switch$1032$rdmux[0][5][13]$b$3964 [1] } = { 6'010100 $memory$auto$proc_rom.cc:155:do_switch$1032$rdmux[0][5][13]$b$3964 [0] }
    Consolidated identical input bits for $mux cell $memory$auto$proc_rom.cc:155:do_switch$1032$rdmux[0][6][26]$4097:
      Old ports: A=$memory$auto$proc_rom.cc:155:do_switch$1032$rdmux[0][6][26]$a$4098, B=$memory$auto$proc_rom.cc:155:do_switch$1032$rdmux[0][6][26]$b$4099, Y=$memory$auto$proc_rom.cc:155:do_switch$1032$rdmux[0][5][13]$a$3963
      New ports: A={ 1'1 $memory$auto$proc_rom.cc:155:do_switch$1032$rdmux[0][6][26]$a$4098 [0] $memory$auto$proc_rom.cc:155:do_switch$1032$rdmux[0][6][26]$a$4098 [1:0] }, B={ 1'0 $memory$auto$proc_rom.cc:155:do_switch$1032$rdmux[0][6][26]$b$4099 [2] 2'10 }, Y=$memory$auto$proc_rom.cc:155:do_switch$1032$rdmux[0][5][13]$a$3963 [3:0]
      New connections: $memory$auto$proc_rom.cc:155:do_switch$1032$rdmux[0][5][13]$a$3963 [9:4] = 6'010101
    Consolidated identical input bits for $mux cell $memory$auto$proc_rom.cc:155:do_switch$1032$rdmux[0][6][25]$4094:
      Old ports: A=$memory$auto$proc_rom.cc:155:do_switch$1032$rdmux[0][6][25]$a$4095, B=$memory$auto$proc_rom.cc:155:do_switch$1032$rdmux[0][6][25]$b$4096, Y=$memory$auto$proc_rom.cc:155:do_switch$1032$rdmux[0][5][12]$b$3961
      New ports: A={ 1'1 $memory$auto$proc_rom.cc:155:do_switch$1032$rdmux[0][6][25]$a$4095 [2] 1'0 }, B={ 1'0 $memory$auto$proc_rom.cc:155:do_switch$1032$rdmux[0][6][25]$b$4096 [2] $memory$auto$proc_rom.cc:155:do_switch$1032$rdmux[0][6][25]$b$4096 [0] }, Y={ $memory$auto$proc_rom.cc:155:do_switch$1032$rdmux[0][5][12]$b$3961 [3:2] $memory$auto$proc_rom.cc:155:do_switch$1032$rdmux[0][5][12]$b$3961 [0] }
      New connections: { $memory$auto$proc_rom.cc:155:do_switch$1032$rdmux[0][5][12]$b$3961 [9:4] $memory$auto$proc_rom.cc:155:do_switch$1032$rdmux[0][5][12]$b$3961 [1] } = 7'0101100
    Consolidated identical input bits for $mux cell $memory$auto$proc_rom.cc:155:do_switch$1032$rdmux[0][6][24]$4091:
      Old ports: A=$memory$auto$proc_rom.cc:155:do_switch$1032$rdmux[0][6][24]$a$4092, B=$memory$auto$proc_rom.cc:155:do_switch$1032$rdmux[0][6][24]$b$4093, Y=$memory$auto$proc_rom.cc:155:do_switch$1032$rdmux[0][5][12]$a$3960
      New ports: A={ $memory$auto$proc_rom.cc:155:do_switch$1032$rdmux[0][6][24]$a$4092 [3:2] 1'1 }, B={ 2'00 $memory$auto$proc_rom.cc:155:do_switch$1032$rdmux[0][6][24]$b$4093 [0] }, Y={ $memory$auto$proc_rom.cc:155:do_switch$1032$rdmux[0][5][12]$a$3960 [3:2] $memory$auto$proc_rom.cc:155:do_switch$1032$rdmux[0][5][12]$a$3960 [0] }
      New connections: { $memory$auto$proc_rom.cc:155:do_switch$1032$rdmux[0][5][12]$a$3960 [9:4] $memory$auto$proc_rom.cc:155:do_switch$1032$rdmux[0][5][12]$a$3960 [1] } = { 6'010111 $memory$auto$proc_rom.cc:155:do_switch$1032$rdmux[0][5][12]$a$3960 [0] }
    Consolidated identical input bits for $mux cell $memory$auto$proc_rom.cc:155:do_switch$1032$rdmux[0][6][23]$4088:
      Old ports: A=$memory$auto$proc_rom.cc:155:do_switch$1032$rdmux[0][6][23]$a$4089, B=$memory$auto$proc_rom.cc:155:do_switch$1032$rdmux[0][6][23]$b$4090, Y=$memory$auto$proc_rom.cc:155:do_switch$1032$rdmux[0][5][11]$b$3958
      New ports: A={ 2'10 $memory$auto$proc_rom.cc:155:do_switch$1032$rdmux[0][6][23]$a$4089 [3:2] }, B={ $memory$auto$proc_rom.cc:155:do_switch$1032$rdmux[0][6][23]$b$4090 [7] $memory$auto$proc_rom.cc:155:do_switch$1032$rdmux[0][6][23]$b$4090 [2] $memory$auto$proc_rom.cc:155:do_switch$1032$rdmux[0][6][23]$b$4090 [2] $memory$auto$proc_rom.cc:155:do_switch$1032$rdmux[0][6][23]$b$4090 [2] }, Y={ $memory$auto$proc_rom.cc:155:do_switch$1032$rdmux[0][5][11]$b$3958 [7] $memory$auto$proc_rom.cc:155:do_switch$1032$rdmux[0][5][11]$b$3958 [4:2] }
      New connections: { $memory$auto$proc_rom.cc:155:do_switch$1032$rdmux[0][5][11]$b$3958 [9:8] $memory$auto$proc_rom.cc:155:do_switch$1032$rdmux[0][5][11]$b$3958 [6:5] $memory$auto$proc_rom.cc:155:do_switch$1032$rdmux[0][5][11]$b$3958 [1:0] } = { 2'01 $memory$auto$proc_rom.cc:155:do_switch$1032$rdmux[0][5][11]$b$3958 [4] $memory$auto$proc_rom.cc:155:do_switch$1032$rdmux[0][5][11]$b$3958 [4] 2'11 }
    Consolidated identical input bits for $mux cell $memory$auto$proc_rom.cc:155:do_switch$1032$rdmux[0][6][22]$4085:
      Old ports: A=$memory$auto$proc_rom.cc:155:do_switch$1032$rdmux[0][6][22]$a$4086, B=$memory$auto$proc_rom.cc:155:do_switch$1032$rdmux[0][6][22]$b$4087, Y=$memory$auto$proc_rom.cc:155:do_switch$1032$rdmux[0][5][11]$a$3957
      New ports: A={ 1'1 $memory$auto$proc_rom.cc:155:do_switch$1032$rdmux[0][6][22]$a$4086 [3:2] }, B={ $memory$auto$proc_rom.cc:155:do_switch$1032$rdmux[0][6][22]$b$4087 [4] $memory$auto$proc_rom.cc:155:do_switch$1032$rdmux[0][6][22]$b$4087 [2] $memory$auto$proc_rom.cc:155:do_switch$1032$rdmux[0][6][22]$b$4087 [2] }, Y=$memory$auto$proc_rom.cc:155:do_switch$1032$rdmux[0][5][11]$a$3957 [4:2]
      New connections: { $memory$auto$proc_rom.cc:155:do_switch$1032$rdmux[0][5][11]$a$3957 [9:5] $memory$auto$proc_rom.cc:155:do_switch$1032$rdmux[0][5][11]$a$3957 [1:0] } = 7'0110011
    Consolidated identical input bits for $mux cell $memory$auto$proc_rom.cc:155:do_switch$1032$rdmux[0][6][21]$4082:
      Old ports: A=$memory$auto$proc_rom.cc:155:do_switch$1032$rdmux[0][6][21]$a$4083, B=$memory$auto$proc_rom.cc:155:do_switch$1032$rdmux[0][6][21]$b$4084, Y=$memory$auto$proc_rom.cc:155:do_switch$1032$rdmux[0][5][10]$b$3955
      New ports: A={ 2'10 $memory$auto$proc_rom.cc:155:do_switch$1032$rdmux[0][6][21]$a$4083 [3] 1'1 $memory$auto$proc_rom.cc:155:do_switch$1032$rdmux[0][6][21]$a$4083 [0] }, B={ $memory$auto$proc_rom.cc:155:do_switch$1032$rdmux[0][6][21]$b$4084 [5] $memory$auto$proc_rom.cc:155:do_switch$1032$rdmux[0][6][21]$b$4084 [2] $memory$auto$proc_rom.cc:155:do_switch$1032$rdmux[0][6][21]$b$4084 [2] $memory$auto$proc_rom.cc:155:do_switch$1032$rdmux[0][6][21]$b$4084 [2] 1'1 }, Y={ $memory$auto$proc_rom.cc:155:do_switch$1032$rdmux[0][5][10]$b$3955 [5:2] $memory$auto$proc_rom.cc:155:do_switch$1032$rdmux[0][5][10]$b$3955 [0] }
      New connections: { $memory$auto$proc_rom.cc:155:do_switch$1032$rdmux[0][5][10]$b$3955 [9:6] $memory$auto$proc_rom.cc:155:do_switch$1032$rdmux[0][5][10]$b$3955 [1] } = { 4'0110 $memory$auto$proc_rom.cc:155:do_switch$1032$rdmux[0][5][10]$b$3955 [0] }
    Consolidated identical input bits for $mux cell $memory$auto$proc_rom.cc:155:do_switch$1032$rdmux[0][6][20]$4079:
      Old ports: A=$memory$auto$proc_rom.cc:155:do_switch$1032$rdmux[0][6][20]$a$4080, B=$memory$auto$proc_rom.cc:155:do_switch$1032$rdmux[0][6][20]$b$4081, Y=$memory$auto$proc_rom.cc:155:do_switch$1032$rdmux[0][5][10]$a$3954
      New ports: A={ $memory$auto$proc_rom.cc:155:do_switch$1032$rdmux[0][6][20]$a$4080 [2] 1'1 }, B={ $memory$auto$proc_rom.cc:155:do_switch$1032$rdmux[0][6][20]$b$4081 [2] 1'0 }, Y={ $memory$auto$proc_rom.cc:155:do_switch$1032$rdmux[0][5][10]$a$3954 [2] $memory$auto$proc_rom.cc:155:do_switch$1032$rdmux[0][5][10]$a$3954 [0] }
      New connections: { $memory$auto$proc_rom.cc:155:do_switch$1032$rdmux[0][5][10]$a$3954 [9:3] $memory$auto$proc_rom.cc:155:do_switch$1032$rdmux[0][5][10]$a$3954 [1] } = { 6'011011 $memory$auto$proc_rom.cc:155:do_switch$1032$rdmux[0][5][10]$a$3954 [0] 1'0 }
    Consolidated identical input bits for $mux cell $memory$auto$proc_rom.cc:155:do_switch$1032$rdmux[0][6][19]$4076:
      Old ports: A=$memory$auto$proc_rom.cc:155:do_switch$1032$rdmux[0][6][19]$a$4077, B=$memory$auto$proc_rom.cc:155:do_switch$1032$rdmux[0][6][19]$b$4078, Y=$memory$auto$proc_rom.cc:155:do_switch$1032$rdmux[0][5][9]$b$3952
      New ports: A={ $memory$auto$proc_rom.cc:155:do_switch$1032$rdmux[0][6][19]$a$4077 [2] 1'1 }, B={ $memory$auto$proc_rom.cc:155:do_switch$1032$rdmux[0][6][19]$b$4078 [2] 1'0 }, Y={ $memory$auto$proc_rom.cc:155:do_switch$1032$rdmux[0][5][9]$b$3952 [2] $memory$auto$proc_rom.cc:155:do_switch$1032$rdmux[0][5][9]$b$3952 [0] }
      New connections: { $memory$auto$proc_rom.cc:155:do_switch$1032$rdmux[0][5][9]$b$3952 [9:3] $memory$auto$proc_rom.cc:155:do_switch$1032$rdmux[0][5][9]$b$3952 [1] } = { 6'011100 $memory$auto$proc_rom.cc:155:do_switch$1032$rdmux[0][5][9]$b$3952 [0] 1'1 }
    Consolidated identical input bits for $mux cell $memory$auto$proc_rom.cc:155:do_switch$1032$rdmux[0][6][18]$4073:
      Old ports: A=$memory$auto$proc_rom.cc:155:do_switch$1032$rdmux[0][6][18]$a$4074, B=$memory$auto$proc_rom.cc:155:do_switch$1032$rdmux[0][6][18]$b$4075, Y=$memory$auto$proc_rom.cc:155:do_switch$1032$rdmux[0][5][9]$a$3951
      New ports: A={ $memory$auto$proc_rom.cc:155:do_switch$1032$rdmux[0][6][18]$a$4074 [0] $memory$auto$proc_rom.cc:155:do_switch$1032$rdmux[0][6][18]$a$4074 [0] $memory$auto$proc_rom.cc:155:do_switch$1032$rdmux[0][6][18]$a$4074 [0] $memory$auto$proc_rom.cc:155:do_switch$1032$rdmux[0][6][18]$a$4074 [1:0] }, B={ 1'1 $memory$auto$proc_rom.cc:155:do_switch$1032$rdmux[0][6][18]$b$4075 [3:2] 2'00 }, Y=$memory$auto$proc_rom.cc:155:do_switch$1032$rdmux[0][5][9]$a$3951 [4:0]
      New connections: $memory$auto$proc_rom.cc:155:do_switch$1032$rdmux[0][5][9]$a$3951 [9:5] = { 4'0111 $memory$auto$proc_rom.cc:155:do_switch$1032$rdmux[0][5][9]$a$3951 [1] }
    Consolidated identical input bits for $mux cell $memory$auto$proc_rom.cc:155:do_switch$1032$rdmux[0][6][17]$4070:
      Old ports: A=$memory$auto$proc_rom.cc:155:do_switch$1032$rdmux[0][6][17]$a$4071, B=$memory$auto$proc_rom.cc:155:do_switch$1032$rdmux[0][6][17]$b$4072, Y=$memory$auto$proc_rom.cc:155:do_switch$1032$rdmux[0][5][8]$b$3949
      New ports: A={ 2'10 $memory$auto$proc_rom.cc:155:do_switch$1032$rdmux[0][6][17]$a$4071 [0] 1'0 $memory$auto$proc_rom.cc:155:do_switch$1032$rdmux[0][6][17]$a$4071 [0] }, B={ 1'0 $memory$auto$proc_rom.cc:155:do_switch$1032$rdmux[0][6][17]$b$4072 [3] 1'1 $memory$auto$proc_rom.cc:155:do_switch$1032$rdmux[0][6][17]$b$4072 [0] $memory$auto$proc_rom.cc:155:do_switch$1032$rdmux[0][6][17]$b$4072 [0] }, Y=$memory$auto$proc_rom.cc:155:do_switch$1032$rdmux[0][5][8]$b$3949 [4:0]
      New connections: $memory$auto$proc_rom.cc:155:do_switch$1032$rdmux[0][5][8]$b$3949 [9:5] = 5'01111
    Consolidated identical input bits for $mux cell $memory$auto$proc_rom.cc:155:do_switch$1032$rdmux[0][6][16]$4067:
      Old ports: A=$memory$auto$proc_rom.cc:155:do_switch$1032$rdmux[0][6][16]$a$4068, B=$memory$auto$proc_rom.cc:155:do_switch$1032$rdmux[0][6][16]$b$4069, Y=$memory$auto$proc_rom.cc:155:do_switch$1032$rdmux[0][5][8]$a$3948
      New ports: A={ 2'10 $memory$auto$proc_rom.cc:155:do_switch$1032$rdmux[0][6][16]$a$4068 [2:1] 1'0 }, B={ 2'01 $memory$auto$proc_rom.cc:155:do_switch$1032$rdmux[0][6][16]$b$4069 [0] 1'1 $memory$auto$proc_rom.cc:155:do_switch$1032$rdmux[0][6][16]$b$4069 [0] }, Y={ $memory$auto$proc_rom.cc:155:do_switch$1032$rdmux[0][5][8]$a$3948 [9] $memory$auto$proc_rom.cc:155:do_switch$1032$rdmux[0][5][8]$a$3948 [4] $memory$auto$proc_rom.cc:155:do_switch$1032$rdmux[0][5][8]$a$3948 [2:0] }
      New connections: { $memory$auto$proc_rom.cc:155:do_switch$1032$rdmux[0][5][8]$a$3948 [8:5] $memory$auto$proc_rom.cc:155:do_switch$1032$rdmux[0][5][8]$a$3948 [3] } = { $memory$auto$proc_rom.cc:155:do_switch$1032$rdmux[0][5][8]$a$3948 [4] $memory$auto$proc_rom.cc:155:do_switch$1032$rdmux[0][5][8]$a$3948 [4] $memory$auto$proc_rom.cc:155:do_switch$1032$rdmux[0][5][8]$a$3948 [4] $memory$auto$proc_rom.cc:155:do_switch$1032$rdmux[0][5][8]$a$3948 [4] $memory$auto$proc_rom.cc:155:do_switch$1032$rdmux[0][5][8]$a$3948 [1] }
    Consolidated identical input bits for $mux cell $memory$auto$proc_rom.cc:155:do_switch$1032$rdmux[0][6][15]$4064:
      Old ports: A=$memory$auto$proc_rom.cc:155:do_switch$1032$rdmux[0][6][15]$a$4065, B=$memory$auto$proc_rom.cc:155:do_switch$1032$rdmux[0][6][15]$b$4066, Y=$memory$auto$proc_rom.cc:155:do_switch$1032$rdmux[0][5][7]$b$3946
      New ports: A={ 1'1 $memory$auto$proc_rom.cc:155:do_switch$1032$rdmux[0][6][15]$a$4065 [1] $memory$auto$proc_rom.cc:155:do_switch$1032$rdmux[0][6][15]$a$4065 [1] 1'1 }, B={ $memory$auto$proc_rom.cc:155:do_switch$1032$rdmux[0][6][15]$b$4066 [4] 1'1 $memory$auto$proc_rom.cc:155:do_switch$1032$rdmux[0][6][15]$b$4066 [0] $memory$auto$proc_rom.cc:155:do_switch$1032$rdmux[0][6][15]$b$4066 [0] }, Y={ $memory$auto$proc_rom.cc:155:do_switch$1032$rdmux[0][5][7]$b$3946 [4] $memory$auto$proc_rom.cc:155:do_switch$1032$rdmux[0][5][7]$b$3946 [2:0] }
      New connections: { $memory$auto$proc_rom.cc:155:do_switch$1032$rdmux[0][5][7]$b$3946 [9:5] $memory$auto$proc_rom.cc:155:do_switch$1032$rdmux[0][5][7]$b$3946 [3] } = { 5'10000 $memory$auto$proc_rom.cc:155:do_switch$1032$rdmux[0][5][7]$b$3946 [0] }
    Consolidated identical input bits for $mux cell $memory$auto$proc_rom.cc:155:do_switch$1032$rdmux[0][6][14]$4061:
      Old ports: A=$memory$auto$proc_rom.cc:155:do_switch$1032$rdmux[0][6][14]$a$4062, B=$memory$auto$proc_rom.cc:155:do_switch$1032$rdmux[0][6][14]$b$4063, Y=$memory$auto$proc_rom.cc:155:do_switch$1032$rdmux[0][5][7]$a$3945
      New ports: A={ $memory$auto$proc_rom.cc:155:do_switch$1032$rdmux[0][6][14]$a$4062 [4] $memory$auto$proc_rom.cc:155:do_switch$1032$rdmux[0][6][14]$a$4062 [1] 1'1 $memory$auto$proc_rom.cc:155:do_switch$1032$rdmux[0][6][14]$a$4062 [1] 1'1 }, B={ 1'0 $memory$auto$proc_rom.cc:155:do_switch$1032$rdmux[0][6][14]$b$4063 [0] $memory$auto$proc_rom.cc:155:do_switch$1032$rdmux[0][6][14]$b$4063 [2] 1'0 $memory$auto$proc_rom.cc:155:do_switch$1032$rdmux[0][6][14]$b$4063 [0] }, Y=$memory$auto$proc_rom.cc:155:do_switch$1032$rdmux[0][5][7]$a$3945 [4:0]
      New connections: $memory$auto$proc_rom.cc:155:do_switch$1032$rdmux[0][5][7]$a$3945 [9:5] = 5'10001
    Consolidated identical input bits for $mux cell $memory$auto$proc_rom.cc:155:do_switch$1032$rdmux[0][6][13]$4058:
      Old ports: A=$memory$auto$proc_rom.cc:155:do_switch$1032$rdmux[0][6][13]$a$4059, B=$memory$auto$proc_rom.cc:155:do_switch$1032$rdmux[0][6][13]$b$4060, Y=$memory$auto$proc_rom.cc:155:do_switch$1032$rdmux[0][5][6]$b$3943
      New ports: A={ 2'10 $memory$auto$proc_rom.cc:155:do_switch$1032$rdmux[0][6][13]$a$4059 [0] $memory$auto$proc_rom.cc:155:do_switch$1032$rdmux[0][6][13]$a$4059 [2] 1'1 $memory$auto$proc_rom.cc:155:do_switch$1032$rdmux[0][6][13]$a$4059 [0] }, B={ $memory$auto$proc_rom.cc:155:do_switch$1032$rdmux[0][6][13]$b$4060 [6] $memory$auto$proc_rom.cc:155:do_switch$1032$rdmux[0][6][13]$b$4060 [1] $memory$auto$proc_rom.cc:155:do_switch$1032$rdmux[0][6][13]$b$4060 [1] 1'0 $memory$auto$proc_rom.cc:155:do_switch$1032$rdmux[0][6][13]$b$4060 [1] 1'0 }, Y={ $memory$auto$proc_rom.cc:155:do_switch$1032$rdmux[0][5][6]$b$3943 [6] $memory$auto$proc_rom.cc:155:do_switch$1032$rdmux[0][5][6]$b$3943 [4:0] }
      New connections: { $memory$auto$proc_rom.cc:155:do_switch$1032$rdmux[0][5][6]$b$3943 [9:7] $memory$auto$proc_rom.cc:155:do_switch$1032$rdmux[0][5][6]$b$3943 [5] } = { 3'100 $memory$auto$proc_rom.cc:155:do_switch$1032$rdmux[0][5][6]$b$3943 [4] }
    Consolidated identical input bits for $mux cell $memory$auto$proc_rom.cc:155:do_switch$1032$rdmux[0][6][12]$4055:
      Old ports: A=$memory$auto$proc_rom.cc:155:do_switch$1032$rdmux[0][6][12]$a$4056, B=$memory$auto$proc_rom.cc:155:do_switch$1032$rdmux[0][6][12]$b$4057, Y=$memory$auto$proc_rom.cc:155:do_switch$1032$rdmux[0][5][6]$a$3942
      New ports: A={ $memory$auto$proc_rom.cc:155:do_switch$1032$rdmux[0][6][12]$a$4056 [1] $memory$auto$proc_rom.cc:155:do_switch$1032$rdmux[0][6][12]$a$4056 [2] $memory$auto$proc_rom.cc:155:do_switch$1032$rdmux[0][6][12]$a$4056 [2] $memory$auto$proc_rom.cc:155:do_switch$1032$rdmux[0][6][12]$a$4056 [2:1] }, B={ 3'010 $memory$auto$proc_rom.cc:155:do_switch$1032$rdmux[0][6][12]$b$4057 [1] $memory$auto$proc_rom.cc:155:do_switch$1032$rdmux[0][6][12]$b$4057 [1] }, Y=$memory$auto$proc_rom.cc:155:do_switch$1032$rdmux[0][5][6]$a$3942 [5:1]
      New connections: { $memory$auto$proc_rom.cc:155:do_switch$1032$rdmux[0][5][6]$a$3942 [9:6] $memory$auto$proc_rom.cc:155:do_switch$1032$rdmux[0][5][6]$a$3942 [0] } = 5'10011
    Consolidated identical input bits for $mux cell $memory$auto$proc_rom.cc:155:do_switch$1032$rdmux[0][6][11]$4052:
      Old ports: A=$memory$auto$proc_rom.cc:155:do_switch$1032$rdmux[0][6][11]$a$4053, B=$memory$auto$proc_rom.cc:155:do_switch$1032$rdmux[0][6][11]$b$4054, Y=$memory$auto$proc_rom.cc:155:do_switch$1032$rdmux[0][5][5]$b$3940
      New ports: A={ 1'1 $memory$auto$proc_rom.cc:155:do_switch$1032$rdmux[0][6][11]$a$4053 [3] 1'1 $memory$auto$proc_rom.cc:155:do_switch$1032$rdmux[0][6][11]$a$4053 [1] 1'0 }, B={ $memory$auto$proc_rom.cc:155:do_switch$1032$rdmux[0][6][11]$b$4054 [4] $memory$auto$proc_rom.cc:155:do_switch$1032$rdmux[0][6][11]$b$4054 [0] 2'00 $memory$auto$proc_rom.cc:155:do_switch$1032$rdmux[0][6][11]$b$4054 [0] }, Y=$memory$auto$proc_rom.cc:155:do_switch$1032$rdmux[0][5][5]$b$3940 [4:0]
      New connections: $memory$auto$proc_rom.cc:155:do_switch$1032$rdmux[0][5][5]$b$3940 [9:5] = 5'10011
    Consolidated identical input bits for $mux cell $memory$auto$proc_rom.cc:155:do_switch$1032$rdmux[0][6][10]$4049:
      Old ports: A=$memory$auto$proc_rom.cc:155:do_switch$1032$rdmux[0][6][10]$a$4050, B=$memory$auto$proc_rom.cc:155:do_switch$1032$rdmux[0][6][10]$b$4051, Y=$memory$auto$proc_rom.cc:155:do_switch$1032$rdmux[0][5][5]$a$3939
      New ports: A={ 2'10 $memory$auto$proc_rom.cc:155:do_switch$1032$rdmux[0][6][10]$a$4050 [0] $memory$auto$proc_rom.cc:155:do_switch$1032$rdmux[0][6][10]$a$4050 [0] $memory$auto$proc_rom.cc:155:do_switch$1032$rdmux[0][6][10]$a$4050 [0] }, B={ 1'0 $memory$auto$proc_rom.cc:155:do_switch$1032$rdmux[0][6][10]$b$4051 [3] 1'0 $memory$auto$proc_rom.cc:155:do_switch$1032$rdmux[0][6][10]$b$4051 [1] 1'1 }, Y=$memory$auto$proc_rom.cc:155:do_switch$1032$rdmux[0][5][5]$a$3939 [4:0]
      New connections: $memory$auto$proc_rom.cc:155:do_switch$1032$rdmux[0][5][5]$a$3939 [9:5] = 5'10100
    Consolidated identical input bits for $mux cell $memory$auto$proc_rom.cc:155:do_switch$1032$rdmux[0][6][9]$4046:
      Old ports: A=$memory$auto$proc_rom.cc:155:do_switch$1032$rdmux[0][6][9]$a$4047, B=$memory$auto$proc_rom.cc:155:do_switch$1032$rdmux[0][6][9]$b$4048, Y=$memory$auto$proc_rom.cc:155:do_switch$1032$rdmux[0][5][4]$b$3937
      New ports: A={ 1'1 $memory$auto$proc_rom.cc:155:do_switch$1032$rdmux[0][6][9]$a$4047 [4] 2'01 $memory$auto$proc_rom.cc:155:do_switch$1032$rdmux[0][6][9]$a$4047 [0] }, B={ $memory$auto$proc_rom.cc:155:do_switch$1032$rdmux[0][6][9]$b$4048 [5] $memory$auto$proc_rom.cc:155:do_switch$1032$rdmux[0][6][9]$b$4048 [0] 2'10 $memory$auto$proc_rom.cc:155:do_switch$1032$rdmux[0][6][9]$b$4048 [0] }, Y={ $memory$auto$proc_rom.cc:155:do_switch$1032$rdmux[0][5][4]$b$3937 [5:4] $memory$auto$proc_rom.cc:155:do_switch$1032$rdmux[0][5][4]$b$3937 [2:0] }
      New connections: { $memory$auto$proc_rom.cc:155:do_switch$1032$rdmux[0][5][4]$b$3937 [9:6] $memory$auto$proc_rom.cc:155:do_switch$1032$rdmux[0][5][4]$b$3937 [3] } = { 4'1010 $memory$auto$proc_rom.cc:155:do_switch$1032$rdmux[0][5][4]$b$3937 [0] }
    Consolidated identical input bits for $mux cell $memory$auto$proc_rom.cc:155:do_switch$1032$rdmux[0][6][8]$4043:
      Old ports: A=$memory$auto$proc_rom.cc:155:do_switch$1032$rdmux[0][6][8]$a$4044, B=$memory$auto$proc_rom.cc:155:do_switch$1032$rdmux[0][6][8]$b$4045, Y=$memory$auto$proc_rom.cc:155:do_switch$1032$rdmux[0][5][4]$a$3936
      New ports: A={ 2'10 $memory$auto$proc_rom.cc:155:do_switch$1032$rdmux[0][6][8]$a$4044 [3] 2'11 }, B={ $memory$auto$proc_rom.cc:155:do_switch$1032$rdmux[0][6][8]$b$4045 [6] $memory$auto$proc_rom.cc:155:do_switch$1032$rdmux[0][6][8]$b$4045 [0] $memory$auto$proc_rom.cc:155:do_switch$1032$rdmux[0][6][8]$b$4045 [0] 1'0 $memory$auto$proc_rom.cc:155:do_switch$1032$rdmux[0][6][8]$b$4045 [0] }, Y={ $memory$auto$proc_rom.cc:155:do_switch$1032$rdmux[0][5][4]$a$3936 [6] $memory$auto$proc_rom.cc:155:do_switch$1032$rdmux[0][5][4]$a$3936 [4:3] $memory$auto$proc_rom.cc:155:do_switch$1032$rdmux[0][5][4]$a$3936 [1:0] }
      New connections: { $memory$auto$proc_rom.cc:155:do_switch$1032$rdmux[0][5][4]$a$3936 [9:7] $memory$auto$proc_rom.cc:155:do_switch$1032$rdmux[0][5][4]$a$3936 [5] $memory$auto$proc_rom.cc:155:do_switch$1032$rdmux[0][5][4]$a$3936 [2] } = { 3'101 $memory$auto$proc_rom.cc:155:do_switch$1032$rdmux[0][5][4]$a$3936 [4] $memory$auto$proc_rom.cc:155:do_switch$1032$rdmux[0][5][4]$a$3936 [1] }
    Consolidated identical input bits for $mux cell $memory$auto$proc_rom.cc:155:do_switch$1032$rdmux[0][6][7]$4040:
      Old ports: A=$memory$auto$proc_rom.cc:155:do_switch$1032$rdmux[0][6][7]$a$4041, B=$memory$auto$proc_rom.cc:155:do_switch$1032$rdmux[0][6][7]$b$4042, Y=$memory$auto$proc_rom.cc:155:do_switch$1032$rdmux[0][5][3]$b$3934
      New ports: A={ $memory$auto$proc_rom.cc:155:do_switch$1032$rdmux[0][6][7]$a$4041 [3] 2'01 }, B={ $memory$auto$proc_rom.cc:155:do_switch$1032$rdmux[0][6][7]$b$4042 [3] 2'10 }, Y={ $memory$auto$proc_rom.cc:155:do_switch$1032$rdmux[0][5][3]$b$3934 [3] $memory$auto$proc_rom.cc:155:do_switch$1032$rdmux[0][5][3]$b$3934 [1:0] }
      New connections: { $memory$auto$proc_rom.cc:155:do_switch$1032$rdmux[0][5][3]$b$3934 [9:4] $memory$auto$proc_rom.cc:155:do_switch$1032$rdmux[0][5][3]$b$3934 [2] } = { 4'1011 $memory$auto$proc_rom.cc:155:do_switch$1032$rdmux[0][5][3]$b$3934 [0] $memory$auto$proc_rom.cc:155:do_switch$1032$rdmux[0][5][3]$b$3934 [1] 1'1 }
    Consolidated identical input bits for $mux cell $memory$auto$proc_rom.cc:155:do_switch$1032$rdmux[0][6][6]$4037:
      Old ports: A=$memory$auto$proc_rom.cc:155:do_switch$1032$rdmux[0][6][6]$a$4038, B=$memory$auto$proc_rom.cc:155:do_switch$1032$rdmux[0][6][6]$b$4039, Y=$memory$auto$proc_rom.cc:155:do_switch$1032$rdmux[0][5][3]$a$3933
      New ports: A={ 2'10 $memory$auto$proc_rom.cc:155:do_switch$1032$rdmux[0][6][6]$a$4038 [3] }, B={ 2'01 $memory$auto$proc_rom.cc:155:do_switch$1032$rdmux[0][6][6]$b$4039 [3] }, Y={ $memory$auto$proc_rom.cc:155:do_switch$1032$rdmux[0][5][3]$a$3933 [8] $memory$auto$proc_rom.cc:155:do_switch$1032$rdmux[0][5][3]$a$3933 [4:3] }
      New connections: { $memory$auto$proc_rom.cc:155:do_switch$1032$rdmux[0][5][3]$a$3933 [9] $memory$auto$proc_rom.cc:155:do_switch$1032$rdmux[0][5][3]$a$3933 [7:5] $memory$auto$proc_rom.cc:155:do_switch$1032$rdmux[0][5][3]$a$3933 [2:0] } = { 1'1 $memory$auto$proc_rom.cc:155:do_switch$1032$rdmux[0][5][3]$a$3933 [4] $memory$auto$proc_rom.cc:155:do_switch$1032$rdmux[0][5][3]$a$3933 [4] $memory$auto$proc_rom.cc:155:do_switch$1032$rdmux[0][5][3]$a$3933 [4] 3'101 }
    Consolidated identical input bits for $mux cell $memory$auto$proc_rom.cc:155:do_switch$1032$rdmux[0][6][5]$4034:
      Old ports: A=$memory$auto$proc_rom.cc:155:do_switch$1032$rdmux[0][6][5]$a$4035, B=$memory$auto$proc_rom.cc:155:do_switch$1032$rdmux[0][6][5]$b$4036, Y=$memory$auto$proc_rom.cc:155:do_switch$1032$rdmux[0][5][2]$b$3931
      New ports: A={ 2'10 $memory$auto$proc_rom.cc:155:do_switch$1032$rdmux[0][6][5]$a$4035 [0] 1'1 $memory$auto$proc_rom.cc:155:do_switch$1032$rdmux[0][6][5]$a$4035 [0] }, B={ 2'01 $memory$auto$proc_rom.cc:155:do_switch$1032$rdmux[0][6][5]$b$4036 [1] $memory$auto$proc_rom.cc:155:do_switch$1032$rdmux[0][6][5]$b$4036 [1:0] }, Y={ $memory$auto$proc_rom.cc:155:do_switch$1032$rdmux[0][5][2]$b$3931 [5:3] $memory$auto$proc_rom.cc:155:do_switch$1032$rdmux[0][5][2]$b$3931 [1:0] }
      New connections: { $memory$auto$proc_rom.cc:155:do_switch$1032$rdmux[0][5][2]$b$3931 [9:6] $memory$auto$proc_rom.cc:155:do_switch$1032$rdmux[0][5][2]$b$3931 [2] } = 5'11001
    Consolidated identical input bits for $mux cell $memory$auto$proc_rom.cc:155:do_switch$1032$rdmux[0][6][4]$4031:
      Old ports: A=$memory$auto$proc_rom.cc:155:do_switch$1032$rdmux[0][6][4]$a$4032, B=$memory$auto$proc_rom.cc:155:do_switch$1032$rdmux[0][6][4]$b$4033, Y=$memory$auto$proc_rom.cc:155:do_switch$1032$rdmux[0][5][2]$a$3930
      New ports: A={ 2'10 $memory$auto$proc_rom.cc:155:do_switch$1032$rdmux[0][6][4]$a$4032 [0] $memory$auto$proc_rom.cc:155:do_switch$1032$rdmux[0][6][4]$a$4032 [3] 1'1 $memory$auto$proc_rom.cc:155:do_switch$1032$rdmux[0][6][4]$a$4032 [0] }, B={ $memory$auto$proc_rom.cc:155:do_switch$1032$rdmux[0][6][4]$b$4033 [0] $memory$auto$proc_rom.cc:155:do_switch$1032$rdmux[0][6][4]$b$4033 [3] $memory$auto$proc_rom.cc:155:do_switch$1032$rdmux[0][6][4]$b$4033 [3] $memory$auto$proc_rom.cc:155:do_switch$1032$rdmux[0][6][4]$b$4033 [3] 1'0 $memory$auto$proc_rom.cc:155:do_switch$1032$rdmux[0][6][4]$b$4033 [0] }, Y={ $memory$auto$proc_rom.cc:155:do_switch$1032$rdmux[0][5][2]$a$3930 [6:3] $memory$auto$proc_rom.cc:155:do_switch$1032$rdmux[0][5][2]$a$3930 [1:0] }
      New connections: { $memory$auto$proc_rom.cc:155:do_switch$1032$rdmux[0][5][2]$a$3930 [9:7] $memory$auto$proc_rom.cc:155:do_switch$1032$rdmux[0][5][2]$a$3930 [2] } = 4'1100
    Consolidated identical input bits for $mux cell $memory$auto$proc_rom.cc:155:do_switch$1032$rdmux[0][6][3]$4028:
      Old ports: A=$memory$auto$proc_rom.cc:155:do_switch$1032$rdmux[0][6][3]$a$4029, B=$memory$auto$proc_rom.cc:155:do_switch$1032$rdmux[0][6][3]$b$4030, Y=$memory$auto$proc_rom.cc:155:do_switch$1032$rdmux[0][5][1]$b$3928
      New ports: A={ $memory$auto$proc_rom.cc:155:do_switch$1032$rdmux[0][6][3]$a$4029 [4] 1'1 $memory$auto$proc_rom.cc:155:do_switch$1032$rdmux[0][6][3]$a$4029 [1] $memory$auto$proc_rom.cc:155:do_switch$1032$rdmux[0][6][3]$a$4029 [1] 1'1 }, B={ $memory$auto$proc_rom.cc:155:do_switch$1032$rdmux[0][6][3]$b$4030 [3] $memory$auto$proc_rom.cc:155:do_switch$1032$rdmux[0][6][3]$b$4030 [3] 2'10 $memory$auto$proc_rom.cc:155:do_switch$1032$rdmux[0][6][3]$b$4030 [0] }, Y=$memory$auto$proc_rom.cc:155:do_switch$1032$rdmux[0][5][1]$b$3928 [4:0]
      New connections: $memory$auto$proc_rom.cc:155:do_switch$1032$rdmux[0][5][1]$b$3928 [9:5] = { 4'1101 $memory$auto$proc_rom.cc:155:do_switch$1032$rdmux[0][5][1]$b$3928 [0] }
    Consolidated identical input bits for $mux cell $memory$auto$proc_rom.cc:155:do_switch$1032$rdmux[0][6][2]$4025:
      Old ports: A=$memory$auto$proc_rom.cc:155:do_switch$1032$rdmux[0][6][2]$a$4026, B=$memory$auto$proc_rom.cc:155:do_switch$1032$rdmux[0][6][2]$b$4027, Y=$memory$auto$proc_rom.cc:155:do_switch$1032$rdmux[0][5][1]$a$3927
      New ports: A={ $memory$auto$proc_rom.cc:155:do_switch$1032$rdmux[0][6][2]$a$4026 [5] $memory$auto$proc_rom.cc:155:do_switch$1032$rdmux[0][6][2]$a$4026 [1] 1'0 $memory$auto$proc_rom.cc:155:do_switch$1032$rdmux[0][6][2]$a$4026 [1] $memory$auto$proc_rom.cc:155:do_switch$1032$rdmux[0][6][2]$a$4026 [1] }, B={ 2'00 $memory$auto$proc_rom.cc:155:do_switch$1032$rdmux[0][6][2]$b$4027 [2] $memory$auto$proc_rom.cc:155:do_switch$1032$rdmux[0][6][2]$b$4027 [2:1] }, Y=$memory$auto$proc_rom.cc:155:do_switch$1032$rdmux[0][5][1]$a$3927 [5:1]
      New connections: { $memory$auto$proc_rom.cc:155:do_switch$1032$rdmux[0][5][1]$a$3927 [9:6] $memory$auto$proc_rom.cc:155:do_switch$1032$rdmux[0][5][1]$a$3927 [0] } = 5'11101
    Consolidated identical input bits for $mux cell $memory$auto$proc_rom.cc:155:do_switch$1032$rdmux[0][6][1]$4022:
      Old ports: A=$memory$auto$proc_rom.cc:155:do_switch$1032$rdmux[0][6][1]$a$4023, B=$memory$auto$proc_rom.cc:155:do_switch$1032$rdmux[0][6][1]$b$4024, Y=$memory$auto$proc_rom.cc:155:do_switch$1032$rdmux[0][5][0]$b$3925
      New ports: A={ 2'10 $memory$auto$proc_rom.cc:155:do_switch$1032$rdmux[0][6][1]$a$4023 [2] $memory$auto$proc_rom.cc:155:do_switch$1032$rdmux[0][6][1]$a$4023 [2] 1'0 $memory$auto$proc_rom.cc:155:do_switch$1032$rdmux[0][6][1]$a$4023 [0] }, B={ 2'01 $memory$auto$proc_rom.cc:155:do_switch$1032$rdmux[0][6][1]$b$4024 [3] 1'1 $memory$auto$proc_rom.cc:155:do_switch$1032$rdmux[0][6][1]$b$4024 [1] 1'0 }, Y={ $memory$auto$proc_rom.cc:155:do_switch$1032$rdmux[0][5][0]$b$3925 [6:5] $memory$auto$proc_rom.cc:155:do_switch$1032$rdmux[0][5][0]$b$3925 [3:0] }
      New connections: { $memory$auto$proc_rom.cc:155:do_switch$1032$rdmux[0][5][0]$b$3925 [9:7] $memory$auto$proc_rom.cc:155:do_switch$1032$rdmux[0][5][0]$b$3925 [4] } = { 3'111 $memory$auto$proc_rom.cc:155:do_switch$1032$rdmux[0][5][0]$b$3925 [1] }
    Consolidated identical input bits for $mux cell $memory$auto$proc_rom.cc:155:do_switch$1032$rdmux[0][6][0]$4019:
      Old ports: A=$memory$auto$proc_rom.cc:155:do_switch$1032$rdmux[0][6][0]$a$4020, B=$memory$auto$proc_rom.cc:155:do_switch$1032$rdmux[0][6][0]$b$4021, Y=$memory$auto$proc_rom.cc:155:do_switch$1032$rdmux[0][5][0]$a$3924
      New ports: A={ 1'1 $memory$auto$proc_rom.cc:155:do_switch$1032$rdmux[0][6][0]$a$4020 [4] 1'1 $memory$auto$proc_rom.cc:155:do_switch$1032$rdmux[0][6][0]$a$4020 [2] 1'0 }, B={ $memory$auto$proc_rom.cc:155:do_switch$1032$rdmux[0][6][0]$b$4021 [5] $memory$auto$proc_rom.cc:155:do_switch$1032$rdmux[0][6][0]$b$4021 [2] 1'0 $memory$auto$proc_rom.cc:155:do_switch$1032$rdmux[0][6][0]$b$4021 [2] 1'1 }, Y={ $memory$auto$proc_rom.cc:155:do_switch$1032$rdmux[0][5][0]$a$3924 [5:2] $memory$auto$proc_rom.cc:155:do_switch$1032$rdmux[0][5][0]$a$3924 [0] }
      New connections: { $memory$auto$proc_rom.cc:155:do_switch$1032$rdmux[0][5][0]$a$3924 [9:6] $memory$auto$proc_rom.cc:155:do_switch$1032$rdmux[0][5][0]$a$3924 [1] } = 5'11111
    Consolidated identical input bits for $mux cell $procmux$1368:
      Old ports: A=$8\approximate_rsqrt$func$rtl/fp16_rsqrt_lut256.sv:79$441.leading_one[31:0]$553, B=8, Y=$9\approximate_rsqrt$func$rtl/fp16_rsqrt_lut256.sv:79$441.leading_one[31:0]$556
      New ports: A={ $8\approximate_rsqrt$func$rtl/fp16_rsqrt_lut256.sv:79$441.leading_one[31:0]$553 [1] 1'1 }, B=2'00, Y=$9\approximate_rsqrt$func$rtl/fp16_rsqrt_lut256.sv:79$441.leading_one[31:0]$556 [1:0]
      New connections: $9\approximate_rsqrt$func$rtl/fp16_rsqrt_lut256.sv:79$441.leading_one[31:0]$556 [31:2] = { $9\approximate_rsqrt$func$rtl/fp16_rsqrt_lut256.sv:79$441.leading_one[31:0]$556 [1] $9\approximate_rsqrt$func$rtl/fp16_rsqrt_lut256.sv:79$441.leading_one[31:0]$556 [1] $9\approximate_rsqrt$func$rtl/fp16_rsqrt_lut256.sv:79$441.leading_one[31:0]$556 [1] $9\approximate_rsqrt$func$rtl/fp16_rsqrt_lut256.sv:79$441.leading_one[31:0]$556 [1] $9\approximate_rsqrt$func$rtl/fp16_rsqrt_lut256.sv:79$441.leading_one[31:0]$556 [1] $9\approximate_rsqrt$func$rtl/fp16_rsqrt_lut256.sv:79$441.leading_one[31:0]$556 [1] $9\approximate_rsqrt$func$rtl/fp16_rsqrt_lut256.sv:79$441.leading_one[31:0]$556 [1] $9\approximate_rsqrt$func$rtl/fp16_rsqrt_lut256.sv:79$441.leading_one[31:0]$556 [1] $9\approximate_rsqrt$func$rtl/fp16_rsqrt_lut256.sv:79$441.leading_one[31:0]$556 [1] $9\approximate_rsqrt$func$rtl/fp16_rsqrt_lut256.sv:79$441.leading_one[31:0]$556 [1] $9\approximate_rsqrt$func$rtl/fp16_rsqrt_lut256.sv:79$441.leading_one[31:0]$556 [1] $9\approximate_rsqrt$func$rtl/fp16_rsqrt_lut256.sv:79$441.leading_one[31:0]$556 [1] $9\approximate_rsqrt$func$rtl/fp16_rsqrt_lut256.sv:79$441.leading_one[31:0]$556 [1] $9\approximate_rsqrt$func$rtl/fp16_rsqrt_lut256.sv:79$441.leading_one[31:0]$556 [1] $9\approximate_rsqrt$func$rtl/fp16_rsqrt_lut256.sv:79$441.leading_one[31:0]$556 [1] $9\approximate_rsqrt$func$rtl/fp16_rsqrt_lut256.sv:79$441.leading_one[31:0]$556 [1] $9\approximate_rsqrt$func$rtl/fp16_rsqrt_lut256.sv:79$441.leading_one[31:0]$556 [1] $9\approximate_rsqrt$func$rtl/fp16_rsqrt_lut256.sv:79$441.leading_one[31:0]$556 [1] $9\approximate_rsqrt$func$rtl/fp16_rsqrt_lut256.sv:79$441.leading_one[31:0]$556 [1] $9\approximate_rsqrt$func$rtl/fp16_rsqrt_lut256.sv:79$441.leading_one[31:0]$556 [1] $9\approximate_rsqrt$func$rtl/fp16_rsqrt_lut256.sv:79$441.leading_one[31:0]$556 [1] $9\approximate_rsqrt$func$rtl/fp16_rsqrt_lut256.sv:79$441.leading_one[31:0]$556 [1] $9\approximate_rsqrt$func$rtl/fp16_rsqrt_lut256.sv:79$441.leading_one[31:0]$556 [1] $9\approximate_rsqrt$func$rtl/fp16_rsqrt_lut256.sv:79$441.leading_one[31:0]$556 [1] $9\approximate_rsqrt$func$rtl/fp16_rsqrt_lut256.sv:79$441.leading_one[31:0]$556 [1] $9\approximate_rsqrt$func$rtl/fp16_rsqrt_lut256.sv:79$441.leading_one[31:0]$556 [1] $9\approximate_rsqrt$func$rtl/fp16_rsqrt_lut256.sv:79$441.leading_one[31:0]$556 [1] $9\approximate_rsqrt$func$rtl/fp16_rsqrt_lut256.sv:79$441.leading_one[31:0]$556 [1] 1'1 $9\approximate_rsqrt$func$rtl/fp16_rsqrt_lut256.sv:79$441.leading_one[31:0]$556 [1] }
  Optimizing cells in module \fp16_rsqrt_lut256.
    Consolidated identical input bits for $mux cell $memory$auto$proc_rom.cc:155:do_switch$1032$rdmux[0][5][31]$4016:
      Old ports: A=$memory$auto$proc_rom.cc:155:do_switch$1032$rdmux[0][5][31]$a$4017, B=$memory$auto$proc_rom.cc:155:do_switch$1032$rdmux[0][5][31]$b$4018, Y=$memory$auto$proc_rom.cc:155:do_switch$1032$rdmux[0][4][15]$b$3922
      New ports: A=$memory$auto$proc_rom.cc:155:do_switch$1032$rdmux[0][5][31]$a$4017 [3:0], B={ 1'0 $memory$auto$proc_rom.cc:155:do_switch$1032$rdmux[0][5][31]$b$4018 [2:0] }, Y=$memory$auto$proc_rom.cc:155:do_switch$1032$rdmux[0][4][15]$b$3922 [3:0]
      New connections: $memory$auto$proc_rom.cc:155:do_switch$1032$rdmux[0][4][15]$b$3922 [9:4] = 6'000000
    Consolidated identical input bits for $mux cell $memory$auto$proc_rom.cc:155:do_switch$1032$rdmux[0][5][30]$4013:
      Old ports: A=$memory$auto$proc_rom.cc:155:do_switch$1032$rdmux[0][5][30]$a$4014, B=$memory$auto$proc_rom.cc:155:do_switch$1032$rdmux[0][5][30]$b$4015, Y=$memory$auto$proc_rom.cc:155:do_switch$1032$rdmux[0][4][15]$a$3921
      New ports: A={ 1'1 $memory$auto$proc_rom.cc:155:do_switch$1032$rdmux[0][5][30]$a$4014 [3:0] }, B={ $memory$auto$proc_rom.cc:155:do_switch$1032$rdmux[0][5][30]$b$4015 [4] $memory$auto$proc_rom.cc:155:do_switch$1032$rdmux[0][5][30]$b$4015 [0] $memory$auto$proc_rom.cc:155:do_switch$1032$rdmux[0][5][30]$b$4015 [0] $memory$auto$proc_rom.cc:155:do_switch$1032$rdmux[0][5][30]$b$4015 [1:0] }, Y=$memory$auto$proc_rom.cc:155:do_switch$1032$rdmux[0][4][15]$a$3921 [4:0]
      New connections: $memory$auto$proc_rom.cc:155:do_switch$1032$rdmux[0][4][15]$a$3921 [9:5] = 5'00000
    Consolidated identical input bits for $mux cell $memory$auto$proc_rom.cc:155:do_switch$1032$rdmux[0][5][29]$4010:
      Old ports: A=$memory$auto$proc_rom.cc:155:do_switch$1032$rdmux[0][5][29]$a$4011, B=$memory$auto$proc_rom.cc:155:do_switch$1032$rdmux[0][5][29]$b$4012, Y=$memory$auto$proc_rom.cc:155:do_switch$1032$rdmux[0][4][14]$b$3919
      New ports: A={ 2'10 $memory$auto$proc_rom.cc:155:do_switch$1032$rdmux[0][5][29]$a$4011 [2:0] }, B={ 2'01 $memory$auto$proc_rom.cc:155:do_switch$1032$rdmux[0][5][29]$b$4012 [2:0] }, Y={ $memory$auto$proc_rom.cc:155:do_switch$1032$rdmux[0][4][14]$b$3919 [5] $memory$auto$proc_rom.cc:155:do_switch$1032$rdmux[0][4][14]$b$3919 [3:0] }
      New connections: { $memory$auto$proc_rom.cc:155:do_switch$1032$rdmux[0][4][14]$b$3919 [9:6] $memory$auto$proc_rom.cc:155:do_switch$1032$rdmux[0][4][14]$b$3919 [4] } = { 4'0000 $memory$auto$proc_rom.cc:155:do_switch$1032$rdmux[0][4][14]$b$3919 [3] }
    Consolidated identical input bits for $mux cell $memory$auto$proc_rom.cc:155:do_switch$1032$rdmux[0][5][28]$4007:
      Old ports: A=$memory$auto$proc_rom.cc:155:do_switch$1032$rdmux[0][5][28]$a$4008, B=$memory$auto$proc_rom.cc:155:do_switch$1032$rdmux[0][5][28]$b$4009, Y=$memory$auto$proc_rom.cc:155:do_switch$1032$rdmux[0][4][14]$a$3918
      New ports: A={ $memory$auto$proc_rom.cc:155:do_switch$1032$rdmux[0][5][28]$a$4008 [4] $memory$auto$proc_rom.cc:155:do_switch$1032$rdmux[0][5][28]$a$4008 [2] $memory$auto$proc_rom.cc:155:do_switch$1032$rdmux[0][5][28]$a$4008 [2:0] }, B={ 1'0 $memory$auto$proc_rom.cc:155:do_switch$1032$rdmux[0][5][28]$b$4009 [3:0] }, Y=$memory$auto$proc_rom.cc:155:do_switch$1032$rdmux[0][4][14]$a$3918 [4:0]
      New connections: $memory$auto$proc_rom.cc:155:do_switch$1032$rdmux[0][4][14]$a$3918 [9:5] = 5'00001
    Consolidated identical input bits for $mux cell $memory$auto$proc_rom.cc:155:do_switch$1032$rdmux[0][5][27]$4004:
      Old ports: A=$memory$auto$proc_rom.cc:155:do_switch$1032$rdmux[0][5][27]$a$4005, B=$memory$auto$proc_rom.cc:155:do_switch$1032$rdmux[0][5][27]$b$4006, Y=$memory$auto$proc_rom.cc:155:do_switch$1032$rdmux[0][4][13]$b$3916
      New ports: A={ $memory$auto$proc_rom.cc:155:do_switch$1032$rdmux[0][5][27]$a$4005 [6] $memory$auto$proc_rom.cc:155:do_switch$1032$rdmux[0][5][27]$a$4005 [2] $memory$auto$proc_rom.cc:155:do_switch$1032$rdmux[0][5][27]$a$4005 [2] $memory$auto$proc_rom.cc:155:do_switch$1032$rdmux[0][5][27]$a$4005 [2:0] }, B={ 2'01 $memory$auto$proc_rom.cc:155:do_switch$1032$rdmux[0][5][27]$b$4006 [3:0] }, Y={ $memory$auto$proc_rom.cc:155:do_switch$1032$rdmux[0][4][13]$b$3916 [6] $memory$auto$proc_rom.cc:155:do_switch$1032$rdmux[0][4][13]$b$3916 [4:0] }
      New connections: { $memory$auto$proc_rom.cc:155:do_switch$1032$rdmux[0][4][13]$b$3916 [9:7] $memory$auto$proc_rom.cc:155:do_switch$1032$rdmux[0][4][13]$b$3916 [5] } = { 3'000 $memory$auto$proc_rom.cc:155:do_switch$1032$rdmux[0][4][13]$b$3916 [4] }
    Consolidated identical input bits for $mux cell $memory$auto$proc_rom.cc:155:do_switch$1032$rdmux[0][5][26]$4001:
      Old ports: A=$memory$auto$proc_rom.cc:155:do_switch$1032$rdmux[0][5][26]$a$4002, B=$memory$auto$proc_rom.cc:155:do_switch$1032$rdmux[0][5][26]$b$4003, Y=$memory$auto$proc_rom.cc:155:do_switch$1032$rdmux[0][4][13]$a$3915
      New ports: A={ $memory$auto$proc_rom.cc:155:do_switch$1032$rdmux[0][5][26]$a$4002 [4:1] 1'0 }, B={ 1'0 $memory$auto$proc_rom.cc:155:do_switch$1032$rdmux[0][5][26]$b$4003 [3:0] }, Y=$memory$auto$proc_rom.cc:155:do_switch$1032$rdmux[0][4][13]$a$3915 [4:0]
      New connections: $memory$auto$proc_rom.cc:155:do_switch$1032$rdmux[0][4][13]$a$3915 [9:5] = 5'00010
    Consolidated identical input bits for $mux cell $memory$auto$proc_rom.cc:155:do_switch$1032$rdmux[0][5][25]$3998:
      Old ports: A=$memory$auto$proc_rom.cc:155:do_switch$1032$rdmux[0][5][25]$a$3999, B=$memory$auto$proc_rom.cc:155:do_switch$1032$rdmux[0][5][25]$b$4000, Y=$memory$auto$proc_rom.cc:155:do_switch$1032$rdmux[0][4][12]$b$3913
      New ports: A={ 1'1 $memory$auto$proc_rom.cc:155:do_switch$1032$rdmux[0][5][25]$a$3999 [2:1] 1'1 }, B={ 1'0 $memory$auto$proc_rom.cc:155:do_switch$1032$rdmux[0][5][25]$b$4000 [2:0] }, Y=$memory$auto$proc_rom.cc:155:do_switch$1032$rdmux[0][4][12]$b$3913 [3:0]
      New connections: $memory$auto$proc_rom.cc:155:do_switch$1032$rdmux[0][4][12]$b$3913 [9:4] = 6'000101
    Consolidated identical input bits for $mux cell $memory$auto$proc_rom.cc:155:do_switch$1032$rdmux[0][5][24]$3995:
      Old ports: A=$memory$auto$proc_rom.cc:155:do_switch$1032$rdmux[0][5][24]$a$3996, B=$memory$auto$proc_rom.cc:155:do_switch$1032$rdmux[0][5][24]$b$3997, Y=$memory$auto$proc_rom.cc:155:do_switch$1032$rdmux[0][4][12]$a$3912
      New ports: A={ 1'1 $memory$auto$proc_rom.cc:155:do_switch$1032$rdmux[0][5][24]$a$3996 [2:1] }, B={ 1'0 $memory$auto$proc_rom.cc:155:do_switch$1032$rdmux[0][5][24]$b$3997 [2:1] }, Y=$memory$auto$proc_rom.cc:155:do_switch$1032$rdmux[0][4][12]$a$3912 [3:1]
      New connections: { $memory$auto$proc_rom.cc:155:do_switch$1032$rdmux[0][4][12]$a$3912 [9:4] $memory$auto$proc_rom.cc:155:do_switch$1032$rdmux[0][4][12]$a$3912 [0] } = 7'0001101
    Consolidated identical input bits for $mux cell $memory$auto$proc_rom.cc:155:do_switch$1032$rdmux[0][5][23]$3992:
      Old ports: A=$memory$auto$proc_rom.cc:155:do_switch$1032$rdmux[0][5][23]$a$3993, B=$memory$auto$proc_rom.cc:155:do_switch$1032$rdmux[0][5][23]$b$3994, Y=$memory$auto$proc_rom.cc:155:do_switch$1032$rdmux[0][4][11]$b$3910
      New ports: A={ $memory$auto$proc_rom.cc:155:do_switch$1032$rdmux[0][5][23]$a$3993 [7] $memory$auto$proc_rom.cc:155:do_switch$1032$rdmux[0][5][23]$a$3993 [3] $memory$auto$proc_rom.cc:155:do_switch$1032$rdmux[0][5][23]$a$3993 [3:0] }, B={ 3'010 $memory$auto$proc_rom.cc:155:do_switch$1032$rdmux[0][5][23]$b$3994 [2:1] 1'1 }, Y={ $memory$auto$proc_rom.cc:155:do_switch$1032$rdmux[0][4][11]$b$3910 [7] $memory$auto$proc_rom.cc:155:do_switch$1032$rdmux[0][4][11]$b$3910 [4:0] }
      New connections: { $memory$auto$proc_rom.cc:155:do_switch$1032$rdmux[0][4][11]$b$3910 [9:8] $memory$auto$proc_rom.cc:155:do_switch$1032$rdmux[0][4][11]$b$3910 [6:5] } = { 2'00 $memory$auto$proc_rom.cc:155:do_switch$1032$rdmux[0][4][11]$b$3910 [4] $memory$auto$proc_rom.cc:155:do_switch$1032$rdmux[0][4][11]$b$3910 [4] }
    Consolidated identical input bits for $mux cell $memory$auto$proc_rom.cc:155:do_switch$1032$rdmux[0][5][22]$3989:
      Old ports: A=$memory$auto$proc_rom.cc:155:do_switch$1032$rdmux[0][5][22]$a$3990, B=$memory$auto$proc_rom.cc:155:do_switch$1032$rdmux[0][5][22]$b$3991, Y=$memory$auto$proc_rom.cc:155:do_switch$1032$rdmux[0][4][11]$a$3909
      New ports: A={ $memory$auto$proc_rom.cc:155:do_switch$1032$rdmux[0][5][22]$a$3990 [4:1] 1'1 }, B={ 1'0 $memory$auto$proc_rom.cc:155:do_switch$1032$rdmux[0][5][22]$b$3991 [3:1] 1'0 }, Y=$memory$auto$proc_rom.cc:155:do_switch$1032$rdmux[0][4][11]$a$3909 [4:0]
      New connections: $memory$auto$proc_rom.cc:155:do_switch$1032$rdmux[0][4][11]$a$3909 [9:5] = 5'00100
    Consolidated identical input bits for $mux cell $memory$auto$proc_rom.cc:155:do_switch$1032$rdmux[0][5][21]$3986:
      Old ports: A=$memory$auto$proc_rom.cc:155:do_switch$1032$rdmux[0][5][21]$a$3987, B=$memory$auto$proc_rom.cc:155:do_switch$1032$rdmux[0][5][21]$b$3988, Y=$memory$auto$proc_rom.cc:155:do_switch$1032$rdmux[0][4][10]$b$3907
      New ports: A={ $memory$auto$proc_rom.cc:155:do_switch$1032$rdmux[0][5][21]$a$3987 [5] $memory$auto$proc_rom.cc:155:do_switch$1032$rdmux[0][5][21]$a$3987 [2] $memory$auto$proc_rom.cc:155:do_switch$1032$rdmux[0][5][21]$a$3987 [2] $memory$auto$proc_rom.cc:155:do_switch$1032$rdmux[0][5][21]$a$3987 [2:0] }, B={ 2'01 $memory$auto$proc_rom.cc:155:do_switch$1032$rdmux[0][5][21]$b$3988 [3:0] }, Y=$memory$auto$proc_rom.cc:155:do_switch$1032$rdmux[0][4][10]$b$3907 [5:0]
      New connections: $memory$auto$proc_rom.cc:155:do_switch$1032$rdmux[0][4][10]$b$3907 [9:6] = 4'0010
    Consolidated identical input bits for $mux cell $memory$auto$proc_rom.cc:155:do_switch$1032$rdmux[0][5][20]$3983:
      Old ports: A=$memory$auto$proc_rom.cc:155:do_switch$1032$rdmux[0][5][20]$a$3984, B=$memory$auto$proc_rom.cc:155:do_switch$1032$rdmux[0][5][20]$b$3985, Y=$memory$auto$proc_rom.cc:155:do_switch$1032$rdmux[0][4][10]$a$3906
      New ports: A=$memory$auto$proc_rom.cc:155:do_switch$1032$rdmux[0][5][20]$a$3984 [4:0], B={ 1'0 $memory$auto$proc_rom.cc:155:do_switch$1032$rdmux[0][5][20]$b$3985 [3:0] }, Y=$memory$auto$proc_rom.cc:155:do_switch$1032$rdmux[0][4][10]$a$3906 [4:0]
      New connections: $memory$auto$proc_rom.cc:155:do_switch$1032$rdmux[0][4][10]$a$3906 [9:5] = 5'00101
    Consolidated identical input bits for $mux cell $memory$auto$proc_rom.cc:155:do_switch$1032$rdmux[0][5][19]$3980:
      Old ports: A=$memory$auto$proc_rom.cc:155:do_switch$1032$rdmux[0][5][19]$a$3981, B=$memory$auto$proc_rom.cc:155:do_switch$1032$rdmux[0][5][19]$b$3982, Y=$memory$auto$proc_rom.cc:155:do_switch$1032$rdmux[0][4][9]$b$3904
      New ports: A={ 2'10 $memory$auto$proc_rom.cc:155:do_switch$1032$rdmux[0][5][19]$a$3981 [3:0] }, B={ $memory$auto$proc_rom.cc:155:do_switch$1032$rdmux[0][5][19]$b$3982 [6] $memory$auto$proc_rom.cc:155:do_switch$1032$rdmux[0][5][19]$b$3982 [3] $memory$auto$proc_rom.cc:155:do_switch$1032$rdmux[0][5][19]$b$3982 [3:0] }, Y={ $memory$auto$proc_rom.cc:155:do_switch$1032$rdmux[0][4][9]$b$3904 [6] $memory$auto$proc_rom.cc:155:do_switch$1032$rdmux[0][4][9]$b$3904 [4:0] }
      New connections: { $memory$auto$proc_rom.cc:155:do_switch$1032$rdmux[0][4][9]$b$3904 [9:7] $memory$auto$proc_rom.cc:155:do_switch$1032$rdmux[0][4][9]$b$3904 [5] } = { 3'001 $memory$auto$proc_rom.cc:155:do_switch$1032$rdmux[0][4][9]$b$3904 [4] }
    Consolidated identical input bits for $mux cell $memory$auto$proc_rom.cc:155:do_switch$1032$rdmux[0][5][18]$3977:
      Old ports: A=$memory$auto$proc_rom.cc:155:do_switch$1032$rdmux[0][5][18]$a$3978, B=$memory$auto$proc_rom.cc:155:do_switch$1032$rdmux[0][5][18]$b$3979, Y=$memory$auto$proc_rom.cc:155:do_switch$1032$rdmux[0][4][9]$a$3903
      New ports: A={ $memory$auto$proc_rom.cc:155:do_switch$1032$rdmux[0][5][18]$a$3978 [5] $memory$auto$proc_rom.cc:155:do_switch$1032$rdmux[0][5][18]$a$3978 [3] $memory$auto$proc_rom.cc:155:do_switch$1032$rdmux[0][5][18]$a$3978 [3:0] }, B={ 1'0 $memory$auto$proc_rom.cc:155:do_switch$1032$rdmux[0][5][18]$b$3979 [4:0] }, Y=$memory$auto$proc_rom.cc:155:do_switch$1032$rdmux[0][4][9]$a$3903 [5:0]
      New connections: $memory$auto$proc_rom.cc:155:do_switch$1032$rdmux[0][4][9]$a$3903 [9:6] = 4'0011
    Consolidated identical input bits for $mux cell $memory$auto$proc_rom.cc:155:do_switch$1032$rdmux[0][5][17]$3974:
      Old ports: A=$memory$auto$proc_rom.cc:155:do_switch$1032$rdmux[0][5][17]$a$3975, B=$memory$auto$proc_rom.cc:155:do_switch$1032$rdmux[0][5][17]$b$3976, Y=$memory$auto$proc_rom.cc:155:do_switch$1032$rdmux[0][4][8]$b$3901
      New ports: A=$memory$auto$proc_rom.cc:155:do_switch$1032$rdmux[0][5][17]$a$3975 [4:0], B={ 1'0 $memory$auto$proc_rom.cc:155:do_switch$1032$rdmux[0][5][17]$b$3976 [3:0] }, Y=$memory$auto$proc_rom.cc:155:do_switch$1032$rdmux[0][4][8]$b$3901 [4:0]
      New connections: $memory$auto$proc_rom.cc:155:do_switch$1032$rdmux[0][4][8]$b$3901 [9:5] = 5'00111
    Consolidated identical input bits for $mux cell $memory$auto$proc_rom.cc:155:do_switch$1032$rdmux[0][5][16]$3971:
      Old ports: A=$memory$auto$proc_rom.cc:155:do_switch$1032$rdmux[0][5][16]$a$3972, B=$memory$auto$proc_rom.cc:155:do_switch$1032$rdmux[0][5][16]$b$3973, Y=$memory$auto$proc_rom.cc:155:do_switch$1032$rdmux[0][4][8]$a$3900
      New ports: A={ 2'10 $memory$auto$proc_rom.cc:155:do_switch$1032$rdmux[0][5][16]$a$3972 [3:0] }, B={ $memory$auto$proc_rom.cc:155:do_switch$1032$rdmux[0][5][16]$b$3973 [8] $memory$auto$proc_rom.cc:155:do_switch$1032$rdmux[0][5][16]$b$3973 [3] $memory$auto$proc_rom.cc:155:do_switch$1032$rdmux[0][5][16]$b$3973 [3:0] }, Y={ $memory$auto$proc_rom.cc:155:do_switch$1032$rdmux[0][4][8]$a$3900 [8] $memory$auto$proc_rom.cc:155:do_switch$1032$rdmux[0][4][8]$a$3900 [4:0] }
      New connections: { $memory$auto$proc_rom.cc:155:do_switch$1032$rdmux[0][4][8]$a$3900 [9] $memory$auto$proc_rom.cc:155:do_switch$1032$rdmux[0][4][8]$a$3900 [7:5] } = { 1'0 $memory$auto$proc_rom.cc:155:do_switch$1032$rdmux[0][4][8]$a$3900 [4] $memory$auto$proc_rom.cc:155:do_switch$1032$rdmux[0][4][8]$a$3900 [4] $memory$auto$proc_rom.cc:155:do_switch$1032$rdmux[0][4][8]$a$3900 [4] }
    Consolidated identical input bits for $mux cell $memory$auto$proc_rom.cc:155:do_switch$1032$rdmux[0][5][15]$3968:
      Old ports: A=$memory$auto$proc_rom.cc:155:do_switch$1032$rdmux[0][5][15]$a$3969, B=$memory$auto$proc_rom.cc:155:do_switch$1032$rdmux[0][5][15]$b$3970, Y=$memory$auto$proc_rom.cc:155:do_switch$1032$rdmux[0][4][7]$b$3898
      New ports: A={ $memory$auto$proc_rom.cc:155:do_switch$1032$rdmux[0][5][15]$a$3969 [5] $memory$auto$proc_rom.cc:155:do_switch$1032$rdmux[0][5][15]$a$3969 [3] $memory$auto$proc_rom.cc:155:do_switch$1032$rdmux[0][5][15]$a$3969 [3:0] }, B={ 2'01 $memory$auto$proc_rom.cc:155:do_switch$1032$rdmux[0][5][15]$b$3970 [3:0] }, Y=$memory$auto$proc_rom.cc:155:do_switch$1032$rdmux[0][4][7]$b$3898 [5:0]
      New connections: $memory$auto$proc_rom.cc:155:do_switch$1032$rdmux[0][4][7]$b$3898 [9:6] = 4'0100
    Consolidated identical input bits for $mux cell $memory$auto$proc_rom.cc:155:do_switch$1032$rdmux[0][5][14]$3965:
      Old ports: A=$memory$auto$proc_rom.cc:155:do_switch$1032$rdmux[0][5][14]$a$3966, B=$memory$auto$proc_rom.cc:155:do_switch$1032$rdmux[0][5][14]$b$3967, Y=$memory$auto$proc_rom.cc:155:do_switch$1032$rdmux[0][4][7]$a$3897
      New ports: A={ $memory$auto$proc_rom.cc:155:do_switch$1032$rdmux[0][5][14]$a$3966 [6] $memory$auto$proc_rom.cc:155:do_switch$1032$rdmux[0][5][14]$a$3966 [1] $memory$auto$proc_rom.cc:155:do_switch$1032$rdmux[0][5][14]$a$3966 [1] $memory$auto$proc_rom.cc:155:do_switch$1032$rdmux[0][5][14]$a$3966 [3:0] }, B={ 2'01 $memory$auto$proc_rom.cc:155:do_switch$1032$rdmux[0][5][14]$b$3967 [4:0] }, Y=$memory$auto$proc_rom.cc:155:do_switch$1032$rdmux[0][4][7]$a$3897 [6:0]
      New connections: $memory$auto$proc_rom.cc:155:do_switch$1032$rdmux[0][4][7]$a$3897 [9:7] = 3'010
    Consolidated identical input bits for $mux cell $memory$auto$proc_rom.cc:155:do_switch$1032$rdmux[0][5][13]$3962:
      Old ports: A=$memory$auto$proc_rom.cc:155:do_switch$1032$rdmux[0][5][13]$a$3963, B=$memory$auto$proc_rom.cc:155:do_switch$1032$rdmux[0][5][13]$b$3964, Y=$memory$auto$proc_rom.cc:155:do_switch$1032$rdmux[0][4][6]$b$3895
      New ports: A={ 1'1 $memory$auto$proc_rom.cc:155:do_switch$1032$rdmux[0][5][13]$a$3963 [3:0] }, B={ 1'0 $memory$auto$proc_rom.cc:155:do_switch$1032$rdmux[0][5][13]$b$3964 [3:2] $memory$auto$proc_rom.cc:155:do_switch$1032$rdmux[0][5][13]$b$3964 [0] $memory$auto$proc_rom.cc:155:do_switch$1032$rdmux[0][5][13]$b$3964 [0] }, Y=$memory$auto$proc_rom.cc:155:do_switch$1032$rdmux[0][4][6]$b$3895 [4:0]
      New connections: $memory$auto$proc_rom.cc:155:do_switch$1032$rdmux[0][4][6]$b$3895 [9:5] = 5'01010
    Consolidated identical input bits for $mux cell $memory$auto$proc_rom.cc:155:do_switch$1032$rdmux[0][5][12]$3959:
      Old ports: A=$memory$auto$proc_rom.cc:155:do_switch$1032$rdmux[0][5][12]$a$3960, B=$memory$auto$proc_rom.cc:155:do_switch$1032$rdmux[0][5][12]$b$3961, Y=$memory$auto$proc_rom.cc:155:do_switch$1032$rdmux[0][4][6]$a$3894
      New ports: A={ 1'1 $memory$auto$proc_rom.cc:155:do_switch$1032$rdmux[0][5][12]$a$3960 [3:2] $memory$auto$proc_rom.cc:155:do_switch$1032$rdmux[0][5][12]$a$3960 [0] $memory$auto$proc_rom.cc:155:do_switch$1032$rdmux[0][5][12]$a$3960 [0] }, B={ 1'0 $memory$auto$proc_rom.cc:155:do_switch$1032$rdmux[0][5][12]$b$3961 [3:2] 1'0 $memory$auto$proc_rom.cc:155:do_switch$1032$rdmux[0][5][12]$b$3961 [0] }, Y=$memory$auto$proc_rom.cc:155:do_switch$1032$rdmux[0][4][6]$a$3894 [4:0]
      New connections: $memory$auto$proc_rom.cc:155:do_switch$1032$rdmux[0][4][6]$a$3894 [9:5] = 5'01011
    Consolidated identical input bits for $mux cell $memory$auto$proc_rom.cc:155:do_switch$1032$rdmux[0][5][11]$3956:
      Old ports: A=$memory$auto$proc_rom.cc:155:do_switch$1032$rdmux[0][5][11]$a$3957, B=$memory$auto$proc_rom.cc:155:do_switch$1032$rdmux[0][5][11]$b$3958, Y=$memory$auto$proc_rom.cc:155:do_switch$1032$rdmux[0][4][5]$b$3892
      New ports: A={ 2'10 $memory$auto$proc_rom.cc:155:do_switch$1032$rdmux[0][5][11]$a$3957 [4:2] }, B={ $memory$auto$proc_rom.cc:155:do_switch$1032$rdmux[0][5][11]$b$3958 [7] $memory$auto$proc_rom.cc:155:do_switch$1032$rdmux[0][5][11]$b$3958 [4] $memory$auto$proc_rom.cc:155:do_switch$1032$rdmux[0][5][11]$b$3958 [4:2] }, Y={ $memory$auto$proc_rom.cc:155:do_switch$1032$rdmux[0][4][5]$b$3892 [7] $memory$auto$proc_rom.cc:155:do_switch$1032$rdmux[0][4][5]$b$3892 [5:2] }
      New connections: { $memory$auto$proc_rom.cc:155:do_switch$1032$rdmux[0][4][5]$b$3892 [9:8] $memory$auto$proc_rom.cc:155:do_switch$1032$rdmux[0][4][5]$b$3892 [6] $memory$auto$proc_rom.cc:155:do_switch$1032$rdmux[0][4][5]$b$3892 [1:0] } = { 2'01 $memory$auto$proc_rom.cc:155:do_switch$1032$rdmux[0][4][5]$b$3892 [5] 2'11 }
    Consolidated identical input bits for $mux cell $memory$auto$proc_rom.cc:155:do_switch$1032$rdmux[0][5][10]$3953:
      Old ports: A=$memory$auto$proc_rom.cc:155:do_switch$1032$rdmux[0][5][10]$a$3954, B=$memory$auto$proc_rom.cc:155:do_switch$1032$rdmux[0][5][10]$b$3955, Y=$memory$auto$proc_rom.cc:155:do_switch$1032$rdmux[0][4][5]$a$3891
      New ports: A={ 2'11 $memory$auto$proc_rom.cc:155:do_switch$1032$rdmux[0][5][10]$a$3954 [0] $memory$auto$proc_rom.cc:155:do_switch$1032$rdmux[0][5][10]$a$3954 [2] 1'0 $memory$auto$proc_rom.cc:155:do_switch$1032$rdmux[0][5][10]$a$3954 [0] }, B={ $memory$auto$proc_rom.cc:155:do_switch$1032$rdmux[0][5][10]$b$3955 [5:2] $memory$auto$proc_rom.cc:155:do_switch$1032$rdmux[0][5][10]$b$3955 [0] $memory$auto$proc_rom.cc:155:do_switch$1032$rdmux[0][5][10]$b$3955 [0] }, Y=$memory$auto$proc_rom.cc:155:do_switch$1032$rdmux[0][4][5]$a$3891 [5:0]
      New connections: $memory$auto$proc_rom.cc:155:do_switch$1032$rdmux[0][4][5]$a$3891 [9:6] = 4'0110
    Consolidated identical input bits for $mux cell $memory$auto$proc_rom.cc:155:do_switch$1032$rdmux[0][5][9]$3950:
      Old ports: A=$memory$auto$proc_rom.cc:155:do_switch$1032$rdmux[0][5][9]$a$3951, B=$memory$auto$proc_rom.cc:155:do_switch$1032$rdmux[0][5][9]$b$3952, Y=$memory$auto$proc_rom.cc:155:do_switch$1032$rdmux[0][4][4]$b$3889
      New ports: A={ $memory$auto$proc_rom.cc:155:do_switch$1032$rdmux[0][5][9]$a$3951 [1] $memory$auto$proc_rom.cc:155:do_switch$1032$rdmux[0][5][9]$a$3951 [4:0] }, B={ 2'00 $memory$auto$proc_rom.cc:155:do_switch$1032$rdmux[0][5][9]$b$3952 [0] $memory$auto$proc_rom.cc:155:do_switch$1032$rdmux[0][5][9]$b$3952 [2] 1'1 $memory$auto$proc_rom.cc:155:do_switch$1032$rdmux[0][5][9]$b$3952 [0] }, Y=$memory$auto$proc_rom.cc:155:do_switch$1032$rdmux[0][4][4]$b$3889 [5:0]
      New connections: $memory$auto$proc_rom.cc:155:do_switch$1032$rdmux[0][4][4]$b$3889 [9:6] = 4'0111
    Consolidated identical input bits for $mux cell $memory$auto$proc_rom.cc:155:do_switch$1032$rdmux[0][5][8]$3947:
      Old ports: A=$memory$auto$proc_rom.cc:155:do_switch$1032$rdmux[0][5][8]$a$3948, B=$memory$auto$proc_rom.cc:155:do_switch$1032$rdmux[0][5][8]$b$3949, Y=$memory$auto$proc_rom.cc:155:do_switch$1032$rdmux[0][4][4]$a$3888
      New ports: A={ $memory$auto$proc_rom.cc:155:do_switch$1032$rdmux[0][5][8]$a$3948 [9] $memory$auto$proc_rom.cc:155:do_switch$1032$rdmux[0][5][8]$a$3948 [4] $memory$auto$proc_rom.cc:155:do_switch$1032$rdmux[0][5][8]$a$3948 [4] $memory$auto$proc_rom.cc:155:do_switch$1032$rdmux[0][5][8]$a$3948 [1] $memory$auto$proc_rom.cc:155:do_switch$1032$rdmux[0][5][8]$a$3948 [2:0] }, B={ 2'01 $memory$auto$proc_rom.cc:155:do_switch$1032$rdmux[0][5][8]$b$3949 [4:0] }, Y={ $memory$auto$proc_rom.cc:155:do_switch$1032$rdmux[0][4][4]$a$3888 [9] $memory$auto$proc_rom.cc:155:do_switch$1032$rdmux[0][4][4]$a$3888 [5:0] }
      New connections: $memory$auto$proc_rom.cc:155:do_switch$1032$rdmux[0][4][4]$a$3888 [8:6] = { $memory$auto$proc_rom.cc:155:do_switch$1032$rdmux[0][4][4]$a$3888 [5] $memory$auto$proc_rom.cc:155:do_switch$1032$rdmux[0][4][4]$a$3888 [5] $memory$auto$proc_rom.cc:155:do_switch$1032$rdmux[0][4][4]$a$3888 [5] }
    Consolidated identical input bits for $mux cell $memory$auto$proc_rom.cc:155:do_switch$1032$rdmux[0][5][7]$3944:
      Old ports: A=$memory$auto$proc_rom.cc:155:do_switch$1032$rdmux[0][5][7]$a$3945, B=$memory$auto$proc_rom.cc:155:do_switch$1032$rdmux[0][5][7]$b$3946, Y=$memory$auto$proc_rom.cc:155:do_switch$1032$rdmux[0][4][3]$b$3886
      New ports: A={ 1'1 $memory$auto$proc_rom.cc:155:do_switch$1032$rdmux[0][5][7]$a$3945 [4:0] }, B={ 1'0 $memory$auto$proc_rom.cc:155:do_switch$1032$rdmux[0][5][7]$b$3946 [4] $memory$auto$proc_rom.cc:155:do_switch$1032$rdmux[0][5][7]$b$3946 [0] $memory$auto$proc_rom.cc:155:do_switch$1032$rdmux[0][5][7]$b$3946 [2:0] }, Y=$memory$auto$proc_rom.cc:155:do_switch$1032$rdmux[0][4][3]$b$3886 [5:0]
      New connections: $memory$auto$proc_rom.cc:155:do_switch$1032$rdmux[0][4][3]$b$3886 [9:6] = 4'1000
    Consolidated identical input bits for $mux cell $memory$auto$proc_rom.cc:155:do_switch$1032$rdmux[0][5][6]$3941:
      Old ports: A=$memory$auto$proc_rom.cc:155:do_switch$1032$rdmux[0][5][6]$a$3942, B=$memory$auto$proc_rom.cc:155:do_switch$1032$rdmux[0][5][6]$b$3943, Y=$memory$auto$proc_rom.cc:155:do_switch$1032$rdmux[0][4][3]$a$3885
      New ports: A={ 1'1 $memory$auto$proc_rom.cc:155:do_switch$1032$rdmux[0][5][6]$a$3942 [5:1] 1'1 }, B={ $memory$auto$proc_rom.cc:155:do_switch$1032$rdmux[0][5][6]$b$3943 [6] $memory$auto$proc_rom.cc:155:do_switch$1032$rdmux[0][5][6]$b$3943 [4] $memory$auto$proc_rom.cc:155:do_switch$1032$rdmux[0][5][6]$b$3943 [4:0] }, Y=$memory$auto$proc_rom.cc:155:do_switch$1032$rdmux[0][4][3]$a$3885 [6:0]
      New connections: $memory$auto$proc_rom.cc:155:do_switch$1032$rdmux[0][4][3]$a$3885 [9:7] = 3'100
    Consolidated identical input bits for $mux cell $memory$auto$proc_rom.cc:155:do_switch$1032$rdmux[0][5][5]$3938:
      Old ports: A=$memory$auto$proc_rom.cc:155:do_switch$1032$rdmux[0][5][5]$a$3939, B=$memory$auto$proc_rom.cc:155:do_switch$1032$rdmux[0][5][5]$b$3940, Y=$memory$auto$proc_rom.cc:155:do_switch$1032$rdmux[0][4][2]$b$3883
      New ports: A={ 2'10 $memory$auto$proc_rom.cc:155:do_switch$1032$rdmux[0][5][5]$a$3939 [4:0] }, B={ 2'01 $memory$auto$proc_rom.cc:155:do_switch$1032$rdmux[0][5][5]$b$3940 [4:0] }, Y={ $memory$auto$proc_rom.cc:155:do_switch$1032$rdmux[0][4][2]$b$3883 [7] $memory$auto$proc_rom.cc:155:do_switch$1032$rdmux[0][4][2]$b$3883 [5:0] }
      New connections: { $memory$auto$proc_rom.cc:155:do_switch$1032$rdmux[0][4][2]$b$3883 [9:8] $memory$auto$proc_rom.cc:155:do_switch$1032$rdmux[0][4][2]$b$3883 [6] } = { 2'10 $memory$auto$proc_rom.cc:155:do_switch$1032$rdmux[0][4][2]$b$3883 [5] }
    Consolidated identical input bits for $mux cell $memory$auto$proc_rom.cc:155:do_switch$1032$rdmux[0][5][4]$3935:
      Old ports: A=$memory$auto$proc_rom.cc:155:do_switch$1032$rdmux[0][5][4]$a$3936, B=$memory$auto$proc_rom.cc:155:do_switch$1032$rdmux[0][5][4]$b$3937, Y=$memory$auto$proc_rom.cc:155:do_switch$1032$rdmux[0][4][2]$a$3882
      New ports: A={ $memory$auto$proc_rom.cc:155:do_switch$1032$rdmux[0][5][4]$a$3936 [6] $memory$auto$proc_rom.cc:155:do_switch$1032$rdmux[0][5][4]$a$3936 [4] $memory$auto$proc_rom.cc:155:do_switch$1032$rdmux[0][5][4]$a$3936 [4:3] $memory$auto$proc_rom.cc:155:do_switch$1032$rdmux[0][5][4]$a$3936 [1] $memory$auto$proc_rom.cc:155:do_switch$1032$rdmux[0][5][4]$a$3936 [1:0] }, B={ 1'0 $memory$auto$proc_rom.cc:155:do_switch$1032$rdmux[0][5][4]$b$3937 [5:4] $memory$auto$proc_rom.cc:155:do_switch$1032$rdmux[0][5][4]$b$3937 [0] $memory$auto$proc_rom.cc:155:do_switch$1032$rdmux[0][5][4]$b$3937 [2:0] }, Y=$memory$auto$proc_rom.cc:155:do_switch$1032$rdmux[0][4][2]$a$3882 [6:0]
      New connections: $memory$auto$proc_rom.cc:155:do_switch$1032$rdmux[0][4][2]$a$3882 [9:7] = 3'101
    Consolidated identical input bits for $mux cell $memory$auto$proc_rom.cc:155:do_switch$1032$rdmux[0][5][3]$3932:
      Old ports: A=$memory$auto$proc_rom.cc:155:do_switch$1032$rdmux[0][5][3]$a$3933, B=$memory$auto$proc_rom.cc:155:do_switch$1032$rdmux[0][5][3]$b$3934, Y=$memory$auto$proc_rom.cc:155:do_switch$1032$rdmux[0][4][1]$b$3880
      New ports: A={ $memory$auto$proc_rom.cc:155:do_switch$1032$rdmux[0][5][3]$a$3933 [8] $memory$auto$proc_rom.cc:155:do_switch$1032$rdmux[0][5][3]$a$3933 [4] $memory$auto$proc_rom.cc:155:do_switch$1032$rdmux[0][5][3]$a$3933 [4] $memory$auto$proc_rom.cc:155:do_switch$1032$rdmux[0][5][3]$a$3933 [4:3] 2'01 }, B={ 2'01 $memory$auto$proc_rom.cc:155:do_switch$1032$rdmux[0][5][3]$b$3934 [0] $memory$auto$proc_rom.cc:155:do_switch$1032$rdmux[0][5][3]$b$3934 [1] $memory$auto$proc_rom.cc:155:do_switch$1032$rdmux[0][5][3]$b$3934 [3] $memory$auto$proc_rom.cc:155:do_switch$1032$rdmux[0][5][3]$b$3934 [1:0] }, Y={ $memory$auto$proc_rom.cc:155:do_switch$1032$rdmux[0][4][1]$b$3880 [8] $memory$auto$proc_rom.cc:155:do_switch$1032$rdmux[0][4][1]$b$3880 [6:3] $memory$auto$proc_rom.cc:155:do_switch$1032$rdmux[0][4][1]$b$3880 [1:0] }
      New connections: { $memory$auto$proc_rom.cc:155:do_switch$1032$rdmux[0][4][1]$b$3880 [9] $memory$auto$proc_rom.cc:155:do_switch$1032$rdmux[0][4][1]$b$3880 [7] $memory$auto$proc_rom.cc:155:do_switch$1032$rdmux[0][4][1]$b$3880 [2] } = { 1'1 $memory$auto$proc_rom.cc:155:do_switch$1032$rdmux[0][4][1]$b$3880 [6] 1'1 }
    Consolidated identical input bits for $mux cell $memory$auto$proc_rom.cc:155:do_switch$1032$rdmux[0][5][2]$3929:
      Old ports: A=$memory$auto$proc_rom.cc:155:do_switch$1032$rdmux[0][5][2]$a$3930, B=$memory$auto$proc_rom.cc:155:do_switch$1032$rdmux[0][5][2]$b$3931, Y=$memory$auto$proc_rom.cc:155:do_switch$1032$rdmux[0][4][1]$a$3879
      New ports: A={ $memory$auto$proc_rom.cc:155:do_switch$1032$rdmux[0][5][2]$a$3930 [6:3] 1'0 $memory$auto$proc_rom.cc:155:do_switch$1032$rdmux[0][5][2]$a$3930 [1:0] }, B={ 1'0 $memory$auto$proc_rom.cc:155:do_switch$1032$rdmux[0][5][2]$b$3931 [5:3] 1'1 $memory$auto$proc_rom.cc:155:do_switch$1032$rdmux[0][5][2]$b$3931 [1:0] }, Y=$memory$auto$proc_rom.cc:155:do_switch$1032$rdmux[0][4][1]$a$3879 [6:0]
      New connections: $memory$auto$proc_rom.cc:155:do_switch$1032$rdmux[0][4][1]$a$3879 [9:7] = 3'110
    Consolidated identical input bits for $mux cell $memory$auto$proc_rom.cc:155:do_switch$1032$rdmux[0][5][1]$3926:
      Old ports: A=$memory$auto$proc_rom.cc:155:do_switch$1032$rdmux[0][5][1]$a$3927, B=$memory$auto$proc_rom.cc:155:do_switch$1032$rdmux[0][5][1]$b$3928, Y=$memory$auto$proc_rom.cc:155:do_switch$1032$rdmux[0][4][0]$b$3877
      New ports: A={ 2'10 $memory$auto$proc_rom.cc:155:do_switch$1032$rdmux[0][5][1]$a$3927 [5:1] 1'1 }, B={ 2'01 $memory$auto$proc_rom.cc:155:do_switch$1032$rdmux[0][5][1]$b$3928 [0] $memory$auto$proc_rom.cc:155:do_switch$1032$rdmux[0][5][1]$b$3928 [4:0] }, Y=$memory$auto$proc_rom.cc:155:do_switch$1032$rdmux[0][4][0]$b$3877 [7:0]
      New connections: $memory$auto$proc_rom.cc:155:do_switch$1032$rdmux[0][4][0]$b$3877 [9:8] = 2'11
    Consolidated identical input bits for $mux cell $memory$auto$proc_rom.cc:155:do_switch$1032$rdmux[0][5][0]$3923:
      Old ports: A=$memory$auto$proc_rom.cc:155:do_switch$1032$rdmux[0][5][0]$a$3924, B=$memory$auto$proc_rom.cc:155:do_switch$1032$rdmux[0][5][0]$b$3925, Y=$memory$auto$proc_rom.cc:155:do_switch$1032$rdmux[0][4][0]$a$3876
      New ports: A={ 1'1 $memory$auto$proc_rom.cc:155:do_switch$1032$rdmux[0][5][0]$a$3924 [5:2] 1'1 $memory$auto$proc_rom.cc:155:do_switch$1032$rdmux[0][5][0]$a$3924 [0] }, B={ $memory$auto$proc_rom.cc:155:do_switch$1032$rdmux[0][5][0]$b$3925 [6:5] $memory$auto$proc_rom.cc:155:do_switch$1032$rdmux[0][5][0]$b$3925 [1] $memory$auto$proc_rom.cc:155:do_switch$1032$rdmux[0][5][0]$b$3925 [3:0] }, Y=$memory$auto$proc_rom.cc:155:do_switch$1032$rdmux[0][4][0]$a$3876 [6:0]
      New connections: $memory$auto$proc_rom.cc:155:do_switch$1032$rdmux[0][4][0]$a$3876 [9:7] = 3'111
    Consolidated identical input bits for $mux cell $procmux$1347:
      Old ports: A=$9\approximate_rsqrt$func$rtl/fp16_rsqrt_lut256.sv:79$441.leading_one[31:0]$556, B=7, Y=$10\approximate_rsqrt$func$rtl/fp16_rsqrt_lut256.sv:79$441.leading_one[31:0]$559
      New ports: A={ $9\approximate_rsqrt$func$rtl/fp16_rsqrt_lut256.sv:79$441.leading_one[31:0]$556 [1] 1'1 $9\approximate_rsqrt$func$rtl/fp16_rsqrt_lut256.sv:79$441.leading_one[31:0]$556 [1:0] }, B=4'0011, Y={ $10\approximate_rsqrt$func$rtl/fp16_rsqrt_lut256.sv:79$441.leading_one[31:0]$559 [4:3] $10\approximate_rsqrt$func$rtl/fp16_rsqrt_lut256.sv:79$441.leading_one[31:0]$559 [1:0] }
      New connections: { $10\approximate_rsqrt$func$rtl/fp16_rsqrt_lut256.sv:79$441.leading_one[31:0]$559 [31:5] $10\approximate_rsqrt$func$rtl/fp16_rsqrt_lut256.sv:79$441.leading_one[31:0]$559 [2] } = { $10\approximate_rsqrt$func$rtl/fp16_rsqrt_lut256.sv:79$441.leading_one[31:0]$559 [4] $10\approximate_rsqrt$func$rtl/fp16_rsqrt_lut256.sv:79$441.leading_one[31:0]$559 [4] $10\approximate_rsqrt$func$rtl/fp16_rsqrt_lut256.sv:79$441.leading_one[31:0]$559 [4] $10\approximate_rsqrt$func$rtl/fp16_rsqrt_lut256.sv:79$441.leading_one[31:0]$559 [4] $10\approximate_rsqrt$func$rtl/fp16_rsqrt_lut256.sv:79$441.leading_one[31:0]$559 [4] $10\approximate_rsqrt$func$rtl/fp16_rsqrt_lut256.sv:79$441.leading_one[31:0]$559 [4] $10\approximate_rsqrt$func$rtl/fp16_rsqrt_lut256.sv:79$441.leading_one[31:0]$559 [4] $10\approximate_rsqrt$func$rtl/fp16_rsqrt_lut256.sv:79$441.leading_one[31:0]$559 [4] $10\approximate_rsqrt$func$rtl/fp16_rsqrt_lut256.sv:79$441.leading_one[31:0]$559 [4] $10\approximate_rsqrt$func$rtl/fp16_rsqrt_lut256.sv:79$441.leading_one[31:0]$559 [4] $10\approximate_rsqrt$func$rtl/fp16_rsqrt_lut256.sv:79$441.leading_one[31:0]$559 [4] $10\approximate_rsqrt$func$rtl/fp16_rsqrt_lut256.sv:79$441.leading_one[31:0]$559 [4] $10\approximate_rsqrt$func$rtl/fp16_rsqrt_lut256.sv:79$441.leading_one[31:0]$559 [4] $10\approximate_rsqrt$func$rtl/fp16_rsqrt_lut256.sv:79$441.leading_one[31:0]$559 [4] $10\approximate_rsqrt$func$rtl/fp16_rsqrt_lut256.sv:79$441.leading_one[31:0]$559 [4] $10\approximate_rsqrt$func$rtl/fp16_rsqrt_lut256.sv:79$441.leading_one[31:0]$559 [4] $10\approximate_rsqrt$func$rtl/fp16_rsqrt_lut256.sv:79$441.leading_one[31:0]$559 [4] $10\approximate_rsqrt$func$rtl/fp16_rsqrt_lut256.sv:79$441.leading_one[31:0]$559 [4] $10\approximate_rsqrt$func$rtl/fp16_rsqrt_lut256.sv:79$441.leading_one[31:0]$559 [4] $10\approximate_rsqrt$func$rtl/fp16_rsqrt_lut256.sv:79$441.leading_one[31:0]$559 [4] $10\approximate_rsqrt$func$rtl/fp16_rsqrt_lut256.sv:79$441.leading_one[31:0]$559 [4] $10\approximate_rsqrt$func$rtl/fp16_rsqrt_lut256.sv:79$441.leading_one[31:0]$559 [4] $10\approximate_rsqrt$func$rtl/fp16_rsqrt_lut256.sv:79$441.leading_one[31:0]$559 [4] $10\approximate_rsqrt$func$rtl/fp16_rsqrt_lut256.sv:79$441.leading_one[31:0]$559 [4] $10\approximate_rsqrt$func$rtl/fp16_rsqrt_lut256.sv:79$441.leading_one[31:0]$559 [4] $10\approximate_rsqrt$func$rtl/fp16_rsqrt_lut256.sv:79$441.leading_one[31:0]$559 [4] $10\approximate_rsqrt$func$rtl/fp16_rsqrt_lut256.sv:79$441.leading_one[31:0]$559 [4] $10\approximate_rsqrt$func$rtl/fp16_rsqrt_lut256.sv:79$441.leading_one[31:0]$559 [1] }
  Optimizing cells in module \fp16_rsqrt_lut256.
    Consolidated identical input bits for $mux cell $memory$auto$proc_rom.cc:155:do_switch$1032$rdmux[0][4][15]$3920:
      Old ports: A=$memory$auto$proc_rom.cc:155:do_switch$1032$rdmux[0][4][15]$a$3921, B=$memory$auto$proc_rom.cc:155:do_switch$1032$rdmux[0][4][15]$b$3922, Y=$memory$auto$proc_rom.cc:155:do_switch$1032$rdmux[0][3][7]$b$3874
      New ports: A=$memory$auto$proc_rom.cc:155:do_switch$1032$rdmux[0][4][15]$a$3921 [4:0], B={ 1'0 $memory$auto$proc_rom.cc:155:do_switch$1032$rdmux[0][4][15]$b$3922 [3:0] }, Y=$memory$auto$proc_rom.cc:155:do_switch$1032$rdmux[0][3][7]$b$3874 [4:0]
      New connections: $memory$auto$proc_rom.cc:155:do_switch$1032$rdmux[0][3][7]$b$3874 [9:5] = 5'00000
    Consolidated identical input bits for $mux cell $memory$auto$proc_rom.cc:155:do_switch$1032$rdmux[0][4][14]$3917:
      Old ports: A=$memory$auto$proc_rom.cc:155:do_switch$1032$rdmux[0][4][14]$a$3918, B=$memory$auto$proc_rom.cc:155:do_switch$1032$rdmux[0][4][14]$b$3919, Y=$memory$auto$proc_rom.cc:155:do_switch$1032$rdmux[0][3][7]$a$3873
      New ports: A={ 1'1 $memory$auto$proc_rom.cc:155:do_switch$1032$rdmux[0][4][14]$a$3918 [4:0] }, B={ $memory$auto$proc_rom.cc:155:do_switch$1032$rdmux[0][4][14]$b$3919 [5] $memory$auto$proc_rom.cc:155:do_switch$1032$rdmux[0][4][14]$b$3919 [3] $memory$auto$proc_rom.cc:155:do_switch$1032$rdmux[0][4][14]$b$3919 [3:0] }, Y=$memory$auto$proc_rom.cc:155:do_switch$1032$rdmux[0][3][7]$a$3873 [5:0]
      New connections: $memory$auto$proc_rom.cc:155:do_switch$1032$rdmux[0][3][7]$a$3873 [9:6] = 4'0000
    Consolidated identical input bits for $mux cell $memory$auto$proc_rom.cc:155:do_switch$1032$rdmux[0][4][13]$3914:
      Old ports: A=$memory$auto$proc_rom.cc:155:do_switch$1032$rdmux[0][4][13]$a$3915, B=$memory$auto$proc_rom.cc:155:do_switch$1032$rdmux[0][4][13]$b$3916, Y=$memory$auto$proc_rom.cc:155:do_switch$1032$rdmux[0][3][6]$b$3871
      New ports: A={ 2'10 $memory$auto$proc_rom.cc:155:do_switch$1032$rdmux[0][4][13]$a$3915 [4:0] }, B={ $memory$auto$proc_rom.cc:155:do_switch$1032$rdmux[0][4][13]$b$3916 [6] $memory$auto$proc_rom.cc:155:do_switch$1032$rdmux[0][4][13]$b$3916 [4] $memory$auto$proc_rom.cc:155:do_switch$1032$rdmux[0][4][13]$b$3916 [4:0] }, Y=$memory$auto$proc_rom.cc:155:do_switch$1032$rdmux[0][3][6]$b$3871 [6:0]
      New connections: $memory$auto$proc_rom.cc:155:do_switch$1032$rdmux[0][3][6]$b$3871 [9:7] = 3'000
    Consolidated identical input bits for $mux cell $memory$auto$proc_rom.cc:155:do_switch$1032$rdmux[0][4][12]$3911:
      Old ports: A=$memory$auto$proc_rom.cc:155:do_switch$1032$rdmux[0][4][12]$a$3912, B=$memory$auto$proc_rom.cc:155:do_switch$1032$rdmux[0][4][12]$b$3913, Y=$memory$auto$proc_rom.cc:155:do_switch$1032$rdmux[0][3][6]$a$3870
      New ports: A={ 2'10 $memory$auto$proc_rom.cc:155:do_switch$1032$rdmux[0][4][12]$a$3912 [3:1] 1'1 }, B={ 2'01 $memory$auto$proc_rom.cc:155:do_switch$1032$rdmux[0][4][12]$b$3913 [3:0] }, Y=$memory$auto$proc_rom.cc:155:do_switch$1032$rdmux[0][3][6]$a$3870 [5:0]
      New connections: $memory$auto$proc_rom.cc:155:do_switch$1032$rdmux[0][3][6]$a$3870 [9:6] = 4'0001
    Consolidated identical input bits for $mux cell $memory$auto$proc_rom.cc:155:do_switch$1032$rdmux[0][4][11]$3908:
      Old ports: A=$memory$auto$proc_rom.cc:155:do_switch$1032$rdmux[0][4][11]$a$3909, B=$memory$auto$proc_rom.cc:155:do_switch$1032$rdmux[0][4][11]$b$3910, Y=$memory$auto$proc_rom.cc:155:do_switch$1032$rdmux[0][3][5]$b$3868
      New ports: A={ 2'10 $memory$auto$proc_rom.cc:155:do_switch$1032$rdmux[0][4][11]$a$3909 [4:0] }, B={ $memory$auto$proc_rom.cc:155:do_switch$1032$rdmux[0][4][11]$b$3910 [7] $memory$auto$proc_rom.cc:155:do_switch$1032$rdmux[0][4][11]$b$3910 [4] $memory$auto$proc_rom.cc:155:do_switch$1032$rdmux[0][4][11]$b$3910 [4:0] }, Y={ $memory$auto$proc_rom.cc:155:do_switch$1032$rdmux[0][3][5]$b$3868 [7] $memory$auto$proc_rom.cc:155:do_switch$1032$rdmux[0][3][5]$b$3868 [5:0] }
      New connections: { $memory$auto$proc_rom.cc:155:do_switch$1032$rdmux[0][3][5]$b$3868 [9:8] $memory$auto$proc_rom.cc:155:do_switch$1032$rdmux[0][3][5]$b$3868 [6] } = { 2'00 $memory$auto$proc_rom.cc:155:do_switch$1032$rdmux[0][3][5]$b$3868 [5] }
    Consolidated identical input bits for $mux cell $memory$auto$proc_rom.cc:155:do_switch$1032$rdmux[0][4][10]$3905:
      Old ports: A=$memory$auto$proc_rom.cc:155:do_switch$1032$rdmux[0][4][10]$a$3906, B=$memory$auto$proc_rom.cc:155:do_switch$1032$rdmux[0][4][10]$b$3907, Y=$memory$auto$proc_rom.cc:155:do_switch$1032$rdmux[0][3][5]$a$3867
      New ports: A={ 1'1 $memory$auto$proc_rom.cc:155:do_switch$1032$rdmux[0][4][10]$a$3906 [4:0] }, B=$memory$auto$proc_rom.cc:155:do_switch$1032$rdmux[0][4][10]$b$3907 [5:0], Y=$memory$auto$proc_rom.cc:155:do_switch$1032$rdmux[0][3][5]$a$3867 [5:0]
      New connections: $memory$auto$proc_rom.cc:155:do_switch$1032$rdmux[0][3][5]$a$3867 [9:6] = 4'0010
    Consolidated identical input bits for $mux cell $memory$auto$proc_rom.cc:155:do_switch$1032$rdmux[0][4][9]$3902:
      Old ports: A=$memory$auto$proc_rom.cc:155:do_switch$1032$rdmux[0][4][9]$a$3903, B=$memory$auto$proc_rom.cc:155:do_switch$1032$rdmux[0][4][9]$b$3904, Y=$memory$auto$proc_rom.cc:155:do_switch$1032$rdmux[0][3][4]$b$3865
      New ports: A={ 1'1 $memory$auto$proc_rom.cc:155:do_switch$1032$rdmux[0][4][9]$a$3903 [5:0] }, B={ $memory$auto$proc_rom.cc:155:do_switch$1032$rdmux[0][4][9]$b$3904 [6] $memory$auto$proc_rom.cc:155:do_switch$1032$rdmux[0][4][9]$b$3904 [4] $memory$auto$proc_rom.cc:155:do_switch$1032$rdmux[0][4][9]$b$3904 [4:0] }, Y=$memory$auto$proc_rom.cc:155:do_switch$1032$rdmux[0][3][4]$b$3865 [6:0]
      New connections: $memory$auto$proc_rom.cc:155:do_switch$1032$rdmux[0][3][4]$b$3865 [9:7] = 3'001
    Consolidated identical input bits for $mux cell $memory$auto$proc_rom.cc:155:do_switch$1032$rdmux[0][4][8]$3899:
      Old ports: A=$memory$auto$proc_rom.cc:155:do_switch$1032$rdmux[0][4][8]$a$3900, B=$memory$auto$proc_rom.cc:155:do_switch$1032$rdmux[0][4][8]$b$3901, Y=$memory$auto$proc_rom.cc:155:do_switch$1032$rdmux[0][3][4]$a$3864
      New ports: A={ $memory$auto$proc_rom.cc:155:do_switch$1032$rdmux[0][4][8]$a$3900 [8] $memory$auto$proc_rom.cc:155:do_switch$1032$rdmux[0][4][8]$a$3900 [4] $memory$auto$proc_rom.cc:155:do_switch$1032$rdmux[0][4][8]$a$3900 [4:0] }, B={ 2'01 $memory$auto$proc_rom.cc:155:do_switch$1032$rdmux[0][4][8]$b$3901 [4:0] }, Y={ $memory$auto$proc_rom.cc:155:do_switch$1032$rdmux[0][3][4]$a$3864 [8] $memory$auto$proc_rom.cc:155:do_switch$1032$rdmux[0][3][4]$a$3864 [5:0] }
      New connections: { $memory$auto$proc_rom.cc:155:do_switch$1032$rdmux[0][3][4]$a$3864 [9] $memory$auto$proc_rom.cc:155:do_switch$1032$rdmux[0][3][4]$a$3864 [7:6] } = { 1'0 $memory$auto$proc_rom.cc:155:do_switch$1032$rdmux[0][3][4]$a$3864 [5] $memory$auto$proc_rom.cc:155:do_switch$1032$rdmux[0][3][4]$a$3864 [5] }
    Consolidated identical input bits for $mux cell $memory$auto$proc_rom.cc:155:do_switch$1032$rdmux[0][4][7]$3896:
      Old ports: A=$memory$auto$proc_rom.cc:155:do_switch$1032$rdmux[0][4][7]$a$3897, B=$memory$auto$proc_rom.cc:155:do_switch$1032$rdmux[0][4][7]$b$3898, Y=$memory$auto$proc_rom.cc:155:do_switch$1032$rdmux[0][3][3]$b$3862
      New ports: A=$memory$auto$proc_rom.cc:155:do_switch$1032$rdmux[0][4][7]$a$3897 [6:0], B={ 1'0 $memory$auto$proc_rom.cc:155:do_switch$1032$rdmux[0][4][7]$b$3898 [5:0] }, Y=$memory$auto$proc_rom.cc:155:do_switch$1032$rdmux[0][3][3]$b$3862 [6:0]
      New connections: $memory$auto$proc_rom.cc:155:do_switch$1032$rdmux[0][3][3]$b$3862 [9:7] = 3'010
    Consolidated identical input bits for $mux cell $memory$auto$proc_rom.cc:155:do_switch$1032$rdmux[0][4][6]$3893:
      Old ports: A=$memory$auto$proc_rom.cc:155:do_switch$1032$rdmux[0][4][6]$a$3894, B=$memory$auto$proc_rom.cc:155:do_switch$1032$rdmux[0][4][6]$b$3895, Y=$memory$auto$proc_rom.cc:155:do_switch$1032$rdmux[0][3][3]$a$3861
      New ports: A={ 1'1 $memory$auto$proc_rom.cc:155:do_switch$1032$rdmux[0][4][6]$a$3894 [4:0] }, B={ 1'0 $memory$auto$proc_rom.cc:155:do_switch$1032$rdmux[0][4][6]$b$3895 [4:0] }, Y=$memory$auto$proc_rom.cc:155:do_switch$1032$rdmux[0][3][3]$a$3861 [5:0]
      New connections: $memory$auto$proc_rom.cc:155:do_switch$1032$rdmux[0][3][3]$a$3861 [9:6] = 4'0101
    Consolidated identical input bits for $mux cell $memory$auto$proc_rom.cc:155:do_switch$1032$rdmux[0][4][5]$3890:
      Old ports: A=$memory$auto$proc_rom.cc:155:do_switch$1032$rdmux[0][4][5]$a$3891, B=$memory$auto$proc_rom.cc:155:do_switch$1032$rdmux[0][4][5]$b$3892, Y=$memory$auto$proc_rom.cc:155:do_switch$1032$rdmux[0][3][2]$b$3859
      New ports: A={ 2'10 $memory$auto$proc_rom.cc:155:do_switch$1032$rdmux[0][4][5]$a$3891 [5:0] }, B={ $memory$auto$proc_rom.cc:155:do_switch$1032$rdmux[0][4][5]$b$3892 [7] $memory$auto$proc_rom.cc:155:do_switch$1032$rdmux[0][4][5]$b$3892 [5] $memory$auto$proc_rom.cc:155:do_switch$1032$rdmux[0][4][5]$b$3892 [5:2] 2'11 }, Y=$memory$auto$proc_rom.cc:155:do_switch$1032$rdmux[0][3][2]$b$3859 [7:0]
      New connections: $memory$auto$proc_rom.cc:155:do_switch$1032$rdmux[0][3][2]$b$3859 [9:8] = 2'01
    Consolidated identical input bits for $mux cell $memory$auto$proc_rom.cc:155:do_switch$1032$rdmux[0][4][4]$3887:
      Old ports: A=$memory$auto$proc_rom.cc:155:do_switch$1032$rdmux[0][4][4]$a$3888, B=$memory$auto$proc_rom.cc:155:do_switch$1032$rdmux[0][4][4]$b$3889, Y=$memory$auto$proc_rom.cc:155:do_switch$1032$rdmux[0][3][2]$a$3858
      New ports: A={ $memory$auto$proc_rom.cc:155:do_switch$1032$rdmux[0][4][4]$a$3888 [9] $memory$auto$proc_rom.cc:155:do_switch$1032$rdmux[0][4][4]$a$3888 [5] $memory$auto$proc_rom.cc:155:do_switch$1032$rdmux[0][4][4]$a$3888 [5:0] }, B={ 2'01 $memory$auto$proc_rom.cc:155:do_switch$1032$rdmux[0][4][4]$b$3889 [5:0] }, Y={ $memory$auto$proc_rom.cc:155:do_switch$1032$rdmux[0][3][2]$a$3858 [9] $memory$auto$proc_rom.cc:155:do_switch$1032$rdmux[0][3][2]$a$3858 [6:0] }
      New connections: $memory$auto$proc_rom.cc:155:do_switch$1032$rdmux[0][3][2]$a$3858 [8:7] = { $memory$auto$proc_rom.cc:155:do_switch$1032$rdmux[0][3][2]$a$3858 [6] $memory$auto$proc_rom.cc:155:do_switch$1032$rdmux[0][3][2]$a$3858 [6] }
    Consolidated identical input bits for $mux cell $memory$auto$proc_rom.cc:155:do_switch$1032$rdmux[0][4][3]$3884:
      Old ports: A=$memory$auto$proc_rom.cc:155:do_switch$1032$rdmux[0][4][3]$a$3885, B=$memory$auto$proc_rom.cc:155:do_switch$1032$rdmux[0][4][3]$b$3886, Y=$memory$auto$proc_rom.cc:155:do_switch$1032$rdmux[0][3][1]$b$3856
      New ports: A=$memory$auto$proc_rom.cc:155:do_switch$1032$rdmux[0][4][3]$a$3885 [6:0], B={ 1'0 $memory$auto$proc_rom.cc:155:do_switch$1032$rdmux[0][4][3]$b$3886 [5:0] }, Y=$memory$auto$proc_rom.cc:155:do_switch$1032$rdmux[0][3][1]$b$3856 [6:0]
      New connections: $memory$auto$proc_rom.cc:155:do_switch$1032$rdmux[0][3][1]$b$3856 [9:7] = 3'100
    Consolidated identical input bits for $mux cell $memory$auto$proc_rom.cc:155:do_switch$1032$rdmux[0][4][2]$3881:
      Old ports: A=$memory$auto$proc_rom.cc:155:do_switch$1032$rdmux[0][4][2]$a$3882, B=$memory$auto$proc_rom.cc:155:do_switch$1032$rdmux[0][4][2]$b$3883, Y=$memory$auto$proc_rom.cc:155:do_switch$1032$rdmux[0][3][1]$a$3855
      New ports: A={ 1'1 $memory$auto$proc_rom.cc:155:do_switch$1032$rdmux[0][4][2]$a$3882 [6:0] }, B={ $memory$auto$proc_rom.cc:155:do_switch$1032$rdmux[0][4][2]$b$3883 [7] $memory$auto$proc_rom.cc:155:do_switch$1032$rdmux[0][4][2]$b$3883 [5] $memory$auto$proc_rom.cc:155:do_switch$1032$rdmux[0][4][2]$b$3883 [5:0] }, Y=$memory$auto$proc_rom.cc:155:do_switch$1032$rdmux[0][3][1]$a$3855 [7:0]
      New connections: $memory$auto$proc_rom.cc:155:do_switch$1032$rdmux[0][3][1]$a$3855 [9:8] = 2'10
    Consolidated identical input bits for $mux cell $memory$auto$proc_rom.cc:155:do_switch$1032$rdmux[0][4][1]$3878:
      Old ports: A=$memory$auto$proc_rom.cc:155:do_switch$1032$rdmux[0][4][1]$a$3879, B=$memory$auto$proc_rom.cc:155:do_switch$1032$rdmux[0][4][1]$b$3880, Y=$memory$auto$proc_rom.cc:155:do_switch$1032$rdmux[0][3][0]$b$3853
      New ports: A={ 2'10 $memory$auto$proc_rom.cc:155:do_switch$1032$rdmux[0][4][1]$a$3879 [6:0] }, B={ $memory$auto$proc_rom.cc:155:do_switch$1032$rdmux[0][4][1]$b$3880 [8] $memory$auto$proc_rom.cc:155:do_switch$1032$rdmux[0][4][1]$b$3880 [6] $memory$auto$proc_rom.cc:155:do_switch$1032$rdmux[0][4][1]$b$3880 [6:3] 1'1 $memory$auto$proc_rom.cc:155:do_switch$1032$rdmux[0][4][1]$b$3880 [1:0] }, Y=$memory$auto$proc_rom.cc:155:do_switch$1032$rdmux[0][3][0]$b$3853 [8:0]
      New connections: $memory$auto$proc_rom.cc:155:do_switch$1032$rdmux[0][3][0]$b$3853 [9] = 1'1
    Consolidated identical input bits for $mux cell $memory$auto$proc_rom.cc:155:do_switch$1032$rdmux[0][4][0]$3875:
      Old ports: A=$memory$auto$proc_rom.cc:155:do_switch$1032$rdmux[0][4][0]$a$3876, B=$memory$auto$proc_rom.cc:155:do_switch$1032$rdmux[0][4][0]$b$3877, Y=$memory$auto$proc_rom.cc:155:do_switch$1032$rdmux[0][3][0]$a$3852
      New ports: A={ 1'1 $memory$auto$proc_rom.cc:155:do_switch$1032$rdmux[0][4][0]$a$3876 [6:0] }, B=$memory$auto$proc_rom.cc:155:do_switch$1032$rdmux[0][4][0]$b$3877 [7:0], Y=$memory$auto$proc_rom.cc:155:do_switch$1032$rdmux[0][3][0]$a$3852 [7:0]
      New connections: $memory$auto$proc_rom.cc:155:do_switch$1032$rdmux[0][3][0]$a$3852 [9:8] = 2'11
    Consolidated identical input bits for $mux cell $procmux$1326:
      Old ports: A=$10\approximate_rsqrt$func$rtl/fp16_rsqrt_lut256.sv:79$441.leading_one[31:0]$559, B=6, Y=$11\approximate_rsqrt$func$rtl/fp16_rsqrt_lut256.sv:79$441.leading_one[31:0]$562
      New ports: A={ $10\approximate_rsqrt$func$rtl/fp16_rsqrt_lut256.sv:79$441.leading_one[31:0]$559 [4:3] $10\approximate_rsqrt$func$rtl/fp16_rsqrt_lut256.sv:79$441.leading_one[31:0]$559 [1:0] }, B=4'0010, Y={ $11\approximate_rsqrt$func$rtl/fp16_rsqrt_lut256.sv:79$441.leading_one[31:0]$562 [4:3] $11\approximate_rsqrt$func$rtl/fp16_rsqrt_lut256.sv:79$441.leading_one[31:0]$562 [1:0] }
      New connections: { $11\approximate_rsqrt$func$rtl/fp16_rsqrt_lut256.sv:79$441.leading_one[31:0]$562 [31:5] $11\approximate_rsqrt$func$rtl/fp16_rsqrt_lut256.sv:79$441.leading_one[31:0]$562 [2] } = { $11\approximate_rsqrt$func$rtl/fp16_rsqrt_lut256.sv:79$441.leading_one[31:0]$562 [4] $11\approximate_rsqrt$func$rtl/fp16_rsqrt_lut256.sv:79$441.leading_one[31:0]$562 [4] $11\approximate_rsqrt$func$rtl/fp16_rsqrt_lut256.sv:79$441.leading_one[31:0]$562 [4] $11\approximate_rsqrt$func$rtl/fp16_rsqrt_lut256.sv:79$441.leading_one[31:0]$562 [4] $11\approximate_rsqrt$func$rtl/fp16_rsqrt_lut256.sv:79$441.leading_one[31:0]$562 [4] $11\approximate_rsqrt$func$rtl/fp16_rsqrt_lut256.sv:79$441.leading_one[31:0]$562 [4] $11\approximate_rsqrt$func$rtl/fp16_rsqrt_lut256.sv:79$441.leading_one[31:0]$562 [4] $11\approximate_rsqrt$func$rtl/fp16_rsqrt_lut256.sv:79$441.leading_one[31:0]$562 [4] $11\approximate_rsqrt$func$rtl/fp16_rsqrt_lut256.sv:79$441.leading_one[31:0]$562 [4] $11\approximate_rsqrt$func$rtl/fp16_rsqrt_lut256.sv:79$441.leading_one[31:0]$562 [4] $11\approximate_rsqrt$func$rtl/fp16_rsqrt_lut256.sv:79$441.leading_one[31:0]$562 [4] $11\approximate_rsqrt$func$rtl/fp16_rsqrt_lut256.sv:79$441.leading_one[31:0]$562 [4] $11\approximate_rsqrt$func$rtl/fp16_rsqrt_lut256.sv:79$441.leading_one[31:0]$562 [4] $11\approximate_rsqrt$func$rtl/fp16_rsqrt_lut256.sv:79$441.leading_one[31:0]$562 [4] $11\approximate_rsqrt$func$rtl/fp16_rsqrt_lut256.sv:79$441.leading_one[31:0]$562 [4] $11\approximate_rsqrt$func$rtl/fp16_rsqrt_lut256.sv:79$441.leading_one[31:0]$562 [4] $11\approximate_rsqrt$func$rtl/fp16_rsqrt_lut256.sv:79$441.leading_one[31:0]$562 [4] $11\approximate_rsqrt$func$rtl/fp16_rsqrt_lut256.sv:79$441.leading_one[31:0]$562 [4] $11\approximate_rsqrt$func$rtl/fp16_rsqrt_lut256.sv:79$441.leading_one[31:0]$562 [4] $11\approximate_rsqrt$func$rtl/fp16_rsqrt_lut256.sv:79$441.leading_one[31:0]$562 [4] $11\approximate_rsqrt$func$rtl/fp16_rsqrt_lut256.sv:79$441.leading_one[31:0]$562 [4] $11\approximate_rsqrt$func$rtl/fp16_rsqrt_lut256.sv:79$441.leading_one[31:0]$562 [4] $11\approximate_rsqrt$func$rtl/fp16_rsqrt_lut256.sv:79$441.leading_one[31:0]$562 [4] $11\approximate_rsqrt$func$rtl/fp16_rsqrt_lut256.sv:79$441.leading_one[31:0]$562 [4] $11\approximate_rsqrt$func$rtl/fp16_rsqrt_lut256.sv:79$441.leading_one[31:0]$562 [4] $11\approximate_rsqrt$func$rtl/fp16_rsqrt_lut256.sv:79$441.leading_one[31:0]$562 [4] $11\approximate_rsqrt$func$rtl/fp16_rsqrt_lut256.sv:79$441.leading_one[31:0]$562 [4] $11\approximate_rsqrt$func$rtl/fp16_rsqrt_lut256.sv:79$441.leading_one[31:0]$562 [1] }
  Optimizing cells in module \fp16_rsqrt_lut256.
    Consolidated identical input bits for $mux cell $memory$auto$proc_rom.cc:155:do_switch$1032$rdmux[0][3][7]$3872:
      Old ports: A=$memory$auto$proc_rom.cc:155:do_switch$1032$rdmux[0][3][7]$a$3873, B=$memory$auto$proc_rom.cc:155:do_switch$1032$rdmux[0][3][7]$b$3874, Y=$memory$auto$proc_rom.cc:155:do_switch$1032$rdmux[0][2][3]$b$3850
      New ports: A=$memory$auto$proc_rom.cc:155:do_switch$1032$rdmux[0][3][7]$a$3873 [5:0], B={ 1'0 $memory$auto$proc_rom.cc:155:do_switch$1032$rdmux[0][3][7]$b$3874 [4:0] }, Y=$memory$auto$proc_rom.cc:155:do_switch$1032$rdmux[0][2][3]$b$3850 [5:0]
      New connections: $memory$auto$proc_rom.cc:155:do_switch$1032$rdmux[0][2][3]$b$3850 [9:6] = 4'0000
    Consolidated identical input bits for $mux cell $memory$auto$proc_rom.cc:155:do_switch$1032$rdmux[0][3][6]$3869:
      Old ports: A=$memory$auto$proc_rom.cc:155:do_switch$1032$rdmux[0][3][6]$a$3870, B=$memory$auto$proc_rom.cc:155:do_switch$1032$rdmux[0][3][6]$b$3871, Y=$memory$auto$proc_rom.cc:155:do_switch$1032$rdmux[0][2][3]$a$3849
      New ports: A={ 1'1 $memory$auto$proc_rom.cc:155:do_switch$1032$rdmux[0][3][6]$a$3870 [5:0] }, B=$memory$auto$proc_rom.cc:155:do_switch$1032$rdmux[0][3][6]$b$3871 [6:0], Y=$memory$auto$proc_rom.cc:155:do_switch$1032$rdmux[0][2][3]$a$3849 [6:0]
      New connections: $memory$auto$proc_rom.cc:155:do_switch$1032$rdmux[0][2][3]$a$3849 [9:7] = 3'000
    Consolidated identical input bits for $mux cell $memory$auto$proc_rom.cc:155:do_switch$1032$rdmux[0][3][5]$3866:
      Old ports: A=$memory$auto$proc_rom.cc:155:do_switch$1032$rdmux[0][3][5]$a$3867, B=$memory$auto$proc_rom.cc:155:do_switch$1032$rdmux[0][3][5]$b$3868, Y=$memory$auto$proc_rom.cc:155:do_switch$1032$rdmux[0][2][2]$b$3847
      New ports: A={ 2'10 $memory$auto$proc_rom.cc:155:do_switch$1032$rdmux[0][3][5]$a$3867 [5:0] }, B={ $memory$auto$proc_rom.cc:155:do_switch$1032$rdmux[0][3][5]$b$3868 [7] $memory$auto$proc_rom.cc:155:do_switch$1032$rdmux[0][3][5]$b$3868 [5] $memory$auto$proc_rom.cc:155:do_switch$1032$rdmux[0][3][5]$b$3868 [5:0] }, Y=$memory$auto$proc_rom.cc:155:do_switch$1032$rdmux[0][2][2]$b$3847 [7:0]
      New connections: $memory$auto$proc_rom.cc:155:do_switch$1032$rdmux[0][2][2]$b$3847 [9:8] = 2'00
    Consolidated identical input bits for $mux cell $memory$auto$proc_rom.cc:155:do_switch$1032$rdmux[0][3][4]$3863:
      Old ports: A=$memory$auto$proc_rom.cc:155:do_switch$1032$rdmux[0][3][4]$a$3864, B=$memory$auto$proc_rom.cc:155:do_switch$1032$rdmux[0][3][4]$b$3865, Y=$memory$auto$proc_rom.cc:155:do_switch$1032$rdmux[0][2][2]$a$3846
      New ports: A={ $memory$auto$proc_rom.cc:155:do_switch$1032$rdmux[0][3][4]$a$3864 [8] $memory$auto$proc_rom.cc:155:do_switch$1032$rdmux[0][3][4]$a$3864 [5] $memory$auto$proc_rom.cc:155:do_switch$1032$rdmux[0][3][4]$a$3864 [5] $memory$auto$proc_rom.cc:155:do_switch$1032$rdmux[0][3][4]$a$3864 [5:0] }, B={ 2'01 $memory$auto$proc_rom.cc:155:do_switch$1032$rdmux[0][3][4]$b$3865 [6:0] }, Y=$memory$auto$proc_rom.cc:155:do_switch$1032$rdmux[0][2][2]$a$3846 [8:0]
      New connections: $memory$auto$proc_rom.cc:155:do_switch$1032$rdmux[0][2][2]$a$3846 [9] = 1'0
    Consolidated identical input bits for $mux cell $memory$auto$proc_rom.cc:155:do_switch$1032$rdmux[0][3][3]$3860:
      Old ports: A=$memory$auto$proc_rom.cc:155:do_switch$1032$rdmux[0][3][3]$a$3861, B=$memory$auto$proc_rom.cc:155:do_switch$1032$rdmux[0][3][3]$b$3862, Y=$memory$auto$proc_rom.cc:155:do_switch$1032$rdmux[0][2][1]$b$3844
      New ports: A={ 1'1 $memory$auto$proc_rom.cc:155:do_switch$1032$rdmux[0][3][3]$a$3861 [5:0] }, B=$memory$auto$proc_rom.cc:155:do_switch$1032$rdmux[0][3][3]$b$3862 [6:0], Y=$memory$auto$proc_rom.cc:155:do_switch$1032$rdmux[0][2][1]$b$3844 [6:0]
      New connections: $memory$auto$proc_rom.cc:155:do_switch$1032$rdmux[0][2][1]$b$3844 [9:7] = 3'010
    Consolidated identical input bits for $mux cell $memory$auto$proc_rom.cc:155:do_switch$1032$rdmux[0][3][1]$3854:
      Old ports: A=$memory$auto$proc_rom.cc:155:do_switch$1032$rdmux[0][3][1]$a$3855, B=$memory$auto$proc_rom.cc:155:do_switch$1032$rdmux[0][3][1]$b$3856, Y=$memory$auto$proc_rom.cc:155:do_switch$1032$rdmux[0][2][0]$b$3841
      New ports: A=$memory$auto$proc_rom.cc:155:do_switch$1032$rdmux[0][3][1]$a$3855 [7:0], B={ 1'0 $memory$auto$proc_rom.cc:155:do_switch$1032$rdmux[0][3][1]$b$3856 [6:0] }, Y=$memory$auto$proc_rom.cc:155:do_switch$1032$rdmux[0][2][0]$b$3841 [7:0]
      New connections: $memory$auto$proc_rom.cc:155:do_switch$1032$rdmux[0][2][0]$b$3841 [9:8] = 2'10
    Consolidated identical input bits for $mux cell $memory$auto$proc_rom.cc:155:do_switch$1032$rdmux[0][3][0]$3851:
      Old ports: A=$memory$auto$proc_rom.cc:155:do_switch$1032$rdmux[0][3][0]$a$3852, B=$memory$auto$proc_rom.cc:155:do_switch$1032$rdmux[0][3][0]$b$3853, Y=$memory$auto$proc_rom.cc:155:do_switch$1032$rdmux[0][2][0]$a$3840
      New ports: A={ 1'1 $memory$auto$proc_rom.cc:155:do_switch$1032$rdmux[0][3][0]$a$3852 [7:0] }, B=$memory$auto$proc_rom.cc:155:do_switch$1032$rdmux[0][3][0]$b$3853 [8:0], Y=$memory$auto$proc_rom.cc:155:do_switch$1032$rdmux[0][2][0]$a$3840 [8:0]
      New connections: $memory$auto$proc_rom.cc:155:do_switch$1032$rdmux[0][2][0]$a$3840 [9] = 1'1
    Consolidated identical input bits for $mux cell $procmux$1305:
      Old ports: A=$11\approximate_rsqrt$func$rtl/fp16_rsqrt_lut256.sv:79$441.leading_one[31:0]$562, B=5, Y=$12\approximate_rsqrt$func$rtl/fp16_rsqrt_lut256.sv:79$441.leading_one[31:0]$565
      New ports: A={ $11\approximate_rsqrt$func$rtl/fp16_rsqrt_lut256.sv:79$441.leading_one[31:0]$562 [4:3] $11\approximate_rsqrt$func$rtl/fp16_rsqrt_lut256.sv:79$441.leading_one[31:0]$562 [1] $11\approximate_rsqrt$func$rtl/fp16_rsqrt_lut256.sv:79$441.leading_one[31:0]$562 [1:0] }, B=5'00101, Y=$12\approximate_rsqrt$func$rtl/fp16_rsqrt_lut256.sv:79$441.leading_one[31:0]$565 [4:0]
      New connections: $12\approximate_rsqrt$func$rtl/fp16_rsqrt_lut256.sv:79$441.leading_one[31:0]$565 [31:5] = { $12\approximate_rsqrt$func$rtl/fp16_rsqrt_lut256.sv:79$441.leading_one[31:0]$565 [4] $12\approximate_rsqrt$func$rtl/fp16_rsqrt_lut256.sv:79$441.leading_one[31:0]$565 [4] $12\approximate_rsqrt$func$rtl/fp16_rsqrt_lut256.sv:79$441.leading_one[31:0]$565 [4] $12\approximate_rsqrt$func$rtl/fp16_rsqrt_lut256.sv:79$441.leading_one[31:0]$565 [4] $12\approximate_rsqrt$func$rtl/fp16_rsqrt_lut256.sv:79$441.leading_one[31:0]$565 [4] $12\approximate_rsqrt$func$rtl/fp16_rsqrt_lut256.sv:79$441.leading_one[31:0]$565 [4] $12\approximate_rsqrt$func$rtl/fp16_rsqrt_lut256.sv:79$441.leading_one[31:0]$565 [4] $12\approximate_rsqrt$func$rtl/fp16_rsqrt_lut256.sv:79$441.leading_one[31:0]$565 [4] $12\approximate_rsqrt$func$rtl/fp16_rsqrt_lut256.sv:79$441.leading_one[31:0]$565 [4] $12\approximate_rsqrt$func$rtl/fp16_rsqrt_lut256.sv:79$441.leading_one[31:0]$565 [4] $12\approximate_rsqrt$func$rtl/fp16_rsqrt_lut256.sv:79$441.leading_one[31:0]$565 [4] $12\approximate_rsqrt$func$rtl/fp16_rsqrt_lut256.sv:79$441.leading_one[31:0]$565 [4] $12\approximate_rsqrt$func$rtl/fp16_rsqrt_lut256.sv:79$441.leading_one[31:0]$565 [4] $12\approximate_rsqrt$func$rtl/fp16_rsqrt_lut256.sv:79$441.leading_one[31:0]$565 [4] $12\approximate_rsqrt$func$rtl/fp16_rsqrt_lut256.sv:79$441.leading_one[31:0]$565 [4] $12\approximate_rsqrt$func$rtl/fp16_rsqrt_lut256.sv:79$441.leading_one[31:0]$565 [4] $12\approximate_rsqrt$func$rtl/fp16_rsqrt_lut256.sv:79$441.leading_one[31:0]$565 [4] $12\approximate_rsqrt$func$rtl/fp16_rsqrt_lut256.sv:79$441.leading_one[31:0]$565 [4] $12\approximate_rsqrt$func$rtl/fp16_rsqrt_lut256.sv:79$441.leading_one[31:0]$565 [4] $12\approximate_rsqrt$func$rtl/fp16_rsqrt_lut256.sv:79$441.leading_one[31:0]$565 [4] $12\approximate_rsqrt$func$rtl/fp16_rsqrt_lut256.sv:79$441.leading_one[31:0]$565 [4] $12\approximate_rsqrt$func$rtl/fp16_rsqrt_lut256.sv:79$441.leading_one[31:0]$565 [4] $12\approximate_rsqrt$func$rtl/fp16_rsqrt_lut256.sv:79$441.leading_one[31:0]$565 [4] $12\approximate_rsqrt$func$rtl/fp16_rsqrt_lut256.sv:79$441.leading_one[31:0]$565 [4] $12\approximate_rsqrt$func$rtl/fp16_rsqrt_lut256.sv:79$441.leading_one[31:0]$565 [4] $12\approximate_rsqrt$func$rtl/fp16_rsqrt_lut256.sv:79$441.leading_one[31:0]$565 [4] $12\approximate_rsqrt$func$rtl/fp16_rsqrt_lut256.sv:79$441.leading_one[31:0]$565 [4] }
  Optimizing cells in module \fp16_rsqrt_lut256.
    Consolidated identical input bits for $mux cell $memory$auto$proc_rom.cc:155:do_switch$1032$rdmux[0][2][3]$3848:
      Old ports: A=$memory$auto$proc_rom.cc:155:do_switch$1032$rdmux[0][2][3]$a$3849, B=$memory$auto$proc_rom.cc:155:do_switch$1032$rdmux[0][2][3]$b$3850, Y=$memory$auto$proc_rom.cc:155:do_switch$1032$rdmux[0][1][1]$b$3838
      New ports: A=$memory$auto$proc_rom.cc:155:do_switch$1032$rdmux[0][2][3]$a$3849 [6:0], B={ 1'0 $memory$auto$proc_rom.cc:155:do_switch$1032$rdmux[0][2][3]$b$3850 [5:0] }, Y=$memory$auto$proc_rom.cc:155:do_switch$1032$rdmux[0][1][1]$b$3838 [6:0]
      New connections: $memory$auto$proc_rom.cc:155:do_switch$1032$rdmux[0][1][1]$b$3838 [9:7] = 3'000
    Consolidated identical input bits for $mux cell $memory$auto$proc_rom.cc:155:do_switch$1032$rdmux[0][2][2]$3845:
      Old ports: A=$memory$auto$proc_rom.cc:155:do_switch$1032$rdmux[0][2][2]$a$3846, B=$memory$auto$proc_rom.cc:155:do_switch$1032$rdmux[0][2][2]$b$3847, Y=$memory$auto$proc_rom.cc:155:do_switch$1032$rdmux[0][1][1]$a$3837
      New ports: A=$memory$auto$proc_rom.cc:155:do_switch$1032$rdmux[0][2][2]$a$3846 [8:0], B={ 1'0 $memory$auto$proc_rom.cc:155:do_switch$1032$rdmux[0][2][2]$b$3847 [7:0] }, Y=$memory$auto$proc_rom.cc:155:do_switch$1032$rdmux[0][1][1]$a$3837 [8:0]
      New connections: $memory$auto$proc_rom.cc:155:do_switch$1032$rdmux[0][1][1]$a$3837 [9] = 1'0
    Consolidated identical input bits for $mux cell $memory$auto$proc_rom.cc:155:do_switch$1032$rdmux[0][2][0]$3839:
      Old ports: A=$memory$auto$proc_rom.cc:155:do_switch$1032$rdmux[0][2][0]$a$3840, B=$memory$auto$proc_rom.cc:155:do_switch$1032$rdmux[0][2][0]$b$3841, Y=$memory$auto$proc_rom.cc:155:do_switch$1032$rdmux[0][1][0]$a$3834
      New ports: A=$memory$auto$proc_rom.cc:155:do_switch$1032$rdmux[0][2][0]$a$3840 [8:0], B={ 1'0 $memory$auto$proc_rom.cc:155:do_switch$1032$rdmux[0][2][0]$b$3841 [7:0] }, Y=$memory$auto$proc_rom.cc:155:do_switch$1032$rdmux[0][1][0]$a$3834 [8:0]
      New connections: $memory$auto$proc_rom.cc:155:do_switch$1032$rdmux[0][1][0]$a$3834 [9] = 1'1
    Consolidated identical input bits for $mux cell $procmux$1284:
      Old ports: A=$12\approximate_rsqrt$func$rtl/fp16_rsqrt_lut256.sv:79$441.leading_one[31:0]$565, B=4, Y=$13\approximate_rsqrt$func$rtl/fp16_rsqrt_lut256.sv:79$441.leading_one[31:0]$568
      New ports: A=$12\approximate_rsqrt$func$rtl/fp16_rsqrt_lut256.sv:79$441.leading_one[31:0]$565 [4:0], B=5'00100, Y=$13\approximate_rsqrt$func$rtl/fp16_rsqrt_lut256.sv:79$441.leading_one[31:0]$568 [4:0]
      New connections: $13\approximate_rsqrt$func$rtl/fp16_rsqrt_lut256.sv:79$441.leading_one[31:0]$568 [31:5] = { $13\approximate_rsqrt$func$rtl/fp16_rsqrt_lut256.sv:79$441.leading_one[31:0]$568 [4] $13\approximate_rsqrt$func$rtl/fp16_rsqrt_lut256.sv:79$441.leading_one[31:0]$568 [4] $13\approximate_rsqrt$func$rtl/fp16_rsqrt_lut256.sv:79$441.leading_one[31:0]$568 [4] $13\approximate_rsqrt$func$rtl/fp16_rsqrt_lut256.sv:79$441.leading_one[31:0]$568 [4] $13\approximate_rsqrt$func$rtl/fp16_rsqrt_lut256.sv:79$441.leading_one[31:0]$568 [4] $13\approximate_rsqrt$func$rtl/fp16_rsqrt_lut256.sv:79$441.leading_one[31:0]$568 [4] $13\approximate_rsqrt$func$rtl/fp16_rsqrt_lut256.sv:79$441.leading_one[31:0]$568 [4] $13\approximate_rsqrt$func$rtl/fp16_rsqrt_lut256.sv:79$441.leading_one[31:0]$568 [4] $13\approximate_rsqrt$func$rtl/fp16_rsqrt_lut256.sv:79$441.leading_one[31:0]$568 [4] $13\approximate_rsqrt$func$rtl/fp16_rsqrt_lut256.sv:79$441.leading_one[31:0]$568 [4] $13\approximate_rsqrt$func$rtl/fp16_rsqrt_lut256.sv:79$441.leading_one[31:0]$568 [4] $13\approximate_rsqrt$func$rtl/fp16_rsqrt_lut256.sv:79$441.leading_one[31:0]$568 [4] $13\approximate_rsqrt$func$rtl/fp16_rsqrt_lut256.sv:79$441.leading_one[31:0]$568 [4] $13\approximate_rsqrt$func$rtl/fp16_rsqrt_lut256.sv:79$441.leading_one[31:0]$568 [4] $13\approximate_rsqrt$func$rtl/fp16_rsqrt_lut256.sv:79$441.leading_one[31:0]$568 [4] $13\approximate_rsqrt$func$rtl/fp16_rsqrt_lut256.sv:79$441.leading_one[31:0]$568 [4] $13\approximate_rsqrt$func$rtl/fp16_rsqrt_lut256.sv:79$441.leading_one[31:0]$568 [4] $13\approximate_rsqrt$func$rtl/fp16_rsqrt_lut256.sv:79$441.leading_one[31:0]$568 [4] $13\approximate_rsqrt$func$rtl/fp16_rsqrt_lut256.sv:79$441.leading_one[31:0]$568 [4] $13\approximate_rsqrt$func$rtl/fp16_rsqrt_lut256.sv:79$441.leading_one[31:0]$568 [4] $13\approximate_rsqrt$func$rtl/fp16_rsqrt_lut256.sv:79$441.leading_one[31:0]$568 [4] $13\approximate_rsqrt$func$rtl/fp16_rsqrt_lut256.sv:79$441.leading_one[31:0]$568 [4] $13\approximate_rsqrt$func$rtl/fp16_rsqrt_lut256.sv:79$441.leading_one[31:0]$568 [4] $13\approximate_rsqrt$func$rtl/fp16_rsqrt_lut256.sv:79$441.leading_one[31:0]$568 [4] $13\approximate_rsqrt$func$rtl/fp16_rsqrt_lut256.sv:79$441.leading_one[31:0]$568 [4] $13\approximate_rsqrt$func$rtl/fp16_rsqrt_lut256.sv:79$441.leading_one[31:0]$568 [4] $13\approximate_rsqrt$func$rtl/fp16_rsqrt_lut256.sv:79$441.leading_one[31:0]$568 [4] }
  Optimizing cells in module \fp16_rsqrt_lut256.
    Consolidated identical input bits for $mux cell $memory$auto$proc_rom.cc:155:do_switch$1032$rdmux[0][1][1]$3836:
      Old ports: A=$memory$auto$proc_rom.cc:155:do_switch$1032$rdmux[0][1][1]$a$3837, B=$memory$auto$proc_rom.cc:155:do_switch$1032$rdmux[0][1][1]$b$3838, Y=$memory$auto$proc_rom.cc:155:do_switch$1032$rdmux[0][0][0]$b$3832
      New ports: A=$memory$auto$proc_rom.cc:155:do_switch$1032$rdmux[0][1][1]$a$3837 [8:0], B={ 2'00 $memory$auto$proc_rom.cc:155:do_switch$1032$rdmux[0][1][1]$b$3838 [6:0] }, Y=$memory$auto$proc_rom.cc:155:do_switch$1032$rdmux[0][0][0]$b$3832 [8:0]
      New connections: $memory$auto$proc_rom.cc:155:do_switch$1032$rdmux[0][0][0]$b$3832 [9] = 1'0
    Consolidated identical input bits for $mux cell $procmux$1263:
      Old ports: A=$13\approximate_rsqrt$func$rtl/fp16_rsqrt_lut256.sv:79$441.leading_one[31:0]$568, B=3, Y=$14\approximate_rsqrt$func$rtl/fp16_rsqrt_lut256.sv:79$441.leading_one[31:0]$571
      New ports: A=$13\approximate_rsqrt$func$rtl/fp16_rsqrt_lut256.sv:79$441.leading_one[31:0]$568 [4:0], B=5'00011, Y=$14\approximate_rsqrt$func$rtl/fp16_rsqrt_lut256.sv:79$441.leading_one[31:0]$571 [4:0]
      New connections: $14\approximate_rsqrt$func$rtl/fp16_rsqrt_lut256.sv:79$441.leading_one[31:0]$571 [31:5] = { $14\approximate_rsqrt$func$rtl/fp16_rsqrt_lut256.sv:79$441.leading_one[31:0]$571 [4] $14\approximate_rsqrt$func$rtl/fp16_rsqrt_lut256.sv:79$441.leading_one[31:0]$571 [4] $14\approximate_rsqrt$func$rtl/fp16_rsqrt_lut256.sv:79$441.leading_one[31:0]$571 [4] $14\approximate_rsqrt$func$rtl/fp16_rsqrt_lut256.sv:79$441.leading_one[31:0]$571 [4] $14\approximate_rsqrt$func$rtl/fp16_rsqrt_lut256.sv:79$441.leading_one[31:0]$571 [4] $14\approximate_rsqrt$func$rtl/fp16_rsqrt_lut256.sv:79$441.leading_one[31:0]$571 [4] $14\approximate_rsqrt$func$rtl/fp16_rsqrt_lut256.sv:79$441.leading_one[31:0]$571 [4] $14\approximate_rsqrt$func$rtl/fp16_rsqrt_lut256.sv:79$441.leading_one[31:0]$571 [4] $14\approximate_rsqrt$func$rtl/fp16_rsqrt_lut256.sv:79$441.leading_one[31:0]$571 [4] $14\approximate_rsqrt$func$rtl/fp16_rsqrt_lut256.sv:79$441.leading_one[31:0]$571 [4] $14\approximate_rsqrt$func$rtl/fp16_rsqrt_lut256.sv:79$441.leading_one[31:0]$571 [4] $14\approximate_rsqrt$func$rtl/fp16_rsqrt_lut256.sv:79$441.leading_one[31:0]$571 [4] $14\approximate_rsqrt$func$rtl/fp16_rsqrt_lut256.sv:79$441.leading_one[31:0]$571 [4] $14\approximate_rsqrt$func$rtl/fp16_rsqrt_lut256.sv:79$441.leading_one[31:0]$571 [4] $14\approximate_rsqrt$func$rtl/fp16_rsqrt_lut256.sv:79$441.leading_one[31:0]$571 [4] $14\approximate_rsqrt$func$rtl/fp16_rsqrt_lut256.sv:79$441.leading_one[31:0]$571 [4] $14\approximate_rsqrt$func$rtl/fp16_rsqrt_lut256.sv:79$441.leading_one[31:0]$571 [4] $14\approximate_rsqrt$func$rtl/fp16_rsqrt_lut256.sv:79$441.leading_one[31:0]$571 [4] $14\approximate_rsqrt$func$rtl/fp16_rsqrt_lut256.sv:79$441.leading_one[31:0]$571 [4] $14\approximate_rsqrt$func$rtl/fp16_rsqrt_lut256.sv:79$441.leading_one[31:0]$571 [4] $14\approximate_rsqrt$func$rtl/fp16_rsqrt_lut256.sv:79$441.leading_one[31:0]$571 [4] $14\approximate_rsqrt$func$rtl/fp16_rsqrt_lut256.sv:79$441.leading_one[31:0]$571 [4] $14\approximate_rsqrt$func$rtl/fp16_rsqrt_lut256.sv:79$441.leading_one[31:0]$571 [4] $14\approximate_rsqrt$func$rtl/fp16_rsqrt_lut256.sv:79$441.leading_one[31:0]$571 [4] $14\approximate_rsqrt$func$rtl/fp16_rsqrt_lut256.sv:79$441.leading_one[31:0]$571 [4] $14\approximate_rsqrt$func$rtl/fp16_rsqrt_lut256.sv:79$441.leading_one[31:0]$571 [4] $14\approximate_rsqrt$func$rtl/fp16_rsqrt_lut256.sv:79$441.leading_one[31:0]$571 [4] }
  Optimizing cells in module \fp16_rsqrt_lut256.
    Consolidated identical input bits for $mux cell $procmux$1242:
      Old ports: A=$14\approximate_rsqrt$func$rtl/fp16_rsqrt_lut256.sv:79$441.leading_one[31:0]$571, B=2, Y=$15\approximate_rsqrt$func$rtl/fp16_rsqrt_lut256.sv:79$441.leading_one[31:0]$574
      New ports: A=$14\approximate_rsqrt$func$rtl/fp16_rsqrt_lut256.sv:79$441.leading_one[31:0]$571 [4:0], B=5'00010, Y=$15\approximate_rsqrt$func$rtl/fp16_rsqrt_lut256.sv:79$441.leading_one[31:0]$574 [4:0]
      New connections: $15\approximate_rsqrt$func$rtl/fp16_rsqrt_lut256.sv:79$441.leading_one[31:0]$574 [31:5] = { $15\approximate_rsqrt$func$rtl/fp16_rsqrt_lut256.sv:79$441.leading_one[31:0]$574 [4] $15\approximate_rsqrt$func$rtl/fp16_rsqrt_lut256.sv:79$441.leading_one[31:0]$574 [4] $15\approximate_rsqrt$func$rtl/fp16_rsqrt_lut256.sv:79$441.leading_one[31:0]$574 [4] $15\approximate_rsqrt$func$rtl/fp16_rsqrt_lut256.sv:79$441.leading_one[31:0]$574 [4] $15\approximate_rsqrt$func$rtl/fp16_rsqrt_lut256.sv:79$441.leading_one[31:0]$574 [4] $15\approximate_rsqrt$func$rtl/fp16_rsqrt_lut256.sv:79$441.leading_one[31:0]$574 [4] $15\approximate_rsqrt$func$rtl/fp16_rsqrt_lut256.sv:79$441.leading_one[31:0]$574 [4] $15\approximate_rsqrt$func$rtl/fp16_rsqrt_lut256.sv:79$441.leading_one[31:0]$574 [4] $15\approximate_rsqrt$func$rtl/fp16_rsqrt_lut256.sv:79$441.leading_one[31:0]$574 [4] $15\approximate_rsqrt$func$rtl/fp16_rsqrt_lut256.sv:79$441.leading_one[31:0]$574 [4] $15\approximate_rsqrt$func$rtl/fp16_rsqrt_lut256.sv:79$441.leading_one[31:0]$574 [4] $15\approximate_rsqrt$func$rtl/fp16_rsqrt_lut256.sv:79$441.leading_one[31:0]$574 [4] $15\approximate_rsqrt$func$rtl/fp16_rsqrt_lut256.sv:79$441.leading_one[31:0]$574 [4] $15\approximate_rsqrt$func$rtl/fp16_rsqrt_lut256.sv:79$441.leading_one[31:0]$574 [4] $15\approximate_rsqrt$func$rtl/fp16_rsqrt_lut256.sv:79$441.leading_one[31:0]$574 [4] $15\approximate_rsqrt$func$rtl/fp16_rsqrt_lut256.sv:79$441.leading_one[31:0]$574 [4] $15\approximate_rsqrt$func$rtl/fp16_rsqrt_lut256.sv:79$441.leading_one[31:0]$574 [4] $15\approximate_rsqrt$func$rtl/fp16_rsqrt_lut256.sv:79$441.leading_one[31:0]$574 [4] $15\approximate_rsqrt$func$rtl/fp16_rsqrt_lut256.sv:79$441.leading_one[31:0]$574 [4] $15\approximate_rsqrt$func$rtl/fp16_rsqrt_lut256.sv:79$441.leading_one[31:0]$574 [4] $15\approximate_rsqrt$func$rtl/fp16_rsqrt_lut256.sv:79$441.leading_one[31:0]$574 [4] $15\approximate_rsqrt$func$rtl/fp16_rsqrt_lut256.sv:79$441.leading_one[31:0]$574 [4] $15\approximate_rsqrt$func$rtl/fp16_rsqrt_lut256.sv:79$441.leading_one[31:0]$574 [4] $15\approximate_rsqrt$func$rtl/fp16_rsqrt_lut256.sv:79$441.leading_one[31:0]$574 [4] $15\approximate_rsqrt$func$rtl/fp16_rsqrt_lut256.sv:79$441.leading_one[31:0]$574 [4] $15\approximate_rsqrt$func$rtl/fp16_rsqrt_lut256.sv:79$441.leading_one[31:0]$574 [4] $15\approximate_rsqrt$func$rtl/fp16_rsqrt_lut256.sv:79$441.leading_one[31:0]$574 [4] }
  Optimizing cells in module \fp16_rsqrt_lut256.
    Consolidated identical input bits for $mux cell $procmux$1221:
      Old ports: A=$15\approximate_rsqrt$func$rtl/fp16_rsqrt_lut256.sv:79$441.leading_one[31:0]$574, B=1, Y=$16\approximate_rsqrt$func$rtl/fp16_rsqrt_lut256.sv:79$441.leading_one[31:0]$577
      New ports: A=$15\approximate_rsqrt$func$rtl/fp16_rsqrt_lut256.sv:79$441.leading_one[31:0]$574 [4:0], B=5'00001, Y=$16\approximate_rsqrt$func$rtl/fp16_rsqrt_lut256.sv:79$441.leading_one[31:0]$577 [4:0]
      New connections: $16\approximate_rsqrt$func$rtl/fp16_rsqrt_lut256.sv:79$441.leading_one[31:0]$577 [31:5] = { $16\approximate_rsqrt$func$rtl/fp16_rsqrt_lut256.sv:79$441.leading_one[31:0]$577 [4] $16\approximate_rsqrt$func$rtl/fp16_rsqrt_lut256.sv:79$441.leading_one[31:0]$577 [4] $16\approximate_rsqrt$func$rtl/fp16_rsqrt_lut256.sv:79$441.leading_one[31:0]$577 [4] $16\approximate_rsqrt$func$rtl/fp16_rsqrt_lut256.sv:79$441.leading_one[31:0]$577 [4] $16\approximate_rsqrt$func$rtl/fp16_rsqrt_lut256.sv:79$441.leading_one[31:0]$577 [4] $16\approximate_rsqrt$func$rtl/fp16_rsqrt_lut256.sv:79$441.leading_one[31:0]$577 [4] $16\approximate_rsqrt$func$rtl/fp16_rsqrt_lut256.sv:79$441.leading_one[31:0]$577 [4] $16\approximate_rsqrt$func$rtl/fp16_rsqrt_lut256.sv:79$441.leading_one[31:0]$577 [4] $16\approximate_rsqrt$func$rtl/fp16_rsqrt_lut256.sv:79$441.leading_one[31:0]$577 [4] $16\approximate_rsqrt$func$rtl/fp16_rsqrt_lut256.sv:79$441.leading_one[31:0]$577 [4] $16\approximate_rsqrt$func$rtl/fp16_rsqrt_lut256.sv:79$441.leading_one[31:0]$577 [4] $16\approximate_rsqrt$func$rtl/fp16_rsqrt_lut256.sv:79$441.leading_one[31:0]$577 [4] $16\approximate_rsqrt$func$rtl/fp16_rsqrt_lut256.sv:79$441.leading_one[31:0]$577 [4] $16\approximate_rsqrt$func$rtl/fp16_rsqrt_lut256.sv:79$441.leading_one[31:0]$577 [4] $16\approximate_rsqrt$func$rtl/fp16_rsqrt_lut256.sv:79$441.leading_one[31:0]$577 [4] $16\approximate_rsqrt$func$rtl/fp16_rsqrt_lut256.sv:79$441.leading_one[31:0]$577 [4] $16\approximate_rsqrt$func$rtl/fp16_rsqrt_lut256.sv:79$441.leading_one[31:0]$577 [4] $16\approximate_rsqrt$func$rtl/fp16_rsqrt_lut256.sv:79$441.leading_one[31:0]$577 [4] $16\approximate_rsqrt$func$rtl/fp16_rsqrt_lut256.sv:79$441.leading_one[31:0]$577 [4] $16\approximate_rsqrt$func$rtl/fp16_rsqrt_lut256.sv:79$441.leading_one[31:0]$577 [4] $16\approximate_rsqrt$func$rtl/fp16_rsqrt_lut256.sv:79$441.leading_one[31:0]$577 [4] $16\approximate_rsqrt$func$rtl/fp16_rsqrt_lut256.sv:79$441.leading_one[31:0]$577 [4] $16\approximate_rsqrt$func$rtl/fp16_rsqrt_lut256.sv:79$441.leading_one[31:0]$577 [4] $16\approximate_rsqrt$func$rtl/fp16_rsqrt_lut256.sv:79$441.leading_one[31:0]$577 [4] $16\approximate_rsqrt$func$rtl/fp16_rsqrt_lut256.sv:79$441.leading_one[31:0]$577 [4] $16\approximate_rsqrt$func$rtl/fp16_rsqrt_lut256.sv:79$441.leading_one[31:0]$577 [4] $16\approximate_rsqrt$func$rtl/fp16_rsqrt_lut256.sv:79$441.leading_one[31:0]$577 [4] }
  Optimizing cells in module \fp16_rsqrt_lut256.
    Consolidated identical input bits for $mux cell $procmux$1200:
      Old ports: A=$16\approximate_rsqrt$func$rtl/fp16_rsqrt_lut256.sv:79$441.leading_one[31:0]$577, B=0, Y=$17\approximate_rsqrt$func$rtl/fp16_rsqrt_lut256.sv:79$441.leading_one[31:0]$580
      New ports: A=$16\approximate_rsqrt$func$rtl/fp16_rsqrt_lut256.sv:79$441.leading_one[31:0]$577 [4:0], B=5'00000, Y=$17\approximate_rsqrt$func$rtl/fp16_rsqrt_lut256.sv:79$441.leading_one[31:0]$580 [4:0]
      New connections: $17\approximate_rsqrt$func$rtl/fp16_rsqrt_lut256.sv:79$441.leading_one[31:0]$580 [31:5] = { $17\approximate_rsqrt$func$rtl/fp16_rsqrt_lut256.sv:79$441.leading_one[31:0]$580 [4] $17\approximate_rsqrt$func$rtl/fp16_rsqrt_lut256.sv:79$441.leading_one[31:0]$580 [4] $17\approximate_rsqrt$func$rtl/fp16_rsqrt_lut256.sv:79$441.leading_one[31:0]$580 [4] $17\approximate_rsqrt$func$rtl/fp16_rsqrt_lut256.sv:79$441.leading_one[31:0]$580 [4] $17\approximate_rsqrt$func$rtl/fp16_rsqrt_lut256.sv:79$441.leading_one[31:0]$580 [4] $17\approximate_rsqrt$func$rtl/fp16_rsqrt_lut256.sv:79$441.leading_one[31:0]$580 [4] $17\approximate_rsqrt$func$rtl/fp16_rsqrt_lut256.sv:79$441.leading_one[31:0]$580 [4] $17\approximate_rsqrt$func$rtl/fp16_rsqrt_lut256.sv:79$441.leading_one[31:0]$580 [4] $17\approximate_rsqrt$func$rtl/fp16_rsqrt_lut256.sv:79$441.leading_one[31:0]$580 [4] $17\approximate_rsqrt$func$rtl/fp16_rsqrt_lut256.sv:79$441.leading_one[31:0]$580 [4] $17\approximate_rsqrt$func$rtl/fp16_rsqrt_lut256.sv:79$441.leading_one[31:0]$580 [4] $17\approximate_rsqrt$func$rtl/fp16_rsqrt_lut256.sv:79$441.leading_one[31:0]$580 [4] $17\approximate_rsqrt$func$rtl/fp16_rsqrt_lut256.sv:79$441.leading_one[31:0]$580 [4] $17\approximate_rsqrt$func$rtl/fp16_rsqrt_lut256.sv:79$441.leading_one[31:0]$580 [4] $17\approximate_rsqrt$func$rtl/fp16_rsqrt_lut256.sv:79$441.leading_one[31:0]$580 [4] $17\approximate_rsqrt$func$rtl/fp16_rsqrt_lut256.sv:79$441.leading_one[31:0]$580 [4] $17\approximate_rsqrt$func$rtl/fp16_rsqrt_lut256.sv:79$441.leading_one[31:0]$580 [4] $17\approximate_rsqrt$func$rtl/fp16_rsqrt_lut256.sv:79$441.leading_one[31:0]$580 [4] $17\approximate_rsqrt$func$rtl/fp16_rsqrt_lut256.sv:79$441.leading_one[31:0]$580 [4] $17\approximate_rsqrt$func$rtl/fp16_rsqrt_lut256.sv:79$441.leading_one[31:0]$580 [4] $17\approximate_rsqrt$func$rtl/fp16_rsqrt_lut256.sv:79$441.leading_one[31:0]$580 [4] $17\approximate_rsqrt$func$rtl/fp16_rsqrt_lut256.sv:79$441.leading_one[31:0]$580 [4] $17\approximate_rsqrt$func$rtl/fp16_rsqrt_lut256.sv:79$441.leading_one[31:0]$580 [4] $17\approximate_rsqrt$func$rtl/fp16_rsqrt_lut256.sv:79$441.leading_one[31:0]$580 [4] $17\approximate_rsqrt$func$rtl/fp16_rsqrt_lut256.sv:79$441.leading_one[31:0]$580 [4] $17\approximate_rsqrt$func$rtl/fp16_rsqrt_lut256.sv:79$441.leading_one[31:0]$580 [4] $17\approximate_rsqrt$func$rtl/fp16_rsqrt_lut256.sv:79$441.leading_one[31:0]$580 [4] }
  Optimizing cells in module \fp16_rsqrt_lut256.
  Optimizing cells in module \fp16_mul.
    Consolidated identical input bits for $mux cell $procmux$2590:
      Old ports: A={ 31'0000000000000000000000000000000 \product [1] }, B=2, Y=$3\msb_index[31:0]
      New ports: A={ 1'0 \product [1] }, B=2'10, Y=$3\msb_index[31:0] [1:0]
      New connections: $3\msb_index[31:0] [31:2] = 30'000000000000000000000000000000
    Consolidated identical input bits for $mux cell $ternary$rtl/fp16_mul.sv:25$154:
      Old ports: A={ $sub$rtl/fp16_mul.sv:25$153_Y [5] $sub$rtl/fp16_mul.sv:25$153_Y [5] $sub$rtl/fp16_mul.sv:25$153_Y [5] $sub$rtl/fp16_mul.sv:25$153_Y [5] $sub$rtl/fp16_mul.sv:25$153_Y [5] $sub$rtl/fp16_mul.sv:25$153_Y [5] $sub$rtl/fp16_mul.sv:25$153_Y [5] $sub$rtl/fp16_mul.sv:25$153_Y [5] $sub$rtl/fp16_mul.sv:25$153_Y [5] $sub$rtl/fp16_mul.sv:25$153_Y [5] $sub$rtl/fp16_mul.sv:25$153_Y [5] $sub$rtl/fp16_mul.sv:25$153_Y [5] $sub$rtl/fp16_mul.sv:25$153_Y [5] $sub$rtl/fp16_mul.sv:25$153_Y [5] $sub$rtl/fp16_mul.sv:25$153_Y [5] $sub$rtl/fp16_mul.sv:25$153_Y [5] $sub$rtl/fp16_mul.sv:25$153_Y [5] $sub$rtl/fp16_mul.sv:25$153_Y [5] $sub$rtl/fp16_mul.sv:25$153_Y [5] $sub$rtl/fp16_mul.sv:25$153_Y [5] $sub$rtl/fp16_mul.sv:25$153_Y [5] $sub$rtl/fp16_mul.sv:25$153_Y [5] $sub$rtl/fp16_mul.sv:25$153_Y [5] $sub$rtl/fp16_mul.sv:25$153_Y [5] $sub$rtl/fp16_mul.sv:25$153_Y [5] $sub$rtl/fp16_mul.sv:25$153_Y [5] $sub$rtl/fp16_mul.sv:25$153_Y [5:0] }, B=32'11111111111111111111111111110010, Y=\rhs_unbiased
      New ports: A=$sub$rtl/fp16_mul.sv:25$153_Y [5:0], B=6'110010, Y=\rhs_unbiased [5:0]
      New connections: \rhs_unbiased [31:6] = { \rhs_unbiased [5] \rhs_unbiased [5] \rhs_unbiased [5] \rhs_unbiased [5] \rhs_unbiased [5] \rhs_unbiased [5] \rhs_unbiased [5] \rhs_unbiased [5] \rhs_unbiased [5] \rhs_unbiased [5] \rhs_unbiased [5] \rhs_unbiased [5] \rhs_unbiased [5] \rhs_unbiased [5] \rhs_unbiased [5] \rhs_unbiased [5] \rhs_unbiased [5] \rhs_unbiased [5] \rhs_unbiased [5] \rhs_unbiased [5] \rhs_unbiased [5] \rhs_unbiased [5] \rhs_unbiased [5] \rhs_unbiased [5] \rhs_unbiased [5] \rhs_unbiased [5] }
    Consolidated identical input bits for $mux cell $ternary$rtl/fp16_mul.sv:24$151:
      Old ports: A={ $sub$rtl/fp16_mul.sv:24$150_Y [5] $sub$rtl/fp16_mul.sv:24$150_Y [5] $sub$rtl/fp16_mul.sv:24$150_Y [5] $sub$rtl/fp16_mul.sv:24$150_Y [5] $sub$rtl/fp16_mul.sv:24$150_Y [5] $sub$rtl/fp16_mul.sv:24$150_Y [5] $sub$rtl/fp16_mul.sv:24$150_Y [5] $sub$rtl/fp16_mul.sv:24$150_Y [5] $sub$rtl/fp16_mul.sv:24$150_Y [5] $sub$rtl/fp16_mul.sv:24$150_Y [5] $sub$rtl/fp16_mul.sv:24$150_Y [5] $sub$rtl/fp16_mul.sv:24$150_Y [5] $sub$rtl/fp16_mul.sv:24$150_Y [5] $sub$rtl/fp16_mul.sv:24$150_Y [5] $sub$rtl/fp16_mul.sv:24$150_Y [5] $sub$rtl/fp16_mul.sv:24$150_Y [5] $sub$rtl/fp16_mul.sv:24$150_Y [5] $sub$rtl/fp16_mul.sv:24$150_Y [5] $sub$rtl/fp16_mul.sv:24$150_Y [5] $sub$rtl/fp16_mul.sv:24$150_Y [5] $sub$rtl/fp16_mul.sv:24$150_Y [5] $sub$rtl/fp16_mul.sv:24$150_Y [5] $sub$rtl/fp16_mul.sv:24$150_Y [5] $sub$rtl/fp16_mul.sv:24$150_Y [5] $sub$rtl/fp16_mul.sv:24$150_Y [5] $sub$rtl/fp16_mul.sv:24$150_Y [5] $sub$rtl/fp16_mul.sv:24$150_Y [5:0] }, B=32'11111111111111111111111111110010, Y=\lhs_unbiased
      New ports: A=$sub$rtl/fp16_mul.sv:24$150_Y [5:0], B=6'110010, Y=\lhs_unbiased [5:0]
      New connections: \lhs_unbiased [31:6] = { \lhs_unbiased [5] \lhs_unbiased [5] \lhs_unbiased [5] \lhs_unbiased [5] \lhs_unbiased [5] \lhs_unbiased [5] \lhs_unbiased [5] \lhs_unbiased [5] \lhs_unbiased [5] \lhs_unbiased [5] \lhs_unbiased [5] \lhs_unbiased [5] \lhs_unbiased [5] \lhs_unbiased [5] \lhs_unbiased [5] \lhs_unbiased [5] \lhs_unbiased [5] \lhs_unbiased [5] \lhs_unbiased [5] \lhs_unbiased [5] \lhs_unbiased [5] \lhs_unbiased [5] \lhs_unbiased [5] \lhs_unbiased [5] \lhs_unbiased [5] \lhs_unbiased [5] }
  Optimizing cells in module \fp16_mul.
    Consolidated identical input bits for $mux cell $procmux$2587:
      Old ports: A=$3\msb_index[31:0], B=3, Y=$4\msb_index[31:0]
      New ports: A=$3\msb_index[31:0] [1:0], B=2'11, Y=$4\msb_index[31:0] [1:0]
      New connections: $4\msb_index[31:0] [31:2] = 30'000000000000000000000000000000
  Optimizing cells in module \fp16_mul.
    Consolidated identical input bits for $mux cell $procmux$2584:
      Old ports: A=$4\msb_index[31:0], B=4, Y=$5\msb_index[31:0]
      New ports: A={ 1'0 $4\msb_index[31:0] [1:0] }, B=3'100, Y=$5\msb_index[31:0] [2:0]
      New connections: $5\msb_index[31:0] [31:3] = 29'00000000000000000000000000000
  Optimizing cells in module \fp16_mul.
    Consolidated identical input bits for $mux cell $procmux$2581:
      Old ports: A=$5\msb_index[31:0], B=5, Y=$6\msb_index[31:0]
      New ports: A=$5\msb_index[31:0] [2:0], B=3'101, Y=$6\msb_index[31:0] [2:0]
      New connections: $6\msb_index[31:0] [31:3] = 29'00000000000000000000000000000
  Optimizing cells in module \fp16_mul.
    Consolidated identical input bits for $mux cell $procmux$2578:
      Old ports: A=$6\msb_index[31:0], B=6, Y=$7\msb_index[31:0]
      New ports: A=$6\msb_index[31:0] [2:0], B=3'110, Y=$7\msb_index[31:0] [2:0]
      New connections: $7\msb_index[31:0] [31:3] = 29'00000000000000000000000000000
  Optimizing cells in module \fp16_mul.
    Consolidated identical input bits for $mux cell $procmux$2575:
      Old ports: A=$7\msb_index[31:0], B=7, Y=$8\msb_index[31:0]
      New ports: A=$7\msb_index[31:0] [2:0], B=3'111, Y=$8\msb_index[31:0] [2:0]
      New connections: $8\msb_index[31:0] [31:3] = 29'00000000000000000000000000000
  Optimizing cells in module \fp16_mul.
    Consolidated identical input bits for $mux cell $procmux$2572:
      Old ports: A=$8\msb_index[31:0], B=8, Y=$9\msb_index[31:0]
      New ports: A={ 1'0 $8\msb_index[31:0] [2:0] }, B=4'1000, Y=$9\msb_index[31:0] [3:0]
      New connections: $9\msb_index[31:0] [31:4] = 28'0000000000000000000000000000
  Optimizing cells in module \fp16_mul.
    Consolidated identical input bits for $mux cell $procmux$2569:
      Old ports: A=$9\msb_index[31:0], B=9, Y=$10\msb_index[31:0]
      New ports: A=$9\msb_index[31:0] [3:0], B=4'1001, Y=$10\msb_index[31:0] [3:0]
      New connections: $10\msb_index[31:0] [31:4] = 28'0000000000000000000000000000
  Optimizing cells in module \fp16_mul.
    Consolidated identical input bits for $mux cell $procmux$2566:
      Old ports: A=$10\msb_index[31:0], B=10, Y=$11\msb_index[31:0]
      New ports: A=$10\msb_index[31:0] [3:0], B=4'1010, Y=$11\msb_index[31:0] [3:0]
      New connections: $11\msb_index[31:0] [31:4] = 28'0000000000000000000000000000
  Optimizing cells in module \fp16_mul.
    Consolidated identical input bits for $mux cell $procmux$2563:
      Old ports: A=$11\msb_index[31:0], B=11, Y=$12\msb_index[31:0]
      New ports: A=$11\msb_index[31:0] [3:0], B=4'1011, Y=$12\msb_index[31:0] [3:0]
      New connections: $12\msb_index[31:0] [31:4] = 28'0000000000000000000000000000
  Optimizing cells in module \fp16_mul.
    Consolidated identical input bits for $mux cell $procmux$2560:
      Old ports: A=$12\msb_index[31:0], B=12, Y=$13\msb_index[31:0]
      New ports: A=$12\msb_index[31:0] [3:0], B=4'1100, Y=$13\msb_index[31:0] [3:0]
      New connections: $13\msb_index[31:0] [31:4] = 28'0000000000000000000000000000
  Optimizing cells in module \fp16_mul.
    Consolidated identical input bits for $mux cell $procmux$2557:
      Old ports: A=$13\msb_index[31:0], B=13, Y=$14\msb_index[31:0]
      New ports: A=$13\msb_index[31:0] [3:0], B=4'1101, Y=$14\msb_index[31:0] [3:0]
      New connections: $14\msb_index[31:0] [31:4] = 28'0000000000000000000000000000
  Optimizing cells in module \fp16_mul.
    Consolidated identical input bits for $mux cell $procmux$2554:
      Old ports: A=$14\msb_index[31:0], B=14, Y=$15\msb_index[31:0]
      New ports: A=$14\msb_index[31:0] [3:0], B=4'1110, Y=$15\msb_index[31:0] [3:0]
      New connections: $15\msb_index[31:0] [31:4] = 28'0000000000000000000000000000
  Optimizing cells in module \fp16_mul.
    Consolidated identical input bits for $mux cell $procmux$2551:
      Old ports: A=$15\msb_index[31:0], B=15, Y=$16\msb_index[31:0]
      New ports: A=$15\msb_index[31:0] [3:0], B=4'1111, Y=$16\msb_index[31:0] [3:0]
      New connections: $16\msb_index[31:0] [31:4] = 28'0000000000000000000000000000
  Optimizing cells in module \fp16_mul.
    Consolidated identical input bits for $mux cell $procmux$2548:
      Old ports: A=$16\msb_index[31:0], B=16, Y=$17\msb_index[31:0]
      New ports: A={ 1'0 $16\msb_index[31:0] [3:0] }, B=5'10000, Y=$17\msb_index[31:0] [4:0]
      New connections: $17\msb_index[31:0] [31:5] = 27'000000000000000000000000000
  Optimizing cells in module \fp16_mul.
    Consolidated identical input bits for $mux cell $procmux$2545:
      Old ports: A=$17\msb_index[31:0], B=17, Y=$18\msb_index[31:0]
      New ports: A=$17\msb_index[31:0] [4:0], B=5'10001, Y=$18\msb_index[31:0] [4:0]
      New connections: $18\msb_index[31:0] [31:5] = 27'000000000000000000000000000
  Optimizing cells in module \fp16_mul.
    Consolidated identical input bits for $mux cell $procmux$2542:
      Old ports: A=$18\msb_index[31:0], B=18, Y=$19\msb_index[31:0]
      New ports: A=$18\msb_index[31:0] [4:0], B=5'10010, Y=$19\msb_index[31:0] [4:0]
      New connections: $19\msb_index[31:0] [31:5] = 27'000000000000000000000000000
  Optimizing cells in module \fp16_mul.
    Consolidated identical input bits for $mux cell $procmux$2539:
      Old ports: A=$19\msb_index[31:0], B=19, Y=$20\msb_index[31:0]
      New ports: A=$19\msb_index[31:0] [4:0], B=5'10011, Y=$20\msb_index[31:0] [4:0]
      New connections: $20\msb_index[31:0] [31:5] = 27'000000000000000000000000000
  Optimizing cells in module \fp16_mul.
    Consolidated identical input bits for $mux cell $procmux$2536:
      Old ports: A=$20\msb_index[31:0], B=20, Y=$21\msb_index[31:0]
      New ports: A=$20\msb_index[31:0] [4:0], B=5'10100, Y=$21\msb_index[31:0] [4:0]
      New connections: $21\msb_index[31:0] [31:5] = 27'000000000000000000000000000
  Optimizing cells in module \fp16_mul.
    Consolidated identical input bits for $mux cell $procmux$2533:
      Old ports: A=$21\msb_index[31:0], B=21, Y=\msb_index
      New ports: A=$21\msb_index[31:0] [4:0], B=5'10101, Y=\msb_index [4:0]
      New connections: \msb_index [31:5] = 27'000000000000000000000000000
  Optimizing cells in module \fp16_mul.
  Optimizing cells in module \fp16_add.
    Consolidated identical input bits for $mux cell $procmux$2598:
      Old ports: A={ \result_exp [4:0] \rounded_sig [9:0] }, B={ 5'00000 \rounded_sig [9:0] }, Y=$7\result_o[15:0] [14:0]
      New ports: A=\result_exp [4:0], B=5'00000, Y=$7\result_o[15:0] [14:10]
      New connections: $7\result_o[15:0] [9:0] = \rounded_sig [9:0]
    Consolidated identical input bits for $mux cell $procmux$2832:
      Old ports: A={ 27'000000000000000000000000000 \large_exp }, B={ $sub$rtl/fp16_add.sv:64$46_Y [5] $sub$rtl/fp16_add.sv:64$46_Y [5] $sub$rtl/fp16_add.sv:64$46_Y [5] $sub$rtl/fp16_add.sv:64$46_Y [5] $sub$rtl/fp16_add.sv:64$46_Y [5] $sub$rtl/fp16_add.sv:64$46_Y [5] $sub$rtl/fp16_add.sv:64$46_Y [5] $sub$rtl/fp16_add.sv:64$46_Y [5] $sub$rtl/fp16_add.sv:64$46_Y [5] $sub$rtl/fp16_add.sv:64$46_Y [5] $sub$rtl/fp16_add.sv:64$46_Y [5] $sub$rtl/fp16_add.sv:64$46_Y [5] $sub$rtl/fp16_add.sv:64$46_Y [5] $sub$rtl/fp16_add.sv:64$46_Y [5] $sub$rtl/fp16_add.sv:64$46_Y [5] $sub$rtl/fp16_add.sv:64$46_Y [5] $sub$rtl/fp16_add.sv:64$46_Y [5] $sub$rtl/fp16_add.sv:64$46_Y [5] $sub$rtl/fp16_add.sv:64$46_Y [5] $sub$rtl/fp16_add.sv:64$46_Y [5] $sub$rtl/fp16_add.sv:64$46_Y [5] $sub$rtl/fp16_add.sv:64$46_Y [5] $sub$rtl/fp16_add.sv:64$46_Y [5] $sub$rtl/fp16_add.sv:64$46_Y [5] $sub$rtl/fp16_add.sv:64$46_Y [5] $sub$rtl/fp16_add.sv:64$46_Y [5] $sub$rtl/fp16_add.sv:64$46_Y [5:0] }, Y=$3\result_exp[31:0]
      New ports: A={ 1'0 \large_exp }, B=$sub$rtl/fp16_add.sv:64$46_Y [5:0], Y=$3\result_exp[31:0] [5:0]
      New connections: $3\result_exp[31:0] [31:6] = { $3\result_exp[31:0] [5] $3\result_exp[31:0] [5] $3\result_exp[31:0] [5] $3\result_exp[31:0] [5] $3\result_exp[31:0] [5] $3\result_exp[31:0] [5] $3\result_exp[31:0] [5] $3\result_exp[31:0] [5] $3\result_exp[31:0] [5] $3\result_exp[31:0] [5] $3\result_exp[31:0] [5] $3\result_exp[31:0] [5] $3\result_exp[31:0] [5] $3\result_exp[31:0] [5] $3\result_exp[31:0] [5] $3\result_exp[31:0] [5] $3\result_exp[31:0] [5] $3\result_exp[31:0] [5] $3\result_exp[31:0] [5] $3\result_exp[31:0] [5] $3\result_exp[31:0] [5] $3\result_exp[31:0] [5] $3\result_exp[31:0] [5] $3\result_exp[31:0] [5] $3\result_exp[31:0] [5] $3\result_exp[31:0] [5] }
  Optimizing cells in module \fp16_add.
Performed a total of 286 changes.

16.19.5. Executing OPT_MERGE pass (detect identical cells).
Finding identical cells in module `\logic_normalization_scalar_engine'.
Computing hashes of 57 cells of `\logic_normalization_scalar_engine'.
Finding duplicate cells in `\logic_normalization_scalar_engine'.
Finding identical cells in module `\fp16_rsqrt_lut256'.
Computing hashes of 300 cells of `\fp16_rsqrt_lut256'.
Finding duplicate cells in `\fp16_rsqrt_lut256'.
Computing hashes of 175 cells of `\fp16_rsqrt_lut256'.
Finding duplicate cells in `\fp16_rsqrt_lut256'.
Computing hashes of 167 cells of `\fp16_rsqrt_lut256'.
Finding duplicate cells in `\fp16_rsqrt_lut256'.
<suppressed ~399 debug messages>
Finding identical cells in module `\fp16_mul'.
Computing hashes of 147 cells of `\fp16_mul'.
Finding duplicate cells in `\fp16_mul'.
Finding identical cells in module `\fp16_add'.
Computing hashes of 223 cells of `\fp16_add'.
Finding duplicate cells in `\fp16_add'.
Removed a total of 133 cells.

16.19.6. Executing OPT_SHARE pass.

16.19.7. Executing OPT_DFF pass (perform DFF optimizations).

16.19.8. Executing OPT_CLEAN pass (remove unused cells and wires).
Finding unused cells or wires in module \logic_normalization_scalar_engine..
Finding unused cells or wires in module \fp16_rsqrt_lut256..
Finding unused cells or wires in module \fp16_mul..
Finding unused cells or wires in module \fp16_add..
Removed 0 unused cells and 389 unused wires.
<suppressed ~1 debug messages>

16.19.9. Executing OPT_EXPR pass (perform const folding).
Optimizing module logic_normalization_scalar_engine.
Optimizing module fp16_rsqrt_lut256.
<suppressed ~3 debug messages>
Optimizing module fp16_mul.
Optimizing module fp16_add.

16.19.10. Rerunning OPT passes. (Maybe there is more to do..)

16.19.11. Executing OPT_MUXTREE pass (detect dead branches in mux trees).
Running muxtree optimizer on module \logic_normalization_scalar_engine..
  Creating internal representation of mux trees.
  Evaluating internal representation of mux trees.
  Analyzing evaluation results.
Running muxtree optimizer on module \fp16_rsqrt_lut256..
  Creating internal representation of mux trees.
  Evaluating internal representation of mux trees.
  Analyzing evaluation results.
Running muxtree optimizer on module \fp16_mul..
  Creating internal representation of mux trees.
  Evaluating internal representation of mux trees.
  Analyzing evaluation results.
Running muxtree optimizer on module \fp16_add..
  Creating internal representation of mux trees.
  Evaluating internal representation of mux trees.
  Analyzing evaluation results.
Removed 0 multiplexer ports.
<suppressed ~401 debug messages>

16.19.12. Executing OPT_REDUCE pass (consolidate $*mux and $reduce_* inputs).
  Optimizing cells in module \logic_normalization_scalar_engine.
  Optimizing cells in module \fp16_rsqrt_lut256.
    Consolidated identical input bits for $mux cell $memory$auto$proc_rom.cc:155:do_switch$1032$rdmux[0][6][57]$4190:
      Old ports: A={ 1'1 $memory$auto$proc_rom.cc:155:do_switch$1032$rdmux[0][6][0]$a$4020 [4] $memory$auto$proc_rom.cc:155:do_switch$1032$rdmux[0][6][0]$a$4020 [2] 1'0 }, B={ $memory$auto$proc_rom.cc:155:do_switch$1032$rdmux[0][6][0]$a$4020 [4] $memory$auto$proc_rom.cc:155:do_switch$1032$rdmux[0][6][0]$a$4020 [2] $memory$auto$proc_rom.cc:155:do_switch$1032$rdmux[0][6][0]$a$4020 [2] 1'1 }, Y=$memory$auto$proc_rom.cc:155:do_switch$1032$rdmux[0][5][28]$b$4009 [3:0]
      New ports: A={ 1'1 $memory$auto$proc_rom.cc:155:do_switch$1032$rdmux[0][6][0]$a$4020 [4] 1'0 }, B={ $memory$auto$proc_rom.cc:155:do_switch$1032$rdmux[0][6][0]$a$4020 [4] $memory$auto$proc_rom.cc:155:do_switch$1032$rdmux[0][6][0]$a$4020 [2] 1'1 }, Y={ $memory$auto$proc_rom.cc:155:do_switch$1032$rdmux[0][5][28]$b$4009 [3:2] $memory$auto$proc_rom.cc:155:do_switch$1032$rdmux[0][5][28]$b$4009 [0] }
      New connections: $memory$auto$proc_rom.cc:155:do_switch$1032$rdmux[0][5][28]$b$4009 [1] = $memory$auto$proc_rom.cc:155:do_switch$1032$rdmux[0][6][0]$a$4020 [2]
    Consolidated identical input bits for $mux cell $memory$auto$proc_rom.cc:155:do_switch$1032$rdmux[0][6][52]$4175:
      Old ports: A={ $memory$auto$proc_rom.cc:155:do_switch$1032$rdmux[0][6][0]$a$4020 [4] $memory$auto$proc_rom.cc:155:do_switch$1032$rdmux[0][6][0]$a$4020 [2] $memory$auto$proc_rom.cc:155:do_switch$1032$rdmux[0][6][0]$a$4020 [2] $memory$auto$proc_rom.cc:155:do_switch$1032$rdmux[0][6][0]$a$4020 [2] }, B={ 2'01 $memory$auto$proc_rom.cc:155:do_switch$1032$rdmux[0][6][0]$a$4020 [4] $memory$auto$proc_rom.cc:155:do_switch$1032$rdmux[0][6][0]$a$4020 [2] }, Y=$memory$auto$proc_rom.cc:155:do_switch$1032$rdmux[0][5][22]$a$3990 [4:1]
      New ports: A={ $memory$auto$proc_rom.cc:155:do_switch$1032$rdmux[0][6][0]$a$4020 [4] $memory$auto$proc_rom.cc:155:do_switch$1032$rdmux[0][6][0]$a$4020 [2] $memory$auto$proc_rom.cc:155:do_switch$1032$rdmux[0][6][0]$a$4020 [2] }, B={ 2'01 $memory$auto$proc_rom.cc:155:do_switch$1032$rdmux[0][6][0]$a$4020 [4] }, Y=$memory$auto$proc_rom.cc:155:do_switch$1032$rdmux[0][5][22]$a$3990 [4:2]
      New connections: $memory$auto$proc_rom.cc:155:do_switch$1032$rdmux[0][5][22]$a$3990 [1] = $memory$auto$proc_rom.cc:155:do_switch$1032$rdmux[0][6][0]$a$4020 [2]
    Consolidated identical input bits for $mux cell $memory$auto$proc_rom.cc:155:do_switch$1032$rdmux[0][6][50]$4169:
      Old ports: A={ 1'1 $memory$auto$proc_rom.cc:155:do_switch$1032$rdmux[0][6][10]$a$4050 [0] }, B={ 1'0 $memory$auto$proc_rom.cc:155:do_switch$1032$rdmux[0][6][10]$a$4050 [0] }, Y=$memory$auto$proc_rom.cc:155:do_switch$1032$rdmux[0][5][23]$b$3994 [2:1]
      New ports: A=1'1, B=1'0, Y=$memory$auto$proc_rom.cc:155:do_switch$1032$rdmux[0][5][23]$b$3994 [2]
      New connections: $memory$auto$proc_rom.cc:155:do_switch$1032$rdmux[0][5][23]$b$3994 [1] = $memory$auto$proc_rom.cc:155:do_switch$1032$rdmux[0][6][10]$a$4050 [0]
    Consolidated identical input bits for $mux cell $memory$auto$proc_rom.cc:155:do_switch$1032$rdmux[0][6][61]$4202:
      Old ports: A={ 1'1 $memory$auto$proc_rom.cc:155:do_switch$1032$rdmux[0][6][10]$a$4050 [0] 1'0 }, B={ 1'0 $memory$auto$proc_rom.cc:155:do_switch$1032$rdmux[0][6][10]$a$4050 [0] 1'1 }, Y={ $memory$auto$proc_rom.cc:155:do_switch$1032$rdmux[0][5][30]$b$4015 [4] $memory$auto$proc_rom.cc:155:do_switch$1032$rdmux[0][5][30]$b$4015 [1:0] }
      New ports: A=2'10, B=2'01, Y={ $memory$auto$proc_rom.cc:155:do_switch$1032$rdmux[0][5][30]$b$4015 [4] $memory$auto$proc_rom.cc:155:do_switch$1032$rdmux[0][5][30]$b$4015 [0] }
      New connections: $memory$auto$proc_rom.cc:155:do_switch$1032$rdmux[0][5][30]$b$4015 [1] = $memory$auto$proc_rom.cc:155:do_switch$1032$rdmux[0][6][10]$a$4050 [0]
    Consolidated identical input bits for $mux cell $memory$auto$proc_rom.cc:155:do_switch$1032$rdmux[0][6][45]$4154:
      Old ports: A={ $memory$auto$proc_rom.cc:155:do_switch$1032$rdmux[0][6][0]$a$4020 [4] $memory$auto$proc_rom.cc:155:do_switch$1032$rdmux[0][6][0]$a$4020 [2] $memory$auto$proc_rom.cc:155:do_switch$1032$rdmux[0][6][0]$a$4020 [2] }, B={ 1'0 $memory$auto$proc_rom.cc:155:do_switch$1032$rdmux[0][6][0]$a$4020 [4] $memory$auto$proc_rom.cc:155:do_switch$1032$rdmux[0][6][0]$a$4020 [2] }, Y=$memory$auto$proc_rom.cc:155:do_switch$1032$rdmux[0][5][22]$b$3991 [3:1]
      New ports: A={ $memory$auto$proc_rom.cc:155:do_switch$1032$rdmux[0][6][0]$a$4020 [4] $memory$auto$proc_rom.cc:155:do_switch$1032$rdmux[0][6][0]$a$4020 [2] }, B={ 1'0 $memory$auto$proc_rom.cc:155:do_switch$1032$rdmux[0][6][0]$a$4020 [4] }, Y=$memory$auto$proc_rom.cc:155:do_switch$1032$rdmux[0][5][22]$b$3991 [3:2]
      New connections: $memory$auto$proc_rom.cc:155:do_switch$1032$rdmux[0][5][22]$b$3991 [1] = $memory$auto$proc_rom.cc:155:do_switch$1032$rdmux[0][6][0]$a$4020 [2]
    Consolidated identical input bits for $mux cell $memory$auto$proc_rom.cc:155:do_switch$1032$rdmux[0][6][60]$4199:
      Old ports: A={ $memory$auto$proc_rom.cc:155:do_switch$1032$rdmux[0][6][0]$a$4020 [4] $memory$auto$proc_rom.cc:155:do_switch$1032$rdmux[0][6][0]$a$4020 [2] $memory$auto$proc_rom.cc:155:do_switch$1032$rdmux[0][6][0]$a$4020 [2] 1'0 }, B={ 1'0 $memory$auto$proc_rom.cc:155:do_switch$1032$rdmux[0][6][0]$a$4020 [4] $memory$auto$proc_rom.cc:155:do_switch$1032$rdmux[0][6][0]$a$4020 [2] 1'1 }, Y=$memory$auto$proc_rom.cc:155:do_switch$1032$rdmux[0][5][26]$b$4003 [3:0]
      New ports: A={ $memory$auto$proc_rom.cc:155:do_switch$1032$rdmux[0][6][0]$a$4020 [4] $memory$auto$proc_rom.cc:155:do_switch$1032$rdmux[0][6][0]$a$4020 [2] 1'0 }, B={ 1'0 $memory$auto$proc_rom.cc:155:do_switch$1032$rdmux[0][6][0]$a$4020 [4] 1'1 }, Y={ $memory$auto$proc_rom.cc:155:do_switch$1032$rdmux[0][5][26]$b$4003 [3:2] $memory$auto$proc_rom.cc:155:do_switch$1032$rdmux[0][5][26]$b$4003 [0] }
      New connections: $memory$auto$proc_rom.cc:155:do_switch$1032$rdmux[0][5][26]$b$4003 [1] = $memory$auto$proc_rom.cc:155:do_switch$1032$rdmux[0][6][0]$a$4020 [2]
    Consolidated identical input bits for $mux cell $memory$auto$proc_rom.cc:155:do_switch$1032$rdmux[0][6][42]$4145:
      Old ports: A={ 2'10 $memory$auto$proc_rom.cc:155:do_switch$1032$rdmux[0][6][10]$a$4050 [0] 1'1 }, B={ 2'01 $memory$auto$proc_rom.cc:155:do_switch$1032$rdmux[0][6][10]$a$4050 [0] $memory$auto$proc_rom.cc:155:do_switch$1032$rdmux[0][6][10]$a$4050 [0] }, Y={ $memory$auto$proc_rom.cc:155:do_switch$1032$rdmux[0][5][21]$a$3987 [5] $memory$auto$proc_rom.cc:155:do_switch$1032$rdmux[0][5][21]$a$3987 [2:0] }
      New ports: A=3'101, B={ 2'01 $memory$auto$proc_rom.cc:155:do_switch$1032$rdmux[0][6][10]$a$4050 [0] }, Y={ $memory$auto$proc_rom.cc:155:do_switch$1032$rdmux[0][5][21]$a$3987 [5] $memory$auto$proc_rom.cc:155:do_switch$1032$rdmux[0][5][21]$a$3987 [2] $memory$auto$proc_rom.cc:155:do_switch$1032$rdmux[0][5][21]$a$3987 [0] }
      New connections: $memory$auto$proc_rom.cc:155:do_switch$1032$rdmux[0][5][21]$a$3987 [1] = $memory$auto$proc_rom.cc:155:do_switch$1032$rdmux[0][6][10]$a$4050 [0]
    Consolidated identical input bits for $mux cell $memory$auto$proc_rom.cc:155:do_switch$1032$rdmux[0][6][41]$4142:
      Old ports: A={ 1'1 $memory$auto$proc_rom.cc:155:do_switch$1032$rdmux[0][6][0]$a$4020 [4] $memory$auto$proc_rom.cc:155:do_switch$1032$rdmux[0][6][0]$a$4020 [2] 1'1 }, B={ $memory$auto$proc_rom.cc:155:do_switch$1032$rdmux[0][6][0]$a$4020 [4] $memory$auto$proc_rom.cc:155:do_switch$1032$rdmux[0][6][0]$a$4020 [2] $memory$auto$proc_rom.cc:155:do_switch$1032$rdmux[0][6][0]$a$4020 [2] 1'0 }, Y=$memory$auto$proc_rom.cc:155:do_switch$1032$rdmux[0][5][20]$b$3985 [3:0]
      New ports: A={ 1'1 $memory$auto$proc_rom.cc:155:do_switch$1032$rdmux[0][6][0]$a$4020 [4] 1'1 }, B={ $memory$auto$proc_rom.cc:155:do_switch$1032$rdmux[0][6][0]$a$4020 [4] $memory$auto$proc_rom.cc:155:do_switch$1032$rdmux[0][6][0]$a$4020 [2] 1'0 }, Y={ $memory$auto$proc_rom.cc:155:do_switch$1032$rdmux[0][5][20]$b$3985 [3:2] $memory$auto$proc_rom.cc:155:do_switch$1032$rdmux[0][5][20]$b$3985 [0] }
      New connections: $memory$auto$proc_rom.cc:155:do_switch$1032$rdmux[0][5][20]$b$3985 [1] = $memory$auto$proc_rom.cc:155:do_switch$1032$rdmux[0][6][0]$a$4020 [2]
    Consolidated identical input bits for $mux cell $memory$auto$proc_rom.cc:155:do_switch$1032$rdmux[0][6][33]$4118:
      Old ports: A={ $memory$auto$proc_rom.cc:155:do_switch$1032$rdmux[0][6][0]$a$4020 [4] $memory$auto$proc_rom.cc:155:do_switch$1032$rdmux[0][6][0]$a$4020 [2] $memory$auto$proc_rom.cc:155:do_switch$1032$rdmux[0][6][0]$a$4020 [2] 1'1 $memory$auto$proc_rom.cc:155:do_switch$1032$rdmux[0][6][0]$a$4020 [2] }, B={ 2'01 $memory$auto$proc_rom.cc:155:do_switch$1032$rdmux[0][6][0]$a$4020 [4] 1'0 $memory$auto$proc_rom.cc:155:do_switch$1032$rdmux[0][6][0]$a$4020 [2] }, Y={ $memory$auto$proc_rom.cc:155:do_switch$1032$rdmux[0][5][16]$b$3973 [8] $memory$auto$proc_rom.cc:155:do_switch$1032$rdmux[0][5][16]$b$3973 [3:0] }
      New ports: A={ $memory$auto$proc_rom.cc:155:do_switch$1032$rdmux[0][6][0]$a$4020 [4] $memory$auto$proc_rom.cc:155:do_switch$1032$rdmux[0][6][0]$a$4020 [2] $memory$auto$proc_rom.cc:155:do_switch$1032$rdmux[0][6][0]$a$4020 [2] 1'1 }, B={ 2'01 $memory$auto$proc_rom.cc:155:do_switch$1032$rdmux[0][6][0]$a$4020 [4] 1'0 }, Y={ $memory$auto$proc_rom.cc:155:do_switch$1032$rdmux[0][5][16]$b$3973 [8] $memory$auto$proc_rom.cc:155:do_switch$1032$rdmux[0][5][16]$b$3973 [3:1] }
      New connections: $memory$auto$proc_rom.cc:155:do_switch$1032$rdmux[0][5][16]$b$3973 [0] = $memory$auto$proc_rom.cc:155:do_switch$1032$rdmux[0][6][0]$a$4020 [2]
    Consolidated identical input bits for $mux cell $memory$auto$proc_rom.cc:155:do_switch$1032$rdmux[0][6][32]$4115:
      Old ports: A={ 1'1 $memory$auto$proc_rom.cc:155:do_switch$1032$rdmux[0][6][0]$a$4020 [4] 1'1 $memory$auto$proc_rom.cc:155:do_switch$1032$rdmux[0][6][0]$a$4020 [2] }, B={ $memory$auto$proc_rom.cc:155:do_switch$1032$rdmux[0][6][0]$a$4020 [4] $memory$auto$proc_rom.cc:155:do_switch$1032$rdmux[0][6][0]$a$4020 [2] 1'0 $memory$auto$proc_rom.cc:155:do_switch$1032$rdmux[0][6][0]$a$4020 [2] }, Y=$memory$auto$proc_rom.cc:155:do_switch$1032$rdmux[0][5][16]$a$3972 [3:0]
      New ports: A={ 1'1 $memory$auto$proc_rom.cc:155:do_switch$1032$rdmux[0][6][0]$a$4020 [4] 1'1 }, B={ $memory$auto$proc_rom.cc:155:do_switch$1032$rdmux[0][6][0]$a$4020 [4] $memory$auto$proc_rom.cc:155:do_switch$1032$rdmux[0][6][0]$a$4020 [2] 1'0 }, Y=$memory$auto$proc_rom.cc:155:do_switch$1032$rdmux[0][5][16]$a$3972 [3:1]
      New connections: $memory$auto$proc_rom.cc:155:do_switch$1032$rdmux[0][5][16]$a$3972 [0] = $memory$auto$proc_rom.cc:155:do_switch$1032$rdmux[0][6][0]$a$4020 [2]
    Consolidated identical input bits for $mux cell $memory$auto$proc_rom.cc:155:do_switch$1032$rdmux[0][6][31]$4112:
      Old ports: A={ $memory$auto$proc_rom.cc:155:do_switch$1032$rdmux[0][6][0]$a$4020 [4] $memory$auto$proc_rom.cc:155:do_switch$1032$rdmux[0][6][0]$a$4020 [2] 1'1 $memory$auto$proc_rom.cc:155:do_switch$1032$rdmux[0][6][0]$a$4020 [2] }, B={ 1'0 $memory$auto$proc_rom.cc:155:do_switch$1032$rdmux[0][6][0]$a$4020 [4] 1'0 $memory$auto$proc_rom.cc:155:do_switch$1032$rdmux[0][6][0]$a$4020 [2] }, Y=$memory$auto$proc_rom.cc:155:do_switch$1032$rdmux[0][5][15]$b$3970 [3:0]
      New ports: A={ $memory$auto$proc_rom.cc:155:do_switch$1032$rdmux[0][6][0]$a$4020 [4] $memory$auto$proc_rom.cc:155:do_switch$1032$rdmux[0][6][0]$a$4020 [2] 1'1 }, B={ 1'0 $memory$auto$proc_rom.cc:155:do_switch$1032$rdmux[0][6][0]$a$4020 [4] 1'0 }, Y=$memory$auto$proc_rom.cc:155:do_switch$1032$rdmux[0][5][15]$b$3970 [3:1]
      New connections: $memory$auto$proc_rom.cc:155:do_switch$1032$rdmux[0][5][15]$b$3970 [0] = $memory$auto$proc_rom.cc:155:do_switch$1032$rdmux[0][6][0]$a$4020 [2]
    Consolidated identical input bits for $mux cell $memory$auto$proc_rom.cc:155:do_switch$1032$rdmux[0][6][23]$4088:
      Old ports: A={ 2'10 $memory$auto$proc_rom.cc:155:do_switch$1032$rdmux[0][6][0]$a$4020 [4] $memory$auto$proc_rom.cc:155:do_switch$1032$rdmux[0][6][0]$a$4020 [2] }, B={ $memory$auto$proc_rom.cc:155:do_switch$1032$rdmux[0][6][0]$a$4020 [4] $memory$auto$proc_rom.cc:155:do_switch$1032$rdmux[0][6][0]$a$4020 [2] $memory$auto$proc_rom.cc:155:do_switch$1032$rdmux[0][6][0]$a$4020 [2] $memory$auto$proc_rom.cc:155:do_switch$1032$rdmux[0][6][0]$a$4020 [2] }, Y={ $memory$auto$proc_rom.cc:155:do_switch$1032$rdmux[0][5][11]$b$3958 [7] $memory$auto$proc_rom.cc:155:do_switch$1032$rdmux[0][5][11]$b$3958 [4:2] }
      New ports: A={ 2'10 $memory$auto$proc_rom.cc:155:do_switch$1032$rdmux[0][6][0]$a$4020 [4] }, B={ $memory$auto$proc_rom.cc:155:do_switch$1032$rdmux[0][6][0]$a$4020 [4] $memory$auto$proc_rom.cc:155:do_switch$1032$rdmux[0][6][0]$a$4020 [2] $memory$auto$proc_rom.cc:155:do_switch$1032$rdmux[0][6][0]$a$4020 [2] }, Y={ $memory$auto$proc_rom.cc:155:do_switch$1032$rdmux[0][5][11]$b$3958 [7] $memory$auto$proc_rom.cc:155:do_switch$1032$rdmux[0][5][11]$b$3958 [4:3] }
      New connections: $memory$auto$proc_rom.cc:155:do_switch$1032$rdmux[0][5][11]$b$3958 [2] = $memory$auto$proc_rom.cc:155:do_switch$1032$rdmux[0][6][0]$a$4020 [2]
    Consolidated identical input bits for $mux cell $memory$auto$proc_rom.cc:155:do_switch$1032$rdmux[0][6][22]$4085:
      Old ports: A={ 1'1 $memory$auto$proc_rom.cc:155:do_switch$1032$rdmux[0][6][0]$a$4020 [4] $memory$auto$proc_rom.cc:155:do_switch$1032$rdmux[0][6][0]$a$4020 [2] }, B={ $memory$auto$proc_rom.cc:155:do_switch$1032$rdmux[0][6][0]$a$4020 [4] $memory$auto$proc_rom.cc:155:do_switch$1032$rdmux[0][6][0]$a$4020 [2] $memory$auto$proc_rom.cc:155:do_switch$1032$rdmux[0][6][0]$a$4020 [2] }, Y=$memory$auto$proc_rom.cc:155:do_switch$1032$rdmux[0][5][11]$a$3957 [4:2]
      New ports: A={ 1'1 $memory$auto$proc_rom.cc:155:do_switch$1032$rdmux[0][6][0]$a$4020 [4] }, B={ $memory$auto$proc_rom.cc:155:do_switch$1032$rdmux[0][6][0]$a$4020 [4] $memory$auto$proc_rom.cc:155:do_switch$1032$rdmux[0][6][0]$a$4020 [2] }, Y=$memory$auto$proc_rom.cc:155:do_switch$1032$rdmux[0][5][11]$a$3957 [4:3]
      New connections: $memory$auto$proc_rom.cc:155:do_switch$1032$rdmux[0][5][11]$a$3957 [2] = $memory$auto$proc_rom.cc:155:do_switch$1032$rdmux[0][6][0]$a$4020 [2]
    Consolidated identical input bits for $mux cell $memory$auto$proc_rom.cc:155:do_switch$1032$rdmux[0][6][20]$4079:
      Old ports: A={ $memory$auto$proc_rom.cc:155:do_switch$1032$rdmux[0][6][10]$a$4050 [0] 1'1 }, B={ $memory$auto$proc_rom.cc:155:do_switch$1032$rdmux[0][6][10]$a$4050 [0] 1'0 }, Y={ $memory$auto$proc_rom.cc:155:do_switch$1032$rdmux[0][5][10]$a$3954 [2] $memory$auto$proc_rom.cc:155:do_switch$1032$rdmux[0][5][10]$a$3954 [0] }
      New ports: A=1'1, B=1'0, Y=$memory$auto$proc_rom.cc:155:do_switch$1032$rdmux[0][5][10]$a$3954 [0]
      New connections: $memory$auto$proc_rom.cc:155:do_switch$1032$rdmux[0][5][10]$a$3954 [2] = $memory$auto$proc_rom.cc:155:do_switch$1032$rdmux[0][6][10]$a$4050 [0]
    Consolidated identical input bits for $mux cell $memory$auto$proc_rom.cc:155:do_switch$1032$rdmux[0][6][18]$4073:
      Old ports: A={ $memory$auto$proc_rom.cc:155:do_switch$1032$rdmux[0][6][0]$a$4020 [2] $memory$auto$proc_rom.cc:155:do_switch$1032$rdmux[0][6][0]$a$4020 [2] $memory$auto$proc_rom.cc:155:do_switch$1032$rdmux[0][6][0]$a$4020 [2] $memory$auto$proc_rom.cc:155:do_switch$1032$rdmux[0][6][0]$a$4020 [4] $memory$auto$proc_rom.cc:155:do_switch$1032$rdmux[0][6][0]$a$4020 [2] }, B={ 1'1 $memory$auto$proc_rom.cc:155:do_switch$1032$rdmux[0][6][0]$a$4020 [4] $memory$auto$proc_rom.cc:155:do_switch$1032$rdmux[0][6][0]$a$4020 [2] 2'00 }, Y=$memory$auto$proc_rom.cc:155:do_switch$1032$rdmux[0][5][9]$a$3951 [4:0]
      New ports: A={ $memory$auto$proc_rom.cc:155:do_switch$1032$rdmux[0][6][0]$a$4020 [2] $memory$auto$proc_rom.cc:155:do_switch$1032$rdmux[0][6][0]$a$4020 [2] $memory$auto$proc_rom.cc:155:do_switch$1032$rdmux[0][6][0]$a$4020 [4] $memory$auto$proc_rom.cc:155:do_switch$1032$rdmux[0][6][0]$a$4020 [2] }, B={ 1'1 $memory$auto$proc_rom.cc:155:do_switch$1032$rdmux[0][6][0]$a$4020 [4] 2'00 }, Y={ $memory$auto$proc_rom.cc:155:do_switch$1032$rdmux[0][5][9]$a$3951 [4:3] $memory$auto$proc_rom.cc:155:do_switch$1032$rdmux[0][5][9]$a$3951 [1:0] }
      New connections: $memory$auto$proc_rom.cc:155:do_switch$1032$rdmux[0][5][9]$a$3951 [2] = $memory$auto$proc_rom.cc:155:do_switch$1032$rdmux[0][6][0]$a$4020 [2]
    Consolidated identical input bits for $mux cell $memory$auto$proc_rom.cc:155:do_switch$1032$rdmux[0][6][9]$4046:
      Old ports: A={ 1'1 $memory$auto$proc_rom.cc:155:do_switch$1032$rdmux[0][6][0]$a$4020 [4] 2'01 $memory$auto$proc_rom.cc:155:do_switch$1032$rdmux[0][6][0]$a$4020 [2] }, B={ $memory$auto$proc_rom.cc:155:do_switch$1032$rdmux[0][6][0]$a$4020 [4] $memory$auto$proc_rom.cc:155:do_switch$1032$rdmux[0][6][0]$a$4020 [2] 2'10 $memory$auto$proc_rom.cc:155:do_switch$1032$rdmux[0][6][0]$a$4020 [2] }, Y={ $memory$auto$proc_rom.cc:155:do_switch$1032$rdmux[0][5][4]$b$3937 [5:4] $memory$auto$proc_rom.cc:155:do_switch$1032$rdmux[0][5][4]$b$3937 [2:0] }
      New ports: A={ 1'1 $memory$auto$proc_rom.cc:155:do_switch$1032$rdmux[0][6][0]$a$4020 [4] 2'01 }, B={ $memory$auto$proc_rom.cc:155:do_switch$1032$rdmux[0][6][0]$a$4020 [4] $memory$auto$proc_rom.cc:155:do_switch$1032$rdmux[0][6][0]$a$4020 [2] 2'10 }, Y={ $memory$auto$proc_rom.cc:155:do_switch$1032$rdmux[0][5][4]$b$3937 [5:4] $memory$auto$proc_rom.cc:155:do_switch$1032$rdmux[0][5][4]$b$3937 [2:1] }
      New connections: $memory$auto$proc_rom.cc:155:do_switch$1032$rdmux[0][5][4]$b$3937 [0] = $memory$auto$proc_rom.cc:155:do_switch$1032$rdmux[0][6][0]$a$4020 [2]
    Consolidated identical input bits for $mux cell $memory$auto$proc_rom.cc:155:do_switch$1032$rdmux[0][6][7]$4040:
      Old ports: A={ $memory$auto$proc_rom.cc:155:do_switch$1032$rdmux[0][6][10]$a$4050 [0] 2'01 }, B={ $memory$auto$proc_rom.cc:155:do_switch$1032$rdmux[0][6][10]$a$4050 [0] 2'10 }, Y={ $memory$auto$proc_rom.cc:155:do_switch$1032$rdmux[0][5][3]$b$3934 [3] $memory$auto$proc_rom.cc:155:do_switch$1032$rdmux[0][5][3]$b$3934 [1:0] }
      New ports: A=2'01, B=2'10, Y=$memory$auto$proc_rom.cc:155:do_switch$1032$rdmux[0][5][3]$b$3934 [1:0]
      New connections: $memory$auto$proc_rom.cc:155:do_switch$1032$rdmux[0][5][3]$b$3934 [3] = $memory$auto$proc_rom.cc:155:do_switch$1032$rdmux[0][6][10]$a$4050 [0]
    Consolidated identical input bits for $mux cell $memory$auto$proc_rom.cc:155:do_switch$1032$rdmux[0][6][6]$4037:
      Old ports: A={ 2'10 $memory$auto$proc_rom.cc:155:do_switch$1032$rdmux[0][6][10]$a$4050 [0] }, B={ 2'01 $memory$auto$proc_rom.cc:155:do_switch$1032$rdmux[0][6][10]$a$4050 [0] }, Y={ $memory$auto$proc_rom.cc:155:do_switch$1032$rdmux[0][5][3]$a$3933 [8] $memory$auto$proc_rom.cc:155:do_switch$1032$rdmux[0][5][3]$a$3933 [4:3] }
      New ports: A=2'10, B=2'01, Y={ $memory$auto$proc_rom.cc:155:do_switch$1032$rdmux[0][5][3]$a$3933 [8] $memory$auto$proc_rom.cc:155:do_switch$1032$rdmux[0][5][3]$a$3933 [4] }
      New connections: $memory$auto$proc_rom.cc:155:do_switch$1032$rdmux[0][5][3]$a$3933 [3] = $memory$auto$proc_rom.cc:155:do_switch$1032$rdmux[0][6][10]$a$4050 [0]
    Consolidated identical input bits for $mux cell $memory$auto$proc_rom.cc:155:do_switch$1032$rdmux[0][6][4]$4031:
      Old ports: A={ 2'10 $memory$auto$proc_rom.cc:155:do_switch$1032$rdmux[0][6][12]$a$4056 [1] $memory$auto$proc_rom.cc:155:do_switch$1032$rdmux[0][6][12]$a$4056 [2] 1'1 $memory$auto$proc_rom.cc:155:do_switch$1032$rdmux[0][6][12]$a$4056 [1] }, B={ $memory$auto$proc_rom.cc:155:do_switch$1032$rdmux[0][6][12]$a$4056 [1] $memory$auto$proc_rom.cc:155:do_switch$1032$rdmux[0][6][12]$a$4056 [2] $memory$auto$proc_rom.cc:155:do_switch$1032$rdmux[0][6][12]$a$4056 [2] $memory$auto$proc_rom.cc:155:do_switch$1032$rdmux[0][6][12]$a$4056 [2] 1'0 $memory$auto$proc_rom.cc:155:do_switch$1032$rdmux[0][6][12]$a$4056 [1] }, Y={ $memory$auto$proc_rom.cc:155:do_switch$1032$rdmux[0][5][2]$a$3930 [6:3] $memory$auto$proc_rom.cc:155:do_switch$1032$rdmux[0][5][2]$a$3930 [1:0] }
      New ports: A={ 2'10 $memory$auto$proc_rom.cc:155:do_switch$1032$rdmux[0][6][12]$a$4056 [1] 1'1 }, B={ $memory$auto$proc_rom.cc:155:do_switch$1032$rdmux[0][6][12]$a$4056 [1] $memory$auto$proc_rom.cc:155:do_switch$1032$rdmux[0][6][12]$a$4056 [2] $memory$auto$proc_rom.cc:155:do_switch$1032$rdmux[0][6][12]$a$4056 [2] 1'0 }, Y={ $memory$auto$proc_rom.cc:155:do_switch$1032$rdmux[0][5][2]$a$3930 [6:4] $memory$auto$proc_rom.cc:155:do_switch$1032$rdmux[0][5][2]$a$3930 [1] }
      New connections: { $memory$auto$proc_rom.cc:155:do_switch$1032$rdmux[0][5][2]$a$3930 [3] $memory$auto$proc_rom.cc:155:do_switch$1032$rdmux[0][5][2]$a$3930 [0] } = $memory$auto$proc_rom.cc:155:do_switch$1032$rdmux[0][6][12]$a$4056 [2:1]
    Consolidated identical input bits for $mux cell $memory$auto$proc_rom.cc:155:do_switch$1032$rdmux[0][6][2]$4025:
      Old ports: A={ $memory$auto$proc_rom.cc:155:do_switch$1032$rdmux[0][6][0]$a$4020 [4] $memory$auto$proc_rom.cc:155:do_switch$1032$rdmux[0][6][0]$a$4020 [2] 1'0 $memory$auto$proc_rom.cc:155:do_switch$1032$rdmux[0][6][0]$a$4020 [2] $memory$auto$proc_rom.cc:155:do_switch$1032$rdmux[0][6][0]$a$4020 [2] }, B={ 2'00 $memory$auto$proc_rom.cc:155:do_switch$1032$rdmux[0][6][0]$a$4020 [4] $memory$auto$proc_rom.cc:155:do_switch$1032$rdmux[0][6][0]$a$4020 [4] $memory$auto$proc_rom.cc:155:do_switch$1032$rdmux[0][6][0]$a$4020 [2] }, Y=$memory$auto$proc_rom.cc:155:do_switch$1032$rdmux[0][5][1]$a$3927 [5:1]
      New ports: A={ $memory$auto$proc_rom.cc:155:do_switch$1032$rdmux[0][6][0]$a$4020 [4] $memory$auto$proc_rom.cc:155:do_switch$1032$rdmux[0][6][0]$a$4020 [2] 1'0 $memory$auto$proc_rom.cc:155:do_switch$1032$rdmux[0][6][0]$a$4020 [2] }, B={ 2'00 $memory$auto$proc_rom.cc:155:do_switch$1032$rdmux[0][6][0]$a$4020 [4] $memory$auto$proc_rom.cc:155:do_switch$1032$rdmux[0][6][0]$a$4020 [4] }, Y=$memory$auto$proc_rom.cc:155:do_switch$1032$rdmux[0][5][1]$a$3927 [5:2]
      New connections: $memory$auto$proc_rom.cc:155:do_switch$1032$rdmux[0][5][1]$a$3927 [1] = $memory$auto$proc_rom.cc:155:do_switch$1032$rdmux[0][6][0]$a$4020 [2]
    Consolidated identical input bits for $mux cell $memory$auto$proc_rom.cc:155:do_switch$1032$rdmux[0][6][0]$4019:
      Old ports: A={ 1'1 $memory$auto$proc_rom.cc:155:do_switch$1032$rdmux[0][6][0]$a$4020 [4] 1'1 $memory$auto$proc_rom.cc:155:do_switch$1032$rdmux[0][6][0]$a$4020 [2] 1'0 }, B={ $memory$auto$proc_rom.cc:155:do_switch$1032$rdmux[0][6][0]$a$4020 [4] $memory$auto$proc_rom.cc:155:do_switch$1032$rdmux[0][6][0]$a$4020 [2] 1'0 $memory$auto$proc_rom.cc:155:do_switch$1032$rdmux[0][6][0]$a$4020 [2] 1'1 }, Y={ $memory$auto$proc_rom.cc:155:do_switch$1032$rdmux[0][5][0]$a$3924 [5:2] $memory$auto$proc_rom.cc:155:do_switch$1032$rdmux[0][5][0]$a$3924 [0] }
      New ports: A={ 1'1 $memory$auto$proc_rom.cc:155:do_switch$1032$rdmux[0][6][0]$a$4020 [4] 2'10 }, B={ $memory$auto$proc_rom.cc:155:do_switch$1032$rdmux[0][6][0]$a$4020 [4] $memory$auto$proc_rom.cc:155:do_switch$1032$rdmux[0][6][0]$a$4020 [2] 2'01 }, Y={ $memory$auto$proc_rom.cc:155:do_switch$1032$rdmux[0][5][0]$a$3924 [5:3] $memory$auto$proc_rom.cc:155:do_switch$1032$rdmux[0][5][0]$a$3924 [0] }
      New connections: $memory$auto$proc_rom.cc:155:do_switch$1032$rdmux[0][5][0]$a$3924 [2] = $memory$auto$proc_rom.cc:155:do_switch$1032$rdmux[0][6][0]$a$4020 [2]
    Consolidated identical input bits for $mux cell $memory$auto$proc_rom.cc:155:do_switch$1032$rdmux[0][5][24]$3995:
      Old ports: A={ 1'1 $memory$auto$proc_rom.cc:155:do_switch$1032$rdmux[0][5][23]$b$3994 [2:1] }, B={ 1'0 $memory$auto$proc_rom.cc:155:do_switch$1032$rdmux[0][5][23]$b$3994 [2:1] }, Y=$memory$auto$proc_rom.cc:155:do_switch$1032$rdmux[0][4][12]$a$3912 [3:1]
      New ports: A=1'1, B=1'0, Y=$memory$auto$proc_rom.cc:155:do_switch$1032$rdmux[0][4][12]$a$3912 [3]
      New connections: $memory$auto$proc_rom.cc:155:do_switch$1032$rdmux[0][4][12]$a$3912 [2:1] = $memory$auto$proc_rom.cc:155:do_switch$1032$rdmux[0][5][23]$b$3994 [2:1]
  Optimizing cells in module \fp16_rsqrt_lut256.
    Consolidated identical input bits for $mux cell $memory$auto$proc_rom.cc:155:do_switch$1032$rdmux[0][5][26]$4001:
      Old ports: A={ $memory$auto$proc_rom.cc:155:do_switch$1032$rdmux[0][5][22]$a$3990 [4:1] 1'0 }, B={ 1'0 $memory$auto$proc_rom.cc:155:do_switch$1032$rdmux[0][5][26]$b$4003 [3:0] }, Y=$memory$auto$proc_rom.cc:155:do_switch$1032$rdmux[0][4][13]$a$3915 [4:0]
      New ports: A={ $memory$auto$proc_rom.cc:155:do_switch$1032$rdmux[0][5][22]$a$3990 [4:2] 1'0 }, B={ 1'0 $memory$auto$proc_rom.cc:155:do_switch$1032$rdmux[0][5][26]$b$4003 [3:2] $memory$auto$proc_rom.cc:155:do_switch$1032$rdmux[0][5][26]$b$4003 [0] }, Y={ $memory$auto$proc_rom.cc:155:do_switch$1032$rdmux[0][4][13]$a$3915 [4:2] $memory$auto$proc_rom.cc:155:do_switch$1032$rdmux[0][4][13]$a$3915 [0] }
      New connections: $memory$auto$proc_rom.cc:155:do_switch$1032$rdmux[0][4][13]$a$3915 [1] = $memory$auto$proc_rom.cc:155:do_switch$1032$rdmux[0][6][0]$a$4020 [2]
    Consolidated identical input bits for $mux cell $memory$auto$proc_rom.cc:155:do_switch$1032$rdmux[0][5][22]$3989:
      Old ports: A={ $memory$auto$proc_rom.cc:155:do_switch$1032$rdmux[0][5][22]$a$3990 [4:1] 1'1 }, B={ 1'0 $memory$auto$proc_rom.cc:155:do_switch$1032$rdmux[0][5][22]$b$3991 [3:1] 1'0 }, Y=$memory$auto$proc_rom.cc:155:do_switch$1032$rdmux[0][4][11]$a$3909 [4:0]
      New ports: A={ $memory$auto$proc_rom.cc:155:do_switch$1032$rdmux[0][5][22]$a$3990 [4:2] 1'1 }, B={ 1'0 $memory$auto$proc_rom.cc:155:do_switch$1032$rdmux[0][5][22]$b$3991 [3:2] 1'0 }, Y={ $memory$auto$proc_rom.cc:155:do_switch$1032$rdmux[0][4][11]$a$3909 [4:2] $memory$auto$proc_rom.cc:155:do_switch$1032$rdmux[0][4][11]$a$3909 [0] }
      New connections: $memory$auto$proc_rom.cc:155:do_switch$1032$rdmux[0][4][11]$a$3909 [1] = $memory$auto$proc_rom.cc:155:do_switch$1032$rdmux[0][6][0]$a$4020 [2]
    Consolidated identical input bits for $mux cell $memory$auto$proc_rom.cc:155:do_switch$1032$rdmux[0][5][16]$3971:
      Old ports: A={ 2'10 $memory$auto$proc_rom.cc:155:do_switch$1032$rdmux[0][5][16]$a$3972 [3:0] }, B={ $memory$auto$proc_rom.cc:155:do_switch$1032$rdmux[0][5][16]$b$3973 [8] $memory$auto$proc_rom.cc:155:do_switch$1032$rdmux[0][5][16]$b$3973 [3] $memory$auto$proc_rom.cc:155:do_switch$1032$rdmux[0][5][16]$b$3973 [3:0] }, Y={ $memory$auto$proc_rom.cc:155:do_switch$1032$rdmux[0][4][8]$a$3900 [8] $memory$auto$proc_rom.cc:155:do_switch$1032$rdmux[0][4][8]$a$3900 [4:0] }
      New ports: A={ 2'10 $memory$auto$proc_rom.cc:155:do_switch$1032$rdmux[0][5][16]$a$3972 [3:1] }, B={ $memory$auto$proc_rom.cc:155:do_switch$1032$rdmux[0][5][16]$b$3973 [8] $memory$auto$proc_rom.cc:155:do_switch$1032$rdmux[0][5][16]$b$3973 [3] $memory$auto$proc_rom.cc:155:do_switch$1032$rdmux[0][5][16]$b$3973 [3:1] }, Y={ $memory$auto$proc_rom.cc:155:do_switch$1032$rdmux[0][4][8]$a$3900 [8] $memory$auto$proc_rom.cc:155:do_switch$1032$rdmux[0][4][8]$a$3900 [4:1] }
      New connections: $memory$auto$proc_rom.cc:155:do_switch$1032$rdmux[0][4][8]$a$3900 [0] = $memory$auto$proc_rom.cc:155:do_switch$1032$rdmux[0][6][0]$a$4020 [2]
    Consolidated identical input bits for $mux cell $memory$auto$proc_rom.cc:155:do_switch$1032$rdmux[0][5][11]$3956:
      Old ports: A={ 2'10 $memory$auto$proc_rom.cc:155:do_switch$1032$rdmux[0][5][11]$a$3957 [4:2] }, B={ $memory$auto$proc_rom.cc:155:do_switch$1032$rdmux[0][5][11]$b$3958 [7] $memory$auto$proc_rom.cc:155:do_switch$1032$rdmux[0][5][11]$b$3958 [4] $memory$auto$proc_rom.cc:155:do_switch$1032$rdmux[0][5][11]$b$3958 [4:2] }, Y={ $memory$auto$proc_rom.cc:155:do_switch$1032$rdmux[0][4][5]$b$3892 [7] $memory$auto$proc_rom.cc:155:do_switch$1032$rdmux[0][4][5]$b$3892 [5:2] }
      New ports: A={ 2'10 $memory$auto$proc_rom.cc:155:do_switch$1032$rdmux[0][5][11]$a$3957 [4:3] }, B={ $memory$auto$proc_rom.cc:155:do_switch$1032$rdmux[0][5][11]$b$3958 [7] $memory$auto$proc_rom.cc:155:do_switch$1032$rdmux[0][5][11]$b$3958 [4] $memory$auto$proc_rom.cc:155:do_switch$1032$rdmux[0][5][11]$b$3958 [4:3] }, Y={ $memory$auto$proc_rom.cc:155:do_switch$1032$rdmux[0][4][5]$b$3892 [7] $memory$auto$proc_rom.cc:155:do_switch$1032$rdmux[0][4][5]$b$3892 [5:3] }
      New connections: $memory$auto$proc_rom.cc:155:do_switch$1032$rdmux[0][4][5]$b$3892 [2] = $memory$auto$proc_rom.cc:155:do_switch$1032$rdmux[0][6][0]$a$4020 [2]
    Consolidated identical input bits for $mux cell $memory$auto$proc_rom.cc:155:do_switch$1032$rdmux[0][5][3]$3932:
      Old ports: A={ $memory$auto$proc_rom.cc:155:do_switch$1032$rdmux[0][5][3]$a$3933 [8] $memory$auto$proc_rom.cc:155:do_switch$1032$rdmux[0][5][3]$a$3933 [4] $memory$auto$proc_rom.cc:155:do_switch$1032$rdmux[0][5][3]$a$3933 [4] $memory$auto$proc_rom.cc:155:do_switch$1032$rdmux[0][5][3]$a$3933 [4:3] 2'01 }, B={ 2'01 $memory$auto$proc_rom.cc:155:do_switch$1032$rdmux[0][5][3]$b$3934 [0] $memory$auto$proc_rom.cc:155:do_switch$1032$rdmux[0][5][3]$b$3934 [1] $memory$auto$proc_rom.cc:155:do_switch$1032$rdmux[0][5][3]$b$3934 [3] $memory$auto$proc_rom.cc:155:do_switch$1032$rdmux[0][5][3]$b$3934 [1:0] }, Y={ $memory$auto$proc_rom.cc:155:do_switch$1032$rdmux[0][4][1]$b$3880 [8] $memory$auto$proc_rom.cc:155:do_switch$1032$rdmux[0][4][1]$b$3880 [6:3] $memory$auto$proc_rom.cc:155:do_switch$1032$rdmux[0][4][1]$b$3880 [1:0] }
      New ports: A={ $memory$auto$proc_rom.cc:155:do_switch$1032$rdmux[0][5][3]$a$3933 [8] $memory$auto$proc_rom.cc:155:do_switch$1032$rdmux[0][5][3]$a$3933 [4] $memory$auto$proc_rom.cc:155:do_switch$1032$rdmux[0][5][3]$a$3933 [4] $memory$auto$proc_rom.cc:155:do_switch$1032$rdmux[0][5][3]$a$3933 [4] 2'01 }, B={ 2'01 $memory$auto$proc_rom.cc:155:do_switch$1032$rdmux[0][5][3]$b$3934 [0] $memory$auto$proc_rom.cc:155:do_switch$1032$rdmux[0][5][3]$b$3934 [1] $memory$auto$proc_rom.cc:155:do_switch$1032$rdmux[0][5][3]$b$3934 [1:0] }, Y={ $memory$auto$proc_rom.cc:155:do_switch$1032$rdmux[0][4][1]$b$3880 [8] $memory$auto$proc_rom.cc:155:do_switch$1032$rdmux[0][4][1]$b$3880 [6:4] $memory$auto$proc_rom.cc:155:do_switch$1032$rdmux[0][4][1]$b$3880 [1:0] }
      New connections: $memory$auto$proc_rom.cc:155:do_switch$1032$rdmux[0][4][1]$b$3880 [3] = $memory$auto$proc_rom.cc:155:do_switch$1032$rdmux[0][6][10]$a$4050 [0]
  Optimizing cells in module \fp16_rsqrt_lut256.
  Optimizing cells in module \fp16_mul.
  Optimizing cells in module \fp16_add.
Performed a total of 27 changes.

16.19.13. Executing OPT_MERGE pass (detect identical cells).
Finding identical cells in module `\logic_normalization_scalar_engine'.
Computing hashes of 57 cells of `\logic_normalization_scalar_engine'.
Finding duplicate cells in `\logic_normalization_scalar_engine'.
Finding identical cells in module `\fp16_rsqrt_lut256'.
Computing hashes of 167 cells of `\fp16_rsqrt_lut256'.
Finding duplicate cells in `\fp16_rsqrt_lut256'.
Computing hashes of 164 cells of `\fp16_rsqrt_lut256'.
Finding duplicate cells in `\fp16_rsqrt_lut256'.
<suppressed ~9 debug messages>
Finding identical cells in module `\fp16_mul'.
Computing hashes of 147 cells of `\fp16_mul'.
Finding duplicate cells in `\fp16_mul'.
Finding identical cells in module `\fp16_add'.
Computing hashes of 223 cells of `\fp16_add'.
Finding duplicate cells in `\fp16_add'.
Removed a total of 3 cells.

16.19.14. Executing OPT_SHARE pass.

16.19.15. Executing OPT_DFF pass (perform DFF optimizations).

16.19.16. Executing OPT_CLEAN pass (remove unused cells and wires).
Finding unused cells or wires in module \logic_normalization_scalar_engine..
Finding unused cells or wires in module \fp16_rsqrt_lut256..
Finding unused cells or wires in module \fp16_mul..
Finding unused cells or wires in module \fp16_add..
Removed 0 unused cells and 6 unused wires.
<suppressed ~1 debug messages>

16.19.17. Executing OPT_EXPR pass (perform const folding).
Optimizing module logic_normalization_scalar_engine.
Optimizing module fp16_rsqrt_lut256.
<suppressed ~2 debug messages>
Optimizing module fp16_mul.
Optimizing module fp16_add.

16.19.18. Rerunning OPT passes. (Maybe there is more to do..)

16.19.19. Executing OPT_MUXTREE pass (detect dead branches in mux trees).
Running muxtree optimizer on module \logic_normalization_scalar_engine..
  Creating internal representation of mux trees.
  Evaluating internal representation of mux trees.
  Analyzing evaluation results.
Running muxtree optimizer on module \fp16_rsqrt_lut256..
  Creating internal representation of mux trees.
  Evaluating internal representation of mux trees.
  Analyzing evaluation results.
Running muxtree optimizer on module \fp16_mul..
  Creating internal representation of mux trees.
  Evaluating internal representation of mux trees.
  Analyzing evaluation results.
Running muxtree optimizer on module \fp16_add..
  Creating internal representation of mux trees.
  Evaluating internal representation of mux trees.
  Analyzing evaluation results.
Removed 0 multiplexer ports.
<suppressed ~375 debug messages>

16.19.20. Executing OPT_REDUCE pass (consolidate $*mux and $reduce_* inputs).
  Optimizing cells in module \logic_normalization_scalar_engine.
  Optimizing cells in module \fp16_rsqrt_lut256.
  Optimizing cells in module \fp16_mul.
  Optimizing cells in module \fp16_add.
Performed a total of 0 changes.

16.19.21. Executing OPT_MERGE pass (detect identical cells).
Finding identical cells in module `\logic_normalization_scalar_engine'.
Computing hashes of 57 cells of `\logic_normalization_scalar_engine'.
Finding duplicate cells in `\logic_normalization_scalar_engine'.
Finding identical cells in module `\fp16_rsqrt_lut256'.
Computing hashes of 164 cells of `\fp16_rsqrt_lut256'.
Finding duplicate cells in `\fp16_rsqrt_lut256'.
Finding identical cells in module `\fp16_mul'.
Computing hashes of 147 cells of `\fp16_mul'.
Finding duplicate cells in `\fp16_mul'.
Finding identical cells in module `\fp16_add'.
Computing hashes of 223 cells of `\fp16_add'.
Finding duplicate cells in `\fp16_add'.
Removed a total of 0 cells.

16.19.22. Executing OPT_SHARE pass.

16.19.23. Executing OPT_DFF pass (perform DFF optimizations).

16.19.24. Executing OPT_CLEAN pass (remove unused cells and wires).
Finding unused cells or wires in module \logic_normalization_scalar_engine..
Finding unused cells or wires in module \fp16_rsqrt_lut256..
Finding unused cells or wires in module \fp16_mul..
Finding unused cells or wires in module \fp16_add..

16.19.25. Executing OPT_EXPR pass (perform const folding).
Optimizing module logic_normalization_scalar_engine.
Optimizing module fp16_rsqrt_lut256.
Optimizing module fp16_mul.
Optimizing module fp16_add.

16.19.26. Finished fast OPT passes. (There is nothing left to do.)

16.20. Executing TECHMAP pass (map to technology primitives).

16.20.1. Executing Verilog-2005 frontend: /home/chandler/.local/oss-cad-suite/lib/../share/yosys/techmap.v
Parsing Verilog input from `/home/chandler/.local/oss-cad-suite/lib/../share/yosys/techmap.v' to AST representation.
Generating RTLIL representation for module `\_90_simplemap_bool_ops'.
Generating RTLIL representation for module `\_90_simplemap_reduce_ops'.
Generating RTLIL representation for module `\_90_simplemap_logic_ops'.
Generating RTLIL representation for module `\_90_simplemap_compare_ops'.
Generating RTLIL representation for module `\_90_simplemap_various'.
Generating RTLIL representation for module `\_90_simplemap_registers'.
Generating RTLIL representation for module `\_90_shift_ops_shr_shl_sshl_sshr'.
Generating RTLIL representation for module `\_90_shift_shiftx'.
Generating RTLIL representation for module `\_90_fa'.
Generating RTLIL representation for module `\_90_lcu_brent_kung'.
Generating RTLIL representation for module `\_90_alu'.
Generating RTLIL representation for module `\_90_macc'.
Generating RTLIL representation for module `\_90_alumacc'.
Generating RTLIL representation for module `$__div_mod_u'.
Generating RTLIL representation for module `$__div_mod_trunc'.
Generating RTLIL representation for module `\_90_div'.
Generating RTLIL representation for module `\_90_mod'.
Generating RTLIL representation for module `$__div_mod_floor'.
Generating RTLIL representation for module `\_90_divfloor'.
Generating RTLIL representation for module `\_90_modfloor'.
Generating RTLIL representation for module `\_90_pow'.
Generating RTLIL representation for module `\_90_demux'.
Generating RTLIL representation for module `\_90_lut'.
Generating RTLIL representation for module `$connect'.
Generating RTLIL representation for module `$input_port'.
Successfully finished Verilog frontend.

16.20.2. Continuing TECHMAP pass.
Using extmapper simplemap for cells of type $and.
Using extmapper simplemap for cells of type $not.
Using template $paramod$719aadea7a94d31a13cd25a777432aacb0e462b5\_90_alu for cells of type $alu.
Using template $paramod$constmap:4d93fb4b44c45ba59decac3db8237a86325bbe4a$paramod$419a913ed38c2513939b18df9044de3e442bc66c\_90_shift_ops_shr_shl_sshl_sshr for cells of type $shl.
Using template $paramod$1ed7ec530b1ba361931392f2f8504f82ccdfecaa\_90_alu for cells of type $alu.
Using template $paramod$546f3f62de618651dd3a8b3f9e661fb34b30a603\_90_alu for cells of type $alu.
Using template $paramod$091610cd349a68bd5539cffd7126f0d76e9bca00\_90_alu for cells of type $alu.
Using template $paramod$5e23d2e0f07f5403e3d2c5b606bab0c16e4174c1\_90_alu for cells of type $alu.
Using extmapper simplemap for cells of type $or.
Using extmapper simplemap for cells of type $reduce_and.
Using template $paramod$332fab4e157f868977379756d21fa99887c3c6c4\_90_alu for cells of type $alu.
Using extmapper simplemap for cells of type $xor.
Using template $paramod$050f15daba5036a0512adf25d3c6631f629623f7\_90_alu for cells of type $alu.
Using template $paramod$92a1f7a016bf58d33db5a47145e66dde1cbc3210\_90_alu for cells of type $alu.
Using template $paramod$6412f7f13655de512a17af2c71a87b50b4a57324\_90_alu for cells of type $alu.
Using template $paramod$1e402e64350f17d7d96d4d19397585e7730f3657\_90_alu for cells of type $alu.
Using template $paramod$15650b5f68527c2737f08685d9884042e045002a\_90_alu for cells of type $alu.
Using template $paramod$6df0329addda9228fcc2546de2aaf14ad26c98e1\_90_alu for cells of type $alu.
Using extmapper simplemap for cells of type $reduce_bool.
Using template $paramod$constmap:71ee6b783eba1e5e0f70b0243acd098943be69a3$paramod$10d34890fc0a590416fb0bd5f2405603d3bc2a8b\_90_shift_ops_shr_shl_sshl_sshr for cells of type $shr.
Using extmapper simplemap for cells of type $eq.
Using extmapper simplemap for cells of type $logic_not.
Using extmapper simplemap for cells of type $logic_and.
Using extmapper simplemap for cells of type $logic_or.
Using extmapper simplemap for cells of type $ne.
Using extmapper simplemap for cells of type $pos.
Using template $paramod\_90_fa\WIDTH=32'00000000000000000000000000000110 for cells of type $fa.
Using template $paramod\_90_lcu_brent_kung\WIDTH=32'00000000000000000000000000000110 for cells of type $lcu.
Using template $paramod\_90_fa\WIDTH=32'00000000000000000000000000001110 for cells of type $fa.
Using template $paramod\_90_lcu_brent_kung\WIDTH=32'00000000000000000000000000001110 for cells of type $lcu.
Using template $paramod\_90_fa\WIDTH=32'00000000000000000000000000001100 for cells of type $fa.
Using template $paramod\_90_lcu_brent_kung\WIDTH=32'00000000000000000000000000001100 for cells of type $lcu.
Using template $paramod\_90_fa\WIDTH=32'00000000000000000000000000010000 for cells of type $fa.
Using template $paramod\_90_lcu_brent_kung\WIDTH=32'00000000000000000000000000010000 for cells of type $lcu.
Using template $paramod\_90_fa\WIDTH=32'00000000000000000000000000000101 for cells of type $fa.
Using template $paramod\_90_lcu_brent_kung\WIDTH=32'00000000000000000000000000000101 for cells of type $lcu.
Using template $paramod\_90_fa\WIDTH=32'00000000000000000000000000100000 for cells of type $fa.
Using template $paramod\_90_lcu_brent_kung\WIDTH=32'00000000000000000000000000100000 for cells of type $lcu.
Using template $paramod$constmap:ac5779f9b372ef634783472598ff7bcc4a08626a$paramod$160f353fe3871f761e46a987be0699411d285257\_90_shift_ops_shr_shl_sshl_sshr for cells of type $shl.
Using template $paramod$constmap:8e51f97a85ef3591e2f2cc4145225d90f3fa8ff0$paramod$8af629eb24691e8481fc1bd0fbed6c58d22e29c8\_90_shift_ops_shr_shl_sshl_sshr for cells of type $shl.
Using template $paramod$constmap:8e51f97a85ef3591e2f2cc4145225d90f3fa8ff0$paramod$540b405c8c033c654865abd442a28893ff3d8401\_90_shift_ops_shr_shl_sshl_sshr for cells of type $shr.
Using template $paramod$ebede46804337da78e06a77b9ffdc3717e8d42eb\_90_alu for cells of type $alu.
Using template $paramod$41a7072a3a69aace0ef26ba45fb12d6fa3718bdb\_90_alu for cells of type $alu.
Using template $paramod$cc80a4e89b0341cb117f5d28b0e7244620640141\_90_alu for cells of type $alu.
Using template $paramod$c6baa65225090ac0a120feab1b920965244aa496\_90_alu for cells of type $alu.
Using template $paramod$f47943a1f8520b2e9fab25220c0025f020e7013b\_90_alu for cells of type $alu.
Using template $paramod$2653f68ddb8eab7b1907b4a20767b72a824a7a36\_90_alu for cells of type $alu.
Using template $paramod$54969db7f41ab9ffc93887c2d8e2d7f68e10b42f\_90_alu for cells of type $alu.
Using template $paramod$5e5c8b0021e49c50f7602af858629c991ef7602a\_90_alu for cells of type $alu.
Using template $paramod$3ee881479230cbacdbc76ce69c54db09efb310e2\_90_alu for cells of type $alu.
Using template $paramod$716a39fe093f83af45d6be30e7708e9f3ad9df82\_90_alu for cells of type $alu.
Using extmapper maccmap for cells of type $macc_v2.
  add { \lhs_sig [10] \lhs_i [9:0] } * { \rhs_sig [10] \rhs_i [9:0] } (11x11 bits, unsigned)
  sub $add$rtl/fp16_mul.sv:29$155_Y (32 bits, signed)
  add 32'11111111111111111111111111111100 (32 bits, unsigned)
  add $add$rtl/fp16_mul.sv:29$155_Y (32 bits, signed)
  add { 27'000000000000000000000000000 \msb_index [4:0] } (32 bits, signed)
  add 32'11111111111111111111111111101100 (32 bits, unsigned)
Using template $paramod$constmap:771c42d9fa3cc9347653551dd8a891a8d29b23b8$paramod$96a1f97fa9eb3187f2c43482242c53202d0445c9\_90_shift_shiftx for cells of type $shiftx.
Using template $paramod$fbc7873bff55778c0b3173955b7e4bce1d9d6834\_90_alu for cells of type $alu.
Using template $paramod\_90_fa\WIDTH=32'00000000000000000000000000010110 for cells of type $fa.
Using template $paramod$e161c1674351796cd6dd381e70ff05458bfe7755\_90_alu for cells of type $alu.
Using template $paramod\_90_fa\WIDTH=32'00000000000000000000000000011111 for cells of type $fa.
Using template $paramod\_90_lcu_brent_kung\WIDTH=32'00000000000000000000000000011111 for cells of type $lcu.
Using template $paramod\_90_fa\WIDTH=32'00000000000000000000000001000000 for cells of type $fa.
Using template $paramod\_90_lcu_brent_kung\WIDTH=32'00000000000000000000000001000000 for cells of type $lcu.
Using template $paramod\_90_fa\WIDTH=32'00000000000000000000000000110110 for cells of type $fa.
Using template $paramod\_90_lcu_brent_kung\WIDTH=32'00000000000000000000000000110110 for cells of type $lcu.
Using template $paramod\_90_fa\WIDTH=32'00000000000000000000000000011100 for cells of type $fa.
Using template $paramod\_90_lcu_brent_kung\WIDTH=32'00000000000000000000000000011100 for cells of type $lcu.
Using template $paramod\_90_fa\WIDTH=32'00000000000000000000000000110101 for cells of type $fa.
Using template $paramod\_90_lcu_brent_kung\WIDTH=32'00000000000000000000000000110101 for cells of type $lcu.
Using template $paramod\_90_lcu_brent_kung\WIDTH=32'00000000000000000000000000010110 for cells of type $lcu.
Using extmapper simplemap for cells of type $adffe.
Using template $paramod$8da92c8bd2ee0fd8438498259b09c89daae7cb8e\_90_alu for cells of type $alu.
Using template $paramod$619a7e60d42ca0996ea4b1b41bb5412f6a52141d\_90_alu for cells of type $alu.
Using template $paramod$c3b99e8941462f3f0961a07bbdd1cb43e85cc481\_90_alu for cells of type $alu.
Using template $paramod$ba698a254f9a5947e85cbe7beae6b161eefc5386\_90_alu for cells of type $alu.
Using template $paramod$constmap:8f884d63faa2ba3a5e8cb899cd15f586b3de3e40$paramod$9dde649ff560b28dd961974225eea1bc02b72047\_90_shift_ops_shr_shl_sshl_sshr for cells of type $shl.
Using template $paramod$b69f3d11f5bf4768436d2b37eb5b01543c4ad49d\_90_div for cells of type $div.
Using template $paramod\_90_fa\WIDTH=32'00000000000000000000000000000011 for cells of type $fa.
Using template $paramod\_90_lcu_brent_kung\WIDTH=32'00000000000000000000000000000011 for cells of type $lcu.
Using template $paramod\_90_fa\WIDTH=32'00000000000000000000000000000010 for cells of type $fa.
Using template $paramod\_90_lcu_brent_kung\WIDTH=32'00000000000000000000000000000010 for cells of type $lcu.
Using template $paramod$b69f3d11f5bf4768436d2b37eb5b01543c4ad49d$__div_mod_trunc for cells of type $__div_mod_trunc.
Running "alumacc" on wrapper $extern:wrap:$neg:Y_WIDTH=32:A_WIDTH=32:A_SIGNED=0:394426c56d1a028ba8fdd5469b163e04011def47.
Using template $extern:wrap:$neg:Y_WIDTH=32:A_WIDTH=32:A_SIGNED=0:394426c56d1a028ba8fdd5469b163e04011def47 for cells of type $extern:wrap:$neg:Y_WIDTH=32:A_WIDTH=32:A_SIGNED=0:394426c56d1a028ba8fdd5469b163e04011def47.
Using template $paramod$__div_mod_u\WIDTH=32'00000000000000000000000000100000 for cells of type $__div_mod_u.
Running "alumacc" on wrapper $extern:wrap:$sub:Y_WIDTH=32:B_WIDTH=32:A_WIDTH=32:B_SIGNED=0:A_SIGNED=0:394426c56d1a028ba8fdd5469b163e04011def47.
Using template $extern:wrap:$sub:Y_WIDTH=32:B_WIDTH=32:A_WIDTH=32:B_SIGNED=0:A_SIGNED=0:394426c56d1a028ba8fdd5469b163e04011def47 for cells of type $extern:wrap:$sub:Y_WIDTH=32:B_WIDTH=32:A_WIDTH=32:B_SIGNED=0:A_SIGNED=0:394426c56d1a028ba8fdd5469b163e04011def47.
Running "alumacc" on wrapper $extern:wrap:$ge:Y_WIDTH=1:B_WIDTH=32:A_WIDTH=32:B_SIGNED=0:A_SIGNED=0:394426c56d1a028ba8fdd5469b163e04011def47.
Using template $extern:wrap:$ge:Y_WIDTH=1:B_WIDTH=32:A_WIDTH=32:B_SIGNED=0:A_SIGNED=0:394426c56d1a028ba8fdd5469b163e04011def47 for cells of type $extern:wrap:$ge:Y_WIDTH=1:B_WIDTH=32:A_WIDTH=32:B_SIGNED=0:A_SIGNED=0:394426c56d1a028ba8fdd5469b163e04011def47.
Running "alumacc" on wrapper $extern:wrap:$sub:Y_WIDTH=33:B_WIDTH=33:A_WIDTH=32:B_SIGNED=0:A_SIGNED=0:394426c56d1a028ba8fdd5469b163e04011def47.
Using template $extern:wrap:$sub:Y_WIDTH=33:B_WIDTH=33:A_WIDTH=32:B_SIGNED=0:A_SIGNED=0:394426c56d1a028ba8fdd5469b163e04011def47 for cells of type $extern:wrap:$sub:Y_WIDTH=33:B_WIDTH=33:A_WIDTH=32:B_SIGNED=0:A_SIGNED=0:394426c56d1a028ba8fdd5469b163e04011def47.
Running "alumacc" on wrapper $extern:wrap:$ge:Y_WIDTH=1:B_WIDTH=33:A_WIDTH=32:B_SIGNED=0:A_SIGNED=0:394426c56d1a028ba8fdd5469b163e04011def47.
Using template $extern:wrap:$ge:Y_WIDTH=1:B_WIDTH=33:A_WIDTH=32:B_SIGNED=0:A_SIGNED=0:394426c56d1a028ba8fdd5469b163e04011def47 for cells of type $extern:wrap:$ge:Y_WIDTH=1:B_WIDTH=33:A_WIDTH=32:B_SIGNED=0:A_SIGNED=0:394426c56d1a028ba8fdd5469b163e04011def47.
Running "alumacc" on wrapper $extern:wrap:$sub:Y_WIDTH=34:B_WIDTH=34:A_WIDTH=32:B_SIGNED=0:A_SIGNED=0:394426c56d1a028ba8fdd5469b163e04011def47.
Using template $extern:wrap:$sub:Y_WIDTH=34:B_WIDTH=34:A_WIDTH=32:B_SIGNED=0:A_SIGNED=0:394426c56d1a028ba8fdd5469b163e04011def47 for cells of type $extern:wrap:$sub:Y_WIDTH=34:B_WIDTH=34:A_WIDTH=32:B_SIGNED=0:A_SIGNED=0:394426c56d1a028ba8fdd5469b163e04011def47.
Running "alumacc" on wrapper $extern:wrap:$ge:Y_WIDTH=1:B_WIDTH=34:A_WIDTH=32:B_SIGNED=0:A_SIGNED=0:394426c56d1a028ba8fdd5469b163e04011def47.
Using template $extern:wrap:$ge:Y_WIDTH=1:B_WIDTH=34:A_WIDTH=32:B_SIGNED=0:A_SIGNED=0:394426c56d1a028ba8fdd5469b163e04011def47 for cells of type $extern:wrap:$ge:Y_WIDTH=1:B_WIDTH=34:A_WIDTH=32:B_SIGNED=0:A_SIGNED=0:394426c56d1a028ba8fdd5469b163e04011def47.
Running "alumacc" on wrapper $extern:wrap:$sub:Y_WIDTH=35:B_WIDTH=35:A_WIDTH=32:B_SIGNED=0:A_SIGNED=0:394426c56d1a028ba8fdd5469b163e04011def47.
Using template $extern:wrap:$sub:Y_WIDTH=35:B_WIDTH=35:A_WIDTH=32:B_SIGNED=0:A_SIGNED=0:394426c56d1a028ba8fdd5469b163e04011def47 for cells of type $extern:wrap:$sub:Y_WIDTH=35:B_WIDTH=35:A_WIDTH=32:B_SIGNED=0:A_SIGNED=0:394426c56d1a028ba8fdd5469b163e04011def47.
Running "alumacc" on wrapper $extern:wrap:$ge:Y_WIDTH=1:B_WIDTH=35:A_WIDTH=32:B_SIGNED=0:A_SIGNED=0:394426c56d1a028ba8fdd5469b163e04011def47.
Using template $extern:wrap:$ge:Y_WIDTH=1:B_WIDTH=35:A_WIDTH=32:B_SIGNED=0:A_SIGNED=0:394426c56d1a028ba8fdd5469b163e04011def47 for cells of type $extern:wrap:$ge:Y_WIDTH=1:B_WIDTH=35:A_WIDTH=32:B_SIGNED=0:A_SIGNED=0:394426c56d1a028ba8fdd5469b163e04011def47.
Running "alumacc" on wrapper $extern:wrap:$sub:Y_WIDTH=36:B_WIDTH=36:A_WIDTH=32:B_SIGNED=0:A_SIGNED=0:394426c56d1a028ba8fdd5469b163e04011def47.
Using template $extern:wrap:$sub:Y_WIDTH=36:B_WIDTH=36:A_WIDTH=32:B_SIGNED=0:A_SIGNED=0:394426c56d1a028ba8fdd5469b163e04011def47 for cells of type $extern:wrap:$sub:Y_WIDTH=36:B_WIDTH=36:A_WIDTH=32:B_SIGNED=0:A_SIGNED=0:394426c56d1a028ba8fdd5469b163e04011def47.
Running "alumacc" on wrapper $extern:wrap:$ge:Y_WIDTH=1:B_WIDTH=36:A_WIDTH=32:B_SIGNED=0:A_SIGNED=0:394426c56d1a028ba8fdd5469b163e04011def47.
Using template $extern:wrap:$ge:Y_WIDTH=1:B_WIDTH=36:A_WIDTH=32:B_SIGNED=0:A_SIGNED=0:394426c56d1a028ba8fdd5469b163e04011def47 for cells of type $extern:wrap:$ge:Y_WIDTH=1:B_WIDTH=36:A_WIDTH=32:B_SIGNED=0:A_SIGNED=0:394426c56d1a028ba8fdd5469b163e04011def47.
Running "alumacc" on wrapper $extern:wrap:$sub:Y_WIDTH=37:B_WIDTH=37:A_WIDTH=32:B_SIGNED=0:A_SIGNED=0:394426c56d1a028ba8fdd5469b163e04011def47.
Using template $extern:wrap:$sub:Y_WIDTH=37:B_WIDTH=37:A_WIDTH=32:B_SIGNED=0:A_SIGNED=0:394426c56d1a028ba8fdd5469b163e04011def47 for cells of type $extern:wrap:$sub:Y_WIDTH=37:B_WIDTH=37:A_WIDTH=32:B_SIGNED=0:A_SIGNED=0:394426c56d1a028ba8fdd5469b163e04011def47.
Running "alumacc" on wrapper $extern:wrap:$ge:Y_WIDTH=1:B_WIDTH=37:A_WIDTH=32:B_SIGNED=0:A_SIGNED=0:394426c56d1a028ba8fdd5469b163e04011def47.
Using template $extern:wrap:$ge:Y_WIDTH=1:B_WIDTH=37:A_WIDTH=32:B_SIGNED=0:A_SIGNED=0:394426c56d1a028ba8fdd5469b163e04011def47 for cells of type $extern:wrap:$ge:Y_WIDTH=1:B_WIDTH=37:A_WIDTH=32:B_SIGNED=0:A_SIGNED=0:394426c56d1a028ba8fdd5469b163e04011def47.
Running "alumacc" on wrapper $extern:wrap:$sub:Y_WIDTH=38:B_WIDTH=38:A_WIDTH=32:B_SIGNED=0:A_SIGNED=0:394426c56d1a028ba8fdd5469b163e04011def47.
Using template $extern:wrap:$sub:Y_WIDTH=38:B_WIDTH=38:A_WIDTH=32:B_SIGNED=0:A_SIGNED=0:394426c56d1a028ba8fdd5469b163e04011def47 for cells of type $extern:wrap:$sub:Y_WIDTH=38:B_WIDTH=38:A_WIDTH=32:B_SIGNED=0:A_SIGNED=0:394426c56d1a028ba8fdd5469b163e04011def47.
Running "alumacc" on wrapper $extern:wrap:$ge:Y_WIDTH=1:B_WIDTH=38:A_WIDTH=32:B_SIGNED=0:A_SIGNED=0:394426c56d1a028ba8fdd5469b163e04011def47.
Using template $extern:wrap:$ge:Y_WIDTH=1:B_WIDTH=38:A_WIDTH=32:B_SIGNED=0:A_SIGNED=0:394426c56d1a028ba8fdd5469b163e04011def47 for cells of type $extern:wrap:$ge:Y_WIDTH=1:B_WIDTH=38:A_WIDTH=32:B_SIGNED=0:A_SIGNED=0:394426c56d1a028ba8fdd5469b163e04011def47.
Running "alumacc" on wrapper $extern:wrap:$sub:Y_WIDTH=39:B_WIDTH=39:A_WIDTH=32:B_SIGNED=0:A_SIGNED=0:394426c56d1a028ba8fdd5469b163e04011def47.
Using template $extern:wrap:$sub:Y_WIDTH=39:B_WIDTH=39:A_WIDTH=32:B_SIGNED=0:A_SIGNED=0:394426c56d1a028ba8fdd5469b163e04011def47 for cells of type $extern:wrap:$sub:Y_WIDTH=39:B_WIDTH=39:A_WIDTH=32:B_SIGNED=0:A_SIGNED=0:394426c56d1a028ba8fdd5469b163e04011def47.
Running "alumacc" on wrapper $extern:wrap:$ge:Y_WIDTH=1:B_WIDTH=39:A_WIDTH=32:B_SIGNED=0:A_SIGNED=0:394426c56d1a028ba8fdd5469b163e04011def47.
Using template $extern:wrap:$ge:Y_WIDTH=1:B_WIDTH=39:A_WIDTH=32:B_SIGNED=0:A_SIGNED=0:394426c56d1a028ba8fdd5469b163e04011def47 for cells of type $extern:wrap:$ge:Y_WIDTH=1:B_WIDTH=39:A_WIDTH=32:B_SIGNED=0:A_SIGNED=0:394426c56d1a028ba8fdd5469b163e04011def47.
Running "alumacc" on wrapper $extern:wrap:$sub:Y_WIDTH=40:B_WIDTH=40:A_WIDTH=32:B_SIGNED=0:A_SIGNED=0:394426c56d1a028ba8fdd5469b163e04011def47.
Using template $extern:wrap:$sub:Y_WIDTH=40:B_WIDTH=40:A_WIDTH=32:B_SIGNED=0:A_SIGNED=0:394426c56d1a028ba8fdd5469b163e04011def47 for cells of type $extern:wrap:$sub:Y_WIDTH=40:B_WIDTH=40:A_WIDTH=32:B_SIGNED=0:A_SIGNED=0:394426c56d1a028ba8fdd5469b163e04011def47.
Running "alumacc" on wrapper $extern:wrap:$ge:Y_WIDTH=1:B_WIDTH=40:A_WIDTH=32:B_SIGNED=0:A_SIGNED=0:394426c56d1a028ba8fdd5469b163e04011def47.
Using template $extern:wrap:$ge:Y_WIDTH=1:B_WIDTH=40:A_WIDTH=32:B_SIGNED=0:A_SIGNED=0:394426c56d1a028ba8fdd5469b163e04011def47 for cells of type $extern:wrap:$ge:Y_WIDTH=1:B_WIDTH=40:A_WIDTH=32:B_SIGNED=0:A_SIGNED=0:394426c56d1a028ba8fdd5469b163e04011def47.
Running "alumacc" on wrapper $extern:wrap:$sub:Y_WIDTH=41:B_WIDTH=41:A_WIDTH=32:B_SIGNED=0:A_SIGNED=0:394426c56d1a028ba8fdd5469b163e04011def47.
Using template $extern:wrap:$sub:Y_WIDTH=41:B_WIDTH=41:A_WIDTH=32:B_SIGNED=0:A_SIGNED=0:394426c56d1a028ba8fdd5469b163e04011def47 for cells of type $extern:wrap:$sub:Y_WIDTH=41:B_WIDTH=41:A_WIDTH=32:B_SIGNED=0:A_SIGNED=0:394426c56d1a028ba8fdd5469b163e04011def47.
Running "alumacc" on wrapper $extern:wrap:$ge:Y_WIDTH=1:B_WIDTH=41:A_WIDTH=32:B_SIGNED=0:A_SIGNED=0:394426c56d1a028ba8fdd5469b163e04011def47.
Using template $extern:wrap:$ge:Y_WIDTH=1:B_WIDTH=41:A_WIDTH=32:B_SIGNED=0:A_SIGNED=0:394426c56d1a028ba8fdd5469b163e04011def47 for cells of type $extern:wrap:$ge:Y_WIDTH=1:B_WIDTH=41:A_WIDTH=32:B_SIGNED=0:A_SIGNED=0:394426c56d1a028ba8fdd5469b163e04011def47.
Running "alumacc" on wrapper $extern:wrap:$sub:Y_WIDTH=42:B_WIDTH=42:A_WIDTH=32:B_SIGNED=0:A_SIGNED=0:394426c56d1a028ba8fdd5469b163e04011def47.
Using template $extern:wrap:$sub:Y_WIDTH=42:B_WIDTH=42:A_WIDTH=32:B_SIGNED=0:A_SIGNED=0:394426c56d1a028ba8fdd5469b163e04011def47 for cells of type $extern:wrap:$sub:Y_WIDTH=42:B_WIDTH=42:A_WIDTH=32:B_SIGNED=0:A_SIGNED=0:394426c56d1a028ba8fdd5469b163e04011def47.
Running "alumacc" on wrapper $extern:wrap:$ge:Y_WIDTH=1:B_WIDTH=42:A_WIDTH=32:B_SIGNED=0:A_SIGNED=0:394426c56d1a028ba8fdd5469b163e04011def47.
Using template $extern:wrap:$ge:Y_WIDTH=1:B_WIDTH=42:A_WIDTH=32:B_SIGNED=0:A_SIGNED=0:394426c56d1a028ba8fdd5469b163e04011def47 for cells of type $extern:wrap:$ge:Y_WIDTH=1:B_WIDTH=42:A_WIDTH=32:B_SIGNED=0:A_SIGNED=0:394426c56d1a028ba8fdd5469b163e04011def47.
Running "alumacc" on wrapper $extern:wrap:$sub:Y_WIDTH=43:B_WIDTH=43:A_WIDTH=32:B_SIGNED=0:A_SIGNED=0:394426c56d1a028ba8fdd5469b163e04011def47.
Using template $extern:wrap:$sub:Y_WIDTH=43:B_WIDTH=43:A_WIDTH=32:B_SIGNED=0:A_SIGNED=0:394426c56d1a028ba8fdd5469b163e04011def47 for cells of type $extern:wrap:$sub:Y_WIDTH=43:B_WIDTH=43:A_WIDTH=32:B_SIGNED=0:A_SIGNED=0:394426c56d1a028ba8fdd5469b163e04011def47.
Running "alumacc" on wrapper $extern:wrap:$ge:Y_WIDTH=1:B_WIDTH=43:A_WIDTH=32:B_SIGNED=0:A_SIGNED=0:394426c56d1a028ba8fdd5469b163e04011def47.
Using template $extern:wrap:$ge:Y_WIDTH=1:B_WIDTH=43:A_WIDTH=32:B_SIGNED=0:A_SIGNED=0:394426c56d1a028ba8fdd5469b163e04011def47 for cells of type $extern:wrap:$ge:Y_WIDTH=1:B_WIDTH=43:A_WIDTH=32:B_SIGNED=0:A_SIGNED=0:394426c56d1a028ba8fdd5469b163e04011def47.
Running "alumacc" on wrapper $extern:wrap:$sub:Y_WIDTH=44:B_WIDTH=44:A_WIDTH=32:B_SIGNED=0:A_SIGNED=0:394426c56d1a028ba8fdd5469b163e04011def47.
Using template $extern:wrap:$sub:Y_WIDTH=44:B_WIDTH=44:A_WIDTH=32:B_SIGNED=0:A_SIGNED=0:394426c56d1a028ba8fdd5469b163e04011def47 for cells of type $extern:wrap:$sub:Y_WIDTH=44:B_WIDTH=44:A_WIDTH=32:B_SIGNED=0:A_SIGNED=0:394426c56d1a028ba8fdd5469b163e04011def47.
Running "alumacc" on wrapper $extern:wrap:$ge:Y_WIDTH=1:B_WIDTH=44:A_WIDTH=32:B_SIGNED=0:A_SIGNED=0:394426c56d1a028ba8fdd5469b163e04011def47.
Using template $extern:wrap:$ge:Y_WIDTH=1:B_WIDTH=44:A_WIDTH=32:B_SIGNED=0:A_SIGNED=0:394426c56d1a028ba8fdd5469b163e04011def47 for cells of type $extern:wrap:$ge:Y_WIDTH=1:B_WIDTH=44:A_WIDTH=32:B_SIGNED=0:A_SIGNED=0:394426c56d1a028ba8fdd5469b163e04011def47.
Running "alumacc" on wrapper $extern:wrap:$sub:Y_WIDTH=45:B_WIDTH=45:A_WIDTH=32:B_SIGNED=0:A_SIGNED=0:394426c56d1a028ba8fdd5469b163e04011def47.
Using template $extern:wrap:$sub:Y_WIDTH=45:B_WIDTH=45:A_WIDTH=32:B_SIGNED=0:A_SIGNED=0:394426c56d1a028ba8fdd5469b163e04011def47 for cells of type $extern:wrap:$sub:Y_WIDTH=45:B_WIDTH=45:A_WIDTH=32:B_SIGNED=0:A_SIGNED=0:394426c56d1a028ba8fdd5469b163e04011def47.
Running "alumacc" on wrapper $extern:wrap:$ge:Y_WIDTH=1:B_WIDTH=45:A_WIDTH=32:B_SIGNED=0:A_SIGNED=0:394426c56d1a028ba8fdd5469b163e04011def47.
Using template $extern:wrap:$ge:Y_WIDTH=1:B_WIDTH=45:A_WIDTH=32:B_SIGNED=0:A_SIGNED=0:394426c56d1a028ba8fdd5469b163e04011def47 for cells of type $extern:wrap:$ge:Y_WIDTH=1:B_WIDTH=45:A_WIDTH=32:B_SIGNED=0:A_SIGNED=0:394426c56d1a028ba8fdd5469b163e04011def47.
Running "alumacc" on wrapper $extern:wrap:$sub:Y_WIDTH=46:B_WIDTH=46:A_WIDTH=32:B_SIGNED=0:A_SIGNED=0:394426c56d1a028ba8fdd5469b163e04011def47.
Using template $extern:wrap:$sub:Y_WIDTH=46:B_WIDTH=46:A_WIDTH=32:B_SIGNED=0:A_SIGNED=0:394426c56d1a028ba8fdd5469b163e04011def47 for cells of type $extern:wrap:$sub:Y_WIDTH=46:B_WIDTH=46:A_WIDTH=32:B_SIGNED=0:A_SIGNED=0:394426c56d1a028ba8fdd5469b163e04011def47.
Running "alumacc" on wrapper $extern:wrap:$ge:Y_WIDTH=1:B_WIDTH=46:A_WIDTH=32:B_SIGNED=0:A_SIGNED=0:394426c56d1a028ba8fdd5469b163e04011def47.
Using template $extern:wrap:$ge:Y_WIDTH=1:B_WIDTH=46:A_WIDTH=32:B_SIGNED=0:A_SIGNED=0:394426c56d1a028ba8fdd5469b163e04011def47 for cells of type $extern:wrap:$ge:Y_WIDTH=1:B_WIDTH=46:A_WIDTH=32:B_SIGNED=0:A_SIGNED=0:394426c56d1a028ba8fdd5469b163e04011def47.
Running "alumacc" on wrapper $extern:wrap:$sub:Y_WIDTH=47:B_WIDTH=47:A_WIDTH=32:B_SIGNED=0:A_SIGNED=0:394426c56d1a028ba8fdd5469b163e04011def47.
Using template $extern:wrap:$sub:Y_WIDTH=47:B_WIDTH=47:A_WIDTH=32:B_SIGNED=0:A_SIGNED=0:394426c56d1a028ba8fdd5469b163e04011def47 for cells of type $extern:wrap:$sub:Y_WIDTH=47:B_WIDTH=47:A_WIDTH=32:B_SIGNED=0:A_SIGNED=0:394426c56d1a028ba8fdd5469b163e04011def47.
Running "alumacc" on wrapper $extern:wrap:$ge:Y_WIDTH=1:B_WIDTH=47:A_WIDTH=32:B_SIGNED=0:A_SIGNED=0:394426c56d1a028ba8fdd5469b163e04011def47.
Using template $extern:wrap:$ge:Y_WIDTH=1:B_WIDTH=47:A_WIDTH=32:B_SIGNED=0:A_SIGNED=0:394426c56d1a028ba8fdd5469b163e04011def47 for cells of type $extern:wrap:$ge:Y_WIDTH=1:B_WIDTH=47:A_WIDTH=32:B_SIGNED=0:A_SIGNED=0:394426c56d1a028ba8fdd5469b163e04011def47.
Running "alumacc" on wrapper $extern:wrap:$sub:Y_WIDTH=48:B_WIDTH=48:A_WIDTH=32:B_SIGNED=0:A_SIGNED=0:394426c56d1a028ba8fdd5469b163e04011def47.
Using template $extern:wrap:$sub:Y_WIDTH=48:B_WIDTH=48:A_WIDTH=32:B_SIGNED=0:A_SIGNED=0:394426c56d1a028ba8fdd5469b163e04011def47 for cells of type $extern:wrap:$sub:Y_WIDTH=48:B_WIDTH=48:A_WIDTH=32:B_SIGNED=0:A_SIGNED=0:394426c56d1a028ba8fdd5469b163e04011def47.
Running "alumacc" on wrapper $extern:wrap:$ge:Y_WIDTH=1:B_WIDTH=48:A_WIDTH=32:B_SIGNED=0:A_SIGNED=0:394426c56d1a028ba8fdd5469b163e04011def47.
Using template $extern:wrap:$ge:Y_WIDTH=1:B_WIDTH=48:A_WIDTH=32:B_SIGNED=0:A_SIGNED=0:394426c56d1a028ba8fdd5469b163e04011def47 for cells of type $extern:wrap:$ge:Y_WIDTH=1:B_WIDTH=48:A_WIDTH=32:B_SIGNED=0:A_SIGNED=0:394426c56d1a028ba8fdd5469b163e04011def47.
Running "alumacc" on wrapper $extern:wrap:$sub:Y_WIDTH=49:B_WIDTH=49:A_WIDTH=32:B_SIGNED=0:A_SIGNED=0:394426c56d1a028ba8fdd5469b163e04011def47.
Using template $extern:wrap:$sub:Y_WIDTH=49:B_WIDTH=49:A_WIDTH=32:B_SIGNED=0:A_SIGNED=0:394426c56d1a028ba8fdd5469b163e04011def47 for cells of type $extern:wrap:$sub:Y_WIDTH=49:B_WIDTH=49:A_WIDTH=32:B_SIGNED=0:A_SIGNED=0:394426c56d1a028ba8fdd5469b163e04011def47.
Running "alumacc" on wrapper $extern:wrap:$ge:Y_WIDTH=1:B_WIDTH=49:A_WIDTH=32:B_SIGNED=0:A_SIGNED=0:394426c56d1a028ba8fdd5469b163e04011def47.
Using template $extern:wrap:$ge:Y_WIDTH=1:B_WIDTH=49:A_WIDTH=32:B_SIGNED=0:A_SIGNED=0:394426c56d1a028ba8fdd5469b163e04011def47 for cells of type $extern:wrap:$ge:Y_WIDTH=1:B_WIDTH=49:A_WIDTH=32:B_SIGNED=0:A_SIGNED=0:394426c56d1a028ba8fdd5469b163e04011def47.
Running "alumacc" on wrapper $extern:wrap:$sub:Y_WIDTH=50:B_WIDTH=50:A_WIDTH=32:B_SIGNED=0:A_SIGNED=0:394426c56d1a028ba8fdd5469b163e04011def47.
Using template $extern:wrap:$sub:Y_WIDTH=50:B_WIDTH=50:A_WIDTH=32:B_SIGNED=0:A_SIGNED=0:394426c56d1a028ba8fdd5469b163e04011def47 for cells of type $extern:wrap:$sub:Y_WIDTH=50:B_WIDTH=50:A_WIDTH=32:B_SIGNED=0:A_SIGNED=0:394426c56d1a028ba8fdd5469b163e04011def47.
Running "alumacc" on wrapper $extern:wrap:$ge:Y_WIDTH=1:B_WIDTH=50:A_WIDTH=32:B_SIGNED=0:A_SIGNED=0:394426c56d1a028ba8fdd5469b163e04011def47.
Using template $extern:wrap:$ge:Y_WIDTH=1:B_WIDTH=50:A_WIDTH=32:B_SIGNED=0:A_SIGNED=0:394426c56d1a028ba8fdd5469b163e04011def47 for cells of type $extern:wrap:$ge:Y_WIDTH=1:B_WIDTH=50:A_WIDTH=32:B_SIGNED=0:A_SIGNED=0:394426c56d1a028ba8fdd5469b163e04011def47.
Running "alumacc" on wrapper $extern:wrap:$sub:Y_WIDTH=51:B_WIDTH=51:A_WIDTH=32:B_SIGNED=0:A_SIGNED=0:394426c56d1a028ba8fdd5469b163e04011def47.
Using template $extern:wrap:$sub:Y_WIDTH=51:B_WIDTH=51:A_WIDTH=32:B_SIGNED=0:A_SIGNED=0:394426c56d1a028ba8fdd5469b163e04011def47 for cells of type $extern:wrap:$sub:Y_WIDTH=51:B_WIDTH=51:A_WIDTH=32:B_SIGNED=0:A_SIGNED=0:394426c56d1a028ba8fdd5469b163e04011def47.
Running "alumacc" on wrapper $extern:wrap:$ge:Y_WIDTH=1:B_WIDTH=51:A_WIDTH=32:B_SIGNED=0:A_SIGNED=0:394426c56d1a028ba8fdd5469b163e04011def47.
Using template $extern:wrap:$ge:Y_WIDTH=1:B_WIDTH=51:A_WIDTH=32:B_SIGNED=0:A_SIGNED=0:394426c56d1a028ba8fdd5469b163e04011def47 for cells of type $extern:wrap:$ge:Y_WIDTH=1:B_WIDTH=51:A_WIDTH=32:B_SIGNED=0:A_SIGNED=0:394426c56d1a028ba8fdd5469b163e04011def47.
Running "alumacc" on wrapper $extern:wrap:$sub:Y_WIDTH=52:B_WIDTH=52:A_WIDTH=32:B_SIGNED=0:A_SIGNED=0:394426c56d1a028ba8fdd5469b163e04011def47.
Using template $extern:wrap:$sub:Y_WIDTH=52:B_WIDTH=52:A_WIDTH=32:B_SIGNED=0:A_SIGNED=0:394426c56d1a028ba8fdd5469b163e04011def47 for cells of type $extern:wrap:$sub:Y_WIDTH=52:B_WIDTH=52:A_WIDTH=32:B_SIGNED=0:A_SIGNED=0:394426c56d1a028ba8fdd5469b163e04011def47.
Running "alumacc" on wrapper $extern:wrap:$ge:Y_WIDTH=1:B_WIDTH=52:A_WIDTH=32:B_SIGNED=0:A_SIGNED=0:394426c56d1a028ba8fdd5469b163e04011def47.
Using template $extern:wrap:$ge:Y_WIDTH=1:B_WIDTH=52:A_WIDTH=32:B_SIGNED=0:A_SIGNED=0:394426c56d1a028ba8fdd5469b163e04011def47 for cells of type $extern:wrap:$ge:Y_WIDTH=1:B_WIDTH=52:A_WIDTH=32:B_SIGNED=0:A_SIGNED=0:394426c56d1a028ba8fdd5469b163e04011def47.
Running "alumacc" on wrapper $extern:wrap:$sub:Y_WIDTH=53:B_WIDTH=53:A_WIDTH=32:B_SIGNED=0:A_SIGNED=0:394426c56d1a028ba8fdd5469b163e04011def47.
Using template $extern:wrap:$sub:Y_WIDTH=53:B_WIDTH=53:A_WIDTH=32:B_SIGNED=0:A_SIGNED=0:394426c56d1a028ba8fdd5469b163e04011def47 for cells of type $extern:wrap:$sub:Y_WIDTH=53:B_WIDTH=53:A_WIDTH=32:B_SIGNED=0:A_SIGNED=0:394426c56d1a028ba8fdd5469b163e04011def47.
Running "alumacc" on wrapper $extern:wrap:$ge:Y_WIDTH=1:B_WIDTH=53:A_WIDTH=32:B_SIGNED=0:A_SIGNED=0:394426c56d1a028ba8fdd5469b163e04011def47.
Using template $extern:wrap:$ge:Y_WIDTH=1:B_WIDTH=53:A_WIDTH=32:B_SIGNED=0:A_SIGNED=0:394426c56d1a028ba8fdd5469b163e04011def47 for cells of type $extern:wrap:$ge:Y_WIDTH=1:B_WIDTH=53:A_WIDTH=32:B_SIGNED=0:A_SIGNED=0:394426c56d1a028ba8fdd5469b163e04011def47.
Running "alumacc" on wrapper $extern:wrap:$sub:Y_WIDTH=54:B_WIDTH=54:A_WIDTH=32:B_SIGNED=0:A_SIGNED=0:394426c56d1a028ba8fdd5469b163e04011def47.
Using template $extern:wrap:$sub:Y_WIDTH=54:B_WIDTH=54:A_WIDTH=32:B_SIGNED=0:A_SIGNED=0:394426c56d1a028ba8fdd5469b163e04011def47 for cells of type $extern:wrap:$sub:Y_WIDTH=54:B_WIDTH=54:A_WIDTH=32:B_SIGNED=0:A_SIGNED=0:394426c56d1a028ba8fdd5469b163e04011def47.
Running "alumacc" on wrapper $extern:wrap:$ge:Y_WIDTH=1:B_WIDTH=54:A_WIDTH=32:B_SIGNED=0:A_SIGNED=0:394426c56d1a028ba8fdd5469b163e04011def47.
Using template $extern:wrap:$ge:Y_WIDTH=1:B_WIDTH=54:A_WIDTH=32:B_SIGNED=0:A_SIGNED=0:394426c56d1a028ba8fdd5469b163e04011def47 for cells of type $extern:wrap:$ge:Y_WIDTH=1:B_WIDTH=54:A_WIDTH=32:B_SIGNED=0:A_SIGNED=0:394426c56d1a028ba8fdd5469b163e04011def47.
Running "alumacc" on wrapper $extern:wrap:$sub:Y_WIDTH=55:B_WIDTH=55:A_WIDTH=32:B_SIGNED=0:A_SIGNED=0:394426c56d1a028ba8fdd5469b163e04011def47.
Using template $extern:wrap:$sub:Y_WIDTH=55:B_WIDTH=55:A_WIDTH=32:B_SIGNED=0:A_SIGNED=0:394426c56d1a028ba8fdd5469b163e04011def47 for cells of type $extern:wrap:$sub:Y_WIDTH=55:B_WIDTH=55:A_WIDTH=32:B_SIGNED=0:A_SIGNED=0:394426c56d1a028ba8fdd5469b163e04011def47.
Running "alumacc" on wrapper $extern:wrap:$ge:Y_WIDTH=1:B_WIDTH=55:A_WIDTH=32:B_SIGNED=0:A_SIGNED=0:394426c56d1a028ba8fdd5469b163e04011def47.
Using template $extern:wrap:$ge:Y_WIDTH=1:B_WIDTH=55:A_WIDTH=32:B_SIGNED=0:A_SIGNED=0:394426c56d1a028ba8fdd5469b163e04011def47 for cells of type $extern:wrap:$ge:Y_WIDTH=1:B_WIDTH=55:A_WIDTH=32:B_SIGNED=0:A_SIGNED=0:394426c56d1a028ba8fdd5469b163e04011def47.
Running "alumacc" on wrapper $extern:wrap:$sub:Y_WIDTH=56:B_WIDTH=56:A_WIDTH=32:B_SIGNED=0:A_SIGNED=0:394426c56d1a028ba8fdd5469b163e04011def47.
Using template $extern:wrap:$sub:Y_WIDTH=56:B_WIDTH=56:A_WIDTH=32:B_SIGNED=0:A_SIGNED=0:394426c56d1a028ba8fdd5469b163e04011def47 for cells of type $extern:wrap:$sub:Y_WIDTH=56:B_WIDTH=56:A_WIDTH=32:B_SIGNED=0:A_SIGNED=0:394426c56d1a028ba8fdd5469b163e04011def47.
Running "alumacc" on wrapper $extern:wrap:$ge:Y_WIDTH=1:B_WIDTH=56:A_WIDTH=32:B_SIGNED=0:A_SIGNED=0:394426c56d1a028ba8fdd5469b163e04011def47.
Using template $extern:wrap:$ge:Y_WIDTH=1:B_WIDTH=56:A_WIDTH=32:B_SIGNED=0:A_SIGNED=0:394426c56d1a028ba8fdd5469b163e04011def47 for cells of type $extern:wrap:$ge:Y_WIDTH=1:B_WIDTH=56:A_WIDTH=32:B_SIGNED=0:A_SIGNED=0:394426c56d1a028ba8fdd5469b163e04011def47.
Running "alumacc" on wrapper $extern:wrap:$sub:Y_WIDTH=57:B_WIDTH=57:A_WIDTH=32:B_SIGNED=0:A_SIGNED=0:394426c56d1a028ba8fdd5469b163e04011def47.
Using template $extern:wrap:$sub:Y_WIDTH=57:B_WIDTH=57:A_WIDTH=32:B_SIGNED=0:A_SIGNED=0:394426c56d1a028ba8fdd5469b163e04011def47 for cells of type $extern:wrap:$sub:Y_WIDTH=57:B_WIDTH=57:A_WIDTH=32:B_SIGNED=0:A_SIGNED=0:394426c56d1a028ba8fdd5469b163e04011def47.
Running "alumacc" on wrapper $extern:wrap:$ge:Y_WIDTH=1:B_WIDTH=57:A_WIDTH=32:B_SIGNED=0:A_SIGNED=0:394426c56d1a028ba8fdd5469b163e04011def47.
Using template $extern:wrap:$ge:Y_WIDTH=1:B_WIDTH=57:A_WIDTH=32:B_SIGNED=0:A_SIGNED=0:394426c56d1a028ba8fdd5469b163e04011def47 for cells of type $extern:wrap:$ge:Y_WIDTH=1:B_WIDTH=57:A_WIDTH=32:B_SIGNED=0:A_SIGNED=0:394426c56d1a028ba8fdd5469b163e04011def47.
Running "alumacc" on wrapper $extern:wrap:$sub:Y_WIDTH=58:B_WIDTH=58:A_WIDTH=32:B_SIGNED=0:A_SIGNED=0:394426c56d1a028ba8fdd5469b163e04011def47.
Using template $extern:wrap:$sub:Y_WIDTH=58:B_WIDTH=58:A_WIDTH=32:B_SIGNED=0:A_SIGNED=0:394426c56d1a028ba8fdd5469b163e04011def47 for cells of type $extern:wrap:$sub:Y_WIDTH=58:B_WIDTH=58:A_WIDTH=32:B_SIGNED=0:A_SIGNED=0:394426c56d1a028ba8fdd5469b163e04011def47.
Running "alumacc" on wrapper $extern:wrap:$ge:Y_WIDTH=1:B_WIDTH=58:A_WIDTH=32:B_SIGNED=0:A_SIGNED=0:394426c56d1a028ba8fdd5469b163e04011def47.
Using template $extern:wrap:$ge:Y_WIDTH=1:B_WIDTH=58:A_WIDTH=32:B_SIGNED=0:A_SIGNED=0:394426c56d1a028ba8fdd5469b163e04011def47 for cells of type $extern:wrap:$ge:Y_WIDTH=1:B_WIDTH=58:A_WIDTH=32:B_SIGNED=0:A_SIGNED=0:394426c56d1a028ba8fdd5469b163e04011def47.
Running "alumacc" on wrapper $extern:wrap:$sub:Y_WIDTH=59:B_WIDTH=59:A_WIDTH=32:B_SIGNED=0:A_SIGNED=0:394426c56d1a028ba8fdd5469b163e04011def47.
Using template $extern:wrap:$sub:Y_WIDTH=59:B_WIDTH=59:A_WIDTH=32:B_SIGNED=0:A_SIGNED=0:394426c56d1a028ba8fdd5469b163e04011def47 for cells of type $extern:wrap:$sub:Y_WIDTH=59:B_WIDTH=59:A_WIDTH=32:B_SIGNED=0:A_SIGNED=0:394426c56d1a028ba8fdd5469b163e04011def47.
Running "alumacc" on wrapper $extern:wrap:$ge:Y_WIDTH=1:B_WIDTH=59:A_WIDTH=32:B_SIGNED=0:A_SIGNED=0:394426c56d1a028ba8fdd5469b163e04011def47.
Using template $extern:wrap:$ge:Y_WIDTH=1:B_WIDTH=59:A_WIDTH=32:B_SIGNED=0:A_SIGNED=0:394426c56d1a028ba8fdd5469b163e04011def47 for cells of type $extern:wrap:$ge:Y_WIDTH=1:B_WIDTH=59:A_WIDTH=32:B_SIGNED=0:A_SIGNED=0:394426c56d1a028ba8fdd5469b163e04011def47.
Running "alumacc" on wrapper $extern:wrap:$sub:Y_WIDTH=60:B_WIDTH=60:A_WIDTH=32:B_SIGNED=0:A_SIGNED=0:394426c56d1a028ba8fdd5469b163e04011def47.
Using template $extern:wrap:$sub:Y_WIDTH=60:B_WIDTH=60:A_WIDTH=32:B_SIGNED=0:A_SIGNED=0:394426c56d1a028ba8fdd5469b163e04011def47 for cells of type $extern:wrap:$sub:Y_WIDTH=60:B_WIDTH=60:A_WIDTH=32:B_SIGNED=0:A_SIGNED=0:394426c56d1a028ba8fdd5469b163e04011def47.
Running "alumacc" on wrapper $extern:wrap:$ge:Y_WIDTH=1:B_WIDTH=60:A_WIDTH=32:B_SIGNED=0:A_SIGNED=0:394426c56d1a028ba8fdd5469b163e04011def47.
Using template $extern:wrap:$ge:Y_WIDTH=1:B_WIDTH=60:A_WIDTH=32:B_SIGNED=0:A_SIGNED=0:394426c56d1a028ba8fdd5469b163e04011def47 for cells of type $extern:wrap:$ge:Y_WIDTH=1:B_WIDTH=60:A_WIDTH=32:B_SIGNED=0:A_SIGNED=0:394426c56d1a028ba8fdd5469b163e04011def47.
Running "alumacc" on wrapper $extern:wrap:$sub:Y_WIDTH=61:B_WIDTH=61:A_WIDTH=32:B_SIGNED=0:A_SIGNED=0:394426c56d1a028ba8fdd5469b163e04011def47.
Using template $extern:wrap:$sub:Y_WIDTH=61:B_WIDTH=61:A_WIDTH=32:B_SIGNED=0:A_SIGNED=0:394426c56d1a028ba8fdd5469b163e04011def47 for cells of type $extern:wrap:$sub:Y_WIDTH=61:B_WIDTH=61:A_WIDTH=32:B_SIGNED=0:A_SIGNED=0:394426c56d1a028ba8fdd5469b163e04011def47.
Running "alumacc" on wrapper $extern:wrap:$ge:Y_WIDTH=1:B_WIDTH=61:A_WIDTH=32:B_SIGNED=0:A_SIGNED=0:394426c56d1a028ba8fdd5469b163e04011def47.
Using template $extern:wrap:$ge:Y_WIDTH=1:B_WIDTH=61:A_WIDTH=32:B_SIGNED=0:A_SIGNED=0:394426c56d1a028ba8fdd5469b163e04011def47 for cells of type $extern:wrap:$ge:Y_WIDTH=1:B_WIDTH=61:A_WIDTH=32:B_SIGNED=0:A_SIGNED=0:394426c56d1a028ba8fdd5469b163e04011def47.
Running "alumacc" on wrapper $extern:wrap:$sub:Y_WIDTH=62:B_WIDTH=62:A_WIDTH=32:B_SIGNED=0:A_SIGNED=0:394426c56d1a028ba8fdd5469b163e04011def47.
Using template $extern:wrap:$sub:Y_WIDTH=62:B_WIDTH=62:A_WIDTH=32:B_SIGNED=0:A_SIGNED=0:394426c56d1a028ba8fdd5469b163e04011def47 for cells of type $extern:wrap:$sub:Y_WIDTH=62:B_WIDTH=62:A_WIDTH=32:B_SIGNED=0:A_SIGNED=0:394426c56d1a028ba8fdd5469b163e04011def47.
Running "alumacc" on wrapper $extern:wrap:$ge:Y_WIDTH=1:B_WIDTH=62:A_WIDTH=32:B_SIGNED=0:A_SIGNED=0:394426c56d1a028ba8fdd5469b163e04011def47.
Using template $extern:wrap:$ge:Y_WIDTH=1:B_WIDTH=62:A_WIDTH=32:B_SIGNED=0:A_SIGNED=0:394426c56d1a028ba8fdd5469b163e04011def47 for cells of type $extern:wrap:$ge:Y_WIDTH=1:B_WIDTH=62:A_WIDTH=32:B_SIGNED=0:A_SIGNED=0:394426c56d1a028ba8fdd5469b163e04011def47.
Running "alumacc" on wrapper $extern:wrap:$sub:Y_WIDTH=63:B_WIDTH=63:A_WIDTH=32:B_SIGNED=0:A_SIGNED=0:394426c56d1a028ba8fdd5469b163e04011def47.
Using template $extern:wrap:$sub:Y_WIDTH=63:B_WIDTH=63:A_WIDTH=32:B_SIGNED=0:A_SIGNED=0:394426c56d1a028ba8fdd5469b163e04011def47 for cells of type $extern:wrap:$sub:Y_WIDTH=63:B_WIDTH=63:A_WIDTH=32:B_SIGNED=0:A_SIGNED=0:394426c56d1a028ba8fdd5469b163e04011def47.
Running "alumacc" on wrapper $extern:wrap:$ge:Y_WIDTH=1:B_WIDTH=63:A_WIDTH=32:B_SIGNED=0:A_SIGNED=0:394426c56d1a028ba8fdd5469b163e04011def47.
Using template $extern:wrap:$ge:Y_WIDTH=1:B_WIDTH=63:A_WIDTH=32:B_SIGNED=0:A_SIGNED=0:394426c56d1a028ba8fdd5469b163e04011def47 for cells of type $extern:wrap:$ge:Y_WIDTH=1:B_WIDTH=63:A_WIDTH=32:B_SIGNED=0:A_SIGNED=0:394426c56d1a028ba8fdd5469b163e04011def47.
Using template $paramod$789c344356a154d2afc7b832b41d1067dbc946ba\_90_alu for cells of type $alu.
Using template $paramod$e39069e3f4ee35c1eea86993bd74689959babaab\_90_alu for cells of type $alu.
Using template $paramod$d7aca3dc44b07ff19908fb1a3b606577588c15f1\_90_alu for cells of type $alu.
Using template $paramod$f9e3a3c4b84f99cb56fad07743ec44ad55b11c8b\_90_alu for cells of type $alu.
Using template $paramod$dd5ba471f7dcf35707f23b88cfd15b9582f97277\_90_alu for cells of type $alu.
Using template $paramod$b7531bc0616f8d4cdd8159edd2237c9ddbb2ce01\_90_alu for cells of type $alu.
Using template $paramod$ff8ba121d2f8e85b775c9f35ef677a1a276e7e1b\_90_alu for cells of type $alu.
Using template $paramod$9a66d4bebbc4fab84566caffef9f094a1a467389\_90_alu for cells of type $alu.
Using template $paramod$57bc309a5d8a948cec8981d26d896ee1cbf54d58\_90_alu for cells of type $alu.
Using template $paramod$f94cfdb8ad389f4fc4515bcb65bccd7e2d189e95\_90_alu for cells of type $alu.
Using template $paramod$2a25669ccd39fe7c0fbfb2a4d17416fc78667f00\_90_alu for cells of type $alu.
Using template $paramod$d9397dfdf5f7cf5715aebc9527845402880218a0\_90_alu for cells of type $alu.
Using template $paramod$acc477ace2583cc2ee0cf651c72a385d2bbbe9f1\_90_alu for cells of type $alu.
Using template $paramod$415abdcadc251df4f0f033b62b8f3296b8461b4e\_90_alu for cells of type $alu.
Using template $paramod$6573c1c269218f299badf6e04ca86aa37fdb352c\_90_alu for cells of type $alu.
Using template $paramod$6a21b72c9c0b32e81b169c7e08a4d8b9c462448f\_90_alu for cells of type $alu.
Using template $paramod$324e0706ebb77f1915b22f4a136962ec3fd1d7ff\_90_alu for cells of type $alu.
Using template $paramod$461fc931d630cb01bec1fea87f37fbcc53f6f6a4\_90_alu for cells of type $alu.
Using template $paramod$fe074227b1c5fbaa1ea56076182c29dbcf3a782a\_90_alu for cells of type $alu.
Using template $paramod$85502450775e62e9c6a2fe29020b3433d4335647\_90_alu for cells of type $alu.
Using template $paramod$e32c921f95fe0e2350204f4ecefc9e296355521b\_90_alu for cells of type $alu.
Using template $paramod$05d913fba320393c7e943e625bef3af776153b60\_90_alu for cells of type $alu.
Using template $paramod$8e07e2c0a3efc148d2f3714f3901076678774ed1\_90_alu for cells of type $alu.
Using template $paramod$5b7e592b3c2951af6800b7fd597f66a79b72b91c\_90_alu for cells of type $alu.
Using template $paramod$90182783100594e2dd636a282c4723cfc9adaedd\_90_alu for cells of type $alu.
Using template $paramod$851c5c9b30913ea2deae68e3ca9e9c4e649723bc\_90_alu for cells of type $alu.
Using template $paramod$1445aacdb5f2a1ef9fedf1373097ffa45438211d\_90_alu for cells of type $alu.
Using template $paramod$7add42b712fe5bbbba521e93062103d6bf78a453\_90_alu for cells of type $alu.
Using template $paramod$b6f86f6a0c43c26b22ee55f51e05d5951f0e6562\_90_alu for cells of type $alu.
Using template $paramod$044fdceace8c449ec99f900b42120ac005ff4065\_90_alu for cells of type $alu.
Using template $paramod$b6b58933bcf3c8b9e3e5de18c2637bd0e12c7c47\_90_alu for cells of type $alu.
Using template $paramod\_90_fa\WIDTH=32'00000000000000000000000000100001 for cells of type $fa.
Using template $paramod\_90_lcu_brent_kung\WIDTH=32'00000000000000000000000000100001 for cells of type $lcu.
Using template $paramod\_90_fa\WIDTH=32'00000000000000000000000000100010 for cells of type $fa.
Using template $paramod\_90_lcu_brent_kung\WIDTH=32'00000000000000000000000000100010 for cells of type $lcu.
Using template $paramod\_90_fa\WIDTH=32'00000000000000000000000000100011 for cells of type $fa.
Using template $paramod\_90_lcu_brent_kung\WIDTH=32'00000000000000000000000000100011 for cells of type $lcu.
Using template $paramod\_90_fa\WIDTH=32'00000000000000000000000000100100 for cells of type $fa.
Using template $paramod\_90_lcu_brent_kung\WIDTH=32'00000000000000000000000000100100 for cells of type $lcu.
Using template $paramod\_90_fa\WIDTH=32'00000000000000000000000000100101 for cells of type $fa.
Using template $paramod\_90_lcu_brent_kung\WIDTH=32'00000000000000000000000000100101 for cells of type $lcu.
Using template $paramod\_90_fa\WIDTH=32'00000000000000000000000000100110 for cells of type $fa.
Using template $paramod\_90_lcu_brent_kung\WIDTH=32'00000000000000000000000000100110 for cells of type $lcu.
Using template $paramod\_90_fa\WIDTH=32'00000000000000000000000000100111 for cells of type $fa.
Using template $paramod\_90_lcu_brent_kung\WIDTH=32'00000000000000000000000000100111 for cells of type $lcu.
Using template $paramod\_90_fa\WIDTH=32'00000000000000000000000000101000 for cells of type $fa.
Using template $paramod\_90_lcu_brent_kung\WIDTH=32'00000000000000000000000000101000 for cells of type $lcu.
Using template $paramod\_90_fa\WIDTH=32'00000000000000000000000000101001 for cells of type $fa.
Using template $paramod\_90_lcu_brent_kung\WIDTH=32'00000000000000000000000000101001 for cells of type $lcu.
Using template $paramod\_90_fa\WIDTH=32'00000000000000000000000000101010 for cells of type $fa.
Using template $paramod\_90_lcu_brent_kung\WIDTH=32'00000000000000000000000000101010 for cells of type $lcu.
Using template $paramod\_90_fa\WIDTH=32'00000000000000000000000000101011 for cells of type $fa.
Using template $paramod\_90_lcu_brent_kung\WIDTH=32'00000000000000000000000000101011 for cells of type $lcu.
Using template $paramod\_90_fa\WIDTH=32'00000000000000000000000000101100 for cells of type $fa.
Using template $paramod\_90_lcu_brent_kung\WIDTH=32'00000000000000000000000000101100 for cells of type $lcu.
Using template $paramod\_90_fa\WIDTH=32'00000000000000000000000000101101 for cells of type $fa.
Using template $paramod\_90_lcu_brent_kung\WIDTH=32'00000000000000000000000000101101 for cells of type $lcu.
Using template $paramod\_90_fa\WIDTH=32'00000000000000000000000000101110 for cells of type $fa.
Using template $paramod\_90_lcu_brent_kung\WIDTH=32'00000000000000000000000000101110 for cells of type $lcu.
Using template $paramod\_90_fa\WIDTH=32'00000000000000000000000000101111 for cells of type $fa.
Using template $paramod\_90_lcu_brent_kung\WIDTH=32'00000000000000000000000000101111 for cells of type $lcu.
Using template $paramod\_90_fa\WIDTH=32'00000000000000000000000000110000 for cells of type $fa.
Using template $paramod\_90_lcu_brent_kung\WIDTH=32'00000000000000000000000000110000 for cells of type $lcu.
Using template $paramod\_90_fa\WIDTH=32'00000000000000000000000000110001 for cells of type $fa.
Using template $paramod\_90_lcu_brent_kung\WIDTH=32'00000000000000000000000000110001 for cells of type $lcu.
Using template $paramod\_90_fa\WIDTH=32'00000000000000000000000000110010 for cells of type $fa.
Using template $paramod\_90_lcu_brent_kung\WIDTH=32'00000000000000000000000000110010 for cells of type $lcu.
Using template $paramod\_90_fa\WIDTH=32'00000000000000000000000000110011 for cells of type $fa.
Using template $paramod\_90_lcu_brent_kung\WIDTH=32'00000000000000000000000000110011 for cells of type $lcu.
Using template $paramod\_90_fa\WIDTH=32'00000000000000000000000000110100 for cells of type $fa.
Using template $paramod\_90_lcu_brent_kung\WIDTH=32'00000000000000000000000000110100 for cells of type $lcu.
Using template $paramod\_90_fa\WIDTH=32'00000000000000000000000000110111 for cells of type $fa.
Using template $paramod\_90_lcu_brent_kung\WIDTH=32'00000000000000000000000000110111 for cells of type $lcu.
Using template $paramod\_90_fa\WIDTH=32'00000000000000000000000000111000 for cells of type $fa.
Using template $paramod\_90_lcu_brent_kung\WIDTH=32'00000000000000000000000000111000 for cells of type $lcu.
Using template $paramod\_90_fa\WIDTH=32'00000000000000000000000000111001 for cells of type $fa.
Using template $paramod\_90_lcu_brent_kung\WIDTH=32'00000000000000000000000000111001 for cells of type $lcu.
Using template $paramod\_90_fa\WIDTH=32'00000000000000000000000000111010 for cells of type $fa.
Using template $paramod\_90_lcu_brent_kung\WIDTH=32'00000000000000000000000000111010 for cells of type $lcu.
Using template $paramod\_90_fa\WIDTH=32'00000000000000000000000000111011 for cells of type $fa.
Using template $paramod\_90_lcu_brent_kung\WIDTH=32'00000000000000000000000000111011 for cells of type $lcu.
Using template $paramod\_90_fa\WIDTH=32'00000000000000000000000000111100 for cells of type $fa.
Using template $paramod\_90_lcu_brent_kung\WIDTH=32'00000000000000000000000000111100 for cells of type $lcu.
Using template $paramod\_90_fa\WIDTH=32'00000000000000000000000000111101 for cells of type $fa.
Using template $paramod\_90_lcu_brent_kung\WIDTH=32'00000000000000000000000000111101 for cells of type $lcu.
Using template $paramod\_90_fa\WIDTH=32'00000000000000000000000000111110 for cells of type $fa.
Using template $paramod\_90_lcu_brent_kung\WIDTH=32'00000000000000000000000000111110 for cells of type $lcu.
Using template $paramod\_90_fa\WIDTH=32'00000000000000000000000000111111 for cells of type $fa.
Using template $paramod\_90_lcu_brent_kung\WIDTH=32'00000000000000000000000000111111 for cells of type $lcu.
Using extmapper simplemap for cells of type $adff.
No more expansions possible.
<suppressed ~35578 debug messages>

16.21. Executing OPT pass (performing simple optimizations).

16.21.1. Executing OPT_EXPR pass (perform const folding).
Optimizing module logic_normalization_scalar_engine.
<suppressed ~2 debug messages>
Optimizing module fp16_rsqrt_lut256.
<suppressed ~39783 debug messages>
Optimizing module fp16_mul.
<suppressed ~7794 debug messages>
Optimizing module fp16_add.
<suppressed ~4240 debug messages>

16.21.2. Executing OPT_MERGE pass (detect identical cells).
Finding identical cells in module `\logic_normalization_scalar_engine'.
Computing hashes of 255 cells of `\logic_normalization_scalar_engine'.
Finding duplicate cells in `\logic_normalization_scalar_engine'.
Computing hashes of 253 cells of `\logic_normalization_scalar_engine'.
Finding duplicate cells in `\logic_normalization_scalar_engine'.
<suppressed ~6 debug messages>
Finding identical cells in module `\fp16_rsqrt_lut256'.
Computing hashes of 8540 cells of `\fp16_rsqrt_lut256'.
Finding duplicate cells in `\fp16_rsqrt_lut256'.
Computing hashes of 6695 cells of `\fp16_rsqrt_lut256'.
Finding duplicate cells in `\fp16_rsqrt_lut256'.
Computing hashes of 5684 cells of `\fp16_rsqrt_lut256'.
Finding duplicate cells in `\fp16_rsqrt_lut256'.
Computing hashes of 5036 cells of `\fp16_rsqrt_lut256'.
Finding duplicate cells in `\fp16_rsqrt_lut256'.
Computing hashes of 4744 cells of `\fp16_rsqrt_lut256'.
Finding duplicate cells in `\fp16_rsqrt_lut256'.
Computing hashes of 4347 cells of `\fp16_rsqrt_lut256'.
Finding duplicate cells in `\fp16_rsqrt_lut256'.
Computing hashes of 4148 cells of `\fp16_rsqrt_lut256'.
Finding duplicate cells in `\fp16_rsqrt_lut256'.
Computing hashes of 3739 cells of `\fp16_rsqrt_lut256'.
Finding duplicate cells in `\fp16_rsqrt_lut256'.
Computing hashes of 3500 cells of `\fp16_rsqrt_lut256'.
Finding duplicate cells in `\fp16_rsqrt_lut256'.
Computing hashes of 3169 cells of `\fp16_rsqrt_lut256'.
Finding duplicate cells in `\fp16_rsqrt_lut256'.
Computing hashes of 3058 cells of `\fp16_rsqrt_lut256'.
Finding duplicate cells in `\fp16_rsqrt_lut256'.
Computing hashes of 2900 cells of `\fp16_rsqrt_lut256'.
Finding duplicate cells in `\fp16_rsqrt_lut256'.
Computing hashes of 2844 cells of `\fp16_rsqrt_lut256'.
Finding duplicate cells in `\fp16_rsqrt_lut256'.
Computing hashes of 2757 cells of `\fp16_rsqrt_lut256'.
Finding duplicate cells in `\fp16_rsqrt_lut256'.
Computing hashes of 2725 cells of `\fp16_rsqrt_lut256'.
Finding duplicate cells in `\fp16_rsqrt_lut256'.
Computing hashes of 2685 cells of `\fp16_rsqrt_lut256'.
Finding duplicate cells in `\fp16_rsqrt_lut256'.
Computing hashes of 2677 cells of `\fp16_rsqrt_lut256'.
Finding duplicate cells in `\fp16_rsqrt_lut256'.
Computing hashes of 2669 cells of `\fp16_rsqrt_lut256'.
Finding duplicate cells in `\fp16_rsqrt_lut256'.
<suppressed ~17613 debug messages>
Finding identical cells in module `\fp16_mul'.
Computing hashes of 8047 cells of `\fp16_mul'.
Finding duplicate cells in `\fp16_mul'.
Computing hashes of 7459 cells of `\fp16_mul'.
Finding duplicate cells in `\fp16_mul'.
Computing hashes of 7174 cells of `\fp16_mul'.
Finding duplicate cells in `\fp16_mul'.
Computing hashes of 6949 cells of `\fp16_mul'.
Finding duplicate cells in `\fp16_mul'.
Computing hashes of 6787 cells of `\fp16_mul'.
Finding duplicate cells in `\fp16_mul'.
Computing hashes of 6667 cells of `\fp16_mul'.
Finding duplicate cells in `\fp16_mul'.
Computing hashes of 6621 cells of `\fp16_mul'.
Finding duplicate cells in `\fp16_mul'.
Computing hashes of 6617 cells of `\fp16_mul'.
Finding duplicate cells in `\fp16_mul'.
<suppressed ~4290 debug messages>
Finding identical cells in module `\fp16_add'.
Computing hashes of 5102 cells of `\fp16_add'.
Finding duplicate cells in `\fp16_add'.
Computing hashes of 4778 cells of `\fp16_add'.
Finding duplicate cells in `\fp16_add'.
Computing hashes of 4628 cells of `\fp16_add'.
Finding duplicate cells in `\fp16_add'.
Computing hashes of 4550 cells of `\fp16_add'.
Finding duplicate cells in `\fp16_add'.
Computing hashes of 4517 cells of `\fp16_add'.
Finding duplicate cells in `\fp16_add'.
Computing hashes of 4508 cells of `\fp16_add'.
Finding duplicate cells in `\fp16_add'.
Computing hashes of 4503 cells of `\fp16_add'.
Finding duplicate cells in `\fp16_add'.
Computing hashes of 4500 cells of `\fp16_add'.
Finding duplicate cells in `\fp16_add'.
Computing hashes of 4499 cells of `\fp16_add'.
Finding duplicate cells in `\fp16_add'.
Computing hashes of 4498 cells of `\fp16_add'.
Finding duplicate cells in `\fp16_add'.
<suppressed ~1812 debug messages>
Removed a total of 7907 cells.

16.21.3. Executing OPT_DFF pass (perform DFF optimizations).

16.21.4. Executing OPT_CLEAN pass (remove unused cells and wires).
Finding unused cells or wires in module \logic_normalization_scalar_engine..
Finding unused cells or wires in module \fp16_rsqrt_lut256..
Finding unused cells or wires in module \fp16_mul..
Finding unused cells or wires in module \fp16_add..
Removed 3091 unused cells and 23440 unused wires.
<suppressed ~3095 debug messages>

16.21.5. Finished fast OPT passes.

16.22. Executing HIERARCHY pass (managing design hierarchy).
Attribute `top' found on module `logic_normalization_scalar_engine'. Setting top module to logic_normalization_scalar_engine.

16.22.1. Analyzing design hierarchy..
Top module:  \logic_normalization_scalar_engine
Used module:     \fp16_mul
Used module:     \fp16_add
Used module:     \fp16_rsqrt_lut256

16.22.2. Analyzing design hierarchy..
Top module:  \logic_normalization_scalar_engine
Used module:     \fp16_mul
Used module:     \fp16_add
Used module:     \fp16_rsqrt_lut256
Removed 0 unused modules.

16.23. Printing statistics.

=== logic_normalization_scalar_engine ===

        +----------Local Count, excluding submodules.
        | 
       70 wires
      448 wire bits
       38 public wires
      372 public wire bits
       17 ports
      137 port bits
      247 cells
       15   $_AND_
      148   $_DFFE_PN0P_
        5   $_DFF_PN0_
        1   $_DFF_PN1_
       50   $_MUX_
        7   $_NOT_
       21   $_OR_
        6 submodules
        2   fp16_add
        3   fp16_mul
        1   fp16_rsqrt_lut256

=== fp16_rsqrt_lut256 ===

        +----------Local Count, excluding submodules.
        | 
      820 wires
     4451 wire bits
        8 public wires
       38 public wire bits
        8 ports
       38 port bits
     2355 cells
      678   $_AND_
       16   $_DFFE_PN0P_
      706   $_MUX_
      253   $_NOT_
      451   $_OR_
      251   $_XOR_

=== fp16_mul ===

        +----------Local Count, excluding submodules.
        | 
     1198 wires
    11001 wire bits
       15 public wires
      283 public wire bits
        3 ports
       48 port bits
     4093 cells
     1410   $_AND_
     1125   $_MUX_
      307   $_NOT_
      669   $_OR_
      582   $_XOR_

=== fp16_add ===

        +----------Local Count, excluding submodules.
        | 
     1560 wires
     4871 wire bits
       28 public wires
      302 public wire bits
        3 ports
       48 port bits
     4245 cells
     1361   $_AND_
      974   $_MUX_
      494   $_NOT_
      878   $_OR_
      538   $_XOR_

=== design hierarchy ===

        +----------Count including submodules.
        | 
    23371 logic_normalization_scalar_engine
     4245 fp16_add
     4093 fp16_mul
     2355 fp16_rsqrt_lut256

        +----------Count including submodules.
        | 
     7604 wires
    47644 wire bits
      147 public wires
     1863 public wire bits
       40 ports
      415 port bits
        - memories
        - memory bits
        - processes
    23371 cells
     7645   $_AND_
      164   $_DFFE_PN0P_
        5   $_DFF_PN0_
        1   $_DFF_PN1_
     6079   $_MUX_
     2169   $_NOT_
     4235   $_OR_
     3073   $_XOR_
        6 submodules
        2   fp16_add
        3   fp16_mul
        1   fp16_rsqrt_lut256

16.24. Executing CHECK pass (checking for obvious problems).
Checking module logic_normalization_scalar_engine...
Checking module fp16_rsqrt_lut256...
Checking module fp16_mul...
Checking module fp16_add...
Found and reported 0 problems.

17. Executing CHECK pass (checking for obvious problems).
Checking module logic_normalization_scalar_engine...
Checking module fp16_rsqrt_lut256...
Checking module fp16_mul...
Checking module fp16_add...
Found and reported 0 problems.

18. Printing statistics.

=== logic_normalization_scalar_engine ===

        +----------Local Count, excluding submodules.
        | 
       70 wires
      448 wire bits
       38 public wires
      372 public wire bits
       17 ports
      137 port bits
      247 cells
       15   $_AND_
      148   $_DFFE_PN0P_
        5   $_DFF_PN0_
        1   $_DFF_PN1_
       50   $_MUX_
        7   $_NOT_
       21   $_OR_
        6 submodules
        2   fp16_add
        3   fp16_mul
        1   fp16_rsqrt_lut256

=== fp16_rsqrt_lut256 ===

        +----------Local Count, excluding submodules.
        | 
      820 wires
     4451 wire bits
        8 public wires
       38 public wire bits
        8 ports
       38 port bits
     2355 cells
      678   $_AND_
       16   $_DFFE_PN0P_
      706   $_MUX_
      253   $_NOT_
      451   $_OR_
      251   $_XOR_

=== fp16_mul ===

        +----------Local Count, excluding submodules.
        | 
     1198 wires
    11001 wire bits
       15 public wires
      283 public wire bits
        3 ports
       48 port bits
     4093 cells
     1410   $_AND_
     1125   $_MUX_
      307   $_NOT_
      669   $_OR_
      582   $_XOR_

=== fp16_add ===

        +----------Local Count, excluding submodules.
        | 
     1560 wires
     4871 wire bits
       28 public wires
      302 public wire bits
        3 ports
       48 port bits
     4245 cells
     1361   $_AND_
      974   $_MUX_
      494   $_NOT_
      878   $_OR_
      538   $_XOR_

=== design hierarchy ===

        +----------Count including submodules.
        | 
    23371 logic_normalization_scalar_engine
     4245 fp16_add
     4093 fp16_mul
     2355 fp16_rsqrt_lut256

        +----------Count including submodules.
        | 
     7604 wires
    47644 wire bits
      147 public wires
     1863 public wire bits
       40 ports
      415 port bits
        - memories
        - memory bits
        - processes
    23371 cells
     7645   $_AND_
      164   $_DFFE_PN0P_
        5   $_DFF_PN0_
        1   $_DFF_PN1_
     6079   $_MUX_
     2169   $_NOT_
     4235   $_OR_
     3073   $_XOR_
        6 submodules
        2   fp16_add
        3   fp16_mul
        1   fp16_rsqrt_lut256

Warnings: 6 unique messages, 6 total
End of script. Logfile hash: 90fe2c3392, time: 3.24s, user: 2.69s, system: 0.46s, MEM: 207.61 MB peak
Yosys 0.68+48 (git sha1 ff5817c34-dirty, Release, Clang /usr/bin/clang++ 21.1.8)
Time spent: 26% 1x techmap (0 sec), 21% 118x opt_expr (0 sec), ...
