x_mm,y_mm,wire_um,max_wire_um,wire_skew_um,delay_ps,tsv_distance_um,congestion_ratio,wire_power_mw,area_proxy_mm2,tsv_count,tsv_keepout_area_mm2,tsv_violation_penalty,max_temp_c,mean_temp_c,max_gradient_c_per_mm,temperature_exceedance_c,timing_exceedance_ps,candidate_constraints_satisfied,hard_constraints_satisfied,hard_constraint_violations,raw_wire,raw_delay,raw_thermal,raw_tsv,raw_congestion,raw_power,raw_area,raw_reliability,norm_wire,norm_delay,norm_thermal,norm_tsv,norm_congestion,norm_power,norm_area,norm_reliability,scores_balanced,scores_thermal_first,scores_performance_first,scores_cost_first
-2.5,-5.5,8228.125,11412.5,1948.8753768199238,13534.029385040527,1163.9999999999998,0.7299002484521102,0.36762933375000006,0.24364731560000003,1024,2.5735927018207585,0.0,36.13727311013544,32.035656301320394,4.783138225773784,0.0,3534.029385040527,False,False,timing_limit;global_rtl_timing_not_closed,8228.125,13728.91692272252,13.852814830620295,0.4497194526365569,0.7299002484521102,0.36762933375000006,0.24364731560000003,0.007549509467783256,1.0,1.0,0.19789735472314707,0.4497194526365569,0.11960099380844103,0.7352586675000001,0.48729463120000005,0.007549509467783256,0.5182889992070648,0.3301573987762228,0.6607128931570314,0.5592117135152037
-2.5,-5.0,7728.124999999999,10912.5,1948.8753768199238,12374.112138517088,663.9999999999997,0.7312987171016174,0.34528953375,0.23564731560000002,1024,2.5735927018207585,0.0,35.865380607214576,32.03460018475184,5.2215144859813245,0.0,2374.112138517088,False,False,timing_limit;global_rtl_timing_not_closed,7728.124999999999,12568.99967619908,13.668333550598799,0.4038861193032235,0.7312987171016174,0.34528953375,0.23564731560000002,0.007347009353217843,1.0,1.0,0.19526190786569714,0.4038861193032235,0.12519486840646987,0.6905790675,0.47129463120000004,0.007347009353217843,0.5105519616077154,0.323884994730692,0.6510896309253611,0.5442121579502
-2.5,-4.5,7228.124999999999,10412.5,1948.8753768199238,11266.150871681151,824.7999999999997,0.7329216780856544,0.32294973375,0.2276473156,1024,2.5735927018207585,0.0,35.486193104009985,32.033745598362145,4.452993059046551,0.0,1266.1508716811513,False,False,timing_limit;global_rtl_timing_not_closed,7228.124999999999,11461.038409363144,13.13522811540983,0.41862611930322347,0.7329216780856544,0.32294973375,0.2276473156,0.007073635688476674,1.0,1.0,0.18764611593442615,0.41862611930322347,0.13168671234261797,0.6458994675,0.4552946312,0.007073635688476674,0.5077098806520384,0.31843082582547916,0.6501405874426117,0.5348581544674507
-2.5,-4.0,6728.124999999999,9912.5,1948.8753768199238,10210.145584532715,915.2000000000005,0.7348314794533761,0.30060993375,0.2196473156,1024,2.5735927018207585,0.0,35.38494506545378,32.03303685689865,4.460635162221182,0.0,210.14558453271457,False,False,timing_limit;global_rtl_timing_not_closed,6728.124999999999,10405.033122214707,13.035331312122675,0.42691278596989024,0.7348314794533761,0.30060993375,0.2196473156,0.007002377859086391,1.0,1.0,0.18621901874460964,0.42691278596989024,0.13932591781350467,0.6012198675,0.4392946312,0.007002377859086391,0.5059045877854005,0.3155366941310614,0.6489672553792493,0.5256025290707548
-2.5,-3.5,6228.125,9412.5,1948.8753768199238,9206.096277071776,754.4000000000004,0.7371173763530177,0.27827013375000004,0.21164731560000002,1024,2.5735927018207585,0.0,35.34362020858969,32.032535868428425,4.4900985647798555,0.0,0.0,True,False,global_rtl_timing_not_closed,6228.125,9400.983814753768,12.999773888652769,0.41217278596989027,0.7371173763530177,0.27827013375000004,0.21164731560000002,0.00697350034187232,1.0,1.0,0.1857110555521824,0.41217278596989027,0.14846950541207082,0.5565402675000001,0.42329463120000005,0.00697350034187232,0.5021810879954289,0.31198853457095455,0.6445843939440025,0.5142887076355079
-2.5,-3.0,5728.125,8912.5,1948.8753768199238,8254.00294929834,646.3999999999999,0.7399126736357701,0.25593033375,0.20364731560000002,1024,2.5735927018207585,0.0,35.4946568476518,32.03221157890257,5.132492995335658,0.0,0.0,True,False,global_rtl_timing_not_closed,5728.125,8448.890486980332,13.279208341444571,0.4022727859698902,0.7399126736357701,0.25593033375,0.20364731560000002,0.007079625166697818,0.9546875,1.0,0.18970297630635102,0.4022727859698902,0.15965069454308045,0.5118606675,0.40729463120000003,0.007079625166697818,0.4912213195795546,0.3063049533318461,0.6302599061737615,0.49732250986526705
-2.5,-2.5,5228.124999999999,8412.5,1948.8753768199238,7353.865601212402,807.1999999999999,0.7434276480164722,0.23359053374999997,0.1956473156,1024,2.5735927018207585,0.0,35.326832683618186,32.031999660794284,4.500108776396843,0.0,0.0,True,False,global_rtl_timing_not_closed,5228.124999999999,7548.753138894394,12.984854354096125,0.4170127859698902,0.7434276480164722,0.23359053374999997,0.1956473156,0.006961803381657145,0.8713541666666665,1.0,0.18549791934423035,0.4170127859698902,0.173710592065889,0.46718106749999994,0.3912946312,0.006961803381657145,0.47333761624613446,0.2944617948846907,0.6095831858072449,0.4765741628320838
-2.5,-2.0,4728.124999999999,7912.5,1948.8753768199238,6505.684232813965,932.8000000000003,0.748019261673986,0.21125073374999995,0.1876473156,1024,2.5735927018207585,0.0,35.328126338432654,32.0318211132718,4.486495000032835,0.0,0.0,True,False,global_rtl_timing_not_closed,4728.124999999999,6700.571770495957,12.983380616757172,0.4285261193032236,0.748019261673986,0.21125073374999995,0.1876473156,0.006962704056960245,0.7880208333333332,1.0,0.18547686595367388,0.4285261193032236,0.19207704669594428,0.4225014674999999,0.3752946312,0.006962704056960245,0.456619775095698,0.28457917705883706,0.5892774576316268,0.4563581413231321
-2.5,-1.5,4228.124999999999,7412.5,1948.8753768199238,5709.458844103026,772.0000000000002,0.7543602207320516,0.18891093374999998,0.17964731560000002,1024,2.5735927018207585,0.0,35.33050779286452,32.031692193998964,4.503904798311869,0.0,0.0,True,False,global_rtl_timing_not_closed,4228.124999999999,5904.346381785019,12.989211801026638,0.4137861193032235,0.7543602207320516,0.18891093374999998,0.17964731560000002,0.006964362390658138,0.7046874999999998,1.0,0.18556016858609484,0.4137861193032235,0.2174408829282064,0.37782186749999996,0.35929463120000005,0.006964362390658138,0.4380025035437325,0.27378087338844576,0.5657439411014464,0.4342269981262854
-2.5,-1.0,3728.1249999999995,6912.5,1948.8753768199238,4965.189435079589,628.8000000000001,0.7639414265662174,0.16657113375,0.17164731560000002,1024,2.5735927018207585,0.0,35.49684079619115,32.03160823255006,5.14061572464437,0.0,0.0,True,False,global_rtl_timing_not_closed,3728.1249999999995,5160.076972761582,13.28286599925754,0.4006594526365569,0.7639414265662174,0.16657113375,0.17164731560000002,0.007081171489250315,0.6213541666666665,1.0,0.189755228560822,0.4006594526365569,0.25576570626486994,0.3331422675,0.34329463120000003,0.007081171489250315,0.4218821184476065,0.26558460669695794,0.5441654565541818,0.41397022024568736
-2.5,-0.5,3228.1250000000005,6412.5,1948.8753768199238,4272.876005743652,789.6000000000001,0.7811876520845826,0.14423133375000002,0.16364731560000004,1024,2.5735927018207585,0.0,35.334303418938724,32.03158057854451,4.5048715870483145,0.0,0.0,True,False,global_rtl_timing_not_closed,3228.1250000000005,4467.7635434256445,12.993172880984513,0.41539945263655687,0.7811876520845826,0.14423133375000002,0.16364731560000004,0.00696700630393972,0.5380208333333334,1.0,0.1856167554426359,0.41539945263655687,0.3247506083383307,0.28846266750000005,0.3272946312000001,0.00696700630393972,0.40950792719020834,0.25651839252705183,0.5289880778571104,0.39872121488194934
-2.5,0.0,2728.1249999999995,5912.5,1948.8753768199238,3632.5185560952145,950.4000000000001,0.8336042991138599,0.12189153374999998,0.1556473156,1024,2.5735927018207585,0.0,35.33523807600119,32.031569804556334,4.488955469732653,0.0,0.0,True,False,global_rtl_timing_not_closed,2728.1249999999995,3827.406093777207,12.990921621086803,0.43013945263655684,0.8336042991138599,0.12189153374999998,0.1556473156,0.006967657510536611,0.4546874999999999,1.0,0.18558459458695434,0.43013945263655684,0.5344171964554398,0.24378306749999995,0.3112946312,0.006967657510536611,0.4122399642419919,0.2563570664558366,0.5282952398102498,0.39795675016842197
-2.5,0.5,3228.1250000000005,6412.5,1948.8753768199238,4272.876005743652,789.6000000000001,0.7811876520845826,0.14423133375000002,0.16364731560000004,1024,2.5735927018207585,0.0,35.33430341893867,32.03158057854451,4.504871587048288,0.0,0.0,True,False,global_rtl_timing_not_closed,3228.1250000000005,4467.7635434256445,12.993172880984451,0.41539945263655687,0.7811876520845826,0.14423133375000002,0.16364731560000004,0.006967006303939683,0.5380208333333334,1.0,0.185616755442635,0.41539945263655687,0.3247506083383307,0.28846266750000005,0.3272946312000001,0.006967006303939683,0.4095079271902081,0.25651839252705144,0.5289880778571103,0.3987212148819493
-2.5,1.0,3728.1249999999995,6912.5,1948.8753768199238,4965.189435079589,628.8000000000001,0.7639414265662174,0.16657113375,0.17164731560000002,1024,2.5735927018207585,0.0,35.49684079619107,32.03160823255006,5.140615724644433,0.0,0.0,True,False,global_rtl_timing_not_closed,3728.1249999999995,5160.076972761582,13.282865999257474,0.4006594526365569,0.7639414265662174,0.16657113375,0.17164731560000002,0.007081171489250259,0.6213541666666665,1.0,0.18975522856082105,0.4006594526365569,0.25576570626486994,0.3331422675,0.34329463120000003,0.007081171489250259,0.42188211844760626,0.26558460669695755,0.5441654565541817,0.4139702202456873
-2.5,1.5,4228.124999999999,7412.5,1948.8753768199238,5709.458844103026,772.0000000000002,0.7543602207320516,0.18891093374999998,0.17964731560000002,1024,2.5735927018207585,0.0,35.33050779286446,32.03169219399897,4.503904798311896,0.0,0.0,True,False,global_rtl_timing_not_closed,4228.124999999999,5904.346381785019,12.989211801026581,0.4137861193032235,0.7543602207320516,0.18891093374999998,0.17964731560000002,0.006964362390658094,0.7046874999999998,1.0,0.185560168586094,0.4137861193032235,0.2174408829282064,0.37782186749999996,0.35929463120000005,0.006964362390658094,0.43800250354373227,0.2737808733884454,0.5657439411014464,0.4342269981262853
-2.5,2.0,4728.124999999999,7912.5,1948.8753768199238,6505.684232813965,932.8000000000003,0.748019261673986,0.21125073374999995,0.1876473156,1024,2.5735927018207585,0.0,35.32812633843254,32.0318211132718,4.486495000032968,0.0,0.0,True,False,global_rtl_timing_not_closed,4728.124999999999,6700.571770495957,12.983380616757085,0.4285261193032236,0.748019261673986,0.21125073374999995,0.1876473156,0.006962704056960164,0.7880208333333332,1.0,0.18547686595367263,0.4285261193032236,0.19207704669594428,0.4225014674999999,0.3752946312,0.006962704056960164,0.4566197750956977,0.28457917705883645,0.5892774576316266,0.45635814132313196
-2.5,2.5,5228.124999999999,8412.5,1948.8753768199238,7353.865601212402,807.1999999999999,0.7434276480164722,0.23359053374999997,0.1956473156,1024,2.5735927018207585,0.0,35.32683268361808,32.03199966079428,4.500108776396923,0.0,0.0,True,False,global_rtl_timing_not_closed,5228.124999999999,7548.753138894394,12.984854354096033,0.4170127859698902,0.7434276480164722,0.23359053374999997,0.1956473156,0.006961803381657071,0.8713541666666665,1.0,0.18549791934422905,0.4170127859698902,0.173710592065889,0.46718106749999994,0.3912946312,0.006961803381657071,0.47333761624613413,0.2944617948846901,0.6095831858072449,0.4765741628320836
-2.5,3.0,5728.125,8912.5,1948.8753768199238,8254.00294929834,646.3999999999999,0.7399126736357701,0.25593033375,0.20364731560000002,1024,2.5735927018207585,0.0,35.494656847651676,32.03221157890257,5.13249299533573,0.0,0.0,True,False,global_rtl_timing_not_closed,5728.125,8448.890486980332,13.279208341444464,0.4022727859698902,0.7399126736357701,0.25593033375,0.20364731560000002,0.007079625166697736,0.9546875,1.0,0.1897029763063495,0.4022727859698902,0.15965069454308045,0.5118606675,0.40729463120000003,0.007079625166697736,0.4912213195795543,0.30630495333184543,0.6302599061737614,0.49732250986526694
-2.5,3.5,6228.125,9412.5,1948.8753768199238,9206.096277071776,754.4000000000004,0.7371173763530177,0.27827013375000004,0.21164731560000002,1024,2.5735927018207585,0.0,35.343620208589584,32.032535868428425,4.490098564779962,0.0,0.0,True,False,global_rtl_timing_not_closed,6228.125,9400.983814753768,12.999773888652683,0.41217278596989027,0.7371173763530177,0.27827013375000004,0.21164731560000002,0.006973500341872246,1.0,1.0,0.18571105555218118,0.41217278596989027,0.14846950541207082,0.5565402675000001,0.42329463120000005,0.006973500341872246,0.5021810879954287,0.311988534570954,0.6445843939440024,0.5142887076355078
-2.5,4.0,6728.124999999999,9912.5,1948.8753768199238,10210.145584532715,915.2000000000005,0.7348314794533761,0.30060993375,0.2196473156,1024,2.5735927018207585,0.0,35.384945065453685,32.03303685689865,4.460635162221315,0.0,210.14558453271457,False,False,timing_limit;global_rtl_timing_not_closed,6728.124999999999,10405.033122214707,13.03533131212261,0.42691278596989024,0.7348314794533761,0.30060993375,0.2196473156,0.007002377859086323,1.0,1.0,0.18621901874460872,0.42691278596989024,0.13932591781350467,0.6012198675,0.4392946312,0.007002377859086323,0.5059045877854003,0.315536694131061,0.6489672553792492,0.5256025290707547
-2.5,4.5,7228.124999999999,10412.5,1948.8753768199238,11266.150871681151,824.7999999999997,0.7329216780856544,0.32294973375,0.2276473156,1024,2.5735927018207585,0.0,35.486193104009864,32.033745598362145,4.452993059046577,0.0,1266.1508716811513,False,False,timing_limit;global_rtl_timing_not_closed,7228.124999999999,11461.038409363144,13.135228115409715,0.41862611930322347,0.7329216780856544,0.32294973375,0.2276473156,0.007073635688476586,1.0,1.0,0.1876461159344245,0.41862611930322347,0.13168671234261797,0.6458994675,0.4552946312,0.007073635688476586,0.5077098806520379,0.31843082582547844,0.6501405874426116,0.5348581544674504
-2.5,5.0,7728.124999999999,10912.5,1948.8753768199238,12374.112138517088,663.9999999999997,0.7312987171016174,0.34528953375,0.23564731560000002,1024,2.5735927018207585,0.0,35.865380607214455,32.03460018475184,5.221514485981378,0.0,2374.112138517088,False,False,timing_limit;global_rtl_timing_not_closed,7728.124999999999,12568.99967619908,13.668333550598689,0.4038861193032235,0.7312987171016174,0.34528953375,0.23564731560000002,0.007347009353217759,1.0,1.0,0.19526190786569556,0.4038861193032235,0.12519486840646987,0.6905790675,0.47129463120000004,0.007347009353217759,0.510551961607715,0.3238849947306912,0.651089630925361,0.5442121579501998
-2.5,5.5,8228.125,11412.5,1948.8753768199238,13534.029385040527,1163.9999999999998,0.7299002484521102,0.36762933375000006,0.24364731560000003,1024,2.5735927018207585,0.0,36.13727311013535,32.035656301320394,4.783138225773811,0.0,3534.029385040527,False,False,timing_limit;global_rtl_timing_not_closed,8228.125,13728.91692272252,13.852814830620208,0.4497194526365569,0.7299002484521102,0.36762933375000006,0.24364731560000003,0.007549509467783188,1.0,1.0,0.19789735472314582,0.4497194526365569,0.11960099380844103,0.7352586675000001,0.48729463120000005,0.007549509467783188,0.5182889992070645,0.33015739877622224,0.6607128931570313,0.5592117135152036
-2.0,-5.5,7962.499999999999,10912.5,1710.8112110925624,12374.112138517088,1663.9999999999998,0.7303132194630395,0.35576131499999997,0.2393973156,1024,2.5735927018207585,0.0,36.07190119117288,32.03744121949286,4.700654539618674,0.0,2374.112138517088,False,False,timing_limit;global_rtl_timing_not_closed,7962.499999999999,12545.193259626345,13.771392403969827,0.49555278596989016,0.7303132194630395,0.35576131499999997,0.2393973156,0.00750031783841326,1.0,1.0,0.19673417719956895,0.49555278596989016,0.12125287785215821,0.7115226299999999,0.4787946312,0.00750031783841326,0.5211300055259385,0.3303865895585912,0.6660225023525769,0.5581560522940825
-2.0,-5.0,7462.499999999999,10412.5,1710.8112110925624,11266.150871681151,1163.9999999999998,0.7317521847888796,0.33342151499999995,0.23139731560000001,1024,2.5735927018207585,0.0,35.847668542500436,32.03696753102843,5.164705409637897,0.0,1266.1508716811513,False,False,timing_limit;global_rtl_timing_not_closed,7462.499999999999,11437.231992790408,13.639851507185123,0.4497194526365569,0.7317521847888796,0.33342151499999995,0.23139731560000001,0.007334007800322208,1.0,1.0,0.19485502153121603,0.4497194526365569,0.12700873915551858,0.6668430299999999,0.46279463120000003,0.007334007800322208,0.5136018584020438,0.3244698538987154,0.6564928774141731,0.5432501340223452
-2.0,-4.5,6962.499999999999,9912.5,1710.8112110925624,10210.145584532715,1324.7999999999997,0.7334205640764943,0.31108171500000004,0.2233973156,1024,2.5735927018207585,0.0,35.50871689832512,32.03646353039753,4.4302421144357425,0.0,210.14558453271457,False,False,timing_limit;global_rtl_timing_not_closed,6962.499999999999,10381.226705641971,13.15388120381165,0.46445945263655686,0.7334205640764943,0.31108171500000004,0.2233973156,0.007089586156517142,1.0,1.0,0.18791258862588073,0.46445945263655686,0.1336822563059772,0.6221634300000001,0.4467946312,0.007089586156517142,0.5109491797263752,0.31933357062007645,0.6556307847564952,0.5339830813646673
-2.0,-4.0,6462.5,9412.5,1710.8112110925624,9206.096277071776,1415.2000000000005,0.7353806059744372,0.28874191500000007,0.21539731560000003,1024,2.5735927018207585,0.0,35.4307364879558,32.0359710179697,4.4481456316843015,0.0,0.0,True,False,global_rtl_timing_not_closed,6462.5,9377.177398181033,13.079358368785083,0.4727461193032235,0.7353806059744372,0.28874191500000007,0.21539731560000003,0.007034516270413436,1.0,1.0,0.18684797669692976,0.4727461193032235,0.14152242389774905,0.5774838300000001,0.43079463120000006,0.007034516270413436,0.509256223181371,0.31661584298774975,0.6545146068284722,0.524784610103311
-2.0,-3.5,5962.5,8912.5,1710.8112110925624,8254.00294929834,1254.4000000000003,0.737720344394579,0.26640211500000005,0.20739731560000002,1024,2.5735927018207585,0.0,35.40179407174492,32.035590194056404,4.460232878203123,0.0,0.0,True,False,global_rtl_timing_not_closed,5962.5,8425.084070407596,13.05273819589965,0.45800611930322355,0.737720344394579,0.26640211500000005,0.20739731560000002,0.007014186115021861,0.99375,1.0,0.18646768851285214,0.45800611930322355,0.1508813775783162,0.5328042300000001,0.41479463120000004,0.007014186115021861,0.5043370334878693,0.31251261495786486,0.6486039768703513,0.5125680201451903
-2.0,-3.0,5462.499999999999,8412.5,1710.8112110925624,7353.865601212402,1146.3999999999999,0.7405690591016031,0.24406231499999997,0.1993973156,1024,2.5735927018207585,0.0,35.55932882334183,32.03533630325224,5.068354252140691,0.0,0.0,True,False,global_rtl_timing_not_closed,5462.499999999999,7524.946722321658,13.331833749583026,0.4481061193032235,0.7405690591016031,0.24406231499999997,0.1993973156,0.007125558872443779,0.9104166666666665,1.0,0.1904547678511861,0.4481061193032235,0.16227623640641253,0.48812462999999995,0.3987946312,0.007125558872443779,0.4857937798143378,0.303036504819671,0.624795425991532,0.4899198425997044
-2.0,-2.5,4962.499999999999,7912.5,1710.8112110925624,6505.684232813965,1307.1999999999998,0.744125816962127,0.22172251499999998,0.1913973156,1024,2.5735927018207585,0.0,35.3937049830336,32.03514551889503,4.470226625965113,0.0,0.0,True,False,global_rtl_timing_not_closed,4962.499999999999,6676.765353923221,13.04653668795038,0.4628461193032235,0.744125816962127,0.22172251499999998,0.1913973156,0.007008514571839701,0.8270833333333332,1.0,0.1863790955421483,0.4628461193032235,0.17650326784850812,0.44344502999999996,0.3827946312,0.007008514571839701,0.46795921378456085,0.29126008165925454,0.6041483963564745,0.4692011862979799
-2.0,-2.0,4462.499999999999,7412.5,1710.8112110925624,5709.458844103026,1432.8000000000002,0.7487166122025876,0.19938271499999996,0.1833973156,1024,2.5735927018207585,0.0,35.39665270556755,32.03498523634765,4.472540723399047,0.0,0.0,True,False,global_rtl_timing_not_closed,4462.499999999999,5880.539965212282,13.04990715933427,0.4743594526365569,0.7487166122025876,0.19938271499999996,0.1833973156,0.007010580791990216,0.7437499999999998,1.0,0.18642724513334671,0.4743594526365569,0.19486644881035042,0.3987654299999999,0.3667946312,0.007010580791990216,0.45125846256722635,0.2814086746007494,0.5838493193894528,0.44899181599762494
-2.0,-1.5,3962.4999999999995,6912.5,1710.8112110925624,4965.189435079589,1272.0000000000002,0.7549217442296212,0.17704291499999997,0.17539731560000002,1024,2.5735927018207585,0.0,35.40033727242349,32.03487458438537,4.474204012627707,0.0,0.0,True,False,global_rtl_timing_not_closed,3962.4999999999995,5136.270556188845,13.053896721045376,0.4596194526365569,0.7549217442296212,0.17704291499999997,0.17539731560000002,0.007013164363290753,0.6604166666666665,1.0,0.1864842388720768,0.4596194526365569,0.21968697691848504,0.35408582999999993,0.35079463120000004,0.007013164363290753,0.43258037550318584,0.27057155156951146,0.5602588874193708,0.4268037573608764
-2.0,-1.0,3462.5000000000005,6412.5,1710.8112110925624,4272.876005743652,1128.8,0.7639057812222818,0.15470311500000003,0.16739731560000004,1024,2.5735927018207585,0.0,35.567694305274316,32.034810160401065,5.075636283036579,0.0,0.0,True,False,global_rtl_timing_not_closed,3462.5000000000005,4443.957126852908,13.341524101981898,0.44649278596989017,0.7639057812222818,0.15470311500000003,0.16739731560000004,0.007131522239818741,0.5770833333333334,1.0,0.19059320145688427,0.44649278596989017,0.2556231248891274,0.30940623000000006,0.3347946312000001,0.007131522239818741,0.4161997534007714,0.2622174170398459,0.538433003035409,0.4062995796435811
-2.0,-0.5,2962.4999999999995,5912.5,1710.8112110925624,3632.5185560952145,1289.6000000000001,0.7784906582150438,0.132363315,0.1593973156,1024,2.5735927018207585,0.0,35.40486623501214,32.034772944119084,4.47530333899319,0.0,0.0,True,False,global_rtl_timing_not_closed,2962.4999999999995,3803.599677204471,13.058620138840553,0.46123278596989026,0.7784906582150438,0.132363315,0.1593973156,0.0070163413185549695,0.4937499999999999,1.0,0.18655171626915076,0.46123278596989026,0.31396263286017545,0.26472663,0.3187946312,0.0070163413185549695,0.40278516814214965,0.2526623745863321,0.5222007329343439,0.3899956828758494
-2.0,0.0,2462.5,5412.5,1710.8112110925624,3044.117086134277,1450.4,0.8083571443631543,0.11002351500000002,0.15139731560000003,1024,2.5735927018207585,0.0,35.40560878435201,32.03475836455036,4.4752174377988405,0.0,0.0,True,False,global_rtl_timing_not_closed,2462.5,3215.1982072435335,13.05934186304937,0.47597278596989023,0.8083571443631543,0.11002351500000002,0.15139731560000003,0.0070168623358602186,0.41041666666666665,1.0,0.186562026614991,0.47597278596989023,0.4334285774526174,0.22004703000000003,0.30279463120000005,0.0070168623358602186,0.39650774562291785,0.24801010234171006,0.512492071145704,0.3802153944205429
-2.0,0.5,2962.4999999999995,5912.5,1710.8112110925624,3632.5185560952145,1289.6000000000001,0.7784906582150438,0.132363315,0.1593973156,1024,2.5735927018207585,0.0,35.4048662350121,32.034772944119084,4.475303338993217,0.0,0.0,True,False,global_rtl_timing_not_closed,2962.4999999999995,3803.599677204471,13.058620138840515,0.46123278596989026,0.7784906582150438,0.132363315,0.1593973156,0.007016341318554938,0.4937499999999999,1.0,0.1865517162691502,0.46123278596989026,0.31396263286017545,0.26472663,0.3187946312,0.007016341318554938,0.40278516814214954,0.25266237458633184,0.5222007329343438,0.38999568287584935
-2.0,1.0,3462.5000000000005,6412.5,1710.8112110925624,4272.876005743652,1128.8,0.7639057812222818,0.15470311500000003,0.16739731560000004,1024,2.5735927018207585,0.0,35.56769430527424,32.03481016040107,5.07563628303657,0.0,0.0,True,False,global_rtl_timing_not_closed,3462.5000000000005,4443.957126852908,13.34152410198182,0.44649278596989017,0.7639057812222818,0.15470311500000003,0.16739731560000004,0.0071315222398186835,0.5770833333333334,1.0,0.19059320145688313,0.44649278596989017,0.2556231248891274,0.30940623000000006,0.3347946312000001,0.0071315222398186835,0.41619975340077114,0.26221741703984536,0.5384330030354089,0.406299579643581
-2.0,1.5,3962.4999999999995,6912.5,1710.8112110925624,4965.189435079589,1272.0000000000002,0.7549217442296212,0.17704291499999997,0.17539731560000002,1024,2.5735927018207585,0.0,35.400337272423386,32.03487458438536,4.4742040126276,0.0,0.0,True,False,global_rtl_timing_not_closed,3962.4999999999995,5136.270556188845,13.053896721045247,0.4596194526365569,0.7549217442296212,0.17704291499999997,0.17539731560000002,0.0070131643632906785,0.6604166666666665,1.0,0.18648423887207496,0.4596194526365569,0.21968697691848504,0.35408582999999993,0.35079463120000004,0.0070131643632906785,0.4325803755031853,0.27057155156951057,0.5602588874193706,0.4268037573608763
-2.0,2.0,4462.499999999999,7412.5,1710.8112110925624,5709.458844103026,1432.8000000000002,0.7487166122025876,0.19938271499999996,0.1833973156,1024,2.5735927018207585,0.0,35.396652705567426,32.03498523634765,4.472540723399101,0.0,0.0,True,False,global_rtl_timing_not_closed,4462.499999999999,5880.539965212282,13.04990715933416,0.4743594526365569,0.7487166122025876,0.19938271499999996,0.1833973156,0.007010580791990129,0.7437499999999998,1.0,0.18642724513334513,0.4743594526365569,0.19486644881035042,0.3987654299999999,0.3667946312,0.007010580791990129,0.45125846256722596,0.2814086746007487,0.5838493193894526,0.4489918159976247
-2.0,2.5,4962.499999999999,7912.5,1710.8112110925624,6505.684232813965,1307.1999999999998,0.744125816962127,0.22172251499999998,0.1913973156,1024,2.5735927018207585,0.0,35.39370498303354,32.03514551889503,4.470226625965246,0.0,0.0,True,False,global_rtl_timing_not_closed,4962.499999999999,6676.765353923221,13.046536687950343,0.4628461193032235,0.744125816962127,0.22172251499999998,0.1913973156,0.007008514571839657,0.8270833333333332,1.0,0.18637909554214777,0.4628461193032235,0.17650326784850812,0.44344502999999996,0.3827946312,0.007008514571839657,0.46795921378456073,0.29126008165925427,0.6041483963564744,0.4692011862979799
-2.0,3.0,5462.499999999999,8412.5,1710.8112110925624,7353.865601212402,1146.3999999999999,0.7405690591016031,0.24406231499999997,0.1993973156,1024,2.5735927018207585,0.0,35.55932882334178,32.03533630325224,5.068354252140942,0.0,0.0,True,False,global_rtl_timing_not_closed,5462.499999999999,7524.946722321658,13.331833749583026,0.4481061193032235,0.7405690591016031,0.24406231499999997,0.1993973156,0.007125558872443742,0.9104166666666665,1.0,0.1904547678511861,0.4481061193032235,0.16227623640641253,0.48812462999999995,0.3987946312,0.007125558872443742,0.4857937798143378,0.303036504819671,0.624795425991532,0.4899198425997044
-2.0,3.5,5962.5,8912.5,1710.8112110925624,8254.00294929834,1254.4000000000003,0.737720344394579,0.26640211500000005,0.20739731560000002,1024,2.5735927018207585,0.0,35.40179407174486,32.035590194056404,4.46023287820323,0.0,0.0,True,False,global_rtl_timing_not_closed,5962.5,8425.084070407596,13.052738195899607,0.45800611930322355,0.737720344394579,0.26640211500000005,0.20739731560000002,0.007014186115021818,0.99375,1.0,0.18646768851285153,0.45800611930322355,0.1508813775783162,0.5328042300000001,0.41479463120000004,0.007014186115021818,0.5043370334878691,0.31251261495786453,0.6486039768703512,0.5125680201451903
-2.0,4.0,6462.5,9412.5,1710.8112110925624,9206.096277071776,1415.2000000000005,0.7353806059744372,0.28874191500000007,0.21539731560000003,1024,2.5735927018207585,0.0,35.430736487955755,32.0359710179697,4.448145631684355,0.0,0.0,True,False,global_rtl_timing_not_closed,6462.5,9377.177398181033,13.079358368785051,0.4727461193032235,0.7353806059744372,0.28874191500000007,0.21539731560000003,0.0070345162704134045,1.0,1.0,0.18684797669692932,0.4727461193032235,0.14152242389774905,0.5774838300000001,0.43079463120000006,0.0070345162704134045,0.5092562231813709,0.3166158429877495,0.6545146068284721,0.5247846101033109
-2.0,4.5,6962.499999999999,9912.5,1710.8112110925624,10210.145584532715,1324.7999999999997,0.7334205640764943,0.31108171500000004,0.2233973156,1024,2.5735927018207585,0.0,35.50871689832504,32.03646353039754,4.430242114435768,0.0,210.14558453271457,False,False,timing_limit;global_rtl_timing_not_closed,6962.499999999999,10381.226705641971,13.15388120381158,0.46445945263655686,0.7334205640764943,0.31108171500000004,0.2233973156,0.007089586156517086,1.0,1.0,0.1879125886258797,0.46445945263655686,0.1336822563059772,0.6221634300000001,0.4467946312,0.007089586156517086,0.510949179726375,0.319333570620076,0.655630784756495,0.5339830813646672
-2.0,5.0,7462.499999999999,10412.5,1710.8112110925624,11266.150871681151,1163.9999999999998,0.7317521847888796,0.33342151499999995,0.23139731560000001,1024,2.5735927018207585,0.0,35.847668542500394,32.03696753102844,5.164705409638007,0.0,1266.1508716811513,False,False,timing_limit;global_rtl_timing_not_closed,7462.499999999999,11437.231992790408,13.639851507185105,0.4497194526365569,0.7317521847888796,0.33342151499999995,0.23139731560000001,0.007334007800322182,1.0,1.0,0.19485502153121578,0.4497194526365569,0.12700873915551858,0.6668430299999999,0.46279463120000003,0.007334007800322182,0.5136018584020438,0.3244698538987153,0.6564928774141731,0.5432501340223452
-2.0,5.5,7962.499999999999,10912.5,1710.8112110925624,12374.112138517088,1663.9999999999998,0.7303132194630395,0.35576131499999997,0.2393973156,1024,2.5735927018207585,0.0,36.07190119117283,32.03744121949286,4.700654539618649,0.0,2374.112138517088,False,False,timing_limit;global_rtl_timing_not_closed,7962.499999999999,12545.193259626345,13.771392403969774,0.49555278596989016,0.7303132194630395,0.35576131499999997,0.2393973156,0.00750031783841322,1.0,1.0,0.1967341771995682,0.49555278596989016,0.12125287785215821,0.7115226299999999,0.4787946312,0.00750031783841322,0.5211300055259382,0.3303865895585908,0.6660225023525769,0.5581560522940823
-1.5,-5.5,7712.499999999999,10412.5,1531.5433392496604,11266.150871681151,2163.9999999999995,0.7308345934978917,0.34459141499999996,0.2353973156,1024,2.5735927018207585,0.0,36.067919098029016,32.038807804303765,4.670850791674223,0.0,1266.1508716811513,False,False,timing_limit;global_rtl_timing_not_closed,7712.499999999999,11419.305205606117,13.761791207439801,0.5413861193032234,0.7308345934978917,0.34459141499999996,0.2353973156,0.00749733173657539,1.0,1.0,0.19659701724914003,0.5413861193032234,0.123338373991567,0.6891828299999999,0.4707946312,0.00749733173657539,0.5243703098754215,0.33120322183416767,0.671575196666383,0.5575830999412218
-1.5,-5.0,7212.499999999999,9912.5,1531.5433392496604,10210.145584532715,1663.9999999999998,0.7323443506335223,0.322251615,0.2273973156,1024,2.5735927018207585,0.0,35.86051312504536,32.03856245356878,5.136231205933483,0.0,210.14558453271457,False,False,timing_limit;global_rtl_timing_not_closed,7212.499999999999,10363.29991845768,13.64739997962425,0.49555278596989016,0.7323443506335223,0.322251615,0.2273973156,0.007343434079715047,1.0,1.0,0.194962856851775,0.49555278596989016,0.12937740253408947,0.64450323,0.4547946312,0.007343434079715047,0.5169329695313132,0.3254133748844408,0.6620990085980556,0.5427306185395612
-1.5,-4.5,6712.5,9412.5,1531.5433392496602,9206.096277071776,1824.7999999999997,0.7341002901668399,0.29991181499999997,0.21939731560000003,1024,2.5735927018207585,0.0,35.540923848112506,32.03826687150404,4.391974329379291,0.0,0.0,True,False,global_rtl_timing_not_closed,6712.5,9359.250610996742,13.178885431864375,0.5102927859698901,0.7341002901668399,0.29991181499999997,0.21939731560000003,0.007112456360258801,1.0,1.0,0.1882697918837768,0.5102927859698901,0.13640116066735963,0.5998236299999999,0.43879463120000006,0.007112456360258801,0.514379001330695,0.32040950801161383,0.6612975490286102,0.5335241989701156
-1.5,-4.0,6212.5,8912.5,1531.5433392496602,8254.00294929834,1915.2000000000005,0.7361709907741323,0.277572015,0.21139731560000002,1024,2.5735927018207585,0.0,35.47709816165238,32.03794002120278,4.400409264016153,0.0,0.0,True,False,global_rtl_timing_not_closed,6212.5,8407.157283223305,13.116665019756304,0.5185794526365569,0.7361709907741323,0.277572015,0.21139731560000002,0.007067205182289552,1.0,1.0,0.1873809288536615,0.5185794526365569,0.1446839630965293,0.55514403,0.42279463120000005,0.007067205182289552,0.5127752273649528,0.3177949628672599,0.6602437004096171,0.5243880570177892
-1.5,-3.5,5712.499999999999,8412.5,1531.5433392496604,7353.865601212402,1754.4000000000003,0.7386544615488075,0.255232215,0.20339731560000002,1024,2.5735927018207585,0.0,35.45672319586403,32.03766009324581,4.408389735975103,0.0,0.0,True,False,global_rtl_timing_not_closed,5712.499999999999,7507.019935137368,13.097816166370503,0.5038394526365569,0.7386544615488075,0.255232215,0.20339731560000002,0.007052820435321477,0.9520833333333332,1.0,0.18711165951957862,0.5038394526365569,0.15461784619523034,0.51046443,0.40679463120000003,0.007052820435321477,0.49960854653327214,0.30960496220579736,0.6439852958820638,0.5059903591569026
-1.5,-3.0,5212.499999999999,7912.5,1531.5433392496604,6505.684232813965,1646.3999999999999,0.7416967137660709,0.232892415,0.1953973156,1024,2.5735927018207585,0.0,35.61900222967464,32.03746040436647,5.028206202871458,0.0,0.0,True,False,global_rtl_timing_not_closed,5212.499999999999,6658.83856673893,13.384008571340551,0.4939394526365568,0.7416967137660709,0.232892415,0.1953973156,0.0071682066297315055,0.8687499999999998,1.0,0.19120012244772217,0.4939394526365568,0.16678685506428392,0.46578483,0.3907946312,0.0071682066297315055,0.48116845510498774,0.3002139848724633,0.6202644990381706,0.4834299356463429
-1.5,-2.5,4712.499999999999,7412.5,1531.5433392496602,5709.458844103026,1807.1999999999998,0.7455272739337132,0.21055261499999994,0.1873973156,1024,2.5735927018207585,0.0,35.45567012011831,32.03730281665039,4.416316516981908,0.0,0.0,True,False,global_rtl_timing_not_closed,4712.499999999999,5862.613178027992,13.098259127677292,0.5086794526365569,0.7455272739337132,0.21055261499999994,0.1873973156,0.007052077759012951,0.7854166666666665,1.0,0.18711798753824702,0.5086794526365569,0.182109095734853,0.4211052299999999,0.3747946312,0.007052077759012951,0.4634418858909373,0.28848959708925087,0.5997263898374108,0.4628201997789163
-1.5,-2.0,4212.499999999999,6912.5,1531.5433392496602,4965.189435079589,1932.8000000000002,0.7505340910235537,0.18821281499999998,0.1793973156,1024,2.5735927018207585,0.0,35.460337537258404,32.037165757256574,4.418522432805058,0.0,0.0,True,False,global_rtl_timing_not_closed,4212.499999999999,5118.343769004555,13.10333346313356,0.5201927859698903,0.7505340910235537,0.18821281499999998,0.1793973156,0.0070553700261329465,0.7020833333333332,1.0,0.18719047804476513,0.5201927859698903,0.2021363640942151,0.37642562999999996,0.3587946312,0.0070553700261329465,0.44691375124688176,0.2787325930219095,0.5795962170040214,0.44277973361219364
-1.5,-1.5,3712.5,6412.5,1531.5433392496602,4272.876005743652,1772.0000000000002,0.7574448035995867,0.16587301499999998,0.17139731560000002,1024,2.5735927018207585,0.0,35.46496485672646,32.03706854090187,4.419810689084369,0.0,0.0,True,False,global_rtl_timing_not_closed,3712.5,4426.030339668618,13.108194129768801,0.5054527859698902,0.7574448035995867,0.16587301499999998,0.17139731560000002,0.007058635526708028,0.61875,1.0,0.1872599161395543,0.5054527859698902,0.2297792143983468,0.33174602999999997,0.34279463120000003,0.007058635526708028,0.4285210756843831,0.2680423224465529,0.5562892957856092,0.4208751857271146
-1.5,-1.0,3212.4999999999995,5912.5,1531.5433392496602,3632.5185560952145,1628.8,0.767866965853385,0.143533215,0.1633973156,1024,2.5735927018207585,0.0,35.63280749125864,32.03701099928277,5.022135944630629,0.0,0.0,True,False,global_rtl_timing_not_closed,3212.4999999999995,3785.6728900201806,13.396487430005457,0.49232611930322356,0.767866965853385,0.143533215,0.1633973156,0.007178109360409272,0.5354166666666665,1.0,0.19137839185722083,0.49232611930322356,0.2714678634135401,0.28706643,0.3267946312,0.007178109360409272,0.4127181935653559,0.2599803170703361,0.5350396686172467,0.40094726522541896
-1.5,-0.5,2712.5,5412.5,1531.5433392496602,3044.117086134277,1789.6000000000001,0.786599749025329,0.121193415,0.15539731560000003,1024,2.5735927018207585,0.0,35.4701837017835,32.03697717087313,4.420812905150852,0.0,0.0,True,False,global_rtl_timing_not_closed,2712.5,3197.271420059243,13.11359057553195,0.5070661193032235,0.786599749025329,0.121193415,0.15539731560000003,0.007062320280645185,0.45208333333333334,1.0,0.18733700822188498,0.5070661193032235,0.3463989961013163,0.24238683,0.31079463120000006,0.007062320280645185,0.4009627353506564,0.2512547799195376,0.5204665407351692,0.38630251067667476
-1.5,0.0,2212.5,4912.5,1531.54333924966,2507.6715958608397,1950.4,0.8453119015587288,0.09885361499999999,0.14739731560000002,1024,2.5735927018207585,0.0,35.471009292756335,32.03696384768718,4.420940243806647,0.0,0.0,True,False,global_rtl_timing_not_closed,2212.5,2660.825929785806,13.11443830343946,0.5218061193032235,0.8453119015587288,0.09885361499999999,0.14739731560000002,0.007062903363501351,0.36875,1.0,0.18734911862056372,0.5218061193032235,0.5812476062349154,0.19770722999999998,0.29479463120000005,0.007062903363501351,0.406224035605305,0.25237246338886093,0.5222963286092065,0.3880606718840454
-1.5,0.5,2712.5,5412.5,1531.5433392496602,3044.117086134277,1789.6000000000001,0.786599749025329,0.121193415,0.15539731560000003,1024,2.5735927018207585,0.0,35.47018370178346,32.036977170873136,4.420812905150878,0.0,0.0,True,False,global_rtl_timing_not_closed,2712.5,3197.271420059243,13.113590575531921,0.5070661193032235,0.786599749025329,0.121193415,0.15539731560000003,0.007062320280645159,0.45208333333333334,1.0,0.1873370082218846,0.5070661193032235,0.3463989961013163,0.24238683,0.31079463120000006,0.007062320280645159,0.4009627353506563,0.25125477991953743,0.5204665407351692,0.3863025106766747
-1.5,1.0,3212.4999999999995,5912.5,1531.5433392496602,3632.5185560952145,1628.8,0.767866965853385,0.143533215,0.1633973156,1024,2.5735927018207585,0.0,35.63280749125857,32.037010999282764,5.022135944630589,0.0,0.0,True,False,global_rtl_timing_not_closed,3212.4999999999995,3785.6728900201806,13.396487430005376,0.49232611930322356,0.767866965853385,0.143533215,0.1633973156,0.007178109360409221,0.5354166666666665,1.0,0.19137839185721967,0.49232611930322356,0.2714678634135401,0.28706643,0.3267946312,0.007178109360409221,0.41271819356535555,0.25998031707033553,0.5350396686172466,0.40094726522541885
-1.5,1.5,3712.5,6412.5,1531.5433392496602,4272.876005743652,1772.0000000000002,0.7574448035995867,0.16587301499999998,0.17139731560000002,1024,2.5735927018207585,0.0,35.464964856726354,32.03706854090187,4.4198106890843425,0.0,0.0,True,False,global_rtl_timing_not_closed,3712.5,4426.030339668618,13.108194129768691,0.5054527859698902,0.7574448035995867,0.16587301499999998,0.17139731560000002,0.007058635526707952,0.61875,1.0,0.18725991613955273,0.5054527859698902,0.2297792143983468,0.33174602999999997,0.34279463120000003,0.007058635526707952,0.42852107568438264,0.2680423224465522,0.5562892957856089,0.4208751857271144
-1.5,2.0,4212.499999999999,6912.5,1531.5433392496602,4965.189435079589,1932.8000000000002,0.7505340910235537,0.18821281499999998,0.1793973156,1024,2.5735927018207585,0.0,35.4603375372583,32.03716575725657,4.418522432805112,0.0,0.0,True,False,global_rtl_timing_not_closed,4212.499999999999,5118.343769004555,13.103333463133461,0.5201927859698903,0.7505340910235537,0.18821281499999998,0.1793973156,0.007055370026132872,0.7020833333333332,1.0,0.18719047804476374,0.5201927859698903,0.2021363640942151,0.37642562999999996,0.3587946312,0.007055370026132872,0.44691375124688143,0.27873259302190884,0.5795962170040212,0.4427797336121935
-1.5,2.5,4712.499999999999,7412.5,1531.5433392496602,5709.458844103026,1807.1999999999998,0.7455272739337132,0.21055261499999994,0.1873973156,1024,2.5735927018207585,0.0,35.45567012011826,32.03730281665039,4.416316516981961,0.0,0.0,True,False,global_rtl_timing_not_closed,4712.499999999999,5862.613178027992,13.098259127677252,0.5086794526365569,0.7455272739337132,0.21055261499999994,0.1873973156,0.007052077759012914,0.7854166666666665,1.0,0.18711798753824646,0.5086794526365569,0.182109095734853,0.4211052299999999,0.3747946312,0.007052077759012914,0.4634418858909372,0.28848959708925065,0.5997263898374108,0.4628201997789163
-1.5,3.0,5212.499999999999,7912.5,1531.5433392496604,6505.684232813965,1646.3999999999999,0.7416967137660709,0.232892415,0.1953973156,1024,2.5735927018207585,0.0,35.61900222967462,32.03746040436647,5.0282062028713534,0.0,0.0,True,False,global_rtl_timing_not_closed,5212.499999999999,6658.83856673893,13.384008571340509,0.4939394526365568,0.7416967137660709,0.232892415,0.1953973156,0.0071682066297314865,0.8687499999999998,1.0,0.19120012244772155,0.4939394526365568,0.16678685506428392,0.46578483,0.3907946312,0.0071682066297314865,0.48116845510498757,0.30021398487246304,0.6202644990381706,0.4834299356463428
-1.5,3.5,5712.499999999999,8412.5,1531.5433392496604,7353.865601212402,1754.4000000000003,0.7386544615488075,0.255232215,0.20339731560000002,1024,2.5735927018207585,0.0,35.45672319586404,32.03766009324582,4.408389735975183,0.0,0.0,True,False,global_rtl_timing_not_closed,5712.499999999999,7507.019935137368,13.097816166370535,0.5038394526365569,0.7386544615488075,0.255232215,0.20339731560000002,0.007052820435321483,0.9520833333333332,1.0,0.18711165951957906,0.5038394526365569,0.15461784619523034,0.51046443,0.40679463120000003,0.007052820435321483,0.49960854653327225,0.3096049622057976,0.6439852958820639,0.5059903591569026
-1.5,4.0,6212.5,8912.5,1531.5433392496602,8254.00294929834,1915.2000000000005,0.7361709907741323,0.277572015,0.21139731560000002,1024,2.5735927018207585,0.0,35.47709816165239,32.03794002120278,4.400409264016339,0.0,0.0,True,False,global_rtl_timing_not_closed,6212.5,8407.157283223305,13.116665019756356,0.5185794526365569,0.7361709907741323,0.277572015,0.21139731560000002,0.007067205182289565,1.0,1.0,0.18738092885366223,0.5185794526365569,0.1446839630965293,0.55514403,0.42279463120000005,0.007067205182289565,0.5127752273649531,0.3177949628672602,0.6602437004096172,0.5243880570177893
-1.5,4.5,6712.5,9412.5,1531.5433392496602,9206.096277071776,1824.7999999999997,0.7341002901668399,0.29991181499999997,0.21939731560000003,1024,2.5735927018207585,0.0,35.540923848112556,32.03826687150404,4.391974329379504,0.0,0.0,True,False,global_rtl_timing_not_closed,6712.5,9359.250610996742,13.178885431864467,0.5102927859698901,0.7341002901668399,0.29991181499999997,0.21939731560000003,0.007112456360258839,1.0,1.0,0.1882697918837781,0.5102927859698901,0.13640116066735963,0.5998236299999999,0.43879463120000006,0.007112456360258839,0.5143790013306954,0.3204095080116145,0.6612975490286103,0.5335241989701158
-1.5,5.0,7212.499999999999,9912.5,1531.5433392496604,10210.145584532715,1663.9999999999998,0.7323443506335223,0.322251615,0.2273973156,1024,2.5735927018207585,0.0,35.8605131250454,32.03856245356879,5.136231205933431,0.0,210.14558453271457,False,False,timing_limit;global_rtl_timing_not_closed,7212.499999999999,10363.29991845768,13.647399979624284,0.49555278596989016,0.7323443506335223,0.322251615,0.2273973156,0.00734343407971508,1.0,1.0,0.19496285685177547,0.49555278596989016,0.12937740253408947,0.64450323,0.4547946312,0.00734343407971508,0.5169329695313133,0.325413374884441,0.6620990085980558,0.5427306185395612
-1.5,5.5,7712.499999999999,10412.5,1531.5433392496604,11266.150871681151,2163.9999999999995,0.7308345934978917,0.34459141499999996,0.2353973156,1024,2.5735927018207585,0.0,36.06791909802903,32.03880780430376,4.670850791674173,0.0,1266.1508716811513,False,False,timing_limit;global_rtl_timing_not_closed,7712.499999999999,11419.305205606117,13.761791207439805,0.5413861193032234,0.7308345934978917,0.34459141499999996,0.2353973156,0.007497331736575397,1.0,1.0,0.19659701724914005,0.5413861193032234,0.123338373991567,0.6891828299999999,0.4707946312,0.007497331736575397,0.5243703098754215,0.33120322183416767,0.671575196666383,0.5575830999412218
-1.0,-5.5,7578.125,9912.5,1293.1271145463618,10210.145584532715,2663.9999999999995,0.7309893546741648,0.3385875937500001,0.2332473156,1024,2.5735927018207585,0.0,36.24690808758094,32.039647776823685,5.273699226547984,0.0,210.14558453271457,False,False,timing_limit;global_rtl_timing_not_closed,7578.125,10339.458295987351,14.061559877096458,0.5872194526365568,0.7309893546741648,0.3385875937500001,0.2332473156,0.007632733879513297,1.0,1.0,0.2008794268156637,0.5872194526365568,0.12395741869665944,0.6771751875000002,0.4664946312,0.007632733879513297,0.529284308160189,0.3346646233446121,0.6781317300756915,0.5597872024338637
-1.0,-5.0,7078.125,9412.5,1293.1271145463618,9206.096277071776,2163.9999999999995,0.7325062472758496,0.31624779375000006,0.22524731560000003,1024,2.5735927018207585,0.0,36.08400239802245,32.03949545478627,5.990254687150855,0.0,0.0,True,False,global_rtl_timing_not_closed,7078.125,9335.408988526413,14.041927199149187,0.5413861193032234,0.7325062472758496,0.31624779375000006,0.22524731560000003,0.0075093996220921486,1.0,1.0,0.20059895998784552,0.5413861193032234,0.13002498910339844,0.6324955875000001,0.45049463120000005,0.0075093996220921486,0.5221913017348327,0.32949147827428005,0.6687952937207126,0.5450744727455513
-1.0,-4.5,6578.125,8912.5,1293.1271145463618,8254.00294929834,2324.7999999999997,0.7342669847547258,0.29390799375000004,0.21724731560000002,1024,2.5735927018207585,0.0,35.73409567996645,32.03929884710877,5.0922794938842095,0.0,0.0,True,False,global_rtl_timing_not_closed,6578.125,8383.315660752976,13.512376290520486,0.5561261193032235,0.7342669847547258,0.29390799375000004,0.21724731560000002,0.007251184588078688,1.0,1.0,0.1930339470074355,0.5561261193032235,0.13706793901890357,0.5878159875000001,0.43449463120000004,0.007251184588078688,0.5194185419778794,0.3240907469220681,0.6679071966625214,0.5357814156873603
-1.0,-4.0,6078.125,8412.5,1293.1271145463618,7353.865601212402,2415.2000000000003,0.7363376495186437,0.27156819375,0.20924731560000004,1024,2.5735927018207585,0.0,35.67755810626262,32.03906400591554,5.0954239773501495,0.0,0.0,True,False,global_rtl_timing_not_closed,6078.125,7483.178312667038,13.456408903211539,0.5644127859698902,0.7363376495186437,0.27156819375,0.20924731560000004,0.0072103038236274765,1.0,1.0,0.19223441290302198,0.5644127859698902,0.14535059807457484,0.5431363875,0.4184946312000001,0.0072103038236274765,0.5178375229475647,0.3215172667083087,0.6668624851194246,0.5266544108109301
-1.0,-3.5,5578.125,7912.5,1293.1271145463618,6505.684232813965,2254.4000000000005,0.7388114844362224,0.24922839375000005,0.20124731560000003,1024,2.5735927018207585,0.0,35.662215604416296,32.0388475044686,5.100134268186045,0.0,0.0,True,False,global_rtl_timing_not_closed,5578.125,6634.996944268601,13.441954334170655,0.5496727859698902,0.7388114844362224,0.24922839375000005,0.20124731560000003,0.007199249895568744,0.9296875,1.0,0.19202791905958078,0.5496727859698902,0.1552459377448896,0.4984567875000001,0.40249463120000006,0.007199249895568744,0.5002038480609301,0.3111146706766641,0.6450077120057092,0.5048999276972145
-1.0,-3.0,5078.125,7412.5,1293.1271145463618,5709.458844103026,2146.3999999999996,0.7418249938757464,0.22688859375000006,0.19324731560000002,1024,2.5735927018207585,0.0,35.86634703065098,32.03868440115735,5.957453492708847,0.0,0.0,True,False,global_rtl_timing_not_closed,5078.125,5838.771555557662,13.817508829482085,0.5397727859698902,0.7418249938757464,0.22688859375000006,0.19324731560000002,0.007347719419731181,0.8463541666666666,1.0,0.1973929832783155,0.5397727859698902,0.1672999755029858,0.4537771875000001,0.38649463120000005,0.007347719419731181,0.48207471817717296,0.30229903203449865,0.6214047323462668,0.4824573213711057
-1.0,-2.5,4578.125,6912.5,1293.1271145463618,4965.189435079589,2307.2,0.7455874993624427,0.20454879375000004,0.18524731560000002,1024,2.5735927018207585,0.0,35.665812978764336,32.038550357977044,5.105557786037423,0.0,0.0,True,False,global_rtl_timing_not_closed,4578.125,5094.502146534225,13.446562125466082,0.5545127859698902,0.7455874993624427,0.20454879375000004,0.18524731560000002,0.007201840201145698,0.7630208333333334,1.0,0.19209374464951545,0.5545127859698902,0.1823499974497711,0.4090975875000001,0.37049463120000004,0.007201840201145698,0.46401367612612626,0.29000738657182745,0.6007162033838028,0.46169716574197506
-1.0,-2.0,4078.125,6412.5,1293.1271145463618,4272.876005743652,2432.8,0.750439926031302,0.18220899375000005,0.1772473156,1024,2.5735927018207585,0.0,35.67172390202157,32.03843016532829,5.1071928821724475,0.0,0.0,True,False,global_rtl_timing_not_closed,4078.125,4402.188717198288,13.452770019788131,0.5660261193032236,0.750439926031302,0.18220899375000005,0.1772473156,0.007206098411993575,0.6796875,1.0,0.19218242885411616,0.5660261193032236,0.20175970412520838,0.3644179875000001,0.3544946312,0.007206098411993575,0.44742793033257156,0.2802269847731726,0.5805259420490158,0.4415966110738545
-1.0,-1.5,3578.1249999999995,5912.5,1293.1271145463618,3632.5185560952145,2272.0000000000005,0.7569848800873921,0.15986919375,0.1692473156,1024,2.5735927018207585,0.0,35.67705466319108,32.03834281827038,5.108171117377603,0.0,0.0,True,False,global_rtl_timing_not_closed,3578.1249999999995,3761.8312675498505,13.458274591234195,0.5512861193032236,0.7569848800873921,0.15986919375,0.1692473156,0.007209940835014386,0.5963541666666666,1.0,0.19226106558905992,0.5512861193032236,0.22793952034956844,0.3197383875,0.3384946312,0.007209940835014386,0.428891308714379,0.26946781726638613,0.5570736661327635,0.41954670849093595
-1.0,-1.0,3078.125,5412.5,1293.1271145463618,3044.117086134277,2128.8,0.7664207781225968,0.13752939375,0.16124731560000002,1024,2.5735927018207585,0.0,35.88404564229808,32.038290299632266,5.959128303479309,0.0,0.0,True,False,global_rtl_timing_not_closed,3078.125,3173.429797588913,13.835443877902005,0.5381594526365568,0.7664207781225968,0.13752939375,0.16124731560000002,0.0073607353778030946,0.5130208333333334,1.0,0.19764919825574293,0.5381594526365568,0.26568311249038734,0.2750587875,0.32249463120000005,0.0073607353778030946,0.41301446721607715,0.26178616881532546,0.5355580650073201,0.39935281403215883
-1.0,-0.5,2578.125,4912.5,1293.1271145463618,2507.6715958608397,2289.6,0.7816178371665904,0.11518959375000003,0.15324731560000002,1024,2.5735927018207585,0.0,35.682803439210495,32.03825912221335,5.108946924154548,0.0,0.0,True,False,global_rtl_timing_not_closed,2578.125,2636.9843073154757,13.464157604594742,0.5528994526365568,0.7816178371665904,0.11518959375000003,0.15324731560000002,0.007214086860126064,0.4296875,1.0,0.19234510863706775,0.5528994526365568,0.32647134866636174,0.23037918750000005,0.30649463120000003,0.007214086860126064,0.3995259569105714,0.25177909725885167,0.5194428339038327,0.38316595626200495
-1.0,0.0,2078.125,4412.5,1293.1271145463618,2023.1820852749022,2450.4,0.8122606088821631,0.09284979375000002,0.14524731560000004,1024,2.5735927018207585,0.0,35.68369593365496,32.038246786475426,5.1090482256395395,0.0,0.0,True,False,global_rtl_timing_not_closed,2078.125,2152.4947967295384,13.465067275401724,0.5676394526365569,0.8122606088821631,0.09284979375000002,0.14524731560000004,0.007214730742103145,0.3463541666666667,1.0,0.19235810393431035,0.5676394526365569,0.44904243552865264,0.18569958750000004,0.2904946312000001,0.007214730742103145,0.3935597321426422,0.24728331492878744,0.5100449609805516,0.3736964566720572
-1.0,0.5,2578.125,4912.5,1293.1271145463618,2507.6715958608397,2289.6,0.7816178371665904,0.11518959375000003,0.15324731560000002,1024,2.5735927018207585,0.0,35.68280343921046,32.03825912221335,5.108946924154628,0.0,0.0,True,False,global_rtl_timing_not_closed,2578.125,2636.9843073154757,13.464157604594723,0.5528994526365568,0.7816178371665904,0.11518959375000003,0.15324731560000002,0.007214086860126039,0.4296875,1.0,0.19234510863706747,0.5528994526365568,0.32647134866636174,0.23037918750000005,0.30649463120000003,0.007214086860126039,0.3995259569105714,0.2517790972588515,0.5194428339038327,0.38316595626200495
-1.0,1.0,3078.125,5412.5,1293.1271145463618,3044.117086134277,2128.8,0.7664207781225968,0.13752939375,0.16124731560000002,1024,2.5735927018207585,0.0,35.88404564229803,32.03829029963227,5.959128303479418,0.0,0.0,True,False,global_rtl_timing_not_closed,3078.125,3173.429797588913,13.835443877901978,0.5381594526365568,0.7664207781225968,0.13752939375,0.16124731560000002,0.007360735377803062,0.5130208333333334,1.0,0.19764919825574254,0.5381594526365568,0.26568311249038734,0.2750587875,0.32249463120000005,0.007360735377803062,0.41301446721607704,0.2617861688153253,0.5355580650073201,0.39935281403215883
-1.0,1.5,3578.1249999999995,5912.5,1293.1271145463618,3632.5185560952145,2272.0000000000005,0.7569848800873921,0.15986919375,0.1692473156,1024,2.5735927018207585,0.0,35.67705466319103,32.03834281827039,5.1081711173777355,0.0,0.0,True,False,global_rtl_timing_not_closed,3578.1249999999995,3761.8312675498505,13.458274591234172,0.5512861193032236,0.7569848800873921,0.15986919375,0.1692473156,0.007209940835014347,0.5963541666666666,1.0,0.19226106558905962,0.5512861193032236,0.22793952034956844,0.3197383875,0.3384946312,0.007209940835014347,0.4288913087143789,0.26946781726638597,0.5570736661327635,0.41954670849093584
-1.0,2.0,4078.125,6412.5,1293.1271145463618,4272.876005743652,2432.8,0.750439926031302,0.18220899375000005,0.1772473156,1024,2.5735927018207585,0.0,35.671723902021526,32.03843016532829,5.107192882172501,0.0,0.0,True,False,global_rtl_timing_not_closed,4078.125,4402.188717198288,13.4527700197881,0.5660261193032236,0.750439926031302,0.18220899375000005,0.1772473156,0.007206098411993543,0.6796875,1.0,0.1921824288541157,0.5660261193032236,0.20175970412520838,0.3644179875000001,0.3544946312,0.007206098411993543,0.44742793033257144,0.2802269847731723,0.5805259420490156,0.4415966110738545
-1.0,2.5,4578.125,6912.5,1293.1271145463618,4965.189435079589,2307.2,0.7455874993624427,0.20454879375000004,0.18524731560000002,1024,2.5735927018207585,0.0,35.66581297876433,32.038550357977044,5.105557786037556,0.0,0.0,True,False,global_rtl_timing_not_closed,4578.125,5094.502146534225,13.446562125466102,0.5545127859698902,0.7455874993624427,0.20454879375000004,0.18524731560000002,0.007201840201145692,0.7630208333333334,1.0,0.19209374464951573,0.5545127859698902,0.1823499974497711,0.4090975875000001,0.37049463120000004,0.007201840201145692,0.4640136761261263,0.2900073865718276,0.6007162033838028,0.46169716574197506
-1.0,3.0,5078.125,7412.5,1293.1271145463618,5709.458844103026,2146.3999999999996,0.7418249938757464,0.22688859375000006,0.19324731560000002,1024,2.5735927018207585,0.0,35.86634703065098,32.03868440115734,5.957453492708816,0.0,0.0,True,False,global_rtl_timing_not_closed,5078.125,5838.771555557662,13.817508829482076,0.5397727859698902,0.7418249938757464,0.22688859375000006,0.19324731560000002,0.007347719419731181,0.8463541666666666,1.0,0.19739298327831536,0.5397727859698902,0.1672999755029858,0.4537771875000001,0.38649463120000005,0.007347719419731181,0.48207471817717296,0.30229903203449865,0.6214047323462668,0.4824573213711057
-1.0,3.5,5578.125,7912.5,1293.1271145463618,6505.684232813965,2254.4000000000005,0.7388114844362224,0.24922839375000005,0.20124731560000003,1024,2.5735927018207585,0.0,35.66221560441637,32.0388475044686,5.100134268186125,0.0,0.0,True,False,global_rtl_timing_not_closed,5578.125,6634.996944268601,13.441954334170742,0.5496727859698902,0.7388114844362224,0.24922839375000005,0.20124731560000003,0.007199249895568795,0.9296875,1.0,0.19202791905958203,0.5496727859698902,0.1552459377448896,0.4984567875000001,0.40249463120000006,0.007199249895568795,0.5002038480609303,0.3111146706766647,0.6450077120057092,0.5048999276972146
-1.0,4.0,6078.125,8412.5,1293.1271145463618,7353.865601212402,2415.2000000000003,0.7363376495186437,0.27156819375,0.20924731560000004,1024,2.5735927018207585,0.0,35.677558106262744,32.03906400591554,5.095423977350283,0.0,0.0,True,False,global_rtl_timing_not_closed,6078.125,7483.178312667038,13.456408903211686,0.5644127859698902,0.7363376495186437,0.27156819375,0.20924731560000004,0.007210303823627566,1.0,1.0,0.1922344129030241,0.5644127859698902,0.14535059807457484,0.5431363875,0.4184946312000001,0.007210303823627566,0.5178375229475652,0.32151726670830966,0.6668624851194248,0.5266544108109303
-1.0,4.5,6578.125,8912.5,1293.1271145463618,8254.00294929834,2324.7999999999997,0.7342669847547258,0.29390799375000004,0.21724731560000002,1024,2.5735927018207585,0.0,35.7340956799666,32.039298847108775,5.092279493884397,0.0,0.0,True,False,global_rtl_timing_not_closed,6578.125,8383.315660752976,13.512376290520674,0.5561261193032235,0.7342669847547258,0.29390799375000004,0.21724731560000002,0.007251184588078797,1.0,1.0,0.1930339470074382,0.5561261193032235,0.13706793901890357,0.5878159875000001,0.43449463120000004,0.007251184588078797,0.5194185419778801,0.3240907469220693,0.6679071966625216,0.5357814156873605
-1.0,5.0,7078.125,9412.5,1293.1271145463618,9206.096277071776,2163.9999999999995,0.7325062472758496,0.31624779375000006,0.22524731560000003,1024,2.5735927018207585,0.0,36.08400239802256,32.03949545478627,5.9902546871509,0.0,0.0,True,False,global_rtl_timing_not_closed,7078.125,9335.408988526413,14.04192719914931,0.5413861193032234,0.7325062472758496,0.31624779375000006,0.22524731560000003,0.007509399622092228,1.0,1.0,0.20059895998784727,0.5413861193032234,0.13002498910339844,0.6324955875000001,0.45049463120000005,0.007509399622092228,0.5221913017348332,0.32949147827428094,0.6687952937207128,0.5450744727455515
-1.0,5.5,7578.125,9912.5,1293.1271145463618,10210.145584532715,2663.9999999999995,0.7309893546741648,0.3385875937500001,0.2332473156,1024,2.5735927018207585,0.0,36.24690808758109,32.03964777682368,5.273699226548097,0.0,210.14558453271457,False,False,timing_limit;global_rtl_timing_not_closed,7578.125,10339.458295987351,14.061559877096629,0.5872194526365568,0.7309893546741648,0.3385875937500001,0.2332473156,0.007632733879513406,1.0,1.0,0.20087942681566612,0.5872194526365568,0.12395741869665944,0.6771751875000002,0.4664946312,0.007632733879513406,0.5292843081601896,0.3346646233446133,0.6781317300756918,0.5597872024338639
-0.5,-5.5,7453.125,9412.5,1194.1875834118357,9206.096277071776,3163.9999999999995,0.7312943289395828,0.33300264375000005,0.2312473156,1024,2.5735927018207585,0.0,36.088927051730614,32.04015185688228,4.654339191010215,0.0,0.0,True,False,global_rtl_timing_not_closed,7453.125,9325.51503541296,13.779832854153227,0.6330527859698901,0.7312943289395828,0.33300264375000005,0.2312473156,0.007513098652108984,1.0,1.0,0.1968547550593318,0.6330527859698901,0.12517731575833135,0.6660052875000001,0.4624946312,0.007513098652108984,0.532213004737866,0.33442376052853223,0.6839617758448553,0.5614085915363609
-0.5,-5.0,6953.125,8912.5,1194.1875834118357,8254.00294929834,2663.9999999999995,0.7328575642498983,0.31066284375,0.22324731560000002,1024,2.5735927018207585,0.0,35.890295142715665,32.04004270321736,5.118244782505145,0.0,0.0,True,False,global_rtl_timing_not_closed,6953.125,8373.421707639523,13.673954775021034,0.5872194526365568,0.7328575642498983,0.31066284375,0.22324731560000002,0.007365336907398122,1.0,1.0,0.19534221107172905,0.5872194526365568,0.13143025699959354,0.6213256875,0.44649463120000005,0.007365336907398122,0.5248280733572871,0.3287005637805653,0.6745194474829859,0.5465899698411579
-0.5,-4.5,6453.125,8412.5,1194.1875834118357,7353.865601212402,2824.7999999999997,0.7346771204893207,0.2883230437500001,0.21524731560000002,1024,2.5735927018207585,0.0,35.58258560168414,32.039895694265766,4.326600040645059,0.0,0.0,True,False,global_rtl_timing_not_closed,6453.125,7473.284359553586,13.20787953337959,0.6019594526365568,0.7346771204893207,0.2883230437500001,0.21524731560000002,0.007142149911998293,1.0,1.0,0.18868399333399413,0.6019594526365568,0.1387084819572828,0.5766460875000002,0.43049463120000003,0.007142149911998293,0.5223090427190823,0.32372665964738906,0.6737473088552112,0.5374128712133833
-0.5,-4.0,5953.125,7912.5,1194.1875834118357,6505.684232813965,2915.2000000000003,0.7368244269681737,0.26598324375000004,0.20724731560000004,1024,2.5735927018207585,0.0,35.529110299876734,32.039711144418426,4.323768158450735,0.0,0.0,True,False,global_rtl_timing_not_closed,5953.125,6625.102991155149,13.153791717671488,0.6102461193032236,0.7368244269681737,0.26598324375000004,0.20724731560000004,0.0071040589867455975,0.9921875,1.0,0.18791131025244984,0.6102461193032236,0.14729770787269514,0.5319664875000001,0.4144946312000001,0.0071040589867455975,0.5192031721143789,0.32039989870474744,0.6707829535923354,0.5271474726171742
-0.5,-3.5,5453.125,7412.5,1194.1875834118357,5709.458844103026,2754.4000000000005,0.7394015045111825,0.24364344375000005,0.19924731560000003,1024,2.5735927018207585,0.0,35.51602284766949,32.03953218133131,4.325215214601524,0.0,0.0,True,False,global_rtl_timing_not_closed,5453.125,5828.87760244421,13.140948935922623,0.5955061193032236,0.7394015045111825,0.24364344375000005,0.19924731560000003,0.007094767664811726,0.9088541666666666,1.0,0.18772784194175177,0.5955061193032236,0.15760601804473007,0.4872868875000001,0.39849463120000006,0.007094767664811726,0.4990125602550479,0.30872658187581503,0.6457166598790389,0.5034835522372112
-0.5,-3.0,4953.125,6912.5,1194.1875834118357,4965.189435079589,2646.3999999999996,0.7425602392888561,0.22130364375000008,0.19124731560000002,1024,2.5735927018207585,0.0,35.68283178031843,32.039391919236245,5.032446179302317,0.0,0.0,True,False,global_rtl_timing_not_closed,4953.125,5084.608193420773,13.449168995987955,0.5856061193032235,0.7425602392888561,0.22130364375000008,0.19124731560000002,0.007214107305676469,0.8255208333333334,1.0,0.1921309856569708,0.5856061193032235,0.17024095715542442,0.44260728750000017,0.38249463120000005,0.007214107305676469,0.4806981273923418,0.2995012980980379,0.6220741218103404,0.4810013875018457
-0.5,-2.5,4453.125,6412.5,1194.1875834118357,4272.876005743652,2807.2,0.7465392619763109,0.19896384375000004,0.18324731560000002,1024,2.5735927018207585,0.0,35.52184665796472,32.039273087495516,4.328010528509589,0.0,0.0,True,False,global_rtl_timing_not_closed,4453.125,4392.294764084836,13.14726703554052,0.6003461193032235,0.7465392619763109,0.19896384375000004,0.18324731560000002,0.007098900726300077,0.7421875,1.0,0.1878181005077217,0.6003461193032235,0.1861570479052439,0.39792768750000007,0.36649463120000003,0.007098900726300077,0.4629733478554072,0.2877029496691581,0.6015723687080952,0.46042800773293396
-0.5,-2.0,3953.1249999999995,5912.5,1194.1875834118357,3632.5185560952145,2932.8,0.7517419098025893,0.17662404374999996,0.1752473156,1024,2.5735927018207585,0.0,35.528381860276845,32.0391640306776,4.328993751734963,0.0,0.0,True,False,global_rtl_timing_not_closed,3953.1249999999995,3751.937314436398,13.153971618293237,0.6118594526365568,0.7517419098025893,0.17662404374999996,0.1752473156,0.007103541517804478,0.6588541666666666,1.0,0.18791388026133196,0.6118594526365568,0.2069676392103572,0.3532480874999999,0.3504946312,0.007103541517804478,0.44652950267013813,0.27799586161517265,0.5815229245202094,0.4404682702117148
-0.5,-1.5,3453.125,5412.5,1194.1875834118357,3044.117086134277,2772.0000000000005,0.7589258796263351,0.15428424375,0.16724731560000003,1024,2.5735927018207585,0.0,35.53407168430712,32.03908329778792,4.329610393699554,0.0,0.0,True,False,global_rtl_timing_not_closed,3453.125,3163.5358444754606,13.159764587494012,0.5971194526365569,0.7589258796263351,0.15428424375,0.16724731560000003,0.007107584457999127,0.5755208333333334,1.0,0.18799663696420016,0.5971194526365569,0.23570351850534044,0.3085684875,0.33449463120000006,0.007107584457999127,0.4282495374027063,0.26736639135091805,0.5583266769336709,0.41867439595850975
-0.5,-1.0,2953.125,4912.5,1194.1875834118357,2507.6715958608397,2628.8,0.769774886622297,0.13194444375,0.15924731560000002,1024,2.5735927018207585,0.0,35.70247807325896,32.03903417399578,5.012200916026277,0.0,0.0,True,False,global_rtl_timing_not_closed,2953.125,2627.0903542020233,13.46467679996316,0.5839927859698902,0.769774886622297,0.13194444375,0.15924731560000002,0.007228294283732784,0.4921875,1.0,0.1923525257137594,0.5839927859698902,0.2790995464891881,0.2638888875,0.31849463120000004,0.007228294283732784,0.41267687003772097,0.25949683798589224,0.5372715907649648,0.39894101645647045
-0.5,-0.5,2453.125,4412.5,1194.1875834118357,2023.1820852749022,2789.6,0.7894082879376598,0.10960464375000002,0.15124731560000002,1024,2.5735927018207585,0.0,35.54009344191157,32.03900479893074,4.330115525929822,0.0,0.0,True,False,global_rtl_timing_not_closed,2453.125,2142.600843616086,13.165867746830223,0.5987327859698902,0.7894082879376598,0.10960464375000002,0.15124731560000002,0.007111865761994422,0.4088541666666667,1.0,0.18808382495471748,0.5987327859698902,0.3576331517506395,0.21920928750000004,0.30249463120000003,0.007111865761994422,0.4012247658552651,0.2508490038697149,0.5230359464557857,0.3846337454806244
-0.5,0.0,1953.1249999999998,3912.5,1194.1875834118357,1590.6485543764647,2950.4,0.8544327681590362,0.08726484374999999,0.1432473156,1024,2.5735927018207585,0.0,35.54102051814488,32.03899313610365,4.330182631997595,0.0,0.0,True,False,global_rtl_timing_not_closed,1953.1249999999998,1710.0673127176483,13.166805328570314,0.6134727859698902,0.8544327681590362,0.08726484374999999,0.1432473156,0.007112525116729799,0.3255208333333333,1.0,0.1880972189795759,0.6134727859698902,0.6177310726361451,0.17452968749999997,0.2864946312,0.007112525116729799,0.4090113257188372,0.2532297457627902,0.5273907975812255,0.38891696993939767
-0.5,0.5,2453.125,4412.5,1194.1875834118357,2023.1820852749022,2789.6,0.7894082879376598,0.10960464375000002,0.15124731560000002,1024,2.5735927018207585,0.0,35.5400934419115,32.03900479893074,4.330115525929662,0.0,0.0,True,False,global_rtl_timing_not_closed,2453.125,2142.600843616086,13.16586774683012,0.5987327859698902,0.7894082879376598,0.10960464375000002,0.15124731560000002,0.0071118657619943714,0.4088541666666667,1.0,0.188083824954716,0.5987327859698902,0.3576331517506395,0.21920928750000004,0.30249463120000003,0.0071118657619943714,0.40122476585526473,0.2508490038697142,0.5230359464557855,0.38463374548062423
-0.5,1.0,2953.125,4912.5,1194.1875834118357,2507.6715958608397,2628.8,0.769774886622297,0.13194444375,0.15924731560000002,1024,2.5735927018207585,0.0,35.70247807325888,32.03903417399578,5.012200916026118,0.0,0.0,True,False,global_rtl_timing_not_closed,2953.125,2627.0903542020233,13.46467679996305,0.5839927859698902,0.769774886622297,0.13194444375,0.15924731560000002,0.007228294283732726,0.4921875,1.0,0.19235252571375785,0.5839927859698902,0.2790995464891881,0.2638888875,0.31849463120000004,0.007228294283732726,0.4126768700377206,0.25949683798589146,0.5372715907649647,0.39894101645647034
-0.5,1.5,3453.125,5412.5,1194.1875834118357,3044.117086134277,2772.0000000000005,0.7589258796263351,0.15428424375,0.16724731560000003,1024,2.5735927018207585,0.0,35.534071684307115,32.03908329778792,4.329610393699687,0.0,0.0,True,False,global_rtl_timing_not_closed,3453.125,3163.5358444754606,13.159764587494031,0.5971194526365569,0.7589258796263351,0.15428424375,0.16724731560000003,0.0071075844579991205,0.5755208333333334,1.0,0.18799663696420044,0.5971194526365569,0.23570351850534044,0.3085684875,0.33449463120000006,0.0071075844579991205,0.42824953740270644,0.2673663913509182,0.558326676933671,0.41867439595850975
-0.5,2.0,3953.1249999999995,5912.5,1194.1875834118357,3632.5185560952145,2932.8,0.7517419098025893,0.17662404374999996,0.1752473156,1024,2.5735927018207585,0.0,35.528381860276816,32.03916403067759,4.328993751734962,0.0,0.0,True,False,global_rtl_timing_not_closed,3953.1249999999995,3751.937314436398,13.153971618293205,0.6118594526365568,0.7517419098025893,0.17662404374999996,0.1752473156,0.007103541517804459,0.6588541666666666,1.0,0.18791388026133152,0.6118594526365568,0.2069676392103572,0.3532480874999999,0.3504946312,0.007103541517804459,0.446529502670138,0.2779958616151724,0.5815229245202093,0.4404682702117147
-0.5,2.5,4453.125,6412.5,1194.1875834118357,4272.876005743652,2807.2,0.7465392619763109,0.19896384375000004,0.18324731560000002,1024,2.5735927018207585,0.0,35.52184665796478,32.03927308749552,4.328010528509749,0.0,0.0,True,False,global_rtl_timing_not_closed,4453.125,4392.294764084836,13.14726703554061,0.6003461193032235,0.7465392619763109,0.19896384375000004,0.18324731560000002,0.0070989007263001155,0.7421875,1.0,0.187818100507723,0.6003461193032235,0.1861570479052439,0.39792768750000007,0.36649463120000003,0.0070989007263001155,0.46297334785540756,0.28770294966915877,0.6015723687080953,0.4604280077329341
-0.5,3.0,4953.125,6912.5,1194.1875834118357,4965.189435079589,2646.3999999999996,0.7425602392888561,0.22130364375000008,0.19124731560000002,1024,2.5735927018207585,0.0,35.682831780318466,32.039391919236245,5.0324461793022115,0.0,0.0,True,False,global_rtl_timing_not_closed,4953.125,5084.608193420773,13.44916899598797,0.5856061193032235,0.7425602392888561,0.22130364375000008,0.19124731560000002,0.007214107305676495,0.8255208333333334,1.0,0.19213098565697098,0.5856061193032235,0.17024095715542442,0.44260728750000017,0.38249463120000005,0.007214107305676495,0.48069812739234186,0.29950129809803794,0.6220741218103404,0.4810013875018457
-0.5,3.5,5453.125,7412.5,1194.1875834118357,5709.458844103026,2754.4000000000005,0.7394015045111825,0.24364344375000005,0.19924731560000003,1024,2.5735927018207585,0.0,35.516022847669575,32.03953218133131,4.32521521460163,0.0,0.0,True,False,global_rtl_timing_not_closed,5453.125,5828.87760244421,13.14094893592273,0.5955061193032236,0.7394015045111825,0.24364344375000005,0.19924731560000003,0.007094767664811788,0.9088541666666666,1.0,0.18772784194175327,0.5955061193032236,0.15760601804473007,0.4872868875000001,0.39849463120000006,0.007094767664811788,0.49901256025504825,0.3087265818758157,0.6457166598790391,0.5034835522372114
-0.5,4.0,5953.125,7912.5,1194.1875834118357,6505.684232813965,2915.2000000000003,0.7368244269681737,0.26598324375000004,0.20724731560000004,1024,2.5735927018207585,0.0,35.52911029987688,32.039711144418426,4.323768158450815,0.0,0.0,True,False,global_rtl_timing_not_closed,5953.125,6625.102991155149,13.153791717671654,0.6102461193032236,0.7368244269681737,0.26598324375000004,0.20724731560000004,0.007104058986745705,0.9921875,1.0,0.1879113102524522,0.6102461193032236,0.14729770787269514,0.5319664875000001,0.4144946312000001,0.007104058986745705,0.5192031721143795,0.3203998987047486,0.6707829535923356,0.5271474726171744
-0.5,4.5,6453.125,8412.5,1194.1875834118357,7353.865601212402,2824.7999999999997,0.7346771204893207,0.2883230437500001,0.21524731560000002,1024,2.5735927018207585,0.0,35.5825856016843,32.039895694265766,4.3266000406450855,0.0,0.0,True,False,global_rtl_timing_not_closed,6453.125,7473.284359553586,13.20787953337976,0.6019594526365568,0.7346771204893207,0.2883230437500001,0.21524731560000002,0.007142149911998414,1.0,1.0,0.18868399333399657,0.6019594526365568,0.1387084819572828,0.5766460875000002,0.43049463120000003,0.007142149911998414,0.522309042719083,0.3237266596473901,0.6737473088552114,0.5374128712133835
-0.5,5.0,6953.125,8912.5,1194.1875834118357,8254.00294929834,2663.9999999999995,0.7328575642498983,0.31066284375,0.22324731560000002,1024,2.5735927018207585,0.0,35.89029514271581,32.04004270321737,5.1182447825051725,0.0,0.0,True,False,global_rtl_timing_not_closed,6953.125,8373.421707639523,13.673954775021183,0.5872194526365568,0.7328575642498983,0.31066284375,0.22324731560000002,0.007365336907398227,1.0,1.0,0.1953422110717312,0.5872194526365568,0.13143025699959354,0.6213256875,0.44649463120000005,0.007365336907398227,0.5248280733572876,0.32870056378056617,0.6745194474829861,0.5465899698411582
-0.5,5.5,7453.125,9412.5,1194.1875834118357,9206.096277071776,3163.9999999999995,0.7312943289395828,0.33300264375000005,0.2312473156,1024,2.5735927018207585,0.0,36.08892705173075,32.04015185688228,4.654339191010188,0.0,0.0,True,False,global_rtl_timing_not_closed,7453.125,9325.51503541296,13.779832854153359,0.6330527859698901,0.7312943289395828,0.33300264375000005,0.2312473156,0.007513098652109085,1.0,1.0,0.1968547550593337,0.6330527859698901,0.12517731575833135,0.6660052875000001,0.4624946312,0.007513098652109085,0.5322130047378665,0.33442376052853307,0.6839617758448555,0.561408591536361
-0.4,-0.4,2350.0,4212.5,1161.1551360606386,1843.9339553530272,2789.6,0.7928849763313959,0.10499706000000002,0.14959731560000003,1024,2.5735927018207585,0.0,35.54521034214071,32.03912810725743,4.318184864366263,0.0,0.0,True,False,global_rtl_timing_not_closed,2350.0,1960.049468959091,13.168629341828323,0.5987327859698902,0.7928849763313959,0.10499706000000002,0.14959731560000003,0.007115505763946058,0.39166666666666666,1.0,0.18812327631183318,0.5987327859698902,0.3715399053255837,0.20999412000000003,0.29919463120000006,0.007115505763946058,0.39856240967723366,0.24921831428455452,0.5195081155740892,0.381243147848928
-0.4,-0.3,2250.0,4112.5,1161.1551360606384,1757.4272491733398,2750.4000000000005,0.7998109386614509,0.10052910000000001,0.1479973156,1024,2.5735927018207585,0.0,35.545502348511896,32.03912450342059,4.318202032348568,0.0,0.0,True,False,global_rtl_timing_not_closed,2250.0,1873.5427627794036,13.168923880836756,0.5951394526365569,0.7998109386614509,0.10052910000000001,0.1479973156,0.0071157135442814325,0.375,1.0,0.18812748401195364,0.5951394526365569,0.39924375464580386,0.20105820000000002,0.2959946312,0.0071157135442814325,0.39703440464565265,0.2481523124383535,0.5169664689984733,0.3790142426066455
-0.4,-0.2,2150.0000000000005,4012.5,1161.1551360606386,1672.9987821811521,2850.4,0.8086264690899099,0.09606114000000002,0.14639731560000002,1024,2.5735927018207585,0.0,35.70988734400421,32.03912294368445,5.005327563937263,0.0,0.0,True,False,global_rtl_timing_not_closed,2150.0000000000005,1789.114295787216,13.470733592712772,0.6043061193032235,0.8086264690899099,0.09606114000000002,0.14639731560000002,0.00723365190722929,0.3583333333333334,1.0,0.19243905132446817,0.6043061193032235,0.43450587635963966,0.19212228000000003,0.29279463120000004,0.00723365190722929,0.39862683981479297,0.25006408215393305,0.5175312721525892,0.37925378709409463
-0.4,-0.1,2050.0,3912.5,1161.1551360606384,1590.6485543764647,2950.4,0.8204789752837452,0.09159318000000001,0.14479731560000003,1024,2.5735927018207585,0.0,35.545677566439686,32.03912234477606,4.31821223984114,0.0,0.0,True,False,global_rtl_timing_not_closed,2050.0,1706.7640679825286,13.16910060060193,0.6134727859698902,0.8204789752837452,0.09159318000000001,0.14479731560000003,0.007115838225431942,0.3416666666666667,1.0,0.18813000858002757,0.6134727859698902,0.4819159011349812,0.18318636000000002,0.28959463120000006,0.007115838225431942,0.39925533757137055,0.24865682208800904,0.5184370170049226,0.37983427327976155
-0.4,-0.0,1950.0,3812.5,1161.1551360606384,1510.3765657592771,3050.4,0.8378214750158137,0.08712522,0.1431973156,1024,2.5735927018207585,0.0,35.545735973805364,32.039121625840025,4.318215626767819,0.0,0.0,True,False,global_rtl_timing_not_closed,1950.0,1626.492079365341,13.169159505618934,0.6226394526365568,0.8378214750158137,0.08712522,0.1431973156,0.007115879787289854,0.325,1.0,0.18813085008027047,0.6226394526365568,0.5512859000632551,0.17425044,0.2863946312,0.007115879787289854,0.4031690893287778,0.2503105796885703,0.5219756404592005,0.38304763806737274
-0.4,0.1,2050.0,3912.5,1161.1551360606384,1590.6485543764647,2950.4,0.8204789752837452,0.09159318000000001,0.14479731560000003,1024,2.5735927018207585,0.0,35.54567756643968,32.03912234477607,4.3182122398410865,0.0,0.0,True,False,global_rtl_timing_not_closed,2050.0,1706.7640679825286,13.169100600601913,0.6134727859698902,0.8204789752837452,0.09159318000000001,0.14479731560000003,0.0071158382254319355,0.3416666666666667,1.0,0.18813000858002735,0.6134727859698902,0.4819159011349812,0.18318636000000002,0.28959463120000006,0.0071158382254319355,0.3992553375713705,0.24865682208800893,0.5184370170049226,0.37983427327976155
-0.4,0.2,2150.0000000000005,4012.5,1161.1551360606386,1672.9987821811521,2850.4,0.8086264690899099,0.09606114000000002,0.14639731560000002,1024,2.5735927018207585,0.0,35.7098873440042,32.03912294368445,5.00532756393737,0.0,0.0,True,False,global_rtl_timing_not_closed,2150.0000000000005,1789.114295787216,13.470733592712786,0.6043061193032235,0.8086264690899099,0.09606114000000002,0.14639731560000002,0.007233651907229284,0.3583333333333334,1.0,0.19243905132446837,0.6043061193032235,0.43450587635963966,0.19212228000000003,0.29279463120000004,0.007233651907229284,0.398626839814793,0.25006408215393316,0.5175312721525892,0.37925378709409463
-0.4,0.3,2250.0,4112.5,1161.1551360606384,1757.4272491733398,2750.4000000000005,0.7998109386614509,0.10052910000000001,0.1479973156,1024,2.5735927018207585,0.0,35.54550234851187,32.03912450342059,4.318202032348461,0.0,0.0,True,False,global_rtl_timing_not_closed,2250.0,1873.5427627794036,13.168923880836706,0.5951394526365569,0.7998109386614509,0.10052910000000001,0.1479973156,0.007115713544281407,0.375,1.0,0.18812748401195295,0.5951394526365569,0.39924375464580386,0.20105820000000002,0.2959946312,0.007115713544281407,0.39703440464565243,0.24815231243835317,0.5169664689984733,0.3790142426066455
-0.4,0.4,2350.0,4212.5,1161.1551360606386,1843.9339553530272,2789.6,0.7928849763313959,0.10499706000000002,0.14959731560000003,1024,2.5735927018207585,0.0,35.54521034214067,32.03912810725743,4.318184864366156,0.0,0.0,True,False,global_rtl_timing_not_closed,2350.0,1960.049468959091,13.16862934182826,0.5987327859698902,0.7928849763313959,0.10499706000000002,0.14959731560000003,0.007115505763946032,0.39166666666666666,1.0,0.18812327631183226,0.5987327859698902,0.3715399053255837,0.20999412000000003,0.29919463120000006,0.007115505763946032,0.39856240967723344,0.24921831428455407,0.519508115574089,0.38124314784892793
-0.3,-0.4,2350.0,4112.5,1130.6110073761,1757.4272491733398,2889.6000000000004,0.790097367463759,0.10499706000000002,0.14959731560000003,1024,2.5735927018207585,0.0,35.548576152168145,32.039219326392086,4.3064273421639765,0.0,0.0,True,False,global_rtl_timing_not_closed,2350.0,1870.4883499109496,13.169666452198962,0.6078994526365569,0.790097367463759,0.10499706000000002,0.14959731560000003,0.007117901111102674,0.39166666666666666,1.0,0.18813809217427088,0.6078994526365569,0.3603894698550363,0.20999412000000003,0.29919463120000006,0.007117901111102674,0.3983679762971707,0.24912627205188873,0.519769673380636,0.3810463723221415
-0.3,-0.3,2250.0,4012.5,1130.6110073761,1672.9987821811521,2850.4000000000005,0.7960777394811805,0.10052910000000001,0.1479973156,1024,2.5735927018207585,0.0,35.548869788314626,32.039215750276334,4.306440636856972,0.0,0.0,True,False,global_rtl_timing_not_closed,2250.0,1786.059882918762,13.169961853255103,0.6043061193032235,0.7960777394811805,0.10052910000000001,0.1479973156,0.00711811012147664,0.375,1.0,0.18814231218935862,0.6043061193032235,0.38431095792472236,0.20105820000000002,0.2959946312,0.00711811012147664,0.39646173834228193,0.247871157930904,0.5168497919729654,0.37843923224780435
-0.3,-0.2,2150.0,3912.5,1130.6110073761001,1590.6485543764647,2950.4,0.8033996322744961,0.09606114000000002,0.14639731560000002,1024,2.5735927018207585,0.0,35.71325556615274,32.03921420245656,5.005256552550894,0.0,0.0,True,False,global_rtl_timing_not_closed,2150.0,1703.7096551140748,13.474110427277058,0.6134727859698902,0.8033996322744961,0.09606114000000002,0.14639731560000002,0.007236088772258255,0.35833333333333334,1.0,0.19248729181824367,0.6134727859698902,0.41359852909798445,0.19212228000000003,0.29279463120000004,0.007236088772258255,0.39746507556524086,0.24949924371938836,0.5168204833190526,0.3780846649272247
-0.3,-0.1,2050.0,3812.5,1130.6110073761001,1510.3765657592771,3050.4,0.8126995000319913,0.09159318000000001,0.14479731560000003,1024,2.5735927018207585,0.0,35.54904597238674,32.03921360808267,4.306448546162221,0.0,0.0,True,False,global_rtl_timing_not_closed,2050.0,1623.4376664968872,13.170139083639855,0.6226394526365568,0.8126995000319913,0.09159318000000001,0.14479731560000003,0.0071182355323441025,0.3416666666666667,1.0,0.18814484405199794,0.6226394526365568,0.45079800012796545,0.18318636000000002,0.28959463120000006,0.0071182355323441025,0.39706416273601947,0.2475664157947607,0.5167018303167638,0.3776407532582693
-0.3,-0.0,1950.0000000000002,3712.5,1130.6110073761,1432.1828163295897,3150.4,0.8251553724047399,0.08712522000000002,0.1431973156,1024,2.5735927018207585,0.0,35.54910469985606,32.03921289460005,4.306451171343078,0.0,0.0,True,False,global_rtl_timing_not_closed,1950.0000000000002,1545.2439170671996,13.170198157774687,0.6318061193032235,0.8251553724047399,0.08712522000000002,0.1431973156,0.007118277336062733,0.325,1.0,0.18814568796820982,0.6318061193032235,0.5006214896189598,0.17425044000000003,0.2863946312,0.007118277336062733,0.3990232641778771,0.24824284905901614,0.5182858030810036,0.37889946735584246
-0.3,0.1,2050.0,3812.5,1130.6110073761001,1510.3765657592771,3050.4,0.8126995000319913,0.09159318000000001,0.14479731560000003,1024,2.5735927018207585,0.0,35.54904597238675,32.03921360808267,4.306448546162194,0.0,0.0,True,False,global_rtl_timing_not_closed,2050.0,1623.4376664968872,13.170139083639857,0.6226394526365568,0.8126995000319913,0.09159318000000001,0.14479731560000003,0.0071182355323441086,0.3416666666666667,1.0,0.18814484405199794,0.6226394526365568,0.45079800012796545,0.18318636000000002,0.28959463120000006,0.0071182355323441086,0.39706416273601947,0.2475664157947607,0.5167018303167638,0.3776407532582693
-0.3,0.2,2150.0,3912.5,1130.6110073761001,1590.6485543764647,2950.4,0.8033996322744961,0.09606114000000002,0.14639731560000002,1024,2.5735927018207585,0.0,35.71325556615273,32.03921420245656,5.005256552550894,0.0,0.0,True,False,global_rtl_timing_not_closed,2150.0,1703.7096551140748,13.47411042727705,0.6134727859698902,0.8033996322744961,0.09606114000000002,0.14639731560000002,0.0072360887722582486,0.35833333333333334,1.0,0.1924872918182436,0.6134727859698902,0.41359852909798445,0.19212228000000003,0.29279463120000004,0.0072360887722582486,0.39746507556524086,0.24949924371938834,0.5168204833190526,0.3780846649272247
-0.3,0.3,2250.0,4012.5,1130.6110073761,1672.9987821811521,2850.4000000000005,0.7960777394811805,0.10052910000000001,0.1479973156,1024,2.5735927018207585,0.0,35.54886978831458,32.039215750276334,4.306440636856972,0.0,0.0,True,False,global_rtl_timing_not_closed,2250.0,1786.059882918762,13.16996185325506,0.6043061193032235,0.7960777394811805,0.10052910000000001,0.1479973156,0.007118110121476609,0.375,1.0,0.188142312189358,0.6043061193032235,0.38431095792472236,0.20105820000000002,0.2959946312,0.007118110121476609,0.3964617383422818,0.24787115793090372,0.5168497919729653,0.37843923224780424
-0.3,0.4,2350.0,4112.5,1130.6110073761,1757.4272491733398,2889.6000000000004,0.790097367463759,0.10499706000000002,0.14959731560000003,1024,2.5735927018207585,0.0,35.54857615216807,32.03921932639208,4.3064273421639765,0.0,0.0,True,False,global_rtl_timing_not_closed,2350.0,1870.4883499109496,13.169666452198882,0.6078994526365569,0.790097367463759,0.10499706000000002,0.14959731560000003,0.007117901111102618,0.39166666666666666,1.0,0.18813809217426974,0.6078994526365569,0.3603894698550363,0.20999412000000003,0.29919463120000006,0.007117901111102618,0.39836797629717036,0.24912627205188823,0.5197696733806358,0.3810463723221414
-0.2,-0.4,2350.0,4012.5,1108.2785074158933,1672.9987821811521,2989.6,0.7882729021053546,0.10499706000000002,0.14959731560000003,1024,2.5735927018207585,0.0,35.71486489517977,32.039258747179225,5.0366581134558785,0.0,0.0,True,False,global_rtl_timing_not_closed,2350.0,1783.8266329227415,13.482011204665755,0.6170661193032235,0.7882729021053546,0.10499706000000002,0.14959731560000003,0.007237253390738799,0.39166666666666666,1.0,0.19260016006665365,0.6170661193032235,0.3530916084214186,0.20999412000000003,0.29919463120000006,0.007237253390738799,0.39968230902153484,0.2512515133210407,0.5208670616404943,0.3816854272486665
-0.2,-0.3,2250.0,3912.5,1108.2785074158933,1590.6485543764647,2950.4,0.7936860610768043,0.10052910000000001,0.1479973156,1024,2.5735927018207585,0.0,35.71515945779,32.039255183140895,5.036668106076582,0.0,0.0,True,False,global_rtl_timing_not_closed,2250.0,1701.4764051180541,13.482306874790542,0.6134727859698902,0.7936860610768043,0.10052910000000001,0.1479973156,0.0072374665763035705,0.375,1.0,0.19260438392557916,0.6134727859698902,0.3747442443072173,0.20105820000000002,0.2959946312,0.0072374665763035705,0.397549187226736,0.24988295915562672,0.5177202956075785,0.37885140254908384
-0.2,-0.2,2150.0,3812.5000000000005,1108.2785074158933,1510.3765657592776,3050.3999999999996,0.800150770423262,0.09606114000000002,0.14639731560000002,1024,2.5735927018207585,0.0,35.91832200829473,32.03925364051287,5.88774958883875,0.0,0.0,True,False,global_rtl_timing_not_closed,2150.0,1621.204416500867,13.855685336190698,0.6226394526365568,0.800150770423262,0.09606114000000002,0.14639731560000002,0.007386008592738828,0.35833333333333334,1.0,0.1979383619455814,0.6226394526365568,0.40060308169304815,0.19212228000000003,0.29279463120000004,0.007386008592738828,0.39845995700529646,0.251790770203873,0.5174485415823168,0.37825438985715565
-0.2,-0.1,2050.0,3712.5000000000005,1108.2785074158933,1432.1828163295902,3150.4,0.8080760293954908,0.09159318000000001,0.14479731560000003,1024,2.5735927018207585,0.0,35.71533619138481,32.03925304811463,5.036674051294874,0.0,0.0,True,False,global_rtl_timing_not_closed,2050.0,1543.0106670711796,13.48248426367244,0.6318061193032235,0.8080760293954908,0.09159318000000001,0.14479731560000003,0.007237594487782413,0.3416666666666667,1.0,0.19260691805246344,0.6318061193032235,0.4323041175819635,0.18318636000000002,0.28959463120000006,0.007237594487782413,0.39725889554374616,0.24913186009209107,0.5166796174099821,0.37716020701815417
-0.2,-0.0,1950.0,3612.5000000000005,1108.2785074158933,1356.0673060874026,3250.4,0.8181440672387904,0.08712522,0.1431973156,1024,2.5735927018207585,0.0,35.71539510097368,32.03925233700802,5.036676024647467,0.0,0.0,True,False,global_rtl_timing_not_closed,1950.0,1466.895156828992,13.482543390155179,0.6409727859698903,0.8181440672387904,0.08712522,0.1431973156,0.007237637124279572,0.325,0.9779301045526613,0.19260776271650257,0.6409727859698903,0.4725762689551618,0.17425044,0.2863946312,0.007237637124279572,0.394952379126958,0.24822723218116774,0.5117909826170294,0.3752567978756356
-0.2,0.1,2050.0,3712.5000000000005,1108.2785074158933,1432.1828163295902,3150.4,0.8080760293954908,0.09159318000000001,0.14479731560000003,1024,2.5735927018207585,0.0,35.71533619138482,32.03925304811463,5.036674051294954,0.0,0.0,True,False,global_rtl_timing_not_closed,2050.0,1543.0106670711796,13.48248426367247,0.6318061193032235,0.8080760293954908,0.09159318000000001,0.14479731560000003,0.007237594487782426,0.3416666666666667,1.0,0.19260691805246385,0.6318061193032235,0.4323041175819635,0.18318636000000002,0.28959463120000006,0.007237594487782426,0.39725889554374627,0.24913186009209126,0.5166796174099821,0.3771602070181543
-0.2,0.2,2150.0,3812.5000000000005,1108.2785074158933,1510.3765657592776,3050.3999999999996,0.800150770423262,0.09606114000000002,0.14639731560000002,1024,2.5735927018207585,0.0,35.91832200829474,32.039253640512875,5.887749588838756,0.0,0.0,True,False,global_rtl_timing_not_closed,2150.0,1621.204416500867,13.855685336190707,0.6226394526365568,0.800150770423262,0.09606114000000002,0.14639731560000002,0.007386008592738835,0.35833333333333334,1.0,0.19793836194558154,0.6226394526365568,0.40060308169304815,0.19212228000000003,0.29279463120000004,0.007386008592738835,0.39845995700529646,0.2517907702038731,0.5174485415823168,0.37825438985715565
-0.2,0.3,2250.0,3912.5,1108.2785074158933,1590.6485543764647,2950.4,0.7936860610768043,0.10052910000000001,0.1479973156,1024,2.5735927018207585,0.0,35.71515945779,32.039255183140895,5.036668106076503,0.0,0.0,True,False,global_rtl_timing_not_closed,2250.0,1701.4764051180541,13.482306874790526,0.6134727859698902,0.7936860610768043,0.10052910000000001,0.1479973156,0.0072374665763035705,0.375,1.0,0.19260438392557894,0.6134727859698902,0.3747442443072173,0.20105820000000002,0.2959946312,0.0072374665763035705,0.3975491872267359,0.2498829591556266,0.5177202956075784,0.37885140254908384
-0.2,0.4,2350.0,4012.5,1108.2785074158933,1672.9987821811521,2989.6,0.7882729021053546,0.10499706000000002,0.14959731560000003,1024,2.5735927018207585,0.0,35.714864895179765,32.03925874717923,5.036658113455824,0.0,0.0,True,False,global_rtl_timing_not_closed,2350.0,1783.8266329227415,13.482011204665739,0.6170661193032235,0.7882729021053546,0.10499706000000002,0.14959731560000003,0.007237253390738792,0.39166666666666666,1.0,0.1926001600666534,0.6170661193032235,0.3530916084214186,0.20999412000000003,0.29919463120000006,0.007237253390738792,0.3996823090215348,0.25125151332104056,0.5208670616404943,0.38168542724866644
-0.1,-0.4,2349.9999999999995,3912.5,1094.6603354465715,1590.6485543764647,3089.6,0.7872373547068775,0.10499706,0.1495973156,1024,2.5735927018207585,0.0,35.55059570420696,32.03927385433443,4.294841991183778,0.0,0.0,True,False,global_rtl_timing_not_closed,2349.9999999999995,1700.114587921122,13.169382566027327,0.6262327859698902,0.7872373547068775,0.10499706,0.1495973156,0.007119338753437568,0.3916666666666666,1.0,0.18813403665753325,0.6262327859698902,0.3489494188275102,0.20999412,0.2991946312,0.007119338753437568,0.3990564344128004,0.24946939871311413,0.5213753346083264,0.38173536688316523
-0.1,-0.3,2250.0,3812.5,1094.6603354465713,1510.3765657592771,3050.4,0.7923459330474362,0.10052910000000001,0.1479973156,1024,2.5735927018207585,0.0,35.550890322992146,32.039270294974465,4.294851298443401,0.0,0.0,True,False,global_rtl_timing_not_closed,2250.0,1619.8425993039343,13.169678156424443,0.6226394526365568,0.7923459330474362,0.10052910000000001,0.1479973156,0.007119548505620883,0.375,1.0,0.18813825937749204,0.6226394526365568,0.36938373218974485,0.20105820000000002,0.2959946312,0.007119548505620883,0.3968014797375653,0.2480399272223107,0.5181067360374882,0.37877950964566043
-0.1,-0.2,2150.0000000000005,3712.5000000000005,1094.6603354465715,1432.1828163295902,3150.4,0.798362458197799,0.09606114000000002,0.14639731560000002,1024,2.5735927018207585,0.0,35.71527657566463,32.039268754357586,5.005214653844044,0.0,0.0,True,False,global_rtl_timing_not_closed,2150.0000000000005,1541.6488498742474,13.476136695022838,0.6318061193032235,0.798362458197799,0.09606114000000002,0.14639731560000002,0.0072375513404702545,0.3583333333333334,1.0,0.19251623850032626,0.6318061193032235,0.3934498327911964,0.19212228000000003,0.29279463120000004,0.0072375513404702545,0.39729092219523726,0.24942179409129522,0.5175585814849927,0.37790609642649814
-0.1,-0.1,2050.0,3612.5000000000005,1094.6603354465715,1356.0673060874026,3250.4,0.8055953376300611,0.09159318000000001,0.14479731560000003,1024,2.5735927018207585,0.0,35.55106708960886,32.03926816272468,4.294856841172805,0.0,0.0,True,False,global_rtl_timing_not_closed,2050.0,1465.5333396320598,13.169855498524589,0.6409727859698903,0.8055953376300611,0.09159318000000001,0.14479731560000003,0.007119674356583378,0.3416666666666667,0.9770222264213732,0.18814079283606555,0.6409727859698903,0.4223813505202445,0.18318636000000002,0.28959463120000006,0.007119674356583378,0.3926082961502276,0.24591182601978828,0.5108653887809538,0.37433431109258664
-0.1,-0.0,1950.0,3512.5,1094.6603354465715,1282.0300350327147,3350.4,0.8145247357654176,0.08712522,0.1431973156,1024,2.5735927018207585,0.0,35.55112601009203,32.03926745253849,4.294858681802164,0.0,0.0,True,False,global_rtl_timing_not_closed,1950.0,1391.496068577372,13.169914609587082,0.6501394526365569,0.8145247357654176,0.08712522,0.1431973156,0.0071197163061722715,0.325,0.927664045718248,0.18814163727981545,0.6501394526365569,0.45809894306167065,0.17425044,0.2863946312,0.0071197163061722715,0.385753080938131,0.2434150556679752,0.49869922673450273,0.36924661748493776
-0.1,0.1,2050.0,3612.5000000000005,1094.6603354465715,1356.0673060874026,3250.4,0.8055953376300611,0.09159318000000001,0.14479731560000003,1024,2.5735927018207585,0.0,35.55106708960887,32.03926816272468,4.294856841172832,0.0,0.0,True,False,global_rtl_timing_not_closed,2050.0,1465.5333396320598,13.169855498524608,0.6409727859698903,0.8055953376300611,0.09159318000000001,0.14479731560000003,0.007119674356583384,0.3416666666666667,0.9770222264213732,0.18814079283606583,0.6409727859698903,0.4223813505202445,0.18318636000000002,0.28959463120000006,0.007119674356583384,0.39260829615022763,0.2459118260197884,0.5108653887809538,0.37433431109258664
-0.1,0.2,2150.0000000000005,3712.5000000000005,1094.6603354465715,1432.1828163295902,3150.4,0.798362458197799,0.09606114000000002,0.14639731560000002,1024,2.5735927018207585,0.0,35.71527657566463,32.039268754357586,5.005214653844098,0.0,0.0,True,False,global_rtl_timing_not_closed,2150.0000000000005,1541.6488498742474,13.476136695022848,0.6318061193032235,0.798362458197799,0.09606114000000002,0.14639731560000002,0.0072375513404702545,0.3583333333333334,1.0,0.1925162385003264,0.6318061193032235,0.3934498327911964,0.19212228000000003,0.29279463120000004,0.0072375513404702545,0.3972909221952374,0.24942179409129533,0.5175585814849927,0.37790609642649814
-0.1,0.3,2250.0,3812.5,1094.6603354465713,1510.3765657592771,3050.4,0.7923459330474362,0.10052910000000001,0.1479973156,1024,2.5735927018207585,0.0,35.550890322992146,32.03927029497446,4.294851298443429,0.0,0.0,True,False,global_rtl_timing_not_closed,2250.0,1619.8425993039343,13.169678156424446,0.6226394526365568,0.7923459330474362,0.10052910000000001,0.1479973156,0.007119548505620883,0.375,1.0,0.1881382593774921,0.6226394526365568,0.36938373218974485,0.20105820000000002,0.2959946312,0.007119548505620883,0.3968014797375653,0.24803992722231072,0.5181067360374882,0.37877950964566043
-0.1,0.4,2349.9999999999995,3912.5,1094.6603354465715,1590.6485543764647,3089.6,0.7872373547068775,0.10499706,0.1495973156,1024,2.5735927018207585,0.0,35.55059570420693,32.03927385433443,4.294841991183858,0.0,0.0,True,False,global_rtl_timing_not_closed,2349.9999999999995,1700.114587921122,13.169382566027306,0.6262327859698902,0.7872373547068775,0.10499706,0.1495973156,0.007119338753437543,0.3916666666666666,1.0,0.18813403665753295,0.6262327859698902,0.3489494188275102,0.20999412,0.2991946312,0.007119338753437543,0.39905643441280036,0.24946939871311402,0.5213753346083264,0.3817353668831652
0.0,-5.5,7450.000000000001,8912.5,1090.083139031147,8254.00294929834,3663.9999999999995,0.7312098697809125,0.33286302000000006,0.23119731560000004,1024,2.5735927018207585,0.0,36.09370414204651,32.04035221424829,4.652585023691284,0.0,0.0,True,False,global_rtl_timing_not_closed,7450.000000000001,8363.011263201453,13.78430920034684,0.6788861193032235,0.7312098697809125,0.33286302000000006,0.23119731560000004,0.007516688584593638,1.0,1.0,0.1969187028620977,0.6788861193032235,0.12483947912365023,0.6657260400000001,0.4623946312000001,0.007516688584593638,0.5367599379766712,0.33670906748620644,0.6907906040832882,0.565897828358127
0.0,-5.0,6949.999999999999,8412.5,1090.083139031147,7353.865601212402,3163.9999999999995,0.7327515658673934,0.31052322,0.2231973156,1024,2.5735927018207585,0.0,35.89595168810881,32.04025819819673,5.116215747142638,0.0,0.0,True,False,global_rtl_timing_not_closed,6949.999999999999,7462.873915115517,13.67925938708652,0.6330527859698901,0.7327515658673934,0.31052322,0.2231973156,0.0073695043222008014,1.0,1.0,0.19541799124409312,0.6330527859698901,0.1310062634695739,0.62104644,0.4463946312,0.0073695043222008014,0.5293694067471898,0.3309870029562553,0.6813408721429602,0.5510718030844658
0.0,-4.5,6449.999999999999,7912.5,1090.083139031147,6505.684232813965,3324.7999999999997,0.7345415401036992,0.28818341999999997,0.2151973156,1024,2.5735927018207585,0.0,35.589542979516224,32.040129179298766,4.291173549244726,0.0,0.0,True,False,global_rtl_timing_not_closed,6449.999999999999,6614.6925467170795,13.207809984189861,0.6477927859698902,0.7345415401036992,0.28818341999999997,0.2151973156,0.007147120704528991,1.0,1.0,0.18868299977414088,0.6477927859698902,0.138166160414797,0.5763668399999999,0.4303946312,0.007147120704528991,0.5268194302124568,0.32597279491850356,0.6805492635096038,0.5418752344511092
0.0,-4.0,5949.999999999999,7412.5,1090.083139031147,5709.458844103026,3415.2000000000003,0.7366469967478242,0.26584361999999995,0.2071973156,1024,2.5735927018207585,0.0,35.537317961018886,32.03996359988338,4.284510274816923,0.0,0.0,True,False,global_rtl_timing_not_closed,5949.999999999999,5818.467158006141,13.154210915953115,0.6560794526365569,0.7366469967478242,0.26584361999999995,0.2071973156,0.007109892151139675,0.9916666666666665,1.0,0.18791729879933022,0.6560794526365569,0.14658798699129694,0.5316872399999999,0.4143946312,0.007109892151139675,0.5235944847710651,0.3225888950979859,0.6774387013087698,0.5315157122502754
0.0,-3.5,5449.999999999999,6912.5,1090.083139031147,4965.189435079589,3254.4000000000005,0.7391626776333732,0.24350381999999995,0.1991973156,1024,2.5735927018207585,0.0,35.52519658718912,32.0397993467181,4.293572367202301,0.0,0.0,True,False,global_rtl_timing_not_closed,5449.999999999999,5074.197748982704,13.143860897309107,0.6413394526365569,0.7391626776333732,0.24350381999999995,0.1991973156,0.007101279206165209,0.9083333333333332,1.0,0.1877694413901301,0.6413394526365569,0.1566507105334929,0.4870076399999999,0.3983946312,0.007101279206165209,0.5033882848118207,0.3109194595186274,0.6523514439414874,0.5078308282163262
0.0,-3.0,4950.0,6412.5,1090.083139031147,4272.876005743652,3146.3999999999996,0.742227124175784,0.22116402000000007,0.19119731560000003,1024,2.5735927018207585,0.0,35.69265271467447,32.03966828308204,5.0331207358176595,0.0,0.0,True,False,global_rtl_timing_not_closed,4950.0,4381.884319646767,13.459193932608514,0.6314394526365569,0.742227124175784,0.22116402000000007,0.19119731560000003,0.0072211957132746725,0.825,1.0,0.19227419903726448,0.6314394526365569,0.168908496703136,0.44232804000000014,0.38239463120000006,0.0072211957132746725,0.48506159782461294,0.30172115973640873,0.6286813808151873,0.4853211384233595
0.0,-2.5,4449.999999999999,5912.5,1090.083139031147,3632.5185560952145,3307.2,0.746052476901084,0.19882422,0.18319731560000002,1024,2.5735927018207585,0.0,35.53201825452713,32.03955569075229,4.287720846993683,0.0,0.0,True,False,global_rtl_timing_not_closed,4449.999999999999,3741.5268699983294,13.14945134661394,0.6461794526365569,0.746052476901084,0.19882422,0.18319731560000002,0.007106125115278159,0.7416666666666665,1.0,0.18784930495162772,0.6461794526365569,0.1842099076043362,0.39764844,0.36639463120000004,0.007106125115278159,0.4672473616668574,0.2898417004899994,0.6081069656335103,0.464675096575016
0.0,-2.0,3950.0,5412.5,1090.083139031147,3044.117086134277,3432.8,0.750983633913907,0.17648442,0.17519731560000001,1024,2.5735927018207585,0.0,35.538843624626,32.039451257046785,4.283148781400919,0.0,0.0,True,False,global_rtl_timing_not_closed,3950.0,3153.125400037392,13.155336195167877,0.6576927859698902,0.750983633913907,0.17648442,0.17519731560000001,0.007110976964261114,0.6583333333333333,1.0,0.18793337421668396,0.6576927859698902,0.20393453565562814,0.35296884,0.35039463120000003,0.007110976964261114,0.45069201363981565,0.2800750867649692,0.5879477646242611,0.44460560223243334
0.0,-1.5,3450.0,4912.5,1090.083139031147,2507.6715958608397,3272.0000000000005,0.7576288796651119,0.15414462,0.1671973156,1024,2.5735927018207585,0.0,35.54470324907395,32.039373293408964,4.28327113838439,0.0,0.0,True,False,global_rtl_timing_not_closed,3450.0,2616.6799097639546,13.161200800103067,0.6429527859698903,0.7576288796651119,0.15414462,0.1671973156,0.007115144950730487,0.575,1.0,0.18801715428718668,0.6429527859698903,0.23051551866044795,0.30828924,0.3343946312,0.007115144950730487,0.4321968270899036,0.26933835721089705,0.5645361359977834,0.422596346939289
0.0,-1.0,2950.0,4412.5,1090.083139031147,2023.1820852749022,3128.8,0.7671946726115833,0.13180482000000002,0.15919731560000003,1024,2.5735927018207585,0.0,35.713201674290815,32.03932559792192,5.012076265780882,0.0,0.0,True,False,global_rtl_timing_not_closed,2950.0,2132.190399178017,13.475448326927472,0.6298261193032235,0.7671946726115833,0.13180482000000002,0.15919731560000003,0.007236049775733636,0.49166666666666664,1.0,0.19250640467039246,0.6298261193032235,0.2687786904463332,0.26360964000000003,0.31839463120000006,0.007236049775733636,0.4161442340134604,0.26127221277096785,0.5429811101226095,0.40236302773078164
0.0,-0.5,2450.0,3912.5,1090.0831390311473,1590.6485543764647,3289.6,0.7825609575858827,0.10946502000000001,0.15119731560000002,1024,2.5735927018207585,0.0,35.55085596813183,32.03929698325828,4.283388310940715,0.0,0.0,True,False,global_rtl_timing_not_closed,2450.0,1699.6568682795794,13.167357876134542,0.6445661193032235,0.7825609575858827,0.10946502000000001,0.15119731560000002,0.007119524046553454,0.4083333333333333,1.0,0.18810511251620773,0.6445661193032235,0.3302438303435311,0.21893004000000002,0.30239463120000004,0.007119524046553454,0.40295212572504946,0.25171126981727526,0.5270253552771184,0.386335646218624
-0.0,-0.4,2349.9999999999995,3812.5,1090.0831390311473,1510.3765657592771,3189.6,0.7869013658406371,0.10499706,0.1495973156,1024,2.5735927018207585,0.0,35.55126888516732,32.03929199644516,4.283395695135982,0.0,0.0,True,False,global_rtl_timing_not_closed,2349.9999999999995,1619.3848796623918,13.167771023305804,0.6353994526365568,0.7869013658406371,0.10499706,0.1495973156,0.007119818029899288,0.3916666666666666,1.0,0.18811101461865434,0.6353994526365568,0.3476054633625485,0.20999412,0.2991946312,0.007119818029899288,0.39983299795089744,0.24985027021099626,0.5226136608217654,0.38251535976327095
-0.0,-0.3,2250.0,3712.5,1090.0831390311473,1432.1828163295897,3150.4,0.7919137518278723,0.10052910000000001,0.1479973156,1024,2.5735927018207585,0.0,35.55156383229255,32.03928844269101,4.283400931182319,0.0,0.0,True,False,global_rtl_timing_not_closed,2250.0,1541.1911302327044,13.168066129201767,0.6318061193032235,0.7919137518278723,0.10052910000000001,0.1479973156,0.007120028029982226,0.375,1.0,0.1881152304171681,0.6318061193032235,0.36765500731148926,0.20105820000000002,0.2959946312,0.007120028029982226,0.3975395646287616,0.24840155718445778,0.5193065846298485,0.37952102490468725
-0.0,-0.2,2150.0000000000005,3612.5000000000005,1090.0831390311475,1356.0673060874026,3250.4,0.7977905002542353,0.09606114000000002,0.14639731560000002,1024,2.5735927018207585,0.0,35.71595024413817,32.039286904483966,5.0052008049522385,0.0,0.0,True,False,global_rtl_timing_not_closed,2150.0000000000005,1465.0756199905172,13.47681213124961,0.6409727859698903,0.7977905002542353,0.09606114000000002,0.14639731560000002,0.007238038927910054,0.3583333333333334,0.9767170799936782,0.19252588758928013,0.6409727859698903,0.3911620010169412,0.19212228000000003,0.29279463120000004,0.007238038927910054,0.39448882871451263,0.24860602944311694,0.5128850575942541,0.37626667720337453
-0.0,-0.1,2050.0,3512.5,1090.0831390311473,1282.0300350327147,3350.4,0.8048111645677258,0.09159318000000001,0.14479731560000003,1024,2.5735927018207585,0.0,35.55174079356604,32.039286313768095,4.283404057216222,0.0,0.0,True,False,global_rtl_timing_not_closed,2050.0,1391.0383489358294,13.168243183451308,0.6501394526365569,0.8048111645677258,0.09159318000000001,0.14479731560000003,0.007120154028019811,0.3416666666666667,0.9273588992905529,0.1881177597635901,0.6501394526365569,0.4192446582709035,0.18318636000000002,0.28959463120000006,0.007120154028019811,0.3857560842213619,0.24371988943578687,0.49950860844963885,0.36996869649756137
0.0,0.0,1949.9999999999998,3412.5,1090.0831390311473,1210.0710031655271,3450.4,0.813400175005887,0.08712522,0.1431973156,1024,2.5735927018207585,0.0,35.55179977854542,32.03928560468478,4.28340509660429,0.0,0.0,True,False,global_rtl_timing_not_closed,1949.9999999999998,1319.0793170686418,13.168302199037475,0.6593061193032236,0.813400175005887,0.08712522,0.1431973156,0.007120196026357528,0.32499999999999996,0.8793862113790946,0.1881186028433925,0.6593061193032236,0.45360070002354824,0.17425044,0.2863946312,0.007120196026357528,0.3789725375130252,0.24122431558009144,0.4875526643882691,0.3648833969562438
-0.0,0.1,2050.0,3512.5,1090.0831390311473,1282.0300350327147,3350.4,0.8048111645677258,0.09159318000000001,0.14479731560000003,1024,2.5735927018207585,0.0,35.55174079356604,32.039286313768095,4.283404057216222,0.0,0.0,True,False,global_rtl_timing_not_closed,2050.0,1391.0383489358294,13.168243183451308,0.6501394526365569,0.8048111645677258,0.09159318000000001,0.14479731560000003,0.007120154028019811,0.3416666666666667,0.9273588992905529,0.1881177597635901,0.6501394526365569,0.4192446582709035,0.18318636000000002,0.28959463120000006,0.007120154028019811,0.3857560842213619,0.24371988943578687,0.49950860844963885,0.36996869649756137
-0.0,0.2,2150.0000000000005,3612.5000000000005,1090.0831390311475,1356.0673060874026,3250.4,0.7977905002542353,0.09606114000000002,0.14639731560000002,1024,2.5735927018207585,0.0,35.71595024413819,32.03928690448395,5.005200804952265,0.0,0.0,True,False,global_rtl_timing_not_closed,2150.0000000000005,1465.0756199905172,13.476812131249632,0.6409727859698903,0.7977905002542353,0.09606114000000002,0.14639731560000002,0.007238038927910067,0.3583333333333334,0.9767170799936782,0.19252588758928046,0.6409727859698903,0.3911620010169412,0.19212228000000003,0.29279463120000004,0.007238038927910067,0.3944888287145127,0.24860602944311708,0.5128850575942542,0.3762666772033746
-0.0,0.3,2250.0,3712.5,1090.0831390311473,1432.1828163295897,3150.4,0.7919137518278723,0.10052910000000001,0.1479973156,1024,2.5735927018207585,0.0,35.55156383229256,32.039288442691,4.283400931182373,0.0,0.0,True,False,global_rtl_timing_not_closed,2250.0,1541.1911302327044,13.168066129201783,0.6318061193032235,0.7919137518278723,0.10052910000000001,0.1479973156,0.007120028029982233,0.375,1.0,0.18811523041716832,0.6318061193032235,0.36765500731148926,0.20105820000000002,0.2959946312,0.007120028029982233,0.3975395646287616,0.24840155718445786,0.5193065846298485,0.37952102490468725
-0.0,0.4,2349.9999999999995,3812.5,1090.0831390311473,1510.3765657592771,3189.6,0.7869013658406371,0.10499706,0.1495973156,1024,2.5735927018207585,0.0,35.55126888516733,32.03929199644516,4.283395695136089,0.0,0.0,True,False,global_rtl_timing_not_closed,2349.9999999999995,1619.3848796623918,13.16777102330584,0.6353994526365568,0.7869013658406371,0.10499706,0.1495973156,0.007119818029899301,0.3916666666666666,1.0,0.18811101461865484,0.6353994526365568,0.3476054633625485,0.20999412,0.2991946312,0.007119818029899301,0.39983299795089755,0.24985027021099648,0.5226136608217655,0.382515359763271
0.0,0.5,2450.0,3912.5,1090.0831390311473,1590.6485543764647,3289.6,0.7825609575858827,0.10946502000000001,0.15119731560000002,1024,2.5735927018207585,0.0,35.55085596813185,32.03929698325828,4.283388310940794,0.0,0.0,True,False,global_rtl_timing_not_closed,2450.0,1699.6568682795794,13.167357876134577,0.6445661193032235,0.7825609575858827,0.10946502000000001,0.15119731560000002,0.007119524046553467,0.4083333333333333,1.0,0.18810511251620823,0.6445661193032235,0.3302438303435311,0.21893004000000002,0.30239463120000004,0.007119524046553467,0.40295212572504957,0.2517112698172755,0.5270253552771184,0.38633564621862404
0.0,1.0,2950.0,4412.5,1090.083139031147,2023.1820852749022,3128.8,0.7671946726115833,0.13180482000000002,0.15919731560000003,1024,2.5735927018207585,0.0,35.71320167429086,32.03932559792192,5.012076265780882,0.0,0.0,True,False,global_rtl_timing_not_closed,2950.0,2132.190399178017,13.475448326927514,0.6298261193032235,0.7671946726115833,0.13180482000000002,0.15919731560000003,0.007236049775733668,0.49166666666666664,1.0,0.19250640467039307,0.6298261193032235,0.2687786904463332,0.26360964000000003,0.31839463120000006,0.007236049775733668,0.41614423401346057,0.2612722127709681,0.5429811101226095,0.4023630277307817
0.0,1.5,3450.0,4912.5,1090.083139031147,2507.6715958608397,3272.0000000000005,0.7576288796651119,0.15414462,0.1671973156,1024,2.5735927018207585,0.0,35.54470324907401,32.03937329340897,4.2832711383844435,0.0,0.0,True,False,global_rtl_timing_not_closed,3450.0,2616.6799097639546,13.161200800103142,0.6429527859698903,0.7576288796651119,0.15414462,0.1671973156,0.007115144950730531,0.575,1.0,0.18801715428718774,0.6429527859698903,0.23051551866044795,0.30828924,0.3343946312,0.007115144950730531,0.43219682708990387,0.26933835721089755,0.5645361359977836,0.4225963469392891
0.0,2.0,3950.0,5412.5,1090.083139031147,3044.117086134277,3432.8,0.750983633913907,0.17648442,0.17519731560000001,1024,2.5735927018207585,0.0,35.53884362462605,32.03945125704679,4.2831487814008655,0.0,0.0,True,False,global_rtl_timing_not_closed,3950.0,3153.125400037392,13.155336195167918,0.6576927859698902,0.750983633913907,0.17648442,0.17519731560000001,0.007110976964261152,0.6583333333333333,1.0,0.18793337421668455,0.6576927859698902,0.20393453565562814,0.35296884,0.35039463120000003,0.007110976964261152,0.45069201363981576,0.28007508676496956,0.5879477646242611,0.44460560223243334
0.0,2.5,4449.999999999999,5912.5,1090.083139031147,3632.5185560952145,3307.2,0.746052476901084,0.19882422,0.18319731560000002,1024,2.5735927018207585,0.0,35.5320182545272,32.03955569075229,4.287720846993657,0.0,0.0,True,False,global_rtl_timing_not_closed,4449.999999999999,3741.5268699983294,13.149451346614004,0.6461794526365569,0.746052476901084,0.19882422,0.18319731560000002,0.007106125115278209,0.7416666666666665,1.0,0.18784930495162863,0.6461794526365569,0.1842099076043362,0.39764844,0.36639463120000004,0.007106125115278209,0.4672473616668576,0.2898417004899998,0.6081069656335106,0.4646750965750161
0.0,3.0,4950.0,6412.5,1090.083139031147,4272.876005743652,3146.3999999999996,0.742227124175784,0.22116402000000007,0.19119731560000003,1024,2.5735927018207585,0.0,35.692652714674566,32.03966828308204,5.033120735817553,0.0,0.0,True,False,global_rtl_timing_not_closed,4950.0,4381.884319646767,13.459193932608585,0.6314394526365569,0.742227124175784,0.22116402000000007,0.19119731560000003,0.007221195713274737,0.825,1.0,0.1922741990372655,0.6314394526365569,0.168908496703136,0.44232804000000014,0.38239463120000006,0.007221195713274737,0.48506159782461317,0.3017211597364092,0.6286813808151874,0.4853211384233596
0.0,3.5,5449.999999999999,6912.5,1090.083139031147,4965.189435079589,3254.4000000000005,0.7391626776333732,0.24350381999999995,0.1991973156,1024,2.5735927018207585,0.0,35.52519658718923,32.0397993467181,4.293572367202247,0.0,0.0,True,False,global_rtl_timing_not_closed,5449.999999999999,5074.197748982704,13.143860897309203,0.6413394526365569,0.7391626776333732,0.24350381999999995,0.1991973156,0.007101279206165285,0.9083333333333332,1.0,0.18776944139013146,0.6413394526365569,0.1566507105334929,0.4870076399999999,0.3983946312,0.007101279206165285,0.5033882848118211,0.310919459518628,0.6523514439414875,0.5078308282163263
0.0,4.0,5949.999999999999,7412.5,1090.083139031147,5709.458844103026,3415.2000000000003,0.7366469967478242,0.26584361999999995,0.2071973156,1024,2.5735927018207585,0.0,35.53731796101908,32.039963599883386,4.284510274816896,0.0,0.0,True,False,global_rtl_timing_not_closed,5949.999999999999,5818.467158006141,13.154210915953303,0.6560794526365569,0.7366469967478242,0.26584361999999995,0.2071973156,0.007109892151139814,0.9916666666666665,1.0,0.18791729879933292,0.6560794526365569,0.14658798699129694,0.5316872399999999,0.4143946312,0.007109892151139814,0.5235944847710658,0.3225888950979871,0.6774387013087702,0.5315157122502756
0.0,4.5,6449.999999999999,7912.5,1090.083139031147,6505.684232813965,3324.7999999999997,0.7345415401036992,0.28818341999999997,0.2151973156,1024,2.5735927018207585,0.0,35.589542979516445,32.040129179298766,4.291173549244699,0.0,0.0,True,False,global_rtl_timing_not_closed,6449.999999999999,6614.6925467170795,13.207809984190076,0.6477927859698902,0.7345415401036992,0.28818341999999997,0.2151973156,0.00714712070452915,1.0,1.0,0.18868299977414393,0.6477927859698902,0.138166160414797,0.5763668399999999,0.4303946312,0.00714712070452915,0.5268194302124576,0.325972794918505,0.680549263509604,0.5418752344511096
0.0,5.0,6949.999999999999,8412.5,1090.083139031147,7353.865601212402,3163.9999999999995,0.7327515658673934,0.31052322,0.2231973156,1024,2.5735927018207585,0.0,35.895951688109015,32.04025819819674,5.116215747142611,0.0,0.0,True,False,global_rtl_timing_not_closed,6949.999999999999,7462.873915115517,13.679259387086722,0.6330527859698901,0.7327515658673934,0.31052322,0.2231973156,0.007369504322200952,1.0,1.0,0.19541799124409603,0.6330527859698901,0.1310062634695739,0.62104644,0.4463946312,0.007369504322200952,0.5293694067471906,0.33098700295625666,0.6813408721429605,0.5510718030844661
0.0,5.5,7450.000000000001,8912.5,1090.083139031147,8254.00294929834,3663.9999999999995,0.7312098697809125,0.33286302000000006,0.23119731560000004,1024,2.5735927018207585,0.0,36.09370414204671,32.04035221424829,4.6525850236912305,0.0,0.0,True,False,global_rtl_timing_not_closed,7450.000000000001,8363.011263201453,13.784309200347028,0.6788861193032235,0.7312098697809125,0.33286302000000006,0.23119731560000004,0.007516688584593785,1.0,1.0,0.1969187028621004,0.6788861193032235,0.12483947912365023,0.6657260400000001,0.4623946312000001,0.007516688584593785,0.5367599379766719,0.33670906748620766,0.6907906040832884,0.5658978283581272
0.1,-0.4,2350.0,3912.5,1094.6603354465715,1590.6485543764647,3089.6,0.7872373547068775,0.10499706000000002,0.14959731560000003,1024,2.5735927018207585,0.0,35.550595704206934,32.03927385433443,4.294841991183751,0.0,0.0,True,False,global_rtl_timing_not_closed,2350.0,1700.114587921122,13.169382566027291,0.6262327859698902,0.7872373547068775,0.10499706000000002,0.14959731560000003,0.007119338753437549,0.39166666666666666,1.0,0.18813403665753273,0.6262327859698902,0.3489494188275102,0.20999412000000003,0.29919463120000006,0.007119338753437549,0.3990564344128003,0.2494693987131139,0.5213753346083264,0.3817353668831652
0.1,-0.3,2250.0,3812.5,1094.6603354465715,1510.3765657592771,3050.4,0.7923459330474362,0.10052910000000001,0.1479973156,1024,2.5735927018207585,0.0,35.550890322992146,32.03927029497447,4.294851298443401,0.0,0.0,True,False,global_rtl_timing_not_closed,2250.0,1619.8425993039343,13.169678156424444,0.6226394526365568,0.7923459330474362,0.10052910000000001,0.1479973156,0.007119548505620883,0.375,1.0,0.18813825937749207,0.6226394526365568,0.36938373218974485,0.20105820000000002,0.2959946312,0.007119548505620883,0.3968014797375653,0.24803992722231072,0.5181067360374882,0.37877950964566043
0.1,-0.2,2150.0000000000005,3712.5000000000005,1094.6603354465715,1432.1828163295902,3150.4,0.798362458197799,0.09606114000000002,0.14639731560000002,1024,2.5735927018207585,0.0,35.7152765756646,32.039268754357586,5.005214653844071,0.0,0.0,True,False,global_rtl_timing_not_closed,2150.0000000000005,1541.6488498742474,13.476136695022815,0.6318061193032235,0.798362458197799,0.09606114000000002,0.14639731560000002,0.007237551340470235,0.3583333333333334,1.0,0.19251623850032593,0.6318061193032235,0.3934498327911964,0.19212228000000003,0.29279463120000004,0.007237551340470235,0.39729092219523715,0.2494217940912951,0.5175585814849927,0.37790609642649814
0.1,-0.1,2050.0,3612.5000000000005,1094.6603354465715,1356.0673060874026,3250.4,0.8055953376300611,0.09159318000000001,0.14479731560000003,1024,2.5735927018207585,0.0,35.55106708960884,32.03926816272468,4.294856841172805,0.0,0.0,True,False,global_rtl_timing_not_closed,2050.0,1465.5333396320598,13.169855498524575,0.6409727859698903,0.8055953376300611,0.09159318000000001,0.14479731560000003,0.007119674356583366,0.3416666666666667,0.9770222264213732,0.18814079283606536,0.6409727859698903,0.4223813505202445,0.18318636000000002,0.28959463120000006,0.007119674356583366,0.3926082961502275,0.24591182601978817,0.5108653887809538,0.3743343110925865
0.1,-0.0,1950.0,3512.5,1094.6603354465715,1282.0300350327147,3350.4,0.8145247357654177,0.08712522,0.1431973156,1024,2.5735927018207585,0.0,35.55112601009203,32.03926745253849,4.294858681802164,0.0,0.0,True,False,global_rtl_timing_not_closed,1950.0,1391.496068577372,13.169914609587082,0.6501394526365569,0.8145247357654177,0.08712522,0.1431973156,0.0071197163061722715,0.325,0.927664045718248,0.18814163727981545,0.6501394526365569,0.4580989430616711,0.17425044,0.2863946312,0.0071197163061722715,0.38575308093813104,0.24341505566797522,0.4986992267345028,0.3692466174849378
0.1,0.1,2050.0,3612.5000000000005,1094.6603354465715,1356.0673060874026,3250.4,0.8055953376300611,0.09159318000000001,0.14479731560000003,1024,2.5735927018207585,0.0,35.55106708960886,32.039268162724674,4.294856841172805,0.0,0.0,True,False,global_rtl_timing_not_closed,2050.0,1465.5333396320598,13.169855498524587,0.6409727859698903,0.8055953376300611,0.09159318000000001,0.14479731560000003,0.007119674356583378,0.3416666666666667,0.9770222264213732,0.18814079283606552,0.6409727859698903,0.4223813505202445,0.18318636000000002,0.28959463120000006,0.007119674356583378,0.3926082961502275,0.24591182601978825,0.5108653887809538,0.37433431109258664
0.1,0.2,2150.0000000000005,3712.5000000000005,1094.6603354465715,1432.1828163295902,3150.4,0.798362458197799,0.09606114000000002,0.14639731560000002,1024,2.5735927018207585,0.0,35.71527657566463,32.039268754357586,5.00521465384399,0.0,0.0,True,False,global_rtl_timing_not_closed,2150.0000000000005,1541.6488498742474,13.476136695022827,0.6318061193032235,0.798362458197799,0.09606114000000002,0.14639731560000002,0.0072375513404702545,0.3583333333333334,1.0,0.1925162385003261,0.6318061193032235,0.3934498327911964,0.19212228000000003,0.29279463120000004,0.0072375513404702545,0.39729092219523726,0.24942179409129517,0.5175585814849927,0.37790609642649814
0.1,0.3,2250.0,3812.5,1094.6603354465715,1510.3765657592771,3050.4,0.7923459330474362,0.10052910000000001,0.1479973156,1024,2.5735927018207585,0.0,35.550890322992174,32.03927029497447,4.294851298443374,0.0,0.0,True,False,global_rtl_timing_not_closed,2250.0,1619.8425993039343,13.169678156424467,0.6226394526365568,0.7923459330474362,0.10052910000000001,0.1479973156,0.007119548505620902,0.375,1.0,0.1881382593774924,0.6226394526365568,0.36938373218974485,0.20105820000000002,0.2959946312,0.007119548505620902,0.3968014797375654,0.24803992722231086,0.5181067360374882,0.37877950964566054
0.1,0.4,2350.0,3912.5,1094.6603354465715,1590.6485543764647,3089.6,0.7872373547068775,0.10499706000000002,0.14959731560000003,1024,2.5735927018207585,0.0,35.550595704206955,32.03927385433443,4.294841991183724,0.0,0.0,True,False,global_rtl_timing_not_closed,2350.0,1700.114587921122,13.16938256602731,0.6262327859698902,0.7872373547068775,0.10499706000000002,0.14959731560000003,0.007119338753437561,0.39166666666666666,1.0,0.18813403665753298,0.6262327859698902,0.3489494188275102,0.20999412000000003,0.29919463120000006,0.007119338753437561,0.39905643441280036,0.24946939871311402,0.5213753346083264,0.3817353668831652
0.2,-0.4,2349.9999999999995,4012.5,1108.2785074158933,1672.9987821811521,2989.6,0.7882729021053546,0.10499706,0.1495973156,1024,2.5735927018207585,0.0,35.71486489517976,32.03925874717923,5.036658113455745,0.0,0.0,True,False,global_rtl_timing_not_closed,2349.9999999999995,1783.8266329227415,13.482011204665715,0.6170661193032235,0.7882729021053546,0.10499706,0.1495973156,0.007237253390738786,0.3916666666666666,1.0,0.19260016006665306,0.6170661193032235,0.3530916084214186,0.20999412,0.2991946312,0.007237253390738786,0.39968230902153473,0.2512515133210404,0.5208670616404943,0.38168542724866644
0.2,-0.3,2250.0,3912.5,1108.2785074158933,1590.6485543764647,2950.4,0.7936860610768043,0.10052910000000001,0.1479973156,1024,2.5735927018207585,0.0,35.715159457789994,32.039255183140895,5.0366681060765295,0.0,0.0,True,False,global_rtl_timing_not_closed,2250.0,1701.4764051180541,13.482306874790524,0.6134727859698902,0.7936860610768043,0.10052910000000001,0.1479973156,0.0072374665763035705,0.375,1.0,0.1926043839255789,0.6134727859698902,0.3747442443072173,0.20105820000000002,0.2959946312,0.0072374665763035705,0.3975491872267359,0.2498829591556266,0.5177202956075784,0.37885140254908384
0.2,-0.2,2150.0,3812.5000000000005,1108.2785074158933,1510.3765657592776,3050.3999999999996,0.800150770423262,0.09606114000000002,0.14639731560000002,1024,2.5735927018207585,0.0,35.9183220082947,32.039253640512875,5.887749588838769,0.0,0.0,True,False,global_rtl_timing_not_closed,2150.0,1621.204416500867,13.855685336190675,0.6226394526365568,0.800150770423262,0.09606114000000002,0.14639731560000002,0.007386008592738808,0.35833333333333334,1.0,0.19793836194558107,0.6226394526365568,0.40060308169304815,0.19212228000000003,0.29279463120000004,0.007386008592738808,0.39845995700529635,0.25179077020387286,0.5174485415823167,0.3782543898571556
0.2,-0.1,2050.0000000000005,3712.5000000000005,1108.2785074158933,1432.1828163295902,3150.4,0.808076029395491,0.09159318000000002,0.14479731560000003,1024,2.5735927018207585,0.0,35.7153361913848,32.03925304811463,5.036674051294874,0.0,0.0,True,False,global_rtl_timing_not_closed,2050.0000000000005,1543.0106670711796,13.482484263672433,0.6318061193032235,0.808076029395491,0.09159318000000002,0.14479731560000003,0.0072375944877824065,0.34166666666666673,1.0,0.19260691805246333,0.6318061193032235,0.43230411758196396,0.18318636000000005,0.28959463120000006,0.0072375944877824065,0.39725889554374616,0.24913186009209104,0.5166796174099821,0.3771602070181543
0.2,-0.0,1950.0000000000002,3612.5000000000005,1108.2785074158933,1356.0673060874026,3250.4,0.8181440672387904,0.08712522000000002,0.1431973156,1024,2.5735927018207585,0.0,35.71539510097366,32.039252337008016,5.036676024647494,0.0,0.0,True,False,global_rtl_timing_not_closed,1950.0000000000002,1466.895156828992,13.482543390155161,0.6409727859698903,0.8181440672387904,0.08712522000000002,0.1431973156,0.007237637124279553,0.325,0.9779301045526613,0.1926077627165023,0.6409727859698903,0.4725762689551618,0.17425044000000003,0.2863946312,0.007237637124279553,0.3949523791269579,0.24822723218116763,0.5117909826170294,0.3752567978756356
0.2,0.1,2050.0000000000005,3712.5000000000005,1108.2785074158933,1432.1828163295902,3150.4,0.808076029395491,0.09159318000000002,0.14479731560000003,1024,2.5735927018207585,0.0,35.715336191384814,32.039253048114624,5.0366740512949,0.0,0.0,True,False,global_rtl_timing_not_closed,2050.0000000000005,1543.0106670711796,13.48248426367245,0.6318061193032235,0.808076029395491,0.09159318000000002,0.14479731560000003,0.0072375944877824195,0.34166666666666673,1.0,0.19260691805246358,0.6318061193032235,0.43230411758196396,0.18318636000000005,0.28959463120000006,0.0072375944877824195,0.39725889554374627,0.24913186009209115,0.5166796174099823,0.3771602070181543
0.2,0.2,2150.0,3812.5000000000005,1108.2785074158933,1510.3765657592776,3050.3999999999996,0.800150770423262,0.09606114000000002,0.14639731560000002,1024,2.5735927018207585,0.0,35.91832200829473,32.03925364051287,5.8877495888386795,0.0,0.0,True,False,global_rtl_timing_not_closed,2150.0,1621.204416500867,13.855685336190684,0.6226394526365568,0.800150770423262,0.09606114000000002,0.14639731560000002,0.007386008592738828,0.35833333333333334,1.0,0.1979383619455812,0.6226394526365568,0.40060308169304815,0.19212228000000003,0.29279463120000004,0.007386008592738828,0.3984599570052964,0.2517907702038729,0.5174485415823167,0.3782543898571556
0.2,0.3,2250.0,3912.5,1108.2785074158933,1590.6485543764647,2950.4,0.7936860610768043,0.10052910000000001,0.1479973156,1024,2.5735927018207585,0.0,35.715159457790016,32.039255183140895,5.036668106076529,0.0,0.0,True,False,global_rtl_timing_not_closed,2250.0,1701.4764051180541,13.482306874790545,0.6134727859698902,0.7936860610768043,0.10052910000000001,0.1479973156,0.0072374665763035835,0.375,1.0,0.19260438392557921,0.6134727859698902,0.3747442443072173,0.20105820000000002,0.2959946312,0.0072374665763035835,0.397549187226736,0.24988295915562675,0.5177202956075785,0.37885140254908384
0.2,0.4,2349.9999999999995,4012.5,1108.2785074158933,1672.9987821811521,2989.6,0.7882729021053546,0.10499706,0.1495973156,1024,2.5735927018207585,0.0,35.714864895179794,32.03925874717923,5.036658113455799,0.0,0.0,True,False,global_rtl_timing_not_closed,2349.9999999999995,1783.8266329227415,13.482011204665762,0.6170661193032235,0.7882729021053546,0.10499706,0.1495973156,0.007237253390738812,0.3916666666666666,1.0,0.19260016006665373,0.6170661193032235,0.3530916084214186,0.20999412,0.2991946312,0.007237253390738812,0.3996823090215349,0.2512515133210407,0.5208670616404943,0.3816854272486665
0.3,-0.4,2350.0,4112.5,1130.6110073761001,1757.4272491733398,2889.6000000000004,0.790097367463759,0.10499706000000002,0.14959731560000003,1024,2.5735927018207585,0.0,35.54857615216811,32.03921932639209,4.30642734216395,0.0,0.0,True,False,global_rtl_timing_not_closed,2350.0,1870.4883499109499,13.169666452198923,0.6078994526365569,0.790097367463759,0.10499706000000002,0.14959731560000003,0.007117901111102649,0.39166666666666666,1.0,0.18813809217427033,0.6078994526365569,0.3603894698550363,0.20999412000000003,0.29919463120000006,0.007117901111102649,0.3983679762971706,0.2491262720518885,0.519769673380636,0.38104637232214145
0.3,-0.3,2250.0,4012.5,1130.6110073761001,1672.9987821811521,2850.4000000000005,0.7960777394811805,0.10052910000000001,0.1479973156,1024,2.5735927018207585,0.0,35.548869788314605,32.03921575027634,4.306440636856892,0.0,0.0,True,False,global_rtl_timing_not_closed,2250.0,1786.0598829187622,13.169961853255067,0.6043061193032235,0.7960777394811805,0.10052910000000001,0.1479973156,0.007118110121476621,0.375,1.0,0.1881423121893581,0.6043061193032235,0.38431095792472236,0.20105820000000002,0.2959946312,0.007118110121476621,0.3964617383422818,0.24787115793090378,0.5168497919729654,0.37843923224780424
0.3,-0.2,2150.0000000000005,3912.5,1130.6110073761001,1590.6485543764647,2950.4,0.8033996322744961,0.09606114000000002,0.14639731560000002,1024,2.5735927018207585,0.0,35.71325556615271,32.03921420245656,5.005256552550921,0.0,0.0,True,False,global_rtl_timing_not_closed,2150.0000000000005,1703.7096551140748,13.474110427277036,0.6134727859698902,0.8033996322744961,0.09606114000000002,0.14639731560000002,0.0072360887722582356,0.3583333333333334,1.0,0.19248729181824337,0.6134727859698902,0.41359852909798445,0.19212228000000003,0.29279463120000004,0.0072360887722582356,0.3974650755652408,0.24949924371938825,0.5168204833190526,0.3780846649272247
0.3,-0.1,2050.0,3812.5,1130.6110073761001,1510.3765657592771,3050.4,0.8126995000319913,0.09159318000000001,0.14479731560000003,1024,2.5735927018207585,0.0,35.549045972386736,32.039213608082676,4.3064485461621675,0.0,0.0,True,False,global_rtl_timing_not_closed,2050.0,1623.4376664968872,13.170139083639839,0.6226394526365568,0.8126995000319913,0.09159318000000001,0.14479731560000003,0.007118235532344096,0.3416666666666667,1.0,0.1881448440519977,0.6226394526365568,0.45079800012796545,0.18318636000000002,0.28959463120000006,0.007118235532344096,0.3970641627360194,0.24756641579476057,0.5167018303167638,0.3776407532582693
0.3,-0.0,1950.0,3712.5,1130.6110073761001,1432.1828163295897,3150.4,0.82515537240474,0.08712522,0.1431973156,1024,2.5735927018207585,0.0,35.54910469985607,32.03921289460005,4.306451171343078,0.0,0.0,True,False,global_rtl_timing_not_closed,1950.0,1545.2439170671998,13.170198157774701,0.6318061193032235,0.82515537240474,0.08712522,0.1431973156,0.007118277336062746,0.325,1.0,0.18814568796821002,0.6318061193032235,0.5006214896189602,0.17425044,0.2863946312,0.007118277336062746,0.3990232641778772,0.24824284905901625,0.5182858030810037,0.3788994673558425
0.3,0.1,2050.0,3812.5,1130.6110073761001,1510.3765657592771,3050.4,0.8126995000319913,0.09159318000000001,0.14479731560000003,1024,2.5735927018207585,0.0,35.549045972386764,32.03921360808267,4.3064485461621675,0.0,0.0,True,False,global_rtl_timing_not_closed,2050.0,1623.4376664968872,13.170139083639866,0.6226394526365568,0.8126995000319913,0.09159318000000001,0.14479731560000003,0.007118235532344122,0.3416666666666667,1.0,0.18814484405199808,0.6226394526365568,0.45079800012796545,0.18318636000000002,0.28959463120000006,0.007118235532344122,0.3970641627360195,0.24756641579476077,0.5167018303167639,0.3776407532582693
0.3,0.2,2150.0000000000005,3912.5,1130.6110073761001,1590.6485543764647,2950.4,0.8033996322744961,0.09606114000000002,0.14639731560000002,1024,2.5735927018207585,0.0,35.71325556615276,32.03921420245656,5.005256552550841,0.0,0.0,True,False,global_rtl_timing_not_closed,2150.0000000000005,1703.7096551140748,13.474110427277068,0.6134727859698902,0.8033996322744961,0.09606114000000002,0.14639731560000002,0.007236088772258274,0.3583333333333334,1.0,0.19248729181824384,0.6134727859698902,0.41359852909798445,0.19212228000000003,0.29279463120000004,0.007236088772258274,0.3974650755652409,0.24949924371938847,0.5168204833190526,0.37808466492722476
0.3,0.3,2250.0,4012.5,1130.6110073761001,1672.9987821811521,2850.4000000000005,0.7960777394811805,0.10052910000000001,0.1479973156,1024,2.5735927018207585,0.0,35.54886978831463,32.039215750276334,4.306440636856972,0.0,0.0,True,False,global_rtl_timing_not_closed,2250.0,1786.0598829187622,13.16996185325511,0.6043061193032235,0.7960777394811805,0.10052910000000001,0.1479973156,0.007118110121476647,0.375,1.0,0.1881423121893587,0.6043061193032235,0.38431095792472236,0.20105820000000002,0.2959946312,0.007118110121476647,0.39646173834228193,0.24787115793090406,0.5168497919729654,0.37843923224780435
0.3,0.4,2350.0,4112.5,1130.6110073761001,1757.4272491733398,2889.6000000000004,0.790097367463759,0.10499706000000002,0.14959731560000003,1024,2.5735927018207585,0.0,35.548576152168174,32.03921932639208,4.306427342164003,0.0,0.0,True,False,global_rtl_timing_not_closed,2350.0,1870.4883499109499,13.169666452198994,0.6078994526365569,0.790097367463759,0.10499706000000002,0.14959731560000003,0.007117901111102693,0.39166666666666666,1.0,0.18813809217427135,0.6078994526365569,0.3603894698550363,0.20999412000000003,0.29919463120000006,0.007117901111102693,0.3983679762971708,0.24912627205188895,0.5197696733806361,0.38104637232214156
0.4,-0.4,2349.9999999999995,4212.5,1161.1551360606386,1843.9339553530272,2789.6,0.7928849763313959,0.10499706,0.1495973156,1024,2.5735927018207585,0.0,35.54521034214068,32.03912810725743,4.318184864366049,0.0,0.0,True,False,global_rtl_timing_not_closed,2349.9999999999995,1960.049468959091,13.168629341828245,0.5987327859698902,0.7928849763313959,0.10499706,0.1495973156,0.007115505763946032,0.3916666666666666,1.0,0.18812327631183207,0.5987327859698902,0.3715399053255837,0.20999412,0.2991946312,0.007115505763946032,0.3985624096772334,0.24921831428455402,0.519508115574089,0.3812431478489279
0.4,-0.3,2250.0,4112.5,1161.1551360606384,1757.4272491733398,2750.4000000000005,0.7998109386614509,0.10052910000000001,0.1479973156,1024,2.5735927018207585,0.0,35.54550234851187,32.03912450342059,4.3182020323484345,0.0,0.0,True,False,global_rtl_timing_not_closed,2250.0,1873.5427627794036,13.1689238808367,0.5951394526365569,0.7998109386614509,0.10052910000000001,0.1479973156,0.007115713544281407,0.375,1.0,0.18812748401195287,0.5951394526365569,0.39924375464580386,0.20105820000000002,0.2959946312,0.007115713544281407,0.39703440464565243,0.24815231243835312,0.5169664689984733,0.3790142426066455
0.4,-0.2,2150.0000000000005,4012.5,1161.1551360606386,1672.9987821811521,2850.4,0.8086264690899099,0.09606114000000002,0.14639731560000002,1024,2.5735927018207585,0.0,35.70988734400421,32.03912294368445,5.005327563937263,0.0,0.0,True,False,global_rtl_timing_not_closed,2150.0000000000005,1789.114295787216,13.470733592712772,0.6043061193032235,0.8086264690899099,0.09606114000000002,0.14639731560000002,0.00723365190722929,0.3583333333333334,1.0,0.19243905132446817,0.6043061193032235,0.43450587635963966,0.19212228000000003,0.29279463120000004,0.00723365190722929,0.39862683981479297,0.25006408215393305,0.5175312721525892,0.37925378709409463
0.4,-0.1,2050.0,3912.5,1161.1551360606386,1590.6485543764647,2950.4,0.8204789752837452,0.09159318000000001,0.14479731560000003,1024,2.5735927018207585,0.0,35.54567756643967,32.03912234477607,4.318212239841033,0.0,0.0,True,False,global_rtl_timing_not_closed,2050.0,1706.7640679825286,13.169100600601896,0.6134727859698902,0.8204789752837452,0.09159318000000001,0.14479731560000003,0.0071158382254319355,0.3416666666666667,1.0,0.18813000858002707,0.6134727859698902,0.4819159011349812,0.18318636000000002,0.28959463120000006,0.0071158382254319355,0.39925533757137044,0.24865682208800882,0.5184370170049226,0.37983427327976144
0.4,-0.0,1950.0,3812.5,1161.1551360606386,1510.3765657592771,3050.4,0.8378214750158138,0.08712522,0.1431973156,1024,2.5735927018207585,0.0,35.54573597380536,32.039121625840025,4.318215626767793,0.0,0.0,True,False,global_rtl_timing_not_closed,1950.0,1626.492079365341,13.169159505618921,0.6226394526365568,0.8378214750158138,0.08712522,0.1431973156,0.007115879787289848,0.325,1.0,0.1881308500802703,0.6226394526365568,0.5512859000632555,0.17425044,0.2863946312,0.007115879787289848,0.4031690893287778,0.25031057968857023,0.5219756404592006,0.38304763806737274
0.4,0.1,2050.0,3912.5,1161.1551360606386,1590.6485543764647,2950.4,0.8204789752837452,0.09159318000000001,0.14479731560000003,1024,2.5735927018207585,0.0,35.5456775664397,32.03912234477606,4.31821223984106,0.0,0.0,True,False,global_rtl_timing_not_closed,2050.0,1706.7640679825286,13.169100600601928,0.6134727859698902,0.8204789752837452,0.09159318000000001,0.14479731560000003,0.0071158382254319546,0.3416666666666667,1.0,0.18813000858002754,0.6134727859698902,0.4819159011349812,0.18318636000000002,0.28959463120000006,0.0071158382254319546,0.39925533757137055,0.24865682208800904,0.5184370170049226,0.37983427327976155
0.4,0.2,2150.0000000000005,4012.5,1161.1551360606386,1672.9987821811521,2850.4,0.8086264690899099,0.09606114000000002,0.14639731560000002,1024,2.5735927018207585,0.0,35.70988734400422,32.03912294368445,5.005327563937158,0.0,0.0,True,False,global_rtl_timing_not_closed,2150.0000000000005,1789.114295787216,13.470733592712765,0.6043061193032235,0.8086264690899099,0.09606114000000002,0.14639731560000002,0.007233651907229296,0.3583333333333334,1.0,0.19243905132446806,0.6043061193032235,0.43450587635963966,0.19212228000000003,0.29279463120000004,0.007233651907229296,0.3986268398147929,0.250064082153933,0.5175312721525892,0.37925378709409463
0.4,0.3,2250.0,4112.5,1161.1551360606384,1757.4272491733398,2750.4000000000005,0.7998109386614509,0.10052910000000001,0.1479973156,1024,2.5735927018207585,0.0,35.54550234851193,32.03912450342059,4.318202032348621,0.0,0.0,True,False,global_rtl_timing_not_closed,2250.0,1873.5427627794036,13.168923880836802,0.5951394526365569,0.7998109386614509,0.10052910000000001,0.1479973156,0.007115713544281458,0.375,1.0,0.1881274840119543,0.5951394526365569,0.39924375464580386,0.20105820000000002,0.2959946312,0.007115713544281458,0.39703440464565276,0.24815231243835378,0.5169664689984734,0.3790142426066456
0.4,0.4,2349.9999999999995,4212.5,1161.1551360606386,1843.9339553530272,2789.6,0.7928849763313959,0.10499706,0.1495973156,1024,2.5735927018207585,0.0,35.545210342140756,32.03912810725743,4.318184864366236,0.0,0.0,True,False,global_rtl_timing_not_closed,2349.9999999999995,1960.049468959091,13.16862934182836,0.5987327859698902,0.7928849763313959,0.10499706,0.1495973156,0.007115505763946089,0.3916666666666666,1.0,0.18812327631183373,0.5987327859698902,0.3715399053255837,0.20999412,0.2991946312,0.007115505763946089,0.3985624096772338,0.24921831428455474,0.5195081155740892,0.38124314784892804
0.5,-5.5,7453.125000000001,9412.5,1194.1875834118355,9206.096277071776,3163.9999999999995,0.7312943289395828,0.3330026437500001,0.23124731560000003,1024,2.5735927018207585,0.0,36.088927051730536,32.04015185688228,4.654339191010163,0.0,0.0,True,False,global_rtl_timing_not_closed,7453.125000000001,9325.51503541296,13.77983285415314,0.6330527859698901,0.7312943289395828,0.3330026437500001,0.23124731560000003,0.007513098652108924,1.0,1.0,0.19685475505933056,0.6330527859698901,0.12517731575833135,0.6660052875000002,0.46249463120000006,0.007513098652108924,0.5322130047378657,0.3344237605285316,0.6839617758448552,0.5614085915363608
0.5,-5.0,6953.125000000001,8912.5,1194.1875834118355,8254.00294929834,2663.9999999999995,0.7328575642498983,0.3106628437500001,0.22324731560000005,1024,2.5735927018207585,0.0,35.8902951427156,32.04004270321736,5.1182447825050925,0.0,0.0,True,False,global_rtl_timing_not_closed,6953.125000000001,8373.421707639523,13.67395477502096,0.5872194526365568,0.7328575642498983,0.3106628437500001,0.22324731560000005,0.007365336907398076,1.0,1.0,0.195342211071728,0.5872194526365568,0.13143025699959354,0.6213256875000002,0.4464946312000001,0.007365336907398076,0.5248280733572869,0.32870056378056484,0.6745194474829858,0.5465899698411578
0.5,-4.5,6453.125,8412.5,1194.1875834118355,7353.865601212402,2824.7999999999997,0.7346771204893207,0.2883230437500001,0.21524731560000002,1024,2.5735927018207585,0.0,35.58258560168409,32.039895694265766,4.326600040645112,0.0,0.0,True,False,global_rtl_timing_not_closed,6453.125,7473.284359553585,13.20787953337955,0.6019594526365568,0.7346771204893207,0.2883230437500001,0.21524731560000002,0.007142149911998261,1.0,1.0,0.18868399333399358,0.6019594526365568,0.1387084819572828,0.5766460875000002,0.43049463120000003,0.007142149911998261,0.5223090427190822,0.3237266596473888,0.6737473088552112,0.5374128712133832
0.5,-4.0,5953.125,7912.5,1194.1875834118355,6505.684232813965,2915.2000000000003,0.7368244269681737,0.26598324375000004,0.20724731560000004,1024,2.5735927018207585,0.0,35.52911029987669,32.03971114441842,4.323768158450815,0.0,0.0,True,False,global_rtl_timing_not_closed,5953.125,6625.102991155149,13.15379171767146,0.6102461193032236,0.7368244269681737,0.26598324375000004,0.20724731560000004,0.007104058986745566,0.9921875,1.0,0.18791131025244942,0.6102461193032236,0.14729770787269514,0.5319664875000001,0.4144946312000001,0.007104058986745566,0.5192031721143788,0.3203998987047473,0.6707829535923354,0.5271474726171742
0.5,-3.5,5453.125,7412.5,1194.1875834118355,5709.458844103026,2754.4000000000005,0.7394015045111824,0.24364344375000005,0.19924731560000003,1024,2.5735927018207585,0.0,35.516022847669475,32.03953218133131,4.325215214601657,0.0,0.0,True,False,global_rtl_timing_not_closed,5453.125,5828.87760244421,13.140948935922635,0.5955061193032236,0.7394015045111824,0.24364344375000005,0.19924731560000003,0.007094767664811719,0.9088541666666666,1.0,0.18772784194175193,0.5955061193032236,0.15760601804472962,0.4872868875000001,0.39849463120000006,0.007094767664811719,0.49901256025504787,0.30872658187581503,0.6457166598790389,0.5034835522372112
0.5,-3.0,4953.125,6912.5,1194.1875834118357,4965.189435079589,2646.3999999999996,0.7425602392888561,0.22130364375000008,0.19124731560000002,1024,2.5735927018207585,0.0,35.68283178031842,32.039391919236245,5.032446179302345,0.0,0.0,True,False,global_rtl_timing_not_closed,4953.125,5084.608193420773,13.449168995987954,0.5856061193032235,0.7425602392888561,0.22130364375000008,0.19124731560000002,0.007214107305676469,0.8255208333333334,1.0,0.19213098565697076,0.5856061193032235,0.17024095715542442,0.44260728750000017,0.38249463120000005,0.007214107305676469,0.4806981273923418,0.2995012980980378,0.6220741218103404,0.4810013875018457
0.5,-2.5,4453.125,6412.5,1194.1875834118357,4272.876005743652,2807.2,0.7465392619763109,0.19896384375000004,0.18324731560000002,1024,2.5735927018207585,0.0,35.52184665796469,32.03927308749552,4.328010528509722,0.0,0.0,True,False,global_rtl_timing_not_closed,4453.125,4392.294764084836,13.147267035540512,0.6003461193032235,0.7465392619763109,0.19896384375000004,0.18324731560000002,0.007098900726300052,0.7421875,1.0,0.1878181005077216,0.6003461193032235,0.1861570479052439,0.39792768750000007,0.36649463120000003,0.007098900726300052,0.4629733478554071,0.2877029496691581,0.6015723687080952,0.46042800773293385
0.5,-2.0,3953.125,5912.5,1194.1875834118357,3632.5185560952145,2932.8,0.7517419098025893,0.17662404375000001,0.1752473156,1024,2.5735927018207585,0.0,35.528381860276745,32.03916403067759,4.32899375173483,0.0,0.0,True,False,global_rtl_timing_not_closed,3953.125,3751.937314436398,13.15397161829311,0.6118594526365568,0.7517419098025893,0.17662404375000001,0.1752473156,0.007103541517804408,0.6588541666666666,1.0,0.18791388026133013,0.6118594526365568,0.2069676392103572,0.35324808750000003,0.3504946312,0.007103541517804408,0.44652950267013763,0.2779958616151718,0.581522924520209,0.4404682702117146
0.5,-1.5,3453.125,5412.5,1194.1875834118357,3044.117086134277,2772.0000000000005,0.7589258796263351,0.15428424375,0.16724731560000003,1024,2.5735927018207585,0.0,35.53407168430707,32.03908329778792,4.329610393699581,0.0,0.0,True,False,global_rtl_timing_not_closed,3453.125,3163.5358444754606,13.159764587493967,0.5971194526365569,0.7589258796263351,0.15428424375,0.16724731560000003,0.007107584457999095,0.5755208333333334,1.0,0.18799663696419952,0.5971194526365569,0.23570351850534044,0.3085684875,0.33449463120000006,0.007107584457999095,0.4282495374027062,0.2673663913509178,0.5583266769336709,0.41867439595850964
0.5,-1.0,2953.125,4912.5,1194.1875834118357,2507.6715958608397,2628.8,0.769774886622297,0.13194444375,0.15924731560000002,1024,2.5735927018207585,0.0,35.702478073258895,32.03903417399579,5.012200916026305,0.0,0.0,True,False,global_rtl_timing_not_closed,2953.125,2627.0903542020233,13.464676799963103,0.5839927859698902,0.769774886622297,0.13194444375,0.15924731560000002,0.007228294283732739,0.4921875,1.0,0.1923525257137586,0.5839927859698902,0.2790995464891881,0.2638888875,0.31849463120000004,0.007228294283732739,0.4126768700377208,0.25949683798589185,0.5372715907649647,0.3989410164564704
0.5,-0.5,2453.125,4412.5,1194.1875834118357,2023.1820852749022,2789.6,0.7894082879376598,0.10960464375000002,0.15124731560000002,1024,2.5735927018207585,0.0,35.54009344191152,32.03900479893074,4.330115525929688,0.0,0.0,True,False,global_rtl_timing_not_closed,2453.125,2142.600843616086,13.165867746830147,0.5987327859698902,0.7894082879376598,0.10960464375000002,0.15124731560000002,0.0071118657619943905,0.4088541666666667,1.0,0.18808382495471637,0.5987327859698902,0.3576331517506395,0.21920928750000004,0.30249463120000003,0.0071118657619943905,0.40122476585526484,0.2508490038697144,0.5230359464557855,0.3846337454806243
0.5,0.0,1953.125,3912.5,1194.1875834118357,1590.6485543764647,2950.4,0.8544327681590361,0.08726484375000002,0.14324731560000004,1024,2.5735927018207585,0.0,35.54102051814487,32.03899313610365,4.330182631997489,0.0,0.0,True,False,global_rtl_timing_not_closed,1953.125,1710.0673127176483,13.166805328570279,0.6134727859698902,0.8544327681590361,0.08726484375000002,0.14324731560000004,0.007112525116729792,0.3255208333333333,1.0,0.1880972189795754,0.6134727859698902,0.6177310726361447,0.17452968750000003,0.28649463120000007,0.007112525116729792,0.40901132571883697,0.25322974576279,0.5273907975812254,0.3889169699393976
0.5,0.5,2453.125,4412.5,1194.1875834118357,2023.1820852749022,2789.6,0.7894082879376598,0.10960464375000002,0.15124731560000002,1024,2.5735927018207585,0.0,35.54009344191161,32.03900479893074,4.330115525929822,0.0,0.0,True,False,global_rtl_timing_not_closed,2453.125,2142.600843616086,13.165867746830259,0.5987327859698902,0.7894082879376598,0.10960464375000002,0.15124731560000002,0.007111865761994447,0.4088541666666667,1.0,0.18808382495471798,0.5987327859698902,0.3576331517506395,0.21920928750000004,0.30249463120000003,0.007111865761994447,0.40122476585526523,0.25084900386971515,0.5230359464557858,0.38463374548062446
0.5,1.0,2953.125,4912.5,1194.1875834118357,2507.6715958608397,2628.8,0.769774886622297,0.13194444375,0.15924731560000002,1024,2.5735927018207585,0.0,35.702478073258995,32.03903417399578,5.012200916026305,0.0,0.0,True,False,global_rtl_timing_not_closed,2953.125,2627.0903542020233,13.4646767999632,0.5839927859698902,0.769774886622297,0.13194444375,0.15924731560000002,0.00722829428373281,0.4921875,1.0,0.19235252571376002,0.5839927859698902,0.2790995464891881,0.2638888875,0.31849463120000004,0.00722829428373281,0.41267687003772113,0.2594968379858925,0.5372715907649648,0.39894101645647057
0.5,1.5,3453.125,5412.5,1194.1875834118357,3044.117086134277,2772.0000000000005,0.7589258796263351,0.15428424375,0.16724731560000003,1024,2.5735927018207585,0.0,35.534071684307165,32.03908329778792,4.3296103936996335,0.0,0.0,True,False,global_rtl_timing_not_closed,3453.125,3163.5358444754606,13.15976458749407,0.5971194526365569,0.7589258796263351,0.15428424375,0.16724731560000003,0.007107584457999158,0.5755208333333334,1.0,0.187996636964201,0.5971194526365569,0.23570351850534044,0.3085684875,0.33449463120000006,0.007107584457999158,0.42824953740270655,0.26736639135091844,0.558326676933671,0.41867439595850986
0.5,2.0,3953.125,5912.5,1194.1875834118357,3632.5185560952145,2932.8,0.7517419098025893,0.17662404375000001,0.1752473156,1024,2.5735927018207585,0.0,35.52838186027686,32.0391640306776,4.328993751734962,0.0,0.0,True,False,global_rtl_timing_not_closed,3953.125,3751.937314436398,13.153971618293252,0.6118594526365568,0.7517419098025893,0.17662404375000001,0.1752473156,0.00710354151780449,0.6588541666666666,1.0,0.18791388026133216,0.6118594526365568,0.2069676392103572,0.35324808750000003,0.3504946312,0.00710354151780449,0.4465295026701382,0.27799586161517276,0.5815229245202094,0.4404682702117148
0.5,2.5,4453.125,6412.5,1194.1875834118357,4272.876005743652,2807.2,0.7465392619763109,0.19896384375000004,0.18324731560000002,1024,2.5735927018207585,0.0,35.521846657964794,32.03927308749552,4.328010528509695,0.0,0.0,True,False,global_rtl_timing_not_closed,4453.125,4392.294764084836,13.147267035540613,0.6003461193032235,0.7465392619763109,0.19896384375000004,0.18324731560000002,0.0070989007263001285,0.7421875,1.0,0.18781810050772305,0.6003461193032235,0.1861570479052439,0.39792768750000007,0.36649463120000003,0.0070989007263001285,0.46297334785540756,0.28770294966915877,0.6015723687080953,0.4604280077329341
0.5,3.0,4953.125,6912.5,1194.1875834118357,4965.189435079589,2646.3999999999996,0.7425602392888561,0.22130364375000008,0.19124731560000002,1024,2.5735927018207585,0.0,35.68283178031847,32.039391919236245,5.032446179302265,0.0,0.0,True,False,global_rtl_timing_not_closed,4953.125,5084.608193420773,13.449168995987987,0.5856061193032235,0.7425602392888561,0.22130364375000008,0.19124731560000002,0.0072141073056765015,0.8255208333333334,1.0,0.19213098565697126,0.5856061193032235,0.17024095715542442,0.44260728750000017,0.38249463120000005,0.0072141073056765015,0.4806981273923419,0.2995012980980381,0.6220741218103404,0.4810013875018458
0.5,3.5,5453.125,7412.5,1194.1875834118355,5709.458844103026,2754.4000000000005,0.7394015045111824,0.24364344375000005,0.19924731560000003,1024,2.5735927018207585,0.0,35.51602284766958,32.03953218133131,4.325215214601603,0.0,0.0,True,False,global_rtl_timing_not_closed,5453.125,5828.87760244421,13.14094893592273,0.5955061193032236,0.7394015045111824,0.24364344375000005,0.19924731560000003,0.007094767664811795,0.9088541666666666,1.0,0.18772784194175327,0.5955061193032236,0.15760601804472962,0.4872868875000001,0.39849463120000006,0.007094767664811795,0.4990125602550482,0.30872658187581564,0.645716659879039,0.5034835522372113
0.5,4.0,5953.125,7912.5,1194.1875834118355,6505.684232813965,2915.2000000000003,0.7368244269681737,0.26598324375000004,0.20724731560000004,1024,2.5735927018207585,0.0,35.529110299876876,32.039711144418426,4.323768158450815,0.0,0.0,True,False,global_rtl_timing_not_closed,5953.125,6625.102991155149,13.153791717671647,0.6102461193032236,0.7368244269681737,0.26598324375000004,0.20724731560000004,0.007104058986745698,0.9921875,1.0,0.18791131025245209,0.6102461193032236,0.14729770787269514,0.5319664875000001,0.4144946312000001,0.007104058986745698,0.5192031721143795,0.32039989870474855,0.6707829535923356,0.5271474726171744
0.5,4.5,6453.125,8412.5,1194.1875834118355,7353.865601212402,2824.7999999999997,0.7346771204893207,0.2883230437500001,0.21524731560000002,1024,2.5735927018207585,0.0,35.58258560168431,32.03989569426577,4.3266000406451655,0.0,0.0,True,False,global_rtl_timing_not_closed,6453.125,7473.284359553585,13.207879533379785,0.6019594526365568,0.7346771204893207,0.2883230437500001,0.21524731560000002,0.00714214991199842,1.0,1.0,0.18868399333399694,0.6019594526365568,0.1387084819572828,0.5766460875000002,0.43049463120000003,0.00714214991199842,0.5223090427190831,0.32372665964739034,0.6737473088552114,0.5374128712133835
0.5,5.0,6953.125000000001,8912.5,1194.1875834118355,8254.00294929834,2663.9999999999995,0.7328575642498983,0.3106628437500001,0.22324731560000005,1024,2.5735927018207585,0.0,35.89029514271584,32.04004270321736,5.118244782505225,0.0,0.0,True,False,global_rtl_timing_not_closed,6953.125000000001,8373.421707639523,13.673954775021228,0.5872194526365568,0.7328575642498983,0.3106628437500001,0.22324731560000005,0.007365336907398253,1.0,1.0,0.19534221107173183,0.5872194526365568,0.13143025699959354,0.6213256875000002,0.4464946312000001,0.007365336907398253,0.5248280733572878,0.32870056378056656,0.6745194474829861,0.5465899698411583
0.5,5.5,7453.125000000001,9412.5,1194.1875834118355,9206.096277071776,3163.9999999999995,0.7312943289395828,0.3330026437500001,0.23124731560000003,1024,2.5735927018207585,0.0,36.088927051730785,32.04015185688228,4.654339191010188,0.0,0.0,True,False,global_rtl_timing_not_closed,7453.125000000001,9325.51503541296,13.779832854153394,0.6330527859698901,0.7312943289395828,0.3330026437500001,0.23124731560000003,0.007513098652109112,1.0,1.0,0.1968547550593342,0.6330527859698901,0.12517731575833135,0.6660052875000002,0.46249463120000006,0.007513098652109112,0.5322130047378667,0.3344237605285333,0.6839617758448556,0.5614085915363611
1.0,-5.5,7578.125000000001,9912.5,1293.1271145463618,10210.145584532715,2663.9999999999995,0.7309893546741648,0.3385875937500001,0.23324731560000003,1024,2.5735927018207585,0.0,36.24690808758089,32.03964777682368,5.2736992265480875,0.0,210.14558453271457,False,False,timing_limit;global_rtl_timing_not_closed,7578.125000000001,10339.458295987351,14.061559877096428,0.5872194526365568,0.7309893546741648,0.3385875937500001,0.23324731560000003,0.0076327338795132565,1.0,1.0,0.20087942681566326,0.5872194526365568,0.12395741869665944,0.6771751875000002,0.46649463120000006,0.0076327338795132565,0.5292843081601889,0.33466462334461194,0.6781317300756915,0.5597872024338637
1.0,-5.0,7078.125000000001,9412.5,1293.1271145463618,9206.096277071776,2163.9999999999995,0.7325062472758496,0.3162477937500001,0.22524731560000005,1024,2.5735927018207585,0.0,36.084002398022356,32.03949545478627,5.990254687150874,0.0,0.0,True,False,global_rtl_timing_not_closed,7078.125000000001,9335.408988526413,14.041927199149098,0.5413861193032234,0.7325062472758496,0.3162477937500001,0.22524731560000005,0.007509399622092076,1.0,1.0,0.20059895998784427,0.5413861193032234,0.13002498910339844,0.6324955875000002,0.4504946312000001,0.007509399622092076,0.5221913017348324,0.3294914782742795,0.6687952937207124,0.5450744727455512
1.0,-4.5,6578.125000000001,8912.5,1293.1271145463618,8254.00294929834,2324.7999999999997,0.7342669847547258,0.2939079937500001,0.21724731560000005,1024,2.5735927018207585,0.0,35.73409567996635,32.03929884710876,5.092279493884343,0.0,0.0,True,False,global_rtl_timing_not_closed,6578.125000000001,8383.315660752976,13.512376290520411,0.5561261193032235,0.7342669847547258,0.2939079937500001,0.21724731560000005,0.007251184588078617,1.0,1.0,0.19303394700743445,0.5561261193032235,0.13706793901890357,0.5878159875000002,0.4344946312000001,0.007251184588078617,0.5194185419778792,0.3240907469220676,0.6679071966625213,0.5357814156873602
1.0,-4.0,6078.125,8412.5,1293.1271145463618,7353.865601212402,2415.2000000000003,0.7363376495186437,0.27156819375,0.20924731560000004,1024,2.5735927018207585,0.0,35.67755810626256,32.03906400591554,5.095423977350309,0.0,0.0,True,False,global_rtl_timing_not_closed,6078.125,7483.178312667038,13.456408903211507,0.5644127859698902,0.7363376495186437,0.27156819375,0.20924731560000004,0.007210303823627431,1.0,1.0,0.19223441290302154,0.5644127859698902,0.14535059807457484,0.5431363875,0.4184946312000001,0.007210303823627431,0.5178375229475646,0.3215172667083085,0.6668624851194246,0.5266544108109301
1.0,-3.5,5578.125,7912.5,1293.1271145463618,6505.684232813965,2254.4000000000005,0.7388114844362224,0.24922839375000005,0.20124731560000003,1024,2.5735927018207585,0.0,35.66221560441623,32.03884750446859,5.100134268186178,0.0,0.0,True,False,global_rtl_timing_not_closed,5578.125,6634.996944268601,13.441954334170616,0.5496727859698902,0.7388114844362224,0.24922839375000005,0.20124731560000003,0.0071992498955686995,0.9296875,1.0,0.19202791905958022,0.5496727859698902,0.1552459377448896,0.4984567875000001,0.40249463120000006,0.0071992498955686995,0.5002038480609299,0.3111146706766639,0.6450077120057089,0.5048999276972145
1.0,-3.0,5078.125,7412.5,1293.1271145463618,5709.458844103026,2146.3999999999996,0.7418249938757464,0.22688859375000006,0.19324731560000002,1024,2.5735927018207585,0.0,35.866347030650914,32.03868440115735,5.957453492708938,0.0,0.0,True,False,global_rtl_timing_not_closed,5078.125,5838.771555557662,13.817508829482039,0.5397727859698902,0.7418249938757464,0.22688859375000006,0.19324731560000002,0.007347719419731135,0.8463541666666666,1.0,0.19739298327831484,0.5397727859698902,0.1672999755029858,0.4537771875000001,0.38649463120000005,0.007347719419731135,0.48207471817717285,0.3022990320344984,0.6214047323462668,0.4824573213711057
1.0,-2.5,4578.125,6912.5,1293.1271145463618,4965.189435079589,2307.2,0.7455874993624427,0.20454879375000004,0.18524731560000002,1024,2.5735927018207585,0.0,35.665812978764265,32.03855035797704,5.105557786037476,0.0,0.0,True,False,global_rtl_timing_not_closed,4578.125,5094.502146534225,13.44656212546602,0.5545127859698902,0.7455874993624427,0.20454879375000004,0.18524731560000002,0.007201840201145647,0.7630208333333334,1.0,0.19209374464951456,0.5545127859698902,0.1823499974497711,0.4090975875000001,0.37049463120000004,0.007201840201145647,0.46401367612612604,0.29000738657182706,0.6007162033838027,0.46169716574197495
1.0,-2.0,4078.125,6412.5,1293.1271145463618,4272.876005743652,2432.8,0.750439926031302,0.18220899375000005,0.1772473156,1024,2.5735927018207585,0.0,35.67172390202149,32.03843016532829,5.1071928821724475,0.0,0.0,True,False,global_rtl_timing_not_closed,4078.125,4402.188717198288,13.452770019788053,0.5660261193032236,0.750439926031302,0.18220899375000005,0.1772473156,0.007206098411993518,0.6796875,1.0,0.19218242885411504,0.5660261193032236,0.20175970412520838,0.3644179875000001,0.3544946312,0.007206098411993518,0.4474279303325713,0.28022698477317204,0.5805259420490156,0.4415966110738544
1.0,-1.5,3578.125,5912.5,1293.1271145463618,3632.5185560952145,2272.0000000000005,0.7569848800873921,0.15986919375,0.16924731560000003,1024,2.5735927018207585,0.0,35.67705466319103,32.03834281827038,5.108171117377603,0.0,0.0,True,False,global_rtl_timing_not_closed,3578.125,3761.8312675498505,13.458274591234145,0.5512861193032236,0.7569848800873921,0.15986919375,0.16924731560000003,0.007209940835014347,0.5963541666666666,1.0,0.19226106558905923,0.5512861193032236,0.22793952034956844,0.3197383875,0.33849463120000006,0.007209940835014347,0.42889130871437886,0.2694678172663858,0.5570736661327635,0.41954670849093584
1.0,-1.0,3078.125,5412.5,1293.1271145463618,3044.117086134277,2128.8,0.7664207781225968,0.13752939375,0.16124731560000002,1024,2.5735927018207585,0.0,35.884045642298055,32.03829029963227,5.959128303479257,0.0,0.0,True,False,global_rtl_timing_not_closed,3078.125,3173.429797588913,13.835443877901975,0.5381594526365568,0.7664207781225968,0.13752939375,0.16124731560000002,0.0073607353778030815,0.5130208333333334,1.0,0.1976491982557425,0.5381594526365568,0.26568311249038734,0.2750587875,0.32249463120000005,0.0073607353778030815,0.41301446721607704,0.2617861688153253,0.5355580650073201,0.39935281403215883
1.0,-0.5,2578.125,4912.5,1293.1271145463618,2507.6715958608397,2289.6,0.7816178371665904,0.11518959375000003,0.15324731560000002,1024,2.5735927018207585,0.0,35.682803439210474,32.03825912221335,5.108946924154655,0.0,0.0,True,False,global_rtl_timing_not_closed,2578.125,2636.9843073154757,13.464157604594742,0.5528994526365568,0.7816178371665904,0.11518959375000003,0.15324731560000002,0.007214086860126052,0.4296875,1.0,0.19234510863706775,0.5528994526365568,0.32647134866636174,0.23037918750000005,0.30649463120000003,0.007214086860126052,0.3995259569105714,0.25177909725885167,0.5194428339038327,0.38316595626200495
1.0,0.0,2078.125,4412.5,1293.1271145463618,2023.1820852749022,2450.4,0.8122606088821631,0.09284979375000002,0.14524731560000004,1024,2.5735927018207585,0.0,35.68369593365499,32.038246786475426,5.109048225639673,0.0,0.0,True,False,global_rtl_timing_not_closed,2078.125,2152.4947967295384,13.465067275401779,0.5676394526365569,0.8122606088821631,0.09284979375000002,0.14524731560000004,0.007214730742103165,0.3463541666666667,1.0,0.19235810393431113,0.5676394526365569,0.44904243552865264,0.18569958750000004,0.2904946312000001,0.007214730742103165,0.3935597321426424,0.2472833149287878,0.5100449609805516,0.3736964566720573
1.0,0.5,2578.125,4912.5,1293.1271145463618,2507.6715958608397,2289.6,0.7816178371665904,0.11518959375000003,0.15324731560000002,1024,2.5735927018207585,0.0,35.68280343921051,32.03825912221335,5.108946924154681,0.0,0.0,True,False,global_rtl_timing_not_closed,2578.125,2636.9843073154757,13.464157604594783,0.5528994526365568,0.7816178371665904,0.11518959375000003,0.15324731560000002,0.007214086860126077,0.4296875,1.0,0.19234510863706833,0.5528994526365568,0.32647134866636174,0.23037918750000005,0.30649463120000003,0.007214086860126077,0.39952595691057163,0.2517790972588519,0.5194428339038328,0.38316595626200506
1.0,1.0,3078.125,5412.5,1293.1271145463618,3044.117086134277,2128.8,0.7664207781225968,0.13752939375,0.16124731560000002,1024,2.5735927018207585,0.0,35.884045642298084,32.03829029963227,5.959128303479368,0.0,0.0,True,False,global_rtl_timing_not_closed,3078.125,3173.429797588913,13.835443877902025,0.5381594526365568,0.7664207781225968,0.13752939375,0.16124731560000002,0.0073607353778031015,0.5130208333333334,1.0,0.1976491982557432,0.5381594526365568,0.26568311249038734,0.2750587875,0.32249463120000005,0.0073607353778031015,0.4130144672160772,0.26178616881532557,0.5355580650073202,0.3993528140321589
1.0,1.5,3578.125,5912.5,1293.1271145463618,3632.5185560952145,2272.0000000000005,0.7569848800873921,0.15986919375,0.16924731560000003,1024,2.5735927018207585,0.0,35.67705466319109,32.03834281827038,5.108171117377602,0.0,0.0,True,False,global_rtl_timing_not_closed,3578.125,3761.8312675498505,13.458274591234208,0.5512861193032236,0.7569848800873921,0.15986919375,0.16924731560000003,0.007209940835014399,0.5963541666666666,1.0,0.19226106558906012,0.5512861193032236,0.22793952034956844,0.3197383875,0.33849463120000006,0.007209940835014399,0.4288913087143791,0.2694678172663862,0.5570736661327635,0.41954670849093595
1.0,2.0,4078.125,6412.5,1293.1271145463618,4272.876005743652,2432.8,0.750439926031302,0.18220899375000005,0.1772473156,1024,2.5735927018207585,0.0,35.67172390202158,32.03843016532829,5.107192882172473,0.0,0.0,True,False,global_rtl_timing_not_closed,4078.125,4402.188717198288,13.45277001978815,0.5660261193032236,0.750439926031302,0.18220899375000005,0.1772473156,0.007206098411993581,0.6796875,1.0,0.19218242885411643,0.5660261193032236,0.20175970412520838,0.3644179875000001,0.3544946312,0.007206098411993581,0.44742793033257167,0.2802269847731727,0.5805259420490158,0.4415966110738545
1.0,2.5,4578.125,6912.5,1293.1271145463618,4965.189435079589,2307.2,0.7455874993624427,0.20454879375000004,0.18524731560000002,1024,2.5735927018207585,0.0,35.66581297876436,32.038550357977044,5.105557786037476,0.0,0.0,True,False,global_rtl_timing_not_closed,4578.125,5094.502146534225,13.446562125466114,0.5545127859698902,0.7455874993624427,0.20454879375000004,0.18524731560000002,0.007201840201145711,0.7630208333333334,1.0,0.19209374464951592,0.5545127859698902,0.1823499974497711,0.4090975875000001,0.37049463120000004,0.007201840201145711,0.4640136761261264,0.2900073865718277,0.6007162033838028,0.46169716574197506
1.0,3.0,5078.125,7412.5,1293.1271145463618,5709.458844103026,2146.3999999999996,0.7418249938757464,0.22688859375000006,0.19324731560000002,1024,2.5735927018207585,0.0,35.86634703065098,32.03868440115734,5.957453492708913,0.0,0.0,True,False,global_rtl_timing_not_closed,5078.125,5838.771555557662,13.817508829482096,0.5397727859698902,0.7418249938757464,0.22688859375000006,0.19324731560000002,0.007347719419731181,0.8463541666666666,1.0,0.19739298327831564,0.5397727859698902,0.1672999755029858,0.4537771875000001,0.38649463120000005,0.007347719419731181,0.48207471817717307,0.30229903203449876,0.6214047323462668,0.4824573213711057
1.0,3.5,5578.125,7912.5,1293.1271145463618,6505.684232813965,2254.4000000000005,0.7388114844362224,0.24922839375000005,0.20124731560000003,1024,2.5735927018207585,0.0,35.66221560441636,32.03884750446859,5.10013426818615,0.0,0.0,True,False,global_rtl_timing_not_closed,5578.125,6634.996944268601,13.441954334170738,0.5496727859698902,0.7388114844362224,0.24922839375000005,0.20124731560000003,0.007199249895568789,0.9296875,1.0,0.19202791905958197,0.5496727859698902,0.1552459377448896,0.4984567875000001,0.40249463120000006,0.007199249895568789,0.5002038480609303,0.3111146706766647,0.6450077120057092,0.5048999276972146
1.0,4.0,6078.125,8412.5,1293.1271145463618,7353.865601212402,2415.2000000000003,0.7363376495186437,0.27156819375,0.20924731560000004,1024,2.5735927018207585,0.0,35.677558106262765,32.03906400591555,5.095423977350389,0.0,0.0,True,False,global_rtl_timing_not_closed,6078.125,7483.178312667038,13.45640890321173,0.5644127859698902,0.7363376495186437,0.27156819375,0.20924731560000004,0.007210303823627579,1.0,1.0,0.19223441290302473,0.5644127859698902,0.14535059807457484,0.5431363875,0.4184946312000001,0.007210303823627579,0.5178375229475654,0.32151726670831,0.6668624851194249,0.5266544108109305
1.0,4.5,6578.125000000001,8912.5,1293.1271145463618,8254.00294929834,2324.7999999999997,0.7342669847547258,0.2939079937500001,0.21724731560000005,1024,2.5735927018207585,0.0,35.73409567996658,32.03929884710876,5.092279493884397,0.0,0.0,True,False,global_rtl_timing_not_closed,6578.125000000001,8383.315660752976,13.512376290520649,0.5561261193032235,0.7342669847547258,0.2939079937500001,0.21724731560000005,0.007251184588078778,1.0,1.0,0.19303394700743784,0.5561261193032235,0.13706793901890357,0.5878159875000002,0.4344946312000001,0.007251184588078778,0.51941854197788,0.3240907469220692,0.6679071966625216,0.5357814156873605
1.0,5.0,7078.125000000001,9412.5,1293.1271145463618,9206.096277071776,2163.9999999999995,0.7325062472758496,0.3162477937500001,0.22524731560000005,1024,2.5735927018207585,0.0,36.08400239802261,32.03949545478627,5.990254687150927,0.0,0.0,True,False,global_rtl_timing_not_closed,7078.125000000001,9335.408988526413,14.041927199149365,0.5413861193032234,0.7325062472758496,0.3162477937500001,0.22524731560000005,0.007509399622092269,1.0,1.0,0.20059895998784807,0.5413861193032234,0.13002498910339844,0.6324955875000002,0.4504946312000001,0.007509399622092269,0.5221913017348334,0.32949147827428127,0.6687952937207128,0.5450744727455517
1.0,5.5,7578.125000000001,9912.5,1293.1271145463618,10210.145584532715,2663.9999999999995,0.7309893546741648,0.3385875937500001,0.23324731560000003,1024,2.5735927018207585,0.0,36.24690808758113,32.039647776823685,5.2736992265481115,0.0,210.14558453271457,False,False,timing_limit;global_rtl_timing_not_closed,7578.125000000001,10339.458295987351,14.061559877096677,0.5872194526365568,0.7309893546741648,0.3385875937500001,0.23324731560000003,0.0076327338795134396,1.0,1.0,0.2008794268156668,0.5872194526365568,0.12395741869665944,0.6771751875000002,0.46649463120000006,0.0076327338795134396,0.5292843081601898,0.33466462334461355,0.6781317300756918,0.559787202433864
1.5,-5.5,7712.5,10412.5,1531.5433392496602,11266.150871681151,2163.9999999999995,0.7308345934978917,0.344591415,0.23539731560000002,1024,2.5735927018207585,0.0,36.067919098028916,32.038807804303765,4.67085079167428,0.0,1266.1508716811513,False,False,timing_limit;global_rtl_timing_not_closed,7712.5,11419.305205606117,13.761791207439714,0.5413861193032234,0.7308345934978917,0.344591415,0.23539731560000002,0.0074973317365753175,1.0,1.0,0.19659701724913878,0.5413861193032234,0.123338373991567,0.68918283,0.47079463120000004,0.0074973317365753175,0.5243703098754212,0.33120322183416706,0.6715751966663828,0.5575830999412217
1.5,-5.0,7212.5,9912.5,1531.5433392496602,10210.145584532715,1663.9999999999998,0.7323443506335223,0.3222516150000001,0.22739731560000004,1024,2.5735927018207585,0.0,35.86051312504524,32.03856245356879,5.136231205933483,0.0,210.14558453271457,False,False,timing_limit;global_rtl_timing_not_closed,7212.5,10363.29991845768,13.647399979624131,0.49555278596989016,0.7323443506335223,0.3222516150000001,0.22739731560000004,0.007343434079714962,1.0,1.0,0.1949628568517733,0.49555278596989016,0.12937740253408947,0.6445032300000002,0.4547946312000001,0.007343434079714962,0.5169329695313128,0.32541337488443994,0.6620990085980556,0.5427306185395611
1.5,-4.5,6712.5,9412.5,1531.5433392496602,9206.096277071776,1824.7999999999997,0.7341002901668399,0.29991181499999997,0.21939731560000003,1024,2.5735927018207585,0.0,35.540923848112364,32.03826687150404,4.391974329379425,0.0,0.0,True,False,global_rtl_timing_not_closed,6712.5,9359.250610996742,13.17888543186426,0.5102927859698901,0.7341002901668399,0.29991181499999997,0.21939731560000003,0.007112456360258699,1.0,1.0,0.18826979188377513,0.5102927859698901,0.13640116066735963,0.5998236299999999,0.43879463120000006,0.007112456360258699,0.5143790013306946,0.3204095080116131,0.6612975490286099,0.5335241989701155
1.5,-4.0,6212.5,8912.5,1531.5433392496602,8254.00294929834,1915.2000000000005,0.7361709907741323,0.277572015,0.21139731560000002,1024,2.5735927018207585,0.0,35.47709816165224,32.03794002120278,4.400409264016233,0.0,0.0,True,False,global_rtl_timing_not_closed,6212.5,8407.157283223305,13.116665019756185,0.5185794526365569,0.7361709907741323,0.277572015,0.21139731560000002,0.007067205182289459,1.0,1.0,0.18738092885365978,0.5185794526365569,0.1446839630965293,0.55514403,0.42279463120000005,0.007067205182289459,0.5127752273649525,0.3177949628672591,0.660243700409617,0.5243880570177891
1.5,-3.5,5712.5,8412.5,1531.5433392496602,7353.865601212402,1754.4000000000003,0.7386544615488075,0.25523221500000004,0.20339731560000002,1024,2.5735927018207585,0.0,35.456723195863894,32.03766009324581,4.408389735975103,0.0,0.0,True,False,global_rtl_timing_not_closed,5712.5,7507.019935137368,13.097816166370368,0.5038394526365569,0.7386544615488075,0.25523221500000004,0.20339731560000002,0.007052820435321377,0.9520833333333333,1.0,0.18711165951957667,0.5038394526365569,0.15461784619523034,0.5104644300000001,0.40679463120000003,0.007052820435321377,0.4996085465332718,0.3096049622057965,0.6439852958820637,0.5059903591569024
1.5,-3.0,5212.5,7912.5,1531.5433392496602,6505.684232813965,1646.3999999999999,0.7416967137660709,0.23289241500000005,0.1953973156,1024,2.5735927018207585,0.0,35.61900222967454,32.03746040436648,5.028206202871458,0.0,0.0,True,False,global_rtl_timing_not_closed,5212.5,6658.83856673893,13.384008571340454,0.4939394526365568,0.7416967137660709,0.23289241500000005,0.1953973156,0.007168206629731429,0.86875,1.0,0.19120012244772078,0.4939394526365568,0.16678685506428392,0.4657848300000001,0.3907946312,0.007168206629731429,0.48116845510498735,0.3002139848724627,0.6202644990381705,0.4834299356463428
1.5,-2.5,4712.5,7412.5,1531.5433392496602,5709.458844103026,1807.1999999999998,0.7455272739337132,0.21055261500000003,0.1873973156,1024,2.5735927018207585,0.0,35.45567012011822,32.03730281665039,4.416316516981962,0.0,0.0,True,False,global_rtl_timing_not_closed,4712.5,5862.613178027992,13.09825912767721,0.5086794526365569,0.7455272739337132,0.21055261500000003,0.1873973156,0.0070520777590128815,0.7854166666666667,1.0,0.18711798753824585,0.5086794526365569,0.182109095734853,0.42110523000000005,0.3747946312,0.0070520777590128815,0.4634418858909371,0.2884895970892504,0.5997263898374107,0.4628201997789162
1.5,-2.0,4212.5,6912.5,1531.5433392496602,4965.189435079589,1932.8000000000002,0.7505340910235537,0.18821281499999998,0.17939731560000002,1024,2.5735927018207585,0.0,35.460337537258326,32.03716575725656,4.418522432805112,0.0,0.0,True,False,global_rtl_timing_not_closed,4212.5,5118.343769004555,13.103333463133488,0.5201927859698903,0.7505340910235537,0.18821281499999998,0.17939731560000002,0.00705537002613289,0.7020833333333333,1.0,0.1871904780447641,0.5201927859698903,0.2021363640942151,0.37642562999999996,0.35879463120000005,0.00705537002613289,0.44691375124688154,0.278732593021909,0.5795962170040213,0.44277973361219364
1.5,-1.5,3712.5000000000005,6412.5,1531.5433392496602,4272.876005743652,1772.0000000000002,0.7574448035995867,0.16587301500000004,0.17139731560000004,1024,2.5735927018207585,0.0,35.464964856726404,32.03706854090187,4.419810689084449,0.0,0.0,True,False,global_rtl_timing_not_closed,3712.5000000000005,4426.030339668618,13.108194129768762,0.5054527859698902,0.7574448035995867,0.16587301500000004,0.17139731560000004,0.007058635526707984,0.61875,1.0,0.18725991613955376,0.5054527859698902,0.2297792143983468,0.3317460300000001,0.3427946312000001,0.007058635526707984,0.4285210756843829,0.2680423224465526,0.556289295785609,0.4208751857271145
1.5,-1.0,3212.5000000000005,5912.5,1531.5433392496602,3632.5185560952145,1628.8,0.767866965853385,0.14353321500000005,0.16339731560000004,1024,2.5735927018207585,0.0,35.6328074912586,32.03701099928277,5.022135944630682,0.0,0.0,True,False,global_rtl_timing_not_closed,3212.5000000000005,3785.6728900201806,13.396487430005433,0.49232611930322356,0.767866965853385,0.14353321500000005,0.16339731560000004,0.007178109360409247,0.5354166666666668,1.0,0.19137839185722047,0.49232611930322356,0.2714678634135401,0.2870664300000001,0.3267946312000001,0.007178109360409247,0.41271819356535583,0.259980317070336,0.5350396686172467,0.4009472652254189
1.5,-0.5,2712.5000000000005,5412.5,1531.5433392496602,3044.117086134277,1789.6000000000001,0.786599749025329,0.12119341500000003,0.15539731560000003,1024,2.5735927018207585,0.0,35.470183701783455,32.03697717087312,4.420812905150878,0.0,0.0,True,False,global_rtl_timing_not_closed,2712.5000000000005,3197.271420059243,13.11359057553191,0.5070661193032235,0.786599749025329,0.12119341500000003,0.15539731560000003,0.007062320280645153,0.4520833333333334,1.0,0.18733700822188443,0.5070661193032235,0.3463989961013163,0.24238683000000005,0.31079463120000006,0.007062320280645153,0.4009627353506563,0.2512547799195373,0.5204665407351692,0.38630251067667476
1.5,0.0,2212.5,4912.5,1531.5433392496602,2507.6715958608397,1950.4,0.8453119015587288,0.09885361499999999,0.14739731560000002,1024,2.5735927018207585,0.0,35.471009292756314,32.036963847687176,4.420940243806647,0.0,0.0,True,False,global_rtl_timing_not_closed,2212.5,2660.825929785806,13.114438303439437,0.5218061193032235,0.8453119015587288,0.09885361499999999,0.14739731560000002,0.007062903363501332,0.36875,1.0,0.1873491186205634,0.5218061193032235,0.5812476062349154,0.19770722999999998,0.29479463120000005,0.007062903363501332,0.4062240356053049,0.25237246338886077,0.5222963286092064,0.38806067188404536
1.5,0.5,2712.5000000000005,5412.5,1531.5433392496602,3044.117086134277,1789.6000000000001,0.786599749025329,0.12119341500000003,0.15539731560000003,1024,2.5735927018207585,0.0,35.47018370178346,32.03697717087312,4.420812905150825,0.0,0.0,True,False,global_rtl_timing_not_closed,2712.5000000000005,3197.271420059243,13.113590575531907,0.5070661193032235,0.786599749025329,0.12119341500000003,0.15539731560000003,0.007062320280645159,0.4520833333333334,1.0,0.18733700822188437,0.5070661193032235,0.3463989961013163,0.24238683000000005,0.31079463120000006,0.007062320280645159,0.4009627353506563,0.2512547799195373,0.5204665407351692,0.38630251067667476
1.5,1.0,3212.5000000000005,5912.5,1531.5433392496602,3632.5185560952145,1628.8,0.767866965853385,0.14353321500000005,0.16339731560000004,1024,2.5735927018207585,0.0,35.63280749125863,32.037010999282764,5.022135944630676,0.0,0.0,True,False,global_rtl_timing_not_closed,3212.5000000000005,3785.6728900201806,13.396487430005457,0.49232611930322356,0.767866965853385,0.14353321500000005,0.16339731560000004,0.007178109360409266,0.5354166666666668,1.0,0.19137839185722083,0.49232611930322356,0.2714678634135401,0.2870664300000001,0.3267946312000001,0.007178109360409266,0.4127181935653559,0.25998031707033614,0.5350396686172468,0.40094726522541896
1.5,1.5,3712.5000000000005,6412.5,1531.5433392496602,4272.876005743652,1772.0000000000002,0.7574448035995867,0.16587301500000004,0.17139731560000004,1024,2.5735927018207585,0.0,35.46496485672645,32.03706854090187,4.419810689084476,0.0,0.0,True,False,global_rtl_timing_not_closed,3712.5000000000005,4426.030339668618,13.108194129768815,0.5054527859698902,0.7574448035995867,0.16587301500000004,0.17139731560000004,0.0070586355267080216,0.61875,1.0,0.1872599161395545,0.5054527859698902,0.2297792143983468,0.3317460300000001,0.3427946312000001,0.0070586355267080216,0.42852107568438313,0.268042322446553,0.5562892957856092,0.4208751857271146
1.5,2.0,4212.5,6912.5,1531.5433392496602,4965.189435079589,1932.8000000000002,0.7505340910235537,0.18821281499999998,0.17939731560000002,1024,2.5735927018207585,0.0,35.46033753725842,32.03716575725657,4.418522432805005,0.0,0.0,True,False,global_rtl_timing_not_closed,4212.5,5118.343769004555,13.103333463133561,0.5201927859698903,0.7505340910235537,0.18821281499999998,0.17939731560000002,0.0070553700261329596,0.7020833333333333,1.0,0.18719047804476516,0.5201927859698903,0.2021363640942151,0.37642562999999996,0.35879463120000005,0.0070553700261329596,0.44691375124688176,0.27873259302190956,0.5795962170040214,0.44277973361219375
1.5,2.5,4712.5,7412.5,1531.5433392496602,5709.458844103026,1807.1999999999998,0.7455272739337132,0.21055261500000003,0.1873973156,1024,2.5735927018207585,0.0,35.45567012011831,32.037302816650396,4.416316516981936,0.0,0.0,True,False,global_rtl_timing_not_closed,4712.5,5862.613178027992,13.098259127677299,0.5086794526365569,0.7455272739337132,0.21055261500000003,0.1873973156,0.007052077759012951,0.7854166666666667,1.0,0.18711798753824713,0.5086794526365569,0.182109095734853,0.42110523000000005,0.3747946312,0.007052077759012951,0.46344188589093743,0.288489597089251,0.5997263898374109,0.4628201997789163
1.5,3.0,5212.5,7912.5,1531.5433392496602,6505.684232813965,1646.3999999999999,0.7416967137660709,0.23289241500000005,0.1953973156,1024,2.5735927018207585,0.0,35.61900222967461,32.03746040436648,5.028206202871326,0.0,0.0,True,False,global_rtl_timing_not_closed,5212.5,6658.83856673893,13.384008571340491,0.4939394526365568,0.7416967137660709,0.23289241500000005,0.1953973156,0.00716820662973148,0.86875,1.0,0.1912001224477213,0.4939394526365568,0.16678685506428392,0.4657848300000001,0.3907946312,0.00716820662973148,0.4811684551049875,0.300213984872463,0.6202644990381705,0.4834299356463428
1.5,3.5,5712.5,8412.5,1531.5433392496602,7353.865601212402,1754.4000000000003,0.7386544615488075,0.25523221500000004,0.20339731560000002,1024,2.5735927018207585,0.0,35.456723195864036,32.03766009324582,4.408389735975183,0.0,0.0,True,False,global_rtl_timing_not_closed,5712.5,7507.019935137368,13.097816166370528,0.5038394526365569,0.7386544615488075,0.25523221500000004,0.20339731560000002,0.007052820435321477,0.9520833333333333,1.0,0.18711165951957898,0.5038394526365569,0.15461784619523034,0.5104644300000001,0.40679463120000003,0.007052820435321477,0.49960854653327236,0.30960496220579764,0.6439852958820639,0.5059903591569026
1.5,4.0,6212.5,8912.5,1531.5433392496602,8254.00294929834,1915.2000000000005,0.7361709907741323,0.277572015,0.21139731560000002,1024,2.5735927018207585,0.0,35.4770981616524,32.03794002120278,4.400409264016286,0.0,0.0,True,False,global_rtl_timing_not_closed,6212.5,8407.157283223305,13.116665019756352,0.5185794526365569,0.7361709907741323,0.277572015,0.21139731560000002,0.007067205182289565,1.0,1.0,0.18738092885366217,0.5185794526365569,0.1446839630965293,0.55514403,0.42279463120000005,0.007067205182289565,0.5127752273649531,0.3177949628672602,0.6602437004096172,0.5243880570177893
1.5,4.5,6712.5,9412.5,1531.5433392496602,9206.096277071776,1824.7999999999997,0.7341002901668399,0.29991181499999997,0.21939731560000003,1024,2.5735927018207585,0.0,35.540923848112556,32.03826687150404,4.391974329379559,0.0,0.0,True,False,global_rtl_timing_not_closed,6712.5,9359.250610996742,13.178885431864478,0.5102927859698901,0.7341002901668399,0.29991181499999997,0.21939731560000003,0.007112456360258839,1.0,1.0,0.18826979188377826,0.5102927859698901,0.13640116066735963,0.5998236299999999,0.43879463120000006,0.007112456360258839,0.5143790013306955,0.3204095080116145,0.6612975490286103,0.5335241989701158
1.5,5.0,7212.5,9912.5,1531.5433392496602,10210.145584532715,1663.9999999999998,0.7323443506335223,0.3222516150000001,0.22739731560000004,1024,2.5735927018207585,0.0,35.86051312504545,32.03856245356879,5.136231205933565,0.0,210.14558453271457,False,False,timing_limit;global_rtl_timing_not_closed,7212.5,10363.29991845768,13.64739997962436,0.49555278596989016,0.7323443506335223,0.3222516150000001,0.22739731560000004,0.007343434079715119,1.0,1.0,0.19496285685177658,0.49555278596989016,0.12937740253408947,0.6445032300000002,0.4547946312000001,0.007343434079715119,0.5169329695313136,0.32541337488444155,0.6620990085980558,0.5427306185395613
1.5,5.5,7712.5,10412.5,1531.5433392496602,11266.150871681151,2163.9999999999995,0.7308345934978917,0.344591415,0.23539731560000002,1024,2.5735927018207585,0.0,36.067919098029165,32.03880780430377,4.67085079167436,0.0,1266.1508716811513,False,False,timing_limit;global_rtl_timing_not_closed,7712.5,11419.305205606117,13.76179120743998,0.5413861193032234,0.7308345934978917,0.344591415,0.23539731560000002,0.007497331736575504,1.0,1.0,0.19659701724914258,0.5413861193032234,0.123338373991567,0.68918283,0.47079463120000004,0.007497331736575504,0.5243703098754222,0.33120322183416884,0.6715751966663832,0.557583099941222
2.0,-5.5,7962.5,10912.5,1710.8112110925624,12374.112138517088,1663.9999999999998,0.7303132194630395,0.35576131499999997,0.23939731560000005,1024,2.5735927018207585,0.0,36.071901191172714,32.03744121949286,4.700654539618702,0.0,2374.112138517088,False,False,timing_limit;global_rtl_timing_not_closed,7962.5,12545.193259626345,13.771392403969669,0.49555278596989016,0.7303132194630395,0.35576131499999997,0.23939731560000005,0.00750031783841314,1.0,1.0,0.1967341771995667,0.49555278596989016,0.12125287785215821,0.7115226299999999,0.4787946312000001,0.00750031783841314,0.5211300055259379,0.33038658955859007,0.6660225023525767,0.5581560522940823
2.0,-5.0,7462.5,10412.5,1710.8112110925624,11266.150871681151,1163.9999999999998,0.7317521847888796,0.33342151500000006,0.23139731560000004,1024,2.5735927018207585,0.0,35.847668542500244,32.03696753102843,5.1647054096379,0.0,1266.1508716811513,False,False,timing_limit;global_rtl_timing_not_closed,7462.5,11437.231992790408,13.639851507184932,0.4497194526365569,0.7317521847888796,0.33342151500000006,0.23139731560000004,0.007334007800322071,1.0,1.0,0.1948550215312133,0.4497194526365569,0.12700873915551858,0.6668430300000001,0.4627946312000001,0.007334007800322071,0.5136018584020431,0.3244698538987142,0.6564928774141727,0.543250134022345
2.0,-4.5,6962.5,9912.5,1710.8112110925624,10210.145584532715,1324.7999999999997,0.7334205640764943,0.31108171500000004,0.22339731560000003,1024,2.5735927018207585,0.0,35.50871689832491,32.03646353039754,4.430242114435794,0.0,210.14558453271457,False,False,timing_limit;global_rtl_timing_not_closed,6962.5,10381.226705641971,13.153881203811457,0.46445945263655686,0.7334205640764943,0.31108171500000004,0.22339731560000003,0.007089586156516997,1.0,1.0,0.18791258862587795,0.46445945263655686,0.1336822563059772,0.6221634300000001,0.44679463120000007,0.007089586156516997,0.5109491797263745,0.3193335706200752,0.6556307847564949,0.5339830813646671
2.0,-4.0,6462.5,9412.5,1710.8112110925624,9206.096277071776,1415.2000000000005,0.7353806059744372,0.28874191500000007,0.21539731560000003,1024,2.5735927018207585,0.0,35.43073648795562,32.0359710179697,4.448145631684354,0.0,0.0,True,False,global_rtl_timing_not_closed,6462.5,9377.177398181033,13.079358368784916,0.4727461193032235,0.7353806059744372,0.28874191500000007,0.21539731560000003,0.007034516270413311,1.0,1.0,0.18684797669692738,0.4727461193032235,0.14152242389774905,0.5774838300000001,0.43079463120000006,0.007034516270413311,0.5092562231813704,0.3166158429877486,0.654514606828472,0.5247846101033107
2.0,-3.5,5962.5,8912.5,1710.8112110925624,8254.00294929834,1254.4000000000003,0.737720344394579,0.26640211500000005,0.20739731560000002,1024,2.5735927018207585,0.0,35.40179407174477,32.035590194056404,4.460232878203176,0.0,0.0,True,False,global_rtl_timing_not_closed,5962.5,8425.084070407596,13.052738195899504,0.45800611930322355,0.737720344394579,0.26640211500000005,0.20739731560000002,0.0070141861150217494,0.99375,1.0,0.18646768851285006,0.45800611930322355,0.1508813775783162,0.5328042300000001,0.41479463120000004,0.0070141861150217494,0.5043370334878687,0.3125126149578638,0.6486039768703511,0.5125680201451901
2.0,-3.0,5462.5,8412.5,1710.8112110925624,7353.865601212402,1146.3999999999999,0.7405690591016031,0.24406231500000003,0.1993973156,1024,2.5735927018207585,0.0,35.559328823341694,32.03533630325224,5.0683542521407805,0.0,0.0,True,False,global_rtl_timing_not_closed,5462.5,7524.946722321658,13.33183374958291,0.4481061193032235,0.7405690591016031,0.24406231500000003,0.1993973156,0.007125558872443685,0.9104166666666667,1.0,0.19045476785118443,0.4481061193032235,0.16227623640641253,0.48812463000000006,0.3987946312,0.007125558872443685,0.48579377981433747,0.3030365048196702,0.6247954259915319,0.4899198425997043
2.0,-2.5,4962.5,7912.5,1710.8112110925624,6505.684232813965,1307.1999999999998,0.744125816962127,0.221722515,0.1913973156,1024,2.5735927018207585,0.0,35.39370498303347,32.03514551889503,4.4702266259652195,0.0,0.0,True,False,global_rtl_timing_not_closed,4962.5,6676.765353923221,13.046536687950274,0.4628461193032235,0.744125816962127,0.221722515,0.1913973156,0.007008514571839607,0.8270833333333333,1.0,0.18637909554214677,0.4628461193032235,0.17650326784850812,0.44344503,0.3827946312,0.007008514571839607,0.46795921378456046,0.2912600816592538,0.6041483963564744,0.4692011862979798
2.0,-2.0,4462.5,7412.5,1710.8112110925624,5709.458844103026,1432.8000000000002,0.7487166122025876,0.19938271500000002,0.18339731560000003,1024,2.5735927018207585,0.0,35.39665270556747,32.03498523634765,4.47254072339918,0.0,0.0,True,False,global_rtl_timing_not_closed,4462.5,5880.539965212282,13.049907159334218,0.4743594526365569,0.7487166122025876,0.19938271500000002,0.18339731560000003,0.00701058079199016,0.74375,1.0,0.18642724513334596,0.4743594526365569,0.19486644881035042,0.39876543000000003,0.36679463120000005,0.00701058079199016,0.45125846256722624,0.2814086746007491,0.5838493193894527,0.44899181599762483
2.0,-1.5,3962.5000000000005,6912.5,1710.8112110925624,4965.189435079589,1272.0000000000002,0.7549217442296212,0.17704291500000005,0.17539731560000005,1024,2.5735927018207585,0.0,35.40033727242343,32.03487458438537,4.474204012627707,0.0,0.0,True,False,global_rtl_timing_not_closed,3962.5000000000005,5136.270556188845,13.053896721045312,0.4596194526365569,0.7549217442296212,0.17704291500000005,0.17539731560000005,0.00701316436329071,0.6604166666666668,1.0,0.18648423887207588,0.4596194526365569,0.21968697691848504,0.3540858300000001,0.3507946312000001,0.00701316436329071,0.4325803755031857,0.27057155156951107,0.5602588874193708,0.4268037573608764
2.0,-1.0,3462.5000000000005,6412.5,1710.8112110925624,4272.876005743652,1128.8,0.7639057812222818,0.15470311500000003,0.16739731560000004,1024,2.5735927018207585,0.0,35.567694305274244,32.034810160401065,5.075636283036574,0.0,0.0,True,False,global_rtl_timing_not_closed,3462.5000000000005,4443.957126852908,13.341524101981825,0.44649278596989017,0.7639057812222818,0.15470311500000003,0.16739731560000004,0.0071315222398186905,0.5770833333333334,1.0,0.19059320145688322,0.44649278596989017,0.2556231248891274,0.30940623000000006,0.3347946312000001,0.0071315222398186905,0.41619975340077114,0.2622174170398454,0.5384330030354089,0.406299579643581
2.0,-0.5,2962.5000000000005,5912.5,1710.8112110925624,3632.5185560952145,1289.6000000000001,0.7784906582150438,0.13236331500000004,0.15939731560000003,1024,2.5735927018207585,0.0,35.404866235012086,32.034772944119084,4.475303338993323,0.0,0.0,True,False,global_rtl_timing_not_closed,2962.5000000000005,3803.599677204471,13.058620138840523,0.46123278596989026,0.7784906582150438,0.13236331500000004,0.15939731560000003,0.007016341318554926,0.4937500000000001,1.0,0.18655171626915032,0.46123278596989026,0.31396263286017545,0.2647266300000001,0.31879463120000007,0.007016341318554926,0.4027851681421497,0.25266237458633195,0.522200732934344,0.38999568287584946
2.0,0.0,2462.5,5412.5,1710.8112110925624,3044.117086134277,1450.4,0.8083571443631543,0.11002351500000002,0.15139731560000003,1024,2.5735927018207585,0.0,35.40560878435199,32.03475836455036,4.475217437798894,0.0,0.0,True,False,global_rtl_timing_not_closed,2462.5,3215.1982072435335,13.05934186304936,0.47597278596989023,0.8083571443631543,0.11002351500000002,0.15139731560000003,0.007016862335860206,0.41041666666666665,1.0,0.18656202661499086,0.47597278596989023,0.4334285774526174,0.22004703000000003,0.30279463120000005,0.007016862335860206,0.39650774562291785,0.24801010234171,0.512492071145704,0.3802153944205429
2.0,0.5,2962.5000000000005,5912.5,1710.8112110925624,3632.5185560952145,1289.6000000000001,0.7784906582150438,0.13236331500000004,0.15939731560000003,1024,2.5735927018207585,0.0,35.40486623501211,32.034772944119084,4.47530333899327,0.0,0.0,True,False,global_rtl_timing_not_closed,2962.5000000000005,3803.599677204471,13.058620138840533,0.46123278596989026,0.7784906582150438,0.13236331500000004,0.15939731560000003,0.007016341318554944,0.4937500000000001,1.0,0.18655171626915049,0.46123278596989026,0.31396263286017545,0.2647266300000001,0.31879463120000007,0.007016341318554944,0.4027851681421497,0.25266237458633206,0.522200732934344,0.38999568287584946
2.0,1.0,3462.5000000000005,6412.5,1710.8112110925624,4272.876005743652,1128.8,0.7639057812222818,0.15470311500000003,0.16739731560000004,1024,2.5735927018207585,0.0,35.567694305274266,32.034810160401065,5.075636283036632,0.0,0.0,True,False,global_rtl_timing_not_closed,3462.5000000000005,4443.957126852908,13.34152410198186,0.44649278596989017,0.7639057812222818,0.15470311500000003,0.16739731560000004,0.007131522239818703,0.5770833333333334,1.0,0.19059320145688372,0.44649278596989017,0.2556231248891274,0.30940623000000006,0.3347946312000001,0.007131522239818703,0.41619975340077126,0.2622174170398457,0.5384330030354089,0.40629957964358104
2.0,1.5,3962.5000000000005,6912.5,1710.8112110925624,4965.189435079589,1272.0000000000002,0.7549217442296212,0.17704291500000005,0.17539731560000005,1024,2.5735927018207585,0.0,35.400337272423464,32.03487458438536,4.4742040126277605,0.0,0.0,True,False,global_rtl_timing_not_closed,3962.5000000000005,5136.270556188845,13.053896721045357,0.4596194526365569,0.7549217442296212,0.17704291500000005,0.17539731560000005,0.007013164363290734,0.6604166666666668,1.0,0.18648423887207652,0.4596194526365569,0.21968697691848504,0.3540858300000001,0.3507946312000001,0.007013164363290734,0.4325803755031858,0.27057155156951135,0.5602588874193709,0.4268037573608765
2.0,2.0,4462.5,7412.5,1710.8112110925624,5709.458844103026,1432.8000000000002,0.7487166122025876,0.19938271500000002,0.18339731560000003,1024,2.5735927018207585,0.0,35.39665270556755,32.03498523634765,4.47254072339918,0.0,0.0,True,False,global_rtl_timing_not_closed,4462.5,5880.539965212282,13.049907159334296,0.4743594526365569,0.7487166122025876,0.19938271500000002,0.18339731560000003,0.007010580791990216,0.74375,1.0,0.18642724513334707,0.4743594526365569,0.19486644881035042,0.39876543000000003,0.36679463120000005,0.007010580791990216,0.4512584625672265,0.2814086746007496,0.5838493193894528,0.44899181599762494
2.0,2.5,4962.5,7912.5,1710.8112110925624,6505.684232813965,1307.1999999999998,0.744125816962127,0.221722515,0.1913973156,1024,2.5735927018207585,0.0,35.39370498303357,32.03514551889503,4.470226625965246,0.0,0.0,True,False,global_rtl_timing_not_closed,4962.5,6676.765353923221,13.046536687950379,0.4628461193032235,0.744125816962127,0.221722515,0.1913973156,0.007008514571839682,0.8270833333333333,1.0,0.18637909554214827,0.4628461193032235,0.17650326784850812,0.44344503,0.3827946312,0.007008514571839682,0.46795921378456085,0.2912600816592545,0.6041483963564745,0.46920118629798
2.0,3.0,5462.5,8412.5,1710.8112110925624,7353.865601212402,1146.3999999999999,0.7405690591016031,0.24406231500000003,0.1993973156,1024,2.5735927018207585,0.0,35.55932882334177,32.03533630325224,5.068354252140821,0.0,0.0,True,False,global_rtl_timing_not_closed,5462.5,7524.946722321658,13.331833749582996,0.4481061193032235,0.7405690591016031,0.24406231500000003,0.1993973156,0.007125558872443742,0.9104166666666667,1.0,0.19045476785118565,0.4481061193032235,0.16227623640641253,0.48812463000000006,0.3987946312,0.007125558872443742,0.48579377981433775,0.30303650481967076,0.624795425991532,0.4899198425997044
2.0,3.5,5962.5,8912.5,1710.8112110925624,8254.00294929834,1254.4000000000003,0.737720344394579,0.26640211500000005,0.20739731560000002,1024,2.5735927018207585,0.0,35.40179407174486,32.035590194056404,4.46023287820323,0.0,0.0,True,False,global_rtl_timing_not_closed,5962.5,8425.084070407596,13.052738195899607,0.45800611930322355,0.737720344394579,0.26640211500000005,0.20739731560000002,0.007014186115021818,0.99375,1.0,0.18646768851285153,0.45800611930322355,0.1508813775783162,0.5328042300000001,0.41479463120000004,0.007014186115021818,0.5043370334878691,0.31251261495786453,0.6486039768703512,0.5125680201451903
2.0,4.0,6462.5,9412.5,1710.8112110925624,9206.096277071776,1415.2000000000005,0.7353806059744372,0.28874191500000007,0.21539731560000003,1024,2.5735927018207585,0.0,35.43073648795574,32.0359710179697,4.448145631684327,0.0,0.0,True,False,global_rtl_timing_not_closed,6462.5,9377.177398181033,13.079358368785032,0.4727461193032235,0.7353806059744372,0.28874191500000007,0.21539731560000003,0.0070345162704133985,1.0,1.0,0.186847976696929,0.4727461193032235,0.14152242389774905,0.5774838300000001,0.43079463120000006,0.0070345162704133985,0.5092562231813709,0.31661584298774936,0.6545146068284721,0.5247846101033109
2.0,4.5,6962.5,9912.5,1710.8112110925624,10210.145584532715,1324.7999999999997,0.7334205640764943,0.31108171500000004,0.22339731560000003,1024,2.5735927018207585,0.0,35.50871689832504,32.03646353039754,4.43024211443569,0.0,210.14558453271457,False,False,timing_limit;global_rtl_timing_not_closed,6962.5,10381.226705641971,13.153881203811563,0.46445945263655686,0.7334205640764943,0.31108171500000004,0.22339731560000003,0.007089586156517086,1.0,1.0,0.18791258862587948,0.46445945263655686,0.1336822563059772,0.6221634300000001,0.44679463120000007,0.007089586156517086,0.5109491797263749,0.3193335706200759,0.655630784756495,0.5339830813646672
2.0,5.0,7462.5,10412.5,1710.8112110925624,11266.150871681151,1163.9999999999998,0.7317521847888796,0.33342151500000006,0.23139731560000004,1024,2.5735927018207585,0.0,35.847668542500436,32.03696753102844,5.164705409638007,0.0,1266.1508716811513,False,False,timing_limit;global_rtl_timing_not_closed,7462.5,11437.231992790408,13.639851507185147,0.4497194526365569,0.7317521847888796,0.33342151500000006,0.23139731560000004,0.007334007800322208,1.0,1.0,0.1948550215312164,0.4497194526365569,0.12700873915551858,0.6668430300000001,0.4627946312000001,0.007334007800322208,0.5136018584020439,0.32446985389871563,0.6564928774141731,0.5432501340223452
2.0,5.5,7962.5,10912.5,1710.8112110925624,12374.112138517088,1663.9999999999998,0.7303132194630395,0.35576131499999997,0.23939731560000005,1024,2.5735927018207585,0.0,36.07190119117292,32.03744121949286,4.700654539618729,0.0,2374.112138517088,False,False,timing_limit;global_rtl_timing_not_closed,7962.5,12545.193259626345,13.77139240396988,0.49555278596989016,0.7303132194630395,0.35576131499999997,0.23939731560000005,0.007500317838413294,1.0,1.0,0.19673417719956973,0.49555278596989016,0.12125287785215821,0.7115226299999999,0.4787946312000001,0.007500317838413294,0.5211300055259386,0.3303865895585915,0.6660225023525771,0.5581560522940825
2.5,-5.5,8228.125,11412.5,1948.8753768199238,13534.029385040527,1163.9999999999998,0.7299002484521102,0.36762933375000006,0.24364731560000003,1024,2.5735927018207585,0.0,36.13727311013522,32.03565630132039,4.783138225773865,0.0,3534.029385040527,False,False,timing_limit;global_rtl_timing_not_closed,8228.125,13728.91692272252,13.852814830620089,0.4497194526365569,0.7299002484521102,0.36762933375000006,0.24364731560000003,0.007549509467783088,1.0,1.0,0.19789735472314413,0.4497194526365569,0.11960099380844103,0.7352586675000001,0.48729463120000005,0.007549509467783088,0.5182889992070642,0.3301573987762214,0.6607128931570312,0.5592117135152034
2.5,-5.0,7728.125,10912.5,1948.8753768199238,12374.112138517088,663.9999999999997,0.7312987171016174,0.34528953375,0.23564731560000002,1024,2.5735927018207585,0.0,35.86538060721435,32.03460018475184,5.221514485981377,0.0,2374.112138517088,False,False,timing_limit;global_rtl_timing_not_closed,7728.125,12568.99967619908,13.668333550598582,0.4038861193032235,0.7312987171016174,0.34528953375,0.23564731560000002,0.00734700935321768,1.0,1.0,0.19526190786569403,0.4038861193032235,0.12519486840646987,0.6905790675,0.47129463120000004,0.00734700935321768,0.5105519616077147,0.32388499473069055,0.6510896309253608,0.5442121579501996
2.5,-4.5,7228.125,10412.5,1948.8753768199238,11266.150871681151,824.7999999999997,0.7329216780856544,0.32294973375,0.2276473156,1024,2.5735927018207585,0.0,35.486193104009736,32.033745598362145,4.452993059046523,0.0,1266.1508716811513,False,False,timing_limit;global_rtl_timing_not_closed,7228.125,11461.038409363144,13.135228115409577,0.41862611930322347,0.7329216780856544,0.32294973375,0.2276473156,0.007073635688476498,1.0,1.0,0.1876461159344225,0.41862611930322347,0.13168671234261797,0.6458994675,0.4552946312,0.007073635688476498,0.5077098806520374,0.31843082582547755,0.6501405874426114,0.5348581544674502
2.5,-4.0,6728.125,9912.5,1948.8753768199238,10210.145584532715,915.2000000000005,0.7348314794533761,0.30060993375,0.2196473156,1024,2.5735927018207585,0.0,35.38494506545356,32.03303685689865,4.4606351622212355,0.0,210.14558453271457,False,False,timing_limit;global_rtl_timing_not_closed,6728.125,10405.033122214707,13.035331312122466,0.42691278596989024,0.7348314794533761,0.30060993375,0.2196473156,0.007002377859086236,1.0,1.0,0.18621901874460667,0.42691278596989024,0.13932591781350467,0.6012198675,0.4392946312,0.007002377859086236,0.5059045877853998,0.31553669413106006,0.6489672553792489,0.5256025290707544
2.5,-3.5,6228.125,9412.5,1948.8753768199238,9206.096277071776,754.4000000000004,0.7371173763530177,0.27827013375000004,0.21164731560000002,1024,2.5735927018207585,0.0,35.343620208589506,32.032535868428425,4.490098564779962,0.0,0.0,True,False,global_rtl_timing_not_closed,6228.125,9400.983814753768,12.999773888652605,0.41217278596989027,0.7371173763530177,0.27827013375000004,0.21164731560000002,0.00697350034187219,1.0,1.0,0.18571105555218007,0.41217278596989027,0.14846950541207082,0.5565402675000001,0.42329463120000005,0.00697350034187219,0.5021810879954284,0.3119885345709535,0.6445843939440022,0.5142887076355077
2.5,-3.0,5728.125,8912.5,1948.8753768199235,8254.00294929834,646.3999999999999,0.7399126736357701,0.25593033375,0.20364731560000002,1024,2.5735927018207585,0.0,35.49465684765163,32.03221157890257,5.132492995335759,0.0,0.0,True,False,global_rtl_timing_not_closed,5728.125,8448.890486980332,13.279208341444427,0.4022727859698902,0.7399126736357701,0.25593033375,0.20364731560000002,0.007079625166697704,0.9546875,1.0,0.18970297630634897,0.4022727859698902,0.15965069454308045,0.5118606675,0.40729463120000003,0.007079625166697704,0.49122131957955406,0.30630495333184515,0.6302599061737613,0.4973225098652668
2.5,-2.5,5228.125,8412.5,1948.8753768199235,7353.865601212402,807.1999999999999,0.7434276480164722,0.23359053375000005,0.19564731560000004,1024,2.5735927018207585,0.0,35.32683268361806,32.03199966079428,4.500108776396923,0.0,0.0,True,False,global_rtl_timing_not_closed,5228.125,7548.753138894394,12.984854354096012,0.4170127859698902,0.7434276480164722,0.23359053375000005,0.19564731560000004,0.006961803381657059,0.8713541666666667,1.0,0.18549791934422874,0.4170127859698902,0.173710592065889,0.4671810675000001,0.3912946312000001,0.006961803381657059,0.47333761624613413,0.29446179488469,0.6095831858072449,0.4765741628320836
2.5,-2.0,4728.125,7912.5,1948.8753768199235,6505.684232813965,932.8000000000003,0.748019261673986,0.21125073375000003,0.18764731560000003,1024,2.5735927018207585,0.0,35.32812633843252,32.0318211132718,4.486495000032888,0.0,0.0,True,False,global_rtl_timing_not_closed,4728.125,6700.571770495957,12.983380616757048,0.4285261193032236,0.748019261673986,0.21125073375000003,0.18764731560000003,0.006962704056960146,0.7880208333333333,1.0,0.1854768659536721,0.4285261193032236,0.19207704669594428,0.42250146750000006,0.37529463120000006,0.006962704056960146,0.45661977509569757,0.2845791770588362,0.5892774576316266,0.456358141323132
2.5,-1.5,4228.125,7412.5,1948.8753768199235,5709.458844103026,772.0000000000002,0.7543602207320516,0.18891093374999998,0.17964731560000002,1024,2.5735927018207585,0.0,35.33050779286445,32.03169219399897,4.503904798311924,0.0,0.0,True,False,global_rtl_timing_not_closed,4228.125,5904.346381785019,12.98921180102658,0.4137861193032235,0.7543602207320516,0.18891093374999998,0.17964731560000002,0.006964362390658088,0.7046875,1.0,0.185560168586094,0.4137861193032235,0.2174408829282064,0.37782186749999996,0.35929463120000005,0.006964362390658088,0.43800250354373227,0.2737808733884454,0.5657439411014464,0.4342269981262853
2.5,-1.0,3728.1250000000005,6912.5,1948.8753768199235,4965.189435079589,628.8000000000001,0.7639414265662174,0.16657113375000004,0.17164731560000002,1024,2.5735927018207585,0.0,35.49684079619106,32.03160823255006,5.140615724644313,0.0,0.0,True,False,global_rtl_timing_not_closed,3728.1250000000005,5160.076972761582,13.282865999257437,0.4006594526365569,0.7639414265662174,0.16657113375000004,0.17164731560000002,0.007081171489250252,0.6213541666666668,1.0,0.18975522856082053,0.4006594526365569,0.25576570626486994,0.3331422675000001,0.34329463120000003,0.007081171489250252,0.42188211844760626,0.2655846066969573,0.5441654565541818,0.41397022024568736
2.5,-0.5,3228.1250000000005,6412.5,1948.8753768199235,4272.876005743652,789.6000000000001,0.7811876520845826,0.14423133375000002,0.16364731560000004,1024,2.5735927018207585,0.0,35.334303418938596,32.031580578544514,4.5048715870482345,0.0,0.0,True,False,global_rtl_timing_not_closed,3228.1250000000005,4467.7635434256445,12.993172880984371,0.41539945263655687,0.7811876520845826,0.14423133375000002,0.16364731560000004,0.006967006303939633,0.5380208333333334,1.0,0.18561675544263387,0.41539945263655687,0.3247506083383307,0.28846266750000005,0.3272946312000001,0.006967006303939633,0.40950792719020784,0.2565183925270509,0.5289880778571102,0.39872121488194917
2.5,0.0,2728.1250000000005,5912.5,1948.8753768199235,3632.5185560952145,950.4000000000001,0.8336042991138598,0.12189153375000004,0.15564731560000003,1024,2.5735927018207585,0.0,35.33523807600114,32.031569804556334,4.488955469732706,0.0,0.0,True,False,global_rtl_timing_not_closed,2728.1250000000005,3827.406093777207,12.990921621086764,0.43013945263655684,0.8336042991138598,0.12189153375000004,0.15564731560000003,0.0069676575105365735,0.4546875000000001,1.0,0.18558459458695378,0.43013945263655684,0.5344171964554394,0.2437830675000001,0.31129463120000006,0.0069676575105365735,0.4122399642419918,0.2563570664558364,0.5282952398102498,0.39795675016842186
2.5,0.5,3228.1250000000005,6412.5,1948.8753768199235,4272.876005743652,789.6000000000001,0.7811876520845826,0.14423133375000002,0.16364731560000004,1024,2.5735927018207585,0.0,35.33430341893864,32.03158057854451,4.5048715870483145,0.0,0.0,True,False,global_rtl_timing_not_closed,3228.1250000000005,4467.7635434256445,12.993172880984428,0.41539945263655687,0.7811876520845826,0.14423133375000002,0.16364731560000004,0.006967006303939659,0.5380208333333334,1.0,0.18561675544263467,0.41539945263655687,0.3247506083383307,0.28846266750000005,0.3272946312000001,0.006967006303939659,0.40950792719020807,0.2565183925270512,0.5289880778571103,0.3987212148819492
2.5,1.0,3728.1250000000005,6912.5,1948.8753768199235,4965.189435079589,628.8000000000001,0.7639414265662174,0.16657113375000004,0.17164731560000002,1024,2.5735927018207585,0.0,35.496840796191066,32.03160823255006,5.140615724644407,0.0,0.0,True,False,global_rtl_timing_not_closed,3728.1250000000005,5160.076972761582,13.282865999257464,0.4006594526365569,0.7639414265662174,0.16657113375000004,0.17164731560000002,0.007081171489250259,0.6213541666666668,1.0,0.18975522856082092,0.4006594526365569,0.25576570626486994,0.3331422675000001,0.34329463120000003,0.007081171489250259,0.42188211844760626,0.2655846066969575,0.5441654565541818,0.41397022024568736
2.5,1.5,4228.125,7412.5,1948.8753768199235,5709.458844103026,772.0000000000002,0.7543602207320516,0.18891093374999998,0.17964731560000002,1024,2.5735927018207585,0.0,35.33050779286449,32.031692193998964,4.503904798311924,0.0,0.0,True,False,global_rtl_timing_not_closed,4228.125,5904.346381785019,12.989211801026613,0.4137861193032235,0.7543602207320516,0.18891093374999998,0.17964731560000002,0.006964362390658113,0.7046875,1.0,0.18556016858609448,0.4137861193032235,0.2174408829282064,0.37782186749999996,0.35929463120000005,0.006964362390658113,0.4380025035437324,0.27378087338844564,0.5657439411014464,0.43422699812628535
2.5,2.0,4728.125,7912.5,1948.8753768199235,6505.684232813965,932.8000000000003,0.748019261673986,0.21125073375000003,0.18764731560000003,1024,2.5735927018207585,0.0,35.32812633843259,32.0318211132718,4.486495000032941,0.0,0.0,True,False,global_rtl_timing_not_closed,4728.125,6700.571770495957,12.98338061675713,0.4285261193032236,0.748019261673986,0.21125073375000003,0.18764731560000003,0.006962704056960195,0.7880208333333333,1.0,0.18547686595367327,0.4285261193032236,0.19207704669594428,0.42250146750000006,0.37529463120000006,0.006962704056960195,0.45661977509569784,0.2845791770588368,0.5892774576316268,0.4563581413231321
2.5,2.5,5228.125,8412.5,1948.8753768199235,7353.865601212402,807.1999999999999,0.7434276480164722,0.23359053375000005,0.19564731560000004,1024,2.5735927018207585,0.0,35.32683268361811,32.031999660794284,4.500108776396923,0.0,0.0,True,False,global_rtl_timing_not_closed,5228.125,7548.753138894394,12.984854354096063,0.4170127859698902,0.7434276480164722,0.23359053375000005,0.19564731560000004,0.0069618033816570895,0.8713541666666667,1.0,0.18549791934422946,0.4170127859698902,0.173710592065889,0.4671810675000001,0.3912946312000001,0.0069618033816570895,0.4733376162461343,0.2944617948846903,0.6095831858072449,0.47657416283208376
2.5,3.0,5728.125,8912.5,1948.8753768199235,8254.00294929834,646.3999999999999,0.7399126736357701,0.25593033375,0.20364731560000002,1024,2.5735927018207585,0.0,35.4946568476517,32.03221157890257,5.132492995335773,0.0,0.0,True,False,global_rtl_timing_not_closed,5728.125,8448.890486980332,13.279208341444495,0.4022727859698902,0.7399126736357701,0.25593033375,0.20364731560000002,0.0070796251666977485,0.9546875,1.0,0.1897029763063499,0.4022727859698902,0.15965069454308045,0.5118606675,0.40729463120000003,0.0070796251666977485,0.4912213195795544,0.3063049533318456,0.6302599061737614,0.49732250986526694
2.5,3.5,6228.125,9412.5,1948.8753768199238,9206.096277071776,754.4000000000004,0.7371173763530177,0.27827013375000004,0.21164731560000002,1024,2.5735927018207585,0.0,35.34362020858957,32.032535868428425,4.490098564779828,0.0,0.0,True,False,global_rtl_timing_not_closed,6228.125,9400.983814753768,12.999773888652642,0.41217278596989027,0.7371173763530177,0.27827013375000004,0.21164731560000002,0.006973500341872233,1.0,1.0,0.1857110555521806,0.41217278596989027,0.14846950541207082,0.5565402675000001,0.42329463120000005,0.006973500341872233,0.5021810879954285,0.31198853457095377,0.6445843939440022,0.5142887076355078
2.5,4.0,6728.125,9912.5,1948.8753768199238,10210.145584532715,915.2000000000005,0.7348314794533761,0.30060993375,0.2196473156,1024,2.5735927018207585,0.0,35.38494506545368,32.03303685689865,4.460635162221209,0.0,210.14558453271457,False,False,timing_limit;global_rtl_timing_not_closed,6728.125,10405.033122214707,13.035331312122581,0.42691278596989024,0.7348314794533761,0.30060993375,0.2196473156,0.007002377859086317,1.0,1.0,0.1862190187446083,0.42691278596989024,0.13932591781350467,0.6012198675,0.4392946312,0.007002377859086317,0.5059045877854002,0.3155366941310608,0.648967255379249,0.5256025290707547
2.5,4.5,7228.125,10412.5,1948.8753768199238,11266.150871681151,824.7999999999997,0.7329216780856544,0.32294973375,0.2276473156,1024,2.5735927018207585,0.0,35.48619310400989,32.033745598362145,4.452993059046578,0.0,1266.1508716811513,False,False,timing_limit;global_rtl_timing_not_closed,7228.125,11461.038409363144,13.135228115409744,0.41862611930322347,0.7329216780856544,0.32294973375,0.2276473156,0.007073635688476605,1.0,1.0,0.1876461159344249,0.41862611930322347,0.13168671234261797,0.6458994675,0.4552946312,0.007073635688476605,0.507709880652038,0.31843082582547855,0.6501405874426116,0.5348581544674506
2.5,5.0,7728.125,10912.5,1948.8753768199238,12374.112138517088,663.9999999999997,0.7312987171016174,0.34528953375,0.23564731560000002,1024,2.5735927018207585,0.0,35.86538060721454,32.034600184751845,5.221514485981484,0.0,2374.112138517088,False,False,timing_limit;global_rtl_timing_not_closed,7728.125,12568.99967619908,13.668333550598799,0.4038861193032235,0.7312987171016174,0.34528953375,0.23564731560000002,0.007347009353217817,1.0,1.0,0.19526190786569714,0.4038861193032235,0.12519486840646987,0.6905790675,0.47129463120000004,0.007347009353217817,0.5105519616077154,0.32388499473069193,0.6510896309253611,0.5442121579502
2.5,5.5,8228.125,11412.5,1948.8753768199238,13534.029385040527,1163.9999999999998,0.7299002484521102,0.36762933375000006,0.24364731560000003,1024,2.5735927018207585,0.0,36.13727311013544,32.035656301320394,4.783138225773838,0.0,3534.029385040527,False,False,timing_limit;global_rtl_timing_not_closed,8228.125,13728.91692272252,13.852814830620305,0.4497194526365569,0.7299002484521102,0.36762933375000006,0.24364731560000003,0.007549509467783256,1.0,1.0,0.1978973547231472,0.4497194526365569,0.11960099380844103,0.7352586675000001,0.48729463120000005,0.007549509467783256,0.518288999207065,0.33015739877622285,0.6607128931570315,0.5592117135152037
