# vtk DataFile Version 3.0
HBM2 temperature
ASCII
DATASET STRUCTURED_POINTS
DIMENSIONS 32 16 21
ORIGIN 0 0 0
SPACING 0.00025 0.00075 1
POINT_DATA 10752
SCALARS temperature_K float 1
LOOKUP_TABLE default
314.79435
313.68995
312.38814
311.20953
310.2106
309.37672
308.68094
308.0982
307.6077
307.19262
306.83947
306.53737
306.27758
306.05306
305.85811
305.68813
305.5394
305.40888
305.29412
305.19312
305.10426
305.0262
304.95786
304.89836
304.84696
304.80308
304.76624
304.73607
304.71227
304.69461
304.68292
304.6771
314.48367
313.38772
312.10139
310.94314
309.96734
309.15751
308.48538
307.92501
307.45506
307.05848
306.72171
306.43398
306.18668
305.97296
305.78731
305.62531
305.48342
305.35876
305.24903
305.15233
305.06714
304.99222
304.92656
304.86931
304.81983
304.77754
304.74202
304.71291
304.68993
304.67287
304.66158
304.65596
313.71763
312.65386
311.42206
310.32983
309.42318
308.68033
308.07001
307.56493
307.14344
306.78875
306.48786
306.23068
306.00932
305.81757
305.65053
305.50432
305.37582
305.26254
305.16248
305.07403
304.99586
304.92692
304.86634
304.81341
304.76755
304.72829
304.69526
304.66816
304.64674
304.63083
304.62029
304.61504
312.03618
311.1161
310.08636
309.19904
308.47665
307.89074
307.41068
307.01237
306.67796
306.39424
306.15129
305.94158
305.75927
305.5998
305.45958
305.33576
305.22603
305.12857
305.04188
304.96476
304.89623
304.83547
304.78183
304.73479
304.69388
304.65877
304.62914
304.60478
304.5855
304.57116
304.56165
304.55691
308.27458
308.07834
307.78312
307.45861
307.14036
306.84383
306.5744
306.33264
306.117
305.92505
305.75417
305.60186
305.46584
305.34411
305.23494
305.13688
305.04869
304.96934
304.89796
304.83383
304.77634
304.725
304.67937
304.63913
304.60396
304.57365
304.54799
304.52683
304.51004
304.49753
304.48923
304.48509
306.52688
306.4747
306.38224
306.2637
306.13106
305.99308
305.85573
305.72274
305.59629
305.47752
305.36684
305.26425
305.16952
305.08227
305.00204
304.92841
304.86095
304.79925
304.74296
304.69177
304.64538
304.60357
304.56612
304.53285
304.50362
304.47829
304.45677
304.43895
304.42478
304.41419
304.40716
304.40365
305.62119
305.60206
305.56588
305.51587
305.45559
305.38839
305.3171
305.24402
305.17089
305.09898
305.02921
304.96219
304.8983
304.83778
304.78075
304.72726
304.6773
304.63084
304.58783
304.5482
304.51189
304.47884
304.44898
304.42226
304.39864
304.37806
304.36049
304.34589
304.33425
304.32553
304.31973
304.31683
305.07992
305.0711
305.05401
305.02954
304.99888
304.96328
304.92397
304.88207
304.83858
304.79433
304.75003
304.70622
304.66335
304.62177
304.58174
304.54347
304.50711
304.47277
304.44054
304.4105
304.38267
304.3571
304.33382
304.31283
304.29416
304.27781
304.26379
304.2521
304.24274
304.23572
304.23105
304.22871
304.72163
304.71691
304.70763
304.69414
304.67688
304.65635
304.63313
304.60775
304.58075
304.55262
304.5238
304.49469
304.46563
304.43691
304.40879
304.38148
304.35516
304.32999
304.30609
304.28357
304.26252
304.24302
304.22513
304.2089
304.19438
304.1816
304.1706
304.1614
304.15402
304.14847
304.14476
304.1429
304.46781
304.465
304.45945
304.4513
304.44075
304.42803
304.41343
304.39722
304.3797
304.36115
304.34184
304.32204
304.30198
304.28189
304.26196
304.24237
304.22328
304.20483
304.18715
304.17035
304.15452
304.13976
304.12613
304.11369
304.10252
304.09264
304.0841
304.07694
304.07118
304.06684
304.06394
304.06249
304.28072
304.27892
304.27534
304.27007
304.2632
304.25486
304.24519
304.23434
304.2225
304.20982
304.19649
304.18267
304.16853
304.15422
304.13989
304.12568
304.11172
304.09812
304.08499
304.07242
304.06051
304.04934
304.03897
304.02947
304.0209
304.0133
304.0067
304.00116
303.99669
303.99332
303.99106
303.98993
304.14076
304.13953
304.1371
304.1335
304.12878
304.12303
304.11633
304.10876
304.10044
304.09147
304.08198
304.07206
304.06184
304.05142
304.04092
304.03044
304.02007
304.00991
304.00004
303.99056
303.98152
303.973
303.96507
303.95777
303.95116
303.94529
303.94018
303.93587
303.9324
303.92977
303.92801
303.92713
304.03706
304.03619
304.03444
304.03185
304.02846
304.0243
304.01944
304.01393
304.00784
304.00125
303.99424
303.98688
303.97925
303.97144
303.96353
303.95559
303.9477
303.93994
303.93237
303.92506
303.91807
303.91146
303.90528
303.89958
303.89441
303.88979
303.88578
303.88239
303.87965
303.87757
303.87618
303.87548
303.96336
303.96269
303.96136
303.9594
303.95681
303.95364
303.94992
303.94569
303.94101
303.93592
303.93049
303.92477
303.91883
303.91271
303.9065
303.90024
303.89401
303.88785
303.88182
303.87599
303.8704
303.86509
303.86012
303.85553
303.85135
303.84762
303.84436
303.84161
303.83938
303.8377
303.83656
303.836
303.91593
303.91538
303.9143
303.91269
303.91058
303.90798
303.90493
303.90145
303.8976
303.8934
303.88891
303.88417
303.87923
303.87414
303.86896
303.86373
303.8585
303.85332
303.84825
303.84333
303.8386
303.83411
303.82989
303.82599
303.82244
303.81926
303.81648
303.81413
303.81223
303.81079
303.80982
303.80933
303.89269
303.8922
303.89123
303.88979
303.88789
303.88556
303.88281
303.87969
303.87622
303.87244
303.86838
303.8641
303.85963
303.85503
303.85033
303.84558
303.84083
303.83612
303.8315
303.82702
303.8227
303.8186
303.81475
303.81118
303.80792
303.80501
303.80246
303.80031
303.79856
303.79724
303.79635
303.79591
315.81653
314.37931
312.91833
311.66825
310.62805
309.76412
309.04395
308.44065
307.93255
307.50233
307.13606
306.82257
306.55283
306.31959
306.11696
305.9402
305.78546
305.64962
305.53013
305.42494
305.33236
305.25101
305.17978
305.11773
305.06413
305.01836
304.97994
304.94847
304.92363
304.9052
304.89301
304.88694
315.49421
314.06574
312.62079
311.39179
310.37551
309.53649
308.84082
308.26068
307.77389
307.36284
307.01357
306.71498
306.45821
306.23617
306.0432
305.87474
305.72711
305.59737
305.48311
305.38239
305.29363
305.21555
305.1471
305.08742
305.03581
304.9917
304.95465
304.92428
304.9003
304.88251
304.87072
304.86486
314.69953
313.30471
311.91639
310.75573
309.81101
309.04128
308.40958
307.88669
307.45009
307.08244
306.77037
306.50347
306.2736
306.07438
305.90074
305.74867
305.61496
305.49704
305.39285
305.30071
305.21926
305.14741
305.08425
305.02905
304.98123
304.94028
304.90582
304.87755
304.8552
304.83859
304.8276
304.82212
312.93781
311.70353
310.53033
309.58359
308.82987
308.22251
307.72552
307.31309
306.96662
306.67247
306.42043
306.20273
306.01337
305.84764
305.70185
305.57303
305.45884
305.35737
305.26708
305.18673
305.1153
305.05197
304.99605
304.94698
304.90432
304.86768
304.83678
304.81136
304.79124
304.77628
304.76635
304.76141
308.63916
308.42382
308.11198
307.77412
307.44427
307.13722
306.85818
306.60766
306.38407
306.18492
306.00754
305.84934
305.70798
305.5814
305.46784
305.36579
305.27397
305.19133
305.11697
305.05013
304.99021
304.93667
304.8891
304.84711
304.81043
304.77881
304.75204
304.72996
304.71244
304.69938
304.69072
304.68639
306.80832
306.75392
306.65794
306.53509
306.39764
306.25464
306.1122
305.97423
305.84298
305.71962
305.60461
305.49797
305.39945
305.30866
305.22516
305.14849
305.07822
305.01394
304.95527
304.9019
304.85354
304.80993
304.77087
304.73616
304.70566
304.67923
304.65677
304.63817
304.62338
304.61234
304.60499
304.60133
305.86802
305.84818
305.81064
305.75875
305.6962
305.62644
305.5524
305.47648
305.40046
305.3257
305.25313
305.18339
305.11688
305.05387
304.99447
304.93873
304.88667
304.83824
304.79339
304.75207
304.7142
304.67972
304.64857
304.62069
304.59603
304.57456
304.55622
304.54098
304.52883
304.51973
304.51367
304.51065
305.30541
305.29625
305.27848
305.25306
305.22119
305.18417
305.14328
305.09969
305.05443
305.00838
304.96225
304.91662
304.87196
304.82863
304.78691
304.74701
304.7091
304.67329
304.63967
304.60833
304.57929
304.55261
304.52831
304.50641
304.48692
304.46985
304.45522
304.44301
304.43325
304.42592
304.42104
304.4186
304.93241
304.9275
304.91784
304.9038
304.88583
304.86446
304.84027
304.81384
304.78571
304.7564
304.72636
304.69602
304.66572
304.63578
304.60645
304.57796
304.55051
304.52425
304.49931
304.47581
304.45384
304.43349
304.41481
304.39787
304.38271
304.36938
304.35789
304.34828
304.34057
304.33477
304.3309
304.32897
304.66785
304.66492
304.65914
304.65065
304.63965
304.6264
304.61118
304.59428
304.57601
304.55666
304.53653
304.51588
304.49495
304.47399
304.45319
304.43275
304.41283
304.39357
304.37512
304.35758
304.34106
304.32565
304.31141
304.29843
304.28676
304.27645
304.26754
304.26006
304.25404
304.24951
304.24649
304.24497
304.47269
304.47081
304.46709
304.46159
304.45442
304.44572
304.43563
304.42431
304.41196
304.39873
304.38482
304.3704
304.35564
304.34071
304.32575
304.31092
304.29634
304.28214
304.26843
304.25531
304.24288
304.23121
304.22039
304.21047
304.20151
304.19357
304.18669
304.1809
304.17623
304.17271
304.17035
304.16917
304.32662
304.32534
304.3228
304.31904
304.31412
304.30812
304.30112
304.29322
304.28454
304.27518
304.26526
304.25491
304.24424
304.23336
304.2224
304.21145
304.20062
304.19002
304.17971
304.16981
304.16037
304.15148
304.14319
304.13557
304.12867
304.12253
304.11719
304.1127
304.10907
304.10633
304.10449
304.10357
304.21836
304.21744
304.21562
304.21292
304.20937
304.20503
304.19995
304.1942
304.18784
304.18096
304.17364
304.16595
304.15799
304.14983
304.14157
304.13328
304.12504
304.11693
304.10903
304.10139
304.09409
304.08719
304.08074
304.07478
304.06938
304.06456
304.06037
304.05683
304.05396
304.0518
304.05034
304.04962
304.14139
304.14069
304.13931
304.13725
304.13455
304.13124
304.12735
304.12294
304.11805
304.11274
304.10706
304.10109
304.09488
304.0885
304.08201
304.07547
304.06896
304.06253
304.05623
304.05014
304.0443
304.03876
304.03357
304.02877
304.0244
304.0205
304.0171
304.01423
304.0119
304.01014
304.00896
304.00836
304.09185
304.09129
304.09015
304.08848
304.08627
304.08355
304.08036
304.07674
304.07271
304.06833
304.06363
304.05868
304.05352
304.04821
304.04279
304.03733
304.03187
304.02646
304.02116
304.01602
304.01108
304.00639
304.00199
303.99791
303.9942
303.99088
303.98798
303.98552
303.98353
303.98203
303.98102
303.98051
304.06758
304.06707
304.06606
304.06455
304.06257
304.06013
304.05727
304.054
304.05038
304.04643
304.04219
304.03772
304.03305
304.02824
304.02333
304.01837
304.01341
304.00849
304.00367
303.99898
303.99448
303.99019
303.98617
303.98244
303.97903
303.97599
303.97333
303.97108
303.96926
303.96788
303.96695
303.96648
316.05658
314.39162
312.89214
311.64154
310.60611
309.74681
309.03042
308.43007
307.9243
307.4959
307.13106
306.8187
306.54985
306.31731
306.11524
305.93892
305.78452
305.64896
305.52969
305.42467
305.33223
305.25099
305.17983
305.11785
305.06431
305.01858
304.98019
304.94874
304.92392
304.90551
304.89332
304.88726
315.73547
314.07923
312.59569
311.36605
310.35443
309.51992
308.82791
308.25063
307.76606
307.35676
307.00886
306.71134
306.45541
306.23404
306.04159
305.87354
305.72625
305.59676
305.48271
305.38215
305.29353
305.21555
305.14717
305.08755
305.03599
304.99193
304.95491
304.92456
304.9006
304.88281
304.87104
304.86518
314.94408
313.32138
311.89419
310.73253
309.79208
309.02649
308.39812
307.87781
307.4432
307.07711
306.76625
306.50029
306.27117
306.07253
305.89936
305.74765
305.61423
305.49655
305.39254
305.30054
305.21921
305.14744
305.08436
305.02922
304.98143
304.94052
304.90609
304.87783
304.8555
304.83891
304.82792
304.82245
313.18424
311.7261
310.51434
309.56567
308.81515
308.211
307.7166
307.30617
306.96124
306.6683
306.4172
306.20025
306.01147
305.84621
305.70079
305.57227
305.45831
305.35702
305.26688
305.18665
305.11532
305.05206
304.9962
304.94718
304.90455
304.86795
304.83707
304.81167
304.79156
304.7766
304.76669
304.76175
308.63129
308.41212
308.1004
307.76405
307.43589
307.13039
306.85266
306.60325
306.38056
306.18215
306.00537
305.84766
305.7067
305.58045
305.46715
305.36531
305.27366
305.19116
305.1169
305.05016
304.9903
304.93683
304.88929
304.84735
304.8107
304.7791
304.75234
304.73028
304.71277
304.69972
304.69106
304.68674
306.8024
306.74817
306.65263
306.53035
306.39353
306.25114
306.10928
305.97181
305.84101
305.71805
305.60338
305.49702
305.39873
305.30814
305.22481
305.14827
305.07811
305.01392
304.95533
304.90202
304.85371
304.81014
304.77111
304.73644
304.70596
304.67955
304.65709
304.63851
304.62373
304.61269
304.60535
304.60169
305.86553
305.84577
305.80837
305.75669
305.69436
305.62483
305.55103
305.47533
305.39953
305.32496
305.25256
305.18296
305.11659
305.05368
304.99438
304.93873
304.88673
304.83836
304.79356
304.75228
304.71444
304.67998
304.64886
304.621
304.59636
304.57489
304.55656
304.54134
304.52919
304.52009
304.51404
304.51101
305.30446
305.29534
305.27762
305.25226
305.22048
305.18355
305.14276
305.09927
305.05411
305.00814
304.96209
304.91654
304.87195
304.82868
304.78701
304.74716
304.70928
304.67351
304.63992
304.6086
304.57959
304.55293
304.52864
304.50675
304.48727
304.47021
304.45558
304.44338
304.43362
304.4263
304.42141
304.41897
304.93217
304.92726
304.91763
304.90362
304.88567
304.86434
304.8402
304.81381
304.78572
304.75645
304.72646
304.69615
304.66589
304.63597
304.60667
304.57821
304.55078
304.52454
304.49961
304.47613
304.45417
304.43383
304.41516
304.39823
304.38308
304.36975
304.35826
304.34866
304.34095
304.33516
304.33129
304.32935
304.66794
304.66502
304.65924
304.65076
304.63978
304.62654
304.61134
304.59446
304.57621
304.55688
304.53677
304.51613
304.49522
304.47428
304.45349
304.43306
304.41315
304.39391
304.37546
304.35793
304.34142
304.32601
304.31178
304.29881
304.28714
304.27683
304.26792
304.26045
304.25443
304.2499
304.24688
304.24536
304.47294
304.47106
304.46734
304.46185
304.45469
304.44599
304.43591
304.4246
304.41225
304.39903
304.38513
304.37072
304.35597
304.34104
304.3261
304.31127
304.2967
304.2825
304.2688
304.25568
304.24325
304.23159
304.22077
304.21085
304.2019
304.19396
304.18708
304.18129
304.17662
304.1731
304.17075
304.16957
304.32694
304.32566
304.32312
304.31937
304.31445
304.30845
304.30146
304.29356
304.28488
304.27553
304.26562
304.25527
304.2446
304.23373
304.22277
304.21183
304.201
304.1904
304.1801
304.17019
304.16076
304.15187
304.14358
304.13596
304.12906
304.12292
304.11759
304.11309
304.10946
304.10672
304.10489
304.10396
304.21872
304.2178
304.21598
304.21328
304.20974
304.2054
304.20032
304.19457
304.18822
304.18134
304.17402
304.16633
304.15837
304.15022
304.14195
304.13366
304.12543
304.11732
304.10942
304.10178
304.09449
304.08758
304.08113
304.07518
304.06978
304.06496
304.06077
304.05723
304.05436
304.0522
304.05074
304.05002
304.14177
304.14107
304.13969
304.13763
304.13494
304.13162
304.12774
304.12333
304.11844
304.11313
304.10745
304.10148
304.09527
304.08889
304.0824
304.07587
304.06935
304.06292
304.05663
304.05054
304.0447
304.03916
304.03397
304.02917
304.0248
304.0209
304.0175
304.01463
304.0123
304.01054
304.00936
304.00877
304.09225
304.09168
304.09055
304.08887
304.08666
304.08395
304.08076
304.07713
304.0731
304.06872
304.06403
304.05908
304.05392
304.04861
304.04319
304.03773
304.03227
304.02686
304.02156
304.01642
304.01148
304.00679
304.00239
303.99831
303.9946
303.99128
303.98838
303.98592
303.98394
303.98243
303.98142
303.98091
304.06798
304.06747
304.06646
304.06495
304.06297
304.06053
304.05766
304.0544
304.05077
304.04682
304.04259
304.03812
304.03345
304.02864
304.02373
304.01877
304.01381
304.0089
304.00407
303.99938
303.99488
303.99059
303.98657
303.98284
303.97944
303.97639
303.97374
303.97149
303.96966
303.96828
303.96735
303.96689
317.29171
314.35089
312.7237
311.48412
310.47466
309.63865
308.94094
308.35528
307.86101
307.44165
307.08394
306.77719
306.51279
306.28377
306.08449
305.91039
305.75776
305.62359
305.50543
305.4013
305.30955
305.22887
305.15817
305.09654
305.04327
304.99777
304.95955
304.92823
304.90351
304.88517
304.87303
304.86698
316.97666
314.04433
312.43266
311.21352
310.22728
309.41546
308.74156
308.17845
307.70493
307.30427
306.96316
306.67099
306.41928
306.20125
306.01144
305.84549
305.69986
305.57169
305.45869
305.35897
305.271
305.19356
305.1256
305.06632
305.01502
304.97117
304.93431
304.90409
304.88022
304.8625
304.85077
304.84493
316.20188
313.30243
311.74562
310.59257
309.67556
308.93085
308.31899
307.81148
307.38677
307.02838
306.72354
306.46231
306.23692
306.04122
305.87038
305.72052
305.58857
305.47205
305.36897
305.27772
305.19698
305.12568
305.06297
305.00813
304.96059
304.91986
304.88558
304.85744
304.83519
304.81866
304.80771
304.80225
314.4616
311.74006
310.39745
309.45212
308.7196
308.1317
307.65012
307.2496
306.91236
306.6254
306.37902
306.16578
305.97995
305.81702
305.67346
305.54643
305.43366
305.33332
305.24394
305.16432
305.09348
305.03061
304.97506
304.9263
304.88387
304.84743
304.81667
304.79137
304.77134
304.75643
304.74655
304.74162
308.55966
308.32823
308.01998
307.69178
307.37218
307.07436
306.80317
306.55921
306.34102
306.1463
305.97253
305.81727
305.67831
305.55368
305.4417
305.34093
305.25016
305.16836
305.09467
305.02839
304.96891
304.91574
304.86845
304.82671
304.79021
304.75874
304.73209
304.7101
304.69265
304.67964
304.67101
304.6667
306.75065
306.69749
306.60419
306.48479
306.35106
306.21171
306.07268
305.93777
305.80923
305.68822
305.57522
305.47029
305.3732
305.28362
305.20112
305.12528
305.0557
304.99199
304.93379
304.88081
304.83276
304.78941
304.75056
304.71603
304.68567
304.65935
304.63698
304.61845
304.60371
304.59271
304.58539
304.58174
305.83119
305.81181
305.77515
305.72443
305.66322
305.59487
305.52225
305.44768
305.37294
305.29933
305.22779
305.15895
305.09324
305.03091
304.9721
304.91687
304.86523
304.81716
304.77261
304.73154
304.69388
304.65957
304.62857
304.60081
304.57625
304.55486
304.53658
304.5214
304.50928
304.50021
304.49417
304.49116
305.27787
305.26888
305.25142
305.22642
305.19506
305.15861
305.11831
305.07532
305.03064
304.98513
304.9395
304.89434
304.8501
304.80714
304.76574
304.72613
304.68846
304.65286
304.61944
304.58824
304.55935
304.53278
304.50857
304.48675
304.46733
304.45031
304.43572
304.42355
304.41381
304.40651
304.40163
304.3992
304.90916
304.90431
304.89477
304.8809
304.86313
304.84199
304.81806
304.79189
304.76402
304.73497
304.70518
304.67507
304.64498
304.61523
304.58608
304.55775
304.53044
304.5043
304.47947
304.45606
304.43417
304.41389
304.39527
304.37838
304.36327
304.34997
304.33851
304.32892
304.32123
304.31545
304.31159
304.30966
304.64666
304.64375
304.63802
304.62959
304.61869
304.60554
304.59043
304.57365
304.5555
304.53627
304.51626
304.49572
304.4749
304.45404
304.43334
304.41298
304.39313
304.37395
304.35555
304.33807
304.3216
304.30623
304.29203
304.27908
304.26744
304.25715
304.24825
304.24079
304.23479
304.23027
304.22724
304.22573
304.45252
304.45065
304.44694
304.44148
304.43435
304.42569
304.41565
304.40439
304.39209
304.37892
304.36507
304.3507
304.336
304.32112
304.30621
304.29143
304.27689
304.26273
304.24905
304.23597
304.22356
304.21192
304.20112
304.19122
304.18228
304.17435
304.16748
304.1617
304.15704
304.15353
304.15118
304.15
304.30696
304.30569
304.30316
304.29941
304.29451
304.28853
304.28155
304.27368
304.26503
304.2557
304.24581
304.23549
304.22484
304.214
304.20306
304.19214
304.18133
304.17075
304.16046
304.15058
304.14116
304.13228
304.124
304.1164
304.1095
304.10337
304.09805
304.09356
304.08993
304.08719
304.08536
304.08444
304.19898
304.19806
304.19624
304.19355
304.19001
304.18568
304.18062
304.17488
304.16854
304.16167
304.15436
304.14669
304.13874
304.1306
304.12235
304.11407
304.10585
304.09775
304.08986
304.08224
304.07495
304.06805
304.06161
304.05567
304.05027
304.04546
304.04127
304.03773
304.03487
304.0327
304.03125
304.03053
304.12215
304.12146
304.12008
304.11803
304.11533
304.11202
304.10814
304.10374
304.09885
304.09355
304.08789
304.08192
304.07572
304.06935
304.06286
304.05634
304.04983
304.04341
304.03712
304.03104
304.0252
304.01967
304.01448
304.00969
304.00532
304.00143
303.99803
303.99516
303.99284
303.99108
303.9899
303.9893
304.0727
304.07213
304.071
304.06932
304.06712
304.06441
304.06122
304.0576
304.05358
304.0492
304.04451
304.03957
304.03441
304.0291
304.02369
304.01823
304.01278
304.00738
304.00209
303.99695
303.99201
303.98733
303.98293
303.97885
303.97514
303.97182
303.96893
303.96648
303.96449
303.96299
303.96198
303.96147
304.04846
304.04795
304.04694
304.04543
304.04345
304.04102
304.03815
304.03489
304.03127
304.02732
304.02309
304.01863
304.01397
304.00916
304.00425
303.9993
303.99434
303.98943
303.98461
303.97992
303.97542
303.97114
303.96712
303.96339
303.95999
303.95695
303.9543
303.95205
303.95022
303.94884
303.94792
303.94745
318.35395
314.31518
312.57886
311.34883
310.36171
309.54572
308.86407
308.29102
307.80664
307.39504
307.04345
306.74154
306.48096
306.25497
306.05809
305.88589
305.73477
305.6018
305.4846
305.38122
305.29008
305.20988
305.13956
305.07824
305.02521
304.97989
304.94182
304.91062
304.88599
304.8677
304.8556
304.84957
318.04411
314.01363
312.29248
311.08243
310.11802
309.3257
308.66738
308.11643
307.65241
307.25918
306.92391
306.63633
306.38825
306.17308
305.98555
305.82139
305.67719
305.55016
305.43806
305.33906
305.25166
305.17467
305.10708
305.04808
304.99702
304.95334
304.91662
304.88651
304.86273
304.84506
304.83337
304.82755
317.2836
313.28543
311.61786
310.4723
309.57544
308.84867
308.25101
307.75448
307.33829
306.98652
306.68685
306.42969
306.2075
306.01433
305.84549
305.69722
305.56653
305.45102
305.34874
305.25812
305.17788
305.107
305.04461
304.99003
304.94269
304.90212
304.86797
304.83992
304.81775
304.80127
304.79035
304.78491
315.56023
311.75135
310.29692
309.35454
308.6375
308.06357
307.59301
307.20101
306.87036
306.58856
306.34621
306.13617
305.95286
305.79195
305.64999
305.52423
305.41248
305.31297
305.22424
305.14515
305.07472
305.01219
304.95692
304.90837
304.86612
304.82981
304.79916
304.77394
304.75397
304.73911
304.72925
304.72434
308.49803
308.25612
307.95087
307.62969
307.31744
307.02622
306.76066
306.52138
306.30705
306.1155
305.94432
305.79117
305.65393
305.53069
305.41985
305.32
305.22997
305.14877
305.07558
305.0097
304.95054
304.89763
304.85055
304.80898
304.77262
304.74126
304.71469
304.69277
304.67537
304.6624
304.65379
304.64949
306.70619
306.65396
306.56257
306.44565
306.31458
306.17784
306.04125
305.90853
305.78192
305.66259
305.55104
305.44733
305.35127
305.26255
305.18077
305.10554
305.03645
304.97315
304.91529
304.86259
304.81477
304.77161
304.73291
304.69851
304.66825
304.64201
304.6197
304.60123
304.58653
304.57555
304.56825
304.56461
305.80169
305.78265
305.7466
305.69672
305.63647
305.56914
305.49754
305.42394
305.3501
305.27731
305.20651
305.13833
305.07319
305.01135
304.95296
304.89809
304.84676
304.79895
304.75462
304.71373
304.67622
304.64204
304.61114
304.58347
304.55899
304.53765
304.51942
304.50428
304.49219
304.48314
304.47711
304.4741
305.25504
305.24616
305.22892
305.20422
305.17323
305.13718
305.09731
305.05474
305.01048
304.96536
304.9201
304.87527
304.83133
304.78864
304.74748
304.70807
304.67058
304.63514
304.60184
304.57077
304.54196
304.51548
304.49134
304.46958
304.4502
304.43323
304.41867
304.40652
304.3968
304.38951
304.38465
304.38222
304.8894
304.88459
304.87514
304.86138
304.84376
304.8228
304.79905
304.77307
304.74539
304.71652
304.68691
304.65696
304.62703
304.59742
304.5684
304.54018
304.51297
304.48692
304.46216
304.43883
304.417
304.39677
304.3782
304.36134
304.34626
304.33298
304.32155
304.31198
304.3043
304.29853
304.29467
304.29274
304.62838
304.62549
304.61979
304.61142
304.60057
304.5875
304.57247
304.55578
304.53771
304.51858
304.49865
304.47819
304.45745
304.43666
304.41603
304.39573
304.37594
304.35681
304.33846
304.32102
304.30458
304.28924
304.27507
304.26214
304.25052
304.24025
304.23137
304.22391
304.21792
304.21341
304.21039
304.20887
304.43498
304.43312
304.42943
304.42398
304.41688
304.40826
304.39825
304.38704
304.37477
304.36165
304.34784
304.33352
304.31885
304.30401
304.28914
304.27439
304.25988
304.24575
304.2321
304.21904
304.20665
304.19503
304.18424
304.17436
304.16543
304.15752
304.15065
304.14488
304.14023
304.13672
304.13437
304.13319
304.2898
304.28853
304.28601
304.28228
304.27739
304.27142
304.26446
304.25661
304.24798
304.23867
304.2288
304.2185
304.20788
304.19705
304.18613
304.17523
304.16444
304.15387
304.14361
304.13373
304.12432
304.11546
304.10719
304.09959
304.09271
304.08659
304.08127
304.07678
304.07316
304.07042
304.06859
304.06767
304.18202
304.18111
304.1793
304.17661
304.17308
304.16876
304.1637
304.15797
304.15164
304.14478
304.13748
304.12982
304.12189
304.11376
304.10552
304.09725
304.08904
304.08095
304.07307
304.06545
304.05817
304.05128
304.04485
304.03891
304.03351
304.02871
304.02452
304.02099
304.01813
304.01597
304.01452
304.01379
304.10531
304.10462
304.10324
304.10119
304.0985
304.09519
304.09132
304.08692
304.08204
304.07674
304.07108
304.06513
304.05893
304.05256
304.04609
304.03957
304.03307
304.02665
304.02037
304.01429
304.00846
304.00293
303.99775
303.99296
303.9886
303.98471
303.98131
303.97844
303.97612
303.97436
303.97318
303.97259
304.05591
304.05535
304.05422
304.05254
304.05034
304.04763
304.04445
304.04083
304.03681
304.03243
304.02775
304.02281
304.01766
304.01236
304.00695
304.0015
303.99604
303.99065
303.98536
303.98023
303.9753
303.97061
303.96622
303.96215
303.95844
303.95512
303.95223
303.94978
303.94779
303.94629
303.94528
303.94477
304.0317
304.03119
304.03018
304.02867
304.0267
304.02426
304.0214
304.01814
304.01452
304.01058
304.00635
304.00189
303.99723
303.99243
303.98753
303.98257
303.97762
303.97271
303.96789
303.96321
303.95871
303.95443
303.95041
303.94669
303.94329
303.94026
303.9376
303.93535
303.93353
303.93215
303.93123
303.93076
317.26582
314.03509
312.38292
311.19058
310.23325
309.44095
308.77785
308.21929
307.74627
307.3436
306.99904
306.70269
306.44652
306.22401
306.02989
305.85989
305.71051
305.57893
305.46283
305.36033
305.26989
305.19025
305.12037
305.0594
305.00665
304.96156
304.92366
304.89259
304.86806
304.84984
304.83778
304.83178
316.96198
313.73931
312.1019
310.929
309.9938
309.22458
308.58425
308.04729
307.59418
307.20949
306.88092
306.59863
306.35472
306.14286
305.95794
305.79586
305.65331
305.52759
305.41653
305.31836
305.23163
305.15516
305.08799
305.02933
304.97853
304.93506
304.89851
304.86852
304.84483
304.82723
304.81558
304.80978
316.2184
313.02705
311.44162
310.33131
309.46174
308.75628
308.17503
307.69113
307.28471
306.94054
306.64683
306.39434
306.17583
305.98558
305.81904
305.67261
305.54338
305.42902
305.32766
305.23778
305.15814
305.08772
305.02571
304.97142
304.92432
304.88395
304.84994
304.822
304.79992
304.78349
304.77262
304.7672
314.54392
311.53253
310.15351
309.23996
308.54455
307.98732
307.52952
307.14731
306.82425
306.54836
306.31066
306.10429
305.9239
305.7653
305.62519
305.50091
305.39034
305.29176
305.2038
305.12531
305.05537
304.99323
304.93827
304.88997
304.84792
304.81177
304.78125
304.75613
304.73623
304.72142
304.7116
304.7067
308.39938
308.16819
307.87202
307.56016
307.25664
306.97306
306.71396
306.48007
306.27018
306.08227
305.91406
305.76335
305.62808
305.50646
305.39692
305.29813
305.20896
305.12847
305.05584
304.99042
304.93164
304.87903
304.8322
304.79082
304.75462
304.72338
304.69692
304.67507
304.65773
304.64481
304.63622
304.63194
306.65674
306.60589
306.51685
306.40282
306.27482
306.14108
306.00729
305.8771
305.75272
305.63533
305.52543
305.42313
305.32826
305.24054
305.15959
305.08505
305.01654
304.95371
304.89624
304.84386
304.79631
304.75337
304.71485
304.68059
304.65045
304.62431
304.60208
304.58366
304.56901
304.55806
304.55078
304.54715
305.76995
305.7513
305.71598
305.66706
305.60792
305.54175
305.47132
305.39884
305.32604
305.25421
305.18426
305.11683
305.05235
304.99108
304.93318
304.87873
304.82775
304.78024
304.73617
304.69549
304.65816
304.62413
304.59335
304.56578
304.54138
304.52011
304.50194
304.48684
304.47478
304.46575
304.45975
304.45674
305.23099
305.22224
305.20525
305.18091
305.15034
305.11477
305.07538
305.03331
304.98952
304.94486
304.90002
304.85557
304.81198
304.76959
304.72871
304.68954
304.65226
304.617
304.58385
304.55291
304.52422
304.49783
304.47378
304.45208
304.43276
304.41583
304.40131
304.3892
304.3795
304.37223
304.36738
304.36495
304.86891
304.86415
304.8548
304.84118
304.82373
304.80296
304.77942
304.75366
304.7262
304.69755
304.66814
304.63838
304.60863
304.57918
304.55031
304.52222
304.49513
304.46918
304.44452
304.42126
304.3995
304.37933
304.36081
304.344
304.32896
304.31571
304.3043
304.29475
304.28709
304.28133
304.27748
304.27555
304.60961
304.60674
304.60108
304.59276
304.58199
304.569
304.55406
304.53747
304.51951
304.50047
304.48064
304.46028
304.43964
304.41893
304.39838
304.37815
304.35843
304.33935
304.32106
304.30366
304.28727
304.27196
304.25783
304.24493
304.23333
304.22307
304.21421
304.20677
304.20079
304.19628
304.19327
304.19176
304.41707
304.41521
304.41154
304.40612
304.39905
304.39047
304.38051
304.36933
304.35712
304.34405
304.33028
304.31601
304.30139
304.2866
304.27177
304.25705
304.24259
304.22849
304.21487
304.20183
304.18947
304.17787
304.16711
304.15724
304.14833
304.14042
304.13357
304.12781
304.12316
304.11966
304.11731
304.11613
304.27234
304.27107
304.26856
304.26483
304.25996
304.25401
304.24708
304.23925
304.23063
304.22135
304.21151
304.20123
304.19064
304.17983
304.16894
304.15806
304.14729
304.13674
304.12649
304.11663
304.10724
304.09839
304.09014
304.08255
304.07567
304.06956
304.06425
304.05977
304.05615
304.05342
304.05159
304.05067
304.1648
304.16388
304.16207
304.15939
304.15587
304.15156
304.14651
304.14079
304.13447
304.12763
304.12035
304.1127
304.10478
304.09666
304.08844
304.08018
304.07198
304.06391
304.05603
304.04843
304.04115
304.03428
304.02785
304.02191
304.01653
304.01173
304.00754
304.00401
304.00116
303.999
303.99755
303.99683
304.08821
304.08752
304.08614
304.0841
304.08141
304.07811
304.07424
304.06985
304.06498
304.05969
304.05404
304.04809
304.0419
304.03554
304.02907
304.02256
304.01607
304.00966
304.00339
303.99731
303.99149
303.98596
303.98079
303.976
303.97165
303.96776
303.96437
303.9615
303.95918
303.95742
303.95625
303.95565
304.03889
304.03832
304.03719
304.03552
304.03332
304.03061
304.02743
304.02382
304.0198
304.01543
304.01076
304.00582
304.00068
303.99538
303.98998
303.98453
303.97908
303.97369
303.96841
303.96328
303.95835
303.95367
303.94928
303.94521
303.94151
303.9382
303.9353
303.93285
303.93087
303.92937
303.92836
303.92786
304.0147
304.0142
304.01318
304.01168
304.0097
304.00727
304.00442
304.00116
303.99754
303.9936
303.98938
303.98492
303.98027
303.97547
303.97057
303.96562
303.96067
303.95577
303.95096
303.94628
303.94178
303.93751
303.93349
303.92977
303.92638
303.92334
303.92069
303.91844
303.91662
303.91524
303.91432
303.91385
316.1796
313.7541
312.18673
311.0322
310.1047
309.33611
308.69158
308.14753
307.68587
307.29213
306.95462
306.66383
306.41205
306.19304
306.00169
305.83388
305.68625
305.55605
305.44106
305.33944
305.2497
305.17062
305.10118
305.04056
304.98809
304.94322
304.90549
304.87455
304.85012
304.83198
304.81996
304.81398
315.88176
313.4641
311.91107
310.77546
309.8695
309.1234
308.50108
307.97812
307.53591
307.15977
306.83791
306.56091
306.32119
306.11263
305.93033
305.77033
305.62942
305.50501
305.395
305.29765
305.21159
305.13565
305.0689
305.01057
304.96003
304.91678
304.88039
304.85052
304.82693
304.8094
304.79779
304.79201
315.15512
312.76779
311.26514
310.19021
309.34796
308.66384
308.09901
307.62775
307.2311
306.89455
306.60679
306.35898
306.14416
305.95682
305.79259
305.64799
305.52021
305.40702
305.30659
305.21744
305.13838
305.06844
305.0068
304.95282
304.90595
304.86577
304.83191
304.80409
304.78208
304.76572
304.75488
304.74948
313.52964
311.31288
310.00988
309.12529
308.45156
307.91103
307.466
307.09359
306.77811
306.50814
306.2751
306.0724
305.89493
305.73865
305.60038
305.47757
305.36818
305.27055
305.18334
305.10546
305.03602
304.97427
304.91962
304.87157
304.82972
304.79373
304.76334
304.73831
304.71849
304.70373
304.69394
304.68906
308.30058
308.08017
307.79312
307.4906
307.19581
306.91987
306.66725
306.43874
306.23329
306.04902
305.8838
305.73551
305.60222
305.48221
305.37398
305.27626
305.18795
305.10816
305.0361
304.97114
304.91273
304.86042
304.81384
304.77266
304.73662
304.70551
304.67914
304.65738
304.6401
304.62721
304.61866
304.61439
306.60727
306.5578
306.47111
306.35998
306.23505
306.10432
305.97332
305.84566
305.72351
305.60805
305.49981
305.39892
305.30524
305.21852
305.1384
305.06455
304.99662
304.93426
304.87719
304.82513
304.77785
304.73512
304.69678
304.66267
304.63265
304.60661
304.58445
304.5661
304.55149
304.54057
304.53332
304.52969
305.73821
305.71995
305.68535
305.63739
305.57936
305.51436
305.44509
305.37373
305.30198
305.2311
305.16201
305.09533
305.03151
304.97081
304.9134
304.85936
304.80874
304.76153
304.71771
304.67724
304.64009
304.60621
304.57556
304.54809
304.52377
304.50257
304.48445
304.46939
304.45737
304.44837
304.44238
304.43938
305.20694
305.19832
305.18159
305.15759
305.12745
305.09234
305.05345
305.01187
304.96856
304.92435
304.87993
304.83587
304.79262
304.75055
304.70993
304.671
304.63393
304.59885
304.56586
304.53505
304.50647
304.48018
304.45621
304.43458
304.41532
304.39844
304.38395
304.37187
304.3622
304.35494
304.3501
304.34768
304.84841
304.8437
304.83445
304.82097
304.80369
304.78312
304.75979
304.73424
304.70701
304.67857
304.64936
304.6198
304.59023
304.56094
304.53221
304.50426
304.47729
304.45144
304.42687
304.4037
304.38201
304.36189
304.34343
304.32666
304.31165
304.29844
304.28705
304.27752
304.26988
304.26413
304.26029
304.25837
304.59083
304.58798
304.58236
304.5741
304.5634
304.5505
304.53566
304.51916
304.5013
304.48237
304.46264
304.44237
304.42182
304.4012
304.38072
304.36057
304.34091
304.3219
304.30366
304.28631
304.26995
304.25468
304.24058
304.22771
304.21613
304.2059
304.19705
304.18963
304.18366
304.17916
304.17615
304.17464
304.39915
304.39731
304.39365
304.38826
304.38122
304.37267
304.36276
304.35163
304.33947
304.32644
304.31273
304.2985
304.28393
304.26918
304.25439
304.23972
304.22529
304.21122
304.19764
304.18463
304.17229
304.16072
304.14997
304.14012
304.13122
304.12333
304.11649
304.11074
304.1061
304.1026
304.10025
304.09908
304.25487
304.25361
304.2511
304.24739
304.24253
304.2366
304.22969
304.22188
304.21329
304.20403
304.19422
304.18397
304.17339
304.16261
304.15174
304.14088
304.13014
304.11961
304.10938
304.09953
304.09016
304.08132
304.07308
304.0655
304.05864
304.05253
304.04722
304.04275
304.03914
304.03641
304.03458
304.03366
304.14757
304.14666
304.14485
304.14217
304.13866
304.13436
304.12932
304.12361
304.11731
304.11048
304.10321
304.09558
304.08767
304.07956
304.07135
304.06311
304.05492
304.04686
304.03899
304.0314
304.02414
304.01727
304.01084
304.00492
303.99954
303.99474
303.99057
303.98704
303.98419
303.98203
303.98059
303.97986
304.07112
304.07043
304.06905
304.06701
304.06432
304.06103
304.05717
304.05278
304.04792
304.04264
304.03699
304.03105
304.02487
304.01852
304.01206
304.00556
303.99907
303.99267
303.9864
303.98033
303.97452
303.969
303.96383
303.95905
303.9547
303.95081
303.94742
303.94456
303.94224
303.94049
303.93931
303.93872
304.02186
304.02129
304.02017
304.0185
304.0163
304.01359
304.01042
304.00681
304.0028
303.99843
303.99376
303.98883
303.98369
303.9784
303.973
303.96756
303.96212
303.95673
303.95145
303.94633
303.94141
303.93673
303.93234
303.92828
303.92458
303.92127
303.91838
303.91593
303.91395
303.91245
303.91144
303.91094
303.99771
303.9972
303.99619
303.99469
303.99271
303.99028
303.98743
303.98418
303.98056
303.97663
303.97241
303.96795
303.9633
303.95851
303.95362
303.94867
303.94373
303.93883
303.93402
303.92935
303.92485
303.92058
303.91657
303.91285
303.90946
303.90643
303.90377
303.90153
303.89971
303.89834
303.89741
303.89695
315.35818
313.38415
311.94938
310.85244
309.96186
309.22046
308.59677
308.06892
307.61995
307.23619
306.90655
306.62199
306.37515
306.16005
305.9718
305.80646
305.66079
305.53215
305.4184
305.31777
305.22882
305.15036
305.08142
305.02121
304.96905
304.92443
304.8869
304.85611
304.83179
304.81372
304.80176
304.79581
315.06707
313.10061
311.67972
310.60111
309.73141
309.01185
308.40975
307.90241
307.47239
307.10579
306.79145
306.52037
306.28532
306.08047
305.9011
305.74343
305.60438
305.48145
305.3726
305.2762
305.19087
305.11553
305.04925
304.9913
304.94107
304.89805
304.86184
304.83212
304.80864
304.79118
304.77962
304.77387
314.35973
312.42233
311.04989
310.02979
309.22164
308.56205
308.01567
307.55853
307.1728
306.84475
306.56365
306.32108
306.11039
305.92632
305.76468
305.62213
305.496
305.3841
305.28471
305.19639
305.118
305.04858
304.98737
304.93373
304.88713
304.84716
304.81346
304.78577
304.76386
304.74757
304.73678
304.7314
312.79725
311.01609
309.83271
308.99472
308.34851
307.8273
307.39664
307.03518
306.72817
306.46482
306.23698
306.0384
305.86419
305.71051
305.57432
305.45316
305.3451
305.24853
305.16217
305.08498
305.01608
304.95477
304.90048
304.85272
304.8111
304.77529
304.74503
304.72012
304.70037
304.68567
304.67593
304.67107
308.1832
307.97887
307.70517
307.41417
307.12941
306.86207
306.61668
306.39418
306.1937
306.0135
305.85162
305.70606
305.57499
305.45678
305.35002
305.25349
305.16616
305.08715
305.01573
304.95129
304.89331
304.84134
304.79503
304.75408
304.71822
304.68725
304.661
304.63933
304.62211
304.60927
304.60075
304.5965
306.55326
306.50552
306.42159
306.31373
306.19225
306.06487
305.93701
305.81218
305.69252
305.57923
305.47285
305.37354
305.2812
305.19559
305.11642
305.04335
304.97605
304.91424
304.85761
304.80591
304.75893
304.71645
304.67831
304.64437
304.61448
304.58855
304.56648
304.54819
304.53363
304.52276
304.51552
304.51191
305.70439
305.68657
305.65278
305.6059
305.5491
305.48541
305.41745
305.34735
305.27677
305.20696
305.13882
305.07299
305.00991
304.94985
304.89299
304.83943
304.78921
304.74233
304.6988
304.65857
304.62162
304.58791
304.55739
304.53004
304.50582
304.4847
304.46664
304.45163
304.43965
304.43067
304.4247
304.42171
305.18174
305.17328
305.15683
305.13323
305.10356
305.06898
305.03064
304.9896
304.94683
304.90313
304.85919
304.81556
304.7727
304.73098
304.69067
304.65201
304.61517
304.5803
304.54748
304.51682
304.48837
304.46219
304.43831
304.41676
304.39756
304.38073
304.36629
304.35424
304.3446
304.33736
304.33253
304.33012
304.82721
304.82256
304.81342
304.80009
304.78301
304.76266
304.73956
304.71427
304.68727
304.65907
304.6301
304.60076
304.57138
304.54228
304.51372
304.48592
304.45908
304.43335
304.40889
304.3858
304.36419
304.34415
304.32574
304.30902
304.29405
304.28088
304.26952
304.26002
304.25239
304.24665
304.24282
304.2409
304.57157
304.56874
304.56317
304.55498
304.54436
304.53155
304.51682
304.50043
304.48269
304.46387
304.44425
304.4241
304.40364
304.38312
304.36273
304.34266
304.32308
304.30413
304.28595
304.26866
304.25235
304.23712
304.22306
304.21022
304.19867
304.18846
304.17963
304.17222
304.16626
304.16177
304.15877
304.15726
304.38087
304.37903
304.3754
304.37003
304.36303
304.35453
304.34466
304.33359
304.32148
304.30851
304.29485
304.28068
304.26617
304.25146
304.23673
304.2221
304.20771
304.19368
304.18013
304.16715
304.15485
304.14329
304.13257
304.12274
304.11386
304.10599
304.09916
304.09341
304.08878
304.08529
304.08295
304.08177
304.23709
304.23584
304.23334
304.22964
304.2248
304.21889
304.212
304.20422
304.19566
304.18643
304.17664
304.16642
304.15587
304.14512
304.13428
304.12344
304.11272
304.10221
304.092
304.08218
304.07282
304.064
304.05577
304.04821
304.04135
304.03526
304.02996
304.02549
304.02188
304.01916
304.01733
304.01642
304.13007
304.12916
304.12736
304.12469
304.12118
304.11689
304.11187
304.10617
304.09988
304.09307
304.08581
304.07819
304.0703
304.06221
304.05402
304.04579
304.03761
304.02957
304.02171
304.01413
304.00688
304.00002
303.99361
303.98769
303.98232
303.97753
303.97336
303.96983
303.96699
303.96483
303.96339
303.96266
304.05377
304.05308
304.05171
304.04967
304.04699
304.0437
304.03984
304.03546
304.03061
304.02534
304.0197
304.01377
304.0076
304.00126
303.99481
303.98831
303.98184
303.97544
303.96918
303.96312
303.95731
303.9518
303.94664
303.94186
303.93752
303.93364
303.93025
303.92739
303.92508
303.92332
303.92215
303.92156
304.00459
304.00403
304.0029
304.00123
303.99904
303.99634
303.99317
303.98956
303.98556
303.9812
303.97653
303.97161
303.96648
303.96119
303.9558
303.95036
303.94493
303.93955
303.93427
303.92916
303.92424
303.91957
303.91519
303.91113
303.90743
303.90412
303.90123
303.89879
303.89681
303.89531
303.8943
303.8938
303.98048
303.97997
303.97896
303.97746
303.97549
303.97306
303.97021
303.96696
303.96335
303.95942
303.95521
303.95076
303.94611
303.94132
303.93643
303.9315
303.92656
303.92166
303.91686
303.91219
303.9077
303.90343
303.89942
303.89571
303.89232
303.88929
303.88664
303.8844
303.88258
303.88121
303.88028
303.87982
314.53793
313.01391
311.71184
310.67258
309.81894
309.10476
308.50192
307.99028
307.554
307.18023
306.85847
306.58014
306.33824
306.12705
305.94191
305.77903
305.63532
305.50824
305.39573
305.29609
305.20793
305.1301
305.06167
305.00185
304.95001
304.90563
304.8683
304.83766
304.81345
304.79547
304.78356
304.77763
314.25355
312.73684
311.44819
310.42666
309.59325
308.90025
308.31837
307.82667
307.40884
307.05179
306.74496
306.47981
306.24944
306.0483
305.87187
305.71654
305.57934
305.45788
305.35021
305.25474
305.17016
305.09541
305.02961
304.97204
304.9221
304.87932
304.8433
304.81372
304.79034
304.77296
304.76145
304.75572
313.56551
312.07658
310.83446
309.86928
309.09526
308.46022
307.93229
307.48928
307.11447
306.79493
306.52049
306.28316
306.0766
305.8958
305.73676
305.59627
305.47177
305.36118
305.26283
305.17534
305.09761
305.02873
304.96794
304.91463
304.8683
304.82854
304.79502
304.76746
304.74565
304.72942
304.71867
304.71332
312.0661
310.71906
309.65538
308.86408
308.24542
307.74354
307.32725
306.97675
306.67821
306.42148
306.19885
306.00438
305.83344
305.68236
305.54824
305.42875
305.32201
305.22651
305.141
305.06449
304.99614
304.93528
304.88134
304.83386
304.79247
304.75684
304.72673
304.70192
304.68226
304.66762
304.65791
304.65307
308.06575
307.8775
307.61719
307.3377
307.06299
306.80424
306.56609
306.34961
306.15409
305.97798
305.81943
305.67659
305.54775
305.43135
305.32606
305.23072
305.14436
305.06614
304.99536
304.93144
304.87388
304.82225
304.77622
304.73549
304.69982
304.66899
304.64286
304.62127
304.60412
304.59133
304.58284
304.5786
306.49922
306.45323
306.37205
306.26747
306.14943
306.02542
305.90069
305.77868
305.66152
305.5504
305.44588
305.34816
305.25715
305.17266
305.09442
305.02213
304.95549
304.8942
304.83802
304.78669
304.74
304.69778
304.65984
304.62606
304.59631
304.57049
304.5485
304.53029
304.51578
304.50494
304.49773
304.49413
305.67056
305.65318
305.62021
305.5744
305.51884
305.45646
305.38981
305.32096
305.25155
305.18281
305.11563
305.05065
304.98831
304.92889
304.87258
304.81949
304.76967
304.72313
304.67988
304.6399
304.60315
304.5696
304.53923
304.512
304.48787
304.46682
304.44883
304.43387
304.42193
304.41298
304.40702
304.40404
305.15655
305.14823
305.13206
305.10886
305.07966
305.0456
305.00781
304.96734
304.9251
304.88191
304.83844
304.79525
304.75278
304.7114
304.67141
304.63302
304.59641
304.56174
304.5291
304.49859
304.47027
304.4442
304.42041
304.39893
304.3798
304.36303
304.34863
304.33662
304.327
304.31978
304.31496
304.31255
304.80601
304.80141
304.79238
304.77921
304.76232
304.74219
304.71934
304.69428
304.66754
304.63958
304.61084
304.58171
304.55254
304.52362
304.49523
304.46758
304.44087
304.41526
304.3909
304.36791
304.34638
304.3264
304.30805
304.29138
304.27646
304.26331
304.25199
304.24251
304.2349
304.22917
304.22535
304.22344
304.5523
304.5495
304.54397
304.53585
304.52531
304.5126
304.49797
304.4817
304.46407
304.44537
304.42586
304.40582
304.38547
304.36504
304.34474
304.32475
304.30525
304.28637
304.26825
304.25101
304.23475
304.21956
304.20553
304.19273
304.1812
304.17102
304.16221
304.15481
304.14886
304.14438
304.14139
304.13989
304.36258
304.36075
304.35714
304.3518
304.34484
304.33638
304.32656
304.31554
304.30349
304.29057
304.27697
304.26286
304.2484
304.23374
304.21906
304.20447
304.19012
304.17614
304.16262
304.14967
304.1374
304.12587
304.11517
304.10536
304.0965
304.08864
304.08182
304.07609
304.07146
304.06797
304.06564
304.06447
304.21932
304.21806
304.21558
304.21189
304.20707
304.20118
304.19431
304.18656
304.17802
304.16882
304.15906
304.14887
304.13835
304.12763
304.11681
304.106
304.09531
304.08482
304.07463
304.06483
304.05548
304.04668
304.03847
304.03091
304.02407
304.01798
304.01269
304.00823
304.00463
304.00191
304.00009
303.99917
304.11257
304.11166
304.10987
304.1072
304.10371
304.09942
304.09441
304.08873
304.08245
304.07565
304.06841
304.06081
304.05293
304.04486
304.03668
304.02847
304.02031
304.01227
304.00443
303.99686
303.98962
303.98277
303.97637
303.97046
303.9651
303.96031
303.95615
303.95263
303.94978
303.94763
303.94619
303.94547
304.03642
304.03573
304.03436
304.03233
304.02965
304.02637
304.02252
304.01815
304.0133
304.00804
304.00241
303.99649
303.99033
303.98399
303.97755
303.97107
303.9646
303.95821
303.95197
303.94591
303.94011
303.9346
303.92945
303.92468
303.92034
303.91646
303.91308
303.91022
303.90791
303.90616
303.90498
303.90439
303.98732
303.98676
303.98564
303.98397
303.98178
303.97908
303.97592
303.97231
303.96831
303.96396
303.9593
303.95438
303.94926
303.94398
303.93859
303.93316
303.92773
303.92236
303.91709
303.91198
303.90707
303.9024
303.89802
303.89397
303.89028
303.88697
303.88409
303.88165
303.87967
303.87817
303.87717
303.87666
303.96324
303.96274
303.96173
303.96023
303.95826
303.95584
303.95299
303.94975
303.94614
303.94221
303.938
303.93356
303.92892
303.92413
303.91925
303.91432
303.90938
303.90449
303.89969
303.89503
303.89055
303.88628
303.88228
303.87857
303.87518
303.87215
303.86951
303.86727
303.86545
303.86408
303.86316
303.86269
313.88523
312.62307
311.44916
310.47567
309.6637
308.97951
308.39944
307.90548
307.48305
307.1202
306.80707
306.53557
306.29908
306.09218
305.91045
305.75029
305.60873
305.48337
305.37223
305.27368
305.18638
305.10925
305.04136
304.98198
304.9305
304.8864
304.84928
304.8188
304.79472
304.77682
304.76497
304.75907
313.60821
312.35309
311.19208
310.23568
309.44323
308.77949
308.2197
307.74505
307.34053
306.99392
306.69531
306.43666
306.21143
306.01435
305.84115
305.68838
305.55321
305.43337
305.327
305.23256
305.1488
305.07471
305.00943
304.95228
304.90267
304.86015
304.82434
304.79492
304.77165
304.75436
304.74291
304.7372
312.94138
311.71259
310.59598
309.69354
308.95811
308.35016
307.84239
307.41477
307.05189
306.74164
306.4745
306.24291
306.04089
305.86368
305.70748
305.56925
305.44655
305.3374
305.24019
305.15362
305.07662
305.00832
304.948
304.89507
304.84904
304.80951
304.77617
304.74875
304.72705
304.7109
304.7002
304.69487
311.50996
310.40927
309.45901
308.72109
308.13372
307.65323
307.25265
306.91409
306.6248
306.37531
306.15838
305.96842
305.80107
305.65284
305.521
305.40333
305.29805
305.20371
305.11915
305.04339
304.97565
304.91527
304.86172
304.81456
304.77342
304.73799
304.70803
304.68335
304.66378
304.64921
304.63954
304.63472
307.93945
307.76694
307.52177
307.25527
306.99163
306.74228
306.51202
306.30211
306.11202
305.94037
305.78548
305.64563
305.51922
305.40481
305.30114
305.20711
305.12182
305.04447
304.9744
304.91105
304.85395
304.8027
304.75698
304.7165
304.68102
304.65036
304.62435
304.60286
304.58579
304.57305
304.56459
304.56037
306.44131
306.39725
306.31912
306.21815
306.10387
305.98353
305.86222
305.74331
305.62888
305.52014
305.41767
305.32168
305.23214
305.14888
305.07167
305.00024
304.93431
304.87362
304.81792
304.76699
304.72064
304.67868
304.64097
304.60738
304.57777
304.55207
304.53018
304.51204
304.4976
304.4868
304.47961
304.47603
305.63483
305.61794
305.58586
305.54123
305.48702
305.42608
305.36086
305.29339
305.22527
305.1577
305.09157
305.02752
304.96599
304.90728
304.85158
304.79901
304.74963
304.70347
304.66053
304.62081
304.58428
304.55093
304.52071
304.4936
304.46958
304.44862
304.4307
304.41579
304.40389
304.39498
304.38904
304.38607
305.13029
305.12213
305.10627
305.0835
305.05483
305.02135
304.98417
304.94429
304.90265
304.86002
304.81707
304.77435
304.73232
304.69133
304.65167
304.61358
304.57723
304.54278
304.51034
304.48
304.45182
304.42587
304.40218
304.38079
304.36173
304.34502
304.33067
304.31869
304.3091
304.30191
304.29711
304.2947
304.78415
304.77961
304.7707
304.7577
304.74102
304.72113
304.69854
304.67376
304.64729
304.61959
304.59111
304.56222
304.53327
304.50456
304.47635
304.44886
304.4223
304.39683
304.37258
304.34969
304.32824
304.30834
304.29006
304.27345
304.25857
304.24547
304.23417
304.22472
304.21713
304.21142
304.20761
304.2057
304.53258
304.5298
304.52432
304.51627
304.50583
304.49322
304.4787
304.46256
304.44506
304.42648
304.4071
304.38717
304.36694
304.34662
304.32642
304.30652
304.2871
304.26829
304.25024
304.23306
304.21686
304.20172
304.18773
304.17496
304.16347
304.15331
304.14452
304.13714
304.13121
304.12674
304.12375
304.12225
304.34393
304.34212
304.33853
304.33322
304.3263
304.31789
304.30812
304.29716
304.28517
304.27232
304.25878
304.24473
304.23032
304.21573
304.20109
304.18656
304.17226
304.15831
304.14484
304.13193
304.11968
304.10819
304.09751
304.08772
304.07888
304.07104
304.06423
304.05851
304.0539
304.05042
304.04808
304.04692
304.20124
304.19999
304.19751
304.19385
304.18904
304.18318
304.17633
304.16861
304.1601
304.15093
304.14121
304.13105
304.12056
304.10987
304.09908
304.0883
304.07763
304.06717
304.057
304.04722
304.0379
304.02911
304.02091
304.01338
304.00655
304.00047
303.99519
303.99074
303.98714
303.98442
303.9826
303.98169
304.0948
304.09389
304.0921
304.08945
304.08596
304.08169
304.07669
304.07103
304.06476
304.05798
304.05076
304.04318
304.03532
304.02726
304.0191
304.0109
304.00276
303.99474
303.98691
303.97935
303.97213
303.96529
303.95889
303.953
303.94764
303.94286
303.9387
303.93519
303.93235
303.9302
303.92876
303.92804
304.01882
304.01813
304.01677
304.01474
304.01207
304.00879
304.00495
304.00059
303.99575
303.99049
303.98488
303.97896
303.97282
303.96649
303.96006
303.95359
303.94713
303.94075
303.93452
303.92847
303.92268
303.91718
303.91203
303.90727
303.90293
303.89906
303.89569
303.89283
303.89052
303.88877
303.8876
303.88701
303.96982
303.96925
303.96813
303.96647
303.96428
303.96159
303.95843
303.95483
303.95084
303.94649
303.94184
303.93693
303.93181
303.92653
303.92116
303.91573
303.91031
303.90495
303.89969
303.89458
303.88968
303.88502
303.88064
303.87659
303.8729
303.8696
303.86672
303.86428
303.86231
303.86081
303.85981
303.8593
303.94578
303.94527
303.94427
303.94277
303.9408
303.93838
303.93554
303.9323
303.9287
303.92478
303.92057
303.91613
303.9115
303.90672
303.90184
303.89691
303.89199
303.8871
303.88231
303.87765
303.87317
303.86891
303.86491
303.8612
303.85782
303.8548
303.85216
303.84992
303.84811
303.84673
303.84581
303.84535
313.23328
312.2322
311.18637
310.27868
309.50841
308.85421
308.29693
307.82064
307.41208
307.06015
306.75565
306.49099
306.25991
306.05731
305.87899
305.72154
305.58214
305.45849
305.34872
305.25125
305.16483
305.08839
305.02106
304.96212
304.91098
304.86716
304.83025
304.79995
304.77599
304.75818
304.74639
304.74051
312.96364
311.96931
310.93588
310.04462
309.29314
308.65869
308.12099
307.6634
307.27219
306.93603
306.64565
306.39349
306.1734
305.98039
305.81042
305.66021
305.52708
305.40887
305.30378
305.21037
305.12744
305.054
304.98925
304.93251
304.88324
304.84098
304.80537
304.77611
304.75297
304.73576
304.72436
304.71868
312.31801
311.34858
310.35741
309.51773
308.82092
308.24006
307.75246
307.34024
306.98928
306.68834
306.4285
306.20265
306.00516
305.83154
305.67819
305.54223
305.42133
305.31361
305.21755
305.13189
305.05562
304.98791
304.92806
304.8755
304.82976
304.79048
304.75732
304.73004
304.70845
304.69238
304.68173
304.67642
310.9546
310.09947
309.26256
308.57803
308.02198
307.56288
307.17802
306.85141
306.57137
306.32912
306.11789
305.93245
305.76868
305.62331
305.49375
305.3779
305.27408
305.18091
305.09729
305.02228
304.95515
304.89526
304.8421
304.79526
304.75436
304.71914
304.68934
304.66478
304.6453
304.6308
304.62117
304.61637
307.81311
307.65633
307.42632
307.1728
306.92025
306.6803
306.45793
306.25459
306.06993
305.90275
305.75152
305.61466
305.49069
305.37827
305.27621
305.1835
305.09927
305.02279
304.95343
304.89065
304.83402
304.78315
304.73773
304.6975
304.66222
304.63172
304.60584
304.58445
304.56745
304.55477
304.54634
304.54214
306.38338
306.34125
306.26618
306.16881
306.0583
305.94163
305.82374
305.70792
305.59623
305.48987
305.38944
305.29519
305.20712
305.1251
305.04892
304.97834
304.91313
304.85302
304.79781
304.74729
304.70127
304.65959
304.6221
304.58869
304.55924
304.53366
304.51186
304.4938
304.47941
304.46865
304.4615
304.45792
305.5991
305.58269
305.55149
305.50805
305.4552
305.39569
305.3319
305.26581
305.19897
305.13258
305.06751
305.00439
304.94368
304.88567
304.83058
304.77852
304.72958
304.6838
304.64118
304.60172
304.56542
304.53225
304.50218
304.47521
304.45129
304.43042
304.41257
304.39772
304.38586
304.37697
304.37105
304.36809
305.10402
305.09603
305.08048
305.05814
305.02999
304.99709
304.96051
304.92125
304.8802
304.83813
304.7957
304.75346
304.71185
304.67125
304.63193
304.59413
304.55805
304.52383
304.49158
304.4614
304.43337
304.40753
304.38395
304.36265
304.34366
304.327
304.3127
304.30077
304.29121
304.28403
304.27925
304.27685
304.76228
304.75781
304.74901
304.73619
304.71972
304.70007
304.67774
304.65323
304.62703
304.59961
304.57138
304.54273
304.514
304.48549
304.45747
304.43015
304.40373
304.37839
304.35426
304.33147
304.31011
304.29029
304.27207
304.25551
304.24068
304.22762
304.21636
304.20693
304.19936
304.19367
304.18986
304.18796
304.51285
304.5101
304.50467
304.49669
304.48634
304.47383
304.45944
304.44341
304.42604
304.40759
304.38834
304.36853
304.34841
304.3282
304.3081
304.28829
304.26895
304.25022
304.23224
304.21512
304.19896
304.18387
304.16993
304.15719
304.14573
304.13559
304.12683
304.11947
304.11355
304.10909
304.1061
304.10461
304.32528
304.32348
304.31991
304.31464
304.30776
304.2994
304.28968
304.27878
304.26685
304.25406
304.24059
304.22659
304.21225
304.19771
304.18313
304.16865
304.15439
304.14049
304.12705
304.11418
304.10197
304.0905
304.07985
304.07008
304.06126
304.05343
304.04665
304.04093
304.03633
304.03285
304.03053
304.02936
304.18316
304.18192
304.17945
304.1758
304.17101
304.16517
304.15835
304.15066
304.14218
304.13304
304.12335
304.11322
304.10277
304.09211
304.08135
304.07059
304.05995
304.04951
304.03937
304.02961
304.02031
304.01154
304.00336
303.99584
303.98902
303.98295
303.97768
303.97324
303.96965
303.96693
303.96512
303.96421
304.07703
304.07613
304.07434
304.07169
304.06821
304.06396
304.05897
304.05332
304.04707
304.04031
304.0331
304.02554
304.0177
304.00966
304.00151
303.99333
303.9852
303.9772
303.96939
303.96185
303.95463
303.9478
303.94142
303.93553
303.93018
303.92541
303.92126
303.91775
303.91492
303.91277
303.91133
303.91061
304.00122
304.00053
303.99917
303.99714
303.99448
303.99121
303.98738
303.98302
303.97819
303.97295
303.96734
303.96144
303.9553
303.94899
303.94257
303.93611
303.92966
303.92329
303.91706
303.91103
303.90524
303.89975
303.89461
303.88985
303.88552
303.88166
303.87829
303.87544
303.87313
303.87138
303.87021
303.86962
303.95231
303.95175
303.95063
303.94897
303.94678
303.94409
303.94094
303.93735
303.93336
303.92902
303.92437
303.91947
303.91436
303.90909
303.90372
303.89831
303.89289
303.88753
303.88228
303.87718
303.87228
303.86763
303.86326
303.85921
303.85553
303.85223
303.84935
303.84692
303.84494
303.84345
303.84245
303.84194
303.92831
303.92781
303.9268
303.92531
303.92334
303.92093
303.91808
303.91485
303.91125
303.90734
303.90314
303.8987
303.89408
303.8893
303.88443
303.87951
303.87459
303.86971
303.86492
303.86027
303.8558
303.85154
303.84754
303.84384
303.84047
303.83744
303.8348
303.83257
303.83076
303.82939
303.82847
303.828
312.69238
311.8493
310.91171
310.06969
309.34318
308.72082
308.18779
307.7304
307.33668
306.99648
306.70126
306.44395
306.21871
306.02074
305.8461
305.69157
305.5545
305.43271
305.32442
305.22813
305.14265
305.06696
305.00023
304.94177
304.89101
304.84749
304.81082
304.78069
304.75687
304.73916
304.72743
304.72158
312.43065
311.59402
310.66828
309.84201
309.13354
308.53013
308.01596
307.57659
307.19963
306.87469
306.59315
306.34798
306.13343
305.94481
305.77832
305.63088
305.49996
305.38349
305.27981
305.18751
305.10547
305.03274
304.96856
304.91227
304.86336
304.82139
304.786
304.75691
304.7339
304.71678
304.70544
304.69979
311.80764
310.99443
310.1087
309.33147
308.67515
308.12301
307.65687
307.2611
306.92291
306.63195
306.37995
306.16028
305.96769
305.79794
305.64766
305.51414
305.39518
305.28902
305.19419
305.10952
305.03405
304.96697
304.90762
304.85547
304.81006
304.77103
304.73808
304.71096
304.68948
304.67349
304.66289
304.65761
310.51261
309.80201
309.05857
308.42672
307.90343
307.46699
307.09885
306.78501
306.51488
306.28039
306.0753
305.89472
305.73481
305.59252
305.46542
305.35154
305.24929
305.15739
305.07478
305.00059
304.93412
304.87476
304.82203
304.77552
304.7349
304.69989
304.67027
304.64584
304.62647
304.61203
304.60245
304.59767
307.68318
307.54012
307.32531
307.08543
306.84464
306.6147
306.40076
306.20446
306.02563
305.86325
305.71596
305.58233
305.46099
305.3507
305.25039
305.1591
305.07603
305.00049
304.93189
304.86973
304.8136
304.76315
304.71806
304.6781
304.64304
304.61271
304.58697
304.56568
304.54877
304.53615
304.52776
304.52358
306.32226
306.28214
306.21031
306.11678
306.01029
305.89755
305.78334
305.67085
305.5621
305.4583
305.36007
305.2677
305.18121
305.10052
305.02546
304.95581
304.89136
304.8319
304.77722
304.72713
304.68147
304.64009
304.60285
304.56963
304.54034
304.51489
304.49321
304.47523
304.4609
304.45019
304.44306
304.4395
305.56167
305.54578
305.51554
305.47335
305.42196
305.36399
305.30175
305.23714
305.17169
305.10657
305.04263
304.98052
304.92069
304.86344
304.80901
304.75751
304.70905
304.66367
304.6214
304.58223
304.54617
304.5132
304.48331
304.45647
304.43267
304.41189
304.39412
304.37933
304.36751
304.35866
304.35276
304.34982
305.07678
305.06897
305.05376
305.03188
305.00429
304.97201
304.93609
304.89748
304.85706
304.8156
304.77374
304.73201
304.69088
304.65068
304.61173
304.57426
304.53846
304.50448
304.47245
304.44245
304.41457
304.38887
304.3654
304.34419
304.32528
304.30869
304.29444
304.28255
304.27302
304.26587
304.2611
304.25871
304.73979
304.73538
304.72672
304.71408
304.69784
304.67846
304.65641
304.63219
304.60629
304.57915
304.55119
304.5228
304.49432
304.46603
304.43821
304.41107
304.38482
304.35962
304.33561
304.31293
304.29167
304.27193
304.25378
304.23729
304.22251
304.20949
304.19826
304.18886
304.18132
304.17564
304.17185
304.16995
304.49267
304.48995
304.48458
304.47667
304.46642
304.45403
304.43976
304.42387
304.40664
304.38833
304.36921
304.34953
304.32954
304.30944
304.28945
304.26975
304.25049
304.23185
304.21394
304.19688
304.18079
304.16575
304.15185
304.13915
304.12772
304.11762
304.10887
304.10153
304.09563
304.09118
304.0882
304.08671
304.30629
304.3045
304.30095
304.29571
304.28888
304.28057
304.27091
304.26007
304.24821
304.23549
304.22208
304.20816
304.19388
304.1794
304.16488
304.15045
304.13625
304.12239
304.109
304.09617
304.08399
304.07255
304.06193
304.05219
304.04339
304.03558
304.02881
304.02311
304.01851
304.01505
304.01273
304.01156
304.16478
304.16354
304.16109
304.15745
304.15269
304.14687
304.14008
304.13242
304.12398
304.11487
304.10522
304.09512
304.08471
304.07408
304.06335
304.05263
304.04202
304.03161
304.02149
304.01175
304.00247
303.99372
303.98556
303.97805
303.97125
303.9652
303.95994
303.9555
303.95192
303.94921
303.9474
303.94649
304.05899
304.05809
304.05631
304.05367
304.0502
304.04596
304.04099
304.03535
304.02913
304.02238
304.01519
304.00765
303.99983
303.99181
303.98368
303.97552
303.96741
303.95942
303.95163
303.9441
303.9369
303.93008
303.92371
303.91783
303.91249
303.90773
303.90359
303.90008
303.89725
303.89511
303.89368
303.89295
303.98337
303.98269
303.98133
303.97931
303.97665
303.97339
303.96956
303.96521
303.9604
303.95516
303.94957
303.94368
303.93755
303.93125
303.92484
303.91839
303.91196
303.9056
303.89938
303.89336
303.88758
303.8821
303.87696
303.87221
303.86789
303.86403
303.86067
303.85782
303.85552
303.85377
303.8526
303.85201
303.93457
303.934
303.93289
303.93123
303.92905
303.92636
303.92321
303.91963
303.91565
303.91131
303.90668
303.90178
303.89668
303.89142
303.88606
303.88065
303.87524
303.86989
303.86465
303.85955
303.85466
303.85001
303.84565
303.84161
303.83793
303.83464
303.83177
303.82933
303.82736
303.82587
303.82487
303.82437
303.91061
303.91011
303.9091
303.90761
303.90565
303.90324
303.9004
303.89717
303.89358
303.88967
303.88548
303.88105
303.87643
303.87166
303.8668
303.86188
303.85696
303.85209
303.84731
303.84267
303.8382
303.83395
303.82996
303.82626
303.82289
303.81987
303.81723
303.815
303.81319
303.81182
303.8109
303.81044
312.15199
311.46647
310.637
309.86065
309.17791
308.58738
308.07862
307.64012
307.26126
306.93279
306.64686
306.3969
306.1775
305.98416
305.81321
305.66161
305.52686
305.40693
305.30011
305.20501
305.12047
305.04553
304.9794
304.92141
304.87104
304.82781
304.79138
304.76144
304.73775
304.72013
304.70846
304.70265
311.89818
311.2188
310.40065
309.63935
308.97388
308.40154
307.9109
307.48976
307.12706
306.81333
306.54064
306.30247
306.09345
305.90922
305.74622
305.60155
305.47282
305.35811
305.25583
305.16465
305.0835
305.01148
304.94786
304.89203
304.84348
304.80179
304.76663
304.73771
304.71483
304.69781
304.68652
304.6809
311.29779
310.64036
309.85996
309.14517
308.52933
308.00593
307.56125
307.18193
306.85651
306.57554
306.33138
306.11791
305.9302
305.76432
305.61712
305.48604
305.36903
305.26442
305.17083
305.08716
305.01247
304.94603
304.88719
304.83544
304.79036
304.75158
304.71883
304.69186
304.6705
304.6546
304.64406
304.6388
310.07115
309.50463
308.85456
308.27536
307.78484
307.37108
307.01967
306.71858
306.45837
306.23165
306.03269
305.85698
305.70093
305.56173
305.43708
305.32517
305.2245
305.13387
305.05227
304.9789
304.91308
304.85425
304.80195
304.75578
304.71544
304.68065
304.65119
304.6269
304.60763
304.59326
304.58373
304.57897
307.55323
307.42388
307.22428
306.99803
306.76901
306.54908
306.34358
306.15431
305.98132
305.82374
305.68039
305.54998
305.43127
305.32313
305.22457
305.1347
305.05278
304.97818
304.91034
304.84881
304.79319
304.74314
304.69839
304.65869
304.62385
304.5937
304.5681
304.54692
304.53009
304.51752
304.50917
304.50501
306.26113
306.22302
306.15442
306.06473
305.96227
305.85347
305.74293
305.63376
305.52796
305.42672
305.3307
305.2402
305.1553
305.07594
305.00199
304.93327
304.86959
304.81077
304.75662
304.70697
304.66167
304.62058
304.58359
304.55057
304.52145
304.49613
304.47455
304.45665
304.44239
304.43172
304.42462
304.42108
305.52423
305.50887
305.47957
305.43865
305.38872
305.33229
305.27159
305.20847
305.14441
305.08055
305.01775
304.95665
304.89769
304.84121
304.78743
304.7365
304.68852
304.64355
304.60161
304.56274
304.52692
304.49415
304.46443
304.43773
304.41405
304.39336
304.37566
304.36094
304.34917
304.34035
304.33448
304.33154
305.04954
305.0419
305.02702
305.00561
304.97858
304.94693
304.91166
304.87371
304.83393
304.79307
304.75177
304.71057
304.66989
304.63012
304.59154
304.55439
304.51887
304.48514
304.45331
304.4235
304.39577
304.3702
304.34684
304.32573
304.3069
304.29038
304.27618
304.26433
304.25484
304.24771
304.24295
304.24058
304.71729
304.71295
304.70442
304.69197
304.67596
304.65684
304.63507
304.61115
304.58554
304.55869
304.53101
304.50288
304.47463
304.44657
304.41894
304.39199
304.3659
304.34084
304.31696
304.29439
304.27323
304.25357
304.23549
304.21906
304.20433
304.19136
304.18017
304.1708
304.16327
304.15761
304.15383
304.15194
304.4725
304.4698
304.46448
304.45666
304.4465
304.43423
304.42009
304.40433
304.38723
304.36906
304.35008
304.33053
304.31066
304.29068
304.2708
304.2512
304.23204
304.21347
304.19563
304.17865
304.16261
304.14762
304.13377
304.12111
304.10971
304.09964
304.09092
304.0836
304.07771
304.07327
304.0703
304.06881
304.28729
304.28551
304.28199
304.27679
304.27
304.26174
304.25214
304.24136
304.22957
304.21691
304.20357
304.18972
304.1755
304.16109
304.14663
304.13225
304.1181
304.10429
304.09094
304.07815
304.06601
304.0546
304.04401
304.03429
304.02551
304.01772
304.01097
304.00528
304.0007
303.99724
303.99492
303.99376
304.1464
304.14517
304.14273
304.13911
304.13437
304.12857
304.12181
304.11418
304.10577
304.0967
304.08708
304.07702
304.06664
304.05605
304.04535
304.03466
304.02408
304.0137
304.00361
303.9939
303.98464
303.9759
303.96776
303.96027
303.95348
303.94744
303.94219
303.93776
303.93418
303.93148
303.92967
303.92876
304.04095
304.04006
304.03828
304.03565
304.03219
304.02796
304.023
304.01739
304.01118
304.00445
303.99728
303.98976
303.98195
303.97396
303.96585
303.95771
303.94961
303.94164
303.93386
303.92635
303.91916
303.91236
303.906
303.90013
303.8948
303.89005
303.88591
303.88242
303.87959
303.87745
303.87602
303.8753
303.96552
303.96484
303.96348
303.96147
303.95881
303.95556
303.95174
303.94741
303.9426
303.93737
303.93179
303.92591
303.9198
303.91351
303.90712
303.90068
303.89425
303.88791
303.8817
303.87568
303.86991
303.86444
303.85931
303.85457
303.85026
303.8464
303.84304
303.8402
303.8379
303.83616
303.83499
303.8344
303.91682
303.91626
303.91514
303.91349
303.91131
303.90863
303.90549
303.90191
303.89793
303.89361
303.88898
303.88409
303.87899
303.87374
303.86839
303.86299
303.85759
303.85225
303.84701
303.84193
303.83704
303.8324
303.82804
303.82401
303.82033
303.81705
303.81418
303.81175
303.80978
303.80829
303.80729
303.80679
303.89291
303.89241
303.8914
303.88992
303.88796
303.88555
303.88271
303.87949
303.8759
303.872
303.86781
303.86339
303.85878
303.85402
303.84916
303.84425
303.83934
303.83448
303.8297
303.82506
303.8206
303.81636
303.81237
303.80868
303.80531
303.8023
303.79966
303.79743
303.79563
303.79426
303.79334
303.79288
311.68847
311.10211
310.3594
309.64418
309.00515
308.44737
307.96389
307.54523
307.18202
306.86595
306.58984
306.34769
306.13448
305.94607
305.77903
305.63054
305.49828
305.38032
305.27508
305.18123
305.09769
305.02356
304.95806
304.90059
304.85062
304.80772
304.77154
304.74179
304.71825
304.70074
304.68913
304.68335
311.44303
310.8625
310.13053
309.42963
308.80707
308.26666
307.80053
307.39851
307.05084
306.74896
306.48565
306.25489
306.05175
305.87218
305.71289
305.57116
305.44478
305.33194
305.23114
305.14114
305.06094
304.98969
304.92668
304.87133
304.82317
304.78178
304.74686
304.71813
304.69538
304.67846
304.66724
304.66165
310.86624
310.30621
309.60971
308.9527
308.37715
307.88323
307.46089
307.09882
306.78685
306.51644
306.28059
306.07367
305.89115
305.72939
305.58545
305.45697
305.34203
305.23907
305.1468
305.06418
304.99035
304.92458
304.86628
304.81497
304.77023
304.73173
304.6992
304.6724
304.65116
304.63535
304.62486
304.61964
309.70615
309.22756
308.6504
308.11933
307.66124
307.27068
306.93667
306.64897
306.39919
306.18069
305.98822
305.81766
305.66572
305.52979
305.40776
305.29794
305.19895
305.10967
305.02916
304.95666
304.89154
304.83327
304.78143
304.73563
304.69558
304.66102
304.63175
304.6076
304.58843
304.57414
304.56466
304.55993
307.42255
307.30467
307.11941
306.90682
306.68989
306.4804
306.28374
306.1019
305.93506
305.78257
305.6434
305.51641
305.4005
305.29464
305.19793
305.10957
305.02889
304.95528
304.88826
304.82739
304.77231
304.7227
304.67831
304.6389
304.60429
304.57433
304.54887
304.52781
304.51107
304.49856
304.49026
304.48611
306.19746
306.16136
306.09608
306.01039
305.91214
305.80748
305.70082
305.59517
305.49249
305.39397
305.30029
305.21178
305.12857
305.05063
304.97786
304.91013
304.84727
304.78913
304.73555
304.68637
304.64145
304.60069
304.56395
304.53115
304.5022
304.47702
304.45556
304.43775
304.42355
304.41293
304.40587
304.40234
305.48531
305.47049
305.4422
305.40262
305.35422
305.29942
305.24036
305.17882
305.11623
305.05372
304.99213
304.93209
304.87408
304.81841
304.76533
304.715
304.66753
304.62299
304.58142
304.54285
304.50729
304.47474
304.4452
304.41866
304.3951
304.37452
304.3569
304.34224
304.33052
304.32174
304.31589
304.31296
305.02141
305.01396
304.99944
304.97852
304.95209
304.9211
304.88652
304.84926
304.81017
304.76996
304.72926
304.6886
304.64843
304.6091
304.57091
304.53411
304.49889
304.46542
304.43382
304.4042
304.37664
304.35121
304.32797
304.30696
304.28821
304.27176
304.25762
304.24582
304.23636
304.22926
304.22452
304.22215
304.69422
304.68995
304.68156
304.6693
304.65354
304.63469
304.61323
304.58962
304.56432
304.53778
304.51039
304.48254
304.45456
304.42673
304.39932
304.37256
304.34664
304.32173
304.29799
304.27554
304.25448
304.23491
304.21691
304.20055
304.18588
304.17294
304.16179
304.15246
304.14496
304.13931
304.13555
304.13366
304.4519
304.44923
304.44397
304.43623
304.42618
304.41403
304.40002
304.38441
304.36746
304.34944
304.3306
304.31119
304.29146
304.2716
304.25184
304.23234
304.21328
304.1948
304.17704
304.16012
304.14415
304.12922
304.11541
304.1028
304.09144
304.08139
304.0727
304.0654
304.05953
304.0551
304.05214
304.05066
304.26795
304.26618
304.26269
304.25752
304.25078
304.24258
304.23305
304.22234
304.21061
304.19803
304.18476
304.17098
304.15683
304.14249
304.12809
304.11378
304.09968
304.08592
304.07262
304.05987
304.04777
304.0364
304.02583
304.01614
304.00739
303.99962
303.99288
303.98721
303.98263
303.97918
303.97687
303.97571
304.12773
304.12651
304.12407
304.12047
304.11576
304.10999
304.10326
304.09566
304.08729
304.07826
304.06867
304.05865
304.04831
304.03775
304.02709
304.01644
304.00589
303.99554
303.98547
303.97579
303.96655
303.95784
303.94972
303.94225
303.93547
303.92944
303.9242
303.91979
303.91622
303.91352
303.91171
303.91081
304.02265
304.02176
304.01999
304.01736
304.01392
304.0097
304.00476
303.99916
303.99297
303.98627
303.97912
303.97162
303.96383
303.95586
303.94777
303.93965
303.93157
303.92362
303.91586
303.90836
303.90119
303.8944
303.88806
303.8822
303.87688
303.87214
303.86801
303.86452
303.86169
303.85956
303.85813
303.85741
303.94743
303.94675
303.94539
303.94338
303.94074
303.93749
303.93368
303.92935
303.92456
303.91935
303.91378
303.90791
303.90181
303.89554
303.88915
303.88273
303.87631
303.86998
303.86378
303.85778
303.85202
303.84656
303.84144
303.83671
303.8324
303.82855
303.8252
303.82236
303.82006
303.81832
303.81716
303.81657
303.89884
303.89828
303.89716
303.89551
303.89334
303.89066
303.88752
303.88395
303.87999
303.87567
303.87105
303.86617
303.86108
303.85584
303.8505
303.84511
303.83972
303.83438
303.82915
303.82408
303.8192
303.81457
303.81022
303.80619
303.80252
303.79923
303.79637
303.79394
303.79198
303.79049
303.78949
303.78899
303.87498
303.87447
303.87347
303.87199
303.87003
303.86763
303.8648
303.86158
303.858
303.8541
303.84992
303.84551
303.8409
303.83615
303.8313
303.8264
303.82149
303.81664
303.81187
303.80724
303.80278
303.79854
303.79456
303.79088
303.78751
303.7845
303.78187
303.77965
303.77784
303.77648
303.77556
303.7751
311.22531
310.73786
310.0818
309.42768
308.83236
308.30732
307.84914
307.45031
307.10276
306.79909
306.53282
306.29847
306.09146
305.90797
305.74484
305.59947
305.46969
305.3537
305.25004
305.15745
305.07492
305.00158
304.93673
304.87977
304.8302
304.78762
304.75169
304.72214
304.69874
304.68134
304.6698
304.66405
310.98824
310.5063
309.86042
309.21989
308.64023
308.13175
307.69014
307.30724
306.9746
306.68458
306.43064
306.2073
306.01004
305.83514
305.67955
305.54076
305.41673
305.30575
305.20644
305.11764
305.03839
304.96789
304.90549
304.85063
304.80285
304.76177
304.72709
304.69854
304.67594
304.65911
304.64796
304.6424
310.43505
309.97217
309.35947
308.76021
308.22494
307.76051
307.36051
307.01569
306.71718
306.45732
306.22978
306.02942
305.85209
305.69445
305.55378
305.4279
305.31503
305.21372
305.12277
305.04121
304.96822
304.90313
304.84538
304.7945
304.75011
304.71188
304.67956
304.65293
304.63182
304.6161
304.60567
304.60047
309.3415
308.95061
308.44624
307.96329
307.53761
307.17027
306.85366
306.57933
306.34
306.12971
305.94375
305.77834
305.63051
305.49785
305.37844
305.27071
305.1734
305.08546
305.00604
304.93441
304.86999
304.81229
304.7609
304.71547
304.67571
304.64139
304.6123
304.58829
304.56924
304.55503
304.54559
304.54089
307.29187
307.18546
307.01452
306.81559
306.61076
306.41171
306.2239
306.04947
305.88879
305.74139
305.6064
305.48283
305.36971
305.26614
305.17128
305.08444
305.00499
304.93238
304.86618
304.80597
304.75143
304.70226
304.65822
304.61911
304.58473
304.55495
304.52964
304.5087
304.49204
304.47961
304.47134
304.46721
306.13378
306.09968
306.03772
305.95603
305.862
305.76148
305.6587
305.55657
305.45701
305.36121
305.26987
305.18336
305.10183
305.02531
304.95373
304.88699
304.82495
304.7675
304.71447
304.66576
304.62124
304.58079
304.54431
304.51173
304.48295
304.45792
304.43656
304.41884
304.40471
304.39415
304.38711
304.3836
305.44638
305.43211
305.40482
305.36657
305.31971
305.26655
305.20912
305.14916
305.08804
305.02688
304.9665
304.90754
304.85046
304.79561
304.74323
304.6935
304.64654
304.60243
304.56123
304.52297
304.48767
304.45534
304.42598
304.39958
304.37615
304.35567
304.33813
304.32354
304.31187
304.30312
304.2973
304.29438
304.99328
304.98601
304.97185
304.95142
304.92559
304.89526
304.86137
304.82482
304.7864
304.74684
304.70674
304.66664
304.62696
304.58807
304.55028
304.51382
304.47891
304.4457
304.41432
304.3849
304.35751
304.33222
304.3091
304.28819
304.26953
304.25315
304.23907
304.22731
304.21789
304.21081
304.20609
304.20373
304.67114
304.66695
304.65869
304.64663
304.63111
304.61255
304.59139
304.56809
304.5431
304.51687
304.48978
304.46221
304.43448
304.40688
304.37969
304.35312
304.32738
304.30263
304.27902
304.25668
304.23573
304.21625
304.19833
304.18203
304.16741
304.15453
304.14342
304.13411
304.12664
304.12101
304.11726
304.11538
304.43129
304.42866
304.42346
304.4158
304.40585
304.39383
304.37995
304.36449
304.34768
304.32981
304.31111
304.29185
304.27225
304.25252
304.23287
304.21348
304.19451
304.17613
304.15845
304.1416
304.12569
304.11082
304.09706
304.08449
304.07317
304.06315
304.05448
304.04721
304.04135
304.03693
304.03398
304.0325
304.24861
304.24686
304.24339
304.23826
304.23156
304.22342
304.21395
304.20331
304.19165
304.17915
304.16595
304.15224
304.13817
304.12389
304.10955
304.0953
304.08126
304.06755
304.05429
304.04159
304.02952
304.01819
304.00765
303.99799
303.98926
303.98151
303.97479
303.96913
303.96457
303.96113
303.95882
303.95766
304.10906
304.10784
304.10542
304.10184
304.09714
304.09141
304.08471
304.07714
304.06881
304.05981
304.05027
304.04028
304.02998
304.01946
304.00883
303.99821
303.98769
303.97737
303.96734
303.95768
303.94847
303.93978
303.93168
303.92422
303.91746
303.91145
303.90622
303.90181
303.89825
303.89556
303.89375
303.89285
304.00434
304.00346
304.00169
303.99908
303.99565
303.99144
303.98652
303.98094
303.97477
303.96808
303.96096
303.95347
303.94571
303.93776
303.92969
303.92159
303.91353
303.9056
303.89786
303.89038
303.88322
303.87645
303.87011
303.86427
303.85896
303.85422
303.8501
303.84662
303.8438
303.84167
303.84024
303.83952
303.92933
303.92865
303.9273
303.92529
303.92266
303.91942
303.91562
303.9113
303.90652
303.90132
303.89576
303.88991
303.88382
303.87756
303.87119
303.86477
303.85838
303.85205
303.84587
303.83988
303.83413
303.82868
303.82357
303.81884
303.81454
303.8107
303.80735
303.80452
303.80222
303.80049
303.79932
303.79874
303.88085
303.88029
303.87918
303.87753
303.87536
303.8727
303.86956
303.866
303.86204
303.85773
303.85311
303.84824
303.84317
303.83794
303.8326
303.82722
303.82184
303.81651
303.81129
303.80623
303.80136
303.79673
303.79239
303.78836
303.7847
303.78142
303.77856
303.77614
303.77418
303.77269
303.77169
303.77119
303.85704
303.85654
303.85554
303.85406
303.85211
303.8497
303.84688
303.84367
303.84009
303.8362
303.83203
303.82762
303.82302
303.81828
303.81343
303.80854
303.80365
303.7988
303.79403
303.78941
303.78496
303.78073
303.77676
303.77307
303.76971
303.76671
303.76408
303.76186
303.76006
303.75869
303.75778
303.75732
310.81748
310.39453
309.80664
309.20732
308.6543
308.16217
307.72989
307.35157
307.02031
306.72957
306.47358
306.2474
306.04688
305.86855
305.70953
305.56742
305.44024
305.32634
305.22432
305.13306
305.05158
304.97909
304.91492
304.8585
304.80936
304.76712
304.73146
304.70211
304.67887
304.66157
304.65011
304.64439
310.58914
310.17137
309.59308
309.0066
308.4684
307.99198
307.57546
307.21234
306.89532
306.61767
306.37352
306.15794
305.96684
305.79683
305.64512
305.50942
305.38785
305.27884
305.1811
305.09355
305.0153
304.9456
304.88384
304.82949
304.78211
304.74136
304.70693
304.67858
304.65612
304.6394
304.62831
304.62279
310.06019
309.6601
309.11272
308.56486
308.06836
307.63347
307.25631
306.92931
306.64478
306.39592
306.17707
305.98357
305.81168
305.65834
305.5211
305.39795
305.28726
305.18768
305.09813
305.01768
304.94558
304.8812
304.82402
304.7736
304.72958
304.69164
304.65955
304.6331
304.61212
304.59649
304.58612
304.58095
309.03039
308.69477
308.24598
307.80527
307.41057
307.06641
306.76756
306.50705
306.27857
306.07685
305.89767
305.73766
305.59413
305.4649
305.34824
305.24271
305.14716
305.06064
304.98235
304.91165
304.84797
304.79087
304.73995
304.69491
304.65546
304.62138
304.59249
304.56864
304.54969
304.53556
304.52618
304.5215
307.16198
307.06506
306.90721
306.72154
306.52888
306.3405
306.16183
305.99511
305.84086
305.69878
305.56816
305.44818
305.33799
305.2368
305.1439
305.05865
304.98049
304.90894
304.84359
304.78408
304.73011
304.6814
304.63774
304.59893
304.56481
304.53522
304.51007
304.48925
304.47269
304.46032
304.45209
304.44799
306.06813
306.036
305.97738
305.89977
305.8101
305.71387
305.61513
305.51668
305.42038
305.32743
305.23854
305.15412
305.07436
304.99933
304.92899
304.86329
304.80212
304.74538
304.69296
304.64474
304.60062
304.56051
304.52431
304.49195
304.46336
304.43848
304.41724
304.39962
304.38556
304.37504
304.36804
304.36455
305.40619
305.39248
305.36622
305.32936
305.28412
305.23266
305.17694
305.11863
305.05906
304.99931
304.9402
304.88236
304.82627
304.77227
304.72063
304.67153
304.62511
304.58146
304.54064
304.50271
304.46768
304.43558
304.40641
304.38018
304.35688
304.33651
304.31906
304.30453
304.29292
304.28421
304.27841
304.27551
304.96436
304.95729
304.9435
304.92359
304.89838
304.86875
304.83559
304.79977
304.76206
304.72318
304.68371
304.64419
304.60503
304.56661
304.52923
304.49314
304.45855
304.42561
304.39448
304.36526
304.33804
304.31291
304.28992
304.26911
304.25054
304.23424
304.22022
304.20851
304.19912
304.19208
304.18737
304.18502
304.64753
304.64341
304.6353
304.62345
304.60819
304.58992
304.56907
304.5461
304.52145
304.49554
304.46876
304.44148
304.41402
304.38668
304.35971
304.33335
304.30779
304.2832
304.25973
304.23752
304.21668
304.19729
304.17945
304.16323
304.14867
304.13584
304.12477
304.1155
304.10805
304.10244
304.0987
304.09682
304.41029
304.40769
304.40255
304.39498
304.38514
304.37325
304.35952
304.3442
304.32755
304.30983
304.29129
304.27218
304.25271
304.23312
304.21359
304.19432
304.17545
304.15716
304.13957
304.1228
304.10696
304.09214
304.07843
304.06591
304.05463
304.04464
304.036
304.02875
304.02291
304.01851
304.01556
304.01409
304.22894
304.2272
304.22376
304.21867
304.21203
304.20394
304.19454
304.18397
304.17239
304.15996
304.14685
304.13321
304.11921
304.105
304.09073
304.07654
304.06256
304.04891
304.0357
304.02304
304.01102
303.99972
303.98922
303.97959
303.97088
303.96316
303.95645
303.95081
303.94626
303.94282
303.94052
303.93937
304.0901
304.08889
304.08648
304.08292
304.07825
304.07254
304.06587
304.05834
304.05005
304.04109
304.03159
304.02165
304.01138
304.0009
303.99032
303.97973
303.96925
303.95896
303.94895
303.93932
303.93014
303.92147
303.91339
303.90595
303.89921
303.89321
303.88799
303.88359
303.88004
303.87736
303.87556
303.87466
303.98578
303.9849
303.98314
303.98054
303.97712
303.97293
303.96802
303.96246
303.95631
303.94964
303.94254
303.93508
303.92734
303.91941
303.91137
303.90329
303.89525
303.88734
303.87962
303.87215
303.86501
303.85825
303.85193
303.8461
303.8408
303.83608
303.83196
303.82849
303.82568
303.82355
303.82213
303.82141
303.91099
303.91031
303.90896
303.90696
303.90433
303.9011
303.89731
303.89301
303.88824
303.88305
303.87751
303.87167
303.86559
303.85935
303.85299
303.84659
303.84021
303.8339
303.82773
303.82174
303.81601
303.81057
303.80547
303.80075
303.79646
303.79262
303.78928
303.78645
303.78416
303.78243
303.78127
303.78068
303.86263
303.86207
303.86097
303.85932
303.85716
303.85449
303.85137
303.84781
303.84386
303.83956
303.83495
303.83009
303.82502
303.8198
303.81448
303.80911
303.80374
303.79842
303.79321
303.78815
303.78329
303.77867
303.77433
303.77032
303.76666
303.76339
303.76053
303.75811
303.75616
303.75467
303.75368
303.75318
303.83888
303.83838
303.83738
303.8359
303.83395
303.83155
303.82873
303.82553
303.82196
303.81807
303.81391
303.80951
303.80492
303.80018
303.79535
303.79046
303.78558
303.78073
303.77598
303.77136
303.76692
303.7627
303.75873
303.75505
303.7517
303.7487
303.74608
303.74386
303.74206
303.7407
303.73978
303.73932
310.40992
310.05132
309.5315
308.98696
308.47621
308.01699
307.61063
307.25282
306.93785
306.66005
306.41433
306.19632
306.00229
305.82912
305.67421
305.53537
305.41079
305.29896
305.19861
305.10867
305.02825
304.95661
304.89311
304.83722
304.78852
304.74662
304.71122
304.68208
304.65899
304.6418
304.63041
304.62473
310.1903
309.83656
309.32576
308.7933
308.29654
307.85219
307.46077
307.11741
306.81602
306.55074
306.31639
306.10858
305.92363
305.75851
305.61069
305.47808
305.35897
305.25192
305.15575
305.06945
304.9922
304.9233
304.86218
304.80834
304.76138
304.72095
304.68677
304.65862
304.6363
304.61969
304.60867
304.60317
309.6856
309.34814
308.86599
308.3695
307.91175
307.5064
307.15208
306.84291
306.57236
306.33451
306.12434
305.93771
305.77126
305.62224
305.48842
305.368
305.25948
305.16165
305.07348
304.99414
304.92293
304.85927
304.80266
304.7527
304.70904
304.6714
304.63954
304.61326
304.59242
304.57688
304.56658
304.56144
308.71954
308.43904
308.04575
307.64725
307.28351
306.96253
306.68144
306.43476
306.21712
306.02397
305.85159
305.69698
305.55774
305.43195
305.31803
305.2147
305.12092
305.03582
304.95867
304.88888
304.82594
304.76943
304.719
304.67434
304.6352
304.60138
304.57268
304.54898
304.53015
304.5161
304.50677
304.50212
307.03209
306.94466
306.79989
306.62748
306.44699
306.26928
306.09976
305.94075
305.79293
305.65616
305.52991
305.41352
305.30626
305.20747
305.11651
305.03285
304.95598
304.88549
304.821
304.76219
304.70879
304.66054
304.61726
304.57875
304.54488
304.51549
304.4905
304.4698
304.45333
304.44103
304.43285
304.42876
306.00248
305.97231
305.91703
305.8435
305.75818
305.66625
305.57155
305.47678
305.38374
305.29364
305.20721
305.12488
305.04689
304.97334
304.90425
304.83959
304.77929
304.72327
304.67144
304.62371
304.58
304.54022
304.5043
304.47217
304.44377
304.41903
304.39792
304.38039
304.36641
304.35594
304.34898
304.3455
305.36599
305.35284
305.32763
305.29215
305.24851
305.19876
305.14475
305.08809
305.03007
304.97173
304.91389
304.85718
304.80207
304.74893
304.69802
304.64956
304.60367
304.56048
304.52005
304.48245
304.4477
304.41582
304.38685
304.36077
304.33761
304.31734
304.29998
304.28552
304.27396
304.26529
304.25952
304.25663
304.93544
304.92857
304.91514
304.89576
304.87117
304.84223
304.8098
304.77471
304.73772
304.69952
304.66068
304.62173
304.5831
304.54515
304.50819
304.47246
304.43819
304.40553
304.37463
304.34562
304.31858
304.2936
304.27073
304.25004
304.23156
304.21533
304.20137
304.18971
304.18036
304.17334
304.16866
304.16631
304.62392
304.61988
304.61191
304.60027
304.58526
304.56728
304.54675
304.52411
304.49979
304.4742
304.44773
304.42075
304.39356
304.36647
304.33973
304.31357
304.28819
304.26377
304.24044
304.21836
304.19763
304.17834
304.16058
304.14443
304.12993
304.11715
304.10612
304.09688
304.08946
304.08387
304.08014
304.07827
304.38929
304.38672
304.38164
304.37415
304.36443
304.35266
304.33907
304.32391
304.30742
304.28985
304.27147
304.2525
304.23318
304.21372
304.19431
304.17515
304.15639
304.13819
304.12069
304.10399
304.08822
304.07346
304.05981
304.04733
304.03608
304.02613
304.01752
304.01029
304.00447
304.00008
303.99715
303.99567
304.20927
304.20755
304.20413
304.19908
304.19249
304.18446
304.17513
304.16463
304.15313
304.14077
304.12774
304.11418
304.10025
304.08611
304.07191
304.05779
304.04387
304.03027
304.01711
304.0045
303.99252
303.98125
303.97079
303.96118
303.9525
303.9448
303.93811
303.93249
303.92795
303.92452
303.92223
303.92108
304.07115
304.06994
304.06754
304.064
304.05935
304.05367
304.04704
304.03955
304.03129
304.02237
304.01291
304.00301
303.99278
303.98234
303.9718
303.96125
303.9508
303.94054
303.93057
303.92096
303.9118
303.90316
303.8951
303.88768
303.88096
303.87497
303.86977
303.86538
303.86183
303.85916
303.85736
303.85646
303.96722
303.96633
303.96459
303.96199
303.95858
303.95441
303.94952
303.94398
303.93785
303.93121
303.92413
303.91669
303.90897
303.90106
303.89304
303.88499
303.87697
303.86908
303.86137
303.85393
303.8468
303.84006
303.83376
303.82794
303.82265
303.81793
303.81383
303.81036
303.80755
303.80543
303.80401
303.8033
303.89265
303.89197
303.89063
303.88863
303.88601
303.88279
303.87901
303.87471
303.86995
303.86478
303.85925
303.85343
303.84737
303.84113
303.83479
303.82841
303.82203
303.81574
303.80958
303.80361
303.79789
303.79245
303.78736
303.78266
303.77837
303.77455
303.77121
303.76838
303.7661
303.76437
303.76321
303.76263
303.84441
303.84386
303.84275
303.84111
303.83895
303.83629
303.83317
303.82962
303.82568
303.82138
303.81679
303.81194
303.80688
303.80167
303.79636
303.79099
303.78563
303.78033
303.77513
303.77007
303.76522
303.76061
303.75628
303.75227
303.74862
303.74536
303.7425
303.74009
303.73813
303.73665
303.73566
303.73516
303.82071
303.82021
303.81922
303.81774
303.81579
303.8134
303.81059
303.80738
303.80382
303.79995
303.79579
303.7914
303.78681
303.78208
303.77726
303.77238
303.7675
303.76267
303.75792
303.75331
303.74888
303.74466
303.7407
303.73703
303.73368
303.73069
303.72807
303.72585
303.72406
303.7227
303.72178
303.72132
310.04361
309.72804
309.26149
308.76527
308.29472
307.8681
307.48792
307.15108
306.85284
306.58837
306.35327
306.1437
305.95639
305.78857
305.63791
305.50247
305.38059
305.27092
305.17229
305.08372
305.0044
304.93364
304.87084
304.81552
304.76726
304.72572
304.6906
304.66167
304.63875
304.62168
304.61036
304.60471
309.83298
309.52194
309.06381
308.57891
308.12149
307.70886
307.3428
307.01963
306.7343
306.48176
306.25752
306.05774
305.87917
305.71911
305.57532
305.44592
305.32936
305.22435
305.1298
305.04481
304.9686
304.90054
304.84008
304.78678
304.74024
304.70014
304.66623
304.63828
304.61612
304.59962
304.58867
304.58321
309.35286
309.05681
308.62511
308.17355
307.75242
307.37621
307.04493
306.75395
306.49776
306.27125
306.07005
305.89052
305.72969
305.58514
305.45488
305.33729
305.23103
305.13499
305.04827
304.97009
304.89981
304.83689
304.78088
304.7314
304.68812
304.65078
304.61916
304.59307
304.57236
304.55693
304.54669
304.54158
308.44753
308.20247
307.85118
307.48904
307.15433
306.85615
306.59295
306.36036
306.15387
305.96954
305.80417
305.65515
305.52036
305.39813
305.28706
305.18601
305.09406
305.01043
304.93447
304.86563
304.80346
304.74758
304.69765
304.65339
304.61458
304.58101
304.55252
304.52897
304.51026
304.4963
304.48703
304.4824
306.90375
306.82418
306.6912
306.53147
306.36303
306.19611
306.03592
305.88482
305.74362
305.61234
305.49062
305.37794
305.27372
305.1774
305.08847
305.00646
304.93093
304.86154
304.79794
304.73986
304.68705
304.63929
304.5964
304.55821
304.52459
304.49542
304.47059
304.45002
304.43365
304.42141
304.41328
304.40922
305.93537
305.90711
305.85513
305.78571
305.70483
305.61731
305.52677
305.43578
305.34613
305.25897
305.17508
305.09491
305.01876
304.94676
304.87897
304.81538
304.75598
304.70071
304.6495
304.60228
304.559
304.51957
304.48394
304.45205
304.42384
304.39926
304.37828
304.36085
304.34694
304.33653
304.3296
304.32614
305.32474
305.31216
305.28801
305.25397
305.21198
305.16399
305.11176
305.0568
305.00038
304.94351
304.88698
304.83144
304.77735
304.7251
304.67496
304.62715
304.58183
304.53911
304.49909
304.46182
304.42736
304.39573
304.36695
304.34105
304.31802
304.29787
304.2806
304.26622
304.25471
304.24608
304.24033
304.23746
304.90583
304.89916
304.88612
304.86727
304.84333
304.81511
304.78344
304.74911
304.71286
304.67536
304.63718
304.59883
304.56075
304.52329
304.48675
304.45141
304.41746
304.38509
304.35445
304.32565
304.2988
304.27397
304.25124
304.23066
304.21228
304.19612
304.18223
304.17062
304.16132
304.15432
304.14966
304.14732
304.59982
304.59586
304.58804
304.57661
304.56187
304.5442
304.524
304.5017
304.47772
304.45247
304.42633
304.39964
304.37274
304.34591
304.31941
304.29347
304.26828
304.24402
304.22085
304.1989
304.17828
304.15909
304.14142
304.12534
304.11091
304.09818
304.0872
304.07799
304.0706
304.06503
304.06132
304.05945
304.36791
304.36537
304.36035
304.35296
304.34335
304.33172
304.31828
304.30327
304.28694
304.26954
304.25132
304.23251
304.21333
304.19401
304.17473
304.15569
304.13704
304.11894
304.10152
304.08491
304.06921
304.05451
304.04091
304.02848
304.01728
304.00737
303.99879
303.99158
303.98577
303.9814
303.97847
303.97701
304.18928
304.18757
304.18419
304.17918
304.17264
304.16467
304.15541
304.14499
304.13356
304.12129
304.10834
304.09486
304.08101
304.06695
304.05282
304.03876
304.0249
304.01136
303.99826
303.98569
303.97376
303.96253
303.9521
303.94253
303.93388
303.92619
303.91953
303.91392
303.90939
303.90597
303.90369
303.90254
304.05191
304.05071
304.04833
304.0448
304.04018
304.03453
304.02793
304.02048
304.01226
304.00339
303.99397
303.98411
303.97393
303.96353
303.95302
303.94251
303.9321
303.92188
303.91194
303.90236
303.89323
303.88461
303.87657
303.86917
303.86247
303.8565
303.85131
303.84693
303.84339
303.84072
303.83893
303.83803
303.94839
303.94752
303.94577
303.94319
303.9398
303.93564
303.93077
303.92525
303.91914
303.91252
303.90546
303.89805
303.89036
303.88247
303.87448
303.86644
303.85845
303.85058
303.8429
303.83547
303.82836
303.82164
303.81535
303.80954
303.80427
303.79956
303.79546
303.792
303.7892
303.78709
303.78567
303.78495
303.87406
303.87339
303.87205
303.87006
303.86744
303.86423
303.86046
303.85618
303.85143
303.84627
303.84076
303.83495
303.8289
303.82269
303.81636
303.80999
303.80363
303.79735
303.79121
303.78525
303.77954
303.77412
303.76904
303.76434
303.76006
303.75625
303.75291
303.7501
303.74782
303.74609
303.74493
303.74435
303.82596
303.8254
303.8243
303.82266
303.8205
303.81786
303.81474
303.8112
303.80727
303.80298
303.7984
303.79356
303.78851
303.78331
303.77801
303.77265
303.76731
303.76201
303.75682
303.75178
303.74693
303.74233
303.73801
303.73401
303.73036
303.7271
303.72426
303.72185
303.71989
303.71842
303.71742
303.71693
303.80231
303.80182
303.80082
303.79935
303.79741
303.79502
303.79221
303.78901
303.78546
303.78159
303.77744
303.77306
303.76848
303.76376
303.75895
303.75408
303.74921
303.74438
303.73965
303.73505
303.73062
303.72641
303.72246
303.71879
303.71545
303.71246
303.70985
303.70763
303.70584
303.70448
303.70357
303.70311
309.6775
309.40486
308.9915
308.54358
308.11322
307.71919
307.3652
307.04932
306.76782
306.51668
306.2922
306.09108
305.91049
305.74802
305.60161
305.46956
305.35039
305.24287
305.14596
305.05877
304.98055
304.91067
304.84858
304.79382
304.74601
304.70482
304.66998
304.64127
304.6185
304.60155
304.5903
304.5847
309.47585
309.20742
308.80189
308.36452
307.94643
307.56552
307.22481
306.92184
306.65256
306.41277
306.19865
306.0069
305.8347
305.67971
305.53995
305.41375
305.29975
305.19678
305.10386
305.02016
304.945
304.87777
304.81798
304.76521
304.7191
304.67934
304.64569
304.61795
304.59594
304.57955
304.56867
304.56325
309.02033
308.76557
308.38427
307.97759
307.59308
307.24601
306.93777
306.66498
306.42315
306.20798
306.01574
305.84331
305.68812
305.54803
305.42133
305.30657
305.20257
305.10834
305.02306
304.94603
304.87668
304.8145
304.75909
304.71009
304.66719
304.63016
304.59877
304.57287
304.5523
304.53697
304.52679
304.52172
308.1757
307.96599
307.65663
307.33084
307.02515
306.74975
306.50445
306.28596
306.0906
305.91511
305.75675
305.61331
305.48298
305.3643
305.25608
305.15732
305.0672
304.98504
304.91026
304.84238
304.78098
304.72572
304.67629
304.63244
304.59395
304.56064
304.53235
304.50896
304.49037
304.4765
304.46728
304.46268
306.77542
306.70371
306.5825
306.43545
306.27905
306.12292
305.97207
305.82888
305.69431
305.56852
305.45132
305.34235
305.24117
305.14733
305.06043
304.98006
304.90588
304.83758
304.77488
304.71752
304.6653
304.61803
304.57553
304.53767
304.5043
304.47534
304.45067
304.43024
304.41396
304.4018
304.39371
304.38967
305.86825
305.84189
305.79322
305.72792
305.65147
305.56836
305.48198
305.39479
305.3085
305.22429
305.14294
305.06495
304.99063
304.92017
304.85367
304.79117
304.73267
304.67814
304.62756
304.58086
304.538
304.49892
304.46358
304.43193
304.40391
304.37949
304.35863
304.3413
304.32747
304.31711
304.31022
304.30677
305.28349
305.27148
305.2484
305.21578
305.17545
305.12922
305.07875
305.02551
304.97069
304.91528
304.86007
304.80569
304.75263
304.70127
304.6519
304.60475
304.55998
304.51774
304.47812
304.4412
304.40702
304.37563
304.34706
304.32132
304.29843
304.27839
304.26122
304.24691
304.23546
304.22687
304.22115
304.21829
304.87623
304.86976
304.8571
304.83878
304.81549
304.78799
304.75707
304.7235
304.688
304.6512
304.61368
304.57593
304.53839
304.50142
304.46532
304.43035
304.39674
304.36466
304.33427
304.30568
304.27901
304.25435
304.23175
304.21128
304.19299
304.17692
304.16309
304.15153
304.14227
304.13531
304.13066
304.12833
304.57572
304.57183
304.56417
304.55296
304.53848
304.52112
304.50125
304.47929
304.45565
304.43074
304.40492
304.37854
304.35192
304.32535
304.29909
304.27336
304.24836
304.22428
304.20126
304.17944
304.15893
304.13985
304.12226
304.10626
304.09189
304.07921
304.06827
304.05911
304.05174
304.04619
304.04249
304.04063
304.34652
304.34402
304.33906
304.33177
304.32227
304.31077
304.29748
304.28263
304.26647
304.24923
304.23117
304.21251
304.19348
304.1743
304.15515
304.13623
304.11769
304.09969
304.08236
304.06583
304.0502
304.03557
304.02202
304.00964
303.99848
303.9886
303.98005
303.97286
303.96708
303.96272
303.9598
303.95834
304.1693
304.1676
304.16424
304.15928
304.15279
304.14489
304.13569
304.12535
304.114
304.10181
304.08894
304.07554
304.06177
304.04778
304.03372
304.01973
304.00593
303.99246
303.97941
303.96689
303.95499
303.94381
303.93341
303.92387
303.91525
303.90759
303.90094
303.89535
303.89083
303.88743
303.88515
303.884
304.03267
304.03148
304.02911
304.0256
304.02101
304.01539
304.00883
304.00141
303.99323
303.9844
303.97502
303.96521
303.95507
303.94471
303.93424
303.92377
303.9134
303.90321
303.8933
303.88376
303.87465
303.86606
303.85804
303.85067
303.84398
303.83802
303.83284
303.82848
303.82495
303.82228
303.8205
303.8196
303.92957
303.9287
303.92696
303.92439
303.92101
303.91687
303.91201
303.90651
303.90043
303.89383
303.8868
303.87941
303.87174
303.86388
303.85591
303.8479
303.83993
303.83208
303.82442
303.81701
303.80992
303.80321
303.79693
303.79114
303.78588
303.78119
303.7771
303.77364
303.77085
303.76874
303.76732
303.76661
303.85548
303.85481
303.85347
303.85149
303.84888
303.84567
303.84192
303.83765
303.83291
303.82777
303.82227
303.81647
303.81044
303.80424
303.79793
303.79157
303.78523
303.77897
303.77283
303.76689
303.76119
303.75578
303.75071
303.74602
303.74176
303.73794
303.73462
303.73181
303.72953
303.72781
303.72665
303.72607
303.8075
303.80695
303.80585
303.80421
303.80206
303.79942
303.79631
303.79278
303.78885
303.78458
303.78
303.77517
303.77014
303.76495
303.75966
303.75431
303.74898
303.74369
303.73851
303.73348
303.72864
303.72405
303.71974
303.71574
303.7121
303.70885
303.70601
303.7036
303.70165
303.70018
303.69919
303.69869
303.78392
303.78342
303.78243
303.78096
303.77902
303.77664
303.77383
303.77064
303.7671
303.76323
303.75909
303.75472
303.75015
303.74544
303.74063
303.73578
303.73092
303.7261
303.72137
303.71678
303.71236
303.70816
303.70421
303.70055
303.69721
303.69423
303.69162
303.68941
303.68762
303.68627
303.68536
303.6849
308.36174
308.20198
307.95258
307.67212
307.3914
307.12341
306.87272
306.6403
306.42577
306.22816
306.04636
305.87925
305.72574
305.58482
305.45559
305.33722
305.22897
305.13016
305.04021
304.95859
304.88483
304.81852
304.75928
304.70681
304.66082
304.62108
304.58738
304.55954
304.53744
304.52095
304.51001
304.50455
308.19613
308.03929
307.79538
307.5224
307.25053
306.99217
306.75138
306.52881
306.32376
306.13513
305.96169
305.80226
305.65575
305.52118
305.39767
305.28442
305.18074
305.086
304.99966
304.92124
304.85029
304.78644
304.72936
304.67876
304.63438
304.59599
304.56343
304.53652
304.51514
304.4992
304.48861
304.48333
307.838
307.68994
307.46183
307.20926
306.96023
306.72547
306.50791
306.30747
306.12307
305.95341
305.79723
305.65338
305.52086
305.3988
305.28643
305.1831
305.08822
305.00129
304.92184
304.8495
304.78391
304.72475
304.67176
304.6247
304.58336
304.54757
304.51716
304.49201
304.47201
304.45709
304.44717
304.44222
307.221
307.09937
306.91431
306.71143
306.51231
306.32444
306.14946
305.98701
305.83622
305.69615
305.56599
305.44503
305.33265
305.22832
305.13158
305.04204
304.95932
304.88312
304.81314
304.74912
304.69085
304.63811
304.59071
304.5485
304.51133
304.47908
304.45163
304.42889
304.41079
304.39727
304.38828
304.38379
306.27757
306.23173
306.15227
306.05268
305.9429
305.82925
305.71554
305.60402
305.49602
305.3923
305.29331
305.1993
305.11036
305.02654
304.94781
304.87411
304.80536
304.7415
304.68241
304.62801
304.57819
304.53288
304.49199
304.45542
304.42311
304.39499
304.371
304.35109
304.33522
304.32334
304.31544
304.31149
305.60011
305.58098
305.54512
305.49601
305.43717
305.37166
305.30196
305.23001
305.1573
305.08497
305.01386
304.94461
304.8777
304.81348
304.75221
304.69408
304.63922
304.58773
304.53966
304.49504
304.45391
304.41626
304.3821
304.35142
304.32419
304.30042
304.28008
304.26315
304.24963
304.2395
304.23275
304.22938
305.11787
305.10814
305.0893
305.06239
305.0287
304.98955
304.94622
304.89985
304.85149
304.80199
304.7521
304.70244
304.65351
304.60575
304.55948
304.51499
304.4725
304.43219
304.39421
304.35867
304.32566
304.29525
304.2675
304.24245
304.22013
304.20056
304.18376
304.16975
304.15853
304.15011
304.1445
304.14169
304.75742
304.75176
304.74065
304.72449
304.7038
304.67921
304.65133
304.62083
304.58832
304.55437
304.51951
304.4842
304.44886
304.41386
304.37951
304.34609
304.31383
304.28293
304.25355
304.22585
304.19993
304.17591
304.15386
304.13386
304.11596
304.10021
304.08665
304.07531
304.06621
304.05937
304.0548
304.05251
304.47917
304.4756
304.46855
304.4582
304.4448
304.42867
304.41013
304.38956
304.36731
304.34376
304.31925
304.29411
304.26865
304.24314
304.21784
304.19298
304.16876
304.14537
304.12297
304.10169
304.08166
304.06299
304.04576
304.03006
304.01595
304.0035
303.99274
303.98372
303.97646
303.971
303.96735
303.96553
304.26099
304.25861
304.25392
304.24699
304.23797
304.22701
304.21432
304.20012
304.18461
304.16804
304.15062
304.1326
304.11417
304.09556
304.07694
304.0585
304.04041
304.02282
304.00585
303.98965
303.97431
303.95994
303.94662
303.93444
303.92345
303.91372
303.90529
303.8982
303.8925
303.88819
303.88531
303.88387
304.08944
304.08781
304.08457
304.07977
304.0735
304.06585
304.05694
304.0469
304.03588
304.02402
304.01148
303.99841
303.98496
303.97128
303.95751
303.9438
303.93026
303.91702
303.90418
303.89187
303.88015
303.86913
303.85888
303.84947
303.84096
303.8334
303.82683
303.8213
303.81684
303.81348
303.81122
303.81009
303.95588
303.95472
303.9524
303.94898
303.94449
303.93899
303.93257
303.92531
303.9173
303.90864
303.89944
303.8898
303.87984
303.86965
303.85935
303.84904
303.83882
303.82877
303.819
303.80958
303.80059
303.7921
303.78418
303.77689
303.77027
303.76438
303.75926
303.75494
303.75145
303.74881
303.74704
303.74616
303.8545
303.85364
303.85193
303.8494
303.84608
303.842
303.83722
303.83181
303.82581
303.81931
303.81238
303.80509
303.79753
303.78977
303.78189
303.77398
303.76611
303.75835
303.75077
303.74344
303.73643
303.72978
303.72357
303.71784
303.71263
303.70798
303.70393
303.7005
303.69774
303.69564
303.69424
303.69353
303.78139
303.78073
303.77941
303.77745
303.77487
303.77171
303.76799
303.76377
303.75909
303.754
303.74856
303.74283
303.73687
303.73073
303.72448
303.71819
303.71191
303.7057
303.69963
303.69374
303.68809
303.68273
303.67771
303.67306
303.66883
303.66505
303.66175
303.65896
303.6567
303.655
303.65385
303.65327
303.73396
303.73341
303.73232
303.7307
303.72857
303.72595
303.72288
303.71937
303.71549
303.71125
303.70672
303.70193
303.69694
303.6918
303.68655
303.68126
303.67596
303.67072
303.66558
303.66059
303.6558
303.65124
303.64696
303.643
303.63939
303.63616
303.63334
303.63095
303.62902
303.62755
303.62657
303.62608
303.71062
303.71012
303.70914
303.70768
303.70576
303.7034
303.70062
303.69746
303.69394
303.69011
303.686
303.68166
303.67713
303.67246
303.66769
303.66287
303.65805
303.65327
303.64858
303.64402
303.63963
303.63546
303.63155
303.62792
303.6246
303.62164
303.61905
303.61686
303.61508
303.61374
303.61283
303.61238
306.94518
306.90572
306.83204
306.73167
306.61219
306.48017
306.34093
306.19861
306.05637
305.91656
305.78085
305.65045
305.52617
305.40854
305.29785
305.19426
305.09779
305.0084
304.92597
304.85036
304.78142
304.71896
304.66281
304.6128
304.56878
304.5306
304.49812
304.47124
304.44985
304.43387
304.42326
304.41796
306.81849
306.78056
306.70983
306.61364
306.49931
306.37313
306.24018
306.10438
305.96868
305.83527
305.70575
305.58122
305.46245
305.34994
305.24397
305.1447
305.05216
304.96632
304.8871
304.81436
304.74797
304.68777
304.63362
304.58536
304.54284
304.50595
304.47455
304.44854
304.42785
304.41238
304.40211
304.39698
306.56545
306.53105
306.46703
306.38016
306.27708
306.16345
306.04374
305.92139
305.799
305.67848
305.56122
305.44822
305.34019
305.23758
305.1407
305.04971
304.96469
304.88563
304.81249
304.74521
304.68367
304.62778
304.57741
304.53245
304.49279
304.45833
304.42898
304.40464
304.38526
304.37078
304.36115
304.35634
306.19379
306.16586
306.11382
306.04303
305.9587
305.86522
305.76612
305.66417
305.56148
305.45966
305.35996
305.26326
305.17026
305.08142
304.99709
304.9175
304.84278
304.77301
304.70821
304.64837
304.59347
304.54345
304.49826
304.45782
304.42208
304.39096
304.36441
304.34237
304.3248
304.31166
304.30292
304.29855
305.74044
305.72239
305.68786
305.63942
305.57992
305.51212
305.43851
305.36117
305.28185
305.20196
305.12264
305.04477
304.96906
304.89605
304.82614
304.75964
304.69677
304.63769
304.58251
304.53129
304.48408
304.44089
304.40172
304.36656
304.33539
304.30818
304.28493
304.26558
304.25014
304.23858
304.23088
304.22703
305.31058
305.29924
305.27719
305.24556
305.20573
305.15923
305.10753
305.05203
304.99398
304.93446
304.87441
304.81461
304.7557
304.69822
304.6426
304.58919
304.53827
304.49004
304.44469
304.40233
304.36306
304.32696
304.29407
304.26444
304.23807
304.21499
304.19521
304.17872
304.16554
304.15565
304.14906
304.14576
304.93898
304.93171
304.91745
304.89672
304.87019
304.83869
304.80305
304.76412
304.72272
304.6796
304.63546
304.59089
304.54643
304.50255
304.45963
304.41802
304.37798
304.33977
304.30356
304.26951
304.23776
304.20842
304.18155
304.15724
304.13553
304.11647
304.10008
304.08639
304.07542
304.06719
304.06169
304.05894
304.62908
304.6243
304.61486
304.60102
304.58316
304.56169
304.53711
304.50992
304.48064
304.44977
304.41777
304.38509
304.35214
304.31927
304.28682
304.25506
304.22426
304.19463
304.16635
304.1396
304.1145
304.09117
304.06972
304.05022
304.03274
304.01735
304.00407
303.99296
303.98404
303.97732
303.97284
303.9706
304.37486
304.37163
304.36524
304.35583
304.3436
304.32879
304.3117
304.29262
304.27188
304.2498
304.22671
304.20291
304.17869
304.15432
304.13007
304.10615
304.08277
304.06013
304.03839
304.0177
303.99818
303.97995
303.96311
303.94774
303.93392
303.9217
303.91114
303.90227
303.89515
303.88978
303.88619
303.88439
304.16858
304.16635
304.16193
304.1554
304.14689
304.13652
304.12449
304.11097
304.09618
304.08032
304.06361
304.04627
304.0285
304.01049
303.99245
303.97454
303.95693
303.93977
303.9232
303.90735
303.89233
303.87824
303.86517
303.8532
303.8424
303.83282
303.82453
303.81755
303.81193
303.80769
303.80485
303.80343
304.00318
304.00161
303.99849
303.99387
303.98783
303.98046
303.97186
303.96215
303.95148
303.93998
303.9278
303.91508
303.90198
303.88863
303.87518
303.86176
303.8485
303.83552
303.82293
303.81082
303.79931
303.78847
303.77837
303.7691
303.76071
303.75325
303.74677
303.74132
303.73692
303.73359
303.73137
303.73025
303.87293
303.87179
303.86954
303.8662
303.86183
303.85647
303.8502
303.84311
303.83528
303.8268
303.81779
303.80835
303.79857
303.78857
303.77846
303.76832
303.75826
303.74837
303.73874
303.72945
303.72059
303.71221
303.70439
303.69719
303.69066
303.68484
303.67977
303.6755
303.67205
303.66944
303.66769
303.66682
303.7734
303.77256
303.77088
303.7684
303.76513
303.76113
303.75643
303.75111
303.74521
303.73881
303.73199
303.72481
303.71736
303.70971
303.70194
303.69413
303.68636
303.6787
303.67121
303.66397
303.65704
303.65047
303.64432
303.63865
303.63349
303.62889
303.62489
303.6215
303.61876
303.61669
303.6153
303.6146
303.70136
303.7007
303.6994
303.69747
303.69492
303.6918
303.68814
303.68397
303.67935
303.67432
303.66895
303.66328
303.65739
303.65132
303.64514
303.63892
303.63271
303.62656
303.62055
303.61472
303.60913
303.60382
303.59884
303.59424
303.59005
303.58631
303.58304
303.58028
303.57804
303.57634
303.57521
303.57464
303.65451
303.65397
303.65289
303.65129
303.64918
303.64659
303.64355
303.64008
303.63623
303.63204
303.62755
303.62281
303.61787
303.61278
303.60758
303.60234
303.59709
303.5919
303.58681
303.58186
303.57711
303.57259
303.56835
303.56442
303.56084
303.55764
303.55484
303.55248
303.55056
303.54911
303.54813
303.54764
303.63143
303.63095
303.62997
303.62853
303.62662
303.62428
303.62153
303.6184
303.61491
303.61112
303.60705
303.60275
303.59826
303.59363
303.5889
303.58412
303.57934
303.5746
303.56995
303.56543
303.56108
303.55694
303.55306
303.54946
303.54617
303.54323
303.54066
303.53849
303.53673
303.53539
303.53449
303.53404
