# vtk DataFile Version 3.0
HBM2 temperature
ASCII
DATASET STRUCTURED_POINTS
DIMENSIONS 32 16 21
ORIGIN 0 0 0
SPACING 0.00025 0.00075 1
POINT_DATA 10752
SCALARS temperature_K float 1
LOOKUP_TABLE default
310.24486
310.26362
310.29079
310.30466
310.29415
310.25754
310.20165
310.14234
310.08789
310.04017
309.9957
309.94575
309.88657
309.8194
309.75122
309.69567
309.65744
309.63217
309.60461
309.54652
309.44411
309.29666
309.11677
308.93201
308.75822
308.60285
308.46911
308.35809
308.26993
308.20434
308.16089
308.13927
310.72718
310.83982
311.03869
311.15465
311.16255
311.06392
310.87976
310.73685
310.65262
310.62365
310.63439
310.60703
310.52664
310.39078
310.21669
310.12245
310.13009
310.24362
310.43308
310.48703
310.37096
310.08185
309.64765
309.27193
308.97455
308.74106
308.55758
308.41458
308.30583
308.22724
308.17615
308.15099
311.02943
311.15887
311.38413
311.51937
311.53201
311.42277
311.21775
311.056
310.96034
310.92789
310.9398
310.91074
310.82252
310.67325
310.4853
310.38816
310.40847
310.54866
310.76921
310.83749
310.70939
310.38099
309.88805
309.45365
309.10599
308.83238
308.61817
308.45232
308.32713
308.23725
308.17914
308.15061
311.13563
311.26755
311.49654
311.6348
311.64834
311.53753
311.32912
311.16345
311.06433
311.02917
311.0388
311.00726
310.91601
310.76344
310.57275
310.47457
310.49588
310.6384
310.86062
310.92726
310.7925
310.45222
309.94356
309.49203
309.12786
308.83949
308.61283
308.43698
308.30411
308.20872
308.14706
308.1168
311.07669
311.20895
311.43858
311.57769
311.59222
311.4824
311.27485
311.1098
311.01093
310.97556
310.9845
310.95174
310.8588
310.70416
310.51112
310.41044
310.42923
310.56932
310.78932
310.85399
310.71758
310.37596
309.86627
309.41402
309.04937
308.76075
308.53399
308.35815
308.22536
308.13007
308.06849
308.03827
310.85115
310.98205
311.21007
311.34909
311.36609
311.26135
311.06039
310.90173
310.80773
310.77511
310.78483
310.7515
310.65708
310.50004
310.30321
310.19671
310.20772
310.33915
310.55183
310.61334
310.47969
310.14697
309.65092
309.21448
308.86571
308.59173
308.37767
308.21231
308.08773
307.99846
307.94082
307.91255
310.42138
310.53852
310.74592
310.87354
310.89514
310.81096
310.64045
310.50865
310.43154
310.40458
310.41154
310.37436
310.2784
310.12224
309.92483
309.80648
309.79105
309.88387
310.05566
310.09519
309.96799
309.67087
309.23158
308.85338
308.55571
308.32352
308.14233
308.00209
307.89607
307.81984
307.77047
307.7462
309.77947
309.81173
309.86454
309.91228
309.94186
309.94943
309.93773
309.91553
309.88671
309.85071
309.80229
309.73077
309.63218
309.50956
309.37561
309.25601
309.16158
309.09045
309.02774
308.94319
308.82196
308.66246
308.47654
308.29224
308.124
307.9773
307.85356
307.7525
307.67324
307.6148
307.57635
307.55728
309.50481
309.56076
309.66458
309.7646
309.85709
309.94871
310.04091
310.09891
310.12277
310.11701
310.08005
309.98842
309.83318
309.60754
309.32262
309.08859
308.91577
308.79524
308.7107
308.61113
308.48388
308.32564
308.14207
307.97592
307.83321
307.71251
307.61193
307.53002
307.46569
307.41814
307.38676
307.37116
309.32159
309.38648
309.50732
309.62944
309.74823
309.86957
309.9924
310.07664
310.11946
310.12406
310.08781
309.98558
309.80783
309.54859
309.22292
308.95078
308.74673
308.60299
308.50292
308.39319
308.26011
308.09957
307.91671
307.75501
307.61952
307.50741
307.4156
307.34179
307.28434
307.24212
307.21438
307.20062
309.14183
309.2095
309.33561
309.46501
309.59249
309.72328
309.85544
309.94784
309.99678
310.0048
309.96888
309.86363
309.67967
309.41159
309.07557
308.79306
308.57978
308.42866
308.32331
308.21035
308.0759
307.91568
307.73458
307.57588
307.44431
307.33663
307.24932
307.17975
307.12599
307.08672
307.061
307.04828
308.93093
308.99872
309.12511
309.25496
309.38313
309.51483
309.64813
309.74185
309.79226
309.80186
309.7676
309.6641
309.48197
309.21581
308.8818
308.60145
308.39052
308.24204
308.13972
308.03024
307.89979
307.74403
307.56776
307.4141
307.28757
307.18473
307.10191
307.03628
306.98583
306.9491
306.92512
306.91328
308.66535
308.73035
308.85164
308.97487
309.09569
309.22005
309.3468
309.43559
309.48337
309.49314
309.46224
309.3655
309.19342
308.94001
308.62032
308.35434
308.15685
308.02049
307.92919
307.8302
307.71015
307.56487
307.39901
307.25526
307.13782
307.04302
306.96707
306.90714
306.86119
306.82781
306.80604
306.7953
308.32468
308.37866
308.48
308.57937
308.6747
308.77302
308.87494
308.94395
308.97876
308.9833
308.95616
308.87451
308.72975
308.5149
308.2403
308.01519
307.84994
307.73706
307.66302
307.58028
307.47833
307.35394
307.21076
307.08797
306.98835
306.90807
306.84364
306.79262
306.75335
306.72471
306.70599
306.69673
307.92363
307.93735
307.96191
307.99091
308.0205
308.04795
308.06984
308.0806
308.07706
308.05732
308.01949
307.96112
307.88185
307.78404
307.67456
307.56685
307.46746
307.37793
307.29631
307.21751
307.13878
307.05953
306.98144
306.9089
306.8441
306.78779
306.74006
306.70076
306.66967
306.64657
306.63128
306.62366
307.70962
307.71307
307.71909
307.72608
307.73225
307.7357
307.73448
307.72662
307.71051
307.68497
307.6493
307.60333
307.5477
307.48395
307.41452
307.34238
307.26994
307.19873
307.12941
307.06207
306.9968
306.93395
306.8742
306.81853
306.76779
306.72263
306.68348
306.65062
306.62423
306.60439
306.59115
306.58452
310.68431
310.70389
310.73311
310.74751
310.73645
310.6982
310.63929
310.57762
310.52115
310.47173
310.42605
310.37424
310.31274
310.24274
310.17091
310.11272
310.07255
310.04608
310.01856
309.95828
309.85194
309.69882
309.51103
309.31962
309.13994
308.97928
308.84088
308.72593
308.6346
308.56662
308.52159
308.49917
311.18206
311.31068
311.57628
311.70817
311.71642
311.60502
311.36933
311.21228
311.12469
311.10003
311.13737
311.11429
311.03056
310.88128
310.65935
310.55275
310.56063
310.69251
310.96287
311.03338
310.91297
310.59856
310.07456
309.67112
309.3623
309.12128
308.93184
308.78402
308.6715
308.59013
308.53721
308.51114
311.49325
311.63951
311.93364
312.0857
312.09881
311.9762
311.71799
311.54131
311.44197
311.4139
311.45307
311.4284
311.33661
311.17329
310.93611
310.82623
310.84709
311.00677
311.3108
311.39645
311.26363
310.90831
310.32212
309.85789
309.49735
309.2151
308.99402
308.82266
308.69317
308.60015
308.53999
308.51043
311.60241
311.7512
312.04918
312.20434
312.21837
312.09414
311.83243
311.65172
311.54881
311.51794
311.55476
311.52752
311.43261
311.26589
311.02587
310.9149
310.93677
311.0988
311.40453
311.48845
311.34874
310.98117
310.37876
309.89689
309.51933
309.22186
308.98795
308.80626
308.66885
308.57013
308.50629
308.47495
311.54076
311.6899
311.98853
312.14458
312.15963
312.03643
311.77561
311.59553
311.49288
311.46179
311.49788
311.46939
311.37274
311.20387
310.96141
310.84785
310.8671
311.02663
311.33005
311.41194
311.27051
310.90155
310.29808
309.81546
309.43741
309.13967
308.90566
308.72398
308.58665
308.48803
308.42427
308.39298
311.30676
311.45453
311.75151
311.90747
311.92509
311.80712
311.5531
311.37962
311.28197
311.25373
311.29062
311.26153
311.16333
310.99196
310.7456
310.62603
310.63726
310.78788
311.08375
311.1624
311.02382
310.66404
310.07462
309.60828
309.24659
308.96395
308.74303
308.57217
308.44332
308.35093
308.29125
308.26196
310.86218
310.99544
311.26985
311.41376
311.43614
311.33964
311.11802
310.97243
310.89217
310.86957
310.90299
310.86975
310.76994
310.59971
310.35368
310.22217
310.20623
310.31668
310.56877
310.62437
310.49244
310.16975
309.64046
309.23447
308.92535
308.68568
308.49861
308.35364
308.24396
308.16502
308.11389
308.08874
310.19771
310.23131
310.28738
310.33677
310.36698
310.3743
310.36124
310.33785
310.30776
310.27041
310.22081
310.14682
310.0447
309.91732
309.77675
309.6523
309.55418
309.48051
309.41705
309.32953
309.20374
309.03808
308.84372
308.6527
308.47876
308.32707
308.19903
308.09437
308.01225
307.95168
307.91182
307.89204
309.91284
309.97433
310.10012
310.20686
310.30272
310.3999
310.50963
310.57209
310.59679
310.59195
310.56101
310.46771
310.3064
310.06472
309.7288
309.47834
309.29889
309.17709
309.10442
309.00414
308.87217
308.70516
308.50004
308.32499
308.17692
308.05197
307.94781
307.86293
307.79623
307.74691
307.71435
307.69818
309.72162
309.79243
309.93615
310.06575
310.18867
310.31651
310.45811
310.54765
310.59186
310.59771
310.5677
310.46355
310.27909
310.0026
309.6238
309.3339
309.1223
308.97672
308.88841
308.77776
308.63979
308.47033
308.26563
308.09511
307.95451
307.83846
307.74337
307.66686
307.60729
307.56349
307.5347
307.52042
309.53408
309.60776
309.75694
309.89403
310.02591
310.16348
310.31471
310.41267
310.46319
310.47258
310.4429
310.33566
310.14481
309.85924
309.46977
309.16919
308.94809
308.79492
308.70118
308.5872
308.44784
308.27872
308.07587
307.90847
307.77194
307.66047
307.57006
307.49795
307.44221
307.40146
307.37477
307.36157
309.31445
309.38826
309.53771
309.67528
309.80787
309.9464
310.09881
310.19815
310.25019
310.26122
310.23327
310.12786
309.93891
309.65533
309.26795
308.96962
308.75097
308.60055
308.50995
308.3996
308.26439
308.09991
307.90206
307.73988
307.60858
307.50214
307.41638
307.34837
307.29604
307.25794
307.23305
307.22076
309.03846
309.1094
309.2536
309.38436
309.50939
309.64036
309.78604
309.88031
309.92966
309.94089
309.91642
309.81799
309.63943
309.369
308.99642
308.71294
308.50817
308.37028
308.2911
308.19161
308.06717
307.91353
307.72645
307.57454
307.45264
307.35452
307.27588
307.21376
307.1661
307.13147
307.10887
307.09772
308.68536
308.74485
308.8681
308.97422
309.07303
309.17716
309.29696
309.37082
309.40686
309.4127
309.39195
309.30901
309.15858
308.9281
308.60291
308.36176
308.19025
308.07648
308.01479
307.93203
307.8263
307.69433
307.53101
307.4008
307.29729
307.21415
307.1474
307.09449
307.05374
307.02402
307.00458
306.99496
308.2702
308.2844
308.31005
308.33988
308.37018
308.39832
308.42095
308.43181
308.42783
308.40713
308.36793
308.30741
308.22528
308.12379
308.00951
307.89774
307.79474
307.70195
307.61755
307.53578
307.45402
307.37168
307.29031
307.21498
307.14775
307.08931
307.03975
306.99894
306.96664
306.94263
306.92673
306.91882
308.04881
308.05233
308.05847
308.06559
308.07181
308.0752
308.07373
308.06538
308.04847
308.0218
307.98464
307.93684
307.87903
307.81283
307.74072
307.66581
307.59057
307.51657
307.44452
307.37451
307.30666
307.24132
307.17922
307.12136
307.06862
307.02166
306.98096
306.94679
306.91934
306.8987
306.88493
306.87804
310.6742
310.69343
310.72238
310.7364
310.72526
310.68726
310.62862
310.56736
310.51114
310.4618
310.41622
310.36447
310.30316
310.23349
310.16184
310.10379
310.06345
310.03653
310.00878
309.9483
309.8423
309.69009
309.50327
309.31315
309.13457
308.9748
308.8371
308.72269
308.63177
308.56407
308.51923
308.4969
311.16674
311.29571
311.6086
311.74068
311.74855
311.63673
311.36561
311.20863
311.12172
311.09774
311.15622
311.13373
311.05051
310.90116
310.64654
310.53924
310.54622
310.67817
311.00771
311.07891
310.95896
310.64479
310.06271
309.66061
309.35465
309.11551
308.92728
308.7803
308.66835
308.58736
308.53469
308.50873
311.47542
311.62176
311.96301
312.11496
312.12761
312.00476
311.71125
311.53489
311.43636
311.40894
311.46927
311.44516
311.35398
311.19079
310.92098
310.81047
310.83025
310.98958
311.35257
311.43861
311.30631
310.95171
310.30786
309.84565
309.48851
309.20849
308.98888
308.81852
308.68972
308.59716
308.53727
308.50786
311.58363
311.73247
312.07752
312.23252
312.24609
312.12164
311.82466
311.64432
311.54224
311.51204
311.57003
311.54336
311.44907
311.28251
311.00989
310.89829
310.91905
311.08069
311.44533
311.52962
311.39047
311.02372
310.36377
309.88407
309.51003
309.21491
308.98254
308.80192
308.66524
308.56702
308.50348
308.47228
311.52194
311.67113
312.01683
312.17271
312.18729
312.06386
311.76777
311.58806
311.48624
311.45582
311.51308
311.48516
311.38914
311.22044
310.9454
310.83121
310.84938
311.00851
311.37086
311.45313
311.31226
310.94412
310.28312
309.80267
309.42815
309.13276
308.90029
308.71968
308.58308
308.48495
308.4215
308.39035
311.28881
311.43665
311.78073
311.93655
311.9537
311.83545
311.5461
311.37292
311.27607
311.24848
311.30654
311.27803
311.18046
311.00926
310.73033
310.61017
310.62037
310.77068
311.12556
311.20462
311.0666
310.70755
310.06048
309.59617
309.23789
308.95748
308.73803
308.56817
308.44
308.34807
308.28867
308.25952
310.84665
310.98023
311.30186
311.44588
311.46778
311.37076
311.11361
310.968
310.88836
310.86641
310.92099
310.8884
310.78921
310.61903
310.34047
310.20841
310.1917
310.30236
310.61372
310.67009
310.53867
310.21626
309.62893
309.22429
308.91804
308.68023
308.49438
308.35022
308.24109
308.16254
308.11163
308.0866
310.18737
310.22049
310.27611
310.32481
310.35459
310.36176
310.34861
310.32528
310.29519
310.25779
310.20832
310.13454
310.03296
309.90642
309.76648
309.64274
309.54489
309.47107
309.40765
309.32006
309.19473
309.03007
308.8367
308.64699
308.47414
308.3233
308.1959
308.09173
308.00997
307.94965
307.90995
307.89026
309.90307
309.96448
310.10461
310.21069
310.30529
310.40175
310.52274
310.58475
310.60876
310.60376
310.57897
310.48642
310.32641
310.08547
309.71787
309.46811
309.2899
309.16902
309.1088
309.00913
308.87767
308.71113
308.49481
308.32043
308.17328
308.049
307.94533
307.86081
307.79438
307.74525
307.71281
307.6967
309.71193
309.78255
309.94051
310.06922
310.19063
310.31745
310.47006
310.55888
310.60221
310.6078
310.58394
310.48064
310.29773
310.02235
309.61215
309.32336
309.11329
308.96883
308.89311
308.78314
308.64573
308.47678
308.26086
308.091
307.9513
307.83588
307.74124
307.66506
307.60571
307.56208
307.53339
307.51916
309.52454
309.598
309.76138
309.89752
310.02783
310.16431
310.32648
310.42366
310.47326
310.48236
310.45884
310.35247
310.16323
309.87884
309.45807
309.1587
308.9392
308.7872
308.70609
308.59282
308.45404
308.28544
308.07136
307.90463
307.76899
307.65813
307.56815
307.49635
307.44082
307.40022
307.37363
307.36047
309.30528
309.37887
309.54253
309.67915
309.81016
309.9476
310.11095
310.20949
310.26061
310.27135
310.24956
310.14501
309.95767
309.67527
309.25659
308.95946
308.74241
308.59314
308.51518
308.40552
308.27088
308.1069
307.89781
307.73628
307.60584
307.5
307.41464
307.34692
307.2948
307.25684
307.23204
307.21979
309.03007
309.10082
309.25927
309.38914
309.51265
309.6426
309.79927
309.8928
309.94126
309.95221
309.93388
309.83628
309.65925
309.38993
308.98594
308.70355
308.5003
308.36351
308.29691
308.19806
308.07414
307.92095
307.72258
307.57125
307.45017
307.3526
307.27434
307.21248
307.16501
307.1305
307.10798
307.09687
308.67848
308.73791
308.87556
308.98105
309.07862
309.18199
309.31299
309.38632
309.42163
309.42728
309.41264
309.33042
309.18126
308.95147
308.59456
308.3541
308.18384
308.07103
308.02181
307.93963
307.83431
307.70264
307.52788
307.39808
307.29524
307.21256
307.14611
307.09341
307.05281
307.02319
307.00381
306.99422
308.26596
308.27999
308.30541
308.3349
308.36483
308.3926
308.41493
308.42551
308.42133
308.40056
308.36143
308.30113
308.21941
308.11851
308.00477
307.89363
307.7911
307.69863
307.61451
307.53296
307.45146
307.36944
307.28836
307.21335
307.14638
307.08815
307.03876
306.99807
306.96587
306.94193
306.92608
306.91818
308.04576
308.04923
308.05529
308.0623
308.06841
308.07168
308.07011
308.06167
308.04473
308.01806
307.98096
307.93327
307.87564
307.80964
307.73778
307.66312
307.58811
307.51432
307.44246
307.37264
307.30496
307.2398
307.17787
307.12016
307.06757
307.02074
306.98013
306.94605
306.91867
306.89808
306.88434
306.87746
310.62045
310.63778
310.66334
310.67529
310.66381
310.62721
310.5714
310.51232
310.45734
310.4083
310.36232
310.31075
310.25041
310.18251
310.11316
310.05601
310.01487
309.98549
309.95413
309.89243
309.78815
309.64068
309.4612
309.27763
309.10447
308.94904
308.81477
308.70303
308.61412
308.54787
308.50396
308.48209
311.08665
311.19898
311.44679
311.5614
311.56722
311.46717
311.24504
311.10218
311.01892
310.99017
311.02238
310.99476
310.91432
310.77725
310.56659
310.46846
310.47055
310.57997
310.82851
310.88018
310.76244
310.47248
309.9768
309.60425
309.3135
309.08348
308.9012
308.75828
308.64915
308.57007
308.51858
308.4932
311.3831
311.51126
311.78458
311.91736
311.92761
311.81752
311.57515
311.41435
311.32006
311.28771
311.32099
311.29148
311.2035
311.05373
310.82957
310.72877
310.74278
310.87723
311.15564
311.22039
311.09069
310.76284
310.20994
309.78087
309.4415
309.17238
308.95994
308.79447
308.66904
308.57875
308.52027
308.49153
311.48667
311.61717
311.89404
312.02968
312.04079
311.9292
311.68355
311.51896
311.42127
311.38619
311.41716
311.38514
311.29415
311.14115
310.91432
310.81246
310.82734
310.96385
311.24366
311.30658
311.17021
310.83067
310.26234
309.81646
309.46082
309.17712
308.95234
308.77692
308.64384
308.54805
308.48603
308.45555
311.42481
311.55565
311.83315
311.96966
311.98175
311.87114
311.62635
311.46237
311.36493
311.32963
311.35988
311.32664
311.23396
311.07887
310.84967
310.74528
310.75762
310.8917
311.16926
311.23019
311.09215
310.75126
310.18189
309.73528
309.37916
309.0952
308.87032
308.69491
308.56191
308.46621
308.40427
308.37385
311.19596
311.32558
311.60165
311.73819
311.75279
311.64717
311.40883
311.2511
311.15843
311.12588
311.15694
311.12313
311.02892
310.87134
310.63829
310.52809
310.53276
310.6584
310.92889
310.98683
310.85153
310.51934
309.96329
309.53217
309.19168
308.92219
308.7099
308.54491
308.4201
308.33042
308.27242
308.24393
310.76568
310.88246
311.1387
311.26485
311.28421
311.19845
310.98979
310.85789
310.78161
310.75478
310.78317
310.74572
310.64979
310.49255
310.25872
310.1366
310.11569
310.20439
310.43522
310.47243
310.34352
310.04553
309.54475
309.16974
308.87871
308.65
308.47004
308.32988
308.2235
308.14679
308.09703
308.07256
310.13272
310.16323
310.21401
310.25908
310.28676
310.2933
310.28075
310.25783
310.22777
310.19002
310.14005
310.0672
309.96824
309.84613
309.71207
309.59214
309.49564
309.4208
309.35456
309.26641
309.14335
308.98394
308.79844
308.61547
308.44796
308.30126
308.17703
308.07527
307.99529
307.93624
307.89734
307.87804
309.85103
309.90623
310.02394
310.12105
310.20901
310.29739
310.39942
310.45463
310.47495
310.4669
310.43511
310.34392
310.19086
309.96618
309.64738
309.41372
309.24198
309.12106
309.0476
308.94634
308.81744
308.65782
308.46087
308.29433
308.15194
308.03096
307.92971
307.847
307.7819
307.7337
307.70187
307.68605
309.66033
309.72421
309.85862
309.97721
310.09071
310.20794
310.33985
310.42052
310.45924
310.46123
310.4302
310.32871
310.15389
309.89675
309.53814
309.26757
309.0654
308.92172
308.83306
308.72175
308.58712
308.42537
308.22917
308.06724
307.9322
307.81989
307.72745
307.65286
307.59467
307.55184
307.52367
307.50969
309.47374
309.54035
309.67996
309.80572
309.9278
310.05435
310.19547
310.28421
310.32898
310.33438
310.30368
310.19926
310.01839
309.75262
309.38391
309.10318
308.89196
308.74102
308.64717
308.53268
308.39677
308.23542
308.04108
307.88224
307.7512
307.64337
307.55549
307.4852
307.43075
307.39089
307.36477
307.35184
309.2564
309.32313
309.46302
309.58926
309.71203
309.83953
309.98181
310.0719
310.11817
310.12518
310.0962
309.99357
309.81458
309.55078
309.18413
308.90563
308.69683
308.54859
308.45784
308.34693
308.21509
308.05827
307.86883
307.7151
307.58916
307.48624
307.40291
307.33662
307.28551
307.24824
307.22387
307.21183
308.9851
309.04913
309.18403
309.30379
309.41937
309.53968
309.67557
309.76088
309.80464
309.81192
309.78634
309.69048
309.52147
309.27031
308.91784
308.65361
308.45821
308.32214
308.2425
308.14217
308.02079
307.87449
307.69548
307.55169
307.43486
307.34001
307.2636
307.20304
307.15648
307.12259
307.10046
307.08953
308.64099
308.6944
308.80988
308.90658
308.99751
309.09262
309.20434
309.27055
309.30191
309.30432
309.28257
309.20157
309.05917
308.84542
308.53711
308.31266
308.14893
308.03625
307.97392
307.89003
307.78676
307.66112
307.50455
307.38134
307.28207
307.20161
307.13665
307.085
307.04512
307.016
306.99693
306.9875
308.2417
308.25482
308.27852
308.30624
308.33439
308.36029
308.38069
308.38984
308.38477
308.3636
308.3246
308.26532
308.18562
308.0878
307.97806
307.87015
307.76996
307.67903
307.59582
307.51529
307.4351
307.35471
307.27558
307.20221
307.13657
307.07938
307.03081
306.99075
306.95902
306.93541
306.91978
306.91199
308.02732
308.03058
308.03624
308.04273
308.04827
308.05098
308.0489
308.0401
308.02296
307.99634
307.95953
307.91241
307.85561
307.79069
307.72005
307.64662
307.57276
307.50002
307.42912
307.36021
307.29343
307.22915
307.16808
307.11118
307.0593
307.01309
306.97301
306.93935
306.9123
306.89196
306.87838
306.87158
310.57425
310.58995
310.61261
310.62278
310.611
310.5756
310.52222
310.46501
310.4111
310.36232
310.31601
310.26459
310.20508
310.1387
310.07132
310.01495
309.97312
309.94162
309.90717
309.84442
309.74162
309.59822
309.42504
309.24711
309.07859
308.9269
308.79558
308.68613
308.59895
308.53394
308.49083
308.46935
311.01783
311.11586
311.30796
311.40758
311.41161
311.32168
311.1415
311.01076
310.93063
310.89779
310.90752
310.87549
310.79744
310.67092
310.49788
310.40765
310.40554
310.49559
310.67481
310.70968
310.59386
310.32469
309.90299
309.55581
309.27813
309.05595
308.87879
308.73936
308.63265
308.55521
308.50475
308.47985
311.30377
311.4163
311.63147
311.74779
311.75597
311.65685
311.45825
311.31082
311.22019
311.18359
311.19372
311.15958
311.07434
310.9361
310.75102
310.65856
310.66762
310.78069
310.9867
311.03315
310.90568
310.60083
310.1258
309.7252
309.4011
309.14136
308.93507
308.7738
308.65126
308.56292
308.50566
308.47749
311.40335
311.51809
311.73659
311.85561
311.8646
311.76406
311.56235
311.41129
311.31737
311.27811
311.28594
311.24933
311.16118
311.01983
310.8322
310.7387
310.74853
310.86346
311.07064
311.11519
310.98121
310.66506
310.17518
309.75836
309.41852
309.14465
308.92638
308.75543
308.62545
308.53175
308.47102
308.44117
311.34135
311.45642
311.67554
311.79539
311.80534
311.70576
311.5049
311.35443
311.26074
311.22126
311.22839
311.19058
311.10077
310.95737
310.76741
310.67144
310.67878
310.79132
310.9963
311.0389
310.90328
310.58581
310.09491
309.67737
309.33706
309.06293
308.84456
308.67362
308.54372
308.45011
308.38946
308.35966
311.11618
311.23014
311.44798
311.56796
311.58038
311.4856
311.29093
311.14647
311.05741
311.0206
311.02853
310.99018
310.89886
310.75298
310.5592
310.45755
310.45747
310.56193
310.76018
310.79995
310.667
310.35789
309.87978
309.47717
309.15197
308.89185
308.68572
308.52492
308.40299
308.31525
308.25845
308.23054
310.69611
310.79845
310.99872
311.10951
311.12669
311.0506
310.88346
310.76333
310.68994
310.65891
310.66489
310.62327
310.53013
310.38401
310.18846
310.07489
310.05038
310.12021
310.28211
310.30285
310.1761
309.89909
309.47243
309.12286
308.84491
308.62402
308.44912
308.3124
308.20838
308.13326
308.08449
308.06048
310.08576
310.11401
310.16065
310.20259
310.22847
310.23448
310.22243
310.19986
310.16984
310.13179
310.0814
310.00933
309.91263
309.79432
309.66531
309.54865
309.45332
309.37761
309.30895
309.2203
309.0992
308.9443
308.76556
308.58838
308.42547
308.28232
308.16082
308.06113
307.98268
307.92471
307.8865
307.86753
309.8063
309.85618
309.95469
310.0441
310.12635
310.20778
310.29357
310.34293
310.36009
310.34941
310.31165
310.22163
310.07454
309.86382
309.58681
309.36698
309.2008
309.07984
308.99507
308.89244
308.76573
308.61206
308.4317
308.2719
308.13361
308.01547
307.91629
307.83512
307.77117
307.72378
307.69247
307.6769
309.616
309.67408
309.78831
309.89821
310.00491
310.1139
310.22808
310.30175
310.33651
310.33542
310.29824
310.19831
310.03045
309.78897
309.47455
309.21962
309.02424
308.88124
308.78151
308.66905
308.53681
308.38124
308.20194
308.04683
307.91578
307.80614
307.71559
307.64237
307.58517
307.54304
307.5153
307.50154
309.43009
309.49081
309.61006
309.7269
309.84191
309.95993
310.08302
310.1645
310.20513
310.20734
310.17051
310.06776
309.89408
309.64431
309.32018
309.05548
308.85136
308.70134
308.59658
308.48106
308.34762
308.19248
308.01505
307.86301
307.73591
307.63068
307.54461
307.47561
307.42209
307.38287
307.35716
307.34442
309.21439
309.27524
309.39477
309.51208
309.62778
309.74673
309.87097
309.95378
309.99589
309.99971
309.96457
309.86359
309.69177
309.44395
309.12187
308.85937
308.65766
308.51031
308.40863
308.29663
308.1672
308.01654
307.84393
307.6969
307.57482
307.47442
307.39282
307.32776
307.27752
307.24084
307.21685
307.205
308.94646
309.0047
309.11944
309.23051
309.33928
309.45131
309.56941
309.64764
309.68737
309.69149
309.65971
309.56534
309.40323
309.16767
308.85933
308.6107
308.42204
308.2866
308.19581
308.09418
307.97501
307.83463
307.6722
307.53487
307.4217
307.3292
307.25437
307.19493
307.14915
307.11579
307.09399
307.08323
308.60877
308.657
308.7535
308.84265
308.92788
309.01588
309.11109
309.17119
309.19916
309.19879
309.17095
309.091
308.95441
308.75443
308.48774
308.27705
308.11893
308.00635
307.93282
307.84746
307.74595
307.6255
307.4845
307.36695
307.27074
307.19219
307.12852
307.07776
307.03851
307.00982
306.99102
306.98171
308.22084
308.2332
308.25541
308.28161
308.30822
308.33253
308.35127
308.35919
308.35334
308.33183
308.29295
308.23455
308.15658
308.0614
307.95511
307.84998
307.7518
307.66219
307.57975
307.50011
307.42104
307.34206
307.26459
307.19263
307.12813
307.07184
307.02397
306.98445
306.95312
306.92981
306.91436
306.90666
308.01148
308.01455
308.01986
308.02591
308.03096
308.03318
308.03067
308.02155
308.00426
307.97767
307.94111
307.89448
307.8384
307.77441
307.70482
307.63243
307.55957
307.48773
307.41765
307.34952
307.28351
307.22
307.15968
307.10346
307.05219
307.00651
306.96688
306.93359
306.90683
306.8867
306.87325
306.86653
310.52106
310.53508
310.55489
310.56324
310.55115
310.517
310.46605
310.41083
310.35808
310.30968
310.26317
310.21198
310.1534
310.08863
310.0232
309.96762
309.92509
309.89145
309.85408
309.79037
309.68927
309.55028
309.38368
309.21187
309.04852
308.90102
308.77304
308.66619
308.58099
308.5174
308.4752
308.45418
310.94034
311.02531
311.18354
311.26936
311.27159
311.19083
311.03625
310.91683
310.84001
310.80381
310.80082
310.76509
310.68955
310.5728
310.42233
310.33904
310.33264
310.40483
310.54209
310.5619
310.44826
310.19871
309.82421
309.50157
309.2377
309.0241
308.85264
308.71714
308.61317
308.5376
308.48831
308.46398
311.21454
311.31267
311.49162
311.59265
311.59871
311.50962
311.33839
311.20356
311.1168
311.07673
311.07354
311.03551
310.95317
310.82568
310.66455
310.57946
310.58342
310.67657
310.83767
310.86754
310.74261
310.45968
310.03573
309.66292
309.35503
309.10555
308.90613
308.74959
308.63034
308.54422
308.48833
308.46083
311.30961
311.40979
311.59185
311.6954
311.70221
311.61179
311.43764
311.29936
311.20943
311.16676
311.16131
311.12086
311.03571
310.90525
310.74168
310.65558
310.66021
310.75499
310.91704
310.94493
310.81367
310.51989
310.0817
309.69334
309.37031
309.1072
308.8962
308.73029
308.60382
308.5125
308.45326
308.42412
311.24745
311.34795
311.5306
311.63497
311.64271
311.55323
311.37989
311.24218
311.15247
311.10959
311.10344
311.06181
310.97504
310.84258
310.67675
310.58823
310.59042
310.68287
310.84276
310.86876
310.73589
310.44081
310.00164
309.61257
309.28908
309.02571
308.81461
308.64872
308.52232
308.43109
308.37193
308.34283
311.02647
311.12597
311.30751
311.41209
311.42225
311.33737
311.16993
311.03797
310.95271
310.91242
310.90708
310.86493
310.77666
310.64174
310.47214
310.37809
310.37315
310.45789
310.61142
310.63477
310.5045
310.2174
309.79044
309.41567
309.10671
308.85686
308.65759
308.50151
308.38285
308.29731
308.24188
308.21463
310.6178
310.70691
310.87302
310.96963
310.98453
310.91711
310.7751
310.66589
310.59554
310.56104
310.55436
310.50932
310.41916
310.28344
310.11121
310.00532
309.97718
310.02972
310.15013
310.15617
310.03188
309.77471
309.39538
309.07043
308.8063
308.59397
308.42471
308.29186
308.19051
308.11721
308.06956
308.0461
310.03179
310.05771
310.10022
310.13887
310.16279
310.16815
310.15648
310.13425
310.10426
310.06598
310.01533
309.94423
309.85002
309.73577
309.61191
309.49875
309.40477
309.32833
309.25759
309.16866
309.0498
308.89977
308.72805
308.55715
308.39931
308.26015
308.14174
308.04439
307.96769
307.91095
307.87354
307.85496
309.75513
309.79999
309.88594
309.96776
310.044
310.1185
310.19327
310.23692
310.25079
310.23762
310.19673
310.1083
309.96753
309.77033
309.52049
309.31406
309.15384
309.03354
308.94326
308.83989
308.71568
308.56797
308.39906
308.24607
308.11222
307.99724
307.90041
307.821
307.75835
307.71189
307.68117
307.66589
309.56536
309.61792
309.71861
309.81986
309.91936
310.02003
310.12162
310.18832
310.21893
310.21485
310.17441
310.0765
309.91604
309.68987
309.40505
309.16546
308.9774
308.83588
308.731
308.61805
308.48855
308.33916
308.1716
308.02332
307.89661
307.78993
307.7015
307.62984
307.57378
307.53244
307.50521
307.49169
309.38025
309.43535
309.54087
309.6488
309.75631
309.86567
309.97585
310.05007
310.08635
310.08546
310.04537
309.94478
309.77876
309.54467
309.25057
309.00163
308.80519
308.65691
308.5472
308.43133
308.3007
308.1518
307.98611
307.84087
307.71804
307.61569
307.53167
307.46414
307.41167
307.37318
307.34793
307.33542
309.16646
309.22168
309.32748
309.43587
309.54407
309.65435
309.76566
309.8412
309.87893
309.87963
309.84121
309.74237
309.57818
309.34603
309.05396
308.80719
308.61313
308.46751
308.36082
308.24843
308.12175
307.97724
307.81628
307.67597
307.55806
307.46044
307.38079
307.31712
307.26787
307.23188
307.20832
307.19667
308.90238
308.95511
309.05633
309.15876
309.26031
309.36397
309.46941
309.54059
309.57609
309.57714
309.54202
309.44961
309.29482
309.0745
308.79569
308.56234
308.38095
308.24692
308.15088
308.04862
307.93195
307.79746
307.6464
307.51553
307.40629
307.31638
307.24334
307.18516
307.14026
307.10751
307.0861
307.07552
308.57195
308.61532
308.6995
308.78122
308.86044
308.94134
309.02524
309.07931
309.10374
309.10071
309.06961
308.9911
308.86065
308.67398
308.43427
308.23689
308.08479
307.97301
307.89408
307.80783
307.70833
307.59298
307.4623
307.35035
307.25742
307.18098
307.11875
307.069
307.03047
307.00226
306.98377
306.97461
308.19652
308.20805
308.22873
308.25328
308.27821
308.30078
308.31776
308.32435
308.31766
308.2958
308.2571
308.1997
308.12365
308.03134
307.92865
307.82655
307.73062
307.64254
307.5611
307.48252
307.40472
307.3273
307.25163
307.18124
307.11801
307.06274
307.01567
306.97676
306.9459
306.92292
306.90769
306.90009
307.9928
307.99566
308.00058
308.00614
308.01064
308.01232
308.00932
307.99985
307.98238
307.95583
307.91957
307.87349
307.81824
307.75529
307.68688
307.6157
307.54397
307.47317
307.40403
307.33681
307.27169
307.20905
307.14957
307.09414
307.04357
306.99851
306.95939
306.92652
306.90008
306.8802
306.86691
306.86027
310.46783
310.48018
310.49715
310.50366
310.49127
310.45837
310.40985
310.3566
310.30504
310.257
310.21029
310.15935
310.1017
310.03853
309.97505
309.92026
309.87702
309.84125
309.80095
309.7363
309.63689
309.50231
309.34229
309.17661
309.01843
308.87512
308.75048
308.64624
308.56301
308.50084
308.45956
308.43899
310.86281
310.93473
311.05919
311.13122
311.13164
311.06004
310.93099
310.82289
310.74937
310.70982
310.69415
310.65474
310.58171
310.47471
310.34675
310.2704
310.2597
310.31405
310.40948
310.41423
310.30276
310.07284
309.74541
309.44729
309.19724
308.99223
308.82647
308.69491
308.59368
308.51998
308.47186
308.44809
311.12528
311.20901
311.35183
311.43758
311.44151
311.36245
311.21853
311.09629
311.01339
310.96986
310.95339
310.91147
310.83203
310.7153
310.57805
310.50032
310.49919
310.57241
310.68873
310.70202
310.57964
310.31862
309.94563
309.60061
309.30894
309.06973
308.87717
308.72537
308.6094
308.5255
308.47099
308.44416
311.21582
311.30146
311.44716
311.53525
311.53989
311.45958
311.31291
311.1874
311.10148
311.0554
311.0367
310.99242
310.91027
310.7907
310.65113
310.57242
310.57184
310.64649
310.76352
310.77477
310.64623
310.3748
309.98821
309.62829
309.32207
309.06973
308.86599
308.70513
308.58218
308.49324
308.43548
308.40705
311.1535
311.23945
311.38573
311.47462
311.48016
311.40075
311.25486
311.12991
311.04419
310.9979
310.97852
310.93308
310.84935
310.72783
310.58605
310.50498
310.50202
310.57439
310.68932
310.69871
310.56861
310.29591
309.90834
309.54773
309.24107
308.98848
308.78465
308.62379
308.50091
308.41206
308.35437
308.32599
310.9367
311.02176
311.16709
311.25628
311.26418
311.18919
311.04893
310.92946
310.848
310.80423
310.78565
310.73972
310.6545
310.53054
310.38504
310.2986
310.28879
310.35383
310.46276
310.4697
310.34209
310.07701
309.70109
309.35415
309.06142
308.82185
308.62944
308.47808
308.36269
308.27936
308.2253
308.1987
310.53944
310.61535
310.74739
310.82981
310.84244
310.7837
310.66673
310.56844
310.50112
310.46316
310.44387
310.39541
310.30823
310.18291
310.03392
309.9357
309.90394
309.9392
310.01825
310.0096
309.88777
309.65043
309.31833
309.01797
308.76768
308.56389
308.40029
308.2713
308.17263
308.10114
308.05463
308.0317
309.97779
310.00138
310.03976
310.07512
310.09708
310.10179
310.0905
310.0686
310.03865
310.00013
309.94924
309.87909
309.78738
309.67719
309.55847
309.44881
309.35618
309.27902
309.20621
309.11699
309.00037
308.85522
308.69052
308.52589
308.37314
308.23797
308.12264
308.02764
307.95269
307.89719
307.86057
307.84237
309.70393
309.74377
309.81719
309.89142
309.96166
310.02923
310.09301
310.13093
310.14151
310.12586
310.08185
309.99502
309.86056
309.67688
309.45414
309.2611
309.10685
308.98722
308.89144
308.78734
308.66563
308.52388
308.36641
308.22021
308.09081
307.97899
307.88451
307.80686
307.74552
307.69998
307.66986
307.65487
309.51469
309.56173
309.64891
309.74151
309.83382
309.92616
310.01519
310.07492
310.10138
310.09431
310.05062
309.95474
309.80168
309.59082
309.33553
309.11127
308.93053
308.79049
308.68048
308.56706
308.44029
308.2971
308.14124
307.9998
307.87742
307.7737
307.68741
307.61731
307.56238
307.52183
307.49511
307.48184
309.33039
309.37986
309.47168
309.5707
309.67071
309.77141
309.8687
309.93567
309.96759
309.96361
309.92028
309.82185
309.66348
309.44508
309.18094
308.94775
308.75899
308.61247
308.49781
308.3816
308.25379
308.11112
307.95714
307.81872
307.70016
307.60069
307.51871
307.45265
307.40124
307.36349
307.33869
307.32641
309.11849
309.16809
309.26019
309.35967
309.46036
309.56197
309.66037
309.72864
309.762
309.75958
309.71789
309.6212
309.46464
309.24815
308.98603
308.75499
308.56858
308.42468
308.31302
308.20024
308.0763
307.93795
307.78862
307.65502
307.54128
307.44645
307.36875
307.30647
307.25822
307.22291
307.19978
307.18833
308.85828
308.9055
308.99323
309.08701
309.18135
309.27663
309.36945
309.43357
309.46484
309.46282
309.42438
309.33392
309.18646
308.98138
308.73204
308.51395
308.33983
308.20722
308.10595
308.00308
307.8889
307.76031
307.6206
307.49617
307.39087
307.30355
307.2323
307.17537
307.13137
307.09923
307.0782
307.0678
308.53512
308.57362
308.6455
308.7198
308.79301
308.86681
308.93943
308.98746
309.00835
309.00265
308.96831
308.89126
308.76694
308.59358
308.38078
308.19672
308.05064
307.93966
307.85534
307.76822
307.67072
307.56047
307.4401
307.33373
307.24408
307.16976
307.10897
307.06023
307.02241
306.99469
306.97651
306.9675
308.17219
308.18289
308.20203
308.22493
308.24817
308.269
308.28422
308.28949
308.28196
308.25975
308.22124
308.16484
308.09071
308.00126
307.90218
307.80311
307.70942
307.62287
307.54244
307.46491
307.38839
307.31254
307.23866
307.16984
307.10788
307.05363
307.00735
306.96907
306.93867
306.91602
306.901
306.89352
307.97411
307.97675
307.98129
307.98635
307.9903
307.99143
307.98796
307.97812
307.96049
307.93398
307.89801
307.85249
307.79806
307.73616
307.66894
307.59895
307.52835
307.45859
307.39041
307.32409
307.25985
307.19808
307.13945
307.08481
307.03495
306.99049
306.95189
306.91944
306.89334
306.87369
306.86057
306.854
310.40854
310.41934
310.4338
310.43862
310.42594
310.39422
310.34792
310.29662
310.24629
310.19875
310.15208
310.10151
310.04484
309.98324
309.92151
309.86746
309.82358
309.78587
309.74316
309.67785
309.58033
309.45025
309.29668
309.13731
308.98459
308.84581
308.72481
308.62344
308.5424
308.4818
308.44155
308.42147
310.77912
310.84064
310.9437
311.00464
311.0034
310.93903
310.82628
310.72754
310.65724
310.61557
310.59273
310.55086
310.48027
310.38122
310.2673
310.19612
310.18147
310.2214
310.29057
310.28375
310.17468
309.96135
309.66588
309.38924
309.15274
308.9566
308.79691
308.66962
308.57141
308.49977
308.45294
308.4298
311.02905
311.10116
311.22054
311.29382
311.29579
311.22473
311.09864
310.98696
310.90785
310.86216
310.83808
310.79357
310.71697
310.60911
310.48703
310.41482
310.40894
310.46583
310.55333
310.5537
310.43412
310.19189
309.85441
309.53406
309.25837
309.0298
308.84456
308.69788
308.58551
308.50407
308.45109
308.42499
311.11463
311.18851
311.31055
311.38599
311.38861
311.31639
311.18773
311.07297
310.99096
310.94281
310.91655
310.86973
310.79052
310.67995
310.55568
310.48251
310.47707
310.53517
310.62317
310.62145
310.49592
310.24374
309.8933
309.55875
309.26915
309.02799
308.83201
308.67662
308.55752
308.4712
308.41508
308.38744
311.05214
311.12631
311.24892
311.32512
311.32862
311.25726
311.12936
311.01512
310.93332
310.88495
310.85802
310.81008
310.72932
310.61686
310.49043
310.41497
310.40722
310.4631
310.54906
310.54553
310.41847
310.16505
309.81367
309.47844
309.18841
308.94701
308.75093
308.59555
308.47651
308.39028
308.33424
308.30664
310.83993
310.91333
311.03513
311.11172
311.11751
311.05037
310.9278
310.81878
310.74104
310.69509
310.66896
310.62054
310.53833
310.42345
310.29338
310.21272
310.19842
310.24736
310.32769
310.32188
310.19723
309.95105
309.61071
309.28849
309.01178
308.78285
308.59775
308.4515
308.3397
308.2588
308.20625
308.18039
310.45487
310.52022
310.63054
310.70144
310.71191
310.65986
310.55868
310.46931
310.40492
310.36473
310.33835
310.28773
310.2035
310.08681
309.95265
309.86041
309.82543
309.84691
309.9002
309.88039
309.76128
309.54077
309.24078
308.96198
308.72525
308.53031
308.37271
308.24791
308.15219
308.08269
308.03743
308.01511
309.9178
309.93919
309.97383
310.00598
310.02593
310.02986
310.01873
309.99708
309.9672
309.92856
309.87771
309.80872
309.71961
309.61348
309.49961
309.39346
309.30235
309.22484
309.15065
309.06154
308.9474
308.80722
308.64935
308.49113
308.34373
308.21285
308.10087
308.00846
307.93544
307.88131
307.84557
307.82781
309.64743
309.68303
309.7477
309.81511
309.87952
309.94073
309.99648
310.02929
310.03677
310.01903
309.97355
309.88873
309.76047
309.58865
309.38476
309.20351
309.05526
308.93718
308.83929
308.73538
308.61643
308.48024
308.33137
308.19153
308.06669
307.95824
307.86631
307.79059
307.73069
307.68619
307.65673
307.64207
309.45889
309.50121
309.57873
309.66344
309.74869
309.83326
309.91274
309.9661
309.98856
309.9789
309.93364
309.84025
309.69449
309.49727
309.2631
309.05256
308.87922
308.74164
308.62999
308.51709
308.39333
308.25591
308.10883
307.97376
307.85578
307.75522
307.67123
307.60284
307.54916
307.5095
307.48334
307.47034
309.27552
309.32017
309.40212
309.49297
309.5856
309.67818
309.76556
309.82585
309.85356
309.84688
309.80198
309.70618
309.55539
309.35102
309.10846
308.88944
308.70846
308.5647
308.44862
308.33308
308.20836
308.07151
307.92632
307.79422
307.68
307.58359
307.50381
307.43936
307.38912
307.35218
307.3279
307.31587
309.06576
309.11054
309.19276
309.28408
309.37738
309.47084
309.55932
309.62089
309.65002
309.64486
309.60159
309.5075
309.35851
309.15602
308.91545
308.69856
308.51991
308.37874
308.26561
308.15343
308.03253
307.8999
307.75926
307.63187
307.52236
307.43049
307.35489
307.29414
307.24697
307.21242
307.18977
307.17856
308.80984
308.85236
308.93044
309.01633
309.10359
309.19105
309.27423
309.33189
309.35908
309.35439
309.31429
309.22624
309.086
308.89447
308.66618
308.46175
308.29497
308.16474
308.06172
307.95919
307.84778
307.72461
307.59329
307.4748
307.37347
307.28888
307.21955
307.16401
307.12099
307.08953
307.06892
307.05872
308.49461
308.52903
308.59239
308.66002
308.7274
308.79466
308.85895
308.90156
308.91906
308.91107
308.87509
308.7999
308.68158
308.51986
308.32572
308.15336
308.01332
307.90403
307.81766
307.73054
307.63525
307.52963
307.41665
307.31533
307.22897
307.15686
307.09763
307.05
307.01297
306.98579
306.96795
306.95911
308.14472
308.15461
308.17226
308.19347
308.21497
308.234
308.24746
308.25138
308.243
308.22046
308.18222
308.12693
308.05482
307.96831
307.87276
307.77681
307.68554
307.60072
307.52154
307.44524
307.37015
307.29597
307.22393
307.15675
307.09617
307.04302
306.99762
306.96003
306.93015
306.90787
306.89309
306.88572
307.95276
307.95518
307.9593
307.96382
307.96719
307.96773
307.96373
307.95352
307.9357
307.90925
307.87361
307.82871
307.77519
307.71443
307.6485
307.57983
307.51048
307.44187
307.37476
307.30946
307.2462
307.18541
307.12772
307.07395
307.02487
306.98109
306.94306
306.91108
306.88535
306.86598
306.85303
306.84655
310.34922
310.35847
310.37043
310.37354
310.36058
310.33004
310.28596
310.23661
310.18752
310.14048
310.09385
310.04364
309.98795
309.92792
309.86795
309.81463
309.7701
309.73047
309.68536
309.61939
309.52375
309.39817
309.25105
309.09799
308.95074
308.81648
308.69913
308.60063
308.52177
308.46276
308.42352
308.40395
310.6954
310.74654
310.82826
310.87811
310.87521
310.81805
310.72157
310.63217
310.5651
310.52132
310.49133
310.44701
310.37886
310.28775
310.18782
310.12182
310.10322
310.12875
310.17172
310.15334
310.04668
309.84992
309.58635
309.33118
309.10822
308.92096
308.76734
308.64432
308.54912
308.47954
308.43401
308.41149
310.93278
310.99329
311.0893
311.15012
311.15012
311.08705
310.97875
310.87762
310.80231
310.75446
310.7228
310.67571
310.60194
310.50293
310.39599
310.32929
310.31866
310.35923
310.41799
310.40546
310.28869
310.06523
309.76319
309.46749
309.20779
308.98986
308.81193
308.67039
308.56162
308.48262
308.43117
308.40581
311.01341
311.07553
311.17398
311.23678
311.23739
311.17323
311.06255
310.95852
310.88044
310.83021
310.79641
310.74707
310.6708
310.56922
310.46021
310.39257
310.38228
310.42384
310.48289
310.4682
310.34568
310.11274
309.7984
309.48919
309.21622
308.98624
308.79801
308.64809
308.53284
308.44916
308.39467
308.36782
310.95075
311.01316
311.11214
311.17568
311.17713
311.11381
311.00385
310.90033
310.82243
310.77199
310.73754
310.68711
310.60933
310.50591
310.3948
310.32493
310.3124
310.35181
310.40887
310.39242
310.26841
310.03426
309.719
309.40913
309.13573
308.90552
308.7172
308.56728
308.4521
308.3685
308.31409
308.28728
310.74313
310.80487
310.90321
310.96721
310.9709
310.91159
310.80667
310.70809
310.63407
310.58595
310.55228
310.5014
310.42219
310.31638
310.2017
310.12681
310.10803
310.14088
310.19268
310.17415
310.05244
309.82515
309.52033
309.22281
308.96211
308.74384
308.56604
308.42492
308.31669
308.23823
308.1872
308.16206
310.37028
310.42508
310.51374
310.57313
310.58144
310.53606
310.45063
310.37018
310.30871
310.2663
310.23285
310.18007
310.0988
309.99073
309.87136
309.7851
309.7469
309.75461
309.78222
309.75126
309.63488
309.43117
309.16324
308.90598
308.6828
308.49671
308.34512
308.22452
308.13173
308.06423
308.02022
307.9985
309.85778
309.87697
309.90786
309.93682
309.95475
309.95791
309.94694
309.92554
309.89573
309.85697
309.80615
309.73831
309.65182
309.54975
309.44073
309.33808
309.2485
309.17063
309.09506
309.00607
308.89441
308.75921
308.60816
308.45635
308.31431
308.18771
308.0791
307.98927
307.91817
307.86542
307.83056
307.81323
309.5909
309.62226
309.67821
309.7388
309.79737
309.85223
309.89998
309.92769
309.93205
309.91223
309.86527
309.78248
309.66042
309.50046
309.31537
309.14591
309.00365
308.88713
308.78713
308.68342
308.56723
308.4366
308.29631
308.16283
308.04255
307.93748
307.84809
307.77432
307.71586
307.67239
307.64359
307.62925
309.40306
309.44067
309.50855
309.58537
309.66357
309.74037
309.81031
309.85729
309.87577
309.86352
309.8167
309.72579
309.58734
309.40374
309.19065
308.99382
308.82789
308.69278
308.5795
308.46713
308.34638
308.21472
308.07641
307.9477
307.83414
307.73672
307.65504
307.58836
307.53594
307.49716
307.47156
307.45883
309.22064
309.26046
309.33256
309.41525
309.5005
309.58495
309.66244
309.71606
309.73955
309.73017
309.68371
309.59054
309.44733
309.25698
309.03597
308.8311
308.65792
308.51693
308.39943
308.28456
308.16295
308.0319
307.89549
307.76972
307.65983
307.56648
307.48891
307.42607
307.37699
307.34086
307.3171
307.30532
309.01301
309.05296
309.12534
309.20849
309.2944
309.37973
309.4583
309.51317
309.53806
309.53018
309.48533
309.39384
309.25241
309.06391
308.84487
308.64211
308.47122
308.33278
308.21819
308.10664
307.98876
307.86185
307.72988
307.60872
307.50343
307.41451
307.34102
307.28179
307.23572
307.20193
307.17975
307.16877
308.76138
308.7992
308.86766
308.94566
309.02584
309.10548
309.17904
309.23025
309.25334
309.24598
309.20424
309.11859
308.98558
308.8076
308.60031
308.40953
308.25009
308.12225
308.0175
307.91532
307.80667
307.68893
307.56598
307.45342
307.35606
307.27419
307.2068
307.15264
307.1106
307.07981
307.05963
307.04964
308.45409
308.48442
308.53929
308.60025
308.66179
308.72252
308.7785
308.81568
308.8298
308.81952
308.78192
308.70858
308.59627
308.44618
308.27066
308.10999
307.97599
307.86839
307.77997
307.69287
307.59979
307.49879
307.39318
307.29692
307.21385
307.14396
307.08628
307.03975
307.00351
306.97688
306.95938
306.95071
308.11724
308.12631
308.14248
308.162
308.18175
308.19898
308.21069
308.21325
308.20402
308.18115
308.1432
308.08901
308.01892
307.93534
307.84334
307.75051
307.66165
307.57856
307.50062
307.42557
307.3519
307.27939
307.20918
307.14365
307.08444
307.03241
306.98789
306.95098
306.92161
306.89971
306.88517
306.87792
307.93139
307.93359
307.9373
307.94128
307.94405
307.94401
307.93949
307.92889
307.91089
307.88451
307.8492
307.80492
307.7523
307.69268
307.62805
307.56069
307.4926
307.42514
307.3591
307.29481
307.23255
307.17273
307.11597
307.06308
307.01478
306.97168
306.93423
306.90272
306.87735
306.85825
306.84549
306.8391
310.28477
310.29267
310.30252
310.30416
310.29096
310.26148
310.21935
310.17184
310.12401
310.0776
310.03124
309.98154
309.92686
309.86829
309.80984
309.75719
309.71211
309.6709
309.62397
309.55772
309.46414
309.343
309.20205
309.05525
308.9136
308.78407
308.6706
308.57518
308.49868
308.44138
308.40325
308.38423
310.60748
310.65084
310.7186
310.76005
310.75574
310.70394
310.61823
310.53621
310.47212
310.42736
310.39347
310.34781
310.28194
310.19697
310.10603
310.0436
310.02162
310.03623
310.06236
310.03582
309.93175
309.74852
309.50782
309.27081
309.06054
308.88211
308.73476
308.61624
308.52425
308.45689
308.41276
308.39092
310.83188
310.88357
310.96396
311.01518
311.01349
310.95643
310.86016
310.76747
310.6957
310.6469
310.61107
310.5626
310.49148
310.39939
310.30234
310.23944
310.22469
310.25266
310.2925
310.27071
310.15695
309.94904
309.67298
309.39842
309.15379
308.94647
308.77608
308.63994
308.53501
308.45865
308.40885
308.38428
310.90722
310.96038
311.04299
311.09604
311.09491
311.03684
310.93835
310.84294
310.76855
310.71745
310.67954
310.62889
310.55537
310.46085
310.36183
310.29801
310.28349
310.31227
310.35221
310.32823
310.20894
309.99202
309.70431
309.41694
309.15971
308.94091
308.76069
308.61652
308.50538
308.42452
308.37182
308.34582
310.84437
310.89781
310.98094
311.0347
311.03437
310.9771
310.87931
310.78438
310.71015
310.65884
310.62029
310.56858
310.4936
310.39729
310.29625
310.23028
310.21359
310.24027
310.27829
310.2526
310.13187
309.91377
309.62518
309.33717
309.07952
308.86049
308.68017
308.53602
308.42494
308.34416
308.29152
308.26557
310.64166
310.69453
310.77715
310.83142
310.83326
310.77979
310.68676
310.59649
310.52594
310.47685
310.43907
310.38692
310.31054
310.21189
310.10737
310.03658
310.01395
310.03446
310.06757
310.03997
309.92145
309.70981
309.43106
309.15474
308.90914
308.70148
308.53122
308.39548
308.29107
308.21523
308.16583
308.14148
310.28145
310.3283
310.40268
310.45321
310.45959
310.41901
310.34381
310.27028
310.2115
310.16798
310.13072
310.07693
309.99846
309.89725
309.78771
309.70587
309.66507
309.66254
309.67386
309.63519
309.52174
309.33182
309.08691
308.8479
308.63743
308.46013
308.31473
308.19854
308.10888
308.04354
308.00088
307.97981
309.79276
309.80998
309.83761
309.86359
309.87954
309.88182
309.8708
309.84956
309.81983
309.78112
309.73062
309.6641
309.58026
309.48208
309.37751
309.27825
309.19036
309.11258
309.03638
308.94798
308.83902
308.70872
308.56414
308.41865
308.28206
308.15993
308.05488
307.96781
307.8988
307.84754
307.81364
307.79677
309.53004
309.55798
309.6075
309.66218
309.71535
309.76457
309.80615
309.82946
309.83105
309.80959
309.76215
309.68167
309.56543
309.41553
309.2443
309.08489
308.94843
308.83424
308.73417
308.63152
308.51832
308.39279
308.25942
308.13178
308.01602
307.91443
307.82774
307.75604
307.69914
307.65679
307.62871
307.61473
309.34312
309.37686
309.43748
309.50735
309.57895
309.64874
309.71105
309.75241
309.76724
309.75287
309.70551
309.6174
309.48585
309.31399
309.11681
308.93189
308.77318
308.64135
308.52858
308.41767
308.30016
308.17378
308.0425
307.91957
307.81035
307.71617
307.63692
307.57206
307.52099
307.48317
307.45818
307.44576
309.16176
309.1976
309.26223
309.33769
309.416
309.49307
309.56257
309.61025
309.62987
309.61825
309.57126
309.48104
309.34502
309.1668
308.96217
308.76967
308.60411
308.46672
308.34997
308.23672
308.11844
307.99272
307.86333
307.74329
307.63766
307.54744
307.47219
307.41108
307.36325
307.32801
307.30481
307.2933
308.95649
308.99245
309.05736
309.13327
309.21223
309.29016
309.36072
309.40964
309.43062
309.42049
309.37508
309.28651
309.15223
308.97586
308.77317
308.58274
308.41945
308.28458
308.17069
308.06068
307.94606
307.82438
307.69933
307.58378
307.48264
307.39672
307.32545
307.26785
307.22295
307.18998
307.16832
307.15759
308.70951
308.74347
308.80469
308.87574
308.94929
309.02186
309.08772
309.1332
309.15255
309.14297
309.1006
309.01766
308.89146
308.72513
308.53368
308.35473
308.20244
308.0778
307.97343
307.87252
307.76683
307.65401
307.53766
307.43041
307.33692
307.25784
307.19246
307.13976
307.09878
307.06872
307.049
307.03924
308.41065
308.43769
308.48634
308.54153
308.59766
308.65258
308.70207
308.73453
308.74559
308.73345
308.69518
308.62397
308.51727
308.37703
308.21517
308.06447
307.9363
307.83111
307.74265
307.65638
307.56568
307.4688
307.36885
307.27704
307.19715
307.12952
307.07346
307.02812
306.99273
306.96668
306.94955
306.94106
308.08698
308.09527
308.11004
308.12791
308.14589
308.16134
308.17135
308.17259
308.16253
308.13939
308.10179
308.04878
307.98076
307.90007
307.81146
307.72174
307.6354
307.55421
307.47775
307.40411
307.33199
307.26121
307.19285
307.129
307.07123
307.02037
306.9768
306.94063
306.91183
306.89033
306.87605
306.86893
307.90757
307.90953
307.91281
307.91623
307.91838
307.91771
307.91265
307.90167
307.88349
307.85718
307.82223
307.77862
307.72698
307.66858
307.60531
307.53936
307.47262
307.40643
307.34156
307.27839
307.21721
307.15844
307.1027
307.05075
307.0033
306.96094
306.92411
306.89312
306.86816
306.84935
306.83679
306.8305
310.22028
310.22684
310.2346
310.23476
310.22131
310.1929
310.15272
310.10704
310.06048
310.01471
309.96861
309.91942
309.86574
309.80864
309.75171
309.69972
309.6541
309.6113
309.56258
309.49605
309.40451
309.28782
309.15304
309.01249
308.87644
308.75166
308.64206
308.54972
308.47558
308.41998
308.38297
308.36449
310.51953
310.55514
310.60897
310.64203
310.63631
310.58986
310.5149
310.44024
310.37915
310.3334
310.29561
310.24864
310.18503
310.10619
310.02423
309.96537
309.94001
309.94372
309.95304
309.91836
309.81688
309.64717
309.42929
309.21042
309.01285
308.84325
308.70216
308.58813
308.49936
308.43423
308.3915
308.37034
310.73096
310.77384
310.83864
310.88028
310.87691
310.82584
310.74159
310.65732
310.5891
310.53934
310.49936
310.44952
310.38104
310.29586
310.20868
310.14958
310.1307
310.1461
310.16706
310.13603
310.02529
309.8329
309.58278
309.32934
309.09978
308.90307
308.74022
308.60948
308.50838
308.43466
308.38651
308.36274
310.801
310.84522
310.91204
310.95534
310.95247
310.90047
310.81417
310.72736
310.65665
310.60468
310.56268
310.51073
310.43995
310.35248
310.26344
310.20344
310.18469
310.2007
310.22158
310.18833
310.07227
309.87134
309.61023
309.34468
309.10319
308.89556
308.72335
308.58494
308.47791
308.39988
308.34895
308.32381
310.73797
310.78245
310.84977
310.89375
310.89164
310.84042
310.75478
310.66842
310.59787
310.54569
310.50306
310.45008
310.37789
310.28869
310.19769
310.13561
310.11476
310.12874
310.14776
310.11285
309.9954
309.79333
309.53136
309.26519
309.02329
308.81544
308.64313
308.50474
308.39776
308.31981
308.26894
308.24384
310.54017
310.58418
310.65112
310.69567
310.69566
310.64803
310.56686
310.48489
310.41782
310.36776
310.32587
310.27247
310.19892
310.10742
310.01303
309.94632
309.91985
309.92805
309.94251
309.90587
309.79051
309.59453
309.3418
309.08665
308.85616
308.65911
308.49638
308.36602
308.26544
308.19221
308.14446
308.1209
310.19261
310.23152
310.29164
310.33334
310.33778
310.30198
310.23699
310.17037
310.11428
310.06966
310.0286
309.97381
309.89814
309.80378
309.70405
309.62662
309.58322
309.57047
309.56555
309.51919
309.40867
309.23252
309.0106
308.78981
308.59204
308.42353
308.28433
308.17255
308.08603
308.02284
307.98152
307.96111
309.72771
309.74296
309.76733
309.79035
309.80432
309.80571
309.79465
309.77356
309.74392
309.70525
309.65507
309.58988
309.50868
309.41439
309.31426
309.21839
309.13219
309.05451
308.97769
308.88988
308.78361
308.65822
308.52011
308.38093
308.2498
308.13214
308.03065
307.94635
307.87942
307.82964
307.7967
307.7803
309.46917
309.49367
309.53678
309.58555
309.63332
309.67692
309.71233
309.73125
309.73007
309.70697
309.65905
309.58088
309.47046
309.33062
309.17321
309.02385
308.8932
308.78133
308.68121
308.57963
308.46941
308.34897
308.22252
308.10071
307.98947
307.89137
307.80738
307.73775
307.68242
307.64118
307.61383
307.6002
309.28316
309.31303
309.3664
309.42934
309.49433
309.55711
309.61181
309.64755
309.65873
309.64225
309.59435
309.50903
309.38438
309.22425
309.04297
308.86994
308.71844
308.5899
308.47766
308.36821
308.25394
308.13283
308.00858
307.89143
307.78654
307.6956
307.61878
307.55576
307.50603
307.46917
307.4448
307.43267
309.10287
309.13472
309.1919
309.26013
309.3315
309.4012
309.46271
309.50447
309.52021
309.50636
309.45884
309.37156
309.24272
309.07664
308.88837
308.70823
308.55028
308.41649
308.30051
308.18887
308.07393
307.95353
307.83117
307.71686
307.61549
307.5284
307.45547
307.39608
307.34951
307.31515
307.29251
307.28127
308.89994
308.93192
308.98938
309.05805
309.13006
309.20061
309.26316
309.30612
309.32321
309.31082
309.26485
309.1792
309.05209
308.88782
308.70146
308.52337
308.36766
308.23636
308.12318
308.01473
307.90337
307.78691
307.66877
307.55884
307.46183
307.37893
307.30987
307.25389
307.21018
307.17802
307.15689
307.14641
308.65763
308.68773
308.74171
308.80583
308.87275
308.93826
308.99641
309.03618
309.05179
309.04
308.99699
308.91676
308.79737
308.64269
308.46705
308.29992
308.15477
308.03333
307.92937
307.82972
307.72699
307.61909
307.50933
307.4074
307.31777
307.24147
307.17811
307.12688
307.08696
307.05763
307.03837
307.02883
308.36719
308.39095
308.4334
308.48282
308.53354
308.58265
308.62567
308.6534
308.6614
308.64741
308.60847
308.53939
308.43831
308.3079
308.15967
308.01894
307.8966
307.79382
307.70532
307.61989
307.53157
307.43881
307.34451
307.25717
307.18045
307.11507
307.06064
307.01647
306.98193
306.95648
306.93972
306.9314
308.0567
308.06422
308.07759
308.0938
308.11003
308.12369
308.132
308.13191
308.12102
308.09761
308.06038
308.00854
307.94259
307.86479
307.77958
307.69296
307.60913
307.52985
307.45487
307.38264
307.31207
307.24303
307.1765
307.11435
307.05801
307.00833
306.96571
306.93027
306.90204
306.88094
306.86693
306.85993
307.88373
307.88546
307.8883
307.89117
307.89269
307.89141
307.8858
307.87443
307.85606
307.82983
307.79525
307.75232
307.70164
307.64446
307.58256
307.51802
307.45263
307.3877
307.32401
307.26195
307.20186
307.14414
307.08942
307.03841
306.99181
306.95019
306.91399
306.88351
306.85895
306.84045
306.82808
306.82188
310.15151
310.15695
310.16302
310.16194
310.14831
310.12084
310.08235
310.03835
309.99305
309.94803
309.9024
309.85384
309.80117
309.74542
309.68978
309.63838
309.59236
309.54837
309.49842
309.43201
309.34266
309.23029
309.10134
308.96688
308.83644
308.71651
308.61094
308.52184
308.4502
308.39642
308.36059
308.34269
310.4288
310.45878
310.50331
310.5302
310.52336
310.48077
310.41316
310.34419
310.28582
310.23992
310.20023
310.1528
310.09124
310.01704
309.94099
309.88451
309.8564
309.85215
309.85056
309.81054
309.7118
309.55309
309.35233
309.14869
308.96274
308.8017
308.66691
308.55752
308.47211
308.40932
308.36808
308.34764
310.62711
310.66351
310.71769
310.75219
310.74743
310.70076
310.62486
310.54719
310.48221
310.43241
310.39039
310.34011
310.27403
310.19415
310.11354
310.05695
310.03466
310.0407
310.04913
310.01191
309.90435
309.72474
309.49445
309.25892
309.04324
308.85682
308.70156
308.57637
308.47928
308.40833
308.36194
308.33902
310.69161
310.72923
310.78524
310.82125
310.81695
310.76941
310.69162
310.61158
310.54425
310.49233
310.44836
310.39605
310.32778
310.24572
310.16337
310.10588
310.08364
310.09012
310.09831
310.05887
309.94622
309.75854
309.5179
309.27097
309.04401
308.84727
308.68312
308.55065
308.44791
308.37286
308.32381
308.29958
310.62839
310.66626
310.72275
310.7594
310.75583
310.70903
310.63186
310.55225
310.48506
310.43293
310.38835
310.33505
310.26542
310.18169
310.09744
310.03795
310.01368
310.01821
310.02461
309.98357
309.86957
309.68079
309.43931
309.19178
308.96443
308.76747
308.60323
308.47077
308.36809
308.29311
308.24412
308.21993
310.43573
310.4732
310.52942
310.56669
310.56513
310.52172
310.44875
310.37326
310.30934
310.25922
310.21535
310.16164
310.09068
310.00472
309.9172
309.8533
309.82372
309.82284
309.82501
309.78239
309.67038
309.48731
309.2545
309.01732
308.80073
308.61399
308.45884
308.33402
308.23742
308.16695
308.12093
308.09821
310.10098
310.13409
310.18456
310.21964
310.2224
310.1899
310.1317
310.07032
310.01664
309.97174
309.92887
309.87396
309.8009
309.71192
309.61895
309.54476
309.49945
309.47945
309.46422
309.41299
309.30558
309.14069
308.93606
308.73058
308.54444
308.38445
308.25147
308.14424
308.06099
308.00007
307.96018
307.94046
309.65854
309.6721
309.69368
309.71404
309.72611
309.72654
309.71526
309.69424
309.66471
309.62624
309.57661
309.51288
309.43431
309.34367
309.24758
309.15493
309.07057
308.99345
308.9167
308.82995
308.72654
308.60592
308.47389
308.3408
308.2151
308.10201
308.0042
307.9228
307.85807
307.80988
307.77796
307.76206
309.40479
309.42654
309.46474
309.50844
309.55136
309.59004
309.6205
309.63569
309.63213
309.60783
309.56003
309.48432
309.37924
309.24787
309.10113
308.96032
308.83518
308.72618
308.62729
308.52749
308.42042
308.3047
308.18411
308.06766
307.96082
307.86625
307.78506
307.71761
307.66393
307.62388
307.5973
307.58405
309.21992
309.24664
309.29435
309.35125
309.41024
309.46679
309.51518
309.54604
309.55401
309.53587
309.48807
309.40569
309.2874
309.13729
308.96853
308.80576
308.66116
308.53648
308.42613
308.31888
308.20803
308.09179
307.97345
307.86155
307.76085
307.67317
307.59886
307.53775
307.48946
307.45361
307.42989
307.41809
309.04081
309.06941
309.12071
309.18263
309.24764
309.31074
309.36558
309.40214
309.41444
309.39881
309.35141
309.26721
309.14503
308.98937
308.81409
308.64467
308.49403
308.36444
308.25058
308.14132
308.0299
307.91441
307.79795
307.68884
307.59156
307.50762
307.43708
307.37948
307.33425
307.30082
307.27878
307.26783
308.84043
308.86915
308.92072
308.98308
309.04872
309.11265
309.16851
309.20625
309.21987
309.20567
309.15979
309.0772
308.95672
308.80283
308.62944
308.46204
308.3136
308.18646
308.07536
307.96922
307.86129
307.74964
307.63729
307.53243
307.43939
307.35951
307.29272
307.23844
307.19597
307.16468
307.1441
307.13389
308.60308
308.63005
308.67838
308.73646
308.79734
308.85656
308.90832
308.94311
308.95539
308.94184
308.89884
308.82145
308.70834
308.56358
308.40038
308.24343
308.10509
307.98742
307.8852
307.78755
307.68794
307.58452
307.48023
307.38305
307.2971
307.22357
307.16228
307.11258
307.07377
307.04522
307.02645
307.01715
308.32142
308.34256
308.38027
308.42475
308.47059
308.51461
308.55238
308.57606
308.58138
308.56593
308.52692
308.4601
308.36414
308.24198
308.10424
307.97196
307.85515
307.75528
307.66799
307.58405
307.49823
307.40918
307.31946
307.23605
307.16235
307.09921
307.04644
307.0035
306.96985
306.94503
306.92866
306.92054
308.02397
308.03077
308.04284
308.05746
308.07197
308.0839
308.0906
308.08924
308.07757
308.05394
308.01715
307.96654
307.90264
307.82764
307.74565
307.66208
307.58081
307.50357
307.43025
307.3596
307.29068
307.22341
307.15872
307.09827
307.0434
306.99495
306.95332
306.91867
306.89104
306.87037
306.85664
306.84978
307.85764
307.85913
307.86153
307.86382
307.86471
307.86279
307.85663
307.84486
307.82632
307.80018
307.76599
307.72378
307.67412
307.61821
307.55775
307.49468
307.43072
307.36715
307.30472
307.24386
307.18493
307.12834
307.0747
307.02469
306.97899
306.93816
306.90263
306.8727
306.84858
306.8304
306.81824
306.81215
310.08272
310.08704
310.09141
310.08912
310.0753
310.04876
310.01196
309.96965
309.9256
309.88134
309.83618
309.78824
309.73658
309.68217
309.62784
309.57703
309.53061
309.48542
309.43425
309.36796
309.2808
309.17274
309.04962
308.92125
308.79643
308.68134
308.57981
308.49394
308.4248
308.37284
308.3382
308.32089
310.33806
310.36242
310.39766
310.41841
310.41043
310.37171
310.31142
310.24815
310.19249
310.14645
310.10485
310.05697
309.99746
309.9279
309.85775
309.80363
309.77279
309.7606
309.74812
309.70277
309.60676
309.45904
309.27539
309.08696
308.91261
308.76014
308.63165
308.52689
308.44484
308.3844
308.34464
308.32492
310.52325
310.55318
310.59676
310.62413
310.61799
310.5757
310.50814
310.43707
310.37532
310.32548
310.28144
310.23073
310.16704
310.09244
310.0184
309.9643
309.93861
309.93531
309.93124
309.88784
309.78347
309.61662
309.40613
309.1885
308.98668
308.81056
308.66288
308.54325
308.45017
308.382
308.33736
308.31528
310.58221
310.61324
310.65847
310.68719
310.68146
310.63838
310.56908
310.49581
310.43185
310.37999
310.33405
310.28139
310.21563
310.13898
310.06328
310.00831
309.98257
309.97954
309.97508
309.92946
309.82023
309.64578
309.42558
309.19725
308.98483
308.79897
308.64288
308.51635
308.4179
308.34583
308.29866
308.27534
310.5188
310.55006
310.59574
310.62508
310.62005
310.57766
310.50895
310.43609
310.37225
310.32018
310.27366
310.22003
310.15296
310.07469
309.99719
309.94028
309.91259
309.90768
309.90149
309.85433
309.74379
309.56829
309.34728
309.11837
308.90556
308.71949
308.56332
308.43679
308.3384
308.2664
308.21928
308.196
310.33128
310.36223
310.40774
310.43774
310.43464
310.39544
310.33064
310.26162
310.20085
310.15068
310.10484
310.05083
309.98246
309.90203
309.82137
309.76026
309.72757
309.71763
309.70755
309.65896
309.55031
309.38012
309.16721
308.94799
308.74529
308.56886
308.42128
308.302
308.20939
308.14168
308.0974
308.07552
310.00934
310.03665
310.0775
310.10596
310.10706
310.07784
310.02642
309.97027
309.91899
309.87383
309.82916
309.77412
309.70367
309.62006
309.53385
309.4629
309.41566
309.38844
309.36293
309.30685
309.20254
309.04889
308.86154
308.67135
308.49683
308.34535
308.21859
308.11591
308.03593
307.97728
307.93883
307.9198
309.58936
309.60122
309.62002
309.63771
309.64789
309.64736
309.63586
309.6149
309.58549
309.54721
309.49814
309.43588
309.35993
309.27293
309.18089
309.09146
309.00893
308.93236
308.85569
308.77001
308.66947
308.55361
308.42766
308.30067
308.1804
308.07186
307.97774
307.89924
307.83672
307.79011
307.7592
307.74381
309.34039
309.3594
309.39269
309.43134
309.4694
309.50317
309.52868
309.54015
309.53421
309.5087
309.46103
309.38778
309.28803
309.16513
309.02905
308.89677
308.77714
308.67101
308.57336
308.47535
308.37142
308.26042
308.1457
308.03459
307.93216
307.84112
307.76272
307.69746
307.64543
307.60657
307.58076
307.56789
309.15666
309.18024
309.22229
309.27317
309.32615
309.37648
309.41857
309.44455
309.4493
309.4295
309.38181
309.30237
309.19045
309.05034
308.89409
308.74157
308.60386
308.48305
308.37459
308.26955
308.16213
308.05075
307.93832
307.83166
307.73516
307.65072
307.57893
307.51973
307.47287
307.43804
307.41498
307.40349
308.97874
309.00409
309.04952
309.10512
309.16378
309.22029
309.26847
309.29983
309.30868
309.29127
309.24399
309.16289
309.04736
308.9021
308.7398
308.5811
308.43776
308.31237
308.20065
308.09377
307.98588
307.87529
307.76473
307.66081
307.56763
307.48683
307.41868
307.36288
307.31897
307.28648
307.26504
307.25438
308.78089
308.80636
308.85207
308.9081
308.96739
309.0247
309.07388
309.1064
309.11655
309.10054
309.05475
308.97523
308.86137
308.71786
308.55741
308.40071
308.25954
308.13655
308.02754
307.92371
307.81922
307.71237
307.60581
307.506
307.41693
307.34007
307.27556
307.22298
307.18175
307.15133
307.1313
307.12136
308.54852
308.57236
308.61504
308.6671
308.72194
308.77487
308.82025
308.85006
308.85902
308.84371
308.80072
308.72617
308.61933
308.48449
308.3337
308.18694
308.05541
307.94151
307.84103
307.74538
307.6489
307.54995
307.45112
307.35869
307.27643
307.20567
307.14644
307.09828
307.06058
307.03281
307.01453
307.00546
308.27564
308.29416
308.32714
308.36669
308.40766
308.44657
308.47911
308.49874
308.50138
308.48448
308.44539
308.38083
308.28999
308.17608
308.04881
307.92497
307.81368
307.71674
307.63065
307.5482
307.4649
307.37954
307.29441
307.21493
307.14424
307.08334
307.03223
306.99053
306.95777
306.93357
306.9176
306.90967
307.99122
307.9973
308.00807
308.0211
308.03391
308.0441
308.04918
308.04656
308.03411
308.01026
307.97391
307.92453
307.86268
307.79048
307.71171
307.63118
307.55248
307.47728
307.40563
307.33655
307.26928
307.20379
307.14093
307.08218
307.02879
306.98156
306.94093
306.90706
306.88003
306.8598
306.84634
306.83963
307.83153
307.83279
307.83475
307.83647
307.83671
307.83416
307.82745
307.81528
307.79656
307.77052
307.73673
307.69523
307.64659
307.59195
307.53292
307.47132
307.4088
307.34658
307.28541
307.22576
307.16799
307.11253
307.05997
307.01096
306.96617
306.92613
306.89127
306.86189
306.8382
306.82034
306.80839
306.80241
310.01041
310.01383
310.01687
310.01359
309.99964
309.97392
309.93857
309.89779
309.85498
309.81157
309.76704
309.71983
309.66917
309.61598
309.56276
309.51249
309.46582
309.41981
309.36796
309.30215
309.21729
309.11339
308.99578
308.87326
308.75397
308.64378
308.54637
308.46385
308.39732
308.34726
308.31387
308.29717
310.24554
310.2659
310.29486
310.31118
310.30234
310.2664
310.21124
310.15236
310.09913
310.05354
310.01126
309.96353
309.90586
309.83979
309.77361
309.72103
309.68808
309.67027
309.65079
309.60225
309.50909
309.3704
309.2001
309.02447
308.86064
308.71634
308.59408
308.49401
308.41542
308.35742
308.31921
308.30025
310.41768
310.44294
310.47922
310.50138
310.49417
310.45506
310.39342
310.32751
310.26866
310.21942
310.17469
310.12421
310.06268
309.99208
309.92249
309.86999
309.84161
309.83156
309.81925
309.77205
309.67098
309.51474
309.31991
309.11748
308.92826
308.76198
308.6218
308.50779
308.41882
308.35353
308.31072
308.28953
310.47094
310.49719
310.53495
310.55834
310.55149
310.51165
310.44841
310.38045
310.31953
310.26837
310.22182
310.16948
310.10598
310.03345
309.9623
309.90893
309.88042
309.87051
309.85769
309.8083
309.70261
309.53922
309.33531
309.12287
308.9237
308.74827
308.60017
308.47965
308.38561
308.31663
308.27142
308.24905
310.40732
310.4338
310.472
310.49596
310.48977
310.45059
310.3879
310.32032
310.25951
310.20814
310.16102
310.10775
310.04299
309.96892
309.89602
309.8408
309.81042
309.79871
309.78423
309.73336
309.62642
309.46201
309.25732
309.04432
308.84479
308.66915
308.52096
308.40044
308.30646
308.23755
308.19239
308.17006
310.22511
310.25133
310.28943
310.31408
310.30974
310.27354
310.2145
310.1505
310.09255
310.04297
309.99649
309.94284
309.87683
309.80067
309.72477
309.66557
309.6305
309.61411
309.59604
309.54387
309.4387
309.27926
309.0821
308.87814
308.68808
308.52149
308.3814
308.26773
308.17921
308.11436
308.07189
308.05089
309.91593
309.93906
309.97329
309.99687
309.99655
309.96953
309.92268
309.87046
309.82129
309.77647
309.73122
309.67669
309.60864
309.52927
309.44788
309.37936
309.33086
309.29877
309.26687
309.2081
309.10702
308.96269
308.78885
308.61155
308.44755
308.30419
308.18358
308.0855
308.00889
307.9526
307.91564
307.89734
309.51686
309.52728
309.54372
309.55905
309.56747
309.56594
309.55409
309.53311
309.50385
309.46589
309.41758
309.35688
309.28348
309.19988
309.11151
309.02512
308.94455
308.86896
308.79296
308.70878
308.61123
308.49997
308.37972
308.25856
308.14362
308.03964
307.94929
307.87378
307.81355
307.7686
307.73877
307.7239
309.27316
309.28997
309.31937
309.35372
309.38748
309.41698
309.43841
309.44674
309.4388
309.41244
309.36529
309.29453
309.19963
309.08389
308.95635
308.83139
308.71695
308.61406
308.51848
308.42278
308.32213
308.21554
308.10601
307.99983
307.90166
307.81415
307.7386
307.67559
307.62529
307.58768
307.56268
307.5502
309.09079
309.11181
309.14931
309.19498
309.24257
309.2874
309.32417
309.34594
309.34791
309.32685
309.27967
309.2032
309.09707
308.96553
308.81947
308.67586
308.54466
308.42809
308.32239
308.22013
308.11625
308.00941
307.90217
307.8003
307.70781
307.62661
307.55736
307.50014
307.45477
307.421
307.39863
307.38748
308.91418
308.93686
308.97753
309.02763
309.08057
309.1312
309.1737
309.20053
309.20637
309.18759
309.14084
309.06285
308.9534
308.81711
308.66545
308.51612
308.3797
308.25889
308.15019
308.04626
307.94202
307.83601
307.73062
307.63143
307.54217
307.46447
307.39874
307.3448
307.30227
307.27076
307.24995
307.2396
308.71903
308.74183
308.78277
308.83331
308.88685
308.93828
308.98175
309.00971
309.01682
308.99941
308.95412
308.87769
308.76988
308.63531
308.48548
308.3381
308.20382
308.08537
307.97932
307.87837
307.77745
307.67506
307.57354
307.47834
307.39305
307.31916
307.25695
307.20611
307.16617
307.13667
307.11722
307.10756
308.49187
308.51316
308.5513
308.59814
308.64757
308.69494
308.7349
308.76039
308.76647
308.74979
308.70721
308.63553
308.53438
308.40801
308.26733
308.12938
308.00428
307.8945
307.79663
307.70352
307.61028
307.51547
307.42134
307.33319
307.25442
307.18638
307.12924
307.08264
307.0461
307.01914
307.00138
306.99256
308.228
308.24443
308.27367
308.30901
308.34565
308.38012
308.40829
308.42446
308.42479
308.40679
308.368
308.30572
308.2195
308.11254
307.99364
307.87702
307.77091
307.67721
307.59309
307.51263
307.43192
307.34995
307.2687
307.19274
307.12488
307.06618
307.01674
306.97629
306.94447
306.92092
306.90537
306.89764
307.95633
307.96175
307.97132
307.98285
307.99401
308.00254
308.00611
308.0023
307.98913
307.96513
307.92928
307.88114
307.82131
307.75179
307.67607
307.59849
307.52236
307.44931
307.37948
307.3121
307.24656
307.18287
307.12183
307.06477
307.01288
306.96691
306.9273
306.89426
306.86786
306.84808
306.83492
306.82835
307.80338
307.8044
307.80592
307.80706
307.80666
307.80346
307.7962
307.78363
307.76475
307.73882
307.70545
307.6647
307.61711
307.56378
307.50622
307.44615
307.38513
307.32433
307.26451
307.20614
307.14959
307.09532
307.04388
306.99593
306.95208
306.91287
306.87872
306.84992
306.82669
306.80917
306.79745
306.79158
309.93809
309.9406
309.9423
309.93804
309.92398
309.89907
309.86518
309.82593
309.78434
309.74178
309.69788
309.6514
309.60175
309.54977
309.49767
309.44794
309.40102
309.3542
309.30165
309.23634
309.15377
309.05403
308.94192
308.82526
308.71151
308.6062
308.51291
308.43375
308.36982
308.32167
308.28952
308.27344
310.153
310.16938
310.19207
310.20398
310.19428
310.1611
310.11107
310.05658
310.00577
309.96062
309.91767
309.8701
309.81427
309.75169
309.68947
309.63843
309.60337
309.57995
309.55348
309.50176
309.41144
309.28178
309.12481
308.96198
308.80865
308.67252
308.55649
308.46112
308.38599
308.33043
308.29377
308.27557
310.3121
310.3327
310.3617
310.37866
310.37038
310.33444
310.27872
310.21795
310.162
310.11337
310.06794
310.0177
309.95833
309.89173
309.82658
309.77567
309.7446
309.72783
309.70728
309.65631
309.55854
309.41288
309.2337
309.04646
308.86984
308.71339
308.5807
308.47231
308.38747
308.32506
308.28407
308.26377
310.35965
310.38114
310.41146
310.42952
310.42155
310.38494
310.32775
310.2651
310.20721
310.15676
310.10961
310.05759
309.99635
309.92793
309.86131
309.80955
309.77826
309.76148
309.74033
309.68719
309.58503
309.43269
309.24505
309.04849
308.86257
308.69756
308.55744
308.44294
308.35331
308.28743
308.24418
308.22276
310.29584
310.31754
310.34827
310.36687
310.35953
310.32353
310.26687
310.20456
310.14677
310.09611
310.0484
309.99549
309.93304
309.86314
309.79485
309.74132
309.70824
309.68974
309.66699
309.61243
309.50908
309.35576
309.16737
308.97027
308.784
308.61879
308.47859
308.36408
308.27451
308.20868
308.16549
308.14411
310.11893
310.14044
310.17114
310.19045
310.18486
310.15165
310.09836
310.03938
309.98425
309.93526
309.88815
309.83488
309.77122
309.69932
309.62816
309.57087
309.53342
309.51059
309.48456
309.42883
309.32714
309.17842
308.99701
308.8083
308.63086
308.47411
308.34151
308.23344
308.14902
308.08703
308.04637
308.02625
309.82251
309.84148
309.8691
309.8878
309.88607
309.86123
309.81895
309.77065
309.7236
309.6791
309.63329
309.57926
309.51362
309.43848
309.36191
309.29582
309.24605
309.2091
309.17084
309.1094
309.01155
308.87652
308.71618
308.55175
308.39826
308.26302
308.14857
308.05508
307.98184
307.9279
307.89244
307.87486
309.44434
309.45332
309.46741
309.48039
309.48703
309.48451
309.4723
309.45131
309.42219
309.38457
309.33701
309.27787
309.20702
309.12681
309.04211
308.95877
308.88017
308.80555
308.73023
308.64754
308.55299
308.44632
308.33177
308.21643
308.10682
308.00742
307.92083
307.84832
307.79038
307.74708
307.71832
307.70398
309.20592
309.22053
309.24606
309.2761
309.30556
309.33079
309.34814
309.35334
309.3434
309.31619
309.26957
309.2013
309.11123
309.00266
308.88365
308.766
308.65675
308.5571
308.46358
308.3702
308.27284
308.17065
308.06632
307.96507
307.87116
307.78717
307.71447
307.65372
307.60514
307.56878
307.54459
307.53251
309.02491
309.04337
309.07632
309.11679
309.159
309.19834
309.22979
309.24734
309.24653
309.22421
309.17756
309.10405
309.00371
308.88073
308.74486
308.61013
308.48545
308.37311
308.27018
308.1707
308.07037
307.96807
307.866
307.76893
307.68045
307.60248
307.53578
307.48054
307.43666
307.40396
307.38227
307.37146
308.84961
308.86962
308.90553
308.95015
308.99736
309.04213
309.07894
309.10124
309.10408
309.08392
309.0377
308.96284
308.85947
308.73212
308.59111
308.45112
308.32164
308.2054
308.09973
307.99875
307.89817
307.79673
307.69651
307.60204
307.51669
307.44211
307.3788
307.32671
307.28556
307.25504
307.23485
307.2248
308.65716
308.67729
308.71347
308.75851
308.80632
308.85187
308.88963
308.91304
308.91712
308.8983
308.85352
308.78017
308.67841
308.55276
308.41355
308.27549
308.1481
308.03418
307.9311
307.83303
307.73567
307.63776
307.54128
307.45067
307.36915
307.29824
307.23833
307.18923
307.15059
307.122
307.10313
307.09375
308.43522
308.45396
308.48756
308.52919
308.5732
308.61502
308.64957
308.67074
308.67393
308.65588
308.61372
308.5449
308.44945
308.33154
308.20096
308.07181
307.95313
307.84749
307.75223
307.66167
307.57166
307.48098
307.39157
307.30768
307.2324
307.16708
307.11202
307.067
307.03161
307.00546
306.98822
306.97965
308.18035
308.19469
308.22021
308.25134
308.28365
308.31367
308.33748
308.35019
308.34823
308.32912
308.29063
308.23063
308.14902
308.04901
307.93847
307.82906
307.72812
307.63767
307.55553
307.47705
307.39894
307.32035
307.243
307.17054
307.10551
307.049
307.00124
306.96206
306.93116
306.90826
306.89313
306.88561
307.92142
307.92618
307.93456
307.94459
307.9541
307.96098
307.96302
307.95802
307.94414
307.91998
307.88464
307.83775
307.77994
307.7131
307.64042
307.56578
307.49223
307.42133
307.35332
307.28765
307.22383
307.16194
307.10272
307.04736
306.99696
306.95225
306.91368
306.88146
306.85568
306.83636
306.8235
306.81707
307.77522
307.776
307.77709
307.77764
307.77659
307.77276
307.76493
307.75198
307.73293
307.70711
307.67417
307.63416
307.58763
307.53561
307.47952
307.42098
307.36145
307.30208
307.2436
307.1865
307.13119
307.0781
307.02779
306.98089
306.93798
306.89961
306.86616
306.83795
306.81518
306.798
306.7865
306.78074
309.86291
309.86473
309.86539
309.86038
309.84624
309.82204
309.78942
309.75155
309.71116
309.66952
309.62637
309.5807
309.53203
309.48115
309.43003
309.3808
309.33379
309.2865
309.23371
309.1692
309.08902
308.99329
308.88636
308.77531
308.66697
308.56653
308.47742
308.40167
308.34043
308.29425
308.2634
308.24795
310.05937
310.07297
310.09141
310.1002
310.08987
310.05868
310.01231
309.96122
309.91258
309.86826
309.82541
309.77841
309.72423
309.66428
309.60478
309.55474
309.51813
309.4909
309.46006
309.40676
309.31936
309.19727
309.05104
308.8991
308.75525
308.62684
308.51691
308.42624
308.35463
308.30156
308.26651
308.24909
310.20563
310.22294
310.2469
310.26014
310.25106
310.21741
310.16598
310.10923
310.05588
310.00827
309.96302
309.91347
309.85602
309.79246
309.73037
309.68045
309.64734
309.62586
309.60004
309.54708
309.4527
309.31597
309.14952
308.97529
308.81005
308.66291
308.53756
308.43479
308.35412
308.29466
308.25556
308.23617
310.24739
310.26548
310.29063
310.30486
310.29605
310.26179
310.209
310.15052
310.09536
310.04604
309.99914
309.94791
309.8887
309.82343
309.75993
309.70917
309.67578
309.65419
309.62769
309.57261
309.47409
309.33112
309.15682
308.97391
308.80004
308.64492
308.51263
308.40414
308.31899
308.25627
308.21504
308.19461
310.18338
310.20167
310.2272
310.24194
310.23371
310.20003
310.14772
310.08956
310.03448
309.98495
309.93752
309.88543
309.82506
309.75838
309.6933
309.64085
309.60576
309.58252
309.55449
309.49806
309.39839
309.25449
309.07947
308.89605
308.72184
308.56652
308.43415
308.32566
308.24056
308.1779
308.13672
308.11632
310.01186
310.03001
310.05558
310.07101
310.06444
310.03335
309.98417
309.92908
309.87647
309.82848
309.7816
309.72916
309.66764
309.59905
309.53125
309.47528
309.43612
309.40889
309.37784
309.32036
309.22224
309.08259
308.91402
308.73837
308.57236
308.42493
308.29965
308.19718
308.11691
308.05785
308.01906
307.99985
309.72802
309.74403
309.76707
309.78219
309.77928
309.75584
309.71666
309.67131
309.62612
309.58234
309.53674
309.48363
309.4202
309.34845
309.27546
309.21126
309.16079
309.12079
309.07882
309.01632
308.92179
308.7946
308.64519
308.49172
308.34771
308.22015
308.1117
308.02282
307.95299
307.90147
307.86755
307.85073
309.36917
309.37696
309.38906
309.39998
309.40498
309.40145
309.3888
309.36774
309.33879
309.3016
309.25494
309.19743
309.12904
309.05198
308.97064
308.89019
308.81364
308.74036
308.66621
308.58537
308.49391
308.39168
308.28248
308.17269
308.06826
307.97339
307.89059
307.82114
307.76555
307.72396
307.69632
307.68252
309.13642
309.14925
309.17163
309.198
309.22369
309.24519
309.25912
309.26167
309.25007
309.22233
309.17647
309.11067
309.02497
308.92253
308.81057
308.69926
308.5949
308.4987
308.4078
308.31713
308.22313
308.12513
308.02551
307.92885
307.83904
307.75854
307.68872
307.63027
307.58347
307.5484
307.52506
307.5134
308.95697
308.97333
309.00253
309.03849
309.07591
309.1104
309.13729
309.1512
309.14802
309.12478
309.07891
309.00831
308.91323
308.79764
308.6703
308.54337
308.42482
308.31693
308.21733
308.12103
308.02435
307.92632
307.82894
307.73628
307.65164
307.57684
307.51271
307.45948
307.41713
307.38554
307.36456
307.3541
308.78309
308.80089
308.83286
308.87268
308.91476
308.95432
308.98621
309.00456
309.0048
308.98361
308.93819
308.86639
308.76855
308.64898
308.51695
308.3852
308.26226
308.15082
308.04874
307.95113
307.85429
307.75717
307.6616
307.57149
307.48987
307.41833
307.35745
307.30725
307.26752
307.238
307.21847
307.20874
308.59347
308.6114
308.64362
308.68386
308.72653
308.76685
308.79967
308.8191
308.82055
308.80067
308.75665
308.68634
308.59008
308.47218
308.34191
308.21206
308.09119
307.98201
307.88246
307.78768
307.69398
307.60027
307.50831
307.42191
307.34398
307.27599
307.21837
307.17105
307.13373
307.10608
307.08781
307.07873
308.37694
308.39359
308.42344
308.46056
308.49974
308.53664
308.56654
308.58396
308.58467
308.56559
308.5241
308.45809
308.36779
308.25717
308.13503
308.01359
307.90095
307.79963
307.70753
307.61992
307.53323
307.44641
307.36118
307.28118
307.20919
307.14653
307.09355
307.05011
307.01591
306.9906
306.97389
306.96558
308.13121
308.14385
308.16635
308.19389
308.22238
308.2485
308.26862
308.27836
308.27444
308.25452
308.21656
308.15881
308.08135
307.98726
307.8836
307.78043
307.68434
307.59732
307.51765
307.44149
307.36604
307.2906
307.21666
307.14737
307.085
307.03063
306.98454
306.94663
306.91669
306.89447
306.87977
306.87245
307.88465
307.88881
307.89609
307.9047
307.91266
307.91797
307.91859
307.91248
307.89794
307.8737
307.8389
307.79327
307.73742
307.67313
307.60334
307.53155
307.46056
307.39187
307.3258
307.26193
307.19991
307.13983
307.08241
307.02874
306.97983
306.9364
306.89888
306.86751
306.84239
306.82355
306.81099
306.80472
307.74523
307.74577
307.74642
307.7464
307.7447
307.74023
307.73186
307.71851
307.69932
307.67362
307.64113
307.60189
307.55644
307.50575
307.45115
307.39417
307.3362
307.2783
307.22122
307.16546
307.11143
307.05958
307.01044
306.96462
306.9227
306.88518
306.85247
306.82487
306.80258
306.78576
306.7745
306.76885
309.78773
309.78884
309.78847
309.7827
309.7685
309.74501
309.71365
309.67716
309.63797
309.59725
309.55485
309.50999
309.4623
309.41253
309.36238
309.31365
309.26655
309.21879
309.16576
309.10206
309.02426
308.93253
308.83079
308.72535
308.62242
308.52686
308.44191
308.36959
308.31103
308.26683
308.23726
308.22246
309.96574
309.97656
309.99075
309.99644
309.98548
309.95628
309.91356
309.86587
309.81939
309.77591
309.73316
309.68673
309.6342
309.57688
309.52009
309.47105
309.4329
309.40185
309.36667
309.31178
309.2273
309.11277
308.97728
308.83621
308.70183
308.58116
308.47733
308.39136
308.32326
308.27269
308.23925
308.22261
310.09917
310.11318
310.13212
310.14165
310.13176
310.10041
310.05324
310.00052
309.94976
309.90319
309.8581
309.80925
309.75372
309.6932
309.63415
309.58523
309.55008
309.52391
309.49282
309.43788
309.34689
309.21909
309.06536
308.90411
308.75027
308.61243
308.4944
308.39725
308.32076
308.26425
308.22703
308.20856
310.13512
310.14983
310.16982
310.18022
310.17057
310.13866
310.09026
310.03594
309.98351
309.93533
309.88869
309.83824
309.78106
309.71893
309.65855
309.6088
309.57331
309.54691
309.51507
309.45806
309.36318
309.22958
309.06859
308.89934
308.73751
308.59227
308.4678
308.36532
308.28466
308.22511
308.1859
308.16645
310.07091
310.0858
310.10616
310.11702
310.10792
310.07654
310.02859
309.97457
309.9222
309.8738
309.82665
309.77539
309.7171
309.65363
309.59174
309.54038
309.50327
309.4753
309.44201
309.38372
309.28773
309.15325
308.99157
308.82183
308.65967
308.51425
308.3897
308.28722
308.2066
308.1471
308.10794
308.08853
309.90478
309.91958
309.94003
309.95159
309.94405
309.91506
309.86999
309.81878
309.76869
309.72172
309.67507
309.62346
309.56408
309.49879
309.43434
309.37969
309.33882
309.30719
309.27115
309.21192
309.11738
308.98679
308.83104
308.66845
308.51385
308.37574
308.25778
308.16091
308.08479
308.02866
307.99174
307.97343
309.63353
309.64659
309.66504
309.67659
309.6725
309.65047
309.61439
309.57198
309.52864
309.48558
309.4402
309.38801
309.32679
309.25842
309.189
309.1267
309.07554
309.03249
308.98682
308.92326
308.83205
308.71271
308.5742
308.43169
308.29715
308.17726
308.07483
307.99055
307.92414
307.87504
307.84266
307.82659
309.294
309.30058
309.3107
309.31955
309.32293
309.31838
309.3053
309.28416
309.25538
309.21863
309.17287
309.11698
309.05106
308.97715
308.89916
308.8216
308.74711
308.67516
308.60218
308.52319
308.43483
308.33703
308.23318
308.12894
308.02969
307.93936
307.86035
307.79395
307.74072
307.70084
307.6743
307.66106
309.0669
309.07796
309.09721
309.1199
309.14181
309.15959
309.1701
309.17
309.15676
309.12847
309.08338
309.02006
308.93872
308.8424
308.73749
308.63251
308.53303
308.4403
308.35201
308.26405
308.17342
308.07959
307.98469
307.89263
307.80692
307.72991
307.66297
307.60682
307.5618
307.52802
307.50552
307.49427
308.88902
308.90329
308.92875
308.9602
308.99283
309.02247
309.04479
309.05507
309.04952
309.02536
308.98027
308.9126
308.82277
308.71455
308.59574
308.47659
308.36418
308.26074
308.16447
308.07136
307.97832
307.88458
307.79186
307.70363
307.62282
307.5512
307.48963
307.43842
307.3976
307.36711
307.34685
307.33674
308.71655
308.73215
308.76017
308.79521
308.83217
308.86651
308.89348
308.90789
308.90553
308.88331
308.83869
308.76995
308.67765
308.56585
308.44278
308.31927
308.20288
308.09623
307.99774
307.9035
307.81042
307.71762
307.62669
307.54093
307.46303
307.39454
307.33609
307.28777
307.24947
307.22096
307.20208
307.19268
308.52977
308.5455
308.57377
308.60922
308.64675
308.68184
308.70971
308.72517
308.724
308.70305
308.65981
308.59253
308.50178
308.3916
308.27028
308.14863
308.03426
307.92984
307.83382
307.74233
307.65228
307.56278
307.47534
307.39315
307.31881
307.25373
307.19841
307.15286
307.11686
307.09015
307.07249
307.0637
308.31865
308.33321
308.35933
308.39193
308.42629
308.45828
308.48353
308.4972
308.49542
308.47531
308.4345
308.3713
308.28615
308.18281
308.06911
307.95536
307.84876
307.75177
307.66284
307.57817
307.49479
307.41184
307.33079
307.25468
307.18598
307.12596
307.07506
307.03322
307.0002
306.97573
306.95955
306.95151
308.08206
308.09301
308.1125
308.13643
308.1611
308.18334
308.19976
308.20654
308.20067
308.17994
308.14251
308.08701
308.0137
307.92551
307.82873
307.7318
307.64056
307.55696
307.47976
307.40593
307.33315
307.26084
307.19033
307.1242
307.06449
307.01225
306.96783
306.9312
306.90221
306.88067
306.8664
306.8593
307.84788
307.85143
307.85761
307.86481
307.87121
307.87495
307.87414
307.86693
307.85174
307.8274
307.79315
307.74878
307.6949
307.63316
307.56625
307.4973
307.42888
307.36241
307.29828
307.23622
307.17598
307.11772
307.0621
307.01012
306.9627
306.92055
306.88409
306.85356
306.82909
306.81072
306.79848
306.79236
307.71523
307.71553
307.71574
307.71514
307.7128
307.70769
307.69877
307.68504
307.66569
307.64013
307.60808
307.56962
307.52524
307.47588
307.42278
307.36736
307.31093
307.25451
307.19884
307.14442
307.09167
307.04105
306.99308
306.94834
306.9074
306.87075
306.83878
306.81178
306.78997
306.77351
306.76248
306.75695
309.71029
309.71086
309.70971
309.70337
309.68916
309.6663
309.63604
309.6008
309.56277
309.52301
309.48146
309.43746
309.39074
309.34198
309.29269
309.24444
309.19738
309.14946
309.09656
309.03393
308.95857
308.87069
308.77387
308.67379
308.57613
308.48539
308.40462
308.33577
308.27994
308.23775
308.20951
308.19536
309.87147
309.88039
309.89174
309.89528
309.8839
309.85613
309.81606
309.77104
309.7265
309.68408
309.64194
309.59636
309.54531
309.49
309.43508
309.38671
309.34748
309.31397
309.27628
309.22099
309.13948
309.03141
308.90482
308.77312
308.64732
308.53393
308.43604
308.35474
308.29018
308.24215
308.21034
308.1945
309.99236
310.00408
310.0196
310.02651
310.01607
309.98637
309.94234
309.89279
309.84436
309.79908
309.75473
309.70687
309.65307
309.59487
309.53792
309.48961
309.45298
309.42367
309.38942
309.33384
309.24629
309.12614
308.98302
308.83301
308.68949
308.56043
308.44952
308.35794
308.28565
308.23214
308.19684
308.1793
310.02246
310.03481
310.05126
310.05895
310.0487
310.0185
309.97334
309.92233
309.87234
309.82556
309.77975
309.7304
309.67504
309.61533
309.55712
309.50799
309.47097
309.44135
309.4063
309.34873
309.25753
309.13203
308.98222
308.82484
308.67396
308.53808
308.42122
308.32472
308.24856
308.19222
308.15507
308.13663
309.95805
309.97057
309.98735
309.99548
309.98574
309.95603
309.91128
309.86053
309.81059
309.7636
309.7173
309.66716
309.61076
309.54977
309.49013
309.43948
309.40092
309.36982
309.33339
309.2746
309.18236
309.05601
308.90555
308.7477
308.59651
308.46045
308.34352
308.24701
308.17089
308.1146
308.0775
308.05909
309.79738
309.80983
309.82673
309.83553
309.82725
309.79975
309.75763
309.70946
309.6616
309.61592
309.57006
309.5196
309.46215
309.39946
309.33742
309.28372
309.2417
309.20724
309.16832
309.10868
309.01777
308.89499
308.74995
308.59866
308.45442
308.32509
308.21424
308.12293
308.05099
307.99783
307.96281
307.94542
309.53845
309.54944
309.56471
309.57365
309.5686
309.54742
309.51344
309.47323
309.43153
309.38944
309.34478
309.29379
309.23462
309.169
309.10231
309.04156
308.99019
308.94546
308.89795
308.83452
308.74669
308.63409
308.50465
308.37158
308.24562
308.13297
308.03639
307.95667
307.8937
307.84705
307.81624
307.80093
309.21677
309.22234
309.23079
309.23784
309.23971
309.23416
309.22057
309.19933
309.17074
309.13452
309.08976
309.03553
308.97199
308.901
308.82609
308.75128
308.67894
308.60861
308.53718
308.46034
308.37515
308.28161
308.18282
308.08386
307.98962
307.90376
307.82854
307.76522
307.71439
307.67626
307.65087
307.63818
308.99561
309.00521
309.02187
309.04141
309.05999
309.07452
309.08211
309.07976
309.06517
309.03658
308.99242
308.9315
308.85413
308.76311
308.66418
308.56478
308.4699
308.38076
308.29544
308.21046
308.12326
308.03343
307.9429
307.85516
307.7734
307.69982
307.63576
307.58195
307.53874
307.50629
307.48465
307.47383
308.81947
308.83199
308.85431
308.88185
308.91021
308.93556
308.95391
308.96102
308.95346
308.92866
308.88453
308.81968
308.73463
308.63286
308.52135
308.40911
308.30249
308.2036
308.11102
308.02138
307.93205
307.84239
307.75398
307.66986
307.59272
307.52421
307.4652
307.41602
307.37676
307.3474
307.32787
307.31813
308.64851
308.66227
308.68695
308.71779
308.75015
308.77985
308.8025
308.81344
308.80886
308.78588
308.74223
308.67648
308.58922
308.48423
308.3689
308.25274
308.14254
308.04079
307.94626
307.85567
307.76639
307.67771
307.59106
307.50934
307.435
307.36949
307.31345
307.26704
307.23017
307.20271
307.18449
307.17541
308.46467
308.47855
308.50349
308.53473
308.56765
308.59807
308.62161
308.63357
308.63014
308.6084
308.5661
308.50178
308.41604
308.31265
308.19902
308.08469
307.97647
307.8769
307.78478
307.69686
307.61052
307.52502
307.44173
307.36344
307.2925
307.23026
307.17722
307.13346
307.09881
307.07306
307.05601
307.04753
308.2591
308.27192
308.29491
308.32357
308.35363
308.38126
308.40244
308.41285
308.40894
308.38807
308.3481
308.28763
308.20715
308.11015
308.00365
307.89672
307.79581
307.70325
307.61782
307.53637
307.45635
307.37706
307.29981
307.22728
307.16169
307.10425
307.05541
307.01517
306.98335
306.95973
306.9441
306.93632
308.0317
308.04126
308.05826
308.07909
308.10039
308.11921
308.13245
308.13667
308.12915
308.10784
308.0711
308.01777
307.94819
307.86511
307.77414
307.68269
307.59599
307.51591
307.44149
307.37023
307.30015
307.2308
307.16337
307.10014
307.04293
306.99276
306.95
306.91466
306.88664
306.86578
306.85196
306.84507
307.8095
307.81251
307.81767
307.82355
307.82847
307.83073
307.82859
307.82035
307.80458
307.7802
307.74653
307.70341
307.65143
307.59213
307.52795
307.46175
307.39587
307.33166
307.26955
307.20937
307.15097
307.09453
307.04069
306.99037
306.94445
306.90358
306.86819
306.83853
306.81473
306.79685
306.78492
306.77896
307.6836
307.68368
307.68346
307.68229
307.67931
307.67357
307.6641
307.65
307.6305
307.60509
307.5735
307.53583
307.49255
307.44453
307.39294
307.3391
307.28425
307.22935
307.17513
307.1221
307.07067
307.02132
306.97454
306.93092
306.89099
306.85522
306.82401
306.79764
306.77633
306.76023
306.74945
306.74404
309.63285
309.63288
309.63094
309.62403
309.60981
309.58758
309.55841
309.52443
309.48756
309.44877
309.40807
309.36493
309.31917
309.27141
309.22299
309.17522
309.12821
309.08012
309.02735
308.96579
308.89287
308.80885
308.71694
308.62222
308.52983
308.44391
308.36733
308.30194
308.24884
308.20867
308.18175
308.16826
309.7772
309.78423
309.79273
309.79415
309.78234
309.756
309.71857
309.67621
309.6336
309.59227
309.55072
309.50599
309.45642
309.40312
309.35007
309.30236
309.26207
309.2261
309.18592
309.13022
309.05168
308.95007
308.83237
308.71002
308.59279
308.4867
308.39474
308.31811
308.25709
308.2116
308.18142
308.16638
309.88555
309.89498
309.90708
309.9114
309.90038
309.87236
309.83144
309.78507
309.73895
309.69497
309.65135
309.6045
309.55242
309.49654
309.44169
309.39399
309.35589
309.32344
309.28603
309.22982
309.1457
309.03321
308.90069
308.76191
308.62871
308.50842
308.40463
308.31863
308.25053
308.20001
308.16663
308.15003
309.9098
309.91979
309.93271
309.9377
309.92686
309.89836
309.85642
309.80871
309.76118
309.71581
309.67082
309.62256
309.56903
309.51173
309.45569
309.40718
309.36863
309.3358
309.29755
309.23942
309.15191
309.03449
308.89585
308.75034
308.61041
308.48388
308.37463
308.2841
308.21245
308.15932
308.12423
308.1068
309.84519
309.85534
309.86856
309.87396
309.86358
309.83553
309.79397
309.74649
309.69899
309.65341
309.60795
309.55895
309.50442
309.44592
309.38853
309.33858
309.29858
309.26434
309.2248
309.16551
309.07702
308.95879
308.81953
308.67357
308.53335
308.40664
308.29732
308.20679
308.13517
308.08209
308.04705
308.02964
309.68997
309.70008
309.71345
309.7195
309.71047
309.68444
309.64528
309.60014
309.55452
309.51013
309.46507
309.41574
309.36024
309.30013
309.24051
309.18775
309.14458
309.10731
309.06551
309.00547
308.91819
308.80321
308.66887
308.52888
308.39499
308.27444
308.1707
308.08494
308.01717
307.96698
307.93386
307.91741
309.44337
309.45229
309.46438
309.47073
309.4647
309.44438
309.4125
309.37449
309.33442
309.29331
309.24937
309.19957
309.14245
309.07958
309.01562
308.95642
308.90485
308.85844
308.8091
308.7458
308.66135
308.55549
308.43512
308.31148
308.19409
308.08867
307.99793
307.92278
307.86325
307.81905
307.78982
307.77528
309.13953
309.1441
309.15087
309.15612
309.15648
309.14993
309.13585
309.11449
309.08609
309.0504
309.00665
308.95408
308.89291
308.82484
308.75302
308.68096
308.61075
308.54205
308.47219
308.39748
308.31546
308.22619
308.13246
308.03877
307.94955
307.86815
307.79673
307.73649
307.68806
307.65168
307.62742
307.6153
308.92431
308.93245
308.94653
308.96291
308.97817
308.98945
308.99412
308.98952
308.97358
308.94469
308.90147
308.84296
308.76955
308.68383
308.59086
308.49704
308.40676
308.32121
308.23887
308.15687
308.0731
307.98727
307.90111
307.81768
307.73987
307.66973
307.60855
307.55707
307.51567
307.48454
307.46377
307.45337
308.74991
308.76069
308.77988
308.80349
308.8276
308.84865
308.86304
308.86699
308.85742
308.83197
308.7888
308.72679
308.64651
308.55117
308.44696
308.34163
308.24079
308.14646
308.05757
307.9714
307.88577
307.8002
307.71608
307.63609
307.56261
307.49722
307.44076
307.39361
307.35592
307.32769
307.30889
307.29951
308.58046
308.59237
308.61372
308.64037
308.66814
308.69318
308.71152
308.71901
308.7122
308.68846
308.64579
308.58301
308.5008
308.40262
308.29501
308.1862
308.0822
307.98535
307.89477
307.80784
307.72237
307.6378
307.55543
307.47775
307.40696
307.34443
307.2908
307.24629
307.21087
307.18444
307.1669
307.15815
308.39956
308.4116
308.4332
308.46024
308.48856
308.51431
308.53351
308.54199
308.53629
308.51377
308.47242
308.41103
308.33031
308.23369
308.12776
308.02074
307.91868
307.82395
307.73573
307.65139
307.56876
307.48726
307.40811
307.33372
307.26619
307.20678
307.15603
307.11405
307.08075
307.05596
307.03953
307.03135
308.19955
308.21063
308.23048
308.25521
308.28097
308.30424
308.32137
308.32851
308.32248
308.30084
308.26172
308.20397
308.12816
308.0375
307.9382
307.83808
307.74285
307.65472
307.57281
307.49458
307.41792
307.34228
307.26884
307.19988
307.13739
307.08253
307.03574
306.99711
306.96649
306.94372
306.92864
306.92113
307.98133
307.98952
308.00403
308.02175
308.03968
308.05508
308.06514
308.06681
308.05764
308.03575
307.99969
307.94854
307.8827
307.80472
307.71955
307.63358
307.55142
307.47485
307.40322
307.33452
307.26715
307.20076
307.13641
307.07607
307.02137
306.97327
306.93216
306.89811
306.87106
306.85089
306.83751
306.83084
307.77112
307.77357
307.77773
307.78228
307.78573
307.78651
307.78303
307.77377
307.75741
307.73299
307.69991
307.65804
307.60796
307.5511
307.48965
307.42619
307.36285
307.3009
307.24081
307.18251
307.12595
307.07133
307.01927
306.97062
306.92619
306.8866
306.85229
306.82349
306.80036
306.78297
306.77136
306.76556
307.65197
307.65181
307.65117
307.64942
307.6458
307.63943
307.62942
307.61494
307.59531
307.57004
307.53892
307.50204
307.45985
307.41317
307.36309
307.31084
307.25756
307.20419
307.15142
307.09977
307.04967
307.00158
306.956
306.91349
306.87457
306.83969
306.80923
306.78348
306.76267
306.74694
306.7364
306.73112
309.32126
309.31968
309.31544
309.3069
309.29281
309.27279
309.24744
309.21798
309.18551
309.15066
309.11353
309.07395
309.03191
308.9878
308.94242
308.89651
308.85014
308.80234
308.75123
308.69471
308.63156
308.56219
308.48866
308.41415
308.34192
308.27469
308.21451
308.16281
308.12058
308.08846
308.06684
308.05598
309.40494
309.40706
309.40835
309.40421
309.39136
309.36908
309.33922
309.30513
309.26939
309.23293
309.19509
309.15442
309.11013
309.06292
309.01495
308.96893
308.92597
308.88438
308.83961
308.78573
308.71899
308.63952
308.55141
308.46125
308.37477
308.29581
308.22653
308.16807
308.12099
308.08555
308.06188
308.05004
309.46516
309.46858
309.47177
309.46916
309.45666
309.43336
309.40148
309.36502
309.32714
309.28899
309.24974
309.20762
309.1617
309.11281
309.06359
309.0173
308.97519
308.93509
308.89131
308.83653
308.76604
308.67984
308.58279
308.48272
308.38657
308.29893
308.22232
308.15796
308.10637
308.06769
308.04194
308.02908
309.46641
309.47012
309.47375
309.47148
309.45904
309.43542
309.40288
309.36557
309.32675
309.28763
309.2474
309.20427
309.15728
309.10732
309.05715
309.01008
308.96735
308.92665
308.88196
308.82564
308.75275
308.66327
308.56225
308.45786
308.35741
308.26574
308.18558
308.11827
308.06433
308.02392
307.99703
307.9836
309.40102
309.40485
309.40868
309.40668
309.39453
309.37119
309.33888
309.30168
309.26284
309.22352
309.18289
309.13916
309.0914
309.04052
308.98932
308.94115
308.89732
308.85554
308.80986
308.75264
308.67898
308.58888
308.48737
308.38263
308.28193
308.19012
308.1099
308.04257
307.98865
307.94828
307.92142
307.90801
309.26728
309.27115
309.27517
309.27368
309.26246
309.24043
309.20962
309.17387
309.13617
309.09754
309.0571
309.01308
308.96458
308.91256
308.85982
308.8098
308.76394
308.72025
308.67319
308.61554
308.54264
308.45455
308.35609
308.25507
308.15837
308.0705
307.99389
307.9297
307.87835
307.83991
307.81435
307.80159
309.06811
309.07145
309.07503
309.07404
309.06484
309.04633
309.0199
308.9884
308.95403
308.9174
308.87764
308.83327
308.78365
308.72976
308.6742
308.62019
308.56934
308.5204
308.46912
308.40978
308.33875
308.25617
308.16607
308.07491
307.98826
307.90975
307.84133
307.78393
307.73792
307.70343
307.68045
307.66898
308.82945
308.8307
308.83187
308.83086
308.82576
308.81534
308.79914
308.77722
308.74966
308.71631
308.67681
308.63085
308.57867
308.52137
308.46083
308.39912
308.33754
308.27611
308.21356
308.14814
308.07876
308.00572
307.93087
307.857
307.78689
307.72277
307.66617
307.61811
307.57918
307.54977
307.53007
307.5202
308.63834
308.64173
308.64727
308.65288
308.65656
308.65656
308.65127
308.6391
308.61883
308.5895
308.55039
308.50106
308.44189
308.37449
308.30185
308.22763
308.15448
308.08332
308.01363
307.94414
307.87398
307.80329
307.7333
307.66595
307.60313
307.54628
307.49639
307.45413
307.41994
307.39409
307.37678
307.3681
308.47136
308.47637
308.48504
308.49509
308.50418
308.51015
308.5108
308.50388
308.48755
308.46042
308.42149
308.37024
308.30715
308.23421
308.15505
308.07415
307.99486
307.91863
307.84521
307.77345
307.7025
307.63236
307.56407
307.49932
307.43968
307.38627
307.33979
307.30068
307.26918
307.24546
307.2296
307.22166
308.30816
308.3139
308.32398
308.336
308.34749
308.35608
308.35935
308.35481
308.3404
308.31458
308.27621
308.22476
308.16078
308.08641
308.00549
307.92279
307.84191
307.76449
307.69043
307.61864
307.54826
307.47926
307.41259
307.34982
307.29241
307.24131
307.19711
307.16009
307.1304
307.1081
307.09323
307.08579
308.13914
308.145
308.15532
308.16771
308.17969
308.18892
308.19295
308.1893
308.17588
308.15114
308.11396
308.06378
308.00115
307.92822
307.84885
307.7678
307.6887
307.61321
307.54125
307.47174
307.4038
307.33739
307.27341
307.21337
307.15863
307.11009
307.06823
307.03327
307.00531
306.98435
306.97039
306.96342
307.96133
307.96666
307.97599
307.98709
307.99768
308.0056
308.00863
308.00447
307.99122
307.96744
307.93211
307.88467
307.82563
307.75698
307.68235
307.60628
307.53218
307.4616
307.39442
307.32958
307.26623
307.20432
307.1447
307.08883
307.03796
306.99292
306.95413
306.92178
306.89593
306.87657
306.86368
306.85724
307.77927
307.78294
307.78921
307.7963
307.80242
307.8059
307.80501
307.79796
307.78326
307.75983
307.72687
307.68397
307.6315
307.57107
307.50561
307.43882
307.37349
307.31092
307.25104
307.19307
307.1364
307.08109
307.02791
306.9781
306.93275
306.89255
306.85786
306.82887
306.80566
306.78824
306.77663
306.77083
307.61474
307.61519
307.61564
307.61531
307.61327
307.60855
307.60015
307.58713
307.56871
307.5443
307.51361
307.47663
307.43381
307.3861
307.33491
307.28187
307.22839
307.17544
307.12351
307.07284
307.0236
306.97615
306.931
306.88882
306.85021
306.81569
306.78563
306.76028
306.73982
306.72439
306.71407
306.70889
307.52194
307.52089
307.51858
307.51463
307.50852
307.49971
307.48761
307.4717
307.45157
307.42692
307.39767
307.36394
307.32609
307.28472
307.24059
307.19461
307.14761
307.10034
307.05341
307.00733
306.96256
306.91954
306.87876
306.84069
306.80579
306.77446
306.74705
306.72382
306.70501
306.69076
306.6812
306.6764
308.98469
308.98139
308.97469
308.96442
308.95047
308.93282
308.91159
308.88699
308.85927
308.82867
308.79541
308.75967
308.72163
308.68147
308.63936
308.59545
308.54978
308.50233
308.45305
308.40198
308.34938
308.29579
308.24208
308.18937
308.13886
308.0918
308.04931
308.0124
307.9819
307.95846
307.94256
307.93454
309.00305
308.99997
308.99357
308.98352
308.96955
308.95161
308.92985
308.90462
308.87627
308.84509
308.81129
308.77501
308.73641
308.69571
308.65316
308.60896
308.56316
308.51562
308.46604
308.41421
308.36019
308.30452
308.24822
308.19265
308.13929
308.08957
308.04475
308.00588
307.97384
307.94925
307.93261
307.92421
309.01138
309.00838
309.00209
308.99208
308.97801
308.95976
308.93754
308.91172
308.88271
308.85085
308.81636
308.77938
308.74007
308.69868
308.65548
308.61067
308.56428
308.51605
308.46556
308.41244
308.35664
308.29872
308.23978
308.18134
308.12509
308.07261
308.0253
307.9843
307.95051
307.92462
307.9071
307.89827
308.9878
308.98482
308.97856
308.96855
308.9544
308.93599
308.91351
308.88734
308.85791
308.82555
308.79051
308.75292
308.71296
308.67088
308.62697
308.58142
308.53425
308.48517
308.43371
308.37944
308.32233
308.26289
308.2023
308.14214
308.08418
308.03008
307.9813
307.93903
307.90421
307.87752
307.85948
307.85038
308.92159
308.91866
308.91249
308.90259
308.88856
308.87027
308.84785
308.82167
308.79214
308.75959
308.72422
308.68621
308.64572
308.60302
308.55841
308.51214
308.46424
308.41444
308.36231
308.30743
308.24979
308.18992
308.12898
308.06856
308.01042
307.95621
307.90737
307.86508
307.83027
307.8036
307.78557
307.77648
308.81104
308.80823
308.8023
308.79276
308.7792
308.76143
308.73955
308.71385
308.68467
308.65228
308.61688
308.5786
308.53764
308.49429
308.44891
308.40181
308.3531
308.30263
308.25005
308.19508
308.13771
308.07852
308.01861
307.95951
307.90285
307.85017
307.80283
307.76191
307.72826
307.70251
307.68511
307.67635
308.66301
308.6604
308.6549
308.64606
308.63346
308.61687
308.59624
308.57171
308.54347
308.51169
308.47648
308.43799
308.39645
308.35219
308.30564
308.25722
308.20719
308.15561
308.10238
308.04742
307.99087
307.93332
307.87576
307.8195
307.76595
307.71643
307.67207
307.63382
307.60241
307.57839
307.56218
307.554
308.49456
308.49223
308.48738
308.47965
308.46867
308.45407
308.43559
308.41306
308.3864
308.35559
308.32069
308.28185
308.23937
308.19367
308.14528
308.09472
308.04247
307.9889
307.93429
307.87891
307.82316
307.76764
307.71313
307.66061
307.61111
307.56562
307.52502
307.49009
307.46144
307.43955
307.42477
307.41732
308.32948
308.32777
308.32414
308.31818
308.30939
308.29725
308.28126
308.26097
308.23604
308.20626
308.17159
308.13216
308.08833
308.04064
307.98983
307.93671
307.88202
307.82641
307.77038
307.7144
307.65894
307.60458
307.552
307.50199
307.45533
307.41281
307.37509
307.34279
307.31638
307.29624
307.28267
307.27583
308.17053
308.16934
308.16671
308.16217
308.1551
308.14484
308.13071
308.1121
308.08851
308.05961
308.02527
307.98561
307.94102
307.89218
307.83996
307.78535
307.72929
307.67258
307.61587
307.5597
307.50459
307.45109
307.39984
307.35152
307.30679
307.2663
307.23059
307.20015
307.17535
307.15649
307.1438
307.13742
308.01407
308.01319
308.01115
308.00745
308.00141
307.9923
307.97935
307.96188
307.93931
307.91126
307.87755
307.83831
307.79395
307.74519
307.69298
307.63838
307.58242
307.52598
307.46976
307.41434
307.36025
307.30802
307.25825
307.21157
307.16857
307.12981
307.09576
307.06683
307.04332
307.02549
307.01351
307.00749
307.85789
307.85712
307.85531
307.85193
307.84634
307.83778
307.8255
307.80879
307.78709
307.75998
307.72732
307.68921
307.64607
307.59862
307.5478
307.4947
307.44035
307.38562
307.33123
307.27774
307.22567
307.17553
307.12788
307.0833
307.04235
307.00552
306.97325
306.94587
306.92367
306.90685
306.89556
306.88989
307.70405
307.70319
307.70122
307.69766
307.69193
307.68333
307.6712
307.65489
307.63388
307.60782
307.57658
307.54027
307.49928
307.45429
307.40619
307.35599
307.30466
307.25303
307.20176
307.1514
307.10241
307.0553
307.01058
306.96879
306.93044
306.896
306.86584
306.84028
306.81957
306.80388
306.79335
306.78807
307.56101
307.55982
307.55724
307.5529
307.54632
307.53697
307.52433
307.50789
307.48726
307.46219
307.43258
307.39856
307.36049
307.31893
307.27465
307.2285
307.18132
307.13384
307.08666
307.04028
306.99517
306.9518
306.91064
306.87219
306.83691
306.80522
306.77746
306.75394
306.73487
306.72042
306.71072
306.70585
307.44573
307.44403
307.44049
307.4349
307.42695
307.41629
307.40258
307.38552
307.36487
307.34049
307.31238
307.28069
307.24569
307.20785
307.16771
307.1259
307.08307
307.03982
306.99672
306.95427
306.91295
306.87322
306.83554
306.80033
306.76801
306.73896
306.71348
306.69185
306.67429
306.66097
306.65203
306.64753
307.38136
307.37935
307.37525
307.3689
307.36012
307.34867
307.33432
307.31687
307.2962
307.27223
307.24501
307.21468
307.18151
307.14585
307.10816
307.06893
307.02872
306.98803
306.94741
306.90735
306.86833
306.83079
306.79519
306.76191
306.73135
306.70386
306.67973
306.65922
306.64257
306.62992
306.62142
306.61715
