# vtk DataFile Version 3.0
HBM2 temperature
ASCII
DATASET STRUCTURED_POINTS
DIMENSIONS 64 16 29
ORIGIN 0 0 0
SPACING 0.00025 0.00075 1
POINT_DATA 29696
SCALARS temperature_K float 1
LOOKUP_TABLE default
341.8924
341.47251
340.64039
339.42441
337.92186
336.42982
335.04254
333.78258
332.65002
331.63752
330.73547
329.93406
329.22416
328.59771
328.04785
327.56893
327.15643
326.80699
326.51823
326.28881
326.11832
326.0073
325.95722
325.97046
326.05029
326.20078
326.42659
326.73253
327.12266
327.59825
328.15278
328.75728
329.31205
329.51746
329.28157
328.60392
327.57559
326.49526
325.46171
324.50291
323.62432
322.82355
322.0953
321.4334
320.8317
320.28444
319.78645
319.33319
318.92069
318.54559
318.20496
317.89635
317.61766
317.36713
317.14325
316.94476
316.77062
316.61995
316.49203
316.38626
316.30218
316.23942
316.19773
316.17692
341.8924
341.47251
340.64039
339.42441
337.92186
336.42982
335.04254
333.78258
332.65002
331.63752
330.73547
329.93406
329.22416
328.59771
328.04785
327.56893
327.15643
326.80699
326.51823
326.28881
326.11832
326.0073
325.95722
325.97046
326.05029
326.20078
326.42659
326.73253
327.12266
327.59825
328.15278
328.75728
329.31205
329.51746
329.28157
328.60392
327.57559
326.49526
325.46171
324.50291
323.62432
322.82355
322.0953
321.4334
320.8317
320.28444
319.78645
319.33319
318.92069
318.54559
318.20496
317.89635
317.61766
317.36713
317.14325
316.94476
316.77062
316.61995
316.49203
316.38626
316.30218
316.23942
316.19773
316.17692
341.8924
341.47251
340.64039
339.42441
337.92186
336.42982
335.04254
333.78258
332.65002
331.63752
330.73547
329.93406
329.22416
328.59771
328.04785
327.56893
327.15643
326.80699
326.51823
326.28881
326.11832
326.0073
325.95722
325.97046
326.05029
326.20078
326.42659
326.73253
327.12266
327.59825
328.15278
328.75728
329.31205
329.51746
329.28157
328.60392
327.57559
326.49526
325.46171
324.50291
323.62432
322.82355
322.0953
321.4334
320.8317
320.28444
319.78645
319.33319
318.92069
318.54559
318.20496
317.89635
317.61766
317.36713
317.14325
316.94476
316.77062
316.61995
316.49203
316.38626
316.30218
316.23942
316.19773
316.17692
341.8924
341.47251
340.64039
339.42441
337.92186
336.42982
335.04254
333.78258
332.65002
331.63752
330.73547
329.93406
329.22416
328.59771
328.04785
327.56893
327.15643
326.80699
326.51823
326.28881
326.11832
326.0073
325.95722
325.97046
326.05029
326.20078
326.42659
326.73253
327.12266
327.59825
328.15278
328.75728
329.31205
329.51746
329.28157
328.60392
327.57559
326.49526
325.46171
324.50291
323.62432
322.82355
322.0953
321.4334
320.8317
320.28444
319.78645
319.33319
318.92069
318.54559
318.20496
317.89635
317.61766
317.36713
317.14325
316.94476
316.77062
316.61995
316.49203
316.38626
316.30218
316.23942
316.19773
316.17692
341.8924
341.47251
340.64039
339.42441
337.92186
336.42982
335.04254
333.78258
332.65002
331.63752
330.73547
329.93406
329.22416
328.59771
328.04785
327.56893
327.15643
326.80699
326.51823
326.28881
326.11832
326.0073
325.95722
325.97046
326.05029
326.20078
326.42659
326.73253
327.12266
327.59825
328.15278
328.75728
329.31205
329.51746
329.28157
328.60392
327.57559
326.49526
325.46171
324.50291
323.62432
322.82355
322.0953
321.4334
320.8317
320.28444
319.78645
319.33319
318.92069
318.54559
318.20496
317.89635
317.61766
317.36713
317.14325
316.94476
316.77062
316.61995
316.49203
316.38626
316.30218
316.23942
316.19773
316.17692
341.8924
341.47251
340.64039
339.42441
337.92186
336.42982
335.04254
333.78258
332.65002
331.63752
330.73547
329.93406
329.22416
328.59771
328.04785
327.56893
327.15643
326.80699
326.51823
326.28881
326.11832
326.0073
325.95722
325.97046
326.05029
326.20078
326.42659
326.73253
327.12266
327.59825
328.15278
328.75728
329.31205
329.51746
329.28157
328.60392
327.57559
326.49526
325.46171
324.50291
323.62432
322.82355
322.0953
321.4334
320.8317
320.28444
319.78645
319.33319
318.92069
318.54559
318.20496
317.89635
317.61766
317.36713
317.14325
316.94476
316.77062
316.61995
316.49203
316.38626
316.30218
316.23942
316.19773
316.17692
341.8924
341.47251
340.64039
339.42441
337.92186
336.42982
335.04254
333.78258
332.65002
331.63752
330.73547
329.93406
329.22416
328.59771
328.04785
327.56893
327.15643
326.80699
326.51823
326.28881
326.11832
326.0073
325.95722
325.97046
326.05029
326.20078
326.42659
326.73253
327.12266
327.59825
328.15278
328.75728
329.31205
329.51746
329.28157
328.60392
327.57559
326.49526
325.46171
324.50291
323.62432
322.82355
322.0953
321.4334
320.8317
320.28444
319.78645
319.33319
318.92069
318.54559
318.20496
317.89635
317.61766
317.36713
317.14325
316.94476
316.77062
316.61995
316.49203
316.38626
316.30218
316.23942
316.19773
316.17692
341.8924
341.47251
340.64039
339.42441
337.92186
336.42982
335.04254
333.78258
332.65002
331.63752
330.73547
329.93406
329.22416
328.59771
328.04785
327.56893
327.15643
326.80699
326.51823
326.28881
326.11832
326.0073
325.95722
325.97046
326.05029
326.20078
326.42659
326.73253
327.12266
327.59825
328.15278
328.75728
329.31205
329.51746
329.28157
328.60392
327.57559
326.49526
325.46171
324.50291
323.62432
322.82355
322.0953
321.4334
320.8317
320.28444
319.78645
319.33319
318.92069
318.54559
318.20496
317.89635
317.61766
317.36713
317.14325
316.94476
316.77062
316.61995
316.49203
316.38626
316.30218
316.23942
316.19773
316.17692
341.8924
341.47251
340.64039
339.42441
337.92186
336.42982
335.04254
333.78258
332.65002
331.63752
330.73547
329.93406
329.22416
328.59771
328.04785
327.56893
327.15643
326.80699
326.51823
326.28881
326.11832
326.0073
325.95722
325.97046
326.05029
326.20078
326.42659
326.73253
327.12266
327.59825
328.15278
328.75728
329.31205
329.51746
329.28157
328.60392
327.57559
326.49526
325.46171
324.50291
323.62432
322.82355
322.0953
321.4334
320.8317
320.28444
319.78645
319.33319
318.92069
318.54559
318.20496
317.89635
317.61766
317.36713
317.14325
316.94476
316.77062
316.61995
316.49203
316.38626
316.30218
316.23942
316.19773
316.17692
341.8924
341.47251
340.64039
339.42441
337.92186
336.42982
335.04254
333.78258
332.65002
331.63752
330.73547
329.93406
329.22416
328.59771
328.04785
327.56893
327.15643
326.80699
326.51823
326.28881
326.11832
326.0073
325.95722
325.97046
326.05029
326.20078
326.42659
326.73253
327.12266
327.59825
328.15278
328.75728
329.31205
329.51746
329.28157
328.60392
327.57559
326.49526
325.46171
324.50291
323.62432
322.82355
322.0953
321.4334
320.8317
320.28444
319.78645
319.33319
318.92069
318.54559
318.20496
317.89635
317.61766
317.36713
317.14325
316.94476
316.77062
316.61995
316.49203
316.38626
316.30218
316.23942
316.19773
316.17692
341.8924
341.47251
340.64039
339.42441
337.92186
336.42982
335.04254
333.78258
332.65002
331.63752
330.73547
329.93406
329.22416
328.59771
328.04785
327.56893
327.15643
326.80699
326.51823
326.28881
326.11832
326.0073
325.95722
325.97046
326.05029
326.20078
326.42659
326.73253
327.12266
327.59825
328.15278
328.75728
329.31205
329.51746
329.28157
328.60392
327.57559
326.49526
325.46171
324.50291
323.62432
322.82355
322.0953
321.4334
320.8317
320.28444
319.78645
319.33319
318.92069
318.54559
318.20496
317.89635
317.61766
317.36713
317.14325
316.94476
316.77062
316.61995
316.49203
316.38626
316.30218
316.23942
316.19773
316.17692
341.8924
341.47251
340.64039
339.42441
337.92186
336.42982
335.04254
333.78258
332.65002
331.63752
330.73547
329.93406
329.22416
328.59771
328.04785
327.56893
327.15643
326.80699
326.51823
326.28881
326.11832
326.0073
325.95722
325.97046
326.05029
326.20078
326.42659
326.73253
327.12266
327.59825
328.15278
328.75728
329.31205
329.51746
329.28157
328.60392
327.57559
326.49526
325.46171
324.50291
323.62432
322.82355
322.0953
321.4334
320.8317
320.28444
319.78645
319.33319
318.92069
318.54559
318.20496
317.89635
317.61766
317.36713
317.14325
316.94476
316.77062
316.61995
316.49203
316.38626
316.30218
316.23942
316.19773
316.17692
341.8924
341.47251
340.64039
339.42441
337.92186
336.42982
335.04254
333.78258
332.65002
331.63752
330.73547
329.93406
329.22416
328.59771
328.04785
327.56893
327.15643
326.80699
326.51823
326.28881
326.11832
326.0073
325.95722
325.97046
326.05029
326.20078
326.42659
326.73253
327.12266
327.59825
328.15278
328.75728
329.31205
329.51746
329.28157
328.60392
327.57559
326.49526
325.46171
324.50291
323.62432
322.82355
322.0953
321.4334
320.8317
320.28444
319.78645
319.33319
318.92069
318.54559
318.20496
317.89635
317.61766
317.36713
317.14325
316.94476
316.77062
316.61995
316.49203
316.38626
316.30218
316.23942
316.19773
316.17692
341.8924
341.47251
340.64039
339.42441
337.92186
336.42982
335.04254
333.78258
332.65002
331.63752
330.73547
329.93406
329.22416
328.59771
328.04785
327.56893
327.15643
326.80699
326.51823
326.28881
326.11832
326.0073
325.95722
325.97046
326.05029
326.20078
326.42659
326.73253
327.12266
327.59825
328.15278
328.75728
329.31205
329.51746
329.28157
328.60392
327.57559
326.49526
325.46171
324.50291
323.62432
322.82355
322.0953
321.4334
320.8317
320.28444
319.78645
319.33319
318.92069
318.54559
318.20496
317.89635
317.61766
317.36713
317.14325
316.94476
316.77062
316.61995
316.49203
316.38626
316.30218
316.23942
316.19773
316.17692
341.8924
341.47251
340.64039
339.42441
337.92186
336.42982
335.04254
333.78258
332.65002
331.63752
330.73547
329.93406
329.22416
328.59771
328.04785
327.56893
327.15643
326.80699
326.51823
326.28881
326.11832
326.0073
325.95722
325.97046
326.05029
326.20078
326.42659
326.73253
327.12266
327.59825
328.15278
328.75728
329.31205
329.51746
329.28157
328.60392
327.57559
326.49526
325.46171
324.50291
323.62432
322.82355
322.0953
321.4334
320.8317
320.28444
319.78645
319.33319
318.92069
318.54559
318.20496
317.89635
317.61766
317.36713
317.14325
316.94476
316.77062
316.61995
316.49203
316.38626
316.30218
316.23942
316.19773
316.17692
341.8924
341.47251
340.64039
339.42441
337.92186
336.42982
335.04254
333.78258
332.65002
331.63752
330.73547
329.93406
329.22416
328.59771
328.04785
327.56893
327.15643
326.80699
326.51823
326.28881
326.11832
326.0073
325.95722
325.97046
326.05029
326.20078
326.42659
326.73253
327.12266
327.59825
328.15278
328.75728
329.31205
329.51746
329.28157
328.60392
327.57559
326.49526
325.46171
324.50291
323.62432
322.82355
322.0953
321.4334
320.8317
320.28444
319.78645
319.33319
318.92069
318.54559
318.20496
317.89635
317.61766
317.36713
317.14325
316.94476
316.77062
316.61995
316.49203
316.38626
316.30218
316.23942
316.19773
316.17692
343.91247
343.47125
342.59277
341.29162
339.62871
338.04002
336.58313
335.26634
334.08499
333.02982
332.09015
331.25544
330.51604
329.86349
329.29059
328.79147
328.36143
327.99696
327.6956
327.45596
327.27761
327.16113
327.10805
327.12087
327.20304
327.35886
327.59335
327.91183
328.31915
328.81821
329.40678
330.06962
330.7428
330.98614
330.73975
330.00317
328.83534
327.67552
326.58663
325.5829
324.66544
323.83019
323.07103
322.38121
321.75416
321.18384
320.66481
320.19233
319.76229
319.37117
319.01595
318.69408
318.40338
318.14201
317.90842
317.70132
317.5196
317.36236
317.22885
317.11846
317.0307
316.96519
316.92167
316.89996
343.91247
343.47125
342.59277
341.29162
339.62871
338.04002
336.58313
335.26634
334.08499
333.02982
332.09015
331.25544
330.51604
329.86349
329.29059
328.79147
328.36143
327.99696
327.6956
327.45596
327.27761
327.16113
327.10805
327.12087
327.20304
327.35886
327.59335
327.91183
328.31915
328.81821
329.40678
330.06962
330.7428
330.98614
330.73975
330.00317
328.83534
327.67552
326.58663
325.5829
324.66544
323.83019
323.07103
322.38121
321.75416
321.18384
320.66481
320.19233
319.76229
319.37117
319.01595
318.69408
318.40338
318.14201
317.90842
317.70132
317.5196
317.36236
317.22885
317.11846
317.0307
316.96519
316.92167
316.89996
343.91247
343.47125
342.59277
341.29162
339.62871
338.04002
336.58313
335.26634
334.08499
333.02982
332.09015
331.25544
330.51604
329.86349
329.29059
328.79147
328.36143
327.99696
327.6956
327.45596
327.27761
327.16113
327.10805
327.12087
327.20304
327.35886
327.59335
327.91183
328.31915
328.81821
329.40678
330.06962
330.7428
330.98614
330.73975
330.00317
328.83534
327.67552
326.58663
325.5829
324.66544
323.83019
323.07103
322.38121
321.75416
321.18384
320.66481
320.19233
319.76229
319.37117
319.01595
318.69408
318.40338
318.14201
317.90842
317.70132
317.5196
317.36236
317.22885
317.11846
317.0307
316.96519
316.92167
316.89996
343.91247
343.47125
342.59277
341.29162
339.62871
338.04002
336.58313
335.26634
334.08499
333.02982
332.09015
331.25544
330.51604
329.86349
329.29059
328.79147
328.36143
327.99696
327.6956
327.45596
327.27761
327.16113
327.10805
327.12087
327.20304
327.35886
327.59335
327.91183
328.31915
328.81821
329.40678
330.06962
330.7428
330.98614
330.73975
330.00317
328.83534
327.67552
326.58663
325.5829
324.66544
323.83019
323.07103
322.38121
321.75416
321.18384
320.66481
320.19233
319.76229
319.37117
319.01595
318.69408
318.40338
318.14201
317.90842
317.70132
317.5196
317.36236
317.22885
317.11846
317.0307
316.96519
316.92167
316.89996
343.91247
343.47125
342.59277
341.29162
339.62871
338.04002
336.58313
335.26634
334.08499
333.02982
332.09015
331.25544
330.51604
329.86349
329.29059
328.79147
328.36143
327.99696
327.6956
327.45596
327.27761
327.16113
327.10805
327.12087
327.20304
327.35886
327.59335
327.91183
328.31915
328.81821
329.40678
330.06962
330.7428
330.98614
330.73975
330.00317
328.83534
327.67552
326.58663
325.5829
324.66544
323.83019
323.07103
322.38121
321.75416
321.18384
320.66481
320.19233
319.76229
319.37117
319.01595
318.69408
318.40338
318.14201
317.90842
317.70132
317.5196
317.36236
317.22885
317.11846
317.0307
316.96519
316.92167
316.89996
343.91247
343.47125
342.59277
341.29162
339.62871
338.04002
336.58313
335.26634
334.08499
333.02982
332.09015
331.25544
330.51604
329.86349
329.29059
328.79147
328.36143
327.99696
327.6956
327.45596
327.27761
327.16113
327.10805
327.12087
327.20304
327.35886
327.59335
327.91183
328.31915
328.81821
329.40678
330.06962
330.7428
330.98614
330.73975
330.00317
328.83534
327.67552
326.58663
325.5829
324.66544
323.83019
323.07103
322.38121
321.75416
321.18384
320.66481
320.19233
319.76229
319.37117
319.01595
318.69408
318.40338
318.14201
317.90842
317.70132
317.5196
317.36236
317.22885
317.11846
317.0307
316.96519
316.92167
316.89996
343.91247
343.47125
342.59277
341.29162
339.62871
338.04002
336.58313
335.26634
334.08499
333.02982
332.09015
331.25544
330.51604
329.86349
329.29059
328.79147
328.36143
327.99696
327.6956
327.45596
327.27761
327.16113
327.10805
327.12087
327.20304
327.35886
327.59335
327.91183
328.31915
328.81821
329.40678
330.06962
330.7428
330.98614
330.73975
330.00317
328.83534
327.67552
326.58663
325.5829
324.66544
323.83019
323.07103
322.38121
321.75416
321.18384
320.66481
320.19233
319.76229
319.37117
319.01595
318.69408
318.40338
318.14201
317.90842
317.70132
317.5196
317.36236
317.22885
317.11846
317.0307
316.96519
316.92167
316.89996
343.91247
343.47125
342.59277
341.29162
339.62871
338.04002
336.58313
335.26634
334.08499
333.02982
332.09015
331.25544
330.51604
329.86349
329.29059
328.79147
328.36143
327.99696
327.6956
327.45596
327.27761
327.16113
327.10805
327.12087
327.20304
327.35886
327.59335
327.91183
328.31915
328.81821
329.40678
330.06962
330.7428
330.98614
330.73975
330.00317
328.83534
327.67552
326.58663
325.5829
324.66544
323.83019
323.07103
322.38121
321.75416
321.18384
320.66481
320.19233
319.76229
319.37117
319.01595
318.69408
318.40338
318.14201
317.90842
317.70132
317.5196
317.36236
317.22885
317.11846
317.0307
316.96519
316.92167
316.89996
343.91247
343.47125
342.59277
341.29162
339.62871
338.04002
336.58313
335.26634
334.08499
333.02982
332.09015
331.25544
330.51604
329.86349
329.29059
328.79147
328.36143
327.99696
327.6956
327.45596
327.27761
327.16113
327.10805
327.12087
327.20304
327.35886
327.59335
327.91183
328.31915
328.81821
329.40678
330.06962
330.7428
330.98614
330.73975
330.00317
328.83534
327.67552
326.58663
325.5829
324.66544
323.83019
323.07103
322.38121
321.75416
321.18384
320.66481
320.19233
319.76229
319.37117
319.01595
318.69408
318.40338
318.14201
317.90842
317.70132
317.5196
317.36236
317.22885
317.11846
317.0307
316.96519
316.92167
316.89996
343.91247
343.47125
342.59277
341.29162
339.62871
338.04002
336.58313
335.26634
334.08499
333.02982
332.09015
331.25544
330.51604
329.86349
329.29059
328.79147
328.36143
327.99696
327.6956
327.45596
327.27761
327.16113
327.10805
327.12087
327.20304
327.35886
327.59335
327.91183
328.31915
328.81821
329.40678
330.06962
330.7428
330.98614
330.73975
330.00317
328.83534
327.67552
326.58663
325.5829
324.66544
323.83019
323.07103
322.38121
321.75416
321.18384
320.66481
320.19233
319.76229
319.37117
319.01595
318.69408
318.40338
318.14201
317.90842
317.70132
317.5196
317.36236
317.22885
317.11846
317.0307
316.96519
316.92167
316.89996
343.91247
343.47125
342.59277
341.29162
339.62871
338.04002
336.58313
335.26634
334.08499
333.02982
332.09015
331.25544
330.51604
329.86349
329.29059
328.79147
328.36143
327.99696
327.6956
327.45596
327.27761
327.16113
327.10805
327.12087
327.20304
327.35886
327.59335
327.91183
328.31915
328.81821
329.40678
330.06962
330.7428
330.98614
330.73975
330.00317
328.83534
327.67552
326.58663
325.5829
324.66544
323.83019
323.07103
322.38121
321.75416
321.18384
320.66481
320.19233
319.76229
319.37117
319.01595
318.69408
318.40338
318.14201
317.90842
317.70132
317.5196
317.36236
317.22885
317.11846
317.0307
316.96519
316.92167
316.89996
343.91247
343.47125
342.59277
341.29162
339.62871
338.04002
336.58313
335.26634
334.08499
333.02982
332.09015
331.25544
330.51604
329.86349
329.29059
328.79147
328.36143
327.99696
327.6956
327.45596
327.27761
327.16113
327.10805
327.12087
327.20304
327.35886
327.59335
327.91183
328.31915
328.81821
329.40678
330.06962
330.7428
330.98614
330.73975
330.00317
328.83534
327.67552
326.58663
325.5829
324.66544
323.83019
323.07103
322.38121
321.75416
321.18384
320.66481
320.19233
319.76229
319.37117
319.01595
318.69408
318.40338
318.14201
317.90842
317.70132
317.5196
317.36236
317.22885
317.11846
317.0307
316.96519
316.92167
316.89996
343.91247
343.47125
342.59277
341.29162
339.62871
338.04002
336.58313
335.26634
334.08499
333.02982
332.09015
331.25544
330.51604
329.86349
329.29059
328.79147
328.36143
327.99696
327.6956
327.45596
327.27761
327.16113
327.10805
327.12087
327.20304
327.35886
327.59335
327.91183
328.31915
328.81821
329.40678
330.06962
330.7428
330.98614
330.73975
330.00317
328.83534
327.67552
326.58663
325.5829
324.66544
323.83019
323.07103
322.38121
321.75416
321.18384
320.66481
320.19233
319.76229
319.37117
319.01595
318.69408
318.40338
318.14201
317.90842
317.70132
317.5196
317.36236
317.22885
317.11846
317.0307
316.96519
316.92167
316.89996
343.91247
343.47125
342.59277
341.29162
339.62871
338.04002
336.58313
335.26634
334.08499
333.02982
332.09015
331.25544
330.51604
329.86349
329.29059
328.79147
328.36143
327.99696
327.6956
327.45596
327.27761
327.16113
327.10805
327.12087
327.20304
327.35886
327.59335
327.91183
328.31915
328.81821
329.40678
330.06962
330.7428
330.98614
330.73975
330.00317
328.83534
327.67552
326.58663
325.5829
324.66544
323.83019
323.07103
322.38121
321.75416
321.18384
320.66481
320.19233
319.76229
319.37117
319.01595
318.69408
318.40338
318.14201
317.90842
317.70132
317.5196
317.36236
317.22885
317.11846
317.0307
316.96519
316.92167
316.89996
343.91247
343.47125
342.59277
341.29162
339.62871
338.04002
336.58313
335.26634
334.08499
333.02982
332.09015
331.25544
330.51604
329.86349
329.29059
328.79147
328.36143
327.99696
327.6956
327.45596
327.27761
327.16113
327.10805
327.12087
327.20304
327.35886
327.59335
327.91183
328.31915
328.81821
329.40678
330.06962
330.7428
330.98614
330.73975
330.00317
328.83534
327.67552
326.58663
325.5829
324.66544
323.83019
323.07103
322.38121
321.75416
321.18384
320.66481
320.19233
319.76229
319.37117
319.01595
318.69408
318.40338
318.14201
317.90842
317.70132
317.5196
317.36236
317.22885
317.11846
317.0307
316.96519
316.92167
316.89996
343.91247
343.47125
342.59277
341.29162
339.62871
338.04002
336.58313
335.26634
334.08499
333.02982
332.09015
331.25544
330.51604
329.86349
329.29059
328.79147
328.36143
327.99696
327.6956
327.45596
327.27761
327.16113
327.10805
327.12087
327.20304
327.35886
327.59335
327.91183
328.31915
328.81821
329.40678
330.06962
330.7428
330.98614
330.73975
330.00317
328.83534
327.67552
326.58663
325.5829
324.66544
323.83019
323.07103
322.38121
321.75416
321.18384
320.66481
320.19233
319.76229
319.37117
319.01595
318.69408
318.40338
318.14201
317.90842
317.70132
317.5196
317.36236
317.22885
317.11846
317.0307
316.96519
316.92167
316.89996
343.99168
343.54974
342.66873
341.35747
339.62412
338.02579
336.56729
335.25099
334.07092
333.01728
332.07913
331.24583
330.50766
329.85614
329.28409
328.78563
328.35608
327.99193
327.69075
327.45113
327.27266
327.15591
327.10242
327.11468
327.19617
327.35121
327.58489
327.90264
328.30958
328.8091
329.40024
330.07356
330.81768
331.07076
330.8244
330.07813
328.83943
327.6692
326.57781
325.5737
324.65672
323.82232
323.06409
322.3752
321.74902
321.17946
320.66111
320.1892
319.75966
319.36895
319.01408
318.6925
318.40204
318.14087
317.90745
317.70048
317.51888
317.36173
317.22829
317.11796
317.03024
316.96477
316.92127
316.89956
343.99168
343.54974
342.66873
341.35747
339.62412
338.02579
336.56729
335.25099
334.07092
333.01728
332.07913
331.24583
330.50766
329.85614
329.28409
328.78563
328.35608
327.99193
327.69075
327.45113
327.27266
327.15591
327.10242
327.11468
327.19617
327.35121
327.58489
327.90264
328.30958
328.8091
329.40024
330.07356
330.81768
331.07076
330.8244
330.07813
328.83943
327.6692
326.57781
325.5737
324.65672
323.82232
323.06409
322.3752
321.74902
321.17946
320.66111
320.1892
319.75966
319.36895
319.01408
318.6925
318.40204
318.14087
317.90745
317.70048
317.51888
317.36173
317.22829
317.11796
317.03024
316.96477
316.92127
316.89956
343.99168
343.54974
342.66873
341.35747
339.62412
338.02579
336.56729
335.25099
334.07092
333.01728
332.07913
331.24583
330.50766
329.85614
329.28409
328.78563
328.35608
327.99193
327.69075
327.45113
327.27266
327.15591
327.10242
327.11468
327.19617
327.35121
327.58489
327.90264
328.30958
328.8091
329.40024
330.07356
330.81768
331.07076
330.8244
330.07813
328.83943
327.6692
326.57781
325.5737
324.65672
323.82232
323.06409
322.3752
321.74902
321.17946
320.66111
320.1892
319.75966
319.36895
319.01408
318.6925
318.40204
318.14087
317.90745
317.70048
317.51888
317.36173
317.22829
317.11796
317.03024
316.96477
316.92127
316.89956
343.99168
343.54974
342.66873
341.35747
339.62412
338.02579
336.56729
335.25099
334.07092
333.01728
332.07913
331.24583
330.50766
329.85614
329.28409
328.78563
328.35608
327.99193
327.69075
327.45113
327.27266
327.15591
327.10242
327.11468
327.19617
327.35121
327.58489
327.90264
328.30958
328.8091
329.40024
330.07356
330.81768
331.07076
330.8244
330.07813
328.83943
327.6692
326.57781
325.5737
324.65672
323.82232
323.06409
322.3752
321.74902
321.17946
320.66111
320.1892
319.75966
319.36895
319.01408
318.6925
318.40204
318.14087
317.90745
317.70048
317.51888
317.36173
317.22829
317.11796
317.03024
316.96477
316.92127
316.89956
343.99168
343.54974
342.66873
341.35747
339.62412
338.02579
336.56729
335.25099
334.07092
333.01728
332.07913
331.24583
330.50766
329.85614
329.28409
328.78563
328.35608
327.99193
327.69075
327.45113
327.27266
327.15591
327.10242
327.11468
327.19617
327.35121
327.58489
327.90264
328.30958
328.8091
329.40024
330.07356
330.81768
331.07076
330.8244
330.07813
328.83943
327.6692
326.57781
325.5737
324.65672
323.82232
323.06409
322.3752
321.74902
321.17946
320.66111
320.1892
319.75966
319.36895
319.01408
318.6925
318.40204
318.14087
317.90745
317.70048
317.51888
317.36173
317.22829
317.11796
317.03024
316.96477
316.92127
316.89956
343.99168
343.54974
342.66873
341.35747
339.62412
338.02579
336.56729
335.25099
334.07092
333.01728
332.07913
331.24583
330.50766
329.85614
329.28409
328.78563
328.35608
327.99193
327.69075
327.45113
327.27266
327.15591
327.10242
327.11468
327.19617
327.35121
327.58489
327.90264
328.30958
328.8091
329.40024
330.07356
330.81768
331.07076
330.8244
330.07813
328.83943
327.6692
326.57781
325.5737
324.65672
323.82232
323.06409
322.3752
321.74902
321.17946
320.66111
320.1892
319.75966
319.36895
319.01408
318.6925
318.40204
318.14087
317.90745
317.70048
317.51888
317.36173
317.22829
317.11796
317.03024
316.96477
316.92127
316.89956
343.99168
343.54974
342.66873
341.35747
339.62412
338.02579
336.56729
335.25099
334.07092
333.01728
332.07913
331.24583
330.50766
329.85614
329.28409
328.78563
328.35608
327.99193
327.69075
327.45113
327.27266
327.15591
327.10242
327.11468
327.19617
327.35121
327.58489
327.90264
328.30958
328.8091
329.40024
330.07356
330.81768
331.07076
330.8244
330.07813
328.83943
327.6692
326.57781
325.5737
324.65672
323.82232
323.06409
322.3752
321.74902
321.17946
320.66111
320.1892
319.75966
319.36895
319.01408
318.6925
318.40204
318.14087
317.90745
317.70048
317.51888
317.36173
317.22829
317.11796
317.03024
316.96477
316.92127
316.89956
343.99168
343.54974
342.66873
341.35747
339.62412
338.02579
336.56729
335.25099
334.07092
333.01728
332.07913
331.24583
330.50766
329.85614
329.28409
328.78563
328.35608
327.99193
327.69075
327.45113
327.27266
327.15591
327.10242
327.11468
327.19617
327.35121
327.58489
327.90264
328.30958
328.8091
329.40024
330.07356
330.81768
331.07076
330.8244
330.07813
328.83943
327.6692
326.57781
325.5737
324.65672
323.82232
323.06409
322.3752
321.74902
321.17946
320.66111
320.1892
319.75966
319.36895
319.01408
318.6925
318.40204
318.14087
317.90745
317.70048
317.51888
317.36173
317.22829
317.11796
317.03024
316.96477
316.92127
316.89956
343.99168
343.54974
342.66873
341.35747
339.62412
338.02579
336.56729
335.25099
334.07092
333.01728
332.07913
331.24583
330.50766
329.85614
329.28409
328.78563
328.35608
327.99193
327.69075
327.45113
327.27266
327.15591
327.10242
327.11468
327.19617
327.35121
327.58489
327.90264
328.30958
328.8091
329.40024
330.07356
330.81768
331.07076
330.8244
330.07813
328.83943
327.6692
326.57781
325.5737
324.65672
323.82232
323.06409
322.3752
321.74902
321.17946
320.66111
320.1892
319.75966
319.36895
319.01408
318.6925
318.40204
318.14087
317.90745
317.70048
317.51888
317.36173
317.22829
317.11796
317.03024
316.96477
316.92127
316.89956
343.99168
343.54974
342.66873
341.35747
339.62412
338.02579
336.56729
335.25099
334.07092
333.01728
332.07913
331.24583
330.50766
329.85614
329.28409
328.78563
328.35608
327.99193
327.69075
327.45113
327.27266
327.15591
327.10242
327.11468
327.19617
327.35121
327.58489
327.90264
328.30958
328.8091
329.40024
330.07356
330.81768
331.07076
330.8244
330.07813
328.83943
327.6692
326.57781
325.5737
324.65672
323.82232
323.06409
322.3752
321.74902
321.17946
320.66111
320.1892
319.75966
319.36895
319.01408
318.6925
318.40204
318.14087
317.90745
317.70048
317.51888
317.36173
317.22829
317.11796
317.03024
316.96477
316.92127
316.89956
343.99168
343.54974
342.66873
341.35747
339.62412
338.02579
336.56729
335.25099
334.07092
333.01728
332.07913
331.24583
330.50766
329.85614
329.28409
328.78563
328.35608
327.99193
327.69075
327.45113
327.27266
327.15591
327.10242
327.11468
327.19617
327.35121
327.58489
327.90264
328.30958
328.8091
329.40024
330.07356
330.81768
331.07076
330.8244
330.07813
328.83943
327.6692
326.57781
325.5737
324.65672
323.82232
323.06409
322.3752
321.74902
321.17946
320.66111
320.1892
319.75966
319.36895
319.01408
318.6925
318.40204
318.14087
317.90745
317.70048
317.51888
317.36173
317.22829
317.11796
317.03024
316.96477
316.92127
316.89956
343.99168
343.54974
342.66873
341.35747
339.62412
338.02579
336.56729
335.25099
334.07092
333.01728
332.07913
331.24583
330.50766
329.85614
329.28409
328.78563
328.35608
327.99193
327.69075
327.45113
327.27266
327.15591
327.10242
327.11468
327.19617
327.35121
327.58489
327.90264
328.30958
328.8091
329.40024
330.07356
330.81768
331.07076
330.8244
330.07813
328.83943
327.6692
326.57781
325.5737
324.65672
323.82232
323.06409
322.3752
321.74902
321.17946
320.66111
320.1892
319.75966
319.36895
319.01408
318.6925
318.40204
318.14087
317.90745
317.70048
317.51888
317.36173
317.22829
317.11796
317.03024
316.96477
316.92127
316.89956
343.99168
343.54974
342.66873
341.35747
339.62412
338.02579
336.56729
335.25099
334.07092
333.01728
332.07913
331.24583
330.50766
329.85614
329.28409
328.78563
328.35608
327.99193
327.69075
327.45113
327.27266
327.15591
327.10242
327.11468
327.19617
327.35121
327.58489
327.90264
328.30958
328.8091
329.40024
330.07356
330.81768
331.07076
330.8244
330.07813
328.83943
327.6692
326.57781
325.5737
324.65672
323.82232
323.06409
322.3752
321.74902
321.17946
320.66111
320.1892
319.75966
319.36895
319.01408
318.6925
318.40204
318.14087
317.90745
317.70048
317.51888
317.36173
317.22829
317.11796
317.03024
316.96477
316.92127
316.89956
343.99168
343.54974
342.66873
341.35747
339.62412
338.02579
336.56729
335.25099
334.07092
333.01728
332.07913
331.24583
330.50766
329.85614
329.28409
328.78563
328.35608
327.99193
327.69075
327.45113
327.27266
327.15591
327.10242
327.11468
327.19617
327.35121
327.58489
327.90264
328.30958
328.8091
329.40024
330.07356
330.81768
331.07076
330.8244
330.07813
328.83943
327.6692
326.57781
325.5737
324.65672
323.82232
323.06409
322.3752
321.74902
321.17946
320.66111
320.1892
319.75966
319.36895
319.01408
318.6925
318.40204
318.14087
317.90745
317.70048
317.51888
317.36173
317.22829
317.11796
317.03024
316.96477
316.92127
316.89956
343.99168
343.54974
342.66873
341.35747
339.62412
338.02579
336.56729
335.25099
334.07092
333.01728
332.07913
331.24583
330.50766
329.85614
329.28409
328.78563
328.35608
327.99193
327.69075
327.45113
327.27266
327.15591
327.10242
327.11468
327.19617
327.35121
327.58489
327.90264
328.30958
328.8091
329.40024
330.07356
330.81768
331.07076
330.8244
330.07813
328.83943
327.6692
326.57781
325.5737
324.65672
323.82232
323.06409
322.3752
321.74902
321.17946
320.66111
320.1892
319.75966
319.36895
319.01408
318.6925
318.40204
318.14087
317.90745
317.70048
317.51888
317.36173
317.22829
317.11796
317.03024
316.96477
316.92127
316.89956
343.99168
343.54974
342.66873
341.35747
339.62412
338.02579
336.56729
335.25099
334.07092
333.01728
332.07913
331.24583
330.50766
329.85614
329.28409
328.78563
328.35608
327.99193
327.69075
327.45113
327.27266
327.15591
327.10242
327.11468
327.19617
327.35121
327.58489
327.90264
328.30958
328.8091
329.40024
330.07356
330.81768
331.07076
330.8244
330.07813
328.83943
327.6692
326.57781
325.5737
324.65672
323.82232
323.06409
322.3752
321.74902
321.17946
320.66111
320.1892
319.75966
319.36895
319.01408
318.6925
318.40204
318.14087
317.90745
317.70048
317.51888
317.36173
317.22829
317.11796
317.03024
316.96477
316.92127
316.89956
344.04488
343.60004
342.70937
341.37014
339.55992
337.93614
336.47273
335.15999
333.9869
332.94128
332.01104
331.18498
330.45314
329.80698
329.23931
328.7443
328.31734
327.95494
327.65473
327.41532
327.23633
327.11831
327.06283
327.07239
327.1505
327.30165
327.5312
327.84517
328.24983
328.75083
329.35202
330.05546
330.87951
331.15976
330.91365
330.14072
328.82262
327.62281
326.52197
325.51701
324.603
323.77315
323.01992
322.33592
321.71423
321.14868
320.63382
320.16494
319.73797
319.34945
318.99643
318.67641
318.38726
318.12719
317.8947
317.68849
317.50752
317.35089
317.21787
317.10787
317.02041
316.95512
316.91174
316.8901
344.04488
343.60004
342.70937
341.37014
339.55992
337.93614
336.47273
335.15999
333.9869
332.94128
332.01104
331.18498
330.45314
329.80698
329.23931
328.7443
328.31734
327.95494
327.65473
327.41532
327.23633
327.11831
327.06283
327.07239
327.1505
327.30165
327.5312
327.84517
328.24983
328.75083
329.35202
330.05546
330.87951
331.15976
330.91365
330.14072
328.82262
327.62281
326.52197
325.51701
324.603
323.77315
323.01992
322.33592
321.71423
321.14868
320.63382
320.16494
319.73797
319.34945
318.99643
318.67641
318.38726
318.12719
317.8947
317.68849
317.50752
317.35089
317.21787
317.10787
317.02041
316.95512
316.91174
316.8901
344.04488
343.60004
342.70937
341.37014
339.55992
337.93614
336.47273
335.15999
333.9869
332.94128
332.01104
331.18498
330.45314
329.80698
329.23931
328.7443
328.31734
327.95494
327.65473
327.41532
327.23633
327.11831
327.06283
327.07239
327.1505
327.30165
327.5312
327.84517
328.24983
328.75083
329.35202
330.05546
330.87951
331.15976
330.91365
330.14072
328.82262
327.62281
326.52197
325.51701
324.603
323.77315
323.01992
322.33592
321.71423
321.14868
320.63382
320.16494
319.73797
319.34945
318.99643
318.67641
318.38726
318.12719
317.8947
317.68849
317.50752
317.35089
317.21787
317.10787
317.02041
316.95512
316.91174
316.8901
344.04488
343.60004
342.70937
341.37014
339.55992
337.93614
336.47273
335.15999
333.9869
332.94128
332.01104
331.18498
330.45314
329.80698
329.23931
328.7443
328.31734
327.95494
327.65473
327.41532
327.23633
327.11831
327.06283
327.07239
327.1505
327.30165
327.5312
327.84517
328.24983
328.75083
329.35202
330.05546
330.87951
331.15976
330.91365
330.14072
328.82262
327.62281
326.52197
325.51701
324.603
323.77315
323.01992
322.33592
321.71423
321.14868
320.63382
320.16494
319.73797
319.34945
318.99643
318.67641
318.38726
318.12719
317.8947
317.68849
317.50752
317.35089
317.21787
317.10787
317.02041
316.95512
316.91174
316.8901
344.04488
343.60004
342.70937
341.37014
339.55992
337.93614
336.47273
335.15999
333.9869
332.94128
332.01104
331.18498
330.45314
329.80698
329.23931
328.7443
328.31734
327.95494
327.65473
327.41532
327.23633
327.11831
327.06283
327.07239
327.1505
327.30165
327.5312
327.84517
328.24983
328.75083
329.35202
330.05546
330.87951
331.15976
330.91365
330.14072
328.82262
327.62281
326.52197
325.51701
324.603
323.77315
323.01992
322.33592
321.71423
321.14868
320.63382
320.16494
319.73797
319.34945
318.99643
318.67641
318.38726
318.12719
317.8947
317.68849
317.50752
317.35089
317.21787
317.10787
317.02041
316.95512
316.91174
316.8901
344.04488
343.60004
342.70937
341.37014
339.55992
337.93614
336.47273
335.15999
333.9869
332.94128
332.01104
331.18498
330.45314
329.80698
329.23931
328.7443
328.31734
327.95494
327.65473
327.41532
327.23633
327.11831
327.06283
327.07239
327.1505
327.30165
327.5312
327.84517
328.24983
328.75083
329.35202
330.05546
330.87951
331.15976
330.91365
330.14072
328.82262
327.62281
326.52197
325.51701
324.603
323.77315
323.01992
322.33592
321.71423
321.14868
320.63382
320.16494
319.73797
319.34945
318.99643
318.67641
318.38726
318.12719
317.8947
317.68849
317.50752
317.35089
317.21787
317.10787
317.02041
316.95512
316.91174
316.8901
344.04488
343.60004
342.70937
341.37014
339.55992
337.93614
336.47273
335.15999
333.9869
332.94128
332.01104
331.18498
330.45314
329.80698
329.23931
328.7443
328.31734
327.95494
327.65473
327.41532
327.23633
327.11831
327.06283
327.07239
327.1505
327.30165
327.5312
327.84517
328.24983
328.75083
329.35202
330.05546
330.87951
331.15976
330.91365
330.14072
328.82262
327.62281
326.52197
325.51701
324.603
323.77315
323.01992
322.33592
321.71423
321.14868
320.63382
320.16494
319.73797
319.34945
318.99643
318.67641
318.38726
318.12719
317.8947
317.68849
317.50752
317.35089
317.21787
317.10787
317.02041
316.95512
316.91174
316.8901
344.04488
343.60004
342.70937
341.37014
339.55992
337.93614
336.47273
335.15999
333.9869
332.94128
332.01104
331.18498
330.45314
329.80698
329.23931
328.7443
328.31734
327.95494
327.65473
327.41532
327.23633
327.11831
327.06283
327.07239
327.1505
327.30165
327.5312
327.84517
328.24983
328.75083
329.35202
330.05546
330.87951
331.15976
330.91365
330.14072
328.82262
327.62281
326.52197
325.51701
324.603
323.77315
323.01992
322.33592
321.71423
321.14868
320.63382
320.16494
319.73797
319.34945
318.99643
318.67641
318.38726
318.12719
317.8947
317.68849
317.50752
317.35089
317.21787
317.10787
317.02041
316.95512
316.91174
316.8901
344.04488
343.60004
342.70937
341.37014
339.55992
337.93614
336.47273
335.15999
333.9869
332.94128
332.01104
331.18498
330.45314
329.80698
329.23931
328.7443
328.31734
327.95494
327.65473
327.41532
327.23633
327.11831
327.06283
327.07239
327.1505
327.30165
327.5312
327.84517
328.24983
328.75083
329.35202
330.05546
330.87951
331.15976
330.91365
330.14072
328.82262
327.62281
326.52197
325.51701
324.603
323.77315
323.01992
322.33592
321.71423
321.14868
320.63382
320.16494
319.73797
319.34945
318.99643
318.67641
318.38726
318.12719
317.8947
317.68849
317.50752
317.35089
317.21787
317.10787
317.02041
316.95512
316.91174
316.8901
344.04488
343.60004
342.70937
341.37014
339.55992
337.93614
336.47273
335.15999
333.9869
332.94128
332.01104
331.18498
330.45314
329.80698
329.23931
328.7443
328.31734
327.95494
327.65473
327.41532
327.23633
327.11831
327.06283
327.07239
327.1505
327.30165
327.5312
327.84517
328.24983
328.75083
329.35202
330.05546
330.87951
331.15976
330.91365
330.14072
328.82262
327.62281
326.52197
325.51701
324.603
323.77315
323.01992
322.33592
321.71423
321.14868
320.63382
320.16494
319.73797
319.34945
318.99643
318.67641
318.38726
318.12719
317.8947
317.68849
317.50752
317.35089
317.21787
317.10787
317.02041
316.95512
316.91174
316.8901
344.04488
343.60004
342.70937
341.37014
339.55992
337.93614
336.47273
335.15999
333.9869
332.94128
332.01104
331.18498
330.45314
329.80698
329.23931
328.7443
328.31734
327.95494
327.65473
327.41532
327.23633
327.11831
327.06283
327.07239
327.1505
327.30165
327.5312
327.84517
328.24983
328.75083
329.35202
330.05546
330.87951
331.15976
330.91365
330.14072
328.82262
327.62281
326.52197
325.51701
324.603
323.77315
323.01992
322.33592
321.71423
321.14868
320.63382
320.16494
319.73797
319.34945
318.99643
318.67641
318.38726
318.12719
317.8947
317.68849
317.50752
317.35089
317.21787
317.10787
317.02041
316.95512
316.91174
316.8901
344.04488
343.60004
342.70937
341.37014
339.55992
337.93614
336.47273
335.15999
333.9869
332.94128
332.01104
331.18498
330.45314
329.80698
329.23931
328.7443
328.31734
327.95494
327.65473
327.41532
327.23633
327.11831
327.06283
327.07239
327.1505
327.30165
327.5312
327.84517
328.24983
328.75083
329.35202
330.05546
330.87951
331.15976
330.91365
330.14072
328.82262
327.62281
326.52197
325.51701
324.603
323.77315
323.01992
322.33592
321.71423
321.14868
320.63382
320.16494
319.73797
319.34945
318.99643
318.67641
318.38726
318.12719
317.8947
317.68849
317.50752
317.35089
317.21787
317.10787
317.02041
316.95512
316.91174
316.8901
344.04488
343.60004
342.70937
341.37014
339.55992
337.93614
336.47273
335.15999
333.9869
332.94128
332.01104
331.18498
330.45314
329.80698
329.23931
328.7443
328.31734
327.95494
327.65473
327.41532
327.23633
327.11831
327.06283
327.07239
327.1505
327.30165
327.5312
327.84517
328.24983
328.75083
329.35202
330.05546
330.87951
331.15976
330.91365
330.14072
328.82262
327.62281
326.52197
325.51701
324.603
323.77315
323.01992
322.33592
321.71423
321.14868
320.63382
320.16494
319.73797
319.34945
318.99643
318.67641
318.38726
318.12719
317.8947
317.68849
317.50752
317.35089
317.21787
317.10787
317.02041
316.95512
316.91174
316.8901
344.04488
343.60004
342.70937
341.37014
339.55992
337.93614
336.47273
335.15999
333.9869
332.94128
332.01104
331.18498
330.45314
329.80698
329.23931
328.7443
328.31734
327.95494
327.65473
327.41532
327.23633
327.11831
327.06283
327.07239
327.1505
327.30165
327.5312
327.84517
328.24983
328.75083
329.35202
330.05546
330.87951
331.15976
330.91365
330.14072
328.82262
327.62281
326.52197
325.51701
324.603
323.77315
323.01992
322.33592
321.71423
321.14868
320.63382
320.16494
319.73797
319.34945
318.99643
318.67641
318.38726
318.12719
317.8947
317.68849
317.50752
317.35089
317.21787
317.10787
317.02041
316.95512
316.91174
316.8901
344.04488
343.60004
342.70937
341.37014
339.55992
337.93614
336.47273
335.15999
333.9869
332.94128
332.01104
331.18498
330.45314
329.80698
329.23931
328.7443
328.31734
327.95494
327.65473
327.41532
327.23633
327.11831
327.06283
327.07239
327.1505
327.30165
327.5312
327.84517
328.24983
328.75083
329.35202
330.05546
330.87951
331.15976
330.91365
330.14072
328.82262
327.62281
326.52197
325.51701
324.603
323.77315
323.01992
322.33592
321.71423
321.14868
320.63382
320.16494
319.73797
319.34945
318.99643
318.67641
318.38726
318.12719
317.8947
317.68849
317.50752
317.35089
317.21787
317.10787
317.02041
316.95512
316.91174
316.8901
344.04488
343.60004
342.70937
341.37014
339.55992
337.93614
336.47273
335.15999
333.9869
332.94128
332.01104
331.18498
330.45314
329.80698
329.23931
328.7443
328.31734
327.95494
327.65473
327.41532
327.23633
327.11831
327.06283
327.07239
327.1505
327.30165
327.5312
327.84517
328.24983
328.75083
329.35202
330.05546
330.87951
331.15976
330.91365
330.14072
328.82262
327.62281
326.52197
325.51701
324.603
323.77315
323.01992
322.33592
321.71423
321.14868
320.63382
320.16494
319.73797
319.34945
318.99643
318.67641
318.38726
318.12719
317.8947
317.68849
317.50752
317.35089
317.21787
317.10787
317.02041
316.95512
316.91174
316.8901
344.09081
343.64349
342.74452
341.3813
339.5047
337.85906
336.39145
335.08177
333.91468
332.87595
331.95252
331.13268
330.40629
329.76473
329.20083
328.70878
328.28403
327.92314
327.62377
327.38454
327.20509
327.086
327.0288
327.03603
327.11125
327.25905
327.48505
327.79577
328.19847
328.70075
329.31056
330.03986
330.93291
331.23649
330.9906
330.19478
328.80812
327.58293
326.47397
325.46828
324.55683
323.73089
322.98196
322.30215
321.68433
321.12222
320.61037
320.14408
319.71933
319.33269
318.98126
318.66258
318.37456
318.11544
317.88373
317.67818
317.49775
317.34157
317.20891
317.0992
317.01195
316.94683
316.90355
316.88195
344.09081
343.64349
342.74452
341.3813
339.5047
337.85906
336.39145
335.08177
333.91468
332.87595
331.95252
331.13268
330.40629
329.76473
329.20083
328.70878
328.28403
327.92314
327.62377
327.38454
327.20509
327.086
327.0288
327.03603
327.11125
327.25905
327.48505
327.79577
328.19847
328.70075
329.31056
330.03986
330.93291
331.23649
330.9906
330.19478
328.80812
327.58293
326.47397
325.46828
324.55683
323.73089
322.98196
322.30215
321.68433
321.12222
320.61037
320.14408
319.71933
319.33269
318.98126
318.66258
318.37456
318.11544
317.88373
317.67818
317.49775
317.34157
317.20891
317.0992
317.01195
316.94683
316.90355
316.88195
344.09081
343.64349
342.74452
341.3813
339.5047
337.85906
336.39145
335.08177
333.91468
332.87595
331.95252
331.13268
330.40629
329.76473
329.20083
328.70878
328.28403
327.92314
327.62377
327.38454
327.20509
327.086
327.0288
327.03603
327.11125
327.25905
327.48505
327.79577
328.19847
328.70075
329.31056
330.03986
330.93291
331.23649
330.9906
330.19478
328.80812
327.58293
326.47397
325.46828
324.55683
323.73089
322.98196
322.30215
321.68433
321.12222
320.61037
320.14408
319.71933
319.33269
318.98126
318.66258
318.37456
318.11544
317.88373
317.67818
317.49775
317.34157
317.20891
317.0992
317.01195
316.94683
316.90355
316.88195
344.09081
343.64349
342.74452
341.3813
339.5047
337.85906
336.39145
335.08177
333.91468
332.87595
331.95252
331.13268
330.40629
329.76473
329.20083
328.70878
328.28403
327.92314
327.62377
327.38454
327.20509
327.086
327.0288
327.03603
327.11125
327.25905
327.48505
327.79577
328.19847
328.70075
329.31056
330.03986
330.93291
331.23649
330.9906
330.19478
328.80812
327.58293
326.47397
325.46828
324.55683
323.73089
322.98196
322.30215
321.68433
321.12222
320.61037
320.14408
319.71933
319.33269
318.98126
318.66258
318.37456
318.11544
317.88373
317.67818
317.49775
317.34157
317.20891
317.0992
317.01195
316.94683
316.90355
316.88195
344.09081
343.64349
342.74452
341.3813
339.5047
337.85906
336.39145
335.08177
333.91468
332.87595
331.95252
331.13268
330.40629
329.76473
329.20083
328.70878
328.28403
327.92314
327.62377
327.38454
327.20509
327.086
327.0288
327.03603
327.11125
327.25905
327.48505
327.79577
328.19847
328.70075
329.31056
330.03986
330.93291
331.23649
330.9906
330.19478
328.80812
327.58293
326.47397
325.46828
324.55683
323.73089
322.98196
322.30215
321.68433
321.12222
320.61037
320.14408
319.71933
319.33269
318.98126
318.66258
318.37456
318.11544
317.88373
317.67818
317.49775
317.34157
317.20891
317.0992
317.01195
316.94683
316.90355
316.88195
344.09081
343.64349
342.74452
341.3813
339.5047
337.85906
336.39145
335.08177
333.91468
332.87595
331.95252
331.13268
330.40629
329.76473
329.20083
328.70878
328.28403
327.92314
327.62377
327.38454
327.20509
327.086
327.0288
327.03603
327.11125
327.25905
327.48505
327.79577
328.19847
328.70075
329.31056
330.03986
330.93291
331.23649
330.9906
330.19478
328.80812
327.58293
326.47397
325.46828
324.55683
323.73089
322.98196
322.30215
321.68433
321.12222
320.61037
320.14408
319.71933
319.33269
318.98126
318.66258
318.37456
318.11544
317.88373
317.67818
317.49775
317.34157
317.20891
317.0992
317.01195
316.94683
316.90355
316.88195
344.09081
343.64349
342.74452
341.3813
339.5047
337.85906
336.39145
335.08177
333.91468
332.87595
331.95252
331.13268
330.40629
329.76473
329.20083
328.70878
328.28403
327.92314
327.62377
327.38454
327.20509
327.086
327.0288
327.03603
327.11125
327.25905
327.48505
327.79577
328.19847
328.70075
329.31056
330.03986
330.93291
331.23649
330.9906
330.19478
328.80812
327.58293
326.47397
325.46828
324.55683
323.73089
322.98196
322.30215
321.68433
321.12222
320.61037
320.14408
319.71933
319.33269
318.98126
318.66258
318.37456
318.11544
317.88373
317.67818
317.49775
317.34157
317.20891
317.0992
317.01195
316.94683
316.90355
316.88195
344.09081
343.64349
342.74452
341.3813
339.5047
337.85906
336.39145
335.08177
333.91468
332.87595
331.95252
331.13268
330.40629
329.76473
329.20083
328.70878
328.28403
327.92314
327.62377
327.38454
327.20509
327.086
327.0288
327.03603
327.11125
327.25905
327.48505
327.79577
328.19847
328.70075
329.31056
330.03986
330.93291
331.23649
330.9906
330.19478
328.80812
327.58293
326.47397
325.46828
324.55683
323.73089
322.98196
322.30215
321.68433
321.12222
320.61037
320.14408
319.71933
319.33269
318.98126
318.66258
318.37456
318.11544
317.88373
317.67818
317.49775
317.34157
317.20891
317.0992
317.01195
316.94683
316.90355
316.88195
344.09081
343.64349
342.74452
341.3813
339.5047
337.85906
336.39145
335.08177
333.91468
332.87595
331.95252
331.13268
330.40629
329.76473
329.20083
328.70878
328.28403
327.92314
327.62377
327.38454
327.20509
327.086
327.0288
327.03603
327.11125
327.25905
327.48505
327.79577
328.19847
328.70075
329.31056
330.03986
330.93291
331.23649
330.9906
330.19478
328.80812
327.58293
326.47397
325.46828
324.55683
323.73089
322.98196
322.30215
321.68433
321.12222
320.61037
320.14408
319.71933
319.33269
318.98126
318.66258
318.37456
318.11544
317.88373
317.67818
317.49775
317.34157
317.20891
317.0992
317.01195
316.94683
316.90355
316.88195
344.09081
343.64349
342.74452
341.3813
339.5047
337.85906
336.39145
335.08177
333.91468
332.87595
331.95252
331.13268
330.40629
329.76473
329.20083
328.70878
328.28403
327.92314
327.62377
327.38454
327.20509
327.086
327.0288
327.03603
327.11125
327.25905
327.48505
327.79577
328.19847
328.70075
329.31056
330.03986
330.93291
331.23649
330.9906
330.19478
328.80812
327.58293
326.47397
325.46828
324.55683
323.73089
322.98196
322.30215
321.68433
321.12222
320.61037
320.14408
319.71933
319.33269
318.98126
318.66258
318.37456
318.11544
317.88373
317.67818
317.49775
317.34157
317.20891
317.0992
317.01195
316.94683
316.90355
316.88195
344.09081
343.64349
342.74452
341.3813
339.5047
337.85906
336.39145
335.08177
333.91468
332.87595
331.95252
331.13268
330.40629
329.76473
329.20083
328.70878
328.28403
327.92314
327.62377
327.38454
327.20509
327.086
327.0288
327.03603
327.11125
327.25905
327.48505
327.79577
328.19847
328.70075
329.31056
330.03986
330.93291
331.23649
330.9906
330.19478
328.80812
327.58293
326.47397
325.46828
324.55683
323.73089
322.98196
322.30215
321.68433
321.12222
320.61037
320.14408
319.71933
319.33269
318.98126
318.66258
318.37456
318.11544
317.88373
317.67818
317.49775
317.34157
317.20891
317.0992
317.01195
316.94683
316.90355
316.88195
344.09081
343.64349
342.74452
341.3813
339.5047
337.85906
336.39145
335.08177
333.91468
332.87595
331.95252
331.13268
330.40629
329.76473
329.20083
328.70878
328.28403
327.92314
327.62377
327.38454
327.20509
327.086
327.0288
327.03603
327.11125
327.25905
327.48505
327.79577
328.19847
328.70075
329.31056
330.03986
330.93291
331.23649
330.9906
330.19478
328.80812
327.58293
326.47397
325.46828
324.55683
323.73089
322.98196
322.30215
321.68433
321.12222
320.61037
320.14408
319.71933
319.33269
318.98126
318.66258
318.37456
318.11544
317.88373
317.67818
317.49775
317.34157
317.20891
317.0992
317.01195
316.94683
316.90355
316.88195
344.09081
343.64349
342.74452
341.3813
339.5047
337.85906
336.39145
335.08177
333.91468
332.87595
331.95252
331.13268
330.40629
329.76473
329.20083
328.70878
328.28403
327.92314
327.62377
327.38454
327.20509
327.086
327.0288
327.03603
327.11125
327.25905
327.48505
327.79577
328.19847
328.70075
329.31056
330.03986
330.93291
331.23649
330.9906
330.19478
328.80812
327.58293
326.47397
325.46828
324.55683
323.73089
322.98196
322.30215
321.68433
321.12222
320.61037
320.14408
319.71933
319.33269
318.98126
318.66258
318.37456
318.11544
317.88373
317.67818
317.49775
317.34157
317.20891
317.0992
317.01195
316.94683
316.90355
316.88195
344.09081
343.64349
342.74452
341.3813
339.5047
337.85906
336.39145
335.08177
333.91468
332.87595
331.95252
331.13268
330.40629
329.76473
329.20083
328.70878
328.28403
327.92314
327.62377
327.38454
327.20509
327.086
327.0288
327.03603
327.11125
327.25905
327.48505
327.79577
328.19847
328.70075
329.31056
330.03986
330.93291
331.23649
330.9906
330.19478
328.80812
327.58293
326.47397
325.46828
324.55683
323.73089
322.98196
322.30215
321.68433
321.12222
320.61037
320.14408
319.71933
319.33269
318.98126
318.66258
318.37456
318.11544
317.88373
317.67818
317.49775
317.34157
317.20891
317.0992
317.01195
316.94683
316.90355
316.88195
344.09081
343.64349
342.74452
341.3813
339.5047
337.85906
336.39145
335.08177
333.91468
332.87595
331.95252
331.13268
330.40629
329.76473
329.20083
328.70878
328.28403
327.92314
327.62377
327.38454
327.20509
327.086
327.0288
327.03603
327.11125
327.25905
327.48505
327.79577
328.19847
328.70075
329.31056
330.03986
330.93291
331.23649
330.9906
330.19478
328.80812
327.58293
326.47397
325.46828
324.55683
323.73089
322.98196
322.30215
321.68433
321.12222
320.61037
320.14408
319.71933
319.33269
318.98126
318.66258
318.37456
318.11544
317.88373
317.67818
317.49775
317.34157
317.20891
317.0992
317.01195
316.94683
316.90355
316.88195
344.09081
343.64349
342.74452
341.3813
339.5047
337.85906
336.39145
335.08177
333.91468
332.87595
331.95252
331.13268
330.40629
329.76473
329.20083
328.70878
328.28403
327.92314
327.62377
327.38454
327.20509
327.086
327.0288
327.03603
327.11125
327.25905
327.48505
327.79577
328.19847
328.70075
329.31056
330.03986
330.93291
331.23649
330.9906
330.19478
328.80812
327.58293
326.47397
325.46828
324.55683
323.73089
322.98196
322.30215
321.68433
321.12222
320.61037
320.14408
319.71933
319.33269
318.98126
318.66258
318.37456
318.11544
317.88373
317.67818
317.49775
317.34157
317.20891
317.0992
317.01195
316.94683
316.90355
316.88195
344.07705
343.62771
342.7218
341.33988
339.4246
337.76281
336.29316
334.9882
333.82863
332.79821
331.88283
331.07032
330.3503
329.71411
329.1546
328.66601
328.24384
327.88472
327.58632
327.34733
327.16736
327.04701
326.98783
326.99235
327.06418
327.20803
327.42977
327.73647
328.13639
328.63909
329.25622
330.00661
330.94193
331.26452
331.01889
330.2046
328.77623
327.53052
326.41485
325.40939
324.50145
323.68033
322.93655
322.2617
321.64842
321.09035
320.58201
320.11875
319.69658
319.31214
318.96257
318.64545
318.35875
318.10073
317.86994
317.66517
317.48538
317.32971
317.19748
317.0881
317.00112
316.93618
316.89302
316.87149
344.07705
343.62771
342.7218
341.33988
339.4246
337.76281
336.29316
334.9882
333.82863
332.79821
331.88283
331.07032
330.3503
329.71411
329.1546
328.66601
328.24384
327.88472
327.58632
327.34733
327.16736
327.04701
326.98783
326.99235
327.06418
327.20803
327.42977
327.73647
328.13639
328.63909
329.25622
330.00661
330.94193
331.26452
331.01889
330.2046
328.77623
327.53052
326.41485
325.40939
324.50145
323.68033
322.93655
322.2617
321.64842
321.09035
320.58201
320.11875
319.69658
319.31214
318.96257
318.64545
318.35875
318.10073
317.86994
317.66517
317.48538
317.32971
317.19748
317.0881
317.00112
316.93618
316.89302
316.87149
344.07705
343.62771
342.7218
341.33988
339.4246
337.76281
336.29316
334.9882
333.82863
332.79821
331.88283
331.07032
330.3503
329.71411
329.1546
328.66601
328.24384
327.88472
327.58632
327.34733
327.16736
327.04701
326.98783
326.99235
327.06418
327.20803
327.42977
327.73647
328.13639
328.63909
329.25622
330.00661
330.94193
331.26452
331.01889
330.2046
328.77623
327.53052
326.41485
325.40939
324.50145
323.68033
322.93655
322.2617
321.64842
321.09035
320.58201
320.11875
319.69658
319.31214
318.96257
318.64545
318.35875
318.10073
317.86994
317.66517
317.48538
317.32971
317.19748
317.0881
317.00112
316.93618
316.89302
316.87149
344.07705
343.62771
342.7218
341.33988
339.4246
337.76281
336.29316
334.9882
333.82863
332.79821
331.88283
331.07032
330.3503
329.71411
329.1546
328.66601
328.24384
327.88472
327.58632
327.34733
327.16736
327.04701
326.98783
326.99235
327.06418
327.20803
327.42977
327.73647
328.13639
328.63909
329.25622
330.00661
330.94193
331.26452
331.01889
330.2046
328.77623
327.53052
326.41485
325.40939
324.50145
323.68033
322.93655
322.2617
321.64842
321.09035
320.58201
320.11875
319.69658
319.31214
318.96257
318.64545
318.35875
318.10073
317.86994
317.66517
317.48538
317.32971
317.19748
317.0881
317.00112
316.93618
316.89302
316.87149
344.07705
343.62771
342.7218
341.33988
339.4246
337.76281
336.29316
334.9882
333.82863
332.79821
331.88283
331.07032
330.3503
329.71411
329.1546
328.66601
328.24384
327.88472
327.58632
327.34733
327.16736
327.04701
326.98783
326.99235
327.06418
327.20803
327.42977
327.73647
328.13639
328.63909
329.25622
330.00661
330.94193
331.26452
331.01889
330.2046
328.77623
327.53052
326.41485
325.40939
324.50145
323.68033
322.93655
322.2617
321.64842
321.09035
320.58201
320.11875
319.69658
319.31214
318.96257
318.64545
318.35875
318.10073
317.86994
317.66517
317.48538
317.32971
317.19748
317.0881
317.00112
316.93618
316.89302
316.87149
344.07705
343.62771
342.7218
341.33988
339.4246
337.76281
336.29316
334.9882
333.82863
332.79821
331.88283
331.07032
330.3503
329.71411
329.1546
328.66601
328.24384
327.88472
327.58632
327.34733
327.16736
327.04701
326.98783
326.99235
327.06418
327.20803
327.42977
327.73647
328.13639
328.63909
329.25622
330.00661
330.94193
331.26452
331.01889
330.2046
328.77623
327.53052
326.41485
325.40939
324.50145
323.68033
322.93655
322.2617
321.64842
321.09035
320.58201
320.11875
319.69658
319.31214
318.96257
318.64545
318.35875
318.10073
317.86994
317.66517
317.48538
317.32971
317.19748
317.0881
317.00112
316.93618
316.89302
316.87149
344.07705
343.62771
342.7218
341.33988
339.4246
337.76281
336.29316
334.9882
333.82863
332.79821
331.88283
331.07032
330.3503
329.71411
329.1546
328.66601
328.24384
327.88472
327.58632
327.34733
327.16736
327.04701
326.98783
326.99235
327.06418
327.20803
327.42977
327.73647
328.13639
328.63909
329.25622
330.00661
330.94193
331.26452
331.01889
330.2046
328.77623
327.53052
326.41485
325.40939
324.50145
323.68033
322.93655
322.2617
321.64842
321.09035
320.58201
320.11875
319.69658
319.31214
318.96257
318.64545
318.35875
318.10073
317.86994
317.66517
317.48538
317.32971
317.19748
317.0881
317.00112
316.93618
316.89302
316.87149
344.07705
343.62771
342.7218
341.33988
339.4246
337.76281
336.29316
334.9882
333.82863
332.79821
331.88283
331.07032
330.3503
329.71411
329.1546
328.66601
328.24384
327.88472
327.58632
327.34733
327.16736
327.04701
326.98783
326.99235
327.06418
327.20803
327.42977
327.73647
328.13639
328.63909
329.25622
330.00661
330.94193
331.26452
331.01889
330.2046
328.77623
327.53052
326.41485
325.40939
324.50145
323.68033
322.93655
322.2617
321.64842
321.09035
320.58201
320.11875
319.69658
319.31214
318.96257
318.64545
318.35875
318.10073
317.86994
317.66517
317.48538
317.32971
317.19748
317.0881
317.00112
316.93618
316.89302
316.87149
344.07705
343.62771
342.7218
341.33988
339.4246
337.76281
336.29316
334.9882
333.82863
332.79821
331.88283
331.07032
330.3503
329.71411
329.1546
328.66601
328.24384
327.88472
327.58632
327.34733
327.16736
327.04701
326.98783
326.99235
327.06418
327.20803
327.42977
327.73647
328.13639
328.63909
329.25622
330.00661
330.94193
331.26452
331.01889
330.2046
328.77623
327.53052
326.41485
325.40939
324.50145
323.68033
322.93655
322.2617
321.64842
321.09035
320.58201
320.11875
319.69658
319.31214
318.96257
318.64545
318.35875
318.10073
317.86994
317.66517
317.48538
317.32971
317.19748
317.0881
317.00112
316.93618
316.89302
316.87149
344.07705
343.62771
342.7218
341.33988
339.4246
337.76281
336.29316
334.9882
333.82863
332.79821
331.88283
331.07032
330.3503
329.71411
329.1546
328.66601
328.24384
327.88472
327.58632
327.34733
327.16736
327.04701
326.98783
326.99235
327.06418
327.20803
327.42977
327.73647
328.13639
328.63909
329.25622
330.00661
330.94193
331.26452
331.01889
330.2046
328.77623
327.53052
326.41485
325.40939
324.50145
323.68033
322.93655
322.2617
321.64842
321.09035
320.58201
320.11875
319.69658
319.31214
318.96257
318.64545
318.35875
318.10073
317.86994
317.66517
317.48538
317.32971
317.19748
317.0881
317.00112
316.93618
316.89302
316.87149
344.07705
343.62771
342.7218
341.33988
339.4246
337.76281
336.29316
334.9882
333.82863
332.79821
331.88283
331.07032
330.3503
329.71411
329.1546
328.66601
328.24384
327.88472
327.58632
327.34733
327.16736
327.04701
326.98783
326.99235
327.06418
327.20803
327.42977
327.73647
328.13639
328.63909
329.25622
330.00661
330.94193
331.26452
331.01889
330.2046
328.77623
327.53052
326.41485
325.40939
324.50145
323.68033
322.93655
322.2617
321.64842
321.09035
320.58201
320.11875
319.69658
319.31214
318.96257
318.64545
318.35875
318.10073
317.86994
317.66517
317.48538
317.32971
317.19748
317.0881
317.00112
316.93618
316.89302
316.87149
344.07705
343.62771
342.7218
341.33988
339.4246
337.76281
336.29316
334.9882
333.82863
332.79821
331.88283
331.07032
330.3503
329.71411
329.1546
328.66601
328.24384
327.88472
327.58632
327.34733
327.16736
327.04701
326.98783
326.99235
327.06418
327.20803
327.42977
327.73647
328.13639
328.63909
329.25622
330.00661
330.94193
331.26452
331.01889
330.2046
328.77623
327.53052
326.41485
325.40939
324.50145
323.68033
322.93655
322.2617
321.64842
321.09035
320.58201
320.11875
319.69658
319.31214
318.96257
318.64545
318.35875
318.10073
317.86994
317.66517
317.48538
317.32971
317.19748
317.0881
317.00112
316.93618
316.89302
316.87149
344.07705
343.62771
342.7218
341.33988
339.4246
337.76281
336.29316
334.9882
333.82863
332.79821
331.88283
331.07032
330.3503
329.71411
329.1546
328.66601
328.24384
327.88472
327.58632
327.34733
327.16736
327.04701
326.98783
326.99235
327.06418
327.20803
327.42977
327.73647
328.13639
328.63909
329.25622
330.00661
330.94193
331.26452
331.01889
330.2046
328.77623
327.53052
326.41485
325.40939
324.50145
323.68033
322.93655
322.2617
321.64842
321.09035
320.58201
320.11875
319.69658
319.31214
318.96257
318.64545
318.35875
318.10073
317.86994
317.66517
317.48538
317.32971
317.19748
317.0881
317.00112
316.93618
316.89302
316.87149
344.07705
343.62771
342.7218
341.33988
339.4246
337.76281
336.29316
334.9882
333.82863
332.79821
331.88283
331.07032
330.3503
329.71411
329.1546
328.66601
328.24384
327.88472
327.58632
327.34733
327.16736
327.04701
326.98783
326.99235
327.06418
327.20803
327.42977
327.73647
328.13639
328.63909
329.25622
330.00661
330.94193
331.26452
331.01889
330.2046
328.77623
327.53052
326.41485
325.40939
324.50145
323.68033
322.93655
322.2617
321.64842
321.09035
320.58201
320.11875
319.69658
319.31214
318.96257
318.64545
318.35875
318.10073
317.86994
317.66517
317.48538
317.32971
317.19748
317.0881
317.00112
316.93618
316.89302
316.87149
344.07705
343.62771
342.7218
341.33988
339.4246
337.76281
336.29316
334.9882
333.82863
332.79821
331.88283
331.07032
330.3503
329.71411
329.1546
328.66601
328.24384
327.88472
327.58632
327.34733
327.16736
327.04701
326.98783
326.99235
327.06418
327.20803
327.42977
327.73647
328.13639
328.63909
329.25622
330.00661
330.94193
331.26452
331.01889
330.2046
328.77623
327.53052
326.41485
325.40939
324.50145
323.68033
322.93655
322.2617
321.64842
321.09035
320.58201
320.11875
319.69658
319.31214
318.96257
318.64545
318.35875
318.10073
317.86994
317.66517
317.48538
317.32971
317.19748
317.0881
317.00112
316.93618
316.89302
316.87149
344.07705
343.62771
342.7218
341.33988
339.4246
337.76281
336.29316
334.9882
333.82863
332.79821
331.88283
331.07032
330.3503
329.71411
329.1546
328.66601
328.24384
327.88472
327.58632
327.34733
327.16736
327.04701
326.98783
326.99235
327.06418
327.20803
327.42977
327.73647
328.13639
328.63909
329.25622
330.00661
330.94193
331.26452
331.01889
330.2046
328.77623
327.53052
326.41485
325.40939
324.50145
323.68033
322.93655
322.2617
321.64842
321.09035
320.58201
320.11875
319.69658
319.31214
318.96257
318.64545
318.35875
318.10073
317.86994
317.66517
317.48538
317.32971
317.19748
317.0881
317.00112
316.93618
316.89302
316.87149
344.06355
343.6122
342.69936
341.29876
339.34435
337.66645
336.19478
334.89454
333.74251
332.72041
331.81309
331.0079
330.29426
329.66344
329.10833
328.6232
328.20362
327.84626
327.54885
327.31007
327.1296
327.008
326.94682
326.94863
327.01707
327.15696
327.37445
327.67711
328.07425
328.57736
329.20181
329.97326
330.9513
331.29287
331.04751
330.21478
328.74423
327.47804
326.35566
325.35046
324.44601
323.62973
322.8911
322.22122
321.61248
321.05845
320.55363
320.09339
319.67381
319.29156
318.94385
318.6283
318.34292
318.08601
317.85615
317.65214
317.47298
317.31785
317.18603
317.07699
316.99027
316.92551
316.88248
316.86101
344.06355
343.6122
342.69936
341.29876
339.34435
337.66645
336.19478
334.89454
333.74251
332.72041
331.81309
331.0079
330.29426
329.66344
329.10833
328.6232
328.20362
327.84626
327.54885
327.31007
327.1296
327.008
326.94682
326.94863
327.01707
327.15696
327.37445
327.67711
328.07425
328.57736
329.20181
329.97326
330.9513
331.29287
331.04751
330.21478
328.74423
327.47804
326.35566
325.35046
324.44601
323.62973
322.8911
322.22122
321.61248
321.05845
320.55363
320.09339
319.67381
319.29156
318.94385
318.6283
318.34292
318.08601
317.85615
317.65214
317.47298
317.31785
317.18603
317.07699
316.99027
316.92551
316.88248
316.86101
344.06355
343.6122
342.69936
341.29876
339.34435
337.66645
336.19478
334.89454
333.74251
332.72041
331.81309
331.0079
330.29426
329.66344
329.10833
328.6232
328.20362
327.84626
327.54885
327.31007
327.1296
327.008
326.94682
326.94863
327.01707
327.15696
327.37445
327.67711
328.07425
328.57736
329.20181
329.97326
330.9513
331.29287
331.04751
330.21478
328.74423
327.47804
326.35566
325.35046
324.44601
323.62973
322.8911
322.22122
321.61248
321.05845
320.55363
320.09339
319.67381
319.29156
318.94385
318.6283
318.34292
318.08601
317.85615
317.65214
317.47298
317.31785
317.18603
317.07699
316.99027
316.92551
316.88248
316.86101
344.06355
343.6122
342.69936
341.29876
339.34435
337.66645
336.19478
334.89454
333.74251
332.72041
331.81309
331.0079
330.29426
329.66344
329.10833
328.6232
328.20362
327.84626
327.54885
327.31007
327.1296
327.008
326.94682
326.94863
327.01707
327.15696
327.37445
327.67711
328.07425
328.57736
329.20181
329.97326
330.9513
331.29287
331.04751
330.21478
328.74423
327.47804
326.35566
325.35046
324.44601
323.62973
322.8911
322.22122
321.61248
321.05845
320.55363
320.09339
319.67381
319.29156
318.94385
318.6283
318.34292
318.08601
317.85615
317.65214
317.47298
317.31785
317.18603
317.07699
316.99027
316.92551
316.88248
316.86101
344.06355
343.6122
342.69936
341.29876
339.34435
337.66645
336.19478
334.89454
333.74251
332.72041
331.81309
331.0079
330.29426
329.66344
329.10833
328.6232
328.20362
327.84626
327.54885
327.31007
327.1296
327.008
326.94682
326.94863
327.01707
327.15696
327.37445
327.67711
328.07425
328.57736
329.20181
329.97326
330.9513
331.29287
331.04751
330.21478
328.74423
327.47804
326.35566
325.35046
324.44601
323.62973
322.8911
322.22122
321.61248
321.05845
320.55363
320.09339
319.67381
319.29156
318.94385
318.6283
318.34292
318.08601
317.85615
317.65214
317.47298
317.31785
317.18603
317.07699
316.99027
316.92551
316.88248
316.86101
344.06355
343.6122
342.69936
341.29876
339.34435
337.66645
336.19478
334.89454
333.74251
332.72041
331.81309
331.0079
330.29426
329.66344
329.10833
328.6232
328.20362
327.84626
327.54885
327.31007
327.1296
327.008
326.94682
326.94863
327.01707
327.15696
327.37445
327.67711
328.07425
328.57736
329.20181
329.97326
330.9513
331.29287
331.04751
330.21478
328.74423
327.47804
326.35566
325.35046
324.44601
323.62973
322.8911
322.22122
321.61248
321.05845
320.55363
320.09339
319.67381
319.29156
318.94385
318.6283
318.34292
318.08601
317.85615
317.65214
317.47298
317.31785
317.18603
317.07699
316.99027
316.92551
316.88248
316.86101
344.06355
343.6122
342.69936
341.29876
339.34435
337.66645
336.19478
334.89454
333.74251
332.72041
331.81309
331.0079
330.29426
329.66344
329.10833
328.6232
328.20362
327.84626
327.54885
327.31007
327.1296
327.008
326.94682
326.94863
327.01707
327.15696
327.37445
327.67711
328.07425
328.57736
329.20181
329.97326
330.9513
331.29287
331.04751
330.21478
328.74423
327.47804
326.35566
325.35046
324.44601
323.62973
322.8911
322.22122
321.61248
321.05845
320.55363
320.09339
319.67381
319.29156
318.94385
318.6283
318.34292
318.08601
317.85615
317.65214
317.47298
317.31785
317.18603
317.07699
316.99027
316.92551
316.88248
316.86101
344.06355
343.6122
342.69936
341.29876
339.34435
337.66645
336.19478
334.89454
333.74251
332.72041
331.81309
331.0079
330.29426
329.66344
329.10833
328.6232
328.20362
327.84626
327.54885
327.31007
327.1296
327.008
326.94682
326.94863
327.01707
327.15696
327.37445
327.67711
328.07425
328.57736
329.20181
329.97326
330.9513
331.29287
331.04751
330.21478
328.74423
327.47804
326.35566
325.35046
324.44601
323.62973
322.8911
322.22122
321.61248
321.05845
320.55363
320.09339
319.67381
319.29156
318.94385
318.6283
318.34292
318.08601
317.85615
317.65214
317.47298
317.31785
317.18603
317.07699
316.99027
316.92551
316.88248
316.86101
344.06355
343.6122
342.69936
341.29876
339.34435
337.66645
336.19478
334.89454
333.74251
332.72041
331.81309
331.0079
330.29426
329.66344
329.10833
328.6232
328.20362
327.84626
327.54885
327.31007
327.1296
327.008
326.94682
326.94863
327.01707
327.15696
327.37445
327.67711
328.07425
328.57736
329.20181
329.97326
330.9513
331.29287
331.04751
330.21478
328.74423
327.47804
326.35566
325.35046
324.44601
323.62973
322.8911
322.22122
321.61248
321.05845
320.55363
320.09339
319.67381
319.29156
318.94385
318.6283
318.34292
318.08601
317.85615
317.65214
317.47298
317.31785
317.18603
317.07699
316.99027
316.92551
316.88248
316.86101
344.06355
343.6122
342.69936
341.29876
339.34435
337.66645
336.19478
334.89454
333.74251
332.72041
331.81309
331.0079
330.29426
329.66344
329.10833
328.6232
328.20362
327.84626
327.54885
327.31007
327.1296
327.008
326.94682
326.94863
327.01707
327.15696
327.37445
327.67711
328.07425
328.57736
329.20181
329.97326
330.9513
331.29287
331.04751
330.21478
328.74423
327.47804
326.35566
325.35046
324.44601
323.62973
322.8911
322.22122
321.61248
321.05845
320.55363
320.09339
319.67381
319.29156
318.94385
318.6283
318.34292
318.08601
317.85615
317.65214
317.47298
317.31785
317.18603
317.07699
316.99027
316.92551
316.88248
316.86101
344.06355
343.6122
342.69936
341.29876
339.34435
337.66645
336.19478
334.89454
333.74251
332.72041
331.81309
331.0079
330.29426
329.66344
329.10833
328.6232
328.20362
327.84626
327.54885
327.31007
327.1296
327.008
326.94682
326.94863
327.01707
327.15696
327.37445
327.67711
328.07425
328.57736
329.20181
329.97326
330.9513
331.29287
331.04751
330.21478
328.74423
327.47804
326.35566
325.35046
324.44601
323.62973
322.8911
322.22122
321.61248
321.05845
320.55363
320.09339
319.67381
319.29156
318.94385
318.6283
318.34292
318.08601
317.85615
317.65214
317.47298
317.31785
317.18603
317.07699
316.99027
316.92551
316.88248
316.86101
344.06355
343.6122
342.69936
341.29876
339.34435
337.66645
336.19478
334.89454
333.74251
332.72041
331.81309
331.0079
330.29426
329.66344
329.10833
328.6232
328.20362
327.84626
327.54885
327.31007
327.1296
327.008
326.94682
326.94863
327.01707
327.15696
327.37445
327.67711
328.07425
328.57736
329.20181
329.97326
330.9513
331.29287
331.04751
330.21478
328.74423
327.47804
326.35566
325.35046
324.44601
323.62973
322.8911
322.22122
321.61248
321.05845
320.55363
320.09339
319.67381
319.29156
318.94385
318.6283
318.34292
318.08601
317.85615
317.65214
317.47298
317.31785
317.18603
317.07699
316.99027
316.92551
316.88248
316.86101
344.06355
343.6122
342.69936
341.29876
339.34435
337.66645
336.19478
334.89454
333.74251
332.72041
331.81309
331.0079
330.29426
329.66344
329.10833
328.6232
328.20362
327.84626
327.54885
327.31007
327.1296
327.008
326.94682
326.94863
327.01707
327.15696
327.37445
327.67711
328.07425
328.57736
329.20181
329.97326
330.9513
331.29287
331.04751
330.21478
328.74423
327.47804
326.35566
325.35046
324.44601
323.62973
322.8911
322.22122
321.61248
321.05845
320.55363
320.09339
319.67381
319.29156
318.94385
318.6283
318.34292
318.08601
317.85615
317.65214
317.47298
317.31785
317.18603
317.07699
316.99027
316.92551
316.88248
316.86101
344.06355
343.6122
342.69936
341.29876
339.34435
337.66645
336.19478
334.89454
333.74251
332.72041
331.81309
331.0079
330.29426
329.66344
329.10833
328.6232
328.20362
327.84626
327.54885
327.31007
327.1296
327.008
326.94682
326.94863
327.01707
327.15696
327.37445
327.67711
328.07425
328.57736
329.20181
329.97326
330.9513
331.29287
331.04751
330.21478
328.74423
327.47804
326.35566
325.35046
324.44601
323.62973
322.8911
322.22122
321.61248
321.05845
320.55363
320.09339
319.67381
319.29156
318.94385
318.6283
318.34292
318.08601
317.85615
317.65214
317.47298
317.31785
317.18603
317.07699
316.99027
316.92551
316.88248
316.86101
344.06355
343.6122
342.69936
341.29876
339.34435
337.66645
336.19478
334.89454
333.74251
332.72041
331.81309
331.0079
330.29426
329.66344
329.10833
328.6232
328.20362
327.84626
327.54885
327.31007
327.1296
327.008
326.94682
326.94863
327.01707
327.15696
327.37445
327.67711
328.07425
328.57736
329.20181
329.97326
330.9513
331.29287
331.04751
330.21478
328.74423
327.47804
326.35566
325.35046
324.44601
323.62973
322.8911
322.22122
321.61248
321.05845
320.55363
320.09339
319.67381
319.29156
318.94385
318.6283
318.34292
318.08601
317.85615
317.65214
317.47298
317.31785
317.18603
317.07699
316.99027
316.92551
316.88248
316.86101
344.06355
343.6122
342.69936
341.29876
339.34435
337.66645
336.19478
334.89454
333.74251
332.72041
331.81309
331.0079
330.29426
329.66344
329.10833
328.6232
328.20362
327.84626
327.54885
327.31007
327.1296
327.008
326.94682
326.94863
327.01707
327.15696
327.37445
327.67711
328.07425
328.57736
329.20181
329.97326
330.9513
331.29287
331.04751
330.21478
328.74423
327.47804
326.35566
325.35046
324.44601
323.62973
322.8911
322.22122
321.61248
321.05845
320.55363
320.09339
319.67381
319.29156
318.94385
318.6283
318.34292
318.08601
317.85615
317.65214
317.47298
317.31785
317.18603
317.07699
316.99027
316.92551
316.88248
316.86101
343.99079
343.53851
342.62157
341.20942
339.23432
337.54788
336.07793
334.78492
333.64239
332.63023
331.73235
330.93562
330.2293
329.60463
329.05452
328.57334
328.1567
327.80135
327.50505
327.26654
327.08549
326.96247
326.89903
326.89774
326.96226
327.09754
327.30994
327.60758
328.00069
328.50256
329.13156
329.91765
330.92135
331.27657
331.03152
330.18577
328.69022
327.41007
326.28385
325.28066
324.38109
323.57076
322.83825
322.17415
321.57066
321.02124
320.52044
320.06365
319.64701
319.26727
318.92167
318.6079
318.32402
318.06837
317.83956
317.63643
317.458
317.30346
317.17214
317.06348
316.97705
316.91251
316.86962
316.84821
343.99079
343.53851
342.62157
341.20942
339.23432
337.54788
336.07793
334.78492
333.64239
332.63023
331.73235
330.93562
330.2293
329.60463
329.05452
328.57334
328.1567
327.80135
327.50505
327.26654
327.08549
326.96247
326.89903
326.89774
326.96226
327.09754
327.30994
327.60758
328.00069
328.50256
329.13156
329.91765
330.92135
331.27657
331.03152
330.18577
328.69022
327.41007
326.28385
325.28066
324.38109
323.57076
322.83825
322.17415
321.57066
321.02124
320.52044
320.06365
319.64701
319.26727
318.92167
318.6079
318.32402
318.06837
317.83956
317.63643
317.458
317.30346
317.17214
317.06348
316.97705
316.91251
316.86962
316.84821
343.99079
343.53851
342.62157
341.20942
339.23432
337.54788
336.07793
334.78492
333.64239
332.63023
331.73235
330.93562
330.2293
329.60463
329.05452
328.57334
328.1567
327.80135
327.50505
327.26654
327.08549
326.96247
326.89903
326.89774
326.96226
327.09754
327.30994
327.60758
328.00069
328.50256
329.13156
329.91765
330.92135
331.27657
331.03152
330.18577
328.69022
327.41007
326.28385
325.28066
324.38109
323.57076
322.83825
322.17415
321.57066
321.02124
320.52044
320.06365
319.64701
319.26727
318.92167
318.6079
318.32402
318.06837
317.83956
317.63643
317.458
317.30346
317.17214
317.06348
316.97705
316.91251
316.86962
316.84821
343.99079
343.53851
342.62157
341.20942
339.23432
337.54788
336.07793
334.78492
333.64239
332.63023
331.73235
330.93562
330.2293
329.60463
329.05452
328.57334
328.1567
327.80135
327.50505
327.26654
327.08549
326.96247
326.89903
326.89774
326.96226
327.09754
327.30994
327.60758
328.00069
328.50256
329.13156
329.91765
330.92135
331.27657
331.03152
330.18577
328.69022
327.41007
326.28385
325.28066
324.38109
323.57076
322.83825
322.17415
321.57066
321.02124
320.52044
320.06365
319.64701
319.26727
318.92167
318.6079
318.32402
318.06837
317.83956
317.63643
317.458
317.30346
317.17214
317.06348
316.97705
316.91251
316.86962
316.84821
343.99079
343.53851
342.62157
341.20942
339.23432
337.54788
336.07793
334.78492
333.64239
332.63023
331.73235
330.93562
330.2293
329.60463
329.05452
328.57334
328.1567
327.80135
327.50505
327.26654
327.08549
326.96247
326.89903
326.89774
326.96226
327.09754
327.30994
327.60758
328.00069
328.50256
329.13156
329.91765
330.92135
331.27657
331.03152
330.18577
328.69022
327.41007
326.28385
325.28066
324.38109
323.57076
322.83825
322.17415
321.57066
321.02124
320.52044
320.06365
319.64701
319.26727
318.92167
318.6079
318.32402
318.06837
317.83956
317.63643
317.458
317.30346
317.17214
317.06348
316.97705
316.91251
316.86962
316.84821
343.99079
343.53851
342.62157
341.20942
339.23432
337.54788
336.07793
334.78492
333.64239
332.63023
331.73235
330.93562
330.2293
329.60463
329.05452
328.57334
328.1567
327.80135
327.50505
327.26654
327.08549
326.96247
326.89903
326.89774
326.96226
327.09754
327.30994
327.60758
328.00069
328.50256
329.13156
329.91765
330.92135
331.27657
331.03152
330.18577
328.69022
327.41007
326.28385
325.28066
324.38109
323.57076
322.83825
322.17415
321.57066
321.02124
320.52044
320.06365
319.64701
319.26727
318.92167
318.6079
318.32402
318.06837
317.83956
317.63643
317.458
317.30346
317.17214
317.06348
316.97705
316.91251
316.86962
316.84821
343.99079
343.53851
342.62157
341.20942
339.23432
337.54788
336.07793
334.78492
333.64239
332.63023
331.73235
330.93562
330.2293
329.60463
329.05452
328.57334
328.1567
327.80135
327.50505
327.26654
327.08549
326.96247
326.89903
326.89774
326.96226
327.09754
327.30994
327.60758
328.00069
328.50256
329.13156
329.91765
330.92135
331.27657
331.03152
330.18577
328.69022
327.41007
326.28385
325.28066
324.38109
323.57076
322.83825
322.17415
321.57066
321.02124
320.52044
320.06365
319.64701
319.26727
318.92167
318.6079
318.32402
318.06837
317.83956
317.63643
317.458
317.30346
317.17214
317.06348
316.97705
316.91251
316.86962
316.84821
343.99079
343.53851
342.62157
341.20942
339.23432
337.54788
336.07793
334.78492
333.64239
332.63023
331.73235
330.93562
330.2293
329.60463
329.05452
328.57334
328.1567
327.80135
327.50505
327.26654
327.08549
326.96247
326.89903
326.89774
326.96226
327.09754
327.30994
327.60758
328.00069
328.50256
329.13156
329.91765
330.92135
331.27657
331.03152
330.18577
328.69022
327.41007
326.28385
325.28066
324.38109
323.57076
322.83825
322.17415
321.57066
321.02124
320.52044
320.06365
319.64701
319.26727
318.92167
318.6079
318.32402
318.06837
317.83956
317.63643
317.458
317.30346
317.17214
317.06348
316.97705
316.91251
316.86962
316.84821
343.99079
343.53851
342.62157
341.20942
339.23432
337.54788
336.07793
334.78492
333.64239
332.63023
331.73235
330.93562
330.2293
329.60463
329.05452
328.57334
328.1567
327.80135
327.50505
327.26654
327.08549
326.96247
326.89903
326.89774
326.96226
327.09754
327.30994
327.60758
328.00069
328.50256
329.13156
329.91765
330.92135
331.27657
331.03152
330.18577
328.69022
327.41007
326.28385
325.28066
324.38109
323.57076
322.83825
322.17415
321.57066
321.02124
320.52044
320.06365
319.64701
319.26727
318.92167
318.6079
318.32402
318.06837
317.83956
317.63643
317.458
317.30346
317.17214
317.06348
316.97705
316.91251
316.86962
316.84821
343.99079
343.53851
342.62157
341.20942
339.23432
337.54788
336.07793
334.78492
333.64239
332.63023
331.73235
330.93562
330.2293
329.60463
329.05452
328.57334
328.1567
327.80135
327.50505
327.26654
327.08549
326.96247
326.89903
326.89774
326.96226
327.09754
327.30994
327.60758
328.00069
328.50256
329.13156
329.91765
330.92135
331.27657
331.03152
330.18577
328.69022
327.41007
326.28385
325.28066
324.38109
323.57076
322.83825
322.17415
321.57066
321.02124
320.52044
320.06365
319.64701
319.26727
318.92167
318.6079
318.32402
318.06837
317.83956
317.63643
317.458
317.30346
317.17214
317.06348
316.97705
316.91251
316.86962
316.84821
343.99079
343.53851
342.62157
341.20942
339.23432
337.54788
336.07793
334.78492
333.64239
332.63023
331.73235
330.93562
330.2293
329.60463
329.05452
328.57334
328.1567
327.80135
327.50505
327.26654
327.08549
326.96247
326.89903
326.89774
326.96226
327.09754
327.30994
327.60758
328.00069
328.50256
329.13156
329.91765
330.92135
331.27657
331.03152
330.18577
328.69022
327.41007
326.28385
325.28066
324.38109
323.57076
322.83825
322.17415
321.57066
321.02124
320.52044
320.06365
319.64701
319.26727
318.92167
318.6079
318.32402
318.06837
317.83956
317.63643
317.458
317.30346
317.17214
317.06348
316.97705
316.91251
316.86962
316.84821
343.99079
343.53851
342.62157
341.20942
339.23432
337.54788
336.07793
334.78492
333.64239
332.63023
331.73235
330.93562
330.2293
329.60463
329.05452
328.57334
328.1567
327.80135
327.50505
327.26654
327.08549
326.96247
326.89903
326.89774
326.96226
327.09754
327.30994
327.60758
328.00069
328.50256
329.13156
329.91765
330.92135
331.27657
331.03152
330.18577
328.69022
327.41007
326.28385
325.28066
324.38109
323.57076
322.83825
322.17415
321.57066
321.02124
320.52044
320.06365
319.64701
319.26727
318.92167
318.6079
318.32402
318.06837
317.83956
317.63643
317.458
317.30346
317.17214
317.06348
316.97705
316.91251
316.86962
316.84821
343.99079
343.53851
342.62157
341.20942
339.23432
337.54788
336.07793
334.78492
333.64239
332.63023
331.73235
330.93562
330.2293
329.60463
329.05452
328.57334
328.1567
327.80135
327.50505
327.26654
327.08549
326.96247
326.89903
326.89774
326.96226
327.09754
327.30994
327.60758
328.00069
328.50256
329.13156
329.91765
330.92135
331.27657
331.03152
330.18577
328.69022
327.41007
326.28385
325.28066
324.38109
323.57076
322.83825
322.17415
321.57066
321.02124
320.52044
320.06365
319.64701
319.26727
318.92167
318.6079
318.32402
318.06837
317.83956
317.63643
317.458
317.30346
317.17214
317.06348
316.97705
316.91251
316.86962
316.84821
343.99079
343.53851
342.62157
341.20942
339.23432
337.54788
336.07793
334.78492
333.64239
332.63023
331.73235
330.93562
330.2293
329.60463
329.05452
328.57334
328.1567
327.80135
327.50505
327.26654
327.08549
326.96247
326.89903
326.89774
326.96226
327.09754
327.30994
327.60758
328.00069
328.50256
329.13156
329.91765
330.92135
331.27657
331.03152
330.18577
328.69022
327.41007
326.28385
325.28066
324.38109
323.57076
322.83825
322.17415
321.57066
321.02124
320.52044
320.06365
319.64701
319.26727
318.92167
318.6079
318.32402
318.06837
317.83956
317.63643
317.458
317.30346
317.17214
317.06348
316.97705
316.91251
316.86962
316.84821
343.99079
343.53851
342.62157
341.20942
339.23432
337.54788
336.07793
334.78492
333.64239
332.63023
331.73235
330.93562
330.2293
329.60463
329.05452
328.57334
328.1567
327.80135
327.50505
327.26654
327.08549
326.96247
326.89903
326.89774
326.96226
327.09754
327.30994
327.60758
328.00069
328.50256
329.13156
329.91765
330.92135
331.27657
331.03152
330.18577
328.69022
327.41007
326.28385
325.28066
324.38109
323.57076
322.83825
322.17415
321.57066
321.02124
320.52044
320.06365
319.64701
319.26727
318.92167
318.6079
318.32402
318.06837
317.83956
317.63643
317.458
317.30346
317.17214
317.06348
316.97705
316.91251
316.86962
316.84821
343.99079
343.53851
342.62157
341.20942
339.23432
337.54788
336.07793
334.78492
333.64239
332.63023
331.73235
330.93562
330.2293
329.60463
329.05452
328.57334
328.1567
327.80135
327.50505
327.26654
327.08549
326.96247
326.89903
326.89774
326.96226
327.09754
327.30994
327.60758
328.00069
328.50256
329.13156
329.91765
330.92135
331.27657
331.03152
330.18577
328.69022
327.41007
326.28385
325.28066
324.38109
323.57076
322.83825
322.17415
321.57066
321.02124
320.52044
320.06365
319.64701
319.26727
318.92167
318.6079
318.32402
318.06837
317.83956
317.63643
317.458
317.30346
317.17214
317.06348
316.97705
316.91251
316.86962
316.84821
343.91828
343.4651
342.54407
341.1204
339.12413
337.42918
335.96097
334.67522
333.5422
332.54
331.65155
330.86329
330.16429
329.54577
329.00067
328.52343
328.10974
327.7564
327.46122
327.22298
327.04135
326.91691
326.85121
326.84681
326.90742
327.03807
327.2454
327.53799
327.92708
328.42768
329.06123
329.86192
330.89177
331.26061
331.01588
330.15714
328.63609
327.34201
326.21197
325.21081
324.31611
323.51175
322.78536
322.12704
321.5288
320.98401
320.48723
320.0339
319.6202
319.24295
318.89947
318.58749
318.30511
318.05071
317.82296
317.62071
317.44301
317.28907
317.15823
317.04995
316.96382
316.8995
316.85675
316.83541
343.91828
343.4651
342.54407
341.1204
339.12413
337.42918
335.96097
334.67522
333.5422
332.54
331.65155
330.86329
330.16429
329.54577
329.00067
328.52343
328.10974
327.7564
327.46122
327.22298
327.04135
326.91691
326.85121
326.84681
326.90742
327.03807
327.2454
327.53799
327.92708
328.42768
329.06123
329.86192
330.89177
331.26061
331.01588
330.15714
328.63609
327.34201
326.21197
325.21081
324.31611
323.51175
322.78536
322.12704
321.5288
320.98401
320.48723
320.0339
319.6202
319.24295
318.89947
318.58749
318.30511
318.05071
317.82296
317.62071
317.44301
317.28907
317.15823
317.04995
316.96382
316.8995
316.85675
316.83541
343.91828
343.4651
342.54407
341.1204
339.12413
337.42918
335.96097
334.67522
333.5422
332.54
331.65155
330.86329
330.16429
329.54577
329.00067
328.52343
328.10974
327.7564
327.46122
327.22298
327.04135
326.91691
326.85121
326.84681
326.90742
327.03807
327.2454
327.53799
327.92708
328.42768
329.06123
329.86192
330.89177
331.26061
331.01588
330.15714
328.63609
327.34201
326.21197
325.21081
324.31611
323.51175
322.78536
322.12704
321.5288
320.98401
320.48723
320.0339
319.6202
319.24295
318.89947
318.58749
318.30511
318.05071
317.82296
317.62071
317.44301
317.28907
317.15823
317.04995
316.96382
316.8995
316.85675
316.83541
343.91828
343.4651
342.54407
341.1204
339.12413
337.42918
335.96097
334.67522
333.5422
332.54
331.65155
330.86329
330.16429
329.54577
329.00067
328.52343
328.10974
327.7564
327.46122
327.22298
327.04135
326.91691
326.85121
326.84681
326.90742
327.03807
327.2454
327.53799
327.92708
328.42768
329.06123
329.86192
330.89177
331.26061
331.01588
330.15714
328.63609
327.34201
326.21197
325.21081
324.31611
323.51175
322.78536
322.12704
321.5288
320.98401
320.48723
320.0339
319.6202
319.24295
318.89947
318.58749
318.30511
318.05071
317.82296
317.62071
317.44301
317.28907
317.15823
317.04995
316.96382
316.8995
316.85675
316.83541
343.91828
343.4651
342.54407
341.1204
339.12413
337.42918
335.96097
334.67522
333.5422
332.54
331.65155
330.86329
330.16429
329.54577
329.00067
328.52343
328.10974
327.7564
327.46122
327.22298
327.04135
326.91691
326.85121
326.84681
326.90742
327.03807
327.2454
327.53799
327.92708
328.42768
329.06123
329.86192
330.89177
331.26061
331.01588
330.15714
328.63609
327.34201
326.21197
325.21081
324.31611
323.51175
322.78536
322.12704
321.5288
320.98401
320.48723
320.0339
319.6202
319.24295
318.89947
318.58749
318.30511
318.05071
317.82296
317.62071
317.44301
317.28907
317.15823
317.04995
316.96382
316.8995
316.85675
316.83541
343.91828
343.4651
342.54407
341.1204
339.12413
337.42918
335.96097
334.67522
333.5422
332.54
331.65155
330.86329
330.16429
329.54577
329.00067
328.52343
328.10974
327.7564
327.46122
327.22298
327.04135
326.91691
326.85121
326.84681
326.90742
327.03807
327.2454
327.53799
327.92708
328.42768
329.06123
329.86192
330.89177
331.26061
331.01588
330.15714
328.63609
327.34201
326.21197
325.21081
324.31611
323.51175
322.78536
322.12704
321.5288
320.98401
320.48723
320.0339
319.6202
319.24295
318.89947
318.58749
318.30511
318.05071
317.82296
317.62071
317.44301
317.28907
317.15823
317.04995
316.96382
316.8995
316.85675
316.83541
343.91828
343.4651
342.54407
341.1204
339.12413
337.42918
335.96097
334.67522
333.5422
332.54
331.65155
330.86329
330.16429
329.54577
329.00067
328.52343
328.10974
327.7564
327.46122
327.22298
327.04135
326.91691
326.85121
326.84681
326.90742
327.03807
327.2454
327.53799
327.92708
328.42768
329.06123
329.86192
330.89177
331.26061
331.01588
330.15714
328.63609
327.34201
326.21197
325.21081
324.31611
323.51175
322.78536
322.12704
321.5288
320.98401
320.48723
320.0339
319.6202
319.24295
318.89947
318.58749
318.30511
318.05071
317.82296
317.62071
317.44301
317.28907
317.15823
317.04995
316.96382
316.8995
316.85675
316.83541
343.91828
343.4651
342.54407
341.1204
339.12413
337.42918
335.96097
334.67522
333.5422
332.54
331.65155
330.86329
330.16429
329.54577
329.00067
328.52343
328.10974
327.7564
327.46122
327.22298
327.04135
326.91691
326.85121
326.84681
326.90742
327.03807
327.2454
327.53799
327.92708
328.42768
329.06123
329.86192
330.89177
331.26061
331.01588
330.15714
328.63609
327.34201
326.21197
325.21081
324.31611
323.51175
322.78536
322.12704
321.5288
320.98401
320.48723
320.0339
319.6202
319.24295
318.89947
318.58749
318.30511
318.05071
317.82296
317.62071
317.44301
317.28907
317.15823
317.04995
316.96382
316.8995
316.85675
316.83541
343.91828
343.4651
342.54407
341.1204
339.12413
337.42918
335.96097
334.67522
333.5422
332.54
331.65155
330.86329
330.16429
329.54577
329.00067
328.52343
328.10974
327.7564
327.46122
327.22298
327.04135
326.91691
326.85121
326.84681
326.90742
327.03807
327.2454
327.53799
327.92708
328.42768
329.06123
329.86192
330.89177
331.26061
331.01588
330.15714
328.63609
327.34201
326.21197
325.21081
324.31611
323.51175
322.78536
322.12704
321.5288
320.98401
320.48723
320.0339
319.6202
319.24295
318.89947
318.58749
318.30511
318.05071
317.82296
317.62071
317.44301
317.28907
317.15823
317.04995
316.96382
316.8995
316.85675
316.83541
343.91828
343.4651
342.54407
341.1204
339.12413
337.42918
335.96097
334.67522
333.5422
332.54
331.65155
330.86329
330.16429
329.54577
329.00067
328.52343
328.10974
327.7564
327.46122
327.22298
327.04135
326.91691
326.85121
326.84681
326.90742
327.03807
327.2454
327.53799
327.92708
328.42768
329.06123
329.86192
330.89177
331.26061
331.01588
330.15714
328.63609
327.34201
326.21197
325.21081
324.31611
323.51175
322.78536
322.12704
321.5288
320.98401
320.48723
320.0339
319.6202
319.24295
318.89947
318.58749
318.30511
318.05071
317.82296
317.62071
317.44301
317.28907
317.15823
317.04995
316.96382
316.8995
316.85675
316.83541
343.91828
343.4651
342.54407
341.1204
339.12413
337.42918
335.96097
334.67522
333.5422
332.54
331.65155
330.86329
330.16429
329.54577
329.00067
328.52343
328.10974
327.7564
327.46122
327.22298
327.04135
326.91691
326.85121
326.84681
326.90742
327.03807
327.2454
327.53799
327.92708
328.42768
329.06123
329.86192
330.89177
331.26061
331.01588
330.15714
328.63609
327.34201
326.21197
325.21081
324.31611
323.51175
322.78536
322.12704
321.5288
320.98401
320.48723
320.0339
319.6202
319.24295
318.89947
318.58749
318.30511
318.05071
317.82296
317.62071
317.44301
317.28907
317.15823
317.04995
316.96382
316.8995
316.85675
316.83541
343.91828
343.4651
342.54407
341.1204
339.12413
337.42918
335.96097
334.67522
333.5422
332.54
331.65155
330.86329
330.16429
329.54577
329.00067
328.52343
328.10974
327.7564
327.46122
327.22298
327.04135
326.91691
326.85121
326.84681
326.90742
327.03807
327.2454
327.53799
327.92708
328.42768
329.06123
329.86192
330.89177
331.26061
331.01588
330.15714
328.63609
327.34201
326.21197
325.21081
324.31611
323.51175
322.78536
322.12704
321.5288
320.98401
320.48723
320.0339
319.6202
319.24295
318.89947
318.58749
318.30511
318.05071
317.82296
317.62071
317.44301
317.28907
317.15823
317.04995
316.96382
316.8995
316.85675
316.83541
343.91828
343.4651
342.54407
341.1204
339.12413
337.42918
335.96097
334.67522
333.5422
332.54
331.65155
330.86329
330.16429
329.54577
329.00067
328.52343
328.10974
327.7564
327.46122
327.22298
327.04135
326.91691
326.85121
326.84681
326.90742
327.03807
327.2454
327.53799
327.92708
328.42768
329.06123
329.86192
330.89177
331.26061
331.01588
330.15714
328.63609
327.34201
326.21197
325.21081
324.31611
323.51175
322.78536
322.12704
321.5288
320.98401
320.48723
320.0339
319.6202
319.24295
318.89947
318.58749
318.30511
318.05071
317.82296
317.62071
317.44301
317.28907
317.15823
317.04995
316.96382
316.8995
316.85675
316.83541
343.91828
343.4651
342.54407
341.1204
339.12413
337.42918
335.96097
334.67522
333.5422
332.54
331.65155
330.86329
330.16429
329.54577
329.00067
328.52343
328.10974
327.7564
327.46122
327.22298
327.04135
326.91691
326.85121
326.84681
326.90742
327.03807
327.2454
327.53799
327.92708
328.42768
329.06123
329.86192
330.89177
331.26061
331.01588
330.15714
328.63609
327.34201
326.21197
325.21081
324.31611
323.51175
322.78536
322.12704
321.5288
320.98401
320.48723
320.0339
319.6202
319.24295
318.89947
318.58749
318.30511
318.05071
317.82296
317.62071
317.44301
317.28907
317.15823
317.04995
316.96382
316.8995
316.85675
316.83541
343.91828
343.4651
342.54407
341.1204
339.12413
337.42918
335.96097
334.67522
333.5422
332.54
331.65155
330.86329
330.16429
329.54577
329.00067
328.52343
328.10974
327.7564
327.46122
327.22298
327.04135
326.91691
326.85121
326.84681
326.90742
327.03807
327.2454
327.53799
327.92708
328.42768
329.06123
329.86192
330.89177
331.26061
331.01588
330.15714
328.63609
327.34201
326.21197
325.21081
324.31611
323.51175
322.78536
322.12704
321.5288
320.98401
320.48723
320.0339
319.6202
319.24295
318.89947
318.58749
318.30511
318.05071
317.82296
317.62071
317.44301
317.28907
317.15823
317.04995
316.96382
316.8995
316.85675
316.83541
343.91828
343.4651
342.54407
341.1204
339.12413
337.42918
335.96097
334.67522
333.5422
332.54
331.65155
330.86329
330.16429
329.54577
329.00067
328.52343
328.10974
327.7564
327.46122
327.22298
327.04135
326.91691
326.85121
326.84681
326.90742
327.03807
327.2454
327.53799
327.92708
328.42768
329.06123
329.86192
330.89177
331.26061
331.01588
330.15714
328.63609
327.34201
326.21197
325.21081
324.31611
323.51175
322.78536
322.12704
321.5288
320.98401
320.48723
320.0339
319.6202
319.24295
318.89947
318.58749
318.30511
318.05071
317.82296
317.62071
317.44301
317.28907
317.15823
317.04995
316.96382
316.8995
316.85675
316.83541
343.78671
343.33419
342.41283
340.98518
338.98147
337.28605
335.82437
334.54906
333.42792
332.4375
331.55996
330.78134
330.09061
329.479
328.93952
328.46668
328.05628
327.70518
327.41126
327.17332
326.99104
326.86502
326.79678
326.78887
326.84502
326.97035
327.17166
327.45801
327.84144
328.33849
328.97289
329.78151
330.82551
331.20287
330.9585
330.09197
328.55751
327.25628
326.12621
325.1295
324.2414
323.44434
322.72513
322.07347
321.48118
320.94161
320.44934
319.99987
319.58946
319.215
318.87388
318.56389
318.28318
318.03019
317.80362
317.60235
317.42546
317.27219
317.14189
317.03404
316.94824
316.88416
316.84156
316.8203
343.78671
343.33419
342.41283
340.98518
338.98147
337.28605
335.82437
334.54906
333.42792
332.4375
331.55996
330.78134
330.09061
329.479
328.93952
328.46668
328.05628
327.70518
327.41126
327.17332
326.99104
326.86502
326.79678
326.78887
326.84502
326.97035
327.17166
327.45801
327.84144
328.33849
328.97289
329.78151
330.82551
331.20287
330.9585
330.09197
328.55751
327.25628
326.12621
325.1295
324.2414
323.44434
322.72513
322.07347
321.48118
320.94161
320.44934
319.99987
319.58946
319.215
318.87388
318.56389
318.28318
318.03019
317.80362
317.60235
317.42546
317.27219
317.14189
317.03404
316.94824
316.88416
316.84156
316.8203
343.78671
343.33419
342.41283
340.98518
338.98147
337.28605
335.82437
334.54906
333.42792
332.4375
331.55996
330.78134
330.09061
329.479
328.93952
328.46668
328.05628
327.70518
327.41126
327.17332
326.99104
326.86502
326.79678
326.78887
326.84502
326.97035
327.17166
327.45801
327.84144
328.33849
328.97289
329.78151
330.82551
331.20287
330.9585
330.09197
328.55751
327.25628
326.12621
325.1295
324.2414
323.44434
322.72513
322.07347
321.48118
320.94161
320.44934
319.99987
319.58946
319.215
318.87388
318.56389
318.28318
318.03019
317.80362
317.60235
317.42546
317.27219
317.14189
317.03404
316.94824
316.88416
316.84156
316.8203
343.78671
343.33419
342.41283
340.98518
338.98147
337.28605
335.82437
334.54906
333.42792
332.4375
331.55996
330.78134
330.09061
329.479
328.93952
328.46668
328.05628
327.70518
327.41126
327.17332
326.99104
326.86502
326.79678
326.78887
326.84502
326.97035
327.17166
327.45801
327.84144
328.33849
328.97289
329.78151
330.82551
331.20287
330.9585
330.09197
328.55751
327.25628
326.12621
325.1295
324.2414
323.44434
322.72513
322.07347
321.48118
320.94161
320.44934
319.99987
319.58946
319.215
318.87388
318.56389
318.28318
318.03019
317.80362
317.60235
317.42546
317.27219
317.14189
317.03404
316.94824
316.88416
316.84156
316.8203
343.78671
343.33419
342.41283
340.98518
338.98147
337.28605
335.82437
334.54906
333.42792
332.4375
331.55996
330.78134
330.09061
329.479
328.93952
328.46668
328.05628
327.70518
327.41126
327.17332
326.99104
326.86502
326.79678
326.78887
326.84502
326.97035
327.17166
327.45801
327.84144
328.33849
328.97289
329.78151
330.82551
331.20287
330.9585
330.09197
328.55751
327.25628
326.12621
325.1295
324.2414
323.44434
322.72513
322.07347
321.48118
320.94161
320.44934
319.99987
319.58946
319.215
318.87388
318.56389
318.28318
318.03019
317.80362
317.60235
317.42546
317.27219
317.14189
317.03404
316.94824
316.88416
316.84156
316.8203
343.78671
343.33419
342.41283
340.98518
338.98147
337.28605
335.82437
334.54906
333.42792
332.4375
331.55996
330.78134
330.09061
329.479
328.93952
328.46668
328.05628
327.70518
327.41126
327.17332
326.99104
326.86502
326.79678
326.78887
326.84502
326.97035
327.17166
327.45801
327.84144
328.33849
328.97289
329.78151
330.82551
331.20287
330.9585
330.09197
328.55751
327.25628
326.12621
325.1295
324.2414
323.44434
322.72513
322.07347
321.48118
320.94161
320.44934
319.99987
319.58946
319.215
318.87388
318.56389
318.28318
318.03019
317.80362
317.60235
317.42546
317.27219
317.14189
317.03404
316.94824
316.88416
316.84156
316.8203
343.78671
343.33419
342.41283
340.98518
338.98147
337.28605
335.82437
334.54906
333.42792
332.4375
331.55996
330.78134
330.09061
329.479
328.93952
328.46668
328.05628
327.70518
327.41126
327.17332
326.99104
326.86502
326.79678
326.78887
326.84502
326.97035
327.17166
327.45801
327.84144
328.33849
328.97289
329.78151
330.82551
331.20287
330.9585
330.09197
328.55751
327.25628
326.12621
325.1295
324.2414
323.44434
322.72513
322.07347
321.48118
320.94161
320.44934
319.99987
319.58946
319.215
318.87388
318.56389
318.28318
318.03019
317.80362
317.60235
317.42546
317.27219
317.14189
317.03404
316.94824
316.88416
316.84156
316.8203
343.78671
343.33419
342.41283
340.98518
338.98147
337.28605
335.82437
334.54906
333.42792
332.4375
331.55996
330.78134
330.09061
329.479
328.93952
328.46668
328.05628
327.70518
327.41126
327.17332
326.99104
326.86502
326.79678
326.78887
326.84502
326.97035
327.17166
327.45801
327.84144
328.33849
328.97289
329.78151
330.82551
331.20287
330.9585
330.09197
328.55751
327.25628
326.12621
325.1295
324.2414
323.44434
322.72513
322.07347
321.48118
320.94161
320.44934
319.99987
319.58946
319.215
318.87388
318.56389
318.28318
318.03019
317.80362
317.60235
317.42546
317.27219
317.14189
317.03404
316.94824
316.88416
316.84156
316.8203
343.78671
343.33419
342.41283
340.98518
338.98147
337.28605
335.82437
334.54906
333.42792
332.4375
331.55996
330.78134
330.09061
329.479
328.93952
328.46668
328.05628
327.70518
327.41126
327.17332
326.99104
326.86502
326.79678
326.78887
326.84502
326.97035
327.17166
327.45801
327.84144
328.33849
328.97289
329.78151
330.82551
331.20287
330.9585
330.09197
328.55751
327.25628
326.12621
325.1295
324.2414
323.44434
322.72513
322.07347
321.48118
320.94161
320.44934
319.99987
319.58946
319.215
318.87388
318.56389
318.28318
318.03019
317.80362
317.60235
317.42546
317.27219
317.14189
317.03404
316.94824
316.88416
316.84156
316.8203
343.78671
343.33419
342.41283
340.98518
338.98147
337.28605
335.82437
334.54906
333.42792
332.4375
331.55996
330.78134
330.09061
329.479
328.93952
328.46668
328.05628
327.70518
327.41126
327.17332
326.99104
326.86502
326.79678
326.78887
326.84502
326.97035
327.17166
327.45801
327.84144
328.33849
328.97289
329.78151
330.82551
331.20287
330.9585
330.09197
328.55751
327.25628
326.12621
325.1295
324.2414
323.44434
322.72513
322.07347
321.48118
320.94161
320.44934
319.99987
319.58946
319.215
318.87388
318.56389
318.28318
318.03019
317.80362
317.60235
317.42546
317.27219
317.14189
317.03404
316.94824
316.88416
316.84156
316.8203
343.78671
343.33419
342.41283
340.98518
338.98147
337.28605
335.82437
334.54906
333.42792
332.4375
331.55996
330.78134
330.09061
329.479
328.93952
328.46668
328.05628
327.70518
327.41126
327.17332
326.99104
326.86502
326.79678
326.78887
326.84502
326.97035
327.17166
327.45801
327.84144
328.33849
328.97289
329.78151
330.82551
331.20287
330.9585
330.09197
328.55751
327.25628
326.12621
325.1295
324.2414
323.44434
322.72513
322.07347
321.48118
320.94161
320.44934
319.99987
319.58946
319.215
318.87388
318.56389
318.28318
318.03019
317.80362
317.60235
317.42546
317.27219
317.14189
317.03404
316.94824
316.88416
316.84156
316.8203
343.78671
343.33419
342.41283
340.98518
338.98147
337.28605
335.82437
334.54906
333.42792
332.4375
331.55996
330.78134
330.09061
329.479
328.93952
328.46668
328.05628
327.70518
327.41126
327.17332
326.99104
326.86502
326.79678
326.78887
326.84502
326.97035
327.17166
327.45801
327.84144
328.33849
328.97289
329.78151
330.82551
331.20287
330.9585
330.09197
328.55751
327.25628
326.12621
325.1295
324.2414
323.44434
322.72513
322.07347
321.48118
320.94161
320.44934
319.99987
319.58946
319.215
318.87388
318.56389
318.28318
318.03019
317.80362
317.60235
317.42546
317.27219
317.14189
317.03404
316.94824
316.88416
316.84156
316.8203
343.78671
343.33419
342.41283
340.98518
338.98147
337.28605
335.82437
334.54906
333.42792
332.4375
331.55996
330.78134
330.09061
329.479
328.93952
328.46668
328.05628
327.70518
327.41126
327.17332
326.99104
326.86502
326.79678
326.78887
326.84502
326.97035
327.17166
327.45801
327.84144
328.33849
328.97289
329.78151
330.82551
331.20287
330.9585
330.09197
328.55751
327.25628
326.12621
325.1295
324.2414
323.44434
322.72513
322.07347
321.48118
320.94161
320.44934
319.99987
319.58946
319.215
318.87388
318.56389
318.28318
318.03019
317.80362
317.60235
317.42546
317.27219
317.14189
317.03404
316.94824
316.88416
316.84156
316.8203
343.78671
343.33419
342.41283
340.98518
338.98147
337.28605
335.82437
334.54906
333.42792
332.4375
331.55996
330.78134
330.09061
329.479
328.93952
328.46668
328.05628
327.70518
327.41126
327.17332
326.99104
326.86502
326.79678
326.78887
326.84502
326.97035
327.17166
327.45801
327.84144
328.33849
328.97289
329.78151
330.82551
331.20287
330.9585
330.09197
328.55751
327.25628
326.12621
325.1295
324.2414
323.44434
322.72513
322.07347
321.48118
320.94161
320.44934
319.99987
319.58946
319.215
318.87388
318.56389
318.28318
318.03019
317.80362
317.60235
317.42546
317.27219
317.14189
317.03404
316.94824
316.88416
316.84156
316.8203
343.78671
343.33419
342.41283
340.98518
338.98147
337.28605
335.82437
334.54906
333.42792
332.4375
331.55996
330.78134
330.09061
329.479
328.93952
328.46668
328.05628
327.70518
327.41126
327.17332
326.99104
326.86502
326.79678
326.78887
326.84502
326.97035
327.17166
327.45801
327.84144
328.33849
328.97289
329.78151
330.82551
331.20287
330.9585
330.09197
328.55751
327.25628
326.12621
325.1295
324.2414
323.44434
322.72513
322.07347
321.48118
320.94161
320.44934
319.99987
319.58946
319.215
318.87388
318.56389
318.28318
318.03019
317.80362
317.60235
317.42546
317.27219
317.14189
317.03404
316.94824
316.88416
316.84156
316.8203
343.78671
343.33419
342.41283
340.98518
338.98147
337.28605
335.82437
334.54906
333.42792
332.4375
331.55996
330.78134
330.09061
329.479
328.93952
328.46668
328.05628
327.70518
327.41126
327.17332
326.99104
326.86502
326.79678
326.78887
326.84502
326.97035
327.17166
327.45801
327.84144
328.33849
328.97289
329.78151
330.82551
331.20287
330.9585
330.09197
328.55751
327.25628
326.12621
325.1295
324.2414
323.44434
322.72513
322.07347
321.48118
320.94161
320.44934
319.99987
319.58946
319.215
318.87388
318.56389
318.28318
318.03019
317.80362
317.60235
317.42546
317.27219
317.14189
317.03404
316.94824
316.88416
316.84156
316.8203
343.65541
343.20356
342.28188
340.85029
338.83864
337.1428
335.68766
334.42281
333.31356
332.33495
331.46831
330.69934
330.01689
329.41218
328.87832
328.4099
328.00279
327.65393
327.36127
327.12363
326.94071
326.8131
326.74231
326.7309
326.78259
326.90258
327.09788
327.37797
327.75575
328.24922
328.88445
329.70095
330.75964
331.14548
330.90147
330.02719
328.47879
327.17045
326.04037
325.04812
324.16663
323.37689
322.66486
322.01986
321.43353
320.89918
320.41142
319.96582
319.5587
319.18704
318.84827
318.54027
318.26123
318.00965
317.78426
317.58397
317.4079
317.25529
317.12553
317.01812
316.93265
316.86881
316.82637
316.80519
343.65541
343.20356
342.28188
340.85029
338.83864
337.1428
335.68766
334.42281
333.31356
332.33495
331.46831
330.69934
330.01689
329.41218
328.87832
328.4099
328.00279
327.65393
327.36127
327.12363
326.94071
326.8131
326.74231
326.7309
326.78259
326.90258
327.09788
327.37797
327.75575
328.24922
328.88445
329.70095
330.75964
331.14548
330.90147
330.02719
328.47879
327.17045
326.04037
325.04812
324.16663
323.37689
322.66486
322.01986
321.43353
320.89918
320.41142
319.96582
319.5587
319.18704
318.84827
318.54027
318.26123
318.00965
317.78426
317.58397
317.4079
317.25529
317.12553
317.01812
316.93265
316.86881
316.82637
316.80519
343.65541
343.20356
342.28188
340.85029
338.83864
337.1428
335.68766
334.42281
333.31356
332.33495
331.46831
330.69934
330.01689
329.41218
328.87832
328.4099
328.00279
327.65393
327.36127
327.12363
326.94071
326.8131
326.74231
326.7309
326.78259
326.90258
327.09788
327.37797
327.75575
328.24922
328.88445
329.70095
330.75964
331.14548
330.90147
330.02719
328.47879
327.17045
326.04037
325.04812
324.16663
323.37689
322.66486
322.01986
321.43353
320.89918
320.41142
319.96582
319.5587
319.18704
318.84827
318.54027
318.26123
318.00965
317.78426
317.58397
317.4079
317.25529
317.12553
317.01812
316.93265
316.86881
316.82637
316.80519
343.65541
343.20356
342.28188
340.85029
338.83864
337.1428
335.68766
334.42281
333.31356
332.33495
331.46831
330.69934
330.01689
329.41218
328.87832
328.4099
328.00279
327.65393
327.36127
327.12363
326.94071
326.8131
326.74231
326.7309
326.78259
326.90258
327.09788
327.37797
327.75575
328.24922
328.88445
329.70095
330.75964
331.14548
330.90147
330.02719
328.47879
327.17045
326.04037
325.04812
324.16663
323.37689
322.66486
322.01986
321.43353
320.89918
320.41142
319.96582
319.5587
319.18704
318.84827
318.54027
318.26123
318.00965
317.78426
317.58397
317.4079
317.25529
317.12553
317.01812
316.93265
316.86881
316.82637
316.80519
343.65541
343.20356
342.28188
340.85029
338.83864
337.1428
335.68766
334.42281
333.31356
332.33495
331.46831
330.69934
330.01689
329.41218
328.87832
328.4099
328.00279
327.65393
327.36127
327.12363
326.94071
326.8131
326.74231
326.7309
326.78259
326.90258
327.09788
327.37797
327.75575
328.24922
328.88445
329.70095
330.75964
331.14548
330.90147
330.02719
328.47879
327.17045
326.04037
325.04812
324.16663
323.37689
322.66486
322.01986
321.43353
320.89918
320.41142
319.96582
319.5587
319.18704
318.84827
318.54027
318.26123
318.00965
317.78426
317.58397
317.4079
317.25529
317.12553
317.01812
316.93265
316.86881
316.82637
316.80519
343.65541
343.20356
342.28188
340.85029
338.83864
337.1428
335.68766
334.42281
333.31356
332.33495
331.46831
330.69934
330.01689
329.41218
328.87832
328.4099
328.00279
327.65393
327.36127
327.12363
326.94071
326.8131
326.74231
326.7309
326.78259
326.90258
327.09788
327.37797
327.75575
328.24922
328.88445
329.70095
330.75964
331.14548
330.90147
330.02719
328.47879
327.17045
326.04037
325.04812
324.16663
323.37689
322.66486
322.01986
321.43353
320.89918
320.41142
319.96582
319.5587
319.18704
318.84827
318.54027
318.26123
318.00965
317.78426
317.58397
317.4079
317.25529
317.12553
317.01812
316.93265
316.86881
316.82637
316.80519
343.65541
343.20356
342.28188
340.85029
338.83864
337.1428
335.68766
334.42281
333.31356
332.33495
331.46831
330.69934
330.01689
329.41218
328.87832
328.4099
328.00279
327.65393
327.36127
327.12363
326.94071
326.8131
326.74231
326.7309
326.78259
326.90258
327.09788
327.37797
327.75575
328.24922
328.88445
329.70095
330.75964
331.14548
330.90147
330.02719
328.47879
327.17045
326.04037
325.04812
324.16663
323.37689
322.66486
322.01986
321.43353
320.89918
320.41142
319.96582
319.5587
319.18704
318.84827
318.54027
318.26123
318.00965
317.78426
317.58397
317.4079
317.25529
317.12553
317.01812
316.93265
316.86881
316.82637
316.80519
343.65541
343.20356
342.28188
340.85029
338.83864
337.1428
335.68766
334.42281
333.31356
332.33495
331.46831
330.69934
330.01689
329.41218
328.87832
328.4099
328.00279
327.65393
327.36127
327.12363
326.94071
326.8131
326.74231
326.7309
326.78259
326.90258
327.09788
327.37797
327.75575
328.24922
328.88445
329.70095
330.75964
331.14548
330.90147
330.02719
328.47879
327.17045
326.04037
325.04812
324.16663
323.37689
322.66486
322.01986
321.43353
320.89918
320.41142
319.96582
319.5587
319.18704
318.84827
318.54027
318.26123
318.00965
317.78426
317.58397
317.4079
317.25529
317.12553
317.01812
316.93265
316.86881
316.82637
316.80519
343.65541
343.20356
342.28188
340.85029
338.83864
337.1428
335.68766
334.42281
333.31356
332.33495
331.46831
330.69934
330.01689
329.41218
328.87832
328.4099
328.00279
327.65393
327.36127
327.12363
326.94071
326.8131
326.74231
326.7309
326.78259
326.90258
327.09788
327.37797
327.75575
328.24922
328.88445
329.70095
330.75964
331.14548
330.90147
330.02719
328.47879
327.17045
326.04037
325.04812
324.16663
323.37689
322.66486
322.01986
321.43353
320.89918
320.41142
319.96582
319.5587
319.18704
318.84827
318.54027
318.26123
318.00965
317.78426
317.58397
317.4079
317.25529
317.12553
317.01812
316.93265
316.86881
316.82637
316.80519
343.65541
343.20356
342.28188
340.85029
338.83864
337.1428
335.68766
334.42281
333.31356
332.33495
331.46831
330.69934
330.01689
329.41218
328.87832
328.4099
328.00279
327.65393
327.36127
327.12363
326.94071
326.8131
326.74231
326.7309
326.78259
326.90258
327.09788
327.37797
327.75575
328.24922
328.88445
329.70095
330.75964
331.14548
330.90147
330.02719
328.47879
327.17045
326.04037
325.04812
324.16663
323.37689
322.66486
322.01986
321.43353
320.89918
320.41142
319.96582
319.5587
319.18704
318.84827
318.54027
318.26123
318.00965
317.78426
317.58397
317.4079
317.25529
317.12553
317.01812
316.93265
316.86881
316.82637
316.80519
343.65541
343.20356
342.28188
340.85029
338.83864
337.1428
335.68766
334.42281
333.31356
332.33495
331.46831
330.69934
330.01689
329.41218
328.87832
328.4099
328.00279
327.65393
327.36127
327.12363
326.94071
326.8131
326.74231
326.7309
326.78259
326.90258
327.09788
327.37797
327.75575
328.24922
328.88445
329.70095
330.75964
331.14548
330.90147
330.02719
328.47879
327.17045
326.04037
325.04812
324.16663
323.37689
322.66486
322.01986
321.43353
320.89918
320.41142
319.96582
319.5587
319.18704
318.84827
318.54027
318.26123
318.00965
317.78426
317.58397
317.4079
317.25529
317.12553
317.01812
316.93265
316.86881
316.82637
316.80519
343.65541
343.20356
342.28188
340.85029
338.83864
337.1428
335.68766
334.42281
333.31356
332.33495
331.46831
330.69934
330.01689
329.41218
328.87832
328.4099
328.00279
327.65393
327.36127
327.12363
326.94071
326.8131
326.74231
326.7309
326.78259
326.90258
327.09788
327.37797
327.75575
328.24922
328.88445
329.70095
330.75964
331.14548
330.90147
330.02719
328.47879
327.17045
326.04037
325.04812
324.16663
323.37689
322.66486
322.01986
321.43353
320.89918
320.41142
319.96582
319.5587
319.18704
318.84827
318.54027
318.26123
318.00965
317.78426
317.58397
317.4079
317.25529
317.12553
317.01812
316.93265
316.86881
316.82637
316.80519
343.65541
343.20356
342.28188
340.85029
338.83864
337.1428
335.68766
334.42281
333.31356
332.33495
331.46831
330.69934
330.01689
329.41218
328.87832
328.4099
328.00279
327.65393
327.36127
327.12363
326.94071
326.8131
326.74231
326.7309
326.78259
326.90258
327.09788
327.37797
327.75575
328.24922
328.88445
329.70095
330.75964
331.14548
330.90147
330.02719
328.47879
327.17045
326.04037
325.04812
324.16663
323.37689
322.66486
322.01986
321.43353
320.89918
320.41142
319.96582
319.5587
319.18704
318.84827
318.54027
318.26123
318.00965
317.78426
317.58397
317.4079
317.25529
317.12553
317.01812
316.93265
316.86881
316.82637
316.80519
343.65541
343.20356
342.28188
340.85029
338.83864
337.1428
335.68766
334.42281
333.31356
332.33495
331.46831
330.69934
330.01689
329.41218
328.87832
328.4099
328.00279
327.65393
327.36127
327.12363
326.94071
326.8131
326.74231
326.7309
326.78259
326.90258
327.09788
327.37797
327.75575
328.24922
328.88445
329.70095
330.75964
331.14548
330.90147
330.02719
328.47879
327.17045
326.04037
325.04812
324.16663
323.37689
322.66486
322.01986
321.43353
320.89918
320.41142
319.96582
319.5587
319.18704
318.84827
318.54027
318.26123
318.00965
317.78426
317.58397
317.4079
317.25529
317.12553
317.01812
316.93265
316.86881
316.82637
316.80519
343.65541
343.20356
342.28188
340.85029
338.83864
337.1428
335.68766
334.42281
333.31356
332.33495
331.46831
330.69934
330.01689
329.41218
328.87832
328.4099
328.00279
327.65393
327.36127
327.12363
326.94071
326.8131
326.74231
326.7309
326.78259
326.90258
327.09788
327.37797
327.75575
328.24922
328.88445
329.70095
330.75964
331.14548
330.90147
330.02719
328.47879
327.17045
326.04037
325.04812
324.16663
323.37689
322.66486
322.01986
321.43353
320.89918
320.41142
319.96582
319.5587
319.18704
318.84827
318.54027
318.26123
318.00965
317.78426
317.58397
317.4079
317.25529
317.12553
317.01812
316.93265
316.86881
316.82637
316.80519
343.65541
343.20356
342.28188
340.85029
338.83864
337.1428
335.68766
334.42281
333.31356
332.33495
331.46831
330.69934
330.01689
329.41218
328.87832
328.4099
328.00279
327.65393
327.36127
327.12363
326.94071
326.8131
326.74231
326.7309
326.78259
326.90258
327.09788
327.37797
327.75575
328.24922
328.88445
329.70095
330.75964
331.14548
330.90147
330.02719
328.47879
327.17045
326.04037
325.04812
324.16663
323.37689
322.66486
322.01986
321.43353
320.89918
320.41142
319.96582
319.5587
319.18704
318.84827
318.54027
318.26123
318.00965
317.78426
317.58397
317.4079
317.25529
317.12553
317.01812
316.93265
316.86881
316.82637
316.80519
343.46489
343.01565
342.09798
340.67
338.6618
336.97361
335.53045
334.2798
333.18514
332.22033
331.36614
330.60802
329.93479
329.33774
328.81008
328.34651
327.94302
327.59663
327.30535
327.06804
326.88442
326.75506
326.68146
326.66613
326.7128
326.82669
327.01496
327.28741
327.65759
328.14468
328.77648
329.59432
330.65837
331.04806
330.80445
329.92714
328.37422
327.06542
325.93969
324.9548
324.08199
323.30107
322.59738
321.95994
321.38028
320.85174
320.36897
319.92762
319.52412
319.15552
318.81935
318.51353
318.23633
317.9863
317.76219
317.56298
317.3878
317.23593
317.10677
316.99983
316.91473
316.85115
316.80889
316.78779
343.46489
343.01565
342.09798
340.67
338.6618
336.97361
335.53045
334.2798
333.18514
332.22033
331.36614
330.60802
329.93479
329.33774
328.81008
328.34651
327.94302
327.59663
327.30535
327.06804
326.88442
326.75506
326.68146
326.66613
326.7128
326.82669
327.01496
327.28741
327.65759
328.14468
328.77648
329.59432
330.65837
331.04806
330.80445
329.92714
328.37422
327.06542
325.93969
324.9548
324.08199
323.30107
322.59738
321.95994
321.38028
320.85174
320.36897
319.92762
319.52412
319.15552
318.81935
318.51353
318.23633
317.9863
317.76219
317.56298
317.3878
317.23593
317.10677
316.99983
316.91473
316.85115
316.80889
316.78779
343.46489
343.01565
342.09798
340.67
338.6618
336.97361
335.53045
334.2798
333.18514
332.22033
331.36614
330.60802
329.93479
329.33774
328.81008
328.34651
327.94302
327.59663
327.30535
327.06804
326.88442
326.75506
326.68146
326.66613
326.7128
326.82669
327.01496
327.28741
327.65759
328.14468
328.77648
329.59432
330.65837
331.04806
330.80445
329.92714
328.37422
327.06542
325.93969
324.9548
324.08199
323.30107
322.59738
321.95994
321.38028
320.85174
320.36897
319.92762
319.52412
319.15552
318.81935
318.51353
318.23633
317.9863
317.76219
317.56298
317.3878
317.23593
317.10677
316.99983
316.91473
316.85115
316.80889
316.78779
343.46489
343.01565
342.09798
340.67
338.6618
336.97361
335.53045
334.2798
333.18514
332.22033
331.36614
330.60802
329.93479
329.33774
328.81008
328.34651
327.94302
327.59663
327.30535
327.06804
326.88442
326.75506
326.68146
326.66613
326.7128
326.82669
327.01496
327.28741
327.65759
328.14468
328.77648
329.59432
330.65837
331.04806
330.80445
329.92714
328.37422
327.06542
325.93969
324.9548
324.08199
323.30107
322.59738
321.95994
321.38028
320.85174
320.36897
319.92762
319.52412
319.15552
318.81935
318.51353
318.23633
317.9863
317.76219
317.56298
317.3878
317.23593
317.10677
316.99983
316.91473
316.85115
316.80889
316.78779
343.46489
343.01565
342.09798
340.67
338.6618
336.97361
335.53045
334.2798
333.18514
332.22033
331.36614
330.60802
329.93479
329.33774
328.81008
328.34651
327.94302
327.59663
327.30535
327.06804
326.88442
326.75506
326.68146
326.66613
326.7128
326.82669
327.01496
327.28741
327.65759
328.14468
328.77648
329.59432
330.65837
331.04806
330.80445
329.92714
328.37422
327.06542
325.93969
324.9548
324.08199
323.30107
322.59738
321.95994
321.38028
320.85174
320.36897
319.92762
319.52412
319.15552
318.81935
318.51353
318.23633
317.9863
317.76219
317.56298
317.3878
317.23593
317.10677
316.99983
316.91473
316.85115
316.80889
316.78779
343.46489
343.01565
342.09798
340.67
338.6618
336.97361
335.53045
334.2798
333.18514
332.22033
331.36614
330.60802
329.93479
329.33774
328.81008
328.34651
327.94302
327.59663
327.30535
327.06804
326.88442
326.75506
326.68146
326.66613
326.7128
326.82669
327.01496
327.28741
327.65759
328.14468
328.77648
329.59432
330.65837
331.04806
330.80445
329.92714
328.37422
327.06542
325.93969
324.9548
324.08199
323.30107
322.59738
321.95994
321.38028
320.85174
320.36897
319.92762
319.52412
319.15552
318.81935
318.51353
318.23633
317.9863
317.76219
317.56298
317.3878
317.23593
317.10677
316.99983
316.91473
316.85115
316.80889
316.78779
343.46489
343.01565
342.09798
340.67
338.6618
336.97361
335.53045
334.2798
333.18514
332.22033
331.36614
330.60802
329.93479
329.33774
328.81008
328.34651
327.94302
327.59663
327.30535
327.06804
326.88442
326.75506
326.68146
326.66613
326.7128
326.82669
327.01496
327.28741
327.65759
328.14468
328.77648
329.59432
330.65837
331.04806
330.80445
329.92714
328.37422
327.06542
325.93969
324.9548
324.08199
323.30107
322.59738
321.95994
321.38028
320.85174
320.36897
319.92762
319.52412
319.15552
318.81935
318.51353
318.23633
317.9863
317.76219
317.56298
317.3878
317.23593
317.10677
316.99983
316.91473
316.85115
316.80889
316.78779
343.46489
343.01565
342.09798
340.67
338.6618
336.97361
335.53045
334.2798
333.18514
332.22033
331.36614
330.60802
329.93479
329.33774
328.81008
328.34651
327.94302
327.59663
327.30535
327.06804
326.88442
326.75506
326.68146
326.66613
326.7128
326.82669
327.01496
327.28741
327.65759
328.14468
328.77648
329.59432
330.65837
331.04806
330.80445
329.92714
328.37422
327.06542
325.93969
324.9548
324.08199
323.30107
322.59738
321.95994
321.38028
320.85174
320.36897
319.92762
319.52412
319.15552
318.81935
318.51353
318.23633
317.9863
317.76219
317.56298
317.3878
317.23593
317.10677
316.99983
316.91473
316.85115
316.80889
316.78779
343.46489
343.01565
342.09798
340.67
338.6618
336.97361
335.53045
334.2798
333.18514
332.22033
331.36614
330.60802
329.93479
329.33774
328.81008
328.34651
327.94302
327.59663
327.30535
327.06804
326.88442
326.75506
326.68146
326.66613
326.7128
326.82669
327.01496
327.28741
327.65759
328.14468
328.77648
329.59432
330.65837
331.04806
330.80445
329.92714
328.37422
327.06542
325.93969
324.9548
324.08199
323.30107
322.59738
321.95994
321.38028
320.85174
320.36897
319.92762
319.52412
319.15552
318.81935
318.51353
318.23633
317.9863
317.76219
317.56298
317.3878
317.23593
317.10677
316.99983
316.91473
316.85115
316.80889
316.78779
343.46489
343.01565
342.09798
340.67
338.6618
336.97361
335.53045
334.2798
333.18514
332.22033
331.36614
330.60802
329.93479
329.33774
328.81008
328.34651
327.94302
327.59663
327.30535
327.06804
326.88442
326.75506
326.68146
326.66613
326.7128
326.82669
327.01496
327.28741
327.65759
328.14468
328.77648
329.59432
330.65837
331.04806
330.80445
329.92714
328.37422
327.06542
325.93969
324.9548
324.08199
323.30107
322.59738
321.95994
321.38028
320.85174
320.36897
319.92762
319.52412
319.15552
318.81935
318.51353
318.23633
317.9863
317.76219
317.56298
317.3878
317.23593
317.10677
316.99983
316.91473
316.85115
316.80889
316.78779
343.46489
343.01565
342.09798
340.67
338.6618
336.97361
335.53045
334.2798
333.18514
332.22033
331.36614
330.60802
329.93479
329.33774
328.81008
328.34651
327.94302
327.59663
327.30535
327.06804
326.88442
326.75506
326.68146
326.66613
326.7128
326.82669
327.01496
327.28741
327.65759
328.14468
328.77648
329.59432
330.65837
331.04806
330.80445
329.92714
328.37422
327.06542
325.93969
324.9548
324.08199
323.30107
322.59738
321.95994
321.38028
320.85174
320.36897
319.92762
319.52412
319.15552
318.81935
318.51353
318.23633
317.9863
317.76219
317.56298
317.3878
317.23593
317.10677
316.99983
316.91473
316.85115
316.80889
316.78779
343.46489
343.01565
342.09798
340.67
338.6618
336.97361
335.53045
334.2798
333.18514
332.22033
331.36614
330.60802
329.93479
329.33774
328.81008
328.34651
327.94302
327.59663
327.30535
327.06804
326.88442
326.75506
326.68146
326.66613
326.7128
326.82669
327.01496
327.28741
327.65759
328.14468
328.77648
329.59432
330.65837
331.04806
330.80445
329.92714
328.37422
327.06542
325.93969
324.9548
324.08199
323.30107
322.59738
321.95994
321.38028
320.85174
320.36897
319.92762
319.52412
319.15552
318.81935
318.51353
318.23633
317.9863
317.76219
317.56298
317.3878
317.23593
317.10677
316.99983
316.91473
316.85115
316.80889
316.78779
343.46489
343.01565
342.09798
340.67
338.6618
336.97361
335.53045
334.2798
333.18514
332.22033
331.36614
330.60802
329.93479
329.33774
328.81008
328.34651
327.94302
327.59663
327.30535
327.06804
326.88442
326.75506
326.68146
326.66613
326.7128
326.82669
327.01496
327.28741
327.65759
328.14468
328.77648
329.59432
330.65837
331.04806
330.80445
329.92714
328.37422
327.06542
325.93969
324.9548
324.08199
323.30107
322.59738
321.95994
321.38028
320.85174
320.36897
319.92762
319.52412
319.15552
318.81935
318.51353
318.23633
317.9863
317.76219
317.56298
317.3878
317.23593
317.10677
316.99983
316.91473
316.85115
316.80889
316.78779
343.46489
343.01565
342.09798
340.67
338.6618
336.97361
335.53045
334.2798
333.18514
332.22033
331.36614
330.60802
329.93479
329.33774
328.81008
328.34651
327.94302
327.59663
327.30535
327.06804
326.88442
326.75506
326.68146
326.66613
326.7128
326.82669
327.01496
327.28741
327.65759
328.14468
328.77648
329.59432
330.65837
331.04806
330.80445
329.92714
328.37422
327.06542
325.93969
324.9548
324.08199
323.30107
322.59738
321.95994
321.38028
320.85174
320.36897
319.92762
319.52412
319.15552
318.81935
318.51353
318.23633
317.9863
317.76219
317.56298
317.3878
317.23593
317.10677
316.99983
316.91473
316.85115
316.80889
316.78779
343.46489
343.01565
342.09798
340.67
338.6618
336.97361
335.53045
334.2798
333.18514
332.22033
331.36614
330.60802
329.93479
329.33774
328.81008
328.34651
327.94302
327.59663
327.30535
327.06804
326.88442
326.75506
326.68146
326.66613
326.7128
326.82669
327.01496
327.28741
327.65759
328.14468
328.77648
329.59432
330.65837
331.04806
330.80445
329.92714
328.37422
327.06542
325.93969
324.9548
324.08199
323.30107
322.59738
321.95994
321.38028
320.85174
320.36897
319.92762
319.52412
319.15552
318.81935
318.51353
318.23633
317.9863
317.76219
317.56298
317.3878
317.23593
317.10677
316.99983
316.91473
316.85115
316.80889
316.78779
343.46489
343.01565
342.09798
340.67
338.6618
336.97361
335.53045
334.2798
333.18514
332.22033
331.36614
330.60802
329.93479
329.33774
328.81008
328.34651
327.94302
327.59663
327.30535
327.06804
326.88442
326.75506
326.68146
326.66613
326.7128
326.82669
327.01496
327.28741
327.65759
328.14468
328.77648
329.59432
330.65837
331.04806
330.80445
329.92714
328.37422
327.06542
325.93969
324.9548
324.08199
323.30107
322.59738
321.95994
321.38028
320.85174
320.36897
319.92762
319.52412
319.15552
318.81935
318.51353
318.23633
317.9863
317.76219
317.56298
317.3878
317.23593
317.10677
316.99983
316.91473
316.85115
316.80889
316.78779
343.27464
342.82801
341.91437
340.49005
338.48477
336.80429
335.37313
334.1367
333.05663
332.10565
331.26392
330.51666
329.85265
329.26326
328.7418
328.28309
327.88321
327.5393
327.2494
327.01242
326.82809
326.69698
326.62056
326.60132
326.64297
326.75077
326.932
327.19679
327.55937
328.04005
328.66841
329.48754
330.55748
330.951
330.7078
329.82748
328.26951
326.96029
325.83893
324.86143
323.99729
323.2252
322.52986
321.89998
321.327
320.80427
320.32648
319.8894
319.48953
319.12399
318.79041
318.48677
318.21141
317.96292
317.74011
317.54198
317.3677
317.21656
317.088
316.98153
316.89679
316.83348
316.79139
316.77038
343.27464
342.82801
341.91437
340.49005
338.48477
336.80429
335.37313
334.1367
333.05663
332.10565
331.26392
330.51666
329.85265
329.26326
328.7418
328.28309
327.88321
327.5393
327.2494
327.01242
326.82809
326.69698
326.62056
326.60132
326.64297
326.75077
326.932
327.19679
327.55937
328.04005
328.66841
329.48754
330.55748
330.951
330.7078
329.82748
328.26951
326.96029
325.83893
324.86143
323.99729
323.2252
322.52986
321.89998
321.327
320.80427
320.32648
319.8894
319.48953
319.12399
318.79041
318.48677
318.21141
317.96292
317.74011
317.54198
317.3677
317.21656
317.088
316.98153
316.89679
316.83348
316.79139
316.77038
343.27464
342.82801
341.91437
340.49005
338.48477
336.80429
335.37313
334.1367
333.05663
332.10565
331.26392
330.51666
329.85265
329.26326
328.7418
328.28309
327.88321
327.5393
327.2494
327.01242
326.82809
326.69698
326.62056
326.60132
326.64297
326.75077
326.932
327.19679
327.55937
328.04005
328.66841
329.48754
330.55748
330.951
330.7078
329.82748
328.26951
326.96029
325.83893
324.86143
323.99729
323.2252
322.52986
321.89998
321.327
320.80427
320.32648
319.8894
319.48953
319.12399
318.79041
318.48677
318.21141
317.96292
317.74011
317.54198
317.3677
317.21656
317.088
316.98153
316.89679
316.83348
316.79139
316.77038
343.27464
342.82801
341.91437
340.49005
338.48477
336.80429
335.37313
334.1367
333.05663
332.10565
331.26392
330.51666
329.85265
329.26326
328.7418
328.28309
327.88321
327.5393
327.2494
327.01242
326.82809
326.69698
326.62056
326.60132
326.64297
326.75077
326.932
327.19679
327.55937
328.04005
328.66841
329.48754
330.55748
330.951
330.7078
329.82748
328.26951
326.96029
325.83893
324.86143
323.99729
323.2252
322.52986
321.89998
321.327
320.80427
320.32648
319.8894
319.48953
319.12399
318.79041
318.48677
318.21141
317.96292
317.74011
317.54198
317.3677
317.21656
317.088
316.98153
316.89679
316.83348
316.79139
316.77038
343.27464
342.82801
341.91437
340.49005
338.48477
336.80429
335.37313
334.1367
333.05663
332.10565
331.26392
330.51666
329.85265
329.26326
328.7418
328.28309
327.88321
327.5393
327.2494
327.01242
326.82809
326.69698
326.62056
326.60132
326.64297
326.75077
326.932
327.19679
327.55937
328.04005
328.66841
329.48754
330.55748
330.951
330.7078
329.82748
328.26951
326.96029
325.83893
324.86143
323.99729
323.2252
322.52986
321.89998
321.327
320.80427
320.32648
319.8894
319.48953
319.12399
318.79041
318.48677
318.21141
317.96292
317.74011
317.54198
317.3677
317.21656
317.088
316.98153
316.89679
316.83348
316.79139
316.77038
343.27464
342.82801
341.91437
340.49005
338.48477
336.80429
335.37313
334.1367
333.05663
332.10565
331.26392
330.51666
329.85265
329.26326
328.7418
328.28309
327.88321
327.5393
327.2494
327.01242
326.82809
326.69698
326.62056
326.60132
326.64297
326.75077
326.932
327.19679
327.55937
328.04005
328.66841
329.48754
330.55748
330.951
330.7078
329.82748
328.26951
326.96029
325.83893
324.86143
323.99729
323.2252
322.52986
321.89998
321.327
320.80427
320.32648
319.8894
319.48953
319.12399
318.79041
318.48677
318.21141
317.96292
317.74011
317.54198
317.3677
317.21656
317.088
316.98153
316.89679
316.83348
316.79139
316.77038
343.27464
342.82801
341.91437
340.49005
338.48477
336.80429
335.37313
334.1367
333.05663
332.10565
331.26392
330.51666
329.85265
329.26326
328.7418
328.28309
327.88321
327.5393
327.2494
327.01242
326.82809
326.69698
326.62056
326.60132
326.64297
326.75077
326.932
327.19679
327.55937
328.04005
328.66841
329.48754
330.55748
330.951
330.7078
329.82748
328.26951
326.96029
325.83893
324.86143
323.99729
323.2252
322.52986
321.89998
321.327
320.80427
320.32648
319.8894
319.48953
319.12399
318.79041
318.48677
318.21141
317.96292
317.74011
317.54198
317.3677
317.21656
317.088
316.98153
316.89679
316.83348
316.79139
316.77038
343.27464
342.82801
341.91437
340.49005
338.48477
336.80429
335.37313
334.1367
333.05663
332.10565
331.26392
330.51666
329.85265
329.26326
328.7418
328.28309
327.88321
327.5393
327.2494
327.01242
326.82809
326.69698
326.62056
326.60132
326.64297
326.75077
326.932
327.19679
327.55937
328.04005
328.66841
329.48754
330.55748
330.951
330.7078
329.82748
328.26951
326.96029
325.83893
324.86143
323.99729
323.2252
322.52986
321.89998
321.327
320.80427
320.32648
319.8894
319.48953
319.12399
318.79041
318.48677
318.21141
317.96292
317.74011
317.54198
317.3677
317.21656
317.088
316.98153
316.89679
316.83348
316.79139
316.77038
343.27464
342.82801
341.91437
340.49005
338.48477
336.80429
335.37313
334.1367
333.05663
332.10565
331.26392
330.51666
329.85265
329.26326
328.7418
328.28309
327.88321
327.5393
327.2494
327.01242
326.82809
326.69698
326.62056
326.60132
326.64297
326.75077
326.932
327.19679
327.55937
328.04005
328.66841
329.48754
330.55748
330.951
330.7078
329.82748
328.26951
326.96029
325.83893
324.86143
323.99729
323.2252
322.52986
321.89998
321.327
320.80427
320.32648
319.8894
319.48953
319.12399
318.79041
318.48677
318.21141
317.96292
317.74011
317.54198
317.3677
317.21656
317.088
316.98153
316.89679
316.83348
316.79139
316.77038
343.27464
342.82801
341.91437
340.49005
338.48477
336.80429
335.37313
334.1367
333.05663
332.10565
331.26392
330.51666
329.85265
329.26326
328.7418
328.28309
327.88321
327.5393
327.2494
327.01242
326.82809
326.69698
326.62056
326.60132
326.64297
326.75077
326.932
327.19679
327.55937
328.04005
328.66841
329.48754
330.55748
330.951
330.7078
329.82748
328.26951
326.96029
325.83893
324.86143
323.99729
323.2252
322.52986
321.89998
321.327
320.80427
320.32648
319.8894
319.48953
319.12399
318.79041
318.48677
318.21141
317.96292
317.74011
317.54198
317.3677
317.21656
317.088
316.98153
316.89679
316.83348
316.79139
316.77038
343.27464
342.82801
341.91437
340.49005
338.48477
336.80429
335.37313
334.1367
333.05663
332.10565
331.26392
330.51666
329.85265
329.26326
328.7418
328.28309
327.88321
327.5393
327.2494
327.01242
326.82809
326.69698
326.62056
326.60132
326.64297
326.75077
326.932
327.19679
327.55937
328.04005
328.66841
329.48754
330.55748
330.951
330.7078
329.82748
328.26951
326.96029
325.83893
324.86143
323.99729
323.2252
322.52986
321.89998
321.327
320.80427
320.32648
319.8894
319.48953
319.12399
318.79041
318.48677
318.21141
317.96292
317.74011
317.54198
317.3677
317.21656
317.088
316.98153
316.89679
316.83348
316.79139
316.77038
343.27464
342.82801
341.91437
340.49005
338.48477
336.80429
335.37313
334.1367
333.05663
332.10565
331.26392
330.51666
329.85265
329.26326
328.7418
328.28309
327.88321
327.5393
327.2494
327.01242
326.82809
326.69698
326.62056
326.60132
326.64297
326.75077
326.932
327.19679
327.55937
328.04005
328.66841
329.48754
330.55748
330.951
330.7078
329.82748
328.26951
326.96029
325.83893
324.86143
323.99729
323.2252
322.52986
321.89998
321.327
320.80427
320.32648
319.8894
319.48953
319.12399
318.79041
318.48677
318.21141
317.96292
317.74011
317.54198
317.3677
317.21656
317.088
316.98153
316.89679
316.83348
316.79139
316.77038
343.27464
342.82801
341.91437
340.49005
338.48477
336.80429
335.37313
334.1367
333.05663
332.10565
331.26392
330.51666
329.85265
329.26326
328.7418
328.28309
327.88321
327.5393
327.2494
327.01242
326.82809
326.69698
326.62056
326.60132
326.64297
326.75077
326.932
327.19679
327.55937
328.04005
328.66841
329.48754
330.55748
330.951
330.7078
329.82748
328.26951
326.96029
325.83893
324.86143
323.99729
323.2252
322.52986
321.89998
321.327
320.80427
320.32648
319.8894
319.48953
319.12399
318.79041
318.48677
318.21141
317.96292
317.74011
317.54198
317.3677
317.21656
317.088
316.98153
316.89679
316.83348
316.79139
316.77038
343.27464
342.82801
341.91437
340.49005
338.48477
336.80429
335.37313
334.1367
333.05663
332.10565
331.26392
330.51666
329.85265
329.26326
328.7418
328.28309
327.88321
327.5393
327.2494
327.01242
326.82809
326.69698
326.62056
326.60132
326.64297
326.75077
326.932
327.19679
327.55937
328.04005
328.66841
329.48754
330.55748
330.951
330.7078
329.82748
328.26951
326.96029
325.83893
324.86143
323.99729
323.2252
322.52986
321.89998
321.327
320.80427
320.32648
319.8894
319.48953
319.12399
318.79041
318.48677
318.21141
317.96292
317.74011
317.54198
317.3677
317.21656
317.088
316.98153
316.89679
316.83348
316.79139
316.77038
343.27464
342.82801
341.91437
340.49005
338.48477
336.80429
335.37313
334.1367
333.05663
332.10565
331.26392
330.51666
329.85265
329.26326
328.7418
328.28309
327.88321
327.5393
327.2494
327.01242
326.82809
326.69698
326.62056
326.60132
326.64297
326.75077
326.932
327.19679
327.55937
328.04005
328.66841
329.48754
330.55748
330.951
330.7078
329.82748
328.26951
326.96029
325.83893
324.86143
323.99729
323.2252
322.52986
321.89998
321.327
320.80427
320.32648
319.8894
319.48953
319.12399
318.79041
318.48677
318.21141
317.96292
317.74011
317.54198
317.3677
317.21656
317.088
316.98153
316.89679
316.83348
316.79139
316.77038
343.27464
342.82801
341.91437
340.49005
338.48477
336.80429
335.37313
334.1367
333.05663
332.10565
331.26392
330.51666
329.85265
329.26326
328.7418
328.28309
327.88321
327.5393
327.2494
327.01242
326.82809
326.69698
326.62056
326.60132
326.64297
326.75077
326.932
327.19679
327.55937
328.04005
328.66841
329.48754
330.55748
330.951
330.7078
329.82748
328.26951
326.96029
325.83893
324.86143
323.99729
323.2252
322.52986
321.89998
321.327
320.80427
320.32648
319.8894
319.48953
319.12399
318.79041
318.48677
318.21141
317.96292
317.74011
317.54198
317.3677
317.21656
317.088
316.98153
316.89679
316.83348
316.79139
316.77038
343.02461
342.5828
341.67789
340.2648
338.27275
336.60811
335.19484
333.97676
332.91423
331.9792
331.15152
330.41633
329.76248
329.18147
328.66675
328.21333
327.81738
327.47615
327.18775
326.95113
326.76604
326.63302
326.55351
326.52996
326.56602
326.66693
326.84003
327.09564
327.44842
327.91952
328.53978
329.35375
330.42157
330.81464
330.5719
329.69293
328.13801
326.83492
325.72267
324.75584
323.90268
323.14106
322.45528
321.83389
321.26831
320.75195
320.27962
319.84717
319.45123
319.08902
318.75824
318.45697
318.1836
317.93678
317.71537
317.51841
317.3451
317.19476
317.06685
316.9609
316.87655
316.81353
316.77163
316.75071
343.02461
342.5828
341.67789
340.2648
338.27275
336.60811
335.19484
333.97676
332.91423
331.9792
331.15152
330.41633
329.76248
329.18147
328.66675
328.21333
327.81738
327.47615
327.18775
326.95113
326.76604
326.63302
326.55351
326.52996
326.56602
326.66693
326.84003
327.09564
327.44842
327.91952
328.53978
329.35375
330.42157
330.81464
330.5719
329.69293
328.13801
326.83492
325.72267
324.75584
323.90268
323.14106
322.45528
321.83389
321.26831
320.75195
320.27962
319.84717
319.45123
319.08902
318.75824
318.45697
318.1836
317.93678
317.71537
317.51841
317.3451
317.19476
317.06685
316.9609
316.87655
316.81353
316.77163
316.75071
343.02461
342.5828
341.67789
340.2648
338.27275
336.60811
335.19484
333.97676
332.91423
331.9792
331.15152
330.41633
329.76248
329.18147
328.66675
328.21333
327.81738
327.47615
327.18775
326.95113
326.76604
326.63302
326.55351
326.52996
326.56602
326.66693
326.84003
327.09564
327.44842
327.91952
328.53978
329.35375
330.42157
330.81464
330.5719
329.69293
328.13801
326.83492
325.72267
324.75584
323.90268
323.14106
322.45528
321.83389
321.26831
320.75195
320.27962
319.84717
319.45123
319.08902
318.75824
318.45697
318.1836
317.93678
317.71537
317.51841
317.3451
317.19476
317.06685
316.9609
316.87655
316.81353
316.77163
316.75071
343.02461
342.5828
341.67789
340.2648
338.27275
336.60811
335.19484
333.97676
332.91423
331.9792
331.15152
330.41633
329.76248
329.18147
328.66675
328.21333
327.81738
327.47615
327.18775
326.95113
326.76604
326.63302
326.55351
326.52996
326.56602
326.66693
326.84003
327.09564
327.44842
327.91952
328.53978
329.35375
330.42157
330.81464
330.5719
329.69293
328.13801
326.83492
325.72267
324.75584
323.90268
323.14106
322.45528
321.83389
321.26831
320.75195
320.27962
319.84717
319.45123
319.08902
318.75824
318.45697
318.1836
317.93678
317.71537
317.51841
317.3451
317.19476
317.06685
316.9609
316.87655
316.81353
316.77163
316.75071
343.02461
342.5828
341.67789
340.2648
338.27275
336.60811
335.19484
333.97676
332.91423
331.9792
331.15152
330.41633
329.76248
329.18147
328.66675
328.21333
327.81738
327.47615
327.18775
326.95113
326.76604
326.63302
326.55351
326.52996
326.56602
326.66693
326.84003
327.09564
327.44842
327.91952
328.53978
329.35375
330.42157
330.81464
330.5719
329.69293
328.13801
326.83492
325.72267
324.75584
323.90268
323.14106
322.45528
321.83389
321.26831
320.75195
320.27962
319.84717
319.45123
319.08902
318.75824
318.45697
318.1836
317.93678
317.71537
317.51841
317.3451
317.19476
317.06685
316.9609
316.87655
316.81353
316.77163
316.75071
343.02461
342.5828
341.67789
340.2648
338.27275
336.60811
335.19484
333.97676
332.91423
331.9792
331.15152
330.41633
329.76248
329.18147
328.66675
328.21333
327.81738
327.47615
327.18775
326.95113
326.76604
326.63302
326.55351
326.52996
326.56602
326.66693
326.84003
327.09564
327.44842
327.91952
328.53978
329.35375
330.42157
330.81464
330.5719
329.69293
328.13801
326.83492
325.72267
324.75584
323.90268
323.14106
322.45528
321.83389
321.26831
320.75195
320.27962
319.84717
319.45123
319.08902
318.75824
318.45697
318.1836
317.93678
317.71537
317.51841
317.3451
317.19476
317.06685
316.9609
316.87655
316.81353
316.77163
316.75071
343.02461
342.5828
341.67789
340.2648
338.27275
336.60811
335.19484
333.97676
332.91423
331.9792
331.15152
330.41633
329.76248
329.18147
328.66675
328.21333
327.81738
327.47615
327.18775
326.95113
326.76604
326.63302
326.55351
326.52996
326.56602
326.66693
326.84003
327.09564
327.44842
327.91952
328.53978
329.35375
330.42157
330.81464
330.5719
329.69293
328.13801
326.83492
325.72267
324.75584
323.90268
323.14106
322.45528
321.83389
321.26831
320.75195
320.27962
319.84717
319.45123
319.08902
318.75824
318.45697
318.1836
317.93678
317.71537
317.51841
317.3451
317.19476
317.06685
316.9609
316.87655
316.81353
316.77163
316.75071
343.02461
342.5828
341.67789
340.2648
338.27275
336.60811
335.19484
333.97676
332.91423
331.9792
331.15152
330.41633
329.76248
329.18147
328.66675
328.21333
327.81738
327.47615
327.18775
326.95113
326.76604
326.63302
326.55351
326.52996
326.56602
326.66693
326.84003
327.09564
327.44842
327.91952
328.53978
329.35375
330.42157
330.81464
330.5719
329.69293
328.13801
326.83492
325.72267
324.75584
323.90268
323.14106
322.45528
321.83389
321.26831
320.75195
320.27962
319.84717
319.45123
319.08902
318.75824
318.45697
318.1836
317.93678
317.71537
317.51841
317.3451
317.19476
317.06685
316.9609
316.87655
316.81353
316.77163
316.75071
343.02461
342.5828
341.67789
340.2648
338.27275
336.60811
335.19484
333.97676
332.91423
331.9792
331.15152
330.41633
329.76248
329.18147
328.66675
328.21333
327.81738
327.47615
327.18775
326.95113
326.76604
326.63302
326.55351
326.52996
326.56602
326.66693
326.84003
327.09564
327.44842
327.91952
328.53978
329.35375
330.42157
330.81464
330.5719
329.69293
328.13801
326.83492
325.72267
324.75584
323.90268
323.14106
322.45528
321.83389
321.26831
320.75195
320.27962
319.84717
319.45123
319.08902
318.75824
318.45697
318.1836
317.93678
317.71537
317.51841
317.3451
317.19476
317.06685
316.9609
316.87655
316.81353
316.77163
316.75071
343.02461
342.5828
341.67789
340.2648
338.27275
336.60811
335.19484
333.97676
332.91423
331.9792
331.15152
330.41633
329.76248
329.18147
328.66675
328.21333
327.81738
327.47615
327.18775
326.95113
326.76604
326.63302
326.55351
326.52996
326.56602
326.66693
326.84003
327.09564
327.44842
327.91952
328.53978
329.35375
330.42157
330.81464
330.5719
329.69293
328.13801
326.83492
325.72267
324.75584
323.90268
323.14106
322.45528
321.83389
321.26831
320.75195
320.27962
319.84717
319.45123
319.08902
318.75824
318.45697
318.1836
317.93678
317.71537
317.51841
317.3451
317.19476
317.06685
316.9609
316.87655
316.81353
316.77163
316.75071
343.02461
342.5828
341.67789
340.2648
338.27275
336.60811
335.19484
333.97676
332.91423
331.9792
331.15152
330.41633
329.76248
329.18147
328.66675
328.21333
327.81738
327.47615
327.18775
326.95113
326.76604
326.63302
326.55351
326.52996
326.56602
326.66693
326.84003
327.09564
327.44842
327.91952
328.53978
329.35375
330.42157
330.81464
330.5719
329.69293
328.13801
326.83492
325.72267
324.75584
323.90268
323.14106
322.45528
321.83389
321.26831
320.75195
320.27962
319.84717
319.45123
319.08902
318.75824
318.45697
318.1836
317.93678
317.71537
317.51841
317.3451
317.19476
317.06685
316.9609
316.87655
316.81353
316.77163
316.75071
343.02461
342.5828
341.67789
340.2648
338.27275
336.60811
335.19484
333.97676
332.91423
331.9792
331.15152
330.41633
329.76248
329.18147
328.66675
328.21333
327.81738
327.47615
327.18775
326.95113
326.76604
326.63302
326.55351
326.52996
326.56602
326.66693
326.84003
327.09564
327.44842
327.91952
328.53978
329.35375
330.42157
330.81464
330.5719
329.69293
328.13801
326.83492
325.72267
324.75584
323.90268
323.14106
322.45528
321.83389
321.26831
320.75195
320.27962
319.84717
319.45123
319.08902
318.75824
318.45697
318.1836
317.93678
317.71537
317.51841
317.3451
317.19476
317.06685
316.9609
316.87655
316.81353
316.77163
316.75071
343.02461
342.5828
341.67789
340.2648
338.27275
336.60811
335.19484
333.97676
332.91423
331.9792
331.15152
330.41633
329.76248
329.18147
328.66675
328.21333
327.81738
327.47615
327.18775
326.95113
326.76604
326.63302
326.55351
326.52996
326.56602
326.66693
326.84003
327.09564
327.44842
327.91952
328.53978
329.35375
330.42157
330.81464
330.5719
329.69293
328.13801
326.83492
325.72267
324.75584
323.90268
323.14106
322.45528
321.83389
321.26831
320.75195
320.27962
319.84717
319.45123
319.08902
318.75824
318.45697
318.1836
317.93678
317.71537
317.51841
317.3451
317.19476
317.06685
316.9609
316.87655
316.81353
316.77163
316.75071
343.02461
342.5828
341.67789
340.2648
338.27275
336.60811
335.19484
333.97676
332.91423
331.9792
331.15152
330.41633
329.76248
329.18147
328.66675
328.21333
327.81738
327.47615
327.18775
326.95113
326.76604
326.63302
326.55351
326.52996
326.56602
326.66693
326.84003
327.09564
327.44842
327.91952
328.53978
329.35375
330.42157
330.81464
330.5719
329.69293
328.13801
326.83492
325.72267
324.75584
323.90268
323.14106
322.45528
321.83389
321.26831
320.75195
320.27962
319.84717
319.45123
319.08902
318.75824
318.45697
318.1836
317.93678
317.71537
317.51841
317.3451
317.19476
317.06685
316.9609
316.87655
316.81353
316.77163
316.75071
343.02461
342.5828
341.67789
340.2648
338.27275
336.60811
335.19484
333.97676
332.91423
331.9792
331.15152
330.41633
329.76248
329.18147
328.66675
328.21333
327.81738
327.47615
327.18775
326.95113
326.76604
326.63302
326.55351
326.52996
326.56602
326.66693
326.84003
327.09564
327.44842
327.91952
328.53978
329.35375
330.42157
330.81464
330.5719
329.69293
328.13801
326.83492
325.72267
324.75584
323.90268
323.14106
322.45528
321.83389
321.26831
320.75195
320.27962
319.84717
319.45123
319.08902
318.75824
318.45697
318.1836
317.93678
317.71537
317.51841
317.3451
317.19476
317.06685
316.9609
316.87655
316.81353
316.77163
316.75071
343.02461
342.5828
341.67789
340.2648
338.27275
336.60811
335.19484
333.97676
332.91423
331.9792
331.15152
330.41633
329.76248
329.18147
328.66675
328.21333
327.81738
327.47615
327.18775
326.95113
326.76604
326.63302
326.55351
326.52996
326.56602
326.66693
326.84003
327.09564
327.44842
327.91952
328.53978
329.35375
330.42157
330.81464
330.5719
329.69293
328.13801
326.83492
325.72267
324.75584
323.90268
323.14106
322.45528
321.83389
321.26831
320.75195
320.27962
319.84717
319.45123
319.08902
318.75824
318.45697
318.1836
317.93678
317.71537
317.51841
317.3451
317.19476
317.06685
316.9609
316.87655
316.81353
316.77163
316.75071
342.77484
342.33786
341.4417
340.03988
338.06055
336.41178
335.01643
333.81673
332.77175
331.85269
331.03906
330.31595
329.67226
329.09963
328.59168
328.14353
327.75152
327.41297
327.12607
326.88982
326.70395
326.56902
326.48643
326.45856
326.48903
326.58306
326.74802
326.99444
327.33741
327.79891
328.41105
329.21981
330.28605
330.67866
330.43636
329.55877
328.00636
326.70944
325.60633
324.65019
323.80802
323.05688
322.38067
321.76777
321.20959
320.69961
320.23273
319.80492
319.41291
319.05403
318.72605
318.42715
318.15578
317.91063
317.69062
317.49483
317.32249
317.17295
317.04568
316.94024
316.8563
316.79356
316.75185
316.73102
342.77484
342.33786
341.4417
340.03988
338.06055
336.41178
335.01643
333.81673
332.77175
331.85269
331.03906
330.31595
329.67226
329.09963
328.59168
328.14353
327.75152
327.41297
327.12607
326.88982
326.70395
326.56902
326.48643
326.45856
326.48903
326.58306
326.74802
326.99444
327.33741
327.79891
328.41105
329.21981
330.28605
330.67866
330.43636
329.55877
328.00636
326.70944
325.60633
324.65019
323.80802
323.05688
322.38067
321.76777
321.20959
320.69961
320.23273
319.80492
319.41291
319.05403
318.72605
318.42715
318.15578
317.91063
317.69062
317.49483
317.32249
317.17295
317.04568
316.94024
316.8563
316.79356
316.75185
316.73102
342.77484
342.33786
341.4417
340.03988
338.06055
336.41178
335.01643
333.81673
332.77175
331.85269
331.03906
330.31595
329.67226
329.09963
328.59168
328.14353
327.75152
327.41297
327.12607
326.88982
326.70395
326.56902
326.48643
326.45856
326.48903
326.58306
326.74802
326.99444
327.33741
327.79891
328.41105
329.21981
330.28605
330.67866
330.43636
329.55877
328.00636
326.70944
325.60633
324.65019
323.80802
323.05688
322.38067
321.76777
321.20959
320.69961
320.23273
319.80492
319.41291
319.05403
318.72605
318.42715
318.15578
317.91063
317.69062
317.49483
317.32249
317.17295
317.04568
316.94024
316.8563
316.79356
316.75185
316.73102
342.77484
342.33786
341.4417
340.03988
338.06055
336.41178
335.01643
333.81673
332.77175
331.85269
331.03906
330.31595
329.67226
329.09963
328.59168
328.14353
327.75152
327.41297
327.12607
326.88982
326.70395
326.56902
326.48643
326.45856
326.48903
326.58306
326.74802
326.99444
327.33741
327.79891
328.41105
329.21981
330.28605
330.67866
330.43636
329.55877
328.00636
326.70944
325.60633
324.65019
323.80802
323.05688
322.38067
321.76777
321.20959
320.69961
320.23273
319.80492
319.41291
319.05403
318.72605
318.42715
318.15578
317.91063
317.69062
317.49483
317.32249
317.17295
317.04568
316.94024
316.8563
316.79356
316.75185
316.73102
342.77484
342.33786
341.4417
340.03988
338.06055
336.41178
335.01643
333.81673
332.77175
331.85269
331.03906
330.31595
329.67226
329.09963
328.59168
328.14353
327.75152
327.41297
327.12607
326.88982
326.70395
326.56902
326.48643
326.45856
326.48903
326.58306
326.74802
326.99444
327.33741
327.79891
328.41105
329.21981
330.28605
330.67866
330.43636
329.55877
328.00636
326.70944
325.60633
324.65019
323.80802
323.05688
322.38067
321.76777
321.20959
320.69961
320.23273
319.80492
319.41291
319.05403
318.72605
318.42715
318.15578
317.91063
317.69062
317.49483
317.32249
317.17295
317.04568
316.94024
316.8563
316.79356
316.75185
316.73102
342.77484
342.33786
341.4417
340.03988
338.06055
336.41178
335.01643
333.81673
332.77175
331.85269
331.03906
330.31595
329.67226
329.09963
328.59168
328.14353
327.75152
327.41297
327.12607
326.88982
326.70395
326.56902
326.48643
326.45856
326.48903
326.58306
326.74802
326.99444
327.33741
327.79891
328.41105
329.21981
330.28605
330.67866
330.43636
329.55877
328.00636
326.70944
325.60633
324.65019
323.80802
323.05688
322.38067
321.76777
321.20959
320.69961
320.23273
319.80492
319.41291
319.05403
318.72605
318.42715
318.15578
317.91063
317.69062
317.49483
317.32249
317.17295
317.04568
316.94024
316.8563
316.79356
316.75185
316.73102
342.77484
342.33786
341.4417
340.03988
338.06055
336.41178
335.01643
333.81673
332.77175
331.85269
331.03906
330.31595
329.67226
329.09963
328.59168
328.14353
327.75152
327.41297
327.12607
326.88982
326.70395
326.56902
326.48643
326.45856
326.48903
326.58306
326.74802
326.99444
327.33741
327.79891
328.41105
329.21981
330.28605
330.67866
330.43636
329.55877
328.00636
326.70944
325.60633
324.65019
323.80802
323.05688
322.38067
321.76777
321.20959
320.69961
320.23273
319.80492
319.41291
319.05403
318.72605
318.42715
318.15578
317.91063
317.69062
317.49483
317.32249
317.17295
317.04568
316.94024
316.8563
316.79356
316.75185
316.73102
342.77484
342.33786
341.4417
340.03988
338.06055
336.41178
335.01643
333.81673
332.77175
331.85269
331.03906
330.31595
329.67226
329.09963
328.59168
328.14353
327.75152
327.41297
327.12607
326.88982
326.70395
326.56902
326.48643
326.45856
326.48903
326.58306
326.74802
326.99444
327.33741
327.79891
328.41105
329.21981
330.28605
330.67866
330.43636
329.55877
328.00636
326.70944
325.60633
324.65019
323.80802
323.05688
322.38067
321.76777
321.20959
320.69961
320.23273
319.80492
319.41291
319.05403
318.72605
318.42715
318.15578
317.91063
317.69062
317.49483
317.32249
317.17295
317.04568
316.94024
316.8563
316.79356
316.75185
316.73102
342.77484
342.33786
341.4417
340.03988
338.06055
336.41178
335.01643
333.81673
332.77175
331.85269
331.03906
330.31595
329.67226
329.09963
328.59168
328.14353
327.75152
327.41297
327.12607
326.88982
326.70395
326.56902
326.48643
326.45856
326.48903
326.58306
326.74802
326.99444
327.33741
327.79891
328.41105
329.21981
330.28605
330.67866
330.43636
329.55877
328.00636
326.70944
325.60633
324.65019
323.80802
323.05688
322.38067
321.76777
321.20959
320.69961
320.23273
319.80492
319.41291
319.05403
318.72605
318.42715
318.15578
317.91063
317.69062
317.49483
317.32249
317.17295
317.04568
316.94024
316.8563
316.79356
316.75185
316.73102
342.77484
342.33786
341.4417
340.03988
338.06055
336.41178
335.01643
333.81673
332.77175
331.85269
331.03906
330.31595
329.67226
329.09963
328.59168
328.14353
327.75152
327.41297
327.12607
326.88982
326.70395
326.56902
326.48643
326.45856
326.48903
326.58306
326.74802
326.99444
327.33741
327.79891
328.41105
329.21981
330.28605
330.67866
330.43636
329.55877
328.00636
326.70944
325.60633
324.65019
323.80802
323.05688
322.38067
321.76777
321.20959
320.69961
320.23273
319.80492
319.41291
319.05403
318.72605
318.42715
318.15578
317.91063
317.69062
317.49483
317.32249
317.17295
317.04568
316.94024
316.8563
316.79356
316.75185
316.73102
342.77484
342.33786
341.4417
340.03988
338.06055
336.41178
335.01643
333.81673
332.77175
331.85269
331.03906
330.31595
329.67226
329.09963
328.59168
328.14353
327.75152
327.41297
327.12607
326.88982
326.70395
326.56902
326.48643
326.45856
326.48903
326.58306
326.74802
326.99444
327.33741
327.79891
328.41105
329.21981
330.28605
330.67866
330.43636
329.55877
328.00636
326.70944
325.60633
324.65019
323.80802
323.05688
322.38067
321.76777
321.20959
320.69961
320.23273
319.80492
319.41291
319.05403
318.72605
318.42715
318.15578
317.91063
317.69062
317.49483
317.32249
317.17295
317.04568
316.94024
316.8563
316.79356
316.75185
316.73102
342.77484
342.33786
341.4417
340.03988
338.06055
336.41178
335.01643
333.81673
332.77175
331.85269
331.03906
330.31595
329.67226
329.09963
328.59168
328.14353
327.75152
327.41297
327.12607
326.88982
326.70395
326.56902
326.48643
326.45856
326.48903
326.58306
326.74802
326.99444
327.33741
327.79891
328.41105
329.21981
330.28605
330.67866
330.43636
329.55877
328.00636
326.70944
325.60633
324.65019
323.80802
323.05688
322.38067
321.76777
321.20959
320.69961
320.23273
319.80492
319.41291
319.05403
318.72605
318.42715
318.15578
317.91063
317.69062
317.49483
317.32249
317.17295
317.04568
316.94024
316.8563
316.79356
316.75185
316.73102
342.77484
342.33786
341.4417
340.03988
338.06055
336.41178
335.01643
333.81673
332.77175
331.85269
331.03906
330.31595
329.67226
329.09963
328.59168
328.14353
327.75152
327.41297
327.12607
326.88982
326.70395
326.56902
326.48643
326.45856
326.48903
326.58306
326.74802
326.99444
327.33741
327.79891
328.41105
329.21981
330.28605
330.67866
330.43636
329.55877
328.00636
326.70944
325.60633
324.65019
323.80802
323.05688
322.38067
321.76777
321.20959
320.69961
320.23273
319.80492
319.41291
319.05403
318.72605
318.42715
318.15578
317.91063
317.69062
317.49483
317.32249
317.17295
317.04568
316.94024
316.8563
316.79356
316.75185
316.73102
342.77484
342.33786
341.4417
340.03988
338.06055
336.41178
335.01643
333.81673
332.77175
331.85269
331.03906
330.31595
329.67226
329.09963
328.59168
328.14353
327.75152
327.41297
327.12607
326.88982
326.70395
326.56902
326.48643
326.45856
326.48903
326.58306
326.74802
326.99444
327.33741
327.79891
328.41105
329.21981
330.28605
330.67866
330.43636
329.55877
328.00636
326.70944
325.60633
324.65019
323.80802
323.05688
322.38067
321.76777
321.20959
320.69961
320.23273
319.80492
319.41291
319.05403
318.72605
318.42715
318.15578
317.91063
317.69062
317.49483
317.32249
317.17295
317.04568
316.94024
316.8563
316.79356
316.75185
316.73102
342.77484
342.33786
341.4417
340.03988
338.06055
336.41178
335.01643
333.81673
332.77175
331.85269
331.03906
330.31595
329.67226
329.09963
328.59168
328.14353
327.75152
327.41297
327.12607
326.88982
326.70395
326.56902
326.48643
326.45856
326.48903
326.58306
326.74802
326.99444
327.33741
327.79891
328.41105
329.21981
330.28605
330.67866
330.43636
329.55877
328.00636
326.70944
325.60633
324.65019
323.80802
323.05688
322.38067
321.76777
321.20959
320.69961
320.23273
319.80492
319.41291
319.05403
318.72605
318.42715
318.15578
317.91063
317.69062
317.49483
317.32249
317.17295
317.04568
316.94024
316.8563
316.79356
316.75185
316.73102
342.77484
342.33786
341.4417
340.03988
338.06055
336.41178
335.01643
333.81673
332.77175
331.85269
331.03906
330.31595
329.67226
329.09963
328.59168
328.14353
327.75152
327.41297
327.12607
326.88982
326.70395
326.56902
326.48643
326.45856
326.48903
326.58306
326.74802
326.99444
327.33741
327.79891
328.41105
329.21981
330.28605
330.67866
330.43636
329.55877
328.00636
326.70944
325.60633
324.65019
323.80802
323.05688
322.38067
321.76777
321.20959
320.69961
320.23273
319.80492
319.41291
319.05403
318.72605
318.42715
318.15578
317.91063
317.69062
317.49483
317.32249
317.17295
317.04568
316.94024
316.8563
316.79356
316.75185
316.73102
342.46425
342.03449
341.1521
339.76929
337.81274
336.18816
334.81696
333.64004
332.6157
331.71483
330.91686
330.20701
329.57438
329.01083
328.51016
328.06769
327.6799
327.34423
327.05894
326.82307
326.63638
326.49939
326.41345
326.38088
326.4052
326.49154
326.64724
326.88283
327.21363
327.66207
328.26114
329.05814
330.11521
330.50318
330.26137
329.38942
327.84719
326.56308
325.47415
324.53226
323.70355
322.96463
322.29924
321.69576
321.14568
320.64263
320.18164
319.75882
319.37103
319.01571
318.69074
318.39437
318.12513
317.88177
317.66326
317.46872
317.29742
317.14874
317.02216
316.91728
316.83376
316.77133
316.72982
316.7091
342.46425
342.03449
341.1521
339.76929
337.81274
336.18816
334.81696
333.64004
332.6157
331.71483
330.91686
330.20701
329.57438
329.01083
328.51016
328.06769
327.6799
327.34423
327.05894
326.82307
326.63638
326.49939
326.41345
326.38088
326.4052
326.49154
326.64724
326.88283
327.21363
327.66207
328.26114
329.05814
330.11521
330.50318
330.26137
329.38942
327.84719
326.56308
325.47415
324.53226
323.70355
322.96463
322.29924
321.69576
321.14568
320.64263
320.18164
319.75882
319.37103
319.01571
318.69074
318.39437
318.12513
317.88177
317.66326
317.46872
317.29742
317.14874
317.02216
316.91728
316.83376
316.77133
316.72982
316.7091
342.46425
342.03449
341.1521
339.76929
337.81274
336.18816
334.81696
333.64004
332.6157
331.71483
330.91686
330.20701
329.57438
329.01083
328.51016
328.06769
327.6799
327.34423
327.05894
326.82307
326.63638
326.49939
326.41345
326.38088
326.4052
326.49154
326.64724
326.88283
327.21363
327.66207
328.26114
329.05814
330.11521
330.50318
330.26137
329.38942
327.84719
326.56308
325.47415
324.53226
323.70355
322.96463
322.29924
321.69576
321.14568
320.64263
320.18164
319.75882
319.37103
319.01571
318.69074
318.39437
318.12513
317.88177
317.66326
317.46872
317.29742
317.14874
317.02216
316.91728
316.83376
316.77133
316.72982
316.7091
342.46425
342.03449
341.1521
339.76929
337.81274
336.18816
334.81696
333.64004
332.6157
331.71483
330.91686
330.20701
329.57438
329.01083
328.51016
328.06769
327.6799
327.34423
327.05894
326.82307
326.63638
326.49939
326.41345
326.38088
326.4052
326.49154
326.64724
326.88283
327.21363
327.66207
328.26114
329.05814
330.11521
330.50318
330.26137
329.38942
327.84719
326.56308
325.47415
324.53226
323.70355
322.96463
322.29924
321.69576
321.14568
320.64263
320.18164
319.75882
319.37103
319.01571
318.69074
318.39437
318.12513
317.88177
317.66326
317.46872
317.29742
317.14874
317.02216
316.91728
316.83376
316.77133
316.72982
316.7091
342.46425
342.03449
341.1521
339.76929
337.81274
336.18816
334.81696
333.64004
332.6157
331.71483
330.91686
330.20701
329.57438
329.01083
328.51016
328.06769
327.6799
327.34423
327.05894
326.82307
326.63638
326.49939
326.41345
326.38088
326.4052
326.49154
326.64724
326.88283
327.21363
327.66207
328.26114
329.05814
330.11521
330.50318
330.26137
329.38942
327.84719
326.56308
325.47415
324.53226
323.70355
322.96463
322.29924
321.69576
321.14568
320.64263
320.18164
319.75882
319.37103
319.01571
318.69074
318.39437
318.12513
317.88177
317.66326
317.46872
317.29742
317.14874
317.02216
316.91728
316.83376
316.77133
316.72982
316.7091
342.46425
342.03449
341.1521
339.76929
337.81274
336.18816
334.81696
333.64004
332.6157
331.71483
330.91686
330.20701
329.57438
329.01083
328.51016
328.06769
327.6799
327.34423
327.05894
326.82307
326.63638
326.49939
326.41345
326.38088
326.4052
326.49154
326.64724
326.88283
327.21363
327.66207
328.26114
329.05814
330.11521
330.50318
330.26137
329.38942
327.84719
326.56308
325.47415
324.53226
323.70355
322.96463
322.29924
321.69576
321.14568
320.64263
320.18164
319.75882
319.37103
319.01571
318.69074
318.39437
318.12513
317.88177
317.66326
317.46872
317.29742
317.14874
317.02216
316.91728
316.83376
316.77133
316.72982
316.7091
342.46425
342.03449
341.1521
339.76929
337.81274
336.18816
334.81696
333.64004
332.6157
331.71483
330.91686
330.20701
329.57438
329.01083
328.51016
328.06769
327.6799
327.34423
327.05894
326.82307
326.63638
326.49939
326.41345
326.38088
326.4052
326.49154
326.64724
326.88283
327.21363
327.66207
328.26114
329.05814
330.11521
330.50318
330.26137
329.38942
327.84719
326.56308
325.47415
324.53226
323.70355
322.96463
322.29924
321.69576
321.14568
320.64263
320.18164
319.75882
319.37103
319.01571
318.69074
318.39437
318.12513
317.88177
317.66326
317.46872
317.29742
317.14874
317.02216
316.91728
316.83376
316.77133
316.72982
316.7091
342.46425
342.03449
341.1521
339.76929
337.81274
336.18816
334.81696
333.64004
332.6157
331.71483
330.91686
330.20701
329.57438
329.01083
328.51016
328.06769
327.6799
327.34423
327.05894
326.82307
326.63638
326.49939
326.41345
326.38088
326.4052
326.49154
326.64724
326.88283
327.21363
327.66207
328.26114
329.05814
330.11521
330.50318
330.26137
329.38942
327.84719
326.56308
325.47415
324.53226
323.70355
322.96463
322.29924
321.69576
321.14568
320.64263
320.18164
319.75882
319.37103
319.01571
318.69074
318.39437
318.12513
317.88177
317.66326
317.46872
317.29742
317.14874
317.02216
316.91728
316.83376
316.77133
316.72982
316.7091
342.46425
342.03449
341.1521
339.76929
337.81274
336.18816
334.81696
333.64004
332.6157
331.71483
330.91686
330.20701
329.57438
329.01083
328.51016
328.06769
327.6799
327.34423
327.05894
326.82307
326.63638
326.49939
326.41345
326.38088
326.4052
326.49154
326.64724
326.88283
327.21363
327.66207
328.26114
329.05814
330.11521
330.50318
330.26137
329.38942
327.84719
326.56308
325.47415
324.53226
323.70355
322.96463
322.29924
321.69576
321.14568
320.64263
320.18164
319.75882
319.37103
319.01571
318.69074
318.39437
318.12513
317.88177
317.66326
317.46872
317.29742
317.14874
317.02216
316.91728
316.83376
316.77133
316.72982
316.7091
342.46425
342.03449
341.1521
339.76929
337.81274
336.18816
334.81696
333.64004
332.6157
331.71483
330.91686
330.20701
329.57438
329.01083
328.51016
328.06769
327.6799
327.34423
327.05894
326.82307
326.63638
326.49939
326.41345
326.38088
326.4052
326.49154
326.64724
326.88283
327.21363
327.66207
328.26114
329.05814
330.11521
330.50318
330.26137
329.38942
327.84719
326.56308
325.47415
324.53226
323.70355
322.96463
322.29924
321.69576
321.14568
320.64263
320.18164
319.75882
319.37103
319.01571
318.69074
318.39437
318.12513
317.88177
317.66326
317.46872
317.29742
317.14874
317.02216
316.91728
316.83376
316.77133
316.72982
316.7091
342.46425
342.03449
341.1521
339.76929
337.81274
336.18816
334.81696
333.64004
332.6157
331.71483
330.91686
330.20701
329.57438
329.01083
328.51016
328.06769
327.6799
327.34423
327.05894
326.82307
326.63638
326.49939
326.41345
326.38088
326.4052
326.49154
326.64724
326.88283
327.21363
327.66207
328.26114
329.05814
330.11521
330.50318
330.26137
329.38942
327.84719
326.56308
325.47415
324.53226
323.70355
322.96463
322.29924
321.69576
321.14568
320.64263
320.18164
319.75882
319.37103
319.01571
318.69074
318.39437
318.12513
317.88177
317.66326
317.46872
317.29742
317.14874
317.02216
316.91728
316.83376
316.77133
316.72982
316.7091
342.46425
342.03449
341.1521
339.76929
337.81274
336.18816
334.81696
333.64004
332.6157
331.71483
330.91686
330.20701
329.57438
329.01083
328.51016
328.06769
327.6799
327.34423
327.05894
326.82307
326.63638
326.49939
326.41345
326.38088
326.4052
326.49154
326.64724
326.88283
327.21363
327.66207
328.26114
329.05814
330.11521
330.50318
330.26137
329.38942
327.84719
326.56308
325.47415
324.53226
323.70355
322.96463
322.29924
321.69576
321.14568
320.64263
320.18164
319.75882
319.37103
319.01571
318.69074
318.39437
318.12513
317.88177
317.66326
317.46872
317.29742
317.14874
317.02216
316.91728
316.83376
316.77133
316.72982
316.7091
342.46425
342.03449
341.1521
339.76929
337.81274
336.18816
334.81696
333.64004
332.6157
331.71483
330.91686
330.20701
329.57438
329.01083
328.51016
328.06769
327.6799
327.34423
327.05894
326.82307
326.63638
326.49939
326.41345
326.38088
326.4052
326.49154
326.64724
326.88283
327.21363
327.66207
328.26114
329.05814
330.11521
330.50318
330.26137
329.38942
327.84719
326.56308
325.47415
324.53226
323.70355
322.96463
322.29924
321.69576
321.14568
320.64263
320.18164
319.75882
319.37103
319.01571
318.69074
318.39437
318.12513
317.88177
317.66326
317.46872
317.29742
317.14874
317.02216
316.91728
316.83376
316.77133
316.72982
316.7091
342.46425
342.03449
341.1521
339.76929
337.81274
336.18816
334.81696
333.64004
332.6157
331.71483
330.91686
330.20701
329.57438
329.01083
328.51016
328.06769
327.6799
327.34423
327.05894
326.82307
326.63638
326.49939
326.41345
326.38088
326.4052
326.49154
326.64724
326.88283
327.21363
327.66207
328.26114
329.05814
330.11521
330.50318
330.26137
329.38942
327.84719
326.56308
325.47415
324.53226
323.70355
322.96463
322.29924
321.69576
321.14568
320.64263
320.18164
319.75882
319.37103
319.01571
318.69074
318.39437
318.12513
317.88177
317.66326
317.46872
317.29742
317.14874
317.02216
316.91728
316.83376
316.77133
316.72982
316.7091
342.46425
342.03449
341.1521
339.76929
337.81274
336.18816
334.81696
333.64004
332.6157
331.71483
330.91686
330.20701
329.57438
329.01083
328.51016
328.06769
327.6799
327.34423
327.05894
326.82307
326.63638
326.49939
326.41345
326.38088
326.4052
326.49154
326.64724
326.88283
327.21363
327.66207
328.26114
329.05814
330.11521
330.50318
330.26137
329.38942
327.84719
326.56308
325.47415
324.53226
323.70355
322.96463
322.29924
321.69576
321.14568
320.64263
320.18164
319.75882
319.37103
319.01571
318.69074
318.39437
318.12513
317.88177
317.66326
317.46872
317.29742
317.14874
317.02216
316.91728
316.83376
316.77133
316.72982
316.7091
342.46425
342.03449
341.1521
339.76929
337.81274
336.18816
334.81696
333.64004
332.6157
331.71483
330.91686
330.20701
329.57438
329.01083
328.51016
328.06769
327.6799
327.34423
327.05894
326.82307
326.63638
326.49939
326.41345
326.38088
326.4052
326.49154
326.64724
326.88283
327.21363
327.66207
328.26114
329.05814
330.11521
330.50318
330.26137
329.38942
327.84719
326.56308
325.47415
324.53226
323.70355
322.96463
322.29924
321.69576
321.14568
320.64263
320.18164
319.75882
319.37103
319.01571
318.69074
318.39437
318.12513
317.88177
317.66326
317.46872
317.29742
317.14874
317.02216
316.91728
316.83376
316.77133
316.72982
316.7091
342.15392
341.73139
340.8628
339.49903
337.56474
335.96439
334.61737
333.46326
332.45959
331.5769
330.79461
330.09803
329.47647
328.92199
328.42861
327.99182
327.60825
327.27545
326.99178
326.75629
326.56878
326.42973
326.34044
326.30316
326.32133
326.39998
326.5464
326.77117
327.08978
327.52514
328.11111
328.89631
329.94476
330.32806
330.08675
329.22046
327.68787
326.41662
325.3419
324.41427
323.59902
322.87234
322.21777
321.62371
321.08175
320.58562
320.13052
319.71269
319.32913
318.97737
318.65541
318.36157
318.09446
317.85289
317.63589
317.4426
317.27234
317.12451
316.99863
316.8943
316.8112
316.74909
316.70778
316.68716
342.15392
341.73139
340.8628
339.49903
337.56474
335.96439
334.61737
333.46326
332.45959
331.5769
330.79461
330.09803
329.47647
328.92199
328.42861
327.99182
327.60825
327.27545
326.99178
326.75629
326.56878
326.42973
326.34044
326.30316
326.32133
326.39998
326.5464
326.77117
327.08978
327.52514
328.11111
328.89631
329.94476
330.32806
330.08675
329.22046
327.68787
326.41662
325.3419
324.41427
323.59902
322.87234
322.21777
321.62371
321.08175
320.58562
320.13052
319.71269
319.32913
318.97737
318.65541
318.36157
318.09446
317.85289
317.63589
317.4426
317.27234
317.12451
316.99863
316.8943
316.8112
316.74909
316.70778
316.68716
342.15392
341.73139
340.8628
339.49903
337.56474
335.96439
334.61737
333.46326
332.45959
331.5769
330.79461
330.09803
329.47647
328.92199
328.42861
327.99182
327.60825
327.27545
326.99178
326.75629
326.56878
326.42973
326.34044
326.30316
326.32133
326.39998
326.5464
326.77117
327.08978
327.52514
328.11111
328.89631
329.94476
330.32806
330.08675
329.22046
327.68787
326.41662
325.3419
324.41427
323.59902
322.87234
322.21777
321.62371
321.08175
320.58562
320.13052
319.71269
319.32913
318.97737
318.65541
318.36157
318.09446
317.85289
317.63589
317.4426
317.27234
317.12451
316.99863
316.8943
316.8112
316.74909
316.70778
316.68716
342.15392
341.73139
340.8628
339.49903
337.56474
335.96439
334.61737
333.46326
332.45959
331.5769
330.79461
330.09803
329.47647
328.92199
328.42861
327.99182
327.60825
327.27545
326.99178
326.75629
326.56878
326.42973
326.34044
326.30316
326.32133
326.39998
326.5464
326.77117
327.08978
327.52514
328.11111
328.89631
329.94476
330.32806
330.08675
329.22046
327.68787
326.41662
325.3419
324.41427
323.59902
322.87234
322.21777
321.62371
321.08175
320.58562
320.13052
319.71269
319.32913
318.97737
318.65541
318.36157
318.09446
317.85289
317.63589
317.4426
317.27234
317.12451
316.99863
316.8943
316.8112
316.74909
316.70778
316.68716
342.15392
341.73139
340.8628
339.49903
337.56474
335.96439
334.61737
333.46326
332.45959
331.5769
330.79461
330.09803
329.47647
328.92199
328.42861
327.99182
327.60825
327.27545
326.99178
326.75629
326.56878
326.42973
326.34044
326.30316
326.32133
326.39998
326.5464
326.77117
327.08978
327.52514
328.11111
328.89631
329.94476
330.32806
330.08675
329.22046
327.68787
326.41662
325.3419
324.41427
323.59902
322.87234
322.21777
321.62371
321.08175
320.58562
320.13052
319.71269
319.32913
318.97737
318.65541
318.36157
318.09446
317.85289
317.63589
317.4426
317.27234
317.12451
316.99863
316.8943
316.8112
316.74909
316.70778
316.68716
342.15392
341.73139
340.8628
339.49903
337.56474
335.96439
334.61737
333.46326
332.45959
331.5769
330.79461
330.09803
329.47647
328.92199
328.42861
327.99182
327.60825
327.27545
326.99178
326.75629
326.56878
326.42973
326.34044
326.30316
326.32133
326.39998
326.5464
326.77117
327.08978
327.52514
328.11111
328.89631
329.94476
330.32806
330.08675
329.22046
327.68787
326.41662
325.3419
324.41427
323.59902
322.87234
322.21777
321.62371
321.08175
320.58562
320.13052
319.71269
319.32913
318.97737
318.65541
318.36157
318.09446
317.85289
317.63589
317.4426
317.27234
317.12451
316.99863
316.8943
316.8112
316.74909
316.70778
316.68716
342.15392
341.73139
340.8628
339.49903
337.56474
335.96439
334.61737
333.46326
332.45959
331.5769
330.79461
330.09803
329.47647
328.92199
328.42861
327.99182
327.60825
327.27545
326.99178
326.75629
326.56878
326.42973
326.34044
326.30316
326.32133
326.39998
326.5464
326.77117
327.08978
327.52514
328.11111
328.89631
329.94476
330.32806
330.08675
329.22046
327.68787
326.41662
325.3419
324.41427
323.59902
322.87234
322.21777
321.62371
321.08175
320.58562
320.13052
319.71269
319.32913
318.97737
318.65541
318.36157
318.09446
317.85289
317.63589
317.4426
317.27234
317.12451
316.99863
316.8943
316.8112
316.74909
316.70778
316.68716
342.15392
341.73139
340.8628
339.49903
337.56474
335.96439
334.61737
333.46326
332.45959
331.5769
330.79461
330.09803
329.47647
328.92199
328.42861
327.99182
327.60825
327.27545
326.99178
326.75629
326.56878
326.42973
326.34044
326.30316
326.32133
326.39998
326.5464
326.77117
327.08978
327.52514
328.11111
328.89631
329.94476
330.32806
330.08675
329.22046
327.68787
326.41662
325.3419
324.41427
323.59902
322.87234
322.21777
321.62371
321.08175
320.58562
320.13052
319.71269
319.32913
318.97737
318.65541
318.36157
318.09446
317.85289
317.63589
317.4426
317.27234
317.12451
316.99863
316.8943
316.8112
316.74909
316.70778
316.68716
342.15392
341.73139
340.8628
339.49903
337.56474
335.96439
334.61737
333.46326
332.45959
331.5769
330.79461
330.09803
329.47647
328.92199
328.42861
327.99182
327.60825
327.27545
326.99178
326.75629
326.56878
326.42973
326.34044
326.30316
326.32133
326.39998
326.5464
326.77117
327.08978
327.52514
328.11111
328.89631
329.94476
330.32806
330.08675
329.22046
327.68787
326.41662
325.3419
324.41427
323.59902
322.87234
322.21777
321.62371
321.08175
320.58562
320.13052
319.71269
319.32913
318.97737
318.65541
318.36157
318.09446
317.85289
317.63589
317.4426
317.27234
317.12451
316.99863
316.8943
316.8112
316.74909
316.70778
316.68716
342.15392
341.73139
340.8628
339.49903
337.56474
335.96439
334.61737
333.46326
332.45959
331.5769
330.79461
330.09803
329.47647
328.92199
328.42861
327.99182
327.60825
327.27545
326.99178
326.75629
326.56878
326.42973
326.34044
326.30316
326.32133
326.39998
326.5464
326.77117
327.08978
327.52514
328.11111
328.89631
329.94476
330.32806
330.08675
329.22046
327.68787
326.41662
325.3419
324.41427
323.59902
322.87234
322.21777
321.62371
321.08175
320.58562
320.13052
319.71269
319.32913
318.97737
318.65541
318.36157
318.09446
317.85289
317.63589
317.4426
317.27234
317.12451
316.99863
316.8943
316.8112
316.74909
316.70778
316.68716
342.15392
341.73139
340.8628
339.49903
337.56474
335.96439
334.61737
333.46326
332.45959
331.5769
330.79461
330.09803
329.47647
328.92199
328.42861
327.99182
327.60825
327.27545
326.99178
326.75629
326.56878
326.42973
326.34044
326.30316
326.32133
326.39998
326.5464
326.77117
327.08978
327.52514
328.11111
328.89631
329.94476
330.32806
330.08675
329.22046
327.68787
326.41662
325.3419
324.41427
323.59902
322.87234
322.21777
321.62371
321.08175
320.58562
320.13052
319.71269
319.32913
318.97737
318.65541
318.36157
318.09446
317.85289
317.63589
317.4426
317.27234
317.12451
316.99863
316.8943
316.8112
316.74909
316.70778
316.68716
342.15392
341.73139
340.8628
339.49903
337.56474
335.96439
334.61737
333.46326
332.45959
331.5769
330.79461
330.09803
329.47647
328.92199
328.42861
327.99182
327.60825
327.27545
326.99178
326.75629
326.56878
326.42973
326.34044
326.30316
326.32133
326.39998
326.5464
326.77117
327.08978
327.52514
328.11111
328.89631
329.94476
330.32806
330.08675
329.22046
327.68787
326.41662
325.3419
324.41427
323.59902
322.87234
322.21777
321.62371
321.08175
320.58562
320.13052
319.71269
319.32913
318.97737
318.65541
318.36157
318.09446
317.85289
317.63589
317.4426
317.27234
317.12451
316.99863
316.8943
316.8112
316.74909
316.70778
316.68716
342.15392
341.73139
340.8628
339.49903
337.56474
335.96439
334.61737
333.46326
332.45959
331.5769
330.79461
330.09803
329.47647
328.92199
328.42861
327.99182
327.60825
327.27545
326.99178
326.75629
326.56878
326.42973
326.34044
326.30316
326.32133
326.39998
326.5464
326.77117
327.08978
327.52514
328.11111
328.89631
329.94476
330.32806
330.08675
329.22046
327.68787
326.41662
325.3419
324.41427
323.59902
322.87234
322.21777
321.62371
321.08175
320.58562
320.13052
319.71269
319.32913
318.97737
318.65541
318.36157
318.09446
317.85289
317.63589
317.4426
317.27234
317.12451
316.99863
316.8943
316.8112
316.74909
316.70778
316.68716
342.15392
341.73139
340.8628
339.49903
337.56474
335.96439
334.61737
333.46326
332.45959
331.5769
330.79461
330.09803
329.47647
328.92199
328.42861
327.99182
327.60825
327.27545
326.99178
326.75629
326.56878
326.42973
326.34044
326.30316
326.32133
326.39998
326.5464
326.77117
327.08978
327.52514
328.11111
328.89631
329.94476
330.32806
330.08675
329.22046
327.68787
326.41662
325.3419
324.41427
323.59902
322.87234
322.21777
321.62371
321.08175
320.58562
320.13052
319.71269
319.32913
318.97737
318.65541
318.36157
318.09446
317.85289
317.63589
317.4426
317.27234
317.12451
316.99863
316.8943
316.8112
316.74909
316.70778
316.68716
342.15392
341.73139
340.8628
339.49903
337.56474
335.96439
334.61737
333.46326
332.45959
331.5769
330.79461
330.09803
329.47647
328.92199
328.42861
327.99182
327.60825
327.27545
326.99178
326.75629
326.56878
326.42973
326.34044
326.30316
326.32133
326.39998
326.5464
326.77117
327.08978
327.52514
328.11111
328.89631
329.94476
330.32806
330.08675
329.22046
327.68787
326.41662
325.3419
324.41427
323.59902
322.87234
322.21777
321.62371
321.08175
320.58562
320.13052
319.71269
319.32913
318.97737
318.65541
318.36157
318.09446
317.85289
317.63589
317.4426
317.27234
317.12451
316.99863
316.8943
316.8112
316.74909
316.70778
316.68716
342.15392
341.73139
340.8628
339.49903
337.56474
335.96439
334.61737
333.46326
332.45959
331.5769
330.79461
330.09803
329.47647
328.92199
328.42861
327.99182
327.60825
327.27545
326.99178
326.75629
326.56878
326.42973
326.34044
326.30316
326.32133
326.39998
326.5464
326.77117
327.08978
327.52514
328.11111
328.89631
329.94476
330.32806
330.08675
329.22046
327.68787
326.41662
325.3419
324.41427
323.59902
322.87234
322.21777
321.62371
321.08175
320.58562
320.13052
319.71269
319.32913
318.97737
318.65541
318.36157
318.09446
317.85289
317.63589
317.4426
317.27234
317.12451
316.99863
316.8943
316.8112
316.74909
316.70778
316.68716
341.78122
341.36845
340.51894
339.18234
337.28077
335.71334
334.397
333.27028
332.29044
331.42816
330.66312
329.98097
329.37133
328.82657
328.34096
327.91022
327.53113
327.20139
326.91942
326.68435
326.49596
326.35471
326.26183
326.21947
326.23094
326.30112
326.43713
326.6494
326.95335
327.37199
327.93962
328.70614
329.73808
330.11234
329.87157
329.01538
327.5004
326.24898
325.19379
324.28417
323.48496
322.77228
322.12979
321.54605
321.01288
320.52419
320.07539
319.66288
319.2838
318.93582
318.61705
318.32589
318.06104
317.82137
317.60596
317.414
317.24484
317.09792
316.97278
316.86904
316.78639
316.72461
316.68351
316.66299
341.78122
341.36845
340.51894
339.18234
337.28077
335.71334
334.397
333.27028
332.29044
331.42816
330.66312
329.98097
329.37133
328.82657
328.34096
327.91022
327.53113
327.20139
326.91942
326.68435
326.49596
326.35471
326.26183
326.21947
326.23094
326.30112
326.43713
326.6494
326.95335
327.37199
327.93962
328.70614
329.73808
330.11234
329.87157
329.01538
327.5004
326.24898
325.19379
324.28417
323.48496
322.77228
322.12979
321.54605
321.01288
320.52419
320.07539
319.66288
319.2838
318.93582
318.61705
318.32589
318.06104
317.82137
317.60596
317.414
317.24484
317.09792
316.97278
316.86904
316.78639
316.72461
316.68351
316.66299
341.78122
341.36845
340.51894
339.18234
337.28077
335.71334
334.397
333.27028
332.29044
331.42816
330.66312
329.98097
329.37133
328.82657
328.34096
327.91022
327.53113
327.20139
326.91942
326.68435
326.49596
326.35471
326.26183
326.21947
326.23094
326.30112
326.43713
326.6494
326.95335
327.37199
327.93962
328.70614
329.73808
330.11234
329.87157
329.01538
327.5004
326.24898
325.19379
324.28417
323.48496
322.77228
322.12979
321.54605
321.01288
320.52419
320.07539
319.66288
319.2838
318.93582
318.61705
318.32589
318.06104
317.82137
317.60596
317.414
317.24484
317.09792
316.97278
316.86904
316.78639
316.72461
316.68351
316.66299
341.78122
341.36845
340.51894
339.18234
337.28077
335.71334
334.397
333.27028
332.29044
331.42816
330.66312
329.98097
329.37133
328.82657
328.34096
327.91022
327.53113
327.20139
326.91942
326.68435
326.49596
326.35471
326.26183
326.21947
326.23094
326.30112
326.43713
326.6494
326.95335
327.37199
327.93962
328.70614
329.73808
330.11234
329.87157
329.01538
327.5004
326.24898
325.19379
324.28417
323.48496
322.77228
322.12979
321.54605
321.01288
320.52419
320.07539
319.66288
319.2838
318.93582
318.61705
318.32589
318.06104
317.82137
317.60596
317.414
317.24484
317.09792
316.97278
316.86904
316.78639
316.72461
316.68351
316.66299
341.78122
341.36845
340.51894
339.18234
337.28077
335.71334
334.397
333.27028
332.29044
331.42816
330.66312
329.98097
329.37133
328.82657
328.34096
327.91022
327.53113
327.20139
326.91942
326.68435
326.49596
326.35471
326.26183
326.21947
326.23094
326.30112
326.43713
326.6494
326.95335
327.37199
327.93962
328.70614
329.73808
330.11234
329.87157
329.01538
327.5004
326.24898
325.19379
324.28417
323.48496
322.77228
322.12979
321.54605
321.01288
320.52419
320.07539
319.66288
319.2838
318.93582
318.61705
318.32589
318.06104
317.82137
317.60596
317.414
317.24484
317.09792
316.97278
316.86904
316.78639
316.72461
316.68351
316.66299
341.78122
341.36845
340.51894
339.18234
337.28077
335.71334
334.397
333.27028
332.29044
331.42816
330.66312
329.98097
329.37133
328.82657
328.34096
327.91022
327.53113
327.20139
326.91942
326.68435
326.49596
326.35471
326.26183
326.21947
326.23094
326.30112
326.43713
326.6494
326.95335
327.37199
327.93962
328.70614
329.73808
330.11234
329.87157
329.01538
327.5004
326.24898
325.19379
324.28417
323.48496
322.77228
322.12979
321.54605
321.01288
320.52419
320.07539
319.66288
319.2838
318.93582
318.61705
318.32589
318.06104
317.82137
317.60596
317.414
317.24484
317.09792
316.97278
316.86904
316.78639
316.72461
316.68351
316.66299
341.78122
341.36845
340.51894
339.18234
337.28077
335.71334
334.397
333.27028
332.29044
331.42816
330.66312
329.98097
329.37133
328.82657
328.34096
327.91022
327.53113
327.20139
326.91942
326.68435
326.49596
326.35471
326.26183
326.21947
326.23094
326.30112
326.43713
326.6494
326.95335
327.37199
327.93962
328.70614
329.73808
330.11234
329.87157
329.01538
327.5004
326.24898
325.19379
324.28417
323.48496
322.77228
322.12979
321.54605
321.01288
320.52419
320.07539
319.66288
319.2838
318.93582
318.61705
318.32589
318.06104
317.82137
317.60596
317.414
317.24484
317.09792
316.97278
316.86904
316.78639
316.72461
316.68351
316.66299
341.78122
341.36845
340.51894
339.18234
337.28077
335.71334
334.397
333.27028
332.29044
331.42816
330.66312
329.98097
329.37133
328.82657
328.34096
327.91022
327.53113
327.20139
326.91942
326.68435
326.49596
326.35471
326.26183
326.21947
326.23094
326.30112
326.43713
326.6494
326.95335
327.37199
327.93962
328.70614
329.73808
330.11234
329.87157
329.01538
327.5004
326.24898
325.19379
324.28417
323.48496
322.77228
322.12979
321.54605
321.01288
320.52419
320.07539
319.66288
319.2838
318.93582
318.61705
318.32589
318.06104
317.82137
317.60596
317.414
317.24484
317.09792
316.97278
316.86904
316.78639
316.72461
316.68351
316.66299
341.78122
341.36845
340.51894
339.18234
337.28077
335.71334
334.397
333.27028
332.29044
331.42816
330.66312
329.98097
329.37133
328.82657
328.34096
327.91022
327.53113
327.20139
326.91942
326.68435
326.49596
326.35471
326.26183
326.21947
326.23094
326.30112
326.43713
326.6494
326.95335
327.37199
327.93962
328.70614
329.73808
330.11234
329.87157
329.01538
327.5004
326.24898
325.19379
324.28417
323.48496
322.77228
322.12979
321.54605
321.01288
320.52419
320.07539
319.66288
319.2838
318.93582
318.61705
318.32589
318.06104
317.82137
317.60596
317.414
317.24484
317.09792
316.97278
316.86904
316.78639
316.72461
316.68351
316.66299
341.78122
341.36845
340.51894
339.18234
337.28077
335.71334
334.397
333.27028
332.29044
331.42816
330.66312
329.98097
329.37133
328.82657
328.34096
327.91022
327.53113
327.20139
326.91942
326.68435
326.49596
326.35471
326.26183
326.21947
326.23094
326.30112
326.43713
326.6494
326.95335
327.37199
327.93962
328.70614
329.73808
330.11234
329.87157
329.01538
327.5004
326.24898
325.19379
324.28417
323.48496
322.77228
322.12979
321.54605
321.01288
320.52419
320.07539
319.66288
319.2838
318.93582
318.61705
318.32589
318.06104
317.82137
317.60596
317.414
317.24484
317.09792
316.97278
316.86904
316.78639
316.72461
316.68351
316.66299
341.78122
341.36845
340.51894
339.18234
337.28077
335.71334
334.397
333.27028
332.29044
331.42816
330.66312
329.98097
329.37133
328.82657
328.34096
327.91022
327.53113
327.20139
326.91942
326.68435
326.49596
326.35471
326.26183
326.21947
326.23094
326.30112
326.43713
326.6494
326.95335
327.37199
327.93962
328.70614
329.73808
330.11234
329.87157
329.01538
327.5004
326.24898
325.19379
324.28417
323.48496
322.77228
322.12979
321.54605
321.01288
320.52419
320.07539
319.66288
319.2838
318.93582
318.61705
318.32589
318.06104
317.82137
317.60596
317.414
317.24484
317.09792
316.97278
316.86904
316.78639
316.72461
316.68351
316.66299
341.78122
341.36845
340.51894
339.18234
337.28077
335.71334
334.397
333.27028
332.29044
331.42816
330.66312
329.98097
329.37133
328.82657
328.34096
327.91022
327.53113
327.20139
326.91942
326.68435
326.49596
326.35471
326.26183
326.21947
326.23094
326.30112
326.43713
326.6494
326.95335
327.37199
327.93962
328.70614
329.73808
330.11234
329.87157
329.01538
327.5004
326.24898
325.19379
324.28417
323.48496
322.77228
322.12979
321.54605
321.01288
320.52419
320.07539
319.66288
319.2838
318.93582
318.61705
318.32589
318.06104
317.82137
317.60596
317.414
317.24484
317.09792
316.97278
316.86904
316.78639
316.72461
316.68351
316.66299
341.78122
341.36845
340.51894
339.18234
337.28077
335.71334
334.397
333.27028
332.29044
331.42816
330.66312
329.98097
329.37133
328.82657
328.34096
327.91022
327.53113
327.20139
326.91942
326.68435
326.49596
326.35471
326.26183
326.21947
326.23094
326.30112
326.43713
326.6494
326.95335
327.37199
327.93962
328.70614
329.73808
330.11234
329.87157
329.01538
327.5004
326.24898
325.19379
324.28417
323.48496
322.77228
322.12979
321.54605
321.01288
320.52419
320.07539
319.66288
319.2838
318.93582
318.61705
318.32589
318.06104
317.82137
317.60596
317.414
317.24484
317.09792
316.97278
316.86904
316.78639
316.72461
316.68351
316.66299
341.78122
341.36845
340.51894
339.18234
337.28077
335.71334
334.397
333.27028
332.29044
331.42816
330.66312
329.98097
329.37133
328.82657
328.34096
327.91022
327.53113
327.20139
326.91942
326.68435
326.49596
326.35471
326.26183
326.21947
326.23094
326.30112
326.43713
326.6494
326.95335
327.37199
327.93962
328.70614
329.73808
330.11234
329.87157
329.01538
327.5004
326.24898
325.19379
324.28417
323.48496
322.77228
322.12979
321.54605
321.01288
320.52419
320.07539
319.66288
319.2838
318.93582
318.61705
318.32589
318.06104
317.82137
317.60596
317.414
317.24484
317.09792
316.97278
316.86904
316.78639
316.72461
316.68351
316.66299
341.78122
341.36845
340.51894
339.18234
337.28077
335.71334
334.397
333.27028
332.29044
331.42816
330.66312
329.98097
329.37133
328.82657
328.34096
327.91022
327.53113
327.20139
326.91942
326.68435
326.49596
326.35471
326.26183
326.21947
326.23094
326.30112
326.43713
326.6494
326.95335
327.37199
327.93962
328.70614
329.73808
330.11234
329.87157
329.01538
327.5004
326.24898
325.19379
324.28417
323.48496
322.77228
322.12979
321.54605
321.01288
320.52419
320.07539
319.66288
319.2838
318.93582
318.61705
318.32589
318.06104
317.82137
317.60596
317.414
317.24484
317.09792
316.97278
316.86904
316.78639
316.72461
316.68351
316.66299
341.78122
341.36845
340.51894
339.18234
337.28077
335.71334
334.397
333.27028
332.29044
331.42816
330.66312
329.98097
329.37133
328.82657
328.34096
327.91022
327.53113
327.20139
326.91942
326.68435
326.49596
326.35471
326.26183
326.21947
326.23094
326.30112
326.43713
326.6494
326.95335
327.37199
327.93962
328.70614
329.73808
330.11234
329.87157
329.01538
327.5004
326.24898
325.19379
324.28417
323.48496
322.77228
322.12979
321.54605
321.01288
320.52419
320.07539
319.66288
319.2838
318.93582
318.61705
318.32589
318.06104
317.82137
317.60596
317.414
317.24484
317.09792
316.97278
316.86904
316.78639
316.72461
316.68351
316.66299
341.40876
341.00577
340.17537
338.86598
336.9966
335.46214
334.17652
333.07721
332.12122
331.27936
330.53159
329.86387
329.26616
328.73111
328.25328
327.82858
327.45399
327.1273
326.84704
326.61238
326.42311
326.27966
326.18319
326.13576
326.14052
326.20223
326.32782
326.52758
326.81686
327.21875
327.76802
328.5158
329.53177
329.89698
329.65674
328.81069
327.31278
326.08123
325.04561
324.15401
323.37085
322.67218
322.04177
321.46837
320.94398
320.46274
320.02024
319.61305
319.23845
318.89426
318.57867
318.2902
318.02761
317.78984
317.57601
317.38538
317.21733
317.07132
316.94691
316.84376
316.76157
316.70011
316.65923
316.63882
341.40876
341.00577
340.17537
338.86598
336.9966
335.46214
334.17652
333.07721
332.12122
331.27936
330.53159
329.86387
329.26616
328.73111
328.25328
327.82858
327.45399
327.1273
326.84704
326.61238
326.42311
326.27966
326.18319
326.13576
326.14052
326.20223
326.32782
326.52758
326.81686
327.21875
327.76802
328.5158
329.53177
329.89698
329.65674
328.81069
327.31278
326.08123
325.04561
324.15401
323.37085
322.67218
322.04177
321.46837
320.94398
320.46274
320.02024
319.61305
319.23845
318.89426
318.57867
318.2902
318.02761
317.78984
317.57601
317.38538
317.21733
317.07132
316.94691
316.84376
316.76157
316.70011
316.65923
316.63882
341.40876
341.00577
340.17537
338.86598
336.9966
335.46214
334.17652
333.07721
332.12122
331.27936
330.53159
329.86387
329.26616
328.73111
328.25328
327.82858
327.45399
327.1273
326.84704
326.61238
326.42311
326.27966
326.18319
326.13576
326.14052
326.20223
326.32782
326.52758
326.81686
327.21875
327.76802
328.5158
329.53177
329.89698
329.65674
328.81069
327.31278
326.08123
325.04561
324.15401
323.37085
322.67218
322.04177
321.46837
320.94398
320.46274
320.02024
319.61305
319.23845
318.89426
318.57867
318.2902
318.02761
317.78984
317.57601
317.38538
317.21733
317.07132
316.94691
316.84376
316.76157
316.70011
316.65923
316.63882
341.40876
341.00577
340.17537
338.86598
336.9966
335.46214
334.17652
333.07721
332.12122
331.27936
330.53159
329.86387
329.26616
328.73111
328.25328
327.82858
327.45399
327.1273
326.84704
326.61238
326.42311
326.27966
326.18319
326.13576
326.14052
326.20223
326.32782
326.52758
326.81686
327.21875
327.76802
328.5158
329.53177
329.89698
329.65674
328.81069
327.31278
326.08123
325.04561
324.15401
323.37085
322.67218
322.04177
321.46837
320.94398
320.46274
320.02024
319.61305
319.23845
318.89426
318.57867
318.2902
318.02761
317.78984
317.57601
317.38538
317.21733
317.07132
316.94691
316.84376
316.76157
316.70011
316.65923
316.63882
341.40876
341.00577
340.17537
338.86598
336.9966
335.46214
334.17652
333.07721
332.12122
331.27936
330.53159
329.86387
329.26616
328.73111
328.25328
327.82858
327.45399
327.1273
326.84704
326.61238
326.42311
326.27966
326.18319
326.13576
326.14052
326.20223
326.32782
326.52758
326.81686
327.21875
327.76802
328.5158
329.53177
329.89698
329.65674
328.81069
327.31278
326.08123
325.04561
324.15401
323.37085
322.67218
322.04177
321.46837
320.94398
320.46274
320.02024
319.61305
319.23845
318.89426
318.57867
318.2902
318.02761
317.78984
317.57601
317.38538
317.21733
317.07132
316.94691
316.84376
316.76157
316.70011
316.65923
316.63882
341.40876
341.00577
340.17537
338.86598
336.9966
335.46214
334.17652
333.07721
332.12122
331.27936
330.53159
329.86387
329.26616
328.73111
328.25328
327.82858
327.45399
327.1273
326.84704
326.61238
326.42311
326.27966
326.18319
326.13576
326.14052
326.20223
326.32782
326.52758
326.81686
327.21875
327.76802
328.5158
329.53177
329.89698
329.65674
328.81069
327.31278
326.08123
325.04561
324.15401
323.37085
322.67218
322.04177
321.46837
320.94398
320.46274
320.02024
319.61305
319.23845
318.89426
318.57867
318.2902
318.02761
317.78984
317.57601
317.38538
317.21733
317.07132
316.94691
316.84376
316.76157
316.70011
316.65923
316.63882
341.40876
341.00577
340.17537
338.86598
336.9966
335.46214
334.17652
333.07721
332.12122
331.27936
330.53159
329.86387
329.26616
328.73111
328.25328
327.82858
327.45399
327.1273
326.84704
326.61238
326.42311
326.27966
326.18319
326.13576
326.14052
326.20223
326.32782
326.52758
326.81686
327.21875
327.76802
328.5158
329.53177
329.89698
329.65674
328.81069
327.31278
326.08123
325.04561
324.15401
323.37085
322.67218
322.04177
321.46837
320.94398
320.46274
320.02024
319.61305
319.23845
318.89426
318.57867
318.2902
318.02761
317.78984
317.57601
317.38538
317.21733
317.07132
316.94691
316.84376
316.76157
316.70011
316.65923
316.63882
341.40876
341.00577
340.17537
338.86598
336.9966
335.46214
334.17652
333.07721
332.12122
331.27936
330.53159
329.86387
329.26616
328.73111
328.25328
327.82858
327.45399
327.1273
326.84704
326.61238
326.42311
326.27966
326.18319
326.13576
326.14052
326.20223
326.32782
326.52758
326.81686
327.21875
327.76802
328.5158
329.53177
329.89698
329.65674
328.81069
327.31278
326.08123
325.04561
324.15401
323.37085
322.67218
322.04177
321.46837
320.94398
320.46274
320.02024
319.61305
319.23845
318.89426
318.57867
318.2902
318.02761
317.78984
317.57601
317.38538
317.21733
317.07132
316.94691
316.84376
316.76157
316.70011
316.65923
316.63882
341.40876
341.00577
340.17537
338.86598
336.9966
335.46214
334.17652
333.07721
332.12122
331.27936
330.53159
329.86387
329.26616
328.73111
328.25328
327.82858
327.45399
327.1273
326.84704
326.61238
326.42311
326.27966
326.18319
326.13576
326.14052
326.20223
326.32782
326.52758
326.81686
327.21875
327.76802
328.5158
329.53177
329.89698
329.65674
328.81069
327.31278
326.08123
325.04561
324.15401
323.37085
322.67218
322.04177
321.46837
320.94398
320.46274
320.02024
319.61305
319.23845
318.89426
318.57867
318.2902
318.02761
317.78984
317.57601
317.38538
317.21733
317.07132
316.94691
316.84376
316.76157
316.70011
316.65923
316.63882
341.40876
341.00577
340.17537
338.86598
336.9966
335.46214
334.17652
333.07721
332.12122
331.27936
330.53159
329.86387
329.26616
328.73111
328.25328
327.82858
327.45399
327.1273
326.84704
326.61238
326.42311
326.27966
326.18319
326.13576
326.14052
326.20223
326.32782
326.52758
326.81686
327.21875
327.76802
328.5158
329.53177
329.89698
329.65674
328.81069
327.31278
326.08123
325.04561
324.15401
323.37085
322.67218
322.04177
321.46837
320.94398
320.46274
320.02024
319.61305
319.23845
318.89426
318.57867
318.2902
318.02761
317.78984
317.57601
317.38538
317.21733
317.07132
316.94691
316.84376
316.76157
316.70011
316.65923
316.63882
341.40876
341.00577
340.17537
338.86598
336.9966
335.46214
334.17652
333.07721
332.12122
331.27936
330.53159
329.86387
329.26616
328.73111
328.25328
327.82858
327.45399
327.1273
326.84704
326.61238
326.42311
326.27966
326.18319
326.13576
326.14052
326.20223
326.32782
326.52758
326.81686
327.21875
327.76802
328.5158
329.53177
329.89698
329.65674
328.81069
327.31278
326.08123
325.04561
324.15401
323.37085
322.67218
322.04177
321.46837
320.94398
320.46274
320.02024
319.61305
319.23845
318.89426
318.57867
318.2902
318.02761
317.78984
317.57601
317.38538
317.21733
317.07132
316.94691
316.84376
316.76157
316.70011
316.65923
316.63882
341.40876
341.00577
340.17537
338.86598
336.9966
335.46214
334.17652
333.07721
332.12122
331.27936
330.53159
329.86387
329.26616
328.73111
328.25328
327.82858
327.45399
327.1273
326.84704
326.61238
326.42311
326.27966
326.18319
326.13576
326.14052
326.20223
326.32782
326.52758
326.81686
327.21875
327.76802
328.5158
329.53177
329.89698
329.65674
328.81069
327.31278
326.08123
325.04561
324.15401
323.37085
322.67218
322.04177
321.46837
320.94398
320.46274
320.02024
319.61305
319.23845
318.89426
318.57867
318.2902
318.02761
317.78984
317.57601
317.38538
317.21733
317.07132
316.94691
316.84376
316.76157
316.70011
316.65923
316.63882
341.40876
341.00577
340.17537
338.86598
336.9966
335.46214
334.17652
333.07721
332.12122
331.27936
330.53159
329.86387
329.26616
328.73111
328.25328
327.82858
327.45399
327.1273
326.84704
326.61238
326.42311
326.27966
326.18319
326.13576
326.14052
326.20223
326.32782
326.52758
326.81686
327.21875
327.76802
328.5158
329.53177
329.89698
329.65674
328.81069
327.31278
326.08123
325.04561
324.15401
323.37085
322.67218
322.04177
321.46837
320.94398
320.46274
320.02024
319.61305
319.23845
318.89426
318.57867
318.2902
318.02761
317.78984
317.57601
317.38538
317.21733
317.07132
316.94691
316.84376
316.76157
316.70011
316.65923
316.63882
341.40876
341.00577
340.17537
338.86598
336.9966
335.46214
334.17652
333.07721
332.12122
331.27936
330.53159
329.86387
329.26616
328.73111
328.25328
327.82858
327.45399
327.1273
326.84704
326.61238
326.42311
326.27966
326.18319
326.13576
326.14052
326.20223
326.32782
326.52758
326.81686
327.21875
327.76802
328.5158
329.53177
329.89698
329.65674
328.81069
327.31278
326.08123
325.04561
324.15401
323.37085
322.67218
322.04177
321.46837
320.94398
320.46274
320.02024
319.61305
319.23845
318.89426
318.57867
318.2902
318.02761
317.78984
317.57601
317.38538
317.21733
317.07132
316.94691
316.84376
316.76157
316.70011
316.65923
316.63882
341.40876
341.00577
340.17537
338.86598
336.9966
335.46214
334.17652
333.07721
332.12122
331.27936
330.53159
329.86387
329.26616
328.73111
328.25328
327.82858
327.45399
327.1273
326.84704
326.61238
326.42311
326.27966
326.18319
326.13576
326.14052
326.20223
326.32782
326.52758
326.81686
327.21875
327.76802
328.5158
329.53177
329.89698
329.65674
328.81069
327.31278
326.08123
325.04561
324.15401
323.37085
322.67218
322.04177
321.46837
320.94398
320.46274
320.02024
319.61305
319.23845
318.89426
318.57867
318.2902
318.02761
317.78984
317.57601
317.38538
317.21733
317.07132
316.94691
316.84376
316.76157
316.70011
316.65923
316.63882
341.40876
341.00577
340.17537
338.86598
336.9966
335.46214
334.17652
333.07721
332.12122
331.27936
330.53159
329.86387
329.26616
328.73111
328.25328
327.82858
327.45399
327.1273
326.84704
326.61238
326.42311
326.27966
326.18319
326.13576
326.14052
326.20223
326.32782
326.52758
326.81686
327.21875
327.76802
328.5158
329.53177
329.89698
329.65674
328.81069
327.31278
326.08123
325.04561
324.15401
323.37085
322.67218
322.04177
321.46837
320.94398
320.46274
320.02024
319.61305
319.23845
318.89426
318.57867
318.2902
318.02761
317.78984
317.57601
317.38538
317.21733
317.07132
316.94691
316.84376
316.76157
316.70011
316.65923
316.63882
340.97182
340.58124
339.77552
338.50205
336.67637
335.18413
333.93597
332.8687
331.93972
331.12044
330.39143
329.73923
329.15423
328.6295
328.15988
327.74155
327.37168
327.04821
326.76975
326.53553
326.34533
326.19955
326.09927
326.04641
326.04397
326.09645
326.21052
326.39612
326.66824
327.04964
327.57504
328.29659
329.28768
329.63895
329.39928
328.56832
327.09647
325.89238
324.88191
324.01217
323.24764
322.56473
321.94761
321.3854
320.87043
320.39712
319.96128
319.5597
319.18983
318.84961
318.53737
318.25172
317.9915
317.75572
317.54357
317.35434
317.18744
317.04239
316.91876
316.81623
316.73451
316.6734
316.63275
316.61245
340.97182
340.58124
339.77552
338.50205
336.67637
335.18413
333.93597
332.8687
331.93972
331.12044
330.39143
329.73923
329.15423
328.6295
328.15988
327.74155
327.37168
327.04821
326.76975
326.53553
326.34533
326.19955
326.09927
326.04641
326.04397
326.09645
326.21052
326.39612
326.66824
327.04964
327.57504
328.29659
329.28768
329.63895
329.39928
328.56832
327.09647
325.89238
324.88191
324.01217
323.24764
322.56473
321.94761
321.3854
320.87043
320.39712
319.96128
319.5597
319.18983
318.84961
318.53737
318.25172
317.9915
317.75572
317.54357
317.35434
317.18744
317.04239
316.91876
316.81623
316.73451
316.6734
316.63275
316.61245
340.97182
340.58124
339.77552
338.50205
336.67637
335.18413
333.93597
332.8687
331.93972
331.12044
330.39143
329.73923
329.15423
328.6295
328.15988
327.74155
327.37168
327.04821
326.76975
326.53553
326.34533
326.19955
326.09927
326.04641
326.04397
326.09645
326.21052
326.39612
326.66824
327.04964
327.57504
328.29659
329.28768
329.63895
329.39928
328.56832
327.09647
325.89238
324.88191
324.01217
323.24764
322.56473
321.94761
321.3854
320.87043
320.39712
319.96128
319.5597
319.18983
318.84961
318.53737
318.25172
317.9915
317.75572
317.54357
317.35434
317.18744
317.04239
316.91876
316.81623
316.73451
316.6734
316.63275
316.61245
340.97182
340.58124
339.77552
338.50205
336.67637
335.18413
333.93597
332.8687
331.93972
331.12044
330.39143
329.73923
329.15423
328.6295
328.15988
327.74155
327.37168
327.04821
326.76975
326.53553
326.34533
326.19955
326.09927
326.04641
326.04397
326.09645
326.21052
326.39612
326.66824
327.04964
327.57504
328.29659
329.28768
329.63895
329.39928
328.56832
327.09647
325.89238
324.88191
324.01217
323.24764
322.56473
321.94761
321.3854
320.87043
320.39712
319.96128
319.5597
319.18983
318.84961
318.53737
318.25172
317.9915
317.75572
317.54357
317.35434
317.18744
317.04239
316.91876
316.81623
316.73451
316.6734
316.63275
316.61245
340.97182
340.58124
339.77552
338.50205
336.67637
335.18413
333.93597
332.8687
331.93972
331.12044
330.39143
329.73923
329.15423
328.6295
328.15988
327.74155
327.37168
327.04821
326.76975
326.53553
326.34533
326.19955
326.09927
326.04641
326.04397
326.09645
326.21052
326.39612
326.66824
327.04964
327.57504
328.29659
329.28768
329.63895
329.39928
328.56832
327.09647
325.89238
324.88191
324.01217
323.24764
322.56473
321.94761
321.3854
320.87043
320.39712
319.96128
319.5597
319.18983
318.84961
318.53737
318.25172
317.9915
317.75572
317.54357
317.35434
317.18744
317.04239
316.91876
316.81623
316.73451
316.6734
316.63275
316.61245
340.97182
340.58124
339.77552
338.50205
336.67637
335.18413
333.93597
332.8687
331.93972
331.12044
330.39143
329.73923
329.15423
328.6295
328.15988
327.74155
327.37168
327.04821
326.76975
326.53553
326.34533
326.19955
326.09927
326.04641
326.04397
326.09645
326.21052
326.39612
326.66824
327.04964
327.57504
328.29659
329.28768
329.63895
329.39928
328.56832
327.09647
325.89238
324.88191
324.01217
323.24764
322.56473
321.94761
321.3854
320.87043
320.39712
319.96128
319.5597
319.18983
318.84961
318.53737
318.25172
317.9915
317.75572
317.54357
317.35434
317.18744
317.04239
316.91876
316.81623
316.73451
316.6734
316.63275
316.61245
340.97182
340.58124
339.77552
338.50205
336.67637
335.18413
333.93597
332.8687
331.93972
331.12044
330.39143
329.73923
329.15423
328.6295
328.15988
327.74155
327.37168
327.04821
326.76975
326.53553
326.34533
326.19955
326.09927
326.04641
326.04397
326.09645
326.21052
326.39612
326.66824
327.04964
327.57504
328.29659
329.28768
329.63895
329.39928
328.56832
327.09647
325.89238
324.88191
324.01217
323.24764
322.56473
321.94761
321.3854
320.87043
320.39712
319.96128
319.5597
319.18983
318.84961
318.53737
318.25172
317.9915
317.75572
317.54357
317.35434
317.18744
317.04239
316.91876
316.81623
316.73451
316.6734
316.63275
316.61245
340.97182
340.58124
339.77552
338.50205
336.67637
335.18413
333.93597
332.8687
331.93972
331.12044
330.39143
329.73923
329.15423
328.6295
328.15988
327.74155
327.37168
327.04821
326.76975
326.53553
326.34533
326.19955
326.09927
326.04641
326.04397
326.09645
326.21052
326.39612
326.66824
327.04964
327.57504
328.29659
329.28768
329.63895
329.39928
328.56832
327.09647
325.89238
324.88191
324.01217
323.24764
322.56473
321.94761
321.3854
320.87043
320.39712
319.96128
319.5597
319.18983
318.84961
318.53737
318.25172
317.9915
317.75572
317.54357
317.35434
317.18744
317.04239
316.91876
316.81623
316.73451
316.6734
316.63275
316.61245
340.97182
340.58124
339.77552
338.50205
336.67637
335.18413
333.93597
332.8687
331.93972
331.12044
330.39143
329.73923
329.15423
328.6295
328.15988
327.74155
327.37168
327.04821
326.76975
326.53553
326.34533
326.19955
326.09927
326.04641
326.04397
326.09645
326.21052
326.39612
326.66824
327.04964
327.57504
328.29659
329.28768
329.63895
329.39928
328.56832
327.09647
325.89238
324.88191
324.01217
323.24764
322.56473
321.94761
321.3854
320.87043
320.39712
319.96128
319.5597
319.18983
318.84961
318.53737
318.25172
317.9915
317.75572
317.54357
317.35434
317.18744
317.04239
316.91876
316.81623
316.73451
316.6734
316.63275
316.61245
340.97182
340.58124
339.77552
338.50205
336.67637
335.18413
333.93597
332.8687
331.93972
331.12044
330.39143
329.73923
329.15423
328.6295
328.15988
327.74155
327.37168
327.04821
326.76975
326.53553
326.34533
326.19955
326.09927
326.04641
326.04397
326.09645
326.21052
326.39612
326.66824
327.04964
327.57504
328.29659
329.28768
329.63895
329.39928
328.56832
327.09647
325.89238
324.88191
324.01217
323.24764
322.56473
321.94761
321.3854
320.87043
320.39712
319.96128
319.5597
319.18983
318.84961
318.53737
318.25172
317.9915
317.75572
317.54357
317.35434
317.18744
317.04239
316.91876
316.81623
316.73451
316.6734
316.63275
316.61245
340.97182
340.58124
339.77552
338.50205
336.67637
335.18413
333.93597
332.8687
331.93972
331.12044
330.39143
329.73923
329.15423
328.6295
328.15988
327.74155
327.37168
327.04821
326.76975
326.53553
326.34533
326.19955
326.09927
326.04641
326.04397
326.09645
326.21052
326.39612
326.66824
327.04964
327.57504
328.29659
329.28768
329.63895
329.39928
328.56832
327.09647
325.89238
324.88191
324.01217
323.24764
322.56473
321.94761
321.3854
320.87043
320.39712
319.96128
319.5597
319.18983
318.84961
318.53737
318.25172
317.9915
317.75572
317.54357
317.35434
317.18744
317.04239
316.91876
316.81623
316.73451
316.6734
316.63275
316.61245
340.97182
340.58124
339.77552
338.50205
336.67637
335.18413
333.93597
332.8687
331.93972
331.12044
330.39143
329.73923
329.15423
328.6295
328.15988
327.74155
327.37168
327.04821
326.76975
326.53553
326.34533
326.19955
326.09927
326.04641
326.04397
326.09645
326.21052
326.39612
326.66824
327.04964
327.57504
328.29659
329.28768
329.63895
329.39928
328.56832
327.09647
325.89238
324.88191
324.01217
323.24764
322.56473
321.94761
321.3854
320.87043
320.39712
319.96128
319.5597
319.18983
318.84961
318.53737
318.25172
317.9915
317.75572
317.54357
317.35434
317.18744
317.04239
316.91876
316.81623
316.73451
316.6734
316.63275
316.61245
340.97182
340.58124
339.77552
338.50205
336.67637
335.18413
333.93597
332.8687
331.93972
331.12044
330.39143
329.73923
329.15423
328.6295
328.15988
327.74155
327.37168
327.04821
326.76975
326.53553
326.34533
326.19955
326.09927
326.04641
326.04397
326.09645
326.21052
326.39612
326.66824
327.04964
327.57504
328.29659
329.28768
329.63895
329.39928
328.56832
327.09647
325.89238
324.88191
324.01217
323.24764
322.56473
321.94761
321.3854
320.87043
320.39712
319.96128
319.5597
319.18983
318.84961
318.53737
318.25172
317.9915
317.75572
317.54357
317.35434
317.18744
317.04239
316.91876
316.81623
316.73451
316.6734
316.63275
316.61245
340.97182
340.58124
339.77552
338.50205
336.67637
335.18413
333.93597
332.8687
331.93972
331.12044
330.39143
329.73923
329.15423
328.6295
328.15988
327.74155
327.37168
327.04821
326.76975
326.53553
326.34533
326.19955
326.09927
326.04641
326.04397
326.09645
326.21052
326.39612
326.66824
327.04964
327.57504
328.29659
329.28768
329.63895
329.39928
328.56832
327.09647
325.89238
324.88191
324.01217
323.24764
322.56473
321.94761
321.3854
320.87043
320.39712
319.96128
319.5597
319.18983
318.84961
318.53737
318.25172
317.9915
317.75572
317.54357
317.35434
317.18744
317.04239
316.91876
316.81623
316.73451
316.6734
316.63275
316.61245
340.97182
340.58124
339.77552
338.50205
336.67637
335.18413
333.93597
332.8687
331.93972
331.12044
330.39143
329.73923
329.15423
328.6295
328.15988
327.74155
327.37168
327.04821
326.76975
326.53553
326.34533
326.19955
326.09927
326.04641
326.04397
326.09645
326.21052
326.39612
326.66824
327.04964
327.57504
328.29659
329.28768
329.63895
329.39928
328.56832
327.09647
325.89238
324.88191
324.01217
323.24764
322.56473
321.94761
321.3854
320.87043
320.39712
319.96128
319.5597
319.18983
318.84961
318.53737
318.25172
317.9915
317.75572
317.54357
317.35434
317.18744
317.04239
316.91876
316.81623
316.73451
316.6734
316.63275
316.61245
340.97182
340.58124
339.77552
338.50205
336.67637
335.18413
333.93597
332.8687
331.93972
331.12044
330.39143
329.73923
329.15423
328.6295
328.15988
327.74155
327.37168
327.04821
326.76975
326.53553
326.34533
326.19955
326.09927
326.04641
326.04397
326.09645
326.21052
326.39612
326.66824
327.04964
327.57504
328.29659
329.28768
329.63895
329.39928
328.56832
327.09647
325.89238
324.88191
324.01217
323.24764
322.56473
321.94761
321.3854
320.87043
320.39712
319.96128
319.5597
319.18983
318.84961
318.53737
318.25172
317.9915
317.75572
317.54357
317.35434
317.18744
317.04239
316.91876
316.81623
316.73451
316.6734
316.63275
316.61245
340.53511
340.15695
339.37593
338.13845
336.35594
334.90599
333.69532
332.66011
331.75814
330.96145
330.25123
329.61455
329.04227
328.52785
328.06645
327.6545
327.28934
326.96909
326.69243
326.45865
326.26752
326.11941
326.01532
325.95704
325.94739
325.99063
326.09317
326.26461
326.51956
326.88044
327.38194
328.07721
329.04396
329.38127
329.14217
328.32633
326.88001
325.70341
324.71813
323.87027
323.12438
322.45724
321.85342
321.30241
320.79686
320.33148
319.90231
319.50634
319.14119
318.80495
318.49606
318.21323
317.95538
317.7216
317.51111
317.32328
317.15754
317.01344
316.8906
316.78868
316.70744
316.64668
316.60625
316.58607
340.53511
340.15695
339.37593
338.13845
336.35594
334.90599
333.69532
332.66011
331.75814
330.96145
330.25123
329.61455
329.04227
328.52785
328.06645
327.6545
327.28934
326.96909
326.69243
326.45865
326.26752
326.11941
326.01532
325.95704
325.94739
325.99063
326.09317
326.26461
326.51956
326.88044
327.38194
328.07721
329.04396
329.38127
329.14217
328.32633
326.88001
325.70341
324.71813
323.87027
323.12438
322.45724
321.85342
321.30241
320.79686
320.33148
319.90231
319.50634
319.14119
318.80495
318.49606
318.21323
317.95538
317.7216
317.51111
317.32328
317.15754
317.01344
316.8906
316.78868
316.70744
316.64668
316.60625
316.58607
340.53511
340.15695
339.37593
338.13845
336.35594
334.90599
333.69532
332.66011
331.75814
330.96145
330.25123
329.61455
329.04227
328.52785
328.06645
327.6545
327.28934
326.96909
326.69243
326.45865
326.26752
326.11941
326.01532
325.95704
325.94739
325.99063
326.09317
326.26461
326.51956
326.88044
327.38194
328.07721
329.04396
329.38127
329.14217
328.32633
326.88001
325.70341
324.71813
323.87027
323.12438
322.45724
321.85342
321.30241
320.79686
320.33148
319.90231
319.50634
319.14119
318.80495
318.49606
318.21323
317.95538
317.7216
317.51111
317.32328
317.15754
317.01344
316.8906
316.78868
316.70744
316.64668
316.60625
316.58607
340.53511
340.15695
339.37593
338.13845
336.35594
334.90599
333.69532
332.66011
331.75814
330.96145
330.25123
329.61455
329.04227
328.52785
328.06645
327.6545
327.28934
326.96909
326.69243
326.45865
326.26752
326.11941
326.01532
325.95704
325.94739
325.99063
326.09317
326.26461
326.51956
326.88044
327.38194
328.07721
329.04396
329.38127
329.14217
328.32633
326.88001
325.70341
324.71813
323.87027
323.12438
322.45724
321.85342
321.30241
320.79686
320.33148
319.90231
319.50634
319.14119
318.80495
318.49606
318.21323
317.95538
317.7216
317.51111
317.32328
317.15754
317.01344
316.8906
316.78868
316.70744
316.64668
316.60625
316.58607
340.53511
340.15695
339.37593
338.13845
336.35594
334.90599
333.69532
332.66011
331.75814
330.96145
330.25123
329.61455
329.04227
328.52785
328.06645
327.6545
327.28934
326.96909
326.69243
326.45865
326.26752
326.11941
326.01532
325.95704
325.94739
325.99063
326.09317
326.26461
326.51956
326.88044
327.38194
328.07721
329.04396
329.38127
329.14217
328.32633
326.88001
325.70341
324.71813
323.87027
323.12438
322.45724
321.85342
321.30241
320.79686
320.33148
319.90231
319.50634
319.14119
318.80495
318.49606
318.21323
317.95538
317.7216
317.51111
317.32328
317.15754
317.01344
316.8906
316.78868
316.70744
316.64668
316.60625
316.58607
340.53511
340.15695
339.37593
338.13845
336.35594
334.90599
333.69532
332.66011
331.75814
330.96145
330.25123
329.61455
329.04227
328.52785
328.06645
327.6545
327.28934
326.96909
326.69243
326.45865
326.26752
326.11941
326.01532
325.95704
325.94739
325.99063
326.09317
326.26461
326.51956
326.88044
327.38194
328.07721
329.04396
329.38127
329.14217
328.32633
326.88001
325.70341
324.71813
323.87027
323.12438
322.45724
321.85342
321.30241
320.79686
320.33148
319.90231
319.50634
319.14119
318.80495
318.49606
318.21323
317.95538
317.7216
317.51111
317.32328
317.15754
317.01344
316.8906
316.78868
316.70744
316.64668
316.60625
316.58607
340.53511
340.15695
339.37593
338.13845
336.35594
334.90599
333.69532
332.66011
331.75814
330.96145
330.25123
329.61455
329.04227
328.52785
328.06645
327.6545
327.28934
326.96909
326.69243
326.45865
326.26752
326.11941
326.01532
325.95704
325.94739
325.99063
326.09317
326.26461
326.51956
326.88044
327.38194
328.07721
329.04396
329.38127
329.14217
328.32633
326.88001
325.70341
324.71813
323.87027
323.12438
322.45724
321.85342
321.30241
320.79686
320.33148
319.90231
319.50634
319.14119
318.80495
318.49606
318.21323
317.95538
317.7216
317.51111
317.32328
317.15754
317.01344
316.8906
316.78868
316.70744
316.64668
316.60625
316.58607
340.53511
340.15695
339.37593
338.13845
336.35594
334.90599
333.69532
332.66011
331.75814
330.96145
330.25123
329.61455
329.04227
328.52785
328.06645
327.6545
327.28934
326.96909
326.69243
326.45865
326.26752
326.11941
326.01532
325.95704
325.94739
325.99063
326.09317
326.26461
326.51956
326.88044
327.38194
328.07721
329.04396
329.38127
329.14217
328.32633
326.88001
325.70341
324.71813
323.87027
323.12438
322.45724
321.85342
321.30241
320.79686
320.33148
319.90231
319.50634
319.14119
318.80495
318.49606
318.21323
317.95538
317.7216
317.51111
317.32328
317.15754
317.01344
316.8906
316.78868
316.70744
316.64668
316.60625
316.58607
340.53511
340.15695
339.37593
338.13845
336.35594
334.90599
333.69532
332.66011
331.75814
330.96145
330.25123
329.61455
329.04227
328.52785
328.06645
327.6545
327.28934
326.96909
326.69243
326.45865
326.26752
326.11941
326.01532
325.95704
325.94739
325.99063
326.09317
326.26461
326.51956
326.88044
327.38194
328.07721
329.04396
329.38127
329.14217
328.32633
326.88001
325.70341
324.71813
323.87027
323.12438
322.45724
321.85342
321.30241
320.79686
320.33148
319.90231
319.50634
319.14119
318.80495
318.49606
318.21323
317.95538
317.7216
317.51111
317.32328
317.15754
317.01344
316.8906
316.78868
316.70744
316.64668
316.60625
316.58607
340.53511
340.15695
339.37593
338.13845
336.35594
334.90599
333.69532
332.66011
331.75814
330.96145
330.25123
329.61455
329.04227
328.52785
328.06645
327.6545
327.28934
326.96909
326.69243
326.45865
326.26752
326.11941
326.01532
325.95704
325.94739
325.99063
326.09317
326.26461
326.51956
326.88044
327.38194
328.07721
329.04396
329.38127
329.14217
328.32633
326.88001
325.70341
324.71813
323.87027
323.12438
322.45724
321.85342
321.30241
320.79686
320.33148
319.90231
319.50634
319.14119
318.80495
318.49606
318.21323
317.95538
317.7216
317.51111
317.32328
317.15754
317.01344
316.8906
316.78868
316.70744
316.64668
316.60625
316.58607
340.53511
340.15695
339.37593
338.13845
336.35594
334.90599
333.69532
332.66011
331.75814
330.96145
330.25123
329.61455
329.04227
328.52785
328.06645
327.6545
327.28934
326.96909
326.69243
326.45865
326.26752
326.11941
326.01532
325.95704
325.94739
325.99063
326.09317
326.26461
326.51956
326.88044
327.38194
328.07721
329.04396
329.38127
329.14217
328.32633
326.88001
325.70341
324.71813
323.87027
323.12438
322.45724
321.85342
321.30241
320.79686
320.33148
319.90231
319.50634
319.14119
318.80495
318.49606
318.21323
317.95538
317.7216
317.51111
317.32328
317.15754
317.01344
316.8906
316.78868
316.70744
316.64668
316.60625
316.58607
340.53511
340.15695
339.37593
338.13845
336.35594
334.90599
333.69532
332.66011
331.75814
330.96145
330.25123
329.61455
329.04227
328.52785
328.06645
327.6545
327.28934
326.96909
326.69243
326.45865
326.26752
326.11941
326.01532
325.95704
325.94739
325.99063
326.09317
326.26461
326.51956
326.88044
327.38194
328.07721
329.04396
329.38127
329.14217
328.32633
326.88001
325.70341
324.71813
323.87027
323.12438
322.45724
321.85342
321.30241
320.79686
320.33148
319.90231
319.50634
319.14119
318.80495
318.49606
318.21323
317.95538
317.7216
317.51111
317.32328
317.15754
317.01344
316.8906
316.78868
316.70744
316.64668
316.60625
316.58607
340.53511
340.15695
339.37593
338.13845
336.35594
334.90599
333.69532
332.66011
331.75814
330.96145
330.25123
329.61455
329.04227
328.52785
328.06645
327.6545
327.28934
326.96909
326.69243
326.45865
326.26752
326.11941
326.01532
325.95704
325.94739
325.99063
326.09317
326.26461
326.51956
326.88044
327.38194
328.07721
329.04396
329.38127
329.14217
328.32633
326.88001
325.70341
324.71813
323.87027
323.12438
322.45724
321.85342
321.30241
320.79686
320.33148
319.90231
319.50634
319.14119
318.80495
318.49606
318.21323
317.95538
317.7216
317.51111
317.32328
317.15754
317.01344
316.8906
316.78868
316.70744
316.64668
316.60625
316.58607
340.53511
340.15695
339.37593
338.13845
336.35594
334.90599
333.69532
332.66011
331.75814
330.96145
330.25123
329.61455
329.04227
328.52785
328.06645
327.6545
327.28934
326.96909
326.69243
326.45865
326.26752
326.11941
326.01532
325.95704
325.94739
325.99063
326.09317
326.26461
326.51956
326.88044
327.38194
328.07721
329.04396
329.38127
329.14217
328.32633
326.88001
325.70341
324.71813
323.87027
323.12438
322.45724
321.85342
321.30241
320.79686
320.33148
319.90231
319.50634
319.14119
318.80495
318.49606
318.21323
317.95538
317.7216
317.51111
317.32328
317.15754
317.01344
316.8906
316.78868
316.70744
316.64668
316.60625
316.58607
340.53511
340.15695
339.37593
338.13845
336.35594
334.90599
333.69532
332.66011
331.75814
330.96145
330.25123
329.61455
329.04227
328.52785
328.06645
327.6545
327.28934
326.96909
326.69243
326.45865
326.26752
326.11941
326.01532
325.95704
325.94739
325.99063
326.09317
326.26461
326.51956
326.88044
327.38194
328.07721
329.04396
329.38127
329.14217
328.32633
326.88001
325.70341
324.71813
323.87027
323.12438
322.45724
321.85342
321.30241
320.79686
320.33148
319.90231
319.50634
319.14119
318.80495
318.49606
318.21323
317.95538
317.7216
317.51111
317.32328
317.15754
317.01344
316.8906
316.78868
316.70744
316.64668
316.60625
316.58607
340.53511
340.15695
339.37593
338.13845
336.35594
334.90599
333.69532
332.66011
331.75814
330.96145
330.25123
329.61455
329.04227
328.52785
328.06645
327.6545
327.28934
326.96909
326.69243
326.45865
326.26752
326.11941
326.01532
325.95704
325.94739
325.99063
326.09317
326.26461
326.51956
326.88044
327.38194
328.07721
329.04396
329.38127
329.14217
328.32633
326.88001
325.70341
324.71813
323.87027
323.12438
322.45724
321.85342
321.30241
320.79686
320.33148
319.90231
319.50634
319.14119
318.80495
318.49606
318.21323
317.95538
317.7216
317.51111
317.32328
317.15754
317.01344
316.8906
316.78868
316.70744
316.64668
316.60625
316.58607
340.03126
339.66818
338.91763
337.72567
335.99969
334.60207
333.43577
332.43717
331.56523
330.79316
330.10311
329.48293
328.92408
328.42049
327.96769
327.5624
327.20218
326.88527
326.6105
326.37717
326.18507
326.03453
325.92644
325.86244
325.84511
325.87843
325.9684
326.12411
326.35946
326.6961
327.16797
327.8286
328.76016
329.07778
328.8393
328.04437
326.63449
325.49384
324.53955
323.71738
322.99264
322.34294
321.75354
321.21452
320.71896
320.26193
319.83976
319.44966
319.08943
318.75734
318.45194
318.17205
317.91667
317.68496
317.47622
317.28984
317.12532
316.98221
316.86018
316.75891
316.67817
316.61777
316.57758
316.55751
340.03126
339.66818
338.91763
337.72567
335.99969
334.60207
333.43577
332.43717
331.56523
330.79316
330.10311
329.48293
328.92408
328.42049
327.96769
327.5624
327.20218
326.88527
326.6105
326.37717
326.18507
326.03453
325.92644
325.86244
325.84511
325.87843
325.9684
326.12411
326.35946
326.6961
327.16797
327.8286
328.76016
329.07778
328.8393
328.04437
326.63449
325.49384
324.53955
323.71738
322.99264
322.34294
321.75354
321.21452
320.71896
320.26193
319.83976
319.44966
319.08943
318.75734
318.45194
318.17205
317.91667
317.68496
317.47622
317.28984
317.12532
316.98221
316.86018
316.75891
316.67817
316.61777
316.57758
316.55751
340.03126
339.66818
338.91763
337.72567
335.99969
334.60207
333.43577
332.43717
331.56523
330.79316
330.10311
329.48293
328.92408
328.42049
327.96769
327.5624
327.20218
326.88527
326.6105
326.37717
326.18507
326.03453
325.92644
325.86244
325.84511
325.87843
325.9684
326.12411
326.35946
326.6961
327.16797
327.8286
328.76016
329.07778
328.8393
328.04437
326.63449
325.49384
324.53955
323.71738
322.99264
322.34294
321.75354
321.21452
320.71896
320.26193
319.83976
319.44966
319.08943
318.75734
318.45194
318.17205
317.91667
317.68496
317.47622
317.28984
317.12532
316.98221
316.86018
316.75891
316.67817
316.61777
316.57758
316.55751
340.03126
339.66818
338.91763
337.72567
335.99969
334.60207
333.43577
332.43717
331.56523
330.79316
330.10311
329.48293
328.92408
328.42049
327.96769
327.5624
327.20218
326.88527
326.6105
326.37717
326.18507
326.03453
325.92644
325.86244
325.84511
325.87843
325.9684
326.12411
326.35946
326.6961
327.16797
327.8286
328.76016
329.07778
328.8393
328.04437
326.63449
325.49384
324.53955
323.71738
322.99264
322.34294
321.75354
321.21452
320.71896
320.26193
319.83976
319.44966
319.08943
318.75734
318.45194
318.17205
317.91667
317.68496
317.47622
317.28984
317.12532
316.98221
316.86018
316.75891
316.67817
316.61777
316.57758
316.55751
340.03126
339.66818
338.91763
337.72567
335.99969
334.60207
333.43577
332.43717
331.56523
330.79316
330.10311
329.48293
328.92408
328.42049
327.96769
327.5624
327.20218
326.88527
326.6105
326.37717
326.18507
326.03453
325.92644
325.86244
325.84511
325.87843
325.9684
326.12411
326.35946
326.6961
327.16797
327.8286
328.76016
329.07778
328.8393
328.04437
326.63449
325.49384
324.53955
323.71738
322.99264
322.34294
321.75354
321.21452
320.71896
320.26193
319.83976
319.44966
319.08943
318.75734
318.45194
318.17205
317.91667
317.68496
317.47622
317.28984
317.12532
316.98221
316.86018
316.75891
316.67817
316.61777
316.57758
316.55751
340.03126
339.66818
338.91763
337.72567
335.99969
334.60207
333.43577
332.43717
331.56523
330.79316
330.10311
329.48293
328.92408
328.42049
327.96769
327.5624
327.20218
326.88527
326.6105
326.37717
326.18507
326.03453
325.92644
325.86244
325.84511
325.87843
325.9684
326.12411
326.35946
326.6961
327.16797
327.8286
328.76016
329.07778
328.8393
328.04437
326.63449
325.49384
324.53955
323.71738
322.99264
322.34294
321.75354
321.21452
320.71896
320.26193
319.83976
319.44966
319.08943
318.75734
318.45194
318.17205
317.91667
317.68496
317.47622
317.28984
317.12532
316.98221
316.86018
316.75891
316.67817
316.61777
316.57758
316.55751
340.03126
339.66818
338.91763
337.72567
335.99969
334.60207
333.43577
332.43717
331.56523
330.79316
330.10311
329.48293
328.92408
328.42049
327.96769
327.5624
327.20218
326.88527
326.6105
326.37717
326.18507
326.03453
325.92644
325.86244
325.84511
325.87843
325.9684
326.12411
326.35946
326.6961
327.16797
327.8286
328.76016
329.07778
328.8393
328.04437
326.63449
325.49384
324.53955
323.71738
322.99264
322.34294
321.75354
321.21452
320.71896
320.26193
319.83976
319.44966
319.08943
318.75734
318.45194
318.17205
317.91667
317.68496
317.47622
317.28984
317.12532
316.98221
316.86018
316.75891
316.67817
316.61777
316.57758
316.55751
340.03126
339.66818
338.91763
337.72567
335.99969
334.60207
333.43577
332.43717
331.56523
330.79316
330.10311
329.48293
328.92408
328.42049
327.96769
327.5624
327.20218
326.88527
326.6105
326.37717
326.18507
326.03453
325.92644
325.86244
325.84511
325.87843
325.9684
326.12411
326.35946
326.6961
327.16797
327.8286
328.76016
329.07778
328.8393
328.04437
326.63449
325.49384
324.53955
323.71738
322.99264
322.34294
321.75354
321.21452
320.71896
320.26193
319.83976
319.44966
319.08943
318.75734
318.45194
318.17205
317.91667
317.68496
317.47622
317.28984
317.12532
316.98221
316.86018
316.75891
316.67817
316.61777
316.57758
316.55751
340.03126
339.66818
338.91763
337.72567
335.99969
334.60207
333.43577
332.43717
331.56523
330.79316
330.10311
329.48293
328.92408
328.42049
327.96769
327.5624
327.20218
326.88527
326.6105
326.37717
326.18507
326.03453
325.92644
325.86244
325.84511
325.87843
325.9684
326.12411
326.35946
326.6961
327.16797
327.8286
328.76016
329.07778
328.8393
328.04437
326.63449
325.49384
324.53955
323.71738
322.99264
322.34294
321.75354
321.21452
320.71896
320.26193
319.83976
319.44966
319.08943
318.75734
318.45194
318.17205
317.91667
317.68496
317.47622
317.28984
317.12532
316.98221
316.86018
316.75891
316.67817
316.61777
316.57758
316.55751
340.03126
339.66818
338.91763
337.72567
335.99969
334.60207
333.43577
332.43717
331.56523
330.79316
330.10311
329.48293
328.92408
328.42049
327.96769
327.5624
327.20218
326.88527
326.6105
326.37717
326.18507
326.03453
325.92644
325.86244
325.84511
325.87843
325.9684
326.12411
326.35946
326.6961
327.16797
327.8286
328.76016
329.07778
328.8393
328.04437
326.63449
325.49384
324.53955
323.71738
322.99264
322.34294
321.75354
321.21452
320.71896
320.26193
319.83976
319.44966
319.08943
318.75734
318.45194
318.17205
317.91667
317.68496
317.47622
317.28984
317.12532
316.98221
316.86018
316.75891
316.67817
316.61777
316.57758
316.55751
340.03126
339.66818
338.91763
337.72567
335.99969
334.60207
333.43577
332.43717
331.56523
330.79316
330.10311
329.48293
328.92408
328.42049
327.96769
327.5624
327.20218
326.88527
326.6105
326.37717
326.18507
326.03453
325.92644
325.86244
325.84511
325.87843
325.9684
326.12411
326.35946
326.6961
327.16797
327.8286
328.76016
329.07778
328.8393
328.04437
326.63449
325.49384
324.53955
323.71738
322.99264
322.34294
321.75354
321.21452
320.71896
320.26193
319.83976
319.44966
319.08943
318.75734
318.45194
318.17205
317.91667
317.68496
317.47622
317.28984
317.12532
316.98221
316.86018
316.75891
316.67817
316.61777
316.57758
316.55751
340.03126
339.66818
338.91763
337.72567
335.99969
334.60207
333.43577
332.43717
331.56523
330.79316
330.10311
329.48293
328.92408
328.42049
327.96769
327.5624
327.20218
326.88527
326.6105
326.37717
326.18507
326.03453
325.92644
325.86244
325.84511
325.87843
325.9684
326.12411
326.35946
326.6961
327.16797
327.8286
328.76016
329.07778
328.8393
328.04437
326.63449
325.49384
324.53955
323.71738
322.99264
322.34294
321.75354
321.21452
320.71896
320.26193
319.83976
319.44966
319.08943
318.75734
318.45194
318.17205
317.91667
317.68496
317.47622
317.28984
317.12532
316.98221
316.86018
316.75891
316.67817
316.61777
316.57758
316.55751
340.03126
339.66818
338.91763
337.72567
335.99969
334.60207
333.43577
332.43717
331.56523
330.79316
330.10311
329.48293
328.92408
328.42049
327.96769
327.5624
327.20218
326.88527
326.6105
326.37717
326.18507
326.03453
325.92644
325.86244
325.84511
325.87843
325.9684
326.12411
326.35946
326.6961
327.16797
327.8286
328.76016
329.07778
328.8393
328.04437
326.63449
325.49384
324.53955
323.71738
322.99264
322.34294
321.75354
321.21452
320.71896
320.26193
319.83976
319.44966
319.08943
318.75734
318.45194
318.17205
317.91667
317.68496
317.47622
317.28984
317.12532
316.98221
316.86018
316.75891
316.67817
316.61777
316.57758
316.55751
340.03126
339.66818
338.91763
337.72567
335.99969
334.60207
333.43577
332.43717
331.56523
330.79316
330.10311
329.48293
328.92408
328.42049
327.96769
327.5624
327.20218
326.88527
326.6105
326.37717
326.18507
326.03453
325.92644
325.86244
325.84511
325.87843
325.9684
326.12411
326.35946
326.6961
327.16797
327.8286
328.76016
329.07778
328.8393
328.04437
326.63449
325.49384
324.53955
323.71738
322.99264
322.34294
321.75354
321.21452
320.71896
320.26193
319.83976
319.44966
319.08943
318.75734
318.45194
318.17205
317.91667
317.68496
317.47622
317.28984
317.12532
316.98221
316.86018
316.75891
316.67817
316.61777
316.57758
316.55751
340.03126
339.66818
338.91763
337.72567
335.99969
334.60207
333.43577
332.43717
331.56523
330.79316
330.10311
329.48293
328.92408
328.42049
327.96769
327.5624
327.20218
326.88527
326.6105
326.37717
326.18507
326.03453
325.92644
325.86244
325.84511
325.87843
325.9684
326.12411
326.35946
326.6961
327.16797
327.8286
328.76016
329.07778
328.8393
328.04437
326.63449
325.49384
324.53955
323.71738
322.99264
322.34294
321.75354
321.21452
320.71896
320.26193
319.83976
319.44966
319.08943
318.75734
318.45194
318.17205
317.91667
317.68496
317.47622
317.28984
317.12532
316.98221
316.86018
316.75891
316.67817
316.61777
316.57758
316.55751
340.03126
339.66818
338.91763
337.72567
335.99969
334.60207
333.43577
332.43717
331.56523
330.79316
330.10311
329.48293
328.92408
328.42049
327.96769
327.5624
327.20218
326.88527
326.6105
326.37717
326.18507
326.03453
325.92644
325.86244
325.84511
325.87843
325.9684
326.12411
326.35946
326.6961
327.16797
327.8286
328.76016
329.07778
328.8393
328.04437
326.63449
325.49384
324.53955
323.71738
322.99264
322.34294
321.75354
321.21452
320.71896
320.26193
319.83976
319.44966
319.08943
318.75734
318.45194
318.17205
317.91667
317.68496
317.47622
317.28984
317.12532
316.98221
316.86018
316.75891
316.67817
316.61777
316.57758
316.55751
339.52761
339.17963
338.45959
337.31321
335.64325
334.29802
333.17612
332.21416
331.37226
330.62482
329.95495
329.35127
328.80586
328.3131
327.86891
327.47027
327.11498
326.80143
326.52854
326.29567
326.10261
325.94963
325.83754
325.7678
325.7428
325.7662
325.8436
325.98355
326.19931
326.51168
326.9539
327.57983
328.47672
328.77463
328.53675
327.76277
326.38882
325.28416
324.36089
323.56444
322.86085
322.22859
321.65363
321.1266
320.64104
320.19237
319.77719
319.39296
319.03766
318.70972
318.40781
318.13085
317.87794
317.64831
317.44131
317.25639
317.09307
316.95097
316.82974
316.72912
316.64888
316.58884
316.54889
316.52894
339.52761
339.17963
338.45959
337.31321
335.64325
334.29802
333.17612
332.21416
331.37226
330.62482
329.95495
329.35127
328.80586
328.3131
327.86891
327.47027
327.11498
326.80143
326.52854
326.29567
326.10261
325.94963
325.83754
325.7678
325.7428
325.7662
325.8436
325.98355
326.19931
326.51168
326.9539
327.57983
328.47672
328.77463
328.53675
327.76277
326.38882
325.28416
324.36089
323.56444
322.86085
322.22859
321.65363
321.1266
320.64104
320.19237
319.77719
319.39296
319.03766
318.70972
318.40781
318.13085
317.87794
317.64831
317.44131
317.25639
317.09307
316.95097
316.82974
316.72912
316.64888
316.58884
316.54889
316.52894
339.52761
339.17963
338.45959
337.31321
335.64325
334.29802
333.17612
332.21416
331.37226
330.62482
329.95495
329.35127
328.80586
328.3131
327.86891
327.47027
327.11498
326.80143
326.52854
326.29567
326.10261
325.94963
325.83754
325.7678
325.7428
325.7662
325.8436
325.98355
326.19931
326.51168
326.9539
327.57983
328.47672
328.77463
328.53675
327.76277
326.38882
325.28416
324.36089
323.56444
322.86085
322.22859
321.65363
321.1266
320.64104
320.19237
319.77719
319.39296
319.03766
318.70972
318.40781
318.13085
317.87794
317.64831
317.44131
317.25639
317.09307
316.95097
316.82974
316.72912
316.64888
316.58884
316.54889
316.52894
339.52761
339.17963
338.45959
337.31321
335.64325
334.29802
333.17612
332.21416
331.37226
330.62482
329.95495
329.35127
328.80586
328.3131
327.86891
327.47027
327.11498
326.80143
326.52854
326.29567
326.10261
325.94963
325.83754
325.7678
325.7428
325.7662
325.8436
325.98355
326.19931
326.51168
326.9539
327.57983
328.47672
328.77463
328.53675
327.76277
326.38882
325.28416
324.36089
323.56444
322.86085
322.22859
321.65363
321.1266
320.64104
320.19237
319.77719
319.39296
319.03766
318.70972
318.40781
318.13085
317.87794
317.64831
317.44131
317.25639
317.09307
316.95097
316.82974
316.72912
316.64888
316.58884
316.54889
316.52894
339.52761
339.17963
338.45959
337.31321
335.64325
334.29802
333.17612
332.21416
331.37226
330.62482
329.95495
329.35127
328.80586
328.3131
327.86891
327.47027
327.11498
326.80143
326.52854
326.29567
326.10261
325.94963
325.83754
325.7678
325.7428
325.7662
325.8436
325.98355
326.19931
326.51168
326.9539
327.57983
328.47672
328.77463
328.53675
327.76277
326.38882
325.28416
324.36089
323.56444
322.86085
322.22859
321.65363
321.1266
320.64104
320.19237
319.77719
319.39296
319.03766
318.70972
318.40781
318.13085
317.87794
317.64831
317.44131
317.25639
317.09307
316.95097
316.82974
316.72912
316.64888
316.58884
316.54889
316.52894
339.52761
339.17963
338.45959
337.31321
335.64325
334.29802
333.17612
332.21416
331.37226
330.62482
329.95495
329.35127
328.80586
328.3131
327.86891
327.47027
327.11498
326.80143
326.52854
326.29567
326.10261
325.94963
325.83754
325.7678
325.7428
325.7662
325.8436
325.98355
326.19931
326.51168
326.9539
327.57983
328.47672
328.77463
328.53675
327.76277
326.38882
325.28416
324.36089
323.56444
322.86085
322.22859
321.65363
321.1266
320.64104
320.19237
319.77719
319.39296
319.03766
318.70972
318.40781
318.13085
317.87794
317.64831
317.44131
317.25639
317.09307
316.95097
316.82974
316.72912
316.64888
316.58884
316.54889
316.52894
339.52761
339.17963
338.45959
337.31321
335.64325
334.29802
333.17612
332.21416
331.37226
330.62482
329.95495
329.35127
328.80586
328.3131
327.86891
327.47027
327.11498
326.80143
326.52854
326.29567
326.10261
325.94963
325.83754
325.7678
325.7428
325.7662
325.8436
325.98355
326.19931
326.51168
326.9539
327.57983
328.47672
328.77463
328.53675
327.76277
326.38882
325.28416
324.36089
323.56444
322.86085
322.22859
321.65363
321.1266
320.64104
320.19237
319.77719
319.39296
319.03766
318.70972
318.40781
318.13085
317.87794
317.64831
317.44131
317.25639
317.09307
316.95097
316.82974
316.72912
316.64888
316.58884
316.54889
316.52894
339.52761
339.17963
338.45959
337.31321
335.64325
334.29802
333.17612
332.21416
331.37226
330.62482
329.95495
329.35127
328.80586
328.3131
327.86891
327.47027
327.11498
326.80143
326.52854
326.29567
326.10261
325.94963
325.83754
325.7678
325.7428
325.7662
325.8436
325.98355
326.19931
326.51168
326.9539
327.57983
328.47672
328.77463
328.53675
327.76277
326.38882
325.28416
324.36089
323.56444
322.86085
322.22859
321.65363
321.1266
320.64104
320.19237
319.77719
319.39296
319.03766
318.70972
318.40781
318.13085
317.87794
317.64831
317.44131
317.25639
317.09307
316.95097
316.82974
316.72912
316.64888
316.58884
316.54889
316.52894
339.52761
339.17963
338.45959
337.31321
335.64325
334.29802
333.17612
332.21416
331.37226
330.62482
329.95495
329.35127
328.80586
328.3131
327.86891
327.47027
327.11498
326.80143
326.52854
326.29567
326.10261
325.94963
325.83754
325.7678
325.7428
325.7662
325.8436
325.98355
326.19931
326.51168
326.9539
327.57983
328.47672
328.77463
328.53675
327.76277
326.38882
325.28416
324.36089
323.56444
322.86085
322.22859
321.65363
321.1266
320.64104
320.19237
319.77719
319.39296
319.03766
318.70972
318.40781
318.13085
317.87794
317.64831
317.44131
317.25639
317.09307
316.95097
316.82974
316.72912
316.64888
316.58884
316.54889
316.52894
339.52761
339.17963
338.45959
337.31321
335.64325
334.29802
333.17612
332.21416
331.37226
330.62482
329.95495
329.35127
328.80586
328.3131
327.86891
327.47027
327.11498
326.80143
326.52854
326.29567
326.10261
325.94963
325.83754
325.7678
325.7428
325.7662
325.8436
325.98355
326.19931
326.51168
326.9539
327.57983
328.47672
328.77463
328.53675
327.76277
326.38882
325.28416
324.36089
323.56444
322.86085
322.22859
321.65363
321.1266
320.64104
320.19237
319.77719
319.39296
319.03766
318.70972
318.40781
318.13085
317.87794
317.64831
317.44131
317.25639
317.09307
316.95097
316.82974
316.72912
316.64888
316.58884
316.54889
316.52894
339.52761
339.17963
338.45959
337.31321
335.64325
334.29802
333.17612
332.21416
331.37226
330.62482
329.95495
329.35127
328.80586
328.3131
327.86891
327.47027
327.11498
326.80143
326.52854
326.29567
326.10261
325.94963
325.83754
325.7678
325.7428
325.7662
325.8436
325.98355
326.19931
326.51168
326.9539
327.57983
328.47672
328.77463
328.53675
327.76277
326.38882
325.28416
324.36089
323.56444
322.86085
322.22859
321.65363
321.1266
320.64104
320.19237
319.77719
319.39296
319.03766
318.70972
318.40781
318.13085
317.87794
317.64831
317.44131
317.25639
317.09307
316.95097
316.82974
316.72912
316.64888
316.58884
316.54889
316.52894
339.52761
339.17963
338.45959
337.31321
335.64325
334.29802
333.17612
332.21416
331.37226
330.62482
329.95495
329.35127
328.80586
328.3131
327.86891
327.47027
327.11498
326.80143
326.52854
326.29567
326.10261
325.94963
325.83754
325.7678
325.7428
325.7662
325.8436
325.98355
326.19931
326.51168
326.9539
327.57983
328.47672
328.77463
328.53675
327.76277
326.38882
325.28416
324.36089
323.56444
322.86085
322.22859
321.65363
321.1266
320.64104
320.19237
319.77719
319.39296
319.03766
318.70972
318.40781
318.13085
317.87794
317.64831
317.44131
317.25639
317.09307
316.95097
316.82974
316.72912
316.64888
316.58884
316.54889
316.52894
339.52761
339.17963
338.45959
337.31321
335.64325
334.29802
333.17612
332.21416
331.37226
330.62482
329.95495
329.35127
328.80586
328.3131
327.86891
327.47027
327.11498
326.80143
326.52854
326.29567
326.10261
325.94963
325.83754
325.7678
325.7428
325.7662
325.8436
325.98355
326.19931
326.51168
326.9539
327.57983
328.47672
328.77463
328.53675
327.76277
326.38882
325.28416
324.36089
323.56444
322.86085
322.22859
321.65363
321.1266
320.64104
320.19237
319.77719
319.39296
319.03766
318.70972
318.40781
318.13085
317.87794
317.64831
317.44131
317.25639
317.09307
316.95097
316.82974
316.72912
316.64888
316.58884
316.54889
316.52894
339.52761
339.17963
338.45959
337.31321
335.64325
334.29802
333.17612
332.21416
331.37226
330.62482
329.95495
329.35127
328.80586
328.3131
327.86891
327.47027
327.11498
326.80143
326.52854
326.29567
326.10261
325.94963
325.83754
325.7678
325.7428
325.7662
325.8436
325.98355
326.19931
326.51168
326.9539
327.57983
328.47672
328.77463
328.53675
327.76277
326.38882
325.28416
324.36089
323.56444
322.86085
322.22859
321.65363
321.1266
320.64104
320.19237
319.77719
319.39296
319.03766
318.70972
318.40781
318.13085
317.87794
317.64831
317.44131
317.25639
317.09307
316.95097
316.82974
316.72912
316.64888
316.58884
316.54889
316.52894
339.52761
339.17963
338.45959
337.31321
335.64325
334.29802
333.17612
332.21416
331.37226
330.62482
329.95495
329.35127
328.80586
328.3131
327.86891
327.47027
327.11498
326.80143
326.52854
326.29567
326.10261
325.94963
325.83754
325.7678
325.7428
325.7662
325.8436
325.98355
326.19931
326.51168
326.9539
327.57983
328.47672
328.77463
328.53675
327.76277
326.38882
325.28416
324.36089
323.56444
322.86085
322.22859
321.65363
321.1266
320.64104
320.19237
319.77719
319.39296
319.03766
318.70972
318.40781
318.13085
317.87794
317.64831
317.44131
317.25639
317.09307
316.95097
316.82974
316.72912
316.64888
316.58884
316.54889
316.52894
339.52761
339.17963
338.45959
337.31321
335.64325
334.29802
333.17612
332.21416
331.37226
330.62482
329.95495
329.35127
328.80586
328.3131
327.86891
327.47027
327.11498
326.80143
326.52854
326.29567
326.10261
325.94963
325.83754
325.7678
325.7428
325.7662
325.8436
325.98355
326.19931
326.51168
326.9539
327.57983
328.47672
328.77463
328.53675
327.76277
326.38882
325.28416
324.36089
323.56444
322.86085
322.22859
321.65363
321.1266
320.64104
320.19237
319.77719
319.39296
319.03766
318.70972
318.40781
318.13085
317.87794
317.64831
317.44131
317.25639
317.09307
316.95097
316.82974
316.72912
316.64888
316.58884
316.54889
316.52894
338.95357
338.62328
337.93959
336.84925
335.25183
333.96991
332.89925
331.97822
331.16912
330.44812
329.79966
329.21334
328.68197
328.20048
327.76522
327.37348
327.02329
326.71322
326.44227
326.20988
326.01582
325.86032
325.74407
325.66835
325.63528
325.64815
325.71206
325.83484
326.02875
326.31328
326.72003
327.30187
328.14991
328.4213
328.18407
327.43791
326.11414
325.05495
324.16858
323.40149
322.72139
322.10808
321.54856
321.03422
320.55915
320.11919
319.71129
319.33314
318.98295
318.65929
318.36098
318.08706
317.8367
317.60922
317.40403
317.22061
317.05855
316.91748
316.79709
316.69714
316.61741
316.55776
316.51805
316.49822
338.95357
338.62328
337.93959
336.84925
335.25183
333.96991
332.89925
331.97822
331.16912
330.44812
329.79966
329.21334
328.68197
328.20048
327.76522
327.37348
327.02329
326.71322
326.44227
326.20988
326.01582
325.86032
325.74407
325.66835
325.63528
325.64815
325.71206
325.83484
326.02875
326.31328
326.72003
327.30187
328.14991
328.4213
328.18407
327.43791
326.11414
325.05495
324.16858
323.40149
322.72139
322.10808
321.54856
321.03422
320.55915
320.11919
319.71129
319.33314
318.98295
318.65929
318.36098
318.08706
317.8367
317.60922
317.40403
317.22061
317.05855
316.91748
316.79709
316.69714
316.61741
316.55776
316.51805
316.49822
338.95357
338.62328
337.93959
336.84925
335.25183
333.96991
332.89925
331.97822
331.16912
330.44812
329.79966
329.21334
328.68197
328.20048
327.76522
327.37348
327.02329
326.71322
326.44227
326.20988
326.01582
325.86032
325.74407
325.66835
325.63528
325.64815
325.71206
325.83484
326.02875
326.31328
326.72003
327.30187
328.14991
328.4213
328.18407
327.43791
326.11414
325.05495
324.16858
323.40149
322.72139
322.10808
321.54856
321.03422
320.55915
320.11919
319.71129
319.33314
318.98295
318.65929
318.36098
318.08706
317.8367
317.60922
317.40403
317.22061
317.05855
316.91748
316.79709
316.69714
316.61741
316.55776
316.51805
316.49822
338.95357
338.62328
337.93959
336.84925
335.25183
333.96991
332.89925
331.97822
331.16912
330.44812
329.79966
329.21334
328.68197
328.20048
327.76522
327.37348
327.02329
326.71322
326.44227
326.20988
326.01582
325.86032
325.74407
325.66835
325.63528
325.64815
325.71206
325.83484
326.02875
326.31328
326.72003
327.30187
328.14991
328.4213
328.18407
327.43791
326.11414
325.05495
324.16858
323.40149
322.72139
322.10808
321.54856
321.03422
320.55915
320.11919
319.71129
319.33314
318.98295
318.65929
318.36098
318.08706
317.8367
317.60922
317.40403
317.22061
317.05855
316.91748
316.79709
316.69714
316.61741
316.55776
316.51805
316.49822
338.95357
338.62328
337.93959
336.84925
335.25183
333.96991
332.89925
331.97822
331.16912
330.44812
329.79966
329.21334
328.68197
328.20048
327.76522
327.37348
327.02329
326.71322
326.44227
326.20988
326.01582
325.86032
325.74407
325.66835
325.63528
325.64815
325.71206
325.83484
326.02875
326.31328
326.72003
327.30187
328.14991
328.4213
328.18407
327.43791
326.11414
325.05495
324.16858
323.40149
322.72139
322.10808
321.54856
321.03422
320.55915
320.11919
319.71129
319.33314
318.98295
318.65929
318.36098
318.08706
317.8367
317.60922
317.40403
317.22061
317.05855
316.91748
316.79709
316.69714
316.61741
316.55776
316.51805
316.49822
338.95357
338.62328
337.93959
336.84925
335.25183
333.96991
332.89925
331.97822
331.16912
330.44812
329.79966
329.21334
328.68197
328.20048
327.76522
327.37348
327.02329
326.71322
326.44227
326.20988
326.01582
325.86032
325.74407
325.66835
325.63528
325.64815
325.71206
325.83484
326.02875
326.31328
326.72003
327.30187
328.14991
328.4213
328.18407
327.43791
326.11414
325.05495
324.16858
323.40149
322.72139
322.10808
321.54856
321.03422
320.55915
320.11919
319.71129
319.33314
318.98295
318.65929
318.36098
318.08706
317.8367
317.60922
317.40403
317.22061
317.05855
316.91748
316.79709
316.69714
316.61741
316.55776
316.51805
316.49822
338.95357
338.62328
337.93959
336.84925
335.25183
333.96991
332.89925
331.97822
331.16912
330.44812
329.79966
329.21334
328.68197
328.20048
327.76522
327.37348
327.02329
326.71322
326.44227
326.20988
326.01582
325.86032
325.74407
325.66835
325.63528
325.64815
325.71206
325.83484
326.02875
326.31328
326.72003
327.30187
328.14991
328.4213
328.18407
327.43791
326.11414
325.05495
324.16858
323.40149
322.72139
322.10808
321.54856
321.03422
320.55915
320.11919
319.71129
319.33314
318.98295
318.65929
318.36098
318.08706
317.8367
317.60922
317.40403
317.22061
317.05855
316.91748
316.79709
316.69714
316.61741
316.55776
316.51805
316.49822
338.95357
338.62328
337.93959
336.84925
335.25183
333.96991
332.89925
331.97822
331.16912
330.44812
329.79966
329.21334
328.68197
328.20048
327.76522
327.37348
327.02329
326.71322
326.44227
326.20988
326.01582
325.86032
325.74407
325.66835
325.63528
325.64815
325.71206
325.83484
326.02875
326.31328
326.72003
327.30187
328.14991
328.4213
328.18407
327.43791
326.11414
325.05495
324.16858
323.40149
322.72139
322.10808
321.54856
321.03422
320.55915
320.11919
319.71129
319.33314
318.98295
318.65929
318.36098
318.08706
317.8367
317.60922
317.40403
317.22061
317.05855
316.91748
316.79709
316.69714
316.61741
316.55776
316.51805
316.49822
338.95357
338.62328
337.93959
336.84925
335.25183
333.96991
332.89925
331.97822
331.16912
330.44812
329.79966
329.21334
328.68197
328.20048
327.76522
327.37348
327.02329
326.71322
326.44227
326.20988
326.01582
325.86032
325.74407
325.66835
325.63528
325.64815
325.71206
325.83484
326.02875
326.31328
326.72003
327.30187
328.14991
328.4213
328.18407
327.43791
326.11414
325.05495
324.16858
323.40149
322.72139
322.10808
321.54856
321.03422
320.55915
320.11919
319.71129
319.33314
318.98295
318.65929
318.36098
318.08706
317.8367
317.60922
317.40403
317.22061
317.05855
316.91748
316.79709
316.69714
316.61741
316.55776
316.51805
316.49822
338.95357
338.62328
337.93959
336.84925
335.25183
333.96991
332.89925
331.97822
331.16912
330.44812
329.79966
329.21334
328.68197
328.20048
327.76522
327.37348
327.02329
326.71322
326.44227
326.20988
326.01582
325.86032
325.74407
325.66835
325.63528
325.64815
325.71206
325.83484
326.02875
326.31328
326.72003
327.30187
328.14991
328.4213
328.18407
327.43791
326.11414
325.05495
324.16858
323.40149
322.72139
322.10808
321.54856
321.03422
320.55915
320.11919
319.71129
319.33314
318.98295
318.65929
318.36098
318.08706
317.8367
317.60922
317.40403
317.22061
317.05855
316.91748
316.79709
316.69714
316.61741
316.55776
316.51805
316.49822
338.95357
338.62328
337.93959
336.84925
335.25183
333.96991
332.89925
331.97822
331.16912
330.44812
329.79966
329.21334
328.68197
328.20048
327.76522
327.37348
327.02329
326.71322
326.44227
326.20988
326.01582
325.86032
325.74407
325.66835
325.63528
325.64815
325.71206
325.83484
326.02875
326.31328
326.72003
327.30187
328.14991
328.4213
328.18407
327.43791
326.11414
325.05495
324.16858
323.40149
322.72139
322.10808
321.54856
321.03422
320.55915
320.11919
319.71129
319.33314
318.98295
318.65929
318.36098
318.08706
317.8367
317.60922
317.40403
317.22061
317.05855
316.91748
316.79709
316.69714
316.61741
316.55776
316.51805
316.49822
338.95357
338.62328
337.93959
336.84925
335.25183
333.96991
332.89925
331.97822
331.16912
330.44812
329.79966
329.21334
328.68197
328.20048
327.76522
327.37348
327.02329
326.71322
326.44227
326.20988
326.01582
325.86032
325.74407
325.66835
325.63528
325.64815
325.71206
325.83484
326.02875
326.31328
326.72003
327.30187
328.14991
328.4213
328.18407
327.43791
326.11414
325.05495
324.16858
323.40149
322.72139
322.10808
321.54856
321.03422
320.55915
320.11919
319.71129
319.33314
318.98295
318.65929
318.36098
318.08706
317.8367
317.60922
317.40403
317.22061
317.05855
316.91748
316.79709
316.69714
316.61741
316.55776
316.51805
316.49822
338.95357
338.62328
337.93959
336.84925
335.25183
333.96991
332.89925
331.97822
331.16912
330.44812
329.79966
329.21334
328.68197
328.20048
327.76522
327.37348
327.02329
326.71322
326.44227
326.20988
326.01582
325.86032
325.74407
325.66835
325.63528
325.64815
325.71206
325.83484
326.02875
326.31328
326.72003
327.30187
328.14991
328.4213
328.18407
327.43791
326.11414
325.05495
324.16858
323.40149
322.72139
322.10808
321.54856
321.03422
320.55915
320.11919
319.71129
319.33314
318.98295
318.65929
318.36098
318.08706
317.8367
317.60922
317.40403
317.22061
317.05855
316.91748
316.79709
316.69714
316.61741
316.55776
316.51805
316.49822
338.95357
338.62328
337.93959
336.84925
335.25183
333.96991
332.89925
331.97822
331.16912
330.44812
329.79966
329.21334
328.68197
328.20048
327.76522
327.37348
327.02329
326.71322
326.44227
326.20988
326.01582
325.86032
325.74407
325.66835
325.63528
325.64815
325.71206
325.83484
326.02875
326.31328
326.72003
327.30187
328.14991
328.4213
328.18407
327.43791
326.11414
325.05495
324.16858
323.40149
322.72139
322.10808
321.54856
321.03422
320.55915
320.11919
319.71129
319.33314
318.98295
318.65929
318.36098
318.08706
317.8367
317.60922
317.40403
317.22061
317.05855
316.91748
316.79709
316.69714
316.61741
316.55776
316.51805
316.49822
338.95357
338.62328
337.93959
336.84925
335.25183
333.96991
332.89925
331.97822
331.16912
330.44812
329.79966
329.21334
328.68197
328.20048
327.76522
327.37348
327.02329
326.71322
326.44227
326.20988
326.01582
325.86032
325.74407
325.66835
325.63528
325.64815
325.71206
325.83484
326.02875
326.31328
326.72003
327.30187
328.14991
328.4213
328.18407
327.43791
326.11414
325.05495
324.16858
323.40149
322.72139
322.10808
321.54856
321.03422
320.55915
320.11919
319.71129
319.33314
318.98295
318.65929
318.36098
318.08706
317.8367
317.60922
317.40403
317.22061
317.05855
316.91748
316.79709
316.69714
316.61741
316.55776
316.51805
316.49822
338.95357
338.62328
337.93959
336.84925
335.25183
333.96991
332.89925
331.97822
331.16912
330.44812
329.79966
329.21334
328.68197
328.20048
327.76522
327.37348
327.02329
326.71322
326.44227
326.20988
326.01582
325.86032
325.74407
325.66835
325.63528
325.64815
325.71206
325.83484
326.02875
326.31328
326.72003
327.30187
328.14991
328.4213
328.18407
327.43791
326.11414
325.05495
324.16858
323.40149
322.72139
322.10808
321.54856
321.03422
320.55915
320.11919
319.71129
319.33314
318.98295
318.65929
318.36098
318.08706
317.8367
317.60922
317.40403
317.22061
317.05855
316.91748
316.79709
316.69714
316.61741
316.55776
316.51805
316.49822
338.37972
338.06713
337.41983
336.38559
334.86024
333.64169
332.62229
331.74221
330.96593
330.27138
329.64434
329.07538
328.55805
328.08784
327.6615
327.27666
326.93157
326.62498
326.35598
326.12406
325.92902
325.77099
325.65058
325.56887
325.52773
325.53007
325.58048
325.68608
325.85814
326.11481
326.48607
327.02376
327.82344
328.06826
327.83169
327.11339
325.8393
324.82563
323.97619
323.23849
322.58188
321.98753
321.44347
320.94182
320.47724
320.046
319.64537
319.27331
318.92822
318.60885
318.31415
318.04326
317.79546
317.57012
317.36673
317.18482
317.02401
316.88397
316.76443
316.66515
316.58594
316.52666
316.4872
316.46749
338.37972
338.06713
337.41983
336.38559
334.86024
333.64169
332.62229
331.74221
330.96593
330.27138
329.64434
329.07538
328.55805
328.08784
327.6615
327.27666
326.93157
326.62498
326.35598
326.12406
325.92902
325.77099
325.65058
325.56887
325.52773
325.53007
325.58048
325.68608
325.85814
326.11481
326.48607
327.02376
327.82344
328.06826
327.83169
327.11339
325.8393
324.82563
323.97619
323.23849
322.58188
321.98753
321.44347
320.94182
320.47724
320.046
319.64537
319.27331
318.92822
318.60885
318.31415
318.04326
317.79546
317.57012
317.36673
317.18482
317.02401
316.88397
316.76443
316.66515
316.58594
316.52666
316.4872
316.46749
338.37972
338.06713
337.41983
336.38559
334.86024
333.64169
332.62229
331.74221
330.96593
330.27138
329.64434
329.07538
328.55805
328.08784
327.6615
327.27666
326.93157
326.62498
326.35598
326.12406
325.92902
325.77099
325.65058
325.56887
325.52773
325.53007
325.58048
325.68608
325.85814
326.11481
326.48607
327.02376
327.82344
328.06826
327.83169
327.11339
325.8393
324.82563
323.97619
323.23849
322.58188
321.98753
321.44347
320.94182
320.47724
320.046
319.64537
319.27331
318.92822
318.60885
318.31415
318.04326
317.79546
317.57012
317.36673
317.18482
317.02401
316.88397
316.76443
316.66515
316.58594
316.52666
316.4872
316.46749
338.37972
338.06713
337.41983
336.38559
334.86024
333.64169
332.62229
331.74221
330.96593
330.27138
329.64434
329.07538
328.55805
328.08784
327.6615
327.27666
326.93157
326.62498
326.35598
326.12406
325.92902
325.77099
325.65058
325.56887
325.52773
325.53007
325.58048
325.68608
325.85814
326.11481
326.48607
327.02376
327.82344
328.06826
327.83169
327.11339
325.8393
324.82563
323.97619
323.23849
322.58188
321.98753
321.44347
320.94182
320.47724
320.046
319.64537
319.27331
318.92822
318.60885
318.31415
318.04326
317.79546
317.57012
317.36673
317.18482
317.02401
316.88397
316.76443
316.66515
316.58594
316.52666
316.4872
316.46749
338.37972
338.06713
337.41983
336.38559
334.86024
333.64169
332.62229
331.74221
330.96593
330.27138
329.64434
329.07538
328.55805
328.08784
327.6615
327.27666
326.93157
326.62498
326.35598
326.12406
325.92902
325.77099
325.65058
325.56887
325.52773
325.53007
325.58048
325.68608
325.85814
326.11481
326.48607
327.02376
327.82344
328.06826
327.83169
327.11339
325.8393
324.82563
323.97619
323.23849
322.58188
321.98753
321.44347
320.94182
320.47724
320.046
319.64537
319.27331
318.92822
318.60885
318.31415
318.04326
317.79546
317.57012
317.36673
317.18482
317.02401
316.88397
316.76443
316.66515
316.58594
316.52666
316.4872
316.46749
338.37972
338.06713
337.41983
336.38559
334.86024
333.64169
332.62229
331.74221
330.96593
330.27138
329.64434
329.07538
328.55805
328.08784
327.6615
327.27666
326.93157
326.62498
326.35598
326.12406
325.92902
325.77099
325.65058
325.56887
325.52773
325.53007
325.58048
325.68608
325.85814
326.11481
326.48607
327.02376
327.82344
328.06826
327.83169
327.11339
325.8393
324.82563
323.97619
323.23849
322.58188
321.98753
321.44347
320.94182
320.47724
320.046
319.64537
319.27331
318.92822
318.60885
318.31415
318.04326
317.79546
317.57012
317.36673
317.18482
317.02401
316.88397
316.76443
316.66515
316.58594
316.52666
316.4872
316.46749
338.37972
338.06713
337.41983
336.38559
334.86024
333.64169
332.62229
331.74221
330.96593
330.27138
329.64434
329.07538
328.55805
328.08784
327.6615
327.27666
326.93157
326.62498
326.35598
326.12406
325.92902
325.77099
325.65058
325.56887
325.52773
325.53007
325.58048
325.68608
325.85814
326.11481
326.48607
327.02376
327.82344
328.06826
327.83169
327.11339
325.8393
324.82563
323.97619
323.23849
322.58188
321.98753
321.44347
320.94182
320.47724
320.046
319.64537
319.27331
318.92822
318.60885
318.31415
318.04326
317.79546
317.57012
317.36673
317.18482
317.02401
316.88397
316.76443
316.66515
316.58594
316.52666
316.4872
316.46749
338.37972
338.06713
337.41983
336.38559
334.86024
333.64169
332.62229
331.74221
330.96593
330.27138
329.64434
329.07538
328.55805
328.08784
327.6615
327.27666
326.93157
326.62498
326.35598
326.12406
325.92902
325.77099
325.65058
325.56887
325.52773
325.53007
325.58048
325.68608
325.85814
326.11481
326.48607
327.02376
327.82344
328.06826
327.83169
327.11339
325.8393
324.82563
323.97619
323.23849
322.58188
321.98753
321.44347
320.94182
320.47724
320.046
319.64537
319.27331
318.92822
318.60885
318.31415
318.04326
317.79546
317.57012
317.36673
317.18482
317.02401
316.88397
316.76443
316.66515
316.58594
316.52666
316.4872
316.46749
338.37972
338.06713
337.41983
336.38559
334.86024
333.64169
332.62229
331.74221
330.96593
330.27138
329.64434
329.07538
328.55805
328.08784
327.6615
327.27666
326.93157
326.62498
326.35598
326.12406
325.92902
325.77099
325.65058
325.56887
325.52773
325.53007
325.58048
325.68608
325.85814
326.11481
326.48607
327.02376
327.82344
328.06826
327.83169
327.11339
325.8393
324.82563
323.97619
323.23849
322.58188
321.98753
321.44347
320.94182
320.47724
320.046
319.64537
319.27331
318.92822
318.60885
318.31415
318.04326
317.79546
317.57012
317.36673
317.18482
317.02401
316.88397
316.76443
316.66515
316.58594
316.52666
316.4872
316.46749
338.37972
338.06713
337.41983
336.38559
334.86024
333.64169
332.62229
331.74221
330.96593
330.27138
329.64434
329.07538
328.55805
328.08784
327.6615
327.27666
326.93157
326.62498
326.35598
326.12406
325.92902
325.77099
325.65058
325.56887
325.52773
325.53007
325.58048
325.68608
325.85814
326.11481
326.48607
327.02376
327.82344
328.06826
327.83169
327.11339
325.8393
324.82563
323.97619
323.23849
322.58188
321.98753
321.44347
320.94182
320.47724
320.046
319.64537
319.27331
318.92822
318.60885
318.31415
318.04326
317.79546
317.57012
317.36673
317.18482
317.02401
316.88397
316.76443
316.66515
316.58594
316.52666
316.4872
316.46749
338.37972
338.06713
337.41983
336.38559
334.86024
333.64169
332.62229
331.74221
330.96593
330.27138
329.64434
329.07538
328.55805
328.08784
327.6615
327.27666
326.93157
326.62498
326.35598
326.12406
325.92902
325.77099
325.65058
325.56887
325.52773
325.53007
325.58048
325.68608
325.85814
326.11481
326.48607
327.02376
327.82344
328.06826
327.83169
327.11339
325.8393
324.82563
323.97619
323.23849
322.58188
321.98753
321.44347
320.94182
320.47724
320.046
319.64537
319.27331
318.92822
318.60885
318.31415
318.04326
317.79546
317.57012
317.36673
317.18482
317.02401
316.88397
316.76443
316.66515
316.58594
316.52666
316.4872
316.46749
338.37972
338.06713
337.41983
336.38559
334.86024
333.64169
332.62229
331.74221
330.96593
330.27138
329.64434
329.07538
328.55805
328.08784
327.6615
327.27666
326.93157
326.62498
326.35598
326.12406
325.92902
325.77099
325.65058
325.56887
325.52773
325.53007
325.58048
325.68608
325.85814
326.11481
326.48607
327.02376
327.82344
328.06826
327.83169
327.11339
325.8393
324.82563
323.97619
323.23849
322.58188
321.98753
321.44347
320.94182
320.47724
320.046
319.64537
319.27331
318.92822
318.60885
318.31415
318.04326
317.79546
317.57012
317.36673
317.18482
317.02401
316.88397
316.76443
316.66515
316.58594
316.52666
316.4872
316.46749
338.37972
338.06713
337.41983
336.38559
334.86024
333.64169
332.62229
331.74221
330.96593
330.27138
329.64434
329.07538
328.55805
328.08784
327.6615
327.27666
326.93157
326.62498
326.35598
326.12406
325.92902
325.77099
325.65058
325.56887
325.52773
325.53007
325.58048
325.68608
325.85814
326.11481
326.48607
327.02376
327.82344
328.06826
327.83169
327.11339
325.8393
324.82563
323.97619
323.23849
322.58188
321.98753
321.44347
320.94182
320.47724
320.046
319.64537
319.27331
318.92822
318.60885
318.31415
318.04326
317.79546
317.57012
317.36673
317.18482
317.02401
316.88397
316.76443
316.66515
316.58594
316.52666
316.4872
316.46749
338.37972
338.06713
337.41983
336.38559
334.86024
333.64169
332.62229
331.74221
330.96593
330.27138
329.64434
329.07538
328.55805
328.08784
327.6615
327.27666
326.93157
326.62498
326.35598
326.12406
325.92902
325.77099
325.65058
325.56887
325.52773
325.53007
325.58048
325.68608
325.85814
326.11481
326.48607
327.02376
327.82344
328.06826
327.83169
327.11339
325.8393
324.82563
323.97619
323.23849
322.58188
321.98753
321.44347
320.94182
320.47724
320.046
319.64537
319.27331
318.92822
318.60885
318.31415
318.04326
317.79546
317.57012
317.36673
317.18482
317.02401
316.88397
316.76443
316.66515
316.58594
316.52666
316.4872
316.46749
338.37972
338.06713
337.41983
336.38559
334.86024
333.64169
332.62229
331.74221
330.96593
330.27138
329.64434
329.07538
328.55805
328.08784
327.6615
327.27666
326.93157
326.62498
326.35598
326.12406
325.92902
325.77099
325.65058
325.56887
325.52773
325.53007
325.58048
325.68608
325.85814
326.11481
326.48607
327.02376
327.82344
328.06826
327.83169
327.11339
325.8393
324.82563
323.97619
323.23849
322.58188
321.98753
321.44347
320.94182
320.47724
320.046
319.64537
319.27331
318.92822
318.60885
318.31415
318.04326
317.79546
317.57012
317.36673
317.18482
317.02401
316.88397
316.76443
316.66515
316.58594
316.52666
316.4872
316.46749
338.37972
338.06713
337.41983
336.38559
334.86024
333.64169
332.62229
331.74221
330.96593
330.27138
329.64434
329.07538
328.55805
328.08784
327.6615
327.27666
326.93157
326.62498
326.35598
326.12406
325.92902
325.77099
325.65058
325.56887
325.52773
325.53007
325.58048
325.68608
325.85814
326.11481
326.48607
327.02376
327.82344
328.06826
327.83169
327.11339
325.8393
324.82563
323.97619
323.23849
322.58188
321.98753
321.44347
320.94182
320.47724
320.046
319.64537
319.27331
318.92822
318.60885
318.31415
318.04326
317.79546
317.57012
317.36673
317.18482
317.02401
316.88397
316.76443
316.66515
316.58594
316.52666
316.4872
316.46749
337.73165
337.43916
336.83387
335.86695
334.43559
333.29201
332.33033
331.49502
330.75393
330.08737
329.48276
328.93185
328.42905
327.97047
327.55331
327.17556
326.83572
326.53268
326.2657
326.03428
325.83822
325.67762
325.55291
325.46502
325.41549
325.40682
325.44296
325.53016
325.67842
325.90399
326.23418
326.71743
327.44885
327.6592
327.4233
326.74085
325.53642
324.57863
323.77177
323.06676
322.43567
321.86157
321.3338
320.84542
320.39174
319.96951
319.57637
319.21057
318.87072
318.55575
318.26474
317.99697
317.75179
317.52866
317.32712
317.14676
316.98724
316.84826
316.72958
316.63099
316.55232
316.49343
316.45422
316.43463
337.73165
337.43916
336.83387
335.86695
334.43559
333.29201
332.33033
331.49502
330.75393
330.08737
329.48276
328.93185
328.42905
327.97047
327.55331
327.17556
326.83572
326.53268
326.2657
326.03428
325.83822
325.67762
325.55291
325.46502
325.41549
325.40682
325.44296
325.53016
325.67842
325.90399
326.23418
326.71743
327.44885
327.6592
327.4233
326.74085
325.53642
324.57863
323.77177
323.06676
322.43567
321.86157
321.3338
320.84542
320.39174
319.96951
319.57637
319.21057
318.87072
318.55575
318.26474
317.99697
317.75179
317.52866
317.32712
317.14676
316.98724
316.84826
316.72958
316.63099
316.55232
316.49343
316.45422
316.43463
337.73165
337.43916
336.83387
335.86695
334.43559
333.29201
332.33033
331.49502
330.75393
330.08737
329.48276
328.93185
328.42905
327.97047
327.55331
327.17556
326.83572
326.53268
326.2657
326.03428
325.83822
325.67762
325.55291
325.46502
325.41549
325.40682
325.44296
325.53016
325.67842
325.90399
326.23418
326.71743
327.44885
327.6592
327.4233
326.74085
325.53642
324.57863
323.77177
323.06676
322.43567
321.86157
321.3338
320.84542
320.39174
319.96951
319.57637
319.21057
318.87072
318.55575
318.26474
317.99697
317.75179
317.52866
317.32712
317.14676
316.98724
316.84826
316.72958
316.63099
316.55232
316.49343
316.45422
316.43463
337.73165
337.43916
336.83387
335.86695
334.43559
333.29201
332.33033
331.49502
330.75393
330.08737
329.48276
328.93185
328.42905
327.97047
327.55331
327.17556
326.83572
326.53268
326.2657
326.03428
325.83822
325.67762
325.55291
325.46502
325.41549
325.40682
325.44296
325.53016
325.67842
325.90399
326.23418
326.71743
327.44885
327.6592
327.4233
326.74085
325.53642
324.57863
323.77177
323.06676
322.43567
321.86157
321.3338
320.84542
320.39174
319.96951
319.57637
319.21057
318.87072
318.55575
318.26474
317.99697
317.75179
317.52866
317.32712
317.14676
316.98724
316.84826
316.72958
316.63099
316.55232
316.49343
316.45422
316.43463
337.73165
337.43916
336.83387
335.86695
334.43559
333.29201
332.33033
331.49502
330.75393
330.08737
329.48276
328.93185
328.42905
327.97047
327.55331
327.17556
326.83572
326.53268
326.2657
326.03428
325.83822
325.67762
325.55291
325.46502
325.41549
325.40682
325.44296
325.53016
325.67842
325.90399
326.23418
326.71743
327.44885
327.6592
327.4233
326.74085
325.53642
324.57863
323.77177
323.06676
322.43567
321.86157
321.3338
320.84542
320.39174
319.96951
319.57637
319.21057
318.87072
318.55575
318.26474
317.99697
317.75179
317.52866
317.32712
317.14676
316.98724
316.84826
316.72958
316.63099
316.55232
316.49343
316.45422
316.43463
337.73165
337.43916
336.83387
335.86695
334.43559
333.29201
332.33033
331.49502
330.75393
330.08737
329.48276
328.93185
328.42905
327.97047
327.55331
327.17556
326.83572
326.53268
326.2657
326.03428
325.83822
325.67762
325.55291
325.46502
325.41549
325.40682
325.44296
325.53016
325.67842
325.90399
326.23418
326.71743
327.44885
327.6592
327.4233
326.74085
325.53642
324.57863
323.77177
323.06676
322.43567
321.86157
321.3338
320.84542
320.39174
319.96951
319.57637
319.21057
318.87072
318.55575
318.26474
317.99697
317.75179
317.52866
317.32712
317.14676
316.98724
316.84826
316.72958
316.63099
316.55232
316.49343
316.45422
316.43463
337.73165
337.43916
336.83387
335.86695
334.43559
333.29201
332.33033
331.49502
330.75393
330.08737
329.48276
328.93185
328.42905
327.97047
327.55331
327.17556
326.83572
326.53268
326.2657
326.03428
325.83822
325.67762
325.55291
325.46502
325.41549
325.40682
325.44296
325.53016
325.67842
325.90399
326.23418
326.71743
327.44885
327.6592
327.4233
326.74085
325.53642
324.57863
323.77177
323.06676
322.43567
321.86157
321.3338
320.84542
320.39174
319.96951
319.57637
319.21057
318.87072
318.55575
318.26474
317.99697
317.75179
317.52866
317.32712
317.14676
316.98724
316.84826
316.72958
316.63099
316.55232
316.49343
316.45422
316.43463
337.73165
337.43916
336.83387
335.86695
334.43559
333.29201
332.33033
331.49502
330.75393
330.08737
329.48276
328.93185
328.42905
327.97047
327.55331
327.17556
326.83572
326.53268
326.2657
326.03428
325.83822
325.67762
325.55291
325.46502
325.41549
325.40682
325.44296
325.53016
325.67842
325.90399
326.23418
326.71743
327.44885
327.6592
327.4233
326.74085
325.53642
324.57863
323.77177
323.06676
322.43567
321.86157
321.3338
320.84542
320.39174
319.96951
319.57637
319.21057
318.87072
318.55575
318.26474
317.99697
317.75179
317.52866
317.32712
317.14676
316.98724
316.84826
316.72958
316.63099
316.55232
316.49343
316.45422
316.43463
337.73165
337.43916
336.83387
335.86695
334.43559
333.29201
332.33033
331.49502
330.75393
330.08737
329.48276
328.93185
328.42905
327.97047
327.55331
327.17556
326.83572
326.53268
326.2657
326.03428
325.83822
325.67762
325.55291
325.46502
325.41549
325.40682
325.44296
325.53016
325.67842
325.90399
326.23418
326.71743
327.44885
327.6592
327.4233
326.74085
325.53642
324.57863
323.77177
323.06676
322.43567
321.86157
321.3338
320.84542
320.39174
319.96951
319.57637
319.21057
318.87072
318.55575
318.26474
317.99697
317.75179
317.52866
317.32712
317.14676
316.98724
316.84826
316.72958
316.63099
316.55232
316.49343
316.45422
316.43463
337.73165
337.43916
336.83387
335.86695
334.43559
333.29201
332.33033
331.49502
330.75393
330.08737
329.48276
328.93185
328.42905
327.97047
327.55331
327.17556
326.83572
326.53268
326.2657
326.03428
325.83822
325.67762
325.55291
325.46502
325.41549
325.40682
325.44296
325.53016
325.67842
325.90399
326.23418
326.71743
327.44885
327.6592
327.4233
326.74085
325.53642
324.57863
323.77177
323.06676
322.43567
321.86157
321.3338
320.84542
320.39174
319.96951
319.57637
319.21057
318.87072
318.55575
318.26474
317.99697
317.75179
317.52866
317.32712
317.14676
316.98724
316.84826
316.72958
316.63099
316.55232
316.49343
316.45422
316.43463
337.73165
337.43916
336.83387
335.86695
334.43559
333.29201
332.33033
331.49502
330.75393
330.08737
329.48276
328.93185
328.42905
327.97047
327.55331
327.17556
326.83572
326.53268
326.2657
326.03428
325.83822
325.67762
325.55291
325.46502
325.41549
325.40682
325.44296
325.53016
325.67842
325.90399
326.23418
326.71743
327.44885
327.6592
327.4233
326.74085
325.53642
324.57863
323.77177
323.06676
322.43567
321.86157
321.3338
320.84542
320.39174
319.96951
319.57637
319.21057
318.87072
318.55575
318.26474
317.99697
317.75179
317.52866
317.32712
317.14676
316.98724
316.84826
316.72958
316.63099
316.55232
316.49343
316.45422
316.43463
337.73165
337.43916
336.83387
335.86695
334.43559
333.29201
332.33033
331.49502
330.75393
330.08737
329.48276
328.93185
328.42905
327.97047
327.55331
327.17556
326.83572
326.53268
326.2657
326.03428
325.83822
325.67762
325.55291
325.46502
325.41549
325.40682
325.44296
325.53016
325.67842
325.90399
326.23418
326.71743
327.44885
327.6592
327.4233
326.74085
325.53642
324.57863
323.77177
323.06676
322.43567
321.86157
321.3338
320.84542
320.39174
319.96951
319.57637
319.21057
318.87072
318.55575
318.26474
317.99697
317.75179
317.52866
317.32712
317.14676
316.98724
316.84826
316.72958
316.63099
316.55232
316.49343
316.45422
316.43463
337.73165
337.43916
336.83387
335.86695
334.43559
333.29201
332.33033
331.49502
330.75393
330.08737
329.48276
328.93185
328.42905
327.97047
327.55331
327.17556
326.83572
326.53268
326.2657
326.03428
325.83822
325.67762
325.55291
325.46502
325.41549
325.40682
325.44296
325.53016
325.67842
325.90399
326.23418
326.71743
327.44885
327.6592
327.4233
326.74085
325.53642
324.57863
323.77177
323.06676
322.43567
321.86157
321.3338
320.84542
320.39174
319.96951
319.57637
319.21057
318.87072
318.55575
318.26474
317.99697
317.75179
317.52866
317.32712
317.14676
316.98724
316.84826
316.72958
316.63099
316.55232
316.49343
316.45422
316.43463
337.73165
337.43916
336.83387
335.86695
334.43559
333.29201
332.33033
331.49502
330.75393
330.08737
329.48276
328.93185
328.42905
327.97047
327.55331
327.17556
326.83572
326.53268
326.2657
326.03428
325.83822
325.67762
325.55291
325.46502
325.41549
325.40682
325.44296
325.53016
325.67842
325.90399
326.23418
326.71743
327.44885
327.6592
327.4233
326.74085
325.53642
324.57863
323.77177
323.06676
322.43567
321.86157
321.3338
320.84542
320.39174
319.96951
319.57637
319.21057
318.87072
318.55575
318.26474
317.99697
317.75179
317.52866
317.32712
317.14676
316.98724
316.84826
316.72958
316.63099
316.55232
316.49343
316.45422
316.43463
337.73165
337.43916
336.83387
335.86695
334.43559
333.29201
332.33033
331.49502
330.75393
330.08737
329.48276
328.93185
328.42905
327.97047
327.55331
327.17556
326.83572
326.53268
326.2657
326.03428
325.83822
325.67762
325.55291
325.46502
325.41549
325.40682
325.44296
325.53016
325.67842
325.90399
326.23418
326.71743
327.44885
327.6592
327.4233
326.74085
325.53642
324.57863
323.77177
323.06676
322.43567
321.86157
321.3338
320.84542
320.39174
319.96951
319.57637
319.21057
318.87072
318.55575
318.26474
317.99697
317.75179
317.52866
317.32712
317.14676
316.98724
316.84826
316.72958
316.63099
316.55232
316.49343
316.45422
316.43463
337.73165
337.43916
336.83387
335.86695
334.43559
333.29201
332.33033
331.49502
330.75393
330.08737
329.48276
328.93185
328.42905
327.97047
327.55331
327.17556
326.83572
326.53268
326.2657
326.03428
325.83822
325.67762
325.55291
325.46502
325.41549
325.40682
325.44296
325.53016
325.67842
325.90399
326.23418
326.71743
327.44885
327.6592
327.4233
326.74085
325.53642
324.57863
323.77177
323.06676
322.43567
321.86157
321.3338
320.84542
320.39174
319.96951
319.57637
319.21057
318.87072
318.55575
318.26474
317.99697
317.75179
317.52866
317.32712
317.14676
316.98724
316.84826
316.72958
316.63099
316.55232
316.49343
316.45422
316.43463
337.08376
336.81137
336.24811
335.34858
334.01078
332.94222
332.03829
331.24777
330.5419
329.90332
329.32115
328.7883
328.30003
327.85307
327.4451
327.07444
326.73983
326.44037
326.1754
325.94448
325.74741
325.58422
325.45523
325.36115
325.30323
325.28354
325.30541
325.37421
325.49865
325.69311
325.98219
326.41096
327.07457
327.2504
327.01518
326.36861
325.2334
324.33154
323.56729
322.89499
322.28942
321.73558
321.22412
320.749
320.30622
319.893
319.50736
319.14781
318.81321
318.50263
318.21533
317.95067
317.70811
317.48718
317.28749
317.10868
316.95045
316.81254
316.69473
316.59683
316.51868
316.46018
316.42123
316.40177
337.08376
336.81137
336.24811
335.34858
334.01078
332.94222
332.03829
331.24777
330.5419
329.90332
329.32115
328.7883
328.30003
327.85307
327.4451
327.07444
326.73983
326.44037
326.1754
325.94448
325.74741
325.58422
325.45523
325.36115
325.30323
325.28354
325.30541
325.37421
325.49865
325.69311
325.98219
326.41096
327.07457
327.2504
327.01518
326.36861
325.2334
324.33154
323.56729
322.89499
322.28942
321.73558
321.22412
320.749
320.30622
319.893
319.50736
319.14781
318.81321
318.50263
318.21533
317.95067
317.70811
317.48718
317.28749
317.10868
316.95045
316.81254
316.69473
316.59683
316.51868
316.46018
316.42123
316.40177
337.08376
336.81137
336.24811
335.34858
334.01078
332.94222
332.03829
331.24777
330.5419
329.90332
329.32115
328.7883
328.30003
327.85307
327.4451
327.07444
326.73983
326.44037
326.1754
325.94448
325.74741
325.58422
325.45523
325.36115
325.30323
325.28354
325.30541
325.37421
325.49865
325.69311
325.98219
326.41096
327.07457
327.2504
327.01518
326.36861
325.2334
324.33154
323.56729
322.89499
322.28942
321.73558
321.22412
320.749
320.30622
319.893
319.50736
319.14781
318.81321
318.50263
318.21533
317.95067
317.70811
317.48718
317.28749
317.10868
316.95045
316.81254
316.69473
316.59683
316.51868
316.46018
316.42123
316.40177
337.08376
336.81137
336.24811
335.34858
334.01078
332.94222
332.03829
331.24777
330.5419
329.90332
329.32115
328.7883
328.30003
327.85307
327.4451
327.07444
326.73983
326.44037
326.1754
325.94448
325.74741
325.58422
325.45523
325.36115
325.30323
325.28354
325.30541
325.37421
325.49865
325.69311
325.98219
326.41096
327.07457
327.2504
327.01518
326.36861
325.2334
324.33154
323.56729
322.89499
322.28942
321.73558
321.22412
320.749
320.30622
319.893
319.50736
319.14781
318.81321
318.50263
318.21533
317.95067
317.70811
317.48718
317.28749
317.10868
316.95045
316.81254
316.69473
316.59683
316.51868
316.46018
316.42123
316.40177
337.08376
336.81137
336.24811
335.34858
334.01078
332.94222
332.03829
331.24777
330.5419
329.90332
329.32115
328.7883
328.30003
327.85307
327.4451
327.07444
326.73983
326.44037
326.1754
325.94448
325.74741
325.58422
325.45523
325.36115
325.30323
325.28354
325.30541
325.37421
325.49865
325.69311
325.98219
326.41096
327.07457
327.2504
327.01518
326.36861
325.2334
324.33154
323.56729
322.89499
322.28942
321.73558
321.22412
320.749
320.30622
319.893
319.50736
319.14781
318.81321
318.50263
318.21533
317.95067
317.70811
317.48718
317.28749
317.10868
316.95045
316.81254
316.69473
316.59683
316.51868
316.46018
316.42123
316.40177
337.08376
336.81137
336.24811
335.34858
334.01078
332.94222
332.03829
331.24777
330.5419
329.90332
329.32115
328.7883
328.30003
327.85307
327.4451
327.07444
326.73983
326.44037
326.1754
325.94448
325.74741
325.58422
325.45523
325.36115
325.30323
325.28354
325.30541
325.37421
325.49865
325.69311
325.98219
326.41096
327.07457
327.2504
327.01518
326.36861
325.2334
324.33154
323.56729
322.89499
322.28942
321.73558
321.22412
320.749
320.30622
319.893
319.50736
319.14781
318.81321
318.50263
318.21533
317.95067
317.70811
317.48718
317.28749
317.10868
316.95045
316.81254
316.69473
316.59683
316.51868
316.46018
316.42123
316.40177
337.08376
336.81137
336.24811
335.34858
334.01078
332.94222
332.03829
331.24777
330.5419
329.90332
329.32115
328.7883
328.30003
327.85307
327.4451
327.07444
326.73983
326.44037
326.1754
325.94448
325.74741
325.58422
325.45523
325.36115
325.30323
325.28354
325.30541
325.37421
325.49865
325.69311
325.98219
326.41096
327.07457
327.2504
327.01518
326.36861
325.2334
324.33154
323.56729
322.89499
322.28942
321.73558
321.22412
320.749
320.30622
319.893
319.50736
319.14781
318.81321
318.50263
318.21533
317.95067
317.70811
317.48718
317.28749
317.10868
316.95045
316.81254
316.69473
316.59683
316.51868
316.46018
316.42123
316.40177
337.08376
336.81137
336.24811
335.34858
334.01078
332.94222
332.03829
331.24777
330.5419
329.90332
329.32115
328.7883
328.30003
327.85307
327.4451
327.07444
326.73983
326.44037
326.1754
325.94448
325.74741
325.58422
325.45523
325.36115
325.30323
325.28354
325.30541
325.37421
325.49865
325.69311
325.98219
326.41096
327.07457
327.2504
327.01518
326.36861
325.2334
324.33154
323.56729
322.89499
322.28942
321.73558
321.22412
320.749
320.30622
319.893
319.50736
319.14781
318.81321
318.50263
318.21533
317.95067
317.70811
317.48718
317.28749
317.10868
316.95045
316.81254
316.69473
316.59683
316.51868
316.46018
316.42123
316.40177
337.08376
336.81137
336.24811
335.34858
334.01078
332.94222
332.03829
331.24777
330.5419
329.90332
329.32115
328.7883
328.30003
327.85307
327.4451
327.07444
326.73983
326.44037
326.1754
325.94448
325.74741
325.58422
325.45523
325.36115
325.30323
325.28354
325.30541
325.37421
325.49865
325.69311
325.98219
326.41096
327.07457
327.2504
327.01518
326.36861
325.2334
324.33154
323.56729
322.89499
322.28942
321.73558
321.22412
320.749
320.30622
319.893
319.50736
319.14781
318.81321
318.50263
318.21533
317.95067
317.70811
317.48718
317.28749
317.10868
316.95045
316.81254
316.69473
316.59683
316.51868
316.46018
316.42123
316.40177
337.08376
336.81137
336.24811
335.34858
334.01078
332.94222
332.03829
331.24777
330.5419
329.90332
329.32115
328.7883
328.30003
327.85307
327.4451
327.07444
326.73983
326.44037
326.1754
325.94448
325.74741
325.58422
325.45523
325.36115
325.30323
325.28354
325.30541
325.37421
325.49865
325.69311
325.98219
326.41096
327.07457
327.2504
327.01518
326.36861
325.2334
324.33154
323.56729
322.89499
322.28942
321.73558
321.22412
320.749
320.30622
319.893
319.50736
319.14781
318.81321
318.50263
318.21533
317.95067
317.70811
317.48718
317.28749
317.10868
316.95045
316.81254
316.69473
316.59683
316.51868
316.46018
316.42123
316.40177
337.08376
336.81137
336.24811
335.34858
334.01078
332.94222
332.03829
331.24777
330.5419
329.90332
329.32115
328.7883
328.30003
327.85307
327.4451
327.07444
326.73983
326.44037
326.1754
325.94448
325.74741
325.58422
325.45523
325.36115
325.30323
325.28354
325.30541
325.37421
325.49865
325.69311
325.98219
326.41096
327.07457
327.2504
327.01518
326.36861
325.2334
324.33154
323.56729
322.89499
322.28942
321.73558
321.22412
320.749
320.30622
319.893
319.50736
319.14781
318.81321
318.50263
318.21533
317.95067
317.70811
317.48718
317.28749
317.10868
316.95045
316.81254
316.69473
316.59683
316.51868
316.46018
316.42123
316.40177
337.08376
336.81137
336.24811
335.34858
334.01078
332.94222
332.03829
331.24777
330.5419
329.90332
329.32115
328.7883
328.30003
327.85307
327.4451
327.07444
326.73983
326.44037
326.1754
325.94448
325.74741
325.58422
325.45523
325.36115
325.30323
325.28354
325.30541
325.37421
325.49865
325.69311
325.98219
326.41096
327.07457
327.2504
327.01518
326.36861
325.2334
324.33154
323.56729
322.89499
322.28942
321.73558
321.22412
320.749
320.30622
319.893
319.50736
319.14781
318.81321
318.50263
318.21533
317.95067
317.70811
317.48718
317.28749
317.10868
316.95045
316.81254
316.69473
316.59683
316.51868
316.46018
316.42123
316.40177
337.08376
336.81137
336.24811
335.34858
334.01078
332.94222
332.03829
331.24777
330.5419
329.90332
329.32115
328.7883
328.30003
327.85307
327.4451
327.07444
326.73983
326.44037
326.1754
325.94448
325.74741
325.58422
325.45523
325.36115
325.30323
325.28354
325.30541
325.37421
325.49865
325.69311
325.98219
326.41096
327.07457
327.2504
327.01518
326.36861
325.2334
324.33154
323.56729
322.89499
322.28942
321.73558
321.22412
320.749
320.30622
319.893
319.50736
319.14781
318.81321
318.50263
318.21533
317.95067
317.70811
317.48718
317.28749
317.10868
316.95045
316.81254
316.69473
316.59683
316.51868
316.46018
316.42123
316.40177
337.08376
336.81137
336.24811
335.34858
334.01078
332.94222
332.03829
331.24777
330.5419
329.90332
329.32115
328.7883
328.30003
327.85307
327.4451
327.07444
326.73983
326.44037
326.1754
325.94448
325.74741
325.58422
325.45523
325.36115
325.30323
325.28354
325.30541
325.37421
325.49865
325.69311
325.98219
326.41096
327.07457
327.2504
327.01518
326.36861
325.2334
324.33154
323.56729
322.89499
322.28942
321.73558
321.22412
320.749
320.30622
319.893
319.50736
319.14781
318.81321
318.50263
318.21533
317.95067
317.70811
317.48718
317.28749
317.10868
316.95045
316.81254
316.69473
316.59683
316.51868
316.46018
316.42123
316.40177
337.08376
336.81137
336.24811
335.34858
334.01078
332.94222
332.03829
331.24777
330.5419
329.90332
329.32115
328.7883
328.30003
327.85307
327.4451
327.07444
326.73983
326.44037
326.1754
325.94448
325.74741
325.58422
325.45523
325.36115
325.30323
325.28354
325.30541
325.37421
325.49865
325.69311
325.98219
326.41096
327.07457
327.2504
327.01518
326.36861
325.2334
324.33154
323.56729
322.89499
322.28942
321.73558
321.22412
320.749
320.30622
319.893
319.50736
319.14781
318.81321
318.50263
318.21533
317.95067
317.70811
317.48718
317.28749
317.10868
316.95045
316.81254
316.69473
316.59683
316.51868
316.46018
316.42123
316.40177
337.08376
336.81137
336.24811
335.34858
334.01078
332.94222
332.03829
331.24777
330.5419
329.90332
329.32115
328.7883
328.30003
327.85307
327.4451
327.07444
326.73983
326.44037
326.1754
325.94448
325.74741
325.58422
325.45523
325.36115
325.30323
325.28354
325.30541
325.37421
325.49865
325.69311
325.98219
326.41096
327.07457
327.2504
327.01518
326.36861
325.2334
324.33154
323.56729
322.89499
322.28942
321.73558
321.22412
320.749
320.30622
319.893
319.50736
319.14781
318.81321
318.50263
318.21533
317.95067
317.70811
317.48718
317.28749
317.10868
316.95045
316.81254
316.69473
316.59683
316.51868
316.46018
316.42123
316.40177
334.22495
334.03949
333.66092
333.0698
332.22485
331.49589
330.84094
330.23889
329.67891
329.15511
328.66423
328.20446
327.77476
327.37454
327.00344
326.6612
326.34761
326.06247
325.80558
325.57671
325.37565
325.20215
325.05601
324.93705
324.84525
324.78076
324.7442
324.73689
324.7615
324.82311
324.93134
325.10533
325.3838
325.39129
325.15887
324.68629
323.94196
323.3008
322.72361
322.19071
321.69196
321.2218
320.77704
320.35585
319.95713
319.58023
319.22471
318.89027
318.57668
318.28374
318.01127
317.75909
317.52704
317.31496
317.1227
316.95011
316.79707
316.66344
316.54911
316.45399
316.378
316.32106
316.28313
316.26418
334.22495
334.03949
333.66092
333.0698
332.22485
331.49589
330.84094
330.23889
329.67891
329.15511
328.66423
328.20446
327.77476
327.37454
327.00344
326.6612
326.34761
326.06247
325.80558
325.57671
325.37565
325.20215
325.05601
324.93705
324.84525
324.78076
324.7442
324.73689
324.7615
324.82311
324.93134
325.10533
325.3838
325.39129
325.15887
324.68629
323.94196
323.3008
322.72361
322.19071
321.69196
321.2218
320.77704
320.35585
319.95713
319.58023
319.22471
318.89027
318.57668
318.28374
318.01127
317.75909
317.52704
317.31496
317.1227
316.95011
316.79707
316.66344
316.54911
316.45399
316.378
316.32106
316.28313
316.26418
334.22495
334.03949
333.66092
333.0698
332.22485
331.49589
330.84094
330.23889
329.67891
329.15511
328.66423
328.20446
327.77476
327.37454
327.00344
326.6612
326.34761
326.06247
325.80558
325.57671
325.37565
325.20215
325.05601
324.93705
324.84525
324.78076
324.7442
324.73689
324.7615
324.82311
324.93134
325.10533
325.3838
325.39129
325.15887
324.68629
323.94196
323.3008
322.72361
322.19071
321.69196
321.2218
320.77704
320.35585
319.95713
319.58023
319.22471
318.89027
318.57668
318.28374
318.01127
317.75909
317.52704
317.31496
317.1227
316.95011
316.79707
316.66344
316.54911
316.45399
316.378
316.32106
316.28313
316.26418
334.22495
334.03949
333.66092
333.0698
332.22485
331.49589
330.84094
330.23889
329.67891
329.15511
328.66423
328.20446
327.77476
327.37454
327.00344
326.6612
326.34761
326.06247
325.80558
325.57671
325.37565
325.20215
325.05601
324.93705
324.84525
324.78076
324.7442
324.73689
324.7615
324.82311
324.93134
325.10533
325.3838
325.39129
325.15887
324.68629
323.94196
323.3008
322.72361
322.19071
321.69196
321.2218
320.77704
320.35585
319.95713
319.58023
319.22471
318.89027
318.57668
318.28374
318.01127
317.75909
317.52704
317.31496
317.1227
316.95011
316.79707
316.66344
316.54911
316.45399
316.378
316.32106
316.28313
316.26418
334.22495
334.03949
333.66092
333.0698
332.22485
331.49589
330.84094
330.23889
329.67891
329.15511
328.66423
328.20446
327.77476
327.37454
327.00344
326.6612
326.34761
326.06247
325.80558
325.57671
325.37565
325.20215
325.05601
324.93705
324.84525
324.78076
324.7442
324.73689
324.7615
324.82311
324.93134
325.10533
325.3838
325.39129
325.15887
324.68629
323.94196
323.3008
322.72361
322.19071
321.69196
321.2218
320.77704
320.35585
319.95713
319.58023
319.22471
318.89027
318.57668
318.28374
318.01127
317.75909
317.52704
317.31496
317.1227
316.95011
316.79707
316.66344
316.54911
316.45399
316.378
316.32106
316.28313
316.26418
334.22495
334.03949
333.66092
333.0698
332.22485
331.49589
330.84094
330.23889
329.67891
329.15511
328.66423
328.20446
327.77476
327.37454
327.00344
326.6612
326.34761
326.06247
325.80558
325.57671
325.37565
325.20215
325.05601
324.93705
324.84525
324.78076
324.7442
324.73689
324.7615
324.82311
324.93134
325.10533
325.3838
325.39129
325.15887
324.68629
323.94196
323.3008
322.72361
322.19071
321.69196
321.2218
320.77704
320.35585
319.95713
319.58023
319.22471
318.89027
318.57668
318.28374
318.01127
317.75909
317.52704
317.31496
317.1227
316.95011
316.79707
316.66344
316.54911
316.45399
316.378
316.32106
316.28313
316.26418
334.22495
334.03949
333.66092
333.0698
332.22485
331.49589
330.84094
330.23889
329.67891
329.15511
328.66423
328.20446
327.77476
327.37454
327.00344
326.6612
326.34761
326.06247
325.80558
325.57671
325.37565
325.20215
325.05601
324.93705
324.84525
324.78076
324.7442
324.73689
324.7615
324.82311
324.93134
325.10533
325.3838
325.39129
325.15887
324.68629
323.94196
323.3008
322.72361
322.19071
321.69196
321.2218
320.77704
320.35585
319.95713
319.58023
319.22471
318.89027
318.57668
318.28374
318.01127
317.75909
317.52704
317.31496
317.1227
316.95011
316.79707
316.66344
316.54911
316.45399
316.378
316.32106
316.28313
316.26418
334.22495
334.03949
333.66092
333.0698
332.22485
331.49589
330.84094
330.23889
329.67891
329.15511
328.66423
328.20446
327.77476
327.37454
327.00344
326.6612
326.34761
326.06247
325.80558
325.57671
325.37565
325.20215
325.05601
324.93705
324.84525
324.78076
324.7442
324.73689
324.7615
324.82311
324.93134
325.10533
325.3838
325.39129
325.15887
324.68629
323.94196
323.3008
322.72361
322.19071
321.69196
321.2218
320.77704
320.35585
319.95713
319.58023
319.22471
318.89027
318.57668
318.28374
318.01127
317.75909
317.52704
317.31496
317.1227
316.95011
316.79707
316.66344
316.54911
316.45399
316.378
316.32106
316.28313
316.26418
334.22495
334.03949
333.66092
333.0698
332.22485
331.49589
330.84094
330.23889
329.67891
329.15511
328.66423
328.20446
327.77476
327.37454
327.00344
326.6612
326.34761
326.06247
325.80558
325.57671
325.37565
325.20215
325.05601
324.93705
324.84525
324.78076
324.7442
324.73689
324.7615
324.82311
324.93134
325.10533
325.3838
325.39129
325.15887
324.68629
323.94196
323.3008
322.72361
322.19071
321.69196
321.2218
320.77704
320.35585
319.95713
319.58023
319.22471
318.89027
318.57668
318.28374
318.01127
317.75909
317.52704
317.31496
317.1227
316.95011
316.79707
316.66344
316.54911
316.45399
316.378
316.32106
316.28313
316.26418
334.22495
334.03949
333.66092
333.0698
332.22485
331.49589
330.84094
330.23889
329.67891
329.15511
328.66423
328.20446
327.77476
327.37454
327.00344
326.6612
326.34761
326.06247
325.80558
325.57671
325.37565
325.20215
325.05601
324.93705
324.84525
324.78076
324.7442
324.73689
324.7615
324.82311
324.93134
325.10533
325.3838
325.39129
325.15887
324.68629
323.94196
323.3008
322.72361
322.19071
321.69196
321.2218
320.77704
320.35585
319.95713
319.58023
319.22471
318.89027
318.57668
318.28374
318.01127
317.75909
317.52704
317.31496
317.1227
316.95011
316.79707
316.66344
316.54911
316.45399
316.378
316.32106
316.28313
316.26418
334.22495
334.03949
333.66092
333.0698
332.22485
331.49589
330.84094
330.23889
329.67891
329.15511
328.66423
328.20446
327.77476
327.37454
327.00344
326.6612
326.34761
326.06247
325.80558
325.57671
325.37565
325.20215
325.05601
324.93705
324.84525
324.78076
324.7442
324.73689
324.7615
324.82311
324.93134
325.10533
325.3838
325.39129
325.15887
324.68629
323.94196
323.3008
322.72361
322.19071
321.69196
321.2218
320.77704
320.35585
319.95713
319.58023
319.22471
318.89027
318.57668
318.28374
318.01127
317.75909
317.52704
317.31496
317.1227
316.95011
316.79707
316.66344
316.54911
316.45399
316.378
316.32106
316.28313
316.26418
334.22495
334.03949
333.66092
333.0698
332.22485
331.49589
330.84094
330.23889
329.67891
329.15511
328.66423
328.20446
327.77476
327.37454
327.00344
326.6612
326.34761
326.06247
325.80558
325.57671
325.37565
325.20215
325.05601
324.93705
324.84525
324.78076
324.7442
324.73689
324.7615
324.82311
324.93134
325.10533
325.3838
325.39129
325.15887
324.68629
323.94196
323.3008
322.72361
322.19071
321.69196
321.2218
320.77704
320.35585
319.95713
319.58023
319.22471
318.89027
318.57668
318.28374
318.01127
317.75909
317.52704
317.31496
317.1227
316.95011
316.79707
316.66344
316.54911
316.45399
316.378
316.32106
316.28313
316.26418
334.22495
334.03949
333.66092
333.0698
332.22485
331.49589
330.84094
330.23889
329.67891
329.15511
328.66423
328.20446
327.77476
327.37454
327.00344
326.6612
326.34761
326.06247
325.80558
325.57671
325.37565
325.20215
325.05601
324.93705
324.84525
324.78076
324.7442
324.73689
324.7615
324.82311
324.93134
325.10533
325.3838
325.39129
325.15887
324.68629
323.94196
323.3008
322.72361
322.19071
321.69196
321.2218
320.77704
320.35585
319.95713
319.58023
319.22471
318.89027
318.57668
318.28374
318.01127
317.75909
317.52704
317.31496
317.1227
316.95011
316.79707
316.66344
316.54911
316.45399
316.378
316.32106
316.28313
316.26418
334.22495
334.03949
333.66092
333.0698
332.22485
331.49589
330.84094
330.23889
329.67891
329.15511
328.66423
328.20446
327.77476
327.37454
327.00344
326.6612
326.34761
326.06247
325.80558
325.57671
325.37565
325.20215
325.05601
324.93705
324.84525
324.78076
324.7442
324.73689
324.7615
324.82311
324.93134
325.10533
325.3838
325.39129
325.15887
324.68629
323.94196
323.3008
322.72361
322.19071
321.69196
321.2218
320.77704
320.35585
319.95713
319.58023
319.22471
318.89027
318.57668
318.28374
318.01127
317.75909
317.52704
317.31496
317.1227
316.95011
316.79707
316.66344
316.54911
316.45399
316.378
316.32106
316.28313
316.26418
334.22495
334.03949
333.66092
333.0698
332.22485
331.49589
330.84094
330.23889
329.67891
329.15511
328.66423
328.20446
327.77476
327.37454
327.00344
326.6612
326.34761
326.06247
325.80558
325.57671
325.37565
325.20215
325.05601
324.93705
324.84525
324.78076
324.7442
324.73689
324.7615
324.82311
324.93134
325.10533
325.3838
325.39129
325.15887
324.68629
323.94196
323.3008
322.72361
322.19071
321.69196
321.2218
320.77704
320.35585
319.95713
319.58023
319.22471
318.89027
318.57668
318.28374
318.01127
317.75909
317.52704
317.31496
317.1227
316.95011
316.79707
316.66344
316.54911
316.45399
316.378
316.32106
316.28313
316.26418
334.22495
334.03949
333.66092
333.0698
332.22485
331.49589
330.84094
330.23889
329.67891
329.15511
328.66423
328.20446
327.77476
327.37454
327.00344
326.6612
326.34761
326.06247
325.80558
325.57671
325.37565
325.20215
325.05601
324.93705
324.84525
324.78076
324.7442
324.73689
324.7615
324.82311
324.93134
325.10533
325.3838
325.39129
325.15887
324.68629
323.94196
323.3008
322.72361
322.19071
321.69196
321.2218
320.77704
320.35585
319.95713
319.58023
319.22471
318.89027
318.57668
318.28374
318.01127
317.75909
317.52704
317.31496
317.1227
316.95011
316.79707
316.66344
316.54911
316.45399
316.378
316.32106
316.28313
316.26418
331.14269
331.05125
330.87249
330.61523
330.29423
329.93282
329.54712
329.14878
328.74644
328.34662
327.95435
327.57349
327.20704
326.85729
326.52599
326.21444
325.92354
325.65387
325.40571
325.17907
324.9737
324.78908
324.62441
324.47861
324.35021
324.23736
324.13768
324.04814
323.96488
323.88285
323.79539
323.69349
323.56443
323.38949
323.1601
322.87605
322.54546
322.18662
321.8118
321.42962
321.04633
320.66657
320.29387
319.93091
319.57978
319.24209
318.9191
318.61178
318.32088
318.04698
317.79051
317.55181
317.33111
317.12859
316.94436
316.77849
316.63105
316.50204
316.39148
316.29937
316.2257
316.17045
316.13363
316.11522
331.14269
331.05125
330.87249
330.61523
330.29423
329.93282
329.54712
329.14878
328.74644
328.34662
327.95435
327.57349
327.20704
326.85729
326.52599
326.21444
325.92354
325.65387
325.40571
325.17907
324.9737
324.78908
324.62441
324.47861
324.35021
324.23736
324.13768
324.04814
323.96488
323.88285
323.79539
323.69349
323.56443
323.38949
323.1601
322.87605
322.54546
322.18662
321.8118
321.42962
321.04633
320.66657
320.29387
319.93091
319.57978
319.24209
318.9191
318.61178
318.32088
318.04698
317.79051
317.55181
317.33111
317.12859
316.94436
316.77849
316.63105
316.50204
316.39148
316.29937
316.2257
316.17045
316.13363
316.11522
331.14269
331.05125
330.87249
330.61523
330.29423
329.93282
329.54712
329.14878
328.74644
328.34662
327.95435
327.57349
327.20704
326.85729
326.52599
326.21444
325.92354
325.65387
325.40571
325.17907
324.9737
324.78908
324.62441
324.47861
324.35021
324.23736
324.13768
324.04814
323.96488
323.88285
323.79539
323.69349
323.56443
323.38949
323.1601
322.87605
322.54546
322.18662
321.8118
321.42962
321.04633
320.66657
320.29387
319.93091
319.57978
319.24209
318.9191
318.61178
318.32088
318.04698
317.79051
317.55181
317.33111
317.12859
316.94436
316.77849
316.63105
316.50204
316.39148
316.29937
316.2257
316.17045
316.13363
316.11522
331.14269
331.05125
330.87249
330.61523
330.29423
329.93282
329.54712
329.14878
328.74644
328.34662
327.95435
327.57349
327.20704
326.85729
326.52599
326.21444
325.92354
325.65387
325.40571
325.17907
324.9737
324.78908
324.62441
324.47861
324.35021
324.23736
324.13768
324.04814
323.96488
323.88285
323.79539
323.69349
323.56443
323.38949
323.1601
322.87605
322.54546
322.18662
321.8118
321.42962
321.04633
320.66657
320.29387
319.93091
319.57978
319.24209
318.9191
318.61178
318.32088
318.04698
317.79051
317.55181
317.33111
317.12859
316.94436
316.77849
316.63105
316.50204
316.39148
316.29937
316.2257
316.17045
316.13363
316.11522
331.14269
331.05125
330.87249
330.61523
330.29423
329.93282
329.54712
329.14878
328.74644
328.34662
327.95435
327.57349
327.20704
326.85729
326.52599
326.21444
325.92354
325.65387
325.40571
325.17907
324.9737
324.78908
324.62441
324.47861
324.35021
324.23736
324.13768
324.04814
323.96488
323.88285
323.79539
323.69349
323.56443
323.38949
323.1601
322.87605
322.54546
322.18662
321.8118
321.42962
321.04633
320.66657
320.29387
319.93091
319.57978
319.24209
318.9191
318.61178
318.32088
318.04698
317.79051
317.55181
317.33111
317.12859
316.94436
316.77849
316.63105
316.50204
316.39148
316.29937
316.2257
316.17045
316.13363
316.11522
331.14269
331.05125
330.87249
330.61523
330.29423
329.93282
329.54712
329.14878
328.74644
328.34662
327.95435
327.57349
327.20704
326.85729
326.52599
326.21444
325.92354
325.65387
325.40571
325.17907
324.9737
324.78908
324.62441
324.47861
324.35021
324.23736
324.13768
324.04814
323.96488
323.88285
323.79539
323.69349
323.56443
323.38949
323.1601
322.87605
322.54546
322.18662
321.8118
321.42962
321.04633
320.66657
320.29387
319.93091
319.57978
319.24209
318.9191
318.61178
318.32088
318.04698
317.79051
317.55181
317.33111
317.12859
316.94436
316.77849
316.63105
316.50204
316.39148
316.29937
316.2257
316.17045
316.13363
316.11522
331.14269
331.05125
330.87249
330.61523
330.29423
329.93282
329.54712
329.14878
328.74644
328.34662
327.95435
327.57349
327.20704
326.85729
326.52599
326.21444
325.92354
325.65387
325.40571
325.17907
324.9737
324.78908
324.62441
324.47861
324.35021
324.23736
324.13768
324.04814
323.96488
323.88285
323.79539
323.69349
323.56443
323.38949
323.1601
322.87605
322.54546
322.18662
321.8118
321.42962
321.04633
320.66657
320.29387
319.93091
319.57978
319.24209
318.9191
318.61178
318.32088
318.04698
317.79051
317.55181
317.33111
317.12859
316.94436
316.77849
316.63105
316.50204
316.39148
316.29937
316.2257
316.17045
316.13363
316.11522
331.14269
331.05125
330.87249
330.61523
330.29423
329.93282
329.54712
329.14878
328.74644
328.34662
327.95435
327.57349
327.20704
326.85729
326.52599
326.21444
325.92354
325.65387
325.40571
325.17907
324.9737
324.78908
324.62441
324.47861
324.35021
324.23736
324.13768
324.04814
323.96488
323.88285
323.79539
323.69349
323.56443
323.38949
323.1601
322.87605
322.54546
322.18662
321.8118
321.42962
321.04633
320.66657
320.29387
319.93091
319.57978
319.24209
318.9191
318.61178
318.32088
318.04698
317.79051
317.55181
317.33111
317.12859
316.94436
316.77849
316.63105
316.50204
316.39148
316.29937
316.2257
316.17045
316.13363
316.11522
331.14269
331.05125
330.87249
330.61523
330.29423
329.93282
329.54712
329.14878
328.74644
328.34662
327.95435
327.57349
327.20704
326.85729
326.52599
326.21444
325.92354
325.65387
325.40571
325.17907
324.9737
324.78908
324.62441
324.47861
324.35021
324.23736
324.13768
324.04814
323.96488
323.88285
323.79539
323.69349
323.56443
323.38949
323.1601
322.87605
322.54546
322.18662
321.8118
321.42962
321.04633
320.66657
320.29387
319.93091
319.57978
319.24209
318.9191
318.61178
318.32088
318.04698
317.79051
317.55181
317.33111
317.12859
316.94436
316.77849
316.63105
316.50204
316.39148
316.29937
316.2257
316.17045
316.13363
316.11522
331.14269
331.05125
330.87249
330.61523
330.29423
329.93282
329.54712
329.14878
328.74644
328.34662
327.95435
327.57349
327.20704
326.85729
326.52599
326.21444
325.92354
325.65387
325.40571
325.17907
324.9737
324.78908
324.62441
324.47861
324.35021
324.23736
324.13768
324.04814
323.96488
323.88285
323.79539
323.69349
323.56443
323.38949
323.1601
322.87605
322.54546
322.18662
321.8118
321.42962
321.04633
320.66657
320.29387
319.93091
319.57978
319.24209
318.9191
318.61178
318.32088
318.04698
317.79051
317.55181
317.33111
317.12859
316.94436
316.77849
316.63105
316.50204
316.39148
316.29937
316.2257
316.17045
316.13363
316.11522
331.14269
331.05125
330.87249
330.61523
330.29423
329.93282
329.54712
329.14878
328.74644
328.34662
327.95435
327.57349
327.20704
326.85729
326.52599
326.21444
325.92354
325.65387
325.40571
325.17907
324.9737
324.78908
324.62441
324.47861
324.35021
324.23736
324.13768
324.04814
323.96488
323.88285
323.79539
323.69349
323.56443
323.38949
323.1601
322.87605
322.54546
322.18662
321.8118
321.42962
321.04633
320.66657
320.29387
319.93091
319.57978
319.24209
318.9191
318.61178
318.32088
318.04698
317.79051
317.55181
317.33111
317.12859
316.94436
316.77849
316.63105
316.50204
316.39148
316.29937
316.2257
316.17045
316.13363
316.11522
331.14269
331.05125
330.87249
330.61523
330.29423
329.93282
329.54712
329.14878
328.74644
328.34662
327.95435
327.57349
327.20704
326.85729
326.52599
326.21444
325.92354
325.65387
325.40571
325.17907
324.9737
324.78908
324.62441
324.47861
324.35021
324.23736
324.13768
324.04814
323.96488
323.88285
323.79539
323.69349
323.56443
323.38949
323.1601
322.87605
322.54546
322.18662
321.8118
321.42962
321.04633
320.66657
320.29387
319.93091
319.57978
319.24209
318.9191
318.61178
318.32088
318.04698
317.79051
317.55181
317.33111
317.12859
316.94436
316.77849
316.63105
316.50204
316.39148
316.29937
316.2257
316.17045
316.13363
316.11522
331.14269
331.05125
330.87249
330.61523
330.29423
329.93282
329.54712
329.14878
328.74644
328.34662
327.95435
327.57349
327.20704
326.85729
326.52599
326.21444
325.92354
325.65387
325.40571
325.17907
324.9737
324.78908
324.62441
324.47861
324.35021
324.23736
324.13768
324.04814
323.96488
323.88285
323.79539
323.69349
323.56443
323.38949
323.1601
322.87605
322.54546
322.18662
321.8118
321.42962
321.04633
320.66657
320.29387
319.93091
319.57978
319.24209
318.9191
318.61178
318.32088
318.04698
317.79051
317.55181
317.33111
317.12859
316.94436
316.77849
316.63105
316.50204
316.39148
316.29937
316.2257
316.17045
316.13363
316.11522
331.14269
331.05125
330.87249
330.61523
330.29423
329.93282
329.54712
329.14878
328.74644
328.34662
327.95435
327.57349
327.20704
326.85729
326.52599
326.21444
325.92354
325.65387
325.40571
325.17907
324.9737
324.78908
324.62441
324.47861
324.35021
324.23736
324.13768
324.04814
323.96488
323.88285
323.79539
323.69349
323.56443
323.38949
323.1601
322.87605
322.54546
322.18662
321.8118
321.42962
321.04633
320.66657
320.29387
319.93091
319.57978
319.24209
318.9191
318.61178
318.32088
318.04698
317.79051
317.55181
317.33111
317.12859
316.94436
316.77849
316.63105
316.50204
316.39148
316.29937
316.2257
316.17045
316.13363
316.11522
331.14269
331.05125
330.87249
330.61523
330.29423
329.93282
329.54712
329.14878
328.74644
328.34662
327.95435
327.57349
327.20704
326.85729
326.52599
326.21444
325.92354
325.65387
325.40571
325.17907
324.9737
324.78908
324.62441
324.47861
324.35021
324.23736
324.13768
324.04814
323.96488
323.88285
323.79539
323.69349
323.56443
323.38949
323.1601
322.87605
322.54546
322.18662
321.8118
321.42962
321.04633
320.66657
320.29387
319.93091
319.57978
319.24209
318.9191
318.61178
318.32088
318.04698
317.79051
317.55181
317.33111
317.12859
316.94436
316.77849
316.63105
316.50204
316.39148
316.29937
316.2257
316.17045
316.13363
316.11522
331.14269
331.05125
330.87249
330.61523
330.29423
329.93282
329.54712
329.14878
328.74644
328.34662
327.95435
327.57349
327.20704
326.85729
326.52599
326.21444
325.92354
325.65387
325.40571
325.17907
324.9737
324.78908
324.62441
324.47861
324.35021
324.23736
324.13768
324.04814
323.96488
323.88285
323.79539
323.69349
323.56443
323.38949
323.1601
322.87605
322.54546
322.18662
321.8118
321.42962
321.04633
320.66657
320.29387
319.93091
319.57978
319.24209
318.9191
318.61178
318.32088
318.04698
317.79051
317.55181
317.33111
317.12859
316.94436
316.77849
316.63105
316.50204
316.39148
316.29937
316.2257
316.17045
316.13363
316.11522
