
-- Running command `read_verilog -sv -I. rtl/fp16_add.sv rtl/fp16_mul.sv rtl/fp16_rsqrt_lut256.sv rtl/bank_normalization_multirow_vector_reducer.sv rtl/logic_normalization_scalar_engine.sv rtl/logic_normalization_scalar_engine_array.sv rtl/logic_normalization_parallel_tree_top.sv rtl/logic_normalization_bank_barrier.sv rtl/logic_normalization_barrier_tree_top.sv rtl/hierarchical_normalization_streaming_top.sv; chparam -set BANKS 16 -set LANES 4 -set SCALAR_ENGINES 8 hierarchical_normalization_streaming_top; hierarchy -check -top hierarchical_normalization_streaming_top; synth -top hierarchical_normalization_streaming_top; stat; check -assert' --

1. Executing Verilog-2005 frontend: rtl/fp16_add.sv
Parsing SystemVerilog input from `rtl/fp16_add.sv' to AST representation.
Generating RTLIL representation for module `\fp16_add'.
Successfully finished Verilog frontend.

2. Executing Verilog-2005 frontend: rtl/fp16_mul.sv
Parsing SystemVerilog input from `rtl/fp16_mul.sv' to AST representation.
Generating RTLIL representation for module `\fp16_mul'.
Successfully finished Verilog frontend.

3. Executing Verilog-2005 frontend: rtl/fp16_rsqrt_lut256.sv
Parsing SystemVerilog input from `rtl/fp16_rsqrt_lut256.sv' to AST representation.
Generating RTLIL representation for module `\fp16_rsqrt_lut256'.
Successfully finished Verilog frontend.

4. Executing Verilog-2005 frontend: rtl/bank_normalization_multirow_vector_reducer.sv
Parsing SystemVerilog input from `rtl/bank_normalization_multirow_vector_reducer.sv' to AST representation.
Generating RTLIL representation for module `\bank_normalization_multirow_vector_reducer'.
Warning: Replacing memory \sumsq_stage_d with list of registers. See rtl/bank_normalization_multirow_vector_reducer.sv:0
Warning: Replacing memory \sum_stage_d with list of registers. See rtl/bank_normalization_multirow_vector_reducer.sv:0
Warning: Replacing memory \fifo_sumsq_q with list of registers. See rtl/bank_normalization_multirow_vector_reducer.sv:134
Warning: Replacing memory \fifo_sum_q with list of registers. See rtl/bank_normalization_multirow_vector_reducer.sv:133
Warning: Replacing memory \fifo_tag_q with list of registers. See rtl/bank_normalization_multirow_vector_reducer.sv:132
Warning: Replacing memory \sumsq_stage_q with list of registers. See rtl/bank_normalization_multirow_vector_reducer.sv:105
Warning: Replacing memory \sum_stage_q with list of registers. See rtl/bank_normalization_multirow_vector_reducer.sv:104
Successfully finished Verilog frontend.

5. Executing Verilog-2005 frontend: rtl/logic_normalization_scalar_engine.sv
Parsing SystemVerilog input from `rtl/logic_normalization_scalar_engine.sv' to AST representation.
Generating RTLIL representation for module `\logic_normalization_scalar_engine'.
Successfully finished Verilog frontend.

6. Executing Verilog-2005 frontend: rtl/logic_normalization_scalar_engine_array.sv
Parsing SystemVerilog input from `rtl/logic_normalization_scalar_engine_array.sv' to AST representation.
Generating RTLIL representation for module `\logic_normalization_scalar_engine_array'.
Successfully finished Verilog frontend.

7. Executing Verilog-2005 frontend: rtl/logic_normalization_parallel_tree_top.sv
Parsing SystemVerilog input from `rtl/logic_normalization_parallel_tree_top.sv' to AST representation.
Generating RTLIL representation for module `\logic_normalization_parallel_tree_top'.
Warning: Replacing memory \sumsq_stage_d with list of registers. See rtl/logic_normalization_parallel_tree_top.sv:0
Warning: Replacing memory \sum_stage_d with list of registers. See rtl/logic_normalization_parallel_tree_top.sv:0
Warning: Replacing memory \sumsq_stage_q with list of registers. See rtl/logic_normalization_parallel_tree_top.sv:89
Warning: Replacing memory \sum_stage_q with list of registers. See rtl/logic_normalization_parallel_tree_top.sv:89
Successfully finished Verilog frontend.

8. Executing Verilog-2005 frontend: rtl/logic_normalization_bank_barrier.sv
Parsing SystemVerilog input from `rtl/logic_normalization_bank_barrier.sv' to AST representation.
Generating RTLIL representation for module `\logic_normalization_bank_barrier'.
Successfully finished Verilog frontend.

9. Executing Verilog-2005 frontend: rtl/logic_normalization_barrier_tree_top.sv
Parsing SystemVerilog input from `rtl/logic_normalization_barrier_tree_top.sv' to AST representation.
Generating RTLIL representation for module `\logic_normalization_barrier_tree_top'.
Successfully finished Verilog frontend.

10. Executing Verilog-2005 frontend: rtl/hierarchical_normalization_streaming_top.sv
Parsing SystemVerilog input from `rtl/hierarchical_normalization_streaming_top.sv' to AST representation.
Generating RTLIL representation for module `\hierarchical_normalization_streaming_top'.
Successfully finished Verilog frontend.
Parameter \BANKS = 16
Parameter \LANES = 4
Parameter \SCALAR_ENGINES = 8

11. Executing AST frontend in derive mode using pre-parsed AST for module `\hierarchical_normalization_streaming_top'.
Parameter \BANKS = 16
Parameter \LANES = 4
Parameter \SCALAR_ENGINES = 8
Generating RTLIL representation for module `$paramod$f4b4c78343ae44b4f6f26b303aa8f896baa2e2c2\hierarchical_normalization_streaming_top'.

12. Executing HIERARCHY pass (managing design hierarchy).

12.1. Analyzing design hierarchy..
Top module:  \hierarchical_normalization_streaming_top
Used module:     \logic_normalization_barrier_tree_top
Used module:         \logic_normalization_parallel_tree_top
Used module:             \fp16_add
Used module:             \logic_normalization_scalar_engine_array
Used module:                 \logic_normalization_scalar_engine
Used module:                     \fp16_rsqrt_lut256
Used module:                     \fp16_mul
Used module:         \logic_normalization_bank_barrier
Used module:     \bank_normalization_multirow_vector_reducer
Parameter \TAG_WIDTH = 16

12.2. Executing AST frontend in derive mode using pre-parsed AST for module `\logic_normalization_scalar_engine'.
Parameter \TAG_WIDTH = 16
Generating RTLIL representation for module `$paramod\logic_normalization_scalar_engine\TAG_WIDTH=32'00000000000000000000000000010000'.
Parameter \TAG_WIDTH = 16
Found cached RTLIL representation for module `$paramod\logic_normalization_scalar_engine\TAG_WIDTH=32'00000000000000000000000000010000'.
Parameter \TAG_WIDTH = 16
Found cached RTLIL representation for module `$paramod\logic_normalization_scalar_engine\TAG_WIDTH=32'00000000000000000000000000010000'.
Parameter \TAG_WIDTH = 16
Found cached RTLIL representation for module `$paramod\logic_normalization_scalar_engine\TAG_WIDTH=32'00000000000000000000000000010000'.
Parameter \TAG_WIDTH = 16
Found cached RTLIL representation for module `$paramod\logic_normalization_scalar_engine\TAG_WIDTH=32'00000000000000000000000000010000'.
Parameter \TAG_WIDTH = 16
Found cached RTLIL representation for module `$paramod\logic_normalization_scalar_engine\TAG_WIDTH=32'00000000000000000000000000010000'.
Parameter \TAG_WIDTH = 16
Found cached RTLIL representation for module `$paramod\logic_normalization_scalar_engine\TAG_WIDTH=32'00000000000000000000000000010000'.
Parameter \TAG_WIDTH = 16
Found cached RTLIL representation for module `$paramod\logic_normalization_scalar_engine\TAG_WIDTH=32'00000000000000000000000000010000'.
Parameter \ENGINES = 8
Parameter \TAG_WIDTH = 16

12.3. Executing AST frontend in derive mode using pre-parsed AST for module `\logic_normalization_scalar_engine_array'.
Parameter \ENGINES = 8
Parameter \TAG_WIDTH = 16
Generating RTLIL representation for module `$paramod$cf256f1e07155db3e20fb233046fedb4711c91b2\logic_normalization_scalar_engine_array'.
Parameter \BANKS = 16
Parameter \SCALAR_ENGINES = 8
Parameter \TAG_WIDTH = 16

12.4. Executing AST frontend in derive mode using pre-parsed AST for module `\logic_normalization_parallel_tree_top'.
Parameter \BANKS = 16
Parameter \SCALAR_ENGINES = 8
Parameter \TAG_WIDTH = 16
Generating RTLIL representation for module `$paramod$e6d2582358ff6950cc507271baa264b5b8280dfa\logic_normalization_parallel_tree_top'.
Warning: Replacing memory \sumsq_stage_d with list of registers. See rtl/logic_normalization_parallel_tree_top.sv:0
Warning: Replacing memory \sum_stage_d with list of registers. See rtl/logic_normalization_parallel_tree_top.sv:0
Warning: Replacing memory \sumsq_stage_q with list of registers. See rtl/logic_normalization_parallel_tree_top.sv:89
Warning: Replacing memory \sum_stage_q with list of registers. See rtl/logic_normalization_parallel_tree_top.sv:89
Parameter \BANKS = 16
Parameter \TAG_WIDTH = 16

12.5. Executing AST frontend in derive mode using pre-parsed AST for module `\logic_normalization_bank_barrier'.
Parameter \BANKS = 16
Parameter \TAG_WIDTH = 16
Generating RTLIL representation for module `$paramod$865746d0c425e5bff1afb43fc0ca954cd0aab93f\logic_normalization_bank_barrier'.
Parameter \BANKS = 16
Parameter \SCALAR_ENGINES = 8
Parameter \TAG_WIDTH = 16

12.6. Executing AST frontend in derive mode using pre-parsed AST for module `\logic_normalization_barrier_tree_top'.
Parameter \BANKS = 16
Parameter \SCALAR_ENGINES = 8
Parameter \TAG_WIDTH = 16
Generating RTLIL representation for module `$paramod$e6d2582358ff6950cc507271baa264b5b8280dfa\logic_normalization_barrier_tree_top'.
Parameter \LANES = 4
Parameter \TAG_WIDTH = 16
Parameter \COUNT_WIDTH = 16
Parameter \RESULT_FIFO_DEPTH = 4

12.7. Executing AST frontend in derive mode using pre-parsed AST for module `\bank_normalization_multirow_vector_reducer'.
Parameter \LANES = 4
Parameter \TAG_WIDTH = 16
Parameter \COUNT_WIDTH = 16
Parameter \RESULT_FIFO_DEPTH = 4
Generating RTLIL representation for module `$paramod$7f46819eecda06228f84979737259751ccd53663\bank_normalization_multirow_vector_reducer'.
Warning: Replacing memory \sumsq_stage_d with list of registers. See rtl/bank_normalization_multirow_vector_reducer.sv:0
Warning: Replacing memory \sum_stage_d with list of registers. See rtl/bank_normalization_multirow_vector_reducer.sv:0
Warning: Replacing memory \fifo_sumsq_q with list of registers. See rtl/bank_normalization_multirow_vector_reducer.sv:134
Warning: Replacing memory \fifo_sum_q with list of registers. See rtl/bank_normalization_multirow_vector_reducer.sv:133
Warning: Replacing memory \fifo_tag_q with list of registers. See rtl/bank_normalization_multirow_vector_reducer.sv:132
Warning: Replacing memory \sumsq_stage_q with list of registers. See rtl/bank_normalization_multirow_vector_reducer.sv:105
Warning: Replacing memory \sum_stage_q with list of registers. See rtl/bank_normalization_multirow_vector_reducer.sv:104
Parameter \LANES = 4
Parameter \TAG_WIDTH = 16
Parameter \COUNT_WIDTH = 16
Parameter \RESULT_FIFO_DEPTH = 4
Found cached RTLIL representation for module `$paramod$7f46819eecda06228f84979737259751ccd53663\bank_normalization_multirow_vector_reducer'.
Parameter \LANES = 4
Parameter \TAG_WIDTH = 16
Parameter \COUNT_WIDTH = 16
Parameter \RESULT_FIFO_DEPTH = 4
Found cached RTLIL representation for module `$paramod$7f46819eecda06228f84979737259751ccd53663\bank_normalization_multirow_vector_reducer'.
Parameter \LANES = 4
Parameter \TAG_WIDTH = 16
Parameter \COUNT_WIDTH = 16
Parameter \RESULT_FIFO_DEPTH = 4
Found cached RTLIL representation for module `$paramod$7f46819eecda06228f84979737259751ccd53663\bank_normalization_multirow_vector_reducer'.
Parameter \LANES = 4
Parameter \TAG_WIDTH = 16
Parameter \COUNT_WIDTH = 16
Parameter \RESULT_FIFO_DEPTH = 4
Found cached RTLIL representation for module `$paramod$7f46819eecda06228f84979737259751ccd53663\bank_normalization_multirow_vector_reducer'.
Parameter \LANES = 4
Parameter \TAG_WIDTH = 16
Parameter \COUNT_WIDTH = 16
Parameter \RESULT_FIFO_DEPTH = 4
Found cached RTLIL representation for module `$paramod$7f46819eecda06228f84979737259751ccd53663\bank_normalization_multirow_vector_reducer'.
Parameter \LANES = 4
Parameter \TAG_WIDTH = 16
Parameter \COUNT_WIDTH = 16
Parameter \RESULT_FIFO_DEPTH = 4
Found cached RTLIL representation for module `$paramod$7f46819eecda06228f84979737259751ccd53663\bank_normalization_multirow_vector_reducer'.
Parameter \LANES = 4
Parameter \TAG_WIDTH = 16
Parameter \COUNT_WIDTH = 16
Parameter \RESULT_FIFO_DEPTH = 4
Found cached RTLIL representation for module `$paramod$7f46819eecda06228f84979737259751ccd53663\bank_normalization_multirow_vector_reducer'.
Parameter \LANES = 4
Parameter \TAG_WIDTH = 16
Parameter \COUNT_WIDTH = 16
Parameter \RESULT_FIFO_DEPTH = 4
Found cached RTLIL representation for module `$paramod$7f46819eecda06228f84979737259751ccd53663\bank_normalization_multirow_vector_reducer'.
Parameter \LANES = 4
Parameter \TAG_WIDTH = 16
Parameter \COUNT_WIDTH = 16
Parameter \RESULT_FIFO_DEPTH = 4
Found cached RTLIL representation for module `$paramod$7f46819eecda06228f84979737259751ccd53663\bank_normalization_multirow_vector_reducer'.
Parameter \LANES = 4
Parameter \TAG_WIDTH = 16
Parameter \COUNT_WIDTH = 16
Parameter \RESULT_FIFO_DEPTH = 4
Found cached RTLIL representation for module `$paramod$7f46819eecda06228f84979737259751ccd53663\bank_normalization_multirow_vector_reducer'.
Parameter \LANES = 4
Parameter \TAG_WIDTH = 16
Parameter \COUNT_WIDTH = 16
Parameter \RESULT_FIFO_DEPTH = 4
Found cached RTLIL representation for module `$paramod$7f46819eecda06228f84979737259751ccd53663\bank_normalization_multirow_vector_reducer'.
Parameter \LANES = 4
Parameter \TAG_WIDTH = 16
Parameter \COUNT_WIDTH = 16
Parameter \RESULT_FIFO_DEPTH = 4
Found cached RTLIL representation for module `$paramod$7f46819eecda06228f84979737259751ccd53663\bank_normalization_multirow_vector_reducer'.
Parameter \LANES = 4
Parameter \TAG_WIDTH = 16
Parameter \COUNT_WIDTH = 16
Parameter \RESULT_FIFO_DEPTH = 4
Found cached RTLIL representation for module `$paramod$7f46819eecda06228f84979737259751ccd53663\bank_normalization_multirow_vector_reducer'.
Parameter \LANES = 4
Parameter \TAG_WIDTH = 16
Parameter \COUNT_WIDTH = 16
Parameter \RESULT_FIFO_DEPTH = 4
Found cached RTLIL representation for module `$paramod$7f46819eecda06228f84979737259751ccd53663\bank_normalization_multirow_vector_reducer'.
Parameter \LANES = 4
Parameter \TAG_WIDTH = 16
Parameter \COUNT_WIDTH = 16
Parameter \RESULT_FIFO_DEPTH = 4
Found cached RTLIL representation for module `$paramod$7f46819eecda06228f84979737259751ccd53663\bank_normalization_multirow_vector_reducer'.

12.8. Analyzing design hierarchy..
Top module:  \hierarchical_normalization_streaming_top
Used module:     $paramod$e6d2582358ff6950cc507271baa264b5b8280dfa\logic_normalization_barrier_tree_top
Used module:         \logic_normalization_parallel_tree_top
Used module:             \fp16_add
Used module:             $paramod$cf256f1e07155db3e20fb233046fedb4711c91b2\logic_normalization_scalar_engine_array
Used module:                 \logic_normalization_scalar_engine
Used module:                     \fp16_rsqrt_lut256
Used module:                     \fp16_mul
Used module:         \logic_normalization_bank_barrier
Used module:     $paramod$7f46819eecda06228f84979737259751ccd53663\bank_normalization_multirow_vector_reducer
Parameter \TAG_WIDTH = 16
Found cached RTLIL representation for module `$paramod\logic_normalization_scalar_engine\TAG_WIDTH=32'00000000000000000000000000010000'.
Parameter \TAG_WIDTH = 16
Found cached RTLIL representation for module `$paramod\logic_normalization_scalar_engine\TAG_WIDTH=32'00000000000000000000000000010000'.
Parameter \TAG_WIDTH = 16
Found cached RTLIL representation for module `$paramod\logic_normalization_scalar_engine\TAG_WIDTH=32'00000000000000000000000000010000'.
Parameter \TAG_WIDTH = 16
Found cached RTLIL representation for module `$paramod\logic_normalization_scalar_engine\TAG_WIDTH=32'00000000000000000000000000010000'.
Parameter \TAG_WIDTH = 16
Found cached RTLIL representation for module `$paramod\logic_normalization_scalar_engine\TAG_WIDTH=32'00000000000000000000000000010000'.
Parameter \TAG_WIDTH = 16
Found cached RTLIL representation for module `$paramod\logic_normalization_scalar_engine\TAG_WIDTH=32'00000000000000000000000000010000'.
Parameter \TAG_WIDTH = 16
Found cached RTLIL representation for module `$paramod\logic_normalization_scalar_engine\TAG_WIDTH=32'00000000000000000000000000010000'.
Parameter \TAG_WIDTH = 16
Found cached RTLIL representation for module `$paramod\logic_normalization_scalar_engine\TAG_WIDTH=32'00000000000000000000000000010000'.
Parameter \BANKS = 16
Parameter \SCALAR_ENGINES = 8
Parameter \TAG_WIDTH = 16
Found cached RTLIL representation for module `$paramod$e6d2582358ff6950cc507271baa264b5b8280dfa\logic_normalization_parallel_tree_top'.
Parameter \BANKS = 16
Parameter \TAG_WIDTH = 16
Found cached RTLIL representation for module `$paramod$865746d0c425e5bff1afb43fc0ca954cd0aab93f\logic_normalization_bank_barrier'.

12.9. Analyzing design hierarchy..
Top module:  \hierarchical_normalization_streaming_top
Used module:     $paramod$e6d2582358ff6950cc507271baa264b5b8280dfa\logic_normalization_barrier_tree_top
Used module:         $paramod$e6d2582358ff6950cc507271baa264b5b8280dfa\logic_normalization_parallel_tree_top
Used module:             \fp16_add
Used module:             \logic_normalization_scalar_engine_array
Used module:                 $paramod\logic_normalization_scalar_engine\TAG_WIDTH=32'00000000000000000000000000010000
Used module:                     \fp16_rsqrt_lut256
Used module:                     \fp16_mul
Used module:         $paramod$865746d0c425e5bff1afb43fc0ca954cd0aab93f\logic_normalization_bank_barrier
Used module:     $paramod$7f46819eecda06228f84979737259751ccd53663\bank_normalization_multirow_vector_reducer
Parameter \ENGINES = 8
Parameter \TAG_WIDTH = 16
Found cached RTLIL representation for module `$paramod$cf256f1e07155db3e20fb233046fedb4711c91b2\logic_normalization_scalar_engine_array'.

12.10. Analyzing design hierarchy..
Top module:  \hierarchical_normalization_streaming_top
Used module:     $paramod$e6d2582358ff6950cc507271baa264b5b8280dfa\logic_normalization_barrier_tree_top
Used module:         $paramod$e6d2582358ff6950cc507271baa264b5b8280dfa\logic_normalization_parallel_tree_top
Used module:             \fp16_add
Used module:             $paramod$cf256f1e07155db3e20fb233046fedb4711c91b2\logic_normalization_scalar_engine_array
Used module:                 $paramod\logic_normalization_scalar_engine\TAG_WIDTH=32'00000000000000000000000000010000
Used module:                     \fp16_rsqrt_lut256
Used module:                     \fp16_mul
Used module:         $paramod$865746d0c425e5bff1afb43fc0ca954cd0aab93f\logic_normalization_bank_barrier
Used module:     $paramod$7f46819eecda06228f84979737259751ccd53663\bank_normalization_multirow_vector_reducer

12.11. Analyzing design hierarchy..
Top module:  \hierarchical_normalization_streaming_top
Used module:     $paramod$e6d2582358ff6950cc507271baa264b5b8280dfa\logic_normalization_barrier_tree_top
Used module:         $paramod$e6d2582358ff6950cc507271baa264b5b8280dfa\logic_normalization_parallel_tree_top
Used module:             \fp16_add
Used module:             $paramod$cf256f1e07155db3e20fb233046fedb4711c91b2\logic_normalization_scalar_engine_array
Used module:                 $paramod\logic_normalization_scalar_engine\TAG_WIDTH=32'00000000000000000000000000010000
Used module:                     \fp16_rsqrt_lut256
Used module:                     \fp16_mul
Used module:         $paramod$865746d0c425e5bff1afb43fc0ca954cd0aab93f\logic_normalization_bank_barrier
Used module:     $paramod$7f46819eecda06228f84979737259751ccd53663\bank_normalization_multirow_vector_reducer
Removing unused module `\logic_normalization_barrier_tree_top'.
Removing unused module `\logic_normalization_bank_barrier'.
Removing unused module `\logic_normalization_parallel_tree_top'.
Removing unused module `\logic_normalization_scalar_engine_array'.
Removing unused module `\logic_normalization_scalar_engine'.
Removing unused module `\bank_normalization_multirow_vector_reducer'.
Removed 6 unused modules.

13. Executing SYNTH pass.

13.1. Executing HIERARCHY pass (managing design hierarchy).

13.1.1. Analyzing design hierarchy..
Top module:  \hierarchical_normalization_streaming_top
Used module:     $paramod$e6d2582358ff6950cc507271baa264b5b8280dfa\logic_normalization_barrier_tree_top
Used module:         $paramod$e6d2582358ff6950cc507271baa264b5b8280dfa\logic_normalization_parallel_tree_top
Used module:             \fp16_add
Used module:             $paramod$cf256f1e07155db3e20fb233046fedb4711c91b2\logic_normalization_scalar_engine_array
Used module:                 $paramod\logic_normalization_scalar_engine\TAG_WIDTH=32'00000000000000000000000000010000
Used module:                     \fp16_rsqrt_lut256
Used module:                     \fp16_mul
Used module:         $paramod$865746d0c425e5bff1afb43fc0ca954cd0aab93f\logic_normalization_bank_barrier
Used module:     $paramod$7f46819eecda06228f84979737259751ccd53663\bank_normalization_multirow_vector_reducer

13.1.2. Analyzing design hierarchy..
Top module:  \hierarchical_normalization_streaming_top
Used module:     $paramod$e6d2582358ff6950cc507271baa264b5b8280dfa\logic_normalization_barrier_tree_top
Used module:         $paramod$e6d2582358ff6950cc507271baa264b5b8280dfa\logic_normalization_parallel_tree_top
Used module:             \fp16_add
Used module:             $paramod$cf256f1e07155db3e20fb233046fedb4711c91b2\logic_normalization_scalar_engine_array
Used module:                 $paramod\logic_normalization_scalar_engine\TAG_WIDTH=32'00000000000000000000000000010000
Used module:                     \fp16_rsqrt_lut256
Used module:                     \fp16_mul
Used module:         $paramod$865746d0c425e5bff1afb43fc0ca954cd0aab93f\logic_normalization_bank_barrier
Used module:     $paramod$7f46819eecda06228f84979737259751ccd53663\bank_normalization_multirow_vector_reducer
Removed 0 unused modules.

13.2. Executing PROC pass (convert processes to netlists).

13.2.1. Executing PROC_CLEAN pass (remove empty switches from decision trees).
Cleaned up 0 empty switches.

13.2.2. Executing PROC_RMDEAD pass (remove dead branches from decision trees).
Marked 16 switch rules as full_case in process $proc$rtl/hierarchical_normalization_streaming_top.sv:29$931 in module hierarchical_normalization_streaming_top.
Removed 1 dead cases from process $proc$rtl/bank_normalization_multirow_vector_reducer.sv:0$1445 in module $paramod$7f46819eecda06228f84979737259751ccd53663\bank_normalization_multirow_vector_reducer.
Marked 1 switch rules as full_case in process $proc$rtl/bank_normalization_multirow_vector_reducer.sv:0$1445 in module $paramod$7f46819eecda06228f84979737259751ccd53663\bank_normalization_multirow_vector_reducer.
Removed 1 dead cases from process $proc$rtl/bank_normalization_multirow_vector_reducer.sv:0$1442 in module $paramod$7f46819eecda06228f84979737259751ccd53663\bank_normalization_multirow_vector_reducer.
Marked 1 switch rules as full_case in process $proc$rtl/bank_normalization_multirow_vector_reducer.sv:0$1442 in module $paramod$7f46819eecda06228f84979737259751ccd53663\bank_normalization_multirow_vector_reducer.
Removed 1 dead cases from process $proc$rtl/bank_normalization_multirow_vector_reducer.sv:0$1439 in module $paramod$7f46819eecda06228f84979737259751ccd53663\bank_normalization_multirow_vector_reducer.
Marked 1 switch rules as full_case in process $proc$rtl/bank_normalization_multirow_vector_reducer.sv:0$1439 in module $paramod$7f46819eecda06228f84979737259751ccd53663\bank_normalization_multirow_vector_reducer.
Marked 8 switch rules as full_case in process $proc$rtl/bank_normalization_multirow_vector_reducer.sv:83$1395 in module $paramod$7f46819eecda06228f84979737259751ccd53663\bank_normalization_multirow_vector_reducer.
Marked 2 switch rules as full_case in process $proc$rtl/logic_normalization_bank_barrier.sv:43$1352 in module $paramod$865746d0c425e5bff1afb43fc0ca954cd0aab93f\logic_normalization_bank_barrier.
Marked 49 switch rules as full_case in process $proc$rtl/logic_normalization_bank_barrier.sv:25$1292 in module $paramod$865746d0c425e5bff1afb43fc0ca954cd0aab93f\logic_normalization_bank_barrier.
Marked 1 switch rules as full_case in process $proc$rtl/logic_normalization_parallel_tree_top.sv:77$1238 in module $paramod$e6d2582358ff6950cc507271baa264b5b8280dfa\logic_normalization_parallel_tree_top.
Marked 18 switch rules as full_case in process $proc$rtl/logic_normalization_parallel_tree_top.sv:51$1105 in module $paramod$e6d2582358ff6950cc507271baa264b5b8280dfa\logic_normalization_parallel_tree_top.
Marked 2 switch rules as full_case in process $proc$rtl/logic_normalization_scalar_engine.sv:72$998 in module $paramod\logic_normalization_scalar_engine\TAG_WIDTH=32'00000000000000000000000000010000.
Removed 1 dead cases from process $proc$rtl/fp16_rsqrt_lut256.sv:73$232 in module fp16_rsqrt_lut256.
Marked 19 switch rules as full_case in process $proc$rtl/fp16_rsqrt_lut256.sv:73$232 in module fp16_rsqrt_lut256.
Marked 32 switch rules as full_case in process $proc$rtl/fp16_mul.sv:16$143 in module fp16_mul.
Marked 26 switch rules as full_case in process $proc$rtl/fp16_add.sv:28$3 in module fp16_add.
Removed a total of 4 dead cases.

13.2.3. Executing PROC_PRUNE pass (remove redundant assignments in processes).
Removed 12 redundant assignments.
Promoted 195 assignments to connections.

13.2.4. Executing PROC_INIT pass (extract init attributes).

13.2.5. Executing PROC_ARST pass (detect async resets in processes).
Found async reset \rst_ni in `$paramod$7f46819eecda06228f84979737259751ccd53663\bank_normalization_multirow_vector_reducer.$proc$rtl/bank_normalization_multirow_vector_reducer.sv:83$1395'.
Found async reset \rst_ni in `$paramod$865746d0c425e5bff1afb43fc0ca954cd0aab93f\logic_normalization_bank_barrier.$proc$rtl/logic_normalization_bank_barrier.sv:43$1352'.
Found async reset \rst_ni in `$paramod$e6d2582358ff6950cc507271baa264b5b8280dfa\logic_normalization_parallel_tree_top.$proc$rtl/logic_normalization_parallel_tree_top.sv:77$1238'.
Found async reset \rst_ni in `$paramod\logic_normalization_scalar_engine\TAG_WIDTH=32'00000000000000000000000000010000.$proc$rtl/logic_normalization_scalar_engine.sv:72$998'.
Found async reset \rst_ni in `\fp16_rsqrt_lut256.$proc$rtl/fp16_rsqrt_lut256.sv:73$232'.

13.2.6. Executing PROC_ROM pass (convert switches to ROMs).
Converted 1 switch.
<suppressed ~187 debug messages>

13.2.7. Executing PROC_MUX pass (convert decision trees to multiplexers).
Creating decoders for process `\hierarchical_normalization_streaming_top.$proc$rtl/hierarchical_normalization_streaming_top.sv:29$931'.
     1/16: $16\config_all_ready[0:0]
     2/16: $15\config_all_ready[0:0]
     3/16: $14\config_all_ready[0:0]
     4/16: $13\config_all_ready[0:0]
     5/16: $12\config_all_ready[0:0]
     6/16: $11\config_all_ready[0:0]
     7/16: $10\config_all_ready[0:0]
     8/16: $9\config_all_ready[0:0]
     9/16: $8\config_all_ready[0:0]
    10/16: $7\config_all_ready[0:0]
    11/16: $6\config_all_ready[0:0]
    12/16: $5\config_all_ready[0:0]
    13/16: $4\config_all_ready[0:0]
    14/16: $3\config_all_ready[0:0]
    15/16: $2\config_all_ready[0:0]
    16/16: $1\config_all_ready[0:0]
Creating decoders for process `$paramod$7f46819eecda06228f84979737259751ccd53663\bank_normalization_multirow_vector_reducer.$proc$rtl/bank_normalization_multirow_vector_reducer.sv:0$1448'.
Creating decoders for process `$paramod$7f46819eecda06228f84979737259751ccd53663\bank_normalization_multirow_vector_reducer.$proc$rtl/bank_normalization_multirow_vector_reducer.sv:0$1445'.
     1/1: $1$mem2reg_rd$\fifo_sumsq_q$rtl/bank_normalization_multirow_vector_reducer.sv:49$1377_DATA[15:0]$1447
Creating decoders for process `$paramod$7f46819eecda06228f84979737259751ccd53663\bank_normalization_multirow_vector_reducer.$proc$rtl/bank_normalization_multirow_vector_reducer.sv:0$1442'.
     1/1: $1$mem2reg_rd$\fifo_sum_q$rtl/bank_normalization_multirow_vector_reducer.sv:48$1376_DATA[15:0]$1444
Creating decoders for process `$paramod$7f46819eecda06228f84979737259751ccd53663\bank_normalization_multirow_vector_reducer.$proc$rtl/bank_normalization_multirow_vector_reducer.sv:0$1439'.
     1/1: $1$mem2reg_rd$\fifo_tag_q$rtl/bank_normalization_multirow_vector_reducer.sv:47$1375_DATA[15:0]$1441
Creating decoders for process `$paramod$7f46819eecda06228f84979737259751ccd53663\bank_normalization_multirow_vector_reducer.$proc$rtl/bank_normalization_multirow_vector_reducer.sv:83$1395'.
     1/53: $2$mem2reg_wr$\fifo_sumsq_q$rtl/bank_normalization_multirow_vector_reducer.sv:134$1380_ADDR[1:0]$1431
     2/53: $2$mem2reg_wr$\fifo_sumsq_q$rtl/bank_normalization_multirow_vector_reducer.sv:134$1380_DATA[15:0]$1432
     3/53: $2$mem2reg_wr$\fifo_sum_q$rtl/bank_normalization_multirow_vector_reducer.sv:133$1379_ADDR[1:0]$1429
     4/53: $2$mem2reg_wr$\fifo_sum_q$rtl/bank_normalization_multirow_vector_reducer.sv:133$1379_DATA[15:0]$1430
     5/53: $2$mem2reg_wr$\fifo_tag_q$rtl/bank_normalization_multirow_vector_reducer.sv:132$1378_ADDR[1:0]$1427
     6/53: $2$mem2reg_wr$\fifo_tag_q$rtl/bank_normalization_multirow_vector_reducer.sv:132$1378_DATA[15:0]$1428
     7/53: $1$mem2reg_wr$\fifo_sumsq_q$rtl/bank_normalization_multirow_vector_reducer.sv:134$1380_DATA[15:0]$1416
     8/53: $1$mem2reg_wr$\fifo_sumsq_q$rtl/bank_normalization_multirow_vector_reducer.sv:134$1380_ADDR[1:0]$1415
     9/53: $1$mem2reg_wr$\fifo_sum_q$rtl/bank_normalization_multirow_vector_reducer.sv:133$1379_DATA[15:0]$1414
    10/53: $1$mem2reg_wr$\fifo_sum_q$rtl/bank_normalization_multirow_vector_reducer.sv:133$1379_ADDR[1:0]$1413
    11/53: $1$mem2reg_wr$\fifo_tag_q$rtl/bank_normalization_multirow_vector_reducer.sv:132$1378_DATA[15:0]$1412
    12/53: $1$mem2reg_wr$\fifo_tag_q$rtl/bank_normalization_multirow_vector_reducer.sv:132$1378_ADDR[1:0]$1411
    13/53: $1$fordecl_block$386.level[31:0]$1408
    14/53: $1$fordecl_block$386.$for_loop$387[1].$fordecl_block$388.node[31:0]$1410
    15/53: $1$fordecl_block$386.$for_loop$387[0].$fordecl_block$388.node[31:0]$1409
    16/53: $1$fordecl_block$384.level[31:0]$1407
    17/53: $0\tag_pipe_q[31:0] [31:16]
    18/53: $0\last_pipe_q[1:0] [1]
    19/53: $0\first_pipe_q[1:0] [1]
    20/53: $0\valid_pipe_q[1:0] [1]
    21/53: $0\tag_pipe_q[31:0] [15:0]
    22/53: $0\last_pipe_q[1:0] [0]
    23/53: $0\first_pipe_q[1:0] [0]
    24/53: $0\valid_pipe_q[1:0] [0]
    25/53: $0\protocol_error_o[0:0]
    26/53: $0\fifo_sumsq_q[3][15:0]
    27/53: $0\fifo_sumsq_q[2][15:0]
    28/53: $0\fifo_sumsq_q[1][15:0]
    29/53: $0\fifo_sumsq_q[0][15:0]
    30/53: $0\fifo_sum_q[3][15:0]
    31/53: $0\fifo_sum_q[2][15:0]
    32/53: $0\fifo_sum_q[1][15:0]
    33/53: $0\fifo_sum_q[0][15:0]
    34/53: $0\fifo_tag_q[3][15:0]
    35/53: $0\fifo_tag_q[2][15:0]
    36/53: $0\fifo_tag_q[1][15:0]
    37/53: $0\fifo_tag_q[0][15:0]
    38/53: $0\sumsq_stage_q[4][15:0]
    39/53: $0\sumsq_stage_q[1][15:0]
    40/53: $0\sumsq_stage_q[0][15:0]
    41/53: $0\sum_stage_q[4][15:0]
    42/53: $0\sum_stage_q[1][15:0]
    43/53: $0\sum_stage_q[0][15:0]
    44/53: $0\fifo_count_q[2:0]
    45/53: $0\fifo_write_ptr_q[1:0]
    46/53: $0\fifo_read_ptr_q[1:0]
    47/53: $0\row_sumsq_q[15:0]
    48/53: $0\row_sum_q[15:0]
    49/53: $0\outstanding_q[2:0]
    50/53: $0\input_remaining_q[15:0]
    51/53: $0\input_tag_q[15:0]
    52/53: $0\input_first_q[0:0]
    53/53: $0\input_active_q[0:0]
Creating decoders for process `$paramod$865746d0c425e5bff1afb43fc0ca954cd0aab93f\logic_normalization_bank_barrier.$proc$rtl/logic_normalization_bank_barrier.sv:43$1352'.
     1/7: $0\invalid_config_error_o[0:0]
     2/7: $0\eps_q[15:0]
     3/7: $0\invh_q[15:0]
     4/7: $0\mask_q[15:0]
     5/7: $0\active_q[0:0]
     6/7: $0\tag_q[15:0]
     7/7: $0\mode_q[0:0]
Creating decoders for process `$paramod$865746d0c425e5bff1afb43fc0ca954cd0aab93f\logic_normalization_bank_barrier.$proc$rtl/logic_normalization_bank_barrier.sv:25$1292'.
     1/65: $1\bank_ready_o[15:0]
     2/65: $32\tags_match[0:0]
     3/65: $32\all_present[0:0]
     4/65: $31\tags_match[0:0]
     5/65: $31\all_present[0:0]
     6/65: $30\tags_match[0:0]
     7/65: $30\all_present[0:0]
     8/65: $29\tags_match[0:0]
     9/65: $29\all_present[0:0]
    10/65: $28\tags_match[0:0]
    11/65: $28\all_present[0:0]
    12/65: $27\tags_match[0:0]
    13/65: $27\all_present[0:0]
    14/65: $26\tags_match[0:0]
    15/65: $26\all_present[0:0]
    16/65: $25\tags_match[0:0]
    17/65: $25\all_present[0:0]
    18/65: $24\tags_match[0:0]
    19/65: $24\all_present[0:0]
    20/65: $23\tags_match[0:0]
    21/65: $23\all_present[0:0]
    22/65: $22\tags_match[0:0]
    23/65: $22\all_present[0:0]
    24/65: $21\tags_match[0:0]
    25/65: $21\all_present[0:0]
    26/65: $20\tags_match[0:0]
    27/65: $20\all_present[0:0]
    28/65: $19\tags_match[0:0]
    29/65: $19\all_present[0:0]
    30/65: $18\tags_match[0:0]
    31/65: $18\all_present[0:0]
    32/65: $17\tags_match[0:0]
    33/65: $17\all_present[0:0]
    34/65: $16\tags_match[0:0]
    35/65: $16\all_present[0:0]
    36/65: $15\tags_match[0:0]
    37/65: $15\all_present[0:0]
    38/65: $14\tags_match[0:0]
    39/65: $14\all_present[0:0]
    40/65: $13\tags_match[0:0]
    41/65: $13\all_present[0:0]
    42/65: $12\tags_match[0:0]
    43/65: $12\all_present[0:0]
    44/65: $11\tags_match[0:0]
    45/65: $11\all_present[0:0]
    46/65: $10\tags_match[0:0]
    47/65: $10\all_present[0:0]
    48/65: $9\tags_match[0:0]
    49/65: $9\all_present[0:0]
    50/65: $8\tags_match[0:0]
    51/65: $8\all_present[0:0]
    52/65: $7\tags_match[0:0]
    53/65: $7\all_present[0:0]
    54/65: $6\tags_match[0:0]
    55/65: $6\all_present[0:0]
    56/65: $5\tags_match[0:0]
    57/65: $5\all_present[0:0]
    58/65: $4\tags_match[0:0]
    59/65: $4\all_present[0:0]
    60/65: $3\tags_match[0:0]
    61/65: $3\all_present[0:0]
    62/65: $2\tags_match[0:0]
    63/65: $2\all_present[0:0]
    64/65: $1\tags_match[0:0]
    65/65: $1\all_present[0:0]
Creating decoders for process `$paramod$e6d2582358ff6950cc507271baa264b5b8280dfa\logic_normalization_parallel_tree_top.$proc$rtl/logic_normalization_parallel_tree_top.sv:0$1291'.
Creating decoders for process `$paramod$e6d2582358ff6950cc507271baa264b5b8280dfa\logic_normalization_parallel_tree_top.$proc$rtl/logic_normalization_parallel_tree_top.sv:77$1238'.
     1/60: $0\allocation_error_o[0:0]
     2/60: $1$fordecl_block$522.l[31:0]$1247
     3/60: $1$fordecl_block$522.$for_loop$523[3].$fordecl_block$524.n[31:0]$1251
     4/60: $1$fordecl_block$522.$for_loop$523[2].$fordecl_block$524.n[31:0]$1250
     5/60: $1$fordecl_block$522.$for_loop$523[1].$fordecl_block$524.n[31:0]$1249
     6/60: $1$fordecl_block$522.$for_loop$523[0].$fordecl_block$524.n[31:0]$1248
     7/60: $1$fordecl_block$520.l[31:0]$1246
     8/60: $0\eps_pipe_q[63:0] [63:48]
     9/60: $0\invh_pipe_q[63:0] [63:48]
    10/60: $0\tag_pipe_q[63:0] [63:48]
    11/60: $0\mode_pipe_q[3:0] [3]
    12/60: $0\valid_pipe_q[3:0] [3]
    13/60: $0\eps_pipe_q[63:0] [47:32]
    14/60: $0\invh_pipe_q[63:0] [47:32]
    15/60: $0\tag_pipe_q[63:0] [47:32]
    16/60: $0\mode_pipe_q[3:0] [2]
    17/60: $0\valid_pipe_q[3:0] [2]
    18/60: $0\eps_pipe_q[63:0] [31:16]
    19/60: $0\invh_pipe_q[63:0] [31:16]
    20/60: $0\tag_pipe_q[63:0] [31:16]
    21/60: $0\mode_pipe_q[3:0] [1]
    22/60: $0\valid_pipe_q[3:0] [1]
    23/60: $0\eps_pipe_q[63:0] [15:0]
    24/60: $0\invh_pipe_q[63:0] [15:0]
    25/60: $0\tag_pipe_q[63:0] [15:0]
    26/60: $0\mode_pipe_q[3:0] [0]
    27/60: $0\valid_pipe_q[3:0] [0]
    28/60: $0\sumsq_stage_q[48][15:0]
    29/60: $0\sumsq_stage_q[33][15:0]
    30/60: $0\sumsq_stage_q[32][15:0]
    31/60: $0\sumsq_stage_q[19][15:0]
    32/60: $0\sumsq_stage_q[18][15:0]
    33/60: $0\sumsq_stage_q[17][15:0]
    34/60: $0\sumsq_stage_q[16][15:0]
    35/60: $0\sum_stage_q[48][15:0]
    36/60: $0\sum_stage_q[33][15:0]
    37/60: $0\sum_stage_q[32][15:0]
    38/60: $0\sum_stage_q[19][15:0]
    39/60: $0\sum_stage_q[18][15:0]
    40/60: $0\sum_stage_q[17][15:0]
    41/60: $0\sum_stage_q[16][15:0]
    42/60: $0\rsp_rr_q[2:0]
    43/60: $0\alloc_rr_q[2:0]
    44/60: $0\sumsq_stage_q[7][15:0]
    45/60: $0\sumsq_stage_q[6][15:0]
    46/60: $0\sumsq_stage_q[5][15:0]
    47/60: $0\sumsq_stage_q[4][15:0]
    48/60: $0\sumsq_stage_q[3][15:0]
    49/60: $0\sumsq_stage_q[2][15:0]
    50/60: $0\sumsq_stage_q[1][15:0]
    51/60: $0\sumsq_stage_q[0][15:0]
    52/60: $0\sum_stage_q[7][15:0]
    53/60: $0\sum_stage_q[6][15:0]
    54/60: $0\sum_stage_q[5][15:0]
    55/60: $0\sum_stage_q[4][15:0]
    56/60: $0\sum_stage_q[3][15:0]
    57/60: $0\sum_stage_q[2][15:0]
    58/60: $0\sum_stage_q[1][15:0]
    59/60: $0\sum_stage_q[0][15:0]
    60/60: $0\outstanding_q[3:0]
Creating decoders for process `$paramod$e6d2582358ff6950cc507271baa264b5b8280dfa\logic_normalization_parallel_tree_top.$proc$rtl/logic_normalization_parallel_tree_top.sv:51$1105'.
     1/36: $1\e_rsp_r[7:0]
     2/36: $1$bitselwrite$pos$rtl/logic_normalization_parallel_tree_top.sv:74$1100[2:0]$1230
     3/36: $8\rsp_sel[2:0]
     4/36: $8\rsp_found[0:0]
     5/36: $7\rsp_sel[2:0]
     6/36: $7\rsp_found[0:0]
     7/36: $6\rsp_sel[2:0]
     8/36: $6\rsp_found[0:0]
     9/36: $5\rsp_sel[2:0]
    10/36: $5\rsp_found[0:0]
    11/36: $4\rsp_sel[2:0]
    12/36: $4\rsp_found[0:0]
    13/36: $3\rsp_sel[2:0]
    14/36: $3\rsp_found[0:0]
    15/36: $2\rsp_sel[2:0]
    16/36: $2\rsp_found[0:0]
    17/36: $1\rsp_sel[2:0]
    18/36: $1\rsp_found[0:0]
    19/36: $1\e_req_v[7:0]
    20/36: $1$bitselwrite$pos$rtl/logic_normalization_parallel_tree_top.sv:62$1099[2:0]$1167
    21/36: $8\alloc_sel[2:0]
    22/36: $8\alloc_found[0:0]
    23/36: $7\alloc_sel[2:0]
    24/36: $7\alloc_found[0:0]
    25/36: $6\alloc_sel[2:0]
    26/36: $6\alloc_found[0:0]
    27/36: $5\alloc_sel[2:0]
    28/36: $5\alloc_found[0:0]
    29/36: $4\alloc_sel[2:0]
    30/36: $4\alloc_found[0:0]
    31/36: $3\alloc_sel[2:0]
    32/36: $3\alloc_found[0:0]
    33/36: $2\alloc_sel[2:0]
    34/36: $2\alloc_found[0:0]
    35/36: $1\alloc_sel[2:0]
    36/36: $1\alloc_found[0:0]
Creating decoders for process `$paramod\logic_normalization_scalar_engine\TAG_WIDTH=32'00000000000000000000000000010000.$proc$rtl/logic_normalization_scalar_engine.sv:72$998'.
     1/15: $0\argument_q[15:0]
     2/15: $0\variance_q[15:0]
     3/15: $0\mean_square_q[15:0]
     4/15: $0\mean_q[15:0]
     5/15: $0\epsilon_q[15:0]
     6/15: $0\tag_q[15:0]
     7/15: $0\clamped_q[0:0]
     8/15: $0\mode_q[0:0]
     9/15: $0\state_q[2:0]
    10/15: $0\variance_clamped_o[0:0]
    11/15: $0\inv_std_o[15:0]
    12/15: $0\mean_o[15:0]
    13/15: $0\response_tag_o[15:0]
    14/15: $0\response_rms_norm_o[0:0]
    15/15: $0\response_valid_o[0:0]
Creating decoders for process `\fp16_rsqrt_lut256.$proc$rtl/fp16_rsqrt_lut256.sv:73$232'.
     1/97: $7\approximate_rsqrt$func$rtl/fp16_rsqrt_lut256.sv:79$229.lut_value[15:0]$377
     2/97: $7\approximate_rsqrt$func$rtl/fp16_rsqrt_lut256.sv:79$229.even_exponent[7:0]$373
     3/97: $7\approximate_rsqrt$func$rtl/fp16_rsqrt_lut256.sv:79$229.adjusted_mantissa[11:0]$372
     4/97: $17\approximate_rsqrt$func$rtl/fp16_rsqrt_lut256.sv:79$229.leading_one[31:0]$368
     5/97: $16\approximate_rsqrt$func$rtl/fp16_rsqrt_lut256.sv:79$229.leading_one[31:0]$365
     6/97: $15\approximate_rsqrt$func$rtl/fp16_rsqrt_lut256.sv:79$229.leading_one[31:0]$362
     7/97: $14\approximate_rsqrt$func$rtl/fp16_rsqrt_lut256.sv:79$229.leading_one[31:0]$359
     8/97: $13\approximate_rsqrt$func$rtl/fp16_rsqrt_lut256.sv:79$229.leading_one[31:0]$356
     9/97: $12\approximate_rsqrt$func$rtl/fp16_rsqrt_lut256.sv:79$229.leading_one[31:0]$353
    10/97: $11\approximate_rsqrt$func$rtl/fp16_rsqrt_lut256.sv:79$229.leading_one[31:0]$350
    11/97: $10\approximate_rsqrt$func$rtl/fp16_rsqrt_lut256.sv:79$229.leading_one[31:0]$347
    12/97: $9\approximate_rsqrt$func$rtl/fp16_rsqrt_lut256.sv:79$229.leading_one[31:0]$344
    13/97: $8\approximate_rsqrt$func$rtl/fp16_rsqrt_lut256.sv:79$229.leading_one[31:0]$341
    14/97: $7\approximate_rsqrt$func$rtl/fp16_rsqrt_lut256.sv:79$229.unbiased_exponent[7:0]$335
    15/97: $7\approximate_rsqrt$func$rtl/fp16_rsqrt_lut256.sv:79$229.normalized_mantissa[10:0]$334
    16/97: $7\approximate_rsqrt$func$rtl/fp16_rsqrt_lut256.sv:79$229.$fordecl_block$227.bit_index[31:0]$337
    17/97: $7\approximate_rsqrt$func$rtl/fp16_rsqrt_lut256.sv:79$229.leading_one[31:0]$336
    18/97: $6\approximate_rsqrt$func$rtl/fp16_rsqrt_lut256.sv:79$229.$result[15:0]$322
    19/97: $6\approximate_rsqrt$func$rtl/fp16_rsqrt_lut256.sv:79$229.$fordecl_block$227.bit_index[31:0]$332
    20/97: $6\approximate_rsqrt$func$rtl/fp16_rsqrt_lut256.sv:79$229.leading_one[31:0]$331
    21/97: $6\approximate_rsqrt$func$rtl/fp16_rsqrt_lut256.sv:79$229.lut_value[15:0]$330
    22/97: $6\approximate_rsqrt$func$rtl/fp16_rsqrt_lut256.sv:79$229.index[7:0]$329
    23/97: $6\approximate_rsqrt$func$rtl/fp16_rsqrt_lut256.sv:79$229.delta[11:0]$328
    24/97: $6\approximate_rsqrt$func$rtl/fp16_rsqrt_lut256.sv:79$229.output_exponent[8:0]$327
    25/97: $6\approximate_rsqrt$func$rtl/fp16_rsqrt_lut256.sv:79$229.even_exponent[7:0]$326
    26/97: $6\approximate_rsqrt$func$rtl/fp16_rsqrt_lut256.sv:79$229.unbiased_exponent[7:0]$325
    27/97: $6\approximate_rsqrt$func$rtl/fp16_rsqrt_lut256.sv:79$229.adjusted_mantissa[11:0]$324
    28/97: $6\approximate_rsqrt$func$rtl/fp16_rsqrt_lut256.sv:79$229.normalized_mantissa[10:0]$323
    29/97: $5\approximate_rsqrt$func$rtl/fp16_rsqrt_lut256.sv:79$229.$result[15:0]$306
    30/97: $5\approximate_rsqrt$func$rtl/fp16_rsqrt_lut256.sv:79$229.$fordecl_block$227.bit_index[31:0]$316
    31/97: $5\approximate_rsqrt$func$rtl/fp16_rsqrt_lut256.sv:79$229.leading_one[31:0]$315
    32/97: $5\approximate_rsqrt$func$rtl/fp16_rsqrt_lut256.sv:79$229.lut_value[15:0]$314
    33/97: $5\approximate_rsqrt$func$rtl/fp16_rsqrt_lut256.sv:79$229.index[7:0]$313
    34/97: $5\approximate_rsqrt$func$rtl/fp16_rsqrt_lut256.sv:79$229.delta[11:0]$312
    35/97: $5\approximate_rsqrt$func$rtl/fp16_rsqrt_lut256.sv:79$229.output_exponent[8:0]$311
    36/97: $5\approximate_rsqrt$func$rtl/fp16_rsqrt_lut256.sv:79$229.even_exponent[7:0]$310
    37/97: $5\approximate_rsqrt$func$rtl/fp16_rsqrt_lut256.sv:79$229.unbiased_exponent[7:0]$309
    38/97: $5\approximate_rsqrt$func$rtl/fp16_rsqrt_lut256.sv:79$229.adjusted_mantissa[11:0]$308
    39/97: $5\approximate_rsqrt$func$rtl/fp16_rsqrt_lut256.sv:79$229.normalized_mantissa[10:0]$307
    40/97: $4\approximate_rsqrt$func$rtl/fp16_rsqrt_lut256.sv:79$229.$result[15:0]$294
    41/97: $4\approximate_rsqrt$func$rtl/fp16_rsqrt_lut256.sv:79$229.$fordecl_block$227.bit_index[31:0]$304
    42/97: $4\approximate_rsqrt$func$rtl/fp16_rsqrt_lut256.sv:79$229.leading_one[31:0]$303
    43/97: $4\approximate_rsqrt$func$rtl/fp16_rsqrt_lut256.sv:79$229.lut_value[15:0]$302
    44/97: $4\approximate_rsqrt$func$rtl/fp16_rsqrt_lut256.sv:79$229.index[7:0]$301
    45/97: $4\approximate_rsqrt$func$rtl/fp16_rsqrt_lut256.sv:79$229.delta[11:0]$300
    46/97: $4\approximate_rsqrt$func$rtl/fp16_rsqrt_lut256.sv:79$229.output_exponent[8:0]$299
    47/97: $4\approximate_rsqrt$func$rtl/fp16_rsqrt_lut256.sv:79$229.even_exponent[7:0]$298
    48/97: $4\approximate_rsqrt$func$rtl/fp16_rsqrt_lut256.sv:79$229.unbiased_exponent[7:0]$297
    49/97: $4\approximate_rsqrt$func$rtl/fp16_rsqrt_lut256.sv:79$229.adjusted_mantissa[11:0]$296
    50/97: $4\approximate_rsqrt$func$rtl/fp16_rsqrt_lut256.sv:79$229.normalized_mantissa[10:0]$295
    51/97: $3\approximate_rsqrt$func$rtl/fp16_rsqrt_lut256.sv:79$229.$fordecl_block$227.bit_index[31:0]$293
    52/97: $3\approximate_rsqrt$func$rtl/fp16_rsqrt_lut256.sv:79$229.leading_one[31:0]$292
    53/97: $3\approximate_rsqrt$func$rtl/fp16_rsqrt_lut256.sv:79$229.lut_value[15:0]$291
    54/97: $3\approximate_rsqrt$func$rtl/fp16_rsqrt_lut256.sv:79$229.index[7:0]$290
    55/97: $3\approximate_rsqrt$func$rtl/fp16_rsqrt_lut256.sv:79$229.delta[11:0]$289
    56/97: $3\approximate_rsqrt$func$rtl/fp16_rsqrt_lut256.sv:79$229.output_exponent[8:0]$288
    57/97: $3\approximate_rsqrt$func$rtl/fp16_rsqrt_lut256.sv:79$229.even_exponent[7:0]$287
    58/97: $3\approximate_rsqrt$func$rtl/fp16_rsqrt_lut256.sv:79$229.unbiased_exponent[7:0]$286
    59/97: $3\approximate_rsqrt$func$rtl/fp16_rsqrt_lut256.sv:79$229.adjusted_mantissa[11:0]$285
    60/97: $3\approximate_rsqrt$func$rtl/fp16_rsqrt_lut256.sv:79$229.normalized_mantissa[10:0]$284
    61/97: $3\approximate_rsqrt$func$rtl/fp16_rsqrt_lut256.sv:79$229.$result[15:0]$279
    62/97: $3\approximate_rsqrt$func$rtl/fp16_rsqrt_lut256.sv:79$229.fraction[9:0]$283
    63/97: $3\approximate_rsqrt$func$rtl/fp16_rsqrt_lut256.sv:79$229.exponent[4:0]$282
    64/97: $3\approximate_rsqrt$func$rtl/fp16_rsqrt_lut256.sv:79$229.sign[0:0]$281
    65/97: $3\approximate_rsqrt$func$rtl/fp16_rsqrt_lut256.sv:79$229.value[15:0]$280
    66/97: $2\approximate_rsqrt$func$rtl/fp16_rsqrt_lut256.sv:79$229.$fordecl_block$227.bit_index[31:0]$278
    67/97: $2\approximate_rsqrt$func$rtl/fp16_rsqrt_lut256.sv:79$229.leading_one[31:0]$277
    68/97: $2\approximate_rsqrt$func$rtl/fp16_rsqrt_lut256.sv:79$229.lut_value[15:0]$276
    69/97: $2\approximate_rsqrt$func$rtl/fp16_rsqrt_lut256.sv:79$229.index[7:0]$275
    70/97: $2\approximate_rsqrt$func$rtl/fp16_rsqrt_lut256.sv:79$229.delta[11:0]$274
    71/97: $2\approximate_rsqrt$func$rtl/fp16_rsqrt_lut256.sv:79$229.output_exponent[8:0]$273
    72/97: $2\approximate_rsqrt$func$rtl/fp16_rsqrt_lut256.sv:79$229.even_exponent[7:0]$272
    73/97: $2\approximate_rsqrt$func$rtl/fp16_rsqrt_lut256.sv:79$229.unbiased_exponent[7:0]$271
    74/97: $2\approximate_rsqrt$func$rtl/fp16_rsqrt_lut256.sv:79$229.adjusted_mantissa[11:0]$270
    75/97: $2\approximate_rsqrt$func$rtl/fp16_rsqrt_lut256.sv:79$229.normalized_mantissa[10:0]$269
    76/97: $2\approximate_rsqrt$func$rtl/fp16_rsqrt_lut256.sv:79$229.fraction[9:0]$268
    77/97: $2\approximate_rsqrt$func$rtl/fp16_rsqrt_lut256.sv:79$229.exponent[4:0]$267
    78/97: $2\approximate_rsqrt$func$rtl/fp16_rsqrt_lut256.sv:79$229.sign[0:0]$266
    79/97: $2\approximate_rsqrt$func$rtl/fp16_rsqrt_lut256.sv:79$229.value[15:0]$265
    80/97: $2\approximate_rsqrt$func$rtl/fp16_rsqrt_lut256.sv:79$229.$result[15:0]$264
    81/97: $1\approximate_rsqrt$func$rtl/fp16_rsqrt_lut256.sv:79$229.$fordecl_block$227.bit_index[31:0]$263
    82/97: $1\approximate_rsqrt$func$rtl/fp16_rsqrt_lut256.sv:79$229.leading_one[31:0]$262
    83/97: $1\approximate_rsqrt$func$rtl/fp16_rsqrt_lut256.sv:79$229.lut_value[15:0]$261
    84/97: $1\approximate_rsqrt$func$rtl/fp16_rsqrt_lut256.sv:79$229.index[7:0]$260
    85/97: $1\approximate_rsqrt$func$rtl/fp16_rsqrt_lut256.sv:79$229.delta[11:0]$259
    86/97: $1\approximate_rsqrt$func$rtl/fp16_rsqrt_lut256.sv:79$229.output_exponent[8:0]$258
    87/97: $1\approximate_rsqrt$func$rtl/fp16_rsqrt_lut256.sv:79$229.even_exponent[7:0]$257
    88/97: $1\approximate_rsqrt$func$rtl/fp16_rsqrt_lut256.sv:79$229.unbiased_exponent[7:0]$256
    89/97: $1\approximate_rsqrt$func$rtl/fp16_rsqrt_lut256.sv:79$229.adjusted_mantissa[11:0]$255
    90/97: $1\approximate_rsqrt$func$rtl/fp16_rsqrt_lut256.sv:79$229.normalized_mantissa[10:0]$254
    91/97: $1\approximate_rsqrt$func$rtl/fp16_rsqrt_lut256.sv:79$229.fraction[9:0]$253
    92/97: $1\approximate_rsqrt$func$rtl/fp16_rsqrt_lut256.sv:79$229.exponent[4:0]$252
    93/97: $1\approximate_rsqrt$func$rtl/fp16_rsqrt_lut256.sv:79$229.sign[0:0]$251
    94/97: $1\approximate_rsqrt$func$rtl/fp16_rsqrt_lut256.sv:79$229.value[15:0]$250
    95/97: $1\approximate_rsqrt$func$rtl/fp16_rsqrt_lut256.sv:79$229.$result[15:0]$249
    96/97: $0\output_data_o[15:0]
    97/97: $0\output_valid_o[0:0]
Creating decoders for process `\fp16_mul.$proc$rtl/fp16_mul.sv:16$143'.
     1/68: $7\result_o[15:0]
     2/68: $8\rounded_wide[63:0]
     3/68: $7\round_up[0:0]
     4/68: $7\low_mask[63:0]
     5/68: $6\result_o[15:0]
     6/68: $6\result_exp_field[4:0]
     7/68: $6\exponent[31:0]
     8/68: $7\rounded_wide[63:0]
     9/68: $6\rounded_wide[63:0]
    10/68: $6\round_up[0:0]
    11/68: $6\low_mask[63:0]
    12/68: $5\result_exp_field[4:0]
    13/68: $5\result_o[15:0]
    14/68: $5\exponent[31:0]
    15/68: $5\rounded_wide[63:0]
    16/68: $5\low_mask[63:0]
    17/68: $5\round_up[0:0]
    18/68: $5\shift_amount[31:0]
    19/68: $4\result_o[15:0]
    20/68: $4\exponent[31:0]
    21/68: $4\result_exp_field[4:0]
    22/68: $4\low_mask[63:0]
    23/68: $4\rounded_wide[63:0]
    24/68: $4\shift_amount[31:0]
    25/68: $4\round_up[0:0]
    26/68: $3\result_o[15:0]
    27/68: $3\exponent[31:0]
    28/68: $3\result_exp_field[4:0]
    29/68: $3\low_mask[63:0]
    30/68: $3\rounded_wide[63:0]
    31/68: $3\shift_amount[31:0]
    32/68: $3\round_up[0:0]
    33/68: $2\result_o[15:0]
    34/68: $2\exponent[31:0]
    35/68: $2\result_exp_field[4:0]
    36/68: $2\low_mask[63:0]
    37/68: $2\rounded_wide[63:0]
    38/68: $2\shift_amount[31:0]
    39/68: $2\round_up[0:0]
    40/68: $1\result_o[15:0]
    41/68: $1\exponent[31:0]
    42/68: $1\result_exp_field[4:0]
    43/68: $1\low_mask[63:0]
    44/68: $1\rounded_wide[63:0]
    45/68: $1\shift_amount[31:0]
    46/68: $1\round_up[0:0]
    47/68: $22\msb_index[31:0]
    48/68: $21\msb_index[31:0]
    49/68: $20\msb_index[31:0]
    50/68: $19\msb_index[31:0]
    51/68: $18\msb_index[31:0]
    52/68: $17\msb_index[31:0]
    53/68: $16\msb_index[31:0]
    54/68: $15\msb_index[31:0]
    55/68: $14\msb_index[31:0]
    56/68: $13\msb_index[31:0]
    57/68: $12\msb_index[31:0]
    58/68: $11\msb_index[31:0]
    59/68: $10\msb_index[31:0]
    60/68: $9\msb_index[31:0]
    61/68: $8\msb_index[31:0]
    62/68: $7\msb_index[31:0]
    63/68: $6\msb_index[31:0]
    64/68: $5\msb_index[31:0]
    65/68: $4\msb_index[31:0]
    66/68: $3\msb_index[31:0]
    67/68: $2\msb_index[31:0]
    68/68: $1\msb_index[31:0]
Creating decoders for process `\fp16_add.$proc$rtl/fp16_add.sv:28$3'.
     1/53: $7\result_o[15:0]
     2/53: $6\result_o[15:0]
     3/53: $5\result_o[15:0]
     4/53: $4\result_o[15:0]
     5/53: $3\result_o[15:0]
     6/53: $2\result_o[15:0]
     7/53: $1\result_o[15:0]
     8/53: $16\result_exp[31:0]
     9/53: $1\rounded_sig[11:0]
    10/53: $15\result_exp[31:0]
    11/53: $15\magnitude_ext[13:0]
    12/53: $14\result_exp[31:0]
    13/53: $14\magnitude_ext[13:0]
    14/53: $13\result_exp[31:0]
    15/53: $13\magnitude_ext[13:0]
    16/53: $12\result_exp[31:0]
    17/53: $12\magnitude_ext[13:0]
    18/53: $11\result_exp[31:0]
    19/53: $11\magnitude_ext[13:0]
    20/53: $10\result_exp[31:0]
    21/53: $10\magnitude_ext[13:0]
    22/53: $9\result_exp[31:0]
    23/53: $9\magnitude_ext[13:0]
    24/53: $8\result_exp[31:0]
    25/53: $8\magnitude_ext[13:0]
    26/53: $7\result_exp[31:0]
    27/53: $7\magnitude_ext[13:0]
    28/53: $6\result_exp[31:0]
    29/53: $6\magnitude_ext[13:0]
    30/53: $5\result_exp[31:0]
    31/53: $5\magnitude_ext[13:0]
    32/53: $4\result_exp[31:0]
    33/53: $4\magnitude_ext[13:0]
    34/53: $3\result_exp[31:0]
    35/53: $3\magnitude_ext[13:0]
    36/53: $2\magnitude_ext[13:0] [13:1]
    37/53: $2\result_exp[31:0]
    38/53: $2\magnitude_ext[13:0] [0]
    39/53: $1\result_exp[31:0]
    40/53: $1\magnitude_ext[13:0]
    41/53: $1\add_ext[14:0]
    42/53: $1\normalize_step[31:0]
    43/53: $2\shift_right_sticky$func$rtl/fp16_add.sv:47$2.$result[13:0]$28 [13:1]
    44/53: $2\shift_right_sticky$func$rtl/fp16_add.sv:47$2.$result[13:0]$28 [0]
    45/53: $2\shift_right_sticky$func$rtl/fp16_add.sv:47$2.sticky[0:0]$29
    46/53: $1\shift_right_sticky$func$rtl/fp16_add.sv:47$2.$result[13:0]$25
    47/53: $1\shift_right_sticky$func$rtl/fp16_add.sv:47$2.sticky[0:0]$26
    48/53: $1\small_sig[10:0]
    49/53: $1\large_sig[10:0]
    50/53: $1\small_exp[4:0]
    51/53: $1\large_exp[4:0]
    52/53: $1\small_sign[0:0]
    53/53: $1\large_sign[0:0]

13.2.8. Executing PROC_DLATCH pass (convert process syncs to latches).
No latch inferred for signal `\hierarchical_normalization_streaming_top.\config_ready_o' from process `\hierarchical_normalization_streaming_top.$proc$rtl/hierarchical_normalization_streaming_top.sv:29$931'.
No latch inferred for signal `\hierarchical_normalization_streaming_top.\config_fire' from process `\hierarchical_normalization_streaming_top.$proc$rtl/hierarchical_normalization_streaming_top.sv:29$931'.
No latch inferred for signal `\hierarchical_normalization_streaming_top.\bank_begin_v' from process `\hierarchical_normalization_streaming_top.$proc$rtl/hierarchical_normalization_streaming_top.sv:29$931'.
No latch inferred for signal `\hierarchical_normalization_streaming_top.\config_all_ready' from process `\hierarchical_normalization_streaming_top.$proc$rtl/hierarchical_normalization_streaming_top.sv:29$931'.
No latch inferred for signal `\hierarchical_normalization_streaming_top.$fordecl_block$874.b' from process `\hierarchical_normalization_streaming_top.$proc$rtl/hierarchical_normalization_streaming_top.sv:29$931'.
No latch inferred for signal `\hierarchical_normalization_streaming_top.$fordecl_block$876.b' from process `\hierarchical_normalization_streaming_top.$proc$rtl/hierarchical_normalization_streaming_top.sv:29$931'.
No latch inferred for signal `$paramod$7f46819eecda06228f84979737259751ccd53663\bank_normalization_multirow_vector_reducer.\sum_stage_d[0]' from process `$paramod$7f46819eecda06228f84979737259751ccd53663\bank_normalization_multirow_vector_reducer.$proc$rtl/bank_normalization_multirow_vector_reducer.sv:0$1448'.
No latch inferred for signal `$paramod$7f46819eecda06228f84979737259751ccd53663\bank_normalization_multirow_vector_reducer.\sum_stage_d[1]' from process `$paramod$7f46819eecda06228f84979737259751ccd53663\bank_normalization_multirow_vector_reducer.$proc$rtl/bank_normalization_multirow_vector_reducer.sv:0$1448'.
No latch inferred for signal `$paramod$7f46819eecda06228f84979737259751ccd53663\bank_normalization_multirow_vector_reducer.\sum_stage_d[4]' from process `$paramod$7f46819eecda06228f84979737259751ccd53663\bank_normalization_multirow_vector_reducer.$proc$rtl/bank_normalization_multirow_vector_reducer.sv:0$1448'.
No latch inferred for signal `$paramod$7f46819eecda06228f84979737259751ccd53663\bank_normalization_multirow_vector_reducer.\sumsq_stage_d[0]' from process `$paramod$7f46819eecda06228f84979737259751ccd53663\bank_normalization_multirow_vector_reducer.$proc$rtl/bank_normalization_multirow_vector_reducer.sv:0$1448'.
No latch inferred for signal `$paramod$7f46819eecda06228f84979737259751ccd53663\bank_normalization_multirow_vector_reducer.\sumsq_stage_d[1]' from process `$paramod$7f46819eecda06228f84979737259751ccd53663\bank_normalization_multirow_vector_reducer.$proc$rtl/bank_normalization_multirow_vector_reducer.sv:0$1448'.
No latch inferred for signal `$paramod$7f46819eecda06228f84979737259751ccd53663\bank_normalization_multirow_vector_reducer.\sumsq_stage_d[4]' from process `$paramod$7f46819eecda06228f84979737259751ccd53663\bank_normalization_multirow_vector_reducer.$proc$rtl/bank_normalization_multirow_vector_reducer.sv:0$1448'.
No latch inferred for signal `$paramod$7f46819eecda06228f84979737259751ccd53663\bank_normalization_multirow_vector_reducer.$mem2reg_rd$\fifo_sumsq_q$rtl/bank_normalization_multirow_vector_reducer.sv:49$1377_DATA' from process `$paramod$7f46819eecda06228f84979737259751ccd53663\bank_normalization_multirow_vector_reducer.$proc$rtl/bank_normalization_multirow_vector_reducer.sv:0$1445'.
No latch inferred for signal `$paramod$7f46819eecda06228f84979737259751ccd53663\bank_normalization_multirow_vector_reducer.$mem2reg_rd$\fifo_sum_q$rtl/bank_normalization_multirow_vector_reducer.sv:48$1376_DATA' from process `$paramod$7f46819eecda06228f84979737259751ccd53663\bank_normalization_multirow_vector_reducer.$proc$rtl/bank_normalization_multirow_vector_reducer.sv:0$1442'.
No latch inferred for signal `$paramod$7f46819eecda06228f84979737259751ccd53663\bank_normalization_multirow_vector_reducer.$mem2reg_rd$\fifo_tag_q$rtl/bank_normalization_multirow_vector_reducer.sv:47$1375_DATA' from process `$paramod$7f46819eecda06228f84979737259751ccd53663\bank_normalization_multirow_vector_reducer.$proc$rtl/bank_normalization_multirow_vector_reducer.sv:0$1439'.
No latch inferred for signal `$paramod$865746d0c425e5bff1afb43fc0ca954cd0aab93f\logic_normalization_bank_barrier.\row_fire' from process `$paramod$865746d0c425e5bff1afb43fc0ca954cd0aab93f\logic_normalization_bank_barrier.$proc$rtl/logic_normalization_bank_barrier.sv:25$1292'.
No latch inferred for signal `$paramod$865746d0c425e5bff1afb43fc0ca954cd0aab93f\logic_normalization_bank_barrier.\config_ready_o' from process `$paramod$865746d0c425e5bff1afb43fc0ca954cd0aab93f\logic_normalization_bank_barrier.$proc$rtl/logic_normalization_bank_barrier.sv:25$1292'.
No latch inferred for signal `$paramod$865746d0c425e5bff1afb43fc0ca954cd0aab93f\logic_normalization_bank_barrier.\bank_ready_o' from process `$paramod$865746d0c425e5bff1afb43fc0ca954cd0aab93f\logic_normalization_bank_barrier.$proc$rtl/logic_normalization_bank_barrier.sv:25$1292'.
No latch inferred for signal `$paramod$865746d0c425e5bff1afb43fc0ca954cd0aab93f\logic_normalization_bank_barrier.\row_valid_o' from process `$paramod$865746d0c425e5bff1afb43fc0ca954cd0aab93f\logic_normalization_bank_barrier.$proc$rtl/logic_normalization_bank_barrier.sv:25$1292'.
No latch inferred for signal `$paramod$865746d0c425e5bff1afb43fc0ca954cd0aab93f\logic_normalization_bank_barrier.\row_rms_norm_o' from process `$paramod$865746d0c425e5bff1afb43fc0ca954cd0aab93f\logic_normalization_bank_barrier.$proc$rtl/logic_normalization_bank_barrier.sv:25$1292'.
No latch inferred for signal `$paramod$865746d0c425e5bff1afb43fc0ca954cd0aab93f\logic_normalization_bank_barrier.\row_tag_o' from process `$paramod$865746d0c425e5bff1afb43fc0ca954cd0aab93f\logic_normalization_bank_barrier.$proc$rtl/logic_normalization_bank_barrier.sv:25$1292'.
No latch inferred for signal `$paramod$865746d0c425e5bff1afb43fc0ca954cd0aab93f\logic_normalization_bank_barrier.\row_bank_mask_o' from process `$paramod$865746d0c425e5bff1afb43fc0ca954cd0aab93f\logic_normalization_bank_barrier.$proc$rtl/logic_normalization_bank_barrier.sv:25$1292'.
No latch inferred for signal `$paramod$865746d0c425e5bff1afb43fc0ca954cd0aab93f\logic_normalization_bank_barrier.\row_partial_sum_o' from process `$paramod$865746d0c425e5bff1afb43fc0ca954cd0aab93f\logic_normalization_bank_barrier.$proc$rtl/logic_normalization_bank_barrier.sv:25$1292'.
No latch inferred for signal `$paramod$865746d0c425e5bff1afb43fc0ca954cd0aab93f\logic_normalization_bank_barrier.\row_partial_sumsq_o' from process `$paramod$865746d0c425e5bff1afb43fc0ca954cd0aab93f\logic_normalization_bank_barrier.$proc$rtl/logic_normalization_bank_barrier.sv:25$1292'.
No latch inferred for signal `$paramod$865746d0c425e5bff1afb43fc0ca954cd0aab93f\logic_normalization_bank_barrier.\row_inv_hidden_o' from process `$paramod$865746d0c425e5bff1afb43fc0ca954cd0aab93f\logic_normalization_bank_barrier.$proc$rtl/logic_normalization_bank_barrier.sv:25$1292'.
No latch inferred for signal `$paramod$865746d0c425e5bff1afb43fc0ca954cd0aab93f\logic_normalization_bank_barrier.\row_epsilon_o' from process `$paramod$865746d0c425e5bff1afb43fc0ca954cd0aab93f\logic_normalization_bank_barrier.$proc$rtl/logic_normalization_bank_barrier.sv:25$1292'.
No latch inferred for signal `$paramod$865746d0c425e5bff1afb43fc0ca954cd0aab93f\logic_normalization_bank_barrier.\tag_mismatch_error_o' from process `$paramod$865746d0c425e5bff1afb43fc0ca954cd0aab93f\logic_normalization_bank_barrier.$proc$rtl/logic_normalization_bank_barrier.sv:25$1292'.
No latch inferred for signal `$paramod$865746d0c425e5bff1afb43fc0ca954cd0aab93f\logic_normalization_bank_barrier.\unexpected_bank_error_o' from process `$paramod$865746d0c425e5bff1afb43fc0ca954cd0aab93f\logic_normalization_bank_barrier.$proc$rtl/logic_normalization_bank_barrier.sv:25$1292'.
No latch inferred for signal `$paramod$865746d0c425e5bff1afb43fc0ca954cd0aab93f\logic_normalization_bank_barrier.\all_present' from process `$paramod$865746d0c425e5bff1afb43fc0ca954cd0aab93f\logic_normalization_bank_barrier.$proc$rtl/logic_normalization_bank_barrier.sv:25$1292'.
No latch inferred for signal `$paramod$865746d0c425e5bff1afb43fc0ca954cd0aab93f\logic_normalization_bank_barrier.\tags_match' from process `$paramod$865746d0c425e5bff1afb43fc0ca954cd0aab93f\logic_normalization_bank_barrier.$proc$rtl/logic_normalization_bank_barrier.sv:25$1292'.
No latch inferred for signal `$paramod$865746d0c425e5bff1afb43fc0ca954cd0aab93f\logic_normalization_bank_barrier.\config_fire' from process `$paramod$865746d0c425e5bff1afb43fc0ca954cd0aab93f\logic_normalization_bank_barrier.$proc$rtl/logic_normalization_bank_barrier.sv:25$1292'.
No latch inferred for signal `$paramod$865746d0c425e5bff1afb43fc0ca954cd0aab93f\logic_normalization_bank_barrier.$fordecl_block$809.b' from process `$paramod$865746d0c425e5bff1afb43fc0ca954cd0aab93f\logic_normalization_bank_barrier.$proc$rtl/logic_normalization_bank_barrier.sv:25$1292'.
No latch inferred for signal `$paramod$e6d2582358ff6950cc507271baa264b5b8280dfa\logic_normalization_parallel_tree_top.\sum_stage_d[0]' from process `$paramod$e6d2582358ff6950cc507271baa264b5b8280dfa\logic_normalization_parallel_tree_top.$proc$rtl/logic_normalization_parallel_tree_top.sv:0$1291'.
No latch inferred for signal `$paramod$e6d2582358ff6950cc507271baa264b5b8280dfa\logic_normalization_parallel_tree_top.\sum_stage_d[1]' from process `$paramod$e6d2582358ff6950cc507271baa264b5b8280dfa\logic_normalization_parallel_tree_top.$proc$rtl/logic_normalization_parallel_tree_top.sv:0$1291'.
No latch inferred for signal `$paramod$e6d2582358ff6950cc507271baa264b5b8280dfa\logic_normalization_parallel_tree_top.\sum_stage_d[2]' from process `$paramod$e6d2582358ff6950cc507271baa264b5b8280dfa\logic_normalization_parallel_tree_top.$proc$rtl/logic_normalization_parallel_tree_top.sv:0$1291'.
No latch inferred for signal `$paramod$e6d2582358ff6950cc507271baa264b5b8280dfa\logic_normalization_parallel_tree_top.\sum_stage_d[3]' from process `$paramod$e6d2582358ff6950cc507271baa264b5b8280dfa\logic_normalization_parallel_tree_top.$proc$rtl/logic_normalization_parallel_tree_top.sv:0$1291'.
No latch inferred for signal `$paramod$e6d2582358ff6950cc507271baa264b5b8280dfa\logic_normalization_parallel_tree_top.\sum_stage_d[4]' from process `$paramod$e6d2582358ff6950cc507271baa264b5b8280dfa\logic_normalization_parallel_tree_top.$proc$rtl/logic_normalization_parallel_tree_top.sv:0$1291'.
No latch inferred for signal `$paramod$e6d2582358ff6950cc507271baa264b5b8280dfa\logic_normalization_parallel_tree_top.\sum_stage_d[5]' from process `$paramod$e6d2582358ff6950cc507271baa264b5b8280dfa\logic_normalization_parallel_tree_top.$proc$rtl/logic_normalization_parallel_tree_top.sv:0$1291'.
No latch inferred for signal `$paramod$e6d2582358ff6950cc507271baa264b5b8280dfa\logic_normalization_parallel_tree_top.\sum_stage_d[6]' from process `$paramod$e6d2582358ff6950cc507271baa264b5b8280dfa\logic_normalization_parallel_tree_top.$proc$rtl/logic_normalization_parallel_tree_top.sv:0$1291'.
No latch inferred for signal `$paramod$e6d2582358ff6950cc507271baa264b5b8280dfa\logic_normalization_parallel_tree_top.\sum_stage_d[7]' from process `$paramod$e6d2582358ff6950cc507271baa264b5b8280dfa\logic_normalization_parallel_tree_top.$proc$rtl/logic_normalization_parallel_tree_top.sv:0$1291'.
No latch inferred for signal `$paramod$e6d2582358ff6950cc507271baa264b5b8280dfa\logic_normalization_parallel_tree_top.\sumsq_stage_d[0]' from process `$paramod$e6d2582358ff6950cc507271baa264b5b8280dfa\logic_normalization_parallel_tree_top.$proc$rtl/logic_normalization_parallel_tree_top.sv:0$1291'.
No latch inferred for signal `$paramod$e6d2582358ff6950cc507271baa264b5b8280dfa\logic_normalization_parallel_tree_top.\sumsq_stage_d[1]' from process `$paramod$e6d2582358ff6950cc507271baa264b5b8280dfa\logic_normalization_parallel_tree_top.$proc$rtl/logic_normalization_parallel_tree_top.sv:0$1291'.
No latch inferred for signal `$paramod$e6d2582358ff6950cc507271baa264b5b8280dfa\logic_normalization_parallel_tree_top.\sumsq_stage_d[2]' from process `$paramod$e6d2582358ff6950cc507271baa264b5b8280dfa\logic_normalization_parallel_tree_top.$proc$rtl/logic_normalization_parallel_tree_top.sv:0$1291'.
No latch inferred for signal `$paramod$e6d2582358ff6950cc507271baa264b5b8280dfa\logic_normalization_parallel_tree_top.\sumsq_stage_d[3]' from process `$paramod$e6d2582358ff6950cc507271baa264b5b8280dfa\logic_normalization_parallel_tree_top.$proc$rtl/logic_normalization_parallel_tree_top.sv:0$1291'.
No latch inferred for signal `$paramod$e6d2582358ff6950cc507271baa264b5b8280dfa\logic_normalization_parallel_tree_top.\sumsq_stage_d[4]' from process `$paramod$e6d2582358ff6950cc507271baa264b5b8280dfa\logic_normalization_parallel_tree_top.$proc$rtl/logic_normalization_parallel_tree_top.sv:0$1291'.
No latch inferred for signal `$paramod$e6d2582358ff6950cc507271baa264b5b8280dfa\logic_normalization_parallel_tree_top.\sumsq_stage_d[5]' from process `$paramod$e6d2582358ff6950cc507271baa264b5b8280dfa\logic_normalization_parallel_tree_top.$proc$rtl/logic_normalization_parallel_tree_top.sv:0$1291'.
No latch inferred for signal `$paramod$e6d2582358ff6950cc507271baa264b5b8280dfa\logic_normalization_parallel_tree_top.\sumsq_stage_d[6]' from process `$paramod$e6d2582358ff6950cc507271baa264b5b8280dfa\logic_normalization_parallel_tree_top.$proc$rtl/logic_normalization_parallel_tree_top.sv:0$1291'.
No latch inferred for signal `$paramod$e6d2582358ff6950cc507271baa264b5b8280dfa\logic_normalization_parallel_tree_top.\sumsq_stage_d[7]' from process `$paramod$e6d2582358ff6950cc507271baa264b5b8280dfa\logic_normalization_parallel_tree_top.$proc$rtl/logic_normalization_parallel_tree_top.sv:0$1291'.
No latch inferred for signal `$paramod$e6d2582358ff6950cc507271baa264b5b8280dfa\logic_normalization_parallel_tree_top.\sum_stage_d[16]' from process `$paramod$e6d2582358ff6950cc507271baa264b5b8280dfa\logic_normalization_parallel_tree_top.$proc$rtl/logic_normalization_parallel_tree_top.sv:0$1291'.
No latch inferred for signal `$paramod$e6d2582358ff6950cc507271baa264b5b8280dfa\logic_normalization_parallel_tree_top.\sum_stage_d[17]' from process `$paramod$e6d2582358ff6950cc507271baa264b5b8280dfa\logic_normalization_parallel_tree_top.$proc$rtl/logic_normalization_parallel_tree_top.sv:0$1291'.
No latch inferred for signal `$paramod$e6d2582358ff6950cc507271baa264b5b8280dfa\logic_normalization_parallel_tree_top.\sum_stage_d[18]' from process `$paramod$e6d2582358ff6950cc507271baa264b5b8280dfa\logic_normalization_parallel_tree_top.$proc$rtl/logic_normalization_parallel_tree_top.sv:0$1291'.
No latch inferred for signal `$paramod$e6d2582358ff6950cc507271baa264b5b8280dfa\logic_normalization_parallel_tree_top.\sum_stage_d[19]' from process `$paramod$e6d2582358ff6950cc507271baa264b5b8280dfa\logic_normalization_parallel_tree_top.$proc$rtl/logic_normalization_parallel_tree_top.sv:0$1291'.
No latch inferred for signal `$paramod$e6d2582358ff6950cc507271baa264b5b8280dfa\logic_normalization_parallel_tree_top.\sum_stage_d[32]' from process `$paramod$e6d2582358ff6950cc507271baa264b5b8280dfa\logic_normalization_parallel_tree_top.$proc$rtl/logic_normalization_parallel_tree_top.sv:0$1291'.
No latch inferred for signal `$paramod$e6d2582358ff6950cc507271baa264b5b8280dfa\logic_normalization_parallel_tree_top.\sum_stage_d[33]' from process `$paramod$e6d2582358ff6950cc507271baa264b5b8280dfa\logic_normalization_parallel_tree_top.$proc$rtl/logic_normalization_parallel_tree_top.sv:0$1291'.
No latch inferred for signal `$paramod$e6d2582358ff6950cc507271baa264b5b8280dfa\logic_normalization_parallel_tree_top.\sum_stage_d[48]' from process `$paramod$e6d2582358ff6950cc507271baa264b5b8280dfa\logic_normalization_parallel_tree_top.$proc$rtl/logic_normalization_parallel_tree_top.sv:0$1291'.
No latch inferred for signal `$paramod$e6d2582358ff6950cc507271baa264b5b8280dfa\logic_normalization_parallel_tree_top.\sumsq_stage_d[16]' from process `$paramod$e6d2582358ff6950cc507271baa264b5b8280dfa\logic_normalization_parallel_tree_top.$proc$rtl/logic_normalization_parallel_tree_top.sv:0$1291'.
No latch inferred for signal `$paramod$e6d2582358ff6950cc507271baa264b5b8280dfa\logic_normalization_parallel_tree_top.\sumsq_stage_d[17]' from process `$paramod$e6d2582358ff6950cc507271baa264b5b8280dfa\logic_normalization_parallel_tree_top.$proc$rtl/logic_normalization_parallel_tree_top.sv:0$1291'.
No latch inferred for signal `$paramod$e6d2582358ff6950cc507271baa264b5b8280dfa\logic_normalization_parallel_tree_top.\sumsq_stage_d[18]' from process `$paramod$e6d2582358ff6950cc507271baa264b5b8280dfa\logic_normalization_parallel_tree_top.$proc$rtl/logic_normalization_parallel_tree_top.sv:0$1291'.
No latch inferred for signal `$paramod$e6d2582358ff6950cc507271baa264b5b8280dfa\logic_normalization_parallel_tree_top.\sumsq_stage_d[19]' from process `$paramod$e6d2582358ff6950cc507271baa264b5b8280dfa\logic_normalization_parallel_tree_top.$proc$rtl/logic_normalization_parallel_tree_top.sv:0$1291'.
No latch inferred for signal `$paramod$e6d2582358ff6950cc507271baa264b5b8280dfa\logic_normalization_parallel_tree_top.\sumsq_stage_d[32]' from process `$paramod$e6d2582358ff6950cc507271baa264b5b8280dfa\logic_normalization_parallel_tree_top.$proc$rtl/logic_normalization_parallel_tree_top.sv:0$1291'.
No latch inferred for signal `$paramod$e6d2582358ff6950cc507271baa264b5b8280dfa\logic_normalization_parallel_tree_top.\sumsq_stage_d[33]' from process `$paramod$e6d2582358ff6950cc507271baa264b5b8280dfa\logic_normalization_parallel_tree_top.$proc$rtl/logic_normalization_parallel_tree_top.sv:0$1291'.
No latch inferred for signal `$paramod$e6d2582358ff6950cc507271baa264b5b8280dfa\logic_normalization_parallel_tree_top.\sumsq_stage_d[48]' from process `$paramod$e6d2582358ff6950cc507271baa264b5b8280dfa\logic_normalization_parallel_tree_top.$proc$rtl/logic_normalization_parallel_tree_top.sv:0$1291'.
No latch inferred for signal `$paramod$e6d2582358ff6950cc507271baa264b5b8280dfa\logic_normalization_parallel_tree_top.\response_valid_o' from process `$paramod$e6d2582358ff6950cc507271baa264b5b8280dfa\logic_normalization_parallel_tree_top.$proc$rtl/logic_normalization_parallel_tree_top.sv:51$1105'.
No latch inferred for signal `$paramod$e6d2582358ff6950cc507271baa264b5b8280dfa\logic_normalization_parallel_tree_top.\response_rms_norm_o' from process `$paramod$e6d2582358ff6950cc507271baa264b5b8280dfa\logic_normalization_parallel_tree_top.$proc$rtl/logic_normalization_parallel_tree_top.sv:51$1105'.
No latch inferred for signal `$paramod$e6d2582358ff6950cc507271baa264b5b8280dfa\logic_normalization_parallel_tree_top.\response_tag_o' from process `$paramod$e6d2582358ff6950cc507271baa264b5b8280dfa\logic_normalization_parallel_tree_top.$proc$rtl/logic_normalization_parallel_tree_top.sv:51$1105'.
No latch inferred for signal `$paramod$e6d2582358ff6950cc507271baa264b5b8280dfa\logic_normalization_parallel_tree_top.\response_mean_o' from process `$paramod$e6d2582358ff6950cc507271baa264b5b8280dfa\logic_normalization_parallel_tree_top.$proc$rtl/logic_normalization_parallel_tree_top.sv:51$1105'.
No latch inferred for signal `$paramod$e6d2582358ff6950cc507271baa264b5b8280dfa\logic_normalization_parallel_tree_top.\response_inv_std_o' from process `$paramod$e6d2582358ff6950cc507271baa264b5b8280dfa\logic_normalization_parallel_tree_top.$proc$rtl/logic_normalization_parallel_tree_top.sv:51$1105'.
No latch inferred for signal `$paramod$e6d2582358ff6950cc507271baa264b5b8280dfa\logic_normalization_parallel_tree_top.\response_variance_clamped_o' from process `$paramod$e6d2582358ff6950cc507271baa264b5b8280dfa\logic_normalization_parallel_tree_top.$proc$rtl/logic_normalization_parallel_tree_top.sv:51$1105'.
No latch inferred for signal `$paramod$e6d2582358ff6950cc507271baa264b5b8280dfa\logic_normalization_parallel_tree_top.\e_req_v' from process `$paramod$e6d2582358ff6950cc507271baa264b5b8280dfa\logic_normalization_parallel_tree_top.$proc$rtl/logic_normalization_parallel_tree_top.sv:51$1105'.
No latch inferred for signal `$paramod$e6d2582358ff6950cc507271baa264b5b8280dfa\logic_normalization_parallel_tree_top.\e_req_mode' from process `$paramod$e6d2582358ff6950cc507271baa264b5b8280dfa\logic_normalization_parallel_tree_top.$proc$rtl/logic_normalization_parallel_tree_top.sv:51$1105'.
No latch inferred for signal `$paramod$e6d2582358ff6950cc507271baa264b5b8280dfa\logic_normalization_parallel_tree_top.\e_rsp_r' from process `$paramod$e6d2582358ff6950cc507271baa264b5b8280dfa\logic_normalization_parallel_tree_top.$proc$rtl/logic_normalization_parallel_tree_top.sv:51$1105'.
No latch inferred for signal `$paramod$e6d2582358ff6950cc507271baa264b5b8280dfa\logic_normalization_parallel_tree_top.\e_req_tag' from process `$paramod$e6d2582358ff6950cc507271baa264b5b8280dfa\logic_normalization_parallel_tree_top.$proc$rtl/logic_normalization_parallel_tree_top.sv:51$1105'.
No latch inferred for signal `$paramod$e6d2582358ff6950cc507271baa264b5b8280dfa\logic_normalization_parallel_tree_top.\e_req_sum' from process `$paramod$e6d2582358ff6950cc507271baa264b5b8280dfa\logic_normalization_parallel_tree_top.$proc$rtl/logic_normalization_parallel_tree_top.sv:51$1105'.
No latch inferred for signal `$paramod$e6d2582358ff6950cc507271baa264b5b8280dfa\logic_normalization_parallel_tree_top.\e_req_sumsq' from process `$paramod$e6d2582358ff6950cc507271baa264b5b8280dfa\logic_normalization_parallel_tree_top.$proc$rtl/logic_normalization_parallel_tree_top.sv:51$1105'.
No latch inferred for signal `$paramod$e6d2582358ff6950cc507271baa264b5b8280dfa\logic_normalization_parallel_tree_top.\e_req_invh' from process `$paramod$e6d2582358ff6950cc507271baa264b5b8280dfa\logic_normalization_parallel_tree_top.$proc$rtl/logic_normalization_parallel_tree_top.sv:51$1105'.
No latch inferred for signal `$paramod$e6d2582358ff6950cc507271baa264b5b8280dfa\logic_normalization_parallel_tree_top.\e_req_eps' from process `$paramod$e6d2582358ff6950cc507271baa264b5b8280dfa\logic_normalization_parallel_tree_top.$proc$rtl/logic_normalization_parallel_tree_top.sv:51$1105'.
No latch inferred for signal `$paramod$e6d2582358ff6950cc507271baa264b5b8280dfa\logic_normalization_parallel_tree_top.\alloc_sel' from process `$paramod$e6d2582358ff6950cc507271baa264b5b8280dfa\logic_normalization_parallel_tree_top.$proc$rtl/logic_normalization_parallel_tree_top.sv:51$1105'.
No latch inferred for signal `$paramod$e6d2582358ff6950cc507271baa264b5b8280dfa\logic_normalization_parallel_tree_top.\rsp_sel' from process `$paramod$e6d2582358ff6950cc507271baa264b5b8280dfa\logic_normalization_parallel_tree_top.$proc$rtl/logic_normalization_parallel_tree_top.sv:51$1105'.
No latch inferred for signal `$paramod$e6d2582358ff6950cc507271baa264b5b8280dfa\logic_normalization_parallel_tree_top.\alloc_found' from process `$paramod$e6d2582358ff6950cc507271baa264b5b8280dfa\logic_normalization_parallel_tree_top.$proc$rtl/logic_normalization_parallel_tree_top.sv:51$1105'.
No latch inferred for signal `$paramod$e6d2582358ff6950cc507271baa264b5b8280dfa\logic_normalization_parallel_tree_top.\rsp_found' from process `$paramod$e6d2582358ff6950cc507271baa264b5b8280dfa\logic_normalization_parallel_tree_top.$proc$rtl/logic_normalization_parallel_tree_top.sv:51$1105'.
No latch inferred for signal `$paramod$e6d2582358ff6950cc507271baa264b5b8280dfa\logic_normalization_parallel_tree_top.$fordecl_block$514.off' from process `$paramod$e6d2582358ff6950cc507271baa264b5b8280dfa\logic_normalization_parallel_tree_top.$proc$rtl/logic_normalization_parallel_tree_top.sv:51$1105'.
No latch inferred for signal `$paramod$e6d2582358ff6950cc507271baa264b5b8280dfa\logic_normalization_parallel_tree_top.$fordecl_block$514.$for_loop$515[0].$unnamed_block$516.idx' from process `$paramod$e6d2582358ff6950cc507271baa264b5b8280dfa\logic_normalization_parallel_tree_top.$proc$rtl/logic_normalization_parallel_tree_top.sv:51$1105'.
No latch inferred for signal `$paramod$e6d2582358ff6950cc507271baa264b5b8280dfa\logic_normalization_parallel_tree_top.$fordecl_block$514.$for_loop$515[1].$unnamed_block$516.idx' from process `$paramod$e6d2582358ff6950cc507271baa264b5b8280dfa\logic_normalization_parallel_tree_top.$proc$rtl/logic_normalization_parallel_tree_top.sv:51$1105'.
No latch inferred for signal `$paramod$e6d2582358ff6950cc507271baa264b5b8280dfa\logic_normalization_parallel_tree_top.$fordecl_block$514.$for_loop$515[2].$unnamed_block$516.idx' from process `$paramod$e6d2582358ff6950cc507271baa264b5b8280dfa\logic_normalization_parallel_tree_top.$proc$rtl/logic_normalization_parallel_tree_top.sv:51$1105'.
No latch inferred for signal `$paramod$e6d2582358ff6950cc507271baa264b5b8280dfa\logic_normalization_parallel_tree_top.$fordecl_block$514.$for_loop$515[3].$unnamed_block$516.idx' from process `$paramod$e6d2582358ff6950cc507271baa264b5b8280dfa\logic_normalization_parallel_tree_top.$proc$rtl/logic_normalization_parallel_tree_top.sv:51$1105'.
No latch inferred for signal `$paramod$e6d2582358ff6950cc507271baa264b5b8280dfa\logic_normalization_parallel_tree_top.$fordecl_block$514.$for_loop$515[4].$unnamed_block$516.idx' from process `$paramod$e6d2582358ff6950cc507271baa264b5b8280dfa\logic_normalization_parallel_tree_top.$proc$rtl/logic_normalization_parallel_tree_top.sv:51$1105'.
No latch inferred for signal `$paramod$e6d2582358ff6950cc507271baa264b5b8280dfa\logic_normalization_parallel_tree_top.$fordecl_block$514.$for_loop$515[5].$unnamed_block$516.idx' from process `$paramod$e6d2582358ff6950cc507271baa264b5b8280dfa\logic_normalization_parallel_tree_top.$proc$rtl/logic_normalization_parallel_tree_top.sv:51$1105'.
No latch inferred for signal `$paramod$e6d2582358ff6950cc507271baa264b5b8280dfa\logic_normalization_parallel_tree_top.$fordecl_block$514.$for_loop$515[6].$unnamed_block$516.idx' from process `$paramod$e6d2582358ff6950cc507271baa264b5b8280dfa\logic_normalization_parallel_tree_top.$proc$rtl/logic_normalization_parallel_tree_top.sv:51$1105'.
No latch inferred for signal `$paramod$e6d2582358ff6950cc507271baa264b5b8280dfa\logic_normalization_parallel_tree_top.$fordecl_block$514.$for_loop$515[7].$unnamed_block$516.idx' from process `$paramod$e6d2582358ff6950cc507271baa264b5b8280dfa\logic_normalization_parallel_tree_top.$proc$rtl/logic_normalization_parallel_tree_top.sv:51$1105'.
No latch inferred for signal `$paramod$e6d2582358ff6950cc507271baa264b5b8280dfa\logic_normalization_parallel_tree_top.$fordecl_block$517.off' from process `$paramod$e6d2582358ff6950cc507271baa264b5b8280dfa\logic_normalization_parallel_tree_top.$proc$rtl/logic_normalization_parallel_tree_top.sv:51$1105'.
No latch inferred for signal `$paramod$e6d2582358ff6950cc507271baa264b5b8280dfa\logic_normalization_parallel_tree_top.$fordecl_block$517.$for_loop$518[0].$unnamed_block$519.idx' from process `$paramod$e6d2582358ff6950cc507271baa264b5b8280dfa\logic_normalization_parallel_tree_top.$proc$rtl/logic_normalization_parallel_tree_top.sv:51$1105'.
No latch inferred for signal `$paramod$e6d2582358ff6950cc507271baa264b5b8280dfa\logic_normalization_parallel_tree_top.$fordecl_block$517.$for_loop$518[1].$unnamed_block$519.idx' from process `$paramod$e6d2582358ff6950cc507271baa264b5b8280dfa\logic_normalization_parallel_tree_top.$proc$rtl/logic_normalization_parallel_tree_top.sv:51$1105'.
No latch inferred for signal `$paramod$e6d2582358ff6950cc507271baa264b5b8280dfa\logic_normalization_parallel_tree_top.$fordecl_block$517.$for_loop$518[2].$unnamed_block$519.idx' from process `$paramod$e6d2582358ff6950cc507271baa264b5b8280dfa\logic_normalization_parallel_tree_top.$proc$rtl/logic_normalization_parallel_tree_top.sv:51$1105'.
No latch inferred for signal `$paramod$e6d2582358ff6950cc507271baa264b5b8280dfa\logic_normalization_parallel_tree_top.$fordecl_block$517.$for_loop$518[3].$unnamed_block$519.idx' from process `$paramod$e6d2582358ff6950cc507271baa264b5b8280dfa\logic_normalization_parallel_tree_top.$proc$rtl/logic_normalization_parallel_tree_top.sv:51$1105'.
No latch inferred for signal `$paramod$e6d2582358ff6950cc507271baa264b5b8280dfa\logic_normalization_parallel_tree_top.$fordecl_block$517.$for_loop$518[4].$unnamed_block$519.idx' from process `$paramod$e6d2582358ff6950cc507271baa264b5b8280dfa\logic_normalization_parallel_tree_top.$proc$rtl/logic_normalization_parallel_tree_top.sv:51$1105'.
No latch inferred for signal `$paramod$e6d2582358ff6950cc507271baa264b5b8280dfa\logic_normalization_parallel_tree_top.$fordecl_block$517.$for_loop$518[5].$unnamed_block$519.idx' from process `$paramod$e6d2582358ff6950cc507271baa264b5b8280dfa\logic_normalization_parallel_tree_top.$proc$rtl/logic_normalization_parallel_tree_top.sv:51$1105'.
No latch inferred for signal `$paramod$e6d2582358ff6950cc507271baa264b5b8280dfa\logic_normalization_parallel_tree_top.$fordecl_block$517.$for_loop$518[6].$unnamed_block$519.idx' from process `$paramod$e6d2582358ff6950cc507271baa264b5b8280dfa\logic_normalization_parallel_tree_top.$proc$rtl/logic_normalization_parallel_tree_top.sv:51$1105'.
No latch inferred for signal `$paramod$e6d2582358ff6950cc507271baa264b5b8280dfa\logic_normalization_parallel_tree_top.$fordecl_block$517.$for_loop$518[7].$unnamed_block$519.idx' from process `$paramod$e6d2582358ff6950cc507271baa264b5b8280dfa\logic_normalization_parallel_tree_top.$proc$rtl/logic_normalization_parallel_tree_top.sv:51$1105'.
No latch inferred for signal `$paramod$e6d2582358ff6950cc507271baa264b5b8280dfa\logic_normalization_parallel_tree_top.$bitselwrite$pos$rtl/logic_normalization_parallel_tree_top.sv:62$1099' from process `$paramod$e6d2582358ff6950cc507271baa264b5b8280dfa\logic_normalization_parallel_tree_top.$proc$rtl/logic_normalization_parallel_tree_top.sv:51$1105'.
No latch inferred for signal `$paramod$e6d2582358ff6950cc507271baa264b5b8280dfa\logic_normalization_parallel_tree_top.$bitselwrite$pos$rtl/logic_normalization_parallel_tree_top.sv:74$1100' from process `$paramod$e6d2582358ff6950cc507271baa264b5b8280dfa\logic_normalization_parallel_tree_top.$proc$rtl/logic_normalization_parallel_tree_top.sv:51$1105'.
No latch inferred for signal `\fp16_mul.\result_o' from process `\fp16_mul.$proc$rtl/fp16_mul.sv:16$143'.
No latch inferred for signal `\fp16_mul.\round_up' from process `\fp16_mul.$proc$rtl/fp16_mul.sv:16$143'.
No latch inferred for signal `\fp16_mul.\lhs_exp' from process `\fp16_mul.$proc$rtl/fp16_mul.sv:16$143'.
No latch inferred for signal `\fp16_mul.\rhs_exp' from process `\fp16_mul.$proc$rtl/fp16_mul.sv:16$143'.
No latch inferred for signal `\fp16_mul.\lhs_frac' from process `\fp16_mul.$proc$rtl/fp16_mul.sv:16$143'.
No latch inferred for signal `\fp16_mul.\rhs_frac' from process `\fp16_mul.$proc$rtl/fp16_mul.sv:16$143'.
No latch inferred for signal `\fp16_mul.\lhs_sig' from process `\fp16_mul.$proc$rtl/fp16_mul.sv:16$143'.
No latch inferred for signal `\fp16_mul.\rhs_sig' from process `\fp16_mul.$proc$rtl/fp16_mul.sv:16$143'.
No latch inferred for signal `\fp16_mul.\sign' from process `\fp16_mul.$proc$rtl/fp16_mul.sv:16$143'.
No latch inferred for signal `\fp16_mul.\product' from process `\fp16_mul.$proc$rtl/fp16_mul.sv:16$143'.
No latch inferred for signal `\fp16_mul.\magnitude' from process `\fp16_mul.$proc$rtl/fp16_mul.sv:16$143'.
No latch inferred for signal `\fp16_mul.\rounded_wide' from process `\fp16_mul.$proc$rtl/fp16_mul.sv:16$143'.
No latch inferred for signal `\fp16_mul.\low_mask' from process `\fp16_mul.$proc$rtl/fp16_mul.sv:16$143'.
No latch inferred for signal `\fp16_mul.\result_exp_field' from process `\fp16_mul.$proc$rtl/fp16_mul.sv:16$143'.
No latch inferred for signal `\fp16_mul.\lhs_unbiased' from process `\fp16_mul.$proc$rtl/fp16_mul.sv:16$143'.
No latch inferred for signal `\fp16_mul.\rhs_unbiased' from process `\fp16_mul.$proc$rtl/fp16_mul.sv:16$143'.
No latch inferred for signal `\fp16_mul.\exponent' from process `\fp16_mul.$proc$rtl/fp16_mul.sv:16$143'.
No latch inferred for signal `\fp16_mul.\msb_index' from process `\fp16_mul.$proc$rtl/fp16_mul.sv:16$143'.
No latch inferred for signal `\fp16_mul.$fordecl_block$141.bit_index' from process `\fp16_mul.$proc$rtl/fp16_mul.sv:16$143'.
Latch inferred for signal `\fp16_mul.\shift_amount' from process `\fp16_mul.$proc$rtl/fp16_mul.sv:16$143': $auto$proc_dlatch.cc:432:proc_dlatch$4090
No latch inferred for signal `\fp16_add.\result_o' from process `\fp16_add.$proc$rtl/fp16_add.sv:28$3'.
No latch inferred for signal `\fp16_add.\lhs_sign' from process `\fp16_add.$proc$rtl/fp16_add.sv:28$3'.
No latch inferred for signal `\fp16_add.\rhs_sign' from process `\fp16_add.$proc$rtl/fp16_add.sv:28$3'.
No latch inferred for signal `\fp16_add.\large_sign' from process `\fp16_add.$proc$rtl/fp16_add.sv:28$3'.
No latch inferred for signal `\fp16_add.\small_sign' from process `\fp16_add.$proc$rtl/fp16_add.sv:28$3'.
No latch inferred for signal `\fp16_add.\result_sign' from process `\fp16_add.$proc$rtl/fp16_add.sv:28$3'.
No latch inferred for signal `\fp16_add.\round_up' from process `\fp16_add.$proc$rtl/fp16_add.sv:28$3'.
No latch inferred for signal `\fp16_add.\lhs_exp' from process `\fp16_add.$proc$rtl/fp16_add.sv:28$3'.
No latch inferred for signal `\fp16_add.\rhs_exp' from process `\fp16_add.$proc$rtl/fp16_add.sv:28$3'.
No latch inferred for signal `\fp16_add.\large_exp' from process `\fp16_add.$proc$rtl/fp16_add.sv:28$3'.
No latch inferred for signal `\fp16_add.\small_exp' from process `\fp16_add.$proc$rtl/fp16_add.sv:28$3'.
No latch inferred for signal `\fp16_add.\lhs_frac' from process `\fp16_add.$proc$rtl/fp16_add.sv:28$3'.
No latch inferred for signal `\fp16_add.\rhs_frac' from process `\fp16_add.$proc$rtl/fp16_add.sv:28$3'.
No latch inferred for signal `\fp16_add.\lhs_sig' from process `\fp16_add.$proc$rtl/fp16_add.sv:28$3'.
No latch inferred for signal `\fp16_add.\rhs_sig' from process `\fp16_add.$proc$rtl/fp16_add.sv:28$3'.
No latch inferred for signal `\fp16_add.\large_sig' from process `\fp16_add.$proc$rtl/fp16_add.sv:28$3'.
No latch inferred for signal `\fp16_add.\small_sig' from process `\fp16_add.$proc$rtl/fp16_add.sv:28$3'.
No latch inferred for signal `\fp16_add.\large_ext' from process `\fp16_add.$proc$rtl/fp16_add.sv:28$3'.
No latch inferred for signal `\fp16_add.\small_ext' from process `\fp16_add.$proc$rtl/fp16_add.sv:28$3'.
No latch inferred for signal `\fp16_add.\magnitude_ext' from process `\fp16_add.$proc$rtl/fp16_add.sv:28$3'.
No latch inferred for signal `\fp16_add.\add_ext' from process `\fp16_add.$proc$rtl/fp16_add.sv:28$3'.
No latch inferred for signal `\fp16_add.\rounded_sig' from process `\fp16_add.$proc$rtl/fp16_add.sv:28$3'.
No latch inferred for signal `\fp16_add.\result_exp' from process `\fp16_add.$proc$rtl/fp16_add.sv:28$3'.
No latch inferred for signal `\fp16_add.\shift_amount' from process `\fp16_add.$proc$rtl/fp16_add.sv:28$3'.
No latch inferred for signal `\fp16_add.\normalize_step' from process `\fp16_add.$proc$rtl/fp16_add.sv:28$3'.
No latch inferred for signal `\fp16_add.\shift_right_sticky$func$rtl/fp16_add.sv:47$2.$result' from process `\fp16_add.$proc$rtl/fp16_add.sv:28$3'.
No latch inferred for signal `\fp16_add.\shift_right_sticky$func$rtl/fp16_add.sv:47$2.value' from process `\fp16_add.$proc$rtl/fp16_add.sv:28$3'.
No latch inferred for signal `\fp16_add.\shift_right_sticky$func$rtl/fp16_add.sv:47$2.amount' from process `\fp16_add.$proc$rtl/fp16_add.sv:28$3'.
No latch inferred for signal `\fp16_add.\shift_right_sticky$func$rtl/fp16_add.sv:47$2.sticky' from process `\fp16_add.$proc$rtl/fp16_add.sv:28$3'.

13.2.9. Executing PROC_DFF pass (convert process syncs to FFs).
Creating register for signal `$paramod$7f46819eecda06228f84979737259751ccd53663\bank_normalization_multirow_vector_reducer.\protocol_error_o' using process `$paramod$7f46819eecda06228f84979737259751ccd53663\bank_normalization_multirow_vector_reducer.$proc$rtl/bank_normalization_multirow_vector_reducer.sv:83$1395'.
  created $adff cell `$procdff$4095' with positive edge clock and positive level reset.
Creating register for signal `$paramod$7f46819eecda06228f84979737259751ccd53663\bank_normalization_multirow_vector_reducer.\input_active_q' using process `$paramod$7f46819eecda06228f84979737259751ccd53663\bank_normalization_multirow_vector_reducer.$proc$rtl/bank_normalization_multirow_vector_reducer.sv:83$1395'.
  created $adff cell `$procdff$4100' with positive edge clock and positive level reset.
Creating register for signal `$paramod$7f46819eecda06228f84979737259751ccd53663\bank_normalization_multirow_vector_reducer.\input_first_q' using process `$paramod$7f46819eecda06228f84979737259751ccd53663\bank_normalization_multirow_vector_reducer.$proc$rtl/bank_normalization_multirow_vector_reducer.sv:83$1395'.
  created $adff cell `$procdff$4105' with positive edge clock and positive level reset.
Creating register for signal `$paramod$7f46819eecda06228f84979737259751ccd53663\bank_normalization_multirow_vector_reducer.\input_tag_q' using process `$paramod$7f46819eecda06228f84979737259751ccd53663\bank_normalization_multirow_vector_reducer.$proc$rtl/bank_normalization_multirow_vector_reducer.sv:83$1395'.
  created $adff cell `$procdff$4110' with positive edge clock and positive level reset.
Creating register for signal `$paramod$7f46819eecda06228f84979737259751ccd53663\bank_normalization_multirow_vector_reducer.\input_remaining_q' using process `$paramod$7f46819eecda06228f84979737259751ccd53663\bank_normalization_multirow_vector_reducer.$proc$rtl/bank_normalization_multirow_vector_reducer.sv:83$1395'.
  created $adff cell `$procdff$4115' with positive edge clock and positive level reset.
Creating register for signal `$paramod$7f46819eecda06228f84979737259751ccd53663\bank_normalization_multirow_vector_reducer.\outstanding_q' using process `$paramod$7f46819eecda06228f84979737259751ccd53663\bank_normalization_multirow_vector_reducer.$proc$rtl/bank_normalization_multirow_vector_reducer.sv:83$1395'.
  created $adff cell `$procdff$4120' with positive edge clock and positive level reset.
Creating register for signal `$paramod$7f46819eecda06228f84979737259751ccd53663\bank_normalization_multirow_vector_reducer.\row_sum_q' using process `$paramod$7f46819eecda06228f84979737259751ccd53663\bank_normalization_multirow_vector_reducer.$proc$rtl/bank_normalization_multirow_vector_reducer.sv:83$1395'.
  created $adff cell `$procdff$4125' with positive edge clock and positive level reset.
Creating register for signal `$paramod$7f46819eecda06228f84979737259751ccd53663\bank_normalization_multirow_vector_reducer.\row_sumsq_q' using process `$paramod$7f46819eecda06228f84979737259751ccd53663\bank_normalization_multirow_vector_reducer.$proc$rtl/bank_normalization_multirow_vector_reducer.sv:83$1395'.
  created $adff cell `$procdff$4130' with positive edge clock and positive level reset.
Creating register for signal `$paramod$7f46819eecda06228f84979737259751ccd53663\bank_normalization_multirow_vector_reducer.\valid_pipe_q' using process `$paramod$7f46819eecda06228f84979737259751ccd53663\bank_normalization_multirow_vector_reducer.$proc$rtl/bank_normalization_multirow_vector_reducer.sv:83$1395'.
  created $adff cell `$procdff$4135' with positive edge clock and positive level reset.
Creating register for signal `$paramod$7f46819eecda06228f84979737259751ccd53663\bank_normalization_multirow_vector_reducer.\first_pipe_q' using process `$paramod$7f46819eecda06228f84979737259751ccd53663\bank_normalization_multirow_vector_reducer.$proc$rtl/bank_normalization_multirow_vector_reducer.sv:83$1395'.
  created $adff cell `$procdff$4140' with positive edge clock and positive level reset.
Creating register for signal `$paramod$7f46819eecda06228f84979737259751ccd53663\bank_normalization_multirow_vector_reducer.\last_pipe_q' using process `$paramod$7f46819eecda06228f84979737259751ccd53663\bank_normalization_multirow_vector_reducer.$proc$rtl/bank_normalization_multirow_vector_reducer.sv:83$1395'.
  created $adff cell `$procdff$4145' with positive edge clock and positive level reset.
Creating register for signal `$paramod$7f46819eecda06228f84979737259751ccd53663\bank_normalization_multirow_vector_reducer.\tag_pipe_q' using process `$paramod$7f46819eecda06228f84979737259751ccd53663\bank_normalization_multirow_vector_reducer.$proc$rtl/bank_normalization_multirow_vector_reducer.sv:83$1395'.
  created $adff cell `$procdff$4150' with positive edge clock and positive level reset.
Creating register for signal `$paramod$7f46819eecda06228f84979737259751ccd53663\bank_normalization_multirow_vector_reducer.\fifo_read_ptr_q' using process `$paramod$7f46819eecda06228f84979737259751ccd53663\bank_normalization_multirow_vector_reducer.$proc$rtl/bank_normalization_multirow_vector_reducer.sv:83$1395'.
  created $adff cell `$procdff$4155' with positive edge clock and positive level reset.
Creating register for signal `$paramod$7f46819eecda06228f84979737259751ccd53663\bank_normalization_multirow_vector_reducer.\fifo_write_ptr_q' using process `$paramod$7f46819eecda06228f84979737259751ccd53663\bank_normalization_multirow_vector_reducer.$proc$rtl/bank_normalization_multirow_vector_reducer.sv:83$1395'.
  created $adff cell `$procdff$4160' with positive edge clock and positive level reset.
Creating register for signal `$paramod$7f46819eecda06228f84979737259751ccd53663\bank_normalization_multirow_vector_reducer.\fifo_count_q' using process `$paramod$7f46819eecda06228f84979737259751ccd53663\bank_normalization_multirow_vector_reducer.$proc$rtl/bank_normalization_multirow_vector_reducer.sv:83$1395'.
  created $adff cell `$procdff$4165' with positive edge clock and positive level reset.
Creating register for signal `$paramod$7f46819eecda06228f84979737259751ccd53663\bank_normalization_multirow_vector_reducer.$fordecl_block$384.level' using process `$paramod$7f46819eecda06228f84979737259751ccd53663\bank_normalization_multirow_vector_reducer.$proc$rtl/bank_normalization_multirow_vector_reducer.sv:83$1395'.
  created $dff cell `$procdff$4172' with positive edge clock.
Creating register for signal `$paramod$7f46819eecda06228f84979737259751ccd53663\bank_normalization_multirow_vector_reducer.$fordecl_block$386.level' using process `$paramod$7f46819eecda06228f84979737259751ccd53663\bank_normalization_multirow_vector_reducer.$proc$rtl/bank_normalization_multirow_vector_reducer.sv:83$1395'.
  created $dff cell `$procdff$4179' with positive edge clock.
Creating register for signal `$paramod$7f46819eecda06228f84979737259751ccd53663\bank_normalization_multirow_vector_reducer.$fordecl_block$386.$for_loop$387[0].$fordecl_block$388.node' using process `$paramod$7f46819eecda06228f84979737259751ccd53663\bank_normalization_multirow_vector_reducer.$proc$rtl/bank_normalization_multirow_vector_reducer.sv:83$1395'.
  created $dff cell `$procdff$4186' with positive edge clock.
Creating register for signal `$paramod$7f46819eecda06228f84979737259751ccd53663\bank_normalization_multirow_vector_reducer.$fordecl_block$386.$for_loop$387[1].$fordecl_block$388.node' using process `$paramod$7f46819eecda06228f84979737259751ccd53663\bank_normalization_multirow_vector_reducer.$proc$rtl/bank_normalization_multirow_vector_reducer.sv:83$1395'.
  created $dff cell `$procdff$4193' with positive edge clock.
Creating register for signal `$paramod$7f46819eecda06228f84979737259751ccd53663\bank_normalization_multirow_vector_reducer.\sum_stage_q[0]' using process `$paramod$7f46819eecda06228f84979737259751ccd53663\bank_normalization_multirow_vector_reducer.$proc$rtl/bank_normalization_multirow_vector_reducer.sv:83$1395'.
  created $dff cell `$procdff$4200' with positive edge clock.
Creating register for signal `$paramod$7f46819eecda06228f84979737259751ccd53663\bank_normalization_multirow_vector_reducer.\sum_stage_q[1]' using process `$paramod$7f46819eecda06228f84979737259751ccd53663\bank_normalization_multirow_vector_reducer.$proc$rtl/bank_normalization_multirow_vector_reducer.sv:83$1395'.
  created $dff cell `$procdff$4207' with positive edge clock.
Creating register for signal `$paramod$7f46819eecda06228f84979737259751ccd53663\bank_normalization_multirow_vector_reducer.\sum_stage_q[4]' using process `$paramod$7f46819eecda06228f84979737259751ccd53663\bank_normalization_multirow_vector_reducer.$proc$rtl/bank_normalization_multirow_vector_reducer.sv:83$1395'.
  created $dff cell `$procdff$4214' with positive edge clock.
Creating register for signal `$paramod$7f46819eecda06228f84979737259751ccd53663\bank_normalization_multirow_vector_reducer.\sumsq_stage_q[0]' using process `$paramod$7f46819eecda06228f84979737259751ccd53663\bank_normalization_multirow_vector_reducer.$proc$rtl/bank_normalization_multirow_vector_reducer.sv:83$1395'.
  created $dff cell `$procdff$4221' with positive edge clock.
Creating register for signal `$paramod$7f46819eecda06228f84979737259751ccd53663\bank_normalization_multirow_vector_reducer.\sumsq_stage_q[1]' using process `$paramod$7f46819eecda06228f84979737259751ccd53663\bank_normalization_multirow_vector_reducer.$proc$rtl/bank_normalization_multirow_vector_reducer.sv:83$1395'.
  created $dff cell `$procdff$4228' with positive edge clock.
Creating register for signal `$paramod$7f46819eecda06228f84979737259751ccd53663\bank_normalization_multirow_vector_reducer.\sumsq_stage_q[4]' using process `$paramod$7f46819eecda06228f84979737259751ccd53663\bank_normalization_multirow_vector_reducer.$proc$rtl/bank_normalization_multirow_vector_reducer.sv:83$1395'.
  created $dff cell `$procdff$4235' with positive edge clock.
Creating register for signal `$paramod$7f46819eecda06228f84979737259751ccd53663\bank_normalization_multirow_vector_reducer.\fifo_tag_q[0]' using process `$paramod$7f46819eecda06228f84979737259751ccd53663\bank_normalization_multirow_vector_reducer.$proc$rtl/bank_normalization_multirow_vector_reducer.sv:83$1395'.
  created $dff cell `$procdff$4242' with positive edge clock.
Creating register for signal `$paramod$7f46819eecda06228f84979737259751ccd53663\bank_normalization_multirow_vector_reducer.\fifo_tag_q[1]' using process `$paramod$7f46819eecda06228f84979737259751ccd53663\bank_normalization_multirow_vector_reducer.$proc$rtl/bank_normalization_multirow_vector_reducer.sv:83$1395'.
  created $dff cell `$procdff$4249' with positive edge clock.
Creating register for signal `$paramod$7f46819eecda06228f84979737259751ccd53663\bank_normalization_multirow_vector_reducer.\fifo_tag_q[2]' using process `$paramod$7f46819eecda06228f84979737259751ccd53663\bank_normalization_multirow_vector_reducer.$proc$rtl/bank_normalization_multirow_vector_reducer.sv:83$1395'.
  created $dff cell `$procdff$4256' with positive edge clock.
Creating register for signal `$paramod$7f46819eecda06228f84979737259751ccd53663\bank_normalization_multirow_vector_reducer.\fifo_tag_q[3]' using process `$paramod$7f46819eecda06228f84979737259751ccd53663\bank_normalization_multirow_vector_reducer.$proc$rtl/bank_normalization_multirow_vector_reducer.sv:83$1395'.
  created $dff cell `$procdff$4263' with positive edge clock.
Creating register for signal `$paramod$7f46819eecda06228f84979737259751ccd53663\bank_normalization_multirow_vector_reducer.\fifo_sum_q[0]' using process `$paramod$7f46819eecda06228f84979737259751ccd53663\bank_normalization_multirow_vector_reducer.$proc$rtl/bank_normalization_multirow_vector_reducer.sv:83$1395'.
  created $dff cell `$procdff$4270' with positive edge clock.
Creating register for signal `$paramod$7f46819eecda06228f84979737259751ccd53663\bank_normalization_multirow_vector_reducer.\fifo_sum_q[1]' using process `$paramod$7f46819eecda06228f84979737259751ccd53663\bank_normalization_multirow_vector_reducer.$proc$rtl/bank_normalization_multirow_vector_reducer.sv:83$1395'.
  created $dff cell `$procdff$4277' with positive edge clock.
Creating register for signal `$paramod$7f46819eecda06228f84979737259751ccd53663\bank_normalization_multirow_vector_reducer.\fifo_sum_q[2]' using process `$paramod$7f46819eecda06228f84979737259751ccd53663\bank_normalization_multirow_vector_reducer.$proc$rtl/bank_normalization_multirow_vector_reducer.sv:83$1395'.
  created $dff cell `$procdff$4284' with positive edge clock.
Creating register for signal `$paramod$7f46819eecda06228f84979737259751ccd53663\bank_normalization_multirow_vector_reducer.\fifo_sum_q[3]' using process `$paramod$7f46819eecda06228f84979737259751ccd53663\bank_normalization_multirow_vector_reducer.$proc$rtl/bank_normalization_multirow_vector_reducer.sv:83$1395'.
  created $dff cell `$procdff$4291' with positive edge clock.
Creating register for signal `$paramod$7f46819eecda06228f84979737259751ccd53663\bank_normalization_multirow_vector_reducer.\fifo_sumsq_q[0]' using process `$paramod$7f46819eecda06228f84979737259751ccd53663\bank_normalization_multirow_vector_reducer.$proc$rtl/bank_normalization_multirow_vector_reducer.sv:83$1395'.
  created $dff cell `$procdff$4298' with positive edge clock.
Creating register for signal `$paramod$7f46819eecda06228f84979737259751ccd53663\bank_normalization_multirow_vector_reducer.\fifo_sumsq_q[1]' using process `$paramod$7f46819eecda06228f84979737259751ccd53663\bank_normalization_multirow_vector_reducer.$proc$rtl/bank_normalization_multirow_vector_reducer.sv:83$1395'.
  created $dff cell `$procdff$4305' with positive edge clock.
Creating register for signal `$paramod$7f46819eecda06228f84979737259751ccd53663\bank_normalization_multirow_vector_reducer.\fifo_sumsq_q[2]' using process `$paramod$7f46819eecda06228f84979737259751ccd53663\bank_normalization_multirow_vector_reducer.$proc$rtl/bank_normalization_multirow_vector_reducer.sv:83$1395'.
  created $dff cell `$procdff$4312' with positive edge clock.
Creating register for signal `$paramod$7f46819eecda06228f84979737259751ccd53663\bank_normalization_multirow_vector_reducer.\fifo_sumsq_q[3]' using process `$paramod$7f46819eecda06228f84979737259751ccd53663\bank_normalization_multirow_vector_reducer.$proc$rtl/bank_normalization_multirow_vector_reducer.sv:83$1395'.
  created $dff cell `$procdff$4319' with positive edge clock.
Creating register for signal `$paramod$7f46819eecda06228f84979737259751ccd53663\bank_normalization_multirow_vector_reducer.$mem2reg_wr$\fifo_tag_q$rtl/bank_normalization_multirow_vector_reducer.sv:132$1378_ADDR' using process `$paramod$7f46819eecda06228f84979737259751ccd53663\bank_normalization_multirow_vector_reducer.$proc$rtl/bank_normalization_multirow_vector_reducer.sv:83$1395'.
  created $adff cell `$procdff$4324' with positive edge clock and positive level reset.
Creating register for signal `$paramod$7f46819eecda06228f84979737259751ccd53663\bank_normalization_multirow_vector_reducer.$mem2reg_wr$\fifo_tag_q$rtl/bank_normalization_multirow_vector_reducer.sv:132$1378_DATA' using process `$paramod$7f46819eecda06228f84979737259751ccd53663\bank_normalization_multirow_vector_reducer.$proc$rtl/bank_normalization_multirow_vector_reducer.sv:83$1395'.
  created $adff cell `$procdff$4329' with positive edge clock and positive level reset.
Creating register for signal `$paramod$7f46819eecda06228f84979737259751ccd53663\bank_normalization_multirow_vector_reducer.$mem2reg_wr$\fifo_sum_q$rtl/bank_normalization_multirow_vector_reducer.sv:133$1379_ADDR' using process `$paramod$7f46819eecda06228f84979737259751ccd53663\bank_normalization_multirow_vector_reducer.$proc$rtl/bank_normalization_multirow_vector_reducer.sv:83$1395'.
  created $adff cell `$procdff$4334' with positive edge clock and positive level reset.
Creating register for signal `$paramod$7f46819eecda06228f84979737259751ccd53663\bank_normalization_multirow_vector_reducer.$mem2reg_wr$\fifo_sum_q$rtl/bank_normalization_multirow_vector_reducer.sv:133$1379_DATA' using process `$paramod$7f46819eecda06228f84979737259751ccd53663\bank_normalization_multirow_vector_reducer.$proc$rtl/bank_normalization_multirow_vector_reducer.sv:83$1395'.
  created $adff cell `$procdff$4339' with positive edge clock and positive level reset.
Creating register for signal `$paramod$7f46819eecda06228f84979737259751ccd53663\bank_normalization_multirow_vector_reducer.$mem2reg_wr$\fifo_sumsq_q$rtl/bank_normalization_multirow_vector_reducer.sv:134$1380_ADDR' using process `$paramod$7f46819eecda06228f84979737259751ccd53663\bank_normalization_multirow_vector_reducer.$proc$rtl/bank_normalization_multirow_vector_reducer.sv:83$1395'.
  created $adff cell `$procdff$4344' with positive edge clock and positive level reset.
Creating register for signal `$paramod$7f46819eecda06228f84979737259751ccd53663\bank_normalization_multirow_vector_reducer.$mem2reg_wr$\fifo_sumsq_q$rtl/bank_normalization_multirow_vector_reducer.sv:134$1380_DATA' using process `$paramod$7f46819eecda06228f84979737259751ccd53663\bank_normalization_multirow_vector_reducer.$proc$rtl/bank_normalization_multirow_vector_reducer.sv:83$1395'.
  created $adff cell `$procdff$4349' with positive edge clock and positive level reset.
Creating register for signal `$paramod$865746d0c425e5bff1afb43fc0ca954cd0aab93f\logic_normalization_bank_barrier.\mode_q' using process `$paramod$865746d0c425e5bff1afb43fc0ca954cd0aab93f\logic_normalization_bank_barrier.$proc$rtl/logic_normalization_bank_barrier.sv:43$1352'.
  created $adff cell `$procdff$4354' with positive edge clock and positive level reset.
Creating register for signal `$paramod$865746d0c425e5bff1afb43fc0ca954cd0aab93f\logic_normalization_bank_barrier.\tag_q' using process `$paramod$865746d0c425e5bff1afb43fc0ca954cd0aab93f\logic_normalization_bank_barrier.$proc$rtl/logic_normalization_bank_barrier.sv:43$1352'.
  created $adff cell `$procdff$4359' with positive edge clock and positive level reset.
Creating register for signal `$paramod$865746d0c425e5bff1afb43fc0ca954cd0aab93f\logic_normalization_bank_barrier.\invalid_config_error_o' using process `$paramod$865746d0c425e5bff1afb43fc0ca954cd0aab93f\logic_normalization_bank_barrier.$proc$rtl/logic_normalization_bank_barrier.sv:43$1352'.
  created $adff cell `$procdff$4364' with positive edge clock and positive level reset.
Creating register for signal `$paramod$865746d0c425e5bff1afb43fc0ca954cd0aab93f\logic_normalization_bank_barrier.\active_q' using process `$paramod$865746d0c425e5bff1afb43fc0ca954cd0aab93f\logic_normalization_bank_barrier.$proc$rtl/logic_normalization_bank_barrier.sv:43$1352'.
  created $adff cell `$procdff$4369' with positive edge clock and positive level reset.
Creating register for signal `$paramod$865746d0c425e5bff1afb43fc0ca954cd0aab93f\logic_normalization_bank_barrier.\mask_q' using process `$paramod$865746d0c425e5bff1afb43fc0ca954cd0aab93f\logic_normalization_bank_barrier.$proc$rtl/logic_normalization_bank_barrier.sv:43$1352'.
  created $adff cell `$procdff$4374' with positive edge clock and positive level reset.
Creating register for signal `$paramod$865746d0c425e5bff1afb43fc0ca954cd0aab93f\logic_normalization_bank_barrier.\invh_q' using process `$paramod$865746d0c425e5bff1afb43fc0ca954cd0aab93f\logic_normalization_bank_barrier.$proc$rtl/logic_normalization_bank_barrier.sv:43$1352'.
  created $adff cell `$procdff$4379' with positive edge clock and positive level reset.
Creating register for signal `$paramod$865746d0c425e5bff1afb43fc0ca954cd0aab93f\logic_normalization_bank_barrier.\eps_q' using process `$paramod$865746d0c425e5bff1afb43fc0ca954cd0aab93f\logic_normalization_bank_barrier.$proc$rtl/logic_normalization_bank_barrier.sv:43$1352'.
  created $adff cell `$procdff$4384' with positive edge clock and positive level reset.
Creating register for signal `$paramod$e6d2582358ff6950cc507271baa264b5b8280dfa\logic_normalization_parallel_tree_top.\outstanding_q' using process `$paramod$e6d2582358ff6950cc507271baa264b5b8280dfa\logic_normalization_parallel_tree_top.$proc$rtl/logic_normalization_parallel_tree_top.sv:77$1238'.
  created $adff cell `$procdff$4389' with positive edge clock and positive level reset.
Creating register for signal `$paramod$e6d2582358ff6950cc507271baa264b5b8280dfa\logic_normalization_parallel_tree_top.\valid_pipe_q' using process `$paramod$e6d2582358ff6950cc507271baa264b5b8280dfa\logic_normalization_parallel_tree_top.$proc$rtl/logic_normalization_parallel_tree_top.sv:77$1238'.
  created $adff cell `$procdff$4394' with positive edge clock and positive level reset.
Creating register for signal `$paramod$e6d2582358ff6950cc507271baa264b5b8280dfa\logic_normalization_parallel_tree_top.\tag_pipe_q' using process `$paramod$e6d2582358ff6950cc507271baa264b5b8280dfa\logic_normalization_parallel_tree_top.$proc$rtl/logic_normalization_parallel_tree_top.sv:77$1238'.
  created $adff cell `$procdff$4399' with positive edge clock and positive level reset.
Creating register for signal `$paramod$e6d2582358ff6950cc507271baa264b5b8280dfa\logic_normalization_parallel_tree_top.\sum_stage_q[0]' using process `$paramod$e6d2582358ff6950cc507271baa264b5b8280dfa\logic_normalization_parallel_tree_top.$proc$rtl/logic_normalization_parallel_tree_top.sv:77$1238'.
  created $dff cell `$procdff$4406' with positive edge clock.
Creating register for signal `$paramod$e6d2582358ff6950cc507271baa264b5b8280dfa\logic_normalization_parallel_tree_top.\sum_stage_q[1]' using process `$paramod$e6d2582358ff6950cc507271baa264b5b8280dfa\logic_normalization_parallel_tree_top.$proc$rtl/logic_normalization_parallel_tree_top.sv:77$1238'.
  created $dff cell `$procdff$4413' with positive edge clock.
Creating register for signal `$paramod$e6d2582358ff6950cc507271baa264b5b8280dfa\logic_normalization_parallel_tree_top.\sum_stage_q[2]' using process `$paramod$e6d2582358ff6950cc507271baa264b5b8280dfa\logic_normalization_parallel_tree_top.$proc$rtl/logic_normalization_parallel_tree_top.sv:77$1238'.
  created $dff cell `$procdff$4420' with positive edge clock.
Creating register for signal `$paramod$e6d2582358ff6950cc507271baa264b5b8280dfa\logic_normalization_parallel_tree_top.\sum_stage_q[3]' using process `$paramod$e6d2582358ff6950cc507271baa264b5b8280dfa\logic_normalization_parallel_tree_top.$proc$rtl/logic_normalization_parallel_tree_top.sv:77$1238'.
  created $dff cell `$procdff$4427' with positive edge clock.
Creating register for signal `$paramod$e6d2582358ff6950cc507271baa264b5b8280dfa\logic_normalization_parallel_tree_top.\sum_stage_q[4]' using process `$paramod$e6d2582358ff6950cc507271baa264b5b8280dfa\logic_normalization_parallel_tree_top.$proc$rtl/logic_normalization_parallel_tree_top.sv:77$1238'.
  created $dff cell `$procdff$4434' with positive edge clock.
Creating register for signal `$paramod$e6d2582358ff6950cc507271baa264b5b8280dfa\logic_normalization_parallel_tree_top.\sum_stage_q[5]' using process `$paramod$e6d2582358ff6950cc507271baa264b5b8280dfa\logic_normalization_parallel_tree_top.$proc$rtl/logic_normalization_parallel_tree_top.sv:77$1238'.
  created $dff cell `$procdff$4441' with positive edge clock.
Creating register for signal `$paramod$e6d2582358ff6950cc507271baa264b5b8280dfa\logic_normalization_parallel_tree_top.\sum_stage_q[6]' using process `$paramod$e6d2582358ff6950cc507271baa264b5b8280dfa\logic_normalization_parallel_tree_top.$proc$rtl/logic_normalization_parallel_tree_top.sv:77$1238'.
  created $dff cell `$procdff$4448' with positive edge clock.
Creating register for signal `$paramod$e6d2582358ff6950cc507271baa264b5b8280dfa\logic_normalization_parallel_tree_top.\sum_stage_q[7]' using process `$paramod$e6d2582358ff6950cc507271baa264b5b8280dfa\logic_normalization_parallel_tree_top.$proc$rtl/logic_normalization_parallel_tree_top.sv:77$1238'.
  created $dff cell `$procdff$4455' with positive edge clock.
Creating register for signal `$paramod$e6d2582358ff6950cc507271baa264b5b8280dfa\logic_normalization_parallel_tree_top.\sumsq_stage_q[0]' using process `$paramod$e6d2582358ff6950cc507271baa264b5b8280dfa\logic_normalization_parallel_tree_top.$proc$rtl/logic_normalization_parallel_tree_top.sv:77$1238'.
  created $dff cell `$procdff$4462' with positive edge clock.
Creating register for signal `$paramod$e6d2582358ff6950cc507271baa264b5b8280dfa\logic_normalization_parallel_tree_top.\sumsq_stage_q[1]' using process `$paramod$e6d2582358ff6950cc507271baa264b5b8280dfa\logic_normalization_parallel_tree_top.$proc$rtl/logic_normalization_parallel_tree_top.sv:77$1238'.
  created $dff cell `$procdff$4469' with positive edge clock.
Creating register for signal `$paramod$e6d2582358ff6950cc507271baa264b5b8280dfa\logic_normalization_parallel_tree_top.\sumsq_stage_q[2]' using process `$paramod$e6d2582358ff6950cc507271baa264b5b8280dfa\logic_normalization_parallel_tree_top.$proc$rtl/logic_normalization_parallel_tree_top.sv:77$1238'.
  created $dff cell `$procdff$4476' with positive edge clock.
Creating register for signal `$paramod$e6d2582358ff6950cc507271baa264b5b8280dfa\logic_normalization_parallel_tree_top.\sumsq_stage_q[3]' using process `$paramod$e6d2582358ff6950cc507271baa264b5b8280dfa\logic_normalization_parallel_tree_top.$proc$rtl/logic_normalization_parallel_tree_top.sv:77$1238'.
  created $dff cell `$procdff$4483' with positive edge clock.
Creating register for signal `$paramod$e6d2582358ff6950cc507271baa264b5b8280dfa\logic_normalization_parallel_tree_top.\sumsq_stage_q[4]' using process `$paramod$e6d2582358ff6950cc507271baa264b5b8280dfa\logic_normalization_parallel_tree_top.$proc$rtl/logic_normalization_parallel_tree_top.sv:77$1238'.
  created $dff cell `$procdff$4490' with positive edge clock.
Creating register for signal `$paramod$e6d2582358ff6950cc507271baa264b5b8280dfa\logic_normalization_parallel_tree_top.\sumsq_stage_q[5]' using process `$paramod$e6d2582358ff6950cc507271baa264b5b8280dfa\logic_normalization_parallel_tree_top.$proc$rtl/logic_normalization_parallel_tree_top.sv:77$1238'.
  created $dff cell `$procdff$4497' with positive edge clock.
Creating register for signal `$paramod$e6d2582358ff6950cc507271baa264b5b8280dfa\logic_normalization_parallel_tree_top.\sumsq_stage_q[6]' using process `$paramod$e6d2582358ff6950cc507271baa264b5b8280dfa\logic_normalization_parallel_tree_top.$proc$rtl/logic_normalization_parallel_tree_top.sv:77$1238'.
  created $dff cell `$procdff$4504' with positive edge clock.
Creating register for signal `$paramod$e6d2582358ff6950cc507271baa264b5b8280dfa\logic_normalization_parallel_tree_top.\sumsq_stage_q[7]' using process `$paramod$e6d2582358ff6950cc507271baa264b5b8280dfa\logic_normalization_parallel_tree_top.$proc$rtl/logic_normalization_parallel_tree_top.sv:77$1238'.
  created $dff cell `$procdff$4511' with positive edge clock.
Creating register for signal `$paramod$e6d2582358ff6950cc507271baa264b5b8280dfa\logic_normalization_parallel_tree_top.\allocation_error_o' using process `$paramod$e6d2582358ff6950cc507271baa264b5b8280dfa\logic_normalization_parallel_tree_top.$proc$rtl/logic_normalization_parallel_tree_top.sv:77$1238'.
  created $adff cell `$procdff$4516' with positive edge clock and positive level reset.
Creating register for signal `$paramod$e6d2582358ff6950cc507271baa264b5b8280dfa\logic_normalization_parallel_tree_top.\mode_pipe_q' using process `$paramod$e6d2582358ff6950cc507271baa264b5b8280dfa\logic_normalization_parallel_tree_top.$proc$rtl/logic_normalization_parallel_tree_top.sv:77$1238'.
  created $adff cell `$procdff$4521' with positive edge clock and positive level reset.
Creating register for signal `$paramod$e6d2582358ff6950cc507271baa264b5b8280dfa\logic_normalization_parallel_tree_top.\invh_pipe_q' using process `$paramod$e6d2582358ff6950cc507271baa264b5b8280dfa\logic_normalization_parallel_tree_top.$proc$rtl/logic_normalization_parallel_tree_top.sv:77$1238'.
  created $adff cell `$procdff$4526' with positive edge clock and positive level reset.
Creating register for signal `$paramod$e6d2582358ff6950cc507271baa264b5b8280dfa\logic_normalization_parallel_tree_top.\eps_pipe_q' using process `$paramod$e6d2582358ff6950cc507271baa264b5b8280dfa\logic_normalization_parallel_tree_top.$proc$rtl/logic_normalization_parallel_tree_top.sv:77$1238'.
  created $adff cell `$procdff$4531' with positive edge clock and positive level reset.
Creating register for signal `$paramod$e6d2582358ff6950cc507271baa264b5b8280dfa\logic_normalization_parallel_tree_top.\alloc_rr_q' using process `$paramod$e6d2582358ff6950cc507271baa264b5b8280dfa\logic_normalization_parallel_tree_top.$proc$rtl/logic_normalization_parallel_tree_top.sv:77$1238'.
  created $adff cell `$procdff$4536' with positive edge clock and positive level reset.
Creating register for signal `$paramod$e6d2582358ff6950cc507271baa264b5b8280dfa\logic_normalization_parallel_tree_top.\rsp_rr_q' using process `$paramod$e6d2582358ff6950cc507271baa264b5b8280dfa\logic_normalization_parallel_tree_top.$proc$rtl/logic_normalization_parallel_tree_top.sv:77$1238'.
  created $adff cell `$procdff$4541' with positive edge clock and positive level reset.
Creating register for signal `$paramod$e6d2582358ff6950cc507271baa264b5b8280dfa\logic_normalization_parallel_tree_top.$fordecl_block$520.l' using process `$paramod$e6d2582358ff6950cc507271baa264b5b8280dfa\logic_normalization_parallel_tree_top.$proc$rtl/logic_normalization_parallel_tree_top.sv:77$1238'.
  created $dff cell `$procdff$4548' with positive edge clock.
Creating register for signal `$paramod$e6d2582358ff6950cc507271baa264b5b8280dfa\logic_normalization_parallel_tree_top.$fordecl_block$522.l' using process `$paramod$e6d2582358ff6950cc507271baa264b5b8280dfa\logic_normalization_parallel_tree_top.$proc$rtl/logic_normalization_parallel_tree_top.sv:77$1238'.
  created $dff cell `$procdff$4555' with positive edge clock.
Creating register for signal `$paramod$e6d2582358ff6950cc507271baa264b5b8280dfa\logic_normalization_parallel_tree_top.$fordecl_block$522.$for_loop$523[0].$fordecl_block$524.n' using process `$paramod$e6d2582358ff6950cc507271baa264b5b8280dfa\logic_normalization_parallel_tree_top.$proc$rtl/logic_normalization_parallel_tree_top.sv:77$1238'.
  created $dff cell `$procdff$4562' with positive edge clock.
Creating register for signal `$paramod$e6d2582358ff6950cc507271baa264b5b8280dfa\logic_normalization_parallel_tree_top.$fordecl_block$522.$for_loop$523[1].$fordecl_block$524.n' using process `$paramod$e6d2582358ff6950cc507271baa264b5b8280dfa\logic_normalization_parallel_tree_top.$proc$rtl/logic_normalization_parallel_tree_top.sv:77$1238'.
  created $dff cell `$procdff$4569' with positive edge clock.
Creating register for signal `$paramod$e6d2582358ff6950cc507271baa264b5b8280dfa\logic_normalization_parallel_tree_top.$fordecl_block$522.$for_loop$523[2].$fordecl_block$524.n' using process `$paramod$e6d2582358ff6950cc507271baa264b5b8280dfa\logic_normalization_parallel_tree_top.$proc$rtl/logic_normalization_parallel_tree_top.sv:77$1238'.
  created $dff cell `$procdff$4576' with positive edge clock.
Creating register for signal `$paramod$e6d2582358ff6950cc507271baa264b5b8280dfa\logic_normalization_parallel_tree_top.$fordecl_block$522.$for_loop$523[3].$fordecl_block$524.n' using process `$paramod$e6d2582358ff6950cc507271baa264b5b8280dfa\logic_normalization_parallel_tree_top.$proc$rtl/logic_normalization_parallel_tree_top.sv:77$1238'.
  created $dff cell `$procdff$4583' with positive edge clock.
Creating register for signal `$paramod$e6d2582358ff6950cc507271baa264b5b8280dfa\logic_normalization_parallel_tree_top.\sum_stage_q[16]' using process `$paramod$e6d2582358ff6950cc507271baa264b5b8280dfa\logic_normalization_parallel_tree_top.$proc$rtl/logic_normalization_parallel_tree_top.sv:77$1238'.
  created $dff cell `$procdff$4590' with positive edge clock.
Creating register for signal `$paramod$e6d2582358ff6950cc507271baa264b5b8280dfa\logic_normalization_parallel_tree_top.\sum_stage_q[17]' using process `$paramod$e6d2582358ff6950cc507271baa264b5b8280dfa\logic_normalization_parallel_tree_top.$proc$rtl/logic_normalization_parallel_tree_top.sv:77$1238'.
  created $dff cell `$procdff$4597' with positive edge clock.
Creating register for signal `$paramod$e6d2582358ff6950cc507271baa264b5b8280dfa\logic_normalization_parallel_tree_top.\sum_stage_q[18]' using process `$paramod$e6d2582358ff6950cc507271baa264b5b8280dfa\logic_normalization_parallel_tree_top.$proc$rtl/logic_normalization_parallel_tree_top.sv:77$1238'.
  created $dff cell `$procdff$4604' with positive edge clock.
Creating register for signal `$paramod$e6d2582358ff6950cc507271baa264b5b8280dfa\logic_normalization_parallel_tree_top.\sum_stage_q[19]' using process `$paramod$e6d2582358ff6950cc507271baa264b5b8280dfa\logic_normalization_parallel_tree_top.$proc$rtl/logic_normalization_parallel_tree_top.sv:77$1238'.
  created $dff cell `$procdff$4611' with positive edge clock.
Creating register for signal `$paramod$e6d2582358ff6950cc507271baa264b5b8280dfa\logic_normalization_parallel_tree_top.\sum_stage_q[32]' using process `$paramod$e6d2582358ff6950cc507271baa264b5b8280dfa\logic_normalization_parallel_tree_top.$proc$rtl/logic_normalization_parallel_tree_top.sv:77$1238'.
  created $dff cell `$procdff$4618' with positive edge clock.
Creating register for signal `$paramod$e6d2582358ff6950cc507271baa264b5b8280dfa\logic_normalization_parallel_tree_top.\sum_stage_q[33]' using process `$paramod$e6d2582358ff6950cc507271baa264b5b8280dfa\logic_normalization_parallel_tree_top.$proc$rtl/logic_normalization_parallel_tree_top.sv:77$1238'.
  created $dff cell `$procdff$4625' with positive edge clock.
Creating register for signal `$paramod$e6d2582358ff6950cc507271baa264b5b8280dfa\logic_normalization_parallel_tree_top.\sum_stage_q[48]' using process `$paramod$e6d2582358ff6950cc507271baa264b5b8280dfa\logic_normalization_parallel_tree_top.$proc$rtl/logic_normalization_parallel_tree_top.sv:77$1238'.
  created $dff cell `$procdff$4632' with positive edge clock.
Creating register for signal `$paramod$e6d2582358ff6950cc507271baa264b5b8280dfa\logic_normalization_parallel_tree_top.\sumsq_stage_q[16]' using process `$paramod$e6d2582358ff6950cc507271baa264b5b8280dfa\logic_normalization_parallel_tree_top.$proc$rtl/logic_normalization_parallel_tree_top.sv:77$1238'.
  created $dff cell `$procdff$4639' with positive edge clock.
Creating register for signal `$paramod$e6d2582358ff6950cc507271baa264b5b8280dfa\logic_normalization_parallel_tree_top.\sumsq_stage_q[17]' using process `$paramod$e6d2582358ff6950cc507271baa264b5b8280dfa\logic_normalization_parallel_tree_top.$proc$rtl/logic_normalization_parallel_tree_top.sv:77$1238'.
  created $dff cell `$procdff$4646' with positive edge clock.
Creating register for signal `$paramod$e6d2582358ff6950cc507271baa264b5b8280dfa\logic_normalization_parallel_tree_top.\sumsq_stage_q[18]' using process `$paramod$e6d2582358ff6950cc507271baa264b5b8280dfa\logic_normalization_parallel_tree_top.$proc$rtl/logic_normalization_parallel_tree_top.sv:77$1238'.
  created $dff cell `$procdff$4653' with positive edge clock.
Creating register for signal `$paramod$e6d2582358ff6950cc507271baa264b5b8280dfa\logic_normalization_parallel_tree_top.\sumsq_stage_q[19]' using process `$paramod$e6d2582358ff6950cc507271baa264b5b8280dfa\logic_normalization_parallel_tree_top.$proc$rtl/logic_normalization_parallel_tree_top.sv:77$1238'.
  created $dff cell `$procdff$4660' with positive edge clock.
Creating register for signal `$paramod$e6d2582358ff6950cc507271baa264b5b8280dfa\logic_normalization_parallel_tree_top.\sumsq_stage_q[32]' using process `$paramod$e6d2582358ff6950cc507271baa264b5b8280dfa\logic_normalization_parallel_tree_top.$proc$rtl/logic_normalization_parallel_tree_top.sv:77$1238'.
  created $dff cell `$procdff$4667' with positive edge clock.
Creating register for signal `$paramod$e6d2582358ff6950cc507271baa264b5b8280dfa\logic_normalization_parallel_tree_top.\sumsq_stage_q[33]' using process `$paramod$e6d2582358ff6950cc507271baa264b5b8280dfa\logic_normalization_parallel_tree_top.$proc$rtl/logic_normalization_parallel_tree_top.sv:77$1238'.
  created $dff cell `$procdff$4674' with positive edge clock.
Creating register for signal `$paramod$e6d2582358ff6950cc507271baa264b5b8280dfa\logic_normalization_parallel_tree_top.\sumsq_stage_q[48]' using process `$paramod$e6d2582358ff6950cc507271baa264b5b8280dfa\logic_normalization_parallel_tree_top.$proc$rtl/logic_normalization_parallel_tree_top.sv:77$1238'.
  created $dff cell `$procdff$4681' with positive edge clock.
Creating register for signal `$paramod\logic_normalization_scalar_engine\TAG_WIDTH=32'00000000000000000000000000010000.\response_valid_o' using process `$paramod\logic_normalization_scalar_engine\TAG_WIDTH=32'00000000000000000000000000010000.$proc$rtl/logic_normalization_scalar_engine.sv:72$998'.
  created $adff cell `$procdff$4686' with positive edge clock and positive level reset.
Creating register for signal `$paramod\logic_normalization_scalar_engine\TAG_WIDTH=32'00000000000000000000000000010000.\response_rms_norm_o' using process `$paramod\logic_normalization_scalar_engine\TAG_WIDTH=32'00000000000000000000000000010000.$proc$rtl/logic_normalization_scalar_engine.sv:72$998'.
  created $adff cell `$procdff$4691' with positive edge clock and positive level reset.
Creating register for signal `$paramod\logic_normalization_scalar_engine\TAG_WIDTH=32'00000000000000000000000000010000.\response_tag_o' using process `$paramod\logic_normalization_scalar_engine\TAG_WIDTH=32'00000000000000000000000000010000.$proc$rtl/logic_normalization_scalar_engine.sv:72$998'.
  created $adff cell `$procdff$4696' with positive edge clock and positive level reset.
Creating register for signal `$paramod\logic_normalization_scalar_engine\TAG_WIDTH=32'00000000000000000000000000010000.\mean_o' using process `$paramod\logic_normalization_scalar_engine\TAG_WIDTH=32'00000000000000000000000000010000.$proc$rtl/logic_normalization_scalar_engine.sv:72$998'.
  created $adff cell `$procdff$4701' with positive edge clock and positive level reset.
Creating register for signal `$paramod\logic_normalization_scalar_engine\TAG_WIDTH=32'00000000000000000000000000010000.\inv_std_o' using process `$paramod\logic_normalization_scalar_engine\TAG_WIDTH=32'00000000000000000000000000010000.$proc$rtl/logic_normalization_scalar_engine.sv:72$998'.
  created $adff cell `$procdff$4706' with positive edge clock and positive level reset.
Creating register for signal `$paramod\logic_normalization_scalar_engine\TAG_WIDTH=32'00000000000000000000000000010000.\variance_clamped_o' using process `$paramod\logic_normalization_scalar_engine\TAG_WIDTH=32'00000000000000000000000000010000.$proc$rtl/logic_normalization_scalar_engine.sv:72$998'.
  created $adff cell `$procdff$4711' with positive edge clock and positive level reset.
Creating register for signal `$paramod\logic_normalization_scalar_engine\TAG_WIDTH=32'00000000000000000000000000010000.\state_q' using process `$paramod\logic_normalization_scalar_engine\TAG_WIDTH=32'00000000000000000000000000010000.$proc$rtl/logic_normalization_scalar_engine.sv:72$998'.
  created $adff cell `$procdff$4716' with positive edge clock and positive level reset.
Creating register for signal `$paramod\logic_normalization_scalar_engine\TAG_WIDTH=32'00000000000000000000000000010000.\mode_q' using process `$paramod\logic_normalization_scalar_engine\TAG_WIDTH=32'00000000000000000000000000010000.$proc$rtl/logic_normalization_scalar_engine.sv:72$998'.
  created $adff cell `$procdff$4721' with positive edge clock and positive level reset.
Creating register for signal `$paramod\logic_normalization_scalar_engine\TAG_WIDTH=32'00000000000000000000000000010000.\clamped_q' using process `$paramod\logic_normalization_scalar_engine\TAG_WIDTH=32'00000000000000000000000000010000.$proc$rtl/logic_normalization_scalar_engine.sv:72$998'.
  created $adff cell `$procdff$4726' with positive edge clock and positive level reset.
Creating register for signal `$paramod\logic_normalization_scalar_engine\TAG_WIDTH=32'00000000000000000000000000010000.\tag_q' using process `$paramod\logic_normalization_scalar_engine\TAG_WIDTH=32'00000000000000000000000000010000.$proc$rtl/logic_normalization_scalar_engine.sv:72$998'.
  created $adff cell `$procdff$4731' with positive edge clock and positive level reset.
Creating register for signal `$paramod\logic_normalization_scalar_engine\TAG_WIDTH=32'00000000000000000000000000010000.\epsilon_q' using process `$paramod\logic_normalization_scalar_engine\TAG_WIDTH=32'00000000000000000000000000010000.$proc$rtl/logic_normalization_scalar_engine.sv:72$998'.
  created $adff cell `$procdff$4736' with positive edge clock and positive level reset.
Creating register for signal `$paramod\logic_normalization_scalar_engine\TAG_WIDTH=32'00000000000000000000000000010000.\mean_q' using process `$paramod\logic_normalization_scalar_engine\TAG_WIDTH=32'00000000000000000000000000010000.$proc$rtl/logic_normalization_scalar_engine.sv:72$998'.
  created $adff cell `$procdff$4741' with positive edge clock and positive level reset.
Creating register for signal `$paramod\logic_normalization_scalar_engine\TAG_WIDTH=32'00000000000000000000000000010000.\mean_square_q' using process `$paramod\logic_normalization_scalar_engine\TAG_WIDTH=32'00000000000000000000000000010000.$proc$rtl/logic_normalization_scalar_engine.sv:72$998'.
  created $adff cell `$procdff$4746' with positive edge clock and positive level reset.
Creating register for signal `$paramod\logic_normalization_scalar_engine\TAG_WIDTH=32'00000000000000000000000000010000.\variance_q' using process `$paramod\logic_normalization_scalar_engine\TAG_WIDTH=32'00000000000000000000000000010000.$proc$rtl/logic_normalization_scalar_engine.sv:72$998'.
  created $adff cell `$procdff$4751' with positive edge clock and positive level reset.
Creating register for signal `$paramod\logic_normalization_scalar_engine\TAG_WIDTH=32'00000000000000000000000000010000.\argument_q' using process `$paramod\logic_normalization_scalar_engine\TAG_WIDTH=32'00000000000000000000000000010000.$proc$rtl/logic_normalization_scalar_engine.sv:72$998'.
  created $adff cell `$procdff$4756' with positive edge clock and positive level reset.
Creating register for signal `\fp16_rsqrt_lut256.\output_valid_o' using process `\fp16_rsqrt_lut256.$proc$rtl/fp16_rsqrt_lut256.sv:73$232'.
  created $adff cell `$procdff$4761' with positive edge clock and positive level reset.
Creating register for signal `\fp16_rsqrt_lut256.\output_data_o' using process `\fp16_rsqrt_lut256.$proc$rtl/fp16_rsqrt_lut256.sv:73$232'.
  created $adff cell `$procdff$4766' with positive edge clock and positive level reset.
Creating register for signal `\fp16_rsqrt_lut256.\approximate_rsqrt$func$rtl/fp16_rsqrt_lut256.sv:79$229.$result' using process `\fp16_rsqrt_lut256.$proc$rtl/fp16_rsqrt_lut256.sv:73$232'.
  created $adff cell `$procdff$4771' with positive edge clock and positive level reset.
Creating register for signal `\fp16_rsqrt_lut256.\approximate_rsqrt$func$rtl/fp16_rsqrt_lut256.sv:79$229.value' using process `\fp16_rsqrt_lut256.$proc$rtl/fp16_rsqrt_lut256.sv:73$232'.
  created $adff cell `$procdff$4776' with positive edge clock and positive level reset.
Creating register for signal `\fp16_rsqrt_lut256.\approximate_rsqrt$func$rtl/fp16_rsqrt_lut256.sv:79$229.sign' using process `\fp16_rsqrt_lut256.$proc$rtl/fp16_rsqrt_lut256.sv:73$232'.
  created $adff cell `$procdff$4781' with positive edge clock and positive level reset.
Creating register for signal `\fp16_rsqrt_lut256.\approximate_rsqrt$func$rtl/fp16_rsqrt_lut256.sv:79$229.exponent' using process `\fp16_rsqrt_lut256.$proc$rtl/fp16_rsqrt_lut256.sv:73$232'.
  created $adff cell `$procdff$4786' with positive edge clock and positive level reset.
Creating register for signal `\fp16_rsqrt_lut256.\approximate_rsqrt$func$rtl/fp16_rsqrt_lut256.sv:79$229.fraction' using process `\fp16_rsqrt_lut256.$proc$rtl/fp16_rsqrt_lut256.sv:73$232'.
  created $adff cell `$procdff$4791' with positive edge clock and positive level reset.
Creating register for signal `\fp16_rsqrt_lut256.\approximate_rsqrt$func$rtl/fp16_rsqrt_lut256.sv:79$229.normalized_mantissa' using process `\fp16_rsqrt_lut256.$proc$rtl/fp16_rsqrt_lut256.sv:73$232'.
  created $adff cell `$procdff$4796' with positive edge clock and positive level reset.
Creating register for signal `\fp16_rsqrt_lut256.\approximate_rsqrt$func$rtl/fp16_rsqrt_lut256.sv:79$229.adjusted_mantissa' using process `\fp16_rsqrt_lut256.$proc$rtl/fp16_rsqrt_lut256.sv:73$232'.
  created $adff cell `$procdff$4801' with positive edge clock and positive level reset.
Creating register for signal `\fp16_rsqrt_lut256.\approximate_rsqrt$func$rtl/fp16_rsqrt_lut256.sv:79$229.unbiased_exponent' using process `\fp16_rsqrt_lut256.$proc$rtl/fp16_rsqrt_lut256.sv:73$232'.
  created $adff cell `$procdff$4806' with positive edge clock and positive level reset.
Creating register for signal `\fp16_rsqrt_lut256.\approximate_rsqrt$func$rtl/fp16_rsqrt_lut256.sv:79$229.even_exponent' using process `\fp16_rsqrt_lut256.$proc$rtl/fp16_rsqrt_lut256.sv:73$232'.
  created $adff cell `$procdff$4811' with positive edge clock and positive level reset.
Creating register for signal `\fp16_rsqrt_lut256.\approximate_rsqrt$func$rtl/fp16_rsqrt_lut256.sv:79$229.output_exponent' using process `\fp16_rsqrt_lut256.$proc$rtl/fp16_rsqrt_lut256.sv:73$232'.
  created $adff cell `$procdff$4816' with positive edge clock and positive level reset.
Creating register for signal `\fp16_rsqrt_lut256.\approximate_rsqrt$func$rtl/fp16_rsqrt_lut256.sv:79$229.delta' using process `\fp16_rsqrt_lut256.$proc$rtl/fp16_rsqrt_lut256.sv:73$232'.
  created $adff cell `$procdff$4821' with positive edge clock and positive level reset.
Creating register for signal `\fp16_rsqrt_lut256.\approximate_rsqrt$func$rtl/fp16_rsqrt_lut256.sv:79$229.index' using process `\fp16_rsqrt_lut256.$proc$rtl/fp16_rsqrt_lut256.sv:73$232'.
  created $adff cell `$procdff$4826' with positive edge clock and positive level reset.
Creating register for signal `\fp16_rsqrt_lut256.\approximate_rsqrt$func$rtl/fp16_rsqrt_lut256.sv:79$229.lut_value' using process `\fp16_rsqrt_lut256.$proc$rtl/fp16_rsqrt_lut256.sv:73$232'.
  created $adff cell `$procdff$4831' with positive edge clock and positive level reset.
Creating register for signal `\fp16_rsqrt_lut256.\approximate_rsqrt$func$rtl/fp16_rsqrt_lut256.sv:79$229.leading_one' using process `\fp16_rsqrt_lut256.$proc$rtl/fp16_rsqrt_lut256.sv:73$232'.
  created $adff cell `$procdff$4836' with positive edge clock and positive level reset.
Creating register for signal `\fp16_rsqrt_lut256.\approximate_rsqrt$func$rtl/fp16_rsqrt_lut256.sv:79$229.$fordecl_block$227.bit_index' using process `\fp16_rsqrt_lut256.$proc$rtl/fp16_rsqrt_lut256.sv:73$232'.
  created $dff cell `$procdff$4843' with positive edge clock.

13.2.10. Executing PROC_MEMWR pass (convert process memory writes to cells).

13.2.11. Executing PROC_CLEAN pass (remove empty switches from decision trees).
Found and cleaned up 16 empty switches in `\hierarchical_normalization_streaming_top.$proc$rtl/hierarchical_normalization_streaming_top.sv:29$931'.
Removing empty process `hierarchical_normalization_streaming_top.$proc$rtl/hierarchical_normalization_streaming_top.sv:29$931'.
Removing empty process `$paramod$7f46819eecda06228f84979737259751ccd53663\bank_normalization_multirow_vector_reducer.$proc$rtl/bank_normalization_multirow_vector_reducer.sv:0$1448'.
Found and cleaned up 1 empty switch in `$paramod$7f46819eecda06228f84979737259751ccd53663\bank_normalization_multirow_vector_reducer.$proc$rtl/bank_normalization_multirow_vector_reducer.sv:0$1445'.
Removing empty process `$paramod$7f46819eecda06228f84979737259751ccd53663\bank_normalization_multirow_vector_reducer.$proc$rtl/bank_normalization_multirow_vector_reducer.sv:0$1445'.
Found and cleaned up 1 empty switch in `$paramod$7f46819eecda06228f84979737259751ccd53663\bank_normalization_multirow_vector_reducer.$proc$rtl/bank_normalization_multirow_vector_reducer.sv:0$1442'.
Removing empty process `$paramod$7f46819eecda06228f84979737259751ccd53663\bank_normalization_multirow_vector_reducer.$proc$rtl/bank_normalization_multirow_vector_reducer.sv:0$1442'.
Found and cleaned up 1 empty switch in `$paramod$7f46819eecda06228f84979737259751ccd53663\bank_normalization_multirow_vector_reducer.$proc$rtl/bank_normalization_multirow_vector_reducer.sv:0$1439'.
Removing empty process `$paramod$7f46819eecda06228f84979737259751ccd53663\bank_normalization_multirow_vector_reducer.$proc$rtl/bank_normalization_multirow_vector_reducer.sv:0$1439'.
Found and cleaned up 15 empty switches in `$paramod$7f46819eecda06228f84979737259751ccd53663\bank_normalization_multirow_vector_reducer.$proc$rtl/bank_normalization_multirow_vector_reducer.sv:83$1395'.
Removing empty process `$paramod$7f46819eecda06228f84979737259751ccd53663\bank_normalization_multirow_vector_reducer.$proc$rtl/bank_normalization_multirow_vector_reducer.sv:83$1395'.
Found and cleaned up 3 empty switches in `$paramod$865746d0c425e5bff1afb43fc0ca954cd0aab93f\logic_normalization_bank_barrier.$proc$rtl/logic_normalization_bank_barrier.sv:43$1352'.
Removing empty process `$paramod$865746d0c425e5bff1afb43fc0ca954cd0aab93f\logic_normalization_bank_barrier.$proc$rtl/logic_normalization_bank_barrier.sv:43$1352'.
Found and cleaned up 49 empty switches in `$paramod$865746d0c425e5bff1afb43fc0ca954cd0aab93f\logic_normalization_bank_barrier.$proc$rtl/logic_normalization_bank_barrier.sv:25$1292'.
Removing empty process `$paramod$865746d0c425e5bff1afb43fc0ca954cd0aab93f\logic_normalization_bank_barrier.$proc$rtl/logic_normalization_bank_barrier.sv:25$1292'.
Removing empty process `$paramod$e6d2582358ff6950cc507271baa264b5b8280dfa\logic_normalization_parallel_tree_top.$proc$rtl/logic_normalization_parallel_tree_top.sv:0$1291'.
Found and cleaned up 3 empty switches in `$paramod$e6d2582358ff6950cc507271baa264b5b8280dfa\logic_normalization_parallel_tree_top.$proc$rtl/logic_normalization_parallel_tree_top.sv:77$1238'.
Removing empty process `$paramod$e6d2582358ff6950cc507271baa264b5b8280dfa\logic_normalization_parallel_tree_top.$proc$rtl/logic_normalization_parallel_tree_top.sv:77$1238'.
Found and cleaned up 18 empty switches in `$paramod$e6d2582358ff6950cc507271baa264b5b8280dfa\logic_normalization_parallel_tree_top.$proc$rtl/logic_normalization_parallel_tree_top.sv:51$1105'.
Removing empty process `$paramod$e6d2582358ff6950cc507271baa264b5b8280dfa\logic_normalization_parallel_tree_top.$proc$rtl/logic_normalization_parallel_tree_top.sv:51$1105'.
Found and cleaned up 5 empty switches in `$paramod\logic_normalization_scalar_engine\TAG_WIDTH=32'00000000000000000000000000010000.$proc$rtl/logic_normalization_scalar_engine.sv:72$998'.
Removing empty process `$paramod\logic_normalization_scalar_engine\TAG_WIDTH=32'00000000000000000000000000010000.$proc$rtl/logic_normalization_scalar_engine.sv:72$998'.
Found and cleaned up 18 empty switches in `\fp16_rsqrt_lut256.$proc$rtl/fp16_rsqrt_lut256.sv:73$232'.
Removing empty process `fp16_rsqrt_lut256.$proc$rtl/fp16_rsqrt_lut256.sv:73$232'.
Found and cleaned up 32 empty switches in `\fp16_mul.$proc$rtl/fp16_mul.sv:16$143'.
Removing empty process `fp16_mul.$proc$rtl/fp16_mul.sv:16$143'.
Found and cleaned up 26 empty switches in `\fp16_add.$proc$rtl/fp16_add.sv:28$3'.
Removing empty process `fp16_add.$proc$rtl/fp16_add.sv:28$3'.
Cleaned up 188 empty switches.

13.2.12. Executing OPT_EXPR pass (perform const folding).
Optimizing module hierarchical_normalization_streaming_top.
Optimizing module $paramod$7f46819eecda06228f84979737259751ccd53663\bank_normalization_multirow_vector_reducer.
<suppressed ~94 debug messages>
Optimizing module $paramod$e6d2582358ff6950cc507271baa264b5b8280dfa\logic_normalization_barrier_tree_top.
Optimizing module $paramod$865746d0c425e5bff1afb43fc0ca954cd0aab93f\logic_normalization_bank_barrier.
<suppressed ~31 debug messages>
Optimizing module $paramod$e6d2582358ff6950cc507271baa264b5b8280dfa\logic_normalization_parallel_tree_top.
<suppressed ~98 debug messages>
Optimizing module $paramod$cf256f1e07155db3e20fb233046fedb4711c91b2\logic_normalization_scalar_engine_array.
Optimizing module $paramod\logic_normalization_scalar_engine\TAG_WIDTH=32'00000000000000000000000000010000.
<suppressed ~38 debug messages>
Optimizing module fp16_rsqrt_lut256.
<suppressed ~41 debug messages>
Optimizing module fp16_mul.
<suppressed ~54 debug messages>
Optimizing module fp16_add.
<suppressed ~29 debug messages>

13.3. Executing OPT_EXPR pass (perform const folding).
Optimizing module hierarchical_normalization_streaming_top.
Optimizing module $paramod$7f46819eecda06228f84979737259751ccd53663\bank_normalization_multirow_vector_reducer.
Optimizing module $paramod$e6d2582358ff6950cc507271baa264b5b8280dfa\logic_normalization_barrier_tree_top.
Optimizing module $paramod$865746d0c425e5bff1afb43fc0ca954cd0aab93f\logic_normalization_bank_barrier.
Optimizing module $paramod$e6d2582358ff6950cc507271baa264b5b8280dfa\logic_normalization_parallel_tree_top.
<suppressed ~40 debug messages>
Optimizing module $paramod$cf256f1e07155db3e20fb233046fedb4711c91b2\logic_normalization_scalar_engine_array.
Optimizing module $paramod\logic_normalization_scalar_engine\TAG_WIDTH=32'00000000000000000000000000010000.
Optimizing module fp16_rsqrt_lut256.
Optimizing module fp16_mul.
Optimizing module fp16_add.

13.4. Executing OPT_CLEAN pass (remove unused cells and wires).
Finding unused cells or wires in module \hierarchical_normalization_streaming_top..
Finding unused cells or wires in module $paramod$7f46819eecda06228f84979737259751ccd53663\bank_normalization_multirow_vector_reducer..
Finding unused cells or wires in module $paramod$e6d2582358ff6950cc507271baa264b5b8280dfa\logic_normalization_barrier_tree_top..
Finding unused cells or wires in module $paramod$865746d0c425e5bff1afb43fc0ca954cd0aab93f\logic_normalization_bank_barrier..
Finding unused cells or wires in module $paramod$e6d2582358ff6950cc507271baa264b5b8280dfa\logic_normalization_parallel_tree_top..
Finding unused cells or wires in module $paramod$cf256f1e07155db3e20fb233046fedb4711c91b2\logic_normalization_scalar_engine_array..
Finding unused cells or wires in module $paramod\logic_normalization_scalar_engine\TAG_WIDTH=32'00000000000000000000000000010000..
Finding unused cells or wires in module \fp16_rsqrt_lut256..
Finding unused cells or wires in module \fp16_mul..
Finding unused cells or wires in module \fp16_add..
Removed 515 unused cells and 2603 unused wires.
<suppressed ~764 debug messages>

13.5. Executing CHECK pass (checking for obvious problems).
Checking module $paramod$7f46819eecda06228f84979737259751ccd53663\bank_normalization_multirow_vector_reducer...
Checking module $paramod$865746d0c425e5bff1afb43fc0ca954cd0aab93f\logic_normalization_bank_barrier...
Checking module $paramod$cf256f1e07155db3e20fb233046fedb4711c91b2\logic_normalization_scalar_engine_array...
Checking module $paramod$e6d2582358ff6950cc507271baa264b5b8280dfa\logic_normalization_barrier_tree_top...
Checking module $paramod$e6d2582358ff6950cc507271baa264b5b8280dfa\logic_normalization_parallel_tree_top...
Checking module $paramod\logic_normalization_scalar_engine\TAG_WIDTH=32'00000000000000000000000000010000...
Checking module fp16_add...
Checking module fp16_mul...
Checking module fp16_rsqrt_lut256...
Checking module hierarchical_normalization_streaming_top...
Found and reported 0 problems.

13.6. Executing OPT pass (performing simple optimizations).

13.6.1. Executing OPT_EXPR pass (perform const folding).
Optimizing module $paramod$7f46819eecda06228f84979737259751ccd53663\bank_normalization_multirow_vector_reducer.
Optimizing module $paramod$865746d0c425e5bff1afb43fc0ca954cd0aab93f\logic_normalization_bank_barrier.
Optimizing module $paramod$cf256f1e07155db3e20fb233046fedb4711c91b2\logic_normalization_scalar_engine_array.
Optimizing module $paramod$e6d2582358ff6950cc507271baa264b5b8280dfa\logic_normalization_barrier_tree_top.
Optimizing module $paramod$e6d2582358ff6950cc507271baa264b5b8280dfa\logic_normalization_parallel_tree_top.
Optimizing module $paramod\logic_normalization_scalar_engine\TAG_WIDTH=32'00000000000000000000000000010000.
Optimizing module fp16_add.
Optimizing module fp16_mul.
Optimizing module fp16_rsqrt_lut256.
Optimizing module hierarchical_normalization_streaming_top.

13.6.2. Executing OPT_MERGE pass (detect identical cells).
Finding identical cells in module `$paramod$7f46819eecda06228f84979737259751ccd53663\bank_normalization_multirow_vector_reducer'.
<suppressed ~57 debug messages>
Finding identical cells in module `$paramod$865746d0c425e5bff1afb43fc0ca954cd0aab93f\logic_normalization_bank_barrier'.
Finding identical cells in module `$paramod$cf256f1e07155db3e20fb233046fedb4711c91b2\logic_normalization_scalar_engine_array'.
Finding identical cells in module `$paramod$e6d2582358ff6950cc507271baa264b5b8280dfa\logic_normalization_barrier_tree_top'.
Finding identical cells in module `$paramod$e6d2582358ff6950cc507271baa264b5b8280dfa\logic_normalization_parallel_tree_top'.
<suppressed ~3 debug messages>
Finding identical cells in module `$paramod\logic_normalization_scalar_engine\TAG_WIDTH=32'00000000000000000000000000010000'.
<suppressed ~72 debug messages>
Finding identical cells in module `\fp16_add'.
<suppressed ~30 debug messages>
Finding identical cells in module `\fp16_mul'.
<suppressed ~51 debug messages>
Finding identical cells in module `\fp16_rsqrt_lut256'.
<suppressed ~3 debug messages>
Finding identical cells in module `\hierarchical_normalization_streaming_top'.
Removed a total of 72 cells.

13.6.3. Executing OPT_MUXTREE pass (detect dead branches in mux trees).
Running muxtree optimizer on module $paramod$7f46819eecda06228f84979737259751ccd53663\bank_normalization_multirow_vector_reducer..
  Creating internal representation of mux trees.
  Evaluating internal representation of mux trees.
  Analyzing evaluation results.
Running muxtree optimizer on module $paramod$865746d0c425e5bff1afb43fc0ca954cd0aab93f\logic_normalization_bank_barrier..
  Creating internal representation of mux trees.
  Evaluating internal representation of mux trees.
  Analyzing evaluation results.
    dead port 2/2 on $mux $procmux$1719.
    dead port 2/2 on $mux $procmux$1725.
    dead port 2/2 on $mux $procmux$1737.
    dead port 2/2 on $mux $procmux$1743.
    dead port 2/2 on $mux $procmux$1755.
    dead port 2/2 on $mux $procmux$1761.
    dead port 2/2 on $mux $procmux$1773.
    dead port 2/2 on $mux $procmux$1779.
    dead port 2/2 on $mux $procmux$1791.
    dead port 2/2 on $mux $procmux$1797.
    dead port 2/2 on $mux $procmux$1809.
    dead port 2/2 on $mux $procmux$1815.
    dead port 2/2 on $mux $procmux$1827.
    dead port 2/2 on $mux $procmux$1833.
    dead port 2/2 on $mux $procmux$1845.
    dead port 2/2 on $mux $procmux$1851.
    dead port 2/2 on $mux $procmux$1863.
    dead port 2/2 on $mux $procmux$1869.
    dead port 2/2 on $mux $procmux$1881.
    dead port 2/2 on $mux $procmux$1887.
    dead port 2/2 on $mux $procmux$1899.
    dead port 2/2 on $mux $procmux$1905.
    dead port 2/2 on $mux $procmux$1917.
    dead port 2/2 on $mux $procmux$1923.
    dead port 2/2 on $mux $procmux$1935.
    dead port 2/2 on $mux $procmux$1941.
    dead port 2/2 on $mux $procmux$1953.
    dead port 2/2 on $mux $procmux$1959.
    dead port 2/2 on $mux $procmux$1971.
    dead port 2/2 on $mux $procmux$1977.
    dead port 2/2 on $mux $procmux$1989.
    dead port 2/2 on $mux $procmux$1995.
Running muxtree optimizer on module $paramod$cf256f1e07155db3e20fb233046fedb4711c91b2\logic_normalization_scalar_engine_array..
  Creating internal representation of mux trees.
  No muxes found in this module.
Running muxtree optimizer on module $paramod$e6d2582358ff6950cc507271baa264b5b8280dfa\logic_normalization_barrier_tree_top..
  Creating internal representation of mux trees.
  No muxes found in this module.
Running muxtree optimizer on module $paramod$e6d2582358ff6950cc507271baa264b5b8280dfa\logic_normalization_parallel_tree_top..
  Creating internal representation of mux trees.
  Evaluating internal representation of mux trees.
  Analyzing evaluation results.
Running muxtree optimizer on module $paramod\logic_normalization_scalar_engine\TAG_WIDTH=32'00000000000000000000000000010000..
  Creating internal representation of mux trees.
  Evaluating internal representation of mux trees.
  Analyzing evaluation results.
Running muxtree optimizer on module \fp16_add..
  Creating internal representation of mux trees.
  Evaluating internal representation of mux trees.
      Replacing known input bits on port A of cell $procmux$3768: $add$rtl/fp16_add.sv:69$110_Y -> { 1'0 $add$rtl/fp16_add.sv:69$110_Y [10:0] }
      Replacing known input bits on port B of cell $procmux$3768: { 1'0 $add$rtl/fp16_add.sv:69$110_Y [11:1] } -> { 2'01 $add$rtl/fp16_add.sv:69$110_Y [10:1] }
      Replacing known input bits on port B of cell $procmux$3928: $add$rtl/fp16_add.sv:52$38_Y [14:2] -> { 1'1 $add$rtl/fp16_add.sv:52$38_Y [13:2] }
  Analyzing evaluation results.
    dead port 1/2 on $mux $procmux$3684.
    dead port 1/2 on $mux $procmux$3687.
    dead port 1/2 on $mux $procmux$3690.
    dead port 1/2 on $mux $procmux$3693.
    dead port 1/2 on $mux $procmux$3696.
    dead port 1/2 on $mux $procmux$3699.
    dead port 1/2 on $mux $procmux$3705.
    dead port 1/2 on $mux $procmux$3708.
    dead port 1/2 on $mux $procmux$3711.
    dead port 1/2 on $mux $procmux$3714.
    dead port 1/2 on $mux $procmux$3717.
    dead port 1/2 on $mux $procmux$3723.
    dead port 1/2 on $mux $procmux$3726.
    dead port 1/2 on $mux $procmux$3729.
    dead port 1/2 on $mux $procmux$3732.
    dead port 1/2 on $mux $procmux$3738.
    dead port 1/2 on $mux $procmux$3741.
    dead port 1/2 on $mux $procmux$3744.
    dead port 1/2 on $mux $procmux$3750.
    dead port 1/2 on $mux $procmux$3753.
    dead port 1/2 on $mux $procmux$3759.
    dead port 1/2 on $mux $procmux$3774.
    dead port 1/2 on $mux $procmux$3780.
    dead port 2/2 on $mux $procmux$3930.
    dead port 2/2 on $mux $procmux$3936.
    dead port 2/2 on $mux $procmux$3942.
    dead port 1/2 on $mux $procmux$3960.
    dead port 1/2 on $mux $procmux$3966.
Running muxtree optimizer on module \fp16_mul..
  Creating internal representation of mux trees.
  Evaluating internal representation of mux trees.
  Analyzing evaluation results.
    dead port 1/2 on $mux $procmux$3106.
    dead port 1/2 on $mux $procmux$3109.
    dead port 1/2 on $mux $procmux$3112.
    dead port 1/2 on $mux $procmux$3115.
    dead port 1/2 on $mux $procmux$3118.
    dead port 2/2 on $mux $procmux$3178.
    dead port 1/2 on $mux $procmux$3181.
    dead port 1/2 on $mux $procmux$3184.
    dead port 1/2 on $mux $procmux$3187.
    dead port 1/2 on $mux $procmux$3190.
    dead port 2/2 on $mux $procmux$3232.
    dead port 1/2 on $mux $procmux$3235.
    dead port 1/2 on $mux $procmux$3238.
    dead port 1/2 on $mux $procmux$3241.
    dead port 1/2 on $mux $procmux$3244.
    dead port 1/2 on $mux $procmux$3319.
    dead port 1/2 on $mux $procmux$3322.
    dead port 1/2 on $mux $procmux$3325.
    dead port 1/2 on $mux $procmux$3328.
    dead port 1/2 on $mux $procmux$3409.
    dead port 1/2 on $mux $procmux$3412.
    dead port 1/2 on $mux $procmux$3415.
    dead port 1/2 on $mux $procmux$3493.
    dead port 1/2 on $mux $procmux$3496.
    dead port 1/2 on $mux $procmux$3556.
Running muxtree optimizer on module \fp16_rsqrt_lut256..
  Creating internal representation of mux trees.
  Evaluating internal representation of mux trees.
      Replacing known input bits on port A of cell $procmux$2247: $7\approximate_rsqrt$func$rtl/fp16_rsqrt_lut256.sv:79$229.unbiased_exponent[7:0]$335 -> { $7\approximate_rsqrt$func$rtl/fp16_rsqrt_lut256.sv:79$229.unbiased_exponent[7:0]$335 [7:1] 1'0 }
  Analyzing evaluation results.
    dead port 1/2 on $mux $procmux$2514.
    dead port 1/2 on $mux $procmux$2517.
    dead port 1/2 on $mux $procmux$2520.
    dead port 2/2 on $mux $procmux$2522.
    dead port 2/2 on $mux $procmux$2524.
    dead port 1/2 on $mux $procmux$2568.
    dead port 1/2 on $mux $procmux$2571.
    dead port 2/2 on $mux $procmux$2573.
    dead port 2/2 on $mux $procmux$2575.
    dead port 1/2 on $mux $procmux$2733.
    dead port 2/2 on $mux $procmux$2735.
    dead port 2/2 on $mux $procmux$2737.
    dead port 2/2 on $mux $procmux$2864.
    dead port 2/2 on $mux $procmux$2866.
Running muxtree optimizer on module \hierarchical_normalization_streaming_top..
  Creating internal representation of mux trees.
  Evaluating internal representation of mux trees.
  Analyzing evaluation results.
Removed 99 multiplexer ports.
<suppressed ~249 debug messages>

13.6.4. Executing OPT_REDUCE pass (consolidate $*mux and $reduce_* inputs).
  Optimizing cells in module $paramod$7f46819eecda06228f84979737259751ccd53663\bank_normalization_multirow_vector_reducer.
  Optimizing cells in module $paramod$865746d0c425e5bff1afb43fc0ca954cd0aab93f\logic_normalization_bank_barrier.
  Optimizing cells in module $paramod$cf256f1e07155db3e20fb233046fedb4711c91b2\logic_normalization_scalar_engine_array.
  Optimizing cells in module $paramod$e6d2582358ff6950cc507271baa264b5b8280dfa\logic_normalization_barrier_tree_top.
  Optimizing cells in module $paramod$e6d2582358ff6950cc507271baa264b5b8280dfa\logic_normalization_parallel_tree_top.
  Optimizing cells in module $paramod\logic_normalization_scalar_engine\TAG_WIDTH=32'00000000000000000000000000010000.
  Optimizing cells in module \fp16_add.
    New input vector for $reduce_or cell $reduce_or$rtl/fp16_add.sv:10$30: \small_sig
  Optimizing cells in module \fp16_add.
  Optimizing cells in module \fp16_mul.
  Optimizing cells in module \fp16_rsqrt_lut256.
  Optimizing cells in module \hierarchical_normalization_streaming_top.
Performed a total of 1 changes.

13.6.5. Executing OPT_MERGE pass (detect identical cells).
Finding identical cells in module `$paramod$7f46819eecda06228f84979737259751ccd53663\bank_normalization_multirow_vector_reducer'.
<suppressed ~3 debug messages>
Finding identical cells in module `$paramod$865746d0c425e5bff1afb43fc0ca954cd0aab93f\logic_normalization_bank_barrier'.
Finding identical cells in module `$paramod$cf256f1e07155db3e20fb233046fedb4711c91b2\logic_normalization_scalar_engine_array'.
Finding identical cells in module `$paramod$e6d2582358ff6950cc507271baa264b5b8280dfa\logic_normalization_barrier_tree_top'.
Finding identical cells in module `$paramod$e6d2582358ff6950cc507271baa264b5b8280dfa\logic_normalization_parallel_tree_top'.
Finding identical cells in module `$paramod\logic_normalization_scalar_engine\TAG_WIDTH=32'00000000000000000000000000010000'.
Finding identical cells in module `\fp16_add'.
<suppressed ~12 debug messages>
Finding identical cells in module `\fp16_mul'.
Finding identical cells in module `\fp16_rsqrt_lut256'.
Finding identical cells in module `\hierarchical_normalization_streaming_top'.
Removed a total of 5 cells.

13.6.6. Executing OPT_DFF pass (perform DFF optimizations).

13.6.7. Executing OPT_CLEAN pass (remove unused cells and wires).
Finding unused cells or wires in module $paramod$7f46819eecda06228f84979737259751ccd53663\bank_normalization_multirow_vector_reducer..
Finding unused cells or wires in module $paramod$865746d0c425e5bff1afb43fc0ca954cd0aab93f\logic_normalization_bank_barrier..
Finding unused cells or wires in module $paramod$cf256f1e07155db3e20fb233046fedb4711c91b2\logic_normalization_scalar_engine_array..
Finding unused cells or wires in module $paramod$e6d2582358ff6950cc507271baa264b5b8280dfa\logic_normalization_barrier_tree_top..
Finding unused cells or wires in module $paramod$e6d2582358ff6950cc507271baa264b5b8280dfa\logic_normalization_parallel_tree_top..
Finding unused cells or wires in module $paramod\logic_normalization_scalar_engine\TAG_WIDTH=32'00000000000000000000000000010000..
Finding unused cells or wires in module \fp16_add..
Finding unused cells or wires in module \fp16_mul..
Finding unused cells or wires in module \fp16_rsqrt_lut256..
Finding unused cells or wires in module \hierarchical_normalization_streaming_top..
Removed 0 unused cells and 176 unused wires.
<suppressed ~7 debug messages>

13.6.8. Executing OPT_EXPR pass (perform const folding).
Optimizing module $paramod$7f46819eecda06228f84979737259751ccd53663\bank_normalization_multirow_vector_reducer.
<suppressed ~1 debug messages>
Optimizing module $paramod$865746d0c425e5bff1afb43fc0ca954cd0aab93f\logic_normalization_bank_barrier.
Optimizing module $paramod$cf256f1e07155db3e20fb233046fedb4711c91b2\logic_normalization_scalar_engine_array.
Optimizing module $paramod$e6d2582358ff6950cc507271baa264b5b8280dfa\logic_normalization_barrier_tree_top.
Optimizing module $paramod$e6d2582358ff6950cc507271baa264b5b8280dfa\logic_normalization_parallel_tree_top.
Optimizing module $paramod\logic_normalization_scalar_engine\TAG_WIDTH=32'00000000000000000000000000010000.
Optimizing module fp16_add.
Optimizing module fp16_mul.
Optimizing module fp16_rsqrt_lut256.
Optimizing module hierarchical_normalization_streaming_top.

13.6.9. Rerunning OPT passes. (Maybe there is more to do..)

13.6.10. Executing OPT_MUXTREE pass (detect dead branches in mux trees).
Running muxtree optimizer on module $paramod$7f46819eecda06228f84979737259751ccd53663\bank_normalization_multirow_vector_reducer..
  Creating internal representation of mux trees.
  Evaluating internal representation of mux trees.
  Analyzing evaluation results.
Running muxtree optimizer on module $paramod$865746d0c425e5bff1afb43fc0ca954cd0aab93f\logic_normalization_bank_barrier..
  Creating internal representation of mux trees.
  Evaluating internal representation of mux trees.
  Analyzing evaluation results.
Running muxtree optimizer on module $paramod$cf256f1e07155db3e20fb233046fedb4711c91b2\logic_normalization_scalar_engine_array..
  Creating internal representation of mux trees.
  No muxes found in this module.
Running muxtree optimizer on module $paramod$e6d2582358ff6950cc507271baa264b5b8280dfa\logic_normalization_barrier_tree_top..
  Creating internal representation of mux trees.
  No muxes found in this module.
Running muxtree optimizer on module $paramod$e6d2582358ff6950cc507271baa264b5b8280dfa\logic_normalization_parallel_tree_top..
  Creating internal representation of mux trees.
  Evaluating internal representation of mux trees.
  Analyzing evaluation results.
Running muxtree optimizer on module $paramod\logic_normalization_scalar_engine\TAG_WIDTH=32'00000000000000000000000000010000..
  Creating internal representation of mux trees.
  Evaluating internal representation of mux trees.
  Analyzing evaluation results.
Running muxtree optimizer on module \fp16_add..
  Creating internal representation of mux trees.
  Evaluating internal representation of mux trees.
  Analyzing evaluation results.
Running muxtree optimizer on module \fp16_mul..
  Creating internal representation of mux trees.
  Evaluating internal representation of mux trees.
  Analyzing evaluation results.
Running muxtree optimizer on module \fp16_rsqrt_lut256..
  Creating internal representation of mux trees.
  Evaluating internal representation of mux trees.
  Analyzing evaluation results.
Running muxtree optimizer on module \hierarchical_normalization_streaming_top..
  Creating internal representation of mux trees.
  Evaluating internal representation of mux trees.
  Analyzing evaluation results.
Removed 0 multiplexer ports.
<suppressed ~249 debug messages>

13.6.11. Executing OPT_REDUCE pass (consolidate $*mux and $reduce_* inputs).
  Optimizing cells in module $paramod$7f46819eecda06228f84979737259751ccd53663\bank_normalization_multirow_vector_reducer.
  Optimizing cells in module $paramod$865746d0c425e5bff1afb43fc0ca954cd0aab93f\logic_normalization_bank_barrier.
  Optimizing cells in module $paramod$cf256f1e07155db3e20fb233046fedb4711c91b2\logic_normalization_scalar_engine_array.
  Optimizing cells in module $paramod$e6d2582358ff6950cc507271baa264b5b8280dfa\logic_normalization_barrier_tree_top.
  Optimizing cells in module $paramod$e6d2582358ff6950cc507271baa264b5b8280dfa\logic_normalization_parallel_tree_top.
  Optimizing cells in module $paramod\logic_normalization_scalar_engine\TAG_WIDTH=32'00000000000000000000000000010000.
  Optimizing cells in module \fp16_add.
  Optimizing cells in module \fp16_mul.
  Optimizing cells in module \fp16_rsqrt_lut256.
  Optimizing cells in module \hierarchical_normalization_streaming_top.
Performed a total of 0 changes.

13.6.12. Executing OPT_MERGE pass (detect identical cells).
Finding identical cells in module `$paramod$7f46819eecda06228f84979737259751ccd53663\bank_normalization_multirow_vector_reducer'.
Finding identical cells in module `$paramod$865746d0c425e5bff1afb43fc0ca954cd0aab93f\logic_normalization_bank_barrier'.
Finding identical cells in module `$paramod$cf256f1e07155db3e20fb233046fedb4711c91b2\logic_normalization_scalar_engine_array'.
Finding identical cells in module `$paramod$e6d2582358ff6950cc507271baa264b5b8280dfa\logic_normalization_barrier_tree_top'.
Finding identical cells in module `$paramod$e6d2582358ff6950cc507271baa264b5b8280dfa\logic_normalization_parallel_tree_top'.
Finding identical cells in module `$paramod\logic_normalization_scalar_engine\TAG_WIDTH=32'00000000000000000000000000010000'.
Finding identical cells in module `\fp16_add'.
Finding identical cells in module `\fp16_mul'.
Finding identical cells in module `\fp16_rsqrt_lut256'.
Finding identical cells in module `\hierarchical_normalization_streaming_top'.
Removed a total of 0 cells.

13.6.13. Executing OPT_DFF pass (perform DFF optimizations).

13.6.14. Executing OPT_CLEAN pass (remove unused cells and wires).
Finding unused cells or wires in module $paramod$7f46819eecda06228f84979737259751ccd53663\bank_normalization_multirow_vector_reducer..
Finding unused cells or wires in module $paramod$865746d0c425e5bff1afb43fc0ca954cd0aab93f\logic_normalization_bank_barrier..
Finding unused cells or wires in module $paramod$cf256f1e07155db3e20fb233046fedb4711c91b2\logic_normalization_scalar_engine_array..
Finding unused cells or wires in module $paramod$e6d2582358ff6950cc507271baa264b5b8280dfa\logic_normalization_barrier_tree_top..
Finding unused cells or wires in module $paramod$e6d2582358ff6950cc507271baa264b5b8280dfa\logic_normalization_parallel_tree_top..
Finding unused cells or wires in module $paramod\logic_normalization_scalar_engine\TAG_WIDTH=32'00000000000000000000000000010000..
Finding unused cells or wires in module \fp16_add..
Finding unused cells or wires in module \fp16_mul..
Finding unused cells or wires in module \fp16_rsqrt_lut256..
Finding unused cells or wires in module \hierarchical_normalization_streaming_top..
Removed 0 unused cells and 1 unused wires.
<suppressed ~1 debug messages>

13.6.15. Executing OPT_EXPR pass (perform const folding).
Optimizing module $paramod$7f46819eecda06228f84979737259751ccd53663\bank_normalization_multirow_vector_reducer.
Optimizing module $paramod$865746d0c425e5bff1afb43fc0ca954cd0aab93f\logic_normalization_bank_barrier.
Optimizing module $paramod$cf256f1e07155db3e20fb233046fedb4711c91b2\logic_normalization_scalar_engine_array.
Optimizing module $paramod$e6d2582358ff6950cc507271baa264b5b8280dfa\logic_normalization_barrier_tree_top.
Optimizing module $paramod$e6d2582358ff6950cc507271baa264b5b8280dfa\logic_normalization_parallel_tree_top.
Optimizing module $paramod\logic_normalization_scalar_engine\TAG_WIDTH=32'00000000000000000000000000010000.
Optimizing module fp16_add.
Optimizing module fp16_mul.
Optimizing module fp16_rsqrt_lut256.
Optimizing module hierarchical_normalization_streaming_top.

13.6.16. Rerunning OPT passes. (Maybe there is more to do..)

13.6.17. Executing OPT_MUXTREE pass (detect dead branches in mux trees).
Running muxtree optimizer on module $paramod$7f46819eecda06228f84979737259751ccd53663\bank_normalization_multirow_vector_reducer..
  Creating internal representation of mux trees.
  Evaluating internal representation of mux trees.
  Analyzing evaluation results.
Running muxtree optimizer on module $paramod$865746d0c425e5bff1afb43fc0ca954cd0aab93f\logic_normalization_bank_barrier..
  Creating internal representation of mux trees.
  Evaluating internal representation of mux trees.
  Analyzing evaluation results.
Running muxtree optimizer on module $paramod$cf256f1e07155db3e20fb233046fedb4711c91b2\logic_normalization_scalar_engine_array..
  Creating internal representation of mux trees.
  No muxes found in this module.
Running muxtree optimizer on module $paramod$e6d2582358ff6950cc507271baa264b5b8280dfa\logic_normalization_barrier_tree_top..
  Creating internal representation of mux trees.
  No muxes found in this module.
Running muxtree optimizer on module $paramod$e6d2582358ff6950cc507271baa264b5b8280dfa\logic_normalization_parallel_tree_top..
  Creating internal representation of mux trees.
  Evaluating internal representation of mux trees.
  Analyzing evaluation results.
Running muxtree optimizer on module $paramod\logic_normalization_scalar_engine\TAG_WIDTH=32'00000000000000000000000000010000..
  Creating internal representation of mux trees.
  Evaluating internal representation of mux trees.
  Analyzing evaluation results.
Running muxtree optimizer on module \fp16_add..
  Creating internal representation of mux trees.
  Evaluating internal representation of mux trees.
  Analyzing evaluation results.
Running muxtree optimizer on module \fp16_mul..
  Creating internal representation of mux trees.
  Evaluating internal representation of mux trees.
  Analyzing evaluation results.
Running muxtree optimizer on module \fp16_rsqrt_lut256..
  Creating internal representation of mux trees.
  Evaluating internal representation of mux trees.
  Analyzing evaluation results.
Running muxtree optimizer on module \hierarchical_normalization_streaming_top..
  Creating internal representation of mux trees.
  Evaluating internal representation of mux trees.
  Analyzing evaluation results.
Removed 0 multiplexer ports.
<suppressed ~249 debug messages>

13.6.18. Executing OPT_REDUCE pass (consolidate $*mux and $reduce_* inputs).
  Optimizing cells in module $paramod$7f46819eecda06228f84979737259751ccd53663\bank_normalization_multirow_vector_reducer.
  Optimizing cells in module $paramod$865746d0c425e5bff1afb43fc0ca954cd0aab93f\logic_normalization_bank_barrier.
  Optimizing cells in module $paramod$cf256f1e07155db3e20fb233046fedb4711c91b2\logic_normalization_scalar_engine_array.
  Optimizing cells in module $paramod$e6d2582358ff6950cc507271baa264b5b8280dfa\logic_normalization_barrier_tree_top.
  Optimizing cells in module $paramod$e6d2582358ff6950cc507271baa264b5b8280dfa\logic_normalization_parallel_tree_top.
  Optimizing cells in module $paramod\logic_normalization_scalar_engine\TAG_WIDTH=32'00000000000000000000000000010000.
  Optimizing cells in module \fp16_add.
  Optimizing cells in module \fp16_mul.
  Optimizing cells in module \fp16_rsqrt_lut256.
  Optimizing cells in module \hierarchical_normalization_streaming_top.
Performed a total of 0 changes.

13.6.19. Executing OPT_MERGE pass (detect identical cells).
Finding identical cells in module `$paramod$7f46819eecda06228f84979737259751ccd53663\bank_normalization_multirow_vector_reducer'.
Finding identical cells in module `$paramod$865746d0c425e5bff1afb43fc0ca954cd0aab93f\logic_normalization_bank_barrier'.
Finding identical cells in module `$paramod$cf256f1e07155db3e20fb233046fedb4711c91b2\logic_normalization_scalar_engine_array'.
Finding identical cells in module `$paramod$e6d2582358ff6950cc507271baa264b5b8280dfa\logic_normalization_barrier_tree_top'.
Finding identical cells in module `$paramod$e6d2582358ff6950cc507271baa264b5b8280dfa\logic_normalization_parallel_tree_top'.
Finding identical cells in module `$paramod\logic_normalization_scalar_engine\TAG_WIDTH=32'00000000000000000000000000010000'.
Finding identical cells in module `\fp16_add'.
Finding identical cells in module `\fp16_mul'.
Finding identical cells in module `\fp16_rsqrt_lut256'.
Finding identical cells in module `\hierarchical_normalization_streaming_top'.
Removed a total of 0 cells.

13.6.20. Executing OPT_DFF pass (perform DFF optimizations).

13.6.21. Executing OPT_CLEAN pass (remove unused cells and wires).
Finding unused cells or wires in module $paramod$7f46819eecda06228f84979737259751ccd53663\bank_normalization_multirow_vector_reducer..
Finding unused cells or wires in module $paramod$865746d0c425e5bff1afb43fc0ca954cd0aab93f\logic_normalization_bank_barrier..
Finding unused cells or wires in module $paramod$cf256f1e07155db3e20fb233046fedb4711c91b2\logic_normalization_scalar_engine_array..
Finding unused cells or wires in module $paramod$e6d2582358ff6950cc507271baa264b5b8280dfa\logic_normalization_barrier_tree_top..
Finding unused cells or wires in module $paramod$e6d2582358ff6950cc507271baa264b5b8280dfa\logic_normalization_parallel_tree_top..
Finding unused cells or wires in module $paramod\logic_normalization_scalar_engine\TAG_WIDTH=32'00000000000000000000000000010000..
Finding unused cells or wires in module \fp16_add..
Finding unused cells or wires in module \fp16_mul..
Finding unused cells or wires in module \fp16_rsqrt_lut256..
Finding unused cells or wires in module \hierarchical_normalization_streaming_top..

13.6.22. Executing OPT_EXPR pass (perform const folding).
Optimizing module $paramod$7f46819eecda06228f84979737259751ccd53663\bank_normalization_multirow_vector_reducer.
Optimizing module $paramod$865746d0c425e5bff1afb43fc0ca954cd0aab93f\logic_normalization_bank_barrier.
Optimizing module $paramod$cf256f1e07155db3e20fb233046fedb4711c91b2\logic_normalization_scalar_engine_array.
Optimizing module $paramod$e6d2582358ff6950cc507271baa264b5b8280dfa\logic_normalization_barrier_tree_top.
Optimizing module $paramod$e6d2582358ff6950cc507271baa264b5b8280dfa\logic_normalization_parallel_tree_top.
Optimizing module $paramod\logic_normalization_scalar_engine\TAG_WIDTH=32'00000000000000000000000000010000.
Optimizing module fp16_add.
Optimizing module fp16_mul.
Optimizing module fp16_rsqrt_lut256.
Optimizing module hierarchical_normalization_streaming_top.

13.6.23. Finished OPT passes. (There is nothing left to do.)

13.7. Executing FSM pass (extract and optimize FSM).

13.7.1. Executing FSM_DETECT pass (finding FSMs in design).
Not marking $paramod\logic_normalization_scalar_engine\TAG_WIDTH=32'00000000000000000000000000010000.state_q as FSM state register:
    Circuit seems to be self-resetting.

13.7.2. Executing FSM_EXTRACT pass (extracting FSM from design).

13.7.3. Executing FSM_OPT pass (simple optimizations of FSMs).

13.7.4. Executing OPT_CLEAN pass (remove unused cells and wires).
Finding unused cells or wires in module $paramod$7f46819eecda06228f84979737259751ccd53663\bank_normalization_multirow_vector_reducer..
Finding unused cells or wires in module $paramod$865746d0c425e5bff1afb43fc0ca954cd0aab93f\logic_normalization_bank_barrier..
Finding unused cells or wires in module $paramod$cf256f1e07155db3e20fb233046fedb4711c91b2\logic_normalization_scalar_engine_array..
Finding unused cells or wires in module $paramod$e6d2582358ff6950cc507271baa264b5b8280dfa\logic_normalization_barrier_tree_top..
Finding unused cells or wires in module $paramod$e6d2582358ff6950cc507271baa264b5b8280dfa\logic_normalization_parallel_tree_top..
Finding unused cells or wires in module $paramod\logic_normalization_scalar_engine\TAG_WIDTH=32'00000000000000000000000000010000..
Finding unused cells or wires in module \fp16_add..
Finding unused cells or wires in module \fp16_mul..
Finding unused cells or wires in module \fp16_rsqrt_lut256..
Finding unused cells or wires in module \hierarchical_normalization_streaming_top..

13.7.5. Executing FSM_OPT pass (simple optimizations of FSMs).

13.7.6. Executing FSM_RECODE pass (re-assigning FSM state encoding).

13.7.7. Executing FSM_INFO pass (dumping all available information on FSM cells).

13.7.8. Executing FSM_MAP pass (mapping FSMs to basic logic).

13.8. Executing OPT pass (performing simple optimizations).

13.8.1. Executing OPT_EXPR pass (perform const folding).
Optimizing module $paramod$7f46819eecda06228f84979737259751ccd53663\bank_normalization_multirow_vector_reducer.
Optimizing module $paramod$865746d0c425e5bff1afb43fc0ca954cd0aab93f\logic_normalization_bank_barrier.
Optimizing module $paramod$cf256f1e07155db3e20fb233046fedb4711c91b2\logic_normalization_scalar_engine_array.
Optimizing module $paramod$e6d2582358ff6950cc507271baa264b5b8280dfa\logic_normalization_barrier_tree_top.
Optimizing module $paramod$e6d2582358ff6950cc507271baa264b5b8280dfa\logic_normalization_parallel_tree_top.
Optimizing module $paramod\logic_normalization_scalar_engine\TAG_WIDTH=32'00000000000000000000000000010000.
Optimizing module fp16_add.
Optimizing module fp16_mul.
Optimizing module fp16_rsqrt_lut256.
Optimizing module hierarchical_normalization_streaming_top.

13.8.2. Executing OPT_MERGE pass (detect identical cells).
Finding identical cells in module `$paramod$7f46819eecda06228f84979737259751ccd53663\bank_normalization_multirow_vector_reducer'.
Finding identical cells in module `$paramod$865746d0c425e5bff1afb43fc0ca954cd0aab93f\logic_normalization_bank_barrier'.
Finding identical cells in module `$paramod$cf256f1e07155db3e20fb233046fedb4711c91b2\logic_normalization_scalar_engine_array'.
Finding identical cells in module `$paramod$e6d2582358ff6950cc507271baa264b5b8280dfa\logic_normalization_barrier_tree_top'.
Finding identical cells in module `$paramod$e6d2582358ff6950cc507271baa264b5b8280dfa\logic_normalization_parallel_tree_top'.
Finding identical cells in module `$paramod\logic_normalization_scalar_engine\TAG_WIDTH=32'00000000000000000000000000010000'.
Finding identical cells in module `\fp16_add'.
Finding identical cells in module `\fp16_mul'.
Finding identical cells in module `\fp16_rsqrt_lut256'.
Finding identical cells in module `\hierarchical_normalization_streaming_top'.
Removed a total of 0 cells.

13.8.3. Executing OPT_MUXTREE pass (detect dead branches in mux trees).
Running muxtree optimizer on module $paramod$7f46819eecda06228f84979737259751ccd53663\bank_normalization_multirow_vector_reducer..
  Creating internal representation of mux trees.
  Evaluating internal representation of mux trees.
  Analyzing evaluation results.
Running muxtree optimizer on module $paramod$865746d0c425e5bff1afb43fc0ca954cd0aab93f\logic_normalization_bank_barrier..
  Creating internal representation of mux trees.
  Evaluating internal representation of mux trees.
  Analyzing evaluation results.
Running muxtree optimizer on module $paramod$cf256f1e07155db3e20fb233046fedb4711c91b2\logic_normalization_scalar_engine_array..
  Creating internal representation of mux trees.
  No muxes found in this module.
Running muxtree optimizer on module $paramod$e6d2582358ff6950cc507271baa264b5b8280dfa\logic_normalization_barrier_tree_top..
  Creating internal representation of mux trees.
  No muxes found in this module.
Running muxtree optimizer on module $paramod$e6d2582358ff6950cc507271baa264b5b8280dfa\logic_normalization_parallel_tree_top..
  Creating internal representation of mux trees.
  Evaluating internal representation of mux trees.
  Analyzing evaluation results.
Running muxtree optimizer on module $paramod\logic_normalization_scalar_engine\TAG_WIDTH=32'00000000000000000000000000010000..
  Creating internal representation of mux trees.
  Evaluating internal representation of mux trees.
  Analyzing evaluation results.
Running muxtree optimizer on module \fp16_add..
  Creating internal representation of mux trees.
  Evaluating internal representation of mux trees.
  Analyzing evaluation results.
Running muxtree optimizer on module \fp16_mul..
  Creating internal representation of mux trees.
  Evaluating internal representation of mux trees.
  Analyzing evaluation results.
Running muxtree optimizer on module \fp16_rsqrt_lut256..
  Creating internal representation of mux trees.
  Evaluating internal representation of mux trees.
  Analyzing evaluation results.
Running muxtree optimizer on module \hierarchical_normalization_streaming_top..
  Creating internal representation of mux trees.
  Evaluating internal representation of mux trees.
  Analyzing evaluation results.
Removed 0 multiplexer ports.
<suppressed ~249 debug messages>

13.8.4. Executing OPT_REDUCE pass (consolidate $*mux and $reduce_* inputs).
  Optimizing cells in module $paramod$7f46819eecda06228f84979737259751ccd53663\bank_normalization_multirow_vector_reducer.
  Optimizing cells in module $paramod$865746d0c425e5bff1afb43fc0ca954cd0aab93f\logic_normalization_bank_barrier.
  Optimizing cells in module $paramod$cf256f1e07155db3e20fb233046fedb4711c91b2\logic_normalization_scalar_engine_array.
  Optimizing cells in module $paramod$e6d2582358ff6950cc507271baa264b5b8280dfa\logic_normalization_barrier_tree_top.
  Optimizing cells in module $paramod$e6d2582358ff6950cc507271baa264b5b8280dfa\logic_normalization_parallel_tree_top.
  Optimizing cells in module $paramod\logic_normalization_scalar_engine\TAG_WIDTH=32'00000000000000000000000000010000.
  Optimizing cells in module \fp16_add.
  Optimizing cells in module \fp16_mul.
  Optimizing cells in module \fp16_rsqrt_lut256.
  Optimizing cells in module \hierarchical_normalization_streaming_top.
Performed a total of 0 changes.

13.8.5. Executing OPT_MERGE pass (detect identical cells).
Finding identical cells in module `$paramod$7f46819eecda06228f84979737259751ccd53663\bank_normalization_multirow_vector_reducer'.
Finding identical cells in module `$paramod$865746d0c425e5bff1afb43fc0ca954cd0aab93f\logic_normalization_bank_barrier'.
Finding identical cells in module `$paramod$cf256f1e07155db3e20fb233046fedb4711c91b2\logic_normalization_scalar_engine_array'.
Finding identical cells in module `$paramod$e6d2582358ff6950cc507271baa264b5b8280dfa\logic_normalization_barrier_tree_top'.
Finding identical cells in module `$paramod$e6d2582358ff6950cc507271baa264b5b8280dfa\logic_normalization_parallel_tree_top'.
Finding identical cells in module `$paramod\logic_normalization_scalar_engine\TAG_WIDTH=32'00000000000000000000000000010000'.
Finding identical cells in module `\fp16_add'.
Finding identical cells in module `\fp16_mul'.
Finding identical cells in module `\fp16_rsqrt_lut256'.
Finding identical cells in module `\hierarchical_normalization_streaming_top'.
Removed a total of 0 cells.

13.8.6. Executing OPT_DFF pass (perform DFF optimizations).
Adding EN signal on $procdff$4319 ($dff) from module $paramod$7f46819eecda06228f84979737259751ccd53663\bank_normalization_multirow_vector_reducer (D = \accumulated_sumsq, Q = \fifo_sumsq_q[3]).
Adding EN signal on $procdff$4312 ($dff) from module $paramod$7f46819eecda06228f84979737259751ccd53663\bank_normalization_multirow_vector_reducer (D = \accumulated_sumsq, Q = \fifo_sumsq_q[2]).
Adding EN signal on $procdff$4305 ($dff) from module $paramod$7f46819eecda06228f84979737259751ccd53663\bank_normalization_multirow_vector_reducer (D = \accumulated_sumsq, Q = \fifo_sumsq_q[1]).
Adding EN signal on $procdff$4298 ($dff) from module $paramod$7f46819eecda06228f84979737259751ccd53663\bank_normalization_multirow_vector_reducer (D = \accumulated_sumsq, Q = \fifo_sumsq_q[0]).
Adding EN signal on $procdff$4291 ($dff) from module $paramod$7f46819eecda06228f84979737259751ccd53663\bank_normalization_multirow_vector_reducer (D = \accumulated_sum, Q = \fifo_sum_q[3]).
Adding EN signal on $procdff$4284 ($dff) from module $paramod$7f46819eecda06228f84979737259751ccd53663\bank_normalization_multirow_vector_reducer (D = \accumulated_sum, Q = \fifo_sum_q[2]).
Adding EN signal on $procdff$4277 ($dff) from module $paramod$7f46819eecda06228f84979737259751ccd53663\bank_normalization_multirow_vector_reducer (D = \accumulated_sum, Q = \fifo_sum_q[1]).
Adding EN signal on $procdff$4270 ($dff) from module $paramod$7f46819eecda06228f84979737259751ccd53663\bank_normalization_multirow_vector_reducer (D = \accumulated_sum, Q = \fifo_sum_q[0]).
Adding EN signal on $procdff$4263 ($dff) from module $paramod$7f46819eecda06228f84979737259751ccd53663\bank_normalization_multirow_vector_reducer (D = \tag_pipe_q [31:16], Q = \fifo_tag_q[3]).
Adding EN signal on $procdff$4256 ($dff) from module $paramod$7f46819eecda06228f84979737259751ccd53663\bank_normalization_multirow_vector_reducer (D = \tag_pipe_q [31:16], Q = \fifo_tag_q[2]).
Adding EN signal on $procdff$4249 ($dff) from module $paramod$7f46819eecda06228f84979737259751ccd53663\bank_normalization_multirow_vector_reducer (D = \tag_pipe_q [31:16], Q = \fifo_tag_q[1]).
Adding EN signal on $procdff$4242 ($dff) from module $paramod$7f46819eecda06228f84979737259751ccd53663\bank_normalization_multirow_vector_reducer (D = \tag_pipe_q [31:16], Q = \fifo_tag_q[0]).
Adding EN signal on $procdff$4235 ($dff) from module $paramod$7f46819eecda06228f84979737259751ccd53663\bank_normalization_multirow_vector_reducer (D = \sumsq_stage_d[4], Q = \sumsq_stage_q[4]).
Adding EN signal on $procdff$4228 ($dff) from module $paramod$7f46819eecda06228f84979737259751ccd53663\bank_normalization_multirow_vector_reducer (D = \sumsq_stage_d[1], Q = \sumsq_stage_q[1]).
Adding EN signal on $procdff$4221 ($dff) from module $paramod$7f46819eecda06228f84979737259751ccd53663\bank_normalization_multirow_vector_reducer (D = \sumsq_stage_d[0], Q = \sumsq_stage_q[0]).
Adding EN signal on $procdff$4214 ($dff) from module $paramod$7f46819eecda06228f84979737259751ccd53663\bank_normalization_multirow_vector_reducer (D = \sum_stage_d[4], Q = \sum_stage_q[4]).
Adding EN signal on $procdff$4207 ($dff) from module $paramod$7f46819eecda06228f84979737259751ccd53663\bank_normalization_multirow_vector_reducer (D = \sum_stage_d[1], Q = \sum_stage_q[1]).
Adding EN signal on $procdff$4200 ($dff) from module $paramod$7f46819eecda06228f84979737259751ccd53663\bank_normalization_multirow_vector_reducer (D = \sum_stage_d[0], Q = \sum_stage_q[0]).
Adding EN signal on $procdff$4165 ($adff) from module $paramod$7f46819eecda06228f84979737259751ccd53663\bank_normalization_multirow_vector_reducer (D = $0\fifo_count_q[2:0], Q = \fifo_count_q).
Adding EN signal on $procdff$4160 ($adff) from module $paramod$7f46819eecda06228f84979737259751ccd53663\bank_normalization_multirow_vector_reducer (D = $add$rtl/bank_normalization_multirow_vector_reducer.sv:135$1433_Y, Q = \fifo_write_ptr_q).
Adding EN signal on $procdff$4155 ($adff) from module $paramod$7f46819eecda06228f84979737259751ccd53663\bank_normalization_multirow_vector_reducer (D = $add$rtl/bank_normalization_multirow_vector_reducer.sv:137$1434_Y, Q = \fifo_read_ptr_q).
Adding EN signal on $procdff$4130 ($adff) from module $paramod$7f46819eecda06228f84979737259751ccd53663\bank_normalization_multirow_vector_reducer (D = \accumulated_sumsq, Q = \row_sumsq_q).
Adding EN signal on $procdff$4125 ($adff) from module $paramod$7f46819eecda06228f84979737259751ccd53663\bank_normalization_multirow_vector_reducer (D = \accumulated_sum, Q = \row_sum_q).
Adding EN signal on $procdff$4120 ($adff) from module $paramod$7f46819eecda06228f84979737259751ccd53663\bank_normalization_multirow_vector_reducer (D = $0\outstanding_q[2:0], Q = \outstanding_q).
Adding EN signal on $procdff$4115 ($adff) from module $paramod$7f46819eecda06228f84979737259751ccd53663\bank_normalization_multirow_vector_reducer (D = $0\input_remaining_q[15:0], Q = \input_remaining_q).
Adding EN signal on $procdff$4110 ($adff) from module $paramod$7f46819eecda06228f84979737259751ccd53663\bank_normalization_multirow_vector_reducer (D = \begin_tag_i, Q = \input_tag_q).
Adding EN signal on $procdff$4105 ($adff) from module $paramod$7f46819eecda06228f84979737259751ccd53663\bank_normalization_multirow_vector_reducer (D = $0\input_first_q[0:0], Q = \input_first_q).
Adding EN signal on $procdff$4100 ($adff) from module $paramod$7f46819eecda06228f84979737259751ccd53663\bank_normalization_multirow_vector_reducer (D = $0\input_active_q[0:0], Q = \input_active_q).
Adding EN signal on $procdff$4384 ($adff) from module $paramod$865746d0c425e5bff1afb43fc0ca954cd0aab93f\logic_normalization_bank_barrier (D = \config_epsilon_i, Q = \eps_q).
Adding EN signal on $procdff$4379 ($adff) from module $paramod$865746d0c425e5bff1afb43fc0ca954cd0aab93f\logic_normalization_bank_barrier (D = \config_inv_hidden_i, Q = \invh_q).
Adding EN signal on $procdff$4374 ($adff) from module $paramod$865746d0c425e5bff1afb43fc0ca954cd0aab93f\logic_normalization_bank_barrier (D = \config_expected_mask_i, Q = \mask_q).
Adding EN signal on $procdff$4359 ($adff) from module $paramod$865746d0c425e5bff1afb43fc0ca954cd0aab93f\logic_normalization_bank_barrier (D = \config_tag_i, Q = \tag_q).
Adding EN signal on $procdff$4354 ($adff) from module $paramod$865746d0c425e5bff1afb43fc0ca954cd0aab93f\logic_normalization_bank_barrier (D = \config_rms_norm_i, Q = \mode_q).
Adding EN signal on $procdff$4681 ($dff) from module $paramod$e6d2582358ff6950cc507271baa264b5b8280dfa\logic_normalization_parallel_tree_top (D = \sumsq_stage_d[48], Q = \sumsq_stage_q[48]).
Adding EN signal on $procdff$4674 ($dff) from module $paramod$e6d2582358ff6950cc507271baa264b5b8280dfa\logic_normalization_parallel_tree_top (D = \sumsq_stage_d[33], Q = \sumsq_stage_q[33]).
Adding EN signal on $procdff$4667 ($dff) from module $paramod$e6d2582358ff6950cc507271baa264b5b8280dfa\logic_normalization_parallel_tree_top (D = \sumsq_stage_d[32], Q = \sumsq_stage_q[32]).
Adding EN signal on $procdff$4660 ($dff) from module $paramod$e6d2582358ff6950cc507271baa264b5b8280dfa\logic_normalization_parallel_tree_top (D = \sumsq_stage_d[19], Q = \sumsq_stage_q[19]).
Adding EN signal on $procdff$4653 ($dff) from module $paramod$e6d2582358ff6950cc507271baa264b5b8280dfa\logic_normalization_parallel_tree_top (D = \sumsq_stage_d[18], Q = \sumsq_stage_q[18]).
Adding EN signal on $procdff$4646 ($dff) from module $paramod$e6d2582358ff6950cc507271baa264b5b8280dfa\logic_normalization_parallel_tree_top (D = \sumsq_stage_d[17], Q = \sumsq_stage_q[17]).
Adding EN signal on $procdff$4639 ($dff) from module $paramod$e6d2582358ff6950cc507271baa264b5b8280dfa\logic_normalization_parallel_tree_top (D = \sumsq_stage_d[16], Q = \sumsq_stage_q[16]).
Adding EN signal on $procdff$4632 ($dff) from module $paramod$e6d2582358ff6950cc507271baa264b5b8280dfa\logic_normalization_parallel_tree_top (D = \sum_stage_d[48], Q = \sum_stage_q[48]).
Adding EN signal on $procdff$4625 ($dff) from module $paramod$e6d2582358ff6950cc507271baa264b5b8280dfa\logic_normalization_parallel_tree_top (D = \sum_stage_d[33], Q = \sum_stage_q[33]).
Adding EN signal on $procdff$4618 ($dff) from module $paramod$e6d2582358ff6950cc507271baa264b5b8280dfa\logic_normalization_parallel_tree_top (D = \sum_stage_d[32], Q = \sum_stage_q[32]).
Adding EN signal on $procdff$4611 ($dff) from module $paramod$e6d2582358ff6950cc507271baa264b5b8280dfa\logic_normalization_parallel_tree_top (D = \sum_stage_d[19], Q = \sum_stage_q[19]).
Adding EN signal on $procdff$4604 ($dff) from module $paramod$e6d2582358ff6950cc507271baa264b5b8280dfa\logic_normalization_parallel_tree_top (D = \sum_stage_d[18], Q = \sum_stage_q[18]).
Adding EN signal on $procdff$4597 ($dff) from module $paramod$e6d2582358ff6950cc507271baa264b5b8280dfa\logic_normalization_parallel_tree_top (D = \sum_stage_d[17], Q = \sum_stage_q[17]).
Adding EN signal on $procdff$4590 ($dff) from module $paramod$e6d2582358ff6950cc507271baa264b5b8280dfa\logic_normalization_parallel_tree_top (D = \sum_stage_d[16], Q = \sum_stage_q[16]).
Adding EN signal on $procdff$4541 ($adff) from module $paramod$e6d2582358ff6950cc507271baa264b5b8280dfa\logic_normalization_parallel_tree_top (D = $add$rtl/logic_normalization_parallel_tree_top.sv:93$1256_Y, Q = \rsp_rr_q).
Adding EN signal on $procdff$4536 ($adff) from module $paramod$e6d2582358ff6950cc507271baa264b5b8280dfa\logic_normalization_parallel_tree_top (D = $add$rtl/logic_normalization_parallel_tree_top.sv:92$1255_Y, Q = \alloc_rr_q).
Adding EN signal on $procdff$4511 ($dff) from module $paramod$e6d2582358ff6950cc507271baa264b5b8280dfa\logic_normalization_parallel_tree_top (D = \sumsq_stage_d[7], Q = \sumsq_stage_q[7]).
Adding EN signal on $procdff$4504 ($dff) from module $paramod$e6d2582358ff6950cc507271baa264b5b8280dfa\logic_normalization_parallel_tree_top (D = \sumsq_stage_d[6], Q = \sumsq_stage_q[6]).
Adding EN signal on $procdff$4497 ($dff) from module $paramod$e6d2582358ff6950cc507271baa264b5b8280dfa\logic_normalization_parallel_tree_top (D = \sumsq_stage_d[5], Q = \sumsq_stage_q[5]).
Adding EN signal on $procdff$4490 ($dff) from module $paramod$e6d2582358ff6950cc507271baa264b5b8280dfa\logic_normalization_parallel_tree_top (D = \sumsq_stage_d[4], Q = \sumsq_stage_q[4]).
Adding EN signal on $procdff$4483 ($dff) from module $paramod$e6d2582358ff6950cc507271baa264b5b8280dfa\logic_normalization_parallel_tree_top (D = \sumsq_stage_d[3], Q = \sumsq_stage_q[3]).
Adding EN signal on $procdff$4476 ($dff) from module $paramod$e6d2582358ff6950cc507271baa264b5b8280dfa\logic_normalization_parallel_tree_top (D = \sumsq_stage_d[2], Q = \sumsq_stage_q[2]).
Adding EN signal on $procdff$4469 ($dff) from module $paramod$e6d2582358ff6950cc507271baa264b5b8280dfa\logic_normalization_parallel_tree_top (D = \sumsq_stage_d[1], Q = \sumsq_stage_q[1]).
Adding EN signal on $procdff$4462 ($dff) from module $paramod$e6d2582358ff6950cc507271baa264b5b8280dfa\logic_normalization_parallel_tree_top (D = \sumsq_stage_d[0], Q = \sumsq_stage_q[0]).
Adding EN signal on $procdff$4455 ($dff) from module $paramod$e6d2582358ff6950cc507271baa264b5b8280dfa\logic_normalization_parallel_tree_top (D = \sum_stage_d[7], Q = \sum_stage_q[7]).
Adding EN signal on $procdff$4448 ($dff) from module $paramod$e6d2582358ff6950cc507271baa264b5b8280dfa\logic_normalization_parallel_tree_top (D = \sum_stage_d[6], Q = \sum_stage_q[6]).
Adding EN signal on $procdff$4441 ($dff) from module $paramod$e6d2582358ff6950cc507271baa264b5b8280dfa\logic_normalization_parallel_tree_top (D = \sum_stage_d[5], Q = \sum_stage_q[5]).
Adding EN signal on $procdff$4434 ($dff) from module $paramod$e6d2582358ff6950cc507271baa264b5b8280dfa\logic_normalization_parallel_tree_top (D = \sum_stage_d[4], Q = \sum_stage_q[4]).
Adding EN signal on $procdff$4427 ($dff) from module $paramod$e6d2582358ff6950cc507271baa264b5b8280dfa\logic_normalization_parallel_tree_top (D = \sum_stage_d[3], Q = \sum_stage_q[3]).
Adding EN signal on $procdff$4420 ($dff) from module $paramod$e6d2582358ff6950cc507271baa264b5b8280dfa\logic_normalization_parallel_tree_top (D = \sum_stage_d[2], Q = \sum_stage_q[2]).
Adding EN signal on $procdff$4413 ($dff) from module $paramod$e6d2582358ff6950cc507271baa264b5b8280dfa\logic_normalization_parallel_tree_top (D = \sum_stage_d[1], Q = \sum_stage_q[1]).
Adding EN signal on $procdff$4406 ($dff) from module $paramod$e6d2582358ff6950cc507271baa264b5b8280dfa\logic_normalization_parallel_tree_top (D = \sum_stage_d[0], Q = \sum_stage_q[0]).
Adding EN signal on $procdff$4389 ($adff) from module $paramod$e6d2582358ff6950cc507271baa264b5b8280dfa\logic_normalization_parallel_tree_top (D = $0\outstanding_q[3:0], Q = \outstanding_q).
Adding EN signal on $procdff$4756 ($adff) from module $paramod\logic_normalization_scalar_engine\TAG_WIDTH=32'00000000000000000000000000010000 (D = \epsilon_result, Q = \argument_q).
Adding EN signal on $procdff$4751 ($adff) from module $paramod\logic_normalization_scalar_engine\TAG_WIDTH=32'00000000000000000000000000010000 (D = $ternary$rtl/logic_normalization_scalar_engine.sv:102$1003_Y, Q = \variance_q).
Adding EN signal on $procdff$4746 ($adff) from module $paramod\logic_normalization_scalar_engine\TAG_WIDTH=32'00000000000000000000000000010000 (D = \input_mean_square, Q = \mean_square_q).
Adding EN signal on $procdff$4741 ($adff) from module $paramod\logic_normalization_scalar_engine\TAG_WIDTH=32'00000000000000000000000000010000 (D = $ternary$rtl/logic_normalization_scalar_engine.sv:96$1002_Y, Q = \mean_q).
Adding EN signal on $procdff$4736 ($adff) from module $paramod\logic_normalization_scalar_engine\TAG_WIDTH=32'00000000000000000000000000010000 (D = \epsilon_i, Q = \epsilon_q).
Adding EN signal on $procdff$4731 ($adff) from module $paramod\logic_normalization_scalar_engine\TAG_WIDTH=32'00000000000000000000000000010000 (D = \request_tag_i, Q = \tag_q).
Adding EN signal on $procdff$4726 ($adff) from module $paramod\logic_normalization_scalar_engine\TAG_WIDTH=32'00000000000000000000000000010000 (D = $0\clamped_q[0:0], Q = \clamped_q).
Adding EN signal on $procdff$4721 ($adff) from module $paramod\logic_normalization_scalar_engine\TAG_WIDTH=32'00000000000000000000000000010000 (D = \rms_norm_i, Q = \mode_q).
Adding EN signal on $procdff$4716 ($adff) from module $paramod\logic_normalization_scalar_engine\TAG_WIDTH=32'00000000000000000000000000010000 (D = $0\state_q[2:0], Q = \state_q).
Adding EN signal on $procdff$4711 ($adff) from module $paramod\logic_normalization_scalar_engine\TAG_WIDTH=32'00000000000000000000000000010000 (D = \clamped_q, Q = \variance_clamped_o).
Adding EN signal on $procdff$4706 ($adff) from module $paramod\logic_normalization_scalar_engine\TAG_WIDTH=32'00000000000000000000000000010000 (D = \rsqrt_output_data, Q = \inv_std_o).
Adding EN signal on $procdff$4701 ($adff) from module $paramod\logic_normalization_scalar_engine\TAG_WIDTH=32'00000000000000000000000000010000 (D = \mean_q, Q = \mean_o).
Adding EN signal on $procdff$4696 ($adff) from module $paramod\logic_normalization_scalar_engine\TAG_WIDTH=32'00000000000000000000000000010000 (D = \tag_q, Q = \response_tag_o).
Adding EN signal on $procdff$4691 ($adff) from module $paramod\logic_normalization_scalar_engine\TAG_WIDTH=32'00000000000000000000000000010000 (D = \mode_q, Q = \response_rms_norm_o).
Adding EN signal on $procdff$4766 ($adff) from module fp16_rsqrt_lut256 (D = $4\approximate_rsqrt$func$rtl/fp16_rsqrt_lut256.sv:79$229.$result[15:0]$294, Q = \output_data_o).
Adding EN signal on $procdff$4761 ($adff) from module fp16_rsqrt_lut256 (D = \input_valid_i, Q = \output_valid_o).

13.8.7. Executing OPT_CLEAN pass (remove unused cells and wires).
Finding unused cells or wires in module $paramod$7f46819eecda06228f84979737259751ccd53663\bank_normalization_multirow_vector_reducer..
Finding unused cells or wires in module $paramod$865746d0c425e5bff1afb43fc0ca954cd0aab93f\logic_normalization_bank_barrier..
Finding unused cells or wires in module $paramod$cf256f1e07155db3e20fb233046fedb4711c91b2\logic_normalization_scalar_engine_array..
Finding unused cells or wires in module $paramod$e6d2582358ff6950cc507271baa264b5b8280dfa\logic_normalization_barrier_tree_top..
Finding unused cells or wires in module $paramod$e6d2582358ff6950cc507271baa264b5b8280dfa\logic_normalization_parallel_tree_top..
Finding unused cells or wires in module $paramod\logic_normalization_scalar_engine\TAG_WIDTH=32'00000000000000000000000000010000..
Finding unused cells or wires in module \fp16_add..
Finding unused cells or wires in module \fp16_mul..
Finding unused cells or wires in module \fp16_rsqrt_lut256..
Finding unused cells or wires in module \hierarchical_normalization_streaming_top..
Removed 114 unused cells and 114 unused wires.
<suppressed ~119 debug messages>

13.8.8. Executing OPT_EXPR pass (perform const folding).
Optimizing module $paramod$7f46819eecda06228f84979737259751ccd53663\bank_normalization_multirow_vector_reducer.
<suppressed ~5 debug messages>
Optimizing module $paramod$865746d0c425e5bff1afb43fc0ca954cd0aab93f\logic_normalization_bank_barrier.
Optimizing module $paramod$cf256f1e07155db3e20fb233046fedb4711c91b2\logic_normalization_scalar_engine_array.
Optimizing module $paramod$e6d2582358ff6950cc507271baa264b5b8280dfa\logic_normalization_barrier_tree_top.
Optimizing module $paramod$e6d2582358ff6950cc507271baa264b5b8280dfa\logic_normalization_parallel_tree_top.
<suppressed ~1 debug messages>
Optimizing module $paramod\logic_normalization_scalar_engine\TAG_WIDTH=32'00000000000000000000000000010000.
<suppressed ~1 debug messages>
Optimizing module fp16_add.
Optimizing module fp16_mul.
Optimizing module fp16_rsqrt_lut256.
Optimizing module hierarchical_normalization_streaming_top.

13.8.9. Rerunning OPT passes. (Maybe there is more to do..)

13.8.10. Executing OPT_MUXTREE pass (detect dead branches in mux trees).
Running muxtree optimizer on module $paramod$7f46819eecda06228f84979737259751ccd53663\bank_normalization_multirow_vector_reducer..
  Creating internal representation of mux trees.
  Evaluating internal representation of mux trees.
  Analyzing evaluation results.
Running muxtree optimizer on module $paramod$865746d0c425e5bff1afb43fc0ca954cd0aab93f\logic_normalization_bank_barrier..
  Creating internal representation of mux trees.
  Evaluating internal representation of mux trees.
  Analyzing evaluation results.
Running muxtree optimizer on module $paramod$cf256f1e07155db3e20fb233046fedb4711c91b2\logic_normalization_scalar_engine_array..
  Creating internal representation of mux trees.
  No muxes found in this module.
Running muxtree optimizer on module $paramod$e6d2582358ff6950cc507271baa264b5b8280dfa\logic_normalization_barrier_tree_top..
  Creating internal representation of mux trees.
  No muxes found in this module.
Running muxtree optimizer on module $paramod$e6d2582358ff6950cc507271baa264b5b8280dfa\logic_normalization_parallel_tree_top..
  Creating internal representation of mux trees.
  Evaluating internal representation of mux trees.
  Analyzing evaluation results.
Running muxtree optimizer on module $paramod\logic_normalization_scalar_engine\TAG_WIDTH=32'00000000000000000000000000010000..
  Creating internal representation of mux trees.
  Evaluating internal representation of mux trees.
  Analyzing evaluation results.
Running muxtree optimizer on module \fp16_add..
  Creating internal representation of mux trees.
  Evaluating internal representation of mux trees.
  Analyzing evaluation results.
Running muxtree optimizer on module \fp16_mul..
  Creating internal representation of mux trees.
  Evaluating internal representation of mux trees.
  Analyzing evaluation results.
Running muxtree optimizer on module \fp16_rsqrt_lut256..
  Creating internal representation of mux trees.
  Evaluating internal representation of mux trees.
  Analyzing evaluation results.
Running muxtree optimizer on module \hierarchical_normalization_streaming_top..
  Creating internal representation of mux trees.
  Evaluating internal representation of mux trees.
  Analyzing evaluation results.
Removed 0 multiplexer ports.
<suppressed ~178 debug messages>

13.8.11. Executing OPT_REDUCE pass (consolidate $*mux and $reduce_* inputs).
  Optimizing cells in module $paramod$7f46819eecda06228f84979737259751ccd53663\bank_normalization_multirow_vector_reducer.
  Optimizing cells in module $paramod$865746d0c425e5bff1afb43fc0ca954cd0aab93f\logic_normalization_bank_barrier.
  Optimizing cells in module $paramod$cf256f1e07155db3e20fb233046fedb4711c91b2\logic_normalization_scalar_engine_array.
  Optimizing cells in module $paramod$e6d2582358ff6950cc507271baa264b5b8280dfa\logic_normalization_barrier_tree_top.
  Optimizing cells in module $paramod$e6d2582358ff6950cc507271baa264b5b8280dfa\logic_normalization_parallel_tree_top.
  Optimizing cells in module $paramod\logic_normalization_scalar_engine\TAG_WIDTH=32'00000000000000000000000000010000.
  Optimizing cells in module \fp16_add.
  Optimizing cells in module \fp16_mul.
  Optimizing cells in module \fp16_rsqrt_lut256.
  Optimizing cells in module \hierarchical_normalization_streaming_top.
Performed a total of 0 changes.

13.8.12. Executing OPT_MERGE pass (detect identical cells).
Finding identical cells in module `$paramod$7f46819eecda06228f84979737259751ccd53663\bank_normalization_multirow_vector_reducer'.
<suppressed ~36 debug messages>
Finding identical cells in module `$paramod$865746d0c425e5bff1afb43fc0ca954cd0aab93f\logic_normalization_bank_barrier'.
<suppressed ~24 debug messages>
Finding identical cells in module `$paramod$cf256f1e07155db3e20fb233046fedb4711c91b2\logic_normalization_scalar_engine_array'.
Finding identical cells in module `$paramod$e6d2582358ff6950cc507271baa264b5b8280dfa\logic_normalization_barrier_tree_top'.
Finding identical cells in module `$paramod$e6d2582358ff6950cc507271baa264b5b8280dfa\logic_normalization_parallel_tree_top'.
Finding identical cells in module `$paramod\logic_normalization_scalar_engine\TAG_WIDTH=32'00000000000000000000000000010000'.
<suppressed ~27 debug messages>
Finding identical cells in module `\fp16_add'.
Finding identical cells in module `\fp16_mul'.
Finding identical cells in module `\fp16_rsqrt_lut256'.
Finding identical cells in module `\hierarchical_normalization_streaming_top'.
Removed a total of 29 cells.

13.8.13. Executing OPT_DFF pass (perform DFF optimizations).

13.8.14. Executing OPT_CLEAN pass (remove unused cells and wires).
Finding unused cells or wires in module $paramod$7f46819eecda06228f84979737259751ccd53663\bank_normalization_multirow_vector_reducer..
Finding unused cells or wires in module $paramod$865746d0c425e5bff1afb43fc0ca954cd0aab93f\logic_normalization_bank_barrier..
Finding unused cells or wires in module $paramod$cf256f1e07155db3e20fb233046fedb4711c91b2\logic_normalization_scalar_engine_array..
Finding unused cells or wires in module $paramod$e6d2582358ff6950cc507271baa264b5b8280dfa\logic_normalization_barrier_tree_top..
Finding unused cells or wires in module $paramod$e6d2582358ff6950cc507271baa264b5b8280dfa\logic_normalization_parallel_tree_top..
Finding unused cells or wires in module $paramod\logic_normalization_scalar_engine\TAG_WIDTH=32'00000000000000000000000000010000..
Finding unused cells or wires in module \fp16_add..
Finding unused cells or wires in module \fp16_mul..
Finding unused cells or wires in module \fp16_rsqrt_lut256..
Finding unused cells or wires in module \hierarchical_normalization_streaming_top..
Removed 0 unused cells and 29 unused wires.
<suppressed ~3 debug messages>

13.8.15. Executing OPT_EXPR pass (perform const folding).
Optimizing module $paramod$7f46819eecda06228f84979737259751ccd53663\bank_normalization_multirow_vector_reducer.
Optimizing module $paramod$865746d0c425e5bff1afb43fc0ca954cd0aab93f\logic_normalization_bank_barrier.
Optimizing module $paramod$cf256f1e07155db3e20fb233046fedb4711c91b2\logic_normalization_scalar_engine_array.
Optimizing module $paramod$e6d2582358ff6950cc507271baa264b5b8280dfa\logic_normalization_barrier_tree_top.
Optimizing module $paramod$e6d2582358ff6950cc507271baa264b5b8280dfa\logic_normalization_parallel_tree_top.
Optimizing module $paramod\logic_normalization_scalar_engine\TAG_WIDTH=32'00000000000000000000000000010000.
Optimizing module fp16_add.
Optimizing module fp16_mul.
Optimizing module fp16_rsqrt_lut256.
Optimizing module hierarchical_normalization_streaming_top.

13.8.16. Rerunning OPT passes. (Maybe there is more to do..)

13.8.17. Executing OPT_MUXTREE pass (detect dead branches in mux trees).
Running muxtree optimizer on module $paramod$7f46819eecda06228f84979737259751ccd53663\bank_normalization_multirow_vector_reducer..
  Creating internal representation of mux trees.
  Evaluating internal representation of mux trees.
  Analyzing evaluation results.
Running muxtree optimizer on module $paramod$865746d0c425e5bff1afb43fc0ca954cd0aab93f\logic_normalization_bank_barrier..
  Creating internal representation of mux trees.
  Evaluating internal representation of mux trees.
  Analyzing evaluation results.
Running muxtree optimizer on module $paramod$cf256f1e07155db3e20fb233046fedb4711c91b2\logic_normalization_scalar_engine_array..
  Creating internal representation of mux trees.
  No muxes found in this module.
Running muxtree optimizer on module $paramod$e6d2582358ff6950cc507271baa264b5b8280dfa\logic_normalization_barrier_tree_top..
  Creating internal representation of mux trees.
  No muxes found in this module.
Running muxtree optimizer on module $paramod$e6d2582358ff6950cc507271baa264b5b8280dfa\logic_normalization_parallel_tree_top..
  Creating internal representation of mux trees.
  Evaluating internal representation of mux trees.
  Analyzing evaluation results.
Running muxtree optimizer on module $paramod\logic_normalization_scalar_engine\TAG_WIDTH=32'00000000000000000000000000010000..
  Creating internal representation of mux trees.
  Evaluating internal representation of mux trees.
  Analyzing evaluation results.
Running muxtree optimizer on module \fp16_add..
  Creating internal representation of mux trees.
  Evaluating internal representation of mux trees.
  Analyzing evaluation results.
Running muxtree optimizer on module \fp16_mul..
  Creating internal representation of mux trees.
  Evaluating internal representation of mux trees.
  Analyzing evaluation results.
Running muxtree optimizer on module \fp16_rsqrt_lut256..
  Creating internal representation of mux trees.
  Evaluating internal representation of mux trees.
  Analyzing evaluation results.
Running muxtree optimizer on module \hierarchical_normalization_streaming_top..
  Creating internal representation of mux trees.
  Evaluating internal representation of mux trees.
  Analyzing evaluation results.
Removed 0 multiplexer ports.
<suppressed ~179 debug messages>

13.8.18. Executing OPT_REDUCE pass (consolidate $*mux and $reduce_* inputs).
  Optimizing cells in module $paramod$7f46819eecda06228f84979737259751ccd53663\bank_normalization_multirow_vector_reducer.
  Optimizing cells in module $paramod$865746d0c425e5bff1afb43fc0ca954cd0aab93f\logic_normalization_bank_barrier.
  Optimizing cells in module $paramod$cf256f1e07155db3e20fb233046fedb4711c91b2\logic_normalization_scalar_engine_array.
  Optimizing cells in module $paramod$e6d2582358ff6950cc507271baa264b5b8280dfa\logic_normalization_barrier_tree_top.
  Optimizing cells in module $paramod$e6d2582358ff6950cc507271baa264b5b8280dfa\logic_normalization_parallel_tree_top.
  Optimizing cells in module $paramod\logic_normalization_scalar_engine\TAG_WIDTH=32'00000000000000000000000000010000.
  Optimizing cells in module \fp16_add.
  Optimizing cells in module \fp16_mul.
  Optimizing cells in module \fp16_rsqrt_lut256.
  Optimizing cells in module \hierarchical_normalization_streaming_top.
Performed a total of 0 changes.

13.8.19. Executing OPT_MERGE pass (detect identical cells).
Finding identical cells in module `$paramod$7f46819eecda06228f84979737259751ccd53663\bank_normalization_multirow_vector_reducer'.
Finding identical cells in module `$paramod$865746d0c425e5bff1afb43fc0ca954cd0aab93f\logic_normalization_bank_barrier'.
Finding identical cells in module `$paramod$cf256f1e07155db3e20fb233046fedb4711c91b2\logic_normalization_scalar_engine_array'.
Finding identical cells in module `$paramod$e6d2582358ff6950cc507271baa264b5b8280dfa\logic_normalization_barrier_tree_top'.
Finding identical cells in module `$paramod$e6d2582358ff6950cc507271baa264b5b8280dfa\logic_normalization_parallel_tree_top'.
Finding identical cells in module `$paramod\logic_normalization_scalar_engine\TAG_WIDTH=32'00000000000000000000000000010000'.
Finding identical cells in module `\fp16_add'.
Finding identical cells in module `\fp16_mul'.
Finding identical cells in module `\fp16_rsqrt_lut256'.
Finding identical cells in module `\hierarchical_normalization_streaming_top'.
Removed a total of 0 cells.

13.8.20. Executing OPT_DFF pass (perform DFF optimizations).

13.8.21. Executing OPT_CLEAN pass (remove unused cells and wires).
Finding unused cells or wires in module $paramod$7f46819eecda06228f84979737259751ccd53663\bank_normalization_multirow_vector_reducer..
Finding unused cells or wires in module $paramod$865746d0c425e5bff1afb43fc0ca954cd0aab93f\logic_normalization_bank_barrier..
Finding unused cells or wires in module $paramod$cf256f1e07155db3e20fb233046fedb4711c91b2\logic_normalization_scalar_engine_array..
Finding unused cells or wires in module $paramod$e6d2582358ff6950cc507271baa264b5b8280dfa\logic_normalization_barrier_tree_top..
Finding unused cells or wires in module $paramod$e6d2582358ff6950cc507271baa264b5b8280dfa\logic_normalization_parallel_tree_top..
Finding unused cells or wires in module $paramod\logic_normalization_scalar_engine\TAG_WIDTH=32'00000000000000000000000000010000..
Finding unused cells or wires in module \fp16_add..
Finding unused cells or wires in module \fp16_mul..
Finding unused cells or wires in module \fp16_rsqrt_lut256..
Finding unused cells or wires in module \hierarchical_normalization_streaming_top..

13.8.22. Executing OPT_EXPR pass (perform const folding).
Optimizing module $paramod$7f46819eecda06228f84979737259751ccd53663\bank_normalization_multirow_vector_reducer.
Optimizing module $paramod$865746d0c425e5bff1afb43fc0ca954cd0aab93f\logic_normalization_bank_barrier.
Optimizing module $paramod$cf256f1e07155db3e20fb233046fedb4711c91b2\logic_normalization_scalar_engine_array.
Optimizing module $paramod$e6d2582358ff6950cc507271baa264b5b8280dfa\logic_normalization_barrier_tree_top.
Optimizing module $paramod$e6d2582358ff6950cc507271baa264b5b8280dfa\logic_normalization_parallel_tree_top.
Optimizing module $paramod\logic_normalization_scalar_engine\TAG_WIDTH=32'00000000000000000000000000010000.
Optimizing module fp16_add.
Optimizing module fp16_mul.
Optimizing module fp16_rsqrt_lut256.
Optimizing module hierarchical_normalization_streaming_top.

13.8.23. Finished OPT passes. (There is nothing left to do.)

13.9. Executing WREDUCE pass (reducing word size of cells).
Removed top 1 bits (of 2) from port B of cell $paramod$7f46819eecda06228f84979737259751ccd53663\bank_normalization_multirow_vector_reducer.$procmux$1504_CMP0 ($eq).
Removed top 1 bits (of 2) from port B of cell $paramod$7f46819eecda06228f84979737259751ccd53663\bank_normalization_multirow_vector_reducer.$procmux$1555_CMP0 ($eq).
Removed top 1 bits (of 2) from port B of cell $paramod$7f46819eecda06228f84979737259751ccd53663\bank_normalization_multirow_vector_reducer.$procmux$1619_CMP0 ($eq).
Removed top 1 bits (of 2) from port B of cell $paramod$7f46819eecda06228f84979737259751ccd53663\bank_normalization_multirow_vector_reducer.$procmux$1631_CMP0 ($eq).
Removed top 15 bits (of 16) from port B of cell $paramod$7f46819eecda06228f84979737259751ccd53663\bank_normalization_multirow_vector_reducer.$eq$rtl/bank_normalization_multirow_vector_reducer.sv:45$1382 ($eq).
Removed top 29 bits (of 32) from port B of cell $paramod$7f46819eecda06228f84979737259751ccd53663\bank_normalization_multirow_vector_reducer.$lt$rtl/bank_normalization_multirow_vector_reducer.sv:52$1388 ($lt).
Removed top 1 bits (of 2) from port B of cell $paramod$e6d2582358ff6950cc507271baa264b5b8280dfa\logic_normalization_parallel_tree_top.$procmux$2008_CMP0 ($eq).
Removed top 28 bits (of 32) from port B of cell $paramod$e6d2582358ff6950cc507271baa264b5b8280dfa\logic_normalization_parallel_tree_top.$lt$rtl/logic_normalization_parallel_tree_top.sv:34$1102 ($lt).
Removed top 28 bits (of 32) from port B of cell $paramod$e6d2582358ff6950cc507271baa264b5b8280dfa\logic_normalization_parallel_tree_top.$shiftx$rtl/logic_normalization_parallel_tree_top.sv:0$1129 ($shiftx).
Removed top 31 bits (of 32) from port B of cell $paramod$e6d2582358ff6950cc507271baa264b5b8280dfa\logic_normalization_parallel_tree_top.$add$rtl/logic_normalization_parallel_tree_top.sv:53$1131 ($add).
Removed top 29 bits (of 32) from port Y of cell $paramod$e6d2582358ff6950cc507271baa264b5b8280dfa\logic_normalization_parallel_tree_top.$add$rtl/logic_normalization_parallel_tree_top.sv:53$1131 ($add).
Removed top 28 bits (of 32) from port B of cell $paramod$e6d2582358ff6950cc507271baa264b5b8280dfa\logic_normalization_parallel_tree_top.$shiftx$rtl/logic_normalization_parallel_tree_top.sv:0$1134 ($shiftx).
Removed top 30 bits (of 32) from port B of cell $paramod$e6d2582358ff6950cc507271baa264b5b8280dfa\logic_normalization_parallel_tree_top.$add$rtl/logic_normalization_parallel_tree_top.sv:53$1136 ($add).
Removed top 29 bits (of 32) from port Y of cell $paramod$e6d2582358ff6950cc507271baa264b5b8280dfa\logic_normalization_parallel_tree_top.$add$rtl/logic_normalization_parallel_tree_top.sv:53$1136 ($add).
Removed top 28 bits (of 32) from port B of cell $paramod$e6d2582358ff6950cc507271baa264b5b8280dfa\logic_normalization_parallel_tree_top.$shiftx$rtl/logic_normalization_parallel_tree_top.sv:0$1139 ($shiftx).
Removed top 30 bits (of 32) from port B of cell $paramod$e6d2582358ff6950cc507271baa264b5b8280dfa\logic_normalization_parallel_tree_top.$add$rtl/logic_normalization_parallel_tree_top.sv:53$1141 ($add).
Removed top 29 bits (of 32) from port Y of cell $paramod$e6d2582358ff6950cc507271baa264b5b8280dfa\logic_normalization_parallel_tree_top.$add$rtl/logic_normalization_parallel_tree_top.sv:53$1141 ($add).
Removed top 28 bits (of 32) from port B of cell $paramod$e6d2582358ff6950cc507271baa264b5b8280dfa\logic_normalization_parallel_tree_top.$shiftx$rtl/logic_normalization_parallel_tree_top.sv:0$1144 ($shiftx).
Removed top 29 bits (of 32) from port B of cell $paramod$e6d2582358ff6950cc507271baa264b5b8280dfa\logic_normalization_parallel_tree_top.$add$rtl/logic_normalization_parallel_tree_top.sv:53$1146 ($add).
Removed top 29 bits (of 32) from port Y of cell $paramod$e6d2582358ff6950cc507271baa264b5b8280dfa\logic_normalization_parallel_tree_top.$add$rtl/logic_normalization_parallel_tree_top.sv:53$1146 ($add).
Removed top 28 bits (of 32) from port B of cell $paramod$e6d2582358ff6950cc507271baa264b5b8280dfa\logic_normalization_parallel_tree_top.$shiftx$rtl/logic_normalization_parallel_tree_top.sv:0$1149 ($shiftx).
Removed top 29 bits (of 32) from port B of cell $paramod$e6d2582358ff6950cc507271baa264b5b8280dfa\logic_normalization_parallel_tree_top.$add$rtl/logic_normalization_parallel_tree_top.sv:53$1151 ($add).
Removed top 29 bits (of 32) from port Y of cell $paramod$e6d2582358ff6950cc507271baa264b5b8280dfa\logic_normalization_parallel_tree_top.$add$rtl/logic_normalization_parallel_tree_top.sv:53$1151 ($add).
Removed top 28 bits (of 32) from port B of cell $paramod$e6d2582358ff6950cc507271baa264b5b8280dfa\logic_normalization_parallel_tree_top.$shiftx$rtl/logic_normalization_parallel_tree_top.sv:0$1154 ($shiftx).
Removed top 29 bits (of 32) from port B of cell $paramod$e6d2582358ff6950cc507271baa264b5b8280dfa\logic_normalization_parallel_tree_top.$add$rtl/logic_normalization_parallel_tree_top.sv:53$1156 ($add).
Removed top 29 bits (of 32) from port Y of cell $paramod$e6d2582358ff6950cc507271baa264b5b8280dfa\logic_normalization_parallel_tree_top.$add$rtl/logic_normalization_parallel_tree_top.sv:53$1156 ($add).
Removed top 28 bits (of 32) from port B of cell $paramod$e6d2582358ff6950cc507271baa264b5b8280dfa\logic_normalization_parallel_tree_top.$shiftx$rtl/logic_normalization_parallel_tree_top.sv:0$1159 ($shiftx).
Removed top 29 bits (of 32) from port B of cell $paramod$e6d2582358ff6950cc507271baa264b5b8280dfa\logic_normalization_parallel_tree_top.$add$rtl/logic_normalization_parallel_tree_top.sv:53$1161 ($add).
Removed top 29 bits (of 32) from port Y of cell $paramod$e6d2582358ff6950cc507271baa264b5b8280dfa\logic_normalization_parallel_tree_top.$add$rtl/logic_normalization_parallel_tree_top.sv:53$1161 ($add).
Removed top 28 bits (of 32) from port B of cell $paramod$e6d2582358ff6950cc507271baa264b5b8280dfa\logic_normalization_parallel_tree_top.$shiftx$rtl/logic_normalization_parallel_tree_top.sv:0$1164 ($shiftx).
Converting cell $paramod$e6d2582358ff6950cc507271baa264b5b8280dfa\logic_normalization_parallel_tree_top.$neg$rtl/logic_normalization_parallel_tree_top.sv:0$1172 ($neg) from signed to unsigned.
Removed top 1 bits (of 4) from port A of cell $paramod$e6d2582358ff6950cc507271baa264b5b8280dfa\logic_normalization_parallel_tree_top.$neg$rtl/logic_normalization_parallel_tree_top.sv:0$1172 ($neg).
Removed top 24 bits (of 32) from port Y of cell $paramod$e6d2582358ff6950cc507271baa264b5b8280dfa\logic_normalization_parallel_tree_top.$shift$rtl/logic_normalization_parallel_tree_top.sv:0$1173 ($shift).
Removed top 28 bits (of 32) from port B of cell $paramod$e6d2582358ff6950cc507271baa264b5b8280dfa\logic_normalization_parallel_tree_top.$shiftx$rtl/logic_normalization_parallel_tree_top.sv:0$1178 ($shiftx).
Removed top 31 bits (of 32) from port B of cell $paramod$e6d2582358ff6950cc507271baa264b5b8280dfa\logic_normalization_parallel_tree_top.$add$rtl/logic_normalization_parallel_tree_top.sv:65$1180 ($add).
Removed top 29 bits (of 32) from port Y of cell $paramod$e6d2582358ff6950cc507271baa264b5b8280dfa\logic_normalization_parallel_tree_top.$add$rtl/logic_normalization_parallel_tree_top.sv:65$1180 ($add).
Removed top 28 bits (of 32) from port B of cell $paramod$e6d2582358ff6950cc507271baa264b5b8280dfa\logic_normalization_parallel_tree_top.$shiftx$rtl/logic_normalization_parallel_tree_top.sv:0$1183 ($shiftx).
Removed top 30 bits (of 32) from port B of cell $paramod$e6d2582358ff6950cc507271baa264b5b8280dfa\logic_normalization_parallel_tree_top.$add$rtl/logic_normalization_parallel_tree_top.sv:65$1185 ($add).
Removed top 29 bits (of 32) from port Y of cell $paramod$e6d2582358ff6950cc507271baa264b5b8280dfa\logic_normalization_parallel_tree_top.$add$rtl/logic_normalization_parallel_tree_top.sv:65$1185 ($add).
Removed top 28 bits (of 32) from port B of cell $paramod$e6d2582358ff6950cc507271baa264b5b8280dfa\logic_normalization_parallel_tree_top.$shiftx$rtl/logic_normalization_parallel_tree_top.sv:0$1188 ($shiftx).
Removed top 30 bits (of 32) from port B of cell $paramod$e6d2582358ff6950cc507271baa264b5b8280dfa\logic_normalization_parallel_tree_top.$add$rtl/logic_normalization_parallel_tree_top.sv:65$1190 ($add).
Removed top 29 bits (of 32) from port Y of cell $paramod$e6d2582358ff6950cc507271baa264b5b8280dfa\logic_normalization_parallel_tree_top.$add$rtl/logic_normalization_parallel_tree_top.sv:65$1190 ($add).
Removed top 28 bits (of 32) from port B of cell $paramod$e6d2582358ff6950cc507271baa264b5b8280dfa\logic_normalization_parallel_tree_top.$shiftx$rtl/logic_normalization_parallel_tree_top.sv:0$1193 ($shiftx).
Removed top 29 bits (of 32) from port B of cell $paramod$e6d2582358ff6950cc507271baa264b5b8280dfa\logic_normalization_parallel_tree_top.$add$rtl/logic_normalization_parallel_tree_top.sv:65$1195 ($add).
Removed top 29 bits (of 32) from port Y of cell $paramod$e6d2582358ff6950cc507271baa264b5b8280dfa\logic_normalization_parallel_tree_top.$add$rtl/logic_normalization_parallel_tree_top.sv:65$1195 ($add).
Removed top 28 bits (of 32) from port B of cell $paramod$e6d2582358ff6950cc507271baa264b5b8280dfa\logic_normalization_parallel_tree_top.$shiftx$rtl/logic_normalization_parallel_tree_top.sv:0$1198 ($shiftx).
Removed top 29 bits (of 32) from port B of cell $paramod$e6d2582358ff6950cc507271baa264b5b8280dfa\logic_normalization_parallel_tree_top.$add$rtl/logic_normalization_parallel_tree_top.sv:65$1200 ($add).
Removed top 29 bits (of 32) from port Y of cell $paramod$e6d2582358ff6950cc507271baa264b5b8280dfa\logic_normalization_parallel_tree_top.$add$rtl/logic_normalization_parallel_tree_top.sv:65$1200 ($add).
Removed top 28 bits (of 32) from port B of cell $paramod$e6d2582358ff6950cc507271baa264b5b8280dfa\logic_normalization_parallel_tree_top.$shiftx$rtl/logic_normalization_parallel_tree_top.sv:0$1203 ($shiftx).
Removed top 29 bits (of 32) from port B of cell $paramod$e6d2582358ff6950cc507271baa264b5b8280dfa\logic_normalization_parallel_tree_top.$add$rtl/logic_normalization_parallel_tree_top.sv:65$1205 ($add).
Removed top 29 bits (of 32) from port Y of cell $paramod$e6d2582358ff6950cc507271baa264b5b8280dfa\logic_normalization_parallel_tree_top.$add$rtl/logic_normalization_parallel_tree_top.sv:65$1205 ($add).
Removed top 28 bits (of 32) from port B of cell $paramod$e6d2582358ff6950cc507271baa264b5b8280dfa\logic_normalization_parallel_tree_top.$shiftx$rtl/logic_normalization_parallel_tree_top.sv:0$1208 ($shiftx).
Removed top 29 bits (of 32) from port B of cell $paramod$e6d2582358ff6950cc507271baa264b5b8280dfa\logic_normalization_parallel_tree_top.$add$rtl/logic_normalization_parallel_tree_top.sv:65$1210 ($add).
Removed top 29 bits (of 32) from port Y of cell $paramod$e6d2582358ff6950cc507271baa264b5b8280dfa\logic_normalization_parallel_tree_top.$add$rtl/logic_normalization_parallel_tree_top.sv:65$1210 ($add).
Removed top 28 bits (of 32) from port B of cell $paramod$e6d2582358ff6950cc507271baa264b5b8280dfa\logic_normalization_parallel_tree_top.$shiftx$rtl/logic_normalization_parallel_tree_top.sv:0$1213 ($shiftx).
Removed top 31 bits (of 32) from mux cell $paramod$e6d2582358ff6950cc507271baa264b5b8280dfa\logic_normalization_parallel_tree_top.$ternary$rtl/logic_normalization_parallel_tree_top.sv:69$1217 ($mux).
Removed top 24 bits (of 32) from port B of cell $paramod$e6d2582358ff6950cc507271baa264b5b8280dfa\logic_normalization_parallel_tree_top.$shiftx$rtl/logic_normalization_parallel_tree_top.sv:0$1219 ($shiftx).
Removed top 24 bits (of 32) from port B of cell $paramod$e6d2582358ff6950cc507271baa264b5b8280dfa\logic_normalization_parallel_tree_top.$shiftx$rtl/logic_normalization_parallel_tree_top.sv:0$1222 ($shiftx).
Removed top 24 bits (of 32) from port B of cell $paramod$e6d2582358ff6950cc507271baa264b5b8280dfa\logic_normalization_parallel_tree_top.$shiftx$rtl/logic_normalization_parallel_tree_top.sv:0$1225 ($shiftx).
Removed top 31 bits (of 32) from mux cell $paramod$e6d2582358ff6950cc507271baa264b5b8280dfa\logic_normalization_parallel_tree_top.$ternary$rtl/logic_normalization_parallel_tree_top.sv:73$1229 ($mux).
Converting cell $paramod$e6d2582358ff6950cc507271baa264b5b8280dfa\logic_normalization_parallel_tree_top.$neg$rtl/logic_normalization_parallel_tree_top.sv:0$1235 ($neg) from signed to unsigned.
Removed top 1 bits (of 4) from port A of cell $paramod$e6d2582358ff6950cc507271baa264b5b8280dfa\logic_normalization_parallel_tree_top.$neg$rtl/logic_normalization_parallel_tree_top.sv:0$1235 ($neg).
Removed top 29 bits (of 32) from wire $paramod$e6d2582358ff6950cc507271baa264b5b8280dfa\logic_normalization_parallel_tree_top.$0$fordecl_block$514.$for_loop$515[1].$unnamed_block$516.idx[31:0]$1108.
Removed top 29 bits (of 32) from wire $paramod$e6d2582358ff6950cc507271baa264b5b8280dfa\logic_normalization_parallel_tree_top.$0$fordecl_block$514.$for_loop$515[2].$unnamed_block$516.idx[31:0]$1109.
Removed top 29 bits (of 32) from wire $paramod$e6d2582358ff6950cc507271baa264b5b8280dfa\logic_normalization_parallel_tree_top.$0$fordecl_block$514.$for_loop$515[3].$unnamed_block$516.idx[31:0]$1110.
Removed top 29 bits (of 32) from wire $paramod$e6d2582358ff6950cc507271baa264b5b8280dfa\logic_normalization_parallel_tree_top.$0$fordecl_block$514.$for_loop$515[4].$unnamed_block$516.idx[31:0]$1111.
Removed top 31 bits (of 32) from wire $paramod$e6d2582358ff6950cc507271baa264b5b8280dfa\logic_normalization_parallel_tree_top.$extend$rtl/logic_normalization_parallel_tree_top.sv:69$1216_Y.
Removed top 31 bits (of 32) from wire $paramod$e6d2582358ff6950cc507271baa264b5b8280dfa\logic_normalization_parallel_tree_top.$extend$rtl/logic_normalization_parallel_tree_top.sv:73$1228_Y.
Removed top 4 bits (of 16) from wire $paramod$e6d2582358ff6950cc507271baa264b5b8280dfa\logic_normalization_parallel_tree_top.$indirect$\lhs_i$rtl/logic_normalization_parallel_tree_top.sv:39$1009.
Removed top 24 bits (of 32) from wire $paramod$e6d2582358ff6950cc507271baa264b5b8280dfa\logic_normalization_parallel_tree_top.$or$rtl/logic_normalization_parallel_tree_top.sv:0$1174_Y.
Removed top 2 bits (of 3) from port B of cell $paramod\logic_normalization_scalar_engine\TAG_WIDTH=32'00000000000000000000000000010000.$procmux$2128_CMP0 ($eq).
Removed top 1 bits (of 3) from port B of cell $paramod\logic_normalization_scalar_engine\TAG_WIDTH=32'00000000000000000000000000010000.$procmux$2122_CMP0 ($eq).
Removed top 1 bits (of 3) from port B of cell $paramod\logic_normalization_scalar_engine\TAG_WIDTH=32'00000000000000000000000000010000.$eq$rtl/logic_normalization_scalar_engine.sv:52$989 ($eq).
Removed top 1 bits (of 2) from port B of cell $paramod\logic_normalization_scalar_engine\TAG_WIDTH=32'00000000000000000000000000010000.$auto$opt_dff.cc:195:make_patterns_logic$5000 ($ne).
Removed top 26 bits (of 32) from port Y of cell fp16_add.$sub$rtl/fp16_add.sv:46$23 ($sub).
Removed top 26 bits (of 32) from port A of cell fp16_add.$le$rtl/fp16_add.sv:9$24 ($le).
Removed top 31 bits (of 32) from port B of cell fp16_add.$le$rtl/fp16_add.sv:9$24 ($le).
Removed top 26 bits (of 32) from port A of cell fp16_add.$ge$rtl/fp16_add.sv:10$27 ($ge).
Removed top 27 bits (of 32) from port B of cell fp16_add.$ge$rtl/fp16_add.sv:10$27 ($ge).
Removed top 13 bits (of 14) from port A of cell fp16_add.$shl$rtl/fp16_add.sv:12$31 ($shl).
Removed top 1 bits (of 15) from port A of cell fp16_add.$add$rtl/fp16_add.sv:52$38 ($add).
Removed top 1 bits (of 15) from port B of cell fp16_add.$add$rtl/fp16_add.sv:52$38 ($add).
Removed top 26 bits (of 32) from port A of cell fp16_add.$add$rtl/fp16_add.sv:56$40 ($add).
Removed top 30 bits (of 32) from port B of cell fp16_add.$add$rtl/fp16_add.sv:56$40 ($add).
Converting cell fp16_add.$add$rtl/fp16_add.sv:56$40 ($add) from signed to unsigned.
Removed top 25 bits (of 32) from port Y of cell fp16_add.$add$rtl/fp16_add.sv:56$40 ($add).
Removed top 1 bits (of 6) from port A of cell fp16_add.$add$rtl/fp16_add.sv:56$40 ($add).
Removed top 1 bits (of 2) from port B of cell fp16_add.$add$rtl/fp16_add.sv:56$40 ($add).
Removed top 1 bits (of 7) from port Y of cell fp16_add.$add$rtl/fp16_add.sv:56$40 ($add).
Removed top 26 bits (of 32) from port A of cell fp16_add.$gt$rtl/fp16_add.sv:62$43 ($gt).
Removed top 30 bits (of 32) from port B of cell fp16_add.$gt$rtl/fp16_add.sv:62$43 ($gt).
Converting cell fp16_add.$gt$rtl/fp16_add.sv:62$43 ($gt) from signed to unsigned.
Removed top 1 bits (of 6) from port A of cell fp16_add.$gt$rtl/fp16_add.sv:62$43 ($gt).
Removed top 1 bits (of 2) from port B of cell fp16_add.$gt$rtl/fp16_add.sv:62$43 ($gt).
Removed top 26 bits (of 32) from port A of cell fp16_add.$sub$rtl/fp16_add.sv:64$46 ($sub).
Removed top 30 bits (of 32) from port B of cell fp16_add.$sub$rtl/fp16_add.sv:64$46 ($sub).
Converting cell fp16_add.$sub$rtl/fp16_add.sv:64$46 ($sub) from signed to unsigned.
Removed top 25 bits (of 32) from port Y of cell fp16_add.$sub$rtl/fp16_add.sv:64$46 ($sub).
Removed top 1 bits (of 6) from port A of cell fp16_add.$sub$rtl/fp16_add.sv:64$46 ($sub).
Removed top 1 bits (of 2) from port B of cell fp16_add.$sub$rtl/fp16_add.sv:64$46 ($sub).
Removed top 1 bits (of 7) from port Y of cell fp16_add.$sub$rtl/fp16_add.sv:64$46 ($sub).
Removed top 30 bits (of 32) from port B of cell fp16_add.$gt$rtl/fp16_add.sv:62$48 ($gt).
Removed top 30 bits (of 32) from port B of cell fp16_add.$sub$rtl/fp16_add.sv:64$51 ($sub).
Removed top 30 bits (of 32) from port B of cell fp16_add.$gt$rtl/fp16_add.sv:62$53 ($gt).
Removed top 30 bits (of 32) from port B of cell fp16_add.$sub$rtl/fp16_add.sv:64$56 ($sub).
Removed top 30 bits (of 32) from port B of cell fp16_add.$gt$rtl/fp16_add.sv:62$58 ($gt).
Removed top 30 bits (of 32) from port B of cell fp16_add.$sub$rtl/fp16_add.sv:64$61 ($sub).
Removed top 30 bits (of 32) from port B of cell fp16_add.$gt$rtl/fp16_add.sv:62$63 ($gt).
Removed top 30 bits (of 32) from port B of cell fp16_add.$sub$rtl/fp16_add.sv:64$66 ($sub).
Removed top 30 bits (of 32) from port B of cell fp16_add.$gt$rtl/fp16_add.sv:62$68 ($gt).
Removed top 30 bits (of 32) from port B of cell fp16_add.$sub$rtl/fp16_add.sv:64$71 ($sub).
Removed top 30 bits (of 32) from port B of cell fp16_add.$gt$rtl/fp16_add.sv:62$73 ($gt).
Removed top 30 bits (of 32) from port B of cell fp16_add.$sub$rtl/fp16_add.sv:64$76 ($sub).
Removed top 30 bits (of 32) from port B of cell fp16_add.$gt$rtl/fp16_add.sv:62$78 ($gt).
Removed top 30 bits (of 32) from port B of cell fp16_add.$sub$rtl/fp16_add.sv:64$81 ($sub).
Removed top 30 bits (of 32) from port B of cell fp16_add.$gt$rtl/fp16_add.sv:62$83 ($gt).
Removed top 30 bits (of 32) from port B of cell fp16_add.$sub$rtl/fp16_add.sv:64$86 ($sub).
Removed top 30 bits (of 32) from port B of cell fp16_add.$gt$rtl/fp16_add.sv:62$88 ($gt).
Removed top 30 bits (of 32) from port B of cell fp16_add.$sub$rtl/fp16_add.sv:64$91 ($sub).
Removed top 30 bits (of 32) from port B of cell fp16_add.$gt$rtl/fp16_add.sv:62$93 ($gt).
Removed top 30 bits (of 32) from port B of cell fp16_add.$sub$rtl/fp16_add.sv:64$96 ($sub).
Removed top 30 bits (of 32) from port B of cell fp16_add.$gt$rtl/fp16_add.sv:62$98 ($gt).
Removed top 30 bits (of 32) from port B of cell fp16_add.$sub$rtl/fp16_add.sv:64$101 ($sub).
Removed top 30 bits (of 32) from port B of cell fp16_add.$gt$rtl/fp16_add.sv:62$103 ($gt).
Removed top 30 bits (of 32) from port B of cell fp16_add.$sub$rtl/fp16_add.sv:64$106 ($sub).
Removed top 1 bits (of 12) from port A of cell fp16_add.$add$rtl/fp16_add.sv:69$110 ($add).
Removed top 30 bits (of 32) from port B of cell fp16_add.$add$rtl/fp16_add.sv:72$112 ($add).
Removed top 26 bits (of 32) from port B of cell fp16_add.$ge$rtl/fp16_add.sv:85$137 ($ge).
Removed top 30 bits (of 32) from port B of cell fp16_add.$le$rtl/fp16_add.sv:86$138 ($le).
Removed top 1 bits (of 16) from mux cell fp16_add.$procmux$3681 ($mux).
Removed top 1 bits (of 16) from mux cell fp16_add.$procmux$3702 ($mux).
Removed top 1 bits (of 12) from mux cell fp16_add.$procmux$3768 ($mux).
Removed top 26 bits (of 32) from mux cell fp16_add.$procmux$3934 ($mux).
Removed top 26 bits (of 32) from wire fp16_add.$2\result_exp[31:0].
Removed top 26 bits (of 32) from wire fp16_add.$add$rtl/fp16_add.sv:56$40_Y.
Removed top 1 bits (of 14) from wire fp16_add.$sub$rtl/fp16_add.sv:59$41_Y.
Removed top 1 bits (of 12) from wire fp16_add.rounded_sig.
Removed top 28 bits (of 32) from port B of cell fp16_mul.$sub$rtl/fp16_mul.sv:24$150 ($sub).
Removed top 26 bits (of 32) from port Y of cell fp16_mul.$sub$rtl/fp16_mul.sv:24$150 ($sub).
Removed top 28 bits (of 32) from port B of cell fp16_mul.$sub$rtl/fp16_mul.sv:25$153 ($sub).
Removed top 26 bits (of 32) from port Y of cell fp16_mul.$sub$rtl/fp16_mul.sv:25$153 ($sub).
Removed top 26 bits (of 32) from port B of cell fp16_mul.$sub$rtl/fp16_mul.sv:29$156 ($sub).
Removed top 26 bits (of 32) from port B of cell fp16_mul.$ge$rtl/fp16_mul.sv:43$187 ($ge).
Removed top 27 bits (of 32) from port B of cell fp16_mul.$ge$rtl/fp16_mul.sv:44$188 ($ge).
Removed top 27 bits (of 32) from port B of cell fp16_mul.$sub$rtl/fp16_mul.sv:45$189 ($sub).
Removed top 31 bits (of 32) from port B of cell fp16_mul.$gt$rtl/fp16_mul.sv:46$190 ($gt).
Removed top 42 bits (of 64) from port A of cell fp16_mul.$shr$rtl/fp16_mul.sv:47$191 ($shr).
Removed top 30 bits (of 32) from port B of cell fp16_mul.$sub$rtl/fp16_mul.sv:48$192 ($sub).
Removed top 63 bits (of 64) from port A of cell fp16_mul.$shl$rtl/fp16_mul.sv:48$193 ($shl).
Removed top 42 bits (of 64) from port A of cell fp16_mul.$and$rtl/fp16_mul.sv:50$197 ($and).
Removed top 42 bits (of 64) from port A of cell fp16_mul.$shl$rtl/fp16_mul.sv:52$203 ($shl).
Removed top 20 bits (of 32) from port B of cell fp16_mul.$ge$rtl/fp16_mul.sv:53$204 ($ge).
Removed top 30 bits (of 32) from port B of cell fp16_mul.$add$rtl/fp16_mul.sv:55$206 ($add).
Removed top 26 bits (of 32) from port B of cell fp16_mul.$ge$rtl/fp16_mul.sv:57$207 ($ge).
Removed top 27 bits (of 32) from port B of cell fp16_mul.$add$rtl/fp16_mul.sv:59$208 ($add).
Removed top 27 bits (of 32) from port Y of cell fp16_mul.$add$rtl/fp16_mul.sv:59$208 ($add).
Removed top 27 bits (of 32) from port A of cell fp16_mul.$add$rtl/fp16_mul.sv:59$208 ($add).
Removed top 28 bits (of 32) from port B of cell fp16_mul.$add$rtl/fp16_mul.sv:64$210 ($add).
Removed top 31 bits (of 32) from port B of cell fp16_mul.$gt$rtl/fp16_mul.sv:65$212 ($gt).
Removed top 42 bits (of 64) from port A of cell fp16_mul.$shr$rtl/fp16_mul.sv:66$213 ($shr).
Removed top 30 bits (of 32) from port B of cell fp16_mul.$sub$rtl/fp16_mul.sv:67$214 ($sub).
Removed top 63 bits (of 64) from port A of cell fp16_mul.$shl$rtl/fp16_mul.sv:67$215 ($shl).
Removed top 42 bits (of 64) from port A of cell fp16_mul.$and$rtl/fp16_mul.sv:69$219 ($and).
Removed top 42 bits (of 64) from port A of cell fp16_mul.$shl$rtl/fp16_mul.sv:71$225 ($shl).
Removed top 21 bits (of 32) from port B of cell fp16_mul.$ge$rtl/fp16_mul.sv:72$226 ($ge).
Removed top 5 bits (of 16) from mux cell fp16_mul.$procmux$3103 ($mux).
Removed top 1 bits (of 16) from mux cell fp16_mul.$procmux$3176 ($mux).
Removed top 54 bits (of 64) from mux cell fp16_mul.$procmux$3230 ($mux).
Removed top 1 bits (of 16) from mux cell fp16_mul.$procmux$3316 ($mux).
Removed top 1 bits (of 16) from mux cell fp16_mul.$procmux$3406 ($mux).
Removed top 1 bits (of 16) from mux cell fp16_mul.$procmux$3490 ($mux).
Removed top 1 bits (of 16) from mux cell fp16_mul.$procmux$3553 ($mux).
Removed top 31 bits (of 32) from mux cell fp16_mul.$procmux$3676 ($mux).
Removed top 31 bits (of 32) from wire fp16_mul.$2\msb_index[31:0].
Removed top 54 bits (of 64) from wire fp16_mul.$7\rounded_wide[63:0].
Removed top 27 bits (of 32) from wire fp16_mul.$add$rtl/fp16_mul.sv:59$208_Y.
Removed top 24 address bits (of 32) from memory init port fp16_rsqrt_lut256.$auto$mem.cc:328:emit$1452 ($auto$proc_rom.cc:155:do_switch$1450).
Removed top 28 bits (of 32) from port B of cell fp16_rsqrt_lut256.$div$rtl/fp16_rsqrt_lut256.sv:63$376 ($div).
Removed top 1 bits (of 16) from mux cell fp16_rsqrt_lut256.$ternary$rtl/fp16_rsqrt_lut256.sv:41$318 ($mux).
Removed top 2 bits (of 8) from port A of cell fp16_rsqrt_lut256.$sub$rtl/fp16_rsqrt_lut256.sv:47$338 ($sub).
Removed top 3 bits (of 8) from port B of cell fp16_rsqrt_lut256.$sub$rtl/fp16_rsqrt_lut256.sv:47$338 ($sub).
Converting cell fp16_rsqrt_lut256.$sub$rtl/fp16_rsqrt_lut256.sv:47$338 ($sub) from signed to unsigned.
Removed top 1 bits (of 8) from port Y of cell fp16_rsqrt_lut256.$sub$rtl/fp16_rsqrt_lut256.sv:47$338 ($sub).
Removed top 1 bits (of 6) from port A of cell fp16_rsqrt_lut256.$sub$rtl/fp16_rsqrt_lut256.sv:47$338 ($sub).
Removed top 1 bits (of 5) from port B of cell fp16_rsqrt_lut256.$sub$rtl/fp16_rsqrt_lut256.sv:47$338 ($sub).
Removed top 1 bits (of 7) from port Y of cell fp16_rsqrt_lut256.$sub$rtl/fp16_rsqrt_lut256.sv:47$338 ($sub).
Removed top 31 bits (of 32) from port B of cell fp16_rsqrt_lut256.$lt$rtl/fp16_rsqrt_lut256.sv:50$342 ($lt).
Removed top 31 bits (of 32) from port B of cell fp16_rsqrt_lut256.$lt$rtl/fp16_rsqrt_lut256.sv:50$345 ($lt).
Removed top 31 bits (of 32) from port B of cell fp16_rsqrt_lut256.$lt$rtl/fp16_rsqrt_lut256.sv:50$348 ($lt).
Removed top 31 bits (of 32) from port B of cell fp16_rsqrt_lut256.$lt$rtl/fp16_rsqrt_lut256.sv:50$351 ($lt).
Removed top 31 bits (of 32) from port B of cell fp16_rsqrt_lut256.$lt$rtl/fp16_rsqrt_lut256.sv:50$354 ($lt).
Removed top 31 bits (of 32) from port B of cell fp16_rsqrt_lut256.$lt$rtl/fp16_rsqrt_lut256.sv:50$357 ($lt).
Removed top 31 bits (of 32) from port B of cell fp16_rsqrt_lut256.$lt$rtl/fp16_rsqrt_lut256.sv:50$360 ($lt).
Removed top 31 bits (of 32) from port B of cell fp16_rsqrt_lut256.$lt$rtl/fp16_rsqrt_lut256.sv:50$363 ($lt).
Removed top 31 bits (of 32) from port B of cell fp16_rsqrt_lut256.$lt$rtl/fp16_rsqrt_lut256.sv:50$366 ($lt).
Removed top 27 bits (of 32) from port A of cell fp16_rsqrt_lut256.$sub$rtl/fp16_rsqrt_lut256.sv:51$369 ($sub).
Removed top 26 bits (of 32) from port B of cell fp16_rsqrt_lut256.$sub$rtl/fp16_rsqrt_lut256.sv:52$371 ($sub).
Removed top 24 bits (of 32) from port Y of cell fp16_rsqrt_lut256.$sub$rtl/fp16_rsqrt_lut256.sv:52$371 ($sub).
Removed top 24 bits (of 32) from port A of cell fp16_rsqrt_lut256.$sub$rtl/fp16_rsqrt_lut256.sv:52$371 ($sub).
Removed top 30 bits (of 32) from port B of cell fp16_rsqrt_lut256.$sub$rtl/fp16_rsqrt_lut256.sv:57$374 ($sub).
Removed top 24 bits (of 32) from port Y of cell fp16_rsqrt_lut256.$sub$rtl/fp16_rsqrt_lut256.sv:57$374 ($sub).
Removed top 1 bits (of 12) from port B of cell fp16_rsqrt_lut256.$sub$rtl/fp16_rsqrt_lut256.sv:62$375 ($sub).
Converting cell fp16_rsqrt_lut256.$sub$rtl/fp16_rsqrt_lut256.sv:65$379 ($sub) from unsigned to signed.
Removed top 3 bits (of 9) from port A of cell fp16_rsqrt_lut256.$sub$rtl/fp16_rsqrt_lut256.sv:65$379 ($sub).
Removed top 2 bits (of 9) from port B of cell fp16_rsqrt_lut256.$sub$rtl/fp16_rsqrt_lut256.sv:65$379 ($sub).
Removed top 4 bits (of 9) from port Y of cell fp16_rsqrt_lut256.$sub$rtl/fp16_rsqrt_lut256.sv:65$379 ($sub).
Removed top 1 bits (of 6) from port A of cell fp16_rsqrt_lut256.$sub$rtl/fp16_rsqrt_lut256.sv:65$379 ($sub).
Removed top 2 bits (of 7) from port B of cell fp16_rsqrt_lut256.$sub$rtl/fp16_rsqrt_lut256.sv:65$379 ($sub).
Removed top 1 bits (of 16) from mux cell fp16_rsqrt_lut256.$procmux$2242 ($mux).
Removed top 2 bits (of 8) from mux cell fp16_rsqrt_lut256.$procmux$2260 ($mux).
Removed top 1 bits (of 16) from mux cell fp16_rsqrt_lut256.$procmux$2565 ($mux).
Removed top 1 bits (of 16) from mux cell fp16_rsqrt_lut256.$procmux$2730 ($mux).
Removed top 1 bits (of 16) from mux cell fp16_rsqrt_lut256.$procmux$2862 ($mux).
Removed top 1 bits (of 16) from FF cell fp16_rsqrt_lut256.$auto$ff.cc:266:slice$5022 ($adffe).
Removed top 1 bits (of 16) from mux cell fp16_rsqrt_lut256.$procmux$2240 ($mux).
Removed top 2 bits (of 8) from mux cell fp16_rsqrt_lut256.$procmux$2258 ($mux).
Removed top 1 bits (of 16) from mux cell fp16_rsqrt_lut256.$procmux$2238 ($mux).
Removed top 2 bits (of 8) from mux cell fp16_rsqrt_lut256.$procmux$2256 ($mux).
Removed top 1 bits (of 16) from mux cell fp16_rsqrt_lut256.$procmux$2235 ($mux).
Removed top 2 bits (of 8) from mux cell fp16_rsqrt_lut256.$procmux$2253 ($mux).
Removed top 1 bits (of 16) from mux cell fp16_rsqrt_lut256.$procmux$2232 ($mux).
Removed top 2 bits (of 8) from mux cell fp16_rsqrt_lut256.$procmux$2250 ($mux).
Removed top 2 bits (of 8) from mux cell fp16_rsqrt_lut256.$procmux$2247 ($mux).
Removed top 2 bits (of 8) from port Y of cell fp16_rsqrt_lut256.$sub$rtl/fp16_rsqrt_lut256.sv:57$374 ($sub).
Removed top 2 bits (of 8) from port A of cell fp16_rsqrt_lut256.$sub$rtl/fp16_rsqrt_lut256.sv:57$374 ($sub).
Removed top 2 bits (of 8) from mux cell fp16_rsqrt_lut256.$procmux$2506 ($mux).
Removed top 2 bits (of 8) from mux cell fp16_rsqrt_lut256.$procmux$2504 ($mux).
Removed top 2 bits (of 8) from mux cell fp16_rsqrt_lut256.$procmux$2502 ($mux).
Removed top 2 bits (of 8) from mux cell fp16_rsqrt_lut256.$procmux$2499 ($mux).
Removed top 2 bits (of 8) from mux cell fp16_rsqrt_lut256.$procmux$2496 ($mux).
Removed top 2 bits (of 8) from mux cell fp16_rsqrt_lut256.$procmux$2493 ($mux).
Removed top 2 bits (of 8) from port Y of cell fp16_rsqrt_lut256.$sub$rtl/fp16_rsqrt_lut256.sv:52$371 ($sub).
Removed top 2 bits (of 8) from port A of cell fp16_rsqrt_lut256.$sub$rtl/fp16_rsqrt_lut256.sv:52$371 ($sub).
Removed top 1 bits (of 16) from wire fp16_rsqrt_lut256.$4\approximate_rsqrt$func$rtl/fp16_rsqrt_lut256.sv:79$229.$result[15:0]$294.
Removed top 1 bits (of 16) from wire fp16_rsqrt_lut256.$5\approximate_rsqrt$func$rtl/fp16_rsqrt_lut256.sv:79$229.$result[15:0]$306.
Removed top 1 bits (of 16) from wire fp16_rsqrt_lut256.$6\approximate_rsqrt$func$rtl/fp16_rsqrt_lut256.sv:79$229.$result[15:0]$322.
Removed top 2 bits (of 8) from wire fp16_rsqrt_lut256.$7\approximate_rsqrt$func$rtl/fp16_rsqrt_lut256.sv:79$229.even_exponent[7:0]$373.
Removed top 1 bits (of 16) from wire fp16_rsqrt_lut256.$7\approximate_rsqrt$func$rtl/fp16_rsqrt_lut256.sv:79$229.lut_value[15:0]$377.
Removed top 2 bits (of 8) from wire fp16_rsqrt_lut256.$7\approximate_rsqrt$func$rtl/fp16_rsqrt_lut256.sv:79$229.unbiased_exponent[7:0]$335.
Removed top 1 bits (of 16) from wire fp16_rsqrt_lut256.$procmux$2232_Y.
Removed top 1 bits (of 16) from wire fp16_rsqrt_lut256.$procmux$2235_Y.
Removed top 2 bits (of 8) from wire fp16_rsqrt_lut256.$procmux$2256_Y.
Removed top 2 bits (of 8) from wire fp16_rsqrt_lut256.$procmux$2258_Y.
Removed top 2 bits (of 8) from wire fp16_rsqrt_lut256.$procmux$2493_Y.
Removed top 2 bits (of 8) from wire fp16_rsqrt_lut256.$procmux$2496_Y.
Removed top 2 bits (of 8) from wire fp16_rsqrt_lut256.$procmux$2499_Y.
Removed top 2 bits (of 8) from wire fp16_rsqrt_lut256.$procmux$2502_Y.
Removed top 2 bits (of 8) from wire fp16_rsqrt_lut256.$procmux$2504_Y.
Removed top 26 bits (of 32) from wire fp16_rsqrt_lut256.$sub$rtl/fp16_rsqrt_lut256.sv:52$371_Y.
Removed top 26 bits (of 32) from wire fp16_rsqrt_lut256.$sub$rtl/fp16_rsqrt_lut256.sv:57$374_Y.
Removed top 1 bits (of 16) from wire fp16_rsqrt_lut256.$ternary$rtl/fp16_rsqrt_lut256.sv:41$318_Y.

13.10. Executing PEEPOPT pass (run peephole optimizers).

13.11. Executing OPT_CLEAN pass (remove unused cells and wires).
Finding unused cells or wires in module $paramod$7f46819eecda06228f84979737259751ccd53663\bank_normalization_multirow_vector_reducer..
Finding unused cells or wires in module $paramod$865746d0c425e5bff1afb43fc0ca954cd0aab93f\logic_normalization_bank_barrier..
Finding unused cells or wires in module $paramod$cf256f1e07155db3e20fb233046fedb4711c91b2\logic_normalization_scalar_engine_array..
Finding unused cells or wires in module $paramod$e6d2582358ff6950cc507271baa264b5b8280dfa\logic_normalization_barrier_tree_top..
Finding unused cells or wires in module $paramod$e6d2582358ff6950cc507271baa264b5b8280dfa\logic_normalization_parallel_tree_top..
Finding unused cells or wires in module $paramod\logic_normalization_scalar_engine\TAG_WIDTH=32'00000000000000000000000000010000..
Finding unused cells or wires in module \fp16_add..
Finding unused cells or wires in module \fp16_mul..
Finding unused cells or wires in module \fp16_rsqrt_lut256..
Finding unused cells or wires in module \hierarchical_normalization_streaming_top..
Removed 0 unused cells and 50 unused wires.
<suppressed ~4 debug messages>

13.12. Executing ALUMACC pass (create $alu and $macc cells).
Extracting $alu and $macc cells in module $paramod$7f46819eecda06228f84979737259751ccd53663\bank_normalization_multirow_vector_reducer:
  creating $macc model for $add$rtl/bank_normalization_multirow_vector_reducer.sv:135$1433 ($add).
  creating $macc model for $add$rtl/bank_normalization_multirow_vector_reducer.sv:137$1434 ($add).
  creating $macc model for $add$rtl/bank_normalization_multirow_vector_reducer.sv:139$1435 ($add).
  creating $macc model for $add$rtl/bank_normalization_multirow_vector_reducer.sv:144$1437 ($add).
  creating $macc model for $sub$rtl/bank_normalization_multirow_vector_reducer.sv:122$1424 ($sub).
  creating $macc model for $sub$rtl/bank_normalization_multirow_vector_reducer.sv:140$1436 ($sub).
  creating $macc model for $sub$rtl/bank_normalization_multirow_vector_reducer.sv:145$1438 ($sub).
  creating $alu model for $macc $sub$rtl/bank_normalization_multirow_vector_reducer.sv:145$1438.
  creating $alu model for $macc $sub$rtl/bank_normalization_multirow_vector_reducer.sv:140$1436.
  creating $alu model for $macc $sub$rtl/bank_normalization_multirow_vector_reducer.sv:122$1424.
  creating $alu model for $macc $add$rtl/bank_normalization_multirow_vector_reducer.sv:144$1437.
  creating $alu model for $macc $add$rtl/bank_normalization_multirow_vector_reducer.sv:139$1435.
  creating $alu model for $macc $add$rtl/bank_normalization_multirow_vector_reducer.sv:137$1434.
  creating $alu model for $macc $add$rtl/bank_normalization_multirow_vector_reducer.sv:135$1433.
  creating $alu model for $lt$rtl/bank_normalization_multirow_vector_reducer.sv:52$1388 ($lt): new $alu
  creating $alu model for $eq$rtl/bank_normalization_multirow_vector_reducer.sv:45$1382 ($eq): merged with $sub$rtl/bank_normalization_multirow_vector_reducer.sv:122$1424.
  creating $alu cell for $lt$rtl/bank_normalization_multirow_vector_reducer.sv:52$1388: $auto$alumacc.cc:495:replace_alu$5060
  creating $alu cell for $add$rtl/bank_normalization_multirow_vector_reducer.sv:135$1433: $auto$alumacc.cc:495:replace_alu$5065
  creating $alu cell for $add$rtl/bank_normalization_multirow_vector_reducer.sv:137$1434: $auto$alumacc.cc:495:replace_alu$5068
  creating $alu cell for $add$rtl/bank_normalization_multirow_vector_reducer.sv:139$1435: $auto$alumacc.cc:495:replace_alu$5071
  creating $alu cell for $add$rtl/bank_normalization_multirow_vector_reducer.sv:144$1437: $auto$alumacc.cc:495:replace_alu$5074
  creating $alu cell for $sub$rtl/bank_normalization_multirow_vector_reducer.sv:122$1424, $eq$rtl/bank_normalization_multirow_vector_reducer.sv:45$1382: $auto$alumacc.cc:495:replace_alu$5077
  creating $alu cell for $sub$rtl/bank_normalization_multirow_vector_reducer.sv:140$1436: $auto$alumacc.cc:495:replace_alu$5082
  creating $alu cell for $sub$rtl/bank_normalization_multirow_vector_reducer.sv:145$1438: $auto$alumacc.cc:495:replace_alu$5085
  created 8 $alu and 0 $macc cells.
Extracting $alu and $macc cells in module $paramod$865746d0c425e5bff1afb43fc0ca954cd0aab93f\logic_normalization_bank_barrier:
  created 0 $alu and 0 $macc cells.
Extracting $alu and $macc cells in module $paramod$cf256f1e07155db3e20fb233046fedb4711c91b2\logic_normalization_scalar_engine_array:
  created 0 $alu and 0 $macc cells.
Extracting $alu and $macc cells in module $paramod$e6d2582358ff6950cc507271baa264b5b8280dfa\logic_normalization_barrier_tree_top:
  created 0 $alu and 0 $macc cells.
Extracting $alu and $macc cells in module $paramod$e6d2582358ff6950cc507271baa264b5b8280dfa\logic_normalization_parallel_tree_top:
  creating $macc model for $add$rtl/logic_normalization_parallel_tree_top.sv:53$1131 ($add).
  creating $macc model for $add$rtl/logic_normalization_parallel_tree_top.sv:53$1136 ($add).
  creating $macc model for $add$rtl/logic_normalization_parallel_tree_top.sv:53$1141 ($add).
  creating $macc model for $add$rtl/logic_normalization_parallel_tree_top.sv:53$1146 ($add).
  creating $macc model for $add$rtl/logic_normalization_parallel_tree_top.sv:53$1151 ($add).
  creating $macc model for $add$rtl/logic_normalization_parallel_tree_top.sv:53$1156 ($add).
  creating $macc model for $add$rtl/logic_normalization_parallel_tree_top.sv:53$1161 ($add).
  creating $macc model for $add$rtl/logic_normalization_parallel_tree_top.sv:65$1180 ($add).
  creating $macc model for $add$rtl/logic_normalization_parallel_tree_top.sv:65$1185 ($add).
  creating $macc model for $add$rtl/logic_normalization_parallel_tree_top.sv:65$1190 ($add).
  creating $macc model for $add$rtl/logic_normalization_parallel_tree_top.sv:65$1195 ($add).
  creating $macc model for $add$rtl/logic_normalization_parallel_tree_top.sv:65$1200 ($add).
  creating $macc model for $add$rtl/logic_normalization_parallel_tree_top.sv:65$1205 ($add).
  creating $macc model for $add$rtl/logic_normalization_parallel_tree_top.sv:65$1210 ($add).
  creating $macc model for $add$rtl/logic_normalization_parallel_tree_top.sv:92$1255 ($add).
  creating $macc model for $add$rtl/logic_normalization_parallel_tree_top.sv:93$1256 ($add).
  creating $macc model for $add$rtl/logic_normalization_parallel_tree_top.sv:95$1257 ($add).
  creating $macc model for $neg$rtl/logic_normalization_parallel_tree_top.sv:0$1172 ($neg).
  creating $macc model for $neg$rtl/logic_normalization_parallel_tree_top.sv:0$1235 ($neg).
  creating $macc model for $sub$rtl/logic_normalization_parallel_tree_top.sv:96$1258 ($sub).
  creating $alu model for $macc $sub$rtl/logic_normalization_parallel_tree_top.sv:96$1258.
  creating $alu model for $macc $neg$rtl/logic_normalization_parallel_tree_top.sv:0$1235.
  creating $alu model for $macc $neg$rtl/logic_normalization_parallel_tree_top.sv:0$1172.
  creating $alu model for $macc $add$rtl/logic_normalization_parallel_tree_top.sv:95$1257.
  creating $alu model for $macc $add$rtl/logic_normalization_parallel_tree_top.sv:93$1256.
  creating $alu model for $macc $add$rtl/logic_normalization_parallel_tree_top.sv:92$1255.
  creating $alu model for $macc $add$rtl/logic_normalization_parallel_tree_top.sv:65$1210.
  creating $alu model for $macc $add$rtl/logic_normalization_parallel_tree_top.sv:65$1205.
  creating $alu model for $macc $add$rtl/logic_normalization_parallel_tree_top.sv:65$1200.
  creating $alu model for $macc $add$rtl/logic_normalization_parallel_tree_top.sv:65$1195.
  creating $alu model for $macc $add$rtl/logic_normalization_parallel_tree_top.sv:65$1190.
  creating $alu model for $macc $add$rtl/logic_normalization_parallel_tree_top.sv:65$1185.
  creating $alu model for $macc $add$rtl/logic_normalization_parallel_tree_top.sv:65$1180.
  creating $alu model for $macc $add$rtl/logic_normalization_parallel_tree_top.sv:53$1161.
  creating $alu model for $macc $add$rtl/logic_normalization_parallel_tree_top.sv:53$1156.
  creating $alu model for $macc $add$rtl/logic_normalization_parallel_tree_top.sv:53$1151.
  creating $alu model for $macc $add$rtl/logic_normalization_parallel_tree_top.sv:53$1146.
  creating $alu model for $macc $add$rtl/logic_normalization_parallel_tree_top.sv:53$1141.
  creating $alu model for $macc $add$rtl/logic_normalization_parallel_tree_top.sv:53$1136.
  creating $alu model for $macc $add$rtl/logic_normalization_parallel_tree_top.sv:53$1131.
  creating $alu model for $lt$rtl/logic_normalization_parallel_tree_top.sv:34$1102 ($lt): new $alu
  creating $alu cell for $lt$rtl/logic_normalization_parallel_tree_top.sv:34$1102: $auto$alumacc.cc:495:replace_alu$5089
  creating $alu cell for $add$rtl/logic_normalization_parallel_tree_top.sv:53$1131: $auto$alumacc.cc:495:replace_alu$5094
  creating $alu cell for $add$rtl/logic_normalization_parallel_tree_top.sv:53$1136: $auto$alumacc.cc:495:replace_alu$5097
  creating $alu cell for $add$rtl/logic_normalization_parallel_tree_top.sv:53$1141: $auto$alumacc.cc:495:replace_alu$5100
  creating $alu cell for $add$rtl/logic_normalization_parallel_tree_top.sv:53$1146: $auto$alumacc.cc:495:replace_alu$5103
  creating $alu cell for $add$rtl/logic_normalization_parallel_tree_top.sv:53$1151: $auto$alumacc.cc:495:replace_alu$5106
  creating $alu cell for $add$rtl/logic_normalization_parallel_tree_top.sv:53$1156: $auto$alumacc.cc:495:replace_alu$5109
  creating $alu cell for $add$rtl/logic_normalization_parallel_tree_top.sv:53$1161: $auto$alumacc.cc:495:replace_alu$5112
  creating $alu cell for $add$rtl/logic_normalization_parallel_tree_top.sv:65$1180: $auto$alumacc.cc:495:replace_alu$5115
  creating $alu cell for $add$rtl/logic_normalization_parallel_tree_top.sv:65$1185: $auto$alumacc.cc:495:replace_alu$5118
  creating $alu cell for $add$rtl/logic_normalization_parallel_tree_top.sv:65$1190: $auto$alumacc.cc:495:replace_alu$5121
  creating $alu cell for $add$rtl/logic_normalization_parallel_tree_top.sv:65$1195: $auto$alumacc.cc:495:replace_alu$5124
  creating $alu cell for $add$rtl/logic_normalization_parallel_tree_top.sv:65$1200: $auto$alumacc.cc:495:replace_alu$5127
  creating $alu cell for $add$rtl/logic_normalization_parallel_tree_top.sv:65$1205: $auto$alumacc.cc:495:replace_alu$5130
  creating $alu cell for $add$rtl/logic_normalization_parallel_tree_top.sv:65$1210: $auto$alumacc.cc:495:replace_alu$5133
  creating $alu cell for $add$rtl/logic_normalization_parallel_tree_top.sv:92$1255: $auto$alumacc.cc:495:replace_alu$5136
  creating $alu cell for $add$rtl/logic_normalization_parallel_tree_top.sv:93$1256: $auto$alumacc.cc:495:replace_alu$5139
  creating $alu cell for $add$rtl/logic_normalization_parallel_tree_top.sv:95$1257: $auto$alumacc.cc:495:replace_alu$5142
  creating $alu cell for $neg$rtl/logic_normalization_parallel_tree_top.sv:0$1172: $auto$alumacc.cc:495:replace_alu$5145
  creating $alu cell for $neg$rtl/logic_normalization_parallel_tree_top.sv:0$1235: $auto$alumacc.cc:495:replace_alu$5148
  creating $alu cell for $sub$rtl/logic_normalization_parallel_tree_top.sv:96$1258: $auto$alumacc.cc:495:replace_alu$5151
  created 21 $alu and 0 $macc cells.
Extracting $alu and $macc cells in module $paramod\logic_normalization_scalar_engine\TAG_WIDTH=32'00000000000000000000000000010000:
  created 0 $alu and 0 $macc cells.
Extracting $alu and $macc cells in module fp16_add:
  creating $macc model for $add$rtl/fp16_add.sv:52$38 ($add).
  creating $macc model for $add$rtl/fp16_add.sv:56$40 ($add).
  creating $macc model for $add$rtl/fp16_add.sv:69$110 ($add).
  creating $macc model for $add$rtl/fp16_add.sv:72$112 ($add).
  creating $macc model for $sub$rtl/fp16_add.sv:12$32 ($sub).
  creating $macc model for $sub$rtl/fp16_add.sv:46$23 ($sub).
  creating $macc model for $sub$rtl/fp16_add.sv:59$41 ($sub).
  creating $macc model for $sub$rtl/fp16_add.sv:64$101 ($sub).
  creating $macc model for $sub$rtl/fp16_add.sv:64$106 ($sub).
  creating $macc model for $sub$rtl/fp16_add.sv:64$46 ($sub).
  creating $macc model for $sub$rtl/fp16_add.sv:64$51 ($sub).
  creating $macc model for $sub$rtl/fp16_add.sv:64$56 ($sub).
  creating $macc model for $sub$rtl/fp16_add.sv:64$61 ($sub).
  creating $macc model for $sub$rtl/fp16_add.sv:64$66 ($sub).
  creating $macc model for $sub$rtl/fp16_add.sv:64$71 ($sub).
  creating $macc model for $sub$rtl/fp16_add.sv:64$76 ($sub).
  creating $macc model for $sub$rtl/fp16_add.sv:64$81 ($sub).
  creating $macc model for $sub$rtl/fp16_add.sv:64$86 ($sub).
  creating $macc model for $sub$rtl/fp16_add.sv:64$91 ($sub).
  creating $macc model for $sub$rtl/fp16_add.sv:64$96 ($sub).
  creating $alu model for $macc $sub$rtl/fp16_add.sv:64$96.
  creating $alu model for $macc $sub$rtl/fp16_add.sv:64$91.
  creating $alu model for $macc $sub$rtl/fp16_add.sv:64$86.
  creating $alu model for $macc $sub$rtl/fp16_add.sv:64$81.
  creating $alu model for $macc $sub$rtl/fp16_add.sv:64$76.
  creating $alu model for $macc $sub$rtl/fp16_add.sv:64$71.
  creating $alu model for $macc $sub$rtl/fp16_add.sv:64$66.
  creating $alu model for $macc $sub$rtl/fp16_add.sv:64$61.
  creating $alu model for $macc $sub$rtl/fp16_add.sv:64$56.
  creating $alu model for $macc $sub$rtl/fp16_add.sv:64$51.
  creating $alu model for $macc $sub$rtl/fp16_add.sv:64$46.
  creating $alu model for $macc $sub$rtl/fp16_add.sv:64$106.
  creating $alu model for $macc $sub$rtl/fp16_add.sv:64$101.
  creating $alu model for $macc $sub$rtl/fp16_add.sv:59$41.
  creating $alu model for $macc $sub$rtl/fp16_add.sv:46$23.
  creating $alu model for $macc $sub$rtl/fp16_add.sv:12$32.
  creating $alu model for $macc $add$rtl/fp16_add.sv:72$112.
  creating $alu model for $macc $add$rtl/fp16_add.sv:69$110.
  creating $alu model for $macc $add$rtl/fp16_add.sv:56$40.
  creating $alu model for $macc $add$rtl/fp16_add.sv:52$38.
  creating $alu model for $ge$rtl/fp16_add.sv:10$27 ($ge): new $alu
  creating $alu model for $ge$rtl/fp16_add.sv:85$137 ($ge): new $alu
  creating $alu model for $gt$rtl/fp16_add.sv:38$18 ($gt): new $alu
  creating $alu model for $gt$rtl/fp16_add.sv:62$103 ($gt): merged with $sub$rtl/fp16_add.sv:64$106.
  creating $alu model for $gt$rtl/fp16_add.sv:62$43 ($gt): merged with $sub$rtl/fp16_add.sv:64$46.
  creating $alu model for $gt$rtl/fp16_add.sv:62$48 ($gt): merged with $sub$rtl/fp16_add.sv:64$51.
  creating $alu model for $gt$rtl/fp16_add.sv:62$53 ($gt): merged with $sub$rtl/fp16_add.sv:64$56.
  creating $alu model for $gt$rtl/fp16_add.sv:62$58 ($gt): merged with $sub$rtl/fp16_add.sv:64$61.
  creating $alu model for $gt$rtl/fp16_add.sv:62$63 ($gt): merged with $sub$rtl/fp16_add.sv:64$66.
  creating $alu model for $gt$rtl/fp16_add.sv:62$68 ($gt): merged with $sub$rtl/fp16_add.sv:64$71.
  creating $alu model for $gt$rtl/fp16_add.sv:62$73 ($gt): merged with $sub$rtl/fp16_add.sv:64$76.
  creating $alu model for $gt$rtl/fp16_add.sv:62$78 ($gt): merged with $sub$rtl/fp16_add.sv:64$81.
  creating $alu model for $gt$rtl/fp16_add.sv:62$83 ($gt): merged with $sub$rtl/fp16_add.sv:64$86.
  creating $alu model for $gt$rtl/fp16_add.sv:62$88 ($gt): merged with $sub$rtl/fp16_add.sv:64$91.
  creating $alu model for $gt$rtl/fp16_add.sv:62$93 ($gt): merged with $sub$rtl/fp16_add.sv:64$96.
  creating $alu model for $gt$rtl/fp16_add.sv:62$98 ($gt): merged with $sub$rtl/fp16_add.sv:64$101.
  creating $alu model for $le$rtl/fp16_add.sv:86$138 ($le): new $alu
  creating $alu model for $le$rtl/fp16_add.sv:9$24 ($le): new $alu
  creating $alu cell for $le$rtl/fp16_add.sv:9$24: $auto$alumacc.cc:495:replace_alu$5159
  creating $alu cell for $le$rtl/fp16_add.sv:86$138: $auto$alumacc.cc:495:replace_alu$5170
  creating $alu cell for $gt$rtl/fp16_add.sv:38$18: $auto$alumacc.cc:495:replace_alu$5181
  creating $alu cell for $ge$rtl/fp16_add.sv:85$137: $auto$alumacc.cc:495:replace_alu$5192
  creating $alu cell for $ge$rtl/fp16_add.sv:10$27: $auto$alumacc.cc:495:replace_alu$5207
  creating $alu cell for $add$rtl/fp16_add.sv:52$38: $auto$alumacc.cc:495:replace_alu$5222
  creating $alu cell for $add$rtl/fp16_add.sv:56$40: $auto$alumacc.cc:495:replace_alu$5225
  creating $alu cell for $add$rtl/fp16_add.sv:69$110: $auto$alumacc.cc:495:replace_alu$5228
  creating $alu cell for $add$rtl/fp16_add.sv:72$112: $auto$alumacc.cc:495:replace_alu$5231
  creating $alu cell for $sub$rtl/fp16_add.sv:12$32: $auto$alumacc.cc:495:replace_alu$5234
  creating $alu cell for $sub$rtl/fp16_add.sv:46$23: $auto$alumacc.cc:495:replace_alu$5237
  creating $alu cell for $sub$rtl/fp16_add.sv:59$41: $auto$alumacc.cc:495:replace_alu$5240
  creating $alu cell for $sub$rtl/fp16_add.sv:64$101, $gt$rtl/fp16_add.sv:62$98: $auto$alumacc.cc:495:replace_alu$5243
  creating $alu cell for $sub$rtl/fp16_add.sv:64$106, $gt$rtl/fp16_add.sv:62$103: $auto$alumacc.cc:495:replace_alu$5256
  creating $alu cell for $sub$rtl/fp16_add.sv:64$46, $gt$rtl/fp16_add.sv:62$43: $auto$alumacc.cc:495:replace_alu$5269
  creating $alu cell for $sub$rtl/fp16_add.sv:64$51, $gt$rtl/fp16_add.sv:62$48: $auto$alumacc.cc:495:replace_alu$5280
  creating $alu cell for $sub$rtl/fp16_add.sv:64$56, $gt$rtl/fp16_add.sv:62$53: $auto$alumacc.cc:495:replace_alu$5293
  creating $alu cell for $sub$rtl/fp16_add.sv:64$61, $gt$rtl/fp16_add.sv:62$58: $auto$alumacc.cc:495:replace_alu$5306
  creating $alu cell for $sub$rtl/fp16_add.sv:64$66, $gt$rtl/fp16_add.sv:62$63: $auto$alumacc.cc:495:replace_alu$5319
  creating $alu cell for $sub$rtl/fp16_add.sv:64$71, $gt$rtl/fp16_add.sv:62$68: $auto$alumacc.cc:495:replace_alu$5332
  creating $alu cell for $sub$rtl/fp16_add.sv:64$76, $gt$rtl/fp16_add.sv:62$73: $auto$alumacc.cc:495:replace_alu$5345
  creating $alu cell for $sub$rtl/fp16_add.sv:64$81, $gt$rtl/fp16_add.sv:62$78: $auto$alumacc.cc:495:replace_alu$5358
  creating $alu cell for $sub$rtl/fp16_add.sv:64$86, $gt$rtl/fp16_add.sv:62$83: $auto$alumacc.cc:495:replace_alu$5371
  creating $alu cell for $sub$rtl/fp16_add.sv:64$91, $gt$rtl/fp16_add.sv:62$88: $auto$alumacc.cc:495:replace_alu$5384
  creating $alu cell for $sub$rtl/fp16_add.sv:64$96, $gt$rtl/fp16_add.sv:62$93: $auto$alumacc.cc:495:replace_alu$5397
  created 25 $alu and 0 $macc cells.
Extracting $alu and $macc cells in module fp16_mul:
  creating $macc model for $add$rtl/fp16_mul.sv:29$155 ($add).
  creating $macc model for $add$rtl/fp16_mul.sv:29$157 ($add).
  creating $macc model for $add$rtl/fp16_mul.sv:51$201 ($add).
  creating $macc model for $add$rtl/fp16_mul.sv:55$206 ($add).
  creating $macc model for $add$rtl/fp16_mul.sv:59$208 ($add).
  creating $macc model for $add$rtl/fp16_mul.sv:64$210 ($add).
  creating $macc model for $add$rtl/fp16_mul.sv:70$223 ($add).
  creating $macc model for $mul$rtl/fp16_mul.sv:22$148 ($mul).
  creating $macc model for $neg$rtl/fp16_mul.sv:52$202 ($neg).
  creating $macc model for $neg$rtl/fp16_mul.sv:64$211 ($neg).
  creating $macc model for $neg$rtl/fp16_mul.sv:71$224 ($neg).
  creating $macc model for $sub$rtl/fp16_mul.sv:24$150 ($sub).
  creating $macc model for $sub$rtl/fp16_mul.sv:25$153 ($sub).
  creating $macc model for $sub$rtl/fp16_mul.sv:29$156 ($sub).
  creating $macc model for $sub$rtl/fp16_mul.sv:45$189 ($sub).
  creating $macc model for $sub$rtl/fp16_mul.sv:48$192 ($sub).
  creating $macc model for $sub$rtl/fp16_mul.sv:48$194 ($sub).
  creating $macc model for $sub$rtl/fp16_mul.sv:67$214 ($sub).
  creating $macc model for $sub$rtl/fp16_mul.sv:67$216 ($sub).
  merging $macc model for $add$rtl/fp16_mul.sv:64$210 into $neg$rtl/fp16_mul.sv:64$211.
  merging $macc model for $sub$rtl/fp16_mul.sv:29$156 into $add$rtl/fp16_mul.sv:29$157.
  creating $alu model for $macc $sub$rtl/fp16_mul.sv:48$194.
  creating $alu model for $macc $sub$rtl/fp16_mul.sv:48$192.
  creating $alu model for $macc $sub$rtl/fp16_mul.sv:45$189.
  creating $alu model for $macc $sub$rtl/fp16_mul.sv:67$216.
  creating $alu model for $macc $sub$rtl/fp16_mul.sv:25$153.
  creating $alu model for $macc $sub$rtl/fp16_mul.sv:24$150.
  creating $alu model for $macc $neg$rtl/fp16_mul.sv:71$224.
  creating $alu model for $macc $neg$rtl/fp16_mul.sv:52$202.
  creating $alu model for $macc $add$rtl/fp16_mul.sv:70$223.
  creating $alu model for $macc $sub$rtl/fp16_mul.sv:67$214.
  creating $alu model for $macc $add$rtl/fp16_mul.sv:59$208.
  creating $alu model for $macc $add$rtl/fp16_mul.sv:55$206.
  creating $alu model for $macc $add$rtl/fp16_mul.sv:51$201.
  creating $alu model for $macc $add$rtl/fp16_mul.sv:29$155.
  creating $macc cell for $neg$rtl/fp16_mul.sv:64$211: $auto$alumacc.cc:365:replace_macc$5410
  creating $macc cell for $add$rtl/fp16_mul.sv:29$157: $auto$alumacc.cc:365:replace_macc$5411
  creating $macc cell for $mul$rtl/fp16_mul.sv:22$148: $auto$alumacc.cc:365:replace_macc$5412
  creating $alu model for $ge$rtl/fp16_mul.sv:43$187 ($ge): new $alu
  creating $alu model for $ge$rtl/fp16_mul.sv:44$188 ($ge): new $alu
  creating $alu model for $ge$rtl/fp16_mul.sv:53$204 ($ge): new $alu
  creating $alu model for $ge$rtl/fp16_mul.sv:57$207 ($ge): new $alu
  creating $alu model for $ge$rtl/fp16_mul.sv:72$226 ($ge): new $alu
  creating $alu model for $gt$rtl/fp16_mul.sv:46$190 ($gt): new $alu
  creating $alu model for $gt$rtl/fp16_mul.sv:65$212 ($gt): new $alu
  creating $alu cell for $gt$rtl/fp16_mul.sv:65$212: $auto$alumacc.cc:495:replace_alu$5420
  creating $alu cell for $gt$rtl/fp16_mul.sv:46$190: $auto$alumacc.cc:495:replace_alu$5433
  creating $alu cell for $ge$rtl/fp16_mul.sv:72$226: $auto$alumacc.cc:495:replace_alu$5446
  creating $alu cell for $ge$rtl/fp16_mul.sv:57$207: $auto$alumacc.cc:495:replace_alu$5459
  creating $alu cell for $ge$rtl/fp16_mul.sv:53$204: $auto$alumacc.cc:495:replace_alu$5474
  creating $alu cell for $ge$rtl/fp16_mul.sv:44$188: $auto$alumacc.cc:495:replace_alu$5487
  creating $alu cell for $ge$rtl/fp16_mul.sv:43$187: $auto$alumacc.cc:495:replace_alu$5502
  creating $alu cell for $add$rtl/fp16_mul.sv:29$155: $auto$alumacc.cc:495:replace_alu$5517
  creating $alu cell for $add$rtl/fp16_mul.sv:51$201: $auto$alumacc.cc:495:replace_alu$5520
  creating $alu cell for $add$rtl/fp16_mul.sv:55$206: $auto$alumacc.cc:495:replace_alu$5523
  creating $alu cell for $add$rtl/fp16_mul.sv:59$208: $auto$alumacc.cc:495:replace_alu$5526
  creating $alu cell for $sub$rtl/fp16_mul.sv:67$214: $auto$alumacc.cc:495:replace_alu$5529
  creating $alu cell for $add$rtl/fp16_mul.sv:70$223: $auto$alumacc.cc:495:replace_alu$5532
  creating $alu cell for $neg$rtl/fp16_mul.sv:52$202: $auto$alumacc.cc:495:replace_alu$5535
  creating $alu cell for $neg$rtl/fp16_mul.sv:71$224: $auto$alumacc.cc:495:replace_alu$5538
  creating $alu cell for $sub$rtl/fp16_mul.sv:24$150: $auto$alumacc.cc:495:replace_alu$5541
  creating $alu cell for $sub$rtl/fp16_mul.sv:25$153: $auto$alumacc.cc:495:replace_alu$5544
  creating $alu cell for $sub$rtl/fp16_mul.sv:67$216: $auto$alumacc.cc:495:replace_alu$5547
  creating $alu cell for $sub$rtl/fp16_mul.sv:45$189: $auto$alumacc.cc:495:replace_alu$5550
  creating $alu cell for $sub$rtl/fp16_mul.sv:48$192: $auto$alumacc.cc:495:replace_alu$5553
  creating $alu cell for $sub$rtl/fp16_mul.sv:48$194: $auto$alumacc.cc:495:replace_alu$5556
  created 21 $alu and 3 $macc cells.
Extracting $alu and $macc cells in module fp16_rsqrt_lut256:
  creating $macc model for $sub$rtl/fp16_rsqrt_lut256.sv:47$338 ($sub).
  creating $macc model for $sub$rtl/fp16_rsqrt_lut256.sv:51$369 ($sub).
  creating $macc model for $sub$rtl/fp16_rsqrt_lut256.sv:52$371 ($sub).
  creating $macc model for $sub$rtl/fp16_rsqrt_lut256.sv:57$374 ($sub).
  creating $macc model for $sub$rtl/fp16_rsqrt_lut256.sv:62$375 ($sub).
  creating $macc model for $sub$rtl/fp16_rsqrt_lut256.sv:65$379 ($sub).
  creating $alu model for $macc $sub$rtl/fp16_rsqrt_lut256.sv:65$379.
  creating $alu model for $macc $sub$rtl/fp16_rsqrt_lut256.sv:62$375.
  creating $alu model for $macc $sub$rtl/fp16_rsqrt_lut256.sv:57$374.
  creating $alu model for $macc $sub$rtl/fp16_rsqrt_lut256.sv:52$371.
  creating $alu model for $macc $sub$rtl/fp16_rsqrt_lut256.sv:51$369.
  creating $alu model for $macc $sub$rtl/fp16_rsqrt_lut256.sv:47$338.
  creating $alu model for $lt$rtl/fp16_rsqrt_lut256.sv:50$342 ($lt): new $alu
  creating $alu model for $lt$rtl/fp16_rsqrt_lut256.sv:50$345 ($lt): new $alu
  creating $alu model for $lt$rtl/fp16_rsqrt_lut256.sv:50$348 ($lt): new $alu
  creating $alu model for $lt$rtl/fp16_rsqrt_lut256.sv:50$351 ($lt): new $alu
  creating $alu model for $lt$rtl/fp16_rsqrt_lut256.sv:50$354 ($lt): new $alu
  creating $alu model for $lt$rtl/fp16_rsqrt_lut256.sv:50$357 ($lt): new $alu
  creating $alu model for $lt$rtl/fp16_rsqrt_lut256.sv:50$360 ($lt): new $alu
  creating $alu model for $lt$rtl/fp16_rsqrt_lut256.sv:50$363 ($lt): new $alu
  creating $alu model for $lt$rtl/fp16_rsqrt_lut256.sv:50$366 ($lt): new $alu
  creating $alu cell for $lt$rtl/fp16_rsqrt_lut256.sv:50$366: $auto$alumacc.cc:495:replace_alu$5568
  creating $alu cell for $lt$rtl/fp16_rsqrt_lut256.sv:50$363: $auto$alumacc.cc:495:replace_alu$5575
  creating $alu cell for $lt$rtl/fp16_rsqrt_lut256.sv:50$360: $auto$alumacc.cc:495:replace_alu$5582
  creating $alu cell for $lt$rtl/fp16_rsqrt_lut256.sv:50$357: $auto$alumacc.cc:495:replace_alu$5589
  creating $alu cell for $lt$rtl/fp16_rsqrt_lut256.sv:50$354: $auto$alumacc.cc:495:replace_alu$5596
  creating $alu cell for $lt$rtl/fp16_rsqrt_lut256.sv:50$351: $auto$alumacc.cc:495:replace_alu$5603
  creating $alu cell for $lt$rtl/fp16_rsqrt_lut256.sv:50$348: $auto$alumacc.cc:495:replace_alu$5610
  creating $alu cell for $lt$rtl/fp16_rsqrt_lut256.sv:50$345: $auto$alumacc.cc:495:replace_alu$5617
  creating $alu cell for $lt$rtl/fp16_rsqrt_lut256.sv:50$342: $auto$alumacc.cc:495:replace_alu$5624
  creating $alu cell for $sub$rtl/fp16_rsqrt_lut256.sv:47$338: $auto$alumacc.cc:495:replace_alu$5631
  creating $alu cell for $sub$rtl/fp16_rsqrt_lut256.sv:51$369: $auto$alumacc.cc:495:replace_alu$5634
  creating $alu cell for $sub$rtl/fp16_rsqrt_lut256.sv:52$371: $auto$alumacc.cc:495:replace_alu$5637
  creating $alu cell for $sub$rtl/fp16_rsqrt_lut256.sv:57$374: $auto$alumacc.cc:495:replace_alu$5640
  creating $alu cell for $sub$rtl/fp16_rsqrt_lut256.sv:62$375: $auto$alumacc.cc:495:replace_alu$5643
  creating $alu cell for $sub$rtl/fp16_rsqrt_lut256.sv:65$379: $auto$alumacc.cc:495:replace_alu$5646
  created 15 $alu and 0 $macc cells.
Extracting $alu and $macc cells in module hierarchical_normalization_streaming_top:
  created 0 $alu and 0 $macc cells.

13.13. Executing SHARE pass (SAT-based resource sharing).
Found 2 cells in module fp16_add that may be considered for resource sharing.
  Analyzing resource sharing options for $shr$rtl/fp16_add.sv:13$35 ($shr):
    Found 4 activation_patterns using ctrl signal { $auto$rtlil.cc:2783:ReduceOr$5221 $auto$rtlil.cc:2783:ReduceOr$5169 $auto$rtlil.cc:2783:ReduceOr$5206 $logic_and$rtl/fp16_add.sv:86$140_Y $eq$rtl/fp16_add.sv:84$136_Y $logic_and$rtl/fp16_add.sv:81$134_Y $logic_or$rtl/fp16_add.sv:75$125_Y $eq$rtl/fp16_add.sv:76$116_Y $eq$rtl/fp16_add.sv:75$113_Y }.
    No candidates found.
  Analyzing resource sharing options for $shl$rtl/fp16_add.sv:12$31 ($shl):
    Found 4 activation_patterns using ctrl signal { $auto$rtlil.cc:2783:ReduceOr$5221 $auto$rtlil.cc:2783:ReduceOr$5169 $auto$rtlil.cc:2783:ReduceOr$5206 $logic_and$rtl/fp16_add.sv:86$140_Y $eq$rtl/fp16_add.sv:84$136_Y $logic_and$rtl/fp16_add.sv:81$134_Y $logic_or$rtl/fp16_add.sv:75$125_Y $eq$rtl/fp16_add.sv:76$116_Y $eq$rtl/fp16_add.sv:75$113_Y }.
    No candidates found.
Found 6 cells in module fp16_mul that may be considered for resource sharing.
  Analyzing resource sharing options for $shr$rtl/fp16_mul.sv:66$213 ($shr):
    Found 2 activation_patterns using ctrl signal { $auto$rtlil.cc:2826:And$4085 $auto$rtlil.cc:2826:And$4069 $auto$rtlil.cc:2826:And$4047 $auto$rtlil.cc:2783:ReduceOr$5458 $auto$rtlil.cc:2779:Not$5432 $auto$rtlil.cc:2783:ReduceOr$5501 $auto$rtlil.cc:2783:ReduceOr$5516 }.
    Found 1 candidates: $shr$rtl/fp16_mul.sv:47$191
    Analyzing resource sharing with $shr$rtl/fp16_mul.sv:47$191 ($shr):
      Found 2 activation_patterns using ctrl signal { $auto$rtlil.cc:2826:And$4085 $auto$rtlil.cc:2826:And$4069 $auto$rtlil.cc:2826:And$4047 $auto$rtlil.cc:2779:Not$5445 $auto$rtlil.cc:2783:ReduceOr$5473 $auto$rtlil.cc:2783:ReduceOr$5501 $auto$rtlil.cc:2783:ReduceOr$5516 }.
      Forbidden control signals for this pair of cells: { $ge$rtl/fp16_mul.sv:72$226_Y $ge$rtl/fp16_mul.sv:57$207_Y $ge$rtl/fp16_mul.sv:53$204_Y }
      Activation pattern for cell $shr$rtl/fp16_mul.sv:66$213: { $auto$rtlil.cc:2826:And$4085 $auto$rtlil.cc:2826:And$4069 $auto$rtlil.cc:2826:And$4047 $auto$rtlil.cc:2779:Not$5432 $auto$rtlil.cc:2783:ReduceOr$5501 $auto$rtlil.cc:2783:ReduceOr$5516 } = 6'000100
      Activation pattern for cell $shr$rtl/fp16_mul.sv:66$213: { $auto$rtlil.cc:2826:And$4085 $auto$rtlil.cc:2826:And$4069 $auto$rtlil.cc:2826:And$4047 $auto$rtlil.cc:2783:ReduceOr$5458 $auto$rtlil.cc:2779:Not$5432 $auto$rtlil.cc:2783:ReduceOr$5501 $auto$rtlil.cc:2783:ReduceOr$5516 } = 7'0000100
      Activation pattern for cell $shr$rtl/fp16_mul.sv:47$191: { $auto$rtlil.cc:2826:And$4085 $auto$rtlil.cc:2826:And$4069 $auto$rtlil.cc:2826:And$4047 $auto$rtlil.cc:2779:Not$5445 $auto$rtlil.cc:2783:ReduceOr$5473 $auto$rtlil.cc:2783:ReduceOr$5501 $auto$rtlil.cc:2783:ReduceOr$5516 } = 7'0001010
      Activation pattern for cell $shr$rtl/fp16_mul.sv:47$191: { $auto$rtlil.cc:2826:And$4085 $auto$rtlil.cc:2826:And$4069 $auto$rtlil.cc:2826:And$4047 $auto$rtlil.cc:2779:Not$5445 $auto$rtlil.cc:2783:ReduceOr$5501 $auto$rtlil.cc:2783:ReduceOr$5516 } = 6'000110
      Size of SAT problem: 115 cells, 21900 variables, 58014 clauses
      According to the SAT solver this pair of cells can be shared.
      Activation signal for $shr$rtl/fp16_mul.sv:66$213: $auto$share.cc:1015:make_cell_activation_logic$5652
      New cell: $auto$share.cc:669:make_supercell$5659 ($shr)
      New topology contains loops! Rolling back..
  Analyzing resource sharing options for $shr$rtl/fp16_mul.sv:47$191 ($shr):
    Found 2 activation_patterns using ctrl signal { $auto$rtlil.cc:2826:And$4085 $auto$rtlil.cc:2826:And$4069 $auto$rtlil.cc:2826:And$4047 $auto$rtlil.cc:2779:Not$5445 $auto$rtlil.cc:2783:ReduceOr$5473 $auto$rtlil.cc:2783:ReduceOr$5501 $auto$rtlil.cc:2783:ReduceOr$5516 }.
    No candidates found.
  Analyzing resource sharing options for $shl$rtl/fp16_mul.sv:71$225 ($shl):
    Found 2 activation_patterns using ctrl signal { $auto$rtlil.cc:2826:And$4085 $auto$rtlil.cc:2826:And$4069 $auto$rtlil.cc:2826:And$4047 $auto$rtlil.cc:2783:ReduceOr$5458 $auto$rtlil.cc:2779:Not$5432 $auto$rtlil.cc:2783:ReduceOr$5501 $auto$rtlil.cc:2783:ReduceOr$5516 }.
    Found 1 candidates: $shl$rtl/fp16_mul.sv:52$203
    Analyzing resource sharing with $shl$rtl/fp16_mul.sv:52$203 ($shl):
      Found 2 activation_patterns using ctrl signal { $auto$rtlil.cc:2826:And$4085 $auto$rtlil.cc:2826:And$4069 $auto$rtlil.cc:2826:And$4047 $auto$rtlil.cc:2779:Not$5445 $auto$rtlil.cc:2783:ReduceOr$5473 $auto$rtlil.cc:2783:ReduceOr$5501 $auto$rtlil.cc:2783:ReduceOr$5516 }.
      Forbidden control signals for this pair of cells: { $ge$rtl/fp16_mul.sv:72$226_Y $ge$rtl/fp16_mul.sv:57$207_Y $ge$rtl/fp16_mul.sv:53$204_Y }
      Activation pattern for cell $shl$rtl/fp16_mul.sv:71$225: { $auto$rtlil.cc:2826:And$4085 $auto$rtlil.cc:2826:And$4069 $auto$rtlil.cc:2826:And$4047 $auto$rtlil.cc:2783:ReduceOr$5458 $auto$rtlil.cc:2779:Not$5432 $auto$rtlil.cc:2783:ReduceOr$5501 $auto$rtlil.cc:2783:ReduceOr$5516 } = 7'0000000
      Activation pattern for cell $shl$rtl/fp16_mul.sv:71$225: { $auto$rtlil.cc:2826:And$4085 $auto$rtlil.cc:2826:And$4069 $auto$rtlil.cc:2826:And$4047 $auto$rtlil.cc:2779:Not$5432 $auto$rtlil.cc:2783:ReduceOr$5501 $auto$rtlil.cc:2783:ReduceOr$5516 } = 6'000000
      Activation pattern for cell $shl$rtl/fp16_mul.sv:52$203: { $auto$rtlil.cc:2826:And$4085 $auto$rtlil.cc:2826:And$4069 $auto$rtlil.cc:2826:And$4047 $auto$rtlil.cc:2779:Not$5445 $auto$rtlil.cc:2783:ReduceOr$5501 $auto$rtlil.cc:2783:ReduceOr$5516 } = 6'000010
      Activation pattern for cell $shl$rtl/fp16_mul.sv:52$203: { $auto$rtlil.cc:2826:And$4085 $auto$rtlil.cc:2826:And$4069 $auto$rtlil.cc:2826:And$4047 $auto$rtlil.cc:2779:Not$5445 $auto$rtlil.cc:2783:ReduceOr$5473 $auto$rtlil.cc:2783:ReduceOr$5501 $auto$rtlil.cc:2783:ReduceOr$5516 } = 7'0000010
      Size of SAT problem: 115 cells, 21900 variables, 58014 clauses
      According to the SAT solver this pair of cells can be shared.
      Activation signal for $shl$rtl/fp16_mul.sv:71$225: $auto$share.cc:1015:make_cell_activation_logic$5665
      New cell: $auto$share.cc:669:make_supercell$5672 ($shl)
      New topology contains loops! Rolling back..
  Analyzing resource sharing options for $shl$rtl/fp16_mul.sv:52$203 ($shl):
    Found 2 activation_patterns using ctrl signal { $auto$rtlil.cc:2826:And$4085 $auto$rtlil.cc:2826:And$4069 $auto$rtlil.cc:2826:And$4047 $auto$rtlil.cc:2779:Not$5445 $auto$rtlil.cc:2783:ReduceOr$5473 $auto$rtlil.cc:2783:ReduceOr$5501 $auto$rtlil.cc:2783:ReduceOr$5516 }.
    No candidates found.
  Analyzing resource sharing options for $shl$rtl/fp16_mul.sv:67$215 ($shl):
    Found 2 activation_patterns using ctrl signal { $auto$rtlil.cc:2826:And$4085 $auto$rtlil.cc:2826:And$4069 $auto$rtlil.cc:2826:And$4047 $auto$rtlil.cc:2783:ReduceOr$5458 $auto$rtlil.cc:2779:Not$5432 $auto$rtlil.cc:2783:ReduceOr$5501 $auto$rtlil.cc:2783:ReduceOr$5516 }.
    Found 1 candidates: $shl$rtl/fp16_mul.sv:48$193
    Analyzing resource sharing with $shl$rtl/fp16_mul.sv:48$193 ($shl):
      Found 2 activation_patterns using ctrl signal { $auto$rtlil.cc:2826:And$4085 $auto$rtlil.cc:2826:And$4069 $auto$rtlil.cc:2826:And$4047 $auto$rtlil.cc:2779:Not$5445 $auto$rtlil.cc:2783:ReduceOr$5473 $auto$rtlil.cc:2783:ReduceOr$5501 $auto$rtlil.cc:2783:ReduceOr$5516 }.
      Forbidden control signals for this pair of cells: { $ge$rtl/fp16_mul.sv:72$226_Y $ge$rtl/fp16_mul.sv:57$207_Y $ge$rtl/fp16_mul.sv:53$204_Y }
      Activation pattern for cell $shl$rtl/fp16_mul.sv:67$215: { $auto$rtlil.cc:2826:And$4085 $auto$rtlil.cc:2826:And$4069 $auto$rtlil.cc:2826:And$4047 $auto$rtlil.cc:2783:ReduceOr$5458 $auto$rtlil.cc:2779:Not$5432 $auto$rtlil.cc:2783:ReduceOr$5501 $auto$rtlil.cc:2783:ReduceOr$5516 } = 7'0000100
      Activation pattern for cell $shl$rtl/fp16_mul.sv:67$215: { $auto$rtlil.cc:2826:And$4085 $auto$rtlil.cc:2826:And$4069 $auto$rtlil.cc:2826:And$4047 $auto$rtlil.cc:2779:Not$5432 $auto$rtlil.cc:2783:ReduceOr$5501 $auto$rtlil.cc:2783:ReduceOr$5516 } = 6'000100
      Activation pattern for cell $shl$rtl/fp16_mul.sv:48$193: { $auto$rtlil.cc:2826:And$4085 $auto$rtlil.cc:2826:And$4069 $auto$rtlil.cc:2826:And$4047 $auto$rtlil.cc:2779:Not$5445 $auto$rtlil.cc:2783:ReduceOr$5501 $auto$rtlil.cc:2783:ReduceOr$5516 } = 6'000110
      Activation pattern for cell $shl$rtl/fp16_mul.sv:48$193: { $auto$rtlil.cc:2826:And$4085 $auto$rtlil.cc:2826:And$4069 $auto$rtlil.cc:2826:And$4047 $auto$rtlil.cc:2779:Not$5445 $auto$rtlil.cc:2783:ReduceOr$5473 $auto$rtlil.cc:2783:ReduceOr$5501 $auto$rtlil.cc:2783:ReduceOr$5516 } = 7'0001010
      Size of SAT problem: 115 cells, 21900 variables, 58014 clauses
      According to the SAT solver this pair of cells can be shared.
      Activation signal for $shl$rtl/fp16_mul.sv:67$215: $auto$share.cc:1015:make_cell_activation_logic$5678
      New cell: $auto$share.cc:669:make_supercell$5685 ($shl)
      New topology contains loops! Rolling back..
  Analyzing resource sharing options for $shl$rtl/fp16_mul.sv:48$193 ($shl):
    Found 2 activation_patterns using ctrl signal { $auto$rtlil.cc:2826:And$4085 $auto$rtlil.cc:2826:And$4069 $auto$rtlil.cc:2826:And$4047 $auto$rtlil.cc:2779:Not$5445 $auto$rtlil.cc:2783:ReduceOr$5473 $auto$rtlil.cc:2783:ReduceOr$5501 $auto$rtlil.cc:2783:ReduceOr$5516 }.
    No candidates found.
Found 2 cells in module fp16_rsqrt_lut256 that may be considered for resource sharing.
  Analyzing resource sharing options for $shl$rtl/fp16_rsqrt_lut256.sv:51$370 ($shl):
    Found 1 activation_patterns using ctrl signal { $ne$rtl/fp16_rsqrt_lut256.sv:45$333_Y $logic_and$rtl/fp16_rsqrt_lut256.sv:42$321_Y $eq$rtl/fp16_rsqrt_lut256.sv:40$305_Y \input_data_i [15] \input_ready_o \input_valid_i }.
    No candidates found.
  Analyzing resource sharing options for $auto$mem.cc:282:emit$1451 ($memrd_v2):
    Found 1 activation_patterns using ctrl signal { $logic_and$rtl/fp16_rsqrt_lut256.sv:42$321_Y $eq$rtl/fp16_rsqrt_lut256.sv:40$305_Y \input_data_i [15] \input_ready_o \input_valid_i }.
    No candidates found.

13.14. Executing OPT pass (performing simple optimizations).

13.14.1. Executing OPT_EXPR pass (perform const folding).
Optimizing module $paramod$7f46819eecda06228f84979737259751ccd53663\bank_normalization_multirow_vector_reducer.
Optimizing module $paramod$865746d0c425e5bff1afb43fc0ca954cd0aab93f\logic_normalization_bank_barrier.
Optimizing module $paramod$cf256f1e07155db3e20fb233046fedb4711c91b2\logic_normalization_scalar_engine_array.
Optimizing module $paramod$e6d2582358ff6950cc507271baa264b5b8280dfa\logic_normalization_barrier_tree_top.
Optimizing module $paramod$e6d2582358ff6950cc507271baa264b5b8280dfa\logic_normalization_parallel_tree_top.
Optimizing module $paramod\logic_normalization_scalar_engine\TAG_WIDTH=32'00000000000000000000000000010000.
Optimizing module fp16_add.
<suppressed ~9 debug messages>
Optimizing module fp16_mul.
<suppressed ~8 debug messages>
Optimizing module fp16_rsqrt_lut256.
<suppressed ~27 debug messages>
Optimizing module hierarchical_normalization_streaming_top.

13.14.2. Executing OPT_MERGE pass (detect identical cells).
Finding identical cells in module `$paramod$7f46819eecda06228f84979737259751ccd53663\bank_normalization_multirow_vector_reducer'.
Finding identical cells in module `$paramod$865746d0c425e5bff1afb43fc0ca954cd0aab93f\logic_normalization_bank_barrier'.
Finding identical cells in module `$paramod$cf256f1e07155db3e20fb233046fedb4711c91b2\logic_normalization_scalar_engine_array'.
Finding identical cells in module `$paramod$e6d2582358ff6950cc507271baa264b5b8280dfa\logic_normalization_barrier_tree_top'.
Finding identical cells in module `$paramod$e6d2582358ff6950cc507271baa264b5b8280dfa\logic_normalization_parallel_tree_top'.
Finding identical cells in module `$paramod\logic_normalization_scalar_engine\TAG_WIDTH=32'00000000000000000000000000010000'.
Finding identical cells in module `\fp16_add'.
Finding identical cells in module `\fp16_mul'.
Finding identical cells in module `\fp16_rsqrt_lut256'.
Finding identical cells in module `\hierarchical_normalization_streaming_top'.
Removed a total of 0 cells.

13.14.3. Executing OPT_MUXTREE pass (detect dead branches in mux trees).
Running muxtree optimizer on module $paramod$7f46819eecda06228f84979737259751ccd53663\bank_normalization_multirow_vector_reducer..
  Creating internal representation of mux trees.
  Evaluating internal representation of mux trees.
  Analyzing evaluation results.
Running muxtree optimizer on module $paramod$865746d0c425e5bff1afb43fc0ca954cd0aab93f\logic_normalization_bank_barrier..
  Creating internal representation of mux trees.
  Evaluating internal representation of mux trees.
  Analyzing evaluation results.
Running muxtree optimizer on module $paramod$cf256f1e07155db3e20fb233046fedb4711c91b2\logic_normalization_scalar_engine_array..
  Creating internal representation of mux trees.
  No muxes found in this module.
Running muxtree optimizer on module $paramod$e6d2582358ff6950cc507271baa264b5b8280dfa\logic_normalization_barrier_tree_top..
  Creating internal representation of mux trees.
  No muxes found in this module.
Running muxtree optimizer on module $paramod$e6d2582358ff6950cc507271baa264b5b8280dfa\logic_normalization_parallel_tree_top..
  Creating internal representation of mux trees.
  Evaluating internal representation of mux trees.
  Analyzing evaluation results.
Running muxtree optimizer on module $paramod\logic_normalization_scalar_engine\TAG_WIDTH=32'00000000000000000000000000010000..
  Creating internal representation of mux trees.
  Evaluating internal representation of mux trees.
  Analyzing evaluation results.
Running muxtree optimizer on module \fp16_add..
  Creating internal representation of mux trees.
  Evaluating internal representation of mux trees.
  Analyzing evaluation results.
Running muxtree optimizer on module \fp16_mul..
  Creating internal representation of mux trees.
  Evaluating internal representation of mux trees.
  Analyzing evaluation results.
Running muxtree optimizer on module \fp16_rsqrt_lut256..
  Creating internal representation of mux trees.
  Evaluating internal representation of mux trees.
  Analyzing evaluation results.
Running muxtree optimizer on module \hierarchical_normalization_streaming_top..
  Creating internal representation of mux trees.
  Evaluating internal representation of mux trees.
  Analyzing evaluation results.
Removed 0 multiplexer ports.
<suppressed ~179 debug messages>

13.14.4. Executing OPT_REDUCE pass (consolidate $*mux and $reduce_* inputs).
  Optimizing cells in module $paramod$7f46819eecda06228f84979737259751ccd53663\bank_normalization_multirow_vector_reducer.
  Optimizing cells in module $paramod$865746d0c425e5bff1afb43fc0ca954cd0aab93f\logic_normalization_bank_barrier.
  Optimizing cells in module $paramod$cf256f1e07155db3e20fb233046fedb4711c91b2\logic_normalization_scalar_engine_array.
  Optimizing cells in module $paramod$e6d2582358ff6950cc507271baa264b5b8280dfa\logic_normalization_barrier_tree_top.
  Optimizing cells in module $paramod$e6d2582358ff6950cc507271baa264b5b8280dfa\logic_normalization_parallel_tree_top.
  Optimizing cells in module $paramod\logic_normalization_scalar_engine\TAG_WIDTH=32'00000000000000000000000000010000.
  Optimizing cells in module \fp16_add.
  Optimizing cells in module \fp16_mul.
  Optimizing cells in module \fp16_rsqrt_lut256.
  Optimizing cells in module \hierarchical_normalization_streaming_top.
Performed a total of 0 changes.

13.14.5. Executing OPT_MERGE pass (detect identical cells).
Finding identical cells in module `$paramod$7f46819eecda06228f84979737259751ccd53663\bank_normalization_multirow_vector_reducer'.
Finding identical cells in module `$paramod$865746d0c425e5bff1afb43fc0ca954cd0aab93f\logic_normalization_bank_barrier'.
Finding identical cells in module `$paramod$cf256f1e07155db3e20fb233046fedb4711c91b2\logic_normalization_scalar_engine_array'.
Finding identical cells in module `$paramod$e6d2582358ff6950cc507271baa264b5b8280dfa\logic_normalization_barrier_tree_top'.
Finding identical cells in module `$paramod$e6d2582358ff6950cc507271baa264b5b8280dfa\logic_normalization_parallel_tree_top'.
Finding identical cells in module `$paramod\logic_normalization_scalar_engine\TAG_WIDTH=32'00000000000000000000000000010000'.
Finding identical cells in module `\fp16_add'.
Finding identical cells in module `\fp16_mul'.
Finding identical cells in module `\fp16_rsqrt_lut256'.
Finding identical cells in module `\hierarchical_normalization_streaming_top'.
Removed a total of 0 cells.

13.14.6. Executing OPT_DFF pass (perform DFF optimizations).

13.14.7. Executing OPT_CLEAN pass (remove unused cells and wires).
Finding unused cells or wires in module $paramod$7f46819eecda06228f84979737259751ccd53663\bank_normalization_multirow_vector_reducer..
Finding unused cells or wires in module $paramod$865746d0c425e5bff1afb43fc0ca954cd0aab93f\logic_normalization_bank_barrier..
Finding unused cells or wires in module $paramod$cf256f1e07155db3e20fb233046fedb4711c91b2\logic_normalization_scalar_engine_array..
Finding unused cells or wires in module $paramod$e6d2582358ff6950cc507271baa264b5b8280dfa\logic_normalization_barrier_tree_top..
Finding unused cells or wires in module $paramod$e6d2582358ff6950cc507271baa264b5b8280dfa\logic_normalization_parallel_tree_top..
Finding unused cells or wires in module $paramod\logic_normalization_scalar_engine\TAG_WIDTH=32'00000000000000000000000000010000..
Finding unused cells or wires in module \fp16_add..
Finding unused cells or wires in module \fp16_mul..
Finding unused cells or wires in module \fp16_rsqrt_lut256..
Finding unused cells or wires in module \hierarchical_normalization_streaming_top..
Removed 14 unused cells and 126 unused wires.
<suppressed ~31 debug messages>

13.14.8. Executing OPT_EXPR pass (perform const folding).
Optimizing module $paramod$7f46819eecda06228f84979737259751ccd53663\bank_normalization_multirow_vector_reducer.
Optimizing module $paramod$865746d0c425e5bff1afb43fc0ca954cd0aab93f\logic_normalization_bank_barrier.
Optimizing module $paramod$cf256f1e07155db3e20fb233046fedb4711c91b2\logic_normalization_scalar_engine_array.
Optimizing module $paramod$e6d2582358ff6950cc507271baa264b5b8280dfa\logic_normalization_barrier_tree_top.
Optimizing module $paramod$e6d2582358ff6950cc507271baa264b5b8280dfa\logic_normalization_parallel_tree_top.
Optimizing module $paramod\logic_normalization_scalar_engine\TAG_WIDTH=32'00000000000000000000000000010000.
Optimizing module fp16_add.
Optimizing module fp16_mul.
Optimizing module fp16_rsqrt_lut256.
Optimizing module hierarchical_normalization_streaming_top.

13.14.9. Rerunning OPT passes. (Maybe there is more to do..)

13.14.10. Executing OPT_MUXTREE pass (detect dead branches in mux trees).
Running muxtree optimizer on module $paramod$7f46819eecda06228f84979737259751ccd53663\bank_normalization_multirow_vector_reducer..
  Creating internal representation of mux trees.
  Evaluating internal representation of mux trees.
  Analyzing evaluation results.
Running muxtree optimizer on module $paramod$865746d0c425e5bff1afb43fc0ca954cd0aab93f\logic_normalization_bank_barrier..
  Creating internal representation of mux trees.
  Evaluating internal representation of mux trees.
  Analyzing evaluation results.
Running muxtree optimizer on module $paramod$cf256f1e07155db3e20fb233046fedb4711c91b2\logic_normalization_scalar_engine_array..
  Creating internal representation of mux trees.
  No muxes found in this module.
Running muxtree optimizer on module $paramod$e6d2582358ff6950cc507271baa264b5b8280dfa\logic_normalization_barrier_tree_top..
  Creating internal representation of mux trees.
  No muxes found in this module.
Running muxtree optimizer on module $paramod$e6d2582358ff6950cc507271baa264b5b8280dfa\logic_normalization_parallel_tree_top..
  Creating internal representation of mux trees.
  Evaluating internal representation of mux trees.
  Analyzing evaluation results.
Running muxtree optimizer on module $paramod\logic_normalization_scalar_engine\TAG_WIDTH=32'00000000000000000000000000010000..
  Creating internal representation of mux trees.
  Evaluating internal representation of mux trees.
  Analyzing evaluation results.
Running muxtree optimizer on module \fp16_add..
  Creating internal representation of mux trees.
  Evaluating internal representation of mux trees.
  Analyzing evaluation results.
Running muxtree optimizer on module \fp16_mul..
  Creating internal representation of mux trees.
  Evaluating internal representation of mux trees.
  Analyzing evaluation results.
Running muxtree optimizer on module \fp16_rsqrt_lut256..
  Creating internal representation of mux trees.
  Evaluating internal representation of mux trees.
  Analyzing evaluation results.
Running muxtree optimizer on module \hierarchical_normalization_streaming_top..
  Creating internal representation of mux trees.
  Evaluating internal representation of mux trees.
  Analyzing evaluation results.
Removed 0 multiplexer ports.
<suppressed ~179 debug messages>

13.14.11. Executing OPT_REDUCE pass (consolidate $*mux and $reduce_* inputs).
  Optimizing cells in module $paramod$7f46819eecda06228f84979737259751ccd53663\bank_normalization_multirow_vector_reducer.
  Optimizing cells in module $paramod$865746d0c425e5bff1afb43fc0ca954cd0aab93f\logic_normalization_bank_barrier.
  Optimizing cells in module $paramod$cf256f1e07155db3e20fb233046fedb4711c91b2\logic_normalization_scalar_engine_array.
  Optimizing cells in module $paramod$e6d2582358ff6950cc507271baa264b5b8280dfa\logic_normalization_barrier_tree_top.
  Optimizing cells in module $paramod$e6d2582358ff6950cc507271baa264b5b8280dfa\logic_normalization_parallel_tree_top.
  Optimizing cells in module $paramod\logic_normalization_scalar_engine\TAG_WIDTH=32'00000000000000000000000000010000.
  Optimizing cells in module \fp16_add.
  Optimizing cells in module \fp16_mul.
  Optimizing cells in module \fp16_rsqrt_lut256.
  Optimizing cells in module \hierarchical_normalization_streaming_top.
Performed a total of 0 changes.

13.14.12. Executing OPT_MERGE pass (detect identical cells).
Finding identical cells in module `$paramod$7f46819eecda06228f84979737259751ccd53663\bank_normalization_multirow_vector_reducer'.
Finding identical cells in module `$paramod$865746d0c425e5bff1afb43fc0ca954cd0aab93f\logic_normalization_bank_barrier'.
Finding identical cells in module `$paramod$cf256f1e07155db3e20fb233046fedb4711c91b2\logic_normalization_scalar_engine_array'.
Finding identical cells in module `$paramod$e6d2582358ff6950cc507271baa264b5b8280dfa\logic_normalization_barrier_tree_top'.
Finding identical cells in module `$paramod$e6d2582358ff6950cc507271baa264b5b8280dfa\logic_normalization_parallel_tree_top'.
Finding identical cells in module `$paramod\logic_normalization_scalar_engine\TAG_WIDTH=32'00000000000000000000000000010000'.
Finding identical cells in module `\fp16_add'.
Finding identical cells in module `\fp16_mul'.
Finding identical cells in module `\fp16_rsqrt_lut256'.
Finding identical cells in module `\hierarchical_normalization_streaming_top'.
Removed a total of 0 cells.

13.14.13. Executing OPT_DFF pass (perform DFF optimizations).

13.14.14. Executing OPT_CLEAN pass (remove unused cells and wires).
Finding unused cells or wires in module $paramod$7f46819eecda06228f84979737259751ccd53663\bank_normalization_multirow_vector_reducer..
Finding unused cells or wires in module $paramod$865746d0c425e5bff1afb43fc0ca954cd0aab93f\logic_normalization_bank_barrier..
Finding unused cells or wires in module $paramod$cf256f1e07155db3e20fb233046fedb4711c91b2\logic_normalization_scalar_engine_array..
Finding unused cells or wires in module $paramod$e6d2582358ff6950cc507271baa264b5b8280dfa\logic_normalization_barrier_tree_top..
Finding unused cells or wires in module $paramod$e6d2582358ff6950cc507271baa264b5b8280dfa\logic_normalization_parallel_tree_top..
Finding unused cells or wires in module $paramod\logic_normalization_scalar_engine\TAG_WIDTH=32'00000000000000000000000000010000..
Finding unused cells or wires in module \fp16_add..
Finding unused cells or wires in module \fp16_mul..
Finding unused cells or wires in module \fp16_rsqrt_lut256..
Finding unused cells or wires in module \hierarchical_normalization_streaming_top..

13.14.15. Executing OPT_EXPR pass (perform const folding).
Optimizing module $paramod$7f46819eecda06228f84979737259751ccd53663\bank_normalization_multirow_vector_reducer.
Optimizing module $paramod$865746d0c425e5bff1afb43fc0ca954cd0aab93f\logic_normalization_bank_barrier.
Optimizing module $paramod$cf256f1e07155db3e20fb233046fedb4711c91b2\logic_normalization_scalar_engine_array.
Optimizing module $paramod$e6d2582358ff6950cc507271baa264b5b8280dfa\logic_normalization_barrier_tree_top.
Optimizing module $paramod$e6d2582358ff6950cc507271baa264b5b8280dfa\logic_normalization_parallel_tree_top.
Optimizing module $paramod\logic_normalization_scalar_engine\TAG_WIDTH=32'00000000000000000000000000010000.
Optimizing module fp16_add.
Optimizing module fp16_mul.
Optimizing module fp16_rsqrt_lut256.
Optimizing module hierarchical_normalization_streaming_top.

13.14.16. Finished OPT passes. (There is nothing left to do.)

13.15. Executing MEMORY pass.

13.15.1. Executing OPT_MEM pass (optimize memories).
fp16_rsqrt_lut256.$auto$proc_rom.cc:155:do_switch$1450: removing const-0 lane 10
fp16_rsqrt_lut256.$auto$proc_rom.cc:155:do_switch$1450: removing const-1 lane 11
fp16_rsqrt_lut256.$auto$proc_rom.cc:155:do_switch$1450: removing const-1 lane 12
fp16_rsqrt_lut256.$auto$proc_rom.cc:155:do_switch$1450: removing const-1 lane 13
fp16_rsqrt_lut256.$auto$proc_rom.cc:155:do_switch$1450: removing const-0 lane 14
fp16_rsqrt_lut256.$auto$proc_rom.cc:155:do_switch$1450: removing const-0 lane 15
Performed a total of 1 transformations.

13.15.2. Executing OPT_MEM_PRIORITY pass (removing unnecessary memory write priority relations).
Performed a total of 0 transformations.

13.15.3. Executing OPT_MEM_FEEDBACK pass (finding memory read-to-write feedback paths).

13.15.4. Executing MEMORY_BMUX2ROM pass (converting muxes to ROMs).

13.15.5. Executing MEMORY_DFF pass (merging $dff cells to $memrd).
Checking read port `$auto$proc_rom.cc:155:do_switch$1450'[0] in module `\fp16_rsqrt_lut256': FF found, but with a mux select that doesn't seem to correspond to transparency logic.
Checking read port address `$auto$proc_rom.cc:155:do_switch$1450'[0] in module `\fp16_rsqrt_lut256': no address FF found.

13.15.6. Executing OPT_CLEAN pass (remove unused cells and wires).
Finding unused cells or wires in module $paramod$7f46819eecda06228f84979737259751ccd53663\bank_normalization_multirow_vector_reducer..
Finding unused cells or wires in module $paramod$865746d0c425e5bff1afb43fc0ca954cd0aab93f\logic_normalization_bank_barrier..
Finding unused cells or wires in module $paramod$cf256f1e07155db3e20fb233046fedb4711c91b2\logic_normalization_scalar_engine_array..
Finding unused cells or wires in module $paramod$e6d2582358ff6950cc507271baa264b5b8280dfa\logic_normalization_barrier_tree_top..
Finding unused cells or wires in module $paramod$e6d2582358ff6950cc507271baa264b5b8280dfa\logic_normalization_parallel_tree_top..
Finding unused cells or wires in module $paramod\logic_normalization_scalar_engine\TAG_WIDTH=32'00000000000000000000000000010000..
Finding unused cells or wires in module \fp16_add..
Finding unused cells or wires in module \fp16_mul..
Finding unused cells or wires in module \fp16_rsqrt_lut256..
Finding unused cells or wires in module \hierarchical_normalization_streaming_top..

13.15.7. Executing MEMORY_SHARE pass (consolidating $memrd/$memwr cells).

13.15.8. Executing OPT_MEM_WIDEN pass (optimize memories where all ports are wide).
Performed a total of 0 transformations.

13.15.9. Executing OPT_CLEAN pass (remove unused cells and wires).
Finding unused cells or wires in module $paramod$7f46819eecda06228f84979737259751ccd53663\bank_normalization_multirow_vector_reducer..
Finding unused cells or wires in module $paramod$865746d0c425e5bff1afb43fc0ca954cd0aab93f\logic_normalization_bank_barrier..
Finding unused cells or wires in module $paramod$cf256f1e07155db3e20fb233046fedb4711c91b2\logic_normalization_scalar_engine_array..
Finding unused cells or wires in module $paramod$e6d2582358ff6950cc507271baa264b5b8280dfa\logic_normalization_barrier_tree_top..
Finding unused cells or wires in module $paramod$e6d2582358ff6950cc507271baa264b5b8280dfa\logic_normalization_parallel_tree_top..
Finding unused cells or wires in module $paramod\logic_normalization_scalar_engine\TAG_WIDTH=32'00000000000000000000000000010000..
Finding unused cells or wires in module \fp16_add..
Finding unused cells or wires in module \fp16_mul..
Finding unused cells or wires in module \fp16_rsqrt_lut256..
Finding unused cells or wires in module \hierarchical_normalization_streaming_top..

13.15.10. Executing MEMORY_COLLECT pass (generating $mem cells).

13.16. Executing OPT_CLEAN pass (remove unused cells and wires).
Finding unused cells or wires in module $paramod$7f46819eecda06228f84979737259751ccd53663\bank_normalization_multirow_vector_reducer..
Finding unused cells or wires in module $paramod$865746d0c425e5bff1afb43fc0ca954cd0aab93f\logic_normalization_bank_barrier..
Finding unused cells or wires in module $paramod$cf256f1e07155db3e20fb233046fedb4711c91b2\logic_normalization_scalar_engine_array..
Finding unused cells or wires in module $paramod$e6d2582358ff6950cc507271baa264b5b8280dfa\logic_normalization_barrier_tree_top..
Finding unused cells or wires in module $paramod$e6d2582358ff6950cc507271baa264b5b8280dfa\logic_normalization_parallel_tree_top..
Finding unused cells or wires in module $paramod\logic_normalization_scalar_engine\TAG_WIDTH=32'00000000000000000000000000010000..
Finding unused cells or wires in module \fp16_add..
Finding unused cells or wires in module \fp16_mul..
Finding unused cells or wires in module \fp16_rsqrt_lut256..
Finding unused cells or wires in module \hierarchical_normalization_streaming_top..

13.17. Executing OPT pass (performing simple optimizations).

13.17.1. Executing OPT_EXPR pass (perform const folding).
Optimizing module $paramod$7f46819eecda06228f84979737259751ccd53663\bank_normalization_multirow_vector_reducer.
<suppressed ~16 debug messages>
Optimizing module $paramod$865746d0c425e5bff1afb43fc0ca954cd0aab93f\logic_normalization_bank_barrier.
<suppressed ~19 debug messages>
Optimizing module $paramod$cf256f1e07155db3e20fb233046fedb4711c91b2\logic_normalization_scalar_engine_array.
Optimizing module $paramod$e6d2582358ff6950cc507271baa264b5b8280dfa\logic_normalization_barrier_tree_top.
Optimizing module $paramod$e6d2582358ff6950cc507271baa264b5b8280dfa\logic_normalization_parallel_tree_top.
<suppressed ~26 debug messages>
Optimizing module $paramod\logic_normalization_scalar_engine\TAG_WIDTH=32'00000000000000000000000000010000.
<suppressed ~6 debug messages>
Optimizing module fp16_add.
<suppressed ~35 debug messages>
Optimizing module fp16_mul.
<suppressed ~39 debug messages>
Optimizing module fp16_rsqrt_lut256.
<suppressed ~82 debug messages>
Optimizing module hierarchical_normalization_streaming_top.

13.17.2. Executing OPT_MERGE pass (detect identical cells).
Finding identical cells in module `$paramod$7f46819eecda06228f84979737259751ccd53663\bank_normalization_multirow_vector_reducer'.
Finding identical cells in module `$paramod$865746d0c425e5bff1afb43fc0ca954cd0aab93f\logic_normalization_bank_barrier'.
Finding identical cells in module `$paramod$cf256f1e07155db3e20fb233046fedb4711c91b2\logic_normalization_scalar_engine_array'.
Finding identical cells in module `$paramod$e6d2582358ff6950cc507271baa264b5b8280dfa\logic_normalization_barrier_tree_top'.
Finding identical cells in module `$paramod$e6d2582358ff6950cc507271baa264b5b8280dfa\logic_normalization_parallel_tree_top'.
Finding identical cells in module `$paramod\logic_normalization_scalar_engine\TAG_WIDTH=32'00000000000000000000000000010000'.
Finding identical cells in module `\fp16_add'.
Finding identical cells in module `\fp16_mul'.
Finding identical cells in module `\fp16_rsqrt_lut256'.
Finding identical cells in module `\hierarchical_normalization_streaming_top'.
Removed a total of 0 cells.

13.17.3. Executing OPT_DFF pass (perform DFF optimizations).

13.17.4. Executing OPT_CLEAN pass (remove unused cells and wires).
Finding unused cells or wires in module $paramod$7f46819eecda06228f84979737259751ccd53663\bank_normalization_multirow_vector_reducer..
Finding unused cells or wires in module $paramod$865746d0c425e5bff1afb43fc0ca954cd0aab93f\logic_normalization_bank_barrier..
Finding unused cells or wires in module $paramod$cf256f1e07155db3e20fb233046fedb4711c91b2\logic_normalization_scalar_engine_array..
Finding unused cells or wires in module $paramod$e6d2582358ff6950cc507271baa264b5b8280dfa\logic_normalization_barrier_tree_top..
Finding unused cells or wires in module $paramod$e6d2582358ff6950cc507271baa264b5b8280dfa\logic_normalization_parallel_tree_top..
Finding unused cells or wires in module $paramod\logic_normalization_scalar_engine\TAG_WIDTH=32'00000000000000000000000000010000..
Finding unused cells or wires in module \fp16_add..
Finding unused cells or wires in module \fp16_mul..
Finding unused cells or wires in module \fp16_rsqrt_lut256..
Finding unused cells or wires in module \hierarchical_normalization_streaming_top..
Removed 20 unused cells and 187 unused wires.
<suppressed ~27 debug messages>

13.17.5. Finished fast OPT passes.

13.18. Executing MEMORY_MAP pass (converting memories to logic and flip-flops).
Mapping memory $auto$proc_rom.cc:155:do_switch$1450 in module \fp16_rsqrt_lut256:
  created 256 $dff cells and 0 static cells of width 10.
  read interface: 0 $dff and 255 $mux cells.
  write interface: 0 write mux blocks.

13.19. Executing OPT pass (performing simple optimizations).

13.19.1. Executing OPT_EXPR pass (perform const folding).
Optimizing module $paramod$7f46819eecda06228f84979737259751ccd53663\bank_normalization_multirow_vector_reducer.
<suppressed ~1 debug messages>
Optimizing module $paramod$865746d0c425e5bff1afb43fc0ca954cd0aab93f\logic_normalization_bank_barrier.
Optimizing module $paramod$cf256f1e07155db3e20fb233046fedb4711c91b2\logic_normalization_scalar_engine_array.
Optimizing module $paramod$e6d2582358ff6950cc507271baa264b5b8280dfa\logic_normalization_barrier_tree_top.
Optimizing module $paramod$e6d2582358ff6950cc507271baa264b5b8280dfa\logic_normalization_parallel_tree_top.
Optimizing module $paramod\logic_normalization_scalar_engine\TAG_WIDTH=32'00000000000000000000000000010000.
<suppressed ~1 debug messages>
Optimizing module fp16_add.
Optimizing module fp16_mul.
Optimizing module fp16_rsqrt_lut256.
Optimizing module hierarchical_normalization_streaming_top.

13.19.2. Executing OPT_MERGE pass (detect identical cells).
Finding identical cells in module `$paramod$7f46819eecda06228f84979737259751ccd53663\bank_normalization_multirow_vector_reducer'.
Finding identical cells in module `$paramod$865746d0c425e5bff1afb43fc0ca954cd0aab93f\logic_normalization_bank_barrier'.
Finding identical cells in module `$paramod$cf256f1e07155db3e20fb233046fedb4711c91b2\logic_normalization_scalar_engine_array'.
Finding identical cells in module `$paramod$e6d2582358ff6950cc507271baa264b5b8280dfa\logic_normalization_barrier_tree_top'.
Finding identical cells in module `$paramod$e6d2582358ff6950cc507271baa264b5b8280dfa\logic_normalization_parallel_tree_top'.
Finding identical cells in module `$paramod\logic_normalization_scalar_engine\TAG_WIDTH=32'00000000000000000000000000010000'.
Finding identical cells in module `\fp16_add'.
Finding identical cells in module `\fp16_mul'.
Finding identical cells in module `\fp16_rsqrt_lut256'.
Finding identical cells in module `\hierarchical_normalization_streaming_top'.
Removed a total of 0 cells.

13.19.3. Executing OPT_MUXTREE pass (detect dead branches in mux trees).
Running muxtree optimizer on module $paramod$7f46819eecda06228f84979737259751ccd53663\bank_normalization_multirow_vector_reducer..
  Creating internal representation of mux trees.
  Evaluating internal representation of mux trees.
  Analyzing evaluation results.
Running muxtree optimizer on module $paramod$865746d0c425e5bff1afb43fc0ca954cd0aab93f\logic_normalization_bank_barrier..
  Creating internal representation of mux trees.
  Evaluating internal representation of mux trees.
  Analyzing evaluation results.
Running muxtree optimizer on module $paramod$cf256f1e07155db3e20fb233046fedb4711c91b2\logic_normalization_scalar_engine_array..
  Creating internal representation of mux trees.
  No muxes found in this module.
Running muxtree optimizer on module $paramod$e6d2582358ff6950cc507271baa264b5b8280dfa\logic_normalization_barrier_tree_top..
  Creating internal representation of mux trees.
  No muxes found in this module.
Running muxtree optimizer on module $paramod$e6d2582358ff6950cc507271baa264b5b8280dfa\logic_normalization_parallel_tree_top..
  Creating internal representation of mux trees.
  Evaluating internal representation of mux trees.
  Analyzing evaluation results.
Running muxtree optimizer on module $paramod\logic_normalization_scalar_engine\TAG_WIDTH=32'00000000000000000000000000010000..
  Creating internal representation of mux trees.
  Evaluating internal representation of mux trees.
  Analyzing evaluation results.
Running muxtree optimizer on module \fp16_add..
  Creating internal representation of mux trees.
  Evaluating internal representation of mux trees.
  Analyzing evaluation results.
Running muxtree optimizer on module \fp16_mul..
  Creating internal representation of mux trees.
  Evaluating internal representation of mux trees.
  Analyzing evaluation results.
Running muxtree optimizer on module \fp16_rsqrt_lut256..
  Creating internal representation of mux trees.
  Evaluating internal representation of mux trees.
  Analyzing evaluation results.
Running muxtree optimizer on module \hierarchical_normalization_streaming_top..
  Creating internal representation of mux trees.
  Evaluating internal representation of mux trees.
  Analyzing evaluation results.
Removed 0 multiplexer ports.
<suppressed ~152 debug messages>

13.19.4. Executing OPT_REDUCE pass (consolidate $*mux and $reduce_* inputs).
  Optimizing cells in module $paramod$7f46819eecda06228f84979737259751ccd53663\bank_normalization_multirow_vector_reducer.
  Optimizing cells in module $paramod$865746d0c425e5bff1afb43fc0ca954cd0aab93f\logic_normalization_bank_barrier.
  Optimizing cells in module $paramod$cf256f1e07155db3e20fb233046fedb4711c91b2\logic_normalization_scalar_engine_array.
  Optimizing cells in module $paramod$e6d2582358ff6950cc507271baa264b5b8280dfa\logic_normalization_barrier_tree_top.
  Optimizing cells in module $paramod$e6d2582358ff6950cc507271baa264b5b8280dfa\logic_normalization_parallel_tree_top.
  Optimizing cells in module $paramod\logic_normalization_scalar_engine\TAG_WIDTH=32'00000000000000000000000000010000.
    New ctrl vector for $pmux cell $procmux$2186: { $eq$rtl/logic_normalization_scalar_engine.sv:69$994_Y $procmux$2128_CMP $procmux$2122_CMP \rsqrt_input_valid }
  Optimizing cells in module $paramod\logic_normalization_scalar_engine\TAG_WIDTH=32'00000000000000000000000000010000.
  Optimizing cells in module \fp16_add.
    Consolidated identical input bits for $mux cell $procmux$3681:
      Old ports: A={ \result_exp [4:0] \rounded_sig [9:0] }, B={ 5'00000 \rounded_sig [9:0] }, Y=$7\result_o[15:0] [14:0]
      New ports: A=\result_exp [4:0], B=5'00000, Y=$7\result_o[15:0] [14:10]
      New connections: $7\result_o[15:0] [9:0] = \rounded_sig [9:0]
    Consolidated identical input bits for $mux cell $procmux$3915:
      Old ports: A={ 27'000000000000000000000000000 \large_exp }, B={ $sub$rtl/fp16_add.sv:64$46_Y [31] $sub$rtl/fp16_add.sv:64$46_Y [31] $sub$rtl/fp16_add.sv:64$46_Y [31] $sub$rtl/fp16_add.sv:64$46_Y [31] $sub$rtl/fp16_add.sv:64$46_Y [31] $sub$rtl/fp16_add.sv:64$46_Y [31] $sub$rtl/fp16_add.sv:64$46_Y [31] $sub$rtl/fp16_add.sv:64$46_Y [31] $sub$rtl/fp16_add.sv:64$46_Y [31] $sub$rtl/fp16_add.sv:64$46_Y [31] $sub$rtl/fp16_add.sv:64$46_Y [31] $sub$rtl/fp16_add.sv:64$46_Y [31] $sub$rtl/fp16_add.sv:64$46_Y [31] $sub$rtl/fp16_add.sv:64$46_Y [31] $sub$rtl/fp16_add.sv:64$46_Y [31] $sub$rtl/fp16_add.sv:64$46_Y [31] $sub$rtl/fp16_add.sv:64$46_Y [31] $sub$rtl/fp16_add.sv:64$46_Y [31] $sub$rtl/fp16_add.sv:64$46_Y [31] $sub$rtl/fp16_add.sv:64$46_Y [31] $sub$rtl/fp16_add.sv:64$46_Y [31] $sub$rtl/fp16_add.sv:64$46_Y [31] $sub$rtl/fp16_add.sv:64$46_Y [31] $sub$rtl/fp16_add.sv:64$46_Y [31] $sub$rtl/fp16_add.sv:64$46_Y [31] $sub$rtl/fp16_add.sv:64$46_Y [31] $sub$rtl/fp16_add.sv:64$46_Y [31] $sub$rtl/fp16_add.sv:64$46_Y [4:0] }, Y=$3\result_exp[31:0]
      New ports: A={ 1'0 \large_exp }, B={ $sub$rtl/fp16_add.sv:64$46_Y [31] $sub$rtl/fp16_add.sv:64$46_Y [4:0] }, Y=$3\result_exp[31:0] [5:0]
      New connections: $3\result_exp[31:0] [31:6] = { $3\result_exp[31:0] [5] $3\result_exp[31:0] [5] $3\result_exp[31:0] [5] $3\result_exp[31:0] [5] $3\result_exp[31:0] [5] $3\result_exp[31:0] [5] $3\result_exp[31:0] [5] $3\result_exp[31:0] [5] $3\result_exp[31:0] [5] $3\result_exp[31:0] [5] $3\result_exp[31:0] [5] $3\result_exp[31:0] [5] $3\result_exp[31:0] [5] $3\result_exp[31:0] [5] $3\result_exp[31:0] [5] $3\result_exp[31:0] [5] $3\result_exp[31:0] [5] $3\result_exp[31:0] [5] $3\result_exp[31:0] [5] $3\result_exp[31:0] [5] $3\result_exp[31:0] [5] $3\result_exp[31:0] [5] $3\result_exp[31:0] [5] $3\result_exp[31:0] [5] $3\result_exp[31:0] [5] $3\result_exp[31:0] [5] }
  Optimizing cells in module \fp16_add.
  Optimizing cells in module \fp16_mul.
    Consolidated identical input bits for $mux cell $procmux$3673:
      Old ports: A={ 31'0000000000000000000000000000000 \product [1] }, B=2, Y=$3\msb_index[31:0]
      New ports: A={ 1'0 \product [1] }, B=2'10, Y=$3\msb_index[31:0] [1:0]
      New connections: $3\msb_index[31:0] [31:2] = 30'000000000000000000000000000000
    Consolidated identical input bits for $mux cell $ternary$rtl/fp16_mul.sv:24$151:
      Old ports: A={ $sub$rtl/fp16_mul.sv:24$150_Y [31] $sub$rtl/fp16_mul.sv:24$150_Y [31] $sub$rtl/fp16_mul.sv:24$150_Y [31] $sub$rtl/fp16_mul.sv:24$150_Y [31] $sub$rtl/fp16_mul.sv:24$150_Y [31] $sub$rtl/fp16_mul.sv:24$150_Y [31] $sub$rtl/fp16_mul.sv:24$150_Y [31] $sub$rtl/fp16_mul.sv:24$150_Y [31] $sub$rtl/fp16_mul.sv:24$150_Y [31] $sub$rtl/fp16_mul.sv:24$150_Y [31] $sub$rtl/fp16_mul.sv:24$150_Y [31] $sub$rtl/fp16_mul.sv:24$150_Y [31] $sub$rtl/fp16_mul.sv:24$150_Y [31] $sub$rtl/fp16_mul.sv:24$150_Y [31] $sub$rtl/fp16_mul.sv:24$150_Y [31] $sub$rtl/fp16_mul.sv:24$150_Y [31] $sub$rtl/fp16_mul.sv:24$150_Y [31] $sub$rtl/fp16_mul.sv:24$150_Y [31] $sub$rtl/fp16_mul.sv:24$150_Y [31] $sub$rtl/fp16_mul.sv:24$150_Y [31] $sub$rtl/fp16_mul.sv:24$150_Y [31] $sub$rtl/fp16_mul.sv:24$150_Y [31] $sub$rtl/fp16_mul.sv:24$150_Y [31] $sub$rtl/fp16_mul.sv:24$150_Y [31] $sub$rtl/fp16_mul.sv:24$150_Y [31] $sub$rtl/fp16_mul.sv:24$150_Y [31] $sub$rtl/fp16_mul.sv:24$150_Y [31] $sub$rtl/fp16_mul.sv:24$150_Y [4:0] }, B=32'11111111111111111111111111110010, Y=\lhs_unbiased
      New ports: A={ $sub$rtl/fp16_mul.sv:24$150_Y [31] $sub$rtl/fp16_mul.sv:24$150_Y [4:0] }, B=6'110010, Y=\lhs_unbiased [5:0]
      New connections: \lhs_unbiased [31:6] = { \lhs_unbiased [5] \lhs_unbiased [5] \lhs_unbiased [5] \lhs_unbiased [5] \lhs_unbiased [5] \lhs_unbiased [5] \lhs_unbiased [5] \lhs_unbiased [5] \lhs_unbiased [5] \lhs_unbiased [5] \lhs_unbiased [5] \lhs_unbiased [5] \lhs_unbiased [5] \lhs_unbiased [5] \lhs_unbiased [5] \lhs_unbiased [5] \lhs_unbiased [5] \lhs_unbiased [5] \lhs_unbiased [5] \lhs_unbiased [5] \lhs_unbiased [5] \lhs_unbiased [5] \lhs_unbiased [5] \lhs_unbiased [5] \lhs_unbiased [5] \lhs_unbiased [5] }
    Consolidated identical input bits for $mux cell $ternary$rtl/fp16_mul.sv:25$154:
      Old ports: A={ $sub$rtl/fp16_mul.sv:25$153_Y [31] $sub$rtl/fp16_mul.sv:25$153_Y [31] $sub$rtl/fp16_mul.sv:25$153_Y [31] $sub$rtl/fp16_mul.sv:25$153_Y [31] $sub$rtl/fp16_mul.sv:25$153_Y [31] $sub$rtl/fp16_mul.sv:25$153_Y [31] $sub$rtl/fp16_mul.sv:25$153_Y [31] $sub$rtl/fp16_mul.sv:25$153_Y [31] $sub$rtl/fp16_mul.sv:25$153_Y [31] $sub$rtl/fp16_mul.sv:25$153_Y [31] $sub$rtl/fp16_mul.sv:25$153_Y [31] $sub$rtl/fp16_mul.sv:25$153_Y [31] $sub$rtl/fp16_mul.sv:25$153_Y [31] $sub$rtl/fp16_mul.sv:25$153_Y [31] $sub$rtl/fp16_mul.sv:25$153_Y [31] $sub$rtl/fp16_mul.sv:25$153_Y [31] $sub$rtl/fp16_mul.sv:25$153_Y [31] $sub$rtl/fp16_mul.sv:25$153_Y [31] $sub$rtl/fp16_mul.sv:25$153_Y [31] $sub$rtl/fp16_mul.sv:25$153_Y [31] $sub$rtl/fp16_mul.sv:25$153_Y [31] $sub$rtl/fp16_mul.sv:25$153_Y [31] $sub$rtl/fp16_mul.sv:25$153_Y [31] $sub$rtl/fp16_mul.sv:25$153_Y [31] $sub$rtl/fp16_mul.sv:25$153_Y [31] $sub$rtl/fp16_mul.sv:25$153_Y [31] $sub$rtl/fp16_mul.sv:25$153_Y [31] $sub$rtl/fp16_mul.sv:25$153_Y [4:0] }, B=32'11111111111111111111111111110010, Y=\rhs_unbiased
      New ports: A={ $sub$rtl/fp16_mul.sv:25$153_Y [31] $sub$rtl/fp16_mul.sv:25$153_Y [4:0] }, B=6'110010, Y=\rhs_unbiased [5:0]
      New connections: \rhs_unbiased [31:6] = { \rhs_unbiased [5] \rhs_unbiased [5] \rhs_unbiased [5] \rhs_unbiased [5] \rhs_unbiased [5] \rhs_unbiased [5] \rhs_unbiased [5] \rhs_unbiased [5] \rhs_unbiased [5] \rhs_unbiased [5] \rhs_unbiased [5] \rhs_unbiased [5] \rhs_unbiased [5] \rhs_unbiased [5] \rhs_unbiased [5] \rhs_unbiased [5] \rhs_unbiased [5] \rhs_unbiased [5] \rhs_unbiased [5] \rhs_unbiased [5] \rhs_unbiased [5] \rhs_unbiased [5] \rhs_unbiased [5] \rhs_unbiased [5] \rhs_unbiased [5] \rhs_unbiased [5] }
  Optimizing cells in module \fp16_mul.
    Consolidated identical input bits for $mux cell $procmux$3670:
      Old ports: A=$3\msb_index[31:0], B=3, Y=$4\msb_index[31:0]
      New ports: A=$3\msb_index[31:0] [1:0], B=2'11, Y=$4\msb_index[31:0] [1:0]
      New connections: $4\msb_index[31:0] [31:2] = 30'000000000000000000000000000000
  Optimizing cells in module \fp16_mul.
    Consolidated identical input bits for $mux cell $procmux$3667:
      Old ports: A=$4\msb_index[31:0], B=4, Y=$5\msb_index[31:0]
      New ports: A={ 1'0 $4\msb_index[31:0] [1:0] }, B=3'100, Y=$5\msb_index[31:0] [2:0]
      New connections: $5\msb_index[31:0] [31:3] = 29'00000000000000000000000000000
  Optimizing cells in module \fp16_mul.
    Consolidated identical input bits for $mux cell $procmux$3664:
      Old ports: A=$5\msb_index[31:0], B=5, Y=$6\msb_index[31:0]
      New ports: A=$5\msb_index[31:0] [2:0], B=3'101, Y=$6\msb_index[31:0] [2:0]
      New connections: $6\msb_index[31:0] [31:3] = 29'00000000000000000000000000000
  Optimizing cells in module \fp16_mul.
    Consolidated identical input bits for $mux cell $procmux$3661:
      Old ports: A=$6\msb_index[31:0], B=6, Y=$7\msb_index[31:0]
      New ports: A=$6\msb_index[31:0] [2:0], B=3'110, Y=$7\msb_index[31:0] [2:0]
      New connections: $7\msb_index[31:0] [31:3] = 29'00000000000000000000000000000
  Optimizing cells in module \fp16_mul.
    Consolidated identical input bits for $mux cell $procmux$3658:
      Old ports: A=$7\msb_index[31:0], B=7, Y=$8\msb_index[31:0]
      New ports: A=$7\msb_index[31:0] [2:0], B=3'111, Y=$8\msb_index[31:0] [2:0]
      New connections: $8\msb_index[31:0] [31:3] = 29'00000000000000000000000000000
  Optimizing cells in module \fp16_mul.
    Consolidated identical input bits for $mux cell $procmux$3655:
      Old ports: A=$8\msb_index[31:0], B=8, Y=$9\msb_index[31:0]
      New ports: A={ 1'0 $8\msb_index[31:0] [2:0] }, B=4'1000, Y=$9\msb_index[31:0] [3:0]
      New connections: $9\msb_index[31:0] [31:4] = 28'0000000000000000000000000000
  Optimizing cells in module \fp16_mul.
    Consolidated identical input bits for $mux cell $procmux$3652:
      Old ports: A=$9\msb_index[31:0], B=9, Y=$10\msb_index[31:0]
      New ports: A=$9\msb_index[31:0] [3:0], B=4'1001, Y=$10\msb_index[31:0] [3:0]
      New connections: $10\msb_index[31:0] [31:4] = 28'0000000000000000000000000000
  Optimizing cells in module \fp16_mul.
    Consolidated identical input bits for $mux cell $procmux$3649:
      Old ports: A=$10\msb_index[31:0], B=10, Y=$11\msb_index[31:0]
      New ports: A=$10\msb_index[31:0] [3:0], B=4'1010, Y=$11\msb_index[31:0] [3:0]
      New connections: $11\msb_index[31:0] [31:4] = 28'0000000000000000000000000000
  Optimizing cells in module \fp16_mul.
    Consolidated identical input bits for $mux cell $procmux$3646:
      Old ports: A=$11\msb_index[31:0], B=11, Y=$12\msb_index[31:0]
      New ports: A=$11\msb_index[31:0] [3:0], B=4'1011, Y=$12\msb_index[31:0] [3:0]
      New connections: $12\msb_index[31:0] [31:4] = 28'0000000000000000000000000000
  Optimizing cells in module \fp16_mul.
    Consolidated identical input bits for $mux cell $procmux$3643:
      Old ports: A=$12\msb_index[31:0], B=12, Y=$13\msb_index[31:0]
      New ports: A=$12\msb_index[31:0] [3:0], B=4'1100, Y=$13\msb_index[31:0] [3:0]
      New connections: $13\msb_index[31:0] [31:4] = 28'0000000000000000000000000000
  Optimizing cells in module \fp16_mul.
    Consolidated identical input bits for $mux cell $procmux$3640:
      Old ports: A=$13\msb_index[31:0], B=13, Y=$14\msb_index[31:0]
      New ports: A=$13\msb_index[31:0] [3:0], B=4'1101, Y=$14\msb_index[31:0] [3:0]
      New connections: $14\msb_index[31:0] [31:4] = 28'0000000000000000000000000000
  Optimizing cells in module \fp16_mul.
    Consolidated identical input bits for $mux cell $procmux$3637:
      Old ports: A=$14\msb_index[31:0], B=14, Y=$15\msb_index[31:0]
      New ports: A=$14\msb_index[31:0] [3:0], B=4'1110, Y=$15\msb_index[31:0] [3:0]
      New connections: $15\msb_index[31:0] [31:4] = 28'0000000000000000000000000000
  Optimizing cells in module \fp16_mul.
    Consolidated identical input bits for $mux cell $procmux$3634:
      Old ports: A=$15\msb_index[31:0], B=15, Y=$16\msb_index[31:0]
      New ports: A=$15\msb_index[31:0] [3:0], B=4'1111, Y=$16\msb_index[31:0] [3:0]
      New connections: $16\msb_index[31:0] [31:4] = 28'0000000000000000000000000000
  Optimizing cells in module \fp16_mul.
    Consolidated identical input bits for $mux cell $procmux$3631:
      Old ports: A=$16\msb_index[31:0], B=16, Y=$17\msb_index[31:0]
      New ports: A={ 1'0 $16\msb_index[31:0] [3:0] }, B=5'10000, Y=$17\msb_index[31:0] [4:0]
      New connections: $17\msb_index[31:0] [31:5] = 27'000000000000000000000000000
  Optimizing cells in module \fp16_mul.
    Consolidated identical input bits for $mux cell $procmux$3628:
      Old ports: A=$17\msb_index[31:0], B=17, Y=$18\msb_index[31:0]
      New ports: A=$17\msb_index[31:0] [4:0], B=5'10001, Y=$18\msb_index[31:0] [4:0]
      New connections: $18\msb_index[31:0] [31:5] = 27'000000000000000000000000000
  Optimizing cells in module \fp16_mul.
    Consolidated identical input bits for $mux cell $procmux$3625:
      Old ports: A=$18\msb_index[31:0], B=18, Y=$19\msb_index[31:0]
      New ports: A=$18\msb_index[31:0] [4:0], B=5'10010, Y=$19\msb_index[31:0] [4:0]
      New connections: $19\msb_index[31:0] [31:5] = 27'000000000000000000000000000
  Optimizing cells in module \fp16_mul.
    Consolidated identical input bits for $mux cell $procmux$3622:
      Old ports: A=$19\msb_index[31:0], B=19, Y=$20\msb_index[31:0]
      New ports: A=$19\msb_index[31:0] [4:0], B=5'10011, Y=$20\msb_index[31:0] [4:0]
      New connections: $20\msb_index[31:0] [31:5] = 27'000000000000000000000000000
  Optimizing cells in module \fp16_mul.
    Consolidated identical input bits for $mux cell $procmux$3619:
      Old ports: A=$20\msb_index[31:0], B=20, Y=$21\msb_index[31:0]
      New ports: A=$20\msb_index[31:0] [4:0], B=5'10100, Y=$21\msb_index[31:0] [4:0]
      New connections: $21\msb_index[31:0] [31:5] = 27'000000000000000000000000000
  Optimizing cells in module \fp16_mul.
    Consolidated identical input bits for $mux cell $procmux$3616:
      Old ports: A=$21\msb_index[31:0], B=21, Y=\msb_index
      New ports: A=$21\msb_index[31:0] [4:0], B=5'10101, Y=\msb_index [4:0]
      New connections: \msb_index [31:5] = 27'000000000000000000000000000
  Optimizing cells in module \fp16_mul.
  Optimizing cells in module \fp16_rsqrt_lut256.
    Consolidated identical input bits for $mux cell $memory$auto$proc_rom.cc:155:do_switch$1450$rdmux[0][7][126]$6577:
      Old ports: A=10'0000000101, B=10'0000000100, Y=$memory$auto$proc_rom.cc:155:do_switch$1450$rdmux[0][6][63]$a$6197
      New ports: A=1'1, B=1'0, Y=$memory$auto$proc_rom.cc:155:do_switch$1450$rdmux[0][6][63]$a$6197 [0]
      New connections: $memory$auto$proc_rom.cc:155:do_switch$1450$rdmux[0][6][63]$a$6197 [9:1] = 9'000000010
    Consolidated identical input bits for $mux cell $memory$auto$proc_rom.cc:155:do_switch$1450$rdmux[0][7][125]$6574:
      Old ports: A=10'0000001000, B=10'0000000111, Y=$memory$auto$proc_rom.cc:155:do_switch$1450$rdmux[0][6][62]$b$6195
      New ports: A=2'10, B=2'01, Y={ $memory$auto$proc_rom.cc:155:do_switch$1450$rdmux[0][6][62]$b$6195 [3] $memory$auto$proc_rom.cc:155:do_switch$1450$rdmux[0][6][62]$b$6195 [0] }
      New connections: { $memory$auto$proc_rom.cc:155:do_switch$1450$rdmux[0][6][62]$b$6195 [9:4] $memory$auto$proc_rom.cc:155:do_switch$1450$rdmux[0][6][62]$b$6195 [2:1] } = { 6'000000 $memory$auto$proc_rom.cc:155:do_switch$1450$rdmux[0][6][62]$b$6195 [0] $memory$auto$proc_rom.cc:155:do_switch$1450$rdmux[0][6][62]$b$6195 [0] }
    Consolidated identical input bits for $mux cell $memory$auto$proc_rom.cc:155:do_switch$1450$rdmux[0][7][124]$6571:
      Old ports: A=10'0000001011, B=10'0000001010, Y=$memory$auto$proc_rom.cc:155:do_switch$1450$rdmux[0][6][62]$a$6194
      New ports: A=1'1, B=1'0, Y=$memory$auto$proc_rom.cc:155:do_switch$1450$rdmux[0][6][62]$a$6194 [0]
      New connections: $memory$auto$proc_rom.cc:155:do_switch$1450$rdmux[0][6][62]$a$6194 [9:1] = 9'000000101
    Consolidated identical input bits for $mux cell $memory$auto$proc_rom.cc:155:do_switch$1450$rdmux[0][7][123]$6568:
      Old ports: A=10'0000001111, B=10'0000001101, Y=$memory$auto$proc_rom.cc:155:do_switch$1450$rdmux[0][6][61]$b$6192
      New ports: A=1'1, B=1'0, Y=$memory$auto$proc_rom.cc:155:do_switch$1450$rdmux[0][6][61]$b$6192 [1]
      New connections: { $memory$auto$proc_rom.cc:155:do_switch$1450$rdmux[0][6][61]$b$6192 [9:2] $memory$auto$proc_rom.cc:155:do_switch$1450$rdmux[0][6][61]$b$6192 [0] } = 9'000000111
    Consolidated identical input bits for $mux cell $memory$auto$proc_rom.cc:155:do_switch$1450$rdmux[0][7][122]$6565:
      Old ports: A=10'0000010010, B=10'0000010000, Y=$memory$auto$proc_rom.cc:155:do_switch$1450$rdmux[0][6][61]$a$6191
      New ports: A=1'1, B=1'0, Y=$memory$auto$proc_rom.cc:155:do_switch$1450$rdmux[0][6][61]$a$6191 [1]
      New connections: { $memory$auto$proc_rom.cc:155:do_switch$1450$rdmux[0][6][61]$a$6191 [9:2] $memory$auto$proc_rom.cc:155:do_switch$1450$rdmux[0][6][61]$a$6191 [0] } = 9'000001000
    Consolidated identical input bits for $mux cell $memory$auto$proc_rom.cc:155:do_switch$1450$rdmux[0][7][121]$6562:
      Old ports: A=10'0000010101, B=10'0000010011, Y=$memory$auto$proc_rom.cc:155:do_switch$1450$rdmux[0][6][60]$b$6189
      New ports: A=2'10, B=2'01, Y=$memory$auto$proc_rom.cc:155:do_switch$1450$rdmux[0][6][60]$b$6189 [2:1]
      New connections: { $memory$auto$proc_rom.cc:155:do_switch$1450$rdmux[0][6][60]$b$6189 [9:3] $memory$auto$proc_rom.cc:155:do_switch$1450$rdmux[0][6][60]$b$6189 [0] } = 8'00000101
    Consolidated identical input bits for $mux cell $memory$auto$proc_rom.cc:155:do_switch$1450$rdmux[0][7][120]$6559:
      Old ports: A=10'0000011000, B=10'0000010110, Y=$memory$auto$proc_rom.cc:155:do_switch$1450$rdmux[0][6][60]$a$6188
      New ports: A=2'10, B=2'01, Y={ $memory$auto$proc_rom.cc:155:do_switch$1450$rdmux[0][6][60]$a$6188 [3] $memory$auto$proc_rom.cc:155:do_switch$1450$rdmux[0][6][60]$a$6188 [1] }
      New connections: { $memory$auto$proc_rom.cc:155:do_switch$1450$rdmux[0][6][60]$a$6188 [9:4] $memory$auto$proc_rom.cc:155:do_switch$1450$rdmux[0][6][60]$a$6188 [2] $memory$auto$proc_rom.cc:155:do_switch$1450$rdmux[0][6][60]$a$6188 [0] } = { 6'000001 $memory$auto$proc_rom.cc:155:do_switch$1450$rdmux[0][6][60]$a$6188 [1] 1'0 }
    Consolidated identical input bits for $mux cell $memory$auto$proc_rom.cc:155:do_switch$1450$rdmux[0][7][119]$6556:
      Old ports: A=10'0000011011, B=10'0000011010, Y=$memory$auto$proc_rom.cc:155:do_switch$1450$rdmux[0][6][59]$b$6186
      New ports: A=1'1, B=1'0, Y=$memory$auto$proc_rom.cc:155:do_switch$1450$rdmux[0][6][59]$b$6186 [0]
      New connections: $memory$auto$proc_rom.cc:155:do_switch$1450$rdmux[0][6][59]$b$6186 [9:1] = 9'000001101
    Consolidated identical input bits for $mux cell $memory$auto$proc_rom.cc:155:do_switch$1450$rdmux[0][7][118]$6553:
      Old ports: A=10'0000011111, B=10'0000011101, Y=$memory$auto$proc_rom.cc:155:do_switch$1450$rdmux[0][6][59]$a$6185
      New ports: A=1'1, B=1'0, Y=$memory$auto$proc_rom.cc:155:do_switch$1450$rdmux[0][6][59]$a$6185 [1]
      New connections: { $memory$auto$proc_rom.cc:155:do_switch$1450$rdmux[0][6][59]$a$6185 [9:2] $memory$auto$proc_rom.cc:155:do_switch$1450$rdmux[0][6][59]$a$6185 [0] } = 9'000001111
    Consolidated identical input bits for $mux cell $memory$auto$proc_rom.cc:155:do_switch$1450$rdmux[0][7][117]$6550:
      Old ports: A=10'0000100010, B=10'0000100000, Y=$memory$auto$proc_rom.cc:155:do_switch$1450$rdmux[0][6][58]$b$6183
      New ports: A=1'1, B=1'0, Y=$memory$auto$proc_rom.cc:155:do_switch$1450$rdmux[0][6][58]$b$6183 [1]
      New connections: { $memory$auto$proc_rom.cc:155:do_switch$1450$rdmux[0][6][58]$b$6183 [9:2] $memory$auto$proc_rom.cc:155:do_switch$1450$rdmux[0][6][58]$b$6183 [0] } = 9'000010000
    Consolidated identical input bits for $mux cell $memory$auto$proc_rom.cc:155:do_switch$1450$rdmux[0][7][116]$6547:
      Old ports: A=10'0000100101, B=10'0000100100, Y=$memory$auto$proc_rom.cc:155:do_switch$1450$rdmux[0][6][58]$a$6182
      New ports: A=1'1, B=1'0, Y=$memory$auto$proc_rom.cc:155:do_switch$1450$rdmux[0][6][58]$a$6182 [0]
      New connections: $memory$auto$proc_rom.cc:155:do_switch$1450$rdmux[0][6][58]$a$6182 [9:1] = 9'000010010
    Consolidated identical input bits for $mux cell $memory$auto$proc_rom.cc:155:do_switch$1450$rdmux[0][7][115]$6544:
      Old ports: A=10'0000101001, B=10'0000100111, Y=$memory$auto$proc_rom.cc:155:do_switch$1450$rdmux[0][6][57]$b$6180
      New ports: A=2'10, B=2'01, Y={ $memory$auto$proc_rom.cc:155:do_switch$1450$rdmux[0][6][57]$b$6180 [3] $memory$auto$proc_rom.cc:155:do_switch$1450$rdmux[0][6][57]$b$6180 [1] }
      New connections: { $memory$auto$proc_rom.cc:155:do_switch$1450$rdmux[0][6][57]$b$6180 [9:4] $memory$auto$proc_rom.cc:155:do_switch$1450$rdmux[0][6][57]$b$6180 [2] $memory$auto$proc_rom.cc:155:do_switch$1450$rdmux[0][6][57]$b$6180 [0] } = { 6'000010 $memory$auto$proc_rom.cc:155:do_switch$1450$rdmux[0][6][57]$b$6180 [1] 1'1 }
    Consolidated identical input bits for $mux cell $memory$auto$proc_rom.cc:155:do_switch$1450$rdmux[0][7][114]$6541:
      Old ports: A=10'0000101100, B=10'0000101010, Y=$memory$auto$proc_rom.cc:155:do_switch$1450$rdmux[0][6][57]$a$6179
      New ports: A=2'10, B=2'01, Y=$memory$auto$proc_rom.cc:155:do_switch$1450$rdmux[0][6][57]$a$6179 [2:1]
      New connections: { $memory$auto$proc_rom.cc:155:do_switch$1450$rdmux[0][6][57]$a$6179 [9:3] $memory$auto$proc_rom.cc:155:do_switch$1450$rdmux[0][6][57]$a$6179 [0] } = 8'00001010
    Consolidated identical input bits for $mux cell $memory$auto$proc_rom.cc:155:do_switch$1450$rdmux[0][7][113]$6538:
      Old ports: A=10'0000101111, B=10'0000101110, Y=$memory$auto$proc_rom.cc:155:do_switch$1450$rdmux[0][6][56]$b$6177
      New ports: A=1'1, B=1'0, Y=$memory$auto$proc_rom.cc:155:do_switch$1450$rdmux[0][6][56]$b$6177 [0]
      New connections: $memory$auto$proc_rom.cc:155:do_switch$1450$rdmux[0][6][56]$b$6177 [9:1] = 9'000010111
    Consolidated identical input bits for $mux cell $memory$auto$proc_rom.cc:155:do_switch$1450$rdmux[0][7][112]$6535:
      Old ports: A=10'0000110011, B=10'0000110001, Y=$memory$auto$proc_rom.cc:155:do_switch$1450$rdmux[0][6][56]$a$6176
      New ports: A=1'1, B=1'0, Y=$memory$auto$proc_rom.cc:155:do_switch$1450$rdmux[0][6][56]$a$6176 [1]
      New connections: { $memory$auto$proc_rom.cc:155:do_switch$1450$rdmux[0][6][56]$a$6176 [9:2] $memory$auto$proc_rom.cc:155:do_switch$1450$rdmux[0][6][56]$a$6176 [0] } = 9'000011001
    Consolidated identical input bits for $mux cell $memory$auto$proc_rom.cc:155:do_switch$1450$rdmux[0][7][111]$6532:
      Old ports: A=10'0000110110, B=10'0000110101, Y=$memory$auto$proc_rom.cc:155:do_switch$1450$rdmux[0][6][55]$b$6174
      New ports: A=2'10, B=2'01, Y=$memory$auto$proc_rom.cc:155:do_switch$1450$rdmux[0][6][55]$b$6174 [1:0]
      New connections: $memory$auto$proc_rom.cc:155:do_switch$1450$rdmux[0][6][55]$b$6174 [9:2] = 8'00001101
    Consolidated identical input bits for $mux cell $memory$auto$proc_rom.cc:155:do_switch$1450$rdmux[0][7][110]$6529:
      Old ports: A=10'0000111010, B=10'0000111000, Y=$memory$auto$proc_rom.cc:155:do_switch$1450$rdmux[0][6][55]$a$6173
      New ports: A=1'1, B=1'0, Y=$memory$auto$proc_rom.cc:155:do_switch$1450$rdmux[0][6][55]$a$6173 [1]
      New connections: { $memory$auto$proc_rom.cc:155:do_switch$1450$rdmux[0][6][55]$a$6173 [9:2] $memory$auto$proc_rom.cc:155:do_switch$1450$rdmux[0][6][55]$a$6173 [0] } = 9'000011100
    Consolidated identical input bits for $mux cell $memory$auto$proc_rom.cc:155:do_switch$1450$rdmux[0][7][109]$6526:
      Old ports: A=10'0000111101, B=10'0000111100, Y=$memory$auto$proc_rom.cc:155:do_switch$1450$rdmux[0][6][54]$b$6171
      New ports: A=1'1, B=1'0, Y=$memory$auto$proc_rom.cc:155:do_switch$1450$rdmux[0][6][54]$b$6171 [0]
      New connections: $memory$auto$proc_rom.cc:155:do_switch$1450$rdmux[0][6][54]$b$6171 [9:1] = 9'000011110
    Consolidated identical input bits for $mux cell $memory$auto$proc_rom.cc:155:do_switch$1450$rdmux[0][7][108]$6523:
      Old ports: A=10'0001000001, B=10'0000111111, Y=$memory$auto$proc_rom.cc:155:do_switch$1450$rdmux[0][6][54]$a$6170
      New ports: A=2'10, B=2'01, Y={ $memory$auto$proc_rom.cc:155:do_switch$1450$rdmux[0][6][54]$a$6170 [6] $memory$auto$proc_rom.cc:155:do_switch$1450$rdmux[0][6][54]$a$6170 [1] }
      New connections: { $memory$auto$proc_rom.cc:155:do_switch$1450$rdmux[0][6][54]$a$6170 [9:7] $memory$auto$proc_rom.cc:155:do_switch$1450$rdmux[0][6][54]$a$6170 [5:2] $memory$auto$proc_rom.cc:155:do_switch$1450$rdmux[0][6][54]$a$6170 [0] } = { 3'000 $memory$auto$proc_rom.cc:155:do_switch$1450$rdmux[0][6][54]$a$6170 [1] $memory$auto$proc_rom.cc:155:do_switch$1450$rdmux[0][6][54]$a$6170 [1] $memory$auto$proc_rom.cc:155:do_switch$1450$rdmux[0][6][54]$a$6170 [1] $memory$auto$proc_rom.cc:155:do_switch$1450$rdmux[0][6][54]$a$6170 [1] 1'1 }
    Consolidated identical input bits for $mux cell $memory$auto$proc_rom.cc:155:do_switch$1450$rdmux[0][7][107]$6520:
      Old ports: A=10'0001000101, B=10'0001000011, Y=$memory$auto$proc_rom.cc:155:do_switch$1450$rdmux[0][6][53]$b$6168
      New ports: A=2'10, B=2'01, Y=$memory$auto$proc_rom.cc:155:do_switch$1450$rdmux[0][6][53]$b$6168 [2:1]
      New connections: { $memory$auto$proc_rom.cc:155:do_switch$1450$rdmux[0][6][53]$b$6168 [9:3] $memory$auto$proc_rom.cc:155:do_switch$1450$rdmux[0][6][53]$b$6168 [0] } = 8'00010001
    Consolidated identical input bits for $mux cell $memory$auto$proc_rom.cc:155:do_switch$1450$rdmux[0][7][106]$6517:
      Old ports: A=10'0001001000, B=10'0001000110, Y=$memory$auto$proc_rom.cc:155:do_switch$1450$rdmux[0][6][53]$a$6167
      New ports: A=2'10, B=2'01, Y={ $memory$auto$proc_rom.cc:155:do_switch$1450$rdmux[0][6][53]$a$6167 [3] $memory$auto$proc_rom.cc:155:do_switch$1450$rdmux[0][6][53]$a$6167 [1] }
      New connections: { $memory$auto$proc_rom.cc:155:do_switch$1450$rdmux[0][6][53]$a$6167 [9:4] $memory$auto$proc_rom.cc:155:do_switch$1450$rdmux[0][6][53]$a$6167 [2] $memory$auto$proc_rom.cc:155:do_switch$1450$rdmux[0][6][53]$a$6167 [0] } = { 6'000100 $memory$auto$proc_rom.cc:155:do_switch$1450$rdmux[0][6][53]$a$6167 [1] 1'0 }
    Consolidated identical input bits for $mux cell $memory$auto$proc_rom.cc:155:do_switch$1450$rdmux[0][7][105]$6514:
      Old ports: A=10'0001001100, B=10'0001001010, Y=$memory$auto$proc_rom.cc:155:do_switch$1450$rdmux[0][6][52]$b$6165
      New ports: A=2'10, B=2'01, Y=$memory$auto$proc_rom.cc:155:do_switch$1450$rdmux[0][6][52]$b$6165 [2:1]
      New connections: { $memory$auto$proc_rom.cc:155:do_switch$1450$rdmux[0][6][52]$b$6165 [9:3] $memory$auto$proc_rom.cc:155:do_switch$1450$rdmux[0][6][52]$b$6165 [0] } = 8'00010010
    Consolidated identical input bits for $mux cell $memory$auto$proc_rom.cc:155:do_switch$1450$rdmux[0][7][104]$6511:
      Old ports: A=10'0001010000, B=10'0001001110, Y=$memory$auto$proc_rom.cc:155:do_switch$1450$rdmux[0][6][52]$a$6164
      New ports: A=2'10, B=2'01, Y={ $memory$auto$proc_rom.cc:155:do_switch$1450$rdmux[0][6][52]$a$6164 [4] $memory$auto$proc_rom.cc:155:do_switch$1450$rdmux[0][6][52]$a$6164 [1] }
      New connections: { $memory$auto$proc_rom.cc:155:do_switch$1450$rdmux[0][6][52]$a$6164 [9:5] $memory$auto$proc_rom.cc:155:do_switch$1450$rdmux[0][6][52]$a$6164 [3:2] $memory$auto$proc_rom.cc:155:do_switch$1450$rdmux[0][6][52]$a$6164 [0] } = { 5'00010 $memory$auto$proc_rom.cc:155:do_switch$1450$rdmux[0][6][52]$a$6164 [1] $memory$auto$proc_rom.cc:155:do_switch$1450$rdmux[0][6][52]$a$6164 [1] 1'0 }
    Consolidated identical input bits for $mux cell $memory$auto$proc_rom.cc:155:do_switch$1450$rdmux[0][7][103]$6508:
      Old ports: A=10'0001010011, B=10'0001010010, Y=$memory$auto$proc_rom.cc:155:do_switch$1450$rdmux[0][6][51]$b$6162
      New ports: A=1'1, B=1'0, Y=$memory$auto$proc_rom.cc:155:do_switch$1450$rdmux[0][6][51]$b$6162 [0]
      New connections: $memory$auto$proc_rom.cc:155:do_switch$1450$rdmux[0][6][51]$b$6162 [9:1] = 9'000101001
    Consolidated identical input bits for $mux cell $memory$auto$proc_rom.cc:155:do_switch$1450$rdmux[0][7][102]$6505:
      Old ports: A=10'0001010111, B=10'0001010101, Y=$memory$auto$proc_rom.cc:155:do_switch$1450$rdmux[0][6][51]$a$6161
      New ports: A=1'1, B=1'0, Y=$memory$auto$proc_rom.cc:155:do_switch$1450$rdmux[0][6][51]$a$6161 [1]
      New connections: { $memory$auto$proc_rom.cc:155:do_switch$1450$rdmux[0][6][51]$a$6161 [9:2] $memory$auto$proc_rom.cc:155:do_switch$1450$rdmux[0][6][51]$a$6161 [0] } = 9'000101011
    Consolidated identical input bits for $mux cell $memory$auto$proc_rom.cc:155:do_switch$1450$rdmux[0][7][101]$6502:
      Old ports: A=10'0001011011, B=10'0001011001, Y=$memory$auto$proc_rom.cc:155:do_switch$1450$rdmux[0][6][50]$b$6159
      New ports: A=1'1, B=1'0, Y=$memory$auto$proc_rom.cc:155:do_switch$1450$rdmux[0][6][50]$b$6159 [1]
      New connections: { $memory$auto$proc_rom.cc:155:do_switch$1450$rdmux[0][6][50]$b$6159 [9:2] $memory$auto$proc_rom.cc:155:do_switch$1450$rdmux[0][6][50]$b$6159 [0] } = 9'000101101
    Consolidated identical input bits for $mux cell $memory$auto$proc_rom.cc:155:do_switch$1450$rdmux[0][7][100]$6499:
      Old ports: A=10'0001011111, B=10'0001011101, Y=$memory$auto$proc_rom.cc:155:do_switch$1450$rdmux[0][6][50]$a$6158
      New ports: A=1'1, B=1'0, Y=$memory$auto$proc_rom.cc:155:do_switch$1450$rdmux[0][6][50]$a$6158 [1]
      New connections: { $memory$auto$proc_rom.cc:155:do_switch$1450$rdmux[0][6][50]$a$6158 [9:2] $memory$auto$proc_rom.cc:155:do_switch$1450$rdmux[0][6][50]$a$6158 [0] } = 9'000101111
    Consolidated identical input bits for $mux cell $memory$auto$proc_rom.cc:155:do_switch$1450$rdmux[0][7][99]$6496:
      Old ports: A=10'0001100011, B=10'0001100001, Y=$memory$auto$proc_rom.cc:155:do_switch$1450$rdmux[0][6][49]$b$6156
      New ports: A=1'1, B=1'0, Y=$memory$auto$proc_rom.cc:155:do_switch$1450$rdmux[0][6][49]$b$6156 [1]
      New connections: { $memory$auto$proc_rom.cc:155:do_switch$1450$rdmux[0][6][49]$b$6156 [9:2] $memory$auto$proc_rom.cc:155:do_switch$1450$rdmux[0][6][49]$b$6156 [0] } = 9'000110001
    Consolidated identical input bits for $mux cell $memory$auto$proc_rom.cc:155:do_switch$1450$rdmux[0][7][98]$6493:
      Old ports: A=10'0001100111, B=10'0001100101, Y=$memory$auto$proc_rom.cc:155:do_switch$1450$rdmux[0][6][49]$a$6155
      New ports: A=1'1, B=1'0, Y=$memory$auto$proc_rom.cc:155:do_switch$1450$rdmux[0][6][49]$a$6155 [1]
      New connections: { $memory$auto$proc_rom.cc:155:do_switch$1450$rdmux[0][6][49]$a$6155 [9:2] $memory$auto$proc_rom.cc:155:do_switch$1450$rdmux[0][6][49]$a$6155 [0] } = 9'000110011
    Consolidated identical input bits for $mux cell $memory$auto$proc_rom.cc:155:do_switch$1450$rdmux[0][7][97]$6490:
      Old ports: A=10'0001101011, B=10'0001101001, Y=$memory$auto$proc_rom.cc:155:do_switch$1450$rdmux[0][6][48]$b$6153
      New ports: A=1'1, B=1'0, Y=$memory$auto$proc_rom.cc:155:do_switch$1450$rdmux[0][6][48]$b$6153 [1]
      New connections: { $memory$auto$proc_rom.cc:155:do_switch$1450$rdmux[0][6][48]$b$6153 [9:2] $memory$auto$proc_rom.cc:155:do_switch$1450$rdmux[0][6][48]$b$6153 [0] } = 9'000110101
    Consolidated identical input bits for $mux cell $memory$auto$proc_rom.cc:155:do_switch$1450$rdmux[0][7][96]$6487:
      Old ports: A=10'0001101111, B=10'0001101101, Y=$memory$auto$proc_rom.cc:155:do_switch$1450$rdmux[0][6][48]$a$6152
      New ports: A=1'1, B=1'0, Y=$memory$auto$proc_rom.cc:155:do_switch$1450$rdmux[0][6][48]$a$6152 [1]
      New connections: { $memory$auto$proc_rom.cc:155:do_switch$1450$rdmux[0][6][48]$a$6152 [9:2] $memory$auto$proc_rom.cc:155:do_switch$1450$rdmux[0][6][48]$a$6152 [0] } = 9'000110111
    Consolidated identical input bits for $mux cell $memory$auto$proc_rom.cc:155:do_switch$1450$rdmux[0][7][95]$6484:
      Old ports: A=10'0001110011, B=10'0001110001, Y=$memory$auto$proc_rom.cc:155:do_switch$1450$rdmux[0][6][47]$b$6150
      New ports: A=1'1, B=1'0, Y=$memory$auto$proc_rom.cc:155:do_switch$1450$rdmux[0][6][47]$b$6150 [1]
      New connections: { $memory$auto$proc_rom.cc:155:do_switch$1450$rdmux[0][6][47]$b$6150 [9:2] $memory$auto$proc_rom.cc:155:do_switch$1450$rdmux[0][6][47]$b$6150 [0] } = 9'000111001
    Consolidated identical input bits for $mux cell $memory$auto$proc_rom.cc:155:do_switch$1450$rdmux[0][7][94]$6481:
      Old ports: A=10'0001110111, B=10'0001110101, Y=$memory$auto$proc_rom.cc:155:do_switch$1450$rdmux[0][6][47]$a$6149
      New ports: A=1'1, B=1'0, Y=$memory$auto$proc_rom.cc:155:do_switch$1450$rdmux[0][6][47]$a$6149 [1]
      New connections: { $memory$auto$proc_rom.cc:155:do_switch$1450$rdmux[0][6][47]$a$6149 [9:2] $memory$auto$proc_rom.cc:155:do_switch$1450$rdmux[0][6][47]$a$6149 [0] } = 9'000111011
    Consolidated identical input bits for $mux cell $memory$auto$proc_rom.cc:155:do_switch$1450$rdmux[0][7][93]$6478:
      Old ports: A=10'0001111011, B=10'0001111001, Y=$memory$auto$proc_rom.cc:155:do_switch$1450$rdmux[0][6][46]$b$6147
      New ports: A=1'1, B=1'0, Y=$memory$auto$proc_rom.cc:155:do_switch$1450$rdmux[0][6][46]$b$6147 [1]
      New connections: { $memory$auto$proc_rom.cc:155:do_switch$1450$rdmux[0][6][46]$b$6147 [9:2] $memory$auto$proc_rom.cc:155:do_switch$1450$rdmux[0][6][46]$b$6147 [0] } = 9'000111101
    Consolidated identical input bits for $mux cell $memory$auto$proc_rom.cc:155:do_switch$1450$rdmux[0][7][92]$6475:
      Old ports: A=10'0010000000, B=10'0001111110, Y=$memory$auto$proc_rom.cc:155:do_switch$1450$rdmux[0][6][46]$a$6146
      New ports: A=2'10, B=2'01, Y={ $memory$auto$proc_rom.cc:155:do_switch$1450$rdmux[0][6][46]$a$6146 [7] $memory$auto$proc_rom.cc:155:do_switch$1450$rdmux[0][6][46]$a$6146 [1] }
      New connections: { $memory$auto$proc_rom.cc:155:do_switch$1450$rdmux[0][6][46]$a$6146 [9:8] $memory$auto$proc_rom.cc:155:do_switch$1450$rdmux[0][6][46]$a$6146 [6:2] $memory$auto$proc_rom.cc:155:do_switch$1450$rdmux[0][6][46]$a$6146 [0] } = { 2'00 $memory$auto$proc_rom.cc:155:do_switch$1450$rdmux[0][6][46]$a$6146 [1] $memory$auto$proc_rom.cc:155:do_switch$1450$rdmux[0][6][46]$a$6146 [1] $memory$auto$proc_rom.cc:155:do_switch$1450$rdmux[0][6][46]$a$6146 [1] $memory$auto$proc_rom.cc:155:do_switch$1450$rdmux[0][6][46]$a$6146 [1] $memory$auto$proc_rom.cc:155:do_switch$1450$rdmux[0][6][46]$a$6146 [1] 1'0 }
    Consolidated identical input bits for $mux cell $memory$auto$proc_rom.cc:155:do_switch$1450$rdmux[0][7][91]$6472:
      Old ports: A=10'0010000100, B=10'0010000010, Y=$memory$auto$proc_rom.cc:155:do_switch$1450$rdmux[0][6][45]$b$6144
      New ports: A=2'10, B=2'01, Y=$memory$auto$proc_rom.cc:155:do_switch$1450$rdmux[0][6][45]$b$6144 [2:1]
      New connections: { $memory$auto$proc_rom.cc:155:do_switch$1450$rdmux[0][6][45]$b$6144 [9:3] $memory$auto$proc_rom.cc:155:do_switch$1450$rdmux[0][6][45]$b$6144 [0] } = 8'00100000
    Consolidated identical input bits for $mux cell $memory$auto$proc_rom.cc:155:do_switch$1450$rdmux[0][7][90]$6469:
      Old ports: A=10'0010001000, B=10'0010000110, Y=$memory$auto$proc_rom.cc:155:do_switch$1450$rdmux[0][6][45]$a$6143
      New ports: A=2'10, B=2'01, Y={ $memory$auto$proc_rom.cc:155:do_switch$1450$rdmux[0][6][45]$a$6143 [3] $memory$auto$proc_rom.cc:155:do_switch$1450$rdmux[0][6][45]$a$6143 [1] }
      New connections: { $memory$auto$proc_rom.cc:155:do_switch$1450$rdmux[0][6][45]$a$6143 [9:4] $memory$auto$proc_rom.cc:155:do_switch$1450$rdmux[0][6][45]$a$6143 [2] $memory$auto$proc_rom.cc:155:do_switch$1450$rdmux[0][6][45]$a$6143 [0] } = { 6'001000 $memory$auto$proc_rom.cc:155:do_switch$1450$rdmux[0][6][45]$a$6143 [1] 1'0 }
    Consolidated identical input bits for $mux cell $memory$auto$proc_rom.cc:155:do_switch$1450$rdmux[0][7][89]$6466:
      Old ports: A=10'0010001101, B=10'0010001011, Y=$memory$auto$proc_rom.cc:155:do_switch$1450$rdmux[0][6][44]$b$6141
      New ports: A=2'10, B=2'01, Y=$memory$auto$proc_rom.cc:155:do_switch$1450$rdmux[0][6][44]$b$6141 [2:1]
      New connections: { $memory$auto$proc_rom.cc:155:do_switch$1450$rdmux[0][6][44]$b$6141 [9:3] $memory$auto$proc_rom.cc:155:do_switch$1450$rdmux[0][6][44]$b$6141 [0] } = 8'00100011
    Consolidated identical input bits for $mux cell $memory$auto$proc_rom.cc:155:do_switch$1450$rdmux[0][7][88]$6463:
      Old ports: A=10'0010010001, B=10'0010001111, Y=$memory$auto$proc_rom.cc:155:do_switch$1450$rdmux[0][6][44]$a$6140
      New ports: A=2'10, B=2'01, Y={ $memory$auto$proc_rom.cc:155:do_switch$1450$rdmux[0][6][44]$a$6140 [4] $memory$auto$proc_rom.cc:155:do_switch$1450$rdmux[0][6][44]$a$6140 [1] }
      New connections: { $memory$auto$proc_rom.cc:155:do_switch$1450$rdmux[0][6][44]$a$6140 [9:5] $memory$auto$proc_rom.cc:155:do_switch$1450$rdmux[0][6][44]$a$6140 [3:2] $memory$auto$proc_rom.cc:155:do_switch$1450$rdmux[0][6][44]$a$6140 [0] } = { 5'00100 $memory$auto$proc_rom.cc:155:do_switch$1450$rdmux[0][6][44]$a$6140 [1] $memory$auto$proc_rom.cc:155:do_switch$1450$rdmux[0][6][44]$a$6140 [1] 1'1 }
    Consolidated identical input bits for $mux cell $memory$auto$proc_rom.cc:155:do_switch$1450$rdmux[0][7][87]$6460:
      Old ports: A=10'0010010110, B=10'0010010011, Y=$memory$auto$proc_rom.cc:155:do_switch$1450$rdmux[0][6][43]$b$6138
      New ports: A=2'10, B=2'01, Y={ $memory$auto$proc_rom.cc:155:do_switch$1450$rdmux[0][6][43]$b$6138 [2] $memory$auto$proc_rom.cc:155:do_switch$1450$rdmux[0][6][43]$b$6138 [0] }
      New connections: { $memory$auto$proc_rom.cc:155:do_switch$1450$rdmux[0][6][43]$b$6138 [9:3] $memory$auto$proc_rom.cc:155:do_switch$1450$rdmux[0][6][43]$b$6138 [1] } = 8'00100101
    Consolidated identical input bits for $mux cell $memory$auto$proc_rom.cc:155:do_switch$1450$rdmux[0][7][86]$6457:
      Old ports: A=10'0010011010, B=10'0010011000, Y=$memory$auto$proc_rom.cc:155:do_switch$1450$rdmux[0][6][43]$a$6137
      New ports: A=1'1, B=1'0, Y=$memory$auto$proc_rom.cc:155:do_switch$1450$rdmux[0][6][43]$a$6137 [1]
      New connections: { $memory$auto$proc_rom.cc:155:do_switch$1450$rdmux[0][6][43]$a$6137 [9:2] $memory$auto$proc_rom.cc:155:do_switch$1450$rdmux[0][6][43]$a$6137 [0] } = 9'001001100
    Consolidated identical input bits for $mux cell $memory$auto$proc_rom.cc:155:do_switch$1450$rdmux[0][7][85]$6454:
      Old ports: A=10'0010011111, B=10'0010011100, Y=$memory$auto$proc_rom.cc:155:do_switch$1450$rdmux[0][6][42]$b$6135
      New ports: A=1'1, B=1'0, Y=$memory$auto$proc_rom.cc:155:do_switch$1450$rdmux[0][6][42]$b$6135 [0]
      New connections: $memory$auto$proc_rom.cc:155:do_switch$1450$rdmux[0][6][42]$b$6135 [9:1] = { 8'00100111 $memory$auto$proc_rom.cc:155:do_switch$1450$rdmux[0][6][42]$b$6135 [0] }
    Consolidated identical input bits for $mux cell $memory$auto$proc_rom.cc:155:do_switch$1450$rdmux[0][7][84]$6451:
      Old ports: A=10'0010100011, B=10'0010100001, Y=$memory$auto$proc_rom.cc:155:do_switch$1450$rdmux[0][6][42]$a$6134
      New ports: A=1'1, B=1'0, Y=$memory$auto$proc_rom.cc:155:do_switch$1450$rdmux[0][6][42]$a$6134 [1]
      New connections: { $memory$auto$proc_rom.cc:155:do_switch$1450$rdmux[0][6][42]$a$6134 [9:2] $memory$auto$proc_rom.cc:155:do_switch$1450$rdmux[0][6][42]$a$6134 [0] } = 9'001010001
    Consolidated identical input bits for $mux cell $memory$auto$proc_rom.cc:155:do_switch$1450$rdmux[0][7][83]$6448:
      Old ports: A=10'0010101000, B=10'0010100110, Y=$memory$auto$proc_rom.cc:155:do_switch$1450$rdmux[0][6][41]$b$6132
      New ports: A=2'10, B=2'01, Y={ $memory$auto$proc_rom.cc:155:do_switch$1450$rdmux[0][6][41]$b$6132 [3] $memory$auto$proc_rom.cc:155:do_switch$1450$rdmux[0][6][41]$b$6132 [1] }
      New connections: { $memory$auto$proc_rom.cc:155:do_switch$1450$rdmux[0][6][41]$b$6132 [9:4] $memory$auto$proc_rom.cc:155:do_switch$1450$rdmux[0][6][41]$b$6132 [2] $memory$auto$proc_rom.cc:155:do_switch$1450$rdmux[0][6][41]$b$6132 [0] } = { 6'001010 $memory$auto$proc_rom.cc:155:do_switch$1450$rdmux[0][6][41]$b$6132 [1] 1'0 }
    Consolidated identical input bits for $mux cell $memory$auto$proc_rom.cc:155:do_switch$1450$rdmux[0][7][82]$6445:
      Old ports: A=10'0010101101, B=10'0010101011, Y=$memory$auto$proc_rom.cc:155:do_switch$1450$rdmux[0][6][41]$a$6131
      New ports: A=2'10, B=2'01, Y=$memory$auto$proc_rom.cc:155:do_switch$1450$rdmux[0][6][41]$a$6131 [2:1]
      New connections: { $memory$auto$proc_rom.cc:155:do_switch$1450$rdmux[0][6][41]$a$6131 [9:3] $memory$auto$proc_rom.cc:155:do_switch$1450$rdmux[0][6][41]$a$6131 [0] } = 8'00101011
    Consolidated identical input bits for $mux cell $memory$auto$proc_rom.cc:155:do_switch$1450$rdmux[0][7][81]$6442:
      Old ports: A=10'0010110010, B=10'0010101111, Y=$memory$auto$proc_rom.cc:155:do_switch$1450$rdmux[0][6][40]$b$6129
      New ports: A=2'10, B=2'01, Y={ $memory$auto$proc_rom.cc:155:do_switch$1450$rdmux[0][6][40]$b$6129 [4] $memory$auto$proc_rom.cc:155:do_switch$1450$rdmux[0][6][40]$b$6129 [0] }
      New connections: { $memory$auto$proc_rom.cc:155:do_switch$1450$rdmux[0][6][40]$b$6129 [9:5] $memory$auto$proc_rom.cc:155:do_switch$1450$rdmux[0][6][40]$b$6129 [3:1] } = { 5'00101 $memory$auto$proc_rom.cc:155:do_switch$1450$rdmux[0][6][40]$b$6129 [0] $memory$auto$proc_rom.cc:155:do_switch$1450$rdmux[0][6][40]$b$6129 [0] 1'1 }
    Consolidated identical input bits for $mux cell $memory$auto$proc_rom.cc:155:do_switch$1450$rdmux[0][7][80]$6439:
      Old ports: A=10'0010110111, B=10'0010110100, Y=$memory$auto$proc_rom.cc:155:do_switch$1450$rdmux[0][6][40]$a$6128
      New ports: A=1'1, B=1'0, Y=$memory$auto$proc_rom.cc:155:do_switch$1450$rdmux[0][6][40]$a$6128 [0]
      New connections: $memory$auto$proc_rom.cc:155:do_switch$1450$rdmux[0][6][40]$a$6128 [9:1] = { 8'00101101 $memory$auto$proc_rom.cc:155:do_switch$1450$rdmux[0][6][40]$a$6128 [0] }
    Consolidated identical input bits for $mux cell $memory$auto$proc_rom.cc:155:do_switch$1450$rdmux[0][7][79]$6436:
      Old ports: A=10'0010111100, B=10'0010111001, Y=$memory$auto$proc_rom.cc:155:do_switch$1450$rdmux[0][6][39]$b$6126
      New ports: A=2'10, B=2'01, Y={ $memory$auto$proc_rom.cc:155:do_switch$1450$rdmux[0][6][39]$b$6126 [2] $memory$auto$proc_rom.cc:155:do_switch$1450$rdmux[0][6][39]$b$6126 [0] }
      New connections: { $memory$auto$proc_rom.cc:155:do_switch$1450$rdmux[0][6][39]$b$6126 [9:3] $memory$auto$proc_rom.cc:155:do_switch$1450$rdmux[0][6][39]$b$6126 [1] } = 8'00101110
    Consolidated identical input bits for $mux cell $memory$auto$proc_rom.cc:155:do_switch$1450$rdmux[0][7][78]$6433:
      Old ports: A=10'0011000001, B=10'0010111110, Y=$memory$auto$proc_rom.cc:155:do_switch$1450$rdmux[0][6][39]$a$6125
      New ports: A=2'01, B=2'10, Y=$memory$auto$proc_rom.cc:155:do_switch$1450$rdmux[0][6][39]$a$6125 [1:0]
      New connections: $memory$auto$proc_rom.cc:155:do_switch$1450$rdmux[0][6][39]$a$6125 [9:2] = { 3'001 $memory$auto$proc_rom.cc:155:do_switch$1450$rdmux[0][6][39]$a$6125 [0] $memory$auto$proc_rom.cc:155:do_switch$1450$rdmux[0][6][39]$a$6125 [1] $memory$auto$proc_rom.cc:155:do_switch$1450$rdmux[0][6][39]$a$6125 [1] $memory$auto$proc_rom.cc:155:do_switch$1450$rdmux[0][6][39]$a$6125 [1] $memory$auto$proc_rom.cc:155:do_switch$1450$rdmux[0][6][39]$a$6125 [1] }
    Consolidated identical input bits for $mux cell $memory$auto$proc_rom.cc:155:do_switch$1450$rdmux[0][7][77]$6430:
      Old ports: A=10'0011000110, B=10'0011000011, Y=$memory$auto$proc_rom.cc:155:do_switch$1450$rdmux[0][6][38]$b$6123
      New ports: A=2'10, B=2'01, Y={ $memory$auto$proc_rom.cc:155:do_switch$1450$rdmux[0][6][38]$b$6123 [2] $memory$auto$proc_rom.cc:155:do_switch$1450$rdmux[0][6][38]$b$6123 [0] }
      New connections: { $memory$auto$proc_rom.cc:155:do_switch$1450$rdmux[0][6][38]$b$6123 [9:3] $memory$auto$proc_rom.cc:155:do_switch$1450$rdmux[0][6][38]$b$6123 [1] } = 8'00110001
    Consolidated identical input bits for $mux cell $memory$auto$proc_rom.cc:155:do_switch$1450$rdmux[0][7][76]$6427:
      Old ports: A=10'0011001011, B=10'0011001000, Y=$memory$auto$proc_rom.cc:155:do_switch$1450$rdmux[0][6][38]$a$6122
      New ports: A=1'1, B=1'0, Y=$memory$auto$proc_rom.cc:155:do_switch$1450$rdmux[0][6][38]$a$6122 [0]
      New connections: $memory$auto$proc_rom.cc:155:do_switch$1450$rdmux[0][6][38]$a$6122 [9:1] = { 8'00110010 $memory$auto$proc_rom.cc:155:do_switch$1450$rdmux[0][6][38]$a$6122 [0] }
    Consolidated identical input bits for $mux cell $memory$auto$proc_rom.cc:155:do_switch$1450$rdmux[0][7][75]$6424:
      Old ports: A=10'0011010000, B=10'0011001101, Y=$memory$auto$proc_rom.cc:155:do_switch$1450$rdmux[0][6][37]$b$6120
      New ports: A=2'10, B=2'01, Y={ $memory$auto$proc_rom.cc:155:do_switch$1450$rdmux[0][6][37]$b$6120 [4] $memory$auto$proc_rom.cc:155:do_switch$1450$rdmux[0][6][37]$b$6120 [0] }
      New connections: { $memory$auto$proc_rom.cc:155:do_switch$1450$rdmux[0][6][37]$b$6120 [9:5] $memory$auto$proc_rom.cc:155:do_switch$1450$rdmux[0][6][37]$b$6120 [3:1] } = { 5'00110 $memory$auto$proc_rom.cc:155:do_switch$1450$rdmux[0][6][37]$b$6120 [0] $memory$auto$proc_rom.cc:155:do_switch$1450$rdmux[0][6][37]$b$6120 [0] 1'0 }
    Consolidated identical input bits for $mux cell $memory$auto$proc_rom.cc:155:do_switch$1450$rdmux[0][7][74]$6421:
      Old ports: A=10'0011010101, B=10'0011010011, Y=$memory$auto$proc_rom.cc:155:do_switch$1450$rdmux[0][6][37]$a$6119
      New ports: A=2'10, B=2'01, Y=$memory$auto$proc_rom.cc:155:do_switch$1450$rdmux[0][6][37]$a$6119 [2:1]
      New connections: { $memory$auto$proc_rom.cc:155:do_switch$1450$rdmux[0][6][37]$a$6119 [9:3] $memory$auto$proc_rom.cc:155:do_switch$1450$rdmux[0][6][37]$a$6119 [0] } = 8'00110101
    Consolidated identical input bits for $mux cell $memory$auto$proc_rom.cc:155:do_switch$1450$rdmux[0][7][73]$6418:
      Old ports: A=10'0011011011, B=10'0011011000, Y=$memory$auto$proc_rom.cc:155:do_switch$1450$rdmux[0][6][36]$b$6117
      New ports: A=1'1, B=1'0, Y=$memory$auto$proc_rom.cc:155:do_switch$1450$rdmux[0][6][36]$b$6117 [0]
      New connections: $memory$auto$proc_rom.cc:155:do_switch$1450$rdmux[0][6][36]$b$6117 [9:1] = { 8'00110110 $memory$auto$proc_rom.cc:155:do_switch$1450$rdmux[0][6][36]$b$6117 [0] }
    Consolidated identical input bits for $mux cell $memory$auto$proc_rom.cc:155:do_switch$1450$rdmux[0][7][72]$6415:
      Old ports: A=10'0011100000, B=10'0011011101, Y=$memory$auto$proc_rom.cc:155:do_switch$1450$rdmux[0][6][36]$a$6116
      New ports: A=2'10, B=2'01, Y={ $memory$auto$proc_rom.cc:155:do_switch$1450$rdmux[0][6][36]$a$6116 [5] $memory$auto$proc_rom.cc:155:do_switch$1450$rdmux[0][6][36]$a$6116 [0] }
      New connections: { $memory$auto$proc_rom.cc:155:do_switch$1450$rdmux[0][6][36]$a$6116 [9:6] $memory$auto$proc_rom.cc:155:do_switch$1450$rdmux[0][6][36]$a$6116 [4:1] } = { 4'0011 $memory$auto$proc_rom.cc:155:do_switch$1450$rdmux[0][6][36]$a$6116 [0] $memory$auto$proc_rom.cc:155:do_switch$1450$rdmux[0][6][36]$a$6116 [0] $memory$auto$proc_rom.cc:155:do_switch$1450$rdmux[0][6][36]$a$6116 [0] 1'0 }
    Consolidated identical input bits for $mux cell $memory$auto$proc_rom.cc:155:do_switch$1450$rdmux[0][7][71]$6412:
      Old ports: A=10'0011100101, B=10'0011100011, Y=$memory$auto$proc_rom.cc:155:do_switch$1450$rdmux[0][6][35]$b$6114
      New ports: A=2'10, B=2'01, Y=$memory$auto$proc_rom.cc:155:do_switch$1450$rdmux[0][6][35]$b$6114 [2:1]
      New connections: { $memory$auto$proc_rom.cc:155:do_switch$1450$rdmux[0][6][35]$b$6114 [9:3] $memory$auto$proc_rom.cc:155:do_switch$1450$rdmux[0][6][35]$b$6114 [0] } = 8'00111001
    Consolidated identical input bits for $mux cell $memory$auto$proc_rom.cc:155:do_switch$1450$rdmux[0][7][70]$6409:
      Old ports: A=10'0011101011, B=10'0011101000, Y=$memory$auto$proc_rom.cc:155:do_switch$1450$rdmux[0][6][35]$a$6113
      New ports: A=1'1, B=1'0, Y=$memory$auto$proc_rom.cc:155:do_switch$1450$rdmux[0][6][35]$a$6113 [0]
      New connections: $memory$auto$proc_rom.cc:155:do_switch$1450$rdmux[0][6][35]$a$6113 [9:1] = { 8'00111010 $memory$auto$proc_rom.cc:155:do_switch$1450$rdmux[0][6][35]$a$6113 [0] }
    Consolidated identical input bits for $mux cell $memory$auto$proc_rom.cc:155:do_switch$1450$rdmux[0][7][69]$6406:
      Old ports: A=10'0011110001, B=10'0011101110, Y=$memory$auto$proc_rom.cc:155:do_switch$1450$rdmux[0][6][34]$b$6111
      New ports: A=2'01, B=2'10, Y=$memory$auto$proc_rom.cc:155:do_switch$1450$rdmux[0][6][34]$b$6111 [1:0]
      New connections: $memory$auto$proc_rom.cc:155:do_switch$1450$rdmux[0][6][34]$b$6111 [9:2] = { 5'00111 $memory$auto$proc_rom.cc:155:do_switch$1450$rdmux[0][6][34]$b$6111 [0] $memory$auto$proc_rom.cc:155:do_switch$1450$rdmux[0][6][34]$b$6111 [1] $memory$auto$proc_rom.cc:155:do_switch$1450$rdmux[0][6][34]$b$6111 [1] }
    Consolidated identical input bits for $mux cell $memory$auto$proc_rom.cc:155:do_switch$1450$rdmux[0][7][68]$6403:
      Old ports: A=10'0011110110, B=10'0011110011, Y=$memory$auto$proc_rom.cc:155:do_switch$1450$rdmux[0][6][34]$a$6110
      New ports: A=2'10, B=2'01, Y={ $memory$auto$proc_rom.cc:155:do_switch$1450$rdmux[0][6][34]$a$6110 [2] $memory$auto$proc_rom.cc:155:do_switch$1450$rdmux[0][6][34]$a$6110 [0] }
      New connections: { $memory$auto$proc_rom.cc:155:do_switch$1450$rdmux[0][6][34]$a$6110 [9:3] $memory$auto$proc_rom.cc:155:do_switch$1450$rdmux[0][6][34]$a$6110 [1] } = 8'00111101
    Consolidated identical input bits for $mux cell $memory$auto$proc_rom.cc:155:do_switch$1450$rdmux[0][7][67]$6400:
      Old ports: A=10'0011111100, B=10'0011111001, Y=$memory$auto$proc_rom.cc:155:do_switch$1450$rdmux[0][6][33]$b$6108
      New ports: A=2'10, B=2'01, Y={ $memory$auto$proc_rom.cc:155:do_switch$1450$rdmux[0][6][33]$b$6108 [2] $memory$auto$proc_rom.cc:155:do_switch$1450$rdmux[0][6][33]$b$6108 [0] }
      New connections: { $memory$auto$proc_rom.cc:155:do_switch$1450$rdmux[0][6][33]$b$6108 [9:3] $memory$auto$proc_rom.cc:155:do_switch$1450$rdmux[0][6][33]$b$6108 [1] } = 8'00111110
    Consolidated identical input bits for $mux cell $memory$auto$proc_rom.cc:155:do_switch$1450$rdmux[0][7][66]$6397:
      Old ports: A=10'0100000010, B=10'0011111111, Y=$memory$auto$proc_rom.cc:155:do_switch$1450$rdmux[0][6][33]$a$6107
      New ports: A=2'10, B=2'01, Y={ $memory$auto$proc_rom.cc:155:do_switch$1450$rdmux[0][6][33]$a$6107 [8] $memory$auto$proc_rom.cc:155:do_switch$1450$rdmux[0][6][33]$a$6107 [0] }
      New connections: { $memory$auto$proc_rom.cc:155:do_switch$1450$rdmux[0][6][33]$a$6107 [9] $memory$auto$proc_rom.cc:155:do_switch$1450$rdmux[0][6][33]$a$6107 [7:1] } = { 1'0 $memory$auto$proc_rom.cc:155:do_switch$1450$rdmux[0][6][33]$a$6107 [0] $memory$auto$proc_rom.cc:155:do_switch$1450$rdmux[0][6][33]$a$6107 [0] $memory$auto$proc_rom.cc:155:do_switch$1450$rdmux[0][6][33]$a$6107 [0] $memory$auto$proc_rom.cc:155:do_switch$1450$rdmux[0][6][33]$a$6107 [0] $memory$auto$proc_rom.cc:155:do_switch$1450$rdmux[0][6][33]$a$6107 [0] $memory$auto$proc_rom.cc:155:do_switch$1450$rdmux[0][6][33]$a$6107 [0] 1'1 }
    Consolidated identical input bits for $mux cell $memory$auto$proc_rom.cc:155:do_switch$1450$rdmux[0][7][65]$6394:
      Old ports: A=10'0100001000, B=10'0100000101, Y=$memory$auto$proc_rom.cc:155:do_switch$1450$rdmux[0][6][32]$b$6105
      New ports: A=2'10, B=2'01, Y={ $memory$auto$proc_rom.cc:155:do_switch$1450$rdmux[0][6][32]$b$6105 [3] $memory$auto$proc_rom.cc:155:do_switch$1450$rdmux[0][6][32]$b$6105 [0] }
      New connections: { $memory$auto$proc_rom.cc:155:do_switch$1450$rdmux[0][6][32]$b$6105 [9:4] $memory$auto$proc_rom.cc:155:do_switch$1450$rdmux[0][6][32]$b$6105 [2:1] } = { 6'010000 $memory$auto$proc_rom.cc:155:do_switch$1450$rdmux[0][6][32]$b$6105 [0] 1'0 }
    Consolidated identical input bits for $mux cell $memory$auto$proc_rom.cc:155:do_switch$1450$rdmux[0][7][64]$6391:
      Old ports: A=10'0100001110, B=10'0100001011, Y=$memory$auto$proc_rom.cc:155:do_switch$1450$rdmux[0][6][32]$a$6104
      New ports: A=2'10, B=2'01, Y={ $memory$auto$proc_rom.cc:155:do_switch$1450$rdmux[0][6][32]$a$6104 [2] $memory$auto$proc_rom.cc:155:do_switch$1450$rdmux[0][6][32]$a$6104 [0] }
      New connections: { $memory$auto$proc_rom.cc:155:do_switch$1450$rdmux[0][6][32]$a$6104 [9:3] $memory$auto$proc_rom.cc:155:do_switch$1450$rdmux[0][6][32]$a$6104 [1] } = 8'01000011
    Consolidated identical input bits for $mux cell $memory$auto$proc_rom.cc:155:do_switch$1450$rdmux[0][7][63]$6388:
      Old ports: A=10'0100010100, B=10'0100010001, Y=$memory$auto$proc_rom.cc:155:do_switch$1450$rdmux[0][6][31]$b$6102
      New ports: A=2'10, B=2'01, Y={ $memory$auto$proc_rom.cc:155:do_switch$1450$rdmux[0][6][31]$b$6102 [2] $memory$auto$proc_rom.cc:155:do_switch$1450$rdmux[0][6][31]$b$6102 [0] }
      New connections: { $memory$auto$proc_rom.cc:155:do_switch$1450$rdmux[0][6][31]$b$6102 [9:3] $memory$auto$proc_rom.cc:155:do_switch$1450$rdmux[0][6][31]$b$6102 [1] } = 8'01000100
    Consolidated identical input bits for $mux cell $memory$auto$proc_rom.cc:155:do_switch$1450$rdmux[0][7][62]$6385:
      Old ports: A=10'0100011010, B=10'0100010111, Y=$memory$auto$proc_rom.cc:155:do_switch$1450$rdmux[0][6][31]$a$6101
      New ports: A=2'10, B=2'01, Y={ $memory$auto$proc_rom.cc:155:do_switch$1450$rdmux[0][6][31]$a$6101 [3] $memory$auto$proc_rom.cc:155:do_switch$1450$rdmux[0][6][31]$a$6101 [0] }
      New connections: { $memory$auto$proc_rom.cc:155:do_switch$1450$rdmux[0][6][31]$a$6101 [9:4] $memory$auto$proc_rom.cc:155:do_switch$1450$rdmux[0][6][31]$a$6101 [2:1] } = { 6'010001 $memory$auto$proc_rom.cc:155:do_switch$1450$rdmux[0][6][31]$a$6101 [0] 1'1 }
    Consolidated identical input bits for $mux cell $memory$auto$proc_rom.cc:155:do_switch$1450$rdmux[0][7][61]$6382:
      Old ports: A=10'0100100000, B=10'0100011101, Y=$memory$auto$proc_rom.cc:155:do_switch$1450$rdmux[0][6][30]$b$6099
      New ports: A=2'10, B=2'01, Y={ $memory$auto$proc_rom.cc:155:do_switch$1450$rdmux[0][6][30]$b$6099 [5] $memory$auto$proc_rom.cc:155:do_switch$1450$rdmux[0][6][30]$b$6099 [0] }
      New connections: { $memory$auto$proc_rom.cc:155:do_switch$1450$rdmux[0][6][30]$b$6099 [9:6] $memory$auto$proc_rom.cc:155:do_switch$1450$rdmux[0][6][30]$b$6099 [4:1] } = { 4'0100 $memory$auto$proc_rom.cc:155:do_switch$1450$rdmux[0][6][30]$b$6099 [0] $memory$auto$proc_rom.cc:155:do_switch$1450$rdmux[0][6][30]$b$6099 [0] $memory$auto$proc_rom.cc:155:do_switch$1450$rdmux[0][6][30]$b$6099 [0] 1'0 }
    Consolidated identical input bits for $mux cell $memory$auto$proc_rom.cc:155:do_switch$1450$rdmux[0][7][60]$6379:
      Old ports: A=10'0100100111, B=10'0100100011, Y=$memory$auto$proc_rom.cc:155:do_switch$1450$rdmux[0][6][30]$a$6098
      New ports: A=1'1, B=1'0, Y=$memory$auto$proc_rom.cc:155:do_switch$1450$rdmux[0][6][30]$a$6098 [2]
      New connections: { $memory$auto$proc_rom.cc:155:do_switch$1450$rdmux[0][6][30]$a$6098 [9:3] $memory$auto$proc_rom.cc:155:do_switch$1450$rdmux[0][6][30]$a$6098 [1:0] } = 9'010010011
    Consolidated identical input bits for $mux cell $memory$auto$proc_rom.cc:155:do_switch$1450$rdmux[0][7][59]$6376:
      Old ports: A=10'0100101101, B=10'0100101010, Y=$memory$auto$proc_rom.cc:155:do_switch$1450$rdmux[0][6][29]$b$6096
      New ports: A=2'01, B=2'10, Y=$memory$auto$proc_rom.cc:155:do_switch$1450$rdmux[0][6][29]$b$6096 [1:0]
      New connections: $memory$auto$proc_rom.cc:155:do_switch$1450$rdmux[0][6][29]$b$6096 [9:2] = { 7'0100101 $memory$auto$proc_rom.cc:155:do_switch$1450$rdmux[0][6][29]$b$6096 [0] }
    Consolidated identical input bits for $mux cell $memory$auto$proc_rom.cc:155:do_switch$1450$rdmux[0][7][58]$6373:
      Old ports: A=10'0100110100, B=10'0100110000, Y=$memory$auto$proc_rom.cc:155:do_switch$1450$rdmux[0][6][29]$a$6095
      New ports: A=1'1, B=1'0, Y=$memory$auto$proc_rom.cc:155:do_switch$1450$rdmux[0][6][29]$a$6095 [2]
      New connections: { $memory$auto$proc_rom.cc:155:do_switch$1450$rdmux[0][6][29]$a$6095 [9:3] $memory$auto$proc_rom.cc:155:do_switch$1450$rdmux[0][6][29]$a$6095 [1:0] } = 9'010011000
    Consolidated identical input bits for $mux cell $memory$auto$proc_rom.cc:155:do_switch$1450$rdmux[0][7][57]$6370:
      Old ports: A=10'0100111010, B=10'0100110111, Y=$memory$auto$proc_rom.cc:155:do_switch$1450$rdmux[0][6][28]$b$6093
      New ports: A=2'10, B=2'01, Y={ $memory$auto$proc_rom.cc:155:do_switch$1450$rdmux[0][6][28]$b$6093 [3] $memory$auto$proc_rom.cc:155:do_switch$1450$rdmux[0][6][28]$b$6093 [0] }
      New connections: { $memory$auto$proc_rom.cc:155:do_switch$1450$rdmux[0][6][28]$b$6093 [9:4] $memory$auto$proc_rom.cc:155:do_switch$1450$rdmux[0][6][28]$b$6093 [2:1] } = { 6'010011 $memory$auto$proc_rom.cc:155:do_switch$1450$rdmux[0][6][28]$b$6093 [0] 1'1 }
    Consolidated identical input bits for $mux cell $memory$auto$proc_rom.cc:155:do_switch$1450$rdmux[0][7][56]$6367:
      Old ports: A=10'0101000001, B=10'0100111110, Y=$memory$auto$proc_rom.cc:155:do_switch$1450$rdmux[0][6][28]$a$6092
      New ports: A=2'01, B=2'10, Y=$memory$auto$proc_rom.cc:155:do_switch$1450$rdmux[0][6][28]$a$6092 [1:0]
      New connections: $memory$auto$proc_rom.cc:155:do_switch$1450$rdmux[0][6][28]$a$6092 [9:2] = { 3'010 $memory$auto$proc_rom.cc:155:do_switch$1450$rdmux[0][6][28]$a$6092 [0] $memory$auto$proc_rom.cc:155:do_switch$1450$rdmux[0][6][28]$a$6092 [1] $memory$auto$proc_rom.cc:155:do_switch$1450$rdmux[0][6][28]$a$6092 [1] $memory$auto$proc_rom.cc:155:do_switch$1450$rdmux[0][6][28]$a$6092 [1] $memory$auto$proc_rom.cc:155:do_switch$1450$rdmux[0][6][28]$a$6092 [1] }
    Consolidated identical input bits for $mux cell $memory$auto$proc_rom.cc:155:do_switch$1450$rdmux[0][7][55]$6364:
      Old ports: A=10'0101001000, B=10'0101000100, Y=$memory$auto$proc_rom.cc:155:do_switch$1450$rdmux[0][6][27]$b$6090
      New ports: A=2'10, B=2'01, Y=$memory$auto$proc_rom.cc:155:do_switch$1450$rdmux[0][6][27]$b$6090 [3:2]
      New connections: { $memory$auto$proc_rom.cc:155:do_switch$1450$rdmux[0][6][27]$b$6090 [9:4] $memory$auto$proc_rom.cc:155:do_switch$1450$rdmux[0][6][27]$b$6090 [1:0] } = 8'01010000
    Consolidated identical input bits for $mux cell $memory$auto$proc_rom.cc:155:do_switch$1450$rdmux[0][7][54]$6361:
      Old ports: A=10'0101001111, B=10'0101001011, Y=$memory$auto$proc_rom.cc:155:do_switch$1450$rdmux[0][6][27]$a$6089
      New ports: A=1'1, B=1'0, Y=$memory$auto$proc_rom.cc:155:do_switch$1450$rdmux[0][6][27]$a$6089 [2]
      New connections: { $memory$auto$proc_rom.cc:155:do_switch$1450$rdmux[0][6][27]$a$6089 [9:3] $memory$auto$proc_rom.cc:155:do_switch$1450$rdmux[0][6][27]$a$6089 [1:0] } = 9'010100111
    Consolidated identical input bits for $mux cell $memory$auto$proc_rom.cc:155:do_switch$1450$rdmux[0][7][53]$6358:
      Old ports: A=10'0101010110, B=10'0101010010, Y=$memory$auto$proc_rom.cc:155:do_switch$1450$rdmux[0][6][26]$b$6087
      New ports: A=1'1, B=1'0, Y=$memory$auto$proc_rom.cc:155:do_switch$1450$rdmux[0][6][26]$b$6087 [2]
      New connections: { $memory$auto$proc_rom.cc:155:do_switch$1450$rdmux[0][6][26]$b$6087 [9:3] $memory$auto$proc_rom.cc:155:do_switch$1450$rdmux[0][6][26]$b$6087 [1:0] } = 9'010101010
    Consolidated identical input bits for $mux cell $memory$auto$proc_rom.cc:155:do_switch$1450$rdmux[0][7][52]$6355:
      Old ports: A=10'0101011101, B=10'0101011010, Y=$memory$auto$proc_rom.cc:155:do_switch$1450$rdmux[0][6][26]$a$6086
      New ports: A=2'01, B=2'10, Y=$memory$auto$proc_rom.cc:155:do_switch$1450$rdmux[0][6][26]$a$6086 [1:0]
      New connections: $memory$auto$proc_rom.cc:155:do_switch$1450$rdmux[0][6][26]$a$6086 [9:2] = { 7'0101011 $memory$auto$proc_rom.cc:155:do_switch$1450$rdmux[0][6][26]$a$6086 [0] }
    Consolidated identical input bits for $mux cell $memory$auto$proc_rom.cc:155:do_switch$1450$rdmux[0][7][51]$6352:
      Old ports: A=10'0101100100, B=10'0101100001, Y=$memory$auto$proc_rom.cc:155:do_switch$1450$rdmux[0][6][25]$b$6084
      New ports: A=2'10, B=2'01, Y={ $memory$auto$proc_rom.cc:155:do_switch$1450$rdmux[0][6][25]$b$6084 [2] $memory$auto$proc_rom.cc:155:do_switch$1450$rdmux[0][6][25]$b$6084 [0] }
      New connections: { $memory$auto$proc_rom.cc:155:do_switch$1450$rdmux[0][6][25]$b$6084 [9:3] $memory$auto$proc_rom.cc:155:do_switch$1450$rdmux[0][6][25]$b$6084 [1] } = 8'01011000
    Consolidated identical input bits for $mux cell $memory$auto$proc_rom.cc:155:do_switch$1450$rdmux[0][7][50]$6349:
      Old ports: A=10'0101101100, B=10'0101101000, Y=$memory$auto$proc_rom.cc:155:do_switch$1450$rdmux[0][6][25]$a$6083
      New ports: A=1'1, B=1'0, Y=$memory$auto$proc_rom.cc:155:do_switch$1450$rdmux[0][6][25]$a$6083 [2]
      New connections: { $memory$auto$proc_rom.cc:155:do_switch$1450$rdmux[0][6][25]$a$6083 [9:3] $memory$auto$proc_rom.cc:155:do_switch$1450$rdmux[0][6][25]$a$6083 [1:0] } = 9'010110100
    Consolidated identical input bits for $mux cell $memory$auto$proc_rom.cc:155:do_switch$1450$rdmux[0][7][49]$6346:
      Old ports: A=10'0101110011, B=10'0101110000, Y=$memory$auto$proc_rom.cc:155:do_switch$1450$rdmux[0][6][24]$b$6081
      New ports: A=1'1, B=1'0, Y=$memory$auto$proc_rom.cc:155:do_switch$1450$rdmux[0][6][24]$b$6081 [0]
      New connections: $memory$auto$proc_rom.cc:155:do_switch$1450$rdmux[0][6][24]$b$6081 [9:1] = { 8'01011100 $memory$auto$proc_rom.cc:155:do_switch$1450$rdmux[0][6][24]$b$6081 [0] }
    Consolidated identical input bits for $mux cell $memory$auto$proc_rom.cc:155:do_switch$1450$rdmux[0][7][48]$6343:
      Old ports: A=10'0101111011, B=10'0101110111, Y=$memory$auto$proc_rom.cc:155:do_switch$1450$rdmux[0][6][24]$a$6080
      New ports: A=2'10, B=2'01, Y=$memory$auto$proc_rom.cc:155:do_switch$1450$rdmux[0][6][24]$a$6080 [3:2]
      New connections: { $memory$auto$proc_rom.cc:155:do_switch$1450$rdmux[0][6][24]$a$6080 [9:4] $memory$auto$proc_rom.cc:155:do_switch$1450$rdmux[0][6][24]$a$6080 [1:0] } = 8'01011111
    Consolidated identical input bits for $mux cell $memory$auto$proc_rom.cc:155:do_switch$1450$rdmux[0][7][47]$6340:
      Old ports: A=10'0110000011, B=10'0101111111, Y=$memory$auto$proc_rom.cc:155:do_switch$1450$rdmux[0][6][23]$b$6078
      New ports: A=2'10, B=2'01, Y={ $memory$auto$proc_rom.cc:155:do_switch$1450$rdmux[0][6][23]$b$6078 [7] $memory$auto$proc_rom.cc:155:do_switch$1450$rdmux[0][6][23]$b$6078 [2] }
      New connections: { $memory$auto$proc_rom.cc:155:do_switch$1450$rdmux[0][6][23]$b$6078 [9:8] $memory$auto$proc_rom.cc:155:do_switch$1450$rdmux[0][6][23]$b$6078 [6:3] $memory$auto$proc_rom.cc:155:do_switch$1450$rdmux[0][6][23]$b$6078 [1:0] } = { 2'01 $memory$auto$proc_rom.cc:155:do_switch$1450$rdmux[0][6][23]$b$6078 [2] $memory$auto$proc_rom.cc:155:do_switch$1450$rdmux[0][6][23]$b$6078 [2] $memory$auto$proc_rom.cc:155:do_switch$1450$rdmux[0][6][23]$b$6078 [2] $memory$auto$proc_rom.cc:155:do_switch$1450$rdmux[0][6][23]$b$6078 [2] 2'11 }
    Consolidated identical input bits for $mux cell $memory$auto$proc_rom.cc:155:do_switch$1450$rdmux[0][7][46]$6337:
      Old ports: A=10'0110001011, B=10'0110000111, Y=$memory$auto$proc_rom.cc:155:do_switch$1450$rdmux[0][6][23]$a$6077
      New ports: A=2'10, B=2'01, Y=$memory$auto$proc_rom.cc:155:do_switch$1450$rdmux[0][6][23]$a$6077 [3:2]
      New connections: { $memory$auto$proc_rom.cc:155:do_switch$1450$rdmux[0][6][23]$a$6077 [9:4] $memory$auto$proc_rom.cc:155:do_switch$1450$rdmux[0][6][23]$a$6077 [1:0] } = 8'01100011
    Consolidated identical input bits for $mux cell $memory$auto$proc_rom.cc:155:do_switch$1450$rdmux[0][7][45]$6334:
      Old ports: A=10'0110010011, B=10'0110001111, Y=$memory$auto$proc_rom.cc:155:do_switch$1450$rdmux[0][6][22]$b$6075
      New ports: A=2'10, B=2'01, Y={ $memory$auto$proc_rom.cc:155:do_switch$1450$rdmux[0][6][22]$b$6075 [4] $memory$auto$proc_rom.cc:155:do_switch$1450$rdmux[0][6][22]$b$6075 [2] }
      New connections: { $memory$auto$proc_rom.cc:155:do_switch$1450$rdmux[0][6][22]$b$6075 [9:5] $memory$auto$proc_rom.cc:155:do_switch$1450$rdmux[0][6][22]$b$6075 [3] $memory$auto$proc_rom.cc:155:do_switch$1450$rdmux[0][6][22]$b$6075 [1:0] } = { 5'01100 $memory$auto$proc_rom.cc:155:do_switch$1450$rdmux[0][6][22]$b$6075 [2] 2'11 }
    Consolidated identical input bits for $mux cell $memory$auto$proc_rom.cc:155:do_switch$1450$rdmux[0][7][44]$6331:
      Old ports: A=10'0110011011, B=10'0110010111, Y=$memory$auto$proc_rom.cc:155:do_switch$1450$rdmux[0][6][22]$a$6074
      New ports: A=2'10, B=2'01, Y=$memory$auto$proc_rom.cc:155:do_switch$1450$rdmux[0][6][22]$a$6074 [3:2]
      New connections: { $memory$auto$proc_rom.cc:155:do_switch$1450$rdmux[0][6][22]$a$6074 [9:4] $memory$auto$proc_rom.cc:155:do_switch$1450$rdmux[0][6][22]$a$6074 [1:0] } = 8'01100111
    Consolidated identical input bits for $mux cell $memory$auto$proc_rom.cc:155:do_switch$1450$rdmux[0][7][43]$6328:
      Old ports: A=10'0110100011, B=10'0110011111, Y=$memory$auto$proc_rom.cc:155:do_switch$1450$rdmux[0][6][21]$b$6072
      New ports: A=2'10, B=2'01, Y={ $memory$auto$proc_rom.cc:155:do_switch$1450$rdmux[0][6][21]$b$6072 [5] $memory$auto$proc_rom.cc:155:do_switch$1450$rdmux[0][6][21]$b$6072 [2] }
      New connections: { $memory$auto$proc_rom.cc:155:do_switch$1450$rdmux[0][6][21]$b$6072 [9:6] $memory$auto$proc_rom.cc:155:do_switch$1450$rdmux[0][6][21]$b$6072 [4:3] $memory$auto$proc_rom.cc:155:do_switch$1450$rdmux[0][6][21]$b$6072 [1:0] } = { 4'0110 $memory$auto$proc_rom.cc:155:do_switch$1450$rdmux[0][6][21]$b$6072 [2] $memory$auto$proc_rom.cc:155:do_switch$1450$rdmux[0][6][21]$b$6072 [2] 2'11 }
    Consolidated identical input bits for $mux cell $memory$auto$proc_rom.cc:155:do_switch$1450$rdmux[0][7][42]$6325:
      Old ports: A=10'0110101100, B=10'0110100111, Y=$memory$auto$proc_rom.cc:155:do_switch$1450$rdmux[0][6][21]$a$6071
      New ports: A=2'10, B=2'01, Y={ $memory$auto$proc_rom.cc:155:do_switch$1450$rdmux[0][6][21]$a$6071 [3] $memory$auto$proc_rom.cc:155:do_switch$1450$rdmux[0][6][21]$a$6071 [0] }
      New connections: { $memory$auto$proc_rom.cc:155:do_switch$1450$rdmux[0][6][21]$a$6071 [9:4] $memory$auto$proc_rom.cc:155:do_switch$1450$rdmux[0][6][21]$a$6071 [2:1] } = { 7'0110101 $memory$auto$proc_rom.cc:155:do_switch$1450$rdmux[0][6][21]$a$6071 [0] }
    Consolidated identical input bits for $mux cell $memory$auto$proc_rom.cc:155:do_switch$1450$rdmux[0][7][41]$6322:
      Old ports: A=10'0110110100, B=10'0110110000, Y=$memory$auto$proc_rom.cc:155:do_switch$1450$rdmux[0][6][20]$b$6069
      New ports: A=1'1, B=1'0, Y=$memory$auto$proc_rom.cc:155:do_switch$1450$rdmux[0][6][20]$b$6069 [2]
      New connections: { $memory$auto$proc_rom.cc:155:do_switch$1450$rdmux[0][6][20]$b$6069 [9:3] $memory$auto$proc_rom.cc:155:do_switch$1450$rdmux[0][6][20]$b$6069 [1:0] } = 9'011011000
    Consolidated identical input bits for $mux cell $memory$auto$proc_rom.cc:155:do_switch$1450$rdmux[0][7][40]$6319:
      Old ports: A=10'0110111101, B=10'0110111001, Y=$memory$auto$proc_rom.cc:155:do_switch$1450$rdmux[0][6][20]$a$6068
      New ports: A=1'1, B=1'0, Y=$memory$auto$proc_rom.cc:155:do_switch$1450$rdmux[0][6][20]$a$6068 [2]
      New connections: { $memory$auto$proc_rom.cc:155:do_switch$1450$rdmux[0][6][20]$a$6068 [9:3] $memory$auto$proc_rom.cc:155:do_switch$1450$rdmux[0][6][20]$a$6068 [1:0] } = 9'011011101
    Consolidated identical input bits for $mux cell $memory$auto$proc_rom.cc:155:do_switch$1450$rdmux[0][7][39]$6316:
      Old ports: A=10'0111000110, B=10'0111000010, Y=$memory$auto$proc_rom.cc:155:do_switch$1450$rdmux[0][6][19]$b$6066
      New ports: A=1'1, B=1'0, Y=$memory$auto$proc_rom.cc:155:do_switch$1450$rdmux[0][6][19]$b$6066 [2]
      New connections: { $memory$auto$proc_rom.cc:155:do_switch$1450$rdmux[0][6][19]$b$6066 [9:3] $memory$auto$proc_rom.cc:155:do_switch$1450$rdmux[0][6][19]$b$6066 [1:0] } = 9'011100010
    Consolidated identical input bits for $mux cell $memory$auto$proc_rom.cc:155:do_switch$1450$rdmux[0][7][38]$6313:
      Old ports: A=10'0111001111, B=10'0111001011, Y=$memory$auto$proc_rom.cc:155:do_switch$1450$rdmux[0][6][19]$a$6065
      New ports: A=1'1, B=1'0, Y=$memory$auto$proc_rom.cc:155:do_switch$1450$rdmux[0][6][19]$a$6065 [2]
      New connections: { $memory$auto$proc_rom.cc:155:do_switch$1450$rdmux[0][6][19]$a$6065 [9:3] $memory$auto$proc_rom.cc:155:do_switch$1450$rdmux[0][6][19]$a$6065 [1:0] } = 9'011100111
    Consolidated identical input bits for $mux cell $memory$auto$proc_rom.cc:155:do_switch$1450$rdmux[0][7][37]$6310:
      Old ports: A=10'0111011000, B=10'0111010100, Y=$memory$auto$proc_rom.cc:155:do_switch$1450$rdmux[0][6][18]$b$6063
      New ports: A=2'10, B=2'01, Y=$memory$auto$proc_rom.cc:155:do_switch$1450$rdmux[0][6][18]$b$6063 [3:2]
      New connections: { $memory$auto$proc_rom.cc:155:do_switch$1450$rdmux[0][6][18]$b$6063 [9:4] $memory$auto$proc_rom.cc:155:do_switch$1450$rdmux[0][6][18]$b$6063 [1:0] } = 8'01110100
    Consolidated identical input bits for $mux cell $memory$auto$proc_rom.cc:155:do_switch$1450$rdmux[0][7][36]$6307:
      Old ports: A=10'0111100010, B=10'0111011101, Y=$memory$auto$proc_rom.cc:155:do_switch$1450$rdmux[0][6][18]$a$6062
      New ports: A=2'10, B=2'01, Y=$memory$auto$proc_rom.cc:155:do_switch$1450$rdmux[0][6][18]$a$6062 [1:0]
      New connections: $memory$auto$proc_rom.cc:155:do_switch$1450$rdmux[0][6][18]$a$6062 [9:2] = { 4'0111 $memory$auto$proc_rom.cc:155:do_switch$1450$rdmux[0][6][18]$a$6062 [1:0] $memory$auto$proc_rom.cc:155:do_switch$1450$rdmux[0][6][18]$a$6062 [0] $memory$auto$proc_rom.cc:155:do_switch$1450$rdmux[0][6][18]$a$6062 [0] }
    Consolidated identical input bits for $mux cell $memory$auto$proc_rom.cc:155:do_switch$1450$rdmux[0][7][35]$6304:
      Old ports: A=10'0111101100, B=10'0111100111, Y=$memory$auto$proc_rom.cc:155:do_switch$1450$rdmux[0][6][17]$b$6060
      New ports: A=2'10, B=2'01, Y={ $memory$auto$proc_rom.cc:155:do_switch$1450$rdmux[0][6][17]$b$6060 [3] $memory$auto$proc_rom.cc:155:do_switch$1450$rdmux[0][6][17]$b$6060 [0] }
      New connections: { $memory$auto$proc_rom.cc:155:do_switch$1450$rdmux[0][6][17]$b$6060 [9:4] $memory$auto$proc_rom.cc:155:do_switch$1450$rdmux[0][6][17]$b$6060 [2:1] } = { 7'0111101 $memory$auto$proc_rom.cc:155:do_switch$1450$rdmux[0][6][17]$b$6060 [0] }
    Consolidated identical input bits for $mux cell $memory$auto$proc_rom.cc:155:do_switch$1450$rdmux[0][7][34]$6301:
      Old ports: A=10'0111110101, B=10'0111110000, Y=$memory$auto$proc_rom.cc:155:do_switch$1450$rdmux[0][6][17]$a$6059
      New ports: A=1'1, B=1'0, Y=$memory$auto$proc_rom.cc:155:do_switch$1450$rdmux[0][6][17]$a$6059 [0]
      New connections: $memory$auto$proc_rom.cc:155:do_switch$1450$rdmux[0][6][17]$a$6059 [9:1] = { 7'0111110 $memory$auto$proc_rom.cc:155:do_switch$1450$rdmux[0][6][17]$a$6059 [0] 1'0 }
    Consolidated identical input bits for $mux cell $memory$auto$proc_rom.cc:155:do_switch$1450$rdmux[0][7][33]$6298:
      Old ports: A=10'0111111111, B=10'0111111010, Y=$memory$auto$proc_rom.cc:155:do_switch$1450$rdmux[0][6][16]$b$6057
      New ports: A=1'1, B=1'0, Y=$memory$auto$proc_rom.cc:155:do_switch$1450$rdmux[0][6][16]$b$6057 [0]
      New connections: $memory$auto$proc_rom.cc:155:do_switch$1450$rdmux[0][6][16]$b$6057 [9:1] = { 7'0111111 $memory$auto$proc_rom.cc:155:do_switch$1450$rdmux[0][6][16]$b$6057 [0] 1'1 }
    Consolidated identical input bits for $mux cell $memory$auto$proc_rom.cc:155:do_switch$1450$rdmux[0][7][32]$6295:
      Old ports: A=10'1000001010, B=10'1000000100, Y=$memory$auto$proc_rom.cc:155:do_switch$1450$rdmux[0][6][16]$a$6056
      New ports: A=2'01, B=2'10, Y=$memory$auto$proc_rom.cc:155:do_switch$1450$rdmux[0][6][16]$a$6056 [2:1]
      New connections: { $memory$auto$proc_rom.cc:155:do_switch$1450$rdmux[0][6][16]$a$6056 [9:3] $memory$auto$proc_rom.cc:155:do_switch$1450$rdmux[0][6][16]$a$6056 [0] } = { 6'100000 $memory$auto$proc_rom.cc:155:do_switch$1450$rdmux[0][6][16]$a$6056 [1] 1'0 }
    Consolidated identical input bits for $mux cell $memory$auto$proc_rom.cc:155:do_switch$1450$rdmux[0][7][31]$6292:
      Old ports: A=10'1000010100, B=10'1000001111, Y=$memory$auto$proc_rom.cc:155:do_switch$1450$rdmux[0][6][15]$b$6054
      New ports: A=2'10, B=2'01, Y={ $memory$auto$proc_rom.cc:155:do_switch$1450$rdmux[0][6][15]$b$6054 [4] $memory$auto$proc_rom.cc:155:do_switch$1450$rdmux[0][6][15]$b$6054 [0] }
      New connections: { $memory$auto$proc_rom.cc:155:do_switch$1450$rdmux[0][6][15]$b$6054 [9:5] $memory$auto$proc_rom.cc:155:do_switch$1450$rdmux[0][6][15]$b$6054 [3:1] } = { 5'10000 $memory$auto$proc_rom.cc:155:do_switch$1450$rdmux[0][6][15]$b$6054 [0] 1'1 $memory$auto$proc_rom.cc:155:do_switch$1450$rdmux[0][6][15]$b$6054 [0] }
    Consolidated identical input bits for $mux cell $memory$auto$proc_rom.cc:155:do_switch$1450$rdmux[0][7][30]$6289:
      Old ports: A=10'1000011111, B=10'1000011001, Y=$memory$auto$proc_rom.cc:155:do_switch$1450$rdmux[0][6][15]$a$6053
      New ports: A=1'1, B=1'0, Y=$memory$auto$proc_rom.cc:155:do_switch$1450$rdmux[0][6][15]$a$6053 [1]
      New connections: { $memory$auto$proc_rom.cc:155:do_switch$1450$rdmux[0][6][15]$a$6053 [9:2] $memory$auto$proc_rom.cc:155:do_switch$1450$rdmux[0][6][15]$a$6053 [0] } = { 7'1000011 $memory$auto$proc_rom.cc:155:do_switch$1450$rdmux[0][6][15]$a$6053 [1] 1'1 }
    Consolidated identical input bits for $mux cell $memory$auto$proc_rom.cc:155:do_switch$1450$rdmux[0][7][29]$6286:
      Old ports: A=10'1000101001, B=10'1000100100, Y=$memory$auto$proc_rom.cc:155:do_switch$1450$rdmux[0][6][14]$b$6051
      New ports: A=2'01, B=2'10, Y={ $memory$auto$proc_rom.cc:155:do_switch$1450$rdmux[0][6][14]$b$6051 [2] $memory$auto$proc_rom.cc:155:do_switch$1450$rdmux[0][6][14]$b$6051 [0] }
      New connections: { $memory$auto$proc_rom.cc:155:do_switch$1450$rdmux[0][6][14]$b$6051 [9:3] $memory$auto$proc_rom.cc:155:do_switch$1450$rdmux[0][6][14]$b$6051 [1] } = { 6'100010 $memory$auto$proc_rom.cc:155:do_switch$1450$rdmux[0][6][14]$b$6051 [0] 1'0 }
    Consolidated identical input bits for $mux cell $memory$auto$proc_rom.cc:155:do_switch$1450$rdmux[0][7][28]$6283:
      Old ports: A=10'1000110101, B=10'1000101111, Y=$memory$auto$proc_rom.cc:155:do_switch$1450$rdmux[0][6][14]$a$6050
      New ports: A=2'10, B=2'01, Y={ $memory$auto$proc_rom.cc:155:do_switch$1450$rdmux[0][6][14]$a$6050 [4] $memory$auto$proc_rom.cc:155:do_switch$1450$rdmux[0][6][14]$a$6050 [1] }
      New connections: { $memory$auto$proc_rom.cc:155:do_switch$1450$rdmux[0][6][14]$a$6050 [9:5] $memory$auto$proc_rom.cc:155:do_switch$1450$rdmux[0][6][14]$a$6050 [3:2] $memory$auto$proc_rom.cc:155:do_switch$1450$rdmux[0][6][14]$a$6050 [0] } = { 5'10001 $memory$auto$proc_rom.cc:155:do_switch$1450$rdmux[0][6][14]$a$6050 [1] 2'11 }
    Consolidated identical input bits for $mux cell $memory$auto$proc_rom.cc:155:do_switch$1450$rdmux[0][7][27]$6280:
      Old ports: A=10'1001000000, B=10'1000111010, Y=$memory$auto$proc_rom.cc:155:do_switch$1450$rdmux[0][6][13]$b$6048
      New ports: A=2'10, B=2'01, Y={ $memory$auto$proc_rom.cc:155:do_switch$1450$rdmux[0][6][13]$b$6048 [6] $memory$auto$proc_rom.cc:155:do_switch$1450$rdmux[0][6][13]$b$6048 [1] }
      New connections: { $memory$auto$proc_rom.cc:155:do_switch$1450$rdmux[0][6][13]$b$6048 [9:7] $memory$auto$proc_rom.cc:155:do_switch$1450$rdmux[0][6][13]$b$6048 [5:2] $memory$auto$proc_rom.cc:155:do_switch$1450$rdmux[0][6][13]$b$6048 [0] } = { 3'100 $memory$auto$proc_rom.cc:155:do_switch$1450$rdmux[0][6][13]$b$6048 [1] $memory$auto$proc_rom.cc:155:do_switch$1450$rdmux[0][6][13]$b$6048 [1] $memory$auto$proc_rom.cc:155:do_switch$1450$rdmux[0][6][13]$b$6048 [1] 2'00 }
    Consolidated identical input bits for $mux cell $memory$auto$proc_rom.cc:155:do_switch$1450$rdmux[0][7][26]$6277:
      Old ports: A=10'1001001011, B=10'1001000110, Y=$memory$auto$proc_rom.cc:155:do_switch$1450$rdmux[0][6][13]$a$6047
      New ports: A=2'01, B=2'10, Y={ $memory$auto$proc_rom.cc:155:do_switch$1450$rdmux[0][6][13]$a$6047 [2] $memory$auto$proc_rom.cc:155:do_switch$1450$rdmux[0][6][13]$a$6047 [0] }
      New connections: { $memory$auto$proc_rom.cc:155:do_switch$1450$rdmux[0][6][13]$a$6047 [9:3] $memory$auto$proc_rom.cc:155:do_switch$1450$rdmux[0][6][13]$a$6047 [1] } = { 6'100100 $memory$auto$proc_rom.cc:155:do_switch$1450$rdmux[0][6][13]$a$6047 [0] 1'1 }
    Consolidated identical input bits for $mux cell $memory$auto$proc_rom.cc:155:do_switch$1450$rdmux[0][7][25]$6274:
      Old ports: A=10'1001010111, B=10'1001010001, Y=$memory$auto$proc_rom.cc:155:do_switch$1450$rdmux[0][6][12]$b$6045
      New ports: A=1'1, B=1'0, Y=$memory$auto$proc_rom.cc:155:do_switch$1450$rdmux[0][6][12]$b$6045 [1]
      New connections: { $memory$auto$proc_rom.cc:155:do_switch$1450$rdmux[0][6][12]$b$6045 [9:2] $memory$auto$proc_rom.cc:155:do_switch$1450$rdmux[0][6][12]$b$6045 [0] } = { 7'1001010 $memory$auto$proc_rom.cc:155:do_switch$1450$rdmux[0][6][12]$b$6045 [1] 1'1 }
    Consolidated identical input bits for $mux cell $memory$auto$proc_rom.cc:155:do_switch$1450$rdmux[0][7][24]$6271:
      Old ports: A=10'1001100011, B=10'1001011101, Y=$memory$auto$proc_rom.cc:155:do_switch$1450$rdmux[0][6][12]$a$6044
      New ports: A=2'01, B=2'10, Y=$memory$auto$proc_rom.cc:155:do_switch$1450$rdmux[0][6][12]$a$6044 [2:1]
      New connections: { $memory$auto$proc_rom.cc:155:do_switch$1450$rdmux[0][6][12]$a$6044 [9:3] $memory$auto$proc_rom.cc:155:do_switch$1450$rdmux[0][6][12]$a$6044 [0] } = { 4'1001 $memory$auto$proc_rom.cc:155:do_switch$1450$rdmux[0][6][12]$a$6044 [1] $memory$auto$proc_rom.cc:155:do_switch$1450$rdmux[0][6][12]$a$6044 [2] $memory$auto$proc_rom.cc:155:do_switch$1450$rdmux[0][6][12]$a$6044 [2] 1'1 }
    Consolidated identical input bits for $mux cell $memory$auto$proc_rom.cc:155:do_switch$1450$rdmux[0][7][23]$6268:
      Old ports: A=10'1001110000, B=10'1001101001, Y=$memory$auto$proc_rom.cc:155:do_switch$1450$rdmux[0][6][11]$b$6042
      New ports: A=2'10, B=2'01, Y={ $memory$auto$proc_rom.cc:155:do_switch$1450$rdmux[0][6][11]$b$6042 [4] $memory$auto$proc_rom.cc:155:do_switch$1450$rdmux[0][6][11]$b$6042 [0] }
      New connections: { $memory$auto$proc_rom.cc:155:do_switch$1450$rdmux[0][6][11]$b$6042 [9:5] $memory$auto$proc_rom.cc:155:do_switch$1450$rdmux[0][6][11]$b$6042 [3:1] } = { 5'10011 $memory$auto$proc_rom.cc:155:do_switch$1450$rdmux[0][6][11]$b$6042 [0] 2'00 }
    Consolidated identical input bits for $mux cell $memory$auto$proc_rom.cc:155:do_switch$1450$rdmux[0][7][22]$6265:
      Old ports: A=10'1001111100, B=10'1001110110, Y=$memory$auto$proc_rom.cc:155:do_switch$1450$rdmux[0][6][11]$a$6041
      New ports: A=2'10, B=2'01, Y={ $memory$auto$proc_rom.cc:155:do_switch$1450$rdmux[0][6][11]$a$6041 [3] $memory$auto$proc_rom.cc:155:do_switch$1450$rdmux[0][6][11]$a$6041 [1] }
      New connections: { $memory$auto$proc_rom.cc:155:do_switch$1450$rdmux[0][6][11]$a$6041 [9:4] $memory$auto$proc_rom.cc:155:do_switch$1450$rdmux[0][6][11]$a$6041 [2] $memory$auto$proc_rom.cc:155:do_switch$1450$rdmux[0][6][11]$a$6041 [0] } = 8'10011110
    Consolidated identical input bits for $mux cell $memory$auto$proc_rom.cc:155:do_switch$1450$rdmux[0][7][21]$6262:
      Old ports: A=10'1010001001, B=10'1010000011, Y=$memory$auto$proc_rom.cc:155:do_switch$1450$rdmux[0][6][10]$b$6039
      New ports: A=2'10, B=2'01, Y={ $memory$auto$proc_rom.cc:155:do_switch$1450$rdmux[0][6][10]$b$6039 [3] $memory$auto$proc_rom.cc:155:do_switch$1450$rdmux[0][6][10]$b$6039 [1] }
      New connections: { $memory$auto$proc_rom.cc:155:do_switch$1450$rdmux[0][6][10]$b$6039 [9:4] $memory$auto$proc_rom.cc:155:do_switch$1450$rdmux[0][6][10]$b$6039 [2] $memory$auto$proc_rom.cc:155:do_switch$1450$rdmux[0][6][10]$b$6039 [0] } = 8'10100001
    Consolidated identical input bits for $mux cell $memory$auto$proc_rom.cc:155:do_switch$1450$rdmux[0][7][20]$6259:
      Old ports: A=10'1010010111, B=10'1010010000, Y=$memory$auto$proc_rom.cc:155:do_switch$1450$rdmux[0][6][10]$a$6038
      New ports: A=1'1, B=1'0, Y=$memory$auto$proc_rom.cc:155:do_switch$1450$rdmux[0][6][10]$a$6038 [0]
      New connections: $memory$auto$proc_rom.cc:155:do_switch$1450$rdmux[0][6][10]$a$6038 [9:1] = { 7'1010010 $memory$auto$proc_rom.cc:155:do_switch$1450$rdmux[0][6][10]$a$6038 [0] $memory$auto$proc_rom.cc:155:do_switch$1450$rdmux[0][6][10]$a$6038 [0] }
    Consolidated identical input bits for $mux cell $memory$auto$proc_rom.cc:155:do_switch$1450$rdmux[0][7][19]$6256:
      Old ports: A=10'1010100100, B=10'1010011101, Y=$memory$auto$proc_rom.cc:155:do_switch$1450$rdmux[0][6][9]$b$6036
      New ports: A=2'10, B=2'01, Y={ $memory$auto$proc_rom.cc:155:do_switch$1450$rdmux[0][6][9]$b$6036 [5] $memory$auto$proc_rom.cc:155:do_switch$1450$rdmux[0][6][9]$b$6036 [0] }
      New connections: { $memory$auto$proc_rom.cc:155:do_switch$1450$rdmux[0][6][9]$b$6036 [9:6] $memory$auto$proc_rom.cc:155:do_switch$1450$rdmux[0][6][9]$b$6036 [4:1] } = { 4'1010 $memory$auto$proc_rom.cc:155:do_switch$1450$rdmux[0][6][9]$b$6036 [0] $memory$auto$proc_rom.cc:155:do_switch$1450$rdmux[0][6][9]$b$6036 [0] 2'10 }
    Consolidated identical input bits for $mux cell $memory$auto$proc_rom.cc:155:do_switch$1450$rdmux[0][7][18]$6253:
      Old ports: A=10'1010110010, B=10'1010101011, Y=$memory$auto$proc_rom.cc:155:do_switch$1450$rdmux[0][6][9]$a$6035
      New ports: A=2'10, B=2'01, Y={ $memory$auto$proc_rom.cc:155:do_switch$1450$rdmux[0][6][9]$a$6035 [4] $memory$auto$proc_rom.cc:155:do_switch$1450$rdmux[0][6][9]$a$6035 [0] }
      New connections: { $memory$auto$proc_rom.cc:155:do_switch$1450$rdmux[0][6][9]$a$6035 [9:5] $memory$auto$proc_rom.cc:155:do_switch$1450$rdmux[0][6][9]$a$6035 [3:1] } = { 5'10101 $memory$auto$proc_rom.cc:155:do_switch$1450$rdmux[0][6][9]$a$6035 [0] 2'01 }
    Consolidated identical input bits for $mux cell $memory$auto$proc_rom.cc:155:do_switch$1450$rdmux[0][7][17]$6250:
      Old ports: A=10'1011000000, B=10'1010111001, Y=$memory$auto$proc_rom.cc:155:do_switch$1450$rdmux[0][6][8]$b$6033
      New ports: A=2'10, B=2'01, Y={ $memory$auto$proc_rom.cc:155:do_switch$1450$rdmux[0][6][8]$b$6033 [6] $memory$auto$proc_rom.cc:155:do_switch$1450$rdmux[0][6][8]$b$6033 [0] }
      New connections: { $memory$auto$proc_rom.cc:155:do_switch$1450$rdmux[0][6][8]$b$6033 [9:7] $memory$auto$proc_rom.cc:155:do_switch$1450$rdmux[0][6][8]$b$6033 [5:1] } = { 3'101 $memory$auto$proc_rom.cc:155:do_switch$1450$rdmux[0][6][8]$b$6033 [0] $memory$auto$proc_rom.cc:155:do_switch$1450$rdmux[0][6][8]$b$6033 [0] $memory$auto$proc_rom.cc:155:do_switch$1450$rdmux[0][6][8]$b$6033 [0] 2'00 }
    Consolidated identical input bits for $mux cell $memory$auto$proc_rom.cc:155:do_switch$1450$rdmux[0][7][16]$6247:
      Old ports: A=10'1011001111, B=10'1011000111, Y=$memory$auto$proc_rom.cc:155:do_switch$1450$rdmux[0][6][8]$a$6032
      New ports: A=1'1, B=1'0, Y=$memory$auto$proc_rom.cc:155:do_switch$1450$rdmux[0][6][8]$a$6032 [3]
      New connections: { $memory$auto$proc_rom.cc:155:do_switch$1450$rdmux[0][6][8]$a$6032 [9:4] $memory$auto$proc_rom.cc:155:do_switch$1450$rdmux[0][6][8]$a$6032 [2:0] } = 9'101100111
    Consolidated identical input bits for $mux cell $memory$auto$proc_rom.cc:155:do_switch$1450$rdmux[0][7][15]$6244:
      Old ports: A=10'1011011110, B=10'1011010110, Y=$memory$auto$proc_rom.cc:155:do_switch$1450$rdmux[0][6][7]$b$6030
      New ports: A=1'1, B=1'0, Y=$memory$auto$proc_rom.cc:155:do_switch$1450$rdmux[0][6][7]$b$6030 [3]
      New connections: { $memory$auto$proc_rom.cc:155:do_switch$1450$rdmux[0][6][7]$b$6030 [9:4] $memory$auto$proc_rom.cc:155:do_switch$1450$rdmux[0][6][7]$b$6030 [2:0] } = 9'101101110
    Consolidated identical input bits for $mux cell $memory$auto$proc_rom.cc:155:do_switch$1450$rdmux[0][7][14]$6241:
      Old ports: A=10'1011101101, B=10'1011100101, Y=$memory$auto$proc_rom.cc:155:do_switch$1450$rdmux[0][6][7]$a$6029
      New ports: A=1'1, B=1'0, Y=$memory$auto$proc_rom.cc:155:do_switch$1450$rdmux[0][6][7]$a$6029 [3]
      New connections: { $memory$auto$proc_rom.cc:155:do_switch$1450$rdmux[0][6][7]$a$6029 [9:4] $memory$auto$proc_rom.cc:155:do_switch$1450$rdmux[0][6][7]$a$6029 [2:0] } = 9'101110101
    Consolidated identical input bits for $mux cell $memory$auto$proc_rom.cc:155:do_switch$1450$rdmux[0][7][13]$6238:
      Old ports: A=10'1011111101, B=10'1011110101, Y=$memory$auto$proc_rom.cc:155:do_switch$1450$rdmux[0][6][6]$b$6027
      New ports: A=1'1, B=1'0, Y=$memory$auto$proc_rom.cc:155:do_switch$1450$rdmux[0][6][6]$b$6027 [3]
      New connections: { $memory$auto$proc_rom.cc:155:do_switch$1450$rdmux[0][6][6]$b$6027 [9:4] $memory$auto$proc_rom.cc:155:do_switch$1450$rdmux[0][6][6]$b$6027 [2:0] } = 9'101111101
    Consolidated identical input bits for $mux cell $memory$auto$proc_rom.cc:155:do_switch$1450$rdmux[0][7][12]$6235:
      Old ports: A=10'1100001101, B=10'1100000101, Y=$memory$auto$proc_rom.cc:155:do_switch$1450$rdmux[0][6][6]$a$6026
      New ports: A=1'1, B=1'0, Y=$memory$auto$proc_rom.cc:155:do_switch$1450$rdmux[0][6][6]$a$6026 [3]
      New connections: { $memory$auto$proc_rom.cc:155:do_switch$1450$rdmux[0][6][6]$a$6026 [9:4] $memory$auto$proc_rom.cc:155:do_switch$1450$rdmux[0][6][6]$a$6026 [2:0] } = 9'110000101
    Consolidated identical input bits for $mux cell $memory$auto$proc_rom.cc:155:do_switch$1450$rdmux[0][7][11]$6232:
      Old ports: A=10'1100011110, B=10'1100010101, Y=$memory$auto$proc_rom.cc:155:do_switch$1450$rdmux[0][6][5]$b$6024
      New ports: A=2'10, B=2'01, Y=$memory$auto$proc_rom.cc:155:do_switch$1450$rdmux[0][6][5]$b$6024 [1:0]
      New connections: $memory$auto$proc_rom.cc:155:do_switch$1450$rdmux[0][6][5]$b$6024 [9:2] = { 6'110001 $memory$auto$proc_rom.cc:155:do_switch$1450$rdmux[0][6][5]$b$6024 [1] 1'1 }
    Consolidated identical input bits for $mux cell $memory$auto$proc_rom.cc:155:do_switch$1450$rdmux[0][7][10]$6229:
      Old ports: A=10'1100101111, B=10'1100100110, Y=$memory$auto$proc_rom.cc:155:do_switch$1450$rdmux[0][6][5]$a$6023
      New ports: A=1'1, B=1'0, Y=$memory$auto$proc_rom.cc:155:do_switch$1450$rdmux[0][6][5]$a$6023 [0]
      New connections: $memory$auto$proc_rom.cc:155:do_switch$1450$rdmux[0][6][5]$a$6023 [9:1] = { 6'110010 $memory$auto$proc_rom.cc:155:do_switch$1450$rdmux[0][6][5]$a$6023 [0] 2'11 }
    Consolidated identical input bits for $mux cell $memory$auto$proc_rom.cc:155:do_switch$1450$rdmux[0][7][9]$6226:
      Old ports: A=10'1101000001, B=10'1100111000, Y=$memory$auto$proc_rom.cc:155:do_switch$1450$rdmux[0][6][4]$b$6021
      New ports: A=2'01, B=2'10, Y={ $memory$auto$proc_rom.cc:155:do_switch$1450$rdmux[0][6][4]$b$6021 [3] $memory$auto$proc_rom.cc:155:do_switch$1450$rdmux[0][6][4]$b$6021 [0] }
      New connections: { $memory$auto$proc_rom.cc:155:do_switch$1450$rdmux[0][6][4]$b$6021 [9:4] $memory$auto$proc_rom.cc:155:do_switch$1450$rdmux[0][6][4]$b$6021 [2:1] } = { 3'110 $memory$auto$proc_rom.cc:155:do_switch$1450$rdmux[0][6][4]$b$6021 [0] $memory$auto$proc_rom.cc:155:do_switch$1450$rdmux[0][6][4]$b$6021 [3] $memory$auto$proc_rom.cc:155:do_switch$1450$rdmux[0][6][4]$b$6021 [3] 2'00 }
    Consolidated identical input bits for $mux cell $memory$auto$proc_rom.cc:155:do_switch$1450$rdmux[0][7][8]$6223:
      Old ports: A=10'1101010011, B=10'1101001010, Y=$memory$auto$proc_rom.cc:155:do_switch$1450$rdmux[0][6][4]$a$6020
      New ports: A=2'01, B=2'10, Y={ $memory$auto$proc_rom.cc:155:do_switch$1450$rdmux[0][6][4]$a$6020 [3] $memory$auto$proc_rom.cc:155:do_switch$1450$rdmux[0][6][4]$a$6020 [0] }
      New connections: { $memory$auto$proc_rom.cc:155:do_switch$1450$rdmux[0][6][4]$a$6020 [9:4] $memory$auto$proc_rom.cc:155:do_switch$1450$rdmux[0][6][4]$a$6020 [2:1] } = { 5'11010 $memory$auto$proc_rom.cc:155:do_switch$1450$rdmux[0][6][4]$a$6020 [0] 2'01 }
    Consolidated identical input bits for $mux cell $memory$auto$proc_rom.cc:155:do_switch$1450$rdmux[0][7][7]$6220:
      Old ports: A=10'1101100101, B=10'1101011100, Y=$memory$auto$proc_rom.cc:155:do_switch$1450$rdmux[0][6][3]$b$6018
      New ports: A=2'01, B=2'10, Y={ $memory$auto$proc_rom.cc:155:do_switch$1450$rdmux[0][6][3]$b$6018 [3] $memory$auto$proc_rom.cc:155:do_switch$1450$rdmux[0][6][3]$b$6018 [0] }
      New connections: { $memory$auto$proc_rom.cc:155:do_switch$1450$rdmux[0][6][3]$b$6018 [9:4] $memory$auto$proc_rom.cc:155:do_switch$1450$rdmux[0][6][3]$b$6018 [2:1] } = { 4'1101 $memory$auto$proc_rom.cc:155:do_switch$1450$rdmux[0][6][3]$b$6018 [0] $memory$auto$proc_rom.cc:155:do_switch$1450$rdmux[0][6][3]$b$6018 [3] 2'10 }
    Consolidated identical input bits for $mux cell $memory$auto$proc_rom.cc:155:do_switch$1450$rdmux[0][7][6]$6217:
      Old ports: A=10'1101111001, B=10'1101101111, Y=$memory$auto$proc_rom.cc:155:do_switch$1450$rdmux[0][6][3]$a$6017
      New ports: A=2'10, B=2'01, Y={ $memory$auto$proc_rom.cc:155:do_switch$1450$rdmux[0][6][3]$a$6017 [4] $memory$auto$proc_rom.cc:155:do_switch$1450$rdmux[0][6][3]$a$6017 [1] }
      New connections: { $memory$auto$proc_rom.cc:155:do_switch$1450$rdmux[0][6][3]$a$6017 [9:5] $memory$auto$proc_rom.cc:155:do_switch$1450$rdmux[0][6][3]$a$6017 [3:2] $memory$auto$proc_rom.cc:155:do_switch$1450$rdmux[0][6][3]$a$6017 [0] } = { 6'110111 $memory$auto$proc_rom.cc:155:do_switch$1450$rdmux[0][6][3]$a$6017 [1] 1'1 }
    Consolidated identical input bits for $mux cell $memory$auto$proc_rom.cc:155:do_switch$1450$rdmux[0][7][5]$6214:
      Old ports: A=10'1110001101, B=10'1110000011, Y=$memory$auto$proc_rom.cc:155:do_switch$1450$rdmux[0][6][2]$b$6015
      New ports: A=2'10, B=2'01, Y=$memory$auto$proc_rom.cc:155:do_switch$1450$rdmux[0][6][2]$b$6015 [2:1]
      New connections: { $memory$auto$proc_rom.cc:155:do_switch$1450$rdmux[0][6][2]$b$6015 [9:3] $memory$auto$proc_rom.cc:155:do_switch$1450$rdmux[0][6][2]$b$6015 [0] } = { 6'111000 $memory$auto$proc_rom.cc:155:do_switch$1450$rdmux[0][6][2]$b$6015 [2] 1'1 }
    Consolidated identical input bits for $mux cell $memory$auto$proc_rom.cc:155:do_switch$1450$rdmux[0][7][4]$6211:
      Old ports: A=10'1110100001, B=10'1110010111, Y=$memory$auto$proc_rom.cc:155:do_switch$1450$rdmux[0][6][2]$a$6014
      New ports: A=2'10, B=2'01, Y={ $memory$auto$proc_rom.cc:155:do_switch$1450$rdmux[0][6][2]$a$6014 [5] $memory$auto$proc_rom.cc:155:do_switch$1450$rdmux[0][6][2]$a$6014 [1] }
      New connections: { $memory$auto$proc_rom.cc:155:do_switch$1450$rdmux[0][6][2]$a$6014 [9:6] $memory$auto$proc_rom.cc:155:do_switch$1450$rdmux[0][6][2]$a$6014 [4:2] $memory$auto$proc_rom.cc:155:do_switch$1450$rdmux[0][6][2]$a$6014 [0] } = { 4'1110 $memory$auto$proc_rom.cc:155:do_switch$1450$rdmux[0][6][2]$a$6014 [1] 1'0 $memory$auto$proc_rom.cc:155:do_switch$1450$rdmux[0][6][2]$a$6014 [1] 1'1 }
    Consolidated identical input bits for $mux cell $memory$auto$proc_rom.cc:155:do_switch$1450$rdmux[0][7][3]$6208:
      Old ports: A=10'1110110110, B=10'1110101100, Y=$memory$auto$proc_rom.cc:155:do_switch$1450$rdmux[0][6][1]$b$6012
      New ports: A=2'01, B=2'10, Y={ $memory$auto$proc_rom.cc:155:do_switch$1450$rdmux[0][6][1]$b$6012 [3] $memory$auto$proc_rom.cc:155:do_switch$1450$rdmux[0][6][1]$b$6012 [1] }
      New connections: { $memory$auto$proc_rom.cc:155:do_switch$1450$rdmux[0][6][1]$b$6012 [9:4] $memory$auto$proc_rom.cc:155:do_switch$1450$rdmux[0][6][1]$b$6012 [2] $memory$auto$proc_rom.cc:155:do_switch$1450$rdmux[0][6][1]$b$6012 [0] } = { 5'11101 $memory$auto$proc_rom.cc:155:do_switch$1450$rdmux[0][6][1]$b$6012 [1] 2'10 }
    Consolidated identical input bits for $mux cell $memory$auto$proc_rom.cc:155:do_switch$1450$rdmux[0][7][2]$6205:
      Old ports: A=10'1111001100, B=10'1111000001, Y=$memory$auto$proc_rom.cc:155:do_switch$1450$rdmux[0][6][1]$a$6011
      New ports: A=2'10, B=2'01, Y={ $memory$auto$proc_rom.cc:155:do_switch$1450$rdmux[0][6][1]$a$6011 [2] $memory$auto$proc_rom.cc:155:do_switch$1450$rdmux[0][6][1]$a$6011 [0] }
      New connections: { $memory$auto$proc_rom.cc:155:do_switch$1450$rdmux[0][6][1]$a$6011 [9:3] $memory$auto$proc_rom.cc:155:do_switch$1450$rdmux[0][6][1]$a$6011 [1] } = { 6'111100 $memory$auto$proc_rom.cc:155:do_switch$1450$rdmux[0][6][1]$a$6011 [2] 1'0 }
    Consolidated identical input bits for $mux cell $memory$auto$proc_rom.cc:155:do_switch$1450$rdmux[0][7][1]$6202:
      Old ports: A=10'1111100011, B=10'1111010111, Y=$memory$auto$proc_rom.cc:155:do_switch$1450$rdmux[0][6][0]$b$6009
      New ports: A=2'10, B=2'01, Y={ $memory$auto$proc_rom.cc:155:do_switch$1450$rdmux[0][6][0]$b$6009 [5] $memory$auto$proc_rom.cc:155:do_switch$1450$rdmux[0][6][0]$b$6009 [2] }
      New connections: { $memory$auto$proc_rom.cc:155:do_switch$1450$rdmux[0][6][0]$b$6009 [9:6] $memory$auto$proc_rom.cc:155:do_switch$1450$rdmux[0][6][0]$b$6009 [4:3] $memory$auto$proc_rom.cc:155:do_switch$1450$rdmux[0][6][0]$b$6009 [1:0] } = { 4'1111 $memory$auto$proc_rom.cc:155:do_switch$1450$rdmux[0][6][0]$b$6009 [2] 3'011 }
    Consolidated identical input bits for $mux cell $memory$auto$proc_rom.cc:155:do_switch$1450$rdmux[0][7][0]$6199:
      Old ports: A=10'1111111010, B=10'1111101110, Y=$memory$auto$proc_rom.cc:155:do_switch$1450$rdmux[0][6][0]$a$6008
      New ports: A=2'10, B=2'01, Y={ $memory$auto$proc_rom.cc:155:do_switch$1450$rdmux[0][6][0]$a$6008 [4] $memory$auto$proc_rom.cc:155:do_switch$1450$rdmux[0][6][0]$a$6008 [2] }
      New connections: { $memory$auto$proc_rom.cc:155:do_switch$1450$rdmux[0][6][0]$a$6008 [9:5] $memory$auto$proc_rom.cc:155:do_switch$1450$rdmux[0][6][0]$a$6008 [3] $memory$auto$proc_rom.cc:155:do_switch$1450$rdmux[0][6][0]$a$6008 [1:0] } = 8'11111110
    Consolidated identical input bits for $mux cell $memory$auto$proc_rom.cc:155:do_switch$1450$rdmux[0][7][127]$6580:
      Old ports: A=10'0000000010, B=10'0000000001, Y=$memory$auto$proc_rom.cc:155:do_switch$1450$rdmux[0][6][63]$b$6198
      New ports: A=2'10, B=2'01, Y=$memory$auto$proc_rom.cc:155:do_switch$1450$rdmux[0][6][63]$b$6198 [1:0]
      New connections: $memory$auto$proc_rom.cc:155:do_switch$1450$rdmux[0][6][63]$b$6198 [9:2] = 8'00000000
    Consolidated identical input bits for $mux cell $procmux$2472:
      Old ports: A=32'11111111111111111111111111111111, B=9, Y=$8\approximate_rsqrt$func$rtl/fp16_rsqrt_lut256.sv:79$229.leading_one[31:0]$341
      New ports: A=1'1, B=1'0, Y=$8\approximate_rsqrt$func$rtl/fp16_rsqrt_lut256.sv:79$229.leading_one[31:0]$341 [1]
      New connections: { $8\approximate_rsqrt$func$rtl/fp16_rsqrt_lut256.sv:79$229.leading_one[31:0]$341 [31:2] $8\approximate_rsqrt$func$rtl/fp16_rsqrt_lut256.sv:79$229.leading_one[31:0]$341 [0] } = { $8\approximate_rsqrt$func$rtl/fp16_rsqrt_lut256.sv:79$229.leading_one[31:0]$341 [1] $8\approximate_rsqrt$func$rtl/fp16_rsqrt_lut256.sv:79$229.leading_one[31:0]$341 [1] $8\approximate_rsqrt$func$rtl/fp16_rsqrt_lut256.sv:79$229.leading_one[31:0]$341 [1] $8\approximate_rsqrt$func$rtl/fp16_rsqrt_lut256.sv:79$229.leading_one[31:0]$341 [1] $8\approximate_rsqrt$func$rtl/fp16_rsqrt_lut256.sv:79$229.leading_one[31:0]$341 [1] $8\approximate_rsqrt$func$rtl/fp16_rsqrt_lut256.sv:79$229.leading_one[31:0]$341 [1] $8\approximate_rsqrt$func$rtl/fp16_rsqrt_lut256.sv:79$229.leading_one[31:0]$341 [1] $8\approximate_rsqrt$func$rtl/fp16_rsqrt_lut256.sv:79$229.leading_one[31:0]$341 [1] $8\approximate_rsqrt$func$rtl/fp16_rsqrt_lut256.sv:79$229.leading_one[31:0]$341 [1] $8\approximate_rsqrt$func$rtl/fp16_rsqrt_lut256.sv:79$229.leading_one[31:0]$341 [1] $8\approximate_rsqrt$func$rtl/fp16_rsqrt_lut256.sv:79$229.leading_one[31:0]$341 [1] $8\approximate_rsqrt$func$rtl/fp16_rsqrt_lut256.sv:79$229.leading_one[31:0]$341 [1] $8\approximate_rsqrt$func$rtl/fp16_rsqrt_lut256.sv:79$229.leading_one[31:0]$341 [1] $8\approximate_rsqrt$func$rtl/fp16_rsqrt_lut256.sv:79$229.leading_one[31:0]$341 [1] $8\approximate_rsqrt$func$rtl/fp16_rsqrt_lut256.sv:79$229.leading_one[31:0]$341 [1] $8\approximate_rsqrt$func$rtl/fp16_rsqrt_lut256.sv:79$229.leading_one[31:0]$341 [1] $8\approximate_rsqrt$func$rtl/fp16_rsqrt_lut256.sv:79$229.leading_one[31:0]$341 [1] $8\approximate_rsqrt$func$rtl/fp16_rsqrt_lut256.sv:79$229.leading_one[31:0]$341 [1] $8\approximate_rsqrt$func$rtl/fp16_rsqrt_lut256.sv:79$229.leading_one[31:0]$341 [1] $8\approximate_rsqrt$func$rtl/fp16_rsqrt_lut256.sv:79$229.leading_one[31:0]$341 [1] $8\approximate_rsqrt$func$rtl/fp16_rsqrt_lut256.sv:79$229.leading_one[31:0]$341 [1] $8\approximate_rsqrt$func$rtl/fp16_rsqrt_lut256.sv:79$229.leading_one[31:0]$341 [1] $8\approximate_rsqrt$func$rtl/fp16_rsqrt_lut256.sv:79$229.leading_one[31:0]$341 [1] $8\approximate_rsqrt$func$rtl/fp16_rsqrt_lut256.sv:79$229.leading_one[31:0]$341 [1] $8\approximate_rsqrt$func$rtl/fp16_rsqrt_lut256.sv:79$229.leading_one[31:0]$341 [1] $8\approximate_rsqrt$func$rtl/fp16_rsqrt_lut256.sv:79$229.leading_one[31:0]$341 [1] $8\approximate_rsqrt$func$rtl/fp16_rsqrt_lut256.sv:79$229.leading_one[31:0]$341 [1] $8\approximate_rsqrt$func$rtl/fp16_rsqrt_lut256.sv:79$229.leading_one[31:0]$341 [1] 1'1 $8\approximate_rsqrt$func$rtl/fp16_rsqrt_lut256.sv:79$229.leading_one[31:0]$341 [1] 1'1 }
    Consolidated identical input bits for $mux cell $ternary$rtl/fp16_rsqrt_lut256.sv:41$318:
      Old ports: A=15'111111000000000, B=15'000000000000000, Y=$auto$wreduce.cc:514:run$5058 [14:0]
      New ports: A=1'1, B=1'0, Y=$auto$wreduce.cc:514:run$5058 [9]
      New connections: { $auto$wreduce.cc:514:run$5058 [14:10] $auto$wreduce.cc:514:run$5058 [8:0] } = { $auto$wreduce.cc:514:run$5058 [9] $auto$wreduce.cc:514:run$5058 [9] $auto$wreduce.cc:514:run$5058 [9] $auto$wreduce.cc:514:run$5058 [9] $auto$wreduce.cc:514:run$5058 [9] 9'000000000 }
  Optimizing cells in module \fp16_rsqrt_lut256.
    Consolidated identical input bits for $mux cell $memory$auto$proc_rom.cc:155:do_switch$1450$rdmux[0][6][63]$6196:
      Old ports: A=$memory$auto$proc_rom.cc:155:do_switch$1450$rdmux[0][6][63]$a$6197, B=$memory$auto$proc_rom.cc:155:do_switch$1450$rdmux[0][6][63]$b$6198, Y=$memory$auto$proc_rom.cc:155:do_switch$1450$rdmux[0][5][31]$b$6006
      New ports: A={ 2'10 $memory$auto$proc_rom.cc:155:do_switch$1450$rdmux[0][6][63]$a$6197 [0] }, B={ 1'0 $memory$auto$proc_rom.cc:155:do_switch$1450$rdmux[0][6][63]$b$6198 [1:0] }, Y=$memory$auto$proc_rom.cc:155:do_switch$1450$rdmux[0][5][31]$b$6006 [2:0]
      New connections: $memory$auto$proc_rom.cc:155:do_switch$1450$rdmux[0][5][31]$b$6006 [9:3] = 7'0000000
    Consolidated identical input bits for $mux cell $memory$auto$proc_rom.cc:155:do_switch$1450$rdmux[0][6][62]$6193:
      Old ports: A=$memory$auto$proc_rom.cc:155:do_switch$1450$rdmux[0][6][62]$a$6194, B=$memory$auto$proc_rom.cc:155:do_switch$1450$rdmux[0][6][62]$b$6195, Y=$memory$auto$proc_rom.cc:155:do_switch$1450$rdmux[0][5][31]$a$6005
      New ports: A={ 3'101 $memory$auto$proc_rom.cc:155:do_switch$1450$rdmux[0][6][62]$a$6194 [0] }, B={ $memory$auto$proc_rom.cc:155:do_switch$1450$rdmux[0][6][62]$b$6195 [3] $memory$auto$proc_rom.cc:155:do_switch$1450$rdmux[0][6][62]$b$6195 [0] $memory$auto$proc_rom.cc:155:do_switch$1450$rdmux[0][6][62]$b$6195 [0] $memory$auto$proc_rom.cc:155:do_switch$1450$rdmux[0][6][62]$b$6195 [0] }, Y=$memory$auto$proc_rom.cc:155:do_switch$1450$rdmux[0][5][31]$a$6005 [3:0]
      New connections: $memory$auto$proc_rom.cc:155:do_switch$1450$rdmux[0][5][31]$a$6005 [9:4] = 6'000000
    Consolidated identical input bits for $mux cell $memory$auto$proc_rom.cc:155:do_switch$1450$rdmux[0][6][61]$6190:
      Old ports: A=$memory$auto$proc_rom.cc:155:do_switch$1450$rdmux[0][6][61]$a$6191, B=$memory$auto$proc_rom.cc:155:do_switch$1450$rdmux[0][6][61]$b$6192, Y=$memory$auto$proc_rom.cc:155:do_switch$1450$rdmux[0][5][30]$b$6003
      New ports: A={ 1'1 $memory$auto$proc_rom.cc:155:do_switch$1450$rdmux[0][6][61]$a$6191 [1] 1'0 }, B={ 1'0 $memory$auto$proc_rom.cc:155:do_switch$1450$rdmux[0][6][61]$b$6192 [1] 1'1 }, Y={ $memory$auto$proc_rom.cc:155:do_switch$1450$rdmux[0][5][30]$b$6003 [4] $memory$auto$proc_rom.cc:155:do_switch$1450$rdmux[0][5][30]$b$6003 [1:0] }
      New connections: { $memory$auto$proc_rom.cc:155:do_switch$1450$rdmux[0][5][30]$b$6003 [9:5] $memory$auto$proc_rom.cc:155:do_switch$1450$rdmux[0][5][30]$b$6003 [3:2] } = { 5'00000 $memory$auto$proc_rom.cc:155:do_switch$1450$rdmux[0][5][30]$b$6003 [0] $memory$auto$proc_rom.cc:155:do_switch$1450$rdmux[0][5][30]$b$6003 [0] }
    Consolidated identical input bits for $mux cell $memory$auto$proc_rom.cc:155:do_switch$1450$rdmux[0][6][60]$6187:
      Old ports: A=$memory$auto$proc_rom.cc:155:do_switch$1450$rdmux[0][6][60]$a$6188, B=$memory$auto$proc_rom.cc:155:do_switch$1450$rdmux[0][6][60]$b$6189, Y=$memory$auto$proc_rom.cc:155:do_switch$1450$rdmux[0][5][30]$a$6002
      New ports: A={ $memory$auto$proc_rom.cc:155:do_switch$1450$rdmux[0][6][60]$a$6188 [3] $memory$auto$proc_rom.cc:155:do_switch$1450$rdmux[0][6][60]$a$6188 [1] $memory$auto$proc_rom.cc:155:do_switch$1450$rdmux[0][6][60]$a$6188 [1] 1'0 }, B={ 1'0 $memory$auto$proc_rom.cc:155:do_switch$1450$rdmux[0][6][60]$b$6189 [2:1] 1'1 }, Y=$memory$auto$proc_rom.cc:155:do_switch$1450$rdmux[0][5][30]$a$6002 [3:0]
      New connections: $memory$auto$proc_rom.cc:155:do_switch$1450$rdmux[0][5][30]$a$6002 [9:4] = 6'000001
    Consolidated identical input bits for $mux cell $memory$auto$proc_rom.cc:155:do_switch$1450$rdmux[0][6][59]$6184:
      Old ports: A=$memory$auto$proc_rom.cc:155:do_switch$1450$rdmux[0][6][59]$a$6185, B=$memory$auto$proc_rom.cc:155:do_switch$1450$rdmux[0][6][59]$b$6186, Y=$memory$auto$proc_rom.cc:155:do_switch$1450$rdmux[0][5][29]$b$6000
      New ports: A={ 1'1 $memory$auto$proc_rom.cc:155:do_switch$1450$rdmux[0][6][59]$a$6185 [1] 1'1 }, B={ 2'01 $memory$auto$proc_rom.cc:155:do_switch$1450$rdmux[0][6][59]$b$6186 [0] }, Y=$memory$auto$proc_rom.cc:155:do_switch$1450$rdmux[0][5][29]$b$6000 [2:0]
      New connections: $memory$auto$proc_rom.cc:155:do_switch$1450$rdmux[0][5][29]$b$6000 [9:3] = 7'0000011
    Consolidated identical input bits for $mux cell $memory$auto$proc_rom.cc:155:do_switch$1450$rdmux[0][6][58]$6181:
      Old ports: A=$memory$auto$proc_rom.cc:155:do_switch$1450$rdmux[0][6][58]$a$6182, B=$memory$auto$proc_rom.cc:155:do_switch$1450$rdmux[0][6][58]$b$6183, Y=$memory$auto$proc_rom.cc:155:do_switch$1450$rdmux[0][5][29]$a$5999
      New ports: A={ 2'10 $memory$auto$proc_rom.cc:155:do_switch$1450$rdmux[0][6][58]$a$6182 [0] }, B={ 1'0 $memory$auto$proc_rom.cc:155:do_switch$1450$rdmux[0][6][58]$b$6183 [1] 1'0 }, Y=$memory$auto$proc_rom.cc:155:do_switch$1450$rdmux[0][5][29]$a$5999 [2:0]
      New connections: $memory$auto$proc_rom.cc:155:do_switch$1450$rdmux[0][5][29]$a$5999 [9:3] = 7'0000100
    Consolidated identical input bits for $mux cell $memory$auto$proc_rom.cc:155:do_switch$1450$rdmux[0][6][57]$6178:
      Old ports: A=$memory$auto$proc_rom.cc:155:do_switch$1450$rdmux[0][6][57]$a$6179, B=$memory$auto$proc_rom.cc:155:do_switch$1450$rdmux[0][6][57]$b$6180, Y=$memory$auto$proc_rom.cc:155:do_switch$1450$rdmux[0][5][28]$b$5997
      New ports: A={ 1'1 $memory$auto$proc_rom.cc:155:do_switch$1450$rdmux[0][6][57]$a$6179 [2:1] 1'0 }, B={ $memory$auto$proc_rom.cc:155:do_switch$1450$rdmux[0][6][57]$b$6180 [3] $memory$auto$proc_rom.cc:155:do_switch$1450$rdmux[0][6][57]$b$6180 [1] $memory$auto$proc_rom.cc:155:do_switch$1450$rdmux[0][6][57]$b$6180 [1] 1'1 }, Y=$memory$auto$proc_rom.cc:155:do_switch$1450$rdmux[0][5][28]$b$5997 [3:0]
      New connections: $memory$auto$proc_rom.cc:155:do_switch$1450$rdmux[0][5][28]$b$5997 [9:4] = 6'000010
    Consolidated identical input bits for $mux cell $memory$auto$proc_rom.cc:155:do_switch$1450$rdmux[0][6][56]$6175:
      Old ports: A=$memory$auto$proc_rom.cc:155:do_switch$1450$rdmux[0][6][56]$a$6176, B=$memory$auto$proc_rom.cc:155:do_switch$1450$rdmux[0][6][56]$b$6177, Y=$memory$auto$proc_rom.cc:155:do_switch$1450$rdmux[0][5][28]$a$5996
      New ports: A={ 2'10 $memory$auto$proc_rom.cc:155:do_switch$1450$rdmux[0][6][56]$a$6176 [1] 1'1 }, B={ 3'011 $memory$auto$proc_rom.cc:155:do_switch$1450$rdmux[0][6][56]$b$6177 [0] }, Y={ $memory$auto$proc_rom.cc:155:do_switch$1450$rdmux[0][5][28]$a$5996 [4] $memory$auto$proc_rom.cc:155:do_switch$1450$rdmux[0][5][28]$a$5996 [2:0] }
      New connections: { $memory$auto$proc_rom.cc:155:do_switch$1450$rdmux[0][5][28]$a$5996 [9:5] $memory$auto$proc_rom.cc:155:do_switch$1450$rdmux[0][5][28]$a$5996 [3] } = { 5'00001 $memory$auto$proc_rom.cc:155:do_switch$1450$rdmux[0][5][28]$a$5996 [2] }
    Consolidated identical input bits for $mux cell $memory$auto$proc_rom.cc:155:do_switch$1450$rdmux[0][6][55]$6172:
      Old ports: A=$memory$auto$proc_rom.cc:155:do_switch$1450$rdmux[0][6][55]$a$6173, B=$memory$auto$proc_rom.cc:155:do_switch$1450$rdmux[0][6][55]$b$6174, Y=$memory$auto$proc_rom.cc:155:do_switch$1450$rdmux[0][5][27]$b$5994
      New ports: A={ 2'10 $memory$auto$proc_rom.cc:155:do_switch$1450$rdmux[0][6][55]$a$6173 [1] 1'0 }, B={ 2'01 $memory$auto$proc_rom.cc:155:do_switch$1450$rdmux[0][6][55]$b$6174 [1:0] }, Y=$memory$auto$proc_rom.cc:155:do_switch$1450$rdmux[0][5][27]$b$5994 [3:0]
      New connections: $memory$auto$proc_rom.cc:155:do_switch$1450$rdmux[0][5][27]$b$5994 [9:4] = 6'000011
    Consolidated identical input bits for $mux cell $memory$auto$proc_rom.cc:155:do_switch$1450$rdmux[0][6][54]$6169:
      Old ports: A=$memory$auto$proc_rom.cc:155:do_switch$1450$rdmux[0][6][54]$a$6170, B=$memory$auto$proc_rom.cc:155:do_switch$1450$rdmux[0][6][54]$b$6171, Y=$memory$auto$proc_rom.cc:155:do_switch$1450$rdmux[0][5][27]$a$5993
      New ports: A={ $memory$auto$proc_rom.cc:155:do_switch$1450$rdmux[0][6][54]$a$6170 [6] $memory$auto$proc_rom.cc:155:do_switch$1450$rdmux[0][6][54]$a$6170 [1] $memory$auto$proc_rom.cc:155:do_switch$1450$rdmux[0][6][54]$a$6170 [1] 1'1 }, B={ 3'010 $memory$auto$proc_rom.cc:155:do_switch$1450$rdmux[0][6][54]$b$6171 [0] }, Y={ $memory$auto$proc_rom.cc:155:do_switch$1450$rdmux[0][5][27]$a$5993 [6] $memory$auto$proc_rom.cc:155:do_switch$1450$rdmux[0][5][27]$a$5993 [2:0] }
      New connections: { $memory$auto$proc_rom.cc:155:do_switch$1450$rdmux[0][5][27]$a$5993 [9:7] $memory$auto$proc_rom.cc:155:do_switch$1450$rdmux[0][5][27]$a$5993 [5:3] } = { 3'000 $memory$auto$proc_rom.cc:155:do_switch$1450$rdmux[0][5][27]$a$5993 [2] $memory$auto$proc_rom.cc:155:do_switch$1450$rdmux[0][5][27]$a$5993 [2] $memory$auto$proc_rom.cc:155:do_switch$1450$rdmux[0][5][27]$a$5993 [2] }
    Consolidated identical input bits for $mux cell $memory$auto$proc_rom.cc:155:do_switch$1450$rdmux[0][6][53]$6166:
      Old ports: A=$memory$auto$proc_rom.cc:155:do_switch$1450$rdmux[0][6][53]$a$6167, B=$memory$auto$proc_rom.cc:155:do_switch$1450$rdmux[0][6][53]$b$6168, Y=$memory$auto$proc_rom.cc:155:do_switch$1450$rdmux[0][5][26]$b$5991
      New ports: A={ $memory$auto$proc_rom.cc:155:do_switch$1450$rdmux[0][6][53]$a$6167 [3] $memory$auto$proc_rom.cc:155:do_switch$1450$rdmux[0][6][53]$a$6167 [1] $memory$auto$proc_rom.cc:155:do_switch$1450$rdmux[0][6][53]$a$6167 [1] 1'0 }, B={ 1'0 $memory$auto$proc_rom.cc:155:do_switch$1450$rdmux[0][6][53]$b$6168 [2:1] 1'1 }, Y=$memory$auto$proc_rom.cc:155:do_switch$1450$rdmux[0][5][26]$b$5991 [3:0]
      New connections: $memory$auto$proc_rom.cc:155:do_switch$1450$rdmux[0][5][26]$b$5991 [9:4] = 6'000100
    Consolidated identical input bits for $mux cell $memory$auto$proc_rom.cc:155:do_switch$1450$rdmux[0][6][52]$6163:
      Old ports: A=$memory$auto$proc_rom.cc:155:do_switch$1450$rdmux[0][6][52]$a$6164, B=$memory$auto$proc_rom.cc:155:do_switch$1450$rdmux[0][6][52]$b$6165, Y=$memory$auto$proc_rom.cc:155:do_switch$1450$rdmux[0][5][26]$a$5990
      New ports: A={ $memory$auto$proc_rom.cc:155:do_switch$1450$rdmux[0][6][52]$a$6164 [4] $memory$auto$proc_rom.cc:155:do_switch$1450$rdmux[0][6][52]$a$6164 [1] $memory$auto$proc_rom.cc:155:do_switch$1450$rdmux[0][6][52]$a$6164 [1] $memory$auto$proc_rom.cc:155:do_switch$1450$rdmux[0][6][52]$a$6164 [1] }, B={ 2'01 $memory$auto$proc_rom.cc:155:do_switch$1450$rdmux[0][6][52]$b$6165 [2:1] }, Y=$memory$auto$proc_rom.cc:155:do_switch$1450$rdmux[0][5][26]$a$5990 [4:1]
      New connections: { $memory$auto$proc_rom.cc:155:do_switch$1450$rdmux[0][5][26]$a$5990 [9:5] $memory$auto$proc_rom.cc:155:do_switch$1450$rdmux[0][5][26]$a$5990 [0] } = 6'000100
    Consolidated identical input bits for $mux cell $memory$auto$proc_rom.cc:155:do_switch$1450$rdmux[0][6][51]$6160:
      Old ports: A=$memory$auto$proc_rom.cc:155:do_switch$1450$rdmux[0][6][51]$a$6161, B=$memory$auto$proc_rom.cc:155:do_switch$1450$rdmux[0][6][51]$b$6162, Y=$memory$auto$proc_rom.cc:155:do_switch$1450$rdmux[0][5][25]$b$5988
      New ports: A={ 1'1 $memory$auto$proc_rom.cc:155:do_switch$1450$rdmux[0][6][51]$a$6161 [1] 1'1 }, B={ 2'01 $memory$auto$proc_rom.cc:155:do_switch$1450$rdmux[0][6][51]$b$6162 [0] }, Y=$memory$auto$proc_rom.cc:155:do_switch$1450$rdmux[0][5][25]$b$5988 [2:0]
      New connections: $memory$auto$proc_rom.cc:155:do_switch$1450$rdmux[0][5][25]$b$5988 [9:3] = 7'0001010
    Consolidated identical input bits for $mux cell $memory$auto$proc_rom.cc:155:do_switch$1450$rdmux[0][6][50]$6157:
      Old ports: A=$memory$auto$proc_rom.cc:155:do_switch$1450$rdmux[0][6][50]$a$6158, B=$memory$auto$proc_rom.cc:155:do_switch$1450$rdmux[0][6][50]$b$6159, Y=$memory$auto$proc_rom.cc:155:do_switch$1450$rdmux[0][5][25]$a$5987
      New ports: A={ 1'1 $memory$auto$proc_rom.cc:155:do_switch$1450$rdmux[0][6][50]$a$6158 [1] }, B={ 1'0 $memory$auto$proc_rom.cc:155:do_switch$1450$rdmux[0][6][50]$b$6159 [1] }, Y=$memory$auto$proc_rom.cc:155:do_switch$1450$rdmux[0][5][25]$a$5987 [2:1]
      New connections: { $memory$auto$proc_rom.cc:155:do_switch$1450$rdmux[0][5][25]$a$5987 [9:3] $memory$auto$proc_rom.cc:155:do_switch$1450$rdmux[0][5][25]$a$5987 [0] } = 8'00010111
    Consolidated identical input bits for $mux cell $memory$auto$proc_rom.cc:155:do_switch$1450$rdmux[0][6][49]$6154:
      Old ports: A=$memory$auto$proc_rom.cc:155:do_switch$1450$rdmux[0][6][49]$a$6155, B=$memory$auto$proc_rom.cc:155:do_switch$1450$rdmux[0][6][49]$b$6156, Y=$memory$auto$proc_rom.cc:155:do_switch$1450$rdmux[0][5][24]$b$5985
      New ports: A={ 1'1 $memory$auto$proc_rom.cc:155:do_switch$1450$rdmux[0][6][49]$a$6155 [1] }, B={ 1'0 $memory$auto$proc_rom.cc:155:do_switch$1450$rdmux[0][6][49]$b$6156 [1] }, Y=$memory$auto$proc_rom.cc:155:do_switch$1450$rdmux[0][5][24]$b$5985 [2:1]
      New connections: { $memory$auto$proc_rom.cc:155:do_switch$1450$rdmux[0][5][24]$b$5985 [9:3] $memory$auto$proc_rom.cc:155:do_switch$1450$rdmux[0][5][24]$b$5985 [0] } = 8'00011001
    Consolidated identical input bits for $mux cell $memory$auto$proc_rom.cc:155:do_switch$1450$rdmux[0][6][48]$6151:
      Old ports: A=$memory$auto$proc_rom.cc:155:do_switch$1450$rdmux[0][6][48]$a$6152, B=$memory$auto$proc_rom.cc:155:do_switch$1450$rdmux[0][6][48]$b$6153, Y=$memory$auto$proc_rom.cc:155:do_switch$1450$rdmux[0][5][24]$a$5984
      New ports: A={ 1'1 $memory$auto$proc_rom.cc:155:do_switch$1450$rdmux[0][6][48]$a$6152 [1] }, B={ 1'0 $memory$auto$proc_rom.cc:155:do_switch$1450$rdmux[0][6][48]$b$6153 [1] }, Y=$memory$auto$proc_rom.cc:155:do_switch$1450$rdmux[0][5][24]$a$5984 [2:1]
      New connections: { $memory$auto$proc_rom.cc:155:do_switch$1450$rdmux[0][5][24]$a$5984 [9:3] $memory$auto$proc_rom.cc:155:do_switch$1450$rdmux[0][5][24]$a$5984 [0] } = 8'00011011
    Consolidated identical input bits for $mux cell $memory$auto$proc_rom.cc:155:do_switch$1450$rdmux[0][6][47]$6148:
      Old ports: A=$memory$auto$proc_rom.cc:155:do_switch$1450$rdmux[0][6][47]$a$6149, B=$memory$auto$proc_rom.cc:155:do_switch$1450$rdmux[0][6][47]$b$6150, Y=$memory$auto$proc_rom.cc:155:do_switch$1450$rdmux[0][5][23]$b$5982
      New ports: A={ 1'1 $memory$auto$proc_rom.cc:155:do_switch$1450$rdmux[0][6][47]$a$6149 [1] }, B={ 1'0 $memory$auto$proc_rom.cc:155:do_switch$1450$rdmux[0][6][47]$b$6150 [1] }, Y=$memory$auto$proc_rom.cc:155:do_switch$1450$rdmux[0][5][23]$b$5982 [2:1]
      New connections: { $memory$auto$proc_rom.cc:155:do_switch$1450$rdmux[0][5][23]$b$5982 [9:3] $memory$auto$proc_rom.cc:155:do_switch$1450$rdmux[0][5][23]$b$5982 [0] } = 8'00011101
    Consolidated identical input bits for $mux cell $memory$auto$proc_rom.cc:155:do_switch$1450$rdmux[0][6][46]$6145:
      Old ports: A=$memory$auto$proc_rom.cc:155:do_switch$1450$rdmux[0][6][46]$a$6146, B=$memory$auto$proc_rom.cc:155:do_switch$1450$rdmux[0][6][46]$b$6147, Y=$memory$auto$proc_rom.cc:155:do_switch$1450$rdmux[0][5][23]$a$5981
      New ports: A={ $memory$auto$proc_rom.cc:155:do_switch$1450$rdmux[0][6][46]$a$6146 [7] $memory$auto$proc_rom.cc:155:do_switch$1450$rdmux[0][6][46]$a$6146 [1] $memory$auto$proc_rom.cc:155:do_switch$1450$rdmux[0][6][46]$a$6146 [1] $memory$auto$proc_rom.cc:155:do_switch$1450$rdmux[0][6][46]$a$6146 [1] 1'0 }, B={ 3'010 $memory$auto$proc_rom.cc:155:do_switch$1450$rdmux[0][6][46]$b$6147 [1] 1'1 }, Y={ $memory$auto$proc_rom.cc:155:do_switch$1450$rdmux[0][5][23]$a$5981 [7] $memory$auto$proc_rom.cc:155:do_switch$1450$rdmux[0][5][23]$a$5981 [3:0] }
      New connections: { $memory$auto$proc_rom.cc:155:do_switch$1450$rdmux[0][5][23]$a$5981 [9:8] $memory$auto$proc_rom.cc:155:do_switch$1450$rdmux[0][5][23]$a$5981 [6:4] } = { 2'00 $memory$auto$proc_rom.cc:155:do_switch$1450$rdmux[0][5][23]$a$5981 [3] $memory$auto$proc_rom.cc:155:do_switch$1450$rdmux[0][5][23]$a$5981 [3] $memory$auto$proc_rom.cc:155:do_switch$1450$rdmux[0][5][23]$a$5981 [3] }
    Consolidated identical input bits for $mux cell $memory$auto$proc_rom.cc:155:do_switch$1450$rdmux[0][6][45]$6142:
      Old ports: A=$memory$auto$proc_rom.cc:155:do_switch$1450$rdmux[0][6][45]$a$6143, B=$memory$auto$proc_rom.cc:155:do_switch$1450$rdmux[0][6][45]$b$6144, Y=$memory$auto$proc_rom.cc:155:do_switch$1450$rdmux[0][5][22]$b$5979
      New ports: A={ $memory$auto$proc_rom.cc:155:do_switch$1450$rdmux[0][6][45]$a$6143 [3] $memory$auto$proc_rom.cc:155:do_switch$1450$rdmux[0][6][45]$a$6143 [1] $memory$auto$proc_rom.cc:155:do_switch$1450$rdmux[0][6][45]$a$6143 [1] }, B={ 1'0 $memory$auto$proc_rom.cc:155:do_switch$1450$rdmux[0][6][45]$b$6144 [2:1] }, Y=$memory$auto$proc_rom.cc:155:do_switch$1450$rdmux[0][5][22]$b$5979 [3:1]
      New connections: { $memory$auto$proc_rom.cc:155:do_switch$1450$rdmux[0][5][22]$b$5979 [9:4] $memory$auto$proc_rom.cc:155:do_switch$1450$rdmux[0][5][22]$b$5979 [0] } = 7'0010000
    Consolidated identical input bits for $mux cell $memory$auto$proc_rom.cc:155:do_switch$1450$rdmux[0][6][44]$6139:
      Old ports: A=$memory$auto$proc_rom.cc:155:do_switch$1450$rdmux[0][6][44]$a$6140, B=$memory$auto$proc_rom.cc:155:do_switch$1450$rdmux[0][6][44]$b$6141, Y=$memory$auto$proc_rom.cc:155:do_switch$1450$rdmux[0][5][22]$a$5978
      New ports: A={ $memory$auto$proc_rom.cc:155:do_switch$1450$rdmux[0][6][44]$a$6140 [4] $memory$auto$proc_rom.cc:155:do_switch$1450$rdmux[0][6][44]$a$6140 [1] $memory$auto$proc_rom.cc:155:do_switch$1450$rdmux[0][6][44]$a$6140 [1] $memory$auto$proc_rom.cc:155:do_switch$1450$rdmux[0][6][44]$a$6140 [1] }, B={ 2'01 $memory$auto$proc_rom.cc:155:do_switch$1450$rdmux[0][6][44]$b$6141 [2:1] }, Y=$memory$auto$proc_rom.cc:155:do_switch$1450$rdmux[0][5][22]$a$5978 [4:1]
      New connections: { $memory$auto$proc_rom.cc:155:do_switch$1450$rdmux[0][5][22]$a$5978 [9:5] $memory$auto$proc_rom.cc:155:do_switch$1450$rdmux[0][5][22]$a$5978 [0] } = 6'001001
    Consolidated identical input bits for $mux cell $memory$auto$proc_rom.cc:155:do_switch$1450$rdmux[0][6][43]$6136:
      Old ports: A=$memory$auto$proc_rom.cc:155:do_switch$1450$rdmux[0][6][43]$a$6137, B=$memory$auto$proc_rom.cc:155:do_switch$1450$rdmux[0][6][43]$b$6138, Y=$memory$auto$proc_rom.cc:155:do_switch$1450$rdmux[0][5][21]$b$5976
      New ports: A={ 2'10 $memory$auto$proc_rom.cc:155:do_switch$1450$rdmux[0][6][43]$a$6137 [1] 1'0 }, B={ 1'0 $memory$auto$proc_rom.cc:155:do_switch$1450$rdmux[0][6][43]$b$6138 [2] 1'1 $memory$auto$proc_rom.cc:155:do_switch$1450$rdmux[0][6][43]$b$6138 [0] }, Y=$memory$auto$proc_rom.cc:155:do_switch$1450$rdmux[0][5][21]$b$5976 [3:0]
      New connections: $memory$auto$proc_rom.cc:155:do_switch$1450$rdmux[0][5][21]$b$5976 [9:4] = 6'001001
    Consolidated identical input bits for $mux cell $memory$auto$proc_rom.cc:155:do_switch$1450$rdmux[0][6][42]$6133:
      Old ports: A=$memory$auto$proc_rom.cc:155:do_switch$1450$rdmux[0][6][42]$a$6134, B=$memory$auto$proc_rom.cc:155:do_switch$1450$rdmux[0][6][42]$b$6135, Y=$memory$auto$proc_rom.cc:155:do_switch$1450$rdmux[0][5][21]$a$5975
      New ports: A={ 2'10 $memory$auto$proc_rom.cc:155:do_switch$1450$rdmux[0][6][42]$a$6134 [1] 1'1 }, B={ 2'01 $memory$auto$proc_rom.cc:155:do_switch$1450$rdmux[0][6][42]$b$6135 [0] $memory$auto$proc_rom.cc:155:do_switch$1450$rdmux[0][6][42]$b$6135 [0] }, Y={ $memory$auto$proc_rom.cc:155:do_switch$1450$rdmux[0][5][21]$a$5975 [5] $memory$auto$proc_rom.cc:155:do_switch$1450$rdmux[0][5][21]$a$5975 [2:0] }
      New connections: { $memory$auto$proc_rom.cc:155:do_switch$1450$rdmux[0][5][21]$a$5975 [9:6] $memory$auto$proc_rom.cc:155:do_switch$1450$rdmux[0][5][21]$a$5975 [4:3] } = { 4'0010 $memory$auto$proc_rom.cc:155:do_switch$1450$rdmux[0][5][21]$a$5975 [2] $memory$auto$proc_rom.cc:155:do_switch$1450$rdmux[0][5][21]$a$5975 [2] }
    Consolidated identical input bits for $mux cell $memory$auto$proc_rom.cc:155:do_switch$1450$rdmux[0][6][41]$6130:
      Old ports: A=$memory$auto$proc_rom.cc:155:do_switch$1450$rdmux[0][6][41]$a$6131, B=$memory$auto$proc_rom.cc:155:do_switch$1450$rdmux[0][6][41]$b$6132, Y=$memory$auto$proc_rom.cc:155:do_switch$1450$rdmux[0][5][20]$b$5973
      New ports: A={ 1'1 $memory$auto$proc_rom.cc:155:do_switch$1450$rdmux[0][6][41]$a$6131 [2:1] 1'1 }, B={ $memory$auto$proc_rom.cc:155:do_switch$1450$rdmux[0][6][41]$b$6132 [3] $memory$auto$proc_rom.cc:155:do_switch$1450$rdmux[0][6][41]$b$6132 [1] $memory$auto$proc_rom.cc:155:do_switch$1450$rdmux[0][6][41]$b$6132 [1] 1'0 }, Y=$memory$auto$proc_rom.cc:155:do_switch$1450$rdmux[0][5][20]$b$5973 [3:0]
      New connections: $memory$auto$proc_rom.cc:155:do_switch$1450$rdmux[0][5][20]$b$5973 [9:4] = 6'001010
    Consolidated identical input bits for $mux cell $memory$auto$proc_rom.cc:155:do_switch$1450$rdmux[0][6][40]$6127:
      Old ports: A=$memory$auto$proc_rom.cc:155:do_switch$1450$rdmux[0][6][40]$a$6128, B=$memory$auto$proc_rom.cc:155:do_switch$1450$rdmux[0][6][40]$b$6129, Y=$memory$auto$proc_rom.cc:155:do_switch$1450$rdmux[0][5][20]$a$5972
      New ports: A={ 3'101 $memory$auto$proc_rom.cc:155:do_switch$1450$rdmux[0][6][40]$a$6128 [0] $memory$auto$proc_rom.cc:155:do_switch$1450$rdmux[0][6][40]$a$6128 [0] }, B={ $memory$auto$proc_rom.cc:155:do_switch$1450$rdmux[0][6][40]$b$6129 [4] $memory$auto$proc_rom.cc:155:do_switch$1450$rdmux[0][6][40]$b$6129 [0] $memory$auto$proc_rom.cc:155:do_switch$1450$rdmux[0][6][40]$b$6129 [0] 1'1 $memory$auto$proc_rom.cc:155:do_switch$1450$rdmux[0][6][40]$b$6129 [0] }, Y=$memory$auto$proc_rom.cc:155:do_switch$1450$rdmux[0][5][20]$a$5972 [4:0]
      New connections: $memory$auto$proc_rom.cc:155:do_switch$1450$rdmux[0][5][20]$a$5972 [9:5] = 5'00101
    Consolidated identical input bits for $mux cell $memory$auto$proc_rom.cc:155:do_switch$1450$rdmux[0][6][39]$6124:
      Old ports: A=$memory$auto$proc_rom.cc:155:do_switch$1450$rdmux[0][6][39]$a$6125, B=$memory$auto$proc_rom.cc:155:do_switch$1450$rdmux[0][6][39]$b$6126, Y=$memory$auto$proc_rom.cc:155:do_switch$1450$rdmux[0][5][19]$b$5970
      New ports: A={ $memory$auto$proc_rom.cc:155:do_switch$1450$rdmux[0][6][39]$a$6125 [0] $memory$auto$proc_rom.cc:155:do_switch$1450$rdmux[0][6][39]$a$6125 [1] $memory$auto$proc_rom.cc:155:do_switch$1450$rdmux[0][6][39]$a$6125 [1] $memory$auto$proc_rom.cc:155:do_switch$1450$rdmux[0][6][39]$a$6125 [1:0] }, B={ 2'01 $memory$auto$proc_rom.cc:155:do_switch$1450$rdmux[0][6][39]$b$6126 [2] 1'0 $memory$auto$proc_rom.cc:155:do_switch$1450$rdmux[0][6][39]$b$6126 [0] }, Y={ $memory$auto$proc_rom.cc:155:do_switch$1450$rdmux[0][5][19]$b$5970 [6] $memory$auto$proc_rom.cc:155:do_switch$1450$rdmux[0][5][19]$b$5970 [3:0] }
      New connections: { $memory$auto$proc_rom.cc:155:do_switch$1450$rdmux[0][5][19]$b$5970 [9:7] $memory$auto$proc_rom.cc:155:do_switch$1450$rdmux[0][5][19]$b$5970 [5:4] } = { 3'001 $memory$auto$proc_rom.cc:155:do_switch$1450$rdmux[0][5][19]$b$5970 [3] $memory$auto$proc_rom.cc:155:do_switch$1450$rdmux[0][5][19]$b$5970 [3] }
    Consolidated identical input bits for $mux cell $memory$auto$proc_rom.cc:155:do_switch$1450$rdmux[0][6][38]$6121:
      Old ports: A=$memory$auto$proc_rom.cc:155:do_switch$1450$rdmux[0][6][38]$a$6122, B=$memory$auto$proc_rom.cc:155:do_switch$1450$rdmux[0][6][38]$b$6123, Y=$memory$auto$proc_rom.cc:155:do_switch$1450$rdmux[0][5][19]$a$5969
      New ports: A={ 2'10 $memory$auto$proc_rom.cc:155:do_switch$1450$rdmux[0][6][38]$a$6122 [0] $memory$auto$proc_rom.cc:155:do_switch$1450$rdmux[0][6][38]$a$6122 [0] }, B={ 1'0 $memory$auto$proc_rom.cc:155:do_switch$1450$rdmux[0][6][38]$b$6123 [2] 1'1 $memory$auto$proc_rom.cc:155:do_switch$1450$rdmux[0][6][38]$b$6123 [0] }, Y=$memory$auto$proc_rom.cc:155:do_switch$1450$rdmux[0][5][19]$a$5969 [3:0]
      New connections: $memory$auto$proc_rom.cc:155:do_switch$1450$rdmux[0][5][19]$a$5969 [9:4] = 6'001100
    Consolidated identical input bits for $mux cell $memory$auto$proc_rom.cc:155:do_switch$1450$rdmux[0][6][37]$6118:
      Old ports: A=$memory$auto$proc_rom.cc:155:do_switch$1450$rdmux[0][6][37]$a$6119, B=$memory$auto$proc_rom.cc:155:do_switch$1450$rdmux[0][6][37]$b$6120, Y=$memory$auto$proc_rom.cc:155:do_switch$1450$rdmux[0][5][18]$b$5967
      New ports: A={ 2'10 $memory$auto$proc_rom.cc:155:do_switch$1450$rdmux[0][6][37]$a$6119 [2:1] 1'1 }, B={ $memory$auto$proc_rom.cc:155:do_switch$1450$rdmux[0][6][37]$b$6120 [4] $memory$auto$proc_rom.cc:155:do_switch$1450$rdmux[0][6][37]$b$6120 [0] $memory$auto$proc_rom.cc:155:do_switch$1450$rdmux[0][6][37]$b$6120 [0] 1'0 $memory$auto$proc_rom.cc:155:do_switch$1450$rdmux[0][6][37]$b$6120 [0] }, Y=$memory$auto$proc_rom.cc:155:do_switch$1450$rdmux[0][5][18]$b$5967 [4:0]
      New connections: $memory$auto$proc_rom.cc:155:do_switch$1450$rdmux[0][5][18]$b$5967 [9:5] = 5'00110
    Consolidated identical input bits for $mux cell $memory$auto$proc_rom.cc:155:do_switch$1450$rdmux[0][6][36]$6115:
      Old ports: A=$memory$auto$proc_rom.cc:155:do_switch$1450$rdmux[0][6][36]$a$6116, B=$memory$auto$proc_rom.cc:155:do_switch$1450$rdmux[0][6][36]$b$6117, Y=$memory$auto$proc_rom.cc:155:do_switch$1450$rdmux[0][5][18]$a$5966
      New ports: A={ $memory$auto$proc_rom.cc:155:do_switch$1450$rdmux[0][6][36]$a$6116 [5] $memory$auto$proc_rom.cc:155:do_switch$1450$rdmux[0][6][36]$a$6116 [0] $memory$auto$proc_rom.cc:155:do_switch$1450$rdmux[0][6][36]$a$6116 [0] 1'0 $memory$auto$proc_rom.cc:155:do_switch$1450$rdmux[0][6][36]$a$6116 [0] }, B={ 3'010 $memory$auto$proc_rom.cc:155:do_switch$1450$rdmux[0][6][36]$b$6117 [0] $memory$auto$proc_rom.cc:155:do_switch$1450$rdmux[0][6][36]$b$6117 [0] }, Y={ $memory$auto$proc_rom.cc:155:do_switch$1450$rdmux[0][5][18]$a$5966 [5] $memory$auto$proc_rom.cc:155:do_switch$1450$rdmux[0][5][18]$a$5966 [3:0] }
      New connections: { $memory$auto$proc_rom.cc:155:do_switch$1450$rdmux[0][5][18]$a$5966 [9:6] $memory$auto$proc_rom.cc:155:do_switch$1450$rdmux[0][5][18]$a$5966 [4] } = { 4'0011 $memory$auto$proc_rom.cc:155:do_switch$1450$rdmux[0][5][18]$a$5966 [3] }
    Consolidated identical input bits for $mux cell $memory$auto$proc_rom.cc:155:do_switch$1450$rdmux[0][6][35]$6112:
      Old ports: A=$memory$auto$proc_rom.cc:155:do_switch$1450$rdmux[0][6][35]$a$6113, B=$memory$auto$proc_rom.cc:155:do_switch$1450$rdmux[0][6][35]$b$6114, Y=$memory$auto$proc_rom.cc:155:do_switch$1450$rdmux[0][5][17]$b$5964
      New ports: A={ 2'10 $memory$auto$proc_rom.cc:155:do_switch$1450$rdmux[0][6][35]$a$6113 [0] $memory$auto$proc_rom.cc:155:do_switch$1450$rdmux[0][6][35]$a$6113 [0] }, B={ 1'0 $memory$auto$proc_rom.cc:155:do_switch$1450$rdmux[0][6][35]$b$6114 [2:1] 1'1 }, Y=$memory$auto$proc_rom.cc:155:do_switch$1450$rdmux[0][5][17]$b$5964 [3:0]
      New connections: $memory$auto$proc_rom.cc:155:do_switch$1450$rdmux[0][5][17]$b$5964 [9:4] = 6'001110
    Consolidated identical input bits for $mux cell $memory$auto$proc_rom.cc:155:do_switch$1450$rdmux[0][6][34]$6109:
      Old ports: A=$memory$auto$proc_rom.cc:155:do_switch$1450$rdmux[0][6][34]$a$6110, B=$memory$auto$proc_rom.cc:155:do_switch$1450$rdmux[0][6][34]$b$6111, Y=$memory$auto$proc_rom.cc:155:do_switch$1450$rdmux[0][5][17]$a$5963
      New ports: A={ 2'10 $memory$auto$proc_rom.cc:155:do_switch$1450$rdmux[0][6][34]$a$6110 [2] 1'1 $memory$auto$proc_rom.cc:155:do_switch$1450$rdmux[0][6][34]$a$6110 [0] }, B={ $memory$auto$proc_rom.cc:155:do_switch$1450$rdmux[0][6][34]$b$6111 [0] $memory$auto$proc_rom.cc:155:do_switch$1450$rdmux[0][6][34]$b$6111 [1] $memory$auto$proc_rom.cc:155:do_switch$1450$rdmux[0][6][34]$b$6111 [1] $memory$auto$proc_rom.cc:155:do_switch$1450$rdmux[0][6][34]$b$6111 [1:0] }, Y=$memory$auto$proc_rom.cc:155:do_switch$1450$rdmux[0][5][17]$a$5963 [4:0]
      New connections: $memory$auto$proc_rom.cc:155:do_switch$1450$rdmux[0][5][17]$a$5963 [9:5] = 5'00111
    Consolidated identical input bits for $mux cell $memory$auto$proc_rom.cc:155:do_switch$1450$rdmux[0][6][33]$6106:
      Old ports: A=$memory$auto$proc_rom.cc:155:do_switch$1450$rdmux[0][6][33]$a$6107, B=$memory$auto$proc_rom.cc:155:do_switch$1450$rdmux[0][6][33]$b$6108, Y=$memory$auto$proc_rom.cc:155:do_switch$1450$rdmux[0][5][16]$b$5961
      New ports: A={ $memory$auto$proc_rom.cc:155:do_switch$1450$rdmux[0][6][33]$a$6107 [8] $memory$auto$proc_rom.cc:155:do_switch$1450$rdmux[0][6][33]$a$6107 [0] $memory$auto$proc_rom.cc:155:do_switch$1450$rdmux[0][6][33]$a$6107 [0] 1'1 $memory$auto$proc_rom.cc:155:do_switch$1450$rdmux[0][6][33]$a$6107 [0] }, B={ 2'01 $memory$auto$proc_rom.cc:155:do_switch$1450$rdmux[0][6][33]$b$6108 [2] 1'0 $memory$auto$proc_rom.cc:155:do_switch$1450$rdmux[0][6][33]$b$6108 [0] }, Y={ $memory$auto$proc_rom.cc:155:do_switch$1450$rdmux[0][5][16]$b$5961 [8] $memory$auto$proc_rom.cc:155:do_switch$1450$rdmux[0][5][16]$b$5961 [3:0] }
      New connections: { $memory$auto$proc_rom.cc:155:do_switch$1450$rdmux[0][5][16]$b$5961 [9] $memory$auto$proc_rom.cc:155:do_switch$1450$rdmux[0][5][16]$b$5961 [7:4] } = { 1'0 $memory$auto$proc_rom.cc:155:do_switch$1450$rdmux[0][5][16]$b$5961 [3] $memory$auto$proc_rom.cc:155:do_switch$1450$rdmux[0][5][16]$b$5961 [3] $memory$auto$proc_rom.cc:155:do_switch$1450$rdmux[0][5][16]$b$5961 [3] $memory$auto$proc_rom.cc:155:do_switch$1450$rdmux[0][5][16]$b$5961 [3] }
    Consolidated identical input bits for $mux cell $memory$auto$proc_rom.cc:155:do_switch$1450$rdmux[0][6][32]$6103:
      Old ports: A=$memory$auto$proc_rom.cc:155:do_switch$1450$rdmux[0][6][32]$a$6104, B=$memory$auto$proc_rom.cc:155:do_switch$1450$rdmux[0][6][32]$b$6105, Y=$memory$auto$proc_rom.cc:155:do_switch$1450$rdmux[0][5][16]$a$5960
      New ports: A={ 1'1 $memory$auto$proc_rom.cc:155:do_switch$1450$rdmux[0][6][32]$a$6104 [2] 1'1 $memory$auto$proc_rom.cc:155:do_switch$1450$rdmux[0][6][32]$a$6104 [0] }, B={ $memory$auto$proc_rom.cc:155:do_switch$1450$rdmux[0][6][32]$b$6105 [3] $memory$auto$proc_rom.cc:155:do_switch$1450$rdmux[0][6][32]$b$6105 [0] 1'0 $memory$auto$proc_rom.cc:155:do_switch$1450$rdmux[0][6][32]$b$6105 [0] }, Y=$memory$auto$proc_rom.cc:155:do_switch$1450$rdmux[0][5][16]$a$5960 [3:0]
      New connections: $memory$auto$proc_rom.cc:155:do_switch$1450$rdmux[0][5][16]$a$5960 [9:4] = 6'010000
    Consolidated identical input bits for $mux cell $memory$auto$proc_rom.cc:155:do_switch$1450$rdmux[0][6][31]$6100:
      Old ports: A=$memory$auto$proc_rom.cc:155:do_switch$1450$rdmux[0][6][31]$a$6101, B=$memory$auto$proc_rom.cc:155:do_switch$1450$rdmux[0][6][31]$b$6102, Y=$memory$auto$proc_rom.cc:155:do_switch$1450$rdmux[0][5][15]$b$5958
      New ports: A={ $memory$auto$proc_rom.cc:155:do_switch$1450$rdmux[0][6][31]$a$6101 [3] $memory$auto$proc_rom.cc:155:do_switch$1450$rdmux[0][6][31]$a$6101 [0] 1'1 $memory$auto$proc_rom.cc:155:do_switch$1450$rdmux[0][6][31]$a$6101 [0] }, B={ 1'0 $memory$auto$proc_rom.cc:155:do_switch$1450$rdmux[0][6][31]$b$6102 [2] 1'0 $memory$auto$proc_rom.cc:155:do_switch$1450$rdmux[0][6][31]$b$6102 [0] }, Y=$memory$auto$proc_rom.cc:155:do_switch$1450$rdmux[0][5][15]$b$5958 [3:0]
      New connections: $memory$auto$proc_rom.cc:155:do_switch$1450$rdmux[0][5][15]$b$5958 [9:4] = 6'010001
    Consolidated identical input bits for $mux cell $memory$auto$proc_rom.cc:155:do_switch$1450$rdmux[0][6][30]$6097:
      Old ports: A=$memory$auto$proc_rom.cc:155:do_switch$1450$rdmux[0][6][30]$a$6098, B=$memory$auto$proc_rom.cc:155:do_switch$1450$rdmux[0][6][30]$b$6099, Y=$memory$auto$proc_rom.cc:155:do_switch$1450$rdmux[0][5][15]$a$5957
      New ports: A={ 2'10 $memory$auto$proc_rom.cc:155:do_switch$1450$rdmux[0][6][30]$a$6098 [2] 2'11 }, B={ $memory$auto$proc_rom.cc:155:do_switch$1450$rdmux[0][6][30]$b$6099 [5] $memory$auto$proc_rom.cc:155:do_switch$1450$rdmux[0][6][30]$b$6099 [0] $memory$auto$proc_rom.cc:155:do_switch$1450$rdmux[0][6][30]$b$6099 [0] 1'0 $memory$auto$proc_rom.cc:155:do_switch$1450$rdmux[0][6][30]$b$6099 [0] }, Y={ $memory$auto$proc_rom.cc:155:do_switch$1450$rdmux[0][5][15]$a$5957 [5] $memory$auto$proc_rom.cc:155:do_switch$1450$rdmux[0][5][15]$a$5957 [3:0] }
      New connections: { $memory$auto$proc_rom.cc:155:do_switch$1450$rdmux[0][5][15]$a$5957 [9:6] $memory$auto$proc_rom.cc:155:do_switch$1450$rdmux[0][5][15]$a$5957 [4] } = { 4'0100 $memory$auto$proc_rom.cc:155:do_switch$1450$rdmux[0][5][15]$a$5957 [3] }
    Consolidated identical input bits for $mux cell $memory$auto$proc_rom.cc:155:do_switch$1450$rdmux[0][6][29]$6094:
      Old ports: A=$memory$auto$proc_rom.cc:155:do_switch$1450$rdmux[0][6][29]$a$6095, B=$memory$auto$proc_rom.cc:155:do_switch$1450$rdmux[0][6][29]$b$6096, Y=$memory$auto$proc_rom.cc:155:do_switch$1450$rdmux[0][5][14]$b$5955
      New ports: A={ 2'10 $memory$auto$proc_rom.cc:155:do_switch$1450$rdmux[0][6][29]$a$6095 [2] 2'00 }, B={ 2'01 $memory$auto$proc_rom.cc:155:do_switch$1450$rdmux[0][6][29]$b$6096 [0] $memory$auto$proc_rom.cc:155:do_switch$1450$rdmux[0][6][29]$b$6096 [1:0] }, Y=$memory$auto$proc_rom.cc:155:do_switch$1450$rdmux[0][5][14]$b$5955 [4:0]
      New connections: $memory$auto$proc_rom.cc:155:do_switch$1450$rdmux[0][5][14]$b$5955 [9:5] = 5'01001
    Consolidated identical input bits for $mux cell $memory$auto$proc_rom.cc:155:do_switch$1450$rdmux[0][6][28]$6091:
      Old ports: A=$memory$auto$proc_rom.cc:155:do_switch$1450$rdmux[0][6][28]$a$6092, B=$memory$auto$proc_rom.cc:155:do_switch$1450$rdmux[0][6][28]$b$6093, Y=$memory$auto$proc_rom.cc:155:do_switch$1450$rdmux[0][5][14]$a$5954
      New ports: A={ $memory$auto$proc_rom.cc:155:do_switch$1450$rdmux[0][6][28]$a$6092 [0] $memory$auto$proc_rom.cc:155:do_switch$1450$rdmux[0][6][28]$a$6092 [1] $memory$auto$proc_rom.cc:155:do_switch$1450$rdmux[0][6][28]$a$6092 [1] $memory$auto$proc_rom.cc:155:do_switch$1450$rdmux[0][6][28]$a$6092 [1:0] }, B={ 1'0 $memory$auto$proc_rom.cc:155:do_switch$1450$rdmux[0][6][28]$b$6093 [3] $memory$auto$proc_rom.cc:155:do_switch$1450$rdmux[0][6][28]$b$6093 [0] 1'1 $memory$auto$proc_rom.cc:155:do_switch$1450$rdmux[0][6][28]$b$6093 [0] }, Y={ $memory$auto$proc_rom.cc:155:do_switch$1450$rdmux[0][5][14]$a$5954 [6] $memory$auto$proc_rom.cc:155:do_switch$1450$rdmux[0][5][14]$a$5954 [3:0] }
      New connections: { $memory$auto$proc_rom.cc:155:do_switch$1450$rdmux[0][5][14]$a$5954 [9:7] $memory$auto$proc_rom.cc:155:do_switch$1450$rdmux[0][5][14]$a$5954 [5:4] } = { 3'010 $memory$auto$proc_rom.cc:155:do_switch$1450$rdmux[0][5][14]$a$5954 [1] $memory$auto$proc_rom.cc:155:do_switch$1450$rdmux[0][5][14]$a$5954 [1] }
    Consolidated identical input bits for $mux cell $memory$auto$proc_rom.cc:155:do_switch$1450$rdmux[0][6][27]$6088:
      Old ports: A=$memory$auto$proc_rom.cc:155:do_switch$1450$rdmux[0][6][27]$a$6089, B=$memory$auto$proc_rom.cc:155:do_switch$1450$rdmux[0][6][27]$b$6090, Y=$memory$auto$proc_rom.cc:155:do_switch$1450$rdmux[0][5][13]$b$5952
      New ports: A={ 1'1 $memory$auto$proc_rom.cc:155:do_switch$1450$rdmux[0][6][27]$a$6089 [2] 1'1 }, B={ $memory$auto$proc_rom.cc:155:do_switch$1450$rdmux[0][6][27]$b$6090 [3:2] 1'0 }, Y={ $memory$auto$proc_rom.cc:155:do_switch$1450$rdmux[0][5][13]$b$5952 [3:2] $memory$auto$proc_rom.cc:155:do_switch$1450$rdmux[0][5][13]$b$5952 [0] }
      New connections: { $memory$auto$proc_rom.cc:155:do_switch$1450$rdmux[0][5][13]$b$5952 [9:4] $memory$auto$proc_rom.cc:155:do_switch$1450$rdmux[0][5][13]$b$5952 [1] } = { 6'010100 $memory$auto$proc_rom.cc:155:do_switch$1450$rdmux[0][5][13]$b$5952 [0] }
    Consolidated identical input bits for $mux cell $memory$auto$proc_rom.cc:155:do_switch$1450$rdmux[0][6][26]$6085:
      Old ports: A=$memory$auto$proc_rom.cc:155:do_switch$1450$rdmux[0][6][26]$a$6086, B=$memory$auto$proc_rom.cc:155:do_switch$1450$rdmux[0][6][26]$b$6087, Y=$memory$auto$proc_rom.cc:155:do_switch$1450$rdmux[0][5][13]$a$5951
      New ports: A={ 1'1 $memory$auto$proc_rom.cc:155:do_switch$1450$rdmux[0][6][26]$a$6086 [0] $memory$auto$proc_rom.cc:155:do_switch$1450$rdmux[0][6][26]$a$6086 [1:0] }, B={ 1'0 $memory$auto$proc_rom.cc:155:do_switch$1450$rdmux[0][6][26]$b$6087 [2] 2'10 }, Y=$memory$auto$proc_rom.cc:155:do_switch$1450$rdmux[0][5][13]$a$5951 [3:0]
      New connections: $memory$auto$proc_rom.cc:155:do_switch$1450$rdmux[0][5][13]$a$5951 [9:4] = 6'010101
    Consolidated identical input bits for $mux cell $memory$auto$proc_rom.cc:155:do_switch$1450$rdmux[0][6][25]$6082:
      Old ports: A=$memory$auto$proc_rom.cc:155:do_switch$1450$rdmux[0][6][25]$a$6083, B=$memory$auto$proc_rom.cc:155:do_switch$1450$rdmux[0][6][25]$b$6084, Y=$memory$auto$proc_rom.cc:155:do_switch$1450$rdmux[0][5][12]$b$5949
      New ports: A={ 1'1 $memory$auto$proc_rom.cc:155:do_switch$1450$rdmux[0][6][25]$a$6083 [2] 1'0 }, B={ 1'0 $memory$auto$proc_rom.cc:155:do_switch$1450$rdmux[0][6][25]$b$6084 [2] $memory$auto$proc_rom.cc:155:do_switch$1450$rdmux[0][6][25]$b$6084 [0] }, Y={ $memory$auto$proc_rom.cc:155:do_switch$1450$rdmux[0][5][12]$b$5949 [3:2] $memory$auto$proc_rom.cc:155:do_switch$1450$rdmux[0][5][12]$b$5949 [0] }
      New connections: { $memory$auto$proc_rom.cc:155:do_switch$1450$rdmux[0][5][12]$b$5949 [9:4] $memory$auto$proc_rom.cc:155:do_switch$1450$rdmux[0][5][12]$b$5949 [1] } = 7'0101100
    Consolidated identical input bits for $mux cell $memory$auto$proc_rom.cc:155:do_switch$1450$rdmux[0][6][24]$6079:
      Old ports: A=$memory$auto$proc_rom.cc:155:do_switch$1450$rdmux[0][6][24]$a$6080, B=$memory$auto$proc_rom.cc:155:do_switch$1450$rdmux[0][6][24]$b$6081, Y=$memory$auto$proc_rom.cc:155:do_switch$1450$rdmux[0][5][12]$a$5948
      New ports: A={ $memory$auto$proc_rom.cc:155:do_switch$1450$rdmux[0][6][24]$a$6080 [3:2] 1'1 }, B={ 2'00 $memory$auto$proc_rom.cc:155:do_switch$1450$rdmux[0][6][24]$b$6081 [0] }, Y={ $memory$auto$proc_rom.cc:155:do_switch$1450$rdmux[0][5][12]$a$5948 [3:2] $memory$auto$proc_rom.cc:155:do_switch$1450$rdmux[0][5][12]$a$5948 [0] }
      New connections: { $memory$auto$proc_rom.cc:155:do_switch$1450$rdmux[0][5][12]$a$5948 [9:4] $memory$auto$proc_rom.cc:155:do_switch$1450$rdmux[0][5][12]$a$5948 [1] } = { 6'010111 $memory$auto$proc_rom.cc:155:do_switch$1450$rdmux[0][5][12]$a$5948 [0] }
    Consolidated identical input bits for $mux cell $memory$auto$proc_rom.cc:155:do_switch$1450$rdmux[0][6][23]$6076:
      Old ports: A=$memory$auto$proc_rom.cc:155:do_switch$1450$rdmux[0][6][23]$a$6077, B=$memory$auto$proc_rom.cc:155:do_switch$1450$rdmux[0][6][23]$b$6078, Y=$memory$auto$proc_rom.cc:155:do_switch$1450$rdmux[0][5][11]$b$5946
      New ports: A={ 2'10 $memory$auto$proc_rom.cc:155:do_switch$1450$rdmux[0][6][23]$a$6077 [3:2] }, B={ $memory$auto$proc_rom.cc:155:do_switch$1450$rdmux[0][6][23]$b$6078 [7] $memory$auto$proc_rom.cc:155:do_switch$1450$rdmux[0][6][23]$b$6078 [2] $memory$auto$proc_rom.cc:155:do_switch$1450$rdmux[0][6][23]$b$6078 [2] $memory$auto$proc_rom.cc:155:do_switch$1450$rdmux[0][6][23]$b$6078 [2] }, Y={ $memory$auto$proc_rom.cc:155:do_switch$1450$rdmux[0][5][11]$b$5946 [7] $memory$auto$proc_rom.cc:155:do_switch$1450$rdmux[0][5][11]$b$5946 [4:2] }
      New connections: { $memory$auto$proc_rom.cc:155:do_switch$1450$rdmux[0][5][11]$b$5946 [9:8] $memory$auto$proc_rom.cc:155:do_switch$1450$rdmux[0][5][11]$b$5946 [6:5] $memory$auto$proc_rom.cc:155:do_switch$1450$rdmux[0][5][11]$b$5946 [1:0] } = { 2'01 $memory$auto$proc_rom.cc:155:do_switch$1450$rdmux[0][5][11]$b$5946 [4] $memory$auto$proc_rom.cc:155:do_switch$1450$rdmux[0][5][11]$b$5946 [4] 2'11 }
    Consolidated identical input bits for $mux cell $memory$auto$proc_rom.cc:155:do_switch$1450$rdmux[0][6][22]$6073:
      Old ports: A=$memory$auto$proc_rom.cc:155:do_switch$1450$rdmux[0][6][22]$a$6074, B=$memory$auto$proc_rom.cc:155:do_switch$1450$rdmux[0][6][22]$b$6075, Y=$memory$auto$proc_rom.cc:155:do_switch$1450$rdmux[0][5][11]$a$5945
      New ports: A={ 1'1 $memory$auto$proc_rom.cc:155:do_switch$1450$rdmux[0][6][22]$a$6074 [3:2] }, B={ $memory$auto$proc_rom.cc:155:do_switch$1450$rdmux[0][6][22]$b$6075 [4] $memory$auto$proc_rom.cc:155:do_switch$1450$rdmux[0][6][22]$b$6075 [2] $memory$auto$proc_rom.cc:155:do_switch$1450$rdmux[0][6][22]$b$6075 [2] }, Y=$memory$auto$proc_rom.cc:155:do_switch$1450$rdmux[0][5][11]$a$5945 [4:2]
      New connections: { $memory$auto$proc_rom.cc:155:do_switch$1450$rdmux[0][5][11]$a$5945 [9:5] $memory$auto$proc_rom.cc:155:do_switch$1450$rdmux[0][5][11]$a$5945 [1:0] } = 7'0110011
    Consolidated identical input bits for $mux cell $memory$auto$proc_rom.cc:155:do_switch$1450$rdmux[0][6][21]$6070:
      Old ports: A=$memory$auto$proc_rom.cc:155:do_switch$1450$rdmux[0][6][21]$a$6071, B=$memory$auto$proc_rom.cc:155:do_switch$1450$rdmux[0][6][21]$b$6072, Y=$memory$auto$proc_rom.cc:155:do_switch$1450$rdmux[0][5][10]$b$5943
      New ports: A={ 2'10 $memory$auto$proc_rom.cc:155:do_switch$1450$rdmux[0][6][21]$a$6071 [3] 1'1 $memory$auto$proc_rom.cc:155:do_switch$1450$rdmux[0][6][21]$a$6071 [0] }, B={ $memory$auto$proc_rom.cc:155:do_switch$1450$rdmux[0][6][21]$b$6072 [5] $memory$auto$proc_rom.cc:155:do_switch$1450$rdmux[0][6][21]$b$6072 [2] $memory$auto$proc_rom.cc:155:do_switch$1450$rdmux[0][6][21]$b$6072 [2] $memory$auto$proc_rom.cc:155:do_switch$1450$rdmux[0][6][21]$b$6072 [2] 1'1 }, Y={ $memory$auto$proc_rom.cc:155:do_switch$1450$rdmux[0][5][10]$b$5943 [5:2] $memory$auto$proc_rom.cc:155:do_switch$1450$rdmux[0][5][10]$b$5943 [0] }
      New connections: { $memory$auto$proc_rom.cc:155:do_switch$1450$rdmux[0][5][10]$b$5943 [9:6] $memory$auto$proc_rom.cc:155:do_switch$1450$rdmux[0][5][10]$b$5943 [1] } = { 4'0110 $memory$auto$proc_rom.cc:155:do_switch$1450$rdmux[0][5][10]$b$5943 [0] }
    Consolidated identical input bits for $mux cell $memory$auto$proc_rom.cc:155:do_switch$1450$rdmux[0][6][20]$6067:
      Old ports: A=$memory$auto$proc_rom.cc:155:do_switch$1450$rdmux[0][6][20]$a$6068, B=$memory$auto$proc_rom.cc:155:do_switch$1450$rdmux[0][6][20]$b$6069, Y=$memory$auto$proc_rom.cc:155:do_switch$1450$rdmux[0][5][10]$a$5942
      New ports: A={ $memory$auto$proc_rom.cc:155:do_switch$1450$rdmux[0][6][20]$a$6068 [2] 1'1 }, B={ $memory$auto$proc_rom.cc:155:do_switch$1450$rdmux[0][6][20]$b$6069 [2] 1'0 }, Y={ $memory$auto$proc_rom.cc:155:do_switch$1450$rdmux[0][5][10]$a$5942 [2] $memory$auto$proc_rom.cc:155:do_switch$1450$rdmux[0][5][10]$a$5942 [0] }
      New connections: { $memory$auto$proc_rom.cc:155:do_switch$1450$rdmux[0][5][10]$a$5942 [9:3] $memory$auto$proc_rom.cc:155:do_switch$1450$rdmux[0][5][10]$a$5942 [1] } = { 6'011011 $memory$auto$proc_rom.cc:155:do_switch$1450$rdmux[0][5][10]$a$5942 [0] 1'0 }
    Consolidated identical input bits for $mux cell $memory$auto$proc_rom.cc:155:do_switch$1450$rdmux[0][6][19]$6064:
      Old ports: A=$memory$auto$proc_rom.cc:155:do_switch$1450$rdmux[0][6][19]$a$6065, B=$memory$auto$proc_rom.cc:155:do_switch$1450$rdmux[0][6][19]$b$6066, Y=$memory$auto$proc_rom.cc:155:do_switch$1450$rdmux[0][5][9]$b$5940
      New ports: A={ $memory$auto$proc_rom.cc:155:do_switch$1450$rdmux[0][6][19]$a$6065 [2] 1'1 }, B={ $memory$auto$proc_rom.cc:155:do_switch$1450$rdmux[0][6][19]$b$6066 [2] 1'0 }, Y={ $memory$auto$proc_rom.cc:155:do_switch$1450$rdmux[0][5][9]$b$5940 [2] $memory$auto$proc_rom.cc:155:do_switch$1450$rdmux[0][5][9]$b$5940 [0] }
      New connections: { $memory$auto$proc_rom.cc:155:do_switch$1450$rdmux[0][5][9]$b$5940 [9:3] $memory$auto$proc_rom.cc:155:do_switch$1450$rdmux[0][5][9]$b$5940 [1] } = { 6'011100 $memory$auto$proc_rom.cc:155:do_switch$1450$rdmux[0][5][9]$b$5940 [0] 1'1 }
    Consolidated identical input bits for $mux cell $memory$auto$proc_rom.cc:155:do_switch$1450$rdmux[0][6][18]$6061:
      Old ports: A=$memory$auto$proc_rom.cc:155:do_switch$1450$rdmux[0][6][18]$a$6062, B=$memory$auto$proc_rom.cc:155:do_switch$1450$rdmux[0][6][18]$b$6063, Y=$memory$auto$proc_rom.cc:155:do_switch$1450$rdmux[0][5][9]$a$5939
      New ports: A={ $memory$auto$proc_rom.cc:155:do_switch$1450$rdmux[0][6][18]$a$6062 [0] $memory$auto$proc_rom.cc:155:do_switch$1450$rdmux[0][6][18]$a$6062 [0] $memory$auto$proc_rom.cc:155:do_switch$1450$rdmux[0][6][18]$a$6062 [0] $memory$auto$proc_rom.cc:155:do_switch$1450$rdmux[0][6][18]$a$6062 [1:0] }, B={ 1'1 $memory$auto$proc_rom.cc:155:do_switch$1450$rdmux[0][6][18]$b$6063 [3:2] 2'00 }, Y=$memory$auto$proc_rom.cc:155:do_switch$1450$rdmux[0][5][9]$a$5939 [4:0]
      New connections: $memory$auto$proc_rom.cc:155:do_switch$1450$rdmux[0][5][9]$a$5939 [9:5] = { 4'0111 $memory$auto$proc_rom.cc:155:do_switch$1450$rdmux[0][5][9]$a$5939 [1] }
    Consolidated identical input bits for $mux cell $memory$auto$proc_rom.cc:155:do_switch$1450$rdmux[0][6][17]$6058:
      Old ports: A=$memory$auto$proc_rom.cc:155:do_switch$1450$rdmux[0][6][17]$a$6059, B=$memory$auto$proc_rom.cc:155:do_switch$1450$rdmux[0][6][17]$b$6060, Y=$memory$auto$proc_rom.cc:155:do_switch$1450$rdmux[0][5][8]$b$5937
      New ports: A={ 2'10 $memory$auto$proc_rom.cc:155:do_switch$1450$rdmux[0][6][17]$a$6059 [0] 1'0 $memory$auto$proc_rom.cc:155:do_switch$1450$rdmux[0][6][17]$a$6059 [0] }, B={ 1'0 $memory$auto$proc_rom.cc:155:do_switch$1450$rdmux[0][6][17]$b$6060 [3] 1'1 $memory$auto$proc_rom.cc:155:do_switch$1450$rdmux[0][6][17]$b$6060 [0] $memory$auto$proc_rom.cc:155:do_switch$1450$rdmux[0][6][17]$b$6060 [0] }, Y=$memory$auto$proc_rom.cc:155:do_switch$1450$rdmux[0][5][8]$b$5937 [4:0]
      New connections: $memory$auto$proc_rom.cc:155:do_switch$1450$rdmux[0][5][8]$b$5937 [9:5] = 5'01111
    Consolidated identical input bits for $mux cell $memory$auto$proc_rom.cc:155:do_switch$1450$rdmux[0][6][16]$6055:
      Old ports: A=$memory$auto$proc_rom.cc:155:do_switch$1450$rdmux[0][6][16]$a$6056, B=$memory$auto$proc_rom.cc:155:do_switch$1450$rdmux[0][6][16]$b$6057, Y=$memory$auto$proc_rom.cc:155:do_switch$1450$rdmux[0][5][8]$a$5936
      New ports: A={ 2'10 $memory$auto$proc_rom.cc:155:do_switch$1450$rdmux[0][6][16]$a$6056 [2:1] 1'0 }, B={ 2'01 $memory$auto$proc_rom.cc:155:do_switch$1450$rdmux[0][6][16]$b$6057 [0] 1'1 $memory$auto$proc_rom.cc:155:do_switch$1450$rdmux[0][6][16]$b$6057 [0] }, Y={ $memory$auto$proc_rom.cc:155:do_switch$1450$rdmux[0][5][8]$a$5936 [9] $memory$auto$proc_rom.cc:155:do_switch$1450$rdmux[0][5][8]$a$5936 [4] $memory$auto$proc_rom.cc:155:do_switch$1450$rdmux[0][5][8]$a$5936 [2:0] }
      New connections: { $memory$auto$proc_rom.cc:155:do_switch$1450$rdmux[0][5][8]$a$5936 [8:5] $memory$auto$proc_rom.cc:155:do_switch$1450$rdmux[0][5][8]$a$5936 [3] } = { $memory$auto$proc_rom.cc:155:do_switch$1450$rdmux[0][5][8]$a$5936 [4] $memory$auto$proc_rom.cc:155:do_switch$1450$rdmux[0][5][8]$a$5936 [4] $memory$auto$proc_rom.cc:155:do_switch$1450$rdmux[0][5][8]$a$5936 [4] $memory$auto$proc_rom.cc:155:do_switch$1450$rdmux[0][5][8]$a$5936 [4] $memory$auto$proc_rom.cc:155:do_switch$1450$rdmux[0][5][8]$a$5936 [1] }
    Consolidated identical input bits for $mux cell $memory$auto$proc_rom.cc:155:do_switch$1450$rdmux[0][6][15]$6052:
      Old ports: A=$memory$auto$proc_rom.cc:155:do_switch$1450$rdmux[0][6][15]$a$6053, B=$memory$auto$proc_rom.cc:155:do_switch$1450$rdmux[0][6][15]$b$6054, Y=$memory$auto$proc_rom.cc:155:do_switch$1450$rdmux[0][5][7]$b$5934
      New ports: A={ 1'1 $memory$auto$proc_rom.cc:155:do_switch$1450$rdmux[0][6][15]$a$6053 [1] $memory$auto$proc_rom.cc:155:do_switch$1450$rdmux[0][6][15]$a$6053 [1] 1'1 }, B={ $memory$auto$proc_rom.cc:155:do_switch$1450$rdmux[0][6][15]$b$6054 [4] 1'1 $memory$auto$proc_rom.cc:155:do_switch$1450$rdmux[0][6][15]$b$6054 [0] $memory$auto$proc_rom.cc:155:do_switch$1450$rdmux[0][6][15]$b$6054 [0] }, Y={ $memory$auto$proc_rom.cc:155:do_switch$1450$rdmux[0][5][7]$b$5934 [4] $memory$auto$proc_rom.cc:155:do_switch$1450$rdmux[0][5][7]$b$5934 [2:0] }
      New connections: { $memory$auto$proc_rom.cc:155:do_switch$1450$rdmux[0][5][7]$b$5934 [9:5] $memory$auto$proc_rom.cc:155:do_switch$1450$rdmux[0][5][7]$b$5934 [3] } = { 5'10000 $memory$auto$proc_rom.cc:155:do_switch$1450$rdmux[0][5][7]$b$5934 [0] }
    Consolidated identical input bits for $mux cell $memory$auto$proc_rom.cc:155:do_switch$1450$rdmux[0][6][14]$6049:
      Old ports: A=$memory$auto$proc_rom.cc:155:do_switch$1450$rdmux[0][6][14]$a$6050, B=$memory$auto$proc_rom.cc:155:do_switch$1450$rdmux[0][6][14]$b$6051, Y=$memory$auto$proc_rom.cc:155:do_switch$1450$rdmux[0][5][7]$a$5933
      New ports: A={ $memory$auto$proc_rom.cc:155:do_switch$1450$rdmux[0][6][14]$a$6050 [4] $memory$auto$proc_rom.cc:155:do_switch$1450$rdmux[0][6][14]$a$6050 [1] 1'1 $memory$auto$proc_rom.cc:155:do_switch$1450$rdmux[0][6][14]$a$6050 [1] 1'1 }, B={ 1'0 $memory$auto$proc_rom.cc:155:do_switch$1450$rdmux[0][6][14]$b$6051 [0] $memory$auto$proc_rom.cc:155:do_switch$1450$rdmux[0][6][14]$b$6051 [2] 1'0 $memory$auto$proc_rom.cc:155:do_switch$1450$rdmux[0][6][14]$b$6051 [0] }, Y=$memory$auto$proc_rom.cc:155:do_switch$1450$rdmux[0][5][7]$a$5933 [4:0]
      New connections: $memory$auto$proc_rom.cc:155:do_switch$1450$rdmux[0][5][7]$a$5933 [9:5] = 5'10001
    Consolidated identical input bits for $mux cell $memory$auto$proc_rom.cc:155:do_switch$1450$rdmux[0][6][13]$6046:
      Old ports: A=$memory$auto$proc_rom.cc:155:do_switch$1450$rdmux[0][6][13]$a$6047, B=$memory$auto$proc_rom.cc:155:do_switch$1450$rdmux[0][6][13]$b$6048, Y=$memory$auto$proc_rom.cc:155:do_switch$1450$rdmux[0][5][6]$b$5931
      New ports: A={ 2'10 $memory$auto$proc_rom.cc:155:do_switch$1450$rdmux[0][6][13]$a$6047 [0] $memory$auto$proc_rom.cc:155:do_switch$1450$rdmux[0][6][13]$a$6047 [2] 1'1 $memory$auto$proc_rom.cc:155:do_switch$1450$rdmux[0][6][13]$a$6047 [0] }, B={ $memory$auto$proc_rom.cc:155:do_switch$1450$rdmux[0][6][13]$b$6048 [6] $memory$auto$proc_rom.cc:155:do_switch$1450$rdmux[0][6][13]$b$6048 [1] $memory$auto$proc_rom.cc:155:do_switch$1450$rdmux[0][6][13]$b$6048 [1] 1'0 $memory$auto$proc_rom.cc:155:do_switch$1450$rdmux[0][6][13]$b$6048 [1] 1'0 }, Y={ $memory$auto$proc_rom.cc:155:do_switch$1450$rdmux[0][5][6]$b$5931 [6] $memory$auto$proc_rom.cc:155:do_switch$1450$rdmux[0][5][6]$b$5931 [4:0] }
      New connections: { $memory$auto$proc_rom.cc:155:do_switch$1450$rdmux[0][5][6]$b$5931 [9:7] $memory$auto$proc_rom.cc:155:do_switch$1450$rdmux[0][5][6]$b$5931 [5] } = { 3'100 $memory$auto$proc_rom.cc:155:do_switch$1450$rdmux[0][5][6]$b$5931 [4] }
    Consolidated identical input bits for $mux cell $memory$auto$proc_rom.cc:155:do_switch$1450$rdmux[0][6][12]$6043:
      Old ports: A=$memory$auto$proc_rom.cc:155:do_switch$1450$rdmux[0][6][12]$a$6044, B=$memory$auto$proc_rom.cc:155:do_switch$1450$rdmux[0][6][12]$b$6045, Y=$memory$auto$proc_rom.cc:155:do_switch$1450$rdmux[0][5][6]$a$5930
      New ports: A={ $memory$auto$proc_rom.cc:155:do_switch$1450$rdmux[0][6][12]$a$6044 [1] $memory$auto$proc_rom.cc:155:do_switch$1450$rdmux[0][6][12]$a$6044 [2] $memory$auto$proc_rom.cc:155:do_switch$1450$rdmux[0][6][12]$a$6044 [2] $memory$auto$proc_rom.cc:155:do_switch$1450$rdmux[0][6][12]$a$6044 [2:1] }, B={ 3'010 $memory$auto$proc_rom.cc:155:do_switch$1450$rdmux[0][6][12]$b$6045 [1] $memory$auto$proc_rom.cc:155:do_switch$1450$rdmux[0][6][12]$b$6045 [1] }, Y=$memory$auto$proc_rom.cc:155:do_switch$1450$rdmux[0][5][6]$a$5930 [5:1]
      New connections: { $memory$auto$proc_rom.cc:155:do_switch$1450$rdmux[0][5][6]$a$5930 [9:6] $memory$auto$proc_rom.cc:155:do_switch$1450$rdmux[0][5][6]$a$5930 [0] } = 5'10011
    Consolidated identical input bits for $mux cell $memory$auto$proc_rom.cc:155:do_switch$1450$rdmux[0][6][11]$6040:
      Old ports: A=$memory$auto$proc_rom.cc:155:do_switch$1450$rdmux[0][6][11]$a$6041, B=$memory$auto$proc_rom.cc:155:do_switch$1450$rdmux[0][6][11]$b$6042, Y=$memory$auto$proc_rom.cc:155:do_switch$1450$rdmux[0][5][5]$b$5928
      New ports: A={ 1'1 $memory$auto$proc_rom.cc:155:do_switch$1450$rdmux[0][6][11]$a$6041 [3] 1'1 $memory$auto$proc_rom.cc:155:do_switch$1450$rdmux[0][6][11]$a$6041 [1] 1'0 }, B={ $memory$auto$proc_rom.cc:155:do_switch$1450$rdmux[0][6][11]$b$6042 [4] $memory$auto$proc_rom.cc:155:do_switch$1450$rdmux[0][6][11]$b$6042 [0] 2'00 $memory$auto$proc_rom.cc:155:do_switch$1450$rdmux[0][6][11]$b$6042 [0] }, Y=$memory$auto$proc_rom.cc:155:do_switch$1450$rdmux[0][5][5]$b$5928 [4:0]
      New connections: $memory$auto$proc_rom.cc:155:do_switch$1450$rdmux[0][5][5]$b$5928 [9:5] = 5'10011
    Consolidated identical input bits for $mux cell $memory$auto$proc_rom.cc:155:do_switch$1450$rdmux[0][6][10]$6037:
      Old ports: A=$memory$auto$proc_rom.cc:155:do_switch$1450$rdmux[0][6][10]$a$6038, B=$memory$auto$proc_rom.cc:155:do_switch$1450$rdmux[0][6][10]$b$6039, Y=$memory$auto$proc_rom.cc:155:do_switch$1450$rdmux[0][5][5]$a$5927
      New ports: A={ 2'10 $memory$auto$proc_rom.cc:155:do_switch$1450$rdmux[0][6][10]$a$6038 [0] $memory$auto$proc_rom.cc:155:do_switch$1450$rdmux[0][6][10]$a$6038 [0] $memory$auto$proc_rom.cc:155:do_switch$1450$rdmux[0][6][10]$a$6038 [0] }, B={ 1'0 $memory$auto$proc_rom.cc:155:do_switch$1450$rdmux[0][6][10]$b$6039 [3] 1'0 $memory$auto$proc_rom.cc:155:do_switch$1450$rdmux[0][6][10]$b$6039 [1] 1'1 }, Y=$memory$auto$proc_rom.cc:155:do_switch$1450$rdmux[0][5][5]$a$5927 [4:0]
      New connections: $memory$auto$proc_rom.cc:155:do_switch$1450$rdmux[0][5][5]$a$5927 [9:5] = 5'10100
    Consolidated identical input bits for $mux cell $memory$auto$proc_rom.cc:155:do_switch$1450$rdmux[0][6][9]$6034:
      Old ports: A=$memory$auto$proc_rom.cc:155:do_switch$1450$rdmux[0][6][9]$a$6035, B=$memory$auto$proc_rom.cc:155:do_switch$1450$rdmux[0][6][9]$b$6036, Y=$memory$auto$proc_rom.cc:155:do_switch$1450$rdmux[0][5][4]$b$5925
      New ports: A={ 1'1 $memory$auto$proc_rom.cc:155:do_switch$1450$rdmux[0][6][9]$a$6035 [4] 2'01 $memory$auto$proc_rom.cc:155:do_switch$1450$rdmux[0][6][9]$a$6035 [0] }, B={ $memory$auto$proc_rom.cc:155:do_switch$1450$rdmux[0][6][9]$b$6036 [5] $memory$auto$proc_rom.cc:155:do_switch$1450$rdmux[0][6][9]$b$6036 [0] 2'10 $memory$auto$proc_rom.cc:155:do_switch$1450$rdmux[0][6][9]$b$6036 [0] }, Y={ $memory$auto$proc_rom.cc:155:do_switch$1450$rdmux[0][5][4]$b$5925 [5:4] $memory$auto$proc_rom.cc:155:do_switch$1450$rdmux[0][5][4]$b$5925 [2:0] }
      New connections: { $memory$auto$proc_rom.cc:155:do_switch$1450$rdmux[0][5][4]$b$5925 [9:6] $memory$auto$proc_rom.cc:155:do_switch$1450$rdmux[0][5][4]$b$5925 [3] } = { 4'1010 $memory$auto$proc_rom.cc:155:do_switch$1450$rdmux[0][5][4]$b$5925 [0] }
    Consolidated identical input bits for $mux cell $memory$auto$proc_rom.cc:155:do_switch$1450$rdmux[0][6][8]$6031:
      Old ports: A=$memory$auto$proc_rom.cc:155:do_switch$1450$rdmux[0][6][8]$a$6032, B=$memory$auto$proc_rom.cc:155:do_switch$1450$rdmux[0][6][8]$b$6033, Y=$memory$auto$proc_rom.cc:155:do_switch$1450$rdmux[0][5][4]$a$5924
      New ports: A={ 2'10 $memory$auto$proc_rom.cc:155:do_switch$1450$rdmux[0][6][8]$a$6032 [3] 2'11 }, B={ $memory$auto$proc_rom.cc:155:do_switch$1450$rdmux[0][6][8]$b$6033 [6] $memory$auto$proc_rom.cc:155:do_switch$1450$rdmux[0][6][8]$b$6033 [0] $memory$auto$proc_rom.cc:155:do_switch$1450$rdmux[0][6][8]$b$6033 [0] 1'0 $memory$auto$proc_rom.cc:155:do_switch$1450$rdmux[0][6][8]$b$6033 [0] }, Y={ $memory$auto$proc_rom.cc:155:do_switch$1450$rdmux[0][5][4]$a$5924 [6] $memory$auto$proc_rom.cc:155:do_switch$1450$rdmux[0][5][4]$a$5924 [4:3] $memory$auto$proc_rom.cc:155:do_switch$1450$rdmux[0][5][4]$a$5924 [1:0] }
      New connections: { $memory$auto$proc_rom.cc:155:do_switch$1450$rdmux[0][5][4]$a$5924 [9:7] $memory$auto$proc_rom.cc:155:do_switch$1450$rdmux[0][5][4]$a$5924 [5] $memory$auto$proc_rom.cc:155:do_switch$1450$rdmux[0][5][4]$a$5924 [2] } = { 3'101 $memory$auto$proc_rom.cc:155:do_switch$1450$rdmux[0][5][4]$a$5924 [4] $memory$auto$proc_rom.cc:155:do_switch$1450$rdmux[0][5][4]$a$5924 [1] }
    Consolidated identical input bits for $mux cell $memory$auto$proc_rom.cc:155:do_switch$1450$rdmux[0][6][7]$6028:
      Old ports: A=$memory$auto$proc_rom.cc:155:do_switch$1450$rdmux[0][6][7]$a$6029, B=$memory$auto$proc_rom.cc:155:do_switch$1450$rdmux[0][6][7]$b$6030, Y=$memory$auto$proc_rom.cc:155:do_switch$1450$rdmux[0][5][3]$b$5922
      New ports: A={ $memory$auto$proc_rom.cc:155:do_switch$1450$rdmux[0][6][7]$a$6029 [3] 2'01 }, B={ $memory$auto$proc_rom.cc:155:do_switch$1450$rdmux[0][6][7]$b$6030 [3] 2'10 }, Y={ $memory$auto$proc_rom.cc:155:do_switch$1450$rdmux[0][5][3]$b$5922 [3] $memory$auto$proc_rom.cc:155:do_switch$1450$rdmux[0][5][3]$b$5922 [1:0] }
      New connections: { $memory$auto$proc_rom.cc:155:do_switch$1450$rdmux[0][5][3]$b$5922 [9:4] $memory$auto$proc_rom.cc:155:do_switch$1450$rdmux[0][5][3]$b$5922 [2] } = { 4'1011 $memory$auto$proc_rom.cc:155:do_switch$1450$rdmux[0][5][3]$b$5922 [0] $memory$auto$proc_rom.cc:155:do_switch$1450$rdmux[0][5][3]$b$5922 [1] 1'1 }
    Consolidated identical input bits for $mux cell $memory$auto$proc_rom.cc:155:do_switch$1450$rdmux[0][6][6]$6025:
      Old ports: A=$memory$auto$proc_rom.cc:155:do_switch$1450$rdmux[0][6][6]$a$6026, B=$memory$auto$proc_rom.cc:155:do_switch$1450$rdmux[0][6][6]$b$6027, Y=$memory$auto$proc_rom.cc:155:do_switch$1450$rdmux[0][5][3]$a$5921
      New ports: A={ 2'10 $memory$auto$proc_rom.cc:155:do_switch$1450$rdmux[0][6][6]$a$6026 [3] }, B={ 2'01 $memory$auto$proc_rom.cc:155:do_switch$1450$rdmux[0][6][6]$b$6027 [3] }, Y={ $memory$auto$proc_rom.cc:155:do_switch$1450$rdmux[0][5][3]$a$5921 [8] $memory$auto$proc_rom.cc:155:do_switch$1450$rdmux[0][5][3]$a$5921 [4:3] }
      New connections: { $memory$auto$proc_rom.cc:155:do_switch$1450$rdmux[0][5][3]$a$5921 [9] $memory$auto$proc_rom.cc:155:do_switch$1450$rdmux[0][5][3]$a$5921 [7:5] $memory$auto$proc_rom.cc:155:do_switch$1450$rdmux[0][5][3]$a$5921 [2:0] } = { 1'1 $memory$auto$proc_rom.cc:155:do_switch$1450$rdmux[0][5][3]$a$5921 [4] $memory$auto$proc_rom.cc:155:do_switch$1450$rdmux[0][5][3]$a$5921 [4] $memory$auto$proc_rom.cc:155:do_switch$1450$rdmux[0][5][3]$a$5921 [4] 3'101 }
    Consolidated identical input bits for $mux cell $memory$auto$proc_rom.cc:155:do_switch$1450$rdmux[0][6][5]$6022:
      Old ports: A=$memory$auto$proc_rom.cc:155:do_switch$1450$rdmux[0][6][5]$a$6023, B=$memory$auto$proc_rom.cc:155:do_switch$1450$rdmux[0][6][5]$b$6024, Y=$memory$auto$proc_rom.cc:155:do_switch$1450$rdmux[0][5][2]$b$5919
      New ports: A={ 2'10 $memory$auto$proc_rom.cc:155:do_switch$1450$rdmux[0][6][5]$a$6023 [0] 1'1 $memory$auto$proc_rom.cc:155:do_switch$1450$rdmux[0][6][5]$a$6023 [0] }, B={ 2'01 $memory$auto$proc_rom.cc:155:do_switch$1450$rdmux[0][6][5]$b$6024 [1] $memory$auto$proc_rom.cc:155:do_switch$1450$rdmux[0][6][5]$b$6024 [1:0] }, Y={ $memory$auto$proc_rom.cc:155:do_switch$1450$rdmux[0][5][2]$b$5919 [5:3] $memory$auto$proc_rom.cc:155:do_switch$1450$rdmux[0][5][2]$b$5919 [1:0] }
      New connections: { $memory$auto$proc_rom.cc:155:do_switch$1450$rdmux[0][5][2]$b$5919 [9:6] $memory$auto$proc_rom.cc:155:do_switch$1450$rdmux[0][5][2]$b$5919 [2] } = 5'11001
    Consolidated identical input bits for $mux cell $memory$auto$proc_rom.cc:155:do_switch$1450$rdmux[0][6][4]$6019:
      Old ports: A=$memory$auto$proc_rom.cc:155:do_switch$1450$rdmux[0][6][4]$a$6020, B=$memory$auto$proc_rom.cc:155:do_switch$1450$rdmux[0][6][4]$b$6021, Y=$memory$auto$proc_rom.cc:155:do_switch$1450$rdmux[0][5][2]$a$5918
      New ports: A={ 2'10 $memory$auto$proc_rom.cc:155:do_switch$1450$rdmux[0][6][4]$a$6020 [0] $memory$auto$proc_rom.cc:155:do_switch$1450$rdmux[0][6][4]$a$6020 [3] 1'1 $memory$auto$proc_rom.cc:155:do_switch$1450$rdmux[0][6][4]$a$6020 [0] }, B={ $memory$auto$proc_rom.cc:155:do_switch$1450$rdmux[0][6][4]$b$6021 [0] $memory$auto$proc_rom.cc:155:do_switch$1450$rdmux[0][6][4]$b$6021 [3] $memory$auto$proc_rom.cc:155:do_switch$1450$rdmux[0][6][4]$b$6021 [3] $memory$auto$proc_rom.cc:155:do_switch$1450$rdmux[0][6][4]$b$6021 [3] 1'0 $memory$auto$proc_rom.cc:155:do_switch$1450$rdmux[0][6][4]$b$6021 [0] }, Y={ $memory$auto$proc_rom.cc:155:do_switch$1450$rdmux[0][5][2]$a$5918 [6:3] $memory$auto$proc_rom.cc:155:do_switch$1450$rdmux[0][5][2]$a$5918 [1:0] }
      New connections: { $memory$auto$proc_rom.cc:155:do_switch$1450$rdmux[0][5][2]$a$5918 [9:7] $memory$auto$proc_rom.cc:155:do_switch$1450$rdmux[0][5][2]$a$5918 [2] } = 4'1100
    Consolidated identical input bits for $mux cell $memory$auto$proc_rom.cc:155:do_switch$1450$rdmux[0][6][3]$6016:
      Old ports: A=$memory$auto$proc_rom.cc:155:do_switch$1450$rdmux[0][6][3]$a$6017, B=$memory$auto$proc_rom.cc:155:do_switch$1450$rdmux[0][6][3]$b$6018, Y=$memory$auto$proc_rom.cc:155:do_switch$1450$rdmux[0][5][1]$b$5916
      New ports: A={ $memory$auto$proc_rom.cc:155:do_switch$1450$rdmux[0][6][3]$a$6017 [4] 1'1 $memory$auto$proc_rom.cc:155:do_switch$1450$rdmux[0][6][3]$a$6017 [1] $memory$auto$proc_rom.cc:155:do_switch$1450$rdmux[0][6][3]$a$6017 [1] 1'1 }, B={ $memory$auto$proc_rom.cc:155:do_switch$1450$rdmux[0][6][3]$b$6018 [3] $memory$auto$proc_rom.cc:155:do_switch$1450$rdmux[0][6][3]$b$6018 [3] 2'10 $memory$auto$proc_rom.cc:155:do_switch$1450$rdmux[0][6][3]$b$6018 [0] }, Y=$memory$auto$proc_rom.cc:155:do_switch$1450$rdmux[0][5][1]$b$5916 [4:0]
      New connections: $memory$auto$proc_rom.cc:155:do_switch$1450$rdmux[0][5][1]$b$5916 [9:5] = { 4'1101 $memory$auto$proc_rom.cc:155:do_switch$1450$rdmux[0][5][1]$b$5916 [0] }
    Consolidated identical input bits for $mux cell $memory$auto$proc_rom.cc:155:do_switch$1450$rdmux[0][6][2]$6013:
      Old ports: A=$memory$auto$proc_rom.cc:155:do_switch$1450$rdmux[0][6][2]$a$6014, B=$memory$auto$proc_rom.cc:155:do_switch$1450$rdmux[0][6][2]$b$6015, Y=$memory$auto$proc_rom.cc:155:do_switch$1450$rdmux[0][5][1]$a$5915
      New ports: A={ $memory$auto$proc_rom.cc:155:do_switch$1450$rdmux[0][6][2]$a$6014 [5] $memory$auto$proc_rom.cc:155:do_switch$1450$rdmux[0][6][2]$a$6014 [1] 1'0 $memory$auto$proc_rom.cc:155:do_switch$1450$rdmux[0][6][2]$a$6014 [1] $memory$auto$proc_rom.cc:155:do_switch$1450$rdmux[0][6][2]$a$6014 [1] }, B={ 2'00 $memory$auto$proc_rom.cc:155:do_switch$1450$rdmux[0][6][2]$b$6015 [2] $memory$auto$proc_rom.cc:155:do_switch$1450$rdmux[0][6][2]$b$6015 [2:1] }, Y=$memory$auto$proc_rom.cc:155:do_switch$1450$rdmux[0][5][1]$a$5915 [5:1]
      New connections: { $memory$auto$proc_rom.cc:155:do_switch$1450$rdmux[0][5][1]$a$5915 [9:6] $memory$auto$proc_rom.cc:155:do_switch$1450$rdmux[0][5][1]$a$5915 [0] } = 5'11101
    Consolidated identical input bits for $mux cell $memory$auto$proc_rom.cc:155:do_switch$1450$rdmux[0][6][1]$6010:
      Old ports: A=$memory$auto$proc_rom.cc:155:do_switch$1450$rdmux[0][6][1]$a$6011, B=$memory$auto$proc_rom.cc:155:do_switch$1450$rdmux[0][6][1]$b$6012, Y=$memory$auto$proc_rom.cc:155:do_switch$1450$rdmux[0][5][0]$b$5913
      New ports: A={ 2'10 $memory$auto$proc_rom.cc:155:do_switch$1450$rdmux[0][6][1]$a$6011 [2] $memory$auto$proc_rom.cc:155:do_switch$1450$rdmux[0][6][1]$a$6011 [2] 1'0 $memory$auto$proc_rom.cc:155:do_switch$1450$rdmux[0][6][1]$a$6011 [0] }, B={ 2'01 $memory$auto$proc_rom.cc:155:do_switch$1450$rdmux[0][6][1]$b$6012 [3] 1'1 $memory$auto$proc_rom.cc:155:do_switch$1450$rdmux[0][6][1]$b$6012 [1] 1'0 }, Y={ $memory$auto$proc_rom.cc:155:do_switch$1450$rdmux[0][5][0]$b$5913 [6:5] $memory$auto$proc_rom.cc:155:do_switch$1450$rdmux[0][5][0]$b$5913 [3:0] }
      New connections: { $memory$auto$proc_rom.cc:155:do_switch$1450$rdmux[0][5][0]$b$5913 [9:7] $memory$auto$proc_rom.cc:155:do_switch$1450$rdmux[0][5][0]$b$5913 [4] } = { 3'111 $memory$auto$proc_rom.cc:155:do_switch$1450$rdmux[0][5][0]$b$5913 [1] }
    Consolidated identical input bits for $mux cell $memory$auto$proc_rom.cc:155:do_switch$1450$rdmux[0][6][0]$6007:
      Old ports: A=$memory$auto$proc_rom.cc:155:do_switch$1450$rdmux[0][6][0]$a$6008, B=$memory$auto$proc_rom.cc:155:do_switch$1450$rdmux[0][6][0]$b$6009, Y=$memory$auto$proc_rom.cc:155:do_switch$1450$rdmux[0][5][0]$a$5912
      New ports: A={ 1'1 $memory$auto$proc_rom.cc:155:do_switch$1450$rdmux[0][6][0]$a$6008 [4] 1'1 $memory$auto$proc_rom.cc:155:do_switch$1450$rdmux[0][6][0]$a$6008 [2] 1'0 }, B={ $memory$auto$proc_rom.cc:155:do_switch$1450$rdmux[0][6][0]$b$6009 [5] $memory$auto$proc_rom.cc:155:do_switch$1450$rdmux[0][6][0]$b$6009 [2] 1'0 $memory$auto$proc_rom.cc:155:do_switch$1450$rdmux[0][6][0]$b$6009 [2] 1'1 }, Y={ $memory$auto$proc_rom.cc:155:do_switch$1450$rdmux[0][5][0]$a$5912 [5:2] $memory$auto$proc_rom.cc:155:do_switch$1450$rdmux[0][5][0]$a$5912 [0] }
      New connections: { $memory$auto$proc_rom.cc:155:do_switch$1450$rdmux[0][5][0]$a$5912 [9:6] $memory$auto$proc_rom.cc:155:do_switch$1450$rdmux[0][5][0]$a$5912 [1] } = 5'11111
    Consolidated identical input bits for $mux cell $procmux$2451:
      Old ports: A=$8\approximate_rsqrt$func$rtl/fp16_rsqrt_lut256.sv:79$229.leading_one[31:0]$341, B=8, Y=$9\approximate_rsqrt$func$rtl/fp16_rsqrt_lut256.sv:79$229.leading_one[31:0]$344
      New ports: A={ $8\approximate_rsqrt$func$rtl/fp16_rsqrt_lut256.sv:79$229.leading_one[31:0]$341 [1] 1'1 }, B=2'00, Y=$9\approximate_rsqrt$func$rtl/fp16_rsqrt_lut256.sv:79$229.leading_one[31:0]$344 [1:0]
      New connections: $9\approximate_rsqrt$func$rtl/fp16_rsqrt_lut256.sv:79$229.leading_one[31:0]$344 [31:2] = { $9\approximate_rsqrt$func$rtl/fp16_rsqrt_lut256.sv:79$229.leading_one[31:0]$344 [1] $9\approximate_rsqrt$func$rtl/fp16_rsqrt_lut256.sv:79$229.leading_one[31:0]$344 [1] $9\approximate_rsqrt$func$rtl/fp16_rsqrt_lut256.sv:79$229.leading_one[31:0]$344 [1] $9\approximate_rsqrt$func$rtl/fp16_rsqrt_lut256.sv:79$229.leading_one[31:0]$344 [1] $9\approximate_rsqrt$func$rtl/fp16_rsqrt_lut256.sv:79$229.leading_one[31:0]$344 [1] $9\approximate_rsqrt$func$rtl/fp16_rsqrt_lut256.sv:79$229.leading_one[31:0]$344 [1] $9\approximate_rsqrt$func$rtl/fp16_rsqrt_lut256.sv:79$229.leading_one[31:0]$344 [1] $9\approximate_rsqrt$func$rtl/fp16_rsqrt_lut256.sv:79$229.leading_one[31:0]$344 [1] $9\approximate_rsqrt$func$rtl/fp16_rsqrt_lut256.sv:79$229.leading_one[31:0]$344 [1] $9\approximate_rsqrt$func$rtl/fp16_rsqrt_lut256.sv:79$229.leading_one[31:0]$344 [1] $9\approximate_rsqrt$func$rtl/fp16_rsqrt_lut256.sv:79$229.leading_one[31:0]$344 [1] $9\approximate_rsqrt$func$rtl/fp16_rsqrt_lut256.sv:79$229.leading_one[31:0]$344 [1] $9\approximate_rsqrt$func$rtl/fp16_rsqrt_lut256.sv:79$229.leading_one[31:0]$344 [1] $9\approximate_rsqrt$func$rtl/fp16_rsqrt_lut256.sv:79$229.leading_one[31:0]$344 [1] $9\approximate_rsqrt$func$rtl/fp16_rsqrt_lut256.sv:79$229.leading_one[31:0]$344 [1] $9\approximate_rsqrt$func$rtl/fp16_rsqrt_lut256.sv:79$229.leading_one[31:0]$344 [1] $9\approximate_rsqrt$func$rtl/fp16_rsqrt_lut256.sv:79$229.leading_one[31:0]$344 [1] $9\approximate_rsqrt$func$rtl/fp16_rsqrt_lut256.sv:79$229.leading_one[31:0]$344 [1] $9\approximate_rsqrt$func$rtl/fp16_rsqrt_lut256.sv:79$229.leading_one[31:0]$344 [1] $9\approximate_rsqrt$func$rtl/fp16_rsqrt_lut256.sv:79$229.leading_one[31:0]$344 [1] $9\approximate_rsqrt$func$rtl/fp16_rsqrt_lut256.sv:79$229.leading_one[31:0]$344 [1] $9\approximate_rsqrt$func$rtl/fp16_rsqrt_lut256.sv:79$229.leading_one[31:0]$344 [1] $9\approximate_rsqrt$func$rtl/fp16_rsqrt_lut256.sv:79$229.leading_one[31:0]$344 [1] $9\approximate_rsqrt$func$rtl/fp16_rsqrt_lut256.sv:79$229.leading_one[31:0]$344 [1] $9\approximate_rsqrt$func$rtl/fp16_rsqrt_lut256.sv:79$229.leading_one[31:0]$344 [1] $9\approximate_rsqrt$func$rtl/fp16_rsqrt_lut256.sv:79$229.leading_one[31:0]$344 [1] $9\approximate_rsqrt$func$rtl/fp16_rsqrt_lut256.sv:79$229.leading_one[31:0]$344 [1] $9\approximate_rsqrt$func$rtl/fp16_rsqrt_lut256.sv:79$229.leading_one[31:0]$344 [1] 1'1 $9\approximate_rsqrt$func$rtl/fp16_rsqrt_lut256.sv:79$229.leading_one[31:0]$344 [1] }
  Optimizing cells in module \fp16_rsqrt_lut256.
    Consolidated identical input bits for $mux cell $memory$auto$proc_rom.cc:155:do_switch$1450$rdmux[0][5][31]$6004:
      Old ports: A=$memory$auto$proc_rom.cc:155:do_switch$1450$rdmux[0][5][31]$a$6005, B=$memory$auto$proc_rom.cc:155:do_switch$1450$rdmux[0][5][31]$b$6006, Y=$memory$auto$proc_rom.cc:155:do_switch$1450$rdmux[0][4][15]$b$5910
      New ports: A=$memory$auto$proc_rom.cc:155:do_switch$1450$rdmux[0][5][31]$a$6005 [3:0], B={ 1'0 $memory$auto$proc_rom.cc:155:do_switch$1450$rdmux[0][5][31]$b$6006 [2:0] }, Y=$memory$auto$proc_rom.cc:155:do_switch$1450$rdmux[0][4][15]$b$5910 [3:0]
      New connections: $memory$auto$proc_rom.cc:155:do_switch$1450$rdmux[0][4][15]$b$5910 [9:4] = 6'000000
    Consolidated identical input bits for $mux cell $memory$auto$proc_rom.cc:155:do_switch$1450$rdmux[0][5][30]$6001:
      Old ports: A=$memory$auto$proc_rom.cc:155:do_switch$1450$rdmux[0][5][30]$a$6002, B=$memory$auto$proc_rom.cc:155:do_switch$1450$rdmux[0][5][30]$b$6003, Y=$memory$auto$proc_rom.cc:155:do_switch$1450$rdmux[0][4][15]$a$5909
      New ports: A={ 1'1 $memory$auto$proc_rom.cc:155:do_switch$1450$rdmux[0][5][30]$a$6002 [3:0] }, B={ $memory$auto$proc_rom.cc:155:do_switch$1450$rdmux[0][5][30]$b$6003 [4] $memory$auto$proc_rom.cc:155:do_switch$1450$rdmux[0][5][30]$b$6003 [0] $memory$auto$proc_rom.cc:155:do_switch$1450$rdmux[0][5][30]$b$6003 [0] $memory$auto$proc_rom.cc:155:do_switch$1450$rdmux[0][5][30]$b$6003 [1:0] }, Y=$memory$auto$proc_rom.cc:155:do_switch$1450$rdmux[0][4][15]$a$5909 [4:0]
      New connections: $memory$auto$proc_rom.cc:155:do_switch$1450$rdmux[0][4][15]$a$5909 [9:5] = 5'00000
    Consolidated identical input bits for $mux cell $memory$auto$proc_rom.cc:155:do_switch$1450$rdmux[0][5][29]$5998:
      Old ports: A=$memory$auto$proc_rom.cc:155:do_switch$1450$rdmux[0][5][29]$a$5999, B=$memory$auto$proc_rom.cc:155:do_switch$1450$rdmux[0][5][29]$b$6000, Y=$memory$auto$proc_rom.cc:155:do_switch$1450$rdmux[0][4][14]$b$5907
      New ports: A={ 2'10 $memory$auto$proc_rom.cc:155:do_switch$1450$rdmux[0][5][29]$a$5999 [2:0] }, B={ 2'01 $memory$auto$proc_rom.cc:155:do_switch$1450$rdmux[0][5][29]$b$6000 [2:0] }, Y={ $memory$auto$proc_rom.cc:155:do_switch$1450$rdmux[0][4][14]$b$5907 [5] $memory$auto$proc_rom.cc:155:do_switch$1450$rdmux[0][4][14]$b$5907 [3:0] }
      New connections: { $memory$auto$proc_rom.cc:155:do_switch$1450$rdmux[0][4][14]$b$5907 [9:6] $memory$auto$proc_rom.cc:155:do_switch$1450$rdmux[0][4][14]$b$5907 [4] } = { 4'0000 $memory$auto$proc_rom.cc:155:do_switch$1450$rdmux[0][4][14]$b$5907 [3] }
    Consolidated identical input bits for $mux cell $memory$auto$proc_rom.cc:155:do_switch$1450$rdmux[0][5][28]$5995:
      Old ports: A=$memory$auto$proc_rom.cc:155:do_switch$1450$rdmux[0][5][28]$a$5996, B=$memory$auto$proc_rom.cc:155:do_switch$1450$rdmux[0][5][28]$b$5997, Y=$memory$auto$proc_rom.cc:155:do_switch$1450$rdmux[0][4][14]$a$5906
      New ports: A={ $memory$auto$proc_rom.cc:155:do_switch$1450$rdmux[0][5][28]$a$5996 [4] $memory$auto$proc_rom.cc:155:do_switch$1450$rdmux[0][5][28]$a$5996 [2] $memory$auto$proc_rom.cc:155:do_switch$1450$rdmux[0][5][28]$a$5996 [2:0] }, B={ 1'0 $memory$auto$proc_rom.cc:155:do_switch$1450$rdmux[0][5][28]$b$5997 [3:0] }, Y=$memory$auto$proc_rom.cc:155:do_switch$1450$rdmux[0][4][14]$a$5906 [4:0]
      New connections: $memory$auto$proc_rom.cc:155:do_switch$1450$rdmux[0][4][14]$a$5906 [9:5] = 5'00001
    Consolidated identical input bits for $mux cell $memory$auto$proc_rom.cc:155:do_switch$1450$rdmux[0][5][27]$5992:
      Old ports: A=$memory$auto$proc_rom.cc:155:do_switch$1450$rdmux[0][5][27]$a$5993, B=$memory$auto$proc_rom.cc:155:do_switch$1450$rdmux[0][5][27]$b$5994, Y=$memory$auto$proc_rom.cc:155:do_switch$1450$rdmux[0][4][13]$b$5904
      New ports: A={ $memory$auto$proc_rom.cc:155:do_switch$1450$rdmux[0][5][27]$a$5993 [6] $memory$auto$proc_rom.cc:155:do_switch$1450$rdmux[0][5][27]$a$5993 [2] $memory$auto$proc_rom.cc:155:do_switch$1450$rdmux[0][5][27]$a$5993 [2] $memory$auto$proc_rom.cc:155:do_switch$1450$rdmux[0][5][27]$a$5993 [2:0] }, B={ 2'01 $memory$auto$proc_rom.cc:155:do_switch$1450$rdmux[0][5][27]$b$5994 [3:0] }, Y={ $memory$auto$proc_rom.cc:155:do_switch$1450$rdmux[0][4][13]$b$5904 [6] $memory$auto$proc_rom.cc:155:do_switch$1450$rdmux[0][4][13]$b$5904 [4:0] }
      New connections: { $memory$auto$proc_rom.cc:155:do_switch$1450$rdmux[0][4][13]$b$5904 [9:7] $memory$auto$proc_rom.cc:155:do_switch$1450$rdmux[0][4][13]$b$5904 [5] } = { 3'000 $memory$auto$proc_rom.cc:155:do_switch$1450$rdmux[0][4][13]$b$5904 [4] }
    Consolidated identical input bits for $mux cell $memory$auto$proc_rom.cc:155:do_switch$1450$rdmux[0][5][26]$5989:
      Old ports: A=$memory$auto$proc_rom.cc:155:do_switch$1450$rdmux[0][5][26]$a$5990, B=$memory$auto$proc_rom.cc:155:do_switch$1450$rdmux[0][5][26]$b$5991, Y=$memory$auto$proc_rom.cc:155:do_switch$1450$rdmux[0][4][13]$a$5903
      New ports: A={ $memory$auto$proc_rom.cc:155:do_switch$1450$rdmux[0][5][26]$a$5990 [4:1] 1'0 }, B={ 1'0 $memory$auto$proc_rom.cc:155:do_switch$1450$rdmux[0][5][26]$b$5991 [3:0] }, Y=$memory$auto$proc_rom.cc:155:do_switch$1450$rdmux[0][4][13]$a$5903 [4:0]
      New connections: $memory$auto$proc_rom.cc:155:do_switch$1450$rdmux[0][4][13]$a$5903 [9:5] = 5'00010
    Consolidated identical input bits for $mux cell $memory$auto$proc_rom.cc:155:do_switch$1450$rdmux[0][5][25]$5986:
      Old ports: A=$memory$auto$proc_rom.cc:155:do_switch$1450$rdmux[0][5][25]$a$5987, B=$memory$auto$proc_rom.cc:155:do_switch$1450$rdmux[0][5][25]$b$5988, Y=$memory$auto$proc_rom.cc:155:do_switch$1450$rdmux[0][4][12]$b$5901
      New ports: A={ 1'1 $memory$auto$proc_rom.cc:155:do_switch$1450$rdmux[0][5][25]$a$5987 [2:1] 1'1 }, B={ 1'0 $memory$auto$proc_rom.cc:155:do_switch$1450$rdmux[0][5][25]$b$5988 [2:0] }, Y=$memory$auto$proc_rom.cc:155:do_switch$1450$rdmux[0][4][12]$b$5901 [3:0]
      New connections: $memory$auto$proc_rom.cc:155:do_switch$1450$rdmux[0][4][12]$b$5901 [9:4] = 6'000101
    Consolidated identical input bits for $mux cell $memory$auto$proc_rom.cc:155:do_switch$1450$rdmux[0][5][24]$5983:
      Old ports: A=$memory$auto$proc_rom.cc:155:do_switch$1450$rdmux[0][5][24]$a$5984, B=$memory$auto$proc_rom.cc:155:do_switch$1450$rdmux[0][5][24]$b$5985, Y=$memory$auto$proc_rom.cc:155:do_switch$1450$rdmux[0][4][12]$a$5900
      New ports: A={ 1'1 $memory$auto$proc_rom.cc:155:do_switch$1450$rdmux[0][5][24]$a$5984 [2:1] }, B={ 1'0 $memory$auto$proc_rom.cc:155:do_switch$1450$rdmux[0][5][24]$b$5985 [2:1] }, Y=$memory$auto$proc_rom.cc:155:do_switch$1450$rdmux[0][4][12]$a$5900 [3:1]
      New connections: { $memory$auto$proc_rom.cc:155:do_switch$1450$rdmux[0][4][12]$a$5900 [9:4] $memory$auto$proc_rom.cc:155:do_switch$1450$rdmux[0][4][12]$a$5900 [0] } = 7'0001101
    Consolidated identical input bits for $mux cell $memory$auto$proc_rom.cc:155:do_switch$1450$rdmux[0][5][23]$5980:
      Old ports: A=$memory$auto$proc_rom.cc:155:do_switch$1450$rdmux[0][5][23]$a$5981, B=$memory$auto$proc_rom.cc:155:do_switch$1450$rdmux[0][5][23]$b$5982, Y=$memory$auto$proc_rom.cc:155:do_switch$1450$rdmux[0][4][11]$b$5898
      New ports: A={ $memory$auto$proc_rom.cc:155:do_switch$1450$rdmux[0][5][23]$a$5981 [7] $memory$auto$proc_rom.cc:155:do_switch$1450$rdmux[0][5][23]$a$5981 [3] $memory$auto$proc_rom.cc:155:do_switch$1450$rdmux[0][5][23]$a$5981 [3:0] }, B={ 3'010 $memory$auto$proc_rom.cc:155:do_switch$1450$rdmux[0][5][23]$b$5982 [2:1] 1'1 }, Y={ $memory$auto$proc_rom.cc:155:do_switch$1450$rdmux[0][4][11]$b$5898 [7] $memory$auto$proc_rom.cc:155:do_switch$1450$rdmux[0][4][11]$b$5898 [4:0] }
      New connections: { $memory$auto$proc_rom.cc:155:do_switch$1450$rdmux[0][4][11]$b$5898 [9:8] $memory$auto$proc_rom.cc:155:do_switch$1450$rdmux[0][4][11]$b$5898 [6:5] } = { 2'00 $memory$auto$proc_rom.cc:155:do_switch$1450$rdmux[0][4][11]$b$5898 [4] $memory$auto$proc_rom.cc:155:do_switch$1450$rdmux[0][4][11]$b$5898 [4] }
    Consolidated identical input bits for $mux cell $memory$auto$proc_rom.cc:155:do_switch$1450$rdmux[0][5][22]$5977:
      Old ports: A=$memory$auto$proc_rom.cc:155:do_switch$1450$rdmux[0][5][22]$a$5978, B=$memory$auto$proc_rom.cc:155:do_switch$1450$rdmux[0][5][22]$b$5979, Y=$memory$auto$proc_rom.cc:155:do_switch$1450$rdmux[0][4][11]$a$5897
      New ports: A={ $memory$auto$proc_rom.cc:155:do_switch$1450$rdmux[0][5][22]$a$5978 [4:1] 1'1 }, B={ 1'0 $memory$auto$proc_rom.cc:155:do_switch$1450$rdmux[0][5][22]$b$5979 [3:1] 1'0 }, Y=$memory$auto$proc_rom.cc:155:do_switch$1450$rdmux[0][4][11]$a$5897 [4:0]
      New connections: $memory$auto$proc_rom.cc:155:do_switch$1450$rdmux[0][4][11]$a$5897 [9:5] = 5'00100
    Consolidated identical input bits for $mux cell $memory$auto$proc_rom.cc:155:do_switch$1450$rdmux[0][5][21]$5974:
      Old ports: A=$memory$auto$proc_rom.cc:155:do_switch$1450$rdmux[0][5][21]$a$5975, B=$memory$auto$proc_rom.cc:155:do_switch$1450$rdmux[0][5][21]$b$5976, Y=$memory$auto$proc_rom.cc:155:do_switch$1450$rdmux[0][4][10]$b$5895
      New ports: A={ $memory$auto$proc_rom.cc:155:do_switch$1450$rdmux[0][5][21]$a$5975 [5] $memory$auto$proc_rom.cc:155:do_switch$1450$rdmux[0][5][21]$a$5975 [2] $memory$auto$proc_rom.cc:155:do_switch$1450$rdmux[0][5][21]$a$5975 [2] $memory$auto$proc_rom.cc:155:do_switch$1450$rdmux[0][5][21]$a$5975 [2:0] }, B={ 2'01 $memory$auto$proc_rom.cc:155:do_switch$1450$rdmux[0][5][21]$b$5976 [3:0] }, Y=$memory$auto$proc_rom.cc:155:do_switch$1450$rdmux[0][4][10]$b$5895 [5:0]
      New connections: $memory$auto$proc_rom.cc:155:do_switch$1450$rdmux[0][4][10]$b$5895 [9:6] = 4'0010
    Consolidated identical input bits for $mux cell $memory$auto$proc_rom.cc:155:do_switch$1450$rdmux[0][5][20]$5971:
      Old ports: A=$memory$auto$proc_rom.cc:155:do_switch$1450$rdmux[0][5][20]$a$5972, B=$memory$auto$proc_rom.cc:155:do_switch$1450$rdmux[0][5][20]$b$5973, Y=$memory$auto$proc_rom.cc:155:do_switch$1450$rdmux[0][4][10]$a$5894
      New ports: A=$memory$auto$proc_rom.cc:155:do_switch$1450$rdmux[0][5][20]$a$5972 [4:0], B={ 1'0 $memory$auto$proc_rom.cc:155:do_switch$1450$rdmux[0][5][20]$b$5973 [3:0] }, Y=$memory$auto$proc_rom.cc:155:do_switch$1450$rdmux[0][4][10]$a$5894 [4:0]
      New connections: $memory$auto$proc_rom.cc:155:do_switch$1450$rdmux[0][4][10]$a$5894 [9:5] = 5'00101
    Consolidated identical input bits for $mux cell $memory$auto$proc_rom.cc:155:do_switch$1450$rdmux[0][5][19]$5968:
      Old ports: A=$memory$auto$proc_rom.cc:155:do_switch$1450$rdmux[0][5][19]$a$5969, B=$memory$auto$proc_rom.cc:155:do_switch$1450$rdmux[0][5][19]$b$5970, Y=$memory$auto$proc_rom.cc:155:do_switch$1450$rdmux[0][4][9]$b$5892
      New ports: A={ 2'10 $memory$auto$proc_rom.cc:155:do_switch$1450$rdmux[0][5][19]$a$5969 [3:0] }, B={ $memory$auto$proc_rom.cc:155:do_switch$1450$rdmux[0][5][19]$b$5970 [6] $memory$auto$proc_rom.cc:155:do_switch$1450$rdmux[0][5][19]$b$5970 [3] $memory$auto$proc_rom.cc:155:do_switch$1450$rdmux[0][5][19]$b$5970 [3:0] }, Y={ $memory$auto$proc_rom.cc:155:do_switch$1450$rdmux[0][4][9]$b$5892 [6] $memory$auto$proc_rom.cc:155:do_switch$1450$rdmux[0][4][9]$b$5892 [4:0] }
      New connections: { $memory$auto$proc_rom.cc:155:do_switch$1450$rdmux[0][4][9]$b$5892 [9:7] $memory$auto$proc_rom.cc:155:do_switch$1450$rdmux[0][4][9]$b$5892 [5] } = { 3'001 $memory$auto$proc_rom.cc:155:do_switch$1450$rdmux[0][4][9]$b$5892 [4] }
    Consolidated identical input bits for $mux cell $memory$auto$proc_rom.cc:155:do_switch$1450$rdmux[0][5][18]$5965:
      Old ports: A=$memory$auto$proc_rom.cc:155:do_switch$1450$rdmux[0][5][18]$a$5966, B=$memory$auto$proc_rom.cc:155:do_switch$1450$rdmux[0][5][18]$b$5967, Y=$memory$auto$proc_rom.cc:155:do_switch$1450$rdmux[0][4][9]$a$5891
      New ports: A={ $memory$auto$proc_rom.cc:155:do_switch$1450$rdmux[0][5][18]$a$5966 [5] $memory$auto$proc_rom.cc:155:do_switch$1450$rdmux[0][5][18]$a$5966 [3] $memory$auto$proc_rom.cc:155:do_switch$1450$rdmux[0][5][18]$a$5966 [3:0] }, B={ 1'0 $memory$auto$proc_rom.cc:155:do_switch$1450$rdmux[0][5][18]$b$5967 [4:0] }, Y=$memory$auto$proc_rom.cc:155:do_switch$1450$rdmux[0][4][9]$a$5891 [5:0]
      New connections: $memory$auto$proc_rom.cc:155:do_switch$1450$rdmux[0][4][9]$a$5891 [9:6] = 4'0011
    Consolidated identical input bits for $mux cell $memory$auto$proc_rom.cc:155:do_switch$1450$rdmux[0][5][17]$5962:
      Old ports: A=$memory$auto$proc_rom.cc:155:do_switch$1450$rdmux[0][5][17]$a$5963, B=$memory$auto$proc_rom.cc:155:do_switch$1450$rdmux[0][5][17]$b$5964, Y=$memory$auto$proc_rom.cc:155:do_switch$1450$rdmux[0][4][8]$b$5889
      New ports: A=$memory$auto$proc_rom.cc:155:do_switch$1450$rdmux[0][5][17]$a$5963 [4:0], B={ 1'0 $memory$auto$proc_rom.cc:155:do_switch$1450$rdmux[0][5][17]$b$5964 [3:0] }, Y=$memory$auto$proc_rom.cc:155:do_switch$1450$rdmux[0][4][8]$b$5889 [4:0]
      New connections: $memory$auto$proc_rom.cc:155:do_switch$1450$rdmux[0][4][8]$b$5889 [9:5] = 5'00111
    Consolidated identical input bits for $mux cell $memory$auto$proc_rom.cc:155:do_switch$1450$rdmux[0][5][16]$5959:
      Old ports: A=$memory$auto$proc_rom.cc:155:do_switch$1450$rdmux[0][5][16]$a$5960, B=$memory$auto$proc_rom.cc:155:do_switch$1450$rdmux[0][5][16]$b$5961, Y=$memory$auto$proc_rom.cc:155:do_switch$1450$rdmux[0][4][8]$a$5888
      New ports: A={ 2'10 $memory$auto$proc_rom.cc:155:do_switch$1450$rdmux[0][5][16]$a$5960 [3:0] }, B={ $memory$auto$proc_rom.cc:155:do_switch$1450$rdmux[0][5][16]$b$5961 [8] $memory$auto$proc_rom.cc:155:do_switch$1450$rdmux[0][5][16]$b$5961 [3] $memory$auto$proc_rom.cc:155:do_switch$1450$rdmux[0][5][16]$b$5961 [3:0] }, Y={ $memory$auto$proc_rom.cc:155:do_switch$1450$rdmux[0][4][8]$a$5888 [8] $memory$auto$proc_rom.cc:155:do_switch$1450$rdmux[0][4][8]$a$5888 [4:0] }
      New connections: { $memory$auto$proc_rom.cc:155:do_switch$1450$rdmux[0][4][8]$a$5888 [9] $memory$auto$proc_rom.cc:155:do_switch$1450$rdmux[0][4][8]$a$5888 [7:5] } = { 1'0 $memory$auto$proc_rom.cc:155:do_switch$1450$rdmux[0][4][8]$a$5888 [4] $memory$auto$proc_rom.cc:155:do_switch$1450$rdmux[0][4][8]$a$5888 [4] $memory$auto$proc_rom.cc:155:do_switch$1450$rdmux[0][4][8]$a$5888 [4] }
    Consolidated identical input bits for $mux cell $memory$auto$proc_rom.cc:155:do_switch$1450$rdmux[0][5][15]$5956:
      Old ports: A=$memory$auto$proc_rom.cc:155:do_switch$1450$rdmux[0][5][15]$a$5957, B=$memory$auto$proc_rom.cc:155:do_switch$1450$rdmux[0][5][15]$b$5958, Y=$memory$auto$proc_rom.cc:155:do_switch$1450$rdmux[0][4][7]$b$5886
      New ports: A={ $memory$auto$proc_rom.cc:155:do_switch$1450$rdmux[0][5][15]$a$5957 [5] $memory$auto$proc_rom.cc:155:do_switch$1450$rdmux[0][5][15]$a$5957 [3] $memory$auto$proc_rom.cc:155:do_switch$1450$rdmux[0][5][15]$a$5957 [3:0] }, B={ 2'01 $memory$auto$proc_rom.cc:155:do_switch$1450$rdmux[0][5][15]$b$5958 [3:0] }, Y=$memory$auto$proc_rom.cc:155:do_switch$1450$rdmux[0][4][7]$b$5886 [5:0]
      New connections: $memory$auto$proc_rom.cc:155:do_switch$1450$rdmux[0][4][7]$b$5886 [9:6] = 4'0100
    Consolidated identical input bits for $mux cell $memory$auto$proc_rom.cc:155:do_switch$1450$rdmux[0][5][14]$5953:
      Old ports: A=$memory$auto$proc_rom.cc:155:do_switch$1450$rdmux[0][5][14]$a$5954, B=$memory$auto$proc_rom.cc:155:do_switch$1450$rdmux[0][5][14]$b$5955, Y=$memory$auto$proc_rom.cc:155:do_switch$1450$rdmux[0][4][7]$a$5885
      New ports: A={ $memory$auto$proc_rom.cc:155:do_switch$1450$rdmux[0][5][14]$a$5954 [6] $memory$auto$proc_rom.cc:155:do_switch$1450$rdmux[0][5][14]$a$5954 [1] $memory$auto$proc_rom.cc:155:do_switch$1450$rdmux[0][5][14]$a$5954 [1] $memory$auto$proc_rom.cc:155:do_switch$1450$rdmux[0][5][14]$a$5954 [3:0] }, B={ 2'01 $memory$auto$proc_rom.cc:155:do_switch$1450$rdmux[0][5][14]$b$5955 [4:0] }, Y=$memory$auto$proc_rom.cc:155:do_switch$1450$rdmux[0][4][7]$a$5885 [6:0]
      New connections: $memory$auto$proc_rom.cc:155:do_switch$1450$rdmux[0][4][7]$a$5885 [9:7] = 3'010
    Consolidated identical input bits for $mux cell $memory$auto$proc_rom.cc:155:do_switch$1450$rdmux[0][5][13]$5950:
      Old ports: A=$memory$auto$proc_rom.cc:155:do_switch$1450$rdmux[0][5][13]$a$5951, B=$memory$auto$proc_rom.cc:155:do_switch$1450$rdmux[0][5][13]$b$5952, Y=$memory$auto$proc_rom.cc:155:do_switch$1450$rdmux[0][4][6]$b$5883
      New ports: A={ 1'1 $memory$auto$proc_rom.cc:155:do_switch$1450$rdmux[0][5][13]$a$5951 [3:0] }, B={ 1'0 $memory$auto$proc_rom.cc:155:do_switch$1450$rdmux[0][5][13]$b$5952 [3:2] $memory$auto$proc_rom.cc:155:do_switch$1450$rdmux[0][5][13]$b$5952 [0] $memory$auto$proc_rom.cc:155:do_switch$1450$rdmux[0][5][13]$b$5952 [0] }, Y=$memory$auto$proc_rom.cc:155:do_switch$1450$rdmux[0][4][6]$b$5883 [4:0]
      New connections: $memory$auto$proc_rom.cc:155:do_switch$1450$rdmux[0][4][6]$b$5883 [9:5] = 5'01010
    Consolidated identical input bits for $mux cell $memory$auto$proc_rom.cc:155:do_switch$1450$rdmux[0][5][12]$5947:
      Old ports: A=$memory$auto$proc_rom.cc:155:do_switch$1450$rdmux[0][5][12]$a$5948, B=$memory$auto$proc_rom.cc:155:do_switch$1450$rdmux[0][5][12]$b$5949, Y=$memory$auto$proc_rom.cc:155:do_switch$1450$rdmux[0][4][6]$a$5882
      New ports: A={ 1'1 $memory$auto$proc_rom.cc:155:do_switch$1450$rdmux[0][5][12]$a$5948 [3:2] $memory$auto$proc_rom.cc:155:do_switch$1450$rdmux[0][5][12]$a$5948 [0] $memory$auto$proc_rom.cc:155:do_switch$1450$rdmux[0][5][12]$a$5948 [0] }, B={ 1'0 $memory$auto$proc_rom.cc:155:do_switch$1450$rdmux[0][5][12]$b$5949 [3:2] 1'0 $memory$auto$proc_rom.cc:155:do_switch$1450$rdmux[0][5][12]$b$5949 [0] }, Y=$memory$auto$proc_rom.cc:155:do_switch$1450$rdmux[0][4][6]$a$5882 [4:0]
      New connections: $memory$auto$proc_rom.cc:155:do_switch$1450$rdmux[0][4][6]$a$5882 [9:5] = 5'01011
    Consolidated identical input bits for $mux cell $memory$auto$proc_rom.cc:155:do_switch$1450$rdmux[0][5][11]$5944:
      Old ports: A=$memory$auto$proc_rom.cc:155:do_switch$1450$rdmux[0][5][11]$a$5945, B=$memory$auto$proc_rom.cc:155:do_switch$1450$rdmux[0][5][11]$b$5946, Y=$memory$auto$proc_rom.cc:155:do_switch$1450$rdmux[0][4][5]$b$5880
      New ports: A={ 2'10 $memory$auto$proc_rom.cc:155:do_switch$1450$rdmux[0][5][11]$a$5945 [4:2] }, B={ $memory$auto$proc_rom.cc:155:do_switch$1450$rdmux[0][5][11]$b$5946 [7] $memory$auto$proc_rom.cc:155:do_switch$1450$rdmux[0][5][11]$b$5946 [4] $memory$auto$proc_rom.cc:155:do_switch$1450$rdmux[0][5][11]$b$5946 [4:2] }, Y={ $memory$auto$proc_rom.cc:155:do_switch$1450$rdmux[0][4][5]$b$5880 [7] $memory$auto$proc_rom.cc:155:do_switch$1450$rdmux[0][4][5]$b$5880 [5:2] }
      New connections: { $memory$auto$proc_rom.cc:155:do_switch$1450$rdmux[0][4][5]$b$5880 [9:8] $memory$auto$proc_rom.cc:155:do_switch$1450$rdmux[0][4][5]$b$5880 [6] $memory$auto$proc_rom.cc:155:do_switch$1450$rdmux[0][4][5]$b$5880 [1:0] } = { 2'01 $memory$auto$proc_rom.cc:155:do_switch$1450$rdmux[0][4][5]$b$5880 [5] 2'11 }
    Consolidated identical input bits for $mux cell $memory$auto$proc_rom.cc:155:do_switch$1450$rdmux[0][5][10]$5941:
      Old ports: A=$memory$auto$proc_rom.cc:155:do_switch$1450$rdmux[0][5][10]$a$5942, B=$memory$auto$proc_rom.cc:155:do_switch$1450$rdmux[0][5][10]$b$5943, Y=$memory$auto$proc_rom.cc:155:do_switch$1450$rdmux[0][4][5]$a$5879
      New ports: A={ 2'11 $memory$auto$proc_rom.cc:155:do_switch$1450$rdmux[0][5][10]$a$5942 [0] $memory$auto$proc_rom.cc:155:do_switch$1450$rdmux[0][5][10]$a$5942 [2] 1'0 $memory$auto$proc_rom.cc:155:do_switch$1450$rdmux[0][5][10]$a$5942 [0] }, B={ $memory$auto$proc_rom.cc:155:do_switch$1450$rdmux[0][5][10]$b$5943 [5:2] $memory$auto$proc_rom.cc:155:do_switch$1450$rdmux[0][5][10]$b$5943 [0] $memory$auto$proc_rom.cc:155:do_switch$1450$rdmux[0][5][10]$b$5943 [0] }, Y=$memory$auto$proc_rom.cc:155:do_switch$1450$rdmux[0][4][5]$a$5879 [5:0]
      New connections: $memory$auto$proc_rom.cc:155:do_switch$1450$rdmux[0][4][5]$a$5879 [9:6] = 4'0110
    Consolidated identical input bits for $mux cell $memory$auto$proc_rom.cc:155:do_switch$1450$rdmux[0][5][9]$5938:
      Old ports: A=$memory$auto$proc_rom.cc:155:do_switch$1450$rdmux[0][5][9]$a$5939, B=$memory$auto$proc_rom.cc:155:do_switch$1450$rdmux[0][5][9]$b$5940, Y=$memory$auto$proc_rom.cc:155:do_switch$1450$rdmux[0][4][4]$b$5877
      New ports: A={ $memory$auto$proc_rom.cc:155:do_switch$1450$rdmux[0][5][9]$a$5939 [1] $memory$auto$proc_rom.cc:155:do_switch$1450$rdmux[0][5][9]$a$5939 [4:0] }, B={ 2'00 $memory$auto$proc_rom.cc:155:do_switch$1450$rdmux[0][5][9]$b$5940 [0] $memory$auto$proc_rom.cc:155:do_switch$1450$rdmux[0][5][9]$b$5940 [2] 1'1 $memory$auto$proc_rom.cc:155:do_switch$1450$rdmux[0][5][9]$b$5940 [0] }, Y=$memory$auto$proc_rom.cc:155:do_switch$1450$rdmux[0][4][4]$b$5877 [5:0]
      New connections: $memory$auto$proc_rom.cc:155:do_switch$1450$rdmux[0][4][4]$b$5877 [9:6] = 4'0111
    Consolidated identical input bits for $mux cell $memory$auto$proc_rom.cc:155:do_switch$1450$rdmux[0][5][8]$5935:
      Old ports: A=$memory$auto$proc_rom.cc:155:do_switch$1450$rdmux[0][5][8]$a$5936, B=$memory$auto$proc_rom.cc:155:do_switch$1450$rdmux[0][5][8]$b$5937, Y=$memory$auto$proc_rom.cc:155:do_switch$1450$rdmux[0][4][4]$a$5876
      New ports: A={ $memory$auto$proc_rom.cc:155:do_switch$1450$rdmux[0][5][8]$a$5936 [9] $memory$auto$proc_rom.cc:155:do_switch$1450$rdmux[0][5][8]$a$5936 [4] $memory$auto$proc_rom.cc:155:do_switch$1450$rdmux[0][5][8]$a$5936 [4] $memory$auto$proc_rom.cc:155:do_switch$1450$rdmux[0][5][8]$a$5936 [1] $memory$auto$proc_rom.cc:155:do_switch$1450$rdmux[0][5][8]$a$5936 [2:0] }, B={ 2'01 $memory$auto$proc_rom.cc:155:do_switch$1450$rdmux[0][5][8]$b$5937 [4:0] }, Y={ $memory$auto$proc_rom.cc:155:do_switch$1450$rdmux[0][4][4]$a$5876 [9] $memory$auto$proc_rom.cc:155:do_switch$1450$rdmux[0][4][4]$a$5876 [5:0] }
      New connections: $memory$auto$proc_rom.cc:155:do_switch$1450$rdmux[0][4][4]$a$5876 [8:6] = { $memory$auto$proc_rom.cc:155:do_switch$1450$rdmux[0][4][4]$a$5876 [5] $memory$auto$proc_rom.cc:155:do_switch$1450$rdmux[0][4][4]$a$5876 [5] $memory$auto$proc_rom.cc:155:do_switch$1450$rdmux[0][4][4]$a$5876 [5] }
    Consolidated identical input bits for $mux cell $memory$auto$proc_rom.cc:155:do_switch$1450$rdmux[0][5][7]$5932:
      Old ports: A=$memory$auto$proc_rom.cc:155:do_switch$1450$rdmux[0][5][7]$a$5933, B=$memory$auto$proc_rom.cc:155:do_switch$1450$rdmux[0][5][7]$b$5934, Y=$memory$auto$proc_rom.cc:155:do_switch$1450$rdmux[0][4][3]$b$5874
      New ports: A={ 1'1 $memory$auto$proc_rom.cc:155:do_switch$1450$rdmux[0][5][7]$a$5933 [4:0] }, B={ 1'0 $memory$auto$proc_rom.cc:155:do_switch$1450$rdmux[0][5][7]$b$5934 [4] $memory$auto$proc_rom.cc:155:do_switch$1450$rdmux[0][5][7]$b$5934 [0] $memory$auto$proc_rom.cc:155:do_switch$1450$rdmux[0][5][7]$b$5934 [2:0] }, Y=$memory$auto$proc_rom.cc:155:do_switch$1450$rdmux[0][4][3]$b$5874 [5:0]
      New connections: $memory$auto$proc_rom.cc:155:do_switch$1450$rdmux[0][4][3]$b$5874 [9:6] = 4'1000
    Consolidated identical input bits for $mux cell $memory$auto$proc_rom.cc:155:do_switch$1450$rdmux[0][5][6]$5929:
      Old ports: A=$memory$auto$proc_rom.cc:155:do_switch$1450$rdmux[0][5][6]$a$5930, B=$memory$auto$proc_rom.cc:155:do_switch$1450$rdmux[0][5][6]$b$5931, Y=$memory$auto$proc_rom.cc:155:do_switch$1450$rdmux[0][4][3]$a$5873
      New ports: A={ 1'1 $memory$auto$proc_rom.cc:155:do_switch$1450$rdmux[0][5][6]$a$5930 [5:1] 1'1 }, B={ $memory$auto$proc_rom.cc:155:do_switch$1450$rdmux[0][5][6]$b$5931 [6] $memory$auto$proc_rom.cc:155:do_switch$1450$rdmux[0][5][6]$b$5931 [4] $memory$auto$proc_rom.cc:155:do_switch$1450$rdmux[0][5][6]$b$5931 [4:0] }, Y=$memory$auto$proc_rom.cc:155:do_switch$1450$rdmux[0][4][3]$a$5873 [6:0]
      New connections: $memory$auto$proc_rom.cc:155:do_switch$1450$rdmux[0][4][3]$a$5873 [9:7] = 3'100
    Consolidated identical input bits for $mux cell $memory$auto$proc_rom.cc:155:do_switch$1450$rdmux[0][5][5]$5926:
      Old ports: A=$memory$auto$proc_rom.cc:155:do_switch$1450$rdmux[0][5][5]$a$5927, B=$memory$auto$proc_rom.cc:155:do_switch$1450$rdmux[0][5][5]$b$5928, Y=$memory$auto$proc_rom.cc:155:do_switch$1450$rdmux[0][4][2]$b$5871
      New ports: A={ 2'10 $memory$auto$proc_rom.cc:155:do_switch$1450$rdmux[0][5][5]$a$5927 [4:0] }, B={ 2'01 $memory$auto$proc_rom.cc:155:do_switch$1450$rdmux[0][5][5]$b$5928 [4:0] }, Y={ $memory$auto$proc_rom.cc:155:do_switch$1450$rdmux[0][4][2]$b$5871 [7] $memory$auto$proc_rom.cc:155:do_switch$1450$rdmux[0][4][2]$b$5871 [5:0] }
      New connections: { $memory$auto$proc_rom.cc:155:do_switch$1450$rdmux[0][4][2]$b$5871 [9:8] $memory$auto$proc_rom.cc:155:do_switch$1450$rdmux[0][4][2]$b$5871 [6] } = { 2'10 $memory$auto$proc_rom.cc:155:do_switch$1450$rdmux[0][4][2]$b$5871 [5] }
    Consolidated identical input bits for $mux cell $memory$auto$proc_rom.cc:155:do_switch$1450$rdmux[0][5][4]$5923:
      Old ports: A=$memory$auto$proc_rom.cc:155:do_switch$1450$rdmux[0][5][4]$a$5924, B=$memory$auto$proc_rom.cc:155:do_switch$1450$rdmux[0][5][4]$b$5925, Y=$memory$auto$proc_rom.cc:155:do_switch$1450$rdmux[0][4][2]$a$5870
      New ports: A={ $memory$auto$proc_rom.cc:155:do_switch$1450$rdmux[0][5][4]$a$5924 [6] $memory$auto$proc_rom.cc:155:do_switch$1450$rdmux[0][5][4]$a$5924 [4] $memory$auto$proc_rom.cc:155:do_switch$1450$rdmux[0][5][4]$a$5924 [4:3] $memory$auto$proc_rom.cc:155:do_switch$1450$rdmux[0][5][4]$a$5924 [1] $memory$auto$proc_rom.cc:155:do_switch$1450$rdmux[0][5][4]$a$5924 [1:0] }, B={ 1'0 $memory$auto$proc_rom.cc:155:do_switch$1450$rdmux[0][5][4]$b$5925 [5:4] $memory$auto$proc_rom.cc:155:do_switch$1450$rdmux[0][5][4]$b$5925 [0] $memory$auto$proc_rom.cc:155:do_switch$1450$rdmux[0][5][4]$b$5925 [2:0] }, Y=$memory$auto$proc_rom.cc:155:do_switch$1450$rdmux[0][4][2]$a$5870 [6:0]
      New connections: $memory$auto$proc_rom.cc:155:do_switch$1450$rdmux[0][4][2]$a$5870 [9:7] = 3'101
    Consolidated identical input bits for $mux cell $memory$auto$proc_rom.cc:155:do_switch$1450$rdmux[0][5][3]$5920:
      Old ports: A=$memory$auto$proc_rom.cc:155:do_switch$1450$rdmux[0][5][3]$a$5921, B=$memory$auto$proc_rom.cc:155:do_switch$1450$rdmux[0][5][3]$b$5922, Y=$memory$auto$proc_rom.cc:155:do_switch$1450$rdmux[0][4][1]$b$5868
      New ports: A={ $memory$auto$proc_rom.cc:155:do_switch$1450$rdmux[0][5][3]$a$5921 [8] $memory$auto$proc_rom.cc:155:do_switch$1450$rdmux[0][5][3]$a$5921 [4] $memory$auto$proc_rom.cc:155:do_switch$1450$rdmux[0][5][3]$a$5921 [4] $memory$auto$proc_rom.cc:155:do_switch$1450$rdmux[0][5][3]$a$5921 [4:3] 2'01 }, B={ 2'01 $memory$auto$proc_rom.cc:155:do_switch$1450$rdmux[0][5][3]$b$5922 [0] $memory$auto$proc_rom.cc:155:do_switch$1450$rdmux[0][5][3]$b$5922 [1] $memory$auto$proc_rom.cc:155:do_switch$1450$rdmux[0][5][3]$b$5922 [3] $memory$auto$proc_rom.cc:155:do_switch$1450$rdmux[0][5][3]$b$5922 [1:0] }, Y={ $memory$auto$proc_rom.cc:155:do_switch$1450$rdmux[0][4][1]$b$5868 [8] $memory$auto$proc_rom.cc:155:do_switch$1450$rdmux[0][4][1]$b$5868 [6:3] $memory$auto$proc_rom.cc:155:do_switch$1450$rdmux[0][4][1]$b$5868 [1:0] }
      New connections: { $memory$auto$proc_rom.cc:155:do_switch$1450$rdmux[0][4][1]$b$5868 [9] $memory$auto$proc_rom.cc:155:do_switch$1450$rdmux[0][4][1]$b$5868 [7] $memory$auto$proc_rom.cc:155:do_switch$1450$rdmux[0][4][1]$b$5868 [2] } = { 1'1 $memory$auto$proc_rom.cc:155:do_switch$1450$rdmux[0][4][1]$b$5868 [6] 1'1 }
    Consolidated identical input bits for $mux cell $memory$auto$proc_rom.cc:155:do_switch$1450$rdmux[0][5][2]$5917:
      Old ports: A=$memory$auto$proc_rom.cc:155:do_switch$1450$rdmux[0][5][2]$a$5918, B=$memory$auto$proc_rom.cc:155:do_switch$1450$rdmux[0][5][2]$b$5919, Y=$memory$auto$proc_rom.cc:155:do_switch$1450$rdmux[0][4][1]$a$5867
      New ports: A={ $memory$auto$proc_rom.cc:155:do_switch$1450$rdmux[0][5][2]$a$5918 [6:3] 1'0 $memory$auto$proc_rom.cc:155:do_switch$1450$rdmux[0][5][2]$a$5918 [1:0] }, B={ 1'0 $memory$auto$proc_rom.cc:155:do_switch$1450$rdmux[0][5][2]$b$5919 [5:3] 1'1 $memory$auto$proc_rom.cc:155:do_switch$1450$rdmux[0][5][2]$b$5919 [1:0] }, Y=$memory$auto$proc_rom.cc:155:do_switch$1450$rdmux[0][4][1]$a$5867 [6:0]
      New connections: $memory$auto$proc_rom.cc:155:do_switch$1450$rdmux[0][4][1]$a$5867 [9:7] = 3'110
    Consolidated identical input bits for $mux cell $memory$auto$proc_rom.cc:155:do_switch$1450$rdmux[0][5][1]$5914:
      Old ports: A=$memory$auto$proc_rom.cc:155:do_switch$1450$rdmux[0][5][1]$a$5915, B=$memory$auto$proc_rom.cc:155:do_switch$1450$rdmux[0][5][1]$b$5916, Y=$memory$auto$proc_rom.cc:155:do_switch$1450$rdmux[0][4][0]$b$5865
      New ports: A={ 2'10 $memory$auto$proc_rom.cc:155:do_switch$1450$rdmux[0][5][1]$a$5915 [5:1] 1'1 }, B={ 2'01 $memory$auto$proc_rom.cc:155:do_switch$1450$rdmux[0][5][1]$b$5916 [0] $memory$auto$proc_rom.cc:155:do_switch$1450$rdmux[0][5][1]$b$5916 [4:0] }, Y=$memory$auto$proc_rom.cc:155:do_switch$1450$rdmux[0][4][0]$b$5865 [7:0]
      New connections: $memory$auto$proc_rom.cc:155:do_switch$1450$rdmux[0][4][0]$b$5865 [9:8] = 2'11
    Consolidated identical input bits for $mux cell $memory$auto$proc_rom.cc:155:do_switch$1450$rdmux[0][5][0]$5911:
      Old ports: A=$memory$auto$proc_rom.cc:155:do_switch$1450$rdmux[0][5][0]$a$5912, B=$memory$auto$proc_rom.cc:155:do_switch$1450$rdmux[0][5][0]$b$5913, Y=$memory$auto$proc_rom.cc:155:do_switch$1450$rdmux[0][4][0]$a$5864
      New ports: A={ 1'1 $memory$auto$proc_rom.cc:155:do_switch$1450$rdmux[0][5][0]$a$5912 [5:2] 1'1 $memory$auto$proc_rom.cc:155:do_switch$1450$rdmux[0][5][0]$a$5912 [0] }, B={ $memory$auto$proc_rom.cc:155:do_switch$1450$rdmux[0][5][0]$b$5913 [6:5] $memory$auto$proc_rom.cc:155:do_switch$1450$rdmux[0][5][0]$b$5913 [1] $memory$auto$proc_rom.cc:155:do_switch$1450$rdmux[0][5][0]$b$5913 [3:0] }, Y=$memory$auto$proc_rom.cc:155:do_switch$1450$rdmux[0][4][0]$a$5864 [6:0]
      New connections: $memory$auto$proc_rom.cc:155:do_switch$1450$rdmux[0][4][0]$a$5864 [9:7] = 3'111
    Consolidated identical input bits for $mux cell $procmux$2430:
      Old ports: A=$9\approximate_rsqrt$func$rtl/fp16_rsqrt_lut256.sv:79$229.leading_one[31:0]$344, B=7, Y=$10\approximate_rsqrt$func$rtl/fp16_rsqrt_lut256.sv:79$229.leading_one[31:0]$347
      New ports: A={ $9\approximate_rsqrt$func$rtl/fp16_rsqrt_lut256.sv:79$229.leading_one[31:0]$344 [1] 1'1 $9\approximate_rsqrt$func$rtl/fp16_rsqrt_lut256.sv:79$229.leading_one[31:0]$344 [1:0] }, B=4'0011, Y={ $10\approximate_rsqrt$func$rtl/fp16_rsqrt_lut256.sv:79$229.leading_one[31:0]$347 [4:3] $10\approximate_rsqrt$func$rtl/fp16_rsqrt_lut256.sv:79$229.leading_one[31:0]$347 [1:0] }
      New connections: { $10\approximate_rsqrt$func$rtl/fp16_rsqrt_lut256.sv:79$229.leading_one[31:0]$347 [31:5] $10\approximate_rsqrt$func$rtl/fp16_rsqrt_lut256.sv:79$229.leading_one[31:0]$347 [2] } = { $10\approximate_rsqrt$func$rtl/fp16_rsqrt_lut256.sv:79$229.leading_one[31:0]$347 [4] $10\approximate_rsqrt$func$rtl/fp16_rsqrt_lut256.sv:79$229.leading_one[31:0]$347 [4] $10\approximate_rsqrt$func$rtl/fp16_rsqrt_lut256.sv:79$229.leading_one[31:0]$347 [4] $10\approximate_rsqrt$func$rtl/fp16_rsqrt_lut256.sv:79$229.leading_one[31:0]$347 [4] $10\approximate_rsqrt$func$rtl/fp16_rsqrt_lut256.sv:79$229.leading_one[31:0]$347 [4] $10\approximate_rsqrt$func$rtl/fp16_rsqrt_lut256.sv:79$229.leading_one[31:0]$347 [4] $10\approximate_rsqrt$func$rtl/fp16_rsqrt_lut256.sv:79$229.leading_one[31:0]$347 [4] $10\approximate_rsqrt$func$rtl/fp16_rsqrt_lut256.sv:79$229.leading_one[31:0]$347 [4] $10\approximate_rsqrt$func$rtl/fp16_rsqrt_lut256.sv:79$229.leading_one[31:0]$347 [4] $10\approximate_rsqrt$func$rtl/fp16_rsqrt_lut256.sv:79$229.leading_one[31:0]$347 [4] $10\approximate_rsqrt$func$rtl/fp16_rsqrt_lut256.sv:79$229.leading_one[31:0]$347 [4] $10\approximate_rsqrt$func$rtl/fp16_rsqrt_lut256.sv:79$229.leading_one[31:0]$347 [4] $10\approximate_rsqrt$func$rtl/fp16_rsqrt_lut256.sv:79$229.leading_one[31:0]$347 [4] $10\approximate_rsqrt$func$rtl/fp16_rsqrt_lut256.sv:79$229.leading_one[31:0]$347 [4] $10\approximate_rsqrt$func$rtl/fp16_rsqrt_lut256.sv:79$229.leading_one[31:0]$347 [4] $10\approximate_rsqrt$func$rtl/fp16_rsqrt_lut256.sv:79$229.leading_one[31:0]$347 [4] $10\approximate_rsqrt$func$rtl/fp16_rsqrt_lut256.sv:79$229.leading_one[31:0]$347 [4] $10\approximate_rsqrt$func$rtl/fp16_rsqrt_lut256.sv:79$229.leading_one[31:0]$347 [4] $10\approximate_rsqrt$func$rtl/fp16_rsqrt_lut256.sv:79$229.leading_one[31:0]$347 [4] $10\approximate_rsqrt$func$rtl/fp16_rsqrt_lut256.sv:79$229.leading_one[31:0]$347 [4] $10\approximate_rsqrt$func$rtl/fp16_rsqrt_lut256.sv:79$229.leading_one[31:0]$347 [4] $10\approximate_rsqrt$func$rtl/fp16_rsqrt_lut256.sv:79$229.leading_one[31:0]$347 [4] $10\approximate_rsqrt$func$rtl/fp16_rsqrt_lut256.sv:79$229.leading_one[31:0]$347 [4] $10\approximate_rsqrt$func$rtl/fp16_rsqrt_lut256.sv:79$229.leading_one[31:0]$347 [4] $10\approximate_rsqrt$func$rtl/fp16_rsqrt_lut256.sv:79$229.leading_one[31:0]$347 [4] $10\approximate_rsqrt$func$rtl/fp16_rsqrt_lut256.sv:79$229.leading_one[31:0]$347 [4] $10\approximate_rsqrt$func$rtl/fp16_rsqrt_lut256.sv:79$229.leading_one[31:0]$347 [4] $10\approximate_rsqrt$func$rtl/fp16_rsqrt_lut256.sv:79$229.leading_one[31:0]$347 [1] }
  Optimizing cells in module \fp16_rsqrt_lut256.
    Consolidated identical input bits for $mux cell $memory$auto$proc_rom.cc:155:do_switch$1450$rdmux[0][4][15]$5908:
      Old ports: A=$memory$auto$proc_rom.cc:155:do_switch$1450$rdmux[0][4][15]$a$5909, B=$memory$auto$proc_rom.cc:155:do_switch$1450$rdmux[0][4][15]$b$5910, Y=$memory$auto$proc_rom.cc:155:do_switch$1450$rdmux[0][3][7]$b$5862
      New ports: A=$memory$auto$proc_rom.cc:155:do_switch$1450$rdmux[0][4][15]$a$5909 [4:0], B={ 1'0 $memory$auto$proc_rom.cc:155:do_switch$1450$rdmux[0][4][15]$b$5910 [3:0] }, Y=$memory$auto$proc_rom.cc:155:do_switch$1450$rdmux[0][3][7]$b$5862 [4:0]
      New connections: $memory$auto$proc_rom.cc:155:do_switch$1450$rdmux[0][3][7]$b$5862 [9:5] = 5'00000
    Consolidated identical input bits for $mux cell $memory$auto$proc_rom.cc:155:do_switch$1450$rdmux[0][4][14]$5905:
      Old ports: A=$memory$auto$proc_rom.cc:155:do_switch$1450$rdmux[0][4][14]$a$5906, B=$memory$auto$proc_rom.cc:155:do_switch$1450$rdmux[0][4][14]$b$5907, Y=$memory$auto$proc_rom.cc:155:do_switch$1450$rdmux[0][3][7]$a$5861
      New ports: A={ 1'1 $memory$auto$proc_rom.cc:155:do_switch$1450$rdmux[0][4][14]$a$5906 [4:0] }, B={ $memory$auto$proc_rom.cc:155:do_switch$1450$rdmux[0][4][14]$b$5907 [5] $memory$auto$proc_rom.cc:155:do_switch$1450$rdmux[0][4][14]$b$5907 [3] $memory$auto$proc_rom.cc:155:do_switch$1450$rdmux[0][4][14]$b$5907 [3:0] }, Y=$memory$auto$proc_rom.cc:155:do_switch$1450$rdmux[0][3][7]$a$5861 [5:0]
      New connections: $memory$auto$proc_rom.cc:155:do_switch$1450$rdmux[0][3][7]$a$5861 [9:6] = 4'0000
    Consolidated identical input bits for $mux cell $memory$auto$proc_rom.cc:155:do_switch$1450$rdmux[0][4][13]$5902:
      Old ports: A=$memory$auto$proc_rom.cc:155:do_switch$1450$rdmux[0][4][13]$a$5903, B=$memory$auto$proc_rom.cc:155:do_switch$1450$rdmux[0][4][13]$b$5904, Y=$memory$auto$proc_rom.cc:155:do_switch$1450$rdmux[0][3][6]$b$5859
      New ports: A={ 2'10 $memory$auto$proc_rom.cc:155:do_switch$1450$rdmux[0][4][13]$a$5903 [4:0] }, B={ $memory$auto$proc_rom.cc:155:do_switch$1450$rdmux[0][4][13]$b$5904 [6] $memory$auto$proc_rom.cc:155:do_switch$1450$rdmux[0][4][13]$b$5904 [4] $memory$auto$proc_rom.cc:155:do_switch$1450$rdmux[0][4][13]$b$5904 [4:0] }, Y=$memory$auto$proc_rom.cc:155:do_switch$1450$rdmux[0][3][6]$b$5859 [6:0]
      New connections: $memory$auto$proc_rom.cc:155:do_switch$1450$rdmux[0][3][6]$b$5859 [9:7] = 3'000
    Consolidated identical input bits for $mux cell $memory$auto$proc_rom.cc:155:do_switch$1450$rdmux[0][4][12]$5899:
      Old ports: A=$memory$auto$proc_rom.cc:155:do_switch$1450$rdmux[0][4][12]$a$5900, B=$memory$auto$proc_rom.cc:155:do_switch$1450$rdmux[0][4][12]$b$5901, Y=$memory$auto$proc_rom.cc:155:do_switch$1450$rdmux[0][3][6]$a$5858
      New ports: A={ 2'10 $memory$auto$proc_rom.cc:155:do_switch$1450$rdmux[0][4][12]$a$5900 [3:1] 1'1 }, B={ 2'01 $memory$auto$proc_rom.cc:155:do_switch$1450$rdmux[0][4][12]$b$5901 [3:0] }, Y=$memory$auto$proc_rom.cc:155:do_switch$1450$rdmux[0][3][6]$a$5858 [5:0]
      New connections: $memory$auto$proc_rom.cc:155:do_switch$1450$rdmux[0][3][6]$a$5858 [9:6] = 4'0001
    Consolidated identical input bits for $mux cell $memory$auto$proc_rom.cc:155:do_switch$1450$rdmux[0][4][11]$5896:
      Old ports: A=$memory$auto$proc_rom.cc:155:do_switch$1450$rdmux[0][4][11]$a$5897, B=$memory$auto$proc_rom.cc:155:do_switch$1450$rdmux[0][4][11]$b$5898, Y=$memory$auto$proc_rom.cc:155:do_switch$1450$rdmux[0][3][5]$b$5856
      New ports: A={ 2'10 $memory$auto$proc_rom.cc:155:do_switch$1450$rdmux[0][4][11]$a$5897 [4:0] }, B={ $memory$auto$proc_rom.cc:155:do_switch$1450$rdmux[0][4][11]$b$5898 [7] $memory$auto$proc_rom.cc:155:do_switch$1450$rdmux[0][4][11]$b$5898 [4] $memory$auto$proc_rom.cc:155:do_switch$1450$rdmux[0][4][11]$b$5898 [4:0] }, Y={ $memory$auto$proc_rom.cc:155:do_switch$1450$rdmux[0][3][5]$b$5856 [7] $memory$auto$proc_rom.cc:155:do_switch$1450$rdmux[0][3][5]$b$5856 [5:0] }
      New connections: { $memory$auto$proc_rom.cc:155:do_switch$1450$rdmux[0][3][5]$b$5856 [9:8] $memory$auto$proc_rom.cc:155:do_switch$1450$rdmux[0][3][5]$b$5856 [6] } = { 2'00 $memory$auto$proc_rom.cc:155:do_switch$1450$rdmux[0][3][5]$b$5856 [5] }
    Consolidated identical input bits for $mux cell $memory$auto$proc_rom.cc:155:do_switch$1450$rdmux[0][4][10]$5893:
      Old ports: A=$memory$auto$proc_rom.cc:155:do_switch$1450$rdmux[0][4][10]$a$5894, B=$memory$auto$proc_rom.cc:155:do_switch$1450$rdmux[0][4][10]$b$5895, Y=$memory$auto$proc_rom.cc:155:do_switch$1450$rdmux[0][3][5]$a$5855
      New ports: A={ 1'1 $memory$auto$proc_rom.cc:155:do_switch$1450$rdmux[0][4][10]$a$5894 [4:0] }, B=$memory$auto$proc_rom.cc:155:do_switch$1450$rdmux[0][4][10]$b$5895 [5:0], Y=$memory$auto$proc_rom.cc:155:do_switch$1450$rdmux[0][3][5]$a$5855 [5:0]
      New connections: $memory$auto$proc_rom.cc:155:do_switch$1450$rdmux[0][3][5]$a$5855 [9:6] = 4'0010
    Consolidated identical input bits for $mux cell $memory$auto$proc_rom.cc:155:do_switch$1450$rdmux[0][4][9]$5890:
      Old ports: A=$memory$auto$proc_rom.cc:155:do_switch$1450$rdmux[0][4][9]$a$5891, B=$memory$auto$proc_rom.cc:155:do_switch$1450$rdmux[0][4][9]$b$5892, Y=$memory$auto$proc_rom.cc:155:do_switch$1450$rdmux[0][3][4]$b$5853
      New ports: A={ 1'1 $memory$auto$proc_rom.cc:155:do_switch$1450$rdmux[0][4][9]$a$5891 [5:0] }, B={ $memory$auto$proc_rom.cc:155:do_switch$1450$rdmux[0][4][9]$b$5892 [6] $memory$auto$proc_rom.cc:155:do_switch$1450$rdmux[0][4][9]$b$5892 [4] $memory$auto$proc_rom.cc:155:do_switch$1450$rdmux[0][4][9]$b$5892 [4:0] }, Y=$memory$auto$proc_rom.cc:155:do_switch$1450$rdmux[0][3][4]$b$5853 [6:0]
      New connections: $memory$auto$proc_rom.cc:155:do_switch$1450$rdmux[0][3][4]$b$5853 [9:7] = 3'001
    Consolidated identical input bits for $mux cell $memory$auto$proc_rom.cc:155:do_switch$1450$rdmux[0][4][8]$5887:
      Old ports: A=$memory$auto$proc_rom.cc:155:do_switch$1450$rdmux[0][4][8]$a$5888, B=$memory$auto$proc_rom.cc:155:do_switch$1450$rdmux[0][4][8]$b$5889, Y=$memory$auto$proc_rom.cc:155:do_switch$1450$rdmux[0][3][4]$a$5852
      New ports: A={ $memory$auto$proc_rom.cc:155:do_switch$1450$rdmux[0][4][8]$a$5888 [8] $memory$auto$proc_rom.cc:155:do_switch$1450$rdmux[0][4][8]$a$5888 [4] $memory$auto$proc_rom.cc:155:do_switch$1450$rdmux[0][4][8]$a$5888 [4:0] }, B={ 2'01 $memory$auto$proc_rom.cc:155:do_switch$1450$rdmux[0][4][8]$b$5889 [4:0] }, Y={ $memory$auto$proc_rom.cc:155:do_switch$1450$rdmux[0][3][4]$a$5852 [8] $memory$auto$proc_rom.cc:155:do_switch$1450$rdmux[0][3][4]$a$5852 [5:0] }
      New connections: { $memory$auto$proc_rom.cc:155:do_switch$1450$rdmux[0][3][4]$a$5852 [9] $memory$auto$proc_rom.cc:155:do_switch$1450$rdmux[0][3][4]$a$5852 [7:6] } = { 1'0 $memory$auto$proc_rom.cc:155:do_switch$1450$rdmux[0][3][4]$a$5852 [5] $memory$auto$proc_rom.cc:155:do_switch$1450$rdmux[0][3][4]$a$5852 [5] }
    Consolidated identical input bits for $mux cell $memory$auto$proc_rom.cc:155:do_switch$1450$rdmux[0][4][7]$5884:
      Old ports: A=$memory$auto$proc_rom.cc:155:do_switch$1450$rdmux[0][4][7]$a$5885, B=$memory$auto$proc_rom.cc:155:do_switch$1450$rdmux[0][4][7]$b$5886, Y=$memory$auto$proc_rom.cc:155:do_switch$1450$rdmux[0][3][3]$b$5850
      New ports: A=$memory$auto$proc_rom.cc:155:do_switch$1450$rdmux[0][4][7]$a$5885 [6:0], B={ 1'0 $memory$auto$proc_rom.cc:155:do_switch$1450$rdmux[0][4][7]$b$5886 [5:0] }, Y=$memory$auto$proc_rom.cc:155:do_switch$1450$rdmux[0][3][3]$b$5850 [6:0]
      New connections: $memory$auto$proc_rom.cc:155:do_switch$1450$rdmux[0][3][3]$b$5850 [9:7] = 3'010
    Consolidated identical input bits for $mux cell $memory$auto$proc_rom.cc:155:do_switch$1450$rdmux[0][4][6]$5881:
      Old ports: A=$memory$auto$proc_rom.cc:155:do_switch$1450$rdmux[0][4][6]$a$5882, B=$memory$auto$proc_rom.cc:155:do_switch$1450$rdmux[0][4][6]$b$5883, Y=$memory$auto$proc_rom.cc:155:do_switch$1450$rdmux[0][3][3]$a$5849
      New ports: A={ 1'1 $memory$auto$proc_rom.cc:155:do_switch$1450$rdmux[0][4][6]$a$5882 [4:0] }, B={ 1'0 $memory$auto$proc_rom.cc:155:do_switch$1450$rdmux[0][4][6]$b$5883 [4:0] }, Y=$memory$auto$proc_rom.cc:155:do_switch$1450$rdmux[0][3][3]$a$5849 [5:0]
      New connections: $memory$auto$proc_rom.cc:155:do_switch$1450$rdmux[0][3][3]$a$5849 [9:6] = 4'0101
    Consolidated identical input bits for $mux cell $memory$auto$proc_rom.cc:155:do_switch$1450$rdmux[0][4][5]$5878:
      Old ports: A=$memory$auto$proc_rom.cc:155:do_switch$1450$rdmux[0][4][5]$a$5879, B=$memory$auto$proc_rom.cc:155:do_switch$1450$rdmux[0][4][5]$b$5880, Y=$memory$auto$proc_rom.cc:155:do_switch$1450$rdmux[0][3][2]$b$5847
      New ports: A={ 2'10 $memory$auto$proc_rom.cc:155:do_switch$1450$rdmux[0][4][5]$a$5879 [5:0] }, B={ $memory$auto$proc_rom.cc:155:do_switch$1450$rdmux[0][4][5]$b$5880 [7] $memory$auto$proc_rom.cc:155:do_switch$1450$rdmux[0][4][5]$b$5880 [5] $memory$auto$proc_rom.cc:155:do_switch$1450$rdmux[0][4][5]$b$5880 [5:2] 2'11 }, Y=$memory$auto$proc_rom.cc:155:do_switch$1450$rdmux[0][3][2]$b$5847 [7:0]
      New connections: $memory$auto$proc_rom.cc:155:do_switch$1450$rdmux[0][3][2]$b$5847 [9:8] = 2'01
    Consolidated identical input bits for $mux cell $memory$auto$proc_rom.cc:155:do_switch$1450$rdmux[0][4][4]$5875:
      Old ports: A=$memory$auto$proc_rom.cc:155:do_switch$1450$rdmux[0][4][4]$a$5876, B=$memory$auto$proc_rom.cc:155:do_switch$1450$rdmux[0][4][4]$b$5877, Y=$memory$auto$proc_rom.cc:155:do_switch$1450$rdmux[0][3][2]$a$5846
      New ports: A={ $memory$auto$proc_rom.cc:155:do_switch$1450$rdmux[0][4][4]$a$5876 [9] $memory$auto$proc_rom.cc:155:do_switch$1450$rdmux[0][4][4]$a$5876 [5] $memory$auto$proc_rom.cc:155:do_switch$1450$rdmux[0][4][4]$a$5876 [5:0] }, B={ 2'01 $memory$auto$proc_rom.cc:155:do_switch$1450$rdmux[0][4][4]$b$5877 [5:0] }, Y={ $memory$auto$proc_rom.cc:155:do_switch$1450$rdmux[0][3][2]$a$5846 [9] $memory$auto$proc_rom.cc:155:do_switch$1450$rdmux[0][3][2]$a$5846 [6:0] }
      New connections: $memory$auto$proc_rom.cc:155:do_switch$1450$rdmux[0][3][2]$a$5846 [8:7] = { $memory$auto$proc_rom.cc:155:do_switch$1450$rdmux[0][3][2]$a$5846 [6] $memory$auto$proc_rom.cc:155:do_switch$1450$rdmux[0][3][2]$a$5846 [6] }
    Consolidated identical input bits for $mux cell $memory$auto$proc_rom.cc:155:do_switch$1450$rdmux[0][4][3]$5872:
      Old ports: A=$memory$auto$proc_rom.cc:155:do_switch$1450$rdmux[0][4][3]$a$5873, B=$memory$auto$proc_rom.cc:155:do_switch$1450$rdmux[0][4][3]$b$5874, Y=$memory$auto$proc_rom.cc:155:do_switch$1450$rdmux[0][3][1]$b$5844
      New ports: A=$memory$auto$proc_rom.cc:155:do_switch$1450$rdmux[0][4][3]$a$5873 [6:0], B={ 1'0 $memory$auto$proc_rom.cc:155:do_switch$1450$rdmux[0][4][3]$b$5874 [5:0] }, Y=$memory$auto$proc_rom.cc:155:do_switch$1450$rdmux[0][3][1]$b$5844 [6:0]
      New connections: $memory$auto$proc_rom.cc:155:do_switch$1450$rdmux[0][3][1]$b$5844 [9:7] = 3'100
    Consolidated identical input bits for $mux cell $memory$auto$proc_rom.cc:155:do_switch$1450$rdmux[0][4][2]$5869:
      Old ports: A=$memory$auto$proc_rom.cc:155:do_switch$1450$rdmux[0][4][2]$a$5870, B=$memory$auto$proc_rom.cc:155:do_switch$1450$rdmux[0][4][2]$b$5871, Y=$memory$auto$proc_rom.cc:155:do_switch$1450$rdmux[0][3][1]$a$5843
      New ports: A={ 1'1 $memory$auto$proc_rom.cc:155:do_switch$1450$rdmux[0][4][2]$a$5870 [6:0] }, B={ $memory$auto$proc_rom.cc:155:do_switch$1450$rdmux[0][4][2]$b$5871 [7] $memory$auto$proc_rom.cc:155:do_switch$1450$rdmux[0][4][2]$b$5871 [5] $memory$auto$proc_rom.cc:155:do_switch$1450$rdmux[0][4][2]$b$5871 [5:0] }, Y=$memory$auto$proc_rom.cc:155:do_switch$1450$rdmux[0][3][1]$a$5843 [7:0]
      New connections: $memory$auto$proc_rom.cc:155:do_switch$1450$rdmux[0][3][1]$a$5843 [9:8] = 2'10
    Consolidated identical input bits for $mux cell $memory$auto$proc_rom.cc:155:do_switch$1450$rdmux[0][4][1]$5866:
      Old ports: A=$memory$auto$proc_rom.cc:155:do_switch$1450$rdmux[0][4][1]$a$5867, B=$memory$auto$proc_rom.cc:155:do_switch$1450$rdmux[0][4][1]$b$5868, Y=$memory$auto$proc_rom.cc:155:do_switch$1450$rdmux[0][3][0]$b$5841
      New ports: A={ 2'10 $memory$auto$proc_rom.cc:155:do_switch$1450$rdmux[0][4][1]$a$5867 [6:0] }, B={ $memory$auto$proc_rom.cc:155:do_switch$1450$rdmux[0][4][1]$b$5868 [8] $memory$auto$proc_rom.cc:155:do_switch$1450$rdmux[0][4][1]$b$5868 [6] $memory$auto$proc_rom.cc:155:do_switch$1450$rdmux[0][4][1]$b$5868 [6:3] 1'1 $memory$auto$proc_rom.cc:155:do_switch$1450$rdmux[0][4][1]$b$5868 [1:0] }, Y=$memory$auto$proc_rom.cc:155:do_switch$1450$rdmux[0][3][0]$b$5841 [8:0]
      New connections: $memory$auto$proc_rom.cc:155:do_switch$1450$rdmux[0][3][0]$b$5841 [9] = 1'1
    Consolidated identical input bits for $mux cell $memory$auto$proc_rom.cc:155:do_switch$1450$rdmux[0][4][0]$5863:
      Old ports: A=$memory$auto$proc_rom.cc:155:do_switch$1450$rdmux[0][4][0]$a$5864, B=$memory$auto$proc_rom.cc:155:do_switch$1450$rdmux[0][4][0]$b$5865, Y=$memory$auto$proc_rom.cc:155:do_switch$1450$rdmux[0][3][0]$a$5840
      New ports: A={ 1'1 $memory$auto$proc_rom.cc:155:do_switch$1450$rdmux[0][4][0]$a$5864 [6:0] }, B=$memory$auto$proc_rom.cc:155:do_switch$1450$rdmux[0][4][0]$b$5865 [7:0], Y=$memory$auto$proc_rom.cc:155:do_switch$1450$rdmux[0][3][0]$a$5840 [7:0]
      New connections: $memory$auto$proc_rom.cc:155:do_switch$1450$rdmux[0][3][0]$a$5840 [9:8] = 2'11
    Consolidated identical input bits for $mux cell $procmux$2409:
      Old ports: A=$10\approximate_rsqrt$func$rtl/fp16_rsqrt_lut256.sv:79$229.leading_one[31:0]$347, B=6, Y=$11\approximate_rsqrt$func$rtl/fp16_rsqrt_lut256.sv:79$229.leading_one[31:0]$350
      New ports: A={ $10\approximate_rsqrt$func$rtl/fp16_rsqrt_lut256.sv:79$229.leading_one[31:0]$347 [4:3] $10\approximate_rsqrt$func$rtl/fp16_rsqrt_lut256.sv:79$229.leading_one[31:0]$347 [1:0] }, B=4'0010, Y={ $11\approximate_rsqrt$func$rtl/fp16_rsqrt_lut256.sv:79$229.leading_one[31:0]$350 [4:3] $11\approximate_rsqrt$func$rtl/fp16_rsqrt_lut256.sv:79$229.leading_one[31:0]$350 [1:0] }
      New connections: { $11\approximate_rsqrt$func$rtl/fp16_rsqrt_lut256.sv:79$229.leading_one[31:0]$350 [31:5] $11\approximate_rsqrt$func$rtl/fp16_rsqrt_lut256.sv:79$229.leading_one[31:0]$350 [2] } = { $11\approximate_rsqrt$func$rtl/fp16_rsqrt_lut256.sv:79$229.leading_one[31:0]$350 [4] $11\approximate_rsqrt$func$rtl/fp16_rsqrt_lut256.sv:79$229.leading_one[31:0]$350 [4] $11\approximate_rsqrt$func$rtl/fp16_rsqrt_lut256.sv:79$229.leading_one[31:0]$350 [4] $11\approximate_rsqrt$func$rtl/fp16_rsqrt_lut256.sv:79$229.leading_one[31:0]$350 [4] $11\approximate_rsqrt$func$rtl/fp16_rsqrt_lut256.sv:79$229.leading_one[31:0]$350 [4] $11\approximate_rsqrt$func$rtl/fp16_rsqrt_lut256.sv:79$229.leading_one[31:0]$350 [4] $11\approximate_rsqrt$func$rtl/fp16_rsqrt_lut256.sv:79$229.leading_one[31:0]$350 [4] $11\approximate_rsqrt$func$rtl/fp16_rsqrt_lut256.sv:79$229.leading_one[31:0]$350 [4] $11\approximate_rsqrt$func$rtl/fp16_rsqrt_lut256.sv:79$229.leading_one[31:0]$350 [4] $11\approximate_rsqrt$func$rtl/fp16_rsqrt_lut256.sv:79$229.leading_one[31:0]$350 [4] $11\approximate_rsqrt$func$rtl/fp16_rsqrt_lut256.sv:79$229.leading_one[31:0]$350 [4] $11\approximate_rsqrt$func$rtl/fp16_rsqrt_lut256.sv:79$229.leading_one[31:0]$350 [4] $11\approximate_rsqrt$func$rtl/fp16_rsqrt_lut256.sv:79$229.leading_one[31:0]$350 [4] $11\approximate_rsqrt$func$rtl/fp16_rsqrt_lut256.sv:79$229.leading_one[31:0]$350 [4] $11\approximate_rsqrt$func$rtl/fp16_rsqrt_lut256.sv:79$229.leading_one[31:0]$350 [4] $11\approximate_rsqrt$func$rtl/fp16_rsqrt_lut256.sv:79$229.leading_one[31:0]$350 [4] $11\approximate_rsqrt$func$rtl/fp16_rsqrt_lut256.sv:79$229.leading_one[31:0]$350 [4] $11\approximate_rsqrt$func$rtl/fp16_rsqrt_lut256.sv:79$229.leading_one[31:0]$350 [4] $11\approximate_rsqrt$func$rtl/fp16_rsqrt_lut256.sv:79$229.leading_one[31:0]$350 [4] $11\approximate_rsqrt$func$rtl/fp16_rsqrt_lut256.sv:79$229.leading_one[31:0]$350 [4] $11\approximate_rsqrt$func$rtl/fp16_rsqrt_lut256.sv:79$229.leading_one[31:0]$350 [4] $11\approximate_rsqrt$func$rtl/fp16_rsqrt_lut256.sv:79$229.leading_one[31:0]$350 [4] $11\approximate_rsqrt$func$rtl/fp16_rsqrt_lut256.sv:79$229.leading_one[31:0]$350 [4] $11\approximate_rsqrt$func$rtl/fp16_rsqrt_lut256.sv:79$229.leading_one[31:0]$350 [4] $11\approximate_rsqrt$func$rtl/fp16_rsqrt_lut256.sv:79$229.leading_one[31:0]$350 [4] $11\approximate_rsqrt$func$rtl/fp16_rsqrt_lut256.sv:79$229.leading_one[31:0]$350 [4] $11\approximate_rsqrt$func$rtl/fp16_rsqrt_lut256.sv:79$229.leading_one[31:0]$350 [4] $11\approximate_rsqrt$func$rtl/fp16_rsqrt_lut256.sv:79$229.leading_one[31:0]$350 [1] }
  Optimizing cells in module \fp16_rsqrt_lut256.
    Consolidated identical input bits for $mux cell $memory$auto$proc_rom.cc:155:do_switch$1450$rdmux[0][3][7]$5860:
      Old ports: A=$memory$auto$proc_rom.cc:155:do_switch$1450$rdmux[0][3][7]$a$5861, B=$memory$auto$proc_rom.cc:155:do_switch$1450$rdmux[0][3][7]$b$5862, Y=$memory$auto$proc_rom.cc:155:do_switch$1450$rdmux[0][2][3]$b$5838
      New ports: A=$memory$auto$proc_rom.cc:155:do_switch$1450$rdmux[0][3][7]$a$5861 [5:0], B={ 1'0 $memory$auto$proc_rom.cc:155:do_switch$1450$rdmux[0][3][7]$b$5862 [4:0] }, Y=$memory$auto$proc_rom.cc:155:do_switch$1450$rdmux[0][2][3]$b$5838 [5:0]
      New connections: $memory$auto$proc_rom.cc:155:do_switch$1450$rdmux[0][2][3]$b$5838 [9:6] = 4'0000
    Consolidated identical input bits for $mux cell $memory$auto$proc_rom.cc:155:do_switch$1450$rdmux[0][3][6]$5857:
      Old ports: A=$memory$auto$proc_rom.cc:155:do_switch$1450$rdmux[0][3][6]$a$5858, B=$memory$auto$proc_rom.cc:155:do_switch$1450$rdmux[0][3][6]$b$5859, Y=$memory$auto$proc_rom.cc:155:do_switch$1450$rdmux[0][2][3]$a$5837
      New ports: A={ 1'1 $memory$auto$proc_rom.cc:155:do_switch$1450$rdmux[0][3][6]$a$5858 [5:0] }, B=$memory$auto$proc_rom.cc:155:do_switch$1450$rdmux[0][3][6]$b$5859 [6:0], Y=$memory$auto$proc_rom.cc:155:do_switch$1450$rdmux[0][2][3]$a$5837 [6:0]
      New connections: $memory$auto$proc_rom.cc:155:do_switch$1450$rdmux[0][2][3]$a$5837 [9:7] = 3'000
    Consolidated identical input bits for $mux cell $memory$auto$proc_rom.cc:155:do_switch$1450$rdmux[0][3][5]$5854:
      Old ports: A=$memory$auto$proc_rom.cc:155:do_switch$1450$rdmux[0][3][5]$a$5855, B=$memory$auto$proc_rom.cc:155:do_switch$1450$rdmux[0][3][5]$b$5856, Y=$memory$auto$proc_rom.cc:155:do_switch$1450$rdmux[0][2][2]$b$5835
      New ports: A={ 2'10 $memory$auto$proc_rom.cc:155:do_switch$1450$rdmux[0][3][5]$a$5855 [5:0] }, B={ $memory$auto$proc_rom.cc:155:do_switch$1450$rdmux[0][3][5]$b$5856 [7] $memory$auto$proc_rom.cc:155:do_switch$1450$rdmux[0][3][5]$b$5856 [5] $memory$auto$proc_rom.cc:155:do_switch$1450$rdmux[0][3][5]$b$5856 [5:0] }, Y=$memory$auto$proc_rom.cc:155:do_switch$1450$rdmux[0][2][2]$b$5835 [7:0]
      New connections: $memory$auto$proc_rom.cc:155:do_switch$1450$rdmux[0][2][2]$b$5835 [9:8] = 2'00
    Consolidated identical input bits for $mux cell $memory$auto$proc_rom.cc:155:do_switch$1450$rdmux[0][3][4]$5851:
      Old ports: A=$memory$auto$proc_rom.cc:155:do_switch$1450$rdmux[0][3][4]$a$5852, B=$memory$auto$proc_rom.cc:155:do_switch$1450$rdmux[0][3][4]$b$5853, Y=$memory$auto$proc_rom.cc:155:do_switch$1450$rdmux[0][2][2]$a$5834
      New ports: A={ $memory$auto$proc_rom.cc:155:do_switch$1450$rdmux[0][3][4]$a$5852 [8] $memory$auto$proc_rom.cc:155:do_switch$1450$rdmux[0][3][4]$a$5852 [5] $memory$auto$proc_rom.cc:155:do_switch$1450$rdmux[0][3][4]$a$5852 [5] $memory$auto$proc_rom.cc:155:do_switch$1450$rdmux[0][3][4]$a$5852 [5:0] }, B={ 2'01 $memory$auto$proc_rom.cc:155:do_switch$1450$rdmux[0][3][4]$b$5853 [6:0] }, Y=$memory$auto$proc_rom.cc:155:do_switch$1450$rdmux[0][2][2]$a$5834 [8:0]
      New connections: $memory$auto$proc_rom.cc:155:do_switch$1450$rdmux[0][2][2]$a$5834 [9] = 1'0
    Consolidated identical input bits for $mux cell $memory$auto$proc_rom.cc:155:do_switch$1450$rdmux[0][3][3]$5848:
      Old ports: A=$memory$auto$proc_rom.cc:155:do_switch$1450$rdmux[0][3][3]$a$5849, B=$memory$auto$proc_rom.cc:155:do_switch$1450$rdmux[0][3][3]$b$5850, Y=$memory$auto$proc_rom.cc:155:do_switch$1450$rdmux[0][2][1]$b$5832
      New ports: A={ 1'1 $memory$auto$proc_rom.cc:155:do_switch$1450$rdmux[0][3][3]$a$5849 [5:0] }, B=$memory$auto$proc_rom.cc:155:do_switch$1450$rdmux[0][3][3]$b$5850 [6:0], Y=$memory$auto$proc_rom.cc:155:do_switch$1450$rdmux[0][2][1]$b$5832 [6:0]
      New connections: $memory$auto$proc_rom.cc:155:do_switch$1450$rdmux[0][2][1]$b$5832 [9:7] = 3'010
    Consolidated identical input bits for $mux cell $memory$auto$proc_rom.cc:155:do_switch$1450$rdmux[0][3][1]$5842:
      Old ports: A=$memory$auto$proc_rom.cc:155:do_switch$1450$rdmux[0][3][1]$a$5843, B=$memory$auto$proc_rom.cc:155:do_switch$1450$rdmux[0][3][1]$b$5844, Y=$memory$auto$proc_rom.cc:155:do_switch$1450$rdmux[0][2][0]$b$5829
      New ports: A=$memory$auto$proc_rom.cc:155:do_switch$1450$rdmux[0][3][1]$a$5843 [7:0], B={ 1'0 $memory$auto$proc_rom.cc:155:do_switch$1450$rdmux[0][3][1]$b$5844 [6:0] }, Y=$memory$auto$proc_rom.cc:155:do_switch$1450$rdmux[0][2][0]$b$5829 [7:0]
      New connections: $memory$auto$proc_rom.cc:155:do_switch$1450$rdmux[0][2][0]$b$5829 [9:8] = 2'10
    Consolidated identical input bits for $mux cell $memory$auto$proc_rom.cc:155:do_switch$1450$rdmux[0][3][0]$5839:
      Old ports: A=$memory$auto$proc_rom.cc:155:do_switch$1450$rdmux[0][3][0]$a$5840, B=$memory$auto$proc_rom.cc:155:do_switch$1450$rdmux[0][3][0]$b$5841, Y=$memory$auto$proc_rom.cc:155:do_switch$1450$rdmux[0][2][0]$a$5828
      New ports: A={ 1'1 $memory$auto$proc_rom.cc:155:do_switch$1450$rdmux[0][3][0]$a$5840 [7:0] }, B=$memory$auto$proc_rom.cc:155:do_switch$1450$rdmux[0][3][0]$b$5841 [8:0], Y=$memory$auto$proc_rom.cc:155:do_switch$1450$rdmux[0][2][0]$a$5828 [8:0]
      New connections: $memory$auto$proc_rom.cc:155:do_switch$1450$rdmux[0][2][0]$a$5828 [9] = 1'1
    Consolidated identical input bits for $mux cell $procmux$2388:
      Old ports: A=$11\approximate_rsqrt$func$rtl/fp16_rsqrt_lut256.sv:79$229.leading_one[31:0]$350, B=5, Y=$12\approximate_rsqrt$func$rtl/fp16_rsqrt_lut256.sv:79$229.leading_one[31:0]$353
      New ports: A={ $11\approximate_rsqrt$func$rtl/fp16_rsqrt_lut256.sv:79$229.leading_one[31:0]$350 [4:3] $11\approximate_rsqrt$func$rtl/fp16_rsqrt_lut256.sv:79$229.leading_one[31:0]$350 [1] $11\approximate_rsqrt$func$rtl/fp16_rsqrt_lut256.sv:79$229.leading_one[31:0]$350 [1:0] }, B=5'00101, Y=$12\approximate_rsqrt$func$rtl/fp16_rsqrt_lut256.sv:79$229.leading_one[31:0]$353 [4:0]
      New connections: $12\approximate_rsqrt$func$rtl/fp16_rsqrt_lut256.sv:79$229.leading_one[31:0]$353 [31:5] = { $12\approximate_rsqrt$func$rtl/fp16_rsqrt_lut256.sv:79$229.leading_one[31:0]$353 [4] $12\approximate_rsqrt$func$rtl/fp16_rsqrt_lut256.sv:79$229.leading_one[31:0]$353 [4] $12\approximate_rsqrt$func$rtl/fp16_rsqrt_lut256.sv:79$229.leading_one[31:0]$353 [4] $12\approximate_rsqrt$func$rtl/fp16_rsqrt_lut256.sv:79$229.leading_one[31:0]$353 [4] $12\approximate_rsqrt$func$rtl/fp16_rsqrt_lut256.sv:79$229.leading_one[31:0]$353 [4] $12\approximate_rsqrt$func$rtl/fp16_rsqrt_lut256.sv:79$229.leading_one[31:0]$353 [4] $12\approximate_rsqrt$func$rtl/fp16_rsqrt_lut256.sv:79$229.leading_one[31:0]$353 [4] $12\approximate_rsqrt$func$rtl/fp16_rsqrt_lut256.sv:79$229.leading_one[31:0]$353 [4] $12\approximate_rsqrt$func$rtl/fp16_rsqrt_lut256.sv:79$229.leading_one[31:0]$353 [4] $12\approximate_rsqrt$func$rtl/fp16_rsqrt_lut256.sv:79$229.leading_one[31:0]$353 [4] $12\approximate_rsqrt$func$rtl/fp16_rsqrt_lut256.sv:79$229.leading_one[31:0]$353 [4] $12\approximate_rsqrt$func$rtl/fp16_rsqrt_lut256.sv:79$229.leading_one[31:0]$353 [4] $12\approximate_rsqrt$func$rtl/fp16_rsqrt_lut256.sv:79$229.leading_one[31:0]$353 [4] $12\approximate_rsqrt$func$rtl/fp16_rsqrt_lut256.sv:79$229.leading_one[31:0]$353 [4] $12\approximate_rsqrt$func$rtl/fp16_rsqrt_lut256.sv:79$229.leading_one[31:0]$353 [4] $12\approximate_rsqrt$func$rtl/fp16_rsqrt_lut256.sv:79$229.leading_one[31:0]$353 [4] $12\approximate_rsqrt$func$rtl/fp16_rsqrt_lut256.sv:79$229.leading_one[31:0]$353 [4] $12\approximate_rsqrt$func$rtl/fp16_rsqrt_lut256.sv:79$229.leading_one[31:0]$353 [4] $12\approximate_rsqrt$func$rtl/fp16_rsqrt_lut256.sv:79$229.leading_one[31:0]$353 [4] $12\approximate_rsqrt$func$rtl/fp16_rsqrt_lut256.sv:79$229.leading_one[31:0]$353 [4] $12\approximate_rsqrt$func$rtl/fp16_rsqrt_lut256.sv:79$229.leading_one[31:0]$353 [4] $12\approximate_rsqrt$func$rtl/fp16_rsqrt_lut256.sv:79$229.leading_one[31:0]$353 [4] $12\approximate_rsqrt$func$rtl/fp16_rsqrt_lut256.sv:79$229.leading_one[31:0]$353 [4] $12\approximate_rsqrt$func$rtl/fp16_rsqrt_lut256.sv:79$229.leading_one[31:0]$353 [4] $12\approximate_rsqrt$func$rtl/fp16_rsqrt_lut256.sv:79$229.leading_one[31:0]$353 [4] $12\approximate_rsqrt$func$rtl/fp16_rsqrt_lut256.sv:79$229.leading_one[31:0]$353 [4] $12\approximate_rsqrt$func$rtl/fp16_rsqrt_lut256.sv:79$229.leading_one[31:0]$353 [4] }
  Optimizing cells in module \fp16_rsqrt_lut256.
    Consolidated identical input bits for $mux cell $memory$auto$proc_rom.cc:155:do_switch$1450$rdmux[0][2][3]$5836:
      Old ports: A=$memory$auto$proc_rom.cc:155:do_switch$1450$rdmux[0][2][3]$a$5837, B=$memory$auto$proc_rom.cc:155:do_switch$1450$rdmux[0][2][3]$b$5838, Y=$memory$auto$proc_rom.cc:155:do_switch$1450$rdmux[0][1][1]$b$5826
      New ports: A=$memory$auto$proc_rom.cc:155:do_switch$1450$rdmux[0][2][3]$a$5837 [6:0], B={ 1'0 $memory$auto$proc_rom.cc:155:do_switch$1450$rdmux[0][2][3]$b$5838 [5:0] }, Y=$memory$auto$proc_rom.cc:155:do_switch$1450$rdmux[0][1][1]$b$5826 [6:0]
      New connections: $memory$auto$proc_rom.cc:155:do_switch$1450$rdmux[0][1][1]$b$5826 [9:7] = 3'000
    Consolidated identical input bits for $mux cell $memory$auto$proc_rom.cc:155:do_switch$1450$rdmux[0][2][2]$5833:
      Old ports: A=$memory$auto$proc_rom.cc:155:do_switch$1450$rdmux[0][2][2]$a$5834, B=$memory$auto$proc_rom.cc:155:do_switch$1450$rdmux[0][2][2]$b$5835, Y=$memory$auto$proc_rom.cc:155:do_switch$1450$rdmux[0][1][1]$a$5825
      New ports: A=$memory$auto$proc_rom.cc:155:do_switch$1450$rdmux[0][2][2]$a$5834 [8:0], B={ 1'0 $memory$auto$proc_rom.cc:155:do_switch$1450$rdmux[0][2][2]$b$5835 [7:0] }, Y=$memory$auto$proc_rom.cc:155:do_switch$1450$rdmux[0][1][1]$a$5825 [8:0]
      New connections: $memory$auto$proc_rom.cc:155:do_switch$1450$rdmux[0][1][1]$a$5825 [9] = 1'0
    Consolidated identical input bits for $mux cell $memory$auto$proc_rom.cc:155:do_switch$1450$rdmux[0][2][0]$5827:
      Old ports: A=$memory$auto$proc_rom.cc:155:do_switch$1450$rdmux[0][2][0]$a$5828, B=$memory$auto$proc_rom.cc:155:do_switch$1450$rdmux[0][2][0]$b$5829, Y=$memory$auto$proc_rom.cc:155:do_switch$1450$rdmux[0][1][0]$a$5822
      New ports: A=$memory$auto$proc_rom.cc:155:do_switch$1450$rdmux[0][2][0]$a$5828 [8:0], B={ 1'0 $memory$auto$proc_rom.cc:155:do_switch$1450$rdmux[0][2][0]$b$5829 [7:0] }, Y=$memory$auto$proc_rom.cc:155:do_switch$1450$rdmux[0][1][0]$a$5822 [8:0]
      New connections: $memory$auto$proc_rom.cc:155:do_switch$1450$rdmux[0][1][0]$a$5822 [9] = 1'1
    Consolidated identical input bits for $mux cell $procmux$2367:
      Old ports: A=$12\approximate_rsqrt$func$rtl/fp16_rsqrt_lut256.sv:79$229.leading_one[31:0]$353, B=4, Y=$13\approximate_rsqrt$func$rtl/fp16_rsqrt_lut256.sv:79$229.leading_one[31:0]$356
      New ports: A=$12\approximate_rsqrt$func$rtl/fp16_rsqrt_lut256.sv:79$229.leading_one[31:0]$353 [4:0], B=5'00100, Y=$13\approximate_rsqrt$func$rtl/fp16_rsqrt_lut256.sv:79$229.leading_one[31:0]$356 [4:0]
      New connections: $13\approximate_rsqrt$func$rtl/fp16_rsqrt_lut256.sv:79$229.leading_one[31:0]$356 [31:5] = { $13\approximate_rsqrt$func$rtl/fp16_rsqrt_lut256.sv:79$229.leading_one[31:0]$356 [4] $13\approximate_rsqrt$func$rtl/fp16_rsqrt_lut256.sv:79$229.leading_one[31:0]$356 [4] $13\approximate_rsqrt$func$rtl/fp16_rsqrt_lut256.sv:79$229.leading_one[31:0]$356 [4] $13\approximate_rsqrt$func$rtl/fp16_rsqrt_lut256.sv:79$229.leading_one[31:0]$356 [4] $13\approximate_rsqrt$func$rtl/fp16_rsqrt_lut256.sv:79$229.leading_one[31:0]$356 [4] $13\approximate_rsqrt$func$rtl/fp16_rsqrt_lut256.sv:79$229.leading_one[31:0]$356 [4] $13\approximate_rsqrt$func$rtl/fp16_rsqrt_lut256.sv:79$229.leading_one[31:0]$356 [4] $13\approximate_rsqrt$func$rtl/fp16_rsqrt_lut256.sv:79$229.leading_one[31:0]$356 [4] $13\approximate_rsqrt$func$rtl/fp16_rsqrt_lut256.sv:79$229.leading_one[31:0]$356 [4] $13\approximate_rsqrt$func$rtl/fp16_rsqrt_lut256.sv:79$229.leading_one[31:0]$356 [4] $13\approximate_rsqrt$func$rtl/fp16_rsqrt_lut256.sv:79$229.leading_one[31:0]$356 [4] $13\approximate_rsqrt$func$rtl/fp16_rsqrt_lut256.sv:79$229.leading_one[31:0]$356 [4] $13\approximate_rsqrt$func$rtl/fp16_rsqrt_lut256.sv:79$229.leading_one[31:0]$356 [4] $13\approximate_rsqrt$func$rtl/fp16_rsqrt_lut256.sv:79$229.leading_one[31:0]$356 [4] $13\approximate_rsqrt$func$rtl/fp16_rsqrt_lut256.sv:79$229.leading_one[31:0]$356 [4] $13\approximate_rsqrt$func$rtl/fp16_rsqrt_lut256.sv:79$229.leading_one[31:0]$356 [4] $13\approximate_rsqrt$func$rtl/fp16_rsqrt_lut256.sv:79$229.leading_one[31:0]$356 [4] $13\approximate_rsqrt$func$rtl/fp16_rsqrt_lut256.sv:79$229.leading_one[31:0]$356 [4] $13\approximate_rsqrt$func$rtl/fp16_rsqrt_lut256.sv:79$229.leading_one[31:0]$356 [4] $13\approximate_rsqrt$func$rtl/fp16_rsqrt_lut256.sv:79$229.leading_one[31:0]$356 [4] $13\approximate_rsqrt$func$rtl/fp16_rsqrt_lut256.sv:79$229.leading_one[31:0]$356 [4] $13\approximate_rsqrt$func$rtl/fp16_rsqrt_lut256.sv:79$229.leading_one[31:0]$356 [4] $13\approximate_rsqrt$func$rtl/fp16_rsqrt_lut256.sv:79$229.leading_one[31:0]$356 [4] $13\approximate_rsqrt$func$rtl/fp16_rsqrt_lut256.sv:79$229.leading_one[31:0]$356 [4] $13\approximate_rsqrt$func$rtl/fp16_rsqrt_lut256.sv:79$229.leading_one[31:0]$356 [4] $13\approximate_rsqrt$func$rtl/fp16_rsqrt_lut256.sv:79$229.leading_one[31:0]$356 [4] $13\approximate_rsqrt$func$rtl/fp16_rsqrt_lut256.sv:79$229.leading_one[31:0]$356 [4] }
  Optimizing cells in module \fp16_rsqrt_lut256.
    Consolidated identical input bits for $mux cell $memory$auto$proc_rom.cc:155:do_switch$1450$rdmux[0][1][1]$5824:
      Old ports: A=$memory$auto$proc_rom.cc:155:do_switch$1450$rdmux[0][1][1]$a$5825, B=$memory$auto$proc_rom.cc:155:do_switch$1450$rdmux[0][1][1]$b$5826, Y=$memory$auto$proc_rom.cc:155:do_switch$1450$rdmux[0][0][0]$b$5820
      New ports: A=$memory$auto$proc_rom.cc:155:do_switch$1450$rdmux[0][1][1]$a$5825 [8:0], B={ 2'00 $memory$auto$proc_rom.cc:155:do_switch$1450$rdmux[0][1][1]$b$5826 [6:0] }, Y=$memory$auto$proc_rom.cc:155:do_switch$1450$rdmux[0][0][0]$b$5820 [8:0]
      New connections: $memory$auto$proc_rom.cc:155:do_switch$1450$rdmux[0][0][0]$b$5820 [9] = 1'0
    Consolidated identical input bits for $mux cell $procmux$2346:
      Old ports: A=$13\approximate_rsqrt$func$rtl/fp16_rsqrt_lut256.sv:79$229.leading_one[31:0]$356, B=3, Y=$14\approximate_rsqrt$func$rtl/fp16_rsqrt_lut256.sv:79$229.leading_one[31:0]$359
      New ports: A=$13\approximate_rsqrt$func$rtl/fp16_rsqrt_lut256.sv:79$229.leading_one[31:0]$356 [4:0], B=5'00011, Y=$14\approximate_rsqrt$func$rtl/fp16_rsqrt_lut256.sv:79$229.leading_one[31:0]$359 [4:0]
      New connections: $14\approximate_rsqrt$func$rtl/fp16_rsqrt_lut256.sv:79$229.leading_one[31:0]$359 [31:5] = { $14\approximate_rsqrt$func$rtl/fp16_rsqrt_lut256.sv:79$229.leading_one[31:0]$359 [4] $14\approximate_rsqrt$func$rtl/fp16_rsqrt_lut256.sv:79$229.leading_one[31:0]$359 [4] $14\approximate_rsqrt$func$rtl/fp16_rsqrt_lut256.sv:79$229.leading_one[31:0]$359 [4] $14\approximate_rsqrt$func$rtl/fp16_rsqrt_lut256.sv:79$229.leading_one[31:0]$359 [4] $14\approximate_rsqrt$func$rtl/fp16_rsqrt_lut256.sv:79$229.leading_one[31:0]$359 [4] $14\approximate_rsqrt$func$rtl/fp16_rsqrt_lut256.sv:79$229.leading_one[31:0]$359 [4] $14\approximate_rsqrt$func$rtl/fp16_rsqrt_lut256.sv:79$229.leading_one[31:0]$359 [4] $14\approximate_rsqrt$func$rtl/fp16_rsqrt_lut256.sv:79$229.leading_one[31:0]$359 [4] $14\approximate_rsqrt$func$rtl/fp16_rsqrt_lut256.sv:79$229.leading_one[31:0]$359 [4] $14\approximate_rsqrt$func$rtl/fp16_rsqrt_lut256.sv:79$229.leading_one[31:0]$359 [4] $14\approximate_rsqrt$func$rtl/fp16_rsqrt_lut256.sv:79$229.leading_one[31:0]$359 [4] $14\approximate_rsqrt$func$rtl/fp16_rsqrt_lut256.sv:79$229.leading_one[31:0]$359 [4] $14\approximate_rsqrt$func$rtl/fp16_rsqrt_lut256.sv:79$229.leading_one[31:0]$359 [4] $14\approximate_rsqrt$func$rtl/fp16_rsqrt_lut256.sv:79$229.leading_one[31:0]$359 [4] $14\approximate_rsqrt$func$rtl/fp16_rsqrt_lut256.sv:79$229.leading_one[31:0]$359 [4] $14\approximate_rsqrt$func$rtl/fp16_rsqrt_lut256.sv:79$229.leading_one[31:0]$359 [4] $14\approximate_rsqrt$func$rtl/fp16_rsqrt_lut256.sv:79$229.leading_one[31:0]$359 [4] $14\approximate_rsqrt$func$rtl/fp16_rsqrt_lut256.sv:79$229.leading_one[31:0]$359 [4] $14\approximate_rsqrt$func$rtl/fp16_rsqrt_lut256.sv:79$229.leading_one[31:0]$359 [4] $14\approximate_rsqrt$func$rtl/fp16_rsqrt_lut256.sv:79$229.leading_one[31:0]$359 [4] $14\approximate_rsqrt$func$rtl/fp16_rsqrt_lut256.sv:79$229.leading_one[31:0]$359 [4] $14\approximate_rsqrt$func$rtl/fp16_rsqrt_lut256.sv:79$229.leading_one[31:0]$359 [4] $14\approximate_rsqrt$func$rtl/fp16_rsqrt_lut256.sv:79$229.leading_one[31:0]$359 [4] $14\approximate_rsqrt$func$rtl/fp16_rsqrt_lut256.sv:79$229.leading_one[31:0]$359 [4] $14\approximate_rsqrt$func$rtl/fp16_rsqrt_lut256.sv:79$229.leading_one[31:0]$359 [4] $14\approximate_rsqrt$func$rtl/fp16_rsqrt_lut256.sv:79$229.leading_one[31:0]$359 [4] $14\approximate_rsqrt$func$rtl/fp16_rsqrt_lut256.sv:79$229.leading_one[31:0]$359 [4] }
  Optimizing cells in module \fp16_rsqrt_lut256.
    Consolidated identical input bits for $mux cell $procmux$2325:
      Old ports: A=$14\approximate_rsqrt$func$rtl/fp16_rsqrt_lut256.sv:79$229.leading_one[31:0]$359, B=2, Y=$15\approximate_rsqrt$func$rtl/fp16_rsqrt_lut256.sv:79$229.leading_one[31:0]$362
      New ports: A=$14\approximate_rsqrt$func$rtl/fp16_rsqrt_lut256.sv:79$229.leading_one[31:0]$359 [4:0], B=5'00010, Y=$15\approximate_rsqrt$func$rtl/fp16_rsqrt_lut256.sv:79$229.leading_one[31:0]$362 [4:0]
      New connections: $15\approximate_rsqrt$func$rtl/fp16_rsqrt_lut256.sv:79$229.leading_one[31:0]$362 [31:5] = { $15\approximate_rsqrt$func$rtl/fp16_rsqrt_lut256.sv:79$229.leading_one[31:0]$362 [4] $15\approximate_rsqrt$func$rtl/fp16_rsqrt_lut256.sv:79$229.leading_one[31:0]$362 [4] $15\approximate_rsqrt$func$rtl/fp16_rsqrt_lut256.sv:79$229.leading_one[31:0]$362 [4] $15\approximate_rsqrt$func$rtl/fp16_rsqrt_lut256.sv:79$229.leading_one[31:0]$362 [4] $15\approximate_rsqrt$func$rtl/fp16_rsqrt_lut256.sv:79$229.leading_one[31:0]$362 [4] $15\approximate_rsqrt$func$rtl/fp16_rsqrt_lut256.sv:79$229.leading_one[31:0]$362 [4] $15\approximate_rsqrt$func$rtl/fp16_rsqrt_lut256.sv:79$229.leading_one[31:0]$362 [4] $15\approximate_rsqrt$func$rtl/fp16_rsqrt_lut256.sv:79$229.leading_one[31:0]$362 [4] $15\approximate_rsqrt$func$rtl/fp16_rsqrt_lut256.sv:79$229.leading_one[31:0]$362 [4] $15\approximate_rsqrt$func$rtl/fp16_rsqrt_lut256.sv:79$229.leading_one[31:0]$362 [4] $15\approximate_rsqrt$func$rtl/fp16_rsqrt_lut256.sv:79$229.leading_one[31:0]$362 [4] $15\approximate_rsqrt$func$rtl/fp16_rsqrt_lut256.sv:79$229.leading_one[31:0]$362 [4] $15\approximate_rsqrt$func$rtl/fp16_rsqrt_lut256.sv:79$229.leading_one[31:0]$362 [4] $15\approximate_rsqrt$func$rtl/fp16_rsqrt_lut256.sv:79$229.leading_one[31:0]$362 [4] $15\approximate_rsqrt$func$rtl/fp16_rsqrt_lut256.sv:79$229.leading_one[31:0]$362 [4] $15\approximate_rsqrt$func$rtl/fp16_rsqrt_lut256.sv:79$229.leading_one[31:0]$362 [4] $15\approximate_rsqrt$func$rtl/fp16_rsqrt_lut256.sv:79$229.leading_one[31:0]$362 [4] $15\approximate_rsqrt$func$rtl/fp16_rsqrt_lut256.sv:79$229.leading_one[31:0]$362 [4] $15\approximate_rsqrt$func$rtl/fp16_rsqrt_lut256.sv:79$229.leading_one[31:0]$362 [4] $15\approximate_rsqrt$func$rtl/fp16_rsqrt_lut256.sv:79$229.leading_one[31:0]$362 [4] $15\approximate_rsqrt$func$rtl/fp16_rsqrt_lut256.sv:79$229.leading_one[31:0]$362 [4] $15\approximate_rsqrt$func$rtl/fp16_rsqrt_lut256.sv:79$229.leading_one[31:0]$362 [4] $15\approximate_rsqrt$func$rtl/fp16_rsqrt_lut256.sv:79$229.leading_one[31:0]$362 [4] $15\approximate_rsqrt$func$rtl/fp16_rsqrt_lut256.sv:79$229.leading_one[31:0]$362 [4] $15\approximate_rsqrt$func$rtl/fp16_rsqrt_lut256.sv:79$229.leading_one[31:0]$362 [4] $15\approximate_rsqrt$func$rtl/fp16_rsqrt_lut256.sv:79$229.leading_one[31:0]$362 [4] $15\approximate_rsqrt$func$rtl/fp16_rsqrt_lut256.sv:79$229.leading_one[31:0]$362 [4] }
  Optimizing cells in module \fp16_rsqrt_lut256.
    Consolidated identical input bits for $mux cell $procmux$2304:
      Old ports: A=$15\approximate_rsqrt$func$rtl/fp16_rsqrt_lut256.sv:79$229.leading_one[31:0]$362, B=1, Y=$16\approximate_rsqrt$func$rtl/fp16_rsqrt_lut256.sv:79$229.leading_one[31:0]$365
      New ports: A=$15\approximate_rsqrt$func$rtl/fp16_rsqrt_lut256.sv:79$229.leading_one[31:0]$362 [4:0], B=5'00001, Y=$16\approximate_rsqrt$func$rtl/fp16_rsqrt_lut256.sv:79$229.leading_one[31:0]$365 [4:0]
      New connections: $16\approximate_rsqrt$func$rtl/fp16_rsqrt_lut256.sv:79$229.leading_one[31:0]$365 [31:5] = { $16\approximate_rsqrt$func$rtl/fp16_rsqrt_lut256.sv:79$229.leading_one[31:0]$365 [4] $16\approximate_rsqrt$func$rtl/fp16_rsqrt_lut256.sv:79$229.leading_one[31:0]$365 [4] $16\approximate_rsqrt$func$rtl/fp16_rsqrt_lut256.sv:79$229.leading_one[31:0]$365 [4] $16\approximate_rsqrt$func$rtl/fp16_rsqrt_lut256.sv:79$229.leading_one[31:0]$365 [4] $16\approximate_rsqrt$func$rtl/fp16_rsqrt_lut256.sv:79$229.leading_one[31:0]$365 [4] $16\approximate_rsqrt$func$rtl/fp16_rsqrt_lut256.sv:79$229.leading_one[31:0]$365 [4] $16\approximate_rsqrt$func$rtl/fp16_rsqrt_lut256.sv:79$229.leading_one[31:0]$365 [4] $16\approximate_rsqrt$func$rtl/fp16_rsqrt_lut256.sv:79$229.leading_one[31:0]$365 [4] $16\approximate_rsqrt$func$rtl/fp16_rsqrt_lut256.sv:79$229.leading_one[31:0]$365 [4] $16\approximate_rsqrt$func$rtl/fp16_rsqrt_lut256.sv:79$229.leading_one[31:0]$365 [4] $16\approximate_rsqrt$func$rtl/fp16_rsqrt_lut256.sv:79$229.leading_one[31:0]$365 [4] $16\approximate_rsqrt$func$rtl/fp16_rsqrt_lut256.sv:79$229.leading_one[31:0]$365 [4] $16\approximate_rsqrt$func$rtl/fp16_rsqrt_lut256.sv:79$229.leading_one[31:0]$365 [4] $16\approximate_rsqrt$func$rtl/fp16_rsqrt_lut256.sv:79$229.leading_one[31:0]$365 [4] $16\approximate_rsqrt$func$rtl/fp16_rsqrt_lut256.sv:79$229.leading_one[31:0]$365 [4] $16\approximate_rsqrt$func$rtl/fp16_rsqrt_lut256.sv:79$229.leading_one[31:0]$365 [4] $16\approximate_rsqrt$func$rtl/fp16_rsqrt_lut256.sv:79$229.leading_one[31:0]$365 [4] $16\approximate_rsqrt$func$rtl/fp16_rsqrt_lut256.sv:79$229.leading_one[31:0]$365 [4] $16\approximate_rsqrt$func$rtl/fp16_rsqrt_lut256.sv:79$229.leading_one[31:0]$365 [4] $16\approximate_rsqrt$func$rtl/fp16_rsqrt_lut256.sv:79$229.leading_one[31:0]$365 [4] $16\approximate_rsqrt$func$rtl/fp16_rsqrt_lut256.sv:79$229.leading_one[31:0]$365 [4] $16\approximate_rsqrt$func$rtl/fp16_rsqrt_lut256.sv:79$229.leading_one[31:0]$365 [4] $16\approximate_rsqrt$func$rtl/fp16_rsqrt_lut256.sv:79$229.leading_one[31:0]$365 [4] $16\approximate_rsqrt$func$rtl/fp16_rsqrt_lut256.sv:79$229.leading_one[31:0]$365 [4] $16\approximate_rsqrt$func$rtl/fp16_rsqrt_lut256.sv:79$229.leading_one[31:0]$365 [4] $16\approximate_rsqrt$func$rtl/fp16_rsqrt_lut256.sv:79$229.leading_one[31:0]$365 [4] $16\approximate_rsqrt$func$rtl/fp16_rsqrt_lut256.sv:79$229.leading_one[31:0]$365 [4] }
  Optimizing cells in module \fp16_rsqrt_lut256.
    Consolidated identical input bits for $mux cell $procmux$2283:
      Old ports: A=$16\approximate_rsqrt$func$rtl/fp16_rsqrt_lut256.sv:79$229.leading_one[31:0]$365, B=0, Y=$17\approximate_rsqrt$func$rtl/fp16_rsqrt_lut256.sv:79$229.leading_one[31:0]$368
      New ports: A=$16\approximate_rsqrt$func$rtl/fp16_rsqrt_lut256.sv:79$229.leading_one[31:0]$365 [4:0], B=5'00000, Y=$17\approximate_rsqrt$func$rtl/fp16_rsqrt_lut256.sv:79$229.leading_one[31:0]$368 [4:0]
      New connections: $17\approximate_rsqrt$func$rtl/fp16_rsqrt_lut256.sv:79$229.leading_one[31:0]$368 [31:5] = { $17\approximate_rsqrt$func$rtl/fp16_rsqrt_lut256.sv:79$229.leading_one[31:0]$368 [4] $17\approximate_rsqrt$func$rtl/fp16_rsqrt_lut256.sv:79$229.leading_one[31:0]$368 [4] $17\approximate_rsqrt$func$rtl/fp16_rsqrt_lut256.sv:79$229.leading_one[31:0]$368 [4] $17\approximate_rsqrt$func$rtl/fp16_rsqrt_lut256.sv:79$229.leading_one[31:0]$368 [4] $17\approximate_rsqrt$func$rtl/fp16_rsqrt_lut256.sv:79$229.leading_one[31:0]$368 [4] $17\approximate_rsqrt$func$rtl/fp16_rsqrt_lut256.sv:79$229.leading_one[31:0]$368 [4] $17\approximate_rsqrt$func$rtl/fp16_rsqrt_lut256.sv:79$229.leading_one[31:0]$368 [4] $17\approximate_rsqrt$func$rtl/fp16_rsqrt_lut256.sv:79$229.leading_one[31:0]$368 [4] $17\approximate_rsqrt$func$rtl/fp16_rsqrt_lut256.sv:79$229.leading_one[31:0]$368 [4] $17\approximate_rsqrt$func$rtl/fp16_rsqrt_lut256.sv:79$229.leading_one[31:0]$368 [4] $17\approximate_rsqrt$func$rtl/fp16_rsqrt_lut256.sv:79$229.leading_one[31:0]$368 [4] $17\approximate_rsqrt$func$rtl/fp16_rsqrt_lut256.sv:79$229.leading_one[31:0]$368 [4] $17\approximate_rsqrt$func$rtl/fp16_rsqrt_lut256.sv:79$229.leading_one[31:0]$368 [4] $17\approximate_rsqrt$func$rtl/fp16_rsqrt_lut256.sv:79$229.leading_one[31:0]$368 [4] $17\approximate_rsqrt$func$rtl/fp16_rsqrt_lut256.sv:79$229.leading_one[31:0]$368 [4] $17\approximate_rsqrt$func$rtl/fp16_rsqrt_lut256.sv:79$229.leading_one[31:0]$368 [4] $17\approximate_rsqrt$func$rtl/fp16_rsqrt_lut256.sv:79$229.leading_one[31:0]$368 [4] $17\approximate_rsqrt$func$rtl/fp16_rsqrt_lut256.sv:79$229.leading_one[31:0]$368 [4] $17\approximate_rsqrt$func$rtl/fp16_rsqrt_lut256.sv:79$229.leading_one[31:0]$368 [4] $17\approximate_rsqrt$func$rtl/fp16_rsqrt_lut256.sv:79$229.leading_one[31:0]$368 [4] $17\approximate_rsqrt$func$rtl/fp16_rsqrt_lut256.sv:79$229.leading_one[31:0]$368 [4] $17\approximate_rsqrt$func$rtl/fp16_rsqrt_lut256.sv:79$229.leading_one[31:0]$368 [4] $17\approximate_rsqrt$func$rtl/fp16_rsqrt_lut256.sv:79$229.leading_one[31:0]$368 [4] $17\approximate_rsqrt$func$rtl/fp16_rsqrt_lut256.sv:79$229.leading_one[31:0]$368 [4] $17\approximate_rsqrt$func$rtl/fp16_rsqrt_lut256.sv:79$229.leading_one[31:0]$368 [4] $17\approximate_rsqrt$func$rtl/fp16_rsqrt_lut256.sv:79$229.leading_one[31:0]$368 [4] $17\approximate_rsqrt$func$rtl/fp16_rsqrt_lut256.sv:79$229.leading_one[31:0]$368 [4] }
  Optimizing cells in module \fp16_rsqrt_lut256.
  Optimizing cells in module \hierarchical_normalization_streaming_top.
Performed a total of 287 changes.

13.19.5. Executing OPT_MERGE pass (detect identical cells).
Finding identical cells in module `$paramod$7f46819eecda06228f84979737259751ccd53663\bank_normalization_multirow_vector_reducer'.
Finding identical cells in module `$paramod$865746d0c425e5bff1afb43fc0ca954cd0aab93f\logic_normalization_bank_barrier'.
Finding identical cells in module `$paramod$cf256f1e07155db3e20fb233046fedb4711c91b2\logic_normalization_scalar_engine_array'.
Finding identical cells in module `$paramod$e6d2582358ff6950cc507271baa264b5b8280dfa\logic_normalization_barrier_tree_top'.
Finding identical cells in module `$paramod$e6d2582358ff6950cc507271baa264b5b8280dfa\logic_normalization_parallel_tree_top'.
Finding identical cells in module `$paramod\logic_normalization_scalar_engine\TAG_WIDTH=32'00000000000000000000000000010000'.
Finding identical cells in module `\fp16_add'.
Finding identical cells in module `\fp16_mul'.
Finding identical cells in module `\fp16_rsqrt_lut256'.
<suppressed ~399 debug messages>
Finding identical cells in module `\hierarchical_normalization_streaming_top'.
Removed a total of 133 cells.

13.19.6. Executing OPT_SHARE pass.
    Found cells that share an operand and can be merged by moving the $mux $procmux$1618 in front of them:
        $auto$alumacc.cc:495:replace_alu$5082
        $auto$alumacc.cc:495:replace_alu$5071

    Found cells that share an operand and can be merged by moving the $mux $procmux$1630 in front of them:
        $auto$alumacc.cc:495:replace_alu$5085
        $auto$alumacc.cc:495:replace_alu$5074

    Found cells that share an operand and can be merged by moving the $mux $procmux$2007 in front of them:
        $auto$alumacc.cc:495:replace_alu$5151
        $auto$alumacc.cc:495:replace_alu$5142

13.19.7. Executing OPT_DFF pass (perform DFF optimizations).

13.19.8. Executing OPT_CLEAN pass (remove unused cells and wires).
Finding unused cells or wires in module $paramod$7f46819eecda06228f84979737259751ccd53663\bank_normalization_multirow_vector_reducer..
Finding unused cells or wires in module $paramod$865746d0c425e5bff1afb43fc0ca954cd0aab93f\logic_normalization_bank_barrier..
Finding unused cells or wires in module $paramod$cf256f1e07155db3e20fb233046fedb4711c91b2\logic_normalization_scalar_engine_array..
Finding unused cells or wires in module $paramod$e6d2582358ff6950cc507271baa264b5b8280dfa\logic_normalization_barrier_tree_top..
Finding unused cells or wires in module $paramod$e6d2582358ff6950cc507271baa264b5b8280dfa\logic_normalization_parallel_tree_top..
Finding unused cells or wires in module $paramod\logic_normalization_scalar_engine\TAG_WIDTH=32'00000000000000000000000000010000..
Finding unused cells or wires in module \fp16_add..
Finding unused cells or wires in module \fp16_mul..
Finding unused cells or wires in module \fp16_rsqrt_lut256..
Finding unused cells or wires in module \hierarchical_normalization_streaming_top..
Removed 0 unused cells and 407 unused wires.
<suppressed ~3 debug messages>

13.19.9. Executing OPT_EXPR pass (perform const folding).
Optimizing module $paramod$7f46819eecda06228f84979737259751ccd53663\bank_normalization_multirow_vector_reducer.
<suppressed ~4 debug messages>
Optimizing module $paramod$865746d0c425e5bff1afb43fc0ca954cd0aab93f\logic_normalization_bank_barrier.
Optimizing module $paramod$cf256f1e07155db3e20fb233046fedb4711c91b2\logic_normalization_scalar_engine_array.
Optimizing module $paramod$e6d2582358ff6950cc507271baa264b5b8280dfa\logic_normalization_barrier_tree_top.
Optimizing module $paramod$e6d2582358ff6950cc507271baa264b5b8280dfa\logic_normalization_parallel_tree_top.
<suppressed ~2 debug messages>
Optimizing module $paramod\logic_normalization_scalar_engine\TAG_WIDTH=32'00000000000000000000000000010000.
Optimizing module fp16_add.
Optimizing module fp16_mul.
Optimizing module fp16_rsqrt_lut256.
<suppressed ~3 debug messages>
Optimizing module hierarchical_normalization_streaming_top.

13.19.10. Rerunning OPT passes. (Maybe there is more to do..)

13.19.11. Executing OPT_MUXTREE pass (detect dead branches in mux trees).
Running muxtree optimizer on module $paramod$7f46819eecda06228f84979737259751ccd53663\bank_normalization_multirow_vector_reducer..
  Creating internal representation of mux trees.
  Evaluating internal representation of mux trees.
  Analyzing evaluation results.
Running muxtree optimizer on module $paramod$865746d0c425e5bff1afb43fc0ca954cd0aab93f\logic_normalization_bank_barrier..
  Creating internal representation of mux trees.
  Evaluating internal representation of mux trees.
  Analyzing evaluation results.
Running muxtree optimizer on module $paramod$cf256f1e07155db3e20fb233046fedb4711c91b2\logic_normalization_scalar_engine_array..
  Creating internal representation of mux trees.
  No muxes found in this module.
Running muxtree optimizer on module $paramod$e6d2582358ff6950cc507271baa264b5b8280dfa\logic_normalization_barrier_tree_top..
  Creating internal representation of mux trees.
  No muxes found in this module.
Running muxtree optimizer on module $paramod$e6d2582358ff6950cc507271baa264b5b8280dfa\logic_normalization_parallel_tree_top..
  Creating internal representation of mux trees.
  Evaluating internal representation of mux trees.
  Analyzing evaluation results.
Running muxtree optimizer on module $paramod\logic_normalization_scalar_engine\TAG_WIDTH=32'00000000000000000000000000010000..
  Creating internal representation of mux trees.
  Evaluating internal representation of mux trees.
  Analyzing evaluation results.
Running muxtree optimizer on module \fp16_add..
  Creating internal representation of mux trees.
  Evaluating internal representation of mux trees.
  Analyzing evaluation results.
Running muxtree optimizer on module \fp16_mul..
  Creating internal representation of mux trees.
  Evaluating internal representation of mux trees.
  Analyzing evaluation results.
Running muxtree optimizer on module \fp16_rsqrt_lut256..
  Creating internal representation of mux trees.
  Evaluating internal representation of mux trees.
  Analyzing evaluation results.
Running muxtree optimizer on module \hierarchical_normalization_streaming_top..
  Creating internal representation of mux trees.
  Evaluating internal representation of mux trees.
  Analyzing evaluation results.
Removed 0 multiplexer ports.
<suppressed ~159 debug messages>

13.19.12. Executing OPT_REDUCE pass (consolidate $*mux and $reduce_* inputs).
  Optimizing cells in module $paramod$7f46819eecda06228f84979737259751ccd53663\bank_normalization_multirow_vector_reducer.
    Consolidated identical input bits for $mux cell $auto$opt_share.cc:244:merge_operators$6586:
      Old ports: A=3'111, B=3'001, Y=$auto$rtlil.cc:2914:Mux$6587
      New ports: A=1'1, B=1'0, Y=$auto$rtlil.cc:2914:Mux$6587 [1]
      New connections: { $auto$rtlil.cc:2914:Mux$6587 [2] $auto$rtlil.cc:2914:Mux$6587 [0] } = { $auto$rtlil.cc:2914:Mux$6587 [1] 1'1 }
    Consolidated identical input bits for $mux cell $auto$opt_share.cc:244:merge_operators$6593:
      Old ports: A=3'111, B=3'001, Y=$auto$rtlil.cc:2914:Mux$6594
      New ports: A=1'1, B=1'0, Y=$auto$rtlil.cc:2914:Mux$6594 [1]
      New connections: { $auto$rtlil.cc:2914:Mux$6594 [2] $auto$rtlil.cc:2914:Mux$6594 [0] } = { $auto$rtlil.cc:2914:Mux$6594 [1] 1'1 }
  Optimizing cells in module $paramod$7f46819eecda06228f84979737259751ccd53663\bank_normalization_multirow_vector_reducer.
  Optimizing cells in module $paramod$865746d0c425e5bff1afb43fc0ca954cd0aab93f\logic_normalization_bank_barrier.
  Optimizing cells in module $paramod$cf256f1e07155db3e20fb233046fedb4711c91b2\logic_normalization_scalar_engine_array.
  Optimizing cells in module $paramod$e6d2582358ff6950cc507271baa264b5b8280dfa\logic_normalization_barrier_tree_top.
  Optimizing cells in module $paramod$e6d2582358ff6950cc507271baa264b5b8280dfa\logic_normalization_parallel_tree_top.
    Consolidated identical input bits for $mux cell $auto$opt_share.cc:244:merge_operators$6600:
      Old ports: A=4'1111, B=4'0001, Y=$auto$rtlil.cc:2914:Mux$6601
      New ports: A=1'1, B=1'0, Y=$auto$rtlil.cc:2914:Mux$6601 [1]
      New connections: { $auto$rtlil.cc:2914:Mux$6601 [3:2] $auto$rtlil.cc:2914:Mux$6601 [0] } = { $auto$rtlil.cc:2914:Mux$6601 [1] $auto$rtlil.cc:2914:Mux$6601 [1] 1'1 }
  Optimizing cells in module $paramod$e6d2582358ff6950cc507271baa264b5b8280dfa\logic_normalization_parallel_tree_top.
  Optimizing cells in module $paramod\logic_normalization_scalar_engine\TAG_WIDTH=32'00000000000000000000000000010000.
  Optimizing cells in module \fp16_add.
  Optimizing cells in module \fp16_mul.
  Optimizing cells in module \fp16_rsqrt_lut256.
    Consolidated identical input bits for $mux cell $memory$auto$proc_rom.cc:155:do_switch$1450$rdmux[0][5][24]$5983:
      Old ports: A={ 1'1 $memory$auto$proc_rom.cc:155:do_switch$1450$rdmux[0][5][23]$b$5982 [2:1] }, B={ 1'0 $memory$auto$proc_rom.cc:155:do_switch$1450$rdmux[0][5][23]$b$5982 [2:1] }, Y=$memory$auto$proc_rom.cc:155:do_switch$1450$rdmux[0][4][12]$a$5900 [3:1]
      New ports: A=1'1, B=1'0, Y=$memory$auto$proc_rom.cc:155:do_switch$1450$rdmux[0][4][12]$a$5900 [3]
      New connections: $memory$auto$proc_rom.cc:155:do_switch$1450$rdmux[0][4][12]$a$5900 [2:1] = $memory$auto$proc_rom.cc:155:do_switch$1450$rdmux[0][5][23]$b$5982 [2:1]
    Consolidated identical input bits for $mux cell $memory$auto$proc_rom.cc:155:do_switch$1450$rdmux[0][6][0]$6007:
      Old ports: A={ 1'1 $memory$auto$proc_rom.cc:155:do_switch$1450$rdmux[0][6][0]$a$6008 [4] 1'1 $memory$auto$proc_rom.cc:155:do_switch$1450$rdmux[0][6][0]$a$6008 [2] 1'0 }, B={ $memory$auto$proc_rom.cc:155:do_switch$1450$rdmux[0][6][0]$a$6008 [4] $memory$auto$proc_rom.cc:155:do_switch$1450$rdmux[0][6][0]$a$6008 [2] 1'0 $memory$auto$proc_rom.cc:155:do_switch$1450$rdmux[0][6][0]$a$6008 [2] 1'1 }, Y={ $memory$auto$proc_rom.cc:155:do_switch$1450$rdmux[0][5][0]$a$5912 [5:2] $memory$auto$proc_rom.cc:155:do_switch$1450$rdmux[0][5][0]$a$5912 [0] }
      New ports: A={ 1'1 $memory$auto$proc_rom.cc:155:do_switch$1450$rdmux[0][6][0]$a$6008 [4] 2'10 }, B={ $memory$auto$proc_rom.cc:155:do_switch$1450$rdmux[0][6][0]$a$6008 [4] $memory$auto$proc_rom.cc:155:do_switch$1450$rdmux[0][6][0]$a$6008 [2] 2'01 }, Y={ $memory$auto$proc_rom.cc:155:do_switch$1450$rdmux[0][5][0]$a$5912 [5:3] $memory$auto$proc_rom.cc:155:do_switch$1450$rdmux[0][5][0]$a$5912 [0] }
      New connections: $memory$auto$proc_rom.cc:155:do_switch$1450$rdmux[0][5][0]$a$5912 [2] = $memory$auto$proc_rom.cc:155:do_switch$1450$rdmux[0][6][0]$a$6008 [2]
    Consolidated identical input bits for $mux cell $memory$auto$proc_rom.cc:155:do_switch$1450$rdmux[0][6][18]$6061:
      Old ports: A={ $memory$auto$proc_rom.cc:155:do_switch$1450$rdmux[0][6][0]$a$6008 [2] $memory$auto$proc_rom.cc:155:do_switch$1450$rdmux[0][6][0]$a$6008 [2] $memory$auto$proc_rom.cc:155:do_switch$1450$rdmux[0][6][0]$a$6008 [2] $memory$auto$proc_rom.cc:155:do_switch$1450$rdmux[0][6][0]$a$6008 [4] $memory$auto$proc_rom.cc:155:do_switch$1450$rdmux[0][6][0]$a$6008 [2] }, B={ 1'1 $memory$auto$proc_rom.cc:155:do_switch$1450$rdmux[0][6][0]$a$6008 [4] $memory$auto$proc_rom.cc:155:do_switch$1450$rdmux[0][6][0]$a$6008 [2] 2'00 }, Y={ $memory$auto$proc_rom.cc:155:do_switch$1450$rdmux[0][5][9]$a$5939 [4:2] $memory$auto$proc_rom.cc:155:do_switch$1450$rdmux[0][5][9]$a$5939 [5] $memory$auto$proc_rom.cc:155:do_switch$1450$rdmux[0][5][9]$a$5939 [0] }
      New ports: A={ $memory$auto$proc_rom.cc:155:do_switch$1450$rdmux[0][6][0]$a$6008 [2] $memory$auto$proc_rom.cc:155:do_switch$1450$rdmux[0][6][0]$a$6008 [2] $memory$auto$proc_rom.cc:155:do_switch$1450$rdmux[0][6][0]$a$6008 [4] $memory$auto$proc_rom.cc:155:do_switch$1450$rdmux[0][6][0]$a$6008 [2] }, B={ 1'1 $memory$auto$proc_rom.cc:155:do_switch$1450$rdmux[0][6][0]$a$6008 [4] 2'00 }, Y={ $memory$auto$proc_rom.cc:155:do_switch$1450$rdmux[0][5][9]$a$5939 [4:3] $memory$auto$proc_rom.cc:155:do_switch$1450$rdmux[0][5][9]$a$5939 [5] $memory$auto$proc_rom.cc:155:do_switch$1450$rdmux[0][5][9]$a$5939 [0] }
      New connections: $memory$auto$proc_rom.cc:155:do_switch$1450$rdmux[0][5][9]$a$5939 [2] = $memory$auto$proc_rom.cc:155:do_switch$1450$rdmux[0][6][0]$a$6008 [2]
    Consolidated identical input bits for $mux cell $memory$auto$proc_rom.cc:155:do_switch$1450$rdmux[0][6][20]$6067:
      Old ports: A={ $memory$auto$proc_rom.cc:155:do_switch$1450$rdmux[0][6][10]$a$6038 [2] 1'1 }, B={ $memory$auto$proc_rom.cc:155:do_switch$1450$rdmux[0][6][10]$a$6038 [2] 1'0 }, Y={ $memory$auto$proc_rom.cc:155:do_switch$1450$rdmux[0][5][10]$a$5942 [2] $memory$auto$proc_rom.cc:155:do_switch$1450$rdmux[0][5][10]$a$5942 [3] }
      New ports: A=1'1, B=1'0, Y=$memory$auto$proc_rom.cc:155:do_switch$1450$rdmux[0][5][10]$a$5942 [3]
      New connections: $memory$auto$proc_rom.cc:155:do_switch$1450$rdmux[0][5][10]$a$5942 [2] = $memory$auto$proc_rom.cc:155:do_switch$1450$rdmux[0][6][10]$a$6038 [2]
    Consolidated identical input bits for $mux cell $memory$auto$proc_rom.cc:155:do_switch$1450$rdmux[0][6][22]$6073:
      Old ports: A={ 1'1 $memory$auto$proc_rom.cc:155:do_switch$1450$rdmux[0][6][0]$a$6008 [4] $memory$auto$proc_rom.cc:155:do_switch$1450$rdmux[0][6][0]$a$6008 [2] }, B={ $memory$auto$proc_rom.cc:155:do_switch$1450$rdmux[0][6][0]$a$6008 [4] $memory$auto$proc_rom.cc:155:do_switch$1450$rdmux[0][6][0]$a$6008 [2] $memory$auto$proc_rom.cc:155:do_switch$1450$rdmux[0][6][0]$a$6008 [2] }, Y=$memory$auto$proc_rom.cc:155:do_switch$1450$rdmux[0][5][11]$a$5945 [4:2]
      New ports: A={ 1'1 $memory$auto$proc_rom.cc:155:do_switch$1450$rdmux[0][6][0]$a$6008 [4] }, B={ $memory$auto$proc_rom.cc:155:do_switch$1450$rdmux[0][6][0]$a$6008 [4] $memory$auto$proc_rom.cc:155:do_switch$1450$rdmux[0][6][0]$a$6008 [2] }, Y=$memory$auto$proc_rom.cc:155:do_switch$1450$rdmux[0][5][11]$a$5945 [4:3]
      New connections: $memory$auto$proc_rom.cc:155:do_switch$1450$rdmux[0][5][11]$a$5945 [2] = $memory$auto$proc_rom.cc:155:do_switch$1450$rdmux[0][6][0]$a$6008 [2]
    Consolidated identical input bits for $mux cell $memory$auto$proc_rom.cc:155:do_switch$1450$rdmux[0][6][23]$6076:
      Old ports: A={ 2'10 $memory$auto$proc_rom.cc:155:do_switch$1450$rdmux[0][6][0]$a$6008 [4] $memory$auto$proc_rom.cc:155:do_switch$1450$rdmux[0][6][0]$a$6008 [2] }, B={ $memory$auto$proc_rom.cc:155:do_switch$1450$rdmux[0][6][0]$a$6008 [4] $memory$auto$proc_rom.cc:155:do_switch$1450$rdmux[0][6][0]$a$6008 [2] $memory$auto$proc_rom.cc:155:do_switch$1450$rdmux[0][6][0]$a$6008 [2] $memory$auto$proc_rom.cc:155:do_switch$1450$rdmux[0][6][0]$a$6008 [2] }, Y={ $memory$auto$proc_rom.cc:155:do_switch$1450$rdmux[0][5][11]$b$5946 [7:6] $memory$auto$proc_rom.cc:155:do_switch$1450$rdmux[0][5][11]$b$5946 [3:2] }
      New ports: A={ 2'10 $memory$auto$proc_rom.cc:155:do_switch$1450$rdmux[0][6][0]$a$6008 [4] }, B={ $memory$auto$proc_rom.cc:155:do_switch$1450$rdmux[0][6][0]$a$6008 [4] $memory$auto$proc_rom.cc:155:do_switch$1450$rdmux[0][6][0]$a$6008 [2] $memory$auto$proc_rom.cc:155:do_switch$1450$rdmux[0][6][0]$a$6008 [2] }, Y={ $memory$auto$proc_rom.cc:155:do_switch$1450$rdmux[0][5][11]$b$5946 [7:6] $memory$auto$proc_rom.cc:155:do_switch$1450$rdmux[0][5][11]$b$5946 [3] }
      New connections: $memory$auto$proc_rom.cc:155:do_switch$1450$rdmux[0][5][11]$b$5946 [2] = $memory$auto$proc_rom.cc:155:do_switch$1450$rdmux[0][6][0]$a$6008 [2]
    Consolidated identical input bits for $mux cell $memory$auto$proc_rom.cc:155:do_switch$1450$rdmux[0][6][2]$6013:
      Old ports: A={ $memory$auto$proc_rom.cc:155:do_switch$1450$rdmux[0][6][0]$a$6008 [4] $memory$auto$proc_rom.cc:155:do_switch$1450$rdmux[0][6][0]$a$6008 [2] 1'0 $memory$auto$proc_rom.cc:155:do_switch$1450$rdmux[0][6][0]$a$6008 [2] $memory$auto$proc_rom.cc:155:do_switch$1450$rdmux[0][6][0]$a$6008 [2] }, B={ 2'00 $memory$auto$proc_rom.cc:155:do_switch$1450$rdmux[0][6][0]$a$6008 [4] $memory$auto$proc_rom.cc:155:do_switch$1450$rdmux[0][6][0]$a$6008 [4] $memory$auto$proc_rom.cc:155:do_switch$1450$rdmux[0][6][0]$a$6008 [2] }, Y=$memory$auto$proc_rom.cc:155:do_switch$1450$rdmux[0][5][1]$a$5915 [5:1]
      New ports: A={ $memory$auto$proc_rom.cc:155:do_switch$1450$rdmux[0][6][0]$a$6008 [4] $memory$auto$proc_rom.cc:155:do_switch$1450$rdmux[0][6][0]$a$6008 [2] 1'0 $memory$auto$proc_rom.cc:155:do_switch$1450$rdmux[0][6][0]$a$6008 [2] }, B={ 2'00 $memory$auto$proc_rom.cc:155:do_switch$1450$rdmux[0][6][0]$a$6008 [4] $memory$auto$proc_rom.cc:155:do_switch$1450$rdmux[0][6][0]$a$6008 [4] }, Y=$memory$auto$proc_rom.cc:155:do_switch$1450$rdmux[0][5][1]$a$5915 [5:2]
      New connections: $memory$auto$proc_rom.cc:155:do_switch$1450$rdmux[0][5][1]$a$5915 [1] = $memory$auto$proc_rom.cc:155:do_switch$1450$rdmux[0][6][0]$a$6008 [2]
    Consolidated identical input bits for $mux cell $memory$auto$proc_rom.cc:155:do_switch$1450$rdmux[0][6][31]$6100:
      Old ports: A={ $memory$auto$proc_rom.cc:155:do_switch$1450$rdmux[0][6][0]$a$6008 [4] $memory$auto$proc_rom.cc:155:do_switch$1450$rdmux[0][6][0]$a$6008 [2] 1'1 $memory$auto$proc_rom.cc:155:do_switch$1450$rdmux[0][6][0]$a$6008 [2] }, B={ 1'0 $memory$auto$proc_rom.cc:155:do_switch$1450$rdmux[0][6][0]$a$6008 [4] 1'0 $memory$auto$proc_rom.cc:155:do_switch$1450$rdmux[0][6][0]$a$6008 [2] }, Y=$memory$auto$proc_rom.cc:155:do_switch$1450$rdmux[0][5][15]$b$5958 [3:0]
      New ports: A={ $memory$auto$proc_rom.cc:155:do_switch$1450$rdmux[0][6][0]$a$6008 [4] $memory$auto$proc_rom.cc:155:do_switch$1450$rdmux[0][6][0]$a$6008 [2] 1'1 }, B={ 1'0 $memory$auto$proc_rom.cc:155:do_switch$1450$rdmux[0][6][0]$a$6008 [4] 1'0 }, Y=$memory$auto$proc_rom.cc:155:do_switch$1450$rdmux[0][5][15]$b$5958 [3:1]
      New connections: $memory$auto$proc_rom.cc:155:do_switch$1450$rdmux[0][5][15]$b$5958 [0] = $memory$auto$proc_rom.cc:155:do_switch$1450$rdmux[0][6][0]$a$6008 [2]
    Consolidated identical input bits for $mux cell $memory$auto$proc_rom.cc:155:do_switch$1450$rdmux[0][6][32]$6103:
      Old ports: A={ 1'1 $memory$auto$proc_rom.cc:155:do_switch$1450$rdmux[0][6][0]$a$6008 [4] 1'1 $memory$auto$proc_rom.cc:155:do_switch$1450$rdmux[0][6][0]$a$6008 [2] }, B={ $memory$auto$proc_rom.cc:155:do_switch$1450$rdmux[0][6][0]$a$6008 [4] $memory$auto$proc_rom.cc:155:do_switch$1450$rdmux[0][6][0]$a$6008 [2] 1'0 $memory$auto$proc_rom.cc:155:do_switch$1450$rdmux[0][6][0]$a$6008 [2] }, Y=$memory$auto$proc_rom.cc:155:do_switch$1450$rdmux[0][5][16]$a$5960 [3:0]
      New ports: A={ 1'1 $memory$auto$proc_rom.cc:155:do_switch$1450$rdmux[0][6][0]$a$6008 [4] 1'1 }, B={ $memory$auto$proc_rom.cc:155:do_switch$1450$rdmux[0][6][0]$a$6008 [4] $memory$auto$proc_rom.cc:155:do_switch$1450$rdmux[0][6][0]$a$6008 [2] 1'0 }, Y=$memory$auto$proc_rom.cc:155:do_switch$1450$rdmux[0][5][16]$a$5960 [3:1]
      New connections: $memory$auto$proc_rom.cc:155:do_switch$1450$rdmux[0][5][16]$a$5960 [0] = $memory$auto$proc_rom.cc:155:do_switch$1450$rdmux[0][6][0]$a$6008 [2]
    Consolidated identical input bits for $mux cell $memory$auto$proc_rom.cc:155:do_switch$1450$rdmux[0][6][33]$6106:
      Old ports: A={ $memory$auto$proc_rom.cc:155:do_switch$1450$rdmux[0][6][0]$a$6008 [4] $memory$auto$proc_rom.cc:155:do_switch$1450$rdmux[0][6][0]$a$6008 [2] $memory$auto$proc_rom.cc:155:do_switch$1450$rdmux[0][6][0]$a$6008 [2] 1'1 $memory$auto$proc_rom.cc:155:do_switch$1450$rdmux[0][6][0]$a$6008 [2] }, B={ 2'01 $memory$auto$proc_rom.cc:155:do_switch$1450$rdmux[0][6][0]$a$6008 [4] 1'0 $memory$auto$proc_rom.cc:155:do_switch$1450$rdmux[0][6][0]$a$6008 [2] }, Y={ $memory$auto$proc_rom.cc:155:do_switch$1450$rdmux[0][5][16]$b$5961 [8:7] $memory$auto$proc_rom.cc:155:do_switch$1450$rdmux[0][5][16]$b$5961 [2:0] }
      New ports: A={ $memory$auto$proc_rom.cc:155:do_switch$1450$rdmux[0][6][0]$a$6008 [4] $memory$auto$proc_rom.cc:155:do_switch$1450$rdmux[0][6][0]$a$6008 [2] $memory$auto$proc_rom.cc:155:do_switch$1450$rdmux[0][6][0]$a$6008 [2] 1'1 }, B={ 2'01 $memory$auto$proc_rom.cc:155:do_switch$1450$rdmux[0][6][0]$a$6008 [4] 1'0 }, Y={ $memory$auto$proc_rom.cc:155:do_switch$1450$rdmux[0][5][16]$b$5961 [8:7] $memory$auto$proc_rom.cc:155:do_switch$1450$rdmux[0][5][16]$b$5961 [2:1] }
      New connections: $memory$auto$proc_rom.cc:155:do_switch$1450$rdmux[0][5][16]$b$5961 [0] = $memory$auto$proc_rom.cc:155:do_switch$1450$rdmux[0][6][0]$a$6008 [2]
    Consolidated identical input bits for $mux cell $memory$auto$proc_rom.cc:155:do_switch$1450$rdmux[0][6][41]$6130:
      Old ports: A={ 1'1 $memory$auto$proc_rom.cc:155:do_switch$1450$rdmux[0][6][0]$a$6008 [4] $memory$auto$proc_rom.cc:155:do_switch$1450$rdmux[0][6][0]$a$6008 [2] 1'1 }, B={ $memory$auto$proc_rom.cc:155:do_switch$1450$rdmux[0][6][0]$a$6008 [4] $memory$auto$proc_rom.cc:155:do_switch$1450$rdmux[0][6][0]$a$6008 [2] $memory$auto$proc_rom.cc:155:do_switch$1450$rdmux[0][6][0]$a$6008 [2] 1'0 }, Y=$memory$auto$proc_rom.cc:155:do_switch$1450$rdmux[0][5][20]$b$5973 [3:0]
      New ports: A={ 1'1 $memory$auto$proc_rom.cc:155:do_switch$1450$rdmux[0][6][0]$a$6008 [4] 1'1 }, B={ $memory$auto$proc_rom.cc:155:do_switch$1450$rdmux[0][6][0]$a$6008 [4] $memory$auto$proc_rom.cc:155:do_switch$1450$rdmux[0][6][0]$a$6008 [2] 1'0 }, Y={ $memory$auto$proc_rom.cc:155:do_switch$1450$rdmux[0][5][20]$b$5973 [3:2] $memory$auto$proc_rom.cc:155:do_switch$1450$rdmux[0][5][20]$b$5973 [0] }
      New connections: $memory$auto$proc_rom.cc:155:do_switch$1450$rdmux[0][5][20]$b$5973 [1] = $memory$auto$proc_rom.cc:155:do_switch$1450$rdmux[0][6][0]$a$6008 [2]
    Consolidated identical input bits for $mux cell $memory$auto$proc_rom.cc:155:do_switch$1450$rdmux[0][6][42]$6133:
      Old ports: A={ 2'10 $memory$auto$proc_rom.cc:155:do_switch$1450$rdmux[0][6][10]$a$6038 [2] 1'1 }, B={ 2'01 $memory$auto$proc_rom.cc:155:do_switch$1450$rdmux[0][6][10]$a$6038 [2] $memory$auto$proc_rom.cc:155:do_switch$1450$rdmux[0][6][10]$a$6038 [2] }, Y={ $memory$auto$proc_rom.cc:155:do_switch$1450$rdmux[0][5][21]$a$5975 [5:4] $memory$auto$proc_rom.cc:155:do_switch$1450$rdmux[0][5][21]$a$5975 [1:0] }
      New ports: A=3'101, B={ 2'01 $memory$auto$proc_rom.cc:155:do_switch$1450$rdmux[0][6][10]$a$6038 [2] }, Y={ $memory$auto$proc_rom.cc:155:do_switch$1450$rdmux[0][5][21]$a$5975 [5:4] $memory$auto$proc_rom.cc:155:do_switch$1450$rdmux[0][5][21]$a$5975 [0] }
      New connections: $memory$auto$proc_rom.cc:155:do_switch$1450$rdmux[0][5][21]$a$5975 [1] = $memory$auto$proc_rom.cc:155:do_switch$1450$rdmux[0][6][10]$a$6038 [2]
    Consolidated identical input bits for $mux cell $memory$auto$proc_rom.cc:155:do_switch$1450$rdmux[0][6][45]$6142:
      Old ports: A={ $memory$auto$proc_rom.cc:155:do_switch$1450$rdmux[0][6][0]$a$6008 [4] $memory$auto$proc_rom.cc:155:do_switch$1450$rdmux[0][6][0]$a$6008 [2] $memory$auto$proc_rom.cc:155:do_switch$1450$rdmux[0][6][0]$a$6008 [2] }, B={ 1'0 $memory$auto$proc_rom.cc:155:do_switch$1450$rdmux[0][6][0]$a$6008 [4] $memory$auto$proc_rom.cc:155:do_switch$1450$rdmux[0][6][0]$a$6008 [2] }, Y=$memory$auto$proc_rom.cc:155:do_switch$1450$rdmux[0][5][22]$b$5979 [3:1]
      New ports: A={ $memory$auto$proc_rom.cc:155:do_switch$1450$rdmux[0][6][0]$a$6008 [4] $memory$auto$proc_rom.cc:155:do_switch$1450$rdmux[0][6][0]$a$6008 [2] }, B={ 1'0 $memory$auto$proc_rom.cc:155:do_switch$1450$rdmux[0][6][0]$a$6008 [4] }, Y=$memory$auto$proc_rom.cc:155:do_switch$1450$rdmux[0][5][22]$b$5979 [3:2]
      New connections: $memory$auto$proc_rom.cc:155:do_switch$1450$rdmux[0][5][22]$b$5979 [1] = $memory$auto$proc_rom.cc:155:do_switch$1450$rdmux[0][6][0]$a$6008 [2]
    Consolidated identical input bits for $mux cell $memory$auto$proc_rom.cc:155:do_switch$1450$rdmux[0][6][4]$6019:
      Old ports: A={ 2'10 $memory$auto$proc_rom.cc:155:do_switch$1450$rdmux[0][6][12]$a$6044 [5:4] 1'1 $memory$auto$proc_rom.cc:155:do_switch$1450$rdmux[0][6][12]$a$6044 [5] }, B={ $memory$auto$proc_rom.cc:155:do_switch$1450$rdmux[0][6][12]$a$6044 [5:4] $memory$auto$proc_rom.cc:155:do_switch$1450$rdmux[0][6][12]$a$6044 [4] $memory$auto$proc_rom.cc:155:do_switch$1450$rdmux[0][6][12]$a$6044 [4] 1'0 $memory$auto$proc_rom.cc:155:do_switch$1450$rdmux[0][6][12]$a$6044 [5] }, Y={ $memory$auto$proc_rom.cc:155:do_switch$1450$rdmux[0][5][2]$a$5918 [6:3] $memory$auto$proc_rom.cc:155:do_switch$1450$rdmux[0][5][2]$a$5918 [1:0] }
      New ports: A={ 2'10 $memory$auto$proc_rom.cc:155:do_switch$1450$rdmux[0][6][12]$a$6044 [5] 1'1 }, B={ $memory$auto$proc_rom.cc:155:do_switch$1450$rdmux[0][6][12]$a$6044 [5:4] $memory$auto$proc_rom.cc:155:do_switch$1450$rdmux[0][6][12]$a$6044 [4] 1'0 }, Y={ $memory$auto$proc_rom.cc:155:do_switch$1450$rdmux[0][5][2]$a$5918 [6:4] $memory$auto$proc_rom.cc:155:do_switch$1450$rdmux[0][5][2]$a$5918 [1] }
      New connections: { $memory$auto$proc_rom.cc:155:do_switch$1450$rdmux[0][5][2]$a$5918 [3] $memory$auto$proc_rom.cc:155:do_switch$1450$rdmux[0][5][2]$a$5918 [0] } = { $memory$auto$proc_rom.cc:155:do_switch$1450$rdmux[0][6][12]$a$6044 [4] $memory$auto$proc_rom.cc:155:do_switch$1450$rdmux[0][6][12]$a$6044 [5] }
    Consolidated identical input bits for $mux cell $memory$auto$proc_rom.cc:155:do_switch$1450$rdmux[0][6][50]$6157:
      Old ports: A={ 1'1 $memory$auto$proc_rom.cc:155:do_switch$1450$rdmux[0][6][10]$a$6038 [2] }, B={ 1'0 $memory$auto$proc_rom.cc:155:do_switch$1450$rdmux[0][6][10]$a$6038 [2] }, Y=$memory$auto$proc_rom.cc:155:do_switch$1450$rdmux[0][5][23]$b$5982 [2:1]
      New ports: A=1'1, B=1'0, Y=$memory$auto$proc_rom.cc:155:do_switch$1450$rdmux[0][5][23]$b$5982 [2]
      New connections: $memory$auto$proc_rom.cc:155:do_switch$1450$rdmux[0][5][23]$b$5982 [1] = $memory$auto$proc_rom.cc:155:do_switch$1450$rdmux[0][6][10]$a$6038 [2]
    Consolidated identical input bits for $mux cell $memory$auto$proc_rom.cc:155:do_switch$1450$rdmux[0][6][52]$6163:
      Old ports: A={ $memory$auto$proc_rom.cc:155:do_switch$1450$rdmux[0][6][0]$a$6008 [4] $memory$auto$proc_rom.cc:155:do_switch$1450$rdmux[0][6][0]$a$6008 [2] $memory$auto$proc_rom.cc:155:do_switch$1450$rdmux[0][6][0]$a$6008 [2] $memory$auto$proc_rom.cc:155:do_switch$1450$rdmux[0][6][0]$a$6008 [2] }, B={ 2'01 $memory$auto$proc_rom.cc:155:do_switch$1450$rdmux[0][6][0]$a$6008 [4] $memory$auto$proc_rom.cc:155:do_switch$1450$rdmux[0][6][0]$a$6008 [2] }, Y=$memory$auto$proc_rom.cc:155:do_switch$1450$rdmux[0][5][22]$a$5978 [4:1]
      New ports: A={ $memory$auto$proc_rom.cc:155:do_switch$1450$rdmux[0][6][0]$a$6008 [4] $memory$auto$proc_rom.cc:155:do_switch$1450$rdmux[0][6][0]$a$6008 [2] $memory$auto$proc_rom.cc:155:do_switch$1450$rdmux[0][6][0]$a$6008 [2] }, B={ 2'01 $memory$auto$proc_rom.cc:155:do_switch$1450$rdmux[0][6][0]$a$6008 [4] }, Y=$memory$auto$proc_rom.cc:155:do_switch$1450$rdmux[0][5][22]$a$5978 [4:2]
      New connections: $memory$auto$proc_rom.cc:155:do_switch$1450$rdmux[0][5][22]$a$5978 [1] = $memory$auto$proc_rom.cc:155:do_switch$1450$rdmux[0][6][0]$a$6008 [2]
    Consolidated identical input bits for $mux cell $memory$auto$proc_rom.cc:155:do_switch$1450$rdmux[0][6][57]$6178:
      Old ports: A={ 1'1 $memory$auto$proc_rom.cc:155:do_switch$1450$rdmux[0][6][0]$a$6008 [4] $memory$auto$proc_rom.cc:155:do_switch$1450$rdmux[0][6][0]$a$6008 [2] 1'0 }, B={ $memory$auto$proc_rom.cc:155:do_switch$1450$rdmux[0][6][0]$a$6008 [4] $memory$auto$proc_rom.cc:155:do_switch$1450$rdmux[0][6][0]$a$6008 [2] $memory$auto$proc_rom.cc:155:do_switch$1450$rdmux[0][6][0]$a$6008 [2] 1'1 }, Y=$memory$auto$proc_rom.cc:155:do_switch$1450$rdmux[0][5][28]$b$5997 [3:0]
      New ports: A={ 1'1 $memory$auto$proc_rom.cc:155:do_switch$1450$rdmux[0][6][0]$a$6008 [4] 1'0 }, B={ $memory$auto$proc_rom.cc:155:do_switch$1450$rdmux[0][6][0]$a$6008 [4] $memory$auto$proc_rom.cc:155:do_switch$1450$rdmux[0][6][0]$a$6008 [2] 1'1 }, Y={ $memory$auto$proc_rom.cc:155:do_switch$1450$rdmux[0][5][28]$b$5997 [3:2] $memory$auto$proc_rom.cc:155:do_switch$1450$rdmux[0][5][28]$b$5997 [0] }
      New connections: $memory$auto$proc_rom.cc:155:do_switch$1450$rdmux[0][5][28]$b$5997 [1] = $memory$auto$proc_rom.cc:155:do_switch$1450$rdmux[0][6][0]$a$6008 [2]
    Consolidated identical input bits for $mux cell $memory$auto$proc_rom.cc:155:do_switch$1450$rdmux[0][6][60]$6187:
      Old ports: A={ $memory$auto$proc_rom.cc:155:do_switch$1450$rdmux[0][6][0]$a$6008 [4] $memory$auto$proc_rom.cc:155:do_switch$1450$rdmux[0][6][0]$a$6008 [2] $memory$auto$proc_rom.cc:155:do_switch$1450$rdmux[0][6][0]$a$6008 [2] 1'0 }, B={ 1'0 $memory$auto$proc_rom.cc:155:do_switch$1450$rdmux[0][6][0]$a$6008 [4] $memory$auto$proc_rom.cc:155:do_switch$1450$rdmux[0][6][0]$a$6008 [2] 1'1 }, Y=$memory$auto$proc_rom.cc:155:do_switch$1450$rdmux[0][5][26]$b$5991 [3:0]
      New ports: A={ $memory$auto$proc_rom.cc:155:do_switch$1450$rdmux[0][6][0]$a$6008 [4] $memory$auto$proc_rom.cc:155:do_switch$1450$rdmux[0][6][0]$a$6008 [2] 1'0 }, B={ 1'0 $memory$auto$proc_rom.cc:155:do_switch$1450$rdmux[0][6][0]$a$6008 [4] 1'1 }, Y={ $memory$auto$proc_rom.cc:155:do_switch$1450$rdmux[0][5][26]$b$5991 [3:2] $memory$auto$proc_rom.cc:155:do_switch$1450$rdmux[0][5][26]$b$5991 [0] }
      New connections: $memory$auto$proc_rom.cc:155:do_switch$1450$rdmux[0][5][26]$b$5991 [1] = $memory$auto$proc_rom.cc:155:do_switch$1450$rdmux[0][6][0]$a$6008 [2]
    Consolidated identical input bits for $mux cell $memory$auto$proc_rom.cc:155:do_switch$1450$rdmux[0][6][61]$6190:
      Old ports: A={ 1'1 $memory$auto$proc_rom.cc:155:do_switch$1450$rdmux[0][6][10]$a$6038 [2] 1'0 }, B={ 1'0 $memory$auto$proc_rom.cc:155:do_switch$1450$rdmux[0][6][10]$a$6038 [2] 1'1 }, Y={ $memory$auto$proc_rom.cc:155:do_switch$1450$rdmux[0][5][30]$b$6003 [4] $memory$auto$proc_rom.cc:155:do_switch$1450$rdmux[0][5][30]$b$6003 [1] $memory$auto$proc_rom.cc:155:do_switch$1450$rdmux[0][5][30]$b$6003 [3] }
      New ports: A=2'10, B=2'01, Y=$memory$auto$proc_rom.cc:155:do_switch$1450$rdmux[0][5][30]$b$6003 [4:3]
      New connections: $memory$auto$proc_rom.cc:155:do_switch$1450$rdmux[0][5][30]$b$6003 [1] = $memory$auto$proc_rom.cc:155:do_switch$1450$rdmux[0][6][10]$a$6038 [2]
    Consolidated identical input bits for $mux cell $memory$auto$proc_rom.cc:155:do_switch$1450$rdmux[0][6][6]$6025:
      Old ports: A={ 2'10 $memory$auto$proc_rom.cc:155:do_switch$1450$rdmux[0][6][10]$a$6038 [2] }, B={ 2'01 $memory$auto$proc_rom.cc:155:do_switch$1450$rdmux[0][6][10]$a$6038 [2] }, Y={ $memory$auto$proc_rom.cc:155:do_switch$1450$rdmux[0][5][3]$a$5921 [8:7] $memory$auto$proc_rom.cc:155:do_switch$1450$rdmux[0][5][3]$a$5921 [3] }
      New ports: A=2'10, B=2'01, Y=$memory$auto$proc_rom.cc:155:do_switch$1450$rdmux[0][5][3]$a$5921 [8:7]
      New connections: $memory$auto$proc_rom.cc:155:do_switch$1450$rdmux[0][5][3]$a$5921 [3] = $memory$auto$proc_rom.cc:155:do_switch$1450$rdmux[0][6][10]$a$6038 [2]
    Consolidated identical input bits for $mux cell $memory$auto$proc_rom.cc:155:do_switch$1450$rdmux[0][6][7]$6028:
      Old ports: A={ $memory$auto$proc_rom.cc:155:do_switch$1450$rdmux[0][6][10]$a$6038 [2] 2'01 }, B={ $memory$auto$proc_rom.cc:155:do_switch$1450$rdmux[0][6][10]$a$6038 [2] 2'10 }, Y={ $memory$auto$proc_rom.cc:155:do_switch$1450$rdmux[0][5][3]$b$5922 [3] $memory$auto$proc_rom.cc:155:do_switch$1450$rdmux[0][5][3]$b$5922 [4] $memory$auto$proc_rom.cc:155:do_switch$1450$rdmux[0][5][3]$b$5922 [5] }
      New ports: A=2'01, B=2'10, Y={ $memory$auto$proc_rom.cc:155:do_switch$1450$rdmux[0][5][3]$b$5922 [4] $memory$auto$proc_rom.cc:155:do_switch$1450$rdmux[0][5][3]$b$5922 [5] }
      New connections: $memory$auto$proc_rom.cc:155:do_switch$1450$rdmux[0][5][3]$b$5922 [3] = $memory$auto$proc_rom.cc:155:do_switch$1450$rdmux[0][6][10]$a$6038 [2]
    Consolidated identical input bits for $mux cell $memory$auto$proc_rom.cc:155:do_switch$1450$rdmux[0][6][9]$6034:
      Old ports: A={ 1'1 $memory$auto$proc_rom.cc:155:do_switch$1450$rdmux[0][6][0]$a$6008 [4] 2'01 $memory$auto$proc_rom.cc:155:do_switch$1450$rdmux[0][6][0]$a$6008 [2] }, B={ $memory$auto$proc_rom.cc:155:do_switch$1450$rdmux[0][6][0]$a$6008 [4] $memory$auto$proc_rom.cc:155:do_switch$1450$rdmux[0][6][0]$a$6008 [2] 2'10 $memory$auto$proc_rom.cc:155:do_switch$1450$rdmux[0][6][0]$a$6008 [2] }, Y={ $memory$auto$proc_rom.cc:155:do_switch$1450$rdmux[0][5][4]$b$5925 [5:4] $memory$auto$proc_rom.cc:155:do_switch$1450$rdmux[0][5][4]$b$5925 [2:1] $memory$auto$proc_rom.cc:155:do_switch$1450$rdmux[0][5][4]$b$5925 [3] }
      New ports: A={ 1'1 $memory$auto$proc_rom.cc:155:do_switch$1450$rdmux[0][6][0]$a$6008 [4] 2'01 }, B={ $memory$auto$proc_rom.cc:155:do_switch$1450$rdmux[0][6][0]$a$6008 [4] $memory$auto$proc_rom.cc:155:do_switch$1450$rdmux[0][6][0]$a$6008 [2] 2'10 }, Y={ $memory$auto$proc_rom.cc:155:do_switch$1450$rdmux[0][5][4]$b$5925 [5:4] $memory$auto$proc_rom.cc:155:do_switch$1450$rdmux[0][5][4]$b$5925 [2:1] }
      New connections: $memory$auto$proc_rom.cc:155:do_switch$1450$rdmux[0][5][4]$b$5925 [3] = $memory$auto$proc_rom.cc:155:do_switch$1450$rdmux[0][6][0]$a$6008 [2]
  Optimizing cells in module \fp16_rsqrt_lut256.
    Consolidated identical input bits for $mux cell $memory$auto$proc_rom.cc:155:do_switch$1450$rdmux[0][5][11]$5944:
      Old ports: A={ 2'10 $memory$auto$proc_rom.cc:155:do_switch$1450$rdmux[0][5][11]$a$5945 [4:2] }, B={ $memory$auto$proc_rom.cc:155:do_switch$1450$rdmux[0][5][11]$b$5946 [7:6] $memory$auto$proc_rom.cc:155:do_switch$1450$rdmux[0][5][11]$b$5946 [6] $memory$auto$proc_rom.cc:155:do_switch$1450$rdmux[0][5][11]$b$5946 [3:2] }, Y={ $memory$auto$proc_rom.cc:155:do_switch$1450$rdmux[0][4][5]$b$5880 [7:6] $memory$auto$proc_rom.cc:155:do_switch$1450$rdmux[0][4][5]$b$5880 [4:2] }
      New ports: A={ 2'10 $memory$auto$proc_rom.cc:155:do_switch$1450$rdmux[0][5][11]$a$5945 [4:3] }, B={ $memory$auto$proc_rom.cc:155:do_switch$1450$rdmux[0][5][11]$b$5946 [7:6] $memory$auto$proc_rom.cc:155:do_switch$1450$rdmux[0][5][11]$b$5946 [6] $memory$auto$proc_rom.cc:155:do_switch$1450$rdmux[0][5][11]$b$5946 [3] }, Y={ $memory$auto$proc_rom.cc:155:do_switch$1450$rdmux[0][4][5]$b$5880 [7:6] $memory$auto$proc_rom.cc:155:do_switch$1450$rdmux[0][4][5]$b$5880 [4:3] }
      New connections: $memory$auto$proc_rom.cc:155:do_switch$1450$rdmux[0][4][5]$b$5880 [2] = $memory$auto$proc_rom.cc:155:do_switch$1450$rdmux[0][6][0]$a$6008 [2]
    Consolidated identical input bits for $mux cell $memory$auto$proc_rom.cc:155:do_switch$1450$rdmux[0][5][16]$5959:
      Old ports: A={ 2'10 $memory$auto$proc_rom.cc:155:do_switch$1450$rdmux[0][5][16]$a$5960 [3:0] }, B={ $memory$auto$proc_rom.cc:155:do_switch$1450$rdmux[0][5][16]$b$5961 [8:7] $memory$auto$proc_rom.cc:155:do_switch$1450$rdmux[0][5][16]$b$5961 [7] $memory$auto$proc_rom.cc:155:do_switch$1450$rdmux[0][5][16]$b$5961 [2:0] }, Y={ $memory$auto$proc_rom.cc:155:do_switch$1450$rdmux[0][4][8]$a$5888 [8:7] $memory$auto$proc_rom.cc:155:do_switch$1450$rdmux[0][4][8]$a$5888 [3:0] }
      New ports: A={ 2'10 $memory$auto$proc_rom.cc:155:do_switch$1450$rdmux[0][5][16]$a$5960 [3:1] }, B={ $memory$auto$proc_rom.cc:155:do_switch$1450$rdmux[0][5][16]$b$5961 [8:7] $memory$auto$proc_rom.cc:155:do_switch$1450$rdmux[0][5][16]$b$5961 [7] $memory$auto$proc_rom.cc:155:do_switch$1450$rdmux[0][5][16]$b$5961 [2:1] }, Y={ $memory$auto$proc_rom.cc:155:do_switch$1450$rdmux[0][4][8]$a$5888 [8:7] $memory$auto$proc_rom.cc:155:do_switch$1450$rdmux[0][4][8]$a$5888 [3:1] }
      New connections: $memory$auto$proc_rom.cc:155:do_switch$1450$rdmux[0][4][8]$a$5888 [0] = $memory$auto$proc_rom.cc:155:do_switch$1450$rdmux[0][6][0]$a$6008 [2]
    Consolidated identical input bits for $mux cell $memory$auto$proc_rom.cc:155:do_switch$1450$rdmux[0][5][22]$5977:
      Old ports: A={ $memory$auto$proc_rom.cc:155:do_switch$1450$rdmux[0][5][22]$a$5978 [4:1] 1'1 }, B={ 1'0 $memory$auto$proc_rom.cc:155:do_switch$1450$rdmux[0][5][22]$b$5979 [3:1] 1'0 }, Y=$memory$auto$proc_rom.cc:155:do_switch$1450$rdmux[0][4][11]$a$5897 [4:0]
      New ports: A={ $memory$auto$proc_rom.cc:155:do_switch$1450$rdmux[0][5][22]$a$5978 [4:2] 1'1 }, B={ 1'0 $memory$auto$proc_rom.cc:155:do_switch$1450$rdmux[0][5][22]$b$5979 [3:2] 1'0 }, Y={ $memory$auto$proc_rom.cc:155:do_switch$1450$rdmux[0][4][11]$a$5897 [4:2] $memory$auto$proc_rom.cc:155:do_switch$1450$rdmux[0][4][11]$a$5897 [0] }
      New connections: $memory$auto$proc_rom.cc:155:do_switch$1450$rdmux[0][4][11]$a$5897 [1] = $memory$auto$proc_rom.cc:155:do_switch$1450$rdmux[0][6][0]$a$6008 [2]
    Consolidated identical input bits for $mux cell $memory$auto$proc_rom.cc:155:do_switch$1450$rdmux[0][5][26]$5989:
      Old ports: A={ $memory$auto$proc_rom.cc:155:do_switch$1450$rdmux[0][5][22]$a$5978 [4:1] 1'0 }, B={ 1'0 $memory$auto$proc_rom.cc:155:do_switch$1450$rdmux[0][5][26]$b$5991 [3:0] }, Y=$memory$auto$proc_rom.cc:155:do_switch$1450$rdmux[0][4][13]$a$5903 [4:0]
      New ports: A={ $memory$auto$proc_rom.cc:155:do_switch$1450$rdmux[0][5][22]$a$5978 [4:2] 1'0 }, B={ 1'0 $memory$auto$proc_rom.cc:155:do_switch$1450$rdmux[0][5][26]$b$5991 [3:2] $memory$auto$proc_rom.cc:155:do_switch$1450$rdmux[0][5][26]$b$5991 [0] }, Y={ $memory$auto$proc_rom.cc:155:do_switch$1450$rdmux[0][4][13]$a$5903 [4:2] $memory$auto$proc_rom.cc:155:do_switch$1450$rdmux[0][4][13]$a$5903 [0] }
      New connections: $memory$auto$proc_rom.cc:155:do_switch$1450$rdmux[0][4][13]$a$5903 [1] = $memory$auto$proc_rom.cc:155:do_switch$1450$rdmux[0][6][0]$a$6008 [2]
    Consolidated identical input bits for $mux cell $memory$auto$proc_rom.cc:155:do_switch$1450$rdmux[0][5][3]$5920:
      Old ports: A={ $memory$auto$proc_rom.cc:155:do_switch$1450$rdmux[0][5][3]$a$5921 [8:7] $memory$auto$proc_rom.cc:155:do_switch$1450$rdmux[0][5][3]$a$5921 [7] $memory$auto$proc_rom.cc:155:do_switch$1450$rdmux[0][5][3]$a$5921 [7] $memory$auto$proc_rom.cc:155:do_switch$1450$rdmux[0][5][3]$a$5921 [3] 2'01 }, B={ 2'01 $memory$auto$proc_rom.cc:155:do_switch$1450$rdmux[0][5][3]$b$5922 [5:3] $memory$auto$proc_rom.cc:155:do_switch$1450$rdmux[0][5][3]$b$5922 [4] $memory$auto$proc_rom.cc:155:do_switch$1450$rdmux[0][5][3]$b$5922 [5] }, Y={ $memory$auto$proc_rom.cc:155:do_switch$1450$rdmux[0][4][1]$b$5868 [8:7] $memory$auto$proc_rom.cc:155:do_switch$1450$rdmux[0][4][1]$b$5868 [5:3] $memory$auto$proc_rom.cc:155:do_switch$1450$rdmux[0][4][1]$b$5868 [1:0] }
      New ports: A={ $memory$auto$proc_rom.cc:155:do_switch$1450$rdmux[0][5][3]$a$5921 [8:7] $memory$auto$proc_rom.cc:155:do_switch$1450$rdmux[0][5][3]$a$5921 [7] $memory$auto$proc_rom.cc:155:do_switch$1450$rdmux[0][5][3]$a$5921 [7] 2'01 }, B={ 2'01 $memory$auto$proc_rom.cc:155:do_switch$1450$rdmux[0][5][3]$b$5922 [5:4] $memory$auto$proc_rom.cc:155:do_switch$1450$rdmux[0][5][3]$b$5922 [4] $memory$auto$proc_rom.cc:155:do_switch$1450$rdmux[0][5][3]$b$5922 [5] }, Y={ $memory$auto$proc_rom.cc:155:do_switch$1450$rdmux[0][4][1]$b$5868 [8:7] $memory$auto$proc_rom.cc:155:do_switch$1450$rdmux[0][4][1]$b$5868 [5:4] $memory$auto$proc_rom.cc:155:do_switch$1450$rdmux[0][4][1]$b$5868 [1:0] }
      New connections: $memory$auto$proc_rom.cc:155:do_switch$1450$rdmux[0][4][1]$b$5868 [3] = $memory$auto$proc_rom.cc:155:do_switch$1450$rdmux[0][6][10]$a$6038 [2]
  Optimizing cells in module \fp16_rsqrt_lut256.
  Optimizing cells in module \hierarchical_normalization_streaming_top.
Performed a total of 30 changes.

13.19.13. Executing OPT_MERGE pass (detect identical cells).
Finding identical cells in module `$paramod$7f46819eecda06228f84979737259751ccd53663\bank_normalization_multirow_vector_reducer'.
Finding identical cells in module `$paramod$865746d0c425e5bff1afb43fc0ca954cd0aab93f\logic_normalization_bank_barrier'.
Finding identical cells in module `$paramod$cf256f1e07155db3e20fb233046fedb4711c91b2\logic_normalization_scalar_engine_array'.
Finding identical cells in module `$paramod$e6d2582358ff6950cc507271baa264b5b8280dfa\logic_normalization_barrier_tree_top'.
Finding identical cells in module `$paramod$e6d2582358ff6950cc507271baa264b5b8280dfa\logic_normalization_parallel_tree_top'.
Finding identical cells in module `$paramod\logic_normalization_scalar_engine\TAG_WIDTH=32'00000000000000000000000000010000'.
Finding identical cells in module `\fp16_add'.
Finding identical cells in module `\fp16_mul'.
Finding identical cells in module `\fp16_rsqrt_lut256'.
<suppressed ~9 debug messages>
Finding identical cells in module `\hierarchical_normalization_streaming_top'.
Removed a total of 3 cells.

13.19.14. Executing OPT_SHARE pass.

13.19.15. Executing OPT_DFF pass (perform DFF optimizations).

13.19.16. Executing OPT_CLEAN pass (remove unused cells and wires).
Finding unused cells or wires in module $paramod$7f46819eecda06228f84979737259751ccd53663\bank_normalization_multirow_vector_reducer..
Finding unused cells or wires in module $paramod$865746d0c425e5bff1afb43fc0ca954cd0aab93f\logic_normalization_bank_barrier..
Finding unused cells or wires in module $paramod$cf256f1e07155db3e20fb233046fedb4711c91b2\logic_normalization_scalar_engine_array..
Finding unused cells or wires in module $paramod$e6d2582358ff6950cc507271baa264b5b8280dfa\logic_normalization_barrier_tree_top..
Finding unused cells or wires in module $paramod$e6d2582358ff6950cc507271baa264b5b8280dfa\logic_normalization_parallel_tree_top..
Finding unused cells or wires in module $paramod\logic_normalization_scalar_engine\TAG_WIDTH=32'00000000000000000000000000010000..
Finding unused cells or wires in module \fp16_add..
Finding unused cells or wires in module \fp16_mul..
Finding unused cells or wires in module \fp16_rsqrt_lut256..
Finding unused cells or wires in module \hierarchical_normalization_streaming_top..
Removed 0 unused cells and 12 unused wires.
<suppressed ~3 debug messages>

13.19.17. Executing OPT_EXPR pass (perform const folding).
Optimizing module $paramod$7f46819eecda06228f84979737259751ccd53663\bank_normalization_multirow_vector_reducer.
<suppressed ~2 debug messages>
Optimizing module $paramod$865746d0c425e5bff1afb43fc0ca954cd0aab93f\logic_normalization_bank_barrier.
Optimizing module $paramod$cf256f1e07155db3e20fb233046fedb4711c91b2\logic_normalization_scalar_engine_array.
Optimizing module $paramod$e6d2582358ff6950cc507271baa264b5b8280dfa\logic_normalization_barrier_tree_top.
Optimizing module $paramod$e6d2582358ff6950cc507271baa264b5b8280dfa\logic_normalization_parallel_tree_top.
<suppressed ~1 debug messages>
Optimizing module $paramod\logic_normalization_scalar_engine\TAG_WIDTH=32'00000000000000000000000000010000.
Optimizing module fp16_add.
Optimizing module fp16_mul.
Optimizing module fp16_rsqrt_lut256.
<suppressed ~2 debug messages>
Optimizing module hierarchical_normalization_streaming_top.

13.19.18. Rerunning OPT passes. (Maybe there is more to do..)

13.19.19. Executing OPT_MUXTREE pass (detect dead branches in mux trees).
Running muxtree optimizer on module $paramod$7f46819eecda06228f84979737259751ccd53663\bank_normalization_multirow_vector_reducer..
  Creating internal representation of mux trees.
  Evaluating internal representation of mux trees.
  Analyzing evaluation results.
Running muxtree optimizer on module $paramod$865746d0c425e5bff1afb43fc0ca954cd0aab93f\logic_normalization_bank_barrier..
  Creating internal representation of mux trees.
  Evaluating internal representation of mux trees.
  Analyzing evaluation results.
Running muxtree optimizer on module $paramod$cf256f1e07155db3e20fb233046fedb4711c91b2\logic_normalization_scalar_engine_array..
  Creating internal representation of mux trees.
  No muxes found in this module.
Running muxtree optimizer on module $paramod$e6d2582358ff6950cc507271baa264b5b8280dfa\logic_normalization_barrier_tree_top..
  Creating internal representation of mux trees.
  No muxes found in this module.
Running muxtree optimizer on module $paramod$e6d2582358ff6950cc507271baa264b5b8280dfa\logic_normalization_parallel_tree_top..
  Creating internal representation of mux trees.
  Evaluating internal representation of mux trees.
  Analyzing evaluation results.
Running muxtree optimizer on module $paramod\logic_normalization_scalar_engine\TAG_WIDTH=32'00000000000000000000000000010000..
  Creating internal representation of mux trees.
  Evaluating internal representation of mux trees.
  Analyzing evaluation results.
Running muxtree optimizer on module \fp16_add..
  Creating internal representation of mux trees.
  Evaluating internal representation of mux trees.
  Analyzing evaluation results.
Running muxtree optimizer on module \fp16_mul..
  Creating internal representation of mux trees.
  Evaluating internal representation of mux trees.
  Analyzing evaluation results.
Running muxtree optimizer on module \fp16_rsqrt_lut256..
  Creating internal representation of mux trees.
  Evaluating internal representation of mux trees.
  Analyzing evaluation results.
Running muxtree optimizer on module \hierarchical_normalization_streaming_top..
  Creating internal representation of mux trees.
  Evaluating internal representation of mux trees.
  Analyzing evaluation results.
Removed 0 multiplexer ports.
<suppressed ~156 debug messages>

13.19.20. Executing OPT_REDUCE pass (consolidate $*mux and $reduce_* inputs).
  Optimizing cells in module $paramod$7f46819eecda06228f84979737259751ccd53663\bank_normalization_multirow_vector_reducer.
  Optimizing cells in module $paramod$865746d0c425e5bff1afb43fc0ca954cd0aab93f\logic_normalization_bank_barrier.
  Optimizing cells in module $paramod$cf256f1e07155db3e20fb233046fedb4711c91b2\logic_normalization_scalar_engine_array.
  Optimizing cells in module $paramod$e6d2582358ff6950cc507271baa264b5b8280dfa\logic_normalization_barrier_tree_top.
  Optimizing cells in module $paramod$e6d2582358ff6950cc507271baa264b5b8280dfa\logic_normalization_parallel_tree_top.
  Optimizing cells in module $paramod\logic_normalization_scalar_engine\TAG_WIDTH=32'00000000000000000000000000010000.
  Optimizing cells in module \fp16_add.
  Optimizing cells in module \fp16_mul.
  Optimizing cells in module \fp16_rsqrt_lut256.
  Optimizing cells in module \hierarchical_normalization_streaming_top.
Performed a total of 0 changes.

13.19.21. Executing OPT_MERGE pass (detect identical cells).
Finding identical cells in module `$paramod$7f46819eecda06228f84979737259751ccd53663\bank_normalization_multirow_vector_reducer'.
Finding identical cells in module `$paramod$865746d0c425e5bff1afb43fc0ca954cd0aab93f\logic_normalization_bank_barrier'.
Finding identical cells in module `$paramod$cf256f1e07155db3e20fb233046fedb4711c91b2\logic_normalization_scalar_engine_array'.
Finding identical cells in module `$paramod$e6d2582358ff6950cc507271baa264b5b8280dfa\logic_normalization_barrier_tree_top'.
Finding identical cells in module `$paramod$e6d2582358ff6950cc507271baa264b5b8280dfa\logic_normalization_parallel_tree_top'.
Finding identical cells in module `$paramod\logic_normalization_scalar_engine\TAG_WIDTH=32'00000000000000000000000000010000'.
Finding identical cells in module `\fp16_add'.
Finding identical cells in module `\fp16_mul'.
Finding identical cells in module `\fp16_rsqrt_lut256'.
Finding identical cells in module `\hierarchical_normalization_streaming_top'.
Removed a total of 0 cells.

13.19.22. Executing OPT_SHARE pass.

13.19.23. Executing OPT_DFF pass (perform DFF optimizations).

13.19.24. Executing OPT_CLEAN pass (remove unused cells and wires).
Finding unused cells or wires in module $paramod$7f46819eecda06228f84979737259751ccd53663\bank_normalization_multirow_vector_reducer..
Finding unused cells or wires in module $paramod$865746d0c425e5bff1afb43fc0ca954cd0aab93f\logic_normalization_bank_barrier..
Finding unused cells or wires in module $paramod$cf256f1e07155db3e20fb233046fedb4711c91b2\logic_normalization_scalar_engine_array..
Finding unused cells or wires in module $paramod$e6d2582358ff6950cc507271baa264b5b8280dfa\logic_normalization_barrier_tree_top..
Finding unused cells or wires in module $paramod$e6d2582358ff6950cc507271baa264b5b8280dfa\logic_normalization_parallel_tree_top..
Finding unused cells or wires in module $paramod\logic_normalization_scalar_engine\TAG_WIDTH=32'00000000000000000000000000010000..
Finding unused cells or wires in module \fp16_add..
Finding unused cells or wires in module \fp16_mul..
Finding unused cells or wires in module \fp16_rsqrt_lut256..
Finding unused cells or wires in module \hierarchical_normalization_streaming_top..

13.19.25. Executing OPT_EXPR pass (perform const folding).
Optimizing module $paramod$7f46819eecda06228f84979737259751ccd53663\bank_normalization_multirow_vector_reducer.
Optimizing module $paramod$865746d0c425e5bff1afb43fc0ca954cd0aab93f\logic_normalization_bank_barrier.
Optimizing module $paramod$cf256f1e07155db3e20fb233046fedb4711c91b2\logic_normalization_scalar_engine_array.
Optimizing module $paramod$e6d2582358ff6950cc507271baa264b5b8280dfa\logic_normalization_barrier_tree_top.
Optimizing module $paramod$e6d2582358ff6950cc507271baa264b5b8280dfa\logic_normalization_parallel_tree_top.
Optimizing module $paramod\logic_normalization_scalar_engine\TAG_WIDTH=32'00000000000000000000000000010000.
Optimizing module fp16_add.
Optimizing module fp16_mul.
Optimizing module fp16_rsqrt_lut256.
Optimizing module hierarchical_normalization_streaming_top.

13.19.26. Finished OPT passes. (There is nothing left to do.)

13.20. Executing TECHMAP pass (map to technology primitives).

13.20.1. Executing Verilog-2005 frontend: /home/chandler/.local/yosys/usr/bin/../share/yosys/techmap.v
Parsing Verilog input from `/home/chandler/.local/yosys/usr/bin/../share/yosys/techmap.v' to AST representation.
Generating RTLIL representation for module `\_90_simplemap_bool_ops'.
Generating RTLIL representation for module `\_90_simplemap_reduce_ops'.
Generating RTLIL representation for module `\_90_simplemap_logic_ops'.
Generating RTLIL representation for module `\_90_simplemap_compare_ops'.
Generating RTLIL representation for module `\_90_simplemap_various'.
Generating RTLIL representation for module `\_90_simplemap_registers'.
Generating RTLIL representation for module `\_90_shift_ops_shr_shl_sshl_sshr'.
Generating RTLIL representation for module `\_90_shift_shiftx'.
Generating RTLIL representation for module `\_90_fa'.
Generating RTLIL representation for module `\_90_lcu_brent_kung'.
Generating RTLIL representation for module `\_90_alu'.
Generating RTLIL representation for module `\_90_macc'.
Generating RTLIL representation for module `\_90_alumacc'.
Generating RTLIL representation for module `\$__div_mod_u'.
Generating RTLIL representation for module `\$__div_mod_trunc'.
Generating RTLIL representation for module `\_90_div'.
Generating RTLIL representation for module `\_90_mod'.
Generating RTLIL representation for module `\$__div_mod_floor'.
Generating RTLIL representation for module `\_90_divfloor'.
Generating RTLIL representation for module `\_90_modfloor'.
Generating RTLIL representation for module `\_90_pow'.
Generating RTLIL representation for module `\_90_pmux'.
Generating RTLIL representation for module `\_90_demux'.
Generating RTLIL representation for module `\_90_lut'.
Successfully finished Verilog frontend.

13.20.2. Continuing TECHMAP pass.
Using extmapper simplemap for cells of type $mux.
Using extmapper simplemap for cells of type $logic_not.
Using extmapper simplemap for cells of type $logic_and.
Using extmapper simplemap for cells of type $reduce_and.
Using extmapper simplemap for cells of type $logic_or.
Using extmapper simplemap for cells of type $eq.
Using extmapper simplemap for cells of type $not.
Using extmapper simplemap for cells of type $reduce_bool.
Using template $paramod$8da92c8bd2ee0fd8438498259b09c89daae7cb8e\_90_alu for cells of type $alu.
Using template $paramod$ebede46804337da78e06a77b9ffdc3717e8d42eb\_90_alu for cells of type $alu.
Using template $paramod$619a7e60d42ca0996ea4b1b41bb5412f6a52141d\_90_alu for cells of type $alu.
Using template $paramod$constmap:c594f40a2bce2acff1b7fca1643e146f5615a115$paramod$9dde649ff560b28dd961974225eea1bc02b72047\_90_shift_ops_shr_shl_sshl_sshr for cells of type $shl.
Using template $paramod$c3b99e8941462f3f0961a07bbdd1cb43e85cc481\_90_alu for cells of type $alu.
Using template $paramod$ba698a254f9a5947e85cbe7beae6b161eefc5386\_90_alu for cells of type $alu.
Using template $paramod$f47943a1f8520b2e9fab25220c0025f020e7013b\_90_alu for cells of type $alu.
Using template $paramod$b69f3d11f5bf4768436d2b37eb5b01543c4ad49d\_90_div for cells of type $div.
Using extmapper simplemap for cells of type $adffe.
Using extmapper simplemap for cells of type $xor.
Using extmapper simplemap for cells of type $and.
Using template $paramod\_90_lcu_brent_kung\WIDTH=32'00000000000000000000000000100000 for cells of type $lcu.
Using extmapper simplemap for cells of type $pos.
Using template $paramod$b69f3d11f5bf4768436d2b37eb5b01543c4ad49d\$__div_mod_trunc for cells of type $__div_mod_trunc.
Using template $paramod\_90_lcu_brent_kung\WIDTH=32'00000000000000000000000000000011 for cells of type $lcu.
Using template $paramod\_90_lcu_brent_kung\WIDTH=32'00000000000000000000000000000101 for cells of type $lcu.
Using template $paramod\_90_lcu_brent_kung\WIDTH=32'00000000000000000000000000000010 for cells of type $lcu.
Using template $paramod\_90_lcu_brent_kung\WIDTH=32'00000000000000000000000000000110 for cells of type $lcu.
Using extmapper simplemap for cells of type $or.
Running "alumacc" on wrapper $extern:wrap:$neg:Y_WIDTH=32:A_WIDTH=32:A_SIGNED=0:394426c56d1a028ba8fdd5469b163e04011def47.
Using template $extern:wrap:$neg:Y_WIDTH=32:A_WIDTH=32:A_SIGNED=0:394426c56d1a028ba8fdd5469b163e04011def47 for cells of type $extern:wrap:$neg:Y_WIDTH=32:A_WIDTH=32:A_SIGNED=0:394426c56d1a028ba8fdd5469b163e04011def47.
Using template $paramod\$__div_mod_u\WIDTH=32'00000000000000000000000000100000 for cells of type $__div_mod_u.
Using extmapper simplemap for cells of type $ne.
Running "alumacc" on wrapper $extern:wrap:$sub:Y_WIDTH=58:B_WIDTH=58:A_WIDTH=32:B_SIGNED=0:A_SIGNED=0:394426c56d1a028ba8fdd5469b163e04011def47.
Using template $extern:wrap:$sub:Y_WIDTH=58:B_WIDTH=58:A_WIDTH=32:B_SIGNED=0:A_SIGNED=0:394426c56d1a028ba8fdd5469b163e04011def47 for cells of type $extern:wrap:$sub:Y_WIDTH=58:B_WIDTH=58:A_WIDTH=32:B_SIGNED=0:A_SIGNED=0:394426c56d1a028ba8fdd5469b163e04011def47.
Running "alumacc" on wrapper $extern:wrap:$ge:Y_WIDTH=1:B_WIDTH=58:A_WIDTH=32:B_SIGNED=0:A_SIGNED=0:394426c56d1a028ba8fdd5469b163e04011def47.
Using template $extern:wrap:$ge:Y_WIDTH=1:B_WIDTH=58:A_WIDTH=32:B_SIGNED=0:A_SIGNED=0:394426c56d1a028ba8fdd5469b163e04011def47 for cells of type $extern:wrap:$ge:Y_WIDTH=1:B_WIDTH=58:A_WIDTH=32:B_SIGNED=0:A_SIGNED=0:394426c56d1a028ba8fdd5469b163e04011def47.
Running "alumacc" on wrapper $extern:wrap:$sub:Y_WIDTH=59:B_WIDTH=59:A_WIDTH=32:B_SIGNED=0:A_SIGNED=0:394426c56d1a028ba8fdd5469b163e04011def47.
Using template $extern:wrap:$sub:Y_WIDTH=59:B_WIDTH=59:A_WIDTH=32:B_SIGNED=0:A_SIGNED=0:394426c56d1a028ba8fdd5469b163e04011def47 for cells of type $extern:wrap:$sub:Y_WIDTH=59:B_WIDTH=59:A_WIDTH=32:B_SIGNED=0:A_SIGNED=0:394426c56d1a028ba8fdd5469b163e04011def47.
Running "alumacc" on wrapper $extern:wrap:$ge:Y_WIDTH=1:B_WIDTH=59:A_WIDTH=32:B_SIGNED=0:A_SIGNED=0:394426c56d1a028ba8fdd5469b163e04011def47.
Using template $extern:wrap:$ge:Y_WIDTH=1:B_WIDTH=59:A_WIDTH=32:B_SIGNED=0:A_SIGNED=0:394426c56d1a028ba8fdd5469b163e04011def47 for cells of type $extern:wrap:$ge:Y_WIDTH=1:B_WIDTH=59:A_WIDTH=32:B_SIGNED=0:A_SIGNED=0:394426c56d1a028ba8fdd5469b163e04011def47.
Running "alumacc" on wrapper $extern:wrap:$sub:Y_WIDTH=60:B_WIDTH=60:A_WIDTH=32:B_SIGNED=0:A_SIGNED=0:394426c56d1a028ba8fdd5469b163e04011def47.
Using template $extern:wrap:$sub:Y_WIDTH=60:B_WIDTH=60:A_WIDTH=32:B_SIGNED=0:A_SIGNED=0:394426c56d1a028ba8fdd5469b163e04011def47 for cells of type $extern:wrap:$sub:Y_WIDTH=60:B_WIDTH=60:A_WIDTH=32:B_SIGNED=0:A_SIGNED=0:394426c56d1a028ba8fdd5469b163e04011def47.
Running "alumacc" on wrapper $extern:wrap:$ge:Y_WIDTH=1:B_WIDTH=60:A_WIDTH=32:B_SIGNED=0:A_SIGNED=0:394426c56d1a028ba8fdd5469b163e04011def47.
Using template $extern:wrap:$ge:Y_WIDTH=1:B_WIDTH=60:A_WIDTH=32:B_SIGNED=0:A_SIGNED=0:394426c56d1a028ba8fdd5469b163e04011def47 for cells of type $extern:wrap:$ge:Y_WIDTH=1:B_WIDTH=60:A_WIDTH=32:B_SIGNED=0:A_SIGNED=0:394426c56d1a028ba8fdd5469b163e04011def47.
Running "alumacc" on wrapper $extern:wrap:$sub:Y_WIDTH=61:B_WIDTH=61:A_WIDTH=32:B_SIGNED=0:A_SIGNED=0:394426c56d1a028ba8fdd5469b163e04011def47.
Using template $extern:wrap:$sub:Y_WIDTH=61:B_WIDTH=61:A_WIDTH=32:B_SIGNED=0:A_SIGNED=0:394426c56d1a028ba8fdd5469b163e04011def47 for cells of type $extern:wrap:$sub:Y_WIDTH=61:B_WIDTH=61:A_WIDTH=32:B_SIGNED=0:A_SIGNED=0:394426c56d1a028ba8fdd5469b163e04011def47.
Running "alumacc" on wrapper $extern:wrap:$ge:Y_WIDTH=1:B_WIDTH=61:A_WIDTH=32:B_SIGNED=0:A_SIGNED=0:394426c56d1a028ba8fdd5469b163e04011def47.
Using template $extern:wrap:$ge:Y_WIDTH=1:B_WIDTH=61:A_WIDTH=32:B_SIGNED=0:A_SIGNED=0:394426c56d1a028ba8fdd5469b163e04011def47 for cells of type $extern:wrap:$ge:Y_WIDTH=1:B_WIDTH=61:A_WIDTH=32:B_SIGNED=0:A_SIGNED=0:394426c56d1a028ba8fdd5469b163e04011def47.
Running "alumacc" on wrapper $extern:wrap:$sub:Y_WIDTH=62:B_WIDTH=62:A_WIDTH=32:B_SIGNED=0:A_SIGNED=0:394426c56d1a028ba8fdd5469b163e04011def47.
Using template $extern:wrap:$sub:Y_WIDTH=62:B_WIDTH=62:A_WIDTH=32:B_SIGNED=0:A_SIGNED=0:394426c56d1a028ba8fdd5469b163e04011def47 for cells of type $extern:wrap:$sub:Y_WIDTH=62:B_WIDTH=62:A_WIDTH=32:B_SIGNED=0:A_SIGNED=0:394426c56d1a028ba8fdd5469b163e04011def47.
Running "alumacc" on wrapper $extern:wrap:$ge:Y_WIDTH=1:B_WIDTH=62:A_WIDTH=32:B_SIGNED=0:A_SIGNED=0:394426c56d1a028ba8fdd5469b163e04011def47.
Using template $extern:wrap:$ge:Y_WIDTH=1:B_WIDTH=62:A_WIDTH=32:B_SIGNED=0:A_SIGNED=0:394426c56d1a028ba8fdd5469b163e04011def47 for cells of type $extern:wrap:$ge:Y_WIDTH=1:B_WIDTH=62:A_WIDTH=32:B_SIGNED=0:A_SIGNED=0:394426c56d1a028ba8fdd5469b163e04011def47.
Running "alumacc" on wrapper $extern:wrap:$sub:Y_WIDTH=56:B_WIDTH=56:A_WIDTH=32:B_SIGNED=0:A_SIGNED=0:394426c56d1a028ba8fdd5469b163e04011def47.
Using template $extern:wrap:$sub:Y_WIDTH=56:B_WIDTH=56:A_WIDTH=32:B_SIGNED=0:A_SIGNED=0:394426c56d1a028ba8fdd5469b163e04011def47 for cells of type $extern:wrap:$sub:Y_WIDTH=56:B_WIDTH=56:A_WIDTH=32:B_SIGNED=0:A_SIGNED=0:394426c56d1a028ba8fdd5469b163e04011def47.
Running "alumacc" on wrapper $extern:wrap:$ge:Y_WIDTH=1:B_WIDTH=56:A_WIDTH=32:B_SIGNED=0:A_SIGNED=0:394426c56d1a028ba8fdd5469b163e04011def47.
Using template $extern:wrap:$ge:Y_WIDTH=1:B_WIDTH=56:A_WIDTH=32:B_SIGNED=0:A_SIGNED=0:394426c56d1a028ba8fdd5469b163e04011def47 for cells of type $extern:wrap:$ge:Y_WIDTH=1:B_WIDTH=56:A_WIDTH=32:B_SIGNED=0:A_SIGNED=0:394426c56d1a028ba8fdd5469b163e04011def47.
Running "alumacc" on wrapper $extern:wrap:$sub:Y_WIDTH=63:B_WIDTH=63:A_WIDTH=32:B_SIGNED=0:A_SIGNED=0:394426c56d1a028ba8fdd5469b163e04011def47.
Using template $extern:wrap:$sub:Y_WIDTH=63:B_WIDTH=63:A_WIDTH=32:B_SIGNED=0:A_SIGNED=0:394426c56d1a028ba8fdd5469b163e04011def47 for cells of type $extern:wrap:$sub:Y_WIDTH=63:B_WIDTH=63:A_WIDTH=32:B_SIGNED=0:A_SIGNED=0:394426c56d1a028ba8fdd5469b163e04011def47.
Running "alumacc" on wrapper $extern:wrap:$sub:Y_WIDTH=57:B_WIDTH=57:A_WIDTH=32:B_SIGNED=0:A_SIGNED=0:394426c56d1a028ba8fdd5469b163e04011def47.
Using template $extern:wrap:$sub:Y_WIDTH=57:B_WIDTH=57:A_WIDTH=32:B_SIGNED=0:A_SIGNED=0:394426c56d1a028ba8fdd5469b163e04011def47 for cells of type $extern:wrap:$sub:Y_WIDTH=57:B_WIDTH=57:A_WIDTH=32:B_SIGNED=0:A_SIGNED=0:394426c56d1a028ba8fdd5469b163e04011def47.
Running "alumacc" on wrapper $extern:wrap:$ge:Y_WIDTH=1:B_WIDTH=57:A_WIDTH=32:B_SIGNED=0:A_SIGNED=0:394426c56d1a028ba8fdd5469b163e04011def47.
Using template $extern:wrap:$ge:Y_WIDTH=1:B_WIDTH=57:A_WIDTH=32:B_SIGNED=0:A_SIGNED=0:394426c56d1a028ba8fdd5469b163e04011def47 for cells of type $extern:wrap:$ge:Y_WIDTH=1:B_WIDTH=57:A_WIDTH=32:B_SIGNED=0:A_SIGNED=0:394426c56d1a028ba8fdd5469b163e04011def47.
Running "alumacc" on wrapper $extern:wrap:$sub:Y_WIDTH=55:B_WIDTH=55:A_WIDTH=32:B_SIGNED=0:A_SIGNED=0:394426c56d1a028ba8fdd5469b163e04011def47.
Using template $extern:wrap:$sub:Y_WIDTH=55:B_WIDTH=55:A_WIDTH=32:B_SIGNED=0:A_SIGNED=0:394426c56d1a028ba8fdd5469b163e04011def47 for cells of type $extern:wrap:$sub:Y_WIDTH=55:B_WIDTH=55:A_WIDTH=32:B_SIGNED=0:A_SIGNED=0:394426c56d1a028ba8fdd5469b163e04011def47.
Running "alumacc" on wrapper $extern:wrap:$ge:Y_WIDTH=1:B_WIDTH=55:A_WIDTH=32:B_SIGNED=0:A_SIGNED=0:394426c56d1a028ba8fdd5469b163e04011def47.
Using template $extern:wrap:$ge:Y_WIDTH=1:B_WIDTH=55:A_WIDTH=32:B_SIGNED=0:A_SIGNED=0:394426c56d1a028ba8fdd5469b163e04011def47 for cells of type $extern:wrap:$ge:Y_WIDTH=1:B_WIDTH=55:A_WIDTH=32:B_SIGNED=0:A_SIGNED=0:394426c56d1a028ba8fdd5469b163e04011def47.
Running "alumacc" on wrapper $extern:wrap:$ge:Y_WIDTH=1:B_WIDTH=50:A_WIDTH=32:B_SIGNED=0:A_SIGNED=0:394426c56d1a028ba8fdd5469b163e04011def47.
Using template $extern:wrap:$ge:Y_WIDTH=1:B_WIDTH=50:A_WIDTH=32:B_SIGNED=0:A_SIGNED=0:394426c56d1a028ba8fdd5469b163e04011def47 for cells of type $extern:wrap:$ge:Y_WIDTH=1:B_WIDTH=50:A_WIDTH=32:B_SIGNED=0:A_SIGNED=0:394426c56d1a028ba8fdd5469b163e04011def47.
Running "alumacc" on wrapper $extern:wrap:$ge:Y_WIDTH=1:B_WIDTH=53:A_WIDTH=32:B_SIGNED=0:A_SIGNED=0:394426c56d1a028ba8fdd5469b163e04011def47.
Using template $extern:wrap:$ge:Y_WIDTH=1:B_WIDTH=53:A_WIDTH=32:B_SIGNED=0:A_SIGNED=0:394426c56d1a028ba8fdd5469b163e04011def47 for cells of type $extern:wrap:$ge:Y_WIDTH=1:B_WIDTH=53:A_WIDTH=32:B_SIGNED=0:A_SIGNED=0:394426c56d1a028ba8fdd5469b163e04011def47.
Running "alumacc" on wrapper $extern:wrap:$sub:Y_WIDTH=51:B_WIDTH=51:A_WIDTH=32:B_SIGNED=0:A_SIGNED=0:394426c56d1a028ba8fdd5469b163e04011def47.
Using template $extern:wrap:$sub:Y_WIDTH=51:B_WIDTH=51:A_WIDTH=32:B_SIGNED=0:A_SIGNED=0:394426c56d1a028ba8fdd5469b163e04011def47 for cells of type $extern:wrap:$sub:Y_WIDTH=51:B_WIDTH=51:A_WIDTH=32:B_SIGNED=0:A_SIGNED=0:394426c56d1a028ba8fdd5469b163e04011def47.
Running "alumacc" on wrapper $extern:wrap:$ge:Y_WIDTH=1:B_WIDTH=51:A_WIDTH=32:B_SIGNED=0:A_SIGNED=0:394426c56d1a028ba8fdd5469b163e04011def47.
Using template $extern:wrap:$ge:Y_WIDTH=1:B_WIDTH=51:A_WIDTH=32:B_SIGNED=0:A_SIGNED=0:394426c56d1a028ba8fdd5469b163e04011def47 for cells of type $extern:wrap:$ge:Y_WIDTH=1:B_WIDTH=51:A_WIDTH=32:B_SIGNED=0:A_SIGNED=0:394426c56d1a028ba8fdd5469b163e04011def47.
Running "alumacc" on wrapper $extern:wrap:$sub:Y_WIDTH=52:B_WIDTH=52:A_WIDTH=32:B_SIGNED=0:A_SIGNED=0:394426c56d1a028ba8fdd5469b163e04011def47.
Using template $extern:wrap:$sub:Y_WIDTH=52:B_WIDTH=52:A_WIDTH=32:B_SIGNED=0:A_SIGNED=0:394426c56d1a028ba8fdd5469b163e04011def47 for cells of type $extern:wrap:$sub:Y_WIDTH=52:B_WIDTH=52:A_WIDTH=32:B_SIGNED=0:A_SIGNED=0:394426c56d1a028ba8fdd5469b163e04011def47.
Running "alumacc" on wrapper $extern:wrap:$ge:Y_WIDTH=1:B_WIDTH=52:A_WIDTH=32:B_SIGNED=0:A_SIGNED=0:394426c56d1a028ba8fdd5469b163e04011def47.
Using template $extern:wrap:$ge:Y_WIDTH=1:B_WIDTH=52:A_WIDTH=32:B_SIGNED=0:A_SIGNED=0:394426c56d1a028ba8fdd5469b163e04011def47 for cells of type $extern:wrap:$ge:Y_WIDTH=1:B_WIDTH=52:A_WIDTH=32:B_SIGNED=0:A_SIGNED=0:394426c56d1a028ba8fdd5469b163e04011def47.
Running "alumacc" on wrapper $extern:wrap:$sub:Y_WIDTH=54:B_WIDTH=54:A_WIDTH=32:B_SIGNED=0:A_SIGNED=0:394426c56d1a028ba8fdd5469b163e04011def47.
Using template $extern:wrap:$sub:Y_WIDTH=54:B_WIDTH=54:A_WIDTH=32:B_SIGNED=0:A_SIGNED=0:394426c56d1a028ba8fdd5469b163e04011def47 for cells of type $extern:wrap:$sub:Y_WIDTH=54:B_WIDTH=54:A_WIDTH=32:B_SIGNED=0:A_SIGNED=0:394426c56d1a028ba8fdd5469b163e04011def47.
Running "alumacc" on wrapper $extern:wrap:$ge:Y_WIDTH=1:B_WIDTH=54:A_WIDTH=32:B_SIGNED=0:A_SIGNED=0:394426c56d1a028ba8fdd5469b163e04011def47.
Using template $extern:wrap:$ge:Y_WIDTH=1:B_WIDTH=54:A_WIDTH=32:B_SIGNED=0:A_SIGNED=0:394426c56d1a028ba8fdd5469b163e04011def47 for cells of type $extern:wrap:$ge:Y_WIDTH=1:B_WIDTH=54:A_WIDTH=32:B_SIGNED=0:A_SIGNED=0:394426c56d1a028ba8fdd5469b163e04011def47.
Running "alumacc" on wrapper $extern:wrap:$sub:Y_WIDTH=53:B_WIDTH=53:A_WIDTH=32:B_SIGNED=0:A_SIGNED=0:394426c56d1a028ba8fdd5469b163e04011def47.
Using template $extern:wrap:$sub:Y_WIDTH=53:B_WIDTH=53:A_WIDTH=32:B_SIGNED=0:A_SIGNED=0:394426c56d1a028ba8fdd5469b163e04011def47 for cells of type $extern:wrap:$sub:Y_WIDTH=53:B_WIDTH=53:A_WIDTH=32:B_SIGNED=0:A_SIGNED=0:394426c56d1a028ba8fdd5469b163e04011def47.
Using template $paramod$c6baa65225090ac0a120feab1b920965244aa496\_90_alu for cells of type $alu.
Running "alumacc" on wrapper $extern:wrap:$ge:Y_WIDTH=1:B_WIDTH=45:A_WIDTH=32:B_SIGNED=0:A_SIGNED=0:394426c56d1a028ba8fdd5469b163e04011def47.
Using template $extern:wrap:$ge:Y_WIDTH=1:B_WIDTH=45:A_WIDTH=32:B_SIGNED=0:A_SIGNED=0:394426c56d1a028ba8fdd5469b163e04011def47 for cells of type $extern:wrap:$ge:Y_WIDTH=1:B_WIDTH=45:A_WIDTH=32:B_SIGNED=0:A_SIGNED=0:394426c56d1a028ba8fdd5469b163e04011def47.
Running "alumacc" on wrapper $extern:wrap:$sub:Y_WIDTH=46:B_WIDTH=46:A_WIDTH=32:B_SIGNED=0:A_SIGNED=0:394426c56d1a028ba8fdd5469b163e04011def47.
Using template $extern:wrap:$sub:Y_WIDTH=46:B_WIDTH=46:A_WIDTH=32:B_SIGNED=0:A_SIGNED=0:394426c56d1a028ba8fdd5469b163e04011def47 for cells of type $extern:wrap:$sub:Y_WIDTH=46:B_WIDTH=46:A_WIDTH=32:B_SIGNED=0:A_SIGNED=0:394426c56d1a028ba8fdd5469b163e04011def47.
Running "alumacc" on wrapper $extern:wrap:$ge:Y_WIDTH=1:B_WIDTH=46:A_WIDTH=32:B_SIGNED=0:A_SIGNED=0:394426c56d1a028ba8fdd5469b163e04011def47.
Using template $extern:wrap:$ge:Y_WIDTH=1:B_WIDTH=46:A_WIDTH=32:B_SIGNED=0:A_SIGNED=0:394426c56d1a028ba8fdd5469b163e04011def47 for cells of type $extern:wrap:$ge:Y_WIDTH=1:B_WIDTH=46:A_WIDTH=32:B_SIGNED=0:A_SIGNED=0:394426c56d1a028ba8fdd5469b163e04011def47.
Running "alumacc" on wrapper $extern:wrap:$sub:Y_WIDTH=47:B_WIDTH=47:A_WIDTH=32:B_SIGNED=0:A_SIGNED=0:394426c56d1a028ba8fdd5469b163e04011def47.
Using template $extern:wrap:$sub:Y_WIDTH=47:B_WIDTH=47:A_WIDTH=32:B_SIGNED=0:A_SIGNED=0:394426c56d1a028ba8fdd5469b163e04011def47 for cells of type $extern:wrap:$sub:Y_WIDTH=47:B_WIDTH=47:A_WIDTH=32:B_SIGNED=0:A_SIGNED=0:394426c56d1a028ba8fdd5469b163e04011def47.
Running "alumacc" on wrapper $extern:wrap:$ge:Y_WIDTH=1:B_WIDTH=47:A_WIDTH=32:B_SIGNED=0:A_SIGNED=0:394426c56d1a028ba8fdd5469b163e04011def47.
Using template $extern:wrap:$ge:Y_WIDTH=1:B_WIDTH=47:A_WIDTH=32:B_SIGNED=0:A_SIGNED=0:394426c56d1a028ba8fdd5469b163e04011def47 for cells of type $extern:wrap:$ge:Y_WIDTH=1:B_WIDTH=47:A_WIDTH=32:B_SIGNED=0:A_SIGNED=0:394426c56d1a028ba8fdd5469b163e04011def47.
Running "alumacc" on wrapper $extern:wrap:$sub:Y_WIDTH=48:B_WIDTH=48:A_WIDTH=32:B_SIGNED=0:A_SIGNED=0:394426c56d1a028ba8fdd5469b163e04011def47.
Using template $extern:wrap:$sub:Y_WIDTH=48:B_WIDTH=48:A_WIDTH=32:B_SIGNED=0:A_SIGNED=0:394426c56d1a028ba8fdd5469b163e04011def47 for cells of type $extern:wrap:$sub:Y_WIDTH=48:B_WIDTH=48:A_WIDTH=32:B_SIGNED=0:A_SIGNED=0:394426c56d1a028ba8fdd5469b163e04011def47.
Running "alumacc" on wrapper $extern:wrap:$ge:Y_WIDTH=1:B_WIDTH=48:A_WIDTH=32:B_SIGNED=0:A_SIGNED=0:394426c56d1a028ba8fdd5469b163e04011def47.
Using template $extern:wrap:$ge:Y_WIDTH=1:B_WIDTH=48:A_WIDTH=32:B_SIGNED=0:A_SIGNED=0:394426c56d1a028ba8fdd5469b163e04011def47 for cells of type $extern:wrap:$ge:Y_WIDTH=1:B_WIDTH=48:A_WIDTH=32:B_SIGNED=0:A_SIGNED=0:394426c56d1a028ba8fdd5469b163e04011def47.
Running "alumacc" on wrapper $extern:wrap:$sub:Y_WIDTH=49:B_WIDTH=49:A_WIDTH=32:B_SIGNED=0:A_SIGNED=0:394426c56d1a028ba8fdd5469b163e04011def47.
Using template $extern:wrap:$sub:Y_WIDTH=49:B_WIDTH=49:A_WIDTH=32:B_SIGNED=0:A_SIGNED=0:394426c56d1a028ba8fdd5469b163e04011def47 for cells of type $extern:wrap:$sub:Y_WIDTH=49:B_WIDTH=49:A_WIDTH=32:B_SIGNED=0:A_SIGNED=0:394426c56d1a028ba8fdd5469b163e04011def47.
Running "alumacc" on wrapper $extern:wrap:$ge:Y_WIDTH=1:B_WIDTH=49:A_WIDTH=32:B_SIGNED=0:A_SIGNED=0:394426c56d1a028ba8fdd5469b163e04011def47.
Using template $extern:wrap:$ge:Y_WIDTH=1:B_WIDTH=49:A_WIDTH=32:B_SIGNED=0:A_SIGNED=0:394426c56d1a028ba8fdd5469b163e04011def47 for cells of type $extern:wrap:$ge:Y_WIDTH=1:B_WIDTH=49:A_WIDTH=32:B_SIGNED=0:A_SIGNED=0:394426c56d1a028ba8fdd5469b163e04011def47.
Running "alumacc" on wrapper $extern:wrap:$sub:Y_WIDTH=50:B_WIDTH=50:A_WIDTH=32:B_SIGNED=0:A_SIGNED=0:394426c56d1a028ba8fdd5469b163e04011def47.
Using template $extern:wrap:$sub:Y_WIDTH=50:B_WIDTH=50:A_WIDTH=32:B_SIGNED=0:A_SIGNED=0:394426c56d1a028ba8fdd5469b163e04011def47 for cells of type $extern:wrap:$sub:Y_WIDTH=50:B_WIDTH=50:A_WIDTH=32:B_SIGNED=0:A_SIGNED=0:394426c56d1a028ba8fdd5469b163e04011def47.
Running "alumacc" on wrapper $extern:wrap:$ge:Y_WIDTH=1:B_WIDTH=63:A_WIDTH=32:B_SIGNED=0:A_SIGNED=0:394426c56d1a028ba8fdd5469b163e04011def47.
Using template $extern:wrap:$ge:Y_WIDTH=1:B_WIDTH=63:A_WIDTH=32:B_SIGNED=0:A_SIGNED=0:394426c56d1a028ba8fdd5469b163e04011def47 for cells of type $extern:wrap:$ge:Y_WIDTH=1:B_WIDTH=63:A_WIDTH=32:B_SIGNED=0:A_SIGNED=0:394426c56d1a028ba8fdd5469b163e04011def47.
Running "alumacc" on wrapper $extern:wrap:$sub:Y_WIDTH=45:B_WIDTH=45:A_WIDTH=32:B_SIGNED=0:A_SIGNED=0:394426c56d1a028ba8fdd5469b163e04011def47.
Using template $extern:wrap:$sub:Y_WIDTH=45:B_WIDTH=45:A_WIDTH=32:B_SIGNED=0:A_SIGNED=0:394426c56d1a028ba8fdd5469b163e04011def47 for cells of type $extern:wrap:$sub:Y_WIDTH=45:B_WIDTH=45:A_WIDTH=32:B_SIGNED=0:A_SIGNED=0:394426c56d1a028ba8fdd5469b163e04011def47.
Running "alumacc" on wrapper $extern:wrap:$ge:Y_WIDTH=1:B_WIDTH=44:A_WIDTH=32:B_SIGNED=0:A_SIGNED=0:394426c56d1a028ba8fdd5469b163e04011def47.
Using template $extern:wrap:$ge:Y_WIDTH=1:B_WIDTH=44:A_WIDTH=32:B_SIGNED=0:A_SIGNED=0:394426c56d1a028ba8fdd5469b163e04011def47 for cells of type $extern:wrap:$ge:Y_WIDTH=1:B_WIDTH=44:A_WIDTH=32:B_SIGNED=0:A_SIGNED=0:394426c56d1a028ba8fdd5469b163e04011def47.
Running "alumacc" on wrapper $extern:wrap:$sub:Y_WIDTH=44:B_WIDTH=44:A_WIDTH=32:B_SIGNED=0:A_SIGNED=0:394426c56d1a028ba8fdd5469b163e04011def47.
Using template $extern:wrap:$sub:Y_WIDTH=44:B_WIDTH=44:A_WIDTH=32:B_SIGNED=0:A_SIGNED=0:394426c56d1a028ba8fdd5469b163e04011def47 for cells of type $extern:wrap:$sub:Y_WIDTH=44:B_WIDTH=44:A_WIDTH=32:B_SIGNED=0:A_SIGNED=0:394426c56d1a028ba8fdd5469b163e04011def47.
Running "alumacc" on wrapper $extern:wrap:$ge:Y_WIDTH=1:B_WIDTH=43:A_WIDTH=32:B_SIGNED=0:A_SIGNED=0:394426c56d1a028ba8fdd5469b163e04011def47.
Using template $extern:wrap:$ge:Y_WIDTH=1:B_WIDTH=43:A_WIDTH=32:B_SIGNED=0:A_SIGNED=0:394426c56d1a028ba8fdd5469b163e04011def47 for cells of type $extern:wrap:$ge:Y_WIDTH=1:B_WIDTH=43:A_WIDTH=32:B_SIGNED=0:A_SIGNED=0:394426c56d1a028ba8fdd5469b163e04011def47.
Running "alumacc" on wrapper $extern:wrap:$sub:Y_WIDTH=43:B_WIDTH=43:A_WIDTH=32:B_SIGNED=0:A_SIGNED=0:394426c56d1a028ba8fdd5469b163e04011def47.
Using template $extern:wrap:$sub:Y_WIDTH=43:B_WIDTH=43:A_WIDTH=32:B_SIGNED=0:A_SIGNED=0:394426c56d1a028ba8fdd5469b163e04011def47 for cells of type $extern:wrap:$sub:Y_WIDTH=43:B_WIDTH=43:A_WIDTH=32:B_SIGNED=0:A_SIGNED=0:394426c56d1a028ba8fdd5469b163e04011def47.
Running "alumacc" on wrapper $extern:wrap:$ge:Y_WIDTH=1:B_WIDTH=42:A_WIDTH=32:B_SIGNED=0:A_SIGNED=0:394426c56d1a028ba8fdd5469b163e04011def47.
Using template $extern:wrap:$ge:Y_WIDTH=1:B_WIDTH=42:A_WIDTH=32:B_SIGNED=0:A_SIGNED=0:394426c56d1a028ba8fdd5469b163e04011def47 for cells of type $extern:wrap:$ge:Y_WIDTH=1:B_WIDTH=42:A_WIDTH=32:B_SIGNED=0:A_SIGNED=0:394426c56d1a028ba8fdd5469b163e04011def47.
Running "alumacc" on wrapper $extern:wrap:$sub:Y_WIDTH=42:B_WIDTH=42:A_WIDTH=32:B_SIGNED=0:A_SIGNED=0:394426c56d1a028ba8fdd5469b163e04011def47.
Using template $extern:wrap:$sub:Y_WIDTH=42:B_WIDTH=42:A_WIDTH=32:B_SIGNED=0:A_SIGNED=0:394426c56d1a028ba8fdd5469b163e04011def47 for cells of type $extern:wrap:$sub:Y_WIDTH=42:B_WIDTH=42:A_WIDTH=32:B_SIGNED=0:A_SIGNED=0:394426c56d1a028ba8fdd5469b163e04011def47.
Running "alumacc" on wrapper $extern:wrap:$ge:Y_WIDTH=1:B_WIDTH=41:A_WIDTH=32:B_SIGNED=0:A_SIGNED=0:394426c56d1a028ba8fdd5469b163e04011def47.
Using template $extern:wrap:$ge:Y_WIDTH=1:B_WIDTH=41:A_WIDTH=32:B_SIGNED=0:A_SIGNED=0:394426c56d1a028ba8fdd5469b163e04011def47 for cells of type $extern:wrap:$ge:Y_WIDTH=1:B_WIDTH=41:A_WIDTH=32:B_SIGNED=0:A_SIGNED=0:394426c56d1a028ba8fdd5469b163e04011def47.
Running "alumacc" on wrapper $extern:wrap:$sub:Y_WIDTH=41:B_WIDTH=41:A_WIDTH=32:B_SIGNED=0:A_SIGNED=0:394426c56d1a028ba8fdd5469b163e04011def47.
Using template $extern:wrap:$sub:Y_WIDTH=41:B_WIDTH=41:A_WIDTH=32:B_SIGNED=0:A_SIGNED=0:394426c56d1a028ba8fdd5469b163e04011def47 for cells of type $extern:wrap:$sub:Y_WIDTH=41:B_WIDTH=41:A_WIDTH=32:B_SIGNED=0:A_SIGNED=0:394426c56d1a028ba8fdd5469b163e04011def47.
Running "alumacc" on wrapper $extern:wrap:$ge:Y_WIDTH=1:B_WIDTH=40:A_WIDTH=32:B_SIGNED=0:A_SIGNED=0:394426c56d1a028ba8fdd5469b163e04011def47.
Using template $extern:wrap:$ge:Y_WIDTH=1:B_WIDTH=40:A_WIDTH=32:B_SIGNED=0:A_SIGNED=0:394426c56d1a028ba8fdd5469b163e04011def47 for cells of type $extern:wrap:$ge:Y_WIDTH=1:B_WIDTH=40:A_WIDTH=32:B_SIGNED=0:A_SIGNED=0:394426c56d1a028ba8fdd5469b163e04011def47.
Running "alumacc" on wrapper $extern:wrap:$sub:Y_WIDTH=40:B_WIDTH=40:A_WIDTH=32:B_SIGNED=0:A_SIGNED=0:394426c56d1a028ba8fdd5469b163e04011def47.
Using template $extern:wrap:$sub:Y_WIDTH=40:B_WIDTH=40:A_WIDTH=32:B_SIGNED=0:A_SIGNED=0:394426c56d1a028ba8fdd5469b163e04011def47 for cells of type $extern:wrap:$sub:Y_WIDTH=40:B_WIDTH=40:A_WIDTH=32:B_SIGNED=0:A_SIGNED=0:394426c56d1a028ba8fdd5469b163e04011def47.
Running "alumacc" on wrapper $extern:wrap:$ge:Y_WIDTH=1:B_WIDTH=39:A_WIDTH=32:B_SIGNED=0:A_SIGNED=0:394426c56d1a028ba8fdd5469b163e04011def47.
Using template $extern:wrap:$ge:Y_WIDTH=1:B_WIDTH=39:A_WIDTH=32:B_SIGNED=0:A_SIGNED=0:394426c56d1a028ba8fdd5469b163e04011def47 for cells of type $extern:wrap:$ge:Y_WIDTH=1:B_WIDTH=39:A_WIDTH=32:B_SIGNED=0:A_SIGNED=0:394426c56d1a028ba8fdd5469b163e04011def47.
Running "alumacc" on wrapper $extern:wrap:$sub:Y_WIDTH=39:B_WIDTH=39:A_WIDTH=32:B_SIGNED=0:A_SIGNED=0:394426c56d1a028ba8fdd5469b163e04011def47.
Using template $extern:wrap:$sub:Y_WIDTH=39:B_WIDTH=39:A_WIDTH=32:B_SIGNED=0:A_SIGNED=0:394426c56d1a028ba8fdd5469b163e04011def47 for cells of type $extern:wrap:$sub:Y_WIDTH=39:B_WIDTH=39:A_WIDTH=32:B_SIGNED=0:A_SIGNED=0:394426c56d1a028ba8fdd5469b163e04011def47.
Running "alumacc" on wrapper $extern:wrap:$ge:Y_WIDTH=1:B_WIDTH=38:A_WIDTH=32:B_SIGNED=0:A_SIGNED=0:394426c56d1a028ba8fdd5469b163e04011def47.
Using template $extern:wrap:$ge:Y_WIDTH=1:B_WIDTH=38:A_WIDTH=32:B_SIGNED=0:A_SIGNED=0:394426c56d1a028ba8fdd5469b163e04011def47 for cells of type $extern:wrap:$ge:Y_WIDTH=1:B_WIDTH=38:A_WIDTH=32:B_SIGNED=0:A_SIGNED=0:394426c56d1a028ba8fdd5469b163e04011def47.
Running "alumacc" on wrapper $extern:wrap:$sub:Y_WIDTH=38:B_WIDTH=38:A_WIDTH=32:B_SIGNED=0:A_SIGNED=0:394426c56d1a028ba8fdd5469b163e04011def47.
Using template $extern:wrap:$sub:Y_WIDTH=38:B_WIDTH=38:A_WIDTH=32:B_SIGNED=0:A_SIGNED=0:394426c56d1a028ba8fdd5469b163e04011def47 for cells of type $extern:wrap:$sub:Y_WIDTH=38:B_WIDTH=38:A_WIDTH=32:B_SIGNED=0:A_SIGNED=0:394426c56d1a028ba8fdd5469b163e04011def47.
Running "alumacc" on wrapper $extern:wrap:$ge:Y_WIDTH=1:B_WIDTH=37:A_WIDTH=32:B_SIGNED=0:A_SIGNED=0:394426c56d1a028ba8fdd5469b163e04011def47.
Using template $extern:wrap:$ge:Y_WIDTH=1:B_WIDTH=37:A_WIDTH=32:B_SIGNED=0:A_SIGNED=0:394426c56d1a028ba8fdd5469b163e04011def47 for cells of type $extern:wrap:$ge:Y_WIDTH=1:B_WIDTH=37:A_WIDTH=32:B_SIGNED=0:A_SIGNED=0:394426c56d1a028ba8fdd5469b163e04011def47.
Running "alumacc" on wrapper $extern:wrap:$sub:Y_WIDTH=37:B_WIDTH=37:A_WIDTH=32:B_SIGNED=0:A_SIGNED=0:394426c56d1a028ba8fdd5469b163e04011def47.
Using template $extern:wrap:$sub:Y_WIDTH=37:B_WIDTH=37:A_WIDTH=32:B_SIGNED=0:A_SIGNED=0:394426c56d1a028ba8fdd5469b163e04011def47 for cells of type $extern:wrap:$sub:Y_WIDTH=37:B_WIDTH=37:A_WIDTH=32:B_SIGNED=0:A_SIGNED=0:394426c56d1a028ba8fdd5469b163e04011def47.
Running "alumacc" on wrapper $extern:wrap:$ge:Y_WIDTH=1:B_WIDTH=36:A_WIDTH=32:B_SIGNED=0:A_SIGNED=0:394426c56d1a028ba8fdd5469b163e04011def47.
Using template $extern:wrap:$ge:Y_WIDTH=1:B_WIDTH=36:A_WIDTH=32:B_SIGNED=0:A_SIGNED=0:394426c56d1a028ba8fdd5469b163e04011def47 for cells of type $extern:wrap:$ge:Y_WIDTH=1:B_WIDTH=36:A_WIDTH=32:B_SIGNED=0:A_SIGNED=0:394426c56d1a028ba8fdd5469b163e04011def47.
Running "alumacc" on wrapper $extern:wrap:$sub:Y_WIDTH=36:B_WIDTH=36:A_WIDTH=32:B_SIGNED=0:A_SIGNED=0:394426c56d1a028ba8fdd5469b163e04011def47.
Using template $extern:wrap:$sub:Y_WIDTH=36:B_WIDTH=36:A_WIDTH=32:B_SIGNED=0:A_SIGNED=0:394426c56d1a028ba8fdd5469b163e04011def47 for cells of type $extern:wrap:$sub:Y_WIDTH=36:B_WIDTH=36:A_WIDTH=32:B_SIGNED=0:A_SIGNED=0:394426c56d1a028ba8fdd5469b163e04011def47.
Running "alumacc" on wrapper $extern:wrap:$ge:Y_WIDTH=1:B_WIDTH=35:A_WIDTH=32:B_SIGNED=0:A_SIGNED=0:394426c56d1a028ba8fdd5469b163e04011def47.
Using template $extern:wrap:$ge:Y_WIDTH=1:B_WIDTH=35:A_WIDTH=32:B_SIGNED=0:A_SIGNED=0:394426c56d1a028ba8fdd5469b163e04011def47 for cells of type $extern:wrap:$ge:Y_WIDTH=1:B_WIDTH=35:A_WIDTH=32:B_SIGNED=0:A_SIGNED=0:394426c56d1a028ba8fdd5469b163e04011def47.
Running "alumacc" on wrapper $extern:wrap:$sub:Y_WIDTH=35:B_WIDTH=35:A_WIDTH=32:B_SIGNED=0:A_SIGNED=0:394426c56d1a028ba8fdd5469b163e04011def47.
Using template $extern:wrap:$sub:Y_WIDTH=35:B_WIDTH=35:A_WIDTH=32:B_SIGNED=0:A_SIGNED=0:394426c56d1a028ba8fdd5469b163e04011def47 for cells of type $extern:wrap:$sub:Y_WIDTH=35:B_WIDTH=35:A_WIDTH=32:B_SIGNED=0:A_SIGNED=0:394426c56d1a028ba8fdd5469b163e04011def47.
Running "alumacc" on wrapper $extern:wrap:$ge:Y_WIDTH=1:B_WIDTH=34:A_WIDTH=32:B_SIGNED=0:A_SIGNED=0:394426c56d1a028ba8fdd5469b163e04011def47.
Using template $extern:wrap:$ge:Y_WIDTH=1:B_WIDTH=34:A_WIDTH=32:B_SIGNED=0:A_SIGNED=0:394426c56d1a028ba8fdd5469b163e04011def47 for cells of type $extern:wrap:$ge:Y_WIDTH=1:B_WIDTH=34:A_WIDTH=32:B_SIGNED=0:A_SIGNED=0:394426c56d1a028ba8fdd5469b163e04011def47.
Running "alumacc" on wrapper $extern:wrap:$sub:Y_WIDTH=34:B_WIDTH=34:A_WIDTH=32:B_SIGNED=0:A_SIGNED=0:394426c56d1a028ba8fdd5469b163e04011def47.
Using template $extern:wrap:$sub:Y_WIDTH=34:B_WIDTH=34:A_WIDTH=32:B_SIGNED=0:A_SIGNED=0:394426c56d1a028ba8fdd5469b163e04011def47 for cells of type $extern:wrap:$sub:Y_WIDTH=34:B_WIDTH=34:A_WIDTH=32:B_SIGNED=0:A_SIGNED=0:394426c56d1a028ba8fdd5469b163e04011def47.
Running "alumacc" on wrapper $extern:wrap:$ge:Y_WIDTH=1:B_WIDTH=33:A_WIDTH=32:B_SIGNED=0:A_SIGNED=0:394426c56d1a028ba8fdd5469b163e04011def47.
Using template $extern:wrap:$ge:Y_WIDTH=1:B_WIDTH=33:A_WIDTH=32:B_SIGNED=0:A_SIGNED=0:394426c56d1a028ba8fdd5469b163e04011def47 for cells of type $extern:wrap:$ge:Y_WIDTH=1:B_WIDTH=33:A_WIDTH=32:B_SIGNED=0:A_SIGNED=0:394426c56d1a028ba8fdd5469b163e04011def47.
Running "alumacc" on wrapper $extern:wrap:$sub:Y_WIDTH=33:B_WIDTH=33:A_WIDTH=32:B_SIGNED=0:A_SIGNED=0:394426c56d1a028ba8fdd5469b163e04011def47.
Using template $extern:wrap:$sub:Y_WIDTH=33:B_WIDTH=33:A_WIDTH=32:B_SIGNED=0:A_SIGNED=0:394426c56d1a028ba8fdd5469b163e04011def47 for cells of type $extern:wrap:$sub:Y_WIDTH=33:B_WIDTH=33:A_WIDTH=32:B_SIGNED=0:A_SIGNED=0:394426c56d1a028ba8fdd5469b163e04011def47.
Running "alumacc" on wrapper $extern:wrap:$ge:Y_WIDTH=1:B_WIDTH=32:A_WIDTH=32:B_SIGNED=0:A_SIGNED=0:394426c56d1a028ba8fdd5469b163e04011def47.
Using template $extern:wrap:$ge:Y_WIDTH=1:B_WIDTH=32:A_WIDTH=32:B_SIGNED=0:A_SIGNED=0:394426c56d1a028ba8fdd5469b163e04011def47 for cells of type $extern:wrap:$ge:Y_WIDTH=1:B_WIDTH=32:A_WIDTH=32:B_SIGNED=0:A_SIGNED=0:394426c56d1a028ba8fdd5469b163e04011def47.
Running "alumacc" on wrapper $extern:wrap:$sub:Y_WIDTH=32:B_WIDTH=32:A_WIDTH=32:B_SIGNED=0:A_SIGNED=0:394426c56d1a028ba8fdd5469b163e04011def47.
Using template $extern:wrap:$sub:Y_WIDTH=32:B_WIDTH=32:A_WIDTH=32:B_SIGNED=0:A_SIGNED=0:394426c56d1a028ba8fdd5469b163e04011def47 for cells of type $extern:wrap:$sub:Y_WIDTH=32:B_WIDTH=32:A_WIDTH=32:B_SIGNED=0:A_SIGNED=0:394426c56d1a028ba8fdd5469b163e04011def47.
Using template $paramod$1445aacdb5f2a1ef9fedf1373097ffa45438211d\_90_alu for cells of type $alu.
Using template $paramod$851c5c9b30913ea2deae68e3ca9e9c4e649723bc\_90_alu for cells of type $alu.
Using template $paramod$7add42b712fe5bbbba521e93062103d6bf78a453\_90_alu for cells of type $alu.
Using template $paramod$b6f86f6a0c43c26b22ee55f51e05d5951f0e6562\_90_alu for cells of type $alu.
Using template $paramod$044fdceace8c449ec99f900b42120ac005ff4065\_90_alu for cells of type $alu.
Using template $paramod$5b7e592b3c2951af6800b7fd597f66a79b72b91c\_90_alu for cells of type $alu.
Using template $paramod$b6b58933bcf3c8b9e3e5de18c2637bd0e12c7c47\_90_alu for cells of type $alu.
Using template $paramod$90182783100594e2dd636a282c4723cfc9adaedd\_90_alu for cells of type $alu.
Using template $paramod$8e07e2c0a3efc148d2f3714f3901076678774ed1\_90_alu for cells of type $alu.
Using template $paramod$461fc931d630cb01bec1fea87f37fbcc53f6f6a4\_90_alu for cells of type $alu.
Using template $paramod$e32c921f95fe0e2350204f4ecefc9e296355521b\_90_alu for cells of type $alu.
Using template $paramod$fe074227b1c5fbaa1ea56076182c29dbcf3a782a\_90_alu for cells of type $alu.
Using template $paramod$85502450775e62e9c6a2fe29020b3433d4335647\_90_alu for cells of type $alu.
Using template $paramod$05d913fba320393c7e943e625bef3af776153b60\_90_alu for cells of type $alu.
Using template $paramod$acc477ace2583cc2ee0cf651c72a385d2bbbe9f1\_90_alu for cells of type $alu.
Using template $paramod$415abdcadc251df4f0f033b62b8f3296b8461b4e\_90_alu for cells of type $alu.
Using template $paramod$6573c1c269218f299badf6e04ca86aa37fdb352c\_90_alu for cells of type $alu.
Using template $paramod$6a21b72c9c0b32e81b169c7e08a4d8b9c462448f\_90_alu for cells of type $alu.
Using template $paramod$324e0706ebb77f1915b22f4a136962ec3fd1d7ff\_90_alu for cells of type $alu.
Using template $paramod$d9397dfdf5f7cf5715aebc9527845402880218a0\_90_alu for cells of type $alu.
Using template $paramod$2a25669ccd39fe7c0fbfb2a4d17416fc78667f00\_90_alu for cells of type $alu.
Using template $paramod$f94cfdb8ad389f4fc4515bcb65bccd7e2d189e95\_90_alu for cells of type $alu.
Using template $paramod$57bc309a5d8a948cec8981d26d896ee1cbf54d58\_90_alu for cells of type $alu.
Using template $paramod$9a66d4bebbc4fab84566caffef9f094a1a467389\_90_alu for cells of type $alu.
Using template $paramod$ff8ba121d2f8e85b775c9f35ef677a1a276e7e1b\_90_alu for cells of type $alu.
Using template $paramod$b7531bc0616f8d4cdd8159edd2237c9ddbb2ce01\_90_alu for cells of type $alu.
Using template $paramod$dd5ba471f7dcf35707f23b88cfd15b9582f97277\_90_alu for cells of type $alu.
Using template $paramod$f9e3a3c4b84f99cb56fad07743ec44ad55b11c8b\_90_alu for cells of type $alu.
Using template $paramod$d7aca3dc44b07ff19908fb1a3b606577588c15f1\_90_alu for cells of type $alu.
Using template $paramod$e39069e3f4ee35c1eea86993bd74689959babaab\_90_alu for cells of type $alu.
Using template $paramod$789c344356a154d2afc7b832b41d1067dbc946ba\_90_alu for cells of type $alu.
Using template $paramod$fbc7873bff55778c0b3173955b7e4bce1d9d6834\_90_alu for cells of type $alu.
Using template $paramod\_90_lcu_brent_kung\WIDTH=32'00000000000000000000000000111011 for cells of type $lcu.
Using template $paramod\_90_lcu_brent_kung\WIDTH=32'00000000000000000000000000111010 for cells of type $lcu.
Using template $paramod\_90_lcu_brent_kung\WIDTH=32'00000000000000000000000000111100 for cells of type $lcu.
Using template $paramod\_90_lcu_brent_kung\WIDTH=32'00000000000000000000000000111101 for cells of type $lcu.
Using template $paramod\_90_lcu_brent_kung\WIDTH=32'00000000000000000000000000111110 for cells of type $lcu.
Using template $paramod\_90_lcu_brent_kung\WIDTH=32'00000000000000000000000000111000 for cells of type $lcu.
Using template $paramod\_90_lcu_brent_kung\WIDTH=32'00000000000000000000000000111111 for cells of type $lcu.
Using template $paramod\_90_lcu_brent_kung\WIDTH=32'00000000000000000000000000111001 for cells of type $lcu.
Using template $paramod\_90_lcu_brent_kung\WIDTH=32'00000000000000000000000000110111 for cells of type $lcu.
Using template $paramod\_90_lcu_brent_kung\WIDTH=32'00000000000000000000000000110010 for cells of type $lcu.
Using template $paramod\_90_lcu_brent_kung\WIDTH=32'00000000000000000000000000110101 for cells of type $lcu.
Using template $paramod\_90_lcu_brent_kung\WIDTH=32'00000000000000000000000000110011 for cells of type $lcu.
Using template $paramod\_90_lcu_brent_kung\WIDTH=32'00000000000000000000000000110100 for cells of type $lcu.
Using template $paramod\_90_lcu_brent_kung\WIDTH=32'00000000000000000000000000110110 for cells of type $lcu.
Using template $paramod\_90_lcu_brent_kung\WIDTH=32'00000000000000000000000000101101 for cells of type $lcu.
Using template $paramod\_90_lcu_brent_kung\WIDTH=32'00000000000000000000000000101110 for cells of type $lcu.
Using template $paramod\_90_lcu_brent_kung\WIDTH=32'00000000000000000000000000101111 for cells of type $lcu.
Using template $paramod\_90_lcu_brent_kung\WIDTH=32'00000000000000000000000000110000 for cells of type $lcu.
Using template $paramod\_90_lcu_brent_kung\WIDTH=32'00000000000000000000000000110001 for cells of type $lcu.
Using template $paramod\_90_lcu_brent_kung\WIDTH=32'00000000000000000000000000101100 for cells of type $lcu.
Using template $paramod\_90_lcu_brent_kung\WIDTH=32'00000000000000000000000000101011 for cells of type $lcu.
Using template $paramod\_90_lcu_brent_kung\WIDTH=32'00000000000000000000000000101010 for cells of type $lcu.
Using template $paramod\_90_lcu_brent_kung\WIDTH=32'00000000000000000000000000101001 for cells of type $lcu.
Using template $paramod\_90_lcu_brent_kung\WIDTH=32'00000000000000000000000000101000 for cells of type $lcu.
Using template $paramod\_90_lcu_brent_kung\WIDTH=32'00000000000000000000000000100111 for cells of type $lcu.
Using template $paramod\_90_lcu_brent_kung\WIDTH=32'00000000000000000000000000100110 for cells of type $lcu.
Using template $paramod\_90_lcu_brent_kung\WIDTH=32'00000000000000000000000000100101 for cells of type $lcu.
Using template $paramod\_90_lcu_brent_kung\WIDTH=32'00000000000000000000000000100100 for cells of type $lcu.
Using template $paramod\_90_lcu_brent_kung\WIDTH=32'00000000000000000000000000100011 for cells of type $lcu.
Using template $paramod\_90_lcu_brent_kung\WIDTH=32'00000000000000000000000000100010 for cells of type $lcu.
Using template $paramod\_90_lcu_brent_kung\WIDTH=32'00000000000000000000000000100001 for cells of type $lcu.
Using extmapper maccmap for cells of type $macc_v2.
  sub $add$rtl/fp16_mul.sv:29$155_Y (32 bits, signed)
  add 32'11111111111111111111111111111100 (32 bits, unsigned)
Using template $paramod$050f15daba5036a0512adf25d3c6631f629623f7\_90_alu for cells of type $alu.
Using template $paramod$constmap:f52aa59ca6da12f4c8565d58407b91b3ad79111f$paramod$160f353fe3871f761e46a987be0699411d285257\_90_shift_ops_shr_shl_sshl_sshr for cells of type $shl.
Using template $paramod$54969db7f41ab9ffc93887c2d8e2d7f68e10b42f\_90_alu for cells of type $alu.
Using template $paramod$41a7072a3a69aace0ef26ba45fb12d6fa3718bdb\_90_alu for cells of type $alu.
Using template $paramod$constmap:c8c9bac035c8c4609ec4e65f715b3c4b180c43e5$paramod$540b405c8c033c654865abd442a28893ff3d8401\_90_shift_ops_shr_shl_sshl_sshr for cells of type $shr.
Using template $paramod$cc80a4e89b0341cb117f5d28b0e7244620640141\_90_alu for cells of type $alu.
  add { \lhs_sig [10] \lhs_i [9:0] } * { \rhs_sig [10] \rhs_i [9:0] } (11x11 bits, unsigned)
Using template $paramod$2653f68ddb8eab7b1907b4a20767b72a824a7a36\_90_alu for cells of type $alu.
Using template $paramod$1e402e64350f17d7d96d4d19397585e7730f3657\_90_alu for cells of type $alu.
Using template $paramod$5e5c8b0021e49c50f7602af858629c991ef7602a\_90_alu for cells of type $alu.
Using template $paramod$constmap:89710097e0162faa1c5399b4835bd704c30f89ef$paramod$96a1f97fa9eb3187f2c43482242c53202d0445c9\_90_shift_shiftx for cells of type $shiftx.
Using template $paramod$6412f7f13655de512a17af2c71a87b50b4a57324\_90_alu for cells of type $alu.
Using template $paramod$constmap:c8c9bac035c8c4609ec4e65f715b3c4b180c43e5$paramod$8af629eb24691e8481fc1bd0fbed6c58d22e29c8\_90_shift_ops_shr_shl_sshl_sshr for cells of type $shl.
Using template $paramod$716a39fe093f83af45d6be30e7708e9f3ad9df82\_90_alu for cells of type $alu.
  add $add$rtl/fp16_mul.sv:29$155_Y (32 bits, signed)
  add { 27'000000000000000000000000000 \msb_index [4:0] } (32 bits, signed)
  add 32'11111111111111111111111111101100 (32 bits, unsigned)
Using template $paramod$3ee881479230cbacdbc76ce69c54db09efb310e2\_90_alu for cells of type $alu.
Using template $paramod\_90_lcu_brent_kung\WIDTH=32'00000000000000000000000001000000 for cells of type $lcu.
Using template $paramod\_90_lcu_brent_kung\WIDTH=32'00000000000000000000000000011111 for cells of type $lcu.
Using template $paramod\_90_fa\WIDTH=32'00000000000000000000000000010110 for cells of type $fa.
Using template $paramod$e161c1674351796cd6dd381e70ff05458bfe7755\_90_alu for cells of type $alu.
Using template $paramod\_90_fa\WIDTH=32'00000000000000000000000000100000 for cells of type $fa.
Using template $paramod\_90_lcu_brent_kung\WIDTH=32'00000000000000000000000000011100 for cells of type $lcu.
Using template $paramod\_90_lcu_brent_kung\WIDTH=32'00000000000000000000000000010110 for cells of type $lcu.
Using template $paramod$091610cd349a68bd5539cffd7126f0d76e9bca00\_90_alu for cells of type $alu.
Using template $paramod$546f3f62de618651dd3a8b3f9e661fb34b30a603\_90_alu for cells of type $alu.
Using template $paramod$719aadea7a94d31a13cd25a777432aacb0e462b5\_90_alu for cells of type $alu.
Using template $paramod$constmap:84ecb1fe6cf6c7774af1e6015b4db447afa6c0b1$paramod$419a913ed38c2513939b18df9044de3e442bc66c\_90_shift_ops_shr_shl_sshl_sshr for cells of type $shl.
Using template $paramod$constmap:b99037b5251b430096ae8426664393d6ae79f5d4$paramod$10d34890fc0a590416fb0bd5f2405603d3bc2a8b\_90_shift_ops_shr_shl_sshl_sshr for cells of type $shr.
Using template $paramod$5e23d2e0f07f5403e3d2c5b606bab0c16e4174c1\_90_alu for cells of type $alu.
Using template $paramod$92a1f7a016bf58d33db5a47145e66dde1cbc3210\_90_alu for cells of type $alu.
Using template $paramod$332fab4e157f868977379756d21fa99887c3c6c4\_90_alu for cells of type $alu.
Using template $paramod$1ed7ec530b1ba361931392f2f8504f82ccdfecaa\_90_alu for cells of type $alu.
Using template $paramod$15650b5f68527c2737f08685d9884042e045002a\_90_alu for cells of type $alu.
Using template $paramod$6df0329addda9228fcc2546de2aaf14ad26c98e1\_90_alu for cells of type $alu.
Using template $paramod\_90_lcu_brent_kung\WIDTH=32'00000000000000000000000000001110 for cells of type $lcu.
Using template $paramod\_90_lcu_brent_kung\WIDTH=32'00000000000000000000000000001100 for cells of type $lcu.
Using template $paramod\_90_lcu_brent_kung\WIDTH=32'00000000000000000000000000010000 for cells of type $lcu.
Using template $paramod$d31bf4d7d72e59528d18fbd4f322e9d608532043\_90_pmux for cells of type $pmux.
Using extmapper simplemap for cells of type $adff.
Using template $paramod$fc972a7a46956c1788f3cb5257b53c8f1df2d0cc\_90_alu for cells of type $alu.
Using template $paramod$3ef7d3dd227da7627a99c5e5a6a4deb817573e39\_90_alu for cells of type $alu.
Using template $paramod$constmap:de64642e95807af510ec2f372d99917387e547b5$paramod$2cd5a0fc12c713b111b124c014c3805512a5d620\_90_shift_shiftx for cells of type $shiftx.
Using template $paramod$175e67c02b86e96b1288b9dc100122520d7240d8\_90_alu for cells of type $alu.
Using template $paramod$79fc7abbb3333dbd5736999d565fd903198fb1eb\_90_alu for cells of type $alu.
Using template $paramod$78e969f2586efcf3a5b0b0440bcca0db83d5cca2\_90_alu for cells of type $alu.
Using template $paramod$7e708ae28ab761f11d0fb59d3ffc72f6a4baf5d9\_90_alu for cells of type $alu.
Using template $paramod$025d767fc934a3e7d59a671de523743ebaa07759\_90_alu for cells of type $alu.
Using template $paramod$constmap:82d13b1faa4b21cb1487e5b4ddefba1164cb15a1$paramod$40ccfd5a7f1418017a9af25543d0c43a198b5946\_90_shift_shiftx for cells of type $shift.
Using template $paramod$constmap:ee5af906ae0d3d414c6a0471604c553ef70c8e09$paramod$92adee9538f2381d8e5006822c900eb986d754e8\_90_shift_shiftx for cells of type $shiftx.
Using template $paramod$constmap:4142d301c79182ad8ca02320cc87d31ed55e5985$paramod$9fd534a8e85f1367b697266785c6c3545dbc60d7\_90_shift_shiftx for cells of type $shiftx.
Using template $paramod$740b056ede97228d3eae64ea2fdc81f0a33e0fe7\_90_alu for cells of type $alu.
Analyzing pattern of constant bits for this cell:
Creating constmapped module `$paramod$constmap:9d7c541a436e2c9bb59914d3a53cc61c099f37b0$paramod$40ccfd5a7f1418017a9af25543d0c43a198b5946\_90_shift_shiftx'.

13.20.506. Executing OPT_MUXTREE pass (detect dead branches in mux trees).
Running muxtree optimizer on module $paramod$constmap:9d7c541a436e2c9bb59914d3a53cc61c099f37b0$paramod$40ccfd5a7f1418017a9af25543d0c43a198b5946\_90_shift_shiftx..
  Creating internal representation of mux trees.
  Evaluating internal representation of mux trees.
  Analyzing evaluation results.
    dead port 2/2 on $mux $procmux$76827.
    dead port 2/2 on $mux $procmux$76821.
    dead port 2/2 on $mux $procmux$76815.
Removed 3 multiplexer ports.
<suppressed ~35684 debug messages>

13.20.507. Executing OPT_EXPR pass (perform const folding).
Optimizing module $paramod$constmap:9d7c541a436e2c9bb59914d3a53cc61c099f37b0$paramod$40ccfd5a7f1418017a9af25543d0c43a198b5946\_90_shift_shiftx.
<suppressed ~2 debug messages>
Removed 0 unused cells and 9 unused wires.
Using template $paramod$constmap:9d7c541a436e2c9bb59914d3a53cc61c099f37b0$paramod$40ccfd5a7f1418017a9af25543d0c43a198b5946\_90_shift_shiftx for cells of type $shift.
Using extmapper simplemap for cells of type $dffe.
Using template $paramod\_90_lcu_brent_kung\WIDTH=32'00000000000000000000000000000001 for cells of type $lcu.
Using template $paramod\_90_lcu_brent_kung\WIDTH=32'00000000000000000000000000000100 for cells of type $lcu.
Using template $paramod$d5c1c4131927aec19f116e7a36372b1981bfcd7e\_90_pmux for cells of type $pmux.
Using template $paramod$a1665ef28c749ebcdbe9aecd466e644647b56463\_90_alu for cells of type $alu.
No more expansions possible.
<suppressed ~1080 debug messages>

13.21. Executing OPT pass (performing simple optimizations).

13.21.1. Executing OPT_EXPR pass (perform const folding).
Optimizing module $paramod$7f46819eecda06228f84979737259751ccd53663\bank_normalization_multirow_vector_reducer.
<suppressed ~142 debug messages>
Optimizing module $paramod$865746d0c425e5bff1afb43fc0ca954cd0aab93f\logic_normalization_bank_barrier.
<suppressed ~2 debug messages>
Optimizing module $paramod$cf256f1e07155db3e20fb233046fedb4711c91b2\logic_normalization_scalar_engine_array.
Optimizing module $paramod$e6d2582358ff6950cc507271baa264b5b8280dfa\logic_normalization_barrier_tree_top.
Optimizing module $paramod$e6d2582358ff6950cc507271baa264b5b8280dfa\logic_normalization_parallel_tree_top.
<suppressed ~2024 debug messages>
Optimizing module $paramod\logic_normalization_scalar_engine\TAG_WIDTH=32'00000000000000000000000000010000.
<suppressed ~73 debug messages>
Optimizing module fp16_add.
<suppressed ~2525 debug messages>
Optimizing module fp16_mul.
<suppressed ~5948 debug messages>
Optimizing module fp16_rsqrt_lut256.
<suppressed ~29496 debug messages>
Optimizing module hierarchical_normalization_streaming_top.

13.21.2. Executing OPT_MERGE pass (detect identical cells).
Finding identical cells in module `$paramod$7f46819eecda06228f84979737259751ccd53663\bank_normalization_multirow_vector_reducer'.
<suppressed ~108 debug messages>
Finding identical cells in module `$paramod$865746d0c425e5bff1afb43fc0ca954cd0aab93f\logic_normalization_bank_barrier'.
Finding identical cells in module `$paramod$cf256f1e07155db3e20fb233046fedb4711c91b2\logic_normalization_scalar_engine_array'.
Finding identical cells in module `$paramod$e6d2582358ff6950cc507271baa264b5b8280dfa\logic_normalization_barrier_tree_top'.
Finding identical cells in module `$paramod$e6d2582358ff6950cc507271baa264b5b8280dfa\logic_normalization_parallel_tree_top'.
<suppressed ~678 debug messages>
Finding identical cells in module `$paramod\logic_normalization_scalar_engine\TAG_WIDTH=32'00000000000000000000000000010000'.
<suppressed ~12 debug messages>
Finding identical cells in module `\fp16_add'.
<suppressed ~1779 debug messages>
Finding identical cells in module `\fp16_mul'.
<suppressed ~4230 debug messages>
Finding identical cells in module `\fp16_rsqrt_lut256'.
<suppressed ~17613 debug messages>
Finding identical cells in module `\hierarchical_normalization_streaming_top'.
Removed a total of 8140 cells.

13.21.3. Executing OPT_DFF pass (perform DFF optimizations).

13.21.4. Executing OPT_CLEAN pass (remove unused cells and wires).
Finding unused cells or wires in module $paramod$7f46819eecda06228f84979737259751ccd53663\bank_normalization_multirow_vector_reducer..
Finding unused cells or wires in module $paramod$865746d0c425e5bff1afb43fc0ca954cd0aab93f\logic_normalization_bank_barrier..
Finding unused cells or wires in module $paramod$cf256f1e07155db3e20fb233046fedb4711c91b2\logic_normalization_scalar_engine_array..
Finding unused cells or wires in module $paramod$e6d2582358ff6950cc507271baa264b5b8280dfa\logic_normalization_barrier_tree_top..
Finding unused cells or wires in module $paramod$e6d2582358ff6950cc507271baa264b5b8280dfa\logic_normalization_parallel_tree_top..
Finding unused cells or wires in module $paramod\logic_normalization_scalar_engine\TAG_WIDTH=32'00000000000000000000000000010000..
Finding unused cells or wires in module \fp16_add..
Finding unused cells or wires in module \fp16_mul..
Finding unused cells or wires in module \fp16_rsqrt_lut256..
Finding unused cells or wires in module \hierarchical_normalization_streaming_top..
Removed 4584 unused cells and 22648 unused wires.
<suppressed ~4591 debug messages>

13.21.5. Finished fast OPT passes.

13.22. Executing ABC pass (technology mapping using ABC).

13.22.1. Extracting gate netlist of module `$paramod$7f46819eecda06228f84979737259751ccd53663\bank_normalization_multirow_vector_reducer' to `<abc-temp-dir>/input.blif'..
Extracted 541 gates and 818 wires to a netlist network with 275 inputs and 125 outputs.

13.22.1.1. Executing ABC.
Running ABC command: "<yosys-exe-dir>/yosys-abc" -s -f <abc-temp-dir>/abc.script 2>&1
ABC: ABC command line: "source <abc-temp-dir>/abc.script".
ABC: 
ABC: + read_blif <abc-temp-dir>/input.blif 
ABC: + read_library <abc-temp-dir>/stdcells.genlib 
ABC: + strash 
ABC: + dretime 
ABC: + map 
ABC: + write_blif <abc-temp-dir>/output.blif 

13.22.1.2. Re-integrating ABC results.
ABC RESULTS:               AND cells:        6
ABC RESULTS:            ANDNOT cells:      213
ABC RESULTS:               MUX cells:       82
ABC RESULTS:              NAND cells:        7
ABC RESULTS:               NOR cells:       15
ABC RESULTS:               NOT cells:       11
ABC RESULTS:                OR cells:      123
ABC RESULTS:             ORNOT cells:       10
ABC RESULTS:              XNOR cells:        2
ABC RESULTS:               XOR cells:       23
ABC RESULTS:        internal signals:      418
ABC RESULTS:           input signals:      275
ABC RESULTS:          output signals:      125
Removing temp directory.

13.22.2. Extracting gate netlist of module `$paramod$865746d0c425e5bff1afb43fc0ca954cd0aab93f\logic_normalization_bank_barrier' to `<abc-temp-dir>/input.blif'..
Extracted 667 gates and 992 wires to a netlist network with 323 inputs and 23 outputs.

13.22.2.1. Executing ABC.
Running ABC command: "<yosys-exe-dir>/yosys-abc" -s -f <abc-temp-dir>/abc.script 2>&1
ABC: ABC command line: "source <abc-temp-dir>/abc.script".
ABC: 
ABC: + read_blif <abc-temp-dir>/input.blif 
ABC: + read_library <abc-temp-dir>/stdcells.genlib 
ABC: + strash 
ABC: + dretime 
ABC: + map 
ABC: + write_blif <abc-temp-dir>/output.blif 

13.22.2.2. Re-integrating ABC results.
ABC RESULTS:               AND cells:        1
ABC RESULTS:            ANDNOT cells:      115
ABC RESULTS:               MUX cells:       32
ABC RESULTS:              NAND cells:        3
ABC RESULTS:               NOR cells:        1
ABC RESULTS:               NOT cells:       17
ABC RESULTS:                OR cells:      222
ABC RESULTS:             ORNOT cells:       16
ABC RESULTS:              XNOR cells:       16
ABC RESULTS:               XOR cells:      240
ABC RESULTS:        internal signals:      646
ABC RESULTS:           input signals:      323
ABC RESULTS:          output signals:       23
Removing temp directory.

13.22.3. Extracting gate netlist of module `$paramod$cf256f1e07155db3e20fb233046fedb4711c91b2\logic_normalization_scalar_engine_array' to `<abc-temp-dir>/input.blif'..
Extracted 0 gates and 0 wires to a netlist network with 0 inputs and 0 outputs.
Don't call ABC as there is nothing to map.
Removing temp directory.

13.22.4. Extracting gate netlist of module `$paramod$e6d2582358ff6950cc507271baa264b5b8280dfa\logic_normalization_barrier_tree_top' to `<abc-temp-dir>/input.blif'..
Extracted 0 gates and 0 wires to a netlist network with 0 inputs and 0 outputs.
Don't call ABC as there is nothing to map.
Removing temp directory.

13.22.5. Extracting gate netlist of module `$paramod$e6d2582358ff6950cc507271baa264b5b8280dfa\logic_normalization_parallel_tree_top' to `<abc-temp-dir>/input.blif'..
Extracted 1176 gates and 2134 wires to a netlist network with 957 inputs and 595 outputs.

13.22.5.1. Executing ABC.
Running ABC command: "<yosys-exe-dir>/yosys-abc" -s -f <abc-temp-dir>/abc.script 2>&1
ABC: ABC command line: "source <abc-temp-dir>/abc.script".
ABC: 
ABC: + read_blif <abc-temp-dir>/input.blif 
ABC: + read_library <abc-temp-dir>/stdcells.genlib 
ABC: + strash 
ABC: + dretime 
ABC: + map 
ABC: + write_blif <abc-temp-dir>/output.blif 

13.22.5.2. Re-integrating ABC results.
ABC RESULTS:               AND cells:      525
ABC RESULTS:            ANDNOT cells:       94
ABC RESULTS:               MUX cells:      441
ABC RESULTS:              NAND cells:       11
ABC RESULTS:               NOR cells:        5
ABC RESULTS:               NOT cells:      417
ABC RESULTS:                OR cells:       24
ABC RESULTS:             ORNOT cells:        9
ABC RESULTS:              XNOR cells:        7
ABC RESULTS:               XOR cells:       22
ABC RESULTS:        internal signals:      582
ABC RESULTS:           input signals:      957
ABC RESULTS:          output signals:      595
Removing temp directory.

13.22.6. Extracting gate netlist of module `$paramod\logic_normalization_scalar_engine\TAG_WIDTH=32'00000000000000000000000000010000' to `<abc-temp-dir>/input.blif'..
Extracted 110 gates and 170 wires to a netlist network with 59 inputs and 47 outputs.

13.22.6.1. Executing ABC.
Running ABC command: "<yosys-exe-dir>/yosys-abc" -s -f <abc-temp-dir>/abc.script 2>&1
ABC: ABC command line: "source <abc-temp-dir>/abc.script".
ABC: 
ABC: + read_blif <abc-temp-dir>/input.blif 
ABC: + read_library <abc-temp-dir>/stdcells.genlib 
ABC: + strash 
ABC: + dretime 
ABC: + map 
ABC: + write_blif <abc-temp-dir>/output.blif 

13.22.6.2. Re-integrating ABC results.
ABC RESULTS:               AND cells:        4
ABC RESULTS:            ANDNOT cells:       51
ABC RESULTS:               MUX cells:       18
ABC RESULTS:              NAND cells:        1
ABC RESULTS:               NOR cells:        5
ABC RESULTS:               NOT cells:        4
ABC RESULTS:                OR cells:       15
ABC RESULTS:             ORNOT cells:        3
ABC RESULTS:        internal signals:       64
ABC RESULTS:           input signals:       59
ABC RESULTS:          output signals:       47
Removing temp directory.

13.22.7. Extracting gate netlist of module `\fp16_add' to `<abc-temp-dir>/input.blif'..
Extracted 4245 gates and 4279 wires to a netlist network with 32 inputs and 16 outputs.

13.22.7.1. Executing ABC.
Running ABC command: "<yosys-exe-dir>/yosys-abc" -s -f <abc-temp-dir>/abc.script 2>&1
ABC: ABC command line: "source <abc-temp-dir>/abc.script".
ABC: 
ABC: + read_blif <abc-temp-dir>/input.blif 
ABC: + read_library <abc-temp-dir>/stdcells.genlib 
ABC: + strash 
ABC: + dretime 
ABC: + map 
ABC: + write_blif <abc-temp-dir>/output.blif 

13.22.7.2. Re-integrating ABC results.
ABC RESULTS:               AND cells:       78
ABC RESULTS:            ANDNOT cells:     1197
ABC RESULTS:               MUX cells:      692
ABC RESULTS:              NAND cells:       48
ABC RESULTS:               NOR cells:      201
ABC RESULTS:               NOT cells:      207
ABC RESULTS:                OR cells:      312
ABC RESULTS:             ORNOT cells:      182
ABC RESULTS:              XNOR cells:      150
ABC RESULTS:               XOR cells:      358
ABC RESULTS:        internal signals:     4231
ABC RESULTS:           input signals:       32
ABC RESULTS:          output signals:       16
Removing temp directory.

13.22.8. Extracting gate netlist of module `\fp16_mul' to `<abc-temp-dir>/input.blif'..
Replacing 48 occurrences of constant undef bits with constant zero bits
Extracted 4786 gates and 4821 wires to a netlist network with 32 inputs and 16 outputs.

13.22.8.1. Executing ABC.
Running ABC command: "<yosys-exe-dir>/yosys-abc" -s -f <abc-temp-dir>/abc.script 2>&1
ABC: ABC command line: "source <abc-temp-dir>/abc.script".
ABC: 
ABC: + read_blif <abc-temp-dir>/input.blif 
ABC: + read_library <abc-temp-dir>/stdcells.genlib 
ABC: + strash 
ABC: + dretime 
ABC: + map 
ABC: + write_blif <abc-temp-dir>/output.blif 

13.22.8.2. Re-integrating ABC results.
ABC RESULTS:               AND cells:      129
ABC RESULTS:            ANDNOT cells:      938
ABC RESULTS:               MUX cells:      549
ABC RESULTS:              NAND cells:      107
ABC RESULTS:               NOR cells:      361
ABC RESULTS:               NOT cells:      119
ABC RESULTS:                OR cells:     1137
ABC RESULTS:             ORNOT cells:      330
ABC RESULTS:              XNOR cells:      142
ABC RESULTS:               XOR cells:      441
ABC RESULTS:        internal signals:     4773
ABC RESULTS:           input signals:       32
ABC RESULTS:          output signals:       16
Removing temp directory.

13.22.9. Extracting gate netlist of module `\fp16_rsqrt_lut256' to `<abc-temp-dir>/input.blif'..
Extracted 2339 gates and 2360 wires to a netlist network with 19 inputs and 17 outputs.

13.22.9.1. Executing ABC.
Running ABC command: "<yosys-exe-dir>/yosys-abc" -s -f <abc-temp-dir>/abc.script 2>&1
ABC: ABC command line: "source <abc-temp-dir>/abc.script".
ABC: 
ABC: + read_blif <abc-temp-dir>/input.blif 
ABC: + read_library <abc-temp-dir>/stdcells.genlib 
ABC: + strash 
ABC: + dretime 
ABC: + map 
ABC: + write_blif <abc-temp-dir>/output.blif 

13.22.9.2. Re-integrating ABC results.
ABC RESULTS:               AND cells:       21
ABC RESULTS:            ANDNOT cells:      568
ABC RESULTS:               MUX cells:      521
ABC RESULTS:              NAND cells:       22
ABC RESULTS:               NOR cells:      124
ABC RESULTS:               NOT cells:       80
ABC RESULTS:                OR cells:      181
ABC RESULTS:             ORNOT cells:       98
ABC RESULTS:              XNOR cells:       36
ABC RESULTS:               XOR cells:      173
ABC RESULTS:        internal signals:     2324
ABC RESULTS:           input signals:       19
ABC RESULTS:          output signals:       17
Removing temp directory.

13.22.10. Extracting gate netlist of module `\hierarchical_normalization_streaming_top' to `<abc-temp-dir>/input.blif'..
Extracted 65 gates and 100 wires to a netlist network with 34 inputs and 18 outputs.

13.22.10.1. Executing ABC.
Running ABC command: "<yosys-exe-dir>/yosys-abc" -s -f <abc-temp-dir>/abc.script 2>&1
ABC: ABC command line: "source <abc-temp-dir>/abc.script".
ABC: 
ABC: + read_blif <abc-temp-dir>/input.blif 
ABC: + read_library <abc-temp-dir>/stdcells.genlib 
ABC: + strash 
ABC: + dretime 
ABC: + map 
ABC: + write_blif <abc-temp-dir>/output.blif 

13.22.10.2. Re-integrating ABC results.
ABC RESULTS:               AND cells:        1
ABC RESULTS:            ANDNOT cells:       48
ABC RESULTS:              NAND cells:        1
ABC RESULTS:        internal signals:       48
ABC RESULTS:           input signals:       34
ABC RESULTS:          output signals:       18
Removing temp directory.

13.23. Executing OPT pass (performing simple optimizations).

13.23.1. Executing OPT_EXPR pass (perform const folding).
Optimizing module $paramod$7f46819eecda06228f84979737259751ccd53663\bank_normalization_multirow_vector_reducer.
Optimizing module $paramod$865746d0c425e5bff1afb43fc0ca954cd0aab93f\logic_normalization_bank_barrier.
<suppressed ~30 debug messages>
Optimizing module $paramod$cf256f1e07155db3e20fb233046fedb4711c91b2\logic_normalization_scalar_engine_array.
Optimizing module $paramod$e6d2582358ff6950cc507271baa264b5b8280dfa\logic_normalization_barrier_tree_top.
Optimizing module $paramod$e6d2582358ff6950cc507271baa264b5b8280dfa\logic_normalization_parallel_tree_top.
<suppressed ~106 debug messages>
Optimizing module $paramod\logic_normalization_scalar_engine\TAG_WIDTH=32'00000000000000000000000000010000.
<suppressed ~32 debug messages>
Optimizing module fp16_add.
<suppressed ~10 debug messages>
Optimizing module fp16_mul.
<suppressed ~53 debug messages>
Optimizing module fp16_rsqrt_lut256.
<suppressed ~18 debug messages>
Optimizing module hierarchical_normalization_streaming_top.

13.23.2. Executing OPT_MERGE pass (detect identical cells).
Finding identical cells in module `$paramod$7f46819eecda06228f84979737259751ccd53663\bank_normalization_multirow_vector_reducer'.
<suppressed ~9 debug messages>
Finding identical cells in module `$paramod$865746d0c425e5bff1afb43fc0ca954cd0aab93f\logic_normalization_bank_barrier'.
Finding identical cells in module `$paramod$cf256f1e07155db3e20fb233046fedb4711c91b2\logic_normalization_scalar_engine_array'.
Finding identical cells in module `$paramod$e6d2582358ff6950cc507271baa264b5b8280dfa\logic_normalization_barrier_tree_top'.
Finding identical cells in module `$paramod$e6d2582358ff6950cc507271baa264b5b8280dfa\logic_normalization_parallel_tree_top'.
<suppressed ~3 debug messages>
Finding identical cells in module `$paramod\logic_normalization_scalar_engine\TAG_WIDTH=32'00000000000000000000000000010000'.
<suppressed ~3 debug messages>
Finding identical cells in module `\fp16_add'.
<suppressed ~588 debug messages>
Finding identical cells in module `\fp16_mul'.
<suppressed ~546 debug messages>
Finding identical cells in module `\fp16_rsqrt_lut256'.
<suppressed ~177 debug messages>
Finding identical cells in module `\hierarchical_normalization_streaming_top'.
Removed a total of 442 cells.

13.23.3. Executing OPT_DFF pass (perform DFF optimizations).

13.23.4. Executing OPT_CLEAN pass (remove unused cells and wires).
Finding unused cells or wires in module $paramod$7f46819eecda06228f84979737259751ccd53663\bank_normalization_multirow_vector_reducer..
Finding unused cells or wires in module $paramod$865746d0c425e5bff1afb43fc0ca954cd0aab93f\logic_normalization_bank_barrier..
Finding unused cells or wires in module $paramod$cf256f1e07155db3e20fb233046fedb4711c91b2\logic_normalization_scalar_engine_array..
Finding unused cells or wires in module $paramod$e6d2582358ff6950cc507271baa264b5b8280dfa\logic_normalization_barrier_tree_top..
Finding unused cells or wires in module $paramod$e6d2582358ff6950cc507271baa264b5b8280dfa\logic_normalization_parallel_tree_top..
Finding unused cells or wires in module $paramod\logic_normalization_scalar_engine\TAG_WIDTH=32'00000000000000000000000000010000..
Finding unused cells or wires in module \fp16_add..
Finding unused cells or wires in module \fp16_mul..
Finding unused cells or wires in module \fp16_rsqrt_lut256..
Finding unused cells or wires in module \hierarchical_normalization_streaming_top..
Removed 18 unused cells and 6748 unused wires.
<suppressed ~45 debug messages>

13.23.5. Finished fast OPT passes.

13.24. Executing HIERARCHY pass (managing design hierarchy).
Attribute `top' found on module `hierarchical_normalization_streaming_top'. Setting top module to hierarchical_normalization_streaming_top.

13.24.1. Analyzing design hierarchy..
Top module:  \hierarchical_normalization_streaming_top
Used module:     $paramod$7f46819eecda06228f84979737259751ccd53663\bank_normalization_multirow_vector_reducer
Used module:         \fp16_add
Used module:         \fp16_mul
Used module:     $paramod$e6d2582358ff6950cc507271baa264b5b8280dfa\logic_normalization_barrier_tree_top
Used module:         $paramod$865746d0c425e5bff1afb43fc0ca954cd0aab93f\logic_normalization_bank_barrier
Used module:         $paramod$e6d2582358ff6950cc507271baa264b5b8280dfa\logic_normalization_parallel_tree_top
Used module:             $paramod$cf256f1e07155db3e20fb233046fedb4711c91b2\logic_normalization_scalar_engine_array
Used module:                 $paramod\logic_normalization_scalar_engine\TAG_WIDTH=32'00000000000000000000000000010000
Used module:                     \fp16_rsqrt_lut256

13.24.2. Analyzing design hierarchy..
Top module:  \hierarchical_normalization_streaming_top
Used module:     $paramod$7f46819eecda06228f84979737259751ccd53663\bank_normalization_multirow_vector_reducer
Used module:         \fp16_add
Used module:         \fp16_mul
Used module:     $paramod$e6d2582358ff6950cc507271baa264b5b8280dfa\logic_normalization_barrier_tree_top
Used module:         $paramod$865746d0c425e5bff1afb43fc0ca954cd0aab93f\logic_normalization_bank_barrier
Used module:         $paramod$e6d2582358ff6950cc507271baa264b5b8280dfa\logic_normalization_parallel_tree_top
Used module:             $paramod$cf256f1e07155db3e20fb233046fedb4711c91b2\logic_normalization_scalar_engine_array
Used module:                 $paramod\logic_normalization_scalar_engine\TAG_WIDTH=32'00000000000000000000000000010000
Used module:                     \fp16_rsqrt_lut256
Removed 0 unused modules.

13.25. Printing statistics.

=== $paramod$7f46819eecda06228f84979737259751ccd53663\bank_normalization_multirow_vector_reducer ===

   Number of wires:                446
   Number of wire bits:           1192
   Number of public wires:          62
   Number of public wire bits:     783
   Number of ports:                 15
   Number of port bits:            153
   Number of memories:               0
   Number of memory bits:            0
   Number of processes:              0
   Number of cells:                904
     $_ANDNOT_                     213
     $_AND_                          6
     $_DFFE_PN0P_                   76
     $_DFFE_PP_                    288
     $_DFF_PN0_                     39
     $_MUX_                         82
     $_NAND_                         7
     $_NOR_                         12
     $_NOT_                         11
     $_ORNOT_                       10
     $_OR_                         123
     $_XNOR_                         2
     $_XOR_                         23
     fp16_add                        8
     fp16_mul                        4

=== $paramod$865746d0c425e5bff1afb43fc0ca954cd0aab93f\logic_normalization_bank_barrier ===

   Number of wires:                660
   Number of wire bits:           2145
   Number of public wires:          32
   Number of public wire bits:    1517
   Number of ports:                 26
   Number of port bits:           1451
   Number of memories:               0
   Number of memory bits:            0
   Number of processes:              0
   Number of cells:                715
     $_ANDNOT_                     115
     $_AND_                          1
     $_DFFE_PN0P_                   65
     $_DFF_PN0_                      2
     $_MUX_                         32
     $_NAND_                         3
     $_NOR_                          1
     $_NOT_                          2
     $_ORNOT_                       16
     $_OR_                         222
     $_XNOR_                        16
     $_XOR_                        240

=== $paramod$cf256f1e07155db3e20fb233046fedb4711c91b2\logic_normalization_scalar_engine_array ===

   Number of wires:                 17
   Number of wire bits:           1082
   Number of public wires:          17
   Number of public wire bits:    1082
   Number of ports:                 17
   Number of port bits:           1082
   Number of memories:               0
   Number of memory bits:            0
   Number of processes:              0
   Number of cells:                  8
     $paramod\logic_normalization_scalar_engine\TAG_WIDTH=32'00000000000000000000000000010000      8

=== $paramod$e6d2582358ff6950cc507271baa264b5b8280dfa\logic_normalization_barrier_tree_top ===

   Number of wires:                 34
   Number of wire bits:           1504
   Number of public wires:          34
   Number of public wire bits:    1504
   Number of ports:                 25
   Number of port bits:            925
   Number of memories:               0
   Number of memory bits:            0
   Number of processes:              0
   Number of cells:                  2
     $paramod$865746d0c425e5bff1afb43fc0ca954cd0aab93f\logic_normalization_bank_barrier      1
     $paramod$e6d2582358ff6950cc507271baa264b5b8280dfa\logic_normalization_parallel_tree_top      1

=== $paramod$e6d2582358ff6950cc507271baa264b5b8280dfa\logic_normalization_parallel_tree_top ===

   Number of wires:               1586
   Number of wire bits:           4383
   Number of public wires:         108
   Number of public wire bits:    2894
   Number of ports:                 19
   Number of port bits:            634
   Number of memories:               0
   Number of memory bits:            0
   Number of processes:              0
   Number of cells:               2275
     $_ANDNOT_                      94
     $_AND_                        525
     $_DFFE_PN0P_                   10
     $_DFFE_PP_                    480
     $_DFF_PN0_                    201
     $_MUX_                        440
     $_NAND_                        11
     $_NOR_                          5
     $_NOT_                        416
     $_ORNOT_                        9
     $_OR_                          24
     $_XNOR_                         7
     $_XOR_                         22
     $paramod$cf256f1e07155db3e20fb233046fedb4711c91b2\logic_normalization_scalar_engine_array      1
     fp16_add                       30

=== $paramod\logic_normalization_scalar_engine\TAG_WIDTH=32'00000000000000000000000000010000 ===

   Number of wires:                129
   Number of wire bits:            448
   Number of public wires:          37
   Number of public wire bits:     354
   Number of ports:                 17
   Number of port bits:            137
   Number of memories:               0
   Number of memory bits:            0
   Number of processes:              0
   Number of cells:                256
     $_ANDNOT_                      50
     $_AND_                          4
     $_DFFE_PN0P_                  151
     $_DFF_PN0_                      1
     $_MUX_                         18
     $_NAND_                         1
     $_NOR_                          5
     $_NOT_                          2
     $_ORNOT_                        3
     $_OR_                          15
     fp16_add                        2
     fp16_mul                        3
     fp16_rsqrt_lut256               1

=== fp16_add ===

   Number of wires:               3230
   Number of wire bits:           3419
   Number of public wires:          17
   Number of public wire bits:     206
   Number of ports:                  3
   Number of port bits:             48
   Number of memories:               0
   Number of memory bits:            0
   Number of processes:              0
   Number of cells:               3229
     $_ANDNOT_                    1085
     $_AND_                         71
     $_MUX_                        678
     $_NAND_                        48
     $_NOR_                        201
     $_NOT_                        199
     $_ORNOT_                      177
     $_OR_                         284
     $_XNOR_                       141
     $_XOR_                        345

=== fp16_mul ===

   Number of wires:               4069
   Number of wire bits:           4337
   Number of public wires:          14
   Number of public wire bits:     282
   Number of ports:                  3
   Number of port bits:             48
   Number of memories:               0
   Number of memory bits:            0
   Number of processes:              0
   Number of cells:               4071
     $_ANDNOT_                     870
     $_AND_                        126
     $_MUX_                        549
     $_NAND_                       105
     $_NOR_                        340
     $_NOT_                        116
     $_ORNOT_                      312
     $_OR_                        1107
     $_XNOR_                       141
     $_XOR_                        405

=== fp16_rsqrt_lut256 ===

   Number of wires:               1758
   Number of wire bits:           1802
   Number of public wires:           8
   Number of public wire bits:      38
   Number of ports:                  8
   Number of port bits:             38
   Number of memories:               0
   Number of memory bits:            0
   Number of processes:              0
   Number of cells:               1781
     $_ANDNOT_                     525
     $_AND_                         21
     $_DFFE_PN0N_                    1
     $_DFFE_PN0P_                   15
     $_MUX_                        516
     $_NAND_                        22
     $_NOR_                        120
     $_NOT_                         80
     $_ORNOT_                       97
     $_OR_                         175
     $_XNOR_                        36
     $_XOR_                        173

=== hierarchical_normalization_streaming_top ===

   Number of wires:                 67
   Number of wire bits:           2080
   Number of public wires:          35
   Number of public wire bits:    2048
   Number of ports:                 25
   Number of port bits:           1213
   Number of memories:               0
   Number of memory bits:            0
   Number of processes:              0
   Number of cells:                 67
     $_ANDNOT_                      48
     $_AND_                          1
     $_NAND_                         1
     $paramod$7f46819eecda06228f84979737259751ccd53663\bank_normalization_multirow_vector_reducer     16
     $paramod$e6d2582358ff6950cc507271baa264b5b8280dfa\logic_normalization_barrier_tree_top      1

=== design hierarchy ===

   hierarchical_normalization_streaming_top      1
     $paramod$7f46819eecda06228f84979737259751ccd53663\bank_normalization_multirow_vector_reducer     16
       fp16_add                      8
       fp16_mul                      4
     $paramod$e6d2582358ff6950cc507271baa264b5b8280dfa\logic_normalization_barrier_tree_top      1
       $paramod$865746d0c425e5bff1afb43fc0ca954cd0aab93f\logic_normalization_bank_barrier      1
       $paramod$e6d2582358ff6950cc507271baa264b5b8280dfa\logic_normalization_parallel_tree_top      1
         $paramod$cf256f1e07155db3e20fb233046fedb4711c91b2\logic_normalization_scalar_engine_array      1
           $paramod\logic_normalization_scalar_engine\TAG_WIDTH=32'00000000000000000000000000010000      8
             fp16_add                2
             fp16_mul                3
             fp16_rsqrt_lut256       1
         fp16_add                   30

   Number of wires:             944688
   Number of wire bits:         1024828
   Number of public wires:        5768
   Number of public wire bits:   85369
   Number of ports:               1338
   Number of port bits:          21729
   Number of memories:               0
   Number of memory bits:            0
   Number of processes:              0
   Number of cells:             953623
     $_ANDNOT_                  273615
     $_AND_                      24265
     $_DFFE_PN0N_                    8
     $_DFFE_PN0P_                 2619
     $_DFFE_PP_                   5088
     $_DFF_PN0_                    835
     $_MUX_                     172340
     $_NAND_                     17903
     $_NOR_                      66092
     $_NOT_                      46084
     $_ORNOT_                    59239
     $_OR_                      150566
     $_XNOR_                     37285
     $_XOR_                      97684

13.26. Executing CHECK pass (checking for obvious problems).
Checking module $paramod$7f46819eecda06228f84979737259751ccd53663\bank_normalization_multirow_vector_reducer...
Checking module $paramod$865746d0c425e5bff1afb43fc0ca954cd0aab93f\logic_normalization_bank_barrier...
Checking module $paramod$cf256f1e07155db3e20fb233046fedb4711c91b2\logic_normalization_scalar_engine_array...
Checking module $paramod$e6d2582358ff6950cc507271baa264b5b8280dfa\logic_normalization_barrier_tree_top...
Checking module $paramod$e6d2582358ff6950cc507271baa264b5b8280dfa\logic_normalization_parallel_tree_top...
Checking module $paramod\logic_normalization_scalar_engine\TAG_WIDTH=32'00000000000000000000000000010000...
Checking module fp16_add...
Checking module fp16_mul...
Checking module fp16_rsqrt_lut256...
Checking module hierarchical_normalization_streaming_top...
Found and reported 0 problems.

14. Printing statistics.

=== $paramod$7f46819eecda06228f84979737259751ccd53663\bank_normalization_multirow_vector_reducer ===

   Number of wires:                446
   Number of wire bits:           1192
   Number of public wires:          62
   Number of public wire bits:     783
   Number of ports:                 15
   Number of port bits:            153
   Number of memories:               0
   Number of memory bits:            0
   Number of processes:              0
   Number of cells:                904
     $_ANDNOT_                     213
     $_AND_                          6
     $_DFFE_PN0P_                   76
     $_DFFE_PP_                    288
     $_DFF_PN0_                     39
     $_MUX_                         82
     $_NAND_                         7
     $_NOR_                         12
     $_NOT_                         11
     $_ORNOT_                       10
     $_OR_                         123
     $_XNOR_                         2
     $_XOR_                         23
     fp16_add                        8
     fp16_mul                        4

=== $paramod$865746d0c425e5bff1afb43fc0ca954cd0aab93f\logic_normalization_bank_barrier ===

   Number of wires:                660
   Number of wire bits:           2145
   Number of public wires:          32
   Number of public wire bits:    1517
   Number of ports:                 26
   Number of port bits:           1451
   Number of memories:               0
   Number of memory bits:            0
   Number of processes:              0
   Number of cells:                715
     $_ANDNOT_                     115
     $_AND_                          1
     $_DFFE_PN0P_                   65
     $_DFF_PN0_                      2
     $_MUX_                         32
     $_NAND_                         3
     $_NOR_                          1
     $_NOT_                          2
     $_ORNOT_                       16
     $_OR_                         222
     $_XNOR_                        16
     $_XOR_                        240

=== $paramod$cf256f1e07155db3e20fb233046fedb4711c91b2\logic_normalization_scalar_engine_array ===

   Number of wires:                 17
   Number of wire bits:           1082
   Number of public wires:          17
   Number of public wire bits:    1082
   Number of ports:                 17
   Number of port bits:           1082
   Number of memories:               0
   Number of memory bits:            0
   Number of processes:              0
   Number of cells:                  8
     $paramod\logic_normalization_scalar_engine\TAG_WIDTH=32'00000000000000000000000000010000      8

=== $paramod$e6d2582358ff6950cc507271baa264b5b8280dfa\logic_normalization_barrier_tree_top ===

   Number of wires:                 34
   Number of wire bits:           1504
   Number of public wires:          34
   Number of public wire bits:    1504
   Number of ports:                 25
   Number of port bits:            925
   Number of memories:               0
   Number of memory bits:            0
   Number of processes:              0
   Number of cells:                  2
     $paramod$865746d0c425e5bff1afb43fc0ca954cd0aab93f\logic_normalization_bank_barrier      1
     $paramod$e6d2582358ff6950cc507271baa264b5b8280dfa\logic_normalization_parallel_tree_top      1

=== $paramod$e6d2582358ff6950cc507271baa264b5b8280dfa\logic_normalization_parallel_tree_top ===

   Number of wires:               1586
   Number of wire bits:           4383
   Number of public wires:         108
   Number of public wire bits:    2894
   Number of ports:                 19
   Number of port bits:            634
   Number of memories:               0
   Number of memory bits:            0
   Number of processes:              0
   Number of cells:               2275
     $_ANDNOT_                      94
     $_AND_                        525
     $_DFFE_PN0P_                   10
     $_DFFE_PP_                    480
     $_DFF_PN0_                    201
     $_MUX_                        440
     $_NAND_                        11
     $_NOR_                          5
     $_NOT_                        416
     $_ORNOT_                        9
     $_OR_                          24
     $_XNOR_                         7
     $_XOR_                         22
     $paramod$cf256f1e07155db3e20fb233046fedb4711c91b2\logic_normalization_scalar_engine_array      1
     fp16_add                       30

=== $paramod\logic_normalization_scalar_engine\TAG_WIDTH=32'00000000000000000000000000010000 ===

   Number of wires:                129
   Number of wire bits:            448
   Number of public wires:          37
   Number of public wire bits:     354
   Number of ports:                 17
   Number of port bits:            137
   Number of memories:               0
   Number of memory bits:            0
   Number of processes:              0
   Number of cells:                256
     $_ANDNOT_                      50
     $_AND_                          4
     $_DFFE_PN0P_                  151
     $_DFF_PN0_                      1
     $_MUX_                         18
     $_NAND_                         1
     $_NOR_                          5
     $_NOT_                          2
     $_ORNOT_                        3
     $_OR_                          15
     fp16_add                        2
     fp16_mul                        3
     fp16_rsqrt_lut256               1

=== fp16_add ===

   Number of wires:               3230
   Number of wire bits:           3419
   Number of public wires:          17
   Number of public wire bits:     206
   Number of ports:                  3
   Number of port bits:             48
   Number of memories:               0
   Number of memory bits:            0
   Number of processes:              0
   Number of cells:               3229
     $_ANDNOT_                    1085
     $_AND_                         71
     $_MUX_                        678
     $_NAND_                        48
     $_NOR_                        201
     $_NOT_                        199
     $_ORNOT_                      177
     $_OR_                         284
     $_XNOR_                       141
     $_XOR_                        345

=== fp16_mul ===

   Number of wires:               4069
   Number of wire bits:           4337
   Number of public wires:          14
   Number of public wire bits:     282
   Number of ports:                  3
   Number of port bits:             48
   Number of memories:               0
   Number of memory bits:            0
   Number of processes:              0
   Number of cells:               4071
     $_ANDNOT_                     870
     $_AND_                        126
     $_MUX_                        549
     $_NAND_                       105
     $_NOR_                        340
     $_NOT_                        116
     $_ORNOT_                      312
     $_OR_                        1107
     $_XNOR_                       141
     $_XOR_                        405

=== fp16_rsqrt_lut256 ===

   Number of wires:               1758
   Number of wire bits:           1802
   Number of public wires:           8
   Number of public wire bits:      38
   Number of ports:                  8
   Number of port bits:             38
   Number of memories:               0
   Number of memory bits:            0
   Number of processes:              0
   Number of cells:               1781
     $_ANDNOT_                     525
     $_AND_                         21
     $_DFFE_PN0N_                    1
     $_DFFE_PN0P_                   15
     $_MUX_                        516
     $_NAND_                        22
     $_NOR_                        120
     $_NOT_                         80
     $_ORNOT_                       97
     $_OR_                         175
     $_XNOR_                        36
     $_XOR_                        173

=== hierarchical_normalization_streaming_top ===

   Number of wires:                 67
   Number of wire bits:           2080
   Number of public wires:          35
   Number of public wire bits:    2048
   Number of ports:                 25
   Number of port bits:           1213
   Number of memories:               0
   Number of memory bits:            0
   Number of processes:              0
   Number of cells:                 67
     $_ANDNOT_                      48
     $_AND_                          1
     $_NAND_                         1
     $paramod$7f46819eecda06228f84979737259751ccd53663\bank_normalization_multirow_vector_reducer     16
     $paramod$e6d2582358ff6950cc507271baa264b5b8280dfa\logic_normalization_barrier_tree_top      1

=== design hierarchy ===

   hierarchical_normalization_streaming_top      1
     $paramod$7f46819eecda06228f84979737259751ccd53663\bank_normalization_multirow_vector_reducer     16
       fp16_add                      8
       fp16_mul                      4
     $paramod$e6d2582358ff6950cc507271baa264b5b8280dfa\logic_normalization_barrier_tree_top      1
       $paramod$865746d0c425e5bff1afb43fc0ca954cd0aab93f\logic_normalization_bank_barrier      1
       $paramod$e6d2582358ff6950cc507271baa264b5b8280dfa\logic_normalization_parallel_tree_top      1
         $paramod$cf256f1e07155db3e20fb233046fedb4711c91b2\logic_normalization_scalar_engine_array      1
           $paramod\logic_normalization_scalar_engine\TAG_WIDTH=32'00000000000000000000000000010000      8
             fp16_add                2
             fp16_mul                3
             fp16_rsqrt_lut256       1
         fp16_add                   30

   Number of wires:             944688
   Number of wire bits:         1024828
   Number of public wires:        5768
   Number of public wire bits:   85369
   Number of ports:               1338
   Number of port bits:          21729
   Number of memories:               0
   Number of memory bits:            0
   Number of processes:              0
   Number of cells:             953623
     $_ANDNOT_                  273615
     $_AND_                      24265
     $_DFFE_PN0N_                    8
     $_DFFE_PN0P_                 2619
     $_DFFE_PP_                   5088
     $_DFF_PN0_                    835
     $_MUX_                     172340
     $_NAND_                     17903
     $_NOR_                      66092
     $_NOT_                      46084
     $_ORNOT_                    59239
     $_OR_                      150566
     $_XNOR_                     37285
     $_XOR_                      97684

15. Executing CHECK pass (checking for obvious problems).
Checking module $paramod$7f46819eecda06228f84979737259751ccd53663\bank_normalization_multirow_vector_reducer...
Checking module $paramod$865746d0c425e5bff1afb43fc0ca954cd0aab93f\logic_normalization_bank_barrier...
Checking module $paramod$cf256f1e07155db3e20fb233046fedb4711c91b2\logic_normalization_scalar_engine_array...
Checking module $paramod$e6d2582358ff6950cc507271baa264b5b8280dfa\logic_normalization_barrier_tree_top...
Checking module $paramod$e6d2582358ff6950cc507271baa264b5b8280dfa\logic_normalization_parallel_tree_top...
Checking module $paramod\logic_normalization_scalar_engine\TAG_WIDTH=32'00000000000000000000000000010000...
Checking module fp16_add...
Checking module fp16_mul...
Checking module fp16_rsqrt_lut256...
Checking module hierarchical_normalization_streaming_top...
Found and reported 0 problems.

Warnings: 11 unique messages, 22 total
End of script. Logfile hash: 71a3fe3b9a, CPU: user 13.17s system 1.14s, MEM: 209.66 MB peak
Yosys 0.52 (git sha1 fee39a3284c90249e1d9684cf6944ffbbcbb8f90)
Time spent: 18% 133x opt_expr (3 sec), 16% 65x opt_clean (2 sec), ...
