
-- Running command `read_verilog -sv -I. rtl/fp16_add.sv rtl/fp16_mul.sv rtl/fp16_rsqrt_lut256.sv rtl/logic_normalization_scalar_engine.sv rtl/logic_normalization_scalar_engine_array.sv rtl/logic_normalization_parallel_tree_top.sv rtl/logic_normalization_bank_barrier.sv rtl/logic_normalization_barrier_tree_top.sv; chparam -set BANKS 16 -set SCALAR_ENGINES 8 logic_normalization_barrier_tree_top; hierarchy -check -top logic_normalization_barrier_tree_top; synth -top logic_normalization_barrier_tree_top; stat; check -assert' --

1. Executing Verilog-2005 frontend: rtl/fp16_add.sv
Parsing SystemVerilog input from `rtl/fp16_add.sv' to AST representation.
Generating RTLIL representation for module `\fp16_add'.
Successfully finished Verilog frontend.

2. Executing Verilog-2005 frontend: rtl/fp16_mul.sv
Parsing SystemVerilog input from `rtl/fp16_mul.sv' to AST representation.
Generating RTLIL representation for module `\fp16_mul'.
Successfully finished Verilog frontend.

3. Executing Verilog-2005 frontend: rtl/fp16_rsqrt_lut256.sv
Parsing SystemVerilog input from `rtl/fp16_rsqrt_lut256.sv' to AST representation.
Generating RTLIL representation for module `\fp16_rsqrt_lut256'.
Successfully finished Verilog frontend.

4. Executing Verilog-2005 frontend: rtl/logic_normalization_scalar_engine.sv
Parsing SystemVerilog input from `rtl/logic_normalization_scalar_engine.sv' to AST representation.
Generating RTLIL representation for module `\logic_normalization_scalar_engine'.
Successfully finished Verilog frontend.

5. Executing Verilog-2005 frontend: rtl/logic_normalization_scalar_engine_array.sv
Parsing SystemVerilog input from `rtl/logic_normalization_scalar_engine_array.sv' to AST representation.
Generating RTLIL representation for module `\logic_normalization_scalar_engine_array'.
Successfully finished Verilog frontend.

6. Executing Verilog-2005 frontend: rtl/logic_normalization_parallel_tree_top.sv
Parsing SystemVerilog input from `rtl/logic_normalization_parallel_tree_top.sv' to AST representation.
Generating RTLIL representation for module `\logic_normalization_parallel_tree_top'.
Warning: Replacing memory \sumsq_stage_d with list of registers. See rtl/logic_normalization_parallel_tree_top.sv:0
Warning: Replacing memory \sum_stage_d with list of registers. See rtl/logic_normalization_parallel_tree_top.sv:0
Warning: Replacing memory \sumsq_stage_q with list of registers. See rtl/logic_normalization_parallel_tree_top.sv:89
Warning: Replacing memory \sum_stage_q with list of registers. See rtl/logic_normalization_parallel_tree_top.sv:89
Successfully finished Verilog frontend.

7. Executing Verilog-2005 frontend: rtl/logic_normalization_bank_barrier.sv
Parsing SystemVerilog input from `rtl/logic_normalization_bank_barrier.sv' to AST representation.
Generating RTLIL representation for module `\logic_normalization_bank_barrier'.
Successfully finished Verilog frontend.

8. Executing Verilog-2005 frontend: rtl/logic_normalization_barrier_tree_top.sv
Parsing SystemVerilog input from `rtl/logic_normalization_barrier_tree_top.sv' to AST representation.
Generating RTLIL representation for module `\logic_normalization_barrier_tree_top'.
Successfully finished Verilog frontend.
Parameter \BANKS = 16
Parameter \SCALAR_ENGINES = 8

9. Executing AST frontend in derive mode using pre-parsed AST for module `\logic_normalization_barrier_tree_top'.
Parameter \BANKS = 16
Parameter \SCALAR_ENGINES = 8
Generating RTLIL representation for module `$paramod$b61622206b80051c0dffdeb6d72a90ec175343f8\logic_normalization_barrier_tree_top'.

10. Executing HIERARCHY pass (managing design hierarchy).

10.1. Analyzing design hierarchy..
Top module:  \logic_normalization_barrier_tree_top
Used module:     \logic_normalization_bank_barrier
Used module:     \logic_normalization_parallel_tree_top
Used module:         \fp16_add
Used module:         \logic_normalization_scalar_engine_array
Used module:             \logic_normalization_scalar_engine
Used module:                 \fp16_rsqrt_lut256
Used module:                 \fp16_mul
Parameter \TAG_WIDTH = 16

10.2. Executing AST frontend in derive mode using pre-parsed AST for module `\logic_normalization_scalar_engine'.
Parameter \TAG_WIDTH = 16
Generating RTLIL representation for module `$paramod\logic_normalization_scalar_engine\TAG_WIDTH=32'00000000000000000000000000010000'.
Parameter \TAG_WIDTH = 16
Found cached RTLIL representation for module `$paramod\logic_normalization_scalar_engine\TAG_WIDTH=32'00000000000000000000000000010000'.
Parameter \TAG_WIDTH = 16
Found cached RTLIL representation for module `$paramod\logic_normalization_scalar_engine\TAG_WIDTH=32'00000000000000000000000000010000'.
Parameter \TAG_WIDTH = 16
Found cached RTLIL representation for module `$paramod\logic_normalization_scalar_engine\TAG_WIDTH=32'00000000000000000000000000010000'.
Parameter \TAG_WIDTH = 16
Found cached RTLIL representation for module `$paramod\logic_normalization_scalar_engine\TAG_WIDTH=32'00000000000000000000000000010000'.
Parameter \TAG_WIDTH = 16
Found cached RTLIL representation for module `$paramod\logic_normalization_scalar_engine\TAG_WIDTH=32'00000000000000000000000000010000'.
Parameter \TAG_WIDTH = 16
Found cached RTLIL representation for module `$paramod\logic_normalization_scalar_engine\TAG_WIDTH=32'00000000000000000000000000010000'.
Parameter \TAG_WIDTH = 16
Found cached RTLIL representation for module `$paramod\logic_normalization_scalar_engine\TAG_WIDTH=32'00000000000000000000000000010000'.
Parameter \ENGINES = 8
Parameter \TAG_WIDTH = 16

10.3. Executing AST frontend in derive mode using pre-parsed AST for module `\logic_normalization_scalar_engine_array'.
Parameter \ENGINES = 8
Parameter \TAG_WIDTH = 16
Generating RTLIL representation for module `$paramod$cf256f1e07155db3e20fb233046fedb4711c91b2\logic_normalization_scalar_engine_array'.
Parameter \BANKS = 16
Parameter \TAG_WIDTH = 16

10.4. Executing AST frontend in derive mode using pre-parsed AST for module `\logic_normalization_bank_barrier'.
Parameter \BANKS = 16
Parameter \TAG_WIDTH = 16
Generating RTLIL representation for module `$paramod$865746d0c425e5bff1afb43fc0ca954cd0aab93f\logic_normalization_bank_barrier'.
Parameter \BANKS = 16
Parameter \SCALAR_ENGINES = 8
Parameter \TAG_WIDTH = 16

10.5. Executing AST frontend in derive mode using pre-parsed AST for module `\logic_normalization_parallel_tree_top'.
Parameter \BANKS = 16
Parameter \SCALAR_ENGINES = 8
Parameter \TAG_WIDTH = 16
Generating RTLIL representation for module `$paramod$e6d2582358ff6950cc507271baa264b5b8280dfa\logic_normalization_parallel_tree_top'.
Warning: Replacing memory \sumsq_stage_d with list of registers. See rtl/logic_normalization_parallel_tree_top.sv:0
Warning: Replacing memory \sum_stage_d with list of registers. See rtl/logic_normalization_parallel_tree_top.sv:0
Warning: Replacing memory \sumsq_stage_q with list of registers. See rtl/logic_normalization_parallel_tree_top.sv:89
Warning: Replacing memory \sum_stage_q with list of registers. See rtl/logic_normalization_parallel_tree_top.sv:89

10.6. Analyzing design hierarchy..
Top module:  \logic_normalization_barrier_tree_top
Used module:     $paramod$865746d0c425e5bff1afb43fc0ca954cd0aab93f\logic_normalization_bank_barrier
Used module:     $paramod$e6d2582358ff6950cc507271baa264b5b8280dfa\logic_normalization_parallel_tree_top
Used module:         \fp16_add
Used module:         \logic_normalization_scalar_engine_array
Used module:             $paramod\logic_normalization_scalar_engine\TAG_WIDTH=32'00000000000000000000000000010000
Used module:                 \fp16_rsqrt_lut256
Used module:                 \fp16_mul
Parameter \ENGINES = 8
Parameter \TAG_WIDTH = 16
Found cached RTLIL representation for module `$paramod$cf256f1e07155db3e20fb233046fedb4711c91b2\logic_normalization_scalar_engine_array'.

10.7. Analyzing design hierarchy..
Top module:  \logic_normalization_barrier_tree_top
Used module:     $paramod$865746d0c425e5bff1afb43fc0ca954cd0aab93f\logic_normalization_bank_barrier
Used module:     $paramod$e6d2582358ff6950cc507271baa264b5b8280dfa\logic_normalization_parallel_tree_top
Used module:         \fp16_add
Used module:         $paramod$cf256f1e07155db3e20fb233046fedb4711c91b2\logic_normalization_scalar_engine_array
Used module:             \logic_normalization_scalar_engine
Used module:                 \fp16_rsqrt_lut256
Used module:                 \fp16_mul
Parameter \TAG_WIDTH = 16
Found cached RTLIL representation for module `$paramod\logic_normalization_scalar_engine\TAG_WIDTH=32'00000000000000000000000000010000'.
Parameter \TAG_WIDTH = 16
Found cached RTLIL representation for module `$paramod\logic_normalization_scalar_engine\TAG_WIDTH=32'00000000000000000000000000010000'.
Parameter \TAG_WIDTH = 16
Found cached RTLIL representation for module `$paramod\logic_normalization_scalar_engine\TAG_WIDTH=32'00000000000000000000000000010000'.
Parameter \TAG_WIDTH = 16
Found cached RTLIL representation for module `$paramod\logic_normalization_scalar_engine\TAG_WIDTH=32'00000000000000000000000000010000'.
Parameter \TAG_WIDTH = 16
Found cached RTLIL representation for module `$paramod\logic_normalization_scalar_engine\TAG_WIDTH=32'00000000000000000000000000010000'.
Parameter \TAG_WIDTH = 16
Found cached RTLIL representation for module `$paramod\logic_normalization_scalar_engine\TAG_WIDTH=32'00000000000000000000000000010000'.
Parameter \TAG_WIDTH = 16
Found cached RTLIL representation for module `$paramod\logic_normalization_scalar_engine\TAG_WIDTH=32'00000000000000000000000000010000'.
Parameter \TAG_WIDTH = 16
Found cached RTLIL representation for module `$paramod\logic_normalization_scalar_engine\TAG_WIDTH=32'00000000000000000000000000010000'.

10.8. Analyzing design hierarchy..
Top module:  \logic_normalization_barrier_tree_top
Used module:     $paramod$865746d0c425e5bff1afb43fc0ca954cd0aab93f\logic_normalization_bank_barrier
Used module:     $paramod$e6d2582358ff6950cc507271baa264b5b8280dfa\logic_normalization_parallel_tree_top
Used module:         \fp16_add
Used module:         $paramod$cf256f1e07155db3e20fb233046fedb4711c91b2\logic_normalization_scalar_engine_array
Used module:             $paramod\logic_normalization_scalar_engine\TAG_WIDTH=32'00000000000000000000000000010000
Used module:                 \fp16_rsqrt_lut256
Used module:                 \fp16_mul

10.9. Analyzing design hierarchy..
Top module:  \logic_normalization_barrier_tree_top
Used module:     $paramod$865746d0c425e5bff1afb43fc0ca954cd0aab93f\logic_normalization_bank_barrier
Used module:     $paramod$e6d2582358ff6950cc507271baa264b5b8280dfa\logic_normalization_parallel_tree_top
Used module:         \fp16_add
Used module:         $paramod$cf256f1e07155db3e20fb233046fedb4711c91b2\logic_normalization_scalar_engine_array
Used module:             $paramod\logic_normalization_scalar_engine\TAG_WIDTH=32'00000000000000000000000000010000
Used module:                 \fp16_rsqrt_lut256
Used module:                 \fp16_mul
Removing unused module `\logic_normalization_bank_barrier'.
Removing unused module `\logic_normalization_parallel_tree_top'.
Removing unused module `\logic_normalization_scalar_engine_array'.
Removing unused module `\logic_normalization_scalar_engine'.
Removed 4 unused modules.

11. Executing SYNTH pass.

11.1. Executing HIERARCHY pass (managing design hierarchy).

11.1.1. Analyzing design hierarchy..
Top module:  \logic_normalization_barrier_tree_top
Used module:     $paramod$865746d0c425e5bff1afb43fc0ca954cd0aab93f\logic_normalization_bank_barrier
Used module:     $paramod$e6d2582358ff6950cc507271baa264b5b8280dfa\logic_normalization_parallel_tree_top
Used module:         \fp16_add
Used module:         $paramod$cf256f1e07155db3e20fb233046fedb4711c91b2\logic_normalization_scalar_engine_array
Used module:             $paramod\logic_normalization_scalar_engine\TAG_WIDTH=32'00000000000000000000000000010000
Used module:                 \fp16_rsqrt_lut256
Used module:                 \fp16_mul

11.1.2. Analyzing design hierarchy..
Top module:  \logic_normalization_barrier_tree_top
Used module:     $paramod$865746d0c425e5bff1afb43fc0ca954cd0aab93f\logic_normalization_bank_barrier
Used module:     $paramod$e6d2582358ff6950cc507271baa264b5b8280dfa\logic_normalization_parallel_tree_top
Used module:         \fp16_add
Used module:         $paramod$cf256f1e07155db3e20fb233046fedb4711c91b2\logic_normalization_scalar_engine_array
Used module:             $paramod\logic_normalization_scalar_engine\TAG_WIDTH=32'00000000000000000000000000010000
Used module:                 \fp16_rsqrt_lut256
Used module:                 \fp16_mul
Removed 0 unused modules.

11.2. Executing PROC pass (convert processes to netlists).

11.2.1. Executing PROC_CLEAN pass (remove empty switches from decision trees).
Cleaned up 0 empty switches.

11.2.2. Executing PROC_RMDEAD pass (remove dead branches from decision trees).
Marked 1 switch rules as full_case in process $proc$rtl/logic_normalization_parallel_tree_top.sv:77$1088 in module $paramod$e6d2582358ff6950cc507271baa264b5b8280dfa\logic_normalization_parallel_tree_top.
Marked 18 switch rules as full_case in process $proc$rtl/logic_normalization_parallel_tree_top.sv:51$955 in module $paramod$e6d2582358ff6950cc507271baa264b5b8280dfa\logic_normalization_parallel_tree_top.
Marked 2 switch rules as full_case in process $proc$rtl/logic_normalization_bank_barrier.sv:43$856 in module $paramod$865746d0c425e5bff1afb43fc0ca954cd0aab93f\logic_normalization_bank_barrier.
Marked 49 switch rules as full_case in process $proc$rtl/logic_normalization_bank_barrier.sv:25$796 in module $paramod$865746d0c425e5bff1afb43fc0ca954cd0aab93f\logic_normalization_bank_barrier.
Marked 2 switch rules as full_case in process $proc$rtl/logic_normalization_scalar_engine.sv:72$785 in module $paramod\logic_normalization_scalar_engine\TAG_WIDTH=32'00000000000000000000000000010000.
Removed 1 dead cases from process $proc$rtl/fp16_rsqrt_lut256.sv:73$232 in module fp16_rsqrt_lut256.
Marked 19 switch rules as full_case in process $proc$rtl/fp16_rsqrt_lut256.sv:73$232 in module fp16_rsqrt_lut256.
Marked 32 switch rules as full_case in process $proc$rtl/fp16_mul.sv:16$143 in module fp16_mul.
Marked 26 switch rules as full_case in process $proc$rtl/fp16_add.sv:28$3 in module fp16_add.
Removed a total of 1 dead cases.

11.2.3. Executing PROC_PRUNE pass (remove redundant assignments in processes).
Removed 7 redundant assignments.
Promoted 155 assignments to connections.

11.2.4. Executing PROC_INIT pass (extract init attributes).

11.2.5. Executing PROC_ARST pass (detect async resets in processes).
Found async reset \rst_ni in `$paramod$e6d2582358ff6950cc507271baa264b5b8280dfa\logic_normalization_parallel_tree_top.$proc$rtl/logic_normalization_parallel_tree_top.sv:77$1088'.
Found async reset \rst_ni in `$paramod$865746d0c425e5bff1afb43fc0ca954cd0aab93f\logic_normalization_bank_barrier.$proc$rtl/logic_normalization_bank_barrier.sv:43$856'.
Found async reset \rst_ni in `$paramod\logic_normalization_scalar_engine\TAG_WIDTH=32'00000000000000000000000000010000.$proc$rtl/logic_normalization_scalar_engine.sv:72$785'.
Found async reset \rst_ni in `\fp16_rsqrt_lut256.$proc$rtl/fp16_rsqrt_lut256.sv:73$232'.

11.2.6. Executing PROC_ROM pass (convert switches to ROMs).
Converted 1 switch.
<suppressed ~153 debug messages>

11.2.7. Executing PROC_MUX pass (convert decision trees to multiplexers).
Creating decoders for process `$paramod$e6d2582358ff6950cc507271baa264b5b8280dfa\logic_normalization_parallel_tree_top.$proc$rtl/logic_normalization_parallel_tree_top.sv:0$1141'.
Creating decoders for process `$paramod$e6d2582358ff6950cc507271baa264b5b8280dfa\logic_normalization_parallel_tree_top.$proc$rtl/logic_normalization_parallel_tree_top.sv:77$1088'.
     1/60: $0\allocation_error_o[0:0]
     2/60: $1$fordecl_block$418.l[31:0]$1097
     3/60: $1$fordecl_block$418.$for_loop$419[3].$fordecl_block$420.n[31:0]$1101
     4/60: $1$fordecl_block$418.$for_loop$419[2].$fordecl_block$420.n[31:0]$1100
     5/60: $1$fordecl_block$418.$for_loop$419[1].$fordecl_block$420.n[31:0]$1099
     6/60: $1$fordecl_block$418.$for_loop$419[0].$fordecl_block$420.n[31:0]$1098
     7/60: $1$fordecl_block$416.l[31:0]$1096
     8/60: $0\eps_pipe_q[63:0] [63:48]
     9/60: $0\invh_pipe_q[63:0] [63:48]
    10/60: $0\tag_pipe_q[63:0] [63:48]
    11/60: $0\mode_pipe_q[3:0] [3]
    12/60: $0\valid_pipe_q[3:0] [3]
    13/60: $0\eps_pipe_q[63:0] [47:32]
    14/60: $0\invh_pipe_q[63:0] [47:32]
    15/60: $0\tag_pipe_q[63:0] [47:32]
    16/60: $0\mode_pipe_q[3:0] [2]
    17/60: $0\valid_pipe_q[3:0] [2]
    18/60: $0\eps_pipe_q[63:0] [31:16]
    19/60: $0\invh_pipe_q[63:0] [31:16]
    20/60: $0\tag_pipe_q[63:0] [31:16]
    21/60: $0\mode_pipe_q[3:0] [1]
    22/60: $0\valid_pipe_q[3:0] [1]
    23/60: $0\eps_pipe_q[63:0] [15:0]
    24/60: $0\invh_pipe_q[63:0] [15:0]
    25/60: $0\tag_pipe_q[63:0] [15:0]
    26/60: $0\mode_pipe_q[3:0] [0]
    27/60: $0\valid_pipe_q[3:0] [0]
    28/60: $0\sumsq_stage_q[48][15:0]
    29/60: $0\sumsq_stage_q[33][15:0]
    30/60: $0\sumsq_stage_q[32][15:0]
    31/60: $0\sumsq_stage_q[19][15:0]
    32/60: $0\sumsq_stage_q[18][15:0]
    33/60: $0\sumsq_stage_q[17][15:0]
    34/60: $0\sumsq_stage_q[16][15:0]
    35/60: $0\sumsq_stage_q[7][15:0]
    36/60: $0\sumsq_stage_q[6][15:0]
    37/60: $0\sumsq_stage_q[5][15:0]
    38/60: $0\sumsq_stage_q[4][15:0]
    39/60: $0\sumsq_stage_q[3][15:0]
    40/60: $0\sumsq_stage_q[2][15:0]
    41/60: $0\sumsq_stage_q[1][15:0]
    42/60: $0\sumsq_stage_q[0][15:0]
    43/60: $0\sum_stage_q[48][15:0]
    44/60: $0\sum_stage_q[33][15:0]
    45/60: $0\sum_stage_q[32][15:0]
    46/60: $0\sum_stage_q[19][15:0]
    47/60: $0\sum_stage_q[18][15:0]
    48/60: $0\sum_stage_q[17][15:0]
    49/60: $0\sum_stage_q[16][15:0]
    50/60: $0\sum_stage_q[7][15:0]
    51/60: $0\sum_stage_q[6][15:0]
    52/60: $0\sum_stage_q[5][15:0]
    53/60: $0\sum_stage_q[4][15:0]
    54/60: $0\sum_stage_q[3][15:0]
    55/60: $0\sum_stage_q[2][15:0]
    56/60: $0\sum_stage_q[1][15:0]
    57/60: $0\sum_stage_q[0][15:0]
    58/60: $0\outstanding_q[3:0]
    59/60: $0\rsp_rr_q[2:0]
    60/60: $0\alloc_rr_q[2:0]
Creating decoders for process `$paramod$e6d2582358ff6950cc507271baa264b5b8280dfa\logic_normalization_parallel_tree_top.$proc$rtl/logic_normalization_parallel_tree_top.sv:51$955'.
     1/36: $1\e_rsp_r[7:0]
     2/36: $1$bitselwrite$pos$rtl/logic_normalization_parallel_tree_top.sv:74$950[2:0]$1080
     3/36: $8\rsp_sel[2:0]
     4/36: $8\rsp_found[0:0]
     5/36: $7\rsp_sel[2:0]
     6/36: $7\rsp_found[0:0]
     7/36: $6\rsp_sel[2:0]
     8/36: $6\rsp_found[0:0]
     9/36: $5\rsp_sel[2:0]
    10/36: $5\rsp_found[0:0]
    11/36: $4\rsp_sel[2:0]
    12/36: $4\rsp_found[0:0]
    13/36: $3\rsp_sel[2:0]
    14/36: $3\rsp_found[0:0]
    15/36: $2\rsp_sel[2:0]
    16/36: $2\rsp_found[0:0]
    17/36: $1\rsp_sel[2:0]
    18/36: $1\rsp_found[0:0]
    19/36: $1\e_req_v[7:0]
    20/36: $1$bitselwrite$pos$rtl/logic_normalization_parallel_tree_top.sv:62$949[2:0]$1017
    21/36: $8\alloc_sel[2:0]
    22/36: $8\alloc_found[0:0]
    23/36: $7\alloc_sel[2:0]
    24/36: $7\alloc_found[0:0]
    25/36: $6\alloc_sel[2:0]
    26/36: $6\alloc_found[0:0]
    27/36: $5\alloc_sel[2:0]
    28/36: $5\alloc_found[0:0]
    29/36: $4\alloc_sel[2:0]
    30/36: $4\alloc_found[0:0]
    31/36: $3\alloc_sel[2:0]
    32/36: $3\alloc_found[0:0]
    33/36: $2\alloc_sel[2:0]
    34/36: $2\alloc_found[0:0]
    35/36: $1\alloc_sel[2:0]
    36/36: $1\alloc_found[0:0]
Creating decoders for process `$paramod$865746d0c425e5bff1afb43fc0ca954cd0aab93f\logic_normalization_bank_barrier.$proc$rtl/logic_normalization_bank_barrier.sv:43$856'.
     1/7: $0\invalid_config_error_o[0:0]
     2/7: $0\eps_q[15:0]
     3/7: $0\invh_q[15:0]
     4/7: $0\mask_q[15:0]
     5/7: $0\active_q[0:0]
     6/7: $0\tag_q[15:0]
     7/7: $0\mode_q[0:0]
Creating decoders for process `$paramod$865746d0c425e5bff1afb43fc0ca954cd0aab93f\logic_normalization_bank_barrier.$proc$rtl/logic_normalization_bank_barrier.sv:25$796'.
     1/65: $1\bank_ready_o[15:0]
     2/65: $32\tags_match[0:0]
     3/65: $32\all_present[0:0]
     4/65: $31\tags_match[0:0]
     5/65: $31\all_present[0:0]
     6/65: $30\tags_match[0:0]
     7/65: $30\all_present[0:0]
     8/65: $29\tags_match[0:0]
     9/65: $29\all_present[0:0]
    10/65: $28\tags_match[0:0]
    11/65: $28\all_present[0:0]
    12/65: $27\tags_match[0:0]
    13/65: $27\all_present[0:0]
    14/65: $26\tags_match[0:0]
    15/65: $26\all_present[0:0]
    16/65: $25\tags_match[0:0]
    17/65: $25\all_present[0:0]
    18/65: $24\tags_match[0:0]
    19/65: $24\all_present[0:0]
    20/65: $23\tags_match[0:0]
    21/65: $23\all_present[0:0]
    22/65: $22\tags_match[0:0]
    23/65: $22\all_present[0:0]
    24/65: $21\tags_match[0:0]
    25/65: $21\all_present[0:0]
    26/65: $20\tags_match[0:0]
    27/65: $20\all_present[0:0]
    28/65: $19\tags_match[0:0]
    29/65: $19\all_present[0:0]
    30/65: $18\tags_match[0:0]
    31/65: $18\all_present[0:0]
    32/65: $17\tags_match[0:0]
    33/65: $17\all_present[0:0]
    34/65: $16\tags_match[0:0]
    35/65: $16\all_present[0:0]
    36/65: $15\tags_match[0:0]
    37/65: $15\all_present[0:0]
    38/65: $14\tags_match[0:0]
    39/65: $14\all_present[0:0]
    40/65: $13\tags_match[0:0]
    41/65: $13\all_present[0:0]
    42/65: $12\tags_match[0:0]
    43/65: $12\all_present[0:0]
    44/65: $11\tags_match[0:0]
    45/65: $11\all_present[0:0]
    46/65: $10\tags_match[0:0]
    47/65: $10\all_present[0:0]
    48/65: $9\tags_match[0:0]
    49/65: $9\all_present[0:0]
    50/65: $8\tags_match[0:0]
    51/65: $8\all_present[0:0]
    52/65: $7\tags_match[0:0]
    53/65: $7\all_present[0:0]
    54/65: $6\tags_match[0:0]
    55/65: $6\all_present[0:0]
    56/65: $5\tags_match[0:0]
    57/65: $5\all_present[0:0]
    58/65: $4\tags_match[0:0]
    59/65: $4\all_present[0:0]
    60/65: $3\tags_match[0:0]
    61/65: $3\all_present[0:0]
    62/65: $2\tags_match[0:0]
    63/65: $2\all_present[0:0]
    64/65: $1\tags_match[0:0]
    65/65: $1\all_present[0:0]
Creating decoders for process `$paramod\logic_normalization_scalar_engine\TAG_WIDTH=32'00000000000000000000000000010000.$proc$rtl/logic_normalization_scalar_engine.sv:72$785'.
     1/15: $0\argument_q[15:0]
     2/15: $0\variance_q[15:0]
     3/15: $0\mean_square_q[15:0]
     4/15: $0\mean_q[15:0]
     5/15: $0\epsilon_q[15:0]
     6/15: $0\tag_q[15:0]
     7/15: $0\clamped_q[0:0]
     8/15: $0\mode_q[0:0]
     9/15: $0\state_q[2:0]
    10/15: $0\variance_clamped_o[0:0]
    11/15: $0\inv_std_o[15:0]
    12/15: $0\mean_o[15:0]
    13/15: $0\response_tag_o[15:0]
    14/15: $0\response_rms_norm_o[0:0]
    15/15: $0\response_valid_o[0:0]
Creating decoders for process `\fp16_rsqrt_lut256.$proc$rtl/fp16_rsqrt_lut256.sv:73$232'.
     1/97: $7\approximate_rsqrt$func$rtl/fp16_rsqrt_lut256.sv:79$229.lut_value[15:0]$377
     2/97: $7\approximate_rsqrt$func$rtl/fp16_rsqrt_lut256.sv:79$229.even_exponent[7:0]$373
     3/97: $7\approximate_rsqrt$func$rtl/fp16_rsqrt_lut256.sv:79$229.adjusted_mantissa[11:0]$372
     4/97: $17\approximate_rsqrt$func$rtl/fp16_rsqrt_lut256.sv:79$229.leading_one[31:0]$368
     5/97: $16\approximate_rsqrt$func$rtl/fp16_rsqrt_lut256.sv:79$229.leading_one[31:0]$365
     6/97: $15\approximate_rsqrt$func$rtl/fp16_rsqrt_lut256.sv:79$229.leading_one[31:0]$362
     7/97: $14\approximate_rsqrt$func$rtl/fp16_rsqrt_lut256.sv:79$229.leading_one[31:0]$359
     8/97: $13\approximate_rsqrt$func$rtl/fp16_rsqrt_lut256.sv:79$229.leading_one[31:0]$356
     9/97: $12\approximate_rsqrt$func$rtl/fp16_rsqrt_lut256.sv:79$229.leading_one[31:0]$353
    10/97: $11\approximate_rsqrt$func$rtl/fp16_rsqrt_lut256.sv:79$229.leading_one[31:0]$350
    11/97: $10\approximate_rsqrt$func$rtl/fp16_rsqrt_lut256.sv:79$229.leading_one[31:0]$347
    12/97: $9\approximate_rsqrt$func$rtl/fp16_rsqrt_lut256.sv:79$229.leading_one[31:0]$344
    13/97: $8\approximate_rsqrt$func$rtl/fp16_rsqrt_lut256.sv:79$229.leading_one[31:0]$341
    14/97: $7\approximate_rsqrt$func$rtl/fp16_rsqrt_lut256.sv:79$229.unbiased_exponent[7:0]$335
    15/97: $7\approximate_rsqrt$func$rtl/fp16_rsqrt_lut256.sv:79$229.normalized_mantissa[10:0]$334
    16/97: $7\approximate_rsqrt$func$rtl/fp16_rsqrt_lut256.sv:79$229.$fordecl_block$227.bit_index[31:0]$337
    17/97: $7\approximate_rsqrt$func$rtl/fp16_rsqrt_lut256.sv:79$229.leading_one[31:0]$336
    18/97: $6\approximate_rsqrt$func$rtl/fp16_rsqrt_lut256.sv:79$229.$result[15:0]$322
    19/97: $6\approximate_rsqrt$func$rtl/fp16_rsqrt_lut256.sv:79$229.$fordecl_block$227.bit_index[31:0]$332
    20/97: $6\approximate_rsqrt$func$rtl/fp16_rsqrt_lut256.sv:79$229.leading_one[31:0]$331
    21/97: $6\approximate_rsqrt$func$rtl/fp16_rsqrt_lut256.sv:79$229.lut_value[15:0]$330
    22/97: $6\approximate_rsqrt$func$rtl/fp16_rsqrt_lut256.sv:79$229.index[7:0]$329
    23/97: $6\approximate_rsqrt$func$rtl/fp16_rsqrt_lut256.sv:79$229.delta[11:0]$328
    24/97: $6\approximate_rsqrt$func$rtl/fp16_rsqrt_lut256.sv:79$229.output_exponent[8:0]$327
    25/97: $6\approximate_rsqrt$func$rtl/fp16_rsqrt_lut256.sv:79$229.even_exponent[7:0]$326
    26/97: $6\approximate_rsqrt$func$rtl/fp16_rsqrt_lut256.sv:79$229.unbiased_exponent[7:0]$325
    27/97: $6\approximate_rsqrt$func$rtl/fp16_rsqrt_lut256.sv:79$229.adjusted_mantissa[11:0]$324
    28/97: $6\approximate_rsqrt$func$rtl/fp16_rsqrt_lut256.sv:79$229.normalized_mantissa[10:0]$323
    29/97: $5\approximate_rsqrt$func$rtl/fp16_rsqrt_lut256.sv:79$229.$result[15:0]$306
    30/97: $5\approximate_rsqrt$func$rtl/fp16_rsqrt_lut256.sv:79$229.$fordecl_block$227.bit_index[31:0]$316
    31/97: $5\approximate_rsqrt$func$rtl/fp16_rsqrt_lut256.sv:79$229.leading_one[31:0]$315
    32/97: $5\approximate_rsqrt$func$rtl/fp16_rsqrt_lut256.sv:79$229.lut_value[15:0]$314
    33/97: $5\approximate_rsqrt$func$rtl/fp16_rsqrt_lut256.sv:79$229.index[7:0]$313
    34/97: $5\approximate_rsqrt$func$rtl/fp16_rsqrt_lut256.sv:79$229.delta[11:0]$312
    35/97: $5\approximate_rsqrt$func$rtl/fp16_rsqrt_lut256.sv:79$229.output_exponent[8:0]$311
    36/97: $5\approximate_rsqrt$func$rtl/fp16_rsqrt_lut256.sv:79$229.even_exponent[7:0]$310
    37/97: $5\approximate_rsqrt$func$rtl/fp16_rsqrt_lut256.sv:79$229.unbiased_exponent[7:0]$309
    38/97: $5\approximate_rsqrt$func$rtl/fp16_rsqrt_lut256.sv:79$229.adjusted_mantissa[11:0]$308
    39/97: $5\approximate_rsqrt$func$rtl/fp16_rsqrt_lut256.sv:79$229.normalized_mantissa[10:0]$307
    40/97: $4\approximate_rsqrt$func$rtl/fp16_rsqrt_lut256.sv:79$229.$result[15:0]$294
    41/97: $4\approximate_rsqrt$func$rtl/fp16_rsqrt_lut256.sv:79$229.$fordecl_block$227.bit_index[31:0]$304
    42/97: $4\approximate_rsqrt$func$rtl/fp16_rsqrt_lut256.sv:79$229.leading_one[31:0]$303
    43/97: $4\approximate_rsqrt$func$rtl/fp16_rsqrt_lut256.sv:79$229.lut_value[15:0]$302
    44/97: $4\approximate_rsqrt$func$rtl/fp16_rsqrt_lut256.sv:79$229.index[7:0]$301
    45/97: $4\approximate_rsqrt$func$rtl/fp16_rsqrt_lut256.sv:79$229.delta[11:0]$300
    46/97: $4\approximate_rsqrt$func$rtl/fp16_rsqrt_lut256.sv:79$229.output_exponent[8:0]$299
    47/97: $4\approximate_rsqrt$func$rtl/fp16_rsqrt_lut256.sv:79$229.even_exponent[7:0]$298
    48/97: $4\approximate_rsqrt$func$rtl/fp16_rsqrt_lut256.sv:79$229.unbiased_exponent[7:0]$297
    49/97: $4\approximate_rsqrt$func$rtl/fp16_rsqrt_lut256.sv:79$229.adjusted_mantissa[11:0]$296
    50/97: $4\approximate_rsqrt$func$rtl/fp16_rsqrt_lut256.sv:79$229.normalized_mantissa[10:0]$295
    51/97: $3\approximate_rsqrt$func$rtl/fp16_rsqrt_lut256.sv:79$229.$fordecl_block$227.bit_index[31:0]$293
    52/97: $3\approximate_rsqrt$func$rtl/fp16_rsqrt_lut256.sv:79$229.leading_one[31:0]$292
    53/97: $3\approximate_rsqrt$func$rtl/fp16_rsqrt_lut256.sv:79$229.lut_value[15:0]$291
    54/97: $3\approximate_rsqrt$func$rtl/fp16_rsqrt_lut256.sv:79$229.index[7:0]$290
    55/97: $3\approximate_rsqrt$func$rtl/fp16_rsqrt_lut256.sv:79$229.delta[11:0]$289
    56/97: $3\approximate_rsqrt$func$rtl/fp16_rsqrt_lut256.sv:79$229.output_exponent[8:0]$288
    57/97: $3\approximate_rsqrt$func$rtl/fp16_rsqrt_lut256.sv:79$229.even_exponent[7:0]$287
    58/97: $3\approximate_rsqrt$func$rtl/fp16_rsqrt_lut256.sv:79$229.unbiased_exponent[7:0]$286
    59/97: $3\approximate_rsqrt$func$rtl/fp16_rsqrt_lut256.sv:79$229.adjusted_mantissa[11:0]$285
    60/97: $3\approximate_rsqrt$func$rtl/fp16_rsqrt_lut256.sv:79$229.normalized_mantissa[10:0]$284
    61/97: $3\approximate_rsqrt$func$rtl/fp16_rsqrt_lut256.sv:79$229.$result[15:0]$279
    62/97: $3\approximate_rsqrt$func$rtl/fp16_rsqrt_lut256.sv:79$229.fraction[9:0]$283
    63/97: $3\approximate_rsqrt$func$rtl/fp16_rsqrt_lut256.sv:79$229.exponent[4:0]$282
    64/97: $3\approximate_rsqrt$func$rtl/fp16_rsqrt_lut256.sv:79$229.sign[0:0]$281
    65/97: $3\approximate_rsqrt$func$rtl/fp16_rsqrt_lut256.sv:79$229.value[15:0]$280
    66/97: $2\approximate_rsqrt$func$rtl/fp16_rsqrt_lut256.sv:79$229.$fordecl_block$227.bit_index[31:0]$278
    67/97: $2\approximate_rsqrt$func$rtl/fp16_rsqrt_lut256.sv:79$229.leading_one[31:0]$277
    68/97: $2\approximate_rsqrt$func$rtl/fp16_rsqrt_lut256.sv:79$229.lut_value[15:0]$276
    69/97: $2\approximate_rsqrt$func$rtl/fp16_rsqrt_lut256.sv:79$229.index[7:0]$275
    70/97: $2\approximate_rsqrt$func$rtl/fp16_rsqrt_lut256.sv:79$229.delta[11:0]$274
    71/97: $2\approximate_rsqrt$func$rtl/fp16_rsqrt_lut256.sv:79$229.output_exponent[8:0]$273
    72/97: $2\approximate_rsqrt$func$rtl/fp16_rsqrt_lut256.sv:79$229.even_exponent[7:0]$272
    73/97: $2\approximate_rsqrt$func$rtl/fp16_rsqrt_lut256.sv:79$229.unbiased_exponent[7:0]$271
    74/97: $2\approximate_rsqrt$func$rtl/fp16_rsqrt_lut256.sv:79$229.adjusted_mantissa[11:0]$270
    75/97: $2\approximate_rsqrt$func$rtl/fp16_rsqrt_lut256.sv:79$229.normalized_mantissa[10:0]$269
    76/97: $2\approximate_rsqrt$func$rtl/fp16_rsqrt_lut256.sv:79$229.fraction[9:0]$268
    77/97: $2\approximate_rsqrt$func$rtl/fp16_rsqrt_lut256.sv:79$229.exponent[4:0]$267
    78/97: $2\approximate_rsqrt$func$rtl/fp16_rsqrt_lut256.sv:79$229.sign[0:0]$266
    79/97: $2\approximate_rsqrt$func$rtl/fp16_rsqrt_lut256.sv:79$229.value[15:0]$265
    80/97: $2\approximate_rsqrt$func$rtl/fp16_rsqrt_lut256.sv:79$229.$result[15:0]$264
    81/97: $1\approximate_rsqrt$func$rtl/fp16_rsqrt_lut256.sv:79$229.$fordecl_block$227.bit_index[31:0]$263
    82/97: $1\approximate_rsqrt$func$rtl/fp16_rsqrt_lut256.sv:79$229.leading_one[31:0]$262
    83/97: $1\approximate_rsqrt$func$rtl/fp16_rsqrt_lut256.sv:79$229.lut_value[15:0]$261
    84/97: $1\approximate_rsqrt$func$rtl/fp16_rsqrt_lut256.sv:79$229.index[7:0]$260
    85/97: $1\approximate_rsqrt$func$rtl/fp16_rsqrt_lut256.sv:79$229.delta[11:0]$259
    86/97: $1\approximate_rsqrt$func$rtl/fp16_rsqrt_lut256.sv:79$229.output_exponent[8:0]$258
    87/97: $1\approximate_rsqrt$func$rtl/fp16_rsqrt_lut256.sv:79$229.even_exponent[7:0]$257
    88/97: $1\approximate_rsqrt$func$rtl/fp16_rsqrt_lut256.sv:79$229.unbiased_exponent[7:0]$256
    89/97: $1\approximate_rsqrt$func$rtl/fp16_rsqrt_lut256.sv:79$229.adjusted_mantissa[11:0]$255
    90/97: $1\approximate_rsqrt$func$rtl/fp16_rsqrt_lut256.sv:79$229.normalized_mantissa[10:0]$254
    91/97: $1\approximate_rsqrt$func$rtl/fp16_rsqrt_lut256.sv:79$229.fraction[9:0]$253
    92/97: $1\approximate_rsqrt$func$rtl/fp16_rsqrt_lut256.sv:79$229.exponent[4:0]$252
    93/97: $1\approximate_rsqrt$func$rtl/fp16_rsqrt_lut256.sv:79$229.sign[0:0]$251
    94/97: $1\approximate_rsqrt$func$rtl/fp16_rsqrt_lut256.sv:79$229.value[15:0]$250
    95/97: $1\approximate_rsqrt$func$rtl/fp16_rsqrt_lut256.sv:79$229.$result[15:0]$249
    96/97: $0\output_data_o[15:0]
    97/97: $0\output_valid_o[0:0]
Creating decoders for process `\fp16_mul.$proc$rtl/fp16_mul.sv:16$143'.
     1/68: $7\result_o[15:0]
     2/68: $8\rounded_wide[63:0]
     3/68: $7\round_up[0:0]
     4/68: $7\low_mask[63:0]
     5/68: $6\result_o[15:0]
     6/68: $6\result_exp_field[4:0]
     7/68: $6\exponent[31:0]
     8/68: $7\rounded_wide[63:0]
     9/68: $6\rounded_wide[63:0]
    10/68: $6\round_up[0:0]
    11/68: $6\low_mask[63:0]
    12/68: $5\result_exp_field[4:0]
    13/68: $5\result_o[15:0]
    14/68: $5\exponent[31:0]
    15/68: $5\rounded_wide[63:0]
    16/68: $5\low_mask[63:0]
    17/68: $5\round_up[0:0]
    18/68: $5\shift_amount[31:0]
    19/68: $4\result_o[15:0]
    20/68: $4\exponent[31:0]
    21/68: $4\result_exp_field[4:0]
    22/68: $4\low_mask[63:0]
    23/68: $4\rounded_wide[63:0]
    24/68: $4\shift_amount[31:0]
    25/68: $4\round_up[0:0]
    26/68: $3\result_o[15:0]
    27/68: $3\exponent[31:0]
    28/68: $3\result_exp_field[4:0]
    29/68: $3\low_mask[63:0]
    30/68: $3\rounded_wide[63:0]
    31/68: $3\shift_amount[31:0]
    32/68: $3\round_up[0:0]
    33/68: $2\result_o[15:0]
    34/68: $2\exponent[31:0]
    35/68: $2\result_exp_field[4:0]
    36/68: $2\low_mask[63:0]
    37/68: $2\rounded_wide[63:0]
    38/68: $2\shift_amount[31:0]
    39/68: $2\round_up[0:0]
    40/68: $1\result_o[15:0]
    41/68: $1\exponent[31:0]
    42/68: $1\result_exp_field[4:0]
    43/68: $1\low_mask[63:0]
    44/68: $1\rounded_wide[63:0]
    45/68: $1\shift_amount[31:0]
    46/68: $1\round_up[0:0]
    47/68: $22\msb_index[31:0]
    48/68: $21\msb_index[31:0]
    49/68: $20\msb_index[31:0]
    50/68: $19\msb_index[31:0]
    51/68: $18\msb_index[31:0]
    52/68: $17\msb_index[31:0]
    53/68: $16\msb_index[31:0]
    54/68: $15\msb_index[31:0]
    55/68: $14\msb_index[31:0]
    56/68: $13\msb_index[31:0]
    57/68: $12\msb_index[31:0]
    58/68: $11\msb_index[31:0]
    59/68: $10\msb_index[31:0]
    60/68: $9\msb_index[31:0]
    61/68: $8\msb_index[31:0]
    62/68: $7\msb_index[31:0]
    63/68: $6\msb_index[31:0]
    64/68: $5\msb_index[31:0]
    65/68: $4\msb_index[31:0]
    66/68: $3\msb_index[31:0]
    67/68: $2\msb_index[31:0]
    68/68: $1\msb_index[31:0]
Creating decoders for process `\fp16_add.$proc$rtl/fp16_add.sv:28$3'.
     1/53: $7\result_o[15:0]
     2/53: $6\result_o[15:0]
     3/53: $5\result_o[15:0]
     4/53: $4\result_o[15:0]
     5/53: $3\result_o[15:0]
     6/53: $2\result_o[15:0]
     7/53: $1\result_o[15:0]
     8/53: $16\result_exp[31:0]
     9/53: $1\rounded_sig[11:0]
    10/53: $15\result_exp[31:0]
    11/53: $15\magnitude_ext[13:0]
    12/53: $14\result_exp[31:0]
    13/53: $14\magnitude_ext[13:0]
    14/53: $13\result_exp[31:0]
    15/53: $13\magnitude_ext[13:0]
    16/53: $12\result_exp[31:0]
    17/53: $12\magnitude_ext[13:0]
    18/53: $11\result_exp[31:0]
    19/53: $11\magnitude_ext[13:0]
    20/53: $10\result_exp[31:0]
    21/53: $10\magnitude_ext[13:0]
    22/53: $9\result_exp[31:0]
    23/53: $9\magnitude_ext[13:0]
    24/53: $8\result_exp[31:0]
    25/53: $8\magnitude_ext[13:0]
    26/53: $7\result_exp[31:0]
    27/53: $7\magnitude_ext[13:0]
    28/53: $6\result_exp[31:0]
    29/53: $6\magnitude_ext[13:0]
    30/53: $5\result_exp[31:0]
    31/53: $5\magnitude_ext[13:0]
    32/53: $4\result_exp[31:0]
    33/53: $4\magnitude_ext[13:0]
    34/53: $3\result_exp[31:0]
    35/53: $3\magnitude_ext[13:0]
    36/53: $2\magnitude_ext[13:0] [13:1]
    37/53: $2\result_exp[31:0]
    38/53: $2\magnitude_ext[13:0] [0]
    39/53: $1\result_exp[31:0]
    40/53: $1\magnitude_ext[13:0]
    41/53: $1\add_ext[14:0]
    42/53: $1\normalize_step[31:0]
    43/53: $2\shift_right_sticky$func$rtl/fp16_add.sv:47$2.$result[13:0]$28 [13:1]
    44/53: $2\shift_right_sticky$func$rtl/fp16_add.sv:47$2.$result[13:0]$28 [0]
    45/53: $2\shift_right_sticky$func$rtl/fp16_add.sv:47$2.sticky[0:0]$29
    46/53: $1\shift_right_sticky$func$rtl/fp16_add.sv:47$2.$result[13:0]$25
    47/53: $1\shift_right_sticky$func$rtl/fp16_add.sv:47$2.sticky[0:0]$26
    48/53: $1\small_sig[10:0]
    49/53: $1\large_sig[10:0]
    50/53: $1\small_exp[4:0]
    51/53: $1\large_exp[4:0]
    52/53: $1\small_sign[0:0]
    53/53: $1\large_sign[0:0]

11.2.8. Executing PROC_DLATCH pass (convert process syncs to latches).
No latch inferred for signal `$paramod$e6d2582358ff6950cc507271baa264b5b8280dfa\logic_normalization_parallel_tree_top.\sum_stage_d[0]' from process `$paramod$e6d2582358ff6950cc507271baa264b5b8280dfa\logic_normalization_parallel_tree_top.$proc$rtl/logic_normalization_parallel_tree_top.sv:0$1141'.
No latch inferred for signal `$paramod$e6d2582358ff6950cc507271baa264b5b8280dfa\logic_normalization_parallel_tree_top.\sum_stage_d[1]' from process `$paramod$e6d2582358ff6950cc507271baa264b5b8280dfa\logic_normalization_parallel_tree_top.$proc$rtl/logic_normalization_parallel_tree_top.sv:0$1141'.
No latch inferred for signal `$paramod$e6d2582358ff6950cc507271baa264b5b8280dfa\logic_normalization_parallel_tree_top.\sum_stage_d[2]' from process `$paramod$e6d2582358ff6950cc507271baa264b5b8280dfa\logic_normalization_parallel_tree_top.$proc$rtl/logic_normalization_parallel_tree_top.sv:0$1141'.
No latch inferred for signal `$paramod$e6d2582358ff6950cc507271baa264b5b8280dfa\logic_normalization_parallel_tree_top.\sum_stage_d[3]' from process `$paramod$e6d2582358ff6950cc507271baa264b5b8280dfa\logic_normalization_parallel_tree_top.$proc$rtl/logic_normalization_parallel_tree_top.sv:0$1141'.
No latch inferred for signal `$paramod$e6d2582358ff6950cc507271baa264b5b8280dfa\logic_normalization_parallel_tree_top.\sum_stage_d[4]' from process `$paramod$e6d2582358ff6950cc507271baa264b5b8280dfa\logic_normalization_parallel_tree_top.$proc$rtl/logic_normalization_parallel_tree_top.sv:0$1141'.
No latch inferred for signal `$paramod$e6d2582358ff6950cc507271baa264b5b8280dfa\logic_normalization_parallel_tree_top.\sum_stage_d[5]' from process `$paramod$e6d2582358ff6950cc507271baa264b5b8280dfa\logic_normalization_parallel_tree_top.$proc$rtl/logic_normalization_parallel_tree_top.sv:0$1141'.
No latch inferred for signal `$paramod$e6d2582358ff6950cc507271baa264b5b8280dfa\logic_normalization_parallel_tree_top.\sum_stage_d[6]' from process `$paramod$e6d2582358ff6950cc507271baa264b5b8280dfa\logic_normalization_parallel_tree_top.$proc$rtl/logic_normalization_parallel_tree_top.sv:0$1141'.
No latch inferred for signal `$paramod$e6d2582358ff6950cc507271baa264b5b8280dfa\logic_normalization_parallel_tree_top.\sum_stage_d[7]' from process `$paramod$e6d2582358ff6950cc507271baa264b5b8280dfa\logic_normalization_parallel_tree_top.$proc$rtl/logic_normalization_parallel_tree_top.sv:0$1141'.
No latch inferred for signal `$paramod$e6d2582358ff6950cc507271baa264b5b8280dfa\logic_normalization_parallel_tree_top.\sum_stage_d[16]' from process `$paramod$e6d2582358ff6950cc507271baa264b5b8280dfa\logic_normalization_parallel_tree_top.$proc$rtl/logic_normalization_parallel_tree_top.sv:0$1141'.
No latch inferred for signal `$paramod$e6d2582358ff6950cc507271baa264b5b8280dfa\logic_normalization_parallel_tree_top.\sum_stage_d[17]' from process `$paramod$e6d2582358ff6950cc507271baa264b5b8280dfa\logic_normalization_parallel_tree_top.$proc$rtl/logic_normalization_parallel_tree_top.sv:0$1141'.
No latch inferred for signal `$paramod$e6d2582358ff6950cc507271baa264b5b8280dfa\logic_normalization_parallel_tree_top.\sum_stage_d[18]' from process `$paramod$e6d2582358ff6950cc507271baa264b5b8280dfa\logic_normalization_parallel_tree_top.$proc$rtl/logic_normalization_parallel_tree_top.sv:0$1141'.
No latch inferred for signal `$paramod$e6d2582358ff6950cc507271baa264b5b8280dfa\logic_normalization_parallel_tree_top.\sum_stage_d[19]' from process `$paramod$e6d2582358ff6950cc507271baa264b5b8280dfa\logic_normalization_parallel_tree_top.$proc$rtl/logic_normalization_parallel_tree_top.sv:0$1141'.
No latch inferred for signal `$paramod$e6d2582358ff6950cc507271baa264b5b8280dfa\logic_normalization_parallel_tree_top.\sum_stage_d[32]' from process `$paramod$e6d2582358ff6950cc507271baa264b5b8280dfa\logic_normalization_parallel_tree_top.$proc$rtl/logic_normalization_parallel_tree_top.sv:0$1141'.
No latch inferred for signal `$paramod$e6d2582358ff6950cc507271baa264b5b8280dfa\logic_normalization_parallel_tree_top.\sum_stage_d[33]' from process `$paramod$e6d2582358ff6950cc507271baa264b5b8280dfa\logic_normalization_parallel_tree_top.$proc$rtl/logic_normalization_parallel_tree_top.sv:0$1141'.
No latch inferred for signal `$paramod$e6d2582358ff6950cc507271baa264b5b8280dfa\logic_normalization_parallel_tree_top.\sum_stage_d[48]' from process `$paramod$e6d2582358ff6950cc507271baa264b5b8280dfa\logic_normalization_parallel_tree_top.$proc$rtl/logic_normalization_parallel_tree_top.sv:0$1141'.
No latch inferred for signal `$paramod$e6d2582358ff6950cc507271baa264b5b8280dfa\logic_normalization_parallel_tree_top.\sumsq_stage_d[0]' from process `$paramod$e6d2582358ff6950cc507271baa264b5b8280dfa\logic_normalization_parallel_tree_top.$proc$rtl/logic_normalization_parallel_tree_top.sv:0$1141'.
No latch inferred for signal `$paramod$e6d2582358ff6950cc507271baa264b5b8280dfa\logic_normalization_parallel_tree_top.\sumsq_stage_d[1]' from process `$paramod$e6d2582358ff6950cc507271baa264b5b8280dfa\logic_normalization_parallel_tree_top.$proc$rtl/logic_normalization_parallel_tree_top.sv:0$1141'.
No latch inferred for signal `$paramod$e6d2582358ff6950cc507271baa264b5b8280dfa\logic_normalization_parallel_tree_top.\sumsq_stage_d[2]' from process `$paramod$e6d2582358ff6950cc507271baa264b5b8280dfa\logic_normalization_parallel_tree_top.$proc$rtl/logic_normalization_parallel_tree_top.sv:0$1141'.
No latch inferred for signal `$paramod$e6d2582358ff6950cc507271baa264b5b8280dfa\logic_normalization_parallel_tree_top.\sumsq_stage_d[3]' from process `$paramod$e6d2582358ff6950cc507271baa264b5b8280dfa\logic_normalization_parallel_tree_top.$proc$rtl/logic_normalization_parallel_tree_top.sv:0$1141'.
No latch inferred for signal `$paramod$e6d2582358ff6950cc507271baa264b5b8280dfa\logic_normalization_parallel_tree_top.\sumsq_stage_d[4]' from process `$paramod$e6d2582358ff6950cc507271baa264b5b8280dfa\logic_normalization_parallel_tree_top.$proc$rtl/logic_normalization_parallel_tree_top.sv:0$1141'.
No latch inferred for signal `$paramod$e6d2582358ff6950cc507271baa264b5b8280dfa\logic_normalization_parallel_tree_top.\sumsq_stage_d[5]' from process `$paramod$e6d2582358ff6950cc507271baa264b5b8280dfa\logic_normalization_parallel_tree_top.$proc$rtl/logic_normalization_parallel_tree_top.sv:0$1141'.
No latch inferred for signal `$paramod$e6d2582358ff6950cc507271baa264b5b8280dfa\logic_normalization_parallel_tree_top.\sumsq_stage_d[6]' from process `$paramod$e6d2582358ff6950cc507271baa264b5b8280dfa\logic_normalization_parallel_tree_top.$proc$rtl/logic_normalization_parallel_tree_top.sv:0$1141'.
No latch inferred for signal `$paramod$e6d2582358ff6950cc507271baa264b5b8280dfa\logic_normalization_parallel_tree_top.\sumsq_stage_d[7]' from process `$paramod$e6d2582358ff6950cc507271baa264b5b8280dfa\logic_normalization_parallel_tree_top.$proc$rtl/logic_normalization_parallel_tree_top.sv:0$1141'.
No latch inferred for signal `$paramod$e6d2582358ff6950cc507271baa264b5b8280dfa\logic_normalization_parallel_tree_top.\sumsq_stage_d[16]' from process `$paramod$e6d2582358ff6950cc507271baa264b5b8280dfa\logic_normalization_parallel_tree_top.$proc$rtl/logic_normalization_parallel_tree_top.sv:0$1141'.
No latch inferred for signal `$paramod$e6d2582358ff6950cc507271baa264b5b8280dfa\logic_normalization_parallel_tree_top.\sumsq_stage_d[17]' from process `$paramod$e6d2582358ff6950cc507271baa264b5b8280dfa\logic_normalization_parallel_tree_top.$proc$rtl/logic_normalization_parallel_tree_top.sv:0$1141'.
No latch inferred for signal `$paramod$e6d2582358ff6950cc507271baa264b5b8280dfa\logic_normalization_parallel_tree_top.\sumsq_stage_d[18]' from process `$paramod$e6d2582358ff6950cc507271baa264b5b8280dfa\logic_normalization_parallel_tree_top.$proc$rtl/logic_normalization_parallel_tree_top.sv:0$1141'.
No latch inferred for signal `$paramod$e6d2582358ff6950cc507271baa264b5b8280dfa\logic_normalization_parallel_tree_top.\sumsq_stage_d[19]' from process `$paramod$e6d2582358ff6950cc507271baa264b5b8280dfa\logic_normalization_parallel_tree_top.$proc$rtl/logic_normalization_parallel_tree_top.sv:0$1141'.
No latch inferred for signal `$paramod$e6d2582358ff6950cc507271baa264b5b8280dfa\logic_normalization_parallel_tree_top.\sumsq_stage_d[32]' from process `$paramod$e6d2582358ff6950cc507271baa264b5b8280dfa\logic_normalization_parallel_tree_top.$proc$rtl/logic_normalization_parallel_tree_top.sv:0$1141'.
No latch inferred for signal `$paramod$e6d2582358ff6950cc507271baa264b5b8280dfa\logic_normalization_parallel_tree_top.\sumsq_stage_d[33]' from process `$paramod$e6d2582358ff6950cc507271baa264b5b8280dfa\logic_normalization_parallel_tree_top.$proc$rtl/logic_normalization_parallel_tree_top.sv:0$1141'.
No latch inferred for signal `$paramod$e6d2582358ff6950cc507271baa264b5b8280dfa\logic_normalization_parallel_tree_top.\sumsq_stage_d[48]' from process `$paramod$e6d2582358ff6950cc507271baa264b5b8280dfa\logic_normalization_parallel_tree_top.$proc$rtl/logic_normalization_parallel_tree_top.sv:0$1141'.
No latch inferred for signal `$paramod$e6d2582358ff6950cc507271baa264b5b8280dfa\logic_normalization_parallel_tree_top.\response_valid_o' from process `$paramod$e6d2582358ff6950cc507271baa264b5b8280dfa\logic_normalization_parallel_tree_top.$proc$rtl/logic_normalization_parallel_tree_top.sv:51$955'.
No latch inferred for signal `$paramod$e6d2582358ff6950cc507271baa264b5b8280dfa\logic_normalization_parallel_tree_top.\response_rms_norm_o' from process `$paramod$e6d2582358ff6950cc507271baa264b5b8280dfa\logic_normalization_parallel_tree_top.$proc$rtl/logic_normalization_parallel_tree_top.sv:51$955'.
No latch inferred for signal `$paramod$e6d2582358ff6950cc507271baa264b5b8280dfa\logic_normalization_parallel_tree_top.\response_tag_o' from process `$paramod$e6d2582358ff6950cc507271baa264b5b8280dfa\logic_normalization_parallel_tree_top.$proc$rtl/logic_normalization_parallel_tree_top.sv:51$955'.
No latch inferred for signal `$paramod$e6d2582358ff6950cc507271baa264b5b8280dfa\logic_normalization_parallel_tree_top.\response_mean_o' from process `$paramod$e6d2582358ff6950cc507271baa264b5b8280dfa\logic_normalization_parallel_tree_top.$proc$rtl/logic_normalization_parallel_tree_top.sv:51$955'.
No latch inferred for signal `$paramod$e6d2582358ff6950cc507271baa264b5b8280dfa\logic_normalization_parallel_tree_top.\response_inv_std_o' from process `$paramod$e6d2582358ff6950cc507271baa264b5b8280dfa\logic_normalization_parallel_tree_top.$proc$rtl/logic_normalization_parallel_tree_top.sv:51$955'.
No latch inferred for signal `$paramod$e6d2582358ff6950cc507271baa264b5b8280dfa\logic_normalization_parallel_tree_top.\response_variance_clamped_o' from process `$paramod$e6d2582358ff6950cc507271baa264b5b8280dfa\logic_normalization_parallel_tree_top.$proc$rtl/logic_normalization_parallel_tree_top.sv:51$955'.
No latch inferred for signal `$paramod$e6d2582358ff6950cc507271baa264b5b8280dfa\logic_normalization_parallel_tree_top.\e_req_v' from process `$paramod$e6d2582358ff6950cc507271baa264b5b8280dfa\logic_normalization_parallel_tree_top.$proc$rtl/logic_normalization_parallel_tree_top.sv:51$955'.
No latch inferred for signal `$paramod$e6d2582358ff6950cc507271baa264b5b8280dfa\logic_normalization_parallel_tree_top.\e_req_mode' from process `$paramod$e6d2582358ff6950cc507271baa264b5b8280dfa\logic_normalization_parallel_tree_top.$proc$rtl/logic_normalization_parallel_tree_top.sv:51$955'.
No latch inferred for signal `$paramod$e6d2582358ff6950cc507271baa264b5b8280dfa\logic_normalization_parallel_tree_top.\e_rsp_r' from process `$paramod$e6d2582358ff6950cc507271baa264b5b8280dfa\logic_normalization_parallel_tree_top.$proc$rtl/logic_normalization_parallel_tree_top.sv:51$955'.
No latch inferred for signal `$paramod$e6d2582358ff6950cc507271baa264b5b8280dfa\logic_normalization_parallel_tree_top.\e_req_tag' from process `$paramod$e6d2582358ff6950cc507271baa264b5b8280dfa\logic_normalization_parallel_tree_top.$proc$rtl/logic_normalization_parallel_tree_top.sv:51$955'.
No latch inferred for signal `$paramod$e6d2582358ff6950cc507271baa264b5b8280dfa\logic_normalization_parallel_tree_top.\e_req_sum' from process `$paramod$e6d2582358ff6950cc507271baa264b5b8280dfa\logic_normalization_parallel_tree_top.$proc$rtl/logic_normalization_parallel_tree_top.sv:51$955'.
No latch inferred for signal `$paramod$e6d2582358ff6950cc507271baa264b5b8280dfa\logic_normalization_parallel_tree_top.\e_req_sumsq' from process `$paramod$e6d2582358ff6950cc507271baa264b5b8280dfa\logic_normalization_parallel_tree_top.$proc$rtl/logic_normalization_parallel_tree_top.sv:51$955'.
No latch inferred for signal `$paramod$e6d2582358ff6950cc507271baa264b5b8280dfa\logic_normalization_parallel_tree_top.\e_req_invh' from process `$paramod$e6d2582358ff6950cc507271baa264b5b8280dfa\logic_normalization_parallel_tree_top.$proc$rtl/logic_normalization_parallel_tree_top.sv:51$955'.
No latch inferred for signal `$paramod$e6d2582358ff6950cc507271baa264b5b8280dfa\logic_normalization_parallel_tree_top.\e_req_eps' from process `$paramod$e6d2582358ff6950cc507271baa264b5b8280dfa\logic_normalization_parallel_tree_top.$proc$rtl/logic_normalization_parallel_tree_top.sv:51$955'.
No latch inferred for signal `$paramod$e6d2582358ff6950cc507271baa264b5b8280dfa\logic_normalization_parallel_tree_top.\alloc_sel' from process `$paramod$e6d2582358ff6950cc507271baa264b5b8280dfa\logic_normalization_parallel_tree_top.$proc$rtl/logic_normalization_parallel_tree_top.sv:51$955'.
No latch inferred for signal `$paramod$e6d2582358ff6950cc507271baa264b5b8280dfa\logic_normalization_parallel_tree_top.\rsp_sel' from process `$paramod$e6d2582358ff6950cc507271baa264b5b8280dfa\logic_normalization_parallel_tree_top.$proc$rtl/logic_normalization_parallel_tree_top.sv:51$955'.
No latch inferred for signal `$paramod$e6d2582358ff6950cc507271baa264b5b8280dfa\logic_normalization_parallel_tree_top.\alloc_found' from process `$paramod$e6d2582358ff6950cc507271baa264b5b8280dfa\logic_normalization_parallel_tree_top.$proc$rtl/logic_normalization_parallel_tree_top.sv:51$955'.
No latch inferred for signal `$paramod$e6d2582358ff6950cc507271baa264b5b8280dfa\logic_normalization_parallel_tree_top.\rsp_found' from process `$paramod$e6d2582358ff6950cc507271baa264b5b8280dfa\logic_normalization_parallel_tree_top.$proc$rtl/logic_normalization_parallel_tree_top.sv:51$955'.
No latch inferred for signal `$paramod$e6d2582358ff6950cc507271baa264b5b8280dfa\logic_normalization_parallel_tree_top.$fordecl_block$410.off' from process `$paramod$e6d2582358ff6950cc507271baa264b5b8280dfa\logic_normalization_parallel_tree_top.$proc$rtl/logic_normalization_parallel_tree_top.sv:51$955'.
No latch inferred for signal `$paramod$e6d2582358ff6950cc507271baa264b5b8280dfa\logic_normalization_parallel_tree_top.$fordecl_block$410.$for_loop$411[0].$unnamed_block$412.idx' from process `$paramod$e6d2582358ff6950cc507271baa264b5b8280dfa\logic_normalization_parallel_tree_top.$proc$rtl/logic_normalization_parallel_tree_top.sv:51$955'.
No latch inferred for signal `$paramod$e6d2582358ff6950cc507271baa264b5b8280dfa\logic_normalization_parallel_tree_top.$fordecl_block$410.$for_loop$411[1].$unnamed_block$412.idx' from process `$paramod$e6d2582358ff6950cc507271baa264b5b8280dfa\logic_normalization_parallel_tree_top.$proc$rtl/logic_normalization_parallel_tree_top.sv:51$955'.
No latch inferred for signal `$paramod$e6d2582358ff6950cc507271baa264b5b8280dfa\logic_normalization_parallel_tree_top.$fordecl_block$410.$for_loop$411[2].$unnamed_block$412.idx' from process `$paramod$e6d2582358ff6950cc507271baa264b5b8280dfa\logic_normalization_parallel_tree_top.$proc$rtl/logic_normalization_parallel_tree_top.sv:51$955'.
No latch inferred for signal `$paramod$e6d2582358ff6950cc507271baa264b5b8280dfa\logic_normalization_parallel_tree_top.$fordecl_block$410.$for_loop$411[3].$unnamed_block$412.idx' from process `$paramod$e6d2582358ff6950cc507271baa264b5b8280dfa\logic_normalization_parallel_tree_top.$proc$rtl/logic_normalization_parallel_tree_top.sv:51$955'.
No latch inferred for signal `$paramod$e6d2582358ff6950cc507271baa264b5b8280dfa\logic_normalization_parallel_tree_top.$fordecl_block$410.$for_loop$411[4].$unnamed_block$412.idx' from process `$paramod$e6d2582358ff6950cc507271baa264b5b8280dfa\logic_normalization_parallel_tree_top.$proc$rtl/logic_normalization_parallel_tree_top.sv:51$955'.
No latch inferred for signal `$paramod$e6d2582358ff6950cc507271baa264b5b8280dfa\logic_normalization_parallel_tree_top.$fordecl_block$410.$for_loop$411[5].$unnamed_block$412.idx' from process `$paramod$e6d2582358ff6950cc507271baa264b5b8280dfa\logic_normalization_parallel_tree_top.$proc$rtl/logic_normalization_parallel_tree_top.sv:51$955'.
No latch inferred for signal `$paramod$e6d2582358ff6950cc507271baa264b5b8280dfa\logic_normalization_parallel_tree_top.$fordecl_block$410.$for_loop$411[6].$unnamed_block$412.idx' from process `$paramod$e6d2582358ff6950cc507271baa264b5b8280dfa\logic_normalization_parallel_tree_top.$proc$rtl/logic_normalization_parallel_tree_top.sv:51$955'.
No latch inferred for signal `$paramod$e6d2582358ff6950cc507271baa264b5b8280dfa\logic_normalization_parallel_tree_top.$fordecl_block$410.$for_loop$411[7].$unnamed_block$412.idx' from process `$paramod$e6d2582358ff6950cc507271baa264b5b8280dfa\logic_normalization_parallel_tree_top.$proc$rtl/logic_normalization_parallel_tree_top.sv:51$955'.
No latch inferred for signal `$paramod$e6d2582358ff6950cc507271baa264b5b8280dfa\logic_normalization_parallel_tree_top.$fordecl_block$413.off' from process `$paramod$e6d2582358ff6950cc507271baa264b5b8280dfa\logic_normalization_parallel_tree_top.$proc$rtl/logic_normalization_parallel_tree_top.sv:51$955'.
No latch inferred for signal `$paramod$e6d2582358ff6950cc507271baa264b5b8280dfa\logic_normalization_parallel_tree_top.$fordecl_block$413.$for_loop$414[0].$unnamed_block$415.idx' from process `$paramod$e6d2582358ff6950cc507271baa264b5b8280dfa\logic_normalization_parallel_tree_top.$proc$rtl/logic_normalization_parallel_tree_top.sv:51$955'.
No latch inferred for signal `$paramod$e6d2582358ff6950cc507271baa264b5b8280dfa\logic_normalization_parallel_tree_top.$fordecl_block$413.$for_loop$414[1].$unnamed_block$415.idx' from process `$paramod$e6d2582358ff6950cc507271baa264b5b8280dfa\logic_normalization_parallel_tree_top.$proc$rtl/logic_normalization_parallel_tree_top.sv:51$955'.
No latch inferred for signal `$paramod$e6d2582358ff6950cc507271baa264b5b8280dfa\logic_normalization_parallel_tree_top.$fordecl_block$413.$for_loop$414[2].$unnamed_block$415.idx' from process `$paramod$e6d2582358ff6950cc507271baa264b5b8280dfa\logic_normalization_parallel_tree_top.$proc$rtl/logic_normalization_parallel_tree_top.sv:51$955'.
No latch inferred for signal `$paramod$e6d2582358ff6950cc507271baa264b5b8280dfa\logic_normalization_parallel_tree_top.$fordecl_block$413.$for_loop$414[3].$unnamed_block$415.idx' from process `$paramod$e6d2582358ff6950cc507271baa264b5b8280dfa\logic_normalization_parallel_tree_top.$proc$rtl/logic_normalization_parallel_tree_top.sv:51$955'.
No latch inferred for signal `$paramod$e6d2582358ff6950cc507271baa264b5b8280dfa\logic_normalization_parallel_tree_top.$fordecl_block$413.$for_loop$414[4].$unnamed_block$415.idx' from process `$paramod$e6d2582358ff6950cc507271baa264b5b8280dfa\logic_normalization_parallel_tree_top.$proc$rtl/logic_normalization_parallel_tree_top.sv:51$955'.
No latch inferred for signal `$paramod$e6d2582358ff6950cc507271baa264b5b8280dfa\logic_normalization_parallel_tree_top.$fordecl_block$413.$for_loop$414[5].$unnamed_block$415.idx' from process `$paramod$e6d2582358ff6950cc507271baa264b5b8280dfa\logic_normalization_parallel_tree_top.$proc$rtl/logic_normalization_parallel_tree_top.sv:51$955'.
No latch inferred for signal `$paramod$e6d2582358ff6950cc507271baa264b5b8280dfa\logic_normalization_parallel_tree_top.$fordecl_block$413.$for_loop$414[6].$unnamed_block$415.idx' from process `$paramod$e6d2582358ff6950cc507271baa264b5b8280dfa\logic_normalization_parallel_tree_top.$proc$rtl/logic_normalization_parallel_tree_top.sv:51$955'.
No latch inferred for signal `$paramod$e6d2582358ff6950cc507271baa264b5b8280dfa\logic_normalization_parallel_tree_top.$fordecl_block$413.$for_loop$414[7].$unnamed_block$415.idx' from process `$paramod$e6d2582358ff6950cc507271baa264b5b8280dfa\logic_normalization_parallel_tree_top.$proc$rtl/logic_normalization_parallel_tree_top.sv:51$955'.
No latch inferred for signal `$paramod$e6d2582358ff6950cc507271baa264b5b8280dfa\logic_normalization_parallel_tree_top.$bitselwrite$pos$rtl/logic_normalization_parallel_tree_top.sv:62$949' from process `$paramod$e6d2582358ff6950cc507271baa264b5b8280dfa\logic_normalization_parallel_tree_top.$proc$rtl/logic_normalization_parallel_tree_top.sv:51$955'.
No latch inferred for signal `$paramod$e6d2582358ff6950cc507271baa264b5b8280dfa\logic_normalization_parallel_tree_top.$bitselwrite$pos$rtl/logic_normalization_parallel_tree_top.sv:74$950' from process `$paramod$e6d2582358ff6950cc507271baa264b5b8280dfa\logic_normalization_parallel_tree_top.$proc$rtl/logic_normalization_parallel_tree_top.sv:51$955'.
No latch inferred for signal `$paramod$865746d0c425e5bff1afb43fc0ca954cd0aab93f\logic_normalization_bank_barrier.\row_fire' from process `$paramod$865746d0c425e5bff1afb43fc0ca954cd0aab93f\logic_normalization_bank_barrier.$proc$rtl/logic_normalization_bank_barrier.sv:25$796'.
No latch inferred for signal `$paramod$865746d0c425e5bff1afb43fc0ca954cd0aab93f\logic_normalization_bank_barrier.\config_ready_o' from process `$paramod$865746d0c425e5bff1afb43fc0ca954cd0aab93f\logic_normalization_bank_barrier.$proc$rtl/logic_normalization_bank_barrier.sv:25$796'.
No latch inferred for signal `$paramod$865746d0c425e5bff1afb43fc0ca954cd0aab93f\logic_normalization_bank_barrier.\bank_ready_o' from process `$paramod$865746d0c425e5bff1afb43fc0ca954cd0aab93f\logic_normalization_bank_barrier.$proc$rtl/logic_normalization_bank_barrier.sv:25$796'.
No latch inferred for signal `$paramod$865746d0c425e5bff1afb43fc0ca954cd0aab93f\logic_normalization_bank_barrier.\row_valid_o' from process `$paramod$865746d0c425e5bff1afb43fc0ca954cd0aab93f\logic_normalization_bank_barrier.$proc$rtl/logic_normalization_bank_barrier.sv:25$796'.
No latch inferred for signal `$paramod$865746d0c425e5bff1afb43fc0ca954cd0aab93f\logic_normalization_bank_barrier.\row_rms_norm_o' from process `$paramod$865746d0c425e5bff1afb43fc0ca954cd0aab93f\logic_normalization_bank_barrier.$proc$rtl/logic_normalization_bank_barrier.sv:25$796'.
No latch inferred for signal `$paramod$865746d0c425e5bff1afb43fc0ca954cd0aab93f\logic_normalization_bank_barrier.\row_tag_o' from process `$paramod$865746d0c425e5bff1afb43fc0ca954cd0aab93f\logic_normalization_bank_barrier.$proc$rtl/logic_normalization_bank_barrier.sv:25$796'.
No latch inferred for signal `$paramod$865746d0c425e5bff1afb43fc0ca954cd0aab93f\logic_normalization_bank_barrier.\row_bank_mask_o' from process `$paramod$865746d0c425e5bff1afb43fc0ca954cd0aab93f\logic_normalization_bank_barrier.$proc$rtl/logic_normalization_bank_barrier.sv:25$796'.
No latch inferred for signal `$paramod$865746d0c425e5bff1afb43fc0ca954cd0aab93f\logic_normalization_bank_barrier.\row_partial_sum_o' from process `$paramod$865746d0c425e5bff1afb43fc0ca954cd0aab93f\logic_normalization_bank_barrier.$proc$rtl/logic_normalization_bank_barrier.sv:25$796'.
No latch inferred for signal `$paramod$865746d0c425e5bff1afb43fc0ca954cd0aab93f\logic_normalization_bank_barrier.\row_partial_sumsq_o' from process `$paramod$865746d0c425e5bff1afb43fc0ca954cd0aab93f\logic_normalization_bank_barrier.$proc$rtl/logic_normalization_bank_barrier.sv:25$796'.
No latch inferred for signal `$paramod$865746d0c425e5bff1afb43fc0ca954cd0aab93f\logic_normalization_bank_barrier.\row_inv_hidden_o' from process `$paramod$865746d0c425e5bff1afb43fc0ca954cd0aab93f\logic_normalization_bank_barrier.$proc$rtl/logic_normalization_bank_barrier.sv:25$796'.
No latch inferred for signal `$paramod$865746d0c425e5bff1afb43fc0ca954cd0aab93f\logic_normalization_bank_barrier.\row_epsilon_o' from process `$paramod$865746d0c425e5bff1afb43fc0ca954cd0aab93f\logic_normalization_bank_barrier.$proc$rtl/logic_normalization_bank_barrier.sv:25$796'.
No latch inferred for signal `$paramod$865746d0c425e5bff1afb43fc0ca954cd0aab93f\logic_normalization_bank_barrier.\tag_mismatch_error_o' from process `$paramod$865746d0c425e5bff1afb43fc0ca954cd0aab93f\logic_normalization_bank_barrier.$proc$rtl/logic_normalization_bank_barrier.sv:25$796'.
No latch inferred for signal `$paramod$865746d0c425e5bff1afb43fc0ca954cd0aab93f\logic_normalization_bank_barrier.\unexpected_bank_error_o' from process `$paramod$865746d0c425e5bff1afb43fc0ca954cd0aab93f\logic_normalization_bank_barrier.$proc$rtl/logic_normalization_bank_barrier.sv:25$796'.
No latch inferred for signal `$paramod$865746d0c425e5bff1afb43fc0ca954cd0aab93f\logic_normalization_bank_barrier.\all_present' from process `$paramod$865746d0c425e5bff1afb43fc0ca954cd0aab93f\logic_normalization_bank_barrier.$proc$rtl/logic_normalization_bank_barrier.sv:25$796'.
No latch inferred for signal `$paramod$865746d0c425e5bff1afb43fc0ca954cd0aab93f\logic_normalization_bank_barrier.\tags_match' from process `$paramod$865746d0c425e5bff1afb43fc0ca954cd0aab93f\logic_normalization_bank_barrier.$proc$rtl/logic_normalization_bank_barrier.sv:25$796'.
No latch inferred for signal `$paramod$865746d0c425e5bff1afb43fc0ca954cd0aab93f\logic_normalization_bank_barrier.\config_fire' from process `$paramod$865746d0c425e5bff1afb43fc0ca954cd0aab93f\logic_normalization_bank_barrier.$proc$rtl/logic_normalization_bank_barrier.sv:25$796'.
No latch inferred for signal `$paramod$865746d0c425e5bff1afb43fc0ca954cd0aab93f\logic_normalization_bank_barrier.$fordecl_block$705.b' from process `$paramod$865746d0c425e5bff1afb43fc0ca954cd0aab93f\logic_normalization_bank_barrier.$proc$rtl/logic_normalization_bank_barrier.sv:25$796'.
No latch inferred for signal `\fp16_mul.\result_o' from process `\fp16_mul.$proc$rtl/fp16_mul.sv:16$143'.
No latch inferred for signal `\fp16_mul.\round_up' from process `\fp16_mul.$proc$rtl/fp16_mul.sv:16$143'.
No latch inferred for signal `\fp16_mul.\lhs_exp' from process `\fp16_mul.$proc$rtl/fp16_mul.sv:16$143'.
No latch inferred for signal `\fp16_mul.\rhs_exp' from process `\fp16_mul.$proc$rtl/fp16_mul.sv:16$143'.
No latch inferred for signal `\fp16_mul.\lhs_frac' from process `\fp16_mul.$proc$rtl/fp16_mul.sv:16$143'.
No latch inferred for signal `\fp16_mul.\rhs_frac' from process `\fp16_mul.$proc$rtl/fp16_mul.sv:16$143'.
No latch inferred for signal `\fp16_mul.\lhs_sig' from process `\fp16_mul.$proc$rtl/fp16_mul.sv:16$143'.
No latch inferred for signal `\fp16_mul.\rhs_sig' from process `\fp16_mul.$proc$rtl/fp16_mul.sv:16$143'.
No latch inferred for signal `\fp16_mul.\sign' from process `\fp16_mul.$proc$rtl/fp16_mul.sv:16$143'.
No latch inferred for signal `\fp16_mul.\product' from process `\fp16_mul.$proc$rtl/fp16_mul.sv:16$143'.
No latch inferred for signal `\fp16_mul.\magnitude' from process `\fp16_mul.$proc$rtl/fp16_mul.sv:16$143'.
No latch inferred for signal `\fp16_mul.\rounded_wide' from process `\fp16_mul.$proc$rtl/fp16_mul.sv:16$143'.
No latch inferred for signal `\fp16_mul.\low_mask' from process `\fp16_mul.$proc$rtl/fp16_mul.sv:16$143'.
No latch inferred for signal `\fp16_mul.\result_exp_field' from process `\fp16_mul.$proc$rtl/fp16_mul.sv:16$143'.
No latch inferred for signal `\fp16_mul.\lhs_unbiased' from process `\fp16_mul.$proc$rtl/fp16_mul.sv:16$143'.
No latch inferred for signal `\fp16_mul.\rhs_unbiased' from process `\fp16_mul.$proc$rtl/fp16_mul.sv:16$143'.
No latch inferred for signal `\fp16_mul.\exponent' from process `\fp16_mul.$proc$rtl/fp16_mul.sv:16$143'.
No latch inferred for signal `\fp16_mul.\msb_index' from process `\fp16_mul.$proc$rtl/fp16_mul.sv:16$143'.
No latch inferred for signal `\fp16_mul.$fordecl_block$141.bit_index' from process `\fp16_mul.$proc$rtl/fp16_mul.sv:16$143'.
Latch inferred for signal `\fp16_mul.\shift_amount' from process `\fp16_mul.$proc$rtl/fp16_mul.sv:16$143': $auto$proc_dlatch.cc:432:proc_dlatch$3561
No latch inferred for signal `\fp16_add.\result_o' from process `\fp16_add.$proc$rtl/fp16_add.sv:28$3'.
No latch inferred for signal `\fp16_add.\lhs_sign' from process `\fp16_add.$proc$rtl/fp16_add.sv:28$3'.
No latch inferred for signal `\fp16_add.\rhs_sign' from process `\fp16_add.$proc$rtl/fp16_add.sv:28$3'.
No latch inferred for signal `\fp16_add.\large_sign' from process `\fp16_add.$proc$rtl/fp16_add.sv:28$3'.
No latch inferred for signal `\fp16_add.\small_sign' from process `\fp16_add.$proc$rtl/fp16_add.sv:28$3'.
No latch inferred for signal `\fp16_add.\result_sign' from process `\fp16_add.$proc$rtl/fp16_add.sv:28$3'.
No latch inferred for signal `\fp16_add.\round_up' from process `\fp16_add.$proc$rtl/fp16_add.sv:28$3'.
No latch inferred for signal `\fp16_add.\lhs_exp' from process `\fp16_add.$proc$rtl/fp16_add.sv:28$3'.
No latch inferred for signal `\fp16_add.\rhs_exp' from process `\fp16_add.$proc$rtl/fp16_add.sv:28$3'.
No latch inferred for signal `\fp16_add.\large_exp' from process `\fp16_add.$proc$rtl/fp16_add.sv:28$3'.
No latch inferred for signal `\fp16_add.\small_exp' from process `\fp16_add.$proc$rtl/fp16_add.sv:28$3'.
No latch inferred for signal `\fp16_add.\lhs_frac' from process `\fp16_add.$proc$rtl/fp16_add.sv:28$3'.
No latch inferred for signal `\fp16_add.\rhs_frac' from process `\fp16_add.$proc$rtl/fp16_add.sv:28$3'.
No latch inferred for signal `\fp16_add.\lhs_sig' from process `\fp16_add.$proc$rtl/fp16_add.sv:28$3'.
No latch inferred for signal `\fp16_add.\rhs_sig' from process `\fp16_add.$proc$rtl/fp16_add.sv:28$3'.
No latch inferred for signal `\fp16_add.\large_sig' from process `\fp16_add.$proc$rtl/fp16_add.sv:28$3'.
No latch inferred for signal `\fp16_add.\small_sig' from process `\fp16_add.$proc$rtl/fp16_add.sv:28$3'.
No latch inferred for signal `\fp16_add.\large_ext' from process `\fp16_add.$proc$rtl/fp16_add.sv:28$3'.
No latch inferred for signal `\fp16_add.\small_ext' from process `\fp16_add.$proc$rtl/fp16_add.sv:28$3'.
No latch inferred for signal `\fp16_add.\magnitude_ext' from process `\fp16_add.$proc$rtl/fp16_add.sv:28$3'.
No latch inferred for signal `\fp16_add.\add_ext' from process `\fp16_add.$proc$rtl/fp16_add.sv:28$3'.
No latch inferred for signal `\fp16_add.\rounded_sig' from process `\fp16_add.$proc$rtl/fp16_add.sv:28$3'.
No latch inferred for signal `\fp16_add.\result_exp' from process `\fp16_add.$proc$rtl/fp16_add.sv:28$3'.
No latch inferred for signal `\fp16_add.\shift_amount' from process `\fp16_add.$proc$rtl/fp16_add.sv:28$3'.
No latch inferred for signal `\fp16_add.\normalize_step' from process `\fp16_add.$proc$rtl/fp16_add.sv:28$3'.
No latch inferred for signal `\fp16_add.\shift_right_sticky$func$rtl/fp16_add.sv:47$2.$result' from process `\fp16_add.$proc$rtl/fp16_add.sv:28$3'.
No latch inferred for signal `\fp16_add.\shift_right_sticky$func$rtl/fp16_add.sv:47$2.value' from process `\fp16_add.$proc$rtl/fp16_add.sv:28$3'.
No latch inferred for signal `\fp16_add.\shift_right_sticky$func$rtl/fp16_add.sv:47$2.amount' from process `\fp16_add.$proc$rtl/fp16_add.sv:28$3'.
No latch inferred for signal `\fp16_add.\shift_right_sticky$func$rtl/fp16_add.sv:47$2.sticky' from process `\fp16_add.$proc$rtl/fp16_add.sv:28$3'.

11.2.9. Executing PROC_DFF pass (convert process syncs to FFs).
Creating register for signal `$paramod$e6d2582358ff6950cc507271baa264b5b8280dfa\logic_normalization_parallel_tree_top.\allocation_error_o' using process `$paramod$e6d2582358ff6950cc507271baa264b5b8280dfa\logic_normalization_parallel_tree_top.$proc$rtl/logic_normalization_parallel_tree_top.sv:77$1088'.
  created $adff cell `$procdff$3566' with positive edge clock and positive level reset.
Creating register for signal `$paramod$e6d2582358ff6950cc507271baa264b5b8280dfa\logic_normalization_parallel_tree_top.\valid_pipe_q' using process `$paramod$e6d2582358ff6950cc507271baa264b5b8280dfa\logic_normalization_parallel_tree_top.$proc$rtl/logic_normalization_parallel_tree_top.sv:77$1088'.
  created $adff cell `$procdff$3571' with positive edge clock and positive level reset.
Creating register for signal `$paramod$e6d2582358ff6950cc507271baa264b5b8280dfa\logic_normalization_parallel_tree_top.\mode_pipe_q' using process `$paramod$e6d2582358ff6950cc507271baa264b5b8280dfa\logic_normalization_parallel_tree_top.$proc$rtl/logic_normalization_parallel_tree_top.sv:77$1088'.
  created $adff cell `$procdff$3576' with positive edge clock and positive level reset.
Creating register for signal `$paramod$e6d2582358ff6950cc507271baa264b5b8280dfa\logic_normalization_parallel_tree_top.\tag_pipe_q' using process `$paramod$e6d2582358ff6950cc507271baa264b5b8280dfa\logic_normalization_parallel_tree_top.$proc$rtl/logic_normalization_parallel_tree_top.sv:77$1088'.
  created $adff cell `$procdff$3581' with positive edge clock and positive level reset.
Creating register for signal `$paramod$e6d2582358ff6950cc507271baa264b5b8280dfa\logic_normalization_parallel_tree_top.\invh_pipe_q' using process `$paramod$e6d2582358ff6950cc507271baa264b5b8280dfa\logic_normalization_parallel_tree_top.$proc$rtl/logic_normalization_parallel_tree_top.sv:77$1088'.
  created $adff cell `$procdff$3586' with positive edge clock and positive level reset.
Creating register for signal `$paramod$e6d2582358ff6950cc507271baa264b5b8280dfa\logic_normalization_parallel_tree_top.\eps_pipe_q' using process `$paramod$e6d2582358ff6950cc507271baa264b5b8280dfa\logic_normalization_parallel_tree_top.$proc$rtl/logic_normalization_parallel_tree_top.sv:77$1088'.
  created $adff cell `$procdff$3591' with positive edge clock and positive level reset.
Creating register for signal `$paramod$e6d2582358ff6950cc507271baa264b5b8280dfa\logic_normalization_parallel_tree_top.\alloc_rr_q' using process `$paramod$e6d2582358ff6950cc507271baa264b5b8280dfa\logic_normalization_parallel_tree_top.$proc$rtl/logic_normalization_parallel_tree_top.sv:77$1088'.
  created $adff cell `$procdff$3596' with positive edge clock and positive level reset.
Creating register for signal `$paramod$e6d2582358ff6950cc507271baa264b5b8280dfa\logic_normalization_parallel_tree_top.\rsp_rr_q' using process `$paramod$e6d2582358ff6950cc507271baa264b5b8280dfa\logic_normalization_parallel_tree_top.$proc$rtl/logic_normalization_parallel_tree_top.sv:77$1088'.
  created $adff cell `$procdff$3601' with positive edge clock and positive level reset.
Creating register for signal `$paramod$e6d2582358ff6950cc507271baa264b5b8280dfa\logic_normalization_parallel_tree_top.\outstanding_q' using process `$paramod$e6d2582358ff6950cc507271baa264b5b8280dfa\logic_normalization_parallel_tree_top.$proc$rtl/logic_normalization_parallel_tree_top.sv:77$1088'.
  created $adff cell `$procdff$3606' with positive edge clock and positive level reset.
Creating register for signal `$paramod$e6d2582358ff6950cc507271baa264b5b8280dfa\logic_normalization_parallel_tree_top.$fordecl_block$416.l' using process `$paramod$e6d2582358ff6950cc507271baa264b5b8280dfa\logic_normalization_parallel_tree_top.$proc$rtl/logic_normalization_parallel_tree_top.sv:77$1088'.
  created $dff cell `$procdff$3613' with positive edge clock.
Creating register for signal `$paramod$e6d2582358ff6950cc507271baa264b5b8280dfa\logic_normalization_parallel_tree_top.$fordecl_block$418.l' using process `$paramod$e6d2582358ff6950cc507271baa264b5b8280dfa\logic_normalization_parallel_tree_top.$proc$rtl/logic_normalization_parallel_tree_top.sv:77$1088'.
  created $dff cell `$procdff$3620' with positive edge clock.
Creating register for signal `$paramod$e6d2582358ff6950cc507271baa264b5b8280dfa\logic_normalization_parallel_tree_top.$fordecl_block$418.$for_loop$419[0].$fordecl_block$420.n' using process `$paramod$e6d2582358ff6950cc507271baa264b5b8280dfa\logic_normalization_parallel_tree_top.$proc$rtl/logic_normalization_parallel_tree_top.sv:77$1088'.
  created $dff cell `$procdff$3627' with positive edge clock.
Creating register for signal `$paramod$e6d2582358ff6950cc507271baa264b5b8280dfa\logic_normalization_parallel_tree_top.$fordecl_block$418.$for_loop$419[1].$fordecl_block$420.n' using process `$paramod$e6d2582358ff6950cc507271baa264b5b8280dfa\logic_normalization_parallel_tree_top.$proc$rtl/logic_normalization_parallel_tree_top.sv:77$1088'.
  created $dff cell `$procdff$3634' with positive edge clock.
Creating register for signal `$paramod$e6d2582358ff6950cc507271baa264b5b8280dfa\logic_normalization_parallel_tree_top.$fordecl_block$418.$for_loop$419[2].$fordecl_block$420.n' using process `$paramod$e6d2582358ff6950cc507271baa264b5b8280dfa\logic_normalization_parallel_tree_top.$proc$rtl/logic_normalization_parallel_tree_top.sv:77$1088'.
  created $dff cell `$procdff$3641' with positive edge clock.
Creating register for signal `$paramod$e6d2582358ff6950cc507271baa264b5b8280dfa\logic_normalization_parallel_tree_top.$fordecl_block$418.$for_loop$419[3].$fordecl_block$420.n' using process `$paramod$e6d2582358ff6950cc507271baa264b5b8280dfa\logic_normalization_parallel_tree_top.$proc$rtl/logic_normalization_parallel_tree_top.sv:77$1088'.
  created $dff cell `$procdff$3648' with positive edge clock.
Creating register for signal `$paramod$e6d2582358ff6950cc507271baa264b5b8280dfa\logic_normalization_parallel_tree_top.\sum_stage_q[0]' using process `$paramod$e6d2582358ff6950cc507271baa264b5b8280dfa\logic_normalization_parallel_tree_top.$proc$rtl/logic_normalization_parallel_tree_top.sv:77$1088'.
  created $dff cell `$procdff$3655' with positive edge clock.
Creating register for signal `$paramod$e6d2582358ff6950cc507271baa264b5b8280dfa\logic_normalization_parallel_tree_top.\sum_stage_q[1]' using process `$paramod$e6d2582358ff6950cc507271baa264b5b8280dfa\logic_normalization_parallel_tree_top.$proc$rtl/logic_normalization_parallel_tree_top.sv:77$1088'.
  created $dff cell `$procdff$3662' with positive edge clock.
Creating register for signal `$paramod$e6d2582358ff6950cc507271baa264b5b8280dfa\logic_normalization_parallel_tree_top.\sum_stage_q[2]' using process `$paramod$e6d2582358ff6950cc507271baa264b5b8280dfa\logic_normalization_parallel_tree_top.$proc$rtl/logic_normalization_parallel_tree_top.sv:77$1088'.
  created $dff cell `$procdff$3669' with positive edge clock.
Creating register for signal `$paramod$e6d2582358ff6950cc507271baa264b5b8280dfa\logic_normalization_parallel_tree_top.\sum_stage_q[3]' using process `$paramod$e6d2582358ff6950cc507271baa264b5b8280dfa\logic_normalization_parallel_tree_top.$proc$rtl/logic_normalization_parallel_tree_top.sv:77$1088'.
  created $dff cell `$procdff$3676' with positive edge clock.
Creating register for signal `$paramod$e6d2582358ff6950cc507271baa264b5b8280dfa\logic_normalization_parallel_tree_top.\sum_stage_q[4]' using process `$paramod$e6d2582358ff6950cc507271baa264b5b8280dfa\logic_normalization_parallel_tree_top.$proc$rtl/logic_normalization_parallel_tree_top.sv:77$1088'.
  created $dff cell `$procdff$3683' with positive edge clock.
Creating register for signal `$paramod$e6d2582358ff6950cc507271baa264b5b8280dfa\logic_normalization_parallel_tree_top.\sum_stage_q[5]' using process `$paramod$e6d2582358ff6950cc507271baa264b5b8280dfa\logic_normalization_parallel_tree_top.$proc$rtl/logic_normalization_parallel_tree_top.sv:77$1088'.
  created $dff cell `$procdff$3690' with positive edge clock.
Creating register for signal `$paramod$e6d2582358ff6950cc507271baa264b5b8280dfa\logic_normalization_parallel_tree_top.\sum_stage_q[6]' using process `$paramod$e6d2582358ff6950cc507271baa264b5b8280dfa\logic_normalization_parallel_tree_top.$proc$rtl/logic_normalization_parallel_tree_top.sv:77$1088'.
  created $dff cell `$procdff$3697' with positive edge clock.
Creating register for signal `$paramod$e6d2582358ff6950cc507271baa264b5b8280dfa\logic_normalization_parallel_tree_top.\sum_stage_q[7]' using process `$paramod$e6d2582358ff6950cc507271baa264b5b8280dfa\logic_normalization_parallel_tree_top.$proc$rtl/logic_normalization_parallel_tree_top.sv:77$1088'.
  created $dff cell `$procdff$3704' with positive edge clock.
Creating register for signal `$paramod$e6d2582358ff6950cc507271baa264b5b8280dfa\logic_normalization_parallel_tree_top.\sum_stage_q[16]' using process `$paramod$e6d2582358ff6950cc507271baa264b5b8280dfa\logic_normalization_parallel_tree_top.$proc$rtl/logic_normalization_parallel_tree_top.sv:77$1088'.
  created $dff cell `$procdff$3711' with positive edge clock.
Creating register for signal `$paramod$e6d2582358ff6950cc507271baa264b5b8280dfa\logic_normalization_parallel_tree_top.\sum_stage_q[17]' using process `$paramod$e6d2582358ff6950cc507271baa264b5b8280dfa\logic_normalization_parallel_tree_top.$proc$rtl/logic_normalization_parallel_tree_top.sv:77$1088'.
  created $dff cell `$procdff$3718' with positive edge clock.
Creating register for signal `$paramod$e6d2582358ff6950cc507271baa264b5b8280dfa\logic_normalization_parallel_tree_top.\sum_stage_q[18]' using process `$paramod$e6d2582358ff6950cc507271baa264b5b8280dfa\logic_normalization_parallel_tree_top.$proc$rtl/logic_normalization_parallel_tree_top.sv:77$1088'.
  created $dff cell `$procdff$3725' with positive edge clock.
Creating register for signal `$paramod$e6d2582358ff6950cc507271baa264b5b8280dfa\logic_normalization_parallel_tree_top.\sum_stage_q[19]' using process `$paramod$e6d2582358ff6950cc507271baa264b5b8280dfa\logic_normalization_parallel_tree_top.$proc$rtl/logic_normalization_parallel_tree_top.sv:77$1088'.
  created $dff cell `$procdff$3732' with positive edge clock.
Creating register for signal `$paramod$e6d2582358ff6950cc507271baa264b5b8280dfa\logic_normalization_parallel_tree_top.\sum_stage_q[32]' using process `$paramod$e6d2582358ff6950cc507271baa264b5b8280dfa\logic_normalization_parallel_tree_top.$proc$rtl/logic_normalization_parallel_tree_top.sv:77$1088'.
  created $dff cell `$procdff$3739' with positive edge clock.
Creating register for signal `$paramod$e6d2582358ff6950cc507271baa264b5b8280dfa\logic_normalization_parallel_tree_top.\sum_stage_q[33]' using process `$paramod$e6d2582358ff6950cc507271baa264b5b8280dfa\logic_normalization_parallel_tree_top.$proc$rtl/logic_normalization_parallel_tree_top.sv:77$1088'.
  created $dff cell `$procdff$3746' with positive edge clock.
Creating register for signal `$paramod$e6d2582358ff6950cc507271baa264b5b8280dfa\logic_normalization_parallel_tree_top.\sum_stage_q[48]' using process `$paramod$e6d2582358ff6950cc507271baa264b5b8280dfa\logic_normalization_parallel_tree_top.$proc$rtl/logic_normalization_parallel_tree_top.sv:77$1088'.
  created $dff cell `$procdff$3753' with positive edge clock.
Creating register for signal `$paramod$e6d2582358ff6950cc507271baa264b5b8280dfa\logic_normalization_parallel_tree_top.\sumsq_stage_q[0]' using process `$paramod$e6d2582358ff6950cc507271baa264b5b8280dfa\logic_normalization_parallel_tree_top.$proc$rtl/logic_normalization_parallel_tree_top.sv:77$1088'.
  created $dff cell `$procdff$3760' with positive edge clock.
Creating register for signal `$paramod$e6d2582358ff6950cc507271baa264b5b8280dfa\logic_normalization_parallel_tree_top.\sumsq_stage_q[1]' using process `$paramod$e6d2582358ff6950cc507271baa264b5b8280dfa\logic_normalization_parallel_tree_top.$proc$rtl/logic_normalization_parallel_tree_top.sv:77$1088'.
  created $dff cell `$procdff$3767' with positive edge clock.
Creating register for signal `$paramod$e6d2582358ff6950cc507271baa264b5b8280dfa\logic_normalization_parallel_tree_top.\sumsq_stage_q[2]' using process `$paramod$e6d2582358ff6950cc507271baa264b5b8280dfa\logic_normalization_parallel_tree_top.$proc$rtl/logic_normalization_parallel_tree_top.sv:77$1088'.
  created $dff cell `$procdff$3774' with positive edge clock.
Creating register for signal `$paramod$e6d2582358ff6950cc507271baa264b5b8280dfa\logic_normalization_parallel_tree_top.\sumsq_stage_q[3]' using process `$paramod$e6d2582358ff6950cc507271baa264b5b8280dfa\logic_normalization_parallel_tree_top.$proc$rtl/logic_normalization_parallel_tree_top.sv:77$1088'.
  created $dff cell `$procdff$3781' with positive edge clock.
Creating register for signal `$paramod$e6d2582358ff6950cc507271baa264b5b8280dfa\logic_normalization_parallel_tree_top.\sumsq_stage_q[4]' using process `$paramod$e6d2582358ff6950cc507271baa264b5b8280dfa\logic_normalization_parallel_tree_top.$proc$rtl/logic_normalization_parallel_tree_top.sv:77$1088'.
  created $dff cell `$procdff$3788' with positive edge clock.
Creating register for signal `$paramod$e6d2582358ff6950cc507271baa264b5b8280dfa\logic_normalization_parallel_tree_top.\sumsq_stage_q[5]' using process `$paramod$e6d2582358ff6950cc507271baa264b5b8280dfa\logic_normalization_parallel_tree_top.$proc$rtl/logic_normalization_parallel_tree_top.sv:77$1088'.
  created $dff cell `$procdff$3795' with positive edge clock.
Creating register for signal `$paramod$e6d2582358ff6950cc507271baa264b5b8280dfa\logic_normalization_parallel_tree_top.\sumsq_stage_q[6]' using process `$paramod$e6d2582358ff6950cc507271baa264b5b8280dfa\logic_normalization_parallel_tree_top.$proc$rtl/logic_normalization_parallel_tree_top.sv:77$1088'.
  created $dff cell `$procdff$3802' with positive edge clock.
Creating register for signal `$paramod$e6d2582358ff6950cc507271baa264b5b8280dfa\logic_normalization_parallel_tree_top.\sumsq_stage_q[7]' using process `$paramod$e6d2582358ff6950cc507271baa264b5b8280dfa\logic_normalization_parallel_tree_top.$proc$rtl/logic_normalization_parallel_tree_top.sv:77$1088'.
  created $dff cell `$procdff$3809' with positive edge clock.
Creating register for signal `$paramod$e6d2582358ff6950cc507271baa264b5b8280dfa\logic_normalization_parallel_tree_top.\sumsq_stage_q[16]' using process `$paramod$e6d2582358ff6950cc507271baa264b5b8280dfa\logic_normalization_parallel_tree_top.$proc$rtl/logic_normalization_parallel_tree_top.sv:77$1088'.
  created $dff cell `$procdff$3816' with positive edge clock.
Creating register for signal `$paramod$e6d2582358ff6950cc507271baa264b5b8280dfa\logic_normalization_parallel_tree_top.\sumsq_stage_q[17]' using process `$paramod$e6d2582358ff6950cc507271baa264b5b8280dfa\logic_normalization_parallel_tree_top.$proc$rtl/logic_normalization_parallel_tree_top.sv:77$1088'.
  created $dff cell `$procdff$3823' with positive edge clock.
Creating register for signal `$paramod$e6d2582358ff6950cc507271baa264b5b8280dfa\logic_normalization_parallel_tree_top.\sumsq_stage_q[18]' using process `$paramod$e6d2582358ff6950cc507271baa264b5b8280dfa\logic_normalization_parallel_tree_top.$proc$rtl/logic_normalization_parallel_tree_top.sv:77$1088'.
  created $dff cell `$procdff$3830' with positive edge clock.
Creating register for signal `$paramod$e6d2582358ff6950cc507271baa264b5b8280dfa\logic_normalization_parallel_tree_top.\sumsq_stage_q[19]' using process `$paramod$e6d2582358ff6950cc507271baa264b5b8280dfa\logic_normalization_parallel_tree_top.$proc$rtl/logic_normalization_parallel_tree_top.sv:77$1088'.
  created $dff cell `$procdff$3837' with positive edge clock.
Creating register for signal `$paramod$e6d2582358ff6950cc507271baa264b5b8280dfa\logic_normalization_parallel_tree_top.\sumsq_stage_q[32]' using process `$paramod$e6d2582358ff6950cc507271baa264b5b8280dfa\logic_normalization_parallel_tree_top.$proc$rtl/logic_normalization_parallel_tree_top.sv:77$1088'.
  created $dff cell `$procdff$3844' with positive edge clock.
Creating register for signal `$paramod$e6d2582358ff6950cc507271baa264b5b8280dfa\logic_normalization_parallel_tree_top.\sumsq_stage_q[33]' using process `$paramod$e6d2582358ff6950cc507271baa264b5b8280dfa\logic_normalization_parallel_tree_top.$proc$rtl/logic_normalization_parallel_tree_top.sv:77$1088'.
  created $dff cell `$procdff$3851' with positive edge clock.
Creating register for signal `$paramod$e6d2582358ff6950cc507271baa264b5b8280dfa\logic_normalization_parallel_tree_top.\sumsq_stage_q[48]' using process `$paramod$e6d2582358ff6950cc507271baa264b5b8280dfa\logic_normalization_parallel_tree_top.$proc$rtl/logic_normalization_parallel_tree_top.sv:77$1088'.
  created $dff cell `$procdff$3858' with positive edge clock.
Creating register for signal `$paramod$865746d0c425e5bff1afb43fc0ca954cd0aab93f\logic_normalization_bank_barrier.\mode_q' using process `$paramod$865746d0c425e5bff1afb43fc0ca954cd0aab93f\logic_normalization_bank_barrier.$proc$rtl/logic_normalization_bank_barrier.sv:43$856'.
  created $adff cell `$procdff$3863' with positive edge clock and positive level reset.
Creating register for signal `$paramod$865746d0c425e5bff1afb43fc0ca954cd0aab93f\logic_normalization_bank_barrier.\tag_q' using process `$paramod$865746d0c425e5bff1afb43fc0ca954cd0aab93f\logic_normalization_bank_barrier.$proc$rtl/logic_normalization_bank_barrier.sv:43$856'.
  created $adff cell `$procdff$3868' with positive edge clock and positive level reset.
Creating register for signal `$paramod$865746d0c425e5bff1afb43fc0ca954cd0aab93f\logic_normalization_bank_barrier.\invalid_config_error_o' using process `$paramod$865746d0c425e5bff1afb43fc0ca954cd0aab93f\logic_normalization_bank_barrier.$proc$rtl/logic_normalization_bank_barrier.sv:43$856'.
  created $adff cell `$procdff$3873' with positive edge clock and positive level reset.
Creating register for signal `$paramod$865746d0c425e5bff1afb43fc0ca954cd0aab93f\logic_normalization_bank_barrier.\active_q' using process `$paramod$865746d0c425e5bff1afb43fc0ca954cd0aab93f\logic_normalization_bank_barrier.$proc$rtl/logic_normalization_bank_barrier.sv:43$856'.
  created $adff cell `$procdff$3878' with positive edge clock and positive level reset.
Creating register for signal `$paramod$865746d0c425e5bff1afb43fc0ca954cd0aab93f\logic_normalization_bank_barrier.\mask_q' using process `$paramod$865746d0c425e5bff1afb43fc0ca954cd0aab93f\logic_normalization_bank_barrier.$proc$rtl/logic_normalization_bank_barrier.sv:43$856'.
  created $adff cell `$procdff$3883' with positive edge clock and positive level reset.
Creating register for signal `$paramod$865746d0c425e5bff1afb43fc0ca954cd0aab93f\logic_normalization_bank_barrier.\invh_q' using process `$paramod$865746d0c425e5bff1afb43fc0ca954cd0aab93f\logic_normalization_bank_barrier.$proc$rtl/logic_normalization_bank_barrier.sv:43$856'.
  created $adff cell `$procdff$3888' with positive edge clock and positive level reset.
Creating register for signal `$paramod$865746d0c425e5bff1afb43fc0ca954cd0aab93f\logic_normalization_bank_barrier.\eps_q' using process `$paramod$865746d0c425e5bff1afb43fc0ca954cd0aab93f\logic_normalization_bank_barrier.$proc$rtl/logic_normalization_bank_barrier.sv:43$856'.
  created $adff cell `$procdff$3893' with positive edge clock and positive level reset.
Creating register for signal `$paramod\logic_normalization_scalar_engine\TAG_WIDTH=32'00000000000000000000000000010000.\response_valid_o' using process `$paramod\logic_normalization_scalar_engine\TAG_WIDTH=32'00000000000000000000000000010000.$proc$rtl/logic_normalization_scalar_engine.sv:72$785'.
  created $adff cell `$procdff$3898' with positive edge clock and positive level reset.
Creating register for signal `$paramod\logic_normalization_scalar_engine\TAG_WIDTH=32'00000000000000000000000000010000.\response_rms_norm_o' using process `$paramod\logic_normalization_scalar_engine\TAG_WIDTH=32'00000000000000000000000000010000.$proc$rtl/logic_normalization_scalar_engine.sv:72$785'.
  created $adff cell `$procdff$3903' with positive edge clock and positive level reset.
Creating register for signal `$paramod\logic_normalization_scalar_engine\TAG_WIDTH=32'00000000000000000000000000010000.\response_tag_o' using process `$paramod\logic_normalization_scalar_engine\TAG_WIDTH=32'00000000000000000000000000010000.$proc$rtl/logic_normalization_scalar_engine.sv:72$785'.
  created $adff cell `$procdff$3908' with positive edge clock and positive level reset.
Creating register for signal `$paramod\logic_normalization_scalar_engine\TAG_WIDTH=32'00000000000000000000000000010000.\mean_o' using process `$paramod\logic_normalization_scalar_engine\TAG_WIDTH=32'00000000000000000000000000010000.$proc$rtl/logic_normalization_scalar_engine.sv:72$785'.
  created $adff cell `$procdff$3913' with positive edge clock and positive level reset.
Creating register for signal `$paramod\logic_normalization_scalar_engine\TAG_WIDTH=32'00000000000000000000000000010000.\inv_std_o' using process `$paramod\logic_normalization_scalar_engine\TAG_WIDTH=32'00000000000000000000000000010000.$proc$rtl/logic_normalization_scalar_engine.sv:72$785'.
  created $adff cell `$procdff$3918' with positive edge clock and positive level reset.
Creating register for signal `$paramod\logic_normalization_scalar_engine\TAG_WIDTH=32'00000000000000000000000000010000.\variance_clamped_o' using process `$paramod\logic_normalization_scalar_engine\TAG_WIDTH=32'00000000000000000000000000010000.$proc$rtl/logic_normalization_scalar_engine.sv:72$785'.
  created $adff cell `$procdff$3923' with positive edge clock and positive level reset.
Creating register for signal `$paramod\logic_normalization_scalar_engine\TAG_WIDTH=32'00000000000000000000000000010000.\state_q' using process `$paramod\logic_normalization_scalar_engine\TAG_WIDTH=32'00000000000000000000000000010000.$proc$rtl/logic_normalization_scalar_engine.sv:72$785'.
  created $adff cell `$procdff$3928' with positive edge clock and positive level reset.
Creating register for signal `$paramod\logic_normalization_scalar_engine\TAG_WIDTH=32'00000000000000000000000000010000.\mode_q' using process `$paramod\logic_normalization_scalar_engine\TAG_WIDTH=32'00000000000000000000000000010000.$proc$rtl/logic_normalization_scalar_engine.sv:72$785'.
  created $adff cell `$procdff$3933' with positive edge clock and positive level reset.
Creating register for signal `$paramod\logic_normalization_scalar_engine\TAG_WIDTH=32'00000000000000000000000000010000.\clamped_q' using process `$paramod\logic_normalization_scalar_engine\TAG_WIDTH=32'00000000000000000000000000010000.$proc$rtl/logic_normalization_scalar_engine.sv:72$785'.
  created $adff cell `$procdff$3938' with positive edge clock and positive level reset.
Creating register for signal `$paramod\logic_normalization_scalar_engine\TAG_WIDTH=32'00000000000000000000000000010000.\tag_q' using process `$paramod\logic_normalization_scalar_engine\TAG_WIDTH=32'00000000000000000000000000010000.$proc$rtl/logic_normalization_scalar_engine.sv:72$785'.
  created $adff cell `$procdff$3943' with positive edge clock and positive level reset.
Creating register for signal `$paramod\logic_normalization_scalar_engine\TAG_WIDTH=32'00000000000000000000000000010000.\epsilon_q' using process `$paramod\logic_normalization_scalar_engine\TAG_WIDTH=32'00000000000000000000000000010000.$proc$rtl/logic_normalization_scalar_engine.sv:72$785'.
  created $adff cell `$procdff$3948' with positive edge clock and positive level reset.
Creating register for signal `$paramod\logic_normalization_scalar_engine\TAG_WIDTH=32'00000000000000000000000000010000.\mean_q' using process `$paramod\logic_normalization_scalar_engine\TAG_WIDTH=32'00000000000000000000000000010000.$proc$rtl/logic_normalization_scalar_engine.sv:72$785'.
  created $adff cell `$procdff$3953' with positive edge clock and positive level reset.
Creating register for signal `$paramod\logic_normalization_scalar_engine\TAG_WIDTH=32'00000000000000000000000000010000.\mean_square_q' using process `$paramod\logic_normalization_scalar_engine\TAG_WIDTH=32'00000000000000000000000000010000.$proc$rtl/logic_normalization_scalar_engine.sv:72$785'.
  created $adff cell `$procdff$3958' with positive edge clock and positive level reset.
Creating register for signal `$paramod\logic_normalization_scalar_engine\TAG_WIDTH=32'00000000000000000000000000010000.\variance_q' using process `$paramod\logic_normalization_scalar_engine\TAG_WIDTH=32'00000000000000000000000000010000.$proc$rtl/logic_normalization_scalar_engine.sv:72$785'.
  created $adff cell `$procdff$3963' with positive edge clock and positive level reset.
Creating register for signal `$paramod\logic_normalization_scalar_engine\TAG_WIDTH=32'00000000000000000000000000010000.\argument_q' using process `$paramod\logic_normalization_scalar_engine\TAG_WIDTH=32'00000000000000000000000000010000.$proc$rtl/logic_normalization_scalar_engine.sv:72$785'.
  created $adff cell `$procdff$3968' with positive edge clock and positive level reset.
Creating register for signal `\fp16_rsqrt_lut256.\output_valid_o' using process `\fp16_rsqrt_lut256.$proc$rtl/fp16_rsqrt_lut256.sv:73$232'.
  created $adff cell `$procdff$3973' with positive edge clock and positive level reset.
Creating register for signal `\fp16_rsqrt_lut256.\output_data_o' using process `\fp16_rsqrt_lut256.$proc$rtl/fp16_rsqrt_lut256.sv:73$232'.
  created $adff cell `$procdff$3978' with positive edge clock and positive level reset.
Creating register for signal `\fp16_rsqrt_lut256.\approximate_rsqrt$func$rtl/fp16_rsqrt_lut256.sv:79$229.$result' using process `\fp16_rsqrt_lut256.$proc$rtl/fp16_rsqrt_lut256.sv:73$232'.
  created $adff cell `$procdff$3983' with positive edge clock and positive level reset.
Creating register for signal `\fp16_rsqrt_lut256.\approximate_rsqrt$func$rtl/fp16_rsqrt_lut256.sv:79$229.value' using process `\fp16_rsqrt_lut256.$proc$rtl/fp16_rsqrt_lut256.sv:73$232'.
  created $adff cell `$procdff$3988' with positive edge clock and positive level reset.
Creating register for signal `\fp16_rsqrt_lut256.\approximate_rsqrt$func$rtl/fp16_rsqrt_lut256.sv:79$229.sign' using process `\fp16_rsqrt_lut256.$proc$rtl/fp16_rsqrt_lut256.sv:73$232'.
  created $adff cell `$procdff$3993' with positive edge clock and positive level reset.
Creating register for signal `\fp16_rsqrt_lut256.\approximate_rsqrt$func$rtl/fp16_rsqrt_lut256.sv:79$229.exponent' using process `\fp16_rsqrt_lut256.$proc$rtl/fp16_rsqrt_lut256.sv:73$232'.
  created $adff cell `$procdff$3998' with positive edge clock and positive level reset.
Creating register for signal `\fp16_rsqrt_lut256.\approximate_rsqrt$func$rtl/fp16_rsqrt_lut256.sv:79$229.fraction' using process `\fp16_rsqrt_lut256.$proc$rtl/fp16_rsqrt_lut256.sv:73$232'.
  created $adff cell `$procdff$4003' with positive edge clock and positive level reset.
Creating register for signal `\fp16_rsqrt_lut256.\approximate_rsqrt$func$rtl/fp16_rsqrt_lut256.sv:79$229.normalized_mantissa' using process `\fp16_rsqrt_lut256.$proc$rtl/fp16_rsqrt_lut256.sv:73$232'.
  created $adff cell `$procdff$4008' with positive edge clock and positive level reset.
Creating register for signal `\fp16_rsqrt_lut256.\approximate_rsqrt$func$rtl/fp16_rsqrt_lut256.sv:79$229.adjusted_mantissa' using process `\fp16_rsqrt_lut256.$proc$rtl/fp16_rsqrt_lut256.sv:73$232'.
  created $adff cell `$procdff$4013' with positive edge clock and positive level reset.
Creating register for signal `\fp16_rsqrt_lut256.\approximate_rsqrt$func$rtl/fp16_rsqrt_lut256.sv:79$229.unbiased_exponent' using process `\fp16_rsqrt_lut256.$proc$rtl/fp16_rsqrt_lut256.sv:73$232'.
  created $adff cell `$procdff$4018' with positive edge clock and positive level reset.
Creating register for signal `\fp16_rsqrt_lut256.\approximate_rsqrt$func$rtl/fp16_rsqrt_lut256.sv:79$229.even_exponent' using process `\fp16_rsqrt_lut256.$proc$rtl/fp16_rsqrt_lut256.sv:73$232'.
  created $adff cell `$procdff$4023' with positive edge clock and positive level reset.
Creating register for signal `\fp16_rsqrt_lut256.\approximate_rsqrt$func$rtl/fp16_rsqrt_lut256.sv:79$229.output_exponent' using process `\fp16_rsqrt_lut256.$proc$rtl/fp16_rsqrt_lut256.sv:73$232'.
  created $adff cell `$procdff$4028' with positive edge clock and positive level reset.
Creating register for signal `\fp16_rsqrt_lut256.\approximate_rsqrt$func$rtl/fp16_rsqrt_lut256.sv:79$229.delta' using process `\fp16_rsqrt_lut256.$proc$rtl/fp16_rsqrt_lut256.sv:73$232'.
  created $adff cell `$procdff$4033' with positive edge clock and positive level reset.
Creating register for signal `\fp16_rsqrt_lut256.\approximate_rsqrt$func$rtl/fp16_rsqrt_lut256.sv:79$229.index' using process `\fp16_rsqrt_lut256.$proc$rtl/fp16_rsqrt_lut256.sv:73$232'.
  created $adff cell `$procdff$4038' with positive edge clock and positive level reset.
Creating register for signal `\fp16_rsqrt_lut256.\approximate_rsqrt$func$rtl/fp16_rsqrt_lut256.sv:79$229.lut_value' using process `\fp16_rsqrt_lut256.$proc$rtl/fp16_rsqrt_lut256.sv:73$232'.
  created $adff cell `$procdff$4043' with positive edge clock and positive level reset.
Creating register for signal `\fp16_rsqrt_lut256.\approximate_rsqrt$func$rtl/fp16_rsqrt_lut256.sv:79$229.leading_one' using process `\fp16_rsqrt_lut256.$proc$rtl/fp16_rsqrt_lut256.sv:73$232'.
  created $adff cell `$procdff$4048' with positive edge clock and positive level reset.
Creating register for signal `\fp16_rsqrt_lut256.\approximate_rsqrt$func$rtl/fp16_rsqrt_lut256.sv:79$229.$fordecl_block$227.bit_index' using process `\fp16_rsqrt_lut256.$proc$rtl/fp16_rsqrt_lut256.sv:73$232'.
  created $dff cell `$procdff$4055' with positive edge clock.

11.2.10. Executing PROC_MEMWR pass (convert process memory writes to cells).

11.2.11. Executing PROC_CLEAN pass (remove empty switches from decision trees).
Removing empty process `$paramod$e6d2582358ff6950cc507271baa264b5b8280dfa\logic_normalization_parallel_tree_top.$proc$rtl/logic_normalization_parallel_tree_top.sv:0$1141'.
Found and cleaned up 3 empty switches in `$paramod$e6d2582358ff6950cc507271baa264b5b8280dfa\logic_normalization_parallel_tree_top.$proc$rtl/logic_normalization_parallel_tree_top.sv:77$1088'.
Removing empty process `$paramod$e6d2582358ff6950cc507271baa264b5b8280dfa\logic_normalization_parallel_tree_top.$proc$rtl/logic_normalization_parallel_tree_top.sv:77$1088'.
Found and cleaned up 18 empty switches in `$paramod$e6d2582358ff6950cc507271baa264b5b8280dfa\logic_normalization_parallel_tree_top.$proc$rtl/logic_normalization_parallel_tree_top.sv:51$955'.
Removing empty process `$paramod$e6d2582358ff6950cc507271baa264b5b8280dfa\logic_normalization_parallel_tree_top.$proc$rtl/logic_normalization_parallel_tree_top.sv:51$955'.
Found and cleaned up 3 empty switches in `$paramod$865746d0c425e5bff1afb43fc0ca954cd0aab93f\logic_normalization_bank_barrier.$proc$rtl/logic_normalization_bank_barrier.sv:43$856'.
Removing empty process `$paramod$865746d0c425e5bff1afb43fc0ca954cd0aab93f\logic_normalization_bank_barrier.$proc$rtl/logic_normalization_bank_barrier.sv:43$856'.
Found and cleaned up 49 empty switches in `$paramod$865746d0c425e5bff1afb43fc0ca954cd0aab93f\logic_normalization_bank_barrier.$proc$rtl/logic_normalization_bank_barrier.sv:25$796'.
Removing empty process `$paramod$865746d0c425e5bff1afb43fc0ca954cd0aab93f\logic_normalization_bank_barrier.$proc$rtl/logic_normalization_bank_barrier.sv:25$796'.
Found and cleaned up 5 empty switches in `$paramod\logic_normalization_scalar_engine\TAG_WIDTH=32'00000000000000000000000000010000.$proc$rtl/logic_normalization_scalar_engine.sv:72$785'.
Removing empty process `$paramod\logic_normalization_scalar_engine\TAG_WIDTH=32'00000000000000000000000000010000.$proc$rtl/logic_normalization_scalar_engine.sv:72$785'.
Found and cleaned up 18 empty switches in `\fp16_rsqrt_lut256.$proc$rtl/fp16_rsqrt_lut256.sv:73$232'.
Removing empty process `fp16_rsqrt_lut256.$proc$rtl/fp16_rsqrt_lut256.sv:73$232'.
Found and cleaned up 32 empty switches in `\fp16_mul.$proc$rtl/fp16_mul.sv:16$143'.
Removing empty process `fp16_mul.$proc$rtl/fp16_mul.sv:16$143'.
Found and cleaned up 26 empty switches in `\fp16_add.$proc$rtl/fp16_add.sv:28$3'.
Removing empty process `fp16_add.$proc$rtl/fp16_add.sv:28$3'.
Cleaned up 154 empty switches.

11.2.12. Executing OPT_EXPR pass (perform const folding).
Optimizing module logic_normalization_barrier_tree_top.
Optimizing module $paramod$e6d2582358ff6950cc507271baa264b5b8280dfa\logic_normalization_parallel_tree_top.
<suppressed ~98 debug messages>
Optimizing module $paramod$865746d0c425e5bff1afb43fc0ca954cd0aab93f\logic_normalization_bank_barrier.
<suppressed ~31 debug messages>
Optimizing module $paramod$cf256f1e07155db3e20fb233046fedb4711c91b2\logic_normalization_scalar_engine_array.
Optimizing module $paramod\logic_normalization_scalar_engine\TAG_WIDTH=32'00000000000000000000000000010000.
<suppressed ~38 debug messages>
Optimizing module fp16_rsqrt_lut256.
<suppressed ~41 debug messages>
Optimizing module fp16_mul.
<suppressed ~54 debug messages>
Optimizing module fp16_add.
<suppressed ~29 debug messages>

11.3. Executing OPT_EXPR pass (perform const folding).
Optimizing module logic_normalization_barrier_tree_top.
Optimizing module $paramod$e6d2582358ff6950cc507271baa264b5b8280dfa\logic_normalization_parallel_tree_top.
<suppressed ~40 debug messages>
Optimizing module $paramod$865746d0c425e5bff1afb43fc0ca954cd0aab93f\logic_normalization_bank_barrier.
Optimizing module $paramod$cf256f1e07155db3e20fb233046fedb4711c91b2\logic_normalization_scalar_engine_array.
Optimizing module $paramod\logic_normalization_scalar_engine\TAG_WIDTH=32'00000000000000000000000000010000.
Optimizing module fp16_rsqrt_lut256.
Optimizing module fp16_mul.
Optimizing module fp16_add.

11.4. Executing OPT_CLEAN pass (remove unused cells and wires).
Finding unused cells or wires in module \logic_normalization_barrier_tree_top..
Finding unused cells or wires in module $paramod$e6d2582358ff6950cc507271baa264b5b8280dfa\logic_normalization_parallel_tree_top..
Finding unused cells or wires in module $paramod$865746d0c425e5bff1afb43fc0ca954cd0aab93f\logic_normalization_bank_barrier..
Finding unused cells or wires in module $paramod$cf256f1e07155db3e20fb233046fedb4711c91b2\logic_normalization_scalar_engine_array..
Finding unused cells or wires in module $paramod\logic_normalization_scalar_engine\TAG_WIDTH=32'00000000000000000000000000010000..
Finding unused cells or wires in module \fp16_rsqrt_lut256..
Finding unused cells or wires in module \fp16_mul..
Finding unused cells or wires in module \fp16_add..
Removed 451 unused cells and 2269 unused wires.
<suppressed ~678 debug messages>

11.5. Executing CHECK pass (checking for obvious problems).
Checking module $paramod$865746d0c425e5bff1afb43fc0ca954cd0aab93f\logic_normalization_bank_barrier...
Checking module $paramod$cf256f1e07155db3e20fb233046fedb4711c91b2\logic_normalization_scalar_engine_array...
Checking module $paramod$e6d2582358ff6950cc507271baa264b5b8280dfa\logic_normalization_parallel_tree_top...
Checking module $paramod\logic_normalization_scalar_engine\TAG_WIDTH=32'00000000000000000000000000010000...
Checking module fp16_add...
Checking module fp16_mul...
Checking module fp16_rsqrt_lut256...
Checking module logic_normalization_barrier_tree_top...
Found and reported 0 problems.

11.6. Executing OPT pass (performing simple optimizations).

11.6.1. Executing OPT_EXPR pass (perform const folding).
Optimizing module $paramod$865746d0c425e5bff1afb43fc0ca954cd0aab93f\logic_normalization_bank_barrier.
Optimizing module $paramod$cf256f1e07155db3e20fb233046fedb4711c91b2\logic_normalization_scalar_engine_array.
Optimizing module $paramod$e6d2582358ff6950cc507271baa264b5b8280dfa\logic_normalization_parallel_tree_top.
Optimizing module $paramod\logic_normalization_scalar_engine\TAG_WIDTH=32'00000000000000000000000000010000.
Optimizing module fp16_add.
Optimizing module fp16_mul.
Optimizing module fp16_rsqrt_lut256.
Optimizing module logic_normalization_barrier_tree_top.

11.6.2. Executing OPT_MERGE pass (detect identical cells).
Finding identical cells in module `$paramod$865746d0c425e5bff1afb43fc0ca954cd0aab93f\logic_normalization_bank_barrier'.
Finding identical cells in module `$paramod$cf256f1e07155db3e20fb233046fedb4711c91b2\logic_normalization_scalar_engine_array'.
Finding identical cells in module `$paramod$e6d2582358ff6950cc507271baa264b5b8280dfa\logic_normalization_parallel_tree_top'.
<suppressed ~3 debug messages>
Finding identical cells in module `$paramod\logic_normalization_scalar_engine\TAG_WIDTH=32'00000000000000000000000000010000'.
<suppressed ~72 debug messages>
Finding identical cells in module `\fp16_add'.
<suppressed ~30 debug messages>
Finding identical cells in module `\fp16_mul'.
<suppressed ~51 debug messages>
Finding identical cells in module `\fp16_rsqrt_lut256'.
<suppressed ~3 debug messages>
Finding identical cells in module `\logic_normalization_barrier_tree_top'.
Removed a total of 53 cells.

11.6.3. Executing OPT_MUXTREE pass (detect dead branches in mux trees).
Running muxtree optimizer on module $paramod$865746d0c425e5bff1afb43fc0ca954cd0aab93f\logic_normalization_bank_barrier..
  Creating internal representation of mux trees.
  Evaluating internal representation of mux trees.
  Analyzing evaluation results.
    dead port 2/2 on $mux $procmux$1305.
    dead port 2/2 on $mux $procmux$1311.
    dead port 2/2 on $mux $procmux$1323.
    dead port 2/2 on $mux $procmux$1329.
    dead port 2/2 on $mux $procmux$1341.
    dead port 2/2 on $mux $procmux$1347.
    dead port 2/2 on $mux $procmux$1359.
    dead port 2/2 on $mux $procmux$1365.
    dead port 2/2 on $mux $procmux$1377.
    dead port 2/2 on $mux $procmux$1383.
    dead port 2/2 on $mux $procmux$1395.
    dead port 2/2 on $mux $procmux$1401.
    dead port 2/2 on $mux $procmux$1413.
    dead port 2/2 on $mux $procmux$1419.
    dead port 2/2 on $mux $procmux$1431.
    dead port 2/2 on $mux $procmux$1437.
    dead port 2/2 on $mux $procmux$1449.
    dead port 2/2 on $mux $procmux$1455.
    dead port 2/2 on $mux $procmux$1467.
    dead port 2/2 on $mux $procmux$1473.
    dead port 2/2 on $mux $procmux$1485.
    dead port 2/2 on $mux $procmux$1491.
    dead port 2/2 on $mux $procmux$1503.
    dead port 2/2 on $mux $procmux$1509.
    dead port 2/2 on $mux $procmux$1521.
    dead port 2/2 on $mux $procmux$1527.
    dead port 2/2 on $mux $procmux$1539.
    dead port 2/2 on $mux $procmux$1545.
    dead port 2/2 on $mux $procmux$1557.
    dead port 2/2 on $mux $procmux$1563.
    dead port 2/2 on $mux $procmux$1575.
    dead port 2/2 on $mux $procmux$1581.
Running muxtree optimizer on module $paramod$cf256f1e07155db3e20fb233046fedb4711c91b2\logic_normalization_scalar_engine_array..
  Creating internal representation of mux trees.
  No muxes found in this module.
Running muxtree optimizer on module $paramod$e6d2582358ff6950cc507271baa264b5b8280dfa\logic_normalization_parallel_tree_top..
  Creating internal representation of mux trees.
  Evaluating internal representation of mux trees.
  Analyzing evaluation results.
Running muxtree optimizer on module $paramod\logic_normalization_scalar_engine\TAG_WIDTH=32'00000000000000000000000000010000..
  Creating internal representation of mux trees.
  Evaluating internal representation of mux trees.
  Analyzing evaluation results.
Running muxtree optimizer on module \fp16_add..
  Creating internal representation of mux trees.
  Evaluating internal representation of mux trees.
      Replacing known input bits on port A of cell $procmux$3239: $add$rtl/fp16_add.sv:69$110_Y -> { 1'0 $add$rtl/fp16_add.sv:69$110_Y [10:0] }
      Replacing known input bits on port B of cell $procmux$3239: { 1'0 $add$rtl/fp16_add.sv:69$110_Y [11:1] } -> { 2'01 $add$rtl/fp16_add.sv:69$110_Y [10:1] }
      Replacing known input bits on port B of cell $procmux$3399: $add$rtl/fp16_add.sv:52$38_Y [14:2] -> { 1'1 $add$rtl/fp16_add.sv:52$38_Y [13:2] }
  Analyzing evaluation results.
    dead port 1/2 on $mux $procmux$3155.
    dead port 1/2 on $mux $procmux$3158.
    dead port 1/2 on $mux $procmux$3161.
    dead port 1/2 on $mux $procmux$3164.
    dead port 1/2 on $mux $procmux$3167.
    dead port 1/2 on $mux $procmux$3170.
    dead port 1/2 on $mux $procmux$3176.
    dead port 1/2 on $mux $procmux$3179.
    dead port 1/2 on $mux $procmux$3182.
    dead port 1/2 on $mux $procmux$3185.
    dead port 1/2 on $mux $procmux$3188.
    dead port 1/2 on $mux $procmux$3194.
    dead port 1/2 on $mux $procmux$3197.
    dead port 1/2 on $mux $procmux$3200.
    dead port 1/2 on $mux $procmux$3203.
    dead port 1/2 on $mux $procmux$3209.
    dead port 1/2 on $mux $procmux$3212.
    dead port 1/2 on $mux $procmux$3215.
    dead port 1/2 on $mux $procmux$3221.
    dead port 1/2 on $mux $procmux$3224.
    dead port 1/2 on $mux $procmux$3230.
    dead port 1/2 on $mux $procmux$3245.
    dead port 1/2 on $mux $procmux$3251.
    dead port 2/2 on $mux $procmux$3401.
    dead port 2/2 on $mux $procmux$3407.
    dead port 2/2 on $mux $procmux$3413.
    dead port 1/2 on $mux $procmux$3431.
    dead port 1/2 on $mux $procmux$3437.
Running muxtree optimizer on module \fp16_mul..
  Creating internal representation of mux trees.
  Evaluating internal representation of mux trees.
  Analyzing evaluation results.
    dead port 1/2 on $mux $procmux$2577.
    dead port 1/2 on $mux $procmux$2580.
    dead port 1/2 on $mux $procmux$2583.
    dead port 1/2 on $mux $procmux$2586.
    dead port 1/2 on $mux $procmux$2589.
    dead port 2/2 on $mux $procmux$2649.
    dead port 1/2 on $mux $procmux$2652.
    dead port 1/2 on $mux $procmux$2655.
    dead port 1/2 on $mux $procmux$2658.
    dead port 1/2 on $mux $procmux$2661.
    dead port 2/2 on $mux $procmux$2703.
    dead port 1/2 on $mux $procmux$2706.
    dead port 1/2 on $mux $procmux$2709.
    dead port 1/2 on $mux $procmux$2712.
    dead port 1/2 on $mux $procmux$2715.
    dead port 1/2 on $mux $procmux$2790.
    dead port 1/2 on $mux $procmux$2793.
    dead port 1/2 on $mux $procmux$2796.
    dead port 1/2 on $mux $procmux$2799.
    dead port 1/2 on $mux $procmux$2880.
    dead port 1/2 on $mux $procmux$2883.
    dead port 1/2 on $mux $procmux$2886.
    dead port 1/2 on $mux $procmux$2964.
    dead port 1/2 on $mux $procmux$2967.
    dead port 1/2 on $mux $procmux$3027.
Running muxtree optimizer on module \fp16_rsqrt_lut256..
  Creating internal representation of mux trees.
  Evaluating internal representation of mux trees.
      Replacing known input bits on port A of cell $procmux$1718: $7\approximate_rsqrt$func$rtl/fp16_rsqrt_lut256.sv:79$229.unbiased_exponent[7:0]$335 -> { $7\approximate_rsqrt$func$rtl/fp16_rsqrt_lut256.sv:79$229.unbiased_exponent[7:0]$335 [7:1] 1'0 }
  Analyzing evaluation results.
    dead port 1/2 on $mux $procmux$1985.
    dead port 1/2 on $mux $procmux$1988.
    dead port 1/2 on $mux $procmux$1991.
    dead port 2/2 on $mux $procmux$1993.
    dead port 2/2 on $mux $procmux$1995.
    dead port 1/2 on $mux $procmux$2039.
    dead port 1/2 on $mux $procmux$2042.
    dead port 2/2 on $mux $procmux$2044.
    dead port 2/2 on $mux $procmux$2046.
    dead port 1/2 on $mux $procmux$2204.
    dead port 2/2 on $mux $procmux$2206.
    dead port 2/2 on $mux $procmux$2208.
    dead port 2/2 on $mux $procmux$2335.
    dead port 2/2 on $mux $procmux$2337.
Running muxtree optimizer on module \logic_normalization_barrier_tree_top..
  Creating internal representation of mux trees.
  No muxes found in this module.
Removed 99 multiplexer ports.
<suppressed ~214 debug messages>

11.6.4. Executing OPT_REDUCE pass (consolidate $*mux and $reduce_* inputs).
  Optimizing cells in module $paramod$865746d0c425e5bff1afb43fc0ca954cd0aab93f\logic_normalization_bank_barrier.
  Optimizing cells in module $paramod$cf256f1e07155db3e20fb233046fedb4711c91b2\logic_normalization_scalar_engine_array.
  Optimizing cells in module $paramod$e6d2582358ff6950cc507271baa264b5b8280dfa\logic_normalization_parallel_tree_top.
  Optimizing cells in module $paramod\logic_normalization_scalar_engine\TAG_WIDTH=32'00000000000000000000000000010000.
  Optimizing cells in module \fp16_add.
    New input vector for $reduce_or cell $reduce_or$rtl/fp16_add.sv:10$30: \small_sig
  Optimizing cells in module \fp16_add.
  Optimizing cells in module \fp16_mul.
  Optimizing cells in module \fp16_rsqrt_lut256.
  Optimizing cells in module \logic_normalization_barrier_tree_top.
Performed a total of 1 changes.

11.6.5. Executing OPT_MERGE pass (detect identical cells).
Finding identical cells in module `$paramod$865746d0c425e5bff1afb43fc0ca954cd0aab93f\logic_normalization_bank_barrier'.
Finding identical cells in module `$paramod$cf256f1e07155db3e20fb233046fedb4711c91b2\logic_normalization_scalar_engine_array'.
Finding identical cells in module `$paramod$e6d2582358ff6950cc507271baa264b5b8280dfa\logic_normalization_parallel_tree_top'.
Finding identical cells in module `$paramod\logic_normalization_scalar_engine\TAG_WIDTH=32'00000000000000000000000000010000'.
Finding identical cells in module `\fp16_add'.
<suppressed ~12 debug messages>
Finding identical cells in module `\fp16_mul'.
Finding identical cells in module `\fp16_rsqrt_lut256'.
Finding identical cells in module `\logic_normalization_barrier_tree_top'.
Removed a total of 4 cells.

11.6.6. Executing OPT_DFF pass (perform DFF optimizations).

11.6.7. Executing OPT_CLEAN pass (remove unused cells and wires).
Finding unused cells or wires in module $paramod$865746d0c425e5bff1afb43fc0ca954cd0aab93f\logic_normalization_bank_barrier..
Finding unused cells or wires in module $paramod$cf256f1e07155db3e20fb233046fedb4711c91b2\logic_normalization_scalar_engine_array..
Finding unused cells or wires in module $paramod$e6d2582358ff6950cc507271baa264b5b8280dfa\logic_normalization_parallel_tree_top..
Finding unused cells or wires in module $paramod\logic_normalization_scalar_engine\TAG_WIDTH=32'00000000000000000000000000010000..
Finding unused cells or wires in module \fp16_add..
Finding unused cells or wires in module \fp16_mul..
Finding unused cells or wires in module \fp16_rsqrt_lut256..
Finding unused cells or wires in module \logic_normalization_barrier_tree_top..
Removed 0 unused cells and 156 unused wires.
<suppressed ~6 debug messages>

11.6.8. Executing OPT_EXPR pass (perform const folding).
Optimizing module $paramod$865746d0c425e5bff1afb43fc0ca954cd0aab93f\logic_normalization_bank_barrier.
Optimizing module $paramod$cf256f1e07155db3e20fb233046fedb4711c91b2\logic_normalization_scalar_engine_array.
Optimizing module $paramod$e6d2582358ff6950cc507271baa264b5b8280dfa\logic_normalization_parallel_tree_top.
Optimizing module $paramod\logic_normalization_scalar_engine\TAG_WIDTH=32'00000000000000000000000000010000.
Optimizing module fp16_add.
Optimizing module fp16_mul.
Optimizing module fp16_rsqrt_lut256.
Optimizing module logic_normalization_barrier_tree_top.

11.6.9. Rerunning OPT passes. (Maybe there is more to do..)

11.6.10. Executing OPT_MUXTREE pass (detect dead branches in mux trees).
Running muxtree optimizer on module $paramod$865746d0c425e5bff1afb43fc0ca954cd0aab93f\logic_normalization_bank_barrier..
  Creating internal representation of mux trees.
  Evaluating internal representation of mux trees.
  Analyzing evaluation results.
Running muxtree optimizer on module $paramod$cf256f1e07155db3e20fb233046fedb4711c91b2\logic_normalization_scalar_engine_array..
  Creating internal representation of mux trees.
  No muxes found in this module.
Running muxtree optimizer on module $paramod$e6d2582358ff6950cc507271baa264b5b8280dfa\logic_normalization_parallel_tree_top..
  Creating internal representation of mux trees.
  Evaluating internal representation of mux trees.
  Analyzing evaluation results.
Running muxtree optimizer on module $paramod\logic_normalization_scalar_engine\TAG_WIDTH=32'00000000000000000000000000010000..
  Creating internal representation of mux trees.
  Evaluating internal representation of mux trees.
  Analyzing evaluation results.
Running muxtree optimizer on module \fp16_add..
  Creating internal representation of mux trees.
  Evaluating internal representation of mux trees.
  Analyzing evaluation results.
Running muxtree optimizer on module \fp16_mul..
  Creating internal representation of mux trees.
  Evaluating internal representation of mux trees.
  Analyzing evaluation results.
Running muxtree optimizer on module \fp16_rsqrt_lut256..
  Creating internal representation of mux trees.
  Evaluating internal representation of mux trees.
  Analyzing evaluation results.
Running muxtree optimizer on module \logic_normalization_barrier_tree_top..
  Creating internal representation of mux trees.
  No muxes found in this module.
Removed 0 multiplexer ports.
<suppressed ~214 debug messages>

11.6.11. Executing OPT_REDUCE pass (consolidate $*mux and $reduce_* inputs).
  Optimizing cells in module $paramod$865746d0c425e5bff1afb43fc0ca954cd0aab93f\logic_normalization_bank_barrier.
  Optimizing cells in module $paramod$cf256f1e07155db3e20fb233046fedb4711c91b2\logic_normalization_scalar_engine_array.
  Optimizing cells in module $paramod$e6d2582358ff6950cc507271baa264b5b8280dfa\logic_normalization_parallel_tree_top.
  Optimizing cells in module $paramod\logic_normalization_scalar_engine\TAG_WIDTH=32'00000000000000000000000000010000.
  Optimizing cells in module \fp16_add.
  Optimizing cells in module \fp16_mul.
  Optimizing cells in module \fp16_rsqrt_lut256.
  Optimizing cells in module \logic_normalization_barrier_tree_top.
Performed a total of 0 changes.

11.6.12. Executing OPT_MERGE pass (detect identical cells).
Finding identical cells in module `$paramod$865746d0c425e5bff1afb43fc0ca954cd0aab93f\logic_normalization_bank_barrier'.
Finding identical cells in module `$paramod$cf256f1e07155db3e20fb233046fedb4711c91b2\logic_normalization_scalar_engine_array'.
Finding identical cells in module `$paramod$e6d2582358ff6950cc507271baa264b5b8280dfa\logic_normalization_parallel_tree_top'.
Finding identical cells in module `$paramod\logic_normalization_scalar_engine\TAG_WIDTH=32'00000000000000000000000000010000'.
Finding identical cells in module `\fp16_add'.
Finding identical cells in module `\fp16_mul'.
Finding identical cells in module `\fp16_rsqrt_lut256'.
Finding identical cells in module `\logic_normalization_barrier_tree_top'.
Removed a total of 0 cells.

11.6.13. Executing OPT_DFF pass (perform DFF optimizations).

11.6.14. Executing OPT_CLEAN pass (remove unused cells and wires).
Finding unused cells or wires in module $paramod$865746d0c425e5bff1afb43fc0ca954cd0aab93f\logic_normalization_bank_barrier..
Finding unused cells or wires in module $paramod$cf256f1e07155db3e20fb233046fedb4711c91b2\logic_normalization_scalar_engine_array..
Finding unused cells or wires in module $paramod$e6d2582358ff6950cc507271baa264b5b8280dfa\logic_normalization_parallel_tree_top..
Finding unused cells or wires in module $paramod\logic_normalization_scalar_engine\TAG_WIDTH=32'00000000000000000000000000010000..
Finding unused cells or wires in module \fp16_add..
Finding unused cells or wires in module \fp16_mul..
Finding unused cells or wires in module \fp16_rsqrt_lut256..
Finding unused cells or wires in module \logic_normalization_barrier_tree_top..

11.6.15. Executing OPT_EXPR pass (perform const folding).
Optimizing module $paramod$865746d0c425e5bff1afb43fc0ca954cd0aab93f\logic_normalization_bank_barrier.
Optimizing module $paramod$cf256f1e07155db3e20fb233046fedb4711c91b2\logic_normalization_scalar_engine_array.
Optimizing module $paramod$e6d2582358ff6950cc507271baa264b5b8280dfa\logic_normalization_parallel_tree_top.
Optimizing module $paramod\logic_normalization_scalar_engine\TAG_WIDTH=32'00000000000000000000000000010000.
Optimizing module fp16_add.
Optimizing module fp16_mul.
Optimizing module fp16_rsqrt_lut256.
Optimizing module logic_normalization_barrier_tree_top.

11.6.16. Finished OPT passes. (There is nothing left to do.)

11.7. Executing FSM pass (extract and optimize FSM).

11.7.1. Executing FSM_DETECT pass (finding FSMs in design).
Not marking $paramod\logic_normalization_scalar_engine\TAG_WIDTH=32'00000000000000000000000000010000.state_q as FSM state register:
    Circuit seems to be self-resetting.

11.7.2. Executing FSM_EXTRACT pass (extracting FSM from design).

11.7.3. Executing FSM_OPT pass (simple optimizations of FSMs).

11.7.4. Executing OPT_CLEAN pass (remove unused cells and wires).
Finding unused cells or wires in module $paramod$865746d0c425e5bff1afb43fc0ca954cd0aab93f\logic_normalization_bank_barrier..
Finding unused cells or wires in module $paramod$cf256f1e07155db3e20fb233046fedb4711c91b2\logic_normalization_scalar_engine_array..
Finding unused cells or wires in module $paramod$e6d2582358ff6950cc507271baa264b5b8280dfa\logic_normalization_parallel_tree_top..
Finding unused cells or wires in module $paramod\logic_normalization_scalar_engine\TAG_WIDTH=32'00000000000000000000000000010000..
Finding unused cells or wires in module \fp16_add..
Finding unused cells or wires in module \fp16_mul..
Finding unused cells or wires in module \fp16_rsqrt_lut256..
Finding unused cells or wires in module \logic_normalization_barrier_tree_top..

11.7.5. Executing FSM_OPT pass (simple optimizations of FSMs).

11.7.6. Executing FSM_RECODE pass (re-assigning FSM state encoding).

11.7.7. Executing FSM_INFO pass (dumping all available information on FSM cells).

11.7.8. Executing FSM_MAP pass (mapping FSMs to basic logic).

11.8. Executing OPT pass (performing simple optimizations).

11.8.1. Executing OPT_EXPR pass (perform const folding).
Optimizing module $paramod$865746d0c425e5bff1afb43fc0ca954cd0aab93f\logic_normalization_bank_barrier.
Optimizing module $paramod$cf256f1e07155db3e20fb233046fedb4711c91b2\logic_normalization_scalar_engine_array.
Optimizing module $paramod$e6d2582358ff6950cc507271baa264b5b8280dfa\logic_normalization_parallel_tree_top.
Optimizing module $paramod\logic_normalization_scalar_engine\TAG_WIDTH=32'00000000000000000000000000010000.
Optimizing module fp16_add.
Optimizing module fp16_mul.
Optimizing module fp16_rsqrt_lut256.
Optimizing module logic_normalization_barrier_tree_top.

11.8.2. Executing OPT_MERGE pass (detect identical cells).
Finding identical cells in module `$paramod$865746d0c425e5bff1afb43fc0ca954cd0aab93f\logic_normalization_bank_barrier'.
Finding identical cells in module `$paramod$cf256f1e07155db3e20fb233046fedb4711c91b2\logic_normalization_scalar_engine_array'.
Finding identical cells in module `$paramod$e6d2582358ff6950cc507271baa264b5b8280dfa\logic_normalization_parallel_tree_top'.
Finding identical cells in module `$paramod\logic_normalization_scalar_engine\TAG_WIDTH=32'00000000000000000000000000010000'.
Finding identical cells in module `\fp16_add'.
Finding identical cells in module `\fp16_mul'.
Finding identical cells in module `\fp16_rsqrt_lut256'.
Finding identical cells in module `\logic_normalization_barrier_tree_top'.
Removed a total of 0 cells.

11.8.3. Executing OPT_MUXTREE pass (detect dead branches in mux trees).
Running muxtree optimizer on module $paramod$865746d0c425e5bff1afb43fc0ca954cd0aab93f\logic_normalization_bank_barrier..
  Creating internal representation of mux trees.
  Evaluating internal representation of mux trees.
  Analyzing evaluation results.
Running muxtree optimizer on module $paramod$cf256f1e07155db3e20fb233046fedb4711c91b2\logic_normalization_scalar_engine_array..
  Creating internal representation of mux trees.
  No muxes found in this module.
Running muxtree optimizer on module $paramod$e6d2582358ff6950cc507271baa264b5b8280dfa\logic_normalization_parallel_tree_top..
  Creating internal representation of mux trees.
  Evaluating internal representation of mux trees.
  Analyzing evaluation results.
Running muxtree optimizer on module $paramod\logic_normalization_scalar_engine\TAG_WIDTH=32'00000000000000000000000000010000..
  Creating internal representation of mux trees.
  Evaluating internal representation of mux trees.
  Analyzing evaluation results.
Running muxtree optimizer on module \fp16_add..
  Creating internal representation of mux trees.
  Evaluating internal representation of mux trees.
  Analyzing evaluation results.
Running muxtree optimizer on module \fp16_mul..
  Creating internal representation of mux trees.
  Evaluating internal representation of mux trees.
  Analyzing evaluation results.
Running muxtree optimizer on module \fp16_rsqrt_lut256..
  Creating internal representation of mux trees.
  Evaluating internal representation of mux trees.
  Analyzing evaluation results.
Running muxtree optimizer on module \logic_normalization_barrier_tree_top..
  Creating internal representation of mux trees.
  No muxes found in this module.
Removed 0 multiplexer ports.
<suppressed ~214 debug messages>

11.8.4. Executing OPT_REDUCE pass (consolidate $*mux and $reduce_* inputs).
  Optimizing cells in module $paramod$865746d0c425e5bff1afb43fc0ca954cd0aab93f\logic_normalization_bank_barrier.
  Optimizing cells in module $paramod$cf256f1e07155db3e20fb233046fedb4711c91b2\logic_normalization_scalar_engine_array.
  Optimizing cells in module $paramod$e6d2582358ff6950cc507271baa264b5b8280dfa\logic_normalization_parallel_tree_top.
  Optimizing cells in module $paramod\logic_normalization_scalar_engine\TAG_WIDTH=32'00000000000000000000000000010000.
  Optimizing cells in module \fp16_add.
  Optimizing cells in module \fp16_mul.
  Optimizing cells in module \fp16_rsqrt_lut256.
  Optimizing cells in module \logic_normalization_barrier_tree_top.
Performed a total of 0 changes.

11.8.5. Executing OPT_MERGE pass (detect identical cells).
Finding identical cells in module `$paramod$865746d0c425e5bff1afb43fc0ca954cd0aab93f\logic_normalization_bank_barrier'.
Finding identical cells in module `$paramod$cf256f1e07155db3e20fb233046fedb4711c91b2\logic_normalization_scalar_engine_array'.
Finding identical cells in module `$paramod$e6d2582358ff6950cc507271baa264b5b8280dfa\logic_normalization_parallel_tree_top'.
Finding identical cells in module `$paramod\logic_normalization_scalar_engine\TAG_WIDTH=32'00000000000000000000000000010000'.
Finding identical cells in module `\fp16_add'.
Finding identical cells in module `\fp16_mul'.
Finding identical cells in module `\fp16_rsqrt_lut256'.
Finding identical cells in module `\logic_normalization_barrier_tree_top'.
Removed a total of 0 cells.

11.8.6. Executing OPT_DFF pass (perform DFF optimizations).
Adding EN signal on $procdff$3893 ($adff) from module $paramod$865746d0c425e5bff1afb43fc0ca954cd0aab93f\logic_normalization_bank_barrier (D = \config_epsilon_i, Q = \eps_q).
Adding EN signal on $procdff$3888 ($adff) from module $paramod$865746d0c425e5bff1afb43fc0ca954cd0aab93f\logic_normalization_bank_barrier (D = \config_inv_hidden_i, Q = \invh_q).
Adding EN signal on $procdff$3883 ($adff) from module $paramod$865746d0c425e5bff1afb43fc0ca954cd0aab93f\logic_normalization_bank_barrier (D = \config_expected_mask_i, Q = \mask_q).
Adding EN signal on $procdff$3868 ($adff) from module $paramod$865746d0c425e5bff1afb43fc0ca954cd0aab93f\logic_normalization_bank_barrier (D = \config_tag_i, Q = \tag_q).
Adding EN signal on $procdff$3863 ($adff) from module $paramod$865746d0c425e5bff1afb43fc0ca954cd0aab93f\logic_normalization_bank_barrier (D = \config_rms_norm_i, Q = \mode_q).
Adding EN signal on $procdff$3858 ($dff) from module $paramod$e6d2582358ff6950cc507271baa264b5b8280dfa\logic_normalization_parallel_tree_top (D = \sumsq_stage_d[48], Q = \sumsq_stage_q[48]).
Adding EN signal on $procdff$3851 ($dff) from module $paramod$e6d2582358ff6950cc507271baa264b5b8280dfa\logic_normalization_parallel_tree_top (D = \sumsq_stage_d[33], Q = \sumsq_stage_q[33]).
Adding EN signal on $procdff$3844 ($dff) from module $paramod$e6d2582358ff6950cc507271baa264b5b8280dfa\logic_normalization_parallel_tree_top (D = \sumsq_stage_d[32], Q = \sumsq_stage_q[32]).
Adding EN signal on $procdff$3837 ($dff) from module $paramod$e6d2582358ff6950cc507271baa264b5b8280dfa\logic_normalization_parallel_tree_top (D = \sumsq_stage_d[19], Q = \sumsq_stage_q[19]).
Adding EN signal on $procdff$3830 ($dff) from module $paramod$e6d2582358ff6950cc507271baa264b5b8280dfa\logic_normalization_parallel_tree_top (D = \sumsq_stage_d[18], Q = \sumsq_stage_q[18]).
Adding EN signal on $procdff$3823 ($dff) from module $paramod$e6d2582358ff6950cc507271baa264b5b8280dfa\logic_normalization_parallel_tree_top (D = \sumsq_stage_d[17], Q = \sumsq_stage_q[17]).
Adding EN signal on $procdff$3816 ($dff) from module $paramod$e6d2582358ff6950cc507271baa264b5b8280dfa\logic_normalization_parallel_tree_top (D = \sumsq_stage_d[16], Q = \sumsq_stage_q[16]).
Adding EN signal on $procdff$3809 ($dff) from module $paramod$e6d2582358ff6950cc507271baa264b5b8280dfa\logic_normalization_parallel_tree_top (D = \sumsq_stage_d[7], Q = \sumsq_stage_q[7]).
Adding EN signal on $procdff$3802 ($dff) from module $paramod$e6d2582358ff6950cc507271baa264b5b8280dfa\logic_normalization_parallel_tree_top (D = \sumsq_stage_d[6], Q = \sumsq_stage_q[6]).
Adding EN signal on $procdff$3795 ($dff) from module $paramod$e6d2582358ff6950cc507271baa264b5b8280dfa\logic_normalization_parallel_tree_top (D = \sumsq_stage_d[5], Q = \sumsq_stage_q[5]).
Adding EN signal on $procdff$3788 ($dff) from module $paramod$e6d2582358ff6950cc507271baa264b5b8280dfa\logic_normalization_parallel_tree_top (D = \sumsq_stage_d[4], Q = \sumsq_stage_q[4]).
Adding EN signal on $procdff$3781 ($dff) from module $paramod$e6d2582358ff6950cc507271baa264b5b8280dfa\logic_normalization_parallel_tree_top (D = \sumsq_stage_d[3], Q = \sumsq_stage_q[3]).
Adding EN signal on $procdff$3774 ($dff) from module $paramod$e6d2582358ff6950cc507271baa264b5b8280dfa\logic_normalization_parallel_tree_top (D = \sumsq_stage_d[2], Q = \sumsq_stage_q[2]).
Adding EN signal on $procdff$3767 ($dff) from module $paramod$e6d2582358ff6950cc507271baa264b5b8280dfa\logic_normalization_parallel_tree_top (D = \sumsq_stage_d[1], Q = \sumsq_stage_q[1]).
Adding EN signal on $procdff$3760 ($dff) from module $paramod$e6d2582358ff6950cc507271baa264b5b8280dfa\logic_normalization_parallel_tree_top (D = \sumsq_stage_d[0], Q = \sumsq_stage_q[0]).
Adding EN signal on $procdff$3753 ($dff) from module $paramod$e6d2582358ff6950cc507271baa264b5b8280dfa\logic_normalization_parallel_tree_top (D = \sum_stage_d[48], Q = \sum_stage_q[48]).
Adding EN signal on $procdff$3746 ($dff) from module $paramod$e6d2582358ff6950cc507271baa264b5b8280dfa\logic_normalization_parallel_tree_top (D = \sum_stage_d[33], Q = \sum_stage_q[33]).
Adding EN signal on $procdff$3739 ($dff) from module $paramod$e6d2582358ff6950cc507271baa264b5b8280dfa\logic_normalization_parallel_tree_top (D = \sum_stage_d[32], Q = \sum_stage_q[32]).
Adding EN signal on $procdff$3732 ($dff) from module $paramod$e6d2582358ff6950cc507271baa264b5b8280dfa\logic_normalization_parallel_tree_top (D = \sum_stage_d[19], Q = \sum_stage_q[19]).
Adding EN signal on $procdff$3725 ($dff) from module $paramod$e6d2582358ff6950cc507271baa264b5b8280dfa\logic_normalization_parallel_tree_top (D = \sum_stage_d[18], Q = \sum_stage_q[18]).
Adding EN signal on $procdff$3718 ($dff) from module $paramod$e6d2582358ff6950cc507271baa264b5b8280dfa\logic_normalization_parallel_tree_top (D = \sum_stage_d[17], Q = \sum_stage_q[17]).
Adding EN signal on $procdff$3711 ($dff) from module $paramod$e6d2582358ff6950cc507271baa264b5b8280dfa\logic_normalization_parallel_tree_top (D = \sum_stage_d[16], Q = \sum_stage_q[16]).
Adding EN signal on $procdff$3704 ($dff) from module $paramod$e6d2582358ff6950cc507271baa264b5b8280dfa\logic_normalization_parallel_tree_top (D = \sum_stage_d[7], Q = \sum_stage_q[7]).
Adding EN signal on $procdff$3697 ($dff) from module $paramod$e6d2582358ff6950cc507271baa264b5b8280dfa\logic_normalization_parallel_tree_top (D = \sum_stage_d[6], Q = \sum_stage_q[6]).
Adding EN signal on $procdff$3690 ($dff) from module $paramod$e6d2582358ff6950cc507271baa264b5b8280dfa\logic_normalization_parallel_tree_top (D = \sum_stage_d[5], Q = \sum_stage_q[5]).
Adding EN signal on $procdff$3683 ($dff) from module $paramod$e6d2582358ff6950cc507271baa264b5b8280dfa\logic_normalization_parallel_tree_top (D = \sum_stage_d[4], Q = \sum_stage_q[4]).
Adding EN signal on $procdff$3676 ($dff) from module $paramod$e6d2582358ff6950cc507271baa264b5b8280dfa\logic_normalization_parallel_tree_top (D = \sum_stage_d[3], Q = \sum_stage_q[3]).
Adding EN signal on $procdff$3669 ($dff) from module $paramod$e6d2582358ff6950cc507271baa264b5b8280dfa\logic_normalization_parallel_tree_top (D = \sum_stage_d[2], Q = \sum_stage_q[2]).
Adding EN signal on $procdff$3662 ($dff) from module $paramod$e6d2582358ff6950cc507271baa264b5b8280dfa\logic_normalization_parallel_tree_top (D = \sum_stage_d[1], Q = \sum_stage_q[1]).
Adding EN signal on $procdff$3655 ($dff) from module $paramod$e6d2582358ff6950cc507271baa264b5b8280dfa\logic_normalization_parallel_tree_top (D = \sum_stage_d[0], Q = \sum_stage_q[0]).
Adding EN signal on $procdff$3606 ($adff) from module $paramod$e6d2582358ff6950cc507271baa264b5b8280dfa\logic_normalization_parallel_tree_top (D = $0\outstanding_q[3:0], Q = \outstanding_q).
Adding EN signal on $procdff$3601 ($adff) from module $paramod$e6d2582358ff6950cc507271baa264b5b8280dfa\logic_normalization_parallel_tree_top (D = $add$rtl/logic_normalization_parallel_tree_top.sv:93$1106_Y, Q = \rsp_rr_q).
Adding EN signal on $procdff$3596 ($adff) from module $paramod$e6d2582358ff6950cc507271baa264b5b8280dfa\logic_normalization_parallel_tree_top (D = $add$rtl/logic_normalization_parallel_tree_top.sv:92$1105_Y, Q = \alloc_rr_q).
Adding EN signal on $procdff$3968 ($adff) from module $paramod\logic_normalization_scalar_engine\TAG_WIDTH=32'00000000000000000000000000010000 (D = \epsilon_result, Q = \argument_q).
Adding EN signal on $procdff$3963 ($adff) from module $paramod\logic_normalization_scalar_engine\TAG_WIDTH=32'00000000000000000000000000010000 (D = $ternary$rtl/logic_normalization_scalar_engine.sv:102$790_Y, Q = \variance_q).
Adding EN signal on $procdff$3958 ($adff) from module $paramod\logic_normalization_scalar_engine\TAG_WIDTH=32'00000000000000000000000000010000 (D = \input_mean_square, Q = \mean_square_q).
Adding EN signal on $procdff$3953 ($adff) from module $paramod\logic_normalization_scalar_engine\TAG_WIDTH=32'00000000000000000000000000010000 (D = $ternary$rtl/logic_normalization_scalar_engine.sv:96$789_Y, Q = \mean_q).
Adding EN signal on $procdff$3948 ($adff) from module $paramod\logic_normalization_scalar_engine\TAG_WIDTH=32'00000000000000000000000000010000 (D = \epsilon_i, Q = \epsilon_q).
Adding EN signal on $procdff$3943 ($adff) from module $paramod\logic_normalization_scalar_engine\TAG_WIDTH=32'00000000000000000000000000010000 (D = \request_tag_i, Q = \tag_q).
Adding EN signal on $procdff$3938 ($adff) from module $paramod\logic_normalization_scalar_engine\TAG_WIDTH=32'00000000000000000000000000010000 (D = $0\clamped_q[0:0], Q = \clamped_q).
Adding EN signal on $procdff$3933 ($adff) from module $paramod\logic_normalization_scalar_engine\TAG_WIDTH=32'00000000000000000000000000010000 (D = \rms_norm_i, Q = \mode_q).
Adding EN signal on $procdff$3928 ($adff) from module $paramod\logic_normalization_scalar_engine\TAG_WIDTH=32'00000000000000000000000000010000 (D = $0\state_q[2:0], Q = \state_q).
Adding EN signal on $procdff$3923 ($adff) from module $paramod\logic_normalization_scalar_engine\TAG_WIDTH=32'00000000000000000000000000010000 (D = \clamped_q, Q = \variance_clamped_o).
Adding EN signal on $procdff$3918 ($adff) from module $paramod\logic_normalization_scalar_engine\TAG_WIDTH=32'00000000000000000000000000010000 (D = \rsqrt_output_data, Q = \inv_std_o).
Adding EN signal on $procdff$3913 ($adff) from module $paramod\logic_normalization_scalar_engine\TAG_WIDTH=32'00000000000000000000000000010000 (D = \mean_q, Q = \mean_o).
Adding EN signal on $procdff$3908 ($adff) from module $paramod\logic_normalization_scalar_engine\TAG_WIDTH=32'00000000000000000000000000010000 (D = \tag_q, Q = \response_tag_o).
Adding EN signal on $procdff$3903 ($adff) from module $paramod\logic_normalization_scalar_engine\TAG_WIDTH=32'00000000000000000000000000010000 (D = \mode_q, Q = \response_rms_norm_o).
Adding EN signal on $procdff$3978 ($adff) from module fp16_rsqrt_lut256 (D = $4\approximate_rsqrt$func$rtl/fp16_rsqrt_lut256.sv:79$229.$result[15:0]$294, Q = \output_data_o).
Adding EN signal on $procdff$3973 ($adff) from module fp16_rsqrt_lut256 (D = \input_valid_i, Q = \output_valid_o).

11.8.7. Executing OPT_CLEAN pass (remove unused cells and wires).
Finding unused cells or wires in module $paramod$865746d0c425e5bff1afb43fc0ca954cd0aab93f\logic_normalization_bank_barrier..
Finding unused cells or wires in module $paramod$cf256f1e07155db3e20fb233046fedb4711c91b2\logic_normalization_scalar_engine_array..
Finding unused cells or wires in module $paramod$e6d2582358ff6950cc507271baa264b5b8280dfa\logic_normalization_parallel_tree_top..
Finding unused cells or wires in module $paramod\logic_normalization_scalar_engine\TAG_WIDTH=32'00000000000000000000000000010000..
Finding unused cells or wires in module \fp16_add..
Finding unused cells or wires in module \fp16_mul..
Finding unused cells or wires in module \fp16_rsqrt_lut256..
Finding unused cells or wires in module \logic_normalization_barrier_tree_top..
Removed 67 unused cells and 67 unused wires.
<suppressed ~71 debug messages>

11.8.8. Executing OPT_EXPR pass (perform const folding).
Optimizing module $paramod$865746d0c425e5bff1afb43fc0ca954cd0aab93f\logic_normalization_bank_barrier.
Optimizing module $paramod$cf256f1e07155db3e20fb233046fedb4711c91b2\logic_normalization_scalar_engine_array.
Optimizing module $paramod$e6d2582358ff6950cc507271baa264b5b8280dfa\logic_normalization_parallel_tree_top.
<suppressed ~1 debug messages>
Optimizing module $paramod\logic_normalization_scalar_engine\TAG_WIDTH=32'00000000000000000000000000010000.
<suppressed ~1 debug messages>
Optimizing module fp16_add.
Optimizing module fp16_mul.
Optimizing module fp16_rsqrt_lut256.
Optimizing module logic_normalization_barrier_tree_top.

11.8.9. Rerunning OPT passes. (Maybe there is more to do..)

11.8.10. Executing OPT_MUXTREE pass (detect dead branches in mux trees).
Running muxtree optimizer on module $paramod$865746d0c425e5bff1afb43fc0ca954cd0aab93f\logic_normalization_bank_barrier..
  Creating internal representation of mux trees.
  Evaluating internal representation of mux trees.
  Analyzing evaluation results.
Running muxtree optimizer on module $paramod$cf256f1e07155db3e20fb233046fedb4711c91b2\logic_normalization_scalar_engine_array..
  Creating internal representation of mux trees.
  No muxes found in this module.
Running muxtree optimizer on module $paramod$e6d2582358ff6950cc507271baa264b5b8280dfa\logic_normalization_parallel_tree_top..
  Creating internal representation of mux trees.
  Evaluating internal representation of mux trees.
  Analyzing evaluation results.
Running muxtree optimizer on module $paramod\logic_normalization_scalar_engine\TAG_WIDTH=32'00000000000000000000000000010000..
  Creating internal representation of mux trees.
  Evaluating internal representation of mux trees.
  Analyzing evaluation results.
Running muxtree optimizer on module \fp16_add..
  Creating internal representation of mux trees.
  Evaluating internal representation of mux trees.
  Analyzing evaluation results.
Running muxtree optimizer on module \fp16_mul..
  Creating internal representation of mux trees.
  Evaluating internal representation of mux trees.
  Analyzing evaluation results.
Running muxtree optimizer on module \fp16_rsqrt_lut256..
  Creating internal representation of mux trees.
  Evaluating internal representation of mux trees.
  Analyzing evaluation results.
Running muxtree optimizer on module \logic_normalization_barrier_tree_top..
  Creating internal representation of mux trees.
  No muxes found in this module.
Removed 0 multiplexer ports.
<suppressed ~166 debug messages>

11.8.11. Executing OPT_REDUCE pass (consolidate $*mux and $reduce_* inputs).
  Optimizing cells in module $paramod$865746d0c425e5bff1afb43fc0ca954cd0aab93f\logic_normalization_bank_barrier.
  Optimizing cells in module $paramod$cf256f1e07155db3e20fb233046fedb4711c91b2\logic_normalization_scalar_engine_array.
  Optimizing cells in module $paramod$e6d2582358ff6950cc507271baa264b5b8280dfa\logic_normalization_parallel_tree_top.
  Optimizing cells in module $paramod\logic_normalization_scalar_engine\TAG_WIDTH=32'00000000000000000000000000010000.
  Optimizing cells in module \fp16_add.
  Optimizing cells in module \fp16_mul.
  Optimizing cells in module \fp16_rsqrt_lut256.
  Optimizing cells in module \logic_normalization_barrier_tree_top.
Performed a total of 0 changes.

11.8.12. Executing OPT_MERGE pass (detect identical cells).
Finding identical cells in module `$paramod$865746d0c425e5bff1afb43fc0ca954cd0aab93f\logic_normalization_bank_barrier'.
<suppressed ~24 debug messages>
Finding identical cells in module `$paramod$cf256f1e07155db3e20fb233046fedb4711c91b2\logic_normalization_scalar_engine_array'.
Finding identical cells in module `$paramod$e6d2582358ff6950cc507271baa264b5b8280dfa\logic_normalization_parallel_tree_top'.
Finding identical cells in module `$paramod\logic_normalization_scalar_engine\TAG_WIDTH=32'00000000000000000000000000010000'.
<suppressed ~27 debug messages>
Finding identical cells in module `\fp16_add'.
Finding identical cells in module `\fp16_mul'.
Finding identical cells in module `\fp16_rsqrt_lut256'.
Finding identical cells in module `\logic_normalization_barrier_tree_top'.
Removed a total of 17 cells.

11.8.13. Executing OPT_DFF pass (perform DFF optimizations).

11.8.14. Executing OPT_CLEAN pass (remove unused cells and wires).
Finding unused cells or wires in module $paramod$865746d0c425e5bff1afb43fc0ca954cd0aab93f\logic_normalization_bank_barrier..
Finding unused cells or wires in module $paramod$cf256f1e07155db3e20fb233046fedb4711c91b2\logic_normalization_scalar_engine_array..
Finding unused cells or wires in module $paramod$e6d2582358ff6950cc507271baa264b5b8280dfa\logic_normalization_parallel_tree_top..
Finding unused cells or wires in module $paramod\logic_normalization_scalar_engine\TAG_WIDTH=32'00000000000000000000000000010000..
Finding unused cells or wires in module \fp16_add..
Finding unused cells or wires in module \fp16_mul..
Finding unused cells or wires in module \fp16_rsqrt_lut256..
Finding unused cells or wires in module \logic_normalization_barrier_tree_top..
Removed 0 unused cells and 17 unused wires.
<suppressed ~2 debug messages>

11.8.15. Executing OPT_EXPR pass (perform const folding).
Optimizing module $paramod$865746d0c425e5bff1afb43fc0ca954cd0aab93f\logic_normalization_bank_barrier.
Optimizing module $paramod$cf256f1e07155db3e20fb233046fedb4711c91b2\logic_normalization_scalar_engine_array.
Optimizing module $paramod$e6d2582358ff6950cc507271baa264b5b8280dfa\logic_normalization_parallel_tree_top.
Optimizing module $paramod\logic_normalization_scalar_engine\TAG_WIDTH=32'00000000000000000000000000010000.
Optimizing module fp16_add.
Optimizing module fp16_mul.
Optimizing module fp16_rsqrt_lut256.
Optimizing module logic_normalization_barrier_tree_top.

11.8.16. Rerunning OPT passes. (Maybe there is more to do..)

11.8.17. Executing OPT_MUXTREE pass (detect dead branches in mux trees).
Running muxtree optimizer on module $paramod$865746d0c425e5bff1afb43fc0ca954cd0aab93f\logic_normalization_bank_barrier..
  Creating internal representation of mux trees.
  Evaluating internal representation of mux trees.
  Analyzing evaluation results.
Running muxtree optimizer on module $paramod$cf256f1e07155db3e20fb233046fedb4711c91b2\logic_normalization_scalar_engine_array..
  Creating internal representation of mux trees.
  No muxes found in this module.
Running muxtree optimizer on module $paramod$e6d2582358ff6950cc507271baa264b5b8280dfa\logic_normalization_parallel_tree_top..
  Creating internal representation of mux trees.
  Evaluating internal representation of mux trees.
  Analyzing evaluation results.
Running muxtree optimizer on module $paramod\logic_normalization_scalar_engine\TAG_WIDTH=32'00000000000000000000000000010000..
  Creating internal representation of mux trees.
  Evaluating internal representation of mux trees.
  Analyzing evaluation results.
Running muxtree optimizer on module \fp16_add..
  Creating internal representation of mux trees.
  Evaluating internal representation of mux trees.
  Analyzing evaluation results.
Running muxtree optimizer on module \fp16_mul..
  Creating internal representation of mux trees.
  Evaluating internal representation of mux trees.
  Analyzing evaluation results.
Running muxtree optimizer on module \fp16_rsqrt_lut256..
  Creating internal representation of mux trees.
  Evaluating internal representation of mux trees.
  Analyzing evaluation results.
Running muxtree optimizer on module \logic_normalization_barrier_tree_top..
  Creating internal representation of mux trees.
  No muxes found in this module.
Removed 0 multiplexer ports.
<suppressed ~166 debug messages>

11.8.18. Executing OPT_REDUCE pass (consolidate $*mux and $reduce_* inputs).
  Optimizing cells in module $paramod$865746d0c425e5bff1afb43fc0ca954cd0aab93f\logic_normalization_bank_barrier.
  Optimizing cells in module $paramod$cf256f1e07155db3e20fb233046fedb4711c91b2\logic_normalization_scalar_engine_array.
  Optimizing cells in module $paramod$e6d2582358ff6950cc507271baa264b5b8280dfa\logic_normalization_parallel_tree_top.
  Optimizing cells in module $paramod\logic_normalization_scalar_engine\TAG_WIDTH=32'00000000000000000000000000010000.
  Optimizing cells in module \fp16_add.
  Optimizing cells in module \fp16_mul.
  Optimizing cells in module \fp16_rsqrt_lut256.
  Optimizing cells in module \logic_normalization_barrier_tree_top.
Performed a total of 0 changes.

11.8.19. Executing OPT_MERGE pass (detect identical cells).
Finding identical cells in module `$paramod$865746d0c425e5bff1afb43fc0ca954cd0aab93f\logic_normalization_bank_barrier'.
Finding identical cells in module `$paramod$cf256f1e07155db3e20fb233046fedb4711c91b2\logic_normalization_scalar_engine_array'.
Finding identical cells in module `$paramod$e6d2582358ff6950cc507271baa264b5b8280dfa\logic_normalization_parallel_tree_top'.
Finding identical cells in module `$paramod\logic_normalization_scalar_engine\TAG_WIDTH=32'00000000000000000000000000010000'.
Finding identical cells in module `\fp16_add'.
Finding identical cells in module `\fp16_mul'.
Finding identical cells in module `\fp16_rsqrt_lut256'.
Finding identical cells in module `\logic_normalization_barrier_tree_top'.
Removed a total of 0 cells.

11.8.20. Executing OPT_DFF pass (perform DFF optimizations).

11.8.21. Executing OPT_CLEAN pass (remove unused cells and wires).
Finding unused cells or wires in module $paramod$865746d0c425e5bff1afb43fc0ca954cd0aab93f\logic_normalization_bank_barrier..
Finding unused cells or wires in module $paramod$cf256f1e07155db3e20fb233046fedb4711c91b2\logic_normalization_scalar_engine_array..
Finding unused cells or wires in module $paramod$e6d2582358ff6950cc507271baa264b5b8280dfa\logic_normalization_parallel_tree_top..
Finding unused cells or wires in module $paramod\logic_normalization_scalar_engine\TAG_WIDTH=32'00000000000000000000000000010000..
Finding unused cells or wires in module \fp16_add..
Finding unused cells or wires in module \fp16_mul..
Finding unused cells or wires in module \fp16_rsqrt_lut256..
Finding unused cells or wires in module \logic_normalization_barrier_tree_top..

11.8.22. Executing OPT_EXPR pass (perform const folding).
Optimizing module $paramod$865746d0c425e5bff1afb43fc0ca954cd0aab93f\logic_normalization_bank_barrier.
Optimizing module $paramod$cf256f1e07155db3e20fb233046fedb4711c91b2\logic_normalization_scalar_engine_array.
Optimizing module $paramod$e6d2582358ff6950cc507271baa264b5b8280dfa\logic_normalization_parallel_tree_top.
Optimizing module $paramod\logic_normalization_scalar_engine\TAG_WIDTH=32'00000000000000000000000000010000.
Optimizing module fp16_add.
Optimizing module fp16_mul.
Optimizing module fp16_rsqrt_lut256.
Optimizing module logic_normalization_barrier_tree_top.

11.8.23. Finished OPT passes. (There is nothing left to do.)

11.9. Executing WREDUCE pass (reducing word size of cells).
Removed top 1 bits (of 2) from port B of cell $paramod$e6d2582358ff6950cc507271baa264b5b8280dfa\logic_normalization_parallel_tree_top.$procmux$1147_CMP0 ($eq).
Removed top 28 bits (of 32) from port B of cell $paramod$e6d2582358ff6950cc507271baa264b5b8280dfa\logic_normalization_parallel_tree_top.$lt$rtl/logic_normalization_parallel_tree_top.sv:34$952 ($lt).
Removed top 28 bits (of 32) from port B of cell $paramod$e6d2582358ff6950cc507271baa264b5b8280dfa\logic_normalization_parallel_tree_top.$shiftx$rtl/logic_normalization_parallel_tree_top.sv:0$979 ($shiftx).
Removed top 31 bits (of 32) from port B of cell $paramod$e6d2582358ff6950cc507271baa264b5b8280dfa\logic_normalization_parallel_tree_top.$add$rtl/logic_normalization_parallel_tree_top.sv:53$981 ($add).
Removed top 29 bits (of 32) from port Y of cell $paramod$e6d2582358ff6950cc507271baa264b5b8280dfa\logic_normalization_parallel_tree_top.$add$rtl/logic_normalization_parallel_tree_top.sv:53$981 ($add).
Removed top 28 bits (of 32) from port B of cell $paramod$e6d2582358ff6950cc507271baa264b5b8280dfa\logic_normalization_parallel_tree_top.$shiftx$rtl/logic_normalization_parallel_tree_top.sv:0$984 ($shiftx).
Removed top 30 bits (of 32) from port B of cell $paramod$e6d2582358ff6950cc507271baa264b5b8280dfa\logic_normalization_parallel_tree_top.$add$rtl/logic_normalization_parallel_tree_top.sv:53$986 ($add).
Removed top 29 bits (of 32) from port Y of cell $paramod$e6d2582358ff6950cc507271baa264b5b8280dfa\logic_normalization_parallel_tree_top.$add$rtl/logic_normalization_parallel_tree_top.sv:53$986 ($add).
Removed top 28 bits (of 32) from port B of cell $paramod$e6d2582358ff6950cc507271baa264b5b8280dfa\logic_normalization_parallel_tree_top.$shiftx$rtl/logic_normalization_parallel_tree_top.sv:0$989 ($shiftx).
Removed top 30 bits (of 32) from port B of cell $paramod$e6d2582358ff6950cc507271baa264b5b8280dfa\logic_normalization_parallel_tree_top.$add$rtl/logic_normalization_parallel_tree_top.sv:53$991 ($add).
Removed top 29 bits (of 32) from port Y of cell $paramod$e6d2582358ff6950cc507271baa264b5b8280dfa\logic_normalization_parallel_tree_top.$add$rtl/logic_normalization_parallel_tree_top.sv:53$991 ($add).
Removed top 28 bits (of 32) from port B of cell $paramod$e6d2582358ff6950cc507271baa264b5b8280dfa\logic_normalization_parallel_tree_top.$shiftx$rtl/logic_normalization_parallel_tree_top.sv:0$994 ($shiftx).
Removed top 29 bits (of 32) from port B of cell $paramod$e6d2582358ff6950cc507271baa264b5b8280dfa\logic_normalization_parallel_tree_top.$add$rtl/logic_normalization_parallel_tree_top.sv:53$996 ($add).
Removed top 29 bits (of 32) from port Y of cell $paramod$e6d2582358ff6950cc507271baa264b5b8280dfa\logic_normalization_parallel_tree_top.$add$rtl/logic_normalization_parallel_tree_top.sv:53$996 ($add).
Removed top 28 bits (of 32) from port B of cell $paramod$e6d2582358ff6950cc507271baa264b5b8280dfa\logic_normalization_parallel_tree_top.$shiftx$rtl/logic_normalization_parallel_tree_top.sv:0$999 ($shiftx).
Removed top 29 bits (of 32) from port B of cell $paramod$e6d2582358ff6950cc507271baa264b5b8280dfa\logic_normalization_parallel_tree_top.$add$rtl/logic_normalization_parallel_tree_top.sv:53$1001 ($add).
Removed top 29 bits (of 32) from port Y of cell $paramod$e6d2582358ff6950cc507271baa264b5b8280dfa\logic_normalization_parallel_tree_top.$add$rtl/logic_normalization_parallel_tree_top.sv:53$1001 ($add).
Removed top 28 bits (of 32) from port B of cell $paramod$e6d2582358ff6950cc507271baa264b5b8280dfa\logic_normalization_parallel_tree_top.$shiftx$rtl/logic_normalization_parallel_tree_top.sv:0$1004 ($shiftx).
Removed top 29 bits (of 32) from port B of cell $paramod$e6d2582358ff6950cc507271baa264b5b8280dfa\logic_normalization_parallel_tree_top.$add$rtl/logic_normalization_parallel_tree_top.sv:53$1006 ($add).
Removed top 29 bits (of 32) from port Y of cell $paramod$e6d2582358ff6950cc507271baa264b5b8280dfa\logic_normalization_parallel_tree_top.$add$rtl/logic_normalization_parallel_tree_top.sv:53$1006 ($add).
Removed top 28 bits (of 32) from port B of cell $paramod$e6d2582358ff6950cc507271baa264b5b8280dfa\logic_normalization_parallel_tree_top.$shiftx$rtl/logic_normalization_parallel_tree_top.sv:0$1009 ($shiftx).
Removed top 29 bits (of 32) from port B of cell $paramod$e6d2582358ff6950cc507271baa264b5b8280dfa\logic_normalization_parallel_tree_top.$add$rtl/logic_normalization_parallel_tree_top.sv:53$1011 ($add).
Removed top 29 bits (of 32) from port Y of cell $paramod$e6d2582358ff6950cc507271baa264b5b8280dfa\logic_normalization_parallel_tree_top.$add$rtl/logic_normalization_parallel_tree_top.sv:53$1011 ($add).
Removed top 28 bits (of 32) from port B of cell $paramod$e6d2582358ff6950cc507271baa264b5b8280dfa\logic_normalization_parallel_tree_top.$shiftx$rtl/logic_normalization_parallel_tree_top.sv:0$1014 ($shiftx).
Converting cell $paramod$e6d2582358ff6950cc507271baa264b5b8280dfa\logic_normalization_parallel_tree_top.$neg$rtl/logic_normalization_parallel_tree_top.sv:0$1022 ($neg) from signed to unsigned.
Removed top 1 bits (of 4) from port A of cell $paramod$e6d2582358ff6950cc507271baa264b5b8280dfa\logic_normalization_parallel_tree_top.$neg$rtl/logic_normalization_parallel_tree_top.sv:0$1022 ($neg).
Removed top 24 bits (of 32) from port Y of cell $paramod$e6d2582358ff6950cc507271baa264b5b8280dfa\logic_normalization_parallel_tree_top.$shift$rtl/logic_normalization_parallel_tree_top.sv:0$1023 ($shift).
Removed top 28 bits (of 32) from port B of cell $paramod$e6d2582358ff6950cc507271baa264b5b8280dfa\logic_normalization_parallel_tree_top.$shiftx$rtl/logic_normalization_parallel_tree_top.sv:0$1028 ($shiftx).
Removed top 31 bits (of 32) from port B of cell $paramod$e6d2582358ff6950cc507271baa264b5b8280dfa\logic_normalization_parallel_tree_top.$add$rtl/logic_normalization_parallel_tree_top.sv:65$1030 ($add).
Removed top 29 bits (of 32) from port Y of cell $paramod$e6d2582358ff6950cc507271baa264b5b8280dfa\logic_normalization_parallel_tree_top.$add$rtl/logic_normalization_parallel_tree_top.sv:65$1030 ($add).
Removed top 28 bits (of 32) from port B of cell $paramod$e6d2582358ff6950cc507271baa264b5b8280dfa\logic_normalization_parallel_tree_top.$shiftx$rtl/logic_normalization_parallel_tree_top.sv:0$1033 ($shiftx).
Removed top 30 bits (of 32) from port B of cell $paramod$e6d2582358ff6950cc507271baa264b5b8280dfa\logic_normalization_parallel_tree_top.$add$rtl/logic_normalization_parallel_tree_top.sv:65$1035 ($add).
Removed top 29 bits (of 32) from port Y of cell $paramod$e6d2582358ff6950cc507271baa264b5b8280dfa\logic_normalization_parallel_tree_top.$add$rtl/logic_normalization_parallel_tree_top.sv:65$1035 ($add).
Removed top 28 bits (of 32) from port B of cell $paramod$e6d2582358ff6950cc507271baa264b5b8280dfa\logic_normalization_parallel_tree_top.$shiftx$rtl/logic_normalization_parallel_tree_top.sv:0$1038 ($shiftx).
Removed top 30 bits (of 32) from port B of cell $paramod$e6d2582358ff6950cc507271baa264b5b8280dfa\logic_normalization_parallel_tree_top.$add$rtl/logic_normalization_parallel_tree_top.sv:65$1040 ($add).
Removed top 29 bits (of 32) from port Y of cell $paramod$e6d2582358ff6950cc507271baa264b5b8280dfa\logic_normalization_parallel_tree_top.$add$rtl/logic_normalization_parallel_tree_top.sv:65$1040 ($add).
Removed top 28 bits (of 32) from port B of cell $paramod$e6d2582358ff6950cc507271baa264b5b8280dfa\logic_normalization_parallel_tree_top.$shiftx$rtl/logic_normalization_parallel_tree_top.sv:0$1043 ($shiftx).
Removed top 29 bits (of 32) from port B of cell $paramod$e6d2582358ff6950cc507271baa264b5b8280dfa\logic_normalization_parallel_tree_top.$add$rtl/logic_normalization_parallel_tree_top.sv:65$1045 ($add).
Removed top 29 bits (of 32) from port Y of cell $paramod$e6d2582358ff6950cc507271baa264b5b8280dfa\logic_normalization_parallel_tree_top.$add$rtl/logic_normalization_parallel_tree_top.sv:65$1045 ($add).
Removed top 28 bits (of 32) from port B of cell $paramod$e6d2582358ff6950cc507271baa264b5b8280dfa\logic_normalization_parallel_tree_top.$shiftx$rtl/logic_normalization_parallel_tree_top.sv:0$1048 ($shiftx).
Removed top 29 bits (of 32) from port B of cell $paramod$e6d2582358ff6950cc507271baa264b5b8280dfa\logic_normalization_parallel_tree_top.$add$rtl/logic_normalization_parallel_tree_top.sv:65$1050 ($add).
Removed top 29 bits (of 32) from port Y of cell $paramod$e6d2582358ff6950cc507271baa264b5b8280dfa\logic_normalization_parallel_tree_top.$add$rtl/logic_normalization_parallel_tree_top.sv:65$1050 ($add).
Removed top 28 bits (of 32) from port B of cell $paramod$e6d2582358ff6950cc507271baa264b5b8280dfa\logic_normalization_parallel_tree_top.$shiftx$rtl/logic_normalization_parallel_tree_top.sv:0$1053 ($shiftx).
Removed top 29 bits (of 32) from port B of cell $paramod$e6d2582358ff6950cc507271baa264b5b8280dfa\logic_normalization_parallel_tree_top.$add$rtl/logic_normalization_parallel_tree_top.sv:65$1055 ($add).
Removed top 29 bits (of 32) from port Y of cell $paramod$e6d2582358ff6950cc507271baa264b5b8280dfa\logic_normalization_parallel_tree_top.$add$rtl/logic_normalization_parallel_tree_top.sv:65$1055 ($add).
Removed top 28 bits (of 32) from port B of cell $paramod$e6d2582358ff6950cc507271baa264b5b8280dfa\logic_normalization_parallel_tree_top.$shiftx$rtl/logic_normalization_parallel_tree_top.sv:0$1058 ($shiftx).
Removed top 29 bits (of 32) from port B of cell $paramod$e6d2582358ff6950cc507271baa264b5b8280dfa\logic_normalization_parallel_tree_top.$add$rtl/logic_normalization_parallel_tree_top.sv:65$1060 ($add).
Removed top 29 bits (of 32) from port Y of cell $paramod$e6d2582358ff6950cc507271baa264b5b8280dfa\logic_normalization_parallel_tree_top.$add$rtl/logic_normalization_parallel_tree_top.sv:65$1060 ($add).
Removed top 28 bits (of 32) from port B of cell $paramod$e6d2582358ff6950cc507271baa264b5b8280dfa\logic_normalization_parallel_tree_top.$shiftx$rtl/logic_normalization_parallel_tree_top.sv:0$1063 ($shiftx).
Removed top 31 bits (of 32) from mux cell $paramod$e6d2582358ff6950cc507271baa264b5b8280dfa\logic_normalization_parallel_tree_top.$ternary$rtl/logic_normalization_parallel_tree_top.sv:69$1067 ($mux).
Removed top 24 bits (of 32) from port B of cell $paramod$e6d2582358ff6950cc507271baa264b5b8280dfa\logic_normalization_parallel_tree_top.$shiftx$rtl/logic_normalization_parallel_tree_top.sv:0$1069 ($shiftx).
Removed top 24 bits (of 32) from port B of cell $paramod$e6d2582358ff6950cc507271baa264b5b8280dfa\logic_normalization_parallel_tree_top.$shiftx$rtl/logic_normalization_parallel_tree_top.sv:0$1072 ($shiftx).
Removed top 24 bits (of 32) from port B of cell $paramod$e6d2582358ff6950cc507271baa264b5b8280dfa\logic_normalization_parallel_tree_top.$shiftx$rtl/logic_normalization_parallel_tree_top.sv:0$1075 ($shiftx).
Removed top 31 bits (of 32) from mux cell $paramod$e6d2582358ff6950cc507271baa264b5b8280dfa\logic_normalization_parallel_tree_top.$ternary$rtl/logic_normalization_parallel_tree_top.sv:73$1079 ($mux).
Converting cell $paramod$e6d2582358ff6950cc507271baa264b5b8280dfa\logic_normalization_parallel_tree_top.$neg$rtl/logic_normalization_parallel_tree_top.sv:0$1085 ($neg) from signed to unsigned.
Removed top 1 bits (of 4) from port A of cell $paramod$e6d2582358ff6950cc507271baa264b5b8280dfa\logic_normalization_parallel_tree_top.$neg$rtl/logic_normalization_parallel_tree_top.sv:0$1085 ($neg).
Removed top 29 bits (of 32) from wire $paramod$e6d2582358ff6950cc507271baa264b5b8280dfa\logic_normalization_parallel_tree_top.$0$fordecl_block$410.$for_loop$411[1].$unnamed_block$412.idx[31:0]$958.
Removed top 29 bits (of 32) from wire $paramod$e6d2582358ff6950cc507271baa264b5b8280dfa\logic_normalization_parallel_tree_top.$0$fordecl_block$410.$for_loop$411[2].$unnamed_block$412.idx[31:0]$959.
Removed top 29 bits (of 32) from wire $paramod$e6d2582358ff6950cc507271baa264b5b8280dfa\logic_normalization_parallel_tree_top.$0$fordecl_block$410.$for_loop$411[3].$unnamed_block$412.idx[31:0]$960.
Removed top 29 bits (of 32) from wire $paramod$e6d2582358ff6950cc507271baa264b5b8280dfa\logic_normalization_parallel_tree_top.$0$fordecl_block$410.$for_loop$411[4].$unnamed_block$412.idx[31:0]$961.
Removed top 29 bits (of 32) from wire $paramod$e6d2582358ff6950cc507271baa264b5b8280dfa\logic_normalization_parallel_tree_top.$0$fordecl_block$410.$for_loop$411[5].$unnamed_block$412.idx[31:0]$962.
Removed top 29 bits (of 32) from wire $paramod$e6d2582358ff6950cc507271baa264b5b8280dfa\logic_normalization_parallel_tree_top.$0$fordecl_block$410.$for_loop$411[6].$unnamed_block$412.idx[31:0]$963.
Removed top 31 bits (of 32) from wire $paramod$e6d2582358ff6950cc507271baa264b5b8280dfa\logic_normalization_parallel_tree_top.$extend$rtl/logic_normalization_parallel_tree_top.sv:69$1066_Y.
Removed top 31 bits (of 32) from wire $paramod$e6d2582358ff6950cc507271baa264b5b8280dfa\logic_normalization_parallel_tree_top.$extend$rtl/logic_normalization_parallel_tree_top.sv:73$1078_Y.
Removed top 7 bits (of 16) from wire $paramod$e6d2582358ff6950cc507271baa264b5b8280dfa\logic_normalization_parallel_tree_top.$indirect$\rhs_i$rtl/logic_normalization_parallel_tree_top.sv:41$905.
Removed top 24 bits (of 32) from wire $paramod$e6d2582358ff6950cc507271baa264b5b8280dfa\logic_normalization_parallel_tree_top.$or$rtl/logic_normalization_parallel_tree_top.sv:0$1024_Y.
Removed top 2 bits (of 3) from port B of cell $paramod\logic_normalization_scalar_engine\TAG_WIDTH=32'00000000000000000000000000010000.$procmux$1599_CMP0 ($eq).
Removed top 1 bits (of 3) from port B of cell $paramod\logic_normalization_scalar_engine\TAG_WIDTH=32'00000000000000000000000000010000.$procmux$1593_CMP0 ($eq).
Removed top 1 bits (of 3) from port B of cell $paramod\logic_normalization_scalar_engine\TAG_WIDTH=32'00000000000000000000000000010000.$eq$rtl/logic_normalization_scalar_engine.sv:52$776 ($eq).
Removed top 1 bits (of 2) from port B of cell $paramod\logic_normalization_scalar_engine\TAG_WIDTH=32'00000000000000000000000000010000.$auto$opt_dff.cc:195:make_patterns_logic$4134 ($ne).
Removed top 1 bits (of 2) from port B of cell $paramod\logic_normalization_scalar_engine\TAG_WIDTH=32'00000000000000000000000000010000.$auto$opt_dff.cc:195:make_patterns_logic$4142 ($ne).
Removed top 1 bits (of 2) from port B of cell $paramod\logic_normalization_scalar_engine\TAG_WIDTH=32'00000000000000000000000000010000.$auto$opt_dff.cc:195:make_patterns_logic$4144 ($ne).
Removed top 26 bits (of 32) from port Y of cell fp16_add.$sub$rtl/fp16_add.sv:46$23 ($sub).
Removed top 26 bits (of 32) from port A of cell fp16_add.$le$rtl/fp16_add.sv:9$24 ($le).
Removed top 31 bits (of 32) from port B of cell fp16_add.$le$rtl/fp16_add.sv:9$24 ($le).
Removed top 26 bits (of 32) from port A of cell fp16_add.$ge$rtl/fp16_add.sv:10$27 ($ge).
Removed top 27 bits (of 32) from port B of cell fp16_add.$ge$rtl/fp16_add.sv:10$27 ($ge).
Removed top 13 bits (of 14) from port A of cell fp16_add.$shl$rtl/fp16_add.sv:12$31 ($shl).
Removed top 1 bits (of 15) from port A of cell fp16_add.$add$rtl/fp16_add.sv:52$38 ($add).
Removed top 1 bits (of 15) from port B of cell fp16_add.$add$rtl/fp16_add.sv:52$38 ($add).
Removed top 26 bits (of 32) from port A of cell fp16_add.$add$rtl/fp16_add.sv:56$40 ($add).
Removed top 30 bits (of 32) from port B of cell fp16_add.$add$rtl/fp16_add.sv:56$40 ($add).
Converting cell fp16_add.$add$rtl/fp16_add.sv:56$40 ($add) from signed to unsigned.
Removed top 25 bits (of 32) from port Y of cell fp16_add.$add$rtl/fp16_add.sv:56$40 ($add).
Removed top 1 bits (of 6) from port A of cell fp16_add.$add$rtl/fp16_add.sv:56$40 ($add).
Removed top 1 bits (of 2) from port B of cell fp16_add.$add$rtl/fp16_add.sv:56$40 ($add).
Removed top 1 bits (of 7) from port Y of cell fp16_add.$add$rtl/fp16_add.sv:56$40 ($add).
Removed top 26 bits (of 32) from port A of cell fp16_add.$gt$rtl/fp16_add.sv:62$43 ($gt).
Removed top 30 bits (of 32) from port B of cell fp16_add.$gt$rtl/fp16_add.sv:62$43 ($gt).
Converting cell fp16_add.$gt$rtl/fp16_add.sv:62$43 ($gt) from signed to unsigned.
Removed top 1 bits (of 6) from port A of cell fp16_add.$gt$rtl/fp16_add.sv:62$43 ($gt).
Removed top 1 bits (of 2) from port B of cell fp16_add.$gt$rtl/fp16_add.sv:62$43 ($gt).
Removed top 26 bits (of 32) from port A of cell fp16_add.$sub$rtl/fp16_add.sv:64$46 ($sub).
Removed top 30 bits (of 32) from port B of cell fp16_add.$sub$rtl/fp16_add.sv:64$46 ($sub).
Converting cell fp16_add.$sub$rtl/fp16_add.sv:64$46 ($sub) from signed to unsigned.
Removed top 25 bits (of 32) from port Y of cell fp16_add.$sub$rtl/fp16_add.sv:64$46 ($sub).
Removed top 1 bits (of 6) from port A of cell fp16_add.$sub$rtl/fp16_add.sv:64$46 ($sub).
Removed top 1 bits (of 2) from port B of cell fp16_add.$sub$rtl/fp16_add.sv:64$46 ($sub).
Removed top 1 bits (of 7) from port Y of cell fp16_add.$sub$rtl/fp16_add.sv:64$46 ($sub).
Removed top 30 bits (of 32) from port B of cell fp16_add.$gt$rtl/fp16_add.sv:62$48 ($gt).
Removed top 30 bits (of 32) from port B of cell fp16_add.$sub$rtl/fp16_add.sv:64$51 ($sub).
Removed top 30 bits (of 32) from port B of cell fp16_add.$gt$rtl/fp16_add.sv:62$53 ($gt).
Removed top 30 bits (of 32) from port B of cell fp16_add.$sub$rtl/fp16_add.sv:64$56 ($sub).
Removed top 30 bits (of 32) from port B of cell fp16_add.$gt$rtl/fp16_add.sv:62$58 ($gt).
Removed top 30 bits (of 32) from port B of cell fp16_add.$sub$rtl/fp16_add.sv:64$61 ($sub).
Removed top 30 bits (of 32) from port B of cell fp16_add.$gt$rtl/fp16_add.sv:62$63 ($gt).
Removed top 30 bits (of 32) from port B of cell fp16_add.$sub$rtl/fp16_add.sv:64$66 ($sub).
Removed top 30 bits (of 32) from port B of cell fp16_add.$gt$rtl/fp16_add.sv:62$68 ($gt).
Removed top 30 bits (of 32) from port B of cell fp16_add.$sub$rtl/fp16_add.sv:64$71 ($sub).
Removed top 30 bits (of 32) from port B of cell fp16_add.$gt$rtl/fp16_add.sv:62$73 ($gt).
Removed top 30 bits (of 32) from port B of cell fp16_add.$sub$rtl/fp16_add.sv:64$76 ($sub).
Removed top 30 bits (of 32) from port B of cell fp16_add.$gt$rtl/fp16_add.sv:62$78 ($gt).
Removed top 30 bits (of 32) from port B of cell fp16_add.$sub$rtl/fp16_add.sv:64$81 ($sub).
Removed top 30 bits (of 32) from port B of cell fp16_add.$gt$rtl/fp16_add.sv:62$83 ($gt).
Removed top 30 bits (of 32) from port B of cell fp16_add.$sub$rtl/fp16_add.sv:64$86 ($sub).
Removed top 30 bits (of 32) from port B of cell fp16_add.$gt$rtl/fp16_add.sv:62$88 ($gt).
Removed top 30 bits (of 32) from port B of cell fp16_add.$sub$rtl/fp16_add.sv:64$91 ($sub).
Removed top 30 bits (of 32) from port B of cell fp16_add.$gt$rtl/fp16_add.sv:62$93 ($gt).
Removed top 30 bits (of 32) from port B of cell fp16_add.$sub$rtl/fp16_add.sv:64$96 ($sub).
Removed top 30 bits (of 32) from port B of cell fp16_add.$gt$rtl/fp16_add.sv:62$98 ($gt).
Removed top 30 bits (of 32) from port B of cell fp16_add.$sub$rtl/fp16_add.sv:64$101 ($sub).
Removed top 30 bits (of 32) from port B of cell fp16_add.$gt$rtl/fp16_add.sv:62$103 ($gt).
Removed top 30 bits (of 32) from port B of cell fp16_add.$sub$rtl/fp16_add.sv:64$106 ($sub).
Removed top 1 bits (of 12) from port A of cell fp16_add.$add$rtl/fp16_add.sv:69$110 ($add).
Removed top 30 bits (of 32) from port B of cell fp16_add.$add$rtl/fp16_add.sv:72$112 ($add).
Removed top 26 bits (of 32) from port B of cell fp16_add.$ge$rtl/fp16_add.sv:85$137 ($ge).
Removed top 30 bits (of 32) from port B of cell fp16_add.$le$rtl/fp16_add.sv:86$138 ($le).
Removed top 1 bits (of 16) from mux cell fp16_add.$procmux$3152 ($mux).
Removed top 1 bits (of 16) from mux cell fp16_add.$procmux$3173 ($mux).
Removed top 1 bits (of 12) from mux cell fp16_add.$procmux$3239 ($mux).
Removed top 26 bits (of 32) from mux cell fp16_add.$procmux$3405 ($mux).
Removed top 26 bits (of 32) from wire fp16_add.$2\result_exp[31:0].
Removed top 26 bits (of 32) from wire fp16_add.$add$rtl/fp16_add.sv:56$40_Y.
Removed top 1 bits (of 14) from wire fp16_add.$sub$rtl/fp16_add.sv:59$41_Y.
Removed top 1 bits (of 12) from wire fp16_add.rounded_sig.
Removed top 28 bits (of 32) from port B of cell fp16_mul.$sub$rtl/fp16_mul.sv:24$150 ($sub).
Removed top 26 bits (of 32) from port Y of cell fp16_mul.$sub$rtl/fp16_mul.sv:24$150 ($sub).
Removed top 28 bits (of 32) from port B of cell fp16_mul.$sub$rtl/fp16_mul.sv:25$153 ($sub).
Removed top 26 bits (of 32) from port Y of cell fp16_mul.$sub$rtl/fp16_mul.sv:25$153 ($sub).
Removed top 26 bits (of 32) from port B of cell fp16_mul.$sub$rtl/fp16_mul.sv:29$156 ($sub).
Removed top 26 bits (of 32) from port B of cell fp16_mul.$ge$rtl/fp16_mul.sv:43$187 ($ge).
Removed top 27 bits (of 32) from port B of cell fp16_mul.$ge$rtl/fp16_mul.sv:44$188 ($ge).
Removed top 27 bits (of 32) from port B of cell fp16_mul.$sub$rtl/fp16_mul.sv:45$189 ($sub).
Removed top 31 bits (of 32) from port B of cell fp16_mul.$gt$rtl/fp16_mul.sv:46$190 ($gt).
Removed top 42 bits (of 64) from port A of cell fp16_mul.$shr$rtl/fp16_mul.sv:47$191 ($shr).
Removed top 30 bits (of 32) from port B of cell fp16_mul.$sub$rtl/fp16_mul.sv:48$192 ($sub).
Removed top 63 bits (of 64) from port A of cell fp16_mul.$shl$rtl/fp16_mul.sv:48$193 ($shl).
Removed top 42 bits (of 64) from port A of cell fp16_mul.$and$rtl/fp16_mul.sv:50$197 ($and).
Removed top 42 bits (of 64) from port A of cell fp16_mul.$shl$rtl/fp16_mul.sv:52$203 ($shl).
Removed top 20 bits (of 32) from port B of cell fp16_mul.$ge$rtl/fp16_mul.sv:53$204 ($ge).
Removed top 30 bits (of 32) from port B of cell fp16_mul.$add$rtl/fp16_mul.sv:55$206 ($add).
Removed top 26 bits (of 32) from port B of cell fp16_mul.$ge$rtl/fp16_mul.sv:57$207 ($ge).
Removed top 27 bits (of 32) from port B of cell fp16_mul.$add$rtl/fp16_mul.sv:59$208 ($add).
Removed top 27 bits (of 32) from port Y of cell fp16_mul.$add$rtl/fp16_mul.sv:59$208 ($add).
Removed top 27 bits (of 32) from port A of cell fp16_mul.$add$rtl/fp16_mul.sv:59$208 ($add).
Removed top 28 bits (of 32) from port B of cell fp16_mul.$add$rtl/fp16_mul.sv:64$210 ($add).
Removed top 31 bits (of 32) from port B of cell fp16_mul.$gt$rtl/fp16_mul.sv:65$212 ($gt).
Removed top 42 bits (of 64) from port A of cell fp16_mul.$shr$rtl/fp16_mul.sv:66$213 ($shr).
Removed top 30 bits (of 32) from port B of cell fp16_mul.$sub$rtl/fp16_mul.sv:67$214 ($sub).
Removed top 63 bits (of 64) from port A of cell fp16_mul.$shl$rtl/fp16_mul.sv:67$215 ($shl).
Removed top 42 bits (of 64) from port A of cell fp16_mul.$and$rtl/fp16_mul.sv:69$219 ($and).
Removed top 42 bits (of 64) from port A of cell fp16_mul.$shl$rtl/fp16_mul.sv:71$225 ($shl).
Removed top 21 bits (of 32) from port B of cell fp16_mul.$ge$rtl/fp16_mul.sv:72$226 ($ge).
Removed top 5 bits (of 16) from mux cell fp16_mul.$procmux$2574 ($mux).
Removed top 1 bits (of 16) from mux cell fp16_mul.$procmux$2647 ($mux).
Removed top 54 bits (of 64) from mux cell fp16_mul.$procmux$2701 ($mux).
Removed top 1 bits (of 16) from mux cell fp16_mul.$procmux$2787 ($mux).
Removed top 1 bits (of 16) from mux cell fp16_mul.$procmux$2877 ($mux).
Removed top 1 bits (of 16) from mux cell fp16_mul.$procmux$2961 ($mux).
Removed top 1 bits (of 16) from mux cell fp16_mul.$procmux$3024 ($mux).
Removed top 31 bits (of 32) from mux cell fp16_mul.$procmux$3147 ($mux).
Removed top 31 bits (of 32) from wire fp16_mul.$2\msb_index[31:0].
Removed top 54 bits (of 64) from wire fp16_mul.$7\rounded_wide[63:0].
Removed top 27 bits (of 32) from wire fp16_mul.$add$rtl/fp16_mul.sv:59$208_Y.
Removed top 20 bits (of 64) from wire fp16_mul.$shr$rtl/fp16_mul.sv:47$191_Y.
Removed top 24 address bits (of 32) from memory init port fp16_rsqrt_lut256.$auto$mem.cc:328:emit$1145 ($auto$proc_rom.cc:155:do_switch$1143).
Removed top 28 bits (of 32) from port B of cell fp16_rsqrt_lut256.$div$rtl/fp16_rsqrt_lut256.sv:63$376 ($div).
Removed top 1 bits (of 16) from mux cell fp16_rsqrt_lut256.$ternary$rtl/fp16_rsqrt_lut256.sv:41$318 ($mux).
Removed top 2 bits (of 8) from port A of cell fp16_rsqrt_lut256.$sub$rtl/fp16_rsqrt_lut256.sv:47$338 ($sub).
Removed top 3 bits (of 8) from port B of cell fp16_rsqrt_lut256.$sub$rtl/fp16_rsqrt_lut256.sv:47$338 ($sub).
Converting cell fp16_rsqrt_lut256.$sub$rtl/fp16_rsqrt_lut256.sv:47$338 ($sub) from signed to unsigned.
Removed top 1 bits (of 8) from port Y of cell fp16_rsqrt_lut256.$sub$rtl/fp16_rsqrt_lut256.sv:47$338 ($sub).
Removed top 1 bits (of 6) from port A of cell fp16_rsqrt_lut256.$sub$rtl/fp16_rsqrt_lut256.sv:47$338 ($sub).
Removed top 1 bits (of 5) from port B of cell fp16_rsqrt_lut256.$sub$rtl/fp16_rsqrt_lut256.sv:47$338 ($sub).
Removed top 1 bits (of 7) from port Y of cell fp16_rsqrt_lut256.$sub$rtl/fp16_rsqrt_lut256.sv:47$338 ($sub).
Removed top 31 bits (of 32) from port B of cell fp16_rsqrt_lut256.$lt$rtl/fp16_rsqrt_lut256.sv:50$342 ($lt).
Removed top 31 bits (of 32) from port B of cell fp16_rsqrt_lut256.$lt$rtl/fp16_rsqrt_lut256.sv:50$345 ($lt).
Removed top 31 bits (of 32) from port B of cell fp16_rsqrt_lut256.$lt$rtl/fp16_rsqrt_lut256.sv:50$348 ($lt).
Removed top 31 bits (of 32) from port B of cell fp16_rsqrt_lut256.$lt$rtl/fp16_rsqrt_lut256.sv:50$351 ($lt).
Removed top 31 bits (of 32) from port B of cell fp16_rsqrt_lut256.$lt$rtl/fp16_rsqrt_lut256.sv:50$354 ($lt).
Removed top 31 bits (of 32) from port B of cell fp16_rsqrt_lut256.$lt$rtl/fp16_rsqrt_lut256.sv:50$357 ($lt).
Removed top 31 bits (of 32) from port B of cell fp16_rsqrt_lut256.$lt$rtl/fp16_rsqrt_lut256.sv:50$360 ($lt).
Removed top 31 bits (of 32) from port B of cell fp16_rsqrt_lut256.$lt$rtl/fp16_rsqrt_lut256.sv:50$363 ($lt).
Removed top 31 bits (of 32) from port B of cell fp16_rsqrt_lut256.$lt$rtl/fp16_rsqrt_lut256.sv:50$366 ($lt).
Removed top 27 bits (of 32) from port A of cell fp16_rsqrt_lut256.$sub$rtl/fp16_rsqrt_lut256.sv:51$369 ($sub).
Removed top 26 bits (of 32) from port B of cell fp16_rsqrt_lut256.$sub$rtl/fp16_rsqrt_lut256.sv:52$371 ($sub).
Removed top 24 bits (of 32) from port Y of cell fp16_rsqrt_lut256.$sub$rtl/fp16_rsqrt_lut256.sv:52$371 ($sub).
Removed top 24 bits (of 32) from port A of cell fp16_rsqrt_lut256.$sub$rtl/fp16_rsqrt_lut256.sv:52$371 ($sub).
Removed top 30 bits (of 32) from port B of cell fp16_rsqrt_lut256.$sub$rtl/fp16_rsqrt_lut256.sv:57$374 ($sub).
Removed top 24 bits (of 32) from port Y of cell fp16_rsqrt_lut256.$sub$rtl/fp16_rsqrt_lut256.sv:57$374 ($sub).
Removed top 1 bits (of 12) from port B of cell fp16_rsqrt_lut256.$sub$rtl/fp16_rsqrt_lut256.sv:62$375 ($sub).
Converting cell fp16_rsqrt_lut256.$sub$rtl/fp16_rsqrt_lut256.sv:65$379 ($sub) from unsigned to signed.
Removed top 3 bits (of 9) from port A of cell fp16_rsqrt_lut256.$sub$rtl/fp16_rsqrt_lut256.sv:65$379 ($sub).
Removed top 2 bits (of 9) from port B of cell fp16_rsqrt_lut256.$sub$rtl/fp16_rsqrt_lut256.sv:65$379 ($sub).
Removed top 4 bits (of 9) from port Y of cell fp16_rsqrt_lut256.$sub$rtl/fp16_rsqrt_lut256.sv:65$379 ($sub).
Removed top 1 bits (of 6) from port A of cell fp16_rsqrt_lut256.$sub$rtl/fp16_rsqrt_lut256.sv:65$379 ($sub).
Removed top 2 bits (of 7) from port B of cell fp16_rsqrt_lut256.$sub$rtl/fp16_rsqrt_lut256.sv:65$379 ($sub).
Removed top 2 bits (of 8) from mux cell fp16_rsqrt_lut256.$procmux$1731 ($mux).
Removed top 2 bits (of 8) from mux cell fp16_rsqrt_lut256.$procmux$1729 ($mux).
Removed top 2 bits (of 8) from mux cell fp16_rsqrt_lut256.$procmux$1727 ($mux).
Removed top 2 bits (of 8) from mux cell fp16_rsqrt_lut256.$procmux$1724 ($mux).
Removed top 2 bits (of 8) from mux cell fp16_rsqrt_lut256.$procmux$1721 ($mux).
Removed top 2 bits (of 8) from mux cell fp16_rsqrt_lut256.$procmux$1718 ($mux).
Removed top 1 bits (of 16) from mux cell fp16_rsqrt_lut256.$procmux$1713 ($mux).
Removed top 1 bits (of 16) from mux cell fp16_rsqrt_lut256.$procmux$1711 ($mux).
Removed top 1 bits (of 16) from mux cell fp16_rsqrt_lut256.$procmux$1709 ($mux).
Removed top 1 bits (of 16) from mux cell fp16_rsqrt_lut256.$procmux$1706 ($mux).
Removed top 1 bits (of 16) from mux cell fp16_rsqrt_lut256.$procmux$1703 ($mux).
Removed top 1 bits (of 16) from mux cell fp16_rsqrt_lut256.$procmux$2036 ($mux).
Removed top 1 bits (of 16) from mux cell fp16_rsqrt_lut256.$procmux$2201 ($mux).
Removed top 1 bits (of 16) from mux cell fp16_rsqrt_lut256.$procmux$2333 ($mux).
Removed top 1 bits (of 16) from FF cell fp16_rsqrt_lut256.$auto$ff.cc:266:slice$4164 ($adffe).
Removed top 2 bits (of 8) from port Y of cell fp16_rsqrt_lut256.$sub$rtl/fp16_rsqrt_lut256.sv:57$374 ($sub).
Removed top 2 bits (of 8) from port A of cell fp16_rsqrt_lut256.$sub$rtl/fp16_rsqrt_lut256.sv:57$374 ($sub).
Removed top 2 bits (of 8) from mux cell fp16_rsqrt_lut256.$procmux$1977 ($mux).
Removed top 2 bits (of 8) from mux cell fp16_rsqrt_lut256.$procmux$1975 ($mux).
Removed top 2 bits (of 8) from mux cell fp16_rsqrt_lut256.$procmux$1973 ($mux).
Removed top 2 bits (of 8) from mux cell fp16_rsqrt_lut256.$procmux$1970 ($mux).
Removed top 2 bits (of 8) from mux cell fp16_rsqrt_lut256.$procmux$1967 ($mux).
Removed top 2 bits (of 8) from mux cell fp16_rsqrt_lut256.$procmux$1964 ($mux).
Removed top 2 bits (of 8) from port Y of cell fp16_rsqrt_lut256.$sub$rtl/fp16_rsqrt_lut256.sv:52$371 ($sub).
Removed top 2 bits (of 8) from port A of cell fp16_rsqrt_lut256.$sub$rtl/fp16_rsqrt_lut256.sv:52$371 ($sub).
Removed top 1 bits (of 16) from wire fp16_rsqrt_lut256.$4\approximate_rsqrt$func$rtl/fp16_rsqrt_lut256.sv:79$229.$result[15:0]$294.
Removed top 1 bits (of 16) from wire fp16_rsqrt_lut256.$5\approximate_rsqrt$func$rtl/fp16_rsqrt_lut256.sv:79$229.$result[15:0]$306.
Removed top 1 bits (of 16) from wire fp16_rsqrt_lut256.$6\approximate_rsqrt$func$rtl/fp16_rsqrt_lut256.sv:79$229.$result[15:0]$322.
Removed top 2 bits (of 8) from wire fp16_rsqrt_lut256.$7\approximate_rsqrt$func$rtl/fp16_rsqrt_lut256.sv:79$229.even_exponent[7:0]$373.
Removed top 1 bits (of 16) from wire fp16_rsqrt_lut256.$7\approximate_rsqrt$func$rtl/fp16_rsqrt_lut256.sv:79$229.lut_value[15:0]$377.
Removed top 1 bits (of 16) from wire fp16_rsqrt_lut256.$procmux$1703_Y.
Removed top 5 bits (of 16) from wire fp16_rsqrt_lut256.$procmux$1706_Y.
Removed top 1 bits (of 16) from wire fp16_rsqrt_lut256.$procmux$1709_Y.
Removed top 1 bits (of 16) from wire fp16_rsqrt_lut256.$procmux$1711_Y.
Removed top 5 bits (of 8) from wire fp16_rsqrt_lut256.$procmux$1727_Y.
Removed top 3 bits (of 8) from wire fp16_rsqrt_lut256.$procmux$1729_Y.
Removed top 2 bits (of 8) from wire fp16_rsqrt_lut256.$procmux$1964_Y.
Removed top 2 bits (of 8) from wire fp16_rsqrt_lut256.$procmux$1967_Y.
Removed top 2 bits (of 8) from wire fp16_rsqrt_lut256.$procmux$1970_Y.
Removed top 2 bits (of 8) from wire fp16_rsqrt_lut256.$procmux$1973_Y.
Removed top 26 bits (of 32) from wire fp16_rsqrt_lut256.$sub$rtl/fp16_rsqrt_lut256.sv:52$371_Y.
Removed top 26 bits (of 32) from wire fp16_rsqrt_lut256.$sub$rtl/fp16_rsqrt_lut256.sv:57$374_Y.
Removed top 4 bits (of 9) from wire fp16_rsqrt_lut256.$sub$rtl/fp16_rsqrt_lut256.sv:65$379_Y.

11.10. Executing PEEPOPT pass (run peephole optimizers).

11.11. Executing OPT_CLEAN pass (remove unused cells and wires).
Finding unused cells or wires in module $paramod$865746d0c425e5bff1afb43fc0ca954cd0aab93f\logic_normalization_bank_barrier..
Finding unused cells or wires in module $paramod$cf256f1e07155db3e20fb233046fedb4711c91b2\logic_normalization_scalar_engine_array..
Finding unused cells or wires in module $paramod$e6d2582358ff6950cc507271baa264b5b8280dfa\logic_normalization_parallel_tree_top..
Finding unused cells or wires in module $paramod\logic_normalization_scalar_engine\TAG_WIDTH=32'00000000000000000000000000010000..
Finding unused cells or wires in module \fp16_add..
Finding unused cells or wires in module \fp16_mul..
Finding unused cells or wires in module \fp16_rsqrt_lut256..
Finding unused cells or wires in module \logic_normalization_barrier_tree_top..
Removed 0 unused cells and 53 unused wires.
<suppressed ~4 debug messages>

11.12. Executing ALUMACC pass (create $alu and $macc cells).
Extracting $alu and $macc cells in module $paramod$865746d0c425e5bff1afb43fc0ca954cd0aab93f\logic_normalization_bank_barrier:
  created 0 $alu and 0 $macc cells.
Extracting $alu and $macc cells in module $paramod$cf256f1e07155db3e20fb233046fedb4711c91b2\logic_normalization_scalar_engine_array:
  created 0 $alu and 0 $macc cells.
Extracting $alu and $macc cells in module $paramod$e6d2582358ff6950cc507271baa264b5b8280dfa\logic_normalization_parallel_tree_top:
  creating $macc model for $add$rtl/logic_normalization_parallel_tree_top.sv:53$1001 ($add).
  creating $macc model for $add$rtl/logic_normalization_parallel_tree_top.sv:53$1006 ($add).
  creating $macc model for $add$rtl/logic_normalization_parallel_tree_top.sv:53$1011 ($add).
  creating $macc model for $add$rtl/logic_normalization_parallel_tree_top.sv:53$981 ($add).
  creating $macc model for $add$rtl/logic_normalization_parallel_tree_top.sv:53$986 ($add).
  creating $macc model for $add$rtl/logic_normalization_parallel_tree_top.sv:53$991 ($add).
  creating $macc model for $add$rtl/logic_normalization_parallel_tree_top.sv:53$996 ($add).
  creating $macc model for $add$rtl/logic_normalization_parallel_tree_top.sv:65$1030 ($add).
  creating $macc model for $add$rtl/logic_normalization_parallel_tree_top.sv:65$1035 ($add).
  creating $macc model for $add$rtl/logic_normalization_parallel_tree_top.sv:65$1040 ($add).
  creating $macc model for $add$rtl/logic_normalization_parallel_tree_top.sv:65$1045 ($add).
  creating $macc model for $add$rtl/logic_normalization_parallel_tree_top.sv:65$1050 ($add).
  creating $macc model for $add$rtl/logic_normalization_parallel_tree_top.sv:65$1055 ($add).
  creating $macc model for $add$rtl/logic_normalization_parallel_tree_top.sv:65$1060 ($add).
  creating $macc model for $add$rtl/logic_normalization_parallel_tree_top.sv:92$1105 ($add).
  creating $macc model for $add$rtl/logic_normalization_parallel_tree_top.sv:93$1106 ($add).
  creating $macc model for $add$rtl/logic_normalization_parallel_tree_top.sv:95$1107 ($add).
  creating $macc model for $neg$rtl/logic_normalization_parallel_tree_top.sv:0$1022 ($neg).
  creating $macc model for $neg$rtl/logic_normalization_parallel_tree_top.sv:0$1085 ($neg).
  creating $macc model for $sub$rtl/logic_normalization_parallel_tree_top.sv:96$1108 ($sub).
  creating $alu model for $macc $sub$rtl/logic_normalization_parallel_tree_top.sv:96$1108.
  creating $alu model for $macc $neg$rtl/logic_normalization_parallel_tree_top.sv:0$1085.
  creating $alu model for $macc $neg$rtl/logic_normalization_parallel_tree_top.sv:0$1022.
  creating $alu model for $macc $add$rtl/logic_normalization_parallel_tree_top.sv:95$1107.
  creating $alu model for $macc $add$rtl/logic_normalization_parallel_tree_top.sv:93$1106.
  creating $alu model for $macc $add$rtl/logic_normalization_parallel_tree_top.sv:92$1105.
  creating $alu model for $macc $add$rtl/logic_normalization_parallel_tree_top.sv:65$1060.
  creating $alu model for $macc $add$rtl/logic_normalization_parallel_tree_top.sv:65$1055.
  creating $alu model for $macc $add$rtl/logic_normalization_parallel_tree_top.sv:65$1050.
  creating $alu model for $macc $add$rtl/logic_normalization_parallel_tree_top.sv:65$1045.
  creating $alu model for $macc $add$rtl/logic_normalization_parallel_tree_top.sv:65$1040.
  creating $alu model for $macc $add$rtl/logic_normalization_parallel_tree_top.sv:65$1035.
  creating $alu model for $macc $add$rtl/logic_normalization_parallel_tree_top.sv:65$1030.
  creating $alu model for $macc $add$rtl/logic_normalization_parallel_tree_top.sv:53$996.
  creating $alu model for $macc $add$rtl/logic_normalization_parallel_tree_top.sv:53$991.
  creating $alu model for $macc $add$rtl/logic_normalization_parallel_tree_top.sv:53$986.
  creating $alu model for $macc $add$rtl/logic_normalization_parallel_tree_top.sv:53$981.
  creating $alu model for $macc $add$rtl/logic_normalization_parallel_tree_top.sv:53$1011.
  creating $alu model for $macc $add$rtl/logic_normalization_parallel_tree_top.sv:53$1006.
  creating $alu model for $macc $add$rtl/logic_normalization_parallel_tree_top.sv:53$1001.
  creating $alu model for $lt$rtl/logic_normalization_parallel_tree_top.sv:34$952 ($lt): new $alu
  creating $alu cell for $lt$rtl/logic_normalization_parallel_tree_top.sv:34$952: $auto$alumacc.cc:495:replace_alu$4205
  creating $alu cell for $add$rtl/logic_normalization_parallel_tree_top.sv:53$1001: $auto$alumacc.cc:495:replace_alu$4210
  creating $alu cell for $add$rtl/logic_normalization_parallel_tree_top.sv:53$1006: $auto$alumacc.cc:495:replace_alu$4213
  creating $alu cell for $add$rtl/logic_normalization_parallel_tree_top.sv:53$1011: $auto$alumacc.cc:495:replace_alu$4216
  creating $alu cell for $add$rtl/logic_normalization_parallel_tree_top.sv:53$981: $auto$alumacc.cc:495:replace_alu$4219
  creating $alu cell for $add$rtl/logic_normalization_parallel_tree_top.sv:53$986: $auto$alumacc.cc:495:replace_alu$4222
  creating $alu cell for $add$rtl/logic_normalization_parallel_tree_top.sv:53$991: $auto$alumacc.cc:495:replace_alu$4225
  creating $alu cell for $add$rtl/logic_normalization_parallel_tree_top.sv:53$996: $auto$alumacc.cc:495:replace_alu$4228
  creating $alu cell for $add$rtl/logic_normalization_parallel_tree_top.sv:65$1030: $auto$alumacc.cc:495:replace_alu$4231
  creating $alu cell for $add$rtl/logic_normalization_parallel_tree_top.sv:65$1035: $auto$alumacc.cc:495:replace_alu$4234
  creating $alu cell for $add$rtl/logic_normalization_parallel_tree_top.sv:65$1040: $auto$alumacc.cc:495:replace_alu$4237
  creating $alu cell for $add$rtl/logic_normalization_parallel_tree_top.sv:65$1045: $auto$alumacc.cc:495:replace_alu$4240
  creating $alu cell for $add$rtl/logic_normalization_parallel_tree_top.sv:65$1050: $auto$alumacc.cc:495:replace_alu$4243
  creating $alu cell for $add$rtl/logic_normalization_parallel_tree_top.sv:65$1055: $auto$alumacc.cc:495:replace_alu$4246
  creating $alu cell for $add$rtl/logic_normalization_parallel_tree_top.sv:65$1060: $auto$alumacc.cc:495:replace_alu$4249
  creating $alu cell for $add$rtl/logic_normalization_parallel_tree_top.sv:92$1105: $auto$alumacc.cc:495:replace_alu$4252
  creating $alu cell for $add$rtl/logic_normalization_parallel_tree_top.sv:93$1106: $auto$alumacc.cc:495:replace_alu$4255
  creating $alu cell for $add$rtl/logic_normalization_parallel_tree_top.sv:95$1107: $auto$alumacc.cc:495:replace_alu$4258
  creating $alu cell for $neg$rtl/logic_normalization_parallel_tree_top.sv:0$1022: $auto$alumacc.cc:495:replace_alu$4261
  creating $alu cell for $neg$rtl/logic_normalization_parallel_tree_top.sv:0$1085: $auto$alumacc.cc:495:replace_alu$4264
  creating $alu cell for $sub$rtl/logic_normalization_parallel_tree_top.sv:96$1108: $auto$alumacc.cc:495:replace_alu$4267
  created 21 $alu and 0 $macc cells.
Extracting $alu and $macc cells in module $paramod\logic_normalization_scalar_engine\TAG_WIDTH=32'00000000000000000000000000010000:
  created 0 $alu and 0 $macc cells.
Extracting $alu and $macc cells in module fp16_add:
  creating $macc model for $add$rtl/fp16_add.sv:52$38 ($add).
  creating $macc model for $add$rtl/fp16_add.sv:56$40 ($add).
  creating $macc model for $add$rtl/fp16_add.sv:69$110 ($add).
  creating $macc model for $add$rtl/fp16_add.sv:72$112 ($add).
  creating $macc model for $sub$rtl/fp16_add.sv:12$32 ($sub).
  creating $macc model for $sub$rtl/fp16_add.sv:46$23 ($sub).
  creating $macc model for $sub$rtl/fp16_add.sv:59$41 ($sub).
  creating $macc model for $sub$rtl/fp16_add.sv:64$101 ($sub).
  creating $macc model for $sub$rtl/fp16_add.sv:64$106 ($sub).
  creating $macc model for $sub$rtl/fp16_add.sv:64$46 ($sub).
  creating $macc model for $sub$rtl/fp16_add.sv:64$51 ($sub).
  creating $macc model for $sub$rtl/fp16_add.sv:64$56 ($sub).
  creating $macc model for $sub$rtl/fp16_add.sv:64$61 ($sub).
  creating $macc model for $sub$rtl/fp16_add.sv:64$66 ($sub).
  creating $macc model for $sub$rtl/fp16_add.sv:64$71 ($sub).
  creating $macc model for $sub$rtl/fp16_add.sv:64$76 ($sub).
  creating $macc model for $sub$rtl/fp16_add.sv:64$81 ($sub).
  creating $macc model for $sub$rtl/fp16_add.sv:64$86 ($sub).
  creating $macc model for $sub$rtl/fp16_add.sv:64$91 ($sub).
  creating $macc model for $sub$rtl/fp16_add.sv:64$96 ($sub).
  creating $alu model for $macc $sub$rtl/fp16_add.sv:64$96.
  creating $alu model for $macc $sub$rtl/fp16_add.sv:64$91.
  creating $alu model for $macc $sub$rtl/fp16_add.sv:64$86.
  creating $alu model for $macc $sub$rtl/fp16_add.sv:64$81.
  creating $alu model for $macc $sub$rtl/fp16_add.sv:64$76.
  creating $alu model for $macc $sub$rtl/fp16_add.sv:64$71.
  creating $alu model for $macc $sub$rtl/fp16_add.sv:64$66.
  creating $alu model for $macc $sub$rtl/fp16_add.sv:64$61.
  creating $alu model for $macc $sub$rtl/fp16_add.sv:64$56.
  creating $alu model for $macc $sub$rtl/fp16_add.sv:64$51.
  creating $alu model for $macc $sub$rtl/fp16_add.sv:64$46.
  creating $alu model for $macc $sub$rtl/fp16_add.sv:64$106.
  creating $alu model for $macc $sub$rtl/fp16_add.sv:64$101.
  creating $alu model for $macc $sub$rtl/fp16_add.sv:59$41.
  creating $alu model for $macc $sub$rtl/fp16_add.sv:46$23.
  creating $alu model for $macc $sub$rtl/fp16_add.sv:12$32.
  creating $alu model for $macc $add$rtl/fp16_add.sv:72$112.
  creating $alu model for $macc $add$rtl/fp16_add.sv:69$110.
  creating $alu model for $macc $add$rtl/fp16_add.sv:56$40.
  creating $alu model for $macc $add$rtl/fp16_add.sv:52$38.
  creating $alu model for $ge$rtl/fp16_add.sv:10$27 ($ge): new $alu
  creating $alu model for $ge$rtl/fp16_add.sv:85$137 ($ge): new $alu
  creating $alu model for $gt$rtl/fp16_add.sv:38$18 ($gt): new $alu
  creating $alu model for $gt$rtl/fp16_add.sv:62$103 ($gt): merged with $sub$rtl/fp16_add.sv:64$106.
  creating $alu model for $gt$rtl/fp16_add.sv:62$43 ($gt): merged with $sub$rtl/fp16_add.sv:64$46.
  creating $alu model for $gt$rtl/fp16_add.sv:62$48 ($gt): merged with $sub$rtl/fp16_add.sv:64$51.
  creating $alu model for $gt$rtl/fp16_add.sv:62$53 ($gt): merged with $sub$rtl/fp16_add.sv:64$56.
  creating $alu model for $gt$rtl/fp16_add.sv:62$58 ($gt): merged with $sub$rtl/fp16_add.sv:64$61.
  creating $alu model for $gt$rtl/fp16_add.sv:62$63 ($gt): merged with $sub$rtl/fp16_add.sv:64$66.
  creating $alu model for $gt$rtl/fp16_add.sv:62$68 ($gt): merged with $sub$rtl/fp16_add.sv:64$71.
  creating $alu model for $gt$rtl/fp16_add.sv:62$73 ($gt): merged with $sub$rtl/fp16_add.sv:64$76.
  creating $alu model for $gt$rtl/fp16_add.sv:62$78 ($gt): merged with $sub$rtl/fp16_add.sv:64$81.
  creating $alu model for $gt$rtl/fp16_add.sv:62$83 ($gt): merged with $sub$rtl/fp16_add.sv:64$86.
  creating $alu model for $gt$rtl/fp16_add.sv:62$88 ($gt): merged with $sub$rtl/fp16_add.sv:64$91.
  creating $alu model for $gt$rtl/fp16_add.sv:62$93 ($gt): merged with $sub$rtl/fp16_add.sv:64$96.
  creating $alu model for $gt$rtl/fp16_add.sv:62$98 ($gt): merged with $sub$rtl/fp16_add.sv:64$101.
  creating $alu model for $le$rtl/fp16_add.sv:86$138 ($le): new $alu
  creating $alu model for $le$rtl/fp16_add.sv:9$24 ($le): new $alu
  creating $alu cell for $le$rtl/fp16_add.sv:9$24: $auto$alumacc.cc:495:replace_alu$4275
  creating $alu cell for $le$rtl/fp16_add.sv:86$138: $auto$alumacc.cc:495:replace_alu$4286
  creating $alu cell for $gt$rtl/fp16_add.sv:38$18: $auto$alumacc.cc:495:replace_alu$4297
  creating $alu cell for $ge$rtl/fp16_add.sv:85$137: $auto$alumacc.cc:495:replace_alu$4308
  creating $alu cell for $ge$rtl/fp16_add.sv:10$27: $auto$alumacc.cc:495:replace_alu$4323
  creating $alu cell for $add$rtl/fp16_add.sv:52$38: $auto$alumacc.cc:495:replace_alu$4338
  creating $alu cell for $add$rtl/fp16_add.sv:56$40: $auto$alumacc.cc:495:replace_alu$4341
  creating $alu cell for $add$rtl/fp16_add.sv:69$110: $auto$alumacc.cc:495:replace_alu$4344
  creating $alu cell for $add$rtl/fp16_add.sv:72$112: $auto$alumacc.cc:495:replace_alu$4347
  creating $alu cell for $sub$rtl/fp16_add.sv:12$32: $auto$alumacc.cc:495:replace_alu$4350
  creating $alu cell for $sub$rtl/fp16_add.sv:46$23: $auto$alumacc.cc:495:replace_alu$4353
  creating $alu cell for $sub$rtl/fp16_add.sv:59$41: $auto$alumacc.cc:495:replace_alu$4356
  creating $alu cell for $sub$rtl/fp16_add.sv:64$101, $gt$rtl/fp16_add.sv:62$98: $auto$alumacc.cc:495:replace_alu$4359
  creating $alu cell for $sub$rtl/fp16_add.sv:64$106, $gt$rtl/fp16_add.sv:62$103: $auto$alumacc.cc:495:replace_alu$4372
  creating $alu cell for $sub$rtl/fp16_add.sv:64$46, $gt$rtl/fp16_add.sv:62$43: $auto$alumacc.cc:495:replace_alu$4385
  creating $alu cell for $sub$rtl/fp16_add.sv:64$51, $gt$rtl/fp16_add.sv:62$48: $auto$alumacc.cc:495:replace_alu$4396
  creating $alu cell for $sub$rtl/fp16_add.sv:64$56, $gt$rtl/fp16_add.sv:62$53: $auto$alumacc.cc:495:replace_alu$4409
  creating $alu cell for $sub$rtl/fp16_add.sv:64$61, $gt$rtl/fp16_add.sv:62$58: $auto$alumacc.cc:495:replace_alu$4422
  creating $alu cell for $sub$rtl/fp16_add.sv:64$66, $gt$rtl/fp16_add.sv:62$63: $auto$alumacc.cc:495:replace_alu$4435
  creating $alu cell for $sub$rtl/fp16_add.sv:64$71, $gt$rtl/fp16_add.sv:62$68: $auto$alumacc.cc:495:replace_alu$4448
  creating $alu cell for $sub$rtl/fp16_add.sv:64$76, $gt$rtl/fp16_add.sv:62$73: $auto$alumacc.cc:495:replace_alu$4461
  creating $alu cell for $sub$rtl/fp16_add.sv:64$81, $gt$rtl/fp16_add.sv:62$78: $auto$alumacc.cc:495:replace_alu$4474
  creating $alu cell for $sub$rtl/fp16_add.sv:64$86, $gt$rtl/fp16_add.sv:62$83: $auto$alumacc.cc:495:replace_alu$4487
  creating $alu cell for $sub$rtl/fp16_add.sv:64$91, $gt$rtl/fp16_add.sv:62$88: $auto$alumacc.cc:495:replace_alu$4500
  creating $alu cell for $sub$rtl/fp16_add.sv:64$96, $gt$rtl/fp16_add.sv:62$93: $auto$alumacc.cc:495:replace_alu$4513
  created 25 $alu and 0 $macc cells.
Extracting $alu and $macc cells in module fp16_mul:
  creating $macc model for $add$rtl/fp16_mul.sv:29$155 ($add).
  creating $macc model for $add$rtl/fp16_mul.sv:29$157 ($add).
  creating $macc model for $add$rtl/fp16_mul.sv:51$201 ($add).
  creating $macc model for $add$rtl/fp16_mul.sv:55$206 ($add).
  creating $macc model for $add$rtl/fp16_mul.sv:59$208 ($add).
  creating $macc model for $add$rtl/fp16_mul.sv:64$210 ($add).
  creating $macc model for $add$rtl/fp16_mul.sv:70$223 ($add).
  creating $macc model for $mul$rtl/fp16_mul.sv:22$148 ($mul).
  creating $macc model for $neg$rtl/fp16_mul.sv:52$202 ($neg).
  creating $macc model for $neg$rtl/fp16_mul.sv:64$211 ($neg).
  creating $macc model for $neg$rtl/fp16_mul.sv:71$224 ($neg).
  creating $macc model for $sub$rtl/fp16_mul.sv:24$150 ($sub).
  creating $macc model for $sub$rtl/fp16_mul.sv:25$153 ($sub).
  creating $macc model for $sub$rtl/fp16_mul.sv:29$156 ($sub).
  creating $macc model for $sub$rtl/fp16_mul.sv:45$189 ($sub).
  creating $macc model for $sub$rtl/fp16_mul.sv:48$192 ($sub).
  creating $macc model for $sub$rtl/fp16_mul.sv:48$194 ($sub).
  creating $macc model for $sub$rtl/fp16_mul.sv:67$214 ($sub).
  creating $macc model for $sub$rtl/fp16_mul.sv:67$216 ($sub).
  merging $macc model for $add$rtl/fp16_mul.sv:64$210 into $neg$rtl/fp16_mul.sv:64$211.
  merging $macc model for $sub$rtl/fp16_mul.sv:29$156 into $add$rtl/fp16_mul.sv:29$157.
  creating $alu model for $macc $sub$rtl/fp16_mul.sv:48$194.
  creating $alu model for $macc $sub$rtl/fp16_mul.sv:48$192.
  creating $alu model for $macc $sub$rtl/fp16_mul.sv:45$189.
  creating $alu model for $macc $sub$rtl/fp16_mul.sv:67$216.
  creating $alu model for $macc $sub$rtl/fp16_mul.sv:25$153.
  creating $alu model for $macc $sub$rtl/fp16_mul.sv:24$150.
  creating $alu model for $macc $neg$rtl/fp16_mul.sv:71$224.
  creating $alu model for $macc $neg$rtl/fp16_mul.sv:52$202.
  creating $alu model for $macc $add$rtl/fp16_mul.sv:70$223.
  creating $alu model for $macc $sub$rtl/fp16_mul.sv:67$214.
  creating $alu model for $macc $add$rtl/fp16_mul.sv:59$208.
  creating $alu model for $macc $add$rtl/fp16_mul.sv:55$206.
  creating $alu model for $macc $add$rtl/fp16_mul.sv:51$201.
  creating $alu model for $macc $add$rtl/fp16_mul.sv:29$155.
  creating $macc cell for $neg$rtl/fp16_mul.sv:64$211: $auto$alumacc.cc:365:replace_macc$4526
  creating $macc cell for $add$rtl/fp16_mul.sv:29$157: $auto$alumacc.cc:365:replace_macc$4527
  creating $macc cell for $mul$rtl/fp16_mul.sv:22$148: $auto$alumacc.cc:365:replace_macc$4528
  creating $alu model for $ge$rtl/fp16_mul.sv:43$187 ($ge): new $alu
  creating $alu model for $ge$rtl/fp16_mul.sv:44$188 ($ge): new $alu
  creating $alu model for $ge$rtl/fp16_mul.sv:53$204 ($ge): new $alu
  creating $alu model for $ge$rtl/fp16_mul.sv:57$207 ($ge): new $alu
  creating $alu model for $ge$rtl/fp16_mul.sv:72$226 ($ge): new $alu
  creating $alu model for $gt$rtl/fp16_mul.sv:46$190 ($gt): new $alu
  creating $alu model for $gt$rtl/fp16_mul.sv:65$212 ($gt): new $alu
  creating $alu cell for $gt$rtl/fp16_mul.sv:65$212: $auto$alumacc.cc:495:replace_alu$4536
  creating $alu cell for $gt$rtl/fp16_mul.sv:46$190: $auto$alumacc.cc:495:replace_alu$4549
  creating $alu cell for $ge$rtl/fp16_mul.sv:72$226: $auto$alumacc.cc:495:replace_alu$4562
  creating $alu cell for $ge$rtl/fp16_mul.sv:57$207: $auto$alumacc.cc:495:replace_alu$4575
  creating $alu cell for $ge$rtl/fp16_mul.sv:53$204: $auto$alumacc.cc:495:replace_alu$4590
  creating $alu cell for $ge$rtl/fp16_mul.sv:44$188: $auto$alumacc.cc:495:replace_alu$4603
  creating $alu cell for $ge$rtl/fp16_mul.sv:43$187: $auto$alumacc.cc:495:replace_alu$4618
  creating $alu cell for $add$rtl/fp16_mul.sv:29$155: $auto$alumacc.cc:495:replace_alu$4633
  creating $alu cell for $add$rtl/fp16_mul.sv:51$201: $auto$alumacc.cc:495:replace_alu$4636
  creating $alu cell for $add$rtl/fp16_mul.sv:55$206: $auto$alumacc.cc:495:replace_alu$4639
  creating $alu cell for $add$rtl/fp16_mul.sv:59$208: $auto$alumacc.cc:495:replace_alu$4642
  creating $alu cell for $sub$rtl/fp16_mul.sv:67$214: $auto$alumacc.cc:495:replace_alu$4645
  creating $alu cell for $add$rtl/fp16_mul.sv:70$223: $auto$alumacc.cc:495:replace_alu$4648
  creating $alu cell for $neg$rtl/fp16_mul.sv:52$202: $auto$alumacc.cc:495:replace_alu$4651
  creating $alu cell for $neg$rtl/fp16_mul.sv:71$224: $auto$alumacc.cc:495:replace_alu$4654
  creating $alu cell for $sub$rtl/fp16_mul.sv:24$150: $auto$alumacc.cc:495:replace_alu$4657
  creating $alu cell for $sub$rtl/fp16_mul.sv:25$153: $auto$alumacc.cc:495:replace_alu$4660
  creating $alu cell for $sub$rtl/fp16_mul.sv:67$216: $auto$alumacc.cc:495:replace_alu$4663
  creating $alu cell for $sub$rtl/fp16_mul.sv:45$189: $auto$alumacc.cc:495:replace_alu$4666
  creating $alu cell for $sub$rtl/fp16_mul.sv:48$192: $auto$alumacc.cc:495:replace_alu$4669
  creating $alu cell for $sub$rtl/fp16_mul.sv:48$194: $auto$alumacc.cc:495:replace_alu$4672
  created 21 $alu and 3 $macc cells.
Extracting $alu and $macc cells in module fp16_rsqrt_lut256:
  creating $macc model for $sub$rtl/fp16_rsqrt_lut256.sv:47$338 ($sub).
  creating $macc model for $sub$rtl/fp16_rsqrt_lut256.sv:51$369 ($sub).
  creating $macc model for $sub$rtl/fp16_rsqrt_lut256.sv:52$371 ($sub).
  creating $macc model for $sub$rtl/fp16_rsqrt_lut256.sv:57$374 ($sub).
  creating $macc model for $sub$rtl/fp16_rsqrt_lut256.sv:62$375 ($sub).
  creating $macc model for $sub$rtl/fp16_rsqrt_lut256.sv:65$379 ($sub).
  creating $alu model for $macc $sub$rtl/fp16_rsqrt_lut256.sv:65$379.
  creating $alu model for $macc $sub$rtl/fp16_rsqrt_lut256.sv:62$375.
  creating $alu model for $macc $sub$rtl/fp16_rsqrt_lut256.sv:57$374.
  creating $alu model for $macc $sub$rtl/fp16_rsqrt_lut256.sv:52$371.
  creating $alu model for $macc $sub$rtl/fp16_rsqrt_lut256.sv:51$369.
  creating $alu model for $macc $sub$rtl/fp16_rsqrt_lut256.sv:47$338.
  creating $alu model for $lt$rtl/fp16_rsqrt_lut256.sv:50$342 ($lt): new $alu
  creating $alu model for $lt$rtl/fp16_rsqrt_lut256.sv:50$345 ($lt): new $alu
  creating $alu model for $lt$rtl/fp16_rsqrt_lut256.sv:50$348 ($lt): new $alu
  creating $alu model for $lt$rtl/fp16_rsqrt_lut256.sv:50$351 ($lt): new $alu
  creating $alu model for $lt$rtl/fp16_rsqrt_lut256.sv:50$354 ($lt): new $alu
  creating $alu model for $lt$rtl/fp16_rsqrt_lut256.sv:50$357 ($lt): new $alu
  creating $alu model for $lt$rtl/fp16_rsqrt_lut256.sv:50$360 ($lt): new $alu
  creating $alu model for $lt$rtl/fp16_rsqrt_lut256.sv:50$363 ($lt): new $alu
  creating $alu model for $lt$rtl/fp16_rsqrt_lut256.sv:50$366 ($lt): new $alu
  creating $alu cell for $lt$rtl/fp16_rsqrt_lut256.sv:50$366: $auto$alumacc.cc:495:replace_alu$4684
  creating $alu cell for $lt$rtl/fp16_rsqrt_lut256.sv:50$363: $auto$alumacc.cc:495:replace_alu$4691
  creating $alu cell for $lt$rtl/fp16_rsqrt_lut256.sv:50$360: $auto$alumacc.cc:495:replace_alu$4698
  creating $alu cell for $lt$rtl/fp16_rsqrt_lut256.sv:50$357: $auto$alumacc.cc:495:replace_alu$4705
  creating $alu cell for $lt$rtl/fp16_rsqrt_lut256.sv:50$354: $auto$alumacc.cc:495:replace_alu$4712
  creating $alu cell for $lt$rtl/fp16_rsqrt_lut256.sv:50$351: $auto$alumacc.cc:495:replace_alu$4719
  creating $alu cell for $lt$rtl/fp16_rsqrt_lut256.sv:50$348: $auto$alumacc.cc:495:replace_alu$4726
  creating $alu cell for $lt$rtl/fp16_rsqrt_lut256.sv:50$345: $auto$alumacc.cc:495:replace_alu$4733
  creating $alu cell for $lt$rtl/fp16_rsqrt_lut256.sv:50$342: $auto$alumacc.cc:495:replace_alu$4740
  creating $alu cell for $sub$rtl/fp16_rsqrt_lut256.sv:47$338: $auto$alumacc.cc:495:replace_alu$4747
  creating $alu cell for $sub$rtl/fp16_rsqrt_lut256.sv:51$369: $auto$alumacc.cc:495:replace_alu$4750
  creating $alu cell for $sub$rtl/fp16_rsqrt_lut256.sv:52$371: $auto$alumacc.cc:495:replace_alu$4753
  creating $alu cell for $sub$rtl/fp16_rsqrt_lut256.sv:57$374: $auto$alumacc.cc:495:replace_alu$4756
  creating $alu cell for $sub$rtl/fp16_rsqrt_lut256.sv:62$375: $auto$alumacc.cc:495:replace_alu$4759
  creating $alu cell for $sub$rtl/fp16_rsqrt_lut256.sv:65$379: $auto$alumacc.cc:495:replace_alu$4762
  created 15 $alu and 0 $macc cells.
Extracting $alu and $macc cells in module logic_normalization_barrier_tree_top:
  created 0 $alu and 0 $macc cells.

11.13. Executing SHARE pass (SAT-based resource sharing).
Found 2 cells in module fp16_add that may be considered for resource sharing.
  Analyzing resource sharing options for $shr$rtl/fp16_add.sv:13$35 ($shr):
    Found 4 activation_patterns using ctrl signal { $auto$rtlil.cc:2783:ReduceOr$4337 $auto$rtlil.cc:2783:ReduceOr$4322 $auto$rtlil.cc:2783:ReduceOr$4285 $logic_and$rtl/fp16_add.sv:86$140_Y $eq$rtl/fp16_add.sv:84$136_Y $logic_and$rtl/fp16_add.sv:81$134_Y $logic_or$rtl/fp16_add.sv:75$125_Y $eq$rtl/fp16_add.sv:76$116_Y $eq$rtl/fp16_add.sv:75$113_Y }.
    No candidates found.
  Analyzing resource sharing options for $shl$rtl/fp16_add.sv:12$31 ($shl):
    Found 4 activation_patterns using ctrl signal { $auto$rtlil.cc:2783:ReduceOr$4337 $auto$rtlil.cc:2783:ReduceOr$4322 $auto$rtlil.cc:2783:ReduceOr$4285 $logic_and$rtl/fp16_add.sv:86$140_Y $eq$rtl/fp16_add.sv:84$136_Y $logic_and$rtl/fp16_add.sv:81$134_Y $logic_or$rtl/fp16_add.sv:75$125_Y $eq$rtl/fp16_add.sv:76$116_Y $eq$rtl/fp16_add.sv:75$113_Y }.
    No candidates found.
Found 6 cells in module fp16_mul that may be considered for resource sharing.
  Analyzing resource sharing options for $shr$rtl/fp16_mul.sv:66$213 ($shr):
    Found 2 activation_patterns using ctrl signal { $auto$rtlil.cc:2826:And$3556 $auto$rtlil.cc:2826:And$3540 $auto$rtlil.cc:2826:And$3518 $auto$rtlil.cc:2783:ReduceOr$4617 $auto$rtlil.cc:2783:ReduceOr$4574 $auto$rtlil.cc:2783:ReduceOr$4632 $auto$rtlil.cc:2779:Not$4548 }.
    Found 1 candidates: $shr$rtl/fp16_mul.sv:47$191
    Analyzing resource sharing with $shr$rtl/fp16_mul.sv:47$191 ($shr):
      Found 2 activation_patterns using ctrl signal { $auto$rtlil.cc:2826:And$3556 $auto$rtlil.cc:2826:And$3540 $auto$rtlil.cc:2826:And$3518 $auto$rtlil.cc:2783:ReduceOr$4617 $auto$rtlil.cc:2783:ReduceOr$4589 $auto$rtlil.cc:2779:Not$4561 $auto$rtlil.cc:2783:ReduceOr$4632 }.
      Forbidden control signals for this pair of cells: { $ge$rtl/fp16_mul.sv:72$226_Y $ge$rtl/fp16_mul.sv:57$207_Y $ge$rtl/fp16_mul.sv:53$204_Y }
      Activation pattern for cell $shr$rtl/fp16_mul.sv:66$213: { $auto$rtlil.cc:2826:And$3556 $auto$rtlil.cc:2826:And$3540 $auto$rtlil.cc:2826:And$3518 $auto$rtlil.cc:2783:ReduceOr$4617 $auto$rtlil.cc:2783:ReduceOr$4632 $auto$rtlil.cc:2779:Not$4548 } = 6'000001
      Activation pattern for cell $shr$rtl/fp16_mul.sv:66$213: { $auto$rtlil.cc:2826:And$3556 $auto$rtlil.cc:2826:And$3540 $auto$rtlil.cc:2826:And$3518 $auto$rtlil.cc:2783:ReduceOr$4617 $auto$rtlil.cc:2783:ReduceOr$4574 $auto$rtlil.cc:2783:ReduceOr$4632 $auto$rtlil.cc:2779:Not$4548 } = 7'0000001
      Activation pattern for cell $shr$rtl/fp16_mul.sv:47$191: { $auto$rtlil.cc:2826:And$3556 $auto$rtlil.cc:2826:And$3540 $auto$rtlil.cc:2826:And$3518 $auto$rtlil.cc:2783:ReduceOr$4617 $auto$rtlil.cc:2783:ReduceOr$4589 $auto$rtlil.cc:2779:Not$4561 $auto$rtlil.cc:2783:ReduceOr$4632 } = 7'0001010
      Activation pattern for cell $shr$rtl/fp16_mul.sv:47$191: { $auto$rtlil.cc:2826:And$3556 $auto$rtlil.cc:2826:And$3540 $auto$rtlil.cc:2826:And$3518 $auto$rtlil.cc:2783:ReduceOr$4617 $auto$rtlil.cc:2779:Not$4561 $auto$rtlil.cc:2783:ReduceOr$4632 } = 6'000110
      Size of SAT problem: 115 cells, 21900 variables, 58014 clauses
      According to the SAT solver this pair of cells can be shared.
      Activation signal for $shr$rtl/fp16_mul.sv:66$213: $auto$share.cc:1015:make_cell_activation_logic$4768
      New cell: $auto$share.cc:669:make_supercell$4775 ($shr)
      New topology contains loops! Rolling back..
  Analyzing resource sharing options for $shr$rtl/fp16_mul.sv:47$191 ($shr):
    Found 2 activation_patterns using ctrl signal { $auto$rtlil.cc:2826:And$3556 $auto$rtlil.cc:2826:And$3540 $auto$rtlil.cc:2826:And$3518 $auto$rtlil.cc:2783:ReduceOr$4617 $auto$rtlil.cc:2783:ReduceOr$4589 $auto$rtlil.cc:2779:Not$4561 $auto$rtlil.cc:2783:ReduceOr$4632 }.
    No candidates found.
  Analyzing resource sharing options for $shl$rtl/fp16_mul.sv:71$225 ($shl):
    Found 2 activation_patterns using ctrl signal { $auto$rtlil.cc:2826:And$3556 $auto$rtlil.cc:2826:And$3540 $auto$rtlil.cc:2826:And$3518 $auto$rtlil.cc:2783:ReduceOr$4617 $auto$rtlil.cc:2783:ReduceOr$4574 $auto$rtlil.cc:2783:ReduceOr$4632 $auto$rtlil.cc:2779:Not$4548 }.
    Found 1 candidates: $shl$rtl/fp16_mul.sv:52$203
    Analyzing resource sharing with $shl$rtl/fp16_mul.sv:52$203 ($shl):
      Found 2 activation_patterns using ctrl signal { $auto$rtlil.cc:2826:And$3556 $auto$rtlil.cc:2826:And$3540 $auto$rtlil.cc:2826:And$3518 $auto$rtlil.cc:2783:ReduceOr$4617 $auto$rtlil.cc:2783:ReduceOr$4589 $auto$rtlil.cc:2779:Not$4561 $auto$rtlil.cc:2783:ReduceOr$4632 }.
      Forbidden control signals for this pair of cells: { $ge$rtl/fp16_mul.sv:72$226_Y $ge$rtl/fp16_mul.sv:57$207_Y $ge$rtl/fp16_mul.sv:53$204_Y }
      Activation pattern for cell $shl$rtl/fp16_mul.sv:71$225: { $auto$rtlil.cc:2826:And$3556 $auto$rtlil.cc:2826:And$3540 $auto$rtlil.cc:2826:And$3518 $auto$rtlil.cc:2783:ReduceOr$4617 $auto$rtlil.cc:2783:ReduceOr$4574 $auto$rtlil.cc:2783:ReduceOr$4632 $auto$rtlil.cc:2779:Not$4548 } = 7'0000000
      Activation pattern for cell $shl$rtl/fp16_mul.sv:71$225: { $auto$rtlil.cc:2826:And$3556 $auto$rtlil.cc:2826:And$3540 $auto$rtlil.cc:2826:And$3518 $auto$rtlil.cc:2783:ReduceOr$4617 $auto$rtlil.cc:2783:ReduceOr$4632 $auto$rtlil.cc:2779:Not$4548 } = 6'000000
      Activation pattern for cell $shl$rtl/fp16_mul.sv:52$203: { $auto$rtlil.cc:2826:And$3556 $auto$rtlil.cc:2826:And$3540 $auto$rtlil.cc:2826:And$3518 $auto$rtlil.cc:2783:ReduceOr$4617 $auto$rtlil.cc:2779:Not$4561 $auto$rtlil.cc:2783:ReduceOr$4632 } = 6'000100
      Activation pattern for cell $shl$rtl/fp16_mul.sv:52$203: { $auto$rtlil.cc:2826:And$3556 $auto$rtlil.cc:2826:And$3540 $auto$rtlil.cc:2826:And$3518 $auto$rtlil.cc:2783:ReduceOr$4617 $auto$rtlil.cc:2783:ReduceOr$4589 $auto$rtlil.cc:2779:Not$4561 $auto$rtlil.cc:2783:ReduceOr$4632 } = 7'0001000
      Size of SAT problem: 115 cells, 21900 variables, 58014 clauses
      According to the SAT solver this pair of cells can be shared.
      Activation signal for $shl$rtl/fp16_mul.sv:71$225: $auto$share.cc:1015:make_cell_activation_logic$4781
      New cell: $auto$share.cc:669:make_supercell$4788 ($shl)
      New topology contains loops! Rolling back..
  Analyzing resource sharing options for $shl$rtl/fp16_mul.sv:52$203 ($shl):
    Found 2 activation_patterns using ctrl signal { $auto$rtlil.cc:2826:And$3556 $auto$rtlil.cc:2826:And$3540 $auto$rtlil.cc:2826:And$3518 $auto$rtlil.cc:2783:ReduceOr$4617 $auto$rtlil.cc:2783:ReduceOr$4589 $auto$rtlil.cc:2779:Not$4561 $auto$rtlil.cc:2783:ReduceOr$4632 }.
    No candidates found.
  Analyzing resource sharing options for $shl$rtl/fp16_mul.sv:67$215 ($shl):
    Found 2 activation_patterns using ctrl signal { $auto$rtlil.cc:2826:And$3556 $auto$rtlil.cc:2826:And$3540 $auto$rtlil.cc:2826:And$3518 $auto$rtlil.cc:2783:ReduceOr$4617 $auto$rtlil.cc:2783:ReduceOr$4574 $auto$rtlil.cc:2783:ReduceOr$4632 $auto$rtlil.cc:2779:Not$4548 }.
    Found 1 candidates: $shl$rtl/fp16_mul.sv:48$193
    Analyzing resource sharing with $shl$rtl/fp16_mul.sv:48$193 ($shl):
      Found 2 activation_patterns using ctrl signal { $auto$rtlil.cc:2826:And$3556 $auto$rtlil.cc:2826:And$3540 $auto$rtlil.cc:2826:And$3518 $auto$rtlil.cc:2783:ReduceOr$4617 $auto$rtlil.cc:2783:ReduceOr$4589 $auto$rtlil.cc:2779:Not$4561 $auto$rtlil.cc:2783:ReduceOr$4632 }.
      Forbidden control signals for this pair of cells: { $ge$rtl/fp16_mul.sv:72$226_Y $ge$rtl/fp16_mul.sv:57$207_Y $ge$rtl/fp16_mul.sv:53$204_Y }
      Activation pattern for cell $shl$rtl/fp16_mul.sv:67$215: { $auto$rtlil.cc:2826:And$3556 $auto$rtlil.cc:2826:And$3540 $auto$rtlil.cc:2826:And$3518 $auto$rtlil.cc:2783:ReduceOr$4617 $auto$rtlil.cc:2783:ReduceOr$4574 $auto$rtlil.cc:2783:ReduceOr$4632 $auto$rtlil.cc:2779:Not$4548 } = 7'0000001
      Activation pattern for cell $shl$rtl/fp16_mul.sv:67$215: { $auto$rtlil.cc:2826:And$3556 $auto$rtlil.cc:2826:And$3540 $auto$rtlil.cc:2826:And$3518 $auto$rtlil.cc:2783:ReduceOr$4617 $auto$rtlil.cc:2783:ReduceOr$4632 $auto$rtlil.cc:2779:Not$4548 } = 6'000001
      Activation pattern for cell $shl$rtl/fp16_mul.sv:48$193: { $auto$rtlil.cc:2826:And$3556 $auto$rtlil.cc:2826:And$3540 $auto$rtlil.cc:2826:And$3518 $auto$rtlil.cc:2783:ReduceOr$4617 $auto$rtlil.cc:2779:Not$4561 $auto$rtlil.cc:2783:ReduceOr$4632 } = 6'000110
      Activation pattern for cell $shl$rtl/fp16_mul.sv:48$193: { $auto$rtlil.cc:2826:And$3556 $auto$rtlil.cc:2826:And$3540 $auto$rtlil.cc:2826:And$3518 $auto$rtlil.cc:2783:ReduceOr$4617 $auto$rtlil.cc:2783:ReduceOr$4589 $auto$rtlil.cc:2779:Not$4561 $auto$rtlil.cc:2783:ReduceOr$4632 } = 7'0001010
      Size of SAT problem: 115 cells, 21900 variables, 58014 clauses
      According to the SAT solver this pair of cells can be shared.
      Activation signal for $shl$rtl/fp16_mul.sv:67$215: $auto$share.cc:1015:make_cell_activation_logic$4794
      New cell: $auto$share.cc:669:make_supercell$4801 ($shl)
      New topology contains loops! Rolling back..
  Analyzing resource sharing options for $shl$rtl/fp16_mul.sv:48$193 ($shl):
    Found 2 activation_patterns using ctrl signal { $auto$rtlil.cc:2826:And$3556 $auto$rtlil.cc:2826:And$3540 $auto$rtlil.cc:2826:And$3518 $auto$rtlil.cc:2783:ReduceOr$4617 $auto$rtlil.cc:2783:ReduceOr$4589 $auto$rtlil.cc:2779:Not$4561 $auto$rtlil.cc:2783:ReduceOr$4632 }.
    No candidates found.
Found 2 cells in module fp16_rsqrt_lut256 that may be considered for resource sharing.
  Analyzing resource sharing options for $shl$rtl/fp16_rsqrt_lut256.sv:51$370 ($shl):
    Found 1 activation_patterns using ctrl signal { $ne$rtl/fp16_rsqrt_lut256.sv:45$333_Y $logic_and$rtl/fp16_rsqrt_lut256.sv:42$321_Y $eq$rtl/fp16_rsqrt_lut256.sv:40$305_Y \input_data_i [15] \input_ready_o \input_valid_i }.
    No candidates found.
  Analyzing resource sharing options for $auto$mem.cc:282:emit$1144 ($memrd_v2):
    Found 1 activation_patterns using ctrl signal { $logic_and$rtl/fp16_rsqrt_lut256.sv:42$321_Y $eq$rtl/fp16_rsqrt_lut256.sv:40$305_Y \input_data_i [15] \input_ready_o \input_valid_i }.
    No candidates found.

11.14. Executing OPT pass (performing simple optimizations).

11.14.1. Executing OPT_EXPR pass (perform const folding).
Optimizing module $paramod$865746d0c425e5bff1afb43fc0ca954cd0aab93f\logic_normalization_bank_barrier.
Optimizing module $paramod$cf256f1e07155db3e20fb233046fedb4711c91b2\logic_normalization_scalar_engine_array.
Optimizing module $paramod$e6d2582358ff6950cc507271baa264b5b8280dfa\logic_normalization_parallel_tree_top.
Optimizing module $paramod\logic_normalization_scalar_engine\TAG_WIDTH=32'00000000000000000000000000010000.
Optimizing module fp16_add.
<suppressed ~9 debug messages>
Optimizing module fp16_mul.
<suppressed ~8 debug messages>
Optimizing module fp16_rsqrt_lut256.
<suppressed ~27 debug messages>
Optimizing module logic_normalization_barrier_tree_top.

11.14.2. Executing OPT_MERGE pass (detect identical cells).
Finding identical cells in module `$paramod$865746d0c425e5bff1afb43fc0ca954cd0aab93f\logic_normalization_bank_barrier'.
Finding identical cells in module `$paramod$cf256f1e07155db3e20fb233046fedb4711c91b2\logic_normalization_scalar_engine_array'.
Finding identical cells in module `$paramod$e6d2582358ff6950cc507271baa264b5b8280dfa\logic_normalization_parallel_tree_top'.
Finding identical cells in module `$paramod\logic_normalization_scalar_engine\TAG_WIDTH=32'00000000000000000000000000010000'.
Finding identical cells in module `\fp16_add'.
Finding identical cells in module `\fp16_mul'.
Finding identical cells in module `\fp16_rsqrt_lut256'.
Finding identical cells in module `\logic_normalization_barrier_tree_top'.
Removed a total of 0 cells.

11.14.3. Executing OPT_MUXTREE pass (detect dead branches in mux trees).
Running muxtree optimizer on module $paramod$865746d0c425e5bff1afb43fc0ca954cd0aab93f\logic_normalization_bank_barrier..
  Creating internal representation of mux trees.
  Evaluating internal representation of mux trees.
  Analyzing evaluation results.
Running muxtree optimizer on module $paramod$cf256f1e07155db3e20fb233046fedb4711c91b2\logic_normalization_scalar_engine_array..
  Creating internal representation of mux trees.
  No muxes found in this module.
Running muxtree optimizer on module $paramod$e6d2582358ff6950cc507271baa264b5b8280dfa\logic_normalization_parallel_tree_top..
  Creating internal representation of mux trees.
  Evaluating internal representation of mux trees.
  Analyzing evaluation results.
Running muxtree optimizer on module $paramod\logic_normalization_scalar_engine\TAG_WIDTH=32'00000000000000000000000000010000..
  Creating internal representation of mux trees.
  Evaluating internal representation of mux trees.
  Analyzing evaluation results.
Running muxtree optimizer on module \fp16_add..
  Creating internal representation of mux trees.
  Evaluating internal representation of mux trees.
  Analyzing evaluation results.
Running muxtree optimizer on module \fp16_mul..
  Creating internal representation of mux trees.
  Evaluating internal representation of mux trees.
  Analyzing evaluation results.
Running muxtree optimizer on module \fp16_rsqrt_lut256..
  Creating internal representation of mux trees.
  Evaluating internal representation of mux trees.
  Analyzing evaluation results.
Running muxtree optimizer on module \logic_normalization_barrier_tree_top..
  Creating internal representation of mux trees.
  No muxes found in this module.
Removed 0 multiplexer ports.
<suppressed ~166 debug messages>

11.14.4. Executing OPT_REDUCE pass (consolidate $*mux and $reduce_* inputs).
  Optimizing cells in module $paramod$865746d0c425e5bff1afb43fc0ca954cd0aab93f\logic_normalization_bank_barrier.
  Optimizing cells in module $paramod$cf256f1e07155db3e20fb233046fedb4711c91b2\logic_normalization_scalar_engine_array.
  Optimizing cells in module $paramod$e6d2582358ff6950cc507271baa264b5b8280dfa\logic_normalization_parallel_tree_top.
  Optimizing cells in module $paramod\logic_normalization_scalar_engine\TAG_WIDTH=32'00000000000000000000000000010000.
  Optimizing cells in module \fp16_add.
  Optimizing cells in module \fp16_mul.
  Optimizing cells in module \fp16_rsqrt_lut256.
  Optimizing cells in module \logic_normalization_barrier_tree_top.
Performed a total of 0 changes.

11.14.5. Executing OPT_MERGE pass (detect identical cells).
Finding identical cells in module `$paramod$865746d0c425e5bff1afb43fc0ca954cd0aab93f\logic_normalization_bank_barrier'.
Finding identical cells in module `$paramod$cf256f1e07155db3e20fb233046fedb4711c91b2\logic_normalization_scalar_engine_array'.
Finding identical cells in module `$paramod$e6d2582358ff6950cc507271baa264b5b8280dfa\logic_normalization_parallel_tree_top'.
Finding identical cells in module `$paramod\logic_normalization_scalar_engine\TAG_WIDTH=32'00000000000000000000000000010000'.
Finding identical cells in module `\fp16_add'.
Finding identical cells in module `\fp16_mul'.
Finding identical cells in module `\fp16_rsqrt_lut256'.
Finding identical cells in module `\logic_normalization_barrier_tree_top'.
Removed a total of 0 cells.

11.14.6. Executing OPT_DFF pass (perform DFF optimizations).

11.14.7. Executing OPT_CLEAN pass (remove unused cells and wires).
Finding unused cells or wires in module $paramod$865746d0c425e5bff1afb43fc0ca954cd0aab93f\logic_normalization_bank_barrier..
Finding unused cells or wires in module $paramod$cf256f1e07155db3e20fb233046fedb4711c91b2\logic_normalization_scalar_engine_array..
Finding unused cells or wires in module $paramod$e6d2582358ff6950cc507271baa264b5b8280dfa\logic_normalization_parallel_tree_top..
Finding unused cells or wires in module $paramod\logic_normalization_scalar_engine\TAG_WIDTH=32'00000000000000000000000000010000..
Finding unused cells or wires in module \fp16_add..
Finding unused cells or wires in module \fp16_mul..
Finding unused cells or wires in module \fp16_rsqrt_lut256..
Finding unused cells or wires in module \logic_normalization_barrier_tree_top..
Removed 14 unused cells and 124 unused wires.
<suppressed ~30 debug messages>

11.14.8. Executing OPT_EXPR pass (perform const folding).
Optimizing module $paramod$865746d0c425e5bff1afb43fc0ca954cd0aab93f\logic_normalization_bank_barrier.
Optimizing module $paramod$cf256f1e07155db3e20fb233046fedb4711c91b2\logic_normalization_scalar_engine_array.
Optimizing module $paramod$e6d2582358ff6950cc507271baa264b5b8280dfa\logic_normalization_parallel_tree_top.
Optimizing module $paramod\logic_normalization_scalar_engine\TAG_WIDTH=32'00000000000000000000000000010000.
Optimizing module fp16_add.
Optimizing module fp16_mul.
Optimizing module fp16_rsqrt_lut256.
Optimizing module logic_normalization_barrier_tree_top.

11.14.9. Rerunning OPT passes. (Maybe there is more to do..)

11.14.10. Executing OPT_MUXTREE pass (detect dead branches in mux trees).
Running muxtree optimizer on module $paramod$865746d0c425e5bff1afb43fc0ca954cd0aab93f\logic_normalization_bank_barrier..
  Creating internal representation of mux trees.
  Evaluating internal representation of mux trees.
  Analyzing evaluation results.
Running muxtree optimizer on module $paramod$cf256f1e07155db3e20fb233046fedb4711c91b2\logic_normalization_scalar_engine_array..
  Creating internal representation of mux trees.
  No muxes found in this module.
Running muxtree optimizer on module $paramod$e6d2582358ff6950cc507271baa264b5b8280dfa\logic_normalization_parallel_tree_top..
  Creating internal representation of mux trees.
  Evaluating internal representation of mux trees.
  Analyzing evaluation results.
Running muxtree optimizer on module $paramod\logic_normalization_scalar_engine\TAG_WIDTH=32'00000000000000000000000000010000..
  Creating internal representation of mux trees.
  Evaluating internal representation of mux trees.
  Analyzing evaluation results.
Running muxtree optimizer on module \fp16_add..
  Creating internal representation of mux trees.
  Evaluating internal representation of mux trees.
  Analyzing evaluation results.
Running muxtree optimizer on module \fp16_mul..
  Creating internal representation of mux trees.
  Evaluating internal representation of mux trees.
  Analyzing evaluation results.
Running muxtree optimizer on module \fp16_rsqrt_lut256..
  Creating internal representation of mux trees.
  Evaluating internal representation of mux trees.
  Analyzing evaluation results.
Running muxtree optimizer on module \logic_normalization_barrier_tree_top..
  Creating internal representation of mux trees.
  No muxes found in this module.
Removed 0 multiplexer ports.
<suppressed ~166 debug messages>

11.14.11. Executing OPT_REDUCE pass (consolidate $*mux and $reduce_* inputs).
  Optimizing cells in module $paramod$865746d0c425e5bff1afb43fc0ca954cd0aab93f\logic_normalization_bank_barrier.
  Optimizing cells in module $paramod$cf256f1e07155db3e20fb233046fedb4711c91b2\logic_normalization_scalar_engine_array.
  Optimizing cells in module $paramod$e6d2582358ff6950cc507271baa264b5b8280dfa\logic_normalization_parallel_tree_top.
  Optimizing cells in module $paramod\logic_normalization_scalar_engine\TAG_WIDTH=32'00000000000000000000000000010000.
  Optimizing cells in module \fp16_add.
  Optimizing cells in module \fp16_mul.
  Optimizing cells in module \fp16_rsqrt_lut256.
  Optimizing cells in module \logic_normalization_barrier_tree_top.
Performed a total of 0 changes.

11.14.12. Executing OPT_MERGE pass (detect identical cells).
Finding identical cells in module `$paramod$865746d0c425e5bff1afb43fc0ca954cd0aab93f\logic_normalization_bank_barrier'.
Finding identical cells in module `$paramod$cf256f1e07155db3e20fb233046fedb4711c91b2\logic_normalization_scalar_engine_array'.
Finding identical cells in module `$paramod$e6d2582358ff6950cc507271baa264b5b8280dfa\logic_normalization_parallel_tree_top'.
Finding identical cells in module `$paramod\logic_normalization_scalar_engine\TAG_WIDTH=32'00000000000000000000000000010000'.
Finding identical cells in module `\fp16_add'.
Finding identical cells in module `\fp16_mul'.
Finding identical cells in module `\fp16_rsqrt_lut256'.
Finding identical cells in module `\logic_normalization_barrier_tree_top'.
Removed a total of 0 cells.

11.14.13. Executing OPT_DFF pass (perform DFF optimizations).

11.14.14. Executing OPT_CLEAN pass (remove unused cells and wires).
Finding unused cells or wires in module $paramod$865746d0c425e5bff1afb43fc0ca954cd0aab93f\logic_normalization_bank_barrier..
Finding unused cells or wires in module $paramod$cf256f1e07155db3e20fb233046fedb4711c91b2\logic_normalization_scalar_engine_array..
Finding unused cells or wires in module $paramod$e6d2582358ff6950cc507271baa264b5b8280dfa\logic_normalization_parallel_tree_top..
Finding unused cells or wires in module $paramod\logic_normalization_scalar_engine\TAG_WIDTH=32'00000000000000000000000000010000..
Finding unused cells or wires in module \fp16_add..
Finding unused cells or wires in module \fp16_mul..
Finding unused cells or wires in module \fp16_rsqrt_lut256..
Finding unused cells or wires in module \logic_normalization_barrier_tree_top..

11.14.15. Executing OPT_EXPR pass (perform const folding).
Optimizing module $paramod$865746d0c425e5bff1afb43fc0ca954cd0aab93f\logic_normalization_bank_barrier.
Optimizing module $paramod$cf256f1e07155db3e20fb233046fedb4711c91b2\logic_normalization_scalar_engine_array.
Optimizing module $paramod$e6d2582358ff6950cc507271baa264b5b8280dfa\logic_normalization_parallel_tree_top.
Optimizing module $paramod\logic_normalization_scalar_engine\TAG_WIDTH=32'00000000000000000000000000010000.
Optimizing module fp16_add.
Optimizing module fp16_mul.
Optimizing module fp16_rsqrt_lut256.
Optimizing module logic_normalization_barrier_tree_top.

11.14.16. Finished OPT passes. (There is nothing left to do.)

11.15. Executing MEMORY pass.

11.15.1. Executing OPT_MEM pass (optimize memories).
fp16_rsqrt_lut256.$auto$proc_rom.cc:155:do_switch$1143: removing const-0 lane 10
fp16_rsqrt_lut256.$auto$proc_rom.cc:155:do_switch$1143: removing const-1 lane 11
fp16_rsqrt_lut256.$auto$proc_rom.cc:155:do_switch$1143: removing const-1 lane 12
fp16_rsqrt_lut256.$auto$proc_rom.cc:155:do_switch$1143: removing const-1 lane 13
fp16_rsqrt_lut256.$auto$proc_rom.cc:155:do_switch$1143: removing const-0 lane 14
fp16_rsqrt_lut256.$auto$proc_rom.cc:155:do_switch$1143: removing const-0 lane 15
Performed a total of 1 transformations.

11.15.2. Executing OPT_MEM_PRIORITY pass (removing unnecessary memory write priority relations).
Performed a total of 0 transformations.

11.15.3. Executing OPT_MEM_FEEDBACK pass (finding memory read-to-write feedback paths).

11.15.4. Executing MEMORY_BMUX2ROM pass (converting muxes to ROMs).

11.15.5. Executing MEMORY_DFF pass (merging $dff cells to $memrd).
Checking read port `$auto$proc_rom.cc:155:do_switch$1143'[0] in module `\fp16_rsqrt_lut256': FF found, but with a mux select that doesn't seem to correspond to transparency logic.
Checking read port address `$auto$proc_rom.cc:155:do_switch$1143'[0] in module `\fp16_rsqrt_lut256': no address FF found.

11.15.6. Executing OPT_CLEAN pass (remove unused cells and wires).
Finding unused cells or wires in module $paramod$865746d0c425e5bff1afb43fc0ca954cd0aab93f\logic_normalization_bank_barrier..
Finding unused cells or wires in module $paramod$cf256f1e07155db3e20fb233046fedb4711c91b2\logic_normalization_scalar_engine_array..
Finding unused cells or wires in module $paramod$e6d2582358ff6950cc507271baa264b5b8280dfa\logic_normalization_parallel_tree_top..
Finding unused cells or wires in module $paramod\logic_normalization_scalar_engine\TAG_WIDTH=32'00000000000000000000000000010000..
Finding unused cells or wires in module \fp16_add..
Finding unused cells or wires in module \fp16_mul..
Finding unused cells or wires in module \fp16_rsqrt_lut256..
Finding unused cells or wires in module \logic_normalization_barrier_tree_top..

11.15.7. Executing MEMORY_SHARE pass (consolidating $memrd/$memwr cells).

11.15.8. Executing OPT_MEM_WIDEN pass (optimize memories where all ports are wide).
Performed a total of 0 transformations.

11.15.9. Executing OPT_CLEAN pass (remove unused cells and wires).
Finding unused cells or wires in module $paramod$865746d0c425e5bff1afb43fc0ca954cd0aab93f\logic_normalization_bank_barrier..
Finding unused cells or wires in module $paramod$cf256f1e07155db3e20fb233046fedb4711c91b2\logic_normalization_scalar_engine_array..
Finding unused cells or wires in module $paramod$e6d2582358ff6950cc507271baa264b5b8280dfa\logic_normalization_parallel_tree_top..
Finding unused cells or wires in module $paramod\logic_normalization_scalar_engine\TAG_WIDTH=32'00000000000000000000000000010000..
Finding unused cells or wires in module \fp16_add..
Finding unused cells or wires in module \fp16_mul..
Finding unused cells or wires in module \fp16_rsqrt_lut256..
Finding unused cells or wires in module \logic_normalization_barrier_tree_top..

11.15.10. Executing MEMORY_COLLECT pass (generating $mem cells).

11.16. Executing OPT_CLEAN pass (remove unused cells and wires).
Finding unused cells or wires in module $paramod$865746d0c425e5bff1afb43fc0ca954cd0aab93f\logic_normalization_bank_barrier..
Finding unused cells or wires in module $paramod$cf256f1e07155db3e20fb233046fedb4711c91b2\logic_normalization_scalar_engine_array..
Finding unused cells or wires in module $paramod$e6d2582358ff6950cc507271baa264b5b8280dfa\logic_normalization_parallel_tree_top..
Finding unused cells or wires in module $paramod\logic_normalization_scalar_engine\TAG_WIDTH=32'00000000000000000000000000010000..
Finding unused cells or wires in module \fp16_add..
Finding unused cells or wires in module \fp16_mul..
Finding unused cells or wires in module \fp16_rsqrt_lut256..
Finding unused cells or wires in module \logic_normalization_barrier_tree_top..

11.17. Executing OPT pass (performing simple optimizations).

11.17.1. Executing OPT_EXPR pass (perform const folding).
Optimizing module $paramod$865746d0c425e5bff1afb43fc0ca954cd0aab93f\logic_normalization_bank_barrier.
<suppressed ~19 debug messages>
Optimizing module $paramod$cf256f1e07155db3e20fb233046fedb4711c91b2\logic_normalization_scalar_engine_array.
Optimizing module $paramod$e6d2582358ff6950cc507271baa264b5b8280dfa\logic_normalization_parallel_tree_top.
<suppressed ~26 debug messages>
Optimizing module $paramod\logic_normalization_scalar_engine\TAG_WIDTH=32'00000000000000000000000000010000.
<suppressed ~6 debug messages>
Optimizing module fp16_add.
<suppressed ~35 debug messages>
Optimizing module fp16_mul.
<suppressed ~39 debug messages>
Optimizing module fp16_rsqrt_lut256.
<suppressed ~82 debug messages>
Optimizing module logic_normalization_barrier_tree_top.

11.17.2. Executing OPT_MERGE pass (detect identical cells).
Finding identical cells in module `$paramod$865746d0c425e5bff1afb43fc0ca954cd0aab93f\logic_normalization_bank_barrier'.
Finding identical cells in module `$paramod$cf256f1e07155db3e20fb233046fedb4711c91b2\logic_normalization_scalar_engine_array'.
Finding identical cells in module `$paramod$e6d2582358ff6950cc507271baa264b5b8280dfa\logic_normalization_parallel_tree_top'.
Finding identical cells in module `$paramod\logic_normalization_scalar_engine\TAG_WIDTH=32'00000000000000000000000000010000'.
Finding identical cells in module `\fp16_add'.
Finding identical cells in module `\fp16_mul'.
Finding identical cells in module `\fp16_rsqrt_lut256'.
Finding identical cells in module `\logic_normalization_barrier_tree_top'.
Removed a total of 0 cells.

11.17.3. Executing OPT_DFF pass (perform DFF optimizations).

11.17.4. Executing OPT_CLEAN pass (remove unused cells and wires).
Finding unused cells or wires in module $paramod$865746d0c425e5bff1afb43fc0ca954cd0aab93f\logic_normalization_bank_barrier..
Finding unused cells or wires in module $paramod$cf256f1e07155db3e20fb233046fedb4711c91b2\logic_normalization_scalar_engine_array..
Finding unused cells or wires in module $paramod$e6d2582358ff6950cc507271baa264b5b8280dfa\logic_normalization_parallel_tree_top..
Finding unused cells or wires in module $paramod\logic_normalization_scalar_engine\TAG_WIDTH=32'00000000000000000000000000010000..
Finding unused cells or wires in module \fp16_add..
Finding unused cells or wires in module \fp16_mul..
Finding unused cells or wires in module \fp16_rsqrt_lut256..
Finding unused cells or wires in module \logic_normalization_barrier_tree_top..
Removed 17 unused cells and 177 unused wires.
<suppressed ~23 debug messages>

11.17.5. Finished fast OPT passes.

11.18. Executing MEMORY_MAP pass (converting memories to logic and flip-flops).
Mapping memory $auto$proc_rom.cc:155:do_switch$1143 in module \fp16_rsqrt_lut256:
  created 256 $dff cells and 0 static cells of width 10.
  read interface: 0 $dff and 255 $mux cells.
  write interface: 0 write mux blocks.

11.19. Executing OPT pass (performing simple optimizations).

11.19.1. Executing OPT_EXPR pass (perform const folding).
Optimizing module $paramod$865746d0c425e5bff1afb43fc0ca954cd0aab93f\logic_normalization_bank_barrier.
Optimizing module $paramod$cf256f1e07155db3e20fb233046fedb4711c91b2\logic_normalization_scalar_engine_array.
Optimizing module $paramod$e6d2582358ff6950cc507271baa264b5b8280dfa\logic_normalization_parallel_tree_top.
Optimizing module $paramod\logic_normalization_scalar_engine\TAG_WIDTH=32'00000000000000000000000000010000.
<suppressed ~1 debug messages>
Optimizing module fp16_add.
Optimizing module fp16_mul.
Optimizing module fp16_rsqrt_lut256.
Optimizing module logic_normalization_barrier_tree_top.

11.19.2. Executing OPT_MERGE pass (detect identical cells).
Finding identical cells in module `$paramod$865746d0c425e5bff1afb43fc0ca954cd0aab93f\logic_normalization_bank_barrier'.
Finding identical cells in module `$paramod$cf256f1e07155db3e20fb233046fedb4711c91b2\logic_normalization_scalar_engine_array'.
Finding identical cells in module `$paramod$e6d2582358ff6950cc507271baa264b5b8280dfa\logic_normalization_parallel_tree_top'.
Finding identical cells in module `$paramod\logic_normalization_scalar_engine\TAG_WIDTH=32'00000000000000000000000000010000'.
Finding identical cells in module `\fp16_add'.
Finding identical cells in module `\fp16_mul'.
Finding identical cells in module `\fp16_rsqrt_lut256'.
Finding identical cells in module `\logic_normalization_barrier_tree_top'.
Removed a total of 0 cells.

11.19.3. Executing OPT_MUXTREE pass (detect dead branches in mux trees).
Running muxtree optimizer on module $paramod$865746d0c425e5bff1afb43fc0ca954cd0aab93f\logic_normalization_bank_barrier..
  Creating internal representation of mux trees.
  Evaluating internal representation of mux trees.
  Analyzing evaluation results.
Running muxtree optimizer on module $paramod$cf256f1e07155db3e20fb233046fedb4711c91b2\logic_normalization_scalar_engine_array..
  Creating internal representation of mux trees.
  No muxes found in this module.
Running muxtree optimizer on module $paramod$e6d2582358ff6950cc507271baa264b5b8280dfa\logic_normalization_parallel_tree_top..
  Creating internal representation of mux trees.
  Evaluating internal representation of mux trees.
  Analyzing evaluation results.
Running muxtree optimizer on module $paramod\logic_normalization_scalar_engine\TAG_WIDTH=32'00000000000000000000000000010000..
  Creating internal representation of mux trees.
  Evaluating internal representation of mux trees.
  Analyzing evaluation results.
Running muxtree optimizer on module \fp16_add..
  Creating internal representation of mux trees.
  Evaluating internal representation of mux trees.
  Analyzing evaluation results.
Running muxtree optimizer on module \fp16_mul..
  Creating internal representation of mux trees.
  Evaluating internal representation of mux trees.
  Analyzing evaluation results.
Running muxtree optimizer on module \fp16_rsqrt_lut256..
  Creating internal representation of mux trees.
  Evaluating internal representation of mux trees.
  Analyzing evaluation results.
Running muxtree optimizer on module \logic_normalization_barrier_tree_top..
  Creating internal representation of mux trees.
  No muxes found in this module.
Removed 0 multiplexer ports.
<suppressed ~142 debug messages>

11.19.4. Executing OPT_REDUCE pass (consolidate $*mux and $reduce_* inputs).
  Optimizing cells in module $paramod$865746d0c425e5bff1afb43fc0ca954cd0aab93f\logic_normalization_bank_barrier.
  Optimizing cells in module $paramod$cf256f1e07155db3e20fb233046fedb4711c91b2\logic_normalization_scalar_engine_array.
  Optimizing cells in module $paramod$e6d2582358ff6950cc507271baa264b5b8280dfa\logic_normalization_parallel_tree_top.
  Optimizing cells in module $paramod\logic_normalization_scalar_engine\TAG_WIDTH=32'00000000000000000000000000010000.
    New ctrl vector for $pmux cell $procmux$1657: { $eq$rtl/logic_normalization_scalar_engine.sv:69$781_Y $procmux$1599_CMP $procmux$1593_CMP \rsqrt_input_valid }
  Optimizing cells in module $paramod\logic_normalization_scalar_engine\TAG_WIDTH=32'00000000000000000000000000010000.
  Optimizing cells in module \fp16_add.
    Consolidated identical input bits for $mux cell $procmux$3152:
      Old ports: A={ \result_exp [4:0] \rounded_sig [9:0] }, B={ 5'00000 \rounded_sig [9:0] }, Y=$7\result_o[15:0] [14:0]
      New ports: A=\result_exp [4:0], B=5'00000, Y=$7\result_o[15:0] [14:10]
      New connections: $7\result_o[15:0] [9:0] = \rounded_sig [9:0]
    Consolidated identical input bits for $mux cell $procmux$3386:
      Old ports: A={ 27'000000000000000000000000000 \large_exp }, B={ $sub$rtl/fp16_add.sv:64$46_Y [31] $sub$rtl/fp16_add.sv:64$46_Y [31] $sub$rtl/fp16_add.sv:64$46_Y [31] $sub$rtl/fp16_add.sv:64$46_Y [31] $sub$rtl/fp16_add.sv:64$46_Y [31] $sub$rtl/fp16_add.sv:64$46_Y [31] $sub$rtl/fp16_add.sv:64$46_Y [31] $sub$rtl/fp16_add.sv:64$46_Y [31] $sub$rtl/fp16_add.sv:64$46_Y [31] $sub$rtl/fp16_add.sv:64$46_Y [31] $sub$rtl/fp16_add.sv:64$46_Y [31] $sub$rtl/fp16_add.sv:64$46_Y [31] $sub$rtl/fp16_add.sv:64$46_Y [31] $sub$rtl/fp16_add.sv:64$46_Y [31] $sub$rtl/fp16_add.sv:64$46_Y [31] $sub$rtl/fp16_add.sv:64$46_Y [31] $sub$rtl/fp16_add.sv:64$46_Y [31] $sub$rtl/fp16_add.sv:64$46_Y [31] $sub$rtl/fp16_add.sv:64$46_Y [31] $sub$rtl/fp16_add.sv:64$46_Y [31] $sub$rtl/fp16_add.sv:64$46_Y [31] $sub$rtl/fp16_add.sv:64$46_Y [31] $sub$rtl/fp16_add.sv:64$46_Y [31] $sub$rtl/fp16_add.sv:64$46_Y [31] $sub$rtl/fp16_add.sv:64$46_Y [31] $sub$rtl/fp16_add.sv:64$46_Y [31] $sub$rtl/fp16_add.sv:64$46_Y [31] $sub$rtl/fp16_add.sv:64$46_Y [4:0] }, Y=$3\result_exp[31:0]
      New ports: A={ 1'0 \large_exp }, B={ $sub$rtl/fp16_add.sv:64$46_Y [31] $sub$rtl/fp16_add.sv:64$46_Y [4:0] }, Y=$3\result_exp[31:0] [5:0]
      New connections: $3\result_exp[31:0] [31:6] = { $3\result_exp[31:0] [5] $3\result_exp[31:0] [5] $3\result_exp[31:0] [5] $3\result_exp[31:0] [5] $3\result_exp[31:0] [5] $3\result_exp[31:0] [5] $3\result_exp[31:0] [5] $3\result_exp[31:0] [5] $3\result_exp[31:0] [5] $3\result_exp[31:0] [5] $3\result_exp[31:0] [5] $3\result_exp[31:0] [5] $3\result_exp[31:0] [5] $3\result_exp[31:0] [5] $3\result_exp[31:0] [5] $3\result_exp[31:0] [5] $3\result_exp[31:0] [5] $3\result_exp[31:0] [5] $3\result_exp[31:0] [5] $3\result_exp[31:0] [5] $3\result_exp[31:0] [5] $3\result_exp[31:0] [5] $3\result_exp[31:0] [5] $3\result_exp[31:0] [5] $3\result_exp[31:0] [5] $3\result_exp[31:0] [5] }
  Optimizing cells in module \fp16_add.
  Optimizing cells in module \fp16_mul.
    Consolidated identical input bits for $mux cell $procmux$3144:
      Old ports: A={ 31'0000000000000000000000000000000 \product [1] }, B=2, Y=$3\msb_index[31:0]
      New ports: A={ 1'0 \product [1] }, B=2'10, Y=$3\msb_index[31:0] [1:0]
      New connections: $3\msb_index[31:0] [31:2] = 30'000000000000000000000000000000
    Consolidated identical input bits for $mux cell $ternary$rtl/fp16_mul.sv:24$151:
      Old ports: A={ $sub$rtl/fp16_mul.sv:24$150_Y [31] $sub$rtl/fp16_mul.sv:24$150_Y [31] $sub$rtl/fp16_mul.sv:24$150_Y [31] $sub$rtl/fp16_mul.sv:24$150_Y [31] $sub$rtl/fp16_mul.sv:24$150_Y [31] $sub$rtl/fp16_mul.sv:24$150_Y [31] $sub$rtl/fp16_mul.sv:24$150_Y [31] $sub$rtl/fp16_mul.sv:24$150_Y [31] $sub$rtl/fp16_mul.sv:24$150_Y [31] $sub$rtl/fp16_mul.sv:24$150_Y [31] $sub$rtl/fp16_mul.sv:24$150_Y [31] $sub$rtl/fp16_mul.sv:24$150_Y [31] $sub$rtl/fp16_mul.sv:24$150_Y [31] $sub$rtl/fp16_mul.sv:24$150_Y [31] $sub$rtl/fp16_mul.sv:24$150_Y [31] $sub$rtl/fp16_mul.sv:24$150_Y [31] $sub$rtl/fp16_mul.sv:24$150_Y [31] $sub$rtl/fp16_mul.sv:24$150_Y [31] $sub$rtl/fp16_mul.sv:24$150_Y [31] $sub$rtl/fp16_mul.sv:24$150_Y [31] $sub$rtl/fp16_mul.sv:24$150_Y [31] $sub$rtl/fp16_mul.sv:24$150_Y [31] $sub$rtl/fp16_mul.sv:24$150_Y [31] $sub$rtl/fp16_mul.sv:24$150_Y [31] $sub$rtl/fp16_mul.sv:24$150_Y [31] $sub$rtl/fp16_mul.sv:24$150_Y [31] $sub$rtl/fp16_mul.sv:24$150_Y [31] $sub$rtl/fp16_mul.sv:24$150_Y [4:0] }, B=32'11111111111111111111111111110010, Y=\lhs_unbiased
      New ports: A={ $sub$rtl/fp16_mul.sv:24$150_Y [31] $sub$rtl/fp16_mul.sv:24$150_Y [4:0] }, B=6'110010, Y=\lhs_unbiased [5:0]
      New connections: \lhs_unbiased [31:6] = { \lhs_unbiased [5] \lhs_unbiased [5] \lhs_unbiased [5] \lhs_unbiased [5] \lhs_unbiased [5] \lhs_unbiased [5] \lhs_unbiased [5] \lhs_unbiased [5] \lhs_unbiased [5] \lhs_unbiased [5] \lhs_unbiased [5] \lhs_unbiased [5] \lhs_unbiased [5] \lhs_unbiased [5] \lhs_unbiased [5] \lhs_unbiased [5] \lhs_unbiased [5] \lhs_unbiased [5] \lhs_unbiased [5] \lhs_unbiased [5] \lhs_unbiased [5] \lhs_unbiased [5] \lhs_unbiased [5] \lhs_unbiased [5] \lhs_unbiased [5] \lhs_unbiased [5] }
    Consolidated identical input bits for $mux cell $ternary$rtl/fp16_mul.sv:25$154:
      Old ports: A={ $sub$rtl/fp16_mul.sv:25$153_Y [31] $sub$rtl/fp16_mul.sv:25$153_Y [31] $sub$rtl/fp16_mul.sv:25$153_Y [31] $sub$rtl/fp16_mul.sv:25$153_Y [31] $sub$rtl/fp16_mul.sv:25$153_Y [31] $sub$rtl/fp16_mul.sv:25$153_Y [31] $sub$rtl/fp16_mul.sv:25$153_Y [31] $sub$rtl/fp16_mul.sv:25$153_Y [31] $sub$rtl/fp16_mul.sv:25$153_Y [31] $sub$rtl/fp16_mul.sv:25$153_Y [31] $sub$rtl/fp16_mul.sv:25$153_Y [31] $sub$rtl/fp16_mul.sv:25$153_Y [31] $sub$rtl/fp16_mul.sv:25$153_Y [31] $sub$rtl/fp16_mul.sv:25$153_Y [31] $sub$rtl/fp16_mul.sv:25$153_Y [31] $sub$rtl/fp16_mul.sv:25$153_Y [31] $sub$rtl/fp16_mul.sv:25$153_Y [31] $sub$rtl/fp16_mul.sv:25$153_Y [31] $sub$rtl/fp16_mul.sv:25$153_Y [31] $sub$rtl/fp16_mul.sv:25$153_Y [31] $sub$rtl/fp16_mul.sv:25$153_Y [31] $sub$rtl/fp16_mul.sv:25$153_Y [31] $sub$rtl/fp16_mul.sv:25$153_Y [31] $sub$rtl/fp16_mul.sv:25$153_Y [31] $sub$rtl/fp16_mul.sv:25$153_Y [31] $sub$rtl/fp16_mul.sv:25$153_Y [31] $sub$rtl/fp16_mul.sv:25$153_Y [31] $sub$rtl/fp16_mul.sv:25$153_Y [4:0] }, B=32'11111111111111111111111111110010, Y=\rhs_unbiased
      New ports: A={ $sub$rtl/fp16_mul.sv:25$153_Y [31] $sub$rtl/fp16_mul.sv:25$153_Y [4:0] }, B=6'110010, Y=\rhs_unbiased [5:0]
      New connections: \rhs_unbiased [31:6] = { \rhs_unbiased [5] \rhs_unbiased [5] \rhs_unbiased [5] \rhs_unbiased [5] \rhs_unbiased [5] \rhs_unbiased [5] \rhs_unbiased [5] \rhs_unbiased [5] \rhs_unbiased [5] \rhs_unbiased [5] \rhs_unbiased [5] \rhs_unbiased [5] \rhs_unbiased [5] \rhs_unbiased [5] \rhs_unbiased [5] \rhs_unbiased [5] \rhs_unbiased [5] \rhs_unbiased [5] \rhs_unbiased [5] \rhs_unbiased [5] \rhs_unbiased [5] \rhs_unbiased [5] \rhs_unbiased [5] \rhs_unbiased [5] \rhs_unbiased [5] \rhs_unbiased [5] }
  Optimizing cells in module \fp16_mul.
    Consolidated identical input bits for $mux cell $procmux$3141:
      Old ports: A=$3\msb_index[31:0], B=3, Y=$4\msb_index[31:0]
      New ports: A=$3\msb_index[31:0] [1:0], B=2'11, Y=$4\msb_index[31:0] [1:0]
      New connections: $4\msb_index[31:0] [31:2] = 30'000000000000000000000000000000
  Optimizing cells in module \fp16_mul.
    Consolidated identical input bits for $mux cell $procmux$3138:
      Old ports: A=$4\msb_index[31:0], B=4, Y=$5\msb_index[31:0]
      New ports: A={ 1'0 $4\msb_index[31:0] [1:0] }, B=3'100, Y=$5\msb_index[31:0] [2:0]
      New connections: $5\msb_index[31:0] [31:3] = 29'00000000000000000000000000000
  Optimizing cells in module \fp16_mul.
    Consolidated identical input bits for $mux cell $procmux$3135:
      Old ports: A=$5\msb_index[31:0], B=5, Y=$6\msb_index[31:0]
      New ports: A=$5\msb_index[31:0] [2:0], B=3'101, Y=$6\msb_index[31:0] [2:0]
      New connections: $6\msb_index[31:0] [31:3] = 29'00000000000000000000000000000
  Optimizing cells in module \fp16_mul.
    Consolidated identical input bits for $mux cell $procmux$3132:
      Old ports: A=$6\msb_index[31:0], B=6, Y=$7\msb_index[31:0]
      New ports: A=$6\msb_index[31:0] [2:0], B=3'110, Y=$7\msb_index[31:0] [2:0]
      New connections: $7\msb_index[31:0] [31:3] = 29'00000000000000000000000000000
  Optimizing cells in module \fp16_mul.
    Consolidated identical input bits for $mux cell $procmux$3129:
      Old ports: A=$7\msb_index[31:0], B=7, Y=$8\msb_index[31:0]
      New ports: A=$7\msb_index[31:0] [2:0], B=3'111, Y=$8\msb_index[31:0] [2:0]
      New connections: $8\msb_index[31:0] [31:3] = 29'00000000000000000000000000000
  Optimizing cells in module \fp16_mul.
    Consolidated identical input bits for $mux cell $procmux$3126:
      Old ports: A=$8\msb_index[31:0], B=8, Y=$9\msb_index[31:0]
      New ports: A={ 1'0 $8\msb_index[31:0] [2:0] }, B=4'1000, Y=$9\msb_index[31:0] [3:0]
      New connections: $9\msb_index[31:0] [31:4] = 28'0000000000000000000000000000
  Optimizing cells in module \fp16_mul.
    Consolidated identical input bits for $mux cell $procmux$3123:
      Old ports: A=$9\msb_index[31:0], B=9, Y=$10\msb_index[31:0]
      New ports: A=$9\msb_index[31:0] [3:0], B=4'1001, Y=$10\msb_index[31:0] [3:0]
      New connections: $10\msb_index[31:0] [31:4] = 28'0000000000000000000000000000
  Optimizing cells in module \fp16_mul.
    Consolidated identical input bits for $mux cell $procmux$3120:
      Old ports: A=$10\msb_index[31:0], B=10, Y=$11\msb_index[31:0]
      New ports: A=$10\msb_index[31:0] [3:0], B=4'1010, Y=$11\msb_index[31:0] [3:0]
      New connections: $11\msb_index[31:0] [31:4] = 28'0000000000000000000000000000
  Optimizing cells in module \fp16_mul.
    Consolidated identical input bits for $mux cell $procmux$3117:
      Old ports: A=$11\msb_index[31:0], B=11, Y=$12\msb_index[31:0]
      New ports: A=$11\msb_index[31:0] [3:0], B=4'1011, Y=$12\msb_index[31:0] [3:0]
      New connections: $12\msb_index[31:0] [31:4] = 28'0000000000000000000000000000
  Optimizing cells in module \fp16_mul.
    Consolidated identical input bits for $mux cell $procmux$3114:
      Old ports: A=$12\msb_index[31:0], B=12, Y=$13\msb_index[31:0]
      New ports: A=$12\msb_index[31:0] [3:0], B=4'1100, Y=$13\msb_index[31:0] [3:0]
      New connections: $13\msb_index[31:0] [31:4] = 28'0000000000000000000000000000
  Optimizing cells in module \fp16_mul.
    Consolidated identical input bits for $mux cell $procmux$3111:
      Old ports: A=$13\msb_index[31:0], B=13, Y=$14\msb_index[31:0]
      New ports: A=$13\msb_index[31:0] [3:0], B=4'1101, Y=$14\msb_index[31:0] [3:0]
      New connections: $14\msb_index[31:0] [31:4] = 28'0000000000000000000000000000
  Optimizing cells in module \fp16_mul.
    Consolidated identical input bits for $mux cell $procmux$3108:
      Old ports: A=$14\msb_index[31:0], B=14, Y=$15\msb_index[31:0]
      New ports: A=$14\msb_index[31:0] [3:0], B=4'1110, Y=$15\msb_index[31:0] [3:0]
      New connections: $15\msb_index[31:0] [31:4] = 28'0000000000000000000000000000
  Optimizing cells in module \fp16_mul.
    Consolidated identical input bits for $mux cell $procmux$3105:
      Old ports: A=$15\msb_index[31:0], B=15, Y=$16\msb_index[31:0]
      New ports: A=$15\msb_index[31:0] [3:0], B=4'1111, Y=$16\msb_index[31:0] [3:0]
      New connections: $16\msb_index[31:0] [31:4] = 28'0000000000000000000000000000
  Optimizing cells in module \fp16_mul.
    Consolidated identical input bits for $mux cell $procmux$3102:
      Old ports: A=$16\msb_index[31:0], B=16, Y=$17\msb_index[31:0]
      New ports: A={ 1'0 $16\msb_index[31:0] [3:0] }, B=5'10000, Y=$17\msb_index[31:0] [4:0]
      New connections: $17\msb_index[31:0] [31:5] = 27'000000000000000000000000000
  Optimizing cells in module \fp16_mul.
    Consolidated identical input bits for $mux cell $procmux$3099:
      Old ports: A=$17\msb_index[31:0], B=17, Y=$18\msb_index[31:0]
      New ports: A=$17\msb_index[31:0] [4:0], B=5'10001, Y=$18\msb_index[31:0] [4:0]
      New connections: $18\msb_index[31:0] [31:5] = 27'000000000000000000000000000
  Optimizing cells in module \fp16_mul.
    Consolidated identical input bits for $mux cell $procmux$3096:
      Old ports: A=$18\msb_index[31:0], B=18, Y=$19\msb_index[31:0]
      New ports: A=$18\msb_index[31:0] [4:0], B=5'10010, Y=$19\msb_index[31:0] [4:0]
      New connections: $19\msb_index[31:0] [31:5] = 27'000000000000000000000000000
  Optimizing cells in module \fp16_mul.
    Consolidated identical input bits for $mux cell $procmux$3093:
      Old ports: A=$19\msb_index[31:0], B=19, Y=$20\msb_index[31:0]
      New ports: A=$19\msb_index[31:0] [4:0], B=5'10011, Y=$20\msb_index[31:0] [4:0]
      New connections: $20\msb_index[31:0] [31:5] = 27'000000000000000000000000000
  Optimizing cells in module \fp16_mul.
    Consolidated identical input bits for $mux cell $procmux$3090:
      Old ports: A=$20\msb_index[31:0], B=20, Y=$21\msb_index[31:0]
      New ports: A=$20\msb_index[31:0] [4:0], B=5'10100, Y=$21\msb_index[31:0] [4:0]
      New connections: $21\msb_index[31:0] [31:5] = 27'000000000000000000000000000
  Optimizing cells in module \fp16_mul.
    Consolidated identical input bits for $mux cell $procmux$3087:
      Old ports: A=$21\msb_index[31:0], B=21, Y=\msb_index
      New ports: A=$21\msb_index[31:0] [4:0], B=5'10101, Y=\msb_index [4:0]
      New connections: \msb_index [31:5] = 27'000000000000000000000000000
  Optimizing cells in module \fp16_mul.
  Optimizing cells in module \fp16_rsqrt_lut256.
    Consolidated identical input bits for $mux cell $memory$auto$proc_rom.cc:155:do_switch$1143$rdmux[0][7][126]$5689:
      Old ports: A=10'0000000101, B=10'0000000100, Y=$memory$auto$proc_rom.cc:155:do_switch$1143$rdmux[0][6][63]$a$5309
      New ports: A=1'1, B=1'0, Y=$memory$auto$proc_rom.cc:155:do_switch$1143$rdmux[0][6][63]$a$5309 [0]
      New connections: $memory$auto$proc_rom.cc:155:do_switch$1143$rdmux[0][6][63]$a$5309 [9:1] = 9'000000010
    Consolidated identical input bits for $mux cell $memory$auto$proc_rom.cc:155:do_switch$1143$rdmux[0][7][125]$5686:
      Old ports: A=10'0000001000, B=10'0000000111, Y=$memory$auto$proc_rom.cc:155:do_switch$1143$rdmux[0][6][62]$b$5307
      New ports: A=2'10, B=2'01, Y={ $memory$auto$proc_rom.cc:155:do_switch$1143$rdmux[0][6][62]$b$5307 [3] $memory$auto$proc_rom.cc:155:do_switch$1143$rdmux[0][6][62]$b$5307 [0] }
      New connections: { $memory$auto$proc_rom.cc:155:do_switch$1143$rdmux[0][6][62]$b$5307 [9:4] $memory$auto$proc_rom.cc:155:do_switch$1143$rdmux[0][6][62]$b$5307 [2:1] } = { 6'000000 $memory$auto$proc_rom.cc:155:do_switch$1143$rdmux[0][6][62]$b$5307 [0] $memory$auto$proc_rom.cc:155:do_switch$1143$rdmux[0][6][62]$b$5307 [0] }
    Consolidated identical input bits for $mux cell $memory$auto$proc_rom.cc:155:do_switch$1143$rdmux[0][7][124]$5683:
      Old ports: A=10'0000001011, B=10'0000001010, Y=$memory$auto$proc_rom.cc:155:do_switch$1143$rdmux[0][6][62]$a$5306
      New ports: A=1'1, B=1'0, Y=$memory$auto$proc_rom.cc:155:do_switch$1143$rdmux[0][6][62]$a$5306 [0]
      New connections: $memory$auto$proc_rom.cc:155:do_switch$1143$rdmux[0][6][62]$a$5306 [9:1] = 9'000000101
    Consolidated identical input bits for $mux cell $memory$auto$proc_rom.cc:155:do_switch$1143$rdmux[0][7][123]$5680:
      Old ports: A=10'0000001111, B=10'0000001101, Y=$memory$auto$proc_rom.cc:155:do_switch$1143$rdmux[0][6][61]$b$5304
      New ports: A=1'1, B=1'0, Y=$memory$auto$proc_rom.cc:155:do_switch$1143$rdmux[0][6][61]$b$5304 [1]
      New connections: { $memory$auto$proc_rom.cc:155:do_switch$1143$rdmux[0][6][61]$b$5304 [9:2] $memory$auto$proc_rom.cc:155:do_switch$1143$rdmux[0][6][61]$b$5304 [0] } = 9'000000111
    Consolidated identical input bits for $mux cell $memory$auto$proc_rom.cc:155:do_switch$1143$rdmux[0][7][122]$5677:
      Old ports: A=10'0000010010, B=10'0000010000, Y=$memory$auto$proc_rom.cc:155:do_switch$1143$rdmux[0][6][61]$a$5303
      New ports: A=1'1, B=1'0, Y=$memory$auto$proc_rom.cc:155:do_switch$1143$rdmux[0][6][61]$a$5303 [1]
      New connections: { $memory$auto$proc_rom.cc:155:do_switch$1143$rdmux[0][6][61]$a$5303 [9:2] $memory$auto$proc_rom.cc:155:do_switch$1143$rdmux[0][6][61]$a$5303 [0] } = 9'000001000
    Consolidated identical input bits for $mux cell $memory$auto$proc_rom.cc:155:do_switch$1143$rdmux[0][7][121]$5674:
      Old ports: A=10'0000010101, B=10'0000010011, Y=$memory$auto$proc_rom.cc:155:do_switch$1143$rdmux[0][6][60]$b$5301
      New ports: A=2'10, B=2'01, Y=$memory$auto$proc_rom.cc:155:do_switch$1143$rdmux[0][6][60]$b$5301 [2:1]
      New connections: { $memory$auto$proc_rom.cc:155:do_switch$1143$rdmux[0][6][60]$b$5301 [9:3] $memory$auto$proc_rom.cc:155:do_switch$1143$rdmux[0][6][60]$b$5301 [0] } = 8'00000101
    Consolidated identical input bits for $mux cell $memory$auto$proc_rom.cc:155:do_switch$1143$rdmux[0][7][120]$5671:
      Old ports: A=10'0000011000, B=10'0000010110, Y=$memory$auto$proc_rom.cc:155:do_switch$1143$rdmux[0][6][60]$a$5300
      New ports: A=2'10, B=2'01, Y={ $memory$auto$proc_rom.cc:155:do_switch$1143$rdmux[0][6][60]$a$5300 [3] $memory$auto$proc_rom.cc:155:do_switch$1143$rdmux[0][6][60]$a$5300 [1] }
      New connections: { $memory$auto$proc_rom.cc:155:do_switch$1143$rdmux[0][6][60]$a$5300 [9:4] $memory$auto$proc_rom.cc:155:do_switch$1143$rdmux[0][6][60]$a$5300 [2] $memory$auto$proc_rom.cc:155:do_switch$1143$rdmux[0][6][60]$a$5300 [0] } = { 6'000001 $memory$auto$proc_rom.cc:155:do_switch$1143$rdmux[0][6][60]$a$5300 [1] 1'0 }
    Consolidated identical input bits for $mux cell $memory$auto$proc_rom.cc:155:do_switch$1143$rdmux[0][7][119]$5668:
      Old ports: A=10'0000011011, B=10'0000011010, Y=$memory$auto$proc_rom.cc:155:do_switch$1143$rdmux[0][6][59]$b$5298
      New ports: A=1'1, B=1'0, Y=$memory$auto$proc_rom.cc:155:do_switch$1143$rdmux[0][6][59]$b$5298 [0]
      New connections: $memory$auto$proc_rom.cc:155:do_switch$1143$rdmux[0][6][59]$b$5298 [9:1] = 9'000001101
    Consolidated identical input bits for $mux cell $memory$auto$proc_rom.cc:155:do_switch$1143$rdmux[0][7][118]$5665:
      Old ports: A=10'0000011111, B=10'0000011101, Y=$memory$auto$proc_rom.cc:155:do_switch$1143$rdmux[0][6][59]$a$5297
      New ports: A=1'1, B=1'0, Y=$memory$auto$proc_rom.cc:155:do_switch$1143$rdmux[0][6][59]$a$5297 [1]
      New connections: { $memory$auto$proc_rom.cc:155:do_switch$1143$rdmux[0][6][59]$a$5297 [9:2] $memory$auto$proc_rom.cc:155:do_switch$1143$rdmux[0][6][59]$a$5297 [0] } = 9'000001111
    Consolidated identical input bits for $mux cell $memory$auto$proc_rom.cc:155:do_switch$1143$rdmux[0][7][117]$5662:
      Old ports: A=10'0000100010, B=10'0000100000, Y=$memory$auto$proc_rom.cc:155:do_switch$1143$rdmux[0][6][58]$b$5295
      New ports: A=1'1, B=1'0, Y=$memory$auto$proc_rom.cc:155:do_switch$1143$rdmux[0][6][58]$b$5295 [1]
      New connections: { $memory$auto$proc_rom.cc:155:do_switch$1143$rdmux[0][6][58]$b$5295 [9:2] $memory$auto$proc_rom.cc:155:do_switch$1143$rdmux[0][6][58]$b$5295 [0] } = 9'000010000
    Consolidated identical input bits for $mux cell $memory$auto$proc_rom.cc:155:do_switch$1143$rdmux[0][7][116]$5659:
      Old ports: A=10'0000100101, B=10'0000100100, Y=$memory$auto$proc_rom.cc:155:do_switch$1143$rdmux[0][6][58]$a$5294
      New ports: A=1'1, B=1'0, Y=$memory$auto$proc_rom.cc:155:do_switch$1143$rdmux[0][6][58]$a$5294 [0]
      New connections: $memory$auto$proc_rom.cc:155:do_switch$1143$rdmux[0][6][58]$a$5294 [9:1] = 9'000010010
    Consolidated identical input bits for $mux cell $memory$auto$proc_rom.cc:155:do_switch$1143$rdmux[0][7][115]$5656:
      Old ports: A=10'0000101001, B=10'0000100111, Y=$memory$auto$proc_rom.cc:155:do_switch$1143$rdmux[0][6][57]$b$5292
      New ports: A=2'10, B=2'01, Y={ $memory$auto$proc_rom.cc:155:do_switch$1143$rdmux[0][6][57]$b$5292 [3] $memory$auto$proc_rom.cc:155:do_switch$1143$rdmux[0][6][57]$b$5292 [1] }
      New connections: { $memory$auto$proc_rom.cc:155:do_switch$1143$rdmux[0][6][57]$b$5292 [9:4] $memory$auto$proc_rom.cc:155:do_switch$1143$rdmux[0][6][57]$b$5292 [2] $memory$auto$proc_rom.cc:155:do_switch$1143$rdmux[0][6][57]$b$5292 [0] } = { 6'000010 $memory$auto$proc_rom.cc:155:do_switch$1143$rdmux[0][6][57]$b$5292 [1] 1'1 }
    Consolidated identical input bits for $mux cell $memory$auto$proc_rom.cc:155:do_switch$1143$rdmux[0][7][114]$5653:
      Old ports: A=10'0000101100, B=10'0000101010, Y=$memory$auto$proc_rom.cc:155:do_switch$1143$rdmux[0][6][57]$a$5291
      New ports: A=2'10, B=2'01, Y=$memory$auto$proc_rom.cc:155:do_switch$1143$rdmux[0][6][57]$a$5291 [2:1]
      New connections: { $memory$auto$proc_rom.cc:155:do_switch$1143$rdmux[0][6][57]$a$5291 [9:3] $memory$auto$proc_rom.cc:155:do_switch$1143$rdmux[0][6][57]$a$5291 [0] } = 8'00001010
    Consolidated identical input bits for $mux cell $memory$auto$proc_rom.cc:155:do_switch$1143$rdmux[0][7][113]$5650:
      Old ports: A=10'0000101111, B=10'0000101110, Y=$memory$auto$proc_rom.cc:155:do_switch$1143$rdmux[0][6][56]$b$5289
      New ports: A=1'1, B=1'0, Y=$memory$auto$proc_rom.cc:155:do_switch$1143$rdmux[0][6][56]$b$5289 [0]
      New connections: $memory$auto$proc_rom.cc:155:do_switch$1143$rdmux[0][6][56]$b$5289 [9:1] = 9'000010111
    Consolidated identical input bits for $mux cell $memory$auto$proc_rom.cc:155:do_switch$1143$rdmux[0][7][112]$5647:
      Old ports: A=10'0000110011, B=10'0000110001, Y=$memory$auto$proc_rom.cc:155:do_switch$1143$rdmux[0][6][56]$a$5288
      New ports: A=1'1, B=1'0, Y=$memory$auto$proc_rom.cc:155:do_switch$1143$rdmux[0][6][56]$a$5288 [1]
      New connections: { $memory$auto$proc_rom.cc:155:do_switch$1143$rdmux[0][6][56]$a$5288 [9:2] $memory$auto$proc_rom.cc:155:do_switch$1143$rdmux[0][6][56]$a$5288 [0] } = 9'000011001
    Consolidated identical input bits for $mux cell $memory$auto$proc_rom.cc:155:do_switch$1143$rdmux[0][7][111]$5644:
      Old ports: A=10'0000110110, B=10'0000110101, Y=$memory$auto$proc_rom.cc:155:do_switch$1143$rdmux[0][6][55]$b$5286
      New ports: A=2'10, B=2'01, Y=$memory$auto$proc_rom.cc:155:do_switch$1143$rdmux[0][6][55]$b$5286 [1:0]
      New connections: $memory$auto$proc_rom.cc:155:do_switch$1143$rdmux[0][6][55]$b$5286 [9:2] = 8'00001101
    Consolidated identical input bits for $mux cell $memory$auto$proc_rom.cc:155:do_switch$1143$rdmux[0][7][110]$5641:
      Old ports: A=10'0000111010, B=10'0000111000, Y=$memory$auto$proc_rom.cc:155:do_switch$1143$rdmux[0][6][55]$a$5285
      New ports: A=1'1, B=1'0, Y=$memory$auto$proc_rom.cc:155:do_switch$1143$rdmux[0][6][55]$a$5285 [1]
      New connections: { $memory$auto$proc_rom.cc:155:do_switch$1143$rdmux[0][6][55]$a$5285 [9:2] $memory$auto$proc_rom.cc:155:do_switch$1143$rdmux[0][6][55]$a$5285 [0] } = 9'000011100
    Consolidated identical input bits for $mux cell $memory$auto$proc_rom.cc:155:do_switch$1143$rdmux[0][7][109]$5638:
      Old ports: A=10'0000111101, B=10'0000111100, Y=$memory$auto$proc_rom.cc:155:do_switch$1143$rdmux[0][6][54]$b$5283
      New ports: A=1'1, B=1'0, Y=$memory$auto$proc_rom.cc:155:do_switch$1143$rdmux[0][6][54]$b$5283 [0]
      New connections: $memory$auto$proc_rom.cc:155:do_switch$1143$rdmux[0][6][54]$b$5283 [9:1] = 9'000011110
    Consolidated identical input bits for $mux cell $memory$auto$proc_rom.cc:155:do_switch$1143$rdmux[0][7][108]$5635:
      Old ports: A=10'0001000001, B=10'0000111111, Y=$memory$auto$proc_rom.cc:155:do_switch$1143$rdmux[0][6][54]$a$5282
      New ports: A=2'10, B=2'01, Y={ $memory$auto$proc_rom.cc:155:do_switch$1143$rdmux[0][6][54]$a$5282 [6] $memory$auto$proc_rom.cc:155:do_switch$1143$rdmux[0][6][54]$a$5282 [1] }
      New connections: { $memory$auto$proc_rom.cc:155:do_switch$1143$rdmux[0][6][54]$a$5282 [9:7] $memory$auto$proc_rom.cc:155:do_switch$1143$rdmux[0][6][54]$a$5282 [5:2] $memory$auto$proc_rom.cc:155:do_switch$1143$rdmux[0][6][54]$a$5282 [0] } = { 3'000 $memory$auto$proc_rom.cc:155:do_switch$1143$rdmux[0][6][54]$a$5282 [1] $memory$auto$proc_rom.cc:155:do_switch$1143$rdmux[0][6][54]$a$5282 [1] $memory$auto$proc_rom.cc:155:do_switch$1143$rdmux[0][6][54]$a$5282 [1] $memory$auto$proc_rom.cc:155:do_switch$1143$rdmux[0][6][54]$a$5282 [1] 1'1 }
    Consolidated identical input bits for $mux cell $memory$auto$proc_rom.cc:155:do_switch$1143$rdmux[0][7][107]$5632:
      Old ports: A=10'0001000101, B=10'0001000011, Y=$memory$auto$proc_rom.cc:155:do_switch$1143$rdmux[0][6][53]$b$5280
      New ports: A=2'10, B=2'01, Y=$memory$auto$proc_rom.cc:155:do_switch$1143$rdmux[0][6][53]$b$5280 [2:1]
      New connections: { $memory$auto$proc_rom.cc:155:do_switch$1143$rdmux[0][6][53]$b$5280 [9:3] $memory$auto$proc_rom.cc:155:do_switch$1143$rdmux[0][6][53]$b$5280 [0] } = 8'00010001
    Consolidated identical input bits for $mux cell $memory$auto$proc_rom.cc:155:do_switch$1143$rdmux[0][7][106]$5629:
      Old ports: A=10'0001001000, B=10'0001000110, Y=$memory$auto$proc_rom.cc:155:do_switch$1143$rdmux[0][6][53]$a$5279
      New ports: A=2'10, B=2'01, Y={ $memory$auto$proc_rom.cc:155:do_switch$1143$rdmux[0][6][53]$a$5279 [3] $memory$auto$proc_rom.cc:155:do_switch$1143$rdmux[0][6][53]$a$5279 [1] }
      New connections: { $memory$auto$proc_rom.cc:155:do_switch$1143$rdmux[0][6][53]$a$5279 [9:4] $memory$auto$proc_rom.cc:155:do_switch$1143$rdmux[0][6][53]$a$5279 [2] $memory$auto$proc_rom.cc:155:do_switch$1143$rdmux[0][6][53]$a$5279 [0] } = { 6'000100 $memory$auto$proc_rom.cc:155:do_switch$1143$rdmux[0][6][53]$a$5279 [1] 1'0 }
    Consolidated identical input bits for $mux cell $memory$auto$proc_rom.cc:155:do_switch$1143$rdmux[0][7][105]$5626:
      Old ports: A=10'0001001100, B=10'0001001010, Y=$memory$auto$proc_rom.cc:155:do_switch$1143$rdmux[0][6][52]$b$5277
      New ports: A=2'10, B=2'01, Y=$memory$auto$proc_rom.cc:155:do_switch$1143$rdmux[0][6][52]$b$5277 [2:1]
      New connections: { $memory$auto$proc_rom.cc:155:do_switch$1143$rdmux[0][6][52]$b$5277 [9:3] $memory$auto$proc_rom.cc:155:do_switch$1143$rdmux[0][6][52]$b$5277 [0] } = 8'00010010
    Consolidated identical input bits for $mux cell $memory$auto$proc_rom.cc:155:do_switch$1143$rdmux[0][7][104]$5623:
      Old ports: A=10'0001010000, B=10'0001001110, Y=$memory$auto$proc_rom.cc:155:do_switch$1143$rdmux[0][6][52]$a$5276
      New ports: A=2'10, B=2'01, Y={ $memory$auto$proc_rom.cc:155:do_switch$1143$rdmux[0][6][52]$a$5276 [4] $memory$auto$proc_rom.cc:155:do_switch$1143$rdmux[0][6][52]$a$5276 [1] }
      New connections: { $memory$auto$proc_rom.cc:155:do_switch$1143$rdmux[0][6][52]$a$5276 [9:5] $memory$auto$proc_rom.cc:155:do_switch$1143$rdmux[0][6][52]$a$5276 [3:2] $memory$auto$proc_rom.cc:155:do_switch$1143$rdmux[0][6][52]$a$5276 [0] } = { 5'00010 $memory$auto$proc_rom.cc:155:do_switch$1143$rdmux[0][6][52]$a$5276 [1] $memory$auto$proc_rom.cc:155:do_switch$1143$rdmux[0][6][52]$a$5276 [1] 1'0 }
    Consolidated identical input bits for $mux cell $memory$auto$proc_rom.cc:155:do_switch$1143$rdmux[0][7][103]$5620:
      Old ports: A=10'0001010011, B=10'0001010010, Y=$memory$auto$proc_rom.cc:155:do_switch$1143$rdmux[0][6][51]$b$5274
      New ports: A=1'1, B=1'0, Y=$memory$auto$proc_rom.cc:155:do_switch$1143$rdmux[0][6][51]$b$5274 [0]
      New connections: $memory$auto$proc_rom.cc:155:do_switch$1143$rdmux[0][6][51]$b$5274 [9:1] = 9'000101001
    Consolidated identical input bits for $mux cell $memory$auto$proc_rom.cc:155:do_switch$1143$rdmux[0][7][102]$5617:
      Old ports: A=10'0001010111, B=10'0001010101, Y=$memory$auto$proc_rom.cc:155:do_switch$1143$rdmux[0][6][51]$a$5273
      New ports: A=1'1, B=1'0, Y=$memory$auto$proc_rom.cc:155:do_switch$1143$rdmux[0][6][51]$a$5273 [1]
      New connections: { $memory$auto$proc_rom.cc:155:do_switch$1143$rdmux[0][6][51]$a$5273 [9:2] $memory$auto$proc_rom.cc:155:do_switch$1143$rdmux[0][6][51]$a$5273 [0] } = 9'000101011
    Consolidated identical input bits for $mux cell $memory$auto$proc_rom.cc:155:do_switch$1143$rdmux[0][7][101]$5614:
      Old ports: A=10'0001011011, B=10'0001011001, Y=$memory$auto$proc_rom.cc:155:do_switch$1143$rdmux[0][6][50]$b$5271
      New ports: A=1'1, B=1'0, Y=$memory$auto$proc_rom.cc:155:do_switch$1143$rdmux[0][6][50]$b$5271 [1]
      New connections: { $memory$auto$proc_rom.cc:155:do_switch$1143$rdmux[0][6][50]$b$5271 [9:2] $memory$auto$proc_rom.cc:155:do_switch$1143$rdmux[0][6][50]$b$5271 [0] } = 9'000101101
    Consolidated identical input bits for $mux cell $memory$auto$proc_rom.cc:155:do_switch$1143$rdmux[0][7][100]$5611:
      Old ports: A=10'0001011111, B=10'0001011101, Y=$memory$auto$proc_rom.cc:155:do_switch$1143$rdmux[0][6][50]$a$5270
      New ports: A=1'1, B=1'0, Y=$memory$auto$proc_rom.cc:155:do_switch$1143$rdmux[0][6][50]$a$5270 [1]
      New connections: { $memory$auto$proc_rom.cc:155:do_switch$1143$rdmux[0][6][50]$a$5270 [9:2] $memory$auto$proc_rom.cc:155:do_switch$1143$rdmux[0][6][50]$a$5270 [0] } = 9'000101111
    Consolidated identical input bits for $mux cell $memory$auto$proc_rom.cc:155:do_switch$1143$rdmux[0][7][99]$5608:
      Old ports: A=10'0001100011, B=10'0001100001, Y=$memory$auto$proc_rom.cc:155:do_switch$1143$rdmux[0][6][49]$b$5268
      New ports: A=1'1, B=1'0, Y=$memory$auto$proc_rom.cc:155:do_switch$1143$rdmux[0][6][49]$b$5268 [1]
      New connections: { $memory$auto$proc_rom.cc:155:do_switch$1143$rdmux[0][6][49]$b$5268 [9:2] $memory$auto$proc_rom.cc:155:do_switch$1143$rdmux[0][6][49]$b$5268 [0] } = 9'000110001
    Consolidated identical input bits for $mux cell $memory$auto$proc_rom.cc:155:do_switch$1143$rdmux[0][7][98]$5605:
      Old ports: A=10'0001100111, B=10'0001100101, Y=$memory$auto$proc_rom.cc:155:do_switch$1143$rdmux[0][6][49]$a$5267
      New ports: A=1'1, B=1'0, Y=$memory$auto$proc_rom.cc:155:do_switch$1143$rdmux[0][6][49]$a$5267 [1]
      New connections: { $memory$auto$proc_rom.cc:155:do_switch$1143$rdmux[0][6][49]$a$5267 [9:2] $memory$auto$proc_rom.cc:155:do_switch$1143$rdmux[0][6][49]$a$5267 [0] } = 9'000110011
    Consolidated identical input bits for $mux cell $memory$auto$proc_rom.cc:155:do_switch$1143$rdmux[0][7][97]$5602:
      Old ports: A=10'0001101011, B=10'0001101001, Y=$memory$auto$proc_rom.cc:155:do_switch$1143$rdmux[0][6][48]$b$5265
      New ports: A=1'1, B=1'0, Y=$memory$auto$proc_rom.cc:155:do_switch$1143$rdmux[0][6][48]$b$5265 [1]
      New connections: { $memory$auto$proc_rom.cc:155:do_switch$1143$rdmux[0][6][48]$b$5265 [9:2] $memory$auto$proc_rom.cc:155:do_switch$1143$rdmux[0][6][48]$b$5265 [0] } = 9'000110101
    Consolidated identical input bits for $mux cell $memory$auto$proc_rom.cc:155:do_switch$1143$rdmux[0][7][96]$5599:
      Old ports: A=10'0001101111, B=10'0001101101, Y=$memory$auto$proc_rom.cc:155:do_switch$1143$rdmux[0][6][48]$a$5264
      New ports: A=1'1, B=1'0, Y=$memory$auto$proc_rom.cc:155:do_switch$1143$rdmux[0][6][48]$a$5264 [1]
      New connections: { $memory$auto$proc_rom.cc:155:do_switch$1143$rdmux[0][6][48]$a$5264 [9:2] $memory$auto$proc_rom.cc:155:do_switch$1143$rdmux[0][6][48]$a$5264 [0] } = 9'000110111
    Consolidated identical input bits for $mux cell $memory$auto$proc_rom.cc:155:do_switch$1143$rdmux[0][7][95]$5596:
      Old ports: A=10'0001110011, B=10'0001110001, Y=$memory$auto$proc_rom.cc:155:do_switch$1143$rdmux[0][6][47]$b$5262
      New ports: A=1'1, B=1'0, Y=$memory$auto$proc_rom.cc:155:do_switch$1143$rdmux[0][6][47]$b$5262 [1]
      New connections: { $memory$auto$proc_rom.cc:155:do_switch$1143$rdmux[0][6][47]$b$5262 [9:2] $memory$auto$proc_rom.cc:155:do_switch$1143$rdmux[0][6][47]$b$5262 [0] } = 9'000111001
    Consolidated identical input bits for $mux cell $memory$auto$proc_rom.cc:155:do_switch$1143$rdmux[0][7][94]$5593:
      Old ports: A=10'0001110111, B=10'0001110101, Y=$memory$auto$proc_rom.cc:155:do_switch$1143$rdmux[0][6][47]$a$5261
      New ports: A=1'1, B=1'0, Y=$memory$auto$proc_rom.cc:155:do_switch$1143$rdmux[0][6][47]$a$5261 [1]
      New connections: { $memory$auto$proc_rom.cc:155:do_switch$1143$rdmux[0][6][47]$a$5261 [9:2] $memory$auto$proc_rom.cc:155:do_switch$1143$rdmux[0][6][47]$a$5261 [0] } = 9'000111011
    Consolidated identical input bits for $mux cell $memory$auto$proc_rom.cc:155:do_switch$1143$rdmux[0][7][93]$5590:
      Old ports: A=10'0001111011, B=10'0001111001, Y=$memory$auto$proc_rom.cc:155:do_switch$1143$rdmux[0][6][46]$b$5259
      New ports: A=1'1, B=1'0, Y=$memory$auto$proc_rom.cc:155:do_switch$1143$rdmux[0][6][46]$b$5259 [1]
      New connections: { $memory$auto$proc_rom.cc:155:do_switch$1143$rdmux[0][6][46]$b$5259 [9:2] $memory$auto$proc_rom.cc:155:do_switch$1143$rdmux[0][6][46]$b$5259 [0] } = 9'000111101
    Consolidated identical input bits for $mux cell $memory$auto$proc_rom.cc:155:do_switch$1143$rdmux[0][7][92]$5587:
      Old ports: A=10'0010000000, B=10'0001111110, Y=$memory$auto$proc_rom.cc:155:do_switch$1143$rdmux[0][6][46]$a$5258
      New ports: A=2'10, B=2'01, Y={ $memory$auto$proc_rom.cc:155:do_switch$1143$rdmux[0][6][46]$a$5258 [7] $memory$auto$proc_rom.cc:155:do_switch$1143$rdmux[0][6][46]$a$5258 [1] }
      New connections: { $memory$auto$proc_rom.cc:155:do_switch$1143$rdmux[0][6][46]$a$5258 [9:8] $memory$auto$proc_rom.cc:155:do_switch$1143$rdmux[0][6][46]$a$5258 [6:2] $memory$auto$proc_rom.cc:155:do_switch$1143$rdmux[0][6][46]$a$5258 [0] } = { 2'00 $memory$auto$proc_rom.cc:155:do_switch$1143$rdmux[0][6][46]$a$5258 [1] $memory$auto$proc_rom.cc:155:do_switch$1143$rdmux[0][6][46]$a$5258 [1] $memory$auto$proc_rom.cc:155:do_switch$1143$rdmux[0][6][46]$a$5258 [1] $memory$auto$proc_rom.cc:155:do_switch$1143$rdmux[0][6][46]$a$5258 [1] $memory$auto$proc_rom.cc:155:do_switch$1143$rdmux[0][6][46]$a$5258 [1] 1'0 }
    Consolidated identical input bits for $mux cell $memory$auto$proc_rom.cc:155:do_switch$1143$rdmux[0][7][91]$5584:
      Old ports: A=10'0010000100, B=10'0010000010, Y=$memory$auto$proc_rom.cc:155:do_switch$1143$rdmux[0][6][45]$b$5256
      New ports: A=2'10, B=2'01, Y=$memory$auto$proc_rom.cc:155:do_switch$1143$rdmux[0][6][45]$b$5256 [2:1]
      New connections: { $memory$auto$proc_rom.cc:155:do_switch$1143$rdmux[0][6][45]$b$5256 [9:3] $memory$auto$proc_rom.cc:155:do_switch$1143$rdmux[0][6][45]$b$5256 [0] } = 8'00100000
    Consolidated identical input bits for $mux cell $memory$auto$proc_rom.cc:155:do_switch$1143$rdmux[0][7][90]$5581:
      Old ports: A=10'0010001000, B=10'0010000110, Y=$memory$auto$proc_rom.cc:155:do_switch$1143$rdmux[0][6][45]$a$5255
      New ports: A=2'10, B=2'01, Y={ $memory$auto$proc_rom.cc:155:do_switch$1143$rdmux[0][6][45]$a$5255 [3] $memory$auto$proc_rom.cc:155:do_switch$1143$rdmux[0][6][45]$a$5255 [1] }
      New connections: { $memory$auto$proc_rom.cc:155:do_switch$1143$rdmux[0][6][45]$a$5255 [9:4] $memory$auto$proc_rom.cc:155:do_switch$1143$rdmux[0][6][45]$a$5255 [2] $memory$auto$proc_rom.cc:155:do_switch$1143$rdmux[0][6][45]$a$5255 [0] } = { 6'001000 $memory$auto$proc_rom.cc:155:do_switch$1143$rdmux[0][6][45]$a$5255 [1] 1'0 }
    Consolidated identical input bits for $mux cell $memory$auto$proc_rom.cc:155:do_switch$1143$rdmux[0][7][89]$5578:
      Old ports: A=10'0010001101, B=10'0010001011, Y=$memory$auto$proc_rom.cc:155:do_switch$1143$rdmux[0][6][44]$b$5253
      New ports: A=2'10, B=2'01, Y=$memory$auto$proc_rom.cc:155:do_switch$1143$rdmux[0][6][44]$b$5253 [2:1]
      New connections: { $memory$auto$proc_rom.cc:155:do_switch$1143$rdmux[0][6][44]$b$5253 [9:3] $memory$auto$proc_rom.cc:155:do_switch$1143$rdmux[0][6][44]$b$5253 [0] } = 8'00100011
    Consolidated identical input bits for $mux cell $memory$auto$proc_rom.cc:155:do_switch$1143$rdmux[0][7][88]$5575:
      Old ports: A=10'0010010001, B=10'0010001111, Y=$memory$auto$proc_rom.cc:155:do_switch$1143$rdmux[0][6][44]$a$5252
      New ports: A=2'10, B=2'01, Y={ $memory$auto$proc_rom.cc:155:do_switch$1143$rdmux[0][6][44]$a$5252 [4] $memory$auto$proc_rom.cc:155:do_switch$1143$rdmux[0][6][44]$a$5252 [1] }
      New connections: { $memory$auto$proc_rom.cc:155:do_switch$1143$rdmux[0][6][44]$a$5252 [9:5] $memory$auto$proc_rom.cc:155:do_switch$1143$rdmux[0][6][44]$a$5252 [3:2] $memory$auto$proc_rom.cc:155:do_switch$1143$rdmux[0][6][44]$a$5252 [0] } = { 5'00100 $memory$auto$proc_rom.cc:155:do_switch$1143$rdmux[0][6][44]$a$5252 [1] $memory$auto$proc_rom.cc:155:do_switch$1143$rdmux[0][6][44]$a$5252 [1] 1'1 }
    Consolidated identical input bits for $mux cell $memory$auto$proc_rom.cc:155:do_switch$1143$rdmux[0][7][87]$5572:
      Old ports: A=10'0010010110, B=10'0010010011, Y=$memory$auto$proc_rom.cc:155:do_switch$1143$rdmux[0][6][43]$b$5250
      New ports: A=2'10, B=2'01, Y={ $memory$auto$proc_rom.cc:155:do_switch$1143$rdmux[0][6][43]$b$5250 [2] $memory$auto$proc_rom.cc:155:do_switch$1143$rdmux[0][6][43]$b$5250 [0] }
      New connections: { $memory$auto$proc_rom.cc:155:do_switch$1143$rdmux[0][6][43]$b$5250 [9:3] $memory$auto$proc_rom.cc:155:do_switch$1143$rdmux[0][6][43]$b$5250 [1] } = 8'00100101
    Consolidated identical input bits for $mux cell $memory$auto$proc_rom.cc:155:do_switch$1143$rdmux[0][7][86]$5569:
      Old ports: A=10'0010011010, B=10'0010011000, Y=$memory$auto$proc_rom.cc:155:do_switch$1143$rdmux[0][6][43]$a$5249
      New ports: A=1'1, B=1'0, Y=$memory$auto$proc_rom.cc:155:do_switch$1143$rdmux[0][6][43]$a$5249 [1]
      New connections: { $memory$auto$proc_rom.cc:155:do_switch$1143$rdmux[0][6][43]$a$5249 [9:2] $memory$auto$proc_rom.cc:155:do_switch$1143$rdmux[0][6][43]$a$5249 [0] } = 9'001001100
    Consolidated identical input bits for $mux cell $memory$auto$proc_rom.cc:155:do_switch$1143$rdmux[0][7][85]$5566:
      Old ports: A=10'0010011111, B=10'0010011100, Y=$memory$auto$proc_rom.cc:155:do_switch$1143$rdmux[0][6][42]$b$5247
      New ports: A=1'1, B=1'0, Y=$memory$auto$proc_rom.cc:155:do_switch$1143$rdmux[0][6][42]$b$5247 [0]
      New connections: $memory$auto$proc_rom.cc:155:do_switch$1143$rdmux[0][6][42]$b$5247 [9:1] = { 8'00100111 $memory$auto$proc_rom.cc:155:do_switch$1143$rdmux[0][6][42]$b$5247 [0] }
    Consolidated identical input bits for $mux cell $memory$auto$proc_rom.cc:155:do_switch$1143$rdmux[0][7][84]$5563:
      Old ports: A=10'0010100011, B=10'0010100001, Y=$memory$auto$proc_rom.cc:155:do_switch$1143$rdmux[0][6][42]$a$5246
      New ports: A=1'1, B=1'0, Y=$memory$auto$proc_rom.cc:155:do_switch$1143$rdmux[0][6][42]$a$5246 [1]
      New connections: { $memory$auto$proc_rom.cc:155:do_switch$1143$rdmux[0][6][42]$a$5246 [9:2] $memory$auto$proc_rom.cc:155:do_switch$1143$rdmux[0][6][42]$a$5246 [0] } = 9'001010001
    Consolidated identical input bits for $mux cell $memory$auto$proc_rom.cc:155:do_switch$1143$rdmux[0][7][83]$5560:
      Old ports: A=10'0010101000, B=10'0010100110, Y=$memory$auto$proc_rom.cc:155:do_switch$1143$rdmux[0][6][41]$b$5244
      New ports: A=2'10, B=2'01, Y={ $memory$auto$proc_rom.cc:155:do_switch$1143$rdmux[0][6][41]$b$5244 [3] $memory$auto$proc_rom.cc:155:do_switch$1143$rdmux[0][6][41]$b$5244 [1] }
      New connections: { $memory$auto$proc_rom.cc:155:do_switch$1143$rdmux[0][6][41]$b$5244 [9:4] $memory$auto$proc_rom.cc:155:do_switch$1143$rdmux[0][6][41]$b$5244 [2] $memory$auto$proc_rom.cc:155:do_switch$1143$rdmux[0][6][41]$b$5244 [0] } = { 6'001010 $memory$auto$proc_rom.cc:155:do_switch$1143$rdmux[0][6][41]$b$5244 [1] 1'0 }
    Consolidated identical input bits for $mux cell $memory$auto$proc_rom.cc:155:do_switch$1143$rdmux[0][7][82]$5557:
      Old ports: A=10'0010101101, B=10'0010101011, Y=$memory$auto$proc_rom.cc:155:do_switch$1143$rdmux[0][6][41]$a$5243
      New ports: A=2'10, B=2'01, Y=$memory$auto$proc_rom.cc:155:do_switch$1143$rdmux[0][6][41]$a$5243 [2:1]
      New connections: { $memory$auto$proc_rom.cc:155:do_switch$1143$rdmux[0][6][41]$a$5243 [9:3] $memory$auto$proc_rom.cc:155:do_switch$1143$rdmux[0][6][41]$a$5243 [0] } = 8'00101011
    Consolidated identical input bits for $mux cell $memory$auto$proc_rom.cc:155:do_switch$1143$rdmux[0][7][81]$5554:
      Old ports: A=10'0010110010, B=10'0010101111, Y=$memory$auto$proc_rom.cc:155:do_switch$1143$rdmux[0][6][40]$b$5241
      New ports: A=2'10, B=2'01, Y={ $memory$auto$proc_rom.cc:155:do_switch$1143$rdmux[0][6][40]$b$5241 [4] $memory$auto$proc_rom.cc:155:do_switch$1143$rdmux[0][6][40]$b$5241 [0] }
      New connections: { $memory$auto$proc_rom.cc:155:do_switch$1143$rdmux[0][6][40]$b$5241 [9:5] $memory$auto$proc_rom.cc:155:do_switch$1143$rdmux[0][6][40]$b$5241 [3:1] } = { 5'00101 $memory$auto$proc_rom.cc:155:do_switch$1143$rdmux[0][6][40]$b$5241 [0] $memory$auto$proc_rom.cc:155:do_switch$1143$rdmux[0][6][40]$b$5241 [0] 1'1 }
    Consolidated identical input bits for $mux cell $memory$auto$proc_rom.cc:155:do_switch$1143$rdmux[0][7][80]$5551:
      Old ports: A=10'0010110111, B=10'0010110100, Y=$memory$auto$proc_rom.cc:155:do_switch$1143$rdmux[0][6][40]$a$5240
      New ports: A=1'1, B=1'0, Y=$memory$auto$proc_rom.cc:155:do_switch$1143$rdmux[0][6][40]$a$5240 [0]
      New connections: $memory$auto$proc_rom.cc:155:do_switch$1143$rdmux[0][6][40]$a$5240 [9:1] = { 8'00101101 $memory$auto$proc_rom.cc:155:do_switch$1143$rdmux[0][6][40]$a$5240 [0] }
    Consolidated identical input bits for $mux cell $memory$auto$proc_rom.cc:155:do_switch$1143$rdmux[0][7][79]$5548:
      Old ports: A=10'0010111100, B=10'0010111001, Y=$memory$auto$proc_rom.cc:155:do_switch$1143$rdmux[0][6][39]$b$5238
      New ports: A=2'10, B=2'01, Y={ $memory$auto$proc_rom.cc:155:do_switch$1143$rdmux[0][6][39]$b$5238 [2] $memory$auto$proc_rom.cc:155:do_switch$1143$rdmux[0][6][39]$b$5238 [0] }
      New connections: { $memory$auto$proc_rom.cc:155:do_switch$1143$rdmux[0][6][39]$b$5238 [9:3] $memory$auto$proc_rom.cc:155:do_switch$1143$rdmux[0][6][39]$b$5238 [1] } = 8'00101110
    Consolidated identical input bits for $mux cell $memory$auto$proc_rom.cc:155:do_switch$1143$rdmux[0][7][78]$5545:
      Old ports: A=10'0011000001, B=10'0010111110, Y=$memory$auto$proc_rom.cc:155:do_switch$1143$rdmux[0][6][39]$a$5237
      New ports: A=2'01, B=2'10, Y=$memory$auto$proc_rom.cc:155:do_switch$1143$rdmux[0][6][39]$a$5237 [1:0]
      New connections: $memory$auto$proc_rom.cc:155:do_switch$1143$rdmux[0][6][39]$a$5237 [9:2] = { 3'001 $memory$auto$proc_rom.cc:155:do_switch$1143$rdmux[0][6][39]$a$5237 [0] $memory$auto$proc_rom.cc:155:do_switch$1143$rdmux[0][6][39]$a$5237 [1] $memory$auto$proc_rom.cc:155:do_switch$1143$rdmux[0][6][39]$a$5237 [1] $memory$auto$proc_rom.cc:155:do_switch$1143$rdmux[0][6][39]$a$5237 [1] $memory$auto$proc_rom.cc:155:do_switch$1143$rdmux[0][6][39]$a$5237 [1] }
    Consolidated identical input bits for $mux cell $memory$auto$proc_rom.cc:155:do_switch$1143$rdmux[0][7][77]$5542:
      Old ports: A=10'0011000110, B=10'0011000011, Y=$memory$auto$proc_rom.cc:155:do_switch$1143$rdmux[0][6][38]$b$5235
      New ports: A=2'10, B=2'01, Y={ $memory$auto$proc_rom.cc:155:do_switch$1143$rdmux[0][6][38]$b$5235 [2] $memory$auto$proc_rom.cc:155:do_switch$1143$rdmux[0][6][38]$b$5235 [0] }
      New connections: { $memory$auto$proc_rom.cc:155:do_switch$1143$rdmux[0][6][38]$b$5235 [9:3] $memory$auto$proc_rom.cc:155:do_switch$1143$rdmux[0][6][38]$b$5235 [1] } = 8'00110001
    Consolidated identical input bits for $mux cell $memory$auto$proc_rom.cc:155:do_switch$1143$rdmux[0][7][76]$5539:
      Old ports: A=10'0011001011, B=10'0011001000, Y=$memory$auto$proc_rom.cc:155:do_switch$1143$rdmux[0][6][38]$a$5234
      New ports: A=1'1, B=1'0, Y=$memory$auto$proc_rom.cc:155:do_switch$1143$rdmux[0][6][38]$a$5234 [0]
      New connections: $memory$auto$proc_rom.cc:155:do_switch$1143$rdmux[0][6][38]$a$5234 [9:1] = { 8'00110010 $memory$auto$proc_rom.cc:155:do_switch$1143$rdmux[0][6][38]$a$5234 [0] }
    Consolidated identical input bits for $mux cell $memory$auto$proc_rom.cc:155:do_switch$1143$rdmux[0][7][75]$5536:
      Old ports: A=10'0011010000, B=10'0011001101, Y=$memory$auto$proc_rom.cc:155:do_switch$1143$rdmux[0][6][37]$b$5232
      New ports: A=2'10, B=2'01, Y={ $memory$auto$proc_rom.cc:155:do_switch$1143$rdmux[0][6][37]$b$5232 [4] $memory$auto$proc_rom.cc:155:do_switch$1143$rdmux[0][6][37]$b$5232 [0] }
      New connections: { $memory$auto$proc_rom.cc:155:do_switch$1143$rdmux[0][6][37]$b$5232 [9:5] $memory$auto$proc_rom.cc:155:do_switch$1143$rdmux[0][6][37]$b$5232 [3:1] } = { 5'00110 $memory$auto$proc_rom.cc:155:do_switch$1143$rdmux[0][6][37]$b$5232 [0] $memory$auto$proc_rom.cc:155:do_switch$1143$rdmux[0][6][37]$b$5232 [0] 1'0 }
    Consolidated identical input bits for $mux cell $memory$auto$proc_rom.cc:155:do_switch$1143$rdmux[0][7][74]$5533:
      Old ports: A=10'0011010101, B=10'0011010011, Y=$memory$auto$proc_rom.cc:155:do_switch$1143$rdmux[0][6][37]$a$5231
      New ports: A=2'10, B=2'01, Y=$memory$auto$proc_rom.cc:155:do_switch$1143$rdmux[0][6][37]$a$5231 [2:1]
      New connections: { $memory$auto$proc_rom.cc:155:do_switch$1143$rdmux[0][6][37]$a$5231 [9:3] $memory$auto$proc_rom.cc:155:do_switch$1143$rdmux[0][6][37]$a$5231 [0] } = 8'00110101
    Consolidated identical input bits for $mux cell $memory$auto$proc_rom.cc:155:do_switch$1143$rdmux[0][7][73]$5530:
      Old ports: A=10'0011011011, B=10'0011011000, Y=$memory$auto$proc_rom.cc:155:do_switch$1143$rdmux[0][6][36]$b$5229
      New ports: A=1'1, B=1'0, Y=$memory$auto$proc_rom.cc:155:do_switch$1143$rdmux[0][6][36]$b$5229 [0]
      New connections: $memory$auto$proc_rom.cc:155:do_switch$1143$rdmux[0][6][36]$b$5229 [9:1] = { 8'00110110 $memory$auto$proc_rom.cc:155:do_switch$1143$rdmux[0][6][36]$b$5229 [0] }
    Consolidated identical input bits for $mux cell $memory$auto$proc_rom.cc:155:do_switch$1143$rdmux[0][7][72]$5527:
      Old ports: A=10'0011100000, B=10'0011011101, Y=$memory$auto$proc_rom.cc:155:do_switch$1143$rdmux[0][6][36]$a$5228
      New ports: A=2'10, B=2'01, Y={ $memory$auto$proc_rom.cc:155:do_switch$1143$rdmux[0][6][36]$a$5228 [5] $memory$auto$proc_rom.cc:155:do_switch$1143$rdmux[0][6][36]$a$5228 [0] }
      New connections: { $memory$auto$proc_rom.cc:155:do_switch$1143$rdmux[0][6][36]$a$5228 [9:6] $memory$auto$proc_rom.cc:155:do_switch$1143$rdmux[0][6][36]$a$5228 [4:1] } = { 4'0011 $memory$auto$proc_rom.cc:155:do_switch$1143$rdmux[0][6][36]$a$5228 [0] $memory$auto$proc_rom.cc:155:do_switch$1143$rdmux[0][6][36]$a$5228 [0] $memory$auto$proc_rom.cc:155:do_switch$1143$rdmux[0][6][36]$a$5228 [0] 1'0 }
    Consolidated identical input bits for $mux cell $memory$auto$proc_rom.cc:155:do_switch$1143$rdmux[0][7][71]$5524:
      Old ports: A=10'0011100101, B=10'0011100011, Y=$memory$auto$proc_rom.cc:155:do_switch$1143$rdmux[0][6][35]$b$5226
      New ports: A=2'10, B=2'01, Y=$memory$auto$proc_rom.cc:155:do_switch$1143$rdmux[0][6][35]$b$5226 [2:1]
      New connections: { $memory$auto$proc_rom.cc:155:do_switch$1143$rdmux[0][6][35]$b$5226 [9:3] $memory$auto$proc_rom.cc:155:do_switch$1143$rdmux[0][6][35]$b$5226 [0] } = 8'00111001
    Consolidated identical input bits for $mux cell $memory$auto$proc_rom.cc:155:do_switch$1143$rdmux[0][7][70]$5521:
      Old ports: A=10'0011101011, B=10'0011101000, Y=$memory$auto$proc_rom.cc:155:do_switch$1143$rdmux[0][6][35]$a$5225
      New ports: A=1'1, B=1'0, Y=$memory$auto$proc_rom.cc:155:do_switch$1143$rdmux[0][6][35]$a$5225 [0]
      New connections: $memory$auto$proc_rom.cc:155:do_switch$1143$rdmux[0][6][35]$a$5225 [9:1] = { 8'00111010 $memory$auto$proc_rom.cc:155:do_switch$1143$rdmux[0][6][35]$a$5225 [0] }
    Consolidated identical input bits for $mux cell $memory$auto$proc_rom.cc:155:do_switch$1143$rdmux[0][7][69]$5518:
      Old ports: A=10'0011110001, B=10'0011101110, Y=$memory$auto$proc_rom.cc:155:do_switch$1143$rdmux[0][6][34]$b$5223
      New ports: A=2'01, B=2'10, Y=$memory$auto$proc_rom.cc:155:do_switch$1143$rdmux[0][6][34]$b$5223 [1:0]
      New connections: $memory$auto$proc_rom.cc:155:do_switch$1143$rdmux[0][6][34]$b$5223 [9:2] = { 5'00111 $memory$auto$proc_rom.cc:155:do_switch$1143$rdmux[0][6][34]$b$5223 [0] $memory$auto$proc_rom.cc:155:do_switch$1143$rdmux[0][6][34]$b$5223 [1] $memory$auto$proc_rom.cc:155:do_switch$1143$rdmux[0][6][34]$b$5223 [1] }
    Consolidated identical input bits for $mux cell $memory$auto$proc_rom.cc:155:do_switch$1143$rdmux[0][7][68]$5515:
      Old ports: A=10'0011110110, B=10'0011110011, Y=$memory$auto$proc_rom.cc:155:do_switch$1143$rdmux[0][6][34]$a$5222
      New ports: A=2'10, B=2'01, Y={ $memory$auto$proc_rom.cc:155:do_switch$1143$rdmux[0][6][34]$a$5222 [2] $memory$auto$proc_rom.cc:155:do_switch$1143$rdmux[0][6][34]$a$5222 [0] }
      New connections: { $memory$auto$proc_rom.cc:155:do_switch$1143$rdmux[0][6][34]$a$5222 [9:3] $memory$auto$proc_rom.cc:155:do_switch$1143$rdmux[0][6][34]$a$5222 [1] } = 8'00111101
    Consolidated identical input bits for $mux cell $memory$auto$proc_rom.cc:155:do_switch$1143$rdmux[0][7][67]$5512:
      Old ports: A=10'0011111100, B=10'0011111001, Y=$memory$auto$proc_rom.cc:155:do_switch$1143$rdmux[0][6][33]$b$5220
      New ports: A=2'10, B=2'01, Y={ $memory$auto$proc_rom.cc:155:do_switch$1143$rdmux[0][6][33]$b$5220 [2] $memory$auto$proc_rom.cc:155:do_switch$1143$rdmux[0][6][33]$b$5220 [0] }
      New connections: { $memory$auto$proc_rom.cc:155:do_switch$1143$rdmux[0][6][33]$b$5220 [9:3] $memory$auto$proc_rom.cc:155:do_switch$1143$rdmux[0][6][33]$b$5220 [1] } = 8'00111110
    Consolidated identical input bits for $mux cell $memory$auto$proc_rom.cc:155:do_switch$1143$rdmux[0][7][66]$5509:
      Old ports: A=10'0100000010, B=10'0011111111, Y=$memory$auto$proc_rom.cc:155:do_switch$1143$rdmux[0][6][33]$a$5219
      New ports: A=2'10, B=2'01, Y={ $memory$auto$proc_rom.cc:155:do_switch$1143$rdmux[0][6][33]$a$5219 [8] $memory$auto$proc_rom.cc:155:do_switch$1143$rdmux[0][6][33]$a$5219 [0] }
      New connections: { $memory$auto$proc_rom.cc:155:do_switch$1143$rdmux[0][6][33]$a$5219 [9] $memory$auto$proc_rom.cc:155:do_switch$1143$rdmux[0][6][33]$a$5219 [7:1] } = { 1'0 $memory$auto$proc_rom.cc:155:do_switch$1143$rdmux[0][6][33]$a$5219 [0] $memory$auto$proc_rom.cc:155:do_switch$1143$rdmux[0][6][33]$a$5219 [0] $memory$auto$proc_rom.cc:155:do_switch$1143$rdmux[0][6][33]$a$5219 [0] $memory$auto$proc_rom.cc:155:do_switch$1143$rdmux[0][6][33]$a$5219 [0] $memory$auto$proc_rom.cc:155:do_switch$1143$rdmux[0][6][33]$a$5219 [0] $memory$auto$proc_rom.cc:155:do_switch$1143$rdmux[0][6][33]$a$5219 [0] 1'1 }
    Consolidated identical input bits for $mux cell $memory$auto$proc_rom.cc:155:do_switch$1143$rdmux[0][7][65]$5506:
      Old ports: A=10'0100001000, B=10'0100000101, Y=$memory$auto$proc_rom.cc:155:do_switch$1143$rdmux[0][6][32]$b$5217
      New ports: A=2'10, B=2'01, Y={ $memory$auto$proc_rom.cc:155:do_switch$1143$rdmux[0][6][32]$b$5217 [3] $memory$auto$proc_rom.cc:155:do_switch$1143$rdmux[0][6][32]$b$5217 [0] }
      New connections: { $memory$auto$proc_rom.cc:155:do_switch$1143$rdmux[0][6][32]$b$5217 [9:4] $memory$auto$proc_rom.cc:155:do_switch$1143$rdmux[0][6][32]$b$5217 [2:1] } = { 6'010000 $memory$auto$proc_rom.cc:155:do_switch$1143$rdmux[0][6][32]$b$5217 [0] 1'0 }
    Consolidated identical input bits for $mux cell $memory$auto$proc_rom.cc:155:do_switch$1143$rdmux[0][7][64]$5503:
      Old ports: A=10'0100001110, B=10'0100001011, Y=$memory$auto$proc_rom.cc:155:do_switch$1143$rdmux[0][6][32]$a$5216
      New ports: A=2'10, B=2'01, Y={ $memory$auto$proc_rom.cc:155:do_switch$1143$rdmux[0][6][32]$a$5216 [2] $memory$auto$proc_rom.cc:155:do_switch$1143$rdmux[0][6][32]$a$5216 [0] }
      New connections: { $memory$auto$proc_rom.cc:155:do_switch$1143$rdmux[0][6][32]$a$5216 [9:3] $memory$auto$proc_rom.cc:155:do_switch$1143$rdmux[0][6][32]$a$5216 [1] } = 8'01000011
    Consolidated identical input bits for $mux cell $memory$auto$proc_rom.cc:155:do_switch$1143$rdmux[0][7][63]$5500:
      Old ports: A=10'0100010100, B=10'0100010001, Y=$memory$auto$proc_rom.cc:155:do_switch$1143$rdmux[0][6][31]$b$5214
      New ports: A=2'10, B=2'01, Y={ $memory$auto$proc_rom.cc:155:do_switch$1143$rdmux[0][6][31]$b$5214 [2] $memory$auto$proc_rom.cc:155:do_switch$1143$rdmux[0][6][31]$b$5214 [0] }
      New connections: { $memory$auto$proc_rom.cc:155:do_switch$1143$rdmux[0][6][31]$b$5214 [9:3] $memory$auto$proc_rom.cc:155:do_switch$1143$rdmux[0][6][31]$b$5214 [1] } = 8'01000100
    Consolidated identical input bits for $mux cell $memory$auto$proc_rom.cc:155:do_switch$1143$rdmux[0][7][62]$5497:
      Old ports: A=10'0100011010, B=10'0100010111, Y=$memory$auto$proc_rom.cc:155:do_switch$1143$rdmux[0][6][31]$a$5213
      New ports: A=2'10, B=2'01, Y={ $memory$auto$proc_rom.cc:155:do_switch$1143$rdmux[0][6][31]$a$5213 [3] $memory$auto$proc_rom.cc:155:do_switch$1143$rdmux[0][6][31]$a$5213 [0] }
      New connections: { $memory$auto$proc_rom.cc:155:do_switch$1143$rdmux[0][6][31]$a$5213 [9:4] $memory$auto$proc_rom.cc:155:do_switch$1143$rdmux[0][6][31]$a$5213 [2:1] } = { 6'010001 $memory$auto$proc_rom.cc:155:do_switch$1143$rdmux[0][6][31]$a$5213 [0] 1'1 }
    Consolidated identical input bits for $mux cell $memory$auto$proc_rom.cc:155:do_switch$1143$rdmux[0][7][61]$5494:
      Old ports: A=10'0100100000, B=10'0100011101, Y=$memory$auto$proc_rom.cc:155:do_switch$1143$rdmux[0][6][30]$b$5211
      New ports: A=2'10, B=2'01, Y={ $memory$auto$proc_rom.cc:155:do_switch$1143$rdmux[0][6][30]$b$5211 [5] $memory$auto$proc_rom.cc:155:do_switch$1143$rdmux[0][6][30]$b$5211 [0] }
      New connections: { $memory$auto$proc_rom.cc:155:do_switch$1143$rdmux[0][6][30]$b$5211 [9:6] $memory$auto$proc_rom.cc:155:do_switch$1143$rdmux[0][6][30]$b$5211 [4:1] } = { 4'0100 $memory$auto$proc_rom.cc:155:do_switch$1143$rdmux[0][6][30]$b$5211 [0] $memory$auto$proc_rom.cc:155:do_switch$1143$rdmux[0][6][30]$b$5211 [0] $memory$auto$proc_rom.cc:155:do_switch$1143$rdmux[0][6][30]$b$5211 [0] 1'0 }
    Consolidated identical input bits for $mux cell $memory$auto$proc_rom.cc:155:do_switch$1143$rdmux[0][7][60]$5491:
      Old ports: A=10'0100100111, B=10'0100100011, Y=$memory$auto$proc_rom.cc:155:do_switch$1143$rdmux[0][6][30]$a$5210
      New ports: A=1'1, B=1'0, Y=$memory$auto$proc_rom.cc:155:do_switch$1143$rdmux[0][6][30]$a$5210 [2]
      New connections: { $memory$auto$proc_rom.cc:155:do_switch$1143$rdmux[0][6][30]$a$5210 [9:3] $memory$auto$proc_rom.cc:155:do_switch$1143$rdmux[0][6][30]$a$5210 [1:0] } = 9'010010011
    Consolidated identical input bits for $mux cell $memory$auto$proc_rom.cc:155:do_switch$1143$rdmux[0][7][59]$5488:
      Old ports: A=10'0100101101, B=10'0100101010, Y=$memory$auto$proc_rom.cc:155:do_switch$1143$rdmux[0][6][29]$b$5208
      New ports: A=2'01, B=2'10, Y=$memory$auto$proc_rom.cc:155:do_switch$1143$rdmux[0][6][29]$b$5208 [1:0]
      New connections: $memory$auto$proc_rom.cc:155:do_switch$1143$rdmux[0][6][29]$b$5208 [9:2] = { 7'0100101 $memory$auto$proc_rom.cc:155:do_switch$1143$rdmux[0][6][29]$b$5208 [0] }
    Consolidated identical input bits for $mux cell $memory$auto$proc_rom.cc:155:do_switch$1143$rdmux[0][7][58]$5485:
      Old ports: A=10'0100110100, B=10'0100110000, Y=$memory$auto$proc_rom.cc:155:do_switch$1143$rdmux[0][6][29]$a$5207
      New ports: A=1'1, B=1'0, Y=$memory$auto$proc_rom.cc:155:do_switch$1143$rdmux[0][6][29]$a$5207 [2]
      New connections: { $memory$auto$proc_rom.cc:155:do_switch$1143$rdmux[0][6][29]$a$5207 [9:3] $memory$auto$proc_rom.cc:155:do_switch$1143$rdmux[0][6][29]$a$5207 [1:0] } = 9'010011000
    Consolidated identical input bits for $mux cell $memory$auto$proc_rom.cc:155:do_switch$1143$rdmux[0][7][57]$5482:
      Old ports: A=10'0100111010, B=10'0100110111, Y=$memory$auto$proc_rom.cc:155:do_switch$1143$rdmux[0][6][28]$b$5205
      New ports: A=2'10, B=2'01, Y={ $memory$auto$proc_rom.cc:155:do_switch$1143$rdmux[0][6][28]$b$5205 [3] $memory$auto$proc_rom.cc:155:do_switch$1143$rdmux[0][6][28]$b$5205 [0] }
      New connections: { $memory$auto$proc_rom.cc:155:do_switch$1143$rdmux[0][6][28]$b$5205 [9:4] $memory$auto$proc_rom.cc:155:do_switch$1143$rdmux[0][6][28]$b$5205 [2:1] } = { 6'010011 $memory$auto$proc_rom.cc:155:do_switch$1143$rdmux[0][6][28]$b$5205 [0] 1'1 }
    Consolidated identical input bits for $mux cell $memory$auto$proc_rom.cc:155:do_switch$1143$rdmux[0][7][56]$5479:
      Old ports: A=10'0101000001, B=10'0100111110, Y=$memory$auto$proc_rom.cc:155:do_switch$1143$rdmux[0][6][28]$a$5204
      New ports: A=2'01, B=2'10, Y=$memory$auto$proc_rom.cc:155:do_switch$1143$rdmux[0][6][28]$a$5204 [1:0]
      New connections: $memory$auto$proc_rom.cc:155:do_switch$1143$rdmux[0][6][28]$a$5204 [9:2] = { 3'010 $memory$auto$proc_rom.cc:155:do_switch$1143$rdmux[0][6][28]$a$5204 [0] $memory$auto$proc_rom.cc:155:do_switch$1143$rdmux[0][6][28]$a$5204 [1] $memory$auto$proc_rom.cc:155:do_switch$1143$rdmux[0][6][28]$a$5204 [1] $memory$auto$proc_rom.cc:155:do_switch$1143$rdmux[0][6][28]$a$5204 [1] $memory$auto$proc_rom.cc:155:do_switch$1143$rdmux[0][6][28]$a$5204 [1] }
    Consolidated identical input bits for $mux cell $memory$auto$proc_rom.cc:155:do_switch$1143$rdmux[0][7][55]$5476:
      Old ports: A=10'0101001000, B=10'0101000100, Y=$memory$auto$proc_rom.cc:155:do_switch$1143$rdmux[0][6][27]$b$5202
      New ports: A=2'10, B=2'01, Y=$memory$auto$proc_rom.cc:155:do_switch$1143$rdmux[0][6][27]$b$5202 [3:2]
      New connections: { $memory$auto$proc_rom.cc:155:do_switch$1143$rdmux[0][6][27]$b$5202 [9:4] $memory$auto$proc_rom.cc:155:do_switch$1143$rdmux[0][6][27]$b$5202 [1:0] } = 8'01010000
    Consolidated identical input bits for $mux cell $memory$auto$proc_rom.cc:155:do_switch$1143$rdmux[0][7][54]$5473:
      Old ports: A=10'0101001111, B=10'0101001011, Y=$memory$auto$proc_rom.cc:155:do_switch$1143$rdmux[0][6][27]$a$5201
      New ports: A=1'1, B=1'0, Y=$memory$auto$proc_rom.cc:155:do_switch$1143$rdmux[0][6][27]$a$5201 [2]
      New connections: { $memory$auto$proc_rom.cc:155:do_switch$1143$rdmux[0][6][27]$a$5201 [9:3] $memory$auto$proc_rom.cc:155:do_switch$1143$rdmux[0][6][27]$a$5201 [1:0] } = 9'010100111
    Consolidated identical input bits for $mux cell $memory$auto$proc_rom.cc:155:do_switch$1143$rdmux[0][7][53]$5470:
      Old ports: A=10'0101010110, B=10'0101010010, Y=$memory$auto$proc_rom.cc:155:do_switch$1143$rdmux[0][6][26]$b$5199
      New ports: A=1'1, B=1'0, Y=$memory$auto$proc_rom.cc:155:do_switch$1143$rdmux[0][6][26]$b$5199 [2]
      New connections: { $memory$auto$proc_rom.cc:155:do_switch$1143$rdmux[0][6][26]$b$5199 [9:3] $memory$auto$proc_rom.cc:155:do_switch$1143$rdmux[0][6][26]$b$5199 [1:0] } = 9'010101010
    Consolidated identical input bits for $mux cell $memory$auto$proc_rom.cc:155:do_switch$1143$rdmux[0][7][52]$5467:
      Old ports: A=10'0101011101, B=10'0101011010, Y=$memory$auto$proc_rom.cc:155:do_switch$1143$rdmux[0][6][26]$a$5198
      New ports: A=2'01, B=2'10, Y=$memory$auto$proc_rom.cc:155:do_switch$1143$rdmux[0][6][26]$a$5198 [1:0]
      New connections: $memory$auto$proc_rom.cc:155:do_switch$1143$rdmux[0][6][26]$a$5198 [9:2] = { 7'0101011 $memory$auto$proc_rom.cc:155:do_switch$1143$rdmux[0][6][26]$a$5198 [0] }
    Consolidated identical input bits for $mux cell $memory$auto$proc_rom.cc:155:do_switch$1143$rdmux[0][7][51]$5464:
      Old ports: A=10'0101100100, B=10'0101100001, Y=$memory$auto$proc_rom.cc:155:do_switch$1143$rdmux[0][6][25]$b$5196
      New ports: A=2'10, B=2'01, Y={ $memory$auto$proc_rom.cc:155:do_switch$1143$rdmux[0][6][25]$b$5196 [2] $memory$auto$proc_rom.cc:155:do_switch$1143$rdmux[0][6][25]$b$5196 [0] }
      New connections: { $memory$auto$proc_rom.cc:155:do_switch$1143$rdmux[0][6][25]$b$5196 [9:3] $memory$auto$proc_rom.cc:155:do_switch$1143$rdmux[0][6][25]$b$5196 [1] } = 8'01011000
    Consolidated identical input bits for $mux cell $memory$auto$proc_rom.cc:155:do_switch$1143$rdmux[0][7][50]$5461:
      Old ports: A=10'0101101100, B=10'0101101000, Y=$memory$auto$proc_rom.cc:155:do_switch$1143$rdmux[0][6][25]$a$5195
      New ports: A=1'1, B=1'0, Y=$memory$auto$proc_rom.cc:155:do_switch$1143$rdmux[0][6][25]$a$5195 [2]
      New connections: { $memory$auto$proc_rom.cc:155:do_switch$1143$rdmux[0][6][25]$a$5195 [9:3] $memory$auto$proc_rom.cc:155:do_switch$1143$rdmux[0][6][25]$a$5195 [1:0] } = 9'010110100
    Consolidated identical input bits for $mux cell $memory$auto$proc_rom.cc:155:do_switch$1143$rdmux[0][7][49]$5458:
      Old ports: A=10'0101110011, B=10'0101110000, Y=$memory$auto$proc_rom.cc:155:do_switch$1143$rdmux[0][6][24]$b$5193
      New ports: A=1'1, B=1'0, Y=$memory$auto$proc_rom.cc:155:do_switch$1143$rdmux[0][6][24]$b$5193 [0]
      New connections: $memory$auto$proc_rom.cc:155:do_switch$1143$rdmux[0][6][24]$b$5193 [9:1] = { 8'01011100 $memory$auto$proc_rom.cc:155:do_switch$1143$rdmux[0][6][24]$b$5193 [0] }
    Consolidated identical input bits for $mux cell $memory$auto$proc_rom.cc:155:do_switch$1143$rdmux[0][7][48]$5455:
      Old ports: A=10'0101111011, B=10'0101110111, Y=$memory$auto$proc_rom.cc:155:do_switch$1143$rdmux[0][6][24]$a$5192
      New ports: A=2'10, B=2'01, Y=$memory$auto$proc_rom.cc:155:do_switch$1143$rdmux[0][6][24]$a$5192 [3:2]
      New connections: { $memory$auto$proc_rom.cc:155:do_switch$1143$rdmux[0][6][24]$a$5192 [9:4] $memory$auto$proc_rom.cc:155:do_switch$1143$rdmux[0][6][24]$a$5192 [1:0] } = 8'01011111
    Consolidated identical input bits for $mux cell $memory$auto$proc_rom.cc:155:do_switch$1143$rdmux[0][7][47]$5452:
      Old ports: A=10'0110000011, B=10'0101111111, Y=$memory$auto$proc_rom.cc:155:do_switch$1143$rdmux[0][6][23]$b$5190
      New ports: A=2'10, B=2'01, Y={ $memory$auto$proc_rom.cc:155:do_switch$1143$rdmux[0][6][23]$b$5190 [7] $memory$auto$proc_rom.cc:155:do_switch$1143$rdmux[0][6][23]$b$5190 [2] }
      New connections: { $memory$auto$proc_rom.cc:155:do_switch$1143$rdmux[0][6][23]$b$5190 [9:8] $memory$auto$proc_rom.cc:155:do_switch$1143$rdmux[0][6][23]$b$5190 [6:3] $memory$auto$proc_rom.cc:155:do_switch$1143$rdmux[0][6][23]$b$5190 [1:0] } = { 2'01 $memory$auto$proc_rom.cc:155:do_switch$1143$rdmux[0][6][23]$b$5190 [2] $memory$auto$proc_rom.cc:155:do_switch$1143$rdmux[0][6][23]$b$5190 [2] $memory$auto$proc_rom.cc:155:do_switch$1143$rdmux[0][6][23]$b$5190 [2] $memory$auto$proc_rom.cc:155:do_switch$1143$rdmux[0][6][23]$b$5190 [2] 2'11 }
    Consolidated identical input bits for $mux cell $memory$auto$proc_rom.cc:155:do_switch$1143$rdmux[0][7][46]$5449:
      Old ports: A=10'0110001011, B=10'0110000111, Y=$memory$auto$proc_rom.cc:155:do_switch$1143$rdmux[0][6][23]$a$5189
      New ports: A=2'10, B=2'01, Y=$memory$auto$proc_rom.cc:155:do_switch$1143$rdmux[0][6][23]$a$5189 [3:2]
      New connections: { $memory$auto$proc_rom.cc:155:do_switch$1143$rdmux[0][6][23]$a$5189 [9:4] $memory$auto$proc_rom.cc:155:do_switch$1143$rdmux[0][6][23]$a$5189 [1:0] } = 8'01100011
    Consolidated identical input bits for $mux cell $memory$auto$proc_rom.cc:155:do_switch$1143$rdmux[0][7][45]$5446:
      Old ports: A=10'0110010011, B=10'0110001111, Y=$memory$auto$proc_rom.cc:155:do_switch$1143$rdmux[0][6][22]$b$5187
      New ports: A=2'10, B=2'01, Y={ $memory$auto$proc_rom.cc:155:do_switch$1143$rdmux[0][6][22]$b$5187 [4] $memory$auto$proc_rom.cc:155:do_switch$1143$rdmux[0][6][22]$b$5187 [2] }
      New connections: { $memory$auto$proc_rom.cc:155:do_switch$1143$rdmux[0][6][22]$b$5187 [9:5] $memory$auto$proc_rom.cc:155:do_switch$1143$rdmux[0][6][22]$b$5187 [3] $memory$auto$proc_rom.cc:155:do_switch$1143$rdmux[0][6][22]$b$5187 [1:0] } = { 5'01100 $memory$auto$proc_rom.cc:155:do_switch$1143$rdmux[0][6][22]$b$5187 [2] 2'11 }
    Consolidated identical input bits for $mux cell $memory$auto$proc_rom.cc:155:do_switch$1143$rdmux[0][7][44]$5443:
      Old ports: A=10'0110011011, B=10'0110010111, Y=$memory$auto$proc_rom.cc:155:do_switch$1143$rdmux[0][6][22]$a$5186
      New ports: A=2'10, B=2'01, Y=$memory$auto$proc_rom.cc:155:do_switch$1143$rdmux[0][6][22]$a$5186 [3:2]
      New connections: { $memory$auto$proc_rom.cc:155:do_switch$1143$rdmux[0][6][22]$a$5186 [9:4] $memory$auto$proc_rom.cc:155:do_switch$1143$rdmux[0][6][22]$a$5186 [1:0] } = 8'01100111
    Consolidated identical input bits for $mux cell $memory$auto$proc_rom.cc:155:do_switch$1143$rdmux[0][7][43]$5440:
      Old ports: A=10'0110100011, B=10'0110011111, Y=$memory$auto$proc_rom.cc:155:do_switch$1143$rdmux[0][6][21]$b$5184
      New ports: A=2'10, B=2'01, Y={ $memory$auto$proc_rom.cc:155:do_switch$1143$rdmux[0][6][21]$b$5184 [5] $memory$auto$proc_rom.cc:155:do_switch$1143$rdmux[0][6][21]$b$5184 [2] }
      New connections: { $memory$auto$proc_rom.cc:155:do_switch$1143$rdmux[0][6][21]$b$5184 [9:6] $memory$auto$proc_rom.cc:155:do_switch$1143$rdmux[0][6][21]$b$5184 [4:3] $memory$auto$proc_rom.cc:155:do_switch$1143$rdmux[0][6][21]$b$5184 [1:0] } = { 4'0110 $memory$auto$proc_rom.cc:155:do_switch$1143$rdmux[0][6][21]$b$5184 [2] $memory$auto$proc_rom.cc:155:do_switch$1143$rdmux[0][6][21]$b$5184 [2] 2'11 }
    Consolidated identical input bits for $mux cell $memory$auto$proc_rom.cc:155:do_switch$1143$rdmux[0][7][42]$5437:
      Old ports: A=10'0110101100, B=10'0110100111, Y=$memory$auto$proc_rom.cc:155:do_switch$1143$rdmux[0][6][21]$a$5183
      New ports: A=2'10, B=2'01, Y={ $memory$auto$proc_rom.cc:155:do_switch$1143$rdmux[0][6][21]$a$5183 [3] $memory$auto$proc_rom.cc:155:do_switch$1143$rdmux[0][6][21]$a$5183 [0] }
      New connections: { $memory$auto$proc_rom.cc:155:do_switch$1143$rdmux[0][6][21]$a$5183 [9:4] $memory$auto$proc_rom.cc:155:do_switch$1143$rdmux[0][6][21]$a$5183 [2:1] } = { 7'0110101 $memory$auto$proc_rom.cc:155:do_switch$1143$rdmux[0][6][21]$a$5183 [0] }
    Consolidated identical input bits for $mux cell $memory$auto$proc_rom.cc:155:do_switch$1143$rdmux[0][7][41]$5434:
      Old ports: A=10'0110110100, B=10'0110110000, Y=$memory$auto$proc_rom.cc:155:do_switch$1143$rdmux[0][6][20]$b$5181
      New ports: A=1'1, B=1'0, Y=$memory$auto$proc_rom.cc:155:do_switch$1143$rdmux[0][6][20]$b$5181 [2]
      New connections: { $memory$auto$proc_rom.cc:155:do_switch$1143$rdmux[0][6][20]$b$5181 [9:3] $memory$auto$proc_rom.cc:155:do_switch$1143$rdmux[0][6][20]$b$5181 [1:0] } = 9'011011000
    Consolidated identical input bits for $mux cell $memory$auto$proc_rom.cc:155:do_switch$1143$rdmux[0][7][40]$5431:
      Old ports: A=10'0110111101, B=10'0110111001, Y=$memory$auto$proc_rom.cc:155:do_switch$1143$rdmux[0][6][20]$a$5180
      New ports: A=1'1, B=1'0, Y=$memory$auto$proc_rom.cc:155:do_switch$1143$rdmux[0][6][20]$a$5180 [2]
      New connections: { $memory$auto$proc_rom.cc:155:do_switch$1143$rdmux[0][6][20]$a$5180 [9:3] $memory$auto$proc_rom.cc:155:do_switch$1143$rdmux[0][6][20]$a$5180 [1:0] } = 9'011011101
    Consolidated identical input bits for $mux cell $memory$auto$proc_rom.cc:155:do_switch$1143$rdmux[0][7][39]$5428:
      Old ports: A=10'0111000110, B=10'0111000010, Y=$memory$auto$proc_rom.cc:155:do_switch$1143$rdmux[0][6][19]$b$5178
      New ports: A=1'1, B=1'0, Y=$memory$auto$proc_rom.cc:155:do_switch$1143$rdmux[0][6][19]$b$5178 [2]
      New connections: { $memory$auto$proc_rom.cc:155:do_switch$1143$rdmux[0][6][19]$b$5178 [9:3] $memory$auto$proc_rom.cc:155:do_switch$1143$rdmux[0][6][19]$b$5178 [1:0] } = 9'011100010
    Consolidated identical input bits for $mux cell $memory$auto$proc_rom.cc:155:do_switch$1143$rdmux[0][7][38]$5425:
      Old ports: A=10'0111001111, B=10'0111001011, Y=$memory$auto$proc_rom.cc:155:do_switch$1143$rdmux[0][6][19]$a$5177
      New ports: A=1'1, B=1'0, Y=$memory$auto$proc_rom.cc:155:do_switch$1143$rdmux[0][6][19]$a$5177 [2]
      New connections: { $memory$auto$proc_rom.cc:155:do_switch$1143$rdmux[0][6][19]$a$5177 [9:3] $memory$auto$proc_rom.cc:155:do_switch$1143$rdmux[0][6][19]$a$5177 [1:0] } = 9'011100111
    Consolidated identical input bits for $mux cell $memory$auto$proc_rom.cc:155:do_switch$1143$rdmux[0][7][37]$5422:
      Old ports: A=10'0111011000, B=10'0111010100, Y=$memory$auto$proc_rom.cc:155:do_switch$1143$rdmux[0][6][18]$b$5175
      New ports: A=2'10, B=2'01, Y=$memory$auto$proc_rom.cc:155:do_switch$1143$rdmux[0][6][18]$b$5175 [3:2]
      New connections: { $memory$auto$proc_rom.cc:155:do_switch$1143$rdmux[0][6][18]$b$5175 [9:4] $memory$auto$proc_rom.cc:155:do_switch$1143$rdmux[0][6][18]$b$5175 [1:0] } = 8'01110100
    Consolidated identical input bits for $mux cell $memory$auto$proc_rom.cc:155:do_switch$1143$rdmux[0][7][36]$5419:
      Old ports: A=10'0111100010, B=10'0111011101, Y=$memory$auto$proc_rom.cc:155:do_switch$1143$rdmux[0][6][18]$a$5174
      New ports: A=2'10, B=2'01, Y=$memory$auto$proc_rom.cc:155:do_switch$1143$rdmux[0][6][18]$a$5174 [1:0]
      New connections: $memory$auto$proc_rom.cc:155:do_switch$1143$rdmux[0][6][18]$a$5174 [9:2] = { 4'0111 $memory$auto$proc_rom.cc:155:do_switch$1143$rdmux[0][6][18]$a$5174 [1:0] $memory$auto$proc_rom.cc:155:do_switch$1143$rdmux[0][6][18]$a$5174 [0] $memory$auto$proc_rom.cc:155:do_switch$1143$rdmux[0][6][18]$a$5174 [0] }
    Consolidated identical input bits for $mux cell $memory$auto$proc_rom.cc:155:do_switch$1143$rdmux[0][7][35]$5416:
      Old ports: A=10'0111101100, B=10'0111100111, Y=$memory$auto$proc_rom.cc:155:do_switch$1143$rdmux[0][6][17]$b$5172
      New ports: A=2'10, B=2'01, Y={ $memory$auto$proc_rom.cc:155:do_switch$1143$rdmux[0][6][17]$b$5172 [3] $memory$auto$proc_rom.cc:155:do_switch$1143$rdmux[0][6][17]$b$5172 [0] }
      New connections: { $memory$auto$proc_rom.cc:155:do_switch$1143$rdmux[0][6][17]$b$5172 [9:4] $memory$auto$proc_rom.cc:155:do_switch$1143$rdmux[0][6][17]$b$5172 [2:1] } = { 7'0111101 $memory$auto$proc_rom.cc:155:do_switch$1143$rdmux[0][6][17]$b$5172 [0] }
    Consolidated identical input bits for $mux cell $memory$auto$proc_rom.cc:155:do_switch$1143$rdmux[0][7][34]$5413:
      Old ports: A=10'0111110101, B=10'0111110000, Y=$memory$auto$proc_rom.cc:155:do_switch$1143$rdmux[0][6][17]$a$5171
      New ports: A=1'1, B=1'0, Y=$memory$auto$proc_rom.cc:155:do_switch$1143$rdmux[0][6][17]$a$5171 [0]
      New connections: $memory$auto$proc_rom.cc:155:do_switch$1143$rdmux[0][6][17]$a$5171 [9:1] = { 7'0111110 $memory$auto$proc_rom.cc:155:do_switch$1143$rdmux[0][6][17]$a$5171 [0] 1'0 }
    Consolidated identical input bits for $mux cell $memory$auto$proc_rom.cc:155:do_switch$1143$rdmux[0][7][33]$5410:
      Old ports: A=10'0111111111, B=10'0111111010, Y=$memory$auto$proc_rom.cc:155:do_switch$1143$rdmux[0][6][16]$b$5169
      New ports: A=1'1, B=1'0, Y=$memory$auto$proc_rom.cc:155:do_switch$1143$rdmux[0][6][16]$b$5169 [0]
      New connections: $memory$auto$proc_rom.cc:155:do_switch$1143$rdmux[0][6][16]$b$5169 [9:1] = { 7'0111111 $memory$auto$proc_rom.cc:155:do_switch$1143$rdmux[0][6][16]$b$5169 [0] 1'1 }
    Consolidated identical input bits for $mux cell $memory$auto$proc_rom.cc:155:do_switch$1143$rdmux[0][7][32]$5407:
      Old ports: A=10'1000001010, B=10'1000000100, Y=$memory$auto$proc_rom.cc:155:do_switch$1143$rdmux[0][6][16]$a$5168
      New ports: A=2'01, B=2'10, Y=$memory$auto$proc_rom.cc:155:do_switch$1143$rdmux[0][6][16]$a$5168 [2:1]
      New connections: { $memory$auto$proc_rom.cc:155:do_switch$1143$rdmux[0][6][16]$a$5168 [9:3] $memory$auto$proc_rom.cc:155:do_switch$1143$rdmux[0][6][16]$a$5168 [0] } = { 6'100000 $memory$auto$proc_rom.cc:155:do_switch$1143$rdmux[0][6][16]$a$5168 [1] 1'0 }
    Consolidated identical input bits for $mux cell $memory$auto$proc_rom.cc:155:do_switch$1143$rdmux[0][7][31]$5404:
      Old ports: A=10'1000010100, B=10'1000001111, Y=$memory$auto$proc_rom.cc:155:do_switch$1143$rdmux[0][6][15]$b$5166
      New ports: A=2'10, B=2'01, Y={ $memory$auto$proc_rom.cc:155:do_switch$1143$rdmux[0][6][15]$b$5166 [4] $memory$auto$proc_rom.cc:155:do_switch$1143$rdmux[0][6][15]$b$5166 [0] }
      New connections: { $memory$auto$proc_rom.cc:155:do_switch$1143$rdmux[0][6][15]$b$5166 [9:5] $memory$auto$proc_rom.cc:155:do_switch$1143$rdmux[0][6][15]$b$5166 [3:1] } = { 5'10000 $memory$auto$proc_rom.cc:155:do_switch$1143$rdmux[0][6][15]$b$5166 [0] 1'1 $memory$auto$proc_rom.cc:155:do_switch$1143$rdmux[0][6][15]$b$5166 [0] }
    Consolidated identical input bits for $mux cell $memory$auto$proc_rom.cc:155:do_switch$1143$rdmux[0][7][30]$5401:
      Old ports: A=10'1000011111, B=10'1000011001, Y=$memory$auto$proc_rom.cc:155:do_switch$1143$rdmux[0][6][15]$a$5165
      New ports: A=1'1, B=1'0, Y=$memory$auto$proc_rom.cc:155:do_switch$1143$rdmux[0][6][15]$a$5165 [1]
      New connections: { $memory$auto$proc_rom.cc:155:do_switch$1143$rdmux[0][6][15]$a$5165 [9:2] $memory$auto$proc_rom.cc:155:do_switch$1143$rdmux[0][6][15]$a$5165 [0] } = { 7'1000011 $memory$auto$proc_rom.cc:155:do_switch$1143$rdmux[0][6][15]$a$5165 [1] 1'1 }
    Consolidated identical input bits for $mux cell $memory$auto$proc_rom.cc:155:do_switch$1143$rdmux[0][7][29]$5398:
      Old ports: A=10'1000101001, B=10'1000100100, Y=$memory$auto$proc_rom.cc:155:do_switch$1143$rdmux[0][6][14]$b$5163
      New ports: A=2'01, B=2'10, Y={ $memory$auto$proc_rom.cc:155:do_switch$1143$rdmux[0][6][14]$b$5163 [2] $memory$auto$proc_rom.cc:155:do_switch$1143$rdmux[0][6][14]$b$5163 [0] }
      New connections: { $memory$auto$proc_rom.cc:155:do_switch$1143$rdmux[0][6][14]$b$5163 [9:3] $memory$auto$proc_rom.cc:155:do_switch$1143$rdmux[0][6][14]$b$5163 [1] } = { 6'100010 $memory$auto$proc_rom.cc:155:do_switch$1143$rdmux[0][6][14]$b$5163 [0] 1'0 }
    Consolidated identical input bits for $mux cell $memory$auto$proc_rom.cc:155:do_switch$1143$rdmux[0][7][28]$5395:
      Old ports: A=10'1000110101, B=10'1000101111, Y=$memory$auto$proc_rom.cc:155:do_switch$1143$rdmux[0][6][14]$a$5162
      New ports: A=2'10, B=2'01, Y={ $memory$auto$proc_rom.cc:155:do_switch$1143$rdmux[0][6][14]$a$5162 [4] $memory$auto$proc_rom.cc:155:do_switch$1143$rdmux[0][6][14]$a$5162 [1] }
      New connections: { $memory$auto$proc_rom.cc:155:do_switch$1143$rdmux[0][6][14]$a$5162 [9:5] $memory$auto$proc_rom.cc:155:do_switch$1143$rdmux[0][6][14]$a$5162 [3:2] $memory$auto$proc_rom.cc:155:do_switch$1143$rdmux[0][6][14]$a$5162 [0] } = { 5'10001 $memory$auto$proc_rom.cc:155:do_switch$1143$rdmux[0][6][14]$a$5162 [1] 2'11 }
    Consolidated identical input bits for $mux cell $memory$auto$proc_rom.cc:155:do_switch$1143$rdmux[0][7][27]$5392:
      Old ports: A=10'1001000000, B=10'1000111010, Y=$memory$auto$proc_rom.cc:155:do_switch$1143$rdmux[0][6][13]$b$5160
      New ports: A=2'10, B=2'01, Y={ $memory$auto$proc_rom.cc:155:do_switch$1143$rdmux[0][6][13]$b$5160 [6] $memory$auto$proc_rom.cc:155:do_switch$1143$rdmux[0][6][13]$b$5160 [1] }
      New connections: { $memory$auto$proc_rom.cc:155:do_switch$1143$rdmux[0][6][13]$b$5160 [9:7] $memory$auto$proc_rom.cc:155:do_switch$1143$rdmux[0][6][13]$b$5160 [5:2] $memory$auto$proc_rom.cc:155:do_switch$1143$rdmux[0][6][13]$b$5160 [0] } = { 3'100 $memory$auto$proc_rom.cc:155:do_switch$1143$rdmux[0][6][13]$b$5160 [1] $memory$auto$proc_rom.cc:155:do_switch$1143$rdmux[0][6][13]$b$5160 [1] $memory$auto$proc_rom.cc:155:do_switch$1143$rdmux[0][6][13]$b$5160 [1] 2'00 }
    Consolidated identical input bits for $mux cell $memory$auto$proc_rom.cc:155:do_switch$1143$rdmux[0][7][26]$5389:
      Old ports: A=10'1001001011, B=10'1001000110, Y=$memory$auto$proc_rom.cc:155:do_switch$1143$rdmux[0][6][13]$a$5159
      New ports: A=2'01, B=2'10, Y={ $memory$auto$proc_rom.cc:155:do_switch$1143$rdmux[0][6][13]$a$5159 [2] $memory$auto$proc_rom.cc:155:do_switch$1143$rdmux[0][6][13]$a$5159 [0] }
      New connections: { $memory$auto$proc_rom.cc:155:do_switch$1143$rdmux[0][6][13]$a$5159 [9:3] $memory$auto$proc_rom.cc:155:do_switch$1143$rdmux[0][6][13]$a$5159 [1] } = { 6'100100 $memory$auto$proc_rom.cc:155:do_switch$1143$rdmux[0][6][13]$a$5159 [0] 1'1 }
    Consolidated identical input bits for $mux cell $memory$auto$proc_rom.cc:155:do_switch$1143$rdmux[0][7][25]$5386:
      Old ports: A=10'1001010111, B=10'1001010001, Y=$memory$auto$proc_rom.cc:155:do_switch$1143$rdmux[0][6][12]$b$5157
      New ports: A=1'1, B=1'0, Y=$memory$auto$proc_rom.cc:155:do_switch$1143$rdmux[0][6][12]$b$5157 [1]
      New connections: { $memory$auto$proc_rom.cc:155:do_switch$1143$rdmux[0][6][12]$b$5157 [9:2] $memory$auto$proc_rom.cc:155:do_switch$1143$rdmux[0][6][12]$b$5157 [0] } = { 7'1001010 $memory$auto$proc_rom.cc:155:do_switch$1143$rdmux[0][6][12]$b$5157 [1] 1'1 }
    Consolidated identical input bits for $mux cell $memory$auto$proc_rom.cc:155:do_switch$1143$rdmux[0][7][24]$5383:
      Old ports: A=10'1001100011, B=10'1001011101, Y=$memory$auto$proc_rom.cc:155:do_switch$1143$rdmux[0][6][12]$a$5156
      New ports: A=2'01, B=2'10, Y=$memory$auto$proc_rom.cc:155:do_switch$1143$rdmux[0][6][12]$a$5156 [2:1]
      New connections: { $memory$auto$proc_rom.cc:155:do_switch$1143$rdmux[0][6][12]$a$5156 [9:3] $memory$auto$proc_rom.cc:155:do_switch$1143$rdmux[0][6][12]$a$5156 [0] } = { 4'1001 $memory$auto$proc_rom.cc:155:do_switch$1143$rdmux[0][6][12]$a$5156 [1] $memory$auto$proc_rom.cc:155:do_switch$1143$rdmux[0][6][12]$a$5156 [2] $memory$auto$proc_rom.cc:155:do_switch$1143$rdmux[0][6][12]$a$5156 [2] 1'1 }
    Consolidated identical input bits for $mux cell $memory$auto$proc_rom.cc:155:do_switch$1143$rdmux[0][7][23]$5380:
      Old ports: A=10'1001110000, B=10'1001101001, Y=$memory$auto$proc_rom.cc:155:do_switch$1143$rdmux[0][6][11]$b$5154
      New ports: A=2'10, B=2'01, Y={ $memory$auto$proc_rom.cc:155:do_switch$1143$rdmux[0][6][11]$b$5154 [4] $memory$auto$proc_rom.cc:155:do_switch$1143$rdmux[0][6][11]$b$5154 [0] }
      New connections: { $memory$auto$proc_rom.cc:155:do_switch$1143$rdmux[0][6][11]$b$5154 [9:5] $memory$auto$proc_rom.cc:155:do_switch$1143$rdmux[0][6][11]$b$5154 [3:1] } = { 5'10011 $memory$auto$proc_rom.cc:155:do_switch$1143$rdmux[0][6][11]$b$5154 [0] 2'00 }
    Consolidated identical input bits for $mux cell $memory$auto$proc_rom.cc:155:do_switch$1143$rdmux[0][7][22]$5377:
      Old ports: A=10'1001111100, B=10'1001110110, Y=$memory$auto$proc_rom.cc:155:do_switch$1143$rdmux[0][6][11]$a$5153
      New ports: A=2'10, B=2'01, Y={ $memory$auto$proc_rom.cc:155:do_switch$1143$rdmux[0][6][11]$a$5153 [3] $memory$auto$proc_rom.cc:155:do_switch$1143$rdmux[0][6][11]$a$5153 [1] }
      New connections: { $memory$auto$proc_rom.cc:155:do_switch$1143$rdmux[0][6][11]$a$5153 [9:4] $memory$auto$proc_rom.cc:155:do_switch$1143$rdmux[0][6][11]$a$5153 [2] $memory$auto$proc_rom.cc:155:do_switch$1143$rdmux[0][6][11]$a$5153 [0] } = 8'10011110
    Consolidated identical input bits for $mux cell $memory$auto$proc_rom.cc:155:do_switch$1143$rdmux[0][7][21]$5374:
      Old ports: A=10'1010001001, B=10'1010000011, Y=$memory$auto$proc_rom.cc:155:do_switch$1143$rdmux[0][6][10]$b$5151
      New ports: A=2'10, B=2'01, Y={ $memory$auto$proc_rom.cc:155:do_switch$1143$rdmux[0][6][10]$b$5151 [3] $memory$auto$proc_rom.cc:155:do_switch$1143$rdmux[0][6][10]$b$5151 [1] }
      New connections: { $memory$auto$proc_rom.cc:155:do_switch$1143$rdmux[0][6][10]$b$5151 [9:4] $memory$auto$proc_rom.cc:155:do_switch$1143$rdmux[0][6][10]$b$5151 [2] $memory$auto$proc_rom.cc:155:do_switch$1143$rdmux[0][6][10]$b$5151 [0] } = 8'10100001
    Consolidated identical input bits for $mux cell $memory$auto$proc_rom.cc:155:do_switch$1143$rdmux[0][7][20]$5371:
      Old ports: A=10'1010010111, B=10'1010010000, Y=$memory$auto$proc_rom.cc:155:do_switch$1143$rdmux[0][6][10]$a$5150
      New ports: A=1'1, B=1'0, Y=$memory$auto$proc_rom.cc:155:do_switch$1143$rdmux[0][6][10]$a$5150 [0]
      New connections: $memory$auto$proc_rom.cc:155:do_switch$1143$rdmux[0][6][10]$a$5150 [9:1] = { 7'1010010 $memory$auto$proc_rom.cc:155:do_switch$1143$rdmux[0][6][10]$a$5150 [0] $memory$auto$proc_rom.cc:155:do_switch$1143$rdmux[0][6][10]$a$5150 [0] }
    Consolidated identical input bits for $mux cell $memory$auto$proc_rom.cc:155:do_switch$1143$rdmux[0][7][19]$5368:
      Old ports: A=10'1010100100, B=10'1010011101, Y=$memory$auto$proc_rom.cc:155:do_switch$1143$rdmux[0][6][9]$b$5148
      New ports: A=2'10, B=2'01, Y={ $memory$auto$proc_rom.cc:155:do_switch$1143$rdmux[0][6][9]$b$5148 [5] $memory$auto$proc_rom.cc:155:do_switch$1143$rdmux[0][6][9]$b$5148 [0] }
      New connections: { $memory$auto$proc_rom.cc:155:do_switch$1143$rdmux[0][6][9]$b$5148 [9:6] $memory$auto$proc_rom.cc:155:do_switch$1143$rdmux[0][6][9]$b$5148 [4:1] } = { 4'1010 $memory$auto$proc_rom.cc:155:do_switch$1143$rdmux[0][6][9]$b$5148 [0] $memory$auto$proc_rom.cc:155:do_switch$1143$rdmux[0][6][9]$b$5148 [0] 2'10 }
    Consolidated identical input bits for $mux cell $memory$auto$proc_rom.cc:155:do_switch$1143$rdmux[0][7][18]$5365:
      Old ports: A=10'1010110010, B=10'1010101011, Y=$memory$auto$proc_rom.cc:155:do_switch$1143$rdmux[0][6][9]$a$5147
      New ports: A=2'10, B=2'01, Y={ $memory$auto$proc_rom.cc:155:do_switch$1143$rdmux[0][6][9]$a$5147 [4] $memory$auto$proc_rom.cc:155:do_switch$1143$rdmux[0][6][9]$a$5147 [0] }
      New connections: { $memory$auto$proc_rom.cc:155:do_switch$1143$rdmux[0][6][9]$a$5147 [9:5] $memory$auto$proc_rom.cc:155:do_switch$1143$rdmux[0][6][9]$a$5147 [3:1] } = { 5'10101 $memory$auto$proc_rom.cc:155:do_switch$1143$rdmux[0][6][9]$a$5147 [0] 2'01 }
    Consolidated identical input bits for $mux cell $memory$auto$proc_rom.cc:155:do_switch$1143$rdmux[0][7][17]$5362:
      Old ports: A=10'1011000000, B=10'1010111001, Y=$memory$auto$proc_rom.cc:155:do_switch$1143$rdmux[0][6][8]$b$5145
      New ports: A=2'10, B=2'01, Y={ $memory$auto$proc_rom.cc:155:do_switch$1143$rdmux[0][6][8]$b$5145 [6] $memory$auto$proc_rom.cc:155:do_switch$1143$rdmux[0][6][8]$b$5145 [0] }
      New connections: { $memory$auto$proc_rom.cc:155:do_switch$1143$rdmux[0][6][8]$b$5145 [9:7] $memory$auto$proc_rom.cc:155:do_switch$1143$rdmux[0][6][8]$b$5145 [5:1] } = { 3'101 $memory$auto$proc_rom.cc:155:do_switch$1143$rdmux[0][6][8]$b$5145 [0] $memory$auto$proc_rom.cc:155:do_switch$1143$rdmux[0][6][8]$b$5145 [0] $memory$auto$proc_rom.cc:155:do_switch$1143$rdmux[0][6][8]$b$5145 [0] 2'00 }
    Consolidated identical input bits for $mux cell $memory$auto$proc_rom.cc:155:do_switch$1143$rdmux[0][7][16]$5359:
      Old ports: A=10'1011001111, B=10'1011000111, Y=$memory$auto$proc_rom.cc:155:do_switch$1143$rdmux[0][6][8]$a$5144
      New ports: A=1'1, B=1'0, Y=$memory$auto$proc_rom.cc:155:do_switch$1143$rdmux[0][6][8]$a$5144 [3]
      New connections: { $memory$auto$proc_rom.cc:155:do_switch$1143$rdmux[0][6][8]$a$5144 [9:4] $memory$auto$proc_rom.cc:155:do_switch$1143$rdmux[0][6][8]$a$5144 [2:0] } = 9'101100111
    Consolidated identical input bits for $mux cell $memory$auto$proc_rom.cc:155:do_switch$1143$rdmux[0][7][15]$5356:
      Old ports: A=10'1011011110, B=10'1011010110, Y=$memory$auto$proc_rom.cc:155:do_switch$1143$rdmux[0][6][7]$b$5142
      New ports: A=1'1, B=1'0, Y=$memory$auto$proc_rom.cc:155:do_switch$1143$rdmux[0][6][7]$b$5142 [3]
      New connections: { $memory$auto$proc_rom.cc:155:do_switch$1143$rdmux[0][6][7]$b$5142 [9:4] $memory$auto$proc_rom.cc:155:do_switch$1143$rdmux[0][6][7]$b$5142 [2:0] } = 9'101101110
    Consolidated identical input bits for $mux cell $memory$auto$proc_rom.cc:155:do_switch$1143$rdmux[0][7][14]$5353:
      Old ports: A=10'1011101101, B=10'1011100101, Y=$memory$auto$proc_rom.cc:155:do_switch$1143$rdmux[0][6][7]$a$5141
      New ports: A=1'1, B=1'0, Y=$memory$auto$proc_rom.cc:155:do_switch$1143$rdmux[0][6][7]$a$5141 [3]
      New connections: { $memory$auto$proc_rom.cc:155:do_switch$1143$rdmux[0][6][7]$a$5141 [9:4] $memory$auto$proc_rom.cc:155:do_switch$1143$rdmux[0][6][7]$a$5141 [2:0] } = 9'101110101
    Consolidated identical input bits for $mux cell $memory$auto$proc_rom.cc:155:do_switch$1143$rdmux[0][7][13]$5350:
      Old ports: A=10'1011111101, B=10'1011110101, Y=$memory$auto$proc_rom.cc:155:do_switch$1143$rdmux[0][6][6]$b$5139
      New ports: A=1'1, B=1'0, Y=$memory$auto$proc_rom.cc:155:do_switch$1143$rdmux[0][6][6]$b$5139 [3]
      New connections: { $memory$auto$proc_rom.cc:155:do_switch$1143$rdmux[0][6][6]$b$5139 [9:4] $memory$auto$proc_rom.cc:155:do_switch$1143$rdmux[0][6][6]$b$5139 [2:0] } = 9'101111101
    Consolidated identical input bits for $mux cell $memory$auto$proc_rom.cc:155:do_switch$1143$rdmux[0][7][12]$5347:
      Old ports: A=10'1100001101, B=10'1100000101, Y=$memory$auto$proc_rom.cc:155:do_switch$1143$rdmux[0][6][6]$a$5138
      New ports: A=1'1, B=1'0, Y=$memory$auto$proc_rom.cc:155:do_switch$1143$rdmux[0][6][6]$a$5138 [3]
      New connections: { $memory$auto$proc_rom.cc:155:do_switch$1143$rdmux[0][6][6]$a$5138 [9:4] $memory$auto$proc_rom.cc:155:do_switch$1143$rdmux[0][6][6]$a$5138 [2:0] } = 9'110000101
    Consolidated identical input bits for $mux cell $memory$auto$proc_rom.cc:155:do_switch$1143$rdmux[0][7][11]$5344:
      Old ports: A=10'1100011110, B=10'1100010101, Y=$memory$auto$proc_rom.cc:155:do_switch$1143$rdmux[0][6][5]$b$5136
      New ports: A=2'10, B=2'01, Y=$memory$auto$proc_rom.cc:155:do_switch$1143$rdmux[0][6][5]$b$5136 [1:0]
      New connections: $memory$auto$proc_rom.cc:155:do_switch$1143$rdmux[0][6][5]$b$5136 [9:2] = { 6'110001 $memory$auto$proc_rom.cc:155:do_switch$1143$rdmux[0][6][5]$b$5136 [1] 1'1 }
    Consolidated identical input bits for $mux cell $memory$auto$proc_rom.cc:155:do_switch$1143$rdmux[0][7][10]$5341:
      Old ports: A=10'1100101111, B=10'1100100110, Y=$memory$auto$proc_rom.cc:155:do_switch$1143$rdmux[0][6][5]$a$5135
      New ports: A=1'1, B=1'0, Y=$memory$auto$proc_rom.cc:155:do_switch$1143$rdmux[0][6][5]$a$5135 [0]
      New connections: $memory$auto$proc_rom.cc:155:do_switch$1143$rdmux[0][6][5]$a$5135 [9:1] = { 6'110010 $memory$auto$proc_rom.cc:155:do_switch$1143$rdmux[0][6][5]$a$5135 [0] 2'11 }
    Consolidated identical input bits for $mux cell $memory$auto$proc_rom.cc:155:do_switch$1143$rdmux[0][7][9]$5338:
      Old ports: A=10'1101000001, B=10'1100111000, Y=$memory$auto$proc_rom.cc:155:do_switch$1143$rdmux[0][6][4]$b$5133
      New ports: A=2'01, B=2'10, Y={ $memory$auto$proc_rom.cc:155:do_switch$1143$rdmux[0][6][4]$b$5133 [3] $memory$auto$proc_rom.cc:155:do_switch$1143$rdmux[0][6][4]$b$5133 [0] }
      New connections: { $memory$auto$proc_rom.cc:155:do_switch$1143$rdmux[0][6][4]$b$5133 [9:4] $memory$auto$proc_rom.cc:155:do_switch$1143$rdmux[0][6][4]$b$5133 [2:1] } = { 3'110 $memory$auto$proc_rom.cc:155:do_switch$1143$rdmux[0][6][4]$b$5133 [0] $memory$auto$proc_rom.cc:155:do_switch$1143$rdmux[0][6][4]$b$5133 [3] $memory$auto$proc_rom.cc:155:do_switch$1143$rdmux[0][6][4]$b$5133 [3] 2'00 }
    Consolidated identical input bits for $mux cell $memory$auto$proc_rom.cc:155:do_switch$1143$rdmux[0][7][8]$5335:
      Old ports: A=10'1101010011, B=10'1101001010, Y=$memory$auto$proc_rom.cc:155:do_switch$1143$rdmux[0][6][4]$a$5132
      New ports: A=2'01, B=2'10, Y={ $memory$auto$proc_rom.cc:155:do_switch$1143$rdmux[0][6][4]$a$5132 [3] $memory$auto$proc_rom.cc:155:do_switch$1143$rdmux[0][6][4]$a$5132 [0] }
      New connections: { $memory$auto$proc_rom.cc:155:do_switch$1143$rdmux[0][6][4]$a$5132 [9:4] $memory$auto$proc_rom.cc:155:do_switch$1143$rdmux[0][6][4]$a$5132 [2:1] } = { 5'11010 $memory$auto$proc_rom.cc:155:do_switch$1143$rdmux[0][6][4]$a$5132 [0] 2'01 }
    Consolidated identical input bits for $mux cell $memory$auto$proc_rom.cc:155:do_switch$1143$rdmux[0][7][7]$5332:
      Old ports: A=10'1101100101, B=10'1101011100, Y=$memory$auto$proc_rom.cc:155:do_switch$1143$rdmux[0][6][3]$b$5130
      New ports: A=2'01, B=2'10, Y={ $memory$auto$proc_rom.cc:155:do_switch$1143$rdmux[0][6][3]$b$5130 [3] $memory$auto$proc_rom.cc:155:do_switch$1143$rdmux[0][6][3]$b$5130 [0] }
      New connections: { $memory$auto$proc_rom.cc:155:do_switch$1143$rdmux[0][6][3]$b$5130 [9:4] $memory$auto$proc_rom.cc:155:do_switch$1143$rdmux[0][6][3]$b$5130 [2:1] } = { 4'1101 $memory$auto$proc_rom.cc:155:do_switch$1143$rdmux[0][6][3]$b$5130 [0] $memory$auto$proc_rom.cc:155:do_switch$1143$rdmux[0][6][3]$b$5130 [3] 2'10 }
    Consolidated identical input bits for $mux cell $memory$auto$proc_rom.cc:155:do_switch$1143$rdmux[0][7][6]$5329:
      Old ports: A=10'1101111001, B=10'1101101111, Y=$memory$auto$proc_rom.cc:155:do_switch$1143$rdmux[0][6][3]$a$5129
      New ports: A=2'10, B=2'01, Y={ $memory$auto$proc_rom.cc:155:do_switch$1143$rdmux[0][6][3]$a$5129 [4] $memory$auto$proc_rom.cc:155:do_switch$1143$rdmux[0][6][3]$a$5129 [1] }
      New connections: { $memory$auto$proc_rom.cc:155:do_switch$1143$rdmux[0][6][3]$a$5129 [9:5] $memory$auto$proc_rom.cc:155:do_switch$1143$rdmux[0][6][3]$a$5129 [3:2] $memory$auto$proc_rom.cc:155:do_switch$1143$rdmux[0][6][3]$a$5129 [0] } = { 6'110111 $memory$auto$proc_rom.cc:155:do_switch$1143$rdmux[0][6][3]$a$5129 [1] 1'1 }
    Consolidated identical input bits for $mux cell $memory$auto$proc_rom.cc:155:do_switch$1143$rdmux[0][7][5]$5326:
      Old ports: A=10'1110001101, B=10'1110000011, Y=$memory$auto$proc_rom.cc:155:do_switch$1143$rdmux[0][6][2]$b$5127
      New ports: A=2'10, B=2'01, Y=$memory$auto$proc_rom.cc:155:do_switch$1143$rdmux[0][6][2]$b$5127 [2:1]
      New connections: { $memory$auto$proc_rom.cc:155:do_switch$1143$rdmux[0][6][2]$b$5127 [9:3] $memory$auto$proc_rom.cc:155:do_switch$1143$rdmux[0][6][2]$b$5127 [0] } = { 6'111000 $memory$auto$proc_rom.cc:155:do_switch$1143$rdmux[0][6][2]$b$5127 [2] 1'1 }
    Consolidated identical input bits for $mux cell $memory$auto$proc_rom.cc:155:do_switch$1143$rdmux[0][7][4]$5323:
      Old ports: A=10'1110100001, B=10'1110010111, Y=$memory$auto$proc_rom.cc:155:do_switch$1143$rdmux[0][6][2]$a$5126
      New ports: A=2'10, B=2'01, Y={ $memory$auto$proc_rom.cc:155:do_switch$1143$rdmux[0][6][2]$a$5126 [5] $memory$auto$proc_rom.cc:155:do_switch$1143$rdmux[0][6][2]$a$5126 [1] }
      New connections: { $memory$auto$proc_rom.cc:155:do_switch$1143$rdmux[0][6][2]$a$5126 [9:6] $memory$auto$proc_rom.cc:155:do_switch$1143$rdmux[0][6][2]$a$5126 [4:2] $memory$auto$proc_rom.cc:155:do_switch$1143$rdmux[0][6][2]$a$5126 [0] } = { 4'1110 $memory$auto$proc_rom.cc:155:do_switch$1143$rdmux[0][6][2]$a$5126 [1] 1'0 $memory$auto$proc_rom.cc:155:do_switch$1143$rdmux[0][6][2]$a$5126 [1] 1'1 }
    Consolidated identical input bits for $mux cell $memory$auto$proc_rom.cc:155:do_switch$1143$rdmux[0][7][3]$5320:
      Old ports: A=10'1110110110, B=10'1110101100, Y=$memory$auto$proc_rom.cc:155:do_switch$1143$rdmux[0][6][1]$b$5124
      New ports: A=2'01, B=2'10, Y={ $memory$auto$proc_rom.cc:155:do_switch$1143$rdmux[0][6][1]$b$5124 [3] $memory$auto$proc_rom.cc:155:do_switch$1143$rdmux[0][6][1]$b$5124 [1] }
      New connections: { $memory$auto$proc_rom.cc:155:do_switch$1143$rdmux[0][6][1]$b$5124 [9:4] $memory$auto$proc_rom.cc:155:do_switch$1143$rdmux[0][6][1]$b$5124 [2] $memory$auto$proc_rom.cc:155:do_switch$1143$rdmux[0][6][1]$b$5124 [0] } = { 5'11101 $memory$auto$proc_rom.cc:155:do_switch$1143$rdmux[0][6][1]$b$5124 [1] 2'10 }
    Consolidated identical input bits for $mux cell $memory$auto$proc_rom.cc:155:do_switch$1143$rdmux[0][7][2]$5317:
      Old ports: A=10'1111001100, B=10'1111000001, Y=$memory$auto$proc_rom.cc:155:do_switch$1143$rdmux[0][6][1]$a$5123
      New ports: A=2'10, B=2'01, Y={ $memory$auto$proc_rom.cc:155:do_switch$1143$rdmux[0][6][1]$a$5123 [2] $memory$auto$proc_rom.cc:155:do_switch$1143$rdmux[0][6][1]$a$5123 [0] }
      New connections: { $memory$auto$proc_rom.cc:155:do_switch$1143$rdmux[0][6][1]$a$5123 [9:3] $memory$auto$proc_rom.cc:155:do_switch$1143$rdmux[0][6][1]$a$5123 [1] } = { 6'111100 $memory$auto$proc_rom.cc:155:do_switch$1143$rdmux[0][6][1]$a$5123 [2] 1'0 }
    Consolidated identical input bits for $mux cell $memory$auto$proc_rom.cc:155:do_switch$1143$rdmux[0][7][1]$5314:
      Old ports: A=10'1111100011, B=10'1111010111, Y=$memory$auto$proc_rom.cc:155:do_switch$1143$rdmux[0][6][0]$b$5121
      New ports: A=2'10, B=2'01, Y={ $memory$auto$proc_rom.cc:155:do_switch$1143$rdmux[0][6][0]$b$5121 [5] $memory$auto$proc_rom.cc:155:do_switch$1143$rdmux[0][6][0]$b$5121 [2] }
      New connections: { $memory$auto$proc_rom.cc:155:do_switch$1143$rdmux[0][6][0]$b$5121 [9:6] $memory$auto$proc_rom.cc:155:do_switch$1143$rdmux[0][6][0]$b$5121 [4:3] $memory$auto$proc_rom.cc:155:do_switch$1143$rdmux[0][6][0]$b$5121 [1:0] } = { 4'1111 $memory$auto$proc_rom.cc:155:do_switch$1143$rdmux[0][6][0]$b$5121 [2] 3'011 }
    Consolidated identical input bits for $mux cell $memory$auto$proc_rom.cc:155:do_switch$1143$rdmux[0][7][0]$5311:
      Old ports: A=10'1111111010, B=10'1111101110, Y=$memory$auto$proc_rom.cc:155:do_switch$1143$rdmux[0][6][0]$a$5120
      New ports: A=2'10, B=2'01, Y={ $memory$auto$proc_rom.cc:155:do_switch$1143$rdmux[0][6][0]$a$5120 [4] $memory$auto$proc_rom.cc:155:do_switch$1143$rdmux[0][6][0]$a$5120 [2] }
      New connections: { $memory$auto$proc_rom.cc:155:do_switch$1143$rdmux[0][6][0]$a$5120 [9:5] $memory$auto$proc_rom.cc:155:do_switch$1143$rdmux[0][6][0]$a$5120 [3] $memory$auto$proc_rom.cc:155:do_switch$1143$rdmux[0][6][0]$a$5120 [1:0] } = 8'11111110
    Consolidated identical input bits for $mux cell $memory$auto$proc_rom.cc:155:do_switch$1143$rdmux[0][7][127]$5692:
      Old ports: A=10'0000000010, B=10'0000000001, Y=$memory$auto$proc_rom.cc:155:do_switch$1143$rdmux[0][6][63]$b$5310
      New ports: A=2'10, B=2'01, Y=$memory$auto$proc_rom.cc:155:do_switch$1143$rdmux[0][6][63]$b$5310 [1:0]
      New connections: $memory$auto$proc_rom.cc:155:do_switch$1143$rdmux[0][6][63]$b$5310 [9:2] = 8'00000000
    Consolidated identical input bits for $mux cell $procmux$1943:
      Old ports: A=32'11111111111111111111111111111111, B=9, Y=$8\approximate_rsqrt$func$rtl/fp16_rsqrt_lut256.sv:79$229.leading_one[31:0]$341
      New ports: A=1'1, B=1'0, Y=$8\approximate_rsqrt$func$rtl/fp16_rsqrt_lut256.sv:79$229.leading_one[31:0]$341 [1]
      New connections: { $8\approximate_rsqrt$func$rtl/fp16_rsqrt_lut256.sv:79$229.leading_one[31:0]$341 [31:2] $8\approximate_rsqrt$func$rtl/fp16_rsqrt_lut256.sv:79$229.leading_one[31:0]$341 [0] } = { $8\approximate_rsqrt$func$rtl/fp16_rsqrt_lut256.sv:79$229.leading_one[31:0]$341 [1] $8\approximate_rsqrt$func$rtl/fp16_rsqrt_lut256.sv:79$229.leading_one[31:0]$341 [1] $8\approximate_rsqrt$func$rtl/fp16_rsqrt_lut256.sv:79$229.leading_one[31:0]$341 [1] $8\approximate_rsqrt$func$rtl/fp16_rsqrt_lut256.sv:79$229.leading_one[31:0]$341 [1] $8\approximate_rsqrt$func$rtl/fp16_rsqrt_lut256.sv:79$229.leading_one[31:0]$341 [1] $8\approximate_rsqrt$func$rtl/fp16_rsqrt_lut256.sv:79$229.leading_one[31:0]$341 [1] $8\approximate_rsqrt$func$rtl/fp16_rsqrt_lut256.sv:79$229.leading_one[31:0]$341 [1] $8\approximate_rsqrt$func$rtl/fp16_rsqrt_lut256.sv:79$229.leading_one[31:0]$341 [1] $8\approximate_rsqrt$func$rtl/fp16_rsqrt_lut256.sv:79$229.leading_one[31:0]$341 [1] $8\approximate_rsqrt$func$rtl/fp16_rsqrt_lut256.sv:79$229.leading_one[31:0]$341 [1] $8\approximate_rsqrt$func$rtl/fp16_rsqrt_lut256.sv:79$229.leading_one[31:0]$341 [1] $8\approximate_rsqrt$func$rtl/fp16_rsqrt_lut256.sv:79$229.leading_one[31:0]$341 [1] $8\approximate_rsqrt$func$rtl/fp16_rsqrt_lut256.sv:79$229.leading_one[31:0]$341 [1] $8\approximate_rsqrt$func$rtl/fp16_rsqrt_lut256.sv:79$229.leading_one[31:0]$341 [1] $8\approximate_rsqrt$func$rtl/fp16_rsqrt_lut256.sv:79$229.leading_one[31:0]$341 [1] $8\approximate_rsqrt$func$rtl/fp16_rsqrt_lut256.sv:79$229.leading_one[31:0]$341 [1] $8\approximate_rsqrt$func$rtl/fp16_rsqrt_lut256.sv:79$229.leading_one[31:0]$341 [1] $8\approximate_rsqrt$func$rtl/fp16_rsqrt_lut256.sv:79$229.leading_one[31:0]$341 [1] $8\approximate_rsqrt$func$rtl/fp16_rsqrt_lut256.sv:79$229.leading_one[31:0]$341 [1] $8\approximate_rsqrt$func$rtl/fp16_rsqrt_lut256.sv:79$229.leading_one[31:0]$341 [1] $8\approximate_rsqrt$func$rtl/fp16_rsqrt_lut256.sv:79$229.leading_one[31:0]$341 [1] $8\approximate_rsqrt$func$rtl/fp16_rsqrt_lut256.sv:79$229.leading_one[31:0]$341 [1] $8\approximate_rsqrt$func$rtl/fp16_rsqrt_lut256.sv:79$229.leading_one[31:0]$341 [1] $8\approximate_rsqrt$func$rtl/fp16_rsqrt_lut256.sv:79$229.leading_one[31:0]$341 [1] $8\approximate_rsqrt$func$rtl/fp16_rsqrt_lut256.sv:79$229.leading_one[31:0]$341 [1] $8\approximate_rsqrt$func$rtl/fp16_rsqrt_lut256.sv:79$229.leading_one[31:0]$341 [1] $8\approximate_rsqrt$func$rtl/fp16_rsqrt_lut256.sv:79$229.leading_one[31:0]$341 [1] $8\approximate_rsqrt$func$rtl/fp16_rsqrt_lut256.sv:79$229.leading_one[31:0]$341 [1] 1'1 $8\approximate_rsqrt$func$rtl/fp16_rsqrt_lut256.sv:79$229.leading_one[31:0]$341 [1] 1'1 }
    Consolidated identical input bits for $mux cell $ternary$rtl/fp16_rsqrt_lut256.sv:41$318:
      Old ports: A=15'111111000000000, B=15'000000000000000, Y=$ternary$rtl/fp16_rsqrt_lut256.sv:41$318_Y [14:0]
      New ports: A=1'1, B=1'0, Y=$ternary$rtl/fp16_rsqrt_lut256.sv:41$318_Y [9]
      New connections: { $ternary$rtl/fp16_rsqrt_lut256.sv:41$318_Y [14:10] $ternary$rtl/fp16_rsqrt_lut256.sv:41$318_Y [8:0] } = { $ternary$rtl/fp16_rsqrt_lut256.sv:41$318_Y [9] $ternary$rtl/fp16_rsqrt_lut256.sv:41$318_Y [9] $ternary$rtl/fp16_rsqrt_lut256.sv:41$318_Y [9] $ternary$rtl/fp16_rsqrt_lut256.sv:41$318_Y [9] $ternary$rtl/fp16_rsqrt_lut256.sv:41$318_Y [9] 9'000000000 }
  Optimizing cells in module \fp16_rsqrt_lut256.
    Consolidated identical input bits for $mux cell $memory$auto$proc_rom.cc:155:do_switch$1143$rdmux[0][6][63]$5308:
      Old ports: A=$memory$auto$proc_rom.cc:155:do_switch$1143$rdmux[0][6][63]$a$5309, B=$memory$auto$proc_rom.cc:155:do_switch$1143$rdmux[0][6][63]$b$5310, Y=$memory$auto$proc_rom.cc:155:do_switch$1143$rdmux[0][5][31]$b$5118
      New ports: A={ 2'10 $memory$auto$proc_rom.cc:155:do_switch$1143$rdmux[0][6][63]$a$5309 [0] }, B={ 1'0 $memory$auto$proc_rom.cc:155:do_switch$1143$rdmux[0][6][63]$b$5310 [1:0] }, Y=$memory$auto$proc_rom.cc:155:do_switch$1143$rdmux[0][5][31]$b$5118 [2:0]
      New connections: $memory$auto$proc_rom.cc:155:do_switch$1143$rdmux[0][5][31]$b$5118 [9:3] = 7'0000000
    Consolidated identical input bits for $mux cell $memory$auto$proc_rom.cc:155:do_switch$1143$rdmux[0][6][62]$5305:
      Old ports: A=$memory$auto$proc_rom.cc:155:do_switch$1143$rdmux[0][6][62]$a$5306, B=$memory$auto$proc_rom.cc:155:do_switch$1143$rdmux[0][6][62]$b$5307, Y=$memory$auto$proc_rom.cc:155:do_switch$1143$rdmux[0][5][31]$a$5117
      New ports: A={ 3'101 $memory$auto$proc_rom.cc:155:do_switch$1143$rdmux[0][6][62]$a$5306 [0] }, B={ $memory$auto$proc_rom.cc:155:do_switch$1143$rdmux[0][6][62]$b$5307 [3] $memory$auto$proc_rom.cc:155:do_switch$1143$rdmux[0][6][62]$b$5307 [0] $memory$auto$proc_rom.cc:155:do_switch$1143$rdmux[0][6][62]$b$5307 [0] $memory$auto$proc_rom.cc:155:do_switch$1143$rdmux[0][6][62]$b$5307 [0] }, Y=$memory$auto$proc_rom.cc:155:do_switch$1143$rdmux[0][5][31]$a$5117 [3:0]
      New connections: $memory$auto$proc_rom.cc:155:do_switch$1143$rdmux[0][5][31]$a$5117 [9:4] = 6'000000
    Consolidated identical input bits for $mux cell $memory$auto$proc_rom.cc:155:do_switch$1143$rdmux[0][6][61]$5302:
      Old ports: A=$memory$auto$proc_rom.cc:155:do_switch$1143$rdmux[0][6][61]$a$5303, B=$memory$auto$proc_rom.cc:155:do_switch$1143$rdmux[0][6][61]$b$5304, Y=$memory$auto$proc_rom.cc:155:do_switch$1143$rdmux[0][5][30]$b$5115
      New ports: A={ 1'1 $memory$auto$proc_rom.cc:155:do_switch$1143$rdmux[0][6][61]$a$5303 [1] 1'0 }, B={ 1'0 $memory$auto$proc_rom.cc:155:do_switch$1143$rdmux[0][6][61]$b$5304 [1] 1'1 }, Y={ $memory$auto$proc_rom.cc:155:do_switch$1143$rdmux[0][5][30]$b$5115 [4] $memory$auto$proc_rom.cc:155:do_switch$1143$rdmux[0][5][30]$b$5115 [1:0] }
      New connections: { $memory$auto$proc_rom.cc:155:do_switch$1143$rdmux[0][5][30]$b$5115 [9:5] $memory$auto$proc_rom.cc:155:do_switch$1143$rdmux[0][5][30]$b$5115 [3:2] } = { 5'00000 $memory$auto$proc_rom.cc:155:do_switch$1143$rdmux[0][5][30]$b$5115 [0] $memory$auto$proc_rom.cc:155:do_switch$1143$rdmux[0][5][30]$b$5115 [0] }
    Consolidated identical input bits for $mux cell $memory$auto$proc_rom.cc:155:do_switch$1143$rdmux[0][6][60]$5299:
      Old ports: A=$memory$auto$proc_rom.cc:155:do_switch$1143$rdmux[0][6][60]$a$5300, B=$memory$auto$proc_rom.cc:155:do_switch$1143$rdmux[0][6][60]$b$5301, Y=$memory$auto$proc_rom.cc:155:do_switch$1143$rdmux[0][5][30]$a$5114
      New ports: A={ $memory$auto$proc_rom.cc:155:do_switch$1143$rdmux[0][6][60]$a$5300 [3] $memory$auto$proc_rom.cc:155:do_switch$1143$rdmux[0][6][60]$a$5300 [1] $memory$auto$proc_rom.cc:155:do_switch$1143$rdmux[0][6][60]$a$5300 [1] 1'0 }, B={ 1'0 $memory$auto$proc_rom.cc:155:do_switch$1143$rdmux[0][6][60]$b$5301 [2:1] 1'1 }, Y=$memory$auto$proc_rom.cc:155:do_switch$1143$rdmux[0][5][30]$a$5114 [3:0]
      New connections: $memory$auto$proc_rom.cc:155:do_switch$1143$rdmux[0][5][30]$a$5114 [9:4] = 6'000001
    Consolidated identical input bits for $mux cell $memory$auto$proc_rom.cc:155:do_switch$1143$rdmux[0][6][59]$5296:
      Old ports: A=$memory$auto$proc_rom.cc:155:do_switch$1143$rdmux[0][6][59]$a$5297, B=$memory$auto$proc_rom.cc:155:do_switch$1143$rdmux[0][6][59]$b$5298, Y=$memory$auto$proc_rom.cc:155:do_switch$1143$rdmux[0][5][29]$b$5112
      New ports: A={ 1'1 $memory$auto$proc_rom.cc:155:do_switch$1143$rdmux[0][6][59]$a$5297 [1] 1'1 }, B={ 2'01 $memory$auto$proc_rom.cc:155:do_switch$1143$rdmux[0][6][59]$b$5298 [0] }, Y=$memory$auto$proc_rom.cc:155:do_switch$1143$rdmux[0][5][29]$b$5112 [2:0]
      New connections: $memory$auto$proc_rom.cc:155:do_switch$1143$rdmux[0][5][29]$b$5112 [9:3] = 7'0000011
    Consolidated identical input bits for $mux cell $memory$auto$proc_rom.cc:155:do_switch$1143$rdmux[0][6][58]$5293:
      Old ports: A=$memory$auto$proc_rom.cc:155:do_switch$1143$rdmux[0][6][58]$a$5294, B=$memory$auto$proc_rom.cc:155:do_switch$1143$rdmux[0][6][58]$b$5295, Y=$memory$auto$proc_rom.cc:155:do_switch$1143$rdmux[0][5][29]$a$5111
      New ports: A={ 2'10 $memory$auto$proc_rom.cc:155:do_switch$1143$rdmux[0][6][58]$a$5294 [0] }, B={ 1'0 $memory$auto$proc_rom.cc:155:do_switch$1143$rdmux[0][6][58]$b$5295 [1] 1'0 }, Y=$memory$auto$proc_rom.cc:155:do_switch$1143$rdmux[0][5][29]$a$5111 [2:0]
      New connections: $memory$auto$proc_rom.cc:155:do_switch$1143$rdmux[0][5][29]$a$5111 [9:3] = 7'0000100
    Consolidated identical input bits for $mux cell $memory$auto$proc_rom.cc:155:do_switch$1143$rdmux[0][6][57]$5290:
      Old ports: A=$memory$auto$proc_rom.cc:155:do_switch$1143$rdmux[0][6][57]$a$5291, B=$memory$auto$proc_rom.cc:155:do_switch$1143$rdmux[0][6][57]$b$5292, Y=$memory$auto$proc_rom.cc:155:do_switch$1143$rdmux[0][5][28]$b$5109
      New ports: A={ 1'1 $memory$auto$proc_rom.cc:155:do_switch$1143$rdmux[0][6][57]$a$5291 [2:1] 1'0 }, B={ $memory$auto$proc_rom.cc:155:do_switch$1143$rdmux[0][6][57]$b$5292 [3] $memory$auto$proc_rom.cc:155:do_switch$1143$rdmux[0][6][57]$b$5292 [1] $memory$auto$proc_rom.cc:155:do_switch$1143$rdmux[0][6][57]$b$5292 [1] 1'1 }, Y=$memory$auto$proc_rom.cc:155:do_switch$1143$rdmux[0][5][28]$b$5109 [3:0]
      New connections: $memory$auto$proc_rom.cc:155:do_switch$1143$rdmux[0][5][28]$b$5109 [9:4] = 6'000010
    Consolidated identical input bits for $mux cell $memory$auto$proc_rom.cc:155:do_switch$1143$rdmux[0][6][56]$5287:
      Old ports: A=$memory$auto$proc_rom.cc:155:do_switch$1143$rdmux[0][6][56]$a$5288, B=$memory$auto$proc_rom.cc:155:do_switch$1143$rdmux[0][6][56]$b$5289, Y=$memory$auto$proc_rom.cc:155:do_switch$1143$rdmux[0][5][28]$a$5108
      New ports: A={ 2'10 $memory$auto$proc_rom.cc:155:do_switch$1143$rdmux[0][6][56]$a$5288 [1] 1'1 }, B={ 3'011 $memory$auto$proc_rom.cc:155:do_switch$1143$rdmux[0][6][56]$b$5289 [0] }, Y={ $memory$auto$proc_rom.cc:155:do_switch$1143$rdmux[0][5][28]$a$5108 [4] $memory$auto$proc_rom.cc:155:do_switch$1143$rdmux[0][5][28]$a$5108 [2:0] }
      New connections: { $memory$auto$proc_rom.cc:155:do_switch$1143$rdmux[0][5][28]$a$5108 [9:5] $memory$auto$proc_rom.cc:155:do_switch$1143$rdmux[0][5][28]$a$5108 [3] } = { 5'00001 $memory$auto$proc_rom.cc:155:do_switch$1143$rdmux[0][5][28]$a$5108 [2] }
    Consolidated identical input bits for $mux cell $memory$auto$proc_rom.cc:155:do_switch$1143$rdmux[0][6][55]$5284:
      Old ports: A=$memory$auto$proc_rom.cc:155:do_switch$1143$rdmux[0][6][55]$a$5285, B=$memory$auto$proc_rom.cc:155:do_switch$1143$rdmux[0][6][55]$b$5286, Y=$memory$auto$proc_rom.cc:155:do_switch$1143$rdmux[0][5][27]$b$5106
      New ports: A={ 2'10 $memory$auto$proc_rom.cc:155:do_switch$1143$rdmux[0][6][55]$a$5285 [1] 1'0 }, B={ 2'01 $memory$auto$proc_rom.cc:155:do_switch$1143$rdmux[0][6][55]$b$5286 [1:0] }, Y=$memory$auto$proc_rom.cc:155:do_switch$1143$rdmux[0][5][27]$b$5106 [3:0]
      New connections: $memory$auto$proc_rom.cc:155:do_switch$1143$rdmux[0][5][27]$b$5106 [9:4] = 6'000011
    Consolidated identical input bits for $mux cell $memory$auto$proc_rom.cc:155:do_switch$1143$rdmux[0][6][54]$5281:
      Old ports: A=$memory$auto$proc_rom.cc:155:do_switch$1143$rdmux[0][6][54]$a$5282, B=$memory$auto$proc_rom.cc:155:do_switch$1143$rdmux[0][6][54]$b$5283, Y=$memory$auto$proc_rom.cc:155:do_switch$1143$rdmux[0][5][27]$a$5105
      New ports: A={ $memory$auto$proc_rom.cc:155:do_switch$1143$rdmux[0][6][54]$a$5282 [6] $memory$auto$proc_rom.cc:155:do_switch$1143$rdmux[0][6][54]$a$5282 [1] $memory$auto$proc_rom.cc:155:do_switch$1143$rdmux[0][6][54]$a$5282 [1] 1'1 }, B={ 3'010 $memory$auto$proc_rom.cc:155:do_switch$1143$rdmux[0][6][54]$b$5283 [0] }, Y={ $memory$auto$proc_rom.cc:155:do_switch$1143$rdmux[0][5][27]$a$5105 [6] $memory$auto$proc_rom.cc:155:do_switch$1143$rdmux[0][5][27]$a$5105 [2:0] }
      New connections: { $memory$auto$proc_rom.cc:155:do_switch$1143$rdmux[0][5][27]$a$5105 [9:7] $memory$auto$proc_rom.cc:155:do_switch$1143$rdmux[0][5][27]$a$5105 [5:3] } = { 3'000 $memory$auto$proc_rom.cc:155:do_switch$1143$rdmux[0][5][27]$a$5105 [2] $memory$auto$proc_rom.cc:155:do_switch$1143$rdmux[0][5][27]$a$5105 [2] $memory$auto$proc_rom.cc:155:do_switch$1143$rdmux[0][5][27]$a$5105 [2] }
    Consolidated identical input bits for $mux cell $memory$auto$proc_rom.cc:155:do_switch$1143$rdmux[0][6][53]$5278:
      Old ports: A=$memory$auto$proc_rom.cc:155:do_switch$1143$rdmux[0][6][53]$a$5279, B=$memory$auto$proc_rom.cc:155:do_switch$1143$rdmux[0][6][53]$b$5280, Y=$memory$auto$proc_rom.cc:155:do_switch$1143$rdmux[0][5][26]$b$5103
      New ports: A={ $memory$auto$proc_rom.cc:155:do_switch$1143$rdmux[0][6][53]$a$5279 [3] $memory$auto$proc_rom.cc:155:do_switch$1143$rdmux[0][6][53]$a$5279 [1] $memory$auto$proc_rom.cc:155:do_switch$1143$rdmux[0][6][53]$a$5279 [1] 1'0 }, B={ 1'0 $memory$auto$proc_rom.cc:155:do_switch$1143$rdmux[0][6][53]$b$5280 [2:1] 1'1 }, Y=$memory$auto$proc_rom.cc:155:do_switch$1143$rdmux[0][5][26]$b$5103 [3:0]
      New connections: $memory$auto$proc_rom.cc:155:do_switch$1143$rdmux[0][5][26]$b$5103 [9:4] = 6'000100
    Consolidated identical input bits for $mux cell $memory$auto$proc_rom.cc:155:do_switch$1143$rdmux[0][6][52]$5275:
      Old ports: A=$memory$auto$proc_rom.cc:155:do_switch$1143$rdmux[0][6][52]$a$5276, B=$memory$auto$proc_rom.cc:155:do_switch$1143$rdmux[0][6][52]$b$5277, Y=$memory$auto$proc_rom.cc:155:do_switch$1143$rdmux[0][5][26]$a$5102
      New ports: A={ $memory$auto$proc_rom.cc:155:do_switch$1143$rdmux[0][6][52]$a$5276 [4] $memory$auto$proc_rom.cc:155:do_switch$1143$rdmux[0][6][52]$a$5276 [1] $memory$auto$proc_rom.cc:155:do_switch$1143$rdmux[0][6][52]$a$5276 [1] $memory$auto$proc_rom.cc:155:do_switch$1143$rdmux[0][6][52]$a$5276 [1] }, B={ 2'01 $memory$auto$proc_rom.cc:155:do_switch$1143$rdmux[0][6][52]$b$5277 [2:1] }, Y=$memory$auto$proc_rom.cc:155:do_switch$1143$rdmux[0][5][26]$a$5102 [4:1]
      New connections: { $memory$auto$proc_rom.cc:155:do_switch$1143$rdmux[0][5][26]$a$5102 [9:5] $memory$auto$proc_rom.cc:155:do_switch$1143$rdmux[0][5][26]$a$5102 [0] } = 6'000100
    Consolidated identical input bits for $mux cell $memory$auto$proc_rom.cc:155:do_switch$1143$rdmux[0][6][51]$5272:
      Old ports: A=$memory$auto$proc_rom.cc:155:do_switch$1143$rdmux[0][6][51]$a$5273, B=$memory$auto$proc_rom.cc:155:do_switch$1143$rdmux[0][6][51]$b$5274, Y=$memory$auto$proc_rom.cc:155:do_switch$1143$rdmux[0][5][25]$b$5100
      New ports: A={ 1'1 $memory$auto$proc_rom.cc:155:do_switch$1143$rdmux[0][6][51]$a$5273 [1] 1'1 }, B={ 2'01 $memory$auto$proc_rom.cc:155:do_switch$1143$rdmux[0][6][51]$b$5274 [0] }, Y=$memory$auto$proc_rom.cc:155:do_switch$1143$rdmux[0][5][25]$b$5100 [2:0]
      New connections: $memory$auto$proc_rom.cc:155:do_switch$1143$rdmux[0][5][25]$b$5100 [9:3] = 7'0001010
    Consolidated identical input bits for $mux cell $memory$auto$proc_rom.cc:155:do_switch$1143$rdmux[0][6][50]$5269:
      Old ports: A=$memory$auto$proc_rom.cc:155:do_switch$1143$rdmux[0][6][50]$a$5270, B=$memory$auto$proc_rom.cc:155:do_switch$1143$rdmux[0][6][50]$b$5271, Y=$memory$auto$proc_rom.cc:155:do_switch$1143$rdmux[0][5][25]$a$5099
      New ports: A={ 1'1 $memory$auto$proc_rom.cc:155:do_switch$1143$rdmux[0][6][50]$a$5270 [1] }, B={ 1'0 $memory$auto$proc_rom.cc:155:do_switch$1143$rdmux[0][6][50]$b$5271 [1] }, Y=$memory$auto$proc_rom.cc:155:do_switch$1143$rdmux[0][5][25]$a$5099 [2:1]
      New connections: { $memory$auto$proc_rom.cc:155:do_switch$1143$rdmux[0][5][25]$a$5099 [9:3] $memory$auto$proc_rom.cc:155:do_switch$1143$rdmux[0][5][25]$a$5099 [0] } = 8'00010111
    Consolidated identical input bits for $mux cell $memory$auto$proc_rom.cc:155:do_switch$1143$rdmux[0][6][49]$5266:
      Old ports: A=$memory$auto$proc_rom.cc:155:do_switch$1143$rdmux[0][6][49]$a$5267, B=$memory$auto$proc_rom.cc:155:do_switch$1143$rdmux[0][6][49]$b$5268, Y=$memory$auto$proc_rom.cc:155:do_switch$1143$rdmux[0][5][24]$b$5097
      New ports: A={ 1'1 $memory$auto$proc_rom.cc:155:do_switch$1143$rdmux[0][6][49]$a$5267 [1] }, B={ 1'0 $memory$auto$proc_rom.cc:155:do_switch$1143$rdmux[0][6][49]$b$5268 [1] }, Y=$memory$auto$proc_rom.cc:155:do_switch$1143$rdmux[0][5][24]$b$5097 [2:1]
      New connections: { $memory$auto$proc_rom.cc:155:do_switch$1143$rdmux[0][5][24]$b$5097 [9:3] $memory$auto$proc_rom.cc:155:do_switch$1143$rdmux[0][5][24]$b$5097 [0] } = 8'00011001
    Consolidated identical input bits for $mux cell $memory$auto$proc_rom.cc:155:do_switch$1143$rdmux[0][6][48]$5263:
      Old ports: A=$memory$auto$proc_rom.cc:155:do_switch$1143$rdmux[0][6][48]$a$5264, B=$memory$auto$proc_rom.cc:155:do_switch$1143$rdmux[0][6][48]$b$5265, Y=$memory$auto$proc_rom.cc:155:do_switch$1143$rdmux[0][5][24]$a$5096
      New ports: A={ 1'1 $memory$auto$proc_rom.cc:155:do_switch$1143$rdmux[0][6][48]$a$5264 [1] }, B={ 1'0 $memory$auto$proc_rom.cc:155:do_switch$1143$rdmux[0][6][48]$b$5265 [1] }, Y=$memory$auto$proc_rom.cc:155:do_switch$1143$rdmux[0][5][24]$a$5096 [2:1]
      New connections: { $memory$auto$proc_rom.cc:155:do_switch$1143$rdmux[0][5][24]$a$5096 [9:3] $memory$auto$proc_rom.cc:155:do_switch$1143$rdmux[0][5][24]$a$5096 [0] } = 8'00011011
    Consolidated identical input bits for $mux cell $memory$auto$proc_rom.cc:155:do_switch$1143$rdmux[0][6][47]$5260:
      Old ports: A=$memory$auto$proc_rom.cc:155:do_switch$1143$rdmux[0][6][47]$a$5261, B=$memory$auto$proc_rom.cc:155:do_switch$1143$rdmux[0][6][47]$b$5262, Y=$memory$auto$proc_rom.cc:155:do_switch$1143$rdmux[0][5][23]$b$5094
      New ports: A={ 1'1 $memory$auto$proc_rom.cc:155:do_switch$1143$rdmux[0][6][47]$a$5261 [1] }, B={ 1'0 $memory$auto$proc_rom.cc:155:do_switch$1143$rdmux[0][6][47]$b$5262 [1] }, Y=$memory$auto$proc_rom.cc:155:do_switch$1143$rdmux[0][5][23]$b$5094 [2:1]
      New connections: { $memory$auto$proc_rom.cc:155:do_switch$1143$rdmux[0][5][23]$b$5094 [9:3] $memory$auto$proc_rom.cc:155:do_switch$1143$rdmux[0][5][23]$b$5094 [0] } = 8'00011101
    Consolidated identical input bits for $mux cell $memory$auto$proc_rom.cc:155:do_switch$1143$rdmux[0][6][46]$5257:
      Old ports: A=$memory$auto$proc_rom.cc:155:do_switch$1143$rdmux[0][6][46]$a$5258, B=$memory$auto$proc_rom.cc:155:do_switch$1143$rdmux[0][6][46]$b$5259, Y=$memory$auto$proc_rom.cc:155:do_switch$1143$rdmux[0][5][23]$a$5093
      New ports: A={ $memory$auto$proc_rom.cc:155:do_switch$1143$rdmux[0][6][46]$a$5258 [7] $memory$auto$proc_rom.cc:155:do_switch$1143$rdmux[0][6][46]$a$5258 [1] $memory$auto$proc_rom.cc:155:do_switch$1143$rdmux[0][6][46]$a$5258 [1] $memory$auto$proc_rom.cc:155:do_switch$1143$rdmux[0][6][46]$a$5258 [1] 1'0 }, B={ 3'010 $memory$auto$proc_rom.cc:155:do_switch$1143$rdmux[0][6][46]$b$5259 [1] 1'1 }, Y={ $memory$auto$proc_rom.cc:155:do_switch$1143$rdmux[0][5][23]$a$5093 [7] $memory$auto$proc_rom.cc:155:do_switch$1143$rdmux[0][5][23]$a$5093 [3:0] }
      New connections: { $memory$auto$proc_rom.cc:155:do_switch$1143$rdmux[0][5][23]$a$5093 [9:8] $memory$auto$proc_rom.cc:155:do_switch$1143$rdmux[0][5][23]$a$5093 [6:4] } = { 2'00 $memory$auto$proc_rom.cc:155:do_switch$1143$rdmux[0][5][23]$a$5093 [3] $memory$auto$proc_rom.cc:155:do_switch$1143$rdmux[0][5][23]$a$5093 [3] $memory$auto$proc_rom.cc:155:do_switch$1143$rdmux[0][5][23]$a$5093 [3] }
    Consolidated identical input bits for $mux cell $memory$auto$proc_rom.cc:155:do_switch$1143$rdmux[0][6][45]$5254:
      Old ports: A=$memory$auto$proc_rom.cc:155:do_switch$1143$rdmux[0][6][45]$a$5255, B=$memory$auto$proc_rom.cc:155:do_switch$1143$rdmux[0][6][45]$b$5256, Y=$memory$auto$proc_rom.cc:155:do_switch$1143$rdmux[0][5][22]$b$5091
      New ports: A={ $memory$auto$proc_rom.cc:155:do_switch$1143$rdmux[0][6][45]$a$5255 [3] $memory$auto$proc_rom.cc:155:do_switch$1143$rdmux[0][6][45]$a$5255 [1] $memory$auto$proc_rom.cc:155:do_switch$1143$rdmux[0][6][45]$a$5255 [1] }, B={ 1'0 $memory$auto$proc_rom.cc:155:do_switch$1143$rdmux[0][6][45]$b$5256 [2:1] }, Y=$memory$auto$proc_rom.cc:155:do_switch$1143$rdmux[0][5][22]$b$5091 [3:1]
      New connections: { $memory$auto$proc_rom.cc:155:do_switch$1143$rdmux[0][5][22]$b$5091 [9:4] $memory$auto$proc_rom.cc:155:do_switch$1143$rdmux[0][5][22]$b$5091 [0] } = 7'0010000
    Consolidated identical input bits for $mux cell $memory$auto$proc_rom.cc:155:do_switch$1143$rdmux[0][6][44]$5251:
      Old ports: A=$memory$auto$proc_rom.cc:155:do_switch$1143$rdmux[0][6][44]$a$5252, B=$memory$auto$proc_rom.cc:155:do_switch$1143$rdmux[0][6][44]$b$5253, Y=$memory$auto$proc_rom.cc:155:do_switch$1143$rdmux[0][5][22]$a$5090
      New ports: A={ $memory$auto$proc_rom.cc:155:do_switch$1143$rdmux[0][6][44]$a$5252 [4] $memory$auto$proc_rom.cc:155:do_switch$1143$rdmux[0][6][44]$a$5252 [1] $memory$auto$proc_rom.cc:155:do_switch$1143$rdmux[0][6][44]$a$5252 [1] $memory$auto$proc_rom.cc:155:do_switch$1143$rdmux[0][6][44]$a$5252 [1] }, B={ 2'01 $memory$auto$proc_rom.cc:155:do_switch$1143$rdmux[0][6][44]$b$5253 [2:1] }, Y=$memory$auto$proc_rom.cc:155:do_switch$1143$rdmux[0][5][22]$a$5090 [4:1]
      New connections: { $memory$auto$proc_rom.cc:155:do_switch$1143$rdmux[0][5][22]$a$5090 [9:5] $memory$auto$proc_rom.cc:155:do_switch$1143$rdmux[0][5][22]$a$5090 [0] } = 6'001001
    Consolidated identical input bits for $mux cell $memory$auto$proc_rom.cc:155:do_switch$1143$rdmux[0][6][43]$5248:
      Old ports: A=$memory$auto$proc_rom.cc:155:do_switch$1143$rdmux[0][6][43]$a$5249, B=$memory$auto$proc_rom.cc:155:do_switch$1143$rdmux[0][6][43]$b$5250, Y=$memory$auto$proc_rom.cc:155:do_switch$1143$rdmux[0][5][21]$b$5088
      New ports: A={ 2'10 $memory$auto$proc_rom.cc:155:do_switch$1143$rdmux[0][6][43]$a$5249 [1] 1'0 }, B={ 1'0 $memory$auto$proc_rom.cc:155:do_switch$1143$rdmux[0][6][43]$b$5250 [2] 1'1 $memory$auto$proc_rom.cc:155:do_switch$1143$rdmux[0][6][43]$b$5250 [0] }, Y=$memory$auto$proc_rom.cc:155:do_switch$1143$rdmux[0][5][21]$b$5088 [3:0]
      New connections: $memory$auto$proc_rom.cc:155:do_switch$1143$rdmux[0][5][21]$b$5088 [9:4] = 6'001001
    Consolidated identical input bits for $mux cell $memory$auto$proc_rom.cc:155:do_switch$1143$rdmux[0][6][42]$5245:
      Old ports: A=$memory$auto$proc_rom.cc:155:do_switch$1143$rdmux[0][6][42]$a$5246, B=$memory$auto$proc_rom.cc:155:do_switch$1143$rdmux[0][6][42]$b$5247, Y=$memory$auto$proc_rom.cc:155:do_switch$1143$rdmux[0][5][21]$a$5087
      New ports: A={ 2'10 $memory$auto$proc_rom.cc:155:do_switch$1143$rdmux[0][6][42]$a$5246 [1] 1'1 }, B={ 2'01 $memory$auto$proc_rom.cc:155:do_switch$1143$rdmux[0][6][42]$b$5247 [0] $memory$auto$proc_rom.cc:155:do_switch$1143$rdmux[0][6][42]$b$5247 [0] }, Y={ $memory$auto$proc_rom.cc:155:do_switch$1143$rdmux[0][5][21]$a$5087 [5] $memory$auto$proc_rom.cc:155:do_switch$1143$rdmux[0][5][21]$a$5087 [2:0] }
      New connections: { $memory$auto$proc_rom.cc:155:do_switch$1143$rdmux[0][5][21]$a$5087 [9:6] $memory$auto$proc_rom.cc:155:do_switch$1143$rdmux[0][5][21]$a$5087 [4:3] } = { 4'0010 $memory$auto$proc_rom.cc:155:do_switch$1143$rdmux[0][5][21]$a$5087 [2] $memory$auto$proc_rom.cc:155:do_switch$1143$rdmux[0][5][21]$a$5087 [2] }
    Consolidated identical input bits for $mux cell $memory$auto$proc_rom.cc:155:do_switch$1143$rdmux[0][6][41]$5242:
      Old ports: A=$memory$auto$proc_rom.cc:155:do_switch$1143$rdmux[0][6][41]$a$5243, B=$memory$auto$proc_rom.cc:155:do_switch$1143$rdmux[0][6][41]$b$5244, Y=$memory$auto$proc_rom.cc:155:do_switch$1143$rdmux[0][5][20]$b$5085
      New ports: A={ 1'1 $memory$auto$proc_rom.cc:155:do_switch$1143$rdmux[0][6][41]$a$5243 [2:1] 1'1 }, B={ $memory$auto$proc_rom.cc:155:do_switch$1143$rdmux[0][6][41]$b$5244 [3] $memory$auto$proc_rom.cc:155:do_switch$1143$rdmux[0][6][41]$b$5244 [1] $memory$auto$proc_rom.cc:155:do_switch$1143$rdmux[0][6][41]$b$5244 [1] 1'0 }, Y=$memory$auto$proc_rom.cc:155:do_switch$1143$rdmux[0][5][20]$b$5085 [3:0]
      New connections: $memory$auto$proc_rom.cc:155:do_switch$1143$rdmux[0][5][20]$b$5085 [9:4] = 6'001010
    Consolidated identical input bits for $mux cell $memory$auto$proc_rom.cc:155:do_switch$1143$rdmux[0][6][40]$5239:
      Old ports: A=$memory$auto$proc_rom.cc:155:do_switch$1143$rdmux[0][6][40]$a$5240, B=$memory$auto$proc_rom.cc:155:do_switch$1143$rdmux[0][6][40]$b$5241, Y=$memory$auto$proc_rom.cc:155:do_switch$1143$rdmux[0][5][20]$a$5084
      New ports: A={ 3'101 $memory$auto$proc_rom.cc:155:do_switch$1143$rdmux[0][6][40]$a$5240 [0] $memory$auto$proc_rom.cc:155:do_switch$1143$rdmux[0][6][40]$a$5240 [0] }, B={ $memory$auto$proc_rom.cc:155:do_switch$1143$rdmux[0][6][40]$b$5241 [4] $memory$auto$proc_rom.cc:155:do_switch$1143$rdmux[0][6][40]$b$5241 [0] $memory$auto$proc_rom.cc:155:do_switch$1143$rdmux[0][6][40]$b$5241 [0] 1'1 $memory$auto$proc_rom.cc:155:do_switch$1143$rdmux[0][6][40]$b$5241 [0] }, Y=$memory$auto$proc_rom.cc:155:do_switch$1143$rdmux[0][5][20]$a$5084 [4:0]
      New connections: $memory$auto$proc_rom.cc:155:do_switch$1143$rdmux[0][5][20]$a$5084 [9:5] = 5'00101
    Consolidated identical input bits for $mux cell $memory$auto$proc_rom.cc:155:do_switch$1143$rdmux[0][6][39]$5236:
      Old ports: A=$memory$auto$proc_rom.cc:155:do_switch$1143$rdmux[0][6][39]$a$5237, B=$memory$auto$proc_rom.cc:155:do_switch$1143$rdmux[0][6][39]$b$5238, Y=$memory$auto$proc_rom.cc:155:do_switch$1143$rdmux[0][5][19]$b$5082
      New ports: A={ $memory$auto$proc_rom.cc:155:do_switch$1143$rdmux[0][6][39]$a$5237 [0] $memory$auto$proc_rom.cc:155:do_switch$1143$rdmux[0][6][39]$a$5237 [1] $memory$auto$proc_rom.cc:155:do_switch$1143$rdmux[0][6][39]$a$5237 [1] $memory$auto$proc_rom.cc:155:do_switch$1143$rdmux[0][6][39]$a$5237 [1:0] }, B={ 2'01 $memory$auto$proc_rom.cc:155:do_switch$1143$rdmux[0][6][39]$b$5238 [2] 1'0 $memory$auto$proc_rom.cc:155:do_switch$1143$rdmux[0][6][39]$b$5238 [0] }, Y={ $memory$auto$proc_rom.cc:155:do_switch$1143$rdmux[0][5][19]$b$5082 [6] $memory$auto$proc_rom.cc:155:do_switch$1143$rdmux[0][5][19]$b$5082 [3:0] }
      New connections: { $memory$auto$proc_rom.cc:155:do_switch$1143$rdmux[0][5][19]$b$5082 [9:7] $memory$auto$proc_rom.cc:155:do_switch$1143$rdmux[0][5][19]$b$5082 [5:4] } = { 3'001 $memory$auto$proc_rom.cc:155:do_switch$1143$rdmux[0][5][19]$b$5082 [3] $memory$auto$proc_rom.cc:155:do_switch$1143$rdmux[0][5][19]$b$5082 [3] }
    Consolidated identical input bits for $mux cell $memory$auto$proc_rom.cc:155:do_switch$1143$rdmux[0][6][38]$5233:
      Old ports: A=$memory$auto$proc_rom.cc:155:do_switch$1143$rdmux[0][6][38]$a$5234, B=$memory$auto$proc_rom.cc:155:do_switch$1143$rdmux[0][6][38]$b$5235, Y=$memory$auto$proc_rom.cc:155:do_switch$1143$rdmux[0][5][19]$a$5081
      New ports: A={ 2'10 $memory$auto$proc_rom.cc:155:do_switch$1143$rdmux[0][6][38]$a$5234 [0] $memory$auto$proc_rom.cc:155:do_switch$1143$rdmux[0][6][38]$a$5234 [0] }, B={ 1'0 $memory$auto$proc_rom.cc:155:do_switch$1143$rdmux[0][6][38]$b$5235 [2] 1'1 $memory$auto$proc_rom.cc:155:do_switch$1143$rdmux[0][6][38]$b$5235 [0] }, Y=$memory$auto$proc_rom.cc:155:do_switch$1143$rdmux[0][5][19]$a$5081 [3:0]
      New connections: $memory$auto$proc_rom.cc:155:do_switch$1143$rdmux[0][5][19]$a$5081 [9:4] = 6'001100
    Consolidated identical input bits for $mux cell $memory$auto$proc_rom.cc:155:do_switch$1143$rdmux[0][6][37]$5230:
      Old ports: A=$memory$auto$proc_rom.cc:155:do_switch$1143$rdmux[0][6][37]$a$5231, B=$memory$auto$proc_rom.cc:155:do_switch$1143$rdmux[0][6][37]$b$5232, Y=$memory$auto$proc_rom.cc:155:do_switch$1143$rdmux[0][5][18]$b$5079
      New ports: A={ 2'10 $memory$auto$proc_rom.cc:155:do_switch$1143$rdmux[0][6][37]$a$5231 [2:1] 1'1 }, B={ $memory$auto$proc_rom.cc:155:do_switch$1143$rdmux[0][6][37]$b$5232 [4] $memory$auto$proc_rom.cc:155:do_switch$1143$rdmux[0][6][37]$b$5232 [0] $memory$auto$proc_rom.cc:155:do_switch$1143$rdmux[0][6][37]$b$5232 [0] 1'0 $memory$auto$proc_rom.cc:155:do_switch$1143$rdmux[0][6][37]$b$5232 [0] }, Y=$memory$auto$proc_rom.cc:155:do_switch$1143$rdmux[0][5][18]$b$5079 [4:0]
      New connections: $memory$auto$proc_rom.cc:155:do_switch$1143$rdmux[0][5][18]$b$5079 [9:5] = 5'00110
    Consolidated identical input bits for $mux cell $memory$auto$proc_rom.cc:155:do_switch$1143$rdmux[0][6][36]$5227:
      Old ports: A=$memory$auto$proc_rom.cc:155:do_switch$1143$rdmux[0][6][36]$a$5228, B=$memory$auto$proc_rom.cc:155:do_switch$1143$rdmux[0][6][36]$b$5229, Y=$memory$auto$proc_rom.cc:155:do_switch$1143$rdmux[0][5][18]$a$5078
      New ports: A={ $memory$auto$proc_rom.cc:155:do_switch$1143$rdmux[0][6][36]$a$5228 [5] $memory$auto$proc_rom.cc:155:do_switch$1143$rdmux[0][6][36]$a$5228 [0] $memory$auto$proc_rom.cc:155:do_switch$1143$rdmux[0][6][36]$a$5228 [0] 1'0 $memory$auto$proc_rom.cc:155:do_switch$1143$rdmux[0][6][36]$a$5228 [0] }, B={ 3'010 $memory$auto$proc_rom.cc:155:do_switch$1143$rdmux[0][6][36]$b$5229 [0] $memory$auto$proc_rom.cc:155:do_switch$1143$rdmux[0][6][36]$b$5229 [0] }, Y={ $memory$auto$proc_rom.cc:155:do_switch$1143$rdmux[0][5][18]$a$5078 [5] $memory$auto$proc_rom.cc:155:do_switch$1143$rdmux[0][5][18]$a$5078 [3:0] }
      New connections: { $memory$auto$proc_rom.cc:155:do_switch$1143$rdmux[0][5][18]$a$5078 [9:6] $memory$auto$proc_rom.cc:155:do_switch$1143$rdmux[0][5][18]$a$5078 [4] } = { 4'0011 $memory$auto$proc_rom.cc:155:do_switch$1143$rdmux[0][5][18]$a$5078 [3] }
    Consolidated identical input bits for $mux cell $memory$auto$proc_rom.cc:155:do_switch$1143$rdmux[0][6][35]$5224:
      Old ports: A=$memory$auto$proc_rom.cc:155:do_switch$1143$rdmux[0][6][35]$a$5225, B=$memory$auto$proc_rom.cc:155:do_switch$1143$rdmux[0][6][35]$b$5226, Y=$memory$auto$proc_rom.cc:155:do_switch$1143$rdmux[0][5][17]$b$5076
      New ports: A={ 2'10 $memory$auto$proc_rom.cc:155:do_switch$1143$rdmux[0][6][35]$a$5225 [0] $memory$auto$proc_rom.cc:155:do_switch$1143$rdmux[0][6][35]$a$5225 [0] }, B={ 1'0 $memory$auto$proc_rom.cc:155:do_switch$1143$rdmux[0][6][35]$b$5226 [2:1] 1'1 }, Y=$memory$auto$proc_rom.cc:155:do_switch$1143$rdmux[0][5][17]$b$5076 [3:0]
      New connections: $memory$auto$proc_rom.cc:155:do_switch$1143$rdmux[0][5][17]$b$5076 [9:4] = 6'001110
    Consolidated identical input bits for $mux cell $memory$auto$proc_rom.cc:155:do_switch$1143$rdmux[0][6][34]$5221:
      Old ports: A=$memory$auto$proc_rom.cc:155:do_switch$1143$rdmux[0][6][34]$a$5222, B=$memory$auto$proc_rom.cc:155:do_switch$1143$rdmux[0][6][34]$b$5223, Y=$memory$auto$proc_rom.cc:155:do_switch$1143$rdmux[0][5][17]$a$5075
      New ports: A={ 2'10 $memory$auto$proc_rom.cc:155:do_switch$1143$rdmux[0][6][34]$a$5222 [2] 1'1 $memory$auto$proc_rom.cc:155:do_switch$1143$rdmux[0][6][34]$a$5222 [0] }, B={ $memory$auto$proc_rom.cc:155:do_switch$1143$rdmux[0][6][34]$b$5223 [0] $memory$auto$proc_rom.cc:155:do_switch$1143$rdmux[0][6][34]$b$5223 [1] $memory$auto$proc_rom.cc:155:do_switch$1143$rdmux[0][6][34]$b$5223 [1] $memory$auto$proc_rom.cc:155:do_switch$1143$rdmux[0][6][34]$b$5223 [1:0] }, Y=$memory$auto$proc_rom.cc:155:do_switch$1143$rdmux[0][5][17]$a$5075 [4:0]
      New connections: $memory$auto$proc_rom.cc:155:do_switch$1143$rdmux[0][5][17]$a$5075 [9:5] = 5'00111
    Consolidated identical input bits for $mux cell $memory$auto$proc_rom.cc:155:do_switch$1143$rdmux[0][6][33]$5218:
      Old ports: A=$memory$auto$proc_rom.cc:155:do_switch$1143$rdmux[0][6][33]$a$5219, B=$memory$auto$proc_rom.cc:155:do_switch$1143$rdmux[0][6][33]$b$5220, Y=$memory$auto$proc_rom.cc:155:do_switch$1143$rdmux[0][5][16]$b$5073
      New ports: A={ $memory$auto$proc_rom.cc:155:do_switch$1143$rdmux[0][6][33]$a$5219 [8] $memory$auto$proc_rom.cc:155:do_switch$1143$rdmux[0][6][33]$a$5219 [0] $memory$auto$proc_rom.cc:155:do_switch$1143$rdmux[0][6][33]$a$5219 [0] 1'1 $memory$auto$proc_rom.cc:155:do_switch$1143$rdmux[0][6][33]$a$5219 [0] }, B={ 2'01 $memory$auto$proc_rom.cc:155:do_switch$1143$rdmux[0][6][33]$b$5220 [2] 1'0 $memory$auto$proc_rom.cc:155:do_switch$1143$rdmux[0][6][33]$b$5220 [0] }, Y={ $memory$auto$proc_rom.cc:155:do_switch$1143$rdmux[0][5][16]$b$5073 [8] $memory$auto$proc_rom.cc:155:do_switch$1143$rdmux[0][5][16]$b$5073 [3:0] }
      New connections: { $memory$auto$proc_rom.cc:155:do_switch$1143$rdmux[0][5][16]$b$5073 [9] $memory$auto$proc_rom.cc:155:do_switch$1143$rdmux[0][5][16]$b$5073 [7:4] } = { 1'0 $memory$auto$proc_rom.cc:155:do_switch$1143$rdmux[0][5][16]$b$5073 [3] $memory$auto$proc_rom.cc:155:do_switch$1143$rdmux[0][5][16]$b$5073 [3] $memory$auto$proc_rom.cc:155:do_switch$1143$rdmux[0][5][16]$b$5073 [3] $memory$auto$proc_rom.cc:155:do_switch$1143$rdmux[0][5][16]$b$5073 [3] }
    Consolidated identical input bits for $mux cell $memory$auto$proc_rom.cc:155:do_switch$1143$rdmux[0][6][32]$5215:
      Old ports: A=$memory$auto$proc_rom.cc:155:do_switch$1143$rdmux[0][6][32]$a$5216, B=$memory$auto$proc_rom.cc:155:do_switch$1143$rdmux[0][6][32]$b$5217, Y=$memory$auto$proc_rom.cc:155:do_switch$1143$rdmux[0][5][16]$a$5072
      New ports: A={ 1'1 $memory$auto$proc_rom.cc:155:do_switch$1143$rdmux[0][6][32]$a$5216 [2] 1'1 $memory$auto$proc_rom.cc:155:do_switch$1143$rdmux[0][6][32]$a$5216 [0] }, B={ $memory$auto$proc_rom.cc:155:do_switch$1143$rdmux[0][6][32]$b$5217 [3] $memory$auto$proc_rom.cc:155:do_switch$1143$rdmux[0][6][32]$b$5217 [0] 1'0 $memory$auto$proc_rom.cc:155:do_switch$1143$rdmux[0][6][32]$b$5217 [0] }, Y=$memory$auto$proc_rom.cc:155:do_switch$1143$rdmux[0][5][16]$a$5072 [3:0]
      New connections: $memory$auto$proc_rom.cc:155:do_switch$1143$rdmux[0][5][16]$a$5072 [9:4] = 6'010000
    Consolidated identical input bits for $mux cell $memory$auto$proc_rom.cc:155:do_switch$1143$rdmux[0][6][31]$5212:
      Old ports: A=$memory$auto$proc_rom.cc:155:do_switch$1143$rdmux[0][6][31]$a$5213, B=$memory$auto$proc_rom.cc:155:do_switch$1143$rdmux[0][6][31]$b$5214, Y=$memory$auto$proc_rom.cc:155:do_switch$1143$rdmux[0][5][15]$b$5070
      New ports: A={ $memory$auto$proc_rom.cc:155:do_switch$1143$rdmux[0][6][31]$a$5213 [3] $memory$auto$proc_rom.cc:155:do_switch$1143$rdmux[0][6][31]$a$5213 [0] 1'1 $memory$auto$proc_rom.cc:155:do_switch$1143$rdmux[0][6][31]$a$5213 [0] }, B={ 1'0 $memory$auto$proc_rom.cc:155:do_switch$1143$rdmux[0][6][31]$b$5214 [2] 1'0 $memory$auto$proc_rom.cc:155:do_switch$1143$rdmux[0][6][31]$b$5214 [0] }, Y=$memory$auto$proc_rom.cc:155:do_switch$1143$rdmux[0][5][15]$b$5070 [3:0]
      New connections: $memory$auto$proc_rom.cc:155:do_switch$1143$rdmux[0][5][15]$b$5070 [9:4] = 6'010001
    Consolidated identical input bits for $mux cell $memory$auto$proc_rom.cc:155:do_switch$1143$rdmux[0][6][30]$5209:
      Old ports: A=$memory$auto$proc_rom.cc:155:do_switch$1143$rdmux[0][6][30]$a$5210, B=$memory$auto$proc_rom.cc:155:do_switch$1143$rdmux[0][6][30]$b$5211, Y=$memory$auto$proc_rom.cc:155:do_switch$1143$rdmux[0][5][15]$a$5069
      New ports: A={ 2'10 $memory$auto$proc_rom.cc:155:do_switch$1143$rdmux[0][6][30]$a$5210 [2] 2'11 }, B={ $memory$auto$proc_rom.cc:155:do_switch$1143$rdmux[0][6][30]$b$5211 [5] $memory$auto$proc_rom.cc:155:do_switch$1143$rdmux[0][6][30]$b$5211 [0] $memory$auto$proc_rom.cc:155:do_switch$1143$rdmux[0][6][30]$b$5211 [0] 1'0 $memory$auto$proc_rom.cc:155:do_switch$1143$rdmux[0][6][30]$b$5211 [0] }, Y={ $memory$auto$proc_rom.cc:155:do_switch$1143$rdmux[0][5][15]$a$5069 [5] $memory$auto$proc_rom.cc:155:do_switch$1143$rdmux[0][5][15]$a$5069 [3:0] }
      New connections: { $memory$auto$proc_rom.cc:155:do_switch$1143$rdmux[0][5][15]$a$5069 [9:6] $memory$auto$proc_rom.cc:155:do_switch$1143$rdmux[0][5][15]$a$5069 [4] } = { 4'0100 $memory$auto$proc_rom.cc:155:do_switch$1143$rdmux[0][5][15]$a$5069 [3] }
    Consolidated identical input bits for $mux cell $memory$auto$proc_rom.cc:155:do_switch$1143$rdmux[0][6][29]$5206:
      Old ports: A=$memory$auto$proc_rom.cc:155:do_switch$1143$rdmux[0][6][29]$a$5207, B=$memory$auto$proc_rom.cc:155:do_switch$1143$rdmux[0][6][29]$b$5208, Y=$memory$auto$proc_rom.cc:155:do_switch$1143$rdmux[0][5][14]$b$5067
      New ports: A={ 2'10 $memory$auto$proc_rom.cc:155:do_switch$1143$rdmux[0][6][29]$a$5207 [2] 2'00 }, B={ 2'01 $memory$auto$proc_rom.cc:155:do_switch$1143$rdmux[0][6][29]$b$5208 [0] $memory$auto$proc_rom.cc:155:do_switch$1143$rdmux[0][6][29]$b$5208 [1:0] }, Y=$memory$auto$proc_rom.cc:155:do_switch$1143$rdmux[0][5][14]$b$5067 [4:0]
      New connections: $memory$auto$proc_rom.cc:155:do_switch$1143$rdmux[0][5][14]$b$5067 [9:5] = 5'01001
    Consolidated identical input bits for $mux cell $memory$auto$proc_rom.cc:155:do_switch$1143$rdmux[0][6][28]$5203:
      Old ports: A=$memory$auto$proc_rom.cc:155:do_switch$1143$rdmux[0][6][28]$a$5204, B=$memory$auto$proc_rom.cc:155:do_switch$1143$rdmux[0][6][28]$b$5205, Y=$memory$auto$proc_rom.cc:155:do_switch$1143$rdmux[0][5][14]$a$5066
      New ports: A={ $memory$auto$proc_rom.cc:155:do_switch$1143$rdmux[0][6][28]$a$5204 [0] $memory$auto$proc_rom.cc:155:do_switch$1143$rdmux[0][6][28]$a$5204 [1] $memory$auto$proc_rom.cc:155:do_switch$1143$rdmux[0][6][28]$a$5204 [1] $memory$auto$proc_rom.cc:155:do_switch$1143$rdmux[0][6][28]$a$5204 [1:0] }, B={ 1'0 $memory$auto$proc_rom.cc:155:do_switch$1143$rdmux[0][6][28]$b$5205 [3] $memory$auto$proc_rom.cc:155:do_switch$1143$rdmux[0][6][28]$b$5205 [0] 1'1 $memory$auto$proc_rom.cc:155:do_switch$1143$rdmux[0][6][28]$b$5205 [0] }, Y={ $memory$auto$proc_rom.cc:155:do_switch$1143$rdmux[0][5][14]$a$5066 [6] $memory$auto$proc_rom.cc:155:do_switch$1143$rdmux[0][5][14]$a$5066 [3:0] }
      New connections: { $memory$auto$proc_rom.cc:155:do_switch$1143$rdmux[0][5][14]$a$5066 [9:7] $memory$auto$proc_rom.cc:155:do_switch$1143$rdmux[0][5][14]$a$5066 [5:4] } = { 3'010 $memory$auto$proc_rom.cc:155:do_switch$1143$rdmux[0][5][14]$a$5066 [1] $memory$auto$proc_rom.cc:155:do_switch$1143$rdmux[0][5][14]$a$5066 [1] }
    Consolidated identical input bits for $mux cell $memory$auto$proc_rom.cc:155:do_switch$1143$rdmux[0][6][27]$5200:
      Old ports: A=$memory$auto$proc_rom.cc:155:do_switch$1143$rdmux[0][6][27]$a$5201, B=$memory$auto$proc_rom.cc:155:do_switch$1143$rdmux[0][6][27]$b$5202, Y=$memory$auto$proc_rom.cc:155:do_switch$1143$rdmux[0][5][13]$b$5064
      New ports: A={ 1'1 $memory$auto$proc_rom.cc:155:do_switch$1143$rdmux[0][6][27]$a$5201 [2] 1'1 }, B={ $memory$auto$proc_rom.cc:155:do_switch$1143$rdmux[0][6][27]$b$5202 [3:2] 1'0 }, Y={ $memory$auto$proc_rom.cc:155:do_switch$1143$rdmux[0][5][13]$b$5064 [3:2] $memory$auto$proc_rom.cc:155:do_switch$1143$rdmux[0][5][13]$b$5064 [0] }
      New connections: { $memory$auto$proc_rom.cc:155:do_switch$1143$rdmux[0][5][13]$b$5064 [9:4] $memory$auto$proc_rom.cc:155:do_switch$1143$rdmux[0][5][13]$b$5064 [1] } = { 6'010100 $memory$auto$proc_rom.cc:155:do_switch$1143$rdmux[0][5][13]$b$5064 [0] }
    Consolidated identical input bits for $mux cell $memory$auto$proc_rom.cc:155:do_switch$1143$rdmux[0][6][26]$5197:
      Old ports: A=$memory$auto$proc_rom.cc:155:do_switch$1143$rdmux[0][6][26]$a$5198, B=$memory$auto$proc_rom.cc:155:do_switch$1143$rdmux[0][6][26]$b$5199, Y=$memory$auto$proc_rom.cc:155:do_switch$1143$rdmux[0][5][13]$a$5063
      New ports: A={ 1'1 $memory$auto$proc_rom.cc:155:do_switch$1143$rdmux[0][6][26]$a$5198 [0] $memory$auto$proc_rom.cc:155:do_switch$1143$rdmux[0][6][26]$a$5198 [1:0] }, B={ 1'0 $memory$auto$proc_rom.cc:155:do_switch$1143$rdmux[0][6][26]$b$5199 [2] 2'10 }, Y=$memory$auto$proc_rom.cc:155:do_switch$1143$rdmux[0][5][13]$a$5063 [3:0]
      New connections: $memory$auto$proc_rom.cc:155:do_switch$1143$rdmux[0][5][13]$a$5063 [9:4] = 6'010101
    Consolidated identical input bits for $mux cell $memory$auto$proc_rom.cc:155:do_switch$1143$rdmux[0][6][25]$5194:
      Old ports: A=$memory$auto$proc_rom.cc:155:do_switch$1143$rdmux[0][6][25]$a$5195, B=$memory$auto$proc_rom.cc:155:do_switch$1143$rdmux[0][6][25]$b$5196, Y=$memory$auto$proc_rom.cc:155:do_switch$1143$rdmux[0][5][12]$b$5061
      New ports: A={ 1'1 $memory$auto$proc_rom.cc:155:do_switch$1143$rdmux[0][6][25]$a$5195 [2] 1'0 }, B={ 1'0 $memory$auto$proc_rom.cc:155:do_switch$1143$rdmux[0][6][25]$b$5196 [2] $memory$auto$proc_rom.cc:155:do_switch$1143$rdmux[0][6][25]$b$5196 [0] }, Y={ $memory$auto$proc_rom.cc:155:do_switch$1143$rdmux[0][5][12]$b$5061 [3:2] $memory$auto$proc_rom.cc:155:do_switch$1143$rdmux[0][5][12]$b$5061 [0] }
      New connections: { $memory$auto$proc_rom.cc:155:do_switch$1143$rdmux[0][5][12]$b$5061 [9:4] $memory$auto$proc_rom.cc:155:do_switch$1143$rdmux[0][5][12]$b$5061 [1] } = 7'0101100
    Consolidated identical input bits for $mux cell $memory$auto$proc_rom.cc:155:do_switch$1143$rdmux[0][6][24]$5191:
      Old ports: A=$memory$auto$proc_rom.cc:155:do_switch$1143$rdmux[0][6][24]$a$5192, B=$memory$auto$proc_rom.cc:155:do_switch$1143$rdmux[0][6][24]$b$5193, Y=$memory$auto$proc_rom.cc:155:do_switch$1143$rdmux[0][5][12]$a$5060
      New ports: A={ $memory$auto$proc_rom.cc:155:do_switch$1143$rdmux[0][6][24]$a$5192 [3:2] 1'1 }, B={ 2'00 $memory$auto$proc_rom.cc:155:do_switch$1143$rdmux[0][6][24]$b$5193 [0] }, Y={ $memory$auto$proc_rom.cc:155:do_switch$1143$rdmux[0][5][12]$a$5060 [3:2] $memory$auto$proc_rom.cc:155:do_switch$1143$rdmux[0][5][12]$a$5060 [0] }
      New connections: { $memory$auto$proc_rom.cc:155:do_switch$1143$rdmux[0][5][12]$a$5060 [9:4] $memory$auto$proc_rom.cc:155:do_switch$1143$rdmux[0][5][12]$a$5060 [1] } = { 6'010111 $memory$auto$proc_rom.cc:155:do_switch$1143$rdmux[0][5][12]$a$5060 [0] }
    Consolidated identical input bits for $mux cell $memory$auto$proc_rom.cc:155:do_switch$1143$rdmux[0][6][23]$5188:
      Old ports: A=$memory$auto$proc_rom.cc:155:do_switch$1143$rdmux[0][6][23]$a$5189, B=$memory$auto$proc_rom.cc:155:do_switch$1143$rdmux[0][6][23]$b$5190, Y=$memory$auto$proc_rom.cc:155:do_switch$1143$rdmux[0][5][11]$b$5058
      New ports: A={ 2'10 $memory$auto$proc_rom.cc:155:do_switch$1143$rdmux[0][6][23]$a$5189 [3:2] }, B={ $memory$auto$proc_rom.cc:155:do_switch$1143$rdmux[0][6][23]$b$5190 [7] $memory$auto$proc_rom.cc:155:do_switch$1143$rdmux[0][6][23]$b$5190 [2] $memory$auto$proc_rom.cc:155:do_switch$1143$rdmux[0][6][23]$b$5190 [2] $memory$auto$proc_rom.cc:155:do_switch$1143$rdmux[0][6][23]$b$5190 [2] }, Y={ $memory$auto$proc_rom.cc:155:do_switch$1143$rdmux[0][5][11]$b$5058 [7] $memory$auto$proc_rom.cc:155:do_switch$1143$rdmux[0][5][11]$b$5058 [4:2] }
      New connections: { $memory$auto$proc_rom.cc:155:do_switch$1143$rdmux[0][5][11]$b$5058 [9:8] $memory$auto$proc_rom.cc:155:do_switch$1143$rdmux[0][5][11]$b$5058 [6:5] $memory$auto$proc_rom.cc:155:do_switch$1143$rdmux[0][5][11]$b$5058 [1:0] } = { 2'01 $memory$auto$proc_rom.cc:155:do_switch$1143$rdmux[0][5][11]$b$5058 [4] $memory$auto$proc_rom.cc:155:do_switch$1143$rdmux[0][5][11]$b$5058 [4] 2'11 }
    Consolidated identical input bits for $mux cell $memory$auto$proc_rom.cc:155:do_switch$1143$rdmux[0][6][22]$5185:
      Old ports: A=$memory$auto$proc_rom.cc:155:do_switch$1143$rdmux[0][6][22]$a$5186, B=$memory$auto$proc_rom.cc:155:do_switch$1143$rdmux[0][6][22]$b$5187, Y=$memory$auto$proc_rom.cc:155:do_switch$1143$rdmux[0][5][11]$a$5057
      New ports: A={ 1'1 $memory$auto$proc_rom.cc:155:do_switch$1143$rdmux[0][6][22]$a$5186 [3:2] }, B={ $memory$auto$proc_rom.cc:155:do_switch$1143$rdmux[0][6][22]$b$5187 [4] $memory$auto$proc_rom.cc:155:do_switch$1143$rdmux[0][6][22]$b$5187 [2] $memory$auto$proc_rom.cc:155:do_switch$1143$rdmux[0][6][22]$b$5187 [2] }, Y=$memory$auto$proc_rom.cc:155:do_switch$1143$rdmux[0][5][11]$a$5057 [4:2]
      New connections: { $memory$auto$proc_rom.cc:155:do_switch$1143$rdmux[0][5][11]$a$5057 [9:5] $memory$auto$proc_rom.cc:155:do_switch$1143$rdmux[0][5][11]$a$5057 [1:0] } = 7'0110011
    Consolidated identical input bits for $mux cell $memory$auto$proc_rom.cc:155:do_switch$1143$rdmux[0][6][21]$5182:
      Old ports: A=$memory$auto$proc_rom.cc:155:do_switch$1143$rdmux[0][6][21]$a$5183, B=$memory$auto$proc_rom.cc:155:do_switch$1143$rdmux[0][6][21]$b$5184, Y=$memory$auto$proc_rom.cc:155:do_switch$1143$rdmux[0][5][10]$b$5055
      New ports: A={ 2'10 $memory$auto$proc_rom.cc:155:do_switch$1143$rdmux[0][6][21]$a$5183 [3] 1'1 $memory$auto$proc_rom.cc:155:do_switch$1143$rdmux[0][6][21]$a$5183 [0] }, B={ $memory$auto$proc_rom.cc:155:do_switch$1143$rdmux[0][6][21]$b$5184 [5] $memory$auto$proc_rom.cc:155:do_switch$1143$rdmux[0][6][21]$b$5184 [2] $memory$auto$proc_rom.cc:155:do_switch$1143$rdmux[0][6][21]$b$5184 [2] $memory$auto$proc_rom.cc:155:do_switch$1143$rdmux[0][6][21]$b$5184 [2] 1'1 }, Y={ $memory$auto$proc_rom.cc:155:do_switch$1143$rdmux[0][5][10]$b$5055 [5:2] $memory$auto$proc_rom.cc:155:do_switch$1143$rdmux[0][5][10]$b$5055 [0] }
      New connections: { $memory$auto$proc_rom.cc:155:do_switch$1143$rdmux[0][5][10]$b$5055 [9:6] $memory$auto$proc_rom.cc:155:do_switch$1143$rdmux[0][5][10]$b$5055 [1] } = { 4'0110 $memory$auto$proc_rom.cc:155:do_switch$1143$rdmux[0][5][10]$b$5055 [0] }
    Consolidated identical input bits for $mux cell $memory$auto$proc_rom.cc:155:do_switch$1143$rdmux[0][6][20]$5179:
      Old ports: A=$memory$auto$proc_rom.cc:155:do_switch$1143$rdmux[0][6][20]$a$5180, B=$memory$auto$proc_rom.cc:155:do_switch$1143$rdmux[0][6][20]$b$5181, Y=$memory$auto$proc_rom.cc:155:do_switch$1143$rdmux[0][5][10]$a$5054
      New ports: A={ $memory$auto$proc_rom.cc:155:do_switch$1143$rdmux[0][6][20]$a$5180 [2] 1'1 }, B={ $memory$auto$proc_rom.cc:155:do_switch$1143$rdmux[0][6][20]$b$5181 [2] 1'0 }, Y={ $memory$auto$proc_rom.cc:155:do_switch$1143$rdmux[0][5][10]$a$5054 [2] $memory$auto$proc_rom.cc:155:do_switch$1143$rdmux[0][5][10]$a$5054 [0] }
      New connections: { $memory$auto$proc_rom.cc:155:do_switch$1143$rdmux[0][5][10]$a$5054 [9:3] $memory$auto$proc_rom.cc:155:do_switch$1143$rdmux[0][5][10]$a$5054 [1] } = { 6'011011 $memory$auto$proc_rom.cc:155:do_switch$1143$rdmux[0][5][10]$a$5054 [0] 1'0 }
    Consolidated identical input bits for $mux cell $memory$auto$proc_rom.cc:155:do_switch$1143$rdmux[0][6][19]$5176:
      Old ports: A=$memory$auto$proc_rom.cc:155:do_switch$1143$rdmux[0][6][19]$a$5177, B=$memory$auto$proc_rom.cc:155:do_switch$1143$rdmux[0][6][19]$b$5178, Y=$memory$auto$proc_rom.cc:155:do_switch$1143$rdmux[0][5][9]$b$5052
      New ports: A={ $memory$auto$proc_rom.cc:155:do_switch$1143$rdmux[0][6][19]$a$5177 [2] 1'1 }, B={ $memory$auto$proc_rom.cc:155:do_switch$1143$rdmux[0][6][19]$b$5178 [2] 1'0 }, Y={ $memory$auto$proc_rom.cc:155:do_switch$1143$rdmux[0][5][9]$b$5052 [2] $memory$auto$proc_rom.cc:155:do_switch$1143$rdmux[0][5][9]$b$5052 [0] }
      New connections: { $memory$auto$proc_rom.cc:155:do_switch$1143$rdmux[0][5][9]$b$5052 [9:3] $memory$auto$proc_rom.cc:155:do_switch$1143$rdmux[0][5][9]$b$5052 [1] } = { 6'011100 $memory$auto$proc_rom.cc:155:do_switch$1143$rdmux[0][5][9]$b$5052 [0] 1'1 }
    Consolidated identical input bits for $mux cell $memory$auto$proc_rom.cc:155:do_switch$1143$rdmux[0][6][18]$5173:
      Old ports: A=$memory$auto$proc_rom.cc:155:do_switch$1143$rdmux[0][6][18]$a$5174, B=$memory$auto$proc_rom.cc:155:do_switch$1143$rdmux[0][6][18]$b$5175, Y=$memory$auto$proc_rom.cc:155:do_switch$1143$rdmux[0][5][9]$a$5051
      New ports: A={ $memory$auto$proc_rom.cc:155:do_switch$1143$rdmux[0][6][18]$a$5174 [0] $memory$auto$proc_rom.cc:155:do_switch$1143$rdmux[0][6][18]$a$5174 [0] $memory$auto$proc_rom.cc:155:do_switch$1143$rdmux[0][6][18]$a$5174 [0] $memory$auto$proc_rom.cc:155:do_switch$1143$rdmux[0][6][18]$a$5174 [1:0] }, B={ 1'1 $memory$auto$proc_rom.cc:155:do_switch$1143$rdmux[0][6][18]$b$5175 [3:2] 2'00 }, Y=$memory$auto$proc_rom.cc:155:do_switch$1143$rdmux[0][5][9]$a$5051 [4:0]
      New connections: $memory$auto$proc_rom.cc:155:do_switch$1143$rdmux[0][5][9]$a$5051 [9:5] = { 4'0111 $memory$auto$proc_rom.cc:155:do_switch$1143$rdmux[0][5][9]$a$5051 [1] }
    Consolidated identical input bits for $mux cell $memory$auto$proc_rom.cc:155:do_switch$1143$rdmux[0][6][17]$5170:
      Old ports: A=$memory$auto$proc_rom.cc:155:do_switch$1143$rdmux[0][6][17]$a$5171, B=$memory$auto$proc_rom.cc:155:do_switch$1143$rdmux[0][6][17]$b$5172, Y=$memory$auto$proc_rom.cc:155:do_switch$1143$rdmux[0][5][8]$b$5049
      New ports: A={ 2'10 $memory$auto$proc_rom.cc:155:do_switch$1143$rdmux[0][6][17]$a$5171 [0] 1'0 $memory$auto$proc_rom.cc:155:do_switch$1143$rdmux[0][6][17]$a$5171 [0] }, B={ 1'0 $memory$auto$proc_rom.cc:155:do_switch$1143$rdmux[0][6][17]$b$5172 [3] 1'1 $memory$auto$proc_rom.cc:155:do_switch$1143$rdmux[0][6][17]$b$5172 [0] $memory$auto$proc_rom.cc:155:do_switch$1143$rdmux[0][6][17]$b$5172 [0] }, Y=$memory$auto$proc_rom.cc:155:do_switch$1143$rdmux[0][5][8]$b$5049 [4:0]
      New connections: $memory$auto$proc_rom.cc:155:do_switch$1143$rdmux[0][5][8]$b$5049 [9:5] = 5'01111
    Consolidated identical input bits for $mux cell $memory$auto$proc_rom.cc:155:do_switch$1143$rdmux[0][6][16]$5167:
      Old ports: A=$memory$auto$proc_rom.cc:155:do_switch$1143$rdmux[0][6][16]$a$5168, B=$memory$auto$proc_rom.cc:155:do_switch$1143$rdmux[0][6][16]$b$5169, Y=$memory$auto$proc_rom.cc:155:do_switch$1143$rdmux[0][5][8]$a$5048
      New ports: A={ 2'10 $memory$auto$proc_rom.cc:155:do_switch$1143$rdmux[0][6][16]$a$5168 [2:1] 1'0 }, B={ 2'01 $memory$auto$proc_rom.cc:155:do_switch$1143$rdmux[0][6][16]$b$5169 [0] 1'1 $memory$auto$proc_rom.cc:155:do_switch$1143$rdmux[0][6][16]$b$5169 [0] }, Y={ $memory$auto$proc_rom.cc:155:do_switch$1143$rdmux[0][5][8]$a$5048 [9] $memory$auto$proc_rom.cc:155:do_switch$1143$rdmux[0][5][8]$a$5048 [4] $memory$auto$proc_rom.cc:155:do_switch$1143$rdmux[0][5][8]$a$5048 [2:0] }
      New connections: { $memory$auto$proc_rom.cc:155:do_switch$1143$rdmux[0][5][8]$a$5048 [8:5] $memory$auto$proc_rom.cc:155:do_switch$1143$rdmux[0][5][8]$a$5048 [3] } = { $memory$auto$proc_rom.cc:155:do_switch$1143$rdmux[0][5][8]$a$5048 [4] $memory$auto$proc_rom.cc:155:do_switch$1143$rdmux[0][5][8]$a$5048 [4] $memory$auto$proc_rom.cc:155:do_switch$1143$rdmux[0][5][8]$a$5048 [4] $memory$auto$proc_rom.cc:155:do_switch$1143$rdmux[0][5][8]$a$5048 [4] $memory$auto$proc_rom.cc:155:do_switch$1143$rdmux[0][5][8]$a$5048 [1] }
    Consolidated identical input bits for $mux cell $memory$auto$proc_rom.cc:155:do_switch$1143$rdmux[0][6][15]$5164:
      Old ports: A=$memory$auto$proc_rom.cc:155:do_switch$1143$rdmux[0][6][15]$a$5165, B=$memory$auto$proc_rom.cc:155:do_switch$1143$rdmux[0][6][15]$b$5166, Y=$memory$auto$proc_rom.cc:155:do_switch$1143$rdmux[0][5][7]$b$5046
      New ports: A={ 1'1 $memory$auto$proc_rom.cc:155:do_switch$1143$rdmux[0][6][15]$a$5165 [1] $memory$auto$proc_rom.cc:155:do_switch$1143$rdmux[0][6][15]$a$5165 [1] 1'1 }, B={ $memory$auto$proc_rom.cc:155:do_switch$1143$rdmux[0][6][15]$b$5166 [4] 1'1 $memory$auto$proc_rom.cc:155:do_switch$1143$rdmux[0][6][15]$b$5166 [0] $memory$auto$proc_rom.cc:155:do_switch$1143$rdmux[0][6][15]$b$5166 [0] }, Y={ $memory$auto$proc_rom.cc:155:do_switch$1143$rdmux[0][5][7]$b$5046 [4] $memory$auto$proc_rom.cc:155:do_switch$1143$rdmux[0][5][7]$b$5046 [2:0] }
      New connections: { $memory$auto$proc_rom.cc:155:do_switch$1143$rdmux[0][5][7]$b$5046 [9:5] $memory$auto$proc_rom.cc:155:do_switch$1143$rdmux[0][5][7]$b$5046 [3] } = { 5'10000 $memory$auto$proc_rom.cc:155:do_switch$1143$rdmux[0][5][7]$b$5046 [0] }
    Consolidated identical input bits for $mux cell $memory$auto$proc_rom.cc:155:do_switch$1143$rdmux[0][6][14]$5161:
      Old ports: A=$memory$auto$proc_rom.cc:155:do_switch$1143$rdmux[0][6][14]$a$5162, B=$memory$auto$proc_rom.cc:155:do_switch$1143$rdmux[0][6][14]$b$5163, Y=$memory$auto$proc_rom.cc:155:do_switch$1143$rdmux[0][5][7]$a$5045
      New ports: A={ $memory$auto$proc_rom.cc:155:do_switch$1143$rdmux[0][6][14]$a$5162 [4] $memory$auto$proc_rom.cc:155:do_switch$1143$rdmux[0][6][14]$a$5162 [1] 1'1 $memory$auto$proc_rom.cc:155:do_switch$1143$rdmux[0][6][14]$a$5162 [1] 1'1 }, B={ 1'0 $memory$auto$proc_rom.cc:155:do_switch$1143$rdmux[0][6][14]$b$5163 [0] $memory$auto$proc_rom.cc:155:do_switch$1143$rdmux[0][6][14]$b$5163 [2] 1'0 $memory$auto$proc_rom.cc:155:do_switch$1143$rdmux[0][6][14]$b$5163 [0] }, Y=$memory$auto$proc_rom.cc:155:do_switch$1143$rdmux[0][5][7]$a$5045 [4:0]
      New connections: $memory$auto$proc_rom.cc:155:do_switch$1143$rdmux[0][5][7]$a$5045 [9:5] = 5'10001
    Consolidated identical input bits for $mux cell $memory$auto$proc_rom.cc:155:do_switch$1143$rdmux[0][6][13]$5158:
      Old ports: A=$memory$auto$proc_rom.cc:155:do_switch$1143$rdmux[0][6][13]$a$5159, B=$memory$auto$proc_rom.cc:155:do_switch$1143$rdmux[0][6][13]$b$5160, Y=$memory$auto$proc_rom.cc:155:do_switch$1143$rdmux[0][5][6]$b$5043
      New ports: A={ 2'10 $memory$auto$proc_rom.cc:155:do_switch$1143$rdmux[0][6][13]$a$5159 [0] $memory$auto$proc_rom.cc:155:do_switch$1143$rdmux[0][6][13]$a$5159 [2] 1'1 $memory$auto$proc_rom.cc:155:do_switch$1143$rdmux[0][6][13]$a$5159 [0] }, B={ $memory$auto$proc_rom.cc:155:do_switch$1143$rdmux[0][6][13]$b$5160 [6] $memory$auto$proc_rom.cc:155:do_switch$1143$rdmux[0][6][13]$b$5160 [1] $memory$auto$proc_rom.cc:155:do_switch$1143$rdmux[0][6][13]$b$5160 [1] 1'0 $memory$auto$proc_rom.cc:155:do_switch$1143$rdmux[0][6][13]$b$5160 [1] 1'0 }, Y={ $memory$auto$proc_rom.cc:155:do_switch$1143$rdmux[0][5][6]$b$5043 [6] $memory$auto$proc_rom.cc:155:do_switch$1143$rdmux[0][5][6]$b$5043 [4:0] }
      New connections: { $memory$auto$proc_rom.cc:155:do_switch$1143$rdmux[0][5][6]$b$5043 [9:7] $memory$auto$proc_rom.cc:155:do_switch$1143$rdmux[0][5][6]$b$5043 [5] } = { 3'100 $memory$auto$proc_rom.cc:155:do_switch$1143$rdmux[0][5][6]$b$5043 [4] }
    Consolidated identical input bits for $mux cell $memory$auto$proc_rom.cc:155:do_switch$1143$rdmux[0][6][12]$5155:
      Old ports: A=$memory$auto$proc_rom.cc:155:do_switch$1143$rdmux[0][6][12]$a$5156, B=$memory$auto$proc_rom.cc:155:do_switch$1143$rdmux[0][6][12]$b$5157, Y=$memory$auto$proc_rom.cc:155:do_switch$1143$rdmux[0][5][6]$a$5042
      New ports: A={ $memory$auto$proc_rom.cc:155:do_switch$1143$rdmux[0][6][12]$a$5156 [1] $memory$auto$proc_rom.cc:155:do_switch$1143$rdmux[0][6][12]$a$5156 [2] $memory$auto$proc_rom.cc:155:do_switch$1143$rdmux[0][6][12]$a$5156 [2] $memory$auto$proc_rom.cc:155:do_switch$1143$rdmux[0][6][12]$a$5156 [2:1] }, B={ 3'010 $memory$auto$proc_rom.cc:155:do_switch$1143$rdmux[0][6][12]$b$5157 [1] $memory$auto$proc_rom.cc:155:do_switch$1143$rdmux[0][6][12]$b$5157 [1] }, Y=$memory$auto$proc_rom.cc:155:do_switch$1143$rdmux[0][5][6]$a$5042 [5:1]
      New connections: { $memory$auto$proc_rom.cc:155:do_switch$1143$rdmux[0][5][6]$a$5042 [9:6] $memory$auto$proc_rom.cc:155:do_switch$1143$rdmux[0][5][6]$a$5042 [0] } = 5'10011
    Consolidated identical input bits for $mux cell $memory$auto$proc_rom.cc:155:do_switch$1143$rdmux[0][6][11]$5152:
      Old ports: A=$memory$auto$proc_rom.cc:155:do_switch$1143$rdmux[0][6][11]$a$5153, B=$memory$auto$proc_rom.cc:155:do_switch$1143$rdmux[0][6][11]$b$5154, Y=$memory$auto$proc_rom.cc:155:do_switch$1143$rdmux[0][5][5]$b$5040
      New ports: A={ 1'1 $memory$auto$proc_rom.cc:155:do_switch$1143$rdmux[0][6][11]$a$5153 [3] 1'1 $memory$auto$proc_rom.cc:155:do_switch$1143$rdmux[0][6][11]$a$5153 [1] 1'0 }, B={ $memory$auto$proc_rom.cc:155:do_switch$1143$rdmux[0][6][11]$b$5154 [4] $memory$auto$proc_rom.cc:155:do_switch$1143$rdmux[0][6][11]$b$5154 [0] 2'00 $memory$auto$proc_rom.cc:155:do_switch$1143$rdmux[0][6][11]$b$5154 [0] }, Y=$memory$auto$proc_rom.cc:155:do_switch$1143$rdmux[0][5][5]$b$5040 [4:0]
      New connections: $memory$auto$proc_rom.cc:155:do_switch$1143$rdmux[0][5][5]$b$5040 [9:5] = 5'10011
    Consolidated identical input bits for $mux cell $memory$auto$proc_rom.cc:155:do_switch$1143$rdmux[0][6][10]$5149:
      Old ports: A=$memory$auto$proc_rom.cc:155:do_switch$1143$rdmux[0][6][10]$a$5150, B=$memory$auto$proc_rom.cc:155:do_switch$1143$rdmux[0][6][10]$b$5151, Y=$memory$auto$proc_rom.cc:155:do_switch$1143$rdmux[0][5][5]$a$5039
      New ports: A={ 2'10 $memory$auto$proc_rom.cc:155:do_switch$1143$rdmux[0][6][10]$a$5150 [0] $memory$auto$proc_rom.cc:155:do_switch$1143$rdmux[0][6][10]$a$5150 [0] $memory$auto$proc_rom.cc:155:do_switch$1143$rdmux[0][6][10]$a$5150 [0] }, B={ 1'0 $memory$auto$proc_rom.cc:155:do_switch$1143$rdmux[0][6][10]$b$5151 [3] 1'0 $memory$auto$proc_rom.cc:155:do_switch$1143$rdmux[0][6][10]$b$5151 [1] 1'1 }, Y=$memory$auto$proc_rom.cc:155:do_switch$1143$rdmux[0][5][5]$a$5039 [4:0]
      New connections: $memory$auto$proc_rom.cc:155:do_switch$1143$rdmux[0][5][5]$a$5039 [9:5] = 5'10100
    Consolidated identical input bits for $mux cell $memory$auto$proc_rom.cc:155:do_switch$1143$rdmux[0][6][9]$5146:
      Old ports: A=$memory$auto$proc_rom.cc:155:do_switch$1143$rdmux[0][6][9]$a$5147, B=$memory$auto$proc_rom.cc:155:do_switch$1143$rdmux[0][6][9]$b$5148, Y=$memory$auto$proc_rom.cc:155:do_switch$1143$rdmux[0][5][4]$b$5037
      New ports: A={ 1'1 $memory$auto$proc_rom.cc:155:do_switch$1143$rdmux[0][6][9]$a$5147 [4] 2'01 $memory$auto$proc_rom.cc:155:do_switch$1143$rdmux[0][6][9]$a$5147 [0] }, B={ $memory$auto$proc_rom.cc:155:do_switch$1143$rdmux[0][6][9]$b$5148 [5] $memory$auto$proc_rom.cc:155:do_switch$1143$rdmux[0][6][9]$b$5148 [0] 2'10 $memory$auto$proc_rom.cc:155:do_switch$1143$rdmux[0][6][9]$b$5148 [0] }, Y={ $memory$auto$proc_rom.cc:155:do_switch$1143$rdmux[0][5][4]$b$5037 [5:4] $memory$auto$proc_rom.cc:155:do_switch$1143$rdmux[0][5][4]$b$5037 [2:0] }
      New connections: { $memory$auto$proc_rom.cc:155:do_switch$1143$rdmux[0][5][4]$b$5037 [9:6] $memory$auto$proc_rom.cc:155:do_switch$1143$rdmux[0][5][4]$b$5037 [3] } = { 4'1010 $memory$auto$proc_rom.cc:155:do_switch$1143$rdmux[0][5][4]$b$5037 [0] }
    Consolidated identical input bits for $mux cell $memory$auto$proc_rom.cc:155:do_switch$1143$rdmux[0][6][8]$5143:
      Old ports: A=$memory$auto$proc_rom.cc:155:do_switch$1143$rdmux[0][6][8]$a$5144, B=$memory$auto$proc_rom.cc:155:do_switch$1143$rdmux[0][6][8]$b$5145, Y=$memory$auto$proc_rom.cc:155:do_switch$1143$rdmux[0][5][4]$a$5036
      New ports: A={ 2'10 $memory$auto$proc_rom.cc:155:do_switch$1143$rdmux[0][6][8]$a$5144 [3] 2'11 }, B={ $memory$auto$proc_rom.cc:155:do_switch$1143$rdmux[0][6][8]$b$5145 [6] $memory$auto$proc_rom.cc:155:do_switch$1143$rdmux[0][6][8]$b$5145 [0] $memory$auto$proc_rom.cc:155:do_switch$1143$rdmux[0][6][8]$b$5145 [0] 1'0 $memory$auto$proc_rom.cc:155:do_switch$1143$rdmux[0][6][8]$b$5145 [0] }, Y={ $memory$auto$proc_rom.cc:155:do_switch$1143$rdmux[0][5][4]$a$5036 [6] $memory$auto$proc_rom.cc:155:do_switch$1143$rdmux[0][5][4]$a$5036 [4:3] $memory$auto$proc_rom.cc:155:do_switch$1143$rdmux[0][5][4]$a$5036 [1:0] }
      New connections: { $memory$auto$proc_rom.cc:155:do_switch$1143$rdmux[0][5][4]$a$5036 [9:7] $memory$auto$proc_rom.cc:155:do_switch$1143$rdmux[0][5][4]$a$5036 [5] $memory$auto$proc_rom.cc:155:do_switch$1143$rdmux[0][5][4]$a$5036 [2] } = { 3'101 $memory$auto$proc_rom.cc:155:do_switch$1143$rdmux[0][5][4]$a$5036 [4] $memory$auto$proc_rom.cc:155:do_switch$1143$rdmux[0][5][4]$a$5036 [1] }
    Consolidated identical input bits for $mux cell $memory$auto$proc_rom.cc:155:do_switch$1143$rdmux[0][6][7]$5140:
      Old ports: A=$memory$auto$proc_rom.cc:155:do_switch$1143$rdmux[0][6][7]$a$5141, B=$memory$auto$proc_rom.cc:155:do_switch$1143$rdmux[0][6][7]$b$5142, Y=$memory$auto$proc_rom.cc:155:do_switch$1143$rdmux[0][5][3]$b$5034
      New ports: A={ $memory$auto$proc_rom.cc:155:do_switch$1143$rdmux[0][6][7]$a$5141 [3] 2'01 }, B={ $memory$auto$proc_rom.cc:155:do_switch$1143$rdmux[0][6][7]$b$5142 [3] 2'10 }, Y={ $memory$auto$proc_rom.cc:155:do_switch$1143$rdmux[0][5][3]$b$5034 [3] $memory$auto$proc_rom.cc:155:do_switch$1143$rdmux[0][5][3]$b$5034 [1:0] }
      New connections: { $memory$auto$proc_rom.cc:155:do_switch$1143$rdmux[0][5][3]$b$5034 [9:4] $memory$auto$proc_rom.cc:155:do_switch$1143$rdmux[0][5][3]$b$5034 [2] } = { 4'1011 $memory$auto$proc_rom.cc:155:do_switch$1143$rdmux[0][5][3]$b$5034 [0] $memory$auto$proc_rom.cc:155:do_switch$1143$rdmux[0][5][3]$b$5034 [1] 1'1 }
    Consolidated identical input bits for $mux cell $memory$auto$proc_rom.cc:155:do_switch$1143$rdmux[0][6][6]$5137:
      Old ports: A=$memory$auto$proc_rom.cc:155:do_switch$1143$rdmux[0][6][6]$a$5138, B=$memory$auto$proc_rom.cc:155:do_switch$1143$rdmux[0][6][6]$b$5139, Y=$memory$auto$proc_rom.cc:155:do_switch$1143$rdmux[0][5][3]$a$5033
      New ports: A={ 2'10 $memory$auto$proc_rom.cc:155:do_switch$1143$rdmux[0][6][6]$a$5138 [3] }, B={ 2'01 $memory$auto$proc_rom.cc:155:do_switch$1143$rdmux[0][6][6]$b$5139 [3] }, Y={ $memory$auto$proc_rom.cc:155:do_switch$1143$rdmux[0][5][3]$a$5033 [8] $memory$auto$proc_rom.cc:155:do_switch$1143$rdmux[0][5][3]$a$5033 [4:3] }
      New connections: { $memory$auto$proc_rom.cc:155:do_switch$1143$rdmux[0][5][3]$a$5033 [9] $memory$auto$proc_rom.cc:155:do_switch$1143$rdmux[0][5][3]$a$5033 [7:5] $memory$auto$proc_rom.cc:155:do_switch$1143$rdmux[0][5][3]$a$5033 [2:0] } = { 1'1 $memory$auto$proc_rom.cc:155:do_switch$1143$rdmux[0][5][3]$a$5033 [4] $memory$auto$proc_rom.cc:155:do_switch$1143$rdmux[0][5][3]$a$5033 [4] $memory$auto$proc_rom.cc:155:do_switch$1143$rdmux[0][5][3]$a$5033 [4] 3'101 }
    Consolidated identical input bits for $mux cell $memory$auto$proc_rom.cc:155:do_switch$1143$rdmux[0][6][5]$5134:
      Old ports: A=$memory$auto$proc_rom.cc:155:do_switch$1143$rdmux[0][6][5]$a$5135, B=$memory$auto$proc_rom.cc:155:do_switch$1143$rdmux[0][6][5]$b$5136, Y=$memory$auto$proc_rom.cc:155:do_switch$1143$rdmux[0][5][2]$b$5031
      New ports: A={ 2'10 $memory$auto$proc_rom.cc:155:do_switch$1143$rdmux[0][6][5]$a$5135 [0] 1'1 $memory$auto$proc_rom.cc:155:do_switch$1143$rdmux[0][6][5]$a$5135 [0] }, B={ 2'01 $memory$auto$proc_rom.cc:155:do_switch$1143$rdmux[0][6][5]$b$5136 [1] $memory$auto$proc_rom.cc:155:do_switch$1143$rdmux[0][6][5]$b$5136 [1:0] }, Y={ $memory$auto$proc_rom.cc:155:do_switch$1143$rdmux[0][5][2]$b$5031 [5:3] $memory$auto$proc_rom.cc:155:do_switch$1143$rdmux[0][5][2]$b$5031 [1:0] }
      New connections: { $memory$auto$proc_rom.cc:155:do_switch$1143$rdmux[0][5][2]$b$5031 [9:6] $memory$auto$proc_rom.cc:155:do_switch$1143$rdmux[0][5][2]$b$5031 [2] } = 5'11001
    Consolidated identical input bits for $mux cell $memory$auto$proc_rom.cc:155:do_switch$1143$rdmux[0][6][4]$5131:
      Old ports: A=$memory$auto$proc_rom.cc:155:do_switch$1143$rdmux[0][6][4]$a$5132, B=$memory$auto$proc_rom.cc:155:do_switch$1143$rdmux[0][6][4]$b$5133, Y=$memory$auto$proc_rom.cc:155:do_switch$1143$rdmux[0][5][2]$a$5030
      New ports: A={ 2'10 $memory$auto$proc_rom.cc:155:do_switch$1143$rdmux[0][6][4]$a$5132 [0] $memory$auto$proc_rom.cc:155:do_switch$1143$rdmux[0][6][4]$a$5132 [3] 1'1 $memory$auto$proc_rom.cc:155:do_switch$1143$rdmux[0][6][4]$a$5132 [0] }, B={ $memory$auto$proc_rom.cc:155:do_switch$1143$rdmux[0][6][4]$b$5133 [0] $memory$auto$proc_rom.cc:155:do_switch$1143$rdmux[0][6][4]$b$5133 [3] $memory$auto$proc_rom.cc:155:do_switch$1143$rdmux[0][6][4]$b$5133 [3] $memory$auto$proc_rom.cc:155:do_switch$1143$rdmux[0][6][4]$b$5133 [3] 1'0 $memory$auto$proc_rom.cc:155:do_switch$1143$rdmux[0][6][4]$b$5133 [0] }, Y={ $memory$auto$proc_rom.cc:155:do_switch$1143$rdmux[0][5][2]$a$5030 [6:3] $memory$auto$proc_rom.cc:155:do_switch$1143$rdmux[0][5][2]$a$5030 [1:0] }
      New connections: { $memory$auto$proc_rom.cc:155:do_switch$1143$rdmux[0][5][2]$a$5030 [9:7] $memory$auto$proc_rom.cc:155:do_switch$1143$rdmux[0][5][2]$a$5030 [2] } = 4'1100
    Consolidated identical input bits for $mux cell $memory$auto$proc_rom.cc:155:do_switch$1143$rdmux[0][6][3]$5128:
      Old ports: A=$memory$auto$proc_rom.cc:155:do_switch$1143$rdmux[0][6][3]$a$5129, B=$memory$auto$proc_rom.cc:155:do_switch$1143$rdmux[0][6][3]$b$5130, Y=$memory$auto$proc_rom.cc:155:do_switch$1143$rdmux[0][5][1]$b$5028
      New ports: A={ $memory$auto$proc_rom.cc:155:do_switch$1143$rdmux[0][6][3]$a$5129 [4] 1'1 $memory$auto$proc_rom.cc:155:do_switch$1143$rdmux[0][6][3]$a$5129 [1] $memory$auto$proc_rom.cc:155:do_switch$1143$rdmux[0][6][3]$a$5129 [1] 1'1 }, B={ $memory$auto$proc_rom.cc:155:do_switch$1143$rdmux[0][6][3]$b$5130 [3] $memory$auto$proc_rom.cc:155:do_switch$1143$rdmux[0][6][3]$b$5130 [3] 2'10 $memory$auto$proc_rom.cc:155:do_switch$1143$rdmux[0][6][3]$b$5130 [0] }, Y=$memory$auto$proc_rom.cc:155:do_switch$1143$rdmux[0][5][1]$b$5028 [4:0]
      New connections: $memory$auto$proc_rom.cc:155:do_switch$1143$rdmux[0][5][1]$b$5028 [9:5] = { 4'1101 $memory$auto$proc_rom.cc:155:do_switch$1143$rdmux[0][5][1]$b$5028 [0] }
    Consolidated identical input bits for $mux cell $memory$auto$proc_rom.cc:155:do_switch$1143$rdmux[0][6][2]$5125:
      Old ports: A=$memory$auto$proc_rom.cc:155:do_switch$1143$rdmux[0][6][2]$a$5126, B=$memory$auto$proc_rom.cc:155:do_switch$1143$rdmux[0][6][2]$b$5127, Y=$memory$auto$proc_rom.cc:155:do_switch$1143$rdmux[0][5][1]$a$5027
      New ports: A={ $memory$auto$proc_rom.cc:155:do_switch$1143$rdmux[0][6][2]$a$5126 [5] $memory$auto$proc_rom.cc:155:do_switch$1143$rdmux[0][6][2]$a$5126 [1] 1'0 $memory$auto$proc_rom.cc:155:do_switch$1143$rdmux[0][6][2]$a$5126 [1] $memory$auto$proc_rom.cc:155:do_switch$1143$rdmux[0][6][2]$a$5126 [1] }, B={ 2'00 $memory$auto$proc_rom.cc:155:do_switch$1143$rdmux[0][6][2]$b$5127 [2] $memory$auto$proc_rom.cc:155:do_switch$1143$rdmux[0][6][2]$b$5127 [2:1] }, Y=$memory$auto$proc_rom.cc:155:do_switch$1143$rdmux[0][5][1]$a$5027 [5:1]
      New connections: { $memory$auto$proc_rom.cc:155:do_switch$1143$rdmux[0][5][1]$a$5027 [9:6] $memory$auto$proc_rom.cc:155:do_switch$1143$rdmux[0][5][1]$a$5027 [0] } = 5'11101
    Consolidated identical input bits for $mux cell $memory$auto$proc_rom.cc:155:do_switch$1143$rdmux[0][6][1]$5122:
      Old ports: A=$memory$auto$proc_rom.cc:155:do_switch$1143$rdmux[0][6][1]$a$5123, B=$memory$auto$proc_rom.cc:155:do_switch$1143$rdmux[0][6][1]$b$5124, Y=$memory$auto$proc_rom.cc:155:do_switch$1143$rdmux[0][5][0]$b$5025
      New ports: A={ 2'10 $memory$auto$proc_rom.cc:155:do_switch$1143$rdmux[0][6][1]$a$5123 [2] $memory$auto$proc_rom.cc:155:do_switch$1143$rdmux[0][6][1]$a$5123 [2] 1'0 $memory$auto$proc_rom.cc:155:do_switch$1143$rdmux[0][6][1]$a$5123 [0] }, B={ 2'01 $memory$auto$proc_rom.cc:155:do_switch$1143$rdmux[0][6][1]$b$5124 [3] 1'1 $memory$auto$proc_rom.cc:155:do_switch$1143$rdmux[0][6][1]$b$5124 [1] 1'0 }, Y={ $memory$auto$proc_rom.cc:155:do_switch$1143$rdmux[0][5][0]$b$5025 [6:5] $memory$auto$proc_rom.cc:155:do_switch$1143$rdmux[0][5][0]$b$5025 [3:0] }
      New connections: { $memory$auto$proc_rom.cc:155:do_switch$1143$rdmux[0][5][0]$b$5025 [9:7] $memory$auto$proc_rom.cc:155:do_switch$1143$rdmux[0][5][0]$b$5025 [4] } = { 3'111 $memory$auto$proc_rom.cc:155:do_switch$1143$rdmux[0][5][0]$b$5025 [1] }
    Consolidated identical input bits for $mux cell $memory$auto$proc_rom.cc:155:do_switch$1143$rdmux[0][6][0]$5119:
      Old ports: A=$memory$auto$proc_rom.cc:155:do_switch$1143$rdmux[0][6][0]$a$5120, B=$memory$auto$proc_rom.cc:155:do_switch$1143$rdmux[0][6][0]$b$5121, Y=$memory$auto$proc_rom.cc:155:do_switch$1143$rdmux[0][5][0]$a$5024
      New ports: A={ 1'1 $memory$auto$proc_rom.cc:155:do_switch$1143$rdmux[0][6][0]$a$5120 [4] 1'1 $memory$auto$proc_rom.cc:155:do_switch$1143$rdmux[0][6][0]$a$5120 [2] 1'0 }, B={ $memory$auto$proc_rom.cc:155:do_switch$1143$rdmux[0][6][0]$b$5121 [5] $memory$auto$proc_rom.cc:155:do_switch$1143$rdmux[0][6][0]$b$5121 [2] 1'0 $memory$auto$proc_rom.cc:155:do_switch$1143$rdmux[0][6][0]$b$5121 [2] 1'1 }, Y={ $memory$auto$proc_rom.cc:155:do_switch$1143$rdmux[0][5][0]$a$5024 [5:2] $memory$auto$proc_rom.cc:155:do_switch$1143$rdmux[0][5][0]$a$5024 [0] }
      New connections: { $memory$auto$proc_rom.cc:155:do_switch$1143$rdmux[0][5][0]$a$5024 [9:6] $memory$auto$proc_rom.cc:155:do_switch$1143$rdmux[0][5][0]$a$5024 [1] } = 5'11111
    Consolidated identical input bits for $mux cell $procmux$1922:
      Old ports: A=$8\approximate_rsqrt$func$rtl/fp16_rsqrt_lut256.sv:79$229.leading_one[31:0]$341, B=8, Y=$9\approximate_rsqrt$func$rtl/fp16_rsqrt_lut256.sv:79$229.leading_one[31:0]$344
      New ports: A={ $8\approximate_rsqrt$func$rtl/fp16_rsqrt_lut256.sv:79$229.leading_one[31:0]$341 [1] 1'1 }, B=2'00, Y=$9\approximate_rsqrt$func$rtl/fp16_rsqrt_lut256.sv:79$229.leading_one[31:0]$344 [1:0]
      New connections: $9\approximate_rsqrt$func$rtl/fp16_rsqrt_lut256.sv:79$229.leading_one[31:0]$344 [31:2] = { $9\approximate_rsqrt$func$rtl/fp16_rsqrt_lut256.sv:79$229.leading_one[31:0]$344 [1] $9\approximate_rsqrt$func$rtl/fp16_rsqrt_lut256.sv:79$229.leading_one[31:0]$344 [1] $9\approximate_rsqrt$func$rtl/fp16_rsqrt_lut256.sv:79$229.leading_one[31:0]$344 [1] $9\approximate_rsqrt$func$rtl/fp16_rsqrt_lut256.sv:79$229.leading_one[31:0]$344 [1] $9\approximate_rsqrt$func$rtl/fp16_rsqrt_lut256.sv:79$229.leading_one[31:0]$344 [1] $9\approximate_rsqrt$func$rtl/fp16_rsqrt_lut256.sv:79$229.leading_one[31:0]$344 [1] $9\approximate_rsqrt$func$rtl/fp16_rsqrt_lut256.sv:79$229.leading_one[31:0]$344 [1] $9\approximate_rsqrt$func$rtl/fp16_rsqrt_lut256.sv:79$229.leading_one[31:0]$344 [1] $9\approximate_rsqrt$func$rtl/fp16_rsqrt_lut256.sv:79$229.leading_one[31:0]$344 [1] $9\approximate_rsqrt$func$rtl/fp16_rsqrt_lut256.sv:79$229.leading_one[31:0]$344 [1] $9\approximate_rsqrt$func$rtl/fp16_rsqrt_lut256.sv:79$229.leading_one[31:0]$344 [1] $9\approximate_rsqrt$func$rtl/fp16_rsqrt_lut256.sv:79$229.leading_one[31:0]$344 [1] $9\approximate_rsqrt$func$rtl/fp16_rsqrt_lut256.sv:79$229.leading_one[31:0]$344 [1] $9\approximate_rsqrt$func$rtl/fp16_rsqrt_lut256.sv:79$229.leading_one[31:0]$344 [1] $9\approximate_rsqrt$func$rtl/fp16_rsqrt_lut256.sv:79$229.leading_one[31:0]$344 [1] $9\approximate_rsqrt$func$rtl/fp16_rsqrt_lut256.sv:79$229.leading_one[31:0]$344 [1] $9\approximate_rsqrt$func$rtl/fp16_rsqrt_lut256.sv:79$229.leading_one[31:0]$344 [1] $9\approximate_rsqrt$func$rtl/fp16_rsqrt_lut256.sv:79$229.leading_one[31:0]$344 [1] $9\approximate_rsqrt$func$rtl/fp16_rsqrt_lut256.sv:79$229.leading_one[31:0]$344 [1] $9\approximate_rsqrt$func$rtl/fp16_rsqrt_lut256.sv:79$229.leading_one[31:0]$344 [1] $9\approximate_rsqrt$func$rtl/fp16_rsqrt_lut256.sv:79$229.leading_one[31:0]$344 [1] $9\approximate_rsqrt$func$rtl/fp16_rsqrt_lut256.sv:79$229.leading_one[31:0]$344 [1] $9\approximate_rsqrt$func$rtl/fp16_rsqrt_lut256.sv:79$229.leading_one[31:0]$344 [1] $9\approximate_rsqrt$func$rtl/fp16_rsqrt_lut256.sv:79$229.leading_one[31:0]$344 [1] $9\approximate_rsqrt$func$rtl/fp16_rsqrt_lut256.sv:79$229.leading_one[31:0]$344 [1] $9\approximate_rsqrt$func$rtl/fp16_rsqrt_lut256.sv:79$229.leading_one[31:0]$344 [1] $9\approximate_rsqrt$func$rtl/fp16_rsqrt_lut256.sv:79$229.leading_one[31:0]$344 [1] $9\approximate_rsqrt$func$rtl/fp16_rsqrt_lut256.sv:79$229.leading_one[31:0]$344 [1] 1'1 $9\approximate_rsqrt$func$rtl/fp16_rsqrt_lut256.sv:79$229.leading_one[31:0]$344 [1] }
  Optimizing cells in module \fp16_rsqrt_lut256.
    Consolidated identical input bits for $mux cell $memory$auto$proc_rom.cc:155:do_switch$1143$rdmux[0][5][31]$5116:
      Old ports: A=$memory$auto$proc_rom.cc:155:do_switch$1143$rdmux[0][5][31]$a$5117, B=$memory$auto$proc_rom.cc:155:do_switch$1143$rdmux[0][5][31]$b$5118, Y=$memory$auto$proc_rom.cc:155:do_switch$1143$rdmux[0][4][15]$b$5022
      New ports: A=$memory$auto$proc_rom.cc:155:do_switch$1143$rdmux[0][5][31]$a$5117 [3:0], B={ 1'0 $memory$auto$proc_rom.cc:155:do_switch$1143$rdmux[0][5][31]$b$5118 [2:0] }, Y=$memory$auto$proc_rom.cc:155:do_switch$1143$rdmux[0][4][15]$b$5022 [3:0]
      New connections: $memory$auto$proc_rom.cc:155:do_switch$1143$rdmux[0][4][15]$b$5022 [9:4] = 6'000000
    Consolidated identical input bits for $mux cell $memory$auto$proc_rom.cc:155:do_switch$1143$rdmux[0][5][30]$5113:
      Old ports: A=$memory$auto$proc_rom.cc:155:do_switch$1143$rdmux[0][5][30]$a$5114, B=$memory$auto$proc_rom.cc:155:do_switch$1143$rdmux[0][5][30]$b$5115, Y=$memory$auto$proc_rom.cc:155:do_switch$1143$rdmux[0][4][15]$a$5021
      New ports: A={ 1'1 $memory$auto$proc_rom.cc:155:do_switch$1143$rdmux[0][5][30]$a$5114 [3:0] }, B={ $memory$auto$proc_rom.cc:155:do_switch$1143$rdmux[0][5][30]$b$5115 [4] $memory$auto$proc_rom.cc:155:do_switch$1143$rdmux[0][5][30]$b$5115 [0] $memory$auto$proc_rom.cc:155:do_switch$1143$rdmux[0][5][30]$b$5115 [0] $memory$auto$proc_rom.cc:155:do_switch$1143$rdmux[0][5][30]$b$5115 [1:0] }, Y=$memory$auto$proc_rom.cc:155:do_switch$1143$rdmux[0][4][15]$a$5021 [4:0]
      New connections: $memory$auto$proc_rom.cc:155:do_switch$1143$rdmux[0][4][15]$a$5021 [9:5] = 5'00000
    Consolidated identical input bits for $mux cell $memory$auto$proc_rom.cc:155:do_switch$1143$rdmux[0][5][29]$5110:
      Old ports: A=$memory$auto$proc_rom.cc:155:do_switch$1143$rdmux[0][5][29]$a$5111, B=$memory$auto$proc_rom.cc:155:do_switch$1143$rdmux[0][5][29]$b$5112, Y=$memory$auto$proc_rom.cc:155:do_switch$1143$rdmux[0][4][14]$b$5019
      New ports: A={ 2'10 $memory$auto$proc_rom.cc:155:do_switch$1143$rdmux[0][5][29]$a$5111 [2:0] }, B={ 2'01 $memory$auto$proc_rom.cc:155:do_switch$1143$rdmux[0][5][29]$b$5112 [2:0] }, Y={ $memory$auto$proc_rom.cc:155:do_switch$1143$rdmux[0][4][14]$b$5019 [5] $memory$auto$proc_rom.cc:155:do_switch$1143$rdmux[0][4][14]$b$5019 [3:0] }
      New connections: { $memory$auto$proc_rom.cc:155:do_switch$1143$rdmux[0][4][14]$b$5019 [9:6] $memory$auto$proc_rom.cc:155:do_switch$1143$rdmux[0][4][14]$b$5019 [4] } = { 4'0000 $memory$auto$proc_rom.cc:155:do_switch$1143$rdmux[0][4][14]$b$5019 [3] }
    Consolidated identical input bits for $mux cell $memory$auto$proc_rom.cc:155:do_switch$1143$rdmux[0][5][28]$5107:
      Old ports: A=$memory$auto$proc_rom.cc:155:do_switch$1143$rdmux[0][5][28]$a$5108, B=$memory$auto$proc_rom.cc:155:do_switch$1143$rdmux[0][5][28]$b$5109, Y=$memory$auto$proc_rom.cc:155:do_switch$1143$rdmux[0][4][14]$a$5018
      New ports: A={ $memory$auto$proc_rom.cc:155:do_switch$1143$rdmux[0][5][28]$a$5108 [4] $memory$auto$proc_rom.cc:155:do_switch$1143$rdmux[0][5][28]$a$5108 [2] $memory$auto$proc_rom.cc:155:do_switch$1143$rdmux[0][5][28]$a$5108 [2:0] }, B={ 1'0 $memory$auto$proc_rom.cc:155:do_switch$1143$rdmux[0][5][28]$b$5109 [3:0] }, Y=$memory$auto$proc_rom.cc:155:do_switch$1143$rdmux[0][4][14]$a$5018 [4:0]
      New connections: $memory$auto$proc_rom.cc:155:do_switch$1143$rdmux[0][4][14]$a$5018 [9:5] = 5'00001
    Consolidated identical input bits for $mux cell $memory$auto$proc_rom.cc:155:do_switch$1143$rdmux[0][5][27]$5104:
      Old ports: A=$memory$auto$proc_rom.cc:155:do_switch$1143$rdmux[0][5][27]$a$5105, B=$memory$auto$proc_rom.cc:155:do_switch$1143$rdmux[0][5][27]$b$5106, Y=$memory$auto$proc_rom.cc:155:do_switch$1143$rdmux[0][4][13]$b$5016
      New ports: A={ $memory$auto$proc_rom.cc:155:do_switch$1143$rdmux[0][5][27]$a$5105 [6] $memory$auto$proc_rom.cc:155:do_switch$1143$rdmux[0][5][27]$a$5105 [2] $memory$auto$proc_rom.cc:155:do_switch$1143$rdmux[0][5][27]$a$5105 [2] $memory$auto$proc_rom.cc:155:do_switch$1143$rdmux[0][5][27]$a$5105 [2:0] }, B={ 2'01 $memory$auto$proc_rom.cc:155:do_switch$1143$rdmux[0][5][27]$b$5106 [3:0] }, Y={ $memory$auto$proc_rom.cc:155:do_switch$1143$rdmux[0][4][13]$b$5016 [6] $memory$auto$proc_rom.cc:155:do_switch$1143$rdmux[0][4][13]$b$5016 [4:0] }
      New connections: { $memory$auto$proc_rom.cc:155:do_switch$1143$rdmux[0][4][13]$b$5016 [9:7] $memory$auto$proc_rom.cc:155:do_switch$1143$rdmux[0][4][13]$b$5016 [5] } = { 3'000 $memory$auto$proc_rom.cc:155:do_switch$1143$rdmux[0][4][13]$b$5016 [4] }
    Consolidated identical input bits for $mux cell $memory$auto$proc_rom.cc:155:do_switch$1143$rdmux[0][5][26]$5101:
      Old ports: A=$memory$auto$proc_rom.cc:155:do_switch$1143$rdmux[0][5][26]$a$5102, B=$memory$auto$proc_rom.cc:155:do_switch$1143$rdmux[0][5][26]$b$5103, Y=$memory$auto$proc_rom.cc:155:do_switch$1143$rdmux[0][4][13]$a$5015
      New ports: A={ $memory$auto$proc_rom.cc:155:do_switch$1143$rdmux[0][5][26]$a$5102 [4:1] 1'0 }, B={ 1'0 $memory$auto$proc_rom.cc:155:do_switch$1143$rdmux[0][5][26]$b$5103 [3:0] }, Y=$memory$auto$proc_rom.cc:155:do_switch$1143$rdmux[0][4][13]$a$5015 [4:0]
      New connections: $memory$auto$proc_rom.cc:155:do_switch$1143$rdmux[0][4][13]$a$5015 [9:5] = 5'00010
    Consolidated identical input bits for $mux cell $memory$auto$proc_rom.cc:155:do_switch$1143$rdmux[0][5][25]$5098:
      Old ports: A=$memory$auto$proc_rom.cc:155:do_switch$1143$rdmux[0][5][25]$a$5099, B=$memory$auto$proc_rom.cc:155:do_switch$1143$rdmux[0][5][25]$b$5100, Y=$memory$auto$proc_rom.cc:155:do_switch$1143$rdmux[0][4][12]$b$5013
      New ports: A={ 1'1 $memory$auto$proc_rom.cc:155:do_switch$1143$rdmux[0][5][25]$a$5099 [2:1] 1'1 }, B={ 1'0 $memory$auto$proc_rom.cc:155:do_switch$1143$rdmux[0][5][25]$b$5100 [2:0] }, Y=$memory$auto$proc_rom.cc:155:do_switch$1143$rdmux[0][4][12]$b$5013 [3:0]
      New connections: $memory$auto$proc_rom.cc:155:do_switch$1143$rdmux[0][4][12]$b$5013 [9:4] = 6'000101
    Consolidated identical input bits for $mux cell $memory$auto$proc_rom.cc:155:do_switch$1143$rdmux[0][5][24]$5095:
      Old ports: A=$memory$auto$proc_rom.cc:155:do_switch$1143$rdmux[0][5][24]$a$5096, B=$memory$auto$proc_rom.cc:155:do_switch$1143$rdmux[0][5][24]$b$5097, Y=$memory$auto$proc_rom.cc:155:do_switch$1143$rdmux[0][4][12]$a$5012
      New ports: A={ 1'1 $memory$auto$proc_rom.cc:155:do_switch$1143$rdmux[0][5][24]$a$5096 [2:1] }, B={ 1'0 $memory$auto$proc_rom.cc:155:do_switch$1143$rdmux[0][5][24]$b$5097 [2:1] }, Y=$memory$auto$proc_rom.cc:155:do_switch$1143$rdmux[0][4][12]$a$5012 [3:1]
      New connections: { $memory$auto$proc_rom.cc:155:do_switch$1143$rdmux[0][4][12]$a$5012 [9:4] $memory$auto$proc_rom.cc:155:do_switch$1143$rdmux[0][4][12]$a$5012 [0] } = 7'0001101
    Consolidated identical input bits for $mux cell $memory$auto$proc_rom.cc:155:do_switch$1143$rdmux[0][5][23]$5092:
      Old ports: A=$memory$auto$proc_rom.cc:155:do_switch$1143$rdmux[0][5][23]$a$5093, B=$memory$auto$proc_rom.cc:155:do_switch$1143$rdmux[0][5][23]$b$5094, Y=$memory$auto$proc_rom.cc:155:do_switch$1143$rdmux[0][4][11]$b$5010
      New ports: A={ $memory$auto$proc_rom.cc:155:do_switch$1143$rdmux[0][5][23]$a$5093 [7] $memory$auto$proc_rom.cc:155:do_switch$1143$rdmux[0][5][23]$a$5093 [3] $memory$auto$proc_rom.cc:155:do_switch$1143$rdmux[0][5][23]$a$5093 [3:0] }, B={ 3'010 $memory$auto$proc_rom.cc:155:do_switch$1143$rdmux[0][5][23]$b$5094 [2:1] 1'1 }, Y={ $memory$auto$proc_rom.cc:155:do_switch$1143$rdmux[0][4][11]$b$5010 [7] $memory$auto$proc_rom.cc:155:do_switch$1143$rdmux[0][4][11]$b$5010 [4:0] }
      New connections: { $memory$auto$proc_rom.cc:155:do_switch$1143$rdmux[0][4][11]$b$5010 [9:8] $memory$auto$proc_rom.cc:155:do_switch$1143$rdmux[0][4][11]$b$5010 [6:5] } = { 2'00 $memory$auto$proc_rom.cc:155:do_switch$1143$rdmux[0][4][11]$b$5010 [4] $memory$auto$proc_rom.cc:155:do_switch$1143$rdmux[0][4][11]$b$5010 [4] }
    Consolidated identical input bits for $mux cell $memory$auto$proc_rom.cc:155:do_switch$1143$rdmux[0][5][22]$5089:
      Old ports: A=$memory$auto$proc_rom.cc:155:do_switch$1143$rdmux[0][5][22]$a$5090, B=$memory$auto$proc_rom.cc:155:do_switch$1143$rdmux[0][5][22]$b$5091, Y=$memory$auto$proc_rom.cc:155:do_switch$1143$rdmux[0][4][11]$a$5009
      New ports: A={ $memory$auto$proc_rom.cc:155:do_switch$1143$rdmux[0][5][22]$a$5090 [4:1] 1'1 }, B={ 1'0 $memory$auto$proc_rom.cc:155:do_switch$1143$rdmux[0][5][22]$b$5091 [3:1] 1'0 }, Y=$memory$auto$proc_rom.cc:155:do_switch$1143$rdmux[0][4][11]$a$5009 [4:0]
      New connections: $memory$auto$proc_rom.cc:155:do_switch$1143$rdmux[0][4][11]$a$5009 [9:5] = 5'00100
    Consolidated identical input bits for $mux cell $memory$auto$proc_rom.cc:155:do_switch$1143$rdmux[0][5][21]$5086:
      Old ports: A=$memory$auto$proc_rom.cc:155:do_switch$1143$rdmux[0][5][21]$a$5087, B=$memory$auto$proc_rom.cc:155:do_switch$1143$rdmux[0][5][21]$b$5088, Y=$memory$auto$proc_rom.cc:155:do_switch$1143$rdmux[0][4][10]$b$5007
      New ports: A={ $memory$auto$proc_rom.cc:155:do_switch$1143$rdmux[0][5][21]$a$5087 [5] $memory$auto$proc_rom.cc:155:do_switch$1143$rdmux[0][5][21]$a$5087 [2] $memory$auto$proc_rom.cc:155:do_switch$1143$rdmux[0][5][21]$a$5087 [2] $memory$auto$proc_rom.cc:155:do_switch$1143$rdmux[0][5][21]$a$5087 [2:0] }, B={ 2'01 $memory$auto$proc_rom.cc:155:do_switch$1143$rdmux[0][5][21]$b$5088 [3:0] }, Y=$memory$auto$proc_rom.cc:155:do_switch$1143$rdmux[0][4][10]$b$5007 [5:0]
      New connections: $memory$auto$proc_rom.cc:155:do_switch$1143$rdmux[0][4][10]$b$5007 [9:6] = 4'0010
    Consolidated identical input bits for $mux cell $memory$auto$proc_rom.cc:155:do_switch$1143$rdmux[0][5][20]$5083:
      Old ports: A=$memory$auto$proc_rom.cc:155:do_switch$1143$rdmux[0][5][20]$a$5084, B=$memory$auto$proc_rom.cc:155:do_switch$1143$rdmux[0][5][20]$b$5085, Y=$memory$auto$proc_rom.cc:155:do_switch$1143$rdmux[0][4][10]$a$5006
      New ports: A=$memory$auto$proc_rom.cc:155:do_switch$1143$rdmux[0][5][20]$a$5084 [4:0], B={ 1'0 $memory$auto$proc_rom.cc:155:do_switch$1143$rdmux[0][5][20]$b$5085 [3:0] }, Y=$memory$auto$proc_rom.cc:155:do_switch$1143$rdmux[0][4][10]$a$5006 [4:0]
      New connections: $memory$auto$proc_rom.cc:155:do_switch$1143$rdmux[0][4][10]$a$5006 [9:5] = 5'00101
    Consolidated identical input bits for $mux cell $memory$auto$proc_rom.cc:155:do_switch$1143$rdmux[0][5][19]$5080:
      Old ports: A=$memory$auto$proc_rom.cc:155:do_switch$1143$rdmux[0][5][19]$a$5081, B=$memory$auto$proc_rom.cc:155:do_switch$1143$rdmux[0][5][19]$b$5082, Y=$memory$auto$proc_rom.cc:155:do_switch$1143$rdmux[0][4][9]$b$5004
      New ports: A={ 2'10 $memory$auto$proc_rom.cc:155:do_switch$1143$rdmux[0][5][19]$a$5081 [3:0] }, B={ $memory$auto$proc_rom.cc:155:do_switch$1143$rdmux[0][5][19]$b$5082 [6] $memory$auto$proc_rom.cc:155:do_switch$1143$rdmux[0][5][19]$b$5082 [3] $memory$auto$proc_rom.cc:155:do_switch$1143$rdmux[0][5][19]$b$5082 [3:0] }, Y={ $memory$auto$proc_rom.cc:155:do_switch$1143$rdmux[0][4][9]$b$5004 [6] $memory$auto$proc_rom.cc:155:do_switch$1143$rdmux[0][4][9]$b$5004 [4:0] }
      New connections: { $memory$auto$proc_rom.cc:155:do_switch$1143$rdmux[0][4][9]$b$5004 [9:7] $memory$auto$proc_rom.cc:155:do_switch$1143$rdmux[0][4][9]$b$5004 [5] } = { 3'001 $memory$auto$proc_rom.cc:155:do_switch$1143$rdmux[0][4][9]$b$5004 [4] }
    Consolidated identical input bits for $mux cell $memory$auto$proc_rom.cc:155:do_switch$1143$rdmux[0][5][18]$5077:
      Old ports: A=$memory$auto$proc_rom.cc:155:do_switch$1143$rdmux[0][5][18]$a$5078, B=$memory$auto$proc_rom.cc:155:do_switch$1143$rdmux[0][5][18]$b$5079, Y=$memory$auto$proc_rom.cc:155:do_switch$1143$rdmux[0][4][9]$a$5003
      New ports: A={ $memory$auto$proc_rom.cc:155:do_switch$1143$rdmux[0][5][18]$a$5078 [5] $memory$auto$proc_rom.cc:155:do_switch$1143$rdmux[0][5][18]$a$5078 [3] $memory$auto$proc_rom.cc:155:do_switch$1143$rdmux[0][5][18]$a$5078 [3:0] }, B={ 1'0 $memory$auto$proc_rom.cc:155:do_switch$1143$rdmux[0][5][18]$b$5079 [4:0] }, Y=$memory$auto$proc_rom.cc:155:do_switch$1143$rdmux[0][4][9]$a$5003 [5:0]
      New connections: $memory$auto$proc_rom.cc:155:do_switch$1143$rdmux[0][4][9]$a$5003 [9:6] = 4'0011
    Consolidated identical input bits for $mux cell $memory$auto$proc_rom.cc:155:do_switch$1143$rdmux[0][5][17]$5074:
      Old ports: A=$memory$auto$proc_rom.cc:155:do_switch$1143$rdmux[0][5][17]$a$5075, B=$memory$auto$proc_rom.cc:155:do_switch$1143$rdmux[0][5][17]$b$5076, Y=$memory$auto$proc_rom.cc:155:do_switch$1143$rdmux[0][4][8]$b$5001
      New ports: A=$memory$auto$proc_rom.cc:155:do_switch$1143$rdmux[0][5][17]$a$5075 [4:0], B={ 1'0 $memory$auto$proc_rom.cc:155:do_switch$1143$rdmux[0][5][17]$b$5076 [3:0] }, Y=$memory$auto$proc_rom.cc:155:do_switch$1143$rdmux[0][4][8]$b$5001 [4:0]
      New connections: $memory$auto$proc_rom.cc:155:do_switch$1143$rdmux[0][4][8]$b$5001 [9:5] = 5'00111
    Consolidated identical input bits for $mux cell $memory$auto$proc_rom.cc:155:do_switch$1143$rdmux[0][5][16]$5071:
      Old ports: A=$memory$auto$proc_rom.cc:155:do_switch$1143$rdmux[0][5][16]$a$5072, B=$memory$auto$proc_rom.cc:155:do_switch$1143$rdmux[0][5][16]$b$5073, Y=$memory$auto$proc_rom.cc:155:do_switch$1143$rdmux[0][4][8]$a$5000
      New ports: A={ 2'10 $memory$auto$proc_rom.cc:155:do_switch$1143$rdmux[0][5][16]$a$5072 [3:0] }, B={ $memory$auto$proc_rom.cc:155:do_switch$1143$rdmux[0][5][16]$b$5073 [8] $memory$auto$proc_rom.cc:155:do_switch$1143$rdmux[0][5][16]$b$5073 [3] $memory$auto$proc_rom.cc:155:do_switch$1143$rdmux[0][5][16]$b$5073 [3:0] }, Y={ $memory$auto$proc_rom.cc:155:do_switch$1143$rdmux[0][4][8]$a$5000 [8] $memory$auto$proc_rom.cc:155:do_switch$1143$rdmux[0][4][8]$a$5000 [4:0] }
      New connections: { $memory$auto$proc_rom.cc:155:do_switch$1143$rdmux[0][4][8]$a$5000 [9] $memory$auto$proc_rom.cc:155:do_switch$1143$rdmux[0][4][8]$a$5000 [7:5] } = { 1'0 $memory$auto$proc_rom.cc:155:do_switch$1143$rdmux[0][4][8]$a$5000 [4] $memory$auto$proc_rom.cc:155:do_switch$1143$rdmux[0][4][8]$a$5000 [4] $memory$auto$proc_rom.cc:155:do_switch$1143$rdmux[0][4][8]$a$5000 [4] }
    Consolidated identical input bits for $mux cell $memory$auto$proc_rom.cc:155:do_switch$1143$rdmux[0][5][15]$5068:
      Old ports: A=$memory$auto$proc_rom.cc:155:do_switch$1143$rdmux[0][5][15]$a$5069, B=$memory$auto$proc_rom.cc:155:do_switch$1143$rdmux[0][5][15]$b$5070, Y=$memory$auto$proc_rom.cc:155:do_switch$1143$rdmux[0][4][7]$b$4998
      New ports: A={ $memory$auto$proc_rom.cc:155:do_switch$1143$rdmux[0][5][15]$a$5069 [5] $memory$auto$proc_rom.cc:155:do_switch$1143$rdmux[0][5][15]$a$5069 [3] $memory$auto$proc_rom.cc:155:do_switch$1143$rdmux[0][5][15]$a$5069 [3:0] }, B={ 2'01 $memory$auto$proc_rom.cc:155:do_switch$1143$rdmux[0][5][15]$b$5070 [3:0] }, Y=$memory$auto$proc_rom.cc:155:do_switch$1143$rdmux[0][4][7]$b$4998 [5:0]
      New connections: $memory$auto$proc_rom.cc:155:do_switch$1143$rdmux[0][4][7]$b$4998 [9:6] = 4'0100
    Consolidated identical input bits for $mux cell $memory$auto$proc_rom.cc:155:do_switch$1143$rdmux[0][5][14]$5065:
      Old ports: A=$memory$auto$proc_rom.cc:155:do_switch$1143$rdmux[0][5][14]$a$5066, B=$memory$auto$proc_rom.cc:155:do_switch$1143$rdmux[0][5][14]$b$5067, Y=$memory$auto$proc_rom.cc:155:do_switch$1143$rdmux[0][4][7]$a$4997
      New ports: A={ $memory$auto$proc_rom.cc:155:do_switch$1143$rdmux[0][5][14]$a$5066 [6] $memory$auto$proc_rom.cc:155:do_switch$1143$rdmux[0][5][14]$a$5066 [1] $memory$auto$proc_rom.cc:155:do_switch$1143$rdmux[0][5][14]$a$5066 [1] $memory$auto$proc_rom.cc:155:do_switch$1143$rdmux[0][5][14]$a$5066 [3:0] }, B={ 2'01 $memory$auto$proc_rom.cc:155:do_switch$1143$rdmux[0][5][14]$b$5067 [4:0] }, Y=$memory$auto$proc_rom.cc:155:do_switch$1143$rdmux[0][4][7]$a$4997 [6:0]
      New connections: $memory$auto$proc_rom.cc:155:do_switch$1143$rdmux[0][4][7]$a$4997 [9:7] = 3'010
    Consolidated identical input bits for $mux cell $memory$auto$proc_rom.cc:155:do_switch$1143$rdmux[0][5][13]$5062:
      Old ports: A=$memory$auto$proc_rom.cc:155:do_switch$1143$rdmux[0][5][13]$a$5063, B=$memory$auto$proc_rom.cc:155:do_switch$1143$rdmux[0][5][13]$b$5064, Y=$memory$auto$proc_rom.cc:155:do_switch$1143$rdmux[0][4][6]$b$4995
      New ports: A={ 1'1 $memory$auto$proc_rom.cc:155:do_switch$1143$rdmux[0][5][13]$a$5063 [3:0] }, B={ 1'0 $memory$auto$proc_rom.cc:155:do_switch$1143$rdmux[0][5][13]$b$5064 [3:2] $memory$auto$proc_rom.cc:155:do_switch$1143$rdmux[0][5][13]$b$5064 [0] $memory$auto$proc_rom.cc:155:do_switch$1143$rdmux[0][5][13]$b$5064 [0] }, Y=$memory$auto$proc_rom.cc:155:do_switch$1143$rdmux[0][4][6]$b$4995 [4:0]
      New connections: $memory$auto$proc_rom.cc:155:do_switch$1143$rdmux[0][4][6]$b$4995 [9:5] = 5'01010
    Consolidated identical input bits for $mux cell $memory$auto$proc_rom.cc:155:do_switch$1143$rdmux[0][5][12]$5059:
      Old ports: A=$memory$auto$proc_rom.cc:155:do_switch$1143$rdmux[0][5][12]$a$5060, B=$memory$auto$proc_rom.cc:155:do_switch$1143$rdmux[0][5][12]$b$5061, Y=$memory$auto$proc_rom.cc:155:do_switch$1143$rdmux[0][4][6]$a$4994
      New ports: A={ 1'1 $memory$auto$proc_rom.cc:155:do_switch$1143$rdmux[0][5][12]$a$5060 [3:2] $memory$auto$proc_rom.cc:155:do_switch$1143$rdmux[0][5][12]$a$5060 [0] $memory$auto$proc_rom.cc:155:do_switch$1143$rdmux[0][5][12]$a$5060 [0] }, B={ 1'0 $memory$auto$proc_rom.cc:155:do_switch$1143$rdmux[0][5][12]$b$5061 [3:2] 1'0 $memory$auto$proc_rom.cc:155:do_switch$1143$rdmux[0][5][12]$b$5061 [0] }, Y=$memory$auto$proc_rom.cc:155:do_switch$1143$rdmux[0][4][6]$a$4994 [4:0]
      New connections: $memory$auto$proc_rom.cc:155:do_switch$1143$rdmux[0][4][6]$a$4994 [9:5] = 5'01011
    Consolidated identical input bits for $mux cell $memory$auto$proc_rom.cc:155:do_switch$1143$rdmux[0][5][11]$5056:
      Old ports: A=$memory$auto$proc_rom.cc:155:do_switch$1143$rdmux[0][5][11]$a$5057, B=$memory$auto$proc_rom.cc:155:do_switch$1143$rdmux[0][5][11]$b$5058, Y=$memory$auto$proc_rom.cc:155:do_switch$1143$rdmux[0][4][5]$b$4992
      New ports: A={ 2'10 $memory$auto$proc_rom.cc:155:do_switch$1143$rdmux[0][5][11]$a$5057 [4:2] }, B={ $memory$auto$proc_rom.cc:155:do_switch$1143$rdmux[0][5][11]$b$5058 [7] $memory$auto$proc_rom.cc:155:do_switch$1143$rdmux[0][5][11]$b$5058 [4] $memory$auto$proc_rom.cc:155:do_switch$1143$rdmux[0][5][11]$b$5058 [4:2] }, Y={ $memory$auto$proc_rom.cc:155:do_switch$1143$rdmux[0][4][5]$b$4992 [7] $memory$auto$proc_rom.cc:155:do_switch$1143$rdmux[0][4][5]$b$4992 [5:2] }
      New connections: { $memory$auto$proc_rom.cc:155:do_switch$1143$rdmux[0][4][5]$b$4992 [9:8] $memory$auto$proc_rom.cc:155:do_switch$1143$rdmux[0][4][5]$b$4992 [6] $memory$auto$proc_rom.cc:155:do_switch$1143$rdmux[0][4][5]$b$4992 [1:0] } = { 2'01 $memory$auto$proc_rom.cc:155:do_switch$1143$rdmux[0][4][5]$b$4992 [5] 2'11 }
    Consolidated identical input bits for $mux cell $memory$auto$proc_rom.cc:155:do_switch$1143$rdmux[0][5][10]$5053:
      Old ports: A=$memory$auto$proc_rom.cc:155:do_switch$1143$rdmux[0][5][10]$a$5054, B=$memory$auto$proc_rom.cc:155:do_switch$1143$rdmux[0][5][10]$b$5055, Y=$memory$auto$proc_rom.cc:155:do_switch$1143$rdmux[0][4][5]$a$4991
      New ports: A={ 2'11 $memory$auto$proc_rom.cc:155:do_switch$1143$rdmux[0][5][10]$a$5054 [0] $memory$auto$proc_rom.cc:155:do_switch$1143$rdmux[0][5][10]$a$5054 [2] 1'0 $memory$auto$proc_rom.cc:155:do_switch$1143$rdmux[0][5][10]$a$5054 [0] }, B={ $memory$auto$proc_rom.cc:155:do_switch$1143$rdmux[0][5][10]$b$5055 [5:2] $memory$auto$proc_rom.cc:155:do_switch$1143$rdmux[0][5][10]$b$5055 [0] $memory$auto$proc_rom.cc:155:do_switch$1143$rdmux[0][5][10]$b$5055 [0] }, Y=$memory$auto$proc_rom.cc:155:do_switch$1143$rdmux[0][4][5]$a$4991 [5:0]
      New connections: $memory$auto$proc_rom.cc:155:do_switch$1143$rdmux[0][4][5]$a$4991 [9:6] = 4'0110
    Consolidated identical input bits for $mux cell $memory$auto$proc_rom.cc:155:do_switch$1143$rdmux[0][5][9]$5050:
      Old ports: A=$memory$auto$proc_rom.cc:155:do_switch$1143$rdmux[0][5][9]$a$5051, B=$memory$auto$proc_rom.cc:155:do_switch$1143$rdmux[0][5][9]$b$5052, Y=$memory$auto$proc_rom.cc:155:do_switch$1143$rdmux[0][4][4]$b$4989
      New ports: A={ $memory$auto$proc_rom.cc:155:do_switch$1143$rdmux[0][5][9]$a$5051 [1] $memory$auto$proc_rom.cc:155:do_switch$1143$rdmux[0][5][9]$a$5051 [4:0] }, B={ 2'00 $memory$auto$proc_rom.cc:155:do_switch$1143$rdmux[0][5][9]$b$5052 [0] $memory$auto$proc_rom.cc:155:do_switch$1143$rdmux[0][5][9]$b$5052 [2] 1'1 $memory$auto$proc_rom.cc:155:do_switch$1143$rdmux[0][5][9]$b$5052 [0] }, Y=$memory$auto$proc_rom.cc:155:do_switch$1143$rdmux[0][4][4]$b$4989 [5:0]
      New connections: $memory$auto$proc_rom.cc:155:do_switch$1143$rdmux[0][4][4]$b$4989 [9:6] = 4'0111
    Consolidated identical input bits for $mux cell $memory$auto$proc_rom.cc:155:do_switch$1143$rdmux[0][5][8]$5047:
      Old ports: A=$memory$auto$proc_rom.cc:155:do_switch$1143$rdmux[0][5][8]$a$5048, B=$memory$auto$proc_rom.cc:155:do_switch$1143$rdmux[0][5][8]$b$5049, Y=$memory$auto$proc_rom.cc:155:do_switch$1143$rdmux[0][4][4]$a$4988
      New ports: A={ $memory$auto$proc_rom.cc:155:do_switch$1143$rdmux[0][5][8]$a$5048 [9] $memory$auto$proc_rom.cc:155:do_switch$1143$rdmux[0][5][8]$a$5048 [4] $memory$auto$proc_rom.cc:155:do_switch$1143$rdmux[0][5][8]$a$5048 [4] $memory$auto$proc_rom.cc:155:do_switch$1143$rdmux[0][5][8]$a$5048 [1] $memory$auto$proc_rom.cc:155:do_switch$1143$rdmux[0][5][8]$a$5048 [2:0] }, B={ 2'01 $memory$auto$proc_rom.cc:155:do_switch$1143$rdmux[0][5][8]$b$5049 [4:0] }, Y={ $memory$auto$proc_rom.cc:155:do_switch$1143$rdmux[0][4][4]$a$4988 [9] $memory$auto$proc_rom.cc:155:do_switch$1143$rdmux[0][4][4]$a$4988 [5:0] }
      New connections: $memory$auto$proc_rom.cc:155:do_switch$1143$rdmux[0][4][4]$a$4988 [8:6] = { $memory$auto$proc_rom.cc:155:do_switch$1143$rdmux[0][4][4]$a$4988 [5] $memory$auto$proc_rom.cc:155:do_switch$1143$rdmux[0][4][4]$a$4988 [5] $memory$auto$proc_rom.cc:155:do_switch$1143$rdmux[0][4][4]$a$4988 [5] }
    Consolidated identical input bits for $mux cell $memory$auto$proc_rom.cc:155:do_switch$1143$rdmux[0][5][7]$5044:
      Old ports: A=$memory$auto$proc_rom.cc:155:do_switch$1143$rdmux[0][5][7]$a$5045, B=$memory$auto$proc_rom.cc:155:do_switch$1143$rdmux[0][5][7]$b$5046, Y=$memory$auto$proc_rom.cc:155:do_switch$1143$rdmux[0][4][3]$b$4986
      New ports: A={ 1'1 $memory$auto$proc_rom.cc:155:do_switch$1143$rdmux[0][5][7]$a$5045 [4:0] }, B={ 1'0 $memory$auto$proc_rom.cc:155:do_switch$1143$rdmux[0][5][7]$b$5046 [4] $memory$auto$proc_rom.cc:155:do_switch$1143$rdmux[0][5][7]$b$5046 [0] $memory$auto$proc_rom.cc:155:do_switch$1143$rdmux[0][5][7]$b$5046 [2:0] }, Y=$memory$auto$proc_rom.cc:155:do_switch$1143$rdmux[0][4][3]$b$4986 [5:0]
      New connections: $memory$auto$proc_rom.cc:155:do_switch$1143$rdmux[0][4][3]$b$4986 [9:6] = 4'1000
    Consolidated identical input bits for $mux cell $memory$auto$proc_rom.cc:155:do_switch$1143$rdmux[0][5][6]$5041:
      Old ports: A=$memory$auto$proc_rom.cc:155:do_switch$1143$rdmux[0][5][6]$a$5042, B=$memory$auto$proc_rom.cc:155:do_switch$1143$rdmux[0][5][6]$b$5043, Y=$memory$auto$proc_rom.cc:155:do_switch$1143$rdmux[0][4][3]$a$4985
      New ports: A={ 1'1 $memory$auto$proc_rom.cc:155:do_switch$1143$rdmux[0][5][6]$a$5042 [5:1] 1'1 }, B={ $memory$auto$proc_rom.cc:155:do_switch$1143$rdmux[0][5][6]$b$5043 [6] $memory$auto$proc_rom.cc:155:do_switch$1143$rdmux[0][5][6]$b$5043 [4] $memory$auto$proc_rom.cc:155:do_switch$1143$rdmux[0][5][6]$b$5043 [4:0] }, Y=$memory$auto$proc_rom.cc:155:do_switch$1143$rdmux[0][4][3]$a$4985 [6:0]
      New connections: $memory$auto$proc_rom.cc:155:do_switch$1143$rdmux[0][4][3]$a$4985 [9:7] = 3'100
    Consolidated identical input bits for $mux cell $memory$auto$proc_rom.cc:155:do_switch$1143$rdmux[0][5][5]$5038:
      Old ports: A=$memory$auto$proc_rom.cc:155:do_switch$1143$rdmux[0][5][5]$a$5039, B=$memory$auto$proc_rom.cc:155:do_switch$1143$rdmux[0][5][5]$b$5040, Y=$memory$auto$proc_rom.cc:155:do_switch$1143$rdmux[0][4][2]$b$4983
      New ports: A={ 2'10 $memory$auto$proc_rom.cc:155:do_switch$1143$rdmux[0][5][5]$a$5039 [4:0] }, B={ 2'01 $memory$auto$proc_rom.cc:155:do_switch$1143$rdmux[0][5][5]$b$5040 [4:0] }, Y={ $memory$auto$proc_rom.cc:155:do_switch$1143$rdmux[0][4][2]$b$4983 [7] $memory$auto$proc_rom.cc:155:do_switch$1143$rdmux[0][4][2]$b$4983 [5:0] }
      New connections: { $memory$auto$proc_rom.cc:155:do_switch$1143$rdmux[0][4][2]$b$4983 [9:8] $memory$auto$proc_rom.cc:155:do_switch$1143$rdmux[0][4][2]$b$4983 [6] } = { 2'10 $memory$auto$proc_rom.cc:155:do_switch$1143$rdmux[0][4][2]$b$4983 [5] }
    Consolidated identical input bits for $mux cell $memory$auto$proc_rom.cc:155:do_switch$1143$rdmux[0][5][4]$5035:
      Old ports: A=$memory$auto$proc_rom.cc:155:do_switch$1143$rdmux[0][5][4]$a$5036, B=$memory$auto$proc_rom.cc:155:do_switch$1143$rdmux[0][5][4]$b$5037, Y=$memory$auto$proc_rom.cc:155:do_switch$1143$rdmux[0][4][2]$a$4982
      New ports: A={ $memory$auto$proc_rom.cc:155:do_switch$1143$rdmux[0][5][4]$a$5036 [6] $memory$auto$proc_rom.cc:155:do_switch$1143$rdmux[0][5][4]$a$5036 [4] $memory$auto$proc_rom.cc:155:do_switch$1143$rdmux[0][5][4]$a$5036 [4:3] $memory$auto$proc_rom.cc:155:do_switch$1143$rdmux[0][5][4]$a$5036 [1] $memory$auto$proc_rom.cc:155:do_switch$1143$rdmux[0][5][4]$a$5036 [1:0] }, B={ 1'0 $memory$auto$proc_rom.cc:155:do_switch$1143$rdmux[0][5][4]$b$5037 [5:4] $memory$auto$proc_rom.cc:155:do_switch$1143$rdmux[0][5][4]$b$5037 [0] $memory$auto$proc_rom.cc:155:do_switch$1143$rdmux[0][5][4]$b$5037 [2:0] }, Y=$memory$auto$proc_rom.cc:155:do_switch$1143$rdmux[0][4][2]$a$4982 [6:0]
      New connections: $memory$auto$proc_rom.cc:155:do_switch$1143$rdmux[0][4][2]$a$4982 [9:7] = 3'101
    Consolidated identical input bits for $mux cell $memory$auto$proc_rom.cc:155:do_switch$1143$rdmux[0][5][3]$5032:
      Old ports: A=$memory$auto$proc_rom.cc:155:do_switch$1143$rdmux[0][5][3]$a$5033, B=$memory$auto$proc_rom.cc:155:do_switch$1143$rdmux[0][5][3]$b$5034, Y=$memory$auto$proc_rom.cc:155:do_switch$1143$rdmux[0][4][1]$b$4980
      New ports: A={ $memory$auto$proc_rom.cc:155:do_switch$1143$rdmux[0][5][3]$a$5033 [8] $memory$auto$proc_rom.cc:155:do_switch$1143$rdmux[0][5][3]$a$5033 [4] $memory$auto$proc_rom.cc:155:do_switch$1143$rdmux[0][5][3]$a$5033 [4] $memory$auto$proc_rom.cc:155:do_switch$1143$rdmux[0][5][3]$a$5033 [4:3] 2'01 }, B={ 2'01 $memory$auto$proc_rom.cc:155:do_switch$1143$rdmux[0][5][3]$b$5034 [0] $memory$auto$proc_rom.cc:155:do_switch$1143$rdmux[0][5][3]$b$5034 [1] $memory$auto$proc_rom.cc:155:do_switch$1143$rdmux[0][5][3]$b$5034 [3] $memory$auto$proc_rom.cc:155:do_switch$1143$rdmux[0][5][3]$b$5034 [1:0] }, Y={ $memory$auto$proc_rom.cc:155:do_switch$1143$rdmux[0][4][1]$b$4980 [8] $memory$auto$proc_rom.cc:155:do_switch$1143$rdmux[0][4][1]$b$4980 [6:3] $memory$auto$proc_rom.cc:155:do_switch$1143$rdmux[0][4][1]$b$4980 [1:0] }
      New connections: { $memory$auto$proc_rom.cc:155:do_switch$1143$rdmux[0][4][1]$b$4980 [9] $memory$auto$proc_rom.cc:155:do_switch$1143$rdmux[0][4][1]$b$4980 [7] $memory$auto$proc_rom.cc:155:do_switch$1143$rdmux[0][4][1]$b$4980 [2] } = { 1'1 $memory$auto$proc_rom.cc:155:do_switch$1143$rdmux[0][4][1]$b$4980 [6] 1'1 }
    Consolidated identical input bits for $mux cell $memory$auto$proc_rom.cc:155:do_switch$1143$rdmux[0][5][2]$5029:
      Old ports: A=$memory$auto$proc_rom.cc:155:do_switch$1143$rdmux[0][5][2]$a$5030, B=$memory$auto$proc_rom.cc:155:do_switch$1143$rdmux[0][5][2]$b$5031, Y=$memory$auto$proc_rom.cc:155:do_switch$1143$rdmux[0][4][1]$a$4979
      New ports: A={ $memory$auto$proc_rom.cc:155:do_switch$1143$rdmux[0][5][2]$a$5030 [6:3] 1'0 $memory$auto$proc_rom.cc:155:do_switch$1143$rdmux[0][5][2]$a$5030 [1:0] }, B={ 1'0 $memory$auto$proc_rom.cc:155:do_switch$1143$rdmux[0][5][2]$b$5031 [5:3] 1'1 $memory$auto$proc_rom.cc:155:do_switch$1143$rdmux[0][5][2]$b$5031 [1:0] }, Y=$memory$auto$proc_rom.cc:155:do_switch$1143$rdmux[0][4][1]$a$4979 [6:0]
      New connections: $memory$auto$proc_rom.cc:155:do_switch$1143$rdmux[0][4][1]$a$4979 [9:7] = 3'110
    Consolidated identical input bits for $mux cell $memory$auto$proc_rom.cc:155:do_switch$1143$rdmux[0][5][1]$5026:
      Old ports: A=$memory$auto$proc_rom.cc:155:do_switch$1143$rdmux[0][5][1]$a$5027, B=$memory$auto$proc_rom.cc:155:do_switch$1143$rdmux[0][5][1]$b$5028, Y=$memory$auto$proc_rom.cc:155:do_switch$1143$rdmux[0][4][0]$b$4977
      New ports: A={ 2'10 $memory$auto$proc_rom.cc:155:do_switch$1143$rdmux[0][5][1]$a$5027 [5:1] 1'1 }, B={ 2'01 $memory$auto$proc_rom.cc:155:do_switch$1143$rdmux[0][5][1]$b$5028 [0] $memory$auto$proc_rom.cc:155:do_switch$1143$rdmux[0][5][1]$b$5028 [4:0] }, Y=$memory$auto$proc_rom.cc:155:do_switch$1143$rdmux[0][4][0]$b$4977 [7:0]
      New connections: $memory$auto$proc_rom.cc:155:do_switch$1143$rdmux[0][4][0]$b$4977 [9:8] = 2'11
    Consolidated identical input bits for $mux cell $memory$auto$proc_rom.cc:155:do_switch$1143$rdmux[0][5][0]$5023:
      Old ports: A=$memory$auto$proc_rom.cc:155:do_switch$1143$rdmux[0][5][0]$a$5024, B=$memory$auto$proc_rom.cc:155:do_switch$1143$rdmux[0][5][0]$b$5025, Y=$memory$auto$proc_rom.cc:155:do_switch$1143$rdmux[0][4][0]$a$4976
      New ports: A={ 1'1 $memory$auto$proc_rom.cc:155:do_switch$1143$rdmux[0][5][0]$a$5024 [5:2] 1'1 $memory$auto$proc_rom.cc:155:do_switch$1143$rdmux[0][5][0]$a$5024 [0] }, B={ $memory$auto$proc_rom.cc:155:do_switch$1143$rdmux[0][5][0]$b$5025 [6:5] $memory$auto$proc_rom.cc:155:do_switch$1143$rdmux[0][5][0]$b$5025 [1] $memory$auto$proc_rom.cc:155:do_switch$1143$rdmux[0][5][0]$b$5025 [3:0] }, Y=$memory$auto$proc_rom.cc:155:do_switch$1143$rdmux[0][4][0]$a$4976 [6:0]
      New connections: $memory$auto$proc_rom.cc:155:do_switch$1143$rdmux[0][4][0]$a$4976 [9:7] = 3'111
    Consolidated identical input bits for $mux cell $procmux$1901:
      Old ports: A=$9\approximate_rsqrt$func$rtl/fp16_rsqrt_lut256.sv:79$229.leading_one[31:0]$344, B=7, Y=$10\approximate_rsqrt$func$rtl/fp16_rsqrt_lut256.sv:79$229.leading_one[31:0]$347
      New ports: A={ $9\approximate_rsqrt$func$rtl/fp16_rsqrt_lut256.sv:79$229.leading_one[31:0]$344 [1] 1'1 $9\approximate_rsqrt$func$rtl/fp16_rsqrt_lut256.sv:79$229.leading_one[31:0]$344 [1:0] }, B=4'0011, Y={ $10\approximate_rsqrt$func$rtl/fp16_rsqrt_lut256.sv:79$229.leading_one[31:0]$347 [4:3] $10\approximate_rsqrt$func$rtl/fp16_rsqrt_lut256.sv:79$229.leading_one[31:0]$347 [1:0] }
      New connections: { $10\approximate_rsqrt$func$rtl/fp16_rsqrt_lut256.sv:79$229.leading_one[31:0]$347 [31:5] $10\approximate_rsqrt$func$rtl/fp16_rsqrt_lut256.sv:79$229.leading_one[31:0]$347 [2] } = { $10\approximate_rsqrt$func$rtl/fp16_rsqrt_lut256.sv:79$229.leading_one[31:0]$347 [4] $10\approximate_rsqrt$func$rtl/fp16_rsqrt_lut256.sv:79$229.leading_one[31:0]$347 [4] $10\approximate_rsqrt$func$rtl/fp16_rsqrt_lut256.sv:79$229.leading_one[31:0]$347 [4] $10\approximate_rsqrt$func$rtl/fp16_rsqrt_lut256.sv:79$229.leading_one[31:0]$347 [4] $10\approximate_rsqrt$func$rtl/fp16_rsqrt_lut256.sv:79$229.leading_one[31:0]$347 [4] $10\approximate_rsqrt$func$rtl/fp16_rsqrt_lut256.sv:79$229.leading_one[31:0]$347 [4] $10\approximate_rsqrt$func$rtl/fp16_rsqrt_lut256.sv:79$229.leading_one[31:0]$347 [4] $10\approximate_rsqrt$func$rtl/fp16_rsqrt_lut256.sv:79$229.leading_one[31:0]$347 [4] $10\approximate_rsqrt$func$rtl/fp16_rsqrt_lut256.sv:79$229.leading_one[31:0]$347 [4] $10\approximate_rsqrt$func$rtl/fp16_rsqrt_lut256.sv:79$229.leading_one[31:0]$347 [4] $10\approximate_rsqrt$func$rtl/fp16_rsqrt_lut256.sv:79$229.leading_one[31:0]$347 [4] $10\approximate_rsqrt$func$rtl/fp16_rsqrt_lut256.sv:79$229.leading_one[31:0]$347 [4] $10\approximate_rsqrt$func$rtl/fp16_rsqrt_lut256.sv:79$229.leading_one[31:0]$347 [4] $10\approximate_rsqrt$func$rtl/fp16_rsqrt_lut256.sv:79$229.leading_one[31:0]$347 [4] $10\approximate_rsqrt$func$rtl/fp16_rsqrt_lut256.sv:79$229.leading_one[31:0]$347 [4] $10\approximate_rsqrt$func$rtl/fp16_rsqrt_lut256.sv:79$229.leading_one[31:0]$347 [4] $10\approximate_rsqrt$func$rtl/fp16_rsqrt_lut256.sv:79$229.leading_one[31:0]$347 [4] $10\approximate_rsqrt$func$rtl/fp16_rsqrt_lut256.sv:79$229.leading_one[31:0]$347 [4] $10\approximate_rsqrt$func$rtl/fp16_rsqrt_lut256.sv:79$229.leading_one[31:0]$347 [4] $10\approximate_rsqrt$func$rtl/fp16_rsqrt_lut256.sv:79$229.leading_one[31:0]$347 [4] $10\approximate_rsqrt$func$rtl/fp16_rsqrt_lut256.sv:79$229.leading_one[31:0]$347 [4] $10\approximate_rsqrt$func$rtl/fp16_rsqrt_lut256.sv:79$229.leading_one[31:0]$347 [4] $10\approximate_rsqrt$func$rtl/fp16_rsqrt_lut256.sv:79$229.leading_one[31:0]$347 [4] $10\approximate_rsqrt$func$rtl/fp16_rsqrt_lut256.sv:79$229.leading_one[31:0]$347 [4] $10\approximate_rsqrt$func$rtl/fp16_rsqrt_lut256.sv:79$229.leading_one[31:0]$347 [4] $10\approximate_rsqrt$func$rtl/fp16_rsqrt_lut256.sv:79$229.leading_one[31:0]$347 [4] $10\approximate_rsqrt$func$rtl/fp16_rsqrt_lut256.sv:79$229.leading_one[31:0]$347 [4] $10\approximate_rsqrt$func$rtl/fp16_rsqrt_lut256.sv:79$229.leading_one[31:0]$347 [1] }
  Optimizing cells in module \fp16_rsqrt_lut256.
    Consolidated identical input bits for $mux cell $memory$auto$proc_rom.cc:155:do_switch$1143$rdmux[0][4][15]$5020:
      Old ports: A=$memory$auto$proc_rom.cc:155:do_switch$1143$rdmux[0][4][15]$a$5021, B=$memory$auto$proc_rom.cc:155:do_switch$1143$rdmux[0][4][15]$b$5022, Y=$memory$auto$proc_rom.cc:155:do_switch$1143$rdmux[0][3][7]$b$4974
      New ports: A=$memory$auto$proc_rom.cc:155:do_switch$1143$rdmux[0][4][15]$a$5021 [4:0], B={ 1'0 $memory$auto$proc_rom.cc:155:do_switch$1143$rdmux[0][4][15]$b$5022 [3:0] }, Y=$memory$auto$proc_rom.cc:155:do_switch$1143$rdmux[0][3][7]$b$4974 [4:0]
      New connections: $memory$auto$proc_rom.cc:155:do_switch$1143$rdmux[0][3][7]$b$4974 [9:5] = 5'00000
    Consolidated identical input bits for $mux cell $memory$auto$proc_rom.cc:155:do_switch$1143$rdmux[0][4][14]$5017:
      Old ports: A=$memory$auto$proc_rom.cc:155:do_switch$1143$rdmux[0][4][14]$a$5018, B=$memory$auto$proc_rom.cc:155:do_switch$1143$rdmux[0][4][14]$b$5019, Y=$memory$auto$proc_rom.cc:155:do_switch$1143$rdmux[0][3][7]$a$4973
      New ports: A={ 1'1 $memory$auto$proc_rom.cc:155:do_switch$1143$rdmux[0][4][14]$a$5018 [4:0] }, B={ $memory$auto$proc_rom.cc:155:do_switch$1143$rdmux[0][4][14]$b$5019 [5] $memory$auto$proc_rom.cc:155:do_switch$1143$rdmux[0][4][14]$b$5019 [3] $memory$auto$proc_rom.cc:155:do_switch$1143$rdmux[0][4][14]$b$5019 [3:0] }, Y=$memory$auto$proc_rom.cc:155:do_switch$1143$rdmux[0][3][7]$a$4973 [5:0]
      New connections: $memory$auto$proc_rom.cc:155:do_switch$1143$rdmux[0][3][7]$a$4973 [9:6] = 4'0000
    Consolidated identical input bits for $mux cell $memory$auto$proc_rom.cc:155:do_switch$1143$rdmux[0][4][13]$5014:
      Old ports: A=$memory$auto$proc_rom.cc:155:do_switch$1143$rdmux[0][4][13]$a$5015, B=$memory$auto$proc_rom.cc:155:do_switch$1143$rdmux[0][4][13]$b$5016, Y=$memory$auto$proc_rom.cc:155:do_switch$1143$rdmux[0][3][6]$b$4971
      New ports: A={ 2'10 $memory$auto$proc_rom.cc:155:do_switch$1143$rdmux[0][4][13]$a$5015 [4:0] }, B={ $memory$auto$proc_rom.cc:155:do_switch$1143$rdmux[0][4][13]$b$5016 [6] $memory$auto$proc_rom.cc:155:do_switch$1143$rdmux[0][4][13]$b$5016 [4] $memory$auto$proc_rom.cc:155:do_switch$1143$rdmux[0][4][13]$b$5016 [4:0] }, Y=$memory$auto$proc_rom.cc:155:do_switch$1143$rdmux[0][3][6]$b$4971 [6:0]
      New connections: $memory$auto$proc_rom.cc:155:do_switch$1143$rdmux[0][3][6]$b$4971 [9:7] = 3'000
    Consolidated identical input bits for $mux cell $memory$auto$proc_rom.cc:155:do_switch$1143$rdmux[0][4][12]$5011:
      Old ports: A=$memory$auto$proc_rom.cc:155:do_switch$1143$rdmux[0][4][12]$a$5012, B=$memory$auto$proc_rom.cc:155:do_switch$1143$rdmux[0][4][12]$b$5013, Y=$memory$auto$proc_rom.cc:155:do_switch$1143$rdmux[0][3][6]$a$4970
      New ports: A={ 2'10 $memory$auto$proc_rom.cc:155:do_switch$1143$rdmux[0][4][12]$a$5012 [3:1] 1'1 }, B={ 2'01 $memory$auto$proc_rom.cc:155:do_switch$1143$rdmux[0][4][12]$b$5013 [3:0] }, Y=$memory$auto$proc_rom.cc:155:do_switch$1143$rdmux[0][3][6]$a$4970 [5:0]
      New connections: $memory$auto$proc_rom.cc:155:do_switch$1143$rdmux[0][3][6]$a$4970 [9:6] = 4'0001
    Consolidated identical input bits for $mux cell $memory$auto$proc_rom.cc:155:do_switch$1143$rdmux[0][4][11]$5008:
      Old ports: A=$memory$auto$proc_rom.cc:155:do_switch$1143$rdmux[0][4][11]$a$5009, B=$memory$auto$proc_rom.cc:155:do_switch$1143$rdmux[0][4][11]$b$5010, Y=$memory$auto$proc_rom.cc:155:do_switch$1143$rdmux[0][3][5]$b$4968
      New ports: A={ 2'10 $memory$auto$proc_rom.cc:155:do_switch$1143$rdmux[0][4][11]$a$5009 [4:0] }, B={ $memory$auto$proc_rom.cc:155:do_switch$1143$rdmux[0][4][11]$b$5010 [7] $memory$auto$proc_rom.cc:155:do_switch$1143$rdmux[0][4][11]$b$5010 [4] $memory$auto$proc_rom.cc:155:do_switch$1143$rdmux[0][4][11]$b$5010 [4:0] }, Y={ $memory$auto$proc_rom.cc:155:do_switch$1143$rdmux[0][3][5]$b$4968 [7] $memory$auto$proc_rom.cc:155:do_switch$1143$rdmux[0][3][5]$b$4968 [5:0] }
      New connections: { $memory$auto$proc_rom.cc:155:do_switch$1143$rdmux[0][3][5]$b$4968 [9:8] $memory$auto$proc_rom.cc:155:do_switch$1143$rdmux[0][3][5]$b$4968 [6] } = { 2'00 $memory$auto$proc_rom.cc:155:do_switch$1143$rdmux[0][3][5]$b$4968 [5] }
    Consolidated identical input bits for $mux cell $memory$auto$proc_rom.cc:155:do_switch$1143$rdmux[0][4][10]$5005:
      Old ports: A=$memory$auto$proc_rom.cc:155:do_switch$1143$rdmux[0][4][10]$a$5006, B=$memory$auto$proc_rom.cc:155:do_switch$1143$rdmux[0][4][10]$b$5007, Y=$memory$auto$proc_rom.cc:155:do_switch$1143$rdmux[0][3][5]$a$4967
      New ports: A={ 1'1 $memory$auto$proc_rom.cc:155:do_switch$1143$rdmux[0][4][10]$a$5006 [4:0] }, B=$memory$auto$proc_rom.cc:155:do_switch$1143$rdmux[0][4][10]$b$5007 [5:0], Y=$memory$auto$proc_rom.cc:155:do_switch$1143$rdmux[0][3][5]$a$4967 [5:0]
      New connections: $memory$auto$proc_rom.cc:155:do_switch$1143$rdmux[0][3][5]$a$4967 [9:6] = 4'0010
    Consolidated identical input bits for $mux cell $memory$auto$proc_rom.cc:155:do_switch$1143$rdmux[0][4][9]$5002:
      Old ports: A=$memory$auto$proc_rom.cc:155:do_switch$1143$rdmux[0][4][9]$a$5003, B=$memory$auto$proc_rom.cc:155:do_switch$1143$rdmux[0][4][9]$b$5004, Y=$memory$auto$proc_rom.cc:155:do_switch$1143$rdmux[0][3][4]$b$4965
      New ports: A={ 1'1 $memory$auto$proc_rom.cc:155:do_switch$1143$rdmux[0][4][9]$a$5003 [5:0] }, B={ $memory$auto$proc_rom.cc:155:do_switch$1143$rdmux[0][4][9]$b$5004 [6] $memory$auto$proc_rom.cc:155:do_switch$1143$rdmux[0][4][9]$b$5004 [4] $memory$auto$proc_rom.cc:155:do_switch$1143$rdmux[0][4][9]$b$5004 [4:0] }, Y=$memory$auto$proc_rom.cc:155:do_switch$1143$rdmux[0][3][4]$b$4965 [6:0]
      New connections: $memory$auto$proc_rom.cc:155:do_switch$1143$rdmux[0][3][4]$b$4965 [9:7] = 3'001
    Consolidated identical input bits for $mux cell $memory$auto$proc_rom.cc:155:do_switch$1143$rdmux[0][4][8]$4999:
      Old ports: A=$memory$auto$proc_rom.cc:155:do_switch$1143$rdmux[0][4][8]$a$5000, B=$memory$auto$proc_rom.cc:155:do_switch$1143$rdmux[0][4][8]$b$5001, Y=$memory$auto$proc_rom.cc:155:do_switch$1143$rdmux[0][3][4]$a$4964
      New ports: A={ $memory$auto$proc_rom.cc:155:do_switch$1143$rdmux[0][4][8]$a$5000 [8] $memory$auto$proc_rom.cc:155:do_switch$1143$rdmux[0][4][8]$a$5000 [4] $memory$auto$proc_rom.cc:155:do_switch$1143$rdmux[0][4][8]$a$5000 [4:0] }, B={ 2'01 $memory$auto$proc_rom.cc:155:do_switch$1143$rdmux[0][4][8]$b$5001 [4:0] }, Y={ $memory$auto$proc_rom.cc:155:do_switch$1143$rdmux[0][3][4]$a$4964 [8] $memory$auto$proc_rom.cc:155:do_switch$1143$rdmux[0][3][4]$a$4964 [5:0] }
      New connections: { $memory$auto$proc_rom.cc:155:do_switch$1143$rdmux[0][3][4]$a$4964 [9] $memory$auto$proc_rom.cc:155:do_switch$1143$rdmux[0][3][4]$a$4964 [7:6] } = { 1'0 $memory$auto$proc_rom.cc:155:do_switch$1143$rdmux[0][3][4]$a$4964 [5] $memory$auto$proc_rom.cc:155:do_switch$1143$rdmux[0][3][4]$a$4964 [5] }
    Consolidated identical input bits for $mux cell $memory$auto$proc_rom.cc:155:do_switch$1143$rdmux[0][4][7]$4996:
      Old ports: A=$memory$auto$proc_rom.cc:155:do_switch$1143$rdmux[0][4][7]$a$4997, B=$memory$auto$proc_rom.cc:155:do_switch$1143$rdmux[0][4][7]$b$4998, Y=$memory$auto$proc_rom.cc:155:do_switch$1143$rdmux[0][3][3]$b$4962
      New ports: A=$memory$auto$proc_rom.cc:155:do_switch$1143$rdmux[0][4][7]$a$4997 [6:0], B={ 1'0 $memory$auto$proc_rom.cc:155:do_switch$1143$rdmux[0][4][7]$b$4998 [5:0] }, Y=$memory$auto$proc_rom.cc:155:do_switch$1143$rdmux[0][3][3]$b$4962 [6:0]
      New connections: $memory$auto$proc_rom.cc:155:do_switch$1143$rdmux[0][3][3]$b$4962 [9:7] = 3'010
    Consolidated identical input bits for $mux cell $memory$auto$proc_rom.cc:155:do_switch$1143$rdmux[0][4][6]$4993:
      Old ports: A=$memory$auto$proc_rom.cc:155:do_switch$1143$rdmux[0][4][6]$a$4994, B=$memory$auto$proc_rom.cc:155:do_switch$1143$rdmux[0][4][6]$b$4995, Y=$memory$auto$proc_rom.cc:155:do_switch$1143$rdmux[0][3][3]$a$4961
      New ports: A={ 1'1 $memory$auto$proc_rom.cc:155:do_switch$1143$rdmux[0][4][6]$a$4994 [4:0] }, B={ 1'0 $memory$auto$proc_rom.cc:155:do_switch$1143$rdmux[0][4][6]$b$4995 [4:0] }, Y=$memory$auto$proc_rom.cc:155:do_switch$1143$rdmux[0][3][3]$a$4961 [5:0]
      New connections: $memory$auto$proc_rom.cc:155:do_switch$1143$rdmux[0][3][3]$a$4961 [9:6] = 4'0101
    Consolidated identical input bits for $mux cell $memory$auto$proc_rom.cc:155:do_switch$1143$rdmux[0][4][5]$4990:
      Old ports: A=$memory$auto$proc_rom.cc:155:do_switch$1143$rdmux[0][4][5]$a$4991, B=$memory$auto$proc_rom.cc:155:do_switch$1143$rdmux[0][4][5]$b$4992, Y=$memory$auto$proc_rom.cc:155:do_switch$1143$rdmux[0][3][2]$b$4959
      New ports: A={ 2'10 $memory$auto$proc_rom.cc:155:do_switch$1143$rdmux[0][4][5]$a$4991 [5:0] }, B={ $memory$auto$proc_rom.cc:155:do_switch$1143$rdmux[0][4][5]$b$4992 [7] $memory$auto$proc_rom.cc:155:do_switch$1143$rdmux[0][4][5]$b$4992 [5] $memory$auto$proc_rom.cc:155:do_switch$1143$rdmux[0][4][5]$b$4992 [5:2] 2'11 }, Y=$memory$auto$proc_rom.cc:155:do_switch$1143$rdmux[0][3][2]$b$4959 [7:0]
      New connections: $memory$auto$proc_rom.cc:155:do_switch$1143$rdmux[0][3][2]$b$4959 [9:8] = 2'01
    Consolidated identical input bits for $mux cell $memory$auto$proc_rom.cc:155:do_switch$1143$rdmux[0][4][4]$4987:
      Old ports: A=$memory$auto$proc_rom.cc:155:do_switch$1143$rdmux[0][4][4]$a$4988, B=$memory$auto$proc_rom.cc:155:do_switch$1143$rdmux[0][4][4]$b$4989, Y=$memory$auto$proc_rom.cc:155:do_switch$1143$rdmux[0][3][2]$a$4958
      New ports: A={ $memory$auto$proc_rom.cc:155:do_switch$1143$rdmux[0][4][4]$a$4988 [9] $memory$auto$proc_rom.cc:155:do_switch$1143$rdmux[0][4][4]$a$4988 [5] $memory$auto$proc_rom.cc:155:do_switch$1143$rdmux[0][4][4]$a$4988 [5:0] }, B={ 2'01 $memory$auto$proc_rom.cc:155:do_switch$1143$rdmux[0][4][4]$b$4989 [5:0] }, Y={ $memory$auto$proc_rom.cc:155:do_switch$1143$rdmux[0][3][2]$a$4958 [9] $memory$auto$proc_rom.cc:155:do_switch$1143$rdmux[0][3][2]$a$4958 [6:0] }
      New connections: $memory$auto$proc_rom.cc:155:do_switch$1143$rdmux[0][3][2]$a$4958 [8:7] = { $memory$auto$proc_rom.cc:155:do_switch$1143$rdmux[0][3][2]$a$4958 [6] $memory$auto$proc_rom.cc:155:do_switch$1143$rdmux[0][3][2]$a$4958 [6] }
    Consolidated identical input bits for $mux cell $memory$auto$proc_rom.cc:155:do_switch$1143$rdmux[0][4][3]$4984:
      Old ports: A=$memory$auto$proc_rom.cc:155:do_switch$1143$rdmux[0][4][3]$a$4985, B=$memory$auto$proc_rom.cc:155:do_switch$1143$rdmux[0][4][3]$b$4986, Y=$memory$auto$proc_rom.cc:155:do_switch$1143$rdmux[0][3][1]$b$4956
      New ports: A=$memory$auto$proc_rom.cc:155:do_switch$1143$rdmux[0][4][3]$a$4985 [6:0], B={ 1'0 $memory$auto$proc_rom.cc:155:do_switch$1143$rdmux[0][4][3]$b$4986 [5:0] }, Y=$memory$auto$proc_rom.cc:155:do_switch$1143$rdmux[0][3][1]$b$4956 [6:0]
      New connections: $memory$auto$proc_rom.cc:155:do_switch$1143$rdmux[0][3][1]$b$4956 [9:7] = 3'100
    Consolidated identical input bits for $mux cell $memory$auto$proc_rom.cc:155:do_switch$1143$rdmux[0][4][2]$4981:
      Old ports: A=$memory$auto$proc_rom.cc:155:do_switch$1143$rdmux[0][4][2]$a$4982, B=$memory$auto$proc_rom.cc:155:do_switch$1143$rdmux[0][4][2]$b$4983, Y=$memory$auto$proc_rom.cc:155:do_switch$1143$rdmux[0][3][1]$a$4955
      New ports: A={ 1'1 $memory$auto$proc_rom.cc:155:do_switch$1143$rdmux[0][4][2]$a$4982 [6:0] }, B={ $memory$auto$proc_rom.cc:155:do_switch$1143$rdmux[0][4][2]$b$4983 [7] $memory$auto$proc_rom.cc:155:do_switch$1143$rdmux[0][4][2]$b$4983 [5] $memory$auto$proc_rom.cc:155:do_switch$1143$rdmux[0][4][2]$b$4983 [5:0] }, Y=$memory$auto$proc_rom.cc:155:do_switch$1143$rdmux[0][3][1]$a$4955 [7:0]
      New connections: $memory$auto$proc_rom.cc:155:do_switch$1143$rdmux[0][3][1]$a$4955 [9:8] = 2'10
    Consolidated identical input bits for $mux cell $memory$auto$proc_rom.cc:155:do_switch$1143$rdmux[0][4][1]$4978:
      Old ports: A=$memory$auto$proc_rom.cc:155:do_switch$1143$rdmux[0][4][1]$a$4979, B=$memory$auto$proc_rom.cc:155:do_switch$1143$rdmux[0][4][1]$b$4980, Y=$memory$auto$proc_rom.cc:155:do_switch$1143$rdmux[0][3][0]$b$4953
      New ports: A={ 2'10 $memory$auto$proc_rom.cc:155:do_switch$1143$rdmux[0][4][1]$a$4979 [6:0] }, B={ $memory$auto$proc_rom.cc:155:do_switch$1143$rdmux[0][4][1]$b$4980 [8] $memory$auto$proc_rom.cc:155:do_switch$1143$rdmux[0][4][1]$b$4980 [6] $memory$auto$proc_rom.cc:155:do_switch$1143$rdmux[0][4][1]$b$4980 [6:3] 1'1 $memory$auto$proc_rom.cc:155:do_switch$1143$rdmux[0][4][1]$b$4980 [1:0] }, Y=$memory$auto$proc_rom.cc:155:do_switch$1143$rdmux[0][3][0]$b$4953 [8:0]
      New connections: $memory$auto$proc_rom.cc:155:do_switch$1143$rdmux[0][3][0]$b$4953 [9] = 1'1
    Consolidated identical input bits for $mux cell $memory$auto$proc_rom.cc:155:do_switch$1143$rdmux[0][4][0]$4975:
      Old ports: A=$memory$auto$proc_rom.cc:155:do_switch$1143$rdmux[0][4][0]$a$4976, B=$memory$auto$proc_rom.cc:155:do_switch$1143$rdmux[0][4][0]$b$4977, Y=$memory$auto$proc_rom.cc:155:do_switch$1143$rdmux[0][3][0]$a$4952
      New ports: A={ 1'1 $memory$auto$proc_rom.cc:155:do_switch$1143$rdmux[0][4][0]$a$4976 [6:0] }, B=$memory$auto$proc_rom.cc:155:do_switch$1143$rdmux[0][4][0]$b$4977 [7:0], Y=$memory$auto$proc_rom.cc:155:do_switch$1143$rdmux[0][3][0]$a$4952 [7:0]
      New connections: $memory$auto$proc_rom.cc:155:do_switch$1143$rdmux[0][3][0]$a$4952 [9:8] = 2'11
    Consolidated identical input bits for $mux cell $procmux$1880:
      Old ports: A=$10\approximate_rsqrt$func$rtl/fp16_rsqrt_lut256.sv:79$229.leading_one[31:0]$347, B=6, Y=$11\approximate_rsqrt$func$rtl/fp16_rsqrt_lut256.sv:79$229.leading_one[31:0]$350
      New ports: A={ $10\approximate_rsqrt$func$rtl/fp16_rsqrt_lut256.sv:79$229.leading_one[31:0]$347 [4:3] $10\approximate_rsqrt$func$rtl/fp16_rsqrt_lut256.sv:79$229.leading_one[31:0]$347 [1:0] }, B=4'0010, Y={ $11\approximate_rsqrt$func$rtl/fp16_rsqrt_lut256.sv:79$229.leading_one[31:0]$350 [4:3] $11\approximate_rsqrt$func$rtl/fp16_rsqrt_lut256.sv:79$229.leading_one[31:0]$350 [1:0] }
      New connections: { $11\approximate_rsqrt$func$rtl/fp16_rsqrt_lut256.sv:79$229.leading_one[31:0]$350 [31:5] $11\approximate_rsqrt$func$rtl/fp16_rsqrt_lut256.sv:79$229.leading_one[31:0]$350 [2] } = { $11\approximate_rsqrt$func$rtl/fp16_rsqrt_lut256.sv:79$229.leading_one[31:0]$350 [4] $11\approximate_rsqrt$func$rtl/fp16_rsqrt_lut256.sv:79$229.leading_one[31:0]$350 [4] $11\approximate_rsqrt$func$rtl/fp16_rsqrt_lut256.sv:79$229.leading_one[31:0]$350 [4] $11\approximate_rsqrt$func$rtl/fp16_rsqrt_lut256.sv:79$229.leading_one[31:0]$350 [4] $11\approximate_rsqrt$func$rtl/fp16_rsqrt_lut256.sv:79$229.leading_one[31:0]$350 [4] $11\approximate_rsqrt$func$rtl/fp16_rsqrt_lut256.sv:79$229.leading_one[31:0]$350 [4] $11\approximate_rsqrt$func$rtl/fp16_rsqrt_lut256.sv:79$229.leading_one[31:0]$350 [4] $11\approximate_rsqrt$func$rtl/fp16_rsqrt_lut256.sv:79$229.leading_one[31:0]$350 [4] $11\approximate_rsqrt$func$rtl/fp16_rsqrt_lut256.sv:79$229.leading_one[31:0]$350 [4] $11\approximate_rsqrt$func$rtl/fp16_rsqrt_lut256.sv:79$229.leading_one[31:0]$350 [4] $11\approximate_rsqrt$func$rtl/fp16_rsqrt_lut256.sv:79$229.leading_one[31:0]$350 [4] $11\approximate_rsqrt$func$rtl/fp16_rsqrt_lut256.sv:79$229.leading_one[31:0]$350 [4] $11\approximate_rsqrt$func$rtl/fp16_rsqrt_lut256.sv:79$229.leading_one[31:0]$350 [4] $11\approximate_rsqrt$func$rtl/fp16_rsqrt_lut256.sv:79$229.leading_one[31:0]$350 [4] $11\approximate_rsqrt$func$rtl/fp16_rsqrt_lut256.sv:79$229.leading_one[31:0]$350 [4] $11\approximate_rsqrt$func$rtl/fp16_rsqrt_lut256.sv:79$229.leading_one[31:0]$350 [4] $11\approximate_rsqrt$func$rtl/fp16_rsqrt_lut256.sv:79$229.leading_one[31:0]$350 [4] $11\approximate_rsqrt$func$rtl/fp16_rsqrt_lut256.sv:79$229.leading_one[31:0]$350 [4] $11\approximate_rsqrt$func$rtl/fp16_rsqrt_lut256.sv:79$229.leading_one[31:0]$350 [4] $11\approximate_rsqrt$func$rtl/fp16_rsqrt_lut256.sv:79$229.leading_one[31:0]$350 [4] $11\approximate_rsqrt$func$rtl/fp16_rsqrt_lut256.sv:79$229.leading_one[31:0]$350 [4] $11\approximate_rsqrt$func$rtl/fp16_rsqrt_lut256.sv:79$229.leading_one[31:0]$350 [4] $11\approximate_rsqrt$func$rtl/fp16_rsqrt_lut256.sv:79$229.leading_one[31:0]$350 [4] $11\approximate_rsqrt$func$rtl/fp16_rsqrt_lut256.sv:79$229.leading_one[31:0]$350 [4] $11\approximate_rsqrt$func$rtl/fp16_rsqrt_lut256.sv:79$229.leading_one[31:0]$350 [4] $11\approximate_rsqrt$func$rtl/fp16_rsqrt_lut256.sv:79$229.leading_one[31:0]$350 [4] $11\approximate_rsqrt$func$rtl/fp16_rsqrt_lut256.sv:79$229.leading_one[31:0]$350 [4] $11\approximate_rsqrt$func$rtl/fp16_rsqrt_lut256.sv:79$229.leading_one[31:0]$350 [1] }
  Optimizing cells in module \fp16_rsqrt_lut256.
    Consolidated identical input bits for $mux cell $memory$auto$proc_rom.cc:155:do_switch$1143$rdmux[0][3][7]$4972:
      Old ports: A=$memory$auto$proc_rom.cc:155:do_switch$1143$rdmux[0][3][7]$a$4973, B=$memory$auto$proc_rom.cc:155:do_switch$1143$rdmux[0][3][7]$b$4974, Y=$memory$auto$proc_rom.cc:155:do_switch$1143$rdmux[0][2][3]$b$4950
      New ports: A=$memory$auto$proc_rom.cc:155:do_switch$1143$rdmux[0][3][7]$a$4973 [5:0], B={ 1'0 $memory$auto$proc_rom.cc:155:do_switch$1143$rdmux[0][3][7]$b$4974 [4:0] }, Y=$memory$auto$proc_rom.cc:155:do_switch$1143$rdmux[0][2][3]$b$4950 [5:0]
      New connections: $memory$auto$proc_rom.cc:155:do_switch$1143$rdmux[0][2][3]$b$4950 [9:6] = 4'0000
    Consolidated identical input bits for $mux cell $memory$auto$proc_rom.cc:155:do_switch$1143$rdmux[0][3][6]$4969:
      Old ports: A=$memory$auto$proc_rom.cc:155:do_switch$1143$rdmux[0][3][6]$a$4970, B=$memory$auto$proc_rom.cc:155:do_switch$1143$rdmux[0][3][6]$b$4971, Y=$memory$auto$proc_rom.cc:155:do_switch$1143$rdmux[0][2][3]$a$4949
      New ports: A={ 1'1 $memory$auto$proc_rom.cc:155:do_switch$1143$rdmux[0][3][6]$a$4970 [5:0] }, B=$memory$auto$proc_rom.cc:155:do_switch$1143$rdmux[0][3][6]$b$4971 [6:0], Y=$memory$auto$proc_rom.cc:155:do_switch$1143$rdmux[0][2][3]$a$4949 [6:0]
      New connections: $memory$auto$proc_rom.cc:155:do_switch$1143$rdmux[0][2][3]$a$4949 [9:7] = 3'000
    Consolidated identical input bits for $mux cell $memory$auto$proc_rom.cc:155:do_switch$1143$rdmux[0][3][5]$4966:
      Old ports: A=$memory$auto$proc_rom.cc:155:do_switch$1143$rdmux[0][3][5]$a$4967, B=$memory$auto$proc_rom.cc:155:do_switch$1143$rdmux[0][3][5]$b$4968, Y=$memory$auto$proc_rom.cc:155:do_switch$1143$rdmux[0][2][2]$b$4947
      New ports: A={ 2'10 $memory$auto$proc_rom.cc:155:do_switch$1143$rdmux[0][3][5]$a$4967 [5:0] }, B={ $memory$auto$proc_rom.cc:155:do_switch$1143$rdmux[0][3][5]$b$4968 [7] $memory$auto$proc_rom.cc:155:do_switch$1143$rdmux[0][3][5]$b$4968 [5] $memory$auto$proc_rom.cc:155:do_switch$1143$rdmux[0][3][5]$b$4968 [5:0] }, Y=$memory$auto$proc_rom.cc:155:do_switch$1143$rdmux[0][2][2]$b$4947 [7:0]
      New connections: $memory$auto$proc_rom.cc:155:do_switch$1143$rdmux[0][2][2]$b$4947 [9:8] = 2'00
    Consolidated identical input bits for $mux cell $memory$auto$proc_rom.cc:155:do_switch$1143$rdmux[0][3][4]$4963:
      Old ports: A=$memory$auto$proc_rom.cc:155:do_switch$1143$rdmux[0][3][4]$a$4964, B=$memory$auto$proc_rom.cc:155:do_switch$1143$rdmux[0][3][4]$b$4965, Y=$memory$auto$proc_rom.cc:155:do_switch$1143$rdmux[0][2][2]$a$4946
      New ports: A={ $memory$auto$proc_rom.cc:155:do_switch$1143$rdmux[0][3][4]$a$4964 [8] $memory$auto$proc_rom.cc:155:do_switch$1143$rdmux[0][3][4]$a$4964 [5] $memory$auto$proc_rom.cc:155:do_switch$1143$rdmux[0][3][4]$a$4964 [5] $memory$auto$proc_rom.cc:155:do_switch$1143$rdmux[0][3][4]$a$4964 [5:0] }, B={ 2'01 $memory$auto$proc_rom.cc:155:do_switch$1143$rdmux[0][3][4]$b$4965 [6:0] }, Y=$memory$auto$proc_rom.cc:155:do_switch$1143$rdmux[0][2][2]$a$4946 [8:0]
      New connections: $memory$auto$proc_rom.cc:155:do_switch$1143$rdmux[0][2][2]$a$4946 [9] = 1'0
    Consolidated identical input bits for $mux cell $memory$auto$proc_rom.cc:155:do_switch$1143$rdmux[0][3][3]$4960:
      Old ports: A=$memory$auto$proc_rom.cc:155:do_switch$1143$rdmux[0][3][3]$a$4961, B=$memory$auto$proc_rom.cc:155:do_switch$1143$rdmux[0][3][3]$b$4962, Y=$memory$auto$proc_rom.cc:155:do_switch$1143$rdmux[0][2][1]$b$4944
      New ports: A={ 1'1 $memory$auto$proc_rom.cc:155:do_switch$1143$rdmux[0][3][3]$a$4961 [5:0] }, B=$memory$auto$proc_rom.cc:155:do_switch$1143$rdmux[0][3][3]$b$4962 [6:0], Y=$memory$auto$proc_rom.cc:155:do_switch$1143$rdmux[0][2][1]$b$4944 [6:0]
      New connections: $memory$auto$proc_rom.cc:155:do_switch$1143$rdmux[0][2][1]$b$4944 [9:7] = 3'010
    Consolidated identical input bits for $mux cell $memory$auto$proc_rom.cc:155:do_switch$1143$rdmux[0][3][1]$4954:
      Old ports: A=$memory$auto$proc_rom.cc:155:do_switch$1143$rdmux[0][3][1]$a$4955, B=$memory$auto$proc_rom.cc:155:do_switch$1143$rdmux[0][3][1]$b$4956, Y=$memory$auto$proc_rom.cc:155:do_switch$1143$rdmux[0][2][0]$b$4941
      New ports: A=$memory$auto$proc_rom.cc:155:do_switch$1143$rdmux[0][3][1]$a$4955 [7:0], B={ 1'0 $memory$auto$proc_rom.cc:155:do_switch$1143$rdmux[0][3][1]$b$4956 [6:0] }, Y=$memory$auto$proc_rom.cc:155:do_switch$1143$rdmux[0][2][0]$b$4941 [7:0]
      New connections: $memory$auto$proc_rom.cc:155:do_switch$1143$rdmux[0][2][0]$b$4941 [9:8] = 2'10
    Consolidated identical input bits for $mux cell $memory$auto$proc_rom.cc:155:do_switch$1143$rdmux[0][3][0]$4951:
      Old ports: A=$memory$auto$proc_rom.cc:155:do_switch$1143$rdmux[0][3][0]$a$4952, B=$memory$auto$proc_rom.cc:155:do_switch$1143$rdmux[0][3][0]$b$4953, Y=$memory$auto$proc_rom.cc:155:do_switch$1143$rdmux[0][2][0]$a$4940
      New ports: A={ 1'1 $memory$auto$proc_rom.cc:155:do_switch$1143$rdmux[0][3][0]$a$4952 [7:0] }, B=$memory$auto$proc_rom.cc:155:do_switch$1143$rdmux[0][3][0]$b$4953 [8:0], Y=$memory$auto$proc_rom.cc:155:do_switch$1143$rdmux[0][2][0]$a$4940 [8:0]
      New connections: $memory$auto$proc_rom.cc:155:do_switch$1143$rdmux[0][2][0]$a$4940 [9] = 1'1
    Consolidated identical input bits for $mux cell $procmux$1859:
      Old ports: A=$11\approximate_rsqrt$func$rtl/fp16_rsqrt_lut256.sv:79$229.leading_one[31:0]$350, B=5, Y=$12\approximate_rsqrt$func$rtl/fp16_rsqrt_lut256.sv:79$229.leading_one[31:0]$353
      New ports: A={ $11\approximate_rsqrt$func$rtl/fp16_rsqrt_lut256.sv:79$229.leading_one[31:0]$350 [4:3] $11\approximate_rsqrt$func$rtl/fp16_rsqrt_lut256.sv:79$229.leading_one[31:0]$350 [1] $11\approximate_rsqrt$func$rtl/fp16_rsqrt_lut256.sv:79$229.leading_one[31:0]$350 [1:0] }, B=5'00101, Y=$12\approximate_rsqrt$func$rtl/fp16_rsqrt_lut256.sv:79$229.leading_one[31:0]$353 [4:0]
      New connections: $12\approximate_rsqrt$func$rtl/fp16_rsqrt_lut256.sv:79$229.leading_one[31:0]$353 [31:5] = { $12\approximate_rsqrt$func$rtl/fp16_rsqrt_lut256.sv:79$229.leading_one[31:0]$353 [4] $12\approximate_rsqrt$func$rtl/fp16_rsqrt_lut256.sv:79$229.leading_one[31:0]$353 [4] $12\approximate_rsqrt$func$rtl/fp16_rsqrt_lut256.sv:79$229.leading_one[31:0]$353 [4] $12\approximate_rsqrt$func$rtl/fp16_rsqrt_lut256.sv:79$229.leading_one[31:0]$353 [4] $12\approximate_rsqrt$func$rtl/fp16_rsqrt_lut256.sv:79$229.leading_one[31:0]$353 [4] $12\approximate_rsqrt$func$rtl/fp16_rsqrt_lut256.sv:79$229.leading_one[31:0]$353 [4] $12\approximate_rsqrt$func$rtl/fp16_rsqrt_lut256.sv:79$229.leading_one[31:0]$353 [4] $12\approximate_rsqrt$func$rtl/fp16_rsqrt_lut256.sv:79$229.leading_one[31:0]$353 [4] $12\approximate_rsqrt$func$rtl/fp16_rsqrt_lut256.sv:79$229.leading_one[31:0]$353 [4] $12\approximate_rsqrt$func$rtl/fp16_rsqrt_lut256.sv:79$229.leading_one[31:0]$353 [4] $12\approximate_rsqrt$func$rtl/fp16_rsqrt_lut256.sv:79$229.leading_one[31:0]$353 [4] $12\approximate_rsqrt$func$rtl/fp16_rsqrt_lut256.sv:79$229.leading_one[31:0]$353 [4] $12\approximate_rsqrt$func$rtl/fp16_rsqrt_lut256.sv:79$229.leading_one[31:0]$353 [4] $12\approximate_rsqrt$func$rtl/fp16_rsqrt_lut256.sv:79$229.leading_one[31:0]$353 [4] $12\approximate_rsqrt$func$rtl/fp16_rsqrt_lut256.sv:79$229.leading_one[31:0]$353 [4] $12\approximate_rsqrt$func$rtl/fp16_rsqrt_lut256.sv:79$229.leading_one[31:0]$353 [4] $12\approximate_rsqrt$func$rtl/fp16_rsqrt_lut256.sv:79$229.leading_one[31:0]$353 [4] $12\approximate_rsqrt$func$rtl/fp16_rsqrt_lut256.sv:79$229.leading_one[31:0]$353 [4] $12\approximate_rsqrt$func$rtl/fp16_rsqrt_lut256.sv:79$229.leading_one[31:0]$353 [4] $12\approximate_rsqrt$func$rtl/fp16_rsqrt_lut256.sv:79$229.leading_one[31:0]$353 [4] $12\approximate_rsqrt$func$rtl/fp16_rsqrt_lut256.sv:79$229.leading_one[31:0]$353 [4] $12\approximate_rsqrt$func$rtl/fp16_rsqrt_lut256.sv:79$229.leading_one[31:0]$353 [4] $12\approximate_rsqrt$func$rtl/fp16_rsqrt_lut256.sv:79$229.leading_one[31:0]$353 [4] $12\approximate_rsqrt$func$rtl/fp16_rsqrt_lut256.sv:79$229.leading_one[31:0]$353 [4] $12\approximate_rsqrt$func$rtl/fp16_rsqrt_lut256.sv:79$229.leading_one[31:0]$353 [4] $12\approximate_rsqrt$func$rtl/fp16_rsqrt_lut256.sv:79$229.leading_one[31:0]$353 [4] $12\approximate_rsqrt$func$rtl/fp16_rsqrt_lut256.sv:79$229.leading_one[31:0]$353 [4] }
  Optimizing cells in module \fp16_rsqrt_lut256.
    Consolidated identical input bits for $mux cell $memory$auto$proc_rom.cc:155:do_switch$1143$rdmux[0][2][3]$4948:
      Old ports: A=$memory$auto$proc_rom.cc:155:do_switch$1143$rdmux[0][2][3]$a$4949, B=$memory$auto$proc_rom.cc:155:do_switch$1143$rdmux[0][2][3]$b$4950, Y=$memory$auto$proc_rom.cc:155:do_switch$1143$rdmux[0][1][1]$b$4938
      New ports: A=$memory$auto$proc_rom.cc:155:do_switch$1143$rdmux[0][2][3]$a$4949 [6:0], B={ 1'0 $memory$auto$proc_rom.cc:155:do_switch$1143$rdmux[0][2][3]$b$4950 [5:0] }, Y=$memory$auto$proc_rom.cc:155:do_switch$1143$rdmux[0][1][1]$b$4938 [6:0]
      New connections: $memory$auto$proc_rom.cc:155:do_switch$1143$rdmux[0][1][1]$b$4938 [9:7] = 3'000
    Consolidated identical input bits for $mux cell $memory$auto$proc_rom.cc:155:do_switch$1143$rdmux[0][2][2]$4945:
      Old ports: A=$memory$auto$proc_rom.cc:155:do_switch$1143$rdmux[0][2][2]$a$4946, B=$memory$auto$proc_rom.cc:155:do_switch$1143$rdmux[0][2][2]$b$4947, Y=$memory$auto$proc_rom.cc:155:do_switch$1143$rdmux[0][1][1]$a$4937
      New ports: A=$memory$auto$proc_rom.cc:155:do_switch$1143$rdmux[0][2][2]$a$4946 [8:0], B={ 1'0 $memory$auto$proc_rom.cc:155:do_switch$1143$rdmux[0][2][2]$b$4947 [7:0] }, Y=$memory$auto$proc_rom.cc:155:do_switch$1143$rdmux[0][1][1]$a$4937 [8:0]
      New connections: $memory$auto$proc_rom.cc:155:do_switch$1143$rdmux[0][1][1]$a$4937 [9] = 1'0
    Consolidated identical input bits for $mux cell $memory$auto$proc_rom.cc:155:do_switch$1143$rdmux[0][2][0]$4939:
      Old ports: A=$memory$auto$proc_rom.cc:155:do_switch$1143$rdmux[0][2][0]$a$4940, B=$memory$auto$proc_rom.cc:155:do_switch$1143$rdmux[0][2][0]$b$4941, Y=$memory$auto$proc_rom.cc:155:do_switch$1143$rdmux[0][1][0]$a$4934
      New ports: A=$memory$auto$proc_rom.cc:155:do_switch$1143$rdmux[0][2][0]$a$4940 [8:0], B={ 1'0 $memory$auto$proc_rom.cc:155:do_switch$1143$rdmux[0][2][0]$b$4941 [7:0] }, Y=$memory$auto$proc_rom.cc:155:do_switch$1143$rdmux[0][1][0]$a$4934 [8:0]
      New connections: $memory$auto$proc_rom.cc:155:do_switch$1143$rdmux[0][1][0]$a$4934 [9] = 1'1
    Consolidated identical input bits for $mux cell $procmux$1838:
      Old ports: A=$12\approximate_rsqrt$func$rtl/fp16_rsqrt_lut256.sv:79$229.leading_one[31:0]$353, B=4, Y=$13\approximate_rsqrt$func$rtl/fp16_rsqrt_lut256.sv:79$229.leading_one[31:0]$356
      New ports: A=$12\approximate_rsqrt$func$rtl/fp16_rsqrt_lut256.sv:79$229.leading_one[31:0]$353 [4:0], B=5'00100, Y=$13\approximate_rsqrt$func$rtl/fp16_rsqrt_lut256.sv:79$229.leading_one[31:0]$356 [4:0]
      New connections: $13\approximate_rsqrt$func$rtl/fp16_rsqrt_lut256.sv:79$229.leading_one[31:0]$356 [31:5] = { $13\approximate_rsqrt$func$rtl/fp16_rsqrt_lut256.sv:79$229.leading_one[31:0]$356 [4] $13\approximate_rsqrt$func$rtl/fp16_rsqrt_lut256.sv:79$229.leading_one[31:0]$356 [4] $13\approximate_rsqrt$func$rtl/fp16_rsqrt_lut256.sv:79$229.leading_one[31:0]$356 [4] $13\approximate_rsqrt$func$rtl/fp16_rsqrt_lut256.sv:79$229.leading_one[31:0]$356 [4] $13\approximate_rsqrt$func$rtl/fp16_rsqrt_lut256.sv:79$229.leading_one[31:0]$356 [4] $13\approximate_rsqrt$func$rtl/fp16_rsqrt_lut256.sv:79$229.leading_one[31:0]$356 [4] $13\approximate_rsqrt$func$rtl/fp16_rsqrt_lut256.sv:79$229.leading_one[31:0]$356 [4] $13\approximate_rsqrt$func$rtl/fp16_rsqrt_lut256.sv:79$229.leading_one[31:0]$356 [4] $13\approximate_rsqrt$func$rtl/fp16_rsqrt_lut256.sv:79$229.leading_one[31:0]$356 [4] $13\approximate_rsqrt$func$rtl/fp16_rsqrt_lut256.sv:79$229.leading_one[31:0]$356 [4] $13\approximate_rsqrt$func$rtl/fp16_rsqrt_lut256.sv:79$229.leading_one[31:0]$356 [4] $13\approximate_rsqrt$func$rtl/fp16_rsqrt_lut256.sv:79$229.leading_one[31:0]$356 [4] $13\approximate_rsqrt$func$rtl/fp16_rsqrt_lut256.sv:79$229.leading_one[31:0]$356 [4] $13\approximate_rsqrt$func$rtl/fp16_rsqrt_lut256.sv:79$229.leading_one[31:0]$356 [4] $13\approximate_rsqrt$func$rtl/fp16_rsqrt_lut256.sv:79$229.leading_one[31:0]$356 [4] $13\approximate_rsqrt$func$rtl/fp16_rsqrt_lut256.sv:79$229.leading_one[31:0]$356 [4] $13\approximate_rsqrt$func$rtl/fp16_rsqrt_lut256.sv:79$229.leading_one[31:0]$356 [4] $13\approximate_rsqrt$func$rtl/fp16_rsqrt_lut256.sv:79$229.leading_one[31:0]$356 [4] $13\approximate_rsqrt$func$rtl/fp16_rsqrt_lut256.sv:79$229.leading_one[31:0]$356 [4] $13\approximate_rsqrt$func$rtl/fp16_rsqrt_lut256.sv:79$229.leading_one[31:0]$356 [4] $13\approximate_rsqrt$func$rtl/fp16_rsqrt_lut256.sv:79$229.leading_one[31:0]$356 [4] $13\approximate_rsqrt$func$rtl/fp16_rsqrt_lut256.sv:79$229.leading_one[31:0]$356 [4] $13\approximate_rsqrt$func$rtl/fp16_rsqrt_lut256.sv:79$229.leading_one[31:0]$356 [4] $13\approximate_rsqrt$func$rtl/fp16_rsqrt_lut256.sv:79$229.leading_one[31:0]$356 [4] $13\approximate_rsqrt$func$rtl/fp16_rsqrt_lut256.sv:79$229.leading_one[31:0]$356 [4] $13\approximate_rsqrt$func$rtl/fp16_rsqrt_lut256.sv:79$229.leading_one[31:0]$356 [4] $13\approximate_rsqrt$func$rtl/fp16_rsqrt_lut256.sv:79$229.leading_one[31:0]$356 [4] }
  Optimizing cells in module \fp16_rsqrt_lut256.
    Consolidated identical input bits for $mux cell $memory$auto$proc_rom.cc:155:do_switch$1143$rdmux[0][1][1]$4936:
      Old ports: A=$memory$auto$proc_rom.cc:155:do_switch$1143$rdmux[0][1][1]$a$4937, B=$memory$auto$proc_rom.cc:155:do_switch$1143$rdmux[0][1][1]$b$4938, Y=$memory$auto$proc_rom.cc:155:do_switch$1143$rdmux[0][0][0]$b$4932
      New ports: A=$memory$auto$proc_rom.cc:155:do_switch$1143$rdmux[0][1][1]$a$4937 [8:0], B={ 2'00 $memory$auto$proc_rom.cc:155:do_switch$1143$rdmux[0][1][1]$b$4938 [6:0] }, Y=$memory$auto$proc_rom.cc:155:do_switch$1143$rdmux[0][0][0]$b$4932 [8:0]
      New connections: $memory$auto$proc_rom.cc:155:do_switch$1143$rdmux[0][0][0]$b$4932 [9] = 1'0
    Consolidated identical input bits for $mux cell $procmux$1817:
      Old ports: A=$13\approximate_rsqrt$func$rtl/fp16_rsqrt_lut256.sv:79$229.leading_one[31:0]$356, B=3, Y=$14\approximate_rsqrt$func$rtl/fp16_rsqrt_lut256.sv:79$229.leading_one[31:0]$359
      New ports: A=$13\approximate_rsqrt$func$rtl/fp16_rsqrt_lut256.sv:79$229.leading_one[31:0]$356 [4:0], B=5'00011, Y=$14\approximate_rsqrt$func$rtl/fp16_rsqrt_lut256.sv:79$229.leading_one[31:0]$359 [4:0]
      New connections: $14\approximate_rsqrt$func$rtl/fp16_rsqrt_lut256.sv:79$229.leading_one[31:0]$359 [31:5] = { $14\approximate_rsqrt$func$rtl/fp16_rsqrt_lut256.sv:79$229.leading_one[31:0]$359 [4] $14\approximate_rsqrt$func$rtl/fp16_rsqrt_lut256.sv:79$229.leading_one[31:0]$359 [4] $14\approximate_rsqrt$func$rtl/fp16_rsqrt_lut256.sv:79$229.leading_one[31:0]$359 [4] $14\approximate_rsqrt$func$rtl/fp16_rsqrt_lut256.sv:79$229.leading_one[31:0]$359 [4] $14\approximate_rsqrt$func$rtl/fp16_rsqrt_lut256.sv:79$229.leading_one[31:0]$359 [4] $14\approximate_rsqrt$func$rtl/fp16_rsqrt_lut256.sv:79$229.leading_one[31:0]$359 [4] $14\approximate_rsqrt$func$rtl/fp16_rsqrt_lut256.sv:79$229.leading_one[31:0]$359 [4] $14\approximate_rsqrt$func$rtl/fp16_rsqrt_lut256.sv:79$229.leading_one[31:0]$359 [4] $14\approximate_rsqrt$func$rtl/fp16_rsqrt_lut256.sv:79$229.leading_one[31:0]$359 [4] $14\approximate_rsqrt$func$rtl/fp16_rsqrt_lut256.sv:79$229.leading_one[31:0]$359 [4] $14\approximate_rsqrt$func$rtl/fp16_rsqrt_lut256.sv:79$229.leading_one[31:0]$359 [4] $14\approximate_rsqrt$func$rtl/fp16_rsqrt_lut256.sv:79$229.leading_one[31:0]$359 [4] $14\approximate_rsqrt$func$rtl/fp16_rsqrt_lut256.sv:79$229.leading_one[31:0]$359 [4] $14\approximate_rsqrt$func$rtl/fp16_rsqrt_lut256.sv:79$229.leading_one[31:0]$359 [4] $14\approximate_rsqrt$func$rtl/fp16_rsqrt_lut256.sv:79$229.leading_one[31:0]$359 [4] $14\approximate_rsqrt$func$rtl/fp16_rsqrt_lut256.sv:79$229.leading_one[31:0]$359 [4] $14\approximate_rsqrt$func$rtl/fp16_rsqrt_lut256.sv:79$229.leading_one[31:0]$359 [4] $14\approximate_rsqrt$func$rtl/fp16_rsqrt_lut256.sv:79$229.leading_one[31:0]$359 [4] $14\approximate_rsqrt$func$rtl/fp16_rsqrt_lut256.sv:79$229.leading_one[31:0]$359 [4] $14\approximate_rsqrt$func$rtl/fp16_rsqrt_lut256.sv:79$229.leading_one[31:0]$359 [4] $14\approximate_rsqrt$func$rtl/fp16_rsqrt_lut256.sv:79$229.leading_one[31:0]$359 [4] $14\approximate_rsqrt$func$rtl/fp16_rsqrt_lut256.sv:79$229.leading_one[31:0]$359 [4] $14\approximate_rsqrt$func$rtl/fp16_rsqrt_lut256.sv:79$229.leading_one[31:0]$359 [4] $14\approximate_rsqrt$func$rtl/fp16_rsqrt_lut256.sv:79$229.leading_one[31:0]$359 [4] $14\approximate_rsqrt$func$rtl/fp16_rsqrt_lut256.sv:79$229.leading_one[31:0]$359 [4] $14\approximate_rsqrt$func$rtl/fp16_rsqrt_lut256.sv:79$229.leading_one[31:0]$359 [4] $14\approximate_rsqrt$func$rtl/fp16_rsqrt_lut256.sv:79$229.leading_one[31:0]$359 [4] }
  Optimizing cells in module \fp16_rsqrt_lut256.
    Consolidated identical input bits for $mux cell $procmux$1796:
      Old ports: A=$14\approximate_rsqrt$func$rtl/fp16_rsqrt_lut256.sv:79$229.leading_one[31:0]$359, B=2, Y=$15\approximate_rsqrt$func$rtl/fp16_rsqrt_lut256.sv:79$229.leading_one[31:0]$362
      New ports: A=$14\approximate_rsqrt$func$rtl/fp16_rsqrt_lut256.sv:79$229.leading_one[31:0]$359 [4:0], B=5'00010, Y=$15\approximate_rsqrt$func$rtl/fp16_rsqrt_lut256.sv:79$229.leading_one[31:0]$362 [4:0]
      New connections: $15\approximate_rsqrt$func$rtl/fp16_rsqrt_lut256.sv:79$229.leading_one[31:0]$362 [31:5] = { $15\approximate_rsqrt$func$rtl/fp16_rsqrt_lut256.sv:79$229.leading_one[31:0]$362 [4] $15\approximate_rsqrt$func$rtl/fp16_rsqrt_lut256.sv:79$229.leading_one[31:0]$362 [4] $15\approximate_rsqrt$func$rtl/fp16_rsqrt_lut256.sv:79$229.leading_one[31:0]$362 [4] $15\approximate_rsqrt$func$rtl/fp16_rsqrt_lut256.sv:79$229.leading_one[31:0]$362 [4] $15\approximate_rsqrt$func$rtl/fp16_rsqrt_lut256.sv:79$229.leading_one[31:0]$362 [4] $15\approximate_rsqrt$func$rtl/fp16_rsqrt_lut256.sv:79$229.leading_one[31:0]$362 [4] $15\approximate_rsqrt$func$rtl/fp16_rsqrt_lut256.sv:79$229.leading_one[31:0]$362 [4] $15\approximate_rsqrt$func$rtl/fp16_rsqrt_lut256.sv:79$229.leading_one[31:0]$362 [4] $15\approximate_rsqrt$func$rtl/fp16_rsqrt_lut256.sv:79$229.leading_one[31:0]$362 [4] $15\approximate_rsqrt$func$rtl/fp16_rsqrt_lut256.sv:79$229.leading_one[31:0]$362 [4] $15\approximate_rsqrt$func$rtl/fp16_rsqrt_lut256.sv:79$229.leading_one[31:0]$362 [4] $15\approximate_rsqrt$func$rtl/fp16_rsqrt_lut256.sv:79$229.leading_one[31:0]$362 [4] $15\approximate_rsqrt$func$rtl/fp16_rsqrt_lut256.sv:79$229.leading_one[31:0]$362 [4] $15\approximate_rsqrt$func$rtl/fp16_rsqrt_lut256.sv:79$229.leading_one[31:0]$362 [4] $15\approximate_rsqrt$func$rtl/fp16_rsqrt_lut256.sv:79$229.leading_one[31:0]$362 [4] $15\approximate_rsqrt$func$rtl/fp16_rsqrt_lut256.sv:79$229.leading_one[31:0]$362 [4] $15\approximate_rsqrt$func$rtl/fp16_rsqrt_lut256.sv:79$229.leading_one[31:0]$362 [4] $15\approximate_rsqrt$func$rtl/fp16_rsqrt_lut256.sv:79$229.leading_one[31:0]$362 [4] $15\approximate_rsqrt$func$rtl/fp16_rsqrt_lut256.sv:79$229.leading_one[31:0]$362 [4] $15\approximate_rsqrt$func$rtl/fp16_rsqrt_lut256.sv:79$229.leading_one[31:0]$362 [4] $15\approximate_rsqrt$func$rtl/fp16_rsqrt_lut256.sv:79$229.leading_one[31:0]$362 [4] $15\approximate_rsqrt$func$rtl/fp16_rsqrt_lut256.sv:79$229.leading_one[31:0]$362 [4] $15\approximate_rsqrt$func$rtl/fp16_rsqrt_lut256.sv:79$229.leading_one[31:0]$362 [4] $15\approximate_rsqrt$func$rtl/fp16_rsqrt_lut256.sv:79$229.leading_one[31:0]$362 [4] $15\approximate_rsqrt$func$rtl/fp16_rsqrt_lut256.sv:79$229.leading_one[31:0]$362 [4] $15\approximate_rsqrt$func$rtl/fp16_rsqrt_lut256.sv:79$229.leading_one[31:0]$362 [4] $15\approximate_rsqrt$func$rtl/fp16_rsqrt_lut256.sv:79$229.leading_one[31:0]$362 [4] }
  Optimizing cells in module \fp16_rsqrt_lut256.
    Consolidated identical input bits for $mux cell $procmux$1775:
      Old ports: A=$15\approximate_rsqrt$func$rtl/fp16_rsqrt_lut256.sv:79$229.leading_one[31:0]$362, B=1, Y=$16\approximate_rsqrt$func$rtl/fp16_rsqrt_lut256.sv:79$229.leading_one[31:0]$365
      New ports: A=$15\approximate_rsqrt$func$rtl/fp16_rsqrt_lut256.sv:79$229.leading_one[31:0]$362 [4:0], B=5'00001, Y=$16\approximate_rsqrt$func$rtl/fp16_rsqrt_lut256.sv:79$229.leading_one[31:0]$365 [4:0]
      New connections: $16\approximate_rsqrt$func$rtl/fp16_rsqrt_lut256.sv:79$229.leading_one[31:0]$365 [31:5] = { $16\approximate_rsqrt$func$rtl/fp16_rsqrt_lut256.sv:79$229.leading_one[31:0]$365 [4] $16\approximate_rsqrt$func$rtl/fp16_rsqrt_lut256.sv:79$229.leading_one[31:0]$365 [4] $16\approximate_rsqrt$func$rtl/fp16_rsqrt_lut256.sv:79$229.leading_one[31:0]$365 [4] $16\approximate_rsqrt$func$rtl/fp16_rsqrt_lut256.sv:79$229.leading_one[31:0]$365 [4] $16\approximate_rsqrt$func$rtl/fp16_rsqrt_lut256.sv:79$229.leading_one[31:0]$365 [4] $16\approximate_rsqrt$func$rtl/fp16_rsqrt_lut256.sv:79$229.leading_one[31:0]$365 [4] $16\approximate_rsqrt$func$rtl/fp16_rsqrt_lut256.sv:79$229.leading_one[31:0]$365 [4] $16\approximate_rsqrt$func$rtl/fp16_rsqrt_lut256.sv:79$229.leading_one[31:0]$365 [4] $16\approximate_rsqrt$func$rtl/fp16_rsqrt_lut256.sv:79$229.leading_one[31:0]$365 [4] $16\approximate_rsqrt$func$rtl/fp16_rsqrt_lut256.sv:79$229.leading_one[31:0]$365 [4] $16\approximate_rsqrt$func$rtl/fp16_rsqrt_lut256.sv:79$229.leading_one[31:0]$365 [4] $16\approximate_rsqrt$func$rtl/fp16_rsqrt_lut256.sv:79$229.leading_one[31:0]$365 [4] $16\approximate_rsqrt$func$rtl/fp16_rsqrt_lut256.sv:79$229.leading_one[31:0]$365 [4] $16\approximate_rsqrt$func$rtl/fp16_rsqrt_lut256.sv:79$229.leading_one[31:0]$365 [4] $16\approximate_rsqrt$func$rtl/fp16_rsqrt_lut256.sv:79$229.leading_one[31:0]$365 [4] $16\approximate_rsqrt$func$rtl/fp16_rsqrt_lut256.sv:79$229.leading_one[31:0]$365 [4] $16\approximate_rsqrt$func$rtl/fp16_rsqrt_lut256.sv:79$229.leading_one[31:0]$365 [4] $16\approximate_rsqrt$func$rtl/fp16_rsqrt_lut256.sv:79$229.leading_one[31:0]$365 [4] $16\approximate_rsqrt$func$rtl/fp16_rsqrt_lut256.sv:79$229.leading_one[31:0]$365 [4] $16\approximate_rsqrt$func$rtl/fp16_rsqrt_lut256.sv:79$229.leading_one[31:0]$365 [4] $16\approximate_rsqrt$func$rtl/fp16_rsqrt_lut256.sv:79$229.leading_one[31:0]$365 [4] $16\approximate_rsqrt$func$rtl/fp16_rsqrt_lut256.sv:79$229.leading_one[31:0]$365 [4] $16\approximate_rsqrt$func$rtl/fp16_rsqrt_lut256.sv:79$229.leading_one[31:0]$365 [4] $16\approximate_rsqrt$func$rtl/fp16_rsqrt_lut256.sv:79$229.leading_one[31:0]$365 [4] $16\approximate_rsqrt$func$rtl/fp16_rsqrt_lut256.sv:79$229.leading_one[31:0]$365 [4] $16\approximate_rsqrt$func$rtl/fp16_rsqrt_lut256.sv:79$229.leading_one[31:0]$365 [4] $16\approximate_rsqrt$func$rtl/fp16_rsqrt_lut256.sv:79$229.leading_one[31:0]$365 [4] }
  Optimizing cells in module \fp16_rsqrt_lut256.
    Consolidated identical input bits for $mux cell $procmux$1754:
      Old ports: A=$16\approximate_rsqrt$func$rtl/fp16_rsqrt_lut256.sv:79$229.leading_one[31:0]$365, B=0, Y=$17\approximate_rsqrt$func$rtl/fp16_rsqrt_lut256.sv:79$229.leading_one[31:0]$368
      New ports: A=$16\approximate_rsqrt$func$rtl/fp16_rsqrt_lut256.sv:79$229.leading_one[31:0]$365 [4:0], B=5'00000, Y=$17\approximate_rsqrt$func$rtl/fp16_rsqrt_lut256.sv:79$229.leading_one[31:0]$368 [4:0]
      New connections: $17\approximate_rsqrt$func$rtl/fp16_rsqrt_lut256.sv:79$229.leading_one[31:0]$368 [31:5] = { $17\approximate_rsqrt$func$rtl/fp16_rsqrt_lut256.sv:79$229.leading_one[31:0]$368 [4] $17\approximate_rsqrt$func$rtl/fp16_rsqrt_lut256.sv:79$229.leading_one[31:0]$368 [4] $17\approximate_rsqrt$func$rtl/fp16_rsqrt_lut256.sv:79$229.leading_one[31:0]$368 [4] $17\approximate_rsqrt$func$rtl/fp16_rsqrt_lut256.sv:79$229.leading_one[31:0]$368 [4] $17\approximate_rsqrt$func$rtl/fp16_rsqrt_lut256.sv:79$229.leading_one[31:0]$368 [4] $17\approximate_rsqrt$func$rtl/fp16_rsqrt_lut256.sv:79$229.leading_one[31:0]$368 [4] $17\approximate_rsqrt$func$rtl/fp16_rsqrt_lut256.sv:79$229.leading_one[31:0]$368 [4] $17\approximate_rsqrt$func$rtl/fp16_rsqrt_lut256.sv:79$229.leading_one[31:0]$368 [4] $17\approximate_rsqrt$func$rtl/fp16_rsqrt_lut256.sv:79$229.leading_one[31:0]$368 [4] $17\approximate_rsqrt$func$rtl/fp16_rsqrt_lut256.sv:79$229.leading_one[31:0]$368 [4] $17\approximate_rsqrt$func$rtl/fp16_rsqrt_lut256.sv:79$229.leading_one[31:0]$368 [4] $17\approximate_rsqrt$func$rtl/fp16_rsqrt_lut256.sv:79$229.leading_one[31:0]$368 [4] $17\approximate_rsqrt$func$rtl/fp16_rsqrt_lut256.sv:79$229.leading_one[31:0]$368 [4] $17\approximate_rsqrt$func$rtl/fp16_rsqrt_lut256.sv:79$229.leading_one[31:0]$368 [4] $17\approximate_rsqrt$func$rtl/fp16_rsqrt_lut256.sv:79$229.leading_one[31:0]$368 [4] $17\approximate_rsqrt$func$rtl/fp16_rsqrt_lut256.sv:79$229.leading_one[31:0]$368 [4] $17\approximate_rsqrt$func$rtl/fp16_rsqrt_lut256.sv:79$229.leading_one[31:0]$368 [4] $17\approximate_rsqrt$func$rtl/fp16_rsqrt_lut256.sv:79$229.leading_one[31:0]$368 [4] $17\approximate_rsqrt$func$rtl/fp16_rsqrt_lut256.sv:79$229.leading_one[31:0]$368 [4] $17\approximate_rsqrt$func$rtl/fp16_rsqrt_lut256.sv:79$229.leading_one[31:0]$368 [4] $17\approximate_rsqrt$func$rtl/fp16_rsqrt_lut256.sv:79$229.leading_one[31:0]$368 [4] $17\approximate_rsqrt$func$rtl/fp16_rsqrt_lut256.sv:79$229.leading_one[31:0]$368 [4] $17\approximate_rsqrt$func$rtl/fp16_rsqrt_lut256.sv:79$229.leading_one[31:0]$368 [4] $17\approximate_rsqrt$func$rtl/fp16_rsqrt_lut256.sv:79$229.leading_one[31:0]$368 [4] $17\approximate_rsqrt$func$rtl/fp16_rsqrt_lut256.sv:79$229.leading_one[31:0]$368 [4] $17\approximate_rsqrt$func$rtl/fp16_rsqrt_lut256.sv:79$229.leading_one[31:0]$368 [4] $17\approximate_rsqrt$func$rtl/fp16_rsqrt_lut256.sv:79$229.leading_one[31:0]$368 [4] }
  Optimizing cells in module \fp16_rsqrt_lut256.
  Optimizing cells in module \logic_normalization_barrier_tree_top.
Performed a total of 287 changes.

11.19.5. Executing OPT_MERGE pass (detect identical cells).
Finding identical cells in module `$paramod$865746d0c425e5bff1afb43fc0ca954cd0aab93f\logic_normalization_bank_barrier'.
Finding identical cells in module `$paramod$cf256f1e07155db3e20fb233046fedb4711c91b2\logic_normalization_scalar_engine_array'.
Finding identical cells in module `$paramod$e6d2582358ff6950cc507271baa264b5b8280dfa\logic_normalization_parallel_tree_top'.
Finding identical cells in module `$paramod\logic_normalization_scalar_engine\TAG_WIDTH=32'00000000000000000000000000010000'.
Finding identical cells in module `\fp16_add'.
Finding identical cells in module `\fp16_mul'.
Finding identical cells in module `\fp16_rsqrt_lut256'.
<suppressed ~399 debug messages>
Finding identical cells in module `\logic_normalization_barrier_tree_top'.
Removed a total of 133 cells.

11.19.6. Executing OPT_SHARE pass.
    Found cells that share an operand and can be merged by moving the $mux $procmux$1146 in front of them:
        $auto$alumacc.cc:495:replace_alu$4267
        $auto$alumacc.cc:495:replace_alu$4258

11.19.7. Executing OPT_DFF pass (perform DFF optimizations).

11.19.8. Executing OPT_CLEAN pass (remove unused cells and wires).
Finding unused cells or wires in module $paramod$865746d0c425e5bff1afb43fc0ca954cd0aab93f\logic_normalization_bank_barrier..
Finding unused cells or wires in module $paramod$cf256f1e07155db3e20fb233046fedb4711c91b2\logic_normalization_scalar_engine_array..
Finding unused cells or wires in module $paramod$e6d2582358ff6950cc507271baa264b5b8280dfa\logic_normalization_parallel_tree_top..
Finding unused cells or wires in module $paramod\logic_normalization_scalar_engine\TAG_WIDTH=32'00000000000000000000000000010000..
Finding unused cells or wires in module \fp16_add..
Finding unused cells or wires in module \fp16_mul..
Finding unused cells or wires in module \fp16_rsqrt_lut256..
Finding unused cells or wires in module \logic_normalization_barrier_tree_top..
Removed 0 unused cells and 395 unused wires.
<suppressed ~2 debug messages>

11.19.9. Executing OPT_EXPR pass (perform const folding).
Optimizing module $paramod$865746d0c425e5bff1afb43fc0ca954cd0aab93f\logic_normalization_bank_barrier.
Optimizing module $paramod$cf256f1e07155db3e20fb233046fedb4711c91b2\logic_normalization_scalar_engine_array.
Optimizing module $paramod$e6d2582358ff6950cc507271baa264b5b8280dfa\logic_normalization_parallel_tree_top.
<suppressed ~2 debug messages>
Optimizing module $paramod\logic_normalization_scalar_engine\TAG_WIDTH=32'00000000000000000000000000010000.
Optimizing module fp16_add.
Optimizing module fp16_mul.
Optimizing module fp16_rsqrt_lut256.
<suppressed ~3 debug messages>
Optimizing module logic_normalization_barrier_tree_top.

11.19.10. Rerunning OPT passes. (Maybe there is more to do..)

11.19.11. Executing OPT_MUXTREE pass (detect dead branches in mux trees).
Running muxtree optimizer on module $paramod$865746d0c425e5bff1afb43fc0ca954cd0aab93f\logic_normalization_bank_barrier..
  Creating internal representation of mux trees.
  Evaluating internal representation of mux trees.
  Analyzing evaluation results.
Running muxtree optimizer on module $paramod$cf256f1e07155db3e20fb233046fedb4711c91b2\logic_normalization_scalar_engine_array..
  Creating internal representation of mux trees.
  No muxes found in this module.
Running muxtree optimizer on module $paramod$e6d2582358ff6950cc507271baa264b5b8280dfa\logic_normalization_parallel_tree_top..
  Creating internal representation of mux trees.
  Evaluating internal representation of mux trees.
  Analyzing evaluation results.
Running muxtree optimizer on module $paramod\logic_normalization_scalar_engine\TAG_WIDTH=32'00000000000000000000000000010000..
  Creating internal representation of mux trees.
  Evaluating internal representation of mux trees.
  Analyzing evaluation results.
Running muxtree optimizer on module \fp16_add..
  Creating internal representation of mux trees.
  Evaluating internal representation of mux trees.
  Analyzing evaluation results.
Running muxtree optimizer on module \fp16_mul..
  Creating internal representation of mux trees.
  Evaluating internal representation of mux trees.
  Analyzing evaluation results.
Running muxtree optimizer on module \fp16_rsqrt_lut256..
  Creating internal representation of mux trees.
  Evaluating internal representation of mux trees.
  Analyzing evaluation results.
Running muxtree optimizer on module \logic_normalization_barrier_tree_top..
  Creating internal representation of mux trees.
  No muxes found in this module.
Removed 0 multiplexer ports.
<suppressed ~149 debug messages>

11.19.12. Executing OPT_REDUCE pass (consolidate $*mux and $reduce_* inputs).
  Optimizing cells in module $paramod$865746d0c425e5bff1afb43fc0ca954cd0aab93f\logic_normalization_bank_barrier.
  Optimizing cells in module $paramod$cf256f1e07155db3e20fb233046fedb4711c91b2\logic_normalization_scalar_engine_array.
  Optimizing cells in module $paramod$e6d2582358ff6950cc507271baa264b5b8280dfa\logic_normalization_parallel_tree_top.
    Consolidated identical input bits for $mux cell $auto$opt_share.cc:244:merge_operators$5698:
      Old ports: A=4'1111, B=4'0001, Y=$auto$rtlil.cc:2914:Mux$5699
      New ports: A=1'1, B=1'0, Y=$auto$rtlil.cc:2914:Mux$5699 [1]
      New connections: { $auto$rtlil.cc:2914:Mux$5699 [3:2] $auto$rtlil.cc:2914:Mux$5699 [0] } = { $auto$rtlil.cc:2914:Mux$5699 [1] $auto$rtlil.cc:2914:Mux$5699 [1] 1'1 }
  Optimizing cells in module $paramod$e6d2582358ff6950cc507271baa264b5b8280dfa\logic_normalization_parallel_tree_top.
  Optimizing cells in module $paramod\logic_normalization_scalar_engine\TAG_WIDTH=32'00000000000000000000000000010000.
  Optimizing cells in module \fp16_add.
  Optimizing cells in module \fp16_mul.
  Optimizing cells in module \fp16_rsqrt_lut256.
    Consolidated identical input bits for $mux cell $memory$auto$proc_rom.cc:155:do_switch$1143$rdmux[0][5][24]$5095:
      Old ports: A={ 1'1 $memory$auto$proc_rom.cc:155:do_switch$1143$rdmux[0][5][23]$b$5094 [2:1] }, B={ 1'0 $memory$auto$proc_rom.cc:155:do_switch$1143$rdmux[0][5][23]$b$5094 [2:1] }, Y=$memory$auto$proc_rom.cc:155:do_switch$1143$rdmux[0][4][12]$a$5012 [3:1]
      New ports: A=1'1, B=1'0, Y=$memory$auto$proc_rom.cc:155:do_switch$1143$rdmux[0][4][12]$a$5012 [3]
      New connections: $memory$auto$proc_rom.cc:155:do_switch$1143$rdmux[0][4][12]$a$5012 [2:1] = $memory$auto$proc_rom.cc:155:do_switch$1143$rdmux[0][5][23]$b$5094 [2:1]
    Consolidated identical input bits for $mux cell $memory$auto$proc_rom.cc:155:do_switch$1143$rdmux[0][6][0]$5119:
      Old ports: A={ 1'1 $memory$auto$proc_rom.cc:155:do_switch$1143$rdmux[0][6][0]$a$5120 [4] 1'1 $memory$auto$proc_rom.cc:155:do_switch$1143$rdmux[0][6][0]$a$5120 [2] 1'0 }, B={ $memory$auto$proc_rom.cc:155:do_switch$1143$rdmux[0][6][0]$a$5120 [4] $memory$auto$proc_rom.cc:155:do_switch$1143$rdmux[0][6][0]$a$5120 [2] 1'0 $memory$auto$proc_rom.cc:155:do_switch$1143$rdmux[0][6][0]$a$5120 [2] 1'1 }, Y={ $memory$auto$proc_rom.cc:155:do_switch$1143$rdmux[0][5][0]$a$5024 [5:2] $memory$auto$proc_rom.cc:155:do_switch$1143$rdmux[0][5][0]$a$5024 [0] }
      New ports: A={ 1'1 $memory$auto$proc_rom.cc:155:do_switch$1143$rdmux[0][6][0]$a$5120 [4] 2'10 }, B={ $memory$auto$proc_rom.cc:155:do_switch$1143$rdmux[0][6][0]$a$5120 [4] $memory$auto$proc_rom.cc:155:do_switch$1143$rdmux[0][6][0]$a$5120 [2] 2'01 }, Y={ $memory$auto$proc_rom.cc:155:do_switch$1143$rdmux[0][5][0]$a$5024 [5:3] $memory$auto$proc_rom.cc:155:do_switch$1143$rdmux[0][5][0]$a$5024 [0] }
      New connections: $memory$auto$proc_rom.cc:155:do_switch$1143$rdmux[0][5][0]$a$5024 [2] = $memory$auto$proc_rom.cc:155:do_switch$1143$rdmux[0][6][0]$a$5120 [2]
    Consolidated identical input bits for $mux cell $memory$auto$proc_rom.cc:155:do_switch$1143$rdmux[0][6][18]$5173:
      Old ports: A={ $memory$auto$proc_rom.cc:155:do_switch$1143$rdmux[0][6][0]$a$5120 [2] $memory$auto$proc_rom.cc:155:do_switch$1143$rdmux[0][6][0]$a$5120 [2] $memory$auto$proc_rom.cc:155:do_switch$1143$rdmux[0][6][0]$a$5120 [2] $memory$auto$proc_rom.cc:155:do_switch$1143$rdmux[0][6][0]$a$5120 [4] $memory$auto$proc_rom.cc:155:do_switch$1143$rdmux[0][6][0]$a$5120 [2] }, B={ 1'1 $memory$auto$proc_rom.cc:155:do_switch$1143$rdmux[0][6][0]$a$5120 [4] $memory$auto$proc_rom.cc:155:do_switch$1143$rdmux[0][6][0]$a$5120 [2] 2'00 }, Y={ $memory$auto$proc_rom.cc:155:do_switch$1143$rdmux[0][5][9]$a$5051 [4:2] $memory$auto$proc_rom.cc:155:do_switch$1143$rdmux[0][5][9]$a$5051 [5] $memory$auto$proc_rom.cc:155:do_switch$1143$rdmux[0][5][9]$a$5051 [0] }
      New ports: A={ $memory$auto$proc_rom.cc:155:do_switch$1143$rdmux[0][6][0]$a$5120 [2] $memory$auto$proc_rom.cc:155:do_switch$1143$rdmux[0][6][0]$a$5120 [2] $memory$auto$proc_rom.cc:155:do_switch$1143$rdmux[0][6][0]$a$5120 [4] $memory$auto$proc_rom.cc:155:do_switch$1143$rdmux[0][6][0]$a$5120 [2] }, B={ 1'1 $memory$auto$proc_rom.cc:155:do_switch$1143$rdmux[0][6][0]$a$5120 [4] 2'00 }, Y={ $memory$auto$proc_rom.cc:155:do_switch$1143$rdmux[0][5][9]$a$5051 [4:3] $memory$auto$proc_rom.cc:155:do_switch$1143$rdmux[0][5][9]$a$5051 [5] $memory$auto$proc_rom.cc:155:do_switch$1143$rdmux[0][5][9]$a$5051 [0] }
      New connections: $memory$auto$proc_rom.cc:155:do_switch$1143$rdmux[0][5][9]$a$5051 [2] = $memory$auto$proc_rom.cc:155:do_switch$1143$rdmux[0][6][0]$a$5120 [2]
    Consolidated identical input bits for $mux cell $memory$auto$proc_rom.cc:155:do_switch$1143$rdmux[0][6][20]$5179:
      Old ports: A={ $memory$auto$proc_rom.cc:155:do_switch$1143$rdmux[0][6][10]$a$5150 [2] 1'1 }, B={ $memory$auto$proc_rom.cc:155:do_switch$1143$rdmux[0][6][10]$a$5150 [2] 1'0 }, Y={ $memory$auto$proc_rom.cc:155:do_switch$1143$rdmux[0][5][10]$a$5054 [2] $memory$auto$proc_rom.cc:155:do_switch$1143$rdmux[0][5][10]$a$5054 [3] }
      New ports: A=1'1, B=1'0, Y=$memory$auto$proc_rom.cc:155:do_switch$1143$rdmux[0][5][10]$a$5054 [3]
      New connections: $memory$auto$proc_rom.cc:155:do_switch$1143$rdmux[0][5][10]$a$5054 [2] = $memory$auto$proc_rom.cc:155:do_switch$1143$rdmux[0][6][10]$a$5150 [2]
    Consolidated identical input bits for $mux cell $memory$auto$proc_rom.cc:155:do_switch$1143$rdmux[0][6][22]$5185:
      Old ports: A={ 1'1 $memory$auto$proc_rom.cc:155:do_switch$1143$rdmux[0][6][0]$a$5120 [4] $memory$auto$proc_rom.cc:155:do_switch$1143$rdmux[0][6][0]$a$5120 [2] }, B={ $memory$auto$proc_rom.cc:155:do_switch$1143$rdmux[0][6][0]$a$5120 [4] $memory$auto$proc_rom.cc:155:do_switch$1143$rdmux[0][6][0]$a$5120 [2] $memory$auto$proc_rom.cc:155:do_switch$1143$rdmux[0][6][0]$a$5120 [2] }, Y=$memory$auto$proc_rom.cc:155:do_switch$1143$rdmux[0][5][11]$a$5057 [4:2]
      New ports: A={ 1'1 $memory$auto$proc_rom.cc:155:do_switch$1143$rdmux[0][6][0]$a$5120 [4] }, B={ $memory$auto$proc_rom.cc:155:do_switch$1143$rdmux[0][6][0]$a$5120 [4] $memory$auto$proc_rom.cc:155:do_switch$1143$rdmux[0][6][0]$a$5120 [2] }, Y=$memory$auto$proc_rom.cc:155:do_switch$1143$rdmux[0][5][11]$a$5057 [4:3]
      New connections: $memory$auto$proc_rom.cc:155:do_switch$1143$rdmux[0][5][11]$a$5057 [2] = $memory$auto$proc_rom.cc:155:do_switch$1143$rdmux[0][6][0]$a$5120 [2]
    Consolidated identical input bits for $mux cell $memory$auto$proc_rom.cc:155:do_switch$1143$rdmux[0][6][23]$5188:
      Old ports: A={ 2'10 $memory$auto$proc_rom.cc:155:do_switch$1143$rdmux[0][6][0]$a$5120 [4] $memory$auto$proc_rom.cc:155:do_switch$1143$rdmux[0][6][0]$a$5120 [2] }, B={ $memory$auto$proc_rom.cc:155:do_switch$1143$rdmux[0][6][0]$a$5120 [4] $memory$auto$proc_rom.cc:155:do_switch$1143$rdmux[0][6][0]$a$5120 [2] $memory$auto$proc_rom.cc:155:do_switch$1143$rdmux[0][6][0]$a$5120 [2] $memory$auto$proc_rom.cc:155:do_switch$1143$rdmux[0][6][0]$a$5120 [2] }, Y={ $memory$auto$proc_rom.cc:155:do_switch$1143$rdmux[0][5][11]$b$5058 [7:6] $memory$auto$proc_rom.cc:155:do_switch$1143$rdmux[0][5][11]$b$5058 [3:2] }
      New ports: A={ 2'10 $memory$auto$proc_rom.cc:155:do_switch$1143$rdmux[0][6][0]$a$5120 [4] }, B={ $memory$auto$proc_rom.cc:155:do_switch$1143$rdmux[0][6][0]$a$5120 [4] $memory$auto$proc_rom.cc:155:do_switch$1143$rdmux[0][6][0]$a$5120 [2] $memory$auto$proc_rom.cc:155:do_switch$1143$rdmux[0][6][0]$a$5120 [2] }, Y={ $memory$auto$proc_rom.cc:155:do_switch$1143$rdmux[0][5][11]$b$5058 [7:6] $memory$auto$proc_rom.cc:155:do_switch$1143$rdmux[0][5][11]$b$5058 [3] }
      New connections: $memory$auto$proc_rom.cc:155:do_switch$1143$rdmux[0][5][11]$b$5058 [2] = $memory$auto$proc_rom.cc:155:do_switch$1143$rdmux[0][6][0]$a$5120 [2]
    Consolidated identical input bits for $mux cell $memory$auto$proc_rom.cc:155:do_switch$1143$rdmux[0][6][2]$5125:
      Old ports: A={ $memory$auto$proc_rom.cc:155:do_switch$1143$rdmux[0][6][0]$a$5120 [4] $memory$auto$proc_rom.cc:155:do_switch$1143$rdmux[0][6][0]$a$5120 [2] 1'0 $memory$auto$proc_rom.cc:155:do_switch$1143$rdmux[0][6][0]$a$5120 [2] $memory$auto$proc_rom.cc:155:do_switch$1143$rdmux[0][6][0]$a$5120 [2] }, B={ 2'00 $memory$auto$proc_rom.cc:155:do_switch$1143$rdmux[0][6][0]$a$5120 [4] $memory$auto$proc_rom.cc:155:do_switch$1143$rdmux[0][6][0]$a$5120 [4] $memory$auto$proc_rom.cc:155:do_switch$1143$rdmux[0][6][0]$a$5120 [2] }, Y=$memory$auto$proc_rom.cc:155:do_switch$1143$rdmux[0][5][1]$a$5027 [5:1]
      New ports: A={ $memory$auto$proc_rom.cc:155:do_switch$1143$rdmux[0][6][0]$a$5120 [4] $memory$auto$proc_rom.cc:155:do_switch$1143$rdmux[0][6][0]$a$5120 [2] 1'0 $memory$auto$proc_rom.cc:155:do_switch$1143$rdmux[0][6][0]$a$5120 [2] }, B={ 2'00 $memory$auto$proc_rom.cc:155:do_switch$1143$rdmux[0][6][0]$a$5120 [4] $memory$auto$proc_rom.cc:155:do_switch$1143$rdmux[0][6][0]$a$5120 [4] }, Y=$memory$auto$proc_rom.cc:155:do_switch$1143$rdmux[0][5][1]$a$5027 [5:2]
      New connections: $memory$auto$proc_rom.cc:155:do_switch$1143$rdmux[0][5][1]$a$5027 [1] = $memory$auto$proc_rom.cc:155:do_switch$1143$rdmux[0][6][0]$a$5120 [2]
    Consolidated identical input bits for $mux cell $memory$auto$proc_rom.cc:155:do_switch$1143$rdmux[0][6][31]$5212:
      Old ports: A={ $memory$auto$proc_rom.cc:155:do_switch$1143$rdmux[0][6][0]$a$5120 [4] $memory$auto$proc_rom.cc:155:do_switch$1143$rdmux[0][6][0]$a$5120 [2] 1'1 $memory$auto$proc_rom.cc:155:do_switch$1143$rdmux[0][6][0]$a$5120 [2] }, B={ 1'0 $memory$auto$proc_rom.cc:155:do_switch$1143$rdmux[0][6][0]$a$5120 [4] 1'0 $memory$auto$proc_rom.cc:155:do_switch$1143$rdmux[0][6][0]$a$5120 [2] }, Y=$memory$auto$proc_rom.cc:155:do_switch$1143$rdmux[0][5][15]$b$5070 [3:0]
      New ports: A={ $memory$auto$proc_rom.cc:155:do_switch$1143$rdmux[0][6][0]$a$5120 [4] $memory$auto$proc_rom.cc:155:do_switch$1143$rdmux[0][6][0]$a$5120 [2] 1'1 }, B={ 1'0 $memory$auto$proc_rom.cc:155:do_switch$1143$rdmux[0][6][0]$a$5120 [4] 1'0 }, Y=$memory$auto$proc_rom.cc:155:do_switch$1143$rdmux[0][5][15]$b$5070 [3:1]
      New connections: $memory$auto$proc_rom.cc:155:do_switch$1143$rdmux[0][5][15]$b$5070 [0] = $memory$auto$proc_rom.cc:155:do_switch$1143$rdmux[0][6][0]$a$5120 [2]
    Consolidated identical input bits for $mux cell $memory$auto$proc_rom.cc:155:do_switch$1143$rdmux[0][6][32]$5215:
      Old ports: A={ 1'1 $memory$auto$proc_rom.cc:155:do_switch$1143$rdmux[0][6][0]$a$5120 [4] 1'1 $memory$auto$proc_rom.cc:155:do_switch$1143$rdmux[0][6][0]$a$5120 [2] }, B={ $memory$auto$proc_rom.cc:155:do_switch$1143$rdmux[0][6][0]$a$5120 [4] $memory$auto$proc_rom.cc:155:do_switch$1143$rdmux[0][6][0]$a$5120 [2] 1'0 $memory$auto$proc_rom.cc:155:do_switch$1143$rdmux[0][6][0]$a$5120 [2] }, Y=$memory$auto$proc_rom.cc:155:do_switch$1143$rdmux[0][5][16]$a$5072 [3:0]
      New ports: A={ 1'1 $memory$auto$proc_rom.cc:155:do_switch$1143$rdmux[0][6][0]$a$5120 [4] 1'1 }, B={ $memory$auto$proc_rom.cc:155:do_switch$1143$rdmux[0][6][0]$a$5120 [4] $memory$auto$proc_rom.cc:155:do_switch$1143$rdmux[0][6][0]$a$5120 [2] 1'0 }, Y=$memory$auto$proc_rom.cc:155:do_switch$1143$rdmux[0][5][16]$a$5072 [3:1]
      New connections: $memory$auto$proc_rom.cc:155:do_switch$1143$rdmux[0][5][16]$a$5072 [0] = $memory$auto$proc_rom.cc:155:do_switch$1143$rdmux[0][6][0]$a$5120 [2]
    Consolidated identical input bits for $mux cell $memory$auto$proc_rom.cc:155:do_switch$1143$rdmux[0][6][33]$5218:
      Old ports: A={ $memory$auto$proc_rom.cc:155:do_switch$1143$rdmux[0][6][0]$a$5120 [4] $memory$auto$proc_rom.cc:155:do_switch$1143$rdmux[0][6][0]$a$5120 [2] $memory$auto$proc_rom.cc:155:do_switch$1143$rdmux[0][6][0]$a$5120 [2] 1'1 $memory$auto$proc_rom.cc:155:do_switch$1143$rdmux[0][6][0]$a$5120 [2] }, B={ 2'01 $memory$auto$proc_rom.cc:155:do_switch$1143$rdmux[0][6][0]$a$5120 [4] 1'0 $memory$auto$proc_rom.cc:155:do_switch$1143$rdmux[0][6][0]$a$5120 [2] }, Y={ $memory$auto$proc_rom.cc:155:do_switch$1143$rdmux[0][5][16]$b$5073 [8:7] $memory$auto$proc_rom.cc:155:do_switch$1143$rdmux[0][5][16]$b$5073 [2:0] }
      New ports: A={ $memory$auto$proc_rom.cc:155:do_switch$1143$rdmux[0][6][0]$a$5120 [4] $memory$auto$proc_rom.cc:155:do_switch$1143$rdmux[0][6][0]$a$5120 [2] $memory$auto$proc_rom.cc:155:do_switch$1143$rdmux[0][6][0]$a$5120 [2] 1'1 }, B={ 2'01 $memory$auto$proc_rom.cc:155:do_switch$1143$rdmux[0][6][0]$a$5120 [4] 1'0 }, Y={ $memory$auto$proc_rom.cc:155:do_switch$1143$rdmux[0][5][16]$b$5073 [8:7] $memory$auto$proc_rom.cc:155:do_switch$1143$rdmux[0][5][16]$b$5073 [2:1] }
      New connections: $memory$auto$proc_rom.cc:155:do_switch$1143$rdmux[0][5][16]$b$5073 [0] = $memory$auto$proc_rom.cc:155:do_switch$1143$rdmux[0][6][0]$a$5120 [2]
    Consolidated identical input bits for $mux cell $memory$auto$proc_rom.cc:155:do_switch$1143$rdmux[0][6][41]$5242:
      Old ports: A={ 1'1 $memory$auto$proc_rom.cc:155:do_switch$1143$rdmux[0][6][0]$a$5120 [4] $memory$auto$proc_rom.cc:155:do_switch$1143$rdmux[0][6][0]$a$5120 [2] 1'1 }, B={ $memory$auto$proc_rom.cc:155:do_switch$1143$rdmux[0][6][0]$a$5120 [4] $memory$auto$proc_rom.cc:155:do_switch$1143$rdmux[0][6][0]$a$5120 [2] $memory$auto$proc_rom.cc:155:do_switch$1143$rdmux[0][6][0]$a$5120 [2] 1'0 }, Y=$memory$auto$proc_rom.cc:155:do_switch$1143$rdmux[0][5][20]$b$5085 [3:0]
      New ports: A={ 1'1 $memory$auto$proc_rom.cc:155:do_switch$1143$rdmux[0][6][0]$a$5120 [4] 1'1 }, B={ $memory$auto$proc_rom.cc:155:do_switch$1143$rdmux[0][6][0]$a$5120 [4] $memory$auto$proc_rom.cc:155:do_switch$1143$rdmux[0][6][0]$a$5120 [2] 1'0 }, Y={ $memory$auto$proc_rom.cc:155:do_switch$1143$rdmux[0][5][20]$b$5085 [3:2] $memory$auto$proc_rom.cc:155:do_switch$1143$rdmux[0][5][20]$b$5085 [0] }
      New connections: $memory$auto$proc_rom.cc:155:do_switch$1143$rdmux[0][5][20]$b$5085 [1] = $memory$auto$proc_rom.cc:155:do_switch$1143$rdmux[0][6][0]$a$5120 [2]
    Consolidated identical input bits for $mux cell $memory$auto$proc_rom.cc:155:do_switch$1143$rdmux[0][6][42]$5245:
      Old ports: A={ 2'10 $memory$auto$proc_rom.cc:155:do_switch$1143$rdmux[0][6][10]$a$5150 [2] 1'1 }, B={ 2'01 $memory$auto$proc_rom.cc:155:do_switch$1143$rdmux[0][6][10]$a$5150 [2] $memory$auto$proc_rom.cc:155:do_switch$1143$rdmux[0][6][10]$a$5150 [2] }, Y={ $memory$auto$proc_rom.cc:155:do_switch$1143$rdmux[0][5][21]$a$5087 [5:4] $memory$auto$proc_rom.cc:155:do_switch$1143$rdmux[0][5][21]$a$5087 [1:0] }
      New ports: A=3'101, B={ 2'01 $memory$auto$proc_rom.cc:155:do_switch$1143$rdmux[0][6][10]$a$5150 [2] }, Y={ $memory$auto$proc_rom.cc:155:do_switch$1143$rdmux[0][5][21]$a$5087 [5:4] $memory$auto$proc_rom.cc:155:do_switch$1143$rdmux[0][5][21]$a$5087 [0] }
      New connections: $memory$auto$proc_rom.cc:155:do_switch$1143$rdmux[0][5][21]$a$5087 [1] = $memory$auto$proc_rom.cc:155:do_switch$1143$rdmux[0][6][10]$a$5150 [2]
    Consolidated identical input bits for $mux cell $memory$auto$proc_rom.cc:155:do_switch$1143$rdmux[0][6][45]$5254:
      Old ports: A={ $memory$auto$proc_rom.cc:155:do_switch$1143$rdmux[0][6][0]$a$5120 [4] $memory$auto$proc_rom.cc:155:do_switch$1143$rdmux[0][6][0]$a$5120 [2] $memory$auto$proc_rom.cc:155:do_switch$1143$rdmux[0][6][0]$a$5120 [2] }, B={ 1'0 $memory$auto$proc_rom.cc:155:do_switch$1143$rdmux[0][6][0]$a$5120 [4] $memory$auto$proc_rom.cc:155:do_switch$1143$rdmux[0][6][0]$a$5120 [2] }, Y=$memory$auto$proc_rom.cc:155:do_switch$1143$rdmux[0][5][22]$b$5091 [3:1]
      New ports: A={ $memory$auto$proc_rom.cc:155:do_switch$1143$rdmux[0][6][0]$a$5120 [4] $memory$auto$proc_rom.cc:155:do_switch$1143$rdmux[0][6][0]$a$5120 [2] }, B={ 1'0 $memory$auto$proc_rom.cc:155:do_switch$1143$rdmux[0][6][0]$a$5120 [4] }, Y=$memory$auto$proc_rom.cc:155:do_switch$1143$rdmux[0][5][22]$b$5091 [3:2]
      New connections: $memory$auto$proc_rom.cc:155:do_switch$1143$rdmux[0][5][22]$b$5091 [1] = $memory$auto$proc_rom.cc:155:do_switch$1143$rdmux[0][6][0]$a$5120 [2]
    Consolidated identical input bits for $mux cell $memory$auto$proc_rom.cc:155:do_switch$1143$rdmux[0][6][4]$5131:
      Old ports: A={ 2'10 $memory$auto$proc_rom.cc:155:do_switch$1143$rdmux[0][6][12]$a$5156 [5:4] 1'1 $memory$auto$proc_rom.cc:155:do_switch$1143$rdmux[0][6][12]$a$5156 [5] }, B={ $memory$auto$proc_rom.cc:155:do_switch$1143$rdmux[0][6][12]$a$5156 [5:4] $memory$auto$proc_rom.cc:155:do_switch$1143$rdmux[0][6][12]$a$5156 [4] $memory$auto$proc_rom.cc:155:do_switch$1143$rdmux[0][6][12]$a$5156 [4] 1'0 $memory$auto$proc_rom.cc:155:do_switch$1143$rdmux[0][6][12]$a$5156 [5] }, Y={ $memory$auto$proc_rom.cc:155:do_switch$1143$rdmux[0][5][2]$a$5030 [6:3] $memory$auto$proc_rom.cc:155:do_switch$1143$rdmux[0][5][2]$a$5030 [1:0] }
      New ports: A={ 2'10 $memory$auto$proc_rom.cc:155:do_switch$1143$rdmux[0][6][12]$a$5156 [5] 1'1 }, B={ $memory$auto$proc_rom.cc:155:do_switch$1143$rdmux[0][6][12]$a$5156 [5:4] $memory$auto$proc_rom.cc:155:do_switch$1143$rdmux[0][6][12]$a$5156 [4] 1'0 }, Y={ $memory$auto$proc_rom.cc:155:do_switch$1143$rdmux[0][5][2]$a$5030 [6:4] $memory$auto$proc_rom.cc:155:do_switch$1143$rdmux[0][5][2]$a$5030 [1] }
      New connections: { $memory$auto$proc_rom.cc:155:do_switch$1143$rdmux[0][5][2]$a$5030 [3] $memory$auto$proc_rom.cc:155:do_switch$1143$rdmux[0][5][2]$a$5030 [0] } = { $memory$auto$proc_rom.cc:155:do_switch$1143$rdmux[0][6][12]$a$5156 [4] $memory$auto$proc_rom.cc:155:do_switch$1143$rdmux[0][6][12]$a$5156 [5] }
    Consolidated identical input bits for $mux cell $memory$auto$proc_rom.cc:155:do_switch$1143$rdmux[0][6][50]$5269:
      Old ports: A={ 1'1 $memory$auto$proc_rom.cc:155:do_switch$1143$rdmux[0][6][10]$a$5150 [2] }, B={ 1'0 $memory$auto$proc_rom.cc:155:do_switch$1143$rdmux[0][6][10]$a$5150 [2] }, Y=$memory$auto$proc_rom.cc:155:do_switch$1143$rdmux[0][5][23]$b$5094 [2:1]
      New ports: A=1'1, B=1'0, Y=$memory$auto$proc_rom.cc:155:do_switch$1143$rdmux[0][5][23]$b$5094 [2]
      New connections: $memory$auto$proc_rom.cc:155:do_switch$1143$rdmux[0][5][23]$b$5094 [1] = $memory$auto$proc_rom.cc:155:do_switch$1143$rdmux[0][6][10]$a$5150 [2]
    Consolidated identical input bits for $mux cell $memory$auto$proc_rom.cc:155:do_switch$1143$rdmux[0][6][52]$5275:
      Old ports: A={ $memory$auto$proc_rom.cc:155:do_switch$1143$rdmux[0][6][0]$a$5120 [4] $memory$auto$proc_rom.cc:155:do_switch$1143$rdmux[0][6][0]$a$5120 [2] $memory$auto$proc_rom.cc:155:do_switch$1143$rdmux[0][6][0]$a$5120 [2] $memory$auto$proc_rom.cc:155:do_switch$1143$rdmux[0][6][0]$a$5120 [2] }, B={ 2'01 $memory$auto$proc_rom.cc:155:do_switch$1143$rdmux[0][6][0]$a$5120 [4] $memory$auto$proc_rom.cc:155:do_switch$1143$rdmux[0][6][0]$a$5120 [2] }, Y=$memory$auto$proc_rom.cc:155:do_switch$1143$rdmux[0][5][22]$a$5090 [4:1]
      New ports: A={ $memory$auto$proc_rom.cc:155:do_switch$1143$rdmux[0][6][0]$a$5120 [4] $memory$auto$proc_rom.cc:155:do_switch$1143$rdmux[0][6][0]$a$5120 [2] $memory$auto$proc_rom.cc:155:do_switch$1143$rdmux[0][6][0]$a$5120 [2] }, B={ 2'01 $memory$auto$proc_rom.cc:155:do_switch$1143$rdmux[0][6][0]$a$5120 [4] }, Y=$memory$auto$proc_rom.cc:155:do_switch$1143$rdmux[0][5][22]$a$5090 [4:2]
      New connections: $memory$auto$proc_rom.cc:155:do_switch$1143$rdmux[0][5][22]$a$5090 [1] = $memory$auto$proc_rom.cc:155:do_switch$1143$rdmux[0][6][0]$a$5120 [2]
    Consolidated identical input bits for $mux cell $memory$auto$proc_rom.cc:155:do_switch$1143$rdmux[0][6][57]$5290:
      Old ports: A={ 1'1 $memory$auto$proc_rom.cc:155:do_switch$1143$rdmux[0][6][0]$a$5120 [4] $memory$auto$proc_rom.cc:155:do_switch$1143$rdmux[0][6][0]$a$5120 [2] 1'0 }, B={ $memory$auto$proc_rom.cc:155:do_switch$1143$rdmux[0][6][0]$a$5120 [4] $memory$auto$proc_rom.cc:155:do_switch$1143$rdmux[0][6][0]$a$5120 [2] $memory$auto$proc_rom.cc:155:do_switch$1143$rdmux[0][6][0]$a$5120 [2] 1'1 }, Y=$memory$auto$proc_rom.cc:155:do_switch$1143$rdmux[0][5][28]$b$5109 [3:0]
      New ports: A={ 1'1 $memory$auto$proc_rom.cc:155:do_switch$1143$rdmux[0][6][0]$a$5120 [4] 1'0 }, B={ $memory$auto$proc_rom.cc:155:do_switch$1143$rdmux[0][6][0]$a$5120 [4] $memory$auto$proc_rom.cc:155:do_switch$1143$rdmux[0][6][0]$a$5120 [2] 1'1 }, Y={ $memory$auto$proc_rom.cc:155:do_switch$1143$rdmux[0][5][28]$b$5109 [3:2] $memory$auto$proc_rom.cc:155:do_switch$1143$rdmux[0][5][28]$b$5109 [0] }
      New connections: $memory$auto$proc_rom.cc:155:do_switch$1143$rdmux[0][5][28]$b$5109 [1] = $memory$auto$proc_rom.cc:155:do_switch$1143$rdmux[0][6][0]$a$5120 [2]
    Consolidated identical input bits for $mux cell $memory$auto$proc_rom.cc:155:do_switch$1143$rdmux[0][6][60]$5299:
      Old ports: A={ $memory$auto$proc_rom.cc:155:do_switch$1143$rdmux[0][6][0]$a$5120 [4] $memory$auto$proc_rom.cc:155:do_switch$1143$rdmux[0][6][0]$a$5120 [2] $memory$auto$proc_rom.cc:155:do_switch$1143$rdmux[0][6][0]$a$5120 [2] 1'0 }, B={ 1'0 $memory$auto$proc_rom.cc:155:do_switch$1143$rdmux[0][6][0]$a$5120 [4] $memory$auto$proc_rom.cc:155:do_switch$1143$rdmux[0][6][0]$a$5120 [2] 1'1 }, Y=$memory$auto$proc_rom.cc:155:do_switch$1143$rdmux[0][5][26]$b$5103 [3:0]
      New ports: A={ $memory$auto$proc_rom.cc:155:do_switch$1143$rdmux[0][6][0]$a$5120 [4] $memory$auto$proc_rom.cc:155:do_switch$1143$rdmux[0][6][0]$a$5120 [2] 1'0 }, B={ 1'0 $memory$auto$proc_rom.cc:155:do_switch$1143$rdmux[0][6][0]$a$5120 [4] 1'1 }, Y={ $memory$auto$proc_rom.cc:155:do_switch$1143$rdmux[0][5][26]$b$5103 [3:2] $memory$auto$proc_rom.cc:155:do_switch$1143$rdmux[0][5][26]$b$5103 [0] }
      New connections: $memory$auto$proc_rom.cc:155:do_switch$1143$rdmux[0][5][26]$b$5103 [1] = $memory$auto$proc_rom.cc:155:do_switch$1143$rdmux[0][6][0]$a$5120 [2]
    Consolidated identical input bits for $mux cell $memory$auto$proc_rom.cc:155:do_switch$1143$rdmux[0][6][61]$5302:
      Old ports: A={ 1'1 $memory$auto$proc_rom.cc:155:do_switch$1143$rdmux[0][6][10]$a$5150 [2] 1'0 }, B={ 1'0 $memory$auto$proc_rom.cc:155:do_switch$1143$rdmux[0][6][10]$a$5150 [2] 1'1 }, Y={ $memory$auto$proc_rom.cc:155:do_switch$1143$rdmux[0][5][30]$b$5115 [4] $memory$auto$proc_rom.cc:155:do_switch$1143$rdmux[0][5][30]$b$5115 [1] $memory$auto$proc_rom.cc:155:do_switch$1143$rdmux[0][5][30]$b$5115 [3] }
      New ports: A=2'10, B=2'01, Y=$memory$auto$proc_rom.cc:155:do_switch$1143$rdmux[0][5][30]$b$5115 [4:3]
      New connections: $memory$auto$proc_rom.cc:155:do_switch$1143$rdmux[0][5][30]$b$5115 [1] = $memory$auto$proc_rom.cc:155:do_switch$1143$rdmux[0][6][10]$a$5150 [2]
    Consolidated identical input bits for $mux cell $memory$auto$proc_rom.cc:155:do_switch$1143$rdmux[0][6][6]$5137:
      Old ports: A={ 2'10 $memory$auto$proc_rom.cc:155:do_switch$1143$rdmux[0][6][10]$a$5150 [2] }, B={ 2'01 $memory$auto$proc_rom.cc:155:do_switch$1143$rdmux[0][6][10]$a$5150 [2] }, Y={ $memory$auto$proc_rom.cc:155:do_switch$1143$rdmux[0][5][3]$a$5033 [8:7] $memory$auto$proc_rom.cc:155:do_switch$1143$rdmux[0][5][3]$a$5033 [3] }
      New ports: A=2'10, B=2'01, Y=$memory$auto$proc_rom.cc:155:do_switch$1143$rdmux[0][5][3]$a$5033 [8:7]
      New connections: $memory$auto$proc_rom.cc:155:do_switch$1143$rdmux[0][5][3]$a$5033 [3] = $memory$auto$proc_rom.cc:155:do_switch$1143$rdmux[0][6][10]$a$5150 [2]
    Consolidated identical input bits for $mux cell $memory$auto$proc_rom.cc:155:do_switch$1143$rdmux[0][6][7]$5140:
      Old ports: A={ $memory$auto$proc_rom.cc:155:do_switch$1143$rdmux[0][6][10]$a$5150 [2] 2'01 }, B={ $memory$auto$proc_rom.cc:155:do_switch$1143$rdmux[0][6][10]$a$5150 [2] 2'10 }, Y={ $memory$auto$proc_rom.cc:155:do_switch$1143$rdmux[0][5][3]$b$5034 [3] $memory$auto$proc_rom.cc:155:do_switch$1143$rdmux[0][5][3]$b$5034 [4] $memory$auto$proc_rom.cc:155:do_switch$1143$rdmux[0][5][3]$b$5034 [5] }
      New ports: A=2'01, B=2'10, Y={ $memory$auto$proc_rom.cc:155:do_switch$1143$rdmux[0][5][3]$b$5034 [4] $memory$auto$proc_rom.cc:155:do_switch$1143$rdmux[0][5][3]$b$5034 [5] }
      New connections: $memory$auto$proc_rom.cc:155:do_switch$1143$rdmux[0][5][3]$b$5034 [3] = $memory$auto$proc_rom.cc:155:do_switch$1143$rdmux[0][6][10]$a$5150 [2]
    Consolidated identical input bits for $mux cell $memory$auto$proc_rom.cc:155:do_switch$1143$rdmux[0][6][9]$5146:
      Old ports: A={ 1'1 $memory$auto$proc_rom.cc:155:do_switch$1143$rdmux[0][6][0]$a$5120 [4] 2'01 $memory$auto$proc_rom.cc:155:do_switch$1143$rdmux[0][6][0]$a$5120 [2] }, B={ $memory$auto$proc_rom.cc:155:do_switch$1143$rdmux[0][6][0]$a$5120 [4] $memory$auto$proc_rom.cc:155:do_switch$1143$rdmux[0][6][0]$a$5120 [2] 2'10 $memory$auto$proc_rom.cc:155:do_switch$1143$rdmux[0][6][0]$a$5120 [2] }, Y={ $memory$auto$proc_rom.cc:155:do_switch$1143$rdmux[0][5][4]$b$5037 [5:4] $memory$auto$proc_rom.cc:155:do_switch$1143$rdmux[0][5][4]$b$5037 [2:1] $memory$auto$proc_rom.cc:155:do_switch$1143$rdmux[0][5][4]$b$5037 [3] }
      New ports: A={ 1'1 $memory$auto$proc_rom.cc:155:do_switch$1143$rdmux[0][6][0]$a$5120 [4] 2'01 }, B={ $memory$auto$proc_rom.cc:155:do_switch$1143$rdmux[0][6][0]$a$5120 [4] $memory$auto$proc_rom.cc:155:do_switch$1143$rdmux[0][6][0]$a$5120 [2] 2'10 }, Y={ $memory$auto$proc_rom.cc:155:do_switch$1143$rdmux[0][5][4]$b$5037 [5:4] $memory$auto$proc_rom.cc:155:do_switch$1143$rdmux[0][5][4]$b$5037 [2:1] }
      New connections: $memory$auto$proc_rom.cc:155:do_switch$1143$rdmux[0][5][4]$b$5037 [3] = $memory$auto$proc_rom.cc:155:do_switch$1143$rdmux[0][6][0]$a$5120 [2]
  Optimizing cells in module \fp16_rsqrt_lut256.
    Consolidated identical input bits for $mux cell $memory$auto$proc_rom.cc:155:do_switch$1143$rdmux[0][5][11]$5056:
      Old ports: A={ 2'10 $memory$auto$proc_rom.cc:155:do_switch$1143$rdmux[0][5][11]$a$5057 [4:2] }, B={ $memory$auto$proc_rom.cc:155:do_switch$1143$rdmux[0][5][11]$b$5058 [7:6] $memory$auto$proc_rom.cc:155:do_switch$1143$rdmux[0][5][11]$b$5058 [6] $memory$auto$proc_rom.cc:155:do_switch$1143$rdmux[0][5][11]$b$5058 [3:2] }, Y={ $memory$auto$proc_rom.cc:155:do_switch$1143$rdmux[0][4][5]$b$4992 [7:6] $memory$auto$proc_rom.cc:155:do_switch$1143$rdmux[0][4][5]$b$4992 [4:2] }
      New ports: A={ 2'10 $memory$auto$proc_rom.cc:155:do_switch$1143$rdmux[0][5][11]$a$5057 [4:3] }, B={ $memory$auto$proc_rom.cc:155:do_switch$1143$rdmux[0][5][11]$b$5058 [7:6] $memory$auto$proc_rom.cc:155:do_switch$1143$rdmux[0][5][11]$b$5058 [6] $memory$auto$proc_rom.cc:155:do_switch$1143$rdmux[0][5][11]$b$5058 [3] }, Y={ $memory$auto$proc_rom.cc:155:do_switch$1143$rdmux[0][4][5]$b$4992 [7:6] $memory$auto$proc_rom.cc:155:do_switch$1143$rdmux[0][4][5]$b$4992 [4:3] }
      New connections: $memory$auto$proc_rom.cc:155:do_switch$1143$rdmux[0][4][5]$b$4992 [2] = $memory$auto$proc_rom.cc:155:do_switch$1143$rdmux[0][6][0]$a$5120 [2]
    Consolidated identical input bits for $mux cell $memory$auto$proc_rom.cc:155:do_switch$1143$rdmux[0][5][16]$5071:
      Old ports: A={ 2'10 $memory$auto$proc_rom.cc:155:do_switch$1143$rdmux[0][5][16]$a$5072 [3:0] }, B={ $memory$auto$proc_rom.cc:155:do_switch$1143$rdmux[0][5][16]$b$5073 [8:7] $memory$auto$proc_rom.cc:155:do_switch$1143$rdmux[0][5][16]$b$5073 [7] $memory$auto$proc_rom.cc:155:do_switch$1143$rdmux[0][5][16]$b$5073 [2:0] }, Y={ $memory$auto$proc_rom.cc:155:do_switch$1143$rdmux[0][4][8]$a$5000 [8:7] $memory$auto$proc_rom.cc:155:do_switch$1143$rdmux[0][4][8]$a$5000 [3:0] }
      New ports: A={ 2'10 $memory$auto$proc_rom.cc:155:do_switch$1143$rdmux[0][5][16]$a$5072 [3:1] }, B={ $memory$auto$proc_rom.cc:155:do_switch$1143$rdmux[0][5][16]$b$5073 [8:7] $memory$auto$proc_rom.cc:155:do_switch$1143$rdmux[0][5][16]$b$5073 [7] $memory$auto$proc_rom.cc:155:do_switch$1143$rdmux[0][5][16]$b$5073 [2:1] }, Y={ $memory$auto$proc_rom.cc:155:do_switch$1143$rdmux[0][4][8]$a$5000 [8:7] $memory$auto$proc_rom.cc:155:do_switch$1143$rdmux[0][4][8]$a$5000 [3:1] }
      New connections: $memory$auto$proc_rom.cc:155:do_switch$1143$rdmux[0][4][8]$a$5000 [0] = $memory$auto$proc_rom.cc:155:do_switch$1143$rdmux[0][6][0]$a$5120 [2]
    Consolidated identical input bits for $mux cell $memory$auto$proc_rom.cc:155:do_switch$1143$rdmux[0][5][22]$5089:
      Old ports: A={ $memory$auto$proc_rom.cc:155:do_switch$1143$rdmux[0][5][22]$a$5090 [4:1] 1'1 }, B={ 1'0 $memory$auto$proc_rom.cc:155:do_switch$1143$rdmux[0][5][22]$b$5091 [3:1] 1'0 }, Y=$memory$auto$proc_rom.cc:155:do_switch$1143$rdmux[0][4][11]$a$5009 [4:0]
      New ports: A={ $memory$auto$proc_rom.cc:155:do_switch$1143$rdmux[0][5][22]$a$5090 [4:2] 1'1 }, B={ 1'0 $memory$auto$proc_rom.cc:155:do_switch$1143$rdmux[0][5][22]$b$5091 [3:2] 1'0 }, Y={ $memory$auto$proc_rom.cc:155:do_switch$1143$rdmux[0][4][11]$a$5009 [4:2] $memory$auto$proc_rom.cc:155:do_switch$1143$rdmux[0][4][11]$a$5009 [0] }
      New connections: $memory$auto$proc_rom.cc:155:do_switch$1143$rdmux[0][4][11]$a$5009 [1] = $memory$auto$proc_rom.cc:155:do_switch$1143$rdmux[0][6][0]$a$5120 [2]
    Consolidated identical input bits for $mux cell $memory$auto$proc_rom.cc:155:do_switch$1143$rdmux[0][5][26]$5101:
      Old ports: A={ $memory$auto$proc_rom.cc:155:do_switch$1143$rdmux[0][5][22]$a$5090 [4:1] 1'0 }, B={ 1'0 $memory$auto$proc_rom.cc:155:do_switch$1143$rdmux[0][5][26]$b$5103 [3:0] }, Y=$memory$auto$proc_rom.cc:155:do_switch$1143$rdmux[0][4][13]$a$5015 [4:0]
      New ports: A={ $memory$auto$proc_rom.cc:155:do_switch$1143$rdmux[0][5][22]$a$5090 [4:2] 1'0 }, B={ 1'0 $memory$auto$proc_rom.cc:155:do_switch$1143$rdmux[0][5][26]$b$5103 [3:2] $memory$auto$proc_rom.cc:155:do_switch$1143$rdmux[0][5][26]$b$5103 [0] }, Y={ $memory$auto$proc_rom.cc:155:do_switch$1143$rdmux[0][4][13]$a$5015 [4:2] $memory$auto$proc_rom.cc:155:do_switch$1143$rdmux[0][4][13]$a$5015 [0] }
      New connections: $memory$auto$proc_rom.cc:155:do_switch$1143$rdmux[0][4][13]$a$5015 [1] = $memory$auto$proc_rom.cc:155:do_switch$1143$rdmux[0][6][0]$a$5120 [2]
    Consolidated identical input bits for $mux cell $memory$auto$proc_rom.cc:155:do_switch$1143$rdmux[0][5][3]$5032:
      Old ports: A={ $memory$auto$proc_rom.cc:155:do_switch$1143$rdmux[0][5][3]$a$5033 [8:7] $memory$auto$proc_rom.cc:155:do_switch$1143$rdmux[0][5][3]$a$5033 [7] $memory$auto$proc_rom.cc:155:do_switch$1143$rdmux[0][5][3]$a$5033 [7] $memory$auto$proc_rom.cc:155:do_switch$1143$rdmux[0][5][3]$a$5033 [3] 2'01 }, B={ 2'01 $memory$auto$proc_rom.cc:155:do_switch$1143$rdmux[0][5][3]$b$5034 [5:3] $memory$auto$proc_rom.cc:155:do_switch$1143$rdmux[0][5][3]$b$5034 [4] $memory$auto$proc_rom.cc:155:do_switch$1143$rdmux[0][5][3]$b$5034 [5] }, Y={ $memory$auto$proc_rom.cc:155:do_switch$1143$rdmux[0][4][1]$b$4980 [8:7] $memory$auto$proc_rom.cc:155:do_switch$1143$rdmux[0][4][1]$b$4980 [5:3] $memory$auto$proc_rom.cc:155:do_switch$1143$rdmux[0][4][1]$b$4980 [1:0] }
      New ports: A={ $memory$auto$proc_rom.cc:155:do_switch$1143$rdmux[0][5][3]$a$5033 [8:7] $memory$auto$proc_rom.cc:155:do_switch$1143$rdmux[0][5][3]$a$5033 [7] $memory$auto$proc_rom.cc:155:do_switch$1143$rdmux[0][5][3]$a$5033 [7] 2'01 }, B={ 2'01 $memory$auto$proc_rom.cc:155:do_switch$1143$rdmux[0][5][3]$b$5034 [5:4] $memory$auto$proc_rom.cc:155:do_switch$1143$rdmux[0][5][3]$b$5034 [4] $memory$auto$proc_rom.cc:155:do_switch$1143$rdmux[0][5][3]$b$5034 [5] }, Y={ $memory$auto$proc_rom.cc:155:do_switch$1143$rdmux[0][4][1]$b$4980 [8:7] $memory$auto$proc_rom.cc:155:do_switch$1143$rdmux[0][4][1]$b$4980 [5:4] $memory$auto$proc_rom.cc:155:do_switch$1143$rdmux[0][4][1]$b$4980 [1:0] }
      New connections: $memory$auto$proc_rom.cc:155:do_switch$1143$rdmux[0][4][1]$b$4980 [3] = $memory$auto$proc_rom.cc:155:do_switch$1143$rdmux[0][6][10]$a$5150 [2]
  Optimizing cells in module \fp16_rsqrt_lut256.
  Optimizing cells in module \logic_normalization_barrier_tree_top.
Performed a total of 28 changes.

11.19.13. Executing OPT_MERGE pass (detect identical cells).
Finding identical cells in module `$paramod$865746d0c425e5bff1afb43fc0ca954cd0aab93f\logic_normalization_bank_barrier'.
Finding identical cells in module `$paramod$cf256f1e07155db3e20fb233046fedb4711c91b2\logic_normalization_scalar_engine_array'.
Finding identical cells in module `$paramod$e6d2582358ff6950cc507271baa264b5b8280dfa\logic_normalization_parallel_tree_top'.
Finding identical cells in module `$paramod\logic_normalization_scalar_engine\TAG_WIDTH=32'00000000000000000000000000010000'.
Finding identical cells in module `\fp16_add'.
Finding identical cells in module `\fp16_mul'.
Finding identical cells in module `\fp16_rsqrt_lut256'.
<suppressed ~9 debug messages>
Finding identical cells in module `\logic_normalization_barrier_tree_top'.
Removed a total of 3 cells.

11.19.14. Executing OPT_SHARE pass.

11.19.15. Executing OPT_DFF pass (perform DFF optimizations).

11.19.16. Executing OPT_CLEAN pass (remove unused cells and wires).
Finding unused cells or wires in module $paramod$865746d0c425e5bff1afb43fc0ca954cd0aab93f\logic_normalization_bank_barrier..
Finding unused cells or wires in module $paramod$cf256f1e07155db3e20fb233046fedb4711c91b2\logic_normalization_scalar_engine_array..
Finding unused cells or wires in module $paramod$e6d2582358ff6950cc507271baa264b5b8280dfa\logic_normalization_parallel_tree_top..
Finding unused cells or wires in module $paramod\logic_normalization_scalar_engine\TAG_WIDTH=32'00000000000000000000000000010000..
Finding unused cells or wires in module \fp16_add..
Finding unused cells or wires in module \fp16_mul..
Finding unused cells or wires in module \fp16_rsqrt_lut256..
Finding unused cells or wires in module \logic_normalization_barrier_tree_top..
Removed 0 unused cells and 8 unused wires.
<suppressed ~2 debug messages>

11.19.17. Executing OPT_EXPR pass (perform const folding).
Optimizing module $paramod$865746d0c425e5bff1afb43fc0ca954cd0aab93f\logic_normalization_bank_barrier.
Optimizing module $paramod$cf256f1e07155db3e20fb233046fedb4711c91b2\logic_normalization_scalar_engine_array.
Optimizing module $paramod$e6d2582358ff6950cc507271baa264b5b8280dfa\logic_normalization_parallel_tree_top.
<suppressed ~1 debug messages>
Optimizing module $paramod\logic_normalization_scalar_engine\TAG_WIDTH=32'00000000000000000000000000010000.
Optimizing module fp16_add.
Optimizing module fp16_mul.
Optimizing module fp16_rsqrt_lut256.
<suppressed ~2 debug messages>
Optimizing module logic_normalization_barrier_tree_top.

11.19.18. Rerunning OPT passes. (Maybe there is more to do..)

11.19.19. Executing OPT_MUXTREE pass (detect dead branches in mux trees).
Running muxtree optimizer on module $paramod$865746d0c425e5bff1afb43fc0ca954cd0aab93f\logic_normalization_bank_barrier..
  Creating internal representation of mux trees.
  Evaluating internal representation of mux trees.
  Analyzing evaluation results.
Running muxtree optimizer on module $paramod$cf256f1e07155db3e20fb233046fedb4711c91b2\logic_normalization_scalar_engine_array..
  Creating internal representation of mux trees.
  No muxes found in this module.
Running muxtree optimizer on module $paramod$e6d2582358ff6950cc507271baa264b5b8280dfa\logic_normalization_parallel_tree_top..
  Creating internal representation of mux trees.
  Evaluating internal representation of mux trees.
  Analyzing evaluation results.
Running muxtree optimizer on module $paramod\logic_normalization_scalar_engine\TAG_WIDTH=32'00000000000000000000000000010000..
  Creating internal representation of mux trees.
  Evaluating internal representation of mux trees.
  Analyzing evaluation results.
Running muxtree optimizer on module \fp16_add..
  Creating internal representation of mux trees.
  Evaluating internal representation of mux trees.
  Analyzing evaluation results.
Running muxtree optimizer on module \fp16_mul..
  Creating internal representation of mux trees.
  Evaluating internal representation of mux trees.
  Analyzing evaluation results.
Running muxtree optimizer on module \fp16_rsqrt_lut256..
  Creating internal representation of mux trees.
  Evaluating internal representation of mux trees.
  Analyzing evaluation results.
Running muxtree optimizer on module \logic_normalization_barrier_tree_top..
  Creating internal representation of mux trees.
  No muxes found in this module.
Removed 0 multiplexer ports.
<suppressed ~148 debug messages>

11.19.20. Executing OPT_REDUCE pass (consolidate $*mux and $reduce_* inputs).
  Optimizing cells in module $paramod$865746d0c425e5bff1afb43fc0ca954cd0aab93f\logic_normalization_bank_barrier.
  Optimizing cells in module $paramod$cf256f1e07155db3e20fb233046fedb4711c91b2\logic_normalization_scalar_engine_array.
  Optimizing cells in module $paramod$e6d2582358ff6950cc507271baa264b5b8280dfa\logic_normalization_parallel_tree_top.
  Optimizing cells in module $paramod\logic_normalization_scalar_engine\TAG_WIDTH=32'00000000000000000000000000010000.
  Optimizing cells in module \fp16_add.
  Optimizing cells in module \fp16_mul.
  Optimizing cells in module \fp16_rsqrt_lut256.
  Optimizing cells in module \logic_normalization_barrier_tree_top.
Performed a total of 0 changes.

11.19.21. Executing OPT_MERGE pass (detect identical cells).
Finding identical cells in module `$paramod$865746d0c425e5bff1afb43fc0ca954cd0aab93f\logic_normalization_bank_barrier'.
Finding identical cells in module `$paramod$cf256f1e07155db3e20fb233046fedb4711c91b2\logic_normalization_scalar_engine_array'.
Finding identical cells in module `$paramod$e6d2582358ff6950cc507271baa264b5b8280dfa\logic_normalization_parallel_tree_top'.
Finding identical cells in module `$paramod\logic_normalization_scalar_engine\TAG_WIDTH=32'00000000000000000000000000010000'.
Finding identical cells in module `\fp16_add'.
Finding identical cells in module `\fp16_mul'.
Finding identical cells in module `\fp16_rsqrt_lut256'.
Finding identical cells in module `\logic_normalization_barrier_tree_top'.
Removed a total of 0 cells.

11.19.22. Executing OPT_SHARE pass.

11.19.23. Executing OPT_DFF pass (perform DFF optimizations).

11.19.24. Executing OPT_CLEAN pass (remove unused cells and wires).
Finding unused cells or wires in module $paramod$865746d0c425e5bff1afb43fc0ca954cd0aab93f\logic_normalization_bank_barrier..
Finding unused cells or wires in module $paramod$cf256f1e07155db3e20fb233046fedb4711c91b2\logic_normalization_scalar_engine_array..
Finding unused cells or wires in module $paramod$e6d2582358ff6950cc507271baa264b5b8280dfa\logic_normalization_parallel_tree_top..
Finding unused cells or wires in module $paramod\logic_normalization_scalar_engine\TAG_WIDTH=32'00000000000000000000000000010000..
Finding unused cells or wires in module \fp16_add..
Finding unused cells or wires in module \fp16_mul..
Finding unused cells or wires in module \fp16_rsqrt_lut256..
Finding unused cells or wires in module \logic_normalization_barrier_tree_top..

11.19.25. Executing OPT_EXPR pass (perform const folding).
Optimizing module $paramod$865746d0c425e5bff1afb43fc0ca954cd0aab93f\logic_normalization_bank_barrier.
Optimizing module $paramod$cf256f1e07155db3e20fb233046fedb4711c91b2\logic_normalization_scalar_engine_array.
Optimizing module $paramod$e6d2582358ff6950cc507271baa264b5b8280dfa\logic_normalization_parallel_tree_top.
Optimizing module $paramod\logic_normalization_scalar_engine\TAG_WIDTH=32'00000000000000000000000000010000.
Optimizing module fp16_add.
Optimizing module fp16_mul.
Optimizing module fp16_rsqrt_lut256.
Optimizing module logic_normalization_barrier_tree_top.

11.19.26. Finished OPT passes. (There is nothing left to do.)

11.20. Executing TECHMAP pass (map to technology primitives).

11.20.1. Executing Verilog-2005 frontend: /home/chandler/.local/yosys/usr/bin/../share/yosys/techmap.v
Parsing Verilog input from `/home/chandler/.local/yosys/usr/bin/../share/yosys/techmap.v' to AST representation.
Generating RTLIL representation for module `\_90_simplemap_bool_ops'.
Generating RTLIL representation for module `\_90_simplemap_reduce_ops'.
Generating RTLIL representation for module `\_90_simplemap_logic_ops'.
Generating RTLIL representation for module `\_90_simplemap_compare_ops'.
Generating RTLIL representation for module `\_90_simplemap_various'.
Generating RTLIL representation for module `\_90_simplemap_registers'.
Generating RTLIL representation for module `\_90_shift_ops_shr_shl_sshl_sshr'.
Generating RTLIL representation for module `\_90_shift_shiftx'.
Generating RTLIL representation for module `\_90_fa'.
Generating RTLIL representation for module `\_90_lcu_brent_kung'.
Generating RTLIL representation for module `\_90_alu'.
Generating RTLIL representation for module `\_90_macc'.
Generating RTLIL representation for module `\_90_alumacc'.
Generating RTLIL representation for module `\$__div_mod_u'.
Generating RTLIL representation for module `\$__div_mod_trunc'.
Generating RTLIL representation for module `\_90_div'.
Generating RTLIL representation for module `\_90_mod'.
Generating RTLIL representation for module `\$__div_mod_floor'.
Generating RTLIL representation for module `\_90_divfloor'.
Generating RTLIL representation for module `\_90_modfloor'.
Generating RTLIL representation for module `\_90_pow'.
Generating RTLIL representation for module `\_90_pmux'.
Generating RTLIL representation for module `\_90_demux'.
Generating RTLIL representation for module `\_90_lut'.
Successfully finished Verilog frontend.

11.20.2. Continuing TECHMAP pass.
Using extmapper simplemap for cells of type $mux.
Using extmapper simplemap for cells of type $reduce_and.
Using extmapper simplemap for cells of type $logic_not.
Using extmapper simplemap for cells of type $logic_or.
Using extmapper simplemap for cells of type $eq.
Using extmapper simplemap for cells of type $not.
Using extmapper simplemap for cells of type $logic_and.
Using extmapper simplemap for cells of type $reduce_bool.
Using template $paramod$8da92c8bd2ee0fd8438498259b09c89daae7cb8e\_90_alu for cells of type $alu.
Using template $paramod$ebede46804337da78e06a77b9ffdc3717e8d42eb\_90_alu for cells of type $alu.
Using template $paramod$619a7e60d42ca0996ea4b1b41bb5412f6a52141d\_90_alu for cells of type $alu.
Using template $paramod$constmap:c594f40a2bce2acff1b7fca1643e146f5615a115$paramod$9dde649ff560b28dd961974225eea1bc02b72047\_90_shift_ops_shr_shl_sshl_sshr for cells of type $shl.
Using template $paramod$c3b99e8941462f3f0961a07bbdd1cb43e85cc481\_90_alu for cells of type $alu.
Using template $paramod$ba698a254f9a5947e85cbe7beae6b161eefc5386\_90_alu for cells of type $alu.
Using template $paramod$f47943a1f8520b2e9fab25220c0025f020e7013b\_90_alu for cells of type $alu.
Using template $paramod$b69f3d11f5bf4768436d2b37eb5b01543c4ad49d\_90_div for cells of type $div.
Using extmapper simplemap for cells of type $adffe.
Using extmapper simplemap for cells of type $and.
Using extmapper simplemap for cells of type $xor.
Using extmapper simplemap for cells of type $pos.
Using template $paramod\_90_lcu_brent_kung\WIDTH=32'00000000000000000000000000000010 for cells of type $lcu.
Using template $paramod\_90_lcu_brent_kung\WIDTH=32'00000000000000000000000000000110 for cells of type $lcu.
Using template $paramod$b69f3d11f5bf4768436d2b37eb5b01543c4ad49d\$__div_mod_trunc for cells of type $__div_mod_trunc.
Using template $paramod\_90_lcu_brent_kung\WIDTH=32'00000000000000000000000000100000 for cells of type $lcu.
Using template $paramod\_90_lcu_brent_kung\WIDTH=32'00000000000000000000000000000011 for cells of type $lcu.
Using template $paramod\_90_lcu_brent_kung\WIDTH=32'00000000000000000000000000000101 for cells of type $lcu.
Using extmapper simplemap for cells of type $or.
Running "alumacc" on wrapper $extern:wrap:$neg:Y_WIDTH=32:A_WIDTH=32:A_SIGNED=0:394426c56d1a028ba8fdd5469b163e04011def47.
Using template $extern:wrap:$neg:Y_WIDTH=32:A_WIDTH=32:A_SIGNED=0:394426c56d1a028ba8fdd5469b163e04011def47 for cells of type $extern:wrap:$neg:Y_WIDTH=32:A_WIDTH=32:A_SIGNED=0:394426c56d1a028ba8fdd5469b163e04011def47.
Using template $paramod\$__div_mod_u\WIDTH=32'00000000000000000000000000100000 for cells of type $__div_mod_u.
Using extmapper simplemap for cells of type $ne.
Running "alumacc" on wrapper $extern:wrap:$sub:Y_WIDTH=33:B_WIDTH=33:A_WIDTH=32:B_SIGNED=0:A_SIGNED=0:394426c56d1a028ba8fdd5469b163e04011def47.
Using template $extern:wrap:$sub:Y_WIDTH=33:B_WIDTH=33:A_WIDTH=32:B_SIGNED=0:A_SIGNED=0:394426c56d1a028ba8fdd5469b163e04011def47 for cells of type $extern:wrap:$sub:Y_WIDTH=33:B_WIDTH=33:A_WIDTH=32:B_SIGNED=0:A_SIGNED=0:394426c56d1a028ba8fdd5469b163e04011def47.
Running "alumacc" on wrapper $extern:wrap:$ge:Y_WIDTH=1:B_WIDTH=33:A_WIDTH=32:B_SIGNED=0:A_SIGNED=0:394426c56d1a028ba8fdd5469b163e04011def47.
Using template $extern:wrap:$ge:Y_WIDTH=1:B_WIDTH=33:A_WIDTH=32:B_SIGNED=0:A_SIGNED=0:394426c56d1a028ba8fdd5469b163e04011def47 for cells of type $extern:wrap:$ge:Y_WIDTH=1:B_WIDTH=33:A_WIDTH=32:B_SIGNED=0:A_SIGNED=0:394426c56d1a028ba8fdd5469b163e04011def47.
Using template $paramod$c6baa65225090ac0a120feab1b920965244aa496\_90_alu for cells of type $alu.
Running "alumacc" on wrapper $extern:wrap:$sub:Y_WIDTH=34:B_WIDTH=34:A_WIDTH=32:B_SIGNED=0:A_SIGNED=0:394426c56d1a028ba8fdd5469b163e04011def47.
Using template $extern:wrap:$sub:Y_WIDTH=34:B_WIDTH=34:A_WIDTH=32:B_SIGNED=0:A_SIGNED=0:394426c56d1a028ba8fdd5469b163e04011def47 for cells of type $extern:wrap:$sub:Y_WIDTH=34:B_WIDTH=34:A_WIDTH=32:B_SIGNED=0:A_SIGNED=0:394426c56d1a028ba8fdd5469b163e04011def47.
Running "alumacc" on wrapper $extern:wrap:$ge:Y_WIDTH=1:B_WIDTH=34:A_WIDTH=32:B_SIGNED=0:A_SIGNED=0:394426c56d1a028ba8fdd5469b163e04011def47.
Using template $extern:wrap:$ge:Y_WIDTH=1:B_WIDTH=34:A_WIDTH=32:B_SIGNED=0:A_SIGNED=0:394426c56d1a028ba8fdd5469b163e04011def47 for cells of type $extern:wrap:$ge:Y_WIDTH=1:B_WIDTH=34:A_WIDTH=32:B_SIGNED=0:A_SIGNED=0:394426c56d1a028ba8fdd5469b163e04011def47.
Running "alumacc" on wrapper $extern:wrap:$ge:Y_WIDTH=1:B_WIDTH=32:A_WIDTH=32:B_SIGNED=0:A_SIGNED=0:394426c56d1a028ba8fdd5469b163e04011def47.
Using template $extern:wrap:$ge:Y_WIDTH=1:B_WIDTH=32:A_WIDTH=32:B_SIGNED=0:A_SIGNED=0:394426c56d1a028ba8fdd5469b163e04011def47 for cells of type $extern:wrap:$ge:Y_WIDTH=1:B_WIDTH=32:A_WIDTH=32:B_SIGNED=0:A_SIGNED=0:394426c56d1a028ba8fdd5469b163e04011def47.
Running "alumacc" on wrapper $extern:wrap:$sub:Y_WIDTH=32:B_WIDTH=32:A_WIDTH=32:B_SIGNED=0:A_SIGNED=0:394426c56d1a028ba8fdd5469b163e04011def47.
Using template $extern:wrap:$sub:Y_WIDTH=32:B_WIDTH=32:A_WIDTH=32:B_SIGNED=0:A_SIGNED=0:394426c56d1a028ba8fdd5469b163e04011def47 for cells of type $extern:wrap:$sub:Y_WIDTH=32:B_WIDTH=32:A_WIDTH=32:B_SIGNED=0:A_SIGNED=0:394426c56d1a028ba8fdd5469b163e04011def47.
Running "alumacc" on wrapper $extern:wrap:$sub:Y_WIDTH=35:B_WIDTH=35:A_WIDTH=32:B_SIGNED=0:A_SIGNED=0:394426c56d1a028ba8fdd5469b163e04011def47.
Using template $extern:wrap:$sub:Y_WIDTH=35:B_WIDTH=35:A_WIDTH=32:B_SIGNED=0:A_SIGNED=0:394426c56d1a028ba8fdd5469b163e04011def47 for cells of type $extern:wrap:$sub:Y_WIDTH=35:B_WIDTH=35:A_WIDTH=32:B_SIGNED=0:A_SIGNED=0:394426c56d1a028ba8fdd5469b163e04011def47.
Running "alumacc" on wrapper $extern:wrap:$ge:Y_WIDTH=1:B_WIDTH=35:A_WIDTH=32:B_SIGNED=0:A_SIGNED=0:394426c56d1a028ba8fdd5469b163e04011def47.
Using template $extern:wrap:$ge:Y_WIDTH=1:B_WIDTH=35:A_WIDTH=32:B_SIGNED=0:A_SIGNED=0:394426c56d1a028ba8fdd5469b163e04011def47 for cells of type $extern:wrap:$ge:Y_WIDTH=1:B_WIDTH=35:A_WIDTH=32:B_SIGNED=0:A_SIGNED=0:394426c56d1a028ba8fdd5469b163e04011def47.
Running "alumacc" on wrapper $extern:wrap:$sub:Y_WIDTH=36:B_WIDTH=36:A_WIDTH=32:B_SIGNED=0:A_SIGNED=0:394426c56d1a028ba8fdd5469b163e04011def47.
Using template $extern:wrap:$sub:Y_WIDTH=36:B_WIDTH=36:A_WIDTH=32:B_SIGNED=0:A_SIGNED=0:394426c56d1a028ba8fdd5469b163e04011def47 for cells of type $extern:wrap:$sub:Y_WIDTH=36:B_WIDTH=36:A_WIDTH=32:B_SIGNED=0:A_SIGNED=0:394426c56d1a028ba8fdd5469b163e04011def47.
Running "alumacc" on wrapper $extern:wrap:$ge:Y_WIDTH=1:B_WIDTH=36:A_WIDTH=32:B_SIGNED=0:A_SIGNED=0:394426c56d1a028ba8fdd5469b163e04011def47.
Using template $extern:wrap:$ge:Y_WIDTH=1:B_WIDTH=36:A_WIDTH=32:B_SIGNED=0:A_SIGNED=0:394426c56d1a028ba8fdd5469b163e04011def47 for cells of type $extern:wrap:$ge:Y_WIDTH=1:B_WIDTH=36:A_WIDTH=32:B_SIGNED=0:A_SIGNED=0:394426c56d1a028ba8fdd5469b163e04011def47.
Running "alumacc" on wrapper $extern:wrap:$sub:Y_WIDTH=37:B_WIDTH=37:A_WIDTH=32:B_SIGNED=0:A_SIGNED=0:394426c56d1a028ba8fdd5469b163e04011def47.
Using template $extern:wrap:$sub:Y_WIDTH=37:B_WIDTH=37:A_WIDTH=32:B_SIGNED=0:A_SIGNED=0:394426c56d1a028ba8fdd5469b163e04011def47 for cells of type $extern:wrap:$sub:Y_WIDTH=37:B_WIDTH=37:A_WIDTH=32:B_SIGNED=0:A_SIGNED=0:394426c56d1a028ba8fdd5469b163e04011def47.
Running "alumacc" on wrapper $extern:wrap:$ge:Y_WIDTH=1:B_WIDTH=37:A_WIDTH=32:B_SIGNED=0:A_SIGNED=0:394426c56d1a028ba8fdd5469b163e04011def47.
Using template $extern:wrap:$ge:Y_WIDTH=1:B_WIDTH=37:A_WIDTH=32:B_SIGNED=0:A_SIGNED=0:394426c56d1a028ba8fdd5469b163e04011def47 for cells of type $extern:wrap:$ge:Y_WIDTH=1:B_WIDTH=37:A_WIDTH=32:B_SIGNED=0:A_SIGNED=0:394426c56d1a028ba8fdd5469b163e04011def47.
Running "alumacc" on wrapper $extern:wrap:$sub:Y_WIDTH=38:B_WIDTH=38:A_WIDTH=32:B_SIGNED=0:A_SIGNED=0:394426c56d1a028ba8fdd5469b163e04011def47.
Using template $extern:wrap:$sub:Y_WIDTH=38:B_WIDTH=38:A_WIDTH=32:B_SIGNED=0:A_SIGNED=0:394426c56d1a028ba8fdd5469b163e04011def47 for cells of type $extern:wrap:$sub:Y_WIDTH=38:B_WIDTH=38:A_WIDTH=32:B_SIGNED=0:A_SIGNED=0:394426c56d1a028ba8fdd5469b163e04011def47.
Running "alumacc" on wrapper $extern:wrap:$ge:Y_WIDTH=1:B_WIDTH=38:A_WIDTH=32:B_SIGNED=0:A_SIGNED=0:394426c56d1a028ba8fdd5469b163e04011def47.
Using template $extern:wrap:$ge:Y_WIDTH=1:B_WIDTH=38:A_WIDTH=32:B_SIGNED=0:A_SIGNED=0:394426c56d1a028ba8fdd5469b163e04011def47 for cells of type $extern:wrap:$ge:Y_WIDTH=1:B_WIDTH=38:A_WIDTH=32:B_SIGNED=0:A_SIGNED=0:394426c56d1a028ba8fdd5469b163e04011def47.
Running "alumacc" on wrapper $extern:wrap:$sub:Y_WIDTH=39:B_WIDTH=39:A_WIDTH=32:B_SIGNED=0:A_SIGNED=0:394426c56d1a028ba8fdd5469b163e04011def47.
Using template $extern:wrap:$sub:Y_WIDTH=39:B_WIDTH=39:A_WIDTH=32:B_SIGNED=0:A_SIGNED=0:394426c56d1a028ba8fdd5469b163e04011def47 for cells of type $extern:wrap:$sub:Y_WIDTH=39:B_WIDTH=39:A_WIDTH=32:B_SIGNED=0:A_SIGNED=0:394426c56d1a028ba8fdd5469b163e04011def47.
Running "alumacc" on wrapper $extern:wrap:$ge:Y_WIDTH=1:B_WIDTH=39:A_WIDTH=32:B_SIGNED=0:A_SIGNED=0:394426c56d1a028ba8fdd5469b163e04011def47.
Using template $extern:wrap:$ge:Y_WIDTH=1:B_WIDTH=39:A_WIDTH=32:B_SIGNED=0:A_SIGNED=0:394426c56d1a028ba8fdd5469b163e04011def47 for cells of type $extern:wrap:$ge:Y_WIDTH=1:B_WIDTH=39:A_WIDTH=32:B_SIGNED=0:A_SIGNED=0:394426c56d1a028ba8fdd5469b163e04011def47.
Running "alumacc" on wrapper $extern:wrap:$sub:Y_WIDTH=40:B_WIDTH=40:A_WIDTH=32:B_SIGNED=0:A_SIGNED=0:394426c56d1a028ba8fdd5469b163e04011def47.
Using template $extern:wrap:$sub:Y_WIDTH=40:B_WIDTH=40:A_WIDTH=32:B_SIGNED=0:A_SIGNED=0:394426c56d1a028ba8fdd5469b163e04011def47 for cells of type $extern:wrap:$sub:Y_WIDTH=40:B_WIDTH=40:A_WIDTH=32:B_SIGNED=0:A_SIGNED=0:394426c56d1a028ba8fdd5469b163e04011def47.
Running "alumacc" on wrapper $extern:wrap:$ge:Y_WIDTH=1:B_WIDTH=40:A_WIDTH=32:B_SIGNED=0:A_SIGNED=0:394426c56d1a028ba8fdd5469b163e04011def47.
Using template $extern:wrap:$ge:Y_WIDTH=1:B_WIDTH=40:A_WIDTH=32:B_SIGNED=0:A_SIGNED=0:394426c56d1a028ba8fdd5469b163e04011def47 for cells of type $extern:wrap:$ge:Y_WIDTH=1:B_WIDTH=40:A_WIDTH=32:B_SIGNED=0:A_SIGNED=0:394426c56d1a028ba8fdd5469b163e04011def47.
Running "alumacc" on wrapper $extern:wrap:$sub:Y_WIDTH=41:B_WIDTH=41:A_WIDTH=32:B_SIGNED=0:A_SIGNED=0:394426c56d1a028ba8fdd5469b163e04011def47.
Using template $extern:wrap:$sub:Y_WIDTH=41:B_WIDTH=41:A_WIDTH=32:B_SIGNED=0:A_SIGNED=0:394426c56d1a028ba8fdd5469b163e04011def47 for cells of type $extern:wrap:$sub:Y_WIDTH=41:B_WIDTH=41:A_WIDTH=32:B_SIGNED=0:A_SIGNED=0:394426c56d1a028ba8fdd5469b163e04011def47.
Running "alumacc" on wrapper $extern:wrap:$ge:Y_WIDTH=1:B_WIDTH=41:A_WIDTH=32:B_SIGNED=0:A_SIGNED=0:394426c56d1a028ba8fdd5469b163e04011def47.
Using template $extern:wrap:$ge:Y_WIDTH=1:B_WIDTH=41:A_WIDTH=32:B_SIGNED=0:A_SIGNED=0:394426c56d1a028ba8fdd5469b163e04011def47 for cells of type $extern:wrap:$ge:Y_WIDTH=1:B_WIDTH=41:A_WIDTH=32:B_SIGNED=0:A_SIGNED=0:394426c56d1a028ba8fdd5469b163e04011def47.
Running "alumacc" on wrapper $extern:wrap:$sub:Y_WIDTH=42:B_WIDTH=42:A_WIDTH=32:B_SIGNED=0:A_SIGNED=0:394426c56d1a028ba8fdd5469b163e04011def47.
Using template $extern:wrap:$sub:Y_WIDTH=42:B_WIDTH=42:A_WIDTH=32:B_SIGNED=0:A_SIGNED=0:394426c56d1a028ba8fdd5469b163e04011def47 for cells of type $extern:wrap:$sub:Y_WIDTH=42:B_WIDTH=42:A_WIDTH=32:B_SIGNED=0:A_SIGNED=0:394426c56d1a028ba8fdd5469b163e04011def47.
Running "alumacc" on wrapper $extern:wrap:$ge:Y_WIDTH=1:B_WIDTH=42:A_WIDTH=32:B_SIGNED=0:A_SIGNED=0:394426c56d1a028ba8fdd5469b163e04011def47.
Using template $extern:wrap:$ge:Y_WIDTH=1:B_WIDTH=42:A_WIDTH=32:B_SIGNED=0:A_SIGNED=0:394426c56d1a028ba8fdd5469b163e04011def47 for cells of type $extern:wrap:$ge:Y_WIDTH=1:B_WIDTH=42:A_WIDTH=32:B_SIGNED=0:A_SIGNED=0:394426c56d1a028ba8fdd5469b163e04011def47.
Running "alumacc" on wrapper $extern:wrap:$sub:Y_WIDTH=43:B_WIDTH=43:A_WIDTH=32:B_SIGNED=0:A_SIGNED=0:394426c56d1a028ba8fdd5469b163e04011def47.
Using template $extern:wrap:$sub:Y_WIDTH=43:B_WIDTH=43:A_WIDTH=32:B_SIGNED=0:A_SIGNED=0:394426c56d1a028ba8fdd5469b163e04011def47 for cells of type $extern:wrap:$sub:Y_WIDTH=43:B_WIDTH=43:A_WIDTH=32:B_SIGNED=0:A_SIGNED=0:394426c56d1a028ba8fdd5469b163e04011def47.
Running "alumacc" on wrapper $extern:wrap:$ge:Y_WIDTH=1:B_WIDTH=43:A_WIDTH=32:B_SIGNED=0:A_SIGNED=0:394426c56d1a028ba8fdd5469b163e04011def47.
Using template $extern:wrap:$ge:Y_WIDTH=1:B_WIDTH=43:A_WIDTH=32:B_SIGNED=0:A_SIGNED=0:394426c56d1a028ba8fdd5469b163e04011def47 for cells of type $extern:wrap:$ge:Y_WIDTH=1:B_WIDTH=43:A_WIDTH=32:B_SIGNED=0:A_SIGNED=0:394426c56d1a028ba8fdd5469b163e04011def47.
Running "alumacc" on wrapper $extern:wrap:$sub:Y_WIDTH=44:B_WIDTH=44:A_WIDTH=32:B_SIGNED=0:A_SIGNED=0:394426c56d1a028ba8fdd5469b163e04011def47.
Using template $extern:wrap:$sub:Y_WIDTH=44:B_WIDTH=44:A_WIDTH=32:B_SIGNED=0:A_SIGNED=0:394426c56d1a028ba8fdd5469b163e04011def47 for cells of type $extern:wrap:$sub:Y_WIDTH=44:B_WIDTH=44:A_WIDTH=32:B_SIGNED=0:A_SIGNED=0:394426c56d1a028ba8fdd5469b163e04011def47.
Running "alumacc" on wrapper $extern:wrap:$ge:Y_WIDTH=1:B_WIDTH=44:A_WIDTH=32:B_SIGNED=0:A_SIGNED=0:394426c56d1a028ba8fdd5469b163e04011def47.
Using template $extern:wrap:$ge:Y_WIDTH=1:B_WIDTH=44:A_WIDTH=32:B_SIGNED=0:A_SIGNED=0:394426c56d1a028ba8fdd5469b163e04011def47 for cells of type $extern:wrap:$ge:Y_WIDTH=1:B_WIDTH=44:A_WIDTH=32:B_SIGNED=0:A_SIGNED=0:394426c56d1a028ba8fdd5469b163e04011def47.
Running "alumacc" on wrapper $extern:wrap:$sub:Y_WIDTH=45:B_WIDTH=45:A_WIDTH=32:B_SIGNED=0:A_SIGNED=0:394426c56d1a028ba8fdd5469b163e04011def47.
Using template $extern:wrap:$sub:Y_WIDTH=45:B_WIDTH=45:A_WIDTH=32:B_SIGNED=0:A_SIGNED=0:394426c56d1a028ba8fdd5469b163e04011def47 for cells of type $extern:wrap:$sub:Y_WIDTH=45:B_WIDTH=45:A_WIDTH=32:B_SIGNED=0:A_SIGNED=0:394426c56d1a028ba8fdd5469b163e04011def47.
Running "alumacc" on wrapper $extern:wrap:$ge:Y_WIDTH=1:B_WIDTH=45:A_WIDTH=32:B_SIGNED=0:A_SIGNED=0:394426c56d1a028ba8fdd5469b163e04011def47.
Using template $extern:wrap:$ge:Y_WIDTH=1:B_WIDTH=45:A_WIDTH=32:B_SIGNED=0:A_SIGNED=0:394426c56d1a028ba8fdd5469b163e04011def47 for cells of type $extern:wrap:$ge:Y_WIDTH=1:B_WIDTH=45:A_WIDTH=32:B_SIGNED=0:A_SIGNED=0:394426c56d1a028ba8fdd5469b163e04011def47.
Running "alumacc" on wrapper $extern:wrap:$sub:Y_WIDTH=46:B_WIDTH=46:A_WIDTH=32:B_SIGNED=0:A_SIGNED=0:394426c56d1a028ba8fdd5469b163e04011def47.
Using template $extern:wrap:$sub:Y_WIDTH=46:B_WIDTH=46:A_WIDTH=32:B_SIGNED=0:A_SIGNED=0:394426c56d1a028ba8fdd5469b163e04011def47 for cells of type $extern:wrap:$sub:Y_WIDTH=46:B_WIDTH=46:A_WIDTH=32:B_SIGNED=0:A_SIGNED=0:394426c56d1a028ba8fdd5469b163e04011def47.
Running "alumacc" on wrapper $extern:wrap:$ge:Y_WIDTH=1:B_WIDTH=46:A_WIDTH=32:B_SIGNED=0:A_SIGNED=0:394426c56d1a028ba8fdd5469b163e04011def47.
Using template $extern:wrap:$ge:Y_WIDTH=1:B_WIDTH=46:A_WIDTH=32:B_SIGNED=0:A_SIGNED=0:394426c56d1a028ba8fdd5469b163e04011def47 for cells of type $extern:wrap:$ge:Y_WIDTH=1:B_WIDTH=46:A_WIDTH=32:B_SIGNED=0:A_SIGNED=0:394426c56d1a028ba8fdd5469b163e04011def47.
Running "alumacc" on wrapper $extern:wrap:$sub:Y_WIDTH=47:B_WIDTH=47:A_WIDTH=32:B_SIGNED=0:A_SIGNED=0:394426c56d1a028ba8fdd5469b163e04011def47.
Using template $extern:wrap:$sub:Y_WIDTH=47:B_WIDTH=47:A_WIDTH=32:B_SIGNED=0:A_SIGNED=0:394426c56d1a028ba8fdd5469b163e04011def47 for cells of type $extern:wrap:$sub:Y_WIDTH=47:B_WIDTH=47:A_WIDTH=32:B_SIGNED=0:A_SIGNED=0:394426c56d1a028ba8fdd5469b163e04011def47.
Running "alumacc" on wrapper $extern:wrap:$ge:Y_WIDTH=1:B_WIDTH=47:A_WIDTH=32:B_SIGNED=0:A_SIGNED=0:394426c56d1a028ba8fdd5469b163e04011def47.
Using template $extern:wrap:$ge:Y_WIDTH=1:B_WIDTH=47:A_WIDTH=32:B_SIGNED=0:A_SIGNED=0:394426c56d1a028ba8fdd5469b163e04011def47 for cells of type $extern:wrap:$ge:Y_WIDTH=1:B_WIDTH=47:A_WIDTH=32:B_SIGNED=0:A_SIGNED=0:394426c56d1a028ba8fdd5469b163e04011def47.
Running "alumacc" on wrapper $extern:wrap:$sub:Y_WIDTH=48:B_WIDTH=48:A_WIDTH=32:B_SIGNED=0:A_SIGNED=0:394426c56d1a028ba8fdd5469b163e04011def47.
Using template $extern:wrap:$sub:Y_WIDTH=48:B_WIDTH=48:A_WIDTH=32:B_SIGNED=0:A_SIGNED=0:394426c56d1a028ba8fdd5469b163e04011def47 for cells of type $extern:wrap:$sub:Y_WIDTH=48:B_WIDTH=48:A_WIDTH=32:B_SIGNED=0:A_SIGNED=0:394426c56d1a028ba8fdd5469b163e04011def47.
Running "alumacc" on wrapper $extern:wrap:$ge:Y_WIDTH=1:B_WIDTH=48:A_WIDTH=32:B_SIGNED=0:A_SIGNED=0:394426c56d1a028ba8fdd5469b163e04011def47.
Using template $extern:wrap:$ge:Y_WIDTH=1:B_WIDTH=48:A_WIDTH=32:B_SIGNED=0:A_SIGNED=0:394426c56d1a028ba8fdd5469b163e04011def47 for cells of type $extern:wrap:$ge:Y_WIDTH=1:B_WIDTH=48:A_WIDTH=32:B_SIGNED=0:A_SIGNED=0:394426c56d1a028ba8fdd5469b163e04011def47.
Running "alumacc" on wrapper $extern:wrap:$sub:Y_WIDTH=49:B_WIDTH=49:A_WIDTH=32:B_SIGNED=0:A_SIGNED=0:394426c56d1a028ba8fdd5469b163e04011def47.
Using template $extern:wrap:$sub:Y_WIDTH=49:B_WIDTH=49:A_WIDTH=32:B_SIGNED=0:A_SIGNED=0:394426c56d1a028ba8fdd5469b163e04011def47 for cells of type $extern:wrap:$sub:Y_WIDTH=49:B_WIDTH=49:A_WIDTH=32:B_SIGNED=0:A_SIGNED=0:394426c56d1a028ba8fdd5469b163e04011def47.
Running "alumacc" on wrapper $extern:wrap:$ge:Y_WIDTH=1:B_WIDTH=49:A_WIDTH=32:B_SIGNED=0:A_SIGNED=0:394426c56d1a028ba8fdd5469b163e04011def47.
Using template $extern:wrap:$ge:Y_WIDTH=1:B_WIDTH=49:A_WIDTH=32:B_SIGNED=0:A_SIGNED=0:394426c56d1a028ba8fdd5469b163e04011def47 for cells of type $extern:wrap:$ge:Y_WIDTH=1:B_WIDTH=49:A_WIDTH=32:B_SIGNED=0:A_SIGNED=0:394426c56d1a028ba8fdd5469b163e04011def47.
Running "alumacc" on wrapper $extern:wrap:$sub:Y_WIDTH=50:B_WIDTH=50:A_WIDTH=32:B_SIGNED=0:A_SIGNED=0:394426c56d1a028ba8fdd5469b163e04011def47.
Using template $extern:wrap:$sub:Y_WIDTH=50:B_WIDTH=50:A_WIDTH=32:B_SIGNED=0:A_SIGNED=0:394426c56d1a028ba8fdd5469b163e04011def47 for cells of type $extern:wrap:$sub:Y_WIDTH=50:B_WIDTH=50:A_WIDTH=32:B_SIGNED=0:A_SIGNED=0:394426c56d1a028ba8fdd5469b163e04011def47.
Running "alumacc" on wrapper $extern:wrap:$ge:Y_WIDTH=1:B_WIDTH=50:A_WIDTH=32:B_SIGNED=0:A_SIGNED=0:394426c56d1a028ba8fdd5469b163e04011def47.
Using template $extern:wrap:$ge:Y_WIDTH=1:B_WIDTH=50:A_WIDTH=32:B_SIGNED=0:A_SIGNED=0:394426c56d1a028ba8fdd5469b163e04011def47 for cells of type $extern:wrap:$ge:Y_WIDTH=1:B_WIDTH=50:A_WIDTH=32:B_SIGNED=0:A_SIGNED=0:394426c56d1a028ba8fdd5469b163e04011def47.
Running "alumacc" on wrapper $extern:wrap:$sub:Y_WIDTH=51:B_WIDTH=51:A_WIDTH=32:B_SIGNED=0:A_SIGNED=0:394426c56d1a028ba8fdd5469b163e04011def47.
Using template $extern:wrap:$sub:Y_WIDTH=51:B_WIDTH=51:A_WIDTH=32:B_SIGNED=0:A_SIGNED=0:394426c56d1a028ba8fdd5469b163e04011def47 for cells of type $extern:wrap:$sub:Y_WIDTH=51:B_WIDTH=51:A_WIDTH=32:B_SIGNED=0:A_SIGNED=0:394426c56d1a028ba8fdd5469b163e04011def47.
Running "alumacc" on wrapper $extern:wrap:$ge:Y_WIDTH=1:B_WIDTH=51:A_WIDTH=32:B_SIGNED=0:A_SIGNED=0:394426c56d1a028ba8fdd5469b163e04011def47.
Using template $extern:wrap:$ge:Y_WIDTH=1:B_WIDTH=51:A_WIDTH=32:B_SIGNED=0:A_SIGNED=0:394426c56d1a028ba8fdd5469b163e04011def47 for cells of type $extern:wrap:$ge:Y_WIDTH=1:B_WIDTH=51:A_WIDTH=32:B_SIGNED=0:A_SIGNED=0:394426c56d1a028ba8fdd5469b163e04011def47.
Running "alumacc" on wrapper $extern:wrap:$sub:Y_WIDTH=52:B_WIDTH=52:A_WIDTH=32:B_SIGNED=0:A_SIGNED=0:394426c56d1a028ba8fdd5469b163e04011def47.
Using template $extern:wrap:$sub:Y_WIDTH=52:B_WIDTH=52:A_WIDTH=32:B_SIGNED=0:A_SIGNED=0:394426c56d1a028ba8fdd5469b163e04011def47 for cells of type $extern:wrap:$sub:Y_WIDTH=52:B_WIDTH=52:A_WIDTH=32:B_SIGNED=0:A_SIGNED=0:394426c56d1a028ba8fdd5469b163e04011def47.
Running "alumacc" on wrapper $extern:wrap:$ge:Y_WIDTH=1:B_WIDTH=52:A_WIDTH=32:B_SIGNED=0:A_SIGNED=0:394426c56d1a028ba8fdd5469b163e04011def47.
Using template $extern:wrap:$ge:Y_WIDTH=1:B_WIDTH=52:A_WIDTH=32:B_SIGNED=0:A_SIGNED=0:394426c56d1a028ba8fdd5469b163e04011def47 for cells of type $extern:wrap:$ge:Y_WIDTH=1:B_WIDTH=52:A_WIDTH=32:B_SIGNED=0:A_SIGNED=0:394426c56d1a028ba8fdd5469b163e04011def47.
Running "alumacc" on wrapper $extern:wrap:$sub:Y_WIDTH=53:B_WIDTH=53:A_WIDTH=32:B_SIGNED=0:A_SIGNED=0:394426c56d1a028ba8fdd5469b163e04011def47.
Using template $extern:wrap:$sub:Y_WIDTH=53:B_WIDTH=53:A_WIDTH=32:B_SIGNED=0:A_SIGNED=0:394426c56d1a028ba8fdd5469b163e04011def47 for cells of type $extern:wrap:$sub:Y_WIDTH=53:B_WIDTH=53:A_WIDTH=32:B_SIGNED=0:A_SIGNED=0:394426c56d1a028ba8fdd5469b163e04011def47.
Running "alumacc" on wrapper $extern:wrap:$ge:Y_WIDTH=1:B_WIDTH=53:A_WIDTH=32:B_SIGNED=0:A_SIGNED=0:394426c56d1a028ba8fdd5469b163e04011def47.
Using template $extern:wrap:$ge:Y_WIDTH=1:B_WIDTH=53:A_WIDTH=32:B_SIGNED=0:A_SIGNED=0:394426c56d1a028ba8fdd5469b163e04011def47 for cells of type $extern:wrap:$ge:Y_WIDTH=1:B_WIDTH=53:A_WIDTH=32:B_SIGNED=0:A_SIGNED=0:394426c56d1a028ba8fdd5469b163e04011def47.
Running "alumacc" on wrapper $extern:wrap:$sub:Y_WIDTH=54:B_WIDTH=54:A_WIDTH=32:B_SIGNED=0:A_SIGNED=0:394426c56d1a028ba8fdd5469b163e04011def47.
Using template $extern:wrap:$sub:Y_WIDTH=54:B_WIDTH=54:A_WIDTH=32:B_SIGNED=0:A_SIGNED=0:394426c56d1a028ba8fdd5469b163e04011def47 for cells of type $extern:wrap:$sub:Y_WIDTH=54:B_WIDTH=54:A_WIDTH=32:B_SIGNED=0:A_SIGNED=0:394426c56d1a028ba8fdd5469b163e04011def47.
Running "alumacc" on wrapper $extern:wrap:$ge:Y_WIDTH=1:B_WIDTH=54:A_WIDTH=32:B_SIGNED=0:A_SIGNED=0:394426c56d1a028ba8fdd5469b163e04011def47.
Using template $extern:wrap:$ge:Y_WIDTH=1:B_WIDTH=54:A_WIDTH=32:B_SIGNED=0:A_SIGNED=0:394426c56d1a028ba8fdd5469b163e04011def47 for cells of type $extern:wrap:$ge:Y_WIDTH=1:B_WIDTH=54:A_WIDTH=32:B_SIGNED=0:A_SIGNED=0:394426c56d1a028ba8fdd5469b163e04011def47.
Running "alumacc" on wrapper $extern:wrap:$sub:Y_WIDTH=55:B_WIDTH=55:A_WIDTH=32:B_SIGNED=0:A_SIGNED=0:394426c56d1a028ba8fdd5469b163e04011def47.
Using template $extern:wrap:$sub:Y_WIDTH=55:B_WIDTH=55:A_WIDTH=32:B_SIGNED=0:A_SIGNED=0:394426c56d1a028ba8fdd5469b163e04011def47 for cells of type $extern:wrap:$sub:Y_WIDTH=55:B_WIDTH=55:A_WIDTH=32:B_SIGNED=0:A_SIGNED=0:394426c56d1a028ba8fdd5469b163e04011def47.
Running "alumacc" on wrapper $extern:wrap:$ge:Y_WIDTH=1:B_WIDTH=55:A_WIDTH=32:B_SIGNED=0:A_SIGNED=0:394426c56d1a028ba8fdd5469b163e04011def47.
Using template $extern:wrap:$ge:Y_WIDTH=1:B_WIDTH=55:A_WIDTH=32:B_SIGNED=0:A_SIGNED=0:394426c56d1a028ba8fdd5469b163e04011def47 for cells of type $extern:wrap:$ge:Y_WIDTH=1:B_WIDTH=55:A_WIDTH=32:B_SIGNED=0:A_SIGNED=0:394426c56d1a028ba8fdd5469b163e04011def47.
Running "alumacc" on wrapper $extern:wrap:$sub:Y_WIDTH=56:B_WIDTH=56:A_WIDTH=32:B_SIGNED=0:A_SIGNED=0:394426c56d1a028ba8fdd5469b163e04011def47.
Using template $extern:wrap:$sub:Y_WIDTH=56:B_WIDTH=56:A_WIDTH=32:B_SIGNED=0:A_SIGNED=0:394426c56d1a028ba8fdd5469b163e04011def47 for cells of type $extern:wrap:$sub:Y_WIDTH=56:B_WIDTH=56:A_WIDTH=32:B_SIGNED=0:A_SIGNED=0:394426c56d1a028ba8fdd5469b163e04011def47.
Running "alumacc" on wrapper $extern:wrap:$ge:Y_WIDTH=1:B_WIDTH=56:A_WIDTH=32:B_SIGNED=0:A_SIGNED=0:394426c56d1a028ba8fdd5469b163e04011def47.
Using template $extern:wrap:$ge:Y_WIDTH=1:B_WIDTH=56:A_WIDTH=32:B_SIGNED=0:A_SIGNED=0:394426c56d1a028ba8fdd5469b163e04011def47 for cells of type $extern:wrap:$ge:Y_WIDTH=1:B_WIDTH=56:A_WIDTH=32:B_SIGNED=0:A_SIGNED=0:394426c56d1a028ba8fdd5469b163e04011def47.
Running "alumacc" on wrapper $extern:wrap:$sub:Y_WIDTH=57:B_WIDTH=57:A_WIDTH=32:B_SIGNED=0:A_SIGNED=0:394426c56d1a028ba8fdd5469b163e04011def47.
Using template $extern:wrap:$sub:Y_WIDTH=57:B_WIDTH=57:A_WIDTH=32:B_SIGNED=0:A_SIGNED=0:394426c56d1a028ba8fdd5469b163e04011def47 for cells of type $extern:wrap:$sub:Y_WIDTH=57:B_WIDTH=57:A_WIDTH=32:B_SIGNED=0:A_SIGNED=0:394426c56d1a028ba8fdd5469b163e04011def47.
Running "alumacc" on wrapper $extern:wrap:$ge:Y_WIDTH=1:B_WIDTH=57:A_WIDTH=32:B_SIGNED=0:A_SIGNED=0:394426c56d1a028ba8fdd5469b163e04011def47.
Using template $extern:wrap:$ge:Y_WIDTH=1:B_WIDTH=57:A_WIDTH=32:B_SIGNED=0:A_SIGNED=0:394426c56d1a028ba8fdd5469b163e04011def47 for cells of type $extern:wrap:$ge:Y_WIDTH=1:B_WIDTH=57:A_WIDTH=32:B_SIGNED=0:A_SIGNED=0:394426c56d1a028ba8fdd5469b163e04011def47.
Running "alumacc" on wrapper $extern:wrap:$sub:Y_WIDTH=58:B_WIDTH=58:A_WIDTH=32:B_SIGNED=0:A_SIGNED=0:394426c56d1a028ba8fdd5469b163e04011def47.
Using template $extern:wrap:$sub:Y_WIDTH=58:B_WIDTH=58:A_WIDTH=32:B_SIGNED=0:A_SIGNED=0:394426c56d1a028ba8fdd5469b163e04011def47 for cells of type $extern:wrap:$sub:Y_WIDTH=58:B_WIDTH=58:A_WIDTH=32:B_SIGNED=0:A_SIGNED=0:394426c56d1a028ba8fdd5469b163e04011def47.
Running "alumacc" on wrapper $extern:wrap:$ge:Y_WIDTH=1:B_WIDTH=58:A_WIDTH=32:B_SIGNED=0:A_SIGNED=0:394426c56d1a028ba8fdd5469b163e04011def47.
Using template $extern:wrap:$ge:Y_WIDTH=1:B_WIDTH=58:A_WIDTH=32:B_SIGNED=0:A_SIGNED=0:394426c56d1a028ba8fdd5469b163e04011def47 for cells of type $extern:wrap:$ge:Y_WIDTH=1:B_WIDTH=58:A_WIDTH=32:B_SIGNED=0:A_SIGNED=0:394426c56d1a028ba8fdd5469b163e04011def47.
Running "alumacc" on wrapper $extern:wrap:$sub:Y_WIDTH=59:B_WIDTH=59:A_WIDTH=32:B_SIGNED=0:A_SIGNED=0:394426c56d1a028ba8fdd5469b163e04011def47.
Using template $extern:wrap:$sub:Y_WIDTH=59:B_WIDTH=59:A_WIDTH=32:B_SIGNED=0:A_SIGNED=0:394426c56d1a028ba8fdd5469b163e04011def47 for cells of type $extern:wrap:$sub:Y_WIDTH=59:B_WIDTH=59:A_WIDTH=32:B_SIGNED=0:A_SIGNED=0:394426c56d1a028ba8fdd5469b163e04011def47.
Running "alumacc" on wrapper $extern:wrap:$ge:Y_WIDTH=1:B_WIDTH=59:A_WIDTH=32:B_SIGNED=0:A_SIGNED=0:394426c56d1a028ba8fdd5469b163e04011def47.
Using template $extern:wrap:$ge:Y_WIDTH=1:B_WIDTH=59:A_WIDTH=32:B_SIGNED=0:A_SIGNED=0:394426c56d1a028ba8fdd5469b163e04011def47 for cells of type $extern:wrap:$ge:Y_WIDTH=1:B_WIDTH=59:A_WIDTH=32:B_SIGNED=0:A_SIGNED=0:394426c56d1a028ba8fdd5469b163e04011def47.
Running "alumacc" on wrapper $extern:wrap:$sub:Y_WIDTH=60:B_WIDTH=60:A_WIDTH=32:B_SIGNED=0:A_SIGNED=0:394426c56d1a028ba8fdd5469b163e04011def47.
Using template $extern:wrap:$sub:Y_WIDTH=60:B_WIDTH=60:A_WIDTH=32:B_SIGNED=0:A_SIGNED=0:394426c56d1a028ba8fdd5469b163e04011def47 for cells of type $extern:wrap:$sub:Y_WIDTH=60:B_WIDTH=60:A_WIDTH=32:B_SIGNED=0:A_SIGNED=0:394426c56d1a028ba8fdd5469b163e04011def47.
Running "alumacc" on wrapper $extern:wrap:$ge:Y_WIDTH=1:B_WIDTH=60:A_WIDTH=32:B_SIGNED=0:A_SIGNED=0:394426c56d1a028ba8fdd5469b163e04011def47.
Using template $extern:wrap:$ge:Y_WIDTH=1:B_WIDTH=60:A_WIDTH=32:B_SIGNED=0:A_SIGNED=0:394426c56d1a028ba8fdd5469b163e04011def47 for cells of type $extern:wrap:$ge:Y_WIDTH=1:B_WIDTH=60:A_WIDTH=32:B_SIGNED=0:A_SIGNED=0:394426c56d1a028ba8fdd5469b163e04011def47.
Running "alumacc" on wrapper $extern:wrap:$sub:Y_WIDTH=61:B_WIDTH=61:A_WIDTH=32:B_SIGNED=0:A_SIGNED=0:394426c56d1a028ba8fdd5469b163e04011def47.
Using template $extern:wrap:$sub:Y_WIDTH=61:B_WIDTH=61:A_WIDTH=32:B_SIGNED=0:A_SIGNED=0:394426c56d1a028ba8fdd5469b163e04011def47 for cells of type $extern:wrap:$sub:Y_WIDTH=61:B_WIDTH=61:A_WIDTH=32:B_SIGNED=0:A_SIGNED=0:394426c56d1a028ba8fdd5469b163e04011def47.
Running "alumacc" on wrapper $extern:wrap:$ge:Y_WIDTH=1:B_WIDTH=61:A_WIDTH=32:B_SIGNED=0:A_SIGNED=0:394426c56d1a028ba8fdd5469b163e04011def47.
Using template $extern:wrap:$ge:Y_WIDTH=1:B_WIDTH=61:A_WIDTH=32:B_SIGNED=0:A_SIGNED=0:394426c56d1a028ba8fdd5469b163e04011def47 for cells of type $extern:wrap:$ge:Y_WIDTH=1:B_WIDTH=61:A_WIDTH=32:B_SIGNED=0:A_SIGNED=0:394426c56d1a028ba8fdd5469b163e04011def47.
Running "alumacc" on wrapper $extern:wrap:$sub:Y_WIDTH=62:B_WIDTH=62:A_WIDTH=32:B_SIGNED=0:A_SIGNED=0:394426c56d1a028ba8fdd5469b163e04011def47.
Using template $extern:wrap:$sub:Y_WIDTH=62:B_WIDTH=62:A_WIDTH=32:B_SIGNED=0:A_SIGNED=0:394426c56d1a028ba8fdd5469b163e04011def47 for cells of type $extern:wrap:$sub:Y_WIDTH=62:B_WIDTH=62:A_WIDTH=32:B_SIGNED=0:A_SIGNED=0:394426c56d1a028ba8fdd5469b163e04011def47.
Running "alumacc" on wrapper $extern:wrap:$ge:Y_WIDTH=1:B_WIDTH=62:A_WIDTH=32:B_SIGNED=0:A_SIGNED=0:394426c56d1a028ba8fdd5469b163e04011def47.
Using template $extern:wrap:$ge:Y_WIDTH=1:B_WIDTH=62:A_WIDTH=32:B_SIGNED=0:A_SIGNED=0:394426c56d1a028ba8fdd5469b163e04011def47 for cells of type $extern:wrap:$ge:Y_WIDTH=1:B_WIDTH=62:A_WIDTH=32:B_SIGNED=0:A_SIGNED=0:394426c56d1a028ba8fdd5469b163e04011def47.
Running "alumacc" on wrapper $extern:wrap:$sub:Y_WIDTH=63:B_WIDTH=63:A_WIDTH=32:B_SIGNED=0:A_SIGNED=0:394426c56d1a028ba8fdd5469b163e04011def47.
Using template $extern:wrap:$sub:Y_WIDTH=63:B_WIDTH=63:A_WIDTH=32:B_SIGNED=0:A_SIGNED=0:394426c56d1a028ba8fdd5469b163e04011def47 for cells of type $extern:wrap:$sub:Y_WIDTH=63:B_WIDTH=63:A_WIDTH=32:B_SIGNED=0:A_SIGNED=0:394426c56d1a028ba8fdd5469b163e04011def47.
Running "alumacc" on wrapper $extern:wrap:$ge:Y_WIDTH=1:B_WIDTH=63:A_WIDTH=32:B_SIGNED=0:A_SIGNED=0:394426c56d1a028ba8fdd5469b163e04011def47.
Using template $extern:wrap:$ge:Y_WIDTH=1:B_WIDTH=63:A_WIDTH=32:B_SIGNED=0:A_SIGNED=0:394426c56d1a028ba8fdd5469b163e04011def47 for cells of type $extern:wrap:$ge:Y_WIDTH=1:B_WIDTH=63:A_WIDTH=32:B_SIGNED=0:A_SIGNED=0:394426c56d1a028ba8fdd5469b163e04011def47.
Using template $paramod$789c344356a154d2afc7b832b41d1067dbc946ba\_90_alu for cells of type $alu.
Using template $paramod$e39069e3f4ee35c1eea86993bd74689959babaab\_90_alu for cells of type $alu.
Using template $paramod$fbc7873bff55778c0b3173955b7e4bce1d9d6834\_90_alu for cells of type $alu.
Using template $paramod$d7aca3dc44b07ff19908fb1a3b606577588c15f1\_90_alu for cells of type $alu.
Using template $paramod$f9e3a3c4b84f99cb56fad07743ec44ad55b11c8b\_90_alu for cells of type $alu.
Using template $paramod$dd5ba471f7dcf35707f23b88cfd15b9582f97277\_90_alu for cells of type $alu.
Using template $paramod$b7531bc0616f8d4cdd8159edd2237c9ddbb2ce01\_90_alu for cells of type $alu.
Using template $paramod$ff8ba121d2f8e85b775c9f35ef677a1a276e7e1b\_90_alu for cells of type $alu.
Using template $paramod$9a66d4bebbc4fab84566caffef9f094a1a467389\_90_alu for cells of type $alu.
Using template $paramod$57bc309a5d8a948cec8981d26d896ee1cbf54d58\_90_alu for cells of type $alu.
Using template $paramod$f94cfdb8ad389f4fc4515bcb65bccd7e2d189e95\_90_alu for cells of type $alu.
Using template $paramod$2a25669ccd39fe7c0fbfb2a4d17416fc78667f00\_90_alu for cells of type $alu.
Using template $paramod$d9397dfdf5f7cf5715aebc9527845402880218a0\_90_alu for cells of type $alu.
Using template $paramod$acc477ace2583cc2ee0cf651c72a385d2bbbe9f1\_90_alu for cells of type $alu.
Using template $paramod$415abdcadc251df4f0f033b62b8f3296b8461b4e\_90_alu for cells of type $alu.
Using template $paramod$6573c1c269218f299badf6e04ca86aa37fdb352c\_90_alu for cells of type $alu.
Using template $paramod$6a21b72c9c0b32e81b169c7e08a4d8b9c462448f\_90_alu for cells of type $alu.
Using template $paramod$324e0706ebb77f1915b22f4a136962ec3fd1d7ff\_90_alu for cells of type $alu.
Using template $paramod$461fc931d630cb01bec1fea87f37fbcc53f6f6a4\_90_alu for cells of type $alu.
Using template $paramod$fe074227b1c5fbaa1ea56076182c29dbcf3a782a\_90_alu for cells of type $alu.
Using template $paramod$85502450775e62e9c6a2fe29020b3433d4335647\_90_alu for cells of type $alu.
Using template $paramod$e32c921f95fe0e2350204f4ecefc9e296355521b\_90_alu for cells of type $alu.
Using template $paramod$05d913fba320393c7e943e625bef3af776153b60\_90_alu for cells of type $alu.
Using template $paramod$8e07e2c0a3efc148d2f3714f3901076678774ed1\_90_alu for cells of type $alu.
Using template $paramod$5b7e592b3c2951af6800b7fd597f66a79b72b91c\_90_alu for cells of type $alu.
Using template $paramod$90182783100594e2dd636a282c4723cfc9adaedd\_90_alu for cells of type $alu.
Using template $paramod$851c5c9b30913ea2deae68e3ca9e9c4e649723bc\_90_alu for cells of type $alu.
Using template $paramod$1445aacdb5f2a1ef9fedf1373097ffa45438211d\_90_alu for cells of type $alu.
Using template $paramod$7add42b712fe5bbbba521e93062103d6bf78a453\_90_alu for cells of type $alu.
Using template $paramod$b6f86f6a0c43c26b22ee55f51e05d5951f0e6562\_90_alu for cells of type $alu.
Using template $paramod$044fdceace8c449ec99f900b42120ac005ff4065\_90_alu for cells of type $alu.
Using template $paramod$b6b58933bcf3c8b9e3e5de18c2637bd0e12c7c47\_90_alu for cells of type $alu.
Using template $paramod\_90_lcu_brent_kung\WIDTH=32'00000000000000000000000000100001 for cells of type $lcu.
Using template $paramod\_90_lcu_brent_kung\WIDTH=32'00000000000000000000000000100010 for cells of type $lcu.
Using template $paramod\_90_lcu_brent_kung\WIDTH=32'00000000000000000000000000100011 for cells of type $lcu.
Using template $paramod\_90_lcu_brent_kung\WIDTH=32'00000000000000000000000000100100 for cells of type $lcu.
Using template $paramod\_90_lcu_brent_kung\WIDTH=32'00000000000000000000000000100101 for cells of type $lcu.
Using template $paramod\_90_lcu_brent_kung\WIDTH=32'00000000000000000000000000100110 for cells of type $lcu.
Using template $paramod\_90_lcu_brent_kung\WIDTH=32'00000000000000000000000000100111 for cells of type $lcu.
Using template $paramod\_90_lcu_brent_kung\WIDTH=32'00000000000000000000000000101000 for cells of type $lcu.
Using template $paramod\_90_lcu_brent_kung\WIDTH=32'00000000000000000000000000101001 for cells of type $lcu.
Using template $paramod\_90_lcu_brent_kung\WIDTH=32'00000000000000000000000000101010 for cells of type $lcu.
Using template $paramod\_90_lcu_brent_kung\WIDTH=32'00000000000000000000000000101011 for cells of type $lcu.
Using template $paramod\_90_lcu_brent_kung\WIDTH=32'00000000000000000000000000101100 for cells of type $lcu.
Using template $paramod\_90_lcu_brent_kung\WIDTH=32'00000000000000000000000000101101 for cells of type $lcu.
Using template $paramod\_90_lcu_brent_kung\WIDTH=32'00000000000000000000000000101110 for cells of type $lcu.
Using template $paramod\_90_lcu_brent_kung\WIDTH=32'00000000000000000000000000101111 for cells of type $lcu.
Using template $paramod\_90_lcu_brent_kung\WIDTH=32'00000000000000000000000000110000 for cells of type $lcu.
Using template $paramod\_90_lcu_brent_kung\WIDTH=32'00000000000000000000000000110001 for cells of type $lcu.
Using template $paramod\_90_lcu_brent_kung\WIDTH=32'00000000000000000000000000110010 for cells of type $lcu.
Using template $paramod\_90_lcu_brent_kung\WIDTH=32'00000000000000000000000000110011 for cells of type $lcu.
Using template $paramod\_90_lcu_brent_kung\WIDTH=32'00000000000000000000000000110100 for cells of type $lcu.
Using template $paramod\_90_lcu_brent_kung\WIDTH=32'00000000000000000000000000110101 for cells of type $lcu.
Using template $paramod\_90_lcu_brent_kung\WIDTH=32'00000000000000000000000000110110 for cells of type $lcu.
Using template $paramod\_90_lcu_brent_kung\WIDTH=32'00000000000000000000000000110111 for cells of type $lcu.
Using template $paramod\_90_lcu_brent_kung\WIDTH=32'00000000000000000000000000111000 for cells of type $lcu.
Using template $paramod\_90_lcu_brent_kung\WIDTH=32'00000000000000000000000000111001 for cells of type $lcu.
Using template $paramod\_90_lcu_brent_kung\WIDTH=32'00000000000000000000000000111010 for cells of type $lcu.
Using template $paramod\_90_lcu_brent_kung\WIDTH=32'00000000000000000000000000111011 for cells of type $lcu.
Using template $paramod\_90_lcu_brent_kung\WIDTH=32'00000000000000000000000000111100 for cells of type $lcu.
Using template $paramod\_90_lcu_brent_kung\WIDTH=32'00000000000000000000000000111101 for cells of type $lcu.
Using template $paramod\_90_lcu_brent_kung\WIDTH=32'00000000000000000000000000111110 for cells of type $lcu.
Using template $paramod\_90_lcu_brent_kung\WIDTH=32'00000000000000000000000000111111 for cells of type $lcu.
Using extmapper maccmap for cells of type $macc_v2.
  sub $add$rtl/fp16_mul.sv:29$155_Y (32 bits, signed)
  add 32'11111111111111111111111111111100 (32 bits, unsigned)
Using template $paramod$050f15daba5036a0512adf25d3c6631f629623f7\_90_alu for cells of type $alu.
Using template $paramod$constmap:f52aa59ca6da12f4c8565d58407b91b3ad79111f$paramod$160f353fe3871f761e46a987be0699411d285257\_90_shift_ops_shr_shl_sshl_sshr for cells of type $shl.
Using template $paramod$54969db7f41ab9ffc93887c2d8e2d7f68e10b42f\_90_alu for cells of type $alu.
Using template $paramod$41a7072a3a69aace0ef26ba45fb12d6fa3718bdb\_90_alu for cells of type $alu.
Using template $paramod$constmap:c8c9bac035c8c4609ec4e65f715b3c4b180c43e5$paramod$540b405c8c033c654865abd442a28893ff3d8401\_90_shift_ops_shr_shl_sshl_sshr for cells of type $shr.
Using template $paramod$cc80a4e89b0341cb117f5d28b0e7244620640141\_90_alu for cells of type $alu.
  add { \lhs_sig [10] \lhs_i [9:0] } * { \rhs_sig [10] \rhs_i [9:0] } (11x11 bits, unsigned)
Using template $paramod$2653f68ddb8eab7b1907b4a20767b72a824a7a36\_90_alu for cells of type $alu.
Using template $paramod$1e402e64350f17d7d96d4d19397585e7730f3657\_90_alu for cells of type $alu.
Using template $paramod$5e5c8b0021e49c50f7602af858629c991ef7602a\_90_alu for cells of type $alu.
Using template $paramod$constmap:89710097e0162faa1c5399b4835bd704c30f89ef$paramod$96a1f97fa9eb3187f2c43482242c53202d0445c9\_90_shift_shiftx for cells of type $shiftx.
Using template $paramod$6412f7f13655de512a17af2c71a87b50b4a57324\_90_alu for cells of type $alu.
Using template $paramod$constmap:c8c9bac035c8c4609ec4e65f715b3c4b180c43e5$paramod$8af629eb24691e8481fc1bd0fbed6c58d22e29c8\_90_shift_ops_shr_shl_sshl_sshr for cells of type $shl.
Using template $paramod$716a39fe093f83af45d6be30e7708e9f3ad9df82\_90_alu for cells of type $alu.
  add $add$rtl/fp16_mul.sv:29$155_Y (32 bits, signed)
  add { 27'000000000000000000000000000 \msb_index [4:0] } (32 bits, signed)
  add 32'11111111111111111111111111101100 (32 bits, unsigned)
Using template $paramod$3ee881479230cbacdbc76ce69c54db09efb310e2\_90_alu for cells of type $alu.
Using template $paramod\_90_lcu_brent_kung\WIDTH=32'00000000000000000000000001000000 for cells of type $lcu.
Using template $paramod\_90_lcu_brent_kung\WIDTH=32'00000000000000000000000000011111 for cells of type $lcu.
Using template $paramod\_90_fa\WIDTH=32'00000000000000000000000000010110 for cells of type $fa.
Using template $paramod$e161c1674351796cd6dd381e70ff05458bfe7755\_90_alu for cells of type $alu.
Using template $paramod\_90_fa\WIDTH=32'00000000000000000000000000100000 for cells of type $fa.
Using template $paramod\_90_lcu_brent_kung\WIDTH=32'00000000000000000000000000011100 for cells of type $lcu.
Using template $paramod\_90_lcu_brent_kung\WIDTH=32'00000000000000000000000000010110 for cells of type $lcu.
Using template $paramod$091610cd349a68bd5539cffd7126f0d76e9bca00\_90_alu for cells of type $alu.
Using template $paramod$546f3f62de618651dd3a8b3f9e661fb34b30a603\_90_alu for cells of type $alu.
Using template $paramod$719aadea7a94d31a13cd25a777432aacb0e462b5\_90_alu for cells of type $alu.
Using template $paramod$constmap:84ecb1fe6cf6c7774af1e6015b4db447afa6c0b1$paramod$419a913ed38c2513939b18df9044de3e442bc66c\_90_shift_ops_shr_shl_sshl_sshr for cells of type $shl.
Using template $paramod$constmap:b99037b5251b430096ae8426664393d6ae79f5d4$paramod$10d34890fc0a590416fb0bd5f2405603d3bc2a8b\_90_shift_ops_shr_shl_sshl_sshr for cells of type $shr.
Using template $paramod$5e23d2e0f07f5403e3d2c5b606bab0c16e4174c1\_90_alu for cells of type $alu.
Using template $paramod$92a1f7a016bf58d33db5a47145e66dde1cbc3210\_90_alu for cells of type $alu.
Using template $paramod$332fab4e157f868977379756d21fa99887c3c6c4\_90_alu for cells of type $alu.
Using template $paramod$1ed7ec530b1ba361931392f2f8504f82ccdfecaa\_90_alu for cells of type $alu.
Using template $paramod$15650b5f68527c2737f08685d9884042e045002a\_90_alu for cells of type $alu.
Using template $paramod$6df0329addda9228fcc2546de2aaf14ad26c98e1\_90_alu for cells of type $alu.
Using template $paramod\_90_lcu_brent_kung\WIDTH=32'00000000000000000000000000001110 for cells of type $lcu.
Using template $paramod\_90_lcu_brent_kung\WIDTH=32'00000000000000000000000000001100 for cells of type $lcu.
Using template $paramod\_90_lcu_brent_kung\WIDTH=32'00000000000000000000000000010000 for cells of type $lcu.
Using template $paramod$d31bf4d7d72e59528d18fbd4f322e9d608532043\_90_pmux for cells of type $pmux.
Using extmapper simplemap for cells of type $adff.
Using template $paramod$78e969f2586efcf3a5b0b0440bcca0db83d5cca2\_90_alu for cells of type $alu.
Using template $paramod$constmap:de64642e95807af510ec2f372d99917387e547b5$paramod$2cd5a0fc12c713b111b124c014c3805512a5d620\_90_shift_shiftx for cells of type $shiftx.
Using template $paramod$175e67c02b86e96b1288b9dc100122520d7240d8\_90_alu for cells of type $alu.
Using template $paramod$3ef7d3dd227da7627a99c5e5a6a4deb817573e39\_90_alu for cells of type $alu.
Using template $paramod$79fc7abbb3333dbd5736999d565fd903198fb1eb\_90_alu for cells of type $alu.
Using template $paramod$fc972a7a46956c1788f3cb5257b53c8f1df2d0cc\_90_alu for cells of type $alu.
Using template $paramod$7e708ae28ab761f11d0fb59d3ffc72f6a4baf5d9\_90_alu for cells of type $alu.
Using template $paramod$025d767fc934a3e7d59a671de523743ebaa07759\_90_alu for cells of type $alu.
Using template $paramod$constmap:82d13b1faa4b21cb1487e5b4ddefba1164cb15a1$paramod$40ccfd5a7f1418017a9af25543d0c43a198b5946\_90_shift_shiftx for cells of type $shift.
Using template $paramod$constmap:ee5af906ae0d3d414c6a0471604c553ef70c8e09$paramod$92adee9538f2381d8e5006822c900eb986d754e8\_90_shift_shiftx for cells of type $shiftx.
Using template $paramod$constmap:4142d301c79182ad8ca02320cc87d31ed55e5985$paramod$9fd534a8e85f1367b697266785c6c3545dbc60d7\_90_shift_shiftx for cells of type $shiftx.
Using template $paramod$740b056ede97228d3eae64ea2fdc81f0a33e0fe7\_90_alu for cells of type $alu.
Analyzing pattern of constant bits for this cell:
Creating constmapped module `$paramod$constmap:9d7c541a436e2c9bb59914d3a53cc61c099f37b0$paramod$40ccfd5a7f1418017a9af25543d0c43a198b5946\_90_shift_shiftx'.

11.20.506. Executing OPT_MUXTREE pass (detect dead branches in mux trees).
Running muxtree optimizer on module $paramod$constmap:9d7c541a436e2c9bb59914d3a53cc61c099f37b0$paramod$40ccfd5a7f1418017a9af25543d0c43a198b5946\_90_shift_shiftx..
  Creating internal representation of mux trees.
  Evaluating internal representation of mux trees.
  Analyzing evaluation results.
    dead port 2/2 on $mux $procmux$75859.
    dead port 2/2 on $mux $procmux$75853.
    dead port 2/2 on $mux $procmux$75847.
Removed 3 multiplexer ports.
<suppressed ~35617 debug messages>

11.20.507. Executing OPT_EXPR pass (perform const folding).
Optimizing module $paramod$constmap:9d7c541a436e2c9bb59914d3a53cc61c099f37b0$paramod$40ccfd5a7f1418017a9af25543d0c43a198b5946\_90_shift_shiftx.
<suppressed ~2 debug messages>
Removed 0 unused cells and 9 unused wires.
Using template $paramod$constmap:9d7c541a436e2c9bb59914d3a53cc61c099f37b0$paramod$40ccfd5a7f1418017a9af25543d0c43a198b5946\_90_shift_shiftx for cells of type $shift.
Using extmapper simplemap for cells of type $dffe.
Using template $paramod\_90_lcu_brent_kung\WIDTH=32'00000000000000000000000000000001 for cells of type $lcu.
Using template $paramod\_90_lcu_brent_kung\WIDTH=32'00000000000000000000000000000100 for cells of type $lcu.
No more expansions possible.
<suppressed ~760 debug messages>

11.21. Executing OPT pass (performing simple optimizations).

11.21.1. Executing OPT_EXPR pass (perform const folding).
Optimizing module $paramod$865746d0c425e5bff1afb43fc0ca954cd0aab93f\logic_normalization_bank_barrier.
<suppressed ~2 debug messages>
Optimizing module $paramod$cf256f1e07155db3e20fb233046fedb4711c91b2\logic_normalization_scalar_engine_array.
Optimizing module $paramod$e6d2582358ff6950cc507271baa264b5b8280dfa\logic_normalization_parallel_tree_top.
<suppressed ~2014 debug messages>
Optimizing module $paramod\logic_normalization_scalar_engine\TAG_WIDTH=32'00000000000000000000000000010000.
<suppressed ~73 debug messages>
Optimizing module fp16_add.
<suppressed ~2525 debug messages>
Optimizing module fp16_mul.
<suppressed ~5948 debug messages>
Optimizing module fp16_rsqrt_lut256.
<suppressed ~29496 debug messages>
Optimizing module logic_normalization_barrier_tree_top.

11.21.2. Executing OPT_MERGE pass (detect identical cells).
Finding identical cells in module `$paramod$865746d0c425e5bff1afb43fc0ca954cd0aab93f\logic_normalization_bank_barrier'.
Finding identical cells in module `$paramod$cf256f1e07155db3e20fb233046fedb4711c91b2\logic_normalization_scalar_engine_array'.
Finding identical cells in module `$paramod$e6d2582358ff6950cc507271baa264b5b8280dfa\logic_normalization_parallel_tree_top'.
<suppressed ~708 debug messages>
Finding identical cells in module `$paramod\logic_normalization_scalar_engine\TAG_WIDTH=32'00000000000000000000000000010000'.
<suppressed ~12 debug messages>
Finding identical cells in module `\fp16_add'.
<suppressed ~1779 debug messages>
Finding identical cells in module `\fp16_mul'.
<suppressed ~4230 debug messages>
Finding identical cells in module `\fp16_rsqrt_lut256'.
<suppressed ~17613 debug messages>
Finding identical cells in module `\logic_normalization_barrier_tree_top'.
Removed a total of 8114 cells.

11.21.3. Executing OPT_DFF pass (perform DFF optimizations).

11.21.4. Executing OPT_CLEAN pass (remove unused cells and wires).
Finding unused cells or wires in module $paramod$865746d0c425e5bff1afb43fc0ca954cd0aab93f\logic_normalization_bank_barrier..
Finding unused cells or wires in module $paramod$cf256f1e07155db3e20fb233046fedb4711c91b2\logic_normalization_scalar_engine_array..
Finding unused cells or wires in module $paramod$e6d2582358ff6950cc507271baa264b5b8280dfa\logic_normalization_parallel_tree_top..
Finding unused cells or wires in module $paramod\logic_normalization_scalar_engine\TAG_WIDTH=32'00000000000000000000000000010000..
Finding unused cells or wires in module \fp16_add..
Finding unused cells or wires in module \fp16_mul..
Finding unused cells or wires in module \fp16_rsqrt_lut256..
Finding unused cells or wires in module \logic_normalization_barrier_tree_top..
Removed 4568 unused cells and 22226 unused wires.
<suppressed ~4574 debug messages>

11.21.5. Finished fast OPT passes.

11.22. Executing ABC pass (technology mapping using ABC).

11.22.1. Extracting gate netlist of module `$paramod$865746d0c425e5bff1afb43fc0ca954cd0aab93f\logic_normalization_bank_barrier' to `<abc-temp-dir>/input.blif'..
Extracted 667 gates and 992 wires to a netlist network with 323 inputs and 23 outputs.

11.22.1.1. Executing ABC.
Running ABC command: "<yosys-exe-dir>/yosys-abc" -s -f <abc-temp-dir>/abc.script 2>&1
ABC: ABC command line: "source <abc-temp-dir>/abc.script".
ABC: 
ABC: + read_blif <abc-temp-dir>/input.blif 
ABC: + read_library <abc-temp-dir>/stdcells.genlib 
ABC: + strash 
ABC: + dretime 
ABC: + map 
ABC: + write_blif <abc-temp-dir>/output.blif 

11.22.1.2. Re-integrating ABC results.
ABC RESULTS:               AND cells:        1
ABC RESULTS:            ANDNOT cells:      115
ABC RESULTS:               MUX cells:       32
ABC RESULTS:              NAND cells:        3
ABC RESULTS:               NOR cells:        1
ABC RESULTS:               NOT cells:       17
ABC RESULTS:                OR cells:      222
ABC RESULTS:             ORNOT cells:       16
ABC RESULTS:              XNOR cells:       16
ABC RESULTS:               XOR cells:      240
ABC RESULTS:        internal signals:      646
ABC RESULTS:           input signals:      323
ABC RESULTS:          output signals:       23
Removing temp directory.

11.22.2. Extracting gate netlist of module `$paramod$cf256f1e07155db3e20fb233046fedb4711c91b2\logic_normalization_scalar_engine_array' to `<abc-temp-dir>/input.blif'..
Extracted 0 gates and 0 wires to a netlist network with 0 inputs and 0 outputs.
Don't call ABC as there is nothing to map.
Removing temp directory.

11.22.3. Extracting gate netlist of module `$paramod$e6d2582358ff6950cc507271baa264b5b8280dfa\logic_normalization_parallel_tree_top' to `<abc-temp-dir>/input.blif'..
Extracted 1176 gates and 2134 wires to a netlist network with 957 inputs and 595 outputs.

11.22.3.1. Executing ABC.
Running ABC command: "<yosys-exe-dir>/yosys-abc" -s -f <abc-temp-dir>/abc.script 2>&1
ABC: ABC command line: "source <abc-temp-dir>/abc.script".
ABC: 
ABC: + read_blif <abc-temp-dir>/input.blif 
ABC: + read_library <abc-temp-dir>/stdcells.genlib 
ABC: + strash 
ABC: + dretime 
ABC: + map 
ABC: + write_blif <abc-temp-dir>/output.blif 

11.22.3.2. Re-integrating ABC results.
ABC RESULTS:               AND cells:      525
ABC RESULTS:            ANDNOT cells:       94
ABC RESULTS:               MUX cells:      441
ABC RESULTS:              NAND cells:       11
ABC RESULTS:               NOR cells:        5
ABC RESULTS:               NOT cells:      417
ABC RESULTS:                OR cells:       24
ABC RESULTS:             ORNOT cells:        9
ABC RESULTS:              XNOR cells:        7
ABC RESULTS:               XOR cells:       22
ABC RESULTS:        internal signals:      582
ABC RESULTS:           input signals:      957
ABC RESULTS:          output signals:      595
Removing temp directory.

11.22.4. Extracting gate netlist of module `$paramod\logic_normalization_scalar_engine\TAG_WIDTH=32'00000000000000000000000000010000' to `<abc-temp-dir>/input.blif'..
Extracted 110 gates and 170 wires to a netlist network with 59 inputs and 47 outputs.

11.22.4.1. Executing ABC.
Running ABC command: "<yosys-exe-dir>/yosys-abc" -s -f <abc-temp-dir>/abc.script 2>&1
ABC: ABC command line: "source <abc-temp-dir>/abc.script".
ABC: 
ABC: + read_blif <abc-temp-dir>/input.blif 
ABC: + read_library <abc-temp-dir>/stdcells.genlib 
ABC: + strash 
ABC: + dretime 
ABC: + map 
ABC: + write_blif <abc-temp-dir>/output.blif 

11.22.4.2. Re-integrating ABC results.
ABC RESULTS:               AND cells:        4
ABC RESULTS:            ANDNOT cells:       51
ABC RESULTS:               MUX cells:       18
ABC RESULTS:              NAND cells:        1
ABC RESULTS:               NOR cells:        5
ABC RESULTS:               NOT cells:        4
ABC RESULTS:                OR cells:       15
ABC RESULTS:             ORNOT cells:        3
ABC RESULTS:        internal signals:       64
ABC RESULTS:           input signals:       59
ABC RESULTS:          output signals:       47
Removing temp directory.

11.22.5. Extracting gate netlist of module `\fp16_add' to `<abc-temp-dir>/input.blif'..
Extracted 4245 gates and 4279 wires to a netlist network with 32 inputs and 16 outputs.

11.22.5.1. Executing ABC.
Running ABC command: "<yosys-exe-dir>/yosys-abc" -s -f <abc-temp-dir>/abc.script 2>&1
ABC: ABC command line: "source <abc-temp-dir>/abc.script".
ABC: 
ABC: + read_blif <abc-temp-dir>/input.blif 
ABC: + read_library <abc-temp-dir>/stdcells.genlib 
ABC: + strash 
ABC: + dretime 
ABC: + map 
ABC: + write_blif <abc-temp-dir>/output.blif 

11.22.5.2. Re-integrating ABC results.
ABC RESULTS:               AND cells:       78
ABC RESULTS:            ANDNOT cells:     1197
ABC RESULTS:               MUX cells:      692
ABC RESULTS:              NAND cells:       48
ABC RESULTS:               NOR cells:      201
ABC RESULTS:               NOT cells:      207
ABC RESULTS:                OR cells:      312
ABC RESULTS:             ORNOT cells:      182
ABC RESULTS:              XNOR cells:      150
ABC RESULTS:               XOR cells:      358
ABC RESULTS:        internal signals:     4231
ABC RESULTS:           input signals:       32
ABC RESULTS:          output signals:       16
Removing temp directory.

11.22.6. Extracting gate netlist of module `\fp16_mul' to `<abc-temp-dir>/input.blif'..
Replacing 48 occurrences of constant undef bits with constant zero bits
Extracted 4786 gates and 4821 wires to a netlist network with 32 inputs and 16 outputs.

11.22.6.1. Executing ABC.
Running ABC command: "<yosys-exe-dir>/yosys-abc" -s -f <abc-temp-dir>/abc.script 2>&1
ABC: ABC command line: "source <abc-temp-dir>/abc.script".
ABC: 
ABC: + read_blif <abc-temp-dir>/input.blif 
ABC: + read_library <abc-temp-dir>/stdcells.genlib 
ABC: + strash 
ABC: + dretime 
ABC: + map 
ABC: + write_blif <abc-temp-dir>/output.blif 

11.22.6.2. Re-integrating ABC results.
ABC RESULTS:               AND cells:      127
ABC RESULTS:            ANDNOT cells:      933
ABC RESULTS:               MUX cells:      549
ABC RESULTS:              NAND cells:      107
ABC RESULTS:               NOR cells:      366
ABC RESULTS:               NOT cells:      118
ABC RESULTS:                OR cells:     1139
ABC RESULTS:             ORNOT cells:      330
ABC RESULTS:              XNOR cells:      148
ABC RESULTS:               XOR cells:      435
ABC RESULTS:        internal signals:     4773
ABC RESULTS:           input signals:       32
ABC RESULTS:          output signals:       16
Removing temp directory.

11.22.7. Extracting gate netlist of module `\fp16_rsqrt_lut256' to `<abc-temp-dir>/input.blif'..
Extracted 2339 gates and 2360 wires to a netlist network with 19 inputs and 17 outputs.

11.22.7.1. Executing ABC.
Running ABC command: "<yosys-exe-dir>/yosys-abc" -s -f <abc-temp-dir>/abc.script 2>&1
ABC: ABC command line: "source <abc-temp-dir>/abc.script".
ABC: 
ABC: + read_blif <abc-temp-dir>/input.blif 
ABC: + read_library <abc-temp-dir>/stdcells.genlib 
ABC: + strash 
ABC: + dretime 
ABC: + map 
ABC: + write_blif <abc-temp-dir>/output.blif 

11.22.7.2. Re-integrating ABC results.
ABC RESULTS:               AND cells:       21
ABC RESULTS:            ANDNOT cells:      568
ABC RESULTS:               MUX cells:      521
ABC RESULTS:              NAND cells:       22
ABC RESULTS:               NOR cells:      124
ABC RESULTS:               NOT cells:       80
ABC RESULTS:                OR cells:      181
ABC RESULTS:             ORNOT cells:       98
ABC RESULTS:              XNOR cells:       36
ABC RESULTS:               XOR cells:      173
ABC RESULTS:        internal signals:     2324
ABC RESULTS:           input signals:       19
ABC RESULTS:          output signals:       17
Removing temp directory.

11.22.8. Extracting gate netlist of module `\logic_normalization_barrier_tree_top' to `<abc-temp-dir>/input.blif'..
Extracted 0 gates and 0 wires to a netlist network with 0 inputs and 0 outputs.
Don't call ABC as there is nothing to map.
Removing temp directory.

11.23. Executing OPT pass (performing simple optimizations).

11.23.1. Executing OPT_EXPR pass (perform const folding).
Optimizing module $paramod$865746d0c425e5bff1afb43fc0ca954cd0aab93f\logic_normalization_bank_barrier.
<suppressed ~30 debug messages>
Optimizing module $paramod$cf256f1e07155db3e20fb233046fedb4711c91b2\logic_normalization_scalar_engine_array.
Optimizing module $paramod$e6d2582358ff6950cc507271baa264b5b8280dfa\logic_normalization_parallel_tree_top.
<suppressed ~106 debug messages>
Optimizing module $paramod\logic_normalization_scalar_engine\TAG_WIDTH=32'00000000000000000000000000010000.
<suppressed ~32 debug messages>
Optimizing module fp16_add.
<suppressed ~10 debug messages>
Optimizing module fp16_mul.
<suppressed ~49 debug messages>
Optimizing module fp16_rsqrt_lut256.
<suppressed ~18 debug messages>
Optimizing module logic_normalization_barrier_tree_top.

11.23.2. Executing OPT_MERGE pass (detect identical cells).
Finding identical cells in module `$paramod$865746d0c425e5bff1afb43fc0ca954cd0aab93f\logic_normalization_bank_barrier'.
Finding identical cells in module `$paramod$cf256f1e07155db3e20fb233046fedb4711c91b2\logic_normalization_scalar_engine_array'.
Finding identical cells in module `$paramod$e6d2582358ff6950cc507271baa264b5b8280dfa\logic_normalization_parallel_tree_top'.
<suppressed ~3 debug messages>
Finding identical cells in module `$paramod\logic_normalization_scalar_engine\TAG_WIDTH=32'00000000000000000000000000010000'.
<suppressed ~3 debug messages>
Finding identical cells in module `\fp16_add'.
<suppressed ~588 debug messages>
Finding identical cells in module `\fp16_mul'.
<suppressed ~546 debug messages>
Finding identical cells in module `\fp16_rsqrt_lut256'.
<suppressed ~177 debug messages>
Finding identical cells in module `\logic_normalization_barrier_tree_top'.
Removed a total of 439 cells.

11.23.3. Executing OPT_DFF pass (perform DFF optimizations).

11.23.4. Executing OPT_CLEAN pass (remove unused cells and wires).
Finding unused cells or wires in module $paramod$865746d0c425e5bff1afb43fc0ca954cd0aab93f\logic_normalization_bank_barrier..
Finding unused cells or wires in module $paramod$cf256f1e07155db3e20fb233046fedb4711c91b2\logic_normalization_scalar_engine_array..
Finding unused cells or wires in module $paramod$e6d2582358ff6950cc507271baa264b5b8280dfa\logic_normalization_parallel_tree_top..
Finding unused cells or wires in module $paramod\logic_normalization_scalar_engine\TAG_WIDTH=32'00000000000000000000000000010000..
Finding unused cells or wires in module \fp16_add..
Finding unused cells or wires in module \fp16_mul..
Finding unused cells or wires in module \fp16_rsqrt_lut256..
Finding unused cells or wires in module \logic_normalization_barrier_tree_top..
Removed 18 unused cells and 6096 unused wires.
<suppressed ~42 debug messages>

11.23.5. Finished fast OPT passes.

11.24. Executing HIERARCHY pass (managing design hierarchy).
Attribute `top' found on module `logic_normalization_barrier_tree_top'. Setting top module to logic_normalization_barrier_tree_top.

11.24.1. Analyzing design hierarchy..
Top module:  \logic_normalization_barrier_tree_top
Used module:     $paramod$865746d0c425e5bff1afb43fc0ca954cd0aab93f\logic_normalization_bank_barrier
Used module:     $paramod$e6d2582358ff6950cc507271baa264b5b8280dfa\logic_normalization_parallel_tree_top
Used module:         \fp16_add
Used module:         $paramod$cf256f1e07155db3e20fb233046fedb4711c91b2\logic_normalization_scalar_engine_array
Used module:             $paramod\logic_normalization_scalar_engine\TAG_WIDTH=32'00000000000000000000000000010000
Used module:                 \fp16_mul
Used module:                 \fp16_rsqrt_lut256

11.24.2. Analyzing design hierarchy..
Top module:  \logic_normalization_barrier_tree_top
Used module:     $paramod$865746d0c425e5bff1afb43fc0ca954cd0aab93f\logic_normalization_bank_barrier
Used module:     $paramod$e6d2582358ff6950cc507271baa264b5b8280dfa\logic_normalization_parallel_tree_top
Used module:         \fp16_add
Used module:         $paramod$cf256f1e07155db3e20fb233046fedb4711c91b2\logic_normalization_scalar_engine_array
Used module:             $paramod\logic_normalization_scalar_engine\TAG_WIDTH=32'00000000000000000000000000010000
Used module:                 \fp16_mul
Used module:                 \fp16_rsqrt_lut256
Removed 0 unused modules.

11.25. Printing statistics.

=== $paramod$865746d0c425e5bff1afb43fc0ca954cd0aab93f\logic_normalization_bank_barrier ===

   Number of wires:                660
   Number of wire bits:           2145
   Number of public wires:          32
   Number of public wire bits:    1517
   Number of ports:                 26
   Number of port bits:           1451
   Number of memories:               0
   Number of memory bits:            0
   Number of processes:              0
   Number of cells:                715
     $_ANDNOT_                     115
     $_AND_                          1
     $_DFFE_PN0P_                   65
     $_DFF_PN0_                      2
     $_MUX_                         32
     $_NAND_                         3
     $_NOR_                          1
     $_NOT_                          2
     $_ORNOT_                       16
     $_OR_                         222
     $_XNOR_                        16
     $_XOR_                        240

=== $paramod$cf256f1e07155db3e20fb233046fedb4711c91b2\logic_normalization_scalar_engine_array ===

   Number of wires:                 17
   Number of wire bits:           1082
   Number of public wires:          17
   Number of public wire bits:    1082
   Number of ports:                 17
   Number of port bits:           1082
   Number of memories:               0
   Number of memory bits:            0
   Number of processes:              0
   Number of cells:                  8
     $paramod\logic_normalization_scalar_engine\TAG_WIDTH=32'00000000000000000000000000010000      8

=== $paramod$e6d2582358ff6950cc507271baa264b5b8280dfa\logic_normalization_parallel_tree_top ===

   Number of wires:               1586
   Number of wire bits:           4383
   Number of public wires:         108
   Number of public wire bits:    2894
   Number of ports:                 19
   Number of port bits:            634
   Number of memories:               0
   Number of memory bits:            0
   Number of processes:              0
   Number of cells:               2275
     $_ANDNOT_                      94
     $_AND_                        525
     $_DFFE_PN0P_                   10
     $_DFFE_PP_                    480
     $_DFF_PN0_                    201
     $_MUX_                        440
     $_NAND_                        11
     $_NOR_                          5
     $_NOT_                        416
     $_ORNOT_                        9
     $_OR_                          24
     $_XNOR_                         7
     $_XOR_                         22
     $paramod$cf256f1e07155db3e20fb233046fedb4711c91b2\logic_normalization_scalar_engine_array      1
     fp16_add                       30

=== $paramod\logic_normalization_scalar_engine\TAG_WIDTH=32'00000000000000000000000000010000 ===

   Number of wires:                129
   Number of wire bits:            448
   Number of public wires:          37
   Number of public wire bits:     354
   Number of ports:                 17
   Number of port bits:            137
   Number of memories:               0
   Number of memory bits:            0
   Number of processes:              0
   Number of cells:                256
     $_ANDNOT_                      50
     $_AND_                          4
     $_DFFE_PN0P_                  151
     $_DFF_PN0_                      1
     $_MUX_                         18
     $_NAND_                         1
     $_NOR_                          5
     $_NOT_                          2
     $_ORNOT_                        3
     $_OR_                          15
     fp16_add                        2
     fp16_mul                        3
     fp16_rsqrt_lut256               1

=== fp16_add ===

   Number of wires:               3230
   Number of wire bits:           3419
   Number of public wires:          17
   Number of public wire bits:     206
   Number of ports:                  3
   Number of port bits:             48
   Number of memories:               0
   Number of memory bits:            0
   Number of processes:              0
   Number of cells:               3229
     $_ANDNOT_                    1085
     $_AND_                         71
     $_MUX_                        678
     $_NAND_                        48
     $_NOR_                        201
     $_NOT_                        199
     $_ORNOT_                      177
     $_OR_                         284
     $_XNOR_                       141
     $_XOR_                        345

=== fp16_mul ===

   Number of wires:               4068
   Number of wire bits:           4336
   Number of public wires:          14
   Number of public wire bits:     282
   Number of ports:                  3
   Number of port bits:             48
   Number of memories:               0
   Number of memory bits:            0
   Number of processes:              0
   Number of cells:               4070
     $_ANDNOT_                     865
     $_AND_                        124
     $_MUX_                        549
     $_NAND_                       105
     $_NOR_                        345
     $_NOT_                        115
     $_ORNOT_                      312
     $_OR_                        1109
     $_XNOR_                       147
     $_XOR_                        399

=== fp16_rsqrt_lut256 ===

   Number of wires:               1758
   Number of wire bits:           1802
   Number of public wires:           8
   Number of public wire bits:      38
   Number of ports:                  8
   Number of port bits:             38
   Number of memories:               0
   Number of memory bits:            0
   Number of processes:              0
   Number of cells:               1781
     $_ANDNOT_                     525
     $_AND_                         21
     $_DFFE_PN0N_                    1
     $_DFFE_PN0P_                   15
     $_MUX_                        516
     $_NAND_                        22
     $_NOR_                        120
     $_NOT_                         80
     $_ORNOT_                       97
     $_OR_                         175
     $_XNOR_                        36
     $_XOR_                        173

=== logic_normalization_barrier_tree_top ===

   Number of wires:                 34
   Number of wire bits:           1504
   Number of public wires:          34
   Number of public wire bits:    1504
   Number of ports:                 25
   Number of port bits:            925
   Number of memories:               0
   Number of memory bits:            0
   Number of processes:              0
   Number of cells:                  2
     $paramod$865746d0c425e5bff1afb43fc0ca954cd0aab93f\logic_normalization_bank_barrier      1
     $paramod$e6d2582358ff6950cc507271baa264b5b8280dfa\logic_normalization_parallel_tree_top      1

=== design hierarchy ===

   logic_normalization_barrier_tree_top      1
     $paramod$865746d0c425e5bff1afb43fc0ca954cd0aab93f\logic_normalization_bank_barrier      1
     $paramod$e6d2582358ff6950cc507271baa264b5b8280dfa\logic_normalization_parallel_tree_top      1
       $paramod$cf256f1e07155db3e20fb233046fedb4711c91b2\logic_normalization_scalar_engine_array      1
         $paramod\logic_normalization_scalar_engine\TAG_WIDTH=32'00000000000000000000000000010000      8
           fp16_add                  2
           fp16_mul                  3
           fp16_rsqrt_lut256         1
       fp16_add                     30

   Number of wires:             263605
   Number of wire bits:         288452
   Number of public wires:        1669
   Number of public wire bits:   26377
   Number of ports:                497
   Number of port bits:           8852
   Number of memories:               0
   Number of memory bits:            0
   Number of processes:              0
   Number of cells:             265421
     $_ANDNOT_                   75479
     $_AND_                       6968
     $_DFFE_PN0N_                    8
     $_DFFE_PN0P_                 1403
     $_DFFE_PP_                    480
     $_DFF_PN0_                    211
     $_MUX_                      49108
     $_NAND_                      4926
     $_NOR_                      18532
     $_NOT_                      12988
     $_ORNOT_                    16455
     $_OR_                       41446
     $_XNOR_                     10325
     $_XOR_                      27092

11.26. Executing CHECK pass (checking for obvious problems).
Checking module $paramod$865746d0c425e5bff1afb43fc0ca954cd0aab93f\logic_normalization_bank_barrier...
Checking module $paramod$cf256f1e07155db3e20fb233046fedb4711c91b2\logic_normalization_scalar_engine_array...
Checking module $paramod$e6d2582358ff6950cc507271baa264b5b8280dfa\logic_normalization_parallel_tree_top...
Checking module $paramod\logic_normalization_scalar_engine\TAG_WIDTH=32'00000000000000000000000000010000...
Checking module fp16_add...
Checking module fp16_mul...
Checking module fp16_rsqrt_lut256...
Checking module logic_normalization_barrier_tree_top...
Found and reported 0 problems.

12. Printing statistics.

=== $paramod$865746d0c425e5bff1afb43fc0ca954cd0aab93f\logic_normalization_bank_barrier ===

   Number of wires:                660
   Number of wire bits:           2145
   Number of public wires:          32
   Number of public wire bits:    1517
   Number of ports:                 26
   Number of port bits:           1451
   Number of memories:               0
   Number of memory bits:            0
   Number of processes:              0
   Number of cells:                715
     $_ANDNOT_                     115
     $_AND_                          1
     $_DFFE_PN0P_                   65
     $_DFF_PN0_                      2
     $_MUX_                         32
     $_NAND_                         3
     $_NOR_                          1
     $_NOT_                          2
     $_ORNOT_                       16
     $_OR_                         222
     $_XNOR_                        16
     $_XOR_                        240

=== $paramod$cf256f1e07155db3e20fb233046fedb4711c91b2\logic_normalization_scalar_engine_array ===

   Number of wires:                 17
   Number of wire bits:           1082
   Number of public wires:          17
   Number of public wire bits:    1082
   Number of ports:                 17
   Number of port bits:           1082
   Number of memories:               0
   Number of memory bits:            0
   Number of processes:              0
   Number of cells:                  8
     $paramod\logic_normalization_scalar_engine\TAG_WIDTH=32'00000000000000000000000000010000      8

=== $paramod$e6d2582358ff6950cc507271baa264b5b8280dfa\logic_normalization_parallel_tree_top ===

   Number of wires:               1586
   Number of wire bits:           4383
   Number of public wires:         108
   Number of public wire bits:    2894
   Number of ports:                 19
   Number of port bits:            634
   Number of memories:               0
   Number of memory bits:            0
   Number of processes:              0
   Number of cells:               2275
     $_ANDNOT_                      94
     $_AND_                        525
     $_DFFE_PN0P_                   10
     $_DFFE_PP_                    480
     $_DFF_PN0_                    201
     $_MUX_                        440
     $_NAND_                        11
     $_NOR_                          5
     $_NOT_                        416
     $_ORNOT_                        9
     $_OR_                          24
     $_XNOR_                         7
     $_XOR_                         22
     $paramod$cf256f1e07155db3e20fb233046fedb4711c91b2\logic_normalization_scalar_engine_array      1
     fp16_add                       30

=== $paramod\logic_normalization_scalar_engine\TAG_WIDTH=32'00000000000000000000000000010000 ===

   Number of wires:                129
   Number of wire bits:            448
   Number of public wires:          37
   Number of public wire bits:     354
   Number of ports:                 17
   Number of port bits:            137
   Number of memories:               0
   Number of memory bits:            0
   Number of processes:              0
   Number of cells:                256
     $_ANDNOT_                      50
     $_AND_                          4
     $_DFFE_PN0P_                  151
     $_DFF_PN0_                      1
     $_MUX_                         18
     $_NAND_                         1
     $_NOR_                          5
     $_NOT_                          2
     $_ORNOT_                        3
     $_OR_                          15
     fp16_add                        2
     fp16_mul                        3
     fp16_rsqrt_lut256               1

=== fp16_add ===

   Number of wires:               3230
   Number of wire bits:           3419
   Number of public wires:          17
   Number of public wire bits:     206
   Number of ports:                  3
   Number of port bits:             48
   Number of memories:               0
   Number of memory bits:            0
   Number of processes:              0
   Number of cells:               3229
     $_ANDNOT_                    1085
     $_AND_                         71
     $_MUX_                        678
     $_NAND_                        48
     $_NOR_                        201
     $_NOT_                        199
     $_ORNOT_                      177
     $_OR_                         284
     $_XNOR_                       141
     $_XOR_                        345

=== fp16_mul ===

   Number of wires:               4068
   Number of wire bits:           4336
   Number of public wires:          14
   Number of public wire bits:     282
   Number of ports:                  3
   Number of port bits:             48
   Number of memories:               0
   Number of memory bits:            0
   Number of processes:              0
   Number of cells:               4070
     $_ANDNOT_                     865
     $_AND_                        124
     $_MUX_                        549
     $_NAND_                       105
     $_NOR_                        345
     $_NOT_                        115
     $_ORNOT_                      312
     $_OR_                        1109
     $_XNOR_                       147
     $_XOR_                        399

=== fp16_rsqrt_lut256 ===

   Number of wires:               1758
   Number of wire bits:           1802
   Number of public wires:           8
   Number of public wire bits:      38
   Number of ports:                  8
   Number of port bits:             38
   Number of memories:               0
   Number of memory bits:            0
   Number of processes:              0
   Number of cells:               1781
     $_ANDNOT_                     525
     $_AND_                         21
     $_DFFE_PN0N_                    1
     $_DFFE_PN0P_                   15
     $_MUX_                        516
     $_NAND_                        22
     $_NOR_                        120
     $_NOT_                         80
     $_ORNOT_                       97
     $_OR_                         175
     $_XNOR_                        36
     $_XOR_                        173

=== logic_normalization_barrier_tree_top ===

   Number of wires:                 34
   Number of wire bits:           1504
   Number of public wires:          34
   Number of public wire bits:    1504
   Number of ports:                 25
   Number of port bits:            925
   Number of memories:               0
   Number of memory bits:            0
   Number of processes:              0
   Number of cells:                  2
     $paramod$865746d0c425e5bff1afb43fc0ca954cd0aab93f\logic_normalization_bank_barrier      1
     $paramod$e6d2582358ff6950cc507271baa264b5b8280dfa\logic_normalization_parallel_tree_top      1

=== design hierarchy ===

   logic_normalization_barrier_tree_top      1
     $paramod$865746d0c425e5bff1afb43fc0ca954cd0aab93f\logic_normalization_bank_barrier      1
     $paramod$e6d2582358ff6950cc507271baa264b5b8280dfa\logic_normalization_parallel_tree_top      1
       $paramod$cf256f1e07155db3e20fb233046fedb4711c91b2\logic_normalization_scalar_engine_array      1
         $paramod\logic_normalization_scalar_engine\TAG_WIDTH=32'00000000000000000000000000010000      8
           fp16_add                  2
           fp16_mul                  3
           fp16_rsqrt_lut256         1
       fp16_add                     30

   Number of wires:             263605
   Number of wire bits:         288452
   Number of public wires:        1669
   Number of public wire bits:   26377
   Number of ports:                497
   Number of port bits:           8852
   Number of memories:               0
   Number of memory bits:            0
   Number of processes:              0
   Number of cells:             265421
     $_ANDNOT_                   75479
     $_AND_                       6968
     $_DFFE_PN0N_                    8
     $_DFFE_PN0P_                 1403
     $_DFFE_PP_                    480
     $_DFF_PN0_                    211
     $_MUX_                      49108
     $_NAND_                      4926
     $_NOR_                      18532
     $_NOT_                      12988
     $_ORNOT_                    16455
     $_OR_                       41446
     $_XNOR_                     10325
     $_XOR_                      27092

13. Executing CHECK pass (checking for obvious problems).
Checking module $paramod$865746d0c425e5bff1afb43fc0ca954cd0aab93f\logic_normalization_bank_barrier...
Checking module $paramod$cf256f1e07155db3e20fb233046fedb4711c91b2\logic_normalization_scalar_engine_array...
Checking module $paramod$e6d2582358ff6950cc507271baa264b5b8280dfa\logic_normalization_parallel_tree_top...
Checking module $paramod\logic_normalization_scalar_engine\TAG_WIDTH=32'00000000000000000000000000010000...
Checking module fp16_add...
Checking module fp16_mul...
Checking module fp16_rsqrt_lut256...
Checking module logic_normalization_barrier_tree_top...
Found and reported 0 problems.

Warnings: 4 unique messages, 8 total
End of script. Logfile hash: 1322befb50, CPU: user 13.65s system 1.15s, MEM: 207.32 MB peak
Yosys 0.52 (git sha1 fee39a3284c90249e1d9684cf6944ffbbcbb8f90)
Time spent: 17% 132x opt_expr (3 sec), 16% 1x abc (2 sec), ...
