scenario,case,ordinal,profile_id,arrival_ns,completion_ns,latency_ns,queue_ns,service_ns
low,gpu_full,0,vlln,0.0,300045.952,300045.952,0.0,300045.952
low,gpu_full,1,vl_self_attention_norm1_norm3,250000.0,595091.904,345091.904,45045.952,300045.952
low,gpu_full,2,vl_self_attention_norm1_norm3,500000.0,890137.856,390137.856,90091.904,300045.952
low,gpu_full,3,vl_self_attention_norm1_norm3,750000.0,1185183.808,435183.808,135137.856,300045.952
low,gpu_full,4,vl_self_attention_norm1_norm3,1000000.0,1480229.76,480229.76,180183.808,300045.952
low,gpu_full,5,vl_self_attention_norm1_norm3,1250000.0,1775275.712,525275.712,225229.76,300045.952
low,gpu_full,6,vl_self_attention_norm1_norm3,1500000.0,2070321.664,570321.664,270275.712,300045.952
low,gpu_full,7,vl_self_attention_norm1_norm3,1750000.0,2365367.616,615367.616,315321.664,300045.952
low,gpu_full,8,vl_self_attention_norm1_norm3,2000000.0,2660413.568,660413.568,360367.616,300045.952
low,gpu_full,9,dit_adaln_norm1,2250000.0,2728893.376,478893.376,405413.568,73479.808
low,gpu_full,10,dit_adaln_norm1,2500000.0,2797373.184,297373.184,223893.376,73479.808
low,gpu_full,11,dit_adaln_norm1,2750000.0,2865852.992,115852.992,42373.184,73479.808
low,gpu_full,12,dit_adaln_norm1,3000000.0,3073479.808,73479.808,0.0,73479.808
low,gpu_full,13,dit_adaln_norm1,3250000.0,3323479.808,73479.808,0.0,73479.808
low,gpu_full,14,dit_adaln_norm1,3500000.0,3573479.808,73479.808,0.0,73479.808
low,gpu_full,15,dit_adaln_norm1,3750000.0,3823479.808,73479.808,0.0,73479.808
low,gpu_full,16,dit_adaln_norm1,4000000.0,4073479.808,73479.808,0.0,73479.808
low,gpu_full,17,dit_adaln_norm1,4250000.0,4323479.808,73479.808,0.0,73479.808
low,gpu_full,18,dit_adaln_norm1,4500000.0,4573479.808,73479.808,0.0,73479.808
low,gpu_full,19,dit_adaln_norm1,4750000.0,4823479.808,73479.808,0.0,73479.808
low,gpu_full,20,dit_adaln_norm1,5000000.0,5073479.808,73479.808,0.0,73479.808
low,gpu_full,21,dit_adaln_norm1,5250000.0,5323479.808,73479.808,0.0,73479.808
low,gpu_full,22,dit_adaln_norm1,5500000.0,5573479.808,73479.808,0.0,73479.808
low,gpu_full,23,dit_adaln_norm1,5750000.0,5823479.808,73479.808,0.0,73479.808
low,gpu_full,24,dit_adaln_norm1,6000000.0,6073479.808,73479.808,0.0,73479.808
low,gpu_full,25,dit_adaln_norm1,6250000.0,6323479.808,73479.808,0.0,73479.808
low,gpu_full,26,dit_adaln_norm1,6500000.0,6573479.808,73479.808,0.0,73479.808
low,gpu_full,27,dit_adaln_norm1,6750000.0,6823479.808,73479.808,0.0,73479.808
low,gpu_full,28,dit_adaln_norm1,7000000.0,7073479.808,73479.808,0.0,73479.808
low,gpu_full,29,dit_adaln_norm1,7250000.0,7323479.808,73479.808,0.0,73479.808
low,gpu_full,30,dit_adaln_norm1,7500000.0,7573479.808,73479.808,0.0,73479.808
low,gpu_full,31,dit_adaln_norm1,7750000.0,7823479.808,73479.808,0.0,73479.808
low,gpu_full,32,dit_adaln_norm1,8000000.0,8073479.808,73479.808,0.0,73479.808
low,gpu_full,33,dit_adaln_norm1,8250000.0,8323479.808,73479.808,0.0,73479.808
low,gpu_full,34,dit_adaln_norm1,8500000.0,8573479.808,73479.808,0.0,73479.808
low,gpu_full,35,dit_adaln_norm1,8750000.0,8823479.808,73479.808,0.0,73479.808
low,gpu_full,36,dit_adaln_norm1,9000000.0,9073479.808,73479.808,0.0,73479.808
low,gpu_full,37,dit_adaln_norm1,9250000.0,9323479.808,73479.808,0.0,73479.808
low,gpu_full,38,dit_adaln_norm1,9500000.0,9573479.808,73479.808,0.0,73479.808
low,gpu_full,39,dit_adaln_norm1,9750000.0,9823479.808,73479.808,0.0,73479.808
low,gpu_full,40,dit_adaln_norm1,10000000.0,10073479.808,73479.808,0.0,73479.808
low,gpu_full,41,dit_adaln_norm1,10250000.0,10323479.808,73479.808,0.0,73479.808
low,gpu_full,42,dit_adaln_norm1,10500000.0,10573479.808,73479.808,0.0,73479.808
low,gpu_full,43,dit_adaln_norm1,10750000.0,10823479.808,73479.808,0.0,73479.808
low,gpu_full,44,dit_adaln_norm1,11000000.0,11073479.808,73479.808,0.0,73479.808
low,gpu_full,45,dit_adaln_norm1,11250000.0,11323479.808,73479.808,0.0,73479.808
low,gpu_full,46,dit_adaln_norm1,11500000.0,11573479.808,73479.808,0.0,73479.808
low,gpu_full,47,dit_adaln_norm1,11750000.0,11823479.808,73479.808,0.0,73479.808
low,gpu_full,48,dit_adaln_norm1,12000000.0,12073479.808,73479.808,0.0,73479.808
low,gpu_full,49,dit_adaln_norm1,12250000.0,12323479.808,73479.808,0.0,73479.808
low,gpu_full,50,dit_adaln_norm1,12500000.0,12573479.808,73479.808,0.0,73479.808
low,gpu_full,51,dit_adaln_norm1,12750000.0,12823479.808,73479.808,0.0,73479.808
low,gpu_full,52,dit_adaln_norm1,13000000.0,13073479.808,73479.808,0.0,73479.808
low,gpu_full,53,dit_adaln_norm1,13250000.0,13323479.808,73479.808,0.0,73479.808
low,gpu_full,54,dit_adaln_norm1,13500000.0,13573479.808,73479.808,0.0,73479.808
low,gpu_full,55,dit_adaln_norm1,13750000.0,13823479.808,73479.808,0.0,73479.808
low,gpu_full,56,dit_adaln_norm1,14000000.0,14073479.808,73479.808,0.0,73479.808
low,gpu_full,57,dit_adaln_norm1,14250000.0,14323479.808,73479.808,0.0,73479.808
low,gpu_full,58,dit_adaln_norm1,14500000.0,14573479.808,73479.808,0.0,73479.808
low,gpu_full,59,dit_adaln_norm1,14750000.0,14823479.808,73479.808,0.0,73479.808
low,gpu_full,60,dit_adaln_norm1,15000000.0,15073479.808,73479.808,0.0,73479.808
low,gpu_full,61,dit_adaln_norm1,15250000.0,15323479.808,73479.808,0.0,73479.808
low,gpu_full,62,dit_adaln_norm1,15500000.0,15573479.808,73479.808,0.0,73479.808
low,gpu_full,63,dit_adaln_norm1,15750000.0,15823479.808,73479.808,0.0,73479.808
low,gpu_full,64,dit_adaln_norm1,16000000.0,16073479.808,73479.808,0.0,73479.808
low,gpu_full,65,dit_adaln_norm1,16250000.0,16323479.808,73479.808,0.0,73479.808
low,gpu_full,66,dit_adaln_norm1,16500000.0,16573479.808,73479.808,0.0,73479.808
low,gpu_full,67,dit_adaln_norm1,16750000.0,16823479.808,73479.808,0.0,73479.808
low,gpu_full,68,dit_adaln_norm1,17000000.0,17073479.808,73479.808,0.0,73479.808
low,gpu_full,69,dit_adaln_norm1,17250000.0,17323479.808,73479.808,0.0,73479.808
low,gpu_full,70,dit_adaln_norm1,17500000.0,17573479.808,73479.808,0.0,73479.808
low,gpu_full,71,dit_adaln_norm1,17750000.0,17823479.808,73479.808,0.0,73479.808
low,gpu_full,72,dit_adaln_norm1,18000000.0,18073479.808,73479.808,0.0,73479.808
low,gpu_full,73,dit_adaln_norm1,18250000.0,18323479.808,73479.808,0.0,73479.808
low,gpu_full,74,dit_adaln_norm1,18500000.0,18573479.808,73479.808,0.0,73479.808
low,gpu_full,75,dit_adaln_norm1,18750000.0,18823479.808,73479.808,0.0,73479.808
low,gpu_full,76,dit_adaln_norm1,19000000.0,19073479.808,73479.808,0.0,73479.808
low,gpu_full,77,dit_adaln_norm1,19250000.0,19323479.808,73479.808,0.0,73479.808
low,gpu_full,78,dit_adaln_norm1,19500000.0,19573479.808,73479.808,0.0,73479.808
low,gpu_full,79,dit_adaln_norm1,19750000.0,19823479.808,73479.808,0.0,73479.808
low,gpu_full,80,dit_adaln_norm1,20000000.0,20073479.808,73479.808,0.0,73479.808
low,gpu_full,81,dit_adaln_norm1,20250000.0,20323479.808,73479.808,0.0,73479.808
low,gpu_full,82,dit_adaln_norm1,20500000.0,20573479.808,73479.808,0.0,73479.808
low,gpu_full,83,dit_adaln_norm1,20750000.0,20823479.808,73479.808,0.0,73479.808
low,gpu_full,84,dit_adaln_norm1,21000000.0,21073479.808,73479.808,0.0,73479.808
low,gpu_full,85,dit_adaln_norm1,21250000.0,21323479.808,73479.808,0.0,73479.808
low,gpu_full,86,dit_adaln_norm1,21500000.0,21573479.808,73479.808,0.0,73479.808
low,gpu_full,87,dit_adaln_norm1,21750000.0,21823479.808,73479.808,0.0,73479.808
low,gpu_full,88,dit_adaln_norm1,22000000.0,22073479.808,73479.808,0.0,73479.808
low,gpu_full,89,dit_adaln_norm1,22250000.0,22323479.808,73479.808,0.0,73479.808
low,gpu_full,90,dit_adaln_norm1,22500000.0,22573479.808,73479.808,0.0,73479.808
low,gpu_full,91,dit_adaln_norm1,22750000.0,22823479.808,73479.808,0.0,73479.808
low,gpu_full,92,dit_adaln_norm1,23000000.0,23073479.808,73479.808,0.0,73479.808
low,gpu_full,93,dit_adaln_norm1,23250000.0,23323479.808,73479.808,0.0,73479.808
low,gpu_full,94,dit_adaln_norm1,23500000.0,23573479.808,73479.808,0.0,73479.808
low,gpu_full,95,dit_adaln_norm1,23750000.0,23823479.808,73479.808,0.0,73479.808
low,gpu_full,96,dit_adaln_norm1,24000000.0,24073479.808,73479.808,0.0,73479.808
low,gpu_full,97,dit_adaln_norm1,24250000.0,24323479.808,73479.808,0.0,73479.808
low,gpu_full,98,dit_adaln_norm1,24500000.0,24573479.808,73479.808,0.0,73479.808
low,gpu_full,99,dit_adaln_norm1,24750000.0,24823479.808,73479.808,0.0,73479.808
low,gpu_full,100,dit_adaln_norm1,25000000.0,25073479.808,73479.808,0.0,73479.808
low,gpu_full,101,dit_adaln_norm1,25250000.0,25323479.808,73479.808,0.0,73479.808
low,gpu_full,102,dit_adaln_norm1,25500000.0,25573479.808,73479.808,0.0,73479.808
low,gpu_full,103,dit_adaln_norm1,25750000.0,25823479.808,73479.808,0.0,73479.808
low,gpu_full,104,dit_adaln_norm1,26000000.0,26073479.808,73479.808,0.0,73479.808
low,gpu_full,105,dit_adaln_norm1,26250000.0,26323479.808,73479.808,0.0,73479.808
low,gpu_full,106,dit_adaln_norm1,26500000.0,26573479.808,73479.808,0.0,73479.808
low,gpu_full,107,dit_adaln_norm1,26750000.0,26823479.808,73479.808,0.0,73479.808
low,gpu_full,108,dit_adaln_norm1,27000000.0,27073479.808,73479.808,0.0,73479.808
low,gpu_full,109,dit_adaln_norm1,27250000.0,27323479.808,73479.808,0.0,73479.808
low,gpu_full,110,dit_adaln_norm1,27500000.0,27573479.808,73479.808,0.0,73479.808
low,gpu_full,111,dit_adaln_norm1,27750000.0,27823479.808,73479.808,0.0,73479.808
low,gpu_full,112,dit_adaln_norm1,28000000.0,28073479.808,73479.808,0.0,73479.808
low,gpu_full,113,dit_adaln_norm1,28250000.0,28323479.808,73479.808,0.0,73479.808
low,gpu_full,114,dit_adaln_norm1,28500000.0,28573479.808,73479.808,0.0,73479.808
low,gpu_full,115,dit_adaln_norm1,28750000.0,28823479.808,73479.808,0.0,73479.808
low,gpu_full,116,dit_adaln_norm1,29000000.0,29073479.808,73479.808,0.0,73479.808
low,gpu_full,117,dit_adaln_norm1,29250000.0,29323479.808,73479.808,0.0,73479.808
low,gpu_full,118,dit_adaln_norm1,29500000.0,29573479.808,73479.808,0.0,73479.808
low,gpu_full,119,dit_adaln_norm1,29750000.0,29823479.808,73479.808,0.0,73479.808
low,gpu_full,120,dit_adaln_norm1,30000000.0,30073479.808,73479.808,0.0,73479.808
low,gpu_full,121,dit_adaln_norm1,30250000.0,30323479.808,73479.808,0.0,73479.808
low,gpu_full,122,dit_adaln_norm1,30500000.0,30573479.808,73479.808,0.0,73479.808
low,gpu_full,123,dit_adaln_norm1,30750000.0,30823479.808,73479.808,0.0,73479.808
low,gpu_full,124,dit_adaln_norm1,31000000.0,31073479.808,73479.808,0.0,73479.808
low,gpu_full,125,dit_adaln_norm1,31250000.0,31323479.808,73479.808,0.0,73479.808
low,gpu_full,126,dit_adaln_norm1,31500000.0,31573479.808,73479.808,0.0,73479.808
low,gpu_full,127,dit_adaln_norm1,31750000.0,31823479.808,73479.808,0.0,73479.808
low,gpu_full,128,dit_adaln_norm1,32000000.0,32073479.808,73479.808,0.0,73479.808
low,gpu_full,129,dit_adaln_norm1,32250000.0,32323479.808,73479.808,0.0,73479.808
low,gpu_full,130,dit_adaln_norm1,32500000.0,32573479.808,73479.808,0.0,73479.808
low,gpu_full,131,dit_adaln_norm1,32750000.0,32823479.808,73479.808,0.0,73479.808
low,gpu_full,132,dit_adaln_norm1,33000000.0,33073479.808,73479.808,0.0,73479.808
low,gpu_full,133,dit_adaln_norm1,33250000.0,33323479.808,73479.808,0.0,73479.808
low,gpu_full,134,dit_adaln_norm1,33500000.0,33573479.808,73479.808,0.0,73479.808
low,gpu_full,135,dit_adaln_norm1,33750000.0,33823479.808,73479.808,0.0,73479.808
low,gpu_full,136,dit_adaln_norm1,34000000.0,34073479.808,73479.808,0.0,73479.808
low,gpu_full,137,dit_norm3,34250000.0,34291739.904,41739.904,0.0,41739.904
low,gpu_full,138,dit_norm3,34500000.0,34541739.904,41739.904,0.0,41739.904
low,gpu_full,139,dit_norm3,34750000.0,34791739.904,41739.904,0.0,41739.904
low,gpu_full,140,dit_norm3,35000000.0,35041739.904,41739.904,0.0,41739.904
low,gpu_full,141,dit_norm3,35250000.0,35291739.904,41739.904,0.0,41739.904
low,gpu_full,142,dit_norm3,35500000.0,35541739.904,41739.904,0.0,41739.904
low,gpu_full,143,dit_norm3,35750000.0,35791739.904,41739.904,0.0,41739.904
low,gpu_full,144,dit_norm3,36000000.0,36041739.904,41739.904,0.0,41739.904
low,gpu_full,145,dit_norm3,36250000.0,36291739.904,41739.904,0.0,41739.904
low,gpu_full,146,dit_norm3,36500000.0,36541739.904,41739.904,0.0,41739.904
low,gpu_full,147,dit_norm3,36750000.0,36791739.904,41739.904,0.0,41739.904
low,gpu_full,148,dit_norm3,37000000.0,37041739.904,41739.904,0.0,41739.904
low,gpu_full,149,dit_norm3,37250000.0,37291739.904,41739.904,0.0,41739.904
low,gpu_full,150,dit_norm3,37500000.0,37541739.904,41739.904,0.0,41739.904
low,gpu_full,151,dit_norm3,37750000.0,37791739.904,41739.904,0.0,41739.904
low,gpu_full,152,dit_norm3,38000000.0,38041739.904,41739.904,0.0,41739.904
low,gpu_full,153,dit_norm3,38250000.0,38291739.904,41739.904,0.0,41739.904
low,gpu_full,154,dit_norm3,38500000.0,38541739.904,41739.904,0.0,41739.904
low,gpu_full,155,dit_norm3,38750000.0,38791739.904,41739.904,0.0,41739.904
low,gpu_full,156,dit_norm3,39000000.0,39041739.904,41739.904,0.0,41739.904
low,gpu_full,157,dit_norm3,39250000.0,39291739.904,41739.904,0.0,41739.904
low,gpu_full,158,dit_norm3,39500000.0,39541739.904,41739.904,0.0,41739.904
low,gpu_full,159,dit_norm3,39750000.0,39791739.904,41739.904,0.0,41739.904
low,gpu_full,160,dit_norm3,40000000.0,40041739.904,41739.904,0.0,41739.904
low,gpu_full,161,dit_norm3,40250000.0,40291739.904,41739.904,0.0,41739.904
low,gpu_full,162,dit_norm3,40500000.0,40541739.904,41739.904,0.0,41739.904
low,gpu_full,163,dit_norm3,40750000.0,40791739.904,41739.904,0.0,41739.904
low,gpu_full,164,dit_norm3,41000000.0,41041739.904,41739.904,0.0,41739.904
low,gpu_full,165,dit_norm3,41250000.0,41291739.904,41739.904,0.0,41739.904
low,gpu_full,166,dit_norm3,41500000.0,41541739.904,41739.904,0.0,41739.904
low,gpu_full,167,dit_norm3,41750000.0,41791739.904,41739.904,0.0,41739.904
low,gpu_full,168,dit_norm3,42000000.0,42041739.904,41739.904,0.0,41739.904
low,gpu_full,169,dit_norm3,42250000.0,42291739.904,41739.904,0.0,41739.904
low,gpu_full,170,dit_norm3,42500000.0,42541739.904,41739.904,0.0,41739.904
low,gpu_full,171,dit_norm3,42750000.0,42791739.904,41739.904,0.0,41739.904
low,gpu_full,172,dit_norm3,43000000.0,43041739.904,41739.904,0.0,41739.904
low,gpu_full,173,dit_norm3,43250000.0,43291739.904,41739.904,0.0,41739.904
low,gpu_full,174,dit_norm3,43500000.0,43541739.904,41739.904,0.0,41739.904
low,gpu_full,175,dit_norm3,43750000.0,43791739.904,41739.904,0.0,41739.904
low,gpu_full,176,dit_norm3,44000000.0,44041739.904,41739.904,0.0,41739.904
low,gpu_full,177,dit_norm3,44250000.0,44291739.904,41739.904,0.0,41739.904
low,gpu_full,178,dit_norm3,44500000.0,44541739.904,41739.904,0.0,41739.904
low,gpu_full,179,dit_norm3,44750000.0,44791739.904,41739.904,0.0,41739.904
low,gpu_full,180,dit_norm3,45000000.0,45041739.904,41739.904,0.0,41739.904
low,gpu_full,181,dit_norm3,45250000.0,45291739.904,41739.904,0.0,41739.904
low,gpu_full,182,dit_norm3,45500000.0,45541739.904,41739.904,0.0,41739.904
low,gpu_full,183,dit_norm3,45750000.0,45791739.904,41739.904,0.0,41739.904
low,gpu_full,184,dit_norm3,46000000.0,46041739.904,41739.904,0.0,41739.904
low,gpu_full,185,dit_norm3,46250000.0,46291739.904,41739.904,0.0,41739.904
low,gpu_full,186,dit_norm3,46500000.0,46541739.904,41739.904,0.0,41739.904
low,gpu_full,187,dit_norm3,46750000.0,46791739.904,41739.904,0.0,41739.904
low,gpu_full,188,dit_norm3,47000000.0,47041739.904,41739.904,0.0,41739.904
low,gpu_full,189,dit_norm3,47250000.0,47291739.904,41739.904,0.0,41739.904
low,gpu_full,190,dit_norm3,47500000.0,47541739.904,41739.904,0.0,41739.904
low,gpu_full,191,dit_norm3,47750000.0,47791739.904,41739.904,0.0,41739.904
low,gpu_full,192,dit_norm3,48000000.0,48041739.904,41739.904,0.0,41739.904
low,gpu_full,193,dit_norm3,48250000.0,48291739.904,41739.904,0.0,41739.904
low,gpu_full,194,dit_norm3,48500000.0,48541739.904,41739.904,0.0,41739.904
low,gpu_full,195,dit_norm3,48750000.0,48791739.904,41739.904,0.0,41739.904
low,gpu_full,196,dit_norm3,49000000.0,49041739.904,41739.904,0.0,41739.904
low,gpu_full,197,dit_norm3,49250000.0,49291739.904,41739.904,0.0,41739.904
low,gpu_full,198,dit_norm3,49500000.0,49541739.904,41739.904,0.0,41739.904
low,gpu_full,199,dit_norm3,49750000.0,49791739.904,41739.904,0.0,41739.904
low,gpu_full,200,dit_norm3,50000000.0,50041739.904,41739.904,0.0,41739.904
low,gpu_full,201,dit_norm3,50250000.0,50291739.904,41739.904,0.0,41739.904
low,gpu_full,202,dit_norm3,50500000.0,50541739.904,41739.904,0.0,41739.904
low,gpu_full,203,dit_norm3,50750000.0,50791739.904,41739.904,0.0,41739.904
low,gpu_full,204,dit_norm3,51000000.0,51041739.904,41739.904,0.0,41739.904
low,gpu_full,205,dit_norm3,51250000.0,51291739.904,41739.904,0.0,41739.904
low,gpu_full,206,dit_norm3,51500000.0,51541739.904,41739.904,0.0,41739.904
low,gpu_full,207,dit_norm3,51750000.0,51791739.904,41739.904,0.0,41739.904
low,gpu_full,208,dit_norm3,52000000.0,52041739.904,41739.904,0.0,41739.904
low,gpu_full,209,dit_norm3,52250000.0,52291739.904,41739.904,0.0,41739.904
low,gpu_full,210,dit_norm3,52500000.0,52541739.904,41739.904,0.0,41739.904
low,gpu_full,211,dit_norm3,52750000.0,52791739.904,41739.904,0.0,41739.904
low,gpu_full,212,dit_norm3,53000000.0,53041739.904,41739.904,0.0,41739.904
low,gpu_full,213,dit_norm3,53250000.0,53291739.904,41739.904,0.0,41739.904
low,gpu_full,214,dit_norm3,53500000.0,53541739.904,41739.904,0.0,41739.904
low,gpu_full,215,dit_norm3,53750000.0,53791739.904,41739.904,0.0,41739.904
low,gpu_full,216,dit_norm3,54000000.0,54041739.904,41739.904,0.0,41739.904
low,gpu_full,217,dit_norm3,54250000.0,54291739.904,41739.904,0.0,41739.904
low,gpu_full,218,dit_norm3,54500000.0,54541739.904,41739.904,0.0,41739.904
low,gpu_full,219,dit_norm3,54750000.0,54791739.904,41739.904,0.0,41739.904
low,gpu_full,220,dit_norm3,55000000.0,55041739.904,41739.904,0.0,41739.904
low,gpu_full,221,dit_norm3,55250000.0,55291739.904,41739.904,0.0,41739.904
low,gpu_full,222,dit_norm3,55500000.0,55541739.904,41739.904,0.0,41739.904
low,gpu_full,223,dit_norm3,55750000.0,55791739.904,41739.904,0.0,41739.904
low,gpu_full,224,dit_norm3,56000000.0,56041739.904,41739.904,0.0,41739.904
low,gpu_full,225,dit_norm3,56250000.0,56291739.904,41739.904,0.0,41739.904
low,gpu_full,226,dit_norm3,56500000.0,56541739.904,41739.904,0.0,41739.904
low,gpu_full,227,dit_norm3,56750000.0,56791739.904,41739.904,0.0,41739.904
low,gpu_full,228,dit_norm3,57000000.0,57041739.904,41739.904,0.0,41739.904
low,gpu_full,229,dit_norm3,57250000.0,57291739.904,41739.904,0.0,41739.904
low,gpu_full,230,dit_norm3,57500000.0,57541739.904,41739.904,0.0,41739.904
low,gpu_full,231,dit_norm3,57750000.0,57791739.904,41739.904,0.0,41739.904
low,gpu_full,232,dit_norm3,58000000.0,58041739.904,41739.904,0.0,41739.904
low,gpu_full,233,dit_norm3,58250000.0,58291739.904,41739.904,0.0,41739.904
low,gpu_full,234,dit_norm3,58500000.0,58541739.904,41739.904,0.0,41739.904
low,gpu_full,235,dit_norm3,58750000.0,58791739.904,41739.904,0.0,41739.904
low,gpu_full,236,dit_norm3,59000000.0,59041739.904,41739.904,0.0,41739.904
low,gpu_full,237,dit_norm3,59250000.0,59291739.904,41739.904,0.0,41739.904
low,gpu_full,238,dit_norm3,59500000.0,59541739.904,41739.904,0.0,41739.904
low,gpu_full,239,dit_norm3,59750000.0,59791739.904,41739.904,0.0,41739.904
low,gpu_full,240,dit_norm3,60000000.0,60041739.904,41739.904,0.0,41739.904
low,gpu_full,241,dit_norm3,60250000.0,60291739.904,41739.904,0.0,41739.904
low,gpu_full,242,dit_norm3,60500000.0,60541739.904,41739.904,0.0,41739.904
low,gpu_full,243,dit_norm3,60750000.0,60791739.904,41739.904,0.0,41739.904
low,gpu_full,244,dit_norm3,61000000.0,61041739.904,41739.904,0.0,41739.904
low,gpu_full,245,dit_norm3,61250000.0,61291739.904,41739.904,0.0,41739.904
low,gpu_full,246,dit_norm3,61500000.0,61541739.904,41739.904,0.0,41739.904
low,gpu_full,247,dit_norm3,61750000.0,61791739.904,41739.904,0.0,41739.904
low,gpu_full,248,dit_norm3,62000000.0,62041739.904,41739.904,0.0,41739.904
low,gpu_full,249,dit_norm3,62250000.0,62291739.904,41739.904,0.0,41739.904
low,gpu_full,250,dit_norm3,62500000.0,62541739.904,41739.904,0.0,41739.904
low,gpu_full,251,dit_norm3,62750000.0,62791739.904,41739.904,0.0,41739.904
low,gpu_full,252,dit_norm3,63000000.0,63041739.904,41739.904,0.0,41739.904
low,gpu_full,253,dit_norm3,63250000.0,63291739.904,41739.904,0.0,41739.904
low,gpu_full,254,dit_norm3,63500000.0,63541739.904,41739.904,0.0,41739.904
low,gpu_full,255,dit_norm3,63750000.0,63791739.904,41739.904,0.0,41739.904
low,gpu_full,256,dit_norm3,64000000.0,64041739.904,41739.904,0.0,41739.904
low,gpu_full,257,dit_norm3,64250000.0,64291739.904,41739.904,0.0,41739.904
low,gpu_full,258,dit_norm3,64500000.0,64541739.904,41739.904,0.0,41739.904
low,gpu_full,259,dit_norm3,64750000.0,64791739.904,41739.904,0.0,41739.904
low,gpu_full,260,dit_norm3,65000000.0,65041739.904,41739.904,0.0,41739.904
low,gpu_full,261,dit_norm3,65250000.0,65291739.904,41739.904,0.0,41739.904
low,gpu_full,262,dit_norm3,65500000.0,65541739.904,41739.904,0.0,41739.904
low,gpu_full,263,dit_norm3,65750000.0,65791739.904,41739.904,0.0,41739.904
low,gpu_full,264,dit_norm3,66000000.0,66041739.904,41739.904,0.0,41739.904
low,gpu_full,265,dit_norm_out,66250000.0,66292514.048,42514.048,0.0,42514.048
low,gpu_full,266,dit_norm_out,66500000.0,66542514.048,42514.048,0.0,42514.048
low,gpu_full,267,dit_norm_out,66750000.0,66792514.048,42514.048,0.0,42514.048
low,gpu_full,268,dit_norm_out,67000000.0,67042514.048,42514.048,0.0,42514.048
low,gpu_full,269,qwen_input_post_attention,67250000.0,67549529.856,299529.856,0.0,299529.856
low,gpu_full,270,qwen_input_post_attention,67500000.0,67844059.712,344059.712,44529.856,299529.856
low,gpu_full,271,qwen_input_post_attention,67750000.0,68138589.568,388589.568,89059.712,299529.856
low,gpu_full,272,qwen_input_post_attention,68000000.0,68433119.424,433119.424,133589.568,299529.856
low,gpu_full,273,qwen_input_post_attention,68250000.0,68727649.28,477649.28,178119.424,299529.856
low,gpu_full,274,qwen_input_post_attention,68500000.0,69022179.136,522179.136,222649.28,299529.856
low,gpu_full,275,qwen_input_post_attention,68750000.0,69316708.992,566708.992,267179.136,299529.856
low,gpu_full,276,qwen_input_post_attention,69000000.0,69611238.848,611238.848,311708.992,299529.856
low,gpu_full,277,qwen_input_post_attention,69250000.0,69905768.704,655768.704,356238.848,299529.856
low,gpu_full,278,qwen_input_post_attention,69500000.0,70200298.56,700298.56,400768.704,299529.856
low,gpu_full,279,qwen_input_post_attention,69750000.0,70494828.416,744828.416,445298.56,299529.856
low,gpu_full,280,qwen_input_post_attention,70000000.0,70789358.272,789358.272,489828.416,299529.856
low,gpu_full,281,qwen_input_post_attention,70250000.0,71083888.128,833888.128,534358.272,299529.856
low,gpu_full,282,qwen_input_post_attention,70500000.0,71378417.984,878417.984,578888.128,299529.856
low,gpu_full,283,qwen_input_post_attention,70750000.0,71672947.84,922947.84,623417.984,299529.856
low,gpu_full,284,qwen_input_post_attention,71000000.0,71967477.696,967477.696,667947.84,299529.856
low,gpu_full,285,qwen_input_post_attention,71250000.0,72262007.552,1012007.552,712477.696,299529.856
low,gpu_full,286,qwen_input_post_attention,71500000.0,72556537.408,1056537.408,757007.552,299529.856
low,gpu_full,287,qwen_input_post_attention,71750000.0,72851067.264,1101067.264,801537.408,299529.856
low,gpu_full,288,qwen_input_post_attention,72000000.0,73145597.12,1145597.12,846067.264,299529.856
low,gpu_full,289,qwen_input_post_attention,72250000.0,73440126.976,1190126.976,890597.12,299529.856
low,gpu_full,290,qwen_input_post_attention,72500000.0,73734656.832,1234656.832,935126.976,299529.856
low,gpu_full,291,qwen_input_post_attention,72750000.0,74029186.688,1279186.688,979656.832,299529.856
low,gpu_full,292,qwen_input_post_attention,73000000.0,74323716.544,1323716.544,1024186.688,299529.856
low,gpu_full,293,qwen_input_post_attention,73250000.0,74618246.4,1368246.4,1068716.544,299529.856
low,gpu_full,294,qwen_input_post_attention,73500000.0,74912776.256,1412776.256,1113246.4,299529.856
low,gpu_full,295,qwen_input_post_attention,73750000.0,75207306.112,1457306.112,1157776.256,299529.856
low,gpu_full,296,qwen_input_post_attention,74000000.0,75501835.968,1501835.968,1202306.112,299529.856
low,gpu_full,297,qwen_input_post_attention,74250000.0,75796365.824,1546365.824,1246835.968,299529.856
low,gpu_full,298,qwen_input_post_attention,74500000.0,76090895.68,1590895.68,1291365.824,299529.856
low,gpu_full,299,qwen_input_post_attention,74750000.0,76385425.536,1635425.536,1335895.68,299529.856
low,gpu_full,300,qwen_input_post_attention,75000000.0,76679955.392,1679955.392,1380425.536,299529.856
low,gpu_full,301,qwen_query_key,75250000.0,76973985.28,1723985.28,1424955.392,299029.888
low,gpu_full,302,qwen_query_key,75500000.0,77268015.168,1768015.168,1468985.28,299029.888
low,gpu_full,303,qwen_query_key,75750000.0,77562045.056,1812045.056,1513015.168,299029.888
low,gpu_full,304,qwen_query_key,76000000.0,77856074.944,1856074.944,1557045.056,299029.888
low,gpu_full,305,qwen_query_key,76250000.0,78150104.832,1900104.832,1601074.944,299029.888
low,gpu_full,306,qwen_query_key,76500000.0,78444134.72,1944134.72,1645104.832,299029.888
low,gpu_full,307,qwen_query_key,76750000.0,78738164.608,1988164.608,1689134.72,299029.888
low,gpu_full,308,qwen_query_key,77000000.0,79032194.496,2032194.496,1733164.608,299029.888
low,gpu_full,309,qwen_query_key,77250000.0,79326224.384,2076224.384,1777194.496,299029.888
low,gpu_full,310,qwen_query_key,77500000.0,79620254.272,2120254.272,1821224.384,299029.888
low,gpu_full,311,qwen_query_key,77750000.0,79914284.16,2164284.16,1865254.272,299029.888
low,gpu_full,312,qwen_query_key,78000000.0,80208314.048,2208314.048,1909284.16,299029.888
low,gpu_full,313,qwen_query_key,78250000.0,80502343.936,2252343.936,1953314.048,299029.888
low,gpu_full,314,qwen_query_key,78500000.0,80796373.824,2296373.824,1997343.936,299029.888
low,gpu_full,315,qwen_query_key,78750000.0,81090403.712,2340403.712,2041373.824,299029.888
low,gpu_full,316,qwen_query_key,79000000.0,81384433.6,2384433.6,2085403.712,299029.888
low,gpu_full,317,qwen_query_key,79250000.0,81678463.488,2428463.488,2129433.6,299029.888
low,gpu_full,318,qwen_query_key,79500000.0,81972493.376,2472493.376,2173463.488,299029.888
low,gpu_full,319,qwen_query_key,79750000.0,82266523.264,2516523.264,2217493.376,299029.888
low,gpu_full,320,qwen_query_key,80000000.0,82560553.152,2560553.152,2261523.264,299029.888
low,gpu_full,321,qwen_query_key,80250000.0,82854583.04,2604583.04,2305553.152,299029.888
low,gpu_full,322,qwen_query_key,80500000.0,83148612.928,2648612.928,2349583.04,299029.888
low,gpu_full,323,qwen_query_key,80750000.0,83442642.816,2692642.816,2393612.928,299029.888
low,gpu_full,324,qwen_query_key,81000000.0,83736672.704,2736672.704,2437642.816,299029.888
low,gpu_full,325,qwen_query_key,81250000.0,84030702.592,2780702.592,2481672.704,299029.888
low,gpu_full,326,qwen_query_key,81500000.0,84324732.48,2824732.48,2525702.592,299029.888
low,gpu_full,327,qwen_query_key,81750000.0,84618762.368,2868762.368,2569732.48,299029.888
low,gpu_full,328,qwen_query_key,82000000.0,84912792.256,2912792.256,2613762.368,299029.888
low,gpu_full,329,qwen_query_key,82250000.0,85206822.144,2956822.144,2657792.256,299029.888
low,gpu_full,330,qwen_query_key,82500000.0,85500852.032,3000852.032,2701822.144,299029.888
low,gpu_full,331,qwen_query_key,82750000.0,85794881.92,3044881.92,2745852.032,299029.888
low,gpu_full,332,qwen_query_key,83000000.0,86088911.808,3088911.808,2789881.92,299029.888
low,bank_only,0,vlln,0.0,545195.58,545195.58,0.0,545195.58
low,bank_only,1,vl_self_attention_norm1_norm3,250000.0,795195.58,545195.58,0.0,545195.58
low,bank_only,2,vl_self_attention_norm1_norm3,500000.0,1045195.58,545195.58,0.0,545195.58
low,bank_only,3,vl_self_attention_norm1_norm3,750000.0,1295195.58,545195.58,0.0,545195.58
low,bank_only,4,vl_self_attention_norm1_norm3,1000000.0,1545195.58,545195.58,0.0,545195.58
low,bank_only,5,vl_self_attention_norm1_norm3,1250000.0,1795195.58,545195.58,0.0,545195.58
low,bank_only,6,vl_self_attention_norm1_norm3,1500000.0,2045195.58,545195.58,0.0,545195.58
low,bank_only,7,vl_self_attention_norm1_norm3,1750000.0,2295195.58,545195.58,0.0,545195.58
low,bank_only,8,vl_self_attention_norm1_norm3,2000000.0,2545195.58,545195.58,0.0,545195.58
low,bank_only,9,dit_adaln_norm1,2250000.0,2432480.7185,182480.7185,83855.58,98625.1385
low,bank_only,10,dit_adaln_norm1,2500000.0,2598625.1385,98625.1385,0.0,98625.1385
low,bank_only,11,dit_adaln_norm1,2750000.0,2848625.1385,98625.1385,0.0,98625.1385
low,bank_only,12,dit_adaln_norm1,3000000.0,3098625.1385,98625.1385,0.0,98625.1385
low,bank_only,13,dit_adaln_norm1,3250000.0,3348625.1385,98625.1385,0.0,98625.1385
low,bank_only,14,dit_adaln_norm1,3500000.0,3598625.1385,98625.1385,0.0,98625.1385
low,bank_only,15,dit_adaln_norm1,3750000.0,3848625.1385,98625.1385,0.0,98625.1385
low,bank_only,16,dit_adaln_norm1,4000000.0,4098625.1385,98625.1385,0.0,98625.1385
low,bank_only,17,dit_adaln_norm1,4250000.0,4348625.1385,98625.1385,0.0,98625.1385
low,bank_only,18,dit_adaln_norm1,4500000.0,4598625.1385,98625.1385,0.0,98625.1385
low,bank_only,19,dit_adaln_norm1,4750000.0,4848625.1385,98625.1385,0.0,98625.1385
low,bank_only,20,dit_adaln_norm1,5000000.0,5098625.1385,98625.1385,0.0,98625.1385
low,bank_only,21,dit_adaln_norm1,5250000.0,5348625.1385,98625.1385,0.0,98625.1385
low,bank_only,22,dit_adaln_norm1,5500000.0,5598625.1385,98625.1385,0.0,98625.1385
low,bank_only,23,dit_adaln_norm1,5750000.0,5848625.1385,98625.1385,0.0,98625.1385
low,bank_only,24,dit_adaln_norm1,6000000.0,6098625.1385,98625.1385,0.0,98625.1385
low,bank_only,25,dit_adaln_norm1,6250000.0,6348625.1385,98625.1385,0.0,98625.1385
low,bank_only,26,dit_adaln_norm1,6500000.0,6598625.1385,98625.1385,0.0,98625.1385
low,bank_only,27,dit_adaln_norm1,6750000.0,6848625.1385,98625.1385,0.0,98625.1385
low,bank_only,28,dit_adaln_norm1,7000000.0,7098625.1385,98625.1385,0.0,98625.1385
low,bank_only,29,dit_adaln_norm1,7250000.0,7348625.1385,98625.1385,0.0,98625.1385
low,bank_only,30,dit_adaln_norm1,7500000.0,7598625.1385,98625.1385,0.0,98625.1385
low,bank_only,31,dit_adaln_norm1,7750000.0,7848625.1385,98625.1385,0.0,98625.1385
low,bank_only,32,dit_adaln_norm1,8000000.0,8098625.1385,98625.1385,0.0,98625.1385
low,bank_only,33,dit_adaln_norm1,8250000.0,8348625.1385,98625.1385,0.0,98625.1385
low,bank_only,34,dit_adaln_norm1,8500000.0,8598625.1385,98625.1385,0.0,98625.1385
low,bank_only,35,dit_adaln_norm1,8750000.0,8848625.1385,98625.1385,0.0,98625.1385
low,bank_only,36,dit_adaln_norm1,9000000.0,9098625.1385,98625.1385,0.0,98625.1385
low,bank_only,37,dit_adaln_norm1,9250000.0,9348625.1385,98625.1385,0.0,98625.1385
low,bank_only,38,dit_adaln_norm1,9500000.0,9598625.1385,98625.1385,0.0,98625.1385
low,bank_only,39,dit_adaln_norm1,9750000.0,9848625.1385,98625.1385,0.0,98625.1385
low,bank_only,40,dit_adaln_norm1,10000000.0,10098625.1385,98625.1385,0.0,98625.1385
low,bank_only,41,dit_adaln_norm1,10250000.0,10348625.1385,98625.1385,0.0,98625.1385
low,bank_only,42,dit_adaln_norm1,10500000.0,10598625.1385,98625.1385,0.0,98625.1385
low,bank_only,43,dit_adaln_norm1,10750000.0,10848625.1385,98625.1385,0.0,98625.1385
low,bank_only,44,dit_adaln_norm1,11000000.0,11098625.1385,98625.1385,0.0,98625.1385
low,bank_only,45,dit_adaln_norm1,11250000.0,11348625.1385,98625.1385,0.0,98625.1385
low,bank_only,46,dit_adaln_norm1,11500000.0,11598625.1385,98625.1385,0.0,98625.1385
low,bank_only,47,dit_adaln_norm1,11750000.0,11848625.1385,98625.1385,0.0,98625.1385
low,bank_only,48,dit_adaln_norm1,12000000.0,12098625.1385,98625.1385,0.0,98625.1385
low,bank_only,49,dit_adaln_norm1,12250000.0,12348625.1385,98625.1385,0.0,98625.1385
low,bank_only,50,dit_adaln_norm1,12500000.0,12598625.1385,98625.1385,0.0,98625.1385
low,bank_only,51,dit_adaln_norm1,12750000.0,12848625.1385,98625.1385,0.0,98625.1385
low,bank_only,52,dit_adaln_norm1,13000000.0,13098625.1385,98625.1385,0.0,98625.1385
low,bank_only,53,dit_adaln_norm1,13250000.0,13348625.1385,98625.1385,0.0,98625.1385
low,bank_only,54,dit_adaln_norm1,13500000.0,13598625.1385,98625.1385,0.0,98625.1385
low,bank_only,55,dit_adaln_norm1,13750000.0,13848625.1385,98625.1385,0.0,98625.1385
low,bank_only,56,dit_adaln_norm1,14000000.0,14098625.1385,98625.1385,0.0,98625.1385
low,bank_only,57,dit_adaln_norm1,14250000.0,14348625.1385,98625.1385,0.0,98625.1385
low,bank_only,58,dit_adaln_norm1,14500000.0,14598625.1385,98625.1385,0.0,98625.1385
low,bank_only,59,dit_adaln_norm1,14750000.0,14848625.1385,98625.1385,0.0,98625.1385
low,bank_only,60,dit_adaln_norm1,15000000.0,15098625.1385,98625.1385,0.0,98625.1385
low,bank_only,61,dit_adaln_norm1,15250000.0,15348625.1385,98625.1385,0.0,98625.1385
low,bank_only,62,dit_adaln_norm1,15500000.0,15598625.1385,98625.1385,0.0,98625.1385
low,bank_only,63,dit_adaln_norm1,15750000.0,15848625.1385,98625.1385,0.0,98625.1385
low,bank_only,64,dit_adaln_norm1,16000000.0,16098625.1385,98625.1385,0.0,98625.1385
low,bank_only,65,dit_adaln_norm1,16250000.0,16348625.1385,98625.1385,0.0,98625.1385
low,bank_only,66,dit_adaln_norm1,16500000.0,16598625.1385,98625.1385,0.0,98625.1385
low,bank_only,67,dit_adaln_norm1,16750000.0,16848625.1385,98625.1385,0.0,98625.1385
low,bank_only,68,dit_adaln_norm1,17000000.0,17098625.1385,98625.1385,0.0,98625.1385
low,bank_only,69,dit_adaln_norm1,17250000.0,17348625.1385,98625.1385,0.0,98625.1385
low,bank_only,70,dit_adaln_norm1,17500000.0,17598625.1385,98625.1385,0.0,98625.1385
low,bank_only,71,dit_adaln_norm1,17750000.0,17848625.1385,98625.1385,0.0,98625.1385
low,bank_only,72,dit_adaln_norm1,18000000.0,18098625.1385,98625.1385,0.0,98625.1385
low,bank_only,73,dit_adaln_norm1,18250000.0,18348625.1385,98625.1385,0.0,98625.1385
low,bank_only,74,dit_adaln_norm1,18500000.0,18598625.1385,98625.1385,0.0,98625.1385
low,bank_only,75,dit_adaln_norm1,18750000.0,18848625.1385,98625.1385,0.0,98625.1385
low,bank_only,76,dit_adaln_norm1,19000000.0,19098625.1385,98625.1385,0.0,98625.1385
low,bank_only,77,dit_adaln_norm1,19250000.0,19348625.1385,98625.1385,0.0,98625.1385
low,bank_only,78,dit_adaln_norm1,19500000.0,19598625.1385,98625.1385,0.0,98625.1385
low,bank_only,79,dit_adaln_norm1,19750000.0,19848625.1385,98625.1385,0.0,98625.1385
low,bank_only,80,dit_adaln_norm1,20000000.0,20098625.1385,98625.1385,0.0,98625.1385
low,bank_only,81,dit_adaln_norm1,20250000.0,20348625.1385,98625.1385,0.0,98625.1385
low,bank_only,82,dit_adaln_norm1,20500000.0,20598625.1385,98625.1385,0.0,98625.1385
low,bank_only,83,dit_adaln_norm1,20750000.0,20848625.1385,98625.1385,0.0,98625.1385
low,bank_only,84,dit_adaln_norm1,21000000.0,21098625.1385,98625.1385,0.0,98625.1385
low,bank_only,85,dit_adaln_norm1,21250000.0,21348625.1385,98625.1385,0.0,98625.1385
low,bank_only,86,dit_adaln_norm1,21500000.0,21598625.1385,98625.1385,0.0,98625.1385
low,bank_only,87,dit_adaln_norm1,21750000.0,21848625.1385,98625.1385,0.0,98625.1385
low,bank_only,88,dit_adaln_norm1,22000000.0,22098625.1385,98625.1385,0.0,98625.1385
low,bank_only,89,dit_adaln_norm1,22250000.0,22348625.1385,98625.1385,0.0,98625.1385
low,bank_only,90,dit_adaln_norm1,22500000.0,22598625.1385,98625.1385,0.0,98625.1385
low,bank_only,91,dit_adaln_norm1,22750000.0,22848625.1385,98625.1385,0.0,98625.1385
low,bank_only,92,dit_adaln_norm1,23000000.0,23098625.1385,98625.1385,0.0,98625.1385
low,bank_only,93,dit_adaln_norm1,23250000.0,23348625.1385,98625.1385,0.0,98625.1385
low,bank_only,94,dit_adaln_norm1,23500000.0,23598625.1385,98625.1385,0.0,98625.1385
low,bank_only,95,dit_adaln_norm1,23750000.0,23848625.1385,98625.1385,0.0,98625.1385
low,bank_only,96,dit_adaln_norm1,24000000.0,24098625.1385,98625.1385,0.0,98625.1385
low,bank_only,97,dit_adaln_norm1,24250000.0,24348625.1385,98625.1385,0.0,98625.1385
low,bank_only,98,dit_adaln_norm1,24500000.0,24598625.1385,98625.1385,0.0,98625.1385
low,bank_only,99,dit_adaln_norm1,24750000.0,24848625.1385,98625.1385,0.0,98625.1385
low,bank_only,100,dit_adaln_norm1,25000000.0,25098625.1385,98625.1385,0.0,98625.1385
low,bank_only,101,dit_adaln_norm1,25250000.0,25348625.1385,98625.1385,0.0,98625.1385
low,bank_only,102,dit_adaln_norm1,25500000.0,25598625.1385,98625.1385,0.0,98625.1385
low,bank_only,103,dit_adaln_norm1,25750000.0,25848625.1385,98625.1385,0.0,98625.1385
low,bank_only,104,dit_adaln_norm1,26000000.0,26098625.1385,98625.1385,0.0,98625.1385
low,bank_only,105,dit_adaln_norm1,26250000.0,26348625.1385,98625.1385,0.0,98625.1385
low,bank_only,106,dit_adaln_norm1,26500000.0,26598625.1385,98625.1385,0.0,98625.1385
low,bank_only,107,dit_adaln_norm1,26750000.0,26848625.1385,98625.1385,0.0,98625.1385
low,bank_only,108,dit_adaln_norm1,27000000.0,27098625.1385,98625.1385,0.0,98625.1385
low,bank_only,109,dit_adaln_norm1,27250000.0,27348625.1385,98625.1385,0.0,98625.1385
low,bank_only,110,dit_adaln_norm1,27500000.0,27598625.1385,98625.1385,0.0,98625.1385
low,bank_only,111,dit_adaln_norm1,27750000.0,27848625.1385,98625.1385,0.0,98625.1385
low,bank_only,112,dit_adaln_norm1,28000000.0,28098625.1385,98625.1385,0.0,98625.1385
low,bank_only,113,dit_adaln_norm1,28250000.0,28348625.1385,98625.1385,0.0,98625.1385
low,bank_only,114,dit_adaln_norm1,28500000.0,28598625.1385,98625.1385,0.0,98625.1385
low,bank_only,115,dit_adaln_norm1,28750000.0,28848625.1385,98625.1385,0.0,98625.1385
low,bank_only,116,dit_adaln_norm1,29000000.0,29098625.1385,98625.1385,0.0,98625.1385
low,bank_only,117,dit_adaln_norm1,29250000.0,29348625.1385,98625.1385,0.0,98625.1385
low,bank_only,118,dit_adaln_norm1,29500000.0,29598625.1385,98625.1385,0.0,98625.1385
low,bank_only,119,dit_adaln_norm1,29750000.0,29848625.1385,98625.1385,0.0,98625.1385
low,bank_only,120,dit_adaln_norm1,30000000.0,30098625.1385,98625.1385,0.0,98625.1385
low,bank_only,121,dit_adaln_norm1,30250000.0,30348625.1385,98625.1385,0.0,98625.1385
low,bank_only,122,dit_adaln_norm1,30500000.0,30598625.1385,98625.1385,0.0,98625.1385
low,bank_only,123,dit_adaln_norm1,30750000.0,30848625.1385,98625.1385,0.0,98625.1385
low,bank_only,124,dit_adaln_norm1,31000000.0,31098625.1385,98625.1385,0.0,98625.1385
low,bank_only,125,dit_adaln_norm1,31250000.0,31348625.1385,98625.1385,0.0,98625.1385
low,bank_only,126,dit_adaln_norm1,31500000.0,31598625.1385,98625.1385,0.0,98625.1385
low,bank_only,127,dit_adaln_norm1,31750000.0,31848625.1385,98625.1385,0.0,98625.1385
low,bank_only,128,dit_adaln_norm1,32000000.0,32098625.1385,98625.1385,0.0,98625.1385
low,bank_only,129,dit_adaln_norm1,32250000.0,32348625.1385,98625.1385,0.0,98625.1385
low,bank_only,130,dit_adaln_norm1,32500000.0,32598625.1385,98625.1385,0.0,98625.1385
low,bank_only,131,dit_adaln_norm1,32750000.0,32848625.1385,98625.1385,0.0,98625.1385
low,bank_only,132,dit_adaln_norm1,33000000.0,33098625.1385,98625.1385,0.0,98625.1385
low,bank_only,133,dit_adaln_norm1,33250000.0,33348625.1385,98625.1385,0.0,98625.1385
low,bank_only,134,dit_adaln_norm1,33500000.0,33598625.1385,98625.1385,0.0,98625.1385
low,bank_only,135,dit_adaln_norm1,33750000.0,33848625.1385,98625.1385,0.0,98625.1385
low,bank_only,136,dit_adaln_norm1,34000000.0,34098625.1385,98625.1385,0.0,98625.1385
low,bank_only,137,dit_norm3,34250000.0,34348625.1385,98625.1385,0.0,98625.1385
low,bank_only,138,dit_norm3,34500000.0,34598625.1385,98625.1385,0.0,98625.1385
low,bank_only,139,dit_norm3,34750000.0,34848625.1385,98625.1385,0.0,98625.1385
low,bank_only,140,dit_norm3,35000000.0,35098625.1385,98625.1385,0.0,98625.1385
low,bank_only,141,dit_norm3,35250000.0,35348625.1385,98625.1385,0.0,98625.1385
low,bank_only,142,dit_norm3,35500000.0,35598625.1385,98625.1385,0.0,98625.1385
low,bank_only,143,dit_norm3,35750000.0,35848625.1385,98625.1385,0.0,98625.1385
low,bank_only,144,dit_norm3,36000000.0,36098625.1385,98625.1385,0.0,98625.1385
low,bank_only,145,dit_norm3,36250000.0,36348625.1385,98625.1385,0.0,98625.1385
low,bank_only,146,dit_norm3,36500000.0,36598625.1385,98625.1385,0.0,98625.1385
low,bank_only,147,dit_norm3,36750000.0,36848625.1385,98625.1385,0.0,98625.1385
low,bank_only,148,dit_norm3,37000000.0,37098625.1385,98625.1385,0.0,98625.1385
low,bank_only,149,dit_norm3,37250000.0,37348625.1385,98625.1385,0.0,98625.1385
low,bank_only,150,dit_norm3,37500000.0,37598625.1385,98625.1385,0.0,98625.1385
low,bank_only,151,dit_norm3,37750000.0,37848625.1385,98625.1385,0.0,98625.1385
low,bank_only,152,dit_norm3,38000000.0,38098625.1385,98625.1385,0.0,98625.1385
low,bank_only,153,dit_norm3,38250000.0,38348625.1385,98625.1385,0.0,98625.1385
low,bank_only,154,dit_norm3,38500000.0,38598625.1385,98625.1385,0.0,98625.1385
low,bank_only,155,dit_norm3,38750000.0,38848625.1385,98625.1385,0.0,98625.1385
low,bank_only,156,dit_norm3,39000000.0,39098625.1385,98625.1385,0.0,98625.1385
low,bank_only,157,dit_norm3,39250000.0,39348625.1385,98625.1385,0.0,98625.1385
low,bank_only,158,dit_norm3,39500000.0,39598625.1385,98625.1385,0.0,98625.1385
low,bank_only,159,dit_norm3,39750000.0,39848625.1385,98625.1385,0.0,98625.1385
low,bank_only,160,dit_norm3,40000000.0,40098625.1385,98625.1385,0.0,98625.1385
low,bank_only,161,dit_norm3,40250000.0,40348625.1385,98625.1385,0.0,98625.1385
low,bank_only,162,dit_norm3,40500000.0,40598625.1385,98625.1385,0.0,98625.1385
low,bank_only,163,dit_norm3,40750000.0,40848625.1385,98625.1385,0.0,98625.1385
low,bank_only,164,dit_norm3,41000000.0,41098625.1385,98625.1385,0.0,98625.1385
low,bank_only,165,dit_norm3,41250000.0,41348625.1385,98625.1385,0.0,98625.1385
low,bank_only,166,dit_norm3,41500000.0,41598625.1385,98625.1385,0.0,98625.1385
low,bank_only,167,dit_norm3,41750000.0,41848625.1385,98625.1385,0.0,98625.1385
low,bank_only,168,dit_norm3,42000000.0,42098625.1385,98625.1385,0.0,98625.1385
low,bank_only,169,dit_norm3,42250000.0,42348625.1385,98625.1385,0.0,98625.1385
low,bank_only,170,dit_norm3,42500000.0,42598625.1385,98625.1385,0.0,98625.1385
low,bank_only,171,dit_norm3,42750000.0,42848625.1385,98625.1385,0.0,98625.1385
low,bank_only,172,dit_norm3,43000000.0,43098625.1385,98625.1385,0.0,98625.1385
low,bank_only,173,dit_norm3,43250000.0,43348625.1385,98625.1385,0.0,98625.1385
low,bank_only,174,dit_norm3,43500000.0,43598625.1385,98625.1385,0.0,98625.1385
low,bank_only,175,dit_norm3,43750000.0,43848625.1385,98625.1385,0.0,98625.1385
low,bank_only,176,dit_norm3,44000000.0,44098625.1385,98625.1385,0.0,98625.1385
low,bank_only,177,dit_norm3,44250000.0,44348625.1385,98625.1385,0.0,98625.1385
low,bank_only,178,dit_norm3,44500000.0,44598625.1385,98625.1385,0.0,98625.1385
low,bank_only,179,dit_norm3,44750000.0,44848625.1385,98625.1385,0.0,98625.1385
low,bank_only,180,dit_norm3,45000000.0,45098625.1385,98625.1385,0.0,98625.1385
low,bank_only,181,dit_norm3,45250000.0,45348625.1385,98625.1385,0.0,98625.1385
low,bank_only,182,dit_norm3,45500000.0,45598625.1385,98625.1385,0.0,98625.1385
low,bank_only,183,dit_norm3,45750000.0,45848625.1385,98625.1385,0.0,98625.1385
low,bank_only,184,dit_norm3,46000000.0,46098625.1385,98625.1385,0.0,98625.1385
low,bank_only,185,dit_norm3,46250000.0,46348625.1385,98625.1385,0.0,98625.1385
low,bank_only,186,dit_norm3,46500000.0,46598625.1385,98625.1385,0.0,98625.1385
low,bank_only,187,dit_norm3,46750000.0,46848625.1385,98625.1385,0.0,98625.1385
low,bank_only,188,dit_norm3,47000000.0,47098625.1385,98625.1385,0.0,98625.1385
low,bank_only,189,dit_norm3,47250000.0,47348625.1385,98625.1385,0.0,98625.1385
low,bank_only,190,dit_norm3,47500000.0,47598625.1385,98625.1385,0.0,98625.1385
low,bank_only,191,dit_norm3,47750000.0,47848625.1385,98625.1385,0.0,98625.1385
low,bank_only,192,dit_norm3,48000000.0,48098625.1385,98625.1385,0.0,98625.1385
low,bank_only,193,dit_norm3,48250000.0,48348625.1385,98625.1385,0.0,98625.1385
low,bank_only,194,dit_norm3,48500000.0,48598625.1385,98625.1385,0.0,98625.1385
low,bank_only,195,dit_norm3,48750000.0,48848625.1385,98625.1385,0.0,98625.1385
low,bank_only,196,dit_norm3,49000000.0,49098625.1385,98625.1385,0.0,98625.1385
low,bank_only,197,dit_norm3,49250000.0,49348625.1385,98625.1385,0.0,98625.1385
low,bank_only,198,dit_norm3,49500000.0,49598625.1385,98625.1385,0.0,98625.1385
low,bank_only,199,dit_norm3,49750000.0,49848625.1385,98625.1385,0.0,98625.1385
low,bank_only,200,dit_norm3,50000000.0,50098625.1385,98625.1385,0.0,98625.1385
low,bank_only,201,dit_norm3,50250000.0,50348625.1385,98625.1385,0.0,98625.1385
low,bank_only,202,dit_norm3,50500000.0,50598625.1385,98625.1385,0.0,98625.1385
low,bank_only,203,dit_norm3,50750000.0,50848625.1385,98625.1385,0.0,98625.1385
low,bank_only,204,dit_norm3,51000000.0,51098625.1385,98625.1385,0.0,98625.1385
low,bank_only,205,dit_norm3,51250000.0,51348625.1385,98625.1385,0.0,98625.1385
low,bank_only,206,dit_norm3,51500000.0,51598625.1385,98625.1385,0.0,98625.1385
low,bank_only,207,dit_norm3,51750000.0,51848625.1385,98625.1385,0.0,98625.1385
low,bank_only,208,dit_norm3,52000000.0,52098625.1385,98625.1385,0.0,98625.1385
low,bank_only,209,dit_norm3,52250000.0,52348625.1385,98625.1385,0.0,98625.1385
low,bank_only,210,dit_norm3,52500000.0,52598625.1385,98625.1385,0.0,98625.1385
low,bank_only,211,dit_norm3,52750000.0,52848625.1385,98625.1385,0.0,98625.1385
low,bank_only,212,dit_norm3,53000000.0,53098625.1385,98625.1385,0.0,98625.1385
low,bank_only,213,dit_norm3,53250000.0,53348625.1385,98625.1385,0.0,98625.1385
low,bank_only,214,dit_norm3,53500000.0,53598625.1385,98625.1385,0.0,98625.1385
low,bank_only,215,dit_norm3,53750000.0,53848625.1385,98625.1385,0.0,98625.1385
low,bank_only,216,dit_norm3,54000000.0,54098625.1385,98625.1385,0.0,98625.1385
low,bank_only,217,dit_norm3,54250000.0,54348625.1385,98625.1385,0.0,98625.1385
low,bank_only,218,dit_norm3,54500000.0,54598625.1385,98625.1385,0.0,98625.1385
low,bank_only,219,dit_norm3,54750000.0,54848625.1385,98625.1385,0.0,98625.1385
low,bank_only,220,dit_norm3,55000000.0,55098625.1385,98625.1385,0.0,98625.1385
low,bank_only,221,dit_norm3,55250000.0,55348625.1385,98625.1385,0.0,98625.1385
low,bank_only,222,dit_norm3,55500000.0,55598625.1385,98625.1385,0.0,98625.1385
low,bank_only,223,dit_norm3,55750000.0,55848625.1385,98625.1385,0.0,98625.1385
low,bank_only,224,dit_norm3,56000000.0,56098625.1385,98625.1385,0.0,98625.1385
low,bank_only,225,dit_norm3,56250000.0,56348625.1385,98625.1385,0.0,98625.1385
low,bank_only,226,dit_norm3,56500000.0,56598625.1385,98625.1385,0.0,98625.1385
low,bank_only,227,dit_norm3,56750000.0,56848625.1385,98625.1385,0.0,98625.1385
low,bank_only,228,dit_norm3,57000000.0,57098625.1385,98625.1385,0.0,98625.1385
low,bank_only,229,dit_norm3,57250000.0,57348625.1385,98625.1385,0.0,98625.1385
low,bank_only,230,dit_norm3,57500000.0,57598625.1385,98625.1385,0.0,98625.1385
low,bank_only,231,dit_norm3,57750000.0,57848625.1385,98625.1385,0.0,98625.1385
low,bank_only,232,dit_norm3,58000000.0,58098625.1385,98625.1385,0.0,98625.1385
low,bank_only,233,dit_norm3,58250000.0,58348625.1385,98625.1385,0.0,98625.1385
low,bank_only,234,dit_norm3,58500000.0,58598625.1385,98625.1385,0.0,98625.1385
low,bank_only,235,dit_norm3,58750000.0,58848625.1385,98625.1385,0.0,98625.1385
low,bank_only,236,dit_norm3,59000000.0,59098625.1385,98625.1385,0.0,98625.1385
low,bank_only,237,dit_norm3,59250000.0,59348625.1385,98625.1385,0.0,98625.1385
low,bank_only,238,dit_norm3,59500000.0,59598625.1385,98625.1385,0.0,98625.1385
low,bank_only,239,dit_norm3,59750000.0,59848625.1385,98625.1385,0.0,98625.1385
low,bank_only,240,dit_norm3,60000000.0,60098625.1385,98625.1385,0.0,98625.1385
low,bank_only,241,dit_norm3,60250000.0,60348625.1385,98625.1385,0.0,98625.1385
low,bank_only,242,dit_norm3,60500000.0,60598625.1385,98625.1385,0.0,98625.1385
low,bank_only,243,dit_norm3,60750000.0,60848625.1385,98625.1385,0.0,98625.1385
low,bank_only,244,dit_norm3,61000000.0,61098625.1385,98625.1385,0.0,98625.1385
low,bank_only,245,dit_norm3,61250000.0,61348625.1385,98625.1385,0.0,98625.1385
low,bank_only,246,dit_norm3,61500000.0,61598625.1385,98625.1385,0.0,98625.1385
low,bank_only,247,dit_norm3,61750000.0,61848625.1385,98625.1385,0.0,98625.1385
low,bank_only,248,dit_norm3,62000000.0,62098625.1385,98625.1385,0.0,98625.1385
low,bank_only,249,dit_norm3,62250000.0,62348625.1385,98625.1385,0.0,98625.1385
low,bank_only,250,dit_norm3,62500000.0,62598625.1385,98625.1385,0.0,98625.1385
low,bank_only,251,dit_norm3,62750000.0,62848625.1385,98625.1385,0.0,98625.1385
low,bank_only,252,dit_norm3,63000000.0,63098625.1385,98625.1385,0.0,98625.1385
low,bank_only,253,dit_norm3,63250000.0,63348625.1385,98625.1385,0.0,98625.1385
low,bank_only,254,dit_norm3,63500000.0,63598625.1385,98625.1385,0.0,98625.1385
low,bank_only,255,dit_norm3,63750000.0,63848625.1385,98625.1385,0.0,98625.1385
low,bank_only,256,dit_norm3,64000000.0,64098625.1385,98625.1385,0.0,98625.1385
low,bank_only,257,dit_norm3,64250000.0,64348625.1385,98625.1385,0.0,98625.1385
low,bank_only,258,dit_norm3,64500000.0,64598625.1385,98625.1385,0.0,98625.1385
low,bank_only,259,dit_norm3,64750000.0,64848625.1385,98625.1385,0.0,98625.1385
low,bank_only,260,dit_norm3,65000000.0,65098625.1385,98625.1385,0.0,98625.1385
low,bank_only,261,dit_norm3,65250000.0,65348625.1385,98625.1385,0.0,98625.1385
low,bank_only,262,dit_norm3,65500000.0,65598625.1385,98625.1385,0.0,98625.1385
low,bank_only,263,dit_norm3,65750000.0,65848625.1385,98625.1385,0.0,98625.1385
low,bank_only,264,dit_norm3,66000000.0,66098625.1385,98625.1385,0.0,98625.1385
low,bank_only,265,dit_norm_out,66250000.0,66348625.1385,98625.1385,0.0,98625.1385
low,bank_only,266,dit_norm_out,66500000.0,66598625.1385,98625.1385,0.0,98625.1385
low,bank_only,267,dit_norm_out,66750000.0,66848625.1385,98625.1385,0.0,98625.1385
low,bank_only,268,dit_norm_out,67000000.0,67098625.1385,98625.1385,0.0,98625.1385
low,bank_only,269,qwen_input_post_attention,67250000.0,67718166.54,468166.54,0.0,468166.54
low,bank_only,270,qwen_input_post_attention,67500000.0,67968166.54,468166.54,0.0,468166.54
low,bank_only,271,qwen_input_post_attention,67750000.0,68218166.54,468166.54,0.0,468166.54
low,bank_only,272,qwen_input_post_attention,68000000.0,68468166.54,468166.54,0.0,468166.54
low,bank_only,273,qwen_input_post_attention,68250000.0,68718166.54,468166.54,0.0,468166.54
low,bank_only,274,qwen_input_post_attention,68500000.0,68968166.54,468166.54,0.0,468166.54
low,bank_only,275,qwen_input_post_attention,68750000.0,69218166.54,468166.54,0.0,468166.54
low,bank_only,276,qwen_input_post_attention,69000000.0,69468166.54,468166.54,0.0,468166.54
low,bank_only,277,qwen_input_post_attention,69250000.0,69718166.54,468166.54,0.0,468166.54
low,bank_only,278,qwen_input_post_attention,69500000.0,69968166.54,468166.54,0.0,468166.54
low,bank_only,279,qwen_input_post_attention,69750000.0,70218166.54,468166.54,0.0,468166.54
low,bank_only,280,qwen_input_post_attention,70000000.0,70468166.54,468166.54,0.0,468166.54
low,bank_only,281,qwen_input_post_attention,70250000.0,70718166.54,468166.54,0.0,468166.54
low,bank_only,282,qwen_input_post_attention,70500000.0,70968166.54,468166.54,0.0,468166.54
low,bank_only,283,qwen_input_post_attention,70750000.0,71218166.54,468166.54,0.0,468166.54
low,bank_only,284,qwen_input_post_attention,71000000.0,71468166.54,468166.54,0.0,468166.54
low,bank_only,285,qwen_input_post_attention,71250000.0,71718166.54,468166.54,0.0,468166.54
low,bank_only,286,qwen_input_post_attention,71500000.0,71968166.54,468166.54,0.0,468166.54
low,bank_only,287,qwen_input_post_attention,71750000.0,72218166.54,468166.54,0.0,468166.54
low,bank_only,288,qwen_input_post_attention,72000000.0,72468166.54,468166.54,0.0,468166.54
low,bank_only,289,qwen_input_post_attention,72250000.0,72718166.54,468166.54,0.0,468166.54
low,bank_only,290,qwen_input_post_attention,72500000.0,72968166.54,468166.54,0.0,468166.54
low,bank_only,291,qwen_input_post_attention,72750000.0,73218166.54,468166.54,0.0,468166.54
low,bank_only,292,qwen_input_post_attention,73000000.0,73468166.54,468166.54,0.0,468166.54
low,bank_only,293,qwen_input_post_attention,73250000.0,73718166.54,468166.54,0.0,468166.54
low,bank_only,294,qwen_input_post_attention,73500000.0,73968166.54,468166.54,0.0,468166.54
low,bank_only,295,qwen_input_post_attention,73750000.0,74218166.54,468166.54,0.0,468166.54
low,bank_only,296,qwen_input_post_attention,74000000.0,74468166.54,468166.54,0.0,468166.54
low,bank_only,297,qwen_input_post_attention,74250000.0,74718166.54,468166.54,0.0,468166.54
low,bank_only,298,qwen_input_post_attention,74500000.0,74968166.54,468166.54,0.0,468166.54
low,bank_only,299,qwen_input_post_attention,74750000.0,75218166.54,468166.54,0.0,468166.54
low,bank_only,300,qwen_input_post_attention,75000000.0,75468166.54,468166.54,0.0,468166.54
low,bank_only,301,qwen_query_key,75250000.0,75793079.28,543079.28,0.0,543079.28
low,bank_only,302,qwen_query_key,75500000.0,76043079.28,543079.28,0.0,543079.28
low,bank_only,303,qwen_query_key,75750000.0,76293079.28,543079.28,0.0,543079.28
low,bank_only,304,qwen_query_key,76000000.0,76543079.28,543079.28,0.0,543079.28
low,bank_only,305,qwen_query_key,76250000.0,76793079.28,543079.28,0.0,543079.28
low,bank_only,306,qwen_query_key,76500000.0,77043079.28,543079.28,0.0,543079.28
low,bank_only,307,qwen_query_key,76750000.0,77293079.28,543079.28,0.0,543079.28
low,bank_only,308,qwen_query_key,77000000.0,77543079.28,543079.28,0.0,543079.28
low,bank_only,309,qwen_query_key,77250000.0,77793079.28,543079.28,0.0,543079.28
low,bank_only,310,qwen_query_key,77500000.0,78043079.28,543079.28,0.0,543079.28
low,bank_only,311,qwen_query_key,77750000.0,78293079.28,543079.28,0.0,543079.28
low,bank_only,312,qwen_query_key,78000000.0,78543079.28,543079.28,0.0,543079.28
low,bank_only,313,qwen_query_key,78250000.0,78793079.28,543079.28,0.0,543079.28
low,bank_only,314,qwen_query_key,78500000.0,79043079.28,543079.28,0.0,543079.28
low,bank_only,315,qwen_query_key,78750000.0,79293079.28,543079.28,0.0,543079.28
low,bank_only,316,qwen_query_key,79000000.0,79543079.28,543079.28,0.0,543079.28
low,bank_only,317,qwen_query_key,79250000.0,79793079.28,543079.28,0.0,543079.28
low,bank_only,318,qwen_query_key,79500000.0,80043079.28,543079.28,0.0,543079.28
low,bank_only,319,qwen_query_key,79750000.0,80293079.28,543079.28,0.0,543079.28
low,bank_only,320,qwen_query_key,80000000.0,80543079.28,543079.28,0.0,543079.28
low,bank_only,321,qwen_query_key,80250000.0,80793079.28,543079.28,0.0,543079.28
low,bank_only,322,qwen_query_key,80500000.0,81043079.28,543079.28,0.0,543079.28
low,bank_only,323,qwen_query_key,80750000.0,81293079.28,543079.28,0.0,543079.28
low,bank_only,324,qwen_query_key,81000000.0,81543079.28,543079.28,0.0,543079.28
low,bank_only,325,qwen_query_key,81250000.0,81793079.28,543079.28,0.0,543079.28
low,bank_only,326,qwen_query_key,81500000.0,82043079.28,543079.28,0.0,543079.28
low,bank_only,327,qwen_query_key,81750000.0,82293079.28,543079.28,0.0,543079.28
low,bank_only,328,qwen_query_key,82000000.0,82543079.28,543079.28,0.0,543079.28
low,bank_only,329,qwen_query_key,82250000.0,82793079.28,543079.28,0.0,543079.28
low,bank_only,330,qwen_query_key,82500000.0,83043079.28,543079.28,0.0,543079.28
low,bank_only,331,qwen_query_key,82750000.0,83293079.28,543079.28,0.0,543079.28
low,bank_only,332,qwen_query_key,83000000.0,83543079.28,543079.28,0.0,543079.28
low,logic_only,0,vlln,0.0,149774.0,149774.0,0.0,149774.0
low,logic_only,1,vl_self_attention_norm1_norm3,250000.0,399774.0,149774.0,0.0,149774.0
low,logic_only,2,vl_self_attention_norm1_norm3,500000.0,649774.0,149774.0,0.0,149774.0
low,logic_only,3,vl_self_attention_norm1_norm3,750000.0,899774.0,149774.0,0.0,149774.0
low,logic_only,4,vl_self_attention_norm1_norm3,1000000.0,1149774.0,149774.0,0.0,149774.0
low,logic_only,5,vl_self_attention_norm1_norm3,1250000.0,1399774.0,149774.0,0.0,149774.0
low,logic_only,6,vl_self_attention_norm1_norm3,1500000.0,1649774.0,149774.0,0.0,149774.0
low,logic_only,7,vl_self_attention_norm1_norm3,1750000.0,1899774.0,149774.0,0.0,149774.0
low,logic_only,8,vl_self_attention_norm1_norm3,2000000.0,2149774.0,149774.0,0.0,149774.0
low,logic_only,9,dit_adaln_norm1,2250000.0,2283386.0,33386.0,0.0,33386.0
low,logic_only,10,dit_adaln_norm1,2500000.0,2533386.0,33386.0,0.0,33386.0
low,logic_only,11,dit_adaln_norm1,2750000.0,2783386.0,33386.0,0.0,33386.0
low,logic_only,12,dit_adaln_norm1,3000000.0,3033386.0,33386.0,0.0,33386.0
low,logic_only,13,dit_adaln_norm1,3250000.0,3283386.0,33386.0,0.0,33386.0
low,logic_only,14,dit_adaln_norm1,3500000.0,3533386.0,33386.0,0.0,33386.0
low,logic_only,15,dit_adaln_norm1,3750000.0,3783386.0,33386.0,0.0,33386.0
low,logic_only,16,dit_adaln_norm1,4000000.0,4033386.0,33386.0,0.0,33386.0
low,logic_only,17,dit_adaln_norm1,4250000.0,4283386.0,33386.0,0.0,33386.0
low,logic_only,18,dit_adaln_norm1,4500000.0,4533386.0,33386.0,0.0,33386.0
low,logic_only,19,dit_adaln_norm1,4750000.0,4783386.0,33386.0,0.0,33386.0
low,logic_only,20,dit_adaln_norm1,5000000.0,5033386.0,33386.0,0.0,33386.0
low,logic_only,21,dit_adaln_norm1,5250000.0,5283386.0,33386.0,0.0,33386.0
low,logic_only,22,dit_adaln_norm1,5500000.0,5533386.0,33386.0,0.0,33386.0
low,logic_only,23,dit_adaln_norm1,5750000.0,5783386.0,33386.0,0.0,33386.0
low,logic_only,24,dit_adaln_norm1,6000000.0,6033386.0,33386.0,0.0,33386.0
low,logic_only,25,dit_adaln_norm1,6250000.0,6283386.0,33386.0,0.0,33386.0
low,logic_only,26,dit_adaln_norm1,6500000.0,6533386.0,33386.0,0.0,33386.0
low,logic_only,27,dit_adaln_norm1,6750000.0,6783386.0,33386.0,0.0,33386.0
low,logic_only,28,dit_adaln_norm1,7000000.0,7033386.0,33386.0,0.0,33386.0
low,logic_only,29,dit_adaln_norm1,7250000.0,7283386.0,33386.0,0.0,33386.0
low,logic_only,30,dit_adaln_norm1,7500000.0,7533386.0,33386.0,0.0,33386.0
low,logic_only,31,dit_adaln_norm1,7750000.0,7783386.0,33386.0,0.0,33386.0
low,logic_only,32,dit_adaln_norm1,8000000.0,8033386.0,33386.0,0.0,33386.0
low,logic_only,33,dit_adaln_norm1,8250000.0,8283386.0,33386.0,0.0,33386.0
low,logic_only,34,dit_adaln_norm1,8500000.0,8533386.0,33386.0,0.0,33386.0
low,logic_only,35,dit_adaln_norm1,8750000.0,8783386.0,33386.0,0.0,33386.0
low,logic_only,36,dit_adaln_norm1,9000000.0,9033386.0,33386.0,0.0,33386.0
low,logic_only,37,dit_adaln_norm1,9250000.0,9283386.0,33386.0,0.0,33386.0
low,logic_only,38,dit_adaln_norm1,9500000.0,9533386.0,33386.0,0.0,33386.0
low,logic_only,39,dit_adaln_norm1,9750000.0,9783386.0,33386.0,0.0,33386.0
low,logic_only,40,dit_adaln_norm1,10000000.0,10033386.0,33386.0,0.0,33386.0
low,logic_only,41,dit_adaln_norm1,10250000.0,10283386.0,33386.0,0.0,33386.0
low,logic_only,42,dit_adaln_norm1,10500000.0,10533386.0,33386.0,0.0,33386.0
low,logic_only,43,dit_adaln_norm1,10750000.0,10783386.0,33386.0,0.0,33386.0
low,logic_only,44,dit_adaln_norm1,11000000.0,11033386.0,33386.0,0.0,33386.0
low,logic_only,45,dit_adaln_norm1,11250000.0,11283386.0,33386.0,0.0,33386.0
low,logic_only,46,dit_adaln_norm1,11500000.0,11533386.0,33386.0,0.0,33386.0
low,logic_only,47,dit_adaln_norm1,11750000.0,11783386.0,33386.0,0.0,33386.0
low,logic_only,48,dit_adaln_norm1,12000000.0,12033386.0,33386.0,0.0,33386.0
low,logic_only,49,dit_adaln_norm1,12250000.0,12283386.0,33386.0,0.0,33386.0
low,logic_only,50,dit_adaln_norm1,12500000.0,12533386.0,33386.0,0.0,33386.0
low,logic_only,51,dit_adaln_norm1,12750000.0,12783386.0,33386.0,0.0,33386.0
low,logic_only,52,dit_adaln_norm1,13000000.0,13033386.0,33386.0,0.0,33386.0
low,logic_only,53,dit_adaln_norm1,13250000.0,13283386.0,33386.0,0.0,33386.0
low,logic_only,54,dit_adaln_norm1,13500000.0,13533386.0,33386.0,0.0,33386.0
low,logic_only,55,dit_adaln_norm1,13750000.0,13783386.0,33386.0,0.0,33386.0
low,logic_only,56,dit_adaln_norm1,14000000.0,14033386.0,33386.0,0.0,33386.0
low,logic_only,57,dit_adaln_norm1,14250000.0,14283386.0,33386.0,0.0,33386.0
low,logic_only,58,dit_adaln_norm1,14500000.0,14533386.0,33386.0,0.0,33386.0
low,logic_only,59,dit_adaln_norm1,14750000.0,14783386.0,33386.0,0.0,33386.0
low,logic_only,60,dit_adaln_norm1,15000000.0,15033386.0,33386.0,0.0,33386.0
low,logic_only,61,dit_adaln_norm1,15250000.0,15283386.0,33386.0,0.0,33386.0
low,logic_only,62,dit_adaln_norm1,15500000.0,15533386.0,33386.0,0.0,33386.0
low,logic_only,63,dit_adaln_norm1,15750000.0,15783386.0,33386.0,0.0,33386.0
low,logic_only,64,dit_adaln_norm1,16000000.0,16033386.0,33386.0,0.0,33386.0
low,logic_only,65,dit_adaln_norm1,16250000.0,16283386.0,33386.0,0.0,33386.0
low,logic_only,66,dit_adaln_norm1,16500000.0,16533386.0,33386.0,0.0,33386.0
low,logic_only,67,dit_adaln_norm1,16750000.0,16783386.0,33386.0,0.0,33386.0
low,logic_only,68,dit_adaln_norm1,17000000.0,17033386.0,33386.0,0.0,33386.0
low,logic_only,69,dit_adaln_norm1,17250000.0,17283386.0,33386.0,0.0,33386.0
low,logic_only,70,dit_adaln_norm1,17500000.0,17533386.0,33386.0,0.0,33386.0
low,logic_only,71,dit_adaln_norm1,17750000.0,17783386.0,33386.0,0.0,33386.0
low,logic_only,72,dit_adaln_norm1,18000000.0,18033386.0,33386.0,0.0,33386.0
low,logic_only,73,dit_adaln_norm1,18250000.0,18283386.0,33386.0,0.0,33386.0
low,logic_only,74,dit_adaln_norm1,18500000.0,18533386.0,33386.0,0.0,33386.0
low,logic_only,75,dit_adaln_norm1,18750000.0,18783386.0,33386.0,0.0,33386.0
low,logic_only,76,dit_adaln_norm1,19000000.0,19033386.0,33386.0,0.0,33386.0
low,logic_only,77,dit_adaln_norm1,19250000.0,19283386.0,33386.0,0.0,33386.0
low,logic_only,78,dit_adaln_norm1,19500000.0,19533386.0,33386.0,0.0,33386.0
low,logic_only,79,dit_adaln_norm1,19750000.0,19783386.0,33386.0,0.0,33386.0
low,logic_only,80,dit_adaln_norm1,20000000.0,20033386.0,33386.0,0.0,33386.0
low,logic_only,81,dit_adaln_norm1,20250000.0,20283386.0,33386.0,0.0,33386.0
low,logic_only,82,dit_adaln_norm1,20500000.0,20533386.0,33386.0,0.0,33386.0
low,logic_only,83,dit_adaln_norm1,20750000.0,20783386.0,33386.0,0.0,33386.0
low,logic_only,84,dit_adaln_norm1,21000000.0,21033386.0,33386.0,0.0,33386.0
low,logic_only,85,dit_adaln_norm1,21250000.0,21283386.0,33386.0,0.0,33386.0
low,logic_only,86,dit_adaln_norm1,21500000.0,21533386.0,33386.0,0.0,33386.0
low,logic_only,87,dit_adaln_norm1,21750000.0,21783386.0,33386.0,0.0,33386.0
low,logic_only,88,dit_adaln_norm1,22000000.0,22033386.0,33386.0,0.0,33386.0
low,logic_only,89,dit_adaln_norm1,22250000.0,22283386.0,33386.0,0.0,33386.0
low,logic_only,90,dit_adaln_norm1,22500000.0,22533386.0,33386.0,0.0,33386.0
low,logic_only,91,dit_adaln_norm1,22750000.0,22783386.0,33386.0,0.0,33386.0
low,logic_only,92,dit_adaln_norm1,23000000.0,23033386.0,33386.0,0.0,33386.0
low,logic_only,93,dit_adaln_norm1,23250000.0,23283386.0,33386.0,0.0,33386.0
low,logic_only,94,dit_adaln_norm1,23500000.0,23533386.0,33386.0,0.0,33386.0
low,logic_only,95,dit_adaln_norm1,23750000.0,23783386.0,33386.0,0.0,33386.0
low,logic_only,96,dit_adaln_norm1,24000000.0,24033386.0,33386.0,0.0,33386.0
low,logic_only,97,dit_adaln_norm1,24250000.0,24283386.0,33386.0,0.0,33386.0
low,logic_only,98,dit_adaln_norm1,24500000.0,24533386.0,33386.0,0.0,33386.0
low,logic_only,99,dit_adaln_norm1,24750000.0,24783386.0,33386.0,0.0,33386.0
low,logic_only,100,dit_adaln_norm1,25000000.0,25033386.0,33386.0,0.0,33386.0
low,logic_only,101,dit_adaln_norm1,25250000.0,25283386.0,33386.0,0.0,33386.0
low,logic_only,102,dit_adaln_norm1,25500000.0,25533386.0,33386.0,0.0,33386.0
low,logic_only,103,dit_adaln_norm1,25750000.0,25783386.0,33386.0,0.0,33386.0
low,logic_only,104,dit_adaln_norm1,26000000.0,26033386.0,33386.0,0.0,33386.0
low,logic_only,105,dit_adaln_norm1,26250000.0,26283386.0,33386.0,0.0,33386.0
low,logic_only,106,dit_adaln_norm1,26500000.0,26533386.0,33386.0,0.0,33386.0
low,logic_only,107,dit_adaln_norm1,26750000.0,26783386.0,33386.0,0.0,33386.0
low,logic_only,108,dit_adaln_norm1,27000000.0,27033386.0,33386.0,0.0,33386.0
low,logic_only,109,dit_adaln_norm1,27250000.0,27283386.0,33386.0,0.0,33386.0
low,logic_only,110,dit_adaln_norm1,27500000.0,27533386.0,33386.0,0.0,33386.0
low,logic_only,111,dit_adaln_norm1,27750000.0,27783386.0,33386.0,0.0,33386.0
low,logic_only,112,dit_adaln_norm1,28000000.0,28033386.0,33386.0,0.0,33386.0
low,logic_only,113,dit_adaln_norm1,28250000.0,28283386.0,33386.0,0.0,33386.0
low,logic_only,114,dit_adaln_norm1,28500000.0,28533386.0,33386.0,0.0,33386.0
low,logic_only,115,dit_adaln_norm1,28750000.0,28783386.0,33386.0,0.0,33386.0
low,logic_only,116,dit_adaln_norm1,29000000.0,29033386.0,33386.0,0.0,33386.0
low,logic_only,117,dit_adaln_norm1,29250000.0,29283386.0,33386.0,0.0,33386.0
low,logic_only,118,dit_adaln_norm1,29500000.0,29533386.0,33386.0,0.0,33386.0
low,logic_only,119,dit_adaln_norm1,29750000.0,29783386.0,33386.0,0.0,33386.0
low,logic_only,120,dit_adaln_norm1,30000000.0,30033386.0,33386.0,0.0,33386.0
low,logic_only,121,dit_adaln_norm1,30250000.0,30283386.0,33386.0,0.0,33386.0
low,logic_only,122,dit_adaln_norm1,30500000.0,30533386.0,33386.0,0.0,33386.0
low,logic_only,123,dit_adaln_norm1,30750000.0,30783386.0,33386.0,0.0,33386.0
low,logic_only,124,dit_adaln_norm1,31000000.0,31033386.0,33386.0,0.0,33386.0
low,logic_only,125,dit_adaln_norm1,31250000.0,31283386.0,33386.0,0.0,33386.0
low,logic_only,126,dit_adaln_norm1,31500000.0,31533386.0,33386.0,0.0,33386.0
low,logic_only,127,dit_adaln_norm1,31750000.0,31783386.0,33386.0,0.0,33386.0
low,logic_only,128,dit_adaln_norm1,32000000.0,32033386.0,33386.0,0.0,33386.0
low,logic_only,129,dit_adaln_norm1,32250000.0,32283386.0,33386.0,0.0,33386.0
low,logic_only,130,dit_adaln_norm1,32500000.0,32533386.0,33386.0,0.0,33386.0
low,logic_only,131,dit_adaln_norm1,32750000.0,32783386.0,33386.0,0.0,33386.0
low,logic_only,132,dit_adaln_norm1,33000000.0,33033386.0,33386.0,0.0,33386.0
low,logic_only,133,dit_adaln_norm1,33250000.0,33283386.0,33386.0,0.0,33386.0
low,logic_only,134,dit_adaln_norm1,33500000.0,33533386.0,33386.0,0.0,33386.0
low,logic_only,135,dit_adaln_norm1,33750000.0,33783386.0,33386.0,0.0,33386.0
low,logic_only,136,dit_adaln_norm1,34000000.0,34033386.0,33386.0,0.0,33386.0
low,logic_only,137,dit_norm3,34250000.0,34281418.0,31418.0,0.0,31418.0
low,logic_only,138,dit_norm3,34500000.0,34531418.0,31418.0,0.0,31418.0
low,logic_only,139,dit_norm3,34750000.0,34781418.0,31418.0,0.0,31418.0
low,logic_only,140,dit_norm3,35000000.0,35031418.0,31418.0,0.0,31418.0
low,logic_only,141,dit_norm3,35250000.0,35281418.0,31418.0,0.0,31418.0
low,logic_only,142,dit_norm3,35500000.0,35531418.0,31418.0,0.0,31418.0
low,logic_only,143,dit_norm3,35750000.0,35781418.0,31418.0,0.0,31418.0
low,logic_only,144,dit_norm3,36000000.0,36031418.0,31418.0,0.0,31418.0
low,logic_only,145,dit_norm3,36250000.0,36281418.0,31418.0,0.0,31418.0
low,logic_only,146,dit_norm3,36500000.0,36531418.0,31418.0,0.0,31418.0
low,logic_only,147,dit_norm3,36750000.0,36781418.0,31418.0,0.0,31418.0
low,logic_only,148,dit_norm3,37000000.0,37031418.0,31418.0,0.0,31418.0
low,logic_only,149,dit_norm3,37250000.0,37281418.0,31418.0,0.0,31418.0
low,logic_only,150,dit_norm3,37500000.0,37531418.0,31418.0,0.0,31418.0
low,logic_only,151,dit_norm3,37750000.0,37781418.0,31418.0,0.0,31418.0
low,logic_only,152,dit_norm3,38000000.0,38031418.0,31418.0,0.0,31418.0
low,logic_only,153,dit_norm3,38250000.0,38281418.0,31418.0,0.0,31418.0
low,logic_only,154,dit_norm3,38500000.0,38531418.0,31418.0,0.0,31418.0
low,logic_only,155,dit_norm3,38750000.0,38781418.0,31418.0,0.0,31418.0
low,logic_only,156,dit_norm3,39000000.0,39031418.0,31418.0,0.0,31418.0
low,logic_only,157,dit_norm3,39250000.0,39281418.0,31418.0,0.0,31418.0
low,logic_only,158,dit_norm3,39500000.0,39531418.0,31418.0,0.0,31418.0
low,logic_only,159,dit_norm3,39750000.0,39781418.0,31418.0,0.0,31418.0
low,logic_only,160,dit_norm3,40000000.0,40031418.0,31418.0,0.0,31418.0
low,logic_only,161,dit_norm3,40250000.0,40281418.0,31418.0,0.0,31418.0
low,logic_only,162,dit_norm3,40500000.0,40531418.0,31418.0,0.0,31418.0
low,logic_only,163,dit_norm3,40750000.0,40781418.0,31418.0,0.0,31418.0
low,logic_only,164,dit_norm3,41000000.0,41031418.0,31418.0,0.0,31418.0
low,logic_only,165,dit_norm3,41250000.0,41281418.0,31418.0,0.0,31418.0
low,logic_only,166,dit_norm3,41500000.0,41531418.0,31418.0,0.0,31418.0
low,logic_only,167,dit_norm3,41750000.0,41781418.0,31418.0,0.0,31418.0
low,logic_only,168,dit_norm3,42000000.0,42031418.0,31418.0,0.0,31418.0
low,logic_only,169,dit_norm3,42250000.0,42281418.0,31418.0,0.0,31418.0
low,logic_only,170,dit_norm3,42500000.0,42531418.0,31418.0,0.0,31418.0
low,logic_only,171,dit_norm3,42750000.0,42781418.0,31418.0,0.0,31418.0
low,logic_only,172,dit_norm3,43000000.0,43031418.0,31418.0,0.0,31418.0
low,logic_only,173,dit_norm3,43250000.0,43281418.0,31418.0,0.0,31418.0
low,logic_only,174,dit_norm3,43500000.0,43531418.0,31418.0,0.0,31418.0
low,logic_only,175,dit_norm3,43750000.0,43781418.0,31418.0,0.0,31418.0
low,logic_only,176,dit_norm3,44000000.0,44031418.0,31418.0,0.0,31418.0
low,logic_only,177,dit_norm3,44250000.0,44281418.0,31418.0,0.0,31418.0
low,logic_only,178,dit_norm3,44500000.0,44531418.0,31418.0,0.0,31418.0
low,logic_only,179,dit_norm3,44750000.0,44781418.0,31418.0,0.0,31418.0
low,logic_only,180,dit_norm3,45000000.0,45031418.0,31418.0,0.0,31418.0
low,logic_only,181,dit_norm3,45250000.0,45281418.0,31418.0,0.0,31418.0
low,logic_only,182,dit_norm3,45500000.0,45531418.0,31418.0,0.0,31418.0
low,logic_only,183,dit_norm3,45750000.0,45781418.0,31418.0,0.0,31418.0
low,logic_only,184,dit_norm3,46000000.0,46031418.0,31418.0,0.0,31418.0
low,logic_only,185,dit_norm3,46250000.0,46281418.0,31418.0,0.0,31418.0
low,logic_only,186,dit_norm3,46500000.0,46531418.0,31418.0,0.0,31418.0
low,logic_only,187,dit_norm3,46750000.0,46781418.0,31418.0,0.0,31418.0
low,logic_only,188,dit_norm3,47000000.0,47031418.0,31418.0,0.0,31418.0
low,logic_only,189,dit_norm3,47250000.0,47281418.0,31418.0,0.0,31418.0
low,logic_only,190,dit_norm3,47500000.0,47531418.0,31418.0,0.0,31418.0
low,logic_only,191,dit_norm3,47750000.0,47781418.0,31418.0,0.0,31418.0
low,logic_only,192,dit_norm3,48000000.0,48031418.0,31418.0,0.0,31418.0
low,logic_only,193,dit_norm3,48250000.0,48281418.0,31418.0,0.0,31418.0
low,logic_only,194,dit_norm3,48500000.0,48531418.0,31418.0,0.0,31418.0
low,logic_only,195,dit_norm3,48750000.0,48781418.0,31418.0,0.0,31418.0
low,logic_only,196,dit_norm3,49000000.0,49031418.0,31418.0,0.0,31418.0
low,logic_only,197,dit_norm3,49250000.0,49281418.0,31418.0,0.0,31418.0
low,logic_only,198,dit_norm3,49500000.0,49531418.0,31418.0,0.0,31418.0
low,logic_only,199,dit_norm3,49750000.0,49781418.0,31418.0,0.0,31418.0
low,logic_only,200,dit_norm3,50000000.0,50031418.0,31418.0,0.0,31418.0
low,logic_only,201,dit_norm3,50250000.0,50281418.0,31418.0,0.0,31418.0
low,logic_only,202,dit_norm3,50500000.0,50531418.0,31418.0,0.0,31418.0
low,logic_only,203,dit_norm3,50750000.0,50781418.0,31418.0,0.0,31418.0
low,logic_only,204,dit_norm3,51000000.0,51031418.0,31418.0,0.0,31418.0
low,logic_only,205,dit_norm3,51250000.0,51281418.0,31418.0,0.0,31418.0
low,logic_only,206,dit_norm3,51500000.0,51531418.0,31418.0,0.0,31418.0
low,logic_only,207,dit_norm3,51750000.0,51781418.0,31418.0,0.0,31418.0
low,logic_only,208,dit_norm3,52000000.0,52031418.0,31418.0,0.0,31418.0
low,logic_only,209,dit_norm3,52250000.0,52281418.0,31418.0,0.0,31418.0
low,logic_only,210,dit_norm3,52500000.0,52531418.0,31418.0,0.0,31418.0
low,logic_only,211,dit_norm3,52750000.0,52781418.0,31418.0,0.0,31418.0
low,logic_only,212,dit_norm3,53000000.0,53031418.0,31418.0,0.0,31418.0
low,logic_only,213,dit_norm3,53250000.0,53281418.0,31418.0,0.0,31418.0
low,logic_only,214,dit_norm3,53500000.0,53531418.0,31418.0,0.0,31418.0
low,logic_only,215,dit_norm3,53750000.0,53781418.0,31418.0,0.0,31418.0
low,logic_only,216,dit_norm3,54000000.0,54031418.0,31418.0,0.0,31418.0
low,logic_only,217,dit_norm3,54250000.0,54281418.0,31418.0,0.0,31418.0
low,logic_only,218,dit_norm3,54500000.0,54531418.0,31418.0,0.0,31418.0
low,logic_only,219,dit_norm3,54750000.0,54781418.0,31418.0,0.0,31418.0
low,logic_only,220,dit_norm3,55000000.0,55031418.0,31418.0,0.0,31418.0
low,logic_only,221,dit_norm3,55250000.0,55281418.0,31418.0,0.0,31418.0
low,logic_only,222,dit_norm3,55500000.0,55531418.0,31418.0,0.0,31418.0
low,logic_only,223,dit_norm3,55750000.0,55781418.0,31418.0,0.0,31418.0
low,logic_only,224,dit_norm3,56000000.0,56031418.0,31418.0,0.0,31418.0
low,logic_only,225,dit_norm3,56250000.0,56281418.0,31418.0,0.0,31418.0
low,logic_only,226,dit_norm3,56500000.0,56531418.0,31418.0,0.0,31418.0
low,logic_only,227,dit_norm3,56750000.0,56781418.0,31418.0,0.0,31418.0
low,logic_only,228,dit_norm3,57000000.0,57031418.0,31418.0,0.0,31418.0
low,logic_only,229,dit_norm3,57250000.0,57281418.0,31418.0,0.0,31418.0
low,logic_only,230,dit_norm3,57500000.0,57531418.0,31418.0,0.0,31418.0
low,logic_only,231,dit_norm3,57750000.0,57781418.0,31418.0,0.0,31418.0
low,logic_only,232,dit_norm3,58000000.0,58031418.0,31418.0,0.0,31418.0
low,logic_only,233,dit_norm3,58250000.0,58281418.0,31418.0,0.0,31418.0
low,logic_only,234,dit_norm3,58500000.0,58531418.0,31418.0,0.0,31418.0
low,logic_only,235,dit_norm3,58750000.0,58781418.0,31418.0,0.0,31418.0
low,logic_only,236,dit_norm3,59000000.0,59031418.0,31418.0,0.0,31418.0
low,logic_only,237,dit_norm3,59250000.0,59281418.0,31418.0,0.0,31418.0
low,logic_only,238,dit_norm3,59500000.0,59531418.0,31418.0,0.0,31418.0
low,logic_only,239,dit_norm3,59750000.0,59781418.0,31418.0,0.0,31418.0
low,logic_only,240,dit_norm3,60000000.0,60031418.0,31418.0,0.0,31418.0
low,logic_only,241,dit_norm3,60250000.0,60281418.0,31418.0,0.0,31418.0
low,logic_only,242,dit_norm3,60500000.0,60531418.0,31418.0,0.0,31418.0
low,logic_only,243,dit_norm3,60750000.0,60781418.0,31418.0,0.0,31418.0
low,logic_only,244,dit_norm3,61000000.0,61031418.0,31418.0,0.0,31418.0
low,logic_only,245,dit_norm3,61250000.0,61281418.0,31418.0,0.0,31418.0
low,logic_only,246,dit_norm3,61500000.0,61531418.0,31418.0,0.0,31418.0
low,logic_only,247,dit_norm3,61750000.0,61781418.0,31418.0,0.0,31418.0
low,logic_only,248,dit_norm3,62000000.0,62031418.0,31418.0,0.0,31418.0
low,logic_only,249,dit_norm3,62250000.0,62281418.0,31418.0,0.0,31418.0
low,logic_only,250,dit_norm3,62500000.0,62531418.0,31418.0,0.0,31418.0
low,logic_only,251,dit_norm3,62750000.0,62781418.0,31418.0,0.0,31418.0
low,logic_only,252,dit_norm3,63000000.0,63031418.0,31418.0,0.0,31418.0
low,logic_only,253,dit_norm3,63250000.0,63281418.0,31418.0,0.0,31418.0
low,logic_only,254,dit_norm3,63500000.0,63531418.0,31418.0,0.0,31418.0
low,logic_only,255,dit_norm3,63750000.0,63781418.0,31418.0,0.0,31418.0
low,logic_only,256,dit_norm3,64000000.0,64031418.0,31418.0,0.0,31418.0
low,logic_only,257,dit_norm3,64250000.0,64281418.0,31418.0,0.0,31418.0
low,logic_only,258,dit_norm3,64500000.0,64531418.0,31418.0,0.0,31418.0
low,logic_only,259,dit_norm3,64750000.0,64781418.0,31418.0,0.0,31418.0
low,logic_only,260,dit_norm3,65000000.0,65031418.0,31418.0,0.0,31418.0
low,logic_only,261,dit_norm3,65250000.0,65281418.0,31418.0,0.0,31418.0
low,logic_only,262,dit_norm3,65500000.0,65531418.0,31418.0,0.0,31418.0
low,logic_only,263,dit_norm3,65750000.0,65781418.0,31418.0,0.0,31418.0
low,logic_only,264,dit_norm3,66000000.0,66031418.0,31418.0,0.0,31418.0
low,logic_only,265,dit_norm_out,66250000.0,66281466.0,31466.0,0.0,31466.0
low,logic_only,266,dit_norm_out,66500000.0,66531466.0,31466.0,0.0,31466.0
low,logic_only,267,dit_norm_out,66750000.0,66781466.0,31466.0,0.0,31466.0
low,logic_only,268,dit_norm_out,67000000.0,67031466.0,31466.0,0.0,31466.0
low,logic_only,269,qwen_input_post_attention,67250000.0,67340032.0,90032.0,0.0,90032.0
low,logic_only,270,qwen_input_post_attention,67500000.0,67590032.0,90032.0,0.0,90032.0
low,logic_only,271,qwen_input_post_attention,67750000.0,67840032.0,90032.0,0.0,90032.0
low,logic_only,272,qwen_input_post_attention,68000000.0,68090032.0,90032.0,0.0,90032.0
low,logic_only,273,qwen_input_post_attention,68250000.0,68340032.0,90032.0,0.0,90032.0
low,logic_only,274,qwen_input_post_attention,68500000.0,68590032.0,90032.0,0.0,90032.0
low,logic_only,275,qwen_input_post_attention,68750000.0,68840032.0,90032.0,0.0,90032.0
low,logic_only,276,qwen_input_post_attention,69000000.0,69090032.0,90032.0,0.0,90032.0
low,logic_only,277,qwen_input_post_attention,69250000.0,69340032.0,90032.0,0.0,90032.0
low,logic_only,278,qwen_input_post_attention,69500000.0,69590032.0,90032.0,0.0,90032.0
low,logic_only,279,qwen_input_post_attention,69750000.0,69840032.0,90032.0,0.0,90032.0
low,logic_only,280,qwen_input_post_attention,70000000.0,70090032.0,90032.0,0.0,90032.0
low,logic_only,281,qwen_input_post_attention,70250000.0,70340032.0,90032.0,0.0,90032.0
low,logic_only,282,qwen_input_post_attention,70500000.0,70590032.0,90032.0,0.0,90032.0
low,logic_only,283,qwen_input_post_attention,70750000.0,70840032.0,90032.0,0.0,90032.0
low,logic_only,284,qwen_input_post_attention,71000000.0,71090032.0,90032.0,0.0,90032.0
low,logic_only,285,qwen_input_post_attention,71250000.0,71340032.0,90032.0,0.0,90032.0
low,logic_only,286,qwen_input_post_attention,71500000.0,71590032.0,90032.0,0.0,90032.0
low,logic_only,287,qwen_input_post_attention,71750000.0,71840032.0,90032.0,0.0,90032.0
low,logic_only,288,qwen_input_post_attention,72000000.0,72090032.0,90032.0,0.0,90032.0
low,logic_only,289,qwen_input_post_attention,72250000.0,72340032.0,90032.0,0.0,90032.0
low,logic_only,290,qwen_input_post_attention,72500000.0,72590032.0,90032.0,0.0,90032.0
low,logic_only,291,qwen_input_post_attention,72750000.0,72840032.0,90032.0,0.0,90032.0
low,logic_only,292,qwen_input_post_attention,73000000.0,73090032.0,90032.0,0.0,90032.0
low,logic_only,293,qwen_input_post_attention,73250000.0,73340032.0,90032.0,0.0,90032.0
low,logic_only,294,qwen_input_post_attention,73500000.0,73590032.0,90032.0,0.0,90032.0
low,logic_only,295,qwen_input_post_attention,73750000.0,73840032.0,90032.0,0.0,90032.0
low,logic_only,296,qwen_input_post_attention,74000000.0,74090032.0,90032.0,0.0,90032.0
low,logic_only,297,qwen_input_post_attention,74250000.0,74340032.0,90032.0,0.0,90032.0
low,logic_only,298,qwen_input_post_attention,74500000.0,74590032.0,90032.0,0.0,90032.0
low,logic_only,299,qwen_input_post_attention,74750000.0,74840032.0,90032.0,0.0,90032.0
low,logic_only,300,qwen_input_post_attention,75000000.0,75090032.0,90032.0,0.0,90032.0
low,logic_only,301,qwen_query_key,75250000.0,75367101.0,117101.0,0.0,117101.0
low,logic_only,302,qwen_query_key,75500000.0,75617101.0,117101.0,0.0,117101.0
low,logic_only,303,qwen_query_key,75750000.0,75867101.0,117101.0,0.0,117101.0
low,logic_only,304,qwen_query_key,76000000.0,76117101.0,117101.0,0.0,117101.0
low,logic_only,305,qwen_query_key,76250000.0,76367101.0,117101.0,0.0,117101.0
low,logic_only,306,qwen_query_key,76500000.0,76617101.0,117101.0,0.0,117101.0
low,logic_only,307,qwen_query_key,76750000.0,76867101.0,117101.0,0.0,117101.0
low,logic_only,308,qwen_query_key,77000000.0,77117101.0,117101.0,0.0,117101.0
low,logic_only,309,qwen_query_key,77250000.0,77367101.0,117101.0,0.0,117101.0
low,logic_only,310,qwen_query_key,77500000.0,77617101.0,117101.0,0.0,117101.0
low,logic_only,311,qwen_query_key,77750000.0,77867101.0,117101.0,0.0,117101.0
low,logic_only,312,qwen_query_key,78000000.0,78117101.0,117101.0,0.0,117101.0
low,logic_only,313,qwen_query_key,78250000.0,78367101.0,117101.0,0.0,117101.0
low,logic_only,314,qwen_query_key,78500000.0,78617101.0,117101.0,0.0,117101.0
low,logic_only,315,qwen_query_key,78750000.0,78867101.0,117101.0,0.0,117101.0
low,logic_only,316,qwen_query_key,79000000.0,79117101.0,117101.0,0.0,117101.0
low,logic_only,317,qwen_query_key,79250000.0,79367101.0,117101.0,0.0,117101.0
low,logic_only,318,qwen_query_key,79500000.0,79617101.0,117101.0,0.0,117101.0
low,logic_only,319,qwen_query_key,79750000.0,79867101.0,117101.0,0.0,117101.0
low,logic_only,320,qwen_query_key,80000000.0,80117101.0,117101.0,0.0,117101.0
low,logic_only,321,qwen_query_key,80250000.0,80367101.0,117101.0,0.0,117101.0
low,logic_only,322,qwen_query_key,80500000.0,80617101.0,117101.0,0.0,117101.0
low,logic_only,323,qwen_query_key,80750000.0,80867101.0,117101.0,0.0,117101.0
low,logic_only,324,qwen_query_key,81000000.0,81117101.0,117101.0,0.0,117101.0
low,logic_only,325,qwen_query_key,81250000.0,81367101.0,117101.0,0.0,117101.0
low,logic_only,326,qwen_query_key,81500000.0,81617101.0,117101.0,0.0,117101.0
low,logic_only,327,qwen_query_key,81750000.0,81867101.0,117101.0,0.0,117101.0
low,logic_only,328,qwen_query_key,82000000.0,82117101.0,117101.0,0.0,117101.0
low,logic_only,329,qwen_query_key,82250000.0,82367101.0,117101.0,0.0,117101.0
low,logic_only,330,qwen_query_key,82500000.0,82617101.0,117101.0,0.0,117101.0
low,logic_only,331,qwen_query_key,82750000.0,82867101.0,117101.0,0.0,117101.0
low,logic_only,332,qwen_query_key,83000000.0,83117101.0,117101.0,0.0,117101.0
low,hierarchical,0,vlln,0.0,576477.5,576477.5,0.0,576477.5
low,hierarchical,1,vl_self_attention_norm1_norm3,250000.0,826477.5,576477.5,0.0,576477.5
low,hierarchical,2,vl_self_attention_norm1_norm3,500000.0,1076477.5,576477.5,0.0,576477.5
low,hierarchical,3,vl_self_attention_norm1_norm3,750000.0,1326477.5,576477.5,0.0,576477.5
low,hierarchical,4,vl_self_attention_norm1_norm3,1000000.0,1576477.5,576477.5,0.0,576477.5
low,hierarchical,5,vl_self_attention_norm1_norm3,1250000.0,1826477.5,576477.5,0.0,576477.5
low,hierarchical,6,vl_self_attention_norm1_norm3,1500000.0,2076477.5,576477.5,0.0,576477.5
low,hierarchical,7,vl_self_attention_norm1_norm3,1750000.0,2326477.5,576477.5,0.0,576477.5
low,hierarchical,8,vl_self_attention_norm1_norm3,2000000.0,2576477.5,576477.5,0.0,576477.5
low,hierarchical,9,dit_adaln_norm1,2250000.0,2459911.0625,209911.0625,115137.5,94773.5625
low,hierarchical,10,dit_adaln_norm1,2500000.0,2594773.5625,94773.5625,0.0,94773.5625
low,hierarchical,11,dit_adaln_norm1,2750000.0,2844773.5625,94773.5625,0.0,94773.5625
low,hierarchical,12,dit_adaln_norm1,3000000.0,3094773.5625,94773.5625,0.0,94773.5625
low,hierarchical,13,dit_adaln_norm1,3250000.0,3344773.5625,94773.5625,0.0,94773.5625
low,hierarchical,14,dit_adaln_norm1,3500000.0,3594773.5625,94773.5625,0.0,94773.5625
low,hierarchical,15,dit_adaln_norm1,3750000.0,3844773.5625,94773.5625,0.0,94773.5625
low,hierarchical,16,dit_adaln_norm1,4000000.0,4094773.5625,94773.5625,0.0,94773.5625
low,hierarchical,17,dit_adaln_norm1,4250000.0,4344773.5625,94773.5625,0.0,94773.5625
low,hierarchical,18,dit_adaln_norm1,4500000.0,4594773.5625,94773.5625,0.0,94773.5625
low,hierarchical,19,dit_adaln_norm1,4750000.0,4844773.5625,94773.5625,0.0,94773.5625
low,hierarchical,20,dit_adaln_norm1,5000000.0,5094773.5625,94773.5625,0.0,94773.5625
low,hierarchical,21,dit_adaln_norm1,5250000.0,5344773.5625,94773.5625,0.0,94773.5625
low,hierarchical,22,dit_adaln_norm1,5500000.0,5594773.5625,94773.5625,0.0,94773.5625
low,hierarchical,23,dit_adaln_norm1,5750000.0,5844773.5625,94773.5625,0.0,94773.5625
low,hierarchical,24,dit_adaln_norm1,6000000.0,6094773.5625,94773.5625,0.0,94773.5625
low,hierarchical,25,dit_adaln_norm1,6250000.0,6344773.5625,94773.5625,0.0,94773.5625
low,hierarchical,26,dit_adaln_norm1,6500000.0,6594773.5625,94773.5625,0.0,94773.5625
low,hierarchical,27,dit_adaln_norm1,6750000.0,6844773.5625,94773.5625,0.0,94773.5625
low,hierarchical,28,dit_adaln_norm1,7000000.0,7094773.5625,94773.5625,0.0,94773.5625
low,hierarchical,29,dit_adaln_norm1,7250000.0,7344773.5625,94773.5625,0.0,94773.5625
low,hierarchical,30,dit_adaln_norm1,7500000.0,7594773.5625,94773.5625,0.0,94773.5625
low,hierarchical,31,dit_adaln_norm1,7750000.0,7844773.5625,94773.5625,0.0,94773.5625
low,hierarchical,32,dit_adaln_norm1,8000000.0,8094773.5625,94773.5625,0.0,94773.5625
low,hierarchical,33,dit_adaln_norm1,8250000.0,8344773.5625,94773.5625,0.0,94773.5625
low,hierarchical,34,dit_adaln_norm1,8500000.0,8594773.5625,94773.5625,0.0,94773.5625
low,hierarchical,35,dit_adaln_norm1,8750000.0,8844773.5625,94773.5625,0.0,94773.5625
low,hierarchical,36,dit_adaln_norm1,9000000.0,9094773.5625,94773.5625,0.0,94773.5625
low,hierarchical,37,dit_adaln_norm1,9250000.0,9344773.5625,94773.5625,0.0,94773.5625
low,hierarchical,38,dit_adaln_norm1,9500000.0,9594773.5625,94773.5625,0.0,94773.5625
low,hierarchical,39,dit_adaln_norm1,9750000.0,9844773.5625,94773.5625,0.0,94773.5625
low,hierarchical,40,dit_adaln_norm1,10000000.0,10094773.5625,94773.5625,0.0,94773.5625
low,hierarchical,41,dit_adaln_norm1,10250000.0,10344773.5625,94773.5625,0.0,94773.5625
low,hierarchical,42,dit_adaln_norm1,10500000.0,10594773.5625,94773.5625,0.0,94773.5625
low,hierarchical,43,dit_adaln_norm1,10750000.0,10844773.5625,94773.5625,0.0,94773.5625
low,hierarchical,44,dit_adaln_norm1,11000000.0,11094773.5625,94773.5625,0.0,94773.5625
low,hierarchical,45,dit_adaln_norm1,11250000.0,11344773.5625,94773.5625,0.0,94773.5625
low,hierarchical,46,dit_adaln_norm1,11500000.0,11594773.5625,94773.5625,0.0,94773.5625
low,hierarchical,47,dit_adaln_norm1,11750000.0,11844773.5625,94773.5625,0.0,94773.5625
low,hierarchical,48,dit_adaln_norm1,12000000.0,12094773.5625,94773.5625,0.0,94773.5625
low,hierarchical,49,dit_adaln_norm1,12250000.0,12344773.5625,94773.5625,0.0,94773.5625
low,hierarchical,50,dit_adaln_norm1,12500000.0,12594773.5625,94773.5625,0.0,94773.5625
low,hierarchical,51,dit_adaln_norm1,12750000.0,12844773.5625,94773.5625,0.0,94773.5625
low,hierarchical,52,dit_adaln_norm1,13000000.0,13094773.5625,94773.5625,0.0,94773.5625
low,hierarchical,53,dit_adaln_norm1,13250000.0,13344773.5625,94773.5625,0.0,94773.5625
low,hierarchical,54,dit_adaln_norm1,13500000.0,13594773.5625,94773.5625,0.0,94773.5625
low,hierarchical,55,dit_adaln_norm1,13750000.0,13844773.5625,94773.5625,0.0,94773.5625
low,hierarchical,56,dit_adaln_norm1,14000000.0,14094773.5625,94773.5625,0.0,94773.5625
low,hierarchical,57,dit_adaln_norm1,14250000.0,14344773.5625,94773.5625,0.0,94773.5625
low,hierarchical,58,dit_adaln_norm1,14500000.0,14594773.5625,94773.5625,0.0,94773.5625
low,hierarchical,59,dit_adaln_norm1,14750000.0,14844773.5625,94773.5625,0.0,94773.5625
low,hierarchical,60,dit_adaln_norm1,15000000.0,15094773.5625,94773.5625,0.0,94773.5625
low,hierarchical,61,dit_adaln_norm1,15250000.0,15344773.5625,94773.5625,0.0,94773.5625
low,hierarchical,62,dit_adaln_norm1,15500000.0,15594773.5625,94773.5625,0.0,94773.5625
low,hierarchical,63,dit_adaln_norm1,15750000.0,15844773.5625,94773.5625,0.0,94773.5625
low,hierarchical,64,dit_adaln_norm1,16000000.0,16094773.5625,94773.5625,0.0,94773.5625
low,hierarchical,65,dit_adaln_norm1,16250000.0,16344773.5625,94773.5625,0.0,94773.5625
low,hierarchical,66,dit_adaln_norm1,16500000.0,16594773.5625,94773.5625,0.0,94773.5625
low,hierarchical,67,dit_adaln_norm1,16750000.0,16844773.5625,94773.5625,0.0,94773.5625
low,hierarchical,68,dit_adaln_norm1,17000000.0,17094773.5625,94773.5625,0.0,94773.5625
low,hierarchical,69,dit_adaln_norm1,17250000.0,17344773.5625,94773.5625,0.0,94773.5625
low,hierarchical,70,dit_adaln_norm1,17500000.0,17594773.5625,94773.5625,0.0,94773.5625
low,hierarchical,71,dit_adaln_norm1,17750000.0,17844773.5625,94773.5625,0.0,94773.5625
low,hierarchical,72,dit_adaln_norm1,18000000.0,18094773.5625,94773.5625,0.0,94773.5625
low,hierarchical,73,dit_adaln_norm1,18250000.0,18344773.5625,94773.5625,0.0,94773.5625
low,hierarchical,74,dit_adaln_norm1,18500000.0,18594773.5625,94773.5625,0.0,94773.5625
low,hierarchical,75,dit_adaln_norm1,18750000.0,18844773.5625,94773.5625,0.0,94773.5625
low,hierarchical,76,dit_adaln_norm1,19000000.0,19094773.5625,94773.5625,0.0,94773.5625
low,hierarchical,77,dit_adaln_norm1,19250000.0,19344773.5625,94773.5625,0.0,94773.5625
low,hierarchical,78,dit_adaln_norm1,19500000.0,19594773.5625,94773.5625,0.0,94773.5625
low,hierarchical,79,dit_adaln_norm1,19750000.0,19844773.5625,94773.5625,0.0,94773.5625
low,hierarchical,80,dit_adaln_norm1,20000000.0,20094773.5625,94773.5625,0.0,94773.5625
low,hierarchical,81,dit_adaln_norm1,20250000.0,20344773.5625,94773.5625,0.0,94773.5625
low,hierarchical,82,dit_adaln_norm1,20500000.0,20594773.5625,94773.5625,0.0,94773.5625
low,hierarchical,83,dit_adaln_norm1,20750000.0,20844773.5625,94773.5625,0.0,94773.5625
low,hierarchical,84,dit_adaln_norm1,21000000.0,21094773.5625,94773.5625,0.0,94773.5625
low,hierarchical,85,dit_adaln_norm1,21250000.0,21344773.5625,94773.5625,0.0,94773.5625
low,hierarchical,86,dit_adaln_norm1,21500000.0,21594773.5625,94773.5625,0.0,94773.5625
low,hierarchical,87,dit_adaln_norm1,21750000.0,21844773.5625,94773.5625,0.0,94773.5625
low,hierarchical,88,dit_adaln_norm1,22000000.0,22094773.5625,94773.5625,0.0,94773.5625
low,hierarchical,89,dit_adaln_norm1,22250000.0,22344773.5625,94773.5625,0.0,94773.5625
low,hierarchical,90,dit_adaln_norm1,22500000.0,22594773.5625,94773.5625,0.0,94773.5625
low,hierarchical,91,dit_adaln_norm1,22750000.0,22844773.5625,94773.5625,0.0,94773.5625
low,hierarchical,92,dit_adaln_norm1,23000000.0,23094773.5625,94773.5625,0.0,94773.5625
low,hierarchical,93,dit_adaln_norm1,23250000.0,23344773.5625,94773.5625,0.0,94773.5625
low,hierarchical,94,dit_adaln_norm1,23500000.0,23594773.5625,94773.5625,0.0,94773.5625
low,hierarchical,95,dit_adaln_norm1,23750000.0,23844773.5625,94773.5625,0.0,94773.5625
low,hierarchical,96,dit_adaln_norm1,24000000.0,24094773.5625,94773.5625,0.0,94773.5625
low,hierarchical,97,dit_adaln_norm1,24250000.0,24344773.5625,94773.5625,0.0,94773.5625
low,hierarchical,98,dit_adaln_norm1,24500000.0,24594773.5625,94773.5625,0.0,94773.5625
low,hierarchical,99,dit_adaln_norm1,24750000.0,24844773.5625,94773.5625,0.0,94773.5625
low,hierarchical,100,dit_adaln_norm1,25000000.0,25094773.5625,94773.5625,0.0,94773.5625
low,hierarchical,101,dit_adaln_norm1,25250000.0,25344773.5625,94773.5625,0.0,94773.5625
low,hierarchical,102,dit_adaln_norm1,25500000.0,25594773.5625,94773.5625,0.0,94773.5625
low,hierarchical,103,dit_adaln_norm1,25750000.0,25844773.5625,94773.5625,0.0,94773.5625
low,hierarchical,104,dit_adaln_norm1,26000000.0,26094773.5625,94773.5625,0.0,94773.5625
low,hierarchical,105,dit_adaln_norm1,26250000.0,26344773.5625,94773.5625,0.0,94773.5625
low,hierarchical,106,dit_adaln_norm1,26500000.0,26594773.5625,94773.5625,0.0,94773.5625
low,hierarchical,107,dit_adaln_norm1,26750000.0,26844773.5625,94773.5625,0.0,94773.5625
low,hierarchical,108,dit_adaln_norm1,27000000.0,27094773.5625,94773.5625,0.0,94773.5625
low,hierarchical,109,dit_adaln_norm1,27250000.0,27344773.5625,94773.5625,0.0,94773.5625
low,hierarchical,110,dit_adaln_norm1,27500000.0,27594773.5625,94773.5625,0.0,94773.5625
low,hierarchical,111,dit_adaln_norm1,27750000.0,27844773.5625,94773.5625,0.0,94773.5625
low,hierarchical,112,dit_adaln_norm1,28000000.0,28094773.5625,94773.5625,0.0,94773.5625
low,hierarchical,113,dit_adaln_norm1,28250000.0,28344773.5625,94773.5625,0.0,94773.5625
low,hierarchical,114,dit_adaln_norm1,28500000.0,28594773.5625,94773.5625,0.0,94773.5625
low,hierarchical,115,dit_adaln_norm1,28750000.0,28844773.5625,94773.5625,0.0,94773.5625
low,hierarchical,116,dit_adaln_norm1,29000000.0,29094773.5625,94773.5625,0.0,94773.5625
low,hierarchical,117,dit_adaln_norm1,29250000.0,29344773.5625,94773.5625,0.0,94773.5625
low,hierarchical,118,dit_adaln_norm1,29500000.0,29594773.5625,94773.5625,0.0,94773.5625
low,hierarchical,119,dit_adaln_norm1,29750000.0,29844773.5625,94773.5625,0.0,94773.5625
low,hierarchical,120,dit_adaln_norm1,30000000.0,30094773.5625,94773.5625,0.0,94773.5625
low,hierarchical,121,dit_adaln_norm1,30250000.0,30344773.5625,94773.5625,0.0,94773.5625
low,hierarchical,122,dit_adaln_norm1,30500000.0,30594773.5625,94773.5625,0.0,94773.5625
low,hierarchical,123,dit_adaln_norm1,30750000.0,30844773.5625,94773.5625,0.0,94773.5625
low,hierarchical,124,dit_adaln_norm1,31000000.0,31094773.5625,94773.5625,0.0,94773.5625
low,hierarchical,125,dit_adaln_norm1,31250000.0,31344773.5625,94773.5625,0.0,94773.5625
low,hierarchical,126,dit_adaln_norm1,31500000.0,31594773.5625,94773.5625,0.0,94773.5625
low,hierarchical,127,dit_adaln_norm1,31750000.0,31844773.5625,94773.5625,0.0,94773.5625
low,hierarchical,128,dit_adaln_norm1,32000000.0,32094773.5625,94773.5625,0.0,94773.5625
low,hierarchical,129,dit_adaln_norm1,32250000.0,32344773.5625,94773.5625,0.0,94773.5625
low,hierarchical,130,dit_adaln_norm1,32500000.0,32594773.5625,94773.5625,0.0,94773.5625
low,hierarchical,131,dit_adaln_norm1,32750000.0,32844773.5625,94773.5625,0.0,94773.5625
low,hierarchical,132,dit_adaln_norm1,33000000.0,33094773.5625,94773.5625,0.0,94773.5625
low,hierarchical,133,dit_adaln_norm1,33250000.0,33344773.5625,94773.5625,0.0,94773.5625
low,hierarchical,134,dit_adaln_norm1,33500000.0,33594773.5625,94773.5625,0.0,94773.5625
low,hierarchical,135,dit_adaln_norm1,33750000.0,33844773.5625,94773.5625,0.0,94773.5625
low,hierarchical,136,dit_adaln_norm1,34000000.0,34094773.5625,94773.5625,0.0,94773.5625
low,hierarchical,137,dit_norm3,34250000.0,34344773.5625,94773.5625,0.0,94773.5625
low,hierarchical,138,dit_norm3,34500000.0,34594773.5625,94773.5625,0.0,94773.5625
low,hierarchical,139,dit_norm3,34750000.0,34844773.5625,94773.5625,0.0,94773.5625
low,hierarchical,140,dit_norm3,35000000.0,35094773.5625,94773.5625,0.0,94773.5625
low,hierarchical,141,dit_norm3,35250000.0,35344773.5625,94773.5625,0.0,94773.5625
low,hierarchical,142,dit_norm3,35500000.0,35594773.5625,94773.5625,0.0,94773.5625
low,hierarchical,143,dit_norm3,35750000.0,35844773.5625,94773.5625,0.0,94773.5625
low,hierarchical,144,dit_norm3,36000000.0,36094773.5625,94773.5625,0.0,94773.5625
low,hierarchical,145,dit_norm3,36250000.0,36344773.5625,94773.5625,0.0,94773.5625
low,hierarchical,146,dit_norm3,36500000.0,36594773.5625,94773.5625,0.0,94773.5625
low,hierarchical,147,dit_norm3,36750000.0,36844773.5625,94773.5625,0.0,94773.5625
low,hierarchical,148,dit_norm3,37000000.0,37094773.5625,94773.5625,0.0,94773.5625
low,hierarchical,149,dit_norm3,37250000.0,37344773.5625,94773.5625,0.0,94773.5625
low,hierarchical,150,dit_norm3,37500000.0,37594773.5625,94773.5625,0.0,94773.5625
low,hierarchical,151,dit_norm3,37750000.0,37844773.5625,94773.5625,0.0,94773.5625
low,hierarchical,152,dit_norm3,38000000.0,38094773.5625,94773.5625,0.0,94773.5625
low,hierarchical,153,dit_norm3,38250000.0,38344773.5625,94773.5625,0.0,94773.5625
low,hierarchical,154,dit_norm3,38500000.0,38594773.5625,94773.5625,0.0,94773.5625
low,hierarchical,155,dit_norm3,38750000.0,38844773.5625,94773.5625,0.0,94773.5625
low,hierarchical,156,dit_norm3,39000000.0,39094773.5625,94773.5625,0.0,94773.5625
low,hierarchical,157,dit_norm3,39250000.0,39344773.5625,94773.5625,0.0,94773.5625
low,hierarchical,158,dit_norm3,39500000.0,39594773.5625,94773.5625,0.0,94773.5625
low,hierarchical,159,dit_norm3,39750000.0,39844773.5625,94773.5625,0.0,94773.5625
low,hierarchical,160,dit_norm3,40000000.0,40094773.5625,94773.5625,0.0,94773.5625
low,hierarchical,161,dit_norm3,40250000.0,40344773.5625,94773.5625,0.0,94773.5625
low,hierarchical,162,dit_norm3,40500000.0,40594773.5625,94773.5625,0.0,94773.5625
low,hierarchical,163,dit_norm3,40750000.0,40844773.5625,94773.5625,0.0,94773.5625
low,hierarchical,164,dit_norm3,41000000.0,41094773.5625,94773.5625,0.0,94773.5625
low,hierarchical,165,dit_norm3,41250000.0,41344773.5625,94773.5625,0.0,94773.5625
low,hierarchical,166,dit_norm3,41500000.0,41594773.5625,94773.5625,0.0,94773.5625
low,hierarchical,167,dit_norm3,41750000.0,41844773.5625,94773.5625,0.0,94773.5625
low,hierarchical,168,dit_norm3,42000000.0,42094773.5625,94773.5625,0.0,94773.5625
low,hierarchical,169,dit_norm3,42250000.0,42344773.5625,94773.5625,0.0,94773.5625
low,hierarchical,170,dit_norm3,42500000.0,42594773.5625,94773.5625,0.0,94773.5625
low,hierarchical,171,dit_norm3,42750000.0,42844773.5625,94773.5625,0.0,94773.5625
low,hierarchical,172,dit_norm3,43000000.0,43094773.5625,94773.5625,0.0,94773.5625
low,hierarchical,173,dit_norm3,43250000.0,43344773.5625,94773.5625,0.0,94773.5625
low,hierarchical,174,dit_norm3,43500000.0,43594773.5625,94773.5625,0.0,94773.5625
low,hierarchical,175,dit_norm3,43750000.0,43844773.5625,94773.5625,0.0,94773.5625
low,hierarchical,176,dit_norm3,44000000.0,44094773.5625,94773.5625,0.0,94773.5625
low,hierarchical,177,dit_norm3,44250000.0,44344773.5625,94773.5625,0.0,94773.5625
low,hierarchical,178,dit_norm3,44500000.0,44594773.5625,94773.5625,0.0,94773.5625
low,hierarchical,179,dit_norm3,44750000.0,44844773.5625,94773.5625,0.0,94773.5625
low,hierarchical,180,dit_norm3,45000000.0,45094773.5625,94773.5625,0.0,94773.5625
low,hierarchical,181,dit_norm3,45250000.0,45344773.5625,94773.5625,0.0,94773.5625
low,hierarchical,182,dit_norm3,45500000.0,45594773.5625,94773.5625,0.0,94773.5625
low,hierarchical,183,dit_norm3,45750000.0,45844773.5625,94773.5625,0.0,94773.5625
low,hierarchical,184,dit_norm3,46000000.0,46094773.5625,94773.5625,0.0,94773.5625
low,hierarchical,185,dit_norm3,46250000.0,46344773.5625,94773.5625,0.0,94773.5625
low,hierarchical,186,dit_norm3,46500000.0,46594773.5625,94773.5625,0.0,94773.5625
low,hierarchical,187,dit_norm3,46750000.0,46844773.5625,94773.5625,0.0,94773.5625
low,hierarchical,188,dit_norm3,47000000.0,47094773.5625,94773.5625,0.0,94773.5625
low,hierarchical,189,dit_norm3,47250000.0,47344773.5625,94773.5625,0.0,94773.5625
low,hierarchical,190,dit_norm3,47500000.0,47594773.5625,94773.5625,0.0,94773.5625
low,hierarchical,191,dit_norm3,47750000.0,47844773.5625,94773.5625,0.0,94773.5625
low,hierarchical,192,dit_norm3,48000000.0,48094773.5625,94773.5625,0.0,94773.5625
low,hierarchical,193,dit_norm3,48250000.0,48344773.5625,94773.5625,0.0,94773.5625
low,hierarchical,194,dit_norm3,48500000.0,48594773.5625,94773.5625,0.0,94773.5625
low,hierarchical,195,dit_norm3,48750000.0,48844773.5625,94773.5625,0.0,94773.5625
low,hierarchical,196,dit_norm3,49000000.0,49094773.5625,94773.5625,0.0,94773.5625
low,hierarchical,197,dit_norm3,49250000.0,49344773.5625,94773.5625,0.0,94773.5625
low,hierarchical,198,dit_norm3,49500000.0,49594773.5625,94773.5625,0.0,94773.5625
low,hierarchical,199,dit_norm3,49750000.0,49844773.5625,94773.5625,0.0,94773.5625
low,hierarchical,200,dit_norm3,50000000.0,50094773.5625,94773.5625,0.0,94773.5625
low,hierarchical,201,dit_norm3,50250000.0,50344773.5625,94773.5625,0.0,94773.5625
low,hierarchical,202,dit_norm3,50500000.0,50594773.5625,94773.5625,0.0,94773.5625
low,hierarchical,203,dit_norm3,50750000.0,50844773.5625,94773.5625,0.0,94773.5625
low,hierarchical,204,dit_norm3,51000000.0,51094773.5625,94773.5625,0.0,94773.5625
low,hierarchical,205,dit_norm3,51250000.0,51344773.5625,94773.5625,0.0,94773.5625
low,hierarchical,206,dit_norm3,51500000.0,51594773.5625,94773.5625,0.0,94773.5625
low,hierarchical,207,dit_norm3,51750000.0,51844773.5625,94773.5625,0.0,94773.5625
low,hierarchical,208,dit_norm3,52000000.0,52094773.5625,94773.5625,0.0,94773.5625
low,hierarchical,209,dit_norm3,52250000.0,52344773.5625,94773.5625,0.0,94773.5625
low,hierarchical,210,dit_norm3,52500000.0,52594773.5625,94773.5625,0.0,94773.5625
low,hierarchical,211,dit_norm3,52750000.0,52844773.5625,94773.5625,0.0,94773.5625
low,hierarchical,212,dit_norm3,53000000.0,53094773.5625,94773.5625,0.0,94773.5625
low,hierarchical,213,dit_norm3,53250000.0,53344773.5625,94773.5625,0.0,94773.5625
low,hierarchical,214,dit_norm3,53500000.0,53594773.5625,94773.5625,0.0,94773.5625
low,hierarchical,215,dit_norm3,53750000.0,53844773.5625,94773.5625,0.0,94773.5625
low,hierarchical,216,dit_norm3,54000000.0,54094773.5625,94773.5625,0.0,94773.5625
low,hierarchical,217,dit_norm3,54250000.0,54344773.5625,94773.5625,0.0,94773.5625
low,hierarchical,218,dit_norm3,54500000.0,54594773.5625,94773.5625,0.0,94773.5625
low,hierarchical,219,dit_norm3,54750000.0,54844773.5625,94773.5625,0.0,94773.5625
low,hierarchical,220,dit_norm3,55000000.0,55094773.5625,94773.5625,0.0,94773.5625
low,hierarchical,221,dit_norm3,55250000.0,55344773.5625,94773.5625,0.0,94773.5625
low,hierarchical,222,dit_norm3,55500000.0,55594773.5625,94773.5625,0.0,94773.5625
low,hierarchical,223,dit_norm3,55750000.0,55844773.5625,94773.5625,0.0,94773.5625
low,hierarchical,224,dit_norm3,56000000.0,56094773.5625,94773.5625,0.0,94773.5625
low,hierarchical,225,dit_norm3,56250000.0,56344773.5625,94773.5625,0.0,94773.5625
low,hierarchical,226,dit_norm3,56500000.0,56594773.5625,94773.5625,0.0,94773.5625
low,hierarchical,227,dit_norm3,56750000.0,56844773.5625,94773.5625,0.0,94773.5625
low,hierarchical,228,dit_norm3,57000000.0,57094773.5625,94773.5625,0.0,94773.5625
low,hierarchical,229,dit_norm3,57250000.0,57344773.5625,94773.5625,0.0,94773.5625
low,hierarchical,230,dit_norm3,57500000.0,57594773.5625,94773.5625,0.0,94773.5625
low,hierarchical,231,dit_norm3,57750000.0,57844773.5625,94773.5625,0.0,94773.5625
low,hierarchical,232,dit_norm3,58000000.0,58094773.5625,94773.5625,0.0,94773.5625
low,hierarchical,233,dit_norm3,58250000.0,58344773.5625,94773.5625,0.0,94773.5625
low,hierarchical,234,dit_norm3,58500000.0,58594773.5625,94773.5625,0.0,94773.5625
low,hierarchical,235,dit_norm3,58750000.0,58844773.5625,94773.5625,0.0,94773.5625
low,hierarchical,236,dit_norm3,59000000.0,59094773.5625,94773.5625,0.0,94773.5625
low,hierarchical,237,dit_norm3,59250000.0,59344773.5625,94773.5625,0.0,94773.5625
low,hierarchical,238,dit_norm3,59500000.0,59594773.5625,94773.5625,0.0,94773.5625
low,hierarchical,239,dit_norm3,59750000.0,59844773.5625,94773.5625,0.0,94773.5625
low,hierarchical,240,dit_norm3,60000000.0,60094773.5625,94773.5625,0.0,94773.5625
low,hierarchical,241,dit_norm3,60250000.0,60344773.5625,94773.5625,0.0,94773.5625
low,hierarchical,242,dit_norm3,60500000.0,60594773.5625,94773.5625,0.0,94773.5625
low,hierarchical,243,dit_norm3,60750000.0,60844773.5625,94773.5625,0.0,94773.5625
low,hierarchical,244,dit_norm3,61000000.0,61094773.5625,94773.5625,0.0,94773.5625
low,hierarchical,245,dit_norm3,61250000.0,61344773.5625,94773.5625,0.0,94773.5625
low,hierarchical,246,dit_norm3,61500000.0,61594773.5625,94773.5625,0.0,94773.5625
low,hierarchical,247,dit_norm3,61750000.0,61844773.5625,94773.5625,0.0,94773.5625
low,hierarchical,248,dit_norm3,62000000.0,62094773.5625,94773.5625,0.0,94773.5625
low,hierarchical,249,dit_norm3,62250000.0,62344773.5625,94773.5625,0.0,94773.5625
low,hierarchical,250,dit_norm3,62500000.0,62594773.5625,94773.5625,0.0,94773.5625
low,hierarchical,251,dit_norm3,62750000.0,62844773.5625,94773.5625,0.0,94773.5625
low,hierarchical,252,dit_norm3,63000000.0,63094773.5625,94773.5625,0.0,94773.5625
low,hierarchical,253,dit_norm3,63250000.0,63344773.5625,94773.5625,0.0,94773.5625
low,hierarchical,254,dit_norm3,63500000.0,63594773.5625,94773.5625,0.0,94773.5625
low,hierarchical,255,dit_norm3,63750000.0,63844773.5625,94773.5625,0.0,94773.5625
low,hierarchical,256,dit_norm3,64000000.0,64094773.5625,94773.5625,0.0,94773.5625
low,hierarchical,257,dit_norm3,64250000.0,64344773.5625,94773.5625,0.0,94773.5625
low,hierarchical,258,dit_norm3,64500000.0,64594773.5625,94773.5625,0.0,94773.5625
low,hierarchical,259,dit_norm3,64750000.0,64844773.5625,94773.5625,0.0,94773.5625
low,hierarchical,260,dit_norm3,65000000.0,65094773.5625,94773.5625,0.0,94773.5625
low,hierarchical,261,dit_norm3,65250000.0,65344773.5625,94773.5625,0.0,94773.5625
low,hierarchical,262,dit_norm3,65500000.0,65594773.5625,94773.5625,0.0,94773.5625
low,hierarchical,263,dit_norm3,65750000.0,65844773.5625,94773.5625,0.0,94773.5625
low,hierarchical,264,dit_norm3,66000000.0,66094773.5625,94773.5625,0.0,94773.5625
low,hierarchical,265,dit_norm_out,66250000.0,66344773.5625,94773.5625,0.0,94773.5625
low,hierarchical,266,dit_norm_out,66500000.0,66594773.5625,94773.5625,0.0,94773.5625
low,hierarchical,267,dit_norm_out,66750000.0,66844773.5625,94773.5625,0.0,94773.5625
low,hierarchical,268,dit_norm_out,67000000.0,67094773.5625,94773.5625,0.0,94773.5625
low,hierarchical,269,qwen_input_post_attention,67250000.0,67751698.75,501698.75,0.0,501698.75
low,hierarchical,270,qwen_input_post_attention,67500000.0,68001698.75,501698.75,0.0,501698.75
low,hierarchical,271,qwen_input_post_attention,67750000.0,68251698.75,501698.75,0.0,501698.75
low,hierarchical,272,qwen_input_post_attention,68000000.0,68501698.75,501698.75,0.0,501698.75
low,hierarchical,273,qwen_input_post_attention,68250000.0,68751698.75,501698.75,0.0,501698.75
low,hierarchical,274,qwen_input_post_attention,68500000.0,69001698.75,501698.75,0.0,501698.75
low,hierarchical,275,qwen_input_post_attention,68750000.0,69251698.75,501698.75,0.0,501698.75
low,hierarchical,276,qwen_input_post_attention,69000000.0,69501698.75,501698.75,0.0,501698.75
low,hierarchical,277,qwen_input_post_attention,69250000.0,69751698.75,501698.75,0.0,501698.75
low,hierarchical,278,qwen_input_post_attention,69500000.0,70001698.75,501698.75,0.0,501698.75
low,hierarchical,279,qwen_input_post_attention,69750000.0,70251698.75,501698.75,0.0,501698.75
low,hierarchical,280,qwen_input_post_attention,70000000.0,70501698.75,501698.75,0.0,501698.75
low,hierarchical,281,qwen_input_post_attention,70250000.0,70751698.75,501698.75,0.0,501698.75
low,hierarchical,282,qwen_input_post_attention,70500000.0,71001698.75,501698.75,0.0,501698.75
low,hierarchical,283,qwen_input_post_attention,70750000.0,71251698.75,501698.75,0.0,501698.75
low,hierarchical,284,qwen_input_post_attention,71000000.0,71501698.75,501698.75,0.0,501698.75
low,hierarchical,285,qwen_input_post_attention,71250000.0,71751698.75,501698.75,0.0,501698.75
low,hierarchical,286,qwen_input_post_attention,71500000.0,72001698.75,501698.75,0.0,501698.75
low,hierarchical,287,qwen_input_post_attention,71750000.0,72251698.75,501698.75,0.0,501698.75
low,hierarchical,288,qwen_input_post_attention,72000000.0,72501698.75,501698.75,0.0,501698.75
low,hierarchical,289,qwen_input_post_attention,72250000.0,72751698.75,501698.75,0.0,501698.75
low,hierarchical,290,qwen_input_post_attention,72500000.0,73001698.75,501698.75,0.0,501698.75
low,hierarchical,291,qwen_input_post_attention,72750000.0,73251698.75,501698.75,0.0,501698.75
low,hierarchical,292,qwen_input_post_attention,73000000.0,73501698.75,501698.75,0.0,501698.75
low,hierarchical,293,qwen_input_post_attention,73250000.0,73751698.75,501698.75,0.0,501698.75
low,hierarchical,294,qwen_input_post_attention,73500000.0,74001698.75,501698.75,0.0,501698.75
low,hierarchical,295,qwen_input_post_attention,73750000.0,74251698.75,501698.75,0.0,501698.75
low,hierarchical,296,qwen_input_post_attention,74000000.0,74501698.75,501698.75,0.0,501698.75
low,hierarchical,297,qwen_input_post_attention,74250000.0,74751698.75,501698.75,0.0,501698.75
low,hierarchical,298,qwen_input_post_attention,74500000.0,75001698.75,501698.75,0.0,501698.75
low,hierarchical,299,qwen_input_post_attention,74750000.0,75251698.75,501698.75,0.0,501698.75
low,hierarchical,300,qwen_input_post_attention,75000000.0,75501698.75,501698.75,0.0,501698.75
low,hierarchical,301,qwen_query_key,75250000.0,77172210.0,1922210.0,0.0,1922210.0
low,hierarchical,302,qwen_query_key,75500000.0,78638670.0,3138670.0,1216460.0,1922210.0
low,hierarchical,303,qwen_query_key,75750000.0,80105130.0,4355130.0,2432920.0,1922210.0
low,hierarchical,304,qwen_query_key,76000000.0,81571590.0,5571590.0,3649380.0,1922210.0
low,hierarchical,305,qwen_query_key,76250000.0,83038050.0,6788050.0,4865840.0,1922210.0
low,hierarchical,306,qwen_query_key,76500000.0,84504510.0,8004510.0,6082300.0,1922210.0
low,hierarchical,307,qwen_query_key,76750000.0,85970970.0,9220970.0,7298760.0,1922210.0
low,hierarchical,308,qwen_query_key,77000000.0,87437430.0,10437430.0,8515220.0,1922210.0
low,hierarchical,309,qwen_query_key,77250000.0,88903890.0,11653890.0,9731680.0,1922210.0
low,hierarchical,310,qwen_query_key,77500000.0,90370350.0,12870350.0,10948140.0,1922210.0
low,hierarchical,311,qwen_query_key,77750000.0,91836810.0,14086810.0,12164600.0,1922210.0
low,hierarchical,312,qwen_query_key,78000000.0,93303270.0,15303270.0,13381060.0,1922210.0
low,hierarchical,313,qwen_query_key,78250000.0,94769730.0,16519730.0,14597520.0,1922210.0
low,hierarchical,314,qwen_query_key,78500000.0,96236190.0,17736190.0,15813980.0,1922210.0
low,hierarchical,315,qwen_query_key,78750000.0,97702650.0,18952650.0,17030440.0,1922210.0
low,hierarchical,316,qwen_query_key,79000000.0,99169110.0,20169110.0,18246900.0,1922210.0
low,hierarchical,317,qwen_query_key,79250000.0,100635570.0,21385570.0,19463360.0,1922210.0
low,hierarchical,318,qwen_query_key,79500000.0,102102030.0,22602030.0,20679820.0,1922210.0
low,hierarchical,319,qwen_query_key,79750000.0,103568490.0,23818490.0,21896280.0,1922210.0
low,hierarchical,320,qwen_query_key,80000000.0,105034950.0,25034950.0,23112740.0,1922210.0
low,hierarchical,321,qwen_query_key,80250000.0,106501410.0,26251410.0,24329200.0,1922210.0
low,hierarchical,322,qwen_query_key,80500000.0,107967870.0,27467870.0,25545660.0,1922210.0
low,hierarchical,323,qwen_query_key,80750000.0,109434330.0,28684330.0,26762120.0,1922210.0
low,hierarchical,324,qwen_query_key,81000000.0,110900790.0,29900790.0,27978580.0,1922210.0
low,hierarchical,325,qwen_query_key,81250000.0,112367250.0,31117250.0,29195040.0,1922210.0
low,hierarchical,326,qwen_query_key,81500000.0,113833710.0,32333710.0,30411500.0,1922210.0
low,hierarchical,327,qwen_query_key,81750000.0,115300170.0,33550170.0,31627960.0,1922210.0
low,hierarchical,328,qwen_query_key,82000000.0,116766630.0,34766630.0,32844420.0,1922210.0
low,hierarchical,329,qwen_query_key,82250000.0,118233090.0,35983090.0,34060880.0,1922210.0
low,hierarchical,330,qwen_query_key,82500000.0,119699550.0,37199550.0,35277340.0,1922210.0
low,hierarchical,331,qwen_query_key,82750000.0,121166010.0,38416010.0,36493800.0,1922210.0
low,hierarchical,332,qwen_query_key,83000000.0,122632470.0,39632470.0,37710260.0,1922210.0
base,gpu_full,0,vlln,0.0,300045.952,300045.952,0.0,300045.952
base,gpu_full,1,vl_self_attention_norm1_norm3,50000.0,595091.904,545091.904,245045.952,300045.952
base,gpu_full,2,vl_self_attention_norm1_norm3,100000.0,890137.856,790137.856,490091.904,300045.952
base,gpu_full,3,vl_self_attention_norm1_norm3,150000.0,1185183.808,1035183.808,735137.856,300045.952
base,gpu_full,4,vl_self_attention_norm1_norm3,200000.0,1480229.76,1280229.76,980183.808,300045.952
base,gpu_full,5,vl_self_attention_norm1_norm3,250000.0,1775275.712,1525275.712,1225229.76,300045.952
base,gpu_full,6,vl_self_attention_norm1_norm3,300000.0,2070321.664,1770321.664,1470275.712,300045.952
base,gpu_full,7,vl_self_attention_norm1_norm3,350000.0,2365367.616,2015367.616,1715321.664,300045.952
base,gpu_full,8,vl_self_attention_norm1_norm3,400000.0,2660413.568,2260413.568,1960367.616,300045.952
base,gpu_full,9,dit_adaln_norm1,450000.0,2728893.376,2278893.376,2205413.568,73479.808
base,gpu_full,10,dit_adaln_norm1,500000.0,2797373.184,2297373.184,2223893.376,73479.808
base,gpu_full,11,dit_adaln_norm1,550000.0,2865852.992,2315852.992,2242373.184,73479.808
base,gpu_full,12,dit_adaln_norm1,600000.0,2934332.8,2334332.8,2260852.992,73479.808
base,gpu_full,13,dit_adaln_norm1,650000.0,3002812.608,2352812.608,2279332.8,73479.808
base,gpu_full,14,dit_adaln_norm1,700000.0,3071292.416,2371292.416,2297812.608,73479.808
base,gpu_full,15,dit_adaln_norm1,750000.0,3139772.224,2389772.224,2316292.416,73479.808
base,gpu_full,16,dit_adaln_norm1,800000.0,3208252.032,2408252.032,2334772.224,73479.808
base,gpu_full,17,dit_adaln_norm1,850000.0,3276731.84,2426731.84,2353252.032,73479.808
base,gpu_full,18,dit_adaln_norm1,900000.0,3345211.648,2445211.648,2371731.84,73479.808
base,gpu_full,19,dit_adaln_norm1,950000.0,3413691.456,2463691.456,2390211.648,73479.808
base,gpu_full,20,dit_adaln_norm1,1000000.0,3482171.264,2482171.264,2408691.456,73479.808
base,gpu_full,21,dit_adaln_norm1,1050000.0,3550651.072,2500651.072,2427171.264,73479.808
base,gpu_full,22,dit_adaln_norm1,1100000.0,3619130.88,2519130.88,2445651.072,73479.808
base,gpu_full,23,dit_adaln_norm1,1150000.0,3687610.688,2537610.688,2464130.88,73479.808
base,gpu_full,24,dit_adaln_norm1,1200000.0,3756090.496,2556090.496,2482610.688,73479.808
base,gpu_full,25,dit_adaln_norm1,1250000.0,3824570.304,2574570.304,2501090.496,73479.808
base,gpu_full,26,dit_adaln_norm1,1300000.0,3893050.112,2593050.112,2519570.304,73479.808
base,gpu_full,27,dit_adaln_norm1,1350000.0,3961529.92,2611529.92,2538050.112,73479.808
base,gpu_full,28,dit_adaln_norm1,1400000.0,4030009.728,2630009.728,2556529.92,73479.808
base,gpu_full,29,dit_adaln_norm1,1450000.0,4098489.536,2648489.536,2575009.728,73479.808
base,gpu_full,30,dit_adaln_norm1,1500000.0,4166969.344,2666969.344,2593489.536,73479.808
base,gpu_full,31,dit_adaln_norm1,1550000.0,4235449.152,2685449.152,2611969.344,73479.808
base,gpu_full,32,dit_adaln_norm1,1600000.0,4303928.96,2703928.96,2630449.152,73479.808
base,gpu_full,33,dit_adaln_norm1,1650000.0,4372408.768,2722408.768,2648928.96,73479.808
base,gpu_full,34,dit_adaln_norm1,1700000.0,4440888.576,2740888.576,2667408.768,73479.808
base,gpu_full,35,dit_adaln_norm1,1750000.0,4509368.384,2759368.384,2685888.576,73479.808
base,gpu_full,36,dit_adaln_norm1,1800000.0,4577848.192,2777848.192,2704368.384,73479.808
base,gpu_full,37,dit_adaln_norm1,1850000.0,4646328.0,2796328.0,2722848.192,73479.808
base,gpu_full,38,dit_adaln_norm1,1900000.0,4714807.808,2814807.808,2741328.0,73479.808
base,gpu_full,39,dit_adaln_norm1,1950000.0,4783287.616,2833287.616,2759807.808,73479.808
base,gpu_full,40,dit_adaln_norm1,2000000.0,4851767.424,2851767.424,2778287.616,73479.808
base,gpu_full,41,dit_adaln_norm1,2050000.0,4920247.232,2870247.232,2796767.424,73479.808
base,gpu_full,42,dit_adaln_norm1,2100000.0,4988727.04,2888727.04,2815247.232,73479.808
base,gpu_full,43,dit_adaln_norm1,2150000.0,5057206.848,2907206.848,2833727.04,73479.808
base,gpu_full,44,dit_adaln_norm1,2200000.0,5125686.656,2925686.656,2852206.848,73479.808
base,gpu_full,45,dit_adaln_norm1,2250000.0,5194166.464,2944166.464,2870686.656,73479.808
base,gpu_full,46,dit_adaln_norm1,2300000.0,5262646.272,2962646.272,2889166.464,73479.808
base,gpu_full,47,dit_adaln_norm1,2350000.0,5331126.08,2981126.08,2907646.272,73479.808
base,gpu_full,48,dit_adaln_norm1,2400000.0,5399605.888,2999605.888,2926126.08,73479.808
base,gpu_full,49,dit_adaln_norm1,2450000.0,5468085.696,3018085.696,2944605.888,73479.808
base,gpu_full,50,dit_adaln_norm1,2500000.0,5536565.504,3036565.504,2963085.696,73479.808
base,gpu_full,51,dit_adaln_norm1,2550000.0,5605045.312,3055045.312,2981565.504,73479.808
base,gpu_full,52,dit_adaln_norm1,2600000.0,5673525.12,3073525.12,3000045.312,73479.808
base,gpu_full,53,dit_adaln_norm1,2650000.0,5742004.928,3092004.928,3018525.12,73479.808
base,gpu_full,54,dit_adaln_norm1,2700000.0,5810484.736,3110484.736,3037004.928,73479.808
base,gpu_full,55,dit_adaln_norm1,2750000.0,5878964.544,3128964.544,3055484.736,73479.808
base,gpu_full,56,dit_adaln_norm1,2800000.0,5947444.352,3147444.352,3073964.544,73479.808
base,gpu_full,57,dit_adaln_norm1,2850000.0,6015924.16,3165924.16,3092444.352,73479.808
base,gpu_full,58,dit_adaln_norm1,2900000.0,6084403.968,3184403.968,3110924.16,73479.808
base,gpu_full,59,dit_adaln_norm1,2950000.0,6152883.776,3202883.776,3129403.968,73479.808
base,gpu_full,60,dit_adaln_norm1,3000000.0,6221363.584,3221363.584,3147883.776,73479.808
base,gpu_full,61,dit_adaln_norm1,3050000.0,6289843.392,3239843.392,3166363.584,73479.808
base,gpu_full,62,dit_adaln_norm1,3100000.0,6358323.2,3258323.2,3184843.392,73479.808
base,gpu_full,63,dit_adaln_norm1,3150000.0,6426803.008,3276803.008,3203323.2,73479.808
base,gpu_full,64,dit_adaln_norm1,3200000.0,6495282.816,3295282.816,3221803.008,73479.808
base,gpu_full,65,dit_adaln_norm1,3250000.0,6563762.624,3313762.624,3240282.816,73479.808
base,gpu_full,66,dit_adaln_norm1,3300000.0,6632242.432,3332242.432,3258762.624,73479.808
base,gpu_full,67,dit_adaln_norm1,3350000.0,6700722.24,3350722.24,3277242.432,73479.808
base,gpu_full,68,dit_adaln_norm1,3400000.0,6769202.048,3369202.048,3295722.24,73479.808
base,gpu_full,69,dit_adaln_norm1,3450000.0,6837681.856,3387681.856,3314202.048,73479.808
base,gpu_full,70,dit_adaln_norm1,3500000.0,6906161.664,3406161.664,3332681.856,73479.808
base,gpu_full,71,dit_adaln_norm1,3550000.0,6974641.472,3424641.472,3351161.664,73479.808
base,gpu_full,72,dit_adaln_norm1,3600000.0,7043121.28,3443121.28,3369641.472,73479.808
base,gpu_full,73,dit_adaln_norm1,3650000.0,7111601.088,3461601.088,3388121.28,73479.808
base,gpu_full,74,dit_adaln_norm1,3700000.0,7180080.896,3480080.896,3406601.088,73479.808
base,gpu_full,75,dit_adaln_norm1,3750000.0,7248560.704,3498560.704,3425080.896,73479.808
base,gpu_full,76,dit_adaln_norm1,3800000.0,7317040.512,3517040.512,3443560.704,73479.808
base,gpu_full,77,dit_adaln_norm1,3850000.0,7385520.32,3535520.32,3462040.512,73479.808
base,gpu_full,78,dit_adaln_norm1,3900000.0,7454000.128,3554000.128,3480520.32,73479.808
base,gpu_full,79,dit_adaln_norm1,3950000.0,7522479.936,3572479.936,3499000.128,73479.808
base,gpu_full,80,dit_adaln_norm1,4000000.0,7590959.744,3590959.744,3517479.936,73479.808
base,gpu_full,81,dit_adaln_norm1,4050000.0,7659439.552,3609439.552,3535959.744,73479.808
base,gpu_full,82,dit_adaln_norm1,4100000.0,7727919.36,3627919.36,3554439.552,73479.808
base,gpu_full,83,dit_adaln_norm1,4150000.0,7796399.168,3646399.168,3572919.36,73479.808
base,gpu_full,84,dit_adaln_norm1,4200000.0,7864878.976,3664878.976,3591399.168,73479.808
base,gpu_full,85,dit_adaln_norm1,4250000.0,7933358.784,3683358.784,3609878.976,73479.808
base,gpu_full,86,dit_adaln_norm1,4300000.0,8001838.592,3701838.592,3628358.784,73479.808
base,gpu_full,87,dit_adaln_norm1,4350000.0,8070318.4,3720318.4,3646838.592,73479.808
base,gpu_full,88,dit_adaln_norm1,4400000.0,8138798.208,3738798.208,3665318.4,73479.808
base,gpu_full,89,dit_adaln_norm1,4450000.0,8207278.016,3757278.016,3683798.208,73479.808
base,gpu_full,90,dit_adaln_norm1,4500000.0,8275757.824,3775757.824,3702278.016,73479.808
base,gpu_full,91,dit_adaln_norm1,4550000.0,8344237.632,3794237.632,3720757.824,73479.808
base,gpu_full,92,dit_adaln_norm1,4600000.0,8412717.44,3812717.44,3739237.632,73479.808
base,gpu_full,93,dit_adaln_norm1,4650000.0,8481197.248,3831197.248,3757717.44,73479.808
base,gpu_full,94,dit_adaln_norm1,4700000.0,8549677.056,3849677.056,3776197.248,73479.808
base,gpu_full,95,dit_adaln_norm1,4750000.0,8618156.864,3868156.864,3794677.056,73479.808
base,gpu_full,96,dit_adaln_norm1,4800000.0,8686636.672,3886636.672,3813156.864,73479.808
base,gpu_full,97,dit_adaln_norm1,4850000.0,8755116.48,3905116.48,3831636.672,73479.808
base,gpu_full,98,dit_adaln_norm1,4900000.0,8823596.288,3923596.288,3850116.48,73479.808
base,gpu_full,99,dit_adaln_norm1,4950000.0,8892076.096,3942076.096,3868596.288,73479.808
base,gpu_full,100,dit_adaln_norm1,5000000.0,8960555.904,3960555.904,3887076.096,73479.808
base,gpu_full,101,dit_adaln_norm1,5050000.0,9029035.712,3979035.712,3905555.904,73479.808
base,gpu_full,102,dit_adaln_norm1,5100000.0,9097515.52,3997515.52,3924035.712,73479.808
base,gpu_full,103,dit_adaln_norm1,5150000.0,9165995.328,4015995.328,3942515.52,73479.808
base,gpu_full,104,dit_adaln_norm1,5200000.0,9234475.136,4034475.136,3960995.328,73479.808
base,gpu_full,105,dit_adaln_norm1,5250000.0,9302954.944,4052954.944,3979475.136,73479.808
base,gpu_full,106,dit_adaln_norm1,5300000.0,9371434.752,4071434.752,3997954.944,73479.808
base,gpu_full,107,dit_adaln_norm1,5350000.0,9439914.56,4089914.56,4016434.752,73479.808
base,gpu_full,108,dit_adaln_norm1,5400000.0,9508394.368,4108394.368,4034914.56,73479.808
base,gpu_full,109,dit_adaln_norm1,5450000.0,9576874.176,4126874.176,4053394.368,73479.808
base,gpu_full,110,dit_adaln_norm1,5500000.0,9645353.984,4145353.984,4071874.176,73479.808
base,gpu_full,111,dit_adaln_norm1,5550000.0,9713833.792,4163833.792,4090353.984,73479.808
base,gpu_full,112,dit_adaln_norm1,5600000.0,9782313.6,4182313.6,4108833.792,73479.808
base,gpu_full,113,dit_adaln_norm1,5650000.0,9850793.408,4200793.408,4127313.6,73479.808
base,gpu_full,114,dit_adaln_norm1,5700000.0,9919273.216,4219273.216,4145793.408,73479.808
base,gpu_full,115,dit_adaln_norm1,5750000.0,9987753.024,4237753.024,4164273.216,73479.808
base,gpu_full,116,dit_adaln_norm1,5800000.0,10056232.832,4256232.832,4182753.024,73479.808
base,gpu_full,117,dit_adaln_norm1,5850000.0,10124712.64,4274712.64,4201232.832,73479.808
base,gpu_full,118,dit_adaln_norm1,5900000.0,10193192.448,4293192.448,4219712.64,73479.808
base,gpu_full,119,dit_adaln_norm1,5950000.0,10261672.256,4311672.256,4238192.448,73479.808
base,gpu_full,120,dit_adaln_norm1,6000000.0,10330152.064,4330152.064,4256672.256,73479.808
base,gpu_full,121,dit_adaln_norm1,6050000.0,10398631.872,4348631.872,4275152.064,73479.808
base,gpu_full,122,dit_adaln_norm1,6100000.0,10467111.68,4367111.68,4293631.872,73479.808
base,gpu_full,123,dit_adaln_norm1,6150000.0,10535591.488,4385591.488,4312111.68,73479.808
base,gpu_full,124,dit_adaln_norm1,6200000.0,10604071.296,4404071.296,4330591.488,73479.808
base,gpu_full,125,dit_adaln_norm1,6250000.0,10672551.104,4422551.104,4349071.296,73479.808
base,gpu_full,126,dit_adaln_norm1,6300000.0,10741030.912,4441030.912,4367551.104,73479.808
base,gpu_full,127,dit_adaln_norm1,6350000.0,10809510.72,4459510.72,4386030.912,73479.808
base,gpu_full,128,dit_adaln_norm1,6400000.0,10877990.528,4477990.528,4404510.72,73479.808
base,gpu_full,129,dit_adaln_norm1,6450000.0,10946470.336,4496470.336,4422990.528,73479.808
base,gpu_full,130,dit_adaln_norm1,6500000.0,11014950.144,4514950.144,4441470.336,73479.808
base,gpu_full,131,dit_adaln_norm1,6550000.0,11083429.952,4533429.952,4459950.144,73479.808
base,gpu_full,132,dit_adaln_norm1,6600000.0,11151909.76,4551909.76,4478429.952,73479.808
base,gpu_full,133,dit_adaln_norm1,6650000.0,11220389.568,4570389.568,4496909.76,73479.808
base,gpu_full,134,dit_adaln_norm1,6700000.0,11288869.376,4588869.376,4515389.568,73479.808
base,gpu_full,135,dit_adaln_norm1,6750000.0,11357349.184,4607349.184,4533869.376,73479.808
base,gpu_full,136,dit_adaln_norm1,6800000.0,11425828.992,4625828.992,4552349.184,73479.808
base,gpu_full,137,dit_norm3,6850000.0,11462568.896,4612568.896,4570828.992,41739.904
base,gpu_full,138,dit_norm3,6900000.0,11499308.8,4599308.8,4557568.896,41739.904
base,gpu_full,139,dit_norm3,6950000.0,11536048.704,4586048.704,4544308.8,41739.904
base,gpu_full,140,dit_norm3,7000000.0,11572788.608,4572788.608,4531048.704,41739.904
base,gpu_full,141,dit_norm3,7050000.0,11609528.512,4559528.512,4517788.608,41739.904
base,gpu_full,142,dit_norm3,7100000.0,11646268.416,4546268.416,4504528.512,41739.904
base,gpu_full,143,dit_norm3,7150000.0,11683008.32,4533008.32,4491268.416,41739.904
base,gpu_full,144,dit_norm3,7200000.0,11719748.224,4519748.224,4478008.32,41739.904
base,gpu_full,145,dit_norm3,7250000.0,11756488.128,4506488.128,4464748.224,41739.904
base,gpu_full,146,dit_norm3,7300000.0,11793228.032,4493228.032,4451488.128,41739.904
base,gpu_full,147,dit_norm3,7350000.0,11829967.936,4479967.936,4438228.032,41739.904
base,gpu_full,148,dit_norm3,7400000.0,11866707.84,4466707.84,4424967.936,41739.904
base,gpu_full,149,dit_norm3,7450000.0,11903447.744,4453447.744,4411707.84,41739.904
base,gpu_full,150,dit_norm3,7500000.0,11940187.648,4440187.648,4398447.744,41739.904
base,gpu_full,151,dit_norm3,7550000.0,11976927.552,4426927.552,4385187.648,41739.904
base,gpu_full,152,dit_norm3,7600000.0,12013667.456,4413667.456,4371927.552,41739.904
base,gpu_full,153,dit_norm3,7650000.0,12050407.36,4400407.36,4358667.456,41739.904
base,gpu_full,154,dit_norm3,7700000.0,12087147.264,4387147.264,4345407.36,41739.904
base,gpu_full,155,dit_norm3,7750000.0,12123887.168,4373887.168,4332147.264,41739.904
base,gpu_full,156,dit_norm3,7800000.0,12160627.072,4360627.072,4318887.168,41739.904
base,gpu_full,157,dit_norm3,7850000.0,12197366.976,4347366.976,4305627.072,41739.904
base,gpu_full,158,dit_norm3,7900000.0,12234106.88,4334106.88,4292366.976,41739.904
base,gpu_full,159,dit_norm3,7950000.0,12270846.784,4320846.784,4279106.88,41739.904
base,gpu_full,160,dit_norm3,8000000.0,12307586.688,4307586.688,4265846.784,41739.904
base,gpu_full,161,dit_norm3,8050000.0,12344326.592,4294326.592,4252586.688,41739.904
base,gpu_full,162,dit_norm3,8100000.0,12381066.496,4281066.496,4239326.592,41739.904
base,gpu_full,163,dit_norm3,8150000.0,12417806.4,4267806.4,4226066.496,41739.904
base,gpu_full,164,dit_norm3,8200000.0,12454546.304,4254546.304,4212806.4,41739.904
base,gpu_full,165,dit_norm3,8250000.0,12491286.208,4241286.208,4199546.304,41739.904
base,gpu_full,166,dit_norm3,8300000.0,12528026.112,4228026.112,4186286.208,41739.904
base,gpu_full,167,dit_norm3,8350000.0,12564766.016,4214766.016,4173026.112,41739.904
base,gpu_full,168,dit_norm3,8400000.0,12601505.92,4201505.92,4159766.016,41739.904
base,gpu_full,169,dit_norm3,8450000.0,12638245.824,4188245.824,4146505.92,41739.904
base,gpu_full,170,dit_norm3,8500000.0,12674985.728,4174985.728,4133245.824,41739.904
base,gpu_full,171,dit_norm3,8550000.0,12711725.632,4161725.632,4119985.728,41739.904
base,gpu_full,172,dit_norm3,8600000.0,12748465.536,4148465.536,4106725.632,41739.904
base,gpu_full,173,dit_norm3,8650000.0,12785205.44,4135205.44,4093465.536,41739.904
base,gpu_full,174,dit_norm3,8700000.0,12821945.344,4121945.344,4080205.44,41739.904
base,gpu_full,175,dit_norm3,8750000.0,12858685.248,4108685.248,4066945.344,41739.904
base,gpu_full,176,dit_norm3,8800000.0,12895425.152,4095425.152,4053685.248,41739.904
base,gpu_full,177,dit_norm3,8850000.0,12932165.056,4082165.056,4040425.152,41739.904
base,gpu_full,178,dit_norm3,8900000.0,12968904.96,4068904.96,4027165.056,41739.904
base,gpu_full,179,dit_norm3,8950000.0,13005644.864,4055644.864,4013904.96,41739.904
base,gpu_full,180,dit_norm3,9000000.0,13042384.768,4042384.768,4000644.864,41739.904
base,gpu_full,181,dit_norm3,9050000.0,13079124.672,4029124.672,3987384.768,41739.904
base,gpu_full,182,dit_norm3,9100000.0,13115864.576,4015864.576,3974124.672,41739.904
base,gpu_full,183,dit_norm3,9150000.0,13152604.48,4002604.48,3960864.576,41739.904
base,gpu_full,184,dit_norm3,9200000.0,13189344.384,3989344.384,3947604.48,41739.904
base,gpu_full,185,dit_norm3,9250000.0,13226084.288,3976084.288,3934344.384,41739.904
base,gpu_full,186,dit_norm3,9300000.0,13262824.192,3962824.192,3921084.288,41739.904
base,gpu_full,187,dit_norm3,9350000.0,13299564.096,3949564.096,3907824.192,41739.904
base,gpu_full,188,dit_norm3,9400000.0,13336304.0,3936304.0,3894564.096,41739.904
base,gpu_full,189,dit_norm3,9450000.0,13373043.904,3923043.904,3881304.0,41739.904
base,gpu_full,190,dit_norm3,9500000.0,13409783.808,3909783.808,3868043.904,41739.904
base,gpu_full,191,dit_norm3,9550000.0,13446523.712,3896523.712,3854783.808,41739.904
base,gpu_full,192,dit_norm3,9600000.0,13483263.616,3883263.616,3841523.712,41739.904
base,gpu_full,193,dit_norm3,9650000.0,13520003.52,3870003.52,3828263.616,41739.904
base,gpu_full,194,dit_norm3,9700000.0,13556743.424,3856743.424,3815003.52,41739.904
base,gpu_full,195,dit_norm3,9750000.0,13593483.328,3843483.328,3801743.424,41739.904
base,gpu_full,196,dit_norm3,9800000.0,13630223.232,3830223.232,3788483.328,41739.904
base,gpu_full,197,dit_norm3,9850000.0,13666963.136,3816963.136,3775223.232,41739.904
base,gpu_full,198,dit_norm3,9900000.0,13703703.04,3803703.04,3761963.136,41739.904
base,gpu_full,199,dit_norm3,9950000.0,13740442.944,3790442.944,3748703.04,41739.904
base,gpu_full,200,dit_norm3,10000000.0,13777182.848,3777182.848,3735442.944,41739.904
base,gpu_full,201,dit_norm3,10050000.0,13813922.752,3763922.752,3722182.848,41739.904
base,gpu_full,202,dit_norm3,10100000.0,13850662.656,3750662.656,3708922.752,41739.904
base,gpu_full,203,dit_norm3,10150000.0,13887402.56,3737402.56,3695662.656,41739.904
base,gpu_full,204,dit_norm3,10200000.0,13924142.464,3724142.464,3682402.56,41739.904
base,gpu_full,205,dit_norm3,10250000.0,13960882.368,3710882.368,3669142.464,41739.904
base,gpu_full,206,dit_norm3,10300000.0,13997622.272,3697622.272,3655882.368,41739.904
base,gpu_full,207,dit_norm3,10350000.0,14034362.176,3684362.176,3642622.272,41739.904
base,gpu_full,208,dit_norm3,10400000.0,14071102.08,3671102.08,3629362.176,41739.904
base,gpu_full,209,dit_norm3,10450000.0,14107841.984,3657841.984,3616102.08,41739.904
base,gpu_full,210,dit_norm3,10500000.0,14144581.888,3644581.888,3602841.984,41739.904
base,gpu_full,211,dit_norm3,10550000.0,14181321.792,3631321.792,3589581.888,41739.904
base,gpu_full,212,dit_norm3,10600000.0,14218061.696,3618061.696,3576321.792,41739.904
base,gpu_full,213,dit_norm3,10650000.0,14254801.6,3604801.6,3563061.696,41739.904
base,gpu_full,214,dit_norm3,10700000.0,14291541.504,3591541.504,3549801.6,41739.904
base,gpu_full,215,dit_norm3,10750000.0,14328281.408,3578281.408,3536541.504,41739.904
base,gpu_full,216,dit_norm3,10800000.0,14365021.312,3565021.312,3523281.408,41739.904
base,gpu_full,217,dit_norm3,10850000.0,14401761.216,3551761.216,3510021.312,41739.904
base,gpu_full,218,dit_norm3,10900000.0,14438501.12,3538501.12,3496761.216,41739.904
base,gpu_full,219,dit_norm3,10950000.0,14475241.024,3525241.024,3483501.12,41739.904
base,gpu_full,220,dit_norm3,11000000.0,14511980.928,3511980.928,3470241.024,41739.904
base,gpu_full,221,dit_norm3,11050000.0,14548720.832,3498720.832,3456980.928,41739.904
base,gpu_full,222,dit_norm3,11100000.0,14585460.736,3485460.736,3443720.832,41739.904
base,gpu_full,223,dit_norm3,11150000.0,14622200.64,3472200.64,3430460.736,41739.904
base,gpu_full,224,dit_norm3,11200000.0,14658940.544,3458940.544,3417200.64,41739.904
base,gpu_full,225,dit_norm3,11250000.0,14695680.448,3445680.448,3403940.544,41739.904
base,gpu_full,226,dit_norm3,11300000.0,14732420.352,3432420.352,3390680.448,41739.904
base,gpu_full,227,dit_norm3,11350000.0,14769160.256,3419160.256,3377420.352,41739.904
base,gpu_full,228,dit_norm3,11400000.0,14805900.16,3405900.16,3364160.256,41739.904
base,gpu_full,229,dit_norm3,11450000.0,14842640.064,3392640.064,3350900.16,41739.904
base,gpu_full,230,dit_norm3,11500000.0,14879379.968,3379379.968,3337640.064,41739.904
base,gpu_full,231,dit_norm3,11550000.0,14916119.872,3366119.872,3324379.968,41739.904
base,gpu_full,232,dit_norm3,11600000.0,14952859.776,3352859.776,3311119.872,41739.904
base,gpu_full,233,dit_norm3,11650000.0,14989599.68,3339599.68,3297859.776,41739.904
base,gpu_full,234,dit_norm3,11700000.0,15026339.584,3326339.584,3284599.68,41739.904
base,gpu_full,235,dit_norm3,11750000.0,15063079.488,3313079.488,3271339.584,41739.904
base,gpu_full,236,dit_norm3,11800000.0,15099819.392,3299819.392,3258079.488,41739.904
base,gpu_full,237,dit_norm3,11850000.0,15136559.296,3286559.296,3244819.392,41739.904
base,gpu_full,238,dit_norm3,11900000.0,15173299.2,3273299.2,3231559.296,41739.904
base,gpu_full,239,dit_norm3,11950000.0,15210039.104,3260039.104,3218299.2,41739.904
base,gpu_full,240,dit_norm3,12000000.0,15246779.008,3246779.008,3205039.104,41739.904
base,gpu_full,241,dit_norm3,12050000.0,15283518.912,3233518.912,3191779.008,41739.904
base,gpu_full,242,dit_norm3,12100000.0,15320258.816,3220258.816,3178518.912,41739.904
base,gpu_full,243,dit_norm3,12150000.0,15356998.72,3206998.72,3165258.816,41739.904
base,gpu_full,244,dit_norm3,12200000.0,15393738.624,3193738.624,3151998.72,41739.904
base,gpu_full,245,dit_norm3,12250000.0,15430478.528,3180478.528,3138738.624,41739.904
base,gpu_full,246,dit_norm3,12300000.0,15467218.432,3167218.432,3125478.528,41739.904
base,gpu_full,247,dit_norm3,12350000.0,15503958.336,3153958.336,3112218.432,41739.904
base,gpu_full,248,dit_norm3,12400000.0,15540698.24,3140698.24,3098958.336,41739.904
base,gpu_full,249,dit_norm3,12450000.0,15577438.144,3127438.144,3085698.24,41739.904
base,gpu_full,250,dit_norm3,12500000.0,15614178.048,3114178.048,3072438.144,41739.904
base,gpu_full,251,dit_norm3,12550000.0,15650917.952,3100917.952,3059178.048,41739.904
base,gpu_full,252,dit_norm3,12600000.0,15687657.856,3087657.856,3045917.952,41739.904
base,gpu_full,253,dit_norm3,12650000.0,15724397.76,3074397.76,3032657.856,41739.904
base,gpu_full,254,dit_norm3,12700000.0,15761137.664,3061137.664,3019397.76,41739.904
base,gpu_full,255,dit_norm3,12750000.0,15797877.568,3047877.568,3006137.664,41739.904
base,gpu_full,256,dit_norm3,12800000.0,15834617.472,3034617.472,2992877.568,41739.904
base,gpu_full,257,dit_norm3,12850000.0,15871357.376,3021357.376,2979617.472,41739.904
base,gpu_full,258,dit_norm3,12900000.0,15908097.28,3008097.28,2966357.376,41739.904
base,gpu_full,259,dit_norm3,12950000.0,15944837.184,2994837.184,2953097.28,41739.904
base,gpu_full,260,dit_norm3,13000000.0,15981577.088,2981577.088,2939837.184,41739.904
base,gpu_full,261,dit_norm3,13050000.0,16018316.992,2968316.992,2926577.088,41739.904
base,gpu_full,262,dit_norm3,13100000.0,16055056.896,2955056.896,2913316.992,41739.904
base,gpu_full,263,dit_norm3,13150000.0,16091796.8,2941796.8,2900056.896,41739.904
base,gpu_full,264,dit_norm3,13200000.0,16128536.704,2928536.704,2886796.8,41739.904
base,gpu_full,265,dit_norm_out,13250000.0,16166050.752,2916050.752,2873536.704,42514.048
base,gpu_full,266,dit_norm_out,13300000.0,16203564.8,2903564.8,2861050.752,42514.048
base,gpu_full,267,dit_norm_out,13350000.0,16241078.848,2891078.848,2848564.8,42514.048
base,gpu_full,268,dit_norm_out,13400000.0,16278592.896,2878592.896,2836078.848,42514.048
base,gpu_full,269,qwen_input_post_attention,13450000.0,16573122.752,3123122.752,2823592.896,299529.856
base,gpu_full,270,qwen_input_post_attention,13500000.0,16867652.608,3367652.608,3068122.752,299529.856
base,gpu_full,271,qwen_input_post_attention,13550000.0,17162182.464,3612182.464,3312652.608,299529.856
base,gpu_full,272,qwen_input_post_attention,13600000.0,17456712.32,3856712.32,3557182.464,299529.856
base,gpu_full,273,qwen_input_post_attention,13650000.0,17751242.176,4101242.176,3801712.32,299529.856
base,gpu_full,274,qwen_input_post_attention,13700000.0,18045772.032,4345772.032,4046242.176,299529.856
base,gpu_full,275,qwen_input_post_attention,13750000.0,18340301.888,4590301.888,4290772.032,299529.856
base,gpu_full,276,qwen_input_post_attention,13800000.0,18634831.744,4834831.744,4535301.888,299529.856
base,gpu_full,277,qwen_input_post_attention,13850000.0,18929361.6,5079361.6,4779831.744,299529.856
base,gpu_full,278,qwen_input_post_attention,13900000.0,19223891.456,5323891.456,5024361.6,299529.856
base,gpu_full,279,qwen_input_post_attention,13950000.0,19518421.312,5568421.312,5268891.456,299529.856
base,gpu_full,280,qwen_input_post_attention,14000000.0,19812951.168,5812951.168,5513421.312,299529.856
base,gpu_full,281,qwen_input_post_attention,14050000.0,20107481.024,6057481.024,5757951.168,299529.856
base,gpu_full,282,qwen_input_post_attention,14100000.0,20402010.88,6302010.88,6002481.024,299529.856
base,gpu_full,283,qwen_input_post_attention,14150000.0,20696540.736,6546540.736,6247010.88,299529.856
base,gpu_full,284,qwen_input_post_attention,14200000.0,20991070.592,6791070.592,6491540.736,299529.856
base,gpu_full,285,qwen_input_post_attention,14250000.0,21285600.448,7035600.448,6736070.592,299529.856
base,gpu_full,286,qwen_input_post_attention,14300000.0,21580130.304,7280130.304,6980600.448,299529.856
base,gpu_full,287,qwen_input_post_attention,14350000.0,21874660.16,7524660.16,7225130.304,299529.856
base,gpu_full,288,qwen_input_post_attention,14400000.0,22169190.016,7769190.016,7469660.16,299529.856
base,gpu_full,289,qwen_input_post_attention,14450000.0,22463719.872,8013719.872,7714190.016,299529.856
base,gpu_full,290,qwen_input_post_attention,14500000.0,22758249.728,8258249.728,7958719.872,299529.856
base,gpu_full,291,qwen_input_post_attention,14550000.0,23052779.584,8502779.584,8203249.728,299529.856
base,gpu_full,292,qwen_input_post_attention,14600000.0,23347309.44,8747309.44,8447779.584,299529.856
base,gpu_full,293,qwen_input_post_attention,14650000.0,23641839.296,8991839.296,8692309.44,299529.856
base,gpu_full,294,qwen_input_post_attention,14700000.0,23936369.152,9236369.152,8936839.296,299529.856
base,gpu_full,295,qwen_input_post_attention,14750000.0,24230899.008,9480899.008,9181369.152,299529.856
base,gpu_full,296,qwen_input_post_attention,14800000.0,24525428.864,9725428.864,9425899.008,299529.856
base,gpu_full,297,qwen_input_post_attention,14850000.0,24819958.72,9969958.72,9670428.864,299529.856
base,gpu_full,298,qwen_input_post_attention,14900000.0,25114488.576,10214488.576,9914958.72,299529.856
base,gpu_full,299,qwen_input_post_attention,14950000.0,25409018.432,10459018.432,10159488.576,299529.856
base,gpu_full,300,qwen_input_post_attention,15000000.0,25703548.288,10703548.288,10404018.432,299529.856
base,gpu_full,301,qwen_query_key,15050000.0,25997578.176,10947578.176,10648548.288,299029.888
base,gpu_full,302,qwen_query_key,15100000.0,26291608.064,11191608.064,10892578.176,299029.888
base,gpu_full,303,qwen_query_key,15150000.0,26585637.952,11435637.952,11136608.064,299029.888
base,gpu_full,304,qwen_query_key,15200000.0,26879667.84,11679667.84,11380637.952,299029.888
base,gpu_full,305,qwen_query_key,15250000.0,27173697.728,11923697.728,11624667.84,299029.888
base,gpu_full,306,qwen_query_key,15300000.0,27467727.616,12167727.616,11868697.728,299029.888
base,gpu_full,307,qwen_query_key,15350000.0,27761757.504,12411757.504,12112727.616,299029.888
base,gpu_full,308,qwen_query_key,15400000.0,28055787.392,12655787.392,12356757.504,299029.888
base,gpu_full,309,qwen_query_key,15450000.0,28349817.28,12899817.28,12600787.392,299029.888
base,gpu_full,310,qwen_query_key,15500000.0,28643847.168,13143847.168,12844817.28,299029.888
base,gpu_full,311,qwen_query_key,15550000.0,28937877.056,13387877.056,13088847.168,299029.888
base,gpu_full,312,qwen_query_key,15600000.0,29231906.944,13631906.944,13332877.056,299029.888
base,gpu_full,313,qwen_query_key,15650000.0,29525936.832,13875936.832,13576906.944,299029.888
base,gpu_full,314,qwen_query_key,15700000.0,29819966.72,14119966.72,13820936.832,299029.888
base,gpu_full,315,qwen_query_key,15750000.0,30113996.608,14363996.608,14064966.72,299029.888
base,gpu_full,316,qwen_query_key,15800000.0,30408026.496,14608026.496,14308996.608,299029.888
base,gpu_full,317,qwen_query_key,15850000.0,30702056.384,14852056.384,14553026.496,299029.888
base,gpu_full,318,qwen_query_key,15900000.0,30996086.272,15096086.272,14797056.384,299029.888
base,gpu_full,319,qwen_query_key,15950000.0,31290116.16,15340116.16,15041086.272,299029.888
base,gpu_full,320,qwen_query_key,16000000.0,31584146.048,15584146.048,15285116.16,299029.888
base,gpu_full,321,qwen_query_key,16050000.0,31878175.936,15828175.936,15529146.048,299029.888
base,gpu_full,322,qwen_query_key,16100000.0,32172205.824,16072205.824,15773175.936,299029.888
base,gpu_full,323,qwen_query_key,16150000.0,32466235.712,16316235.712,16017205.824,299029.888
base,gpu_full,324,qwen_query_key,16200000.0,32760265.6,16560265.6,16261235.712,299029.888
base,gpu_full,325,qwen_query_key,16250000.0,33054295.488,16804295.488,16505265.6,299029.888
base,gpu_full,326,qwen_query_key,16300000.0,33348325.376,17048325.376,16749295.488,299029.888
base,gpu_full,327,qwen_query_key,16350000.0,33642355.264,17292355.264,16993325.376,299029.888
base,gpu_full,328,qwen_query_key,16400000.0,33936385.152,17536385.152,17237355.264,299029.888
base,gpu_full,329,qwen_query_key,16450000.0,34230415.04,17780415.04,17481385.152,299029.888
base,gpu_full,330,qwen_query_key,16500000.0,34524444.928,18024444.928,17725415.04,299029.888
base,gpu_full,331,qwen_query_key,16550000.0,34818474.816,18268474.816,17969444.928,299029.888
base,gpu_full,332,qwen_query_key,16600000.0,35112504.704,18512504.704,18213474.816,299029.888
base,bank_only,0,vlln,0.0,545195.58,545195.58,0.0,545195.58
base,bank_only,1,vl_self_attention_norm1_norm3,50000.0,595195.58,545195.58,0.0,545195.58
base,bank_only,2,vl_self_attention_norm1_norm3,100000.0,645195.58,545195.58,0.0,545195.58
base,bank_only,3,vl_self_attention_norm1_norm3,150000.0,695195.58,545195.58,0.0,545195.58
base,bank_only,4,vl_self_attention_norm1_norm3,200000.0,903595.58,703595.58,158400.0,545195.58
base,bank_only,5,vl_self_attention_norm1_norm3,250000.0,1003595.58,753595.58,208400.0,545195.58
base,bank_only,6,vl_self_attention_norm1_norm3,300000.0,1090391.16,790391.16,245195.58,545195.58
base,bank_only,7,vl_self_attention_norm1_norm3,350000.0,1190391.16,840391.16,295195.58,545195.58
base,bank_only,8,vl_self_attention_norm1_norm3,400000.0,1261995.58,861995.58,316800.0,545195.58
base,bank_only,9,dit_adaln_norm1,450000.0,1149280.7185,699280.7185,600655.58,98625.1385
base,bank_only,10,dit_adaln_norm1,500000.0,1159985.857,659985.857,561360.7185,98625.1385
base,bank_only,11,dit_adaln_norm1,550000.0,1170690.9955,620690.9955,522065.857,98625.1385
base,bank_only,12,dit_adaln_norm1,600000.0,1181396.134,581396.134,482770.9955,98625.1385
base,bank_only,13,dit_adaln_norm1,650000.0,1192101.2725,542101.2725,443476.134,98625.1385
base,bank_only,14,dit_adaln_norm1,700000.0,1220300.7185,520300.7185,421675.58,98625.1385
base,bank_only,15,dit_adaln_norm1,750000.0,1258610.9955,508610.9955,409985.857,98625.1385
base,bank_only,16,dit_adaln_norm1,800000.0,1269316.134,469316.134,370690.9955,98625.1385
base,bank_only,17,dit_adaln_norm1,850000.0,1289016.2985,439016.2985,340391.16,98625.1385
base,bank_only,18,dit_adaln_norm1,900000.0,1299721.437,399721.437,301096.2985,98625.1385
base,bank_only,19,dit_adaln_norm1,950000.0,1318925.857,368925.857,270300.7185,98625.1385
base,bank_only,20,dit_adaln_norm1,1000000.0,1337330.9955,337330.9955,238705.857,98625.1385
base,bank_only,21,dit_adaln_norm1,1050000.0,1358285.857,308285.857,209660.7185,98625.1385
base,bank_only,22,dit_adaln_norm1,1100000.0,1368990.9955,268990.9955,170365.857,98625.1385
base,bank_only,23,dit_adaln_norm1,1150000.0,1387641.437,237641.437,139016.2985,98625.1385
base,bank_only,24,dit_adaln_norm1,1200000.0,1398346.5755,198346.5755,99721.437,98625.1385
base,bank_only,25,dit_adaln_norm1,1250000.0,1417550.9955,167550.9955,68925.857,98625.1385
base,bank_only,26,dit_adaln_norm1,1300000.0,1435956.134,135956.134,37330.9955,98625.1385
base,bank_only,27,dit_adaln_norm1,1350000.0,1456910.9955,106910.9955,8285.857,98625.1385
base,bank_only,28,dit_adaln_norm1,1400000.0,1498625.1385,98625.1385,0.0,98625.1385
base,bank_only,29,dit_adaln_norm1,1450000.0,1548625.1385,98625.1385,0.0,98625.1385
base,bank_only,30,dit_adaln_norm1,1500000.0,1598625.1385,98625.1385,0.0,98625.1385
base,bank_only,31,dit_adaln_norm1,1550000.0,1648625.1385,98625.1385,0.0,98625.1385
base,bank_only,32,dit_adaln_norm1,1600000.0,1698625.1385,98625.1385,0.0,98625.1385
base,bank_only,33,dit_adaln_norm1,1650000.0,1748625.1385,98625.1385,0.0,98625.1385
base,bank_only,34,dit_adaln_norm1,1700000.0,1798625.1385,98625.1385,0.0,98625.1385
base,bank_only,35,dit_adaln_norm1,1750000.0,1848625.1385,98625.1385,0.0,98625.1385
base,bank_only,36,dit_adaln_norm1,1800000.0,1898625.1385,98625.1385,0.0,98625.1385
base,bank_only,37,dit_adaln_norm1,1850000.0,1948625.1385,98625.1385,0.0,98625.1385
base,bank_only,38,dit_adaln_norm1,1900000.0,1998625.1385,98625.1385,0.0,98625.1385
base,bank_only,39,dit_adaln_norm1,1950000.0,2048625.1385,98625.1385,0.0,98625.1385
base,bank_only,40,dit_adaln_norm1,2000000.0,2098625.1385,98625.1385,0.0,98625.1385
base,bank_only,41,dit_adaln_norm1,2050000.0,2148625.1385,98625.1385,0.0,98625.1385
base,bank_only,42,dit_adaln_norm1,2100000.0,2198625.1385,98625.1385,0.0,98625.1385
base,bank_only,43,dit_adaln_norm1,2150000.0,2248625.1385,98625.1385,0.0,98625.1385
base,bank_only,44,dit_adaln_norm1,2200000.0,2298625.1385,98625.1385,0.0,98625.1385
base,bank_only,45,dit_adaln_norm1,2250000.0,2348625.1385,98625.1385,0.0,98625.1385
base,bank_only,46,dit_adaln_norm1,2300000.0,2398625.1385,98625.1385,0.0,98625.1385
base,bank_only,47,dit_adaln_norm1,2350000.0,2448625.1385,98625.1385,0.0,98625.1385
base,bank_only,48,dit_adaln_norm1,2400000.0,2498625.1385,98625.1385,0.0,98625.1385
base,bank_only,49,dit_adaln_norm1,2450000.0,2548625.1385,98625.1385,0.0,98625.1385
base,bank_only,50,dit_adaln_norm1,2500000.0,2598625.1385,98625.1385,0.0,98625.1385
base,bank_only,51,dit_adaln_norm1,2550000.0,2648625.1385,98625.1385,0.0,98625.1385
base,bank_only,52,dit_adaln_norm1,2600000.0,2698625.1385,98625.1385,0.0,98625.1385
base,bank_only,53,dit_adaln_norm1,2650000.0,2748625.1385,98625.1385,0.0,98625.1385
base,bank_only,54,dit_adaln_norm1,2700000.0,2798625.1385,98625.1385,0.0,98625.1385
base,bank_only,55,dit_adaln_norm1,2750000.0,2848625.1385,98625.1385,0.0,98625.1385
base,bank_only,56,dit_adaln_norm1,2800000.0,2898625.1385,98625.1385,0.0,98625.1385
base,bank_only,57,dit_adaln_norm1,2850000.0,2948625.1385,98625.1385,0.0,98625.1385
base,bank_only,58,dit_adaln_norm1,2900000.0,2998625.1385,98625.1385,0.0,98625.1385
base,bank_only,59,dit_adaln_norm1,2950000.0,3048625.1385,98625.1385,0.0,98625.1385
base,bank_only,60,dit_adaln_norm1,3000000.0,3098625.1385,98625.1385,0.0,98625.1385
base,bank_only,61,dit_adaln_norm1,3050000.0,3148625.1385,98625.1385,0.0,98625.1385
base,bank_only,62,dit_adaln_norm1,3100000.0,3198625.1385,98625.1385,0.0,98625.1385
base,bank_only,63,dit_adaln_norm1,3150000.0,3248625.1385,98625.1385,0.0,98625.1385
base,bank_only,64,dit_adaln_norm1,3200000.0,3298625.1385,98625.1385,0.0,98625.1385
base,bank_only,65,dit_adaln_norm1,3250000.0,3348625.1385,98625.1385,0.0,98625.1385
base,bank_only,66,dit_adaln_norm1,3300000.0,3398625.1385,98625.1385,0.0,98625.1385
base,bank_only,67,dit_adaln_norm1,3350000.0,3448625.1385,98625.1385,0.0,98625.1385
base,bank_only,68,dit_adaln_norm1,3400000.0,3498625.1385,98625.1385,0.0,98625.1385
base,bank_only,69,dit_adaln_norm1,3450000.0,3548625.1385,98625.1385,0.0,98625.1385
base,bank_only,70,dit_adaln_norm1,3500000.0,3598625.1385,98625.1385,0.0,98625.1385
base,bank_only,71,dit_adaln_norm1,3550000.0,3648625.1385,98625.1385,0.0,98625.1385
base,bank_only,72,dit_adaln_norm1,3600000.0,3698625.1385,98625.1385,0.0,98625.1385
base,bank_only,73,dit_adaln_norm1,3650000.0,3748625.1385,98625.1385,0.0,98625.1385
base,bank_only,74,dit_adaln_norm1,3700000.0,3798625.1385,98625.1385,0.0,98625.1385
base,bank_only,75,dit_adaln_norm1,3750000.0,3848625.1385,98625.1385,0.0,98625.1385
base,bank_only,76,dit_adaln_norm1,3800000.0,3898625.1385,98625.1385,0.0,98625.1385
base,bank_only,77,dit_adaln_norm1,3850000.0,3948625.1385,98625.1385,0.0,98625.1385
base,bank_only,78,dit_adaln_norm1,3900000.0,3998625.1385,98625.1385,0.0,98625.1385
base,bank_only,79,dit_adaln_norm1,3950000.0,4048625.1385,98625.1385,0.0,98625.1385
base,bank_only,80,dit_adaln_norm1,4000000.0,4098625.1385,98625.1385,0.0,98625.1385
base,bank_only,81,dit_adaln_norm1,4050000.0,4148625.1385,98625.1385,0.0,98625.1385
base,bank_only,82,dit_adaln_norm1,4100000.0,4198625.1385,98625.1385,0.0,98625.1385
base,bank_only,83,dit_adaln_norm1,4150000.0,4248625.1385,98625.1385,0.0,98625.1385
base,bank_only,84,dit_adaln_norm1,4200000.0,4298625.1385,98625.1385,0.0,98625.1385
base,bank_only,85,dit_adaln_norm1,4250000.0,4348625.1385,98625.1385,0.0,98625.1385
base,bank_only,86,dit_adaln_norm1,4300000.0,4398625.1385,98625.1385,0.0,98625.1385
base,bank_only,87,dit_adaln_norm1,4350000.0,4448625.1385,98625.1385,0.0,98625.1385
base,bank_only,88,dit_adaln_norm1,4400000.0,4498625.1385,98625.1385,0.0,98625.1385
base,bank_only,89,dit_adaln_norm1,4450000.0,4548625.1385,98625.1385,0.0,98625.1385
base,bank_only,90,dit_adaln_norm1,4500000.0,4598625.1385,98625.1385,0.0,98625.1385
base,bank_only,91,dit_adaln_norm1,4550000.0,4648625.1385,98625.1385,0.0,98625.1385
base,bank_only,92,dit_adaln_norm1,4600000.0,4698625.1385,98625.1385,0.0,98625.1385
base,bank_only,93,dit_adaln_norm1,4650000.0,4748625.1385,98625.1385,0.0,98625.1385
base,bank_only,94,dit_adaln_norm1,4700000.0,4798625.1385,98625.1385,0.0,98625.1385
base,bank_only,95,dit_adaln_norm1,4750000.0,4848625.1385,98625.1385,0.0,98625.1385
base,bank_only,96,dit_adaln_norm1,4800000.0,4898625.1385,98625.1385,0.0,98625.1385
base,bank_only,97,dit_adaln_norm1,4850000.0,4948625.1385,98625.1385,0.0,98625.1385
base,bank_only,98,dit_adaln_norm1,4900000.0,4998625.1385,98625.1385,0.0,98625.1385
base,bank_only,99,dit_adaln_norm1,4950000.0,5048625.1385,98625.1385,0.0,98625.1385
base,bank_only,100,dit_adaln_norm1,5000000.0,5098625.1385,98625.1385,0.0,98625.1385
base,bank_only,101,dit_adaln_norm1,5050000.0,5148625.1385,98625.1385,0.0,98625.1385
base,bank_only,102,dit_adaln_norm1,5100000.0,5198625.1385,98625.1385,0.0,98625.1385
base,bank_only,103,dit_adaln_norm1,5150000.0,5248625.1385,98625.1385,0.0,98625.1385
base,bank_only,104,dit_adaln_norm1,5200000.0,5298625.1385,98625.1385,0.0,98625.1385
base,bank_only,105,dit_adaln_norm1,5250000.0,5348625.1385,98625.1385,0.0,98625.1385
base,bank_only,106,dit_adaln_norm1,5300000.0,5398625.1385,98625.1385,0.0,98625.1385
base,bank_only,107,dit_adaln_norm1,5350000.0,5448625.1385,98625.1385,0.0,98625.1385
base,bank_only,108,dit_adaln_norm1,5400000.0,5498625.1385,98625.1385,0.0,98625.1385
base,bank_only,109,dit_adaln_norm1,5450000.0,5548625.1385,98625.1385,0.0,98625.1385
base,bank_only,110,dit_adaln_norm1,5500000.0,5598625.1385,98625.1385,0.0,98625.1385
base,bank_only,111,dit_adaln_norm1,5550000.0,5648625.1385,98625.1385,0.0,98625.1385
base,bank_only,112,dit_adaln_norm1,5600000.0,5698625.1385,98625.1385,0.0,98625.1385
base,bank_only,113,dit_adaln_norm1,5650000.0,5748625.1385,98625.1385,0.0,98625.1385
base,bank_only,114,dit_adaln_norm1,5700000.0,5798625.1385,98625.1385,0.0,98625.1385
base,bank_only,115,dit_adaln_norm1,5750000.0,5848625.1385,98625.1385,0.0,98625.1385
base,bank_only,116,dit_adaln_norm1,5800000.0,5898625.1385,98625.1385,0.0,98625.1385
base,bank_only,117,dit_adaln_norm1,5850000.0,5948625.1385,98625.1385,0.0,98625.1385
base,bank_only,118,dit_adaln_norm1,5900000.0,5998625.1385,98625.1385,0.0,98625.1385
base,bank_only,119,dit_adaln_norm1,5950000.0,6048625.1385,98625.1385,0.0,98625.1385
base,bank_only,120,dit_adaln_norm1,6000000.0,6098625.1385,98625.1385,0.0,98625.1385
base,bank_only,121,dit_adaln_norm1,6050000.0,6148625.1385,98625.1385,0.0,98625.1385
base,bank_only,122,dit_adaln_norm1,6100000.0,6198625.1385,98625.1385,0.0,98625.1385
base,bank_only,123,dit_adaln_norm1,6150000.0,6248625.1385,98625.1385,0.0,98625.1385
base,bank_only,124,dit_adaln_norm1,6200000.0,6298625.1385,98625.1385,0.0,98625.1385
base,bank_only,125,dit_adaln_norm1,6250000.0,6348625.1385,98625.1385,0.0,98625.1385
base,bank_only,126,dit_adaln_norm1,6300000.0,6398625.1385,98625.1385,0.0,98625.1385
base,bank_only,127,dit_adaln_norm1,6350000.0,6448625.1385,98625.1385,0.0,98625.1385
base,bank_only,128,dit_adaln_norm1,6400000.0,6498625.1385,98625.1385,0.0,98625.1385
base,bank_only,129,dit_adaln_norm1,6450000.0,6548625.1385,98625.1385,0.0,98625.1385
base,bank_only,130,dit_adaln_norm1,6500000.0,6598625.1385,98625.1385,0.0,98625.1385
base,bank_only,131,dit_adaln_norm1,6550000.0,6648625.1385,98625.1385,0.0,98625.1385
base,bank_only,132,dit_adaln_norm1,6600000.0,6698625.1385,98625.1385,0.0,98625.1385
base,bank_only,133,dit_adaln_norm1,6650000.0,6748625.1385,98625.1385,0.0,98625.1385
base,bank_only,134,dit_adaln_norm1,6700000.0,6798625.1385,98625.1385,0.0,98625.1385
base,bank_only,135,dit_adaln_norm1,6750000.0,6848625.1385,98625.1385,0.0,98625.1385
base,bank_only,136,dit_adaln_norm1,6800000.0,6898625.1385,98625.1385,0.0,98625.1385
base,bank_only,137,dit_norm3,6850000.0,6948625.1385,98625.1385,0.0,98625.1385
base,bank_only,138,dit_norm3,6900000.0,6998625.1385,98625.1385,0.0,98625.1385
base,bank_only,139,dit_norm3,6950000.0,7048625.1385,98625.1385,0.0,98625.1385
base,bank_only,140,dit_norm3,7000000.0,7098625.1385,98625.1385,0.0,98625.1385
base,bank_only,141,dit_norm3,7050000.0,7148625.1385,98625.1385,0.0,98625.1385
base,bank_only,142,dit_norm3,7100000.0,7198625.1385,98625.1385,0.0,98625.1385
base,bank_only,143,dit_norm3,7150000.0,7248625.1385,98625.1385,0.0,98625.1385
base,bank_only,144,dit_norm3,7200000.0,7298625.1385,98625.1385,0.0,98625.1385
base,bank_only,145,dit_norm3,7250000.0,7348625.1385,98625.1385,0.0,98625.1385
base,bank_only,146,dit_norm3,7300000.0,7398625.1385,98625.1385,0.0,98625.1385
base,bank_only,147,dit_norm3,7350000.0,7448625.1385,98625.1385,0.0,98625.1385
base,bank_only,148,dit_norm3,7400000.0,7498625.1385,98625.1385,0.0,98625.1385
base,bank_only,149,dit_norm3,7450000.0,7548625.1385,98625.1385,0.0,98625.1385
base,bank_only,150,dit_norm3,7500000.0,7598625.1385,98625.1385,0.0,98625.1385
base,bank_only,151,dit_norm3,7550000.0,7648625.1385,98625.1385,0.0,98625.1385
base,bank_only,152,dit_norm3,7600000.0,7698625.1385,98625.1385,0.0,98625.1385
base,bank_only,153,dit_norm3,7650000.0,7748625.1385,98625.1385,0.0,98625.1385
base,bank_only,154,dit_norm3,7700000.0,7798625.1385,98625.1385,0.0,98625.1385
base,bank_only,155,dit_norm3,7750000.0,7848625.1385,98625.1385,0.0,98625.1385
base,bank_only,156,dit_norm3,7800000.0,7898625.1385,98625.1385,0.0,98625.1385
base,bank_only,157,dit_norm3,7850000.0,7948625.1385,98625.1385,0.0,98625.1385
base,bank_only,158,dit_norm3,7900000.0,7998625.1385,98625.1385,0.0,98625.1385
base,bank_only,159,dit_norm3,7950000.0,8048625.1385,98625.1385,0.0,98625.1385
base,bank_only,160,dit_norm3,8000000.0,8098625.1385,98625.1385,0.0,98625.1385
base,bank_only,161,dit_norm3,8050000.0,8148625.1385,98625.1385,0.0,98625.1385
base,bank_only,162,dit_norm3,8100000.0,8198625.1385,98625.1385,0.0,98625.1385
base,bank_only,163,dit_norm3,8150000.0,8248625.1385,98625.1385,0.0,98625.1385
base,bank_only,164,dit_norm3,8200000.0,8298625.1385,98625.1385,0.0,98625.1385
base,bank_only,165,dit_norm3,8250000.0,8348625.1385,98625.1385,0.0,98625.1385
base,bank_only,166,dit_norm3,8300000.0,8398625.1385,98625.1385,0.0,98625.1385
base,bank_only,167,dit_norm3,8350000.0,8448625.1385,98625.1385,0.0,98625.1385
base,bank_only,168,dit_norm3,8400000.0,8498625.1385,98625.1385,0.0,98625.1385
base,bank_only,169,dit_norm3,8450000.0,8548625.1385,98625.1385,0.0,98625.1385
base,bank_only,170,dit_norm3,8500000.0,8598625.1385,98625.1385,0.0,98625.1385
base,bank_only,171,dit_norm3,8550000.0,8648625.1385,98625.1385,0.0,98625.1385
base,bank_only,172,dit_norm3,8600000.0,8698625.1385,98625.1385,0.0,98625.1385
base,bank_only,173,dit_norm3,8650000.0,8748625.1385,98625.1385,0.0,98625.1385
base,bank_only,174,dit_norm3,8700000.0,8798625.1385,98625.1385,0.0,98625.1385
base,bank_only,175,dit_norm3,8750000.0,8848625.1385,98625.1385,0.0,98625.1385
base,bank_only,176,dit_norm3,8800000.0,8898625.1385,98625.1385,0.0,98625.1385
base,bank_only,177,dit_norm3,8850000.0,8948625.1385,98625.1385,0.0,98625.1385
base,bank_only,178,dit_norm3,8900000.0,8998625.1385,98625.1385,0.0,98625.1385
base,bank_only,179,dit_norm3,8950000.0,9048625.1385,98625.1385,0.0,98625.1385
base,bank_only,180,dit_norm3,9000000.0,9098625.1385,98625.1385,0.0,98625.1385
base,bank_only,181,dit_norm3,9050000.0,9148625.1385,98625.1385,0.0,98625.1385
base,bank_only,182,dit_norm3,9100000.0,9198625.1385,98625.1385,0.0,98625.1385
base,bank_only,183,dit_norm3,9150000.0,9248625.1385,98625.1385,0.0,98625.1385
base,bank_only,184,dit_norm3,9200000.0,9298625.1385,98625.1385,0.0,98625.1385
base,bank_only,185,dit_norm3,9250000.0,9348625.1385,98625.1385,0.0,98625.1385
base,bank_only,186,dit_norm3,9300000.0,9398625.1385,98625.1385,0.0,98625.1385
base,bank_only,187,dit_norm3,9350000.0,9448625.1385,98625.1385,0.0,98625.1385
base,bank_only,188,dit_norm3,9400000.0,9498625.1385,98625.1385,0.0,98625.1385
base,bank_only,189,dit_norm3,9450000.0,9548625.1385,98625.1385,0.0,98625.1385
base,bank_only,190,dit_norm3,9500000.0,9598625.1385,98625.1385,0.0,98625.1385
base,bank_only,191,dit_norm3,9550000.0,9648625.1385,98625.1385,0.0,98625.1385
base,bank_only,192,dit_norm3,9600000.0,9698625.1385,98625.1385,0.0,98625.1385
base,bank_only,193,dit_norm3,9650000.0,9748625.1385,98625.1385,0.0,98625.1385
base,bank_only,194,dit_norm3,9700000.0,9798625.1385,98625.1385,0.0,98625.1385
base,bank_only,195,dit_norm3,9750000.0,9848625.1385,98625.1385,0.0,98625.1385
base,bank_only,196,dit_norm3,9800000.0,9898625.1385,98625.1385,0.0,98625.1385
base,bank_only,197,dit_norm3,9850000.0,9948625.1385,98625.1385,0.0,98625.1385
base,bank_only,198,dit_norm3,9900000.0,9998625.1385,98625.1385,0.0,98625.1385
base,bank_only,199,dit_norm3,9950000.0,10048625.1385,98625.1385,0.0,98625.1385
base,bank_only,200,dit_norm3,10000000.0,10098625.1385,98625.1385,0.0,98625.1385
base,bank_only,201,dit_norm3,10050000.0,10148625.1385,98625.1385,0.0,98625.1385
base,bank_only,202,dit_norm3,10100000.0,10198625.1385,98625.1385,0.0,98625.1385
base,bank_only,203,dit_norm3,10150000.0,10248625.1385,98625.1385,0.0,98625.1385
base,bank_only,204,dit_norm3,10200000.0,10298625.1385,98625.1385,0.0,98625.1385
base,bank_only,205,dit_norm3,10250000.0,10348625.1385,98625.1385,0.0,98625.1385
base,bank_only,206,dit_norm3,10300000.0,10398625.1385,98625.1385,0.0,98625.1385
base,bank_only,207,dit_norm3,10350000.0,10448625.1385,98625.1385,0.0,98625.1385
base,bank_only,208,dit_norm3,10400000.0,10498625.1385,98625.1385,0.0,98625.1385
base,bank_only,209,dit_norm3,10450000.0,10548625.1385,98625.1385,0.0,98625.1385
base,bank_only,210,dit_norm3,10500000.0,10598625.1385,98625.1385,0.0,98625.1385
base,bank_only,211,dit_norm3,10550000.0,10648625.1385,98625.1385,0.0,98625.1385
base,bank_only,212,dit_norm3,10600000.0,10698625.1385,98625.1385,0.0,98625.1385
base,bank_only,213,dit_norm3,10650000.0,10748625.1385,98625.1385,0.0,98625.1385
base,bank_only,214,dit_norm3,10700000.0,10798625.1385,98625.1385,0.0,98625.1385
base,bank_only,215,dit_norm3,10750000.0,10848625.1385,98625.1385,0.0,98625.1385
base,bank_only,216,dit_norm3,10800000.0,10898625.1385,98625.1385,0.0,98625.1385
base,bank_only,217,dit_norm3,10850000.0,10948625.1385,98625.1385,0.0,98625.1385
base,bank_only,218,dit_norm3,10900000.0,10998625.1385,98625.1385,0.0,98625.1385
base,bank_only,219,dit_norm3,10950000.0,11048625.1385,98625.1385,0.0,98625.1385
base,bank_only,220,dit_norm3,11000000.0,11098625.1385,98625.1385,0.0,98625.1385
base,bank_only,221,dit_norm3,11050000.0,11148625.1385,98625.1385,0.0,98625.1385
base,bank_only,222,dit_norm3,11100000.0,11198625.1385,98625.1385,0.0,98625.1385
base,bank_only,223,dit_norm3,11150000.0,11248625.1385,98625.1385,0.0,98625.1385
base,bank_only,224,dit_norm3,11200000.0,11298625.1385,98625.1385,0.0,98625.1385
base,bank_only,225,dit_norm3,11250000.0,11348625.1385,98625.1385,0.0,98625.1385
base,bank_only,226,dit_norm3,11300000.0,11398625.1385,98625.1385,0.0,98625.1385
base,bank_only,227,dit_norm3,11350000.0,11448625.1385,98625.1385,0.0,98625.1385
base,bank_only,228,dit_norm3,11400000.0,11498625.1385,98625.1385,0.0,98625.1385
base,bank_only,229,dit_norm3,11450000.0,11548625.1385,98625.1385,0.0,98625.1385
base,bank_only,230,dit_norm3,11500000.0,11598625.1385,98625.1385,0.0,98625.1385
base,bank_only,231,dit_norm3,11550000.0,11648625.1385,98625.1385,0.0,98625.1385
base,bank_only,232,dit_norm3,11600000.0,11698625.1385,98625.1385,0.0,98625.1385
base,bank_only,233,dit_norm3,11650000.0,11748625.1385,98625.1385,0.0,98625.1385
base,bank_only,234,dit_norm3,11700000.0,11798625.1385,98625.1385,0.0,98625.1385
base,bank_only,235,dit_norm3,11750000.0,11848625.1385,98625.1385,0.0,98625.1385
base,bank_only,236,dit_norm3,11800000.0,11898625.1385,98625.1385,0.0,98625.1385
base,bank_only,237,dit_norm3,11850000.0,11948625.1385,98625.1385,0.0,98625.1385
base,bank_only,238,dit_norm3,11900000.0,11998625.1385,98625.1385,0.0,98625.1385
base,bank_only,239,dit_norm3,11950000.0,12048625.1385,98625.1385,0.0,98625.1385
base,bank_only,240,dit_norm3,12000000.0,12098625.1385,98625.1385,0.0,98625.1385
base,bank_only,241,dit_norm3,12050000.0,12148625.1385,98625.1385,0.0,98625.1385
base,bank_only,242,dit_norm3,12100000.0,12198625.1385,98625.1385,0.0,98625.1385
base,bank_only,243,dit_norm3,12150000.0,12248625.1385,98625.1385,0.0,98625.1385
base,bank_only,244,dit_norm3,12200000.0,12298625.1385,98625.1385,0.0,98625.1385
base,bank_only,245,dit_norm3,12250000.0,12348625.1385,98625.1385,0.0,98625.1385
base,bank_only,246,dit_norm3,12300000.0,12398625.1385,98625.1385,0.0,98625.1385
base,bank_only,247,dit_norm3,12350000.0,12448625.1385,98625.1385,0.0,98625.1385
base,bank_only,248,dit_norm3,12400000.0,12498625.1385,98625.1385,0.0,98625.1385
base,bank_only,249,dit_norm3,12450000.0,12548625.1385,98625.1385,0.0,98625.1385
base,bank_only,250,dit_norm3,12500000.0,12598625.1385,98625.1385,0.0,98625.1385
base,bank_only,251,dit_norm3,12550000.0,12648625.1385,98625.1385,0.0,98625.1385
base,bank_only,252,dit_norm3,12600000.0,12698625.1385,98625.1385,0.0,98625.1385
base,bank_only,253,dit_norm3,12650000.0,12748625.1385,98625.1385,0.0,98625.1385
base,bank_only,254,dit_norm3,12700000.0,12798625.1385,98625.1385,0.0,98625.1385
base,bank_only,255,dit_norm3,12750000.0,12848625.1385,98625.1385,0.0,98625.1385
base,bank_only,256,dit_norm3,12800000.0,12898625.1385,98625.1385,0.0,98625.1385
base,bank_only,257,dit_norm3,12850000.0,12948625.1385,98625.1385,0.0,98625.1385
base,bank_only,258,dit_norm3,12900000.0,12998625.1385,98625.1385,0.0,98625.1385
base,bank_only,259,dit_norm3,12950000.0,13048625.1385,98625.1385,0.0,98625.1385
base,bank_only,260,dit_norm3,13000000.0,13098625.1385,98625.1385,0.0,98625.1385
base,bank_only,261,dit_norm3,13050000.0,13148625.1385,98625.1385,0.0,98625.1385
base,bank_only,262,dit_norm3,13100000.0,13198625.1385,98625.1385,0.0,98625.1385
base,bank_only,263,dit_norm3,13150000.0,13248625.1385,98625.1385,0.0,98625.1385
base,bank_only,264,dit_norm3,13200000.0,13298625.1385,98625.1385,0.0,98625.1385
base,bank_only,265,dit_norm_out,13250000.0,13348625.1385,98625.1385,0.0,98625.1385
base,bank_only,266,dit_norm_out,13300000.0,13398625.1385,98625.1385,0.0,98625.1385
base,bank_only,267,dit_norm_out,13350000.0,13448625.1385,98625.1385,0.0,98625.1385
base,bank_only,268,dit_norm_out,13400000.0,13498625.1385,98625.1385,0.0,98625.1385
base,bank_only,269,qwen_input_post_attention,13450000.0,13918166.54,468166.54,0.0,468166.54
base,bank_only,270,qwen_input_post_attention,13500000.0,13968166.54,468166.54,0.0,468166.54
base,bank_only,271,qwen_input_post_attention,13550000.0,14018166.54,468166.54,0.0,468166.54
base,bank_only,272,qwen_input_post_attention,13600000.0,14068166.54,468166.54,0.0,468166.54
base,bank_only,273,qwen_input_post_attention,13650000.0,14276566.54,626566.54,158400.0,468166.54
base,bank_only,274,qwen_input_post_attention,13700000.0,14376566.54,676566.54,208400.0,468166.54
base,bank_only,275,qwen_input_post_attention,13750000.0,14426566.54,676566.54,208400.0,468166.54
base,bank_only,276,qwen_input_post_attention,13800000.0,14486333.08,686333.08,218166.54,468166.54
base,bank_only,277,qwen_input_post_attention,13850000.0,14634966.54,784966.54,316800.0,468166.54
base,bank_only,278,qwen_input_post_attention,13900000.0,14744733.08,844733.08,376566.54,468166.54
base,bank_only,279,qwen_input_post_attention,13950000.0,14844733.08,894733.08,426566.54,468166.54
base,bank_only,280,qwen_input_post_attention,14000000.0,14894733.08,894733.08,426566.54,468166.54
base,bank_only,281,qwen_input_post_attention,14050000.0,14993366.54,943366.54,475200.0,468166.54
base,bank_only,282,qwen_input_post_attention,14100000.0,15103133.08,1003133.08,534966.54,468166.54
base,bank_only,283,qwen_input_post_attention,14150000.0,15212899.62,1062899.62,594733.08,468166.54
base,bank_only,284,qwen_input_post_attention,14200000.0,15312899.62,1112899.62,644733.08,468166.54
base,bank_only,285,qwen_input_post_attention,14250000.0,15362899.62,1112899.62,644733.08,468166.54
base,bank_only,286,qwen_input_post_attention,14300000.0,15461533.08,1161533.08,693366.54,468166.54
base,bank_only,287,qwen_input_post_attention,14350000.0,15571299.62,1221299.62,753133.08,468166.54
base,bank_only,288,qwen_input_post_attention,14400000.0,15681066.16,1281066.16,812899.62,468166.54
base,bank_only,289,qwen_input_post_attention,14450000.0,15781066.16,1331066.16,862899.62,468166.54
base,bank_only,290,qwen_input_post_attention,14500000.0,15831066.16,1331066.16,862899.62,468166.54
base,bank_only,291,qwen_input_post_attention,14550000.0,15929699.62,1379699.62,911533.08,468166.54
base,bank_only,292,qwen_input_post_attention,14600000.0,16039466.16,1439466.16,971299.62,468166.54
base,bank_only,293,qwen_input_post_attention,14650000.0,16149232.7,1499232.7,1031066.16,468166.54
base,bank_only,294,qwen_input_post_attention,14700000.0,16249232.7,1549232.7,1081066.16,468166.54
base,bank_only,295,qwen_input_post_attention,14750000.0,16299232.7,1549232.7,1081066.16,468166.54
base,bank_only,296,qwen_input_post_attention,14800000.0,16397866.16,1597866.16,1129699.62,468166.54
base,bank_only,297,qwen_input_post_attention,14850000.0,16507632.7,1657632.7,1189466.16,468166.54
base,bank_only,298,qwen_input_post_attention,14900000.0,16617399.24,1717399.24,1249232.7,468166.54
base,bank_only,299,qwen_input_post_attention,14950000.0,16717399.24,1767399.24,1299232.7,468166.54
base,bank_only,300,qwen_input_post_attention,15000000.0,16767399.24,1767399.24,1299232.7,468166.54
base,bank_only,301,qwen_query_key,15050000.0,16940945.44,1890945.44,1347866.16,543079.28
base,bank_only,302,qwen_query_key,15100000.0,17050711.98,1950711.98,1407632.7,543079.28
base,bank_only,303,qwen_query_key,15150000.0,17160478.52,2010478.52,1467399.24,543079.28
base,bank_only,304,qwen_query_key,15200000.0,17260478.52,2060478.52,1517399.24,543079.28
base,bank_only,305,qwen_query_key,15250000.0,17347807.8,2097807.8,1554728.52,543079.28
base,bank_only,306,qwen_query_key,15300000.0,17484024.72,2184024.72,1640945.44,543079.28
base,bank_only,307,qwen_query_key,15350000.0,17593791.26,2243791.26,1700711.98,543079.28
base,bank_only,308,qwen_query_key,15400000.0,17681120.54,2281120.54,1738041.26,543079.28
base,bank_only,309,qwen_query_key,15450000.0,17803557.8,2353557.8,1810478.52,543079.28
base,bank_only,310,qwen_query_key,15500000.0,17890887.08,2390887.08,1847807.8,543079.28
base,bank_only,311,qwen_query_key,15550000.0,18027104.0,2477104.0,1934024.72,543079.28
base,bank_only,312,qwen_query_key,15600000.0,18136870.54,2536870.54,1993791.26,543079.28
base,bank_only,313,qwen_query_key,15650000.0,18224199.82,2574199.82,2031120.54,543079.28
base,bank_only,314,qwen_query_key,15700000.0,18346637.08,2646637.08,2103557.8,543079.28
base,bank_only,315,qwen_query_key,15750000.0,18433966.36,2683966.36,2140887.08,543079.28
base,bank_only,316,qwen_query_key,15800000.0,18570183.28,2770183.28,2227104.0,543079.28
base,bank_only,317,qwen_query_key,15850000.0,18679949.82,2829949.82,2286870.54,543079.28
base,bank_only,318,qwen_query_key,15900000.0,18767279.1,2867279.1,2324199.82,543079.28
base,bank_only,319,qwen_query_key,15950000.0,18889716.36,2939716.36,2396637.08,543079.28
base,bank_only,320,qwen_query_key,16000000.0,18977045.64,2977045.64,2433966.36,543079.28
base,bank_only,321,qwen_query_key,16050000.0,19113262.56,3063262.56,2520183.28,543079.28
base,bank_only,322,qwen_query_key,16100000.0,19223029.1,3123029.1,2579949.82,543079.28
base,bank_only,323,qwen_query_key,16150000.0,19310358.38,3160358.38,2617279.1,543079.28
base,bank_only,324,qwen_query_key,16200000.0,19432795.64,3232795.64,2689716.36,543079.28
base,bank_only,325,qwen_query_key,16250000.0,19520124.92,3270124.92,2727045.64,543079.28
base,bank_only,326,qwen_query_key,16300000.0,19656341.84,3356341.84,2813262.56,543079.28
base,bank_only,327,qwen_query_key,16350000.0,19766108.38,3416108.38,2873029.1,543079.28
base,bank_only,328,qwen_query_key,16400000.0,19853437.66,3453437.66,2910358.38,543079.28
base,bank_only,329,qwen_query_key,16450000.0,19975874.92,3525874.92,2982795.64,543079.28
base,bank_only,330,qwen_query_key,16500000.0,20063204.2,3563204.2,3020124.92,543079.28
base,bank_only,331,qwen_query_key,16550000.0,20199421.12,3649421.12,3106341.84,543079.28
base,bank_only,332,qwen_query_key,16600000.0,20309187.66,3709187.66,3166108.38,543079.28
base,logic_only,0,vlln,0.0,149774.0,149774.0,0.0,149774.0
base,logic_only,1,vl_self_attention_norm1_norm3,50000.0,299548.0,249548.0,99774.0,149774.0
base,logic_only,2,vl_self_attention_norm1_norm3,100000.0,449322.0,349322.0,199548.0,149774.0
base,logic_only,3,vl_self_attention_norm1_norm3,150000.0,599096.0,449096.0,299322.0,149774.0
base,logic_only,4,vl_self_attention_norm1_norm3,200000.0,748870.0,548870.0,399096.0,149774.0
base,logic_only,5,vl_self_attention_norm1_norm3,250000.0,898644.0,648644.0,498870.0,149774.0
base,logic_only,6,vl_self_attention_norm1_norm3,300000.0,1048418.0,748418.0,598644.0,149774.0
base,logic_only,7,vl_self_attention_norm1_norm3,350000.0,1198192.0,848192.0,698418.0,149774.0
base,logic_only,8,vl_self_attention_norm1_norm3,400000.0,1347966.0,947966.0,798192.0,149774.0
base,logic_only,9,dit_adaln_norm1,450000.0,1381352.0,931352.0,897966.0,33386.0
base,logic_only,10,dit_adaln_norm1,500000.0,1414738.0,914738.0,881352.0,33386.0
base,logic_only,11,dit_adaln_norm1,550000.0,1448124.0,898124.0,864738.0,33386.0
base,logic_only,12,dit_adaln_norm1,600000.0,1481510.0,881510.0,848124.0,33386.0
base,logic_only,13,dit_adaln_norm1,650000.0,1514896.0,864896.0,831510.0,33386.0
base,logic_only,14,dit_adaln_norm1,700000.0,1548282.0,848282.0,814896.0,33386.0
base,logic_only,15,dit_adaln_norm1,750000.0,1581668.0,831668.0,798282.0,33386.0
base,logic_only,16,dit_adaln_norm1,800000.0,1615054.0,815054.0,781668.0,33386.0
base,logic_only,17,dit_adaln_norm1,850000.0,1648440.0,798440.0,765054.0,33386.0
base,logic_only,18,dit_adaln_norm1,900000.0,1681826.0,781826.0,748440.0,33386.0
base,logic_only,19,dit_adaln_norm1,950000.0,1715212.0,765212.0,731826.0,33386.0
base,logic_only,20,dit_adaln_norm1,1000000.0,1748598.0,748598.0,715212.0,33386.0
base,logic_only,21,dit_adaln_norm1,1050000.0,1781984.0,731984.0,698598.0,33386.0
base,logic_only,22,dit_adaln_norm1,1100000.0,1815370.0,715370.0,681984.0,33386.0
base,logic_only,23,dit_adaln_norm1,1150000.0,1848756.0,698756.0,665370.0,33386.0
base,logic_only,24,dit_adaln_norm1,1200000.0,1882142.0,682142.0,648756.0,33386.0
base,logic_only,25,dit_adaln_norm1,1250000.0,1915528.0,665528.0,632142.0,33386.0
base,logic_only,26,dit_adaln_norm1,1300000.0,1948914.0,648914.0,615528.0,33386.0
base,logic_only,27,dit_adaln_norm1,1350000.0,1982300.0,632300.0,598914.0,33386.0
base,logic_only,28,dit_adaln_norm1,1400000.0,2015686.0,615686.0,582300.0,33386.0
base,logic_only,29,dit_adaln_norm1,1450000.0,2049072.0,599072.0,565686.0,33386.0
base,logic_only,30,dit_adaln_norm1,1500000.0,2082458.0,582458.0,549072.0,33386.0
base,logic_only,31,dit_adaln_norm1,1550000.0,2115844.0,565844.0,532458.0,33386.0
base,logic_only,32,dit_adaln_norm1,1600000.0,2149230.0,549230.0,515844.0,33386.0
base,logic_only,33,dit_adaln_norm1,1650000.0,2182616.0,532616.0,499230.0,33386.0
base,logic_only,34,dit_adaln_norm1,1700000.0,2216002.0,516002.0,482616.0,33386.0
base,logic_only,35,dit_adaln_norm1,1750000.0,2249388.0,499388.0,466002.0,33386.0
base,logic_only,36,dit_adaln_norm1,1800000.0,2282774.0,482774.0,449388.0,33386.0
base,logic_only,37,dit_adaln_norm1,1850000.0,2316160.0,466160.0,432774.0,33386.0
base,logic_only,38,dit_adaln_norm1,1900000.0,2349546.0,449546.0,416160.0,33386.0
base,logic_only,39,dit_adaln_norm1,1950000.0,2382932.0,432932.0,399546.0,33386.0
base,logic_only,40,dit_adaln_norm1,2000000.0,2416318.0,416318.0,382932.0,33386.0
base,logic_only,41,dit_adaln_norm1,2050000.0,2449704.0,399704.0,366318.0,33386.0
base,logic_only,42,dit_adaln_norm1,2100000.0,2483090.0,383090.0,349704.0,33386.0
base,logic_only,43,dit_adaln_norm1,2150000.0,2516476.0,366476.0,333090.0,33386.0
base,logic_only,44,dit_adaln_norm1,2200000.0,2549862.0,349862.0,316476.0,33386.0
base,logic_only,45,dit_adaln_norm1,2250000.0,2583248.0,333248.0,299862.0,33386.0
base,logic_only,46,dit_adaln_norm1,2300000.0,2616634.0,316634.0,283248.0,33386.0
base,logic_only,47,dit_adaln_norm1,2350000.0,2650020.0,300020.0,266634.0,33386.0
base,logic_only,48,dit_adaln_norm1,2400000.0,2683406.0,283406.0,250020.0,33386.0
base,logic_only,49,dit_adaln_norm1,2450000.0,2716792.0,266792.0,233406.0,33386.0
base,logic_only,50,dit_adaln_norm1,2500000.0,2750178.0,250178.0,216792.0,33386.0
base,logic_only,51,dit_adaln_norm1,2550000.0,2783564.0,233564.0,200178.0,33386.0
base,logic_only,52,dit_adaln_norm1,2600000.0,2816950.0,216950.0,183564.0,33386.0
base,logic_only,53,dit_adaln_norm1,2650000.0,2850336.0,200336.0,166950.0,33386.0
base,logic_only,54,dit_adaln_norm1,2700000.0,2883722.0,183722.0,150336.0,33386.0
base,logic_only,55,dit_adaln_norm1,2750000.0,2917108.0,167108.0,133722.0,33386.0
base,logic_only,56,dit_adaln_norm1,2800000.0,2950494.0,150494.0,117108.0,33386.0
base,logic_only,57,dit_adaln_norm1,2850000.0,2983880.0,133880.0,100494.0,33386.0
base,logic_only,58,dit_adaln_norm1,2900000.0,3017266.0,117266.0,83880.0,33386.0
base,logic_only,59,dit_adaln_norm1,2950000.0,3050652.0,100652.0,67266.0,33386.0
base,logic_only,60,dit_adaln_norm1,3000000.0,3084038.0,84038.0,50652.0,33386.0
base,logic_only,61,dit_adaln_norm1,3050000.0,3117424.0,67424.0,34038.0,33386.0
base,logic_only,62,dit_adaln_norm1,3100000.0,3150810.0,50810.0,17424.0,33386.0
base,logic_only,63,dit_adaln_norm1,3150000.0,3184196.0,34196.0,810.0,33386.0
base,logic_only,64,dit_adaln_norm1,3200000.0,3233386.0,33386.0,0.0,33386.0
base,logic_only,65,dit_adaln_norm1,3250000.0,3283386.0,33386.0,0.0,33386.0
base,logic_only,66,dit_adaln_norm1,3300000.0,3333386.0,33386.0,0.0,33386.0
base,logic_only,67,dit_adaln_norm1,3350000.0,3383386.0,33386.0,0.0,33386.0
base,logic_only,68,dit_adaln_norm1,3400000.0,3433386.0,33386.0,0.0,33386.0
base,logic_only,69,dit_adaln_norm1,3450000.0,3483386.0,33386.0,0.0,33386.0
base,logic_only,70,dit_adaln_norm1,3500000.0,3533386.0,33386.0,0.0,33386.0
base,logic_only,71,dit_adaln_norm1,3550000.0,3583386.0,33386.0,0.0,33386.0
base,logic_only,72,dit_adaln_norm1,3600000.0,3633386.0,33386.0,0.0,33386.0
base,logic_only,73,dit_adaln_norm1,3650000.0,3683386.0,33386.0,0.0,33386.0
base,logic_only,74,dit_adaln_norm1,3700000.0,3733386.0,33386.0,0.0,33386.0
base,logic_only,75,dit_adaln_norm1,3750000.0,3783386.0,33386.0,0.0,33386.0
base,logic_only,76,dit_adaln_norm1,3800000.0,3833386.0,33386.0,0.0,33386.0
base,logic_only,77,dit_adaln_norm1,3850000.0,3883386.0,33386.0,0.0,33386.0
base,logic_only,78,dit_adaln_norm1,3900000.0,3933386.0,33386.0,0.0,33386.0
base,logic_only,79,dit_adaln_norm1,3950000.0,3983386.0,33386.0,0.0,33386.0
base,logic_only,80,dit_adaln_norm1,4000000.0,4033386.0,33386.0,0.0,33386.0
base,logic_only,81,dit_adaln_norm1,4050000.0,4083386.0,33386.0,0.0,33386.0
base,logic_only,82,dit_adaln_norm1,4100000.0,4133386.0,33386.0,0.0,33386.0
base,logic_only,83,dit_adaln_norm1,4150000.0,4183386.0,33386.0,0.0,33386.0
base,logic_only,84,dit_adaln_norm1,4200000.0,4233386.0,33386.0,0.0,33386.0
base,logic_only,85,dit_adaln_norm1,4250000.0,4283386.0,33386.0,0.0,33386.0
base,logic_only,86,dit_adaln_norm1,4300000.0,4333386.0,33386.0,0.0,33386.0
base,logic_only,87,dit_adaln_norm1,4350000.0,4383386.0,33386.0,0.0,33386.0
base,logic_only,88,dit_adaln_norm1,4400000.0,4433386.0,33386.0,0.0,33386.0
base,logic_only,89,dit_adaln_norm1,4450000.0,4483386.0,33386.0,0.0,33386.0
base,logic_only,90,dit_adaln_norm1,4500000.0,4533386.0,33386.0,0.0,33386.0
base,logic_only,91,dit_adaln_norm1,4550000.0,4583386.0,33386.0,0.0,33386.0
base,logic_only,92,dit_adaln_norm1,4600000.0,4633386.0,33386.0,0.0,33386.0
base,logic_only,93,dit_adaln_norm1,4650000.0,4683386.0,33386.0,0.0,33386.0
base,logic_only,94,dit_adaln_norm1,4700000.0,4733386.0,33386.0,0.0,33386.0
base,logic_only,95,dit_adaln_norm1,4750000.0,4783386.0,33386.0,0.0,33386.0
base,logic_only,96,dit_adaln_norm1,4800000.0,4833386.0,33386.0,0.0,33386.0
base,logic_only,97,dit_adaln_norm1,4850000.0,4883386.0,33386.0,0.0,33386.0
base,logic_only,98,dit_adaln_norm1,4900000.0,4933386.0,33386.0,0.0,33386.0
base,logic_only,99,dit_adaln_norm1,4950000.0,4983386.0,33386.0,0.0,33386.0
base,logic_only,100,dit_adaln_norm1,5000000.0,5033386.0,33386.0,0.0,33386.0
base,logic_only,101,dit_adaln_norm1,5050000.0,5083386.0,33386.0,0.0,33386.0
base,logic_only,102,dit_adaln_norm1,5100000.0,5133386.0,33386.0,0.0,33386.0
base,logic_only,103,dit_adaln_norm1,5150000.0,5183386.0,33386.0,0.0,33386.0
base,logic_only,104,dit_adaln_norm1,5200000.0,5233386.0,33386.0,0.0,33386.0
base,logic_only,105,dit_adaln_norm1,5250000.0,5283386.0,33386.0,0.0,33386.0
base,logic_only,106,dit_adaln_norm1,5300000.0,5333386.0,33386.0,0.0,33386.0
base,logic_only,107,dit_adaln_norm1,5350000.0,5383386.0,33386.0,0.0,33386.0
base,logic_only,108,dit_adaln_norm1,5400000.0,5433386.0,33386.0,0.0,33386.0
base,logic_only,109,dit_adaln_norm1,5450000.0,5483386.0,33386.0,0.0,33386.0
base,logic_only,110,dit_adaln_norm1,5500000.0,5533386.0,33386.0,0.0,33386.0
base,logic_only,111,dit_adaln_norm1,5550000.0,5583386.0,33386.0,0.0,33386.0
base,logic_only,112,dit_adaln_norm1,5600000.0,5633386.0,33386.0,0.0,33386.0
base,logic_only,113,dit_adaln_norm1,5650000.0,5683386.0,33386.0,0.0,33386.0
base,logic_only,114,dit_adaln_norm1,5700000.0,5733386.0,33386.0,0.0,33386.0
base,logic_only,115,dit_adaln_norm1,5750000.0,5783386.0,33386.0,0.0,33386.0
base,logic_only,116,dit_adaln_norm1,5800000.0,5833386.0,33386.0,0.0,33386.0
base,logic_only,117,dit_adaln_norm1,5850000.0,5883386.0,33386.0,0.0,33386.0
base,logic_only,118,dit_adaln_norm1,5900000.0,5933386.0,33386.0,0.0,33386.0
base,logic_only,119,dit_adaln_norm1,5950000.0,5983386.0,33386.0,0.0,33386.0
base,logic_only,120,dit_adaln_norm1,6000000.0,6033386.0,33386.0,0.0,33386.0
base,logic_only,121,dit_adaln_norm1,6050000.0,6083386.0,33386.0,0.0,33386.0
base,logic_only,122,dit_adaln_norm1,6100000.0,6133386.0,33386.0,0.0,33386.0
base,logic_only,123,dit_adaln_norm1,6150000.0,6183386.0,33386.0,0.0,33386.0
base,logic_only,124,dit_adaln_norm1,6200000.0,6233386.0,33386.0,0.0,33386.0
base,logic_only,125,dit_adaln_norm1,6250000.0,6283386.0,33386.0,0.0,33386.0
base,logic_only,126,dit_adaln_norm1,6300000.0,6333386.0,33386.0,0.0,33386.0
base,logic_only,127,dit_adaln_norm1,6350000.0,6383386.0,33386.0,0.0,33386.0
base,logic_only,128,dit_adaln_norm1,6400000.0,6433386.0,33386.0,0.0,33386.0
base,logic_only,129,dit_adaln_norm1,6450000.0,6483386.0,33386.0,0.0,33386.0
base,logic_only,130,dit_adaln_norm1,6500000.0,6533386.0,33386.0,0.0,33386.0
base,logic_only,131,dit_adaln_norm1,6550000.0,6583386.0,33386.0,0.0,33386.0
base,logic_only,132,dit_adaln_norm1,6600000.0,6633386.0,33386.0,0.0,33386.0
base,logic_only,133,dit_adaln_norm1,6650000.0,6683386.0,33386.0,0.0,33386.0
base,logic_only,134,dit_adaln_norm1,6700000.0,6733386.0,33386.0,0.0,33386.0
base,logic_only,135,dit_adaln_norm1,6750000.0,6783386.0,33386.0,0.0,33386.0
base,logic_only,136,dit_adaln_norm1,6800000.0,6833386.0,33386.0,0.0,33386.0
base,logic_only,137,dit_norm3,6850000.0,6881418.0,31418.0,0.0,31418.0
base,logic_only,138,dit_norm3,6900000.0,6931418.0,31418.0,0.0,31418.0
base,logic_only,139,dit_norm3,6950000.0,6981418.0,31418.0,0.0,31418.0
base,logic_only,140,dit_norm3,7000000.0,7031418.0,31418.0,0.0,31418.0
base,logic_only,141,dit_norm3,7050000.0,7081418.0,31418.0,0.0,31418.0
base,logic_only,142,dit_norm3,7100000.0,7131418.0,31418.0,0.0,31418.0
base,logic_only,143,dit_norm3,7150000.0,7181418.0,31418.0,0.0,31418.0
base,logic_only,144,dit_norm3,7200000.0,7231418.0,31418.0,0.0,31418.0
base,logic_only,145,dit_norm3,7250000.0,7281418.0,31418.0,0.0,31418.0
base,logic_only,146,dit_norm3,7300000.0,7331418.0,31418.0,0.0,31418.0
base,logic_only,147,dit_norm3,7350000.0,7381418.0,31418.0,0.0,31418.0
base,logic_only,148,dit_norm3,7400000.0,7431418.0,31418.0,0.0,31418.0
base,logic_only,149,dit_norm3,7450000.0,7481418.0,31418.0,0.0,31418.0
base,logic_only,150,dit_norm3,7500000.0,7531418.0,31418.0,0.0,31418.0
base,logic_only,151,dit_norm3,7550000.0,7581418.0,31418.0,0.0,31418.0
base,logic_only,152,dit_norm3,7600000.0,7631418.0,31418.0,0.0,31418.0
base,logic_only,153,dit_norm3,7650000.0,7681418.0,31418.0,0.0,31418.0
base,logic_only,154,dit_norm3,7700000.0,7731418.0,31418.0,0.0,31418.0
base,logic_only,155,dit_norm3,7750000.0,7781418.0,31418.0,0.0,31418.0
base,logic_only,156,dit_norm3,7800000.0,7831418.0,31418.0,0.0,31418.0
base,logic_only,157,dit_norm3,7850000.0,7881418.0,31418.0,0.0,31418.0
base,logic_only,158,dit_norm3,7900000.0,7931418.0,31418.0,0.0,31418.0
base,logic_only,159,dit_norm3,7950000.0,7981418.0,31418.0,0.0,31418.0
base,logic_only,160,dit_norm3,8000000.0,8031418.0,31418.0,0.0,31418.0
base,logic_only,161,dit_norm3,8050000.0,8081418.0,31418.0,0.0,31418.0
base,logic_only,162,dit_norm3,8100000.0,8131418.0,31418.0,0.0,31418.0
base,logic_only,163,dit_norm3,8150000.0,8181418.0,31418.0,0.0,31418.0
base,logic_only,164,dit_norm3,8200000.0,8231418.0,31418.0,0.0,31418.0
base,logic_only,165,dit_norm3,8250000.0,8281418.0,31418.0,0.0,31418.0
base,logic_only,166,dit_norm3,8300000.0,8331418.0,31418.0,0.0,31418.0
base,logic_only,167,dit_norm3,8350000.0,8381418.0,31418.0,0.0,31418.0
base,logic_only,168,dit_norm3,8400000.0,8431418.0,31418.0,0.0,31418.0
base,logic_only,169,dit_norm3,8450000.0,8481418.0,31418.0,0.0,31418.0
base,logic_only,170,dit_norm3,8500000.0,8531418.0,31418.0,0.0,31418.0
base,logic_only,171,dit_norm3,8550000.0,8581418.0,31418.0,0.0,31418.0
base,logic_only,172,dit_norm3,8600000.0,8631418.0,31418.0,0.0,31418.0
base,logic_only,173,dit_norm3,8650000.0,8681418.0,31418.0,0.0,31418.0
base,logic_only,174,dit_norm3,8700000.0,8731418.0,31418.0,0.0,31418.0
base,logic_only,175,dit_norm3,8750000.0,8781418.0,31418.0,0.0,31418.0
base,logic_only,176,dit_norm3,8800000.0,8831418.0,31418.0,0.0,31418.0
base,logic_only,177,dit_norm3,8850000.0,8881418.0,31418.0,0.0,31418.0
base,logic_only,178,dit_norm3,8900000.0,8931418.0,31418.0,0.0,31418.0
base,logic_only,179,dit_norm3,8950000.0,8981418.0,31418.0,0.0,31418.0
base,logic_only,180,dit_norm3,9000000.0,9031418.0,31418.0,0.0,31418.0
base,logic_only,181,dit_norm3,9050000.0,9081418.0,31418.0,0.0,31418.0
base,logic_only,182,dit_norm3,9100000.0,9131418.0,31418.0,0.0,31418.0
base,logic_only,183,dit_norm3,9150000.0,9181418.0,31418.0,0.0,31418.0
base,logic_only,184,dit_norm3,9200000.0,9231418.0,31418.0,0.0,31418.0
base,logic_only,185,dit_norm3,9250000.0,9281418.0,31418.0,0.0,31418.0
base,logic_only,186,dit_norm3,9300000.0,9331418.0,31418.0,0.0,31418.0
base,logic_only,187,dit_norm3,9350000.0,9381418.0,31418.0,0.0,31418.0
base,logic_only,188,dit_norm3,9400000.0,9431418.0,31418.0,0.0,31418.0
base,logic_only,189,dit_norm3,9450000.0,9481418.0,31418.0,0.0,31418.0
base,logic_only,190,dit_norm3,9500000.0,9531418.0,31418.0,0.0,31418.0
base,logic_only,191,dit_norm3,9550000.0,9581418.0,31418.0,0.0,31418.0
base,logic_only,192,dit_norm3,9600000.0,9631418.0,31418.0,0.0,31418.0
base,logic_only,193,dit_norm3,9650000.0,9681418.0,31418.0,0.0,31418.0
base,logic_only,194,dit_norm3,9700000.0,9731418.0,31418.0,0.0,31418.0
base,logic_only,195,dit_norm3,9750000.0,9781418.0,31418.0,0.0,31418.0
base,logic_only,196,dit_norm3,9800000.0,9831418.0,31418.0,0.0,31418.0
base,logic_only,197,dit_norm3,9850000.0,9881418.0,31418.0,0.0,31418.0
base,logic_only,198,dit_norm3,9900000.0,9931418.0,31418.0,0.0,31418.0
base,logic_only,199,dit_norm3,9950000.0,9981418.0,31418.0,0.0,31418.0
base,logic_only,200,dit_norm3,10000000.0,10031418.0,31418.0,0.0,31418.0
base,logic_only,201,dit_norm3,10050000.0,10081418.0,31418.0,0.0,31418.0
base,logic_only,202,dit_norm3,10100000.0,10131418.0,31418.0,0.0,31418.0
base,logic_only,203,dit_norm3,10150000.0,10181418.0,31418.0,0.0,31418.0
base,logic_only,204,dit_norm3,10200000.0,10231418.0,31418.0,0.0,31418.0
base,logic_only,205,dit_norm3,10250000.0,10281418.0,31418.0,0.0,31418.0
base,logic_only,206,dit_norm3,10300000.0,10331418.0,31418.0,0.0,31418.0
base,logic_only,207,dit_norm3,10350000.0,10381418.0,31418.0,0.0,31418.0
base,logic_only,208,dit_norm3,10400000.0,10431418.0,31418.0,0.0,31418.0
base,logic_only,209,dit_norm3,10450000.0,10481418.0,31418.0,0.0,31418.0
base,logic_only,210,dit_norm3,10500000.0,10531418.0,31418.0,0.0,31418.0
base,logic_only,211,dit_norm3,10550000.0,10581418.0,31418.0,0.0,31418.0
base,logic_only,212,dit_norm3,10600000.0,10631418.0,31418.0,0.0,31418.0
base,logic_only,213,dit_norm3,10650000.0,10681418.0,31418.0,0.0,31418.0
base,logic_only,214,dit_norm3,10700000.0,10731418.0,31418.0,0.0,31418.0
base,logic_only,215,dit_norm3,10750000.0,10781418.0,31418.0,0.0,31418.0
base,logic_only,216,dit_norm3,10800000.0,10831418.0,31418.0,0.0,31418.0
base,logic_only,217,dit_norm3,10850000.0,10881418.0,31418.0,0.0,31418.0
base,logic_only,218,dit_norm3,10900000.0,10931418.0,31418.0,0.0,31418.0
base,logic_only,219,dit_norm3,10950000.0,10981418.0,31418.0,0.0,31418.0
base,logic_only,220,dit_norm3,11000000.0,11031418.0,31418.0,0.0,31418.0
base,logic_only,221,dit_norm3,11050000.0,11081418.0,31418.0,0.0,31418.0
base,logic_only,222,dit_norm3,11100000.0,11131418.0,31418.0,0.0,31418.0
base,logic_only,223,dit_norm3,11150000.0,11181418.0,31418.0,0.0,31418.0
base,logic_only,224,dit_norm3,11200000.0,11231418.0,31418.0,0.0,31418.0
base,logic_only,225,dit_norm3,11250000.0,11281418.0,31418.0,0.0,31418.0
base,logic_only,226,dit_norm3,11300000.0,11331418.0,31418.0,0.0,31418.0
base,logic_only,227,dit_norm3,11350000.0,11381418.0,31418.0,0.0,31418.0
base,logic_only,228,dit_norm3,11400000.0,11431418.0,31418.0,0.0,31418.0
base,logic_only,229,dit_norm3,11450000.0,11481418.0,31418.0,0.0,31418.0
base,logic_only,230,dit_norm3,11500000.0,11531418.0,31418.0,0.0,31418.0
base,logic_only,231,dit_norm3,11550000.0,11581418.0,31418.0,0.0,31418.0
base,logic_only,232,dit_norm3,11600000.0,11631418.0,31418.0,0.0,31418.0
base,logic_only,233,dit_norm3,11650000.0,11681418.0,31418.0,0.0,31418.0
base,logic_only,234,dit_norm3,11700000.0,11731418.0,31418.0,0.0,31418.0
base,logic_only,235,dit_norm3,11750000.0,11781418.0,31418.0,0.0,31418.0
base,logic_only,236,dit_norm3,11800000.0,11831418.0,31418.0,0.0,31418.0
base,logic_only,237,dit_norm3,11850000.0,11881418.0,31418.0,0.0,31418.0
base,logic_only,238,dit_norm3,11900000.0,11931418.0,31418.0,0.0,31418.0
base,logic_only,239,dit_norm3,11950000.0,11981418.0,31418.0,0.0,31418.0
base,logic_only,240,dit_norm3,12000000.0,12031418.0,31418.0,0.0,31418.0
base,logic_only,241,dit_norm3,12050000.0,12081418.0,31418.0,0.0,31418.0
base,logic_only,242,dit_norm3,12100000.0,12131418.0,31418.0,0.0,31418.0
base,logic_only,243,dit_norm3,12150000.0,12181418.0,31418.0,0.0,31418.0
base,logic_only,244,dit_norm3,12200000.0,12231418.0,31418.0,0.0,31418.0
base,logic_only,245,dit_norm3,12250000.0,12281418.0,31418.0,0.0,31418.0
base,logic_only,246,dit_norm3,12300000.0,12331418.0,31418.0,0.0,31418.0
base,logic_only,247,dit_norm3,12350000.0,12381418.0,31418.0,0.0,31418.0
base,logic_only,248,dit_norm3,12400000.0,12431418.0,31418.0,0.0,31418.0
base,logic_only,249,dit_norm3,12450000.0,12481418.0,31418.0,0.0,31418.0
base,logic_only,250,dit_norm3,12500000.0,12531418.0,31418.0,0.0,31418.0
base,logic_only,251,dit_norm3,12550000.0,12581418.0,31418.0,0.0,31418.0
base,logic_only,252,dit_norm3,12600000.0,12631418.0,31418.0,0.0,31418.0
base,logic_only,253,dit_norm3,12650000.0,12681418.0,31418.0,0.0,31418.0
base,logic_only,254,dit_norm3,12700000.0,12731418.0,31418.0,0.0,31418.0
base,logic_only,255,dit_norm3,12750000.0,12781418.0,31418.0,0.0,31418.0
base,logic_only,256,dit_norm3,12800000.0,12831418.0,31418.0,0.0,31418.0
base,logic_only,257,dit_norm3,12850000.0,12881418.0,31418.0,0.0,31418.0
base,logic_only,258,dit_norm3,12900000.0,12931418.0,31418.0,0.0,31418.0
base,logic_only,259,dit_norm3,12950000.0,12981418.0,31418.0,0.0,31418.0
base,logic_only,260,dit_norm3,13000000.0,13031418.0,31418.0,0.0,31418.0
base,logic_only,261,dit_norm3,13050000.0,13081418.0,31418.0,0.0,31418.0
base,logic_only,262,dit_norm3,13100000.0,13131418.0,31418.0,0.0,31418.0
base,logic_only,263,dit_norm3,13150000.0,13181418.0,31418.0,0.0,31418.0
base,logic_only,264,dit_norm3,13200000.0,13231418.0,31418.0,0.0,31418.0
base,logic_only,265,dit_norm_out,13250000.0,13281466.0,31466.0,0.0,31466.0
base,logic_only,266,dit_norm_out,13300000.0,13331466.0,31466.0,0.0,31466.0
base,logic_only,267,dit_norm_out,13350000.0,13381466.0,31466.0,0.0,31466.0
base,logic_only,268,dit_norm_out,13400000.0,13431466.0,31466.0,0.0,31466.0
base,logic_only,269,qwen_input_post_attention,13450000.0,13540032.0,90032.0,0.0,90032.0
base,logic_only,270,qwen_input_post_attention,13500000.0,13630064.0,130064.0,40032.0,90032.0
base,logic_only,271,qwen_input_post_attention,13550000.0,13720096.0,170096.0,80064.0,90032.0
base,logic_only,272,qwen_input_post_attention,13600000.0,13810128.0,210128.0,120096.0,90032.0
base,logic_only,273,qwen_input_post_attention,13650000.0,13900160.0,250160.0,160128.0,90032.0
base,logic_only,274,qwen_input_post_attention,13700000.0,13990192.0,290192.0,200160.0,90032.0
base,logic_only,275,qwen_input_post_attention,13750000.0,14080224.0,330224.0,240192.0,90032.0
base,logic_only,276,qwen_input_post_attention,13800000.0,14170256.0,370256.0,280224.0,90032.0
base,logic_only,277,qwen_input_post_attention,13850000.0,14260288.0,410288.0,320256.0,90032.0
base,logic_only,278,qwen_input_post_attention,13900000.0,14350320.0,450320.0,360288.0,90032.0
base,logic_only,279,qwen_input_post_attention,13950000.0,14440352.0,490352.0,400320.0,90032.0
base,logic_only,280,qwen_input_post_attention,14000000.0,14530384.0,530384.0,440352.0,90032.0
base,logic_only,281,qwen_input_post_attention,14050000.0,14620416.0,570416.0,480384.0,90032.0
base,logic_only,282,qwen_input_post_attention,14100000.0,14710448.0,610448.0,520416.0,90032.0
base,logic_only,283,qwen_input_post_attention,14150000.0,14800480.0,650480.0,560448.0,90032.0
base,logic_only,284,qwen_input_post_attention,14200000.0,14890512.0,690512.0,600480.0,90032.0
base,logic_only,285,qwen_input_post_attention,14250000.0,14980544.0,730544.0,640512.0,90032.0
base,logic_only,286,qwen_input_post_attention,14300000.0,15070576.0,770576.0,680544.0,90032.0
base,logic_only,287,qwen_input_post_attention,14350000.0,15160608.0,810608.0,720576.0,90032.0
base,logic_only,288,qwen_input_post_attention,14400000.0,15250640.0,850640.0,760608.0,90032.0
base,logic_only,289,qwen_input_post_attention,14450000.0,15340672.0,890672.0,800640.0,90032.0
base,logic_only,290,qwen_input_post_attention,14500000.0,15430704.0,930704.0,840672.0,90032.0
base,logic_only,291,qwen_input_post_attention,14550000.0,15520736.0,970736.0,880704.0,90032.0
base,logic_only,292,qwen_input_post_attention,14600000.0,15610768.0,1010768.0,920736.0,90032.0
base,logic_only,293,qwen_input_post_attention,14650000.0,15700800.0,1050800.0,960768.0,90032.0
base,logic_only,294,qwen_input_post_attention,14700000.0,15790832.0,1090832.0,1000800.0,90032.0
base,logic_only,295,qwen_input_post_attention,14750000.0,15880864.0,1130864.0,1040832.0,90032.0
base,logic_only,296,qwen_input_post_attention,14800000.0,15970896.0,1170896.0,1080864.0,90032.0
base,logic_only,297,qwen_input_post_attention,14850000.0,16060928.0,1210928.0,1120896.0,90032.0
base,logic_only,298,qwen_input_post_attention,14900000.0,16150960.0,1250960.0,1160928.0,90032.0
base,logic_only,299,qwen_input_post_attention,14950000.0,16240992.0,1290992.0,1200960.0,90032.0
base,logic_only,300,qwen_input_post_attention,15000000.0,16331024.0,1331024.0,1240992.0,90032.0
base,logic_only,301,qwen_query_key,15050000.0,16448125.0,1398125.0,1281024.0,117101.0
base,logic_only,302,qwen_query_key,15100000.0,16565226.0,1465226.0,1348125.0,117101.0
base,logic_only,303,qwen_query_key,15150000.0,16682327.0,1532327.0,1415226.0,117101.0
base,logic_only,304,qwen_query_key,15200000.0,16799428.0,1599428.0,1482327.0,117101.0
base,logic_only,305,qwen_query_key,15250000.0,16916529.0,1666529.0,1549428.0,117101.0
base,logic_only,306,qwen_query_key,15300000.0,17033630.0,1733630.0,1616529.0,117101.0
base,logic_only,307,qwen_query_key,15350000.0,17150731.0,1800731.0,1683630.0,117101.0
base,logic_only,308,qwen_query_key,15400000.0,17267832.0,1867832.0,1750731.0,117101.0
base,logic_only,309,qwen_query_key,15450000.0,17384933.0,1934933.0,1817832.0,117101.0
base,logic_only,310,qwen_query_key,15500000.0,17502034.0,2002034.0,1884933.0,117101.0
base,logic_only,311,qwen_query_key,15550000.0,17619135.0,2069135.0,1952034.0,117101.0
base,logic_only,312,qwen_query_key,15600000.0,17736236.0,2136236.0,2019135.0,117101.0
base,logic_only,313,qwen_query_key,15650000.0,17853337.0,2203337.0,2086236.0,117101.0
base,logic_only,314,qwen_query_key,15700000.0,17970438.0,2270438.0,2153337.0,117101.0
base,logic_only,315,qwen_query_key,15750000.0,18087539.0,2337539.0,2220438.0,117101.0
base,logic_only,316,qwen_query_key,15800000.0,18204640.0,2404640.0,2287539.0,117101.0
base,logic_only,317,qwen_query_key,15850000.0,18321741.0,2471741.0,2354640.0,117101.0
base,logic_only,318,qwen_query_key,15900000.0,18438842.0,2538842.0,2421741.0,117101.0
base,logic_only,319,qwen_query_key,15950000.0,18555943.0,2605943.0,2488842.0,117101.0
base,logic_only,320,qwen_query_key,16000000.0,18673044.0,2673044.0,2555943.0,117101.0
base,logic_only,321,qwen_query_key,16050000.0,18790145.0,2740145.0,2623044.0,117101.0
base,logic_only,322,qwen_query_key,16100000.0,18907246.0,2807246.0,2690145.0,117101.0
base,logic_only,323,qwen_query_key,16150000.0,19024347.0,2874347.0,2757246.0,117101.0
base,logic_only,324,qwen_query_key,16200000.0,19141448.0,2941448.0,2824347.0,117101.0
base,logic_only,325,qwen_query_key,16250000.0,19258549.0,3008549.0,2891448.0,117101.0
base,logic_only,326,qwen_query_key,16300000.0,19375650.0,3075650.0,2958549.0,117101.0
base,logic_only,327,qwen_query_key,16350000.0,19492751.0,3142751.0,3025650.0,117101.0
base,logic_only,328,qwen_query_key,16400000.0,19609852.0,3209852.0,3092751.0,117101.0
base,logic_only,329,qwen_query_key,16450000.0,19726953.0,3276953.0,3159852.0,117101.0
base,logic_only,330,qwen_query_key,16500000.0,19844054.0,3344054.0,3226953.0,117101.0
base,logic_only,331,qwen_query_key,16550000.0,19961155.0,3411155.0,3294054.0,117101.0
base,logic_only,332,qwen_query_key,16600000.0,20078256.0,3478256.0,3361155.0,117101.0
base,hierarchical,0,vlln,0.0,576477.5,576477.5,0.0,576477.5
base,hierarchical,1,vl_self_attention_norm1_norm3,50000.0,626477.5,576477.5,0.0,576477.5
base,hierarchical,2,vl_self_attention_norm1_norm3,100000.0,676477.5,576477.5,0.0,576477.5
base,hierarchical,3,vl_self_attention_norm1_norm3,150000.0,726477.5,576477.5,0.0,576477.5
base,hierarchical,4,vl_self_attention_norm1_norm3,200000.0,934877.5,734877.5,158400.0,576477.5
base,hierarchical,5,vl_self_attention_norm1_norm3,250000.0,1034877.5,784877.5,208400.0,576477.5
base,hierarchical,6,vl_self_attention_norm1_norm3,300000.0,1152955.0,852955.0,276477.5,576477.5
base,hierarchical,7,vl_self_attention_norm1_norm3,350000.0,1252955.0,902955.0,326477.5,576477.5
base,hierarchical,8,vl_self_attention_norm1_norm3,400000.0,1302955.0,902955.0,326477.5,576477.5
base,hierarchical,9,dit_adaln_norm1,450000.0,1186388.5625,736388.5625,641615.0,94773.5625
base,hierarchical,10,dit_adaln_norm1,500000.0,1193242.125,693242.125,598468.5625,94773.5625
base,hierarchical,11,dit_adaln_norm1,550000.0,1200095.6875,650095.6875,555322.125,94773.5625
base,hierarchical,12,dit_adaln_norm1,600000.0,1206949.25,606949.25,512175.6875,94773.5625
base,hierarchical,13,dit_adaln_norm1,650000.0,1213802.8125,563802.8125,469029.25,94773.5625
base,hierarchical,14,dit_adaln_norm1,700000.0,1247731.0625,547731.0625,452957.5,94773.5625
base,hierarchical,15,dit_adaln_norm1,750000.0,1287091.0625,537091.0625,442317.5,94773.5625
base,hierarchical,16,dit_adaln_norm1,800000.0,1294869.25,494869.25,400095.6875,94773.5625
base,hierarchical,17,dit_adaln_norm1,850000.0,1308576.375,458576.375,363802.8125,94773.5625
base,hierarchical,18,dit_adaln_norm1,900000.0,1334229.25,434229.25,339455.6875,94773.5625
base,hierarchical,19,dit_adaln_norm1,950000.0,1347728.5625,397728.5625,302955.0,94773.5625
base,hierarchical,20,dit_adaln_norm1,1000000.0,1373589.25,373589.25,278815.6875,94773.5625
base,hierarchical,21,dit_adaln_norm1,1050000.0,1387088.5625,337088.5625,242315.0,94773.5625
base,hierarchical,22,dit_adaln_norm1,1100000.0,1397728.5625,297728.5625,202955.0,94773.5625
base,hierarchical,23,dit_adaln_norm1,1150000.0,1412949.25,262949.25,168175.6875,94773.5625
base,hierarchical,24,dit_adaln_norm1,1200000.0,1429002.8125,229002.8125,134229.25,94773.5625
base,hierarchical,25,dit_adaln_norm1,1250000.0,1442502.125,192502.125,97728.5625,94773.5625
base,hierarchical,26,dit_adaln_norm1,1300000.0,1468362.8125,168362.8125,73589.25,94773.5625
base,hierarchical,27,dit_adaln_norm1,1350000.0,1481862.125,131862.125,37088.5625,94773.5625
base,hierarchical,28,dit_adaln_norm1,1400000.0,1494773.5625,94773.5625,0.0,94773.5625
base,hierarchical,29,dit_adaln_norm1,1450000.0,1544773.5625,94773.5625,0.0,94773.5625
base,hierarchical,30,dit_adaln_norm1,1500000.0,1594773.5625,94773.5625,0.0,94773.5625
base,hierarchical,31,dit_adaln_norm1,1550000.0,1644773.5625,94773.5625,0.0,94773.5625
base,hierarchical,32,dit_adaln_norm1,1600000.0,1694773.5625,94773.5625,0.0,94773.5625
base,hierarchical,33,dit_adaln_norm1,1650000.0,1744773.5625,94773.5625,0.0,94773.5625
base,hierarchical,34,dit_adaln_norm1,1700000.0,1794773.5625,94773.5625,0.0,94773.5625
base,hierarchical,35,dit_adaln_norm1,1750000.0,1844773.5625,94773.5625,0.0,94773.5625
base,hierarchical,36,dit_adaln_norm1,1800000.0,1894773.5625,94773.5625,0.0,94773.5625
base,hierarchical,37,dit_adaln_norm1,1850000.0,1944773.5625,94773.5625,0.0,94773.5625
base,hierarchical,38,dit_adaln_norm1,1900000.0,1994773.5625,94773.5625,0.0,94773.5625
base,hierarchical,39,dit_adaln_norm1,1950000.0,2044773.5625,94773.5625,0.0,94773.5625
base,hierarchical,40,dit_adaln_norm1,2000000.0,2094773.5625,94773.5625,0.0,94773.5625
base,hierarchical,41,dit_adaln_norm1,2050000.0,2144773.5625,94773.5625,0.0,94773.5625
base,hierarchical,42,dit_adaln_norm1,2100000.0,2194773.5625,94773.5625,0.0,94773.5625
base,hierarchical,43,dit_adaln_norm1,2150000.0,2244773.5625,94773.5625,0.0,94773.5625
base,hierarchical,44,dit_adaln_norm1,2200000.0,2294773.5625,94773.5625,0.0,94773.5625
base,hierarchical,45,dit_adaln_norm1,2250000.0,2344773.5625,94773.5625,0.0,94773.5625
base,hierarchical,46,dit_adaln_norm1,2300000.0,2394773.5625,94773.5625,0.0,94773.5625
base,hierarchical,47,dit_adaln_norm1,2350000.0,2444773.5625,94773.5625,0.0,94773.5625
base,hierarchical,48,dit_adaln_norm1,2400000.0,2494773.5625,94773.5625,0.0,94773.5625
base,hierarchical,49,dit_adaln_norm1,2450000.0,2544773.5625,94773.5625,0.0,94773.5625
base,hierarchical,50,dit_adaln_norm1,2500000.0,2594773.5625,94773.5625,0.0,94773.5625
base,hierarchical,51,dit_adaln_norm1,2550000.0,2644773.5625,94773.5625,0.0,94773.5625
base,hierarchical,52,dit_adaln_norm1,2600000.0,2694773.5625,94773.5625,0.0,94773.5625
base,hierarchical,53,dit_adaln_norm1,2650000.0,2744773.5625,94773.5625,0.0,94773.5625
base,hierarchical,54,dit_adaln_norm1,2700000.0,2794773.5625,94773.5625,0.0,94773.5625
base,hierarchical,55,dit_adaln_norm1,2750000.0,2844773.5625,94773.5625,0.0,94773.5625
base,hierarchical,56,dit_adaln_norm1,2800000.0,2894773.5625,94773.5625,0.0,94773.5625
base,hierarchical,57,dit_adaln_norm1,2850000.0,2944773.5625,94773.5625,0.0,94773.5625
base,hierarchical,58,dit_adaln_norm1,2900000.0,2994773.5625,94773.5625,0.0,94773.5625
base,hierarchical,59,dit_adaln_norm1,2950000.0,3044773.5625,94773.5625,0.0,94773.5625
base,hierarchical,60,dit_adaln_norm1,3000000.0,3094773.5625,94773.5625,0.0,94773.5625
base,hierarchical,61,dit_adaln_norm1,3050000.0,3144773.5625,94773.5625,0.0,94773.5625
base,hierarchical,62,dit_adaln_norm1,3100000.0,3194773.5625,94773.5625,0.0,94773.5625
base,hierarchical,63,dit_adaln_norm1,3150000.0,3244773.5625,94773.5625,0.0,94773.5625
base,hierarchical,64,dit_adaln_norm1,3200000.0,3294773.5625,94773.5625,0.0,94773.5625
base,hierarchical,65,dit_adaln_norm1,3250000.0,3344773.5625,94773.5625,0.0,94773.5625
base,hierarchical,66,dit_adaln_norm1,3300000.0,3394773.5625,94773.5625,0.0,94773.5625
base,hierarchical,67,dit_adaln_norm1,3350000.0,3444773.5625,94773.5625,0.0,94773.5625
base,hierarchical,68,dit_adaln_norm1,3400000.0,3494773.5625,94773.5625,0.0,94773.5625
base,hierarchical,69,dit_adaln_norm1,3450000.0,3544773.5625,94773.5625,0.0,94773.5625
base,hierarchical,70,dit_adaln_norm1,3500000.0,3594773.5625,94773.5625,0.0,94773.5625
base,hierarchical,71,dit_adaln_norm1,3550000.0,3644773.5625,94773.5625,0.0,94773.5625
base,hierarchical,72,dit_adaln_norm1,3600000.0,3694773.5625,94773.5625,0.0,94773.5625
base,hierarchical,73,dit_adaln_norm1,3650000.0,3744773.5625,94773.5625,0.0,94773.5625
base,hierarchical,74,dit_adaln_norm1,3700000.0,3794773.5625,94773.5625,0.0,94773.5625
base,hierarchical,75,dit_adaln_norm1,3750000.0,3844773.5625,94773.5625,0.0,94773.5625
base,hierarchical,76,dit_adaln_norm1,3800000.0,3894773.5625,94773.5625,0.0,94773.5625
base,hierarchical,77,dit_adaln_norm1,3850000.0,3944773.5625,94773.5625,0.0,94773.5625
base,hierarchical,78,dit_adaln_norm1,3900000.0,3994773.5625,94773.5625,0.0,94773.5625
base,hierarchical,79,dit_adaln_norm1,3950000.0,4044773.5625,94773.5625,0.0,94773.5625
base,hierarchical,80,dit_adaln_norm1,4000000.0,4094773.5625,94773.5625,0.0,94773.5625
base,hierarchical,81,dit_adaln_norm1,4050000.0,4144773.5625,94773.5625,0.0,94773.5625
base,hierarchical,82,dit_adaln_norm1,4100000.0,4194773.5625,94773.5625,0.0,94773.5625
base,hierarchical,83,dit_adaln_norm1,4150000.0,4244773.5625,94773.5625,0.0,94773.5625
base,hierarchical,84,dit_adaln_norm1,4200000.0,4294773.5625,94773.5625,0.0,94773.5625
base,hierarchical,85,dit_adaln_norm1,4250000.0,4344773.5625,94773.5625,0.0,94773.5625
base,hierarchical,86,dit_adaln_norm1,4300000.0,4394773.5625,94773.5625,0.0,94773.5625
base,hierarchical,87,dit_adaln_norm1,4350000.0,4444773.5625,94773.5625,0.0,94773.5625
base,hierarchical,88,dit_adaln_norm1,4400000.0,4494773.5625,94773.5625,0.0,94773.5625
base,hierarchical,89,dit_adaln_norm1,4450000.0,4544773.5625,94773.5625,0.0,94773.5625
base,hierarchical,90,dit_adaln_norm1,4500000.0,4594773.5625,94773.5625,0.0,94773.5625
base,hierarchical,91,dit_adaln_norm1,4550000.0,4644773.5625,94773.5625,0.0,94773.5625
base,hierarchical,92,dit_adaln_norm1,4600000.0,4694773.5625,94773.5625,0.0,94773.5625
base,hierarchical,93,dit_adaln_norm1,4650000.0,4744773.5625,94773.5625,0.0,94773.5625
base,hierarchical,94,dit_adaln_norm1,4700000.0,4794773.5625,94773.5625,0.0,94773.5625
base,hierarchical,95,dit_adaln_norm1,4750000.0,4844773.5625,94773.5625,0.0,94773.5625
base,hierarchical,96,dit_adaln_norm1,4800000.0,4894773.5625,94773.5625,0.0,94773.5625
base,hierarchical,97,dit_adaln_norm1,4850000.0,4944773.5625,94773.5625,0.0,94773.5625
base,hierarchical,98,dit_adaln_norm1,4900000.0,4994773.5625,94773.5625,0.0,94773.5625
base,hierarchical,99,dit_adaln_norm1,4950000.0,5044773.5625,94773.5625,0.0,94773.5625
base,hierarchical,100,dit_adaln_norm1,5000000.0,5094773.5625,94773.5625,0.0,94773.5625
base,hierarchical,101,dit_adaln_norm1,5050000.0,5144773.5625,94773.5625,0.0,94773.5625
base,hierarchical,102,dit_adaln_norm1,5100000.0,5194773.5625,94773.5625,0.0,94773.5625
base,hierarchical,103,dit_adaln_norm1,5150000.0,5244773.5625,94773.5625,0.0,94773.5625
base,hierarchical,104,dit_adaln_norm1,5200000.0,5294773.5625,94773.5625,0.0,94773.5625
base,hierarchical,105,dit_adaln_norm1,5250000.0,5344773.5625,94773.5625,0.0,94773.5625
base,hierarchical,106,dit_adaln_norm1,5300000.0,5394773.5625,94773.5625,0.0,94773.5625
base,hierarchical,107,dit_adaln_norm1,5350000.0,5444773.5625,94773.5625,0.0,94773.5625
base,hierarchical,108,dit_adaln_norm1,5400000.0,5494773.5625,94773.5625,0.0,94773.5625
base,hierarchical,109,dit_adaln_norm1,5450000.0,5544773.5625,94773.5625,0.0,94773.5625
base,hierarchical,110,dit_adaln_norm1,5500000.0,5594773.5625,94773.5625,0.0,94773.5625
base,hierarchical,111,dit_adaln_norm1,5550000.0,5644773.5625,94773.5625,0.0,94773.5625
base,hierarchical,112,dit_adaln_norm1,5600000.0,5694773.5625,94773.5625,0.0,94773.5625
base,hierarchical,113,dit_adaln_norm1,5650000.0,5744773.5625,94773.5625,0.0,94773.5625
base,hierarchical,114,dit_adaln_norm1,5700000.0,5794773.5625,94773.5625,0.0,94773.5625
base,hierarchical,115,dit_adaln_norm1,5750000.0,5844773.5625,94773.5625,0.0,94773.5625
base,hierarchical,116,dit_adaln_norm1,5800000.0,5894773.5625,94773.5625,0.0,94773.5625
base,hierarchical,117,dit_adaln_norm1,5850000.0,5944773.5625,94773.5625,0.0,94773.5625
base,hierarchical,118,dit_adaln_norm1,5900000.0,5994773.5625,94773.5625,0.0,94773.5625
base,hierarchical,119,dit_adaln_norm1,5950000.0,6044773.5625,94773.5625,0.0,94773.5625
base,hierarchical,120,dit_adaln_norm1,6000000.0,6094773.5625,94773.5625,0.0,94773.5625
base,hierarchical,121,dit_adaln_norm1,6050000.0,6144773.5625,94773.5625,0.0,94773.5625
base,hierarchical,122,dit_adaln_norm1,6100000.0,6194773.5625,94773.5625,0.0,94773.5625
base,hierarchical,123,dit_adaln_norm1,6150000.0,6244773.5625,94773.5625,0.0,94773.5625
base,hierarchical,124,dit_adaln_norm1,6200000.0,6294773.5625,94773.5625,0.0,94773.5625
base,hierarchical,125,dit_adaln_norm1,6250000.0,6344773.5625,94773.5625,0.0,94773.5625
base,hierarchical,126,dit_adaln_norm1,6300000.0,6394773.5625,94773.5625,0.0,94773.5625
base,hierarchical,127,dit_adaln_norm1,6350000.0,6444773.5625,94773.5625,0.0,94773.5625
base,hierarchical,128,dit_adaln_norm1,6400000.0,6494773.5625,94773.5625,0.0,94773.5625
base,hierarchical,129,dit_adaln_norm1,6450000.0,6544773.5625,94773.5625,0.0,94773.5625
base,hierarchical,130,dit_adaln_norm1,6500000.0,6594773.5625,94773.5625,0.0,94773.5625
base,hierarchical,131,dit_adaln_norm1,6550000.0,6644773.5625,94773.5625,0.0,94773.5625
base,hierarchical,132,dit_adaln_norm1,6600000.0,6694773.5625,94773.5625,0.0,94773.5625
base,hierarchical,133,dit_adaln_norm1,6650000.0,6744773.5625,94773.5625,0.0,94773.5625
base,hierarchical,134,dit_adaln_norm1,6700000.0,6794773.5625,94773.5625,0.0,94773.5625
base,hierarchical,135,dit_adaln_norm1,6750000.0,6844773.5625,94773.5625,0.0,94773.5625
base,hierarchical,136,dit_adaln_norm1,6800000.0,6894773.5625,94773.5625,0.0,94773.5625
base,hierarchical,137,dit_norm3,6850000.0,6944773.5625,94773.5625,0.0,94773.5625
base,hierarchical,138,dit_norm3,6900000.0,6994773.5625,94773.5625,0.0,94773.5625
base,hierarchical,139,dit_norm3,6950000.0,7044773.5625,94773.5625,0.0,94773.5625
base,hierarchical,140,dit_norm3,7000000.0,7094773.5625,94773.5625,0.0,94773.5625
base,hierarchical,141,dit_norm3,7050000.0,7144773.5625,94773.5625,0.0,94773.5625
base,hierarchical,142,dit_norm3,7100000.0,7194773.5625,94773.5625,0.0,94773.5625
base,hierarchical,143,dit_norm3,7150000.0,7244773.5625,94773.5625,0.0,94773.5625
base,hierarchical,144,dit_norm3,7200000.0,7294773.5625,94773.5625,0.0,94773.5625
base,hierarchical,145,dit_norm3,7250000.0,7344773.5625,94773.5625,0.0,94773.5625
base,hierarchical,146,dit_norm3,7300000.0,7394773.5625,94773.5625,0.0,94773.5625
base,hierarchical,147,dit_norm3,7350000.0,7444773.5625,94773.5625,0.0,94773.5625
base,hierarchical,148,dit_norm3,7400000.0,7494773.5625,94773.5625,0.0,94773.5625
base,hierarchical,149,dit_norm3,7450000.0,7544773.5625,94773.5625,0.0,94773.5625
base,hierarchical,150,dit_norm3,7500000.0,7594773.5625,94773.5625,0.0,94773.5625
base,hierarchical,151,dit_norm3,7550000.0,7644773.5625,94773.5625,0.0,94773.5625
base,hierarchical,152,dit_norm3,7600000.0,7694773.5625,94773.5625,0.0,94773.5625
base,hierarchical,153,dit_norm3,7650000.0,7744773.5625,94773.5625,0.0,94773.5625
base,hierarchical,154,dit_norm3,7700000.0,7794773.5625,94773.5625,0.0,94773.5625
base,hierarchical,155,dit_norm3,7750000.0,7844773.5625,94773.5625,0.0,94773.5625
base,hierarchical,156,dit_norm3,7800000.0,7894773.5625,94773.5625,0.0,94773.5625
base,hierarchical,157,dit_norm3,7850000.0,7944773.5625,94773.5625,0.0,94773.5625
base,hierarchical,158,dit_norm3,7900000.0,7994773.5625,94773.5625,0.0,94773.5625
base,hierarchical,159,dit_norm3,7950000.0,8044773.5625,94773.5625,0.0,94773.5625
base,hierarchical,160,dit_norm3,8000000.0,8094773.5625,94773.5625,0.0,94773.5625
base,hierarchical,161,dit_norm3,8050000.0,8144773.5625,94773.5625,0.0,94773.5625
base,hierarchical,162,dit_norm3,8100000.0,8194773.5625,94773.5625,0.0,94773.5625
base,hierarchical,163,dit_norm3,8150000.0,8244773.5625,94773.5625,0.0,94773.5625
base,hierarchical,164,dit_norm3,8200000.0,8294773.5625,94773.5625,0.0,94773.5625
base,hierarchical,165,dit_norm3,8250000.0,8344773.5625,94773.5625,0.0,94773.5625
base,hierarchical,166,dit_norm3,8300000.0,8394773.5625,94773.5625,0.0,94773.5625
base,hierarchical,167,dit_norm3,8350000.0,8444773.5625,94773.5625,0.0,94773.5625
base,hierarchical,168,dit_norm3,8400000.0,8494773.5625,94773.5625,0.0,94773.5625
base,hierarchical,169,dit_norm3,8450000.0,8544773.5625,94773.5625,0.0,94773.5625
base,hierarchical,170,dit_norm3,8500000.0,8594773.5625,94773.5625,0.0,94773.5625
base,hierarchical,171,dit_norm3,8550000.0,8644773.5625,94773.5625,0.0,94773.5625
base,hierarchical,172,dit_norm3,8600000.0,8694773.5625,94773.5625,0.0,94773.5625
base,hierarchical,173,dit_norm3,8650000.0,8744773.5625,94773.5625,0.0,94773.5625
base,hierarchical,174,dit_norm3,8700000.0,8794773.5625,94773.5625,0.0,94773.5625
base,hierarchical,175,dit_norm3,8750000.0,8844773.5625,94773.5625,0.0,94773.5625
base,hierarchical,176,dit_norm3,8800000.0,8894773.5625,94773.5625,0.0,94773.5625
base,hierarchical,177,dit_norm3,8850000.0,8944773.5625,94773.5625,0.0,94773.5625
base,hierarchical,178,dit_norm3,8900000.0,8994773.5625,94773.5625,0.0,94773.5625
base,hierarchical,179,dit_norm3,8950000.0,9044773.5625,94773.5625,0.0,94773.5625
base,hierarchical,180,dit_norm3,9000000.0,9094773.5625,94773.5625,0.0,94773.5625
base,hierarchical,181,dit_norm3,9050000.0,9144773.5625,94773.5625,0.0,94773.5625
base,hierarchical,182,dit_norm3,9100000.0,9194773.5625,94773.5625,0.0,94773.5625
base,hierarchical,183,dit_norm3,9150000.0,9244773.5625,94773.5625,0.0,94773.5625
base,hierarchical,184,dit_norm3,9200000.0,9294773.5625,94773.5625,0.0,94773.5625
base,hierarchical,185,dit_norm3,9250000.0,9344773.5625,94773.5625,0.0,94773.5625
base,hierarchical,186,dit_norm3,9300000.0,9394773.5625,94773.5625,0.0,94773.5625
base,hierarchical,187,dit_norm3,9350000.0,9444773.5625,94773.5625,0.0,94773.5625
base,hierarchical,188,dit_norm3,9400000.0,9494773.5625,94773.5625,0.0,94773.5625
base,hierarchical,189,dit_norm3,9450000.0,9544773.5625,94773.5625,0.0,94773.5625
base,hierarchical,190,dit_norm3,9500000.0,9594773.5625,94773.5625,0.0,94773.5625
base,hierarchical,191,dit_norm3,9550000.0,9644773.5625,94773.5625,0.0,94773.5625
base,hierarchical,192,dit_norm3,9600000.0,9694773.5625,94773.5625,0.0,94773.5625
base,hierarchical,193,dit_norm3,9650000.0,9744773.5625,94773.5625,0.0,94773.5625
base,hierarchical,194,dit_norm3,9700000.0,9794773.5625,94773.5625,0.0,94773.5625
base,hierarchical,195,dit_norm3,9750000.0,9844773.5625,94773.5625,0.0,94773.5625
base,hierarchical,196,dit_norm3,9800000.0,9894773.5625,94773.5625,0.0,94773.5625
base,hierarchical,197,dit_norm3,9850000.0,9944773.5625,94773.5625,0.0,94773.5625
base,hierarchical,198,dit_norm3,9900000.0,9994773.5625,94773.5625,0.0,94773.5625
base,hierarchical,199,dit_norm3,9950000.0,10044773.5625,94773.5625,0.0,94773.5625
base,hierarchical,200,dit_norm3,10000000.0,10094773.5625,94773.5625,0.0,94773.5625
base,hierarchical,201,dit_norm3,10050000.0,10144773.5625,94773.5625,0.0,94773.5625
base,hierarchical,202,dit_norm3,10100000.0,10194773.5625,94773.5625,0.0,94773.5625
base,hierarchical,203,dit_norm3,10150000.0,10244773.5625,94773.5625,0.0,94773.5625
base,hierarchical,204,dit_norm3,10200000.0,10294773.5625,94773.5625,0.0,94773.5625
base,hierarchical,205,dit_norm3,10250000.0,10344773.5625,94773.5625,0.0,94773.5625
base,hierarchical,206,dit_norm3,10300000.0,10394773.5625,94773.5625,0.0,94773.5625
base,hierarchical,207,dit_norm3,10350000.0,10444773.5625,94773.5625,0.0,94773.5625
base,hierarchical,208,dit_norm3,10400000.0,10494773.5625,94773.5625,0.0,94773.5625
base,hierarchical,209,dit_norm3,10450000.0,10544773.5625,94773.5625,0.0,94773.5625
base,hierarchical,210,dit_norm3,10500000.0,10594773.5625,94773.5625,0.0,94773.5625
base,hierarchical,211,dit_norm3,10550000.0,10644773.5625,94773.5625,0.0,94773.5625
base,hierarchical,212,dit_norm3,10600000.0,10694773.5625,94773.5625,0.0,94773.5625
base,hierarchical,213,dit_norm3,10650000.0,10744773.5625,94773.5625,0.0,94773.5625
base,hierarchical,214,dit_norm3,10700000.0,10794773.5625,94773.5625,0.0,94773.5625
base,hierarchical,215,dit_norm3,10750000.0,10844773.5625,94773.5625,0.0,94773.5625
base,hierarchical,216,dit_norm3,10800000.0,10894773.5625,94773.5625,0.0,94773.5625
base,hierarchical,217,dit_norm3,10850000.0,10944773.5625,94773.5625,0.0,94773.5625
base,hierarchical,218,dit_norm3,10900000.0,10994773.5625,94773.5625,0.0,94773.5625
base,hierarchical,219,dit_norm3,10950000.0,11044773.5625,94773.5625,0.0,94773.5625
base,hierarchical,220,dit_norm3,11000000.0,11094773.5625,94773.5625,0.0,94773.5625
base,hierarchical,221,dit_norm3,11050000.0,11144773.5625,94773.5625,0.0,94773.5625
base,hierarchical,222,dit_norm3,11100000.0,11194773.5625,94773.5625,0.0,94773.5625
base,hierarchical,223,dit_norm3,11150000.0,11244773.5625,94773.5625,0.0,94773.5625
base,hierarchical,224,dit_norm3,11200000.0,11294773.5625,94773.5625,0.0,94773.5625
base,hierarchical,225,dit_norm3,11250000.0,11344773.5625,94773.5625,0.0,94773.5625
base,hierarchical,226,dit_norm3,11300000.0,11394773.5625,94773.5625,0.0,94773.5625
base,hierarchical,227,dit_norm3,11350000.0,11444773.5625,94773.5625,0.0,94773.5625
base,hierarchical,228,dit_norm3,11400000.0,11494773.5625,94773.5625,0.0,94773.5625
base,hierarchical,229,dit_norm3,11450000.0,11544773.5625,94773.5625,0.0,94773.5625
base,hierarchical,230,dit_norm3,11500000.0,11594773.5625,94773.5625,0.0,94773.5625
base,hierarchical,231,dit_norm3,11550000.0,11644773.5625,94773.5625,0.0,94773.5625
base,hierarchical,232,dit_norm3,11600000.0,11694773.5625,94773.5625,0.0,94773.5625
base,hierarchical,233,dit_norm3,11650000.0,11744773.5625,94773.5625,0.0,94773.5625
base,hierarchical,234,dit_norm3,11700000.0,11794773.5625,94773.5625,0.0,94773.5625
base,hierarchical,235,dit_norm3,11750000.0,11844773.5625,94773.5625,0.0,94773.5625
base,hierarchical,236,dit_norm3,11800000.0,11894773.5625,94773.5625,0.0,94773.5625
base,hierarchical,237,dit_norm3,11850000.0,11944773.5625,94773.5625,0.0,94773.5625
base,hierarchical,238,dit_norm3,11900000.0,11994773.5625,94773.5625,0.0,94773.5625
base,hierarchical,239,dit_norm3,11950000.0,12044773.5625,94773.5625,0.0,94773.5625
base,hierarchical,240,dit_norm3,12000000.0,12094773.5625,94773.5625,0.0,94773.5625
base,hierarchical,241,dit_norm3,12050000.0,12144773.5625,94773.5625,0.0,94773.5625
base,hierarchical,242,dit_norm3,12100000.0,12194773.5625,94773.5625,0.0,94773.5625
base,hierarchical,243,dit_norm3,12150000.0,12244773.5625,94773.5625,0.0,94773.5625
base,hierarchical,244,dit_norm3,12200000.0,12294773.5625,94773.5625,0.0,94773.5625
base,hierarchical,245,dit_norm3,12250000.0,12344773.5625,94773.5625,0.0,94773.5625
base,hierarchical,246,dit_norm3,12300000.0,12394773.5625,94773.5625,0.0,94773.5625
base,hierarchical,247,dit_norm3,12350000.0,12444773.5625,94773.5625,0.0,94773.5625
base,hierarchical,248,dit_norm3,12400000.0,12494773.5625,94773.5625,0.0,94773.5625
base,hierarchical,249,dit_norm3,12450000.0,12544773.5625,94773.5625,0.0,94773.5625
base,hierarchical,250,dit_norm3,12500000.0,12594773.5625,94773.5625,0.0,94773.5625
base,hierarchical,251,dit_norm3,12550000.0,12644773.5625,94773.5625,0.0,94773.5625
base,hierarchical,252,dit_norm3,12600000.0,12694773.5625,94773.5625,0.0,94773.5625
base,hierarchical,253,dit_norm3,12650000.0,12744773.5625,94773.5625,0.0,94773.5625
base,hierarchical,254,dit_norm3,12700000.0,12794773.5625,94773.5625,0.0,94773.5625
base,hierarchical,255,dit_norm3,12750000.0,12844773.5625,94773.5625,0.0,94773.5625
base,hierarchical,256,dit_norm3,12800000.0,12894773.5625,94773.5625,0.0,94773.5625
base,hierarchical,257,dit_norm3,12850000.0,12944773.5625,94773.5625,0.0,94773.5625
base,hierarchical,258,dit_norm3,12900000.0,12994773.5625,94773.5625,0.0,94773.5625
base,hierarchical,259,dit_norm3,12950000.0,13044773.5625,94773.5625,0.0,94773.5625
base,hierarchical,260,dit_norm3,13000000.0,13094773.5625,94773.5625,0.0,94773.5625
base,hierarchical,261,dit_norm3,13050000.0,13144773.5625,94773.5625,0.0,94773.5625
base,hierarchical,262,dit_norm3,13100000.0,13194773.5625,94773.5625,0.0,94773.5625
base,hierarchical,263,dit_norm3,13150000.0,13244773.5625,94773.5625,0.0,94773.5625
base,hierarchical,264,dit_norm3,13200000.0,13294773.5625,94773.5625,0.0,94773.5625
base,hierarchical,265,dit_norm_out,13250000.0,13344773.5625,94773.5625,0.0,94773.5625
base,hierarchical,266,dit_norm_out,13300000.0,13394773.5625,94773.5625,0.0,94773.5625
base,hierarchical,267,dit_norm_out,13350000.0,13444773.5625,94773.5625,0.0,94773.5625
base,hierarchical,268,dit_norm_out,13400000.0,13494773.5625,94773.5625,0.0,94773.5625
base,hierarchical,269,qwen_input_post_attention,13450000.0,13951698.75,501698.75,0.0,501698.75
base,hierarchical,270,qwen_input_post_attention,13500000.0,14001698.75,501698.75,0.0,501698.75
base,hierarchical,271,qwen_input_post_attention,13550000.0,14051698.75,501698.75,0.0,501698.75
base,hierarchical,272,qwen_input_post_attention,13600000.0,14101698.75,501698.75,0.0,501698.75
base,hierarchical,273,qwen_input_post_attention,13650000.0,14310098.75,660098.75,158400.0,501698.75
base,hierarchical,274,qwen_input_post_attention,13700000.0,14410098.75,710098.75,208400.0,501698.75
base,hierarchical,275,qwen_input_post_attention,13750000.0,14460098.75,710098.75,208400.0,501698.75
base,hierarchical,276,qwen_input_post_attention,13800000.0,14553397.5,753397.5,251698.75,501698.75
base,hierarchical,277,qwen_input_post_attention,13850000.0,14668498.75,818498.75,316800.0,501698.75
base,hierarchical,278,qwen_input_post_attention,13900000.0,14811797.5,911797.5,410098.75,501698.75
base,hierarchical,279,qwen_input_post_attention,13950000.0,14911797.5,961797.5,460098.75,501698.75
base,hierarchical,280,qwen_input_post_attention,14000000.0,14961797.5,961797.5,460098.75,501698.75
base,hierarchical,281,qwen_input_post_attention,14050000.0,15055096.25,1005096.25,503397.5,501698.75
base,hierarchical,282,qwen_input_post_attention,14100000.0,15170197.5,1070197.5,568498.75,501698.75
base,hierarchical,283,qwen_input_post_attention,14150000.0,15313496.25,1163496.25,661797.5,501698.75
base,hierarchical,284,qwen_input_post_attention,14200000.0,15413496.25,1213496.25,711797.5,501698.75
base,hierarchical,285,qwen_input_post_attention,14250000.0,15463496.25,1213496.25,711797.5,501698.75
base,hierarchical,286,qwen_input_post_attention,14300000.0,15556795.0,1256795.0,755096.25,501698.75
base,hierarchical,287,qwen_input_post_attention,14350000.0,15671896.25,1321896.25,820197.5,501698.75
base,hierarchical,288,qwen_input_post_attention,14400000.0,15815195.0,1415195.0,913496.25,501698.75
base,hierarchical,289,qwen_input_post_attention,14450000.0,15915195.0,1465195.0,963496.25,501698.75
base,hierarchical,290,qwen_input_post_attention,14500000.0,15965195.0,1465195.0,963496.25,501698.75
base,hierarchical,291,qwen_input_post_attention,14550000.0,16058493.75,1508493.75,1006795.0,501698.75
base,hierarchical,292,qwen_input_post_attention,14600000.0,16173595.0,1573595.0,1071896.25,501698.75
base,hierarchical,293,qwen_input_post_attention,14650000.0,16316893.75,1666893.75,1165195.0,501698.75
base,hierarchical,294,qwen_input_post_attention,14700000.0,16416893.75,1716893.75,1215195.0,501698.75
base,hierarchical,295,qwen_input_post_attention,14750000.0,16466893.75,1716893.75,1215195.0,501698.75
base,hierarchical,296,qwen_input_post_attention,14800000.0,16560192.5,1760192.5,1258493.75,501698.75
base,hierarchical,297,qwen_input_post_attention,14850000.0,16675293.75,1825293.75,1323595.0,501698.75
base,hierarchical,298,qwen_input_post_attention,14900000.0,16818592.5,1918592.5,1416893.75,501698.75
base,hierarchical,299,qwen_input_post_attention,14950000.0,16918592.5,1968592.5,1466893.75,501698.75
base,hierarchical,300,qwen_input_post_attention,15000000.0,16968592.5,1968592.5,1466893.75,501698.75
base,hierarchical,301,qwen_query_key,15050000.0,18482402.5,3432402.5,1510192.5,1922210.0
base,hierarchical,302,qwen_query_key,15100000.0,19948862.5,4848862.5,2926652.5,1922210.0
base,hierarchical,303,qwen_query_key,15150000.0,21415322.5,6265322.5,4343112.5,1922210.0
base,hierarchical,304,qwen_query_key,15200000.0,22881782.5,7681782.5,5759572.5,1922210.0
base,hierarchical,305,qwen_query_key,15250000.0,24348242.5,9098242.5,7176032.5,1922210.0
base,hierarchical,306,qwen_query_key,15300000.0,25814702.5,10514702.5,8592492.5,1922210.0
base,hierarchical,307,qwen_query_key,15350000.0,27281162.5,11931162.5,10008952.5,1922210.0
base,hierarchical,308,qwen_query_key,15400000.0,28747622.5,13347622.5,11425412.5,1922210.0
base,hierarchical,309,qwen_query_key,15450000.0,30214082.5,14764082.5,12841872.5,1922210.0
base,hierarchical,310,qwen_query_key,15500000.0,31680542.5,16180542.5,14258332.5,1922210.0
base,hierarchical,311,qwen_query_key,15550000.0,33147002.5,17597002.5,15674792.5,1922210.0
base,hierarchical,312,qwen_query_key,15600000.0,34613462.5,19013462.5,17091252.5,1922210.0
base,hierarchical,313,qwen_query_key,15650000.0,36079922.5,20429922.5,18507712.5,1922210.0
base,hierarchical,314,qwen_query_key,15700000.0,37546382.5,21846382.5,19924172.5,1922210.0
base,hierarchical,315,qwen_query_key,15750000.0,39012842.5,23262842.5,21340632.5,1922210.0
base,hierarchical,316,qwen_query_key,15800000.0,40479302.5,24679302.5,22757092.5,1922210.0
base,hierarchical,317,qwen_query_key,15850000.0,41945762.5,26095762.5,24173552.5,1922210.0
base,hierarchical,318,qwen_query_key,15900000.0,43412222.5,27512222.5,25590012.5,1922210.0
base,hierarchical,319,qwen_query_key,15950000.0,44878682.5,28928682.5,27006472.5,1922210.0
base,hierarchical,320,qwen_query_key,16000000.0,46345142.5,30345142.5,28422932.5,1922210.0
base,hierarchical,321,qwen_query_key,16050000.0,47811602.5,31761602.5,29839392.5,1922210.0
base,hierarchical,322,qwen_query_key,16100000.0,49278062.5,33178062.5,31255852.5,1922210.0
base,hierarchical,323,qwen_query_key,16150000.0,50744522.5,34594522.5,32672312.5,1922210.0
base,hierarchical,324,qwen_query_key,16200000.0,52210982.5,36010982.5,34088772.5,1922210.0
base,hierarchical,325,qwen_query_key,16250000.0,53677442.5,37427442.5,35505232.5,1922210.0
base,hierarchical,326,qwen_query_key,16300000.0,55143902.5,38843902.5,36921692.5,1922210.0
base,hierarchical,327,qwen_query_key,16350000.0,56610362.5,40260362.5,38338152.5,1922210.0
base,hierarchical,328,qwen_query_key,16400000.0,58076822.5,41676822.5,39754612.5,1922210.0
base,hierarchical,329,qwen_query_key,16450000.0,59543282.5,43093282.5,41171072.5,1922210.0
base,hierarchical,330,qwen_query_key,16500000.0,61009742.5,44509742.5,42587532.5,1922210.0
base,hierarchical,331,qwen_query_key,16550000.0,62476202.5,45926202.5,44003992.5,1922210.0
base,hierarchical,332,qwen_query_key,16600000.0,63942662.5,47342662.5,45420452.5,1922210.0
high,gpu_full,0,vlln,0.0,300045.952,300045.952,0.0,300045.952
high,gpu_full,1,vl_self_attention_norm1_norm3,12500.0,595091.904,582591.904,282545.952,300045.952
high,gpu_full,2,vl_self_attention_norm1_norm3,25000.0,890137.856,865137.856,565091.904,300045.952
high,gpu_full,3,vl_self_attention_norm1_norm3,37500.0,1185183.808,1147683.808,847637.856,300045.952
high,gpu_full,4,vl_self_attention_norm1_norm3,50000.0,1480229.76,1430229.76,1130183.808,300045.952
high,gpu_full,5,vl_self_attention_norm1_norm3,62500.0,1775275.712,1712775.712,1412729.76,300045.952
high,gpu_full,6,vl_self_attention_norm1_norm3,75000.0,2070321.664,1995321.664,1695275.712,300045.952
high,gpu_full,7,vl_self_attention_norm1_norm3,87500.0,2365367.616,2277867.616,1977821.664,300045.952
high,gpu_full,8,vl_self_attention_norm1_norm3,100000.0,2660413.568,2560413.568,2260367.616,300045.952
high,gpu_full,9,dit_adaln_norm1,112500.0,2728893.376,2616393.376,2542913.568,73479.808
high,gpu_full,10,dit_adaln_norm1,125000.0,2797373.184,2672373.184,2598893.376,73479.808
high,gpu_full,11,dit_adaln_norm1,137500.0,2865852.992,2728352.992,2654873.184,73479.808
high,gpu_full,12,dit_adaln_norm1,150000.0,2934332.8,2784332.8,2710852.992,73479.808
high,gpu_full,13,dit_adaln_norm1,162500.0,3002812.608,2840312.608,2766832.8,73479.808
high,gpu_full,14,dit_adaln_norm1,175000.0,3071292.416,2896292.416,2822812.608,73479.808
high,gpu_full,15,dit_adaln_norm1,187500.0,3139772.224,2952272.224,2878792.416,73479.808
high,gpu_full,16,dit_adaln_norm1,200000.0,3208252.032,3008252.032,2934772.224,73479.808
high,gpu_full,17,dit_adaln_norm1,212500.0,3276731.84,3064231.84,2990752.032,73479.808
high,gpu_full,18,dit_adaln_norm1,225000.0,3345211.648,3120211.648,3046731.84,73479.808
high,gpu_full,19,dit_adaln_norm1,237500.0,3413691.456,3176191.456,3102711.648,73479.808
high,gpu_full,20,dit_adaln_norm1,250000.0,3482171.264,3232171.264,3158691.456,73479.808
high,gpu_full,21,dit_adaln_norm1,262500.0,3550651.072,3288151.072,3214671.264,73479.808
high,gpu_full,22,dit_adaln_norm1,275000.0,3619130.88,3344130.88,3270651.072,73479.808
high,gpu_full,23,dit_adaln_norm1,287500.0,3687610.688,3400110.688,3326630.88,73479.808
high,gpu_full,24,dit_adaln_norm1,300000.0,3756090.496,3456090.496,3382610.688,73479.808
high,gpu_full,25,dit_adaln_norm1,312500.0,3824570.304,3512070.304,3438590.496,73479.808
high,gpu_full,26,dit_adaln_norm1,325000.0,3893050.112,3568050.112,3494570.304,73479.808
high,gpu_full,27,dit_adaln_norm1,337500.0,3961529.92,3624029.92,3550550.112,73479.808
high,gpu_full,28,dit_adaln_norm1,350000.0,4030009.728,3680009.728,3606529.92,73479.808
high,gpu_full,29,dit_adaln_norm1,362500.0,4098489.536,3735989.536,3662509.728,73479.808
high,gpu_full,30,dit_adaln_norm1,375000.0,4166969.344,3791969.344,3718489.536,73479.808
high,gpu_full,31,dit_adaln_norm1,387500.0,4235449.152,3847949.152,3774469.344,73479.808
high,gpu_full,32,dit_adaln_norm1,400000.0,4303928.96,3903928.96,3830449.152,73479.808
high,gpu_full,33,dit_adaln_norm1,412500.0,4372408.768,3959908.768,3886428.96,73479.808
high,gpu_full,34,dit_adaln_norm1,425000.0,4440888.576,4015888.576,3942408.768,73479.808
high,gpu_full,35,dit_adaln_norm1,437500.0,4509368.384,4071868.384,3998388.576,73479.808
high,gpu_full,36,dit_adaln_norm1,450000.0,4577848.192,4127848.192,4054368.384,73479.808
high,gpu_full,37,dit_adaln_norm1,462500.0,4646328.0,4183828.0,4110348.192,73479.808
high,gpu_full,38,dit_adaln_norm1,475000.0,4714807.808,4239807.808,4166328.0,73479.808
high,gpu_full,39,dit_adaln_norm1,487500.0,4783287.616,4295787.616,4222307.808,73479.808
high,gpu_full,40,dit_adaln_norm1,500000.0,4851767.424,4351767.424,4278287.616,73479.808
high,gpu_full,41,dit_adaln_norm1,512500.0,4920247.232,4407747.232,4334267.424,73479.808
high,gpu_full,42,dit_adaln_norm1,525000.0,4988727.04,4463727.04,4390247.232,73479.808
high,gpu_full,43,dit_adaln_norm1,537500.0,5057206.848,4519706.848,4446227.04,73479.808
high,gpu_full,44,dit_adaln_norm1,550000.0,5125686.656,4575686.656,4502206.848,73479.808
high,gpu_full,45,dit_adaln_norm1,562500.0,5194166.464,4631666.464,4558186.656,73479.808
high,gpu_full,46,dit_adaln_norm1,575000.0,5262646.272,4687646.272,4614166.464,73479.808
high,gpu_full,47,dit_adaln_norm1,587500.0,5331126.08,4743626.08,4670146.272,73479.808
high,gpu_full,48,dit_adaln_norm1,600000.0,5399605.888,4799605.888,4726126.08,73479.808
high,gpu_full,49,dit_adaln_norm1,612500.0,5468085.696,4855585.696,4782105.888,73479.808
high,gpu_full,50,dit_adaln_norm1,625000.0,5536565.504,4911565.504,4838085.696,73479.808
high,gpu_full,51,dit_adaln_norm1,637500.0,5605045.312,4967545.312,4894065.504,73479.808
high,gpu_full,52,dit_adaln_norm1,650000.0,5673525.12,5023525.12,4950045.312,73479.808
high,gpu_full,53,dit_adaln_norm1,662500.0,5742004.928,5079504.928,5006025.12,73479.808
high,gpu_full,54,dit_adaln_norm1,675000.0,5810484.736,5135484.736,5062004.928,73479.808
high,gpu_full,55,dit_adaln_norm1,687500.0,5878964.544,5191464.544,5117984.736,73479.808
high,gpu_full,56,dit_adaln_norm1,700000.0,5947444.352,5247444.352,5173964.544,73479.808
high,gpu_full,57,dit_adaln_norm1,712500.0,6015924.16,5303424.16,5229944.352,73479.808
high,gpu_full,58,dit_adaln_norm1,725000.0,6084403.968,5359403.968,5285924.16,73479.808
high,gpu_full,59,dit_adaln_norm1,737500.0,6152883.776,5415383.776,5341903.968,73479.808
high,gpu_full,60,dit_adaln_norm1,750000.0,6221363.584,5471363.584,5397883.776,73479.808
high,gpu_full,61,dit_adaln_norm1,762500.0,6289843.392,5527343.392,5453863.584,73479.808
high,gpu_full,62,dit_adaln_norm1,775000.0,6358323.2,5583323.2,5509843.392,73479.808
high,gpu_full,63,dit_adaln_norm1,787500.0,6426803.008,5639303.008,5565823.2,73479.808
high,gpu_full,64,dit_adaln_norm1,800000.0,6495282.816,5695282.816,5621803.008,73479.808
high,gpu_full,65,dit_adaln_norm1,812500.0,6563762.624,5751262.624,5677782.816,73479.808
high,gpu_full,66,dit_adaln_norm1,825000.0,6632242.432,5807242.432,5733762.624,73479.808
high,gpu_full,67,dit_adaln_norm1,837500.0,6700722.24,5863222.24,5789742.432,73479.808
high,gpu_full,68,dit_adaln_norm1,850000.0,6769202.048,5919202.048,5845722.24,73479.808
high,gpu_full,69,dit_adaln_norm1,862500.0,6837681.856,5975181.856,5901702.048,73479.808
high,gpu_full,70,dit_adaln_norm1,875000.0,6906161.664,6031161.664,5957681.856,73479.808
high,gpu_full,71,dit_adaln_norm1,887500.0,6974641.472,6087141.472,6013661.664,73479.808
high,gpu_full,72,dit_adaln_norm1,900000.0,7043121.28,6143121.28,6069641.472,73479.808
high,gpu_full,73,dit_adaln_norm1,912500.0,7111601.088,6199101.088,6125621.28,73479.808
high,gpu_full,74,dit_adaln_norm1,925000.0,7180080.896,6255080.896,6181601.088,73479.808
high,gpu_full,75,dit_adaln_norm1,937500.0,7248560.704,6311060.704,6237580.896,73479.808
high,gpu_full,76,dit_adaln_norm1,950000.0,7317040.512,6367040.512,6293560.704,73479.808
high,gpu_full,77,dit_adaln_norm1,962500.0,7385520.32,6423020.32,6349540.512,73479.808
high,gpu_full,78,dit_adaln_norm1,975000.0,7454000.128,6479000.128,6405520.32,73479.808
high,gpu_full,79,dit_adaln_norm1,987500.0,7522479.936,6534979.936,6461500.128,73479.808
high,gpu_full,80,dit_adaln_norm1,1000000.0,7590959.744,6590959.744,6517479.936,73479.808
high,gpu_full,81,dit_adaln_norm1,1012500.0,7659439.552,6646939.552,6573459.744,73479.808
high,gpu_full,82,dit_adaln_norm1,1025000.0,7727919.36,6702919.36,6629439.552,73479.808
high,gpu_full,83,dit_adaln_norm1,1037500.0,7796399.168,6758899.168,6685419.36,73479.808
high,gpu_full,84,dit_adaln_norm1,1050000.0,7864878.976,6814878.976,6741399.168,73479.808
high,gpu_full,85,dit_adaln_norm1,1062500.0,7933358.784,6870858.784,6797378.976,73479.808
high,gpu_full,86,dit_adaln_norm1,1075000.0,8001838.592,6926838.592,6853358.784,73479.808
high,gpu_full,87,dit_adaln_norm1,1087500.0,8070318.4,6982818.4,6909338.592,73479.808
high,gpu_full,88,dit_adaln_norm1,1100000.0,8138798.208,7038798.208,6965318.4,73479.808
high,gpu_full,89,dit_adaln_norm1,1112500.0,8207278.016,7094778.016,7021298.208,73479.808
high,gpu_full,90,dit_adaln_norm1,1125000.0,8275757.824,7150757.824,7077278.016,73479.808
high,gpu_full,91,dit_adaln_norm1,1137500.0,8344237.632,7206737.632,7133257.824,73479.808
high,gpu_full,92,dit_adaln_norm1,1150000.0,8412717.44,7262717.44,7189237.632,73479.808
high,gpu_full,93,dit_adaln_norm1,1162500.0,8481197.248,7318697.248,7245217.44,73479.808
high,gpu_full,94,dit_adaln_norm1,1175000.0,8549677.056,7374677.056,7301197.248,73479.808
high,gpu_full,95,dit_adaln_norm1,1187500.0,8618156.864,7430656.864,7357177.056,73479.808
high,gpu_full,96,dit_adaln_norm1,1200000.0,8686636.672,7486636.672,7413156.864,73479.808
high,gpu_full,97,dit_adaln_norm1,1212500.0,8755116.48,7542616.48,7469136.672,73479.808
high,gpu_full,98,dit_adaln_norm1,1225000.0,8823596.288,7598596.288,7525116.48,73479.808
high,gpu_full,99,dit_adaln_norm1,1237500.0,8892076.096,7654576.096,7581096.288,73479.808
high,gpu_full,100,dit_adaln_norm1,1250000.0,8960555.904,7710555.904,7637076.096,73479.808
high,gpu_full,101,dit_adaln_norm1,1262500.0,9029035.712,7766535.712,7693055.904,73479.808
high,gpu_full,102,dit_adaln_norm1,1275000.0,9097515.52,7822515.52,7749035.712,73479.808
high,gpu_full,103,dit_adaln_norm1,1287500.0,9165995.328,7878495.328,7805015.52,73479.808
high,gpu_full,104,dit_adaln_norm1,1300000.0,9234475.136,7934475.136,7860995.328,73479.808
high,gpu_full,105,dit_adaln_norm1,1312500.0,9302954.944,7990454.944,7916975.136,73479.808
high,gpu_full,106,dit_adaln_norm1,1325000.0,9371434.752,8046434.752,7972954.944,73479.808
high,gpu_full,107,dit_adaln_norm1,1337500.0,9439914.56,8102414.56,8028934.752,73479.808
high,gpu_full,108,dit_adaln_norm1,1350000.0,9508394.368,8158394.368,8084914.56,73479.808
high,gpu_full,109,dit_adaln_norm1,1362500.0,9576874.176,8214374.176,8140894.368,73479.808
high,gpu_full,110,dit_adaln_norm1,1375000.0,9645353.984,8270353.984,8196874.176,73479.808
high,gpu_full,111,dit_adaln_norm1,1387500.0,9713833.792,8326333.792,8252853.984,73479.808
high,gpu_full,112,dit_adaln_norm1,1400000.0,9782313.6,8382313.6,8308833.792,73479.808
high,gpu_full,113,dit_adaln_norm1,1412500.0,9850793.408,8438293.408,8364813.6,73479.808
high,gpu_full,114,dit_adaln_norm1,1425000.0,9919273.216,8494273.216,8420793.408,73479.808
high,gpu_full,115,dit_adaln_norm1,1437500.0,9987753.024,8550253.024,8476773.216,73479.808
high,gpu_full,116,dit_adaln_norm1,1450000.0,10056232.832,8606232.832,8532753.024,73479.808
high,gpu_full,117,dit_adaln_norm1,1462500.0,10124712.64,8662212.64,8588732.832,73479.808
high,gpu_full,118,dit_adaln_norm1,1475000.0,10193192.448,8718192.448,8644712.64,73479.808
high,gpu_full,119,dit_adaln_norm1,1487500.0,10261672.256,8774172.256,8700692.448,73479.808
high,gpu_full,120,dit_adaln_norm1,1500000.0,10330152.064,8830152.064,8756672.256,73479.808
high,gpu_full,121,dit_adaln_norm1,1512500.0,10398631.872,8886131.872,8812652.064,73479.808
high,gpu_full,122,dit_adaln_norm1,1525000.0,10467111.68,8942111.68,8868631.872,73479.808
high,gpu_full,123,dit_adaln_norm1,1537500.0,10535591.488,8998091.488,8924611.68,73479.808
high,gpu_full,124,dit_adaln_norm1,1550000.0,10604071.296,9054071.296,8980591.488,73479.808
high,gpu_full,125,dit_adaln_norm1,1562500.0,10672551.104,9110051.104,9036571.296,73479.808
high,gpu_full,126,dit_adaln_norm1,1575000.0,10741030.912,9166030.912,9092551.104,73479.808
high,gpu_full,127,dit_adaln_norm1,1587500.0,10809510.72,9222010.72,9148530.912,73479.808
high,gpu_full,128,dit_adaln_norm1,1600000.0,10877990.528,9277990.528,9204510.72,73479.808
high,gpu_full,129,dit_adaln_norm1,1612500.0,10946470.336,9333970.336,9260490.528,73479.808
high,gpu_full,130,dit_adaln_norm1,1625000.0,11014950.144,9389950.144,9316470.336,73479.808
high,gpu_full,131,dit_adaln_norm1,1637500.0,11083429.952,9445929.952,9372450.144,73479.808
high,gpu_full,132,dit_adaln_norm1,1650000.0,11151909.76,9501909.76,9428429.952,73479.808
high,gpu_full,133,dit_adaln_norm1,1662500.0,11220389.568,9557889.568,9484409.76,73479.808
high,gpu_full,134,dit_adaln_norm1,1675000.0,11288869.376,9613869.376,9540389.568,73479.808
high,gpu_full,135,dit_adaln_norm1,1687500.0,11357349.184,9669849.184,9596369.376,73479.808
high,gpu_full,136,dit_adaln_norm1,1700000.0,11425828.992,9725828.992,9652349.184,73479.808
high,gpu_full,137,dit_norm3,1712500.0,11462568.896,9750068.896,9708328.992,41739.904
high,gpu_full,138,dit_norm3,1725000.0,11499308.8,9774308.8,9732568.896,41739.904
high,gpu_full,139,dit_norm3,1737500.0,11536048.704,9798548.704,9756808.8,41739.904
high,gpu_full,140,dit_norm3,1750000.0,11572788.608,9822788.608,9781048.704,41739.904
high,gpu_full,141,dit_norm3,1762500.0,11609528.512,9847028.512,9805288.608,41739.904
high,gpu_full,142,dit_norm3,1775000.0,11646268.416,9871268.416,9829528.512,41739.904
high,gpu_full,143,dit_norm3,1787500.0,11683008.32,9895508.32,9853768.416,41739.904
high,gpu_full,144,dit_norm3,1800000.0,11719748.224,9919748.224,9878008.32,41739.904
high,gpu_full,145,dit_norm3,1812500.0,11756488.128,9943988.128,9902248.224,41739.904
high,gpu_full,146,dit_norm3,1825000.0,11793228.032,9968228.032,9926488.128,41739.904
high,gpu_full,147,dit_norm3,1837500.0,11829967.936,9992467.936,9950728.032,41739.904
high,gpu_full,148,dit_norm3,1850000.0,11866707.84,10016707.84,9974967.936,41739.904
high,gpu_full,149,dit_norm3,1862500.0,11903447.744,10040947.744,9999207.84,41739.904
high,gpu_full,150,dit_norm3,1875000.0,11940187.648,10065187.648,10023447.744,41739.904
high,gpu_full,151,dit_norm3,1887500.0,11976927.552,10089427.552,10047687.648,41739.904
high,gpu_full,152,dit_norm3,1900000.0,12013667.456,10113667.456,10071927.552,41739.904
high,gpu_full,153,dit_norm3,1912500.0,12050407.36,10137907.36,10096167.456,41739.904
high,gpu_full,154,dit_norm3,1925000.0,12087147.264,10162147.264,10120407.36,41739.904
high,gpu_full,155,dit_norm3,1937500.0,12123887.168,10186387.168,10144647.264,41739.904
high,gpu_full,156,dit_norm3,1950000.0,12160627.072,10210627.072,10168887.168,41739.904
high,gpu_full,157,dit_norm3,1962500.0,12197366.976,10234866.976,10193127.072,41739.904
high,gpu_full,158,dit_norm3,1975000.0,12234106.88,10259106.88,10217366.976,41739.904
high,gpu_full,159,dit_norm3,1987500.0,12270846.784,10283346.784,10241606.88,41739.904
high,gpu_full,160,dit_norm3,2000000.0,12307586.688,10307586.688,10265846.784,41739.904
high,gpu_full,161,dit_norm3,2012500.0,12344326.592,10331826.592,10290086.688,41739.904
high,gpu_full,162,dit_norm3,2025000.0,12381066.496,10356066.496,10314326.592,41739.904
high,gpu_full,163,dit_norm3,2037500.0,12417806.4,10380306.4,10338566.496,41739.904
high,gpu_full,164,dit_norm3,2050000.0,12454546.304,10404546.304,10362806.4,41739.904
high,gpu_full,165,dit_norm3,2062500.0,12491286.208,10428786.208,10387046.304,41739.904
high,gpu_full,166,dit_norm3,2075000.0,12528026.112,10453026.112,10411286.208,41739.904
high,gpu_full,167,dit_norm3,2087500.0,12564766.016,10477266.016,10435526.112,41739.904
high,gpu_full,168,dit_norm3,2100000.0,12601505.92,10501505.92,10459766.016,41739.904
high,gpu_full,169,dit_norm3,2112500.0,12638245.824,10525745.824,10484005.92,41739.904
high,gpu_full,170,dit_norm3,2125000.0,12674985.728,10549985.728,10508245.824,41739.904
high,gpu_full,171,dit_norm3,2137500.0,12711725.632,10574225.632,10532485.728,41739.904
high,gpu_full,172,dit_norm3,2150000.0,12748465.536,10598465.536,10556725.632,41739.904
high,gpu_full,173,dit_norm3,2162500.0,12785205.44,10622705.44,10580965.536,41739.904
high,gpu_full,174,dit_norm3,2175000.0,12821945.344,10646945.344,10605205.44,41739.904
high,gpu_full,175,dit_norm3,2187500.0,12858685.248,10671185.248,10629445.344,41739.904
high,gpu_full,176,dit_norm3,2200000.0,12895425.152,10695425.152,10653685.248,41739.904
high,gpu_full,177,dit_norm3,2212500.0,12932165.056,10719665.056,10677925.152,41739.904
high,gpu_full,178,dit_norm3,2225000.0,12968904.96,10743904.96,10702165.056,41739.904
high,gpu_full,179,dit_norm3,2237500.0,13005644.864,10768144.864,10726404.96,41739.904
high,gpu_full,180,dit_norm3,2250000.0,13042384.768,10792384.768,10750644.864,41739.904
high,gpu_full,181,dit_norm3,2262500.0,13079124.672,10816624.672,10774884.768,41739.904
high,gpu_full,182,dit_norm3,2275000.0,13115864.576,10840864.576,10799124.672,41739.904
high,gpu_full,183,dit_norm3,2287500.0,13152604.48,10865104.48,10823364.576,41739.904
high,gpu_full,184,dit_norm3,2300000.0,13189344.384,10889344.384,10847604.48,41739.904
high,gpu_full,185,dit_norm3,2312500.0,13226084.288,10913584.288,10871844.384,41739.904
high,gpu_full,186,dit_norm3,2325000.0,13262824.192,10937824.192,10896084.288,41739.904
high,gpu_full,187,dit_norm3,2337500.0,13299564.096,10962064.096,10920324.192,41739.904
high,gpu_full,188,dit_norm3,2350000.0,13336304.0,10986304.0,10944564.096,41739.904
high,gpu_full,189,dit_norm3,2362500.0,13373043.904,11010543.904,10968804.0,41739.904
high,gpu_full,190,dit_norm3,2375000.0,13409783.808,11034783.808,10993043.904,41739.904
high,gpu_full,191,dit_norm3,2387500.0,13446523.712,11059023.712,11017283.808,41739.904
high,gpu_full,192,dit_norm3,2400000.0,13483263.616,11083263.616,11041523.712,41739.904
high,gpu_full,193,dit_norm3,2412500.0,13520003.52,11107503.52,11065763.616,41739.904
high,gpu_full,194,dit_norm3,2425000.0,13556743.424,11131743.424,11090003.52,41739.904
high,gpu_full,195,dit_norm3,2437500.0,13593483.328,11155983.328,11114243.424,41739.904
high,gpu_full,196,dit_norm3,2450000.0,13630223.232,11180223.232,11138483.328,41739.904
high,gpu_full,197,dit_norm3,2462500.0,13666963.136,11204463.136,11162723.232,41739.904
high,gpu_full,198,dit_norm3,2475000.0,13703703.04,11228703.04,11186963.136,41739.904
high,gpu_full,199,dit_norm3,2487500.0,13740442.944,11252942.944,11211203.04,41739.904
high,gpu_full,200,dit_norm3,2500000.0,13777182.848,11277182.848,11235442.944,41739.904
high,gpu_full,201,dit_norm3,2512500.0,13813922.752,11301422.752,11259682.848,41739.904
high,gpu_full,202,dit_norm3,2525000.0,13850662.656,11325662.656,11283922.752,41739.904
high,gpu_full,203,dit_norm3,2537500.0,13887402.56,11349902.56,11308162.656,41739.904
high,gpu_full,204,dit_norm3,2550000.0,13924142.464,11374142.464,11332402.56,41739.904
high,gpu_full,205,dit_norm3,2562500.0,13960882.368,11398382.368,11356642.464,41739.904
high,gpu_full,206,dit_norm3,2575000.0,13997622.272,11422622.272,11380882.368,41739.904
high,gpu_full,207,dit_norm3,2587500.0,14034362.176,11446862.176,11405122.272,41739.904
high,gpu_full,208,dit_norm3,2600000.0,14071102.08,11471102.08,11429362.176,41739.904
high,gpu_full,209,dit_norm3,2612500.0,14107841.984,11495341.984,11453602.08,41739.904
high,gpu_full,210,dit_norm3,2625000.0,14144581.888,11519581.888,11477841.984,41739.904
high,gpu_full,211,dit_norm3,2637500.0,14181321.792,11543821.792,11502081.888,41739.904
high,gpu_full,212,dit_norm3,2650000.0,14218061.696,11568061.696,11526321.792,41739.904
high,gpu_full,213,dit_norm3,2662500.0,14254801.6,11592301.6,11550561.696,41739.904
high,gpu_full,214,dit_norm3,2675000.0,14291541.504,11616541.504,11574801.6,41739.904
high,gpu_full,215,dit_norm3,2687500.0,14328281.408,11640781.408,11599041.504,41739.904
high,gpu_full,216,dit_norm3,2700000.0,14365021.312,11665021.312,11623281.408,41739.904
high,gpu_full,217,dit_norm3,2712500.0,14401761.216,11689261.216,11647521.312,41739.904
high,gpu_full,218,dit_norm3,2725000.0,14438501.12,11713501.12,11671761.216,41739.904
high,gpu_full,219,dit_norm3,2737500.0,14475241.024,11737741.024,11696001.12,41739.904
high,gpu_full,220,dit_norm3,2750000.0,14511980.928,11761980.928,11720241.024,41739.904
high,gpu_full,221,dit_norm3,2762500.0,14548720.832,11786220.832,11744480.928,41739.904
high,gpu_full,222,dit_norm3,2775000.0,14585460.736,11810460.736,11768720.832,41739.904
high,gpu_full,223,dit_norm3,2787500.0,14622200.64,11834700.64,11792960.736,41739.904
high,gpu_full,224,dit_norm3,2800000.0,14658940.544,11858940.544,11817200.64,41739.904
high,gpu_full,225,dit_norm3,2812500.0,14695680.448,11883180.448,11841440.544,41739.904
high,gpu_full,226,dit_norm3,2825000.0,14732420.352,11907420.352,11865680.448,41739.904
high,gpu_full,227,dit_norm3,2837500.0,14769160.256,11931660.256,11889920.352,41739.904
high,gpu_full,228,dit_norm3,2850000.0,14805900.16,11955900.16,11914160.256,41739.904
high,gpu_full,229,dit_norm3,2862500.0,14842640.064,11980140.064,11938400.16,41739.904
high,gpu_full,230,dit_norm3,2875000.0,14879379.968,12004379.968,11962640.064,41739.904
high,gpu_full,231,dit_norm3,2887500.0,14916119.872,12028619.872,11986879.968,41739.904
high,gpu_full,232,dit_norm3,2900000.0,14952859.776,12052859.776,12011119.872,41739.904
high,gpu_full,233,dit_norm3,2912500.0,14989599.68,12077099.68,12035359.776,41739.904
high,gpu_full,234,dit_norm3,2925000.0,15026339.584,12101339.584,12059599.68,41739.904
high,gpu_full,235,dit_norm3,2937500.0,15063079.488,12125579.488,12083839.584,41739.904
high,gpu_full,236,dit_norm3,2950000.0,15099819.392,12149819.392,12108079.488,41739.904
high,gpu_full,237,dit_norm3,2962500.0,15136559.296,12174059.296,12132319.392,41739.904
high,gpu_full,238,dit_norm3,2975000.0,15173299.2,12198299.2,12156559.296,41739.904
high,gpu_full,239,dit_norm3,2987500.0,15210039.104,12222539.104,12180799.2,41739.904
high,gpu_full,240,dit_norm3,3000000.0,15246779.008,12246779.008,12205039.104,41739.904
high,gpu_full,241,dit_norm3,3012500.0,15283518.912,12271018.912,12229279.008,41739.904
high,gpu_full,242,dit_norm3,3025000.0,15320258.816,12295258.816,12253518.912,41739.904
high,gpu_full,243,dit_norm3,3037500.0,15356998.72,12319498.72,12277758.816,41739.904
high,gpu_full,244,dit_norm3,3050000.0,15393738.624,12343738.624,12301998.72,41739.904
high,gpu_full,245,dit_norm3,3062500.0,15430478.528,12367978.528,12326238.624,41739.904
high,gpu_full,246,dit_norm3,3075000.0,15467218.432,12392218.432,12350478.528,41739.904
high,gpu_full,247,dit_norm3,3087500.0,15503958.336,12416458.336,12374718.432,41739.904
high,gpu_full,248,dit_norm3,3100000.0,15540698.24,12440698.24,12398958.336,41739.904
high,gpu_full,249,dit_norm3,3112500.0,15577438.144,12464938.144,12423198.24,41739.904
high,gpu_full,250,dit_norm3,3125000.0,15614178.048,12489178.048,12447438.144,41739.904
high,gpu_full,251,dit_norm3,3137500.0,15650917.952,12513417.952,12471678.048,41739.904
high,gpu_full,252,dit_norm3,3150000.0,15687657.856,12537657.856,12495917.952,41739.904
high,gpu_full,253,dit_norm3,3162500.0,15724397.76,12561897.76,12520157.856,41739.904
high,gpu_full,254,dit_norm3,3175000.0,15761137.664,12586137.664,12544397.76,41739.904
high,gpu_full,255,dit_norm3,3187500.0,15797877.568,12610377.568,12568637.664,41739.904
high,gpu_full,256,dit_norm3,3200000.0,15834617.472,12634617.472,12592877.568,41739.904
high,gpu_full,257,dit_norm3,3212500.0,15871357.376,12658857.376,12617117.472,41739.904
high,gpu_full,258,dit_norm3,3225000.0,15908097.28,12683097.28,12641357.376,41739.904
high,gpu_full,259,dit_norm3,3237500.0,15944837.184,12707337.184,12665597.28,41739.904
high,gpu_full,260,dit_norm3,3250000.0,15981577.088,12731577.088,12689837.184,41739.904
high,gpu_full,261,dit_norm3,3262500.0,16018316.992,12755816.992,12714077.088,41739.904
high,gpu_full,262,dit_norm3,3275000.0,16055056.896,12780056.896,12738316.992,41739.904
high,gpu_full,263,dit_norm3,3287500.0,16091796.8,12804296.8,12762556.896,41739.904
high,gpu_full,264,dit_norm3,3300000.0,16128536.704,12828536.704,12786796.8,41739.904
high,gpu_full,265,dit_norm_out,3312500.0,16166050.752,12853550.752,12811036.704,42514.048
high,gpu_full,266,dit_norm_out,3325000.0,16203564.8,12878564.8,12836050.752,42514.048
high,gpu_full,267,dit_norm_out,3337500.0,16241078.848,12903578.848,12861064.8,42514.048
high,gpu_full,268,dit_norm_out,3350000.0,16278592.896,12928592.896,12886078.848,42514.048
high,gpu_full,269,qwen_input_post_attention,3362500.0,16573122.752,13210622.752,12911092.896,299529.856
high,gpu_full,270,qwen_input_post_attention,3375000.0,16867652.608,13492652.608,13193122.752,299529.856
high,gpu_full,271,qwen_input_post_attention,3387500.0,17162182.464,13774682.464,13475152.608,299529.856
high,gpu_full,272,qwen_input_post_attention,3400000.0,17456712.32,14056712.32,13757182.464,299529.856
high,gpu_full,273,qwen_input_post_attention,3412500.0,17751242.176,14338742.176,14039212.32,299529.856
high,gpu_full,274,qwen_input_post_attention,3425000.0,18045772.032,14620772.032,14321242.176,299529.856
high,gpu_full,275,qwen_input_post_attention,3437500.0,18340301.888,14902801.888,14603272.032,299529.856
high,gpu_full,276,qwen_input_post_attention,3450000.0,18634831.744,15184831.744,14885301.888,299529.856
high,gpu_full,277,qwen_input_post_attention,3462500.0,18929361.6,15466861.6,15167331.744,299529.856
high,gpu_full,278,qwen_input_post_attention,3475000.0,19223891.456,15748891.456,15449361.6,299529.856
high,gpu_full,279,qwen_input_post_attention,3487500.0,19518421.312,16030921.312,15731391.456,299529.856
high,gpu_full,280,qwen_input_post_attention,3500000.0,19812951.168,16312951.168,16013421.312,299529.856
high,gpu_full,281,qwen_input_post_attention,3512500.0,20107481.024,16594981.024,16295451.168,299529.856
high,gpu_full,282,qwen_input_post_attention,3525000.0,20402010.88,16877010.88,16577481.024,299529.856
high,gpu_full,283,qwen_input_post_attention,3537500.0,20696540.736,17159040.736,16859510.88,299529.856
high,gpu_full,284,qwen_input_post_attention,3550000.0,20991070.592,17441070.592,17141540.736,299529.856
high,gpu_full,285,qwen_input_post_attention,3562500.0,21285600.448,17723100.448,17423570.592,299529.856
high,gpu_full,286,qwen_input_post_attention,3575000.0,21580130.304,18005130.304,17705600.448,299529.856
high,gpu_full,287,qwen_input_post_attention,3587500.0,21874660.16,18287160.16,17987630.304,299529.856
high,gpu_full,288,qwen_input_post_attention,3600000.0,22169190.016,18569190.016,18269660.16,299529.856
high,gpu_full,289,qwen_input_post_attention,3612500.0,22463719.872,18851219.872,18551690.016,299529.856
high,gpu_full,290,qwen_input_post_attention,3625000.0,22758249.728,19133249.728,18833719.872,299529.856
high,gpu_full,291,qwen_input_post_attention,3637500.0,23052779.584,19415279.584,19115749.728,299529.856
high,gpu_full,292,qwen_input_post_attention,3650000.0,23347309.44,19697309.44,19397779.584,299529.856
high,gpu_full,293,qwen_input_post_attention,3662500.0,23641839.296,19979339.296,19679809.44,299529.856
high,gpu_full,294,qwen_input_post_attention,3675000.0,23936369.152,20261369.152,19961839.296,299529.856
high,gpu_full,295,qwen_input_post_attention,3687500.0,24230899.008,20543399.008,20243869.152,299529.856
high,gpu_full,296,qwen_input_post_attention,3700000.0,24525428.864,20825428.864,20525899.008,299529.856
high,gpu_full,297,qwen_input_post_attention,3712500.0,24819958.72,21107458.72,20807928.864,299529.856
high,gpu_full,298,qwen_input_post_attention,3725000.0,25114488.576,21389488.576,21089958.72,299529.856
high,gpu_full,299,qwen_input_post_attention,3737500.0,25409018.432,21671518.432,21371988.576,299529.856
high,gpu_full,300,qwen_input_post_attention,3750000.0,25703548.288,21953548.288,21654018.432,299529.856
high,gpu_full,301,qwen_query_key,3762500.0,25997578.176,22235078.176,21936048.288,299029.888
high,gpu_full,302,qwen_query_key,3775000.0,26291608.064,22516608.064,22217578.176,299029.888
high,gpu_full,303,qwen_query_key,3787500.0,26585637.952,22798137.952,22499108.064,299029.888
high,gpu_full,304,qwen_query_key,3800000.0,26879667.84,23079667.84,22780637.952,299029.888
high,gpu_full,305,qwen_query_key,3812500.0,27173697.728,23361197.728,23062167.84,299029.888
high,gpu_full,306,qwen_query_key,3825000.0,27467727.616,23642727.616,23343697.728,299029.888
high,gpu_full,307,qwen_query_key,3837500.0,27761757.504,23924257.504,23625227.616,299029.888
high,gpu_full,308,qwen_query_key,3850000.0,28055787.392,24205787.392,23906757.504,299029.888
high,gpu_full,309,qwen_query_key,3862500.0,28349817.28,24487317.28,24188287.392,299029.888
high,gpu_full,310,qwen_query_key,3875000.0,28643847.168,24768847.168,24469817.28,299029.888
high,gpu_full,311,qwen_query_key,3887500.0,28937877.056,25050377.056,24751347.168,299029.888
high,gpu_full,312,qwen_query_key,3900000.0,29231906.944,25331906.944,25032877.056,299029.888
high,gpu_full,313,qwen_query_key,3912500.0,29525936.832,25613436.832,25314406.944,299029.888
high,gpu_full,314,qwen_query_key,3925000.0,29819966.72,25894966.72,25595936.832,299029.888
high,gpu_full,315,qwen_query_key,3937500.0,30113996.608,26176496.608,25877466.72,299029.888
high,gpu_full,316,qwen_query_key,3950000.0,30408026.496,26458026.496,26158996.608,299029.888
high,gpu_full,317,qwen_query_key,3962500.0,30702056.384,26739556.384,26440526.496,299029.888
high,gpu_full,318,qwen_query_key,3975000.0,30996086.272,27021086.272,26722056.384,299029.888
high,gpu_full,319,qwen_query_key,3987500.0,31290116.16,27302616.16,27003586.272,299029.888
high,gpu_full,320,qwen_query_key,4000000.0,31584146.048,27584146.048,27285116.16,299029.888
high,gpu_full,321,qwen_query_key,4012500.0,31878175.936,27865675.936,27566646.048,299029.888
high,gpu_full,322,qwen_query_key,4025000.0,32172205.824,28147205.824,27848175.936,299029.888
high,gpu_full,323,qwen_query_key,4037500.0,32466235.712,28428735.712,28129705.824,299029.888
high,gpu_full,324,qwen_query_key,4050000.0,32760265.6,28710265.6,28411235.712,299029.888
high,gpu_full,325,qwen_query_key,4062500.0,33054295.488,28991795.488,28692765.6,299029.888
high,gpu_full,326,qwen_query_key,4075000.0,33348325.376,29273325.376,28974295.488,299029.888
high,gpu_full,327,qwen_query_key,4087500.0,33642355.264,29554855.264,29255825.376,299029.888
high,gpu_full,328,qwen_query_key,4100000.0,33936385.152,29836385.152,29537355.264,299029.888
high,gpu_full,329,qwen_query_key,4112500.0,34230415.04,30117915.04,29818885.152,299029.888
high,gpu_full,330,qwen_query_key,4125000.0,34524444.928,30399444.928,30100415.04,299029.888
high,gpu_full,331,qwen_query_key,4137500.0,34818474.816,30680974.816,30381944.928,299029.888
high,gpu_full,332,qwen_query_key,4150000.0,35112504.704,30962504.704,30663474.816,299029.888
high,bank_only,0,vlln,0.0,545195.58,545195.58,0.0,545195.58
high,bank_only,1,vl_self_attention_norm1_norm3,12500.0,560011.16,547511.16,2315.58,545195.58
high,bank_only,2,vl_self_attention_norm1_norm3,25000.0,574826.74,549826.74,4631.16,545195.58
high,bank_only,3,vl_self_attention_norm1_norm3,37500.0,589642.32,552142.32,6946.74,545195.58
high,bank_only,4,vl_self_attention_norm1_norm3,50000.0,903595.58,853595.58,308400.0,545195.58
high,bank_only,5,vl_self_attention_norm1_norm3,62500.0,928595.58,866095.58,320900.0,545195.58
high,bank_only,6,vl_self_attention_norm1_norm3,75000.0,1090391.16,1015391.16,470195.58,545195.58
high,bank_only,7,vl_self_attention_norm1_norm3,87500.0,1120022.32,1032522.32,487326.74,545195.58
high,bank_only,8,vl_self_attention_norm1_norm3,100000.0,1261995.58,1161995.58,616800.0,545195.58
high,bank_only,9,dit_adaln_norm1,112500.0,1149280.7185,1036780.7185,938155.58,98625.1385
high,bank_only,10,dit_adaln_norm1,125000.0,1159985.857,1034985.857,936360.7185,98625.1385
high,bank_only,11,dit_adaln_norm1,137500.0,1170690.9955,1033190.9955,934565.857,98625.1385
high,bank_only,12,dit_adaln_norm1,150000.0,1181396.134,1031396.134,932770.9955,98625.1385
high,bank_only,13,dit_adaln_norm1,162500.0,1192101.2725,1029601.2725,930976.134,98625.1385
high,bank_only,14,dit_adaln_norm1,175000.0,1213185.1385,1038185.1385,939560.0,98625.1385
high,bank_only,15,dit_adaln_norm1,187500.0,1247905.857,1060405.857,961780.7185,98625.1385
high,bank_only,16,dit_adaln_norm1,200000.0,1258610.9955,1058610.9955,959985.857,98625.1385
high,bank_only,17,dit_adaln_norm1,212500.0,1280021.2725,1067521.2725,968896.134,98625.1385
high,bank_only,18,dit_adaln_norm1,225000.0,1290726.411,1065726.411,967101.2725,98625.1385
high,bank_only,19,dit_adaln_norm1,237500.0,1311810.277,1074310.277,975685.1385,98625.1385
high,bank_only,20,dit_adaln_norm1,250000.0,1330086.411,1080086.411,981461.2725,98625.1385
high,bank_only,21,dit_adaln_norm1,262500.0,1351170.277,1088670.277,990045.1385,98625.1385
high,bank_only,22,dit_adaln_norm1,275000.0,1361875.4155,1086875.4155,988250.277,98625.1385
high,bank_only,23,dit_adaln_norm1,287500.0,1378646.411,1091146.411,992521.2725,98625.1385
high,bank_only,24,dit_adaln_norm1,300000.0,1390530.277,1090530.277,991905.1385,98625.1385
high,bank_only,25,dit_adaln_norm1,312500.0,1410435.4155,1097935.4155,999310.277,98625.1385
high,bank_only,26,dit_adaln_norm1,325000.0,1428711.5495,1103711.5495,1005086.411,98625.1385
high,bank_only,27,dit_adaln_norm1,337500.0,1449795.4155,1112295.4155,1013670.277,98625.1385
high,bank_only,28,dit_adaln_norm1,350000.0,1460500.554,1110500.554,1011875.4155,98625.1385
high,bank_only,29,dit_adaln_norm1,362500.0,1477271.5495,1114771.5495,1016146.411,98625.1385
high,bank_only,30,dit_adaln_norm1,375000.0,1489155.4155,1114155.4155,1015530.277,98625.1385
high,bank_only,31,dit_adaln_norm1,387500.0,1509060.554,1121560.554,1022935.4155,98625.1385
high,bank_only,32,dit_adaln_norm1,400000.0,1527336.688,1127336.688,1028711.5495,98625.1385
high,bank_only,33,dit_adaln_norm1,412500.0,1548420.554,1135920.554,1037295.4155,98625.1385
high,bank_only,34,dit_adaln_norm1,425000.0,1559125.6925,1134125.6925,1035500.554,98625.1385
high,bank_only,35,dit_adaln_norm1,437500.0,1575896.688,1138396.688,1039771.5495,98625.1385
high,bank_only,36,dit_adaln_norm1,450000.0,1587780.554,1137780.554,1039155.4155,98625.1385
high,bank_only,37,dit_adaln_norm1,462500.0,1607685.6925,1145185.6925,1046560.554,98625.1385
high,bank_only,38,dit_adaln_norm1,475000.0,1625961.8265,1150961.8265,1052336.688,98625.1385
high,bank_only,39,dit_adaln_norm1,487500.0,1647045.6925,1159545.6925,1060920.554,98625.1385
high,bank_only,40,dit_adaln_norm1,500000.0,1657750.831,1157750.831,1059125.6925,98625.1385
high,bank_only,41,dit_adaln_norm1,512500.0,1674521.8265,1162021.8265,1063396.688,98625.1385
high,bank_only,42,dit_adaln_norm1,525000.0,1686405.6925,1161405.6925,1062780.554,98625.1385
high,bank_only,43,dit_adaln_norm1,537500.0,1706310.831,1168810.831,1070185.6925,98625.1385
high,bank_only,44,dit_adaln_norm1,550000.0,1724586.965,1174586.965,1075961.8265,98625.1385
high,bank_only,45,dit_adaln_norm1,562500.0,1745670.831,1183170.831,1084545.6925,98625.1385
high,bank_only,46,dit_adaln_norm1,575000.0,1756375.9695,1181375.9695,1082750.831,98625.1385
high,bank_only,47,dit_adaln_norm1,587500.0,1773146.965,1185646.965,1087021.8265,98625.1385
high,bank_only,48,dit_adaln_norm1,600000.0,1785030.831,1185030.831,1086405.6925,98625.1385
high,bank_only,49,dit_adaln_norm1,612500.0,1804935.9695,1192435.9695,1093810.831,98625.1385
high,bank_only,50,dit_adaln_norm1,625000.0,1823212.1035,1198212.1035,1099586.965,98625.1385
high,bank_only,51,dit_adaln_norm1,637500.0,1844295.9695,1206795.9695,1108170.831,98625.1385
high,bank_only,52,dit_adaln_norm1,650000.0,1855001.108,1205001.108,1106375.9695,98625.1385
high,bank_only,53,dit_adaln_norm1,662500.0,1871772.1035,1209272.1035,1110646.965,98625.1385
high,bank_only,54,dit_adaln_norm1,675000.0,1883655.9695,1208655.9695,1110030.831,98625.1385
high,bank_only,55,dit_adaln_norm1,687500.0,1903561.108,1216061.108,1117435.9695,98625.1385
high,bank_only,56,dit_adaln_norm1,700000.0,1921837.242,1221837.242,1123212.1035,98625.1385
high,bank_only,57,dit_adaln_norm1,712500.0,1942921.108,1230421.108,1131795.9695,98625.1385
high,bank_only,58,dit_adaln_norm1,725000.0,1953626.2465,1228626.2465,1130001.108,98625.1385
high,bank_only,59,dit_adaln_norm1,737500.0,1970397.242,1232897.242,1134272.1035,98625.1385
high,bank_only,60,dit_adaln_norm1,750000.0,1982281.108,1232281.108,1133655.9695,98625.1385
high,bank_only,61,dit_adaln_norm1,762500.0,2002186.2465,1239686.2465,1141061.108,98625.1385
high,bank_only,62,dit_adaln_norm1,775000.0,2020462.3805,1245462.3805,1146837.242,98625.1385
high,bank_only,63,dit_adaln_norm1,787500.0,2041546.2465,1254046.2465,1155421.108,98625.1385
high,bank_only,64,dit_adaln_norm1,800000.0,2052251.385,1252251.385,1153626.2465,98625.1385
high,bank_only,65,dit_adaln_norm1,812500.0,2069022.3805,1256522.3805,1157897.242,98625.1385
high,bank_only,66,dit_adaln_norm1,825000.0,2080906.2465,1255906.2465,1157281.108,98625.1385
high,bank_only,67,dit_adaln_norm1,837500.0,2100811.385,1263311.385,1164686.2465,98625.1385
high,bank_only,68,dit_adaln_norm1,850000.0,2119087.519,1269087.519,1170462.3805,98625.1385
high,bank_only,69,dit_adaln_norm1,862500.0,2140171.385,1277671.385,1179046.2465,98625.1385
high,bank_only,70,dit_adaln_norm1,875000.0,2150876.5235,1275876.5235,1177251.385,98625.1385
high,bank_only,71,dit_adaln_norm1,887500.0,2167647.519,1280147.519,1181522.3805,98625.1385
high,bank_only,72,dit_adaln_norm1,900000.0,2179531.385,1279531.385,1180906.2465,98625.1385
high,bank_only,73,dit_adaln_norm1,912500.0,2199436.5235,1286936.5235,1188311.385,98625.1385
high,bank_only,74,dit_adaln_norm1,925000.0,2217712.6575,1292712.6575,1194087.519,98625.1385
high,bank_only,75,dit_adaln_norm1,937500.0,2238796.5235,1301296.5235,1202671.385,98625.1385
high,bank_only,76,dit_adaln_norm1,950000.0,2249501.662,1299501.662,1200876.5235,98625.1385
high,bank_only,77,dit_adaln_norm1,962500.0,2266272.6575,1303772.6575,1205147.519,98625.1385
high,bank_only,78,dit_adaln_norm1,975000.0,2278156.5235,1303156.5235,1204531.385,98625.1385
high,bank_only,79,dit_adaln_norm1,987500.0,2298061.662,1310561.662,1211936.5235,98625.1385
high,bank_only,80,dit_adaln_norm1,1000000.0,2316337.796,1316337.796,1217712.6575,98625.1385
high,bank_only,81,dit_adaln_norm1,1012500.0,2337421.662,1324921.662,1226296.5235,98625.1385
high,bank_only,82,dit_adaln_norm1,1025000.0,2348126.8005,1323126.8005,1224501.662,98625.1385
high,bank_only,83,dit_adaln_norm1,1037500.0,2364897.796,1327397.796,1228772.6575,98625.1385
high,bank_only,84,dit_adaln_norm1,1050000.0,2376781.662,1326781.662,1228156.5235,98625.1385
high,bank_only,85,dit_adaln_norm1,1062500.0,2396686.8005,1334186.8005,1235561.662,98625.1385
high,bank_only,86,dit_adaln_norm1,1075000.0,2414962.9345,1339962.9345,1241337.796,98625.1385
high,bank_only,87,dit_adaln_norm1,1087500.0,2436046.8005,1348546.8005,1249921.662,98625.1385
high,bank_only,88,dit_adaln_norm1,1100000.0,2446751.939,1346751.939,1248126.8005,98625.1385
high,bank_only,89,dit_adaln_norm1,1112500.0,2463522.9345,1351022.9345,1252397.796,98625.1385
high,bank_only,90,dit_adaln_norm1,1125000.0,2475406.8005,1350406.8005,1251781.662,98625.1385
high,bank_only,91,dit_adaln_norm1,1137500.0,2495311.939,1357811.939,1259186.8005,98625.1385
high,bank_only,92,dit_adaln_norm1,1150000.0,2513588.073,1363588.073,1264962.9345,98625.1385
high,bank_only,93,dit_adaln_norm1,1162500.0,2534671.939,1372171.939,1273546.8005,98625.1385
high,bank_only,94,dit_adaln_norm1,1175000.0,2545377.0775,1370377.0775,1271751.939,98625.1385
high,bank_only,95,dit_adaln_norm1,1187500.0,2562148.073,1374648.073,1276022.9345,98625.1385
high,bank_only,96,dit_adaln_norm1,1200000.0,2574031.939,1374031.939,1275406.8005,98625.1385
high,bank_only,97,dit_adaln_norm1,1212500.0,2593937.0775,1381437.0775,1282811.939,98625.1385
high,bank_only,98,dit_adaln_norm1,1225000.0,2612213.2115,1387213.2115,1288588.073,98625.1385
high,bank_only,99,dit_adaln_norm1,1237500.0,2633297.0775,1395797.0775,1297171.939,98625.1385
high,bank_only,100,dit_adaln_norm1,1250000.0,2644002.216,1394002.216,1295377.0775,98625.1385
high,bank_only,101,dit_adaln_norm1,1262500.0,2660773.2115,1398273.2115,1299648.073,98625.1385
high,bank_only,102,dit_adaln_norm1,1275000.0,2672657.0775,1397657.0775,1299031.939,98625.1385
high,bank_only,103,dit_adaln_norm1,1287500.0,2692562.216,1405062.216,1306437.0775,98625.1385
high,bank_only,104,dit_adaln_norm1,1300000.0,2710838.35,1410838.35,1312213.2115,98625.1385
high,bank_only,105,dit_adaln_norm1,1312500.0,2731922.216,1419422.216,1320797.0775,98625.1385
high,bank_only,106,dit_adaln_norm1,1325000.0,2742627.3545,1417627.3545,1319002.216,98625.1385
high,bank_only,107,dit_adaln_norm1,1337500.0,2759398.35,1421898.35,1323273.2115,98625.1385
high,bank_only,108,dit_adaln_norm1,1350000.0,2771282.216,1421282.216,1322657.0775,98625.1385
high,bank_only,109,dit_adaln_norm1,1362500.0,2791187.3545,1428687.3545,1330062.216,98625.1385
high,bank_only,110,dit_adaln_norm1,1375000.0,2809463.4885,1434463.4885,1335838.35,98625.1385
high,bank_only,111,dit_adaln_norm1,1387500.0,2830547.3545,1443047.3545,1344422.216,98625.1385
high,bank_only,112,dit_adaln_norm1,1400000.0,2841252.493,1441252.493,1342627.3545,98625.1385
high,bank_only,113,dit_adaln_norm1,1412500.0,2858023.4885,1445523.4885,1346898.35,98625.1385
high,bank_only,114,dit_adaln_norm1,1425000.0,2869907.3545,1444907.3545,1346282.216,98625.1385
high,bank_only,115,dit_adaln_norm1,1437500.0,2889812.493,1452312.493,1353687.3545,98625.1385
high,bank_only,116,dit_adaln_norm1,1450000.0,2908088.627,1458088.627,1359463.4885,98625.1385
high,bank_only,117,dit_adaln_norm1,1462500.0,2929172.493,1466672.493,1368047.3545,98625.1385
high,bank_only,118,dit_adaln_norm1,1475000.0,2939877.6315,1464877.6315,1366252.493,98625.1385
high,bank_only,119,dit_adaln_norm1,1487500.0,2956648.627,1469148.627,1370523.4885,98625.1385
high,bank_only,120,dit_adaln_norm1,1500000.0,2968532.493,1468532.493,1369907.3545,98625.1385
high,bank_only,121,dit_adaln_norm1,1512500.0,2988437.6315,1475937.6315,1377312.493,98625.1385
high,bank_only,122,dit_adaln_norm1,1525000.0,3006713.7655,1481713.7655,1383088.627,98625.1385
high,bank_only,123,dit_adaln_norm1,1537500.0,3027797.6315,1490297.6315,1391672.493,98625.1385
high,bank_only,124,dit_adaln_norm1,1550000.0,3038502.77,1488502.77,1389877.6315,98625.1385
high,bank_only,125,dit_adaln_norm1,1562500.0,3055273.7655,1492773.7655,1394148.627,98625.1385
high,bank_only,126,dit_adaln_norm1,1575000.0,3067157.6315,1492157.6315,1393532.493,98625.1385
high,bank_only,127,dit_adaln_norm1,1587500.0,3087062.77,1499562.77,1400937.6315,98625.1385
high,bank_only,128,dit_adaln_norm1,1600000.0,3105338.904,1505338.904,1406713.7655,98625.1385
high,bank_only,129,dit_adaln_norm1,1612500.0,3126422.77,1513922.77,1415297.6315,98625.1385
high,bank_only,130,dit_adaln_norm1,1625000.0,3137127.9085,1512127.9085,1413502.77,98625.1385
high,bank_only,131,dit_adaln_norm1,1637500.0,3153898.904,1516398.904,1417773.7655,98625.1385
high,bank_only,132,dit_adaln_norm1,1650000.0,3165782.77,1515782.77,1417157.6315,98625.1385
high,bank_only,133,dit_adaln_norm1,1662500.0,3185687.9085,1523187.9085,1424562.77,98625.1385
high,bank_only,134,dit_adaln_norm1,1675000.0,3203964.0425,1528964.0425,1430338.904,98625.1385
high,bank_only,135,dit_adaln_norm1,1687500.0,3225047.9085,1537547.9085,1438922.77,98625.1385
high,bank_only,136,dit_adaln_norm1,1700000.0,3235753.047,1535753.047,1437127.9085,98625.1385
high,bank_only,137,dit_norm3,1712500.0,3252524.0425,1540024.0425,1441398.904,98625.1385
high,bank_only,138,dit_norm3,1725000.0,3264407.9085,1539407.9085,1440782.77,98625.1385
high,bank_only,139,dit_norm3,1737500.0,3284313.047,1546813.047,1448187.9085,98625.1385
high,bank_only,140,dit_norm3,1750000.0,3302589.181,1552589.181,1453964.0425,98625.1385
high,bank_only,141,dit_norm3,1762500.0,3323673.047,1561173.047,1462547.9085,98625.1385
high,bank_only,142,dit_norm3,1775000.0,3334378.1855,1559378.1855,1460753.047,98625.1385
high,bank_only,143,dit_norm3,1787500.0,3351149.181,1563649.181,1465024.0425,98625.1385
high,bank_only,144,dit_norm3,1800000.0,3363033.047,1563033.047,1464407.9085,98625.1385
high,bank_only,145,dit_norm3,1812500.0,3382938.1855,1570438.1855,1471813.047,98625.1385
high,bank_only,146,dit_norm3,1825000.0,3401214.3195,1576214.3195,1477589.181,98625.1385
high,bank_only,147,dit_norm3,1837500.0,3422298.1855,1584798.1855,1486173.047,98625.1385
high,bank_only,148,dit_norm3,1850000.0,3433003.324,1583003.324,1484378.1855,98625.1385
high,bank_only,149,dit_norm3,1862500.0,3449774.3195,1587274.3195,1488649.181,98625.1385
high,bank_only,150,dit_norm3,1875000.0,3461658.1855,1586658.1855,1488033.047,98625.1385
high,bank_only,151,dit_norm3,1887500.0,3481563.324,1594063.324,1495438.1855,98625.1385
high,bank_only,152,dit_norm3,1900000.0,3499839.458,1599839.458,1501214.3195,98625.1385
high,bank_only,153,dit_norm3,1912500.0,3520923.324,1608423.324,1509798.1855,98625.1385
high,bank_only,154,dit_norm3,1925000.0,3531628.4625,1606628.4625,1508003.324,98625.1385
high,bank_only,155,dit_norm3,1937500.0,3548399.458,1610899.458,1512274.3195,98625.1385
high,bank_only,156,dit_norm3,1950000.0,3560283.324,1610283.324,1511658.1855,98625.1385
high,bank_only,157,dit_norm3,1962500.0,3580188.4625,1617688.4625,1519063.324,98625.1385
high,bank_only,158,dit_norm3,1975000.0,3598464.5965,1623464.5965,1524839.458,98625.1385
high,bank_only,159,dit_norm3,1987500.0,3619548.4625,1632048.4625,1533423.324,98625.1385
high,bank_only,160,dit_norm3,2000000.0,3630253.601,1630253.601,1531628.4625,98625.1385
high,bank_only,161,dit_norm3,2012500.0,3647024.5965,1634524.5965,1535899.458,98625.1385
high,bank_only,162,dit_norm3,2025000.0,3658908.4625,1633908.4625,1535283.324,98625.1385
high,bank_only,163,dit_norm3,2037500.0,3678813.601,1641313.601,1542688.4625,98625.1385
high,bank_only,164,dit_norm3,2050000.0,3697089.735,1647089.735,1548464.5965,98625.1385
high,bank_only,165,dit_norm3,2062500.0,3718173.601,1655673.601,1557048.4625,98625.1385
high,bank_only,166,dit_norm3,2075000.0,3728878.7395,1653878.7395,1555253.601,98625.1385
high,bank_only,167,dit_norm3,2087500.0,3745649.735,1658149.735,1559524.5965,98625.1385
high,bank_only,168,dit_norm3,2100000.0,3757533.601,1657533.601,1558908.4625,98625.1385
high,bank_only,169,dit_norm3,2112500.0,3777438.7395,1664938.7395,1566313.601,98625.1385
high,bank_only,170,dit_norm3,2125000.0,3795714.8735,1670714.8735,1572089.735,98625.1385
high,bank_only,171,dit_norm3,2137500.0,3816798.7395,1679298.7395,1580673.601,98625.1385
high,bank_only,172,dit_norm3,2150000.0,3827503.878,1677503.878,1578878.7395,98625.1385
high,bank_only,173,dit_norm3,2162500.0,3844274.8735,1681774.8735,1583149.735,98625.1385
high,bank_only,174,dit_norm3,2175000.0,3856158.7395,1681158.7395,1582533.601,98625.1385
high,bank_only,175,dit_norm3,2187500.0,3876063.878,1688563.878,1589938.7395,98625.1385
high,bank_only,176,dit_norm3,2200000.0,3894340.012,1694340.012,1595714.8735,98625.1385
high,bank_only,177,dit_norm3,2212500.0,3915423.878,1702923.878,1604298.7395,98625.1385
high,bank_only,178,dit_norm3,2225000.0,3926129.0165,1701129.0165,1602503.878,98625.1385
high,bank_only,179,dit_norm3,2237500.0,3942900.012,1705400.012,1606774.8735,98625.1385
high,bank_only,180,dit_norm3,2250000.0,3954783.878,1704783.878,1606158.7395,98625.1385
high,bank_only,181,dit_norm3,2262500.0,3974689.0165,1712189.0165,1613563.878,98625.1385
high,bank_only,182,dit_norm3,2275000.0,3992965.1505,1717965.1505,1619340.012,98625.1385
high,bank_only,183,dit_norm3,2287500.0,4014049.0165,1726549.0165,1627923.878,98625.1385
high,bank_only,184,dit_norm3,2300000.0,4024754.155,1724754.155,1626129.0165,98625.1385
high,bank_only,185,dit_norm3,2312500.0,4041525.1505,1729025.1505,1630400.012,98625.1385
high,bank_only,186,dit_norm3,2325000.0,4053409.0165,1728409.0165,1629783.878,98625.1385
high,bank_only,187,dit_norm3,2337500.0,4073314.155,1735814.155,1637189.0165,98625.1385
high,bank_only,188,dit_norm3,2350000.0,4091590.289,1741590.289,1642965.1505,98625.1385
high,bank_only,189,dit_norm3,2362500.0,4112674.155,1750174.155,1651549.0165,98625.1385
high,bank_only,190,dit_norm3,2375000.0,4123379.2935,1748379.2935,1649754.155,98625.1385
high,bank_only,191,dit_norm3,2387500.0,4140150.289,1752650.289,1654025.1505,98625.1385
high,bank_only,192,dit_norm3,2400000.0,4152034.155,1752034.155,1653409.0165,98625.1385
high,bank_only,193,dit_norm3,2412500.0,4171939.2935,1759439.2935,1660814.155,98625.1385
high,bank_only,194,dit_norm3,2425000.0,4190215.4275,1765215.4275,1666590.289,98625.1385
high,bank_only,195,dit_norm3,2437500.0,4211299.2935,1773799.2935,1675174.155,98625.1385
high,bank_only,196,dit_norm3,2450000.0,4222004.432,1772004.432,1673379.2935,98625.1385
high,bank_only,197,dit_norm3,2462500.0,4238775.4275,1776275.4275,1677650.289,98625.1385
high,bank_only,198,dit_norm3,2475000.0,4250659.2935,1775659.2935,1677034.155,98625.1385
high,bank_only,199,dit_norm3,2487500.0,4270564.432,1783064.432,1684439.2935,98625.1385
high,bank_only,200,dit_norm3,2500000.0,4288840.566,1788840.566,1690215.4275,98625.1385
high,bank_only,201,dit_norm3,2512500.0,4309924.432,1797424.432,1698799.2935,98625.1385
high,bank_only,202,dit_norm3,2525000.0,4320629.5705,1795629.5705,1697004.432,98625.1385
high,bank_only,203,dit_norm3,2537500.0,4337400.566,1799900.566,1701275.4275,98625.1385
high,bank_only,204,dit_norm3,2550000.0,4349284.432,1799284.432,1700659.2935,98625.1385
high,bank_only,205,dit_norm3,2562500.0,4369189.5705,1806689.5705,1708064.432,98625.1385
high,bank_only,206,dit_norm3,2575000.0,4387465.7045,1812465.7045,1713840.566,98625.1385
high,bank_only,207,dit_norm3,2587500.0,4408549.5705,1821049.5705,1722424.432,98625.1385
high,bank_only,208,dit_norm3,2600000.0,4419254.709,1819254.709,1720629.5705,98625.1385
high,bank_only,209,dit_norm3,2612500.0,4436025.7045,1823525.7045,1724900.566,98625.1385
high,bank_only,210,dit_norm3,2625000.0,4447909.5705,1822909.5705,1724284.432,98625.1385
high,bank_only,211,dit_norm3,2637500.0,4467814.709,1830314.709,1731689.5705,98625.1385
high,bank_only,212,dit_norm3,2650000.0,4486090.843,1836090.843,1737465.7045,98625.1385
high,bank_only,213,dit_norm3,2662500.0,4507174.709,1844674.709,1746049.5705,98625.1385
high,bank_only,214,dit_norm3,2675000.0,4517879.8475,1842879.8475,1744254.709,98625.1385
high,bank_only,215,dit_norm3,2687500.0,4534650.843,1847150.843,1748525.7045,98625.1385
high,bank_only,216,dit_norm3,2700000.0,4546534.709,1846534.709,1747909.5705,98625.1385
high,bank_only,217,dit_norm3,2712500.0,4566439.8475,1853939.8475,1755314.709,98625.1385
high,bank_only,218,dit_norm3,2725000.0,4584715.9815,1859715.9815,1761090.843,98625.1385
high,bank_only,219,dit_norm3,2737500.0,4605799.8475,1868299.8475,1769674.709,98625.1385
high,bank_only,220,dit_norm3,2750000.0,4616504.986,1866504.986,1767879.8475,98625.1385
high,bank_only,221,dit_norm3,2762500.0,4633275.9815,1870775.9815,1772150.843,98625.1385
high,bank_only,222,dit_norm3,2775000.0,4645159.8475,1870159.8475,1771534.709,98625.1385
high,bank_only,223,dit_norm3,2787500.0,4665064.986,1877564.986,1778939.8475,98625.1385
high,bank_only,224,dit_norm3,2800000.0,4683341.12,1883341.12,1784715.9815,98625.1385
high,bank_only,225,dit_norm3,2812500.0,4704424.986,1891924.986,1793299.8475,98625.1385
high,bank_only,226,dit_norm3,2825000.0,4715130.1245,1890130.1245,1791504.986,98625.1385
high,bank_only,227,dit_norm3,2837500.0,4731901.12,1894401.12,1795775.9815,98625.1385
high,bank_only,228,dit_norm3,2850000.0,4743784.986,1893784.986,1795159.8475,98625.1385
high,bank_only,229,dit_norm3,2862500.0,4763690.1245,1901190.1245,1802564.986,98625.1385
high,bank_only,230,dit_norm3,2875000.0,4781966.2585,1906966.2585,1808341.12,98625.1385
high,bank_only,231,dit_norm3,2887500.0,4803050.1245,1915550.1245,1816924.986,98625.1385
high,bank_only,232,dit_norm3,2900000.0,4813755.263,1913755.263,1815130.1245,98625.1385
high,bank_only,233,dit_norm3,2912500.0,4830526.2585,1918026.2585,1819401.12,98625.1385
high,bank_only,234,dit_norm3,2925000.0,4842410.1245,1917410.1245,1818784.986,98625.1385
high,bank_only,235,dit_norm3,2937500.0,4862315.263,1924815.263,1826190.1245,98625.1385
high,bank_only,236,dit_norm3,2950000.0,4880591.397,1930591.397,1831966.2585,98625.1385
high,bank_only,237,dit_norm3,2962500.0,4901675.263,1939175.263,1840550.1245,98625.1385
high,bank_only,238,dit_norm3,2975000.0,4912380.4015,1937380.4015,1838755.263,98625.1385
high,bank_only,239,dit_norm3,2987500.0,4929151.397,1941651.397,1843026.2585,98625.1385
high,bank_only,240,dit_norm3,3000000.0,4941035.263,1941035.263,1842410.1245,98625.1385
high,bank_only,241,dit_norm3,3012500.0,4960940.4015,1948440.4015,1849815.263,98625.1385
high,bank_only,242,dit_norm3,3025000.0,4979216.5355,1954216.5355,1855591.397,98625.1385
high,bank_only,243,dit_norm3,3037500.0,5000300.4015,1962800.4015,1864175.263,98625.1385
high,bank_only,244,dit_norm3,3050000.0,5011005.54,1961005.54,1862380.4015,98625.1385
high,bank_only,245,dit_norm3,3062500.0,5027776.5355,1965276.5355,1866651.397,98625.1385
high,bank_only,246,dit_norm3,3075000.0,5039660.4015,1964660.4015,1866035.263,98625.1385
high,bank_only,247,dit_norm3,3087500.0,5059565.54,1972065.54,1873440.4015,98625.1385
high,bank_only,248,dit_norm3,3100000.0,5077841.674,1977841.674,1879216.5355,98625.1385
high,bank_only,249,dit_norm3,3112500.0,5098925.54,1986425.54,1887800.4015,98625.1385
high,bank_only,250,dit_norm3,3125000.0,5109630.6785,1984630.6785,1886005.54,98625.1385
high,bank_only,251,dit_norm3,3137500.0,5126401.674,1988901.674,1890276.5355,98625.1385
high,bank_only,252,dit_norm3,3150000.0,5138285.54,1988285.54,1889660.4015,98625.1385
high,bank_only,253,dit_norm3,3162500.0,5158190.6785,1995690.6785,1897065.54,98625.1385
high,bank_only,254,dit_norm3,3175000.0,5176466.8125,2001466.8125,1902841.674,98625.1385
high,bank_only,255,dit_norm3,3187500.0,5197550.6785,2010050.6785,1911425.54,98625.1385
high,bank_only,256,dit_norm3,3200000.0,5208255.817,2008255.817,1909630.6785,98625.1385
high,bank_only,257,dit_norm3,3212500.0,5225026.8125,2012526.8125,1913901.674,98625.1385
high,bank_only,258,dit_norm3,3225000.0,5236910.6785,2011910.6785,1913285.54,98625.1385
high,bank_only,259,dit_norm3,3237500.0,5256815.817,2019315.817,1920690.6785,98625.1385
high,bank_only,260,dit_norm3,3250000.0,5275091.951,2025091.951,1926466.8125,98625.1385
high,bank_only,261,dit_norm3,3262500.0,5296175.817,2033675.817,1935050.6785,98625.1385
high,bank_only,262,dit_norm3,3275000.0,5306880.9555,2031880.9555,1933255.817,98625.1385
high,bank_only,263,dit_norm3,3287500.0,5323651.951,2036151.951,1937526.8125,98625.1385
high,bank_only,264,dit_norm3,3300000.0,5335535.817,2035535.817,1936910.6785,98625.1385
high,bank_only,265,dit_norm_out,3312500.0,5355440.9555,2042940.9555,1944315.817,98625.1385
high,bank_only,266,dit_norm_out,3325000.0,5373717.0895,2048717.0895,1950091.951,98625.1385
high,bank_only,267,dit_norm_out,3337500.0,5394800.9555,2057300.9555,1958675.817,98625.1385
high,bank_only,268,dit_norm_out,3350000.0,5405506.094,2055506.094,1956880.9555,98625.1385
high,bank_only,269,qwen_input_post_attention,3362500.0,5791818.491,2429318.491,1961151.951,468166.54
high,bank_only,270,qwen_input_post_attention,3375000.0,5804235.031,2429235.031,1961068.491,468166.54
high,bank_only,271,qwen_input_post_attention,3387500.0,5823607.4955,2436107.4955,1967940.9555,468166.54
high,bank_only,272,qwen_input_post_attention,3400000.0,5862967.4955,2462967.4955,1994800.9555,468166.54
high,bank_only,273,qwen_input_post_attention,3412500.0,6150218.491,2737718.491,2269551.951,468166.54
high,bank_only,274,qwen_input_post_attention,3425000.0,6182007.4955,2757007.4955,2288840.9555,468166.54
high,bank_only,275,qwen_input_post_attention,3437500.0,6259985.031,2822485.031,2354318.491,468166.54
high,bank_only,276,qwen_input_post_attention,3450000.0,6291774.0355,2841774.0355,2373607.4955,468166.54
high,bank_only,277,qwen_input_post_attention,3462500.0,6508618.491,3046118.491,2577951.951,468166.54
high,bank_only,278,qwen_input_post_attention,3475000.0,6618385.031,3143385.031,2675218.491,468166.54
high,bank_only,279,qwen_input_post_attention,3487500.0,6650174.0355,3162674.0355,2694507.4955,468166.54
high,bank_only,280,qwen_input_post_attention,3500000.0,6728151.571,3228151.571,2759985.031,468166.54
high,bank_only,281,qwen_input_post_attention,3512500.0,6867018.491,3354518.491,2886351.951,468166.54
high,bank_only,282,qwen_input_post_attention,3525000.0,6976785.031,3451785.031,2983618.491,468166.54
high,bank_only,283,qwen_input_post_attention,3537500.0,7086551.571,3549051.571,3080885.031,468166.54
high,bank_only,284,qwen_input_post_attention,3550000.0,7118340.5755,3568340.5755,3100174.0355,468166.54
high,bank_only,285,qwen_input_post_attention,3562500.0,7225418.491,3662918.491,3194751.951,468166.54
high,bank_only,286,qwen_input_post_attention,3575000.0,7335185.031,3760185.031,3292018.491,468166.54
high,bank_only,287,qwen_input_post_attention,3587500.0,7444951.571,3857451.571,3389285.031,468166.54
high,bank_only,288,qwen_input_post_attention,3600000.0,7554718.111,3954718.111,3486551.571,468166.54
high,bank_only,289,qwen_input_post_attention,3612500.0,7586507.1155,3974007.1155,3505840.5755,468166.54
high,bank_only,290,qwen_input_post_attention,3625000.0,7693585.031,4068585.031,3600418.491,468166.54
high,bank_only,291,qwen_input_post_attention,3637500.0,7803351.571,4165851.571,3697685.031,468166.54
high,bank_only,292,qwen_input_post_attention,3650000.0,7913118.111,4263118.111,3794951.571,468166.54
high,bank_only,293,qwen_input_post_attention,3662500.0,8022884.651,4360384.651,3892218.111,468166.54
high,bank_only,294,qwen_input_post_attention,3675000.0,8054673.6555,4379673.6555,3911507.1155,468166.54
high,bank_only,295,qwen_input_post_attention,3687500.0,8161751.571,4474251.571,4006085.031,468166.54
high,bank_only,296,qwen_input_post_attention,3700000.0,8271518.111,4571518.111,4103351.571,468166.54
high,bank_only,297,qwen_input_post_attention,3712500.0,8381284.651,4668784.651,4200618.111,468166.54
high,bank_only,298,qwen_input_post_attention,3725000.0,8491051.191,4766051.191,4297884.651,468166.54
high,bank_only,299,qwen_input_post_attention,3737500.0,8522840.1955,4785340.1955,4317173.6555,468166.54
high,bank_only,300,qwen_input_post_attention,3750000.0,8629918.111,4879918.111,4411751.571,468166.54
high,bank_only,301,qwen_query_key,3762500.0,8814597.391,5052097.391,4509018.111,543079.28
high,bank_only,302,qwen_query_key,3775000.0,8924363.931,5149363.931,4606284.651,543079.28
high,bank_only,303,qwen_query_key,3787500.0,9034130.471,5246630.471,4703551.191,543079.28
high,bank_only,304,qwen_query_key,3800000.0,9121459.751,5321459.751,4778380.471,543079.28
high,bank_only,305,qwen_query_key,3812500.0,9208789.031,5396289.031,4853209.751,543079.28
high,bank_only,306,qwen_query_key,3825000.0,9357676.671,5532676.671,4989597.391,543079.28
high,bank_only,307,qwen_query_key,3837500.0,9445005.951,5607505.951,5064426.671,543079.28
high,bank_only,308,qwen_query_key,3850000.0,9532335.231,5682335.231,5139255.951,543079.28
high,bank_only,309,qwen_query_key,3862500.0,9664539.031,5802039.031,5258959.751,543079.28
high,bank_only,310,qwen_query_key,3875000.0,9751868.311,5876868.311,5333789.031,543079.28
high,bank_only,311,qwen_query_key,3887500.0,9889797.391,6002297.391,5459218.111,543079.28
high,bank_only,312,qwen_query_key,3900000.0,9988085.231,6088085.231,5545005.951,543079.28
high,bank_only,313,qwen_query_key,3912500.0,10075414.511,6162914.511,5619835.231,543079.28
high,bank_only,314,qwen_query_key,3925000.0,10207618.311,6282618.311,5739539.031,543079.28
high,bank_only,315,qwen_query_key,3937500.0,10294947.591,6357447.591,5814368.311,543079.28
high,bank_only,316,qwen_query_key,3950000.0,10432876.671,6482876.671,5939797.391,543079.28
high,bank_only,317,qwen_query_key,3962500.0,10531164.511,6568664.511,6025585.231,543079.28
high,bank_only,318,qwen_query_key,3975000.0,10618493.791,6643493.791,6100414.511,543079.28
high,bank_only,319,qwen_query_key,3987500.0,10750697.591,6763197.591,6220118.311,543079.28
high,bank_only,320,qwen_query_key,4000000.0,10838026.871,6838026.871,6294947.591,543079.28
high,bank_only,321,qwen_query_key,4012500.0,10975955.951,6963455.951,6420376.671,543079.28
high,bank_only,322,qwen_query_key,4025000.0,11074243.791,7049243.791,6506164.511,543079.28
high,bank_only,323,qwen_query_key,4037500.0,11161573.071,7124073.071,6580993.791,543079.28
high,bank_only,324,qwen_query_key,4050000.0,11293776.871,7243776.871,6700697.591,543079.28
high,bank_only,325,qwen_query_key,4062500.0,11381106.151,7318606.151,6775526.871,543079.28
high,bank_only,326,qwen_query_key,4075000.0,11519035.231,7444035.231,6900955.951,543079.28
high,bank_only,327,qwen_query_key,4087500.0,11617323.071,7529823.071,6986743.791,543079.28
high,bank_only,328,qwen_query_key,4100000.0,11704652.351,7604652.351,7061573.071,543079.28
high,bank_only,329,qwen_query_key,4112500.0,11836856.151,7724356.151,7181276.871,543079.28
high,bank_only,330,qwen_query_key,4125000.0,11924185.431,7799185.431,7256106.151,543079.28
high,bank_only,331,qwen_query_key,4137500.0,12062114.511,7924614.511,7381535.231,543079.28
high,bank_only,332,qwen_query_key,4150000.0,12160402.351,8010402.351,7467323.071,543079.28
high,logic_only,0,vlln,0.0,149774.0,149774.0,0.0,149774.0
high,logic_only,1,vl_self_attention_norm1_norm3,12500.0,299548.0,287048.0,137274.0,149774.0
high,logic_only,2,vl_self_attention_norm1_norm3,25000.0,449322.0,424322.0,274548.0,149774.0
high,logic_only,3,vl_self_attention_norm1_norm3,37500.0,599096.0,561596.0,411822.0,149774.0
high,logic_only,4,vl_self_attention_norm1_norm3,50000.0,748870.0,698870.0,549096.0,149774.0
high,logic_only,5,vl_self_attention_norm1_norm3,62500.0,898644.0,836144.0,686370.0,149774.0
high,logic_only,6,vl_self_attention_norm1_norm3,75000.0,1048418.0,973418.0,823644.0,149774.0
high,logic_only,7,vl_self_attention_norm1_norm3,87500.0,1198192.0,1110692.0,960918.0,149774.0
high,logic_only,8,vl_self_attention_norm1_norm3,100000.0,1347966.0,1247966.0,1098192.0,149774.0
high,logic_only,9,dit_adaln_norm1,112500.0,1381352.0,1268852.0,1235466.0,33386.0
high,logic_only,10,dit_adaln_norm1,125000.0,1414738.0,1289738.0,1256352.0,33386.0
high,logic_only,11,dit_adaln_norm1,137500.0,1448124.0,1310624.0,1277238.0,33386.0
high,logic_only,12,dit_adaln_norm1,150000.0,1481510.0,1331510.0,1298124.0,33386.0
high,logic_only,13,dit_adaln_norm1,162500.0,1514896.0,1352396.0,1319010.0,33386.0
high,logic_only,14,dit_adaln_norm1,175000.0,1548282.0,1373282.0,1339896.0,33386.0
high,logic_only,15,dit_adaln_norm1,187500.0,1581668.0,1394168.0,1360782.0,33386.0
high,logic_only,16,dit_adaln_norm1,200000.0,1615054.0,1415054.0,1381668.0,33386.0
high,logic_only,17,dit_adaln_norm1,212500.0,1648440.0,1435940.0,1402554.0,33386.0
high,logic_only,18,dit_adaln_norm1,225000.0,1681826.0,1456826.0,1423440.0,33386.0
high,logic_only,19,dit_adaln_norm1,237500.0,1715212.0,1477712.0,1444326.0,33386.0
high,logic_only,20,dit_adaln_norm1,250000.0,1748598.0,1498598.0,1465212.0,33386.0
high,logic_only,21,dit_adaln_norm1,262500.0,1781984.0,1519484.0,1486098.0,33386.0
high,logic_only,22,dit_adaln_norm1,275000.0,1815370.0,1540370.0,1506984.0,33386.0
high,logic_only,23,dit_adaln_norm1,287500.0,1848756.0,1561256.0,1527870.0,33386.0
high,logic_only,24,dit_adaln_norm1,300000.0,1882142.0,1582142.0,1548756.0,33386.0
high,logic_only,25,dit_adaln_norm1,312500.0,1915528.0,1603028.0,1569642.0,33386.0
high,logic_only,26,dit_adaln_norm1,325000.0,1948914.0,1623914.0,1590528.0,33386.0
high,logic_only,27,dit_adaln_norm1,337500.0,1982300.0,1644800.0,1611414.0,33386.0
high,logic_only,28,dit_adaln_norm1,350000.0,2015686.0,1665686.0,1632300.0,33386.0
high,logic_only,29,dit_adaln_norm1,362500.0,2049072.0,1686572.0,1653186.0,33386.0
high,logic_only,30,dit_adaln_norm1,375000.0,2082458.0,1707458.0,1674072.0,33386.0
high,logic_only,31,dit_adaln_norm1,387500.0,2115844.0,1728344.0,1694958.0,33386.0
high,logic_only,32,dit_adaln_norm1,400000.0,2149230.0,1749230.0,1715844.0,33386.0
high,logic_only,33,dit_adaln_norm1,412500.0,2182616.0,1770116.0,1736730.0,33386.0
high,logic_only,34,dit_adaln_norm1,425000.0,2216002.0,1791002.0,1757616.0,33386.0
high,logic_only,35,dit_adaln_norm1,437500.0,2249388.0,1811888.0,1778502.0,33386.0
high,logic_only,36,dit_adaln_norm1,450000.0,2282774.0,1832774.0,1799388.0,33386.0
high,logic_only,37,dit_adaln_norm1,462500.0,2316160.0,1853660.0,1820274.0,33386.0
high,logic_only,38,dit_adaln_norm1,475000.0,2349546.0,1874546.0,1841160.0,33386.0
high,logic_only,39,dit_adaln_norm1,487500.0,2382932.0,1895432.0,1862046.0,33386.0
high,logic_only,40,dit_adaln_norm1,500000.0,2416318.0,1916318.0,1882932.0,33386.0
high,logic_only,41,dit_adaln_norm1,512500.0,2449704.0,1937204.0,1903818.0,33386.0
high,logic_only,42,dit_adaln_norm1,525000.0,2483090.0,1958090.0,1924704.0,33386.0
high,logic_only,43,dit_adaln_norm1,537500.0,2516476.0,1978976.0,1945590.0,33386.0
high,logic_only,44,dit_adaln_norm1,550000.0,2549862.0,1999862.0,1966476.0,33386.0
high,logic_only,45,dit_adaln_norm1,562500.0,2583248.0,2020748.0,1987362.0,33386.0
high,logic_only,46,dit_adaln_norm1,575000.0,2616634.0,2041634.0,2008248.0,33386.0
high,logic_only,47,dit_adaln_norm1,587500.0,2650020.0,2062520.0,2029134.0,33386.0
high,logic_only,48,dit_adaln_norm1,600000.0,2683406.0,2083406.0,2050020.0,33386.0
high,logic_only,49,dit_adaln_norm1,612500.0,2716792.0,2104292.0,2070906.0,33386.0
high,logic_only,50,dit_adaln_norm1,625000.0,2750178.0,2125178.0,2091792.0,33386.0
high,logic_only,51,dit_adaln_norm1,637500.0,2783564.0,2146064.0,2112678.0,33386.0
high,logic_only,52,dit_adaln_norm1,650000.0,2816950.0,2166950.0,2133564.0,33386.0
high,logic_only,53,dit_adaln_norm1,662500.0,2850336.0,2187836.0,2154450.0,33386.0
high,logic_only,54,dit_adaln_norm1,675000.0,2883722.0,2208722.0,2175336.0,33386.0
high,logic_only,55,dit_adaln_norm1,687500.0,2917108.0,2229608.0,2196222.0,33386.0
high,logic_only,56,dit_adaln_norm1,700000.0,2950494.0,2250494.0,2217108.0,33386.0
high,logic_only,57,dit_adaln_norm1,712500.0,2983880.0,2271380.0,2237994.0,33386.0
high,logic_only,58,dit_adaln_norm1,725000.0,3017266.0,2292266.0,2258880.0,33386.0
high,logic_only,59,dit_adaln_norm1,737500.0,3050652.0,2313152.0,2279766.0,33386.0
high,logic_only,60,dit_adaln_norm1,750000.0,3084038.0,2334038.0,2300652.0,33386.0
high,logic_only,61,dit_adaln_norm1,762500.0,3117424.0,2354924.0,2321538.0,33386.0
high,logic_only,62,dit_adaln_norm1,775000.0,3150810.0,2375810.0,2342424.0,33386.0
high,logic_only,63,dit_adaln_norm1,787500.0,3184196.0,2396696.0,2363310.0,33386.0
high,logic_only,64,dit_adaln_norm1,800000.0,3217582.0,2417582.0,2384196.0,33386.0
high,logic_only,65,dit_adaln_norm1,812500.0,3250968.0,2438468.0,2405082.0,33386.0
high,logic_only,66,dit_adaln_norm1,825000.0,3284354.0,2459354.0,2425968.0,33386.0
high,logic_only,67,dit_adaln_norm1,837500.0,3317740.0,2480240.0,2446854.0,33386.0
high,logic_only,68,dit_adaln_norm1,850000.0,3351126.0,2501126.0,2467740.0,33386.0
high,logic_only,69,dit_adaln_norm1,862500.0,3384512.0,2522012.0,2488626.0,33386.0
high,logic_only,70,dit_adaln_norm1,875000.0,3417898.0,2542898.0,2509512.0,33386.0
high,logic_only,71,dit_adaln_norm1,887500.0,3451284.0,2563784.0,2530398.0,33386.0
high,logic_only,72,dit_adaln_norm1,900000.0,3484670.0,2584670.0,2551284.0,33386.0
high,logic_only,73,dit_adaln_norm1,912500.0,3518056.0,2605556.0,2572170.0,33386.0
high,logic_only,74,dit_adaln_norm1,925000.0,3551442.0,2626442.0,2593056.0,33386.0
high,logic_only,75,dit_adaln_norm1,937500.0,3584828.0,2647328.0,2613942.0,33386.0
high,logic_only,76,dit_adaln_norm1,950000.0,3618214.0,2668214.0,2634828.0,33386.0
high,logic_only,77,dit_adaln_norm1,962500.0,3651600.0,2689100.0,2655714.0,33386.0
high,logic_only,78,dit_adaln_norm1,975000.0,3684986.0,2709986.0,2676600.0,33386.0
high,logic_only,79,dit_adaln_norm1,987500.0,3718372.0,2730872.0,2697486.0,33386.0
high,logic_only,80,dit_adaln_norm1,1000000.0,3751758.0,2751758.0,2718372.0,33386.0
high,logic_only,81,dit_adaln_norm1,1012500.0,3785144.0,2772644.0,2739258.0,33386.0
high,logic_only,82,dit_adaln_norm1,1025000.0,3818530.0,2793530.0,2760144.0,33386.0
high,logic_only,83,dit_adaln_norm1,1037500.0,3851916.0,2814416.0,2781030.0,33386.0
high,logic_only,84,dit_adaln_norm1,1050000.0,3885302.0,2835302.0,2801916.0,33386.0
high,logic_only,85,dit_adaln_norm1,1062500.0,3918688.0,2856188.0,2822802.0,33386.0
high,logic_only,86,dit_adaln_norm1,1075000.0,3952074.0,2877074.0,2843688.0,33386.0
high,logic_only,87,dit_adaln_norm1,1087500.0,3985460.0,2897960.0,2864574.0,33386.0
high,logic_only,88,dit_adaln_norm1,1100000.0,4018846.0,2918846.0,2885460.0,33386.0
high,logic_only,89,dit_adaln_norm1,1112500.0,4052232.0,2939732.0,2906346.0,33386.0
high,logic_only,90,dit_adaln_norm1,1125000.0,4085618.0,2960618.0,2927232.0,33386.0
high,logic_only,91,dit_adaln_norm1,1137500.0,4119004.0,2981504.0,2948118.0,33386.0
high,logic_only,92,dit_adaln_norm1,1150000.0,4152390.0,3002390.0,2969004.0,33386.0
high,logic_only,93,dit_adaln_norm1,1162500.0,4185776.0,3023276.0,2989890.0,33386.0
high,logic_only,94,dit_adaln_norm1,1175000.0,4219162.0,3044162.0,3010776.0,33386.0
high,logic_only,95,dit_adaln_norm1,1187500.0,4252548.0,3065048.0,3031662.0,33386.0
high,logic_only,96,dit_adaln_norm1,1200000.0,4285934.0,3085934.0,3052548.0,33386.0
high,logic_only,97,dit_adaln_norm1,1212500.0,4319320.0,3106820.0,3073434.0,33386.0
high,logic_only,98,dit_adaln_norm1,1225000.0,4352706.0,3127706.0,3094320.0,33386.0
high,logic_only,99,dit_adaln_norm1,1237500.0,4386092.0,3148592.0,3115206.0,33386.0
high,logic_only,100,dit_adaln_norm1,1250000.0,4419478.0,3169478.0,3136092.0,33386.0
high,logic_only,101,dit_adaln_norm1,1262500.0,4452864.0,3190364.0,3156978.0,33386.0
high,logic_only,102,dit_adaln_norm1,1275000.0,4486250.0,3211250.0,3177864.0,33386.0
high,logic_only,103,dit_adaln_norm1,1287500.0,4519636.0,3232136.0,3198750.0,33386.0
high,logic_only,104,dit_adaln_norm1,1300000.0,4553022.0,3253022.0,3219636.0,33386.0
high,logic_only,105,dit_adaln_norm1,1312500.0,4586408.0,3273908.0,3240522.0,33386.0
high,logic_only,106,dit_adaln_norm1,1325000.0,4619794.0,3294794.0,3261408.0,33386.0
high,logic_only,107,dit_adaln_norm1,1337500.0,4653180.0,3315680.0,3282294.0,33386.0
high,logic_only,108,dit_adaln_norm1,1350000.0,4686566.0,3336566.0,3303180.0,33386.0
high,logic_only,109,dit_adaln_norm1,1362500.0,4719952.0,3357452.0,3324066.0,33386.0
high,logic_only,110,dit_adaln_norm1,1375000.0,4753338.0,3378338.0,3344952.0,33386.0
high,logic_only,111,dit_adaln_norm1,1387500.0,4786724.0,3399224.0,3365838.0,33386.0
high,logic_only,112,dit_adaln_norm1,1400000.0,4820110.0,3420110.0,3386724.0,33386.0
high,logic_only,113,dit_adaln_norm1,1412500.0,4853496.0,3440996.0,3407610.0,33386.0
high,logic_only,114,dit_adaln_norm1,1425000.0,4886882.0,3461882.0,3428496.0,33386.0
high,logic_only,115,dit_adaln_norm1,1437500.0,4920268.0,3482768.0,3449382.0,33386.0
high,logic_only,116,dit_adaln_norm1,1450000.0,4953654.0,3503654.0,3470268.0,33386.0
high,logic_only,117,dit_adaln_norm1,1462500.0,4987040.0,3524540.0,3491154.0,33386.0
high,logic_only,118,dit_adaln_norm1,1475000.0,5020426.0,3545426.0,3512040.0,33386.0
high,logic_only,119,dit_adaln_norm1,1487500.0,5053812.0,3566312.0,3532926.0,33386.0
high,logic_only,120,dit_adaln_norm1,1500000.0,5087198.0,3587198.0,3553812.0,33386.0
high,logic_only,121,dit_adaln_norm1,1512500.0,5120584.0,3608084.0,3574698.0,33386.0
high,logic_only,122,dit_adaln_norm1,1525000.0,5153970.0,3628970.0,3595584.0,33386.0
high,logic_only,123,dit_adaln_norm1,1537500.0,5187356.0,3649856.0,3616470.0,33386.0
high,logic_only,124,dit_adaln_norm1,1550000.0,5220742.0,3670742.0,3637356.0,33386.0
high,logic_only,125,dit_adaln_norm1,1562500.0,5254128.0,3691628.0,3658242.0,33386.0
high,logic_only,126,dit_adaln_norm1,1575000.0,5287514.0,3712514.0,3679128.0,33386.0
high,logic_only,127,dit_adaln_norm1,1587500.0,5320900.0,3733400.0,3700014.0,33386.0
high,logic_only,128,dit_adaln_norm1,1600000.0,5354286.0,3754286.0,3720900.0,33386.0
high,logic_only,129,dit_adaln_norm1,1612500.0,5387672.0,3775172.0,3741786.0,33386.0
high,logic_only,130,dit_adaln_norm1,1625000.0,5421058.0,3796058.0,3762672.0,33386.0
high,logic_only,131,dit_adaln_norm1,1637500.0,5454444.0,3816944.0,3783558.0,33386.0
high,logic_only,132,dit_adaln_norm1,1650000.0,5487830.0,3837830.0,3804444.0,33386.0
high,logic_only,133,dit_adaln_norm1,1662500.0,5521216.0,3858716.0,3825330.0,33386.0
high,logic_only,134,dit_adaln_norm1,1675000.0,5554602.0,3879602.0,3846216.0,33386.0
high,logic_only,135,dit_adaln_norm1,1687500.0,5587988.0,3900488.0,3867102.0,33386.0
high,logic_only,136,dit_adaln_norm1,1700000.0,5621374.0,3921374.0,3887988.0,33386.0
high,logic_only,137,dit_norm3,1712500.0,5652792.0,3940292.0,3908874.0,31418.0
high,logic_only,138,dit_norm3,1725000.0,5684210.0,3959210.0,3927792.0,31418.0
high,logic_only,139,dit_norm3,1737500.0,5715628.0,3978128.0,3946710.0,31418.0
high,logic_only,140,dit_norm3,1750000.0,5747046.0,3997046.0,3965628.0,31418.0
high,logic_only,141,dit_norm3,1762500.0,5778464.0,4015964.0,3984546.0,31418.0
high,logic_only,142,dit_norm3,1775000.0,5809882.0,4034882.0,4003464.0,31418.0
high,logic_only,143,dit_norm3,1787500.0,5841300.0,4053800.0,4022382.0,31418.0
high,logic_only,144,dit_norm3,1800000.0,5872718.0,4072718.0,4041300.0,31418.0
high,logic_only,145,dit_norm3,1812500.0,5904136.0,4091636.0,4060218.0,31418.0
high,logic_only,146,dit_norm3,1825000.0,5935554.0,4110554.0,4079136.0,31418.0
high,logic_only,147,dit_norm3,1837500.0,5966972.0,4129472.0,4098054.0,31418.0
high,logic_only,148,dit_norm3,1850000.0,5998390.0,4148390.0,4116972.0,31418.0
high,logic_only,149,dit_norm3,1862500.0,6029808.0,4167308.0,4135890.0,31418.0
high,logic_only,150,dit_norm3,1875000.0,6061226.0,4186226.0,4154808.0,31418.0
high,logic_only,151,dit_norm3,1887500.0,6092644.0,4205144.0,4173726.0,31418.0
high,logic_only,152,dit_norm3,1900000.0,6124062.0,4224062.0,4192644.0,31418.0
high,logic_only,153,dit_norm3,1912500.0,6155480.0,4242980.0,4211562.0,31418.0
high,logic_only,154,dit_norm3,1925000.0,6186898.0,4261898.0,4230480.0,31418.0
high,logic_only,155,dit_norm3,1937500.0,6218316.0,4280816.0,4249398.0,31418.0
high,logic_only,156,dit_norm3,1950000.0,6249734.0,4299734.0,4268316.0,31418.0
high,logic_only,157,dit_norm3,1962500.0,6281152.0,4318652.0,4287234.0,31418.0
high,logic_only,158,dit_norm3,1975000.0,6312570.0,4337570.0,4306152.0,31418.0
high,logic_only,159,dit_norm3,1987500.0,6343988.0,4356488.0,4325070.0,31418.0
high,logic_only,160,dit_norm3,2000000.0,6375406.0,4375406.0,4343988.0,31418.0
high,logic_only,161,dit_norm3,2012500.0,6406824.0,4394324.0,4362906.0,31418.0
high,logic_only,162,dit_norm3,2025000.0,6438242.0,4413242.0,4381824.0,31418.0
high,logic_only,163,dit_norm3,2037500.0,6469660.0,4432160.0,4400742.0,31418.0
high,logic_only,164,dit_norm3,2050000.0,6501078.0,4451078.0,4419660.0,31418.0
high,logic_only,165,dit_norm3,2062500.0,6532496.0,4469996.0,4438578.0,31418.0
high,logic_only,166,dit_norm3,2075000.0,6563914.0,4488914.0,4457496.0,31418.0
high,logic_only,167,dit_norm3,2087500.0,6595332.0,4507832.0,4476414.0,31418.0
high,logic_only,168,dit_norm3,2100000.0,6626750.0,4526750.0,4495332.0,31418.0
high,logic_only,169,dit_norm3,2112500.0,6658168.0,4545668.0,4514250.0,31418.0
high,logic_only,170,dit_norm3,2125000.0,6689586.0,4564586.0,4533168.0,31418.0
high,logic_only,171,dit_norm3,2137500.0,6721004.0,4583504.0,4552086.0,31418.0
high,logic_only,172,dit_norm3,2150000.0,6752422.0,4602422.0,4571004.0,31418.0
high,logic_only,173,dit_norm3,2162500.0,6783840.0,4621340.0,4589922.0,31418.0
high,logic_only,174,dit_norm3,2175000.0,6815258.0,4640258.0,4608840.0,31418.0
high,logic_only,175,dit_norm3,2187500.0,6846676.0,4659176.0,4627758.0,31418.0
high,logic_only,176,dit_norm3,2200000.0,6878094.0,4678094.0,4646676.0,31418.0
high,logic_only,177,dit_norm3,2212500.0,6909512.0,4697012.0,4665594.0,31418.0
high,logic_only,178,dit_norm3,2225000.0,6940930.0,4715930.0,4684512.0,31418.0
high,logic_only,179,dit_norm3,2237500.0,6972348.0,4734848.0,4703430.0,31418.0
high,logic_only,180,dit_norm3,2250000.0,7003766.0,4753766.0,4722348.0,31418.0
high,logic_only,181,dit_norm3,2262500.0,7035184.0,4772684.0,4741266.0,31418.0
high,logic_only,182,dit_norm3,2275000.0,7066602.0,4791602.0,4760184.0,31418.0
high,logic_only,183,dit_norm3,2287500.0,7098020.0,4810520.0,4779102.0,31418.0
high,logic_only,184,dit_norm3,2300000.0,7129438.0,4829438.0,4798020.0,31418.0
high,logic_only,185,dit_norm3,2312500.0,7160856.0,4848356.0,4816938.0,31418.0
high,logic_only,186,dit_norm3,2325000.0,7192274.0,4867274.0,4835856.0,31418.0
high,logic_only,187,dit_norm3,2337500.0,7223692.0,4886192.0,4854774.0,31418.0
high,logic_only,188,dit_norm3,2350000.0,7255110.0,4905110.0,4873692.0,31418.0
high,logic_only,189,dit_norm3,2362500.0,7286528.0,4924028.0,4892610.0,31418.0
high,logic_only,190,dit_norm3,2375000.0,7317946.0,4942946.0,4911528.0,31418.0
high,logic_only,191,dit_norm3,2387500.0,7349364.0,4961864.0,4930446.0,31418.0
high,logic_only,192,dit_norm3,2400000.0,7380782.0,4980782.0,4949364.0,31418.0
high,logic_only,193,dit_norm3,2412500.0,7412200.0,4999700.0,4968282.0,31418.0
high,logic_only,194,dit_norm3,2425000.0,7443618.0,5018618.0,4987200.0,31418.0
high,logic_only,195,dit_norm3,2437500.0,7475036.0,5037536.0,5006118.0,31418.0
high,logic_only,196,dit_norm3,2450000.0,7506454.0,5056454.0,5025036.0,31418.0
high,logic_only,197,dit_norm3,2462500.0,7537872.0,5075372.0,5043954.0,31418.0
high,logic_only,198,dit_norm3,2475000.0,7569290.0,5094290.0,5062872.0,31418.0
high,logic_only,199,dit_norm3,2487500.0,7600708.0,5113208.0,5081790.0,31418.0
high,logic_only,200,dit_norm3,2500000.0,7632126.0,5132126.0,5100708.0,31418.0
high,logic_only,201,dit_norm3,2512500.0,7663544.0,5151044.0,5119626.0,31418.0
high,logic_only,202,dit_norm3,2525000.0,7694962.0,5169962.0,5138544.0,31418.0
high,logic_only,203,dit_norm3,2537500.0,7726380.0,5188880.0,5157462.0,31418.0
high,logic_only,204,dit_norm3,2550000.0,7757798.0,5207798.0,5176380.0,31418.0
high,logic_only,205,dit_norm3,2562500.0,7789216.0,5226716.0,5195298.0,31418.0
high,logic_only,206,dit_norm3,2575000.0,7820634.0,5245634.0,5214216.0,31418.0
high,logic_only,207,dit_norm3,2587500.0,7852052.0,5264552.0,5233134.0,31418.0
high,logic_only,208,dit_norm3,2600000.0,7883470.0,5283470.0,5252052.0,31418.0
high,logic_only,209,dit_norm3,2612500.0,7914888.0,5302388.0,5270970.0,31418.0
high,logic_only,210,dit_norm3,2625000.0,7946306.0,5321306.0,5289888.0,31418.0
high,logic_only,211,dit_norm3,2637500.0,7977724.0,5340224.0,5308806.0,31418.0
high,logic_only,212,dit_norm3,2650000.0,8009142.0,5359142.0,5327724.0,31418.0
high,logic_only,213,dit_norm3,2662500.0,8040560.0,5378060.0,5346642.0,31418.0
high,logic_only,214,dit_norm3,2675000.0,8071978.0,5396978.0,5365560.0,31418.0
high,logic_only,215,dit_norm3,2687500.0,8103396.0,5415896.0,5384478.0,31418.0
high,logic_only,216,dit_norm3,2700000.0,8134814.0,5434814.0,5403396.0,31418.0
high,logic_only,217,dit_norm3,2712500.0,8166232.0,5453732.0,5422314.0,31418.0
high,logic_only,218,dit_norm3,2725000.0,8197650.0,5472650.0,5441232.0,31418.0
high,logic_only,219,dit_norm3,2737500.0,8229068.0,5491568.0,5460150.0,31418.0
high,logic_only,220,dit_norm3,2750000.0,8260486.0,5510486.0,5479068.0,31418.0
high,logic_only,221,dit_norm3,2762500.0,8291904.0,5529404.0,5497986.0,31418.0
high,logic_only,222,dit_norm3,2775000.0,8323322.0,5548322.0,5516904.0,31418.0
high,logic_only,223,dit_norm3,2787500.0,8354740.0,5567240.0,5535822.0,31418.0
high,logic_only,224,dit_norm3,2800000.0,8386158.0,5586158.0,5554740.0,31418.0
high,logic_only,225,dit_norm3,2812500.0,8417576.0,5605076.0,5573658.0,31418.0
high,logic_only,226,dit_norm3,2825000.0,8448994.0,5623994.0,5592576.0,31418.0
high,logic_only,227,dit_norm3,2837500.0,8480412.0,5642912.0,5611494.0,31418.0
high,logic_only,228,dit_norm3,2850000.0,8511830.0,5661830.0,5630412.0,31418.0
high,logic_only,229,dit_norm3,2862500.0,8543248.0,5680748.0,5649330.0,31418.0
high,logic_only,230,dit_norm3,2875000.0,8574666.0,5699666.0,5668248.0,31418.0
high,logic_only,231,dit_norm3,2887500.0,8606084.0,5718584.0,5687166.0,31418.0
high,logic_only,232,dit_norm3,2900000.0,8637502.0,5737502.0,5706084.0,31418.0
high,logic_only,233,dit_norm3,2912500.0,8668920.0,5756420.0,5725002.0,31418.0
high,logic_only,234,dit_norm3,2925000.0,8700338.0,5775338.0,5743920.0,31418.0
high,logic_only,235,dit_norm3,2937500.0,8731756.0,5794256.0,5762838.0,31418.0
high,logic_only,236,dit_norm3,2950000.0,8763174.0,5813174.0,5781756.0,31418.0
high,logic_only,237,dit_norm3,2962500.0,8794592.0,5832092.0,5800674.0,31418.0
high,logic_only,238,dit_norm3,2975000.0,8826010.0,5851010.0,5819592.0,31418.0
high,logic_only,239,dit_norm3,2987500.0,8857428.0,5869928.0,5838510.0,31418.0
high,logic_only,240,dit_norm3,3000000.0,8888846.0,5888846.0,5857428.0,31418.0
high,logic_only,241,dit_norm3,3012500.0,8920264.0,5907764.0,5876346.0,31418.0
high,logic_only,242,dit_norm3,3025000.0,8951682.0,5926682.0,5895264.0,31418.0
high,logic_only,243,dit_norm3,3037500.0,8983100.0,5945600.0,5914182.0,31418.0
high,logic_only,244,dit_norm3,3050000.0,9014518.0,5964518.0,5933100.0,31418.0
high,logic_only,245,dit_norm3,3062500.0,9045936.0,5983436.0,5952018.0,31418.0
high,logic_only,246,dit_norm3,3075000.0,9077354.0,6002354.0,5970936.0,31418.0
high,logic_only,247,dit_norm3,3087500.0,9108772.0,6021272.0,5989854.0,31418.0
high,logic_only,248,dit_norm3,3100000.0,9140190.0,6040190.0,6008772.0,31418.0
high,logic_only,249,dit_norm3,3112500.0,9171608.0,6059108.0,6027690.0,31418.0
high,logic_only,250,dit_norm3,3125000.0,9203026.0,6078026.0,6046608.0,31418.0
high,logic_only,251,dit_norm3,3137500.0,9234444.0,6096944.0,6065526.0,31418.0
high,logic_only,252,dit_norm3,3150000.0,9265862.0,6115862.0,6084444.0,31418.0
high,logic_only,253,dit_norm3,3162500.0,9297280.0,6134780.0,6103362.0,31418.0
high,logic_only,254,dit_norm3,3175000.0,9328698.0,6153698.0,6122280.0,31418.0
high,logic_only,255,dit_norm3,3187500.0,9360116.0,6172616.0,6141198.0,31418.0
high,logic_only,256,dit_norm3,3200000.0,9391534.0,6191534.0,6160116.0,31418.0
high,logic_only,257,dit_norm3,3212500.0,9422952.0,6210452.0,6179034.0,31418.0
high,logic_only,258,dit_norm3,3225000.0,9454370.0,6229370.0,6197952.0,31418.0
high,logic_only,259,dit_norm3,3237500.0,9485788.0,6248288.0,6216870.0,31418.0
high,logic_only,260,dit_norm3,3250000.0,9517206.0,6267206.0,6235788.0,31418.0
high,logic_only,261,dit_norm3,3262500.0,9548624.0,6286124.0,6254706.0,31418.0
high,logic_only,262,dit_norm3,3275000.0,9580042.0,6305042.0,6273624.0,31418.0
high,logic_only,263,dit_norm3,3287500.0,9611460.0,6323960.0,6292542.0,31418.0
high,logic_only,264,dit_norm3,3300000.0,9642878.0,6342878.0,6311460.0,31418.0
high,logic_only,265,dit_norm_out,3312500.0,9674344.0,6361844.0,6330378.0,31466.0
high,logic_only,266,dit_norm_out,3325000.0,9705810.0,6380810.0,6349344.0,31466.0
high,logic_only,267,dit_norm_out,3337500.0,9737276.0,6399776.0,6368310.0,31466.0
high,logic_only,268,dit_norm_out,3350000.0,9768742.0,6418742.0,6387276.0,31466.0
high,logic_only,269,qwen_input_post_attention,3362500.0,9858774.0,6496274.0,6406242.0,90032.0
high,logic_only,270,qwen_input_post_attention,3375000.0,9948806.0,6573806.0,6483774.0,90032.0
high,logic_only,271,qwen_input_post_attention,3387500.0,10038838.0,6651338.0,6561306.0,90032.0
high,logic_only,272,qwen_input_post_attention,3400000.0,10128870.0,6728870.0,6638838.0,90032.0
high,logic_only,273,qwen_input_post_attention,3412500.0,10218902.0,6806402.0,6716370.0,90032.0
high,logic_only,274,qwen_input_post_attention,3425000.0,10308934.0,6883934.0,6793902.0,90032.0
high,logic_only,275,qwen_input_post_attention,3437500.0,10398966.0,6961466.0,6871434.0,90032.0
high,logic_only,276,qwen_input_post_attention,3450000.0,10488998.0,7038998.0,6948966.0,90032.0
high,logic_only,277,qwen_input_post_attention,3462500.0,10579030.0,7116530.0,7026498.0,90032.0
high,logic_only,278,qwen_input_post_attention,3475000.0,10669062.0,7194062.0,7104030.0,90032.0
high,logic_only,279,qwen_input_post_attention,3487500.0,10759094.0,7271594.0,7181562.0,90032.0
high,logic_only,280,qwen_input_post_attention,3500000.0,10849126.0,7349126.0,7259094.0,90032.0
high,logic_only,281,qwen_input_post_attention,3512500.0,10939158.0,7426658.0,7336626.0,90032.0
high,logic_only,282,qwen_input_post_attention,3525000.0,11029190.0,7504190.0,7414158.0,90032.0
high,logic_only,283,qwen_input_post_attention,3537500.0,11119222.0,7581722.0,7491690.0,90032.0
high,logic_only,284,qwen_input_post_attention,3550000.0,11209254.0,7659254.0,7569222.0,90032.0
high,logic_only,285,qwen_input_post_attention,3562500.0,11299286.0,7736786.0,7646754.0,90032.0
high,logic_only,286,qwen_input_post_attention,3575000.0,11389318.0,7814318.0,7724286.0,90032.0
high,logic_only,287,qwen_input_post_attention,3587500.0,11479350.0,7891850.0,7801818.0,90032.0
high,logic_only,288,qwen_input_post_attention,3600000.0,11569382.0,7969382.0,7879350.0,90032.0
high,logic_only,289,qwen_input_post_attention,3612500.0,11659414.0,8046914.0,7956882.0,90032.0
high,logic_only,290,qwen_input_post_attention,3625000.0,11749446.0,8124446.0,8034414.0,90032.0
high,logic_only,291,qwen_input_post_attention,3637500.0,11839478.0,8201978.0,8111946.0,90032.0
high,logic_only,292,qwen_input_post_attention,3650000.0,11929510.0,8279510.0,8189478.0,90032.0
high,logic_only,293,qwen_input_post_attention,3662500.0,12019542.0,8357042.0,8267010.0,90032.0
high,logic_only,294,qwen_input_post_attention,3675000.0,12109574.0,8434574.0,8344542.0,90032.0
high,logic_only,295,qwen_input_post_attention,3687500.0,12199606.0,8512106.0,8422074.0,90032.0
high,logic_only,296,qwen_input_post_attention,3700000.0,12289638.0,8589638.0,8499606.0,90032.0
high,logic_only,297,qwen_input_post_attention,3712500.0,12379670.0,8667170.0,8577138.0,90032.0
high,logic_only,298,qwen_input_post_attention,3725000.0,12469702.0,8744702.0,8654670.0,90032.0
high,logic_only,299,qwen_input_post_attention,3737500.0,12559734.0,8822234.0,8732202.0,90032.0
high,logic_only,300,qwen_input_post_attention,3750000.0,12649766.0,8899766.0,8809734.0,90032.0
high,logic_only,301,qwen_query_key,3762500.0,12766867.0,9004367.0,8887266.0,117101.0
high,logic_only,302,qwen_query_key,3775000.0,12883968.0,9108968.0,8991867.0,117101.0
high,logic_only,303,qwen_query_key,3787500.0,13001069.0,9213569.0,9096468.0,117101.0
high,logic_only,304,qwen_query_key,3800000.0,13118170.0,9318170.0,9201069.0,117101.0
high,logic_only,305,qwen_query_key,3812500.0,13235271.0,9422771.0,9305670.0,117101.0
high,logic_only,306,qwen_query_key,3825000.0,13352372.0,9527372.0,9410271.0,117101.0
high,logic_only,307,qwen_query_key,3837500.0,13469473.0,9631973.0,9514872.0,117101.0
high,logic_only,308,qwen_query_key,3850000.0,13586574.0,9736574.0,9619473.0,117101.0
high,logic_only,309,qwen_query_key,3862500.0,13703675.0,9841175.0,9724074.0,117101.0
high,logic_only,310,qwen_query_key,3875000.0,13820776.0,9945776.0,9828675.0,117101.0
high,logic_only,311,qwen_query_key,3887500.0,13937877.0,10050377.0,9933276.0,117101.0
high,logic_only,312,qwen_query_key,3900000.0,14054978.0,10154978.0,10037877.0,117101.0
high,logic_only,313,qwen_query_key,3912500.0,14172079.0,10259579.0,10142478.0,117101.0
high,logic_only,314,qwen_query_key,3925000.0,14289180.0,10364180.0,10247079.0,117101.0
high,logic_only,315,qwen_query_key,3937500.0,14406281.0,10468781.0,10351680.0,117101.0
high,logic_only,316,qwen_query_key,3950000.0,14523382.0,10573382.0,10456281.0,117101.0
high,logic_only,317,qwen_query_key,3962500.0,14640483.0,10677983.0,10560882.0,117101.0
high,logic_only,318,qwen_query_key,3975000.0,14757584.0,10782584.0,10665483.0,117101.0
high,logic_only,319,qwen_query_key,3987500.0,14874685.0,10887185.0,10770084.0,117101.0
high,logic_only,320,qwen_query_key,4000000.0,14991786.0,10991786.0,10874685.0,117101.0
high,logic_only,321,qwen_query_key,4012500.0,15108887.0,11096387.0,10979286.0,117101.0
high,logic_only,322,qwen_query_key,4025000.0,15225988.0,11200988.0,11083887.0,117101.0
high,logic_only,323,qwen_query_key,4037500.0,15343089.0,11305589.0,11188488.0,117101.0
high,logic_only,324,qwen_query_key,4050000.0,15460190.0,11410190.0,11293089.0,117101.0
high,logic_only,325,qwen_query_key,4062500.0,15577291.0,11514791.0,11397690.0,117101.0
high,logic_only,326,qwen_query_key,4075000.0,15694392.0,11619392.0,11502291.0,117101.0
high,logic_only,327,qwen_query_key,4087500.0,15811493.0,11723993.0,11606892.0,117101.0
high,logic_only,328,qwen_query_key,4100000.0,15928594.0,11828594.0,11711493.0,117101.0
high,logic_only,329,qwen_query_key,4112500.0,16045695.0,11933195.0,11816094.0,117101.0
high,logic_only,330,qwen_query_key,4125000.0,16162796.0,12037796.0,11920695.0,117101.0
high,logic_only,331,qwen_query_key,4137500.0,16279897.0,12142397.0,12025296.0,117101.0
high,logic_only,332,qwen_query_key,4150000.0,16396998.0,12246998.0,12129897.0,117101.0
high,hierarchical,0,vlln,0.0,576477.5,576477.5,0.0,576477.5
high,hierarchical,1,vl_self_attention_norm1_norm3,12500.0,622575.0,610075.0,33597.5,576477.5
high,hierarchical,2,vl_self_attention_norm1_norm3,25000.0,668672.5,643672.5,67195.0,576477.5
high,hierarchical,3,vl_self_attention_norm1_norm3,37500.0,714770.0,677270.0,100792.5,576477.5
high,hierarchical,4,vl_self_attention_norm1_norm3,50000.0,934877.5,884877.5,308400.0,576477.5
high,hierarchical,5,vl_self_attention_norm1_norm3,62500.0,980975.0,918475.0,341997.5,576477.5
high,hierarchical,6,vl_self_attention_norm1_norm3,75000.0,1152955.0,1077955.0,501477.5,576477.5
high,hierarchical,7,vl_self_attention_norm1_norm3,87500.0,1245150.0,1157650.0,581172.5,576477.5
high,hierarchical,8,vl_self_attention_norm1_norm3,100000.0,1293277.5,1193277.5,616800.0,576477.5
high,hierarchical,9,dit_adaln_norm1,112500.0,1176711.0625,1064211.0625,969437.5,94773.5625
high,hierarchical,10,dit_adaln_norm1,125000.0,1183564.625,1058564.625,963791.0625,94773.5625
high,hierarchical,11,dit_adaln_norm1,137500.0,1190418.1875,1052918.1875,958144.625,94773.5625
high,hierarchical,12,dit_adaln_norm1,150000.0,1197271.75,1047271.75,952498.1875,94773.5625
high,hierarchical,13,dit_adaln_norm1,162500.0,1204125.3125,1041625.3125,946851.75,94773.5625
high,hierarchical,14,dit_adaln_norm1,175000.0,1247728.5625,1072728.5625,977955.0,94773.5625
high,hierarchical,15,dit_adaln_norm1,187500.0,1278338.1875,1090838.1875,996064.625,94773.5625
high,hierarchical,16,dit_adaln_norm1,200000.0,1287088.5625,1087088.5625,992315.0,94773.5625
high,hierarchical,17,dit_adaln_norm1,212500.0,1298898.875,1086398.875,991625.3125,94773.5625
high,hierarchical,18,dit_adaln_norm1,225000.0,1326448.5625,1101448.5625,1006675.0,94773.5625
high,hierarchical,19,dit_adaln_norm1,237500.0,1339923.5625,1102423.5625,1007650.0,94773.5625
high,hierarchical,20,dit_adaln_norm1,250000.0,1365808.5625,1115808.5625,1021035.0,94773.5625
high,hierarchical,21,dit_adaln_norm1,262500.0,1379283.5625,1116783.5625,1022010.0,94773.5625
high,hierarchical,22,dit_adaln_norm1,275000.0,1388051.0625,1113051.0625,1018277.5,94773.5625
high,hierarchical,23,dit_adaln_norm1,287500.0,1405168.5625,1117668.5625,1022895.0,94773.5625
high,hierarchical,24,dit_adaln_norm1,300000.0,1421222.125,1121222.125,1026448.5625,94773.5625
high,hierarchical,25,dit_adaln_norm1,312500.0,1434697.125,1122197.125,1027423.5625,94773.5625
high,hierarchical,26,dit_adaln_norm1,325000.0,1460582.125,1135582.125,1040808.5625,94773.5625
high,hierarchical,27,dit_adaln_norm1,337500.0,1474057.125,1136557.125,1041783.5625,94773.5625
high,hierarchical,28,dit_adaln_norm1,350000.0,1482824.625,1132824.625,1038051.0625,94773.5625
high,hierarchical,29,dit_adaln_norm1,362500.0,1499942.125,1137442.125,1042668.5625,94773.5625
high,hierarchical,30,dit_adaln_norm1,375000.0,1515995.6875,1140995.6875,1046222.125,94773.5625
high,hierarchical,31,dit_adaln_norm1,387500.0,1529470.6875,1141970.6875,1047197.125,94773.5625
high,hierarchical,32,dit_adaln_norm1,400000.0,1555355.6875,1155355.6875,1060582.125,94773.5625
high,hierarchical,33,dit_adaln_norm1,412500.0,1568830.6875,1156330.6875,1061557.125,94773.5625
high,hierarchical,34,dit_adaln_norm1,425000.0,1577598.1875,1152598.1875,1057824.625,94773.5625
high,hierarchical,35,dit_adaln_norm1,437500.0,1594715.6875,1157215.6875,1062442.125,94773.5625
high,hierarchical,36,dit_adaln_norm1,450000.0,1610769.25,1160769.25,1065995.6875,94773.5625
high,hierarchical,37,dit_adaln_norm1,462500.0,1624244.25,1161744.25,1066970.6875,94773.5625
high,hierarchical,38,dit_adaln_norm1,475000.0,1650129.25,1175129.25,1080355.6875,94773.5625
high,hierarchical,39,dit_adaln_norm1,487500.0,1663604.25,1176104.25,1081330.6875,94773.5625
high,hierarchical,40,dit_adaln_norm1,500000.0,1672371.75,1172371.75,1077598.1875,94773.5625
high,hierarchical,41,dit_adaln_norm1,512500.0,1689489.25,1176989.25,1082215.6875,94773.5625
high,hierarchical,42,dit_adaln_norm1,525000.0,1705542.8125,1180542.8125,1085769.25,94773.5625
high,hierarchical,43,dit_adaln_norm1,537500.0,1719017.8125,1181517.8125,1086744.25,94773.5625
high,hierarchical,44,dit_adaln_norm1,550000.0,1744902.8125,1194902.8125,1100129.25,94773.5625
high,hierarchical,45,dit_adaln_norm1,562500.0,1758377.8125,1195877.8125,1101104.25,94773.5625
high,hierarchical,46,dit_adaln_norm1,575000.0,1767145.3125,1192145.3125,1097371.75,94773.5625
high,hierarchical,47,dit_adaln_norm1,587500.0,1784262.8125,1196762.8125,1101989.25,94773.5625
high,hierarchical,48,dit_adaln_norm1,600000.0,1800316.375,1200316.375,1105542.8125,94773.5625
high,hierarchical,49,dit_adaln_norm1,612500.0,1813791.375,1201291.375,1106517.8125,94773.5625
high,hierarchical,50,dit_adaln_norm1,625000.0,1839676.375,1214676.375,1119902.8125,94773.5625
high,hierarchical,51,dit_adaln_norm1,637500.0,1853151.375,1215651.375,1120877.8125,94773.5625
high,hierarchical,52,dit_adaln_norm1,650000.0,1861918.875,1211918.875,1117145.3125,94773.5625
high,hierarchical,53,dit_adaln_norm1,662500.0,1879036.375,1216536.375,1121762.8125,94773.5625
high,hierarchical,54,dit_adaln_norm1,675000.0,1895089.9375,1220089.9375,1125316.375,94773.5625
high,hierarchical,55,dit_adaln_norm1,687500.0,1908564.9375,1221064.9375,1126291.375,94773.5625
high,hierarchical,56,dit_adaln_norm1,700000.0,1934449.9375,1234449.9375,1139676.375,94773.5625
high,hierarchical,57,dit_adaln_norm1,712500.0,1947924.9375,1235424.9375,1140651.375,94773.5625
high,hierarchical,58,dit_adaln_norm1,725000.0,1956692.4375,1231692.4375,1136918.875,94773.5625
high,hierarchical,59,dit_adaln_norm1,737500.0,1973809.9375,1236309.9375,1141536.375,94773.5625
high,hierarchical,60,dit_adaln_norm1,750000.0,1989863.5,1239863.5,1145089.9375,94773.5625
high,hierarchical,61,dit_adaln_norm1,762500.0,2003338.5,1240838.5,1146064.9375,94773.5625
high,hierarchical,62,dit_adaln_norm1,775000.0,2029223.5,1254223.5,1159449.9375,94773.5625
high,hierarchical,63,dit_adaln_norm1,787500.0,2042698.5,1255198.5,1160424.9375,94773.5625
high,hierarchical,64,dit_adaln_norm1,800000.0,2051466.0,1251466.0,1156692.4375,94773.5625
high,hierarchical,65,dit_adaln_norm1,812500.0,2068583.5,1256083.5,1161309.9375,94773.5625
high,hierarchical,66,dit_adaln_norm1,825000.0,2084637.0625,1259637.0625,1164863.5,94773.5625
high,hierarchical,67,dit_adaln_norm1,837500.0,2098112.0625,1260612.0625,1165838.5,94773.5625
high,hierarchical,68,dit_adaln_norm1,850000.0,2123997.0625,1273997.0625,1179223.5,94773.5625
high,hierarchical,69,dit_adaln_norm1,862500.0,2137472.0625,1274972.0625,1180198.5,94773.5625
high,hierarchical,70,dit_adaln_norm1,875000.0,2146239.5625,1271239.5625,1176466.0,94773.5625
high,hierarchical,71,dit_adaln_norm1,887500.0,2163357.0625,1275857.0625,1181083.5,94773.5625
high,hierarchical,72,dit_adaln_norm1,900000.0,2179410.625,1279410.625,1184637.0625,94773.5625
high,hierarchical,73,dit_adaln_norm1,912500.0,2192885.625,1280385.625,1185612.0625,94773.5625
high,hierarchical,74,dit_adaln_norm1,925000.0,2218770.625,1293770.625,1198997.0625,94773.5625
high,hierarchical,75,dit_adaln_norm1,937500.0,2232245.625,1294745.625,1199972.0625,94773.5625
high,hierarchical,76,dit_adaln_norm1,950000.0,2241013.125,1291013.125,1196239.5625,94773.5625
high,hierarchical,77,dit_adaln_norm1,962500.0,2258130.625,1295630.625,1200857.0625,94773.5625
high,hierarchical,78,dit_adaln_norm1,975000.0,2274184.1875,1299184.1875,1204410.625,94773.5625
high,hierarchical,79,dit_adaln_norm1,987500.0,2287659.1875,1300159.1875,1205385.625,94773.5625
high,hierarchical,80,dit_adaln_norm1,1000000.0,2313544.1875,1313544.1875,1218770.625,94773.5625
high,hierarchical,81,dit_adaln_norm1,1012500.0,2327019.1875,1314519.1875,1219745.625,94773.5625
high,hierarchical,82,dit_adaln_norm1,1025000.0,2335786.6875,1310786.6875,1216013.125,94773.5625
high,hierarchical,83,dit_adaln_norm1,1037500.0,2352904.1875,1315404.1875,1220630.625,94773.5625
high,hierarchical,84,dit_adaln_norm1,1050000.0,2368957.75,1318957.75,1224184.1875,94773.5625
high,hierarchical,85,dit_adaln_norm1,1062500.0,2382432.75,1319932.75,1225159.1875,94773.5625
high,hierarchical,86,dit_adaln_norm1,1075000.0,2408317.75,1333317.75,1238544.1875,94773.5625
high,hierarchical,87,dit_adaln_norm1,1087500.0,2421792.75,1334292.75,1239519.1875,94773.5625
high,hierarchical,88,dit_adaln_norm1,1100000.0,2430560.25,1330560.25,1235786.6875,94773.5625
high,hierarchical,89,dit_adaln_norm1,1112500.0,2447677.75,1335177.75,1240404.1875,94773.5625
high,hierarchical,90,dit_adaln_norm1,1125000.0,2463731.3125,1338731.3125,1243957.75,94773.5625
high,hierarchical,91,dit_adaln_norm1,1137500.0,2477206.3125,1339706.3125,1244932.75,94773.5625
high,hierarchical,92,dit_adaln_norm1,1150000.0,2503091.3125,1353091.3125,1258317.75,94773.5625
high,hierarchical,93,dit_adaln_norm1,1162500.0,2516566.3125,1354066.3125,1259292.75,94773.5625
high,hierarchical,94,dit_adaln_norm1,1175000.0,2525333.8125,1350333.8125,1255560.25,94773.5625
high,hierarchical,95,dit_adaln_norm1,1187500.0,2542451.3125,1354951.3125,1260177.75,94773.5625
high,hierarchical,96,dit_adaln_norm1,1200000.0,2558504.875,1358504.875,1263731.3125,94773.5625
high,hierarchical,97,dit_adaln_norm1,1212500.0,2571979.875,1359479.875,1264706.3125,94773.5625
high,hierarchical,98,dit_adaln_norm1,1225000.0,2597864.875,1372864.875,1278091.3125,94773.5625
high,hierarchical,99,dit_adaln_norm1,1237500.0,2611339.875,1373839.875,1279066.3125,94773.5625
high,hierarchical,100,dit_adaln_norm1,1250000.0,2620107.375,1370107.375,1275333.8125,94773.5625
high,hierarchical,101,dit_adaln_norm1,1262500.0,2637224.875,1374724.875,1279951.3125,94773.5625
high,hierarchical,102,dit_adaln_norm1,1275000.0,2653278.4375,1378278.4375,1283504.875,94773.5625
high,hierarchical,103,dit_adaln_norm1,1287500.0,2666753.4375,1379253.4375,1284479.875,94773.5625
high,hierarchical,104,dit_adaln_norm1,1300000.0,2692638.4375,1392638.4375,1297864.875,94773.5625
high,hierarchical,105,dit_adaln_norm1,1312500.0,2706113.4375,1393613.4375,1298839.875,94773.5625
high,hierarchical,106,dit_adaln_norm1,1325000.0,2714880.9375,1389880.9375,1295107.375,94773.5625
high,hierarchical,107,dit_adaln_norm1,1337500.0,2731998.4375,1394498.4375,1299724.875,94773.5625
high,hierarchical,108,dit_adaln_norm1,1350000.0,2748052.0,1398052.0,1303278.4375,94773.5625
high,hierarchical,109,dit_adaln_norm1,1362500.0,2761527.0,1399027.0,1304253.4375,94773.5625
high,hierarchical,110,dit_adaln_norm1,1375000.0,2787412.0,1412412.0,1317638.4375,94773.5625
high,hierarchical,111,dit_adaln_norm1,1387500.0,2800887.0,1413387.0,1318613.4375,94773.5625
high,hierarchical,112,dit_adaln_norm1,1400000.0,2809654.5,1409654.5,1314880.9375,94773.5625
high,hierarchical,113,dit_adaln_norm1,1412500.0,2826772.0,1414272.0,1319498.4375,94773.5625
high,hierarchical,114,dit_adaln_norm1,1425000.0,2842825.5625,1417825.5625,1323052.0,94773.5625
high,hierarchical,115,dit_adaln_norm1,1437500.0,2856300.5625,1418800.5625,1324027.0,94773.5625
high,hierarchical,116,dit_adaln_norm1,1450000.0,2882185.5625,1432185.5625,1337412.0,94773.5625
high,hierarchical,117,dit_adaln_norm1,1462500.0,2895660.5625,1433160.5625,1338387.0,94773.5625
high,hierarchical,118,dit_adaln_norm1,1475000.0,2904428.0625,1429428.0625,1334654.5,94773.5625
high,hierarchical,119,dit_adaln_norm1,1487500.0,2921545.5625,1434045.5625,1339272.0,94773.5625
high,hierarchical,120,dit_adaln_norm1,1500000.0,2937599.125,1437599.125,1342825.5625,94773.5625
high,hierarchical,121,dit_adaln_norm1,1512500.0,2951074.125,1438574.125,1343800.5625,94773.5625
high,hierarchical,122,dit_adaln_norm1,1525000.0,2976959.125,1451959.125,1357185.5625,94773.5625
high,hierarchical,123,dit_adaln_norm1,1537500.0,2990434.125,1452934.125,1358160.5625,94773.5625
high,hierarchical,124,dit_adaln_norm1,1550000.0,2999201.625,1449201.625,1354428.0625,94773.5625
high,hierarchical,125,dit_adaln_norm1,1562500.0,3016319.125,1453819.125,1359045.5625,94773.5625
high,hierarchical,126,dit_adaln_norm1,1575000.0,3032372.6875,1457372.6875,1362599.125,94773.5625
high,hierarchical,127,dit_adaln_norm1,1587500.0,3045847.6875,1458347.6875,1363574.125,94773.5625
high,hierarchical,128,dit_adaln_norm1,1600000.0,3071732.6875,1471732.6875,1376959.125,94773.5625
high,hierarchical,129,dit_adaln_norm1,1612500.0,3085207.6875,1472707.6875,1377934.125,94773.5625
high,hierarchical,130,dit_adaln_norm1,1625000.0,3093975.1875,1468975.1875,1374201.625,94773.5625
high,hierarchical,131,dit_adaln_norm1,1637500.0,3111092.6875,1473592.6875,1378819.125,94773.5625
high,hierarchical,132,dit_adaln_norm1,1650000.0,3127146.25,1477146.25,1382372.6875,94773.5625
high,hierarchical,133,dit_adaln_norm1,1662500.0,3140621.25,1478121.25,1383347.6875,94773.5625
high,hierarchical,134,dit_adaln_norm1,1675000.0,3166506.25,1491506.25,1396732.6875,94773.5625
high,hierarchical,135,dit_adaln_norm1,1687500.0,3179981.25,1492481.25,1397707.6875,94773.5625
high,hierarchical,136,dit_adaln_norm1,1700000.0,3188748.75,1488748.75,1393975.1875,94773.5625
high,hierarchical,137,dit_norm3,1712500.0,3205866.25,1493366.25,1398592.6875,94773.5625
high,hierarchical,138,dit_norm3,1725000.0,3221919.8125,1496919.8125,1402146.25,94773.5625
high,hierarchical,139,dit_norm3,1737500.0,3235394.8125,1497894.8125,1403121.25,94773.5625
high,hierarchical,140,dit_norm3,1750000.0,3261279.8125,1511279.8125,1416506.25,94773.5625
high,hierarchical,141,dit_norm3,1762500.0,3274754.8125,1512254.8125,1417481.25,94773.5625
high,hierarchical,142,dit_norm3,1775000.0,3283522.3125,1508522.3125,1413748.75,94773.5625
high,hierarchical,143,dit_norm3,1787500.0,3300639.8125,1513139.8125,1418366.25,94773.5625
high,hierarchical,144,dit_norm3,1800000.0,3316693.375,1516693.375,1421919.8125,94773.5625
high,hierarchical,145,dit_norm3,1812500.0,3330168.375,1517668.375,1422894.8125,94773.5625
high,hierarchical,146,dit_norm3,1825000.0,3356053.375,1531053.375,1436279.8125,94773.5625
high,hierarchical,147,dit_norm3,1837500.0,3369528.375,1532028.375,1437254.8125,94773.5625
high,hierarchical,148,dit_norm3,1850000.0,3378295.875,1528295.875,1433522.3125,94773.5625
high,hierarchical,149,dit_norm3,1862500.0,3395413.375,1532913.375,1438139.8125,94773.5625
high,hierarchical,150,dit_norm3,1875000.0,3411466.9375,1536466.9375,1441693.375,94773.5625
high,hierarchical,151,dit_norm3,1887500.0,3424941.9375,1537441.9375,1442668.375,94773.5625
high,hierarchical,152,dit_norm3,1900000.0,3450826.9375,1550826.9375,1456053.375,94773.5625
high,hierarchical,153,dit_norm3,1912500.0,3464301.9375,1551801.9375,1457028.375,94773.5625
high,hierarchical,154,dit_norm3,1925000.0,3473069.4375,1548069.4375,1453295.875,94773.5625
high,hierarchical,155,dit_norm3,1937500.0,3490186.9375,1552686.9375,1457913.375,94773.5625
high,hierarchical,156,dit_norm3,1950000.0,3506240.5,1556240.5,1461466.9375,94773.5625
high,hierarchical,157,dit_norm3,1962500.0,3519715.5,1557215.5,1462441.9375,94773.5625
high,hierarchical,158,dit_norm3,1975000.0,3545600.5,1570600.5,1475826.9375,94773.5625
high,hierarchical,159,dit_norm3,1987500.0,3559075.5,1571575.5,1476801.9375,94773.5625
high,hierarchical,160,dit_norm3,2000000.0,3567843.0,1567843.0,1473069.4375,94773.5625
high,hierarchical,161,dit_norm3,2012500.0,3584960.5,1572460.5,1477686.9375,94773.5625
high,hierarchical,162,dit_norm3,2025000.0,3601014.0625,1576014.0625,1481240.5,94773.5625
high,hierarchical,163,dit_norm3,2037500.0,3614489.0625,1576989.0625,1482215.5,94773.5625
high,hierarchical,164,dit_norm3,2050000.0,3640374.0625,1590374.0625,1495600.5,94773.5625
high,hierarchical,165,dit_norm3,2062500.0,3653849.0625,1591349.0625,1496575.5,94773.5625
high,hierarchical,166,dit_norm3,2075000.0,3662616.5625,1587616.5625,1492843.0,94773.5625
high,hierarchical,167,dit_norm3,2087500.0,3679734.0625,1592234.0625,1497460.5,94773.5625
high,hierarchical,168,dit_norm3,2100000.0,3695787.625,1595787.625,1501014.0625,94773.5625
high,hierarchical,169,dit_norm3,2112500.0,3709262.625,1596762.625,1501989.0625,94773.5625
high,hierarchical,170,dit_norm3,2125000.0,3735147.625,1610147.625,1515374.0625,94773.5625
high,hierarchical,171,dit_norm3,2137500.0,3748622.625,1611122.625,1516349.0625,94773.5625
high,hierarchical,172,dit_norm3,2150000.0,3757390.125,1607390.125,1512616.5625,94773.5625
high,hierarchical,173,dit_norm3,2162500.0,3774507.625,1612007.625,1517234.0625,94773.5625
high,hierarchical,174,dit_norm3,2175000.0,3790561.1875,1615561.1875,1520787.625,94773.5625
high,hierarchical,175,dit_norm3,2187500.0,3804036.1875,1616536.1875,1521762.625,94773.5625
high,hierarchical,176,dit_norm3,2200000.0,3829921.1875,1629921.1875,1535147.625,94773.5625
high,hierarchical,177,dit_norm3,2212500.0,3843396.1875,1630896.1875,1536122.625,94773.5625
high,hierarchical,178,dit_norm3,2225000.0,3852163.6875,1627163.6875,1532390.125,94773.5625
high,hierarchical,179,dit_norm3,2237500.0,3869281.1875,1631781.1875,1537007.625,94773.5625
high,hierarchical,180,dit_norm3,2250000.0,3885334.75,1635334.75,1540561.1875,94773.5625
high,hierarchical,181,dit_norm3,2262500.0,3898809.75,1636309.75,1541536.1875,94773.5625
high,hierarchical,182,dit_norm3,2275000.0,3924694.75,1649694.75,1554921.1875,94773.5625
high,hierarchical,183,dit_norm3,2287500.0,3938169.75,1650669.75,1555896.1875,94773.5625
high,hierarchical,184,dit_norm3,2300000.0,3946937.25,1646937.25,1552163.6875,94773.5625
high,hierarchical,185,dit_norm3,2312500.0,3964054.75,1651554.75,1556781.1875,94773.5625
high,hierarchical,186,dit_norm3,2325000.0,3980108.3125,1655108.3125,1560334.75,94773.5625
high,hierarchical,187,dit_norm3,2337500.0,3993583.3125,1656083.3125,1561309.75,94773.5625
high,hierarchical,188,dit_norm3,2350000.0,4019468.3125,1669468.3125,1574694.75,94773.5625
high,hierarchical,189,dit_norm3,2362500.0,4032943.3125,1670443.3125,1575669.75,94773.5625
high,hierarchical,190,dit_norm3,2375000.0,4041710.8125,1666710.8125,1571937.25,94773.5625
high,hierarchical,191,dit_norm3,2387500.0,4058828.3125,1671328.3125,1576554.75,94773.5625
high,hierarchical,192,dit_norm3,2400000.0,4074881.875,1674881.875,1580108.3125,94773.5625
high,hierarchical,193,dit_norm3,2412500.0,4088356.875,1675856.875,1581083.3125,94773.5625
high,hierarchical,194,dit_norm3,2425000.0,4114241.875,1689241.875,1594468.3125,94773.5625
high,hierarchical,195,dit_norm3,2437500.0,4127716.875,1690216.875,1595443.3125,94773.5625
high,hierarchical,196,dit_norm3,2450000.0,4136484.375,1686484.375,1591710.8125,94773.5625
high,hierarchical,197,dit_norm3,2462500.0,4153601.875,1691101.875,1596328.3125,94773.5625
high,hierarchical,198,dit_norm3,2475000.0,4169655.4375,1694655.4375,1599881.875,94773.5625
high,hierarchical,199,dit_norm3,2487500.0,4183130.4375,1695630.4375,1600856.875,94773.5625
high,hierarchical,200,dit_norm3,2500000.0,4209015.4375,1709015.4375,1614241.875,94773.5625
high,hierarchical,201,dit_norm3,2512500.0,4222490.4375,1709990.4375,1615216.875,94773.5625
high,hierarchical,202,dit_norm3,2525000.0,4231257.9375,1706257.9375,1611484.375,94773.5625
high,hierarchical,203,dit_norm3,2537500.0,4248375.4375,1710875.4375,1616101.875,94773.5625
high,hierarchical,204,dit_norm3,2550000.0,4264429.0,1714429.0,1619655.4375,94773.5625
high,hierarchical,205,dit_norm3,2562500.0,4277904.0,1715404.0,1620630.4375,94773.5625
high,hierarchical,206,dit_norm3,2575000.0,4303789.0,1728789.0,1634015.4375,94773.5625
high,hierarchical,207,dit_norm3,2587500.0,4317264.0,1729764.0,1634990.4375,94773.5625
high,hierarchical,208,dit_norm3,2600000.0,4326031.5,1726031.5,1631257.9375,94773.5625
high,hierarchical,209,dit_norm3,2612500.0,4343149.0,1730649.0,1635875.4375,94773.5625
high,hierarchical,210,dit_norm3,2625000.0,4359202.5625,1734202.5625,1639429.0,94773.5625
high,hierarchical,211,dit_norm3,2637500.0,4372677.5625,1735177.5625,1640404.0,94773.5625
high,hierarchical,212,dit_norm3,2650000.0,4398562.5625,1748562.5625,1653789.0,94773.5625
high,hierarchical,213,dit_norm3,2662500.0,4412037.5625,1749537.5625,1654764.0,94773.5625
high,hierarchical,214,dit_norm3,2675000.0,4420805.0625,1745805.0625,1651031.5,94773.5625
high,hierarchical,215,dit_norm3,2687500.0,4437922.5625,1750422.5625,1655649.0,94773.5625
high,hierarchical,216,dit_norm3,2700000.0,4453976.125,1753976.125,1659202.5625,94773.5625
high,hierarchical,217,dit_norm3,2712500.0,4467451.125,1754951.125,1660177.5625,94773.5625
high,hierarchical,218,dit_norm3,2725000.0,4493336.125,1768336.125,1673562.5625,94773.5625
high,hierarchical,219,dit_norm3,2737500.0,4506811.125,1769311.125,1674537.5625,94773.5625
high,hierarchical,220,dit_norm3,2750000.0,4515578.625,1765578.625,1670805.0625,94773.5625
high,hierarchical,221,dit_norm3,2762500.0,4532696.125,1770196.125,1675422.5625,94773.5625
high,hierarchical,222,dit_norm3,2775000.0,4548749.6875,1773749.6875,1678976.125,94773.5625
high,hierarchical,223,dit_norm3,2787500.0,4562224.6875,1774724.6875,1679951.125,94773.5625
high,hierarchical,224,dit_norm3,2800000.0,4588109.6875,1788109.6875,1693336.125,94773.5625
high,hierarchical,225,dit_norm3,2812500.0,4601584.6875,1789084.6875,1694311.125,94773.5625
high,hierarchical,226,dit_norm3,2825000.0,4610352.1875,1785352.1875,1690578.625,94773.5625
high,hierarchical,227,dit_norm3,2837500.0,4627469.6875,1789969.6875,1695196.125,94773.5625
high,hierarchical,228,dit_norm3,2850000.0,4643523.25,1793523.25,1698749.6875,94773.5625
high,hierarchical,229,dit_norm3,2862500.0,4656998.25,1794498.25,1699724.6875,94773.5625
high,hierarchical,230,dit_norm3,2875000.0,4682883.25,1807883.25,1713109.6875,94773.5625
high,hierarchical,231,dit_norm3,2887500.0,4696358.25,1808858.25,1714084.6875,94773.5625
high,hierarchical,232,dit_norm3,2900000.0,4705125.75,1805125.75,1710352.1875,94773.5625
high,hierarchical,233,dit_norm3,2912500.0,4722243.25,1809743.25,1714969.6875,94773.5625
high,hierarchical,234,dit_norm3,2925000.0,4738296.8125,1813296.8125,1718523.25,94773.5625
high,hierarchical,235,dit_norm3,2937500.0,4751771.8125,1814271.8125,1719498.25,94773.5625
high,hierarchical,236,dit_norm3,2950000.0,4777656.8125,1827656.8125,1732883.25,94773.5625
high,hierarchical,237,dit_norm3,2962500.0,4791131.8125,1828631.8125,1733858.25,94773.5625
high,hierarchical,238,dit_norm3,2975000.0,4799899.3125,1824899.3125,1730125.75,94773.5625
high,hierarchical,239,dit_norm3,2987500.0,4817016.8125,1829516.8125,1734743.25,94773.5625
high,hierarchical,240,dit_norm3,3000000.0,4833070.375,1833070.375,1738296.8125,94773.5625
high,hierarchical,241,dit_norm3,3012500.0,4846545.375,1834045.375,1739271.8125,94773.5625
high,hierarchical,242,dit_norm3,3025000.0,4872430.375,1847430.375,1752656.8125,94773.5625
high,hierarchical,243,dit_norm3,3037500.0,4885905.375,1848405.375,1753631.8125,94773.5625
high,hierarchical,244,dit_norm3,3050000.0,4894672.875,1844672.875,1749899.3125,94773.5625
high,hierarchical,245,dit_norm3,3062500.0,4911790.375,1849290.375,1754516.8125,94773.5625
high,hierarchical,246,dit_norm3,3075000.0,4927843.9375,1852843.9375,1758070.375,94773.5625
high,hierarchical,247,dit_norm3,3087500.0,4941318.9375,1853818.9375,1759045.375,94773.5625
high,hierarchical,248,dit_norm3,3100000.0,4967203.9375,1867203.9375,1772430.375,94773.5625
high,hierarchical,249,dit_norm3,3112500.0,4980678.9375,1868178.9375,1773405.375,94773.5625
high,hierarchical,250,dit_norm3,3125000.0,4989446.4375,1864446.4375,1769672.875,94773.5625
high,hierarchical,251,dit_norm3,3137500.0,5006563.9375,1869063.9375,1774290.375,94773.5625
high,hierarchical,252,dit_norm3,3150000.0,5022617.5,1872617.5,1777843.9375,94773.5625
high,hierarchical,253,dit_norm3,3162500.0,5036092.5,1873592.5,1778818.9375,94773.5625
high,hierarchical,254,dit_norm3,3175000.0,5061977.5,1886977.5,1792203.9375,94773.5625
high,hierarchical,255,dit_norm3,3187500.0,5075452.5,1887952.5,1793178.9375,94773.5625
high,hierarchical,256,dit_norm3,3200000.0,5084220.0,1884220.0,1789446.4375,94773.5625
high,hierarchical,257,dit_norm3,3212500.0,5101337.5,1888837.5,1794063.9375,94773.5625
high,hierarchical,258,dit_norm3,3225000.0,5117391.0625,1892391.0625,1797617.5,94773.5625
high,hierarchical,259,dit_norm3,3237500.0,5130866.0625,1893366.0625,1798592.5,94773.5625
high,hierarchical,260,dit_norm3,3250000.0,5156751.0625,1906751.0625,1811977.5,94773.5625
high,hierarchical,261,dit_norm3,3262500.0,5170226.0625,1907726.0625,1812952.5,94773.5625
high,hierarchical,262,dit_norm3,3275000.0,5178993.5625,1903993.5625,1809220.0,94773.5625
high,hierarchical,263,dit_norm3,3287500.0,5196111.0625,1908611.0625,1813837.5,94773.5625
high,hierarchical,264,dit_norm3,3300000.0,5212164.625,1912164.625,1817391.0625,94773.5625
high,hierarchical,265,dit_norm_out,3312500.0,5225639.625,1913139.625,1818366.0625,94773.5625
high,hierarchical,266,dit_norm_out,3325000.0,5251524.625,1926524.625,1831751.0625,94773.5625
high,hierarchical,267,dit_norm_out,3337500.0,5264999.625,1927499.625,1832726.0625,94773.5625
high,hierarchical,268,dit_norm_out,3350000.0,5273767.125,1923767.125,1828993.5625,94773.5625
high,hierarchical,269,qwen_input_post_attention,3362500.0,5697809.8125,2335309.8125,1833611.0625,501698.75
high,hierarchical,270,qwen_input_post_attention,3375000.0,5743758.5625,2368758.5625,1867059.8125,501698.75
high,hierarchical,271,qwen_input_post_attention,3387500.0,5789707.3125,2402207.3125,1900508.5625,501698.75
high,hierarchical,272,qwen_input_post_attention,3400000.0,5835656.0625,2435656.0625,1933957.3125,501698.75
high,hierarchical,273,qwen_input_post_attention,3412500.0,6056209.8125,2643709.8125,2142011.0625,501698.75
high,hierarchical,274,qwen_input_post_attention,3425000.0,6102158.5625,2677158.5625,2175459.8125,501698.75
high,hierarchical,275,qwen_input_post_attention,3437500.0,6199508.5625,2762008.5625,2260309.8125,501698.75
high,hierarchical,276,qwen_input_post_attention,3450000.0,6291406.0625,2841406.0625,2339707.3125,501698.75
high,hierarchical,277,qwen_input_post_attention,3462500.0,6414609.8125,2952109.8125,2450411.0625,501698.75
high,hierarchical,278,qwen_input_post_attention,3475000.0,6557908.5625,3082908.5625,2581209.8125,501698.75
high,hierarchical,279,qwen_input_post_attention,3487500.0,6603857.3125,3116357.3125,2614658.5625,501698.75
high,hierarchical,280,qwen_input_post_attention,3500000.0,6701207.3125,3201207.3125,2699508.5625,501698.75
high,hierarchical,281,qwen_input_post_attention,3512500.0,6793104.8125,3280604.8125,2778906.0625,501698.75
high,hierarchical,282,qwen_input_post_attention,3525000.0,6916308.5625,3391308.5625,2889609.8125,501698.75
high,hierarchical,283,qwen_input_post_attention,3537500.0,7059607.3125,3522107.3125,3020408.5625,501698.75
high,hierarchical,284,qwen_input_post_attention,3550000.0,7105556.0625,3555556.0625,3053857.3125,501698.75
high,hierarchical,285,qwen_input_post_attention,3562500.0,7202906.0625,3640406.0625,3138707.3125,501698.75
high,hierarchical,286,qwen_input_post_attention,3575000.0,7294803.5625,3719803.5625,3218104.8125,501698.75
high,hierarchical,287,qwen_input_post_attention,3587500.0,7418007.3125,3830507.3125,3328808.5625,501698.75
high,hierarchical,288,qwen_input_post_attention,3600000.0,7561306.0625,3961306.0625,3459607.3125,501698.75
high,hierarchical,289,qwen_input_post_attention,3612500.0,7607254.8125,3994754.8125,3493056.0625,501698.75
high,hierarchical,290,qwen_input_post_attention,3625000.0,7704604.8125,4079604.8125,3577906.0625,501698.75
high,hierarchical,291,qwen_input_post_attention,3637500.0,7796502.3125,4159002.3125,3657303.5625,501698.75
high,hierarchical,292,qwen_input_post_attention,3650000.0,7919706.0625,4269706.0625,3768007.3125,501698.75
high,hierarchical,293,qwen_input_post_attention,3662500.0,8063004.8125,4400504.8125,3898806.0625,501698.75
high,hierarchical,294,qwen_input_post_attention,3675000.0,8108953.5625,4433953.5625,3932254.8125,501698.75
high,hierarchical,295,qwen_input_post_attention,3687500.0,8206303.5625,4518803.5625,4017104.8125,501698.75
high,hierarchical,296,qwen_input_post_attention,3700000.0,8298201.0625,4598201.0625,4096502.3125,501698.75
high,hierarchical,297,qwen_input_post_attention,3712500.0,8421404.8125,4708904.8125,4207206.0625,501698.75
high,hierarchical,298,qwen_input_post_attention,3725000.0,8564703.5625,4839703.5625,4338004.8125,501698.75
high,hierarchical,299,qwen_input_post_attention,3737500.0,8610652.3125,4873152.3125,4371453.5625,501698.75
high,hierarchical,300,qwen_input_post_attention,3750000.0,8708002.3125,4958002.3125,4456303.5625,501698.75
high,hierarchical,301,qwen_query_key,3762500.0,10220411.0625,6457911.0625,4535701.0625,1922210.0
high,hierarchical,302,qwen_query_key,3775000.0,11686871.0625,7911871.0625,5989661.0625,1922210.0
high,hierarchical,303,qwen_query_key,3787500.0,13153331.0625,9365831.0625,7443621.0625,1922210.0
high,hierarchical,304,qwen_query_key,3800000.0,14619791.0625,10819791.0625,8897581.0625,1922210.0
high,hierarchical,305,qwen_query_key,3812500.0,16086251.0625,12273751.0625,10351541.0625,1922210.0
high,hierarchical,306,qwen_query_key,3825000.0,17552711.0625,13727711.0625,11805501.0625,1922210.0
high,hierarchical,307,qwen_query_key,3837500.0,19019171.0625,15181671.0625,13259461.0625,1922210.0
high,hierarchical,308,qwen_query_key,3850000.0,20485631.0625,16635631.0625,14713421.0625,1922210.0
high,hierarchical,309,qwen_query_key,3862500.0,21952091.0625,18089591.0625,16167381.0625,1922210.0
high,hierarchical,310,qwen_query_key,3875000.0,23418551.0625,19543551.0625,17621341.0625,1922210.0
high,hierarchical,311,qwen_query_key,3887500.0,24885011.0625,20997511.0625,19075301.0625,1922210.0
high,hierarchical,312,qwen_query_key,3900000.0,26351471.0625,22451471.0625,20529261.0625,1922210.0
high,hierarchical,313,qwen_query_key,3912500.0,27817931.0625,23905431.0625,21983221.0625,1922210.0
high,hierarchical,314,qwen_query_key,3925000.0,29284391.0625,25359391.0625,23437181.0625,1922210.0
high,hierarchical,315,qwen_query_key,3937500.0,30750851.0625,26813351.0625,24891141.0625,1922210.0
high,hierarchical,316,qwen_query_key,3950000.0,32217311.0625,28267311.0625,26345101.0625,1922210.0
high,hierarchical,317,qwen_query_key,3962500.0,33683771.0625,29721271.0625,27799061.0625,1922210.0
high,hierarchical,318,qwen_query_key,3975000.0,35150231.0625,31175231.0625,29253021.0625,1922210.0
high,hierarchical,319,qwen_query_key,3987500.0,36616691.0625,32629191.0625,30706981.0625,1922210.0
high,hierarchical,320,qwen_query_key,4000000.0,38083151.0625,34083151.0625,32160941.0625,1922210.0
high,hierarchical,321,qwen_query_key,4012500.0,39549611.0625,35537111.0625,33614901.0625,1922210.0
high,hierarchical,322,qwen_query_key,4025000.0,41016071.0625,36991071.0625,35068861.0625,1922210.0
high,hierarchical,323,qwen_query_key,4037500.0,42482531.0625,38445031.0625,36522821.0625,1922210.0
high,hierarchical,324,qwen_query_key,4050000.0,43948991.0625,39898991.0625,37976781.0625,1922210.0
high,hierarchical,325,qwen_query_key,4062500.0,45415451.0625,41352951.0625,39430741.0625,1922210.0
high,hierarchical,326,qwen_query_key,4075000.0,46881911.0625,42806911.0625,40884701.0625,1922210.0
high,hierarchical,327,qwen_query_key,4087500.0,48348371.0625,44260871.0625,42338661.0625,1922210.0
high,hierarchical,328,qwen_query_key,4100000.0,49814831.0625,45714831.0625,43792621.0625,1922210.0
high,hierarchical,329,qwen_query_key,4112500.0,51281291.0625,47168791.0625,45246581.0625,1922210.0
high,hierarchical,330,qwen_query_key,4125000.0,52747751.0625,48622751.0625,46700541.0625,1922210.0
high,hierarchical,331,qwen_query_key,4137500.0,54214211.0625,50076711.0625,48154501.0625,1922210.0
high,hierarchical,332,qwen_query_key,4150000.0,55680671.0625,51530671.0625,49608461.0625,1922210.0
