candidate_id,origin,seed,evidence_class,peak_temperature_proxy_C,hotspot_overlap_score,traffic_weighted_manhattan_um,tsv_access_distance_um,tsv_channel_distance_cv,global_route_congestion_proxy,timing_distance_proxy_um,ir_drop_distance_proxy_Wum_per_W,keepout_lost_area_um2,routing_corridor_area_um2,tsv_microbump_count,normalized_cost_proxy_raw,norm_peak_temperature_proxy_C,norm_traffic_weighted_manhattan_um,norm_global_route_congestion_proxy,norm_timing_distance_proxy_um,norm_ir_drop_distance_proxy_Wum_per_W,norm_normalized_cost_proxy_raw,score_cost_first,score_balanced,score_thermal_first,pareto_optimal
cand_005603f567d5,seeded_permutation_jitter,235,modeled,39.31791757868153,1.02071481403647,6730.360867751356,6282.142857142857,0.42504314296168766,2.0315769022940993,6313.260869565216,3521.875,4117748.3229132136,13440000.0,640.0,0.2522283972768203,0.421350957656442,0.5008333721309186,0.31573900348967265,0.2756816643072565,0.6388888888888888,0.48367839562110315,0.4501858106199709,0.43065816224188797,0.4290412393737719,False
cand_007ffcb3fa9f,seeded_permutation_jitter,235,modeled,39.52903341159413,1.1493765547189678,7248.0079265748855,6650.0,0.3559342484071871,2.1851459435032603,6760.217391304347,3779.375,4117748.3229132136,13440000.0,640.0,0.2575584369062648,0.44892491676739543,0.6548815121746824,0.4729796623157984,0.5287745429925526,0.75,0.6431135590461801,0.602356918556867,0.564937696279965,0.5197279539226799,False
cand_00b7c69b440e,seeded_permutation_jitter,235,modeled,41.1095813109542,1.250464736610557,5405.538172715895,6139.285714285715,0.14472051858314203,2.6008877603127103,5917.173913043477,2491.875,4117748.3229132136,13440000.0,640.0,0.2395494811844843,0.6553611776038861,0.10657541474618619,0.8986612753673013,0.051394103526804756,0.19444444444444445,0.1044194782826026,0.2384599292252507,0.3627710503711594,0.49077714540474116,True
cand_011c61db8bbe,seeded_permutation_jitter,235,modeled,39.528504135211946,1.0977126690470562,7165.039632874426,6525.0,0.42504314296168766,2.1851459435032603,6678.695652173912,3779.375,4117748.3229132136,13440000.0,640.0,0.2567287539692602,0.4488557876778368,0.6301907289290316,0.4729796623157984,0.4826121745553025,0.75,0.6182956132430061,0.5816211784157514,0.5493352102223815,0.5113637204649738,False
cand_05eb76bade1b,seeded_permutation_jitter,235,modeled,38.109472612339005,1.136731381300743,6261.243220692532,6721.428571428572,0.14472051858314203,1.939522224002747,6434.782608695651,2749.375,4117748.3229132136,13440000.0,640.0,0.24744516612794074,0.26351527271488867,0.3612272452162578,0.221483428612151,0.34449436819105056,0.3055555555555556,0.3405996770861326,0.32271101005509173,0.30466644386092945,0.2852394436049969,True
cand_06952bb28819,seeded_permutation_jitter,235,modeled,39.117773849707824,0.9911356886186405,7069.712140175219,6917.857142857143,0.18280219604948572,2.2839550978540415,6998.260869565216,3457.5,4117748.3229132136,13440000.0,640.0,0.2558742881966189,0.395210071286638,0.6018219346027904,0.5741512031800019,0.6635686588293221,0.6111111111111112,0.5927363492274775,0.5804900136893091,0.5548464475388489,0.4920676474413474,False
cand_06c7cb4994eb,seeded_permutation_jitter,235,modeled,41.835678249050794,1.376512848760658,7605.715477680435,7107.142857142857,0.14472051858314203,2.483411772468967,7373.043478260868,3586.25,4117748.3229132136,13440000.0,640.0,0.26143377824628594,0.750197112007503,0.7613327746481062,0.7783766035391996,0.8757924539915058,0.6666666666666666,0.7590349635439968,0.7674873482563684,0.7684631027593689,0.7587770096658744,False
cand_06e1b34cd37b,seeded_permutation_jitter,235,modeled,43.33370693467303,1.4361764648124713,8407.707551105548,7196.428571428572,0.3559342484071871,2.5191367692462183,7592.391304347825,4358.75,4117748.3229132136,13440000.0,640.0,0.26948942397731435,0.945855491364981,1.0,0.8149557342388913,1.0,1.0,1.0,0.9760811225603871,0.958707232977079,0.9517160936746287,False
cand_07619300404c,seeded_permutation_jitter,235,modeled,41.274949787219185,1.2617467730348795,6131.1743846474765,6792.857142857143,0.20966676170912643,2.1459487811039533,6507.173913043477,2491.875,4117748.3229132136,13440000.0,640.0,0.24635090432459136,0.6769600484221597,0.322519670375716,0.43284535144654485,0.38548655136332843,0.19444444444444445,0.30786749842032235,0.3615631171119441,0.4221183008096569,0.5212510033162074,False
cand_078a948721d8,seeded_permutation_jitter,235,modeled,38.87371067064937,1.0779241166249165,7188.506466416354,6792.857142857143,0.20966676170912643,1.9093250741944376,6835.217391304347,3779.375,4117748.3229132136,13440000.0,640.0,0.2566876014353706,0.3633328405408361,0.6371742942719246,0.19056430784963546,0.5712439219548225,0.75,0.6170646353474953,0.5541225688490659,0.500098998762387,0.4455845464724729,False
cand_08d80933aa61,seeded_permutation_jitter,235,modeled,41.42475388607181,1.2858191364952412,7497.5385899040475,6917.857142857143,0.3559342484071871,2.324623135417401,6954.782608695651,3779.375,4117748.3229132136,13440000.0,640.0,0.26019322073147055,0.6965260470468375,0.7291400903207788,0.6157915557489729,0.6389487289961223,0.75,0.7219267047197726,0.7029609990871963,0.6914595782455953,0.6925736986183368,False
cand_0b6d3740a2e5,seeded_permutation_jitter,235,modeled,43.237565768471924,1.4328214830087007,5891.061743846475,6917.857142857143,0.14472051858314203,2.4624423816210843,6582.391304347825,2170.0,4117748.3229132136,13440000.0,640.0,0.24426627151709848,0.9332984389206661,0.2510638297872342,0.7569058643450105,0.4280790299747645,0.05555555555555555,0.24551078150065037,0.3750210763202322,0.5036672826162327,0.6747501084476555,False
cand_0bf71991be66,seeded_permutation_jitter,235,modeled,40.35538879703899,1.2027605671268309,6548.988318731748,6596.428571428572,0.18280219604948572,2.0986180118731843,6527.608695652173,2942.5,4117748.3229132136,13440000.0,640.0,0.2504817128962033,0.5568556640496528,0.44685817154740304,0.3843829707609938,0.39705791838493265,0.3888888888888889,0.43143058340273116,0.4360181171974784,0.4494051600930813,0.4895609393556675,False
cand_0c1015ab330d,seeded_permutation_jitter,235,modeled,39.95131256479389,1.204598827336292,6363.245723821444,6792.857142857143,0.18280219604948572,1.9493142959701053,6573.91304347826,2749.375,4117748.3229132136,13440000.0,640.0,0.2484749832311972,0.5040790373423257,0.39158247590669976,0.23150961510974835,0.4232781436572906,0.3055555555555556,0.371404149392232,0.3756039034708352,0.3888205962963676,0.43100625703082024,False
cand_0d64ae49e92a,seeded_permutation_jitter,235,modeled,39.403889206230566,1.102430923633843,6938.078848560701,6910.714285714285,0.14472051858314203,1.9122914767737766,6989.347826086955,3135.625,4117748.3229132136,13440000.0,640.0,0.25418629165939344,0.4325797608685661,0.562648788739389,0.19360163290061036,0.6585215732135161,0.4722222222222222,0.5422440410114591,0.5076007466260183,0.4770520072560793,0.4537304922358581,False
cand_0da3e73b0a73,seeded_permutation_jitter,235,modeled,43.42426241396156,1.4415723531610698,7582.978723404256,6525.0,0.3559342484071871,2.607615086950112,6763.91304347826,3972.5,4117748.3229132136,13440000.0,640.0,0.26133061401800534,0.9576829940620827,0.7545664757825477,0.9055494428278434,0.5308672370283746,0.8333333333333334,0.755949056732971,0.7722361337923644,0.802522237493742,0.866954748468004,False
cand_0e652f9a6705,seeded_permutation_jitter,235,modeled,42.22335704027088,1.3838218078027946,7134.115561118065,6532.142857142857,0.45056048792812275,2.2516216836493057,6466.304347826086,3843.75,4117748.3229132136,13440000.0,640.0,0.25648598899184255,0.8008320596085777,0.6209879417105082,0.541044742974093,0.3623438173201206,0.7777777777777778,0.61103388977764,0.6079760870245642,0.6293467485328018,0.7012247552518498,False
cand_0f7ddcf84713,seeded_permutation_jitter,235,modeled,38.986863107090414,1.1041594786247324,5735.2002503128915,6650.0,0.18280219604948572,2.124888388150051,6497.173913043477,2427.5,4117748.3229132136,13440000.0,640.0,0.2423701025882916,0.3781117446745764,0.20468054068314806,0.4112814344152576,0.37982396750169245,0.16666666666666666,0.18879150283416446,0.2503528805120404,0.29911524668460754,0.3336462956394018,True
cand_13e798685e61,seeded_permutation_jitter,235,modeled,38.17461506440345,1.0082209742444048,6677.492699207342,6650.0,0.3559342484071871,2.0205537859995264,6579.130434782608,3200.0,4117748.3229132136,13440000.0,640.0,0.25168869247508563,0.2720235654603022,0.4851001753650853,0.30445234014380396,0.4262325352372747,0.5,0.46753443999448596,0.43180309038614384,0.3947588237444273,0.34456818807750694,False
cand_146d6e9add5b,seeded_permutation_jitter,235,modeled,38.58882740294884,1.0627724351410133,6997.580308719233,6935.714285714285,0.45056048792812275,1.9388912090613921,6837.826086956521,3200.0,4117748.3229132136,13440000.0,640.0,0.25480790599326636,0.32612407478132277,0.5803560066421467,0.22083732699996064,0.5727211177448146,0.5,0.5608381209430428,0.5044407134204532,0.45076170487693273,0.3948015923155719,False
cand_14de61a5825d,seeded_permutation_jitter,235,modeled,38.971478654254526,1.010527548043775,6153.765123070505,6810.714285714285,0.18280219604948572,2.0148487811039537,6569.782608695651,2749.375,4117748.3229132136,13440000.0,640.0,0.24644571170882165,0.37610237253233253,0.32924251594580767,0.29861093668564,0.42093925032313645,0.3055555555555556,0.31070343058021804,0.32958112641386883,0.3449676945161494,0.35782630227280776,True
cand_1540702bc092,seeded_permutation_jitter,235,modeled,38.258044505117375,1.0309391911216865,6769.409678765123,7053.571428571428,0.20966676170912643,2.1525110105827236,7029.782608695651,3135.625,4117748.3229132136,13440000.0,640.0,0.2527398194952466,0.2829203322027946,0.5124540248614928,0.43956447450992775,0.6814181079583922,0.4722222222222222,0.49897634660135,0.4903576796081215,0.46343694960566995,0.3911208829968081,False
cand_16075100148d,seeded_permutation_jitter,235,modeled,40.38716233589963,1.2218200256450242,7725.615352523989,6667.857142857143,0.42504314296168766,2.1979053286811805,7028.695652173912,4230.0,4117748.3229132136,13440000.0,640.0,0.2623472705509337,0.5610056240468091,0.797014137840061,0.48604410626749245,0.6808026097125623,0.9444444444444444,0.7863598626075045,0.7327395082046699,0.6870796648122928,0.6387016161825763,False
cand_18dd4f85d624,seeded_permutation_jitter,235,modeled,38.18833395015532,1.1150437868231935,7077.450980392157,6792.857142857143,0.42504314296168766,2.1658953159078917,6954.347826086955,3650.625,4117748.3229132136,13440000.0,640.0,0.2558336168168421,0.27381539693760565,0.6041249592625357,0.4532687795618363,0.6387025296977901,0.6944444444444444,0.5915197638862321,0.5576795186744419,0.5112469465032317,0.4192285278066554,False
cand_1ac37bdc8ce7,seeded_permutation_jitter,235,modeled,38.408758576154725,1.0925590256693485,6815.832290362954,6650.0,0.3559342484071871,1.9323770581007906,6716.956521739129,3457.5,4117748.3229132136,13440000.0,640.0,0.252983911658743,0.30260518281250565,0.5262690690131449,0.21416743194381624,0.5042777128085183,0.6111111111111112,0.5062777696081967,0.46473983346810965,0.42572465777094615,0.37732927151494705,False
cand_1ac72cab7616,seeded_permutation_jitter,235,modeled,39.464072456177384,1.0104560037649801,6929.620358781811,6550.0,0.42504314296168766,2.223688935396178,6592.608695652173,3521.875,4117748.3229132136,13440000.0,640.0,0.2544131042202269,0.4404403294024518,0.5601316014091284,0.5124441623911616,0.4338647134855666,0.6388888888888888,0.5490285867592195,0.5291533985633414,0.5103259109167196,0.4842265471267841,False
cand_1ad609767daa,seeded_permutation_jitter,235,modeled,39.30578610076015,1.0958807711346792,6007.175636211932,6532.142857142857,0.20966676170912643,2.472006027778847,6239.999999999999,2813.75,4117748.3229132136,13440000.0,640.0,0.24543697408691081,0.41976645841948507,0.28561851110386915,0.7666981636964039,0.23419708253831473,0.3333333333333333,0.28052949965596724,0.341840363625651,0.38761236204258126,0.40688273618070725,False
cand_1b73d582e1d2,seeded_permutation_jitter,235,modeled,39.042009553998334,1.1669106722460147,6808.416770963705,6810.714285714285,0.14472051858314203,2.153082119443252,6761.956521739129,3200.0,4117748.3229132136,13440000.0,640.0,0.253130461526093,0.3853144534964338,0.5240622623647906,0.44014923777200105,0.5297593401858802,0.5,0.5106614522213221,0.49446236861081116,0.473226570373947,0.43685310606637184,False
cand_1db1eaed1e41,seeded_permutation_jitter,235,modeled,37.89182318357261,0.9567539926086186,6323.863162286191,6721.428571428572,0.45056048792812275,1.9647188527496846,6543.91304347826,2942.5,4117748.3229132136,13440000.0,640.0,0.24809656217262424,0.2350879569303283,0.3798625013579156,0.24728247295839795,0.40629039207238266,0.3888888888888889,0.36008460441478496,0.34533220405163517,0.32568199880988896,0.2895350320601784,True
cand_1eed6de132f3,seeded_permutation_jitter,235,modeled,38.55863640034566,1.1597007171650202,7177.0129328327075,6917.857142857143,0.3559342484071871,1.9437674493138224,6988.695652173912,3457.5,4117748.3229132136,13440000.0,640.0,0.25660710847465357,0.322180810745587,0.6337538991573165,0.22583015122969785,0.6581522742660183,0.6111111111111112,0.6146568843289858,0.5535634062177763,0.49320299010267643,0.42081703370293655,False
cand_20dc9ba16997,seeded_permutation_jitter,235,modeled,37.00623832061796,0.9473346368303668,6315.477680433876,6917.857142857143,0.14472051858314203,2.072543142591013,6729.565217391303,2749.375,4117748.3229132136,13440000.0,640.0,0.2481205316439424,0.11942121387510492,0.3773670406753886,0.3576846883959336,0.5114174924601463,0.3055555555555556,0.3608015928130912,0.35113596975875017,0.3203698332097851,0.2389242249806647,True
cand_22085eab2119,seeded_permutation_jitter,235,modeled,39.6879229698853,1.2918559486076093,7086.003337505215,6792.857142857143,0.14472051858314203,1.9507949765718648,6828.260869565216,3200.0,4117748.3229132136,13440000.0,640.0,0.25570404004863667,0.4696775724210908,0.6066700808541678,0.23302569668125878,0.5673047331815102,0.5,0.5876437902253991,0.5368232074692108,0.49694954228933147,0.47840490541456365,False
cand_220c97f71807,seeded_permutation_jitter,235,modeled,41.203350164290896,1.1454271997246925,7288.391739674594,6525.0,0.42504314296168766,2.0550754702185983,6778.043478260868,3650.625,4117748.3229132136,13440000.0,640.0,0.2578322045639772,0.6676083809145802,0.6668994521780967,0.33979938879146143,0.5388687142241642,0.6944444444444444,0.6513026522391756,0.615036114561545,0.599222043396929,0.6237509420787946,False
cand_22231b3f4b70,seeded_permutation_jitter,235,modeled,40.35499556788349,1.1842314239280474,6503.671255736337,6721.428571428572,0.20966676170912643,2.0986180118731843,6574.347826086955,2942.5,4117748.3229132136,13440000.0,640.0,0.2500285422662492,0.5568043041658138,0.43337213091857174,0.3843829707609938,0.4235243429556223,0.3888888888888889,0.4178750869206711,0.42985896933080875,0.44863175120964977,0.49015295498963884,False
cand_2246a7c7f4d9,seeded_permutation_jitter,235,modeled,42.79731334360919,1.3669367034132165,7878.097622027535,6667.857142857143,0.45056048792812275,2.4517356577718803,7050.434782608694,4230.0,4117748.3229132136,13440000.0,640.0,0.26412592357505993,0.8757968191028435,0.8423917935347708,0.745943157938416,0.693112574629162,0.9444444444444444,0.8395639389921346,0.8248482159155472,0.8236649586610664,0.8462556445108499,False
cand_236d1657c640,seeded_permutation_jitter,235,modeled,38.258044505117375,1.0309391911216865,6769.409678765123,7053.571428571428,0.20966676170912643,2.1525110105827236,7029.782608695651,3135.625,4117748.3229132136,13440000.0,640.0,0.2527398194952466,0.2829203322027946,0.5124540248614928,0.43956447450992775,0.6814181079583922,0.4722222222222222,0.49897634660135,0.4903576796081215,0.46343694960566995,0.3911208829968081,False
cand_242a6e2a5a1a,seeded_permutation_jitter,235,modeled,43.28570621750142,1.4444441568755078,7622.100542344598,6667.857142857143,0.45056048792812275,2.5154005528527206,6925.434782608694,4230.0,4117748.3229132136,13440000.0,640.0,0.26162961767331133,0.9395860903715728,0.766208855160855,0.8111301902190494,0.6223302763587121,0.9444444444444444,0.7648930233753681,0.781904717878968,0.8123357615624781,0.8694283774914396,False
cand_2524a8a3ce77,seeded_permutation_jitter,235,modeled,36.6562723444817,0.9996984815693243,6611.410095953275,6264.285714285715,0.45056048792812275,1.8624690819660397,6301.304347826086,3521.875,4117748.3229132136,13440000.0,640.0,0.25086978173851143,0.07371195851953301,0.4654344553594986,0.1425880554101196,0.2689111836031267,0.6388888888888888,0.4430387183501303,0.3718000916767123,0.30358446319517834,0.21427577142941306,True
cand_26bcee71d0cb,seeded_permutation_jitter,235,modeled,41.67308576178072,1.297736667461239,6977.972465581978,6667.857142857143,0.20966676170912643,2.36185603394676,6622.608695652173,3521.875,4117748.3229132136,13440000.0,640.0,0.25503479238677923,0.7289608146920413,0.5745208498223073,0.6539146399895576,0.45085246507047455,0.6388888888888888,0.5676248752157161,0.5853078015008559,0.611892059567723,0.6611273762185315,False
cand_27060a1eee7a,seeded_permutation_jitter,235,modeled,42.15980993837981,1.3266702725730972,7631.862745098039,7053.571428571428,0.20966676170912643,2.3755383061233655,7190.217391304347,3908.125,4117748.3229132136,13440000.0,640.0,0.2615873774541164,0.7925321364574348,0.7691140183434985,0.6679240358570332,0.7722656490429003,0.8055555555555556,0.7636295100211243,0.7607318176756015,0.7630842725767727,0.7755600764325441,False
cand_295a299e9e2a,seeded_permutation_jitter,235,modeled,43.32807861267977,1.4312397954569194,7628.160200250313,6667.857142857143,0.3559342484071871,2.548276420662341,6875.652173913042,3972.5,4117748.3229132136,13440000.0,640.0,0.26172309012017814,0.9451203730256106,0.7680121669227309,0.8447920733249326,0.5941404566996982,0.8333333333333334,0.7676890241329656,0.7791182940765833,0.8042090930979217,0.8622284593988037,False
cand_29d27df5c628,seeded_permutation_jitter,235,modeled,41.91235486158592,1.268988406743228,7602.242386316229,6650.0,0.42504314296168766,2.466428857309515,6785.434782608694,3972.5,4117748.3229132136,13440000.0,640.0,0.26138206441748446,0.7602118880176247,0.7602992069773581,0.7609876510040118,0.5430541022958081,0.8333333333333334,0.7574880702149579,0.7408809469524937,0.7346756202604279,0.7457583712814927,False
cand_29e30cceedbc,seeded_permutation_jitter,235,modeled,39.99204853072172,1.244877183201274,6849.217772215269,6792.857142857143,0.14472051858314203,2.2178777167414143,6732.391304347825,3200.0,4117748.3229132136,13440000.0,640.0,0.25360326713590675,0.5093995850404427,0.5362043546409673,0.5064940057537104,0.5130177878993044,0.5,0.5248042813388626,0.5207239317349222,0.5162381784370857,0.5119816006685849,False
cand_2a39a451a034,seeded_permutation_jitter,235,modeled,39.8267499417672,1.3139242683683652,7010.63829787234,6667.857142857143,0.45056048792812275,2.2756536302102224,6804.782608695651,3393.125,4117748.3229132136,13440000.0,640.0,0.2552752483059463,0.4878098422435713,0.5842419727796143,0.5656512592377848,0.5540099710715823,0.5833333333333334,0.5748175288232318,0.5649588342505185,0.5513060023200389,0.5257599433173574,False
cand_2c7999e41b84,seeded_permutation_jitter,235,modeled,39.13008647439115,1.100795985328593,6121.912807676263,6210.714285714285,0.20966676170912643,1.9056211301912078,6084.999999999999,3071.25,4117748.3229132136,13440000.0,640.0,0.2460179609039665,0.3968182302052875,0.3197634899203876,0.18677180780706704,0.14642703268295681,0.4444444444444444,0.2979083062999886,0.2921426059298058,0.30226777199834565,0.3428861194133932,True
cand_2e42f7d16f89,seeded_permutation_jitter,235,modeled,41.25281225393667,1.1879034008539786,5874.59324155194,6917.857142857143,0.18280219604948572,2.5609496071203988,6698.260869565216,2427.5,4117748.3229132136,13440000.0,640.0,0.24420009371965243,0.674068652598701,0.24616291881993277,0.8577682576678252,0.4936911429802423,0.16666666666666666,0.2435312337515799,0.36957619335679004,0.4736650087402755,0.5593432192303313,False
cand_2e97f92baa1b,seeded_permutation_jitter,235,modeled,41.4245435500268,1.273924013748595,7453.57738840217,6792.857142857143,0.45056048792812275,2.324623135417401,6929.782608695651,3779.375,4117748.3229132136,13440000.0,640.0,0.25975360871645176,0.6964985749362678,0.7160575445784257,0.6157915557489729,0.6247922693420322,0.75,0.7087767812049536,0.693005262291968,0.6847402435941459,0.6891771922421382,False
cand_2f8b2c1bf304,seeded_permutation_jitter,235,modeled,40.876992154813294,1.1833670432927241,5686.441385064664,6721.428571428572,0.20966676170912643,2.368856270099069,6485.217391304347,2427.5,4117748.3229132136,13440000.0,640.0,0.24212648181775834,0.6249825755227452,0.19017024380402572,0.6610822418438164,0.3730534867975627,0.16666666666666666,0.18150418040054794,0.2935227905206236,0.39329234566444715,0.4919128894687444,False
cand_3016fcd651e5,seeded_permutation_jitter,235,modeled,40.622399693196705,1.1760241719154272,6612.108886107635,6210.714285714285,0.42504314296168766,2.0920415169067894,6264.130434782608,3521.875,4117748.3229132136,13440000.0,640.0,0.25110634207499577,0.5917301091884026,0.46564241041637594,0.37764924114244264,0.24786114359574088,0.6388888888888888,0.4501148450826444,0.4485722779408816,0.4662936827423889,0.5209614707120985,False
cand_3027400949e4,seeded_permutation_jitter,235,modeled,37.0466848184514,0.9689564216187776,6138.245723821444,6810.714285714285,0.20966676170912643,1.961752359067572,6646.304347826086,2620.625,4117748.3229132136,13440000.0,640.0,0.24623742129429466,0.12470395398063908,0.3246240513990411,0.2442450546265116,0.46427032682956854,0.25,0.3044729297605741,0.29675200613381514,0.2730490454574661,0.21212476446289233,True
cand_3156513cc000,seeded_permutation_jitter,235,modeled,41.10954760833583,1.1994838476998997,5470.129328327076,6335.714285714285,0.20966676170912643,2.5884600678564174,6076.086956521738,2491.875,4117748.3229132136,13440000.0,640.0,0.24018296504813982,0.6553567756857165,0.1257972903766472,0.8859364544390099,0.14137994706715074,0.19444444444444445,0.12336860630992913,0.25854343665287155,0.3810458476136165,0.5013704705753658,True
cand_346e8c027488,seeded_permutation_jitter,235,modeled,38.186188344801664,1.0927277084021243,6668.825615352524,6792.857142857143,0.42504314296168766,2.0415333964885694,6671.086956521738,2942.5,4117748.3229132136,13440000.0,640.0,0.25162300124702647,0.2735351582010141,0.48252091189844365,0.32593354331625574,0.4783036868344924,0.3888888888888889,0.46556944678442647,0.43238454345660043,0.39424786235910736,0.3412875124435871,False
cand_351db796d55b,seeded_permutation_jitter,235,modeled,41.81293168436327,1.2495053859210645,7050.99082186066,6210.714285714285,0.45056048792812275,1.9817903999128261,6281.521739130434,3843.75,4117748.3229132136,13440000.0,640.0,0.25538491031553207,0.7472261702455553,0.5962506013625715,0.2647621765625741,0.2577091155290208,0.7777777777777778,0.5780978009478979,0.5443451258009386,0.5489198045676048,0.6295292508056449,False
cand_35c402e1b606,seeded_permutation_jitter,235,modeled,40.735005158089834,1.2006150871621817,7671.005423445975,6739.285714285715,0.3559342484071871,2.3862806398989806,6900.86956521739,3972.5,4117748.3229132136,13440000.0,640.0,0.2619895465713714,0.6064375730569156,0.7807626053354443,0.6789232035727922,0.6084200160029543,0.8333333333333334,0.7756594203767349,0.7359888469186169,0.7005456436575233,0.6624675520245928,False
cand_37aefd8739e5,seeded_permutation_jitter,235,modeled,42.53224367108318,1.3485858265165358,5586.389236545682,6139.285714285715,0.3559342484071871,2.3453192838939296,5956.304347826086,2491.875,4117748.3229132136,13440000.0,640.0,0.2411024233463634,0.8411759182876404,0.1603954249887488,0.6369825197348737,0.07355204037668489,0.19444444444444445,0.15087196355140162,0.26438856558615526,0.3910284875635483,0.5767277961902476,True
cand_387dce4a14d4,seeded_permutation_jitter,235,modeled,40.536417019749805,1.1392292719690378,6413.224864413851,7321.428571428572,0.20966676170912643,2.4591962400682483,7206.521739130434,2556.25,4117748.3229132136,13440000.0,640.0,0.24948465658121938,0.5804998632652708,0.4064559181836524,0.7535821121590761,0.7814981227303504,0.2222222222222222,0.4016060703455863,0.4844405438269219,0.5391413174605223,0.5557310658427085,False
cand_38da36c57150,seeded_permutation_jitter,235,modeled,41.9117366798619,1.2080812730344483,7859.908218606592,6917.857142857143,0.3559342484071871,2.466428857309515,7064.782608695651,3972.5,4117748.3229132136,13440000.0,640.0,0.2639587227403881,0.7601311469507612,0.8369787544423236,0.7609876510040118,0.7012371514741182,0.8333333333333334,0.8345625329512779,0.8067303412515433,0.7852799712738996,0.7730539464958612,False
cand_3952ee0dee01,seeded_permutation_jitter,235,modeled,38.088785098849314,1.0393066572793939,6078.754693366709,6407.142857142857,0.3559342484071871,2.301596745918044,6301.956521739129,2942.5,4117748.3229132136,13440000.0,640.0,0.24598235537659777,0.2608132648019711,0.3069199373031025,0.5922146379877002,0.2692804825506245,0.3888888888888889,0.2968432536044122,0.3261349003761455,0.3392269486714127,0.31401985299433627,False
cand_39f03ec4f02b,seeded_permutation_jitter,235,modeled,40.23387017045001,1.1513437504196686,7075.093867334168,7107.142857142857,0.3559342484071871,2.0773730977771225,7194.347826086955,3328.75,4117748.3229132136,13440000.0,640.0,0.25572152346813143,0.5409840470583731,0.6034234989214273,0.3626301209491665,0.774604542377054,0.5555555555555556,0.5881667641689655,0.580196555738934,0.5702964812287122,0.5565709358708739,False
cand_3b2a7caaf6e2,seeded_permutation_jitter,235,modeled,38.80055367175146,0.953293162881647,6544.347100542345,6739.285714285715,0.3559342484071871,2.0533886001084785,6589.565217391303,2942.5,4117748.3229132136,13440000.0,640.0,0.25039007130254454,0.3537777632713529,0.44547697751291987,0.3380721880133562,0.43214131839724235,0.3888888888888889,0.42868934816297694,0.41300979212106603,0.3962641533953474,0.3764701744886337,False
cand_3c049cdbd4e4,seeded_permutation_jitter,235,modeled,40.175056011367765,1.2365980274369472,7287.891113892366,6810.714285714285,0.14472051858314203,1.999984693404441,6767.173913043477,3521.875,4117748.3229132136,13440000.0,640.0,0.25777210752934077,0.5333022962616417,0.6667504694507816,0.28339146976497737,0.5327137317658643,0.6388888888888888,0.6495049957103775,0.5916502624964988,0.5504060864306385,0.537965968716473,False
cand_3c3f9581f5b8,seeded_permutation_jitter,235,modeled,41.808592661614185,1.286640836808279,6195.306633291615,6650.0,0.14472051858314203,2.3490217516763163,6629.565217391303,2878.125,4117748.3229132136,13440000.0,640.0,0.24719529978160512,0.7466594480143793,0.341604978506138,0.6407735082622558,0.45479165384378634,0.3611111111111111,0.3331255334526832,0.42008153006986004,0.5054005731497424,0.6071470982528719,False
cand_3c72a27312f3,seeded_permutation_jitter,235,modeled,39.48000963169567,1.2517458571214555,6934.845640383814,6596.428571428572,0.14472051858314203,1.9500024742162316,6634.565217391303,3200.0,4117748.3229132136,13440000.0,640.0,0.25419167057506703,0.44252189296887234,0.5616866086254794,0.23221424672012175,0.45762294577460433,0.5,0.5424049381827918,0.4936913689315776,0.4578041145689416,0.44565966815403996,False
cand_3dcc71c5baa3,seeded_permutation_jitter,235,modeled,40.40733773467189,1.2833766627695484,6453.98414685023,6917.857142857143,0.14472051858314203,2.165872671142245,6658.695652173912,2749.375,4117748.3229132136,13440000.0,640.0,0.2495989258366572,0.5636407443649701,0.41858559523255295,0.4532455933920119,0.4712870068320305,0.3055555555555556,0.4050241570169396,0.42939503003003177,0.454616374279456,0.4951209923527957,False
cand_3e30b09a3d98,seeded_permutation_jitter,235,modeled,38.59034553177872,1.0552600986508018,6147.048393825616,6282.142857142857,0.42504314296168766,1.9059937868969108,6078.478260869564,3071.25,4117748.3229132136,13440000.0,640.0,0.2462696894221657,0.3263223584519642,0.3272436643543308,0.1871533742052117,0.1427340432079767,0.4444444444444444,0.30543815227263976,0.289648825598207,0.28677260238117586,0.3049067573834087,True
cand_40458099f6af,seeded_permutation_jitter,235,modeled,38.41634208166717,1.137395431308221,6453.504380475595,6792.857142857143,0.14472051858314203,1.934596723898144,6635.217391304347,2942.5,4117748.3229132136,13440000.0,640.0,0.24936285222566676,0.30359566878427247,0.41844282011887607,0.2164401667971537,0.4579922447221026,0.3888888888888889,0.397962589492998,0.37899497023912776,0.3593356202605703,0.33505215935870186,False
cand_40b2ecad2b28,seeded_permutation_jitter,235,modeled,39.21307384400173,1.160818327187662,6239.5077179808095,6282.142857142857,0.42504314296168766,2.089897910376966,6166.521739130434,3071.25,4117748.3229132136,13440000.0,640.0,0.24737818678719772,0.40765725778932954,0.35475891180532937,0.37545438402567294,0.19258940112020687,0.4444444444444444,0.33859615312010555,0.34230423984659536,0.3533065319927405,0.3778660135797019,False
cand_40d1fe3576c0,seeded_permutation_jitter,235,modeled,36.31371972582692,0.9467620215429438,6750.093867334168,6650.0,0.14472051858314203,1.759801534526855,6653.695652173912,3457.5,4117748.3229132136,13440000.0,640.0,0.2521539519048812,0.028970966004550142,0.506705774632587,0.03746587275995602,0.4684557149012125,0.6111111111111112,0.4814515435024477,0.4007764488682393,0.31780097721330847,0.20238045581811165,True
cand_40da1b5d8a9f,seeded_permutation_jitter,235,modeled,37.072758576666125,1.0500120637347778,7275.750938673342,6792.857142857143,0.18280219604948572,1.779999551307938,6810.217391304347,3779.375,4117748.3229132136,13440000.0,640.0,0.257430720635054,0.12810946238312476,0.6631376383133916,0.05814679542921337,0.5570874623007325,0.75,0.6392932376249201,0.5309516365707758,0.4278340175616894,0.3052620557962984,False
cand_42180a456476,seeded_permutation_jitter,235,modeled,41.67343159457077,1.325532227867525,7078.358364622445,6792.857142857143,0.20966676170912643,2.36185603394676,6736.739130434781,3521.875,4117748.3229132136,13440000.0,640.0,0.2560386513771839,0.7290059841096098,0.6043949904557943,0.6539146399895576,0.5154797808826241,0.6388888888888888,0.5976528737519262,0.6112701703869559,0.6320764772010663,0.6721037649695683,False
cand_43ba5add1f3d,seeded_permutation_jitter,235,modeled,38.986022589329224,1.0712622992284517,5795.275344180225,6792.857142857143,0.18280219604948572,2.124888388150051,6618.91304347826,2427.5,4117748.3229132136,13440000.0,640.0,0.24297085352696496,0.37800196417133636,0.22255846796095413,0.4112814344152576,0.4487597710346526,0.16666666666666666,0.20676150507505497,0.2689021730271286,0.3156992578804363,0.34316578955574084,True
cand_447a86a3e4e9,seeded_permutation_jitter,235,modeled,43.57328616086768,1.4560758451782523,7942.261159783063,6935.714285714285,0.3559342484071871,2.6964968358306973,7192.608695652173,4230.0,4117748.3229132136,13440000.0,640.0,0.26501232013067394,0.9771470704748251,0.8614864130856499,0.9965562280598123,0.7736197451837263,0.9444444444444444,0.8660783346681146,0.8842166558909633,0.9064666408670286,0.938345488571923,False
cand_4488f644e2a6,seeded_permutation_jitter,235,modeled,38.71473997492926,1.0846274893848116,5617.104714226116,6335.714285714285,0.42504314296168766,2.0842333964885693,6024.782608695651,2491.875,4117748.3229132136,13440000.0,640.0,0.24114849223576237,0.34256958748136035,0.169536136070891,0.36965443965714556,0.11232842986397475,0.19444444444444445,0.15225000225669805,0.19373288946145295,0.2341289992956355,0.2806221182312286,True
cand_452b5ba28d11,seeded_permutation_jitter,235,modeled,39.863291381420964,1.2385598993907863,6353.598247809762,6792.857142857143,0.20966676170912643,2.1291847590543336,6544.565217391303,2749.375,4117748.3229132136,13440000.0,640.0,0.2485583789341646,0.49258254047736744,0.3887114545990658,0.4156805254444883,0.40665969101988036,0.3055555555555556,0.3738987288805539,0.39202613610208825,0.410879323396449,0.44127605636847883,False
cand_4545cc6e52f6,seeded_permutation_jitter,235,modeled,40.22653767441509,1.111721766097218,6583.22903629537,6917.857142857143,0.45056048792812275,2.4709452219180417,6779.999999999999,2942.5,4117748.3229132136,13440000.0,640.0,0.2511964472818844,0.5400263455773486,0.4570479693343889,0.7656119954744347,0.5399766110666585,0.3888888888888889,0.4528101230513816,0.49896819658213776,0.529064878588975,0.534807542696548,False
cand_470daa92d61f,seeded_permutation_jitter,235,modeled,40.138314515179076,1.2430909453275438,7126.7939090529835,6792.857142857143,0.3559342484071871,2.2556841150190063,6965.86956521739,3457.5,4117748.3229132136,13440000.0,640.0,0.2564168349025615,0.5285034685299405,0.6188090693235255,0.5452043013068016,0.6452268111035881,0.6111111111111112,0.6089653135019351,0.5997530307990849,0.5869082559951501,0.5631603026510666,False
cand_47f1b95e9a56,seeded_permutation_jitter,235,modeled,37.68486703874109,1.067624965177561,5552.0233625365045,6335.714285714285,0.42504314296168766,2.144655440300065,6007.391304347825,2491.875,4117748.3229132136,13440000.0,640.0,0.24055810076267775,0.2080572970474785,0.1501683815199344,0.43152108870134015,0.1024804579306948,0.19444444444444445,0.1345898782163391,0.17374830292633328,0.20178115873755703,0.20902244454657154,True
cand_4a66b5c238a3,seeded_permutation_jitter,235,modeled,42.05455354443856,1.3079140334351746,7794.451397580309,6721.428571428572,0.42504314296168766,2.1531565556046988,6987.391304347825,4230.0,4117748.3229132136,13440000.0,640.0,0.26299088222842043,0.7787845389292858,0.8174992628458807,0.44022545359632476,0.6574136763710223,0.9444444444444444,0.8056119395368232,0.7602954483071792,0.7381280921715676,0.7545703771137157,False
cand_4b1c9d1cdb40,seeded_permutation_jitter,235,modeled,39.24778937398979,1.1152884430897172,6933.072590738423,7053.571428571428,0.18280219604948572,1.8541078655718586,7093.695652173912,3135.625,4117748.3229132136,13440000.0,640.0,0.25407804546996876,0.4121914729223188,0.5611589614662384,0.1340269342097978,0.7176094048131962,0.4722222222222222,0.5390061197011322,0.5036707963761443,0.47109825155466856,0.4421573683634774,False
cand_4b2ea22b041f,seeded_permutation_jitter,235,modeled,38.55891167691192,1.1453853724378662,7249.520233625365,6917.857142857143,0.3559342484071871,1.941201659840138,7028.695652173912,3457.5,4117748.3229132136,13440000.0,640.0,0.2573296156931064,0.3222167647746025,0.6553315641634466,0.22320301737462758,0.6808026097125623,0.6111111111111112,0.6362689293527173,0.5696119940426104,0.5037727986034372,0.426077497329842,False
cand_4b30361a2942,seeded_permutation_jitter,235,modeled,39.478713650818925,1.0897251454365773,6971.714643304131,6667.857142857143,0.42504314296168766,1.9500024742162316,6696.521739130434,3200.0,4117748.3229132136,13440000.0,640.0,0.2545603606042702,0.44235262416884435,0.5726585657308692,0.23221424672012175,0.49270634578691463,0.5,0.5534334030997264,0.5043428080770817,0.46687296852939936,0.4507235292716413,False
cand_4b31c3a68a9f,seeded_permutation_jitter,235,modeled,43.285331531543484,1.4764447049348692,5709.85607008761,6596.428571428572,0.14472051858314203,2.6226942058617517,6488.478260869564,2427.5,4117748.3229132136,13440000.0,640.0,0.2426144666037505,0.9395371524253229,0.19713829011282347,0.9209890820514441,0.3748999815350525,0.16666666666666666,0.19610105763084337,0.3594972272668605,0.5147771309781631,0.6925198887520686,False
cand_4c6402981dc7,seeded_permutation_jitter,235,modeled,39.63608605723068,1.0234443219167715,6747.4655819774725,6264.285714285715,0.3559342484071871,2.040336701728747,6339.347826086955,3521.875,4117748.3229132136,13440000.0,640.0,0.2524082042185161,0.4629071237519549,0.5059236153141832,0.32470823728473636,0.2904536222071764,0.6388888888888888,0.4890568826732204,0.4601683264025689,0.44643320421448424,0.4550491985667347,False
cand_4f30056dcd10,seeded_permutation_jitter,235,modeled,39.833411971324324,1.2501011753721059,6724.655819774719,6917.857142857143,0.3559342484071871,2.455516303236993,6843.043478260868,2942.5,4117748.3229132136,13440000.0,640.0,0.2525952861979968,0.48867997371627914,0.49913558980089107,0.74981419326586,0.5756755093247982,0.3888888888888889,0.4946529847749041,0.5230582429327238,0.5339074033829712,0.5148580529107426,False
cand_4fda226610de,seeded_permutation_jitter,235,modeled,42.66048319243041,1.339999352972536,5920.066750104297,6792.857142857143,0.14472051858314203,2.5900601732277186,6680.86956521739,2427.5,4117748.3229132136,13440000.0,640.0,0.24468393937128333,0.857925355169055,0.25969551655104994,0.8875748160566485,0.48384317104696234,0.16666666666666666,0.25800429885115866,0.3992241444688368,0.5275004516623558,0.664537177317671,False
cand_51063e9d3fa4,seeded_permutation_jitter,235,modeled,41.911499546121014,1.223224112377196,7654.735085523572,6721.428571428572,0.45056048792812275,2.4708698510983345,6892.173913043477,3972.5,4117748.3229132136,13440000.0,640.0,0.2619114324033467,0.7601001747778793,0.775920666697705,0.7655348226454992,0.6034960300363142,0.8333333333333334,0.7733228251521823,0.7576292819933829,0.7498955620424436,0.754549722656728,False
cand_52239028a2c7,seeded_permutation_jitter,235,modeled,40.35162547144982,1.2127617721447967,5708.458489778891,6810.714285714285,0.14472051858314203,2.232887776185951,6468.043478260868,2170.0,4117748.3229132136,13440000.0,640.0,0.2422106843709875,0.5563641339522398,0.1967223799990691,0.5218629343964547,0.36332861451344833,0.05555555555555555,0.1840228948507629,0.2684531504892339,0.3443732316075292,0.42894836686272286,False
cand_5278cc5cd32b,seeded_permutation_jitter,235,modeled,42.38151122725474,1.3573117818739735,5065.529828952858,6264.285714285715,0.14472051858314203,2.6913120159083648,5831.521739130434,2041.25,4117748.3229132136,13440000.0,640.0,0.23623982200244958,0.8214886679972268,0.0053913124447136284,0.99124744645863,0.0028928417554010422,0.0,0.005419078800768883,0.1850811318882173,0.35638433454046936,0.5520428814043876,True
cand_52e55fe666c2,seeded_permutation_jitter,235,modeled,39.77359451533228,1.1727584197387801,5623.279098873592,6667.857142857143,0.20966676170912643,2.0509083524994276,6409.565217391303,2170.0,4117748.3229132136,13440000.0,640.0,0.241176911038248,0.4808671817390483,0.17137358970777675,0.3355326412073831,0.3302148088877945,0.05555555555555555,0.15310008156823116,0.21969532020148247,0.28287419868138425,0.36139961357073913,True
cand_54f138ed747d,seeded_permutation_jitter,235,modeled,38.78429856972859,1.0894764492020932,6589.309553608678,6667.857142857143,0.3559342484071871,1.992848781103954,6635.86956521739,3200.0,4117748.3229132136,13440000.0,640.0,0.25077915601420336,0.3516546751431949,0.4588574887099028,0.2760849479385775,0.45836154366960036,0.5,0.44032787036961,0.4226026751664277,0.40590132082444746,0.38475686287904576,False
cand_56acbec02d51,seeded_permutation_jitter,235,modeled,37.58150827738866,0.9155713697570671,6464.831038798498,6335.714285714285,0.3559342484071871,1.9887238438370287,6282.173913043477,3264.375,4117748.3229132136,13440000.0,640.0,0.24953024592883466,0.19455755039195094,0.421813554324379,0.2718613892814367,0.2580784144765186,0.5277777777777778,0.40296976472551777,0.36359553981529524,0.32571631151316227,0.27510825453786014,False
cand_581304461513,seeded_permutation_jitter,235,modeled,41.60452770337209,1.2218140144240774,5809.094701710472,6550.0,0.20966676170912643,2.6283542899291383,6286.956521739129,2491.875,4117748.3229132136,13440000.0,640.0,0.24361251300404652,0.7200064076577357,0.22667101199621353,0.9267844906882341,0.2607866067581705,0.19444444444444445,0.22595518668045977,0.34745821787229814,0.45680919137715076,0.568169938934484,False
cand_59426047ce4c,seeded_permutation_jitter,235,modeled,42.015027360662,1.3083335296812144,5622.204839382562,6596.428571428572,0.20966676170912643,2.2102529404334685,6318.043478260868,2170.0,4117748.3229132136,13440000.0,640.0,0.24132551303127175,0.773622001566595,0.17105389760541312,0.49868693187590785,0.2783898565889084,0.05555555555555555,0.15754514852648605,0.2622783156849739,0.37336512601698224,0.5337379824505301,False
cand_595c200f7ad0,seeded_permutation_jitter,235,modeled,36.96757070433205,0.98052580035728,6358.364622444723,6739.285714285715,0.3559342484071871,1.925976806965854,6584.347826086955,2942.5,4117748.3229132136,13440000.0,640.0,0.24840283472842573,0.11437081450109289,0.390129894315378,0.20761415989636367,0.4291869268172583,0.3888888888888889,0.3692460025246738,0.3377041199755595,0.2964146347629821,0.22294823509362366,True
cand_59921bdba5fc,seeded_permutation_jitter,235,modeled,39.640081571873104,1.145395756557681,5634.501460158532,6550.0,0.20966676170912643,2.162660125810633,6245.652173913042,2491.875,4117748.3229132136,13440000.0,640.0,0.2414008864244086,0.46342898019378365,0.1747132858450891,0.4499562406652243,0.23739767341663048,0.19444444444444445,0.15979976014068298,0.23090738459689092,0.2973173977952888,0.368527091550754,False
cand_59ed4159b983,seeded_permutation_jitter,235,modeled,39.81384290056033,1.0770250178848753,7042.428035043805,6525.0,0.42504314296168766,1.9936530067709777,6526.956521739129,3521.875,4117748.3229132136,13440000.0,640.0,0.25531114505422164,0.48612404624442024,0.5937023759641201,0.2769084014988264,0.39668861943743433,0.6388888888888888,0.5758912926834656,0.5249175538988634,0.4915836226857769,0.48678161864753144,False
cand_5c003c823931,seeded_permutation_jitter,235,modeled,40.20466816075023,1.1213204460716533,7191.030454735086,6935.714285714285,0.45056048792812275,2.154177855266185,7110.86956521739,3650.625,4117748.3229132136,13440000.0,640.0,0.25695769409962965,0.5371699559487179,0.6379254155221382,0.44127117108187125,0.7273342770973101,0.6944444444444444,0.6251438000554211,0.6135604749910435,0.6003844037712419,0.5767981965891423,False
cand_5c3a50b5856e,seeded_permutation_jitter,235,modeled,38.118385885383056,0.990002636606556,7288.099707968294,7196.428571428572,0.14472051858314203,2.169804021562859,7158.91304347826,3457.5,4117748.3229132136,13440000.0,640.0,0.25794401279825846,0.2646794403809073,0.6668125455871627,0.45727093681635333,0.7545392995629964,0.6111111111111112,0.6546471234521896,0.6055499667957505,0.5406120842985014,0.4272794376898709,False
cand_5df07548eff2,seeded_permutation_jitter,235,modeled,41.848290634160435,1.30943700054592,7243.929912390488,6917.857142857143,0.14472051858314203,2.193082595519775,6811.739130434781,3521.875,4117748.3229132136,13440000.0,640.0,0.25752559341643727,0.7518444228060674,0.6536679237084285,0.4811060684073147,0.5579491598448941,0.6388888888888888,0.6421311259814853,0.6301501610972791,0.6347615324671455,0.678782192927364,False
cand_5e0485e79944,seeded_permutation_jitter,235,modeled,40.50536579158097,1.1639953965686243,6389.6015853149775,6721.428571428572,0.3559342484071871,2.3205471581832637,6607.173913043477,2942.5,4117748.3229132136,13440000.0,640.0,0.24910977470834567,0.576444244678735,0.3994257957384734,0.6116181276894518,0.4421123899796884,0.3888888888888889,0.3903923914947692,0.43757198578738754,0.47950354558085373,0.520768474377693,False
cand_5ea52c08e2bd,seeded_permutation_jitter,235,modeled,38.29227151607429,1.0240352508419988,7317.438464747602,7107.142857142857,0.45056048792812275,1.959125191495363,7296.956521739129,3586.25,4117748.3229132136,13440000.0,640.0,0.25802672153598405,0.28739074158704364,0.6755435541691888,0.24155507520977382,0.832707576783406,0.6666666666666666,0.6571211540472183,0.5993907828403431,0.533330633803325,0.4325682528581385,False
cand_5ff8e12800bb,seeded_permutation_jitter,235,modeled,38.066655722720114,1.0015852494357345,6510.700876095119,6650.0,0.3559342484071871,2.174868336464077,6629.565217391303,3200.0,4117748.3229132136,13440000.0,640.0,0.2501750887944279,0.2579229343889504,0.4354640967146207,0.4624563322925541,0.45479165384378634,0.5,0.4222586696506146,0.41896604138502946,0.4024995513082049,0.3482417556815496,False
cand_63c766fbd0a0,seeded_permutation_jitter,235,modeled,37.15384185138653,0.91742416094253,6613.381309970797,6650.0,0.42504314296168766,1.9593510435473929,6689.347826086955,3200.0,4117748.3229132136,13440000.0,640.0,0.250986375840268,0.13869979504968658,0.4660210748483015,0.2417863270635251,0.4886440573644362,0.5,0.4465263471409685,0.4050793527454942,0.3544226734674214,0.26825635056200237,False
cand_64e34c2235ad,seeded_permutation_jitter,235,modeled,37.24550061385318,0.9911356886186403,6438.673341677097,6667.857142857143,0.42504314296168766,1.9144712723382096,6627.826086956521,2942.5,4117748.3229132136,13440000.0,640.0,0.2491944163861218,0.150671398190709,0.41402920682216754,0.19583354428039734,0.45380685665045867,0.3888888888888889,0.3929242412870788,0.35804212602346547,0.3157472761336899,0.24777133073343516,False
cand_65c4a4385ef6,seeded_permutation_jitter,235,modeled,39.63608605723068,1.0878964359862344,6655.684188569045,6264.285714285715,0.45056048792812275,2.040336701728747,6304.565217391303,3521.875,4117748.3229132136,13440000.0,640.0,0.2514903902844319,0.4629071237519549,0.4786101153064234,0.32470823728473636,0.27075767834061654,0.6388888888888888,0.4616027125829719,0.44037462196962474,0.43389798711941097,0.44897554567479026,False
cand_67d651b7ca5f,seeded_permutation_jitter,235,modeled,43.74825614728808,1.465415896703498,7990.738423028786,6917.857142857143,0.3559342484071871,2.6337148339020335,7252.608695652173,4230.0,4117748.3229132136,13440000.0,640.0,0.26543431076120255,1.0,0.8759129071806573,0.9322731976523965,0.8075952483535422,0.9444444444444444,0.8787011573523039,0.8919465815760667,0.9124124663843123,0.9499576376307193,False
cand_68795308564d,seeded_permutation_jitter,235,modeled,37.39104510662982,0.9138928658747629,6303.201919065499,6667.857142857143,0.18280219604948572,1.9603193693392482,6682.826086956521,2878.125,4117748.3229132136,13440000.0,640.0,0.2478855502570069,0.16968104724109037,0.3737138600493508,0.24277780414947164,0.48495106788945663,0.3611111111111111,0.3537726965135306,0.3407399747477253,0.31549938021412266,0.25726859512821526,True
cand_690711587021,seeded_permutation_jitter,235,modeled,38.17548107481618,1.0843849553481222,6988.14142678348,6917.857142857143,0.3559342484071871,2.0205537859995264,6849.782608695651,3200.0,4117748.3229132136,13440000.0,640.0,0.254795179750847,0.2721366755732719,0.5775470614708943,0.30445234014380396,0.5794915984489444,0.5,0.5604574463738121,0.5074688438241423,0.4502037889324809,0.37384714389035445,False
cand_6ae7a997a640,seeded_permutation_jitter,235,modeled,41.64417361957342,1.2464265883183983,7939.3304130162705,7196.428571428572,0.3559342484071871,2.567853005916326,7390.217391304347,3908.125,4117748.3229132136,13440000.0,640.0,0.26485436883309166,0.7251845833405817,0.8606142433694929,0.8648367069220771,0.8855173262756202,0.8055555555555556,0.8613536060180466,0.8476005789460529,0.8257306959469611,0.7835715843504969,False
cand_6b4215cb6784,seeded_permutation_jitter,235,modeled,36.86627821240528,1.0110241723429927,7603.525239883188,7196.428571428572,0.14472051858314203,1.9131940581063347,7425.217391304347,3586.25,4117748.3229132136,13440000.0,640.0,0.2608416581539509,0.10114094447144109,0.7606809752161029,0.1945257936706336,0.9053363697913462,0.6666666666666666,0.7413231320658225,0.638197356442002,0.5202658921569179,0.34541465659705867,False
cand_6bd306a71be7,seeded_permutation_jitter,235,modeled,38.17548107481618,1.0843849553481222,6988.14142678348,6917.857142857143,0.20966676170912643,2.0205537859995264,6849.782608695651,3200.0,4117748.3229132136,13440000.0,640.0,0.254795179750847,0.2721366755732719,0.5775470614708943,0.30445234014380396,0.5794915984489444,0.5,0.5604574463738121,0.5074688438241423,0.4502037889324809,0.37384714389035445,False
cand_6cdbd1fac469,seeded_permutation_jitter,235,modeled,39.15970267660602,1.054695683822345,7702.99332498957,7196.428571428572,0.45056048792812275,2.0985618465031584,7327.173913043477,3908.125,4117748.3229132136,13440000.0,640.0,0.2620217067934115,0.4006864192351107,0.7902819808495121,0.3843254625567584,0.8498184280174801,0.8055555555555556,0.7766214151484859,0.7106138134603825,0.6403983523926444,0.5422067440346658,False
cand_6d20b61d2bce,seeded_permutation_jitter,235,modeled,42.70269567593605,1.40880165843792,7530.590321234878,6596.428571428572,0.3559342484071871,2.5064746777429514,6770.217391304347,3972.5,4117748.3229132136,13440000.0,640.0,0.2607055895871044,0.8634387516684929,0.7389760541303912,0.8019909101153972,0.5344371268541885,0.8333333333333334,0.737252972048185,0.7411262396741257,0.7580403834292004,0.8026277044634115,False
cand_6d2d32d26291,seeded_permutation_jitter,235,modeled,38.18445509552903,1.1561957735431163,6627.99332498957,6335.714285714285,0.45056048792812275,1.9598875188368092,6314.347826086955,3521.875,4117748.3229132136,13440000.0,640.0,0.25113303246574514,0.27330877752689176,0.4703695082018096,0.242335628715001,0.2762971625530864,0.6388888888888888,0.4509132231636435,0.40715063913603555,0.3717218870757334,0.3356546076338513,False
cand_6f766dde2144,seeded_permutation_jitter,235,modeled,43.04526885735227,1.398067571913209,7846.964956195245,6792.857142857143,0.42504314296168766,2.664561801562731,7051.521739130434,4230.0,4117748.3229132136,13440000.0,640.0,0.26402742306052784,0.9081824298974527,0.8331269301798659,0.9638576724890271,0.6937280728749924,0.9444444444444444,0.8366175358274899,0.8470768471890943,0.8622459301335073,0.8848469252338066,False
cand_6fb0853496e3,seeded_permutation_jitter,235,modeled,40.51199355127576,1.1768005163547801,7676.387150604924,6721.428571428572,0.42504314296168766,2.0658844308483633,6978.695652173912,4230.0,4117748.3229132136,13440000.0,640.0,0.2617229676339103,0.577309900145215,0.7823641696540811,0.3508667763148037,0.6524896904043823,0.9444444444444444,0.7676853602543662,0.7064861644839575,0.6609010274575973,0.6289212211743578,False
cand_701352b465f9,seeded_permutation_jitter,235,modeled,39.339214221075665,1.1053887633505313,7517.271589486859,7321.428571428572,0.45056048792812275,2.338931397298304,7488.260869565216,3586.25,4117748.3229132136,13440000.0,640.0,0.26040485898917953,0.42413252424230563,0.735012492822447,0.6304419078453023,0.9410352680494859,0.6666666666666666,0.7282573481203257,0.7072748513305727,0.6646624748939995,0.5670013892776745,False
cand_70f867a64ede,seeded_permutation_jitter,235,modeled,36.39881001364019,0.9185319943199071,7018.773466833542,7107.142857142857,0.3559342484071871,1.8479630138624055,7181.304347826086,3328.75,4117748.3229132136,13440000.0,640.0,0.2549289093792105,0.04008465693209709,0.586662942098484,0.12773516782527464,0.7672185634270943,0.5555555555555556,0.5644576427391684,0.4915098792805812,0.40182101430700723,0.2539866663402527,False
cand_718db60530ae,seeded_permutation_jitter,235,modeled,39.91744225981505,1.2357362842333939,7281.1848143512725,7303.571428571428,0.14472051858314203,2.1307972845950536,7442.173913043477,3328.75,4117748.3229132136,13440000.0,640.0,0.2578358571251204,0.4996552175289215,0.6647547216661236,0.41733160418015236,0.914938142426294,0.5555555555555556,0.6514119097162815,0.6363894372993739,0.6109725527194199,0.5626389675095335,False
cand_71a19d08fb51,seeded_permutation_jitter,235,modeled,40.52729898412123,1.209849443123107,7138.54818523154,6596.428571428572,0.20966676170912643,2.1772687274452114,6726.521739130434,3779.375,4117748.3229132136,13440000.0,640.0,0.25645596227677325,0.5793089514415298,0.6223070596086101,0.4649141132120806,0.5096940973718226,0.75,0.6101357136744557,0.5913056319810628,0.5820002384208584,0.5838182359958156,False
cand_720288efc602,seeded_permutation_jitter,235,modeled,40.6401164744083,1.1502621111124736,7091.176470588236,6792.857142857143,0.14472051858314203,2.0415822582885177,6890.86956521739,3457.5,4117748.3229132136,13440000.0,640.0,0.25584655866118355,0.5940441080674376,0.6082095690364235,0.3259835733324284,0.6027574321413183,0.6111111111111112,0.5919068876622366,0.5700189460962559,0.5593612359056527,0.5711257723823306,False
cand_723faf300970,seeded_permutation_jitter,235,modeled,42.11870711267444,1.2494992946060646,5463.944513975804,6264.285714285715,0.18280219604948572,2.505421589701712,5975.86956521739,2491.875,4117748.3229132136,13440000.0,640.0,0.2400380784264724,0.7871636729949449,0.12395673293294246,0.8009126442350962,0.0846310088016247,0.19444444444444445,0.11903467564343982,0.25510380258705007,0.3917134585817933,0.5592862369708026,True
cand_74abf12892a3,seeded_permutation_jitter,235,modeled,43.58497439130033,1.4701903241157803,7959.105131414268,6917.857142857143,0.3559342484071871,2.6924028395797683,7178.478260869564,4230.0,4117748.3229132136,13440000.0,640.0,0.2651766658507351,0.9786736769049672,0.8664990610984373,0.9923643501744057,0.7656182679879362,0.9444444444444444,0.8709943369040863,0.8863598793457619,0.906759219150338,0.9387128515134588,False
cand_76ea8437ea18,seeded_permutation_jitter,235,modeled,43.2910535936151,1.4238248756375196,5164.4034209428455,6282.142857142857,0.14472051858314203,2.4996611491280865,5827.173913043477,2041.25,4117748.3229132136,13440000.0,640.0,0.23703690705556918,0.9402845142096875,0.03481540108943632,0.7950144797105683,0.0004308487720807981,0.0,0.029261938243270506,0.19342626355428436,0.3657402987791971,0.6016456526847003,True
cand_770dc5cfcf30,seeded_permutation_jitter,235,modeled,41.67308576178072,1.300693907003233,6906.6854401335,6596.428571428572,0.20966676170912643,2.36185603394676,6547.608695652173,3521.875,4117748.3229132136,13440000.0,640.0,0.25432192213229443,0.7289608146920413,0.5533063302140077,0.6539146399895576,0.4083830861082046,0.6388888888888888,0.5463010965149365,0.5672167963129942,0.5980801819966055,0.6536927974264355,False
cand_780a26145533,seeded_permutation_jitter,235,modeled,37.42048322794152,0.9956174076697073,6851.188986232792,6525.0,0.18280219604948572,1.803558317789359,6697.391304347825,3457.5,4117748.3229132136,13440000.0,640.0,0.2532086598771299,0.17352597702278108,0.5367909741297704,0.08226881854990274,0.49319874438357847,0.6111111111111112,0.5130005655758033,0.44247383845854904,0.37512101946915316,0.293426280458756,False
cand_79bdf2d4412e,seeded_permutation_jitter,235,modeled,42.356315144938804,1.356751929724052,5047.41343345849,6218.75,0.2092926239919855,2.6913120159083648,5826.41304347826,2052.5,4117748.3229132136,13440000.0,640.0,0.2360586580475059,0.818197793343484,0.0,0.99124744645863,0.0,0.0048543689320388345,0.0,0.1811872424268134,0.3537220021978694,0.5496189678779831,True
cand_79d17d1033ae,seeded_permutation_jitter,235,modeled,41.85774155092874,1.344502620648944,7196.954526491448,6596.428571428572,0.14472051858314203,2.288286271304861,6726.521739130434,3779.375,4117748.3229132136,13440000.0,640.0,0.25715104323323196,0.7530788124249562,0.6396883777953661,0.5785859288352172,0.5096940973718226,0.75,0.6309273688198419,0.6330528249424254,0.6490884879193446,0.6935365556749585,False
cand_7b4f3372483c,seeded_permutation_jitter,235,modeled,39.740624172433385,1.1982431116175314,6266.54151022111,6282.142857142857,0.3559342484071871,2.1225767960234494,6353.043478260868,2942.5,4117748.3229132136,13440000.0,640.0,0.2476812035952472,0.4765609064851949,0.3628039790803422,0.40891457540472903,0.29820890010463436,0.3888888888888889,0.3476601634597339,0.3660635612358185,0.3888074571716206,0.42537314108770335,False
cand_7bcdc234aa0e,seeded_permutation_jitter,235,modeled,40.35186618804924,1.225254090217605,5597.329995828119,6667.857142857143,0.20966676170912643,2.232887776185951,6384.347826086955,2170.0,4117748.3229132136,13440000.0,640.0,0.24109939943147976,0.5563955740843143,0.1636513183419465,0.5218629343964547,0.3159352495845384,0.05555555555555555,0.15078151049717065,0.24213560658418584,0.325671666916748,0.41925714705908096,True
cand_7c87c6b1ee20,seeded_permutation_jitter,235,modeled,39.02523093315263,1.176469927700436,6243.5857321652065,7178.571428571428,0.20966676170912643,1.982349104850525,7046.739130434781,2556.25,4117748.3229132136,13440000.0,640.0,0.24731141812351523,0.38312298827682034,0.35597250027158317,0.2653342393416439,0.69101988059334,0.2222222222222222,0.33659893104560445,0.36675416249583126,0.3831404269928322,0.3810024743474103,True
cand_7eaaba945506,seeded_permutation_jitter,235,modeled,38.35609580386415,0.9911243301937034,6316.13475177305,6792.857142857143,0.3559342484071871,2.2195350031307437,6778.478260869564,2878.125,4117748.3229132136,13440000.0,640.0,0.2482740942178739,0.2957268681462109,0.3775625805049896,0.5081909155062874,0.5391149135224963,0.3611111111111111,0.36539504347628876,0.3916907340869478,0.3974604751244226,0.3595174817187189,False
cand_7f30dadd4394,seeded_permutation_jitter,235,modeled,41.40932014791075,1.2515443060360356,7431.810596579057,6650.0,0.3559342484071871,2.362858212026229,6969.999999999999,3908.125,4117748.3229132136,13440000.0,640.0,0.2595741758748295,0.6945102377202175,0.7095798997470399,0.6549407787232246,0.6475657044377423,0.8055555555555556,0.7034094844460642,0.6981211770509843,0.6969864900760726,0.6989152988147792,False
cand_7f866ae307ab,seeded_permutation_jitter,235,modeled,39.847004791306915,1.1396896527491458,6978.128911138924,7196.428571428572,0.14472051858314203,2.2017762154747493,7167.608695652173,3135.625,4117748.3229132136,13440000.0,640.0,0.2548762770238766,0.49045533967169613,0.5745674069245933,0.49000754046535994,0.7594632855296363,0.4722222222222222,0.5628832739243953,0.565230475678667,0.5566026535129737,0.5275206460298338,False
cand_8082d30d9f31,seeded_permutation_jitter,235,modeled,42.01402619604986,1.2590408485175453,5665.623696287025,6721.428571428572,0.20966676170912643,2.2035817919740843,6420.434782608695,2170.0,4117748.3229132136,13440000.0,640.0,0.24175303045185698,0.7734912388867067,0.18397504539317475,0.4918562857338136,0.3363697913460948,0.05555555555555555,0.17033329168428388,0.2757124120255574,0.3855072796704959,0.5407125137747668,False
cand_81357253e23d,seeded_permutation_jitter,235,modeled,37.66256200714982,1.0024839301275799,6630.20442219441,6917.857142857143,0.14472051858314203,1.897780607208559,6753.91304347826,3006.875,4117748.3229132136,13440000.0,640.0,0.2510930365261653,0.20514402417456842,0.4710275152474511,0.17874382905805644,0.5252046531667386,0.4166666666666667,0.4497168419720252,0.4072551322464,0.360207974389322,0.2944793218085052,True
cand_814ff832337e,seeded_permutation_jitter,235,modeled,38.581060935884445,1.1182408441457294,5970.202336253651,6264.285714285715,0.14472051858314203,2.0677098670768044,6021.521739130434,2813.75,4117748.3229132136,13440000.0,640.0,0.24466294492662596,0.32510969209710794,0.27461551593028877,0.3527358561302739,0.11048193512648495,0.3333333333333333,0.25737630113488014,0.26537989295903675,0.27762297340241393,0.2987958097621915,True
cand_83179964275c,seeded_permutation_jitter,235,modeled,42.174131202833756,1.3466781543345925,5589.236545682103,6335.714285714285,0.45056048792812275,2.650453618592361,6119.565217391303,2491.875,4117748.3229132136,13440000.0,640.0,0.24143603077242604,0.7944026449599108,0.1612427642503531,0.949412182905752,0.16599987690035062,0.19444444444444445,0.1608510177783699,0.30531561622556147,0.4417331201721636,0.5920739324669595,False
cand_83e16fcb1494,seeded_permutation_jitter,235,modeled,41.071239517325935,1.1722464333944618,5828.243637880684,6721.428571428572,0.20966676170912643,2.440114665186065,6356.086956521738,2491.875,4117748.3229132136,13440000.0,640.0,0.24361576274100555,0.650353334112659,0.23236960131601417,0.734044323928517,0.2999322951929586,0.19444444444444445,0.2260523946524774,0.3260368550692765,0.417511050301905,0.5150760199827799,False
cand_858cb732b595,seeded_permutation_jitter,235,modeled,41.4252830003868,1.272447767761849,7595.942845223196,6917.857142857143,0.3559342484071871,2.324623135417401,7036.304347826086,3779.375,4117748.3229132136,13440000.0,640.0,0.261177263284662,0.6965951549687075,0.7584245076586436,0.6157915557489729,0.6851110974333724,0.75,0.7513619427653968,0.7266944283466003,0.7086733796660669,0.7016281484551578,False
cand_858e84ec850d,seeded_permutation_jitter,235,modeled,38.714709178954315,1.0768295492462734,5644.430538172716,6282.142857142857,0.42504314296168766,2.0842333964885693,6074.782608695651,2491.875,4117748.3229132136,13440000.0,640.0,0.2414217504752284,0.34256556520154285,0.1776681099368377,0.36965443965714556,0.1406413491721547,0.19444444444444445,0.16042385744265952,0.20187050283716196,0.24122740467299167,0.2846730880540398,True
cand_87177d5f7c3e,seeded_permutation_jitter,235,modeled,38.8158469164203,1.0284290208596616,6925.073007926575,6739.285714285715,0.14472051858314203,1.8588793418969423,6730.434782608695,3200.0,4117748.3229132136,13440000.0,640.0,0.25400282111817535,0.3557752226629798,0.5587783416360167,0.13891248975551196,0.5119098910568106,0.5,0.5367559662959918,0.4778544947409286,0.4288362260591954,0.3934742430242724,False
cand_8780c83c5f74,seeded_permutation_jitter,235,modeled,38.2917596769758,1.1312717446257823,7304.036295369212,6910.714285714285,0.20966676170912643,1.957004138863784,7184.999999999999,3586.25,4117748.3229132136,13440000.0,640.0,0.25789057878956856,0.2873238899910343,0.671555162406692,0.2393833112229159,0.7693112574629163,0.6666666666666666,0.6530487751283105,0.590192841126179,0.522070173217885,0.42537221802740355,False
cand_87d3930ca8d4,seeded_permutation_jitter,235,modeled,41.94677999381328,1.31665097619438,7517.146433041302,6525.0,0.42504314296168766,2.4234185373920742,6816.521739130434,4230.0,4117748.3229132136,13440000.0,640.0,0.26048809456481775,0.7647081741337846,0.7349752471406181,0.716949015437292,0.5606573521265465,0.9444444444444444,0.7307471377893086,0.7270735323577315,0.7338695632089863,0.7528294585779371,False
cand_88e1f8eecfe8,seeded_permutation_jitter,235,modeled,40.4764590377512,1.1984229541177709,5561.503963287443,6596.428571428572,0.18280219604948572,2.1509047716988894,6331.086956521738,2170.0,4117748.3229132136,13440000.0,640.0,0.24065915610158595,0.5726687171063309,0.1529897419184632,0.4379198327361848,0.2857758355388686,0.05555555555555555,0.13761270273434068,0.22416902897085603,0.30851693886724,0.4150725261201063,True
cand_89c05181986d,seeded_permutation_jitter,235,modeled,39.854736596855744,1.1401287793641397,6076.9294952023365,6335.714285714285,0.42504314296168766,2.4536411761328596,6242.173913043477,2942.5,4117748.3229132136,13440000.0,640.0,0.24611614782516888,0.4914651951956327,0.3063767711097663,0.7478942345364498,0.2354280790299746,0.3888888888888889,0.30084532908338957,0.3633023755288099,0.41565568830722244,0.45320692116827543,False
cand_8bbf9e4b7ffe,seeded_permutation_jitter,235,modeled,38.38751327453167,1.0755683663256104,7146.725073007927,6917.857142857143,0.45056048792812275,2.0625035904623736,6768.260869565216,3521.875,4117748.3229132136,13440000.0,640.0,0.2564229660175543,0.2998303218739777,0.6247404441547559,0.34740510483796655,0.5333292300116943,0.6388888888888888,0.6091487108852223,0.5482863321826328,0.48727701504856696,0.40980047936427944,False
cand_8bc9351ad116,seeded_permutation_jitter,235,modeled,39.621647434004906,1.2157287850485812,6923.821443471006,7053.571428571428,0.18280219604948572,2.1525110105827236,7137.391304347825,3135.625,4117748.3229132136,13440000.0,640.0,0.2542839371423054,0.4610212869534865,0.5584058848177292,0.43956447450992775,0.7423524342955622,0.4722222222222222,0.5451648679861382,0.5442482474027373,0.5332209874428839,0.5020744528082687,False
cand_8c09cdb43c1d,seeded_permutation_jitter,235,modeled,38.80008622101799,1.005683142634793,6442.761785565291,6721.428571428572,0.3559342484071871,2.0533886001084785,6517.826086956521,2942.5,4117748.3229132136,13440000.0,640.0,0.24937421815277402,0.3537167092649661,0.4152458990952406,0.3380721880133562,0.39151843417246274,0.3888888888888889,0.39830257354036114,0.38921334922398965,0.3795512253831056,0.3678318597897443,False
cand_8c17d2ea0e75,seeded_permutation_jitter,235,modeled,43.57328616086768,1.4560758451782523,7942.261159783063,6935.714285714285,0.3559342484071871,2.6964968358306973,7192.608695652173,4230.0,4117748.3229132136,13440000.0,640.0,0.26501232013067394,0.9771470704748251,0.8614864130856499,0.9965562280598123,0.7736197451837263,0.9444444444444444,0.8660783346681146,0.8842166558909633,0.9064666408670286,0.938345488571923,False
cand_8c6135b8dfdf,seeded_permutation_jitter,235,modeled,42.53244418595234,1.3688148672789604,5701.376720901127,6210.714285714285,0.3559342484071871,2.3453192838939296,6050.86956521739,2491.875,4117748.3229132136,13440000.0,640.0,0.24225229818991784,0.8412021076488416,0.19461489516892483,0.6369825197348737,0.12710038776389465,0.19444444444444445,0.18526767096560598,0.29207679349512494,0.411070537160096,0.587238767466357,False
cand_8d0e4fc2b122,seeded_permutation_jitter,235,modeled,38.46359838588704,1.1114191596334104,7384.929078014185,6667.857142857143,0.45056048792812275,1.8512471582479932,7023.260869565216,3908.125,4117748.3229132136,13440000.0,640.0,0.25859374963540244,0.30976784157830906,0.6956282880953492,0.1310978314377055,0.6777251184834121,0.8055555555555556,0.6740824196254263,0.593522309954736,0.5195589790011842,0.4350771132065435,False
cand_8d9e3cce14cd,seeded_permutation_jitter,235,modeled,40.02085278620406,1.162605424828663,5617.104714226116,6335.714285714285,0.42504314296168766,2.242144303026251,6024.782608695651,2491.875,4117748.3229132136,13440000.0,640.0,0.24130640314230004,0.5131617252453433,0.169536136070891,0.5313407716437947,0.11232842986397475,0.19444444444444445,0.1569735227069687,0.2293224966616515,0.3017385116021692,0.39085260322259774,False
cand_8e4948e2592e,seeded_permutation_jitter,235,modeled,41.17817846599117,1.3214543779660106,7484.15727993325,6982.142857142857,0.45056048792812275,2.0795878073273557,7280.652173913042,3586.25,4117748.3229132136,13440000.0,640.0,0.2598143723036725,0.6643206910710745,0.7251579061719199,0.3648977810585558,0.823475103095956,0.6666666666666666,0.7105943760320753,0.6826735647977176,0.6626235096968074,0.6589258445900046,False
cand_8f09a17de385,seeded_permutation_jitter,235,modeled,41.10835438362642,1.1689574636903717,7365.373383395912,6739.285714285715,0.45056048792812275,2.2952382315194066,7006.956521739129,3908.125,4117748.3229132136,13440000.0,640.0,0.2588421837624912,0.6552009279271966,0.689808650309605,0.5857041005426209,0.6684926447959622,0.8055555555555556,0.6815137219057976,0.6754457036036954,0.6726740876859328,0.6693922915756225,False
cand_92b19620a975,seeded_permutation_jitter,235,modeled,39.203077454107415,1.116571637851032,6200.2920317063,6335.714285714285,0.3559342484071871,1.9389137100708587,6123.043478260869,3071.25,4117748.3229132136,13440000.0,640.0,0.2468350457241465,0.40635162361495186,0.34308859816565035,0.22086036597659886,0.167969471287007,0.4444444444444444,0.3223494100992722,0.3143783630845617,0.32132695708574416,0.35724715148055725,False
cand_92b4b7ae383f,seeded_permutation_jitter,235,modeled,40.66845257940718,1.2376356275959073,6929.985398414686,6282.142857142857,0.42504314296168766,1.9923897117046665,6441.521739130434,3521.875,4117748.3229132136,13440000.0,640.0,0.2541854553928642,0.597745102871206,0.5602402346477958,0.2756149028421016,0.3483104573151967,0.6388888888888888,0.5422190261335169,0.5092570390112228,0.5002948694798718,0.5381762062552375,False
cand_939f4fe0a418,seeded_permutation_jitter,235,modeled,41.7227892119141,1.176092047609268,7642.918231122237,6650.0,0.42504314296168766,2.2536027135186645,6796.304347826086,3972.5,4117748.3229132136,13440000.0,640.0,0.2615759967217537,0.7354526106068389,0.7724040535717059,0.5430731364534008,0.5492090847541085,0.8333333333333334,0.7632890831105766,0.7219452994391458,0.7000129923470971,0.7124653508005452,False
cand_93fe6b4be46c,seeded_permutation_jitter,235,modeled,39.91516090856561,1.155637885214595,7101.8982060909475,7196.428571428572,0.45056048792812275,2.0874526297272036,7296.521739130434,3328.75,4117748.3229132136,13440000.0,640.0,0.2559996463876493,0.49935724894361067,0.6114002824464208,0.3729506401893113,0.8324613774850743,0.5555555555555556,0.596486134419167,0.588207814016124,0.5729596470947752,0.5417075792075805,False
cand_94a6fdd3b0ac,seeded_permutation_jitter,235,modeled,39.91739638038734,1.2304864903414505,7273.206090947017,7303.571428571428,0.3559342484071871,2.146473098368839,7393.260869565216,3328.75,4117748.3229132136,13440000.0,640.0,0.2577717457048517,0.4996492251907523,0.6623803094495401,0.4333822043923953,0.8872407213639439,0.5555555555555556,0.6494941726113839,0.6339091255956099,0.60846148849831,0.5611376615616265,False
cand_952bb9e4506c,seeded_permutation_jitter,235,modeled,39.547512764200214,1.0957738893189675,7125.823946599917,6917.857142857143,0.42504314296168766,1.9948394307379709,6941.739130434781,3457.5,4117748.3229132136,13440000.0,640.0,0.25614629059374977,0.4513385155303459,0.6185204152893525,0.2781231911774507,0.631562750046162,0.6111111111111112,0.6008726389464142,0.5598723829975614,0.5242336100770721,0.4922115622514186,False
cand_966009bb5021,seeded_permutation_jitter,235,modeled,41.72841600276208,1.2538210338756448,7798.571130579892,6792.857142857143,0.42504314296168766,2.550652077907186,7103.695652173912,4230.0,4117748.3229132136,13440000.0,640.0,0.26342957508071874,0.7361875289624529,0.8187252665394109,0.8472245291596715,0.7232719886748322,0.9444444444444444,0.8187343685358892,0.8100666011507741,0.8006210129484989,0.7792064822379794,False
cand_979c26aeb66c,seeded_permutation_jitter,235,modeled,40.11646495858153,1.218674770511024,6917.980809345015,6917.857142857143,0.42504314296168766,2.10363213112349,6836.956521739129,3200.0,4117748.3229132136,13440000.0,640.0,0.2541766519215863,0.5256496855052321,0.5566677529990535,0.3895169704795764,0.5722287191481502,0.5,0.5419556917158613,0.5282175463210845,0.5183011791776568,0.5180464558763488,False
cand_98178df44647,seeded_permutation_jitter,235,modeled,41.17496645128413,1.1839498574034781,7496.696391322487,7091.071428571428,0.34886270704810396,1.8538380927430649,7283.641304347825,3532.8125,4117748.3229132136,13440000.0,640.0,0.25971401370298064,0.6639011680018013,0.7288894579201394,0.1337507114959037,0.8251677232719886,0.6436084142394822,0.7075923927421152,0.6575919960480219,0.6260906491349275,0.633666892730848,False
cand_986d62832d37,seeded_permutation_jitter,235,modeled,39.38095183351262,1.2638110158526374,6505.663329161453,6667.857142857143,0.14472051858314203,2.300166324277481,6640.217391304347,3200.0,4117748.3229132136,13440000.0,640.0,0.25025001131290464,0.42958389756115023,0.4339649580210131,0.5907500169977509,0.46082353665292064,0.5,0.4244997944466796,0.4504603860476739,0.4655999682090928,0.45604998454813506,False
cand_9988f25d29ef,seeded_permutation_jitter,235,modeled,40.17222361519079,1.265168904797814,6434.115561118065,6917.857142857143,0.14472051858314203,2.1985726052851815,6661.956521739129,2749.375,4117748.3229132136,13440000.0,640.0,0.2494329399134785,0.5329323553846714,0.41267284324223685,0.4867273365071699,0.4731335015695203,0.3055555555555556,0.40005909209658497,0.42648756965854195,0.4503112025761621,0.48092467375384684,False
cand_9c4bc37687a1,seeded_permutation_jitter,235,modeled,39.9071994646263,1.3393355840702745,6628.942428035044,6525.0,0.20966676170912643,2.152583668890898,6510.652173913042,3200.0,4117748.3229132136,13440000.0,640.0,0.251335219646254,0.4983174002187757,0.47065195462234444,0.4396388699750332,0.3874561457499843,0.5,0.4569611605915016,0.4566196150834818,0.46131816742664067,0.47669732518463787,False
cand_9dddae992e3d,seeded_permutation_jitter,235,modeled,43.41535979763627,1.473228621767527,5547.017104714227,6139.285714285715,0.3559342484071871,2.671477497485612,5963.91304347826,2491.875,4117748.3229132136,13440000.0,640.0,0.24103486024164053,0.9565202182761681,0.1486785542467839,0.9709387128770695,0.07786052809749493,0.19444444444444445,0.14885097770666453,0.30698144013764533,0.4679577426650276,0.6727208929038051,False
cand_9f87ad1c4139,seeded_permutation_jitter,235,modeled,41.42074278348671,1.1984101912995293,5849.687108886108,6532.142857142857,0.3559342484071871,2.3456639717956156,6270.434782608695,2491.875,4117748.3229132136,13440000.0,640.0,0.24373574675766935,0.6960021546549425,0.23875102813600899,0.6373354486346294,0.2514310334215549,0.19444444444444445,0.22964142449749256,0.31883245236248253,0.4089563747184334,0.5264794517487569,False
cand_9fdfa5b61a34,seeded_permutation_jitter,235,modeled,39.83209021787714,1.138459274281555,6542.678347934919,6917.857142857143,0.3559342484071871,2.4689288441781345,6704.782608695651,2942.5,4117748.3229132136,13440000.0,640.0,0.25078892402054,0.4885073387461556,0.44498036842186955,0.7635474090072085,0.4973841324552224,0.3888888888888889,0.44062005650609065,0.4814454159816288,0.5052445369550799,0.5001901190130091,False
cand_a2bb1d67a815,seeded_permutation_jitter,235,modeled,39.95184374137022,1.0668396824560569,5761.952440550689,6532.142857142857,0.42504314296168766,2.5371780165743663,6317.391304347825,2491.875,4117748.3229132136,13440000.0,640.0,0.2430499141190939,0.5041484146173238,0.21264180517404624,0.8334283221614747,0.27802055764141065,0.19444444444444445,0.20912641027330695,0.30774142757700357,0.3860962026450135,0.4395914614953311,False
cand_a3097f2a93bd,seeded_permutation_jitter,235,modeled,39.23444243670849,1.1840998451973481,6314.226115978307,6721.428571428572,0.14472051858314203,1.939522224002747,6426.086956521738,2749.375,4117748.3229132136,13440000.0,640.0,0.24797499508079848,0.4104482218464824,0.3769945838571009,0.221483428612151,0.33957038222441055,0.3055555555555556,0.3564482207291404,0.3472012789892175,0.34619183252345165,0.3679293280769442,True
cand_a34f77030a1c,seeded_permutation_jitter,235,modeled,39.4282901002026,1.2680132582411598,6545.066750104297,6210.714285714285,0.3559342484071871,2.064319369339248,6291.086956521738,3264.375,4117748.3229132136,13440000.0,640.0,0.2504081985673949,0.435766775520064,0.4456911401834351,0.349264296408313,0.2631255000923246,0.5277777777777778,0.4292315811733843,0.4126740077051665,0.4071009063455841,0.41971917704088946,False
cand_a3718a717e3a,seeded_permutation_jitter,235,modeled,42.75730849704267,1.4288635603184068,6233.364622444723,6910.714285714285,0.14472051858314203,2.400008478404625,6938.043478260868,2556.25,4117748.3229132136,13440000.0,640.0,0.2476268663998645,0.8705717633206852,0.35293076958890096,0.6929792551955031,0.6294700560103401,0.2222222222222222,0.34603479850408836,0.4563702332541433,0.5607239334266635,0.685876440053278,False
cand_a7f4683952d3,seeded_permutation_jitter,235,modeled,41.48235110765717,1.2882262423763393,7252.951606174385,6792.857142857143,0.45056048792812275,2.443505179829369,6778.043478260868,3521.875,4117748.3229132136,13440000.0,640.0,0.2578662329385859,0.704048852944379,0.6563527166069186,0.7375159009604182,0.5388687142241642,0.6388888888888888,0.6523205282483625,0.6546009628725596,0.6604774169613091,0.6770055175998657,False
cand_a896f6a0a3f9,seeded_permutation_jitter,235,modeled,37.072758576666125,1.050012063734778,7275.750938673342,6792.857142857143,0.3559342484071871,1.779999551307938,6810.217391304347,3779.375,4117748.3229132136,13440000.0,640.0,0.257430720635054,0.12810946238312476,0.6631376383133916,0.05814679542921337,0.5570874623007325,0.75,0.6392932376249201,0.5309516365707758,0.4278340175616894,0.3052620557962984,False
cand_a9058ac0546b,seeded_permutation_jitter,235,modeled,39.52804057858197,1.238101071654527,6366.864831038799,6667.857142857143,0.20966676170912643,2.345844106400699,6585.434782608695,2942.5,4117748.3229132136,13440000.0,640.0,0.24890770411380134,0.4487952422825238,0.39265949687291485,0.6375198900022233,0.42980242506308874,0.3888888888888889,0.3843479414522964,0.4221290954363135,0.44737013731174413,0.45094185041071455,False
cand_a91401659e24,seeded_permutation_jitter,235,modeled,41.68404018318407,1.176092047609268,5829.401335002086,6650.0,0.14472051858314203,2.247926415234529,6467.608695652173,2427.5,4117748.3229132136,13440000.0,640.0,0.24343515146226802,0.7303915779071579,0.23271412387293022,0.5372611259409733,0.36308241521511664,0.16666666666666666,0.22064984781532912,0.3166388877282622,0.413956394263755,0.5427202934092721,False
cand_a9f7f0de42a1,seeded_permutation_jitter,235,modeled,41.77289932635921,1.256027448941163,7279.349186483104,6739.285714285715,0.14472051858314203,2.0275734402075103,6789.565217391303,3779.375,4117748.3229132136,13440000.0,640.0,0.2577142770020512,0.741997521178879,0.6642084516659684,0.31163982431186377,0.5453929956299622,0.75,0.6477751362327034,0.6209218699783174,0.6190622640540929,0.6676115206207982,False
cand_aa051256d9a4,seeded_permutation_jitter,235,modeled,39.717508857587134,1.103643927693388,7088.69420108469,6721.428571428572,0.3559342484071871,1.8751835112076873,6713.478260869564,3779.375,4117748.3229132136,13440000.0,640.0,0.25565533721906725,0.4735418020551107,0.6074708630134863,0.15560646859296867,0.5023081184218624,0.75,0.5861869636103081,0.5348597501641712,0.5014948557102459,0.49129588431365806,False
cand_ab0a606a2241,seeded_permutation_jitter,235,modeled,37.41965630715437,0.9253516524872987,7130.61118064247,6667.857142857143,0.3559342484071871,1.871588151965592,6601.956521739129,3521.875,4117748.3229132136,13440000.0,640.0,0.2560709116554029,0.17341797242806054,0.6199450626193026,0.1519251494189192,0.4391579983997043,0.6388888888888888,0.5986178614607554,0.500695246592386,0.40968754591167134,0.31030248784115255,False
cand_ab7c05658288,seeded_permutation_jitter,235,modeled,36.09190792166335,0.9022534106742692,7060.3149770546515,6650.0,0.3559342484071871,1.8604343339166336,6591.086956521738,3521.875,4117748.3229132136,13440000.0,640.0,0.2553567958014758,0.0,0.599025404658814,0.140504659425391,0.4330030159414045,0.6388888888888888,0.5772568236841613,0.46777743452202675,0.3563086446782952,0.2100050380756579,True
cand_ae4886c89753,seeded_permutation_jitter,235,modeled,40.1164296033278,1.2390573662071407,7010.805173133083,6917.857142857143,0.3559342484071871,2.10363213112349,6849.999999999999,3200.0,4117748.3229132136,13440000.0,640.0,0.25510489555946697,0.5256450677354171,0.5842916336887194,0.3895169704795764,0.5796146980981104,0.5,0.5697218410116818,0.5469823391904591,0.5290976201100034,0.5229332095317041,False
cand_aef53f0b0d7e,seeded_permutation_jitter,235,modeled,38.590769185158045,1.1183067956356842,6241.906549853985,6282.142857142857,0.3559342484071871,1.9059937868969108,6094.782608695651,3071.25,4117748.3229132136,13440000.0,640.0,0.2472182709824494,0.3263776920609952,0.3554727873737141,0.1871533742052117,0.1519665168954267,0.4444444444444444,0.33381266101932344,0.30899922915410444,0.29807330775243035,0.3101020759763933,False
cand_af531fb93679,seeded_permutation_jitter,235,modeled,38.97167334518066,1.076282255638866,6763.537755527744,6721.428571428572,0.3559342484071871,1.8137511319503654,6607.391304347825,3200.0,4117748.3229132136,13440000.0,640.0,0.25234234038424047,0.3761278012250198,0.5107065816223602,0.09270532841770868,0.4422354896288545,0.5,0.48708672636827854,0.4362562123546516,0.3994773982929532,0.3857893669590672,False
cand_af5cda2b3b73,seeded_permutation_jitter,235,modeled,39.12901467462294,1.101021139765752,6739.007092198582,6739.285714285715,0.14472051858314203,1.9463193693392482,6786.086956521738,3200.0,4117748.3229132136,13440000.0,640.0,0.2522296019883377,0.3966782418274568,0.5034064279839224,0.22844308403770447,0.5434234012433063,0.5,0.48371443163415656,0.45922265272551344,0.43818798359092376,0.4198860459133024,False
cand_b1b25d9bb657,seeded_permutation_jitter,235,modeled,37.72648099765052,0.9474011052224947,6527.565707133917,6667.857142857143,0.3559342484071871,1.984266044165436,6640.217391304347,3200.0,4117748.3229132136,13440000.0,640.0,0.2501531348125173,0.21349251990870546,0.44048295234104634,0.2672970099523933,0.46082353665292064,0.5,0.4216019697126975,0.3960347343589076,0.36392809789308733,0.3053613343300589,False
cand_b1f2967f56ca,seeded_permutation_jitter,235,modeled,41.63426826602698,1.3255322278675248,6287.400917813934,6792.857142857143,0.20966676170912643,2.4636614617296164,6833.91304347826,2878.125,4117748.3229132136,13440000.0,640.0,0.2482308823368816,0.72389083947542,0.3690115927184693,0.7581540909271269,0.5705053240598265,0.3611111111111111,0.36410246522417744,0.460713552521652,0.5448004215553296,0.6222232968543433,False
cand_b27c77f6332a,seeded_permutation_jitter,235,modeled,39.32037693710455,1.2073120644624435,6587.338339591156,6282.142857142857,0.3559342484071871,2.0245701190315954,6247.826086956521,3521.875,4117748.3229132136,13440000.0,640.0,0.2507911652119558,0.4216721758600219,0.4582708692210999,0.30856469799311503,0.23862866990829085,0.6388888888888888,0.44068709629275143,0.41791517735012795,0.40914317632723796,0.4183893641387891,False
cand_b2e59b34c1f6,seeded_permutation_jitter,235,modeled,43.45916277301602,1.4966764979554528,7737.046307884856,7107.142857142857,0.3559342484071871,2.5728622368652534,7247.826086956521,3908.125,4117748.3229132136,13440000.0,640.0,0.26283653701272647,0.9622413498246452,0.8004159101137547,0.8699657014669397,0.8048870560718904,0.8055555555555556,0.800995078050071,0.8245471140562239,0.8525762503728029,0.8973649186268725,False
cand_b3146f521fdd,seeded_permutation_jitter,235,modeled,38.37159261137347,1.0649679815929203,6490.050062578223,6792.857142857143,0.20966676170912643,2.2787916744513095,6731.739130434781,3200.0,4117748.3229132136,13440000.0,640.0,0.25007250399724623,0.297750914996308,0.4293185592128748,0.5688643296588082,0.5126484889518061,0.5,0.4191900951107115,0.4369192047979792,0.4354068776498508,0.3858056457858539,False
cand_b43a0d79204e,seeded_permutation_jitter,235,modeled,37.45779621437464,1.0532921803573496,7399.207342511473,6910.714285714285,0.14472051858314203,1.91272633323861,7225.217391304347,3586.25,4117748.3229132136,13440000.0,640.0,0.258798011455366,0.1783994474206191,0.6998773996306472,0.19404688616576596,0.7920846925586263,0.6666666666666666,0.6801924148433776,0.5948642533141204,0.5011906074831163,0.36739688132568005,False
cand_b48ab02bb213,seeded_permutation_jitter,235,modeled,39.89661313872744,1.1406798602483845,7657.467667918231,6650.0,0.3559342484071871,2.003755334628131,6812.608695652173,3972.5,4117748.3229132136,13440000.0,640.0,0.2614716437108231,0.49693471416703205,0.7767338640842996,0.28725226166379786,0.5584415584415585,0.8333333333333334,0.7601676167597998,0.6725234080864504,0.6037930002217248,0.5568985753821566,False
cand_b4bc4ec43cd9,seeded_permutation_jitter,235,modeled,40.39129538662174,1.2932828066850246,6973.89445139758,6596.428571428572,0.45056048792812275,1.9802028713087072,6787.608695652173,3457.5,4117748.3229132136,13440000.0,640.0,0.2546123590822972,0.5615454441542955,0.5733072613560533,0.2631366924047549,0.5442850987874684,0.6111111111111112,0.5549888110175761,0.5309427738024035,0.5205205147523656,0.5357834512016802,False
cand_b513c24d479c,seeded_permutation_jitter,235,modeled,43.703630387824504,1.4323240323172357,5760.1168126825205,6917.857142857143,0.18280219604948572,2.699860194639709,6598.695652173912,2170.0,4117748.3229132136,13440000.0,640.0,0.2431942400184776,0.9941714041539775,0.21209553517389104,1.0,0.4373115036622145,0.05555555555555555,0.21344356829734706,0.38446218298415413,0.5441307744227623,0.727962710138721,False
cand_b51ba338c66a,seeded_permutation_jitter,235,modeled,39.90549710034082,1.144997382909332,6832.040050062578,6667.857142857143,0.20966676170912643,2.1617400156401243,6697.826086956521,3200.0,4117748.3229132136,13440000.0,640.0,0.25337535221327856,0.4980950534504054,0.5310923848099696,0.44901413196763645,0.4934449436819106,0.5,0.5179867611209076,0.5077126511919444,0.4998091158401635,0.49720676349972004,False
cand_b53433b4649b,seeded_permutation_jitter,235,modeled,36.939090273310626,0.9255720172884752,6908.573216520651,6792.857142857143,0.45056048792812275,1.7232105013884533,6856.956521739129,3457.5,4117748.3229132136,13440000.0,640.0,0.2537021543636076,0.11065096919336495,0.5538681192482581,0.0,0.5835538868714222,0.6111111111111112,0.5277622520867801,0.446937385092663,0.3662448981028343,0.2620994573837689,True
cand_b64e2f301adf,seeded_permutation_jitter,235,modeled,42.603022789707026,1.377206765709192,5575.073007926575,6282.142857142857,0.14472051858314203,2.67638366400334,6000.86956521739,2491.875,4117748.3229132136,13440000.0,640.0,0.24132032544028173,0.850420419260958,0.1570277945900648,0.9759621788665944,0.09878746845571469,0.19444444444444445,0.157389974367422,0.30448838525276967,0.44827605143115656,0.6182229179475799,False
cand_b674fbeaf3c2,seeded_permutation_jitter,235,modeled,37.97598166283037,1.0231866759155248,6593.5753024614105,6335.714285714285,0.45056048792812275,1.7939153686290186,6301.304347826086,3521.875,4117748.3229132136,13440000.0,640.0,0.25062288009025574,0.24607994381202375,0.4601269456988999,0.07239532017379696,0.2689111836031267,0.6388888888888888,0.435653256444349,0.3775287592803487,0.3339782280148657,0.30115886575530176,False
cand_b6f6b3643411,seeded_permutation_jitter,235,modeled,41.4433808698306,1.2164835794879816,6265.081351689612,6525.0,0.18280219604948572,2.5122209565958054,6623.043478260868,2878.125,4117748.3229132136,13440000.0,640.0,0.2480562461705046,0.6989589279986788,0.3623694461256733,0.8078745743325279,0.45109866436880625,0.3611111111111111,0.35887864933124614,0.4476435138100309,0.5260025155408025,0.6006167224596476,False
cand_b7691452c6ab,seeded_permutation_jitter,235,modeled,41.99598201039247,1.3366762905961296,6047.058823529412,6917.857142857143,0.14472051858314203,2.6182501111464602,6516.956521739129,2491.875,4117748.3229132136,13440000.0,640.0,0.24598205004345325,0.7711344775266364,0.2974874683799681,0.9164387353447379,0.39102603557579835,0.19444444444444445,0.2968341203065045,0.41062232747718697,0.5123703911861532,0.6189053370294703,False
cand_b96046c4ae73,seeded_permutation_jitter,235,modeled,37.02209592050322,0.9866798558619545,6569.82686691698,7196.428571428572,0.18280219604948572,1.910013472666617,7092.391304347825,2878.125,4117748.3229132136,13440000.0,640.0,0.25050149383884907,0.12149238402279819,0.4530595775718922,0.19126916495135388,0.7168708069182003,0.3611111111111111,0.43202228215971733,0.4049888688604333,0.3581204607355798,0.26065299137578063,True
cand_ba4e452f5ec1,seeded_permutation_jitter,235,modeled,40.69867792085955,1.2080945379407932,5778.95285773884,6667.857142857143,0.14472051858314203,2.5048679487517216,6493.91304347826,2427.5,4117748.3229132136,13440000.0,640.0,0.24318760822315277,0.6016928519235821,0.21770101028911962,0.8003457665164871,0.3779774727642027,0.16666666666666666,0.2132451942804688,0.32561269113736285,0.4193653467395599,0.4978624198956413,False
cand_bbfb9d79e8c5,seeded_permutation_jitter,235,modeled,39.78891238384027,1.1822015877769592,6451.220275344181,6667.857142857143,0.20966676170912643,2.3422524661950628,6672.826086956521,3200.0,4117748.3229132136,13440000.0,640.0,0.2497476669166495,0.4828678572643236,0.4177630864255011,0.6338423787815116,0.47928848402782065,0.5,0.40947338442335396,0.4520010271828677,0.48266021868608405,0.48914038564002904,False
cand_bc6b04a932df,seeded_permutation_jitter,235,modeled,39.77227840862152,1.0578687050294682,6358.573216520651,6721.428571428572,0.18280219604948572,2.2744107725945457,6599.565217391303,2942.5,4117748.3229132136,13440000.0,640.0,0.2487533546348137,0.4806952842923837,0.3901919704517592,0.564378686662106,0.4378039022588784,0.3888888888888889,0.37973095243949007,0.4161265035532902,0.44438813525640775,0.4614952988089488,False
cand_bd4a9ef5cfb1,seeded_permutation_jitter,235,modeled,37.51929736154899,1.0036004931004125,6109.71005423446,6335.714285714285,0.45056048792812275,1.7587429926620597,6126.304347826086,3071.25,4117748.3229132136,13440000.0,640.0,0.24574905523201931,0.18643214726158486,0.316132035942083,0.03638202266292544,0.1698159660244968,0.4444444444444444,0.28986464757820596,0.2538373649975384,0.22868828388810147,0.21370836028017698,True
cand_bd4f9111b056,seeded_permutation_jitter,235,modeled,37.94707931742067,1.095280966132441,6982.133917396746,6667.857142857143,0.20966676170912643,1.7368668390926174,6848.478260869564,3457.5,4117748.3229132136,13440000.0,640.0,0.25445141771007274,0.24230499202587513,0.5757592687431136,0.013982841338640355,0.5787530005539483,0.6111111111111112,0.5501746415617415,0.4755108500397397,0.40827578538435216,0.33873709986699974,True
cand_be089cc854e5,seeded_permutation_jitter,235,modeled,39.527605699543216,1.0822506190337768,7121.59991656237,6667.857142857143,0.14472051858314203,2.1851459435032603,6697.173913043477,3779.375,4117748.3229132136,13440000.0,640.0,0.2562943568061396,0.448738442483724,0.6172633735276318,0.4729796623157984,0.49307564473441234,0.75,0.6053016793309722,0.5742197206480244,0.5463408332836348,0.5104030953903811,False
cand_bfaf4073a3e1,seeded_permutation_jitter,235,modeled,41.85742366852018,1.3088180030363885,7311.472674176054,6739.285714285715,0.3559342484071871,2.288286271304861,6815.652173913042,3779.375,4117748.3229132136,13440000.0,640.0,0.258296224710078,0.753037293622624,0.6737681766686845,0.5785859288352172,0.5601649535298822,0.75,0.6651826855915394,0.6603353868948447,0.6686029939328887,0.7036815516753985,False
cand_c2b0fb485a15,seeded_permutation_jitter,235,modeled,39.233800789127145,1.1189911166805726,6453.358364622445,6721.428571428572,0.14472051858314203,1.8480008589248063,6502.173913043477,2749.375,4117748.3229132136,13440000.0,640.0,0.2492747962021619,0.41036441589063527,0.4183993668234091,0.1277739177093552,0.38265525943251044,0.3055555555555556,0.39532860785794516,0.3677813460335118,0.3526902006428678,0.36890526908482973,True
cand_c35d2fa144ac,seeded_permutation_jitter,235,modeled,39.46574179063236,1.2029157589011163,6956.654151022111,6550.0,0.3559342484071871,2.212673185272075,6558.695652173912,3521.875,4117748.3229132136,13440000.0,640.0,0.25467242639250587,0.4406583621258573,0.5681766686841413,0.5011650413304346,0.41466116821567056,0.6388888888888888,0.5567855784124605,0.5312121911204921,0.5085805813509663,0.4824905548017581,False
cand_c383b5e3d1fd,seeded_permutation_jitter,235,modeled,39.30601700381262,1.1053887633505315,5961.493533583646,6550.0,0.42504314296168766,2.4747322687454534,6229.130434782608,2813.75,4117748.3229132136,13440000.0,640.0,0.24498287930159457,0.41979661679860575,0.27202383723637047,0.7694895852116563,0.22804210008001488,0.3333333333333333,0.2669463593154298,0.33267625211886487,0.382358961671324,0.40452434279114213,False
cand_c39b75297247,seeded_permutation_jitter,235,modeled,38.52527966267609,0.9956174076697073,6609.3032957864,6917.857142857143,0.18280219604948572,2.057509867076804,6740.86956521739,2942.5,4117748.3229132136,13440000.0,640.0,0.25104375452195343,0.31782406825078635,0.46480748638204766,0.3422919886202719,0.5178186742167783,0.3888888888888889,0.4482426907570825,0.4310803858890765,0.4075594062671149,0.36859607588658533,False
cand_c49ca88c990a,seeded_permutation_jitter,235,modeled,43.32807861267977,1.4312397954569192,7657.446808510638,6667.857142857143,0.3559342484071871,2.5592921707864438,6922.608695652173,3972.5,4117748.3229132136,13440000.0,640.0,0.2620269719529055,0.9451203730256106,0.7767276564706613,0.8560711943856596,0.6207299809195544,0.8333333333333334,0.7767789095805611,0.7887574247606288,0.8129959706167347,0.8673413671540349,False
cand_c66f6e1698d2,seeded_permutation_jitter,235,modeled,39.00588535339492,1.1081215089488508,7479.09887359199,6739.285714285715,0.3559342484071871,1.8947489071143337,6918.260869565216,3650.625,4117748.3229132136,13440000.0,640.0,0.2595789493400469,0.3805962510925113,0.7236525598646741,0.1756396453213752,0.6182679879362342,0.6944444444444444,0.7035522710405263,0.6124966301571986,0.5339430048352274,0.46570601540958034,False
cand_c6b9344eb0da,seeded_permutation_jitter,235,modeled,42.174661094031975,1.356065075086618,5443.481435127243,6210.714285714285,0.45056048792812275,2.650453618592361,6007.608695652173,2491.875,4117748.3229132136,13440000.0,640.0,0.23997847966687744,0.794471854350942,0.1178670639539396,0.949412182905752,0.1026035575798609,0.19444444444444445,0.11725192379982073,0.27067700319887905,0.41702597046578294,0.579254840971409,False
cand_c874fa447235,seeded_permutation_jitter,235,modeled,39.958023259127685,1.3655420093862312,6603.076762619942,6650.0,0.3559342484071871,2.3293960495218107,6666.304347826086,3200.0,4117748.3229132136,13440000.0,640.0,0.2512533753727339,0.5049555249492161,0.4629545137110669,0.6206785834492741,0.47559549455284056,0.5,0.4545129883392734,0.4818226315214298,0.5014478439307256,0.5063740473103507,False
cand_cab19c94ccd4,seeded_permutation_jitter,235,modeled,40.0550426426834,1.0936953461661063,7953.514810179391,7303.571428571428,0.3559342484071871,2.189842938121092,7438.043478260868,3908.125,4117748.3229132136,13440000.0,640.0,0.26461820273692765,0.5176272818621267,0.8648354206434193,0.477788955402448,0.9125992490921399,0.8055555555555556,0.8542892720252251,0.7879492755225748,0.7196310816277431,0.6334873866947873,False
cand_cb9714e61cad,seeded_permutation_jitter,235,modeled,38.71841712012659,1.0152779746128089,6070.619524405507,6425.0,0.45056048792812275,2.0846900688223204,6349.782608695651,2942.5,4117748.3229132136,13440000.0,640.0,0.24568409700989002,0.34304986150873834,0.30449896798423276,0.3701220303776534,0.2963624053671446,0.3888888888888889,0.2879215804565708,0.3100335095957184,0.32871205029312534,0.3390607321144265,False
cand_cd7ee17b9229,seeded_permutation_jitter,235,modeled,38.34365321215201,1.1581908814435786,5928.274926992074,6721.428571428572,0.14472051858314203,2.1074778598007806,6434.999999999999,2749.375,4117748.3229132136,13440000.0,640.0,0.24428343882673417,0.2941017341599466,0.2621382125176532,0.3934546450663448,0.34461746784021663,0.3055555555555556,0.24602429978712143,0.28082804425563723,0.3041230935031253,0.3046337568753037,True
cand_cfd0b839263e,seeded_permutation_jitter,235,modeled,41.592005127656606,1.3052638608550755,7149.645390070922,7107.142857142857,0.14472051858314203,2.30038302662026,7025.217391304347,3457.5,4117748.3229132136,13440000.0,640.0,0.25669004862434214,0.7183708269152644,0.6256095100640937,0.590971900385701,0.6788330153259065,0.6111111111111112,0.6171378370496836,0.6317834748526986,0.6488671327669396,0.6766134003445609,False
cand_d11e5e9cc1e9,seeded_permutation_jitter,235,modeled,38.155720511898735,1.092727708402124,7182.248644138507,6792.857142857143,0.18280219604948572,1.9381467399316712,6909.130434782608,3457.5,4117748.3229132136,13440000.0,640.0,0.2566538448783294,0.26955573720224646,0.6353120101804867,0.22007505867093205,0.6130978026712626,0.6111111111111112,0.6160548900992974,0.5441526619867214,0.47294661016399386,0.3870179982295797,False
cand_d174691c3e86,seeded_permutation_jitter,235,modeled,39.91306510389945,1.2103103728926239,5845.775969962453,6210.714285714285,0.20966676170912643,2.4880591603798505,6001.956521739129,2813.75,4117748.3229132136,13440000.0,640.0,0.24383903055701706,0.4990835147031607,0.23758710057886,0.7831351038930088,0.09940296670154462,0.3333333333333333,0.23273090798598228,0.3068323442762583,0.37291197891197586,0.4314783289367122,True
cand_d1c63ead6333,seeded_permutation_jitter,235,modeled,38.44874418861913,1.009268684378828,6756.320400500626,6525.0,0.18280219604948572,1.8989304927920831,6573.91304347826,3200.0,4117748.3229132136,13440000.0,640.0,0.25235534619481104,0.3078277264176384,0.5085587473035681,0.1799212067723689,0.4232781436572906,0.5,0.4874757635383473,0.43612440154943866,0.39226994816032423,0.3548548474799413,False
cand_d4ca2e18044a,seeded_permutation_jitter,235,modeled,38.436614579394494,1.0272518493218075,6693.3145598665005,7196.428571428572,0.20966676170912643,1.984848781103954,7109.782608695651,2878.125,4117748.3229132136,13440000.0,640.0,0.2518112060767816,0.3062434712522267,0.489808650309605,0.26789367930328195,0.7267187788514802,0.3611111111111111,0.4711991362193105,0.45721201415235035,0.43050544814219965,0.376547087957238,False
cand_d4e2e9aa6ab4,seeded_permutation_jitter,235,modeled,41.72841600276208,1.2538210338756448,7798.571130579892,6792.857142857143,0.45056048792812275,2.550652077907186,7103.695652173912,4230.0,4117748.3229132136,13440000.0,640.0,0.26342957508071874,0.7361875289624529,0.8187252665394109,0.8472245291596715,0.7232719886748322,0.9444444444444444,0.8187343685358892,0.8100666011507741,0.8006210129484989,0.7792064822379794,False
cand_d73faa89ad28,seeded_permutation_jitter,235,modeled,38.708445568586754,1.0213595799050603,7951.6896120150195,7303.571428571428,0.14472051858314203,2.0895364825818454,7504.347826086955,3908.125,4117748.3229132136,13440000.0,640.0,0.2644996442997447,0.3417474714859778,0.8642922544500834,0.3750843150054111,0.9501446420877698,0.8055555555555556,0.8507428849208473,0.7619907012636298,0.665246650619171,0.5300059302732121,False
cand_d92442890dac,seeded_permutation_jitter,235,modeled,42.98004890326604,1.4066953809299716,6985.022945348353,6139.285714285715,0.42504314296168766,2.26653240197681,6223.91304347826,3843.75,4117748.3229132136,13440000.0,640.0,0.255009973552473,0.8996640145688566,0.5766190232319942,0.5563119553948194,0.2250877085000308,0.7777777777777778,0.5668824801907763,0.5769293503154469,0.6202599076792347,0.7367389785128722,False
cand_d9492f2b1968,seeded_permutation_jitter,235,modeled,36.23845565303926,0.8878741077702921,6863.14142678348,7035.714285714285,0.14472051858314203,1.8102977848144095,7040.434782608694,3135.625,4117748.3229132136,13440000.0,640.0,0.2533349237496618,0.019140682614909813,0.5403479367444173,0.08916941665751577,0.687449990767526,0.4722222222222222,0.5167774420253888,0.4426280316394633,0.3540865076423977,0.21528520417863797,True
cand_da70bd093d3c,seeded_permutation_jitter,235,modeled,41.10969521952022,1.266688283879608,5454.088443888194,6264.285714285715,0.45056048792812275,2.6008877603127103,5985.652173913042,2491.875,4117748.3229132136,13440000.0,640.0,0.24003498389620728,0.6553760552665348,0.12102363548892735,0.8986612753673013,0.0901704930140946,0.19444444444444445,0.11894211030193326,0.251767605061321,0.37365926716136294,0.4968339207431675,False
cand_dadbc821954c,seeded_permutation_jitter,235,modeled,40.13651204349153,1.0851810087470217,7063.871506049229,6935.714285714285,0.20966676170912643,2.24652776826978,6976.521739130434,3457.5,4117748.3229132136,13440000.0,640.0,0.2557784545257747,0.5282680466768024,0.6000838027841149,0.5358290393141983,0.6512586939127225,0.6111111111111112,0.589869718201272,0.5870385630641811,0.5797385010513636,0.5598691762945197,False
cand_db7ce07ecb30,seeded_permutation_jitter,235,modeled,38.091909767225154,0.9845307503048251,7556.0179390905305,6667.857142857143,0.42504314296168766,2.0031411335243483,6806.304347826086,3972.5,4117748.3229132136,13440000.0,640.0,0.2604565322214423,0.261221379517206,0.7465431351552683,0.28662337588415054,0.5548716686157444,0.8333333333333334,0.7298030271027125,0.6288212928930232,0.5336420159840796,0.4222990613884486,False
cand_dce61cd3514d,seeded_permutation_jitter,235,modeled,40.639950152792736,1.1152165594565342,7132.446808510638,6810.714285714285,0.3559342484071871,2.0077457020641973,6908.043478260868,3457.5,4117748.3229132136,13440000.0,640.0,0.2562254254841832,0.5940223847065527,0.6204913326194579,0.2913380331165923,0.6124823044254321,0.6111111111111112,0.6032397665976197,0.5750334109721418,0.5597739894325875,0.5704165780457442,False
cand_dd319e39677d,seeded_permutation_jitter,235,modeled,41.684324708750864,1.186152812906206,6116.353775552775,6917.857142857143,0.14472051858314203,2.24377879618691,6793.91304347826,2427.5,4117748.3229132136,13440000.0,640.0,0.24630052824872734,0.730428739953399,0.31810916088582675,0.5330143432139837,0.5478549886132825,0.16666666666666666,0.3063606207146246,0.39035982500158617,0.47098017671346537,0.5736183539480767,False
cand_ddd7e84e5d9b,seeded_permutation_jitter,235,modeled,40.602828787336136,1.2483759158030427,5449.59324155194,6650.0,0.14472051858314203,2.1203351536901236,6231.086956521738,2170.0,4117748.3229132136,13440000.0,640.0,0.23950947926622215,0.5891739420335353,0.11968589474991087,0.40661933858766375,0.22914999692250868,0.05555555555555555,0.10322291825325319,0.19483644887126178,0.2876350580784354,0.410307892612671,True
cand_deb1a75ad74b,manual_baseline,235,modeled,39.19144311535408,1.0419329287320491,7207.373800584064,7196.428571428572,0.18280219604948572,2.2209618932241093,7139.347826086955,3457.5,4117748.3229132136,13440000.0,640.0,0.2571879115960774,0.40483205600772193,0.6427890808076109,0.5096519205147624,0.743460331138056,0.6111111111111112,0.6320301961652535,0.608783446525378,0.5736483084472745,0.5049603849696638,False
cand_dec7fabe9309,seeded_permutation_jitter,235,modeled,40.477256397713404,1.2244416784797059,5469.722569879015,6596.428571428572,0.20966676170912643,2.1509047716988894,6296.304347826086,2170.0,4117748.3229132136,13440000.0,640.0,0.23974134216750168,0.5727728607448788,0.12567624191070348,0.4379198327361848,0.2660798916723087,0.05555555555555555,0.11015853264409138,0.2043857389017662,0.29600775768180365,0.40905615222936315,True
cand_decbe646f365,seeded_permutation_jitter,235,modeled,37.64855156281139,1.0698334095510844,6732.780559032124,6407.142857142857,0.42504314296168766,1.9180028569807477,6372.826086956521,3521.875,4117748.3229132136,13440000.0,640.0,0.2521390201443146,0.20331411206430927,0.5015534553129416,0.19944956409481157,0.3094109681787408,0.6388888888888888,0.48100489622556636,0.418897375287955,0.36350792224242234,0.3008032940941867,False
cand_e09ffb0b590a,seeded_permutation_jitter,235,modeled,41.79440630440725,1.2611967804959188,5926.606174384648,6407.142857142857,0.3559342484071871,2.5718658615218453,6088.91304347826,2813.75,4117748.3229132136,13440000.0,640.0,0.24473113930238097,0.744806559824229,0.2616416034266028,0.8689455042045096,0.14864282636794487,0.3333333333333333,0.25941616991617533,0.3618604811784131,0.4634139690480056,0.5838707431323739,False
cand_e2ecc37c9b36,seeded_permutation_jitter,235,modeled,38.21392631846417,0.9927584630749532,6518.3145598665005,6739.285714285715,0.20966676170912643,1.9798756575405667,6725.217391304347,3200.0,4117748.3229132136,13440000.0,640.0,0.2500562329532182,0.2771580307304621,0.4377298756925372,0.26280165542025413,0.5089554994768266,0.5,0.4187033864285898,0.40490269313092975,0.38540456401997353,0.34432078928214543,False
cand_e35243bfa019,seeded_permutation_jitter,235,modeled,37.482023056616576,1.0129894182148915,7308.468919482687,6910.714285714285,0.18280219604948572,1.9486210700807152,7199.130434782607,3586.25,4117748.3229132136,13440000.0,640.0,0.25792652196192023,0.1815637290765727,0.672874280304794,0.2307998151741313,0.7773127346587059,0.6666666666666666,0.6541239276518016,0.5802940670958943,0.4959679266194644,0.3673315970551349,False
cand_e40fe170a1ee,seeded_permutation_jitter,235,modeled,39.792877508868656,1.3137764609600826,7113.631622861911,7107.142857142857,0.14472051858314203,2.1340039533151094,7197.608695652173,3328.75,4117748.3229132136,13440000.0,640.0,0.25616353187894686,0.48338574450136385,0.6148920651178672,0.4206149397939494,0.7764510371145443,0.5555555555555556,0.6013883700317649,0.588750944702326,0.5691485567455088,0.5326829377355301,False
cand_e4baa01f041b,seeded_permutation_jitter,235,modeled,41.777532306946185,1.2779124717406283,6392.115143929913,6917.857142857143,0.18280219604948572,2.510046799312926,6886.086956521738,2878.125,4117748.3229132136,13440000.0,640.0,0.2493244099356247,0.7426026374105924,0.4001738131818678,0.8056484360375968,0.6000492398596663,0.3611111111111111,0.3968126819460768,0.4913179998366597,0.5721730867766337,0.6449703446921539,False
cand_e4fd530f94d7,seeded_permutation_jitter,235,modeled,41.55081686766183,1.168783268792615,6411.347517730497,6917.857142857143,0.3559342484071871,2.5999590518339,6829.999999999999,2620.625,4117748.3229132136,13440000.0,640.0,0.24960664592615153,0.7129912048316026,0.4058972329562211,0.8977103627880748,0.5682895303748384,0.25,0.4052550847052419,0.4939112370955058,0.5651154944793682,0.624597629504557,False
cand_e78bd7222918,seeded_permutation_jitter,235,modeled,38.93614310974762,1.2005743670593754,6344.847726324572,6335.714285714285,0.45056048792812275,1.96728644715663,6175.217391304347,3071.25,4117748.3229132136,13440000.0,640.0,0.248308975407415,0.3714871769501039,0.38610736067787144,0.24991145490011948,0.19751338708684685,0.4444444444444444,0.3664384293686239,0.345248742901922,0.33661720152088326,0.3504375335019166,False
cand_e9117c664dbd,seeded_permutation_jitter,235,modeled,38.46169630554173,1.0344714931588863,7442.083854818524,6810.714285714285,0.3559342484071871,1.8335116462654222,7090.652173913042,3908.125,4117748.3229132136,13440000.0,640.0,0.2591475618914633,0.3095194097816799,0.7126371494638176,0.11293828855848774,0.715886009724872,0.8055555555555556,0.6906483654139155,0.6063319037108121,0.5283837374483303,0.43946979398089303,False
cand_e91ad4d76309,seeded_permutation_jitter,235,modeled,39.8135589965636,1.2617176820265752,6322.8619107217355,6335.714285714285,0.45056048792812275,2.3360608700292276,6226.956521739129,3264.375,4117748.3229132136,13440000.0,640.0,0.24845789167425922,0.48608696538179946,0.3795645359032855,0.6275027503470588,0.22681110358835452,0.5277777777777778,0.37089289706334794,0.402810099737777,0.4339934389536989,0.4620580925748048,False
cand_e9909045d464,seeded_permutation_jitter,235,modeled,40.247686579017575,1.1216193960841552,6089.987484355444,6532.142857142857,0.18280219604948572,2.4103989652673223,6246.521739130434,2813.75,4117748.3229132136,13440000.0,640.0,0.2462034855058344,0.5427886160461475,0.3102627372472338,0.703618163838486,0.23789007201329485,0.3333333333333333,0.30345782324068443,0.3633646740638868,0.41782794365818676,0.47221706063065017,False
cand_eb3c77486459,seeded_permutation_jitter,235,modeled,40.602828787336136,1.2483759158030427,5449.59324155194,6650.0,0.14472051858314203,2.1203351536901236,6231.086956521738,2170.0,4117748.3229132136,13440000.0,640.0,0.23950947926622215,0.5891739420335353,0.11968589474991087,0.40661933858766375,0.22914999692250868,0.05555555555555555,0.10322291825325319,0.19483644887126178,0.2876350580784354,0.410307892612671,True
cand_eb899f598d19,seeded_permutation_jitter,235,modeled,37.828988426461805,1.0404108455995358,7131.497705465165,7321.428571428572,0.14472051858314203,2.1219779346063374,7273.043478260868,3135.625,4117748.3229132136,13440000.0,640.0,0.2563301666862706,0.22688107353642684,0.6202088861989232,0.4083013960618693,0.8191666153751459,0.4722222222222222,0.6063728447420851,0.5652637749093363,0.5030603962729786,0.3870931446679551,False
cand_ec38132981fd,seeded_permutation_jitter,235,modeled,39.00698516103108,1.0603695720228692,6808.719232373801,6721.428571428572,0.45056048792812275,1.8516779563911414,6713.478260869564,3393.125,4117748.3229132136,13440000.0,640.0,0.2528320819771418,0.3807398975939175,0.5241522727625434,0.13153892935246966,0.5023081184218624,0.5833333333333334,0.5017361542015981,0.4601162792186722,0.428686242580711,0.4086270167737555,False
cand_ec72f80c5bc5,seeded_permutation_jitter,235,modeled,37.97598166283037,1.0231866759155248,6593.5753024614105,6335.714285714285,0.42504314296168766,1.7939153686290186,6301.304347826086,3521.875,4117748.3229132136,13440000.0,640.0,0.25062288009025574,0.24607994381202375,0.4601269456988999,0.07239532017379696,0.2689111836031267,0.6388888888888888,0.435653256444349,0.3775287592803487,0.3339782280148657,0.30115886575530176,False
cand_eca8349d2fdd,seeded_permutation_jitter,235,modeled,38.08904195093646,1.0672923601817021,6181.1743846474765,6532.142857142857,0.3559342484071871,2.301596745918044,6419.347826086955,2942.5,4117748.3229132136,13440000.0,640.0,0.24700655228940546,0.2608468123992823,0.3373993202663068,0.5922146379877002,0.3357542931002644,0.3888888888888889,0.3274796115914864,0.3526757226288584,0.35989773744388853,0.3252654414234956,False
cand_ecf072e50ec6,seeded_permutation_jitter,235,modeled,39.78881869848773,1.166002157472531,6694.628702544848,6792.857142857143,0.18280219604948572,2.32982477373877,6852.391304347825,3200.0,4117748.3229132136,13440000.0,640.0,0.2521693234961999,0.4828556209670996,0.49019972996880695,0.6211175578532202,0.5809687942389363,0.5,0.4819113472458311,0.5079798304241623,0.5213535061362344,0.5088947671002927,False
cand_ed3cabdb6f67,seeded_permutation_jitter,235,modeled,41.68434503625897,1.2907387762299316,6336.837713808928,6721.428571428572,0.3559342484071871,2.460426257177576,6751.304347826086,2878.125,4117748.3229132136,13440000.0,640.0,0.24872201509227948,0.7304313949408034,0.38372363704083073,0.7548415372301404,0.5237274573767465,0.3611111111111111,0.37879350629781233,0.4659108932153554,0.544068062390183,0.6230173168082155,False
cand_ed3ede99387d,seeded_permutation_jitter,235,modeled,39.64037679424189,1.200091096798465,5487.44263662912,6335.714285714285,0.45056048792812275,2.162660125810633,6032.608695652173,2491.875,4117748.3229132136,13440000.0,640.0,0.23993029818911446,0.46346753935542107,0.13094960969629263,0.4499562406652243,0.11676001723395088,0.19444444444444445,0.11581069215516926,0.19028838947971038,0.2638802937307099,0.34990871245723126,True
cand_edd18bf735a5,seeded_permutation_jitter,235,modeled,43.24221217809048,1.4076911625957398,5532.12348769295,6525.0,0.18280219604948572,2.5868006352673696,6296.521739130434,2170.0,4117748.3229132136,13440000.0,640.0,0.2408012472092095,0.9339053091258389,0.14424631810916114,0.8842373471741282,0.2662029913214748,0.05555555555555555,0.1418630124018456,0.30378079645721895,0.4617266490934647,0.6557652918553357,False
cand_ef176060be9a,seeded_permutation_jitter,235,modeled,38.25821407928751,1.0975893687043083,6820.515227367543,7035.714285714285,0.18280219604948572,2.1525110105827236,7049.347826086955,3135.625,4117748.3229132136,13440000.0,640.0,0.2532508749812708,0.2829424803816835,0.5276626782749043,0.43956447450992775,0.692497076383332,0.4722222222222222,0.5142633276743299,0.501392579817006,0.47043910975776243,0.3945261757326811,False
cand_f1381b555813,seeded_permutation_jitter,235,modeled,39.582501091061005,1.2581680490025215,7018.262411347518,6810.714285714285,0.14472051858314203,2.054846663816238,6805.434782608694,3200.0,4117748.3229132136,13440000.0,640.0,0.25513068247430404,0.45590836081816727,0.5865108555643498,0.3395651119530603,0.55437927001908,0.5,0.5704931938096167,0.5332084995184916,0.5009448976846753,0.4773197818941219,False
cand_f23361d1aeab,seeded_permutation_jitter,235,modeled,41.60529218606048,1.2745437208426529,5660.0750938673345,6282.142857142857,0.3559342484071871,2.6325019089767574,6076.956521739129,2491.875,4117748.3229132136,13440000.0,640.0,0.24212646454466277,0.7201062571768355,0.18232382016543308,0.9310312734152236,0.14187234566381457,0.19444444444444445,0.18150366371793283,0.307123614731591,0.42409686519128553,0.5501008130020478,False
cand_f2f115749870,seeded_permutation_jitter,235,modeled,39.58369987162793,1.0907152530941344,7721.693783896538,7303.571428571428,0.14472051858314203,2.0114698655205796,7494.782608695651,3586.25,4117748.3229132136,13440000.0,640.0,0.2621216194014986,0.45606493423039945,0.7958471064760931,0.2951512360307145,0.944728257524466,0.6666666666666666,0.779610057655117,0.7121098709108638,0.6427757542010297,0.5600555433792697,False
cand_f39493140093,seeded_permutation_jitter,235,modeled,36.9126134670346,0.9357568412844248,6385.4297037964125,6792.857142857143,0.42504314296168766,1.9144712723382096,6609.347826086955,2942.5,4117748.3229132136,13440000.0,640.0,0.248661980007315,0.1071928184541642,0.39818427301084797,0.19583354428039734,0.44334338647134824,0.3888888888888889,0.37699770284267925,0.34230791173800224,0.29775014314376325,0.22043094455707252,True
cand_f42844f10026,seeded_permutation_jitter,235,modeled,40.92716084095215,1.2202720259245292,5695.525657071339,6667.857142857143,0.20966676170912643,2.1438487811039533,6396.304347826086,2170.0,4117748.3229132136,13440000.0,640.0,0.24199231704883,0.6315351361770458,0.19287365954343005,0.43069514342977977,0.32270573028866867,0.05555555555555555,0.17749096786422663,0.25894791163095504,0.34164784774590423,0.45640188217232996,False
cand_f497ec01f925,seeded_permutation_jitter,235,modeled,39.57406378127914,1.0815380778154635,6179.68293700459,6721.428571428572,0.20966676170912643,1.9962816119647768,6449.999999999999,2749.375,4117748.3229132136,13440000.0,640.0,0.24668632267902332,0.45480635898475763,0.3369554758911808,0.27959985290864414,0.3531113436326706,0.3055555555555556,0.31790072216207593,0.33352321579510014,0.3542400282854897,0.3935607563485256,True
cand_f49cfe2040b4,seeded_permutation_jitter,235,modeled,39.460742247430915,1.207372061125501,7003.212348769295,7107.142857142857,0.14472051858314203,1.973480735085797,7070.86956521739,3135.625,4117748.3229132136,13440000.0,640.0,0.2548988159197914,0.44000536894240855,0.582032062324441,0.2562538394541414,0.7046839416507662,0.4722222222222222,0.5635574701412013,0.5327889705351094,0.502304264609629,0.47170003299054186,False
cand_f52734bde931,seeded_permutation_jitter,235,modeled,39.01442198523877,1.243328373679605,6866.239048811014,6650.0,0.3559342484071871,2.184380326029616,6673.260869565216,3393.125,4117748.3229132136,13440000.0,640.0,0.25373998251115243,0.3817112254369743,0.5412697673696791,0.47219574001598646,0.4795346833261523,0.5833333333333334,0.5288937890555786,0.5081481911778192,0.48410872502617036,0.44401921584762993,False
cand_f5f39eff106a,seeded_permutation_jitter,235,modeled,39.549833009100254,1.1874074355793498,7261.284939507718,6792.857142857143,0.14472051858314203,2.000574724855618,7014.782608695651,3457.5,4117748.3229132136,13440000.0,640.0,0.25750663581694544,0.4516415640375017,0.6588326582553503,0.2839956080299605,0.6729242321659382,0.6111111111111112,0.6415640555311213,0.5910186224827587,0.5455606181306096,0.5031674239534181,False
cand_f60ee70d8dc4,seeded_permutation_jitter,235,modeled,38.708445568586754,1.0213595799050603,7980.9762202753445,7303.571428571428,0.14472051858314203,2.105637526823595,7551.304347826086,3908.125,4117748.3229132136,13440000.0,640.0,0.2648086114265897,0.3417474714859778,0.8730077439980137,0.3915703123420299,0.9767341663076261,0.8055555555555556,0.8599848845655363,0.7722265766738114,0.6748373767089317,0.5356471313658872,False
cand_f6ba426d4c66,seeded_permutation_jitter,235,modeled,41.77284636769352,1.246811436932697,7269.545264914476,6721.428571428572,0.14472051858314203,2.0275734402075103,6752.608695652173,3779.375,4117748.3229132136,13440000.0,640.0,0.2576162377863649,0.7419906042174071,0.6612908732560486,0.31163982431186377,0.5244660552717425,0.75,0.6448425317003352,0.6169245452186762,0.6148980873981528,0.6650766341885563,False
cand_f732a5affc92,seeded_permutation_jitter,235,modeled,40.491532958406076,1.227102189941677,6074.207342511473,6721.428571428572,0.45056048792812275,2.3462539098494477,6607.173913043477,2620.625,4117748.3229132136,13440000.0,640.0,0.2459815390319768,0.5746375304636476,0.3055666775299907,0.6379394912692697,0.4421123899796884,0.25,0.2968188346418712,0.3722133601216948,0.43630332550553447,0.49445343936499475,False
cand_f7bea53f1b11,seeded_permutation_jitter,235,modeled,39.832970838612155,1.1784388491675368,6726.533166458073,6935.714285714285,0.3559342484071871,2.455516303236993,6814.782608695651,2942.5,4117748.3229132136,13440000.0,640.0,0.25261405966483036,0.4886223571216352,0.4996942750283223,0.74981419326586,0.5596725549332183,0.3888888888888889,0.495214547344932,0.5218167699032301,0.5316885275065637,0.5133100149957749,False
cand_f7e56da66176,seeded_permutation_jitter,235,modeled,43.22739692809496,1.4685796559491662,5597.058823529412,6264.285714285715,0.3559342484071871,2.69659000418108,6067.391304347825,2491.875,4117748.3229132136,13440000.0,640.0,0.24156038993648785,0.9319702808905848,0.16357061936465078,0.9966516239330987,0.13645596110051075,0.19444444444444445,0.16457091950969477,0.32305106147418666,0.47980291422151644,0.669924465349577,False
cand_f80a49613222,seeded_permutation_jitter,235,modeled,38.10010019673172,0.948393724675985,7092.980809345015,7035.714285714285,0.42504314296168766,1.8560659370379455,7178.043478260868,3328.75,4117748.3229132136,13440000.0,640.0,0.25567908572750075,0.2622911361773263,0.6087465276161212,0.13603182038302597,0.765372068689604,0.5555555555555556,0.5868973424416926,0.5289079306660379,0.46612282985025977,0.3801755892440448,False
cand_f8e2eaa276c9,seeded_permutation_jitter,235,modeled,41.81721031532509,1.2580412454066043,6091.572799332499,6721.428571428572,0.18280219604948572,2.4217498135400772,6547.391304347825,2620.625,4117748.3229132136,13440000.0,640.0,0.2462306895038777,0.7477850046710195,0.31073451588373147,0.7152403947685628,0.40825998645903855,0.25,0.3042715646338792,0.39837449828936145,0.4882589462237233,0.594918820511888,False
cand_f93ea4049967,seeded_permutation_jitter,235,modeled,38.08222389249366,0.947883279012339,7054.724655819775,6792.857142857143,0.3559342484071871,1.9402663051490627,6874.565217391303,3457.5,4117748.3229132136,13440000.0,640.0,0.25538072456035943,0.25995630190499935,0.597361764203796,0.22224529968164236,0.5935249584538682,0.6111111111111112,0.5779725942690732,0.5167187733247125,0.4546339672888077,0.374298909106245,False
cand_fb02c31db6f5,seeded_permutation_jitter,235,modeled,39.66960878771138,1.0478356766105987,7851.095118898624,7178.571428571428,0.42504314296168766,2.0384592666662384,7320.652173913042,3908.125,4117748.3229132136,13440000.0,640.0,0.2634426221526651,0.4672855466623065,0.834356037680215,0.32278591541694507,0.8461254385424999,0.8055555555555556,0.8191246399395948,0.7386131934617826,0.6624535488420311,0.5788455773807699,False
cand_fbee375b9eb5,seeded_permutation_jitter,235,modeled,42.38369059371977,1.2689095488828461,7447.4655819774725,6650.0,0.42504314296168766,2.299591199831064,6707.173913043477,3972.5,4117748.3229132136,13440000.0,640.0,0.25966745871661845,0.8217733162917928,0.7142387137824545,0.5901611421428353,0.4987382285960484,0.8333333333333334,0.7061998136292125,0.6929696492517088,0.7008892828179869,0.750932456427414,False
cand_fd746a46cfa2,seeded_permutation_jitter,235,modeled,41.58936176522369,1.1687832687926147,7524.238631622862,6917.857142857143,0.42504314296168766,2.5374492792082513,7017.826086956521,3779.375,4117748.3229132136,13440000.0,640.0,0.2606730472924495,0.7180255758432108,0.7370858357775814,0.8337060702995834,0.6746476272542624,0.75,0.7362795485040399,0.7388405769583628,0.7386185480250019,0.7312719974721108,False
cand_fd7e4bb5d7fe,seeded_permutation_jitter,235,modeled,38.43942072216227,1.0804767340442256,6421.881518564873,6792.857142857143,0.42504314296168766,1.9144712723382096,6625.652173913042,2942.5,4117748.3229132136,13440000.0,640.0,0.24902649815499958,0.3066099831564766,0.4090320778434751,0.19583354428039734,0.4525758601587983,0.3888888888888889,0.3879013760773859,0.37025188291922584,0.3527944173241903,0.33266359665708745,False
cand_fddceba974ee,seeded_permutation_jitter,235,modeled,38.62469925052597,1.0416477036519618,6438.245723821444,6792.857142857143,0.20966676170912643,1.9517980972374485,6674.565217391303,3006.875,4117748.3229132136,13440000.0,640.0,0.2492274670324645,0.33080931721283546,0.41390195074258596,0.23405280053693525,0.4802732812211483,0.4166666666666667,0.3939128709347543,0.3843886013091903,0.3733852290223184,0.35613023793053084,False
cand_feae19aee38a,seeded_permutation_jitter,235,modeled,41.16719570462647,1.2679298365725118,6074.342928660826,6525.0,0.18280219604948572,2.1184487811039534,6399.130434782608,2749.375,4117748.3229132136,13440000.0,640.0,0.24575508976472488,0.6628862263574743,0.30560702701863846,0.4046878655127166,0.3243060257278268,0.3055555555555556,0.2900451559374291,0.34532942155908986,0.4102543746253477,0.5131053296749561,False
cand_feefffb4aae9,seeded_permutation_jitter,235,modeled,41.60518071925203,1.2729071102263507,5618.074676679183,6210.714285714285,0.20966676170912643,2.6283542899291383,6048.91304347826,2491.875,4117748.3229132136,13440000.0,640.0,0.2417023127537336,0.7200916984335334,0.16982479010506402,0.9267844906882341,0.12599249092140088,0.19444444444444445,0.1688161951801279,0.2968909063323626,0.41667130359230503,0.5461958655133642,False
cand_ffd57e127b13,seeded_permutation_jitter,235,modeled,39.52804057858197,1.238101071654527,6366.864831038799,6667.857142857143,0.45056048792812275,2.345844106400699,6585.434782608695,2942.5,4117748.3229132136,13440000.0,640.0,0.24890770411380134,0.4487952422825238,0.39265949687291485,0.6375198900022233,0.42980242506308874,0.3888888888888889,0.3843479414522964,0.4221290954363135,0.44737013731174413,0.45094185041071455,False
