attempt,candidate_id,reason
7,cand_1c6129119ad9,tsv_keepout:top.hierarchical_reduction_path:TSV_CH1_CA;tsv_keepout:top.hierarchical_reduction_path:TSV_CH1_CLK;tsv_keepout:top.hierarchical_reduction_path:TSV_CH1_DATA;tsv_keepout:top.hierarchical_reduction_path:TSV_CH1_GROUND;tsv_keepout:top.hierarchical_reduction_path:TSV_CH1_POWER;tsv_keepout:top.hierarchical_reduction_path:TSV_CH1_SPARE;tsv_keepout:top.shared_fp16_pipeline_fabric:TSV_CH2_CA;tsv_keepout:top.shared_fp16_pipeline_fabric:TSV_CH2_CLK;tsv_keepout:top.shared_fp16_pipeline_fabric:TSV_CH2_DATA;tsv_keepout:top.shared_fp16_pipeline_fabric:TSV_CH2_GROUND;tsv_keepout:top.shared_fp16_pipeline_fabric:TSV_CH2_POWER;tsv_keepout:top.shared_fp16_pipeline_fabric:TSV_CH2_SPARE
8,cand_a61549c4ac22,tsv_keepout:top.bank_local_fp16_reduction:TSV_CH2_CA;tsv_keepout:top.bank_local_fp16_reduction:TSV_CH2_CLK;tsv_keepout:top.bank_local_fp16_reduction:TSV_CH2_DATA;tsv_keepout:top.bank_local_fp16_reduction:TSV_CH2_GROUND;tsv_keepout:top.bank_local_fp16_reduction:TSV_CH2_POWER;tsv_keepout:top.bank_local_fp16_reduction:TSV_CH2_SPARE;tsv_keepout:top.bank_local_reduction_buffer:TSV_CH0_CA;tsv_keepout:top.bank_local_reduction_buffer:TSV_CH0_CLK;tsv_keepout:top.bank_local_reduction_buffer:TSV_CH0_DATA;tsv_keepout:top.bank_local_reduction_buffer:TSV_CH0_GROUND;tsv_keepout:top.bank_local_reduction_buffer:TSV_CH0_POWER;tsv_keepout:top.bank_local_reduction_buffer:TSV_CH0_SPARE;tsv_keepout:top.hierarchical_reduction_path:TSV_CH3_CA;tsv_keepout:top.hierarchical_reduction_path:TSV_CH3_CLK;tsv_keepout:top.hierarchical_reduction_path:TSV_CH3_DATA;tsv_keepout:top.hierarchical_reduction_path:TSV_CH3_GROUND;tsv_keepout:top.hierarchical_reduction_path:TSV_CH3_POWER;tsv_keepout:top.hierarchical_reduction_path:TSV_CH3_SPARE;tsv_keepout:top.shared_fp16_reduction_cluster:TSV_CH4_CA;tsv_keepout:top.shared_fp16_reduction_cluster:TSV_CH4_CLK;tsv_keepout:top.shared_fp16_reduction_cluster:TSV_CH4_DATA;tsv_keepout:top.shared_fp16_reduction_cluster:TSV_CH4_GROUND;tsv_keepout:top.shared_fp16_reduction_cluster:TSV_CH4_POWER;tsv_keepout:top.shared_fp16_reduction_cluster:TSV_CH4_SPARE
9,cand_5e43829b9482,tsv_keepout:top.bank_local_fp16_reduction:TSV_CH2_CA;tsv_keepout:top.bank_local_fp16_reduction:TSV_CH2_CLK;tsv_keepout:top.bank_local_fp16_reduction:TSV_CH2_DATA;tsv_keepout:top.bank_local_fp16_reduction:TSV_CH2_GROUND;tsv_keepout:top.bank_local_fp16_reduction:TSV_CH2_POWER;tsv_keepout:top.bank_local_fp16_reduction:TSV_CH2_SPARE;tsv_keepout:top.logic_die_64ch_reduction_top:TSV_CH2_CA;tsv_keepout:top.logic_die_64ch_reduction_top:TSV_CH2_CLK;tsv_keepout:top.logic_die_64ch_reduction_top:TSV_CH2_DATA;tsv_keepout:top.logic_die_64ch_reduction_top:TSV_CH2_GROUND;tsv_keepout:top.logic_die_64ch_reduction_top:TSV_CH2_POWER;tsv_keepout:top.logic_die_64ch_reduction_top:TSV_CH2_SPARE;tsv_keepout:top.logic_die_dual_link_arbiter:TSV_CH5_CA;tsv_keepout:top.logic_die_dual_link_arbiter:TSV_CH5_CLK;tsv_keepout:top.logic_die_dual_link_arbiter:TSV_CH5_DATA;tsv_keepout:top.logic_die_dual_link_arbiter:TSV_CH5_GROUND;tsv_keepout:top.logic_die_dual_link_arbiter:TSV_CH5_POWER;tsv_keepout:top.logic_die_dual_link_arbiter:TSV_CH5_SPARE
17,cand_6a8b72cd0a52,tsv_keepout:top.hierarchical_reduction_path:TSV_CH1_CA;tsv_keepout:top.hierarchical_reduction_path:TSV_CH1_CLK;tsv_keepout:top.hierarchical_reduction_path:TSV_CH1_DATA;tsv_keepout:top.hierarchical_reduction_path:TSV_CH1_GROUND;tsv_keepout:top.hierarchical_reduction_path:TSV_CH1_POWER;tsv_keepout:top.hierarchical_reduction_path:TSV_CH1_SPARE;tsv_keepout:top.logic_die_dual_link_arbiter:TSV_CH3_CA;tsv_keepout:top.logic_die_dual_link_arbiter:TSV_CH3_CLK;tsv_keepout:top.logic_die_dual_link_arbiter:TSV_CH3_DATA;tsv_keepout:top.logic_die_dual_link_arbiter:TSV_CH3_GROUND;tsv_keepout:top.logic_die_dual_link_arbiter:TSV_CH3_POWER;tsv_keepout:top.logic_die_dual_link_arbiter:TSV_CH3_SPARE
18,cand_7b486c3e79cb,tsv_keepout:top.hierarchical_reduction_path:TSV_CH1_CA;tsv_keepout:top.hierarchical_reduction_path:TSV_CH1_CLK;tsv_keepout:top.hierarchical_reduction_path:TSV_CH1_DATA;tsv_keepout:top.hierarchical_reduction_path:TSV_CH1_GROUND;tsv_keepout:top.hierarchical_reduction_path:TSV_CH1_POWER;tsv_keepout:top.hierarchical_reduction_path:TSV_CH1_SPARE;tsv_keepout:top.logic_die_link_arbiter:TSV_CH0_CA;tsv_keepout:top.logic_die_link_arbiter:TSV_CH0_CLK;tsv_keepout:top.logic_die_link_arbiter:TSV_CH0_DATA;tsv_keepout:top.logic_die_link_arbiter:TSV_CH0_GROUND;tsv_keepout:top.logic_die_link_arbiter:TSV_CH0_POWER;tsv_keepout:top.logic_die_link_arbiter:TSV_CH0_SPARE;tsv_keepout:top.shared_fp16_pipeline_fabric:TSV_CH2_CA;tsv_keepout:top.shared_fp16_pipeline_fabric:TSV_CH2_CLK;tsv_keepout:top.shared_fp16_pipeline_fabric:TSV_CH2_DATA;tsv_keepout:top.shared_fp16_pipeline_fabric:TSV_CH2_GROUND;tsv_keepout:top.shared_fp16_pipeline_fabric:TSV_CH2_POWER;tsv_keepout:top.shared_fp16_pipeline_fabric:TSV_CH2_SPARE
19,cand_476f1a133595,tsv_keepout:top.bank_local_fp16_reduction:TSV_CH3_CA;tsv_keepout:top.bank_local_fp16_reduction:TSV_CH3_CLK;tsv_keepout:top.bank_local_fp16_reduction:TSV_CH3_DATA;tsv_keepout:top.bank_local_fp16_reduction:TSV_CH3_GROUND;tsv_keepout:top.bank_local_fp16_reduction:TSV_CH3_POWER;tsv_keepout:top.bank_local_fp16_reduction:TSV_CH3_SPARE;tsv_keepout:top.bank_local_reduction_buffer:TSV_CH5_CA;tsv_keepout:top.bank_local_reduction_buffer:TSV_CH5_CLK;tsv_keepout:top.bank_local_reduction_buffer:TSV_CH5_DATA;tsv_keepout:top.bank_local_reduction_buffer:TSV_CH5_GROUND;tsv_keepout:top.bank_local_reduction_buffer:TSV_CH5_POWER;tsv_keepout:top.bank_local_reduction_buffer:TSV_CH5_SPARE;tsv_keepout:top.logic_die_dual_link_arbiter:TSV_CH1_CA;tsv_keepout:top.logic_die_dual_link_arbiter:TSV_CH1_CLK;tsv_keepout:top.logic_die_dual_link_arbiter:TSV_CH1_DATA;tsv_keepout:top.logic_die_dual_link_arbiter:TSV_CH1_GROUND;tsv_keepout:top.logic_die_dual_link_arbiter:TSV_CH1_POWER;tsv_keepout:top.logic_die_dual_link_arbiter:TSV_CH1_SPARE;tsv_keepout:top.shared_fp16_pipeline_fabric:TSV_CH2_CA;tsv_keepout:top.shared_fp16_pipeline_fabric:TSV_CH2_CLK;tsv_keepout:top.shared_fp16_pipeline_fabric:TSV_CH2_DATA;tsv_keepout:top.shared_fp16_pipeline_fabric:TSV_CH2_GROUND;tsv_keepout:top.shared_fp16_pipeline_fabric:TSV_CH2_POWER;tsv_keepout:top.shared_fp16_pipeline_fabric:TSV_CH2_SPARE
27,cand_626027d9fe6b,tsv_keepout:top.logic_die_link_arbiter:TSV_CH0_CA;tsv_keepout:top.logic_die_link_arbiter:TSV_CH0_CLK;tsv_keepout:top.logic_die_link_arbiter:TSV_CH0_DATA;tsv_keepout:top.logic_die_link_arbiter:TSV_CH0_GROUND;tsv_keepout:top.logic_die_link_arbiter:TSV_CH0_POWER;tsv_keepout:top.logic_die_link_arbiter:TSV_CH0_SPARE;tsv_keepout:top.shared_fp16_pipeline_fabric:TSV_CH3_CA;tsv_keepout:top.shared_fp16_pipeline_fabric:TSV_CH3_CLK;tsv_keepout:top.shared_fp16_pipeline_fabric:TSV_CH3_DATA;tsv_keepout:top.shared_fp16_pipeline_fabric:TSV_CH3_GROUND;tsv_keepout:top.shared_fp16_pipeline_fabric:TSV_CH3_POWER;tsv_keepout:top.shared_fp16_pipeline_fabric:TSV_CH3_SPARE
28,cand_2ef319605161,tsv_keepout:top.bank_local_fp16_reduction:TSV_CH3_CA;tsv_keepout:top.bank_local_fp16_reduction:TSV_CH3_CLK;tsv_keepout:top.bank_local_fp16_reduction:TSV_CH3_DATA;tsv_keepout:top.bank_local_fp16_reduction:TSV_CH3_GROUND;tsv_keepout:top.bank_local_fp16_reduction:TSV_CH3_POWER;tsv_keepout:top.bank_local_fp16_reduction:TSV_CH3_SPARE;tsv_keepout:top.logic_die_dual_link_arbiter:TSV_CH1_CA;tsv_keepout:top.logic_die_dual_link_arbiter:TSV_CH1_CLK;tsv_keepout:top.logic_die_dual_link_arbiter:TSV_CH1_DATA;tsv_keepout:top.logic_die_dual_link_arbiter:TSV_CH1_GROUND;tsv_keepout:top.logic_die_dual_link_arbiter:TSV_CH1_POWER;tsv_keepout:top.logic_die_dual_link_arbiter:TSV_CH1_SPARE
29,cand_a0825b12bdd0,tsv_keepout:top.bank_local_reduction_buffer:TSV_CH2_CA;tsv_keepout:top.bank_local_reduction_buffer:TSV_CH2_CLK;tsv_keepout:top.bank_local_reduction_buffer:TSV_CH2_DATA;tsv_keepout:top.bank_local_reduction_buffer:TSV_CH2_GROUND;tsv_keepout:top.bank_local_reduction_buffer:TSV_CH2_POWER;tsv_keepout:top.bank_local_reduction_buffer:TSV_CH2_SPARE;tsv_keepout:top.logic_die_64ch_reduction_top:TSV_CH0_CA;tsv_keepout:top.logic_die_64ch_reduction_top:TSV_CH0_CLK;tsv_keepout:top.logic_die_64ch_reduction_top:TSV_CH0_DATA;tsv_keepout:top.logic_die_64ch_reduction_top:TSV_CH0_GROUND;tsv_keepout:top.logic_die_64ch_reduction_top:TSV_CH0_POWER;tsv_keepout:top.logic_die_64ch_reduction_top:TSV_CH0_SPARE;tsv_keepout:top.shared_fp16_pipeline_fabric:TSV_CH5_CA;tsv_keepout:top.shared_fp16_pipeline_fabric:TSV_CH5_CLK;tsv_keepout:top.shared_fp16_pipeline_fabric:TSV_CH5_DATA;tsv_keepout:top.shared_fp16_pipeline_fabric:TSV_CH5_GROUND;tsv_keepout:top.shared_fp16_pipeline_fabric:TSV_CH5_POWER;tsv_keepout:top.shared_fp16_pipeline_fabric:TSV_CH5_SPARE
37,cand_ac2d30b84672,tsv_keepout:top.bank_local_fp16_reduction:TSV_CH0_CA;tsv_keepout:top.bank_local_fp16_reduction:TSV_CH0_CLK;tsv_keepout:top.bank_local_fp16_reduction:TSV_CH0_DATA;tsv_keepout:top.bank_local_fp16_reduction:TSV_CH0_GROUND;tsv_keepout:top.bank_local_fp16_reduction:TSV_CH0_POWER;tsv_keepout:top.bank_local_fp16_reduction:TSV_CH0_SPARE;tsv_keepout:top.hierarchical_reduction_path:TSV_CH4_CA;tsv_keepout:top.hierarchical_reduction_path:TSV_CH4_CLK;tsv_keepout:top.hierarchical_reduction_path:TSV_CH4_DATA;tsv_keepout:top.hierarchical_reduction_path:TSV_CH4_GROUND;tsv_keepout:top.hierarchical_reduction_path:TSV_CH4_POWER;tsv_keepout:top.hierarchical_reduction_path:TSV_CH4_SPARE;tsv_keepout:top.logic_die_link_arbiter:TSV_CH2_CA;tsv_keepout:top.logic_die_link_arbiter:TSV_CH2_CLK;tsv_keepout:top.logic_die_link_arbiter:TSV_CH2_DATA;tsv_keepout:top.logic_die_link_arbiter:TSV_CH2_GROUND;tsv_keepout:top.logic_die_link_arbiter:TSV_CH2_POWER;tsv_keepout:top.logic_die_link_arbiter:TSV_CH2_SPARE
38,cand_2f3606738436,tsv_keepout:top.logic_die_64ch_reduction_top:TSV_CH1_CA;tsv_keepout:top.logic_die_64ch_reduction_top:TSV_CH1_CLK;tsv_keepout:top.logic_die_64ch_reduction_top:TSV_CH1_DATA;tsv_keepout:top.logic_die_64ch_reduction_top:TSV_CH1_GROUND;tsv_keepout:top.logic_die_64ch_reduction_top:TSV_CH1_POWER;tsv_keepout:top.logic_die_64ch_reduction_top:TSV_CH1_SPARE;tsv_keepout:top.logic_die_link_arbiter:TSV_CH2_CA;tsv_keepout:top.logic_die_link_arbiter:TSV_CH2_CLK;tsv_keepout:top.logic_die_link_arbiter:TSV_CH2_DATA;tsv_keepout:top.logic_die_link_arbiter:TSV_CH2_GROUND;tsv_keepout:top.logic_die_link_arbiter:TSV_CH2_POWER;tsv_keepout:top.logic_die_link_arbiter:TSV_CH2_SPARE;tsv_keepout:top.shared_fp16_pipeline_fabric:TSV_CH5_CA;tsv_keepout:top.shared_fp16_pipeline_fabric:TSV_CH5_CLK;tsv_keepout:top.shared_fp16_pipeline_fabric:TSV_CH5_DATA;tsv_keepout:top.shared_fp16_pipeline_fabric:TSV_CH5_GROUND;tsv_keepout:top.shared_fp16_pipeline_fabric:TSV_CH5_POWER;tsv_keepout:top.shared_fp16_pipeline_fabric:TSV_CH5_SPARE
39,cand_91094c824c94,tsv_keepout:top.bank_local_fp16_reduction:TSV_CH1_CA;tsv_keepout:top.bank_local_fp16_reduction:TSV_CH1_CLK;tsv_keepout:top.bank_local_fp16_reduction:TSV_CH1_DATA;tsv_keepout:top.bank_local_fp16_reduction:TSV_CH1_GROUND;tsv_keepout:top.bank_local_fp16_reduction:TSV_CH1_POWER;tsv_keepout:top.bank_local_fp16_reduction:TSV_CH1_SPARE;tsv_keepout:top.logic_die_64ch_reduction_top:TSV_CH2_CA;tsv_keepout:top.logic_die_64ch_reduction_top:TSV_CH2_CLK;tsv_keepout:top.logic_die_64ch_reduction_top:TSV_CH2_DATA;tsv_keepout:top.logic_die_64ch_reduction_top:TSV_CH2_GROUND;tsv_keepout:top.logic_die_64ch_reduction_top:TSV_CH2_POWER;tsv_keepout:top.logic_die_64ch_reduction_top:TSV_CH2_SPARE;tsv_keepout:top.shared_fp16_pipeline_fabric:TSV_CH5_CA;tsv_keepout:top.shared_fp16_pipeline_fabric:TSV_CH5_CLK;tsv_keepout:top.shared_fp16_pipeline_fabric:TSV_CH5_DATA;tsv_keepout:top.shared_fp16_pipeline_fabric:TSV_CH5_GROUND;tsv_keepout:top.shared_fp16_pipeline_fabric:TSV_CH5_POWER;tsv_keepout:top.shared_fp16_pipeline_fabric:TSV_CH5_SPARE
47,cand_d2f13098515a,tsv_keepout:top.bank_local_fp16_reduction:TSV_CH1_CA;tsv_keepout:top.bank_local_fp16_reduction:TSV_CH1_CLK;tsv_keepout:top.bank_local_fp16_reduction:TSV_CH1_DATA;tsv_keepout:top.bank_local_fp16_reduction:TSV_CH1_GROUND;tsv_keepout:top.bank_local_fp16_reduction:TSV_CH1_POWER;tsv_keepout:top.bank_local_fp16_reduction:TSV_CH1_SPARE;tsv_keepout:top.bank_local_reduction_buffer:TSV_CH4_CA;tsv_keepout:top.bank_local_reduction_buffer:TSV_CH4_CLK;tsv_keepout:top.bank_local_reduction_buffer:TSV_CH4_DATA;tsv_keepout:top.bank_local_reduction_buffer:TSV_CH4_GROUND;tsv_keepout:top.bank_local_reduction_buffer:TSV_CH4_POWER;tsv_keepout:top.bank_local_reduction_buffer:TSV_CH4_SPARE;tsv_keepout:top.hierarchical_reduction_path:TSV_CH3_CA;tsv_keepout:top.hierarchical_reduction_path:TSV_CH3_CLK;tsv_keepout:top.hierarchical_reduction_path:TSV_CH3_DATA;tsv_keepout:top.hierarchical_reduction_path:TSV_CH3_GROUND;tsv_keepout:top.hierarchical_reduction_path:TSV_CH3_POWER;tsv_keepout:top.hierarchical_reduction_path:TSV_CH3_SPARE
48,cand_0b3177bb2c68,tsv_keepout:top.logic_die_64ch_reduction_top:TSV_CH0_CA;tsv_keepout:top.logic_die_64ch_reduction_top:TSV_CH0_CLK;tsv_keepout:top.logic_die_64ch_reduction_top:TSV_CH0_DATA;tsv_keepout:top.logic_die_64ch_reduction_top:TSV_CH0_GROUND;tsv_keepout:top.logic_die_64ch_reduction_top:TSV_CH0_POWER;tsv_keepout:top.logic_die_64ch_reduction_top:TSV_CH0_SPARE;tsv_keepout:top.logic_die_dual_link_arbiter:TSV_CH2_CA;tsv_keepout:top.logic_die_dual_link_arbiter:TSV_CH2_CLK;tsv_keepout:top.logic_die_dual_link_arbiter:TSV_CH2_DATA;tsv_keepout:top.logic_die_dual_link_arbiter:TSV_CH2_GROUND;tsv_keepout:top.logic_die_dual_link_arbiter:TSV_CH2_POWER;tsv_keepout:top.logic_die_dual_link_arbiter:TSV_CH2_SPARE;tsv_keepout:top.shared_fp16_pipeline_fabric:TSV_CH5_CA;tsv_keepout:top.shared_fp16_pipeline_fabric:TSV_CH5_CLK;tsv_keepout:top.shared_fp16_pipeline_fabric:TSV_CH5_DATA;tsv_keepout:top.shared_fp16_pipeline_fabric:TSV_CH5_GROUND;tsv_keepout:top.shared_fp16_pipeline_fabric:TSV_CH5_POWER;tsv_keepout:top.shared_fp16_pipeline_fabric:TSV_CH5_SPARE;tsv_keepout:top.shared_fp16_reduction_cluster:TSV_CH3_CA;tsv_keepout:top.shared_fp16_reduction_cluster:TSV_CH3_CLK;tsv_keepout:top.shared_fp16_reduction_cluster:TSV_CH3_DATA;tsv_keepout:top.shared_fp16_reduction_cluster:TSV_CH3_GROUND;tsv_keepout:top.shared_fp16_reduction_cluster:TSV_CH3_POWER;tsv_keepout:top.shared_fp16_reduction_cluster:TSV_CH3_SPARE
49,cand_c8a5846c79b5,tsv_keepout:top.bank_local_reduction_buffer:TSV_CH2_CA;tsv_keepout:top.bank_local_reduction_buffer:TSV_CH2_CLK;tsv_keepout:top.bank_local_reduction_buffer:TSV_CH2_DATA;tsv_keepout:top.bank_local_reduction_buffer:TSV_CH2_GROUND;tsv_keepout:top.bank_local_reduction_buffer:TSV_CH2_POWER;tsv_keepout:top.bank_local_reduction_buffer:TSV_CH2_SPARE;tsv_keepout:top.logic_die_dual_link_arbiter:TSV_CH1_CA;tsv_keepout:top.logic_die_dual_link_arbiter:TSV_CH1_CLK;tsv_keepout:top.logic_die_dual_link_arbiter:TSV_CH1_DATA;tsv_keepout:top.logic_die_dual_link_arbiter:TSV_CH1_GROUND;tsv_keepout:top.logic_die_dual_link_arbiter:TSV_CH1_POWER;tsv_keepout:top.logic_die_dual_link_arbiter:TSV_CH1_SPARE
57,cand_57a813f6b6a8,tsv_keepout:top.logic_die_64ch_reduction_top:TSV_CH0_CA;tsv_keepout:top.logic_die_64ch_reduction_top:TSV_CH0_CLK;tsv_keepout:top.logic_die_64ch_reduction_top:TSV_CH0_DATA;tsv_keepout:top.logic_die_64ch_reduction_top:TSV_CH0_GROUND;tsv_keepout:top.logic_die_64ch_reduction_top:TSV_CH0_POWER;tsv_keepout:top.logic_die_64ch_reduction_top:TSV_CH0_SPARE;tsv_keepout:top.logic_die_link_arbiter:TSV_CH5_CA;tsv_keepout:top.logic_die_link_arbiter:TSV_CH5_CLK;tsv_keepout:top.logic_die_link_arbiter:TSV_CH5_DATA;tsv_keepout:top.logic_die_link_arbiter:TSV_CH5_GROUND;tsv_keepout:top.logic_die_link_arbiter:TSV_CH5_POWER;tsv_keepout:top.logic_die_link_arbiter:TSV_CH5_SPARE;tsv_keepout:top.shared_fp16_reduction_cluster:TSV_CH1_CA;tsv_keepout:top.shared_fp16_reduction_cluster:TSV_CH1_CLK;tsv_keepout:top.shared_fp16_reduction_cluster:TSV_CH1_DATA;tsv_keepout:top.shared_fp16_reduction_cluster:TSV_CH1_GROUND;tsv_keepout:top.shared_fp16_reduction_cluster:TSV_CH1_POWER;tsv_keepout:top.shared_fp16_reduction_cluster:TSV_CH1_SPARE
58,cand_ecd68bbad198,tsv_keepout:top.logic_die_link_arbiter:TSV_CH1_CA;tsv_keepout:top.logic_die_link_arbiter:TSV_CH1_CLK;tsv_keepout:top.logic_die_link_arbiter:TSV_CH1_DATA;tsv_keepout:top.logic_die_link_arbiter:TSV_CH1_GROUND;tsv_keepout:top.logic_die_link_arbiter:TSV_CH1_POWER;tsv_keepout:top.logic_die_link_arbiter:TSV_CH1_SPARE;tsv_keepout:top.shared_fp16_reduction_cluster:TSV_CH0_CA;tsv_keepout:top.shared_fp16_reduction_cluster:TSV_CH0_CLK;tsv_keepout:top.shared_fp16_reduction_cluster:TSV_CH0_DATA;tsv_keepout:top.shared_fp16_reduction_cluster:TSV_CH0_GROUND;tsv_keepout:top.shared_fp16_reduction_cluster:TSV_CH0_POWER;tsv_keepout:top.shared_fp16_reduction_cluster:TSV_CH0_SPARE
59,cand_82738b8942f1,tsv_keepout:top.logic_die_64ch_reduction_top:TSV_CH1_CA;tsv_keepout:top.logic_die_64ch_reduction_top:TSV_CH1_CLK;tsv_keepout:top.logic_die_64ch_reduction_top:TSV_CH1_DATA;tsv_keepout:top.logic_die_64ch_reduction_top:TSV_CH1_GROUND;tsv_keepout:top.logic_die_64ch_reduction_top:TSV_CH1_POWER;tsv_keepout:top.logic_die_64ch_reduction_top:TSV_CH1_SPARE;tsv_keepout:top.logic_die_link_arbiter:TSV_CH2_CA;tsv_keepout:top.logic_die_link_arbiter:TSV_CH2_CLK;tsv_keepout:top.logic_die_link_arbiter:TSV_CH2_DATA;tsv_keepout:top.logic_die_link_arbiter:TSV_CH2_GROUND;tsv_keepout:top.logic_die_link_arbiter:TSV_CH2_POWER;tsv_keepout:top.logic_die_link_arbiter:TSV_CH2_SPARE
67,cand_4661975c8993,tsv_keepout:top.bank_local_fp16_reduction:TSV_CH0_CA;tsv_keepout:top.bank_local_fp16_reduction:TSV_CH0_CLK;tsv_keepout:top.bank_local_fp16_reduction:TSV_CH0_DATA;tsv_keepout:top.bank_local_fp16_reduction:TSV_CH0_GROUND;tsv_keepout:top.bank_local_fp16_reduction:TSV_CH0_POWER;tsv_keepout:top.bank_local_fp16_reduction:TSV_CH0_SPARE;tsv_keepout:top.bank_local_reduction_buffer:TSV_CH4_CA;tsv_keepout:top.bank_local_reduction_buffer:TSV_CH4_CLK;tsv_keepout:top.bank_local_reduction_buffer:TSV_CH4_DATA;tsv_keepout:top.bank_local_reduction_buffer:TSV_CH4_GROUND;tsv_keepout:top.bank_local_reduction_buffer:TSV_CH4_POWER;tsv_keepout:top.bank_local_reduction_buffer:TSV_CH4_SPARE;tsv_keepout:top.shared_fp16_pipeline_fabric:TSV_CH2_CA;tsv_keepout:top.shared_fp16_pipeline_fabric:TSV_CH2_CLK;tsv_keepout:top.shared_fp16_pipeline_fabric:TSV_CH2_DATA;tsv_keepout:top.shared_fp16_pipeline_fabric:TSV_CH2_GROUND;tsv_keepout:top.shared_fp16_pipeline_fabric:TSV_CH2_POWER;tsv_keepout:top.shared_fp16_pipeline_fabric:TSV_CH2_SPARE
68,cand_5bbb75187799,tsv_keepout:top.logic_die_dual_link_arbiter:TSV_CH5_CA;tsv_keepout:top.logic_die_dual_link_arbiter:TSV_CH5_CLK;tsv_keepout:top.logic_die_dual_link_arbiter:TSV_CH5_DATA;tsv_keepout:top.logic_die_dual_link_arbiter:TSV_CH5_GROUND;tsv_keepout:top.logic_die_dual_link_arbiter:TSV_CH5_POWER;tsv_keepout:top.logic_die_dual_link_arbiter:TSV_CH5_SPARE
69,cand_844e6b9ae5ca,tsv_keepout:top.logic_die_64ch_reduction_top:TSV_CH3_CA;tsv_keepout:top.logic_die_64ch_reduction_top:TSV_CH3_CLK;tsv_keepout:top.logic_die_64ch_reduction_top:TSV_CH3_DATA;tsv_keepout:top.logic_die_64ch_reduction_top:TSV_CH3_GROUND;tsv_keepout:top.logic_die_64ch_reduction_top:TSV_CH3_POWER;tsv_keepout:top.logic_die_64ch_reduction_top:TSV_CH3_SPARE;tsv_keepout:top.logic_die_dual_link_arbiter:TSV_CH2_CA;tsv_keepout:top.logic_die_dual_link_arbiter:TSV_CH2_CLK;tsv_keepout:top.logic_die_dual_link_arbiter:TSV_CH2_DATA;tsv_keepout:top.logic_die_dual_link_arbiter:TSV_CH2_GROUND;tsv_keepout:top.logic_die_dual_link_arbiter:TSV_CH2_POWER;tsv_keepout:top.logic_die_dual_link_arbiter:TSV_CH2_SPARE
77,cand_72de3797c1ea,tsv_keepout:top.bank_local_fp16_reduction:TSV_CH1_CA;tsv_keepout:top.bank_local_fp16_reduction:TSV_CH1_CLK;tsv_keepout:top.bank_local_fp16_reduction:TSV_CH1_DATA;tsv_keepout:top.bank_local_fp16_reduction:TSV_CH1_GROUND;tsv_keepout:top.bank_local_fp16_reduction:TSV_CH1_POWER;tsv_keepout:top.bank_local_fp16_reduction:TSV_CH1_SPARE;tsv_keepout:top.bank_local_reduction_buffer:TSV_CH5_CA;tsv_keepout:top.bank_local_reduction_buffer:TSV_CH5_CLK;tsv_keepout:top.bank_local_reduction_buffer:TSV_CH5_DATA;tsv_keepout:top.bank_local_reduction_buffer:TSV_CH5_GROUND;tsv_keepout:top.bank_local_reduction_buffer:TSV_CH5_POWER;tsv_keepout:top.bank_local_reduction_buffer:TSV_CH5_SPARE;tsv_keepout:top.hierarchical_reduction_path:TSV_CH1_CA;tsv_keepout:top.hierarchical_reduction_path:TSV_CH1_CLK;tsv_keepout:top.hierarchical_reduction_path:TSV_CH1_DATA;tsv_keepout:top.hierarchical_reduction_path:TSV_CH1_GROUND;tsv_keepout:top.hierarchical_reduction_path:TSV_CH1_POWER;tsv_keepout:top.hierarchical_reduction_path:TSV_CH1_SPARE
78,cand_822c18201fdb,tsv_keepout:top.bank_local_fp16_reduction:TSV_CH3_CA;tsv_keepout:top.bank_local_fp16_reduction:TSV_CH3_CLK;tsv_keepout:top.bank_local_fp16_reduction:TSV_CH3_DATA;tsv_keepout:top.bank_local_fp16_reduction:TSV_CH3_GROUND;tsv_keepout:top.bank_local_fp16_reduction:TSV_CH3_POWER;tsv_keepout:top.bank_local_fp16_reduction:TSV_CH3_SPARE;tsv_keepout:top.hierarchical_reduction_path:TSV_CH2_CA;tsv_keepout:top.hierarchical_reduction_path:TSV_CH2_CLK;tsv_keepout:top.hierarchical_reduction_path:TSV_CH2_DATA;tsv_keepout:top.hierarchical_reduction_path:TSV_CH2_GROUND;tsv_keepout:top.hierarchical_reduction_path:TSV_CH2_POWER;tsv_keepout:top.hierarchical_reduction_path:TSV_CH2_SPARE;tsv_keepout:top.logic_die_link_arbiter:TSV_CH5_CA;tsv_keepout:top.logic_die_link_arbiter:TSV_CH5_CLK;tsv_keepout:top.logic_die_link_arbiter:TSV_CH5_DATA;tsv_keepout:top.logic_die_link_arbiter:TSV_CH5_GROUND;tsv_keepout:top.logic_die_link_arbiter:TSV_CH5_POWER;tsv_keepout:top.logic_die_link_arbiter:TSV_CH5_SPARE;tsv_keepout:top.shared_fp16_reduction_cluster:TSV_CH0_CA;tsv_keepout:top.shared_fp16_reduction_cluster:TSV_CH0_CLK;tsv_keepout:top.shared_fp16_reduction_cluster:TSV_CH0_DATA;tsv_keepout:top.shared_fp16_reduction_cluster:TSV_CH0_GROUND;tsv_keepout:top.shared_fp16_reduction_cluster:TSV_CH0_POWER;tsv_keepout:top.shared_fp16_reduction_cluster:TSV_CH0_SPARE
79,cand_131d34f35de2,tsv_keepout:top.logic_die_64ch_reduction_top:TSV_CH4_CA;tsv_keepout:top.logic_die_64ch_reduction_top:TSV_CH4_CLK;tsv_keepout:top.logic_die_64ch_reduction_top:TSV_CH4_DATA;tsv_keepout:top.logic_die_64ch_reduction_top:TSV_CH4_GROUND;tsv_keepout:top.logic_die_64ch_reduction_top:TSV_CH4_POWER;tsv_keepout:top.logic_die_64ch_reduction_top:TSV_CH4_SPARE;tsv_keepout:top.logic_die_link_arbiter:TSV_CH2_CA;tsv_keepout:top.logic_die_link_arbiter:TSV_CH2_CLK;tsv_keepout:top.logic_die_link_arbiter:TSV_CH2_DATA;tsv_keepout:top.logic_die_link_arbiter:TSV_CH2_GROUND;tsv_keepout:top.logic_die_link_arbiter:TSV_CH2_POWER;tsv_keepout:top.logic_die_link_arbiter:TSV_CH2_SPARE
88,cand_4972e3eefeaa,tsv_keepout:top.logic_die_dual_link_arbiter:TSV_CH1_CA;tsv_keepout:top.logic_die_dual_link_arbiter:TSV_CH1_CLK;tsv_keepout:top.logic_die_dual_link_arbiter:TSV_CH1_DATA;tsv_keepout:top.logic_die_dual_link_arbiter:TSV_CH1_GROUND;tsv_keepout:top.logic_die_dual_link_arbiter:TSV_CH1_POWER;tsv_keepout:top.logic_die_dual_link_arbiter:TSV_CH1_SPARE;tsv_keepout:top.shared_fp16_pipeline_fabric:TSV_CH5_CA;tsv_keepout:top.shared_fp16_pipeline_fabric:TSV_CH5_CLK;tsv_keepout:top.shared_fp16_pipeline_fabric:TSV_CH5_DATA;tsv_keepout:top.shared_fp16_pipeline_fabric:TSV_CH5_GROUND;tsv_keepout:top.shared_fp16_pipeline_fabric:TSV_CH5_POWER;tsv_keepout:top.shared_fp16_pipeline_fabric:TSV_CH5_SPARE
89,cand_ada5a5947f2b,tsv_keepout:top.bank_local_reduction_buffer:TSV_CH4_CA;tsv_keepout:top.bank_local_reduction_buffer:TSV_CH4_CLK;tsv_keepout:top.bank_local_reduction_buffer:TSV_CH4_DATA;tsv_keepout:top.bank_local_reduction_buffer:TSV_CH4_GROUND;tsv_keepout:top.bank_local_reduction_buffer:TSV_CH4_POWER;tsv_keepout:top.bank_local_reduction_buffer:TSV_CH4_SPARE;tsv_keepout:top.logic_die_dual_link_arbiter:TSV_CH1_CA;tsv_keepout:top.logic_die_dual_link_arbiter:TSV_CH1_CLK;tsv_keepout:top.logic_die_dual_link_arbiter:TSV_CH1_DATA;tsv_keepout:top.logic_die_dual_link_arbiter:TSV_CH1_GROUND;tsv_keepout:top.logic_die_dual_link_arbiter:TSV_CH1_POWER;tsv_keepout:top.logic_die_dual_link_arbiter:TSV_CH1_SPARE;tsv_keepout:top.shared_fp16_pipeline_fabric:TSV_CH1_CA;tsv_keepout:top.shared_fp16_pipeline_fabric:TSV_CH1_CLK;tsv_keepout:top.shared_fp16_pipeline_fabric:TSV_CH1_DATA;tsv_keepout:top.shared_fp16_pipeline_fabric:TSV_CH1_GROUND;tsv_keepout:top.shared_fp16_pipeline_fabric:TSV_CH1_POWER;tsv_keepout:top.shared_fp16_pipeline_fabric:TSV_CH1_SPARE
97,cand_4179c90042b2,tsv_keepout:top.logic_die_64ch_reduction_top:TSV_CH4_CA;tsv_keepout:top.logic_die_64ch_reduction_top:TSV_CH4_CLK;tsv_keepout:top.logic_die_64ch_reduction_top:TSV_CH4_DATA;tsv_keepout:top.logic_die_64ch_reduction_top:TSV_CH4_GROUND;tsv_keepout:top.logic_die_64ch_reduction_top:TSV_CH4_POWER;tsv_keepout:top.logic_die_64ch_reduction_top:TSV_CH4_SPARE;tsv_keepout:top.logic_die_dual_link_arbiter:TSV_CH1_CA;tsv_keepout:top.logic_die_dual_link_arbiter:TSV_CH1_CLK;tsv_keepout:top.logic_die_dual_link_arbiter:TSV_CH1_DATA;tsv_keepout:top.logic_die_dual_link_arbiter:TSV_CH1_GROUND;tsv_keepout:top.logic_die_dual_link_arbiter:TSV_CH1_POWER;tsv_keepout:top.logic_die_dual_link_arbiter:TSV_CH1_SPARE
98,cand_ce9096e5fcdc,tsv_keepout:top.bank_local_fp16_reduction:TSV_CH1_CA;tsv_keepout:top.bank_local_fp16_reduction:TSV_CH1_CLK;tsv_keepout:top.bank_local_fp16_reduction:TSV_CH1_DATA;tsv_keepout:top.bank_local_fp16_reduction:TSV_CH1_GROUND;tsv_keepout:top.bank_local_fp16_reduction:TSV_CH1_POWER;tsv_keepout:top.bank_local_fp16_reduction:TSV_CH1_SPARE;tsv_keepout:top.hierarchical_reduction_path:TSV_CH2_CA;tsv_keepout:top.hierarchical_reduction_path:TSV_CH2_CLK;tsv_keepout:top.hierarchical_reduction_path:TSV_CH2_DATA;tsv_keepout:top.hierarchical_reduction_path:TSV_CH2_GROUND;tsv_keepout:top.hierarchical_reduction_path:TSV_CH2_POWER;tsv_keepout:top.hierarchical_reduction_path:TSV_CH2_SPARE;tsv_keepout:top.logic_die_dual_link_arbiter:TSV_CH5_CA;tsv_keepout:top.logic_die_dual_link_arbiter:TSV_CH5_CLK;tsv_keepout:top.logic_die_dual_link_arbiter:TSV_CH5_DATA;tsv_keepout:top.logic_die_dual_link_arbiter:TSV_CH5_GROUND;tsv_keepout:top.logic_die_dual_link_arbiter:TSV_CH5_POWER;tsv_keepout:top.logic_die_dual_link_arbiter:TSV_CH5_SPARE;tsv_keepout:top.shared_fp16_pipeline_fabric:TSV_CH2_CA;tsv_keepout:top.shared_fp16_pipeline_fabric:TSV_CH2_CLK;tsv_keepout:top.shared_fp16_pipeline_fabric:TSV_CH2_DATA;tsv_keepout:top.shared_fp16_pipeline_fabric:TSV_CH2_GROUND;tsv_keepout:top.shared_fp16_pipeline_fabric:TSV_CH2_POWER;tsv_keepout:top.shared_fp16_pipeline_fabric:TSV_CH2_SPARE
99,cand_4614f241d8a5,tsv_keepout:top.bank_local_fp16_reduction:TSV_CH5_CA;tsv_keepout:top.bank_local_fp16_reduction:TSV_CH5_CLK;tsv_keepout:top.bank_local_fp16_reduction:TSV_CH5_DATA;tsv_keepout:top.bank_local_fp16_reduction:TSV_CH5_GROUND;tsv_keepout:top.bank_local_fp16_reduction:TSV_CH5_POWER;tsv_keepout:top.bank_local_fp16_reduction:TSV_CH5_SPARE;tsv_keepout:top.logic_die_dual_link_arbiter:TSV_CH0_CA;tsv_keepout:top.logic_die_dual_link_arbiter:TSV_CH0_CLK;tsv_keepout:top.logic_die_dual_link_arbiter:TSV_CH0_DATA;tsv_keepout:top.logic_die_dual_link_arbiter:TSV_CH0_GROUND;tsv_keepout:top.logic_die_dual_link_arbiter:TSV_CH0_POWER;tsv_keepout:top.logic_die_dual_link_arbiter:TSV_CH0_SPARE;tsv_keepout:top.logic_die_link_arbiter:TSV_CH2_CA;tsv_keepout:top.logic_die_link_arbiter:TSV_CH2_CLK;tsv_keepout:top.logic_die_link_arbiter:TSV_CH2_DATA;tsv_keepout:top.logic_die_link_arbiter:TSV_CH2_GROUND;tsv_keepout:top.logic_die_link_arbiter:TSV_CH2_POWER;tsv_keepout:top.logic_die_link_arbiter:TSV_CH2_SPARE;tsv_keepout:top.shared_fp16_pipeline_fabric:TSV_CH3_CA;tsv_keepout:top.shared_fp16_pipeline_fabric:TSV_CH3_CLK;tsv_keepout:top.shared_fp16_pipeline_fabric:TSV_CH3_DATA;tsv_keepout:top.shared_fp16_pipeline_fabric:TSV_CH3_GROUND;tsv_keepout:top.shared_fp16_pipeline_fabric:TSV_CH3_POWER;tsv_keepout:top.shared_fp16_pipeline_fabric:TSV_CH3_SPARE
107,cand_3ac24b417aae,tsv_keepout:top.bank_local_reduction_buffer:TSV_CH1_CA;tsv_keepout:top.bank_local_reduction_buffer:TSV_CH1_CLK;tsv_keepout:top.bank_local_reduction_buffer:TSV_CH1_DATA;tsv_keepout:top.bank_local_reduction_buffer:TSV_CH1_GROUND;tsv_keepout:top.bank_local_reduction_buffer:TSV_CH1_POWER;tsv_keepout:top.bank_local_reduction_buffer:TSV_CH1_SPARE;tsv_keepout:top.shared_fp16_pipeline_fabric:TSV_CH5_CA;tsv_keepout:top.shared_fp16_pipeline_fabric:TSV_CH5_CLK;tsv_keepout:top.shared_fp16_pipeline_fabric:TSV_CH5_DATA;tsv_keepout:top.shared_fp16_pipeline_fabric:TSV_CH5_GROUND;tsv_keepout:top.shared_fp16_pipeline_fabric:TSV_CH5_POWER;tsv_keepout:top.shared_fp16_pipeline_fabric:TSV_CH5_SPARE
108,cand_656c511f1948,tsv_keepout:top.bank_local_reduction_buffer:TSV_CH3_CA;tsv_keepout:top.bank_local_reduction_buffer:TSV_CH3_CLK;tsv_keepout:top.bank_local_reduction_buffer:TSV_CH3_DATA;tsv_keepout:top.bank_local_reduction_buffer:TSV_CH3_GROUND;tsv_keepout:top.bank_local_reduction_buffer:TSV_CH3_POWER;tsv_keepout:top.bank_local_reduction_buffer:TSV_CH3_SPARE;tsv_keepout:top.shared_fp16_reduction_cluster:TSV_CH0_CA;tsv_keepout:top.shared_fp16_reduction_cluster:TSV_CH0_CLK;tsv_keepout:top.shared_fp16_reduction_cluster:TSV_CH0_DATA;tsv_keepout:top.shared_fp16_reduction_cluster:TSV_CH0_GROUND;tsv_keepout:top.shared_fp16_reduction_cluster:TSV_CH0_POWER;tsv_keepout:top.shared_fp16_reduction_cluster:TSV_CH0_SPARE
109,cand_345f8f9d99fa,tsv_keepout:top.hierarchical_reduction_path:TSV_CH0_CA;tsv_keepout:top.hierarchical_reduction_path:TSV_CH0_CLK;tsv_keepout:top.hierarchical_reduction_path:TSV_CH0_DATA;tsv_keepout:top.hierarchical_reduction_path:TSV_CH0_GROUND;tsv_keepout:top.hierarchical_reduction_path:TSV_CH0_POWER;tsv_keepout:top.hierarchical_reduction_path:TSV_CH0_SPARE;tsv_keepout:top.logic_die_64ch_reduction_top:TSV_CH2_CA;tsv_keepout:top.logic_die_64ch_reduction_top:TSV_CH2_CLK;tsv_keepout:top.logic_die_64ch_reduction_top:TSV_CH2_DATA;tsv_keepout:top.logic_die_64ch_reduction_top:TSV_CH2_GROUND;tsv_keepout:top.logic_die_64ch_reduction_top:TSV_CH2_POWER;tsv_keepout:top.logic_die_64ch_reduction_top:TSV_CH2_SPARE
117,cand_1ee909375608,tsv_keepout:top.bank_local_reduction_buffer:TSV_CH2_CA;tsv_keepout:top.bank_local_reduction_buffer:TSV_CH2_CLK;tsv_keepout:top.bank_local_reduction_buffer:TSV_CH2_DATA;tsv_keepout:top.bank_local_reduction_buffer:TSV_CH2_GROUND;tsv_keepout:top.bank_local_reduction_buffer:TSV_CH2_POWER;tsv_keepout:top.bank_local_reduction_buffer:TSV_CH2_SPARE;tsv_keepout:top.shared_fp16_reduction_cluster:TSV_CH5_CA;tsv_keepout:top.shared_fp16_reduction_cluster:TSV_CH5_CLK;tsv_keepout:top.shared_fp16_reduction_cluster:TSV_CH5_DATA;tsv_keepout:top.shared_fp16_reduction_cluster:TSV_CH5_GROUND;tsv_keepout:top.shared_fp16_reduction_cluster:TSV_CH5_POWER;tsv_keepout:top.shared_fp16_reduction_cluster:TSV_CH5_SPARE
118,cand_84c64c8948d4,tsv_keepout:top.bank_local_reduction_buffer:TSV_CH1_CA;tsv_keepout:top.bank_local_reduction_buffer:TSV_CH1_CLK;tsv_keepout:top.bank_local_reduction_buffer:TSV_CH1_DATA;tsv_keepout:top.bank_local_reduction_buffer:TSV_CH1_GROUND;tsv_keepout:top.bank_local_reduction_buffer:TSV_CH1_POWER;tsv_keepout:top.bank_local_reduction_buffer:TSV_CH1_SPARE;tsv_keepout:top.logic_die_64ch_reduction_top:TSV_CH3_CA;tsv_keepout:top.logic_die_64ch_reduction_top:TSV_CH3_CLK;tsv_keepout:top.logic_die_64ch_reduction_top:TSV_CH3_DATA;tsv_keepout:top.logic_die_64ch_reduction_top:TSV_CH3_GROUND;tsv_keepout:top.logic_die_64ch_reduction_top:TSV_CH3_POWER;tsv_keepout:top.logic_die_64ch_reduction_top:TSV_CH3_SPARE;tsv_keepout:top.logic_die_link_arbiter:TSV_CH5_CA;tsv_keepout:top.logic_die_link_arbiter:TSV_CH5_CLK;tsv_keepout:top.logic_die_link_arbiter:TSV_CH5_DATA;tsv_keepout:top.logic_die_link_arbiter:TSV_CH5_GROUND;tsv_keepout:top.logic_die_link_arbiter:TSV_CH5_POWER;tsv_keepout:top.logic_die_link_arbiter:TSV_CH5_SPARE
119,cand_521de32def30,tsv_keepout:top.bank_local_fp16_reduction:TSV_CH2_CA;tsv_keepout:top.bank_local_fp16_reduction:TSV_CH2_CLK;tsv_keepout:top.bank_local_fp16_reduction:TSV_CH2_DATA;tsv_keepout:top.bank_local_fp16_reduction:TSV_CH2_GROUND;tsv_keepout:top.bank_local_fp16_reduction:TSV_CH2_POWER;tsv_keepout:top.bank_local_fp16_reduction:TSV_CH2_SPARE;tsv_keepout:top.logic_die_dual_link_arbiter:TSV_CH4_CA;tsv_keepout:top.logic_die_dual_link_arbiter:TSV_CH4_CLK;tsv_keepout:top.logic_die_dual_link_arbiter:TSV_CH4_DATA;tsv_keepout:top.logic_die_dual_link_arbiter:TSV_CH4_GROUND;tsv_keepout:top.logic_die_dual_link_arbiter:TSV_CH4_POWER;tsv_keepout:top.logic_die_dual_link_arbiter:TSV_CH4_SPARE
127,cand_7e5db49db4a2,tsv_keepout:top.bank_local_fp16_reduction:TSV_CH2_CA;tsv_keepout:top.bank_local_fp16_reduction:TSV_CH2_CLK;tsv_keepout:top.bank_local_fp16_reduction:TSV_CH2_DATA;tsv_keepout:top.bank_local_fp16_reduction:TSV_CH2_GROUND;tsv_keepout:top.bank_local_fp16_reduction:TSV_CH2_POWER;tsv_keepout:top.bank_local_fp16_reduction:TSV_CH2_SPARE;tsv_keepout:top.hierarchical_reduction_path:TSV_CH1_CA;tsv_keepout:top.hierarchical_reduction_path:TSV_CH1_CLK;tsv_keepout:top.hierarchical_reduction_path:TSV_CH1_DATA;tsv_keepout:top.hierarchical_reduction_path:TSV_CH1_GROUND;tsv_keepout:top.hierarchical_reduction_path:TSV_CH1_POWER;tsv_keepout:top.hierarchical_reduction_path:TSV_CH1_SPARE;tsv_keepout:top.logic_die_dual_link_arbiter:TSV_CH1_CA;tsv_keepout:top.logic_die_dual_link_arbiter:TSV_CH1_CLK;tsv_keepout:top.logic_die_dual_link_arbiter:TSV_CH1_DATA;tsv_keepout:top.logic_die_dual_link_arbiter:TSV_CH1_GROUND;tsv_keepout:top.logic_die_dual_link_arbiter:TSV_CH1_POWER;tsv_keepout:top.logic_die_dual_link_arbiter:TSV_CH1_SPARE;tsv_keepout:top.shared_fp16_pipeline_fabric:TSV_CH5_CA;tsv_keepout:top.shared_fp16_pipeline_fabric:TSV_CH5_CLK;tsv_keepout:top.shared_fp16_pipeline_fabric:TSV_CH5_DATA;tsv_keepout:top.shared_fp16_pipeline_fabric:TSV_CH5_GROUND;tsv_keepout:top.shared_fp16_pipeline_fabric:TSV_CH5_POWER;tsv_keepout:top.shared_fp16_pipeline_fabric:TSV_CH5_SPARE
128,cand_1acd8604f382,tsv_keepout:top.bank_local_fp16_reduction:TSV_CH1_CA;tsv_keepout:top.bank_local_fp16_reduction:TSV_CH1_CLK;tsv_keepout:top.bank_local_fp16_reduction:TSV_CH1_DATA;tsv_keepout:top.bank_local_fp16_reduction:TSV_CH1_GROUND;tsv_keepout:top.bank_local_fp16_reduction:TSV_CH1_POWER;tsv_keepout:top.bank_local_fp16_reduction:TSV_CH1_SPARE;tsv_keepout:top.bank_local_reduction_buffer:TSV_CH3_CA;tsv_keepout:top.bank_local_reduction_buffer:TSV_CH3_CLK;tsv_keepout:top.bank_local_reduction_buffer:TSV_CH3_DATA;tsv_keepout:top.bank_local_reduction_buffer:TSV_CH3_GROUND;tsv_keepout:top.bank_local_reduction_buffer:TSV_CH3_POWER;tsv_keepout:top.bank_local_reduction_buffer:TSV_CH3_SPARE;tsv_keepout:top.logic_die_link_arbiter:TSV_CH4_CA;tsv_keepout:top.logic_die_link_arbiter:TSV_CH4_CLK;tsv_keepout:top.logic_die_link_arbiter:TSV_CH4_DATA;tsv_keepout:top.logic_die_link_arbiter:TSV_CH4_GROUND;tsv_keepout:top.logic_die_link_arbiter:TSV_CH4_POWER;tsv_keepout:top.logic_die_link_arbiter:TSV_CH4_SPARE
129,cand_2909b3eb76de,tsv_keepout:top.shared_fp16_pipeline_fabric:TSV_CH1_CA;tsv_keepout:top.shared_fp16_pipeline_fabric:TSV_CH1_CLK;tsv_keepout:top.shared_fp16_pipeline_fabric:TSV_CH1_DATA;tsv_keepout:top.shared_fp16_pipeline_fabric:TSV_CH1_GROUND;tsv_keepout:top.shared_fp16_pipeline_fabric:TSV_CH1_POWER;tsv_keepout:top.shared_fp16_pipeline_fabric:TSV_CH1_SPARE;tsv_keepout:top.shared_fp16_reduction_cluster:TSV_CH2_CA;tsv_keepout:top.shared_fp16_reduction_cluster:TSV_CH2_CLK;tsv_keepout:top.shared_fp16_reduction_cluster:TSV_CH2_DATA;tsv_keepout:top.shared_fp16_reduction_cluster:TSV_CH2_GROUND;tsv_keepout:top.shared_fp16_reduction_cluster:TSV_CH2_POWER;tsv_keepout:top.shared_fp16_reduction_cluster:TSV_CH2_SPARE
137,cand_5a717a22be77,tsv_keepout:top.hierarchical_reduction_path:TSV_CH1_CA;tsv_keepout:top.hierarchical_reduction_path:TSV_CH1_CLK;tsv_keepout:top.hierarchical_reduction_path:TSV_CH1_DATA;tsv_keepout:top.hierarchical_reduction_path:TSV_CH1_GROUND;tsv_keepout:top.hierarchical_reduction_path:TSV_CH1_POWER;tsv_keepout:top.hierarchical_reduction_path:TSV_CH1_SPARE;tsv_keepout:top.logic_die_dual_link_arbiter:TSV_CH1_CA;tsv_keepout:top.logic_die_dual_link_arbiter:TSV_CH1_CLK;tsv_keepout:top.logic_die_dual_link_arbiter:TSV_CH1_DATA;tsv_keepout:top.logic_die_dual_link_arbiter:TSV_CH1_GROUND;tsv_keepout:top.logic_die_dual_link_arbiter:TSV_CH1_POWER;tsv_keepout:top.logic_die_dual_link_arbiter:TSV_CH1_SPARE;tsv_keepout:top.shared_fp16_reduction_cluster:TSV_CH3_CA;tsv_keepout:top.shared_fp16_reduction_cluster:TSV_CH3_CLK;tsv_keepout:top.shared_fp16_reduction_cluster:TSV_CH3_DATA;tsv_keepout:top.shared_fp16_reduction_cluster:TSV_CH3_GROUND;tsv_keepout:top.shared_fp16_reduction_cluster:TSV_CH3_POWER;tsv_keepout:top.shared_fp16_reduction_cluster:TSV_CH3_SPARE
138,cand_f9a47201134e,tsv_keepout:top.bank_local_fp16_reduction:TSV_CH1_CA;tsv_keepout:top.bank_local_fp16_reduction:TSV_CH1_CLK;tsv_keepout:top.bank_local_fp16_reduction:TSV_CH1_DATA;tsv_keepout:top.bank_local_fp16_reduction:TSV_CH1_GROUND;tsv_keepout:top.bank_local_fp16_reduction:TSV_CH1_POWER;tsv_keepout:top.bank_local_fp16_reduction:TSV_CH1_SPARE;tsv_keepout:top.hierarchical_reduction_path:TSV_CH2_CA;tsv_keepout:top.hierarchical_reduction_path:TSV_CH2_CLK;tsv_keepout:top.hierarchical_reduction_path:TSV_CH2_DATA;tsv_keepout:top.hierarchical_reduction_path:TSV_CH2_GROUND;tsv_keepout:top.hierarchical_reduction_path:TSV_CH2_POWER;tsv_keepout:top.hierarchical_reduction_path:TSV_CH2_SPARE;tsv_keepout:top.logic_die_64ch_reduction_top:TSV_CH4_CA;tsv_keepout:top.logic_die_64ch_reduction_top:TSV_CH4_CLK;tsv_keepout:top.logic_die_64ch_reduction_top:TSV_CH4_DATA;tsv_keepout:top.logic_die_64ch_reduction_top:TSV_CH4_GROUND;tsv_keepout:top.logic_die_64ch_reduction_top:TSV_CH4_POWER;tsv_keepout:top.logic_die_64ch_reduction_top:TSV_CH4_SPARE
139,cand_22e7e685a84e,tsv_keepout:top.bank_local_fp16_reduction:TSV_CH4_CA;tsv_keepout:top.bank_local_fp16_reduction:TSV_CH4_CLK;tsv_keepout:top.bank_local_fp16_reduction:TSV_CH4_DATA;tsv_keepout:top.bank_local_fp16_reduction:TSV_CH4_GROUND;tsv_keepout:top.bank_local_fp16_reduction:TSV_CH4_POWER;tsv_keepout:top.bank_local_fp16_reduction:TSV_CH4_SPARE;tsv_keepout:top.bank_local_reduction_buffer:TSV_CH2_CA;tsv_keepout:top.bank_local_reduction_buffer:TSV_CH2_CLK;tsv_keepout:top.bank_local_reduction_buffer:TSV_CH2_DATA;tsv_keepout:top.bank_local_reduction_buffer:TSV_CH2_GROUND;tsv_keepout:top.bank_local_reduction_buffer:TSV_CH2_POWER;tsv_keepout:top.bank_local_reduction_buffer:TSV_CH2_SPARE;tsv_keepout:top.hierarchical_reduction_path:TSV_CH0_CA;tsv_keepout:top.hierarchical_reduction_path:TSV_CH0_CLK;tsv_keepout:top.hierarchical_reduction_path:TSV_CH0_DATA;tsv_keepout:top.hierarchical_reduction_path:TSV_CH0_GROUND;tsv_keepout:top.hierarchical_reduction_path:TSV_CH0_POWER;tsv_keepout:top.hierarchical_reduction_path:TSV_CH0_SPARE;tsv_keepout:top.logic_die_link_arbiter:TSV_CH2_CA;tsv_keepout:top.logic_die_link_arbiter:TSV_CH2_CLK;tsv_keepout:top.logic_die_link_arbiter:TSV_CH2_DATA;tsv_keepout:top.logic_die_link_arbiter:TSV_CH2_GROUND;tsv_keepout:top.logic_die_link_arbiter:TSV_CH2_POWER;tsv_keepout:top.logic_die_link_arbiter:TSV_CH2_SPARE
147,cand_724231445664,tsv_keepout:top.bank_local_reduction_buffer:TSV_CH2_CA;tsv_keepout:top.bank_local_reduction_buffer:TSV_CH2_CLK;tsv_keepout:top.bank_local_reduction_buffer:TSV_CH2_DATA;tsv_keepout:top.bank_local_reduction_buffer:TSV_CH2_GROUND;tsv_keepout:top.bank_local_reduction_buffer:TSV_CH2_POWER;tsv_keepout:top.bank_local_reduction_buffer:TSV_CH2_SPARE;tsv_keepout:top.logic_die_link_arbiter:TSV_CH5_CA;tsv_keepout:top.logic_die_link_arbiter:TSV_CH5_CLK;tsv_keepout:top.logic_die_link_arbiter:TSV_CH5_DATA;tsv_keepout:top.logic_die_link_arbiter:TSV_CH5_GROUND;tsv_keepout:top.logic_die_link_arbiter:TSV_CH5_POWER;tsv_keepout:top.logic_die_link_arbiter:TSV_CH5_SPARE
148,cand_fe476c6af4ee,tsv_keepout:top.hierarchical_reduction_path:TSV_CH0_CA;tsv_keepout:top.hierarchical_reduction_path:TSV_CH0_CLK;tsv_keepout:top.hierarchical_reduction_path:TSV_CH0_DATA;tsv_keepout:top.hierarchical_reduction_path:TSV_CH0_GROUND;tsv_keepout:top.hierarchical_reduction_path:TSV_CH0_POWER;tsv_keepout:top.hierarchical_reduction_path:TSV_CH0_SPARE;tsv_keepout:top.logic_die_dual_link_arbiter:TSV_CH2_CA;tsv_keepout:top.logic_die_dual_link_arbiter:TSV_CH2_CLK;tsv_keepout:top.logic_die_dual_link_arbiter:TSV_CH2_DATA;tsv_keepout:top.logic_die_dual_link_arbiter:TSV_CH2_GROUND;tsv_keepout:top.logic_die_dual_link_arbiter:TSV_CH2_POWER;tsv_keepout:top.logic_die_dual_link_arbiter:TSV_CH2_SPARE
149,cand_7ae3818b1e6c,tsv_keepout:top.bank_local_fp16_reduction:TSV_CH2_CA;tsv_keepout:top.bank_local_fp16_reduction:TSV_CH2_CLK;tsv_keepout:top.bank_local_fp16_reduction:TSV_CH2_DATA;tsv_keepout:top.bank_local_fp16_reduction:TSV_CH2_GROUND;tsv_keepout:top.bank_local_fp16_reduction:TSV_CH2_POWER;tsv_keepout:top.bank_local_fp16_reduction:TSV_CH2_SPARE;tsv_keepout:top.logic_die_dual_link_arbiter:TSV_CH2_CA;tsv_keepout:top.logic_die_dual_link_arbiter:TSV_CH2_CLK;tsv_keepout:top.logic_die_dual_link_arbiter:TSV_CH2_DATA;tsv_keepout:top.logic_die_dual_link_arbiter:TSV_CH2_GROUND;tsv_keepout:top.logic_die_dual_link_arbiter:TSV_CH2_POWER;tsv_keepout:top.logic_die_dual_link_arbiter:TSV_CH2_SPARE
157,cand_d69c395107b5,tsv_keepout:top.logic_die_link_arbiter:TSV_CH2_CA;tsv_keepout:top.logic_die_link_arbiter:TSV_CH2_CLK;tsv_keepout:top.logic_die_link_arbiter:TSV_CH2_DATA;tsv_keepout:top.logic_die_link_arbiter:TSV_CH2_GROUND;tsv_keepout:top.logic_die_link_arbiter:TSV_CH2_POWER;tsv_keepout:top.logic_die_link_arbiter:TSV_CH2_SPARE;tsv_keepout:top.shared_fp16_reduction_cluster:TSV_CH2_CA;tsv_keepout:top.shared_fp16_reduction_cluster:TSV_CH2_CLK;tsv_keepout:top.shared_fp16_reduction_cluster:TSV_CH2_DATA;tsv_keepout:top.shared_fp16_reduction_cluster:TSV_CH2_GROUND;tsv_keepout:top.shared_fp16_reduction_cluster:TSV_CH2_POWER;tsv_keepout:top.shared_fp16_reduction_cluster:TSV_CH2_SPARE
158,cand_5f03f307b51b,tsv_keepout:top.logic_die_64ch_reduction_top:TSV_CH2_CA;tsv_keepout:top.logic_die_64ch_reduction_top:TSV_CH2_CLK;tsv_keepout:top.logic_die_64ch_reduction_top:TSV_CH2_DATA;tsv_keepout:top.logic_die_64ch_reduction_top:TSV_CH2_GROUND;tsv_keepout:top.logic_die_64ch_reduction_top:TSV_CH2_POWER;tsv_keepout:top.logic_die_64ch_reduction_top:TSV_CH2_SPARE;tsv_keepout:top.logic_die_dual_link_arbiter:TSV_CH0_CA;tsv_keepout:top.logic_die_dual_link_arbiter:TSV_CH0_CLK;tsv_keepout:top.logic_die_dual_link_arbiter:TSV_CH0_DATA;tsv_keepout:top.logic_die_dual_link_arbiter:TSV_CH0_GROUND;tsv_keepout:top.logic_die_dual_link_arbiter:TSV_CH0_POWER;tsv_keepout:top.logic_die_dual_link_arbiter:TSV_CH0_SPARE;tsv_keepout:top.shared_fp16_reduction_cluster:TSV_CH4_CA;tsv_keepout:top.shared_fp16_reduction_cluster:TSV_CH4_CLK;tsv_keepout:top.shared_fp16_reduction_cluster:TSV_CH4_DATA;tsv_keepout:top.shared_fp16_reduction_cluster:TSV_CH4_GROUND;tsv_keepout:top.shared_fp16_reduction_cluster:TSV_CH4_POWER;tsv_keepout:top.shared_fp16_reduction_cluster:TSV_CH4_SPARE
159,cand_85ace21ab32e,tsv_keepout:top.bank_local_reduction_buffer:TSV_CH2_CA;tsv_keepout:top.bank_local_reduction_buffer:TSV_CH2_CLK;tsv_keepout:top.bank_local_reduction_buffer:TSV_CH2_DATA;tsv_keepout:top.bank_local_reduction_buffer:TSV_CH2_GROUND;tsv_keepout:top.bank_local_reduction_buffer:TSV_CH2_POWER;tsv_keepout:top.bank_local_reduction_buffer:TSV_CH2_SPARE;tsv_keepout:top.logic_die_64ch_reduction_top:TSV_CH1_CA;tsv_keepout:top.logic_die_64ch_reduction_top:TSV_CH1_CLK;tsv_keepout:top.logic_die_64ch_reduction_top:TSV_CH1_DATA;tsv_keepout:top.logic_die_64ch_reduction_top:TSV_CH1_GROUND;tsv_keepout:top.logic_die_64ch_reduction_top:TSV_CH1_POWER;tsv_keepout:top.logic_die_64ch_reduction_top:TSV_CH1_SPARE;tsv_keepout:top.logic_die_link_arbiter:TSV_CH4_CA;tsv_keepout:top.logic_die_link_arbiter:TSV_CH4_CLK;tsv_keepout:top.logic_die_link_arbiter:TSV_CH4_DATA;tsv_keepout:top.logic_die_link_arbiter:TSV_CH4_GROUND;tsv_keepout:top.logic_die_link_arbiter:TSV_CH4_POWER;tsv_keepout:top.logic_die_link_arbiter:TSV_CH4_SPARE;tsv_keepout:top.shared_fp16_reduction_cluster:TSV_CH2_CA;tsv_keepout:top.shared_fp16_reduction_cluster:TSV_CH2_CLK;tsv_keepout:top.shared_fp16_reduction_cluster:TSV_CH2_DATA;tsv_keepout:top.shared_fp16_reduction_cluster:TSV_CH2_GROUND;tsv_keepout:top.shared_fp16_reduction_cluster:TSV_CH2_POWER;tsv_keepout:top.shared_fp16_reduction_cluster:TSV_CH2_SPARE
167,cand_254e99b197db,tsv_keepout:top.bank_local_fp16_reduction:TSV_CH2_CA;tsv_keepout:top.bank_local_fp16_reduction:TSV_CH2_CLK;tsv_keepout:top.bank_local_fp16_reduction:TSV_CH2_DATA;tsv_keepout:top.bank_local_fp16_reduction:TSV_CH2_GROUND;tsv_keepout:top.bank_local_fp16_reduction:TSV_CH2_POWER;tsv_keepout:top.bank_local_fp16_reduction:TSV_CH2_SPARE;tsv_keepout:top.bank_local_reduction_buffer:TSV_CH0_CA;tsv_keepout:top.bank_local_reduction_buffer:TSV_CH0_CLK;tsv_keepout:top.bank_local_reduction_buffer:TSV_CH0_DATA;tsv_keepout:top.bank_local_reduction_buffer:TSV_CH0_GROUND;tsv_keepout:top.bank_local_reduction_buffer:TSV_CH0_POWER;tsv_keepout:top.bank_local_reduction_buffer:TSV_CH0_SPARE;tsv_keepout:top.logic_die_link_arbiter:TSV_CH5_CA;tsv_keepout:top.logic_die_link_arbiter:TSV_CH5_CLK;tsv_keepout:top.logic_die_link_arbiter:TSV_CH5_DATA;tsv_keepout:top.logic_die_link_arbiter:TSV_CH5_GROUND;tsv_keepout:top.logic_die_link_arbiter:TSV_CH5_POWER;tsv_keepout:top.logic_die_link_arbiter:TSV_CH5_SPARE
169,cand_ed59f2494dc1,tsv_keepout:top.bank_local_fp16_reduction:TSV_CH1_CA;tsv_keepout:top.bank_local_fp16_reduction:TSV_CH1_CLK;tsv_keepout:top.bank_local_fp16_reduction:TSV_CH1_DATA;tsv_keepout:top.bank_local_fp16_reduction:TSV_CH1_GROUND;tsv_keepout:top.bank_local_fp16_reduction:TSV_CH1_POWER;tsv_keepout:top.bank_local_fp16_reduction:TSV_CH1_SPARE;tsv_keepout:top.bank_local_reduction_buffer:TSV_CH4_CA;tsv_keepout:top.bank_local_reduction_buffer:TSV_CH4_CLK;tsv_keepout:top.bank_local_reduction_buffer:TSV_CH4_DATA;tsv_keepout:top.bank_local_reduction_buffer:TSV_CH4_GROUND;tsv_keepout:top.bank_local_reduction_buffer:TSV_CH4_POWER;tsv_keepout:top.bank_local_reduction_buffer:TSV_CH4_SPARE;tsv_keepout:top.hierarchical_reduction_path:TSV_CH2_CA;tsv_keepout:top.hierarchical_reduction_path:TSV_CH2_CLK;tsv_keepout:top.hierarchical_reduction_path:TSV_CH2_DATA;tsv_keepout:top.hierarchical_reduction_path:TSV_CH2_GROUND;tsv_keepout:top.hierarchical_reduction_path:TSV_CH2_POWER;tsv_keepout:top.hierarchical_reduction_path:TSV_CH2_SPARE
177,cand_682d387e33aa,tsv_keepout:top.logic_die_dual_link_arbiter:TSV_CH2_CA;tsv_keepout:top.logic_die_dual_link_arbiter:TSV_CH2_CLK;tsv_keepout:top.logic_die_dual_link_arbiter:TSV_CH2_DATA;tsv_keepout:top.logic_die_dual_link_arbiter:TSV_CH2_GROUND;tsv_keepout:top.logic_die_dual_link_arbiter:TSV_CH2_POWER;tsv_keepout:top.logic_die_dual_link_arbiter:TSV_CH2_SPARE;tsv_keepout:top.shared_fp16_reduction_cluster:TSV_CH5_CA;tsv_keepout:top.shared_fp16_reduction_cluster:TSV_CH5_CLK;tsv_keepout:top.shared_fp16_reduction_cluster:TSV_CH5_DATA;tsv_keepout:top.shared_fp16_reduction_cluster:TSV_CH5_GROUND;tsv_keepout:top.shared_fp16_reduction_cluster:TSV_CH5_POWER;tsv_keepout:top.shared_fp16_reduction_cluster:TSV_CH5_SPARE
178,cand_dd51b0d3ff60,tsv_keepout:top.hierarchical_reduction_path:TSV_CH4_CA;tsv_keepout:top.hierarchical_reduction_path:TSV_CH4_CLK;tsv_keepout:top.hierarchical_reduction_path:TSV_CH4_DATA;tsv_keepout:top.hierarchical_reduction_path:TSV_CH4_GROUND;tsv_keepout:top.hierarchical_reduction_path:TSV_CH4_POWER;tsv_keepout:top.hierarchical_reduction_path:TSV_CH4_SPARE
179,cand_2bd3cfb02dfd,tsv_keepout:top.bank_local_fp16_reduction:TSV_CH1_CA;tsv_keepout:top.bank_local_fp16_reduction:TSV_CH1_CLK;tsv_keepout:top.bank_local_fp16_reduction:TSV_CH1_DATA;tsv_keepout:top.bank_local_fp16_reduction:TSV_CH1_GROUND;tsv_keepout:top.bank_local_fp16_reduction:TSV_CH1_POWER;tsv_keepout:top.bank_local_fp16_reduction:TSV_CH1_SPARE;tsv_keepout:top.hierarchical_reduction_path:TSV_CH1_CA;tsv_keepout:top.hierarchical_reduction_path:TSV_CH1_CLK;tsv_keepout:top.hierarchical_reduction_path:TSV_CH1_DATA;tsv_keepout:top.hierarchical_reduction_path:TSV_CH1_GROUND;tsv_keepout:top.hierarchical_reduction_path:TSV_CH1_POWER;tsv_keepout:top.hierarchical_reduction_path:TSV_CH1_SPARE;tsv_keepout:top.logic_die_link_arbiter:TSV_CH5_CA;tsv_keepout:top.logic_die_link_arbiter:TSV_CH5_CLK;tsv_keepout:top.logic_die_link_arbiter:TSV_CH5_DATA;tsv_keepout:top.logic_die_link_arbiter:TSV_CH5_GROUND;tsv_keepout:top.logic_die_link_arbiter:TSV_CH5_POWER;tsv_keepout:top.logic_die_link_arbiter:TSV_CH5_SPARE;tsv_keepout:top.shared_fp16_reduction_cluster:TSV_CH2_CA;tsv_keepout:top.shared_fp16_reduction_cluster:TSV_CH2_CLK;tsv_keepout:top.shared_fp16_reduction_cluster:TSV_CH2_DATA;tsv_keepout:top.shared_fp16_reduction_cluster:TSV_CH2_GROUND;tsv_keepout:top.shared_fp16_reduction_cluster:TSV_CH2_POWER;tsv_keepout:top.shared_fp16_reduction_cluster:TSV_CH2_SPARE
187,cand_de6ed97e5af9,tsv_keepout:top.hierarchical_reduction_path:TSV_CH2_CA;tsv_keepout:top.hierarchical_reduction_path:TSV_CH2_CLK;tsv_keepout:top.hierarchical_reduction_path:TSV_CH2_DATA;tsv_keepout:top.hierarchical_reduction_path:TSV_CH2_GROUND;tsv_keepout:top.hierarchical_reduction_path:TSV_CH2_POWER;tsv_keepout:top.hierarchical_reduction_path:TSV_CH2_SPARE;tsv_keepout:top.logic_die_64ch_reduction_top:TSV_CH1_CA;tsv_keepout:top.logic_die_64ch_reduction_top:TSV_CH1_CLK;tsv_keepout:top.logic_die_64ch_reduction_top:TSV_CH1_DATA;tsv_keepout:top.logic_die_64ch_reduction_top:TSV_CH1_GROUND;tsv_keepout:top.logic_die_64ch_reduction_top:TSV_CH1_POWER;tsv_keepout:top.logic_die_64ch_reduction_top:TSV_CH1_SPARE
188,cand_61c3ea4073c4,tsv_keepout:top.bank_local_fp16_reduction:TSV_CH0_CA;tsv_keepout:top.bank_local_fp16_reduction:TSV_CH0_CLK;tsv_keepout:top.bank_local_fp16_reduction:TSV_CH0_DATA;tsv_keepout:top.bank_local_fp16_reduction:TSV_CH0_GROUND;tsv_keepout:top.bank_local_fp16_reduction:TSV_CH0_POWER;tsv_keepout:top.bank_local_fp16_reduction:TSV_CH0_SPARE;tsv_keepout:top.shared_fp16_reduction_cluster:TSV_CH2_CA;tsv_keepout:top.shared_fp16_reduction_cluster:TSV_CH2_CLK;tsv_keepout:top.shared_fp16_reduction_cluster:TSV_CH2_DATA;tsv_keepout:top.shared_fp16_reduction_cluster:TSV_CH2_GROUND;tsv_keepout:top.shared_fp16_reduction_cluster:TSV_CH2_POWER;tsv_keepout:top.shared_fp16_reduction_cluster:TSV_CH2_SPARE
189,cand_2958e1304a24,tsv_keepout:top.hierarchical_reduction_path:TSV_CH1_CA;tsv_keepout:top.hierarchical_reduction_path:TSV_CH1_CLK;tsv_keepout:top.hierarchical_reduction_path:TSV_CH1_DATA;tsv_keepout:top.hierarchical_reduction_path:TSV_CH1_GROUND;tsv_keepout:top.hierarchical_reduction_path:TSV_CH1_POWER;tsv_keepout:top.hierarchical_reduction_path:TSV_CH1_SPARE;tsv_keepout:top.logic_die_64ch_reduction_top:TSV_CH0_CA;tsv_keepout:top.logic_die_64ch_reduction_top:TSV_CH0_CLK;tsv_keepout:top.logic_die_64ch_reduction_top:TSV_CH0_DATA;tsv_keepout:top.logic_die_64ch_reduction_top:TSV_CH0_GROUND;tsv_keepout:top.logic_die_64ch_reduction_top:TSV_CH0_POWER;tsv_keepout:top.logic_die_64ch_reduction_top:TSV_CH0_SPARE;tsv_keepout:top.logic_die_link_arbiter:TSV_CH2_CA;tsv_keepout:top.logic_die_link_arbiter:TSV_CH2_CLK;tsv_keepout:top.logic_die_link_arbiter:TSV_CH2_DATA;tsv_keepout:top.logic_die_link_arbiter:TSV_CH2_GROUND;tsv_keepout:top.logic_die_link_arbiter:TSV_CH2_POWER;tsv_keepout:top.logic_die_link_arbiter:TSV_CH2_SPARE
197,cand_d1cb6246f44f,tsv_keepout:top.bank_local_fp16_reduction:TSV_CH0_CA;tsv_keepout:top.bank_local_fp16_reduction:TSV_CH0_CLK;tsv_keepout:top.bank_local_fp16_reduction:TSV_CH0_DATA;tsv_keepout:top.bank_local_fp16_reduction:TSV_CH0_GROUND;tsv_keepout:top.bank_local_fp16_reduction:TSV_CH0_POWER;tsv_keepout:top.bank_local_fp16_reduction:TSV_CH0_SPARE;tsv_keepout:top.bank_local_reduction_buffer:TSV_CH2_CA;tsv_keepout:top.bank_local_reduction_buffer:TSV_CH2_CLK;tsv_keepout:top.bank_local_reduction_buffer:TSV_CH2_DATA;tsv_keepout:top.bank_local_reduction_buffer:TSV_CH2_GROUND;tsv_keepout:top.bank_local_reduction_buffer:TSV_CH2_POWER;tsv_keepout:top.bank_local_reduction_buffer:TSV_CH2_SPARE;tsv_keepout:top.logic_die_link_arbiter:TSV_CH5_CA;tsv_keepout:top.logic_die_link_arbiter:TSV_CH5_CLK;tsv_keepout:top.logic_die_link_arbiter:TSV_CH5_DATA;tsv_keepout:top.logic_die_link_arbiter:TSV_CH5_GROUND;tsv_keepout:top.logic_die_link_arbiter:TSV_CH5_POWER;tsv_keepout:top.logic_die_link_arbiter:TSV_CH5_SPARE
198,cand_2be0c8b8bf2c,tsv_keepout:top.hierarchical_reduction_path:TSV_CH0_CA;tsv_keepout:top.hierarchical_reduction_path:TSV_CH0_CLK;tsv_keepout:top.hierarchical_reduction_path:TSV_CH0_DATA;tsv_keepout:top.hierarchical_reduction_path:TSV_CH0_GROUND;tsv_keepout:top.hierarchical_reduction_path:TSV_CH0_POWER;tsv_keepout:top.hierarchical_reduction_path:TSV_CH0_SPARE;tsv_keepout:top.logic_die_dual_link_arbiter:TSV_CH1_CA;tsv_keepout:top.logic_die_dual_link_arbiter:TSV_CH1_CLK;tsv_keepout:top.logic_die_dual_link_arbiter:TSV_CH1_DATA;tsv_keepout:top.logic_die_dual_link_arbiter:TSV_CH1_GROUND;tsv_keepout:top.logic_die_dual_link_arbiter:TSV_CH1_POWER;tsv_keepout:top.logic_die_dual_link_arbiter:TSV_CH1_SPARE
199,cand_ead57df945f2,tsv_keepout:top.bank_local_fp16_reduction:TSV_CH5_CA;tsv_keepout:top.bank_local_fp16_reduction:TSV_CH5_CLK;tsv_keepout:top.bank_local_fp16_reduction:TSV_CH5_DATA;tsv_keepout:top.bank_local_fp16_reduction:TSV_CH5_GROUND;tsv_keepout:top.bank_local_fp16_reduction:TSV_CH5_POWER;tsv_keepout:top.bank_local_fp16_reduction:TSV_CH5_SPARE;tsv_keepout:top.hierarchical_reduction_path:TSV_CH1_CA;tsv_keepout:top.hierarchical_reduction_path:TSV_CH1_CLK;tsv_keepout:top.hierarchical_reduction_path:TSV_CH1_DATA;tsv_keepout:top.hierarchical_reduction_path:TSV_CH1_GROUND;tsv_keepout:top.hierarchical_reduction_path:TSV_CH1_POWER;tsv_keepout:top.hierarchical_reduction_path:TSV_CH1_SPARE;tsv_keepout:top.logic_die_64ch_reduction_top:TSV_CH3_CA;tsv_keepout:top.logic_die_64ch_reduction_top:TSV_CH3_CLK;tsv_keepout:top.logic_die_64ch_reduction_top:TSV_CH3_DATA;tsv_keepout:top.logic_die_64ch_reduction_top:TSV_CH3_GROUND;tsv_keepout:top.logic_die_64ch_reduction_top:TSV_CH3_POWER;tsv_keepout:top.logic_die_64ch_reduction_top:TSV_CH3_SPARE
207,cand_d13a6987bfd2,tsv_keepout:top.bank_local_fp16_reduction:TSV_CH0_CA;tsv_keepout:top.bank_local_fp16_reduction:TSV_CH0_CLK;tsv_keepout:top.bank_local_fp16_reduction:TSV_CH0_DATA;tsv_keepout:top.bank_local_fp16_reduction:TSV_CH0_GROUND;tsv_keepout:top.bank_local_fp16_reduction:TSV_CH0_POWER;tsv_keepout:top.bank_local_fp16_reduction:TSV_CH0_SPARE;tsv_keepout:top.logic_die_64ch_reduction_top:TSV_CH2_CA;tsv_keepout:top.logic_die_64ch_reduction_top:TSV_CH2_CLK;tsv_keepout:top.logic_die_64ch_reduction_top:TSV_CH2_DATA;tsv_keepout:top.logic_die_64ch_reduction_top:TSV_CH2_GROUND;tsv_keepout:top.logic_die_64ch_reduction_top:TSV_CH2_POWER;tsv_keepout:top.logic_die_64ch_reduction_top:TSV_CH2_SPARE;tsv_keepout:top.shared_fp16_reduction_cluster:TSV_CH3_CA;tsv_keepout:top.shared_fp16_reduction_cluster:TSV_CH3_CLK;tsv_keepout:top.shared_fp16_reduction_cluster:TSV_CH3_DATA;tsv_keepout:top.shared_fp16_reduction_cluster:TSV_CH3_GROUND;tsv_keepout:top.shared_fp16_reduction_cluster:TSV_CH3_POWER;tsv_keepout:top.shared_fp16_reduction_cluster:TSV_CH3_SPARE
208,cand_d6340f04c167,tsv_keepout:top.hierarchical_reduction_path:TSV_CH3_CA;tsv_keepout:top.hierarchical_reduction_path:TSV_CH3_CLK;tsv_keepout:top.hierarchical_reduction_path:TSV_CH3_DATA;tsv_keepout:top.hierarchical_reduction_path:TSV_CH3_GROUND;tsv_keepout:top.hierarchical_reduction_path:TSV_CH3_POWER;tsv_keepout:top.hierarchical_reduction_path:TSV_CH3_SPARE;tsv_keepout:top.logic_die_link_arbiter:TSV_CH5_CA;tsv_keepout:top.logic_die_link_arbiter:TSV_CH5_CLK;tsv_keepout:top.logic_die_link_arbiter:TSV_CH5_DATA;tsv_keepout:top.logic_die_link_arbiter:TSV_CH5_GROUND;tsv_keepout:top.logic_die_link_arbiter:TSV_CH5_POWER;tsv_keepout:top.logic_die_link_arbiter:TSV_CH5_SPARE
209,cand_fe08164cf1e0,tsv_keepout:top.bank_local_reduction_buffer:TSV_CH4_CA;tsv_keepout:top.bank_local_reduction_buffer:TSV_CH4_CLK;tsv_keepout:top.bank_local_reduction_buffer:TSV_CH4_DATA;tsv_keepout:top.bank_local_reduction_buffer:TSV_CH4_GROUND;tsv_keepout:top.bank_local_reduction_buffer:TSV_CH4_POWER;tsv_keepout:top.bank_local_reduction_buffer:TSV_CH4_SPARE;tsv_keepout:top.logic_die_link_arbiter:TSV_CH1_CA;tsv_keepout:top.logic_die_link_arbiter:TSV_CH1_CLK;tsv_keepout:top.logic_die_link_arbiter:TSV_CH1_DATA;tsv_keepout:top.logic_die_link_arbiter:TSV_CH1_GROUND;tsv_keepout:top.logic_die_link_arbiter:TSV_CH1_POWER;tsv_keepout:top.logic_die_link_arbiter:TSV_CH1_SPARE;tsv_keepout:top.shared_fp16_pipeline_fabric:TSV_CH1_CA;tsv_keepout:top.shared_fp16_pipeline_fabric:TSV_CH1_CLK;tsv_keepout:top.shared_fp16_pipeline_fabric:TSV_CH1_DATA;tsv_keepout:top.shared_fp16_pipeline_fabric:TSV_CH1_GROUND;tsv_keepout:top.shared_fp16_pipeline_fabric:TSV_CH1_POWER;tsv_keepout:top.shared_fp16_pipeline_fabric:TSV_CH1_SPARE
217,cand_c7d5ca108f29,tsv_keepout:top.hierarchical_reduction_path:TSV_CH5_CA;tsv_keepout:top.hierarchical_reduction_path:TSV_CH5_CLK;tsv_keepout:top.hierarchical_reduction_path:TSV_CH5_DATA;tsv_keepout:top.hierarchical_reduction_path:TSV_CH5_GROUND;tsv_keepout:top.hierarchical_reduction_path:TSV_CH5_POWER;tsv_keepout:top.hierarchical_reduction_path:TSV_CH5_SPARE;tsv_keepout:top.logic_die_dual_link_arbiter:TSV_CH2_CA;tsv_keepout:top.logic_die_dual_link_arbiter:TSV_CH2_CLK;tsv_keepout:top.logic_die_dual_link_arbiter:TSV_CH2_DATA;tsv_keepout:top.logic_die_dual_link_arbiter:TSV_CH2_GROUND;tsv_keepout:top.logic_die_dual_link_arbiter:TSV_CH2_POWER;tsv_keepout:top.logic_die_dual_link_arbiter:TSV_CH2_SPARE
218,cand_a96244f0359d,tsv_keepout:top.shared_fp16_pipeline_fabric:TSV_CH4_CA;tsv_keepout:top.shared_fp16_pipeline_fabric:TSV_CH4_CLK;tsv_keepout:top.shared_fp16_pipeline_fabric:TSV_CH4_DATA;tsv_keepout:top.shared_fp16_pipeline_fabric:TSV_CH4_GROUND;tsv_keepout:top.shared_fp16_pipeline_fabric:TSV_CH4_POWER;tsv_keepout:top.shared_fp16_pipeline_fabric:TSV_CH4_SPARE;tsv_keepout:top.shared_fp16_reduction_cluster:TSV_CH0_CA;tsv_keepout:top.shared_fp16_reduction_cluster:TSV_CH0_CLK;tsv_keepout:top.shared_fp16_reduction_cluster:TSV_CH0_DATA;tsv_keepout:top.shared_fp16_reduction_cluster:TSV_CH0_GROUND;tsv_keepout:top.shared_fp16_reduction_cluster:TSV_CH0_POWER;tsv_keepout:top.shared_fp16_reduction_cluster:TSV_CH0_SPARE
219,cand_8f191d48206b,tsv_keepout:top.bank_local_fp16_reduction:TSV_CH0_CA;tsv_keepout:top.bank_local_fp16_reduction:TSV_CH0_CLK;tsv_keepout:top.bank_local_fp16_reduction:TSV_CH0_DATA;tsv_keepout:top.bank_local_fp16_reduction:TSV_CH0_GROUND;tsv_keepout:top.bank_local_fp16_reduction:TSV_CH0_POWER;tsv_keepout:top.bank_local_fp16_reduction:TSV_CH0_SPARE;tsv_keepout:top.hierarchical_reduction_path:TSV_CH2_CA;tsv_keepout:top.hierarchical_reduction_path:TSV_CH2_CLK;tsv_keepout:top.hierarchical_reduction_path:TSV_CH2_DATA;tsv_keepout:top.hierarchical_reduction_path:TSV_CH2_GROUND;tsv_keepout:top.hierarchical_reduction_path:TSV_CH2_POWER;tsv_keepout:top.hierarchical_reduction_path:TSV_CH2_SPARE;tsv_keepout:top.logic_die_link_arbiter:TSV_CH1_CA;tsv_keepout:top.logic_die_link_arbiter:TSV_CH1_CLK;tsv_keepout:top.logic_die_link_arbiter:TSV_CH1_DATA;tsv_keepout:top.logic_die_link_arbiter:TSV_CH1_GROUND;tsv_keepout:top.logic_die_link_arbiter:TSV_CH1_POWER;tsv_keepout:top.logic_die_link_arbiter:TSV_CH1_SPARE
227,cand_48f81e5430b4,tsv_keepout:top.bank_local_reduction_buffer:TSV_CH4_CA;tsv_keepout:top.bank_local_reduction_buffer:TSV_CH4_CLK;tsv_keepout:top.bank_local_reduction_buffer:TSV_CH4_DATA;tsv_keepout:top.bank_local_reduction_buffer:TSV_CH4_GROUND;tsv_keepout:top.bank_local_reduction_buffer:TSV_CH4_POWER;tsv_keepout:top.bank_local_reduction_buffer:TSV_CH4_SPARE
228,cand_c27b1d3a06b7,tsv_keepout:top.hierarchical_reduction_path:TSV_CH1_CA;tsv_keepout:top.hierarchical_reduction_path:TSV_CH1_CLK;tsv_keepout:top.hierarchical_reduction_path:TSV_CH1_DATA;tsv_keepout:top.hierarchical_reduction_path:TSV_CH1_GROUND;tsv_keepout:top.hierarchical_reduction_path:TSV_CH1_POWER;tsv_keepout:top.hierarchical_reduction_path:TSV_CH1_SPARE;tsv_keepout:top.logic_die_64ch_reduction_top:TSV_CH2_CA;tsv_keepout:top.logic_die_64ch_reduction_top:TSV_CH2_CLK;tsv_keepout:top.logic_die_64ch_reduction_top:TSV_CH2_DATA;tsv_keepout:top.logic_die_64ch_reduction_top:TSV_CH2_GROUND;tsv_keepout:top.logic_die_64ch_reduction_top:TSV_CH2_POWER;tsv_keepout:top.logic_die_64ch_reduction_top:TSV_CH2_SPARE
229,cand_9012d465bf41,tsv_keepout:top.bank_local_fp16_reduction:TSV_CH4_CA;tsv_keepout:top.bank_local_fp16_reduction:TSV_CH4_CLK;tsv_keepout:top.bank_local_fp16_reduction:TSV_CH4_DATA;tsv_keepout:top.bank_local_fp16_reduction:TSV_CH4_GROUND;tsv_keepout:top.bank_local_fp16_reduction:TSV_CH4_POWER;tsv_keepout:top.bank_local_fp16_reduction:TSV_CH4_SPARE;tsv_keepout:top.hierarchical_reduction_path:TSV_CH1_CA;tsv_keepout:top.hierarchical_reduction_path:TSV_CH1_CLK;tsv_keepout:top.hierarchical_reduction_path:TSV_CH1_DATA;tsv_keepout:top.hierarchical_reduction_path:TSV_CH1_GROUND;tsv_keepout:top.hierarchical_reduction_path:TSV_CH1_POWER;tsv_keepout:top.hierarchical_reduction_path:TSV_CH1_SPARE;tsv_keepout:top.logic_die_64ch_reduction_top:TSV_CH1_CA;tsv_keepout:top.logic_die_64ch_reduction_top:TSV_CH1_CLK;tsv_keepout:top.logic_die_64ch_reduction_top:TSV_CH1_DATA;tsv_keepout:top.logic_die_64ch_reduction_top:TSV_CH1_GROUND;tsv_keepout:top.logic_die_64ch_reduction_top:TSV_CH1_POWER;tsv_keepout:top.logic_die_64ch_reduction_top:TSV_CH1_SPARE
237,cand_1a3809768e54,tsv_keepout:top.bank_local_reduction_buffer:TSV_CH1_CA;tsv_keepout:top.bank_local_reduction_buffer:TSV_CH1_CLK;tsv_keepout:top.bank_local_reduction_buffer:TSV_CH1_DATA;tsv_keepout:top.bank_local_reduction_buffer:TSV_CH1_GROUND;tsv_keepout:top.bank_local_reduction_buffer:TSV_CH1_POWER;tsv_keepout:top.bank_local_reduction_buffer:TSV_CH1_SPARE;tsv_keepout:top.logic_die_64ch_reduction_top:TSV_CH1_CA;tsv_keepout:top.logic_die_64ch_reduction_top:TSV_CH1_CLK;tsv_keepout:top.logic_die_64ch_reduction_top:TSV_CH1_DATA;tsv_keepout:top.logic_die_64ch_reduction_top:TSV_CH1_GROUND;tsv_keepout:top.logic_die_64ch_reduction_top:TSV_CH1_POWER;tsv_keepout:top.logic_die_64ch_reduction_top:TSV_CH1_SPARE;tsv_keepout:top.shared_fp16_pipeline_fabric:TSV_CH5_CA;tsv_keepout:top.shared_fp16_pipeline_fabric:TSV_CH5_CLK;tsv_keepout:top.shared_fp16_pipeline_fabric:TSV_CH5_DATA;tsv_keepout:top.shared_fp16_pipeline_fabric:TSV_CH5_GROUND;tsv_keepout:top.shared_fp16_pipeline_fabric:TSV_CH5_POWER;tsv_keepout:top.shared_fp16_pipeline_fabric:TSV_CH5_SPARE
238,cand_27cc6687f368,tsv_keepout:top.hierarchical_reduction_path:TSV_CH5_CA;tsv_keepout:top.hierarchical_reduction_path:TSV_CH5_CLK;tsv_keepout:top.hierarchical_reduction_path:TSV_CH5_DATA;tsv_keepout:top.hierarchical_reduction_path:TSV_CH5_GROUND;tsv_keepout:top.hierarchical_reduction_path:TSV_CH5_POWER;tsv_keepout:top.hierarchical_reduction_path:TSV_CH5_SPARE;tsv_keepout:top.logic_die_dual_link_arbiter:TSV_CH2_CA;tsv_keepout:top.logic_die_dual_link_arbiter:TSV_CH2_CLK;tsv_keepout:top.logic_die_dual_link_arbiter:TSV_CH2_DATA;tsv_keepout:top.logic_die_dual_link_arbiter:TSV_CH2_GROUND;tsv_keepout:top.logic_die_dual_link_arbiter:TSV_CH2_POWER;tsv_keepout:top.logic_die_dual_link_arbiter:TSV_CH2_SPARE
239,cand_50d273e8fb51,tsv_keepout:top.logic_die_64ch_reduction_top:TSV_CH2_CA;tsv_keepout:top.logic_die_64ch_reduction_top:TSV_CH2_CLK;tsv_keepout:top.logic_die_64ch_reduction_top:TSV_CH2_DATA;tsv_keepout:top.logic_die_64ch_reduction_top:TSV_CH2_GROUND;tsv_keepout:top.logic_die_64ch_reduction_top:TSV_CH2_POWER;tsv_keepout:top.logic_die_64ch_reduction_top:TSV_CH2_SPARE;tsv_keepout:top.logic_die_dual_link_arbiter:TSV_CH4_CA;tsv_keepout:top.logic_die_dual_link_arbiter:TSV_CH4_CLK;tsv_keepout:top.logic_die_dual_link_arbiter:TSV_CH4_DATA;tsv_keepout:top.logic_die_dual_link_arbiter:TSV_CH4_GROUND;tsv_keepout:top.logic_die_dual_link_arbiter:TSV_CH4_POWER;tsv_keepout:top.logic_die_dual_link_arbiter:TSV_CH4_SPARE
247,cand_ea982ecd86c5,tsv_keepout:top.hierarchical_reduction_path:TSV_CH4_CA;tsv_keepout:top.hierarchical_reduction_path:TSV_CH4_CLK;tsv_keepout:top.hierarchical_reduction_path:TSV_CH4_DATA;tsv_keepout:top.hierarchical_reduction_path:TSV_CH4_GROUND;tsv_keepout:top.hierarchical_reduction_path:TSV_CH4_POWER;tsv_keepout:top.hierarchical_reduction_path:TSV_CH4_SPARE;tsv_keepout:top.logic_die_dual_link_arbiter:TSV_CH1_CA;tsv_keepout:top.logic_die_dual_link_arbiter:TSV_CH1_CLK;tsv_keepout:top.logic_die_dual_link_arbiter:TSV_CH1_DATA;tsv_keepout:top.logic_die_dual_link_arbiter:TSV_CH1_GROUND;tsv_keepout:top.logic_die_dual_link_arbiter:TSV_CH1_POWER;tsv_keepout:top.logic_die_dual_link_arbiter:TSV_CH1_SPARE;tsv_keepout:top.logic_die_link_arbiter:TSV_CH2_CA;tsv_keepout:top.logic_die_link_arbiter:TSV_CH2_CLK;tsv_keepout:top.logic_die_link_arbiter:TSV_CH2_DATA;tsv_keepout:top.logic_die_link_arbiter:TSV_CH2_GROUND;tsv_keepout:top.logic_die_link_arbiter:TSV_CH2_POWER;tsv_keepout:top.logic_die_link_arbiter:TSV_CH2_SPARE;tsv_keepout:top.shared_fp16_pipeline_fabric:TSV_CH3_CA;tsv_keepout:top.shared_fp16_pipeline_fabric:TSV_CH3_CLK;tsv_keepout:top.shared_fp16_pipeline_fabric:TSV_CH3_DATA;tsv_keepout:top.shared_fp16_pipeline_fabric:TSV_CH3_GROUND;tsv_keepout:top.shared_fp16_pipeline_fabric:TSV_CH3_POWER;tsv_keepout:top.shared_fp16_pipeline_fabric:TSV_CH3_SPARE
248,cand_78359c2ff8df,tsv_keepout:top.bank_local_fp16_reduction:TSV_CH1_CA;tsv_keepout:top.bank_local_fp16_reduction:TSV_CH1_CLK;tsv_keepout:top.bank_local_fp16_reduction:TSV_CH1_DATA;tsv_keepout:top.bank_local_fp16_reduction:TSV_CH1_GROUND;tsv_keepout:top.bank_local_fp16_reduction:TSV_CH1_POWER;tsv_keepout:top.bank_local_fp16_reduction:TSV_CH1_SPARE;tsv_keepout:top.logic_die_64ch_reduction_top:TSV_CH0_CA;tsv_keepout:top.logic_die_64ch_reduction_top:TSV_CH0_CLK;tsv_keepout:top.logic_die_64ch_reduction_top:TSV_CH0_DATA;tsv_keepout:top.logic_die_64ch_reduction_top:TSV_CH0_GROUND;tsv_keepout:top.logic_die_64ch_reduction_top:TSV_CH0_POWER;tsv_keepout:top.logic_die_64ch_reduction_top:TSV_CH0_SPARE;tsv_keepout:top.shared_fp16_pipeline_fabric:TSV_CH3_CA;tsv_keepout:top.shared_fp16_pipeline_fabric:TSV_CH3_CLK;tsv_keepout:top.shared_fp16_pipeline_fabric:TSV_CH3_DATA;tsv_keepout:top.shared_fp16_pipeline_fabric:TSV_CH3_GROUND;tsv_keepout:top.shared_fp16_pipeline_fabric:TSV_CH3_POWER;tsv_keepout:top.shared_fp16_pipeline_fabric:TSV_CH3_SPARE
249,cand_1d8ef08736b6,tsv_keepout:top.bank_local_fp16_reduction:TSV_CH1_CA;tsv_keepout:top.bank_local_fp16_reduction:TSV_CH1_CLK;tsv_keepout:top.bank_local_fp16_reduction:TSV_CH1_DATA;tsv_keepout:top.bank_local_fp16_reduction:TSV_CH1_GROUND;tsv_keepout:top.bank_local_fp16_reduction:TSV_CH1_POWER;tsv_keepout:top.bank_local_fp16_reduction:TSV_CH1_SPARE;tsv_keepout:top.logic_die_dual_link_arbiter:TSV_CH1_CA;tsv_keepout:top.logic_die_dual_link_arbiter:TSV_CH1_CLK;tsv_keepout:top.logic_die_dual_link_arbiter:TSV_CH1_DATA;tsv_keepout:top.logic_die_dual_link_arbiter:TSV_CH1_GROUND;tsv_keepout:top.logic_die_dual_link_arbiter:TSV_CH1_POWER;tsv_keepout:top.logic_die_dual_link_arbiter:TSV_CH1_SPARE
257,cand_316c67c21b16,tsv_keepout:top.bank_local_reduction_buffer:TSV_CH5_CA;tsv_keepout:top.bank_local_reduction_buffer:TSV_CH5_CLK;tsv_keepout:top.bank_local_reduction_buffer:TSV_CH5_DATA;tsv_keepout:top.bank_local_reduction_buffer:TSV_CH5_GROUND;tsv_keepout:top.bank_local_reduction_buffer:TSV_CH5_POWER;tsv_keepout:top.bank_local_reduction_buffer:TSV_CH5_SPARE;tsv_keepout:top.shared_fp16_pipeline_fabric:TSV_CH3_CA;tsv_keepout:top.shared_fp16_pipeline_fabric:TSV_CH3_CLK;tsv_keepout:top.shared_fp16_pipeline_fabric:TSV_CH3_DATA;tsv_keepout:top.shared_fp16_pipeline_fabric:TSV_CH3_GROUND;tsv_keepout:top.shared_fp16_pipeline_fabric:TSV_CH3_POWER;tsv_keepout:top.shared_fp16_pipeline_fabric:TSV_CH3_SPARE
258,cand_507fd5c23c78,tsv_keepout:top.logic_die_dual_link_arbiter:TSV_CH2_CA;tsv_keepout:top.logic_die_dual_link_arbiter:TSV_CH2_CLK;tsv_keepout:top.logic_die_dual_link_arbiter:TSV_CH2_DATA;tsv_keepout:top.logic_die_dual_link_arbiter:TSV_CH2_GROUND;tsv_keepout:top.logic_die_dual_link_arbiter:TSV_CH2_POWER;tsv_keepout:top.logic_die_dual_link_arbiter:TSV_CH2_SPARE;tsv_keepout:top.logic_die_link_arbiter:TSV_CH4_CA;tsv_keepout:top.logic_die_link_arbiter:TSV_CH4_CLK;tsv_keepout:top.logic_die_link_arbiter:TSV_CH4_DATA;tsv_keepout:top.logic_die_link_arbiter:TSV_CH4_GROUND;tsv_keepout:top.logic_die_link_arbiter:TSV_CH4_POWER;tsv_keepout:top.logic_die_link_arbiter:TSV_CH4_SPARE
259,cand_ee63a1a12b70,tsv_keepout:top.bank_local_fp16_reduction:TSV_CH3_CA;tsv_keepout:top.bank_local_fp16_reduction:TSV_CH3_CLK;tsv_keepout:top.bank_local_fp16_reduction:TSV_CH3_DATA;tsv_keepout:top.bank_local_fp16_reduction:TSV_CH3_GROUND;tsv_keepout:top.bank_local_fp16_reduction:TSV_CH3_POWER;tsv_keepout:top.bank_local_fp16_reduction:TSV_CH3_SPARE;tsv_keepout:top.logic_die_64ch_reduction_top:TSV_CH2_CA;tsv_keepout:top.logic_die_64ch_reduction_top:TSV_CH2_CLK;tsv_keepout:top.logic_die_64ch_reduction_top:TSV_CH2_DATA;tsv_keepout:top.logic_die_64ch_reduction_top:TSV_CH2_GROUND;tsv_keepout:top.logic_die_64ch_reduction_top:TSV_CH2_POWER;tsv_keepout:top.logic_die_64ch_reduction_top:TSV_CH2_SPARE;tsv_keepout:top.shared_fp16_reduction_cluster:TSV_CH0_CA;tsv_keepout:top.shared_fp16_reduction_cluster:TSV_CH0_CLK;tsv_keepout:top.shared_fp16_reduction_cluster:TSV_CH0_DATA;tsv_keepout:top.shared_fp16_reduction_cluster:TSV_CH0_GROUND;tsv_keepout:top.shared_fp16_reduction_cluster:TSV_CH0_POWER;tsv_keepout:top.shared_fp16_reduction_cluster:TSV_CH0_SPARE
267,cand_daccd137a38c,tsv_keepout:top.bank_local_fp16_reduction:TSV_CH1_CA;tsv_keepout:top.bank_local_fp16_reduction:TSV_CH1_CLK;tsv_keepout:top.bank_local_fp16_reduction:TSV_CH1_DATA;tsv_keepout:top.bank_local_fp16_reduction:TSV_CH1_GROUND;tsv_keepout:top.bank_local_fp16_reduction:TSV_CH1_POWER;tsv_keepout:top.bank_local_fp16_reduction:TSV_CH1_SPARE;tsv_keepout:top.logic_die_64ch_reduction_top:TSV_CH5_CA;tsv_keepout:top.logic_die_64ch_reduction_top:TSV_CH5_CLK;tsv_keepout:top.logic_die_64ch_reduction_top:TSV_CH5_DATA;tsv_keepout:top.logic_die_64ch_reduction_top:TSV_CH5_GROUND;tsv_keepout:top.logic_die_64ch_reduction_top:TSV_CH5_POWER;tsv_keepout:top.logic_die_64ch_reduction_top:TSV_CH5_SPARE;tsv_keepout:top.logic_die_dual_link_arbiter:TSV_CH2_CA;tsv_keepout:top.logic_die_dual_link_arbiter:TSV_CH2_CLK;tsv_keepout:top.logic_die_dual_link_arbiter:TSV_CH2_DATA;tsv_keepout:top.logic_die_dual_link_arbiter:TSV_CH2_GROUND;tsv_keepout:top.logic_die_dual_link_arbiter:TSV_CH2_POWER;tsv_keepout:top.logic_die_dual_link_arbiter:TSV_CH2_SPARE
268,cand_c214bf1545be,tsv_keepout:top.hierarchical_reduction_path:TSV_CH1_CA;tsv_keepout:top.hierarchical_reduction_path:TSV_CH1_CLK;tsv_keepout:top.hierarchical_reduction_path:TSV_CH1_DATA;tsv_keepout:top.hierarchical_reduction_path:TSV_CH1_GROUND;tsv_keepout:top.hierarchical_reduction_path:TSV_CH1_POWER;tsv_keepout:top.hierarchical_reduction_path:TSV_CH1_SPARE;tsv_keepout:top.shared_fp16_pipeline_fabric:TSV_CH1_CA;tsv_keepout:top.shared_fp16_pipeline_fabric:TSV_CH1_CLK;tsv_keepout:top.shared_fp16_pipeline_fabric:TSV_CH1_DATA;tsv_keepout:top.shared_fp16_pipeline_fabric:TSV_CH1_GROUND;tsv_keepout:top.shared_fp16_pipeline_fabric:TSV_CH1_POWER;tsv_keepout:top.shared_fp16_pipeline_fabric:TSV_CH1_SPARE
269,cand_e5e150e51f24,tsv_keepout:top.hierarchical_reduction_path:TSV_CH5_CA;tsv_keepout:top.hierarchical_reduction_path:TSV_CH5_CLK;tsv_keepout:top.hierarchical_reduction_path:TSV_CH5_DATA;tsv_keepout:top.hierarchical_reduction_path:TSV_CH5_GROUND;tsv_keepout:top.hierarchical_reduction_path:TSV_CH5_POWER;tsv_keepout:top.hierarchical_reduction_path:TSV_CH5_SPARE;tsv_keepout:top.logic_die_link_arbiter:TSV_CH3_CA;tsv_keepout:top.logic_die_link_arbiter:TSV_CH3_CLK;tsv_keepout:top.logic_die_link_arbiter:TSV_CH3_DATA;tsv_keepout:top.logic_die_link_arbiter:TSV_CH3_GROUND;tsv_keepout:top.logic_die_link_arbiter:TSV_CH3_POWER;tsv_keepout:top.logic_die_link_arbiter:TSV_CH3_SPARE
277,cand_b1edfecc5f8e,tsv_keepout:top.bank_local_reduction_buffer:TSV_CH1_CA;tsv_keepout:top.bank_local_reduction_buffer:TSV_CH1_CLK;tsv_keepout:top.bank_local_reduction_buffer:TSV_CH1_DATA;tsv_keepout:top.bank_local_reduction_buffer:TSV_CH1_GROUND;tsv_keepout:top.bank_local_reduction_buffer:TSV_CH1_POWER;tsv_keepout:top.bank_local_reduction_buffer:TSV_CH1_SPARE;tsv_keepout:top.logic_die_64ch_reduction_top:TSV_CH2_CA;tsv_keepout:top.logic_die_64ch_reduction_top:TSV_CH2_CLK;tsv_keepout:top.logic_die_64ch_reduction_top:TSV_CH2_DATA;tsv_keepout:top.logic_die_64ch_reduction_top:TSV_CH2_GROUND;tsv_keepout:top.logic_die_64ch_reduction_top:TSV_CH2_POWER;tsv_keepout:top.logic_die_64ch_reduction_top:TSV_CH2_SPARE;tsv_keepout:top.logic_die_dual_link_arbiter:TSV_CH3_CA;tsv_keepout:top.logic_die_dual_link_arbiter:TSV_CH3_CLK;tsv_keepout:top.logic_die_dual_link_arbiter:TSV_CH3_DATA;tsv_keepout:top.logic_die_dual_link_arbiter:TSV_CH3_GROUND;tsv_keepout:top.logic_die_dual_link_arbiter:TSV_CH3_POWER;tsv_keepout:top.logic_die_dual_link_arbiter:TSV_CH3_SPARE
278,cand_3dffbdd31998,tsv_keepout:top.logic_die_64ch_reduction_top:TSV_CH3_CA;tsv_keepout:top.logic_die_64ch_reduction_top:TSV_CH3_CLK;tsv_keepout:top.logic_die_64ch_reduction_top:TSV_CH3_DATA;tsv_keepout:top.logic_die_64ch_reduction_top:TSV_CH3_GROUND;tsv_keepout:top.logic_die_64ch_reduction_top:TSV_CH3_POWER;tsv_keepout:top.logic_die_64ch_reduction_top:TSV_CH3_SPARE;tsv_keepout:top.logic_die_link_arbiter:TSV_CH5_CA;tsv_keepout:top.logic_die_link_arbiter:TSV_CH5_CLK;tsv_keepout:top.logic_die_link_arbiter:TSV_CH5_DATA;tsv_keepout:top.logic_die_link_arbiter:TSV_CH5_GROUND;tsv_keepout:top.logic_die_link_arbiter:TSV_CH5_POWER;tsv_keepout:top.logic_die_link_arbiter:TSV_CH5_SPARE
279,cand_551ead4850ce,tsv_keepout:top.hierarchical_reduction_path:TSV_CH0_CA;tsv_keepout:top.hierarchical_reduction_path:TSV_CH0_CLK;tsv_keepout:top.hierarchical_reduction_path:TSV_CH0_DATA;tsv_keepout:top.hierarchical_reduction_path:TSV_CH0_GROUND;tsv_keepout:top.hierarchical_reduction_path:TSV_CH0_POWER;tsv_keepout:top.hierarchical_reduction_path:TSV_CH0_SPARE;tsv_keepout:top.logic_die_link_arbiter:TSV_CH2_CA;tsv_keepout:top.logic_die_link_arbiter:TSV_CH2_CLK;tsv_keepout:top.logic_die_link_arbiter:TSV_CH2_DATA;tsv_keepout:top.logic_die_link_arbiter:TSV_CH2_GROUND;tsv_keepout:top.logic_die_link_arbiter:TSV_CH2_POWER;tsv_keepout:top.logic_die_link_arbiter:TSV_CH2_SPARE
287,cand_1b8cf05fefae,tsv_keepout:top.hierarchical_reduction_path:TSV_CH1_CA;tsv_keepout:top.hierarchical_reduction_path:TSV_CH1_CLK;tsv_keepout:top.hierarchical_reduction_path:TSV_CH1_DATA;tsv_keepout:top.hierarchical_reduction_path:TSV_CH1_GROUND;tsv_keepout:top.hierarchical_reduction_path:TSV_CH1_POWER;tsv_keepout:top.hierarchical_reduction_path:TSV_CH1_SPARE;tsv_keepout:top.logic_die_64ch_reduction_top:TSV_CH2_CA;tsv_keepout:top.logic_die_64ch_reduction_top:TSV_CH2_CLK;tsv_keepout:top.logic_die_64ch_reduction_top:TSV_CH2_DATA;tsv_keepout:top.logic_die_64ch_reduction_top:TSV_CH2_GROUND;tsv_keepout:top.logic_die_64ch_reduction_top:TSV_CH2_POWER;tsv_keepout:top.logic_die_64ch_reduction_top:TSV_CH2_SPARE;tsv_keepout:top.logic_die_dual_link_arbiter:TSV_CH5_CA;tsv_keepout:top.logic_die_dual_link_arbiter:TSV_CH5_CLK;tsv_keepout:top.logic_die_dual_link_arbiter:TSV_CH5_DATA;tsv_keepout:top.logic_die_dual_link_arbiter:TSV_CH5_GROUND;tsv_keepout:top.logic_die_dual_link_arbiter:TSV_CH5_POWER;tsv_keepout:top.logic_die_dual_link_arbiter:TSV_CH5_SPARE;tsv_keepout:top.shared_fp16_reduction_cluster:TSV_CH0_CA;tsv_keepout:top.shared_fp16_reduction_cluster:TSV_CH0_CLK;tsv_keepout:top.shared_fp16_reduction_cluster:TSV_CH0_DATA;tsv_keepout:top.shared_fp16_reduction_cluster:TSV_CH0_GROUND;tsv_keepout:top.shared_fp16_reduction_cluster:TSV_CH0_POWER;tsv_keepout:top.shared_fp16_reduction_cluster:TSV_CH0_SPARE
288,cand_7f11b327428e,tsv_keepout:top.bank_local_fp16_reduction:TSV_CH4_CA;tsv_keepout:top.bank_local_fp16_reduction:TSV_CH4_CLK;tsv_keepout:top.bank_local_fp16_reduction:TSV_CH4_DATA;tsv_keepout:top.bank_local_fp16_reduction:TSV_CH4_GROUND;tsv_keepout:top.bank_local_fp16_reduction:TSV_CH4_POWER;tsv_keepout:top.bank_local_fp16_reduction:TSV_CH4_SPARE;tsv_keepout:top.logic_die_dual_link_arbiter:TSV_CH0_CA;tsv_keepout:top.logic_die_dual_link_arbiter:TSV_CH0_CLK;tsv_keepout:top.logic_die_dual_link_arbiter:TSV_CH0_DATA;tsv_keepout:top.logic_die_dual_link_arbiter:TSV_CH0_GROUND;tsv_keepout:top.logic_die_dual_link_arbiter:TSV_CH0_POWER;tsv_keepout:top.logic_die_dual_link_arbiter:TSV_CH0_SPARE;tsv_keepout:top.shared_fp16_reduction_cluster:TSV_CH2_CA;tsv_keepout:top.shared_fp16_reduction_cluster:TSV_CH2_CLK;tsv_keepout:top.shared_fp16_reduction_cluster:TSV_CH2_DATA;tsv_keepout:top.shared_fp16_reduction_cluster:TSV_CH2_GROUND;tsv_keepout:top.shared_fp16_reduction_cluster:TSV_CH2_POWER;tsv_keepout:top.shared_fp16_reduction_cluster:TSV_CH2_SPARE
289,cand_db88a18aa1a0,tsv_keepout:top.bank_local_reduction_buffer:TSV_CH5_CA;tsv_keepout:top.bank_local_reduction_buffer:TSV_CH5_CLK;tsv_keepout:top.bank_local_reduction_buffer:TSV_CH5_DATA;tsv_keepout:top.bank_local_reduction_buffer:TSV_CH5_GROUND;tsv_keepout:top.bank_local_reduction_buffer:TSV_CH5_POWER;tsv_keepout:top.bank_local_reduction_buffer:TSV_CH5_SPARE;tsv_keepout:top.hierarchical_reduction_path:TSV_CH2_CA;tsv_keepout:top.hierarchical_reduction_path:TSV_CH2_CLK;tsv_keepout:top.hierarchical_reduction_path:TSV_CH2_DATA;tsv_keepout:top.hierarchical_reduction_path:TSV_CH2_GROUND;tsv_keepout:top.hierarchical_reduction_path:TSV_CH2_POWER;tsv_keepout:top.hierarchical_reduction_path:TSV_CH2_SPARE;tsv_keepout:top.shared_fp16_reduction_cluster:TSV_CH1_CA;tsv_keepout:top.shared_fp16_reduction_cluster:TSV_CH1_CLK;tsv_keepout:top.shared_fp16_reduction_cluster:TSV_CH1_DATA;tsv_keepout:top.shared_fp16_reduction_cluster:TSV_CH1_GROUND;tsv_keepout:top.shared_fp16_reduction_cluster:TSV_CH1_POWER;tsv_keepout:top.shared_fp16_reduction_cluster:TSV_CH1_SPARE
297,cand_c6c0a2fe613e,tsv_keepout:top.hierarchical_reduction_path:TSV_CH2_CA;tsv_keepout:top.hierarchical_reduction_path:TSV_CH2_CLK;tsv_keepout:top.hierarchical_reduction_path:TSV_CH2_DATA;tsv_keepout:top.hierarchical_reduction_path:TSV_CH2_GROUND;tsv_keepout:top.hierarchical_reduction_path:TSV_CH2_POWER;tsv_keepout:top.hierarchical_reduction_path:TSV_CH2_SPARE;tsv_keepout:top.logic_die_dual_link_arbiter:TSV_CH5_CA;tsv_keepout:top.logic_die_dual_link_arbiter:TSV_CH5_CLK;tsv_keepout:top.logic_die_dual_link_arbiter:TSV_CH5_DATA;tsv_keepout:top.logic_die_dual_link_arbiter:TSV_CH5_GROUND;tsv_keepout:top.logic_die_dual_link_arbiter:TSV_CH5_POWER;tsv_keepout:top.logic_die_dual_link_arbiter:TSV_CH5_SPARE
298,cand_9675b52e3c15,tsv_keepout:top.bank_local_fp16_reduction:TSV_CH0_CA;tsv_keepout:top.bank_local_fp16_reduction:TSV_CH0_CLK;tsv_keepout:top.bank_local_fp16_reduction:TSV_CH0_DATA;tsv_keepout:top.bank_local_fp16_reduction:TSV_CH0_GROUND;tsv_keepout:top.bank_local_fp16_reduction:TSV_CH0_POWER;tsv_keepout:top.bank_local_fp16_reduction:TSV_CH0_SPARE;tsv_keepout:top.hierarchical_reduction_path:TSV_CH2_CA;tsv_keepout:top.hierarchical_reduction_path:TSV_CH2_CLK;tsv_keepout:top.hierarchical_reduction_path:TSV_CH2_DATA;tsv_keepout:top.hierarchical_reduction_path:TSV_CH2_GROUND;tsv_keepout:top.hierarchical_reduction_path:TSV_CH2_POWER;tsv_keepout:top.hierarchical_reduction_path:TSV_CH2_SPARE;tsv_keepout:top.logic_die_link_arbiter:TSV_CH2_CA;tsv_keepout:top.logic_die_link_arbiter:TSV_CH2_CLK;tsv_keepout:top.logic_die_link_arbiter:TSV_CH2_DATA;tsv_keepout:top.logic_die_link_arbiter:TSV_CH2_GROUND;tsv_keepout:top.logic_die_link_arbiter:TSV_CH2_POWER;tsv_keepout:top.logic_die_link_arbiter:TSV_CH2_SPARE
299,cand_edf55c162763,tsv_keepout:top.bank_local_fp16_reduction:TSV_CH3_CA;tsv_keepout:top.bank_local_fp16_reduction:TSV_CH3_CLK;tsv_keepout:top.bank_local_fp16_reduction:TSV_CH3_DATA;tsv_keepout:top.bank_local_fp16_reduction:TSV_CH3_GROUND;tsv_keepout:top.bank_local_fp16_reduction:TSV_CH3_POWER;tsv_keepout:top.bank_local_fp16_reduction:TSV_CH3_SPARE;tsv_keepout:top.bank_local_reduction_buffer:TSV_CH4_CA;tsv_keepout:top.bank_local_reduction_buffer:TSV_CH4_CLK;tsv_keepout:top.bank_local_reduction_buffer:TSV_CH4_DATA;tsv_keepout:top.bank_local_reduction_buffer:TSV_CH4_GROUND;tsv_keepout:top.bank_local_reduction_buffer:TSV_CH4_POWER;tsv_keepout:top.bank_local_reduction_buffer:TSV_CH4_SPARE
307,cand_01d593fa2853,tsv_keepout:top.bank_local_fp16_reduction:TSV_CH1_CA;tsv_keepout:top.bank_local_fp16_reduction:TSV_CH1_CLK;tsv_keepout:top.bank_local_fp16_reduction:TSV_CH1_DATA;tsv_keepout:top.bank_local_fp16_reduction:TSV_CH1_GROUND;tsv_keepout:top.bank_local_fp16_reduction:TSV_CH1_POWER;tsv_keepout:top.bank_local_fp16_reduction:TSV_CH1_SPARE
308,cand_7d8b6f9e20c2,tsv_keepout:top.logic_die_dual_link_arbiter:TSV_CH1_CA;tsv_keepout:top.logic_die_dual_link_arbiter:TSV_CH1_CLK;tsv_keepout:top.logic_die_dual_link_arbiter:TSV_CH1_DATA;tsv_keepout:top.logic_die_dual_link_arbiter:TSV_CH1_GROUND;tsv_keepout:top.logic_die_dual_link_arbiter:TSV_CH1_POWER;tsv_keepout:top.logic_die_dual_link_arbiter:TSV_CH1_SPARE;tsv_keepout:top.logic_die_link_arbiter:TSV_CH5_CA;tsv_keepout:top.logic_die_link_arbiter:TSV_CH5_CLK;tsv_keepout:top.logic_die_link_arbiter:TSV_CH5_DATA;tsv_keepout:top.logic_die_link_arbiter:TSV_CH5_GROUND;tsv_keepout:top.logic_die_link_arbiter:TSV_CH5_POWER;tsv_keepout:top.logic_die_link_arbiter:TSV_CH5_SPARE;tsv_keepout:top.shared_fp16_pipeline_fabric:TSV_CH1_CA;tsv_keepout:top.shared_fp16_pipeline_fabric:TSV_CH1_CLK;tsv_keepout:top.shared_fp16_pipeline_fabric:TSV_CH1_DATA;tsv_keepout:top.shared_fp16_pipeline_fabric:TSV_CH1_GROUND;tsv_keepout:top.shared_fp16_pipeline_fabric:TSV_CH1_POWER;tsv_keepout:top.shared_fp16_pipeline_fabric:TSV_CH1_SPARE
309,cand_d37779ac8349,tsv_keepout:top.bank_local_fp16_reduction:TSV_CH5_CA;tsv_keepout:top.bank_local_fp16_reduction:TSV_CH5_CLK;tsv_keepout:top.bank_local_fp16_reduction:TSV_CH5_DATA;tsv_keepout:top.bank_local_fp16_reduction:TSV_CH5_GROUND;tsv_keepout:top.bank_local_fp16_reduction:TSV_CH5_POWER;tsv_keepout:top.bank_local_fp16_reduction:TSV_CH5_SPARE;tsv_keepout:top.logic_die_dual_link_arbiter:TSV_CH0_CA;tsv_keepout:top.logic_die_dual_link_arbiter:TSV_CH0_CLK;tsv_keepout:top.logic_die_dual_link_arbiter:TSV_CH0_DATA;tsv_keepout:top.logic_die_dual_link_arbiter:TSV_CH0_GROUND;tsv_keepout:top.logic_die_dual_link_arbiter:TSV_CH0_POWER;tsv_keepout:top.logic_die_dual_link_arbiter:TSV_CH0_SPARE;tsv_keepout:top.logic_die_link_arbiter:TSV_CH3_CA;tsv_keepout:top.logic_die_link_arbiter:TSV_CH3_CLK;tsv_keepout:top.logic_die_link_arbiter:TSV_CH3_DATA;tsv_keepout:top.logic_die_link_arbiter:TSV_CH3_GROUND;tsv_keepout:top.logic_die_link_arbiter:TSV_CH3_POWER;tsv_keepout:top.logic_die_link_arbiter:TSV_CH3_SPARE;tsv_keepout:top.shared_fp16_reduction_cluster:TSV_CH2_CA;tsv_keepout:top.shared_fp16_reduction_cluster:TSV_CH2_CLK;tsv_keepout:top.shared_fp16_reduction_cluster:TSV_CH2_DATA;tsv_keepout:top.shared_fp16_reduction_cluster:TSV_CH2_GROUND;tsv_keepout:top.shared_fp16_reduction_cluster:TSV_CH2_POWER;tsv_keepout:top.shared_fp16_reduction_cluster:TSV_CH2_SPARE
317,cand_290d9d33d976,tsv_keepout:top.bank_local_reduction_buffer:TSV_CH5_CA;tsv_keepout:top.bank_local_reduction_buffer:TSV_CH5_CLK;tsv_keepout:top.bank_local_reduction_buffer:TSV_CH5_DATA;tsv_keepout:top.bank_local_reduction_buffer:TSV_CH5_GROUND;tsv_keepout:top.bank_local_reduction_buffer:TSV_CH5_POWER;tsv_keepout:top.bank_local_reduction_buffer:TSV_CH5_SPARE;tsv_keepout:top.hierarchical_reduction_path:TSV_CH0_CA;tsv_keepout:top.hierarchical_reduction_path:TSV_CH0_CLK;tsv_keepout:top.hierarchical_reduction_path:TSV_CH0_DATA;tsv_keepout:top.hierarchical_reduction_path:TSV_CH0_GROUND;tsv_keepout:top.hierarchical_reduction_path:TSV_CH0_POWER;tsv_keepout:top.hierarchical_reduction_path:TSV_CH0_SPARE;tsv_keepout:top.logic_die_dual_link_arbiter:TSV_CH1_CA;tsv_keepout:top.logic_die_dual_link_arbiter:TSV_CH1_CLK;tsv_keepout:top.logic_die_dual_link_arbiter:TSV_CH1_DATA;tsv_keepout:top.logic_die_dual_link_arbiter:TSV_CH1_GROUND;tsv_keepout:top.logic_die_dual_link_arbiter:TSV_CH1_POWER;tsv_keepout:top.logic_die_dual_link_arbiter:TSV_CH1_SPARE
318,cand_9145e96892d2,tsv_keepout:top.logic_die_64ch_reduction_top:TSV_CH1_CA;tsv_keepout:top.logic_die_64ch_reduction_top:TSV_CH1_CLK;tsv_keepout:top.logic_die_64ch_reduction_top:TSV_CH1_DATA;tsv_keepout:top.logic_die_64ch_reduction_top:TSV_CH1_GROUND;tsv_keepout:top.logic_die_64ch_reduction_top:TSV_CH1_POWER;tsv_keepout:top.logic_die_64ch_reduction_top:TSV_CH1_SPARE;tsv_keepout:top.logic_die_dual_link_arbiter:TSV_CH1_CA;tsv_keepout:top.logic_die_dual_link_arbiter:TSV_CH1_CLK;tsv_keepout:top.logic_die_dual_link_arbiter:TSV_CH1_DATA;tsv_keepout:top.logic_die_dual_link_arbiter:TSV_CH1_GROUND;tsv_keepout:top.logic_die_dual_link_arbiter:TSV_CH1_POWER;tsv_keepout:top.logic_die_dual_link_arbiter:TSV_CH1_SPARE
319,cand_62380a16b91f,tsv_keepout:top.logic_die_dual_link_arbiter:TSV_CH4_CA;tsv_keepout:top.logic_die_dual_link_arbiter:TSV_CH4_CLK;tsv_keepout:top.logic_die_dual_link_arbiter:TSV_CH4_DATA;tsv_keepout:top.logic_die_dual_link_arbiter:TSV_CH4_GROUND;tsv_keepout:top.logic_die_dual_link_arbiter:TSV_CH4_POWER;tsv_keepout:top.logic_die_dual_link_arbiter:TSV_CH4_SPARE;tsv_keepout:top.shared_fp16_pipeline_fabric:TSV_CH3_CA;tsv_keepout:top.shared_fp16_pipeline_fabric:TSV_CH3_CLK;tsv_keepout:top.shared_fp16_pipeline_fabric:TSV_CH3_DATA;tsv_keepout:top.shared_fp16_pipeline_fabric:TSV_CH3_GROUND;tsv_keepout:top.shared_fp16_pipeline_fabric:TSV_CH3_POWER;tsv_keepout:top.shared_fp16_pipeline_fabric:TSV_CH3_SPARE
327,cand_2c561f67242b,tsv_keepout:top.bank_local_fp16_reduction:TSV_CH4_CA;tsv_keepout:top.bank_local_fp16_reduction:TSV_CH4_CLK;tsv_keepout:top.bank_local_fp16_reduction:TSV_CH4_DATA;tsv_keepout:top.bank_local_fp16_reduction:TSV_CH4_GROUND;tsv_keepout:top.bank_local_fp16_reduction:TSV_CH4_POWER;tsv_keepout:top.bank_local_fp16_reduction:TSV_CH4_SPARE;tsv_keepout:top.hierarchical_reduction_path:TSV_CH0_CA;tsv_keepout:top.hierarchical_reduction_path:TSV_CH0_CLK;tsv_keepout:top.hierarchical_reduction_path:TSV_CH0_DATA;tsv_keepout:top.hierarchical_reduction_path:TSV_CH0_GROUND;tsv_keepout:top.hierarchical_reduction_path:TSV_CH0_POWER;tsv_keepout:top.hierarchical_reduction_path:TSV_CH0_SPARE;tsv_keepout:top.shared_fp16_reduction_cluster:TSV_CH2_CA;tsv_keepout:top.shared_fp16_reduction_cluster:TSV_CH2_CLK;tsv_keepout:top.shared_fp16_reduction_cluster:TSV_CH2_DATA;tsv_keepout:top.shared_fp16_reduction_cluster:TSV_CH2_GROUND;tsv_keepout:top.shared_fp16_reduction_cluster:TSV_CH2_POWER;tsv_keepout:top.shared_fp16_reduction_cluster:TSV_CH2_SPARE
328,cand_0f79f05fb561,tsv_keepout:top.bank_local_fp16_reduction:TSV_CH2_CA;tsv_keepout:top.bank_local_fp16_reduction:TSV_CH2_CLK;tsv_keepout:top.bank_local_fp16_reduction:TSV_CH2_DATA;tsv_keepout:top.bank_local_fp16_reduction:TSV_CH2_GROUND;tsv_keepout:top.bank_local_fp16_reduction:TSV_CH2_POWER;tsv_keepout:top.bank_local_fp16_reduction:TSV_CH2_SPARE;tsv_keepout:top.bank_local_reduction_buffer:TSV_CH1_CA;tsv_keepout:top.bank_local_reduction_buffer:TSV_CH1_CLK;tsv_keepout:top.bank_local_reduction_buffer:TSV_CH1_DATA;tsv_keepout:top.bank_local_reduction_buffer:TSV_CH1_GROUND;tsv_keepout:top.bank_local_reduction_buffer:TSV_CH1_POWER;tsv_keepout:top.bank_local_reduction_buffer:TSV_CH1_SPARE;tsv_keepout:top.logic_die_dual_link_arbiter:TSV_CH1_CA;tsv_keepout:top.logic_die_dual_link_arbiter:TSV_CH1_CLK;tsv_keepout:top.logic_die_dual_link_arbiter:TSV_CH1_DATA;tsv_keepout:top.logic_die_dual_link_arbiter:TSV_CH1_GROUND;tsv_keepout:top.logic_die_dual_link_arbiter:TSV_CH1_POWER;tsv_keepout:top.logic_die_dual_link_arbiter:TSV_CH1_SPARE
329,cand_6e70d63534e4,tsv_keepout:top.hierarchical_reduction_path:TSV_CH5_CA;tsv_keepout:top.hierarchical_reduction_path:TSV_CH5_CLK;tsv_keepout:top.hierarchical_reduction_path:TSV_CH5_DATA;tsv_keepout:top.hierarchical_reduction_path:TSV_CH5_GROUND;tsv_keepout:top.hierarchical_reduction_path:TSV_CH5_POWER;tsv_keepout:top.hierarchical_reduction_path:TSV_CH5_SPARE;tsv_keepout:top.logic_die_link_arbiter:TSV_CH3_CA;tsv_keepout:top.logic_die_link_arbiter:TSV_CH3_CLK;tsv_keepout:top.logic_die_link_arbiter:TSV_CH3_DATA;tsv_keepout:top.logic_die_link_arbiter:TSV_CH3_GROUND;tsv_keepout:top.logic_die_link_arbiter:TSV_CH3_POWER;tsv_keepout:top.logic_die_link_arbiter:TSV_CH3_SPARE
337,cand_66bc302ec67f,tsv_keepout:top.bank_local_fp16_reduction:TSV_CH3_CA;tsv_keepout:top.bank_local_fp16_reduction:TSV_CH3_CLK;tsv_keepout:top.bank_local_fp16_reduction:TSV_CH3_DATA;tsv_keepout:top.bank_local_fp16_reduction:TSV_CH3_GROUND;tsv_keepout:top.bank_local_fp16_reduction:TSV_CH3_POWER;tsv_keepout:top.bank_local_fp16_reduction:TSV_CH3_SPARE;tsv_keepout:top.bank_local_reduction_buffer:TSV_CH2_CA;tsv_keepout:top.bank_local_reduction_buffer:TSV_CH2_CLK;tsv_keepout:top.bank_local_reduction_buffer:TSV_CH2_DATA;tsv_keepout:top.bank_local_reduction_buffer:TSV_CH2_GROUND;tsv_keepout:top.bank_local_reduction_buffer:TSV_CH2_POWER;tsv_keepout:top.bank_local_reduction_buffer:TSV_CH2_SPARE;tsv_keepout:top.hierarchical_reduction_path:TSV_CH0_CA;tsv_keepout:top.hierarchical_reduction_path:TSV_CH0_CLK;tsv_keepout:top.hierarchical_reduction_path:TSV_CH0_DATA;tsv_keepout:top.hierarchical_reduction_path:TSV_CH0_GROUND;tsv_keepout:top.hierarchical_reduction_path:TSV_CH0_POWER;tsv_keepout:top.hierarchical_reduction_path:TSV_CH0_SPARE
338,cand_526be9e430b3,tsv_keepout:top.bank_local_reduction_buffer:TSV_CH2_CA;tsv_keepout:top.bank_local_reduction_buffer:TSV_CH2_CLK;tsv_keepout:top.bank_local_reduction_buffer:TSV_CH2_DATA;tsv_keepout:top.bank_local_reduction_buffer:TSV_CH2_GROUND;tsv_keepout:top.bank_local_reduction_buffer:TSV_CH2_POWER;tsv_keepout:top.bank_local_reduction_buffer:TSV_CH2_SPARE;tsv_keepout:top.logic_die_64ch_reduction_top:TSV_CH1_CA;tsv_keepout:top.logic_die_64ch_reduction_top:TSV_CH1_CLK;tsv_keepout:top.logic_die_64ch_reduction_top:TSV_CH1_DATA;tsv_keepout:top.logic_die_64ch_reduction_top:TSV_CH1_GROUND;tsv_keepout:top.logic_die_64ch_reduction_top:TSV_CH1_POWER;tsv_keepout:top.logic_die_64ch_reduction_top:TSV_CH1_SPARE;tsv_keepout:top.shared_fp16_pipeline_fabric:TSV_CH1_CA;tsv_keepout:top.shared_fp16_pipeline_fabric:TSV_CH1_CLK;tsv_keepout:top.shared_fp16_pipeline_fabric:TSV_CH1_DATA;tsv_keepout:top.shared_fp16_pipeline_fabric:TSV_CH1_GROUND;tsv_keepout:top.shared_fp16_pipeline_fabric:TSV_CH1_POWER;tsv_keepout:top.shared_fp16_pipeline_fabric:TSV_CH1_SPARE
339,cand_b23d06d3ef8b,tsv_keepout:top.bank_local_reduction_buffer:TSV_CH1_CA;tsv_keepout:top.bank_local_reduction_buffer:TSV_CH1_CLK;tsv_keepout:top.bank_local_reduction_buffer:TSV_CH1_DATA;tsv_keepout:top.bank_local_reduction_buffer:TSV_CH1_GROUND;tsv_keepout:top.bank_local_reduction_buffer:TSV_CH1_POWER;tsv_keepout:top.bank_local_reduction_buffer:TSV_CH1_SPARE;tsv_keepout:top.logic_die_link_arbiter:TSV_CH4_CA;tsv_keepout:top.logic_die_link_arbiter:TSV_CH4_CLK;tsv_keepout:top.logic_die_link_arbiter:TSV_CH4_DATA;tsv_keepout:top.logic_die_link_arbiter:TSV_CH4_GROUND;tsv_keepout:top.logic_die_link_arbiter:TSV_CH4_POWER;tsv_keepout:top.logic_die_link_arbiter:TSV_CH4_SPARE;tsv_keepout:top.shared_fp16_pipeline_fabric:TSV_CH3_CA;tsv_keepout:top.shared_fp16_pipeline_fabric:TSV_CH3_CLK;tsv_keepout:top.shared_fp16_pipeline_fabric:TSV_CH3_DATA;tsv_keepout:top.shared_fp16_pipeline_fabric:TSV_CH3_GROUND;tsv_keepout:top.shared_fp16_pipeline_fabric:TSV_CH3_POWER;tsv_keepout:top.shared_fp16_pipeline_fabric:TSV_CH3_SPARE
347,cand_dfe53fb60010,tsv_keepout:top.logic_die_dual_link_arbiter:TSV_CH5_CA;tsv_keepout:top.logic_die_dual_link_arbiter:TSV_CH5_CLK;tsv_keepout:top.logic_die_dual_link_arbiter:TSV_CH5_DATA;tsv_keepout:top.logic_die_dual_link_arbiter:TSV_CH5_GROUND;tsv_keepout:top.logic_die_dual_link_arbiter:TSV_CH5_POWER;tsv_keepout:top.logic_die_dual_link_arbiter:TSV_CH5_SPARE;tsv_keepout:top.shared_fp16_reduction_cluster:TSV_CH1_CA;tsv_keepout:top.shared_fp16_reduction_cluster:TSV_CH1_CLK;tsv_keepout:top.shared_fp16_reduction_cluster:TSV_CH1_DATA;tsv_keepout:top.shared_fp16_reduction_cluster:TSV_CH1_GROUND;tsv_keepout:top.shared_fp16_reduction_cluster:TSV_CH1_POWER;tsv_keepout:top.shared_fp16_reduction_cluster:TSV_CH1_SPARE
348,cand_99d82c2d8aa8,tsv_keepout:top.bank_local_reduction_buffer:TSV_CH3_CA;tsv_keepout:top.bank_local_reduction_buffer:TSV_CH3_CLK;tsv_keepout:top.bank_local_reduction_buffer:TSV_CH3_DATA;tsv_keepout:top.bank_local_reduction_buffer:TSV_CH3_GROUND;tsv_keepout:top.bank_local_reduction_buffer:TSV_CH3_POWER;tsv_keepout:top.bank_local_reduction_buffer:TSV_CH3_SPARE;tsv_keepout:top.hierarchical_reduction_path:TSV_CH1_CA;tsv_keepout:top.hierarchical_reduction_path:TSV_CH1_CLK;tsv_keepout:top.hierarchical_reduction_path:TSV_CH1_DATA;tsv_keepout:top.hierarchical_reduction_path:TSV_CH1_GROUND;tsv_keepout:top.hierarchical_reduction_path:TSV_CH1_POWER;tsv_keepout:top.hierarchical_reduction_path:TSV_CH1_SPARE;tsv_keepout:top.logic_die_dual_link_arbiter:TSV_CH2_CA;tsv_keepout:top.logic_die_dual_link_arbiter:TSV_CH2_CLK;tsv_keepout:top.logic_die_dual_link_arbiter:TSV_CH2_DATA;tsv_keepout:top.logic_die_dual_link_arbiter:TSV_CH2_GROUND;tsv_keepout:top.logic_die_dual_link_arbiter:TSV_CH2_POWER;tsv_keepout:top.logic_die_dual_link_arbiter:TSV_CH2_SPARE;tsv_keepout:top.shared_fp16_pipeline_fabric:TSV_CH5_CA;tsv_keepout:top.shared_fp16_pipeline_fabric:TSV_CH5_CLK;tsv_keepout:top.shared_fp16_pipeline_fabric:TSV_CH5_DATA;tsv_keepout:top.shared_fp16_pipeline_fabric:TSV_CH5_GROUND;tsv_keepout:top.shared_fp16_pipeline_fabric:TSV_CH5_POWER;tsv_keepout:top.shared_fp16_pipeline_fabric:TSV_CH5_SPARE
349,cand_134a3e331fce,tsv_keepout:top.shared_fp16_reduction_cluster:TSV_CH2_CA;tsv_keepout:top.shared_fp16_reduction_cluster:TSV_CH2_CLK;tsv_keepout:top.shared_fp16_reduction_cluster:TSV_CH2_DATA;tsv_keepout:top.shared_fp16_reduction_cluster:TSV_CH2_GROUND;tsv_keepout:top.shared_fp16_reduction_cluster:TSV_CH2_POWER;tsv_keepout:top.shared_fp16_reduction_cluster:TSV_CH2_SPARE
357,cand_5dd14fa11560,tsv_keepout:top.bank_local_reduction_buffer:TSV_CH0_CA;tsv_keepout:top.bank_local_reduction_buffer:TSV_CH0_CLK;tsv_keepout:top.bank_local_reduction_buffer:TSV_CH0_DATA;tsv_keepout:top.bank_local_reduction_buffer:TSV_CH0_GROUND;tsv_keepout:top.bank_local_reduction_buffer:TSV_CH0_POWER;tsv_keepout:top.bank_local_reduction_buffer:TSV_CH0_SPARE;tsv_keepout:top.logic_die_64ch_reduction_top:TSV_CH2_CA;tsv_keepout:top.logic_die_64ch_reduction_top:TSV_CH2_CLK;tsv_keepout:top.logic_die_64ch_reduction_top:TSV_CH2_DATA;tsv_keepout:top.logic_die_64ch_reduction_top:TSV_CH2_GROUND;tsv_keepout:top.logic_die_64ch_reduction_top:TSV_CH2_POWER;tsv_keepout:top.logic_die_64ch_reduction_top:TSV_CH2_SPARE;tsv_keepout:top.logic_die_link_arbiter:TSV_CH5_CA;tsv_keepout:top.logic_die_link_arbiter:TSV_CH5_CLK;tsv_keepout:top.logic_die_link_arbiter:TSV_CH5_DATA;tsv_keepout:top.logic_die_link_arbiter:TSV_CH5_GROUND;tsv_keepout:top.logic_die_link_arbiter:TSV_CH5_POWER;tsv_keepout:top.logic_die_link_arbiter:TSV_CH5_SPARE
358,cand_4e783562e336,tsv_keepout:top.logic_die_link_arbiter:TSV_CH1_CA;tsv_keepout:top.logic_die_link_arbiter:TSV_CH1_CLK;tsv_keepout:top.logic_die_link_arbiter:TSV_CH1_DATA;tsv_keepout:top.logic_die_link_arbiter:TSV_CH1_GROUND;tsv_keepout:top.logic_die_link_arbiter:TSV_CH1_POWER;tsv_keepout:top.logic_die_link_arbiter:TSV_CH1_SPARE
359,cand_3d0173e7fa35,tsv_keepout:top.bank_local_reduction_buffer:TSV_CH2_CA;tsv_keepout:top.bank_local_reduction_buffer:TSV_CH2_CLK;tsv_keepout:top.bank_local_reduction_buffer:TSV_CH2_DATA;tsv_keepout:top.bank_local_reduction_buffer:TSV_CH2_GROUND;tsv_keepout:top.bank_local_reduction_buffer:TSV_CH2_POWER;tsv_keepout:top.bank_local_reduction_buffer:TSV_CH2_SPARE;tsv_keepout:top.shared_fp16_pipeline_fabric:TSV_CH0_CA;tsv_keepout:top.shared_fp16_pipeline_fabric:TSV_CH0_CLK;tsv_keepout:top.shared_fp16_pipeline_fabric:TSV_CH0_DATA;tsv_keepout:top.shared_fp16_pipeline_fabric:TSV_CH0_GROUND;tsv_keepout:top.shared_fp16_pipeline_fabric:TSV_CH0_POWER;tsv_keepout:top.shared_fp16_pipeline_fabric:TSV_CH0_SPARE
367,cand_dc4ffc82fbf3,tsv_keepout:top.hierarchical_reduction_path:TSV_CH4_CA;tsv_keepout:top.hierarchical_reduction_path:TSV_CH4_CLK;tsv_keepout:top.hierarchical_reduction_path:TSV_CH4_DATA;tsv_keepout:top.hierarchical_reduction_path:TSV_CH4_GROUND;tsv_keepout:top.hierarchical_reduction_path:TSV_CH4_POWER;tsv_keepout:top.hierarchical_reduction_path:TSV_CH4_SPARE;tsv_keepout:top.logic_die_dual_link_arbiter:TSV_CH2_CA;tsv_keepout:top.logic_die_dual_link_arbiter:TSV_CH2_CLK;tsv_keepout:top.logic_die_dual_link_arbiter:TSV_CH2_DATA;tsv_keepout:top.logic_die_dual_link_arbiter:TSV_CH2_GROUND;tsv_keepout:top.logic_die_dual_link_arbiter:TSV_CH2_POWER;tsv_keepout:top.logic_die_dual_link_arbiter:TSV_CH2_SPARE
368,cand_6711d9476b58,tsv_keepout:top.bank_local_fp16_reduction:TSV_CH4_CA;tsv_keepout:top.bank_local_fp16_reduction:TSV_CH4_CLK;tsv_keepout:top.bank_local_fp16_reduction:TSV_CH4_DATA;tsv_keepout:top.bank_local_fp16_reduction:TSV_CH4_GROUND;tsv_keepout:top.bank_local_fp16_reduction:TSV_CH4_POWER;tsv_keepout:top.bank_local_fp16_reduction:TSV_CH4_SPARE;tsv_keepout:top.hierarchical_reduction_path:TSV_CH2_CA;tsv_keepout:top.hierarchical_reduction_path:TSV_CH2_CLK;tsv_keepout:top.hierarchical_reduction_path:TSV_CH2_DATA;tsv_keepout:top.hierarchical_reduction_path:TSV_CH2_GROUND;tsv_keepout:top.hierarchical_reduction_path:TSV_CH2_POWER;tsv_keepout:top.hierarchical_reduction_path:TSV_CH2_SPARE;tsv_keepout:top.logic_die_link_arbiter:TSV_CH1_CA;tsv_keepout:top.logic_die_link_arbiter:TSV_CH1_CLK;tsv_keepout:top.logic_die_link_arbiter:TSV_CH1_DATA;tsv_keepout:top.logic_die_link_arbiter:TSV_CH1_GROUND;tsv_keepout:top.logic_die_link_arbiter:TSV_CH1_POWER;tsv_keepout:top.logic_die_link_arbiter:TSV_CH1_SPARE
369,cand_56b5367f45c8,tsv_keepout:top.logic_die_64ch_reduction_top:TSV_CH1_CA;tsv_keepout:top.logic_die_64ch_reduction_top:TSV_CH1_CLK;tsv_keepout:top.logic_die_64ch_reduction_top:TSV_CH1_DATA;tsv_keepout:top.logic_die_64ch_reduction_top:TSV_CH1_GROUND;tsv_keepout:top.logic_die_64ch_reduction_top:TSV_CH1_POWER;tsv_keepout:top.logic_die_64ch_reduction_top:TSV_CH1_SPARE;tsv_keepout:top.logic_die_link_arbiter:TSV_CH2_CA;tsv_keepout:top.logic_die_link_arbiter:TSV_CH2_CLK;tsv_keepout:top.logic_die_link_arbiter:TSV_CH2_DATA;tsv_keepout:top.logic_die_link_arbiter:TSV_CH2_GROUND;tsv_keepout:top.logic_die_link_arbiter:TSV_CH2_POWER;tsv_keepout:top.logic_die_link_arbiter:TSV_CH2_SPARE;tsv_keepout:top.shared_fp16_pipeline_fabric:TSV_CH5_CA;tsv_keepout:top.shared_fp16_pipeline_fabric:TSV_CH5_CLK;tsv_keepout:top.shared_fp16_pipeline_fabric:TSV_CH5_DATA;tsv_keepout:top.shared_fp16_pipeline_fabric:TSV_CH5_GROUND;tsv_keepout:top.shared_fp16_pipeline_fabric:TSV_CH5_POWER;tsv_keepout:top.shared_fp16_pipeline_fabric:TSV_CH5_SPARE
377,cand_aca7b7e5aadd,tsv_keepout:top.logic_die_64ch_reduction_top:TSV_CH1_CA;tsv_keepout:top.logic_die_64ch_reduction_top:TSV_CH1_CLK;tsv_keepout:top.logic_die_64ch_reduction_top:TSV_CH1_DATA;tsv_keepout:top.logic_die_64ch_reduction_top:TSV_CH1_GROUND;tsv_keepout:top.logic_die_64ch_reduction_top:TSV_CH1_POWER;tsv_keepout:top.logic_die_64ch_reduction_top:TSV_CH1_SPARE;tsv_keepout:top.shared_fp16_reduction_cluster:TSV_CH4_CA;tsv_keepout:top.shared_fp16_reduction_cluster:TSV_CH4_CLK;tsv_keepout:top.shared_fp16_reduction_cluster:TSV_CH4_DATA;tsv_keepout:top.shared_fp16_reduction_cluster:TSV_CH4_GROUND;tsv_keepout:top.shared_fp16_reduction_cluster:TSV_CH4_POWER;tsv_keepout:top.shared_fp16_reduction_cluster:TSV_CH4_SPARE
378,cand_c44ca9c53f68,tsv_keepout:top.hierarchical_reduction_path:TSV_CH2_CA;tsv_keepout:top.hierarchical_reduction_path:TSV_CH2_CLK;tsv_keepout:top.hierarchical_reduction_path:TSV_CH2_DATA;tsv_keepout:top.hierarchical_reduction_path:TSV_CH2_GROUND;tsv_keepout:top.hierarchical_reduction_path:TSV_CH2_POWER;tsv_keepout:top.hierarchical_reduction_path:TSV_CH2_SPARE;tsv_keepout:top.logic_die_64ch_reduction_top:TSV_CH5_CA;tsv_keepout:top.logic_die_64ch_reduction_top:TSV_CH5_CLK;tsv_keepout:top.logic_die_64ch_reduction_top:TSV_CH5_DATA;tsv_keepout:top.logic_die_64ch_reduction_top:TSV_CH5_GROUND;tsv_keepout:top.logic_die_64ch_reduction_top:TSV_CH5_POWER;tsv_keepout:top.logic_die_64ch_reduction_top:TSV_CH5_SPARE;tsv_keepout:top.logic_die_dual_link_arbiter:TSV_CH0_CA;tsv_keepout:top.logic_die_dual_link_arbiter:TSV_CH0_CLK;tsv_keepout:top.logic_die_dual_link_arbiter:TSV_CH0_DATA;tsv_keepout:top.logic_die_dual_link_arbiter:TSV_CH0_GROUND;tsv_keepout:top.logic_die_dual_link_arbiter:TSV_CH0_POWER;tsv_keepout:top.logic_die_dual_link_arbiter:TSV_CH0_SPARE;tsv_keepout:top.shared_fp16_pipeline_fabric:TSV_CH1_CA;tsv_keepout:top.shared_fp16_pipeline_fabric:TSV_CH1_CLK;tsv_keepout:top.shared_fp16_pipeline_fabric:TSV_CH1_DATA;tsv_keepout:top.shared_fp16_pipeline_fabric:TSV_CH1_GROUND;tsv_keepout:top.shared_fp16_pipeline_fabric:TSV_CH1_POWER;tsv_keepout:top.shared_fp16_pipeline_fabric:TSV_CH1_SPARE
379,cand_8ee83e8d53af,tsv_keepout:top.hierarchical_reduction_path:TSV_CH1_CA;tsv_keepout:top.hierarchical_reduction_path:TSV_CH1_CLK;tsv_keepout:top.hierarchical_reduction_path:TSV_CH1_DATA;tsv_keepout:top.hierarchical_reduction_path:TSV_CH1_GROUND;tsv_keepout:top.hierarchical_reduction_path:TSV_CH1_POWER;tsv_keepout:top.hierarchical_reduction_path:TSV_CH1_SPARE;tsv_keepout:top.shared_fp16_pipeline_fabric:TSV_CH5_CA;tsv_keepout:top.shared_fp16_pipeline_fabric:TSV_CH5_CLK;tsv_keepout:top.shared_fp16_pipeline_fabric:TSV_CH5_DATA;tsv_keepout:top.shared_fp16_pipeline_fabric:TSV_CH5_GROUND;tsv_keepout:top.shared_fp16_pipeline_fabric:TSV_CH5_POWER;tsv_keepout:top.shared_fp16_pipeline_fabric:TSV_CH5_SPARE
387,cand_c93913ddfcdf,tsv_keepout:top.bank_local_fp16_reduction:TSV_CH2_CA;tsv_keepout:top.bank_local_fp16_reduction:TSV_CH2_CLK;tsv_keepout:top.bank_local_fp16_reduction:TSV_CH2_DATA;tsv_keepout:top.bank_local_fp16_reduction:TSV_CH2_GROUND;tsv_keepout:top.bank_local_fp16_reduction:TSV_CH2_POWER;tsv_keepout:top.bank_local_fp16_reduction:TSV_CH2_SPARE;tsv_keepout:top.bank_local_reduction_buffer:TSV_CH4_CA;tsv_keepout:top.bank_local_reduction_buffer:TSV_CH4_CLK;tsv_keepout:top.bank_local_reduction_buffer:TSV_CH4_DATA;tsv_keepout:top.bank_local_reduction_buffer:TSV_CH4_GROUND;tsv_keepout:top.bank_local_reduction_buffer:TSV_CH4_POWER;tsv_keepout:top.bank_local_reduction_buffer:TSV_CH4_SPARE;tsv_keepout:top.hierarchical_reduction_path:TSV_CH1_CA;tsv_keepout:top.hierarchical_reduction_path:TSV_CH1_CLK;tsv_keepout:top.hierarchical_reduction_path:TSV_CH1_DATA;tsv_keepout:top.hierarchical_reduction_path:TSV_CH1_GROUND;tsv_keepout:top.hierarchical_reduction_path:TSV_CH1_POWER;tsv_keepout:top.hierarchical_reduction_path:TSV_CH1_SPARE
388,cand_a820c691e2bf,tsv_keepout:top.hierarchical_reduction_path:TSV_CH0_CA;tsv_keepout:top.hierarchical_reduction_path:TSV_CH0_CLK;tsv_keepout:top.hierarchical_reduction_path:TSV_CH0_DATA;tsv_keepout:top.hierarchical_reduction_path:TSV_CH0_GROUND;tsv_keepout:top.hierarchical_reduction_path:TSV_CH0_POWER;tsv_keepout:top.hierarchical_reduction_path:TSV_CH0_SPARE;tsv_keepout:top.logic_die_dual_link_arbiter:TSV_CH1_CA;tsv_keepout:top.logic_die_dual_link_arbiter:TSV_CH1_CLK;tsv_keepout:top.logic_die_dual_link_arbiter:TSV_CH1_DATA;tsv_keepout:top.logic_die_dual_link_arbiter:TSV_CH1_GROUND;tsv_keepout:top.logic_die_dual_link_arbiter:TSV_CH1_POWER;tsv_keepout:top.logic_die_dual_link_arbiter:TSV_CH1_SPARE;tsv_keepout:top.shared_fp16_pipeline_fabric:TSV_CH5_CA;tsv_keepout:top.shared_fp16_pipeline_fabric:TSV_CH5_CLK;tsv_keepout:top.shared_fp16_pipeline_fabric:TSV_CH5_DATA;tsv_keepout:top.shared_fp16_pipeline_fabric:TSV_CH5_GROUND;tsv_keepout:top.shared_fp16_pipeline_fabric:TSV_CH5_POWER;tsv_keepout:top.shared_fp16_pipeline_fabric:TSV_CH5_SPARE
389,cand_63a63f1a7def,tsv_keepout:top.bank_local_reduction_buffer:TSV_CH2_CA;tsv_keepout:top.bank_local_reduction_buffer:TSV_CH2_CLK;tsv_keepout:top.bank_local_reduction_buffer:TSV_CH2_DATA;tsv_keepout:top.bank_local_reduction_buffer:TSV_CH2_GROUND;tsv_keepout:top.bank_local_reduction_buffer:TSV_CH2_POWER;tsv_keepout:top.bank_local_reduction_buffer:TSV_CH2_SPARE;tsv_keepout:top.shared_fp16_pipeline_fabric:TSV_CH0_CA;tsv_keepout:top.shared_fp16_pipeline_fabric:TSV_CH0_CLK;tsv_keepout:top.shared_fp16_pipeline_fabric:TSV_CH0_DATA;tsv_keepout:top.shared_fp16_pipeline_fabric:TSV_CH0_GROUND;tsv_keepout:top.shared_fp16_pipeline_fabric:TSV_CH0_POWER;tsv_keepout:top.shared_fp16_pipeline_fabric:TSV_CH0_SPARE
397,cand_3fca40cf66da,tsv_keepout:top.bank_local_fp16_reduction:TSV_CH4_CA;tsv_keepout:top.bank_local_fp16_reduction:TSV_CH4_CLK;tsv_keepout:top.bank_local_fp16_reduction:TSV_CH4_DATA;tsv_keepout:top.bank_local_fp16_reduction:TSV_CH4_GROUND;tsv_keepout:top.bank_local_fp16_reduction:TSV_CH4_POWER;tsv_keepout:top.bank_local_fp16_reduction:TSV_CH4_SPARE;tsv_keepout:top.bank_local_reduction_buffer:TSV_CH0_CA;tsv_keepout:top.bank_local_reduction_buffer:TSV_CH0_CLK;tsv_keepout:top.bank_local_reduction_buffer:TSV_CH0_DATA;tsv_keepout:top.bank_local_reduction_buffer:TSV_CH0_GROUND;tsv_keepout:top.bank_local_reduction_buffer:TSV_CH0_POWER;tsv_keepout:top.bank_local_reduction_buffer:TSV_CH0_SPARE;tsv_keepout:top.logic_die_64ch_reduction_top:TSV_CH2_CA;tsv_keepout:top.logic_die_64ch_reduction_top:TSV_CH2_CLK;tsv_keepout:top.logic_die_64ch_reduction_top:TSV_CH2_DATA;tsv_keepout:top.logic_die_64ch_reduction_top:TSV_CH2_GROUND;tsv_keepout:top.logic_die_64ch_reduction_top:TSV_CH2_POWER;tsv_keepout:top.logic_die_64ch_reduction_top:TSV_CH2_SPARE
398,cand_9b20a35c399f,tsv_keepout:top.hierarchical_reduction_path:TSV_CH2_CA;tsv_keepout:top.hierarchical_reduction_path:TSV_CH2_CLK;tsv_keepout:top.hierarchical_reduction_path:TSV_CH2_DATA;tsv_keepout:top.hierarchical_reduction_path:TSV_CH2_GROUND;tsv_keepout:top.hierarchical_reduction_path:TSV_CH2_POWER;tsv_keepout:top.hierarchical_reduction_path:TSV_CH2_SPARE;tsv_keepout:top.shared_fp16_pipeline_fabric:TSV_CH1_CA;tsv_keepout:top.shared_fp16_pipeline_fabric:TSV_CH1_CLK;tsv_keepout:top.shared_fp16_pipeline_fabric:TSV_CH1_DATA;tsv_keepout:top.shared_fp16_pipeline_fabric:TSV_CH1_GROUND;tsv_keepout:top.shared_fp16_pipeline_fabric:TSV_CH1_POWER;tsv_keepout:top.shared_fp16_pipeline_fabric:TSV_CH1_SPARE;tsv_keepout:top.shared_fp16_reduction_cluster:TSV_CH4_CA;tsv_keepout:top.shared_fp16_reduction_cluster:TSV_CH4_CLK;tsv_keepout:top.shared_fp16_reduction_cluster:TSV_CH4_DATA;tsv_keepout:top.shared_fp16_reduction_cluster:TSV_CH4_GROUND;tsv_keepout:top.shared_fp16_reduction_cluster:TSV_CH4_POWER;tsv_keepout:top.shared_fp16_reduction_cluster:TSV_CH4_SPARE
399,cand_c964f202a31e,tsv_keepout:top.bank_local_fp16_reduction:TSV_CH5_CA;tsv_keepout:top.bank_local_fp16_reduction:TSV_CH5_CLK;tsv_keepout:top.bank_local_fp16_reduction:TSV_CH5_DATA;tsv_keepout:top.bank_local_fp16_reduction:TSV_CH5_GROUND;tsv_keepout:top.bank_local_fp16_reduction:TSV_CH5_POWER;tsv_keepout:top.bank_local_fp16_reduction:TSV_CH5_SPARE;tsv_keepout:top.bank_local_reduction_buffer:TSV_CH1_CA;tsv_keepout:top.bank_local_reduction_buffer:TSV_CH1_CLK;tsv_keepout:top.bank_local_reduction_buffer:TSV_CH1_DATA;tsv_keepout:top.bank_local_reduction_buffer:TSV_CH1_GROUND;tsv_keepout:top.bank_local_reduction_buffer:TSV_CH1_POWER;tsv_keepout:top.bank_local_reduction_buffer:TSV_CH1_SPARE;tsv_keepout:top.logic_die_dual_link_arbiter:TSV_CH2_CA;tsv_keepout:top.logic_die_dual_link_arbiter:TSV_CH2_CLK;tsv_keepout:top.logic_die_dual_link_arbiter:TSV_CH2_DATA;tsv_keepout:top.logic_die_dual_link_arbiter:TSV_CH2_GROUND;tsv_keepout:top.logic_die_dual_link_arbiter:TSV_CH2_POWER;tsv_keepout:top.logic_die_dual_link_arbiter:TSV_CH2_SPARE;tsv_keepout:top.shared_fp16_pipeline_fabric:TSV_CH3_CA;tsv_keepout:top.shared_fp16_pipeline_fabric:TSV_CH3_CLK;tsv_keepout:top.shared_fp16_pipeline_fabric:TSV_CH3_DATA;tsv_keepout:top.shared_fp16_pipeline_fabric:TSV_CH3_GROUND;tsv_keepout:top.shared_fp16_pipeline_fabric:TSV_CH3_POWER;tsv_keepout:top.shared_fp16_pipeline_fabric:TSV_CH3_SPARE
