sequence,cycle,channel,rank,pim_block,key
0,26540,0,0,0,41943040
1,26540,0,0,1,8631877632
2,26540,0,0,2,17221812224
3,26540,0,0,3,25811746816
4,26540,0,0,4,34401681408
5,26540,0,0,5,42991616000
6,26540,0,0,6,51581550592
7,26540,0,0,7,60171485184
8,26540,1,0,0,2199065198592
9,26540,1,0,1,2207655133184
10,26540,1,0,2,2216245067776
11,26540,1,0,3,2224835002368
12,26540,1,0,4,2233424936960
13,26540,1,0,5,2242014871552
14,26540,1,0,6,2250604806144
15,26540,1,0,7,2259194740736
16,26540,2,0,0,4398088454144
17,26540,2,0,1,4406678388736
18,26540,2,0,2,4415268323328
19,26540,2,0,3,4423858257920
20,26540,2,0,4,4432448192512
21,26540,2,0,5,4441038127104
22,26540,2,0,6,4449628061696
23,26540,2,0,7,4458217996288
24,26540,3,0,0,6597111709696
25,26540,3,0,1,6605701644288
26,26540,3,0,2,6614291578880
27,26540,3,0,3,6622881513472
28,26540,3,0,4,6631471448064
29,26540,3,0,5,6640061382656
30,26540,3,0,6,6648651317248
31,26540,3,0,7,6657241251840
32,26540,4,0,0,8796134965248
33,26540,4,0,1,8804724899840
34,26540,4,0,2,8813314834432
35,26540,4,0,3,8821904769024
36,26540,4,0,4,8830494703616
37,26540,4,0,5,8839084638208
38,26540,4,0,6,8847674572800
39,26540,4,0,7,8856264507392
40,26540,5,0,0,10995158220800
41,26540,5,0,1,11003748155392
42,26540,5,0,2,11012338089984
43,26540,5,0,3,11020928024576
44,26540,5,0,4,11029517959168
45,26540,5,0,5,11038107893760
46,26540,5,0,6,11046697828352
47,26540,5,0,7,11055287762944
48,26540,6,0,0,13194181476352
49,26540,6,0,1,13202771410944
50,26540,6,0,2,13211361345536
51,26540,6,0,3,13219951280128
52,26540,6,0,4,13228541214720
53,26540,6,0,5,13237131149312
54,26540,6,0,6,13245721083904
55,26540,6,0,7,13254311018496
56,26540,7,0,0,15393204731904
57,26540,7,0,1,15401794666496
58,26540,7,0,2,15410384601088
59,26540,7,0,3,15418974535680
60,26540,7,0,4,15427564470272
61,26540,7,0,5,15436154404864
62,26540,7,0,6,15444744339456
63,26540,7,0,7,15453334274048
64,26540,8,0,0,17592227987456
65,26540,8,0,1,17600817922048
66,26540,8,0,2,17609407856640
67,26540,8,0,3,17617997791232
68,26540,8,0,4,17626587725824
69,26540,8,0,5,17635177660416
70,26540,8,0,6,17643767595008
71,26540,8,0,7,17652357529600
72,26540,9,0,0,19791251243008
73,26540,9,0,1,19799841177600
74,26540,9,0,2,19808431112192
75,26540,9,0,3,19817021046784
76,26540,9,0,4,19825610981376
77,26540,9,0,5,19834200915968
78,26540,9,0,6,19842790850560
79,26540,9,0,7,19851380785152
80,26540,10,0,0,21990274498560
81,26540,10,0,1,21998864433152
82,26540,10,0,2,22007454367744
83,26540,10,0,3,22016044302336
84,26540,10,0,4,22024634236928
85,26540,10,0,5,22033224171520
86,26540,10,0,6,22041814106112
87,26540,10,0,7,22050404040704
88,26540,11,0,0,24189297754112
89,26540,11,0,1,24197887688704
90,26540,11,0,2,24206477623296
91,26540,11,0,3,24215067557888
92,26540,11,0,4,24223657492480
93,26540,11,0,5,24232247427072
94,26540,11,0,6,24240837361664
95,26540,11,0,7,24249427296256
96,26540,12,0,0,26388321009664
97,26540,12,0,1,26396910944256
98,26540,12,0,2,26405500878848
99,26540,12,0,3,26414090813440
100,26540,12,0,4,26422680748032
101,26540,12,0,5,26431270682624
102,26540,12,0,6,26439860617216
103,26540,12,0,7,26448450551808
104,26540,13,0,0,28587344265216
105,26540,13,0,1,28595934199808
106,26540,13,0,2,28604524134400
107,26540,13,0,3,28613114068992
108,26540,13,0,4,28621704003584
109,26540,13,0,5,28630293938176
110,26540,13,0,6,28638883872768
111,26540,13,0,7,28647473807360
112,26540,14,0,0,30786367520768
113,26540,14,0,1,30794957455360
114,26540,14,0,2,30803547389952
115,26540,14,0,3,30812137324544
116,26540,14,0,4,30820727259136
117,26540,14,0,5,30829317193728
118,26540,14,0,6,30837907128320
119,26540,14,0,7,30846497062912
120,26540,15,0,0,32985390776320
121,26540,15,0,1,32993980710912
122,26540,15,0,2,33002570645504
123,26540,15,0,3,33011160580096
124,26540,15,0,4,33019750514688
125,26540,15,0,5,33028340449280
126,26540,15,0,6,33036930383872
127,26540,15,0,7,33045520318464
128,26540,16,0,0,35184414031872
129,26540,16,0,1,35193003966464
130,26540,16,0,2,35201593901056
131,26540,16,0,3,35210183835648
132,26540,16,0,4,35218773770240
133,26540,16,0,5,35227363704832
134,26540,16,0,6,35235953639424
135,26540,16,0,7,35244543574016
136,26540,17,0,0,37383437287424
137,26540,17,0,1,37392027222016
138,26540,17,0,2,37400617156608
139,26540,17,0,3,37409207091200
140,26540,17,0,4,37417797025792
141,26540,17,0,5,37426386960384
142,26540,17,0,6,37434976894976
143,26540,17,0,7,37443566829568
144,26540,18,0,0,39582460542976
145,26540,18,0,1,39591050477568
146,26540,18,0,2,39599640412160
147,26540,18,0,3,39608230346752
148,26540,18,0,4,39616820281344
149,26540,18,0,5,39625410215936
150,26540,18,0,6,39634000150528
151,26540,18,0,7,39642590085120
152,26540,19,0,0,41781483798528
153,26540,19,0,1,41790073733120
154,26540,19,0,2,41798663667712
155,26540,19,0,3,41807253602304
156,26540,19,0,4,41815843536896
157,26540,19,0,5,41824433471488
158,26540,19,0,6,41833023406080
159,26540,19,0,7,41841613340672
160,26540,20,0,0,43980507054080
161,26540,20,0,1,43989096988672
162,26540,20,0,2,43997686923264
163,26540,20,0,3,44006276857856
164,26540,20,0,4,44014866792448
165,26540,20,0,5,44023456727040
166,26540,20,0,6,44032046661632
167,26540,20,0,7,44040636596224
168,26540,21,0,0,46179530309632
169,26540,21,0,1,46188120244224
170,26540,21,0,2,46196710178816
171,26540,21,0,3,46205300113408
172,26540,21,0,4,46213890048000
173,26540,21,0,5,46222479982592
174,26540,21,0,6,46231069917184
175,26540,21,0,7,46239659851776
176,26540,22,0,0,48378553565184
177,26540,22,0,1,48387143499776
178,26540,22,0,2,48395733434368
179,26540,22,0,3,48404323368960
180,26540,22,0,4,48412913303552
181,26540,22,0,5,48421503238144
182,26540,22,0,6,48430093172736
183,26540,22,0,7,48438683107328
184,26540,23,0,0,50577576820736
185,26540,23,0,1,50586166755328
186,26540,23,0,2,50594756689920
187,26540,23,0,3,50603346624512
188,26540,23,0,4,50611936559104
189,26540,23,0,5,50620526493696
190,26540,23,0,6,50629116428288
191,26540,23,0,7,50637706362880
192,26540,24,0,0,52776600076288
193,26540,24,0,1,52785190010880
194,26540,24,0,2,52793779945472
195,26540,24,0,3,52802369880064
196,26540,24,0,4,52810959814656
197,26540,24,0,5,52819549749248
198,26540,24,0,6,52828139683840
199,26540,24,0,7,52836729618432
200,26540,25,0,0,54975623331840
201,26540,25,0,1,54984213266432
202,26540,25,0,2,54992803201024
203,26540,25,0,3,55001393135616
204,26540,25,0,4,55009983070208
205,26540,25,0,5,55018573004800
206,26540,25,0,6,55027162939392
207,26540,25,0,7,55035752873984
208,26540,26,0,0,57174646587392
209,26540,26,0,1,57183236521984
210,26540,26,0,2,57191826456576
211,26540,26,0,3,57200416391168
212,26540,26,0,4,57209006325760
213,26540,26,0,5,57217596260352
214,26540,26,0,6,57226186194944
215,26540,26,0,7,57234776129536
216,26540,27,0,0,59373669842944
217,26540,27,0,1,59382259777536
218,26540,27,0,2,59390849712128
219,26540,27,0,3,59399439646720
220,26540,27,0,4,59408029581312
221,26540,27,0,5,59416619515904
222,26540,27,0,6,59425209450496
223,26540,27,0,7,59433799385088
224,26540,28,0,0,61572693098496
225,26540,28,0,1,61581283033088
226,26540,28,0,2,61589872967680
227,26540,28,0,3,61598462902272
228,26540,28,0,4,61607052836864
229,26540,28,0,5,61615642771456
230,26540,28,0,6,61624232706048
231,26540,28,0,7,61632822640640
232,26540,29,0,0,63771716354048
233,26540,29,0,1,63780306288640
234,26540,29,0,2,63788896223232
235,26540,29,0,3,63797486157824
236,26540,29,0,4,63806076092416
237,26540,29,0,5,63814666027008
238,26540,29,0,6,63823255961600
239,26540,29,0,7,63831845896192
240,26540,30,0,0,65970739609600
241,26540,30,0,1,65979329544192
242,26540,30,0,2,65987919478784
243,26540,30,0,3,65996509413376
244,26540,30,0,4,66005099347968
245,26540,30,0,5,66013689282560
246,26540,30,0,6,66022279217152
247,26540,30,0,7,66030869151744
248,26540,31,0,0,68169762865152
249,26540,31,0,1,68178352799744
250,26540,31,0,2,68186942734336
251,26540,31,0,3,68195532668928
252,26540,31,0,4,68204122603520
253,26540,31,0,5,68212712538112
254,26540,31,0,6,68221302472704
255,26540,31,0,7,68229892407296
256,26540,32,0,0,70368786120704
257,26540,32,0,1,70377376055296
258,26540,32,0,2,70385965989888
259,26540,32,0,3,70394555924480
260,26540,32,0,4,70403145859072
261,26540,32,0,5,70411735793664
262,26540,32,0,6,70420325728256
263,26540,32,0,7,70428915662848
264,26540,33,0,0,72567809376256
265,26540,33,0,1,72576399310848
266,26540,33,0,2,72584989245440
267,26540,33,0,3,72593579180032
268,26540,33,0,4,72602169114624
269,26540,33,0,5,72610759049216
270,26540,33,0,6,72619348983808
271,26540,33,0,7,72627938918400
272,26540,34,0,0,74766832631808
273,26540,34,0,1,74775422566400
274,26540,34,0,2,74784012500992
275,26540,34,0,3,74792602435584
276,26540,34,0,4,74801192370176
277,26540,34,0,5,74809782304768
278,26540,34,0,6,74818372239360
279,26540,34,0,7,74826962173952
280,26540,35,0,0,76965855887360
281,26540,35,0,1,76974445821952
282,26540,35,0,2,76983035756544
283,26540,35,0,3,76991625691136
284,26540,35,0,4,77000215625728
285,26540,35,0,5,77008805560320
286,26540,35,0,6,77017395494912
287,26540,35,0,7,77025985429504
288,26540,36,0,0,79164879142912
289,26540,36,0,1,79173469077504
290,26540,36,0,2,79182059012096
291,26540,36,0,3,79190648946688
292,26540,36,0,4,79199238881280
293,26540,36,0,5,79207828815872
294,26540,36,0,6,79216418750464
295,26540,36,0,7,79225008685056
296,26540,37,0,0,81363902398464
297,26540,37,0,1,81372492333056
298,26540,37,0,2,81381082267648
299,26540,37,0,3,81389672202240
300,26540,37,0,4,81398262136832
301,26540,37,0,5,81406852071424
302,26540,37,0,6,81415442006016
303,26540,37,0,7,81424031940608
304,26540,38,0,0,83562925654016
305,26540,38,0,1,83571515588608
306,26540,38,0,2,83580105523200
307,26540,38,0,3,83588695457792
308,26540,38,0,4,83597285392384
309,26540,38,0,5,83605875326976
310,26540,38,0,6,83614465261568
311,26540,38,0,7,83623055196160
312,26540,39,0,0,85761948909568
313,26540,39,0,1,85770538844160
314,26540,39,0,2,85779128778752
315,26540,39,0,3,85787718713344
316,26540,39,0,4,85796308647936
317,26540,39,0,5,85804898582528
318,26540,39,0,6,85813488517120
319,26540,39,0,7,85822078451712
320,26540,40,0,0,87960972165120
321,26540,40,0,1,87969562099712
322,26540,40,0,2,87978152034304
323,26540,40,0,3,87986741968896
324,26540,40,0,4,87995331903488
325,26540,40,0,5,88003921838080
326,26540,40,0,6,88012511772672
327,26540,40,0,7,88021101707264
328,26540,41,0,0,90159995420672
329,26540,41,0,1,90168585355264
330,26540,41,0,2,90177175289856
331,26540,41,0,3,90185765224448
332,26540,41,0,4,90194355159040
333,26540,41,0,5,90202945093632
334,26540,41,0,6,90211535028224
335,26540,41,0,7,90220124962816
336,26540,42,0,0,92359018676224
337,26540,42,0,1,92367608610816
338,26540,42,0,2,92376198545408
339,26540,42,0,3,92384788480000
340,26540,42,0,4,92393378414592
341,26540,42,0,5,92401968349184
342,26540,42,0,6,92410558283776
343,26540,42,0,7,92419148218368
344,26540,43,0,0,94558041931776
345,26540,43,0,1,94566631866368
346,26540,43,0,2,94575221800960
347,26540,43,0,3,94583811735552
348,26540,43,0,4,94592401670144
349,26540,43,0,5,94600991604736
350,26540,43,0,6,94609581539328
351,26540,43,0,7,94618171473920
352,26540,44,0,0,96757065187328
353,26540,44,0,1,96765655121920
354,26540,44,0,2,96774245056512
355,26540,44,0,3,96782834991104
356,26540,44,0,4,96791424925696
357,26540,44,0,5,96800014860288
358,26540,44,0,6,96808604794880
359,26540,44,0,7,96817194729472
360,26540,45,0,0,98956088442880
361,26540,45,0,1,98964678377472
362,26540,45,0,2,98973268312064
363,26540,45,0,3,98981858246656
364,26540,45,0,4,98990448181248
365,26540,45,0,5,98999038115840
366,26540,45,0,6,99007628050432
367,26540,45,0,7,99016217985024
368,26540,46,0,0,101155111698432
369,26540,46,0,1,101163701633024
370,26540,46,0,2,101172291567616
371,26540,46,0,3,101180881502208
372,26540,46,0,4,101189471436800
373,26540,46,0,5,101198061371392
374,26540,46,0,6,101206651305984
375,26540,46,0,7,101215241240576
376,26540,47,0,0,103354134953984
377,26540,47,0,1,103362724888576
378,26540,47,0,2,103371314823168
379,26540,47,0,3,103379904757760
380,26540,47,0,4,103388494692352
381,26540,47,0,5,103397084626944
382,26540,47,0,6,103405674561536
383,26540,47,0,7,103414264496128
384,26540,48,0,0,105553158209536
385,26540,48,0,1,105561748144128
386,26540,48,0,2,105570338078720
387,26540,48,0,3,105578928013312
388,26540,48,0,4,105587517947904
389,26540,48,0,5,105596107882496
390,26540,48,0,6,105604697817088
391,26540,48,0,7,105613287751680
392,26540,49,0,0,107752181465088
393,26540,49,0,1,107760771399680
394,26540,49,0,2,107769361334272
395,26540,49,0,3,107777951268864
396,26540,49,0,4,107786541203456
397,26540,49,0,5,107795131138048
398,26540,49,0,6,107803721072640
399,26540,49,0,7,107812311007232
400,26540,50,0,0,109951204720640
401,26540,50,0,1,109959794655232
402,26540,50,0,2,109968384589824
403,26540,50,0,3,109976974524416
404,26540,50,0,4,109985564459008
405,26540,50,0,5,109994154393600
406,26540,50,0,6,110002744328192
407,26540,50,0,7,110011334262784
408,26540,51,0,0,112150227976192
409,26540,51,0,1,112158817910784
410,26540,51,0,2,112167407845376
411,26540,51,0,3,112175997779968
412,26540,51,0,4,112184587714560
413,26540,51,0,5,112193177649152
414,26540,51,0,6,112201767583744
415,26540,51,0,7,112210357518336
416,26540,52,0,0,114349251231744
417,26540,52,0,1,114357841166336
418,26540,52,0,2,114366431100928
419,26540,52,0,3,114375021035520
420,26540,52,0,4,114383610970112
421,26540,52,0,5,114392200904704
422,26540,52,0,6,114400790839296
423,26540,52,0,7,114409380773888
424,26540,53,0,0,116548274487296
425,26540,53,0,1,116556864421888
426,26540,53,0,2,116565454356480
427,26540,53,0,3,116574044291072
428,26540,53,0,4,116582634225664
429,26540,53,0,5,116591224160256
430,26540,53,0,6,116599814094848
431,26540,53,0,7,116608404029440
432,26540,54,0,0,118747297742848
433,26540,54,0,1,118755887677440
434,26540,54,0,2,118764477612032
435,26540,54,0,3,118773067546624
436,26540,54,0,4,118781657481216
437,26540,54,0,5,118790247415808
438,26540,54,0,6,118798837350400
439,26540,54,0,7,118807427284992
440,26540,55,0,0,120946320998400
441,26540,55,0,1,120954910932992
442,26540,55,0,2,120963500867584
443,26540,55,0,3,120972090802176
444,26540,55,0,4,120980680736768
445,26540,55,0,5,120989270671360
446,26540,55,0,6,120997860605952
447,26540,55,0,7,121006450540544
448,26540,56,0,0,123145344253952
449,26540,56,0,1,123153934188544
450,26540,56,0,2,123162524123136
451,26540,56,0,3,123171114057728
452,26540,56,0,4,123179703992320
453,26540,56,0,5,123188293926912
454,26540,56,0,6,123196883861504
455,26540,56,0,7,123205473796096
456,26540,57,0,0,125344367509504
457,26540,57,0,1,125352957444096
458,26540,57,0,2,125361547378688
459,26540,57,0,3,125370137313280
460,26540,57,0,4,125378727247872
461,26540,57,0,5,125387317182464
462,26540,57,0,6,125395907117056
463,26540,57,0,7,125404497051648
464,26540,58,0,0,127543390765056
465,26540,58,0,1,127551980699648
466,26540,58,0,2,127560570634240
467,26540,58,0,3,127569160568832
468,26540,58,0,4,127577750503424
469,26540,58,0,5,127586340438016
470,26540,58,0,6,127594930372608
471,26540,58,0,7,127603520307200
472,26540,59,0,0,129742414020608
473,26540,59,0,1,129751003955200
474,26540,59,0,2,129759593889792
475,26540,59,0,3,129768183824384
476,26540,59,0,4,129776773758976
477,26540,59,0,5,129785363693568
478,26540,59,0,6,129793953628160
479,26540,59,0,7,129802543562752
480,26540,60,0,0,131941437276160
481,26540,60,0,1,131950027210752
482,26540,60,0,2,131958617145344
483,26540,60,0,3,131967207079936
484,26540,60,0,4,131975797014528
485,26540,60,0,5,131984386949120
486,26540,60,0,6,131992976883712
487,26540,60,0,7,132001566818304
488,26540,61,0,0,134140460531712
489,26540,61,0,1,134149050466304
490,26540,61,0,2,134157640400896
491,26540,61,0,3,134166230335488
492,26540,61,0,4,134174820270080
493,26540,61,0,5,134183410204672
494,26540,61,0,6,134192000139264
495,26540,61,0,7,134200590073856
496,26540,62,0,0,136339483787264
497,26540,62,0,1,136348073721856
498,26540,62,0,2,136356663656448
499,26540,62,0,3,136365253591040
500,26540,62,0,4,136373843525632
501,26540,62,0,5,136382433460224
502,26540,62,0,6,136391023394816
503,26540,62,0,7,136399613329408
504,26540,63,0,0,138538507042816
505,26540,63,0,1,138547096977408
506,26540,63,0,2,138555686912000
507,26540,63,0,3,138564276846592
508,26540,63,0,4,138572866781184
509,26540,63,0,5,138581456715776
510,26540,63,0,6,138590046650368
511,26540,63,0,7,138598636584960
512,26543,0,0,0,41943041
513,26543,0,0,1,8631877633
514,26543,0,0,2,17221812225
515,26543,0,0,3,25811746817
516,26543,0,0,4,34401681409
517,26543,0,0,5,42991616001
518,26543,0,0,6,51581550593
519,26543,0,0,7,60171485185
520,26543,1,0,0,2199065198593
521,26543,1,0,1,2207655133185
522,26543,1,0,2,2216245067777
523,26543,1,0,3,2224835002369
524,26543,1,0,4,2233424936961
525,26543,1,0,5,2242014871553
526,26543,1,0,6,2250604806145
527,26543,1,0,7,2259194740737
528,26543,2,0,0,4398088454145
529,26543,2,0,1,4406678388737
530,26543,2,0,2,4415268323329
531,26543,2,0,3,4423858257921
532,26543,2,0,4,4432448192513
533,26543,2,0,5,4441038127105
534,26543,2,0,6,4449628061697
535,26543,2,0,7,4458217996289
536,26543,3,0,0,6597111709697
537,26543,3,0,1,6605701644289
538,26543,3,0,2,6614291578881
539,26543,3,0,3,6622881513473
540,26543,3,0,4,6631471448065
541,26543,3,0,5,6640061382657
542,26543,3,0,6,6648651317249
543,26543,3,0,7,6657241251841
544,26543,4,0,0,8796134965249
545,26543,4,0,1,8804724899841
546,26543,4,0,2,8813314834433
547,26543,4,0,3,8821904769025
548,26543,4,0,4,8830494703617
549,26543,4,0,5,8839084638209
550,26543,4,0,6,8847674572801
551,26543,4,0,7,8856264507393
552,26543,5,0,0,10995158220801
553,26543,5,0,1,11003748155393
554,26543,5,0,2,11012338089985
555,26543,5,0,3,11020928024577
556,26543,5,0,4,11029517959169
557,26543,5,0,5,11038107893761
558,26543,5,0,6,11046697828353
559,26543,5,0,7,11055287762945
560,26543,6,0,0,13194181476353
561,26543,6,0,1,13202771410945
562,26543,6,0,2,13211361345537
563,26543,6,0,3,13219951280129
564,26543,6,0,4,13228541214721
565,26543,6,0,5,13237131149313
566,26543,6,0,6,13245721083905
567,26543,6,0,7,13254311018497
568,26543,7,0,0,15393204731905
569,26543,7,0,1,15401794666497
570,26543,7,0,2,15410384601089
571,26543,7,0,3,15418974535681
572,26543,7,0,4,15427564470273
573,26543,7,0,5,15436154404865
574,26543,7,0,6,15444744339457
575,26543,7,0,7,15453334274049
576,26543,8,0,0,17592227987457
577,26543,8,0,1,17600817922049
578,26543,8,0,2,17609407856641
579,26543,8,0,3,17617997791233
580,26543,8,0,4,17626587725825
581,26543,8,0,5,17635177660417
582,26543,8,0,6,17643767595009
583,26543,8,0,7,17652357529601
584,26543,9,0,0,19791251243009
585,26543,9,0,1,19799841177601
586,26543,9,0,2,19808431112193
587,26543,9,0,3,19817021046785
588,26543,9,0,4,19825610981377
589,26543,9,0,5,19834200915969
590,26543,9,0,6,19842790850561
591,26543,9,0,7,19851380785153
592,26543,10,0,0,21990274498561
593,26543,10,0,1,21998864433153
594,26543,10,0,2,22007454367745
595,26543,10,0,3,22016044302337
596,26543,10,0,4,22024634236929
597,26543,10,0,5,22033224171521
598,26543,10,0,6,22041814106113
599,26543,10,0,7,22050404040705
600,26543,11,0,0,24189297754113
601,26543,11,0,1,24197887688705
602,26543,11,0,2,24206477623297
603,26543,11,0,3,24215067557889
604,26543,11,0,4,24223657492481
605,26543,11,0,5,24232247427073
606,26543,11,0,6,24240837361665
607,26543,11,0,7,24249427296257
608,26543,12,0,0,26388321009665
609,26543,12,0,1,26396910944257
610,26543,12,0,2,26405500878849
611,26543,12,0,3,26414090813441
612,26543,12,0,4,26422680748033
613,26543,12,0,5,26431270682625
614,26543,12,0,6,26439860617217
615,26543,12,0,7,26448450551809
616,26543,13,0,0,28587344265217
617,26543,13,0,1,28595934199809
618,26543,13,0,2,28604524134401
619,26543,13,0,3,28613114068993
620,26543,13,0,4,28621704003585
621,26543,13,0,5,28630293938177
622,26543,13,0,6,28638883872769
623,26543,13,0,7,28647473807361
624,26543,14,0,0,30786367520769
625,26543,14,0,1,30794957455361
626,26543,14,0,2,30803547389953
627,26543,14,0,3,30812137324545
628,26543,14,0,4,30820727259137
629,26543,14,0,5,30829317193729
630,26543,14,0,6,30837907128321
631,26543,14,0,7,30846497062913
632,26543,15,0,0,32985390776321
633,26543,15,0,1,32993980710913
634,26543,15,0,2,33002570645505
635,26543,15,0,3,33011160580097
636,26543,15,0,4,33019750514689
637,26543,15,0,5,33028340449281
638,26543,15,0,6,33036930383873
639,26543,15,0,7,33045520318465
640,26543,16,0,0,35184414031873
641,26543,16,0,1,35193003966465
642,26543,16,0,2,35201593901057
643,26543,16,0,3,35210183835649
644,26543,16,0,4,35218773770241
645,26543,16,0,5,35227363704833
646,26543,16,0,6,35235953639425
647,26543,16,0,7,35244543574017
648,26543,17,0,0,37383437287425
649,26543,17,0,1,37392027222017
650,26543,17,0,2,37400617156609
651,26543,17,0,3,37409207091201
652,26543,17,0,4,37417797025793
653,26543,17,0,5,37426386960385
654,26543,17,0,6,37434976894977
655,26543,17,0,7,37443566829569
656,26543,18,0,0,39582460542977
657,26543,18,0,1,39591050477569
658,26543,18,0,2,39599640412161
659,26543,18,0,3,39608230346753
660,26543,18,0,4,39616820281345
661,26543,18,0,5,39625410215937
662,26543,18,0,6,39634000150529
663,26543,18,0,7,39642590085121
664,26543,19,0,0,41781483798529
665,26543,19,0,1,41790073733121
666,26543,19,0,2,41798663667713
667,26543,19,0,3,41807253602305
668,26543,19,0,4,41815843536897
669,26543,19,0,5,41824433471489
670,26543,19,0,6,41833023406081
671,26543,19,0,7,41841613340673
672,26543,20,0,0,43980507054081
673,26543,20,0,1,43989096988673
674,26543,20,0,2,43997686923265
675,26543,20,0,3,44006276857857
676,26543,20,0,4,44014866792449
677,26543,20,0,5,44023456727041
678,26543,20,0,6,44032046661633
679,26543,20,0,7,44040636596225
680,26543,21,0,0,46179530309633
681,26543,21,0,1,46188120244225
682,26543,21,0,2,46196710178817
683,26543,21,0,3,46205300113409
684,26543,21,0,4,46213890048001
685,26543,21,0,5,46222479982593
686,26543,21,0,6,46231069917185
687,26543,21,0,7,46239659851777
688,26543,22,0,0,48378553565185
689,26543,22,0,1,48387143499777
690,26543,22,0,2,48395733434369
691,26543,22,0,3,48404323368961
692,26543,22,0,4,48412913303553
693,26543,22,0,5,48421503238145
694,26543,22,0,6,48430093172737
695,26543,22,0,7,48438683107329
696,26543,23,0,0,50577576820737
697,26543,23,0,1,50586166755329
698,26543,23,0,2,50594756689921
699,26543,23,0,3,50603346624513
700,26543,23,0,4,50611936559105
701,26543,23,0,5,50620526493697
702,26543,23,0,6,50629116428289
703,26543,23,0,7,50637706362881
704,26543,24,0,0,52776600076289
705,26543,24,0,1,52785190010881
706,26543,24,0,2,52793779945473
707,26543,24,0,3,52802369880065
708,26543,24,0,4,52810959814657
709,26543,24,0,5,52819549749249
710,26543,24,0,6,52828139683841
711,26543,24,0,7,52836729618433
712,26543,25,0,0,54975623331841
713,26543,25,0,1,54984213266433
714,26543,25,0,2,54992803201025
715,26543,25,0,3,55001393135617
716,26543,25,0,4,55009983070209
717,26543,25,0,5,55018573004801
718,26543,25,0,6,55027162939393
719,26543,25,0,7,55035752873985
720,26543,26,0,0,57174646587393
721,26543,26,0,1,57183236521985
722,26543,26,0,2,57191826456577
723,26543,26,0,3,57200416391169
724,26543,26,0,4,57209006325761
725,26543,26,0,5,57217596260353
726,26543,26,0,6,57226186194945
727,26543,26,0,7,57234776129537
728,26543,27,0,0,59373669842945
729,26543,27,0,1,59382259777537
730,26543,27,0,2,59390849712129
731,26543,27,0,3,59399439646721
732,26543,27,0,4,59408029581313
733,26543,27,0,5,59416619515905
734,26543,27,0,6,59425209450497
735,26543,27,0,7,59433799385089
736,26543,28,0,0,61572693098497
737,26543,28,0,1,61581283033089
738,26543,28,0,2,61589872967681
739,26543,28,0,3,61598462902273
740,26543,28,0,4,61607052836865
741,26543,28,0,5,61615642771457
742,26543,28,0,6,61624232706049
743,26543,28,0,7,61632822640641
744,26543,29,0,0,63771716354049
745,26543,29,0,1,63780306288641
746,26543,29,0,2,63788896223233
747,26543,29,0,3,63797486157825
748,26543,29,0,4,63806076092417
749,26543,29,0,5,63814666027009
750,26543,29,0,6,63823255961601
751,26543,29,0,7,63831845896193
752,26543,30,0,0,65970739609601
753,26543,30,0,1,65979329544193
754,26543,30,0,2,65987919478785
755,26543,30,0,3,65996509413377
756,26543,30,0,4,66005099347969
757,26543,30,0,5,66013689282561
758,26543,30,0,6,66022279217153
759,26543,30,0,7,66030869151745
760,26543,31,0,0,68169762865153
761,26543,31,0,1,68178352799745
762,26543,31,0,2,68186942734337
763,26543,31,0,3,68195532668929
764,26543,31,0,4,68204122603521
765,26543,31,0,5,68212712538113
766,26543,31,0,6,68221302472705
767,26543,31,0,7,68229892407297
768,26543,32,0,0,70368786120705
769,26543,32,0,1,70377376055297
770,26543,32,0,2,70385965989889
771,26543,32,0,3,70394555924481
772,26543,32,0,4,70403145859073
773,26543,32,0,5,70411735793665
774,26543,32,0,6,70420325728257
775,26543,32,0,7,70428915662849
776,26543,33,0,0,72567809376257
777,26543,33,0,1,72576399310849
778,26543,33,0,2,72584989245441
779,26543,33,0,3,72593579180033
780,26543,33,0,4,72602169114625
781,26543,33,0,5,72610759049217
782,26543,33,0,6,72619348983809
783,26543,33,0,7,72627938918401
784,26543,34,0,0,74766832631809
785,26543,34,0,1,74775422566401
786,26543,34,0,2,74784012500993
787,26543,34,0,3,74792602435585
788,26543,34,0,4,74801192370177
789,26543,34,0,5,74809782304769
790,26543,34,0,6,74818372239361
791,26543,34,0,7,74826962173953
792,26543,35,0,0,76965855887361
793,26543,35,0,1,76974445821953
794,26543,35,0,2,76983035756545
795,26543,35,0,3,76991625691137
796,26543,35,0,4,77000215625729
797,26543,35,0,5,77008805560321
798,26543,35,0,6,77017395494913
799,26543,35,0,7,77025985429505
800,26543,36,0,0,79164879142913
801,26543,36,0,1,79173469077505
802,26543,36,0,2,79182059012097
803,26543,36,0,3,79190648946689
804,26543,36,0,4,79199238881281
805,26543,36,0,5,79207828815873
806,26543,36,0,6,79216418750465
807,26543,36,0,7,79225008685057
808,26543,37,0,0,81363902398465
809,26543,37,0,1,81372492333057
810,26543,37,0,2,81381082267649
811,26543,37,0,3,81389672202241
812,26543,37,0,4,81398262136833
813,26543,37,0,5,81406852071425
814,26543,37,0,6,81415442006017
815,26543,37,0,7,81424031940609
816,26543,38,0,0,83562925654017
817,26543,38,0,1,83571515588609
818,26543,38,0,2,83580105523201
819,26543,38,0,3,83588695457793
820,26543,38,0,4,83597285392385
821,26543,38,0,5,83605875326977
822,26543,38,0,6,83614465261569
823,26543,38,0,7,83623055196161
824,26543,39,0,0,85761948909569
825,26543,39,0,1,85770538844161
826,26543,39,0,2,85779128778753
827,26543,39,0,3,85787718713345
828,26543,39,0,4,85796308647937
829,26543,39,0,5,85804898582529
830,26543,39,0,6,85813488517121
831,26543,39,0,7,85822078451713
832,26543,40,0,0,87960972165121
833,26543,40,0,1,87969562099713
834,26543,40,0,2,87978152034305
835,26543,40,0,3,87986741968897
836,26543,40,0,4,87995331903489
837,26543,40,0,5,88003921838081
838,26543,40,0,6,88012511772673
839,26543,40,0,7,88021101707265
840,26543,41,0,0,90159995420673
841,26543,41,0,1,90168585355265
842,26543,41,0,2,90177175289857
843,26543,41,0,3,90185765224449
844,26543,41,0,4,90194355159041
845,26543,41,0,5,90202945093633
846,26543,41,0,6,90211535028225
847,26543,41,0,7,90220124962817
848,26543,42,0,0,92359018676225
849,26543,42,0,1,92367608610817
850,26543,42,0,2,92376198545409
851,26543,42,0,3,92384788480001
852,26543,42,0,4,92393378414593
853,26543,42,0,5,92401968349185
854,26543,42,0,6,92410558283777
855,26543,42,0,7,92419148218369
856,26543,43,0,0,94558041931777
857,26543,43,0,1,94566631866369
858,26543,43,0,2,94575221800961
859,26543,43,0,3,94583811735553
860,26543,43,0,4,94592401670145
861,26543,43,0,5,94600991604737
862,26543,43,0,6,94609581539329
863,26543,43,0,7,94618171473921
864,26543,44,0,0,96757065187329
865,26543,44,0,1,96765655121921
866,26543,44,0,2,96774245056513
867,26543,44,0,3,96782834991105
868,26543,44,0,4,96791424925697
869,26543,44,0,5,96800014860289
870,26543,44,0,6,96808604794881
871,26543,44,0,7,96817194729473
872,26543,45,0,0,98956088442881
873,26543,45,0,1,98964678377473
874,26543,45,0,2,98973268312065
875,26543,45,0,3,98981858246657
876,26543,45,0,4,98990448181249
877,26543,45,0,5,98999038115841
878,26543,45,0,6,99007628050433
879,26543,45,0,7,99016217985025
880,26543,46,0,0,101155111698433
881,26543,46,0,1,101163701633025
882,26543,46,0,2,101172291567617
883,26543,46,0,3,101180881502209
884,26543,46,0,4,101189471436801
885,26543,46,0,5,101198061371393
886,26543,46,0,6,101206651305985
887,26543,46,0,7,101215241240577
888,26543,47,0,0,103354134953985
889,26543,47,0,1,103362724888577
890,26543,47,0,2,103371314823169
891,26543,47,0,3,103379904757761
892,26543,47,0,4,103388494692353
893,26543,47,0,5,103397084626945
894,26543,47,0,6,103405674561537
895,26543,47,0,7,103414264496129
896,26543,48,0,0,105553158209537
897,26543,48,0,1,105561748144129
898,26543,48,0,2,105570338078721
899,26543,48,0,3,105578928013313
900,26543,48,0,4,105587517947905
901,26543,48,0,5,105596107882497
902,26543,48,0,6,105604697817089
903,26543,48,0,7,105613287751681
904,26543,49,0,0,107752181465089
905,26543,49,0,1,107760771399681
906,26543,49,0,2,107769361334273
907,26543,49,0,3,107777951268865
908,26543,49,0,4,107786541203457
909,26543,49,0,5,107795131138049
910,26543,49,0,6,107803721072641
911,26543,49,0,7,107812311007233
912,26543,50,0,0,109951204720641
913,26543,50,0,1,109959794655233
914,26543,50,0,2,109968384589825
915,26543,50,0,3,109976974524417
916,26543,50,0,4,109985564459009
917,26543,50,0,5,109994154393601
918,26543,50,0,6,110002744328193
919,26543,50,0,7,110011334262785
920,26543,51,0,0,112150227976193
921,26543,51,0,1,112158817910785
922,26543,51,0,2,112167407845377
923,26543,51,0,3,112175997779969
924,26543,51,0,4,112184587714561
925,26543,51,0,5,112193177649153
926,26543,51,0,6,112201767583745
927,26543,51,0,7,112210357518337
928,26543,52,0,0,114349251231745
929,26543,52,0,1,114357841166337
930,26543,52,0,2,114366431100929
931,26543,52,0,3,114375021035521
932,26543,52,0,4,114383610970113
933,26543,52,0,5,114392200904705
934,26543,52,0,6,114400790839297
935,26543,52,0,7,114409380773889
936,26543,53,0,0,116548274487297
937,26543,53,0,1,116556864421889
938,26543,53,0,2,116565454356481
939,26543,53,0,3,116574044291073
940,26543,53,0,4,116582634225665
941,26543,53,0,5,116591224160257
942,26543,53,0,6,116599814094849
943,26543,53,0,7,116608404029441
944,26543,54,0,0,118747297742849
945,26543,54,0,1,118755887677441
946,26543,54,0,2,118764477612033
947,26543,54,0,3,118773067546625
948,26543,54,0,4,118781657481217
949,26543,54,0,5,118790247415809
950,26543,54,0,6,118798837350401
951,26543,54,0,7,118807427284993
952,26543,55,0,0,120946320998401
953,26543,55,0,1,120954910932993
954,26543,55,0,2,120963500867585
955,26543,55,0,3,120972090802177
956,26543,55,0,4,120980680736769
957,26543,55,0,5,120989270671361
958,26543,55,0,6,120997860605953
959,26543,55,0,7,121006450540545
960,26543,56,0,0,123145344253953
961,26543,56,0,1,123153934188545
962,26543,56,0,2,123162524123137
963,26543,56,0,3,123171114057729
964,26543,56,0,4,123179703992321
965,26543,56,0,5,123188293926913
966,26543,56,0,6,123196883861505
967,26543,56,0,7,123205473796097
968,26543,57,0,0,125344367509505
969,26543,57,0,1,125352957444097
970,26543,57,0,2,125361547378689
971,26543,57,0,3,125370137313281
972,26543,57,0,4,125378727247873
973,26543,57,0,5,125387317182465
974,26543,57,0,6,125395907117057
975,26543,57,0,7,125404497051649
976,26543,58,0,0,127543390765057
977,26543,58,0,1,127551980699649
978,26543,58,0,2,127560570634241
979,26543,58,0,3,127569160568833
980,26543,58,0,4,127577750503425
981,26543,58,0,5,127586340438017
982,26543,58,0,6,127594930372609
983,26543,58,0,7,127603520307201
984,26543,59,0,0,129742414020609
985,26543,59,0,1,129751003955201
986,26543,59,0,2,129759593889793
987,26543,59,0,3,129768183824385
988,26543,59,0,4,129776773758977
989,26543,59,0,5,129785363693569
990,26543,59,0,6,129793953628161
991,26543,59,0,7,129802543562753
992,26543,60,0,0,131941437276161
993,26543,60,0,1,131950027210753
994,26543,60,0,2,131958617145345
995,26543,60,0,3,131967207079937
996,26543,60,0,4,131975797014529
997,26543,60,0,5,131984386949121
998,26543,60,0,6,131992976883713
999,26543,60,0,7,132001566818305
1000,26543,61,0,0,134140460531713
1001,26543,61,0,1,134149050466305
1002,26543,61,0,2,134157640400897
1003,26543,61,0,3,134166230335489
1004,26543,61,0,4,134174820270081
1005,26543,61,0,5,134183410204673
1006,26543,61,0,6,134192000139265
1007,26543,61,0,7,134200590073857
1008,26543,62,0,0,136339483787265
1009,26543,62,0,1,136348073721857
1010,26543,62,0,2,136356663656449
1011,26543,62,0,3,136365253591041
1012,26543,62,0,4,136373843525633
1013,26543,62,0,5,136382433460225
1014,26543,62,0,6,136391023394817
1015,26543,62,0,7,136399613329409
1016,26543,63,0,0,138538507042817
1017,26543,63,0,1,138547096977409
1018,26543,63,0,2,138555686912001
1019,26543,63,0,3,138564276846593
1020,26543,63,0,4,138572866781185
1021,26543,63,0,5,138581456715777
1022,26543,63,0,6,138590046650369
1023,26543,63,0,7,138598636584961
1024,26545,0,0,0,41943042
1025,26545,0,0,1,8631877634
1026,26545,0,0,2,17221812226
1027,26545,0,0,3,25811746818
1028,26545,0,0,4,34401681410
1029,26545,0,0,5,42991616002
1030,26545,0,0,6,51581550594
1031,26545,0,0,7,60171485186
1032,26545,1,0,0,2199065198594
1033,26545,1,0,1,2207655133186
1034,26545,1,0,2,2216245067778
1035,26545,1,0,3,2224835002370
1036,26545,1,0,4,2233424936962
1037,26545,1,0,5,2242014871554
1038,26545,1,0,6,2250604806146
1039,26545,1,0,7,2259194740738
1040,26545,2,0,0,4398088454146
1041,26545,2,0,1,4406678388738
1042,26545,2,0,2,4415268323330
1043,26545,2,0,3,4423858257922
1044,26545,2,0,4,4432448192514
1045,26545,2,0,5,4441038127106
1046,26545,2,0,6,4449628061698
1047,26545,2,0,7,4458217996290
1048,26545,3,0,0,6597111709698
1049,26545,3,0,1,6605701644290
1050,26545,3,0,2,6614291578882
1051,26545,3,0,3,6622881513474
1052,26545,3,0,4,6631471448066
1053,26545,3,0,5,6640061382658
1054,26545,3,0,6,6648651317250
1055,26545,3,0,7,6657241251842
1056,26545,4,0,0,8796134965250
1057,26545,4,0,1,8804724899842
1058,26545,4,0,2,8813314834434
1059,26545,4,0,3,8821904769026
1060,26545,4,0,4,8830494703618
1061,26545,4,0,5,8839084638210
1062,26545,4,0,6,8847674572802
1063,26545,4,0,7,8856264507394
1064,26545,5,0,0,10995158220802
1065,26545,5,0,1,11003748155394
1066,26545,5,0,2,11012338089986
1067,26545,5,0,3,11020928024578
1068,26545,5,0,4,11029517959170
1069,26545,5,0,5,11038107893762
1070,26545,5,0,6,11046697828354
1071,26545,5,0,7,11055287762946
1072,26545,6,0,0,13194181476354
1073,26545,6,0,1,13202771410946
1074,26545,6,0,2,13211361345538
1075,26545,6,0,3,13219951280130
1076,26545,6,0,4,13228541214722
1077,26545,6,0,5,13237131149314
1078,26545,6,0,6,13245721083906
1079,26545,6,0,7,13254311018498
1080,26545,7,0,0,15393204731906
1081,26545,7,0,1,15401794666498
1082,26545,7,0,2,15410384601090
1083,26545,7,0,3,15418974535682
1084,26545,7,0,4,15427564470274
1085,26545,7,0,5,15436154404866
1086,26545,7,0,6,15444744339458
1087,26545,7,0,7,15453334274050
1088,26545,8,0,0,17592227987458
1089,26545,8,0,1,17600817922050
1090,26545,8,0,2,17609407856642
1091,26545,8,0,3,17617997791234
1092,26545,8,0,4,17626587725826
1093,26545,8,0,5,17635177660418
1094,26545,8,0,6,17643767595010
1095,26545,8,0,7,17652357529602
1096,26545,9,0,0,19791251243010
1097,26545,9,0,1,19799841177602
1098,26545,9,0,2,19808431112194
1099,26545,9,0,3,19817021046786
1100,26545,9,0,4,19825610981378
1101,26545,9,0,5,19834200915970
1102,26545,9,0,6,19842790850562
1103,26545,9,0,7,19851380785154
1104,26545,10,0,0,21990274498562
1105,26545,10,0,1,21998864433154
1106,26545,10,0,2,22007454367746
1107,26545,10,0,3,22016044302338
1108,26545,10,0,4,22024634236930
1109,26545,10,0,5,22033224171522
1110,26545,10,0,6,22041814106114
1111,26545,10,0,7,22050404040706
1112,26545,11,0,0,24189297754114
1113,26545,11,0,1,24197887688706
1114,26545,11,0,2,24206477623298
1115,26545,11,0,3,24215067557890
1116,26545,11,0,4,24223657492482
1117,26545,11,0,5,24232247427074
1118,26545,11,0,6,24240837361666
1119,26545,11,0,7,24249427296258
1120,26545,12,0,0,26388321009666
1121,26545,12,0,1,26396910944258
1122,26545,12,0,2,26405500878850
1123,26545,12,0,3,26414090813442
1124,26545,12,0,4,26422680748034
1125,26545,12,0,5,26431270682626
1126,26545,12,0,6,26439860617218
1127,26545,12,0,7,26448450551810
1128,26545,13,0,0,28587344265218
1129,26545,13,0,1,28595934199810
1130,26545,13,0,2,28604524134402
1131,26545,13,0,3,28613114068994
1132,26545,13,0,4,28621704003586
1133,26545,13,0,5,28630293938178
1134,26545,13,0,6,28638883872770
1135,26545,13,0,7,28647473807362
1136,26545,14,0,0,30786367520770
1137,26545,14,0,1,30794957455362
1138,26545,14,0,2,30803547389954
1139,26545,14,0,3,30812137324546
1140,26545,14,0,4,30820727259138
1141,26545,14,0,5,30829317193730
1142,26545,14,0,6,30837907128322
1143,26545,14,0,7,30846497062914
1144,26545,15,0,0,32985390776322
1145,26545,15,0,1,32993980710914
1146,26545,15,0,2,33002570645506
1147,26545,15,0,3,33011160580098
1148,26545,15,0,4,33019750514690
1149,26545,15,0,5,33028340449282
1150,26545,15,0,6,33036930383874
1151,26545,15,0,7,33045520318466
1152,26545,16,0,0,35184414031874
1153,26545,16,0,1,35193003966466
1154,26545,16,0,2,35201593901058
1155,26545,16,0,3,35210183835650
1156,26545,16,0,4,35218773770242
1157,26545,16,0,5,35227363704834
1158,26545,16,0,6,35235953639426
1159,26545,16,0,7,35244543574018
1160,26545,17,0,0,37383437287426
1161,26545,17,0,1,37392027222018
1162,26545,17,0,2,37400617156610
1163,26545,17,0,3,37409207091202
1164,26545,17,0,4,37417797025794
1165,26545,17,0,5,37426386960386
1166,26545,17,0,6,37434976894978
1167,26545,17,0,7,37443566829570
1168,26545,18,0,0,39582460542978
1169,26545,18,0,1,39591050477570
1170,26545,18,0,2,39599640412162
1171,26545,18,0,3,39608230346754
1172,26545,18,0,4,39616820281346
1173,26545,18,0,5,39625410215938
1174,26545,18,0,6,39634000150530
1175,26545,18,0,7,39642590085122
1176,26545,19,0,0,41781483798530
1177,26545,19,0,1,41790073733122
1178,26545,19,0,2,41798663667714
1179,26545,19,0,3,41807253602306
1180,26545,19,0,4,41815843536898
1181,26545,19,0,5,41824433471490
1182,26545,19,0,6,41833023406082
1183,26545,19,0,7,41841613340674
1184,26545,20,0,0,43980507054082
1185,26545,20,0,1,43989096988674
1186,26545,20,0,2,43997686923266
1187,26545,20,0,3,44006276857858
1188,26545,20,0,4,44014866792450
1189,26545,20,0,5,44023456727042
1190,26545,20,0,6,44032046661634
1191,26545,20,0,7,44040636596226
1192,26545,21,0,0,46179530309634
1193,26545,21,0,1,46188120244226
1194,26545,21,0,2,46196710178818
1195,26545,21,0,3,46205300113410
1196,26545,21,0,4,46213890048002
1197,26545,21,0,5,46222479982594
1198,26545,21,0,6,46231069917186
1199,26545,21,0,7,46239659851778
1200,26545,22,0,0,48378553565186
1201,26545,22,0,1,48387143499778
1202,26545,22,0,2,48395733434370
1203,26545,22,0,3,48404323368962
1204,26545,22,0,4,48412913303554
1205,26545,22,0,5,48421503238146
1206,26545,22,0,6,48430093172738
1207,26545,22,0,7,48438683107330
1208,26545,23,0,0,50577576820738
1209,26545,23,0,1,50586166755330
1210,26545,23,0,2,50594756689922
1211,26545,23,0,3,50603346624514
1212,26545,23,0,4,50611936559106
1213,26545,23,0,5,50620526493698
1214,26545,23,0,6,50629116428290
1215,26545,23,0,7,50637706362882
1216,26545,24,0,0,52776600076290
1217,26545,24,0,1,52785190010882
1218,26545,24,0,2,52793779945474
1219,26545,24,0,3,52802369880066
1220,26545,24,0,4,52810959814658
1221,26545,24,0,5,52819549749250
1222,26545,24,0,6,52828139683842
1223,26545,24,0,7,52836729618434
1224,26545,25,0,0,54975623331842
1225,26545,25,0,1,54984213266434
1226,26545,25,0,2,54992803201026
1227,26545,25,0,3,55001393135618
1228,26545,25,0,4,55009983070210
1229,26545,25,0,5,55018573004802
1230,26545,25,0,6,55027162939394
1231,26545,25,0,7,55035752873986
1232,26545,26,0,0,57174646587394
1233,26545,26,0,1,57183236521986
1234,26545,26,0,2,57191826456578
1235,26545,26,0,3,57200416391170
1236,26545,26,0,4,57209006325762
1237,26545,26,0,5,57217596260354
1238,26545,26,0,6,57226186194946
1239,26545,26,0,7,57234776129538
1240,26545,27,0,0,59373669842946
1241,26545,27,0,1,59382259777538
1242,26545,27,0,2,59390849712130
1243,26545,27,0,3,59399439646722
1244,26545,27,0,4,59408029581314
1245,26545,27,0,5,59416619515906
1246,26545,27,0,6,59425209450498
1247,26545,27,0,7,59433799385090
1248,26545,28,0,0,61572693098498
1249,26545,28,0,1,61581283033090
1250,26545,28,0,2,61589872967682
1251,26545,28,0,3,61598462902274
1252,26545,28,0,4,61607052836866
1253,26545,28,0,5,61615642771458
1254,26545,28,0,6,61624232706050
1255,26545,28,0,7,61632822640642
1256,26545,29,0,0,63771716354050
1257,26545,29,0,1,63780306288642
1258,26545,29,0,2,63788896223234
1259,26545,29,0,3,63797486157826
1260,26545,29,0,4,63806076092418
1261,26545,29,0,5,63814666027010
1262,26545,29,0,6,63823255961602
1263,26545,29,0,7,63831845896194
1264,26545,30,0,0,65970739609602
1265,26545,30,0,1,65979329544194
1266,26545,30,0,2,65987919478786
1267,26545,30,0,3,65996509413378
1268,26545,30,0,4,66005099347970
1269,26545,30,0,5,66013689282562
1270,26545,30,0,6,66022279217154
1271,26545,30,0,7,66030869151746
1272,26545,31,0,0,68169762865154
1273,26545,31,0,1,68178352799746
1274,26545,31,0,2,68186942734338
1275,26545,31,0,3,68195532668930
1276,26545,31,0,4,68204122603522
1277,26545,31,0,5,68212712538114
1278,26545,31,0,6,68221302472706
1279,26545,31,0,7,68229892407298
1280,26545,32,0,0,70368786120706
1281,26545,32,0,1,70377376055298
1282,26545,32,0,2,70385965989890
1283,26545,32,0,3,70394555924482
1284,26545,32,0,4,70403145859074
1285,26545,32,0,5,70411735793666
1286,26545,32,0,6,70420325728258
1287,26545,32,0,7,70428915662850
1288,26545,33,0,0,72567809376258
1289,26545,33,0,1,72576399310850
1290,26545,33,0,2,72584989245442
1291,26545,33,0,3,72593579180034
1292,26545,33,0,4,72602169114626
1293,26545,33,0,5,72610759049218
1294,26545,33,0,6,72619348983810
1295,26545,33,0,7,72627938918402
1296,26545,34,0,0,74766832631810
1297,26545,34,0,1,74775422566402
1298,26545,34,0,2,74784012500994
1299,26545,34,0,3,74792602435586
1300,26545,34,0,4,74801192370178
1301,26545,34,0,5,74809782304770
1302,26545,34,0,6,74818372239362
1303,26545,34,0,7,74826962173954
1304,26545,35,0,0,76965855887362
1305,26545,35,0,1,76974445821954
1306,26545,35,0,2,76983035756546
1307,26545,35,0,3,76991625691138
1308,26545,35,0,4,77000215625730
1309,26545,35,0,5,77008805560322
1310,26545,35,0,6,77017395494914
1311,26545,35,0,7,77025985429506
1312,26545,36,0,0,79164879142914
1313,26545,36,0,1,79173469077506
1314,26545,36,0,2,79182059012098
1315,26545,36,0,3,79190648946690
1316,26545,36,0,4,79199238881282
1317,26545,36,0,5,79207828815874
1318,26545,36,0,6,79216418750466
1319,26545,36,0,7,79225008685058
1320,26545,37,0,0,81363902398466
1321,26545,37,0,1,81372492333058
1322,26545,37,0,2,81381082267650
1323,26545,37,0,3,81389672202242
1324,26545,37,0,4,81398262136834
1325,26545,37,0,5,81406852071426
1326,26545,37,0,6,81415442006018
1327,26545,37,0,7,81424031940610
1328,26545,38,0,0,83562925654018
1329,26545,38,0,1,83571515588610
1330,26545,38,0,2,83580105523202
1331,26545,38,0,3,83588695457794
1332,26545,38,0,4,83597285392386
1333,26545,38,0,5,83605875326978
1334,26545,38,0,6,83614465261570
1335,26545,38,0,7,83623055196162
1336,26545,39,0,0,85761948909570
1337,26545,39,0,1,85770538844162
1338,26545,39,0,2,85779128778754
1339,26545,39,0,3,85787718713346
1340,26545,39,0,4,85796308647938
1341,26545,39,0,5,85804898582530
1342,26545,39,0,6,85813488517122
1343,26545,39,0,7,85822078451714
1344,26545,40,0,0,87960972165122
1345,26545,40,0,1,87969562099714
1346,26545,40,0,2,87978152034306
1347,26545,40,0,3,87986741968898
1348,26545,40,0,4,87995331903490
1349,26545,40,0,5,88003921838082
1350,26545,40,0,6,88012511772674
1351,26545,40,0,7,88021101707266
1352,26545,41,0,0,90159995420674
1353,26545,41,0,1,90168585355266
1354,26545,41,0,2,90177175289858
1355,26545,41,0,3,90185765224450
1356,26545,41,0,4,90194355159042
1357,26545,41,0,5,90202945093634
1358,26545,41,0,6,90211535028226
1359,26545,41,0,7,90220124962818
1360,26545,42,0,0,92359018676226
1361,26545,42,0,1,92367608610818
1362,26545,42,0,2,92376198545410
1363,26545,42,0,3,92384788480002
1364,26545,42,0,4,92393378414594
1365,26545,42,0,5,92401968349186
1366,26545,42,0,6,92410558283778
1367,26545,42,0,7,92419148218370
1368,26545,43,0,0,94558041931778
1369,26545,43,0,1,94566631866370
1370,26545,43,0,2,94575221800962
1371,26545,43,0,3,94583811735554
1372,26545,43,0,4,94592401670146
1373,26545,43,0,5,94600991604738
1374,26545,43,0,6,94609581539330
1375,26545,43,0,7,94618171473922
1376,26545,44,0,0,96757065187330
1377,26545,44,0,1,96765655121922
1378,26545,44,0,2,96774245056514
1379,26545,44,0,3,96782834991106
1380,26545,44,0,4,96791424925698
1381,26545,44,0,5,96800014860290
1382,26545,44,0,6,96808604794882
1383,26545,44,0,7,96817194729474
1384,26545,45,0,0,98956088442882
1385,26545,45,0,1,98964678377474
1386,26545,45,0,2,98973268312066
1387,26545,45,0,3,98981858246658
1388,26545,45,0,4,98990448181250
1389,26545,45,0,5,98999038115842
1390,26545,45,0,6,99007628050434
1391,26545,45,0,7,99016217985026
1392,26545,46,0,0,101155111698434
1393,26545,46,0,1,101163701633026
1394,26545,46,0,2,101172291567618
1395,26545,46,0,3,101180881502210
1396,26545,46,0,4,101189471436802
1397,26545,46,0,5,101198061371394
1398,26545,46,0,6,101206651305986
1399,26545,46,0,7,101215241240578
1400,26545,47,0,0,103354134953986
1401,26545,47,0,1,103362724888578
1402,26545,47,0,2,103371314823170
1403,26545,47,0,3,103379904757762
1404,26545,47,0,4,103388494692354
1405,26545,47,0,5,103397084626946
1406,26545,47,0,6,103405674561538
1407,26545,47,0,7,103414264496130
1408,26545,48,0,0,105553158209538
1409,26545,48,0,1,105561748144130
1410,26545,48,0,2,105570338078722
1411,26545,48,0,3,105578928013314
1412,26545,48,0,4,105587517947906
1413,26545,48,0,5,105596107882498
1414,26545,48,0,6,105604697817090
1415,26545,48,0,7,105613287751682
1416,26545,49,0,0,107752181465090
1417,26545,49,0,1,107760771399682
1418,26545,49,0,2,107769361334274
1419,26545,49,0,3,107777951268866
1420,26545,49,0,4,107786541203458
1421,26545,49,0,5,107795131138050
1422,26545,49,0,6,107803721072642
1423,26545,49,0,7,107812311007234
1424,26545,50,0,0,109951204720642
1425,26545,50,0,1,109959794655234
1426,26545,50,0,2,109968384589826
1427,26545,50,0,3,109976974524418
1428,26545,50,0,4,109985564459010
1429,26545,50,0,5,109994154393602
1430,26545,50,0,6,110002744328194
1431,26545,50,0,7,110011334262786
1432,26545,51,0,0,112150227976194
1433,26545,51,0,1,112158817910786
1434,26545,51,0,2,112167407845378
1435,26545,51,0,3,112175997779970
1436,26545,51,0,4,112184587714562
1437,26545,51,0,5,112193177649154
1438,26545,51,0,6,112201767583746
1439,26545,51,0,7,112210357518338
1440,26545,52,0,0,114349251231746
1441,26545,52,0,1,114357841166338
1442,26545,52,0,2,114366431100930
1443,26545,52,0,3,114375021035522
1444,26545,52,0,4,114383610970114
1445,26545,52,0,5,114392200904706
1446,26545,52,0,6,114400790839298
1447,26545,52,0,7,114409380773890
1448,26545,53,0,0,116548274487298
1449,26545,53,0,1,116556864421890
1450,26545,53,0,2,116565454356482
1451,26545,53,0,3,116574044291074
1452,26545,53,0,4,116582634225666
1453,26545,53,0,5,116591224160258
1454,26545,53,0,6,116599814094850
1455,26545,53,0,7,116608404029442
1456,26545,54,0,0,118747297742850
1457,26545,54,0,1,118755887677442
1458,26545,54,0,2,118764477612034
1459,26545,54,0,3,118773067546626
1460,26545,54,0,4,118781657481218
1461,26545,54,0,5,118790247415810
1462,26545,54,0,6,118798837350402
1463,26545,54,0,7,118807427284994
1464,26545,55,0,0,120946320998402
1465,26545,55,0,1,120954910932994
1466,26545,55,0,2,120963500867586
1467,26545,55,0,3,120972090802178
1468,26545,55,0,4,120980680736770
1469,26545,55,0,5,120989270671362
1470,26545,55,0,6,120997860605954
1471,26545,55,0,7,121006450540546
1472,26545,56,0,0,123145344253954
1473,26545,56,0,1,123153934188546
1474,26545,56,0,2,123162524123138
1475,26545,56,0,3,123171114057730
1476,26545,56,0,4,123179703992322
1477,26545,56,0,5,123188293926914
1478,26545,56,0,6,123196883861506
1479,26545,56,0,7,123205473796098
1480,26545,57,0,0,125344367509506
1481,26545,57,0,1,125352957444098
1482,26545,57,0,2,125361547378690
1483,26545,57,0,3,125370137313282
1484,26545,57,0,4,125378727247874
1485,26545,57,0,5,125387317182466
1486,26545,57,0,6,125395907117058
1487,26545,57,0,7,125404497051650
1488,26545,58,0,0,127543390765058
1489,26545,58,0,1,127551980699650
1490,26545,58,0,2,127560570634242
1491,26545,58,0,3,127569160568834
1492,26545,58,0,4,127577750503426
1493,26545,58,0,5,127586340438018
1494,26545,58,0,6,127594930372610
1495,26545,58,0,7,127603520307202
1496,26545,59,0,0,129742414020610
1497,26545,59,0,1,129751003955202
1498,26545,59,0,2,129759593889794
1499,26545,59,0,3,129768183824386
1500,26545,59,0,4,129776773758978
1501,26545,59,0,5,129785363693570
1502,26545,59,0,6,129793953628162
1503,26545,59,0,7,129802543562754
1504,26545,60,0,0,131941437276162
1505,26545,60,0,1,131950027210754
1506,26545,60,0,2,131958617145346
1507,26545,60,0,3,131967207079938
1508,26545,60,0,4,131975797014530
1509,26545,60,0,5,131984386949122
1510,26545,60,0,6,131992976883714
1511,26545,60,0,7,132001566818306
1512,26545,61,0,0,134140460531714
1513,26545,61,0,1,134149050466306
1514,26545,61,0,2,134157640400898
1515,26545,61,0,3,134166230335490
1516,26545,61,0,4,134174820270082
1517,26545,61,0,5,134183410204674
1518,26545,61,0,6,134192000139266
1519,26545,61,0,7,134200590073858
1520,26545,62,0,0,136339483787266
1521,26545,62,0,1,136348073721858
1522,26545,62,0,2,136356663656450
1523,26545,62,0,3,136365253591042
1524,26545,62,0,4,136373843525634
1525,26545,62,0,5,136382433460226
1526,26545,62,0,6,136391023394818
1527,26545,62,0,7,136399613329410
1528,26545,63,0,0,138538507042818
1529,26545,63,0,1,138547096977410
1530,26545,63,0,2,138555686912002
1531,26545,63,0,3,138564276846594
1532,26545,63,0,4,138572866781186
1533,26545,63,0,5,138581456715778
1534,26545,63,0,6,138590046650370
1535,26545,63,0,7,138598636584962
1536,26547,0,0,0,41943043
1537,26547,0,0,1,8631877635
1538,26547,0,0,2,17221812227
1539,26547,0,0,3,25811746819
1540,26547,0,0,4,34401681411
1541,26547,0,0,5,42991616003
1542,26547,0,0,6,51581550595
1543,26547,0,0,7,60171485187
1544,26547,1,0,0,2199065198595
1545,26547,1,0,1,2207655133187
1546,26547,1,0,2,2216245067779
1547,26547,1,0,3,2224835002371
1548,26547,1,0,4,2233424936963
1549,26547,1,0,5,2242014871555
1550,26547,1,0,6,2250604806147
1551,26547,1,0,7,2259194740739
1552,26547,2,0,0,4398088454147
1553,26547,2,0,1,4406678388739
1554,26547,2,0,2,4415268323331
1555,26547,2,0,3,4423858257923
1556,26547,2,0,4,4432448192515
1557,26547,2,0,5,4441038127107
1558,26547,2,0,6,4449628061699
1559,26547,2,0,7,4458217996291
1560,26547,3,0,0,6597111709699
1561,26547,3,0,1,6605701644291
1562,26547,3,0,2,6614291578883
1563,26547,3,0,3,6622881513475
1564,26547,3,0,4,6631471448067
1565,26547,3,0,5,6640061382659
1566,26547,3,0,6,6648651317251
1567,26547,3,0,7,6657241251843
1568,26547,4,0,0,8796134965251
1569,26547,4,0,1,8804724899843
1570,26547,4,0,2,8813314834435
1571,26547,4,0,3,8821904769027
1572,26547,4,0,4,8830494703619
1573,26547,4,0,5,8839084638211
1574,26547,4,0,6,8847674572803
1575,26547,4,0,7,8856264507395
1576,26547,5,0,0,10995158220803
1577,26547,5,0,1,11003748155395
1578,26547,5,0,2,11012338089987
1579,26547,5,0,3,11020928024579
1580,26547,5,0,4,11029517959171
1581,26547,5,0,5,11038107893763
1582,26547,5,0,6,11046697828355
1583,26547,5,0,7,11055287762947
1584,26547,6,0,0,13194181476355
1585,26547,6,0,1,13202771410947
1586,26547,6,0,2,13211361345539
1587,26547,6,0,3,13219951280131
1588,26547,6,0,4,13228541214723
1589,26547,6,0,5,13237131149315
1590,26547,6,0,6,13245721083907
1591,26547,6,0,7,13254311018499
1592,26547,7,0,0,15393204731907
1593,26547,7,0,1,15401794666499
1594,26547,7,0,2,15410384601091
1595,26547,7,0,3,15418974535683
1596,26547,7,0,4,15427564470275
1597,26547,7,0,5,15436154404867
1598,26547,7,0,6,15444744339459
1599,26547,7,0,7,15453334274051
1600,26547,8,0,0,17592227987459
1601,26547,8,0,1,17600817922051
1602,26547,8,0,2,17609407856643
1603,26547,8,0,3,17617997791235
1604,26547,8,0,4,17626587725827
1605,26547,8,0,5,17635177660419
1606,26547,8,0,6,17643767595011
1607,26547,8,0,7,17652357529603
1608,26547,9,0,0,19791251243011
1609,26547,9,0,1,19799841177603
1610,26547,9,0,2,19808431112195
1611,26547,9,0,3,19817021046787
1612,26547,9,0,4,19825610981379
1613,26547,9,0,5,19834200915971
1614,26547,9,0,6,19842790850563
1615,26547,9,0,7,19851380785155
1616,26547,10,0,0,21990274498563
1617,26547,10,0,1,21998864433155
1618,26547,10,0,2,22007454367747
1619,26547,10,0,3,22016044302339
1620,26547,10,0,4,22024634236931
1621,26547,10,0,5,22033224171523
1622,26547,10,0,6,22041814106115
1623,26547,10,0,7,22050404040707
1624,26547,11,0,0,24189297754115
1625,26547,11,0,1,24197887688707
1626,26547,11,0,2,24206477623299
1627,26547,11,0,3,24215067557891
1628,26547,11,0,4,24223657492483
1629,26547,11,0,5,24232247427075
1630,26547,11,0,6,24240837361667
1631,26547,11,0,7,24249427296259
1632,26547,12,0,0,26388321009667
1633,26547,12,0,1,26396910944259
1634,26547,12,0,2,26405500878851
1635,26547,12,0,3,26414090813443
1636,26547,12,0,4,26422680748035
1637,26547,12,0,5,26431270682627
1638,26547,12,0,6,26439860617219
1639,26547,12,0,7,26448450551811
1640,26547,13,0,0,28587344265219
1641,26547,13,0,1,28595934199811
1642,26547,13,0,2,28604524134403
1643,26547,13,0,3,28613114068995
1644,26547,13,0,4,28621704003587
1645,26547,13,0,5,28630293938179
1646,26547,13,0,6,28638883872771
1647,26547,13,0,7,28647473807363
1648,26547,14,0,0,30786367520771
1649,26547,14,0,1,30794957455363
1650,26547,14,0,2,30803547389955
1651,26547,14,0,3,30812137324547
1652,26547,14,0,4,30820727259139
1653,26547,14,0,5,30829317193731
1654,26547,14,0,6,30837907128323
1655,26547,14,0,7,30846497062915
1656,26547,15,0,0,32985390776323
1657,26547,15,0,1,32993980710915
1658,26547,15,0,2,33002570645507
1659,26547,15,0,3,33011160580099
1660,26547,15,0,4,33019750514691
1661,26547,15,0,5,33028340449283
1662,26547,15,0,6,33036930383875
1663,26547,15,0,7,33045520318467
1664,26547,16,0,0,35184414031875
1665,26547,16,0,1,35193003966467
1666,26547,16,0,2,35201593901059
1667,26547,16,0,3,35210183835651
1668,26547,16,0,4,35218773770243
1669,26547,16,0,5,35227363704835
1670,26547,16,0,6,35235953639427
1671,26547,16,0,7,35244543574019
1672,26547,17,0,0,37383437287427
1673,26547,17,0,1,37392027222019
1674,26547,17,0,2,37400617156611
1675,26547,17,0,3,37409207091203
1676,26547,17,0,4,37417797025795
1677,26547,17,0,5,37426386960387
1678,26547,17,0,6,37434976894979
1679,26547,17,0,7,37443566829571
1680,26547,18,0,0,39582460542979
1681,26547,18,0,1,39591050477571
1682,26547,18,0,2,39599640412163
1683,26547,18,0,3,39608230346755
1684,26547,18,0,4,39616820281347
1685,26547,18,0,5,39625410215939
1686,26547,18,0,6,39634000150531
1687,26547,18,0,7,39642590085123
1688,26547,19,0,0,41781483798531
1689,26547,19,0,1,41790073733123
1690,26547,19,0,2,41798663667715
1691,26547,19,0,3,41807253602307
1692,26547,19,0,4,41815843536899
1693,26547,19,0,5,41824433471491
1694,26547,19,0,6,41833023406083
1695,26547,19,0,7,41841613340675
1696,26547,20,0,0,43980507054083
1697,26547,20,0,1,43989096988675
1698,26547,20,0,2,43997686923267
1699,26547,20,0,3,44006276857859
1700,26547,20,0,4,44014866792451
1701,26547,20,0,5,44023456727043
1702,26547,20,0,6,44032046661635
1703,26547,20,0,7,44040636596227
1704,26547,21,0,0,46179530309635
1705,26547,21,0,1,46188120244227
1706,26547,21,0,2,46196710178819
1707,26547,21,0,3,46205300113411
1708,26547,21,0,4,46213890048003
1709,26547,21,0,5,46222479982595
1710,26547,21,0,6,46231069917187
1711,26547,21,0,7,46239659851779
1712,26547,22,0,0,48378553565187
1713,26547,22,0,1,48387143499779
1714,26547,22,0,2,48395733434371
1715,26547,22,0,3,48404323368963
1716,26547,22,0,4,48412913303555
1717,26547,22,0,5,48421503238147
1718,26547,22,0,6,48430093172739
1719,26547,22,0,7,48438683107331
1720,26547,23,0,0,50577576820739
1721,26547,23,0,1,50586166755331
1722,26547,23,0,2,50594756689923
1723,26547,23,0,3,50603346624515
1724,26547,23,0,4,50611936559107
1725,26547,23,0,5,50620526493699
1726,26547,23,0,6,50629116428291
1727,26547,23,0,7,50637706362883
1728,26547,24,0,0,52776600076291
1729,26547,24,0,1,52785190010883
1730,26547,24,0,2,52793779945475
1731,26547,24,0,3,52802369880067
1732,26547,24,0,4,52810959814659
1733,26547,24,0,5,52819549749251
1734,26547,24,0,6,52828139683843
1735,26547,24,0,7,52836729618435
1736,26547,25,0,0,54975623331843
1737,26547,25,0,1,54984213266435
1738,26547,25,0,2,54992803201027
1739,26547,25,0,3,55001393135619
1740,26547,25,0,4,55009983070211
1741,26547,25,0,5,55018573004803
1742,26547,25,0,6,55027162939395
1743,26547,25,0,7,55035752873987
1744,26547,26,0,0,57174646587395
1745,26547,26,0,1,57183236521987
1746,26547,26,0,2,57191826456579
1747,26547,26,0,3,57200416391171
1748,26547,26,0,4,57209006325763
1749,26547,26,0,5,57217596260355
1750,26547,26,0,6,57226186194947
1751,26547,26,0,7,57234776129539
1752,26547,27,0,0,59373669842947
1753,26547,27,0,1,59382259777539
1754,26547,27,0,2,59390849712131
1755,26547,27,0,3,59399439646723
1756,26547,27,0,4,59408029581315
1757,26547,27,0,5,59416619515907
1758,26547,27,0,6,59425209450499
1759,26547,27,0,7,59433799385091
1760,26547,28,0,0,61572693098499
1761,26547,28,0,1,61581283033091
1762,26547,28,0,2,61589872967683
1763,26547,28,0,3,61598462902275
1764,26547,28,0,4,61607052836867
1765,26547,28,0,5,61615642771459
1766,26547,28,0,6,61624232706051
1767,26547,28,0,7,61632822640643
1768,26547,29,0,0,63771716354051
1769,26547,29,0,1,63780306288643
1770,26547,29,0,2,63788896223235
1771,26547,29,0,3,63797486157827
1772,26547,29,0,4,63806076092419
1773,26547,29,0,5,63814666027011
1774,26547,29,0,6,63823255961603
1775,26547,29,0,7,63831845896195
1776,26547,30,0,0,65970739609603
1777,26547,30,0,1,65979329544195
1778,26547,30,0,2,65987919478787
1779,26547,30,0,3,65996509413379
1780,26547,30,0,4,66005099347971
1781,26547,30,0,5,66013689282563
1782,26547,30,0,6,66022279217155
1783,26547,30,0,7,66030869151747
1784,26547,31,0,0,68169762865155
1785,26547,31,0,1,68178352799747
1786,26547,31,0,2,68186942734339
1787,26547,31,0,3,68195532668931
1788,26547,31,0,4,68204122603523
1789,26547,31,0,5,68212712538115
1790,26547,31,0,6,68221302472707
1791,26547,31,0,7,68229892407299
1792,26547,32,0,0,70368786120707
1793,26547,32,0,1,70377376055299
1794,26547,32,0,2,70385965989891
1795,26547,32,0,3,70394555924483
1796,26547,32,0,4,70403145859075
1797,26547,32,0,5,70411735793667
1798,26547,32,0,6,70420325728259
1799,26547,32,0,7,70428915662851
1800,26547,33,0,0,72567809376259
1801,26547,33,0,1,72576399310851
1802,26547,33,0,2,72584989245443
1803,26547,33,0,3,72593579180035
1804,26547,33,0,4,72602169114627
1805,26547,33,0,5,72610759049219
1806,26547,33,0,6,72619348983811
1807,26547,33,0,7,72627938918403
1808,26547,34,0,0,74766832631811
1809,26547,34,0,1,74775422566403
1810,26547,34,0,2,74784012500995
1811,26547,34,0,3,74792602435587
1812,26547,34,0,4,74801192370179
1813,26547,34,0,5,74809782304771
1814,26547,34,0,6,74818372239363
1815,26547,34,0,7,74826962173955
1816,26547,35,0,0,76965855887363
1817,26547,35,0,1,76974445821955
1818,26547,35,0,2,76983035756547
1819,26547,35,0,3,76991625691139
1820,26547,35,0,4,77000215625731
1821,26547,35,0,5,77008805560323
1822,26547,35,0,6,77017395494915
1823,26547,35,0,7,77025985429507
1824,26547,36,0,0,79164879142915
1825,26547,36,0,1,79173469077507
1826,26547,36,0,2,79182059012099
1827,26547,36,0,3,79190648946691
1828,26547,36,0,4,79199238881283
1829,26547,36,0,5,79207828815875
1830,26547,36,0,6,79216418750467
1831,26547,36,0,7,79225008685059
1832,26547,37,0,0,81363902398467
1833,26547,37,0,1,81372492333059
1834,26547,37,0,2,81381082267651
1835,26547,37,0,3,81389672202243
1836,26547,37,0,4,81398262136835
1837,26547,37,0,5,81406852071427
1838,26547,37,0,6,81415442006019
1839,26547,37,0,7,81424031940611
1840,26547,38,0,0,83562925654019
1841,26547,38,0,1,83571515588611
1842,26547,38,0,2,83580105523203
1843,26547,38,0,3,83588695457795
1844,26547,38,0,4,83597285392387
1845,26547,38,0,5,83605875326979
1846,26547,38,0,6,83614465261571
1847,26547,38,0,7,83623055196163
1848,26547,39,0,0,85761948909571
1849,26547,39,0,1,85770538844163
1850,26547,39,0,2,85779128778755
1851,26547,39,0,3,85787718713347
1852,26547,39,0,4,85796308647939
1853,26547,39,0,5,85804898582531
1854,26547,39,0,6,85813488517123
1855,26547,39,0,7,85822078451715
1856,26547,40,0,0,87960972165123
1857,26547,40,0,1,87969562099715
1858,26547,40,0,2,87978152034307
1859,26547,40,0,3,87986741968899
1860,26547,40,0,4,87995331903491
1861,26547,40,0,5,88003921838083
1862,26547,40,0,6,88012511772675
1863,26547,40,0,7,88021101707267
1864,26547,41,0,0,90159995420675
1865,26547,41,0,1,90168585355267
1866,26547,41,0,2,90177175289859
1867,26547,41,0,3,90185765224451
1868,26547,41,0,4,90194355159043
1869,26547,41,0,5,90202945093635
1870,26547,41,0,6,90211535028227
1871,26547,41,0,7,90220124962819
1872,26547,42,0,0,92359018676227
1873,26547,42,0,1,92367608610819
1874,26547,42,0,2,92376198545411
1875,26547,42,0,3,92384788480003
1876,26547,42,0,4,92393378414595
1877,26547,42,0,5,92401968349187
1878,26547,42,0,6,92410558283779
1879,26547,42,0,7,92419148218371
1880,26547,43,0,0,94558041931779
1881,26547,43,0,1,94566631866371
1882,26547,43,0,2,94575221800963
1883,26547,43,0,3,94583811735555
1884,26547,43,0,4,94592401670147
1885,26547,43,0,5,94600991604739
1886,26547,43,0,6,94609581539331
1887,26547,43,0,7,94618171473923
1888,26547,44,0,0,96757065187331
1889,26547,44,0,1,96765655121923
1890,26547,44,0,2,96774245056515
1891,26547,44,0,3,96782834991107
1892,26547,44,0,4,96791424925699
1893,26547,44,0,5,96800014860291
1894,26547,44,0,6,96808604794883
1895,26547,44,0,7,96817194729475
1896,26547,45,0,0,98956088442883
1897,26547,45,0,1,98964678377475
1898,26547,45,0,2,98973268312067
1899,26547,45,0,3,98981858246659
1900,26547,45,0,4,98990448181251
1901,26547,45,0,5,98999038115843
1902,26547,45,0,6,99007628050435
1903,26547,45,0,7,99016217985027
1904,26547,46,0,0,101155111698435
1905,26547,46,0,1,101163701633027
1906,26547,46,0,2,101172291567619
1907,26547,46,0,3,101180881502211
1908,26547,46,0,4,101189471436803
1909,26547,46,0,5,101198061371395
1910,26547,46,0,6,101206651305987
1911,26547,46,0,7,101215241240579
1912,26547,47,0,0,103354134953987
1913,26547,47,0,1,103362724888579
1914,26547,47,0,2,103371314823171
1915,26547,47,0,3,103379904757763
1916,26547,47,0,4,103388494692355
1917,26547,47,0,5,103397084626947
1918,26547,47,0,6,103405674561539
1919,26547,47,0,7,103414264496131
1920,26547,48,0,0,105553158209539
1921,26547,48,0,1,105561748144131
1922,26547,48,0,2,105570338078723
1923,26547,48,0,3,105578928013315
1924,26547,48,0,4,105587517947907
1925,26547,48,0,5,105596107882499
1926,26547,48,0,6,105604697817091
1927,26547,48,0,7,105613287751683
1928,26547,49,0,0,107752181465091
1929,26547,49,0,1,107760771399683
1930,26547,49,0,2,107769361334275
1931,26547,49,0,3,107777951268867
1932,26547,49,0,4,107786541203459
1933,26547,49,0,5,107795131138051
1934,26547,49,0,6,107803721072643
1935,26547,49,0,7,107812311007235
1936,26547,50,0,0,109951204720643
1937,26547,50,0,1,109959794655235
1938,26547,50,0,2,109968384589827
1939,26547,50,0,3,109976974524419
1940,26547,50,0,4,109985564459011
1941,26547,50,0,5,109994154393603
1942,26547,50,0,6,110002744328195
1943,26547,50,0,7,110011334262787
1944,26547,51,0,0,112150227976195
1945,26547,51,0,1,112158817910787
1946,26547,51,0,2,112167407845379
1947,26547,51,0,3,112175997779971
1948,26547,51,0,4,112184587714563
1949,26547,51,0,5,112193177649155
1950,26547,51,0,6,112201767583747
1951,26547,51,0,7,112210357518339
1952,26547,52,0,0,114349251231747
1953,26547,52,0,1,114357841166339
1954,26547,52,0,2,114366431100931
1955,26547,52,0,3,114375021035523
1956,26547,52,0,4,114383610970115
1957,26547,52,0,5,114392200904707
1958,26547,52,0,6,114400790839299
1959,26547,52,0,7,114409380773891
1960,26547,53,0,0,116548274487299
1961,26547,53,0,1,116556864421891
1962,26547,53,0,2,116565454356483
1963,26547,53,0,3,116574044291075
1964,26547,53,0,4,116582634225667
1965,26547,53,0,5,116591224160259
1966,26547,53,0,6,116599814094851
1967,26547,53,0,7,116608404029443
1968,26547,54,0,0,118747297742851
1969,26547,54,0,1,118755887677443
1970,26547,54,0,2,118764477612035
1971,26547,54,0,3,118773067546627
1972,26547,54,0,4,118781657481219
1973,26547,54,0,5,118790247415811
1974,26547,54,0,6,118798837350403
1975,26547,54,0,7,118807427284995
1976,26547,55,0,0,120946320998403
1977,26547,55,0,1,120954910932995
1978,26547,55,0,2,120963500867587
1979,26547,55,0,3,120972090802179
1980,26547,55,0,4,120980680736771
1981,26547,55,0,5,120989270671363
1982,26547,55,0,6,120997860605955
1983,26547,55,0,7,121006450540547
1984,26547,56,0,0,123145344253955
1985,26547,56,0,1,123153934188547
1986,26547,56,0,2,123162524123139
1987,26547,56,0,3,123171114057731
1988,26547,56,0,4,123179703992323
1989,26547,56,0,5,123188293926915
1990,26547,56,0,6,123196883861507
1991,26547,56,0,7,123205473796099
1992,26547,57,0,0,125344367509507
1993,26547,57,0,1,125352957444099
1994,26547,57,0,2,125361547378691
1995,26547,57,0,3,125370137313283
1996,26547,57,0,4,125378727247875
1997,26547,57,0,5,125387317182467
1998,26547,57,0,6,125395907117059
1999,26547,57,0,7,125404497051651
2000,26547,58,0,0,127543390765059
2001,26547,58,0,1,127551980699651
2002,26547,58,0,2,127560570634243
2003,26547,58,0,3,127569160568835
2004,26547,58,0,4,127577750503427
2005,26547,58,0,5,127586340438019
2006,26547,58,0,6,127594930372611
2007,26547,58,0,7,127603520307203
2008,26547,59,0,0,129742414020611
2009,26547,59,0,1,129751003955203
2010,26547,59,0,2,129759593889795
2011,26547,59,0,3,129768183824387
2012,26547,59,0,4,129776773758979
2013,26547,59,0,5,129785363693571
2014,26547,59,0,6,129793953628163
2015,26547,59,0,7,129802543562755
2016,26547,60,0,0,131941437276163
2017,26547,60,0,1,131950027210755
2018,26547,60,0,2,131958617145347
2019,26547,60,0,3,131967207079939
2020,26547,60,0,4,131975797014531
2021,26547,60,0,5,131984386949123
2022,26547,60,0,6,131992976883715
2023,26547,60,0,7,132001566818307
2024,26547,61,0,0,134140460531715
2025,26547,61,0,1,134149050466307
2026,26547,61,0,2,134157640400899
2027,26547,61,0,3,134166230335491
2028,26547,61,0,4,134174820270083
2029,26547,61,0,5,134183410204675
2030,26547,61,0,6,134192000139267
2031,26547,61,0,7,134200590073859
2032,26547,62,0,0,136339483787267
2033,26547,62,0,1,136348073721859
2034,26547,62,0,2,136356663656451
2035,26547,62,0,3,136365253591043
2036,26547,62,0,4,136373843525635
2037,26547,62,0,5,136382433460227
2038,26547,62,0,6,136391023394819
2039,26547,62,0,7,136399613329411
2040,26547,63,0,0,138538507042819
2041,26547,63,0,1,138547096977411
2042,26547,63,0,2,138555686912003
2043,26547,63,0,3,138564276846595
2044,26547,63,0,4,138572866781187
2045,26547,63,0,5,138581456715779
2046,26547,63,0,6,138590046650371
2047,26547,63,0,7,138598636584963
2048,26549,0,0,0,41943044
2049,26549,0,0,1,8631877636
2050,26549,0,0,2,17221812228
2051,26549,0,0,3,25811746820
2052,26549,0,0,4,34401681412
2053,26549,0,0,5,42991616004
2054,26549,0,0,6,51581550596
2055,26549,0,0,7,60171485188
2056,26549,1,0,0,2199065198596
2057,26549,1,0,1,2207655133188
2058,26549,1,0,2,2216245067780
2059,26549,1,0,3,2224835002372
2060,26549,1,0,4,2233424936964
2061,26549,1,0,5,2242014871556
2062,26549,1,0,6,2250604806148
2063,26549,1,0,7,2259194740740
2064,26549,2,0,0,4398088454148
2065,26549,2,0,1,4406678388740
2066,26549,2,0,2,4415268323332
2067,26549,2,0,3,4423858257924
2068,26549,2,0,4,4432448192516
2069,26549,2,0,5,4441038127108
2070,26549,2,0,6,4449628061700
2071,26549,2,0,7,4458217996292
2072,26549,3,0,0,6597111709700
2073,26549,3,0,1,6605701644292
2074,26549,3,0,2,6614291578884
2075,26549,3,0,3,6622881513476
2076,26549,3,0,4,6631471448068
2077,26549,3,0,5,6640061382660
2078,26549,3,0,6,6648651317252
2079,26549,3,0,7,6657241251844
2080,26549,4,0,0,8796134965252
2081,26549,4,0,1,8804724899844
2082,26549,4,0,2,8813314834436
2083,26549,4,0,3,8821904769028
2084,26549,4,0,4,8830494703620
2085,26549,4,0,5,8839084638212
2086,26549,4,0,6,8847674572804
2087,26549,4,0,7,8856264507396
2088,26549,5,0,0,10995158220804
2089,26549,5,0,1,11003748155396
2090,26549,5,0,2,11012338089988
2091,26549,5,0,3,11020928024580
2092,26549,5,0,4,11029517959172
2093,26549,5,0,5,11038107893764
2094,26549,5,0,6,11046697828356
2095,26549,5,0,7,11055287762948
2096,26549,6,0,0,13194181476356
2097,26549,6,0,1,13202771410948
2098,26549,6,0,2,13211361345540
2099,26549,6,0,3,13219951280132
2100,26549,6,0,4,13228541214724
2101,26549,6,0,5,13237131149316
2102,26549,6,0,6,13245721083908
2103,26549,6,0,7,13254311018500
2104,26549,7,0,0,15393204731908
2105,26549,7,0,1,15401794666500
2106,26549,7,0,2,15410384601092
2107,26549,7,0,3,15418974535684
2108,26549,7,0,4,15427564470276
2109,26549,7,0,5,15436154404868
2110,26549,7,0,6,15444744339460
2111,26549,7,0,7,15453334274052
2112,26549,8,0,0,17592227987460
2113,26549,8,0,1,17600817922052
2114,26549,8,0,2,17609407856644
2115,26549,8,0,3,17617997791236
2116,26549,8,0,4,17626587725828
2117,26549,8,0,5,17635177660420
2118,26549,8,0,6,17643767595012
2119,26549,8,0,7,17652357529604
2120,26549,9,0,0,19791251243012
2121,26549,9,0,1,19799841177604
2122,26549,9,0,2,19808431112196
2123,26549,9,0,3,19817021046788
2124,26549,9,0,4,19825610981380
2125,26549,9,0,5,19834200915972
2126,26549,9,0,6,19842790850564
2127,26549,9,0,7,19851380785156
2128,26549,10,0,0,21990274498564
2129,26549,10,0,1,21998864433156
2130,26549,10,0,2,22007454367748
2131,26549,10,0,3,22016044302340
2132,26549,10,0,4,22024634236932
2133,26549,10,0,5,22033224171524
2134,26549,10,0,6,22041814106116
2135,26549,10,0,7,22050404040708
2136,26549,11,0,0,24189297754116
2137,26549,11,0,1,24197887688708
2138,26549,11,0,2,24206477623300
2139,26549,11,0,3,24215067557892
2140,26549,11,0,4,24223657492484
2141,26549,11,0,5,24232247427076
2142,26549,11,0,6,24240837361668
2143,26549,11,0,7,24249427296260
2144,26549,12,0,0,26388321009668
2145,26549,12,0,1,26396910944260
2146,26549,12,0,2,26405500878852
2147,26549,12,0,3,26414090813444
2148,26549,12,0,4,26422680748036
2149,26549,12,0,5,26431270682628
2150,26549,12,0,6,26439860617220
2151,26549,12,0,7,26448450551812
2152,26549,13,0,0,28587344265220
2153,26549,13,0,1,28595934199812
2154,26549,13,0,2,28604524134404
2155,26549,13,0,3,28613114068996
2156,26549,13,0,4,28621704003588
2157,26549,13,0,5,28630293938180
2158,26549,13,0,6,28638883872772
2159,26549,13,0,7,28647473807364
2160,26549,14,0,0,30786367520772
2161,26549,14,0,1,30794957455364
2162,26549,14,0,2,30803547389956
2163,26549,14,0,3,30812137324548
2164,26549,14,0,4,30820727259140
2165,26549,14,0,5,30829317193732
2166,26549,14,0,6,30837907128324
2167,26549,14,0,7,30846497062916
2168,26549,15,0,0,32985390776324
2169,26549,15,0,1,32993980710916
2170,26549,15,0,2,33002570645508
2171,26549,15,0,3,33011160580100
2172,26549,15,0,4,33019750514692
2173,26549,15,0,5,33028340449284
2174,26549,15,0,6,33036930383876
2175,26549,15,0,7,33045520318468
2176,26549,16,0,0,35184414031876
2177,26549,16,0,1,35193003966468
2178,26549,16,0,2,35201593901060
2179,26549,16,0,3,35210183835652
2180,26549,16,0,4,35218773770244
2181,26549,16,0,5,35227363704836
2182,26549,16,0,6,35235953639428
2183,26549,16,0,7,35244543574020
2184,26549,17,0,0,37383437287428
2185,26549,17,0,1,37392027222020
2186,26549,17,0,2,37400617156612
2187,26549,17,0,3,37409207091204
2188,26549,17,0,4,37417797025796
2189,26549,17,0,5,37426386960388
2190,26549,17,0,6,37434976894980
2191,26549,17,0,7,37443566829572
2192,26549,18,0,0,39582460542980
2193,26549,18,0,1,39591050477572
2194,26549,18,0,2,39599640412164
2195,26549,18,0,3,39608230346756
2196,26549,18,0,4,39616820281348
2197,26549,18,0,5,39625410215940
2198,26549,18,0,6,39634000150532
2199,26549,18,0,7,39642590085124
2200,26549,19,0,0,41781483798532
2201,26549,19,0,1,41790073733124
2202,26549,19,0,2,41798663667716
2203,26549,19,0,3,41807253602308
2204,26549,19,0,4,41815843536900
2205,26549,19,0,5,41824433471492
2206,26549,19,0,6,41833023406084
2207,26549,19,0,7,41841613340676
2208,26549,20,0,0,43980507054084
2209,26549,20,0,1,43989096988676
2210,26549,20,0,2,43997686923268
2211,26549,20,0,3,44006276857860
2212,26549,20,0,4,44014866792452
2213,26549,20,0,5,44023456727044
2214,26549,20,0,6,44032046661636
2215,26549,20,0,7,44040636596228
2216,26549,21,0,0,46179530309636
2217,26549,21,0,1,46188120244228
2218,26549,21,0,2,46196710178820
2219,26549,21,0,3,46205300113412
2220,26549,21,0,4,46213890048004
2221,26549,21,0,5,46222479982596
2222,26549,21,0,6,46231069917188
2223,26549,21,0,7,46239659851780
2224,26549,22,0,0,48378553565188
2225,26549,22,0,1,48387143499780
2226,26549,22,0,2,48395733434372
2227,26549,22,0,3,48404323368964
2228,26549,22,0,4,48412913303556
2229,26549,22,0,5,48421503238148
2230,26549,22,0,6,48430093172740
2231,26549,22,0,7,48438683107332
2232,26549,23,0,0,50577576820740
2233,26549,23,0,1,50586166755332
2234,26549,23,0,2,50594756689924
2235,26549,23,0,3,50603346624516
2236,26549,23,0,4,50611936559108
2237,26549,23,0,5,50620526493700
2238,26549,23,0,6,50629116428292
2239,26549,23,0,7,50637706362884
2240,26549,24,0,0,52776600076292
2241,26549,24,0,1,52785190010884
2242,26549,24,0,2,52793779945476
2243,26549,24,0,3,52802369880068
2244,26549,24,0,4,52810959814660
2245,26549,24,0,5,52819549749252
2246,26549,24,0,6,52828139683844
2247,26549,24,0,7,52836729618436
2248,26549,25,0,0,54975623331844
2249,26549,25,0,1,54984213266436
2250,26549,25,0,2,54992803201028
2251,26549,25,0,3,55001393135620
2252,26549,25,0,4,55009983070212
2253,26549,25,0,5,55018573004804
2254,26549,25,0,6,55027162939396
2255,26549,25,0,7,55035752873988
2256,26549,26,0,0,57174646587396
2257,26549,26,0,1,57183236521988
2258,26549,26,0,2,57191826456580
2259,26549,26,0,3,57200416391172
2260,26549,26,0,4,57209006325764
2261,26549,26,0,5,57217596260356
2262,26549,26,0,6,57226186194948
2263,26549,26,0,7,57234776129540
2264,26549,27,0,0,59373669842948
2265,26549,27,0,1,59382259777540
2266,26549,27,0,2,59390849712132
2267,26549,27,0,3,59399439646724
2268,26549,27,0,4,59408029581316
2269,26549,27,0,5,59416619515908
2270,26549,27,0,6,59425209450500
2271,26549,27,0,7,59433799385092
2272,26549,28,0,0,61572693098500
2273,26549,28,0,1,61581283033092
2274,26549,28,0,2,61589872967684
2275,26549,28,0,3,61598462902276
2276,26549,28,0,4,61607052836868
2277,26549,28,0,5,61615642771460
2278,26549,28,0,6,61624232706052
2279,26549,28,0,7,61632822640644
2280,26549,29,0,0,63771716354052
2281,26549,29,0,1,63780306288644
2282,26549,29,0,2,63788896223236
2283,26549,29,0,3,63797486157828
2284,26549,29,0,4,63806076092420
2285,26549,29,0,5,63814666027012
2286,26549,29,0,6,63823255961604
2287,26549,29,0,7,63831845896196
2288,26549,30,0,0,65970739609604
2289,26549,30,0,1,65979329544196
2290,26549,30,0,2,65987919478788
2291,26549,30,0,3,65996509413380
2292,26549,30,0,4,66005099347972
2293,26549,30,0,5,66013689282564
2294,26549,30,0,6,66022279217156
2295,26549,30,0,7,66030869151748
2296,26549,31,0,0,68169762865156
2297,26549,31,0,1,68178352799748
2298,26549,31,0,2,68186942734340
2299,26549,31,0,3,68195532668932
2300,26549,31,0,4,68204122603524
2301,26549,31,0,5,68212712538116
2302,26549,31,0,6,68221302472708
2303,26549,31,0,7,68229892407300
2304,26549,32,0,0,70368786120708
2305,26549,32,0,1,70377376055300
2306,26549,32,0,2,70385965989892
2307,26549,32,0,3,70394555924484
2308,26549,32,0,4,70403145859076
2309,26549,32,0,5,70411735793668
2310,26549,32,0,6,70420325728260
2311,26549,32,0,7,70428915662852
2312,26549,33,0,0,72567809376260
2313,26549,33,0,1,72576399310852
2314,26549,33,0,2,72584989245444
2315,26549,33,0,3,72593579180036
2316,26549,33,0,4,72602169114628
2317,26549,33,0,5,72610759049220
2318,26549,33,0,6,72619348983812
2319,26549,33,0,7,72627938918404
2320,26549,34,0,0,74766832631812
2321,26549,34,0,1,74775422566404
2322,26549,34,0,2,74784012500996
2323,26549,34,0,3,74792602435588
2324,26549,34,0,4,74801192370180
2325,26549,34,0,5,74809782304772
2326,26549,34,0,6,74818372239364
2327,26549,34,0,7,74826962173956
2328,26549,35,0,0,76965855887364
2329,26549,35,0,1,76974445821956
2330,26549,35,0,2,76983035756548
2331,26549,35,0,3,76991625691140
2332,26549,35,0,4,77000215625732
2333,26549,35,0,5,77008805560324
2334,26549,35,0,6,77017395494916
2335,26549,35,0,7,77025985429508
2336,26549,36,0,0,79164879142916
2337,26549,36,0,1,79173469077508
2338,26549,36,0,2,79182059012100
2339,26549,36,0,3,79190648946692
2340,26549,36,0,4,79199238881284
2341,26549,36,0,5,79207828815876
2342,26549,36,0,6,79216418750468
2343,26549,36,0,7,79225008685060
2344,26549,37,0,0,81363902398468
2345,26549,37,0,1,81372492333060
2346,26549,37,0,2,81381082267652
2347,26549,37,0,3,81389672202244
2348,26549,37,0,4,81398262136836
2349,26549,37,0,5,81406852071428
2350,26549,37,0,6,81415442006020
2351,26549,37,0,7,81424031940612
2352,26549,38,0,0,83562925654020
2353,26549,38,0,1,83571515588612
2354,26549,38,0,2,83580105523204
2355,26549,38,0,3,83588695457796
2356,26549,38,0,4,83597285392388
2357,26549,38,0,5,83605875326980
2358,26549,38,0,6,83614465261572
2359,26549,38,0,7,83623055196164
2360,26549,39,0,0,85761948909572
2361,26549,39,0,1,85770538844164
2362,26549,39,0,2,85779128778756
2363,26549,39,0,3,85787718713348
2364,26549,39,0,4,85796308647940
2365,26549,39,0,5,85804898582532
2366,26549,39,0,6,85813488517124
2367,26549,39,0,7,85822078451716
2368,26549,40,0,0,87960972165124
2369,26549,40,0,1,87969562099716
2370,26549,40,0,2,87978152034308
2371,26549,40,0,3,87986741968900
2372,26549,40,0,4,87995331903492
2373,26549,40,0,5,88003921838084
2374,26549,40,0,6,88012511772676
2375,26549,40,0,7,88021101707268
2376,26549,41,0,0,90159995420676
2377,26549,41,0,1,90168585355268
2378,26549,41,0,2,90177175289860
2379,26549,41,0,3,90185765224452
2380,26549,41,0,4,90194355159044
2381,26549,41,0,5,90202945093636
2382,26549,41,0,6,90211535028228
2383,26549,41,0,7,90220124962820
2384,26549,42,0,0,92359018676228
2385,26549,42,0,1,92367608610820
2386,26549,42,0,2,92376198545412
2387,26549,42,0,3,92384788480004
2388,26549,42,0,4,92393378414596
2389,26549,42,0,5,92401968349188
2390,26549,42,0,6,92410558283780
2391,26549,42,0,7,92419148218372
2392,26549,43,0,0,94558041931780
2393,26549,43,0,1,94566631866372
2394,26549,43,0,2,94575221800964
2395,26549,43,0,3,94583811735556
2396,26549,43,0,4,94592401670148
2397,26549,43,0,5,94600991604740
2398,26549,43,0,6,94609581539332
2399,26549,43,0,7,94618171473924
2400,26549,44,0,0,96757065187332
2401,26549,44,0,1,96765655121924
2402,26549,44,0,2,96774245056516
2403,26549,44,0,3,96782834991108
2404,26549,44,0,4,96791424925700
2405,26549,44,0,5,96800014860292
2406,26549,44,0,6,96808604794884
2407,26549,44,0,7,96817194729476
2408,26549,45,0,0,98956088442884
2409,26549,45,0,1,98964678377476
2410,26549,45,0,2,98973268312068
2411,26549,45,0,3,98981858246660
2412,26549,45,0,4,98990448181252
2413,26549,45,0,5,98999038115844
2414,26549,45,0,6,99007628050436
2415,26549,45,0,7,99016217985028
2416,26549,46,0,0,101155111698436
2417,26549,46,0,1,101163701633028
2418,26549,46,0,2,101172291567620
2419,26549,46,0,3,101180881502212
2420,26549,46,0,4,101189471436804
2421,26549,46,0,5,101198061371396
2422,26549,46,0,6,101206651305988
2423,26549,46,0,7,101215241240580
2424,26549,47,0,0,103354134953988
2425,26549,47,0,1,103362724888580
2426,26549,47,0,2,103371314823172
2427,26549,47,0,3,103379904757764
2428,26549,47,0,4,103388494692356
2429,26549,47,0,5,103397084626948
2430,26549,47,0,6,103405674561540
2431,26549,47,0,7,103414264496132
2432,26549,48,0,0,105553158209540
2433,26549,48,0,1,105561748144132
2434,26549,48,0,2,105570338078724
2435,26549,48,0,3,105578928013316
2436,26549,48,0,4,105587517947908
2437,26549,48,0,5,105596107882500
2438,26549,48,0,6,105604697817092
2439,26549,48,0,7,105613287751684
2440,26549,49,0,0,107752181465092
2441,26549,49,0,1,107760771399684
2442,26549,49,0,2,107769361334276
2443,26549,49,0,3,107777951268868
2444,26549,49,0,4,107786541203460
2445,26549,49,0,5,107795131138052
2446,26549,49,0,6,107803721072644
2447,26549,49,0,7,107812311007236
2448,26549,50,0,0,109951204720644
2449,26549,50,0,1,109959794655236
2450,26549,50,0,2,109968384589828
2451,26549,50,0,3,109976974524420
2452,26549,50,0,4,109985564459012
2453,26549,50,0,5,109994154393604
2454,26549,50,0,6,110002744328196
2455,26549,50,0,7,110011334262788
2456,26549,51,0,0,112150227976196
2457,26549,51,0,1,112158817910788
2458,26549,51,0,2,112167407845380
2459,26549,51,0,3,112175997779972
2460,26549,51,0,4,112184587714564
2461,26549,51,0,5,112193177649156
2462,26549,51,0,6,112201767583748
2463,26549,51,0,7,112210357518340
2464,26549,52,0,0,114349251231748
2465,26549,52,0,1,114357841166340
2466,26549,52,0,2,114366431100932
2467,26549,52,0,3,114375021035524
2468,26549,52,0,4,114383610970116
2469,26549,52,0,5,114392200904708
2470,26549,52,0,6,114400790839300
2471,26549,52,0,7,114409380773892
2472,26549,53,0,0,116548274487300
2473,26549,53,0,1,116556864421892
2474,26549,53,0,2,116565454356484
2475,26549,53,0,3,116574044291076
2476,26549,53,0,4,116582634225668
2477,26549,53,0,5,116591224160260
2478,26549,53,0,6,116599814094852
2479,26549,53,0,7,116608404029444
2480,26549,54,0,0,118747297742852
2481,26549,54,0,1,118755887677444
2482,26549,54,0,2,118764477612036
2483,26549,54,0,3,118773067546628
2484,26549,54,0,4,118781657481220
2485,26549,54,0,5,118790247415812
2486,26549,54,0,6,118798837350404
2487,26549,54,0,7,118807427284996
2488,26549,55,0,0,120946320998404
2489,26549,55,0,1,120954910932996
2490,26549,55,0,2,120963500867588
2491,26549,55,0,3,120972090802180
2492,26549,55,0,4,120980680736772
2493,26549,55,0,5,120989270671364
2494,26549,55,0,6,120997860605956
2495,26549,55,0,7,121006450540548
2496,26549,56,0,0,123145344253956
2497,26549,56,0,1,123153934188548
2498,26549,56,0,2,123162524123140
2499,26549,56,0,3,123171114057732
2500,26549,56,0,4,123179703992324
2501,26549,56,0,5,123188293926916
2502,26549,56,0,6,123196883861508
2503,26549,56,0,7,123205473796100
2504,26549,57,0,0,125344367509508
2505,26549,57,0,1,125352957444100
2506,26549,57,0,2,125361547378692
2507,26549,57,0,3,125370137313284
2508,26549,57,0,4,125378727247876
2509,26549,57,0,5,125387317182468
2510,26549,57,0,6,125395907117060
2511,26549,57,0,7,125404497051652
2512,26549,58,0,0,127543390765060
2513,26549,58,0,1,127551980699652
2514,26549,58,0,2,127560570634244
2515,26549,58,0,3,127569160568836
2516,26549,58,0,4,127577750503428
2517,26549,58,0,5,127586340438020
2518,26549,58,0,6,127594930372612
2519,26549,58,0,7,127603520307204
2520,26549,59,0,0,129742414020612
2521,26549,59,0,1,129751003955204
2522,26549,59,0,2,129759593889796
2523,26549,59,0,3,129768183824388
2524,26549,59,0,4,129776773758980
2525,26549,59,0,5,129785363693572
2526,26549,59,0,6,129793953628164
2527,26549,59,0,7,129802543562756
2528,26549,60,0,0,131941437276164
2529,26549,60,0,1,131950027210756
2530,26549,60,0,2,131958617145348
2531,26549,60,0,3,131967207079940
2532,26549,60,0,4,131975797014532
2533,26549,60,0,5,131984386949124
2534,26549,60,0,6,131992976883716
2535,26549,60,0,7,132001566818308
2536,26549,61,0,0,134140460531716
2537,26549,61,0,1,134149050466308
2538,26549,61,0,2,134157640400900
2539,26549,61,0,3,134166230335492
2540,26549,61,0,4,134174820270084
2541,26549,61,0,5,134183410204676
2542,26549,61,0,6,134192000139268
2543,26549,61,0,7,134200590073860
2544,26549,62,0,0,136339483787268
2545,26549,62,0,1,136348073721860
2546,26549,62,0,2,136356663656452
2547,26549,62,0,3,136365253591044
2548,26549,62,0,4,136373843525636
2549,26549,62,0,5,136382433460228
2550,26549,62,0,6,136391023394820
2551,26549,62,0,7,136399613329412
2552,26549,63,0,0,138538507042820
2553,26549,63,0,1,138547096977412
2554,26549,63,0,2,138555686912004
2555,26549,63,0,3,138564276846596
2556,26549,63,0,4,138572866781188
2557,26549,63,0,5,138581456715780
2558,26549,63,0,6,138590046650372
2559,26549,63,0,7,138598636584964
2560,26551,0,0,0,41943045
2561,26551,0,0,1,8631877637
2562,26551,0,0,2,17221812229
2563,26551,0,0,3,25811746821
2564,26551,0,0,4,34401681413
2565,26551,0,0,5,42991616005
2566,26551,0,0,6,51581550597
2567,26551,0,0,7,60171485189
2568,26551,1,0,0,2199065198597
2569,26551,1,0,1,2207655133189
2570,26551,1,0,2,2216245067781
2571,26551,1,0,3,2224835002373
2572,26551,1,0,4,2233424936965
2573,26551,1,0,5,2242014871557
2574,26551,1,0,6,2250604806149
2575,26551,1,0,7,2259194740741
2576,26551,2,0,0,4398088454149
2577,26551,2,0,1,4406678388741
2578,26551,2,0,2,4415268323333
2579,26551,2,0,3,4423858257925
2580,26551,2,0,4,4432448192517
2581,26551,2,0,5,4441038127109
2582,26551,2,0,6,4449628061701
2583,26551,2,0,7,4458217996293
2584,26551,3,0,0,6597111709701
2585,26551,3,0,1,6605701644293
2586,26551,3,0,2,6614291578885
2587,26551,3,0,3,6622881513477
2588,26551,3,0,4,6631471448069
2589,26551,3,0,5,6640061382661
2590,26551,3,0,6,6648651317253
2591,26551,3,0,7,6657241251845
2592,26551,4,0,0,8796134965253
2593,26551,4,0,1,8804724899845
2594,26551,4,0,2,8813314834437
2595,26551,4,0,3,8821904769029
2596,26551,4,0,4,8830494703621
2597,26551,4,0,5,8839084638213
2598,26551,4,0,6,8847674572805
2599,26551,4,0,7,8856264507397
2600,26551,5,0,0,10995158220805
2601,26551,5,0,1,11003748155397
2602,26551,5,0,2,11012338089989
2603,26551,5,0,3,11020928024581
2604,26551,5,0,4,11029517959173
2605,26551,5,0,5,11038107893765
2606,26551,5,0,6,11046697828357
2607,26551,5,0,7,11055287762949
2608,26551,6,0,0,13194181476357
2609,26551,6,0,1,13202771410949
2610,26551,6,0,2,13211361345541
2611,26551,6,0,3,13219951280133
2612,26551,6,0,4,13228541214725
2613,26551,6,0,5,13237131149317
2614,26551,6,0,6,13245721083909
2615,26551,6,0,7,13254311018501
2616,26551,7,0,0,15393204731909
2617,26551,7,0,1,15401794666501
2618,26551,7,0,2,15410384601093
2619,26551,7,0,3,15418974535685
2620,26551,7,0,4,15427564470277
2621,26551,7,0,5,15436154404869
2622,26551,7,0,6,15444744339461
2623,26551,7,0,7,15453334274053
2624,26551,8,0,0,17592227987461
2625,26551,8,0,1,17600817922053
2626,26551,8,0,2,17609407856645
2627,26551,8,0,3,17617997791237
2628,26551,8,0,4,17626587725829
2629,26551,8,0,5,17635177660421
2630,26551,8,0,6,17643767595013
2631,26551,8,0,7,17652357529605
2632,26551,9,0,0,19791251243013
2633,26551,9,0,1,19799841177605
2634,26551,9,0,2,19808431112197
2635,26551,9,0,3,19817021046789
2636,26551,9,0,4,19825610981381
2637,26551,9,0,5,19834200915973
2638,26551,9,0,6,19842790850565
2639,26551,9,0,7,19851380785157
2640,26551,10,0,0,21990274498565
2641,26551,10,0,1,21998864433157
2642,26551,10,0,2,22007454367749
2643,26551,10,0,3,22016044302341
2644,26551,10,0,4,22024634236933
2645,26551,10,0,5,22033224171525
2646,26551,10,0,6,22041814106117
2647,26551,10,0,7,22050404040709
2648,26551,11,0,0,24189297754117
2649,26551,11,0,1,24197887688709
2650,26551,11,0,2,24206477623301
2651,26551,11,0,3,24215067557893
2652,26551,11,0,4,24223657492485
2653,26551,11,0,5,24232247427077
2654,26551,11,0,6,24240837361669
2655,26551,11,0,7,24249427296261
2656,26551,12,0,0,26388321009669
2657,26551,12,0,1,26396910944261
2658,26551,12,0,2,26405500878853
2659,26551,12,0,3,26414090813445
2660,26551,12,0,4,26422680748037
2661,26551,12,0,5,26431270682629
2662,26551,12,0,6,26439860617221
2663,26551,12,0,7,26448450551813
2664,26551,13,0,0,28587344265221
2665,26551,13,0,1,28595934199813
2666,26551,13,0,2,28604524134405
2667,26551,13,0,3,28613114068997
2668,26551,13,0,4,28621704003589
2669,26551,13,0,5,28630293938181
2670,26551,13,0,6,28638883872773
2671,26551,13,0,7,28647473807365
2672,26551,14,0,0,30786367520773
2673,26551,14,0,1,30794957455365
2674,26551,14,0,2,30803547389957
2675,26551,14,0,3,30812137324549
2676,26551,14,0,4,30820727259141
2677,26551,14,0,5,30829317193733
2678,26551,14,0,6,30837907128325
2679,26551,14,0,7,30846497062917
2680,26551,15,0,0,32985390776325
2681,26551,15,0,1,32993980710917
2682,26551,15,0,2,33002570645509
2683,26551,15,0,3,33011160580101
2684,26551,15,0,4,33019750514693
2685,26551,15,0,5,33028340449285
2686,26551,15,0,6,33036930383877
2687,26551,15,0,7,33045520318469
2688,26551,16,0,0,35184414031877
2689,26551,16,0,1,35193003966469
2690,26551,16,0,2,35201593901061
2691,26551,16,0,3,35210183835653
2692,26551,16,0,4,35218773770245
2693,26551,16,0,5,35227363704837
2694,26551,16,0,6,35235953639429
2695,26551,16,0,7,35244543574021
2696,26551,17,0,0,37383437287429
2697,26551,17,0,1,37392027222021
2698,26551,17,0,2,37400617156613
2699,26551,17,0,3,37409207091205
2700,26551,17,0,4,37417797025797
2701,26551,17,0,5,37426386960389
2702,26551,17,0,6,37434976894981
2703,26551,17,0,7,37443566829573
2704,26551,18,0,0,39582460542981
2705,26551,18,0,1,39591050477573
2706,26551,18,0,2,39599640412165
2707,26551,18,0,3,39608230346757
2708,26551,18,0,4,39616820281349
2709,26551,18,0,5,39625410215941
2710,26551,18,0,6,39634000150533
2711,26551,18,0,7,39642590085125
2712,26551,19,0,0,41781483798533
2713,26551,19,0,1,41790073733125
2714,26551,19,0,2,41798663667717
2715,26551,19,0,3,41807253602309
2716,26551,19,0,4,41815843536901
2717,26551,19,0,5,41824433471493
2718,26551,19,0,6,41833023406085
2719,26551,19,0,7,41841613340677
2720,26551,20,0,0,43980507054085
2721,26551,20,0,1,43989096988677
2722,26551,20,0,2,43997686923269
2723,26551,20,0,3,44006276857861
2724,26551,20,0,4,44014866792453
2725,26551,20,0,5,44023456727045
2726,26551,20,0,6,44032046661637
2727,26551,20,0,7,44040636596229
2728,26551,21,0,0,46179530309637
2729,26551,21,0,1,46188120244229
2730,26551,21,0,2,46196710178821
2731,26551,21,0,3,46205300113413
2732,26551,21,0,4,46213890048005
2733,26551,21,0,5,46222479982597
2734,26551,21,0,6,46231069917189
2735,26551,21,0,7,46239659851781
2736,26551,22,0,0,48378553565189
2737,26551,22,0,1,48387143499781
2738,26551,22,0,2,48395733434373
2739,26551,22,0,3,48404323368965
2740,26551,22,0,4,48412913303557
2741,26551,22,0,5,48421503238149
2742,26551,22,0,6,48430093172741
2743,26551,22,0,7,48438683107333
2744,26551,23,0,0,50577576820741
2745,26551,23,0,1,50586166755333
2746,26551,23,0,2,50594756689925
2747,26551,23,0,3,50603346624517
2748,26551,23,0,4,50611936559109
2749,26551,23,0,5,50620526493701
2750,26551,23,0,6,50629116428293
2751,26551,23,0,7,50637706362885
2752,26551,24,0,0,52776600076293
2753,26551,24,0,1,52785190010885
2754,26551,24,0,2,52793779945477
2755,26551,24,0,3,52802369880069
2756,26551,24,0,4,52810959814661
2757,26551,24,0,5,52819549749253
2758,26551,24,0,6,52828139683845
2759,26551,24,0,7,52836729618437
2760,26551,25,0,0,54975623331845
2761,26551,25,0,1,54984213266437
2762,26551,25,0,2,54992803201029
2763,26551,25,0,3,55001393135621
2764,26551,25,0,4,55009983070213
2765,26551,25,0,5,55018573004805
2766,26551,25,0,6,55027162939397
2767,26551,25,0,7,55035752873989
2768,26551,26,0,0,57174646587397
2769,26551,26,0,1,57183236521989
2770,26551,26,0,2,57191826456581
2771,26551,26,0,3,57200416391173
2772,26551,26,0,4,57209006325765
2773,26551,26,0,5,57217596260357
2774,26551,26,0,6,57226186194949
2775,26551,26,0,7,57234776129541
2776,26551,27,0,0,59373669842949
2777,26551,27,0,1,59382259777541
2778,26551,27,0,2,59390849712133
2779,26551,27,0,3,59399439646725
2780,26551,27,0,4,59408029581317
2781,26551,27,0,5,59416619515909
2782,26551,27,0,6,59425209450501
2783,26551,27,0,7,59433799385093
2784,26551,28,0,0,61572693098501
2785,26551,28,0,1,61581283033093
2786,26551,28,0,2,61589872967685
2787,26551,28,0,3,61598462902277
2788,26551,28,0,4,61607052836869
2789,26551,28,0,5,61615642771461
2790,26551,28,0,6,61624232706053
2791,26551,28,0,7,61632822640645
2792,26551,29,0,0,63771716354053
2793,26551,29,0,1,63780306288645
2794,26551,29,0,2,63788896223237
2795,26551,29,0,3,63797486157829
2796,26551,29,0,4,63806076092421
2797,26551,29,0,5,63814666027013
2798,26551,29,0,6,63823255961605
2799,26551,29,0,7,63831845896197
2800,26551,30,0,0,65970739609605
2801,26551,30,0,1,65979329544197
2802,26551,30,0,2,65987919478789
2803,26551,30,0,3,65996509413381
2804,26551,30,0,4,66005099347973
2805,26551,30,0,5,66013689282565
2806,26551,30,0,6,66022279217157
2807,26551,30,0,7,66030869151749
2808,26551,31,0,0,68169762865157
2809,26551,31,0,1,68178352799749
2810,26551,31,0,2,68186942734341
2811,26551,31,0,3,68195532668933
2812,26551,31,0,4,68204122603525
2813,26551,31,0,5,68212712538117
2814,26551,31,0,6,68221302472709
2815,26551,31,0,7,68229892407301
2816,26551,32,0,0,70368786120709
2817,26551,32,0,1,70377376055301
2818,26551,32,0,2,70385965989893
2819,26551,32,0,3,70394555924485
2820,26551,32,0,4,70403145859077
2821,26551,32,0,5,70411735793669
2822,26551,32,0,6,70420325728261
2823,26551,32,0,7,70428915662853
2824,26551,33,0,0,72567809376261
2825,26551,33,0,1,72576399310853
2826,26551,33,0,2,72584989245445
2827,26551,33,0,3,72593579180037
2828,26551,33,0,4,72602169114629
2829,26551,33,0,5,72610759049221
2830,26551,33,0,6,72619348983813
2831,26551,33,0,7,72627938918405
2832,26551,34,0,0,74766832631813
2833,26551,34,0,1,74775422566405
2834,26551,34,0,2,74784012500997
2835,26551,34,0,3,74792602435589
2836,26551,34,0,4,74801192370181
2837,26551,34,0,5,74809782304773
2838,26551,34,0,6,74818372239365
2839,26551,34,0,7,74826962173957
2840,26551,35,0,0,76965855887365
2841,26551,35,0,1,76974445821957
2842,26551,35,0,2,76983035756549
2843,26551,35,0,3,76991625691141
2844,26551,35,0,4,77000215625733
2845,26551,35,0,5,77008805560325
2846,26551,35,0,6,77017395494917
2847,26551,35,0,7,77025985429509
2848,26551,36,0,0,79164879142917
2849,26551,36,0,1,79173469077509
2850,26551,36,0,2,79182059012101
2851,26551,36,0,3,79190648946693
2852,26551,36,0,4,79199238881285
2853,26551,36,0,5,79207828815877
2854,26551,36,0,6,79216418750469
2855,26551,36,0,7,79225008685061
2856,26551,37,0,0,81363902398469
2857,26551,37,0,1,81372492333061
2858,26551,37,0,2,81381082267653
2859,26551,37,0,3,81389672202245
2860,26551,37,0,4,81398262136837
2861,26551,37,0,5,81406852071429
2862,26551,37,0,6,81415442006021
2863,26551,37,0,7,81424031940613
2864,26551,38,0,0,83562925654021
2865,26551,38,0,1,83571515588613
2866,26551,38,0,2,83580105523205
2867,26551,38,0,3,83588695457797
2868,26551,38,0,4,83597285392389
2869,26551,38,0,5,83605875326981
2870,26551,38,0,6,83614465261573
2871,26551,38,0,7,83623055196165
2872,26551,39,0,0,85761948909573
2873,26551,39,0,1,85770538844165
2874,26551,39,0,2,85779128778757
2875,26551,39,0,3,85787718713349
2876,26551,39,0,4,85796308647941
2877,26551,39,0,5,85804898582533
2878,26551,39,0,6,85813488517125
2879,26551,39,0,7,85822078451717
2880,26551,40,0,0,87960972165125
2881,26551,40,0,1,87969562099717
2882,26551,40,0,2,87978152034309
2883,26551,40,0,3,87986741968901
2884,26551,40,0,4,87995331903493
2885,26551,40,0,5,88003921838085
2886,26551,40,0,6,88012511772677
2887,26551,40,0,7,88021101707269
2888,26551,41,0,0,90159995420677
2889,26551,41,0,1,90168585355269
2890,26551,41,0,2,90177175289861
2891,26551,41,0,3,90185765224453
2892,26551,41,0,4,90194355159045
2893,26551,41,0,5,90202945093637
2894,26551,41,0,6,90211535028229
2895,26551,41,0,7,90220124962821
2896,26551,42,0,0,92359018676229
2897,26551,42,0,1,92367608610821
2898,26551,42,0,2,92376198545413
2899,26551,42,0,3,92384788480005
2900,26551,42,0,4,92393378414597
2901,26551,42,0,5,92401968349189
2902,26551,42,0,6,92410558283781
2903,26551,42,0,7,92419148218373
2904,26551,43,0,0,94558041931781
2905,26551,43,0,1,94566631866373
2906,26551,43,0,2,94575221800965
2907,26551,43,0,3,94583811735557
2908,26551,43,0,4,94592401670149
2909,26551,43,0,5,94600991604741
2910,26551,43,0,6,94609581539333
2911,26551,43,0,7,94618171473925
2912,26551,44,0,0,96757065187333
2913,26551,44,0,1,96765655121925
2914,26551,44,0,2,96774245056517
2915,26551,44,0,3,96782834991109
2916,26551,44,0,4,96791424925701
2917,26551,44,0,5,96800014860293
2918,26551,44,0,6,96808604794885
2919,26551,44,0,7,96817194729477
2920,26551,45,0,0,98956088442885
2921,26551,45,0,1,98964678377477
2922,26551,45,0,2,98973268312069
2923,26551,45,0,3,98981858246661
2924,26551,45,0,4,98990448181253
2925,26551,45,0,5,98999038115845
2926,26551,45,0,6,99007628050437
2927,26551,45,0,7,99016217985029
2928,26551,46,0,0,101155111698437
2929,26551,46,0,1,101163701633029
2930,26551,46,0,2,101172291567621
2931,26551,46,0,3,101180881502213
2932,26551,46,0,4,101189471436805
2933,26551,46,0,5,101198061371397
2934,26551,46,0,6,101206651305989
2935,26551,46,0,7,101215241240581
2936,26551,47,0,0,103354134953989
2937,26551,47,0,1,103362724888581
2938,26551,47,0,2,103371314823173
2939,26551,47,0,3,103379904757765
2940,26551,47,0,4,103388494692357
2941,26551,47,0,5,103397084626949
2942,26551,47,0,6,103405674561541
2943,26551,47,0,7,103414264496133
2944,26551,48,0,0,105553158209541
2945,26551,48,0,1,105561748144133
2946,26551,48,0,2,105570338078725
2947,26551,48,0,3,105578928013317
2948,26551,48,0,4,105587517947909
2949,26551,48,0,5,105596107882501
2950,26551,48,0,6,105604697817093
2951,26551,48,0,7,105613287751685
2952,26551,49,0,0,107752181465093
2953,26551,49,0,1,107760771399685
2954,26551,49,0,2,107769361334277
2955,26551,49,0,3,107777951268869
2956,26551,49,0,4,107786541203461
2957,26551,49,0,5,107795131138053
2958,26551,49,0,6,107803721072645
2959,26551,49,0,7,107812311007237
2960,26551,50,0,0,109951204720645
2961,26551,50,0,1,109959794655237
2962,26551,50,0,2,109968384589829
2963,26551,50,0,3,109976974524421
2964,26551,50,0,4,109985564459013
2965,26551,50,0,5,109994154393605
2966,26551,50,0,6,110002744328197
2967,26551,50,0,7,110011334262789
2968,26551,51,0,0,112150227976197
2969,26551,51,0,1,112158817910789
2970,26551,51,0,2,112167407845381
2971,26551,51,0,3,112175997779973
2972,26551,51,0,4,112184587714565
2973,26551,51,0,5,112193177649157
2974,26551,51,0,6,112201767583749
2975,26551,51,0,7,112210357518341
2976,26551,52,0,0,114349251231749
2977,26551,52,0,1,114357841166341
2978,26551,52,0,2,114366431100933
2979,26551,52,0,3,114375021035525
2980,26551,52,0,4,114383610970117
2981,26551,52,0,5,114392200904709
2982,26551,52,0,6,114400790839301
2983,26551,52,0,7,114409380773893
2984,26551,53,0,0,116548274487301
2985,26551,53,0,1,116556864421893
2986,26551,53,0,2,116565454356485
2987,26551,53,0,3,116574044291077
2988,26551,53,0,4,116582634225669
2989,26551,53,0,5,116591224160261
2990,26551,53,0,6,116599814094853
2991,26551,53,0,7,116608404029445
2992,26551,54,0,0,118747297742853
2993,26551,54,0,1,118755887677445
2994,26551,54,0,2,118764477612037
2995,26551,54,0,3,118773067546629
2996,26551,54,0,4,118781657481221
2997,26551,54,0,5,118790247415813
2998,26551,54,0,6,118798837350405
2999,26551,54,0,7,118807427284997
3000,26551,55,0,0,120946320998405
3001,26551,55,0,1,120954910932997
3002,26551,55,0,2,120963500867589
3003,26551,55,0,3,120972090802181
3004,26551,55,0,4,120980680736773
3005,26551,55,0,5,120989270671365
3006,26551,55,0,6,120997860605957
3007,26551,55,0,7,121006450540549
3008,26551,56,0,0,123145344253957
3009,26551,56,0,1,123153934188549
3010,26551,56,0,2,123162524123141
3011,26551,56,0,3,123171114057733
3012,26551,56,0,4,123179703992325
3013,26551,56,0,5,123188293926917
3014,26551,56,0,6,123196883861509
3015,26551,56,0,7,123205473796101
3016,26551,57,0,0,125344367509509
3017,26551,57,0,1,125352957444101
3018,26551,57,0,2,125361547378693
3019,26551,57,0,3,125370137313285
3020,26551,57,0,4,125378727247877
3021,26551,57,0,5,125387317182469
3022,26551,57,0,6,125395907117061
3023,26551,57,0,7,125404497051653
3024,26551,58,0,0,127543390765061
3025,26551,58,0,1,127551980699653
3026,26551,58,0,2,127560570634245
3027,26551,58,0,3,127569160568837
3028,26551,58,0,4,127577750503429
3029,26551,58,0,5,127586340438021
3030,26551,58,0,6,127594930372613
3031,26551,58,0,7,127603520307205
3032,26551,59,0,0,129742414020613
3033,26551,59,0,1,129751003955205
3034,26551,59,0,2,129759593889797
3035,26551,59,0,3,129768183824389
3036,26551,59,0,4,129776773758981
3037,26551,59,0,5,129785363693573
3038,26551,59,0,6,129793953628165
3039,26551,59,0,7,129802543562757
3040,26551,60,0,0,131941437276165
3041,26551,60,0,1,131950027210757
3042,26551,60,0,2,131958617145349
3043,26551,60,0,3,131967207079941
3044,26551,60,0,4,131975797014533
3045,26551,60,0,5,131984386949125
3046,26551,60,0,6,131992976883717
3047,26551,60,0,7,132001566818309
3048,26551,61,0,0,134140460531717
3049,26551,61,0,1,134149050466309
3050,26551,61,0,2,134157640400901
3051,26551,61,0,3,134166230335493
3052,26551,61,0,4,134174820270085
3053,26551,61,0,5,134183410204677
3054,26551,61,0,6,134192000139269
3055,26551,61,0,7,134200590073861
3056,26551,62,0,0,136339483787269
3057,26551,62,0,1,136348073721861
3058,26551,62,0,2,136356663656453
3059,26551,62,0,3,136365253591045
3060,26551,62,0,4,136373843525637
3061,26551,62,0,5,136382433460229
3062,26551,62,0,6,136391023394821
3063,26551,62,0,7,136399613329413
3064,26551,63,0,0,138538507042821
3065,26551,63,0,1,138547096977413
3066,26551,63,0,2,138555686912005
3067,26551,63,0,3,138564276846597
3068,26551,63,0,4,138572866781189
3069,26551,63,0,5,138581456715781
3070,26551,63,0,6,138590046650373
3071,26551,63,0,7,138598636584965
3072,26553,0,0,0,41943046
3073,26553,0,0,1,8631877638
3074,26553,0,0,2,17221812230
3075,26553,0,0,3,25811746822
3076,26553,0,0,4,34401681414
3077,26553,0,0,5,42991616006
3078,26553,0,0,6,51581550598
3079,26553,0,0,7,60171485190
3080,26553,1,0,0,2199065198598
3081,26553,1,0,1,2207655133190
3082,26553,1,0,2,2216245067782
3083,26553,1,0,3,2224835002374
3084,26553,1,0,4,2233424936966
3085,26553,1,0,5,2242014871558
3086,26553,1,0,6,2250604806150
3087,26553,1,0,7,2259194740742
3088,26553,2,0,0,4398088454150
3089,26553,2,0,1,4406678388742
3090,26553,2,0,2,4415268323334
3091,26553,2,0,3,4423858257926
3092,26553,2,0,4,4432448192518
3093,26553,2,0,5,4441038127110
3094,26553,2,0,6,4449628061702
3095,26553,2,0,7,4458217996294
3096,26553,3,0,0,6597111709702
3097,26553,3,0,1,6605701644294
3098,26553,3,0,2,6614291578886
3099,26553,3,0,3,6622881513478
3100,26553,3,0,4,6631471448070
3101,26553,3,0,5,6640061382662
3102,26553,3,0,6,6648651317254
3103,26553,3,0,7,6657241251846
3104,26553,4,0,0,8796134965254
3105,26553,4,0,1,8804724899846
3106,26553,4,0,2,8813314834438
3107,26553,4,0,3,8821904769030
3108,26553,4,0,4,8830494703622
3109,26553,4,0,5,8839084638214
3110,26553,4,0,6,8847674572806
3111,26553,4,0,7,8856264507398
3112,26553,5,0,0,10995158220806
3113,26553,5,0,1,11003748155398
3114,26553,5,0,2,11012338089990
3115,26553,5,0,3,11020928024582
3116,26553,5,0,4,11029517959174
3117,26553,5,0,5,11038107893766
3118,26553,5,0,6,11046697828358
3119,26553,5,0,7,11055287762950
3120,26553,6,0,0,13194181476358
3121,26553,6,0,1,13202771410950
3122,26553,6,0,2,13211361345542
3123,26553,6,0,3,13219951280134
3124,26553,6,0,4,13228541214726
3125,26553,6,0,5,13237131149318
3126,26553,6,0,6,13245721083910
3127,26553,6,0,7,13254311018502
3128,26553,7,0,0,15393204731910
3129,26553,7,0,1,15401794666502
3130,26553,7,0,2,15410384601094
3131,26553,7,0,3,15418974535686
3132,26553,7,0,4,15427564470278
3133,26553,7,0,5,15436154404870
3134,26553,7,0,6,15444744339462
3135,26553,7,0,7,15453334274054
3136,26553,8,0,0,17592227987462
3137,26553,8,0,1,17600817922054
3138,26553,8,0,2,17609407856646
3139,26553,8,0,3,17617997791238
3140,26553,8,0,4,17626587725830
3141,26553,8,0,5,17635177660422
3142,26553,8,0,6,17643767595014
3143,26553,8,0,7,17652357529606
3144,26553,9,0,0,19791251243014
3145,26553,9,0,1,19799841177606
3146,26553,9,0,2,19808431112198
3147,26553,9,0,3,19817021046790
3148,26553,9,0,4,19825610981382
3149,26553,9,0,5,19834200915974
3150,26553,9,0,6,19842790850566
3151,26553,9,0,7,19851380785158
3152,26553,10,0,0,21990274498566
3153,26553,10,0,1,21998864433158
3154,26553,10,0,2,22007454367750
3155,26553,10,0,3,22016044302342
3156,26553,10,0,4,22024634236934
3157,26553,10,0,5,22033224171526
3158,26553,10,0,6,22041814106118
3159,26553,10,0,7,22050404040710
3160,26553,11,0,0,24189297754118
3161,26553,11,0,1,24197887688710
3162,26553,11,0,2,24206477623302
3163,26553,11,0,3,24215067557894
3164,26553,11,0,4,24223657492486
3165,26553,11,0,5,24232247427078
3166,26553,11,0,6,24240837361670
3167,26553,11,0,7,24249427296262
3168,26553,12,0,0,26388321009670
3169,26553,12,0,1,26396910944262
3170,26553,12,0,2,26405500878854
3171,26553,12,0,3,26414090813446
3172,26553,12,0,4,26422680748038
3173,26553,12,0,5,26431270682630
3174,26553,12,0,6,26439860617222
3175,26553,12,0,7,26448450551814
3176,26553,13,0,0,28587344265222
3177,26553,13,0,1,28595934199814
3178,26553,13,0,2,28604524134406
3179,26553,13,0,3,28613114068998
3180,26553,13,0,4,28621704003590
3181,26553,13,0,5,28630293938182
3182,26553,13,0,6,28638883872774
3183,26553,13,0,7,28647473807366
3184,26553,14,0,0,30786367520774
3185,26553,14,0,1,30794957455366
3186,26553,14,0,2,30803547389958
3187,26553,14,0,3,30812137324550
3188,26553,14,0,4,30820727259142
3189,26553,14,0,5,30829317193734
3190,26553,14,0,6,30837907128326
3191,26553,14,0,7,30846497062918
3192,26553,15,0,0,32985390776326
3193,26553,15,0,1,32993980710918
3194,26553,15,0,2,33002570645510
3195,26553,15,0,3,33011160580102
3196,26553,15,0,4,33019750514694
3197,26553,15,0,5,33028340449286
3198,26553,15,0,6,33036930383878
3199,26553,15,0,7,33045520318470
3200,26553,16,0,0,35184414031878
3201,26553,16,0,1,35193003966470
3202,26553,16,0,2,35201593901062
3203,26553,16,0,3,35210183835654
3204,26553,16,0,4,35218773770246
3205,26553,16,0,5,35227363704838
3206,26553,16,0,6,35235953639430
3207,26553,16,0,7,35244543574022
3208,26553,17,0,0,37383437287430
3209,26553,17,0,1,37392027222022
3210,26553,17,0,2,37400617156614
3211,26553,17,0,3,37409207091206
3212,26553,17,0,4,37417797025798
3213,26553,17,0,5,37426386960390
3214,26553,17,0,6,37434976894982
3215,26553,17,0,7,37443566829574
3216,26553,18,0,0,39582460542982
3217,26553,18,0,1,39591050477574
3218,26553,18,0,2,39599640412166
3219,26553,18,0,3,39608230346758
3220,26553,18,0,4,39616820281350
3221,26553,18,0,5,39625410215942
3222,26553,18,0,6,39634000150534
3223,26553,18,0,7,39642590085126
3224,26553,19,0,0,41781483798534
3225,26553,19,0,1,41790073733126
3226,26553,19,0,2,41798663667718
3227,26553,19,0,3,41807253602310
3228,26553,19,0,4,41815843536902
3229,26553,19,0,5,41824433471494
3230,26553,19,0,6,41833023406086
3231,26553,19,0,7,41841613340678
3232,26553,20,0,0,43980507054086
3233,26553,20,0,1,43989096988678
3234,26553,20,0,2,43997686923270
3235,26553,20,0,3,44006276857862
3236,26553,20,0,4,44014866792454
3237,26553,20,0,5,44023456727046
3238,26553,20,0,6,44032046661638
3239,26553,20,0,7,44040636596230
3240,26553,21,0,0,46179530309638
3241,26553,21,0,1,46188120244230
3242,26553,21,0,2,46196710178822
3243,26553,21,0,3,46205300113414
3244,26553,21,0,4,46213890048006
3245,26553,21,0,5,46222479982598
3246,26553,21,0,6,46231069917190
3247,26553,21,0,7,46239659851782
3248,26553,22,0,0,48378553565190
3249,26553,22,0,1,48387143499782
3250,26553,22,0,2,48395733434374
3251,26553,22,0,3,48404323368966
3252,26553,22,0,4,48412913303558
3253,26553,22,0,5,48421503238150
3254,26553,22,0,6,48430093172742
3255,26553,22,0,7,48438683107334
3256,26553,23,0,0,50577576820742
3257,26553,23,0,1,50586166755334
3258,26553,23,0,2,50594756689926
3259,26553,23,0,3,50603346624518
3260,26553,23,0,4,50611936559110
3261,26553,23,0,5,50620526493702
3262,26553,23,0,6,50629116428294
3263,26553,23,0,7,50637706362886
3264,26553,24,0,0,52776600076294
3265,26553,24,0,1,52785190010886
3266,26553,24,0,2,52793779945478
3267,26553,24,0,3,52802369880070
3268,26553,24,0,4,52810959814662
3269,26553,24,0,5,52819549749254
3270,26553,24,0,6,52828139683846
3271,26553,24,0,7,52836729618438
3272,26553,25,0,0,54975623331846
3273,26553,25,0,1,54984213266438
3274,26553,25,0,2,54992803201030
3275,26553,25,0,3,55001393135622
3276,26553,25,0,4,55009983070214
3277,26553,25,0,5,55018573004806
3278,26553,25,0,6,55027162939398
3279,26553,25,0,7,55035752873990
3280,26553,26,0,0,57174646587398
3281,26553,26,0,1,57183236521990
3282,26553,26,0,2,57191826456582
3283,26553,26,0,3,57200416391174
3284,26553,26,0,4,57209006325766
3285,26553,26,0,5,57217596260358
3286,26553,26,0,6,57226186194950
3287,26553,26,0,7,57234776129542
3288,26553,27,0,0,59373669842950
3289,26553,27,0,1,59382259777542
3290,26553,27,0,2,59390849712134
3291,26553,27,0,3,59399439646726
3292,26553,27,0,4,59408029581318
3293,26553,27,0,5,59416619515910
3294,26553,27,0,6,59425209450502
3295,26553,27,0,7,59433799385094
3296,26553,28,0,0,61572693098502
3297,26553,28,0,1,61581283033094
3298,26553,28,0,2,61589872967686
3299,26553,28,0,3,61598462902278
3300,26553,28,0,4,61607052836870
3301,26553,28,0,5,61615642771462
3302,26553,28,0,6,61624232706054
3303,26553,28,0,7,61632822640646
3304,26553,29,0,0,63771716354054
3305,26553,29,0,1,63780306288646
3306,26553,29,0,2,63788896223238
3307,26553,29,0,3,63797486157830
3308,26553,29,0,4,63806076092422
3309,26553,29,0,5,63814666027014
3310,26553,29,0,6,63823255961606
3311,26553,29,0,7,63831845896198
3312,26553,30,0,0,65970739609606
3313,26553,30,0,1,65979329544198
3314,26553,30,0,2,65987919478790
3315,26553,30,0,3,65996509413382
3316,26553,30,0,4,66005099347974
3317,26553,30,0,5,66013689282566
3318,26553,30,0,6,66022279217158
3319,26553,30,0,7,66030869151750
3320,26553,31,0,0,68169762865158
3321,26553,31,0,1,68178352799750
3322,26553,31,0,2,68186942734342
3323,26553,31,0,3,68195532668934
3324,26553,31,0,4,68204122603526
3325,26553,31,0,5,68212712538118
3326,26553,31,0,6,68221302472710
3327,26553,31,0,7,68229892407302
3328,26553,32,0,0,70368786120710
3329,26553,32,0,1,70377376055302
3330,26553,32,0,2,70385965989894
3331,26553,32,0,3,70394555924486
3332,26553,32,0,4,70403145859078
3333,26553,32,0,5,70411735793670
3334,26553,32,0,6,70420325728262
3335,26553,32,0,7,70428915662854
3336,26553,33,0,0,72567809376262
3337,26553,33,0,1,72576399310854
3338,26553,33,0,2,72584989245446
3339,26553,33,0,3,72593579180038
3340,26553,33,0,4,72602169114630
3341,26553,33,0,5,72610759049222
3342,26553,33,0,6,72619348983814
3343,26553,33,0,7,72627938918406
3344,26553,34,0,0,74766832631814
3345,26553,34,0,1,74775422566406
3346,26553,34,0,2,74784012500998
3347,26553,34,0,3,74792602435590
3348,26553,34,0,4,74801192370182
3349,26553,34,0,5,74809782304774
3350,26553,34,0,6,74818372239366
3351,26553,34,0,7,74826962173958
3352,26553,35,0,0,76965855887366
3353,26553,35,0,1,76974445821958
3354,26553,35,0,2,76983035756550
3355,26553,35,0,3,76991625691142
3356,26553,35,0,4,77000215625734
3357,26553,35,0,5,77008805560326
3358,26553,35,0,6,77017395494918
3359,26553,35,0,7,77025985429510
3360,26553,36,0,0,79164879142918
3361,26553,36,0,1,79173469077510
3362,26553,36,0,2,79182059012102
3363,26553,36,0,3,79190648946694
3364,26553,36,0,4,79199238881286
3365,26553,36,0,5,79207828815878
3366,26553,36,0,6,79216418750470
3367,26553,36,0,7,79225008685062
3368,26553,37,0,0,81363902398470
3369,26553,37,0,1,81372492333062
3370,26553,37,0,2,81381082267654
3371,26553,37,0,3,81389672202246
3372,26553,37,0,4,81398262136838
3373,26553,37,0,5,81406852071430
3374,26553,37,0,6,81415442006022
3375,26553,37,0,7,81424031940614
3376,26553,38,0,0,83562925654022
3377,26553,38,0,1,83571515588614
3378,26553,38,0,2,83580105523206
3379,26553,38,0,3,83588695457798
3380,26553,38,0,4,83597285392390
3381,26553,38,0,5,83605875326982
3382,26553,38,0,6,83614465261574
3383,26553,38,0,7,83623055196166
3384,26553,39,0,0,85761948909574
3385,26553,39,0,1,85770538844166
3386,26553,39,0,2,85779128778758
3387,26553,39,0,3,85787718713350
3388,26553,39,0,4,85796308647942
3389,26553,39,0,5,85804898582534
3390,26553,39,0,6,85813488517126
3391,26553,39,0,7,85822078451718
3392,26553,40,0,0,87960972165126
3393,26553,40,0,1,87969562099718
3394,26553,40,0,2,87978152034310
3395,26553,40,0,3,87986741968902
3396,26553,40,0,4,87995331903494
3397,26553,40,0,5,88003921838086
3398,26553,40,0,6,88012511772678
3399,26553,40,0,7,88021101707270
3400,26553,41,0,0,90159995420678
3401,26553,41,0,1,90168585355270
3402,26553,41,0,2,90177175289862
3403,26553,41,0,3,90185765224454
3404,26553,41,0,4,90194355159046
3405,26553,41,0,5,90202945093638
3406,26553,41,0,6,90211535028230
3407,26553,41,0,7,90220124962822
3408,26553,42,0,0,92359018676230
3409,26553,42,0,1,92367608610822
3410,26553,42,0,2,92376198545414
3411,26553,42,0,3,92384788480006
3412,26553,42,0,4,92393378414598
3413,26553,42,0,5,92401968349190
3414,26553,42,0,6,92410558283782
3415,26553,42,0,7,92419148218374
3416,26553,43,0,0,94558041931782
3417,26553,43,0,1,94566631866374
3418,26553,43,0,2,94575221800966
3419,26553,43,0,3,94583811735558
3420,26553,43,0,4,94592401670150
3421,26553,43,0,5,94600991604742
3422,26553,43,0,6,94609581539334
3423,26553,43,0,7,94618171473926
3424,26553,44,0,0,96757065187334
3425,26553,44,0,1,96765655121926
3426,26553,44,0,2,96774245056518
3427,26553,44,0,3,96782834991110
3428,26553,44,0,4,96791424925702
3429,26553,44,0,5,96800014860294
3430,26553,44,0,6,96808604794886
3431,26553,44,0,7,96817194729478
3432,26553,45,0,0,98956088442886
3433,26553,45,0,1,98964678377478
3434,26553,45,0,2,98973268312070
3435,26553,45,0,3,98981858246662
3436,26553,45,0,4,98990448181254
3437,26553,45,0,5,98999038115846
3438,26553,45,0,6,99007628050438
3439,26553,45,0,7,99016217985030
3440,26553,46,0,0,101155111698438
3441,26553,46,0,1,101163701633030
3442,26553,46,0,2,101172291567622
3443,26553,46,0,3,101180881502214
3444,26553,46,0,4,101189471436806
3445,26553,46,0,5,101198061371398
3446,26553,46,0,6,101206651305990
3447,26553,46,0,7,101215241240582
3448,26553,47,0,0,103354134953990
3449,26553,47,0,1,103362724888582
3450,26553,47,0,2,103371314823174
3451,26553,47,0,3,103379904757766
3452,26553,47,0,4,103388494692358
3453,26553,47,0,5,103397084626950
3454,26553,47,0,6,103405674561542
3455,26553,47,0,7,103414264496134
3456,26553,48,0,0,105553158209542
3457,26553,48,0,1,105561748144134
3458,26553,48,0,2,105570338078726
3459,26553,48,0,3,105578928013318
3460,26553,48,0,4,105587517947910
3461,26553,48,0,5,105596107882502
3462,26553,48,0,6,105604697817094
3463,26553,48,0,7,105613287751686
3464,26553,49,0,0,107752181465094
3465,26553,49,0,1,107760771399686
3466,26553,49,0,2,107769361334278
3467,26553,49,0,3,107777951268870
3468,26553,49,0,4,107786541203462
3469,26553,49,0,5,107795131138054
3470,26553,49,0,6,107803721072646
3471,26553,49,0,7,107812311007238
3472,26553,50,0,0,109951204720646
3473,26553,50,0,1,109959794655238
3474,26553,50,0,2,109968384589830
3475,26553,50,0,3,109976974524422
3476,26553,50,0,4,109985564459014
3477,26553,50,0,5,109994154393606
3478,26553,50,0,6,110002744328198
3479,26553,50,0,7,110011334262790
3480,26553,51,0,0,112150227976198
3481,26553,51,0,1,112158817910790
3482,26553,51,0,2,112167407845382
3483,26553,51,0,3,112175997779974
3484,26553,51,0,4,112184587714566
3485,26553,51,0,5,112193177649158
3486,26553,51,0,6,112201767583750
3487,26553,51,0,7,112210357518342
3488,26553,52,0,0,114349251231750
3489,26553,52,0,1,114357841166342
3490,26553,52,0,2,114366431100934
3491,26553,52,0,3,114375021035526
3492,26553,52,0,4,114383610970118
3493,26553,52,0,5,114392200904710
3494,26553,52,0,6,114400790839302
3495,26553,52,0,7,114409380773894
3496,26553,53,0,0,116548274487302
3497,26553,53,0,1,116556864421894
3498,26553,53,0,2,116565454356486
3499,26553,53,0,3,116574044291078
3500,26553,53,0,4,116582634225670
3501,26553,53,0,5,116591224160262
3502,26553,53,0,6,116599814094854
3503,26553,53,0,7,116608404029446
3504,26553,54,0,0,118747297742854
3505,26553,54,0,1,118755887677446
3506,26553,54,0,2,118764477612038
3507,26553,54,0,3,118773067546630
3508,26553,54,0,4,118781657481222
3509,26553,54,0,5,118790247415814
3510,26553,54,0,6,118798837350406
3511,26553,54,0,7,118807427284998
3512,26553,55,0,0,120946320998406
3513,26553,55,0,1,120954910932998
3514,26553,55,0,2,120963500867590
3515,26553,55,0,3,120972090802182
3516,26553,55,0,4,120980680736774
3517,26553,55,0,5,120989270671366
3518,26553,55,0,6,120997860605958
3519,26553,55,0,7,121006450540550
3520,26553,56,0,0,123145344253958
3521,26553,56,0,1,123153934188550
3522,26553,56,0,2,123162524123142
3523,26553,56,0,3,123171114057734
3524,26553,56,0,4,123179703992326
3525,26553,56,0,5,123188293926918
3526,26553,56,0,6,123196883861510
3527,26553,56,0,7,123205473796102
3528,26553,57,0,0,125344367509510
3529,26553,57,0,1,125352957444102
3530,26553,57,0,2,125361547378694
3531,26553,57,0,3,125370137313286
3532,26553,57,0,4,125378727247878
3533,26553,57,0,5,125387317182470
3534,26553,57,0,6,125395907117062
3535,26553,57,0,7,125404497051654
3536,26553,58,0,0,127543390765062
3537,26553,58,0,1,127551980699654
3538,26553,58,0,2,127560570634246
3539,26553,58,0,3,127569160568838
3540,26553,58,0,4,127577750503430
3541,26553,58,0,5,127586340438022
3542,26553,58,0,6,127594930372614
3543,26553,58,0,7,127603520307206
3544,26553,59,0,0,129742414020614
3545,26553,59,0,1,129751003955206
3546,26553,59,0,2,129759593889798
3547,26553,59,0,3,129768183824390
3548,26553,59,0,4,129776773758982
3549,26553,59,0,5,129785363693574
3550,26553,59,0,6,129793953628166
3551,26553,59,0,7,129802543562758
3552,26553,60,0,0,131941437276166
3553,26553,60,0,1,131950027210758
3554,26553,60,0,2,131958617145350
3555,26553,60,0,3,131967207079942
3556,26553,60,0,4,131975797014534
3557,26553,60,0,5,131984386949126
3558,26553,60,0,6,131992976883718
3559,26553,60,0,7,132001566818310
3560,26553,61,0,0,134140460531718
3561,26553,61,0,1,134149050466310
3562,26553,61,0,2,134157640400902
3563,26553,61,0,3,134166230335494
3564,26553,61,0,4,134174820270086
3565,26553,61,0,5,134183410204678
3566,26553,61,0,6,134192000139270
3567,26553,61,0,7,134200590073862
3568,26553,62,0,0,136339483787270
3569,26553,62,0,1,136348073721862
3570,26553,62,0,2,136356663656454
3571,26553,62,0,3,136365253591046
3572,26553,62,0,4,136373843525638
3573,26553,62,0,5,136382433460230
3574,26553,62,0,6,136391023394822
3575,26553,62,0,7,136399613329414
3576,26553,63,0,0,138538507042822
3577,26553,63,0,1,138547096977414
3578,26553,63,0,2,138555686912006
3579,26553,63,0,3,138564276846598
3580,26553,63,0,4,138572866781190
3581,26553,63,0,5,138581456715782
3582,26553,63,0,6,138590046650374
3583,26553,63,0,7,138598636584966
3584,26555,0,0,0,41943047
3585,26555,0,0,1,8631877639
3586,26555,0,0,2,17221812231
3587,26555,0,0,3,25811746823
3588,26555,0,0,4,34401681415
3589,26555,0,0,5,42991616007
3590,26555,0,0,6,51581550599
3591,26555,0,0,7,60171485191
3592,26555,1,0,0,2199065198599
3593,26555,1,0,1,2207655133191
3594,26555,1,0,2,2216245067783
3595,26555,1,0,3,2224835002375
3596,26555,1,0,4,2233424936967
3597,26555,1,0,5,2242014871559
3598,26555,1,0,6,2250604806151
3599,26555,1,0,7,2259194740743
3600,26555,2,0,0,4398088454151
3601,26555,2,0,1,4406678388743
3602,26555,2,0,2,4415268323335
3603,26555,2,0,3,4423858257927
3604,26555,2,0,4,4432448192519
3605,26555,2,0,5,4441038127111
3606,26555,2,0,6,4449628061703
3607,26555,2,0,7,4458217996295
3608,26555,3,0,0,6597111709703
3609,26555,3,0,1,6605701644295
3610,26555,3,0,2,6614291578887
3611,26555,3,0,3,6622881513479
3612,26555,3,0,4,6631471448071
3613,26555,3,0,5,6640061382663
3614,26555,3,0,6,6648651317255
3615,26555,3,0,7,6657241251847
3616,26555,4,0,0,8796134965255
3617,26555,4,0,1,8804724899847
3618,26555,4,0,2,8813314834439
3619,26555,4,0,3,8821904769031
3620,26555,4,0,4,8830494703623
3621,26555,4,0,5,8839084638215
3622,26555,4,0,6,8847674572807
3623,26555,4,0,7,8856264507399
3624,26555,5,0,0,10995158220807
3625,26555,5,0,1,11003748155399
3626,26555,5,0,2,11012338089991
3627,26555,5,0,3,11020928024583
3628,26555,5,0,4,11029517959175
3629,26555,5,0,5,11038107893767
3630,26555,5,0,6,11046697828359
3631,26555,5,0,7,11055287762951
3632,26555,6,0,0,13194181476359
3633,26555,6,0,1,13202771410951
3634,26555,6,0,2,13211361345543
3635,26555,6,0,3,13219951280135
3636,26555,6,0,4,13228541214727
3637,26555,6,0,5,13237131149319
3638,26555,6,0,6,13245721083911
3639,26555,6,0,7,13254311018503
3640,26555,7,0,0,15393204731911
3641,26555,7,0,1,15401794666503
3642,26555,7,0,2,15410384601095
3643,26555,7,0,3,15418974535687
3644,26555,7,0,4,15427564470279
3645,26555,7,0,5,15436154404871
3646,26555,7,0,6,15444744339463
3647,26555,7,0,7,15453334274055
3648,26555,8,0,0,17592227987463
3649,26555,8,0,1,17600817922055
3650,26555,8,0,2,17609407856647
3651,26555,8,0,3,17617997791239
3652,26555,8,0,4,17626587725831
3653,26555,8,0,5,17635177660423
3654,26555,8,0,6,17643767595015
3655,26555,8,0,7,17652357529607
3656,26555,9,0,0,19791251243015
3657,26555,9,0,1,19799841177607
3658,26555,9,0,2,19808431112199
3659,26555,9,0,3,19817021046791
3660,26555,9,0,4,19825610981383
3661,26555,9,0,5,19834200915975
3662,26555,9,0,6,19842790850567
3663,26555,9,0,7,19851380785159
3664,26555,10,0,0,21990274498567
3665,26555,10,0,1,21998864433159
3666,26555,10,0,2,22007454367751
3667,26555,10,0,3,22016044302343
3668,26555,10,0,4,22024634236935
3669,26555,10,0,5,22033224171527
3670,26555,10,0,6,22041814106119
3671,26555,10,0,7,22050404040711
3672,26555,11,0,0,24189297754119
3673,26555,11,0,1,24197887688711
3674,26555,11,0,2,24206477623303
3675,26555,11,0,3,24215067557895
3676,26555,11,0,4,24223657492487
3677,26555,11,0,5,24232247427079
3678,26555,11,0,6,24240837361671
3679,26555,11,0,7,24249427296263
3680,26555,12,0,0,26388321009671
3681,26555,12,0,1,26396910944263
3682,26555,12,0,2,26405500878855
3683,26555,12,0,3,26414090813447
3684,26555,12,0,4,26422680748039
3685,26555,12,0,5,26431270682631
3686,26555,12,0,6,26439860617223
3687,26555,12,0,7,26448450551815
3688,26555,13,0,0,28587344265223
3689,26555,13,0,1,28595934199815
3690,26555,13,0,2,28604524134407
3691,26555,13,0,3,28613114068999
3692,26555,13,0,4,28621704003591
3693,26555,13,0,5,28630293938183
3694,26555,13,0,6,28638883872775
3695,26555,13,0,7,28647473807367
3696,26555,14,0,0,30786367520775
3697,26555,14,0,1,30794957455367
3698,26555,14,0,2,30803547389959
3699,26555,14,0,3,30812137324551
3700,26555,14,0,4,30820727259143
3701,26555,14,0,5,30829317193735
3702,26555,14,0,6,30837907128327
3703,26555,14,0,7,30846497062919
3704,26555,15,0,0,32985390776327
3705,26555,15,0,1,32993980710919
3706,26555,15,0,2,33002570645511
3707,26555,15,0,3,33011160580103
3708,26555,15,0,4,33019750514695
3709,26555,15,0,5,33028340449287
3710,26555,15,0,6,33036930383879
3711,26555,15,0,7,33045520318471
3712,26555,16,0,0,35184414031879
3713,26555,16,0,1,35193003966471
3714,26555,16,0,2,35201593901063
3715,26555,16,0,3,35210183835655
3716,26555,16,0,4,35218773770247
3717,26555,16,0,5,35227363704839
3718,26555,16,0,6,35235953639431
3719,26555,16,0,7,35244543574023
3720,26555,17,0,0,37383437287431
3721,26555,17,0,1,37392027222023
3722,26555,17,0,2,37400617156615
3723,26555,17,0,3,37409207091207
3724,26555,17,0,4,37417797025799
3725,26555,17,0,5,37426386960391
3726,26555,17,0,6,37434976894983
3727,26555,17,0,7,37443566829575
3728,26555,18,0,0,39582460542983
3729,26555,18,0,1,39591050477575
3730,26555,18,0,2,39599640412167
3731,26555,18,0,3,39608230346759
3732,26555,18,0,4,39616820281351
3733,26555,18,0,5,39625410215943
3734,26555,18,0,6,39634000150535
3735,26555,18,0,7,39642590085127
3736,26555,19,0,0,41781483798535
3737,26555,19,0,1,41790073733127
3738,26555,19,0,2,41798663667719
3739,26555,19,0,3,41807253602311
3740,26555,19,0,4,41815843536903
3741,26555,19,0,5,41824433471495
3742,26555,19,0,6,41833023406087
3743,26555,19,0,7,41841613340679
3744,26555,20,0,0,43980507054087
3745,26555,20,0,1,43989096988679
3746,26555,20,0,2,43997686923271
3747,26555,20,0,3,44006276857863
3748,26555,20,0,4,44014866792455
3749,26555,20,0,5,44023456727047
3750,26555,20,0,6,44032046661639
3751,26555,20,0,7,44040636596231
3752,26555,21,0,0,46179530309639
3753,26555,21,0,1,46188120244231
3754,26555,21,0,2,46196710178823
3755,26555,21,0,3,46205300113415
3756,26555,21,0,4,46213890048007
3757,26555,21,0,5,46222479982599
3758,26555,21,0,6,46231069917191
3759,26555,21,0,7,46239659851783
3760,26555,22,0,0,48378553565191
3761,26555,22,0,1,48387143499783
3762,26555,22,0,2,48395733434375
3763,26555,22,0,3,48404323368967
3764,26555,22,0,4,48412913303559
3765,26555,22,0,5,48421503238151
3766,26555,22,0,6,48430093172743
3767,26555,22,0,7,48438683107335
3768,26555,23,0,0,50577576820743
3769,26555,23,0,1,50586166755335
3770,26555,23,0,2,50594756689927
3771,26555,23,0,3,50603346624519
3772,26555,23,0,4,50611936559111
3773,26555,23,0,5,50620526493703
3774,26555,23,0,6,50629116428295
3775,26555,23,0,7,50637706362887
3776,26555,24,0,0,52776600076295
3777,26555,24,0,1,52785190010887
3778,26555,24,0,2,52793779945479
3779,26555,24,0,3,52802369880071
3780,26555,24,0,4,52810959814663
3781,26555,24,0,5,52819549749255
3782,26555,24,0,6,52828139683847
3783,26555,24,0,7,52836729618439
3784,26555,25,0,0,54975623331847
3785,26555,25,0,1,54984213266439
3786,26555,25,0,2,54992803201031
3787,26555,25,0,3,55001393135623
3788,26555,25,0,4,55009983070215
3789,26555,25,0,5,55018573004807
3790,26555,25,0,6,55027162939399
3791,26555,25,0,7,55035752873991
3792,26555,26,0,0,57174646587399
3793,26555,26,0,1,57183236521991
3794,26555,26,0,2,57191826456583
3795,26555,26,0,3,57200416391175
3796,26555,26,0,4,57209006325767
3797,26555,26,0,5,57217596260359
3798,26555,26,0,6,57226186194951
3799,26555,26,0,7,57234776129543
3800,26555,27,0,0,59373669842951
3801,26555,27,0,1,59382259777543
3802,26555,27,0,2,59390849712135
3803,26555,27,0,3,59399439646727
3804,26555,27,0,4,59408029581319
3805,26555,27,0,5,59416619515911
3806,26555,27,0,6,59425209450503
3807,26555,27,0,7,59433799385095
3808,26555,28,0,0,61572693098503
3809,26555,28,0,1,61581283033095
3810,26555,28,0,2,61589872967687
3811,26555,28,0,3,61598462902279
3812,26555,28,0,4,61607052836871
3813,26555,28,0,5,61615642771463
3814,26555,28,0,6,61624232706055
3815,26555,28,0,7,61632822640647
3816,26555,29,0,0,63771716354055
3817,26555,29,0,1,63780306288647
3818,26555,29,0,2,63788896223239
3819,26555,29,0,3,63797486157831
3820,26555,29,0,4,63806076092423
3821,26555,29,0,5,63814666027015
3822,26555,29,0,6,63823255961607
3823,26555,29,0,7,63831845896199
3824,26555,30,0,0,65970739609607
3825,26555,30,0,1,65979329544199
3826,26555,30,0,2,65987919478791
3827,26555,30,0,3,65996509413383
3828,26555,30,0,4,66005099347975
3829,26555,30,0,5,66013689282567
3830,26555,30,0,6,66022279217159
3831,26555,30,0,7,66030869151751
3832,26555,31,0,0,68169762865159
3833,26555,31,0,1,68178352799751
3834,26555,31,0,2,68186942734343
3835,26555,31,0,3,68195532668935
3836,26555,31,0,4,68204122603527
3837,26555,31,0,5,68212712538119
3838,26555,31,0,6,68221302472711
3839,26555,31,0,7,68229892407303
3840,26555,32,0,0,70368786120711
3841,26555,32,0,1,70377376055303
3842,26555,32,0,2,70385965989895
3843,26555,32,0,3,70394555924487
3844,26555,32,0,4,70403145859079
3845,26555,32,0,5,70411735793671
3846,26555,32,0,6,70420325728263
3847,26555,32,0,7,70428915662855
3848,26555,33,0,0,72567809376263
3849,26555,33,0,1,72576399310855
3850,26555,33,0,2,72584989245447
3851,26555,33,0,3,72593579180039
3852,26555,33,0,4,72602169114631
3853,26555,33,0,5,72610759049223
3854,26555,33,0,6,72619348983815
3855,26555,33,0,7,72627938918407
3856,26555,34,0,0,74766832631815
3857,26555,34,0,1,74775422566407
3858,26555,34,0,2,74784012500999
3859,26555,34,0,3,74792602435591
3860,26555,34,0,4,74801192370183
3861,26555,34,0,5,74809782304775
3862,26555,34,0,6,74818372239367
3863,26555,34,0,7,74826962173959
3864,26555,35,0,0,76965855887367
3865,26555,35,0,1,76974445821959
3866,26555,35,0,2,76983035756551
3867,26555,35,0,3,76991625691143
3868,26555,35,0,4,77000215625735
3869,26555,35,0,5,77008805560327
3870,26555,35,0,6,77017395494919
3871,26555,35,0,7,77025985429511
3872,26555,36,0,0,79164879142919
3873,26555,36,0,1,79173469077511
3874,26555,36,0,2,79182059012103
3875,26555,36,0,3,79190648946695
3876,26555,36,0,4,79199238881287
3877,26555,36,0,5,79207828815879
3878,26555,36,0,6,79216418750471
3879,26555,36,0,7,79225008685063
3880,26555,37,0,0,81363902398471
3881,26555,37,0,1,81372492333063
3882,26555,37,0,2,81381082267655
3883,26555,37,0,3,81389672202247
3884,26555,37,0,4,81398262136839
3885,26555,37,0,5,81406852071431
3886,26555,37,0,6,81415442006023
3887,26555,37,0,7,81424031940615
3888,26555,38,0,0,83562925654023
3889,26555,38,0,1,83571515588615
3890,26555,38,0,2,83580105523207
3891,26555,38,0,3,83588695457799
3892,26555,38,0,4,83597285392391
3893,26555,38,0,5,83605875326983
3894,26555,38,0,6,83614465261575
3895,26555,38,0,7,83623055196167
3896,26555,39,0,0,85761948909575
3897,26555,39,0,1,85770538844167
3898,26555,39,0,2,85779128778759
3899,26555,39,0,3,85787718713351
3900,26555,39,0,4,85796308647943
3901,26555,39,0,5,85804898582535
3902,26555,39,0,6,85813488517127
3903,26555,39,0,7,85822078451719
3904,26555,40,0,0,87960972165127
3905,26555,40,0,1,87969562099719
3906,26555,40,0,2,87978152034311
3907,26555,40,0,3,87986741968903
3908,26555,40,0,4,87995331903495
3909,26555,40,0,5,88003921838087
3910,26555,40,0,6,88012511772679
3911,26555,40,0,7,88021101707271
3912,26555,41,0,0,90159995420679
3913,26555,41,0,1,90168585355271
3914,26555,41,0,2,90177175289863
3915,26555,41,0,3,90185765224455
3916,26555,41,0,4,90194355159047
3917,26555,41,0,5,90202945093639
3918,26555,41,0,6,90211535028231
3919,26555,41,0,7,90220124962823
3920,26555,42,0,0,92359018676231
3921,26555,42,0,1,92367608610823
3922,26555,42,0,2,92376198545415
3923,26555,42,0,3,92384788480007
3924,26555,42,0,4,92393378414599
3925,26555,42,0,5,92401968349191
3926,26555,42,0,6,92410558283783
3927,26555,42,0,7,92419148218375
3928,26555,43,0,0,94558041931783
3929,26555,43,0,1,94566631866375
3930,26555,43,0,2,94575221800967
3931,26555,43,0,3,94583811735559
3932,26555,43,0,4,94592401670151
3933,26555,43,0,5,94600991604743
3934,26555,43,0,6,94609581539335
3935,26555,43,0,7,94618171473927
3936,26555,44,0,0,96757065187335
3937,26555,44,0,1,96765655121927
3938,26555,44,0,2,96774245056519
3939,26555,44,0,3,96782834991111
3940,26555,44,0,4,96791424925703
3941,26555,44,0,5,96800014860295
3942,26555,44,0,6,96808604794887
3943,26555,44,0,7,96817194729479
3944,26555,45,0,0,98956088442887
3945,26555,45,0,1,98964678377479
3946,26555,45,0,2,98973268312071
3947,26555,45,0,3,98981858246663
3948,26555,45,0,4,98990448181255
3949,26555,45,0,5,98999038115847
3950,26555,45,0,6,99007628050439
3951,26555,45,0,7,99016217985031
3952,26555,46,0,0,101155111698439
3953,26555,46,0,1,101163701633031
3954,26555,46,0,2,101172291567623
3955,26555,46,0,3,101180881502215
3956,26555,46,0,4,101189471436807
3957,26555,46,0,5,101198061371399
3958,26555,46,0,6,101206651305991
3959,26555,46,0,7,101215241240583
3960,26555,47,0,0,103354134953991
3961,26555,47,0,1,103362724888583
3962,26555,47,0,2,103371314823175
3963,26555,47,0,3,103379904757767
3964,26555,47,0,4,103388494692359
3965,26555,47,0,5,103397084626951
3966,26555,47,0,6,103405674561543
3967,26555,47,0,7,103414264496135
3968,26555,48,0,0,105553158209543
3969,26555,48,0,1,105561748144135
3970,26555,48,0,2,105570338078727
3971,26555,48,0,3,105578928013319
3972,26555,48,0,4,105587517947911
3973,26555,48,0,5,105596107882503
3974,26555,48,0,6,105604697817095
3975,26555,48,0,7,105613287751687
3976,26555,49,0,0,107752181465095
3977,26555,49,0,1,107760771399687
3978,26555,49,0,2,107769361334279
3979,26555,49,0,3,107777951268871
3980,26555,49,0,4,107786541203463
3981,26555,49,0,5,107795131138055
3982,26555,49,0,6,107803721072647
3983,26555,49,0,7,107812311007239
3984,26555,50,0,0,109951204720647
3985,26555,50,0,1,109959794655239
3986,26555,50,0,2,109968384589831
3987,26555,50,0,3,109976974524423
3988,26555,50,0,4,109985564459015
3989,26555,50,0,5,109994154393607
3990,26555,50,0,6,110002744328199
3991,26555,50,0,7,110011334262791
3992,26555,51,0,0,112150227976199
3993,26555,51,0,1,112158817910791
3994,26555,51,0,2,112167407845383
3995,26555,51,0,3,112175997779975
3996,26555,51,0,4,112184587714567
3997,26555,51,0,5,112193177649159
3998,26555,51,0,6,112201767583751
3999,26555,51,0,7,112210357518343
4000,26555,52,0,0,114349251231751
4001,26555,52,0,1,114357841166343
4002,26555,52,0,2,114366431100935
4003,26555,52,0,3,114375021035527
4004,26555,52,0,4,114383610970119
4005,26555,52,0,5,114392200904711
4006,26555,52,0,6,114400790839303
4007,26555,52,0,7,114409380773895
4008,26555,53,0,0,116548274487303
4009,26555,53,0,1,116556864421895
4010,26555,53,0,2,116565454356487
4011,26555,53,0,3,116574044291079
4012,26555,53,0,4,116582634225671
4013,26555,53,0,5,116591224160263
4014,26555,53,0,6,116599814094855
4015,26555,53,0,7,116608404029447
4016,26555,54,0,0,118747297742855
4017,26555,54,0,1,118755887677447
4018,26555,54,0,2,118764477612039
4019,26555,54,0,3,118773067546631
4020,26555,54,0,4,118781657481223
4021,26555,54,0,5,118790247415815
4022,26555,54,0,6,118798837350407
4023,26555,54,0,7,118807427284999
4024,26555,55,0,0,120946320998407
4025,26555,55,0,1,120954910932999
4026,26555,55,0,2,120963500867591
4027,26555,55,0,3,120972090802183
4028,26555,55,0,4,120980680736775
4029,26555,55,0,5,120989270671367
4030,26555,55,0,6,120997860605959
4031,26555,55,0,7,121006450540551
4032,26555,56,0,0,123145344253959
4033,26555,56,0,1,123153934188551
4034,26555,56,0,2,123162524123143
4035,26555,56,0,3,123171114057735
4036,26555,56,0,4,123179703992327
4037,26555,56,0,5,123188293926919
4038,26555,56,0,6,123196883861511
4039,26555,56,0,7,123205473796103
4040,26555,57,0,0,125344367509511
4041,26555,57,0,1,125352957444103
4042,26555,57,0,2,125361547378695
4043,26555,57,0,3,125370137313287
4044,26555,57,0,4,125378727247879
4045,26555,57,0,5,125387317182471
4046,26555,57,0,6,125395907117063
4047,26555,57,0,7,125404497051655
4048,26555,58,0,0,127543390765063
4049,26555,58,0,1,127551980699655
4050,26555,58,0,2,127560570634247
4051,26555,58,0,3,127569160568839
4052,26555,58,0,4,127577750503431
4053,26555,58,0,5,127586340438023
4054,26555,58,0,6,127594930372615
4055,26555,58,0,7,127603520307207
4056,26555,59,0,0,129742414020615
4057,26555,59,0,1,129751003955207
4058,26555,59,0,2,129759593889799
4059,26555,59,0,3,129768183824391
4060,26555,59,0,4,129776773758983
4061,26555,59,0,5,129785363693575
4062,26555,59,0,6,129793953628167
4063,26555,59,0,7,129802543562759
4064,26555,60,0,0,131941437276167
4065,26555,60,0,1,131950027210759
4066,26555,60,0,2,131958617145351
4067,26555,60,0,3,131967207079943
4068,26555,60,0,4,131975797014535
4069,26555,60,0,5,131984386949127
4070,26555,60,0,6,131992976883719
4071,26555,60,0,7,132001566818311
4072,26555,61,0,0,134140460531719
4073,26555,61,0,1,134149050466311
4074,26555,61,0,2,134157640400903
4075,26555,61,0,3,134166230335495
4076,26555,61,0,4,134174820270087
4077,26555,61,0,5,134183410204679
4078,26555,61,0,6,134192000139271
4079,26555,61,0,7,134200590073863
4080,26555,62,0,0,136339483787271
4081,26555,62,0,1,136348073721863
4082,26555,62,0,2,136356663656455
4083,26555,62,0,3,136365253591047
4084,26555,62,0,4,136373843525639
4085,26555,62,0,5,136382433460231
4086,26555,62,0,6,136391023394823
4087,26555,62,0,7,136399613329415
4088,26555,63,0,0,138538507042823
4089,26555,63,0,1,138547096977415
4090,26555,63,0,2,138555686912007
4091,26555,63,0,3,138564276846599
4092,26555,63,0,4,138572866781191
4093,26555,63,0,5,138581456715783
4094,26555,63,0,6,138590046650375
4095,26555,63,0,7,138598636584967
4096,26658,0,0,0,4336910336
4097,26658,0,0,1,12926844928
4098,26658,0,0,2,21516779520
4099,26658,0,0,3,30106714112
4100,26658,0,0,4,38696648704
4101,26658,0,0,5,47286583296
4102,26658,0,0,6,55876517888
4103,26658,0,0,7,64466452480
4104,26658,1,0,0,2203360165888
4105,26658,1,0,1,2211950100480
4106,26658,1,0,2,2220540035072
4107,26658,1,0,3,2229129969664
4108,26658,1,0,4,2237719904256
4109,26658,1,0,5,2246309838848
4110,26658,1,0,6,2254899773440
4111,26658,1,0,7,2263489708032
4112,26658,2,0,0,4402383421440
4113,26658,2,0,1,4410973356032
4114,26658,2,0,2,4419563290624
4115,26658,2,0,3,4428153225216
4116,26658,2,0,4,4436743159808
4117,26658,2,0,5,4445333094400
4118,26658,2,0,6,4453923028992
4119,26658,2,0,7,4462512963584
4120,26658,3,0,0,6601406676992
4121,26658,3,0,1,6609996611584
4122,26658,3,0,2,6618586546176
4123,26658,3,0,3,6627176480768
4124,26658,3,0,4,6635766415360
4125,26658,3,0,5,6644356349952
4126,26658,3,0,6,6652946284544
4127,26658,3,0,7,6661536219136
4128,26658,4,0,0,8800429932544
4129,26658,4,0,1,8809019867136
4130,26658,4,0,2,8817609801728
4131,26658,4,0,3,8826199736320
4132,26658,4,0,4,8834789670912
4133,26658,4,0,5,8843379605504
4134,26658,4,0,6,8851969540096
4135,26658,4,0,7,8860559474688
4136,26658,5,0,0,10999453188096
4137,26658,5,0,1,11008043122688
4138,26658,5,0,2,11016633057280
4139,26658,5,0,3,11025222991872
4140,26658,5,0,4,11033812926464
4141,26658,5,0,5,11042402861056
4142,26658,5,0,6,11050992795648
4143,26658,5,0,7,11059582730240
4144,26658,6,0,0,13198476443648
4145,26658,6,0,1,13207066378240
4146,26658,6,0,2,13215656312832
4147,26658,6,0,3,13224246247424
4148,26658,6,0,4,13232836182016
4149,26658,6,0,5,13241426116608
4150,26658,6,0,6,13250016051200
4151,26658,6,0,7,13258605985792
4152,26658,7,0,0,15397499699200
4153,26658,7,0,1,15406089633792
4154,26658,7,0,2,15414679568384
4155,26658,7,0,3,15423269502976
4156,26658,7,0,4,15431859437568
4157,26658,7,0,5,15440449372160
4158,26658,7,0,6,15449039306752
4159,26658,7,0,7,15457629241344
4160,26658,8,0,0,17596522954752
4161,26658,8,0,1,17605112889344
4162,26658,8,0,2,17613702823936
4163,26658,8,0,3,17622292758528
4164,26658,8,0,4,17630882693120
4165,26658,8,0,5,17639472627712
4166,26658,8,0,6,17648062562304
4167,26658,8,0,7,17656652496896
4168,26658,9,0,0,19795546210304
4169,26658,9,0,1,19804136144896
4170,26658,9,0,2,19812726079488
4171,26658,9,0,3,19821316014080
4172,26658,9,0,4,19829905948672
4173,26658,9,0,5,19838495883264
4174,26658,9,0,6,19847085817856
4175,26658,9,0,7,19855675752448
4176,26658,10,0,0,21994569465856
4177,26658,10,0,1,22003159400448
4178,26658,10,0,2,22011749335040
4179,26658,10,0,3,22020339269632
4180,26658,10,0,4,22028929204224
4181,26658,10,0,5,22037519138816
4182,26658,10,0,6,22046109073408
4183,26658,10,0,7,22054699008000
4184,26658,11,0,0,24193592721408
4185,26658,11,0,1,24202182656000
4186,26658,11,0,2,24210772590592
4187,26658,11,0,3,24219362525184
4188,26658,11,0,4,24227952459776
4189,26658,11,0,5,24236542394368
4190,26658,11,0,6,24245132328960
4191,26658,11,0,7,24253722263552
4192,26658,12,0,0,26392615976960
4193,26658,12,0,1,26401205911552
4194,26658,12,0,2,26409795846144
4195,26658,12,0,3,26418385780736
4196,26658,12,0,4,26426975715328
4197,26658,12,0,5,26435565649920
4198,26658,12,0,6,26444155584512
4199,26658,12,0,7,26452745519104
4200,26658,13,0,0,28591639232512
4201,26658,13,0,1,28600229167104
4202,26658,13,0,2,28608819101696
4203,26658,13,0,3,28617409036288
4204,26658,13,0,4,28625998970880
4205,26658,13,0,5,28634588905472
4206,26658,13,0,6,28643178840064
4207,26658,13,0,7,28651768774656
4208,26658,14,0,0,30790662488064
4209,26658,14,0,1,30799252422656
4210,26658,14,0,2,30807842357248
4211,26658,14,0,3,30816432291840
4212,26658,14,0,4,30825022226432
4213,26658,14,0,5,30833612161024
4214,26658,14,0,6,30842202095616
4215,26658,14,0,7,30850792030208
4216,26658,15,0,0,32989685743616
4217,26658,15,0,1,32998275678208
4218,26658,15,0,2,33006865612800
4219,26658,15,0,3,33015455547392
4220,26658,15,0,4,33024045481984
4221,26658,15,0,5,33032635416576
4222,26658,15,0,6,33041225351168
4223,26658,15,0,7,33049815285760
4224,26658,16,0,0,35188708999168
4225,26658,16,0,1,35197298933760
4226,26658,16,0,2,35205888868352
4227,26658,16,0,3,35214478802944
4228,26658,16,0,4,35223068737536
4229,26658,16,0,5,35231658672128
4230,26658,16,0,6,35240248606720
4231,26658,16,0,7,35248838541312
4232,26658,17,0,0,37387732254720
4233,26658,17,0,1,37396322189312
4234,26658,17,0,2,37404912123904
4235,26658,17,0,3,37413502058496
4236,26658,17,0,4,37422091993088
4237,26658,17,0,5,37430681927680
4238,26658,17,0,6,37439271862272
4239,26658,17,0,7,37447861796864
4240,26658,18,0,0,39586755510272
4241,26658,18,0,1,39595345444864
4242,26658,18,0,2,39603935379456
4243,26658,18,0,3,39612525314048
4244,26658,18,0,4,39621115248640
4245,26658,18,0,5,39629705183232
4246,26658,18,0,6,39638295117824
4247,26658,18,0,7,39646885052416
4248,26658,19,0,0,41785778765824
4249,26658,19,0,1,41794368700416
4250,26658,19,0,2,41802958635008
4251,26658,19,0,3,41811548569600
4252,26658,19,0,4,41820138504192
4253,26658,19,0,5,41828728438784
4254,26658,19,0,6,41837318373376
4255,26658,19,0,7,41845908307968
4256,26658,20,0,0,43984802021376
4257,26658,20,0,1,43993391955968
4258,26658,20,0,2,44001981890560
4259,26658,20,0,3,44010571825152
4260,26658,20,0,4,44019161759744
4261,26658,20,0,5,44027751694336
4262,26658,20,0,6,44036341628928
4263,26658,20,0,7,44044931563520
4264,26658,21,0,0,46183825276928
4265,26658,21,0,1,46192415211520
4266,26658,21,0,2,46201005146112
4267,26658,21,0,3,46209595080704
4268,26658,21,0,4,46218185015296
4269,26658,21,0,5,46226774949888
4270,26658,21,0,6,46235364884480
4271,26658,21,0,7,46243954819072
4272,26658,22,0,0,48382848532480
4273,26658,22,0,1,48391438467072
4274,26658,22,0,2,48400028401664
4275,26658,22,0,3,48408618336256
4276,26658,22,0,4,48417208270848
4277,26658,22,0,5,48425798205440
4278,26658,22,0,6,48434388140032
4279,26658,22,0,7,48442978074624
4280,26658,23,0,0,50581871788032
4281,26658,23,0,1,50590461722624
4282,26658,23,0,2,50599051657216
4283,26658,23,0,3,50607641591808
4284,26658,23,0,4,50616231526400
4285,26658,23,0,5,50624821460992
4286,26658,23,0,6,50633411395584
4287,26658,23,0,7,50642001330176
4288,26658,24,0,0,52780895043584
4289,26658,24,0,1,52789484978176
4290,26658,24,0,2,52798074912768
4291,26658,24,0,3,52806664847360
4292,26658,24,0,4,52815254781952
4293,26658,24,0,5,52823844716544
4294,26658,24,0,6,52832434651136
4295,26658,24,0,7,52841024585728
4296,26658,25,0,0,54979918299136
4297,26658,25,0,1,54988508233728
4298,26658,25,0,2,54997098168320
4299,26658,25,0,3,55005688102912
4300,26658,25,0,4,55014278037504
4301,26658,25,0,5,55022867972096
4302,26658,25,0,6,55031457906688
4303,26658,25,0,7,55040047841280
4304,26658,26,0,0,57178941554688
4305,26658,26,0,1,57187531489280
4306,26658,26,0,2,57196121423872
4307,26658,26,0,3,57204711358464
4308,26658,26,0,4,57213301293056
4309,26658,26,0,5,57221891227648
4310,26658,26,0,6,57230481162240
4311,26658,26,0,7,57239071096832
4312,26658,27,0,0,59377964810240
4313,26658,27,0,1,59386554744832
4314,26658,27,0,2,59395144679424
4315,26658,27,0,3,59403734614016
4316,26658,27,0,4,59412324548608
4317,26658,27,0,5,59420914483200
4318,26658,27,0,6,59429504417792
4319,26658,27,0,7,59438094352384
4320,26658,28,0,0,61576988065792
4321,26658,28,0,1,61585578000384
4322,26658,28,0,2,61594167934976
4323,26658,28,0,3,61602757869568
4324,26658,28,0,4,61611347804160
4325,26658,28,0,5,61619937738752
4326,26658,28,0,6,61628527673344
4327,26658,28,0,7,61637117607936
4328,26658,29,0,0,63776011321344
4329,26658,29,0,1,63784601255936
4330,26658,29,0,2,63793191190528
4331,26658,29,0,3,63801781125120
4332,26658,29,0,4,63810371059712
4333,26658,29,0,5,63818960994304
4334,26658,29,0,6,63827550928896
4335,26658,29,0,7,63836140863488
4336,26658,30,0,0,65975034576896
4337,26658,30,0,1,65983624511488
4338,26658,30,0,2,65992214446080
4339,26658,30,0,3,66000804380672
4340,26658,30,0,4,66009394315264
4341,26658,30,0,5,66017984249856
4342,26658,30,0,6,66026574184448
4343,26658,30,0,7,66035164119040
4344,26658,31,0,0,68174057832448
4345,26658,31,0,1,68182647767040
4346,26658,31,0,2,68191237701632
4347,26658,31,0,3,68199827636224
4348,26658,31,0,4,68208417570816
4349,26658,31,0,5,68217007505408
4350,26658,31,0,6,68225597440000
4351,26658,31,0,7,68234187374592
4352,26658,32,0,0,70373081088000
4353,26658,32,0,1,70381671022592
4354,26658,32,0,2,70390260957184
4355,26658,32,0,3,70398850891776
4356,26658,32,0,4,70407440826368
4357,26658,32,0,5,70416030760960
4358,26658,32,0,6,70424620695552
4359,26658,32,0,7,70433210630144
4360,26658,33,0,0,72572104343552
4361,26658,33,0,1,72580694278144
4362,26658,33,0,2,72589284212736
4363,26658,33,0,3,72597874147328
4364,26658,33,0,4,72606464081920
4365,26658,33,0,5,72615054016512
4366,26658,33,0,6,72623643951104
4367,26658,33,0,7,72632233885696
4368,26658,34,0,0,74771127599104
4369,26658,34,0,1,74779717533696
4370,26658,34,0,2,74788307468288
4371,26658,34,0,3,74796897402880
4372,26658,34,0,4,74805487337472
4373,26658,34,0,5,74814077272064
4374,26658,34,0,6,74822667206656
4375,26658,34,0,7,74831257141248
4376,26658,35,0,0,76970150854656
4377,26658,35,0,1,76978740789248
4378,26658,35,0,2,76987330723840
4379,26658,35,0,3,76995920658432
4380,26658,35,0,4,77004510593024
4381,26658,35,0,5,77013100527616
4382,26658,35,0,6,77021690462208
4383,26658,35,0,7,77030280396800
4384,26658,36,0,0,79169174110208
4385,26658,36,0,1,79177764044800
4386,26658,36,0,2,79186353979392
4387,26658,36,0,3,79194943913984
4388,26658,36,0,4,79203533848576
4389,26658,36,0,5,79212123783168
4390,26658,36,0,6,79220713717760
4391,26658,36,0,7,79229303652352
4392,26658,37,0,0,81368197365760
4393,26658,37,0,1,81376787300352
4394,26658,37,0,2,81385377234944
4395,26658,37,0,3,81393967169536
4396,26658,37,0,4,81402557104128
4397,26658,37,0,5,81411147038720
4398,26658,37,0,6,81419736973312
4399,26658,37,0,7,81428326907904
4400,26658,38,0,0,83567220621312
4401,26658,38,0,1,83575810555904
4402,26658,38,0,2,83584400490496
4403,26658,38,0,3,83592990425088
4404,26658,38,0,4,83601580359680
4405,26658,38,0,5,83610170294272
4406,26658,38,0,6,83618760228864
4407,26658,38,0,7,83627350163456
4408,26658,39,0,0,85766243876864
4409,26658,39,0,1,85774833811456
4410,26658,39,0,2,85783423746048
4411,26658,39,0,3,85792013680640
4412,26658,39,0,4,85800603615232
4413,26658,39,0,5,85809193549824
4414,26658,39,0,6,85817783484416
4415,26658,39,0,7,85826373419008
4416,26658,40,0,0,87965267132416
4417,26658,40,0,1,87973857067008
4418,26658,40,0,2,87982447001600
4419,26658,40,0,3,87991036936192
4420,26658,40,0,4,87999626870784
4421,26658,40,0,5,88008216805376
4422,26658,40,0,6,88016806739968
4423,26658,40,0,7,88025396674560
4424,26658,41,0,0,90164290387968
4425,26658,41,0,1,90172880322560
4426,26658,41,0,2,90181470257152
4427,26658,41,0,3,90190060191744
4428,26658,41,0,4,90198650126336
4429,26658,41,0,5,90207240060928
4430,26658,41,0,6,90215829995520
4431,26658,41,0,7,90224419930112
4432,26658,42,0,0,92363313643520
4433,26658,42,0,1,92371903578112
4434,26658,42,0,2,92380493512704
4435,26658,42,0,3,92389083447296
4436,26658,42,0,4,92397673381888
4437,26658,42,0,5,92406263316480
4438,26658,42,0,6,92414853251072
4439,26658,42,0,7,92423443185664
4440,26658,43,0,0,94562336899072
4441,26658,43,0,1,94570926833664
4442,26658,43,0,2,94579516768256
4443,26658,43,0,3,94588106702848
4444,26658,43,0,4,94596696637440
4445,26658,43,0,5,94605286572032
4446,26658,43,0,6,94613876506624
4447,26658,43,0,7,94622466441216
4448,26658,44,0,0,96761360154624
4449,26658,44,0,1,96769950089216
4450,26658,44,0,2,96778540023808
4451,26658,44,0,3,96787129958400
4452,26658,44,0,4,96795719892992
4453,26658,44,0,5,96804309827584
4454,26658,44,0,6,96812899762176
4455,26658,44,0,7,96821489696768
4456,26658,45,0,0,98960383410176
4457,26658,45,0,1,98968973344768
4458,26658,45,0,2,98977563279360
4459,26658,45,0,3,98986153213952
4460,26658,45,0,4,98994743148544
4461,26658,45,0,5,99003333083136
4462,26658,45,0,6,99011923017728
4463,26658,45,0,7,99020512952320
4464,26658,46,0,0,101159406665728
4465,26658,46,0,1,101167996600320
4466,26658,46,0,2,101176586534912
4467,26658,46,0,3,101185176469504
4468,26658,46,0,4,101193766404096
4469,26658,46,0,5,101202356338688
4470,26658,46,0,6,101210946273280
4471,26658,46,0,7,101219536207872
4472,26658,47,0,0,103358429921280
4473,26658,47,0,1,103367019855872
4474,26658,47,0,2,103375609790464
4475,26658,47,0,3,103384199725056
4476,26658,47,0,4,103392789659648
4477,26658,47,0,5,103401379594240
4478,26658,47,0,6,103409969528832
4479,26658,47,0,7,103418559463424
4480,26658,48,0,0,105557453176832
4481,26658,48,0,1,105566043111424
4482,26658,48,0,2,105574633046016
4483,26658,48,0,3,105583222980608
4484,26658,48,0,4,105591812915200
4485,26658,48,0,5,105600402849792
4486,26658,48,0,6,105608992784384
4487,26658,48,0,7,105617582718976
4488,26658,49,0,0,107756476432384
4489,26658,49,0,1,107765066366976
4490,26658,49,0,2,107773656301568
4491,26658,49,0,3,107782246236160
4492,26658,49,0,4,107790836170752
4493,26658,49,0,5,107799426105344
4494,26658,49,0,6,107808016039936
4495,26658,49,0,7,107816605974528
4496,26658,50,0,0,109955499687936
4497,26658,50,0,1,109964089622528
4498,26658,50,0,2,109972679557120
4499,26658,50,0,3,109981269491712
4500,26658,50,0,4,109989859426304
4501,26658,50,0,5,109998449360896
4502,26658,50,0,6,110007039295488
4503,26658,50,0,7,110015629230080
4504,26658,51,0,0,112154522943488
4505,26658,51,0,1,112163112878080
4506,26658,51,0,2,112171702812672
4507,26658,51,0,3,112180292747264
4508,26658,51,0,4,112188882681856
4509,26658,51,0,5,112197472616448
4510,26658,51,0,6,112206062551040
4511,26658,51,0,7,112214652485632
4512,26658,52,0,0,114353546199040
4513,26658,52,0,1,114362136133632
4514,26658,52,0,2,114370726068224
4515,26658,52,0,3,114379316002816
4516,26658,52,0,4,114387905937408
4517,26658,52,0,5,114396495872000
4518,26658,52,0,6,114405085806592
4519,26658,52,0,7,114413675741184
4520,26658,53,0,0,116552569454592
4521,26658,53,0,1,116561159389184
4522,26658,53,0,2,116569749323776
4523,26658,53,0,3,116578339258368
4524,26658,53,0,4,116586929192960
4525,26658,53,0,5,116595519127552
4526,26658,53,0,6,116604109062144
4527,26658,53,0,7,116612698996736
4528,26658,54,0,0,118751592710144
4529,26658,54,0,1,118760182644736
4530,26658,54,0,2,118768772579328
4531,26658,54,0,3,118777362513920
4532,26658,54,0,4,118785952448512
4533,26658,54,0,5,118794542383104
4534,26658,54,0,6,118803132317696
4535,26658,54,0,7,118811722252288
4536,26658,55,0,0,120950615965696
4537,26658,55,0,1,120959205900288
4538,26658,55,0,2,120967795834880
4539,26658,55,0,3,120976385769472
4540,26658,55,0,4,120984975704064
4541,26658,55,0,5,120993565638656
4542,26658,55,0,6,121002155573248
4543,26658,55,0,7,121010745507840
4544,26658,56,0,0,123149639221248
4545,26658,56,0,1,123158229155840
4546,26658,56,0,2,123166819090432
4547,26658,56,0,3,123175409025024
4548,26658,56,0,4,123183998959616
4549,26658,56,0,5,123192588894208
4550,26658,56,0,6,123201178828800
4551,26658,56,0,7,123209768763392
4552,26658,57,0,0,125348662476800
4553,26658,57,0,1,125357252411392
4554,26658,57,0,2,125365842345984
4555,26658,57,0,3,125374432280576
4556,26658,57,0,4,125383022215168
4557,26658,57,0,5,125391612149760
4558,26658,57,0,6,125400202084352
4559,26658,57,0,7,125408792018944
4560,26658,58,0,0,127547685732352
4561,26658,58,0,1,127556275666944
4562,26658,58,0,2,127564865601536
4563,26658,58,0,3,127573455536128
4564,26658,58,0,4,127582045470720
4565,26658,58,0,5,127590635405312
4566,26658,58,0,6,127599225339904
4567,26658,58,0,7,127607815274496
4568,26658,59,0,0,129746708987904
4569,26658,59,0,1,129755298922496
4570,26658,59,0,2,129763888857088
4571,26658,59,0,3,129772478791680
4572,26658,59,0,4,129781068726272
4573,26658,59,0,5,129789658660864
4574,26658,59,0,6,129798248595456
4575,26658,59,0,7,129806838530048
4576,26658,60,0,0,131945732243456
4577,26658,60,0,1,131954322178048
4578,26658,60,0,2,131962912112640
4579,26658,60,0,3,131971502047232
4580,26658,60,0,4,131980091981824
4581,26658,60,0,5,131988681916416
4582,26658,60,0,6,131997271851008
4583,26658,60,0,7,132005861785600
4584,26658,61,0,0,134144755499008
4585,26658,61,0,1,134153345433600
4586,26658,61,0,2,134161935368192
4587,26658,61,0,3,134170525302784
4588,26658,61,0,4,134179115237376
4589,26658,61,0,5,134187705171968
4590,26658,61,0,6,134196295106560
4591,26658,61,0,7,134204885041152
4592,26658,62,0,0,136343778754560
4593,26658,62,0,1,136352368689152
4594,26658,62,0,2,136360958623744
4595,26658,62,0,3,136369548558336
4596,26658,62,0,4,136378138492928
4597,26658,62,0,5,136386728427520
4598,26658,62,0,6,136395318362112
4599,26658,62,0,7,136403908296704
4600,26658,63,0,0,138542802010112
4601,26658,63,0,1,138551391944704
4602,26658,63,0,2,138559981879296
4603,26658,63,0,3,138568571813888
4604,26658,63,0,4,138577161748480
4605,26658,63,0,5,138585751683072
4606,26658,63,0,6,138594341617664
4607,26658,63,0,7,138602931552256
4608,26661,0,0,0,4336910337
4609,26661,0,0,1,12926844929
4610,26661,0,0,2,21516779521
4611,26661,0,0,3,30106714113
4612,26661,0,0,4,38696648705
4613,26661,0,0,5,47286583297
4614,26661,0,0,6,55876517889
4615,26661,0,0,7,64466452481
4616,26661,1,0,0,2203360165889
4617,26661,1,0,1,2211950100481
4618,26661,1,0,2,2220540035073
4619,26661,1,0,3,2229129969665
4620,26661,1,0,4,2237719904257
4621,26661,1,0,5,2246309838849
4622,26661,1,0,6,2254899773441
4623,26661,1,0,7,2263489708033
4624,26661,2,0,0,4402383421441
4625,26661,2,0,1,4410973356033
4626,26661,2,0,2,4419563290625
4627,26661,2,0,3,4428153225217
4628,26661,2,0,4,4436743159809
4629,26661,2,0,5,4445333094401
4630,26661,2,0,6,4453923028993
4631,26661,2,0,7,4462512963585
4632,26661,3,0,0,6601406676993
4633,26661,3,0,1,6609996611585
4634,26661,3,0,2,6618586546177
4635,26661,3,0,3,6627176480769
4636,26661,3,0,4,6635766415361
4637,26661,3,0,5,6644356349953
4638,26661,3,0,6,6652946284545
4639,26661,3,0,7,6661536219137
4640,26661,4,0,0,8800429932545
4641,26661,4,0,1,8809019867137
4642,26661,4,0,2,8817609801729
4643,26661,4,0,3,8826199736321
4644,26661,4,0,4,8834789670913
4645,26661,4,0,5,8843379605505
4646,26661,4,0,6,8851969540097
4647,26661,4,0,7,8860559474689
4648,26661,5,0,0,10999453188097
4649,26661,5,0,1,11008043122689
4650,26661,5,0,2,11016633057281
4651,26661,5,0,3,11025222991873
4652,26661,5,0,4,11033812926465
4653,26661,5,0,5,11042402861057
4654,26661,5,0,6,11050992795649
4655,26661,5,0,7,11059582730241
4656,26661,6,0,0,13198476443649
4657,26661,6,0,1,13207066378241
4658,26661,6,0,2,13215656312833
4659,26661,6,0,3,13224246247425
4660,26661,6,0,4,13232836182017
4661,26661,6,0,5,13241426116609
4662,26661,6,0,6,13250016051201
4663,26661,6,0,7,13258605985793
4664,26661,7,0,0,15397499699201
4665,26661,7,0,1,15406089633793
4666,26661,7,0,2,15414679568385
4667,26661,7,0,3,15423269502977
4668,26661,7,0,4,15431859437569
4669,26661,7,0,5,15440449372161
4670,26661,7,0,6,15449039306753
4671,26661,7,0,7,15457629241345
4672,26661,8,0,0,17596522954753
4673,26661,8,0,1,17605112889345
4674,26661,8,0,2,17613702823937
4675,26661,8,0,3,17622292758529
4676,26661,8,0,4,17630882693121
4677,26661,8,0,5,17639472627713
4678,26661,8,0,6,17648062562305
4679,26661,8,0,7,17656652496897
4680,26661,9,0,0,19795546210305
4681,26661,9,0,1,19804136144897
4682,26661,9,0,2,19812726079489
4683,26661,9,0,3,19821316014081
4684,26661,9,0,4,19829905948673
4685,26661,9,0,5,19838495883265
4686,26661,9,0,6,19847085817857
4687,26661,9,0,7,19855675752449
4688,26661,10,0,0,21994569465857
4689,26661,10,0,1,22003159400449
4690,26661,10,0,2,22011749335041
4691,26661,10,0,3,22020339269633
4692,26661,10,0,4,22028929204225
4693,26661,10,0,5,22037519138817
4694,26661,10,0,6,22046109073409
4695,26661,10,0,7,22054699008001
4696,26661,11,0,0,24193592721409
4697,26661,11,0,1,24202182656001
4698,26661,11,0,2,24210772590593
4699,26661,11,0,3,24219362525185
4700,26661,11,0,4,24227952459777
4701,26661,11,0,5,24236542394369
4702,26661,11,0,6,24245132328961
4703,26661,11,0,7,24253722263553
4704,26661,12,0,0,26392615976961
4705,26661,12,0,1,26401205911553
4706,26661,12,0,2,26409795846145
4707,26661,12,0,3,26418385780737
4708,26661,12,0,4,26426975715329
4709,26661,12,0,5,26435565649921
4710,26661,12,0,6,26444155584513
4711,26661,12,0,7,26452745519105
4712,26661,13,0,0,28591639232513
4713,26661,13,0,1,28600229167105
4714,26661,13,0,2,28608819101697
4715,26661,13,0,3,28617409036289
4716,26661,13,0,4,28625998970881
4717,26661,13,0,5,28634588905473
4718,26661,13,0,6,28643178840065
4719,26661,13,0,7,28651768774657
4720,26661,14,0,0,30790662488065
4721,26661,14,0,1,30799252422657
4722,26661,14,0,2,30807842357249
4723,26661,14,0,3,30816432291841
4724,26661,14,0,4,30825022226433
4725,26661,14,0,5,30833612161025
4726,26661,14,0,6,30842202095617
4727,26661,14,0,7,30850792030209
4728,26661,15,0,0,32989685743617
4729,26661,15,0,1,32998275678209
4730,26661,15,0,2,33006865612801
4731,26661,15,0,3,33015455547393
4732,26661,15,0,4,33024045481985
4733,26661,15,0,5,33032635416577
4734,26661,15,0,6,33041225351169
4735,26661,15,0,7,33049815285761
4736,26661,16,0,0,35188708999169
4737,26661,16,0,1,35197298933761
4738,26661,16,0,2,35205888868353
4739,26661,16,0,3,35214478802945
4740,26661,16,0,4,35223068737537
4741,26661,16,0,5,35231658672129
4742,26661,16,0,6,35240248606721
4743,26661,16,0,7,35248838541313
4744,26661,17,0,0,37387732254721
4745,26661,17,0,1,37396322189313
4746,26661,17,0,2,37404912123905
4747,26661,17,0,3,37413502058497
4748,26661,17,0,4,37422091993089
4749,26661,17,0,5,37430681927681
4750,26661,17,0,6,37439271862273
4751,26661,17,0,7,37447861796865
4752,26661,18,0,0,39586755510273
4753,26661,18,0,1,39595345444865
4754,26661,18,0,2,39603935379457
4755,26661,18,0,3,39612525314049
4756,26661,18,0,4,39621115248641
4757,26661,18,0,5,39629705183233
4758,26661,18,0,6,39638295117825
4759,26661,18,0,7,39646885052417
4760,26661,19,0,0,41785778765825
4761,26661,19,0,1,41794368700417
4762,26661,19,0,2,41802958635009
4763,26661,19,0,3,41811548569601
4764,26661,19,0,4,41820138504193
4765,26661,19,0,5,41828728438785
4766,26661,19,0,6,41837318373377
4767,26661,19,0,7,41845908307969
4768,26661,20,0,0,43984802021377
4769,26661,20,0,1,43993391955969
4770,26661,20,0,2,44001981890561
4771,26661,20,0,3,44010571825153
4772,26661,20,0,4,44019161759745
4773,26661,20,0,5,44027751694337
4774,26661,20,0,6,44036341628929
4775,26661,20,0,7,44044931563521
4776,26661,21,0,0,46183825276929
4777,26661,21,0,1,46192415211521
4778,26661,21,0,2,46201005146113
4779,26661,21,0,3,46209595080705
4780,26661,21,0,4,46218185015297
4781,26661,21,0,5,46226774949889
4782,26661,21,0,6,46235364884481
4783,26661,21,0,7,46243954819073
4784,26661,22,0,0,48382848532481
4785,26661,22,0,1,48391438467073
4786,26661,22,0,2,48400028401665
4787,26661,22,0,3,48408618336257
4788,26661,22,0,4,48417208270849
4789,26661,22,0,5,48425798205441
4790,26661,22,0,6,48434388140033
4791,26661,22,0,7,48442978074625
4792,26661,23,0,0,50581871788033
4793,26661,23,0,1,50590461722625
4794,26661,23,0,2,50599051657217
4795,26661,23,0,3,50607641591809
4796,26661,23,0,4,50616231526401
4797,26661,23,0,5,50624821460993
4798,26661,23,0,6,50633411395585
4799,26661,23,0,7,50642001330177
4800,26661,24,0,0,52780895043585
4801,26661,24,0,1,52789484978177
4802,26661,24,0,2,52798074912769
4803,26661,24,0,3,52806664847361
4804,26661,24,0,4,52815254781953
4805,26661,24,0,5,52823844716545
4806,26661,24,0,6,52832434651137
4807,26661,24,0,7,52841024585729
4808,26661,25,0,0,54979918299137
4809,26661,25,0,1,54988508233729
4810,26661,25,0,2,54997098168321
4811,26661,25,0,3,55005688102913
4812,26661,25,0,4,55014278037505
4813,26661,25,0,5,55022867972097
4814,26661,25,0,6,55031457906689
4815,26661,25,0,7,55040047841281
4816,26661,26,0,0,57178941554689
4817,26661,26,0,1,57187531489281
4818,26661,26,0,2,57196121423873
4819,26661,26,0,3,57204711358465
4820,26661,26,0,4,57213301293057
4821,26661,26,0,5,57221891227649
4822,26661,26,0,6,57230481162241
4823,26661,26,0,7,57239071096833
4824,26661,27,0,0,59377964810241
4825,26661,27,0,1,59386554744833
4826,26661,27,0,2,59395144679425
4827,26661,27,0,3,59403734614017
4828,26661,27,0,4,59412324548609
4829,26661,27,0,5,59420914483201
4830,26661,27,0,6,59429504417793
4831,26661,27,0,7,59438094352385
4832,26661,28,0,0,61576988065793
4833,26661,28,0,1,61585578000385
4834,26661,28,0,2,61594167934977
4835,26661,28,0,3,61602757869569
4836,26661,28,0,4,61611347804161
4837,26661,28,0,5,61619937738753
4838,26661,28,0,6,61628527673345
4839,26661,28,0,7,61637117607937
4840,26661,29,0,0,63776011321345
4841,26661,29,0,1,63784601255937
4842,26661,29,0,2,63793191190529
4843,26661,29,0,3,63801781125121
4844,26661,29,0,4,63810371059713
4845,26661,29,0,5,63818960994305
4846,26661,29,0,6,63827550928897
4847,26661,29,0,7,63836140863489
4848,26661,30,0,0,65975034576897
4849,26661,30,0,1,65983624511489
4850,26661,30,0,2,65992214446081
4851,26661,30,0,3,66000804380673
4852,26661,30,0,4,66009394315265
4853,26661,30,0,5,66017984249857
4854,26661,30,0,6,66026574184449
4855,26661,30,0,7,66035164119041
4856,26661,31,0,0,68174057832449
4857,26661,31,0,1,68182647767041
4858,26661,31,0,2,68191237701633
4859,26661,31,0,3,68199827636225
4860,26661,31,0,4,68208417570817
4861,26661,31,0,5,68217007505409
4862,26661,31,0,6,68225597440001
4863,26661,31,0,7,68234187374593
4864,26661,32,0,0,70373081088001
4865,26661,32,0,1,70381671022593
4866,26661,32,0,2,70390260957185
4867,26661,32,0,3,70398850891777
4868,26661,32,0,4,70407440826369
4869,26661,32,0,5,70416030760961
4870,26661,32,0,6,70424620695553
4871,26661,32,0,7,70433210630145
4872,26661,33,0,0,72572104343553
4873,26661,33,0,1,72580694278145
4874,26661,33,0,2,72589284212737
4875,26661,33,0,3,72597874147329
4876,26661,33,0,4,72606464081921
4877,26661,33,0,5,72615054016513
4878,26661,33,0,6,72623643951105
4879,26661,33,0,7,72632233885697
4880,26661,34,0,0,74771127599105
4881,26661,34,0,1,74779717533697
4882,26661,34,0,2,74788307468289
4883,26661,34,0,3,74796897402881
4884,26661,34,0,4,74805487337473
4885,26661,34,0,5,74814077272065
4886,26661,34,0,6,74822667206657
4887,26661,34,0,7,74831257141249
4888,26661,35,0,0,76970150854657
4889,26661,35,0,1,76978740789249
4890,26661,35,0,2,76987330723841
4891,26661,35,0,3,76995920658433
4892,26661,35,0,4,77004510593025
4893,26661,35,0,5,77013100527617
4894,26661,35,0,6,77021690462209
4895,26661,35,0,7,77030280396801
4896,26661,36,0,0,79169174110209
4897,26661,36,0,1,79177764044801
4898,26661,36,0,2,79186353979393
4899,26661,36,0,3,79194943913985
4900,26661,36,0,4,79203533848577
4901,26661,36,0,5,79212123783169
4902,26661,36,0,6,79220713717761
4903,26661,36,0,7,79229303652353
4904,26661,37,0,0,81368197365761
4905,26661,37,0,1,81376787300353
4906,26661,37,0,2,81385377234945
4907,26661,37,0,3,81393967169537
4908,26661,37,0,4,81402557104129
4909,26661,37,0,5,81411147038721
4910,26661,37,0,6,81419736973313
4911,26661,37,0,7,81428326907905
4912,26661,38,0,0,83567220621313
4913,26661,38,0,1,83575810555905
4914,26661,38,0,2,83584400490497
4915,26661,38,0,3,83592990425089
4916,26661,38,0,4,83601580359681
4917,26661,38,0,5,83610170294273
4918,26661,38,0,6,83618760228865
4919,26661,38,0,7,83627350163457
4920,26661,39,0,0,85766243876865
4921,26661,39,0,1,85774833811457
4922,26661,39,0,2,85783423746049
4923,26661,39,0,3,85792013680641
4924,26661,39,0,4,85800603615233
4925,26661,39,0,5,85809193549825
4926,26661,39,0,6,85817783484417
4927,26661,39,0,7,85826373419009
4928,26661,40,0,0,87965267132417
4929,26661,40,0,1,87973857067009
4930,26661,40,0,2,87982447001601
4931,26661,40,0,3,87991036936193
4932,26661,40,0,4,87999626870785
4933,26661,40,0,5,88008216805377
4934,26661,40,0,6,88016806739969
4935,26661,40,0,7,88025396674561
4936,26661,41,0,0,90164290387969
4937,26661,41,0,1,90172880322561
4938,26661,41,0,2,90181470257153
4939,26661,41,0,3,90190060191745
4940,26661,41,0,4,90198650126337
4941,26661,41,0,5,90207240060929
4942,26661,41,0,6,90215829995521
4943,26661,41,0,7,90224419930113
4944,26661,42,0,0,92363313643521
4945,26661,42,0,1,92371903578113
4946,26661,42,0,2,92380493512705
4947,26661,42,0,3,92389083447297
4948,26661,42,0,4,92397673381889
4949,26661,42,0,5,92406263316481
4950,26661,42,0,6,92414853251073
4951,26661,42,0,7,92423443185665
4952,26661,43,0,0,94562336899073
4953,26661,43,0,1,94570926833665
4954,26661,43,0,2,94579516768257
4955,26661,43,0,3,94588106702849
4956,26661,43,0,4,94596696637441
4957,26661,43,0,5,94605286572033
4958,26661,43,0,6,94613876506625
4959,26661,43,0,7,94622466441217
4960,26661,44,0,0,96761360154625
4961,26661,44,0,1,96769950089217
4962,26661,44,0,2,96778540023809
4963,26661,44,0,3,96787129958401
4964,26661,44,0,4,96795719892993
4965,26661,44,0,5,96804309827585
4966,26661,44,0,6,96812899762177
4967,26661,44,0,7,96821489696769
4968,26661,45,0,0,98960383410177
4969,26661,45,0,1,98968973344769
4970,26661,45,0,2,98977563279361
4971,26661,45,0,3,98986153213953
4972,26661,45,0,4,98994743148545
4973,26661,45,0,5,99003333083137
4974,26661,45,0,6,99011923017729
4975,26661,45,0,7,99020512952321
4976,26661,46,0,0,101159406665729
4977,26661,46,0,1,101167996600321
4978,26661,46,0,2,101176586534913
4979,26661,46,0,3,101185176469505
4980,26661,46,0,4,101193766404097
4981,26661,46,0,5,101202356338689
4982,26661,46,0,6,101210946273281
4983,26661,46,0,7,101219536207873
4984,26661,47,0,0,103358429921281
4985,26661,47,0,1,103367019855873
4986,26661,47,0,2,103375609790465
4987,26661,47,0,3,103384199725057
4988,26661,47,0,4,103392789659649
4989,26661,47,0,5,103401379594241
4990,26661,47,0,6,103409969528833
4991,26661,47,0,7,103418559463425
4992,26661,48,0,0,105557453176833
4993,26661,48,0,1,105566043111425
4994,26661,48,0,2,105574633046017
4995,26661,48,0,3,105583222980609
4996,26661,48,0,4,105591812915201
4997,26661,48,0,5,105600402849793
4998,26661,48,0,6,105608992784385
4999,26661,48,0,7,105617582718977
5000,26661,49,0,0,107756476432385
5001,26661,49,0,1,107765066366977
5002,26661,49,0,2,107773656301569
5003,26661,49,0,3,107782246236161
5004,26661,49,0,4,107790836170753
5005,26661,49,0,5,107799426105345
5006,26661,49,0,6,107808016039937
5007,26661,49,0,7,107816605974529
5008,26661,50,0,0,109955499687937
5009,26661,50,0,1,109964089622529
5010,26661,50,0,2,109972679557121
5011,26661,50,0,3,109981269491713
5012,26661,50,0,4,109989859426305
5013,26661,50,0,5,109998449360897
5014,26661,50,0,6,110007039295489
5015,26661,50,0,7,110015629230081
5016,26661,51,0,0,112154522943489
5017,26661,51,0,1,112163112878081
5018,26661,51,0,2,112171702812673
5019,26661,51,0,3,112180292747265
5020,26661,51,0,4,112188882681857
5021,26661,51,0,5,112197472616449
5022,26661,51,0,6,112206062551041
5023,26661,51,0,7,112214652485633
5024,26661,52,0,0,114353546199041
5025,26661,52,0,1,114362136133633
5026,26661,52,0,2,114370726068225
5027,26661,52,0,3,114379316002817
5028,26661,52,0,4,114387905937409
5029,26661,52,0,5,114396495872001
5030,26661,52,0,6,114405085806593
5031,26661,52,0,7,114413675741185
5032,26661,53,0,0,116552569454593
5033,26661,53,0,1,116561159389185
5034,26661,53,0,2,116569749323777
5035,26661,53,0,3,116578339258369
5036,26661,53,0,4,116586929192961
5037,26661,53,0,5,116595519127553
5038,26661,53,0,6,116604109062145
5039,26661,53,0,7,116612698996737
5040,26661,54,0,0,118751592710145
5041,26661,54,0,1,118760182644737
5042,26661,54,0,2,118768772579329
5043,26661,54,0,3,118777362513921
5044,26661,54,0,4,118785952448513
5045,26661,54,0,5,118794542383105
5046,26661,54,0,6,118803132317697
5047,26661,54,0,7,118811722252289
5048,26661,55,0,0,120950615965697
5049,26661,55,0,1,120959205900289
5050,26661,55,0,2,120967795834881
5051,26661,55,0,3,120976385769473
5052,26661,55,0,4,120984975704065
5053,26661,55,0,5,120993565638657
5054,26661,55,0,6,121002155573249
5055,26661,55,0,7,121010745507841
5056,26661,56,0,0,123149639221249
5057,26661,56,0,1,123158229155841
5058,26661,56,0,2,123166819090433
5059,26661,56,0,3,123175409025025
5060,26661,56,0,4,123183998959617
5061,26661,56,0,5,123192588894209
5062,26661,56,0,6,123201178828801
5063,26661,56,0,7,123209768763393
5064,26661,57,0,0,125348662476801
5065,26661,57,0,1,125357252411393
5066,26661,57,0,2,125365842345985
5067,26661,57,0,3,125374432280577
5068,26661,57,0,4,125383022215169
5069,26661,57,0,5,125391612149761
5070,26661,57,0,6,125400202084353
5071,26661,57,0,7,125408792018945
5072,26661,58,0,0,127547685732353
5073,26661,58,0,1,127556275666945
5074,26661,58,0,2,127564865601537
5075,26661,58,0,3,127573455536129
5076,26661,58,0,4,127582045470721
5077,26661,58,0,5,127590635405313
5078,26661,58,0,6,127599225339905
5079,26661,58,0,7,127607815274497
5080,26661,59,0,0,129746708987905
5081,26661,59,0,1,129755298922497
5082,26661,59,0,2,129763888857089
5083,26661,59,0,3,129772478791681
5084,26661,59,0,4,129781068726273
5085,26661,59,0,5,129789658660865
5086,26661,59,0,6,129798248595457
5087,26661,59,0,7,129806838530049
5088,26661,60,0,0,131945732243457
5089,26661,60,0,1,131954322178049
5090,26661,60,0,2,131962912112641
5091,26661,60,0,3,131971502047233
5092,26661,60,0,4,131980091981825
5093,26661,60,0,5,131988681916417
5094,26661,60,0,6,131997271851009
5095,26661,60,0,7,132005861785601
5096,26661,61,0,0,134144755499009
5097,26661,61,0,1,134153345433601
5098,26661,61,0,2,134161935368193
5099,26661,61,0,3,134170525302785
5100,26661,61,0,4,134179115237377
5101,26661,61,0,5,134187705171969
5102,26661,61,0,6,134196295106561
5103,26661,61,0,7,134204885041153
5104,26661,62,0,0,136343778754561
5105,26661,62,0,1,136352368689153
5106,26661,62,0,2,136360958623745
5107,26661,62,0,3,136369548558337
5108,26661,62,0,4,136378138492929
5109,26661,62,0,5,136386728427521
5110,26661,62,0,6,136395318362113
5111,26661,62,0,7,136403908296705
5112,26661,63,0,0,138542802010113
5113,26661,63,0,1,138551391944705
5114,26661,63,0,2,138559981879297
5115,26661,63,0,3,138568571813889
5116,26661,63,0,4,138577161748481
5117,26661,63,0,5,138585751683073
5118,26661,63,0,6,138594341617665
5119,26661,63,0,7,138602931552257
5120,26663,0,0,0,4336910338
5121,26663,0,0,1,12926844930
5122,26663,0,0,2,21516779522
5123,26663,0,0,3,30106714114
5124,26663,0,0,4,38696648706
5125,26663,0,0,5,47286583298
5126,26663,0,0,6,55876517890
5127,26663,0,0,7,64466452482
5128,26663,1,0,0,2203360165890
5129,26663,1,0,1,2211950100482
5130,26663,1,0,2,2220540035074
5131,26663,1,0,3,2229129969666
5132,26663,1,0,4,2237719904258
5133,26663,1,0,5,2246309838850
5134,26663,1,0,6,2254899773442
5135,26663,1,0,7,2263489708034
5136,26663,2,0,0,4402383421442
5137,26663,2,0,1,4410973356034
5138,26663,2,0,2,4419563290626
5139,26663,2,0,3,4428153225218
5140,26663,2,0,4,4436743159810
5141,26663,2,0,5,4445333094402
5142,26663,2,0,6,4453923028994
5143,26663,2,0,7,4462512963586
5144,26663,3,0,0,6601406676994
5145,26663,3,0,1,6609996611586
5146,26663,3,0,2,6618586546178
5147,26663,3,0,3,6627176480770
5148,26663,3,0,4,6635766415362
5149,26663,3,0,5,6644356349954
5150,26663,3,0,6,6652946284546
5151,26663,3,0,7,6661536219138
5152,26663,4,0,0,8800429932546
5153,26663,4,0,1,8809019867138
5154,26663,4,0,2,8817609801730
5155,26663,4,0,3,8826199736322
5156,26663,4,0,4,8834789670914
5157,26663,4,0,5,8843379605506
5158,26663,4,0,6,8851969540098
5159,26663,4,0,7,8860559474690
5160,26663,5,0,0,10999453188098
5161,26663,5,0,1,11008043122690
5162,26663,5,0,2,11016633057282
5163,26663,5,0,3,11025222991874
5164,26663,5,0,4,11033812926466
5165,26663,5,0,5,11042402861058
5166,26663,5,0,6,11050992795650
5167,26663,5,0,7,11059582730242
5168,26663,6,0,0,13198476443650
5169,26663,6,0,1,13207066378242
5170,26663,6,0,2,13215656312834
5171,26663,6,0,3,13224246247426
5172,26663,6,0,4,13232836182018
5173,26663,6,0,5,13241426116610
5174,26663,6,0,6,13250016051202
5175,26663,6,0,7,13258605985794
5176,26663,7,0,0,15397499699202
5177,26663,7,0,1,15406089633794
5178,26663,7,0,2,15414679568386
5179,26663,7,0,3,15423269502978
5180,26663,7,0,4,15431859437570
5181,26663,7,0,5,15440449372162
5182,26663,7,0,6,15449039306754
5183,26663,7,0,7,15457629241346
5184,26663,8,0,0,17596522954754
5185,26663,8,0,1,17605112889346
5186,26663,8,0,2,17613702823938
5187,26663,8,0,3,17622292758530
5188,26663,8,0,4,17630882693122
5189,26663,8,0,5,17639472627714
5190,26663,8,0,6,17648062562306
5191,26663,8,0,7,17656652496898
5192,26663,9,0,0,19795546210306
5193,26663,9,0,1,19804136144898
5194,26663,9,0,2,19812726079490
5195,26663,9,0,3,19821316014082
5196,26663,9,0,4,19829905948674
5197,26663,9,0,5,19838495883266
5198,26663,9,0,6,19847085817858
5199,26663,9,0,7,19855675752450
5200,26663,10,0,0,21994569465858
5201,26663,10,0,1,22003159400450
5202,26663,10,0,2,22011749335042
5203,26663,10,0,3,22020339269634
5204,26663,10,0,4,22028929204226
5205,26663,10,0,5,22037519138818
5206,26663,10,0,6,22046109073410
5207,26663,10,0,7,22054699008002
5208,26663,11,0,0,24193592721410
5209,26663,11,0,1,24202182656002
5210,26663,11,0,2,24210772590594
5211,26663,11,0,3,24219362525186
5212,26663,11,0,4,24227952459778
5213,26663,11,0,5,24236542394370
5214,26663,11,0,6,24245132328962
5215,26663,11,0,7,24253722263554
5216,26663,12,0,0,26392615976962
5217,26663,12,0,1,26401205911554
5218,26663,12,0,2,26409795846146
5219,26663,12,0,3,26418385780738
5220,26663,12,0,4,26426975715330
5221,26663,12,0,5,26435565649922
5222,26663,12,0,6,26444155584514
5223,26663,12,0,7,26452745519106
5224,26663,13,0,0,28591639232514
5225,26663,13,0,1,28600229167106
5226,26663,13,0,2,28608819101698
5227,26663,13,0,3,28617409036290
5228,26663,13,0,4,28625998970882
5229,26663,13,0,5,28634588905474
5230,26663,13,0,6,28643178840066
5231,26663,13,0,7,28651768774658
5232,26663,14,0,0,30790662488066
5233,26663,14,0,1,30799252422658
5234,26663,14,0,2,30807842357250
5235,26663,14,0,3,30816432291842
5236,26663,14,0,4,30825022226434
5237,26663,14,0,5,30833612161026
5238,26663,14,0,6,30842202095618
5239,26663,14,0,7,30850792030210
5240,26663,15,0,0,32989685743618
5241,26663,15,0,1,32998275678210
5242,26663,15,0,2,33006865612802
5243,26663,15,0,3,33015455547394
5244,26663,15,0,4,33024045481986
5245,26663,15,0,5,33032635416578
5246,26663,15,0,6,33041225351170
5247,26663,15,0,7,33049815285762
5248,26663,16,0,0,35188708999170
5249,26663,16,0,1,35197298933762
5250,26663,16,0,2,35205888868354
5251,26663,16,0,3,35214478802946
5252,26663,16,0,4,35223068737538
5253,26663,16,0,5,35231658672130
5254,26663,16,0,6,35240248606722
5255,26663,16,0,7,35248838541314
5256,26663,17,0,0,37387732254722
5257,26663,17,0,1,37396322189314
5258,26663,17,0,2,37404912123906
5259,26663,17,0,3,37413502058498
5260,26663,17,0,4,37422091993090
5261,26663,17,0,5,37430681927682
5262,26663,17,0,6,37439271862274
5263,26663,17,0,7,37447861796866
5264,26663,18,0,0,39586755510274
5265,26663,18,0,1,39595345444866
5266,26663,18,0,2,39603935379458
5267,26663,18,0,3,39612525314050
5268,26663,18,0,4,39621115248642
5269,26663,18,0,5,39629705183234
5270,26663,18,0,6,39638295117826
5271,26663,18,0,7,39646885052418
5272,26663,19,0,0,41785778765826
5273,26663,19,0,1,41794368700418
5274,26663,19,0,2,41802958635010
5275,26663,19,0,3,41811548569602
5276,26663,19,0,4,41820138504194
5277,26663,19,0,5,41828728438786
5278,26663,19,0,6,41837318373378
5279,26663,19,0,7,41845908307970
5280,26663,20,0,0,43984802021378
5281,26663,20,0,1,43993391955970
5282,26663,20,0,2,44001981890562
5283,26663,20,0,3,44010571825154
5284,26663,20,0,4,44019161759746
5285,26663,20,0,5,44027751694338
5286,26663,20,0,6,44036341628930
5287,26663,20,0,7,44044931563522
5288,26663,21,0,0,46183825276930
5289,26663,21,0,1,46192415211522
5290,26663,21,0,2,46201005146114
5291,26663,21,0,3,46209595080706
5292,26663,21,0,4,46218185015298
5293,26663,21,0,5,46226774949890
5294,26663,21,0,6,46235364884482
5295,26663,21,0,7,46243954819074
5296,26663,22,0,0,48382848532482
5297,26663,22,0,1,48391438467074
5298,26663,22,0,2,48400028401666
5299,26663,22,0,3,48408618336258
5300,26663,22,0,4,48417208270850
5301,26663,22,0,5,48425798205442
5302,26663,22,0,6,48434388140034
5303,26663,22,0,7,48442978074626
5304,26663,23,0,0,50581871788034
5305,26663,23,0,1,50590461722626
5306,26663,23,0,2,50599051657218
5307,26663,23,0,3,50607641591810
5308,26663,23,0,4,50616231526402
5309,26663,23,0,5,50624821460994
5310,26663,23,0,6,50633411395586
5311,26663,23,0,7,50642001330178
5312,26663,24,0,0,52780895043586
5313,26663,24,0,1,52789484978178
5314,26663,24,0,2,52798074912770
5315,26663,24,0,3,52806664847362
5316,26663,24,0,4,52815254781954
5317,26663,24,0,5,52823844716546
5318,26663,24,0,6,52832434651138
5319,26663,24,0,7,52841024585730
5320,26663,25,0,0,54979918299138
5321,26663,25,0,1,54988508233730
5322,26663,25,0,2,54997098168322
5323,26663,25,0,3,55005688102914
5324,26663,25,0,4,55014278037506
5325,26663,25,0,5,55022867972098
5326,26663,25,0,6,55031457906690
5327,26663,25,0,7,55040047841282
5328,26663,26,0,0,57178941554690
5329,26663,26,0,1,57187531489282
5330,26663,26,0,2,57196121423874
5331,26663,26,0,3,57204711358466
5332,26663,26,0,4,57213301293058
5333,26663,26,0,5,57221891227650
5334,26663,26,0,6,57230481162242
5335,26663,26,0,7,57239071096834
5336,26663,27,0,0,59377964810242
5337,26663,27,0,1,59386554744834
5338,26663,27,0,2,59395144679426
5339,26663,27,0,3,59403734614018
5340,26663,27,0,4,59412324548610
5341,26663,27,0,5,59420914483202
5342,26663,27,0,6,59429504417794
5343,26663,27,0,7,59438094352386
5344,26663,28,0,0,61576988065794
5345,26663,28,0,1,61585578000386
5346,26663,28,0,2,61594167934978
5347,26663,28,0,3,61602757869570
5348,26663,28,0,4,61611347804162
5349,26663,28,0,5,61619937738754
5350,26663,28,0,6,61628527673346
5351,26663,28,0,7,61637117607938
5352,26663,29,0,0,63776011321346
5353,26663,29,0,1,63784601255938
5354,26663,29,0,2,63793191190530
5355,26663,29,0,3,63801781125122
5356,26663,29,0,4,63810371059714
5357,26663,29,0,5,63818960994306
5358,26663,29,0,6,63827550928898
5359,26663,29,0,7,63836140863490
5360,26663,30,0,0,65975034576898
5361,26663,30,0,1,65983624511490
5362,26663,30,0,2,65992214446082
5363,26663,30,0,3,66000804380674
5364,26663,30,0,4,66009394315266
5365,26663,30,0,5,66017984249858
5366,26663,30,0,6,66026574184450
5367,26663,30,0,7,66035164119042
5368,26663,31,0,0,68174057832450
5369,26663,31,0,1,68182647767042
5370,26663,31,0,2,68191237701634
5371,26663,31,0,3,68199827636226
5372,26663,31,0,4,68208417570818
5373,26663,31,0,5,68217007505410
5374,26663,31,0,6,68225597440002
5375,26663,31,0,7,68234187374594
5376,26663,32,0,0,70373081088002
5377,26663,32,0,1,70381671022594
5378,26663,32,0,2,70390260957186
5379,26663,32,0,3,70398850891778
5380,26663,32,0,4,70407440826370
5381,26663,32,0,5,70416030760962
5382,26663,32,0,6,70424620695554
5383,26663,32,0,7,70433210630146
5384,26663,33,0,0,72572104343554
5385,26663,33,0,1,72580694278146
5386,26663,33,0,2,72589284212738
5387,26663,33,0,3,72597874147330
5388,26663,33,0,4,72606464081922
5389,26663,33,0,5,72615054016514
5390,26663,33,0,6,72623643951106
5391,26663,33,0,7,72632233885698
5392,26663,34,0,0,74771127599106
5393,26663,34,0,1,74779717533698
5394,26663,34,0,2,74788307468290
5395,26663,34,0,3,74796897402882
5396,26663,34,0,4,74805487337474
5397,26663,34,0,5,74814077272066
5398,26663,34,0,6,74822667206658
5399,26663,34,0,7,74831257141250
5400,26663,35,0,0,76970150854658
5401,26663,35,0,1,76978740789250
5402,26663,35,0,2,76987330723842
5403,26663,35,0,3,76995920658434
5404,26663,35,0,4,77004510593026
5405,26663,35,0,5,77013100527618
5406,26663,35,0,6,77021690462210
5407,26663,35,0,7,77030280396802
5408,26663,36,0,0,79169174110210
5409,26663,36,0,1,79177764044802
5410,26663,36,0,2,79186353979394
5411,26663,36,0,3,79194943913986
5412,26663,36,0,4,79203533848578
5413,26663,36,0,5,79212123783170
5414,26663,36,0,6,79220713717762
5415,26663,36,0,7,79229303652354
5416,26663,37,0,0,81368197365762
5417,26663,37,0,1,81376787300354
5418,26663,37,0,2,81385377234946
5419,26663,37,0,3,81393967169538
5420,26663,37,0,4,81402557104130
5421,26663,37,0,5,81411147038722
5422,26663,37,0,6,81419736973314
5423,26663,37,0,7,81428326907906
5424,26663,38,0,0,83567220621314
5425,26663,38,0,1,83575810555906
5426,26663,38,0,2,83584400490498
5427,26663,38,0,3,83592990425090
5428,26663,38,0,4,83601580359682
5429,26663,38,0,5,83610170294274
5430,26663,38,0,6,83618760228866
5431,26663,38,0,7,83627350163458
5432,26663,39,0,0,85766243876866
5433,26663,39,0,1,85774833811458
5434,26663,39,0,2,85783423746050
5435,26663,39,0,3,85792013680642
5436,26663,39,0,4,85800603615234
5437,26663,39,0,5,85809193549826
5438,26663,39,0,6,85817783484418
5439,26663,39,0,7,85826373419010
5440,26663,40,0,0,87965267132418
5441,26663,40,0,1,87973857067010
5442,26663,40,0,2,87982447001602
5443,26663,40,0,3,87991036936194
5444,26663,40,0,4,87999626870786
5445,26663,40,0,5,88008216805378
5446,26663,40,0,6,88016806739970
5447,26663,40,0,7,88025396674562
5448,26663,41,0,0,90164290387970
5449,26663,41,0,1,90172880322562
5450,26663,41,0,2,90181470257154
5451,26663,41,0,3,90190060191746
5452,26663,41,0,4,90198650126338
5453,26663,41,0,5,90207240060930
5454,26663,41,0,6,90215829995522
5455,26663,41,0,7,90224419930114
5456,26663,42,0,0,92363313643522
5457,26663,42,0,1,92371903578114
5458,26663,42,0,2,92380493512706
5459,26663,42,0,3,92389083447298
5460,26663,42,0,4,92397673381890
5461,26663,42,0,5,92406263316482
5462,26663,42,0,6,92414853251074
5463,26663,42,0,7,92423443185666
5464,26663,43,0,0,94562336899074
5465,26663,43,0,1,94570926833666
5466,26663,43,0,2,94579516768258
5467,26663,43,0,3,94588106702850
5468,26663,43,0,4,94596696637442
5469,26663,43,0,5,94605286572034
5470,26663,43,0,6,94613876506626
5471,26663,43,0,7,94622466441218
5472,26663,44,0,0,96761360154626
5473,26663,44,0,1,96769950089218
5474,26663,44,0,2,96778540023810
5475,26663,44,0,3,96787129958402
5476,26663,44,0,4,96795719892994
5477,26663,44,0,5,96804309827586
5478,26663,44,0,6,96812899762178
5479,26663,44,0,7,96821489696770
5480,26663,45,0,0,98960383410178
5481,26663,45,0,1,98968973344770
5482,26663,45,0,2,98977563279362
5483,26663,45,0,3,98986153213954
5484,26663,45,0,4,98994743148546
5485,26663,45,0,5,99003333083138
5486,26663,45,0,6,99011923017730
5487,26663,45,0,7,99020512952322
5488,26663,46,0,0,101159406665730
5489,26663,46,0,1,101167996600322
5490,26663,46,0,2,101176586534914
5491,26663,46,0,3,101185176469506
5492,26663,46,0,4,101193766404098
5493,26663,46,0,5,101202356338690
5494,26663,46,0,6,101210946273282
5495,26663,46,0,7,101219536207874
5496,26663,47,0,0,103358429921282
5497,26663,47,0,1,103367019855874
5498,26663,47,0,2,103375609790466
5499,26663,47,0,3,103384199725058
5500,26663,47,0,4,103392789659650
5501,26663,47,0,5,103401379594242
5502,26663,47,0,6,103409969528834
5503,26663,47,0,7,103418559463426
5504,26663,48,0,0,105557453176834
5505,26663,48,0,1,105566043111426
5506,26663,48,0,2,105574633046018
5507,26663,48,0,3,105583222980610
5508,26663,48,0,4,105591812915202
5509,26663,48,0,5,105600402849794
5510,26663,48,0,6,105608992784386
5511,26663,48,0,7,105617582718978
5512,26663,49,0,0,107756476432386
5513,26663,49,0,1,107765066366978
5514,26663,49,0,2,107773656301570
5515,26663,49,0,3,107782246236162
5516,26663,49,0,4,107790836170754
5517,26663,49,0,5,107799426105346
5518,26663,49,0,6,107808016039938
5519,26663,49,0,7,107816605974530
5520,26663,50,0,0,109955499687938
5521,26663,50,0,1,109964089622530
5522,26663,50,0,2,109972679557122
5523,26663,50,0,3,109981269491714
5524,26663,50,0,4,109989859426306
5525,26663,50,0,5,109998449360898
5526,26663,50,0,6,110007039295490
5527,26663,50,0,7,110015629230082
5528,26663,51,0,0,112154522943490
5529,26663,51,0,1,112163112878082
5530,26663,51,0,2,112171702812674
5531,26663,51,0,3,112180292747266
5532,26663,51,0,4,112188882681858
5533,26663,51,0,5,112197472616450
5534,26663,51,0,6,112206062551042
5535,26663,51,0,7,112214652485634
5536,26663,52,0,0,114353546199042
5537,26663,52,0,1,114362136133634
5538,26663,52,0,2,114370726068226
5539,26663,52,0,3,114379316002818
5540,26663,52,0,4,114387905937410
5541,26663,52,0,5,114396495872002
5542,26663,52,0,6,114405085806594
5543,26663,52,0,7,114413675741186
5544,26663,53,0,0,116552569454594
5545,26663,53,0,1,116561159389186
5546,26663,53,0,2,116569749323778
5547,26663,53,0,3,116578339258370
5548,26663,53,0,4,116586929192962
5549,26663,53,0,5,116595519127554
5550,26663,53,0,6,116604109062146
5551,26663,53,0,7,116612698996738
5552,26663,54,0,0,118751592710146
5553,26663,54,0,1,118760182644738
5554,26663,54,0,2,118768772579330
5555,26663,54,0,3,118777362513922
5556,26663,54,0,4,118785952448514
5557,26663,54,0,5,118794542383106
5558,26663,54,0,6,118803132317698
5559,26663,54,0,7,118811722252290
5560,26663,55,0,0,120950615965698
5561,26663,55,0,1,120959205900290
5562,26663,55,0,2,120967795834882
5563,26663,55,0,3,120976385769474
5564,26663,55,0,4,120984975704066
5565,26663,55,0,5,120993565638658
5566,26663,55,0,6,121002155573250
5567,26663,55,0,7,121010745507842
5568,26663,56,0,0,123149639221250
5569,26663,56,0,1,123158229155842
5570,26663,56,0,2,123166819090434
5571,26663,56,0,3,123175409025026
5572,26663,56,0,4,123183998959618
5573,26663,56,0,5,123192588894210
5574,26663,56,0,6,123201178828802
5575,26663,56,0,7,123209768763394
5576,26663,57,0,0,125348662476802
5577,26663,57,0,1,125357252411394
5578,26663,57,0,2,125365842345986
5579,26663,57,0,3,125374432280578
5580,26663,57,0,4,125383022215170
5581,26663,57,0,5,125391612149762
5582,26663,57,0,6,125400202084354
5583,26663,57,0,7,125408792018946
5584,26663,58,0,0,127547685732354
5585,26663,58,0,1,127556275666946
5586,26663,58,0,2,127564865601538
5587,26663,58,0,3,127573455536130
5588,26663,58,0,4,127582045470722
5589,26663,58,0,5,127590635405314
5590,26663,58,0,6,127599225339906
5591,26663,58,0,7,127607815274498
5592,26663,59,0,0,129746708987906
5593,26663,59,0,1,129755298922498
5594,26663,59,0,2,129763888857090
5595,26663,59,0,3,129772478791682
5596,26663,59,0,4,129781068726274
5597,26663,59,0,5,129789658660866
5598,26663,59,0,6,129798248595458
5599,26663,59,0,7,129806838530050
5600,26663,60,0,0,131945732243458
5601,26663,60,0,1,131954322178050
5602,26663,60,0,2,131962912112642
5603,26663,60,0,3,131971502047234
5604,26663,60,0,4,131980091981826
5605,26663,60,0,5,131988681916418
5606,26663,60,0,6,131997271851010
5607,26663,60,0,7,132005861785602
5608,26663,61,0,0,134144755499010
5609,26663,61,0,1,134153345433602
5610,26663,61,0,2,134161935368194
5611,26663,61,0,3,134170525302786
5612,26663,61,0,4,134179115237378
5613,26663,61,0,5,134187705171970
5614,26663,61,0,6,134196295106562
5615,26663,61,0,7,134204885041154
5616,26663,62,0,0,136343778754562
5617,26663,62,0,1,136352368689154
5618,26663,62,0,2,136360958623746
5619,26663,62,0,3,136369548558338
5620,26663,62,0,4,136378138492930
5621,26663,62,0,5,136386728427522
5622,26663,62,0,6,136395318362114
5623,26663,62,0,7,136403908296706
5624,26663,63,0,0,138542802010114
5625,26663,63,0,1,138551391944706
5626,26663,63,0,2,138559981879298
5627,26663,63,0,3,138568571813890
5628,26663,63,0,4,138577161748482
5629,26663,63,0,5,138585751683074
5630,26663,63,0,6,138594341617666
5631,26663,63,0,7,138602931552258
5632,26665,0,0,0,4336910339
5633,26665,0,0,1,12926844931
5634,26665,0,0,2,21516779523
5635,26665,0,0,3,30106714115
5636,26665,0,0,4,38696648707
5637,26665,0,0,5,47286583299
5638,26665,0,0,6,55876517891
5639,26665,0,0,7,64466452483
5640,26665,1,0,0,2203360165891
5641,26665,1,0,1,2211950100483
5642,26665,1,0,2,2220540035075
5643,26665,1,0,3,2229129969667
5644,26665,1,0,4,2237719904259
5645,26665,1,0,5,2246309838851
5646,26665,1,0,6,2254899773443
5647,26665,1,0,7,2263489708035
5648,26665,2,0,0,4402383421443
5649,26665,2,0,1,4410973356035
5650,26665,2,0,2,4419563290627
5651,26665,2,0,3,4428153225219
5652,26665,2,0,4,4436743159811
5653,26665,2,0,5,4445333094403
5654,26665,2,0,6,4453923028995
5655,26665,2,0,7,4462512963587
5656,26665,3,0,0,6601406676995
5657,26665,3,0,1,6609996611587
5658,26665,3,0,2,6618586546179
5659,26665,3,0,3,6627176480771
5660,26665,3,0,4,6635766415363
5661,26665,3,0,5,6644356349955
5662,26665,3,0,6,6652946284547
5663,26665,3,0,7,6661536219139
5664,26665,4,0,0,8800429932547
5665,26665,4,0,1,8809019867139
5666,26665,4,0,2,8817609801731
5667,26665,4,0,3,8826199736323
5668,26665,4,0,4,8834789670915
5669,26665,4,0,5,8843379605507
5670,26665,4,0,6,8851969540099
5671,26665,4,0,7,8860559474691
5672,26665,5,0,0,10999453188099
5673,26665,5,0,1,11008043122691
5674,26665,5,0,2,11016633057283
5675,26665,5,0,3,11025222991875
5676,26665,5,0,4,11033812926467
5677,26665,5,0,5,11042402861059
5678,26665,5,0,6,11050992795651
5679,26665,5,0,7,11059582730243
5680,26665,6,0,0,13198476443651
5681,26665,6,0,1,13207066378243
5682,26665,6,0,2,13215656312835
5683,26665,6,0,3,13224246247427
5684,26665,6,0,4,13232836182019
5685,26665,6,0,5,13241426116611
5686,26665,6,0,6,13250016051203
5687,26665,6,0,7,13258605985795
5688,26665,7,0,0,15397499699203
5689,26665,7,0,1,15406089633795
5690,26665,7,0,2,15414679568387
5691,26665,7,0,3,15423269502979
5692,26665,7,0,4,15431859437571
5693,26665,7,0,5,15440449372163
5694,26665,7,0,6,15449039306755
5695,26665,7,0,7,15457629241347
5696,26665,8,0,0,17596522954755
5697,26665,8,0,1,17605112889347
5698,26665,8,0,2,17613702823939
5699,26665,8,0,3,17622292758531
5700,26665,8,0,4,17630882693123
5701,26665,8,0,5,17639472627715
5702,26665,8,0,6,17648062562307
5703,26665,8,0,7,17656652496899
5704,26665,9,0,0,19795546210307
5705,26665,9,0,1,19804136144899
5706,26665,9,0,2,19812726079491
5707,26665,9,0,3,19821316014083
5708,26665,9,0,4,19829905948675
5709,26665,9,0,5,19838495883267
5710,26665,9,0,6,19847085817859
5711,26665,9,0,7,19855675752451
5712,26665,10,0,0,21994569465859
5713,26665,10,0,1,22003159400451
5714,26665,10,0,2,22011749335043
5715,26665,10,0,3,22020339269635
5716,26665,10,0,4,22028929204227
5717,26665,10,0,5,22037519138819
5718,26665,10,0,6,22046109073411
5719,26665,10,0,7,22054699008003
5720,26665,11,0,0,24193592721411
5721,26665,11,0,1,24202182656003
5722,26665,11,0,2,24210772590595
5723,26665,11,0,3,24219362525187
5724,26665,11,0,4,24227952459779
5725,26665,11,0,5,24236542394371
5726,26665,11,0,6,24245132328963
5727,26665,11,0,7,24253722263555
5728,26665,12,0,0,26392615976963
5729,26665,12,0,1,26401205911555
5730,26665,12,0,2,26409795846147
5731,26665,12,0,3,26418385780739
5732,26665,12,0,4,26426975715331
5733,26665,12,0,5,26435565649923
5734,26665,12,0,6,26444155584515
5735,26665,12,0,7,26452745519107
5736,26665,13,0,0,28591639232515
5737,26665,13,0,1,28600229167107
5738,26665,13,0,2,28608819101699
5739,26665,13,0,3,28617409036291
5740,26665,13,0,4,28625998970883
5741,26665,13,0,5,28634588905475
5742,26665,13,0,6,28643178840067
5743,26665,13,0,7,28651768774659
5744,26665,14,0,0,30790662488067
5745,26665,14,0,1,30799252422659
5746,26665,14,0,2,30807842357251
5747,26665,14,0,3,30816432291843
5748,26665,14,0,4,30825022226435
5749,26665,14,0,5,30833612161027
5750,26665,14,0,6,30842202095619
5751,26665,14,0,7,30850792030211
5752,26665,15,0,0,32989685743619
5753,26665,15,0,1,32998275678211
5754,26665,15,0,2,33006865612803
5755,26665,15,0,3,33015455547395
5756,26665,15,0,4,33024045481987
5757,26665,15,0,5,33032635416579
5758,26665,15,0,6,33041225351171
5759,26665,15,0,7,33049815285763
5760,26665,16,0,0,35188708999171
5761,26665,16,0,1,35197298933763
5762,26665,16,0,2,35205888868355
5763,26665,16,0,3,35214478802947
5764,26665,16,0,4,35223068737539
5765,26665,16,0,5,35231658672131
5766,26665,16,0,6,35240248606723
5767,26665,16,0,7,35248838541315
5768,26665,17,0,0,37387732254723
5769,26665,17,0,1,37396322189315
5770,26665,17,0,2,37404912123907
5771,26665,17,0,3,37413502058499
5772,26665,17,0,4,37422091993091
5773,26665,17,0,5,37430681927683
5774,26665,17,0,6,37439271862275
5775,26665,17,0,7,37447861796867
5776,26665,18,0,0,39586755510275
5777,26665,18,0,1,39595345444867
5778,26665,18,0,2,39603935379459
5779,26665,18,0,3,39612525314051
5780,26665,18,0,4,39621115248643
5781,26665,18,0,5,39629705183235
5782,26665,18,0,6,39638295117827
5783,26665,18,0,7,39646885052419
5784,26665,19,0,0,41785778765827
5785,26665,19,0,1,41794368700419
5786,26665,19,0,2,41802958635011
5787,26665,19,0,3,41811548569603
5788,26665,19,0,4,41820138504195
5789,26665,19,0,5,41828728438787
5790,26665,19,0,6,41837318373379
5791,26665,19,0,7,41845908307971
5792,26665,20,0,0,43984802021379
5793,26665,20,0,1,43993391955971
5794,26665,20,0,2,44001981890563
5795,26665,20,0,3,44010571825155
5796,26665,20,0,4,44019161759747
5797,26665,20,0,5,44027751694339
5798,26665,20,0,6,44036341628931
5799,26665,20,0,7,44044931563523
5800,26665,21,0,0,46183825276931
5801,26665,21,0,1,46192415211523
5802,26665,21,0,2,46201005146115
5803,26665,21,0,3,46209595080707
5804,26665,21,0,4,46218185015299
5805,26665,21,0,5,46226774949891
5806,26665,21,0,6,46235364884483
5807,26665,21,0,7,46243954819075
5808,26665,22,0,0,48382848532483
5809,26665,22,0,1,48391438467075
5810,26665,22,0,2,48400028401667
5811,26665,22,0,3,48408618336259
5812,26665,22,0,4,48417208270851
5813,26665,22,0,5,48425798205443
5814,26665,22,0,6,48434388140035
5815,26665,22,0,7,48442978074627
5816,26665,23,0,0,50581871788035
5817,26665,23,0,1,50590461722627
5818,26665,23,0,2,50599051657219
5819,26665,23,0,3,50607641591811
5820,26665,23,0,4,50616231526403
5821,26665,23,0,5,50624821460995
5822,26665,23,0,6,50633411395587
5823,26665,23,0,7,50642001330179
5824,26665,24,0,0,52780895043587
5825,26665,24,0,1,52789484978179
5826,26665,24,0,2,52798074912771
5827,26665,24,0,3,52806664847363
5828,26665,24,0,4,52815254781955
5829,26665,24,0,5,52823844716547
5830,26665,24,0,6,52832434651139
5831,26665,24,0,7,52841024585731
5832,26665,25,0,0,54979918299139
5833,26665,25,0,1,54988508233731
5834,26665,25,0,2,54997098168323
5835,26665,25,0,3,55005688102915
5836,26665,25,0,4,55014278037507
5837,26665,25,0,5,55022867972099
5838,26665,25,0,6,55031457906691
5839,26665,25,0,7,55040047841283
5840,26665,26,0,0,57178941554691
5841,26665,26,0,1,57187531489283
5842,26665,26,0,2,57196121423875
5843,26665,26,0,3,57204711358467
5844,26665,26,0,4,57213301293059
5845,26665,26,0,5,57221891227651
5846,26665,26,0,6,57230481162243
5847,26665,26,0,7,57239071096835
5848,26665,27,0,0,59377964810243
5849,26665,27,0,1,59386554744835
5850,26665,27,0,2,59395144679427
5851,26665,27,0,3,59403734614019
5852,26665,27,0,4,59412324548611
5853,26665,27,0,5,59420914483203
5854,26665,27,0,6,59429504417795
5855,26665,27,0,7,59438094352387
5856,26665,28,0,0,61576988065795
5857,26665,28,0,1,61585578000387
5858,26665,28,0,2,61594167934979
5859,26665,28,0,3,61602757869571
5860,26665,28,0,4,61611347804163
5861,26665,28,0,5,61619937738755
5862,26665,28,0,6,61628527673347
5863,26665,28,0,7,61637117607939
5864,26665,29,0,0,63776011321347
5865,26665,29,0,1,63784601255939
5866,26665,29,0,2,63793191190531
5867,26665,29,0,3,63801781125123
5868,26665,29,0,4,63810371059715
5869,26665,29,0,5,63818960994307
5870,26665,29,0,6,63827550928899
5871,26665,29,0,7,63836140863491
5872,26665,30,0,0,65975034576899
5873,26665,30,0,1,65983624511491
5874,26665,30,0,2,65992214446083
5875,26665,30,0,3,66000804380675
5876,26665,30,0,4,66009394315267
5877,26665,30,0,5,66017984249859
5878,26665,30,0,6,66026574184451
5879,26665,30,0,7,66035164119043
5880,26665,31,0,0,68174057832451
5881,26665,31,0,1,68182647767043
5882,26665,31,0,2,68191237701635
5883,26665,31,0,3,68199827636227
5884,26665,31,0,4,68208417570819
5885,26665,31,0,5,68217007505411
5886,26665,31,0,6,68225597440003
5887,26665,31,0,7,68234187374595
5888,26665,32,0,0,70373081088003
5889,26665,32,0,1,70381671022595
5890,26665,32,0,2,70390260957187
5891,26665,32,0,3,70398850891779
5892,26665,32,0,4,70407440826371
5893,26665,32,0,5,70416030760963
5894,26665,32,0,6,70424620695555
5895,26665,32,0,7,70433210630147
5896,26665,33,0,0,72572104343555
5897,26665,33,0,1,72580694278147
5898,26665,33,0,2,72589284212739
5899,26665,33,0,3,72597874147331
5900,26665,33,0,4,72606464081923
5901,26665,33,0,5,72615054016515
5902,26665,33,0,6,72623643951107
5903,26665,33,0,7,72632233885699
5904,26665,34,0,0,74771127599107
5905,26665,34,0,1,74779717533699
5906,26665,34,0,2,74788307468291
5907,26665,34,0,3,74796897402883
5908,26665,34,0,4,74805487337475
5909,26665,34,0,5,74814077272067
5910,26665,34,0,6,74822667206659
5911,26665,34,0,7,74831257141251
5912,26665,35,0,0,76970150854659
5913,26665,35,0,1,76978740789251
5914,26665,35,0,2,76987330723843
5915,26665,35,0,3,76995920658435
5916,26665,35,0,4,77004510593027
5917,26665,35,0,5,77013100527619
5918,26665,35,0,6,77021690462211
5919,26665,35,0,7,77030280396803
5920,26665,36,0,0,79169174110211
5921,26665,36,0,1,79177764044803
5922,26665,36,0,2,79186353979395
5923,26665,36,0,3,79194943913987
5924,26665,36,0,4,79203533848579
5925,26665,36,0,5,79212123783171
5926,26665,36,0,6,79220713717763
5927,26665,36,0,7,79229303652355
5928,26665,37,0,0,81368197365763
5929,26665,37,0,1,81376787300355
5930,26665,37,0,2,81385377234947
5931,26665,37,0,3,81393967169539
5932,26665,37,0,4,81402557104131
5933,26665,37,0,5,81411147038723
5934,26665,37,0,6,81419736973315
5935,26665,37,0,7,81428326907907
5936,26665,38,0,0,83567220621315
5937,26665,38,0,1,83575810555907
5938,26665,38,0,2,83584400490499
5939,26665,38,0,3,83592990425091
5940,26665,38,0,4,83601580359683
5941,26665,38,0,5,83610170294275
5942,26665,38,0,6,83618760228867
5943,26665,38,0,7,83627350163459
5944,26665,39,0,0,85766243876867
5945,26665,39,0,1,85774833811459
5946,26665,39,0,2,85783423746051
5947,26665,39,0,3,85792013680643
5948,26665,39,0,4,85800603615235
5949,26665,39,0,5,85809193549827
5950,26665,39,0,6,85817783484419
5951,26665,39,0,7,85826373419011
5952,26665,40,0,0,87965267132419
5953,26665,40,0,1,87973857067011
5954,26665,40,0,2,87982447001603
5955,26665,40,0,3,87991036936195
5956,26665,40,0,4,87999626870787
5957,26665,40,0,5,88008216805379
5958,26665,40,0,6,88016806739971
5959,26665,40,0,7,88025396674563
5960,26665,41,0,0,90164290387971
5961,26665,41,0,1,90172880322563
5962,26665,41,0,2,90181470257155
5963,26665,41,0,3,90190060191747
5964,26665,41,0,4,90198650126339
5965,26665,41,0,5,90207240060931
5966,26665,41,0,6,90215829995523
5967,26665,41,0,7,90224419930115
5968,26665,42,0,0,92363313643523
5969,26665,42,0,1,92371903578115
5970,26665,42,0,2,92380493512707
5971,26665,42,0,3,92389083447299
5972,26665,42,0,4,92397673381891
5973,26665,42,0,5,92406263316483
5974,26665,42,0,6,92414853251075
5975,26665,42,0,7,92423443185667
5976,26665,43,0,0,94562336899075
5977,26665,43,0,1,94570926833667
5978,26665,43,0,2,94579516768259
5979,26665,43,0,3,94588106702851
5980,26665,43,0,4,94596696637443
5981,26665,43,0,5,94605286572035
5982,26665,43,0,6,94613876506627
5983,26665,43,0,7,94622466441219
5984,26665,44,0,0,96761360154627
5985,26665,44,0,1,96769950089219
5986,26665,44,0,2,96778540023811
5987,26665,44,0,3,96787129958403
5988,26665,44,0,4,96795719892995
5989,26665,44,0,5,96804309827587
5990,26665,44,0,6,96812899762179
5991,26665,44,0,7,96821489696771
5992,26665,45,0,0,98960383410179
5993,26665,45,0,1,98968973344771
5994,26665,45,0,2,98977563279363
5995,26665,45,0,3,98986153213955
5996,26665,45,0,4,98994743148547
5997,26665,45,0,5,99003333083139
5998,26665,45,0,6,99011923017731
5999,26665,45,0,7,99020512952323
6000,26665,46,0,0,101159406665731
6001,26665,46,0,1,101167996600323
6002,26665,46,0,2,101176586534915
6003,26665,46,0,3,101185176469507
6004,26665,46,0,4,101193766404099
6005,26665,46,0,5,101202356338691
6006,26665,46,0,6,101210946273283
6007,26665,46,0,7,101219536207875
6008,26665,47,0,0,103358429921283
6009,26665,47,0,1,103367019855875
6010,26665,47,0,2,103375609790467
6011,26665,47,0,3,103384199725059
6012,26665,47,0,4,103392789659651
6013,26665,47,0,5,103401379594243
6014,26665,47,0,6,103409969528835
6015,26665,47,0,7,103418559463427
6016,26665,48,0,0,105557453176835
6017,26665,48,0,1,105566043111427
6018,26665,48,0,2,105574633046019
6019,26665,48,0,3,105583222980611
6020,26665,48,0,4,105591812915203
6021,26665,48,0,5,105600402849795
6022,26665,48,0,6,105608992784387
6023,26665,48,0,7,105617582718979
6024,26665,49,0,0,107756476432387
6025,26665,49,0,1,107765066366979
6026,26665,49,0,2,107773656301571
6027,26665,49,0,3,107782246236163
6028,26665,49,0,4,107790836170755
6029,26665,49,0,5,107799426105347
6030,26665,49,0,6,107808016039939
6031,26665,49,0,7,107816605974531
6032,26665,50,0,0,109955499687939
6033,26665,50,0,1,109964089622531
6034,26665,50,0,2,109972679557123
6035,26665,50,0,3,109981269491715
6036,26665,50,0,4,109989859426307
6037,26665,50,0,5,109998449360899
6038,26665,50,0,6,110007039295491
6039,26665,50,0,7,110015629230083
6040,26665,51,0,0,112154522943491
6041,26665,51,0,1,112163112878083
6042,26665,51,0,2,112171702812675
6043,26665,51,0,3,112180292747267
6044,26665,51,0,4,112188882681859
6045,26665,51,0,5,112197472616451
6046,26665,51,0,6,112206062551043
6047,26665,51,0,7,112214652485635
6048,26665,52,0,0,114353546199043
6049,26665,52,0,1,114362136133635
6050,26665,52,0,2,114370726068227
6051,26665,52,0,3,114379316002819
6052,26665,52,0,4,114387905937411
6053,26665,52,0,5,114396495872003
6054,26665,52,0,6,114405085806595
6055,26665,52,0,7,114413675741187
6056,26665,53,0,0,116552569454595
6057,26665,53,0,1,116561159389187
6058,26665,53,0,2,116569749323779
6059,26665,53,0,3,116578339258371
6060,26665,53,0,4,116586929192963
6061,26665,53,0,5,116595519127555
6062,26665,53,0,6,116604109062147
6063,26665,53,0,7,116612698996739
6064,26665,54,0,0,118751592710147
6065,26665,54,0,1,118760182644739
6066,26665,54,0,2,118768772579331
6067,26665,54,0,3,118777362513923
6068,26665,54,0,4,118785952448515
6069,26665,54,0,5,118794542383107
6070,26665,54,0,6,118803132317699
6071,26665,54,0,7,118811722252291
6072,26665,55,0,0,120950615965699
6073,26665,55,0,1,120959205900291
6074,26665,55,0,2,120967795834883
6075,26665,55,0,3,120976385769475
6076,26665,55,0,4,120984975704067
6077,26665,55,0,5,120993565638659
6078,26665,55,0,6,121002155573251
6079,26665,55,0,7,121010745507843
6080,26665,56,0,0,123149639221251
6081,26665,56,0,1,123158229155843
6082,26665,56,0,2,123166819090435
6083,26665,56,0,3,123175409025027
6084,26665,56,0,4,123183998959619
6085,26665,56,0,5,123192588894211
6086,26665,56,0,6,123201178828803
6087,26665,56,0,7,123209768763395
6088,26665,57,0,0,125348662476803
6089,26665,57,0,1,125357252411395
6090,26665,57,0,2,125365842345987
6091,26665,57,0,3,125374432280579
6092,26665,57,0,4,125383022215171
6093,26665,57,0,5,125391612149763
6094,26665,57,0,6,125400202084355
6095,26665,57,0,7,125408792018947
6096,26665,58,0,0,127547685732355
6097,26665,58,0,1,127556275666947
6098,26665,58,0,2,127564865601539
6099,26665,58,0,3,127573455536131
6100,26665,58,0,4,127582045470723
6101,26665,58,0,5,127590635405315
6102,26665,58,0,6,127599225339907
6103,26665,58,0,7,127607815274499
6104,26665,59,0,0,129746708987907
6105,26665,59,0,1,129755298922499
6106,26665,59,0,2,129763888857091
6107,26665,59,0,3,129772478791683
6108,26665,59,0,4,129781068726275
6109,26665,59,0,5,129789658660867
6110,26665,59,0,6,129798248595459
6111,26665,59,0,7,129806838530051
6112,26665,60,0,0,131945732243459
6113,26665,60,0,1,131954322178051
6114,26665,60,0,2,131962912112643
6115,26665,60,0,3,131971502047235
6116,26665,60,0,4,131980091981827
6117,26665,60,0,5,131988681916419
6118,26665,60,0,6,131997271851011
6119,26665,60,0,7,132005861785603
6120,26665,61,0,0,134144755499011
6121,26665,61,0,1,134153345433603
6122,26665,61,0,2,134161935368195
6123,26665,61,0,3,134170525302787
6124,26665,61,0,4,134179115237379
6125,26665,61,0,5,134187705171971
6126,26665,61,0,6,134196295106563
6127,26665,61,0,7,134204885041155
6128,26665,62,0,0,136343778754563
6129,26665,62,0,1,136352368689155
6130,26665,62,0,2,136360958623747
6131,26665,62,0,3,136369548558339
6132,26665,62,0,4,136378138492931
6133,26665,62,0,5,136386728427523
6134,26665,62,0,6,136395318362115
6135,26665,62,0,7,136403908296707
6136,26665,63,0,0,138542802010115
6137,26665,63,0,1,138551391944707
6138,26665,63,0,2,138559981879299
6139,26665,63,0,3,138568571813891
6140,26665,63,0,4,138577161748483
6141,26665,63,0,5,138585751683075
6142,26665,63,0,6,138594341617667
6143,26665,63,0,7,138602931552259
6144,26667,0,0,0,4336910340
6145,26667,0,0,1,12926844932
6146,26667,0,0,2,21516779524
6147,26667,0,0,3,30106714116
6148,26667,0,0,4,38696648708
6149,26667,0,0,5,47286583300
6150,26667,0,0,6,55876517892
6151,26667,0,0,7,64466452484
6152,26667,1,0,0,2203360165892
6153,26667,1,0,1,2211950100484
6154,26667,1,0,2,2220540035076
6155,26667,1,0,3,2229129969668
6156,26667,1,0,4,2237719904260
6157,26667,1,0,5,2246309838852
6158,26667,1,0,6,2254899773444
6159,26667,1,0,7,2263489708036
6160,26667,2,0,0,4402383421444
6161,26667,2,0,1,4410973356036
6162,26667,2,0,2,4419563290628
6163,26667,2,0,3,4428153225220
6164,26667,2,0,4,4436743159812
6165,26667,2,0,5,4445333094404
6166,26667,2,0,6,4453923028996
6167,26667,2,0,7,4462512963588
6168,26667,3,0,0,6601406676996
6169,26667,3,0,1,6609996611588
6170,26667,3,0,2,6618586546180
6171,26667,3,0,3,6627176480772
6172,26667,3,0,4,6635766415364
6173,26667,3,0,5,6644356349956
6174,26667,3,0,6,6652946284548
6175,26667,3,0,7,6661536219140
6176,26667,4,0,0,8800429932548
6177,26667,4,0,1,8809019867140
6178,26667,4,0,2,8817609801732
6179,26667,4,0,3,8826199736324
6180,26667,4,0,4,8834789670916
6181,26667,4,0,5,8843379605508
6182,26667,4,0,6,8851969540100
6183,26667,4,0,7,8860559474692
6184,26667,5,0,0,10999453188100
6185,26667,5,0,1,11008043122692
6186,26667,5,0,2,11016633057284
6187,26667,5,0,3,11025222991876
6188,26667,5,0,4,11033812926468
6189,26667,5,0,5,11042402861060
6190,26667,5,0,6,11050992795652
6191,26667,5,0,7,11059582730244
6192,26667,6,0,0,13198476443652
6193,26667,6,0,1,13207066378244
6194,26667,6,0,2,13215656312836
6195,26667,6,0,3,13224246247428
6196,26667,6,0,4,13232836182020
6197,26667,6,0,5,13241426116612
6198,26667,6,0,6,13250016051204
6199,26667,6,0,7,13258605985796
6200,26667,7,0,0,15397499699204
6201,26667,7,0,1,15406089633796
6202,26667,7,0,2,15414679568388
6203,26667,7,0,3,15423269502980
6204,26667,7,0,4,15431859437572
6205,26667,7,0,5,15440449372164
6206,26667,7,0,6,15449039306756
6207,26667,7,0,7,15457629241348
6208,26667,8,0,0,17596522954756
6209,26667,8,0,1,17605112889348
6210,26667,8,0,2,17613702823940
6211,26667,8,0,3,17622292758532
6212,26667,8,0,4,17630882693124
6213,26667,8,0,5,17639472627716
6214,26667,8,0,6,17648062562308
6215,26667,8,0,7,17656652496900
6216,26667,9,0,0,19795546210308
6217,26667,9,0,1,19804136144900
6218,26667,9,0,2,19812726079492
6219,26667,9,0,3,19821316014084
6220,26667,9,0,4,19829905948676
6221,26667,9,0,5,19838495883268
6222,26667,9,0,6,19847085817860
6223,26667,9,0,7,19855675752452
6224,26667,10,0,0,21994569465860
6225,26667,10,0,1,22003159400452
6226,26667,10,0,2,22011749335044
6227,26667,10,0,3,22020339269636
6228,26667,10,0,4,22028929204228
6229,26667,10,0,5,22037519138820
6230,26667,10,0,6,22046109073412
6231,26667,10,0,7,22054699008004
6232,26667,11,0,0,24193592721412
6233,26667,11,0,1,24202182656004
6234,26667,11,0,2,24210772590596
6235,26667,11,0,3,24219362525188
6236,26667,11,0,4,24227952459780
6237,26667,11,0,5,24236542394372
6238,26667,11,0,6,24245132328964
6239,26667,11,0,7,24253722263556
6240,26667,12,0,0,26392615976964
6241,26667,12,0,1,26401205911556
6242,26667,12,0,2,26409795846148
6243,26667,12,0,3,26418385780740
6244,26667,12,0,4,26426975715332
6245,26667,12,0,5,26435565649924
6246,26667,12,0,6,26444155584516
6247,26667,12,0,7,26452745519108
6248,26667,13,0,0,28591639232516
6249,26667,13,0,1,28600229167108
6250,26667,13,0,2,28608819101700
6251,26667,13,0,3,28617409036292
6252,26667,13,0,4,28625998970884
6253,26667,13,0,5,28634588905476
6254,26667,13,0,6,28643178840068
6255,26667,13,0,7,28651768774660
6256,26667,14,0,0,30790662488068
6257,26667,14,0,1,30799252422660
6258,26667,14,0,2,30807842357252
6259,26667,14,0,3,30816432291844
6260,26667,14,0,4,30825022226436
6261,26667,14,0,5,30833612161028
6262,26667,14,0,6,30842202095620
6263,26667,14,0,7,30850792030212
6264,26667,15,0,0,32989685743620
6265,26667,15,0,1,32998275678212
6266,26667,15,0,2,33006865612804
6267,26667,15,0,3,33015455547396
6268,26667,15,0,4,33024045481988
6269,26667,15,0,5,33032635416580
6270,26667,15,0,6,33041225351172
6271,26667,15,0,7,33049815285764
6272,26667,16,0,0,35188708999172
6273,26667,16,0,1,35197298933764
6274,26667,16,0,2,35205888868356
6275,26667,16,0,3,35214478802948
6276,26667,16,0,4,35223068737540
6277,26667,16,0,5,35231658672132
6278,26667,16,0,6,35240248606724
6279,26667,16,0,7,35248838541316
6280,26667,17,0,0,37387732254724
6281,26667,17,0,1,37396322189316
6282,26667,17,0,2,37404912123908
6283,26667,17,0,3,37413502058500
6284,26667,17,0,4,37422091993092
6285,26667,17,0,5,37430681927684
6286,26667,17,0,6,37439271862276
6287,26667,17,0,7,37447861796868
6288,26667,18,0,0,39586755510276
6289,26667,18,0,1,39595345444868
6290,26667,18,0,2,39603935379460
6291,26667,18,0,3,39612525314052
6292,26667,18,0,4,39621115248644
6293,26667,18,0,5,39629705183236
6294,26667,18,0,6,39638295117828
6295,26667,18,0,7,39646885052420
6296,26667,19,0,0,41785778765828
6297,26667,19,0,1,41794368700420
6298,26667,19,0,2,41802958635012
6299,26667,19,0,3,41811548569604
6300,26667,19,0,4,41820138504196
6301,26667,19,0,5,41828728438788
6302,26667,19,0,6,41837318373380
6303,26667,19,0,7,41845908307972
6304,26667,20,0,0,43984802021380
6305,26667,20,0,1,43993391955972
6306,26667,20,0,2,44001981890564
6307,26667,20,0,3,44010571825156
6308,26667,20,0,4,44019161759748
6309,26667,20,0,5,44027751694340
6310,26667,20,0,6,44036341628932
6311,26667,20,0,7,44044931563524
6312,26667,21,0,0,46183825276932
6313,26667,21,0,1,46192415211524
6314,26667,21,0,2,46201005146116
6315,26667,21,0,3,46209595080708
6316,26667,21,0,4,46218185015300
6317,26667,21,0,5,46226774949892
6318,26667,21,0,6,46235364884484
6319,26667,21,0,7,46243954819076
6320,26667,22,0,0,48382848532484
6321,26667,22,0,1,48391438467076
6322,26667,22,0,2,48400028401668
6323,26667,22,0,3,48408618336260
6324,26667,22,0,4,48417208270852
6325,26667,22,0,5,48425798205444
6326,26667,22,0,6,48434388140036
6327,26667,22,0,7,48442978074628
6328,26667,23,0,0,50581871788036
6329,26667,23,0,1,50590461722628
6330,26667,23,0,2,50599051657220
6331,26667,23,0,3,50607641591812
6332,26667,23,0,4,50616231526404
6333,26667,23,0,5,50624821460996
6334,26667,23,0,6,50633411395588
6335,26667,23,0,7,50642001330180
6336,26667,24,0,0,52780895043588
6337,26667,24,0,1,52789484978180
6338,26667,24,0,2,52798074912772
6339,26667,24,0,3,52806664847364
6340,26667,24,0,4,52815254781956
6341,26667,24,0,5,52823844716548
6342,26667,24,0,6,52832434651140
6343,26667,24,0,7,52841024585732
6344,26667,25,0,0,54979918299140
6345,26667,25,0,1,54988508233732
6346,26667,25,0,2,54997098168324
6347,26667,25,0,3,55005688102916
6348,26667,25,0,4,55014278037508
6349,26667,25,0,5,55022867972100
6350,26667,25,0,6,55031457906692
6351,26667,25,0,7,55040047841284
6352,26667,26,0,0,57178941554692
6353,26667,26,0,1,57187531489284
6354,26667,26,0,2,57196121423876
6355,26667,26,0,3,57204711358468
6356,26667,26,0,4,57213301293060
6357,26667,26,0,5,57221891227652
6358,26667,26,0,6,57230481162244
6359,26667,26,0,7,57239071096836
6360,26667,27,0,0,59377964810244
6361,26667,27,0,1,59386554744836
6362,26667,27,0,2,59395144679428
6363,26667,27,0,3,59403734614020
6364,26667,27,0,4,59412324548612
6365,26667,27,0,5,59420914483204
6366,26667,27,0,6,59429504417796
6367,26667,27,0,7,59438094352388
6368,26667,28,0,0,61576988065796
6369,26667,28,0,1,61585578000388
6370,26667,28,0,2,61594167934980
6371,26667,28,0,3,61602757869572
6372,26667,28,0,4,61611347804164
6373,26667,28,0,5,61619937738756
6374,26667,28,0,6,61628527673348
6375,26667,28,0,7,61637117607940
6376,26667,29,0,0,63776011321348
6377,26667,29,0,1,63784601255940
6378,26667,29,0,2,63793191190532
6379,26667,29,0,3,63801781125124
6380,26667,29,0,4,63810371059716
6381,26667,29,0,5,63818960994308
6382,26667,29,0,6,63827550928900
6383,26667,29,0,7,63836140863492
6384,26667,30,0,0,65975034576900
6385,26667,30,0,1,65983624511492
6386,26667,30,0,2,65992214446084
6387,26667,30,0,3,66000804380676
6388,26667,30,0,4,66009394315268
6389,26667,30,0,5,66017984249860
6390,26667,30,0,6,66026574184452
6391,26667,30,0,7,66035164119044
6392,26667,31,0,0,68174057832452
6393,26667,31,0,1,68182647767044
6394,26667,31,0,2,68191237701636
6395,26667,31,0,3,68199827636228
6396,26667,31,0,4,68208417570820
6397,26667,31,0,5,68217007505412
6398,26667,31,0,6,68225597440004
6399,26667,31,0,7,68234187374596
6400,26667,32,0,0,70373081088004
6401,26667,32,0,1,70381671022596
6402,26667,32,0,2,70390260957188
6403,26667,32,0,3,70398850891780
6404,26667,32,0,4,70407440826372
6405,26667,32,0,5,70416030760964
6406,26667,32,0,6,70424620695556
6407,26667,32,0,7,70433210630148
6408,26667,33,0,0,72572104343556
6409,26667,33,0,1,72580694278148
6410,26667,33,0,2,72589284212740
6411,26667,33,0,3,72597874147332
6412,26667,33,0,4,72606464081924
6413,26667,33,0,5,72615054016516
6414,26667,33,0,6,72623643951108
6415,26667,33,0,7,72632233885700
6416,26667,34,0,0,74771127599108
6417,26667,34,0,1,74779717533700
6418,26667,34,0,2,74788307468292
6419,26667,34,0,3,74796897402884
6420,26667,34,0,4,74805487337476
6421,26667,34,0,5,74814077272068
6422,26667,34,0,6,74822667206660
6423,26667,34,0,7,74831257141252
6424,26667,35,0,0,76970150854660
6425,26667,35,0,1,76978740789252
6426,26667,35,0,2,76987330723844
6427,26667,35,0,3,76995920658436
6428,26667,35,0,4,77004510593028
6429,26667,35,0,5,77013100527620
6430,26667,35,0,6,77021690462212
6431,26667,35,0,7,77030280396804
6432,26667,36,0,0,79169174110212
6433,26667,36,0,1,79177764044804
6434,26667,36,0,2,79186353979396
6435,26667,36,0,3,79194943913988
6436,26667,36,0,4,79203533848580
6437,26667,36,0,5,79212123783172
6438,26667,36,0,6,79220713717764
6439,26667,36,0,7,79229303652356
6440,26667,37,0,0,81368197365764
6441,26667,37,0,1,81376787300356
6442,26667,37,0,2,81385377234948
6443,26667,37,0,3,81393967169540
6444,26667,37,0,4,81402557104132
6445,26667,37,0,5,81411147038724
6446,26667,37,0,6,81419736973316
6447,26667,37,0,7,81428326907908
6448,26667,38,0,0,83567220621316
6449,26667,38,0,1,83575810555908
6450,26667,38,0,2,83584400490500
6451,26667,38,0,3,83592990425092
6452,26667,38,0,4,83601580359684
6453,26667,38,0,5,83610170294276
6454,26667,38,0,6,83618760228868
6455,26667,38,0,7,83627350163460
6456,26667,39,0,0,85766243876868
6457,26667,39,0,1,85774833811460
6458,26667,39,0,2,85783423746052
6459,26667,39,0,3,85792013680644
6460,26667,39,0,4,85800603615236
6461,26667,39,0,5,85809193549828
6462,26667,39,0,6,85817783484420
6463,26667,39,0,7,85826373419012
6464,26667,40,0,0,87965267132420
6465,26667,40,0,1,87973857067012
6466,26667,40,0,2,87982447001604
6467,26667,40,0,3,87991036936196
6468,26667,40,0,4,87999626870788
6469,26667,40,0,5,88008216805380
6470,26667,40,0,6,88016806739972
6471,26667,40,0,7,88025396674564
6472,26667,41,0,0,90164290387972
6473,26667,41,0,1,90172880322564
6474,26667,41,0,2,90181470257156
6475,26667,41,0,3,90190060191748
6476,26667,41,0,4,90198650126340
6477,26667,41,0,5,90207240060932
6478,26667,41,0,6,90215829995524
6479,26667,41,0,7,90224419930116
6480,26667,42,0,0,92363313643524
6481,26667,42,0,1,92371903578116
6482,26667,42,0,2,92380493512708
6483,26667,42,0,3,92389083447300
6484,26667,42,0,4,92397673381892
6485,26667,42,0,5,92406263316484
6486,26667,42,0,6,92414853251076
6487,26667,42,0,7,92423443185668
6488,26667,43,0,0,94562336899076
6489,26667,43,0,1,94570926833668
6490,26667,43,0,2,94579516768260
6491,26667,43,0,3,94588106702852
6492,26667,43,0,4,94596696637444
6493,26667,43,0,5,94605286572036
6494,26667,43,0,6,94613876506628
6495,26667,43,0,7,94622466441220
6496,26667,44,0,0,96761360154628
6497,26667,44,0,1,96769950089220
6498,26667,44,0,2,96778540023812
6499,26667,44,0,3,96787129958404
6500,26667,44,0,4,96795719892996
6501,26667,44,0,5,96804309827588
6502,26667,44,0,6,96812899762180
6503,26667,44,0,7,96821489696772
6504,26667,45,0,0,98960383410180
6505,26667,45,0,1,98968973344772
6506,26667,45,0,2,98977563279364
6507,26667,45,0,3,98986153213956
6508,26667,45,0,4,98994743148548
6509,26667,45,0,5,99003333083140
6510,26667,45,0,6,99011923017732
6511,26667,45,0,7,99020512952324
6512,26667,46,0,0,101159406665732
6513,26667,46,0,1,101167996600324
6514,26667,46,0,2,101176586534916
6515,26667,46,0,3,101185176469508
6516,26667,46,0,4,101193766404100
6517,26667,46,0,5,101202356338692
6518,26667,46,0,6,101210946273284
6519,26667,46,0,7,101219536207876
6520,26667,47,0,0,103358429921284
6521,26667,47,0,1,103367019855876
6522,26667,47,0,2,103375609790468
6523,26667,47,0,3,103384199725060
6524,26667,47,0,4,103392789659652
6525,26667,47,0,5,103401379594244
6526,26667,47,0,6,103409969528836
6527,26667,47,0,7,103418559463428
6528,26667,48,0,0,105557453176836
6529,26667,48,0,1,105566043111428
6530,26667,48,0,2,105574633046020
6531,26667,48,0,3,105583222980612
6532,26667,48,0,4,105591812915204
6533,26667,48,0,5,105600402849796
6534,26667,48,0,6,105608992784388
6535,26667,48,0,7,105617582718980
6536,26667,49,0,0,107756476432388
6537,26667,49,0,1,107765066366980
6538,26667,49,0,2,107773656301572
6539,26667,49,0,3,107782246236164
6540,26667,49,0,4,107790836170756
6541,26667,49,0,5,107799426105348
6542,26667,49,0,6,107808016039940
6543,26667,49,0,7,107816605974532
6544,26667,50,0,0,109955499687940
6545,26667,50,0,1,109964089622532
6546,26667,50,0,2,109972679557124
6547,26667,50,0,3,109981269491716
6548,26667,50,0,4,109989859426308
6549,26667,50,0,5,109998449360900
6550,26667,50,0,6,110007039295492
6551,26667,50,0,7,110015629230084
6552,26667,51,0,0,112154522943492
6553,26667,51,0,1,112163112878084
6554,26667,51,0,2,112171702812676
6555,26667,51,0,3,112180292747268
6556,26667,51,0,4,112188882681860
6557,26667,51,0,5,112197472616452
6558,26667,51,0,6,112206062551044
6559,26667,51,0,7,112214652485636
6560,26667,52,0,0,114353546199044
6561,26667,52,0,1,114362136133636
6562,26667,52,0,2,114370726068228
6563,26667,52,0,3,114379316002820
6564,26667,52,0,4,114387905937412
6565,26667,52,0,5,114396495872004
6566,26667,52,0,6,114405085806596
6567,26667,52,0,7,114413675741188
6568,26667,53,0,0,116552569454596
6569,26667,53,0,1,116561159389188
6570,26667,53,0,2,116569749323780
6571,26667,53,0,3,116578339258372
6572,26667,53,0,4,116586929192964
6573,26667,53,0,5,116595519127556
6574,26667,53,0,6,116604109062148
6575,26667,53,0,7,116612698996740
6576,26667,54,0,0,118751592710148
6577,26667,54,0,1,118760182644740
6578,26667,54,0,2,118768772579332
6579,26667,54,0,3,118777362513924
6580,26667,54,0,4,118785952448516
6581,26667,54,0,5,118794542383108
6582,26667,54,0,6,118803132317700
6583,26667,54,0,7,118811722252292
6584,26667,55,0,0,120950615965700
6585,26667,55,0,1,120959205900292
6586,26667,55,0,2,120967795834884
6587,26667,55,0,3,120976385769476
6588,26667,55,0,4,120984975704068
6589,26667,55,0,5,120993565638660
6590,26667,55,0,6,121002155573252
6591,26667,55,0,7,121010745507844
6592,26667,56,0,0,123149639221252
6593,26667,56,0,1,123158229155844
6594,26667,56,0,2,123166819090436
6595,26667,56,0,3,123175409025028
6596,26667,56,0,4,123183998959620
6597,26667,56,0,5,123192588894212
6598,26667,56,0,6,123201178828804
6599,26667,56,0,7,123209768763396
6600,26667,57,0,0,125348662476804
6601,26667,57,0,1,125357252411396
6602,26667,57,0,2,125365842345988
6603,26667,57,0,3,125374432280580
6604,26667,57,0,4,125383022215172
6605,26667,57,0,5,125391612149764
6606,26667,57,0,6,125400202084356
6607,26667,57,0,7,125408792018948
6608,26667,58,0,0,127547685732356
6609,26667,58,0,1,127556275666948
6610,26667,58,0,2,127564865601540
6611,26667,58,0,3,127573455536132
6612,26667,58,0,4,127582045470724
6613,26667,58,0,5,127590635405316
6614,26667,58,0,6,127599225339908
6615,26667,58,0,7,127607815274500
6616,26667,59,0,0,129746708987908
6617,26667,59,0,1,129755298922500
6618,26667,59,0,2,129763888857092
6619,26667,59,0,3,129772478791684
6620,26667,59,0,4,129781068726276
6621,26667,59,0,5,129789658660868
6622,26667,59,0,6,129798248595460
6623,26667,59,0,7,129806838530052
6624,26667,60,0,0,131945732243460
6625,26667,60,0,1,131954322178052
6626,26667,60,0,2,131962912112644
6627,26667,60,0,3,131971502047236
6628,26667,60,0,4,131980091981828
6629,26667,60,0,5,131988681916420
6630,26667,60,0,6,131997271851012
6631,26667,60,0,7,132005861785604
6632,26667,61,0,0,134144755499012
6633,26667,61,0,1,134153345433604
6634,26667,61,0,2,134161935368196
6635,26667,61,0,3,134170525302788
6636,26667,61,0,4,134179115237380
6637,26667,61,0,5,134187705171972
6638,26667,61,0,6,134196295106564
6639,26667,61,0,7,134204885041156
6640,26667,62,0,0,136343778754564
6641,26667,62,0,1,136352368689156
6642,26667,62,0,2,136360958623748
6643,26667,62,0,3,136369548558340
6644,26667,62,0,4,136378138492932
6645,26667,62,0,5,136386728427524
6646,26667,62,0,6,136395318362116
6647,26667,62,0,7,136403908296708
6648,26667,63,0,0,138542802010116
6649,26667,63,0,1,138551391944708
6650,26667,63,0,2,138559981879300
6651,26667,63,0,3,138568571813892
6652,26667,63,0,4,138577161748484
6653,26667,63,0,5,138585751683076
6654,26667,63,0,6,138594341617668
6655,26667,63,0,7,138602931552260
6656,26669,0,0,0,4336910341
6657,26669,0,0,1,12926844933
6658,26669,0,0,2,21516779525
6659,26669,0,0,3,30106714117
6660,26669,0,0,4,38696648709
6661,26669,0,0,5,47286583301
6662,26669,0,0,6,55876517893
6663,26669,0,0,7,64466452485
6664,26669,1,0,0,2203360165893
6665,26669,1,0,1,2211950100485
6666,26669,1,0,2,2220540035077
6667,26669,1,0,3,2229129969669
6668,26669,1,0,4,2237719904261
6669,26669,1,0,5,2246309838853
6670,26669,1,0,6,2254899773445
6671,26669,1,0,7,2263489708037
6672,26669,2,0,0,4402383421445
6673,26669,2,0,1,4410973356037
6674,26669,2,0,2,4419563290629
6675,26669,2,0,3,4428153225221
6676,26669,2,0,4,4436743159813
6677,26669,2,0,5,4445333094405
6678,26669,2,0,6,4453923028997
6679,26669,2,0,7,4462512963589
6680,26669,3,0,0,6601406676997
6681,26669,3,0,1,6609996611589
6682,26669,3,0,2,6618586546181
6683,26669,3,0,3,6627176480773
6684,26669,3,0,4,6635766415365
6685,26669,3,0,5,6644356349957
6686,26669,3,0,6,6652946284549
6687,26669,3,0,7,6661536219141
6688,26669,4,0,0,8800429932549
6689,26669,4,0,1,8809019867141
6690,26669,4,0,2,8817609801733
6691,26669,4,0,3,8826199736325
6692,26669,4,0,4,8834789670917
6693,26669,4,0,5,8843379605509
6694,26669,4,0,6,8851969540101
6695,26669,4,0,7,8860559474693
6696,26669,5,0,0,10999453188101
6697,26669,5,0,1,11008043122693
6698,26669,5,0,2,11016633057285
6699,26669,5,0,3,11025222991877
6700,26669,5,0,4,11033812926469
6701,26669,5,0,5,11042402861061
6702,26669,5,0,6,11050992795653
6703,26669,5,0,7,11059582730245
6704,26669,6,0,0,13198476443653
6705,26669,6,0,1,13207066378245
6706,26669,6,0,2,13215656312837
6707,26669,6,0,3,13224246247429
6708,26669,6,0,4,13232836182021
6709,26669,6,0,5,13241426116613
6710,26669,6,0,6,13250016051205
6711,26669,6,0,7,13258605985797
6712,26669,7,0,0,15397499699205
6713,26669,7,0,1,15406089633797
6714,26669,7,0,2,15414679568389
6715,26669,7,0,3,15423269502981
6716,26669,7,0,4,15431859437573
6717,26669,7,0,5,15440449372165
6718,26669,7,0,6,15449039306757
6719,26669,7,0,7,15457629241349
6720,26669,8,0,0,17596522954757
6721,26669,8,0,1,17605112889349
6722,26669,8,0,2,17613702823941
6723,26669,8,0,3,17622292758533
6724,26669,8,0,4,17630882693125
6725,26669,8,0,5,17639472627717
6726,26669,8,0,6,17648062562309
6727,26669,8,0,7,17656652496901
6728,26669,9,0,0,19795546210309
6729,26669,9,0,1,19804136144901
6730,26669,9,0,2,19812726079493
6731,26669,9,0,3,19821316014085
6732,26669,9,0,4,19829905948677
6733,26669,9,0,5,19838495883269
6734,26669,9,0,6,19847085817861
6735,26669,9,0,7,19855675752453
6736,26669,10,0,0,21994569465861
6737,26669,10,0,1,22003159400453
6738,26669,10,0,2,22011749335045
6739,26669,10,0,3,22020339269637
6740,26669,10,0,4,22028929204229
6741,26669,10,0,5,22037519138821
6742,26669,10,0,6,22046109073413
6743,26669,10,0,7,22054699008005
6744,26669,11,0,0,24193592721413
6745,26669,11,0,1,24202182656005
6746,26669,11,0,2,24210772590597
6747,26669,11,0,3,24219362525189
6748,26669,11,0,4,24227952459781
6749,26669,11,0,5,24236542394373
6750,26669,11,0,6,24245132328965
6751,26669,11,0,7,24253722263557
6752,26669,12,0,0,26392615976965
6753,26669,12,0,1,26401205911557
6754,26669,12,0,2,26409795846149
6755,26669,12,0,3,26418385780741
6756,26669,12,0,4,26426975715333
6757,26669,12,0,5,26435565649925
6758,26669,12,0,6,26444155584517
6759,26669,12,0,7,26452745519109
6760,26669,13,0,0,28591639232517
6761,26669,13,0,1,28600229167109
6762,26669,13,0,2,28608819101701
6763,26669,13,0,3,28617409036293
6764,26669,13,0,4,28625998970885
6765,26669,13,0,5,28634588905477
6766,26669,13,0,6,28643178840069
6767,26669,13,0,7,28651768774661
6768,26669,14,0,0,30790662488069
6769,26669,14,0,1,30799252422661
6770,26669,14,0,2,30807842357253
6771,26669,14,0,3,30816432291845
6772,26669,14,0,4,30825022226437
6773,26669,14,0,5,30833612161029
6774,26669,14,0,6,30842202095621
6775,26669,14,0,7,30850792030213
6776,26669,15,0,0,32989685743621
6777,26669,15,0,1,32998275678213
6778,26669,15,0,2,33006865612805
6779,26669,15,0,3,33015455547397
6780,26669,15,0,4,33024045481989
6781,26669,15,0,5,33032635416581
6782,26669,15,0,6,33041225351173
6783,26669,15,0,7,33049815285765
6784,26669,16,0,0,35188708999173
6785,26669,16,0,1,35197298933765
6786,26669,16,0,2,35205888868357
6787,26669,16,0,3,35214478802949
6788,26669,16,0,4,35223068737541
6789,26669,16,0,5,35231658672133
6790,26669,16,0,6,35240248606725
6791,26669,16,0,7,35248838541317
6792,26669,17,0,0,37387732254725
6793,26669,17,0,1,37396322189317
6794,26669,17,0,2,37404912123909
6795,26669,17,0,3,37413502058501
6796,26669,17,0,4,37422091993093
6797,26669,17,0,5,37430681927685
6798,26669,17,0,6,37439271862277
6799,26669,17,0,7,37447861796869
6800,26669,18,0,0,39586755510277
6801,26669,18,0,1,39595345444869
6802,26669,18,0,2,39603935379461
6803,26669,18,0,3,39612525314053
6804,26669,18,0,4,39621115248645
6805,26669,18,0,5,39629705183237
6806,26669,18,0,6,39638295117829
6807,26669,18,0,7,39646885052421
6808,26669,19,0,0,41785778765829
6809,26669,19,0,1,41794368700421
6810,26669,19,0,2,41802958635013
6811,26669,19,0,3,41811548569605
6812,26669,19,0,4,41820138504197
6813,26669,19,0,5,41828728438789
6814,26669,19,0,6,41837318373381
6815,26669,19,0,7,41845908307973
6816,26669,20,0,0,43984802021381
6817,26669,20,0,1,43993391955973
6818,26669,20,0,2,44001981890565
6819,26669,20,0,3,44010571825157
6820,26669,20,0,4,44019161759749
6821,26669,20,0,5,44027751694341
6822,26669,20,0,6,44036341628933
6823,26669,20,0,7,44044931563525
6824,26669,21,0,0,46183825276933
6825,26669,21,0,1,46192415211525
6826,26669,21,0,2,46201005146117
6827,26669,21,0,3,46209595080709
6828,26669,21,0,4,46218185015301
6829,26669,21,0,5,46226774949893
6830,26669,21,0,6,46235364884485
6831,26669,21,0,7,46243954819077
6832,26669,22,0,0,48382848532485
6833,26669,22,0,1,48391438467077
6834,26669,22,0,2,48400028401669
6835,26669,22,0,3,48408618336261
6836,26669,22,0,4,48417208270853
6837,26669,22,0,5,48425798205445
6838,26669,22,0,6,48434388140037
6839,26669,22,0,7,48442978074629
6840,26669,23,0,0,50581871788037
6841,26669,23,0,1,50590461722629
6842,26669,23,0,2,50599051657221
6843,26669,23,0,3,50607641591813
6844,26669,23,0,4,50616231526405
6845,26669,23,0,5,50624821460997
6846,26669,23,0,6,50633411395589
6847,26669,23,0,7,50642001330181
6848,26669,24,0,0,52780895043589
6849,26669,24,0,1,52789484978181
6850,26669,24,0,2,52798074912773
6851,26669,24,0,3,52806664847365
6852,26669,24,0,4,52815254781957
6853,26669,24,0,5,52823844716549
6854,26669,24,0,6,52832434651141
6855,26669,24,0,7,52841024585733
6856,26669,25,0,0,54979918299141
6857,26669,25,0,1,54988508233733
6858,26669,25,0,2,54997098168325
6859,26669,25,0,3,55005688102917
6860,26669,25,0,4,55014278037509
6861,26669,25,0,5,55022867972101
6862,26669,25,0,6,55031457906693
6863,26669,25,0,7,55040047841285
6864,26669,26,0,0,57178941554693
6865,26669,26,0,1,57187531489285
6866,26669,26,0,2,57196121423877
6867,26669,26,0,3,57204711358469
6868,26669,26,0,4,57213301293061
6869,26669,26,0,5,57221891227653
6870,26669,26,0,6,57230481162245
6871,26669,26,0,7,57239071096837
6872,26669,27,0,0,59377964810245
6873,26669,27,0,1,59386554744837
6874,26669,27,0,2,59395144679429
6875,26669,27,0,3,59403734614021
6876,26669,27,0,4,59412324548613
6877,26669,27,0,5,59420914483205
6878,26669,27,0,6,59429504417797
6879,26669,27,0,7,59438094352389
6880,26669,28,0,0,61576988065797
6881,26669,28,0,1,61585578000389
6882,26669,28,0,2,61594167934981
6883,26669,28,0,3,61602757869573
6884,26669,28,0,4,61611347804165
6885,26669,28,0,5,61619937738757
6886,26669,28,0,6,61628527673349
6887,26669,28,0,7,61637117607941
6888,26669,29,0,0,63776011321349
6889,26669,29,0,1,63784601255941
6890,26669,29,0,2,63793191190533
6891,26669,29,0,3,63801781125125
6892,26669,29,0,4,63810371059717
6893,26669,29,0,5,63818960994309
6894,26669,29,0,6,63827550928901
6895,26669,29,0,7,63836140863493
6896,26669,30,0,0,65975034576901
6897,26669,30,0,1,65983624511493
6898,26669,30,0,2,65992214446085
6899,26669,30,0,3,66000804380677
6900,26669,30,0,4,66009394315269
6901,26669,30,0,5,66017984249861
6902,26669,30,0,6,66026574184453
6903,26669,30,0,7,66035164119045
6904,26669,31,0,0,68174057832453
6905,26669,31,0,1,68182647767045
6906,26669,31,0,2,68191237701637
6907,26669,31,0,3,68199827636229
6908,26669,31,0,4,68208417570821
6909,26669,31,0,5,68217007505413
6910,26669,31,0,6,68225597440005
6911,26669,31,0,7,68234187374597
6912,26669,32,0,0,70373081088005
6913,26669,32,0,1,70381671022597
6914,26669,32,0,2,70390260957189
6915,26669,32,0,3,70398850891781
6916,26669,32,0,4,70407440826373
6917,26669,32,0,5,70416030760965
6918,26669,32,0,6,70424620695557
6919,26669,32,0,7,70433210630149
6920,26669,33,0,0,72572104343557
6921,26669,33,0,1,72580694278149
6922,26669,33,0,2,72589284212741
6923,26669,33,0,3,72597874147333
6924,26669,33,0,4,72606464081925
6925,26669,33,0,5,72615054016517
6926,26669,33,0,6,72623643951109
6927,26669,33,0,7,72632233885701
6928,26669,34,0,0,74771127599109
6929,26669,34,0,1,74779717533701
6930,26669,34,0,2,74788307468293
6931,26669,34,0,3,74796897402885
6932,26669,34,0,4,74805487337477
6933,26669,34,0,5,74814077272069
6934,26669,34,0,6,74822667206661
6935,26669,34,0,7,74831257141253
6936,26669,35,0,0,76970150854661
6937,26669,35,0,1,76978740789253
6938,26669,35,0,2,76987330723845
6939,26669,35,0,3,76995920658437
6940,26669,35,0,4,77004510593029
6941,26669,35,0,5,77013100527621
6942,26669,35,0,6,77021690462213
6943,26669,35,0,7,77030280396805
6944,26669,36,0,0,79169174110213
6945,26669,36,0,1,79177764044805
6946,26669,36,0,2,79186353979397
6947,26669,36,0,3,79194943913989
6948,26669,36,0,4,79203533848581
6949,26669,36,0,5,79212123783173
6950,26669,36,0,6,79220713717765
6951,26669,36,0,7,79229303652357
6952,26669,37,0,0,81368197365765
6953,26669,37,0,1,81376787300357
6954,26669,37,0,2,81385377234949
6955,26669,37,0,3,81393967169541
6956,26669,37,0,4,81402557104133
6957,26669,37,0,5,81411147038725
6958,26669,37,0,6,81419736973317
6959,26669,37,0,7,81428326907909
6960,26669,38,0,0,83567220621317
6961,26669,38,0,1,83575810555909
6962,26669,38,0,2,83584400490501
6963,26669,38,0,3,83592990425093
6964,26669,38,0,4,83601580359685
6965,26669,38,0,5,83610170294277
6966,26669,38,0,6,83618760228869
6967,26669,38,0,7,83627350163461
6968,26669,39,0,0,85766243876869
6969,26669,39,0,1,85774833811461
6970,26669,39,0,2,85783423746053
6971,26669,39,0,3,85792013680645
6972,26669,39,0,4,85800603615237
6973,26669,39,0,5,85809193549829
6974,26669,39,0,6,85817783484421
6975,26669,39,0,7,85826373419013
6976,26669,40,0,0,87965267132421
6977,26669,40,0,1,87973857067013
6978,26669,40,0,2,87982447001605
6979,26669,40,0,3,87991036936197
6980,26669,40,0,4,87999626870789
6981,26669,40,0,5,88008216805381
6982,26669,40,0,6,88016806739973
6983,26669,40,0,7,88025396674565
6984,26669,41,0,0,90164290387973
6985,26669,41,0,1,90172880322565
6986,26669,41,0,2,90181470257157
6987,26669,41,0,3,90190060191749
6988,26669,41,0,4,90198650126341
6989,26669,41,0,5,90207240060933
6990,26669,41,0,6,90215829995525
6991,26669,41,0,7,90224419930117
6992,26669,42,0,0,92363313643525
6993,26669,42,0,1,92371903578117
6994,26669,42,0,2,92380493512709
6995,26669,42,0,3,92389083447301
6996,26669,42,0,4,92397673381893
6997,26669,42,0,5,92406263316485
6998,26669,42,0,6,92414853251077
6999,26669,42,0,7,92423443185669
7000,26669,43,0,0,94562336899077
7001,26669,43,0,1,94570926833669
7002,26669,43,0,2,94579516768261
7003,26669,43,0,3,94588106702853
7004,26669,43,0,4,94596696637445
7005,26669,43,0,5,94605286572037
7006,26669,43,0,6,94613876506629
7007,26669,43,0,7,94622466441221
7008,26669,44,0,0,96761360154629
7009,26669,44,0,1,96769950089221
7010,26669,44,0,2,96778540023813
7011,26669,44,0,3,96787129958405
7012,26669,44,0,4,96795719892997
7013,26669,44,0,5,96804309827589
7014,26669,44,0,6,96812899762181
7015,26669,44,0,7,96821489696773
7016,26669,45,0,0,98960383410181
7017,26669,45,0,1,98968973344773
7018,26669,45,0,2,98977563279365
7019,26669,45,0,3,98986153213957
7020,26669,45,0,4,98994743148549
7021,26669,45,0,5,99003333083141
7022,26669,45,0,6,99011923017733
7023,26669,45,0,7,99020512952325
7024,26669,46,0,0,101159406665733
7025,26669,46,0,1,101167996600325
7026,26669,46,0,2,101176586534917
7027,26669,46,0,3,101185176469509
7028,26669,46,0,4,101193766404101
7029,26669,46,0,5,101202356338693
7030,26669,46,0,6,101210946273285
7031,26669,46,0,7,101219536207877
7032,26669,47,0,0,103358429921285
7033,26669,47,0,1,103367019855877
7034,26669,47,0,2,103375609790469
7035,26669,47,0,3,103384199725061
7036,26669,47,0,4,103392789659653
7037,26669,47,0,5,103401379594245
7038,26669,47,0,6,103409969528837
7039,26669,47,0,7,103418559463429
7040,26669,48,0,0,105557453176837
7041,26669,48,0,1,105566043111429
7042,26669,48,0,2,105574633046021
7043,26669,48,0,3,105583222980613
7044,26669,48,0,4,105591812915205
7045,26669,48,0,5,105600402849797
7046,26669,48,0,6,105608992784389
7047,26669,48,0,7,105617582718981
7048,26669,49,0,0,107756476432389
7049,26669,49,0,1,107765066366981
7050,26669,49,0,2,107773656301573
7051,26669,49,0,3,107782246236165
7052,26669,49,0,4,107790836170757
7053,26669,49,0,5,107799426105349
7054,26669,49,0,6,107808016039941
7055,26669,49,0,7,107816605974533
7056,26669,50,0,0,109955499687941
7057,26669,50,0,1,109964089622533
7058,26669,50,0,2,109972679557125
7059,26669,50,0,3,109981269491717
7060,26669,50,0,4,109989859426309
7061,26669,50,0,5,109998449360901
7062,26669,50,0,6,110007039295493
7063,26669,50,0,7,110015629230085
7064,26669,51,0,0,112154522943493
7065,26669,51,0,1,112163112878085
7066,26669,51,0,2,112171702812677
7067,26669,51,0,3,112180292747269
7068,26669,51,0,4,112188882681861
7069,26669,51,0,5,112197472616453
7070,26669,51,0,6,112206062551045
7071,26669,51,0,7,112214652485637
7072,26669,52,0,0,114353546199045
7073,26669,52,0,1,114362136133637
7074,26669,52,0,2,114370726068229
7075,26669,52,0,3,114379316002821
7076,26669,52,0,4,114387905937413
7077,26669,52,0,5,114396495872005
7078,26669,52,0,6,114405085806597
7079,26669,52,0,7,114413675741189
7080,26669,53,0,0,116552569454597
7081,26669,53,0,1,116561159389189
7082,26669,53,0,2,116569749323781
7083,26669,53,0,3,116578339258373
7084,26669,53,0,4,116586929192965
7085,26669,53,0,5,116595519127557
7086,26669,53,0,6,116604109062149
7087,26669,53,0,7,116612698996741
7088,26669,54,0,0,118751592710149
7089,26669,54,0,1,118760182644741
7090,26669,54,0,2,118768772579333
7091,26669,54,0,3,118777362513925
7092,26669,54,0,4,118785952448517
7093,26669,54,0,5,118794542383109
7094,26669,54,0,6,118803132317701
7095,26669,54,0,7,118811722252293
7096,26669,55,0,0,120950615965701
7097,26669,55,0,1,120959205900293
7098,26669,55,0,2,120967795834885
7099,26669,55,0,3,120976385769477
7100,26669,55,0,4,120984975704069
7101,26669,55,0,5,120993565638661
7102,26669,55,0,6,121002155573253
7103,26669,55,0,7,121010745507845
7104,26669,56,0,0,123149639221253
7105,26669,56,0,1,123158229155845
7106,26669,56,0,2,123166819090437
7107,26669,56,0,3,123175409025029
7108,26669,56,0,4,123183998959621
7109,26669,56,0,5,123192588894213
7110,26669,56,0,6,123201178828805
7111,26669,56,0,7,123209768763397
7112,26669,57,0,0,125348662476805
7113,26669,57,0,1,125357252411397
7114,26669,57,0,2,125365842345989
7115,26669,57,0,3,125374432280581
7116,26669,57,0,4,125383022215173
7117,26669,57,0,5,125391612149765
7118,26669,57,0,6,125400202084357
7119,26669,57,0,7,125408792018949
7120,26669,58,0,0,127547685732357
7121,26669,58,0,1,127556275666949
7122,26669,58,0,2,127564865601541
7123,26669,58,0,3,127573455536133
7124,26669,58,0,4,127582045470725
7125,26669,58,0,5,127590635405317
7126,26669,58,0,6,127599225339909
7127,26669,58,0,7,127607815274501
7128,26669,59,0,0,129746708987909
7129,26669,59,0,1,129755298922501
7130,26669,59,0,2,129763888857093
7131,26669,59,0,3,129772478791685
7132,26669,59,0,4,129781068726277
7133,26669,59,0,5,129789658660869
7134,26669,59,0,6,129798248595461
7135,26669,59,0,7,129806838530053
7136,26669,60,0,0,131945732243461
7137,26669,60,0,1,131954322178053
7138,26669,60,0,2,131962912112645
7139,26669,60,0,3,131971502047237
7140,26669,60,0,4,131980091981829
7141,26669,60,0,5,131988681916421
7142,26669,60,0,6,131997271851013
7143,26669,60,0,7,132005861785605
7144,26669,61,0,0,134144755499013
7145,26669,61,0,1,134153345433605
7146,26669,61,0,2,134161935368197
7147,26669,61,0,3,134170525302789
7148,26669,61,0,4,134179115237381
7149,26669,61,0,5,134187705171973
7150,26669,61,0,6,134196295106565
7151,26669,61,0,7,134204885041157
7152,26669,62,0,0,136343778754565
7153,26669,62,0,1,136352368689157
7154,26669,62,0,2,136360958623749
7155,26669,62,0,3,136369548558341
7156,26669,62,0,4,136378138492933
7157,26669,62,0,5,136386728427525
7158,26669,62,0,6,136395318362117
7159,26669,62,0,7,136403908296709
7160,26669,63,0,0,138542802010117
7161,26669,63,0,1,138551391944709
7162,26669,63,0,2,138559981879301
7163,26669,63,0,3,138568571813893
7164,26669,63,0,4,138577161748485
7165,26669,63,0,5,138585751683077
7166,26669,63,0,6,138594341617669
7167,26669,63,0,7,138602931552261
7168,26671,0,0,0,4336910342
7169,26671,0,0,1,12926844934
7170,26671,0,0,2,21516779526
7171,26671,0,0,3,30106714118
7172,26671,0,0,4,38696648710
7173,26671,0,0,5,47286583302
7174,26671,0,0,6,55876517894
7175,26671,0,0,7,64466452486
7176,26671,1,0,0,2203360165894
7177,26671,1,0,1,2211950100486
7178,26671,1,0,2,2220540035078
7179,26671,1,0,3,2229129969670
7180,26671,1,0,4,2237719904262
7181,26671,1,0,5,2246309838854
7182,26671,1,0,6,2254899773446
7183,26671,1,0,7,2263489708038
7184,26671,2,0,0,4402383421446
7185,26671,2,0,1,4410973356038
7186,26671,2,0,2,4419563290630
7187,26671,2,0,3,4428153225222
7188,26671,2,0,4,4436743159814
7189,26671,2,0,5,4445333094406
7190,26671,2,0,6,4453923028998
7191,26671,2,0,7,4462512963590
7192,26671,3,0,0,6601406676998
7193,26671,3,0,1,6609996611590
7194,26671,3,0,2,6618586546182
7195,26671,3,0,3,6627176480774
7196,26671,3,0,4,6635766415366
7197,26671,3,0,5,6644356349958
7198,26671,3,0,6,6652946284550
7199,26671,3,0,7,6661536219142
7200,26671,4,0,0,8800429932550
7201,26671,4,0,1,8809019867142
7202,26671,4,0,2,8817609801734
7203,26671,4,0,3,8826199736326
7204,26671,4,0,4,8834789670918
7205,26671,4,0,5,8843379605510
7206,26671,4,0,6,8851969540102
7207,26671,4,0,7,8860559474694
7208,26671,5,0,0,10999453188102
7209,26671,5,0,1,11008043122694
7210,26671,5,0,2,11016633057286
7211,26671,5,0,3,11025222991878
7212,26671,5,0,4,11033812926470
7213,26671,5,0,5,11042402861062
7214,26671,5,0,6,11050992795654
7215,26671,5,0,7,11059582730246
7216,26671,6,0,0,13198476443654
7217,26671,6,0,1,13207066378246
7218,26671,6,0,2,13215656312838
7219,26671,6,0,3,13224246247430
7220,26671,6,0,4,13232836182022
7221,26671,6,0,5,13241426116614
7222,26671,6,0,6,13250016051206
7223,26671,6,0,7,13258605985798
7224,26671,7,0,0,15397499699206
7225,26671,7,0,1,15406089633798
7226,26671,7,0,2,15414679568390
7227,26671,7,0,3,15423269502982
7228,26671,7,0,4,15431859437574
7229,26671,7,0,5,15440449372166
7230,26671,7,0,6,15449039306758
7231,26671,7,0,7,15457629241350
7232,26671,8,0,0,17596522954758
7233,26671,8,0,1,17605112889350
7234,26671,8,0,2,17613702823942
7235,26671,8,0,3,17622292758534
7236,26671,8,0,4,17630882693126
7237,26671,8,0,5,17639472627718
7238,26671,8,0,6,17648062562310
7239,26671,8,0,7,17656652496902
7240,26671,9,0,0,19795546210310
7241,26671,9,0,1,19804136144902
7242,26671,9,0,2,19812726079494
7243,26671,9,0,3,19821316014086
7244,26671,9,0,4,19829905948678
7245,26671,9,0,5,19838495883270
7246,26671,9,0,6,19847085817862
7247,26671,9,0,7,19855675752454
7248,26671,10,0,0,21994569465862
7249,26671,10,0,1,22003159400454
7250,26671,10,0,2,22011749335046
7251,26671,10,0,3,22020339269638
7252,26671,10,0,4,22028929204230
7253,26671,10,0,5,22037519138822
7254,26671,10,0,6,22046109073414
7255,26671,10,0,7,22054699008006
7256,26671,11,0,0,24193592721414
7257,26671,11,0,1,24202182656006
7258,26671,11,0,2,24210772590598
7259,26671,11,0,3,24219362525190
7260,26671,11,0,4,24227952459782
7261,26671,11,0,5,24236542394374
7262,26671,11,0,6,24245132328966
7263,26671,11,0,7,24253722263558
7264,26671,12,0,0,26392615976966
7265,26671,12,0,1,26401205911558
7266,26671,12,0,2,26409795846150
7267,26671,12,0,3,26418385780742
7268,26671,12,0,4,26426975715334
7269,26671,12,0,5,26435565649926
7270,26671,12,0,6,26444155584518
7271,26671,12,0,7,26452745519110
7272,26671,13,0,0,28591639232518
7273,26671,13,0,1,28600229167110
7274,26671,13,0,2,28608819101702
7275,26671,13,0,3,28617409036294
7276,26671,13,0,4,28625998970886
7277,26671,13,0,5,28634588905478
7278,26671,13,0,6,28643178840070
7279,26671,13,0,7,28651768774662
7280,26671,14,0,0,30790662488070
7281,26671,14,0,1,30799252422662
7282,26671,14,0,2,30807842357254
7283,26671,14,0,3,30816432291846
7284,26671,14,0,4,30825022226438
7285,26671,14,0,5,30833612161030
7286,26671,14,0,6,30842202095622
7287,26671,14,0,7,30850792030214
7288,26671,15,0,0,32989685743622
7289,26671,15,0,1,32998275678214
7290,26671,15,0,2,33006865612806
7291,26671,15,0,3,33015455547398
7292,26671,15,0,4,33024045481990
7293,26671,15,0,5,33032635416582
7294,26671,15,0,6,33041225351174
7295,26671,15,0,7,33049815285766
7296,26671,16,0,0,35188708999174
7297,26671,16,0,1,35197298933766
7298,26671,16,0,2,35205888868358
7299,26671,16,0,3,35214478802950
7300,26671,16,0,4,35223068737542
7301,26671,16,0,5,35231658672134
7302,26671,16,0,6,35240248606726
7303,26671,16,0,7,35248838541318
7304,26671,17,0,0,37387732254726
7305,26671,17,0,1,37396322189318
7306,26671,17,0,2,37404912123910
7307,26671,17,0,3,37413502058502
7308,26671,17,0,4,37422091993094
7309,26671,17,0,5,37430681927686
7310,26671,17,0,6,37439271862278
7311,26671,17,0,7,37447861796870
7312,26671,18,0,0,39586755510278
7313,26671,18,0,1,39595345444870
7314,26671,18,0,2,39603935379462
7315,26671,18,0,3,39612525314054
7316,26671,18,0,4,39621115248646
7317,26671,18,0,5,39629705183238
7318,26671,18,0,6,39638295117830
7319,26671,18,0,7,39646885052422
7320,26671,19,0,0,41785778765830
7321,26671,19,0,1,41794368700422
7322,26671,19,0,2,41802958635014
7323,26671,19,0,3,41811548569606
7324,26671,19,0,4,41820138504198
7325,26671,19,0,5,41828728438790
7326,26671,19,0,6,41837318373382
7327,26671,19,0,7,41845908307974
7328,26671,20,0,0,43984802021382
7329,26671,20,0,1,43993391955974
7330,26671,20,0,2,44001981890566
7331,26671,20,0,3,44010571825158
7332,26671,20,0,4,44019161759750
7333,26671,20,0,5,44027751694342
7334,26671,20,0,6,44036341628934
7335,26671,20,0,7,44044931563526
7336,26671,21,0,0,46183825276934
7337,26671,21,0,1,46192415211526
7338,26671,21,0,2,46201005146118
7339,26671,21,0,3,46209595080710
7340,26671,21,0,4,46218185015302
7341,26671,21,0,5,46226774949894
7342,26671,21,0,6,46235364884486
7343,26671,21,0,7,46243954819078
7344,26671,22,0,0,48382848532486
7345,26671,22,0,1,48391438467078
7346,26671,22,0,2,48400028401670
7347,26671,22,0,3,48408618336262
7348,26671,22,0,4,48417208270854
7349,26671,22,0,5,48425798205446
7350,26671,22,0,6,48434388140038
7351,26671,22,0,7,48442978074630
7352,26671,23,0,0,50581871788038
7353,26671,23,0,1,50590461722630
7354,26671,23,0,2,50599051657222
7355,26671,23,0,3,50607641591814
7356,26671,23,0,4,50616231526406
7357,26671,23,0,5,50624821460998
7358,26671,23,0,6,50633411395590
7359,26671,23,0,7,50642001330182
7360,26671,24,0,0,52780895043590
7361,26671,24,0,1,52789484978182
7362,26671,24,0,2,52798074912774
7363,26671,24,0,3,52806664847366
7364,26671,24,0,4,52815254781958
7365,26671,24,0,5,52823844716550
7366,26671,24,0,6,52832434651142
7367,26671,24,0,7,52841024585734
7368,26671,25,0,0,54979918299142
7369,26671,25,0,1,54988508233734
7370,26671,25,0,2,54997098168326
7371,26671,25,0,3,55005688102918
7372,26671,25,0,4,55014278037510
7373,26671,25,0,5,55022867972102
7374,26671,25,0,6,55031457906694
7375,26671,25,0,7,55040047841286
7376,26671,26,0,0,57178941554694
7377,26671,26,0,1,57187531489286
7378,26671,26,0,2,57196121423878
7379,26671,26,0,3,57204711358470
7380,26671,26,0,4,57213301293062
7381,26671,26,0,5,57221891227654
7382,26671,26,0,6,57230481162246
7383,26671,26,0,7,57239071096838
7384,26671,27,0,0,59377964810246
7385,26671,27,0,1,59386554744838
7386,26671,27,0,2,59395144679430
7387,26671,27,0,3,59403734614022
7388,26671,27,0,4,59412324548614
7389,26671,27,0,5,59420914483206
7390,26671,27,0,6,59429504417798
7391,26671,27,0,7,59438094352390
7392,26671,28,0,0,61576988065798
7393,26671,28,0,1,61585578000390
7394,26671,28,0,2,61594167934982
7395,26671,28,0,3,61602757869574
7396,26671,28,0,4,61611347804166
7397,26671,28,0,5,61619937738758
7398,26671,28,0,6,61628527673350
7399,26671,28,0,7,61637117607942
7400,26671,29,0,0,63776011321350
7401,26671,29,0,1,63784601255942
7402,26671,29,0,2,63793191190534
7403,26671,29,0,3,63801781125126
7404,26671,29,0,4,63810371059718
7405,26671,29,0,5,63818960994310
7406,26671,29,0,6,63827550928902
7407,26671,29,0,7,63836140863494
7408,26671,30,0,0,65975034576902
7409,26671,30,0,1,65983624511494
7410,26671,30,0,2,65992214446086
7411,26671,30,0,3,66000804380678
7412,26671,30,0,4,66009394315270
7413,26671,30,0,5,66017984249862
7414,26671,30,0,6,66026574184454
7415,26671,30,0,7,66035164119046
7416,26671,31,0,0,68174057832454
7417,26671,31,0,1,68182647767046
7418,26671,31,0,2,68191237701638
7419,26671,31,0,3,68199827636230
7420,26671,31,0,4,68208417570822
7421,26671,31,0,5,68217007505414
7422,26671,31,0,6,68225597440006
7423,26671,31,0,7,68234187374598
7424,26671,32,0,0,70373081088006
7425,26671,32,0,1,70381671022598
7426,26671,32,0,2,70390260957190
7427,26671,32,0,3,70398850891782
7428,26671,32,0,4,70407440826374
7429,26671,32,0,5,70416030760966
7430,26671,32,0,6,70424620695558
7431,26671,32,0,7,70433210630150
7432,26671,33,0,0,72572104343558
7433,26671,33,0,1,72580694278150
7434,26671,33,0,2,72589284212742
7435,26671,33,0,3,72597874147334
7436,26671,33,0,4,72606464081926
7437,26671,33,0,5,72615054016518
7438,26671,33,0,6,72623643951110
7439,26671,33,0,7,72632233885702
7440,26671,34,0,0,74771127599110
7441,26671,34,0,1,74779717533702
7442,26671,34,0,2,74788307468294
7443,26671,34,0,3,74796897402886
7444,26671,34,0,4,74805487337478
7445,26671,34,0,5,74814077272070
7446,26671,34,0,6,74822667206662
7447,26671,34,0,7,74831257141254
7448,26671,35,0,0,76970150854662
7449,26671,35,0,1,76978740789254
7450,26671,35,0,2,76987330723846
7451,26671,35,0,3,76995920658438
7452,26671,35,0,4,77004510593030
7453,26671,35,0,5,77013100527622
7454,26671,35,0,6,77021690462214
7455,26671,35,0,7,77030280396806
7456,26671,36,0,0,79169174110214
7457,26671,36,0,1,79177764044806
7458,26671,36,0,2,79186353979398
7459,26671,36,0,3,79194943913990
7460,26671,36,0,4,79203533848582
7461,26671,36,0,5,79212123783174
7462,26671,36,0,6,79220713717766
7463,26671,36,0,7,79229303652358
7464,26671,37,0,0,81368197365766
7465,26671,37,0,1,81376787300358
7466,26671,37,0,2,81385377234950
7467,26671,37,0,3,81393967169542
7468,26671,37,0,4,81402557104134
7469,26671,37,0,5,81411147038726
7470,26671,37,0,6,81419736973318
7471,26671,37,0,7,81428326907910
7472,26671,38,0,0,83567220621318
7473,26671,38,0,1,83575810555910
7474,26671,38,0,2,83584400490502
7475,26671,38,0,3,83592990425094
7476,26671,38,0,4,83601580359686
7477,26671,38,0,5,83610170294278
7478,26671,38,0,6,83618760228870
7479,26671,38,0,7,83627350163462
7480,26671,39,0,0,85766243876870
7481,26671,39,0,1,85774833811462
7482,26671,39,0,2,85783423746054
7483,26671,39,0,3,85792013680646
7484,26671,39,0,4,85800603615238
7485,26671,39,0,5,85809193549830
7486,26671,39,0,6,85817783484422
7487,26671,39,0,7,85826373419014
7488,26671,40,0,0,87965267132422
7489,26671,40,0,1,87973857067014
7490,26671,40,0,2,87982447001606
7491,26671,40,0,3,87991036936198
7492,26671,40,0,4,87999626870790
7493,26671,40,0,5,88008216805382
7494,26671,40,0,6,88016806739974
7495,26671,40,0,7,88025396674566
7496,26671,41,0,0,90164290387974
7497,26671,41,0,1,90172880322566
7498,26671,41,0,2,90181470257158
7499,26671,41,0,3,90190060191750
7500,26671,41,0,4,90198650126342
7501,26671,41,0,5,90207240060934
7502,26671,41,0,6,90215829995526
7503,26671,41,0,7,90224419930118
7504,26671,42,0,0,92363313643526
7505,26671,42,0,1,92371903578118
7506,26671,42,0,2,92380493512710
7507,26671,42,0,3,92389083447302
7508,26671,42,0,4,92397673381894
7509,26671,42,0,5,92406263316486
7510,26671,42,0,6,92414853251078
7511,26671,42,0,7,92423443185670
7512,26671,43,0,0,94562336899078
7513,26671,43,0,1,94570926833670
7514,26671,43,0,2,94579516768262
7515,26671,43,0,3,94588106702854
7516,26671,43,0,4,94596696637446
7517,26671,43,0,5,94605286572038
7518,26671,43,0,6,94613876506630
7519,26671,43,0,7,94622466441222
7520,26671,44,0,0,96761360154630
7521,26671,44,0,1,96769950089222
7522,26671,44,0,2,96778540023814
7523,26671,44,0,3,96787129958406
7524,26671,44,0,4,96795719892998
7525,26671,44,0,5,96804309827590
7526,26671,44,0,6,96812899762182
7527,26671,44,0,7,96821489696774
7528,26671,45,0,0,98960383410182
7529,26671,45,0,1,98968973344774
7530,26671,45,0,2,98977563279366
7531,26671,45,0,3,98986153213958
7532,26671,45,0,4,98994743148550
7533,26671,45,0,5,99003333083142
7534,26671,45,0,6,99011923017734
7535,26671,45,0,7,99020512952326
7536,26671,46,0,0,101159406665734
7537,26671,46,0,1,101167996600326
7538,26671,46,0,2,101176586534918
7539,26671,46,0,3,101185176469510
7540,26671,46,0,4,101193766404102
7541,26671,46,0,5,101202356338694
7542,26671,46,0,6,101210946273286
7543,26671,46,0,7,101219536207878
7544,26671,47,0,0,103358429921286
7545,26671,47,0,1,103367019855878
7546,26671,47,0,2,103375609790470
7547,26671,47,0,3,103384199725062
7548,26671,47,0,4,103392789659654
7549,26671,47,0,5,103401379594246
7550,26671,47,0,6,103409969528838
7551,26671,47,0,7,103418559463430
7552,26671,48,0,0,105557453176838
7553,26671,48,0,1,105566043111430
7554,26671,48,0,2,105574633046022
7555,26671,48,0,3,105583222980614
7556,26671,48,0,4,105591812915206
7557,26671,48,0,5,105600402849798
7558,26671,48,0,6,105608992784390
7559,26671,48,0,7,105617582718982
7560,26671,49,0,0,107756476432390
7561,26671,49,0,1,107765066366982
7562,26671,49,0,2,107773656301574
7563,26671,49,0,3,107782246236166
7564,26671,49,0,4,107790836170758
7565,26671,49,0,5,107799426105350
7566,26671,49,0,6,107808016039942
7567,26671,49,0,7,107816605974534
7568,26671,50,0,0,109955499687942
7569,26671,50,0,1,109964089622534
7570,26671,50,0,2,109972679557126
7571,26671,50,0,3,109981269491718
7572,26671,50,0,4,109989859426310
7573,26671,50,0,5,109998449360902
7574,26671,50,0,6,110007039295494
7575,26671,50,0,7,110015629230086
7576,26671,51,0,0,112154522943494
7577,26671,51,0,1,112163112878086
7578,26671,51,0,2,112171702812678
7579,26671,51,0,3,112180292747270
7580,26671,51,0,4,112188882681862
7581,26671,51,0,5,112197472616454
7582,26671,51,0,6,112206062551046
7583,26671,51,0,7,112214652485638
7584,26671,52,0,0,114353546199046
7585,26671,52,0,1,114362136133638
7586,26671,52,0,2,114370726068230
7587,26671,52,0,3,114379316002822
7588,26671,52,0,4,114387905937414
7589,26671,52,0,5,114396495872006
7590,26671,52,0,6,114405085806598
7591,26671,52,0,7,114413675741190
7592,26671,53,0,0,116552569454598
7593,26671,53,0,1,116561159389190
7594,26671,53,0,2,116569749323782
7595,26671,53,0,3,116578339258374
7596,26671,53,0,4,116586929192966
7597,26671,53,0,5,116595519127558
7598,26671,53,0,6,116604109062150
7599,26671,53,0,7,116612698996742
7600,26671,54,0,0,118751592710150
7601,26671,54,0,1,118760182644742
7602,26671,54,0,2,118768772579334
7603,26671,54,0,3,118777362513926
7604,26671,54,0,4,118785952448518
7605,26671,54,0,5,118794542383110
7606,26671,54,0,6,118803132317702
7607,26671,54,0,7,118811722252294
7608,26671,55,0,0,120950615965702
7609,26671,55,0,1,120959205900294
7610,26671,55,0,2,120967795834886
7611,26671,55,0,3,120976385769478
7612,26671,55,0,4,120984975704070
7613,26671,55,0,5,120993565638662
7614,26671,55,0,6,121002155573254
7615,26671,55,0,7,121010745507846
7616,26671,56,0,0,123149639221254
7617,26671,56,0,1,123158229155846
7618,26671,56,0,2,123166819090438
7619,26671,56,0,3,123175409025030
7620,26671,56,0,4,123183998959622
7621,26671,56,0,5,123192588894214
7622,26671,56,0,6,123201178828806
7623,26671,56,0,7,123209768763398
7624,26671,57,0,0,125348662476806
7625,26671,57,0,1,125357252411398
7626,26671,57,0,2,125365842345990
7627,26671,57,0,3,125374432280582
7628,26671,57,0,4,125383022215174
7629,26671,57,0,5,125391612149766
7630,26671,57,0,6,125400202084358
7631,26671,57,0,7,125408792018950
7632,26671,58,0,0,127547685732358
7633,26671,58,0,1,127556275666950
7634,26671,58,0,2,127564865601542
7635,26671,58,0,3,127573455536134
7636,26671,58,0,4,127582045470726
7637,26671,58,0,5,127590635405318
7638,26671,58,0,6,127599225339910
7639,26671,58,0,7,127607815274502
7640,26671,59,0,0,129746708987910
7641,26671,59,0,1,129755298922502
7642,26671,59,0,2,129763888857094
7643,26671,59,0,3,129772478791686
7644,26671,59,0,4,129781068726278
7645,26671,59,0,5,129789658660870
7646,26671,59,0,6,129798248595462
7647,26671,59,0,7,129806838530054
7648,26671,60,0,0,131945732243462
7649,26671,60,0,1,131954322178054
7650,26671,60,0,2,131962912112646
7651,26671,60,0,3,131971502047238
7652,26671,60,0,4,131980091981830
7653,26671,60,0,5,131988681916422
7654,26671,60,0,6,131997271851014
7655,26671,60,0,7,132005861785606
7656,26671,61,0,0,134144755499014
7657,26671,61,0,1,134153345433606
7658,26671,61,0,2,134161935368198
7659,26671,61,0,3,134170525302790
7660,26671,61,0,4,134179115237382
7661,26671,61,0,5,134187705171974
7662,26671,61,0,6,134196295106566
7663,26671,61,0,7,134204885041158
7664,26671,62,0,0,136343778754566
7665,26671,62,0,1,136352368689158
7666,26671,62,0,2,136360958623750
7667,26671,62,0,3,136369548558342
7668,26671,62,0,4,136378138492934
7669,26671,62,0,5,136386728427526
7670,26671,62,0,6,136395318362118
7671,26671,62,0,7,136403908296710
7672,26671,63,0,0,138542802010118
7673,26671,63,0,1,138551391944710
7674,26671,63,0,2,138559981879302
7675,26671,63,0,3,138568571813894
7676,26671,63,0,4,138577161748486
7677,26671,63,0,5,138585751683078
7678,26671,63,0,6,138594341617670
7679,26671,63,0,7,138602931552262
7680,26673,0,0,0,4336910343
7681,26673,0,0,1,12926844935
7682,26673,0,0,2,21516779527
7683,26673,0,0,3,30106714119
7684,26673,0,0,4,38696648711
7685,26673,0,0,5,47286583303
7686,26673,0,0,6,55876517895
7687,26673,0,0,7,64466452487
7688,26673,1,0,0,2203360165895
7689,26673,1,0,1,2211950100487
7690,26673,1,0,2,2220540035079
7691,26673,1,0,3,2229129969671
7692,26673,1,0,4,2237719904263
7693,26673,1,0,5,2246309838855
7694,26673,1,0,6,2254899773447
7695,26673,1,0,7,2263489708039
7696,26673,2,0,0,4402383421447
7697,26673,2,0,1,4410973356039
7698,26673,2,0,2,4419563290631
7699,26673,2,0,3,4428153225223
7700,26673,2,0,4,4436743159815
7701,26673,2,0,5,4445333094407
7702,26673,2,0,6,4453923028999
7703,26673,2,0,7,4462512963591
7704,26673,3,0,0,6601406676999
7705,26673,3,0,1,6609996611591
7706,26673,3,0,2,6618586546183
7707,26673,3,0,3,6627176480775
7708,26673,3,0,4,6635766415367
7709,26673,3,0,5,6644356349959
7710,26673,3,0,6,6652946284551
7711,26673,3,0,7,6661536219143
7712,26673,4,0,0,8800429932551
7713,26673,4,0,1,8809019867143
7714,26673,4,0,2,8817609801735
7715,26673,4,0,3,8826199736327
7716,26673,4,0,4,8834789670919
7717,26673,4,0,5,8843379605511
7718,26673,4,0,6,8851969540103
7719,26673,4,0,7,8860559474695
7720,26673,5,0,0,10999453188103
7721,26673,5,0,1,11008043122695
7722,26673,5,0,2,11016633057287
7723,26673,5,0,3,11025222991879
7724,26673,5,0,4,11033812926471
7725,26673,5,0,5,11042402861063
7726,26673,5,0,6,11050992795655
7727,26673,5,0,7,11059582730247
7728,26673,6,0,0,13198476443655
7729,26673,6,0,1,13207066378247
7730,26673,6,0,2,13215656312839
7731,26673,6,0,3,13224246247431
7732,26673,6,0,4,13232836182023
7733,26673,6,0,5,13241426116615
7734,26673,6,0,6,13250016051207
7735,26673,6,0,7,13258605985799
7736,26673,7,0,0,15397499699207
7737,26673,7,0,1,15406089633799
7738,26673,7,0,2,15414679568391
7739,26673,7,0,3,15423269502983
7740,26673,7,0,4,15431859437575
7741,26673,7,0,5,15440449372167
7742,26673,7,0,6,15449039306759
7743,26673,7,0,7,15457629241351
7744,26673,8,0,0,17596522954759
7745,26673,8,0,1,17605112889351
7746,26673,8,0,2,17613702823943
7747,26673,8,0,3,17622292758535
7748,26673,8,0,4,17630882693127
7749,26673,8,0,5,17639472627719
7750,26673,8,0,6,17648062562311
7751,26673,8,0,7,17656652496903
7752,26673,9,0,0,19795546210311
7753,26673,9,0,1,19804136144903
7754,26673,9,0,2,19812726079495
7755,26673,9,0,3,19821316014087
7756,26673,9,0,4,19829905948679
7757,26673,9,0,5,19838495883271
7758,26673,9,0,6,19847085817863
7759,26673,9,0,7,19855675752455
7760,26673,10,0,0,21994569465863
7761,26673,10,0,1,22003159400455
7762,26673,10,0,2,22011749335047
7763,26673,10,0,3,22020339269639
7764,26673,10,0,4,22028929204231
7765,26673,10,0,5,22037519138823
7766,26673,10,0,6,22046109073415
7767,26673,10,0,7,22054699008007
7768,26673,11,0,0,24193592721415
7769,26673,11,0,1,24202182656007
7770,26673,11,0,2,24210772590599
7771,26673,11,0,3,24219362525191
7772,26673,11,0,4,24227952459783
7773,26673,11,0,5,24236542394375
7774,26673,11,0,6,24245132328967
7775,26673,11,0,7,24253722263559
7776,26673,12,0,0,26392615976967
7777,26673,12,0,1,26401205911559
7778,26673,12,0,2,26409795846151
7779,26673,12,0,3,26418385780743
7780,26673,12,0,4,26426975715335
7781,26673,12,0,5,26435565649927
7782,26673,12,0,6,26444155584519
7783,26673,12,0,7,26452745519111
7784,26673,13,0,0,28591639232519
7785,26673,13,0,1,28600229167111
7786,26673,13,0,2,28608819101703
7787,26673,13,0,3,28617409036295
7788,26673,13,0,4,28625998970887
7789,26673,13,0,5,28634588905479
7790,26673,13,0,6,28643178840071
7791,26673,13,0,7,28651768774663
7792,26673,14,0,0,30790662488071
7793,26673,14,0,1,30799252422663
7794,26673,14,0,2,30807842357255
7795,26673,14,0,3,30816432291847
7796,26673,14,0,4,30825022226439
7797,26673,14,0,5,30833612161031
7798,26673,14,0,6,30842202095623
7799,26673,14,0,7,30850792030215
7800,26673,15,0,0,32989685743623
7801,26673,15,0,1,32998275678215
7802,26673,15,0,2,33006865612807
7803,26673,15,0,3,33015455547399
7804,26673,15,0,4,33024045481991
7805,26673,15,0,5,33032635416583
7806,26673,15,0,6,33041225351175
7807,26673,15,0,7,33049815285767
7808,26673,16,0,0,35188708999175
7809,26673,16,0,1,35197298933767
7810,26673,16,0,2,35205888868359
7811,26673,16,0,3,35214478802951
7812,26673,16,0,4,35223068737543
7813,26673,16,0,5,35231658672135
7814,26673,16,0,6,35240248606727
7815,26673,16,0,7,35248838541319
7816,26673,17,0,0,37387732254727
7817,26673,17,0,1,37396322189319
7818,26673,17,0,2,37404912123911
7819,26673,17,0,3,37413502058503
7820,26673,17,0,4,37422091993095
7821,26673,17,0,5,37430681927687
7822,26673,17,0,6,37439271862279
7823,26673,17,0,7,37447861796871
7824,26673,18,0,0,39586755510279
7825,26673,18,0,1,39595345444871
7826,26673,18,0,2,39603935379463
7827,26673,18,0,3,39612525314055
7828,26673,18,0,4,39621115248647
7829,26673,18,0,5,39629705183239
7830,26673,18,0,6,39638295117831
7831,26673,18,0,7,39646885052423
7832,26673,19,0,0,41785778765831
7833,26673,19,0,1,41794368700423
7834,26673,19,0,2,41802958635015
7835,26673,19,0,3,41811548569607
7836,26673,19,0,4,41820138504199
7837,26673,19,0,5,41828728438791
7838,26673,19,0,6,41837318373383
7839,26673,19,0,7,41845908307975
7840,26673,20,0,0,43984802021383
7841,26673,20,0,1,43993391955975
7842,26673,20,0,2,44001981890567
7843,26673,20,0,3,44010571825159
7844,26673,20,0,4,44019161759751
7845,26673,20,0,5,44027751694343
7846,26673,20,0,6,44036341628935
7847,26673,20,0,7,44044931563527
7848,26673,21,0,0,46183825276935
7849,26673,21,0,1,46192415211527
7850,26673,21,0,2,46201005146119
7851,26673,21,0,3,46209595080711
7852,26673,21,0,4,46218185015303
7853,26673,21,0,5,46226774949895
7854,26673,21,0,6,46235364884487
7855,26673,21,0,7,46243954819079
7856,26673,22,0,0,48382848532487
7857,26673,22,0,1,48391438467079
7858,26673,22,0,2,48400028401671
7859,26673,22,0,3,48408618336263
7860,26673,22,0,4,48417208270855
7861,26673,22,0,5,48425798205447
7862,26673,22,0,6,48434388140039
7863,26673,22,0,7,48442978074631
7864,26673,23,0,0,50581871788039
7865,26673,23,0,1,50590461722631
7866,26673,23,0,2,50599051657223
7867,26673,23,0,3,50607641591815
7868,26673,23,0,4,50616231526407
7869,26673,23,0,5,50624821460999
7870,26673,23,0,6,50633411395591
7871,26673,23,0,7,50642001330183
7872,26673,24,0,0,52780895043591
7873,26673,24,0,1,52789484978183
7874,26673,24,0,2,52798074912775
7875,26673,24,0,3,52806664847367
7876,26673,24,0,4,52815254781959
7877,26673,24,0,5,52823844716551
7878,26673,24,0,6,52832434651143
7879,26673,24,0,7,52841024585735
7880,26673,25,0,0,54979918299143
7881,26673,25,0,1,54988508233735
7882,26673,25,0,2,54997098168327
7883,26673,25,0,3,55005688102919
7884,26673,25,0,4,55014278037511
7885,26673,25,0,5,55022867972103
7886,26673,25,0,6,55031457906695
7887,26673,25,0,7,55040047841287
7888,26673,26,0,0,57178941554695
7889,26673,26,0,1,57187531489287
7890,26673,26,0,2,57196121423879
7891,26673,26,0,3,57204711358471
7892,26673,26,0,4,57213301293063
7893,26673,26,0,5,57221891227655
7894,26673,26,0,6,57230481162247
7895,26673,26,0,7,57239071096839
7896,26673,27,0,0,59377964810247
7897,26673,27,0,1,59386554744839
7898,26673,27,0,2,59395144679431
7899,26673,27,0,3,59403734614023
7900,26673,27,0,4,59412324548615
7901,26673,27,0,5,59420914483207
7902,26673,27,0,6,59429504417799
7903,26673,27,0,7,59438094352391
7904,26673,28,0,0,61576988065799
7905,26673,28,0,1,61585578000391
7906,26673,28,0,2,61594167934983
7907,26673,28,0,3,61602757869575
7908,26673,28,0,4,61611347804167
7909,26673,28,0,5,61619937738759
7910,26673,28,0,6,61628527673351
7911,26673,28,0,7,61637117607943
7912,26673,29,0,0,63776011321351
7913,26673,29,0,1,63784601255943
7914,26673,29,0,2,63793191190535
7915,26673,29,0,3,63801781125127
7916,26673,29,0,4,63810371059719
7917,26673,29,0,5,63818960994311
7918,26673,29,0,6,63827550928903
7919,26673,29,0,7,63836140863495
7920,26673,30,0,0,65975034576903
7921,26673,30,0,1,65983624511495
7922,26673,30,0,2,65992214446087
7923,26673,30,0,3,66000804380679
7924,26673,30,0,4,66009394315271
7925,26673,30,0,5,66017984249863
7926,26673,30,0,6,66026574184455
7927,26673,30,0,7,66035164119047
7928,26673,31,0,0,68174057832455
7929,26673,31,0,1,68182647767047
7930,26673,31,0,2,68191237701639
7931,26673,31,0,3,68199827636231
7932,26673,31,0,4,68208417570823
7933,26673,31,0,5,68217007505415
7934,26673,31,0,6,68225597440007
7935,26673,31,0,7,68234187374599
7936,26673,32,0,0,70373081088007
7937,26673,32,0,1,70381671022599
7938,26673,32,0,2,70390260957191
7939,26673,32,0,3,70398850891783
7940,26673,32,0,4,70407440826375
7941,26673,32,0,5,70416030760967
7942,26673,32,0,6,70424620695559
7943,26673,32,0,7,70433210630151
7944,26673,33,0,0,72572104343559
7945,26673,33,0,1,72580694278151
7946,26673,33,0,2,72589284212743
7947,26673,33,0,3,72597874147335
7948,26673,33,0,4,72606464081927
7949,26673,33,0,5,72615054016519
7950,26673,33,0,6,72623643951111
7951,26673,33,0,7,72632233885703
7952,26673,34,0,0,74771127599111
7953,26673,34,0,1,74779717533703
7954,26673,34,0,2,74788307468295
7955,26673,34,0,3,74796897402887
7956,26673,34,0,4,74805487337479
7957,26673,34,0,5,74814077272071
7958,26673,34,0,6,74822667206663
7959,26673,34,0,7,74831257141255
7960,26673,35,0,0,76970150854663
7961,26673,35,0,1,76978740789255
7962,26673,35,0,2,76987330723847
7963,26673,35,0,3,76995920658439
7964,26673,35,0,4,77004510593031
7965,26673,35,0,5,77013100527623
7966,26673,35,0,6,77021690462215
7967,26673,35,0,7,77030280396807
7968,26673,36,0,0,79169174110215
7969,26673,36,0,1,79177764044807
7970,26673,36,0,2,79186353979399
7971,26673,36,0,3,79194943913991
7972,26673,36,0,4,79203533848583
7973,26673,36,0,5,79212123783175
7974,26673,36,0,6,79220713717767
7975,26673,36,0,7,79229303652359
7976,26673,37,0,0,81368197365767
7977,26673,37,0,1,81376787300359
7978,26673,37,0,2,81385377234951
7979,26673,37,0,3,81393967169543
7980,26673,37,0,4,81402557104135
7981,26673,37,0,5,81411147038727
7982,26673,37,0,6,81419736973319
7983,26673,37,0,7,81428326907911
7984,26673,38,0,0,83567220621319
7985,26673,38,0,1,83575810555911
7986,26673,38,0,2,83584400490503
7987,26673,38,0,3,83592990425095
7988,26673,38,0,4,83601580359687
7989,26673,38,0,5,83610170294279
7990,26673,38,0,6,83618760228871
7991,26673,38,0,7,83627350163463
7992,26673,39,0,0,85766243876871
7993,26673,39,0,1,85774833811463
7994,26673,39,0,2,85783423746055
7995,26673,39,0,3,85792013680647
7996,26673,39,0,4,85800603615239
7997,26673,39,0,5,85809193549831
7998,26673,39,0,6,85817783484423
7999,26673,39,0,7,85826373419015
8000,26673,40,0,0,87965267132423
8001,26673,40,0,1,87973857067015
8002,26673,40,0,2,87982447001607
8003,26673,40,0,3,87991036936199
8004,26673,40,0,4,87999626870791
8005,26673,40,0,5,88008216805383
8006,26673,40,0,6,88016806739975
8007,26673,40,0,7,88025396674567
8008,26673,41,0,0,90164290387975
8009,26673,41,0,1,90172880322567
8010,26673,41,0,2,90181470257159
8011,26673,41,0,3,90190060191751
8012,26673,41,0,4,90198650126343
8013,26673,41,0,5,90207240060935
8014,26673,41,0,6,90215829995527
8015,26673,41,0,7,90224419930119
8016,26673,42,0,0,92363313643527
8017,26673,42,0,1,92371903578119
8018,26673,42,0,2,92380493512711
8019,26673,42,0,3,92389083447303
8020,26673,42,0,4,92397673381895
8021,26673,42,0,5,92406263316487
8022,26673,42,0,6,92414853251079
8023,26673,42,0,7,92423443185671
8024,26673,43,0,0,94562336899079
8025,26673,43,0,1,94570926833671
8026,26673,43,0,2,94579516768263
8027,26673,43,0,3,94588106702855
8028,26673,43,0,4,94596696637447
8029,26673,43,0,5,94605286572039
8030,26673,43,0,6,94613876506631
8031,26673,43,0,7,94622466441223
8032,26673,44,0,0,96761360154631
8033,26673,44,0,1,96769950089223
8034,26673,44,0,2,96778540023815
8035,26673,44,0,3,96787129958407
8036,26673,44,0,4,96795719892999
8037,26673,44,0,5,96804309827591
8038,26673,44,0,6,96812899762183
8039,26673,44,0,7,96821489696775
8040,26673,45,0,0,98960383410183
8041,26673,45,0,1,98968973344775
8042,26673,45,0,2,98977563279367
8043,26673,45,0,3,98986153213959
8044,26673,45,0,4,98994743148551
8045,26673,45,0,5,99003333083143
8046,26673,45,0,6,99011923017735
8047,26673,45,0,7,99020512952327
8048,26673,46,0,0,101159406665735
8049,26673,46,0,1,101167996600327
8050,26673,46,0,2,101176586534919
8051,26673,46,0,3,101185176469511
8052,26673,46,0,4,101193766404103
8053,26673,46,0,5,101202356338695
8054,26673,46,0,6,101210946273287
8055,26673,46,0,7,101219536207879
8056,26673,47,0,0,103358429921287
8057,26673,47,0,1,103367019855879
8058,26673,47,0,2,103375609790471
8059,26673,47,0,3,103384199725063
8060,26673,47,0,4,103392789659655
8061,26673,47,0,5,103401379594247
8062,26673,47,0,6,103409969528839
8063,26673,47,0,7,103418559463431
8064,26673,48,0,0,105557453176839
8065,26673,48,0,1,105566043111431
8066,26673,48,0,2,105574633046023
8067,26673,48,0,3,105583222980615
8068,26673,48,0,4,105591812915207
8069,26673,48,0,5,105600402849799
8070,26673,48,0,6,105608992784391
8071,26673,48,0,7,105617582718983
8072,26673,49,0,0,107756476432391
8073,26673,49,0,1,107765066366983
8074,26673,49,0,2,107773656301575
8075,26673,49,0,3,107782246236167
8076,26673,49,0,4,107790836170759
8077,26673,49,0,5,107799426105351
8078,26673,49,0,6,107808016039943
8079,26673,49,0,7,107816605974535
8080,26673,50,0,0,109955499687943
8081,26673,50,0,1,109964089622535
8082,26673,50,0,2,109972679557127
8083,26673,50,0,3,109981269491719
8084,26673,50,0,4,109989859426311
8085,26673,50,0,5,109998449360903
8086,26673,50,0,6,110007039295495
8087,26673,50,0,7,110015629230087
8088,26673,51,0,0,112154522943495
8089,26673,51,0,1,112163112878087
8090,26673,51,0,2,112171702812679
8091,26673,51,0,3,112180292747271
8092,26673,51,0,4,112188882681863
8093,26673,51,0,5,112197472616455
8094,26673,51,0,6,112206062551047
8095,26673,51,0,7,112214652485639
8096,26673,52,0,0,114353546199047
8097,26673,52,0,1,114362136133639
8098,26673,52,0,2,114370726068231
8099,26673,52,0,3,114379316002823
8100,26673,52,0,4,114387905937415
8101,26673,52,0,5,114396495872007
8102,26673,52,0,6,114405085806599
8103,26673,52,0,7,114413675741191
8104,26673,53,0,0,116552569454599
8105,26673,53,0,1,116561159389191
8106,26673,53,0,2,116569749323783
8107,26673,53,0,3,116578339258375
8108,26673,53,0,4,116586929192967
8109,26673,53,0,5,116595519127559
8110,26673,53,0,6,116604109062151
8111,26673,53,0,7,116612698996743
8112,26673,54,0,0,118751592710151
8113,26673,54,0,1,118760182644743
8114,26673,54,0,2,118768772579335
8115,26673,54,0,3,118777362513927
8116,26673,54,0,4,118785952448519
8117,26673,54,0,5,118794542383111
8118,26673,54,0,6,118803132317703
8119,26673,54,0,7,118811722252295
8120,26673,55,0,0,120950615965703
8121,26673,55,0,1,120959205900295
8122,26673,55,0,2,120967795834887
8123,26673,55,0,3,120976385769479
8124,26673,55,0,4,120984975704071
8125,26673,55,0,5,120993565638663
8126,26673,55,0,6,121002155573255
8127,26673,55,0,7,121010745507847
8128,26673,56,0,0,123149639221255
8129,26673,56,0,1,123158229155847
8130,26673,56,0,2,123166819090439
8131,26673,56,0,3,123175409025031
8132,26673,56,0,4,123183998959623
8133,26673,56,0,5,123192588894215
8134,26673,56,0,6,123201178828807
8135,26673,56,0,7,123209768763399
8136,26673,57,0,0,125348662476807
8137,26673,57,0,1,125357252411399
8138,26673,57,0,2,125365842345991
8139,26673,57,0,3,125374432280583
8140,26673,57,0,4,125383022215175
8141,26673,57,0,5,125391612149767
8142,26673,57,0,6,125400202084359
8143,26673,57,0,7,125408792018951
8144,26673,58,0,0,127547685732359
8145,26673,58,0,1,127556275666951
8146,26673,58,0,2,127564865601543
8147,26673,58,0,3,127573455536135
8148,26673,58,0,4,127582045470727
8149,26673,58,0,5,127590635405319
8150,26673,58,0,6,127599225339911
8151,26673,58,0,7,127607815274503
8152,26673,59,0,0,129746708987911
8153,26673,59,0,1,129755298922503
8154,26673,59,0,2,129763888857095
8155,26673,59,0,3,129772478791687
8156,26673,59,0,4,129781068726279
8157,26673,59,0,5,129789658660871
8158,26673,59,0,6,129798248595463
8159,26673,59,0,7,129806838530055
8160,26673,60,0,0,131945732243463
8161,26673,60,0,1,131954322178055
8162,26673,60,0,2,131962912112647
8163,26673,60,0,3,131971502047239
8164,26673,60,0,4,131980091981831
8165,26673,60,0,5,131988681916423
8166,26673,60,0,6,131997271851015
8167,26673,60,0,7,132005861785607
8168,26673,61,0,0,134144755499015
8169,26673,61,0,1,134153345433607
8170,26673,61,0,2,134161935368199
8171,26673,61,0,3,134170525302791
8172,26673,61,0,4,134179115237383
8173,26673,61,0,5,134187705171975
8174,26673,61,0,6,134196295106567
8175,26673,61,0,7,134204885041159
8176,26673,62,0,0,136343778754567
8177,26673,62,0,1,136352368689159
8178,26673,62,0,2,136360958623751
8179,26673,62,0,3,136369548558343
8180,26673,62,0,4,136378138492935
8181,26673,62,0,5,136386728427527
8182,26673,62,0,6,136395318362119
8183,26673,62,0,7,136403908296711
8184,26673,63,0,0,138542802010119
8185,26673,63,0,1,138551391944711
8186,26673,63,0,2,138559981879303
8187,26673,63,0,3,138568571813895
8188,26673,63,0,4,138577161748487
8189,26673,63,0,5,138585751683079
8190,26673,63,0,6,138594341617671
8191,26673,63,0,7,138602931552263
8192,31431,0,0,0,41943040
8193,31431,0,0,1,8631877632
8194,31431,0,0,2,17221812224
8195,31431,0,0,3,25811746816
8196,31431,0,0,4,34401681408
8197,31431,0,0,5,42991616000
8198,31431,0,0,6,51581550592
8199,31431,0,0,7,60171485184
8200,31431,1,0,0,2199065198592
8201,31431,1,0,1,2207655133184
8202,31431,1,0,2,2216245067776
8203,31431,1,0,3,2224835002368
8204,31431,1,0,4,2233424936960
8205,31431,1,0,5,2242014871552
8206,31431,1,0,6,2250604806144
8207,31431,1,0,7,2259194740736
8208,31431,2,0,0,4398088454144
8209,31431,2,0,1,4406678388736
8210,31431,2,0,2,4415268323328
8211,31431,2,0,3,4423858257920
8212,31431,2,0,4,4432448192512
8213,31431,2,0,5,4441038127104
8214,31431,2,0,6,4449628061696
8215,31431,2,0,7,4458217996288
8216,31431,3,0,0,6597111709696
8217,31431,3,0,1,6605701644288
8218,31431,3,0,2,6614291578880
8219,31431,3,0,3,6622881513472
8220,31431,3,0,4,6631471448064
8221,31431,3,0,5,6640061382656
8222,31431,3,0,6,6648651317248
8223,31431,3,0,7,6657241251840
8224,31431,4,0,0,8796134965248
8225,31431,4,0,1,8804724899840
8226,31431,4,0,2,8813314834432
8227,31431,4,0,3,8821904769024
8228,31431,4,0,4,8830494703616
8229,31431,4,0,5,8839084638208
8230,31431,4,0,6,8847674572800
8231,31431,4,0,7,8856264507392
8232,31431,5,0,0,10995158220800
8233,31431,5,0,1,11003748155392
8234,31431,5,0,2,11012338089984
8235,31431,5,0,3,11020928024576
8236,31431,5,0,4,11029517959168
8237,31431,5,0,5,11038107893760
8238,31431,5,0,6,11046697828352
8239,31431,5,0,7,11055287762944
8240,31431,6,0,0,13194181476352
8241,31431,6,0,1,13202771410944
8242,31431,6,0,2,13211361345536
8243,31431,6,0,3,13219951280128
8244,31431,6,0,4,13228541214720
8245,31431,6,0,5,13237131149312
8246,31431,6,0,6,13245721083904
8247,31431,6,0,7,13254311018496
8248,31431,7,0,0,15393204731904
8249,31431,7,0,1,15401794666496
8250,31431,7,0,2,15410384601088
8251,31431,7,0,3,15418974535680
8252,31431,7,0,4,15427564470272
8253,31431,7,0,5,15436154404864
8254,31431,7,0,6,15444744339456
8255,31431,7,0,7,15453334274048
8256,31431,8,0,0,17592227987456
8257,31431,8,0,1,17600817922048
8258,31431,8,0,2,17609407856640
8259,31431,8,0,3,17617997791232
8260,31431,8,0,4,17626587725824
8261,31431,8,0,5,17635177660416
8262,31431,8,0,6,17643767595008
8263,31431,8,0,7,17652357529600
8264,31431,9,0,0,19791251243008
8265,31431,9,0,1,19799841177600
8266,31431,9,0,2,19808431112192
8267,31431,9,0,3,19817021046784
8268,31431,9,0,4,19825610981376
8269,31431,9,0,5,19834200915968
8270,31431,9,0,6,19842790850560
8271,31431,9,0,7,19851380785152
8272,31431,10,0,0,21990274498560
8273,31431,10,0,1,21998864433152
8274,31431,10,0,2,22007454367744
8275,31431,10,0,3,22016044302336
8276,31431,10,0,4,22024634236928
8277,31431,10,0,5,22033224171520
8278,31431,10,0,6,22041814106112
8279,31431,10,0,7,22050404040704
8280,31431,11,0,0,24189297754112
8281,31431,11,0,1,24197887688704
8282,31431,11,0,2,24206477623296
8283,31431,11,0,3,24215067557888
8284,31431,11,0,4,24223657492480
8285,31431,11,0,5,24232247427072
8286,31431,11,0,6,24240837361664
8287,31431,11,0,7,24249427296256
8288,31431,12,0,0,26388321009664
8289,31431,12,0,1,26396910944256
8290,31431,12,0,2,26405500878848
8291,31431,12,0,3,26414090813440
8292,31431,12,0,4,26422680748032
8293,31431,12,0,5,26431270682624
8294,31431,12,0,6,26439860617216
8295,31431,12,0,7,26448450551808
8296,31431,13,0,0,28587344265216
8297,31431,13,0,1,28595934199808
8298,31431,13,0,2,28604524134400
8299,31431,13,0,3,28613114068992
8300,31431,13,0,4,28621704003584
8301,31431,13,0,5,28630293938176
8302,31431,13,0,6,28638883872768
8303,31431,13,0,7,28647473807360
8304,31431,14,0,0,30786367520768
8305,31431,14,0,1,30794957455360
8306,31431,14,0,2,30803547389952
8307,31431,14,0,3,30812137324544
8308,31431,14,0,4,30820727259136
8309,31431,14,0,5,30829317193728
8310,31431,14,0,6,30837907128320
8311,31431,14,0,7,30846497062912
8312,31431,15,0,0,32985390776320
8313,31431,15,0,1,32993980710912
8314,31431,15,0,2,33002570645504
8315,31431,15,0,3,33011160580096
8316,31431,15,0,4,33019750514688
8317,31431,15,0,5,33028340449280
8318,31431,15,0,6,33036930383872
8319,31431,15,0,7,33045520318464
8320,31431,16,0,0,35184414031872
8321,31431,16,0,1,35193003966464
8322,31431,16,0,2,35201593901056
8323,31431,16,0,3,35210183835648
8324,31431,16,0,4,35218773770240
8325,31431,16,0,5,35227363704832
8326,31431,16,0,6,35235953639424
8327,31431,16,0,7,35244543574016
8328,31431,17,0,0,37383437287424
8329,31431,17,0,1,37392027222016
8330,31431,17,0,2,37400617156608
8331,31431,17,0,3,37409207091200
8332,31431,17,0,4,37417797025792
8333,31431,17,0,5,37426386960384
8334,31431,17,0,6,37434976894976
8335,31431,17,0,7,37443566829568
8336,31431,18,0,0,39582460542976
8337,31431,18,0,1,39591050477568
8338,31431,18,0,2,39599640412160
8339,31431,18,0,3,39608230346752
8340,31431,18,0,4,39616820281344
8341,31431,18,0,5,39625410215936
8342,31431,18,0,6,39634000150528
8343,31431,18,0,7,39642590085120
8344,31431,19,0,0,41781483798528
8345,31431,19,0,1,41790073733120
8346,31431,19,0,2,41798663667712
8347,31431,19,0,3,41807253602304
8348,31431,19,0,4,41815843536896
8349,31431,19,0,5,41824433471488
8350,31431,19,0,6,41833023406080
8351,31431,19,0,7,41841613340672
8352,31431,20,0,0,43980507054080
8353,31431,20,0,1,43989096988672
8354,31431,20,0,2,43997686923264
8355,31431,20,0,3,44006276857856
8356,31431,20,0,4,44014866792448
8357,31431,20,0,5,44023456727040
8358,31431,20,0,6,44032046661632
8359,31431,20,0,7,44040636596224
8360,31431,21,0,0,46179530309632
8361,31431,21,0,1,46188120244224
8362,31431,21,0,2,46196710178816
8363,31431,21,0,3,46205300113408
8364,31431,21,0,4,46213890048000
8365,31431,21,0,5,46222479982592
8366,31431,21,0,6,46231069917184
8367,31431,21,0,7,46239659851776
8368,31431,22,0,0,48378553565184
8369,31431,22,0,1,48387143499776
8370,31431,22,0,2,48395733434368
8371,31431,22,0,3,48404323368960
8372,31431,22,0,4,48412913303552
8373,31431,22,0,5,48421503238144
8374,31431,22,0,6,48430093172736
8375,31431,22,0,7,48438683107328
8376,31431,23,0,0,50577576820736
8377,31431,23,0,1,50586166755328
8378,31431,23,0,2,50594756689920
8379,31431,23,0,3,50603346624512
8380,31431,23,0,4,50611936559104
8381,31431,23,0,5,50620526493696
8382,31431,23,0,6,50629116428288
8383,31431,23,0,7,50637706362880
8384,31431,24,0,0,52776600076288
8385,31431,24,0,1,52785190010880
8386,31431,24,0,2,52793779945472
8387,31431,24,0,3,52802369880064
8388,31431,24,0,4,52810959814656
8389,31431,24,0,5,52819549749248
8390,31431,24,0,6,52828139683840
8391,31431,24,0,7,52836729618432
8392,31431,25,0,0,54975623331840
8393,31431,25,0,1,54984213266432
8394,31431,25,0,2,54992803201024
8395,31431,25,0,3,55001393135616
8396,31431,25,0,4,55009983070208
8397,31431,25,0,5,55018573004800
8398,31431,25,0,6,55027162939392
8399,31431,25,0,7,55035752873984
8400,31431,26,0,0,57174646587392
8401,31431,26,0,1,57183236521984
8402,31431,26,0,2,57191826456576
8403,31431,26,0,3,57200416391168
8404,31431,26,0,4,57209006325760
8405,31431,26,0,5,57217596260352
8406,31431,26,0,6,57226186194944
8407,31431,26,0,7,57234776129536
8408,31431,27,0,0,59373669842944
8409,31431,27,0,1,59382259777536
8410,31431,27,0,2,59390849712128
8411,31431,27,0,3,59399439646720
8412,31431,27,0,4,59408029581312
8413,31431,27,0,5,59416619515904
8414,31431,27,0,6,59425209450496
8415,31431,27,0,7,59433799385088
8416,31431,28,0,0,61572693098496
8417,31431,28,0,1,61581283033088
8418,31431,28,0,2,61589872967680
8419,31431,28,0,3,61598462902272
8420,31431,28,0,4,61607052836864
8421,31431,28,0,5,61615642771456
8422,31431,28,0,6,61624232706048
8423,31431,28,0,7,61632822640640
8424,31431,29,0,0,63771716354048
8425,31431,29,0,1,63780306288640
8426,31431,29,0,2,63788896223232
8427,31431,29,0,3,63797486157824
8428,31431,29,0,4,63806076092416
8429,31431,29,0,5,63814666027008
8430,31431,29,0,6,63823255961600
8431,31431,29,0,7,63831845896192
8432,31431,30,0,0,65970739609600
8433,31431,30,0,1,65979329544192
8434,31431,30,0,2,65987919478784
8435,31431,30,0,3,65996509413376
8436,31431,30,0,4,66005099347968
8437,31431,30,0,5,66013689282560
8438,31431,30,0,6,66022279217152
8439,31431,30,0,7,66030869151744
8440,31431,31,0,0,68169762865152
8441,31431,31,0,1,68178352799744
8442,31431,31,0,2,68186942734336
8443,31431,31,0,3,68195532668928
8444,31431,31,0,4,68204122603520
8445,31431,31,0,5,68212712538112
8446,31431,31,0,6,68221302472704
8447,31431,31,0,7,68229892407296
8448,31431,32,0,0,70368786120704
8449,31431,32,0,1,70377376055296
8450,31431,32,0,2,70385965989888
8451,31431,32,0,3,70394555924480
8452,31431,32,0,4,70403145859072
8453,31431,32,0,5,70411735793664
8454,31431,32,0,6,70420325728256
8455,31431,32,0,7,70428915662848
8456,31431,33,0,0,72567809376256
8457,31431,33,0,1,72576399310848
8458,31431,33,0,2,72584989245440
8459,31431,33,0,3,72593579180032
8460,31431,33,0,4,72602169114624
8461,31431,33,0,5,72610759049216
8462,31431,33,0,6,72619348983808
8463,31431,33,0,7,72627938918400
8464,31431,34,0,0,74766832631808
8465,31431,34,0,1,74775422566400
8466,31431,34,0,2,74784012500992
8467,31431,34,0,3,74792602435584
8468,31431,34,0,4,74801192370176
8469,31431,34,0,5,74809782304768
8470,31431,34,0,6,74818372239360
8471,31431,34,0,7,74826962173952
8472,31431,35,0,0,76965855887360
8473,31431,35,0,1,76974445821952
8474,31431,35,0,2,76983035756544
8475,31431,35,0,3,76991625691136
8476,31431,35,0,4,77000215625728
8477,31431,35,0,5,77008805560320
8478,31431,35,0,6,77017395494912
8479,31431,35,0,7,77025985429504
8480,31431,36,0,0,79164879142912
8481,31431,36,0,1,79173469077504
8482,31431,36,0,2,79182059012096
8483,31431,36,0,3,79190648946688
8484,31431,36,0,4,79199238881280
8485,31431,36,0,5,79207828815872
8486,31431,36,0,6,79216418750464
8487,31431,36,0,7,79225008685056
8488,31431,37,0,0,81363902398464
8489,31431,37,0,1,81372492333056
8490,31431,37,0,2,81381082267648
8491,31431,37,0,3,81389672202240
8492,31431,37,0,4,81398262136832
8493,31431,37,0,5,81406852071424
8494,31431,37,0,6,81415442006016
8495,31431,37,0,7,81424031940608
8496,31431,38,0,0,83562925654016
8497,31431,38,0,1,83571515588608
8498,31431,38,0,2,83580105523200
8499,31431,38,0,3,83588695457792
8500,31431,38,0,4,83597285392384
8501,31431,38,0,5,83605875326976
8502,31431,38,0,6,83614465261568
8503,31431,38,0,7,83623055196160
8504,31431,39,0,0,85761948909568
8505,31431,39,0,1,85770538844160
8506,31431,39,0,2,85779128778752
8507,31431,39,0,3,85787718713344
8508,31431,39,0,4,85796308647936
8509,31431,39,0,5,85804898582528
8510,31431,39,0,6,85813488517120
8511,31431,39,0,7,85822078451712
8512,31431,40,0,0,87960972165120
8513,31431,40,0,1,87969562099712
8514,31431,40,0,2,87978152034304
8515,31431,40,0,3,87986741968896
8516,31431,40,0,4,87995331903488
8517,31431,40,0,5,88003921838080
8518,31431,40,0,6,88012511772672
8519,31431,40,0,7,88021101707264
8520,31431,41,0,0,90159995420672
8521,31431,41,0,1,90168585355264
8522,31431,41,0,2,90177175289856
8523,31431,41,0,3,90185765224448
8524,31431,41,0,4,90194355159040
8525,31431,41,0,5,90202945093632
8526,31431,41,0,6,90211535028224
8527,31431,41,0,7,90220124962816
8528,31431,42,0,0,92359018676224
8529,31431,42,0,1,92367608610816
8530,31431,42,0,2,92376198545408
8531,31431,42,0,3,92384788480000
8532,31431,42,0,4,92393378414592
8533,31431,42,0,5,92401968349184
8534,31431,42,0,6,92410558283776
8535,31431,42,0,7,92419148218368
8536,31431,43,0,0,94558041931776
8537,31431,43,0,1,94566631866368
8538,31431,43,0,2,94575221800960
8539,31431,43,0,3,94583811735552
8540,31431,43,0,4,94592401670144
8541,31431,43,0,5,94600991604736
8542,31431,43,0,6,94609581539328
8543,31431,43,0,7,94618171473920
8544,31431,44,0,0,96757065187328
8545,31431,44,0,1,96765655121920
8546,31431,44,0,2,96774245056512
8547,31431,44,0,3,96782834991104
8548,31431,44,0,4,96791424925696
8549,31431,44,0,5,96800014860288
8550,31431,44,0,6,96808604794880
8551,31431,44,0,7,96817194729472
8552,31431,45,0,0,98956088442880
8553,31431,45,0,1,98964678377472
8554,31431,45,0,2,98973268312064
8555,31431,45,0,3,98981858246656
8556,31431,45,0,4,98990448181248
8557,31431,45,0,5,98999038115840
8558,31431,45,0,6,99007628050432
8559,31431,45,0,7,99016217985024
8560,31431,46,0,0,101155111698432
8561,31431,46,0,1,101163701633024
8562,31431,46,0,2,101172291567616
8563,31431,46,0,3,101180881502208
8564,31431,46,0,4,101189471436800
8565,31431,46,0,5,101198061371392
8566,31431,46,0,6,101206651305984
8567,31431,46,0,7,101215241240576
8568,31431,47,0,0,103354134953984
8569,31431,47,0,1,103362724888576
8570,31431,47,0,2,103371314823168
8571,31431,47,0,3,103379904757760
8572,31431,47,0,4,103388494692352
8573,31431,47,0,5,103397084626944
8574,31431,47,0,6,103405674561536
8575,31431,47,0,7,103414264496128
8576,31431,48,0,0,105553158209536
8577,31431,48,0,1,105561748144128
8578,31431,48,0,2,105570338078720
8579,31431,48,0,3,105578928013312
8580,31431,48,0,4,105587517947904
8581,31431,48,0,5,105596107882496
8582,31431,48,0,6,105604697817088
8583,31431,48,0,7,105613287751680
8584,31431,49,0,0,107752181465088
8585,31431,49,0,1,107760771399680
8586,31431,49,0,2,107769361334272
8587,31431,49,0,3,107777951268864
8588,31431,49,0,4,107786541203456
8589,31431,49,0,5,107795131138048
8590,31431,49,0,6,107803721072640
8591,31431,49,0,7,107812311007232
8592,31431,50,0,0,109951204720640
8593,31431,50,0,1,109959794655232
8594,31431,50,0,2,109968384589824
8595,31431,50,0,3,109976974524416
8596,31431,50,0,4,109985564459008
8597,31431,50,0,5,109994154393600
8598,31431,50,0,6,110002744328192
8599,31431,50,0,7,110011334262784
8600,31431,51,0,0,112150227976192
8601,31431,51,0,1,112158817910784
8602,31431,51,0,2,112167407845376
8603,31431,51,0,3,112175997779968
8604,31431,51,0,4,112184587714560
8605,31431,51,0,5,112193177649152
8606,31431,51,0,6,112201767583744
8607,31431,51,0,7,112210357518336
8608,31431,52,0,0,114349251231744
8609,31431,52,0,1,114357841166336
8610,31431,52,0,2,114366431100928
8611,31431,52,0,3,114375021035520
8612,31431,52,0,4,114383610970112
8613,31431,52,0,5,114392200904704
8614,31431,52,0,6,114400790839296
8615,31431,52,0,7,114409380773888
8616,31431,53,0,0,116548274487296
8617,31431,53,0,1,116556864421888
8618,31431,53,0,2,116565454356480
8619,31431,53,0,3,116574044291072
8620,31431,53,0,4,116582634225664
8621,31431,53,0,5,116591224160256
8622,31431,53,0,6,116599814094848
8623,31431,53,0,7,116608404029440
8624,31431,54,0,0,118747297742848
8625,31431,54,0,1,118755887677440
8626,31431,54,0,2,118764477612032
8627,31431,54,0,3,118773067546624
8628,31431,54,0,4,118781657481216
8629,31431,54,0,5,118790247415808
8630,31431,54,0,6,118798837350400
8631,31431,54,0,7,118807427284992
8632,31431,55,0,0,120946320998400
8633,31431,55,0,1,120954910932992
8634,31431,55,0,2,120963500867584
8635,31431,55,0,3,120972090802176
8636,31431,55,0,4,120980680736768
8637,31431,55,0,5,120989270671360
8638,31431,55,0,6,120997860605952
8639,31431,55,0,7,121006450540544
8640,31431,56,0,0,123145344253952
8641,31431,56,0,1,123153934188544
8642,31431,56,0,2,123162524123136
8643,31431,56,0,3,123171114057728
8644,31431,56,0,4,123179703992320
8645,31431,56,0,5,123188293926912
8646,31431,56,0,6,123196883861504
8647,31431,56,0,7,123205473796096
8648,31431,57,0,0,125344367509504
8649,31431,57,0,1,125352957444096
8650,31431,57,0,2,125361547378688
8651,31431,57,0,3,125370137313280
8652,31431,57,0,4,125378727247872
8653,31431,57,0,5,125387317182464
8654,31431,57,0,6,125395907117056
8655,31431,57,0,7,125404497051648
8656,31431,58,0,0,127543390765056
8657,31431,58,0,1,127551980699648
8658,31431,58,0,2,127560570634240
8659,31431,58,0,3,127569160568832
8660,31431,58,0,4,127577750503424
8661,31431,58,0,5,127586340438016
8662,31431,58,0,6,127594930372608
8663,31431,58,0,7,127603520307200
8664,31431,59,0,0,129742414020608
8665,31431,59,0,1,129751003955200
8666,31431,59,0,2,129759593889792
8667,31431,59,0,3,129768183824384
8668,31431,59,0,4,129776773758976
8669,31431,59,0,5,129785363693568
8670,31431,59,0,6,129793953628160
8671,31431,59,0,7,129802543562752
8672,31431,60,0,0,131941437276160
8673,31431,60,0,1,131950027210752
8674,31431,60,0,2,131958617145344
8675,31431,60,0,3,131967207079936
8676,31431,60,0,4,131975797014528
8677,31431,60,0,5,131984386949120
8678,31431,60,0,6,131992976883712
8679,31431,60,0,7,132001566818304
8680,31431,61,0,0,134140460531712
8681,31431,61,0,1,134149050466304
8682,31431,61,0,2,134157640400896
8683,31431,61,0,3,134166230335488
8684,31431,61,0,4,134174820270080
8685,31431,61,0,5,134183410204672
8686,31431,61,0,6,134192000139264
8687,31431,61,0,7,134200590073856
8688,31431,62,0,0,136339483787264
8689,31431,62,0,1,136348073721856
8690,31431,62,0,2,136356663656448
8691,31431,62,0,3,136365253591040
8692,31431,62,0,4,136373843525632
8693,31431,62,0,5,136382433460224
8694,31431,62,0,6,136391023394816
8695,31431,62,0,7,136399613329408
8696,31431,63,0,0,138538507042816
8697,31431,63,0,1,138547096977408
8698,31431,63,0,2,138555686912000
8699,31431,63,0,3,138564276846592
8700,31431,63,0,4,138572866781184
8701,31431,63,0,5,138581456715776
8702,31431,63,0,6,138590046650368
8703,31431,63,0,7,138598636584960
8704,31434,0,0,0,41943041
8705,31434,0,0,1,8631877633
8706,31434,0,0,2,17221812225
8707,31434,0,0,3,25811746817
8708,31434,0,0,4,34401681409
8709,31434,0,0,5,42991616001
8710,31434,0,0,6,51581550593
8711,31434,0,0,7,60171485185
8712,31434,1,0,0,2199065198593
8713,31434,1,0,1,2207655133185
8714,31434,1,0,2,2216245067777
8715,31434,1,0,3,2224835002369
8716,31434,1,0,4,2233424936961
8717,31434,1,0,5,2242014871553
8718,31434,1,0,6,2250604806145
8719,31434,1,0,7,2259194740737
8720,31434,2,0,0,4398088454145
8721,31434,2,0,1,4406678388737
8722,31434,2,0,2,4415268323329
8723,31434,2,0,3,4423858257921
8724,31434,2,0,4,4432448192513
8725,31434,2,0,5,4441038127105
8726,31434,2,0,6,4449628061697
8727,31434,2,0,7,4458217996289
8728,31434,3,0,0,6597111709697
8729,31434,3,0,1,6605701644289
8730,31434,3,0,2,6614291578881
8731,31434,3,0,3,6622881513473
8732,31434,3,0,4,6631471448065
8733,31434,3,0,5,6640061382657
8734,31434,3,0,6,6648651317249
8735,31434,3,0,7,6657241251841
8736,31434,4,0,0,8796134965249
8737,31434,4,0,1,8804724899841
8738,31434,4,0,2,8813314834433
8739,31434,4,0,3,8821904769025
8740,31434,4,0,4,8830494703617
8741,31434,4,0,5,8839084638209
8742,31434,4,0,6,8847674572801
8743,31434,4,0,7,8856264507393
8744,31434,5,0,0,10995158220801
8745,31434,5,0,1,11003748155393
8746,31434,5,0,2,11012338089985
8747,31434,5,0,3,11020928024577
8748,31434,5,0,4,11029517959169
8749,31434,5,0,5,11038107893761
8750,31434,5,0,6,11046697828353
8751,31434,5,0,7,11055287762945
8752,31434,6,0,0,13194181476353
8753,31434,6,0,1,13202771410945
8754,31434,6,0,2,13211361345537
8755,31434,6,0,3,13219951280129
8756,31434,6,0,4,13228541214721
8757,31434,6,0,5,13237131149313
8758,31434,6,0,6,13245721083905
8759,31434,6,0,7,13254311018497
8760,31434,7,0,0,15393204731905
8761,31434,7,0,1,15401794666497
8762,31434,7,0,2,15410384601089
8763,31434,7,0,3,15418974535681
8764,31434,7,0,4,15427564470273
8765,31434,7,0,5,15436154404865
8766,31434,7,0,6,15444744339457
8767,31434,7,0,7,15453334274049
8768,31434,8,0,0,17592227987457
8769,31434,8,0,1,17600817922049
8770,31434,8,0,2,17609407856641
8771,31434,8,0,3,17617997791233
8772,31434,8,0,4,17626587725825
8773,31434,8,0,5,17635177660417
8774,31434,8,0,6,17643767595009
8775,31434,8,0,7,17652357529601
8776,31434,9,0,0,19791251243009
8777,31434,9,0,1,19799841177601
8778,31434,9,0,2,19808431112193
8779,31434,9,0,3,19817021046785
8780,31434,9,0,4,19825610981377
8781,31434,9,0,5,19834200915969
8782,31434,9,0,6,19842790850561
8783,31434,9,0,7,19851380785153
8784,31434,10,0,0,21990274498561
8785,31434,10,0,1,21998864433153
8786,31434,10,0,2,22007454367745
8787,31434,10,0,3,22016044302337
8788,31434,10,0,4,22024634236929
8789,31434,10,0,5,22033224171521
8790,31434,10,0,6,22041814106113
8791,31434,10,0,7,22050404040705
8792,31434,11,0,0,24189297754113
8793,31434,11,0,1,24197887688705
8794,31434,11,0,2,24206477623297
8795,31434,11,0,3,24215067557889
8796,31434,11,0,4,24223657492481
8797,31434,11,0,5,24232247427073
8798,31434,11,0,6,24240837361665
8799,31434,11,0,7,24249427296257
8800,31434,12,0,0,26388321009665
8801,31434,12,0,1,26396910944257
8802,31434,12,0,2,26405500878849
8803,31434,12,0,3,26414090813441
8804,31434,12,0,4,26422680748033
8805,31434,12,0,5,26431270682625
8806,31434,12,0,6,26439860617217
8807,31434,12,0,7,26448450551809
8808,31434,13,0,0,28587344265217
8809,31434,13,0,1,28595934199809
8810,31434,13,0,2,28604524134401
8811,31434,13,0,3,28613114068993
8812,31434,13,0,4,28621704003585
8813,31434,13,0,5,28630293938177
8814,31434,13,0,6,28638883872769
8815,31434,13,0,7,28647473807361
8816,31434,14,0,0,30786367520769
8817,31434,14,0,1,30794957455361
8818,31434,14,0,2,30803547389953
8819,31434,14,0,3,30812137324545
8820,31434,14,0,4,30820727259137
8821,31434,14,0,5,30829317193729
8822,31434,14,0,6,30837907128321
8823,31434,14,0,7,30846497062913
8824,31434,15,0,0,32985390776321
8825,31434,15,0,1,32993980710913
8826,31434,15,0,2,33002570645505
8827,31434,15,0,3,33011160580097
8828,31434,15,0,4,33019750514689
8829,31434,15,0,5,33028340449281
8830,31434,15,0,6,33036930383873
8831,31434,15,0,7,33045520318465
8832,31434,16,0,0,35184414031873
8833,31434,16,0,1,35193003966465
8834,31434,16,0,2,35201593901057
8835,31434,16,0,3,35210183835649
8836,31434,16,0,4,35218773770241
8837,31434,16,0,5,35227363704833
8838,31434,16,0,6,35235953639425
8839,31434,16,0,7,35244543574017
8840,31434,17,0,0,37383437287425
8841,31434,17,0,1,37392027222017
8842,31434,17,0,2,37400617156609
8843,31434,17,0,3,37409207091201
8844,31434,17,0,4,37417797025793
8845,31434,17,0,5,37426386960385
8846,31434,17,0,6,37434976894977
8847,31434,17,0,7,37443566829569
8848,31434,18,0,0,39582460542977
8849,31434,18,0,1,39591050477569
8850,31434,18,0,2,39599640412161
8851,31434,18,0,3,39608230346753
8852,31434,18,0,4,39616820281345
8853,31434,18,0,5,39625410215937
8854,31434,18,0,6,39634000150529
8855,31434,18,0,7,39642590085121
8856,31434,19,0,0,41781483798529
8857,31434,19,0,1,41790073733121
8858,31434,19,0,2,41798663667713
8859,31434,19,0,3,41807253602305
8860,31434,19,0,4,41815843536897
8861,31434,19,0,5,41824433471489
8862,31434,19,0,6,41833023406081
8863,31434,19,0,7,41841613340673
8864,31434,20,0,0,43980507054081
8865,31434,20,0,1,43989096988673
8866,31434,20,0,2,43997686923265
8867,31434,20,0,3,44006276857857
8868,31434,20,0,4,44014866792449
8869,31434,20,0,5,44023456727041
8870,31434,20,0,6,44032046661633
8871,31434,20,0,7,44040636596225
8872,31434,21,0,0,46179530309633
8873,31434,21,0,1,46188120244225
8874,31434,21,0,2,46196710178817
8875,31434,21,0,3,46205300113409
8876,31434,21,0,4,46213890048001
8877,31434,21,0,5,46222479982593
8878,31434,21,0,6,46231069917185
8879,31434,21,0,7,46239659851777
8880,31434,22,0,0,48378553565185
8881,31434,22,0,1,48387143499777
8882,31434,22,0,2,48395733434369
8883,31434,22,0,3,48404323368961
8884,31434,22,0,4,48412913303553
8885,31434,22,0,5,48421503238145
8886,31434,22,0,6,48430093172737
8887,31434,22,0,7,48438683107329
8888,31434,23,0,0,50577576820737
8889,31434,23,0,1,50586166755329
8890,31434,23,0,2,50594756689921
8891,31434,23,0,3,50603346624513
8892,31434,23,0,4,50611936559105
8893,31434,23,0,5,50620526493697
8894,31434,23,0,6,50629116428289
8895,31434,23,0,7,50637706362881
8896,31434,24,0,0,52776600076289
8897,31434,24,0,1,52785190010881
8898,31434,24,0,2,52793779945473
8899,31434,24,0,3,52802369880065
8900,31434,24,0,4,52810959814657
8901,31434,24,0,5,52819549749249
8902,31434,24,0,6,52828139683841
8903,31434,24,0,7,52836729618433
8904,31434,25,0,0,54975623331841
8905,31434,25,0,1,54984213266433
8906,31434,25,0,2,54992803201025
8907,31434,25,0,3,55001393135617
8908,31434,25,0,4,55009983070209
8909,31434,25,0,5,55018573004801
8910,31434,25,0,6,55027162939393
8911,31434,25,0,7,55035752873985
8912,31434,26,0,0,57174646587393
8913,31434,26,0,1,57183236521985
8914,31434,26,0,2,57191826456577
8915,31434,26,0,3,57200416391169
8916,31434,26,0,4,57209006325761
8917,31434,26,0,5,57217596260353
8918,31434,26,0,6,57226186194945
8919,31434,26,0,7,57234776129537
8920,31434,27,0,0,59373669842945
8921,31434,27,0,1,59382259777537
8922,31434,27,0,2,59390849712129
8923,31434,27,0,3,59399439646721
8924,31434,27,0,4,59408029581313
8925,31434,27,0,5,59416619515905
8926,31434,27,0,6,59425209450497
8927,31434,27,0,7,59433799385089
8928,31434,28,0,0,61572693098497
8929,31434,28,0,1,61581283033089
8930,31434,28,0,2,61589872967681
8931,31434,28,0,3,61598462902273
8932,31434,28,0,4,61607052836865
8933,31434,28,0,5,61615642771457
8934,31434,28,0,6,61624232706049
8935,31434,28,0,7,61632822640641
8936,31434,29,0,0,63771716354049
8937,31434,29,0,1,63780306288641
8938,31434,29,0,2,63788896223233
8939,31434,29,0,3,63797486157825
8940,31434,29,0,4,63806076092417
8941,31434,29,0,5,63814666027009
8942,31434,29,0,6,63823255961601
8943,31434,29,0,7,63831845896193
8944,31434,30,0,0,65970739609601
8945,31434,30,0,1,65979329544193
8946,31434,30,0,2,65987919478785
8947,31434,30,0,3,65996509413377
8948,31434,30,0,4,66005099347969
8949,31434,30,0,5,66013689282561
8950,31434,30,0,6,66022279217153
8951,31434,30,0,7,66030869151745
8952,31434,31,0,0,68169762865153
8953,31434,31,0,1,68178352799745
8954,31434,31,0,2,68186942734337
8955,31434,31,0,3,68195532668929
8956,31434,31,0,4,68204122603521
8957,31434,31,0,5,68212712538113
8958,31434,31,0,6,68221302472705
8959,31434,31,0,7,68229892407297
8960,31434,32,0,0,70368786120705
8961,31434,32,0,1,70377376055297
8962,31434,32,0,2,70385965989889
8963,31434,32,0,3,70394555924481
8964,31434,32,0,4,70403145859073
8965,31434,32,0,5,70411735793665
8966,31434,32,0,6,70420325728257
8967,31434,32,0,7,70428915662849
8968,31434,33,0,0,72567809376257
8969,31434,33,0,1,72576399310849
8970,31434,33,0,2,72584989245441
8971,31434,33,0,3,72593579180033
8972,31434,33,0,4,72602169114625
8973,31434,33,0,5,72610759049217
8974,31434,33,0,6,72619348983809
8975,31434,33,0,7,72627938918401
8976,31434,34,0,0,74766832631809
8977,31434,34,0,1,74775422566401
8978,31434,34,0,2,74784012500993
8979,31434,34,0,3,74792602435585
8980,31434,34,0,4,74801192370177
8981,31434,34,0,5,74809782304769
8982,31434,34,0,6,74818372239361
8983,31434,34,0,7,74826962173953
8984,31434,35,0,0,76965855887361
8985,31434,35,0,1,76974445821953
8986,31434,35,0,2,76983035756545
8987,31434,35,0,3,76991625691137
8988,31434,35,0,4,77000215625729
8989,31434,35,0,5,77008805560321
8990,31434,35,0,6,77017395494913
8991,31434,35,0,7,77025985429505
8992,31434,36,0,0,79164879142913
8993,31434,36,0,1,79173469077505
8994,31434,36,0,2,79182059012097
8995,31434,36,0,3,79190648946689
8996,31434,36,0,4,79199238881281
8997,31434,36,0,5,79207828815873
8998,31434,36,0,6,79216418750465
8999,31434,36,0,7,79225008685057
9000,31434,37,0,0,81363902398465
9001,31434,37,0,1,81372492333057
9002,31434,37,0,2,81381082267649
9003,31434,37,0,3,81389672202241
9004,31434,37,0,4,81398262136833
9005,31434,37,0,5,81406852071425
9006,31434,37,0,6,81415442006017
9007,31434,37,0,7,81424031940609
9008,31434,38,0,0,83562925654017
9009,31434,38,0,1,83571515588609
9010,31434,38,0,2,83580105523201
9011,31434,38,0,3,83588695457793
9012,31434,38,0,4,83597285392385
9013,31434,38,0,5,83605875326977
9014,31434,38,0,6,83614465261569
9015,31434,38,0,7,83623055196161
9016,31434,39,0,0,85761948909569
9017,31434,39,0,1,85770538844161
9018,31434,39,0,2,85779128778753
9019,31434,39,0,3,85787718713345
9020,31434,39,0,4,85796308647937
9021,31434,39,0,5,85804898582529
9022,31434,39,0,6,85813488517121
9023,31434,39,0,7,85822078451713
9024,31434,40,0,0,87960972165121
9025,31434,40,0,1,87969562099713
9026,31434,40,0,2,87978152034305
9027,31434,40,0,3,87986741968897
9028,31434,40,0,4,87995331903489
9029,31434,40,0,5,88003921838081
9030,31434,40,0,6,88012511772673
9031,31434,40,0,7,88021101707265
9032,31434,41,0,0,90159995420673
9033,31434,41,0,1,90168585355265
9034,31434,41,0,2,90177175289857
9035,31434,41,0,3,90185765224449
9036,31434,41,0,4,90194355159041
9037,31434,41,0,5,90202945093633
9038,31434,41,0,6,90211535028225
9039,31434,41,0,7,90220124962817
9040,31434,42,0,0,92359018676225
9041,31434,42,0,1,92367608610817
9042,31434,42,0,2,92376198545409
9043,31434,42,0,3,92384788480001
9044,31434,42,0,4,92393378414593
9045,31434,42,0,5,92401968349185
9046,31434,42,0,6,92410558283777
9047,31434,42,0,7,92419148218369
9048,31434,43,0,0,94558041931777
9049,31434,43,0,1,94566631866369
9050,31434,43,0,2,94575221800961
9051,31434,43,0,3,94583811735553
9052,31434,43,0,4,94592401670145
9053,31434,43,0,5,94600991604737
9054,31434,43,0,6,94609581539329
9055,31434,43,0,7,94618171473921
9056,31434,44,0,0,96757065187329
9057,31434,44,0,1,96765655121921
9058,31434,44,0,2,96774245056513
9059,31434,44,0,3,96782834991105
9060,31434,44,0,4,96791424925697
9061,31434,44,0,5,96800014860289
9062,31434,44,0,6,96808604794881
9063,31434,44,0,7,96817194729473
9064,31434,45,0,0,98956088442881
9065,31434,45,0,1,98964678377473
9066,31434,45,0,2,98973268312065
9067,31434,45,0,3,98981858246657
9068,31434,45,0,4,98990448181249
9069,31434,45,0,5,98999038115841
9070,31434,45,0,6,99007628050433
9071,31434,45,0,7,99016217985025
9072,31434,46,0,0,101155111698433
9073,31434,46,0,1,101163701633025
9074,31434,46,0,2,101172291567617
9075,31434,46,0,3,101180881502209
9076,31434,46,0,4,101189471436801
9077,31434,46,0,5,101198061371393
9078,31434,46,0,6,101206651305985
9079,31434,46,0,7,101215241240577
9080,31434,47,0,0,103354134953985
9081,31434,47,0,1,103362724888577
9082,31434,47,0,2,103371314823169
9083,31434,47,0,3,103379904757761
9084,31434,47,0,4,103388494692353
9085,31434,47,0,5,103397084626945
9086,31434,47,0,6,103405674561537
9087,31434,47,0,7,103414264496129
9088,31434,48,0,0,105553158209537
9089,31434,48,0,1,105561748144129
9090,31434,48,0,2,105570338078721
9091,31434,48,0,3,105578928013313
9092,31434,48,0,4,105587517947905
9093,31434,48,0,5,105596107882497
9094,31434,48,0,6,105604697817089
9095,31434,48,0,7,105613287751681
9096,31434,49,0,0,107752181465089
9097,31434,49,0,1,107760771399681
9098,31434,49,0,2,107769361334273
9099,31434,49,0,3,107777951268865
9100,31434,49,0,4,107786541203457
9101,31434,49,0,5,107795131138049
9102,31434,49,0,6,107803721072641
9103,31434,49,0,7,107812311007233
9104,31434,50,0,0,109951204720641
9105,31434,50,0,1,109959794655233
9106,31434,50,0,2,109968384589825
9107,31434,50,0,3,109976974524417
9108,31434,50,0,4,109985564459009
9109,31434,50,0,5,109994154393601
9110,31434,50,0,6,110002744328193
9111,31434,50,0,7,110011334262785
9112,31434,51,0,0,112150227976193
9113,31434,51,0,1,112158817910785
9114,31434,51,0,2,112167407845377
9115,31434,51,0,3,112175997779969
9116,31434,51,0,4,112184587714561
9117,31434,51,0,5,112193177649153
9118,31434,51,0,6,112201767583745
9119,31434,51,0,7,112210357518337
9120,31434,52,0,0,114349251231745
9121,31434,52,0,1,114357841166337
9122,31434,52,0,2,114366431100929
9123,31434,52,0,3,114375021035521
9124,31434,52,0,4,114383610970113
9125,31434,52,0,5,114392200904705
9126,31434,52,0,6,114400790839297
9127,31434,52,0,7,114409380773889
9128,31434,53,0,0,116548274487297
9129,31434,53,0,1,116556864421889
9130,31434,53,0,2,116565454356481
9131,31434,53,0,3,116574044291073
9132,31434,53,0,4,116582634225665
9133,31434,53,0,5,116591224160257
9134,31434,53,0,6,116599814094849
9135,31434,53,0,7,116608404029441
9136,31434,54,0,0,118747297742849
9137,31434,54,0,1,118755887677441
9138,31434,54,0,2,118764477612033
9139,31434,54,0,3,118773067546625
9140,31434,54,0,4,118781657481217
9141,31434,54,0,5,118790247415809
9142,31434,54,0,6,118798837350401
9143,31434,54,0,7,118807427284993
9144,31434,55,0,0,120946320998401
9145,31434,55,0,1,120954910932993
9146,31434,55,0,2,120963500867585
9147,31434,55,0,3,120972090802177
9148,31434,55,0,4,120980680736769
9149,31434,55,0,5,120989270671361
9150,31434,55,0,6,120997860605953
9151,31434,55,0,7,121006450540545
9152,31434,56,0,0,123145344253953
9153,31434,56,0,1,123153934188545
9154,31434,56,0,2,123162524123137
9155,31434,56,0,3,123171114057729
9156,31434,56,0,4,123179703992321
9157,31434,56,0,5,123188293926913
9158,31434,56,0,6,123196883861505
9159,31434,56,0,7,123205473796097
9160,31434,57,0,0,125344367509505
9161,31434,57,0,1,125352957444097
9162,31434,57,0,2,125361547378689
9163,31434,57,0,3,125370137313281
9164,31434,57,0,4,125378727247873
9165,31434,57,0,5,125387317182465
9166,31434,57,0,6,125395907117057
9167,31434,57,0,7,125404497051649
9168,31434,58,0,0,127543390765057
9169,31434,58,0,1,127551980699649
9170,31434,58,0,2,127560570634241
9171,31434,58,0,3,127569160568833
9172,31434,58,0,4,127577750503425
9173,31434,58,0,5,127586340438017
9174,31434,58,0,6,127594930372609
9175,31434,58,0,7,127603520307201
9176,31434,59,0,0,129742414020609
9177,31434,59,0,1,129751003955201
9178,31434,59,0,2,129759593889793
9179,31434,59,0,3,129768183824385
9180,31434,59,0,4,129776773758977
9181,31434,59,0,5,129785363693569
9182,31434,59,0,6,129793953628161
9183,31434,59,0,7,129802543562753
9184,31434,60,0,0,131941437276161
9185,31434,60,0,1,131950027210753
9186,31434,60,0,2,131958617145345
9187,31434,60,0,3,131967207079937
9188,31434,60,0,4,131975797014529
9189,31434,60,0,5,131984386949121
9190,31434,60,0,6,131992976883713
9191,31434,60,0,7,132001566818305
9192,31434,61,0,0,134140460531713
9193,31434,61,0,1,134149050466305
9194,31434,61,0,2,134157640400897
9195,31434,61,0,3,134166230335489
9196,31434,61,0,4,134174820270081
9197,31434,61,0,5,134183410204673
9198,31434,61,0,6,134192000139265
9199,31434,61,0,7,134200590073857
9200,31434,62,0,0,136339483787265
9201,31434,62,0,1,136348073721857
9202,31434,62,0,2,136356663656449
9203,31434,62,0,3,136365253591041
9204,31434,62,0,4,136373843525633
9205,31434,62,0,5,136382433460225
9206,31434,62,0,6,136391023394817
9207,31434,62,0,7,136399613329409
9208,31434,63,0,0,138538507042817
9209,31434,63,0,1,138547096977409
9210,31434,63,0,2,138555686912001
9211,31434,63,0,3,138564276846593
9212,31434,63,0,4,138572866781185
9213,31434,63,0,5,138581456715777
9214,31434,63,0,6,138590046650369
9215,31434,63,0,7,138598636584961
9216,31436,0,0,0,41943042
9217,31436,0,0,1,8631877634
9218,31436,0,0,2,17221812226
9219,31436,0,0,3,25811746818
9220,31436,0,0,4,34401681410
9221,31436,0,0,5,42991616002
9222,31436,0,0,6,51581550594
9223,31436,0,0,7,60171485186
9224,31436,1,0,0,2199065198594
9225,31436,1,0,1,2207655133186
9226,31436,1,0,2,2216245067778
9227,31436,1,0,3,2224835002370
9228,31436,1,0,4,2233424936962
9229,31436,1,0,5,2242014871554
9230,31436,1,0,6,2250604806146
9231,31436,1,0,7,2259194740738
9232,31436,2,0,0,4398088454146
9233,31436,2,0,1,4406678388738
9234,31436,2,0,2,4415268323330
9235,31436,2,0,3,4423858257922
9236,31436,2,0,4,4432448192514
9237,31436,2,0,5,4441038127106
9238,31436,2,0,6,4449628061698
9239,31436,2,0,7,4458217996290
9240,31436,3,0,0,6597111709698
9241,31436,3,0,1,6605701644290
9242,31436,3,0,2,6614291578882
9243,31436,3,0,3,6622881513474
9244,31436,3,0,4,6631471448066
9245,31436,3,0,5,6640061382658
9246,31436,3,0,6,6648651317250
9247,31436,3,0,7,6657241251842
9248,31436,4,0,0,8796134965250
9249,31436,4,0,1,8804724899842
9250,31436,4,0,2,8813314834434
9251,31436,4,0,3,8821904769026
9252,31436,4,0,4,8830494703618
9253,31436,4,0,5,8839084638210
9254,31436,4,0,6,8847674572802
9255,31436,4,0,7,8856264507394
9256,31436,5,0,0,10995158220802
9257,31436,5,0,1,11003748155394
9258,31436,5,0,2,11012338089986
9259,31436,5,0,3,11020928024578
9260,31436,5,0,4,11029517959170
9261,31436,5,0,5,11038107893762
9262,31436,5,0,6,11046697828354
9263,31436,5,0,7,11055287762946
9264,31436,6,0,0,13194181476354
9265,31436,6,0,1,13202771410946
9266,31436,6,0,2,13211361345538
9267,31436,6,0,3,13219951280130
9268,31436,6,0,4,13228541214722
9269,31436,6,0,5,13237131149314
9270,31436,6,0,6,13245721083906
9271,31436,6,0,7,13254311018498
9272,31436,7,0,0,15393204731906
9273,31436,7,0,1,15401794666498
9274,31436,7,0,2,15410384601090
9275,31436,7,0,3,15418974535682
9276,31436,7,0,4,15427564470274
9277,31436,7,0,5,15436154404866
9278,31436,7,0,6,15444744339458
9279,31436,7,0,7,15453334274050
9280,31436,8,0,0,17592227987458
9281,31436,8,0,1,17600817922050
9282,31436,8,0,2,17609407856642
9283,31436,8,0,3,17617997791234
9284,31436,8,0,4,17626587725826
9285,31436,8,0,5,17635177660418
9286,31436,8,0,6,17643767595010
9287,31436,8,0,7,17652357529602
9288,31436,9,0,0,19791251243010
9289,31436,9,0,1,19799841177602
9290,31436,9,0,2,19808431112194
9291,31436,9,0,3,19817021046786
9292,31436,9,0,4,19825610981378
9293,31436,9,0,5,19834200915970
9294,31436,9,0,6,19842790850562
9295,31436,9,0,7,19851380785154
9296,31436,10,0,0,21990274498562
9297,31436,10,0,1,21998864433154
9298,31436,10,0,2,22007454367746
9299,31436,10,0,3,22016044302338
9300,31436,10,0,4,22024634236930
9301,31436,10,0,5,22033224171522
9302,31436,10,0,6,22041814106114
9303,31436,10,0,7,22050404040706
9304,31436,11,0,0,24189297754114
9305,31436,11,0,1,24197887688706
9306,31436,11,0,2,24206477623298
9307,31436,11,0,3,24215067557890
9308,31436,11,0,4,24223657492482
9309,31436,11,0,5,24232247427074
9310,31436,11,0,6,24240837361666
9311,31436,11,0,7,24249427296258
9312,31436,12,0,0,26388321009666
9313,31436,12,0,1,26396910944258
9314,31436,12,0,2,26405500878850
9315,31436,12,0,3,26414090813442
9316,31436,12,0,4,26422680748034
9317,31436,12,0,5,26431270682626
9318,31436,12,0,6,26439860617218
9319,31436,12,0,7,26448450551810
9320,31436,13,0,0,28587344265218
9321,31436,13,0,1,28595934199810
9322,31436,13,0,2,28604524134402
9323,31436,13,0,3,28613114068994
9324,31436,13,0,4,28621704003586
9325,31436,13,0,5,28630293938178
9326,31436,13,0,6,28638883872770
9327,31436,13,0,7,28647473807362
9328,31436,14,0,0,30786367520770
9329,31436,14,0,1,30794957455362
9330,31436,14,0,2,30803547389954
9331,31436,14,0,3,30812137324546
9332,31436,14,0,4,30820727259138
9333,31436,14,0,5,30829317193730
9334,31436,14,0,6,30837907128322
9335,31436,14,0,7,30846497062914
9336,31436,15,0,0,32985390776322
9337,31436,15,0,1,32993980710914
9338,31436,15,0,2,33002570645506
9339,31436,15,0,3,33011160580098
9340,31436,15,0,4,33019750514690
9341,31436,15,0,5,33028340449282
9342,31436,15,0,6,33036930383874
9343,31436,15,0,7,33045520318466
9344,31436,16,0,0,35184414031874
9345,31436,16,0,1,35193003966466
9346,31436,16,0,2,35201593901058
9347,31436,16,0,3,35210183835650
9348,31436,16,0,4,35218773770242
9349,31436,16,0,5,35227363704834
9350,31436,16,0,6,35235953639426
9351,31436,16,0,7,35244543574018
9352,31436,17,0,0,37383437287426
9353,31436,17,0,1,37392027222018
9354,31436,17,0,2,37400617156610
9355,31436,17,0,3,37409207091202
9356,31436,17,0,4,37417797025794
9357,31436,17,0,5,37426386960386
9358,31436,17,0,6,37434976894978
9359,31436,17,0,7,37443566829570
9360,31436,18,0,0,39582460542978
9361,31436,18,0,1,39591050477570
9362,31436,18,0,2,39599640412162
9363,31436,18,0,3,39608230346754
9364,31436,18,0,4,39616820281346
9365,31436,18,0,5,39625410215938
9366,31436,18,0,6,39634000150530
9367,31436,18,0,7,39642590085122
9368,31436,19,0,0,41781483798530
9369,31436,19,0,1,41790073733122
9370,31436,19,0,2,41798663667714
9371,31436,19,0,3,41807253602306
9372,31436,19,0,4,41815843536898
9373,31436,19,0,5,41824433471490
9374,31436,19,0,6,41833023406082
9375,31436,19,0,7,41841613340674
9376,31436,20,0,0,43980507054082
9377,31436,20,0,1,43989096988674
9378,31436,20,0,2,43997686923266
9379,31436,20,0,3,44006276857858
9380,31436,20,0,4,44014866792450
9381,31436,20,0,5,44023456727042
9382,31436,20,0,6,44032046661634
9383,31436,20,0,7,44040636596226
9384,31436,21,0,0,46179530309634
9385,31436,21,0,1,46188120244226
9386,31436,21,0,2,46196710178818
9387,31436,21,0,3,46205300113410
9388,31436,21,0,4,46213890048002
9389,31436,21,0,5,46222479982594
9390,31436,21,0,6,46231069917186
9391,31436,21,0,7,46239659851778
9392,31436,22,0,0,48378553565186
9393,31436,22,0,1,48387143499778
9394,31436,22,0,2,48395733434370
9395,31436,22,0,3,48404323368962
9396,31436,22,0,4,48412913303554
9397,31436,22,0,5,48421503238146
9398,31436,22,0,6,48430093172738
9399,31436,22,0,7,48438683107330
9400,31436,23,0,0,50577576820738
9401,31436,23,0,1,50586166755330
9402,31436,23,0,2,50594756689922
9403,31436,23,0,3,50603346624514
9404,31436,23,0,4,50611936559106
9405,31436,23,0,5,50620526493698
9406,31436,23,0,6,50629116428290
9407,31436,23,0,7,50637706362882
9408,31436,24,0,0,52776600076290
9409,31436,24,0,1,52785190010882
9410,31436,24,0,2,52793779945474
9411,31436,24,0,3,52802369880066
9412,31436,24,0,4,52810959814658
9413,31436,24,0,5,52819549749250
9414,31436,24,0,6,52828139683842
9415,31436,24,0,7,52836729618434
9416,31436,25,0,0,54975623331842
9417,31436,25,0,1,54984213266434
9418,31436,25,0,2,54992803201026
9419,31436,25,0,3,55001393135618
9420,31436,25,0,4,55009983070210
9421,31436,25,0,5,55018573004802
9422,31436,25,0,6,55027162939394
9423,31436,25,0,7,55035752873986
9424,31436,26,0,0,57174646587394
9425,31436,26,0,1,57183236521986
9426,31436,26,0,2,57191826456578
9427,31436,26,0,3,57200416391170
9428,31436,26,0,4,57209006325762
9429,31436,26,0,5,57217596260354
9430,31436,26,0,6,57226186194946
9431,31436,26,0,7,57234776129538
9432,31436,27,0,0,59373669842946
9433,31436,27,0,1,59382259777538
9434,31436,27,0,2,59390849712130
9435,31436,27,0,3,59399439646722
9436,31436,27,0,4,59408029581314
9437,31436,27,0,5,59416619515906
9438,31436,27,0,6,59425209450498
9439,31436,27,0,7,59433799385090
9440,31436,28,0,0,61572693098498
9441,31436,28,0,1,61581283033090
9442,31436,28,0,2,61589872967682
9443,31436,28,0,3,61598462902274
9444,31436,28,0,4,61607052836866
9445,31436,28,0,5,61615642771458
9446,31436,28,0,6,61624232706050
9447,31436,28,0,7,61632822640642
9448,31436,29,0,0,63771716354050
9449,31436,29,0,1,63780306288642
9450,31436,29,0,2,63788896223234
9451,31436,29,0,3,63797486157826
9452,31436,29,0,4,63806076092418
9453,31436,29,0,5,63814666027010
9454,31436,29,0,6,63823255961602
9455,31436,29,0,7,63831845896194
9456,31436,30,0,0,65970739609602
9457,31436,30,0,1,65979329544194
9458,31436,30,0,2,65987919478786
9459,31436,30,0,3,65996509413378
9460,31436,30,0,4,66005099347970
9461,31436,30,0,5,66013689282562
9462,31436,30,0,6,66022279217154
9463,31436,30,0,7,66030869151746
9464,31436,31,0,0,68169762865154
9465,31436,31,0,1,68178352799746
9466,31436,31,0,2,68186942734338
9467,31436,31,0,3,68195532668930
9468,31436,31,0,4,68204122603522
9469,31436,31,0,5,68212712538114
9470,31436,31,0,6,68221302472706
9471,31436,31,0,7,68229892407298
9472,31436,32,0,0,70368786120706
9473,31436,32,0,1,70377376055298
9474,31436,32,0,2,70385965989890
9475,31436,32,0,3,70394555924482
9476,31436,32,0,4,70403145859074
9477,31436,32,0,5,70411735793666
9478,31436,32,0,6,70420325728258
9479,31436,32,0,7,70428915662850
9480,31436,33,0,0,72567809376258
9481,31436,33,0,1,72576399310850
9482,31436,33,0,2,72584989245442
9483,31436,33,0,3,72593579180034
9484,31436,33,0,4,72602169114626
9485,31436,33,0,5,72610759049218
9486,31436,33,0,6,72619348983810
9487,31436,33,0,7,72627938918402
9488,31436,34,0,0,74766832631810
9489,31436,34,0,1,74775422566402
9490,31436,34,0,2,74784012500994
9491,31436,34,0,3,74792602435586
9492,31436,34,0,4,74801192370178
9493,31436,34,0,5,74809782304770
9494,31436,34,0,6,74818372239362
9495,31436,34,0,7,74826962173954
9496,31436,35,0,0,76965855887362
9497,31436,35,0,1,76974445821954
9498,31436,35,0,2,76983035756546
9499,31436,35,0,3,76991625691138
9500,31436,35,0,4,77000215625730
9501,31436,35,0,5,77008805560322
9502,31436,35,0,6,77017395494914
9503,31436,35,0,7,77025985429506
9504,31436,36,0,0,79164879142914
9505,31436,36,0,1,79173469077506
9506,31436,36,0,2,79182059012098
9507,31436,36,0,3,79190648946690
9508,31436,36,0,4,79199238881282
9509,31436,36,0,5,79207828815874
9510,31436,36,0,6,79216418750466
9511,31436,36,0,7,79225008685058
9512,31436,37,0,0,81363902398466
9513,31436,37,0,1,81372492333058
9514,31436,37,0,2,81381082267650
9515,31436,37,0,3,81389672202242
9516,31436,37,0,4,81398262136834
9517,31436,37,0,5,81406852071426
9518,31436,37,0,6,81415442006018
9519,31436,37,0,7,81424031940610
9520,31436,38,0,0,83562925654018
9521,31436,38,0,1,83571515588610
9522,31436,38,0,2,83580105523202
9523,31436,38,0,3,83588695457794
9524,31436,38,0,4,83597285392386
9525,31436,38,0,5,83605875326978
9526,31436,38,0,6,83614465261570
9527,31436,38,0,7,83623055196162
9528,31436,39,0,0,85761948909570
9529,31436,39,0,1,85770538844162
9530,31436,39,0,2,85779128778754
9531,31436,39,0,3,85787718713346
9532,31436,39,0,4,85796308647938
9533,31436,39,0,5,85804898582530
9534,31436,39,0,6,85813488517122
9535,31436,39,0,7,85822078451714
9536,31436,40,0,0,87960972165122
9537,31436,40,0,1,87969562099714
9538,31436,40,0,2,87978152034306
9539,31436,40,0,3,87986741968898
9540,31436,40,0,4,87995331903490
9541,31436,40,0,5,88003921838082
9542,31436,40,0,6,88012511772674
9543,31436,40,0,7,88021101707266
9544,31436,41,0,0,90159995420674
9545,31436,41,0,1,90168585355266
9546,31436,41,0,2,90177175289858
9547,31436,41,0,3,90185765224450
9548,31436,41,0,4,90194355159042
9549,31436,41,0,5,90202945093634
9550,31436,41,0,6,90211535028226
9551,31436,41,0,7,90220124962818
9552,31436,42,0,0,92359018676226
9553,31436,42,0,1,92367608610818
9554,31436,42,0,2,92376198545410
9555,31436,42,0,3,92384788480002
9556,31436,42,0,4,92393378414594
9557,31436,42,0,5,92401968349186
9558,31436,42,0,6,92410558283778
9559,31436,42,0,7,92419148218370
9560,31436,43,0,0,94558041931778
9561,31436,43,0,1,94566631866370
9562,31436,43,0,2,94575221800962
9563,31436,43,0,3,94583811735554
9564,31436,43,0,4,94592401670146
9565,31436,43,0,5,94600991604738
9566,31436,43,0,6,94609581539330
9567,31436,43,0,7,94618171473922
9568,31436,44,0,0,96757065187330
9569,31436,44,0,1,96765655121922
9570,31436,44,0,2,96774245056514
9571,31436,44,0,3,96782834991106
9572,31436,44,0,4,96791424925698
9573,31436,44,0,5,96800014860290
9574,31436,44,0,6,96808604794882
9575,31436,44,0,7,96817194729474
9576,31436,45,0,0,98956088442882
9577,31436,45,0,1,98964678377474
9578,31436,45,0,2,98973268312066
9579,31436,45,0,3,98981858246658
9580,31436,45,0,4,98990448181250
9581,31436,45,0,5,98999038115842
9582,31436,45,0,6,99007628050434
9583,31436,45,0,7,99016217985026
9584,31436,46,0,0,101155111698434
9585,31436,46,0,1,101163701633026
9586,31436,46,0,2,101172291567618
9587,31436,46,0,3,101180881502210
9588,31436,46,0,4,101189471436802
9589,31436,46,0,5,101198061371394
9590,31436,46,0,6,101206651305986
9591,31436,46,0,7,101215241240578
9592,31436,47,0,0,103354134953986
9593,31436,47,0,1,103362724888578
9594,31436,47,0,2,103371314823170
9595,31436,47,0,3,103379904757762
9596,31436,47,0,4,103388494692354
9597,31436,47,0,5,103397084626946
9598,31436,47,0,6,103405674561538
9599,31436,47,0,7,103414264496130
9600,31436,48,0,0,105553158209538
9601,31436,48,0,1,105561748144130
9602,31436,48,0,2,105570338078722
9603,31436,48,0,3,105578928013314
9604,31436,48,0,4,105587517947906
9605,31436,48,0,5,105596107882498
9606,31436,48,0,6,105604697817090
9607,31436,48,0,7,105613287751682
9608,31436,49,0,0,107752181465090
9609,31436,49,0,1,107760771399682
9610,31436,49,0,2,107769361334274
9611,31436,49,0,3,107777951268866
9612,31436,49,0,4,107786541203458
9613,31436,49,0,5,107795131138050
9614,31436,49,0,6,107803721072642
9615,31436,49,0,7,107812311007234
9616,31436,50,0,0,109951204720642
9617,31436,50,0,1,109959794655234
9618,31436,50,0,2,109968384589826
9619,31436,50,0,3,109976974524418
9620,31436,50,0,4,109985564459010
9621,31436,50,0,5,109994154393602
9622,31436,50,0,6,110002744328194
9623,31436,50,0,7,110011334262786
9624,31436,51,0,0,112150227976194
9625,31436,51,0,1,112158817910786
9626,31436,51,0,2,112167407845378
9627,31436,51,0,3,112175997779970
9628,31436,51,0,4,112184587714562
9629,31436,51,0,5,112193177649154
9630,31436,51,0,6,112201767583746
9631,31436,51,0,7,112210357518338
9632,31436,52,0,0,114349251231746
9633,31436,52,0,1,114357841166338
9634,31436,52,0,2,114366431100930
9635,31436,52,0,3,114375021035522
9636,31436,52,0,4,114383610970114
9637,31436,52,0,5,114392200904706
9638,31436,52,0,6,114400790839298
9639,31436,52,0,7,114409380773890
9640,31436,53,0,0,116548274487298
9641,31436,53,0,1,116556864421890
9642,31436,53,0,2,116565454356482
9643,31436,53,0,3,116574044291074
9644,31436,53,0,4,116582634225666
9645,31436,53,0,5,116591224160258
9646,31436,53,0,6,116599814094850
9647,31436,53,0,7,116608404029442
9648,31436,54,0,0,118747297742850
9649,31436,54,0,1,118755887677442
9650,31436,54,0,2,118764477612034
9651,31436,54,0,3,118773067546626
9652,31436,54,0,4,118781657481218
9653,31436,54,0,5,118790247415810
9654,31436,54,0,6,118798837350402
9655,31436,54,0,7,118807427284994
9656,31436,55,0,0,120946320998402
9657,31436,55,0,1,120954910932994
9658,31436,55,0,2,120963500867586
9659,31436,55,0,3,120972090802178
9660,31436,55,0,4,120980680736770
9661,31436,55,0,5,120989270671362
9662,31436,55,0,6,120997860605954
9663,31436,55,0,7,121006450540546
9664,31436,56,0,0,123145344253954
9665,31436,56,0,1,123153934188546
9666,31436,56,0,2,123162524123138
9667,31436,56,0,3,123171114057730
9668,31436,56,0,4,123179703992322
9669,31436,56,0,5,123188293926914
9670,31436,56,0,6,123196883861506
9671,31436,56,0,7,123205473796098
9672,31436,57,0,0,125344367509506
9673,31436,57,0,1,125352957444098
9674,31436,57,0,2,125361547378690
9675,31436,57,0,3,125370137313282
9676,31436,57,0,4,125378727247874
9677,31436,57,0,5,125387317182466
9678,31436,57,0,6,125395907117058
9679,31436,57,0,7,125404497051650
9680,31436,58,0,0,127543390765058
9681,31436,58,0,1,127551980699650
9682,31436,58,0,2,127560570634242
9683,31436,58,0,3,127569160568834
9684,31436,58,0,4,127577750503426
9685,31436,58,0,5,127586340438018
9686,31436,58,0,6,127594930372610
9687,31436,58,0,7,127603520307202
9688,31436,59,0,0,129742414020610
9689,31436,59,0,1,129751003955202
9690,31436,59,0,2,129759593889794
9691,31436,59,0,3,129768183824386
9692,31436,59,0,4,129776773758978
9693,31436,59,0,5,129785363693570
9694,31436,59,0,6,129793953628162
9695,31436,59,0,7,129802543562754
9696,31436,60,0,0,131941437276162
9697,31436,60,0,1,131950027210754
9698,31436,60,0,2,131958617145346
9699,31436,60,0,3,131967207079938
9700,31436,60,0,4,131975797014530
9701,31436,60,0,5,131984386949122
9702,31436,60,0,6,131992976883714
9703,31436,60,0,7,132001566818306
9704,31436,61,0,0,134140460531714
9705,31436,61,0,1,134149050466306
9706,31436,61,0,2,134157640400898
9707,31436,61,0,3,134166230335490
9708,31436,61,0,4,134174820270082
9709,31436,61,0,5,134183410204674
9710,31436,61,0,6,134192000139266
9711,31436,61,0,7,134200590073858
9712,31436,62,0,0,136339483787266
9713,31436,62,0,1,136348073721858
9714,31436,62,0,2,136356663656450
9715,31436,62,0,3,136365253591042
9716,31436,62,0,4,136373843525634
9717,31436,62,0,5,136382433460226
9718,31436,62,0,6,136391023394818
9719,31436,62,0,7,136399613329410
9720,31436,63,0,0,138538507042818
9721,31436,63,0,1,138547096977410
9722,31436,63,0,2,138555686912002
9723,31436,63,0,3,138564276846594
9724,31436,63,0,4,138572866781186
9725,31436,63,0,5,138581456715778
9726,31436,63,0,6,138590046650370
9727,31436,63,0,7,138598636584962
9728,31438,0,0,0,41943043
9729,31438,0,0,1,8631877635
9730,31438,0,0,2,17221812227
9731,31438,0,0,3,25811746819
9732,31438,0,0,4,34401681411
9733,31438,0,0,5,42991616003
9734,31438,0,0,6,51581550595
9735,31438,0,0,7,60171485187
9736,31438,1,0,0,2199065198595
9737,31438,1,0,1,2207655133187
9738,31438,1,0,2,2216245067779
9739,31438,1,0,3,2224835002371
9740,31438,1,0,4,2233424936963
9741,31438,1,0,5,2242014871555
9742,31438,1,0,6,2250604806147
9743,31438,1,0,7,2259194740739
9744,31438,2,0,0,4398088454147
9745,31438,2,0,1,4406678388739
9746,31438,2,0,2,4415268323331
9747,31438,2,0,3,4423858257923
9748,31438,2,0,4,4432448192515
9749,31438,2,0,5,4441038127107
9750,31438,2,0,6,4449628061699
9751,31438,2,0,7,4458217996291
9752,31438,3,0,0,6597111709699
9753,31438,3,0,1,6605701644291
9754,31438,3,0,2,6614291578883
9755,31438,3,0,3,6622881513475
9756,31438,3,0,4,6631471448067
9757,31438,3,0,5,6640061382659
9758,31438,3,0,6,6648651317251
9759,31438,3,0,7,6657241251843
9760,31438,4,0,0,8796134965251
9761,31438,4,0,1,8804724899843
9762,31438,4,0,2,8813314834435
9763,31438,4,0,3,8821904769027
9764,31438,4,0,4,8830494703619
9765,31438,4,0,5,8839084638211
9766,31438,4,0,6,8847674572803
9767,31438,4,0,7,8856264507395
9768,31438,5,0,0,10995158220803
9769,31438,5,0,1,11003748155395
9770,31438,5,0,2,11012338089987
9771,31438,5,0,3,11020928024579
9772,31438,5,0,4,11029517959171
9773,31438,5,0,5,11038107893763
9774,31438,5,0,6,11046697828355
9775,31438,5,0,7,11055287762947
9776,31438,6,0,0,13194181476355
9777,31438,6,0,1,13202771410947
9778,31438,6,0,2,13211361345539
9779,31438,6,0,3,13219951280131
9780,31438,6,0,4,13228541214723
9781,31438,6,0,5,13237131149315
9782,31438,6,0,6,13245721083907
9783,31438,6,0,7,13254311018499
9784,31438,7,0,0,15393204731907
9785,31438,7,0,1,15401794666499
9786,31438,7,0,2,15410384601091
9787,31438,7,0,3,15418974535683
9788,31438,7,0,4,15427564470275
9789,31438,7,0,5,15436154404867
9790,31438,7,0,6,15444744339459
9791,31438,7,0,7,15453334274051
9792,31438,8,0,0,17592227987459
9793,31438,8,0,1,17600817922051
9794,31438,8,0,2,17609407856643
9795,31438,8,0,3,17617997791235
9796,31438,8,0,4,17626587725827
9797,31438,8,0,5,17635177660419
9798,31438,8,0,6,17643767595011
9799,31438,8,0,7,17652357529603
9800,31438,9,0,0,19791251243011
9801,31438,9,0,1,19799841177603
9802,31438,9,0,2,19808431112195
9803,31438,9,0,3,19817021046787
9804,31438,9,0,4,19825610981379
9805,31438,9,0,5,19834200915971
9806,31438,9,0,6,19842790850563
9807,31438,9,0,7,19851380785155
9808,31438,10,0,0,21990274498563
9809,31438,10,0,1,21998864433155
9810,31438,10,0,2,22007454367747
9811,31438,10,0,3,22016044302339
9812,31438,10,0,4,22024634236931
9813,31438,10,0,5,22033224171523
9814,31438,10,0,6,22041814106115
9815,31438,10,0,7,22050404040707
9816,31438,11,0,0,24189297754115
9817,31438,11,0,1,24197887688707
9818,31438,11,0,2,24206477623299
9819,31438,11,0,3,24215067557891
9820,31438,11,0,4,24223657492483
9821,31438,11,0,5,24232247427075
9822,31438,11,0,6,24240837361667
9823,31438,11,0,7,24249427296259
9824,31438,12,0,0,26388321009667
9825,31438,12,0,1,26396910944259
9826,31438,12,0,2,26405500878851
9827,31438,12,0,3,26414090813443
9828,31438,12,0,4,26422680748035
9829,31438,12,0,5,26431270682627
9830,31438,12,0,6,26439860617219
9831,31438,12,0,7,26448450551811
9832,31438,13,0,0,28587344265219
9833,31438,13,0,1,28595934199811
9834,31438,13,0,2,28604524134403
9835,31438,13,0,3,28613114068995
9836,31438,13,0,4,28621704003587
9837,31438,13,0,5,28630293938179
9838,31438,13,0,6,28638883872771
9839,31438,13,0,7,28647473807363
9840,31438,14,0,0,30786367520771
9841,31438,14,0,1,30794957455363
9842,31438,14,0,2,30803547389955
9843,31438,14,0,3,30812137324547
9844,31438,14,0,4,30820727259139
9845,31438,14,0,5,30829317193731
9846,31438,14,0,6,30837907128323
9847,31438,14,0,7,30846497062915
9848,31438,15,0,0,32985390776323
9849,31438,15,0,1,32993980710915
9850,31438,15,0,2,33002570645507
9851,31438,15,0,3,33011160580099
9852,31438,15,0,4,33019750514691
9853,31438,15,0,5,33028340449283
9854,31438,15,0,6,33036930383875
9855,31438,15,0,7,33045520318467
9856,31438,16,0,0,35184414031875
9857,31438,16,0,1,35193003966467
9858,31438,16,0,2,35201593901059
9859,31438,16,0,3,35210183835651
9860,31438,16,0,4,35218773770243
9861,31438,16,0,5,35227363704835
9862,31438,16,0,6,35235953639427
9863,31438,16,0,7,35244543574019
9864,31438,17,0,0,37383437287427
9865,31438,17,0,1,37392027222019
9866,31438,17,0,2,37400617156611
9867,31438,17,0,3,37409207091203
9868,31438,17,0,4,37417797025795
9869,31438,17,0,5,37426386960387
9870,31438,17,0,6,37434976894979
9871,31438,17,0,7,37443566829571
9872,31438,18,0,0,39582460542979
9873,31438,18,0,1,39591050477571
9874,31438,18,0,2,39599640412163
9875,31438,18,0,3,39608230346755
9876,31438,18,0,4,39616820281347
9877,31438,18,0,5,39625410215939
9878,31438,18,0,6,39634000150531
9879,31438,18,0,7,39642590085123
9880,31438,19,0,0,41781483798531
9881,31438,19,0,1,41790073733123
9882,31438,19,0,2,41798663667715
9883,31438,19,0,3,41807253602307
9884,31438,19,0,4,41815843536899
9885,31438,19,0,5,41824433471491
9886,31438,19,0,6,41833023406083
9887,31438,19,0,7,41841613340675
9888,31438,20,0,0,43980507054083
9889,31438,20,0,1,43989096988675
9890,31438,20,0,2,43997686923267
9891,31438,20,0,3,44006276857859
9892,31438,20,0,4,44014866792451
9893,31438,20,0,5,44023456727043
9894,31438,20,0,6,44032046661635
9895,31438,20,0,7,44040636596227
9896,31438,21,0,0,46179530309635
9897,31438,21,0,1,46188120244227
9898,31438,21,0,2,46196710178819
9899,31438,21,0,3,46205300113411
9900,31438,21,0,4,46213890048003
9901,31438,21,0,5,46222479982595
9902,31438,21,0,6,46231069917187
9903,31438,21,0,7,46239659851779
9904,31438,22,0,0,48378553565187
9905,31438,22,0,1,48387143499779
9906,31438,22,0,2,48395733434371
9907,31438,22,0,3,48404323368963
9908,31438,22,0,4,48412913303555
9909,31438,22,0,5,48421503238147
9910,31438,22,0,6,48430093172739
9911,31438,22,0,7,48438683107331
9912,31438,23,0,0,50577576820739
9913,31438,23,0,1,50586166755331
9914,31438,23,0,2,50594756689923
9915,31438,23,0,3,50603346624515
9916,31438,23,0,4,50611936559107
9917,31438,23,0,5,50620526493699
9918,31438,23,0,6,50629116428291
9919,31438,23,0,7,50637706362883
9920,31438,24,0,0,52776600076291
9921,31438,24,0,1,52785190010883
9922,31438,24,0,2,52793779945475
9923,31438,24,0,3,52802369880067
9924,31438,24,0,4,52810959814659
9925,31438,24,0,5,52819549749251
9926,31438,24,0,6,52828139683843
9927,31438,24,0,7,52836729618435
9928,31438,25,0,0,54975623331843
9929,31438,25,0,1,54984213266435
9930,31438,25,0,2,54992803201027
9931,31438,25,0,3,55001393135619
9932,31438,25,0,4,55009983070211
9933,31438,25,0,5,55018573004803
9934,31438,25,0,6,55027162939395
9935,31438,25,0,7,55035752873987
9936,31438,26,0,0,57174646587395
9937,31438,26,0,1,57183236521987
9938,31438,26,0,2,57191826456579
9939,31438,26,0,3,57200416391171
9940,31438,26,0,4,57209006325763
9941,31438,26,0,5,57217596260355
9942,31438,26,0,6,57226186194947
9943,31438,26,0,7,57234776129539
9944,31438,27,0,0,59373669842947
9945,31438,27,0,1,59382259777539
9946,31438,27,0,2,59390849712131
9947,31438,27,0,3,59399439646723
9948,31438,27,0,4,59408029581315
9949,31438,27,0,5,59416619515907
9950,31438,27,0,6,59425209450499
9951,31438,27,0,7,59433799385091
9952,31438,28,0,0,61572693098499
9953,31438,28,0,1,61581283033091
9954,31438,28,0,2,61589872967683
9955,31438,28,0,3,61598462902275
9956,31438,28,0,4,61607052836867
9957,31438,28,0,5,61615642771459
9958,31438,28,0,6,61624232706051
9959,31438,28,0,7,61632822640643
9960,31438,29,0,0,63771716354051
9961,31438,29,0,1,63780306288643
9962,31438,29,0,2,63788896223235
9963,31438,29,0,3,63797486157827
9964,31438,29,0,4,63806076092419
9965,31438,29,0,5,63814666027011
9966,31438,29,0,6,63823255961603
9967,31438,29,0,7,63831845896195
9968,31438,30,0,0,65970739609603
9969,31438,30,0,1,65979329544195
9970,31438,30,0,2,65987919478787
9971,31438,30,0,3,65996509413379
9972,31438,30,0,4,66005099347971
9973,31438,30,0,5,66013689282563
9974,31438,30,0,6,66022279217155
9975,31438,30,0,7,66030869151747
9976,31438,31,0,0,68169762865155
9977,31438,31,0,1,68178352799747
9978,31438,31,0,2,68186942734339
9979,31438,31,0,3,68195532668931
9980,31438,31,0,4,68204122603523
9981,31438,31,0,5,68212712538115
9982,31438,31,0,6,68221302472707
9983,31438,31,0,7,68229892407299
9984,31438,32,0,0,70368786120707
9985,31438,32,0,1,70377376055299
9986,31438,32,0,2,70385965989891
9987,31438,32,0,3,70394555924483
9988,31438,32,0,4,70403145859075
9989,31438,32,0,5,70411735793667
9990,31438,32,0,6,70420325728259
9991,31438,32,0,7,70428915662851
9992,31438,33,0,0,72567809376259
9993,31438,33,0,1,72576399310851
9994,31438,33,0,2,72584989245443
9995,31438,33,0,3,72593579180035
9996,31438,33,0,4,72602169114627
9997,31438,33,0,5,72610759049219
9998,31438,33,0,6,72619348983811
9999,31438,33,0,7,72627938918403
10000,31438,34,0,0,74766832631811
10001,31438,34,0,1,74775422566403
10002,31438,34,0,2,74784012500995
10003,31438,34,0,3,74792602435587
10004,31438,34,0,4,74801192370179
10005,31438,34,0,5,74809782304771
10006,31438,34,0,6,74818372239363
10007,31438,34,0,7,74826962173955
10008,31438,35,0,0,76965855887363
10009,31438,35,0,1,76974445821955
10010,31438,35,0,2,76983035756547
10011,31438,35,0,3,76991625691139
10012,31438,35,0,4,77000215625731
10013,31438,35,0,5,77008805560323
10014,31438,35,0,6,77017395494915
10015,31438,35,0,7,77025985429507
10016,31438,36,0,0,79164879142915
10017,31438,36,0,1,79173469077507
10018,31438,36,0,2,79182059012099
10019,31438,36,0,3,79190648946691
10020,31438,36,0,4,79199238881283
10021,31438,36,0,5,79207828815875
10022,31438,36,0,6,79216418750467
10023,31438,36,0,7,79225008685059
10024,31438,37,0,0,81363902398467
10025,31438,37,0,1,81372492333059
10026,31438,37,0,2,81381082267651
10027,31438,37,0,3,81389672202243
10028,31438,37,0,4,81398262136835
10029,31438,37,0,5,81406852071427
10030,31438,37,0,6,81415442006019
10031,31438,37,0,7,81424031940611
10032,31438,38,0,0,83562925654019
10033,31438,38,0,1,83571515588611
10034,31438,38,0,2,83580105523203
10035,31438,38,0,3,83588695457795
10036,31438,38,0,4,83597285392387
10037,31438,38,0,5,83605875326979
10038,31438,38,0,6,83614465261571
10039,31438,38,0,7,83623055196163
10040,31438,39,0,0,85761948909571
10041,31438,39,0,1,85770538844163
10042,31438,39,0,2,85779128778755
10043,31438,39,0,3,85787718713347
10044,31438,39,0,4,85796308647939
10045,31438,39,0,5,85804898582531
10046,31438,39,0,6,85813488517123
10047,31438,39,0,7,85822078451715
10048,31438,40,0,0,87960972165123
10049,31438,40,0,1,87969562099715
10050,31438,40,0,2,87978152034307
10051,31438,40,0,3,87986741968899
10052,31438,40,0,4,87995331903491
10053,31438,40,0,5,88003921838083
10054,31438,40,0,6,88012511772675
10055,31438,40,0,7,88021101707267
10056,31438,41,0,0,90159995420675
10057,31438,41,0,1,90168585355267
10058,31438,41,0,2,90177175289859
10059,31438,41,0,3,90185765224451
10060,31438,41,0,4,90194355159043
10061,31438,41,0,5,90202945093635
10062,31438,41,0,6,90211535028227
10063,31438,41,0,7,90220124962819
10064,31438,42,0,0,92359018676227
10065,31438,42,0,1,92367608610819
10066,31438,42,0,2,92376198545411
10067,31438,42,0,3,92384788480003
10068,31438,42,0,4,92393378414595
10069,31438,42,0,5,92401968349187
10070,31438,42,0,6,92410558283779
10071,31438,42,0,7,92419148218371
10072,31438,43,0,0,94558041931779
10073,31438,43,0,1,94566631866371
10074,31438,43,0,2,94575221800963
10075,31438,43,0,3,94583811735555
10076,31438,43,0,4,94592401670147
10077,31438,43,0,5,94600991604739
10078,31438,43,0,6,94609581539331
10079,31438,43,0,7,94618171473923
10080,31438,44,0,0,96757065187331
10081,31438,44,0,1,96765655121923
10082,31438,44,0,2,96774245056515
10083,31438,44,0,3,96782834991107
10084,31438,44,0,4,96791424925699
10085,31438,44,0,5,96800014860291
10086,31438,44,0,6,96808604794883
10087,31438,44,0,7,96817194729475
10088,31438,45,0,0,98956088442883
10089,31438,45,0,1,98964678377475
10090,31438,45,0,2,98973268312067
10091,31438,45,0,3,98981858246659
10092,31438,45,0,4,98990448181251
10093,31438,45,0,5,98999038115843
10094,31438,45,0,6,99007628050435
10095,31438,45,0,7,99016217985027
10096,31438,46,0,0,101155111698435
10097,31438,46,0,1,101163701633027
10098,31438,46,0,2,101172291567619
10099,31438,46,0,3,101180881502211
10100,31438,46,0,4,101189471436803
10101,31438,46,0,5,101198061371395
10102,31438,46,0,6,101206651305987
10103,31438,46,0,7,101215241240579
10104,31438,47,0,0,103354134953987
10105,31438,47,0,1,103362724888579
10106,31438,47,0,2,103371314823171
10107,31438,47,0,3,103379904757763
10108,31438,47,0,4,103388494692355
10109,31438,47,0,5,103397084626947
10110,31438,47,0,6,103405674561539
10111,31438,47,0,7,103414264496131
10112,31438,48,0,0,105553158209539
10113,31438,48,0,1,105561748144131
10114,31438,48,0,2,105570338078723
10115,31438,48,0,3,105578928013315
10116,31438,48,0,4,105587517947907
10117,31438,48,0,5,105596107882499
10118,31438,48,0,6,105604697817091
10119,31438,48,0,7,105613287751683
10120,31438,49,0,0,107752181465091
10121,31438,49,0,1,107760771399683
10122,31438,49,0,2,107769361334275
10123,31438,49,0,3,107777951268867
10124,31438,49,0,4,107786541203459
10125,31438,49,0,5,107795131138051
10126,31438,49,0,6,107803721072643
10127,31438,49,0,7,107812311007235
10128,31438,50,0,0,109951204720643
10129,31438,50,0,1,109959794655235
10130,31438,50,0,2,109968384589827
10131,31438,50,0,3,109976974524419
10132,31438,50,0,4,109985564459011
10133,31438,50,0,5,109994154393603
10134,31438,50,0,6,110002744328195
10135,31438,50,0,7,110011334262787
10136,31438,51,0,0,112150227976195
10137,31438,51,0,1,112158817910787
10138,31438,51,0,2,112167407845379
10139,31438,51,0,3,112175997779971
10140,31438,51,0,4,112184587714563
10141,31438,51,0,5,112193177649155
10142,31438,51,0,6,112201767583747
10143,31438,51,0,7,112210357518339
10144,31438,52,0,0,114349251231747
10145,31438,52,0,1,114357841166339
10146,31438,52,0,2,114366431100931
10147,31438,52,0,3,114375021035523
10148,31438,52,0,4,114383610970115
10149,31438,52,0,5,114392200904707
10150,31438,52,0,6,114400790839299
10151,31438,52,0,7,114409380773891
10152,31438,53,0,0,116548274487299
10153,31438,53,0,1,116556864421891
10154,31438,53,0,2,116565454356483
10155,31438,53,0,3,116574044291075
10156,31438,53,0,4,116582634225667
10157,31438,53,0,5,116591224160259
10158,31438,53,0,6,116599814094851
10159,31438,53,0,7,116608404029443
10160,31438,54,0,0,118747297742851
10161,31438,54,0,1,118755887677443
10162,31438,54,0,2,118764477612035
10163,31438,54,0,3,118773067546627
10164,31438,54,0,4,118781657481219
10165,31438,54,0,5,118790247415811
10166,31438,54,0,6,118798837350403
10167,31438,54,0,7,118807427284995
10168,31438,55,0,0,120946320998403
10169,31438,55,0,1,120954910932995
10170,31438,55,0,2,120963500867587
10171,31438,55,0,3,120972090802179
10172,31438,55,0,4,120980680736771
10173,31438,55,0,5,120989270671363
10174,31438,55,0,6,120997860605955
10175,31438,55,0,7,121006450540547
10176,31438,56,0,0,123145344253955
10177,31438,56,0,1,123153934188547
10178,31438,56,0,2,123162524123139
10179,31438,56,0,3,123171114057731
10180,31438,56,0,4,123179703992323
10181,31438,56,0,5,123188293926915
10182,31438,56,0,6,123196883861507
10183,31438,56,0,7,123205473796099
10184,31438,57,0,0,125344367509507
10185,31438,57,0,1,125352957444099
10186,31438,57,0,2,125361547378691
10187,31438,57,0,3,125370137313283
10188,31438,57,0,4,125378727247875
10189,31438,57,0,5,125387317182467
10190,31438,57,0,6,125395907117059
10191,31438,57,0,7,125404497051651
10192,31438,58,0,0,127543390765059
10193,31438,58,0,1,127551980699651
10194,31438,58,0,2,127560570634243
10195,31438,58,0,3,127569160568835
10196,31438,58,0,4,127577750503427
10197,31438,58,0,5,127586340438019
10198,31438,58,0,6,127594930372611
10199,31438,58,0,7,127603520307203
10200,31438,59,0,0,129742414020611
10201,31438,59,0,1,129751003955203
10202,31438,59,0,2,129759593889795
10203,31438,59,0,3,129768183824387
10204,31438,59,0,4,129776773758979
10205,31438,59,0,5,129785363693571
10206,31438,59,0,6,129793953628163
10207,31438,59,0,7,129802543562755
10208,31438,60,0,0,131941437276163
10209,31438,60,0,1,131950027210755
10210,31438,60,0,2,131958617145347
10211,31438,60,0,3,131967207079939
10212,31438,60,0,4,131975797014531
10213,31438,60,0,5,131984386949123
10214,31438,60,0,6,131992976883715
10215,31438,60,0,7,132001566818307
10216,31438,61,0,0,134140460531715
10217,31438,61,0,1,134149050466307
10218,31438,61,0,2,134157640400899
10219,31438,61,0,3,134166230335491
10220,31438,61,0,4,134174820270083
10221,31438,61,0,5,134183410204675
10222,31438,61,0,6,134192000139267
10223,31438,61,0,7,134200590073859
10224,31438,62,0,0,136339483787267
10225,31438,62,0,1,136348073721859
10226,31438,62,0,2,136356663656451
10227,31438,62,0,3,136365253591043
10228,31438,62,0,4,136373843525635
10229,31438,62,0,5,136382433460227
10230,31438,62,0,6,136391023394819
10231,31438,62,0,7,136399613329411
10232,31438,63,0,0,138538507042819
10233,31438,63,0,1,138547096977411
10234,31438,63,0,2,138555686912003
10235,31438,63,0,3,138564276846595
10236,31438,63,0,4,138572866781187
10237,31438,63,0,5,138581456715779
10238,31438,63,0,6,138590046650371
10239,31438,63,0,7,138598636584963
10240,31440,0,0,0,41943044
10241,31440,0,0,1,8631877636
10242,31440,0,0,2,17221812228
10243,31440,0,0,3,25811746820
10244,31440,0,0,4,34401681412
10245,31440,0,0,5,42991616004
10246,31440,0,0,6,51581550596
10247,31440,0,0,7,60171485188
10248,31440,1,0,0,2199065198596
10249,31440,1,0,1,2207655133188
10250,31440,1,0,2,2216245067780
10251,31440,1,0,3,2224835002372
10252,31440,1,0,4,2233424936964
10253,31440,1,0,5,2242014871556
10254,31440,1,0,6,2250604806148
10255,31440,1,0,7,2259194740740
10256,31440,2,0,0,4398088454148
10257,31440,2,0,1,4406678388740
10258,31440,2,0,2,4415268323332
10259,31440,2,0,3,4423858257924
10260,31440,2,0,4,4432448192516
10261,31440,2,0,5,4441038127108
10262,31440,2,0,6,4449628061700
10263,31440,2,0,7,4458217996292
10264,31440,3,0,0,6597111709700
10265,31440,3,0,1,6605701644292
10266,31440,3,0,2,6614291578884
10267,31440,3,0,3,6622881513476
10268,31440,3,0,4,6631471448068
10269,31440,3,0,5,6640061382660
10270,31440,3,0,6,6648651317252
10271,31440,3,0,7,6657241251844
10272,31440,4,0,0,8796134965252
10273,31440,4,0,1,8804724899844
10274,31440,4,0,2,8813314834436
10275,31440,4,0,3,8821904769028
10276,31440,4,0,4,8830494703620
10277,31440,4,0,5,8839084638212
10278,31440,4,0,6,8847674572804
10279,31440,4,0,7,8856264507396
10280,31440,5,0,0,10995158220804
10281,31440,5,0,1,11003748155396
10282,31440,5,0,2,11012338089988
10283,31440,5,0,3,11020928024580
10284,31440,5,0,4,11029517959172
10285,31440,5,0,5,11038107893764
10286,31440,5,0,6,11046697828356
10287,31440,5,0,7,11055287762948
10288,31440,6,0,0,13194181476356
10289,31440,6,0,1,13202771410948
10290,31440,6,0,2,13211361345540
10291,31440,6,0,3,13219951280132
10292,31440,6,0,4,13228541214724
10293,31440,6,0,5,13237131149316
10294,31440,6,0,6,13245721083908
10295,31440,6,0,7,13254311018500
10296,31440,7,0,0,15393204731908
10297,31440,7,0,1,15401794666500
10298,31440,7,0,2,15410384601092
10299,31440,7,0,3,15418974535684
10300,31440,7,0,4,15427564470276
10301,31440,7,0,5,15436154404868
10302,31440,7,0,6,15444744339460
10303,31440,7,0,7,15453334274052
10304,31440,8,0,0,17592227987460
10305,31440,8,0,1,17600817922052
10306,31440,8,0,2,17609407856644
10307,31440,8,0,3,17617997791236
10308,31440,8,0,4,17626587725828
10309,31440,8,0,5,17635177660420
10310,31440,8,0,6,17643767595012
10311,31440,8,0,7,17652357529604
10312,31440,9,0,0,19791251243012
10313,31440,9,0,1,19799841177604
10314,31440,9,0,2,19808431112196
10315,31440,9,0,3,19817021046788
10316,31440,9,0,4,19825610981380
10317,31440,9,0,5,19834200915972
10318,31440,9,0,6,19842790850564
10319,31440,9,0,7,19851380785156
10320,31440,10,0,0,21990274498564
10321,31440,10,0,1,21998864433156
10322,31440,10,0,2,22007454367748
10323,31440,10,0,3,22016044302340
10324,31440,10,0,4,22024634236932
10325,31440,10,0,5,22033224171524
10326,31440,10,0,6,22041814106116
10327,31440,10,0,7,22050404040708
10328,31440,11,0,0,24189297754116
10329,31440,11,0,1,24197887688708
10330,31440,11,0,2,24206477623300
10331,31440,11,0,3,24215067557892
10332,31440,11,0,4,24223657492484
10333,31440,11,0,5,24232247427076
10334,31440,11,0,6,24240837361668
10335,31440,11,0,7,24249427296260
10336,31440,12,0,0,26388321009668
10337,31440,12,0,1,26396910944260
10338,31440,12,0,2,26405500878852
10339,31440,12,0,3,26414090813444
10340,31440,12,0,4,26422680748036
10341,31440,12,0,5,26431270682628
10342,31440,12,0,6,26439860617220
10343,31440,12,0,7,26448450551812
10344,31440,13,0,0,28587344265220
10345,31440,13,0,1,28595934199812
10346,31440,13,0,2,28604524134404
10347,31440,13,0,3,28613114068996
10348,31440,13,0,4,28621704003588
10349,31440,13,0,5,28630293938180
10350,31440,13,0,6,28638883872772
10351,31440,13,0,7,28647473807364
10352,31440,14,0,0,30786367520772
10353,31440,14,0,1,30794957455364
10354,31440,14,0,2,30803547389956
10355,31440,14,0,3,30812137324548
10356,31440,14,0,4,30820727259140
10357,31440,14,0,5,30829317193732
10358,31440,14,0,6,30837907128324
10359,31440,14,0,7,30846497062916
10360,31440,15,0,0,32985390776324
10361,31440,15,0,1,32993980710916
10362,31440,15,0,2,33002570645508
10363,31440,15,0,3,33011160580100
10364,31440,15,0,4,33019750514692
10365,31440,15,0,5,33028340449284
10366,31440,15,0,6,33036930383876
10367,31440,15,0,7,33045520318468
10368,31440,16,0,0,35184414031876
10369,31440,16,0,1,35193003966468
10370,31440,16,0,2,35201593901060
10371,31440,16,0,3,35210183835652
10372,31440,16,0,4,35218773770244
10373,31440,16,0,5,35227363704836
10374,31440,16,0,6,35235953639428
10375,31440,16,0,7,35244543574020
10376,31440,17,0,0,37383437287428
10377,31440,17,0,1,37392027222020
10378,31440,17,0,2,37400617156612
10379,31440,17,0,3,37409207091204
10380,31440,17,0,4,37417797025796
10381,31440,17,0,5,37426386960388
10382,31440,17,0,6,37434976894980
10383,31440,17,0,7,37443566829572
10384,31440,18,0,0,39582460542980
10385,31440,18,0,1,39591050477572
10386,31440,18,0,2,39599640412164
10387,31440,18,0,3,39608230346756
10388,31440,18,0,4,39616820281348
10389,31440,18,0,5,39625410215940
10390,31440,18,0,6,39634000150532
10391,31440,18,0,7,39642590085124
10392,31440,19,0,0,41781483798532
10393,31440,19,0,1,41790073733124
10394,31440,19,0,2,41798663667716
10395,31440,19,0,3,41807253602308
10396,31440,19,0,4,41815843536900
10397,31440,19,0,5,41824433471492
10398,31440,19,0,6,41833023406084
10399,31440,19,0,7,41841613340676
10400,31440,20,0,0,43980507054084
10401,31440,20,0,1,43989096988676
10402,31440,20,0,2,43997686923268
10403,31440,20,0,3,44006276857860
10404,31440,20,0,4,44014866792452
10405,31440,20,0,5,44023456727044
10406,31440,20,0,6,44032046661636
10407,31440,20,0,7,44040636596228
10408,31440,21,0,0,46179530309636
10409,31440,21,0,1,46188120244228
10410,31440,21,0,2,46196710178820
10411,31440,21,0,3,46205300113412
10412,31440,21,0,4,46213890048004
10413,31440,21,0,5,46222479982596
10414,31440,21,0,6,46231069917188
10415,31440,21,0,7,46239659851780
10416,31440,22,0,0,48378553565188
10417,31440,22,0,1,48387143499780
10418,31440,22,0,2,48395733434372
10419,31440,22,0,3,48404323368964
10420,31440,22,0,4,48412913303556
10421,31440,22,0,5,48421503238148
10422,31440,22,0,6,48430093172740
10423,31440,22,0,7,48438683107332
10424,31440,23,0,0,50577576820740
10425,31440,23,0,1,50586166755332
10426,31440,23,0,2,50594756689924
10427,31440,23,0,3,50603346624516
10428,31440,23,0,4,50611936559108
10429,31440,23,0,5,50620526493700
10430,31440,23,0,6,50629116428292
10431,31440,23,0,7,50637706362884
10432,31440,24,0,0,52776600076292
10433,31440,24,0,1,52785190010884
10434,31440,24,0,2,52793779945476
10435,31440,24,0,3,52802369880068
10436,31440,24,0,4,52810959814660
10437,31440,24,0,5,52819549749252
10438,31440,24,0,6,52828139683844
10439,31440,24,0,7,52836729618436
10440,31440,25,0,0,54975623331844
10441,31440,25,0,1,54984213266436
10442,31440,25,0,2,54992803201028
10443,31440,25,0,3,55001393135620
10444,31440,25,0,4,55009983070212
10445,31440,25,0,5,55018573004804
10446,31440,25,0,6,55027162939396
10447,31440,25,0,7,55035752873988
10448,31440,26,0,0,57174646587396
10449,31440,26,0,1,57183236521988
10450,31440,26,0,2,57191826456580
10451,31440,26,0,3,57200416391172
10452,31440,26,0,4,57209006325764
10453,31440,26,0,5,57217596260356
10454,31440,26,0,6,57226186194948
10455,31440,26,0,7,57234776129540
10456,31440,27,0,0,59373669842948
10457,31440,27,0,1,59382259777540
10458,31440,27,0,2,59390849712132
10459,31440,27,0,3,59399439646724
10460,31440,27,0,4,59408029581316
10461,31440,27,0,5,59416619515908
10462,31440,27,0,6,59425209450500
10463,31440,27,0,7,59433799385092
10464,31440,28,0,0,61572693098500
10465,31440,28,0,1,61581283033092
10466,31440,28,0,2,61589872967684
10467,31440,28,0,3,61598462902276
10468,31440,28,0,4,61607052836868
10469,31440,28,0,5,61615642771460
10470,31440,28,0,6,61624232706052
10471,31440,28,0,7,61632822640644
10472,31440,29,0,0,63771716354052
10473,31440,29,0,1,63780306288644
10474,31440,29,0,2,63788896223236
10475,31440,29,0,3,63797486157828
10476,31440,29,0,4,63806076092420
10477,31440,29,0,5,63814666027012
10478,31440,29,0,6,63823255961604
10479,31440,29,0,7,63831845896196
10480,31440,30,0,0,65970739609604
10481,31440,30,0,1,65979329544196
10482,31440,30,0,2,65987919478788
10483,31440,30,0,3,65996509413380
10484,31440,30,0,4,66005099347972
10485,31440,30,0,5,66013689282564
10486,31440,30,0,6,66022279217156
10487,31440,30,0,7,66030869151748
10488,31440,31,0,0,68169762865156
10489,31440,31,0,1,68178352799748
10490,31440,31,0,2,68186942734340
10491,31440,31,0,3,68195532668932
10492,31440,31,0,4,68204122603524
10493,31440,31,0,5,68212712538116
10494,31440,31,0,6,68221302472708
10495,31440,31,0,7,68229892407300
10496,31440,32,0,0,70368786120708
10497,31440,32,0,1,70377376055300
10498,31440,32,0,2,70385965989892
10499,31440,32,0,3,70394555924484
10500,31440,32,0,4,70403145859076
10501,31440,32,0,5,70411735793668
10502,31440,32,0,6,70420325728260
10503,31440,32,0,7,70428915662852
10504,31440,33,0,0,72567809376260
10505,31440,33,0,1,72576399310852
10506,31440,33,0,2,72584989245444
10507,31440,33,0,3,72593579180036
10508,31440,33,0,4,72602169114628
10509,31440,33,0,5,72610759049220
10510,31440,33,0,6,72619348983812
10511,31440,33,0,7,72627938918404
10512,31440,34,0,0,74766832631812
10513,31440,34,0,1,74775422566404
10514,31440,34,0,2,74784012500996
10515,31440,34,0,3,74792602435588
10516,31440,34,0,4,74801192370180
10517,31440,34,0,5,74809782304772
10518,31440,34,0,6,74818372239364
10519,31440,34,0,7,74826962173956
10520,31440,35,0,0,76965855887364
10521,31440,35,0,1,76974445821956
10522,31440,35,0,2,76983035756548
10523,31440,35,0,3,76991625691140
10524,31440,35,0,4,77000215625732
10525,31440,35,0,5,77008805560324
10526,31440,35,0,6,77017395494916
10527,31440,35,0,7,77025985429508
10528,31440,36,0,0,79164879142916
10529,31440,36,0,1,79173469077508
10530,31440,36,0,2,79182059012100
10531,31440,36,0,3,79190648946692
10532,31440,36,0,4,79199238881284
10533,31440,36,0,5,79207828815876
10534,31440,36,0,6,79216418750468
10535,31440,36,0,7,79225008685060
10536,31440,37,0,0,81363902398468
10537,31440,37,0,1,81372492333060
10538,31440,37,0,2,81381082267652
10539,31440,37,0,3,81389672202244
10540,31440,37,0,4,81398262136836
10541,31440,37,0,5,81406852071428
10542,31440,37,0,6,81415442006020
10543,31440,37,0,7,81424031940612
10544,31440,38,0,0,83562925654020
10545,31440,38,0,1,83571515588612
10546,31440,38,0,2,83580105523204
10547,31440,38,0,3,83588695457796
10548,31440,38,0,4,83597285392388
10549,31440,38,0,5,83605875326980
10550,31440,38,0,6,83614465261572
10551,31440,38,0,7,83623055196164
10552,31440,39,0,0,85761948909572
10553,31440,39,0,1,85770538844164
10554,31440,39,0,2,85779128778756
10555,31440,39,0,3,85787718713348
10556,31440,39,0,4,85796308647940
10557,31440,39,0,5,85804898582532
10558,31440,39,0,6,85813488517124
10559,31440,39,0,7,85822078451716
10560,31440,40,0,0,87960972165124
10561,31440,40,0,1,87969562099716
10562,31440,40,0,2,87978152034308
10563,31440,40,0,3,87986741968900
10564,31440,40,0,4,87995331903492
10565,31440,40,0,5,88003921838084
10566,31440,40,0,6,88012511772676
10567,31440,40,0,7,88021101707268
10568,31440,41,0,0,90159995420676
10569,31440,41,0,1,90168585355268
10570,31440,41,0,2,90177175289860
10571,31440,41,0,3,90185765224452
10572,31440,41,0,4,90194355159044
10573,31440,41,0,5,90202945093636
10574,31440,41,0,6,90211535028228
10575,31440,41,0,7,90220124962820
10576,31440,42,0,0,92359018676228
10577,31440,42,0,1,92367608610820
10578,31440,42,0,2,92376198545412
10579,31440,42,0,3,92384788480004
10580,31440,42,0,4,92393378414596
10581,31440,42,0,5,92401968349188
10582,31440,42,0,6,92410558283780
10583,31440,42,0,7,92419148218372
10584,31440,43,0,0,94558041931780
10585,31440,43,0,1,94566631866372
10586,31440,43,0,2,94575221800964
10587,31440,43,0,3,94583811735556
10588,31440,43,0,4,94592401670148
10589,31440,43,0,5,94600991604740
10590,31440,43,0,6,94609581539332
10591,31440,43,0,7,94618171473924
10592,31440,44,0,0,96757065187332
10593,31440,44,0,1,96765655121924
10594,31440,44,0,2,96774245056516
10595,31440,44,0,3,96782834991108
10596,31440,44,0,4,96791424925700
10597,31440,44,0,5,96800014860292
10598,31440,44,0,6,96808604794884
10599,31440,44,0,7,96817194729476
10600,31440,45,0,0,98956088442884
10601,31440,45,0,1,98964678377476
10602,31440,45,0,2,98973268312068
10603,31440,45,0,3,98981858246660
10604,31440,45,0,4,98990448181252
10605,31440,45,0,5,98999038115844
10606,31440,45,0,6,99007628050436
10607,31440,45,0,7,99016217985028
10608,31440,46,0,0,101155111698436
10609,31440,46,0,1,101163701633028
10610,31440,46,0,2,101172291567620
10611,31440,46,0,3,101180881502212
10612,31440,46,0,4,101189471436804
10613,31440,46,0,5,101198061371396
10614,31440,46,0,6,101206651305988
10615,31440,46,0,7,101215241240580
10616,31440,47,0,0,103354134953988
10617,31440,47,0,1,103362724888580
10618,31440,47,0,2,103371314823172
10619,31440,47,0,3,103379904757764
10620,31440,47,0,4,103388494692356
10621,31440,47,0,5,103397084626948
10622,31440,47,0,6,103405674561540
10623,31440,47,0,7,103414264496132
10624,31440,48,0,0,105553158209540
10625,31440,48,0,1,105561748144132
10626,31440,48,0,2,105570338078724
10627,31440,48,0,3,105578928013316
10628,31440,48,0,4,105587517947908
10629,31440,48,0,5,105596107882500
10630,31440,48,0,6,105604697817092
10631,31440,48,0,7,105613287751684
10632,31440,49,0,0,107752181465092
10633,31440,49,0,1,107760771399684
10634,31440,49,0,2,107769361334276
10635,31440,49,0,3,107777951268868
10636,31440,49,0,4,107786541203460
10637,31440,49,0,5,107795131138052
10638,31440,49,0,6,107803721072644
10639,31440,49,0,7,107812311007236
10640,31440,50,0,0,109951204720644
10641,31440,50,0,1,109959794655236
10642,31440,50,0,2,109968384589828
10643,31440,50,0,3,109976974524420
10644,31440,50,0,4,109985564459012
10645,31440,50,0,5,109994154393604
10646,31440,50,0,6,110002744328196
10647,31440,50,0,7,110011334262788
10648,31440,51,0,0,112150227976196
10649,31440,51,0,1,112158817910788
10650,31440,51,0,2,112167407845380
10651,31440,51,0,3,112175997779972
10652,31440,51,0,4,112184587714564
10653,31440,51,0,5,112193177649156
10654,31440,51,0,6,112201767583748
10655,31440,51,0,7,112210357518340
10656,31440,52,0,0,114349251231748
10657,31440,52,0,1,114357841166340
10658,31440,52,0,2,114366431100932
10659,31440,52,0,3,114375021035524
10660,31440,52,0,4,114383610970116
10661,31440,52,0,5,114392200904708
10662,31440,52,0,6,114400790839300
10663,31440,52,0,7,114409380773892
10664,31440,53,0,0,116548274487300
10665,31440,53,0,1,116556864421892
10666,31440,53,0,2,116565454356484
10667,31440,53,0,3,116574044291076
10668,31440,53,0,4,116582634225668
10669,31440,53,0,5,116591224160260
10670,31440,53,0,6,116599814094852
10671,31440,53,0,7,116608404029444
10672,31440,54,0,0,118747297742852
10673,31440,54,0,1,118755887677444
10674,31440,54,0,2,118764477612036
10675,31440,54,0,3,118773067546628
10676,31440,54,0,4,118781657481220
10677,31440,54,0,5,118790247415812
10678,31440,54,0,6,118798837350404
10679,31440,54,0,7,118807427284996
10680,31440,55,0,0,120946320998404
10681,31440,55,0,1,120954910932996
10682,31440,55,0,2,120963500867588
10683,31440,55,0,3,120972090802180
10684,31440,55,0,4,120980680736772
10685,31440,55,0,5,120989270671364
10686,31440,55,0,6,120997860605956
10687,31440,55,0,7,121006450540548
10688,31440,56,0,0,123145344253956
10689,31440,56,0,1,123153934188548
10690,31440,56,0,2,123162524123140
10691,31440,56,0,3,123171114057732
10692,31440,56,0,4,123179703992324
10693,31440,56,0,5,123188293926916
10694,31440,56,0,6,123196883861508
10695,31440,56,0,7,123205473796100
10696,31440,57,0,0,125344367509508
10697,31440,57,0,1,125352957444100
10698,31440,57,0,2,125361547378692
10699,31440,57,0,3,125370137313284
10700,31440,57,0,4,125378727247876
10701,31440,57,0,5,125387317182468
10702,31440,57,0,6,125395907117060
10703,31440,57,0,7,125404497051652
10704,31440,58,0,0,127543390765060
10705,31440,58,0,1,127551980699652
10706,31440,58,0,2,127560570634244
10707,31440,58,0,3,127569160568836
10708,31440,58,0,4,127577750503428
10709,31440,58,0,5,127586340438020
10710,31440,58,0,6,127594930372612
10711,31440,58,0,7,127603520307204
10712,31440,59,0,0,129742414020612
10713,31440,59,0,1,129751003955204
10714,31440,59,0,2,129759593889796
10715,31440,59,0,3,129768183824388
10716,31440,59,0,4,129776773758980
10717,31440,59,0,5,129785363693572
10718,31440,59,0,6,129793953628164
10719,31440,59,0,7,129802543562756
10720,31440,60,0,0,131941437276164
10721,31440,60,0,1,131950027210756
10722,31440,60,0,2,131958617145348
10723,31440,60,0,3,131967207079940
10724,31440,60,0,4,131975797014532
10725,31440,60,0,5,131984386949124
10726,31440,60,0,6,131992976883716
10727,31440,60,0,7,132001566818308
10728,31440,61,0,0,134140460531716
10729,31440,61,0,1,134149050466308
10730,31440,61,0,2,134157640400900
10731,31440,61,0,3,134166230335492
10732,31440,61,0,4,134174820270084
10733,31440,61,0,5,134183410204676
10734,31440,61,0,6,134192000139268
10735,31440,61,0,7,134200590073860
10736,31440,62,0,0,136339483787268
10737,31440,62,0,1,136348073721860
10738,31440,62,0,2,136356663656452
10739,31440,62,0,3,136365253591044
10740,31440,62,0,4,136373843525636
10741,31440,62,0,5,136382433460228
10742,31440,62,0,6,136391023394820
10743,31440,62,0,7,136399613329412
10744,31440,63,0,0,138538507042820
10745,31440,63,0,1,138547096977412
10746,31440,63,0,2,138555686912004
10747,31440,63,0,3,138564276846596
10748,31440,63,0,4,138572866781188
10749,31440,63,0,5,138581456715780
10750,31440,63,0,6,138590046650372
10751,31440,63,0,7,138598636584964
10752,31442,0,0,0,41943045
10753,31442,0,0,1,8631877637
10754,31442,0,0,2,17221812229
10755,31442,0,0,3,25811746821
10756,31442,0,0,4,34401681413
10757,31442,0,0,5,42991616005
10758,31442,0,0,6,51581550597
10759,31442,0,0,7,60171485189
10760,31442,1,0,0,2199065198597
10761,31442,1,0,1,2207655133189
10762,31442,1,0,2,2216245067781
10763,31442,1,0,3,2224835002373
10764,31442,1,0,4,2233424936965
10765,31442,1,0,5,2242014871557
10766,31442,1,0,6,2250604806149
10767,31442,1,0,7,2259194740741
10768,31442,2,0,0,4398088454149
10769,31442,2,0,1,4406678388741
10770,31442,2,0,2,4415268323333
10771,31442,2,0,3,4423858257925
10772,31442,2,0,4,4432448192517
10773,31442,2,0,5,4441038127109
10774,31442,2,0,6,4449628061701
10775,31442,2,0,7,4458217996293
10776,31442,3,0,0,6597111709701
10777,31442,3,0,1,6605701644293
10778,31442,3,0,2,6614291578885
10779,31442,3,0,3,6622881513477
10780,31442,3,0,4,6631471448069
10781,31442,3,0,5,6640061382661
10782,31442,3,0,6,6648651317253
10783,31442,3,0,7,6657241251845
10784,31442,4,0,0,8796134965253
10785,31442,4,0,1,8804724899845
10786,31442,4,0,2,8813314834437
10787,31442,4,0,3,8821904769029
10788,31442,4,0,4,8830494703621
10789,31442,4,0,5,8839084638213
10790,31442,4,0,6,8847674572805
10791,31442,4,0,7,8856264507397
10792,31442,5,0,0,10995158220805
10793,31442,5,0,1,11003748155397
10794,31442,5,0,2,11012338089989
10795,31442,5,0,3,11020928024581
10796,31442,5,0,4,11029517959173
10797,31442,5,0,5,11038107893765
10798,31442,5,0,6,11046697828357
10799,31442,5,0,7,11055287762949
10800,31442,6,0,0,13194181476357
10801,31442,6,0,1,13202771410949
10802,31442,6,0,2,13211361345541
10803,31442,6,0,3,13219951280133
10804,31442,6,0,4,13228541214725
10805,31442,6,0,5,13237131149317
10806,31442,6,0,6,13245721083909
10807,31442,6,0,7,13254311018501
10808,31442,7,0,0,15393204731909
10809,31442,7,0,1,15401794666501
10810,31442,7,0,2,15410384601093
10811,31442,7,0,3,15418974535685
10812,31442,7,0,4,15427564470277
10813,31442,7,0,5,15436154404869
10814,31442,7,0,6,15444744339461
10815,31442,7,0,7,15453334274053
10816,31442,8,0,0,17592227987461
10817,31442,8,0,1,17600817922053
10818,31442,8,0,2,17609407856645
10819,31442,8,0,3,17617997791237
10820,31442,8,0,4,17626587725829
10821,31442,8,0,5,17635177660421
10822,31442,8,0,6,17643767595013
10823,31442,8,0,7,17652357529605
10824,31442,9,0,0,19791251243013
10825,31442,9,0,1,19799841177605
10826,31442,9,0,2,19808431112197
10827,31442,9,0,3,19817021046789
10828,31442,9,0,4,19825610981381
10829,31442,9,0,5,19834200915973
10830,31442,9,0,6,19842790850565
10831,31442,9,0,7,19851380785157
10832,31442,10,0,0,21990274498565
10833,31442,10,0,1,21998864433157
10834,31442,10,0,2,22007454367749
10835,31442,10,0,3,22016044302341
10836,31442,10,0,4,22024634236933
10837,31442,10,0,5,22033224171525
10838,31442,10,0,6,22041814106117
10839,31442,10,0,7,22050404040709
10840,31442,11,0,0,24189297754117
10841,31442,11,0,1,24197887688709
10842,31442,11,0,2,24206477623301
10843,31442,11,0,3,24215067557893
10844,31442,11,0,4,24223657492485
10845,31442,11,0,5,24232247427077
10846,31442,11,0,6,24240837361669
10847,31442,11,0,7,24249427296261
10848,31442,12,0,0,26388321009669
10849,31442,12,0,1,26396910944261
10850,31442,12,0,2,26405500878853
10851,31442,12,0,3,26414090813445
10852,31442,12,0,4,26422680748037
10853,31442,12,0,5,26431270682629
10854,31442,12,0,6,26439860617221
10855,31442,12,0,7,26448450551813
10856,31442,13,0,0,28587344265221
10857,31442,13,0,1,28595934199813
10858,31442,13,0,2,28604524134405
10859,31442,13,0,3,28613114068997
10860,31442,13,0,4,28621704003589
10861,31442,13,0,5,28630293938181
10862,31442,13,0,6,28638883872773
10863,31442,13,0,7,28647473807365
10864,31442,14,0,0,30786367520773
10865,31442,14,0,1,30794957455365
10866,31442,14,0,2,30803547389957
10867,31442,14,0,3,30812137324549
10868,31442,14,0,4,30820727259141
10869,31442,14,0,5,30829317193733
10870,31442,14,0,6,30837907128325
10871,31442,14,0,7,30846497062917
10872,31442,15,0,0,32985390776325
10873,31442,15,0,1,32993980710917
10874,31442,15,0,2,33002570645509
10875,31442,15,0,3,33011160580101
10876,31442,15,0,4,33019750514693
10877,31442,15,0,5,33028340449285
10878,31442,15,0,6,33036930383877
10879,31442,15,0,7,33045520318469
10880,31442,16,0,0,35184414031877
10881,31442,16,0,1,35193003966469
10882,31442,16,0,2,35201593901061
10883,31442,16,0,3,35210183835653
10884,31442,16,0,4,35218773770245
10885,31442,16,0,5,35227363704837
10886,31442,16,0,6,35235953639429
10887,31442,16,0,7,35244543574021
10888,31442,17,0,0,37383437287429
10889,31442,17,0,1,37392027222021
10890,31442,17,0,2,37400617156613
10891,31442,17,0,3,37409207091205
10892,31442,17,0,4,37417797025797
10893,31442,17,0,5,37426386960389
10894,31442,17,0,6,37434976894981
10895,31442,17,0,7,37443566829573
10896,31442,18,0,0,39582460542981
10897,31442,18,0,1,39591050477573
10898,31442,18,0,2,39599640412165
10899,31442,18,0,3,39608230346757
10900,31442,18,0,4,39616820281349
10901,31442,18,0,5,39625410215941
10902,31442,18,0,6,39634000150533
10903,31442,18,0,7,39642590085125
10904,31442,19,0,0,41781483798533
10905,31442,19,0,1,41790073733125
10906,31442,19,0,2,41798663667717
10907,31442,19,0,3,41807253602309
10908,31442,19,0,4,41815843536901
10909,31442,19,0,5,41824433471493
10910,31442,19,0,6,41833023406085
10911,31442,19,0,7,41841613340677
10912,31442,20,0,0,43980507054085
10913,31442,20,0,1,43989096988677
10914,31442,20,0,2,43997686923269
10915,31442,20,0,3,44006276857861
10916,31442,20,0,4,44014866792453
10917,31442,20,0,5,44023456727045
10918,31442,20,0,6,44032046661637
10919,31442,20,0,7,44040636596229
10920,31442,21,0,0,46179530309637
10921,31442,21,0,1,46188120244229
10922,31442,21,0,2,46196710178821
10923,31442,21,0,3,46205300113413
10924,31442,21,0,4,46213890048005
10925,31442,21,0,5,46222479982597
10926,31442,21,0,6,46231069917189
10927,31442,21,0,7,46239659851781
10928,31442,22,0,0,48378553565189
10929,31442,22,0,1,48387143499781
10930,31442,22,0,2,48395733434373
10931,31442,22,0,3,48404323368965
10932,31442,22,0,4,48412913303557
10933,31442,22,0,5,48421503238149
10934,31442,22,0,6,48430093172741
10935,31442,22,0,7,48438683107333
10936,31442,23,0,0,50577576820741
10937,31442,23,0,1,50586166755333
10938,31442,23,0,2,50594756689925
10939,31442,23,0,3,50603346624517
10940,31442,23,0,4,50611936559109
10941,31442,23,0,5,50620526493701
10942,31442,23,0,6,50629116428293
10943,31442,23,0,7,50637706362885
10944,31442,24,0,0,52776600076293
10945,31442,24,0,1,52785190010885
10946,31442,24,0,2,52793779945477
10947,31442,24,0,3,52802369880069
10948,31442,24,0,4,52810959814661
10949,31442,24,0,5,52819549749253
10950,31442,24,0,6,52828139683845
10951,31442,24,0,7,52836729618437
10952,31442,25,0,0,54975623331845
10953,31442,25,0,1,54984213266437
10954,31442,25,0,2,54992803201029
10955,31442,25,0,3,55001393135621
10956,31442,25,0,4,55009983070213
10957,31442,25,0,5,55018573004805
10958,31442,25,0,6,55027162939397
10959,31442,25,0,7,55035752873989
10960,31442,26,0,0,57174646587397
10961,31442,26,0,1,57183236521989
10962,31442,26,0,2,57191826456581
10963,31442,26,0,3,57200416391173
10964,31442,26,0,4,57209006325765
10965,31442,26,0,5,57217596260357
10966,31442,26,0,6,57226186194949
10967,31442,26,0,7,57234776129541
10968,31442,27,0,0,59373669842949
10969,31442,27,0,1,59382259777541
10970,31442,27,0,2,59390849712133
10971,31442,27,0,3,59399439646725
10972,31442,27,0,4,59408029581317
10973,31442,27,0,5,59416619515909
10974,31442,27,0,6,59425209450501
10975,31442,27,0,7,59433799385093
10976,31442,28,0,0,61572693098501
10977,31442,28,0,1,61581283033093
10978,31442,28,0,2,61589872967685
10979,31442,28,0,3,61598462902277
10980,31442,28,0,4,61607052836869
10981,31442,28,0,5,61615642771461
10982,31442,28,0,6,61624232706053
10983,31442,28,0,7,61632822640645
10984,31442,29,0,0,63771716354053
10985,31442,29,0,1,63780306288645
10986,31442,29,0,2,63788896223237
10987,31442,29,0,3,63797486157829
10988,31442,29,0,4,63806076092421
10989,31442,29,0,5,63814666027013
10990,31442,29,0,6,63823255961605
10991,31442,29,0,7,63831845896197
10992,31442,30,0,0,65970739609605
10993,31442,30,0,1,65979329544197
10994,31442,30,0,2,65987919478789
10995,31442,30,0,3,65996509413381
10996,31442,30,0,4,66005099347973
10997,31442,30,0,5,66013689282565
10998,31442,30,0,6,66022279217157
10999,31442,30,0,7,66030869151749
11000,31442,31,0,0,68169762865157
11001,31442,31,0,1,68178352799749
11002,31442,31,0,2,68186942734341
11003,31442,31,0,3,68195532668933
11004,31442,31,0,4,68204122603525
11005,31442,31,0,5,68212712538117
11006,31442,31,0,6,68221302472709
11007,31442,31,0,7,68229892407301
11008,31442,32,0,0,70368786120709
11009,31442,32,0,1,70377376055301
11010,31442,32,0,2,70385965989893
11011,31442,32,0,3,70394555924485
11012,31442,32,0,4,70403145859077
11013,31442,32,0,5,70411735793669
11014,31442,32,0,6,70420325728261
11015,31442,32,0,7,70428915662853
11016,31442,33,0,0,72567809376261
11017,31442,33,0,1,72576399310853
11018,31442,33,0,2,72584989245445
11019,31442,33,0,3,72593579180037
11020,31442,33,0,4,72602169114629
11021,31442,33,0,5,72610759049221
11022,31442,33,0,6,72619348983813
11023,31442,33,0,7,72627938918405
11024,31442,34,0,0,74766832631813
11025,31442,34,0,1,74775422566405
11026,31442,34,0,2,74784012500997
11027,31442,34,0,3,74792602435589
11028,31442,34,0,4,74801192370181
11029,31442,34,0,5,74809782304773
11030,31442,34,0,6,74818372239365
11031,31442,34,0,7,74826962173957
11032,31442,35,0,0,76965855887365
11033,31442,35,0,1,76974445821957
11034,31442,35,0,2,76983035756549
11035,31442,35,0,3,76991625691141
11036,31442,35,0,4,77000215625733
11037,31442,35,0,5,77008805560325
11038,31442,35,0,6,77017395494917
11039,31442,35,0,7,77025985429509
11040,31442,36,0,0,79164879142917
11041,31442,36,0,1,79173469077509
11042,31442,36,0,2,79182059012101
11043,31442,36,0,3,79190648946693
11044,31442,36,0,4,79199238881285
11045,31442,36,0,5,79207828815877
11046,31442,36,0,6,79216418750469
11047,31442,36,0,7,79225008685061
11048,31442,37,0,0,81363902398469
11049,31442,37,0,1,81372492333061
11050,31442,37,0,2,81381082267653
11051,31442,37,0,3,81389672202245
11052,31442,37,0,4,81398262136837
11053,31442,37,0,5,81406852071429
11054,31442,37,0,6,81415442006021
11055,31442,37,0,7,81424031940613
11056,31442,38,0,0,83562925654021
11057,31442,38,0,1,83571515588613
11058,31442,38,0,2,83580105523205
11059,31442,38,0,3,83588695457797
11060,31442,38,0,4,83597285392389
11061,31442,38,0,5,83605875326981
11062,31442,38,0,6,83614465261573
11063,31442,38,0,7,83623055196165
11064,31442,39,0,0,85761948909573
11065,31442,39,0,1,85770538844165
11066,31442,39,0,2,85779128778757
11067,31442,39,0,3,85787718713349
11068,31442,39,0,4,85796308647941
11069,31442,39,0,5,85804898582533
11070,31442,39,0,6,85813488517125
11071,31442,39,0,7,85822078451717
11072,31442,40,0,0,87960972165125
11073,31442,40,0,1,87969562099717
11074,31442,40,0,2,87978152034309
11075,31442,40,0,3,87986741968901
11076,31442,40,0,4,87995331903493
11077,31442,40,0,5,88003921838085
11078,31442,40,0,6,88012511772677
11079,31442,40,0,7,88021101707269
11080,31442,41,0,0,90159995420677
11081,31442,41,0,1,90168585355269
11082,31442,41,0,2,90177175289861
11083,31442,41,0,3,90185765224453
11084,31442,41,0,4,90194355159045
11085,31442,41,0,5,90202945093637
11086,31442,41,0,6,90211535028229
11087,31442,41,0,7,90220124962821
11088,31442,42,0,0,92359018676229
11089,31442,42,0,1,92367608610821
11090,31442,42,0,2,92376198545413
11091,31442,42,0,3,92384788480005
11092,31442,42,0,4,92393378414597
11093,31442,42,0,5,92401968349189
11094,31442,42,0,6,92410558283781
11095,31442,42,0,7,92419148218373
11096,31442,43,0,0,94558041931781
11097,31442,43,0,1,94566631866373
11098,31442,43,0,2,94575221800965
11099,31442,43,0,3,94583811735557
11100,31442,43,0,4,94592401670149
11101,31442,43,0,5,94600991604741
11102,31442,43,0,6,94609581539333
11103,31442,43,0,7,94618171473925
11104,31442,44,0,0,96757065187333
11105,31442,44,0,1,96765655121925
11106,31442,44,0,2,96774245056517
11107,31442,44,0,3,96782834991109
11108,31442,44,0,4,96791424925701
11109,31442,44,0,5,96800014860293
11110,31442,44,0,6,96808604794885
11111,31442,44,0,7,96817194729477
11112,31442,45,0,0,98956088442885
11113,31442,45,0,1,98964678377477
11114,31442,45,0,2,98973268312069
11115,31442,45,0,3,98981858246661
11116,31442,45,0,4,98990448181253
11117,31442,45,0,5,98999038115845
11118,31442,45,0,6,99007628050437
11119,31442,45,0,7,99016217985029
11120,31442,46,0,0,101155111698437
11121,31442,46,0,1,101163701633029
11122,31442,46,0,2,101172291567621
11123,31442,46,0,3,101180881502213
11124,31442,46,0,4,101189471436805
11125,31442,46,0,5,101198061371397
11126,31442,46,0,6,101206651305989
11127,31442,46,0,7,101215241240581
11128,31442,47,0,0,103354134953989
11129,31442,47,0,1,103362724888581
11130,31442,47,0,2,103371314823173
11131,31442,47,0,3,103379904757765
11132,31442,47,0,4,103388494692357
11133,31442,47,0,5,103397084626949
11134,31442,47,0,6,103405674561541
11135,31442,47,0,7,103414264496133
11136,31442,48,0,0,105553158209541
11137,31442,48,0,1,105561748144133
11138,31442,48,0,2,105570338078725
11139,31442,48,0,3,105578928013317
11140,31442,48,0,4,105587517947909
11141,31442,48,0,5,105596107882501
11142,31442,48,0,6,105604697817093
11143,31442,48,0,7,105613287751685
11144,31442,49,0,0,107752181465093
11145,31442,49,0,1,107760771399685
11146,31442,49,0,2,107769361334277
11147,31442,49,0,3,107777951268869
11148,31442,49,0,4,107786541203461
11149,31442,49,0,5,107795131138053
11150,31442,49,0,6,107803721072645
11151,31442,49,0,7,107812311007237
11152,31442,50,0,0,109951204720645
11153,31442,50,0,1,109959794655237
11154,31442,50,0,2,109968384589829
11155,31442,50,0,3,109976974524421
11156,31442,50,0,4,109985564459013
11157,31442,50,0,5,109994154393605
11158,31442,50,0,6,110002744328197
11159,31442,50,0,7,110011334262789
11160,31442,51,0,0,112150227976197
11161,31442,51,0,1,112158817910789
11162,31442,51,0,2,112167407845381
11163,31442,51,0,3,112175997779973
11164,31442,51,0,4,112184587714565
11165,31442,51,0,5,112193177649157
11166,31442,51,0,6,112201767583749
11167,31442,51,0,7,112210357518341
11168,31442,52,0,0,114349251231749
11169,31442,52,0,1,114357841166341
11170,31442,52,0,2,114366431100933
11171,31442,52,0,3,114375021035525
11172,31442,52,0,4,114383610970117
11173,31442,52,0,5,114392200904709
11174,31442,52,0,6,114400790839301
11175,31442,52,0,7,114409380773893
11176,31442,53,0,0,116548274487301
11177,31442,53,0,1,116556864421893
11178,31442,53,0,2,116565454356485
11179,31442,53,0,3,116574044291077
11180,31442,53,0,4,116582634225669
11181,31442,53,0,5,116591224160261
11182,31442,53,0,6,116599814094853
11183,31442,53,0,7,116608404029445
11184,31442,54,0,0,118747297742853
11185,31442,54,0,1,118755887677445
11186,31442,54,0,2,118764477612037
11187,31442,54,0,3,118773067546629
11188,31442,54,0,4,118781657481221
11189,31442,54,0,5,118790247415813
11190,31442,54,0,6,118798837350405
11191,31442,54,0,7,118807427284997
11192,31442,55,0,0,120946320998405
11193,31442,55,0,1,120954910932997
11194,31442,55,0,2,120963500867589
11195,31442,55,0,3,120972090802181
11196,31442,55,0,4,120980680736773
11197,31442,55,0,5,120989270671365
11198,31442,55,0,6,120997860605957
11199,31442,55,0,7,121006450540549
11200,31442,56,0,0,123145344253957
11201,31442,56,0,1,123153934188549
11202,31442,56,0,2,123162524123141
11203,31442,56,0,3,123171114057733
11204,31442,56,0,4,123179703992325
11205,31442,56,0,5,123188293926917
11206,31442,56,0,6,123196883861509
11207,31442,56,0,7,123205473796101
11208,31442,57,0,0,125344367509509
11209,31442,57,0,1,125352957444101
11210,31442,57,0,2,125361547378693
11211,31442,57,0,3,125370137313285
11212,31442,57,0,4,125378727247877
11213,31442,57,0,5,125387317182469
11214,31442,57,0,6,125395907117061
11215,31442,57,0,7,125404497051653
11216,31442,58,0,0,127543390765061
11217,31442,58,0,1,127551980699653
11218,31442,58,0,2,127560570634245
11219,31442,58,0,3,127569160568837
11220,31442,58,0,4,127577750503429
11221,31442,58,0,5,127586340438021
11222,31442,58,0,6,127594930372613
11223,31442,58,0,7,127603520307205
11224,31442,59,0,0,129742414020613
11225,31442,59,0,1,129751003955205
11226,31442,59,0,2,129759593889797
11227,31442,59,0,3,129768183824389
11228,31442,59,0,4,129776773758981
11229,31442,59,0,5,129785363693573
11230,31442,59,0,6,129793953628165
11231,31442,59,0,7,129802543562757
11232,31442,60,0,0,131941437276165
11233,31442,60,0,1,131950027210757
11234,31442,60,0,2,131958617145349
11235,31442,60,0,3,131967207079941
11236,31442,60,0,4,131975797014533
11237,31442,60,0,5,131984386949125
11238,31442,60,0,6,131992976883717
11239,31442,60,0,7,132001566818309
11240,31442,61,0,0,134140460531717
11241,31442,61,0,1,134149050466309
11242,31442,61,0,2,134157640400901
11243,31442,61,0,3,134166230335493
11244,31442,61,0,4,134174820270085
11245,31442,61,0,5,134183410204677
11246,31442,61,0,6,134192000139269
11247,31442,61,0,7,134200590073861
11248,31442,62,0,0,136339483787269
11249,31442,62,0,1,136348073721861
11250,31442,62,0,2,136356663656453
11251,31442,62,0,3,136365253591045
11252,31442,62,0,4,136373843525637
11253,31442,62,0,5,136382433460229
11254,31442,62,0,6,136391023394821
11255,31442,62,0,7,136399613329413
11256,31442,63,0,0,138538507042821
11257,31442,63,0,1,138547096977413
11258,31442,63,0,2,138555686912005
11259,31442,63,0,3,138564276846597
11260,31442,63,0,4,138572866781189
11261,31442,63,0,5,138581456715781
11262,31442,63,0,6,138590046650373
11263,31442,63,0,7,138598636584965
11264,31444,0,0,0,41943046
11265,31444,0,0,1,8631877638
11266,31444,0,0,2,17221812230
11267,31444,0,0,3,25811746822
11268,31444,0,0,4,34401681414
11269,31444,0,0,5,42991616006
11270,31444,0,0,6,51581550598
11271,31444,0,0,7,60171485190
11272,31444,1,0,0,2199065198598
11273,31444,1,0,1,2207655133190
11274,31444,1,0,2,2216245067782
11275,31444,1,0,3,2224835002374
11276,31444,1,0,4,2233424936966
11277,31444,1,0,5,2242014871558
11278,31444,1,0,6,2250604806150
11279,31444,1,0,7,2259194740742
11280,31444,2,0,0,4398088454150
11281,31444,2,0,1,4406678388742
11282,31444,2,0,2,4415268323334
11283,31444,2,0,3,4423858257926
11284,31444,2,0,4,4432448192518
11285,31444,2,0,5,4441038127110
11286,31444,2,0,6,4449628061702
11287,31444,2,0,7,4458217996294
11288,31444,3,0,0,6597111709702
11289,31444,3,0,1,6605701644294
11290,31444,3,0,2,6614291578886
11291,31444,3,0,3,6622881513478
11292,31444,3,0,4,6631471448070
11293,31444,3,0,5,6640061382662
11294,31444,3,0,6,6648651317254
11295,31444,3,0,7,6657241251846
11296,31444,4,0,0,8796134965254
11297,31444,4,0,1,8804724899846
11298,31444,4,0,2,8813314834438
11299,31444,4,0,3,8821904769030
11300,31444,4,0,4,8830494703622
11301,31444,4,0,5,8839084638214
11302,31444,4,0,6,8847674572806
11303,31444,4,0,7,8856264507398
11304,31444,5,0,0,10995158220806
11305,31444,5,0,1,11003748155398
11306,31444,5,0,2,11012338089990
11307,31444,5,0,3,11020928024582
11308,31444,5,0,4,11029517959174
11309,31444,5,0,5,11038107893766
11310,31444,5,0,6,11046697828358
11311,31444,5,0,7,11055287762950
11312,31444,6,0,0,13194181476358
11313,31444,6,0,1,13202771410950
11314,31444,6,0,2,13211361345542
11315,31444,6,0,3,13219951280134
11316,31444,6,0,4,13228541214726
11317,31444,6,0,5,13237131149318
11318,31444,6,0,6,13245721083910
11319,31444,6,0,7,13254311018502
11320,31444,7,0,0,15393204731910
11321,31444,7,0,1,15401794666502
11322,31444,7,0,2,15410384601094
11323,31444,7,0,3,15418974535686
11324,31444,7,0,4,15427564470278
11325,31444,7,0,5,15436154404870
11326,31444,7,0,6,15444744339462
11327,31444,7,0,7,15453334274054
11328,31444,8,0,0,17592227987462
11329,31444,8,0,1,17600817922054
11330,31444,8,0,2,17609407856646
11331,31444,8,0,3,17617997791238
11332,31444,8,0,4,17626587725830
11333,31444,8,0,5,17635177660422
11334,31444,8,0,6,17643767595014
11335,31444,8,0,7,17652357529606
11336,31444,9,0,0,19791251243014
11337,31444,9,0,1,19799841177606
11338,31444,9,0,2,19808431112198
11339,31444,9,0,3,19817021046790
11340,31444,9,0,4,19825610981382
11341,31444,9,0,5,19834200915974
11342,31444,9,0,6,19842790850566
11343,31444,9,0,7,19851380785158
11344,31444,10,0,0,21990274498566
11345,31444,10,0,1,21998864433158
11346,31444,10,0,2,22007454367750
11347,31444,10,0,3,22016044302342
11348,31444,10,0,4,22024634236934
11349,31444,10,0,5,22033224171526
11350,31444,10,0,6,22041814106118
11351,31444,10,0,7,22050404040710
11352,31444,11,0,0,24189297754118
11353,31444,11,0,1,24197887688710
11354,31444,11,0,2,24206477623302
11355,31444,11,0,3,24215067557894
11356,31444,11,0,4,24223657492486
11357,31444,11,0,5,24232247427078
11358,31444,11,0,6,24240837361670
11359,31444,11,0,7,24249427296262
11360,31444,12,0,0,26388321009670
11361,31444,12,0,1,26396910944262
11362,31444,12,0,2,26405500878854
11363,31444,12,0,3,26414090813446
11364,31444,12,0,4,26422680748038
11365,31444,12,0,5,26431270682630
11366,31444,12,0,6,26439860617222
11367,31444,12,0,7,26448450551814
11368,31444,13,0,0,28587344265222
11369,31444,13,0,1,28595934199814
11370,31444,13,0,2,28604524134406
11371,31444,13,0,3,28613114068998
11372,31444,13,0,4,28621704003590
11373,31444,13,0,5,28630293938182
11374,31444,13,0,6,28638883872774
11375,31444,13,0,7,28647473807366
11376,31444,14,0,0,30786367520774
11377,31444,14,0,1,30794957455366
11378,31444,14,0,2,30803547389958
11379,31444,14,0,3,30812137324550
11380,31444,14,0,4,30820727259142
11381,31444,14,0,5,30829317193734
11382,31444,14,0,6,30837907128326
11383,31444,14,0,7,30846497062918
11384,31444,15,0,0,32985390776326
11385,31444,15,0,1,32993980710918
11386,31444,15,0,2,33002570645510
11387,31444,15,0,3,33011160580102
11388,31444,15,0,4,33019750514694
11389,31444,15,0,5,33028340449286
11390,31444,15,0,6,33036930383878
11391,31444,15,0,7,33045520318470
11392,31444,16,0,0,35184414031878
11393,31444,16,0,1,35193003966470
11394,31444,16,0,2,35201593901062
11395,31444,16,0,3,35210183835654
11396,31444,16,0,4,35218773770246
11397,31444,16,0,5,35227363704838
11398,31444,16,0,6,35235953639430
11399,31444,16,0,7,35244543574022
11400,31444,17,0,0,37383437287430
11401,31444,17,0,1,37392027222022
11402,31444,17,0,2,37400617156614
11403,31444,17,0,3,37409207091206
11404,31444,17,0,4,37417797025798
11405,31444,17,0,5,37426386960390
11406,31444,17,0,6,37434976894982
11407,31444,17,0,7,37443566829574
11408,31444,18,0,0,39582460542982
11409,31444,18,0,1,39591050477574
11410,31444,18,0,2,39599640412166
11411,31444,18,0,3,39608230346758
11412,31444,18,0,4,39616820281350
11413,31444,18,0,5,39625410215942
11414,31444,18,0,6,39634000150534
11415,31444,18,0,7,39642590085126
11416,31444,19,0,0,41781483798534
11417,31444,19,0,1,41790073733126
11418,31444,19,0,2,41798663667718
11419,31444,19,0,3,41807253602310
11420,31444,19,0,4,41815843536902
11421,31444,19,0,5,41824433471494
11422,31444,19,0,6,41833023406086
11423,31444,19,0,7,41841613340678
11424,31444,20,0,0,43980507054086
11425,31444,20,0,1,43989096988678
11426,31444,20,0,2,43997686923270
11427,31444,20,0,3,44006276857862
11428,31444,20,0,4,44014866792454
11429,31444,20,0,5,44023456727046
11430,31444,20,0,6,44032046661638
11431,31444,20,0,7,44040636596230
11432,31444,21,0,0,46179530309638
11433,31444,21,0,1,46188120244230
11434,31444,21,0,2,46196710178822
11435,31444,21,0,3,46205300113414
11436,31444,21,0,4,46213890048006
11437,31444,21,0,5,46222479982598
11438,31444,21,0,6,46231069917190
11439,31444,21,0,7,46239659851782
11440,31444,22,0,0,48378553565190
11441,31444,22,0,1,48387143499782
11442,31444,22,0,2,48395733434374
11443,31444,22,0,3,48404323368966
11444,31444,22,0,4,48412913303558
11445,31444,22,0,5,48421503238150
11446,31444,22,0,6,48430093172742
11447,31444,22,0,7,48438683107334
11448,31444,23,0,0,50577576820742
11449,31444,23,0,1,50586166755334
11450,31444,23,0,2,50594756689926
11451,31444,23,0,3,50603346624518
11452,31444,23,0,4,50611936559110
11453,31444,23,0,5,50620526493702
11454,31444,23,0,6,50629116428294
11455,31444,23,0,7,50637706362886
11456,31444,24,0,0,52776600076294
11457,31444,24,0,1,52785190010886
11458,31444,24,0,2,52793779945478
11459,31444,24,0,3,52802369880070
11460,31444,24,0,4,52810959814662
11461,31444,24,0,5,52819549749254
11462,31444,24,0,6,52828139683846
11463,31444,24,0,7,52836729618438
11464,31444,25,0,0,54975623331846
11465,31444,25,0,1,54984213266438
11466,31444,25,0,2,54992803201030
11467,31444,25,0,3,55001393135622
11468,31444,25,0,4,55009983070214
11469,31444,25,0,5,55018573004806
11470,31444,25,0,6,55027162939398
11471,31444,25,0,7,55035752873990
11472,31444,26,0,0,57174646587398
11473,31444,26,0,1,57183236521990
11474,31444,26,0,2,57191826456582
11475,31444,26,0,3,57200416391174
11476,31444,26,0,4,57209006325766
11477,31444,26,0,5,57217596260358
11478,31444,26,0,6,57226186194950
11479,31444,26,0,7,57234776129542
11480,31444,27,0,0,59373669842950
11481,31444,27,0,1,59382259777542
11482,31444,27,0,2,59390849712134
11483,31444,27,0,3,59399439646726
11484,31444,27,0,4,59408029581318
11485,31444,27,0,5,59416619515910
11486,31444,27,0,6,59425209450502
11487,31444,27,0,7,59433799385094
11488,31444,28,0,0,61572693098502
11489,31444,28,0,1,61581283033094
11490,31444,28,0,2,61589872967686
11491,31444,28,0,3,61598462902278
11492,31444,28,0,4,61607052836870
11493,31444,28,0,5,61615642771462
11494,31444,28,0,6,61624232706054
11495,31444,28,0,7,61632822640646
11496,31444,29,0,0,63771716354054
11497,31444,29,0,1,63780306288646
11498,31444,29,0,2,63788896223238
11499,31444,29,0,3,63797486157830
11500,31444,29,0,4,63806076092422
11501,31444,29,0,5,63814666027014
11502,31444,29,0,6,63823255961606
11503,31444,29,0,7,63831845896198
11504,31444,30,0,0,65970739609606
11505,31444,30,0,1,65979329544198
11506,31444,30,0,2,65987919478790
11507,31444,30,0,3,65996509413382
11508,31444,30,0,4,66005099347974
11509,31444,30,0,5,66013689282566
11510,31444,30,0,6,66022279217158
11511,31444,30,0,7,66030869151750
11512,31444,31,0,0,68169762865158
11513,31444,31,0,1,68178352799750
11514,31444,31,0,2,68186942734342
11515,31444,31,0,3,68195532668934
11516,31444,31,0,4,68204122603526
11517,31444,31,0,5,68212712538118
11518,31444,31,0,6,68221302472710
11519,31444,31,0,7,68229892407302
11520,31444,32,0,0,70368786120710
11521,31444,32,0,1,70377376055302
11522,31444,32,0,2,70385965989894
11523,31444,32,0,3,70394555924486
11524,31444,32,0,4,70403145859078
11525,31444,32,0,5,70411735793670
11526,31444,32,0,6,70420325728262
11527,31444,32,0,7,70428915662854
11528,31444,33,0,0,72567809376262
11529,31444,33,0,1,72576399310854
11530,31444,33,0,2,72584989245446
11531,31444,33,0,3,72593579180038
11532,31444,33,0,4,72602169114630
11533,31444,33,0,5,72610759049222
11534,31444,33,0,6,72619348983814
11535,31444,33,0,7,72627938918406
11536,31444,34,0,0,74766832631814
11537,31444,34,0,1,74775422566406
11538,31444,34,0,2,74784012500998
11539,31444,34,0,3,74792602435590
11540,31444,34,0,4,74801192370182
11541,31444,34,0,5,74809782304774
11542,31444,34,0,6,74818372239366
11543,31444,34,0,7,74826962173958
11544,31444,35,0,0,76965855887366
11545,31444,35,0,1,76974445821958
11546,31444,35,0,2,76983035756550
11547,31444,35,0,3,76991625691142
11548,31444,35,0,4,77000215625734
11549,31444,35,0,5,77008805560326
11550,31444,35,0,6,77017395494918
11551,31444,35,0,7,77025985429510
11552,31444,36,0,0,79164879142918
11553,31444,36,0,1,79173469077510
11554,31444,36,0,2,79182059012102
11555,31444,36,0,3,79190648946694
11556,31444,36,0,4,79199238881286
11557,31444,36,0,5,79207828815878
11558,31444,36,0,6,79216418750470
11559,31444,36,0,7,79225008685062
11560,31444,37,0,0,81363902398470
11561,31444,37,0,1,81372492333062
11562,31444,37,0,2,81381082267654
11563,31444,37,0,3,81389672202246
11564,31444,37,0,4,81398262136838
11565,31444,37,0,5,81406852071430
11566,31444,37,0,6,81415442006022
11567,31444,37,0,7,81424031940614
11568,31444,38,0,0,83562925654022
11569,31444,38,0,1,83571515588614
11570,31444,38,0,2,83580105523206
11571,31444,38,0,3,83588695457798
11572,31444,38,0,4,83597285392390
11573,31444,38,0,5,83605875326982
11574,31444,38,0,6,83614465261574
11575,31444,38,0,7,83623055196166
11576,31444,39,0,0,85761948909574
11577,31444,39,0,1,85770538844166
11578,31444,39,0,2,85779128778758
11579,31444,39,0,3,85787718713350
11580,31444,39,0,4,85796308647942
11581,31444,39,0,5,85804898582534
11582,31444,39,0,6,85813488517126
11583,31444,39,0,7,85822078451718
11584,31444,40,0,0,87960972165126
11585,31444,40,0,1,87969562099718
11586,31444,40,0,2,87978152034310
11587,31444,40,0,3,87986741968902
11588,31444,40,0,4,87995331903494
11589,31444,40,0,5,88003921838086
11590,31444,40,0,6,88012511772678
11591,31444,40,0,7,88021101707270
11592,31444,41,0,0,90159995420678
11593,31444,41,0,1,90168585355270
11594,31444,41,0,2,90177175289862
11595,31444,41,0,3,90185765224454
11596,31444,41,0,4,90194355159046
11597,31444,41,0,5,90202945093638
11598,31444,41,0,6,90211535028230
11599,31444,41,0,7,90220124962822
11600,31444,42,0,0,92359018676230
11601,31444,42,0,1,92367608610822
11602,31444,42,0,2,92376198545414
11603,31444,42,0,3,92384788480006
11604,31444,42,0,4,92393378414598
11605,31444,42,0,5,92401968349190
11606,31444,42,0,6,92410558283782
11607,31444,42,0,7,92419148218374
11608,31444,43,0,0,94558041931782
11609,31444,43,0,1,94566631866374
11610,31444,43,0,2,94575221800966
11611,31444,43,0,3,94583811735558
11612,31444,43,0,4,94592401670150
11613,31444,43,0,5,94600991604742
11614,31444,43,0,6,94609581539334
11615,31444,43,0,7,94618171473926
11616,31444,44,0,0,96757065187334
11617,31444,44,0,1,96765655121926
11618,31444,44,0,2,96774245056518
11619,31444,44,0,3,96782834991110
11620,31444,44,0,4,96791424925702
11621,31444,44,0,5,96800014860294
11622,31444,44,0,6,96808604794886
11623,31444,44,0,7,96817194729478
11624,31444,45,0,0,98956088442886
11625,31444,45,0,1,98964678377478
11626,31444,45,0,2,98973268312070
11627,31444,45,0,3,98981858246662
11628,31444,45,0,4,98990448181254
11629,31444,45,0,5,98999038115846
11630,31444,45,0,6,99007628050438
11631,31444,45,0,7,99016217985030
11632,31444,46,0,0,101155111698438
11633,31444,46,0,1,101163701633030
11634,31444,46,0,2,101172291567622
11635,31444,46,0,3,101180881502214
11636,31444,46,0,4,101189471436806
11637,31444,46,0,5,101198061371398
11638,31444,46,0,6,101206651305990
11639,31444,46,0,7,101215241240582
11640,31444,47,0,0,103354134953990
11641,31444,47,0,1,103362724888582
11642,31444,47,0,2,103371314823174
11643,31444,47,0,3,103379904757766
11644,31444,47,0,4,103388494692358
11645,31444,47,0,5,103397084626950
11646,31444,47,0,6,103405674561542
11647,31444,47,0,7,103414264496134
11648,31444,48,0,0,105553158209542
11649,31444,48,0,1,105561748144134
11650,31444,48,0,2,105570338078726
11651,31444,48,0,3,105578928013318
11652,31444,48,0,4,105587517947910
11653,31444,48,0,5,105596107882502
11654,31444,48,0,6,105604697817094
11655,31444,48,0,7,105613287751686
11656,31444,49,0,0,107752181465094
11657,31444,49,0,1,107760771399686
11658,31444,49,0,2,107769361334278
11659,31444,49,0,3,107777951268870
11660,31444,49,0,4,107786541203462
11661,31444,49,0,5,107795131138054
11662,31444,49,0,6,107803721072646
11663,31444,49,0,7,107812311007238
11664,31444,50,0,0,109951204720646
11665,31444,50,0,1,109959794655238
11666,31444,50,0,2,109968384589830
11667,31444,50,0,3,109976974524422
11668,31444,50,0,4,109985564459014
11669,31444,50,0,5,109994154393606
11670,31444,50,0,6,110002744328198
11671,31444,50,0,7,110011334262790
11672,31444,51,0,0,112150227976198
11673,31444,51,0,1,112158817910790
11674,31444,51,0,2,112167407845382
11675,31444,51,0,3,112175997779974
11676,31444,51,0,4,112184587714566
11677,31444,51,0,5,112193177649158
11678,31444,51,0,6,112201767583750
11679,31444,51,0,7,112210357518342
11680,31444,52,0,0,114349251231750
11681,31444,52,0,1,114357841166342
11682,31444,52,0,2,114366431100934
11683,31444,52,0,3,114375021035526
11684,31444,52,0,4,114383610970118
11685,31444,52,0,5,114392200904710
11686,31444,52,0,6,114400790839302
11687,31444,52,0,7,114409380773894
11688,31444,53,0,0,116548274487302
11689,31444,53,0,1,116556864421894
11690,31444,53,0,2,116565454356486
11691,31444,53,0,3,116574044291078
11692,31444,53,0,4,116582634225670
11693,31444,53,0,5,116591224160262
11694,31444,53,0,6,116599814094854
11695,31444,53,0,7,116608404029446
11696,31444,54,0,0,118747297742854
11697,31444,54,0,1,118755887677446
11698,31444,54,0,2,118764477612038
11699,31444,54,0,3,118773067546630
11700,31444,54,0,4,118781657481222
11701,31444,54,0,5,118790247415814
11702,31444,54,0,6,118798837350406
11703,31444,54,0,7,118807427284998
11704,31444,55,0,0,120946320998406
11705,31444,55,0,1,120954910932998
11706,31444,55,0,2,120963500867590
11707,31444,55,0,3,120972090802182
11708,31444,55,0,4,120980680736774
11709,31444,55,0,5,120989270671366
11710,31444,55,0,6,120997860605958
11711,31444,55,0,7,121006450540550
11712,31444,56,0,0,123145344253958
11713,31444,56,0,1,123153934188550
11714,31444,56,0,2,123162524123142
11715,31444,56,0,3,123171114057734
11716,31444,56,0,4,123179703992326
11717,31444,56,0,5,123188293926918
11718,31444,56,0,6,123196883861510
11719,31444,56,0,7,123205473796102
11720,31444,57,0,0,125344367509510
11721,31444,57,0,1,125352957444102
11722,31444,57,0,2,125361547378694
11723,31444,57,0,3,125370137313286
11724,31444,57,0,4,125378727247878
11725,31444,57,0,5,125387317182470
11726,31444,57,0,6,125395907117062
11727,31444,57,0,7,125404497051654
11728,31444,58,0,0,127543390765062
11729,31444,58,0,1,127551980699654
11730,31444,58,0,2,127560570634246
11731,31444,58,0,3,127569160568838
11732,31444,58,0,4,127577750503430
11733,31444,58,0,5,127586340438022
11734,31444,58,0,6,127594930372614
11735,31444,58,0,7,127603520307206
11736,31444,59,0,0,129742414020614
11737,31444,59,0,1,129751003955206
11738,31444,59,0,2,129759593889798
11739,31444,59,0,3,129768183824390
11740,31444,59,0,4,129776773758982
11741,31444,59,0,5,129785363693574
11742,31444,59,0,6,129793953628166
11743,31444,59,0,7,129802543562758
11744,31444,60,0,0,131941437276166
11745,31444,60,0,1,131950027210758
11746,31444,60,0,2,131958617145350
11747,31444,60,0,3,131967207079942
11748,31444,60,0,4,131975797014534
11749,31444,60,0,5,131984386949126
11750,31444,60,0,6,131992976883718
11751,31444,60,0,7,132001566818310
11752,31444,61,0,0,134140460531718
11753,31444,61,0,1,134149050466310
11754,31444,61,0,2,134157640400902
11755,31444,61,0,3,134166230335494
11756,31444,61,0,4,134174820270086
11757,31444,61,0,5,134183410204678
11758,31444,61,0,6,134192000139270
11759,31444,61,0,7,134200590073862
11760,31444,62,0,0,136339483787270
11761,31444,62,0,1,136348073721862
11762,31444,62,0,2,136356663656454
11763,31444,62,0,3,136365253591046
11764,31444,62,0,4,136373843525638
11765,31444,62,0,5,136382433460230
11766,31444,62,0,6,136391023394822
11767,31444,62,0,7,136399613329414
11768,31444,63,0,0,138538507042822
11769,31444,63,0,1,138547096977414
11770,31444,63,0,2,138555686912006
11771,31444,63,0,3,138564276846598
11772,31444,63,0,4,138572866781190
11773,31444,63,0,5,138581456715782
11774,31444,63,0,6,138590046650374
11775,31444,63,0,7,138598636584966
11776,31446,0,0,0,41943047
11777,31446,0,0,1,8631877639
11778,31446,0,0,2,17221812231
11779,31446,0,0,3,25811746823
11780,31446,0,0,4,34401681415
11781,31446,0,0,5,42991616007
11782,31446,0,0,6,51581550599
11783,31446,0,0,7,60171485191
11784,31446,1,0,0,2199065198599
11785,31446,1,0,1,2207655133191
11786,31446,1,0,2,2216245067783
11787,31446,1,0,3,2224835002375
11788,31446,1,0,4,2233424936967
11789,31446,1,0,5,2242014871559
11790,31446,1,0,6,2250604806151
11791,31446,1,0,7,2259194740743
11792,31446,2,0,0,4398088454151
11793,31446,2,0,1,4406678388743
11794,31446,2,0,2,4415268323335
11795,31446,2,0,3,4423858257927
11796,31446,2,0,4,4432448192519
11797,31446,2,0,5,4441038127111
11798,31446,2,0,6,4449628061703
11799,31446,2,0,7,4458217996295
11800,31446,3,0,0,6597111709703
11801,31446,3,0,1,6605701644295
11802,31446,3,0,2,6614291578887
11803,31446,3,0,3,6622881513479
11804,31446,3,0,4,6631471448071
11805,31446,3,0,5,6640061382663
11806,31446,3,0,6,6648651317255
11807,31446,3,0,7,6657241251847
11808,31446,4,0,0,8796134965255
11809,31446,4,0,1,8804724899847
11810,31446,4,0,2,8813314834439
11811,31446,4,0,3,8821904769031
11812,31446,4,0,4,8830494703623
11813,31446,4,0,5,8839084638215
11814,31446,4,0,6,8847674572807
11815,31446,4,0,7,8856264507399
11816,31446,5,0,0,10995158220807
11817,31446,5,0,1,11003748155399
11818,31446,5,0,2,11012338089991
11819,31446,5,0,3,11020928024583
11820,31446,5,0,4,11029517959175
11821,31446,5,0,5,11038107893767
11822,31446,5,0,6,11046697828359
11823,31446,5,0,7,11055287762951
11824,31446,6,0,0,13194181476359
11825,31446,6,0,1,13202771410951
11826,31446,6,0,2,13211361345543
11827,31446,6,0,3,13219951280135
11828,31446,6,0,4,13228541214727
11829,31446,6,0,5,13237131149319
11830,31446,6,0,6,13245721083911
11831,31446,6,0,7,13254311018503
11832,31446,7,0,0,15393204731911
11833,31446,7,0,1,15401794666503
11834,31446,7,0,2,15410384601095
11835,31446,7,0,3,15418974535687
11836,31446,7,0,4,15427564470279
11837,31446,7,0,5,15436154404871
11838,31446,7,0,6,15444744339463
11839,31446,7,0,7,15453334274055
11840,31446,8,0,0,17592227987463
11841,31446,8,0,1,17600817922055
11842,31446,8,0,2,17609407856647
11843,31446,8,0,3,17617997791239
11844,31446,8,0,4,17626587725831
11845,31446,8,0,5,17635177660423
11846,31446,8,0,6,17643767595015
11847,31446,8,0,7,17652357529607
11848,31446,9,0,0,19791251243015
11849,31446,9,0,1,19799841177607
11850,31446,9,0,2,19808431112199
11851,31446,9,0,3,19817021046791
11852,31446,9,0,4,19825610981383
11853,31446,9,0,5,19834200915975
11854,31446,9,0,6,19842790850567
11855,31446,9,0,7,19851380785159
11856,31446,10,0,0,21990274498567
11857,31446,10,0,1,21998864433159
11858,31446,10,0,2,22007454367751
11859,31446,10,0,3,22016044302343
11860,31446,10,0,4,22024634236935
11861,31446,10,0,5,22033224171527
11862,31446,10,0,6,22041814106119
11863,31446,10,0,7,22050404040711
11864,31446,11,0,0,24189297754119
11865,31446,11,0,1,24197887688711
11866,31446,11,0,2,24206477623303
11867,31446,11,0,3,24215067557895
11868,31446,11,0,4,24223657492487
11869,31446,11,0,5,24232247427079
11870,31446,11,0,6,24240837361671
11871,31446,11,0,7,24249427296263
11872,31446,12,0,0,26388321009671
11873,31446,12,0,1,26396910944263
11874,31446,12,0,2,26405500878855
11875,31446,12,0,3,26414090813447
11876,31446,12,0,4,26422680748039
11877,31446,12,0,5,26431270682631
11878,31446,12,0,6,26439860617223
11879,31446,12,0,7,26448450551815
11880,31446,13,0,0,28587344265223
11881,31446,13,0,1,28595934199815
11882,31446,13,0,2,28604524134407
11883,31446,13,0,3,28613114068999
11884,31446,13,0,4,28621704003591
11885,31446,13,0,5,28630293938183
11886,31446,13,0,6,28638883872775
11887,31446,13,0,7,28647473807367
11888,31446,14,0,0,30786367520775
11889,31446,14,0,1,30794957455367
11890,31446,14,0,2,30803547389959
11891,31446,14,0,3,30812137324551
11892,31446,14,0,4,30820727259143
11893,31446,14,0,5,30829317193735
11894,31446,14,0,6,30837907128327
11895,31446,14,0,7,30846497062919
11896,31446,15,0,0,32985390776327
11897,31446,15,0,1,32993980710919
11898,31446,15,0,2,33002570645511
11899,31446,15,0,3,33011160580103
11900,31446,15,0,4,33019750514695
11901,31446,15,0,5,33028340449287
11902,31446,15,0,6,33036930383879
11903,31446,15,0,7,33045520318471
11904,31446,16,0,0,35184414031879
11905,31446,16,0,1,35193003966471
11906,31446,16,0,2,35201593901063
11907,31446,16,0,3,35210183835655
11908,31446,16,0,4,35218773770247
11909,31446,16,0,5,35227363704839
11910,31446,16,0,6,35235953639431
11911,31446,16,0,7,35244543574023
11912,31446,17,0,0,37383437287431
11913,31446,17,0,1,37392027222023
11914,31446,17,0,2,37400617156615
11915,31446,17,0,3,37409207091207
11916,31446,17,0,4,37417797025799
11917,31446,17,0,5,37426386960391
11918,31446,17,0,6,37434976894983
11919,31446,17,0,7,37443566829575
11920,31446,18,0,0,39582460542983
11921,31446,18,0,1,39591050477575
11922,31446,18,0,2,39599640412167
11923,31446,18,0,3,39608230346759
11924,31446,18,0,4,39616820281351
11925,31446,18,0,5,39625410215943
11926,31446,18,0,6,39634000150535
11927,31446,18,0,7,39642590085127
11928,31446,19,0,0,41781483798535
11929,31446,19,0,1,41790073733127
11930,31446,19,0,2,41798663667719
11931,31446,19,0,3,41807253602311
11932,31446,19,0,4,41815843536903
11933,31446,19,0,5,41824433471495
11934,31446,19,0,6,41833023406087
11935,31446,19,0,7,41841613340679
11936,31446,20,0,0,43980507054087
11937,31446,20,0,1,43989096988679
11938,31446,20,0,2,43997686923271
11939,31446,20,0,3,44006276857863
11940,31446,20,0,4,44014866792455
11941,31446,20,0,5,44023456727047
11942,31446,20,0,6,44032046661639
11943,31446,20,0,7,44040636596231
11944,31446,21,0,0,46179530309639
11945,31446,21,0,1,46188120244231
11946,31446,21,0,2,46196710178823
11947,31446,21,0,3,46205300113415
11948,31446,21,0,4,46213890048007
11949,31446,21,0,5,46222479982599
11950,31446,21,0,6,46231069917191
11951,31446,21,0,7,46239659851783
11952,31446,22,0,0,48378553565191
11953,31446,22,0,1,48387143499783
11954,31446,22,0,2,48395733434375
11955,31446,22,0,3,48404323368967
11956,31446,22,0,4,48412913303559
11957,31446,22,0,5,48421503238151
11958,31446,22,0,6,48430093172743
11959,31446,22,0,7,48438683107335
11960,31446,23,0,0,50577576820743
11961,31446,23,0,1,50586166755335
11962,31446,23,0,2,50594756689927
11963,31446,23,0,3,50603346624519
11964,31446,23,0,4,50611936559111
11965,31446,23,0,5,50620526493703
11966,31446,23,0,6,50629116428295
11967,31446,23,0,7,50637706362887
11968,31446,24,0,0,52776600076295
11969,31446,24,0,1,52785190010887
11970,31446,24,0,2,52793779945479
11971,31446,24,0,3,52802369880071
11972,31446,24,0,4,52810959814663
11973,31446,24,0,5,52819549749255
11974,31446,24,0,6,52828139683847
11975,31446,24,0,7,52836729618439
11976,31446,25,0,0,54975623331847
11977,31446,25,0,1,54984213266439
11978,31446,25,0,2,54992803201031
11979,31446,25,0,3,55001393135623
11980,31446,25,0,4,55009983070215
11981,31446,25,0,5,55018573004807
11982,31446,25,0,6,55027162939399
11983,31446,25,0,7,55035752873991
11984,31446,26,0,0,57174646587399
11985,31446,26,0,1,57183236521991
11986,31446,26,0,2,57191826456583
11987,31446,26,0,3,57200416391175
11988,31446,26,0,4,57209006325767
11989,31446,26,0,5,57217596260359
11990,31446,26,0,6,57226186194951
11991,31446,26,0,7,57234776129543
11992,31446,27,0,0,59373669842951
11993,31446,27,0,1,59382259777543
11994,31446,27,0,2,59390849712135
11995,31446,27,0,3,59399439646727
11996,31446,27,0,4,59408029581319
11997,31446,27,0,5,59416619515911
11998,31446,27,0,6,59425209450503
11999,31446,27,0,7,59433799385095
12000,31446,28,0,0,61572693098503
12001,31446,28,0,1,61581283033095
12002,31446,28,0,2,61589872967687
12003,31446,28,0,3,61598462902279
12004,31446,28,0,4,61607052836871
12005,31446,28,0,5,61615642771463
12006,31446,28,0,6,61624232706055
12007,31446,28,0,7,61632822640647
12008,31446,29,0,0,63771716354055
12009,31446,29,0,1,63780306288647
12010,31446,29,0,2,63788896223239
12011,31446,29,0,3,63797486157831
12012,31446,29,0,4,63806076092423
12013,31446,29,0,5,63814666027015
12014,31446,29,0,6,63823255961607
12015,31446,29,0,7,63831845896199
12016,31446,30,0,0,65970739609607
12017,31446,30,0,1,65979329544199
12018,31446,30,0,2,65987919478791
12019,31446,30,0,3,65996509413383
12020,31446,30,0,4,66005099347975
12021,31446,30,0,5,66013689282567
12022,31446,30,0,6,66022279217159
12023,31446,30,0,7,66030869151751
12024,31446,31,0,0,68169762865159
12025,31446,31,0,1,68178352799751
12026,31446,31,0,2,68186942734343
12027,31446,31,0,3,68195532668935
12028,31446,31,0,4,68204122603527
12029,31446,31,0,5,68212712538119
12030,31446,31,0,6,68221302472711
12031,31446,31,0,7,68229892407303
12032,31446,32,0,0,70368786120711
12033,31446,32,0,1,70377376055303
12034,31446,32,0,2,70385965989895
12035,31446,32,0,3,70394555924487
12036,31446,32,0,4,70403145859079
12037,31446,32,0,5,70411735793671
12038,31446,32,0,6,70420325728263
12039,31446,32,0,7,70428915662855
12040,31446,33,0,0,72567809376263
12041,31446,33,0,1,72576399310855
12042,31446,33,0,2,72584989245447
12043,31446,33,0,3,72593579180039
12044,31446,33,0,4,72602169114631
12045,31446,33,0,5,72610759049223
12046,31446,33,0,6,72619348983815
12047,31446,33,0,7,72627938918407
12048,31446,34,0,0,74766832631815
12049,31446,34,0,1,74775422566407
12050,31446,34,0,2,74784012500999
12051,31446,34,0,3,74792602435591
12052,31446,34,0,4,74801192370183
12053,31446,34,0,5,74809782304775
12054,31446,34,0,6,74818372239367
12055,31446,34,0,7,74826962173959
12056,31446,35,0,0,76965855887367
12057,31446,35,0,1,76974445821959
12058,31446,35,0,2,76983035756551
12059,31446,35,0,3,76991625691143
12060,31446,35,0,4,77000215625735
12061,31446,35,0,5,77008805560327
12062,31446,35,0,6,77017395494919
12063,31446,35,0,7,77025985429511
12064,31446,36,0,0,79164879142919
12065,31446,36,0,1,79173469077511
12066,31446,36,0,2,79182059012103
12067,31446,36,0,3,79190648946695
12068,31446,36,0,4,79199238881287
12069,31446,36,0,5,79207828815879
12070,31446,36,0,6,79216418750471
12071,31446,36,0,7,79225008685063
12072,31446,37,0,0,81363902398471
12073,31446,37,0,1,81372492333063
12074,31446,37,0,2,81381082267655
12075,31446,37,0,3,81389672202247
12076,31446,37,0,4,81398262136839
12077,31446,37,0,5,81406852071431
12078,31446,37,0,6,81415442006023
12079,31446,37,0,7,81424031940615
12080,31446,38,0,0,83562925654023
12081,31446,38,0,1,83571515588615
12082,31446,38,0,2,83580105523207
12083,31446,38,0,3,83588695457799
12084,31446,38,0,4,83597285392391
12085,31446,38,0,5,83605875326983
12086,31446,38,0,6,83614465261575
12087,31446,38,0,7,83623055196167
12088,31446,39,0,0,85761948909575
12089,31446,39,0,1,85770538844167
12090,31446,39,0,2,85779128778759
12091,31446,39,0,3,85787718713351
12092,31446,39,0,4,85796308647943
12093,31446,39,0,5,85804898582535
12094,31446,39,0,6,85813488517127
12095,31446,39,0,7,85822078451719
12096,31446,40,0,0,87960972165127
12097,31446,40,0,1,87969562099719
12098,31446,40,0,2,87978152034311
12099,31446,40,0,3,87986741968903
12100,31446,40,0,4,87995331903495
12101,31446,40,0,5,88003921838087
12102,31446,40,0,6,88012511772679
12103,31446,40,0,7,88021101707271
12104,31446,41,0,0,90159995420679
12105,31446,41,0,1,90168585355271
12106,31446,41,0,2,90177175289863
12107,31446,41,0,3,90185765224455
12108,31446,41,0,4,90194355159047
12109,31446,41,0,5,90202945093639
12110,31446,41,0,6,90211535028231
12111,31446,41,0,7,90220124962823
12112,31446,42,0,0,92359018676231
12113,31446,42,0,1,92367608610823
12114,31446,42,0,2,92376198545415
12115,31446,42,0,3,92384788480007
12116,31446,42,0,4,92393378414599
12117,31446,42,0,5,92401968349191
12118,31446,42,0,6,92410558283783
12119,31446,42,0,7,92419148218375
12120,31446,43,0,0,94558041931783
12121,31446,43,0,1,94566631866375
12122,31446,43,0,2,94575221800967
12123,31446,43,0,3,94583811735559
12124,31446,43,0,4,94592401670151
12125,31446,43,0,5,94600991604743
12126,31446,43,0,6,94609581539335
12127,31446,43,0,7,94618171473927
12128,31446,44,0,0,96757065187335
12129,31446,44,0,1,96765655121927
12130,31446,44,0,2,96774245056519
12131,31446,44,0,3,96782834991111
12132,31446,44,0,4,96791424925703
12133,31446,44,0,5,96800014860295
12134,31446,44,0,6,96808604794887
12135,31446,44,0,7,96817194729479
12136,31446,45,0,0,98956088442887
12137,31446,45,0,1,98964678377479
12138,31446,45,0,2,98973268312071
12139,31446,45,0,3,98981858246663
12140,31446,45,0,4,98990448181255
12141,31446,45,0,5,98999038115847
12142,31446,45,0,6,99007628050439
12143,31446,45,0,7,99016217985031
12144,31446,46,0,0,101155111698439
12145,31446,46,0,1,101163701633031
12146,31446,46,0,2,101172291567623
12147,31446,46,0,3,101180881502215
12148,31446,46,0,4,101189471436807
12149,31446,46,0,5,101198061371399
12150,31446,46,0,6,101206651305991
12151,31446,46,0,7,101215241240583
12152,31446,47,0,0,103354134953991
12153,31446,47,0,1,103362724888583
12154,31446,47,0,2,103371314823175
12155,31446,47,0,3,103379904757767
12156,31446,47,0,4,103388494692359
12157,31446,47,0,5,103397084626951
12158,31446,47,0,6,103405674561543
12159,31446,47,0,7,103414264496135
12160,31446,48,0,0,105553158209543
12161,31446,48,0,1,105561748144135
12162,31446,48,0,2,105570338078727
12163,31446,48,0,3,105578928013319
12164,31446,48,0,4,105587517947911
12165,31446,48,0,5,105596107882503
12166,31446,48,0,6,105604697817095
12167,31446,48,0,7,105613287751687
12168,31446,49,0,0,107752181465095
12169,31446,49,0,1,107760771399687
12170,31446,49,0,2,107769361334279
12171,31446,49,0,3,107777951268871
12172,31446,49,0,4,107786541203463
12173,31446,49,0,5,107795131138055
12174,31446,49,0,6,107803721072647
12175,31446,49,0,7,107812311007239
12176,31446,50,0,0,109951204720647
12177,31446,50,0,1,109959794655239
12178,31446,50,0,2,109968384589831
12179,31446,50,0,3,109976974524423
12180,31446,50,0,4,109985564459015
12181,31446,50,0,5,109994154393607
12182,31446,50,0,6,110002744328199
12183,31446,50,0,7,110011334262791
12184,31446,51,0,0,112150227976199
12185,31446,51,0,1,112158817910791
12186,31446,51,0,2,112167407845383
12187,31446,51,0,3,112175997779975
12188,31446,51,0,4,112184587714567
12189,31446,51,0,5,112193177649159
12190,31446,51,0,6,112201767583751
12191,31446,51,0,7,112210357518343
12192,31446,52,0,0,114349251231751
12193,31446,52,0,1,114357841166343
12194,31446,52,0,2,114366431100935
12195,31446,52,0,3,114375021035527
12196,31446,52,0,4,114383610970119
12197,31446,52,0,5,114392200904711
12198,31446,52,0,6,114400790839303
12199,31446,52,0,7,114409380773895
12200,31446,53,0,0,116548274487303
12201,31446,53,0,1,116556864421895
12202,31446,53,0,2,116565454356487
12203,31446,53,0,3,116574044291079
12204,31446,53,0,4,116582634225671
12205,31446,53,0,5,116591224160263
12206,31446,53,0,6,116599814094855
12207,31446,53,0,7,116608404029447
12208,31446,54,0,0,118747297742855
12209,31446,54,0,1,118755887677447
12210,31446,54,0,2,118764477612039
12211,31446,54,0,3,118773067546631
12212,31446,54,0,4,118781657481223
12213,31446,54,0,5,118790247415815
12214,31446,54,0,6,118798837350407
12215,31446,54,0,7,118807427284999
12216,31446,55,0,0,120946320998407
12217,31446,55,0,1,120954910932999
12218,31446,55,0,2,120963500867591
12219,31446,55,0,3,120972090802183
12220,31446,55,0,4,120980680736775
12221,31446,55,0,5,120989270671367
12222,31446,55,0,6,120997860605959
12223,31446,55,0,7,121006450540551
12224,31446,56,0,0,123145344253959
12225,31446,56,0,1,123153934188551
12226,31446,56,0,2,123162524123143
12227,31446,56,0,3,123171114057735
12228,31446,56,0,4,123179703992327
12229,31446,56,0,5,123188293926919
12230,31446,56,0,6,123196883861511
12231,31446,56,0,7,123205473796103
12232,31446,57,0,0,125344367509511
12233,31446,57,0,1,125352957444103
12234,31446,57,0,2,125361547378695
12235,31446,57,0,3,125370137313287
12236,31446,57,0,4,125378727247879
12237,31446,57,0,5,125387317182471
12238,31446,57,0,6,125395907117063
12239,31446,57,0,7,125404497051655
12240,31446,58,0,0,127543390765063
12241,31446,58,0,1,127551980699655
12242,31446,58,0,2,127560570634247
12243,31446,58,0,3,127569160568839
12244,31446,58,0,4,127577750503431
12245,31446,58,0,5,127586340438023
12246,31446,58,0,6,127594930372615
12247,31446,58,0,7,127603520307207
12248,31446,59,0,0,129742414020615
12249,31446,59,0,1,129751003955207
12250,31446,59,0,2,129759593889799
12251,31446,59,0,3,129768183824391
12252,31446,59,0,4,129776773758983
12253,31446,59,0,5,129785363693575
12254,31446,59,0,6,129793953628167
12255,31446,59,0,7,129802543562759
12256,31446,60,0,0,131941437276167
12257,31446,60,0,1,131950027210759
12258,31446,60,0,2,131958617145351
12259,31446,60,0,3,131967207079943
12260,31446,60,0,4,131975797014535
12261,31446,60,0,5,131984386949127
12262,31446,60,0,6,131992976883719
12263,31446,60,0,7,132001566818311
12264,31446,61,0,0,134140460531719
12265,31446,61,0,1,134149050466311
12266,31446,61,0,2,134157640400903
12267,31446,61,0,3,134166230335495
12268,31446,61,0,4,134174820270087
12269,31446,61,0,5,134183410204679
12270,31446,61,0,6,134192000139271
12271,31446,61,0,7,134200590073863
12272,31446,62,0,0,136339483787271
12273,31446,62,0,1,136348073721863
12274,31446,62,0,2,136356663656455
12275,31446,62,0,3,136365253591047
12276,31446,62,0,4,136373843525639
12277,31446,62,0,5,136382433460231
12278,31446,62,0,6,136391023394823
12279,31446,62,0,7,136399613329415
12280,31446,63,0,0,138538507042823
12281,31446,63,0,1,138547096977415
12282,31446,63,0,2,138555686912007
12283,31446,63,0,3,138564276846599
12284,31446,63,0,4,138572866781191
12285,31446,63,0,5,138581456715783
12286,31446,63,0,6,138590046650375
12287,31446,63,0,7,138598636584967
12288,31549,0,0,0,4336910336
12289,31549,0,0,1,12926844928
12290,31549,0,0,2,21516779520
12291,31549,0,0,3,30106714112
12292,31549,0,0,4,38696648704
12293,31549,0,0,5,47286583296
12294,31549,0,0,6,55876517888
12295,31549,0,0,7,64466452480
12296,31549,1,0,0,2203360165888
12297,31549,1,0,1,2211950100480
12298,31549,1,0,2,2220540035072
12299,31549,1,0,3,2229129969664
12300,31549,1,0,4,2237719904256
12301,31549,1,0,5,2246309838848
12302,31549,1,0,6,2254899773440
12303,31549,1,0,7,2263489708032
12304,31549,2,0,0,4402383421440
12305,31549,2,0,1,4410973356032
12306,31549,2,0,2,4419563290624
12307,31549,2,0,3,4428153225216
12308,31549,2,0,4,4436743159808
12309,31549,2,0,5,4445333094400
12310,31549,2,0,6,4453923028992
12311,31549,2,0,7,4462512963584
12312,31549,3,0,0,6601406676992
12313,31549,3,0,1,6609996611584
12314,31549,3,0,2,6618586546176
12315,31549,3,0,3,6627176480768
12316,31549,3,0,4,6635766415360
12317,31549,3,0,5,6644356349952
12318,31549,3,0,6,6652946284544
12319,31549,3,0,7,6661536219136
12320,31549,4,0,0,8800429932544
12321,31549,4,0,1,8809019867136
12322,31549,4,0,2,8817609801728
12323,31549,4,0,3,8826199736320
12324,31549,4,0,4,8834789670912
12325,31549,4,0,5,8843379605504
12326,31549,4,0,6,8851969540096
12327,31549,4,0,7,8860559474688
12328,31549,5,0,0,10999453188096
12329,31549,5,0,1,11008043122688
12330,31549,5,0,2,11016633057280
12331,31549,5,0,3,11025222991872
12332,31549,5,0,4,11033812926464
12333,31549,5,0,5,11042402861056
12334,31549,5,0,6,11050992795648
12335,31549,5,0,7,11059582730240
12336,31549,6,0,0,13198476443648
12337,31549,6,0,1,13207066378240
12338,31549,6,0,2,13215656312832
12339,31549,6,0,3,13224246247424
12340,31549,6,0,4,13232836182016
12341,31549,6,0,5,13241426116608
12342,31549,6,0,6,13250016051200
12343,31549,6,0,7,13258605985792
12344,31549,7,0,0,15397499699200
12345,31549,7,0,1,15406089633792
12346,31549,7,0,2,15414679568384
12347,31549,7,0,3,15423269502976
12348,31549,7,0,4,15431859437568
12349,31549,7,0,5,15440449372160
12350,31549,7,0,6,15449039306752
12351,31549,7,0,7,15457629241344
12352,31549,8,0,0,17596522954752
12353,31549,8,0,1,17605112889344
12354,31549,8,0,2,17613702823936
12355,31549,8,0,3,17622292758528
12356,31549,8,0,4,17630882693120
12357,31549,8,0,5,17639472627712
12358,31549,8,0,6,17648062562304
12359,31549,8,0,7,17656652496896
12360,31549,9,0,0,19795546210304
12361,31549,9,0,1,19804136144896
12362,31549,9,0,2,19812726079488
12363,31549,9,0,3,19821316014080
12364,31549,9,0,4,19829905948672
12365,31549,9,0,5,19838495883264
12366,31549,9,0,6,19847085817856
12367,31549,9,0,7,19855675752448
12368,31549,10,0,0,21994569465856
12369,31549,10,0,1,22003159400448
12370,31549,10,0,2,22011749335040
12371,31549,10,0,3,22020339269632
12372,31549,10,0,4,22028929204224
12373,31549,10,0,5,22037519138816
12374,31549,10,0,6,22046109073408
12375,31549,10,0,7,22054699008000
12376,31549,11,0,0,24193592721408
12377,31549,11,0,1,24202182656000
12378,31549,11,0,2,24210772590592
12379,31549,11,0,3,24219362525184
12380,31549,11,0,4,24227952459776
12381,31549,11,0,5,24236542394368
12382,31549,11,0,6,24245132328960
12383,31549,11,0,7,24253722263552
12384,31549,12,0,0,26392615976960
12385,31549,12,0,1,26401205911552
12386,31549,12,0,2,26409795846144
12387,31549,12,0,3,26418385780736
12388,31549,12,0,4,26426975715328
12389,31549,12,0,5,26435565649920
12390,31549,12,0,6,26444155584512
12391,31549,12,0,7,26452745519104
12392,31549,13,0,0,28591639232512
12393,31549,13,0,1,28600229167104
12394,31549,13,0,2,28608819101696
12395,31549,13,0,3,28617409036288
12396,31549,13,0,4,28625998970880
12397,31549,13,0,5,28634588905472
12398,31549,13,0,6,28643178840064
12399,31549,13,0,7,28651768774656
12400,31549,14,0,0,30790662488064
12401,31549,14,0,1,30799252422656
12402,31549,14,0,2,30807842357248
12403,31549,14,0,3,30816432291840
12404,31549,14,0,4,30825022226432
12405,31549,14,0,5,30833612161024
12406,31549,14,0,6,30842202095616
12407,31549,14,0,7,30850792030208
12408,31549,15,0,0,32989685743616
12409,31549,15,0,1,32998275678208
12410,31549,15,0,2,33006865612800
12411,31549,15,0,3,33015455547392
12412,31549,15,0,4,33024045481984
12413,31549,15,0,5,33032635416576
12414,31549,15,0,6,33041225351168
12415,31549,15,0,7,33049815285760
12416,31549,16,0,0,35188708999168
12417,31549,16,0,1,35197298933760
12418,31549,16,0,2,35205888868352
12419,31549,16,0,3,35214478802944
12420,31549,16,0,4,35223068737536
12421,31549,16,0,5,35231658672128
12422,31549,16,0,6,35240248606720
12423,31549,16,0,7,35248838541312
12424,31549,17,0,0,37387732254720
12425,31549,17,0,1,37396322189312
12426,31549,17,0,2,37404912123904
12427,31549,17,0,3,37413502058496
12428,31549,17,0,4,37422091993088
12429,31549,17,0,5,37430681927680
12430,31549,17,0,6,37439271862272
12431,31549,17,0,7,37447861796864
12432,31549,18,0,0,39586755510272
12433,31549,18,0,1,39595345444864
12434,31549,18,0,2,39603935379456
12435,31549,18,0,3,39612525314048
12436,31549,18,0,4,39621115248640
12437,31549,18,0,5,39629705183232
12438,31549,18,0,6,39638295117824
12439,31549,18,0,7,39646885052416
12440,31549,19,0,0,41785778765824
12441,31549,19,0,1,41794368700416
12442,31549,19,0,2,41802958635008
12443,31549,19,0,3,41811548569600
12444,31549,19,0,4,41820138504192
12445,31549,19,0,5,41828728438784
12446,31549,19,0,6,41837318373376
12447,31549,19,0,7,41845908307968
12448,31549,20,0,0,43984802021376
12449,31549,20,0,1,43993391955968
12450,31549,20,0,2,44001981890560
12451,31549,20,0,3,44010571825152
12452,31549,20,0,4,44019161759744
12453,31549,20,0,5,44027751694336
12454,31549,20,0,6,44036341628928
12455,31549,20,0,7,44044931563520
12456,31549,21,0,0,46183825276928
12457,31549,21,0,1,46192415211520
12458,31549,21,0,2,46201005146112
12459,31549,21,0,3,46209595080704
12460,31549,21,0,4,46218185015296
12461,31549,21,0,5,46226774949888
12462,31549,21,0,6,46235364884480
12463,31549,21,0,7,46243954819072
12464,31549,22,0,0,48382848532480
12465,31549,22,0,1,48391438467072
12466,31549,22,0,2,48400028401664
12467,31549,22,0,3,48408618336256
12468,31549,22,0,4,48417208270848
12469,31549,22,0,5,48425798205440
12470,31549,22,0,6,48434388140032
12471,31549,22,0,7,48442978074624
12472,31549,23,0,0,50581871788032
12473,31549,23,0,1,50590461722624
12474,31549,23,0,2,50599051657216
12475,31549,23,0,3,50607641591808
12476,31549,23,0,4,50616231526400
12477,31549,23,0,5,50624821460992
12478,31549,23,0,6,50633411395584
12479,31549,23,0,7,50642001330176
12480,31549,24,0,0,52780895043584
12481,31549,24,0,1,52789484978176
12482,31549,24,0,2,52798074912768
12483,31549,24,0,3,52806664847360
12484,31549,24,0,4,52815254781952
12485,31549,24,0,5,52823844716544
12486,31549,24,0,6,52832434651136
12487,31549,24,0,7,52841024585728
12488,31549,25,0,0,54979918299136
12489,31549,25,0,1,54988508233728
12490,31549,25,0,2,54997098168320
12491,31549,25,0,3,55005688102912
12492,31549,25,0,4,55014278037504
12493,31549,25,0,5,55022867972096
12494,31549,25,0,6,55031457906688
12495,31549,25,0,7,55040047841280
12496,31549,26,0,0,57178941554688
12497,31549,26,0,1,57187531489280
12498,31549,26,0,2,57196121423872
12499,31549,26,0,3,57204711358464
12500,31549,26,0,4,57213301293056
12501,31549,26,0,5,57221891227648
12502,31549,26,0,6,57230481162240
12503,31549,26,0,7,57239071096832
12504,31549,27,0,0,59377964810240
12505,31549,27,0,1,59386554744832
12506,31549,27,0,2,59395144679424
12507,31549,27,0,3,59403734614016
12508,31549,27,0,4,59412324548608
12509,31549,27,0,5,59420914483200
12510,31549,27,0,6,59429504417792
12511,31549,27,0,7,59438094352384
12512,31549,28,0,0,61576988065792
12513,31549,28,0,1,61585578000384
12514,31549,28,0,2,61594167934976
12515,31549,28,0,3,61602757869568
12516,31549,28,0,4,61611347804160
12517,31549,28,0,5,61619937738752
12518,31549,28,0,6,61628527673344
12519,31549,28,0,7,61637117607936
12520,31549,29,0,0,63776011321344
12521,31549,29,0,1,63784601255936
12522,31549,29,0,2,63793191190528
12523,31549,29,0,3,63801781125120
12524,31549,29,0,4,63810371059712
12525,31549,29,0,5,63818960994304
12526,31549,29,0,6,63827550928896
12527,31549,29,0,7,63836140863488
12528,31549,30,0,0,65975034576896
12529,31549,30,0,1,65983624511488
12530,31549,30,0,2,65992214446080
12531,31549,30,0,3,66000804380672
12532,31549,30,0,4,66009394315264
12533,31549,30,0,5,66017984249856
12534,31549,30,0,6,66026574184448
12535,31549,30,0,7,66035164119040
12536,31549,31,0,0,68174057832448
12537,31549,31,0,1,68182647767040
12538,31549,31,0,2,68191237701632
12539,31549,31,0,3,68199827636224
12540,31549,31,0,4,68208417570816
12541,31549,31,0,5,68217007505408
12542,31549,31,0,6,68225597440000
12543,31549,31,0,7,68234187374592
12544,31549,32,0,0,70373081088000
12545,31549,32,0,1,70381671022592
12546,31549,32,0,2,70390260957184
12547,31549,32,0,3,70398850891776
12548,31549,32,0,4,70407440826368
12549,31549,32,0,5,70416030760960
12550,31549,32,0,6,70424620695552
12551,31549,32,0,7,70433210630144
12552,31549,33,0,0,72572104343552
12553,31549,33,0,1,72580694278144
12554,31549,33,0,2,72589284212736
12555,31549,33,0,3,72597874147328
12556,31549,33,0,4,72606464081920
12557,31549,33,0,5,72615054016512
12558,31549,33,0,6,72623643951104
12559,31549,33,0,7,72632233885696
12560,31549,34,0,0,74771127599104
12561,31549,34,0,1,74779717533696
12562,31549,34,0,2,74788307468288
12563,31549,34,0,3,74796897402880
12564,31549,34,0,4,74805487337472
12565,31549,34,0,5,74814077272064
12566,31549,34,0,6,74822667206656
12567,31549,34,0,7,74831257141248
12568,31549,35,0,0,76970150854656
12569,31549,35,0,1,76978740789248
12570,31549,35,0,2,76987330723840
12571,31549,35,0,3,76995920658432
12572,31549,35,0,4,77004510593024
12573,31549,35,0,5,77013100527616
12574,31549,35,0,6,77021690462208
12575,31549,35,0,7,77030280396800
12576,31549,36,0,0,79169174110208
12577,31549,36,0,1,79177764044800
12578,31549,36,0,2,79186353979392
12579,31549,36,0,3,79194943913984
12580,31549,36,0,4,79203533848576
12581,31549,36,0,5,79212123783168
12582,31549,36,0,6,79220713717760
12583,31549,36,0,7,79229303652352
12584,31549,37,0,0,81368197365760
12585,31549,37,0,1,81376787300352
12586,31549,37,0,2,81385377234944
12587,31549,37,0,3,81393967169536
12588,31549,37,0,4,81402557104128
12589,31549,37,0,5,81411147038720
12590,31549,37,0,6,81419736973312
12591,31549,37,0,7,81428326907904
12592,31549,38,0,0,83567220621312
12593,31549,38,0,1,83575810555904
12594,31549,38,0,2,83584400490496
12595,31549,38,0,3,83592990425088
12596,31549,38,0,4,83601580359680
12597,31549,38,0,5,83610170294272
12598,31549,38,0,6,83618760228864
12599,31549,38,0,7,83627350163456
12600,31549,39,0,0,85766243876864
12601,31549,39,0,1,85774833811456
12602,31549,39,0,2,85783423746048
12603,31549,39,0,3,85792013680640
12604,31549,39,0,4,85800603615232
12605,31549,39,0,5,85809193549824
12606,31549,39,0,6,85817783484416
12607,31549,39,0,7,85826373419008
12608,31549,40,0,0,87965267132416
12609,31549,40,0,1,87973857067008
12610,31549,40,0,2,87982447001600
12611,31549,40,0,3,87991036936192
12612,31549,40,0,4,87999626870784
12613,31549,40,0,5,88008216805376
12614,31549,40,0,6,88016806739968
12615,31549,40,0,7,88025396674560
12616,31549,41,0,0,90164290387968
12617,31549,41,0,1,90172880322560
12618,31549,41,0,2,90181470257152
12619,31549,41,0,3,90190060191744
12620,31549,41,0,4,90198650126336
12621,31549,41,0,5,90207240060928
12622,31549,41,0,6,90215829995520
12623,31549,41,0,7,90224419930112
12624,31549,42,0,0,92363313643520
12625,31549,42,0,1,92371903578112
12626,31549,42,0,2,92380493512704
12627,31549,42,0,3,92389083447296
12628,31549,42,0,4,92397673381888
12629,31549,42,0,5,92406263316480
12630,31549,42,0,6,92414853251072
12631,31549,42,0,7,92423443185664
12632,31549,43,0,0,94562336899072
12633,31549,43,0,1,94570926833664
12634,31549,43,0,2,94579516768256
12635,31549,43,0,3,94588106702848
12636,31549,43,0,4,94596696637440
12637,31549,43,0,5,94605286572032
12638,31549,43,0,6,94613876506624
12639,31549,43,0,7,94622466441216
12640,31549,44,0,0,96761360154624
12641,31549,44,0,1,96769950089216
12642,31549,44,0,2,96778540023808
12643,31549,44,0,3,96787129958400
12644,31549,44,0,4,96795719892992
12645,31549,44,0,5,96804309827584
12646,31549,44,0,6,96812899762176
12647,31549,44,0,7,96821489696768
12648,31549,45,0,0,98960383410176
12649,31549,45,0,1,98968973344768
12650,31549,45,0,2,98977563279360
12651,31549,45,0,3,98986153213952
12652,31549,45,0,4,98994743148544
12653,31549,45,0,5,99003333083136
12654,31549,45,0,6,99011923017728
12655,31549,45,0,7,99020512952320
12656,31549,46,0,0,101159406665728
12657,31549,46,0,1,101167996600320
12658,31549,46,0,2,101176586534912
12659,31549,46,0,3,101185176469504
12660,31549,46,0,4,101193766404096
12661,31549,46,0,5,101202356338688
12662,31549,46,0,6,101210946273280
12663,31549,46,0,7,101219536207872
12664,31549,47,0,0,103358429921280
12665,31549,47,0,1,103367019855872
12666,31549,47,0,2,103375609790464
12667,31549,47,0,3,103384199725056
12668,31549,47,0,4,103392789659648
12669,31549,47,0,5,103401379594240
12670,31549,47,0,6,103409969528832
12671,31549,47,0,7,103418559463424
12672,31549,48,0,0,105557453176832
12673,31549,48,0,1,105566043111424
12674,31549,48,0,2,105574633046016
12675,31549,48,0,3,105583222980608
12676,31549,48,0,4,105591812915200
12677,31549,48,0,5,105600402849792
12678,31549,48,0,6,105608992784384
12679,31549,48,0,7,105617582718976
12680,31549,49,0,0,107756476432384
12681,31549,49,0,1,107765066366976
12682,31549,49,0,2,107773656301568
12683,31549,49,0,3,107782246236160
12684,31549,49,0,4,107790836170752
12685,31549,49,0,5,107799426105344
12686,31549,49,0,6,107808016039936
12687,31549,49,0,7,107816605974528
12688,31549,50,0,0,109955499687936
12689,31549,50,0,1,109964089622528
12690,31549,50,0,2,109972679557120
12691,31549,50,0,3,109981269491712
12692,31549,50,0,4,109989859426304
12693,31549,50,0,5,109998449360896
12694,31549,50,0,6,110007039295488
12695,31549,50,0,7,110015629230080
12696,31549,51,0,0,112154522943488
12697,31549,51,0,1,112163112878080
12698,31549,51,0,2,112171702812672
12699,31549,51,0,3,112180292747264
12700,31549,51,0,4,112188882681856
12701,31549,51,0,5,112197472616448
12702,31549,51,0,6,112206062551040
12703,31549,51,0,7,112214652485632
12704,31549,52,0,0,114353546199040
12705,31549,52,0,1,114362136133632
12706,31549,52,0,2,114370726068224
12707,31549,52,0,3,114379316002816
12708,31549,52,0,4,114387905937408
12709,31549,52,0,5,114396495872000
12710,31549,52,0,6,114405085806592
12711,31549,52,0,7,114413675741184
12712,31549,53,0,0,116552569454592
12713,31549,53,0,1,116561159389184
12714,31549,53,0,2,116569749323776
12715,31549,53,0,3,116578339258368
12716,31549,53,0,4,116586929192960
12717,31549,53,0,5,116595519127552
12718,31549,53,0,6,116604109062144
12719,31549,53,0,7,116612698996736
12720,31549,54,0,0,118751592710144
12721,31549,54,0,1,118760182644736
12722,31549,54,0,2,118768772579328
12723,31549,54,0,3,118777362513920
12724,31549,54,0,4,118785952448512
12725,31549,54,0,5,118794542383104
12726,31549,54,0,6,118803132317696
12727,31549,54,0,7,118811722252288
12728,31549,55,0,0,120950615965696
12729,31549,55,0,1,120959205900288
12730,31549,55,0,2,120967795834880
12731,31549,55,0,3,120976385769472
12732,31549,55,0,4,120984975704064
12733,31549,55,0,5,120993565638656
12734,31549,55,0,6,121002155573248
12735,31549,55,0,7,121010745507840
12736,31549,56,0,0,123149639221248
12737,31549,56,0,1,123158229155840
12738,31549,56,0,2,123166819090432
12739,31549,56,0,3,123175409025024
12740,31549,56,0,4,123183998959616
12741,31549,56,0,5,123192588894208
12742,31549,56,0,6,123201178828800
12743,31549,56,0,7,123209768763392
12744,31549,57,0,0,125348662476800
12745,31549,57,0,1,125357252411392
12746,31549,57,0,2,125365842345984
12747,31549,57,0,3,125374432280576
12748,31549,57,0,4,125383022215168
12749,31549,57,0,5,125391612149760
12750,31549,57,0,6,125400202084352
12751,31549,57,0,7,125408792018944
12752,31549,58,0,0,127547685732352
12753,31549,58,0,1,127556275666944
12754,31549,58,0,2,127564865601536
12755,31549,58,0,3,127573455536128
12756,31549,58,0,4,127582045470720
12757,31549,58,0,5,127590635405312
12758,31549,58,0,6,127599225339904
12759,31549,58,0,7,127607815274496
12760,31549,59,0,0,129746708987904
12761,31549,59,0,1,129755298922496
12762,31549,59,0,2,129763888857088
12763,31549,59,0,3,129772478791680
12764,31549,59,0,4,129781068726272
12765,31549,59,0,5,129789658660864
12766,31549,59,0,6,129798248595456
12767,31549,59,0,7,129806838530048
12768,31549,60,0,0,131945732243456
12769,31549,60,0,1,131954322178048
12770,31549,60,0,2,131962912112640
12771,31549,60,0,3,131971502047232
12772,31549,60,0,4,131980091981824
12773,31549,60,0,5,131988681916416
12774,31549,60,0,6,131997271851008
12775,31549,60,0,7,132005861785600
12776,31549,61,0,0,134144755499008
12777,31549,61,0,1,134153345433600
12778,31549,61,0,2,134161935368192
12779,31549,61,0,3,134170525302784
12780,31549,61,0,4,134179115237376
12781,31549,61,0,5,134187705171968
12782,31549,61,0,6,134196295106560
12783,31549,61,0,7,134204885041152
12784,31549,62,0,0,136343778754560
12785,31549,62,0,1,136352368689152
12786,31549,62,0,2,136360958623744
12787,31549,62,0,3,136369548558336
12788,31549,62,0,4,136378138492928
12789,31549,62,0,5,136386728427520
12790,31549,62,0,6,136395318362112
12791,31549,62,0,7,136403908296704
12792,31549,63,0,0,138542802010112
12793,31549,63,0,1,138551391944704
12794,31549,63,0,2,138559981879296
12795,31549,63,0,3,138568571813888
12796,31549,63,0,4,138577161748480
12797,31549,63,0,5,138585751683072
12798,31549,63,0,6,138594341617664
12799,31549,63,0,7,138602931552256
12800,31552,0,0,0,4336910337
12801,31552,0,0,1,12926844929
12802,31552,0,0,2,21516779521
12803,31552,0,0,3,30106714113
12804,31552,0,0,4,38696648705
12805,31552,0,0,5,47286583297
12806,31552,0,0,6,55876517889
12807,31552,0,0,7,64466452481
12808,31552,1,0,0,2203360165889
12809,31552,1,0,1,2211950100481
12810,31552,1,0,2,2220540035073
12811,31552,1,0,3,2229129969665
12812,31552,1,0,4,2237719904257
12813,31552,1,0,5,2246309838849
12814,31552,1,0,6,2254899773441
12815,31552,1,0,7,2263489708033
12816,31552,2,0,0,4402383421441
12817,31552,2,0,1,4410973356033
12818,31552,2,0,2,4419563290625
12819,31552,2,0,3,4428153225217
12820,31552,2,0,4,4436743159809
12821,31552,2,0,5,4445333094401
12822,31552,2,0,6,4453923028993
12823,31552,2,0,7,4462512963585
12824,31552,3,0,0,6601406676993
12825,31552,3,0,1,6609996611585
12826,31552,3,0,2,6618586546177
12827,31552,3,0,3,6627176480769
12828,31552,3,0,4,6635766415361
12829,31552,3,0,5,6644356349953
12830,31552,3,0,6,6652946284545
12831,31552,3,0,7,6661536219137
12832,31552,4,0,0,8800429932545
12833,31552,4,0,1,8809019867137
12834,31552,4,0,2,8817609801729
12835,31552,4,0,3,8826199736321
12836,31552,4,0,4,8834789670913
12837,31552,4,0,5,8843379605505
12838,31552,4,0,6,8851969540097
12839,31552,4,0,7,8860559474689
12840,31552,5,0,0,10999453188097
12841,31552,5,0,1,11008043122689
12842,31552,5,0,2,11016633057281
12843,31552,5,0,3,11025222991873
12844,31552,5,0,4,11033812926465
12845,31552,5,0,5,11042402861057
12846,31552,5,0,6,11050992795649
12847,31552,5,0,7,11059582730241
12848,31552,6,0,0,13198476443649
12849,31552,6,0,1,13207066378241
12850,31552,6,0,2,13215656312833
12851,31552,6,0,3,13224246247425
12852,31552,6,0,4,13232836182017
12853,31552,6,0,5,13241426116609
12854,31552,6,0,6,13250016051201
12855,31552,6,0,7,13258605985793
12856,31552,7,0,0,15397499699201
12857,31552,7,0,1,15406089633793
12858,31552,7,0,2,15414679568385
12859,31552,7,0,3,15423269502977
12860,31552,7,0,4,15431859437569
12861,31552,7,0,5,15440449372161
12862,31552,7,0,6,15449039306753
12863,31552,7,0,7,15457629241345
12864,31552,8,0,0,17596522954753
12865,31552,8,0,1,17605112889345
12866,31552,8,0,2,17613702823937
12867,31552,8,0,3,17622292758529
12868,31552,8,0,4,17630882693121
12869,31552,8,0,5,17639472627713
12870,31552,8,0,6,17648062562305
12871,31552,8,0,7,17656652496897
12872,31552,9,0,0,19795546210305
12873,31552,9,0,1,19804136144897
12874,31552,9,0,2,19812726079489
12875,31552,9,0,3,19821316014081
12876,31552,9,0,4,19829905948673
12877,31552,9,0,5,19838495883265
12878,31552,9,0,6,19847085817857
12879,31552,9,0,7,19855675752449
12880,31552,10,0,0,21994569465857
12881,31552,10,0,1,22003159400449
12882,31552,10,0,2,22011749335041
12883,31552,10,0,3,22020339269633
12884,31552,10,0,4,22028929204225
12885,31552,10,0,5,22037519138817
12886,31552,10,0,6,22046109073409
12887,31552,10,0,7,22054699008001
12888,31552,11,0,0,24193592721409
12889,31552,11,0,1,24202182656001
12890,31552,11,0,2,24210772590593
12891,31552,11,0,3,24219362525185
12892,31552,11,0,4,24227952459777
12893,31552,11,0,5,24236542394369
12894,31552,11,0,6,24245132328961
12895,31552,11,0,7,24253722263553
12896,31552,12,0,0,26392615976961
12897,31552,12,0,1,26401205911553
12898,31552,12,0,2,26409795846145
12899,31552,12,0,3,26418385780737
12900,31552,12,0,4,26426975715329
12901,31552,12,0,5,26435565649921
12902,31552,12,0,6,26444155584513
12903,31552,12,0,7,26452745519105
12904,31552,13,0,0,28591639232513
12905,31552,13,0,1,28600229167105
12906,31552,13,0,2,28608819101697
12907,31552,13,0,3,28617409036289
12908,31552,13,0,4,28625998970881
12909,31552,13,0,5,28634588905473
12910,31552,13,0,6,28643178840065
12911,31552,13,0,7,28651768774657
12912,31552,14,0,0,30790662488065
12913,31552,14,0,1,30799252422657
12914,31552,14,0,2,30807842357249
12915,31552,14,0,3,30816432291841
12916,31552,14,0,4,30825022226433
12917,31552,14,0,5,30833612161025
12918,31552,14,0,6,30842202095617
12919,31552,14,0,7,30850792030209
12920,31552,15,0,0,32989685743617
12921,31552,15,0,1,32998275678209
12922,31552,15,0,2,33006865612801
12923,31552,15,0,3,33015455547393
12924,31552,15,0,4,33024045481985
12925,31552,15,0,5,33032635416577
12926,31552,15,0,6,33041225351169
12927,31552,15,0,7,33049815285761
12928,31552,16,0,0,35188708999169
12929,31552,16,0,1,35197298933761
12930,31552,16,0,2,35205888868353
12931,31552,16,0,3,35214478802945
12932,31552,16,0,4,35223068737537
12933,31552,16,0,5,35231658672129
12934,31552,16,0,6,35240248606721
12935,31552,16,0,7,35248838541313
12936,31552,17,0,0,37387732254721
12937,31552,17,0,1,37396322189313
12938,31552,17,0,2,37404912123905
12939,31552,17,0,3,37413502058497
12940,31552,17,0,4,37422091993089
12941,31552,17,0,5,37430681927681
12942,31552,17,0,6,37439271862273
12943,31552,17,0,7,37447861796865
12944,31552,18,0,0,39586755510273
12945,31552,18,0,1,39595345444865
12946,31552,18,0,2,39603935379457
12947,31552,18,0,3,39612525314049
12948,31552,18,0,4,39621115248641
12949,31552,18,0,5,39629705183233
12950,31552,18,0,6,39638295117825
12951,31552,18,0,7,39646885052417
12952,31552,19,0,0,41785778765825
12953,31552,19,0,1,41794368700417
12954,31552,19,0,2,41802958635009
12955,31552,19,0,3,41811548569601
12956,31552,19,0,4,41820138504193
12957,31552,19,0,5,41828728438785
12958,31552,19,0,6,41837318373377
12959,31552,19,0,7,41845908307969
12960,31552,20,0,0,43984802021377
12961,31552,20,0,1,43993391955969
12962,31552,20,0,2,44001981890561
12963,31552,20,0,3,44010571825153
12964,31552,20,0,4,44019161759745
12965,31552,20,0,5,44027751694337
12966,31552,20,0,6,44036341628929
12967,31552,20,0,7,44044931563521
12968,31552,21,0,0,46183825276929
12969,31552,21,0,1,46192415211521
12970,31552,21,0,2,46201005146113
12971,31552,21,0,3,46209595080705
12972,31552,21,0,4,46218185015297
12973,31552,21,0,5,46226774949889
12974,31552,21,0,6,46235364884481
12975,31552,21,0,7,46243954819073
12976,31552,22,0,0,48382848532481
12977,31552,22,0,1,48391438467073
12978,31552,22,0,2,48400028401665
12979,31552,22,0,3,48408618336257
12980,31552,22,0,4,48417208270849
12981,31552,22,0,5,48425798205441
12982,31552,22,0,6,48434388140033
12983,31552,22,0,7,48442978074625
12984,31552,23,0,0,50581871788033
12985,31552,23,0,1,50590461722625
12986,31552,23,0,2,50599051657217
12987,31552,23,0,3,50607641591809
12988,31552,23,0,4,50616231526401
12989,31552,23,0,5,50624821460993
12990,31552,23,0,6,50633411395585
12991,31552,23,0,7,50642001330177
12992,31552,24,0,0,52780895043585
12993,31552,24,0,1,52789484978177
12994,31552,24,0,2,52798074912769
12995,31552,24,0,3,52806664847361
12996,31552,24,0,4,52815254781953
12997,31552,24,0,5,52823844716545
12998,31552,24,0,6,52832434651137
12999,31552,24,0,7,52841024585729
13000,31552,25,0,0,54979918299137
13001,31552,25,0,1,54988508233729
13002,31552,25,0,2,54997098168321
13003,31552,25,0,3,55005688102913
13004,31552,25,0,4,55014278037505
13005,31552,25,0,5,55022867972097
13006,31552,25,0,6,55031457906689
13007,31552,25,0,7,55040047841281
13008,31552,26,0,0,57178941554689
13009,31552,26,0,1,57187531489281
13010,31552,26,0,2,57196121423873
13011,31552,26,0,3,57204711358465
13012,31552,26,0,4,57213301293057
13013,31552,26,0,5,57221891227649
13014,31552,26,0,6,57230481162241
13015,31552,26,0,7,57239071096833
13016,31552,27,0,0,59377964810241
13017,31552,27,0,1,59386554744833
13018,31552,27,0,2,59395144679425
13019,31552,27,0,3,59403734614017
13020,31552,27,0,4,59412324548609
13021,31552,27,0,5,59420914483201
13022,31552,27,0,6,59429504417793
13023,31552,27,0,7,59438094352385
13024,31552,28,0,0,61576988065793
13025,31552,28,0,1,61585578000385
13026,31552,28,0,2,61594167934977
13027,31552,28,0,3,61602757869569
13028,31552,28,0,4,61611347804161
13029,31552,28,0,5,61619937738753
13030,31552,28,0,6,61628527673345
13031,31552,28,0,7,61637117607937
13032,31552,29,0,0,63776011321345
13033,31552,29,0,1,63784601255937
13034,31552,29,0,2,63793191190529
13035,31552,29,0,3,63801781125121
13036,31552,29,0,4,63810371059713
13037,31552,29,0,5,63818960994305
13038,31552,29,0,6,63827550928897
13039,31552,29,0,7,63836140863489
13040,31552,30,0,0,65975034576897
13041,31552,30,0,1,65983624511489
13042,31552,30,0,2,65992214446081
13043,31552,30,0,3,66000804380673
13044,31552,30,0,4,66009394315265
13045,31552,30,0,5,66017984249857
13046,31552,30,0,6,66026574184449
13047,31552,30,0,7,66035164119041
13048,31552,31,0,0,68174057832449
13049,31552,31,0,1,68182647767041
13050,31552,31,0,2,68191237701633
13051,31552,31,0,3,68199827636225
13052,31552,31,0,4,68208417570817
13053,31552,31,0,5,68217007505409
13054,31552,31,0,6,68225597440001
13055,31552,31,0,7,68234187374593
13056,31552,32,0,0,70373081088001
13057,31552,32,0,1,70381671022593
13058,31552,32,0,2,70390260957185
13059,31552,32,0,3,70398850891777
13060,31552,32,0,4,70407440826369
13061,31552,32,0,5,70416030760961
13062,31552,32,0,6,70424620695553
13063,31552,32,0,7,70433210630145
13064,31552,33,0,0,72572104343553
13065,31552,33,0,1,72580694278145
13066,31552,33,0,2,72589284212737
13067,31552,33,0,3,72597874147329
13068,31552,33,0,4,72606464081921
13069,31552,33,0,5,72615054016513
13070,31552,33,0,6,72623643951105
13071,31552,33,0,7,72632233885697
13072,31552,34,0,0,74771127599105
13073,31552,34,0,1,74779717533697
13074,31552,34,0,2,74788307468289
13075,31552,34,0,3,74796897402881
13076,31552,34,0,4,74805487337473
13077,31552,34,0,5,74814077272065
13078,31552,34,0,6,74822667206657
13079,31552,34,0,7,74831257141249
13080,31552,35,0,0,76970150854657
13081,31552,35,0,1,76978740789249
13082,31552,35,0,2,76987330723841
13083,31552,35,0,3,76995920658433
13084,31552,35,0,4,77004510593025
13085,31552,35,0,5,77013100527617
13086,31552,35,0,6,77021690462209
13087,31552,35,0,7,77030280396801
13088,31552,36,0,0,79169174110209
13089,31552,36,0,1,79177764044801
13090,31552,36,0,2,79186353979393
13091,31552,36,0,3,79194943913985
13092,31552,36,0,4,79203533848577
13093,31552,36,0,5,79212123783169
13094,31552,36,0,6,79220713717761
13095,31552,36,0,7,79229303652353
13096,31552,37,0,0,81368197365761
13097,31552,37,0,1,81376787300353
13098,31552,37,0,2,81385377234945
13099,31552,37,0,3,81393967169537
13100,31552,37,0,4,81402557104129
13101,31552,37,0,5,81411147038721
13102,31552,37,0,6,81419736973313
13103,31552,37,0,7,81428326907905
13104,31552,38,0,0,83567220621313
13105,31552,38,0,1,83575810555905
13106,31552,38,0,2,83584400490497
13107,31552,38,0,3,83592990425089
13108,31552,38,0,4,83601580359681
13109,31552,38,0,5,83610170294273
13110,31552,38,0,6,83618760228865
13111,31552,38,0,7,83627350163457
13112,31552,39,0,0,85766243876865
13113,31552,39,0,1,85774833811457
13114,31552,39,0,2,85783423746049
13115,31552,39,0,3,85792013680641
13116,31552,39,0,4,85800603615233
13117,31552,39,0,5,85809193549825
13118,31552,39,0,6,85817783484417
13119,31552,39,0,7,85826373419009
13120,31552,40,0,0,87965267132417
13121,31552,40,0,1,87973857067009
13122,31552,40,0,2,87982447001601
13123,31552,40,0,3,87991036936193
13124,31552,40,0,4,87999626870785
13125,31552,40,0,5,88008216805377
13126,31552,40,0,6,88016806739969
13127,31552,40,0,7,88025396674561
13128,31552,41,0,0,90164290387969
13129,31552,41,0,1,90172880322561
13130,31552,41,0,2,90181470257153
13131,31552,41,0,3,90190060191745
13132,31552,41,0,4,90198650126337
13133,31552,41,0,5,90207240060929
13134,31552,41,0,6,90215829995521
13135,31552,41,0,7,90224419930113
13136,31552,42,0,0,92363313643521
13137,31552,42,0,1,92371903578113
13138,31552,42,0,2,92380493512705
13139,31552,42,0,3,92389083447297
13140,31552,42,0,4,92397673381889
13141,31552,42,0,5,92406263316481
13142,31552,42,0,6,92414853251073
13143,31552,42,0,7,92423443185665
13144,31552,43,0,0,94562336899073
13145,31552,43,0,1,94570926833665
13146,31552,43,0,2,94579516768257
13147,31552,43,0,3,94588106702849
13148,31552,43,0,4,94596696637441
13149,31552,43,0,5,94605286572033
13150,31552,43,0,6,94613876506625
13151,31552,43,0,7,94622466441217
13152,31552,44,0,0,96761360154625
13153,31552,44,0,1,96769950089217
13154,31552,44,0,2,96778540023809
13155,31552,44,0,3,96787129958401
13156,31552,44,0,4,96795719892993
13157,31552,44,0,5,96804309827585
13158,31552,44,0,6,96812899762177
13159,31552,44,0,7,96821489696769
13160,31552,45,0,0,98960383410177
13161,31552,45,0,1,98968973344769
13162,31552,45,0,2,98977563279361
13163,31552,45,0,3,98986153213953
13164,31552,45,0,4,98994743148545
13165,31552,45,0,5,99003333083137
13166,31552,45,0,6,99011923017729
13167,31552,45,0,7,99020512952321
13168,31552,46,0,0,101159406665729
13169,31552,46,0,1,101167996600321
13170,31552,46,0,2,101176586534913
13171,31552,46,0,3,101185176469505
13172,31552,46,0,4,101193766404097
13173,31552,46,0,5,101202356338689
13174,31552,46,0,6,101210946273281
13175,31552,46,0,7,101219536207873
13176,31552,47,0,0,103358429921281
13177,31552,47,0,1,103367019855873
13178,31552,47,0,2,103375609790465
13179,31552,47,0,3,103384199725057
13180,31552,47,0,4,103392789659649
13181,31552,47,0,5,103401379594241
13182,31552,47,0,6,103409969528833
13183,31552,47,0,7,103418559463425
13184,31552,48,0,0,105557453176833
13185,31552,48,0,1,105566043111425
13186,31552,48,0,2,105574633046017
13187,31552,48,0,3,105583222980609
13188,31552,48,0,4,105591812915201
13189,31552,48,0,5,105600402849793
13190,31552,48,0,6,105608992784385
13191,31552,48,0,7,105617582718977
13192,31552,49,0,0,107756476432385
13193,31552,49,0,1,107765066366977
13194,31552,49,0,2,107773656301569
13195,31552,49,0,3,107782246236161
13196,31552,49,0,4,107790836170753
13197,31552,49,0,5,107799426105345
13198,31552,49,0,6,107808016039937
13199,31552,49,0,7,107816605974529
13200,31552,50,0,0,109955499687937
13201,31552,50,0,1,109964089622529
13202,31552,50,0,2,109972679557121
13203,31552,50,0,3,109981269491713
13204,31552,50,0,4,109989859426305
13205,31552,50,0,5,109998449360897
13206,31552,50,0,6,110007039295489
13207,31552,50,0,7,110015629230081
13208,31552,51,0,0,112154522943489
13209,31552,51,0,1,112163112878081
13210,31552,51,0,2,112171702812673
13211,31552,51,0,3,112180292747265
13212,31552,51,0,4,112188882681857
13213,31552,51,0,5,112197472616449
13214,31552,51,0,6,112206062551041
13215,31552,51,0,7,112214652485633
13216,31552,52,0,0,114353546199041
13217,31552,52,0,1,114362136133633
13218,31552,52,0,2,114370726068225
13219,31552,52,0,3,114379316002817
13220,31552,52,0,4,114387905937409
13221,31552,52,0,5,114396495872001
13222,31552,52,0,6,114405085806593
13223,31552,52,0,7,114413675741185
13224,31552,53,0,0,116552569454593
13225,31552,53,0,1,116561159389185
13226,31552,53,0,2,116569749323777
13227,31552,53,0,3,116578339258369
13228,31552,53,0,4,116586929192961
13229,31552,53,0,5,116595519127553
13230,31552,53,0,6,116604109062145
13231,31552,53,0,7,116612698996737
13232,31552,54,0,0,118751592710145
13233,31552,54,0,1,118760182644737
13234,31552,54,0,2,118768772579329
13235,31552,54,0,3,118777362513921
13236,31552,54,0,4,118785952448513
13237,31552,54,0,5,118794542383105
13238,31552,54,0,6,118803132317697
13239,31552,54,0,7,118811722252289
13240,31552,55,0,0,120950615965697
13241,31552,55,0,1,120959205900289
13242,31552,55,0,2,120967795834881
13243,31552,55,0,3,120976385769473
13244,31552,55,0,4,120984975704065
13245,31552,55,0,5,120993565638657
13246,31552,55,0,6,121002155573249
13247,31552,55,0,7,121010745507841
13248,31552,56,0,0,123149639221249
13249,31552,56,0,1,123158229155841
13250,31552,56,0,2,123166819090433
13251,31552,56,0,3,123175409025025
13252,31552,56,0,4,123183998959617
13253,31552,56,0,5,123192588894209
13254,31552,56,0,6,123201178828801
13255,31552,56,0,7,123209768763393
13256,31552,57,0,0,125348662476801
13257,31552,57,0,1,125357252411393
13258,31552,57,0,2,125365842345985
13259,31552,57,0,3,125374432280577
13260,31552,57,0,4,125383022215169
13261,31552,57,0,5,125391612149761
13262,31552,57,0,6,125400202084353
13263,31552,57,0,7,125408792018945
13264,31552,58,0,0,127547685732353
13265,31552,58,0,1,127556275666945
13266,31552,58,0,2,127564865601537
13267,31552,58,0,3,127573455536129
13268,31552,58,0,4,127582045470721
13269,31552,58,0,5,127590635405313
13270,31552,58,0,6,127599225339905
13271,31552,58,0,7,127607815274497
13272,31552,59,0,0,129746708987905
13273,31552,59,0,1,129755298922497
13274,31552,59,0,2,129763888857089
13275,31552,59,0,3,129772478791681
13276,31552,59,0,4,129781068726273
13277,31552,59,0,5,129789658660865
13278,31552,59,0,6,129798248595457
13279,31552,59,0,7,129806838530049
13280,31552,60,0,0,131945732243457
13281,31552,60,0,1,131954322178049
13282,31552,60,0,2,131962912112641
13283,31552,60,0,3,131971502047233
13284,31552,60,0,4,131980091981825
13285,31552,60,0,5,131988681916417
13286,31552,60,0,6,131997271851009
13287,31552,60,0,7,132005861785601
13288,31552,61,0,0,134144755499009
13289,31552,61,0,1,134153345433601
13290,31552,61,0,2,134161935368193
13291,31552,61,0,3,134170525302785
13292,31552,61,0,4,134179115237377
13293,31552,61,0,5,134187705171969
13294,31552,61,0,6,134196295106561
13295,31552,61,0,7,134204885041153
13296,31552,62,0,0,136343778754561
13297,31552,62,0,1,136352368689153
13298,31552,62,0,2,136360958623745
13299,31552,62,0,3,136369548558337
13300,31552,62,0,4,136378138492929
13301,31552,62,0,5,136386728427521
13302,31552,62,0,6,136395318362113
13303,31552,62,0,7,136403908296705
13304,31552,63,0,0,138542802010113
13305,31552,63,0,1,138551391944705
13306,31552,63,0,2,138559981879297
13307,31552,63,0,3,138568571813889
13308,31552,63,0,4,138577161748481
13309,31552,63,0,5,138585751683073
13310,31552,63,0,6,138594341617665
13311,31552,63,0,7,138602931552257
13312,31554,0,0,0,4336910338
13313,31554,0,0,1,12926844930
13314,31554,0,0,2,21516779522
13315,31554,0,0,3,30106714114
13316,31554,0,0,4,38696648706
13317,31554,0,0,5,47286583298
13318,31554,0,0,6,55876517890
13319,31554,0,0,7,64466452482
13320,31554,1,0,0,2203360165890
13321,31554,1,0,1,2211950100482
13322,31554,1,0,2,2220540035074
13323,31554,1,0,3,2229129969666
13324,31554,1,0,4,2237719904258
13325,31554,1,0,5,2246309838850
13326,31554,1,0,6,2254899773442
13327,31554,1,0,7,2263489708034
13328,31554,2,0,0,4402383421442
13329,31554,2,0,1,4410973356034
13330,31554,2,0,2,4419563290626
13331,31554,2,0,3,4428153225218
13332,31554,2,0,4,4436743159810
13333,31554,2,0,5,4445333094402
13334,31554,2,0,6,4453923028994
13335,31554,2,0,7,4462512963586
13336,31554,3,0,0,6601406676994
13337,31554,3,0,1,6609996611586
13338,31554,3,0,2,6618586546178
13339,31554,3,0,3,6627176480770
13340,31554,3,0,4,6635766415362
13341,31554,3,0,5,6644356349954
13342,31554,3,0,6,6652946284546
13343,31554,3,0,7,6661536219138
13344,31554,4,0,0,8800429932546
13345,31554,4,0,1,8809019867138
13346,31554,4,0,2,8817609801730
13347,31554,4,0,3,8826199736322
13348,31554,4,0,4,8834789670914
13349,31554,4,0,5,8843379605506
13350,31554,4,0,6,8851969540098
13351,31554,4,0,7,8860559474690
13352,31554,5,0,0,10999453188098
13353,31554,5,0,1,11008043122690
13354,31554,5,0,2,11016633057282
13355,31554,5,0,3,11025222991874
13356,31554,5,0,4,11033812926466
13357,31554,5,0,5,11042402861058
13358,31554,5,0,6,11050992795650
13359,31554,5,0,7,11059582730242
13360,31554,6,0,0,13198476443650
13361,31554,6,0,1,13207066378242
13362,31554,6,0,2,13215656312834
13363,31554,6,0,3,13224246247426
13364,31554,6,0,4,13232836182018
13365,31554,6,0,5,13241426116610
13366,31554,6,0,6,13250016051202
13367,31554,6,0,7,13258605985794
13368,31554,7,0,0,15397499699202
13369,31554,7,0,1,15406089633794
13370,31554,7,0,2,15414679568386
13371,31554,7,0,3,15423269502978
13372,31554,7,0,4,15431859437570
13373,31554,7,0,5,15440449372162
13374,31554,7,0,6,15449039306754
13375,31554,7,0,7,15457629241346
13376,31554,8,0,0,17596522954754
13377,31554,8,0,1,17605112889346
13378,31554,8,0,2,17613702823938
13379,31554,8,0,3,17622292758530
13380,31554,8,0,4,17630882693122
13381,31554,8,0,5,17639472627714
13382,31554,8,0,6,17648062562306
13383,31554,8,0,7,17656652496898
13384,31554,9,0,0,19795546210306
13385,31554,9,0,1,19804136144898
13386,31554,9,0,2,19812726079490
13387,31554,9,0,3,19821316014082
13388,31554,9,0,4,19829905948674
13389,31554,9,0,5,19838495883266
13390,31554,9,0,6,19847085817858
13391,31554,9,0,7,19855675752450
13392,31554,10,0,0,21994569465858
13393,31554,10,0,1,22003159400450
13394,31554,10,0,2,22011749335042
13395,31554,10,0,3,22020339269634
13396,31554,10,0,4,22028929204226
13397,31554,10,0,5,22037519138818
13398,31554,10,0,6,22046109073410
13399,31554,10,0,7,22054699008002
13400,31554,11,0,0,24193592721410
13401,31554,11,0,1,24202182656002
13402,31554,11,0,2,24210772590594
13403,31554,11,0,3,24219362525186
13404,31554,11,0,4,24227952459778
13405,31554,11,0,5,24236542394370
13406,31554,11,0,6,24245132328962
13407,31554,11,0,7,24253722263554
13408,31554,12,0,0,26392615976962
13409,31554,12,0,1,26401205911554
13410,31554,12,0,2,26409795846146
13411,31554,12,0,3,26418385780738
13412,31554,12,0,4,26426975715330
13413,31554,12,0,5,26435565649922
13414,31554,12,0,6,26444155584514
13415,31554,12,0,7,26452745519106
13416,31554,13,0,0,28591639232514
13417,31554,13,0,1,28600229167106
13418,31554,13,0,2,28608819101698
13419,31554,13,0,3,28617409036290
13420,31554,13,0,4,28625998970882
13421,31554,13,0,5,28634588905474
13422,31554,13,0,6,28643178840066
13423,31554,13,0,7,28651768774658
13424,31554,14,0,0,30790662488066
13425,31554,14,0,1,30799252422658
13426,31554,14,0,2,30807842357250
13427,31554,14,0,3,30816432291842
13428,31554,14,0,4,30825022226434
13429,31554,14,0,5,30833612161026
13430,31554,14,0,6,30842202095618
13431,31554,14,0,7,30850792030210
13432,31554,15,0,0,32989685743618
13433,31554,15,0,1,32998275678210
13434,31554,15,0,2,33006865612802
13435,31554,15,0,3,33015455547394
13436,31554,15,0,4,33024045481986
13437,31554,15,0,5,33032635416578
13438,31554,15,0,6,33041225351170
13439,31554,15,0,7,33049815285762
13440,31554,16,0,0,35188708999170
13441,31554,16,0,1,35197298933762
13442,31554,16,0,2,35205888868354
13443,31554,16,0,3,35214478802946
13444,31554,16,0,4,35223068737538
13445,31554,16,0,5,35231658672130
13446,31554,16,0,6,35240248606722
13447,31554,16,0,7,35248838541314
13448,31554,17,0,0,37387732254722
13449,31554,17,0,1,37396322189314
13450,31554,17,0,2,37404912123906
13451,31554,17,0,3,37413502058498
13452,31554,17,0,4,37422091993090
13453,31554,17,0,5,37430681927682
13454,31554,17,0,6,37439271862274
13455,31554,17,0,7,37447861796866
13456,31554,18,0,0,39586755510274
13457,31554,18,0,1,39595345444866
13458,31554,18,0,2,39603935379458
13459,31554,18,0,3,39612525314050
13460,31554,18,0,4,39621115248642
13461,31554,18,0,5,39629705183234
13462,31554,18,0,6,39638295117826
13463,31554,18,0,7,39646885052418
13464,31554,19,0,0,41785778765826
13465,31554,19,0,1,41794368700418
13466,31554,19,0,2,41802958635010
13467,31554,19,0,3,41811548569602
13468,31554,19,0,4,41820138504194
13469,31554,19,0,5,41828728438786
13470,31554,19,0,6,41837318373378
13471,31554,19,0,7,41845908307970
13472,31554,20,0,0,43984802021378
13473,31554,20,0,1,43993391955970
13474,31554,20,0,2,44001981890562
13475,31554,20,0,3,44010571825154
13476,31554,20,0,4,44019161759746
13477,31554,20,0,5,44027751694338
13478,31554,20,0,6,44036341628930
13479,31554,20,0,7,44044931563522
13480,31554,21,0,0,46183825276930
13481,31554,21,0,1,46192415211522
13482,31554,21,0,2,46201005146114
13483,31554,21,0,3,46209595080706
13484,31554,21,0,4,46218185015298
13485,31554,21,0,5,46226774949890
13486,31554,21,0,6,46235364884482
13487,31554,21,0,7,46243954819074
13488,31554,22,0,0,48382848532482
13489,31554,22,0,1,48391438467074
13490,31554,22,0,2,48400028401666
13491,31554,22,0,3,48408618336258
13492,31554,22,0,4,48417208270850
13493,31554,22,0,5,48425798205442
13494,31554,22,0,6,48434388140034
13495,31554,22,0,7,48442978074626
13496,31554,23,0,0,50581871788034
13497,31554,23,0,1,50590461722626
13498,31554,23,0,2,50599051657218
13499,31554,23,0,3,50607641591810
13500,31554,23,0,4,50616231526402
13501,31554,23,0,5,50624821460994
13502,31554,23,0,6,50633411395586
13503,31554,23,0,7,50642001330178
13504,31554,24,0,0,52780895043586
13505,31554,24,0,1,52789484978178
13506,31554,24,0,2,52798074912770
13507,31554,24,0,3,52806664847362
13508,31554,24,0,4,52815254781954
13509,31554,24,0,5,52823844716546
13510,31554,24,0,6,52832434651138
13511,31554,24,0,7,52841024585730
13512,31554,25,0,0,54979918299138
13513,31554,25,0,1,54988508233730
13514,31554,25,0,2,54997098168322
13515,31554,25,0,3,55005688102914
13516,31554,25,0,4,55014278037506
13517,31554,25,0,5,55022867972098
13518,31554,25,0,6,55031457906690
13519,31554,25,0,7,55040047841282
13520,31554,26,0,0,57178941554690
13521,31554,26,0,1,57187531489282
13522,31554,26,0,2,57196121423874
13523,31554,26,0,3,57204711358466
13524,31554,26,0,4,57213301293058
13525,31554,26,0,5,57221891227650
13526,31554,26,0,6,57230481162242
13527,31554,26,0,7,57239071096834
13528,31554,27,0,0,59377964810242
13529,31554,27,0,1,59386554744834
13530,31554,27,0,2,59395144679426
13531,31554,27,0,3,59403734614018
13532,31554,27,0,4,59412324548610
13533,31554,27,0,5,59420914483202
13534,31554,27,0,6,59429504417794
13535,31554,27,0,7,59438094352386
13536,31554,28,0,0,61576988065794
13537,31554,28,0,1,61585578000386
13538,31554,28,0,2,61594167934978
13539,31554,28,0,3,61602757869570
13540,31554,28,0,4,61611347804162
13541,31554,28,0,5,61619937738754
13542,31554,28,0,6,61628527673346
13543,31554,28,0,7,61637117607938
13544,31554,29,0,0,63776011321346
13545,31554,29,0,1,63784601255938
13546,31554,29,0,2,63793191190530
13547,31554,29,0,3,63801781125122
13548,31554,29,0,4,63810371059714
13549,31554,29,0,5,63818960994306
13550,31554,29,0,6,63827550928898
13551,31554,29,0,7,63836140863490
13552,31554,30,0,0,65975034576898
13553,31554,30,0,1,65983624511490
13554,31554,30,0,2,65992214446082
13555,31554,30,0,3,66000804380674
13556,31554,30,0,4,66009394315266
13557,31554,30,0,5,66017984249858
13558,31554,30,0,6,66026574184450
13559,31554,30,0,7,66035164119042
13560,31554,31,0,0,68174057832450
13561,31554,31,0,1,68182647767042
13562,31554,31,0,2,68191237701634
13563,31554,31,0,3,68199827636226
13564,31554,31,0,4,68208417570818
13565,31554,31,0,5,68217007505410
13566,31554,31,0,6,68225597440002
13567,31554,31,0,7,68234187374594
13568,31554,32,0,0,70373081088002
13569,31554,32,0,1,70381671022594
13570,31554,32,0,2,70390260957186
13571,31554,32,0,3,70398850891778
13572,31554,32,0,4,70407440826370
13573,31554,32,0,5,70416030760962
13574,31554,32,0,6,70424620695554
13575,31554,32,0,7,70433210630146
13576,31554,33,0,0,72572104343554
13577,31554,33,0,1,72580694278146
13578,31554,33,0,2,72589284212738
13579,31554,33,0,3,72597874147330
13580,31554,33,0,4,72606464081922
13581,31554,33,0,5,72615054016514
13582,31554,33,0,6,72623643951106
13583,31554,33,0,7,72632233885698
13584,31554,34,0,0,74771127599106
13585,31554,34,0,1,74779717533698
13586,31554,34,0,2,74788307468290
13587,31554,34,0,3,74796897402882
13588,31554,34,0,4,74805487337474
13589,31554,34,0,5,74814077272066
13590,31554,34,0,6,74822667206658
13591,31554,34,0,7,74831257141250
13592,31554,35,0,0,76970150854658
13593,31554,35,0,1,76978740789250
13594,31554,35,0,2,76987330723842
13595,31554,35,0,3,76995920658434
13596,31554,35,0,4,77004510593026
13597,31554,35,0,5,77013100527618
13598,31554,35,0,6,77021690462210
13599,31554,35,0,7,77030280396802
13600,31554,36,0,0,79169174110210
13601,31554,36,0,1,79177764044802
13602,31554,36,0,2,79186353979394
13603,31554,36,0,3,79194943913986
13604,31554,36,0,4,79203533848578
13605,31554,36,0,5,79212123783170
13606,31554,36,0,6,79220713717762
13607,31554,36,0,7,79229303652354
13608,31554,37,0,0,81368197365762
13609,31554,37,0,1,81376787300354
13610,31554,37,0,2,81385377234946
13611,31554,37,0,3,81393967169538
13612,31554,37,0,4,81402557104130
13613,31554,37,0,5,81411147038722
13614,31554,37,0,6,81419736973314
13615,31554,37,0,7,81428326907906
13616,31554,38,0,0,83567220621314
13617,31554,38,0,1,83575810555906
13618,31554,38,0,2,83584400490498
13619,31554,38,0,3,83592990425090
13620,31554,38,0,4,83601580359682
13621,31554,38,0,5,83610170294274
13622,31554,38,0,6,83618760228866
13623,31554,38,0,7,83627350163458
13624,31554,39,0,0,85766243876866
13625,31554,39,0,1,85774833811458
13626,31554,39,0,2,85783423746050
13627,31554,39,0,3,85792013680642
13628,31554,39,0,4,85800603615234
13629,31554,39,0,5,85809193549826
13630,31554,39,0,6,85817783484418
13631,31554,39,0,7,85826373419010
13632,31554,40,0,0,87965267132418
13633,31554,40,0,1,87973857067010
13634,31554,40,0,2,87982447001602
13635,31554,40,0,3,87991036936194
13636,31554,40,0,4,87999626870786
13637,31554,40,0,5,88008216805378
13638,31554,40,0,6,88016806739970
13639,31554,40,0,7,88025396674562
13640,31554,41,0,0,90164290387970
13641,31554,41,0,1,90172880322562
13642,31554,41,0,2,90181470257154
13643,31554,41,0,3,90190060191746
13644,31554,41,0,4,90198650126338
13645,31554,41,0,5,90207240060930
13646,31554,41,0,6,90215829995522
13647,31554,41,0,7,90224419930114
13648,31554,42,0,0,92363313643522
13649,31554,42,0,1,92371903578114
13650,31554,42,0,2,92380493512706
13651,31554,42,0,3,92389083447298
13652,31554,42,0,4,92397673381890
13653,31554,42,0,5,92406263316482
13654,31554,42,0,6,92414853251074
13655,31554,42,0,7,92423443185666
13656,31554,43,0,0,94562336899074
13657,31554,43,0,1,94570926833666
13658,31554,43,0,2,94579516768258
13659,31554,43,0,3,94588106702850
13660,31554,43,0,4,94596696637442
13661,31554,43,0,5,94605286572034
13662,31554,43,0,6,94613876506626
13663,31554,43,0,7,94622466441218
13664,31554,44,0,0,96761360154626
13665,31554,44,0,1,96769950089218
13666,31554,44,0,2,96778540023810
13667,31554,44,0,3,96787129958402
13668,31554,44,0,4,96795719892994
13669,31554,44,0,5,96804309827586
13670,31554,44,0,6,96812899762178
13671,31554,44,0,7,96821489696770
13672,31554,45,0,0,98960383410178
13673,31554,45,0,1,98968973344770
13674,31554,45,0,2,98977563279362
13675,31554,45,0,3,98986153213954
13676,31554,45,0,4,98994743148546
13677,31554,45,0,5,99003333083138
13678,31554,45,0,6,99011923017730
13679,31554,45,0,7,99020512952322
13680,31554,46,0,0,101159406665730
13681,31554,46,0,1,101167996600322
13682,31554,46,0,2,101176586534914
13683,31554,46,0,3,101185176469506
13684,31554,46,0,4,101193766404098
13685,31554,46,0,5,101202356338690
13686,31554,46,0,6,101210946273282
13687,31554,46,0,7,101219536207874
13688,31554,47,0,0,103358429921282
13689,31554,47,0,1,103367019855874
13690,31554,47,0,2,103375609790466
13691,31554,47,0,3,103384199725058
13692,31554,47,0,4,103392789659650
13693,31554,47,0,5,103401379594242
13694,31554,47,0,6,103409969528834
13695,31554,47,0,7,103418559463426
13696,31554,48,0,0,105557453176834
13697,31554,48,0,1,105566043111426
13698,31554,48,0,2,105574633046018
13699,31554,48,0,3,105583222980610
13700,31554,48,0,4,105591812915202
13701,31554,48,0,5,105600402849794
13702,31554,48,0,6,105608992784386
13703,31554,48,0,7,105617582718978
13704,31554,49,0,0,107756476432386
13705,31554,49,0,1,107765066366978
13706,31554,49,0,2,107773656301570
13707,31554,49,0,3,107782246236162
13708,31554,49,0,4,107790836170754
13709,31554,49,0,5,107799426105346
13710,31554,49,0,6,107808016039938
13711,31554,49,0,7,107816605974530
13712,31554,50,0,0,109955499687938
13713,31554,50,0,1,109964089622530
13714,31554,50,0,2,109972679557122
13715,31554,50,0,3,109981269491714
13716,31554,50,0,4,109989859426306
13717,31554,50,0,5,109998449360898
13718,31554,50,0,6,110007039295490
13719,31554,50,0,7,110015629230082
13720,31554,51,0,0,112154522943490
13721,31554,51,0,1,112163112878082
13722,31554,51,0,2,112171702812674
13723,31554,51,0,3,112180292747266
13724,31554,51,0,4,112188882681858
13725,31554,51,0,5,112197472616450
13726,31554,51,0,6,112206062551042
13727,31554,51,0,7,112214652485634
13728,31554,52,0,0,114353546199042
13729,31554,52,0,1,114362136133634
13730,31554,52,0,2,114370726068226
13731,31554,52,0,3,114379316002818
13732,31554,52,0,4,114387905937410
13733,31554,52,0,5,114396495872002
13734,31554,52,0,6,114405085806594
13735,31554,52,0,7,114413675741186
13736,31554,53,0,0,116552569454594
13737,31554,53,0,1,116561159389186
13738,31554,53,0,2,116569749323778
13739,31554,53,0,3,116578339258370
13740,31554,53,0,4,116586929192962
13741,31554,53,0,5,116595519127554
13742,31554,53,0,6,116604109062146
13743,31554,53,0,7,116612698996738
13744,31554,54,0,0,118751592710146
13745,31554,54,0,1,118760182644738
13746,31554,54,0,2,118768772579330
13747,31554,54,0,3,118777362513922
13748,31554,54,0,4,118785952448514
13749,31554,54,0,5,118794542383106
13750,31554,54,0,6,118803132317698
13751,31554,54,0,7,118811722252290
13752,31554,55,0,0,120950615965698
13753,31554,55,0,1,120959205900290
13754,31554,55,0,2,120967795834882
13755,31554,55,0,3,120976385769474
13756,31554,55,0,4,120984975704066
13757,31554,55,0,5,120993565638658
13758,31554,55,0,6,121002155573250
13759,31554,55,0,7,121010745507842
13760,31554,56,0,0,123149639221250
13761,31554,56,0,1,123158229155842
13762,31554,56,0,2,123166819090434
13763,31554,56,0,3,123175409025026
13764,31554,56,0,4,123183998959618
13765,31554,56,0,5,123192588894210
13766,31554,56,0,6,123201178828802
13767,31554,56,0,7,123209768763394
13768,31554,57,0,0,125348662476802
13769,31554,57,0,1,125357252411394
13770,31554,57,0,2,125365842345986
13771,31554,57,0,3,125374432280578
13772,31554,57,0,4,125383022215170
13773,31554,57,0,5,125391612149762
13774,31554,57,0,6,125400202084354
13775,31554,57,0,7,125408792018946
13776,31554,58,0,0,127547685732354
13777,31554,58,0,1,127556275666946
13778,31554,58,0,2,127564865601538
13779,31554,58,0,3,127573455536130
13780,31554,58,0,4,127582045470722
13781,31554,58,0,5,127590635405314
13782,31554,58,0,6,127599225339906
13783,31554,58,0,7,127607815274498
13784,31554,59,0,0,129746708987906
13785,31554,59,0,1,129755298922498
13786,31554,59,0,2,129763888857090
13787,31554,59,0,3,129772478791682
13788,31554,59,0,4,129781068726274
13789,31554,59,0,5,129789658660866
13790,31554,59,0,6,129798248595458
13791,31554,59,0,7,129806838530050
13792,31554,60,0,0,131945732243458
13793,31554,60,0,1,131954322178050
13794,31554,60,0,2,131962912112642
13795,31554,60,0,3,131971502047234
13796,31554,60,0,4,131980091981826
13797,31554,60,0,5,131988681916418
13798,31554,60,0,6,131997271851010
13799,31554,60,0,7,132005861785602
13800,31554,61,0,0,134144755499010
13801,31554,61,0,1,134153345433602
13802,31554,61,0,2,134161935368194
13803,31554,61,0,3,134170525302786
13804,31554,61,0,4,134179115237378
13805,31554,61,0,5,134187705171970
13806,31554,61,0,6,134196295106562
13807,31554,61,0,7,134204885041154
13808,31554,62,0,0,136343778754562
13809,31554,62,0,1,136352368689154
13810,31554,62,0,2,136360958623746
13811,31554,62,0,3,136369548558338
13812,31554,62,0,4,136378138492930
13813,31554,62,0,5,136386728427522
13814,31554,62,0,6,136395318362114
13815,31554,62,0,7,136403908296706
13816,31554,63,0,0,138542802010114
13817,31554,63,0,1,138551391944706
13818,31554,63,0,2,138559981879298
13819,31554,63,0,3,138568571813890
13820,31554,63,0,4,138577161748482
13821,31554,63,0,5,138585751683074
13822,31554,63,0,6,138594341617666
13823,31554,63,0,7,138602931552258
13824,31556,0,0,0,4336910339
13825,31556,0,0,1,12926844931
13826,31556,0,0,2,21516779523
13827,31556,0,0,3,30106714115
13828,31556,0,0,4,38696648707
13829,31556,0,0,5,47286583299
13830,31556,0,0,6,55876517891
13831,31556,0,0,7,64466452483
13832,31556,1,0,0,2203360165891
13833,31556,1,0,1,2211950100483
13834,31556,1,0,2,2220540035075
13835,31556,1,0,3,2229129969667
13836,31556,1,0,4,2237719904259
13837,31556,1,0,5,2246309838851
13838,31556,1,0,6,2254899773443
13839,31556,1,0,7,2263489708035
13840,31556,2,0,0,4402383421443
13841,31556,2,0,1,4410973356035
13842,31556,2,0,2,4419563290627
13843,31556,2,0,3,4428153225219
13844,31556,2,0,4,4436743159811
13845,31556,2,0,5,4445333094403
13846,31556,2,0,6,4453923028995
13847,31556,2,0,7,4462512963587
13848,31556,3,0,0,6601406676995
13849,31556,3,0,1,6609996611587
13850,31556,3,0,2,6618586546179
13851,31556,3,0,3,6627176480771
13852,31556,3,0,4,6635766415363
13853,31556,3,0,5,6644356349955
13854,31556,3,0,6,6652946284547
13855,31556,3,0,7,6661536219139
13856,31556,4,0,0,8800429932547
13857,31556,4,0,1,8809019867139
13858,31556,4,0,2,8817609801731
13859,31556,4,0,3,8826199736323
13860,31556,4,0,4,8834789670915
13861,31556,4,0,5,8843379605507
13862,31556,4,0,6,8851969540099
13863,31556,4,0,7,8860559474691
13864,31556,5,0,0,10999453188099
13865,31556,5,0,1,11008043122691
13866,31556,5,0,2,11016633057283
13867,31556,5,0,3,11025222991875
13868,31556,5,0,4,11033812926467
13869,31556,5,0,5,11042402861059
13870,31556,5,0,6,11050992795651
13871,31556,5,0,7,11059582730243
13872,31556,6,0,0,13198476443651
13873,31556,6,0,1,13207066378243
13874,31556,6,0,2,13215656312835
13875,31556,6,0,3,13224246247427
13876,31556,6,0,4,13232836182019
13877,31556,6,0,5,13241426116611
13878,31556,6,0,6,13250016051203
13879,31556,6,0,7,13258605985795
13880,31556,7,0,0,15397499699203
13881,31556,7,0,1,15406089633795
13882,31556,7,0,2,15414679568387
13883,31556,7,0,3,15423269502979
13884,31556,7,0,4,15431859437571
13885,31556,7,0,5,15440449372163
13886,31556,7,0,6,15449039306755
13887,31556,7,0,7,15457629241347
13888,31556,8,0,0,17596522954755
13889,31556,8,0,1,17605112889347
13890,31556,8,0,2,17613702823939
13891,31556,8,0,3,17622292758531
13892,31556,8,0,4,17630882693123
13893,31556,8,0,5,17639472627715
13894,31556,8,0,6,17648062562307
13895,31556,8,0,7,17656652496899
13896,31556,9,0,0,19795546210307
13897,31556,9,0,1,19804136144899
13898,31556,9,0,2,19812726079491
13899,31556,9,0,3,19821316014083
13900,31556,9,0,4,19829905948675
13901,31556,9,0,5,19838495883267
13902,31556,9,0,6,19847085817859
13903,31556,9,0,7,19855675752451
13904,31556,10,0,0,21994569465859
13905,31556,10,0,1,22003159400451
13906,31556,10,0,2,22011749335043
13907,31556,10,0,3,22020339269635
13908,31556,10,0,4,22028929204227
13909,31556,10,0,5,22037519138819
13910,31556,10,0,6,22046109073411
13911,31556,10,0,7,22054699008003
13912,31556,11,0,0,24193592721411
13913,31556,11,0,1,24202182656003
13914,31556,11,0,2,24210772590595
13915,31556,11,0,3,24219362525187
13916,31556,11,0,4,24227952459779
13917,31556,11,0,5,24236542394371
13918,31556,11,0,6,24245132328963
13919,31556,11,0,7,24253722263555
13920,31556,12,0,0,26392615976963
13921,31556,12,0,1,26401205911555
13922,31556,12,0,2,26409795846147
13923,31556,12,0,3,26418385780739
13924,31556,12,0,4,26426975715331
13925,31556,12,0,5,26435565649923
13926,31556,12,0,6,26444155584515
13927,31556,12,0,7,26452745519107
13928,31556,13,0,0,28591639232515
13929,31556,13,0,1,28600229167107
13930,31556,13,0,2,28608819101699
13931,31556,13,0,3,28617409036291
13932,31556,13,0,4,28625998970883
13933,31556,13,0,5,28634588905475
13934,31556,13,0,6,28643178840067
13935,31556,13,0,7,28651768774659
13936,31556,14,0,0,30790662488067
13937,31556,14,0,1,30799252422659
13938,31556,14,0,2,30807842357251
13939,31556,14,0,3,30816432291843
13940,31556,14,0,4,30825022226435
13941,31556,14,0,5,30833612161027
13942,31556,14,0,6,30842202095619
13943,31556,14,0,7,30850792030211
13944,31556,15,0,0,32989685743619
13945,31556,15,0,1,32998275678211
13946,31556,15,0,2,33006865612803
13947,31556,15,0,3,33015455547395
13948,31556,15,0,4,33024045481987
13949,31556,15,0,5,33032635416579
13950,31556,15,0,6,33041225351171
13951,31556,15,0,7,33049815285763
13952,31556,16,0,0,35188708999171
13953,31556,16,0,1,35197298933763
13954,31556,16,0,2,35205888868355
13955,31556,16,0,3,35214478802947
13956,31556,16,0,4,35223068737539
13957,31556,16,0,5,35231658672131
13958,31556,16,0,6,35240248606723
13959,31556,16,0,7,35248838541315
13960,31556,17,0,0,37387732254723
13961,31556,17,0,1,37396322189315
13962,31556,17,0,2,37404912123907
13963,31556,17,0,3,37413502058499
13964,31556,17,0,4,37422091993091
13965,31556,17,0,5,37430681927683
13966,31556,17,0,6,37439271862275
13967,31556,17,0,7,37447861796867
13968,31556,18,0,0,39586755510275
13969,31556,18,0,1,39595345444867
13970,31556,18,0,2,39603935379459
13971,31556,18,0,3,39612525314051
13972,31556,18,0,4,39621115248643
13973,31556,18,0,5,39629705183235
13974,31556,18,0,6,39638295117827
13975,31556,18,0,7,39646885052419
13976,31556,19,0,0,41785778765827
13977,31556,19,0,1,41794368700419
13978,31556,19,0,2,41802958635011
13979,31556,19,0,3,41811548569603
13980,31556,19,0,4,41820138504195
13981,31556,19,0,5,41828728438787
13982,31556,19,0,6,41837318373379
13983,31556,19,0,7,41845908307971
13984,31556,20,0,0,43984802021379
13985,31556,20,0,1,43993391955971
13986,31556,20,0,2,44001981890563
13987,31556,20,0,3,44010571825155
13988,31556,20,0,4,44019161759747
13989,31556,20,0,5,44027751694339
13990,31556,20,0,6,44036341628931
13991,31556,20,0,7,44044931563523
13992,31556,21,0,0,46183825276931
13993,31556,21,0,1,46192415211523
13994,31556,21,0,2,46201005146115
13995,31556,21,0,3,46209595080707
13996,31556,21,0,4,46218185015299
13997,31556,21,0,5,46226774949891
13998,31556,21,0,6,46235364884483
13999,31556,21,0,7,46243954819075
14000,31556,22,0,0,48382848532483
14001,31556,22,0,1,48391438467075
14002,31556,22,0,2,48400028401667
14003,31556,22,0,3,48408618336259
14004,31556,22,0,4,48417208270851
14005,31556,22,0,5,48425798205443
14006,31556,22,0,6,48434388140035
14007,31556,22,0,7,48442978074627
14008,31556,23,0,0,50581871788035
14009,31556,23,0,1,50590461722627
14010,31556,23,0,2,50599051657219
14011,31556,23,0,3,50607641591811
14012,31556,23,0,4,50616231526403
14013,31556,23,0,5,50624821460995
14014,31556,23,0,6,50633411395587
14015,31556,23,0,7,50642001330179
14016,31556,24,0,0,52780895043587
14017,31556,24,0,1,52789484978179
14018,31556,24,0,2,52798074912771
14019,31556,24,0,3,52806664847363
14020,31556,24,0,4,52815254781955
14021,31556,24,0,5,52823844716547
14022,31556,24,0,6,52832434651139
14023,31556,24,0,7,52841024585731
14024,31556,25,0,0,54979918299139
14025,31556,25,0,1,54988508233731
14026,31556,25,0,2,54997098168323
14027,31556,25,0,3,55005688102915
14028,31556,25,0,4,55014278037507
14029,31556,25,0,5,55022867972099
14030,31556,25,0,6,55031457906691
14031,31556,25,0,7,55040047841283
14032,31556,26,0,0,57178941554691
14033,31556,26,0,1,57187531489283
14034,31556,26,0,2,57196121423875
14035,31556,26,0,3,57204711358467
14036,31556,26,0,4,57213301293059
14037,31556,26,0,5,57221891227651
14038,31556,26,0,6,57230481162243
14039,31556,26,0,7,57239071096835
14040,31556,27,0,0,59377964810243
14041,31556,27,0,1,59386554744835
14042,31556,27,0,2,59395144679427
14043,31556,27,0,3,59403734614019
14044,31556,27,0,4,59412324548611
14045,31556,27,0,5,59420914483203
14046,31556,27,0,6,59429504417795
14047,31556,27,0,7,59438094352387
14048,31556,28,0,0,61576988065795
14049,31556,28,0,1,61585578000387
14050,31556,28,0,2,61594167934979
14051,31556,28,0,3,61602757869571
14052,31556,28,0,4,61611347804163
14053,31556,28,0,5,61619937738755
14054,31556,28,0,6,61628527673347
14055,31556,28,0,7,61637117607939
14056,31556,29,0,0,63776011321347
14057,31556,29,0,1,63784601255939
14058,31556,29,0,2,63793191190531
14059,31556,29,0,3,63801781125123
14060,31556,29,0,4,63810371059715
14061,31556,29,0,5,63818960994307
14062,31556,29,0,6,63827550928899
14063,31556,29,0,7,63836140863491
14064,31556,30,0,0,65975034576899
14065,31556,30,0,1,65983624511491
14066,31556,30,0,2,65992214446083
14067,31556,30,0,3,66000804380675
14068,31556,30,0,4,66009394315267
14069,31556,30,0,5,66017984249859
14070,31556,30,0,6,66026574184451
14071,31556,30,0,7,66035164119043
14072,31556,31,0,0,68174057832451
14073,31556,31,0,1,68182647767043
14074,31556,31,0,2,68191237701635
14075,31556,31,0,3,68199827636227
14076,31556,31,0,4,68208417570819
14077,31556,31,0,5,68217007505411
14078,31556,31,0,6,68225597440003
14079,31556,31,0,7,68234187374595
14080,31556,32,0,0,70373081088003
14081,31556,32,0,1,70381671022595
14082,31556,32,0,2,70390260957187
14083,31556,32,0,3,70398850891779
14084,31556,32,0,4,70407440826371
14085,31556,32,0,5,70416030760963
14086,31556,32,0,6,70424620695555
14087,31556,32,0,7,70433210630147
14088,31556,33,0,0,72572104343555
14089,31556,33,0,1,72580694278147
14090,31556,33,0,2,72589284212739
14091,31556,33,0,3,72597874147331
14092,31556,33,0,4,72606464081923
14093,31556,33,0,5,72615054016515
14094,31556,33,0,6,72623643951107
14095,31556,33,0,7,72632233885699
14096,31556,34,0,0,74771127599107
14097,31556,34,0,1,74779717533699
14098,31556,34,0,2,74788307468291
14099,31556,34,0,3,74796897402883
14100,31556,34,0,4,74805487337475
14101,31556,34,0,5,74814077272067
14102,31556,34,0,6,74822667206659
14103,31556,34,0,7,74831257141251
14104,31556,35,0,0,76970150854659
14105,31556,35,0,1,76978740789251
14106,31556,35,0,2,76987330723843
14107,31556,35,0,3,76995920658435
14108,31556,35,0,4,77004510593027
14109,31556,35,0,5,77013100527619
14110,31556,35,0,6,77021690462211
14111,31556,35,0,7,77030280396803
14112,31556,36,0,0,79169174110211
14113,31556,36,0,1,79177764044803
14114,31556,36,0,2,79186353979395
14115,31556,36,0,3,79194943913987
14116,31556,36,0,4,79203533848579
14117,31556,36,0,5,79212123783171
14118,31556,36,0,6,79220713717763
14119,31556,36,0,7,79229303652355
14120,31556,37,0,0,81368197365763
14121,31556,37,0,1,81376787300355
14122,31556,37,0,2,81385377234947
14123,31556,37,0,3,81393967169539
14124,31556,37,0,4,81402557104131
14125,31556,37,0,5,81411147038723
14126,31556,37,0,6,81419736973315
14127,31556,37,0,7,81428326907907
14128,31556,38,0,0,83567220621315
14129,31556,38,0,1,83575810555907
14130,31556,38,0,2,83584400490499
14131,31556,38,0,3,83592990425091
14132,31556,38,0,4,83601580359683
14133,31556,38,0,5,83610170294275
14134,31556,38,0,6,83618760228867
14135,31556,38,0,7,83627350163459
14136,31556,39,0,0,85766243876867
14137,31556,39,0,1,85774833811459
14138,31556,39,0,2,85783423746051
14139,31556,39,0,3,85792013680643
14140,31556,39,0,4,85800603615235
14141,31556,39,0,5,85809193549827
14142,31556,39,0,6,85817783484419
14143,31556,39,0,7,85826373419011
14144,31556,40,0,0,87965267132419
14145,31556,40,0,1,87973857067011
14146,31556,40,0,2,87982447001603
14147,31556,40,0,3,87991036936195
14148,31556,40,0,4,87999626870787
14149,31556,40,0,5,88008216805379
14150,31556,40,0,6,88016806739971
14151,31556,40,0,7,88025396674563
14152,31556,41,0,0,90164290387971
14153,31556,41,0,1,90172880322563
14154,31556,41,0,2,90181470257155
14155,31556,41,0,3,90190060191747
14156,31556,41,0,4,90198650126339
14157,31556,41,0,5,90207240060931
14158,31556,41,0,6,90215829995523
14159,31556,41,0,7,90224419930115
14160,31556,42,0,0,92363313643523
14161,31556,42,0,1,92371903578115
14162,31556,42,0,2,92380493512707
14163,31556,42,0,3,92389083447299
14164,31556,42,0,4,92397673381891
14165,31556,42,0,5,92406263316483
14166,31556,42,0,6,92414853251075
14167,31556,42,0,7,92423443185667
14168,31556,43,0,0,94562336899075
14169,31556,43,0,1,94570926833667
14170,31556,43,0,2,94579516768259
14171,31556,43,0,3,94588106702851
14172,31556,43,0,4,94596696637443
14173,31556,43,0,5,94605286572035
14174,31556,43,0,6,94613876506627
14175,31556,43,0,7,94622466441219
14176,31556,44,0,0,96761360154627
14177,31556,44,0,1,96769950089219
14178,31556,44,0,2,96778540023811
14179,31556,44,0,3,96787129958403
14180,31556,44,0,4,96795719892995
14181,31556,44,0,5,96804309827587
14182,31556,44,0,6,96812899762179
14183,31556,44,0,7,96821489696771
14184,31556,45,0,0,98960383410179
14185,31556,45,0,1,98968973344771
14186,31556,45,0,2,98977563279363
14187,31556,45,0,3,98986153213955
14188,31556,45,0,4,98994743148547
14189,31556,45,0,5,99003333083139
14190,31556,45,0,6,99011923017731
14191,31556,45,0,7,99020512952323
14192,31556,46,0,0,101159406665731
14193,31556,46,0,1,101167996600323
14194,31556,46,0,2,101176586534915
14195,31556,46,0,3,101185176469507
14196,31556,46,0,4,101193766404099
14197,31556,46,0,5,101202356338691
14198,31556,46,0,6,101210946273283
14199,31556,46,0,7,101219536207875
14200,31556,47,0,0,103358429921283
14201,31556,47,0,1,103367019855875
14202,31556,47,0,2,103375609790467
14203,31556,47,0,3,103384199725059
14204,31556,47,0,4,103392789659651
14205,31556,47,0,5,103401379594243
14206,31556,47,0,6,103409969528835
14207,31556,47,0,7,103418559463427
14208,31556,48,0,0,105557453176835
14209,31556,48,0,1,105566043111427
14210,31556,48,0,2,105574633046019
14211,31556,48,0,3,105583222980611
14212,31556,48,0,4,105591812915203
14213,31556,48,0,5,105600402849795
14214,31556,48,0,6,105608992784387
14215,31556,48,0,7,105617582718979
14216,31556,49,0,0,107756476432387
14217,31556,49,0,1,107765066366979
14218,31556,49,0,2,107773656301571
14219,31556,49,0,3,107782246236163
14220,31556,49,0,4,107790836170755
14221,31556,49,0,5,107799426105347
14222,31556,49,0,6,107808016039939
14223,31556,49,0,7,107816605974531
14224,31556,50,0,0,109955499687939
14225,31556,50,0,1,109964089622531
14226,31556,50,0,2,109972679557123
14227,31556,50,0,3,109981269491715
14228,31556,50,0,4,109989859426307
14229,31556,50,0,5,109998449360899
14230,31556,50,0,6,110007039295491
14231,31556,50,0,7,110015629230083
14232,31556,51,0,0,112154522943491
14233,31556,51,0,1,112163112878083
14234,31556,51,0,2,112171702812675
14235,31556,51,0,3,112180292747267
14236,31556,51,0,4,112188882681859
14237,31556,51,0,5,112197472616451
14238,31556,51,0,6,112206062551043
14239,31556,51,0,7,112214652485635
14240,31556,52,0,0,114353546199043
14241,31556,52,0,1,114362136133635
14242,31556,52,0,2,114370726068227
14243,31556,52,0,3,114379316002819
14244,31556,52,0,4,114387905937411
14245,31556,52,0,5,114396495872003
14246,31556,52,0,6,114405085806595
14247,31556,52,0,7,114413675741187
14248,31556,53,0,0,116552569454595
14249,31556,53,0,1,116561159389187
14250,31556,53,0,2,116569749323779
14251,31556,53,0,3,116578339258371
14252,31556,53,0,4,116586929192963
14253,31556,53,0,5,116595519127555
14254,31556,53,0,6,116604109062147
14255,31556,53,0,7,116612698996739
14256,31556,54,0,0,118751592710147
14257,31556,54,0,1,118760182644739
14258,31556,54,0,2,118768772579331
14259,31556,54,0,3,118777362513923
14260,31556,54,0,4,118785952448515
14261,31556,54,0,5,118794542383107
14262,31556,54,0,6,118803132317699
14263,31556,54,0,7,118811722252291
14264,31556,55,0,0,120950615965699
14265,31556,55,0,1,120959205900291
14266,31556,55,0,2,120967795834883
14267,31556,55,0,3,120976385769475
14268,31556,55,0,4,120984975704067
14269,31556,55,0,5,120993565638659
14270,31556,55,0,6,121002155573251
14271,31556,55,0,7,121010745507843
14272,31556,56,0,0,123149639221251
14273,31556,56,0,1,123158229155843
14274,31556,56,0,2,123166819090435
14275,31556,56,0,3,123175409025027
14276,31556,56,0,4,123183998959619
14277,31556,56,0,5,123192588894211
14278,31556,56,0,6,123201178828803
14279,31556,56,0,7,123209768763395
14280,31556,57,0,0,125348662476803
14281,31556,57,0,1,125357252411395
14282,31556,57,0,2,125365842345987
14283,31556,57,0,3,125374432280579
14284,31556,57,0,4,125383022215171
14285,31556,57,0,5,125391612149763
14286,31556,57,0,6,125400202084355
14287,31556,57,0,7,125408792018947
14288,31556,58,0,0,127547685732355
14289,31556,58,0,1,127556275666947
14290,31556,58,0,2,127564865601539
14291,31556,58,0,3,127573455536131
14292,31556,58,0,4,127582045470723
14293,31556,58,0,5,127590635405315
14294,31556,58,0,6,127599225339907
14295,31556,58,0,7,127607815274499
14296,31556,59,0,0,129746708987907
14297,31556,59,0,1,129755298922499
14298,31556,59,0,2,129763888857091
14299,31556,59,0,3,129772478791683
14300,31556,59,0,4,129781068726275
14301,31556,59,0,5,129789658660867
14302,31556,59,0,6,129798248595459
14303,31556,59,0,7,129806838530051
14304,31556,60,0,0,131945732243459
14305,31556,60,0,1,131954322178051
14306,31556,60,0,2,131962912112643
14307,31556,60,0,3,131971502047235
14308,31556,60,0,4,131980091981827
14309,31556,60,0,5,131988681916419
14310,31556,60,0,6,131997271851011
14311,31556,60,0,7,132005861785603
14312,31556,61,0,0,134144755499011
14313,31556,61,0,1,134153345433603
14314,31556,61,0,2,134161935368195
14315,31556,61,0,3,134170525302787
14316,31556,61,0,4,134179115237379
14317,31556,61,0,5,134187705171971
14318,31556,61,0,6,134196295106563
14319,31556,61,0,7,134204885041155
14320,31556,62,0,0,136343778754563
14321,31556,62,0,1,136352368689155
14322,31556,62,0,2,136360958623747
14323,31556,62,0,3,136369548558339
14324,31556,62,0,4,136378138492931
14325,31556,62,0,5,136386728427523
14326,31556,62,0,6,136395318362115
14327,31556,62,0,7,136403908296707
14328,31556,63,0,0,138542802010115
14329,31556,63,0,1,138551391944707
14330,31556,63,0,2,138559981879299
14331,31556,63,0,3,138568571813891
14332,31556,63,0,4,138577161748483
14333,31556,63,0,5,138585751683075
14334,31556,63,0,6,138594341617667
14335,31556,63,0,7,138602931552259
14336,31558,0,0,0,4336910340
14337,31558,0,0,1,12926844932
14338,31558,0,0,2,21516779524
14339,31558,0,0,3,30106714116
14340,31558,0,0,4,38696648708
14341,31558,0,0,5,47286583300
14342,31558,0,0,6,55876517892
14343,31558,0,0,7,64466452484
14344,31558,1,0,0,2203360165892
14345,31558,1,0,1,2211950100484
14346,31558,1,0,2,2220540035076
14347,31558,1,0,3,2229129969668
14348,31558,1,0,4,2237719904260
14349,31558,1,0,5,2246309838852
14350,31558,1,0,6,2254899773444
14351,31558,1,0,7,2263489708036
14352,31558,2,0,0,4402383421444
14353,31558,2,0,1,4410973356036
14354,31558,2,0,2,4419563290628
14355,31558,2,0,3,4428153225220
14356,31558,2,0,4,4436743159812
14357,31558,2,0,5,4445333094404
14358,31558,2,0,6,4453923028996
14359,31558,2,0,7,4462512963588
14360,31558,3,0,0,6601406676996
14361,31558,3,0,1,6609996611588
14362,31558,3,0,2,6618586546180
14363,31558,3,0,3,6627176480772
14364,31558,3,0,4,6635766415364
14365,31558,3,0,5,6644356349956
14366,31558,3,0,6,6652946284548
14367,31558,3,0,7,6661536219140
14368,31558,4,0,0,8800429932548
14369,31558,4,0,1,8809019867140
14370,31558,4,0,2,8817609801732
14371,31558,4,0,3,8826199736324
14372,31558,4,0,4,8834789670916
14373,31558,4,0,5,8843379605508
14374,31558,4,0,6,8851969540100
14375,31558,4,0,7,8860559474692
14376,31558,5,0,0,10999453188100
14377,31558,5,0,1,11008043122692
14378,31558,5,0,2,11016633057284
14379,31558,5,0,3,11025222991876
14380,31558,5,0,4,11033812926468
14381,31558,5,0,5,11042402861060
14382,31558,5,0,6,11050992795652
14383,31558,5,0,7,11059582730244
14384,31558,6,0,0,13198476443652
14385,31558,6,0,1,13207066378244
14386,31558,6,0,2,13215656312836
14387,31558,6,0,3,13224246247428
14388,31558,6,0,4,13232836182020
14389,31558,6,0,5,13241426116612
14390,31558,6,0,6,13250016051204
14391,31558,6,0,7,13258605985796
14392,31558,7,0,0,15397499699204
14393,31558,7,0,1,15406089633796
14394,31558,7,0,2,15414679568388
14395,31558,7,0,3,15423269502980
14396,31558,7,0,4,15431859437572
14397,31558,7,0,5,15440449372164
14398,31558,7,0,6,15449039306756
14399,31558,7,0,7,15457629241348
14400,31558,8,0,0,17596522954756
14401,31558,8,0,1,17605112889348
14402,31558,8,0,2,17613702823940
14403,31558,8,0,3,17622292758532
14404,31558,8,0,4,17630882693124
14405,31558,8,0,5,17639472627716
14406,31558,8,0,6,17648062562308
14407,31558,8,0,7,17656652496900
14408,31558,9,0,0,19795546210308
14409,31558,9,0,1,19804136144900
14410,31558,9,0,2,19812726079492
14411,31558,9,0,3,19821316014084
14412,31558,9,0,4,19829905948676
14413,31558,9,0,5,19838495883268
14414,31558,9,0,6,19847085817860
14415,31558,9,0,7,19855675752452
14416,31558,10,0,0,21994569465860
14417,31558,10,0,1,22003159400452
14418,31558,10,0,2,22011749335044
14419,31558,10,0,3,22020339269636
14420,31558,10,0,4,22028929204228
14421,31558,10,0,5,22037519138820
14422,31558,10,0,6,22046109073412
14423,31558,10,0,7,22054699008004
14424,31558,11,0,0,24193592721412
14425,31558,11,0,1,24202182656004
14426,31558,11,0,2,24210772590596
14427,31558,11,0,3,24219362525188
14428,31558,11,0,4,24227952459780
14429,31558,11,0,5,24236542394372
14430,31558,11,0,6,24245132328964
14431,31558,11,0,7,24253722263556
14432,31558,12,0,0,26392615976964
14433,31558,12,0,1,26401205911556
14434,31558,12,0,2,26409795846148
14435,31558,12,0,3,26418385780740
14436,31558,12,0,4,26426975715332
14437,31558,12,0,5,26435565649924
14438,31558,12,0,6,26444155584516
14439,31558,12,0,7,26452745519108
14440,31558,13,0,0,28591639232516
14441,31558,13,0,1,28600229167108
14442,31558,13,0,2,28608819101700
14443,31558,13,0,3,28617409036292
14444,31558,13,0,4,28625998970884
14445,31558,13,0,5,28634588905476
14446,31558,13,0,6,28643178840068
14447,31558,13,0,7,28651768774660
14448,31558,14,0,0,30790662488068
14449,31558,14,0,1,30799252422660
14450,31558,14,0,2,30807842357252
14451,31558,14,0,3,30816432291844
14452,31558,14,0,4,30825022226436
14453,31558,14,0,5,30833612161028
14454,31558,14,0,6,30842202095620
14455,31558,14,0,7,30850792030212
14456,31558,15,0,0,32989685743620
14457,31558,15,0,1,32998275678212
14458,31558,15,0,2,33006865612804
14459,31558,15,0,3,33015455547396
14460,31558,15,0,4,33024045481988
14461,31558,15,0,5,33032635416580
14462,31558,15,0,6,33041225351172
14463,31558,15,0,7,33049815285764
14464,31558,16,0,0,35188708999172
14465,31558,16,0,1,35197298933764
14466,31558,16,0,2,35205888868356
14467,31558,16,0,3,35214478802948
14468,31558,16,0,4,35223068737540
14469,31558,16,0,5,35231658672132
14470,31558,16,0,6,35240248606724
14471,31558,16,0,7,35248838541316
14472,31558,17,0,0,37387732254724
14473,31558,17,0,1,37396322189316
14474,31558,17,0,2,37404912123908
14475,31558,17,0,3,37413502058500
14476,31558,17,0,4,37422091993092
14477,31558,17,0,5,37430681927684
14478,31558,17,0,6,37439271862276
14479,31558,17,0,7,37447861796868
14480,31558,18,0,0,39586755510276
14481,31558,18,0,1,39595345444868
14482,31558,18,0,2,39603935379460
14483,31558,18,0,3,39612525314052
14484,31558,18,0,4,39621115248644
14485,31558,18,0,5,39629705183236
14486,31558,18,0,6,39638295117828
14487,31558,18,0,7,39646885052420
14488,31558,19,0,0,41785778765828
14489,31558,19,0,1,41794368700420
14490,31558,19,0,2,41802958635012
14491,31558,19,0,3,41811548569604
14492,31558,19,0,4,41820138504196
14493,31558,19,0,5,41828728438788
14494,31558,19,0,6,41837318373380
14495,31558,19,0,7,41845908307972
14496,31558,20,0,0,43984802021380
14497,31558,20,0,1,43993391955972
14498,31558,20,0,2,44001981890564
14499,31558,20,0,3,44010571825156
14500,31558,20,0,4,44019161759748
14501,31558,20,0,5,44027751694340
14502,31558,20,0,6,44036341628932
14503,31558,20,0,7,44044931563524
14504,31558,21,0,0,46183825276932
14505,31558,21,0,1,46192415211524
14506,31558,21,0,2,46201005146116
14507,31558,21,0,3,46209595080708
14508,31558,21,0,4,46218185015300
14509,31558,21,0,5,46226774949892
14510,31558,21,0,6,46235364884484
14511,31558,21,0,7,46243954819076
14512,31558,22,0,0,48382848532484
14513,31558,22,0,1,48391438467076
14514,31558,22,0,2,48400028401668
14515,31558,22,0,3,48408618336260
14516,31558,22,0,4,48417208270852
14517,31558,22,0,5,48425798205444
14518,31558,22,0,6,48434388140036
14519,31558,22,0,7,48442978074628
14520,31558,23,0,0,50581871788036
14521,31558,23,0,1,50590461722628
14522,31558,23,0,2,50599051657220
14523,31558,23,0,3,50607641591812
14524,31558,23,0,4,50616231526404
14525,31558,23,0,5,50624821460996
14526,31558,23,0,6,50633411395588
14527,31558,23,0,7,50642001330180
14528,31558,24,0,0,52780895043588
14529,31558,24,0,1,52789484978180
14530,31558,24,0,2,52798074912772
14531,31558,24,0,3,52806664847364
14532,31558,24,0,4,52815254781956
14533,31558,24,0,5,52823844716548
14534,31558,24,0,6,52832434651140
14535,31558,24,0,7,52841024585732
14536,31558,25,0,0,54979918299140
14537,31558,25,0,1,54988508233732
14538,31558,25,0,2,54997098168324
14539,31558,25,0,3,55005688102916
14540,31558,25,0,4,55014278037508
14541,31558,25,0,5,55022867972100
14542,31558,25,0,6,55031457906692
14543,31558,25,0,7,55040047841284
14544,31558,26,0,0,57178941554692
14545,31558,26,0,1,57187531489284
14546,31558,26,0,2,57196121423876
14547,31558,26,0,3,57204711358468
14548,31558,26,0,4,57213301293060
14549,31558,26,0,5,57221891227652
14550,31558,26,0,6,57230481162244
14551,31558,26,0,7,57239071096836
14552,31558,27,0,0,59377964810244
14553,31558,27,0,1,59386554744836
14554,31558,27,0,2,59395144679428
14555,31558,27,0,3,59403734614020
14556,31558,27,0,4,59412324548612
14557,31558,27,0,5,59420914483204
14558,31558,27,0,6,59429504417796
14559,31558,27,0,7,59438094352388
14560,31558,28,0,0,61576988065796
14561,31558,28,0,1,61585578000388
14562,31558,28,0,2,61594167934980
14563,31558,28,0,3,61602757869572
14564,31558,28,0,4,61611347804164
14565,31558,28,0,5,61619937738756
14566,31558,28,0,6,61628527673348
14567,31558,28,0,7,61637117607940
14568,31558,29,0,0,63776011321348
14569,31558,29,0,1,63784601255940
14570,31558,29,0,2,63793191190532
14571,31558,29,0,3,63801781125124
14572,31558,29,0,4,63810371059716
14573,31558,29,0,5,63818960994308
14574,31558,29,0,6,63827550928900
14575,31558,29,0,7,63836140863492
14576,31558,30,0,0,65975034576900
14577,31558,30,0,1,65983624511492
14578,31558,30,0,2,65992214446084
14579,31558,30,0,3,66000804380676
14580,31558,30,0,4,66009394315268
14581,31558,30,0,5,66017984249860
14582,31558,30,0,6,66026574184452
14583,31558,30,0,7,66035164119044
14584,31558,31,0,0,68174057832452
14585,31558,31,0,1,68182647767044
14586,31558,31,0,2,68191237701636
14587,31558,31,0,3,68199827636228
14588,31558,31,0,4,68208417570820
14589,31558,31,0,5,68217007505412
14590,31558,31,0,6,68225597440004
14591,31558,31,0,7,68234187374596
14592,31558,32,0,0,70373081088004
14593,31558,32,0,1,70381671022596
14594,31558,32,0,2,70390260957188
14595,31558,32,0,3,70398850891780
14596,31558,32,0,4,70407440826372
14597,31558,32,0,5,70416030760964
14598,31558,32,0,6,70424620695556
14599,31558,32,0,7,70433210630148
14600,31558,33,0,0,72572104343556
14601,31558,33,0,1,72580694278148
14602,31558,33,0,2,72589284212740
14603,31558,33,0,3,72597874147332
14604,31558,33,0,4,72606464081924
14605,31558,33,0,5,72615054016516
14606,31558,33,0,6,72623643951108
14607,31558,33,0,7,72632233885700
14608,31558,34,0,0,74771127599108
14609,31558,34,0,1,74779717533700
14610,31558,34,0,2,74788307468292
14611,31558,34,0,3,74796897402884
14612,31558,34,0,4,74805487337476
14613,31558,34,0,5,74814077272068
14614,31558,34,0,6,74822667206660
14615,31558,34,0,7,74831257141252
14616,31558,35,0,0,76970150854660
14617,31558,35,0,1,76978740789252
14618,31558,35,0,2,76987330723844
14619,31558,35,0,3,76995920658436
14620,31558,35,0,4,77004510593028
14621,31558,35,0,5,77013100527620
14622,31558,35,0,6,77021690462212
14623,31558,35,0,7,77030280396804
14624,31558,36,0,0,79169174110212
14625,31558,36,0,1,79177764044804
14626,31558,36,0,2,79186353979396
14627,31558,36,0,3,79194943913988
14628,31558,36,0,4,79203533848580
14629,31558,36,0,5,79212123783172
14630,31558,36,0,6,79220713717764
14631,31558,36,0,7,79229303652356
14632,31558,37,0,0,81368197365764
14633,31558,37,0,1,81376787300356
14634,31558,37,0,2,81385377234948
14635,31558,37,0,3,81393967169540
14636,31558,37,0,4,81402557104132
14637,31558,37,0,5,81411147038724
14638,31558,37,0,6,81419736973316
14639,31558,37,0,7,81428326907908
14640,31558,38,0,0,83567220621316
14641,31558,38,0,1,83575810555908
14642,31558,38,0,2,83584400490500
14643,31558,38,0,3,83592990425092
14644,31558,38,0,4,83601580359684
14645,31558,38,0,5,83610170294276
14646,31558,38,0,6,83618760228868
14647,31558,38,0,7,83627350163460
14648,31558,39,0,0,85766243876868
14649,31558,39,0,1,85774833811460
14650,31558,39,0,2,85783423746052
14651,31558,39,0,3,85792013680644
14652,31558,39,0,4,85800603615236
14653,31558,39,0,5,85809193549828
14654,31558,39,0,6,85817783484420
14655,31558,39,0,7,85826373419012
14656,31558,40,0,0,87965267132420
14657,31558,40,0,1,87973857067012
14658,31558,40,0,2,87982447001604
14659,31558,40,0,3,87991036936196
14660,31558,40,0,4,87999626870788
14661,31558,40,0,5,88008216805380
14662,31558,40,0,6,88016806739972
14663,31558,40,0,7,88025396674564
14664,31558,41,0,0,90164290387972
14665,31558,41,0,1,90172880322564
14666,31558,41,0,2,90181470257156
14667,31558,41,0,3,90190060191748
14668,31558,41,0,4,90198650126340
14669,31558,41,0,5,90207240060932
14670,31558,41,0,6,90215829995524
14671,31558,41,0,7,90224419930116
14672,31558,42,0,0,92363313643524
14673,31558,42,0,1,92371903578116
14674,31558,42,0,2,92380493512708
14675,31558,42,0,3,92389083447300
14676,31558,42,0,4,92397673381892
14677,31558,42,0,5,92406263316484
14678,31558,42,0,6,92414853251076
14679,31558,42,0,7,92423443185668
14680,31558,43,0,0,94562336899076
14681,31558,43,0,1,94570926833668
14682,31558,43,0,2,94579516768260
14683,31558,43,0,3,94588106702852
14684,31558,43,0,4,94596696637444
14685,31558,43,0,5,94605286572036
14686,31558,43,0,6,94613876506628
14687,31558,43,0,7,94622466441220
14688,31558,44,0,0,96761360154628
14689,31558,44,0,1,96769950089220
14690,31558,44,0,2,96778540023812
14691,31558,44,0,3,96787129958404
14692,31558,44,0,4,96795719892996
14693,31558,44,0,5,96804309827588
14694,31558,44,0,6,96812899762180
14695,31558,44,0,7,96821489696772
14696,31558,45,0,0,98960383410180
14697,31558,45,0,1,98968973344772
14698,31558,45,0,2,98977563279364
14699,31558,45,0,3,98986153213956
14700,31558,45,0,4,98994743148548
14701,31558,45,0,5,99003333083140
14702,31558,45,0,6,99011923017732
14703,31558,45,0,7,99020512952324
14704,31558,46,0,0,101159406665732
14705,31558,46,0,1,101167996600324
14706,31558,46,0,2,101176586534916
14707,31558,46,0,3,101185176469508
14708,31558,46,0,4,101193766404100
14709,31558,46,0,5,101202356338692
14710,31558,46,0,6,101210946273284
14711,31558,46,0,7,101219536207876
14712,31558,47,0,0,103358429921284
14713,31558,47,0,1,103367019855876
14714,31558,47,0,2,103375609790468
14715,31558,47,0,3,103384199725060
14716,31558,47,0,4,103392789659652
14717,31558,47,0,5,103401379594244
14718,31558,47,0,6,103409969528836
14719,31558,47,0,7,103418559463428
14720,31558,48,0,0,105557453176836
14721,31558,48,0,1,105566043111428
14722,31558,48,0,2,105574633046020
14723,31558,48,0,3,105583222980612
14724,31558,48,0,4,105591812915204
14725,31558,48,0,5,105600402849796
14726,31558,48,0,6,105608992784388
14727,31558,48,0,7,105617582718980
14728,31558,49,0,0,107756476432388
14729,31558,49,0,1,107765066366980
14730,31558,49,0,2,107773656301572
14731,31558,49,0,3,107782246236164
14732,31558,49,0,4,107790836170756
14733,31558,49,0,5,107799426105348
14734,31558,49,0,6,107808016039940
14735,31558,49,0,7,107816605974532
14736,31558,50,0,0,109955499687940
14737,31558,50,0,1,109964089622532
14738,31558,50,0,2,109972679557124
14739,31558,50,0,3,109981269491716
14740,31558,50,0,4,109989859426308
14741,31558,50,0,5,109998449360900
14742,31558,50,0,6,110007039295492
14743,31558,50,0,7,110015629230084
14744,31558,51,0,0,112154522943492
14745,31558,51,0,1,112163112878084
14746,31558,51,0,2,112171702812676
14747,31558,51,0,3,112180292747268
14748,31558,51,0,4,112188882681860
14749,31558,51,0,5,112197472616452
14750,31558,51,0,6,112206062551044
14751,31558,51,0,7,112214652485636
14752,31558,52,0,0,114353546199044
14753,31558,52,0,1,114362136133636
14754,31558,52,0,2,114370726068228
14755,31558,52,0,3,114379316002820
14756,31558,52,0,4,114387905937412
14757,31558,52,0,5,114396495872004
14758,31558,52,0,6,114405085806596
14759,31558,52,0,7,114413675741188
14760,31558,53,0,0,116552569454596
14761,31558,53,0,1,116561159389188
14762,31558,53,0,2,116569749323780
14763,31558,53,0,3,116578339258372
14764,31558,53,0,4,116586929192964
14765,31558,53,0,5,116595519127556
14766,31558,53,0,6,116604109062148
14767,31558,53,0,7,116612698996740
14768,31558,54,0,0,118751592710148
14769,31558,54,0,1,118760182644740
14770,31558,54,0,2,118768772579332
14771,31558,54,0,3,118777362513924
14772,31558,54,0,4,118785952448516
14773,31558,54,0,5,118794542383108
14774,31558,54,0,6,118803132317700
14775,31558,54,0,7,118811722252292
14776,31558,55,0,0,120950615965700
14777,31558,55,0,1,120959205900292
14778,31558,55,0,2,120967795834884
14779,31558,55,0,3,120976385769476
14780,31558,55,0,4,120984975704068
14781,31558,55,0,5,120993565638660
14782,31558,55,0,6,121002155573252
14783,31558,55,0,7,121010745507844
14784,31558,56,0,0,123149639221252
14785,31558,56,0,1,123158229155844
14786,31558,56,0,2,123166819090436
14787,31558,56,0,3,123175409025028
14788,31558,56,0,4,123183998959620
14789,31558,56,0,5,123192588894212
14790,31558,56,0,6,123201178828804
14791,31558,56,0,7,123209768763396
14792,31558,57,0,0,125348662476804
14793,31558,57,0,1,125357252411396
14794,31558,57,0,2,125365842345988
14795,31558,57,0,3,125374432280580
14796,31558,57,0,4,125383022215172
14797,31558,57,0,5,125391612149764
14798,31558,57,0,6,125400202084356
14799,31558,57,0,7,125408792018948
14800,31558,58,0,0,127547685732356
14801,31558,58,0,1,127556275666948
14802,31558,58,0,2,127564865601540
14803,31558,58,0,3,127573455536132
14804,31558,58,0,4,127582045470724
14805,31558,58,0,5,127590635405316
14806,31558,58,0,6,127599225339908
14807,31558,58,0,7,127607815274500
14808,31558,59,0,0,129746708987908
14809,31558,59,0,1,129755298922500
14810,31558,59,0,2,129763888857092
14811,31558,59,0,3,129772478791684
14812,31558,59,0,4,129781068726276
14813,31558,59,0,5,129789658660868
14814,31558,59,0,6,129798248595460
14815,31558,59,0,7,129806838530052
14816,31558,60,0,0,131945732243460
14817,31558,60,0,1,131954322178052
14818,31558,60,0,2,131962912112644
14819,31558,60,0,3,131971502047236
14820,31558,60,0,4,131980091981828
14821,31558,60,0,5,131988681916420
14822,31558,60,0,6,131997271851012
14823,31558,60,0,7,132005861785604
14824,31558,61,0,0,134144755499012
14825,31558,61,0,1,134153345433604
14826,31558,61,0,2,134161935368196
14827,31558,61,0,3,134170525302788
14828,31558,61,0,4,134179115237380
14829,31558,61,0,5,134187705171972
14830,31558,61,0,6,134196295106564
14831,31558,61,0,7,134204885041156
14832,31558,62,0,0,136343778754564
14833,31558,62,0,1,136352368689156
14834,31558,62,0,2,136360958623748
14835,31558,62,0,3,136369548558340
14836,31558,62,0,4,136378138492932
14837,31558,62,0,5,136386728427524
14838,31558,62,0,6,136395318362116
14839,31558,62,0,7,136403908296708
14840,31558,63,0,0,138542802010116
14841,31558,63,0,1,138551391944708
14842,31558,63,0,2,138559981879300
14843,31558,63,0,3,138568571813892
14844,31558,63,0,4,138577161748484
14845,31558,63,0,5,138585751683076
14846,31558,63,0,6,138594341617668
14847,31558,63,0,7,138602931552260
14848,31560,0,0,0,4336910341
14849,31560,0,0,1,12926844933
14850,31560,0,0,2,21516779525
14851,31560,0,0,3,30106714117
14852,31560,0,0,4,38696648709
14853,31560,0,0,5,47286583301
14854,31560,0,0,6,55876517893
14855,31560,0,0,7,64466452485
14856,31560,1,0,0,2203360165893
14857,31560,1,0,1,2211950100485
14858,31560,1,0,2,2220540035077
14859,31560,1,0,3,2229129969669
14860,31560,1,0,4,2237719904261
14861,31560,1,0,5,2246309838853
14862,31560,1,0,6,2254899773445
14863,31560,1,0,7,2263489708037
14864,31560,2,0,0,4402383421445
14865,31560,2,0,1,4410973356037
14866,31560,2,0,2,4419563290629
14867,31560,2,0,3,4428153225221
14868,31560,2,0,4,4436743159813
14869,31560,2,0,5,4445333094405
14870,31560,2,0,6,4453923028997
14871,31560,2,0,7,4462512963589
14872,31560,3,0,0,6601406676997
14873,31560,3,0,1,6609996611589
14874,31560,3,0,2,6618586546181
14875,31560,3,0,3,6627176480773
14876,31560,3,0,4,6635766415365
14877,31560,3,0,5,6644356349957
14878,31560,3,0,6,6652946284549
14879,31560,3,0,7,6661536219141
14880,31560,4,0,0,8800429932549
14881,31560,4,0,1,8809019867141
14882,31560,4,0,2,8817609801733
14883,31560,4,0,3,8826199736325
14884,31560,4,0,4,8834789670917
14885,31560,4,0,5,8843379605509
14886,31560,4,0,6,8851969540101
14887,31560,4,0,7,8860559474693
14888,31560,5,0,0,10999453188101
14889,31560,5,0,1,11008043122693
14890,31560,5,0,2,11016633057285
14891,31560,5,0,3,11025222991877
14892,31560,5,0,4,11033812926469
14893,31560,5,0,5,11042402861061
14894,31560,5,0,6,11050992795653
14895,31560,5,0,7,11059582730245
14896,31560,6,0,0,13198476443653
14897,31560,6,0,1,13207066378245
14898,31560,6,0,2,13215656312837
14899,31560,6,0,3,13224246247429
14900,31560,6,0,4,13232836182021
14901,31560,6,0,5,13241426116613
14902,31560,6,0,6,13250016051205
14903,31560,6,0,7,13258605985797
14904,31560,7,0,0,15397499699205
14905,31560,7,0,1,15406089633797
14906,31560,7,0,2,15414679568389
14907,31560,7,0,3,15423269502981
14908,31560,7,0,4,15431859437573
14909,31560,7,0,5,15440449372165
14910,31560,7,0,6,15449039306757
14911,31560,7,0,7,15457629241349
14912,31560,8,0,0,17596522954757
14913,31560,8,0,1,17605112889349
14914,31560,8,0,2,17613702823941
14915,31560,8,0,3,17622292758533
14916,31560,8,0,4,17630882693125
14917,31560,8,0,5,17639472627717
14918,31560,8,0,6,17648062562309
14919,31560,8,0,7,17656652496901
14920,31560,9,0,0,19795546210309
14921,31560,9,0,1,19804136144901
14922,31560,9,0,2,19812726079493
14923,31560,9,0,3,19821316014085
14924,31560,9,0,4,19829905948677
14925,31560,9,0,5,19838495883269
14926,31560,9,0,6,19847085817861
14927,31560,9,0,7,19855675752453
14928,31560,10,0,0,21994569465861
14929,31560,10,0,1,22003159400453
14930,31560,10,0,2,22011749335045
14931,31560,10,0,3,22020339269637
14932,31560,10,0,4,22028929204229
14933,31560,10,0,5,22037519138821
14934,31560,10,0,6,22046109073413
14935,31560,10,0,7,22054699008005
14936,31560,11,0,0,24193592721413
14937,31560,11,0,1,24202182656005
14938,31560,11,0,2,24210772590597
14939,31560,11,0,3,24219362525189
14940,31560,11,0,4,24227952459781
14941,31560,11,0,5,24236542394373
14942,31560,11,0,6,24245132328965
14943,31560,11,0,7,24253722263557
14944,31560,12,0,0,26392615976965
14945,31560,12,0,1,26401205911557
14946,31560,12,0,2,26409795846149
14947,31560,12,0,3,26418385780741
14948,31560,12,0,4,26426975715333
14949,31560,12,0,5,26435565649925
14950,31560,12,0,6,26444155584517
14951,31560,12,0,7,26452745519109
14952,31560,13,0,0,28591639232517
14953,31560,13,0,1,28600229167109
14954,31560,13,0,2,28608819101701
14955,31560,13,0,3,28617409036293
14956,31560,13,0,4,28625998970885
14957,31560,13,0,5,28634588905477
14958,31560,13,0,6,28643178840069
14959,31560,13,0,7,28651768774661
14960,31560,14,0,0,30790662488069
14961,31560,14,0,1,30799252422661
14962,31560,14,0,2,30807842357253
14963,31560,14,0,3,30816432291845
14964,31560,14,0,4,30825022226437
14965,31560,14,0,5,30833612161029
14966,31560,14,0,6,30842202095621
14967,31560,14,0,7,30850792030213
14968,31560,15,0,0,32989685743621
14969,31560,15,0,1,32998275678213
14970,31560,15,0,2,33006865612805
14971,31560,15,0,3,33015455547397
14972,31560,15,0,4,33024045481989
14973,31560,15,0,5,33032635416581
14974,31560,15,0,6,33041225351173
14975,31560,15,0,7,33049815285765
14976,31560,16,0,0,35188708999173
14977,31560,16,0,1,35197298933765
14978,31560,16,0,2,35205888868357
14979,31560,16,0,3,35214478802949
14980,31560,16,0,4,35223068737541
14981,31560,16,0,5,35231658672133
14982,31560,16,0,6,35240248606725
14983,31560,16,0,7,35248838541317
14984,31560,17,0,0,37387732254725
14985,31560,17,0,1,37396322189317
14986,31560,17,0,2,37404912123909
14987,31560,17,0,3,37413502058501
14988,31560,17,0,4,37422091993093
14989,31560,17,0,5,37430681927685
14990,31560,17,0,6,37439271862277
14991,31560,17,0,7,37447861796869
14992,31560,18,0,0,39586755510277
14993,31560,18,0,1,39595345444869
14994,31560,18,0,2,39603935379461
14995,31560,18,0,3,39612525314053
14996,31560,18,0,4,39621115248645
14997,31560,18,0,5,39629705183237
14998,31560,18,0,6,39638295117829
14999,31560,18,0,7,39646885052421
15000,31560,19,0,0,41785778765829
15001,31560,19,0,1,41794368700421
15002,31560,19,0,2,41802958635013
15003,31560,19,0,3,41811548569605
15004,31560,19,0,4,41820138504197
15005,31560,19,0,5,41828728438789
15006,31560,19,0,6,41837318373381
15007,31560,19,0,7,41845908307973
15008,31560,20,0,0,43984802021381
15009,31560,20,0,1,43993391955973
15010,31560,20,0,2,44001981890565
15011,31560,20,0,3,44010571825157
15012,31560,20,0,4,44019161759749
15013,31560,20,0,5,44027751694341
15014,31560,20,0,6,44036341628933
15015,31560,20,0,7,44044931563525
15016,31560,21,0,0,46183825276933
15017,31560,21,0,1,46192415211525
15018,31560,21,0,2,46201005146117
15019,31560,21,0,3,46209595080709
15020,31560,21,0,4,46218185015301
15021,31560,21,0,5,46226774949893
15022,31560,21,0,6,46235364884485
15023,31560,21,0,7,46243954819077
15024,31560,22,0,0,48382848532485
15025,31560,22,0,1,48391438467077
15026,31560,22,0,2,48400028401669
15027,31560,22,0,3,48408618336261
15028,31560,22,0,4,48417208270853
15029,31560,22,0,5,48425798205445
15030,31560,22,0,6,48434388140037
15031,31560,22,0,7,48442978074629
15032,31560,23,0,0,50581871788037
15033,31560,23,0,1,50590461722629
15034,31560,23,0,2,50599051657221
15035,31560,23,0,3,50607641591813
15036,31560,23,0,4,50616231526405
15037,31560,23,0,5,50624821460997
15038,31560,23,0,6,50633411395589
15039,31560,23,0,7,50642001330181
15040,31560,24,0,0,52780895043589
15041,31560,24,0,1,52789484978181
15042,31560,24,0,2,52798074912773
15043,31560,24,0,3,52806664847365
15044,31560,24,0,4,52815254781957
15045,31560,24,0,5,52823844716549
15046,31560,24,0,6,52832434651141
15047,31560,24,0,7,52841024585733
15048,31560,25,0,0,54979918299141
15049,31560,25,0,1,54988508233733
15050,31560,25,0,2,54997098168325
15051,31560,25,0,3,55005688102917
15052,31560,25,0,4,55014278037509
15053,31560,25,0,5,55022867972101
15054,31560,25,0,6,55031457906693
15055,31560,25,0,7,55040047841285
15056,31560,26,0,0,57178941554693
15057,31560,26,0,1,57187531489285
15058,31560,26,0,2,57196121423877
15059,31560,26,0,3,57204711358469
15060,31560,26,0,4,57213301293061
15061,31560,26,0,5,57221891227653
15062,31560,26,0,6,57230481162245
15063,31560,26,0,7,57239071096837
15064,31560,27,0,0,59377964810245
15065,31560,27,0,1,59386554744837
15066,31560,27,0,2,59395144679429
15067,31560,27,0,3,59403734614021
15068,31560,27,0,4,59412324548613
15069,31560,27,0,5,59420914483205
15070,31560,27,0,6,59429504417797
15071,31560,27,0,7,59438094352389
15072,31560,28,0,0,61576988065797
15073,31560,28,0,1,61585578000389
15074,31560,28,0,2,61594167934981
15075,31560,28,0,3,61602757869573
15076,31560,28,0,4,61611347804165
15077,31560,28,0,5,61619937738757
15078,31560,28,0,6,61628527673349
15079,31560,28,0,7,61637117607941
15080,31560,29,0,0,63776011321349
15081,31560,29,0,1,63784601255941
15082,31560,29,0,2,63793191190533
15083,31560,29,0,3,63801781125125
15084,31560,29,0,4,63810371059717
15085,31560,29,0,5,63818960994309
15086,31560,29,0,6,63827550928901
15087,31560,29,0,7,63836140863493
15088,31560,30,0,0,65975034576901
15089,31560,30,0,1,65983624511493
15090,31560,30,0,2,65992214446085
15091,31560,30,0,3,66000804380677
15092,31560,30,0,4,66009394315269
15093,31560,30,0,5,66017984249861
15094,31560,30,0,6,66026574184453
15095,31560,30,0,7,66035164119045
15096,31560,31,0,0,68174057832453
15097,31560,31,0,1,68182647767045
15098,31560,31,0,2,68191237701637
15099,31560,31,0,3,68199827636229
15100,31560,31,0,4,68208417570821
15101,31560,31,0,5,68217007505413
15102,31560,31,0,6,68225597440005
15103,31560,31,0,7,68234187374597
15104,31560,32,0,0,70373081088005
15105,31560,32,0,1,70381671022597
15106,31560,32,0,2,70390260957189
15107,31560,32,0,3,70398850891781
15108,31560,32,0,4,70407440826373
15109,31560,32,0,5,70416030760965
15110,31560,32,0,6,70424620695557
15111,31560,32,0,7,70433210630149
15112,31560,33,0,0,72572104343557
15113,31560,33,0,1,72580694278149
15114,31560,33,0,2,72589284212741
15115,31560,33,0,3,72597874147333
15116,31560,33,0,4,72606464081925
15117,31560,33,0,5,72615054016517
15118,31560,33,0,6,72623643951109
15119,31560,33,0,7,72632233885701
15120,31560,34,0,0,74771127599109
15121,31560,34,0,1,74779717533701
15122,31560,34,0,2,74788307468293
15123,31560,34,0,3,74796897402885
15124,31560,34,0,4,74805487337477
15125,31560,34,0,5,74814077272069
15126,31560,34,0,6,74822667206661
15127,31560,34,0,7,74831257141253
15128,31560,35,0,0,76970150854661
15129,31560,35,0,1,76978740789253
15130,31560,35,0,2,76987330723845
15131,31560,35,0,3,76995920658437
15132,31560,35,0,4,77004510593029
15133,31560,35,0,5,77013100527621
15134,31560,35,0,6,77021690462213
15135,31560,35,0,7,77030280396805
15136,31560,36,0,0,79169174110213
15137,31560,36,0,1,79177764044805
15138,31560,36,0,2,79186353979397
15139,31560,36,0,3,79194943913989
15140,31560,36,0,4,79203533848581
15141,31560,36,0,5,79212123783173
15142,31560,36,0,6,79220713717765
15143,31560,36,0,7,79229303652357
15144,31560,37,0,0,81368197365765
15145,31560,37,0,1,81376787300357
15146,31560,37,0,2,81385377234949
15147,31560,37,0,3,81393967169541
15148,31560,37,0,4,81402557104133
15149,31560,37,0,5,81411147038725
15150,31560,37,0,6,81419736973317
15151,31560,37,0,7,81428326907909
15152,31560,38,0,0,83567220621317
15153,31560,38,0,1,83575810555909
15154,31560,38,0,2,83584400490501
15155,31560,38,0,3,83592990425093
15156,31560,38,0,4,83601580359685
15157,31560,38,0,5,83610170294277
15158,31560,38,0,6,83618760228869
15159,31560,38,0,7,83627350163461
15160,31560,39,0,0,85766243876869
15161,31560,39,0,1,85774833811461
15162,31560,39,0,2,85783423746053
15163,31560,39,0,3,85792013680645
15164,31560,39,0,4,85800603615237
15165,31560,39,0,5,85809193549829
15166,31560,39,0,6,85817783484421
15167,31560,39,0,7,85826373419013
15168,31560,40,0,0,87965267132421
15169,31560,40,0,1,87973857067013
15170,31560,40,0,2,87982447001605
15171,31560,40,0,3,87991036936197
15172,31560,40,0,4,87999626870789
15173,31560,40,0,5,88008216805381
15174,31560,40,0,6,88016806739973
15175,31560,40,0,7,88025396674565
15176,31560,41,0,0,90164290387973
15177,31560,41,0,1,90172880322565
15178,31560,41,0,2,90181470257157
15179,31560,41,0,3,90190060191749
15180,31560,41,0,4,90198650126341
15181,31560,41,0,5,90207240060933
15182,31560,41,0,6,90215829995525
15183,31560,41,0,7,90224419930117
15184,31560,42,0,0,92363313643525
15185,31560,42,0,1,92371903578117
15186,31560,42,0,2,92380493512709
15187,31560,42,0,3,92389083447301
15188,31560,42,0,4,92397673381893
15189,31560,42,0,5,92406263316485
15190,31560,42,0,6,92414853251077
15191,31560,42,0,7,92423443185669
15192,31560,43,0,0,94562336899077
15193,31560,43,0,1,94570926833669
15194,31560,43,0,2,94579516768261
15195,31560,43,0,3,94588106702853
15196,31560,43,0,4,94596696637445
15197,31560,43,0,5,94605286572037
15198,31560,43,0,6,94613876506629
15199,31560,43,0,7,94622466441221
15200,31560,44,0,0,96761360154629
15201,31560,44,0,1,96769950089221
15202,31560,44,0,2,96778540023813
15203,31560,44,0,3,96787129958405
15204,31560,44,0,4,96795719892997
15205,31560,44,0,5,96804309827589
15206,31560,44,0,6,96812899762181
15207,31560,44,0,7,96821489696773
15208,31560,45,0,0,98960383410181
15209,31560,45,0,1,98968973344773
15210,31560,45,0,2,98977563279365
15211,31560,45,0,3,98986153213957
15212,31560,45,0,4,98994743148549
15213,31560,45,0,5,99003333083141
15214,31560,45,0,6,99011923017733
15215,31560,45,0,7,99020512952325
15216,31560,46,0,0,101159406665733
15217,31560,46,0,1,101167996600325
15218,31560,46,0,2,101176586534917
15219,31560,46,0,3,101185176469509
15220,31560,46,0,4,101193766404101
15221,31560,46,0,5,101202356338693
15222,31560,46,0,6,101210946273285
15223,31560,46,0,7,101219536207877
15224,31560,47,0,0,103358429921285
15225,31560,47,0,1,103367019855877
15226,31560,47,0,2,103375609790469
15227,31560,47,0,3,103384199725061
15228,31560,47,0,4,103392789659653
15229,31560,47,0,5,103401379594245
15230,31560,47,0,6,103409969528837
15231,31560,47,0,7,103418559463429
15232,31560,48,0,0,105557453176837
15233,31560,48,0,1,105566043111429
15234,31560,48,0,2,105574633046021
15235,31560,48,0,3,105583222980613
15236,31560,48,0,4,105591812915205
15237,31560,48,0,5,105600402849797
15238,31560,48,0,6,105608992784389
15239,31560,48,0,7,105617582718981
15240,31560,49,0,0,107756476432389
15241,31560,49,0,1,107765066366981
15242,31560,49,0,2,107773656301573
15243,31560,49,0,3,107782246236165
15244,31560,49,0,4,107790836170757
15245,31560,49,0,5,107799426105349
15246,31560,49,0,6,107808016039941
15247,31560,49,0,7,107816605974533
15248,31560,50,0,0,109955499687941
15249,31560,50,0,1,109964089622533
15250,31560,50,0,2,109972679557125
15251,31560,50,0,3,109981269491717
15252,31560,50,0,4,109989859426309
15253,31560,50,0,5,109998449360901
15254,31560,50,0,6,110007039295493
15255,31560,50,0,7,110015629230085
15256,31560,51,0,0,112154522943493
15257,31560,51,0,1,112163112878085
15258,31560,51,0,2,112171702812677
15259,31560,51,0,3,112180292747269
15260,31560,51,0,4,112188882681861
15261,31560,51,0,5,112197472616453
15262,31560,51,0,6,112206062551045
15263,31560,51,0,7,112214652485637
15264,31560,52,0,0,114353546199045
15265,31560,52,0,1,114362136133637
15266,31560,52,0,2,114370726068229
15267,31560,52,0,3,114379316002821
15268,31560,52,0,4,114387905937413
15269,31560,52,0,5,114396495872005
15270,31560,52,0,6,114405085806597
15271,31560,52,0,7,114413675741189
15272,31560,53,0,0,116552569454597
15273,31560,53,0,1,116561159389189
15274,31560,53,0,2,116569749323781
15275,31560,53,0,3,116578339258373
15276,31560,53,0,4,116586929192965
15277,31560,53,0,5,116595519127557
15278,31560,53,0,6,116604109062149
15279,31560,53,0,7,116612698996741
15280,31560,54,0,0,118751592710149
15281,31560,54,0,1,118760182644741
15282,31560,54,0,2,118768772579333
15283,31560,54,0,3,118777362513925
15284,31560,54,0,4,118785952448517
15285,31560,54,0,5,118794542383109
15286,31560,54,0,6,118803132317701
15287,31560,54,0,7,118811722252293
15288,31560,55,0,0,120950615965701
15289,31560,55,0,1,120959205900293
15290,31560,55,0,2,120967795834885
15291,31560,55,0,3,120976385769477
15292,31560,55,0,4,120984975704069
15293,31560,55,0,5,120993565638661
15294,31560,55,0,6,121002155573253
15295,31560,55,0,7,121010745507845
15296,31560,56,0,0,123149639221253
15297,31560,56,0,1,123158229155845
15298,31560,56,0,2,123166819090437
15299,31560,56,0,3,123175409025029
15300,31560,56,0,4,123183998959621
15301,31560,56,0,5,123192588894213
15302,31560,56,0,6,123201178828805
15303,31560,56,0,7,123209768763397
15304,31560,57,0,0,125348662476805
15305,31560,57,0,1,125357252411397
15306,31560,57,0,2,125365842345989
15307,31560,57,0,3,125374432280581
15308,31560,57,0,4,125383022215173
15309,31560,57,0,5,125391612149765
15310,31560,57,0,6,125400202084357
15311,31560,57,0,7,125408792018949
15312,31560,58,0,0,127547685732357
15313,31560,58,0,1,127556275666949
15314,31560,58,0,2,127564865601541
15315,31560,58,0,3,127573455536133
15316,31560,58,0,4,127582045470725
15317,31560,58,0,5,127590635405317
15318,31560,58,0,6,127599225339909
15319,31560,58,0,7,127607815274501
15320,31560,59,0,0,129746708987909
15321,31560,59,0,1,129755298922501
15322,31560,59,0,2,129763888857093
15323,31560,59,0,3,129772478791685
15324,31560,59,0,4,129781068726277
15325,31560,59,0,5,129789658660869
15326,31560,59,0,6,129798248595461
15327,31560,59,0,7,129806838530053
15328,31560,60,0,0,131945732243461
15329,31560,60,0,1,131954322178053
15330,31560,60,0,2,131962912112645
15331,31560,60,0,3,131971502047237
15332,31560,60,0,4,131980091981829
15333,31560,60,0,5,131988681916421
15334,31560,60,0,6,131997271851013
15335,31560,60,0,7,132005861785605
15336,31560,61,0,0,134144755499013
15337,31560,61,0,1,134153345433605
15338,31560,61,0,2,134161935368197
15339,31560,61,0,3,134170525302789
15340,31560,61,0,4,134179115237381
15341,31560,61,0,5,134187705171973
15342,31560,61,0,6,134196295106565
15343,31560,61,0,7,134204885041157
15344,31560,62,0,0,136343778754565
15345,31560,62,0,1,136352368689157
15346,31560,62,0,2,136360958623749
15347,31560,62,0,3,136369548558341
15348,31560,62,0,4,136378138492933
15349,31560,62,0,5,136386728427525
15350,31560,62,0,6,136395318362117
15351,31560,62,0,7,136403908296709
15352,31560,63,0,0,138542802010117
15353,31560,63,0,1,138551391944709
15354,31560,63,0,2,138559981879301
15355,31560,63,0,3,138568571813893
15356,31560,63,0,4,138577161748485
15357,31560,63,0,5,138585751683077
15358,31560,63,0,6,138594341617669
15359,31560,63,0,7,138602931552261
15360,31562,0,0,0,4336910342
15361,31562,0,0,1,12926844934
15362,31562,0,0,2,21516779526
15363,31562,0,0,3,30106714118
15364,31562,0,0,4,38696648710
15365,31562,0,0,5,47286583302
15366,31562,0,0,6,55876517894
15367,31562,0,0,7,64466452486
15368,31562,1,0,0,2203360165894
15369,31562,1,0,1,2211950100486
15370,31562,1,0,2,2220540035078
15371,31562,1,0,3,2229129969670
15372,31562,1,0,4,2237719904262
15373,31562,1,0,5,2246309838854
15374,31562,1,0,6,2254899773446
15375,31562,1,0,7,2263489708038
15376,31562,2,0,0,4402383421446
15377,31562,2,0,1,4410973356038
15378,31562,2,0,2,4419563290630
15379,31562,2,0,3,4428153225222
15380,31562,2,0,4,4436743159814
15381,31562,2,0,5,4445333094406
15382,31562,2,0,6,4453923028998
15383,31562,2,0,7,4462512963590
15384,31562,3,0,0,6601406676998
15385,31562,3,0,1,6609996611590
15386,31562,3,0,2,6618586546182
15387,31562,3,0,3,6627176480774
15388,31562,3,0,4,6635766415366
15389,31562,3,0,5,6644356349958
15390,31562,3,0,6,6652946284550
15391,31562,3,0,7,6661536219142
15392,31562,4,0,0,8800429932550
15393,31562,4,0,1,8809019867142
15394,31562,4,0,2,8817609801734
15395,31562,4,0,3,8826199736326
15396,31562,4,0,4,8834789670918
15397,31562,4,0,5,8843379605510
15398,31562,4,0,6,8851969540102
15399,31562,4,0,7,8860559474694
15400,31562,5,0,0,10999453188102
15401,31562,5,0,1,11008043122694
15402,31562,5,0,2,11016633057286
15403,31562,5,0,3,11025222991878
15404,31562,5,0,4,11033812926470
15405,31562,5,0,5,11042402861062
15406,31562,5,0,6,11050992795654
15407,31562,5,0,7,11059582730246
15408,31562,6,0,0,13198476443654
15409,31562,6,0,1,13207066378246
15410,31562,6,0,2,13215656312838
15411,31562,6,0,3,13224246247430
15412,31562,6,0,4,13232836182022
15413,31562,6,0,5,13241426116614
15414,31562,6,0,6,13250016051206
15415,31562,6,0,7,13258605985798
15416,31562,7,0,0,15397499699206
15417,31562,7,0,1,15406089633798
15418,31562,7,0,2,15414679568390
15419,31562,7,0,3,15423269502982
15420,31562,7,0,4,15431859437574
15421,31562,7,0,5,15440449372166
15422,31562,7,0,6,15449039306758
15423,31562,7,0,7,15457629241350
15424,31562,8,0,0,17596522954758
15425,31562,8,0,1,17605112889350
15426,31562,8,0,2,17613702823942
15427,31562,8,0,3,17622292758534
15428,31562,8,0,4,17630882693126
15429,31562,8,0,5,17639472627718
15430,31562,8,0,6,17648062562310
15431,31562,8,0,7,17656652496902
15432,31562,9,0,0,19795546210310
15433,31562,9,0,1,19804136144902
15434,31562,9,0,2,19812726079494
15435,31562,9,0,3,19821316014086
15436,31562,9,0,4,19829905948678
15437,31562,9,0,5,19838495883270
15438,31562,9,0,6,19847085817862
15439,31562,9,0,7,19855675752454
15440,31562,10,0,0,21994569465862
15441,31562,10,0,1,22003159400454
15442,31562,10,0,2,22011749335046
15443,31562,10,0,3,22020339269638
15444,31562,10,0,4,22028929204230
15445,31562,10,0,5,22037519138822
15446,31562,10,0,6,22046109073414
15447,31562,10,0,7,22054699008006
15448,31562,11,0,0,24193592721414
15449,31562,11,0,1,24202182656006
15450,31562,11,0,2,24210772590598
15451,31562,11,0,3,24219362525190
15452,31562,11,0,4,24227952459782
15453,31562,11,0,5,24236542394374
15454,31562,11,0,6,24245132328966
15455,31562,11,0,7,24253722263558
15456,31562,12,0,0,26392615976966
15457,31562,12,0,1,26401205911558
15458,31562,12,0,2,26409795846150
15459,31562,12,0,3,26418385780742
15460,31562,12,0,4,26426975715334
15461,31562,12,0,5,26435565649926
15462,31562,12,0,6,26444155584518
15463,31562,12,0,7,26452745519110
15464,31562,13,0,0,28591639232518
15465,31562,13,0,1,28600229167110
15466,31562,13,0,2,28608819101702
15467,31562,13,0,3,28617409036294
15468,31562,13,0,4,28625998970886
15469,31562,13,0,5,28634588905478
15470,31562,13,0,6,28643178840070
15471,31562,13,0,7,28651768774662
15472,31562,14,0,0,30790662488070
15473,31562,14,0,1,30799252422662
15474,31562,14,0,2,30807842357254
15475,31562,14,0,3,30816432291846
15476,31562,14,0,4,30825022226438
15477,31562,14,0,5,30833612161030
15478,31562,14,0,6,30842202095622
15479,31562,14,0,7,30850792030214
15480,31562,15,0,0,32989685743622
15481,31562,15,0,1,32998275678214
15482,31562,15,0,2,33006865612806
15483,31562,15,0,3,33015455547398
15484,31562,15,0,4,33024045481990
15485,31562,15,0,5,33032635416582
15486,31562,15,0,6,33041225351174
15487,31562,15,0,7,33049815285766
15488,31562,16,0,0,35188708999174
15489,31562,16,0,1,35197298933766
15490,31562,16,0,2,35205888868358
15491,31562,16,0,3,35214478802950
15492,31562,16,0,4,35223068737542
15493,31562,16,0,5,35231658672134
15494,31562,16,0,6,35240248606726
15495,31562,16,0,7,35248838541318
15496,31562,17,0,0,37387732254726
15497,31562,17,0,1,37396322189318
15498,31562,17,0,2,37404912123910
15499,31562,17,0,3,37413502058502
15500,31562,17,0,4,37422091993094
15501,31562,17,0,5,37430681927686
15502,31562,17,0,6,37439271862278
15503,31562,17,0,7,37447861796870
15504,31562,18,0,0,39586755510278
15505,31562,18,0,1,39595345444870
15506,31562,18,0,2,39603935379462
15507,31562,18,0,3,39612525314054
15508,31562,18,0,4,39621115248646
15509,31562,18,0,5,39629705183238
15510,31562,18,0,6,39638295117830
15511,31562,18,0,7,39646885052422
15512,31562,19,0,0,41785778765830
15513,31562,19,0,1,41794368700422
15514,31562,19,0,2,41802958635014
15515,31562,19,0,3,41811548569606
15516,31562,19,0,4,41820138504198
15517,31562,19,0,5,41828728438790
15518,31562,19,0,6,41837318373382
15519,31562,19,0,7,41845908307974
15520,31562,20,0,0,43984802021382
15521,31562,20,0,1,43993391955974
15522,31562,20,0,2,44001981890566
15523,31562,20,0,3,44010571825158
15524,31562,20,0,4,44019161759750
15525,31562,20,0,5,44027751694342
15526,31562,20,0,6,44036341628934
15527,31562,20,0,7,44044931563526
15528,31562,21,0,0,46183825276934
15529,31562,21,0,1,46192415211526
15530,31562,21,0,2,46201005146118
15531,31562,21,0,3,46209595080710
15532,31562,21,0,4,46218185015302
15533,31562,21,0,5,46226774949894
15534,31562,21,0,6,46235364884486
15535,31562,21,0,7,46243954819078
15536,31562,22,0,0,48382848532486
15537,31562,22,0,1,48391438467078
15538,31562,22,0,2,48400028401670
15539,31562,22,0,3,48408618336262
15540,31562,22,0,4,48417208270854
15541,31562,22,0,5,48425798205446
15542,31562,22,0,6,48434388140038
15543,31562,22,0,7,48442978074630
15544,31562,23,0,0,50581871788038
15545,31562,23,0,1,50590461722630
15546,31562,23,0,2,50599051657222
15547,31562,23,0,3,50607641591814
15548,31562,23,0,4,50616231526406
15549,31562,23,0,5,50624821460998
15550,31562,23,0,6,50633411395590
15551,31562,23,0,7,50642001330182
15552,31562,24,0,0,52780895043590
15553,31562,24,0,1,52789484978182
15554,31562,24,0,2,52798074912774
15555,31562,24,0,3,52806664847366
15556,31562,24,0,4,52815254781958
15557,31562,24,0,5,52823844716550
15558,31562,24,0,6,52832434651142
15559,31562,24,0,7,52841024585734
15560,31562,25,0,0,54979918299142
15561,31562,25,0,1,54988508233734
15562,31562,25,0,2,54997098168326
15563,31562,25,0,3,55005688102918
15564,31562,25,0,4,55014278037510
15565,31562,25,0,5,55022867972102
15566,31562,25,0,6,55031457906694
15567,31562,25,0,7,55040047841286
15568,31562,26,0,0,57178941554694
15569,31562,26,0,1,57187531489286
15570,31562,26,0,2,57196121423878
15571,31562,26,0,3,57204711358470
15572,31562,26,0,4,57213301293062
15573,31562,26,0,5,57221891227654
15574,31562,26,0,6,57230481162246
15575,31562,26,0,7,57239071096838
15576,31562,27,0,0,59377964810246
15577,31562,27,0,1,59386554744838
15578,31562,27,0,2,59395144679430
15579,31562,27,0,3,59403734614022
15580,31562,27,0,4,59412324548614
15581,31562,27,0,5,59420914483206
15582,31562,27,0,6,59429504417798
15583,31562,27,0,7,59438094352390
15584,31562,28,0,0,61576988065798
15585,31562,28,0,1,61585578000390
15586,31562,28,0,2,61594167934982
15587,31562,28,0,3,61602757869574
15588,31562,28,0,4,61611347804166
15589,31562,28,0,5,61619937738758
15590,31562,28,0,6,61628527673350
15591,31562,28,0,7,61637117607942
15592,31562,29,0,0,63776011321350
15593,31562,29,0,1,63784601255942
15594,31562,29,0,2,63793191190534
15595,31562,29,0,3,63801781125126
15596,31562,29,0,4,63810371059718
15597,31562,29,0,5,63818960994310
15598,31562,29,0,6,63827550928902
15599,31562,29,0,7,63836140863494
15600,31562,30,0,0,65975034576902
15601,31562,30,0,1,65983624511494
15602,31562,30,0,2,65992214446086
15603,31562,30,0,3,66000804380678
15604,31562,30,0,4,66009394315270
15605,31562,30,0,5,66017984249862
15606,31562,30,0,6,66026574184454
15607,31562,30,0,7,66035164119046
15608,31562,31,0,0,68174057832454
15609,31562,31,0,1,68182647767046
15610,31562,31,0,2,68191237701638
15611,31562,31,0,3,68199827636230
15612,31562,31,0,4,68208417570822
15613,31562,31,0,5,68217007505414
15614,31562,31,0,6,68225597440006
15615,31562,31,0,7,68234187374598
15616,31562,32,0,0,70373081088006
15617,31562,32,0,1,70381671022598
15618,31562,32,0,2,70390260957190
15619,31562,32,0,3,70398850891782
15620,31562,32,0,4,70407440826374
15621,31562,32,0,5,70416030760966
15622,31562,32,0,6,70424620695558
15623,31562,32,0,7,70433210630150
15624,31562,33,0,0,72572104343558
15625,31562,33,0,1,72580694278150
15626,31562,33,0,2,72589284212742
15627,31562,33,0,3,72597874147334
15628,31562,33,0,4,72606464081926
15629,31562,33,0,5,72615054016518
15630,31562,33,0,6,72623643951110
15631,31562,33,0,7,72632233885702
15632,31562,34,0,0,74771127599110
15633,31562,34,0,1,74779717533702
15634,31562,34,0,2,74788307468294
15635,31562,34,0,3,74796897402886
15636,31562,34,0,4,74805487337478
15637,31562,34,0,5,74814077272070
15638,31562,34,0,6,74822667206662
15639,31562,34,0,7,74831257141254
15640,31562,35,0,0,76970150854662
15641,31562,35,0,1,76978740789254
15642,31562,35,0,2,76987330723846
15643,31562,35,0,3,76995920658438
15644,31562,35,0,4,77004510593030
15645,31562,35,0,5,77013100527622
15646,31562,35,0,6,77021690462214
15647,31562,35,0,7,77030280396806
15648,31562,36,0,0,79169174110214
15649,31562,36,0,1,79177764044806
15650,31562,36,0,2,79186353979398
15651,31562,36,0,3,79194943913990
15652,31562,36,0,4,79203533848582
15653,31562,36,0,5,79212123783174
15654,31562,36,0,6,79220713717766
15655,31562,36,0,7,79229303652358
15656,31562,37,0,0,81368197365766
15657,31562,37,0,1,81376787300358
15658,31562,37,0,2,81385377234950
15659,31562,37,0,3,81393967169542
15660,31562,37,0,4,81402557104134
15661,31562,37,0,5,81411147038726
15662,31562,37,0,6,81419736973318
15663,31562,37,0,7,81428326907910
15664,31562,38,0,0,83567220621318
15665,31562,38,0,1,83575810555910
15666,31562,38,0,2,83584400490502
15667,31562,38,0,3,83592990425094
15668,31562,38,0,4,83601580359686
15669,31562,38,0,5,83610170294278
15670,31562,38,0,6,83618760228870
15671,31562,38,0,7,83627350163462
15672,31562,39,0,0,85766243876870
15673,31562,39,0,1,85774833811462
15674,31562,39,0,2,85783423746054
15675,31562,39,0,3,85792013680646
15676,31562,39,0,4,85800603615238
15677,31562,39,0,5,85809193549830
15678,31562,39,0,6,85817783484422
15679,31562,39,0,7,85826373419014
15680,31562,40,0,0,87965267132422
15681,31562,40,0,1,87973857067014
15682,31562,40,0,2,87982447001606
15683,31562,40,0,3,87991036936198
15684,31562,40,0,4,87999626870790
15685,31562,40,0,5,88008216805382
15686,31562,40,0,6,88016806739974
15687,31562,40,0,7,88025396674566
15688,31562,41,0,0,90164290387974
15689,31562,41,0,1,90172880322566
15690,31562,41,0,2,90181470257158
15691,31562,41,0,3,90190060191750
15692,31562,41,0,4,90198650126342
15693,31562,41,0,5,90207240060934
15694,31562,41,0,6,90215829995526
15695,31562,41,0,7,90224419930118
15696,31562,42,0,0,92363313643526
15697,31562,42,0,1,92371903578118
15698,31562,42,0,2,92380493512710
15699,31562,42,0,3,92389083447302
15700,31562,42,0,4,92397673381894
15701,31562,42,0,5,92406263316486
15702,31562,42,0,6,92414853251078
15703,31562,42,0,7,92423443185670
15704,31562,43,0,0,94562336899078
15705,31562,43,0,1,94570926833670
15706,31562,43,0,2,94579516768262
15707,31562,43,0,3,94588106702854
15708,31562,43,0,4,94596696637446
15709,31562,43,0,5,94605286572038
15710,31562,43,0,6,94613876506630
15711,31562,43,0,7,94622466441222
15712,31562,44,0,0,96761360154630
15713,31562,44,0,1,96769950089222
15714,31562,44,0,2,96778540023814
15715,31562,44,0,3,96787129958406
15716,31562,44,0,4,96795719892998
15717,31562,44,0,5,96804309827590
15718,31562,44,0,6,96812899762182
15719,31562,44,0,7,96821489696774
15720,31562,45,0,0,98960383410182
15721,31562,45,0,1,98968973344774
15722,31562,45,0,2,98977563279366
15723,31562,45,0,3,98986153213958
15724,31562,45,0,4,98994743148550
15725,31562,45,0,5,99003333083142
15726,31562,45,0,6,99011923017734
15727,31562,45,0,7,99020512952326
15728,31562,46,0,0,101159406665734
15729,31562,46,0,1,101167996600326
15730,31562,46,0,2,101176586534918
15731,31562,46,0,3,101185176469510
15732,31562,46,0,4,101193766404102
15733,31562,46,0,5,101202356338694
15734,31562,46,0,6,101210946273286
15735,31562,46,0,7,101219536207878
15736,31562,47,0,0,103358429921286
15737,31562,47,0,1,103367019855878
15738,31562,47,0,2,103375609790470
15739,31562,47,0,3,103384199725062
15740,31562,47,0,4,103392789659654
15741,31562,47,0,5,103401379594246
15742,31562,47,0,6,103409969528838
15743,31562,47,0,7,103418559463430
15744,31562,48,0,0,105557453176838
15745,31562,48,0,1,105566043111430
15746,31562,48,0,2,105574633046022
15747,31562,48,0,3,105583222980614
15748,31562,48,0,4,105591812915206
15749,31562,48,0,5,105600402849798
15750,31562,48,0,6,105608992784390
15751,31562,48,0,7,105617582718982
15752,31562,49,0,0,107756476432390
15753,31562,49,0,1,107765066366982
15754,31562,49,0,2,107773656301574
15755,31562,49,0,3,107782246236166
15756,31562,49,0,4,107790836170758
15757,31562,49,0,5,107799426105350
15758,31562,49,0,6,107808016039942
15759,31562,49,0,7,107816605974534
15760,31562,50,0,0,109955499687942
15761,31562,50,0,1,109964089622534
15762,31562,50,0,2,109972679557126
15763,31562,50,0,3,109981269491718
15764,31562,50,0,4,109989859426310
15765,31562,50,0,5,109998449360902
15766,31562,50,0,6,110007039295494
15767,31562,50,0,7,110015629230086
15768,31562,51,0,0,112154522943494
15769,31562,51,0,1,112163112878086
15770,31562,51,0,2,112171702812678
15771,31562,51,0,3,112180292747270
15772,31562,51,0,4,112188882681862
15773,31562,51,0,5,112197472616454
15774,31562,51,0,6,112206062551046
15775,31562,51,0,7,112214652485638
15776,31562,52,0,0,114353546199046
15777,31562,52,0,1,114362136133638
15778,31562,52,0,2,114370726068230
15779,31562,52,0,3,114379316002822
15780,31562,52,0,4,114387905937414
15781,31562,52,0,5,114396495872006
15782,31562,52,0,6,114405085806598
15783,31562,52,0,7,114413675741190
15784,31562,53,0,0,116552569454598
15785,31562,53,0,1,116561159389190
15786,31562,53,0,2,116569749323782
15787,31562,53,0,3,116578339258374
15788,31562,53,0,4,116586929192966
15789,31562,53,0,5,116595519127558
15790,31562,53,0,6,116604109062150
15791,31562,53,0,7,116612698996742
15792,31562,54,0,0,118751592710150
15793,31562,54,0,1,118760182644742
15794,31562,54,0,2,118768772579334
15795,31562,54,0,3,118777362513926
15796,31562,54,0,4,118785952448518
15797,31562,54,0,5,118794542383110
15798,31562,54,0,6,118803132317702
15799,31562,54,0,7,118811722252294
15800,31562,55,0,0,120950615965702
15801,31562,55,0,1,120959205900294
15802,31562,55,0,2,120967795834886
15803,31562,55,0,3,120976385769478
15804,31562,55,0,4,120984975704070
15805,31562,55,0,5,120993565638662
15806,31562,55,0,6,121002155573254
15807,31562,55,0,7,121010745507846
15808,31562,56,0,0,123149639221254
15809,31562,56,0,1,123158229155846
15810,31562,56,0,2,123166819090438
15811,31562,56,0,3,123175409025030
15812,31562,56,0,4,123183998959622
15813,31562,56,0,5,123192588894214
15814,31562,56,0,6,123201178828806
15815,31562,56,0,7,123209768763398
15816,31562,57,0,0,125348662476806
15817,31562,57,0,1,125357252411398
15818,31562,57,0,2,125365842345990
15819,31562,57,0,3,125374432280582
15820,31562,57,0,4,125383022215174
15821,31562,57,0,5,125391612149766
15822,31562,57,0,6,125400202084358
15823,31562,57,0,7,125408792018950
15824,31562,58,0,0,127547685732358
15825,31562,58,0,1,127556275666950
15826,31562,58,0,2,127564865601542
15827,31562,58,0,3,127573455536134
15828,31562,58,0,4,127582045470726
15829,31562,58,0,5,127590635405318
15830,31562,58,0,6,127599225339910
15831,31562,58,0,7,127607815274502
15832,31562,59,0,0,129746708987910
15833,31562,59,0,1,129755298922502
15834,31562,59,0,2,129763888857094
15835,31562,59,0,3,129772478791686
15836,31562,59,0,4,129781068726278
15837,31562,59,0,5,129789658660870
15838,31562,59,0,6,129798248595462
15839,31562,59,0,7,129806838530054
15840,31562,60,0,0,131945732243462
15841,31562,60,0,1,131954322178054
15842,31562,60,0,2,131962912112646
15843,31562,60,0,3,131971502047238
15844,31562,60,0,4,131980091981830
15845,31562,60,0,5,131988681916422
15846,31562,60,0,6,131997271851014
15847,31562,60,0,7,132005861785606
15848,31562,61,0,0,134144755499014
15849,31562,61,0,1,134153345433606
15850,31562,61,0,2,134161935368198
15851,31562,61,0,3,134170525302790
15852,31562,61,0,4,134179115237382
15853,31562,61,0,5,134187705171974
15854,31562,61,0,6,134196295106566
15855,31562,61,0,7,134204885041158
15856,31562,62,0,0,136343778754566
15857,31562,62,0,1,136352368689158
15858,31562,62,0,2,136360958623750
15859,31562,62,0,3,136369548558342
15860,31562,62,0,4,136378138492934
15861,31562,62,0,5,136386728427526
15862,31562,62,0,6,136395318362118
15863,31562,62,0,7,136403908296710
15864,31562,63,0,0,138542802010118
15865,31562,63,0,1,138551391944710
15866,31562,63,0,2,138559981879302
15867,31562,63,0,3,138568571813894
15868,31562,63,0,4,138577161748486
15869,31562,63,0,5,138585751683078
15870,31562,63,0,6,138594341617670
15871,31562,63,0,7,138602931552262
15872,31564,0,0,0,4336910343
15873,31564,0,0,1,12926844935
15874,31564,0,0,2,21516779527
15875,31564,0,0,3,30106714119
15876,31564,0,0,4,38696648711
15877,31564,0,0,5,47286583303
15878,31564,0,0,6,55876517895
15879,31564,0,0,7,64466452487
15880,31564,1,0,0,2203360165895
15881,31564,1,0,1,2211950100487
15882,31564,1,0,2,2220540035079
15883,31564,1,0,3,2229129969671
15884,31564,1,0,4,2237719904263
15885,31564,1,0,5,2246309838855
15886,31564,1,0,6,2254899773447
15887,31564,1,0,7,2263489708039
15888,31564,2,0,0,4402383421447
15889,31564,2,0,1,4410973356039
15890,31564,2,0,2,4419563290631
15891,31564,2,0,3,4428153225223
15892,31564,2,0,4,4436743159815
15893,31564,2,0,5,4445333094407
15894,31564,2,0,6,4453923028999
15895,31564,2,0,7,4462512963591
15896,31564,3,0,0,6601406676999
15897,31564,3,0,1,6609996611591
15898,31564,3,0,2,6618586546183
15899,31564,3,0,3,6627176480775
15900,31564,3,0,4,6635766415367
15901,31564,3,0,5,6644356349959
15902,31564,3,0,6,6652946284551
15903,31564,3,0,7,6661536219143
15904,31564,4,0,0,8800429932551
15905,31564,4,0,1,8809019867143
15906,31564,4,0,2,8817609801735
15907,31564,4,0,3,8826199736327
15908,31564,4,0,4,8834789670919
15909,31564,4,0,5,8843379605511
15910,31564,4,0,6,8851969540103
15911,31564,4,0,7,8860559474695
15912,31564,5,0,0,10999453188103
15913,31564,5,0,1,11008043122695
15914,31564,5,0,2,11016633057287
15915,31564,5,0,3,11025222991879
15916,31564,5,0,4,11033812926471
15917,31564,5,0,5,11042402861063
15918,31564,5,0,6,11050992795655
15919,31564,5,0,7,11059582730247
15920,31564,6,0,0,13198476443655
15921,31564,6,0,1,13207066378247
15922,31564,6,0,2,13215656312839
15923,31564,6,0,3,13224246247431
15924,31564,6,0,4,13232836182023
15925,31564,6,0,5,13241426116615
15926,31564,6,0,6,13250016051207
15927,31564,6,0,7,13258605985799
15928,31564,7,0,0,15397499699207
15929,31564,7,0,1,15406089633799
15930,31564,7,0,2,15414679568391
15931,31564,7,0,3,15423269502983
15932,31564,7,0,4,15431859437575
15933,31564,7,0,5,15440449372167
15934,31564,7,0,6,15449039306759
15935,31564,7,0,7,15457629241351
15936,31564,8,0,0,17596522954759
15937,31564,8,0,1,17605112889351
15938,31564,8,0,2,17613702823943
15939,31564,8,0,3,17622292758535
15940,31564,8,0,4,17630882693127
15941,31564,8,0,5,17639472627719
15942,31564,8,0,6,17648062562311
15943,31564,8,0,7,17656652496903
15944,31564,9,0,0,19795546210311
15945,31564,9,0,1,19804136144903
15946,31564,9,0,2,19812726079495
15947,31564,9,0,3,19821316014087
15948,31564,9,0,4,19829905948679
15949,31564,9,0,5,19838495883271
15950,31564,9,0,6,19847085817863
15951,31564,9,0,7,19855675752455
15952,31564,10,0,0,21994569465863
15953,31564,10,0,1,22003159400455
15954,31564,10,0,2,22011749335047
15955,31564,10,0,3,22020339269639
15956,31564,10,0,4,22028929204231
15957,31564,10,0,5,22037519138823
15958,31564,10,0,6,22046109073415
15959,31564,10,0,7,22054699008007
15960,31564,11,0,0,24193592721415
15961,31564,11,0,1,24202182656007
15962,31564,11,0,2,24210772590599
15963,31564,11,0,3,24219362525191
15964,31564,11,0,4,24227952459783
15965,31564,11,0,5,24236542394375
15966,31564,11,0,6,24245132328967
15967,31564,11,0,7,24253722263559
15968,31564,12,0,0,26392615976967
15969,31564,12,0,1,26401205911559
15970,31564,12,0,2,26409795846151
15971,31564,12,0,3,26418385780743
15972,31564,12,0,4,26426975715335
15973,31564,12,0,5,26435565649927
15974,31564,12,0,6,26444155584519
15975,31564,12,0,7,26452745519111
15976,31564,13,0,0,28591639232519
15977,31564,13,0,1,28600229167111
15978,31564,13,0,2,28608819101703
15979,31564,13,0,3,28617409036295
15980,31564,13,0,4,28625998970887
15981,31564,13,0,5,28634588905479
15982,31564,13,0,6,28643178840071
15983,31564,13,0,7,28651768774663
15984,31564,14,0,0,30790662488071
15985,31564,14,0,1,30799252422663
15986,31564,14,0,2,30807842357255
15987,31564,14,0,3,30816432291847
15988,31564,14,0,4,30825022226439
15989,31564,14,0,5,30833612161031
15990,31564,14,0,6,30842202095623
15991,31564,14,0,7,30850792030215
15992,31564,15,0,0,32989685743623
15993,31564,15,0,1,32998275678215
15994,31564,15,0,2,33006865612807
15995,31564,15,0,3,33015455547399
15996,31564,15,0,4,33024045481991
15997,31564,15,0,5,33032635416583
15998,31564,15,0,6,33041225351175
15999,31564,15,0,7,33049815285767
16000,31564,16,0,0,35188708999175
16001,31564,16,0,1,35197298933767
16002,31564,16,0,2,35205888868359
16003,31564,16,0,3,35214478802951
16004,31564,16,0,4,35223068737543
16005,31564,16,0,5,35231658672135
16006,31564,16,0,6,35240248606727
16007,31564,16,0,7,35248838541319
16008,31564,17,0,0,37387732254727
16009,31564,17,0,1,37396322189319
16010,31564,17,0,2,37404912123911
16011,31564,17,0,3,37413502058503
16012,31564,17,0,4,37422091993095
16013,31564,17,0,5,37430681927687
16014,31564,17,0,6,37439271862279
16015,31564,17,0,7,37447861796871
16016,31564,18,0,0,39586755510279
16017,31564,18,0,1,39595345444871
16018,31564,18,0,2,39603935379463
16019,31564,18,0,3,39612525314055
16020,31564,18,0,4,39621115248647
16021,31564,18,0,5,39629705183239
16022,31564,18,0,6,39638295117831
16023,31564,18,0,7,39646885052423
16024,31564,19,0,0,41785778765831
16025,31564,19,0,1,41794368700423
16026,31564,19,0,2,41802958635015
16027,31564,19,0,3,41811548569607
16028,31564,19,0,4,41820138504199
16029,31564,19,0,5,41828728438791
16030,31564,19,0,6,41837318373383
16031,31564,19,0,7,41845908307975
16032,31564,20,0,0,43984802021383
16033,31564,20,0,1,43993391955975
16034,31564,20,0,2,44001981890567
16035,31564,20,0,3,44010571825159
16036,31564,20,0,4,44019161759751
16037,31564,20,0,5,44027751694343
16038,31564,20,0,6,44036341628935
16039,31564,20,0,7,44044931563527
16040,31564,21,0,0,46183825276935
16041,31564,21,0,1,46192415211527
16042,31564,21,0,2,46201005146119
16043,31564,21,0,3,46209595080711
16044,31564,21,0,4,46218185015303
16045,31564,21,0,5,46226774949895
16046,31564,21,0,6,46235364884487
16047,31564,21,0,7,46243954819079
16048,31564,22,0,0,48382848532487
16049,31564,22,0,1,48391438467079
16050,31564,22,0,2,48400028401671
16051,31564,22,0,3,48408618336263
16052,31564,22,0,4,48417208270855
16053,31564,22,0,5,48425798205447
16054,31564,22,0,6,48434388140039
16055,31564,22,0,7,48442978074631
16056,31564,23,0,0,50581871788039
16057,31564,23,0,1,50590461722631
16058,31564,23,0,2,50599051657223
16059,31564,23,0,3,50607641591815
16060,31564,23,0,4,50616231526407
16061,31564,23,0,5,50624821460999
16062,31564,23,0,6,50633411395591
16063,31564,23,0,7,50642001330183
16064,31564,24,0,0,52780895043591
16065,31564,24,0,1,52789484978183
16066,31564,24,0,2,52798074912775
16067,31564,24,0,3,52806664847367
16068,31564,24,0,4,52815254781959
16069,31564,24,0,5,52823844716551
16070,31564,24,0,6,52832434651143
16071,31564,24,0,7,52841024585735
16072,31564,25,0,0,54979918299143
16073,31564,25,0,1,54988508233735
16074,31564,25,0,2,54997098168327
16075,31564,25,0,3,55005688102919
16076,31564,25,0,4,55014278037511
16077,31564,25,0,5,55022867972103
16078,31564,25,0,6,55031457906695
16079,31564,25,0,7,55040047841287
16080,31564,26,0,0,57178941554695
16081,31564,26,0,1,57187531489287
16082,31564,26,0,2,57196121423879
16083,31564,26,0,3,57204711358471
16084,31564,26,0,4,57213301293063
16085,31564,26,0,5,57221891227655
16086,31564,26,0,6,57230481162247
16087,31564,26,0,7,57239071096839
16088,31564,27,0,0,59377964810247
16089,31564,27,0,1,59386554744839
16090,31564,27,0,2,59395144679431
16091,31564,27,0,3,59403734614023
16092,31564,27,0,4,59412324548615
16093,31564,27,0,5,59420914483207
16094,31564,27,0,6,59429504417799
16095,31564,27,0,7,59438094352391
16096,31564,28,0,0,61576988065799
16097,31564,28,0,1,61585578000391
16098,31564,28,0,2,61594167934983
16099,31564,28,0,3,61602757869575
16100,31564,28,0,4,61611347804167
16101,31564,28,0,5,61619937738759
16102,31564,28,0,6,61628527673351
16103,31564,28,0,7,61637117607943
16104,31564,29,0,0,63776011321351
16105,31564,29,0,1,63784601255943
16106,31564,29,0,2,63793191190535
16107,31564,29,0,3,63801781125127
16108,31564,29,0,4,63810371059719
16109,31564,29,0,5,63818960994311
16110,31564,29,0,6,63827550928903
16111,31564,29,0,7,63836140863495
16112,31564,30,0,0,65975034576903
16113,31564,30,0,1,65983624511495
16114,31564,30,0,2,65992214446087
16115,31564,30,0,3,66000804380679
16116,31564,30,0,4,66009394315271
16117,31564,30,0,5,66017984249863
16118,31564,30,0,6,66026574184455
16119,31564,30,0,7,66035164119047
16120,31564,31,0,0,68174057832455
16121,31564,31,0,1,68182647767047
16122,31564,31,0,2,68191237701639
16123,31564,31,0,3,68199827636231
16124,31564,31,0,4,68208417570823
16125,31564,31,0,5,68217007505415
16126,31564,31,0,6,68225597440007
16127,31564,31,0,7,68234187374599
16128,31564,32,0,0,70373081088007
16129,31564,32,0,1,70381671022599
16130,31564,32,0,2,70390260957191
16131,31564,32,0,3,70398850891783
16132,31564,32,0,4,70407440826375
16133,31564,32,0,5,70416030760967
16134,31564,32,0,6,70424620695559
16135,31564,32,0,7,70433210630151
16136,31564,33,0,0,72572104343559
16137,31564,33,0,1,72580694278151
16138,31564,33,0,2,72589284212743
16139,31564,33,0,3,72597874147335
16140,31564,33,0,4,72606464081927
16141,31564,33,0,5,72615054016519
16142,31564,33,0,6,72623643951111
16143,31564,33,0,7,72632233885703
16144,31564,34,0,0,74771127599111
16145,31564,34,0,1,74779717533703
16146,31564,34,0,2,74788307468295
16147,31564,34,0,3,74796897402887
16148,31564,34,0,4,74805487337479
16149,31564,34,0,5,74814077272071
16150,31564,34,0,6,74822667206663
16151,31564,34,0,7,74831257141255
16152,31564,35,0,0,76970150854663
16153,31564,35,0,1,76978740789255
16154,31564,35,0,2,76987330723847
16155,31564,35,0,3,76995920658439
16156,31564,35,0,4,77004510593031
16157,31564,35,0,5,77013100527623
16158,31564,35,0,6,77021690462215
16159,31564,35,0,7,77030280396807
16160,31564,36,0,0,79169174110215
16161,31564,36,0,1,79177764044807
16162,31564,36,0,2,79186353979399
16163,31564,36,0,3,79194943913991
16164,31564,36,0,4,79203533848583
16165,31564,36,0,5,79212123783175
16166,31564,36,0,6,79220713717767
16167,31564,36,0,7,79229303652359
16168,31564,37,0,0,81368197365767
16169,31564,37,0,1,81376787300359
16170,31564,37,0,2,81385377234951
16171,31564,37,0,3,81393967169543
16172,31564,37,0,4,81402557104135
16173,31564,37,0,5,81411147038727
16174,31564,37,0,6,81419736973319
16175,31564,37,0,7,81428326907911
16176,31564,38,0,0,83567220621319
16177,31564,38,0,1,83575810555911
16178,31564,38,0,2,83584400490503
16179,31564,38,0,3,83592990425095
16180,31564,38,0,4,83601580359687
16181,31564,38,0,5,83610170294279
16182,31564,38,0,6,83618760228871
16183,31564,38,0,7,83627350163463
16184,31564,39,0,0,85766243876871
16185,31564,39,0,1,85774833811463
16186,31564,39,0,2,85783423746055
16187,31564,39,0,3,85792013680647
16188,31564,39,0,4,85800603615239
16189,31564,39,0,5,85809193549831
16190,31564,39,0,6,85817783484423
16191,31564,39,0,7,85826373419015
16192,31564,40,0,0,87965267132423
16193,31564,40,0,1,87973857067015
16194,31564,40,0,2,87982447001607
16195,31564,40,0,3,87991036936199
16196,31564,40,0,4,87999626870791
16197,31564,40,0,5,88008216805383
16198,31564,40,0,6,88016806739975
16199,31564,40,0,7,88025396674567
16200,31564,41,0,0,90164290387975
16201,31564,41,0,1,90172880322567
16202,31564,41,0,2,90181470257159
16203,31564,41,0,3,90190060191751
16204,31564,41,0,4,90198650126343
16205,31564,41,0,5,90207240060935
16206,31564,41,0,6,90215829995527
16207,31564,41,0,7,90224419930119
16208,31564,42,0,0,92363313643527
16209,31564,42,0,1,92371903578119
16210,31564,42,0,2,92380493512711
16211,31564,42,0,3,92389083447303
16212,31564,42,0,4,92397673381895
16213,31564,42,0,5,92406263316487
16214,31564,42,0,6,92414853251079
16215,31564,42,0,7,92423443185671
16216,31564,43,0,0,94562336899079
16217,31564,43,0,1,94570926833671
16218,31564,43,0,2,94579516768263
16219,31564,43,0,3,94588106702855
16220,31564,43,0,4,94596696637447
16221,31564,43,0,5,94605286572039
16222,31564,43,0,6,94613876506631
16223,31564,43,0,7,94622466441223
16224,31564,44,0,0,96761360154631
16225,31564,44,0,1,96769950089223
16226,31564,44,0,2,96778540023815
16227,31564,44,0,3,96787129958407
16228,31564,44,0,4,96795719892999
16229,31564,44,0,5,96804309827591
16230,31564,44,0,6,96812899762183
16231,31564,44,0,7,96821489696775
16232,31564,45,0,0,98960383410183
16233,31564,45,0,1,98968973344775
16234,31564,45,0,2,98977563279367
16235,31564,45,0,3,98986153213959
16236,31564,45,0,4,98994743148551
16237,31564,45,0,5,99003333083143
16238,31564,45,0,6,99011923017735
16239,31564,45,0,7,99020512952327
16240,31564,46,0,0,101159406665735
16241,31564,46,0,1,101167996600327
16242,31564,46,0,2,101176586534919
16243,31564,46,0,3,101185176469511
16244,31564,46,0,4,101193766404103
16245,31564,46,0,5,101202356338695
16246,31564,46,0,6,101210946273287
16247,31564,46,0,7,101219536207879
16248,31564,47,0,0,103358429921287
16249,31564,47,0,1,103367019855879
16250,31564,47,0,2,103375609790471
16251,31564,47,0,3,103384199725063
16252,31564,47,0,4,103392789659655
16253,31564,47,0,5,103401379594247
16254,31564,47,0,6,103409969528839
16255,31564,47,0,7,103418559463431
16256,31564,48,0,0,105557453176839
16257,31564,48,0,1,105566043111431
16258,31564,48,0,2,105574633046023
16259,31564,48,0,3,105583222980615
16260,31564,48,0,4,105591812915207
16261,31564,48,0,5,105600402849799
16262,31564,48,0,6,105608992784391
16263,31564,48,0,7,105617582718983
16264,31564,49,0,0,107756476432391
16265,31564,49,0,1,107765066366983
16266,31564,49,0,2,107773656301575
16267,31564,49,0,3,107782246236167
16268,31564,49,0,4,107790836170759
16269,31564,49,0,5,107799426105351
16270,31564,49,0,6,107808016039943
16271,31564,49,0,7,107816605974535
16272,31564,50,0,0,109955499687943
16273,31564,50,0,1,109964089622535
16274,31564,50,0,2,109972679557127
16275,31564,50,0,3,109981269491719
16276,31564,50,0,4,109989859426311
16277,31564,50,0,5,109998449360903
16278,31564,50,0,6,110007039295495
16279,31564,50,0,7,110015629230087
16280,31564,51,0,0,112154522943495
16281,31564,51,0,1,112163112878087
16282,31564,51,0,2,112171702812679
16283,31564,51,0,3,112180292747271
16284,31564,51,0,4,112188882681863
16285,31564,51,0,5,112197472616455
16286,31564,51,0,6,112206062551047
16287,31564,51,0,7,112214652485639
16288,31564,52,0,0,114353546199047
16289,31564,52,0,1,114362136133639
16290,31564,52,0,2,114370726068231
16291,31564,52,0,3,114379316002823
16292,31564,52,0,4,114387905937415
16293,31564,52,0,5,114396495872007
16294,31564,52,0,6,114405085806599
16295,31564,52,0,7,114413675741191
16296,31564,53,0,0,116552569454599
16297,31564,53,0,1,116561159389191
16298,31564,53,0,2,116569749323783
16299,31564,53,0,3,116578339258375
16300,31564,53,0,4,116586929192967
16301,31564,53,0,5,116595519127559
16302,31564,53,0,6,116604109062151
16303,31564,53,0,7,116612698996743
16304,31564,54,0,0,118751592710151
16305,31564,54,0,1,118760182644743
16306,31564,54,0,2,118768772579335
16307,31564,54,0,3,118777362513927
16308,31564,54,0,4,118785952448519
16309,31564,54,0,5,118794542383111
16310,31564,54,0,6,118803132317703
16311,31564,54,0,7,118811722252295
16312,31564,55,0,0,120950615965703
16313,31564,55,0,1,120959205900295
16314,31564,55,0,2,120967795834887
16315,31564,55,0,3,120976385769479
16316,31564,55,0,4,120984975704071
16317,31564,55,0,5,120993565638663
16318,31564,55,0,6,121002155573255
16319,31564,55,0,7,121010745507847
16320,31564,56,0,0,123149639221255
16321,31564,56,0,1,123158229155847
16322,31564,56,0,2,123166819090439
16323,31564,56,0,3,123175409025031
16324,31564,56,0,4,123183998959623
16325,31564,56,0,5,123192588894215
16326,31564,56,0,6,123201178828807
16327,31564,56,0,7,123209768763399
16328,31564,57,0,0,125348662476807
16329,31564,57,0,1,125357252411399
16330,31564,57,0,2,125365842345991
16331,31564,57,0,3,125374432280583
16332,31564,57,0,4,125383022215175
16333,31564,57,0,5,125391612149767
16334,31564,57,0,6,125400202084359
16335,31564,57,0,7,125408792018951
16336,31564,58,0,0,127547685732359
16337,31564,58,0,1,127556275666951
16338,31564,58,0,2,127564865601543
16339,31564,58,0,3,127573455536135
16340,31564,58,0,4,127582045470727
16341,31564,58,0,5,127590635405319
16342,31564,58,0,6,127599225339911
16343,31564,58,0,7,127607815274503
16344,31564,59,0,0,129746708987911
16345,31564,59,0,1,129755298922503
16346,31564,59,0,2,129763888857095
16347,31564,59,0,3,129772478791687
16348,31564,59,0,4,129781068726279
16349,31564,59,0,5,129789658660871
16350,31564,59,0,6,129798248595463
16351,31564,59,0,7,129806838530055
16352,31564,60,0,0,131945732243463
16353,31564,60,0,1,131954322178055
16354,31564,60,0,2,131962912112647
16355,31564,60,0,3,131971502047239
16356,31564,60,0,4,131980091981831
16357,31564,60,0,5,131988681916423
16358,31564,60,0,6,131997271851015
16359,31564,60,0,7,132005861785607
16360,31564,61,0,0,134144755499015
16361,31564,61,0,1,134153345433607
16362,31564,61,0,2,134161935368199
16363,31564,61,0,3,134170525302791
16364,31564,61,0,4,134179115237383
16365,31564,61,0,5,134187705171975
16366,31564,61,0,6,134196295106567
16367,31564,61,0,7,134204885041159
16368,31564,62,0,0,136343778754567
16369,31564,62,0,1,136352368689159
16370,31564,62,0,2,136360958623751
16371,31564,62,0,3,136369548558343
16372,31564,62,0,4,136378138492935
16373,31564,62,0,5,136386728427527
16374,31564,62,0,6,136395318362119
16375,31564,62,0,7,136403908296711
16376,31564,63,0,0,138542802010119
16377,31564,63,0,1,138551391944711
16378,31564,63,0,2,138559981879303
16379,31564,63,0,3,138568571813895
16380,31564,63,0,4,138577161748487
16381,31564,63,0,5,138585751683079
16382,31564,63,0,6,138594341617671
16383,31564,63,0,7,138602931552263
16384,36322,0,0,0,41943040
16385,36322,0,0,1,8631877632
16386,36322,0,0,2,17221812224
16387,36322,0,0,3,25811746816
16388,36322,0,0,4,34401681408
16389,36322,0,0,5,42991616000
16390,36322,0,0,6,51581550592
16391,36322,0,0,7,60171485184
16392,36322,1,0,0,2199065198592
16393,36322,1,0,1,2207655133184
16394,36322,1,0,2,2216245067776
16395,36322,1,0,3,2224835002368
16396,36322,1,0,4,2233424936960
16397,36322,1,0,5,2242014871552
16398,36322,1,0,6,2250604806144
16399,36322,1,0,7,2259194740736
16400,36322,2,0,0,4398088454144
16401,36322,2,0,1,4406678388736
16402,36322,2,0,2,4415268323328
16403,36322,2,0,3,4423858257920
16404,36322,2,0,4,4432448192512
16405,36322,2,0,5,4441038127104
16406,36322,2,0,6,4449628061696
16407,36322,2,0,7,4458217996288
16408,36322,3,0,0,6597111709696
16409,36322,3,0,1,6605701644288
16410,36322,3,0,2,6614291578880
16411,36322,3,0,3,6622881513472
16412,36322,3,0,4,6631471448064
16413,36322,3,0,5,6640061382656
16414,36322,3,0,6,6648651317248
16415,36322,3,0,7,6657241251840
16416,36322,4,0,0,8796134965248
16417,36322,4,0,1,8804724899840
16418,36322,4,0,2,8813314834432
16419,36322,4,0,3,8821904769024
16420,36322,4,0,4,8830494703616
16421,36322,4,0,5,8839084638208
16422,36322,4,0,6,8847674572800
16423,36322,4,0,7,8856264507392
16424,36322,5,0,0,10995158220800
16425,36322,5,0,1,11003748155392
16426,36322,5,0,2,11012338089984
16427,36322,5,0,3,11020928024576
16428,36322,5,0,4,11029517959168
16429,36322,5,0,5,11038107893760
16430,36322,5,0,6,11046697828352
16431,36322,5,0,7,11055287762944
16432,36322,6,0,0,13194181476352
16433,36322,6,0,1,13202771410944
16434,36322,6,0,2,13211361345536
16435,36322,6,0,3,13219951280128
16436,36322,6,0,4,13228541214720
16437,36322,6,0,5,13237131149312
16438,36322,6,0,6,13245721083904
16439,36322,6,0,7,13254311018496
16440,36322,7,0,0,15393204731904
16441,36322,7,0,1,15401794666496
16442,36322,7,0,2,15410384601088
16443,36322,7,0,3,15418974535680
16444,36322,7,0,4,15427564470272
16445,36322,7,0,5,15436154404864
16446,36322,7,0,6,15444744339456
16447,36322,7,0,7,15453334274048
16448,36322,8,0,0,17592227987456
16449,36322,8,0,1,17600817922048
16450,36322,8,0,2,17609407856640
16451,36322,8,0,3,17617997791232
16452,36322,8,0,4,17626587725824
16453,36322,8,0,5,17635177660416
16454,36322,8,0,6,17643767595008
16455,36322,8,0,7,17652357529600
16456,36322,9,0,0,19791251243008
16457,36322,9,0,1,19799841177600
16458,36322,9,0,2,19808431112192
16459,36322,9,0,3,19817021046784
16460,36322,9,0,4,19825610981376
16461,36322,9,0,5,19834200915968
16462,36322,9,0,6,19842790850560
16463,36322,9,0,7,19851380785152
16464,36322,10,0,0,21990274498560
16465,36322,10,0,1,21998864433152
16466,36322,10,0,2,22007454367744
16467,36322,10,0,3,22016044302336
16468,36322,10,0,4,22024634236928
16469,36322,10,0,5,22033224171520
16470,36322,10,0,6,22041814106112
16471,36322,10,0,7,22050404040704
16472,36322,11,0,0,24189297754112
16473,36322,11,0,1,24197887688704
16474,36322,11,0,2,24206477623296
16475,36322,11,0,3,24215067557888
16476,36322,11,0,4,24223657492480
16477,36322,11,0,5,24232247427072
16478,36322,11,0,6,24240837361664
16479,36322,11,0,7,24249427296256
16480,36322,12,0,0,26388321009664
16481,36322,12,0,1,26396910944256
16482,36322,12,0,2,26405500878848
16483,36322,12,0,3,26414090813440
16484,36322,12,0,4,26422680748032
16485,36322,12,0,5,26431270682624
16486,36322,12,0,6,26439860617216
16487,36322,12,0,7,26448450551808
16488,36322,13,0,0,28587344265216
16489,36322,13,0,1,28595934199808
16490,36322,13,0,2,28604524134400
16491,36322,13,0,3,28613114068992
16492,36322,13,0,4,28621704003584
16493,36322,13,0,5,28630293938176
16494,36322,13,0,6,28638883872768
16495,36322,13,0,7,28647473807360
16496,36322,14,0,0,30786367520768
16497,36322,14,0,1,30794957455360
16498,36322,14,0,2,30803547389952
16499,36322,14,0,3,30812137324544
16500,36322,14,0,4,30820727259136
16501,36322,14,0,5,30829317193728
16502,36322,14,0,6,30837907128320
16503,36322,14,0,7,30846497062912
16504,36322,15,0,0,32985390776320
16505,36322,15,0,1,32993980710912
16506,36322,15,0,2,33002570645504
16507,36322,15,0,3,33011160580096
16508,36322,15,0,4,33019750514688
16509,36322,15,0,5,33028340449280
16510,36322,15,0,6,33036930383872
16511,36322,15,0,7,33045520318464
16512,36322,16,0,0,35184414031872
16513,36322,16,0,1,35193003966464
16514,36322,16,0,2,35201593901056
16515,36322,16,0,3,35210183835648
16516,36322,16,0,4,35218773770240
16517,36322,16,0,5,35227363704832
16518,36322,16,0,6,35235953639424
16519,36322,16,0,7,35244543574016
16520,36322,17,0,0,37383437287424
16521,36322,17,0,1,37392027222016
16522,36322,17,0,2,37400617156608
16523,36322,17,0,3,37409207091200
16524,36322,17,0,4,37417797025792
16525,36322,17,0,5,37426386960384
16526,36322,17,0,6,37434976894976
16527,36322,17,0,7,37443566829568
16528,36322,18,0,0,39582460542976
16529,36322,18,0,1,39591050477568
16530,36322,18,0,2,39599640412160
16531,36322,18,0,3,39608230346752
16532,36322,18,0,4,39616820281344
16533,36322,18,0,5,39625410215936
16534,36322,18,0,6,39634000150528
16535,36322,18,0,7,39642590085120
16536,36322,19,0,0,41781483798528
16537,36322,19,0,1,41790073733120
16538,36322,19,0,2,41798663667712
16539,36322,19,0,3,41807253602304
16540,36322,19,0,4,41815843536896
16541,36322,19,0,5,41824433471488
16542,36322,19,0,6,41833023406080
16543,36322,19,0,7,41841613340672
16544,36322,20,0,0,43980507054080
16545,36322,20,0,1,43989096988672
16546,36322,20,0,2,43997686923264
16547,36322,20,0,3,44006276857856
16548,36322,20,0,4,44014866792448
16549,36322,20,0,5,44023456727040
16550,36322,20,0,6,44032046661632
16551,36322,20,0,7,44040636596224
16552,36322,21,0,0,46179530309632
16553,36322,21,0,1,46188120244224
16554,36322,21,0,2,46196710178816
16555,36322,21,0,3,46205300113408
16556,36322,21,0,4,46213890048000
16557,36322,21,0,5,46222479982592
16558,36322,21,0,6,46231069917184
16559,36322,21,0,7,46239659851776
16560,36322,22,0,0,48378553565184
16561,36322,22,0,1,48387143499776
16562,36322,22,0,2,48395733434368
16563,36322,22,0,3,48404323368960
16564,36322,22,0,4,48412913303552
16565,36322,22,0,5,48421503238144
16566,36322,22,0,6,48430093172736
16567,36322,22,0,7,48438683107328
16568,36322,23,0,0,50577576820736
16569,36322,23,0,1,50586166755328
16570,36322,23,0,2,50594756689920
16571,36322,23,0,3,50603346624512
16572,36322,23,0,4,50611936559104
16573,36322,23,0,5,50620526493696
16574,36322,23,0,6,50629116428288
16575,36322,23,0,7,50637706362880
16576,36322,24,0,0,52776600076288
16577,36322,24,0,1,52785190010880
16578,36322,24,0,2,52793779945472
16579,36322,24,0,3,52802369880064
16580,36322,24,0,4,52810959814656
16581,36322,24,0,5,52819549749248
16582,36322,24,0,6,52828139683840
16583,36322,24,0,7,52836729618432
16584,36322,25,0,0,54975623331840
16585,36322,25,0,1,54984213266432
16586,36322,25,0,2,54992803201024
16587,36322,25,0,3,55001393135616
16588,36322,25,0,4,55009983070208
16589,36322,25,0,5,55018573004800
16590,36322,25,0,6,55027162939392
16591,36322,25,0,7,55035752873984
16592,36322,26,0,0,57174646587392
16593,36322,26,0,1,57183236521984
16594,36322,26,0,2,57191826456576
16595,36322,26,0,3,57200416391168
16596,36322,26,0,4,57209006325760
16597,36322,26,0,5,57217596260352
16598,36322,26,0,6,57226186194944
16599,36322,26,0,7,57234776129536
16600,36322,27,0,0,59373669842944
16601,36322,27,0,1,59382259777536
16602,36322,27,0,2,59390849712128
16603,36322,27,0,3,59399439646720
16604,36322,27,0,4,59408029581312
16605,36322,27,0,5,59416619515904
16606,36322,27,0,6,59425209450496
16607,36322,27,0,7,59433799385088
16608,36322,28,0,0,61572693098496
16609,36322,28,0,1,61581283033088
16610,36322,28,0,2,61589872967680
16611,36322,28,0,3,61598462902272
16612,36322,28,0,4,61607052836864
16613,36322,28,0,5,61615642771456
16614,36322,28,0,6,61624232706048
16615,36322,28,0,7,61632822640640
16616,36322,29,0,0,63771716354048
16617,36322,29,0,1,63780306288640
16618,36322,29,0,2,63788896223232
16619,36322,29,0,3,63797486157824
16620,36322,29,0,4,63806076092416
16621,36322,29,0,5,63814666027008
16622,36322,29,0,6,63823255961600
16623,36322,29,0,7,63831845896192
16624,36322,30,0,0,65970739609600
16625,36322,30,0,1,65979329544192
16626,36322,30,0,2,65987919478784
16627,36322,30,0,3,65996509413376
16628,36322,30,0,4,66005099347968
16629,36322,30,0,5,66013689282560
16630,36322,30,0,6,66022279217152
16631,36322,30,0,7,66030869151744
16632,36322,31,0,0,68169762865152
16633,36322,31,0,1,68178352799744
16634,36322,31,0,2,68186942734336
16635,36322,31,0,3,68195532668928
16636,36322,31,0,4,68204122603520
16637,36322,31,0,5,68212712538112
16638,36322,31,0,6,68221302472704
16639,36322,31,0,7,68229892407296
16640,36322,32,0,0,70368786120704
16641,36322,32,0,1,70377376055296
16642,36322,32,0,2,70385965989888
16643,36322,32,0,3,70394555924480
16644,36322,32,0,4,70403145859072
16645,36322,32,0,5,70411735793664
16646,36322,32,0,6,70420325728256
16647,36322,32,0,7,70428915662848
16648,36322,33,0,0,72567809376256
16649,36322,33,0,1,72576399310848
16650,36322,33,0,2,72584989245440
16651,36322,33,0,3,72593579180032
16652,36322,33,0,4,72602169114624
16653,36322,33,0,5,72610759049216
16654,36322,33,0,6,72619348983808
16655,36322,33,0,7,72627938918400
16656,36322,34,0,0,74766832631808
16657,36322,34,0,1,74775422566400
16658,36322,34,0,2,74784012500992
16659,36322,34,0,3,74792602435584
16660,36322,34,0,4,74801192370176
16661,36322,34,0,5,74809782304768
16662,36322,34,0,6,74818372239360
16663,36322,34,0,7,74826962173952
16664,36322,35,0,0,76965855887360
16665,36322,35,0,1,76974445821952
16666,36322,35,0,2,76983035756544
16667,36322,35,0,3,76991625691136
16668,36322,35,0,4,77000215625728
16669,36322,35,0,5,77008805560320
16670,36322,35,0,6,77017395494912
16671,36322,35,0,7,77025985429504
16672,36322,36,0,0,79164879142912
16673,36322,36,0,1,79173469077504
16674,36322,36,0,2,79182059012096
16675,36322,36,0,3,79190648946688
16676,36322,36,0,4,79199238881280
16677,36322,36,0,5,79207828815872
16678,36322,36,0,6,79216418750464
16679,36322,36,0,7,79225008685056
16680,36322,37,0,0,81363902398464
16681,36322,37,0,1,81372492333056
16682,36322,37,0,2,81381082267648
16683,36322,37,0,3,81389672202240
16684,36322,37,0,4,81398262136832
16685,36322,37,0,5,81406852071424
16686,36322,37,0,6,81415442006016
16687,36322,37,0,7,81424031940608
16688,36322,38,0,0,83562925654016
16689,36322,38,0,1,83571515588608
16690,36322,38,0,2,83580105523200
16691,36322,38,0,3,83588695457792
16692,36322,38,0,4,83597285392384
16693,36322,38,0,5,83605875326976
16694,36322,38,0,6,83614465261568
16695,36322,38,0,7,83623055196160
16696,36322,39,0,0,85761948909568
16697,36322,39,0,1,85770538844160
16698,36322,39,0,2,85779128778752
16699,36322,39,0,3,85787718713344
16700,36322,39,0,4,85796308647936
16701,36322,39,0,5,85804898582528
16702,36322,39,0,6,85813488517120
16703,36322,39,0,7,85822078451712
16704,36322,40,0,0,87960972165120
16705,36322,40,0,1,87969562099712
16706,36322,40,0,2,87978152034304
16707,36322,40,0,3,87986741968896
16708,36322,40,0,4,87995331903488
16709,36322,40,0,5,88003921838080
16710,36322,40,0,6,88012511772672
16711,36322,40,0,7,88021101707264
16712,36322,41,0,0,90159995420672
16713,36322,41,0,1,90168585355264
16714,36322,41,0,2,90177175289856
16715,36322,41,0,3,90185765224448
16716,36322,41,0,4,90194355159040
16717,36322,41,0,5,90202945093632
16718,36322,41,0,6,90211535028224
16719,36322,41,0,7,90220124962816
16720,36322,42,0,0,92359018676224
16721,36322,42,0,1,92367608610816
16722,36322,42,0,2,92376198545408
16723,36322,42,0,3,92384788480000
16724,36322,42,0,4,92393378414592
16725,36322,42,0,5,92401968349184
16726,36322,42,0,6,92410558283776
16727,36322,42,0,7,92419148218368
16728,36322,43,0,0,94558041931776
16729,36322,43,0,1,94566631866368
16730,36322,43,0,2,94575221800960
16731,36322,43,0,3,94583811735552
16732,36322,43,0,4,94592401670144
16733,36322,43,0,5,94600991604736
16734,36322,43,0,6,94609581539328
16735,36322,43,0,7,94618171473920
16736,36322,44,0,0,96757065187328
16737,36322,44,0,1,96765655121920
16738,36322,44,0,2,96774245056512
16739,36322,44,0,3,96782834991104
16740,36322,44,0,4,96791424925696
16741,36322,44,0,5,96800014860288
16742,36322,44,0,6,96808604794880
16743,36322,44,0,7,96817194729472
16744,36322,45,0,0,98956088442880
16745,36322,45,0,1,98964678377472
16746,36322,45,0,2,98973268312064
16747,36322,45,0,3,98981858246656
16748,36322,45,0,4,98990448181248
16749,36322,45,0,5,98999038115840
16750,36322,45,0,6,99007628050432
16751,36322,45,0,7,99016217985024
16752,36322,46,0,0,101155111698432
16753,36322,46,0,1,101163701633024
16754,36322,46,0,2,101172291567616
16755,36322,46,0,3,101180881502208
16756,36322,46,0,4,101189471436800
16757,36322,46,0,5,101198061371392
16758,36322,46,0,6,101206651305984
16759,36322,46,0,7,101215241240576
16760,36322,47,0,0,103354134953984
16761,36322,47,0,1,103362724888576
16762,36322,47,0,2,103371314823168
16763,36322,47,0,3,103379904757760
16764,36322,47,0,4,103388494692352
16765,36322,47,0,5,103397084626944
16766,36322,47,0,6,103405674561536
16767,36322,47,0,7,103414264496128
16768,36322,48,0,0,105553158209536
16769,36322,48,0,1,105561748144128
16770,36322,48,0,2,105570338078720
16771,36322,48,0,3,105578928013312
16772,36322,48,0,4,105587517947904
16773,36322,48,0,5,105596107882496
16774,36322,48,0,6,105604697817088
16775,36322,48,0,7,105613287751680
16776,36322,49,0,0,107752181465088
16777,36322,49,0,1,107760771399680
16778,36322,49,0,2,107769361334272
16779,36322,49,0,3,107777951268864
16780,36322,49,0,4,107786541203456
16781,36322,49,0,5,107795131138048
16782,36322,49,0,6,107803721072640
16783,36322,49,0,7,107812311007232
16784,36322,50,0,0,109951204720640
16785,36322,50,0,1,109959794655232
16786,36322,50,0,2,109968384589824
16787,36322,50,0,3,109976974524416
16788,36322,50,0,4,109985564459008
16789,36322,50,0,5,109994154393600
16790,36322,50,0,6,110002744328192
16791,36322,50,0,7,110011334262784
16792,36322,51,0,0,112150227976192
16793,36322,51,0,1,112158817910784
16794,36322,51,0,2,112167407845376
16795,36322,51,0,3,112175997779968
16796,36322,51,0,4,112184587714560
16797,36322,51,0,5,112193177649152
16798,36322,51,0,6,112201767583744
16799,36322,51,0,7,112210357518336
16800,36322,52,0,0,114349251231744
16801,36322,52,0,1,114357841166336
16802,36322,52,0,2,114366431100928
16803,36322,52,0,3,114375021035520
16804,36322,52,0,4,114383610970112
16805,36322,52,0,5,114392200904704
16806,36322,52,0,6,114400790839296
16807,36322,52,0,7,114409380773888
16808,36322,53,0,0,116548274487296
16809,36322,53,0,1,116556864421888
16810,36322,53,0,2,116565454356480
16811,36322,53,0,3,116574044291072
16812,36322,53,0,4,116582634225664
16813,36322,53,0,5,116591224160256
16814,36322,53,0,6,116599814094848
16815,36322,53,0,7,116608404029440
16816,36322,54,0,0,118747297742848
16817,36322,54,0,1,118755887677440
16818,36322,54,0,2,118764477612032
16819,36322,54,0,3,118773067546624
16820,36322,54,0,4,118781657481216
16821,36322,54,0,5,118790247415808
16822,36322,54,0,6,118798837350400
16823,36322,54,0,7,118807427284992
16824,36322,55,0,0,120946320998400
16825,36322,55,0,1,120954910932992
16826,36322,55,0,2,120963500867584
16827,36322,55,0,3,120972090802176
16828,36322,55,0,4,120980680736768
16829,36322,55,0,5,120989270671360
16830,36322,55,0,6,120997860605952
16831,36322,55,0,7,121006450540544
16832,36322,56,0,0,123145344253952
16833,36322,56,0,1,123153934188544
16834,36322,56,0,2,123162524123136
16835,36322,56,0,3,123171114057728
16836,36322,56,0,4,123179703992320
16837,36322,56,0,5,123188293926912
16838,36322,56,0,6,123196883861504
16839,36322,56,0,7,123205473796096
16840,36322,57,0,0,125344367509504
16841,36322,57,0,1,125352957444096
16842,36322,57,0,2,125361547378688
16843,36322,57,0,3,125370137313280
16844,36322,57,0,4,125378727247872
16845,36322,57,0,5,125387317182464
16846,36322,57,0,6,125395907117056
16847,36322,57,0,7,125404497051648
16848,36322,58,0,0,127543390765056
16849,36322,58,0,1,127551980699648
16850,36322,58,0,2,127560570634240
16851,36322,58,0,3,127569160568832
16852,36322,58,0,4,127577750503424
16853,36322,58,0,5,127586340438016
16854,36322,58,0,6,127594930372608
16855,36322,58,0,7,127603520307200
16856,36322,59,0,0,129742414020608
16857,36322,59,0,1,129751003955200
16858,36322,59,0,2,129759593889792
16859,36322,59,0,3,129768183824384
16860,36322,59,0,4,129776773758976
16861,36322,59,0,5,129785363693568
16862,36322,59,0,6,129793953628160
16863,36322,59,0,7,129802543562752
16864,36322,60,0,0,131941437276160
16865,36322,60,0,1,131950027210752
16866,36322,60,0,2,131958617145344
16867,36322,60,0,3,131967207079936
16868,36322,60,0,4,131975797014528
16869,36322,60,0,5,131984386949120
16870,36322,60,0,6,131992976883712
16871,36322,60,0,7,132001566818304
16872,36322,61,0,0,134140460531712
16873,36322,61,0,1,134149050466304
16874,36322,61,0,2,134157640400896
16875,36322,61,0,3,134166230335488
16876,36322,61,0,4,134174820270080
16877,36322,61,0,5,134183410204672
16878,36322,61,0,6,134192000139264
16879,36322,61,0,7,134200590073856
16880,36322,62,0,0,136339483787264
16881,36322,62,0,1,136348073721856
16882,36322,62,0,2,136356663656448
16883,36322,62,0,3,136365253591040
16884,36322,62,0,4,136373843525632
16885,36322,62,0,5,136382433460224
16886,36322,62,0,6,136391023394816
16887,36322,62,0,7,136399613329408
16888,36322,63,0,0,138538507042816
16889,36322,63,0,1,138547096977408
16890,36322,63,0,2,138555686912000
16891,36322,63,0,3,138564276846592
16892,36322,63,0,4,138572866781184
16893,36322,63,0,5,138581456715776
16894,36322,63,0,6,138590046650368
16895,36322,63,0,7,138598636584960
16896,36325,0,0,0,41943041
16897,36325,0,0,1,8631877633
16898,36325,0,0,2,17221812225
16899,36325,0,0,3,25811746817
16900,36325,0,0,4,34401681409
16901,36325,0,0,5,42991616001
16902,36325,0,0,6,51581550593
16903,36325,0,0,7,60171485185
16904,36325,1,0,0,2199065198593
16905,36325,1,0,1,2207655133185
16906,36325,1,0,2,2216245067777
16907,36325,1,0,3,2224835002369
16908,36325,1,0,4,2233424936961
16909,36325,1,0,5,2242014871553
16910,36325,1,0,6,2250604806145
16911,36325,1,0,7,2259194740737
16912,36325,2,0,0,4398088454145
16913,36325,2,0,1,4406678388737
16914,36325,2,0,2,4415268323329
16915,36325,2,0,3,4423858257921
16916,36325,2,0,4,4432448192513
16917,36325,2,0,5,4441038127105
16918,36325,2,0,6,4449628061697
16919,36325,2,0,7,4458217996289
16920,36325,3,0,0,6597111709697
16921,36325,3,0,1,6605701644289
16922,36325,3,0,2,6614291578881
16923,36325,3,0,3,6622881513473
16924,36325,3,0,4,6631471448065
16925,36325,3,0,5,6640061382657
16926,36325,3,0,6,6648651317249
16927,36325,3,0,7,6657241251841
16928,36325,4,0,0,8796134965249
16929,36325,4,0,1,8804724899841
16930,36325,4,0,2,8813314834433
16931,36325,4,0,3,8821904769025
16932,36325,4,0,4,8830494703617
16933,36325,4,0,5,8839084638209
16934,36325,4,0,6,8847674572801
16935,36325,4,0,7,8856264507393
16936,36325,5,0,0,10995158220801
16937,36325,5,0,1,11003748155393
16938,36325,5,0,2,11012338089985
16939,36325,5,0,3,11020928024577
16940,36325,5,0,4,11029517959169
16941,36325,5,0,5,11038107893761
16942,36325,5,0,6,11046697828353
16943,36325,5,0,7,11055287762945
16944,36325,6,0,0,13194181476353
16945,36325,6,0,1,13202771410945
16946,36325,6,0,2,13211361345537
16947,36325,6,0,3,13219951280129
16948,36325,6,0,4,13228541214721
16949,36325,6,0,5,13237131149313
16950,36325,6,0,6,13245721083905
16951,36325,6,0,7,13254311018497
16952,36325,7,0,0,15393204731905
16953,36325,7,0,1,15401794666497
16954,36325,7,0,2,15410384601089
16955,36325,7,0,3,15418974535681
16956,36325,7,0,4,15427564470273
16957,36325,7,0,5,15436154404865
16958,36325,7,0,6,15444744339457
16959,36325,7,0,7,15453334274049
16960,36325,8,0,0,17592227987457
16961,36325,8,0,1,17600817922049
16962,36325,8,0,2,17609407856641
16963,36325,8,0,3,17617997791233
16964,36325,8,0,4,17626587725825
16965,36325,8,0,5,17635177660417
16966,36325,8,0,6,17643767595009
16967,36325,8,0,7,17652357529601
16968,36325,9,0,0,19791251243009
16969,36325,9,0,1,19799841177601
16970,36325,9,0,2,19808431112193
16971,36325,9,0,3,19817021046785
16972,36325,9,0,4,19825610981377
16973,36325,9,0,5,19834200915969
16974,36325,9,0,6,19842790850561
16975,36325,9,0,7,19851380785153
16976,36325,10,0,0,21990274498561
16977,36325,10,0,1,21998864433153
16978,36325,10,0,2,22007454367745
16979,36325,10,0,3,22016044302337
16980,36325,10,0,4,22024634236929
16981,36325,10,0,5,22033224171521
16982,36325,10,0,6,22041814106113
16983,36325,10,0,7,22050404040705
16984,36325,11,0,0,24189297754113
16985,36325,11,0,1,24197887688705
16986,36325,11,0,2,24206477623297
16987,36325,11,0,3,24215067557889
16988,36325,11,0,4,24223657492481
16989,36325,11,0,5,24232247427073
16990,36325,11,0,6,24240837361665
16991,36325,11,0,7,24249427296257
16992,36325,12,0,0,26388321009665
16993,36325,12,0,1,26396910944257
16994,36325,12,0,2,26405500878849
16995,36325,12,0,3,26414090813441
16996,36325,12,0,4,26422680748033
16997,36325,12,0,5,26431270682625
16998,36325,12,0,6,26439860617217
16999,36325,12,0,7,26448450551809
17000,36325,13,0,0,28587344265217
17001,36325,13,0,1,28595934199809
17002,36325,13,0,2,28604524134401
17003,36325,13,0,3,28613114068993
17004,36325,13,0,4,28621704003585
17005,36325,13,0,5,28630293938177
17006,36325,13,0,6,28638883872769
17007,36325,13,0,7,28647473807361
17008,36325,14,0,0,30786367520769
17009,36325,14,0,1,30794957455361
17010,36325,14,0,2,30803547389953
17011,36325,14,0,3,30812137324545
17012,36325,14,0,4,30820727259137
17013,36325,14,0,5,30829317193729
17014,36325,14,0,6,30837907128321
17015,36325,14,0,7,30846497062913
17016,36325,15,0,0,32985390776321
17017,36325,15,0,1,32993980710913
17018,36325,15,0,2,33002570645505
17019,36325,15,0,3,33011160580097
17020,36325,15,0,4,33019750514689
17021,36325,15,0,5,33028340449281
17022,36325,15,0,6,33036930383873
17023,36325,15,0,7,33045520318465
17024,36325,16,0,0,35184414031873
17025,36325,16,0,1,35193003966465
17026,36325,16,0,2,35201593901057
17027,36325,16,0,3,35210183835649
17028,36325,16,0,4,35218773770241
17029,36325,16,0,5,35227363704833
17030,36325,16,0,6,35235953639425
17031,36325,16,0,7,35244543574017
17032,36325,17,0,0,37383437287425
17033,36325,17,0,1,37392027222017
17034,36325,17,0,2,37400617156609
17035,36325,17,0,3,37409207091201
17036,36325,17,0,4,37417797025793
17037,36325,17,0,5,37426386960385
17038,36325,17,0,6,37434976894977
17039,36325,17,0,7,37443566829569
17040,36325,18,0,0,39582460542977
17041,36325,18,0,1,39591050477569
17042,36325,18,0,2,39599640412161
17043,36325,18,0,3,39608230346753
17044,36325,18,0,4,39616820281345
17045,36325,18,0,5,39625410215937
17046,36325,18,0,6,39634000150529
17047,36325,18,0,7,39642590085121
17048,36325,19,0,0,41781483798529
17049,36325,19,0,1,41790073733121
17050,36325,19,0,2,41798663667713
17051,36325,19,0,3,41807253602305
17052,36325,19,0,4,41815843536897
17053,36325,19,0,5,41824433471489
17054,36325,19,0,6,41833023406081
17055,36325,19,0,7,41841613340673
17056,36325,20,0,0,43980507054081
17057,36325,20,0,1,43989096988673
17058,36325,20,0,2,43997686923265
17059,36325,20,0,3,44006276857857
17060,36325,20,0,4,44014866792449
17061,36325,20,0,5,44023456727041
17062,36325,20,0,6,44032046661633
17063,36325,20,0,7,44040636596225
17064,36325,21,0,0,46179530309633
17065,36325,21,0,1,46188120244225
17066,36325,21,0,2,46196710178817
17067,36325,21,0,3,46205300113409
17068,36325,21,0,4,46213890048001
17069,36325,21,0,5,46222479982593
17070,36325,21,0,6,46231069917185
17071,36325,21,0,7,46239659851777
17072,36325,22,0,0,48378553565185
17073,36325,22,0,1,48387143499777
17074,36325,22,0,2,48395733434369
17075,36325,22,0,3,48404323368961
17076,36325,22,0,4,48412913303553
17077,36325,22,0,5,48421503238145
17078,36325,22,0,6,48430093172737
17079,36325,22,0,7,48438683107329
17080,36325,23,0,0,50577576820737
17081,36325,23,0,1,50586166755329
17082,36325,23,0,2,50594756689921
17083,36325,23,0,3,50603346624513
17084,36325,23,0,4,50611936559105
17085,36325,23,0,5,50620526493697
17086,36325,23,0,6,50629116428289
17087,36325,23,0,7,50637706362881
17088,36325,24,0,0,52776600076289
17089,36325,24,0,1,52785190010881
17090,36325,24,0,2,52793779945473
17091,36325,24,0,3,52802369880065
17092,36325,24,0,4,52810959814657
17093,36325,24,0,5,52819549749249
17094,36325,24,0,6,52828139683841
17095,36325,24,0,7,52836729618433
17096,36325,25,0,0,54975623331841
17097,36325,25,0,1,54984213266433
17098,36325,25,0,2,54992803201025
17099,36325,25,0,3,55001393135617
17100,36325,25,0,4,55009983070209
17101,36325,25,0,5,55018573004801
17102,36325,25,0,6,55027162939393
17103,36325,25,0,7,55035752873985
17104,36325,26,0,0,57174646587393
17105,36325,26,0,1,57183236521985
17106,36325,26,0,2,57191826456577
17107,36325,26,0,3,57200416391169
17108,36325,26,0,4,57209006325761
17109,36325,26,0,5,57217596260353
17110,36325,26,0,6,57226186194945
17111,36325,26,0,7,57234776129537
17112,36325,27,0,0,59373669842945
17113,36325,27,0,1,59382259777537
17114,36325,27,0,2,59390849712129
17115,36325,27,0,3,59399439646721
17116,36325,27,0,4,59408029581313
17117,36325,27,0,5,59416619515905
17118,36325,27,0,6,59425209450497
17119,36325,27,0,7,59433799385089
17120,36325,28,0,0,61572693098497
17121,36325,28,0,1,61581283033089
17122,36325,28,0,2,61589872967681
17123,36325,28,0,3,61598462902273
17124,36325,28,0,4,61607052836865
17125,36325,28,0,5,61615642771457
17126,36325,28,0,6,61624232706049
17127,36325,28,0,7,61632822640641
17128,36325,29,0,0,63771716354049
17129,36325,29,0,1,63780306288641
17130,36325,29,0,2,63788896223233
17131,36325,29,0,3,63797486157825
17132,36325,29,0,4,63806076092417
17133,36325,29,0,5,63814666027009
17134,36325,29,0,6,63823255961601
17135,36325,29,0,7,63831845896193
17136,36325,30,0,0,65970739609601
17137,36325,30,0,1,65979329544193
17138,36325,30,0,2,65987919478785
17139,36325,30,0,3,65996509413377
17140,36325,30,0,4,66005099347969
17141,36325,30,0,5,66013689282561
17142,36325,30,0,6,66022279217153
17143,36325,30,0,7,66030869151745
17144,36325,31,0,0,68169762865153
17145,36325,31,0,1,68178352799745
17146,36325,31,0,2,68186942734337
17147,36325,31,0,3,68195532668929
17148,36325,31,0,4,68204122603521
17149,36325,31,0,5,68212712538113
17150,36325,31,0,6,68221302472705
17151,36325,31,0,7,68229892407297
17152,36325,32,0,0,70368786120705
17153,36325,32,0,1,70377376055297
17154,36325,32,0,2,70385965989889
17155,36325,32,0,3,70394555924481
17156,36325,32,0,4,70403145859073
17157,36325,32,0,5,70411735793665
17158,36325,32,0,6,70420325728257
17159,36325,32,0,7,70428915662849
17160,36325,33,0,0,72567809376257
17161,36325,33,0,1,72576399310849
17162,36325,33,0,2,72584989245441
17163,36325,33,0,3,72593579180033
17164,36325,33,0,4,72602169114625
17165,36325,33,0,5,72610759049217
17166,36325,33,0,6,72619348983809
17167,36325,33,0,7,72627938918401
17168,36325,34,0,0,74766832631809
17169,36325,34,0,1,74775422566401
17170,36325,34,0,2,74784012500993
17171,36325,34,0,3,74792602435585
17172,36325,34,0,4,74801192370177
17173,36325,34,0,5,74809782304769
17174,36325,34,0,6,74818372239361
17175,36325,34,0,7,74826962173953
17176,36325,35,0,0,76965855887361
17177,36325,35,0,1,76974445821953
17178,36325,35,0,2,76983035756545
17179,36325,35,0,3,76991625691137
17180,36325,35,0,4,77000215625729
17181,36325,35,0,5,77008805560321
17182,36325,35,0,6,77017395494913
17183,36325,35,0,7,77025985429505
17184,36325,36,0,0,79164879142913
17185,36325,36,0,1,79173469077505
17186,36325,36,0,2,79182059012097
17187,36325,36,0,3,79190648946689
17188,36325,36,0,4,79199238881281
17189,36325,36,0,5,79207828815873
17190,36325,36,0,6,79216418750465
17191,36325,36,0,7,79225008685057
17192,36325,37,0,0,81363902398465
17193,36325,37,0,1,81372492333057
17194,36325,37,0,2,81381082267649
17195,36325,37,0,3,81389672202241
17196,36325,37,0,4,81398262136833
17197,36325,37,0,5,81406852071425
17198,36325,37,0,6,81415442006017
17199,36325,37,0,7,81424031940609
17200,36325,38,0,0,83562925654017
17201,36325,38,0,1,83571515588609
17202,36325,38,0,2,83580105523201
17203,36325,38,0,3,83588695457793
17204,36325,38,0,4,83597285392385
17205,36325,38,0,5,83605875326977
17206,36325,38,0,6,83614465261569
17207,36325,38,0,7,83623055196161
17208,36325,39,0,0,85761948909569
17209,36325,39,0,1,85770538844161
17210,36325,39,0,2,85779128778753
17211,36325,39,0,3,85787718713345
17212,36325,39,0,4,85796308647937
17213,36325,39,0,5,85804898582529
17214,36325,39,0,6,85813488517121
17215,36325,39,0,7,85822078451713
17216,36325,40,0,0,87960972165121
17217,36325,40,0,1,87969562099713
17218,36325,40,0,2,87978152034305
17219,36325,40,0,3,87986741968897
17220,36325,40,0,4,87995331903489
17221,36325,40,0,5,88003921838081
17222,36325,40,0,6,88012511772673
17223,36325,40,0,7,88021101707265
17224,36325,41,0,0,90159995420673
17225,36325,41,0,1,90168585355265
17226,36325,41,0,2,90177175289857
17227,36325,41,0,3,90185765224449
17228,36325,41,0,4,90194355159041
17229,36325,41,0,5,90202945093633
17230,36325,41,0,6,90211535028225
17231,36325,41,0,7,90220124962817
17232,36325,42,0,0,92359018676225
17233,36325,42,0,1,92367608610817
17234,36325,42,0,2,92376198545409
17235,36325,42,0,3,92384788480001
17236,36325,42,0,4,92393378414593
17237,36325,42,0,5,92401968349185
17238,36325,42,0,6,92410558283777
17239,36325,42,0,7,92419148218369
17240,36325,43,0,0,94558041931777
17241,36325,43,0,1,94566631866369
17242,36325,43,0,2,94575221800961
17243,36325,43,0,3,94583811735553
17244,36325,43,0,4,94592401670145
17245,36325,43,0,5,94600991604737
17246,36325,43,0,6,94609581539329
17247,36325,43,0,7,94618171473921
17248,36325,44,0,0,96757065187329
17249,36325,44,0,1,96765655121921
17250,36325,44,0,2,96774245056513
17251,36325,44,0,3,96782834991105
17252,36325,44,0,4,96791424925697
17253,36325,44,0,5,96800014860289
17254,36325,44,0,6,96808604794881
17255,36325,44,0,7,96817194729473
17256,36325,45,0,0,98956088442881
17257,36325,45,0,1,98964678377473
17258,36325,45,0,2,98973268312065
17259,36325,45,0,3,98981858246657
17260,36325,45,0,4,98990448181249
17261,36325,45,0,5,98999038115841
17262,36325,45,0,6,99007628050433
17263,36325,45,0,7,99016217985025
17264,36325,46,0,0,101155111698433
17265,36325,46,0,1,101163701633025
17266,36325,46,0,2,101172291567617
17267,36325,46,0,3,101180881502209
17268,36325,46,0,4,101189471436801
17269,36325,46,0,5,101198061371393
17270,36325,46,0,6,101206651305985
17271,36325,46,0,7,101215241240577
17272,36325,47,0,0,103354134953985
17273,36325,47,0,1,103362724888577
17274,36325,47,0,2,103371314823169
17275,36325,47,0,3,103379904757761
17276,36325,47,0,4,103388494692353
17277,36325,47,0,5,103397084626945
17278,36325,47,0,6,103405674561537
17279,36325,47,0,7,103414264496129
17280,36325,48,0,0,105553158209537
17281,36325,48,0,1,105561748144129
17282,36325,48,0,2,105570338078721
17283,36325,48,0,3,105578928013313
17284,36325,48,0,4,105587517947905
17285,36325,48,0,5,105596107882497
17286,36325,48,0,6,105604697817089
17287,36325,48,0,7,105613287751681
17288,36325,49,0,0,107752181465089
17289,36325,49,0,1,107760771399681
17290,36325,49,0,2,107769361334273
17291,36325,49,0,3,107777951268865
17292,36325,49,0,4,107786541203457
17293,36325,49,0,5,107795131138049
17294,36325,49,0,6,107803721072641
17295,36325,49,0,7,107812311007233
17296,36325,50,0,0,109951204720641
17297,36325,50,0,1,109959794655233
17298,36325,50,0,2,109968384589825
17299,36325,50,0,3,109976974524417
17300,36325,50,0,4,109985564459009
17301,36325,50,0,5,109994154393601
17302,36325,50,0,6,110002744328193
17303,36325,50,0,7,110011334262785
17304,36325,51,0,0,112150227976193
17305,36325,51,0,1,112158817910785
17306,36325,51,0,2,112167407845377
17307,36325,51,0,3,112175997779969
17308,36325,51,0,4,112184587714561
17309,36325,51,0,5,112193177649153
17310,36325,51,0,6,112201767583745
17311,36325,51,0,7,112210357518337
17312,36325,52,0,0,114349251231745
17313,36325,52,0,1,114357841166337
17314,36325,52,0,2,114366431100929
17315,36325,52,0,3,114375021035521
17316,36325,52,0,4,114383610970113
17317,36325,52,0,5,114392200904705
17318,36325,52,0,6,114400790839297
17319,36325,52,0,7,114409380773889
17320,36325,53,0,0,116548274487297
17321,36325,53,0,1,116556864421889
17322,36325,53,0,2,116565454356481
17323,36325,53,0,3,116574044291073
17324,36325,53,0,4,116582634225665
17325,36325,53,0,5,116591224160257
17326,36325,53,0,6,116599814094849
17327,36325,53,0,7,116608404029441
17328,36325,54,0,0,118747297742849
17329,36325,54,0,1,118755887677441
17330,36325,54,0,2,118764477612033
17331,36325,54,0,3,118773067546625
17332,36325,54,0,4,118781657481217
17333,36325,54,0,5,118790247415809
17334,36325,54,0,6,118798837350401
17335,36325,54,0,7,118807427284993
17336,36325,55,0,0,120946320998401
17337,36325,55,0,1,120954910932993
17338,36325,55,0,2,120963500867585
17339,36325,55,0,3,120972090802177
17340,36325,55,0,4,120980680736769
17341,36325,55,0,5,120989270671361
17342,36325,55,0,6,120997860605953
17343,36325,55,0,7,121006450540545
17344,36325,56,0,0,123145344253953
17345,36325,56,0,1,123153934188545
17346,36325,56,0,2,123162524123137
17347,36325,56,0,3,123171114057729
17348,36325,56,0,4,123179703992321
17349,36325,56,0,5,123188293926913
17350,36325,56,0,6,123196883861505
17351,36325,56,0,7,123205473796097
17352,36325,57,0,0,125344367509505
17353,36325,57,0,1,125352957444097
17354,36325,57,0,2,125361547378689
17355,36325,57,0,3,125370137313281
17356,36325,57,0,4,125378727247873
17357,36325,57,0,5,125387317182465
17358,36325,57,0,6,125395907117057
17359,36325,57,0,7,125404497051649
17360,36325,58,0,0,127543390765057
17361,36325,58,0,1,127551980699649
17362,36325,58,0,2,127560570634241
17363,36325,58,0,3,127569160568833
17364,36325,58,0,4,127577750503425
17365,36325,58,0,5,127586340438017
17366,36325,58,0,6,127594930372609
17367,36325,58,0,7,127603520307201
17368,36325,59,0,0,129742414020609
17369,36325,59,0,1,129751003955201
17370,36325,59,0,2,129759593889793
17371,36325,59,0,3,129768183824385
17372,36325,59,0,4,129776773758977
17373,36325,59,0,5,129785363693569
17374,36325,59,0,6,129793953628161
17375,36325,59,0,7,129802543562753
17376,36325,60,0,0,131941437276161
17377,36325,60,0,1,131950027210753
17378,36325,60,0,2,131958617145345
17379,36325,60,0,3,131967207079937
17380,36325,60,0,4,131975797014529
17381,36325,60,0,5,131984386949121
17382,36325,60,0,6,131992976883713
17383,36325,60,0,7,132001566818305
17384,36325,61,0,0,134140460531713
17385,36325,61,0,1,134149050466305
17386,36325,61,0,2,134157640400897
17387,36325,61,0,3,134166230335489
17388,36325,61,0,4,134174820270081
17389,36325,61,0,5,134183410204673
17390,36325,61,0,6,134192000139265
17391,36325,61,0,7,134200590073857
17392,36325,62,0,0,136339483787265
17393,36325,62,0,1,136348073721857
17394,36325,62,0,2,136356663656449
17395,36325,62,0,3,136365253591041
17396,36325,62,0,4,136373843525633
17397,36325,62,0,5,136382433460225
17398,36325,62,0,6,136391023394817
17399,36325,62,0,7,136399613329409
17400,36325,63,0,0,138538507042817
17401,36325,63,0,1,138547096977409
17402,36325,63,0,2,138555686912001
17403,36325,63,0,3,138564276846593
17404,36325,63,0,4,138572866781185
17405,36325,63,0,5,138581456715777
17406,36325,63,0,6,138590046650369
17407,36325,63,0,7,138598636584961
17408,36327,0,0,0,41943042
17409,36327,0,0,1,8631877634
17410,36327,0,0,2,17221812226
17411,36327,0,0,3,25811746818
17412,36327,0,0,4,34401681410
17413,36327,0,0,5,42991616002
17414,36327,0,0,6,51581550594
17415,36327,0,0,7,60171485186
17416,36327,1,0,0,2199065198594
17417,36327,1,0,1,2207655133186
17418,36327,1,0,2,2216245067778
17419,36327,1,0,3,2224835002370
17420,36327,1,0,4,2233424936962
17421,36327,1,0,5,2242014871554
17422,36327,1,0,6,2250604806146
17423,36327,1,0,7,2259194740738
17424,36327,2,0,0,4398088454146
17425,36327,2,0,1,4406678388738
17426,36327,2,0,2,4415268323330
17427,36327,2,0,3,4423858257922
17428,36327,2,0,4,4432448192514
17429,36327,2,0,5,4441038127106
17430,36327,2,0,6,4449628061698
17431,36327,2,0,7,4458217996290
17432,36327,3,0,0,6597111709698
17433,36327,3,0,1,6605701644290
17434,36327,3,0,2,6614291578882
17435,36327,3,0,3,6622881513474
17436,36327,3,0,4,6631471448066
17437,36327,3,0,5,6640061382658
17438,36327,3,0,6,6648651317250
17439,36327,3,0,7,6657241251842
17440,36327,4,0,0,8796134965250
17441,36327,4,0,1,8804724899842
17442,36327,4,0,2,8813314834434
17443,36327,4,0,3,8821904769026
17444,36327,4,0,4,8830494703618
17445,36327,4,0,5,8839084638210
17446,36327,4,0,6,8847674572802
17447,36327,4,0,7,8856264507394
17448,36327,5,0,0,10995158220802
17449,36327,5,0,1,11003748155394
17450,36327,5,0,2,11012338089986
17451,36327,5,0,3,11020928024578
17452,36327,5,0,4,11029517959170
17453,36327,5,0,5,11038107893762
17454,36327,5,0,6,11046697828354
17455,36327,5,0,7,11055287762946
17456,36327,6,0,0,13194181476354
17457,36327,6,0,1,13202771410946
17458,36327,6,0,2,13211361345538
17459,36327,6,0,3,13219951280130
17460,36327,6,0,4,13228541214722
17461,36327,6,0,5,13237131149314
17462,36327,6,0,6,13245721083906
17463,36327,6,0,7,13254311018498
17464,36327,7,0,0,15393204731906
17465,36327,7,0,1,15401794666498
17466,36327,7,0,2,15410384601090
17467,36327,7,0,3,15418974535682
17468,36327,7,0,4,15427564470274
17469,36327,7,0,5,15436154404866
17470,36327,7,0,6,15444744339458
17471,36327,7,0,7,15453334274050
17472,36327,8,0,0,17592227987458
17473,36327,8,0,1,17600817922050
17474,36327,8,0,2,17609407856642
17475,36327,8,0,3,17617997791234
17476,36327,8,0,4,17626587725826
17477,36327,8,0,5,17635177660418
17478,36327,8,0,6,17643767595010
17479,36327,8,0,7,17652357529602
17480,36327,9,0,0,19791251243010
17481,36327,9,0,1,19799841177602
17482,36327,9,0,2,19808431112194
17483,36327,9,0,3,19817021046786
17484,36327,9,0,4,19825610981378
17485,36327,9,0,5,19834200915970
17486,36327,9,0,6,19842790850562
17487,36327,9,0,7,19851380785154
17488,36327,10,0,0,21990274498562
17489,36327,10,0,1,21998864433154
17490,36327,10,0,2,22007454367746
17491,36327,10,0,3,22016044302338
17492,36327,10,0,4,22024634236930
17493,36327,10,0,5,22033224171522
17494,36327,10,0,6,22041814106114
17495,36327,10,0,7,22050404040706
17496,36327,11,0,0,24189297754114
17497,36327,11,0,1,24197887688706
17498,36327,11,0,2,24206477623298
17499,36327,11,0,3,24215067557890
17500,36327,11,0,4,24223657492482
17501,36327,11,0,5,24232247427074
17502,36327,11,0,6,24240837361666
17503,36327,11,0,7,24249427296258
17504,36327,12,0,0,26388321009666
17505,36327,12,0,1,26396910944258
17506,36327,12,0,2,26405500878850
17507,36327,12,0,3,26414090813442
17508,36327,12,0,4,26422680748034
17509,36327,12,0,5,26431270682626
17510,36327,12,0,6,26439860617218
17511,36327,12,0,7,26448450551810
17512,36327,13,0,0,28587344265218
17513,36327,13,0,1,28595934199810
17514,36327,13,0,2,28604524134402
17515,36327,13,0,3,28613114068994
17516,36327,13,0,4,28621704003586
17517,36327,13,0,5,28630293938178
17518,36327,13,0,6,28638883872770
17519,36327,13,0,7,28647473807362
17520,36327,14,0,0,30786367520770
17521,36327,14,0,1,30794957455362
17522,36327,14,0,2,30803547389954
17523,36327,14,0,3,30812137324546
17524,36327,14,0,4,30820727259138
17525,36327,14,0,5,30829317193730
17526,36327,14,0,6,30837907128322
17527,36327,14,0,7,30846497062914
17528,36327,15,0,0,32985390776322
17529,36327,15,0,1,32993980710914
17530,36327,15,0,2,33002570645506
17531,36327,15,0,3,33011160580098
17532,36327,15,0,4,33019750514690
17533,36327,15,0,5,33028340449282
17534,36327,15,0,6,33036930383874
17535,36327,15,0,7,33045520318466
17536,36327,16,0,0,35184414031874
17537,36327,16,0,1,35193003966466
17538,36327,16,0,2,35201593901058
17539,36327,16,0,3,35210183835650
17540,36327,16,0,4,35218773770242
17541,36327,16,0,5,35227363704834
17542,36327,16,0,6,35235953639426
17543,36327,16,0,7,35244543574018
17544,36327,17,0,0,37383437287426
17545,36327,17,0,1,37392027222018
17546,36327,17,0,2,37400617156610
17547,36327,17,0,3,37409207091202
17548,36327,17,0,4,37417797025794
17549,36327,17,0,5,37426386960386
17550,36327,17,0,6,37434976894978
17551,36327,17,0,7,37443566829570
17552,36327,18,0,0,39582460542978
17553,36327,18,0,1,39591050477570
17554,36327,18,0,2,39599640412162
17555,36327,18,0,3,39608230346754
17556,36327,18,0,4,39616820281346
17557,36327,18,0,5,39625410215938
17558,36327,18,0,6,39634000150530
17559,36327,18,0,7,39642590085122
17560,36327,19,0,0,41781483798530
17561,36327,19,0,1,41790073733122
17562,36327,19,0,2,41798663667714
17563,36327,19,0,3,41807253602306
17564,36327,19,0,4,41815843536898
17565,36327,19,0,5,41824433471490
17566,36327,19,0,6,41833023406082
17567,36327,19,0,7,41841613340674
17568,36327,20,0,0,43980507054082
17569,36327,20,0,1,43989096988674
17570,36327,20,0,2,43997686923266
17571,36327,20,0,3,44006276857858
17572,36327,20,0,4,44014866792450
17573,36327,20,0,5,44023456727042
17574,36327,20,0,6,44032046661634
17575,36327,20,0,7,44040636596226
17576,36327,21,0,0,46179530309634
17577,36327,21,0,1,46188120244226
17578,36327,21,0,2,46196710178818
17579,36327,21,0,3,46205300113410
17580,36327,21,0,4,46213890048002
17581,36327,21,0,5,46222479982594
17582,36327,21,0,6,46231069917186
17583,36327,21,0,7,46239659851778
17584,36327,22,0,0,48378553565186
17585,36327,22,0,1,48387143499778
17586,36327,22,0,2,48395733434370
17587,36327,22,0,3,48404323368962
17588,36327,22,0,4,48412913303554
17589,36327,22,0,5,48421503238146
17590,36327,22,0,6,48430093172738
17591,36327,22,0,7,48438683107330
17592,36327,23,0,0,50577576820738
17593,36327,23,0,1,50586166755330
17594,36327,23,0,2,50594756689922
17595,36327,23,0,3,50603346624514
17596,36327,23,0,4,50611936559106
17597,36327,23,0,5,50620526493698
17598,36327,23,0,6,50629116428290
17599,36327,23,0,7,50637706362882
17600,36327,24,0,0,52776600076290
17601,36327,24,0,1,52785190010882
17602,36327,24,0,2,52793779945474
17603,36327,24,0,3,52802369880066
17604,36327,24,0,4,52810959814658
17605,36327,24,0,5,52819549749250
17606,36327,24,0,6,52828139683842
17607,36327,24,0,7,52836729618434
17608,36327,25,0,0,54975623331842
17609,36327,25,0,1,54984213266434
17610,36327,25,0,2,54992803201026
17611,36327,25,0,3,55001393135618
17612,36327,25,0,4,55009983070210
17613,36327,25,0,5,55018573004802
17614,36327,25,0,6,55027162939394
17615,36327,25,0,7,55035752873986
17616,36327,26,0,0,57174646587394
17617,36327,26,0,1,57183236521986
17618,36327,26,0,2,57191826456578
17619,36327,26,0,3,57200416391170
17620,36327,26,0,4,57209006325762
17621,36327,26,0,5,57217596260354
17622,36327,26,0,6,57226186194946
17623,36327,26,0,7,57234776129538
17624,36327,27,0,0,59373669842946
17625,36327,27,0,1,59382259777538
17626,36327,27,0,2,59390849712130
17627,36327,27,0,3,59399439646722
17628,36327,27,0,4,59408029581314
17629,36327,27,0,5,59416619515906
17630,36327,27,0,6,59425209450498
17631,36327,27,0,7,59433799385090
17632,36327,28,0,0,61572693098498
17633,36327,28,0,1,61581283033090
17634,36327,28,0,2,61589872967682
17635,36327,28,0,3,61598462902274
17636,36327,28,0,4,61607052836866
17637,36327,28,0,5,61615642771458
17638,36327,28,0,6,61624232706050
17639,36327,28,0,7,61632822640642
17640,36327,29,0,0,63771716354050
17641,36327,29,0,1,63780306288642
17642,36327,29,0,2,63788896223234
17643,36327,29,0,3,63797486157826
17644,36327,29,0,4,63806076092418
17645,36327,29,0,5,63814666027010
17646,36327,29,0,6,63823255961602
17647,36327,29,0,7,63831845896194
17648,36327,30,0,0,65970739609602
17649,36327,30,0,1,65979329544194
17650,36327,30,0,2,65987919478786
17651,36327,30,0,3,65996509413378
17652,36327,30,0,4,66005099347970
17653,36327,30,0,5,66013689282562
17654,36327,30,0,6,66022279217154
17655,36327,30,0,7,66030869151746
17656,36327,31,0,0,68169762865154
17657,36327,31,0,1,68178352799746
17658,36327,31,0,2,68186942734338
17659,36327,31,0,3,68195532668930
17660,36327,31,0,4,68204122603522
17661,36327,31,0,5,68212712538114
17662,36327,31,0,6,68221302472706
17663,36327,31,0,7,68229892407298
17664,36327,32,0,0,70368786120706
17665,36327,32,0,1,70377376055298
17666,36327,32,0,2,70385965989890
17667,36327,32,0,3,70394555924482
17668,36327,32,0,4,70403145859074
17669,36327,32,0,5,70411735793666
17670,36327,32,0,6,70420325728258
17671,36327,32,0,7,70428915662850
17672,36327,33,0,0,72567809376258
17673,36327,33,0,1,72576399310850
17674,36327,33,0,2,72584989245442
17675,36327,33,0,3,72593579180034
17676,36327,33,0,4,72602169114626
17677,36327,33,0,5,72610759049218
17678,36327,33,0,6,72619348983810
17679,36327,33,0,7,72627938918402
17680,36327,34,0,0,74766832631810
17681,36327,34,0,1,74775422566402
17682,36327,34,0,2,74784012500994
17683,36327,34,0,3,74792602435586
17684,36327,34,0,4,74801192370178
17685,36327,34,0,5,74809782304770
17686,36327,34,0,6,74818372239362
17687,36327,34,0,7,74826962173954
17688,36327,35,0,0,76965855887362
17689,36327,35,0,1,76974445821954
17690,36327,35,0,2,76983035756546
17691,36327,35,0,3,76991625691138
17692,36327,35,0,4,77000215625730
17693,36327,35,0,5,77008805560322
17694,36327,35,0,6,77017395494914
17695,36327,35,0,7,77025985429506
17696,36327,36,0,0,79164879142914
17697,36327,36,0,1,79173469077506
17698,36327,36,0,2,79182059012098
17699,36327,36,0,3,79190648946690
17700,36327,36,0,4,79199238881282
17701,36327,36,0,5,79207828815874
17702,36327,36,0,6,79216418750466
17703,36327,36,0,7,79225008685058
17704,36327,37,0,0,81363902398466
17705,36327,37,0,1,81372492333058
17706,36327,37,0,2,81381082267650
17707,36327,37,0,3,81389672202242
17708,36327,37,0,4,81398262136834
17709,36327,37,0,5,81406852071426
17710,36327,37,0,6,81415442006018
17711,36327,37,0,7,81424031940610
17712,36327,38,0,0,83562925654018
17713,36327,38,0,1,83571515588610
17714,36327,38,0,2,83580105523202
17715,36327,38,0,3,83588695457794
17716,36327,38,0,4,83597285392386
17717,36327,38,0,5,83605875326978
17718,36327,38,0,6,83614465261570
17719,36327,38,0,7,83623055196162
17720,36327,39,0,0,85761948909570
17721,36327,39,0,1,85770538844162
17722,36327,39,0,2,85779128778754
17723,36327,39,0,3,85787718713346
17724,36327,39,0,4,85796308647938
17725,36327,39,0,5,85804898582530
17726,36327,39,0,6,85813488517122
17727,36327,39,0,7,85822078451714
17728,36327,40,0,0,87960972165122
17729,36327,40,0,1,87969562099714
17730,36327,40,0,2,87978152034306
17731,36327,40,0,3,87986741968898
17732,36327,40,0,4,87995331903490
17733,36327,40,0,5,88003921838082
17734,36327,40,0,6,88012511772674
17735,36327,40,0,7,88021101707266
17736,36327,41,0,0,90159995420674
17737,36327,41,0,1,90168585355266
17738,36327,41,0,2,90177175289858
17739,36327,41,0,3,90185765224450
17740,36327,41,0,4,90194355159042
17741,36327,41,0,5,90202945093634
17742,36327,41,0,6,90211535028226
17743,36327,41,0,7,90220124962818
17744,36327,42,0,0,92359018676226
17745,36327,42,0,1,92367608610818
17746,36327,42,0,2,92376198545410
17747,36327,42,0,3,92384788480002
17748,36327,42,0,4,92393378414594
17749,36327,42,0,5,92401968349186
17750,36327,42,0,6,92410558283778
17751,36327,42,0,7,92419148218370
17752,36327,43,0,0,94558041931778
17753,36327,43,0,1,94566631866370
17754,36327,43,0,2,94575221800962
17755,36327,43,0,3,94583811735554
17756,36327,43,0,4,94592401670146
17757,36327,43,0,5,94600991604738
17758,36327,43,0,6,94609581539330
17759,36327,43,0,7,94618171473922
17760,36327,44,0,0,96757065187330
17761,36327,44,0,1,96765655121922
17762,36327,44,0,2,96774245056514
17763,36327,44,0,3,96782834991106
17764,36327,44,0,4,96791424925698
17765,36327,44,0,5,96800014860290
17766,36327,44,0,6,96808604794882
17767,36327,44,0,7,96817194729474
17768,36327,45,0,0,98956088442882
17769,36327,45,0,1,98964678377474
17770,36327,45,0,2,98973268312066
17771,36327,45,0,3,98981858246658
17772,36327,45,0,4,98990448181250
17773,36327,45,0,5,98999038115842
17774,36327,45,0,6,99007628050434
17775,36327,45,0,7,99016217985026
17776,36327,46,0,0,101155111698434
17777,36327,46,0,1,101163701633026
17778,36327,46,0,2,101172291567618
17779,36327,46,0,3,101180881502210
17780,36327,46,0,4,101189471436802
17781,36327,46,0,5,101198061371394
17782,36327,46,0,6,101206651305986
17783,36327,46,0,7,101215241240578
17784,36327,47,0,0,103354134953986
17785,36327,47,0,1,103362724888578
17786,36327,47,0,2,103371314823170
17787,36327,47,0,3,103379904757762
17788,36327,47,0,4,103388494692354
17789,36327,47,0,5,103397084626946
17790,36327,47,0,6,103405674561538
17791,36327,47,0,7,103414264496130
17792,36327,48,0,0,105553158209538
17793,36327,48,0,1,105561748144130
17794,36327,48,0,2,105570338078722
17795,36327,48,0,3,105578928013314
17796,36327,48,0,4,105587517947906
17797,36327,48,0,5,105596107882498
17798,36327,48,0,6,105604697817090
17799,36327,48,0,7,105613287751682
17800,36327,49,0,0,107752181465090
17801,36327,49,0,1,107760771399682
17802,36327,49,0,2,107769361334274
17803,36327,49,0,3,107777951268866
17804,36327,49,0,4,107786541203458
17805,36327,49,0,5,107795131138050
17806,36327,49,0,6,107803721072642
17807,36327,49,0,7,107812311007234
17808,36327,50,0,0,109951204720642
17809,36327,50,0,1,109959794655234
17810,36327,50,0,2,109968384589826
17811,36327,50,0,3,109976974524418
17812,36327,50,0,4,109985564459010
17813,36327,50,0,5,109994154393602
17814,36327,50,0,6,110002744328194
17815,36327,50,0,7,110011334262786
17816,36327,51,0,0,112150227976194
17817,36327,51,0,1,112158817910786
17818,36327,51,0,2,112167407845378
17819,36327,51,0,3,112175997779970
17820,36327,51,0,4,112184587714562
17821,36327,51,0,5,112193177649154
17822,36327,51,0,6,112201767583746
17823,36327,51,0,7,112210357518338
17824,36327,52,0,0,114349251231746
17825,36327,52,0,1,114357841166338
17826,36327,52,0,2,114366431100930
17827,36327,52,0,3,114375021035522
17828,36327,52,0,4,114383610970114
17829,36327,52,0,5,114392200904706
17830,36327,52,0,6,114400790839298
17831,36327,52,0,7,114409380773890
17832,36327,53,0,0,116548274487298
17833,36327,53,0,1,116556864421890
17834,36327,53,0,2,116565454356482
17835,36327,53,0,3,116574044291074
17836,36327,53,0,4,116582634225666
17837,36327,53,0,5,116591224160258
17838,36327,53,0,6,116599814094850
17839,36327,53,0,7,116608404029442
17840,36327,54,0,0,118747297742850
17841,36327,54,0,1,118755887677442
17842,36327,54,0,2,118764477612034
17843,36327,54,0,3,118773067546626
17844,36327,54,0,4,118781657481218
17845,36327,54,0,5,118790247415810
17846,36327,54,0,6,118798837350402
17847,36327,54,0,7,118807427284994
17848,36327,55,0,0,120946320998402
17849,36327,55,0,1,120954910932994
17850,36327,55,0,2,120963500867586
17851,36327,55,0,3,120972090802178
17852,36327,55,0,4,120980680736770
17853,36327,55,0,5,120989270671362
17854,36327,55,0,6,120997860605954
17855,36327,55,0,7,121006450540546
17856,36327,56,0,0,123145344253954
17857,36327,56,0,1,123153934188546
17858,36327,56,0,2,123162524123138
17859,36327,56,0,3,123171114057730
17860,36327,56,0,4,123179703992322
17861,36327,56,0,5,123188293926914
17862,36327,56,0,6,123196883861506
17863,36327,56,0,7,123205473796098
17864,36327,57,0,0,125344367509506
17865,36327,57,0,1,125352957444098
17866,36327,57,0,2,125361547378690
17867,36327,57,0,3,125370137313282
17868,36327,57,0,4,125378727247874
17869,36327,57,0,5,125387317182466
17870,36327,57,0,6,125395907117058
17871,36327,57,0,7,125404497051650
17872,36327,58,0,0,127543390765058
17873,36327,58,0,1,127551980699650
17874,36327,58,0,2,127560570634242
17875,36327,58,0,3,127569160568834
17876,36327,58,0,4,127577750503426
17877,36327,58,0,5,127586340438018
17878,36327,58,0,6,127594930372610
17879,36327,58,0,7,127603520307202
17880,36327,59,0,0,129742414020610
17881,36327,59,0,1,129751003955202
17882,36327,59,0,2,129759593889794
17883,36327,59,0,3,129768183824386
17884,36327,59,0,4,129776773758978
17885,36327,59,0,5,129785363693570
17886,36327,59,0,6,129793953628162
17887,36327,59,0,7,129802543562754
17888,36327,60,0,0,131941437276162
17889,36327,60,0,1,131950027210754
17890,36327,60,0,2,131958617145346
17891,36327,60,0,3,131967207079938
17892,36327,60,0,4,131975797014530
17893,36327,60,0,5,131984386949122
17894,36327,60,0,6,131992976883714
17895,36327,60,0,7,132001566818306
17896,36327,61,0,0,134140460531714
17897,36327,61,0,1,134149050466306
17898,36327,61,0,2,134157640400898
17899,36327,61,0,3,134166230335490
17900,36327,61,0,4,134174820270082
17901,36327,61,0,5,134183410204674
17902,36327,61,0,6,134192000139266
17903,36327,61,0,7,134200590073858
17904,36327,62,0,0,136339483787266
17905,36327,62,0,1,136348073721858
17906,36327,62,0,2,136356663656450
17907,36327,62,0,3,136365253591042
17908,36327,62,0,4,136373843525634
17909,36327,62,0,5,136382433460226
17910,36327,62,0,6,136391023394818
17911,36327,62,0,7,136399613329410
17912,36327,63,0,0,138538507042818
17913,36327,63,0,1,138547096977410
17914,36327,63,0,2,138555686912002
17915,36327,63,0,3,138564276846594
17916,36327,63,0,4,138572866781186
17917,36327,63,0,5,138581456715778
17918,36327,63,0,6,138590046650370
17919,36327,63,0,7,138598636584962
17920,36329,0,0,0,41943043
17921,36329,0,0,1,8631877635
17922,36329,0,0,2,17221812227
17923,36329,0,0,3,25811746819
17924,36329,0,0,4,34401681411
17925,36329,0,0,5,42991616003
17926,36329,0,0,6,51581550595
17927,36329,0,0,7,60171485187
17928,36329,1,0,0,2199065198595
17929,36329,1,0,1,2207655133187
17930,36329,1,0,2,2216245067779
17931,36329,1,0,3,2224835002371
17932,36329,1,0,4,2233424936963
17933,36329,1,0,5,2242014871555
17934,36329,1,0,6,2250604806147
17935,36329,1,0,7,2259194740739
17936,36329,2,0,0,4398088454147
17937,36329,2,0,1,4406678388739
17938,36329,2,0,2,4415268323331
17939,36329,2,0,3,4423858257923
17940,36329,2,0,4,4432448192515
17941,36329,2,0,5,4441038127107
17942,36329,2,0,6,4449628061699
17943,36329,2,0,7,4458217996291
17944,36329,3,0,0,6597111709699
17945,36329,3,0,1,6605701644291
17946,36329,3,0,2,6614291578883
17947,36329,3,0,3,6622881513475
17948,36329,3,0,4,6631471448067
17949,36329,3,0,5,6640061382659
17950,36329,3,0,6,6648651317251
17951,36329,3,0,7,6657241251843
17952,36329,4,0,0,8796134965251
17953,36329,4,0,1,8804724899843
17954,36329,4,0,2,8813314834435
17955,36329,4,0,3,8821904769027
17956,36329,4,0,4,8830494703619
17957,36329,4,0,5,8839084638211
17958,36329,4,0,6,8847674572803
17959,36329,4,0,7,8856264507395
17960,36329,5,0,0,10995158220803
17961,36329,5,0,1,11003748155395
17962,36329,5,0,2,11012338089987
17963,36329,5,0,3,11020928024579
17964,36329,5,0,4,11029517959171
17965,36329,5,0,5,11038107893763
17966,36329,5,0,6,11046697828355
17967,36329,5,0,7,11055287762947
17968,36329,6,0,0,13194181476355
17969,36329,6,0,1,13202771410947
17970,36329,6,0,2,13211361345539
17971,36329,6,0,3,13219951280131
17972,36329,6,0,4,13228541214723
17973,36329,6,0,5,13237131149315
17974,36329,6,0,6,13245721083907
17975,36329,6,0,7,13254311018499
17976,36329,7,0,0,15393204731907
17977,36329,7,0,1,15401794666499
17978,36329,7,0,2,15410384601091
17979,36329,7,0,3,15418974535683
17980,36329,7,0,4,15427564470275
17981,36329,7,0,5,15436154404867
17982,36329,7,0,6,15444744339459
17983,36329,7,0,7,15453334274051
17984,36329,8,0,0,17592227987459
17985,36329,8,0,1,17600817922051
17986,36329,8,0,2,17609407856643
17987,36329,8,0,3,17617997791235
17988,36329,8,0,4,17626587725827
17989,36329,8,0,5,17635177660419
17990,36329,8,0,6,17643767595011
17991,36329,8,0,7,17652357529603
17992,36329,9,0,0,19791251243011
17993,36329,9,0,1,19799841177603
17994,36329,9,0,2,19808431112195
17995,36329,9,0,3,19817021046787
17996,36329,9,0,4,19825610981379
17997,36329,9,0,5,19834200915971
17998,36329,9,0,6,19842790850563
17999,36329,9,0,7,19851380785155
18000,36329,10,0,0,21990274498563
18001,36329,10,0,1,21998864433155
18002,36329,10,0,2,22007454367747
18003,36329,10,0,3,22016044302339
18004,36329,10,0,4,22024634236931
18005,36329,10,0,5,22033224171523
18006,36329,10,0,6,22041814106115
18007,36329,10,0,7,22050404040707
18008,36329,11,0,0,24189297754115
18009,36329,11,0,1,24197887688707
18010,36329,11,0,2,24206477623299
18011,36329,11,0,3,24215067557891
18012,36329,11,0,4,24223657492483
18013,36329,11,0,5,24232247427075
18014,36329,11,0,6,24240837361667
18015,36329,11,0,7,24249427296259
18016,36329,12,0,0,26388321009667
18017,36329,12,0,1,26396910944259
18018,36329,12,0,2,26405500878851
18019,36329,12,0,3,26414090813443
18020,36329,12,0,4,26422680748035
18021,36329,12,0,5,26431270682627
18022,36329,12,0,6,26439860617219
18023,36329,12,0,7,26448450551811
18024,36329,13,0,0,28587344265219
18025,36329,13,0,1,28595934199811
18026,36329,13,0,2,28604524134403
18027,36329,13,0,3,28613114068995
18028,36329,13,0,4,28621704003587
18029,36329,13,0,5,28630293938179
18030,36329,13,0,6,28638883872771
18031,36329,13,0,7,28647473807363
18032,36329,14,0,0,30786367520771
18033,36329,14,0,1,30794957455363
18034,36329,14,0,2,30803547389955
18035,36329,14,0,3,30812137324547
18036,36329,14,0,4,30820727259139
18037,36329,14,0,5,30829317193731
18038,36329,14,0,6,30837907128323
18039,36329,14,0,7,30846497062915
18040,36329,15,0,0,32985390776323
18041,36329,15,0,1,32993980710915
18042,36329,15,0,2,33002570645507
18043,36329,15,0,3,33011160580099
18044,36329,15,0,4,33019750514691
18045,36329,15,0,5,33028340449283
18046,36329,15,0,6,33036930383875
18047,36329,15,0,7,33045520318467
18048,36329,16,0,0,35184414031875
18049,36329,16,0,1,35193003966467
18050,36329,16,0,2,35201593901059
18051,36329,16,0,3,35210183835651
18052,36329,16,0,4,35218773770243
18053,36329,16,0,5,35227363704835
18054,36329,16,0,6,35235953639427
18055,36329,16,0,7,35244543574019
18056,36329,17,0,0,37383437287427
18057,36329,17,0,1,37392027222019
18058,36329,17,0,2,37400617156611
18059,36329,17,0,3,37409207091203
18060,36329,17,0,4,37417797025795
18061,36329,17,0,5,37426386960387
18062,36329,17,0,6,37434976894979
18063,36329,17,0,7,37443566829571
18064,36329,18,0,0,39582460542979
18065,36329,18,0,1,39591050477571
18066,36329,18,0,2,39599640412163
18067,36329,18,0,3,39608230346755
18068,36329,18,0,4,39616820281347
18069,36329,18,0,5,39625410215939
18070,36329,18,0,6,39634000150531
18071,36329,18,0,7,39642590085123
18072,36329,19,0,0,41781483798531
18073,36329,19,0,1,41790073733123
18074,36329,19,0,2,41798663667715
18075,36329,19,0,3,41807253602307
18076,36329,19,0,4,41815843536899
18077,36329,19,0,5,41824433471491
18078,36329,19,0,6,41833023406083
18079,36329,19,0,7,41841613340675
18080,36329,20,0,0,43980507054083
18081,36329,20,0,1,43989096988675
18082,36329,20,0,2,43997686923267
18083,36329,20,0,3,44006276857859
18084,36329,20,0,4,44014866792451
18085,36329,20,0,5,44023456727043
18086,36329,20,0,6,44032046661635
18087,36329,20,0,7,44040636596227
18088,36329,21,0,0,46179530309635
18089,36329,21,0,1,46188120244227
18090,36329,21,0,2,46196710178819
18091,36329,21,0,3,46205300113411
18092,36329,21,0,4,46213890048003
18093,36329,21,0,5,46222479982595
18094,36329,21,0,6,46231069917187
18095,36329,21,0,7,46239659851779
18096,36329,22,0,0,48378553565187
18097,36329,22,0,1,48387143499779
18098,36329,22,0,2,48395733434371
18099,36329,22,0,3,48404323368963
18100,36329,22,0,4,48412913303555
18101,36329,22,0,5,48421503238147
18102,36329,22,0,6,48430093172739
18103,36329,22,0,7,48438683107331
18104,36329,23,0,0,50577576820739
18105,36329,23,0,1,50586166755331
18106,36329,23,0,2,50594756689923
18107,36329,23,0,3,50603346624515
18108,36329,23,0,4,50611936559107
18109,36329,23,0,5,50620526493699
18110,36329,23,0,6,50629116428291
18111,36329,23,0,7,50637706362883
18112,36329,24,0,0,52776600076291
18113,36329,24,0,1,52785190010883
18114,36329,24,0,2,52793779945475
18115,36329,24,0,3,52802369880067
18116,36329,24,0,4,52810959814659
18117,36329,24,0,5,52819549749251
18118,36329,24,0,6,52828139683843
18119,36329,24,0,7,52836729618435
18120,36329,25,0,0,54975623331843
18121,36329,25,0,1,54984213266435
18122,36329,25,0,2,54992803201027
18123,36329,25,0,3,55001393135619
18124,36329,25,0,4,55009983070211
18125,36329,25,0,5,55018573004803
18126,36329,25,0,6,55027162939395
18127,36329,25,0,7,55035752873987
18128,36329,26,0,0,57174646587395
18129,36329,26,0,1,57183236521987
18130,36329,26,0,2,57191826456579
18131,36329,26,0,3,57200416391171
18132,36329,26,0,4,57209006325763
18133,36329,26,0,5,57217596260355
18134,36329,26,0,6,57226186194947
18135,36329,26,0,7,57234776129539
18136,36329,27,0,0,59373669842947
18137,36329,27,0,1,59382259777539
18138,36329,27,0,2,59390849712131
18139,36329,27,0,3,59399439646723
18140,36329,27,0,4,59408029581315
18141,36329,27,0,5,59416619515907
18142,36329,27,0,6,59425209450499
18143,36329,27,0,7,59433799385091
18144,36329,28,0,0,61572693098499
18145,36329,28,0,1,61581283033091
18146,36329,28,0,2,61589872967683
18147,36329,28,0,3,61598462902275
18148,36329,28,0,4,61607052836867
18149,36329,28,0,5,61615642771459
18150,36329,28,0,6,61624232706051
18151,36329,28,0,7,61632822640643
18152,36329,29,0,0,63771716354051
18153,36329,29,0,1,63780306288643
18154,36329,29,0,2,63788896223235
18155,36329,29,0,3,63797486157827
18156,36329,29,0,4,63806076092419
18157,36329,29,0,5,63814666027011
18158,36329,29,0,6,63823255961603
18159,36329,29,0,7,63831845896195
18160,36329,30,0,0,65970739609603
18161,36329,30,0,1,65979329544195
18162,36329,30,0,2,65987919478787
18163,36329,30,0,3,65996509413379
18164,36329,30,0,4,66005099347971
18165,36329,30,0,5,66013689282563
18166,36329,30,0,6,66022279217155
18167,36329,30,0,7,66030869151747
18168,36329,31,0,0,68169762865155
18169,36329,31,0,1,68178352799747
18170,36329,31,0,2,68186942734339
18171,36329,31,0,3,68195532668931
18172,36329,31,0,4,68204122603523
18173,36329,31,0,5,68212712538115
18174,36329,31,0,6,68221302472707
18175,36329,31,0,7,68229892407299
18176,36329,32,0,0,70368786120707
18177,36329,32,0,1,70377376055299
18178,36329,32,0,2,70385965989891
18179,36329,32,0,3,70394555924483
18180,36329,32,0,4,70403145859075
18181,36329,32,0,5,70411735793667
18182,36329,32,0,6,70420325728259
18183,36329,32,0,7,70428915662851
18184,36329,33,0,0,72567809376259
18185,36329,33,0,1,72576399310851
18186,36329,33,0,2,72584989245443
18187,36329,33,0,3,72593579180035
18188,36329,33,0,4,72602169114627
18189,36329,33,0,5,72610759049219
18190,36329,33,0,6,72619348983811
18191,36329,33,0,7,72627938918403
18192,36329,34,0,0,74766832631811
18193,36329,34,0,1,74775422566403
18194,36329,34,0,2,74784012500995
18195,36329,34,0,3,74792602435587
18196,36329,34,0,4,74801192370179
18197,36329,34,0,5,74809782304771
18198,36329,34,0,6,74818372239363
18199,36329,34,0,7,74826962173955
18200,36329,35,0,0,76965855887363
18201,36329,35,0,1,76974445821955
18202,36329,35,0,2,76983035756547
18203,36329,35,0,3,76991625691139
18204,36329,35,0,4,77000215625731
18205,36329,35,0,5,77008805560323
18206,36329,35,0,6,77017395494915
18207,36329,35,0,7,77025985429507
18208,36329,36,0,0,79164879142915
18209,36329,36,0,1,79173469077507
18210,36329,36,0,2,79182059012099
18211,36329,36,0,3,79190648946691
18212,36329,36,0,4,79199238881283
18213,36329,36,0,5,79207828815875
18214,36329,36,0,6,79216418750467
18215,36329,36,0,7,79225008685059
18216,36329,37,0,0,81363902398467
18217,36329,37,0,1,81372492333059
18218,36329,37,0,2,81381082267651
18219,36329,37,0,3,81389672202243
18220,36329,37,0,4,81398262136835
18221,36329,37,0,5,81406852071427
18222,36329,37,0,6,81415442006019
18223,36329,37,0,7,81424031940611
18224,36329,38,0,0,83562925654019
18225,36329,38,0,1,83571515588611
18226,36329,38,0,2,83580105523203
18227,36329,38,0,3,83588695457795
18228,36329,38,0,4,83597285392387
18229,36329,38,0,5,83605875326979
18230,36329,38,0,6,83614465261571
18231,36329,38,0,7,83623055196163
18232,36329,39,0,0,85761948909571
18233,36329,39,0,1,85770538844163
18234,36329,39,0,2,85779128778755
18235,36329,39,0,3,85787718713347
18236,36329,39,0,4,85796308647939
18237,36329,39,0,5,85804898582531
18238,36329,39,0,6,85813488517123
18239,36329,39,0,7,85822078451715
18240,36329,40,0,0,87960972165123
18241,36329,40,0,1,87969562099715
18242,36329,40,0,2,87978152034307
18243,36329,40,0,3,87986741968899
18244,36329,40,0,4,87995331903491
18245,36329,40,0,5,88003921838083
18246,36329,40,0,6,88012511772675
18247,36329,40,0,7,88021101707267
18248,36329,41,0,0,90159995420675
18249,36329,41,0,1,90168585355267
18250,36329,41,0,2,90177175289859
18251,36329,41,0,3,90185765224451
18252,36329,41,0,4,90194355159043
18253,36329,41,0,5,90202945093635
18254,36329,41,0,6,90211535028227
18255,36329,41,0,7,90220124962819
18256,36329,42,0,0,92359018676227
18257,36329,42,0,1,92367608610819
18258,36329,42,0,2,92376198545411
18259,36329,42,0,3,92384788480003
18260,36329,42,0,4,92393378414595
18261,36329,42,0,5,92401968349187
18262,36329,42,0,6,92410558283779
18263,36329,42,0,7,92419148218371
18264,36329,43,0,0,94558041931779
18265,36329,43,0,1,94566631866371
18266,36329,43,0,2,94575221800963
18267,36329,43,0,3,94583811735555
18268,36329,43,0,4,94592401670147
18269,36329,43,0,5,94600991604739
18270,36329,43,0,6,94609581539331
18271,36329,43,0,7,94618171473923
18272,36329,44,0,0,96757065187331
18273,36329,44,0,1,96765655121923
18274,36329,44,0,2,96774245056515
18275,36329,44,0,3,96782834991107
18276,36329,44,0,4,96791424925699
18277,36329,44,0,5,96800014860291
18278,36329,44,0,6,96808604794883
18279,36329,44,0,7,96817194729475
18280,36329,45,0,0,98956088442883
18281,36329,45,0,1,98964678377475
18282,36329,45,0,2,98973268312067
18283,36329,45,0,3,98981858246659
18284,36329,45,0,4,98990448181251
18285,36329,45,0,5,98999038115843
18286,36329,45,0,6,99007628050435
18287,36329,45,0,7,99016217985027
18288,36329,46,0,0,101155111698435
18289,36329,46,0,1,101163701633027
18290,36329,46,0,2,101172291567619
18291,36329,46,0,3,101180881502211
18292,36329,46,0,4,101189471436803
18293,36329,46,0,5,101198061371395
18294,36329,46,0,6,101206651305987
18295,36329,46,0,7,101215241240579
18296,36329,47,0,0,103354134953987
18297,36329,47,0,1,103362724888579
18298,36329,47,0,2,103371314823171
18299,36329,47,0,3,103379904757763
18300,36329,47,0,4,103388494692355
18301,36329,47,0,5,103397084626947
18302,36329,47,0,6,103405674561539
18303,36329,47,0,7,103414264496131
18304,36329,48,0,0,105553158209539
18305,36329,48,0,1,105561748144131
18306,36329,48,0,2,105570338078723
18307,36329,48,0,3,105578928013315
18308,36329,48,0,4,105587517947907
18309,36329,48,0,5,105596107882499
18310,36329,48,0,6,105604697817091
18311,36329,48,0,7,105613287751683
18312,36329,49,0,0,107752181465091
18313,36329,49,0,1,107760771399683
18314,36329,49,0,2,107769361334275
18315,36329,49,0,3,107777951268867
18316,36329,49,0,4,107786541203459
18317,36329,49,0,5,107795131138051
18318,36329,49,0,6,107803721072643
18319,36329,49,0,7,107812311007235
18320,36329,50,0,0,109951204720643
18321,36329,50,0,1,109959794655235
18322,36329,50,0,2,109968384589827
18323,36329,50,0,3,109976974524419
18324,36329,50,0,4,109985564459011
18325,36329,50,0,5,109994154393603
18326,36329,50,0,6,110002744328195
18327,36329,50,0,7,110011334262787
18328,36329,51,0,0,112150227976195
18329,36329,51,0,1,112158817910787
18330,36329,51,0,2,112167407845379
18331,36329,51,0,3,112175997779971
18332,36329,51,0,4,112184587714563
18333,36329,51,0,5,112193177649155
18334,36329,51,0,6,112201767583747
18335,36329,51,0,7,112210357518339
18336,36329,52,0,0,114349251231747
18337,36329,52,0,1,114357841166339
18338,36329,52,0,2,114366431100931
18339,36329,52,0,3,114375021035523
18340,36329,52,0,4,114383610970115
18341,36329,52,0,5,114392200904707
18342,36329,52,0,6,114400790839299
18343,36329,52,0,7,114409380773891
18344,36329,53,0,0,116548274487299
18345,36329,53,0,1,116556864421891
18346,36329,53,0,2,116565454356483
18347,36329,53,0,3,116574044291075
18348,36329,53,0,4,116582634225667
18349,36329,53,0,5,116591224160259
18350,36329,53,0,6,116599814094851
18351,36329,53,0,7,116608404029443
18352,36329,54,0,0,118747297742851
18353,36329,54,0,1,118755887677443
18354,36329,54,0,2,118764477612035
18355,36329,54,0,3,118773067546627
18356,36329,54,0,4,118781657481219
18357,36329,54,0,5,118790247415811
18358,36329,54,0,6,118798837350403
18359,36329,54,0,7,118807427284995
18360,36329,55,0,0,120946320998403
18361,36329,55,0,1,120954910932995
18362,36329,55,0,2,120963500867587
18363,36329,55,0,3,120972090802179
18364,36329,55,0,4,120980680736771
18365,36329,55,0,5,120989270671363
18366,36329,55,0,6,120997860605955
18367,36329,55,0,7,121006450540547
18368,36329,56,0,0,123145344253955
18369,36329,56,0,1,123153934188547
18370,36329,56,0,2,123162524123139
18371,36329,56,0,3,123171114057731
18372,36329,56,0,4,123179703992323
18373,36329,56,0,5,123188293926915
18374,36329,56,0,6,123196883861507
18375,36329,56,0,7,123205473796099
18376,36329,57,0,0,125344367509507
18377,36329,57,0,1,125352957444099
18378,36329,57,0,2,125361547378691
18379,36329,57,0,3,125370137313283
18380,36329,57,0,4,125378727247875
18381,36329,57,0,5,125387317182467
18382,36329,57,0,6,125395907117059
18383,36329,57,0,7,125404497051651
18384,36329,58,0,0,127543390765059
18385,36329,58,0,1,127551980699651
18386,36329,58,0,2,127560570634243
18387,36329,58,0,3,127569160568835
18388,36329,58,0,4,127577750503427
18389,36329,58,0,5,127586340438019
18390,36329,58,0,6,127594930372611
18391,36329,58,0,7,127603520307203
18392,36329,59,0,0,129742414020611
18393,36329,59,0,1,129751003955203
18394,36329,59,0,2,129759593889795
18395,36329,59,0,3,129768183824387
18396,36329,59,0,4,129776773758979
18397,36329,59,0,5,129785363693571
18398,36329,59,0,6,129793953628163
18399,36329,59,0,7,129802543562755
18400,36329,60,0,0,131941437276163
18401,36329,60,0,1,131950027210755
18402,36329,60,0,2,131958617145347
18403,36329,60,0,3,131967207079939
18404,36329,60,0,4,131975797014531
18405,36329,60,0,5,131984386949123
18406,36329,60,0,6,131992976883715
18407,36329,60,0,7,132001566818307
18408,36329,61,0,0,134140460531715
18409,36329,61,0,1,134149050466307
18410,36329,61,0,2,134157640400899
18411,36329,61,0,3,134166230335491
18412,36329,61,0,4,134174820270083
18413,36329,61,0,5,134183410204675
18414,36329,61,0,6,134192000139267
18415,36329,61,0,7,134200590073859
18416,36329,62,0,0,136339483787267
18417,36329,62,0,1,136348073721859
18418,36329,62,0,2,136356663656451
18419,36329,62,0,3,136365253591043
18420,36329,62,0,4,136373843525635
18421,36329,62,0,5,136382433460227
18422,36329,62,0,6,136391023394819
18423,36329,62,0,7,136399613329411
18424,36329,63,0,0,138538507042819
18425,36329,63,0,1,138547096977411
18426,36329,63,0,2,138555686912003
18427,36329,63,0,3,138564276846595
18428,36329,63,0,4,138572866781187
18429,36329,63,0,5,138581456715779
18430,36329,63,0,6,138590046650371
18431,36329,63,0,7,138598636584963
18432,36331,0,0,0,41943044
18433,36331,0,0,1,8631877636
18434,36331,0,0,2,17221812228
18435,36331,0,0,3,25811746820
18436,36331,0,0,4,34401681412
18437,36331,0,0,5,42991616004
18438,36331,0,0,6,51581550596
18439,36331,0,0,7,60171485188
18440,36331,1,0,0,2199065198596
18441,36331,1,0,1,2207655133188
18442,36331,1,0,2,2216245067780
18443,36331,1,0,3,2224835002372
18444,36331,1,0,4,2233424936964
18445,36331,1,0,5,2242014871556
18446,36331,1,0,6,2250604806148
18447,36331,1,0,7,2259194740740
18448,36331,2,0,0,4398088454148
18449,36331,2,0,1,4406678388740
18450,36331,2,0,2,4415268323332
18451,36331,2,0,3,4423858257924
18452,36331,2,0,4,4432448192516
18453,36331,2,0,5,4441038127108
18454,36331,2,0,6,4449628061700
18455,36331,2,0,7,4458217996292
18456,36331,3,0,0,6597111709700
18457,36331,3,0,1,6605701644292
18458,36331,3,0,2,6614291578884
18459,36331,3,0,3,6622881513476
18460,36331,3,0,4,6631471448068
18461,36331,3,0,5,6640061382660
18462,36331,3,0,6,6648651317252
18463,36331,3,0,7,6657241251844
18464,36331,4,0,0,8796134965252
18465,36331,4,0,1,8804724899844
18466,36331,4,0,2,8813314834436
18467,36331,4,0,3,8821904769028
18468,36331,4,0,4,8830494703620
18469,36331,4,0,5,8839084638212
18470,36331,4,0,6,8847674572804
18471,36331,4,0,7,8856264507396
18472,36331,5,0,0,10995158220804
18473,36331,5,0,1,11003748155396
18474,36331,5,0,2,11012338089988
18475,36331,5,0,3,11020928024580
18476,36331,5,0,4,11029517959172
18477,36331,5,0,5,11038107893764
18478,36331,5,0,6,11046697828356
18479,36331,5,0,7,11055287762948
18480,36331,6,0,0,13194181476356
18481,36331,6,0,1,13202771410948
18482,36331,6,0,2,13211361345540
18483,36331,6,0,3,13219951280132
18484,36331,6,0,4,13228541214724
18485,36331,6,0,5,13237131149316
18486,36331,6,0,6,13245721083908
18487,36331,6,0,7,13254311018500
18488,36331,7,0,0,15393204731908
18489,36331,7,0,1,15401794666500
18490,36331,7,0,2,15410384601092
18491,36331,7,0,3,15418974535684
18492,36331,7,0,4,15427564470276
18493,36331,7,0,5,15436154404868
18494,36331,7,0,6,15444744339460
18495,36331,7,0,7,15453334274052
18496,36331,8,0,0,17592227987460
18497,36331,8,0,1,17600817922052
18498,36331,8,0,2,17609407856644
18499,36331,8,0,3,17617997791236
18500,36331,8,0,4,17626587725828
18501,36331,8,0,5,17635177660420
18502,36331,8,0,6,17643767595012
18503,36331,8,0,7,17652357529604
18504,36331,9,0,0,19791251243012
18505,36331,9,0,1,19799841177604
18506,36331,9,0,2,19808431112196
18507,36331,9,0,3,19817021046788
18508,36331,9,0,4,19825610981380
18509,36331,9,0,5,19834200915972
18510,36331,9,0,6,19842790850564
18511,36331,9,0,7,19851380785156
18512,36331,10,0,0,21990274498564
18513,36331,10,0,1,21998864433156
18514,36331,10,0,2,22007454367748
18515,36331,10,0,3,22016044302340
18516,36331,10,0,4,22024634236932
18517,36331,10,0,5,22033224171524
18518,36331,10,0,6,22041814106116
18519,36331,10,0,7,22050404040708
18520,36331,11,0,0,24189297754116
18521,36331,11,0,1,24197887688708
18522,36331,11,0,2,24206477623300
18523,36331,11,0,3,24215067557892
18524,36331,11,0,4,24223657492484
18525,36331,11,0,5,24232247427076
18526,36331,11,0,6,24240837361668
18527,36331,11,0,7,24249427296260
18528,36331,12,0,0,26388321009668
18529,36331,12,0,1,26396910944260
18530,36331,12,0,2,26405500878852
18531,36331,12,0,3,26414090813444
18532,36331,12,0,4,26422680748036
18533,36331,12,0,5,26431270682628
18534,36331,12,0,6,26439860617220
18535,36331,12,0,7,26448450551812
18536,36331,13,0,0,28587344265220
18537,36331,13,0,1,28595934199812
18538,36331,13,0,2,28604524134404
18539,36331,13,0,3,28613114068996
18540,36331,13,0,4,28621704003588
18541,36331,13,0,5,28630293938180
18542,36331,13,0,6,28638883872772
18543,36331,13,0,7,28647473807364
18544,36331,14,0,0,30786367520772
18545,36331,14,0,1,30794957455364
18546,36331,14,0,2,30803547389956
18547,36331,14,0,3,30812137324548
18548,36331,14,0,4,30820727259140
18549,36331,14,0,5,30829317193732
18550,36331,14,0,6,30837907128324
18551,36331,14,0,7,30846497062916
18552,36331,15,0,0,32985390776324
18553,36331,15,0,1,32993980710916
18554,36331,15,0,2,33002570645508
18555,36331,15,0,3,33011160580100
18556,36331,15,0,4,33019750514692
18557,36331,15,0,5,33028340449284
18558,36331,15,0,6,33036930383876
18559,36331,15,0,7,33045520318468
18560,36331,16,0,0,35184414031876
18561,36331,16,0,1,35193003966468
18562,36331,16,0,2,35201593901060
18563,36331,16,0,3,35210183835652
18564,36331,16,0,4,35218773770244
18565,36331,16,0,5,35227363704836
18566,36331,16,0,6,35235953639428
18567,36331,16,0,7,35244543574020
18568,36331,17,0,0,37383437287428
18569,36331,17,0,1,37392027222020
18570,36331,17,0,2,37400617156612
18571,36331,17,0,3,37409207091204
18572,36331,17,0,4,37417797025796
18573,36331,17,0,5,37426386960388
18574,36331,17,0,6,37434976894980
18575,36331,17,0,7,37443566829572
18576,36331,18,0,0,39582460542980
18577,36331,18,0,1,39591050477572
18578,36331,18,0,2,39599640412164
18579,36331,18,0,3,39608230346756
18580,36331,18,0,4,39616820281348
18581,36331,18,0,5,39625410215940
18582,36331,18,0,6,39634000150532
18583,36331,18,0,7,39642590085124
18584,36331,19,0,0,41781483798532
18585,36331,19,0,1,41790073733124
18586,36331,19,0,2,41798663667716
18587,36331,19,0,3,41807253602308
18588,36331,19,0,4,41815843536900
18589,36331,19,0,5,41824433471492
18590,36331,19,0,6,41833023406084
18591,36331,19,0,7,41841613340676
18592,36331,20,0,0,43980507054084
18593,36331,20,0,1,43989096988676
18594,36331,20,0,2,43997686923268
18595,36331,20,0,3,44006276857860
18596,36331,20,0,4,44014866792452
18597,36331,20,0,5,44023456727044
18598,36331,20,0,6,44032046661636
18599,36331,20,0,7,44040636596228
18600,36331,21,0,0,46179530309636
18601,36331,21,0,1,46188120244228
18602,36331,21,0,2,46196710178820
18603,36331,21,0,3,46205300113412
18604,36331,21,0,4,46213890048004
18605,36331,21,0,5,46222479982596
18606,36331,21,0,6,46231069917188
18607,36331,21,0,7,46239659851780
18608,36331,22,0,0,48378553565188
18609,36331,22,0,1,48387143499780
18610,36331,22,0,2,48395733434372
18611,36331,22,0,3,48404323368964
18612,36331,22,0,4,48412913303556
18613,36331,22,0,5,48421503238148
18614,36331,22,0,6,48430093172740
18615,36331,22,0,7,48438683107332
18616,36331,23,0,0,50577576820740
18617,36331,23,0,1,50586166755332
18618,36331,23,0,2,50594756689924
18619,36331,23,0,3,50603346624516
18620,36331,23,0,4,50611936559108
18621,36331,23,0,5,50620526493700
18622,36331,23,0,6,50629116428292
18623,36331,23,0,7,50637706362884
18624,36331,24,0,0,52776600076292
18625,36331,24,0,1,52785190010884
18626,36331,24,0,2,52793779945476
18627,36331,24,0,3,52802369880068
18628,36331,24,0,4,52810959814660
18629,36331,24,0,5,52819549749252
18630,36331,24,0,6,52828139683844
18631,36331,24,0,7,52836729618436
18632,36331,25,0,0,54975623331844
18633,36331,25,0,1,54984213266436
18634,36331,25,0,2,54992803201028
18635,36331,25,0,3,55001393135620
18636,36331,25,0,4,55009983070212
18637,36331,25,0,5,55018573004804
18638,36331,25,0,6,55027162939396
18639,36331,25,0,7,55035752873988
18640,36331,26,0,0,57174646587396
18641,36331,26,0,1,57183236521988
18642,36331,26,0,2,57191826456580
18643,36331,26,0,3,57200416391172
18644,36331,26,0,4,57209006325764
18645,36331,26,0,5,57217596260356
18646,36331,26,0,6,57226186194948
18647,36331,26,0,7,57234776129540
18648,36331,27,0,0,59373669842948
18649,36331,27,0,1,59382259777540
18650,36331,27,0,2,59390849712132
18651,36331,27,0,3,59399439646724
18652,36331,27,0,4,59408029581316
18653,36331,27,0,5,59416619515908
18654,36331,27,0,6,59425209450500
18655,36331,27,0,7,59433799385092
18656,36331,28,0,0,61572693098500
18657,36331,28,0,1,61581283033092
18658,36331,28,0,2,61589872967684
18659,36331,28,0,3,61598462902276
18660,36331,28,0,4,61607052836868
18661,36331,28,0,5,61615642771460
18662,36331,28,0,6,61624232706052
18663,36331,28,0,7,61632822640644
18664,36331,29,0,0,63771716354052
18665,36331,29,0,1,63780306288644
18666,36331,29,0,2,63788896223236
18667,36331,29,0,3,63797486157828
18668,36331,29,0,4,63806076092420
18669,36331,29,0,5,63814666027012
18670,36331,29,0,6,63823255961604
18671,36331,29,0,7,63831845896196
18672,36331,30,0,0,65970739609604
18673,36331,30,0,1,65979329544196
18674,36331,30,0,2,65987919478788
18675,36331,30,0,3,65996509413380
18676,36331,30,0,4,66005099347972
18677,36331,30,0,5,66013689282564
18678,36331,30,0,6,66022279217156
18679,36331,30,0,7,66030869151748
18680,36331,31,0,0,68169762865156
18681,36331,31,0,1,68178352799748
18682,36331,31,0,2,68186942734340
18683,36331,31,0,3,68195532668932
18684,36331,31,0,4,68204122603524
18685,36331,31,0,5,68212712538116
18686,36331,31,0,6,68221302472708
18687,36331,31,0,7,68229892407300
18688,36331,32,0,0,70368786120708
18689,36331,32,0,1,70377376055300
18690,36331,32,0,2,70385965989892
18691,36331,32,0,3,70394555924484
18692,36331,32,0,4,70403145859076
18693,36331,32,0,5,70411735793668
18694,36331,32,0,6,70420325728260
18695,36331,32,0,7,70428915662852
18696,36331,33,0,0,72567809376260
18697,36331,33,0,1,72576399310852
18698,36331,33,0,2,72584989245444
18699,36331,33,0,3,72593579180036
18700,36331,33,0,4,72602169114628
18701,36331,33,0,5,72610759049220
18702,36331,33,0,6,72619348983812
18703,36331,33,0,7,72627938918404
18704,36331,34,0,0,74766832631812
18705,36331,34,0,1,74775422566404
18706,36331,34,0,2,74784012500996
18707,36331,34,0,3,74792602435588
18708,36331,34,0,4,74801192370180
18709,36331,34,0,5,74809782304772
18710,36331,34,0,6,74818372239364
18711,36331,34,0,7,74826962173956
18712,36331,35,0,0,76965855887364
18713,36331,35,0,1,76974445821956
18714,36331,35,0,2,76983035756548
18715,36331,35,0,3,76991625691140
18716,36331,35,0,4,77000215625732
18717,36331,35,0,5,77008805560324
18718,36331,35,0,6,77017395494916
18719,36331,35,0,7,77025985429508
18720,36331,36,0,0,79164879142916
18721,36331,36,0,1,79173469077508
18722,36331,36,0,2,79182059012100
18723,36331,36,0,3,79190648946692
18724,36331,36,0,4,79199238881284
18725,36331,36,0,5,79207828815876
18726,36331,36,0,6,79216418750468
18727,36331,36,0,7,79225008685060
18728,36331,37,0,0,81363902398468
18729,36331,37,0,1,81372492333060
18730,36331,37,0,2,81381082267652
18731,36331,37,0,3,81389672202244
18732,36331,37,0,4,81398262136836
18733,36331,37,0,5,81406852071428
18734,36331,37,0,6,81415442006020
18735,36331,37,0,7,81424031940612
18736,36331,38,0,0,83562925654020
18737,36331,38,0,1,83571515588612
18738,36331,38,0,2,83580105523204
18739,36331,38,0,3,83588695457796
18740,36331,38,0,4,83597285392388
18741,36331,38,0,5,83605875326980
18742,36331,38,0,6,83614465261572
18743,36331,38,0,7,83623055196164
18744,36331,39,0,0,85761948909572
18745,36331,39,0,1,85770538844164
18746,36331,39,0,2,85779128778756
18747,36331,39,0,3,85787718713348
18748,36331,39,0,4,85796308647940
18749,36331,39,0,5,85804898582532
18750,36331,39,0,6,85813488517124
18751,36331,39,0,7,85822078451716
18752,36331,40,0,0,87960972165124
18753,36331,40,0,1,87969562099716
18754,36331,40,0,2,87978152034308
18755,36331,40,0,3,87986741968900
18756,36331,40,0,4,87995331903492
18757,36331,40,0,5,88003921838084
18758,36331,40,0,6,88012511772676
18759,36331,40,0,7,88021101707268
18760,36331,41,0,0,90159995420676
18761,36331,41,0,1,90168585355268
18762,36331,41,0,2,90177175289860
18763,36331,41,0,3,90185765224452
18764,36331,41,0,4,90194355159044
18765,36331,41,0,5,90202945093636
18766,36331,41,0,6,90211535028228
18767,36331,41,0,7,90220124962820
18768,36331,42,0,0,92359018676228
18769,36331,42,0,1,92367608610820
18770,36331,42,0,2,92376198545412
18771,36331,42,0,3,92384788480004
18772,36331,42,0,4,92393378414596
18773,36331,42,0,5,92401968349188
18774,36331,42,0,6,92410558283780
18775,36331,42,0,7,92419148218372
18776,36331,43,0,0,94558041931780
18777,36331,43,0,1,94566631866372
18778,36331,43,0,2,94575221800964
18779,36331,43,0,3,94583811735556
18780,36331,43,0,4,94592401670148
18781,36331,43,0,5,94600991604740
18782,36331,43,0,6,94609581539332
18783,36331,43,0,7,94618171473924
18784,36331,44,0,0,96757065187332
18785,36331,44,0,1,96765655121924
18786,36331,44,0,2,96774245056516
18787,36331,44,0,3,96782834991108
18788,36331,44,0,4,96791424925700
18789,36331,44,0,5,96800014860292
18790,36331,44,0,6,96808604794884
18791,36331,44,0,7,96817194729476
18792,36331,45,0,0,98956088442884
18793,36331,45,0,1,98964678377476
18794,36331,45,0,2,98973268312068
18795,36331,45,0,3,98981858246660
18796,36331,45,0,4,98990448181252
18797,36331,45,0,5,98999038115844
18798,36331,45,0,6,99007628050436
18799,36331,45,0,7,99016217985028
18800,36331,46,0,0,101155111698436
18801,36331,46,0,1,101163701633028
18802,36331,46,0,2,101172291567620
18803,36331,46,0,3,101180881502212
18804,36331,46,0,4,101189471436804
18805,36331,46,0,5,101198061371396
18806,36331,46,0,6,101206651305988
18807,36331,46,0,7,101215241240580
18808,36331,47,0,0,103354134953988
18809,36331,47,0,1,103362724888580
18810,36331,47,0,2,103371314823172
18811,36331,47,0,3,103379904757764
18812,36331,47,0,4,103388494692356
18813,36331,47,0,5,103397084626948
18814,36331,47,0,6,103405674561540
18815,36331,47,0,7,103414264496132
18816,36331,48,0,0,105553158209540
18817,36331,48,0,1,105561748144132
18818,36331,48,0,2,105570338078724
18819,36331,48,0,3,105578928013316
18820,36331,48,0,4,105587517947908
18821,36331,48,0,5,105596107882500
18822,36331,48,0,6,105604697817092
18823,36331,48,0,7,105613287751684
18824,36331,49,0,0,107752181465092
18825,36331,49,0,1,107760771399684
18826,36331,49,0,2,107769361334276
18827,36331,49,0,3,107777951268868
18828,36331,49,0,4,107786541203460
18829,36331,49,0,5,107795131138052
18830,36331,49,0,6,107803721072644
18831,36331,49,0,7,107812311007236
18832,36331,50,0,0,109951204720644
18833,36331,50,0,1,109959794655236
18834,36331,50,0,2,109968384589828
18835,36331,50,0,3,109976974524420
18836,36331,50,0,4,109985564459012
18837,36331,50,0,5,109994154393604
18838,36331,50,0,6,110002744328196
18839,36331,50,0,7,110011334262788
18840,36331,51,0,0,112150227976196
18841,36331,51,0,1,112158817910788
18842,36331,51,0,2,112167407845380
18843,36331,51,0,3,112175997779972
18844,36331,51,0,4,112184587714564
18845,36331,51,0,5,112193177649156
18846,36331,51,0,6,112201767583748
18847,36331,51,0,7,112210357518340
18848,36331,52,0,0,114349251231748
18849,36331,52,0,1,114357841166340
18850,36331,52,0,2,114366431100932
18851,36331,52,0,3,114375021035524
18852,36331,52,0,4,114383610970116
18853,36331,52,0,5,114392200904708
18854,36331,52,0,6,114400790839300
18855,36331,52,0,7,114409380773892
18856,36331,53,0,0,116548274487300
18857,36331,53,0,1,116556864421892
18858,36331,53,0,2,116565454356484
18859,36331,53,0,3,116574044291076
18860,36331,53,0,4,116582634225668
18861,36331,53,0,5,116591224160260
18862,36331,53,0,6,116599814094852
18863,36331,53,0,7,116608404029444
18864,36331,54,0,0,118747297742852
18865,36331,54,0,1,118755887677444
18866,36331,54,0,2,118764477612036
18867,36331,54,0,3,118773067546628
18868,36331,54,0,4,118781657481220
18869,36331,54,0,5,118790247415812
18870,36331,54,0,6,118798837350404
18871,36331,54,0,7,118807427284996
18872,36331,55,0,0,120946320998404
18873,36331,55,0,1,120954910932996
18874,36331,55,0,2,120963500867588
18875,36331,55,0,3,120972090802180
18876,36331,55,0,4,120980680736772
18877,36331,55,0,5,120989270671364
18878,36331,55,0,6,120997860605956
18879,36331,55,0,7,121006450540548
18880,36331,56,0,0,123145344253956
18881,36331,56,0,1,123153934188548
18882,36331,56,0,2,123162524123140
18883,36331,56,0,3,123171114057732
18884,36331,56,0,4,123179703992324
18885,36331,56,0,5,123188293926916
18886,36331,56,0,6,123196883861508
18887,36331,56,0,7,123205473796100
18888,36331,57,0,0,125344367509508
18889,36331,57,0,1,125352957444100
18890,36331,57,0,2,125361547378692
18891,36331,57,0,3,125370137313284
18892,36331,57,0,4,125378727247876
18893,36331,57,0,5,125387317182468
18894,36331,57,0,6,125395907117060
18895,36331,57,0,7,125404497051652
18896,36331,58,0,0,127543390765060
18897,36331,58,0,1,127551980699652
18898,36331,58,0,2,127560570634244
18899,36331,58,0,3,127569160568836
18900,36331,58,0,4,127577750503428
18901,36331,58,0,5,127586340438020
18902,36331,58,0,6,127594930372612
18903,36331,58,0,7,127603520307204
18904,36331,59,0,0,129742414020612
18905,36331,59,0,1,129751003955204
18906,36331,59,0,2,129759593889796
18907,36331,59,0,3,129768183824388
18908,36331,59,0,4,129776773758980
18909,36331,59,0,5,129785363693572
18910,36331,59,0,6,129793953628164
18911,36331,59,0,7,129802543562756
18912,36331,60,0,0,131941437276164
18913,36331,60,0,1,131950027210756
18914,36331,60,0,2,131958617145348
18915,36331,60,0,3,131967207079940
18916,36331,60,0,4,131975797014532
18917,36331,60,0,5,131984386949124
18918,36331,60,0,6,131992976883716
18919,36331,60,0,7,132001566818308
18920,36331,61,0,0,134140460531716
18921,36331,61,0,1,134149050466308
18922,36331,61,0,2,134157640400900
18923,36331,61,0,3,134166230335492
18924,36331,61,0,4,134174820270084
18925,36331,61,0,5,134183410204676
18926,36331,61,0,6,134192000139268
18927,36331,61,0,7,134200590073860
18928,36331,62,0,0,136339483787268
18929,36331,62,0,1,136348073721860
18930,36331,62,0,2,136356663656452
18931,36331,62,0,3,136365253591044
18932,36331,62,0,4,136373843525636
18933,36331,62,0,5,136382433460228
18934,36331,62,0,6,136391023394820
18935,36331,62,0,7,136399613329412
18936,36331,63,0,0,138538507042820
18937,36331,63,0,1,138547096977412
18938,36331,63,0,2,138555686912004
18939,36331,63,0,3,138564276846596
18940,36331,63,0,4,138572866781188
18941,36331,63,0,5,138581456715780
18942,36331,63,0,6,138590046650372
18943,36331,63,0,7,138598636584964
18944,36333,0,0,0,41943045
18945,36333,0,0,1,8631877637
18946,36333,0,0,2,17221812229
18947,36333,0,0,3,25811746821
18948,36333,0,0,4,34401681413
18949,36333,0,0,5,42991616005
18950,36333,0,0,6,51581550597
18951,36333,0,0,7,60171485189
18952,36333,1,0,0,2199065198597
18953,36333,1,0,1,2207655133189
18954,36333,1,0,2,2216245067781
18955,36333,1,0,3,2224835002373
18956,36333,1,0,4,2233424936965
18957,36333,1,0,5,2242014871557
18958,36333,1,0,6,2250604806149
18959,36333,1,0,7,2259194740741
18960,36333,2,0,0,4398088454149
18961,36333,2,0,1,4406678388741
18962,36333,2,0,2,4415268323333
18963,36333,2,0,3,4423858257925
18964,36333,2,0,4,4432448192517
18965,36333,2,0,5,4441038127109
18966,36333,2,0,6,4449628061701
18967,36333,2,0,7,4458217996293
18968,36333,3,0,0,6597111709701
18969,36333,3,0,1,6605701644293
18970,36333,3,0,2,6614291578885
18971,36333,3,0,3,6622881513477
18972,36333,3,0,4,6631471448069
18973,36333,3,0,5,6640061382661
18974,36333,3,0,6,6648651317253
18975,36333,3,0,7,6657241251845
18976,36333,4,0,0,8796134965253
18977,36333,4,0,1,8804724899845
18978,36333,4,0,2,8813314834437
18979,36333,4,0,3,8821904769029
18980,36333,4,0,4,8830494703621
18981,36333,4,0,5,8839084638213
18982,36333,4,0,6,8847674572805
18983,36333,4,0,7,8856264507397
18984,36333,5,0,0,10995158220805
18985,36333,5,0,1,11003748155397
18986,36333,5,0,2,11012338089989
18987,36333,5,0,3,11020928024581
18988,36333,5,0,4,11029517959173
18989,36333,5,0,5,11038107893765
18990,36333,5,0,6,11046697828357
18991,36333,5,0,7,11055287762949
18992,36333,6,0,0,13194181476357
18993,36333,6,0,1,13202771410949
18994,36333,6,0,2,13211361345541
18995,36333,6,0,3,13219951280133
18996,36333,6,0,4,13228541214725
18997,36333,6,0,5,13237131149317
18998,36333,6,0,6,13245721083909
18999,36333,6,0,7,13254311018501
19000,36333,7,0,0,15393204731909
19001,36333,7,0,1,15401794666501
19002,36333,7,0,2,15410384601093
19003,36333,7,0,3,15418974535685
19004,36333,7,0,4,15427564470277
19005,36333,7,0,5,15436154404869
19006,36333,7,0,6,15444744339461
19007,36333,7,0,7,15453334274053
19008,36333,8,0,0,17592227987461
19009,36333,8,0,1,17600817922053
19010,36333,8,0,2,17609407856645
19011,36333,8,0,3,17617997791237
19012,36333,8,0,4,17626587725829
19013,36333,8,0,5,17635177660421
19014,36333,8,0,6,17643767595013
19015,36333,8,0,7,17652357529605
19016,36333,9,0,0,19791251243013
19017,36333,9,0,1,19799841177605
19018,36333,9,0,2,19808431112197
19019,36333,9,0,3,19817021046789
19020,36333,9,0,4,19825610981381
19021,36333,9,0,5,19834200915973
19022,36333,9,0,6,19842790850565
19023,36333,9,0,7,19851380785157
19024,36333,10,0,0,21990274498565
19025,36333,10,0,1,21998864433157
19026,36333,10,0,2,22007454367749
19027,36333,10,0,3,22016044302341
19028,36333,10,0,4,22024634236933
19029,36333,10,0,5,22033224171525
19030,36333,10,0,6,22041814106117
19031,36333,10,0,7,22050404040709
19032,36333,11,0,0,24189297754117
19033,36333,11,0,1,24197887688709
19034,36333,11,0,2,24206477623301
19035,36333,11,0,3,24215067557893
19036,36333,11,0,4,24223657492485
19037,36333,11,0,5,24232247427077
19038,36333,11,0,6,24240837361669
19039,36333,11,0,7,24249427296261
19040,36333,12,0,0,26388321009669
19041,36333,12,0,1,26396910944261
19042,36333,12,0,2,26405500878853
19043,36333,12,0,3,26414090813445
19044,36333,12,0,4,26422680748037
19045,36333,12,0,5,26431270682629
19046,36333,12,0,6,26439860617221
19047,36333,12,0,7,26448450551813
19048,36333,13,0,0,28587344265221
19049,36333,13,0,1,28595934199813
19050,36333,13,0,2,28604524134405
19051,36333,13,0,3,28613114068997
19052,36333,13,0,4,28621704003589
19053,36333,13,0,5,28630293938181
19054,36333,13,0,6,28638883872773
19055,36333,13,0,7,28647473807365
19056,36333,14,0,0,30786367520773
19057,36333,14,0,1,30794957455365
19058,36333,14,0,2,30803547389957
19059,36333,14,0,3,30812137324549
19060,36333,14,0,4,30820727259141
19061,36333,14,0,5,30829317193733
19062,36333,14,0,6,30837907128325
19063,36333,14,0,7,30846497062917
19064,36333,15,0,0,32985390776325
19065,36333,15,0,1,32993980710917
19066,36333,15,0,2,33002570645509
19067,36333,15,0,3,33011160580101
19068,36333,15,0,4,33019750514693
19069,36333,15,0,5,33028340449285
19070,36333,15,0,6,33036930383877
19071,36333,15,0,7,33045520318469
19072,36333,16,0,0,35184414031877
19073,36333,16,0,1,35193003966469
19074,36333,16,0,2,35201593901061
19075,36333,16,0,3,35210183835653
19076,36333,16,0,4,35218773770245
19077,36333,16,0,5,35227363704837
19078,36333,16,0,6,35235953639429
19079,36333,16,0,7,35244543574021
19080,36333,17,0,0,37383437287429
19081,36333,17,0,1,37392027222021
19082,36333,17,0,2,37400617156613
19083,36333,17,0,3,37409207091205
19084,36333,17,0,4,37417797025797
19085,36333,17,0,5,37426386960389
19086,36333,17,0,6,37434976894981
19087,36333,17,0,7,37443566829573
19088,36333,18,0,0,39582460542981
19089,36333,18,0,1,39591050477573
19090,36333,18,0,2,39599640412165
19091,36333,18,0,3,39608230346757
19092,36333,18,0,4,39616820281349
19093,36333,18,0,5,39625410215941
19094,36333,18,0,6,39634000150533
19095,36333,18,0,7,39642590085125
19096,36333,19,0,0,41781483798533
19097,36333,19,0,1,41790073733125
19098,36333,19,0,2,41798663667717
19099,36333,19,0,3,41807253602309
19100,36333,19,0,4,41815843536901
19101,36333,19,0,5,41824433471493
19102,36333,19,0,6,41833023406085
19103,36333,19,0,7,41841613340677
19104,36333,20,0,0,43980507054085
19105,36333,20,0,1,43989096988677
19106,36333,20,0,2,43997686923269
19107,36333,20,0,3,44006276857861
19108,36333,20,0,4,44014866792453
19109,36333,20,0,5,44023456727045
19110,36333,20,0,6,44032046661637
19111,36333,20,0,7,44040636596229
19112,36333,21,0,0,46179530309637
19113,36333,21,0,1,46188120244229
19114,36333,21,0,2,46196710178821
19115,36333,21,0,3,46205300113413
19116,36333,21,0,4,46213890048005
19117,36333,21,0,5,46222479982597
19118,36333,21,0,6,46231069917189
19119,36333,21,0,7,46239659851781
19120,36333,22,0,0,48378553565189
19121,36333,22,0,1,48387143499781
19122,36333,22,0,2,48395733434373
19123,36333,22,0,3,48404323368965
19124,36333,22,0,4,48412913303557
19125,36333,22,0,5,48421503238149
19126,36333,22,0,6,48430093172741
19127,36333,22,0,7,48438683107333
19128,36333,23,0,0,50577576820741
19129,36333,23,0,1,50586166755333
19130,36333,23,0,2,50594756689925
19131,36333,23,0,3,50603346624517
19132,36333,23,0,4,50611936559109
19133,36333,23,0,5,50620526493701
19134,36333,23,0,6,50629116428293
19135,36333,23,0,7,50637706362885
19136,36333,24,0,0,52776600076293
19137,36333,24,0,1,52785190010885
19138,36333,24,0,2,52793779945477
19139,36333,24,0,3,52802369880069
19140,36333,24,0,4,52810959814661
19141,36333,24,0,5,52819549749253
19142,36333,24,0,6,52828139683845
19143,36333,24,0,7,52836729618437
19144,36333,25,0,0,54975623331845
19145,36333,25,0,1,54984213266437
19146,36333,25,0,2,54992803201029
19147,36333,25,0,3,55001393135621
19148,36333,25,0,4,55009983070213
19149,36333,25,0,5,55018573004805
19150,36333,25,0,6,55027162939397
19151,36333,25,0,7,55035752873989
19152,36333,26,0,0,57174646587397
19153,36333,26,0,1,57183236521989
19154,36333,26,0,2,57191826456581
19155,36333,26,0,3,57200416391173
19156,36333,26,0,4,57209006325765
19157,36333,26,0,5,57217596260357
19158,36333,26,0,6,57226186194949
19159,36333,26,0,7,57234776129541
19160,36333,27,0,0,59373669842949
19161,36333,27,0,1,59382259777541
19162,36333,27,0,2,59390849712133
19163,36333,27,0,3,59399439646725
19164,36333,27,0,4,59408029581317
19165,36333,27,0,5,59416619515909
19166,36333,27,0,6,59425209450501
19167,36333,27,0,7,59433799385093
19168,36333,28,0,0,61572693098501
19169,36333,28,0,1,61581283033093
19170,36333,28,0,2,61589872967685
19171,36333,28,0,3,61598462902277
19172,36333,28,0,4,61607052836869
19173,36333,28,0,5,61615642771461
19174,36333,28,0,6,61624232706053
19175,36333,28,0,7,61632822640645
19176,36333,29,0,0,63771716354053
19177,36333,29,0,1,63780306288645
19178,36333,29,0,2,63788896223237
19179,36333,29,0,3,63797486157829
19180,36333,29,0,4,63806076092421
19181,36333,29,0,5,63814666027013
19182,36333,29,0,6,63823255961605
19183,36333,29,0,7,63831845896197
19184,36333,30,0,0,65970739609605
19185,36333,30,0,1,65979329544197
19186,36333,30,0,2,65987919478789
19187,36333,30,0,3,65996509413381
19188,36333,30,0,4,66005099347973
19189,36333,30,0,5,66013689282565
19190,36333,30,0,6,66022279217157
19191,36333,30,0,7,66030869151749
19192,36333,31,0,0,68169762865157
19193,36333,31,0,1,68178352799749
19194,36333,31,0,2,68186942734341
19195,36333,31,0,3,68195532668933
19196,36333,31,0,4,68204122603525
19197,36333,31,0,5,68212712538117
19198,36333,31,0,6,68221302472709
19199,36333,31,0,7,68229892407301
19200,36333,32,0,0,70368786120709
19201,36333,32,0,1,70377376055301
19202,36333,32,0,2,70385965989893
19203,36333,32,0,3,70394555924485
19204,36333,32,0,4,70403145859077
19205,36333,32,0,5,70411735793669
19206,36333,32,0,6,70420325728261
19207,36333,32,0,7,70428915662853
19208,36333,33,0,0,72567809376261
19209,36333,33,0,1,72576399310853
19210,36333,33,0,2,72584989245445
19211,36333,33,0,3,72593579180037
19212,36333,33,0,4,72602169114629
19213,36333,33,0,5,72610759049221
19214,36333,33,0,6,72619348983813
19215,36333,33,0,7,72627938918405
19216,36333,34,0,0,74766832631813
19217,36333,34,0,1,74775422566405
19218,36333,34,0,2,74784012500997
19219,36333,34,0,3,74792602435589
19220,36333,34,0,4,74801192370181
19221,36333,34,0,5,74809782304773
19222,36333,34,0,6,74818372239365
19223,36333,34,0,7,74826962173957
19224,36333,35,0,0,76965855887365
19225,36333,35,0,1,76974445821957
19226,36333,35,0,2,76983035756549
19227,36333,35,0,3,76991625691141
19228,36333,35,0,4,77000215625733
19229,36333,35,0,5,77008805560325
19230,36333,35,0,6,77017395494917
19231,36333,35,0,7,77025985429509
19232,36333,36,0,0,79164879142917
19233,36333,36,0,1,79173469077509
19234,36333,36,0,2,79182059012101
19235,36333,36,0,3,79190648946693
19236,36333,36,0,4,79199238881285
19237,36333,36,0,5,79207828815877
19238,36333,36,0,6,79216418750469
19239,36333,36,0,7,79225008685061
19240,36333,37,0,0,81363902398469
19241,36333,37,0,1,81372492333061
19242,36333,37,0,2,81381082267653
19243,36333,37,0,3,81389672202245
19244,36333,37,0,4,81398262136837
19245,36333,37,0,5,81406852071429
19246,36333,37,0,6,81415442006021
19247,36333,37,0,7,81424031940613
19248,36333,38,0,0,83562925654021
19249,36333,38,0,1,83571515588613
19250,36333,38,0,2,83580105523205
19251,36333,38,0,3,83588695457797
19252,36333,38,0,4,83597285392389
19253,36333,38,0,5,83605875326981
19254,36333,38,0,6,83614465261573
19255,36333,38,0,7,83623055196165
19256,36333,39,0,0,85761948909573
19257,36333,39,0,1,85770538844165
19258,36333,39,0,2,85779128778757
19259,36333,39,0,3,85787718713349
19260,36333,39,0,4,85796308647941
19261,36333,39,0,5,85804898582533
19262,36333,39,0,6,85813488517125
19263,36333,39,0,7,85822078451717
19264,36333,40,0,0,87960972165125
19265,36333,40,0,1,87969562099717
19266,36333,40,0,2,87978152034309
19267,36333,40,0,3,87986741968901
19268,36333,40,0,4,87995331903493
19269,36333,40,0,5,88003921838085
19270,36333,40,0,6,88012511772677
19271,36333,40,0,7,88021101707269
19272,36333,41,0,0,90159995420677
19273,36333,41,0,1,90168585355269
19274,36333,41,0,2,90177175289861
19275,36333,41,0,3,90185765224453
19276,36333,41,0,4,90194355159045
19277,36333,41,0,5,90202945093637
19278,36333,41,0,6,90211535028229
19279,36333,41,0,7,90220124962821
19280,36333,42,0,0,92359018676229
19281,36333,42,0,1,92367608610821
19282,36333,42,0,2,92376198545413
19283,36333,42,0,3,92384788480005
19284,36333,42,0,4,92393378414597
19285,36333,42,0,5,92401968349189
19286,36333,42,0,6,92410558283781
19287,36333,42,0,7,92419148218373
19288,36333,43,0,0,94558041931781
19289,36333,43,0,1,94566631866373
19290,36333,43,0,2,94575221800965
19291,36333,43,0,3,94583811735557
19292,36333,43,0,4,94592401670149
19293,36333,43,0,5,94600991604741
19294,36333,43,0,6,94609581539333
19295,36333,43,0,7,94618171473925
19296,36333,44,0,0,96757065187333
19297,36333,44,0,1,96765655121925
19298,36333,44,0,2,96774245056517
19299,36333,44,0,3,96782834991109
19300,36333,44,0,4,96791424925701
19301,36333,44,0,5,96800014860293
19302,36333,44,0,6,96808604794885
19303,36333,44,0,7,96817194729477
19304,36333,45,0,0,98956088442885
19305,36333,45,0,1,98964678377477
19306,36333,45,0,2,98973268312069
19307,36333,45,0,3,98981858246661
19308,36333,45,0,4,98990448181253
19309,36333,45,0,5,98999038115845
19310,36333,45,0,6,99007628050437
19311,36333,45,0,7,99016217985029
19312,36333,46,0,0,101155111698437
19313,36333,46,0,1,101163701633029
19314,36333,46,0,2,101172291567621
19315,36333,46,0,3,101180881502213
19316,36333,46,0,4,101189471436805
19317,36333,46,0,5,101198061371397
19318,36333,46,0,6,101206651305989
19319,36333,46,0,7,101215241240581
19320,36333,47,0,0,103354134953989
19321,36333,47,0,1,103362724888581
19322,36333,47,0,2,103371314823173
19323,36333,47,0,3,103379904757765
19324,36333,47,0,4,103388494692357
19325,36333,47,0,5,103397084626949
19326,36333,47,0,6,103405674561541
19327,36333,47,0,7,103414264496133
19328,36333,48,0,0,105553158209541
19329,36333,48,0,1,105561748144133
19330,36333,48,0,2,105570338078725
19331,36333,48,0,3,105578928013317
19332,36333,48,0,4,105587517947909
19333,36333,48,0,5,105596107882501
19334,36333,48,0,6,105604697817093
19335,36333,48,0,7,105613287751685
19336,36333,49,0,0,107752181465093
19337,36333,49,0,1,107760771399685
19338,36333,49,0,2,107769361334277
19339,36333,49,0,3,107777951268869
19340,36333,49,0,4,107786541203461
19341,36333,49,0,5,107795131138053
19342,36333,49,0,6,107803721072645
19343,36333,49,0,7,107812311007237
19344,36333,50,0,0,109951204720645
19345,36333,50,0,1,109959794655237
19346,36333,50,0,2,109968384589829
19347,36333,50,0,3,109976974524421
19348,36333,50,0,4,109985564459013
19349,36333,50,0,5,109994154393605
19350,36333,50,0,6,110002744328197
19351,36333,50,0,7,110011334262789
19352,36333,51,0,0,112150227976197
19353,36333,51,0,1,112158817910789
19354,36333,51,0,2,112167407845381
19355,36333,51,0,3,112175997779973
19356,36333,51,0,4,112184587714565
19357,36333,51,0,5,112193177649157
19358,36333,51,0,6,112201767583749
19359,36333,51,0,7,112210357518341
19360,36333,52,0,0,114349251231749
19361,36333,52,0,1,114357841166341
19362,36333,52,0,2,114366431100933
19363,36333,52,0,3,114375021035525
19364,36333,52,0,4,114383610970117
19365,36333,52,0,5,114392200904709
19366,36333,52,0,6,114400790839301
19367,36333,52,0,7,114409380773893
19368,36333,53,0,0,116548274487301
19369,36333,53,0,1,116556864421893
19370,36333,53,0,2,116565454356485
19371,36333,53,0,3,116574044291077
19372,36333,53,0,4,116582634225669
19373,36333,53,0,5,116591224160261
19374,36333,53,0,6,116599814094853
19375,36333,53,0,7,116608404029445
19376,36333,54,0,0,118747297742853
19377,36333,54,0,1,118755887677445
19378,36333,54,0,2,118764477612037
19379,36333,54,0,3,118773067546629
19380,36333,54,0,4,118781657481221
19381,36333,54,0,5,118790247415813
19382,36333,54,0,6,118798837350405
19383,36333,54,0,7,118807427284997
19384,36333,55,0,0,120946320998405
19385,36333,55,0,1,120954910932997
19386,36333,55,0,2,120963500867589
19387,36333,55,0,3,120972090802181
19388,36333,55,0,4,120980680736773
19389,36333,55,0,5,120989270671365
19390,36333,55,0,6,120997860605957
19391,36333,55,0,7,121006450540549
19392,36333,56,0,0,123145344253957
19393,36333,56,0,1,123153934188549
19394,36333,56,0,2,123162524123141
19395,36333,56,0,3,123171114057733
19396,36333,56,0,4,123179703992325
19397,36333,56,0,5,123188293926917
19398,36333,56,0,6,123196883861509
19399,36333,56,0,7,123205473796101
19400,36333,57,0,0,125344367509509
19401,36333,57,0,1,125352957444101
19402,36333,57,0,2,125361547378693
19403,36333,57,0,3,125370137313285
19404,36333,57,0,4,125378727247877
19405,36333,57,0,5,125387317182469
19406,36333,57,0,6,125395907117061
19407,36333,57,0,7,125404497051653
19408,36333,58,0,0,127543390765061
19409,36333,58,0,1,127551980699653
19410,36333,58,0,2,127560570634245
19411,36333,58,0,3,127569160568837
19412,36333,58,0,4,127577750503429
19413,36333,58,0,5,127586340438021
19414,36333,58,0,6,127594930372613
19415,36333,58,0,7,127603520307205
19416,36333,59,0,0,129742414020613
19417,36333,59,0,1,129751003955205
19418,36333,59,0,2,129759593889797
19419,36333,59,0,3,129768183824389
19420,36333,59,0,4,129776773758981
19421,36333,59,0,5,129785363693573
19422,36333,59,0,6,129793953628165
19423,36333,59,0,7,129802543562757
19424,36333,60,0,0,131941437276165
19425,36333,60,0,1,131950027210757
19426,36333,60,0,2,131958617145349
19427,36333,60,0,3,131967207079941
19428,36333,60,0,4,131975797014533
19429,36333,60,0,5,131984386949125
19430,36333,60,0,6,131992976883717
19431,36333,60,0,7,132001566818309
19432,36333,61,0,0,134140460531717
19433,36333,61,0,1,134149050466309
19434,36333,61,0,2,134157640400901
19435,36333,61,0,3,134166230335493
19436,36333,61,0,4,134174820270085
19437,36333,61,0,5,134183410204677
19438,36333,61,0,6,134192000139269
19439,36333,61,0,7,134200590073861
19440,36333,62,0,0,136339483787269
19441,36333,62,0,1,136348073721861
19442,36333,62,0,2,136356663656453
19443,36333,62,0,3,136365253591045
19444,36333,62,0,4,136373843525637
19445,36333,62,0,5,136382433460229
19446,36333,62,0,6,136391023394821
19447,36333,62,0,7,136399613329413
19448,36333,63,0,0,138538507042821
19449,36333,63,0,1,138547096977413
19450,36333,63,0,2,138555686912005
19451,36333,63,0,3,138564276846597
19452,36333,63,0,4,138572866781189
19453,36333,63,0,5,138581456715781
19454,36333,63,0,6,138590046650373
19455,36333,63,0,7,138598636584965
19456,36335,0,0,0,41943046
19457,36335,0,0,1,8631877638
19458,36335,0,0,2,17221812230
19459,36335,0,0,3,25811746822
19460,36335,0,0,4,34401681414
19461,36335,0,0,5,42991616006
19462,36335,0,0,6,51581550598
19463,36335,0,0,7,60171485190
19464,36335,1,0,0,2199065198598
19465,36335,1,0,1,2207655133190
19466,36335,1,0,2,2216245067782
19467,36335,1,0,3,2224835002374
19468,36335,1,0,4,2233424936966
19469,36335,1,0,5,2242014871558
19470,36335,1,0,6,2250604806150
19471,36335,1,0,7,2259194740742
19472,36335,2,0,0,4398088454150
19473,36335,2,0,1,4406678388742
19474,36335,2,0,2,4415268323334
19475,36335,2,0,3,4423858257926
19476,36335,2,0,4,4432448192518
19477,36335,2,0,5,4441038127110
19478,36335,2,0,6,4449628061702
19479,36335,2,0,7,4458217996294
19480,36335,3,0,0,6597111709702
19481,36335,3,0,1,6605701644294
19482,36335,3,0,2,6614291578886
19483,36335,3,0,3,6622881513478
19484,36335,3,0,4,6631471448070
19485,36335,3,0,5,6640061382662
19486,36335,3,0,6,6648651317254
19487,36335,3,0,7,6657241251846
19488,36335,4,0,0,8796134965254
19489,36335,4,0,1,8804724899846
19490,36335,4,0,2,8813314834438
19491,36335,4,0,3,8821904769030
19492,36335,4,0,4,8830494703622
19493,36335,4,0,5,8839084638214
19494,36335,4,0,6,8847674572806
19495,36335,4,0,7,8856264507398
19496,36335,5,0,0,10995158220806
19497,36335,5,0,1,11003748155398
19498,36335,5,0,2,11012338089990
19499,36335,5,0,3,11020928024582
19500,36335,5,0,4,11029517959174
19501,36335,5,0,5,11038107893766
19502,36335,5,0,6,11046697828358
19503,36335,5,0,7,11055287762950
19504,36335,6,0,0,13194181476358
19505,36335,6,0,1,13202771410950
19506,36335,6,0,2,13211361345542
19507,36335,6,0,3,13219951280134
19508,36335,6,0,4,13228541214726
19509,36335,6,0,5,13237131149318
19510,36335,6,0,6,13245721083910
19511,36335,6,0,7,13254311018502
19512,36335,7,0,0,15393204731910
19513,36335,7,0,1,15401794666502
19514,36335,7,0,2,15410384601094
19515,36335,7,0,3,15418974535686
19516,36335,7,0,4,15427564470278
19517,36335,7,0,5,15436154404870
19518,36335,7,0,6,15444744339462
19519,36335,7,0,7,15453334274054
19520,36335,8,0,0,17592227987462
19521,36335,8,0,1,17600817922054
19522,36335,8,0,2,17609407856646
19523,36335,8,0,3,17617997791238
19524,36335,8,0,4,17626587725830
19525,36335,8,0,5,17635177660422
19526,36335,8,0,6,17643767595014
19527,36335,8,0,7,17652357529606
19528,36335,9,0,0,19791251243014
19529,36335,9,0,1,19799841177606
19530,36335,9,0,2,19808431112198
19531,36335,9,0,3,19817021046790
19532,36335,9,0,4,19825610981382
19533,36335,9,0,5,19834200915974
19534,36335,9,0,6,19842790850566
19535,36335,9,0,7,19851380785158
19536,36335,10,0,0,21990274498566
19537,36335,10,0,1,21998864433158
19538,36335,10,0,2,22007454367750
19539,36335,10,0,3,22016044302342
19540,36335,10,0,4,22024634236934
19541,36335,10,0,5,22033224171526
19542,36335,10,0,6,22041814106118
19543,36335,10,0,7,22050404040710
19544,36335,11,0,0,24189297754118
19545,36335,11,0,1,24197887688710
19546,36335,11,0,2,24206477623302
19547,36335,11,0,3,24215067557894
19548,36335,11,0,4,24223657492486
19549,36335,11,0,5,24232247427078
19550,36335,11,0,6,24240837361670
19551,36335,11,0,7,24249427296262
19552,36335,12,0,0,26388321009670
19553,36335,12,0,1,26396910944262
19554,36335,12,0,2,26405500878854
19555,36335,12,0,3,26414090813446
19556,36335,12,0,4,26422680748038
19557,36335,12,0,5,26431270682630
19558,36335,12,0,6,26439860617222
19559,36335,12,0,7,26448450551814
19560,36335,13,0,0,28587344265222
19561,36335,13,0,1,28595934199814
19562,36335,13,0,2,28604524134406
19563,36335,13,0,3,28613114068998
19564,36335,13,0,4,28621704003590
19565,36335,13,0,5,28630293938182
19566,36335,13,0,6,28638883872774
19567,36335,13,0,7,28647473807366
19568,36335,14,0,0,30786367520774
19569,36335,14,0,1,30794957455366
19570,36335,14,0,2,30803547389958
19571,36335,14,0,3,30812137324550
19572,36335,14,0,4,30820727259142
19573,36335,14,0,5,30829317193734
19574,36335,14,0,6,30837907128326
19575,36335,14,0,7,30846497062918
19576,36335,15,0,0,32985390776326
19577,36335,15,0,1,32993980710918
19578,36335,15,0,2,33002570645510
19579,36335,15,0,3,33011160580102
19580,36335,15,0,4,33019750514694
19581,36335,15,0,5,33028340449286
19582,36335,15,0,6,33036930383878
19583,36335,15,0,7,33045520318470
19584,36335,16,0,0,35184414031878
19585,36335,16,0,1,35193003966470
19586,36335,16,0,2,35201593901062
19587,36335,16,0,3,35210183835654
19588,36335,16,0,4,35218773770246
19589,36335,16,0,5,35227363704838
19590,36335,16,0,6,35235953639430
19591,36335,16,0,7,35244543574022
19592,36335,17,0,0,37383437287430
19593,36335,17,0,1,37392027222022
19594,36335,17,0,2,37400617156614
19595,36335,17,0,3,37409207091206
19596,36335,17,0,4,37417797025798
19597,36335,17,0,5,37426386960390
19598,36335,17,0,6,37434976894982
19599,36335,17,0,7,37443566829574
19600,36335,18,0,0,39582460542982
19601,36335,18,0,1,39591050477574
19602,36335,18,0,2,39599640412166
19603,36335,18,0,3,39608230346758
19604,36335,18,0,4,39616820281350
19605,36335,18,0,5,39625410215942
19606,36335,18,0,6,39634000150534
19607,36335,18,0,7,39642590085126
19608,36335,19,0,0,41781483798534
19609,36335,19,0,1,41790073733126
19610,36335,19,0,2,41798663667718
19611,36335,19,0,3,41807253602310
19612,36335,19,0,4,41815843536902
19613,36335,19,0,5,41824433471494
19614,36335,19,0,6,41833023406086
19615,36335,19,0,7,41841613340678
19616,36335,20,0,0,43980507054086
19617,36335,20,0,1,43989096988678
19618,36335,20,0,2,43997686923270
19619,36335,20,0,3,44006276857862
19620,36335,20,0,4,44014866792454
19621,36335,20,0,5,44023456727046
19622,36335,20,0,6,44032046661638
19623,36335,20,0,7,44040636596230
19624,36335,21,0,0,46179530309638
19625,36335,21,0,1,46188120244230
19626,36335,21,0,2,46196710178822
19627,36335,21,0,3,46205300113414
19628,36335,21,0,4,46213890048006
19629,36335,21,0,5,46222479982598
19630,36335,21,0,6,46231069917190
19631,36335,21,0,7,46239659851782
19632,36335,22,0,0,48378553565190
19633,36335,22,0,1,48387143499782
19634,36335,22,0,2,48395733434374
19635,36335,22,0,3,48404323368966
19636,36335,22,0,4,48412913303558
19637,36335,22,0,5,48421503238150
19638,36335,22,0,6,48430093172742
19639,36335,22,0,7,48438683107334
19640,36335,23,0,0,50577576820742
19641,36335,23,0,1,50586166755334
19642,36335,23,0,2,50594756689926
19643,36335,23,0,3,50603346624518
19644,36335,23,0,4,50611936559110
19645,36335,23,0,5,50620526493702
19646,36335,23,0,6,50629116428294
19647,36335,23,0,7,50637706362886
19648,36335,24,0,0,52776600076294
19649,36335,24,0,1,52785190010886
19650,36335,24,0,2,52793779945478
19651,36335,24,0,3,52802369880070
19652,36335,24,0,4,52810959814662
19653,36335,24,0,5,52819549749254
19654,36335,24,0,6,52828139683846
19655,36335,24,0,7,52836729618438
19656,36335,25,0,0,54975623331846
19657,36335,25,0,1,54984213266438
19658,36335,25,0,2,54992803201030
19659,36335,25,0,3,55001393135622
19660,36335,25,0,4,55009983070214
19661,36335,25,0,5,55018573004806
19662,36335,25,0,6,55027162939398
19663,36335,25,0,7,55035752873990
19664,36335,26,0,0,57174646587398
19665,36335,26,0,1,57183236521990
19666,36335,26,0,2,57191826456582
19667,36335,26,0,3,57200416391174
19668,36335,26,0,4,57209006325766
19669,36335,26,0,5,57217596260358
19670,36335,26,0,6,57226186194950
19671,36335,26,0,7,57234776129542
19672,36335,27,0,0,59373669842950
19673,36335,27,0,1,59382259777542
19674,36335,27,0,2,59390849712134
19675,36335,27,0,3,59399439646726
19676,36335,27,0,4,59408029581318
19677,36335,27,0,5,59416619515910
19678,36335,27,0,6,59425209450502
19679,36335,27,0,7,59433799385094
19680,36335,28,0,0,61572693098502
19681,36335,28,0,1,61581283033094
19682,36335,28,0,2,61589872967686
19683,36335,28,0,3,61598462902278
19684,36335,28,0,4,61607052836870
19685,36335,28,0,5,61615642771462
19686,36335,28,0,6,61624232706054
19687,36335,28,0,7,61632822640646
19688,36335,29,0,0,63771716354054
19689,36335,29,0,1,63780306288646
19690,36335,29,0,2,63788896223238
19691,36335,29,0,3,63797486157830
19692,36335,29,0,4,63806076092422
19693,36335,29,0,5,63814666027014
19694,36335,29,0,6,63823255961606
19695,36335,29,0,7,63831845896198
19696,36335,30,0,0,65970739609606
19697,36335,30,0,1,65979329544198
19698,36335,30,0,2,65987919478790
19699,36335,30,0,3,65996509413382
19700,36335,30,0,4,66005099347974
19701,36335,30,0,5,66013689282566
19702,36335,30,0,6,66022279217158
19703,36335,30,0,7,66030869151750
19704,36335,31,0,0,68169762865158
19705,36335,31,0,1,68178352799750
19706,36335,31,0,2,68186942734342
19707,36335,31,0,3,68195532668934
19708,36335,31,0,4,68204122603526
19709,36335,31,0,5,68212712538118
19710,36335,31,0,6,68221302472710
19711,36335,31,0,7,68229892407302
19712,36335,32,0,0,70368786120710
19713,36335,32,0,1,70377376055302
19714,36335,32,0,2,70385965989894
19715,36335,32,0,3,70394555924486
19716,36335,32,0,4,70403145859078
19717,36335,32,0,5,70411735793670
19718,36335,32,0,6,70420325728262
19719,36335,32,0,7,70428915662854
19720,36335,33,0,0,72567809376262
19721,36335,33,0,1,72576399310854
19722,36335,33,0,2,72584989245446
19723,36335,33,0,3,72593579180038
19724,36335,33,0,4,72602169114630
19725,36335,33,0,5,72610759049222
19726,36335,33,0,6,72619348983814
19727,36335,33,0,7,72627938918406
19728,36335,34,0,0,74766832631814
19729,36335,34,0,1,74775422566406
19730,36335,34,0,2,74784012500998
19731,36335,34,0,3,74792602435590
19732,36335,34,0,4,74801192370182
19733,36335,34,0,5,74809782304774
19734,36335,34,0,6,74818372239366
19735,36335,34,0,7,74826962173958
19736,36335,35,0,0,76965855887366
19737,36335,35,0,1,76974445821958
19738,36335,35,0,2,76983035756550
19739,36335,35,0,3,76991625691142
19740,36335,35,0,4,77000215625734
19741,36335,35,0,5,77008805560326
19742,36335,35,0,6,77017395494918
19743,36335,35,0,7,77025985429510
19744,36335,36,0,0,79164879142918
19745,36335,36,0,1,79173469077510
19746,36335,36,0,2,79182059012102
19747,36335,36,0,3,79190648946694
19748,36335,36,0,4,79199238881286
19749,36335,36,0,5,79207828815878
19750,36335,36,0,6,79216418750470
19751,36335,36,0,7,79225008685062
19752,36335,37,0,0,81363902398470
19753,36335,37,0,1,81372492333062
19754,36335,37,0,2,81381082267654
19755,36335,37,0,3,81389672202246
19756,36335,37,0,4,81398262136838
19757,36335,37,0,5,81406852071430
19758,36335,37,0,6,81415442006022
19759,36335,37,0,7,81424031940614
19760,36335,38,0,0,83562925654022
19761,36335,38,0,1,83571515588614
19762,36335,38,0,2,83580105523206
19763,36335,38,0,3,83588695457798
19764,36335,38,0,4,83597285392390
19765,36335,38,0,5,83605875326982
19766,36335,38,0,6,83614465261574
19767,36335,38,0,7,83623055196166
19768,36335,39,0,0,85761948909574
19769,36335,39,0,1,85770538844166
19770,36335,39,0,2,85779128778758
19771,36335,39,0,3,85787718713350
19772,36335,39,0,4,85796308647942
19773,36335,39,0,5,85804898582534
19774,36335,39,0,6,85813488517126
19775,36335,39,0,7,85822078451718
19776,36335,40,0,0,87960972165126
19777,36335,40,0,1,87969562099718
19778,36335,40,0,2,87978152034310
19779,36335,40,0,3,87986741968902
19780,36335,40,0,4,87995331903494
19781,36335,40,0,5,88003921838086
19782,36335,40,0,6,88012511772678
19783,36335,40,0,7,88021101707270
19784,36335,41,0,0,90159995420678
19785,36335,41,0,1,90168585355270
19786,36335,41,0,2,90177175289862
19787,36335,41,0,3,90185765224454
19788,36335,41,0,4,90194355159046
19789,36335,41,0,5,90202945093638
19790,36335,41,0,6,90211535028230
19791,36335,41,0,7,90220124962822
19792,36335,42,0,0,92359018676230
19793,36335,42,0,1,92367608610822
19794,36335,42,0,2,92376198545414
19795,36335,42,0,3,92384788480006
19796,36335,42,0,4,92393378414598
19797,36335,42,0,5,92401968349190
19798,36335,42,0,6,92410558283782
19799,36335,42,0,7,92419148218374
19800,36335,43,0,0,94558041931782
19801,36335,43,0,1,94566631866374
19802,36335,43,0,2,94575221800966
19803,36335,43,0,3,94583811735558
19804,36335,43,0,4,94592401670150
19805,36335,43,0,5,94600991604742
19806,36335,43,0,6,94609581539334
19807,36335,43,0,7,94618171473926
19808,36335,44,0,0,96757065187334
19809,36335,44,0,1,96765655121926
19810,36335,44,0,2,96774245056518
19811,36335,44,0,3,96782834991110
19812,36335,44,0,4,96791424925702
19813,36335,44,0,5,96800014860294
19814,36335,44,0,6,96808604794886
19815,36335,44,0,7,96817194729478
19816,36335,45,0,0,98956088442886
19817,36335,45,0,1,98964678377478
19818,36335,45,0,2,98973268312070
19819,36335,45,0,3,98981858246662
19820,36335,45,0,4,98990448181254
19821,36335,45,0,5,98999038115846
19822,36335,45,0,6,99007628050438
19823,36335,45,0,7,99016217985030
19824,36335,46,0,0,101155111698438
19825,36335,46,0,1,101163701633030
19826,36335,46,0,2,101172291567622
19827,36335,46,0,3,101180881502214
19828,36335,46,0,4,101189471436806
19829,36335,46,0,5,101198061371398
19830,36335,46,0,6,101206651305990
19831,36335,46,0,7,101215241240582
19832,36335,47,0,0,103354134953990
19833,36335,47,0,1,103362724888582
19834,36335,47,0,2,103371314823174
19835,36335,47,0,3,103379904757766
19836,36335,47,0,4,103388494692358
19837,36335,47,0,5,103397084626950
19838,36335,47,0,6,103405674561542
19839,36335,47,0,7,103414264496134
19840,36335,48,0,0,105553158209542
19841,36335,48,0,1,105561748144134
19842,36335,48,0,2,105570338078726
19843,36335,48,0,3,105578928013318
19844,36335,48,0,4,105587517947910
19845,36335,48,0,5,105596107882502
19846,36335,48,0,6,105604697817094
19847,36335,48,0,7,105613287751686
19848,36335,49,0,0,107752181465094
19849,36335,49,0,1,107760771399686
19850,36335,49,0,2,107769361334278
19851,36335,49,0,3,107777951268870
19852,36335,49,0,4,107786541203462
19853,36335,49,0,5,107795131138054
19854,36335,49,0,6,107803721072646
19855,36335,49,0,7,107812311007238
19856,36335,50,0,0,109951204720646
19857,36335,50,0,1,109959794655238
19858,36335,50,0,2,109968384589830
19859,36335,50,0,3,109976974524422
19860,36335,50,0,4,109985564459014
19861,36335,50,0,5,109994154393606
19862,36335,50,0,6,110002744328198
19863,36335,50,0,7,110011334262790
19864,36335,51,0,0,112150227976198
19865,36335,51,0,1,112158817910790
19866,36335,51,0,2,112167407845382
19867,36335,51,0,3,112175997779974
19868,36335,51,0,4,112184587714566
19869,36335,51,0,5,112193177649158
19870,36335,51,0,6,112201767583750
19871,36335,51,0,7,112210357518342
19872,36335,52,0,0,114349251231750
19873,36335,52,0,1,114357841166342
19874,36335,52,0,2,114366431100934
19875,36335,52,0,3,114375021035526
19876,36335,52,0,4,114383610970118
19877,36335,52,0,5,114392200904710
19878,36335,52,0,6,114400790839302
19879,36335,52,0,7,114409380773894
19880,36335,53,0,0,116548274487302
19881,36335,53,0,1,116556864421894
19882,36335,53,0,2,116565454356486
19883,36335,53,0,3,116574044291078
19884,36335,53,0,4,116582634225670
19885,36335,53,0,5,116591224160262
19886,36335,53,0,6,116599814094854
19887,36335,53,0,7,116608404029446
19888,36335,54,0,0,118747297742854
19889,36335,54,0,1,118755887677446
19890,36335,54,0,2,118764477612038
19891,36335,54,0,3,118773067546630
19892,36335,54,0,4,118781657481222
19893,36335,54,0,5,118790247415814
19894,36335,54,0,6,118798837350406
19895,36335,54,0,7,118807427284998
19896,36335,55,0,0,120946320998406
19897,36335,55,0,1,120954910932998
19898,36335,55,0,2,120963500867590
19899,36335,55,0,3,120972090802182
19900,36335,55,0,4,120980680736774
19901,36335,55,0,5,120989270671366
19902,36335,55,0,6,120997860605958
19903,36335,55,0,7,121006450540550
19904,36335,56,0,0,123145344253958
19905,36335,56,0,1,123153934188550
19906,36335,56,0,2,123162524123142
19907,36335,56,0,3,123171114057734
19908,36335,56,0,4,123179703992326
19909,36335,56,0,5,123188293926918
19910,36335,56,0,6,123196883861510
19911,36335,56,0,7,123205473796102
19912,36335,57,0,0,125344367509510
19913,36335,57,0,1,125352957444102
19914,36335,57,0,2,125361547378694
19915,36335,57,0,3,125370137313286
19916,36335,57,0,4,125378727247878
19917,36335,57,0,5,125387317182470
19918,36335,57,0,6,125395907117062
19919,36335,57,0,7,125404497051654
19920,36335,58,0,0,127543390765062
19921,36335,58,0,1,127551980699654
19922,36335,58,0,2,127560570634246
19923,36335,58,0,3,127569160568838
19924,36335,58,0,4,127577750503430
19925,36335,58,0,5,127586340438022
19926,36335,58,0,6,127594930372614
19927,36335,58,0,7,127603520307206
19928,36335,59,0,0,129742414020614
19929,36335,59,0,1,129751003955206
19930,36335,59,0,2,129759593889798
19931,36335,59,0,3,129768183824390
19932,36335,59,0,4,129776773758982
19933,36335,59,0,5,129785363693574
19934,36335,59,0,6,129793953628166
19935,36335,59,0,7,129802543562758
19936,36335,60,0,0,131941437276166
19937,36335,60,0,1,131950027210758
19938,36335,60,0,2,131958617145350
19939,36335,60,0,3,131967207079942
19940,36335,60,0,4,131975797014534
19941,36335,60,0,5,131984386949126
19942,36335,60,0,6,131992976883718
19943,36335,60,0,7,132001566818310
19944,36335,61,0,0,134140460531718
19945,36335,61,0,1,134149050466310
19946,36335,61,0,2,134157640400902
19947,36335,61,0,3,134166230335494
19948,36335,61,0,4,134174820270086
19949,36335,61,0,5,134183410204678
19950,36335,61,0,6,134192000139270
19951,36335,61,0,7,134200590073862
19952,36335,62,0,0,136339483787270
19953,36335,62,0,1,136348073721862
19954,36335,62,0,2,136356663656454
19955,36335,62,0,3,136365253591046
19956,36335,62,0,4,136373843525638
19957,36335,62,0,5,136382433460230
19958,36335,62,0,6,136391023394822
19959,36335,62,0,7,136399613329414
19960,36335,63,0,0,138538507042822
19961,36335,63,0,1,138547096977414
19962,36335,63,0,2,138555686912006
19963,36335,63,0,3,138564276846598
19964,36335,63,0,4,138572866781190
19965,36335,63,0,5,138581456715782
19966,36335,63,0,6,138590046650374
19967,36335,63,0,7,138598636584966
19968,36337,0,0,0,41943047
19969,36337,0,0,1,8631877639
19970,36337,0,0,2,17221812231
19971,36337,0,0,3,25811746823
19972,36337,0,0,4,34401681415
19973,36337,0,0,5,42991616007
19974,36337,0,0,6,51581550599
19975,36337,0,0,7,60171485191
19976,36337,1,0,0,2199065198599
19977,36337,1,0,1,2207655133191
19978,36337,1,0,2,2216245067783
19979,36337,1,0,3,2224835002375
19980,36337,1,0,4,2233424936967
19981,36337,1,0,5,2242014871559
19982,36337,1,0,6,2250604806151
19983,36337,1,0,7,2259194740743
19984,36337,2,0,0,4398088454151
19985,36337,2,0,1,4406678388743
19986,36337,2,0,2,4415268323335
19987,36337,2,0,3,4423858257927
19988,36337,2,0,4,4432448192519
19989,36337,2,0,5,4441038127111
19990,36337,2,0,6,4449628061703
19991,36337,2,0,7,4458217996295
19992,36337,3,0,0,6597111709703
19993,36337,3,0,1,6605701644295
19994,36337,3,0,2,6614291578887
19995,36337,3,0,3,6622881513479
19996,36337,3,0,4,6631471448071
19997,36337,3,0,5,6640061382663
19998,36337,3,0,6,6648651317255
19999,36337,3,0,7,6657241251847
20000,36337,4,0,0,8796134965255
20001,36337,4,0,1,8804724899847
20002,36337,4,0,2,8813314834439
20003,36337,4,0,3,8821904769031
20004,36337,4,0,4,8830494703623
20005,36337,4,0,5,8839084638215
20006,36337,4,0,6,8847674572807
20007,36337,4,0,7,8856264507399
20008,36337,5,0,0,10995158220807
20009,36337,5,0,1,11003748155399
20010,36337,5,0,2,11012338089991
20011,36337,5,0,3,11020928024583
20012,36337,5,0,4,11029517959175
20013,36337,5,0,5,11038107893767
20014,36337,5,0,6,11046697828359
20015,36337,5,0,7,11055287762951
20016,36337,6,0,0,13194181476359
20017,36337,6,0,1,13202771410951
20018,36337,6,0,2,13211361345543
20019,36337,6,0,3,13219951280135
20020,36337,6,0,4,13228541214727
20021,36337,6,0,5,13237131149319
20022,36337,6,0,6,13245721083911
20023,36337,6,0,7,13254311018503
20024,36337,7,0,0,15393204731911
20025,36337,7,0,1,15401794666503
20026,36337,7,0,2,15410384601095
20027,36337,7,0,3,15418974535687
20028,36337,7,0,4,15427564470279
20029,36337,7,0,5,15436154404871
20030,36337,7,0,6,15444744339463
20031,36337,7,0,7,15453334274055
20032,36337,8,0,0,17592227987463
20033,36337,8,0,1,17600817922055
20034,36337,8,0,2,17609407856647
20035,36337,8,0,3,17617997791239
20036,36337,8,0,4,17626587725831
20037,36337,8,0,5,17635177660423
20038,36337,8,0,6,17643767595015
20039,36337,8,0,7,17652357529607
20040,36337,9,0,0,19791251243015
20041,36337,9,0,1,19799841177607
20042,36337,9,0,2,19808431112199
20043,36337,9,0,3,19817021046791
20044,36337,9,0,4,19825610981383
20045,36337,9,0,5,19834200915975
20046,36337,9,0,6,19842790850567
20047,36337,9,0,7,19851380785159
20048,36337,10,0,0,21990274498567
20049,36337,10,0,1,21998864433159
20050,36337,10,0,2,22007454367751
20051,36337,10,0,3,22016044302343
20052,36337,10,0,4,22024634236935
20053,36337,10,0,5,22033224171527
20054,36337,10,0,6,22041814106119
20055,36337,10,0,7,22050404040711
20056,36337,11,0,0,24189297754119
20057,36337,11,0,1,24197887688711
20058,36337,11,0,2,24206477623303
20059,36337,11,0,3,24215067557895
20060,36337,11,0,4,24223657492487
20061,36337,11,0,5,24232247427079
20062,36337,11,0,6,24240837361671
20063,36337,11,0,7,24249427296263
20064,36337,12,0,0,26388321009671
20065,36337,12,0,1,26396910944263
20066,36337,12,0,2,26405500878855
20067,36337,12,0,3,26414090813447
20068,36337,12,0,4,26422680748039
20069,36337,12,0,5,26431270682631
20070,36337,12,0,6,26439860617223
20071,36337,12,0,7,26448450551815
20072,36337,13,0,0,28587344265223
20073,36337,13,0,1,28595934199815
20074,36337,13,0,2,28604524134407
20075,36337,13,0,3,28613114068999
20076,36337,13,0,4,28621704003591
20077,36337,13,0,5,28630293938183
20078,36337,13,0,6,28638883872775
20079,36337,13,0,7,28647473807367
20080,36337,14,0,0,30786367520775
20081,36337,14,0,1,30794957455367
20082,36337,14,0,2,30803547389959
20083,36337,14,0,3,30812137324551
20084,36337,14,0,4,30820727259143
20085,36337,14,0,5,30829317193735
20086,36337,14,0,6,30837907128327
20087,36337,14,0,7,30846497062919
20088,36337,15,0,0,32985390776327
20089,36337,15,0,1,32993980710919
20090,36337,15,0,2,33002570645511
20091,36337,15,0,3,33011160580103
20092,36337,15,0,4,33019750514695
20093,36337,15,0,5,33028340449287
20094,36337,15,0,6,33036930383879
20095,36337,15,0,7,33045520318471
20096,36337,16,0,0,35184414031879
20097,36337,16,0,1,35193003966471
20098,36337,16,0,2,35201593901063
20099,36337,16,0,3,35210183835655
20100,36337,16,0,4,35218773770247
20101,36337,16,0,5,35227363704839
20102,36337,16,0,6,35235953639431
20103,36337,16,0,7,35244543574023
20104,36337,17,0,0,37383437287431
20105,36337,17,0,1,37392027222023
20106,36337,17,0,2,37400617156615
20107,36337,17,0,3,37409207091207
20108,36337,17,0,4,37417797025799
20109,36337,17,0,5,37426386960391
20110,36337,17,0,6,37434976894983
20111,36337,17,0,7,37443566829575
20112,36337,18,0,0,39582460542983
20113,36337,18,0,1,39591050477575
20114,36337,18,0,2,39599640412167
20115,36337,18,0,3,39608230346759
20116,36337,18,0,4,39616820281351
20117,36337,18,0,5,39625410215943
20118,36337,18,0,6,39634000150535
20119,36337,18,0,7,39642590085127
20120,36337,19,0,0,41781483798535
20121,36337,19,0,1,41790073733127
20122,36337,19,0,2,41798663667719
20123,36337,19,0,3,41807253602311
20124,36337,19,0,4,41815843536903
20125,36337,19,0,5,41824433471495
20126,36337,19,0,6,41833023406087
20127,36337,19,0,7,41841613340679
20128,36337,20,0,0,43980507054087
20129,36337,20,0,1,43989096988679
20130,36337,20,0,2,43997686923271
20131,36337,20,0,3,44006276857863
20132,36337,20,0,4,44014866792455
20133,36337,20,0,5,44023456727047
20134,36337,20,0,6,44032046661639
20135,36337,20,0,7,44040636596231
20136,36337,21,0,0,46179530309639
20137,36337,21,0,1,46188120244231
20138,36337,21,0,2,46196710178823
20139,36337,21,0,3,46205300113415
20140,36337,21,0,4,46213890048007
20141,36337,21,0,5,46222479982599
20142,36337,21,0,6,46231069917191
20143,36337,21,0,7,46239659851783
20144,36337,22,0,0,48378553565191
20145,36337,22,0,1,48387143499783
20146,36337,22,0,2,48395733434375
20147,36337,22,0,3,48404323368967
20148,36337,22,0,4,48412913303559
20149,36337,22,0,5,48421503238151
20150,36337,22,0,6,48430093172743
20151,36337,22,0,7,48438683107335
20152,36337,23,0,0,50577576820743
20153,36337,23,0,1,50586166755335
20154,36337,23,0,2,50594756689927
20155,36337,23,0,3,50603346624519
20156,36337,23,0,4,50611936559111
20157,36337,23,0,5,50620526493703
20158,36337,23,0,6,50629116428295
20159,36337,23,0,7,50637706362887
20160,36337,24,0,0,52776600076295
20161,36337,24,0,1,52785190010887
20162,36337,24,0,2,52793779945479
20163,36337,24,0,3,52802369880071
20164,36337,24,0,4,52810959814663
20165,36337,24,0,5,52819549749255
20166,36337,24,0,6,52828139683847
20167,36337,24,0,7,52836729618439
20168,36337,25,0,0,54975623331847
20169,36337,25,0,1,54984213266439
20170,36337,25,0,2,54992803201031
20171,36337,25,0,3,55001393135623
20172,36337,25,0,4,55009983070215
20173,36337,25,0,5,55018573004807
20174,36337,25,0,6,55027162939399
20175,36337,25,0,7,55035752873991
20176,36337,26,0,0,57174646587399
20177,36337,26,0,1,57183236521991
20178,36337,26,0,2,57191826456583
20179,36337,26,0,3,57200416391175
20180,36337,26,0,4,57209006325767
20181,36337,26,0,5,57217596260359
20182,36337,26,0,6,57226186194951
20183,36337,26,0,7,57234776129543
20184,36337,27,0,0,59373669842951
20185,36337,27,0,1,59382259777543
20186,36337,27,0,2,59390849712135
20187,36337,27,0,3,59399439646727
20188,36337,27,0,4,59408029581319
20189,36337,27,0,5,59416619515911
20190,36337,27,0,6,59425209450503
20191,36337,27,0,7,59433799385095
20192,36337,28,0,0,61572693098503
20193,36337,28,0,1,61581283033095
20194,36337,28,0,2,61589872967687
20195,36337,28,0,3,61598462902279
20196,36337,28,0,4,61607052836871
20197,36337,28,0,5,61615642771463
20198,36337,28,0,6,61624232706055
20199,36337,28,0,7,61632822640647
20200,36337,29,0,0,63771716354055
20201,36337,29,0,1,63780306288647
20202,36337,29,0,2,63788896223239
20203,36337,29,0,3,63797486157831
20204,36337,29,0,4,63806076092423
20205,36337,29,0,5,63814666027015
20206,36337,29,0,6,63823255961607
20207,36337,29,0,7,63831845896199
20208,36337,30,0,0,65970739609607
20209,36337,30,0,1,65979329544199
20210,36337,30,0,2,65987919478791
20211,36337,30,0,3,65996509413383
20212,36337,30,0,4,66005099347975
20213,36337,30,0,5,66013689282567
20214,36337,30,0,6,66022279217159
20215,36337,30,0,7,66030869151751
20216,36337,31,0,0,68169762865159
20217,36337,31,0,1,68178352799751
20218,36337,31,0,2,68186942734343
20219,36337,31,0,3,68195532668935
20220,36337,31,0,4,68204122603527
20221,36337,31,0,5,68212712538119
20222,36337,31,0,6,68221302472711
20223,36337,31,0,7,68229892407303
20224,36337,32,0,0,70368786120711
20225,36337,32,0,1,70377376055303
20226,36337,32,0,2,70385965989895
20227,36337,32,0,3,70394555924487
20228,36337,32,0,4,70403145859079
20229,36337,32,0,5,70411735793671
20230,36337,32,0,6,70420325728263
20231,36337,32,0,7,70428915662855
20232,36337,33,0,0,72567809376263
20233,36337,33,0,1,72576399310855
20234,36337,33,0,2,72584989245447
20235,36337,33,0,3,72593579180039
20236,36337,33,0,4,72602169114631
20237,36337,33,0,5,72610759049223
20238,36337,33,0,6,72619348983815
20239,36337,33,0,7,72627938918407
20240,36337,34,0,0,74766832631815
20241,36337,34,0,1,74775422566407
20242,36337,34,0,2,74784012500999
20243,36337,34,0,3,74792602435591
20244,36337,34,0,4,74801192370183
20245,36337,34,0,5,74809782304775
20246,36337,34,0,6,74818372239367
20247,36337,34,0,7,74826962173959
20248,36337,35,0,0,76965855887367
20249,36337,35,0,1,76974445821959
20250,36337,35,0,2,76983035756551
20251,36337,35,0,3,76991625691143
20252,36337,35,0,4,77000215625735
20253,36337,35,0,5,77008805560327
20254,36337,35,0,6,77017395494919
20255,36337,35,0,7,77025985429511
20256,36337,36,0,0,79164879142919
20257,36337,36,0,1,79173469077511
20258,36337,36,0,2,79182059012103
20259,36337,36,0,3,79190648946695
20260,36337,36,0,4,79199238881287
20261,36337,36,0,5,79207828815879
20262,36337,36,0,6,79216418750471
20263,36337,36,0,7,79225008685063
20264,36337,37,0,0,81363902398471
20265,36337,37,0,1,81372492333063
20266,36337,37,0,2,81381082267655
20267,36337,37,0,3,81389672202247
20268,36337,37,0,4,81398262136839
20269,36337,37,0,5,81406852071431
20270,36337,37,0,6,81415442006023
20271,36337,37,0,7,81424031940615
20272,36337,38,0,0,83562925654023
20273,36337,38,0,1,83571515588615
20274,36337,38,0,2,83580105523207
20275,36337,38,0,3,83588695457799
20276,36337,38,0,4,83597285392391
20277,36337,38,0,5,83605875326983
20278,36337,38,0,6,83614465261575
20279,36337,38,0,7,83623055196167
20280,36337,39,0,0,85761948909575
20281,36337,39,0,1,85770538844167
20282,36337,39,0,2,85779128778759
20283,36337,39,0,3,85787718713351
20284,36337,39,0,4,85796308647943
20285,36337,39,0,5,85804898582535
20286,36337,39,0,6,85813488517127
20287,36337,39,0,7,85822078451719
20288,36337,40,0,0,87960972165127
20289,36337,40,0,1,87969562099719
20290,36337,40,0,2,87978152034311
20291,36337,40,0,3,87986741968903
20292,36337,40,0,4,87995331903495
20293,36337,40,0,5,88003921838087
20294,36337,40,0,6,88012511772679
20295,36337,40,0,7,88021101707271
20296,36337,41,0,0,90159995420679
20297,36337,41,0,1,90168585355271
20298,36337,41,0,2,90177175289863
20299,36337,41,0,3,90185765224455
20300,36337,41,0,4,90194355159047
20301,36337,41,0,5,90202945093639
20302,36337,41,0,6,90211535028231
20303,36337,41,0,7,90220124962823
20304,36337,42,0,0,92359018676231
20305,36337,42,0,1,92367608610823
20306,36337,42,0,2,92376198545415
20307,36337,42,0,3,92384788480007
20308,36337,42,0,4,92393378414599
20309,36337,42,0,5,92401968349191
20310,36337,42,0,6,92410558283783
20311,36337,42,0,7,92419148218375
20312,36337,43,0,0,94558041931783
20313,36337,43,0,1,94566631866375
20314,36337,43,0,2,94575221800967
20315,36337,43,0,3,94583811735559
20316,36337,43,0,4,94592401670151
20317,36337,43,0,5,94600991604743
20318,36337,43,0,6,94609581539335
20319,36337,43,0,7,94618171473927
20320,36337,44,0,0,96757065187335
20321,36337,44,0,1,96765655121927
20322,36337,44,0,2,96774245056519
20323,36337,44,0,3,96782834991111
20324,36337,44,0,4,96791424925703
20325,36337,44,0,5,96800014860295
20326,36337,44,0,6,96808604794887
20327,36337,44,0,7,96817194729479
20328,36337,45,0,0,98956088442887
20329,36337,45,0,1,98964678377479
20330,36337,45,0,2,98973268312071
20331,36337,45,0,3,98981858246663
20332,36337,45,0,4,98990448181255
20333,36337,45,0,5,98999038115847
20334,36337,45,0,6,99007628050439
20335,36337,45,0,7,99016217985031
20336,36337,46,0,0,101155111698439
20337,36337,46,0,1,101163701633031
20338,36337,46,0,2,101172291567623
20339,36337,46,0,3,101180881502215
20340,36337,46,0,4,101189471436807
20341,36337,46,0,5,101198061371399
20342,36337,46,0,6,101206651305991
20343,36337,46,0,7,101215241240583
20344,36337,47,0,0,103354134953991
20345,36337,47,0,1,103362724888583
20346,36337,47,0,2,103371314823175
20347,36337,47,0,3,103379904757767
20348,36337,47,0,4,103388494692359
20349,36337,47,0,5,103397084626951
20350,36337,47,0,6,103405674561543
20351,36337,47,0,7,103414264496135
20352,36337,48,0,0,105553158209543
20353,36337,48,0,1,105561748144135
20354,36337,48,0,2,105570338078727
20355,36337,48,0,3,105578928013319
20356,36337,48,0,4,105587517947911
20357,36337,48,0,5,105596107882503
20358,36337,48,0,6,105604697817095
20359,36337,48,0,7,105613287751687
20360,36337,49,0,0,107752181465095
20361,36337,49,0,1,107760771399687
20362,36337,49,0,2,107769361334279
20363,36337,49,0,3,107777951268871
20364,36337,49,0,4,107786541203463
20365,36337,49,0,5,107795131138055
20366,36337,49,0,6,107803721072647
20367,36337,49,0,7,107812311007239
20368,36337,50,0,0,109951204720647
20369,36337,50,0,1,109959794655239
20370,36337,50,0,2,109968384589831
20371,36337,50,0,3,109976974524423
20372,36337,50,0,4,109985564459015
20373,36337,50,0,5,109994154393607
20374,36337,50,0,6,110002744328199
20375,36337,50,0,7,110011334262791
20376,36337,51,0,0,112150227976199
20377,36337,51,0,1,112158817910791
20378,36337,51,0,2,112167407845383
20379,36337,51,0,3,112175997779975
20380,36337,51,0,4,112184587714567
20381,36337,51,0,5,112193177649159
20382,36337,51,0,6,112201767583751
20383,36337,51,0,7,112210357518343
20384,36337,52,0,0,114349251231751
20385,36337,52,0,1,114357841166343
20386,36337,52,0,2,114366431100935
20387,36337,52,0,3,114375021035527
20388,36337,52,0,4,114383610970119
20389,36337,52,0,5,114392200904711
20390,36337,52,0,6,114400790839303
20391,36337,52,0,7,114409380773895
20392,36337,53,0,0,116548274487303
20393,36337,53,0,1,116556864421895
20394,36337,53,0,2,116565454356487
20395,36337,53,0,3,116574044291079
20396,36337,53,0,4,116582634225671
20397,36337,53,0,5,116591224160263
20398,36337,53,0,6,116599814094855
20399,36337,53,0,7,116608404029447
20400,36337,54,0,0,118747297742855
20401,36337,54,0,1,118755887677447
20402,36337,54,0,2,118764477612039
20403,36337,54,0,3,118773067546631
20404,36337,54,0,4,118781657481223
20405,36337,54,0,5,118790247415815
20406,36337,54,0,6,118798837350407
20407,36337,54,0,7,118807427284999
20408,36337,55,0,0,120946320998407
20409,36337,55,0,1,120954910932999
20410,36337,55,0,2,120963500867591
20411,36337,55,0,3,120972090802183
20412,36337,55,0,4,120980680736775
20413,36337,55,0,5,120989270671367
20414,36337,55,0,6,120997860605959
20415,36337,55,0,7,121006450540551
20416,36337,56,0,0,123145344253959
20417,36337,56,0,1,123153934188551
20418,36337,56,0,2,123162524123143
20419,36337,56,0,3,123171114057735
20420,36337,56,0,4,123179703992327
20421,36337,56,0,5,123188293926919
20422,36337,56,0,6,123196883861511
20423,36337,56,0,7,123205473796103
20424,36337,57,0,0,125344367509511
20425,36337,57,0,1,125352957444103
20426,36337,57,0,2,125361547378695
20427,36337,57,0,3,125370137313287
20428,36337,57,0,4,125378727247879
20429,36337,57,0,5,125387317182471
20430,36337,57,0,6,125395907117063
20431,36337,57,0,7,125404497051655
20432,36337,58,0,0,127543390765063
20433,36337,58,0,1,127551980699655
20434,36337,58,0,2,127560570634247
20435,36337,58,0,3,127569160568839
20436,36337,58,0,4,127577750503431
20437,36337,58,0,5,127586340438023
20438,36337,58,0,6,127594930372615
20439,36337,58,0,7,127603520307207
20440,36337,59,0,0,129742414020615
20441,36337,59,0,1,129751003955207
20442,36337,59,0,2,129759593889799
20443,36337,59,0,3,129768183824391
20444,36337,59,0,4,129776773758983
20445,36337,59,0,5,129785363693575
20446,36337,59,0,6,129793953628167
20447,36337,59,0,7,129802543562759
20448,36337,60,0,0,131941437276167
20449,36337,60,0,1,131950027210759
20450,36337,60,0,2,131958617145351
20451,36337,60,0,3,131967207079943
20452,36337,60,0,4,131975797014535
20453,36337,60,0,5,131984386949127
20454,36337,60,0,6,131992976883719
20455,36337,60,0,7,132001566818311
20456,36337,61,0,0,134140460531719
20457,36337,61,0,1,134149050466311
20458,36337,61,0,2,134157640400903
20459,36337,61,0,3,134166230335495
20460,36337,61,0,4,134174820270087
20461,36337,61,0,5,134183410204679
20462,36337,61,0,6,134192000139271
20463,36337,61,0,7,134200590073863
20464,36337,62,0,0,136339483787271
20465,36337,62,0,1,136348073721863
20466,36337,62,0,2,136356663656455
20467,36337,62,0,3,136365253591047
20468,36337,62,0,4,136373843525639
20469,36337,62,0,5,136382433460231
20470,36337,62,0,6,136391023394823
20471,36337,62,0,7,136399613329415
20472,36337,63,0,0,138538507042823
20473,36337,63,0,1,138547096977415
20474,36337,63,0,2,138555686912007
20475,36337,63,0,3,138564276846599
20476,36337,63,0,4,138572866781191
20477,36337,63,0,5,138581456715783
20478,36337,63,0,6,138590046650375
20479,36337,63,0,7,138598636584967
20480,36440,0,0,0,4336910336
20481,36440,0,0,1,12926844928
20482,36440,0,0,2,21516779520
20483,36440,0,0,3,30106714112
20484,36440,0,0,4,38696648704
20485,36440,0,0,5,47286583296
20486,36440,0,0,6,55876517888
20487,36440,0,0,7,64466452480
20488,36440,1,0,0,2203360165888
20489,36440,1,0,1,2211950100480
20490,36440,1,0,2,2220540035072
20491,36440,1,0,3,2229129969664
20492,36440,1,0,4,2237719904256
20493,36440,1,0,5,2246309838848
20494,36440,1,0,6,2254899773440
20495,36440,1,0,7,2263489708032
20496,36440,2,0,0,4402383421440
20497,36440,2,0,1,4410973356032
20498,36440,2,0,2,4419563290624
20499,36440,2,0,3,4428153225216
20500,36440,2,0,4,4436743159808
20501,36440,2,0,5,4445333094400
20502,36440,2,0,6,4453923028992
20503,36440,2,0,7,4462512963584
20504,36440,3,0,0,6601406676992
20505,36440,3,0,1,6609996611584
20506,36440,3,0,2,6618586546176
20507,36440,3,0,3,6627176480768
20508,36440,3,0,4,6635766415360
20509,36440,3,0,5,6644356349952
20510,36440,3,0,6,6652946284544
20511,36440,3,0,7,6661536219136
20512,36440,4,0,0,8800429932544
20513,36440,4,0,1,8809019867136
20514,36440,4,0,2,8817609801728
20515,36440,4,0,3,8826199736320
20516,36440,4,0,4,8834789670912
20517,36440,4,0,5,8843379605504
20518,36440,4,0,6,8851969540096
20519,36440,4,0,7,8860559474688
20520,36440,5,0,0,10999453188096
20521,36440,5,0,1,11008043122688
20522,36440,5,0,2,11016633057280
20523,36440,5,0,3,11025222991872
20524,36440,5,0,4,11033812926464
20525,36440,5,0,5,11042402861056
20526,36440,5,0,6,11050992795648
20527,36440,5,0,7,11059582730240
20528,36440,6,0,0,13198476443648
20529,36440,6,0,1,13207066378240
20530,36440,6,0,2,13215656312832
20531,36440,6,0,3,13224246247424
20532,36440,6,0,4,13232836182016
20533,36440,6,0,5,13241426116608
20534,36440,6,0,6,13250016051200
20535,36440,6,0,7,13258605985792
20536,36440,7,0,0,15397499699200
20537,36440,7,0,1,15406089633792
20538,36440,7,0,2,15414679568384
20539,36440,7,0,3,15423269502976
20540,36440,7,0,4,15431859437568
20541,36440,7,0,5,15440449372160
20542,36440,7,0,6,15449039306752
20543,36440,7,0,7,15457629241344
20544,36440,8,0,0,17596522954752
20545,36440,8,0,1,17605112889344
20546,36440,8,0,2,17613702823936
20547,36440,8,0,3,17622292758528
20548,36440,8,0,4,17630882693120
20549,36440,8,0,5,17639472627712
20550,36440,8,0,6,17648062562304
20551,36440,8,0,7,17656652496896
20552,36440,9,0,0,19795546210304
20553,36440,9,0,1,19804136144896
20554,36440,9,0,2,19812726079488
20555,36440,9,0,3,19821316014080
20556,36440,9,0,4,19829905948672
20557,36440,9,0,5,19838495883264
20558,36440,9,0,6,19847085817856
20559,36440,9,0,7,19855675752448
20560,36440,10,0,0,21994569465856
20561,36440,10,0,1,22003159400448
20562,36440,10,0,2,22011749335040
20563,36440,10,0,3,22020339269632
20564,36440,10,0,4,22028929204224
20565,36440,10,0,5,22037519138816
20566,36440,10,0,6,22046109073408
20567,36440,10,0,7,22054699008000
20568,36440,11,0,0,24193592721408
20569,36440,11,0,1,24202182656000
20570,36440,11,0,2,24210772590592
20571,36440,11,0,3,24219362525184
20572,36440,11,0,4,24227952459776
20573,36440,11,0,5,24236542394368
20574,36440,11,0,6,24245132328960
20575,36440,11,0,7,24253722263552
20576,36440,12,0,0,26392615976960
20577,36440,12,0,1,26401205911552
20578,36440,12,0,2,26409795846144
20579,36440,12,0,3,26418385780736
20580,36440,12,0,4,26426975715328
20581,36440,12,0,5,26435565649920
20582,36440,12,0,6,26444155584512
20583,36440,12,0,7,26452745519104
20584,36440,13,0,0,28591639232512
20585,36440,13,0,1,28600229167104
20586,36440,13,0,2,28608819101696
20587,36440,13,0,3,28617409036288
20588,36440,13,0,4,28625998970880
20589,36440,13,0,5,28634588905472
20590,36440,13,0,6,28643178840064
20591,36440,13,0,7,28651768774656
20592,36440,14,0,0,30790662488064
20593,36440,14,0,1,30799252422656
20594,36440,14,0,2,30807842357248
20595,36440,14,0,3,30816432291840
20596,36440,14,0,4,30825022226432
20597,36440,14,0,5,30833612161024
20598,36440,14,0,6,30842202095616
20599,36440,14,0,7,30850792030208
20600,36440,15,0,0,32989685743616
20601,36440,15,0,1,32998275678208
20602,36440,15,0,2,33006865612800
20603,36440,15,0,3,33015455547392
20604,36440,15,0,4,33024045481984
20605,36440,15,0,5,33032635416576
20606,36440,15,0,6,33041225351168
20607,36440,15,0,7,33049815285760
20608,36440,16,0,0,35188708999168
20609,36440,16,0,1,35197298933760
20610,36440,16,0,2,35205888868352
20611,36440,16,0,3,35214478802944
20612,36440,16,0,4,35223068737536
20613,36440,16,0,5,35231658672128
20614,36440,16,0,6,35240248606720
20615,36440,16,0,7,35248838541312
20616,36440,17,0,0,37387732254720
20617,36440,17,0,1,37396322189312
20618,36440,17,0,2,37404912123904
20619,36440,17,0,3,37413502058496
20620,36440,17,0,4,37422091993088
20621,36440,17,0,5,37430681927680
20622,36440,17,0,6,37439271862272
20623,36440,17,0,7,37447861796864
20624,36440,18,0,0,39586755510272
20625,36440,18,0,1,39595345444864
20626,36440,18,0,2,39603935379456
20627,36440,18,0,3,39612525314048
20628,36440,18,0,4,39621115248640
20629,36440,18,0,5,39629705183232
20630,36440,18,0,6,39638295117824
20631,36440,18,0,7,39646885052416
20632,36440,19,0,0,41785778765824
20633,36440,19,0,1,41794368700416
20634,36440,19,0,2,41802958635008
20635,36440,19,0,3,41811548569600
20636,36440,19,0,4,41820138504192
20637,36440,19,0,5,41828728438784
20638,36440,19,0,6,41837318373376
20639,36440,19,0,7,41845908307968
20640,36440,20,0,0,43984802021376
20641,36440,20,0,1,43993391955968
20642,36440,20,0,2,44001981890560
20643,36440,20,0,3,44010571825152
20644,36440,20,0,4,44019161759744
20645,36440,20,0,5,44027751694336
20646,36440,20,0,6,44036341628928
20647,36440,20,0,7,44044931563520
20648,36440,21,0,0,46183825276928
20649,36440,21,0,1,46192415211520
20650,36440,21,0,2,46201005146112
20651,36440,21,0,3,46209595080704
20652,36440,21,0,4,46218185015296
20653,36440,21,0,5,46226774949888
20654,36440,21,0,6,46235364884480
20655,36440,21,0,7,46243954819072
20656,36440,22,0,0,48382848532480
20657,36440,22,0,1,48391438467072
20658,36440,22,0,2,48400028401664
20659,36440,22,0,3,48408618336256
20660,36440,22,0,4,48417208270848
20661,36440,22,0,5,48425798205440
20662,36440,22,0,6,48434388140032
20663,36440,22,0,7,48442978074624
20664,36440,23,0,0,50581871788032
20665,36440,23,0,1,50590461722624
20666,36440,23,0,2,50599051657216
20667,36440,23,0,3,50607641591808
20668,36440,23,0,4,50616231526400
20669,36440,23,0,5,50624821460992
20670,36440,23,0,6,50633411395584
20671,36440,23,0,7,50642001330176
20672,36440,24,0,0,52780895043584
20673,36440,24,0,1,52789484978176
20674,36440,24,0,2,52798074912768
20675,36440,24,0,3,52806664847360
20676,36440,24,0,4,52815254781952
20677,36440,24,0,5,52823844716544
20678,36440,24,0,6,52832434651136
20679,36440,24,0,7,52841024585728
20680,36440,25,0,0,54979918299136
20681,36440,25,0,1,54988508233728
20682,36440,25,0,2,54997098168320
20683,36440,25,0,3,55005688102912
20684,36440,25,0,4,55014278037504
20685,36440,25,0,5,55022867972096
20686,36440,25,0,6,55031457906688
20687,36440,25,0,7,55040047841280
20688,36440,26,0,0,57178941554688
20689,36440,26,0,1,57187531489280
20690,36440,26,0,2,57196121423872
20691,36440,26,0,3,57204711358464
20692,36440,26,0,4,57213301293056
20693,36440,26,0,5,57221891227648
20694,36440,26,0,6,57230481162240
20695,36440,26,0,7,57239071096832
20696,36440,27,0,0,59377964810240
20697,36440,27,0,1,59386554744832
20698,36440,27,0,2,59395144679424
20699,36440,27,0,3,59403734614016
20700,36440,27,0,4,59412324548608
20701,36440,27,0,5,59420914483200
20702,36440,27,0,6,59429504417792
20703,36440,27,0,7,59438094352384
20704,36440,28,0,0,61576988065792
20705,36440,28,0,1,61585578000384
20706,36440,28,0,2,61594167934976
20707,36440,28,0,3,61602757869568
20708,36440,28,0,4,61611347804160
20709,36440,28,0,5,61619937738752
20710,36440,28,0,6,61628527673344
20711,36440,28,0,7,61637117607936
20712,36440,29,0,0,63776011321344
20713,36440,29,0,1,63784601255936
20714,36440,29,0,2,63793191190528
20715,36440,29,0,3,63801781125120
20716,36440,29,0,4,63810371059712
20717,36440,29,0,5,63818960994304
20718,36440,29,0,6,63827550928896
20719,36440,29,0,7,63836140863488
20720,36440,30,0,0,65975034576896
20721,36440,30,0,1,65983624511488
20722,36440,30,0,2,65992214446080
20723,36440,30,0,3,66000804380672
20724,36440,30,0,4,66009394315264
20725,36440,30,0,5,66017984249856
20726,36440,30,0,6,66026574184448
20727,36440,30,0,7,66035164119040
20728,36440,31,0,0,68174057832448
20729,36440,31,0,1,68182647767040
20730,36440,31,0,2,68191237701632
20731,36440,31,0,3,68199827636224
20732,36440,31,0,4,68208417570816
20733,36440,31,0,5,68217007505408
20734,36440,31,0,6,68225597440000
20735,36440,31,0,7,68234187374592
20736,36440,32,0,0,70373081088000
20737,36440,32,0,1,70381671022592
20738,36440,32,0,2,70390260957184
20739,36440,32,0,3,70398850891776
20740,36440,32,0,4,70407440826368
20741,36440,32,0,5,70416030760960
20742,36440,32,0,6,70424620695552
20743,36440,32,0,7,70433210630144
20744,36440,33,0,0,72572104343552
20745,36440,33,0,1,72580694278144
20746,36440,33,0,2,72589284212736
20747,36440,33,0,3,72597874147328
20748,36440,33,0,4,72606464081920
20749,36440,33,0,5,72615054016512
20750,36440,33,0,6,72623643951104
20751,36440,33,0,7,72632233885696
20752,36440,34,0,0,74771127599104
20753,36440,34,0,1,74779717533696
20754,36440,34,0,2,74788307468288
20755,36440,34,0,3,74796897402880
20756,36440,34,0,4,74805487337472
20757,36440,34,0,5,74814077272064
20758,36440,34,0,6,74822667206656
20759,36440,34,0,7,74831257141248
20760,36440,35,0,0,76970150854656
20761,36440,35,0,1,76978740789248
20762,36440,35,0,2,76987330723840
20763,36440,35,0,3,76995920658432
20764,36440,35,0,4,77004510593024
20765,36440,35,0,5,77013100527616
20766,36440,35,0,6,77021690462208
20767,36440,35,0,7,77030280396800
20768,36440,36,0,0,79169174110208
20769,36440,36,0,1,79177764044800
20770,36440,36,0,2,79186353979392
20771,36440,36,0,3,79194943913984
20772,36440,36,0,4,79203533848576
20773,36440,36,0,5,79212123783168
20774,36440,36,0,6,79220713717760
20775,36440,36,0,7,79229303652352
20776,36440,37,0,0,81368197365760
20777,36440,37,0,1,81376787300352
20778,36440,37,0,2,81385377234944
20779,36440,37,0,3,81393967169536
20780,36440,37,0,4,81402557104128
20781,36440,37,0,5,81411147038720
20782,36440,37,0,6,81419736973312
20783,36440,37,0,7,81428326907904
20784,36440,38,0,0,83567220621312
20785,36440,38,0,1,83575810555904
20786,36440,38,0,2,83584400490496
20787,36440,38,0,3,83592990425088
20788,36440,38,0,4,83601580359680
20789,36440,38,0,5,83610170294272
20790,36440,38,0,6,83618760228864
20791,36440,38,0,7,83627350163456
20792,36440,39,0,0,85766243876864
20793,36440,39,0,1,85774833811456
20794,36440,39,0,2,85783423746048
20795,36440,39,0,3,85792013680640
20796,36440,39,0,4,85800603615232
20797,36440,39,0,5,85809193549824
20798,36440,39,0,6,85817783484416
20799,36440,39,0,7,85826373419008
20800,36440,40,0,0,87965267132416
20801,36440,40,0,1,87973857067008
20802,36440,40,0,2,87982447001600
20803,36440,40,0,3,87991036936192
20804,36440,40,0,4,87999626870784
20805,36440,40,0,5,88008216805376
20806,36440,40,0,6,88016806739968
20807,36440,40,0,7,88025396674560
20808,36440,41,0,0,90164290387968
20809,36440,41,0,1,90172880322560
20810,36440,41,0,2,90181470257152
20811,36440,41,0,3,90190060191744
20812,36440,41,0,4,90198650126336
20813,36440,41,0,5,90207240060928
20814,36440,41,0,6,90215829995520
20815,36440,41,0,7,90224419930112
20816,36440,42,0,0,92363313643520
20817,36440,42,0,1,92371903578112
20818,36440,42,0,2,92380493512704
20819,36440,42,0,3,92389083447296
20820,36440,42,0,4,92397673381888
20821,36440,42,0,5,92406263316480
20822,36440,42,0,6,92414853251072
20823,36440,42,0,7,92423443185664
20824,36440,43,0,0,94562336899072
20825,36440,43,0,1,94570926833664
20826,36440,43,0,2,94579516768256
20827,36440,43,0,3,94588106702848
20828,36440,43,0,4,94596696637440
20829,36440,43,0,5,94605286572032
20830,36440,43,0,6,94613876506624
20831,36440,43,0,7,94622466441216
20832,36440,44,0,0,96761360154624
20833,36440,44,0,1,96769950089216
20834,36440,44,0,2,96778540023808
20835,36440,44,0,3,96787129958400
20836,36440,44,0,4,96795719892992
20837,36440,44,0,5,96804309827584
20838,36440,44,0,6,96812899762176
20839,36440,44,0,7,96821489696768
20840,36440,45,0,0,98960383410176
20841,36440,45,0,1,98968973344768
20842,36440,45,0,2,98977563279360
20843,36440,45,0,3,98986153213952
20844,36440,45,0,4,98994743148544
20845,36440,45,0,5,99003333083136
20846,36440,45,0,6,99011923017728
20847,36440,45,0,7,99020512952320
20848,36440,46,0,0,101159406665728
20849,36440,46,0,1,101167996600320
20850,36440,46,0,2,101176586534912
20851,36440,46,0,3,101185176469504
20852,36440,46,0,4,101193766404096
20853,36440,46,0,5,101202356338688
20854,36440,46,0,6,101210946273280
20855,36440,46,0,7,101219536207872
20856,36440,47,0,0,103358429921280
20857,36440,47,0,1,103367019855872
20858,36440,47,0,2,103375609790464
20859,36440,47,0,3,103384199725056
20860,36440,47,0,4,103392789659648
20861,36440,47,0,5,103401379594240
20862,36440,47,0,6,103409969528832
20863,36440,47,0,7,103418559463424
20864,36440,48,0,0,105557453176832
20865,36440,48,0,1,105566043111424
20866,36440,48,0,2,105574633046016
20867,36440,48,0,3,105583222980608
20868,36440,48,0,4,105591812915200
20869,36440,48,0,5,105600402849792
20870,36440,48,0,6,105608992784384
20871,36440,48,0,7,105617582718976
20872,36440,49,0,0,107756476432384
20873,36440,49,0,1,107765066366976
20874,36440,49,0,2,107773656301568
20875,36440,49,0,3,107782246236160
20876,36440,49,0,4,107790836170752
20877,36440,49,0,5,107799426105344
20878,36440,49,0,6,107808016039936
20879,36440,49,0,7,107816605974528
20880,36440,50,0,0,109955499687936
20881,36440,50,0,1,109964089622528
20882,36440,50,0,2,109972679557120
20883,36440,50,0,3,109981269491712
20884,36440,50,0,4,109989859426304
20885,36440,50,0,5,109998449360896
20886,36440,50,0,6,110007039295488
20887,36440,50,0,7,110015629230080
20888,36440,51,0,0,112154522943488
20889,36440,51,0,1,112163112878080
20890,36440,51,0,2,112171702812672
20891,36440,51,0,3,112180292747264
20892,36440,51,0,4,112188882681856
20893,36440,51,0,5,112197472616448
20894,36440,51,0,6,112206062551040
20895,36440,51,0,7,112214652485632
20896,36440,52,0,0,114353546199040
20897,36440,52,0,1,114362136133632
20898,36440,52,0,2,114370726068224
20899,36440,52,0,3,114379316002816
20900,36440,52,0,4,114387905937408
20901,36440,52,0,5,114396495872000
20902,36440,52,0,6,114405085806592
20903,36440,52,0,7,114413675741184
20904,36440,53,0,0,116552569454592
20905,36440,53,0,1,116561159389184
20906,36440,53,0,2,116569749323776
20907,36440,53,0,3,116578339258368
20908,36440,53,0,4,116586929192960
20909,36440,53,0,5,116595519127552
20910,36440,53,0,6,116604109062144
20911,36440,53,0,7,116612698996736
20912,36440,54,0,0,118751592710144
20913,36440,54,0,1,118760182644736
20914,36440,54,0,2,118768772579328
20915,36440,54,0,3,118777362513920
20916,36440,54,0,4,118785952448512
20917,36440,54,0,5,118794542383104
20918,36440,54,0,6,118803132317696
20919,36440,54,0,7,118811722252288
20920,36440,55,0,0,120950615965696
20921,36440,55,0,1,120959205900288
20922,36440,55,0,2,120967795834880
20923,36440,55,0,3,120976385769472
20924,36440,55,0,4,120984975704064
20925,36440,55,0,5,120993565638656
20926,36440,55,0,6,121002155573248
20927,36440,55,0,7,121010745507840
20928,36440,56,0,0,123149639221248
20929,36440,56,0,1,123158229155840
20930,36440,56,0,2,123166819090432
20931,36440,56,0,3,123175409025024
20932,36440,56,0,4,123183998959616
20933,36440,56,0,5,123192588894208
20934,36440,56,0,6,123201178828800
20935,36440,56,0,7,123209768763392
20936,36440,57,0,0,125348662476800
20937,36440,57,0,1,125357252411392
20938,36440,57,0,2,125365842345984
20939,36440,57,0,3,125374432280576
20940,36440,57,0,4,125383022215168
20941,36440,57,0,5,125391612149760
20942,36440,57,0,6,125400202084352
20943,36440,57,0,7,125408792018944
20944,36440,58,0,0,127547685732352
20945,36440,58,0,1,127556275666944
20946,36440,58,0,2,127564865601536
20947,36440,58,0,3,127573455536128
20948,36440,58,0,4,127582045470720
20949,36440,58,0,5,127590635405312
20950,36440,58,0,6,127599225339904
20951,36440,58,0,7,127607815274496
20952,36440,59,0,0,129746708987904
20953,36440,59,0,1,129755298922496
20954,36440,59,0,2,129763888857088
20955,36440,59,0,3,129772478791680
20956,36440,59,0,4,129781068726272
20957,36440,59,0,5,129789658660864
20958,36440,59,0,6,129798248595456
20959,36440,59,0,7,129806838530048
20960,36440,60,0,0,131945732243456
20961,36440,60,0,1,131954322178048
20962,36440,60,0,2,131962912112640
20963,36440,60,0,3,131971502047232
20964,36440,60,0,4,131980091981824
20965,36440,60,0,5,131988681916416
20966,36440,60,0,6,131997271851008
20967,36440,60,0,7,132005861785600
20968,36440,61,0,0,134144755499008
20969,36440,61,0,1,134153345433600
20970,36440,61,0,2,134161935368192
20971,36440,61,0,3,134170525302784
20972,36440,61,0,4,134179115237376
20973,36440,61,0,5,134187705171968
20974,36440,61,0,6,134196295106560
20975,36440,61,0,7,134204885041152
20976,36440,62,0,0,136343778754560
20977,36440,62,0,1,136352368689152
20978,36440,62,0,2,136360958623744
20979,36440,62,0,3,136369548558336
20980,36440,62,0,4,136378138492928
20981,36440,62,0,5,136386728427520
20982,36440,62,0,6,136395318362112
20983,36440,62,0,7,136403908296704
20984,36440,63,0,0,138542802010112
20985,36440,63,0,1,138551391944704
20986,36440,63,0,2,138559981879296
20987,36440,63,0,3,138568571813888
20988,36440,63,0,4,138577161748480
20989,36440,63,0,5,138585751683072
20990,36440,63,0,6,138594341617664
20991,36440,63,0,7,138602931552256
20992,36443,0,0,0,4336910337
20993,36443,0,0,1,12926844929
20994,36443,0,0,2,21516779521
20995,36443,0,0,3,30106714113
20996,36443,0,0,4,38696648705
20997,36443,0,0,5,47286583297
20998,36443,0,0,6,55876517889
20999,36443,0,0,7,64466452481
21000,36443,1,0,0,2203360165889
21001,36443,1,0,1,2211950100481
21002,36443,1,0,2,2220540035073
21003,36443,1,0,3,2229129969665
21004,36443,1,0,4,2237719904257
21005,36443,1,0,5,2246309838849
21006,36443,1,0,6,2254899773441
21007,36443,1,0,7,2263489708033
21008,36443,2,0,0,4402383421441
21009,36443,2,0,1,4410973356033
21010,36443,2,0,2,4419563290625
21011,36443,2,0,3,4428153225217
21012,36443,2,0,4,4436743159809
21013,36443,2,0,5,4445333094401
21014,36443,2,0,6,4453923028993
21015,36443,2,0,7,4462512963585
21016,36443,3,0,0,6601406676993
21017,36443,3,0,1,6609996611585
21018,36443,3,0,2,6618586546177
21019,36443,3,0,3,6627176480769
21020,36443,3,0,4,6635766415361
21021,36443,3,0,5,6644356349953
21022,36443,3,0,6,6652946284545
21023,36443,3,0,7,6661536219137
21024,36443,4,0,0,8800429932545
21025,36443,4,0,1,8809019867137
21026,36443,4,0,2,8817609801729
21027,36443,4,0,3,8826199736321
21028,36443,4,0,4,8834789670913
21029,36443,4,0,5,8843379605505
21030,36443,4,0,6,8851969540097
21031,36443,4,0,7,8860559474689
21032,36443,5,0,0,10999453188097
21033,36443,5,0,1,11008043122689
21034,36443,5,0,2,11016633057281
21035,36443,5,0,3,11025222991873
21036,36443,5,0,4,11033812926465
21037,36443,5,0,5,11042402861057
21038,36443,5,0,6,11050992795649
21039,36443,5,0,7,11059582730241
21040,36443,6,0,0,13198476443649
21041,36443,6,0,1,13207066378241
21042,36443,6,0,2,13215656312833
21043,36443,6,0,3,13224246247425
21044,36443,6,0,4,13232836182017
21045,36443,6,0,5,13241426116609
21046,36443,6,0,6,13250016051201
21047,36443,6,0,7,13258605985793
21048,36443,7,0,0,15397499699201
21049,36443,7,0,1,15406089633793
21050,36443,7,0,2,15414679568385
21051,36443,7,0,3,15423269502977
21052,36443,7,0,4,15431859437569
21053,36443,7,0,5,15440449372161
21054,36443,7,0,6,15449039306753
21055,36443,7,0,7,15457629241345
21056,36443,8,0,0,17596522954753
21057,36443,8,0,1,17605112889345
21058,36443,8,0,2,17613702823937
21059,36443,8,0,3,17622292758529
21060,36443,8,0,4,17630882693121
21061,36443,8,0,5,17639472627713
21062,36443,8,0,6,17648062562305
21063,36443,8,0,7,17656652496897
21064,36443,9,0,0,19795546210305
21065,36443,9,0,1,19804136144897
21066,36443,9,0,2,19812726079489
21067,36443,9,0,3,19821316014081
21068,36443,9,0,4,19829905948673
21069,36443,9,0,5,19838495883265
21070,36443,9,0,6,19847085817857
21071,36443,9,0,7,19855675752449
21072,36443,10,0,0,21994569465857
21073,36443,10,0,1,22003159400449
21074,36443,10,0,2,22011749335041
21075,36443,10,0,3,22020339269633
21076,36443,10,0,4,22028929204225
21077,36443,10,0,5,22037519138817
21078,36443,10,0,6,22046109073409
21079,36443,10,0,7,22054699008001
21080,36443,11,0,0,24193592721409
21081,36443,11,0,1,24202182656001
21082,36443,11,0,2,24210772590593
21083,36443,11,0,3,24219362525185
21084,36443,11,0,4,24227952459777
21085,36443,11,0,5,24236542394369
21086,36443,11,0,6,24245132328961
21087,36443,11,0,7,24253722263553
21088,36443,12,0,0,26392615976961
21089,36443,12,0,1,26401205911553
21090,36443,12,0,2,26409795846145
21091,36443,12,0,3,26418385780737
21092,36443,12,0,4,26426975715329
21093,36443,12,0,5,26435565649921
21094,36443,12,0,6,26444155584513
21095,36443,12,0,7,26452745519105
21096,36443,13,0,0,28591639232513
21097,36443,13,0,1,28600229167105
21098,36443,13,0,2,28608819101697
21099,36443,13,0,3,28617409036289
21100,36443,13,0,4,28625998970881
21101,36443,13,0,5,28634588905473
21102,36443,13,0,6,28643178840065
21103,36443,13,0,7,28651768774657
21104,36443,14,0,0,30790662488065
21105,36443,14,0,1,30799252422657
21106,36443,14,0,2,30807842357249
21107,36443,14,0,3,30816432291841
21108,36443,14,0,4,30825022226433
21109,36443,14,0,5,30833612161025
21110,36443,14,0,6,30842202095617
21111,36443,14,0,7,30850792030209
21112,36443,15,0,0,32989685743617
21113,36443,15,0,1,32998275678209
21114,36443,15,0,2,33006865612801
21115,36443,15,0,3,33015455547393
21116,36443,15,0,4,33024045481985
21117,36443,15,0,5,33032635416577
21118,36443,15,0,6,33041225351169
21119,36443,15,0,7,33049815285761
21120,36443,16,0,0,35188708999169
21121,36443,16,0,1,35197298933761
21122,36443,16,0,2,35205888868353
21123,36443,16,0,3,35214478802945
21124,36443,16,0,4,35223068737537
21125,36443,16,0,5,35231658672129
21126,36443,16,0,6,35240248606721
21127,36443,16,0,7,35248838541313
21128,36443,17,0,0,37387732254721
21129,36443,17,0,1,37396322189313
21130,36443,17,0,2,37404912123905
21131,36443,17,0,3,37413502058497
21132,36443,17,0,4,37422091993089
21133,36443,17,0,5,37430681927681
21134,36443,17,0,6,37439271862273
21135,36443,17,0,7,37447861796865
21136,36443,18,0,0,39586755510273
21137,36443,18,0,1,39595345444865
21138,36443,18,0,2,39603935379457
21139,36443,18,0,3,39612525314049
21140,36443,18,0,4,39621115248641
21141,36443,18,0,5,39629705183233
21142,36443,18,0,6,39638295117825
21143,36443,18,0,7,39646885052417
21144,36443,19,0,0,41785778765825
21145,36443,19,0,1,41794368700417
21146,36443,19,0,2,41802958635009
21147,36443,19,0,3,41811548569601
21148,36443,19,0,4,41820138504193
21149,36443,19,0,5,41828728438785
21150,36443,19,0,6,41837318373377
21151,36443,19,0,7,41845908307969
21152,36443,20,0,0,43984802021377
21153,36443,20,0,1,43993391955969
21154,36443,20,0,2,44001981890561
21155,36443,20,0,3,44010571825153
21156,36443,20,0,4,44019161759745
21157,36443,20,0,5,44027751694337
21158,36443,20,0,6,44036341628929
21159,36443,20,0,7,44044931563521
21160,36443,21,0,0,46183825276929
21161,36443,21,0,1,46192415211521
21162,36443,21,0,2,46201005146113
21163,36443,21,0,3,46209595080705
21164,36443,21,0,4,46218185015297
21165,36443,21,0,5,46226774949889
21166,36443,21,0,6,46235364884481
21167,36443,21,0,7,46243954819073
21168,36443,22,0,0,48382848532481
21169,36443,22,0,1,48391438467073
21170,36443,22,0,2,48400028401665
21171,36443,22,0,3,48408618336257
21172,36443,22,0,4,48417208270849
21173,36443,22,0,5,48425798205441
21174,36443,22,0,6,48434388140033
21175,36443,22,0,7,48442978074625
21176,36443,23,0,0,50581871788033
21177,36443,23,0,1,50590461722625
21178,36443,23,0,2,50599051657217
21179,36443,23,0,3,50607641591809
21180,36443,23,0,4,50616231526401
21181,36443,23,0,5,50624821460993
21182,36443,23,0,6,50633411395585
21183,36443,23,0,7,50642001330177
21184,36443,24,0,0,52780895043585
21185,36443,24,0,1,52789484978177
21186,36443,24,0,2,52798074912769
21187,36443,24,0,3,52806664847361
21188,36443,24,0,4,52815254781953
21189,36443,24,0,5,52823844716545
21190,36443,24,0,6,52832434651137
21191,36443,24,0,7,52841024585729
21192,36443,25,0,0,54979918299137
21193,36443,25,0,1,54988508233729
21194,36443,25,0,2,54997098168321
21195,36443,25,0,3,55005688102913
21196,36443,25,0,4,55014278037505
21197,36443,25,0,5,55022867972097
21198,36443,25,0,6,55031457906689
21199,36443,25,0,7,55040047841281
21200,36443,26,0,0,57178941554689
21201,36443,26,0,1,57187531489281
21202,36443,26,0,2,57196121423873
21203,36443,26,0,3,57204711358465
21204,36443,26,0,4,57213301293057
21205,36443,26,0,5,57221891227649
21206,36443,26,0,6,57230481162241
21207,36443,26,0,7,57239071096833
21208,36443,27,0,0,59377964810241
21209,36443,27,0,1,59386554744833
21210,36443,27,0,2,59395144679425
21211,36443,27,0,3,59403734614017
21212,36443,27,0,4,59412324548609
21213,36443,27,0,5,59420914483201
21214,36443,27,0,6,59429504417793
21215,36443,27,0,7,59438094352385
21216,36443,28,0,0,61576988065793
21217,36443,28,0,1,61585578000385
21218,36443,28,0,2,61594167934977
21219,36443,28,0,3,61602757869569
21220,36443,28,0,4,61611347804161
21221,36443,28,0,5,61619937738753
21222,36443,28,0,6,61628527673345
21223,36443,28,0,7,61637117607937
21224,36443,29,0,0,63776011321345
21225,36443,29,0,1,63784601255937
21226,36443,29,0,2,63793191190529
21227,36443,29,0,3,63801781125121
21228,36443,29,0,4,63810371059713
21229,36443,29,0,5,63818960994305
21230,36443,29,0,6,63827550928897
21231,36443,29,0,7,63836140863489
21232,36443,30,0,0,65975034576897
21233,36443,30,0,1,65983624511489
21234,36443,30,0,2,65992214446081
21235,36443,30,0,3,66000804380673
21236,36443,30,0,4,66009394315265
21237,36443,30,0,5,66017984249857
21238,36443,30,0,6,66026574184449
21239,36443,30,0,7,66035164119041
21240,36443,31,0,0,68174057832449
21241,36443,31,0,1,68182647767041
21242,36443,31,0,2,68191237701633
21243,36443,31,0,3,68199827636225
21244,36443,31,0,4,68208417570817
21245,36443,31,0,5,68217007505409
21246,36443,31,0,6,68225597440001
21247,36443,31,0,7,68234187374593
21248,36443,32,0,0,70373081088001
21249,36443,32,0,1,70381671022593
21250,36443,32,0,2,70390260957185
21251,36443,32,0,3,70398850891777
21252,36443,32,0,4,70407440826369
21253,36443,32,0,5,70416030760961
21254,36443,32,0,6,70424620695553
21255,36443,32,0,7,70433210630145
21256,36443,33,0,0,72572104343553
21257,36443,33,0,1,72580694278145
21258,36443,33,0,2,72589284212737
21259,36443,33,0,3,72597874147329
21260,36443,33,0,4,72606464081921
21261,36443,33,0,5,72615054016513
21262,36443,33,0,6,72623643951105
21263,36443,33,0,7,72632233885697
21264,36443,34,0,0,74771127599105
21265,36443,34,0,1,74779717533697
21266,36443,34,0,2,74788307468289
21267,36443,34,0,3,74796897402881
21268,36443,34,0,4,74805487337473
21269,36443,34,0,5,74814077272065
21270,36443,34,0,6,74822667206657
21271,36443,34,0,7,74831257141249
21272,36443,35,0,0,76970150854657
21273,36443,35,0,1,76978740789249
21274,36443,35,0,2,76987330723841
21275,36443,35,0,3,76995920658433
21276,36443,35,0,4,77004510593025
21277,36443,35,0,5,77013100527617
21278,36443,35,0,6,77021690462209
21279,36443,35,0,7,77030280396801
21280,36443,36,0,0,79169174110209
21281,36443,36,0,1,79177764044801
21282,36443,36,0,2,79186353979393
21283,36443,36,0,3,79194943913985
21284,36443,36,0,4,79203533848577
21285,36443,36,0,5,79212123783169
21286,36443,36,0,6,79220713717761
21287,36443,36,0,7,79229303652353
21288,36443,37,0,0,81368197365761
21289,36443,37,0,1,81376787300353
21290,36443,37,0,2,81385377234945
21291,36443,37,0,3,81393967169537
21292,36443,37,0,4,81402557104129
21293,36443,37,0,5,81411147038721
21294,36443,37,0,6,81419736973313
21295,36443,37,0,7,81428326907905
21296,36443,38,0,0,83567220621313
21297,36443,38,0,1,83575810555905
21298,36443,38,0,2,83584400490497
21299,36443,38,0,3,83592990425089
21300,36443,38,0,4,83601580359681
21301,36443,38,0,5,83610170294273
21302,36443,38,0,6,83618760228865
21303,36443,38,0,7,83627350163457
21304,36443,39,0,0,85766243876865
21305,36443,39,0,1,85774833811457
21306,36443,39,0,2,85783423746049
21307,36443,39,0,3,85792013680641
21308,36443,39,0,4,85800603615233
21309,36443,39,0,5,85809193549825
21310,36443,39,0,6,85817783484417
21311,36443,39,0,7,85826373419009
21312,36443,40,0,0,87965267132417
21313,36443,40,0,1,87973857067009
21314,36443,40,0,2,87982447001601
21315,36443,40,0,3,87991036936193
21316,36443,40,0,4,87999626870785
21317,36443,40,0,5,88008216805377
21318,36443,40,0,6,88016806739969
21319,36443,40,0,7,88025396674561
21320,36443,41,0,0,90164290387969
21321,36443,41,0,1,90172880322561
21322,36443,41,0,2,90181470257153
21323,36443,41,0,3,90190060191745
21324,36443,41,0,4,90198650126337
21325,36443,41,0,5,90207240060929
21326,36443,41,0,6,90215829995521
21327,36443,41,0,7,90224419930113
21328,36443,42,0,0,92363313643521
21329,36443,42,0,1,92371903578113
21330,36443,42,0,2,92380493512705
21331,36443,42,0,3,92389083447297
21332,36443,42,0,4,92397673381889
21333,36443,42,0,5,92406263316481
21334,36443,42,0,6,92414853251073
21335,36443,42,0,7,92423443185665
21336,36443,43,0,0,94562336899073
21337,36443,43,0,1,94570926833665
21338,36443,43,0,2,94579516768257
21339,36443,43,0,3,94588106702849
21340,36443,43,0,4,94596696637441
21341,36443,43,0,5,94605286572033
21342,36443,43,0,6,94613876506625
21343,36443,43,0,7,94622466441217
21344,36443,44,0,0,96761360154625
21345,36443,44,0,1,96769950089217
21346,36443,44,0,2,96778540023809
21347,36443,44,0,3,96787129958401
21348,36443,44,0,4,96795719892993
21349,36443,44,0,5,96804309827585
21350,36443,44,0,6,96812899762177
21351,36443,44,0,7,96821489696769
21352,36443,45,0,0,98960383410177
21353,36443,45,0,1,98968973344769
21354,36443,45,0,2,98977563279361
21355,36443,45,0,3,98986153213953
21356,36443,45,0,4,98994743148545
21357,36443,45,0,5,99003333083137
21358,36443,45,0,6,99011923017729
21359,36443,45,0,7,99020512952321
21360,36443,46,0,0,101159406665729
21361,36443,46,0,1,101167996600321
21362,36443,46,0,2,101176586534913
21363,36443,46,0,3,101185176469505
21364,36443,46,0,4,101193766404097
21365,36443,46,0,5,101202356338689
21366,36443,46,0,6,101210946273281
21367,36443,46,0,7,101219536207873
21368,36443,47,0,0,103358429921281
21369,36443,47,0,1,103367019855873
21370,36443,47,0,2,103375609790465
21371,36443,47,0,3,103384199725057
21372,36443,47,0,4,103392789659649
21373,36443,47,0,5,103401379594241
21374,36443,47,0,6,103409969528833
21375,36443,47,0,7,103418559463425
21376,36443,48,0,0,105557453176833
21377,36443,48,0,1,105566043111425
21378,36443,48,0,2,105574633046017
21379,36443,48,0,3,105583222980609
21380,36443,48,0,4,105591812915201
21381,36443,48,0,5,105600402849793
21382,36443,48,0,6,105608992784385
21383,36443,48,0,7,105617582718977
21384,36443,49,0,0,107756476432385
21385,36443,49,0,1,107765066366977
21386,36443,49,0,2,107773656301569
21387,36443,49,0,3,107782246236161
21388,36443,49,0,4,107790836170753
21389,36443,49,0,5,107799426105345
21390,36443,49,0,6,107808016039937
21391,36443,49,0,7,107816605974529
21392,36443,50,0,0,109955499687937
21393,36443,50,0,1,109964089622529
21394,36443,50,0,2,109972679557121
21395,36443,50,0,3,109981269491713
21396,36443,50,0,4,109989859426305
21397,36443,50,0,5,109998449360897
21398,36443,50,0,6,110007039295489
21399,36443,50,0,7,110015629230081
21400,36443,51,0,0,112154522943489
21401,36443,51,0,1,112163112878081
21402,36443,51,0,2,112171702812673
21403,36443,51,0,3,112180292747265
21404,36443,51,0,4,112188882681857
21405,36443,51,0,5,112197472616449
21406,36443,51,0,6,112206062551041
21407,36443,51,0,7,112214652485633
21408,36443,52,0,0,114353546199041
21409,36443,52,0,1,114362136133633
21410,36443,52,0,2,114370726068225
21411,36443,52,0,3,114379316002817
21412,36443,52,0,4,114387905937409
21413,36443,52,0,5,114396495872001
21414,36443,52,0,6,114405085806593
21415,36443,52,0,7,114413675741185
21416,36443,53,0,0,116552569454593
21417,36443,53,0,1,116561159389185
21418,36443,53,0,2,116569749323777
21419,36443,53,0,3,116578339258369
21420,36443,53,0,4,116586929192961
21421,36443,53,0,5,116595519127553
21422,36443,53,0,6,116604109062145
21423,36443,53,0,7,116612698996737
21424,36443,54,0,0,118751592710145
21425,36443,54,0,1,118760182644737
21426,36443,54,0,2,118768772579329
21427,36443,54,0,3,118777362513921
21428,36443,54,0,4,118785952448513
21429,36443,54,0,5,118794542383105
21430,36443,54,0,6,118803132317697
21431,36443,54,0,7,118811722252289
21432,36443,55,0,0,120950615965697
21433,36443,55,0,1,120959205900289
21434,36443,55,0,2,120967795834881
21435,36443,55,0,3,120976385769473
21436,36443,55,0,4,120984975704065
21437,36443,55,0,5,120993565638657
21438,36443,55,0,6,121002155573249
21439,36443,55,0,7,121010745507841
21440,36443,56,0,0,123149639221249
21441,36443,56,0,1,123158229155841
21442,36443,56,0,2,123166819090433
21443,36443,56,0,3,123175409025025
21444,36443,56,0,4,123183998959617
21445,36443,56,0,5,123192588894209
21446,36443,56,0,6,123201178828801
21447,36443,56,0,7,123209768763393
21448,36443,57,0,0,125348662476801
21449,36443,57,0,1,125357252411393
21450,36443,57,0,2,125365842345985
21451,36443,57,0,3,125374432280577
21452,36443,57,0,4,125383022215169
21453,36443,57,0,5,125391612149761
21454,36443,57,0,6,125400202084353
21455,36443,57,0,7,125408792018945
21456,36443,58,0,0,127547685732353
21457,36443,58,0,1,127556275666945
21458,36443,58,0,2,127564865601537
21459,36443,58,0,3,127573455536129
21460,36443,58,0,4,127582045470721
21461,36443,58,0,5,127590635405313
21462,36443,58,0,6,127599225339905
21463,36443,58,0,7,127607815274497
21464,36443,59,0,0,129746708987905
21465,36443,59,0,1,129755298922497
21466,36443,59,0,2,129763888857089
21467,36443,59,0,3,129772478791681
21468,36443,59,0,4,129781068726273
21469,36443,59,0,5,129789658660865
21470,36443,59,0,6,129798248595457
21471,36443,59,0,7,129806838530049
21472,36443,60,0,0,131945732243457
21473,36443,60,0,1,131954322178049
21474,36443,60,0,2,131962912112641
21475,36443,60,0,3,131971502047233
21476,36443,60,0,4,131980091981825
21477,36443,60,0,5,131988681916417
21478,36443,60,0,6,131997271851009
21479,36443,60,0,7,132005861785601
21480,36443,61,0,0,134144755499009
21481,36443,61,0,1,134153345433601
21482,36443,61,0,2,134161935368193
21483,36443,61,0,3,134170525302785
21484,36443,61,0,4,134179115237377
21485,36443,61,0,5,134187705171969
21486,36443,61,0,6,134196295106561
21487,36443,61,0,7,134204885041153
21488,36443,62,0,0,136343778754561
21489,36443,62,0,1,136352368689153
21490,36443,62,0,2,136360958623745
21491,36443,62,0,3,136369548558337
21492,36443,62,0,4,136378138492929
21493,36443,62,0,5,136386728427521
21494,36443,62,0,6,136395318362113
21495,36443,62,0,7,136403908296705
21496,36443,63,0,0,138542802010113
21497,36443,63,0,1,138551391944705
21498,36443,63,0,2,138559981879297
21499,36443,63,0,3,138568571813889
21500,36443,63,0,4,138577161748481
21501,36443,63,0,5,138585751683073
21502,36443,63,0,6,138594341617665
21503,36443,63,0,7,138602931552257
21504,36445,0,0,0,4336910338
21505,36445,0,0,1,12926844930
21506,36445,0,0,2,21516779522
21507,36445,0,0,3,30106714114
21508,36445,0,0,4,38696648706
21509,36445,0,0,5,47286583298
21510,36445,0,0,6,55876517890
21511,36445,0,0,7,64466452482
21512,36445,1,0,0,2203360165890
21513,36445,1,0,1,2211950100482
21514,36445,1,0,2,2220540035074
21515,36445,1,0,3,2229129969666
21516,36445,1,0,4,2237719904258
21517,36445,1,0,5,2246309838850
21518,36445,1,0,6,2254899773442
21519,36445,1,0,7,2263489708034
21520,36445,2,0,0,4402383421442
21521,36445,2,0,1,4410973356034
21522,36445,2,0,2,4419563290626
21523,36445,2,0,3,4428153225218
21524,36445,2,0,4,4436743159810
21525,36445,2,0,5,4445333094402
21526,36445,2,0,6,4453923028994
21527,36445,2,0,7,4462512963586
21528,36445,3,0,0,6601406676994
21529,36445,3,0,1,6609996611586
21530,36445,3,0,2,6618586546178
21531,36445,3,0,3,6627176480770
21532,36445,3,0,4,6635766415362
21533,36445,3,0,5,6644356349954
21534,36445,3,0,6,6652946284546
21535,36445,3,0,7,6661536219138
21536,36445,4,0,0,8800429932546
21537,36445,4,0,1,8809019867138
21538,36445,4,0,2,8817609801730
21539,36445,4,0,3,8826199736322
21540,36445,4,0,4,8834789670914
21541,36445,4,0,5,8843379605506
21542,36445,4,0,6,8851969540098
21543,36445,4,0,7,8860559474690
21544,36445,5,0,0,10999453188098
21545,36445,5,0,1,11008043122690
21546,36445,5,0,2,11016633057282
21547,36445,5,0,3,11025222991874
21548,36445,5,0,4,11033812926466
21549,36445,5,0,5,11042402861058
21550,36445,5,0,6,11050992795650
21551,36445,5,0,7,11059582730242
21552,36445,6,0,0,13198476443650
21553,36445,6,0,1,13207066378242
21554,36445,6,0,2,13215656312834
21555,36445,6,0,3,13224246247426
21556,36445,6,0,4,13232836182018
21557,36445,6,0,5,13241426116610
21558,36445,6,0,6,13250016051202
21559,36445,6,0,7,13258605985794
21560,36445,7,0,0,15397499699202
21561,36445,7,0,1,15406089633794
21562,36445,7,0,2,15414679568386
21563,36445,7,0,3,15423269502978
21564,36445,7,0,4,15431859437570
21565,36445,7,0,5,15440449372162
21566,36445,7,0,6,15449039306754
21567,36445,7,0,7,15457629241346
21568,36445,8,0,0,17596522954754
21569,36445,8,0,1,17605112889346
21570,36445,8,0,2,17613702823938
21571,36445,8,0,3,17622292758530
21572,36445,8,0,4,17630882693122
21573,36445,8,0,5,17639472627714
21574,36445,8,0,6,17648062562306
21575,36445,8,0,7,17656652496898
21576,36445,9,0,0,19795546210306
21577,36445,9,0,1,19804136144898
21578,36445,9,0,2,19812726079490
21579,36445,9,0,3,19821316014082
21580,36445,9,0,4,19829905948674
21581,36445,9,0,5,19838495883266
21582,36445,9,0,6,19847085817858
21583,36445,9,0,7,19855675752450
21584,36445,10,0,0,21994569465858
21585,36445,10,0,1,22003159400450
21586,36445,10,0,2,22011749335042
21587,36445,10,0,3,22020339269634
21588,36445,10,0,4,22028929204226
21589,36445,10,0,5,22037519138818
21590,36445,10,0,6,22046109073410
21591,36445,10,0,7,22054699008002
21592,36445,11,0,0,24193592721410
21593,36445,11,0,1,24202182656002
21594,36445,11,0,2,24210772590594
21595,36445,11,0,3,24219362525186
21596,36445,11,0,4,24227952459778
21597,36445,11,0,5,24236542394370
21598,36445,11,0,6,24245132328962
21599,36445,11,0,7,24253722263554
21600,36445,12,0,0,26392615976962
21601,36445,12,0,1,26401205911554
21602,36445,12,0,2,26409795846146
21603,36445,12,0,3,26418385780738
21604,36445,12,0,4,26426975715330
21605,36445,12,0,5,26435565649922
21606,36445,12,0,6,26444155584514
21607,36445,12,0,7,26452745519106
21608,36445,13,0,0,28591639232514
21609,36445,13,0,1,28600229167106
21610,36445,13,0,2,28608819101698
21611,36445,13,0,3,28617409036290
21612,36445,13,0,4,28625998970882
21613,36445,13,0,5,28634588905474
21614,36445,13,0,6,28643178840066
21615,36445,13,0,7,28651768774658
21616,36445,14,0,0,30790662488066
21617,36445,14,0,1,30799252422658
21618,36445,14,0,2,30807842357250
21619,36445,14,0,3,30816432291842
21620,36445,14,0,4,30825022226434
21621,36445,14,0,5,30833612161026
21622,36445,14,0,6,30842202095618
21623,36445,14,0,7,30850792030210
21624,36445,15,0,0,32989685743618
21625,36445,15,0,1,32998275678210
21626,36445,15,0,2,33006865612802
21627,36445,15,0,3,33015455547394
21628,36445,15,0,4,33024045481986
21629,36445,15,0,5,33032635416578
21630,36445,15,0,6,33041225351170
21631,36445,15,0,7,33049815285762
21632,36445,16,0,0,35188708999170
21633,36445,16,0,1,35197298933762
21634,36445,16,0,2,35205888868354
21635,36445,16,0,3,35214478802946
21636,36445,16,0,4,35223068737538
21637,36445,16,0,5,35231658672130
21638,36445,16,0,6,35240248606722
21639,36445,16,0,7,35248838541314
21640,36445,17,0,0,37387732254722
21641,36445,17,0,1,37396322189314
21642,36445,17,0,2,37404912123906
21643,36445,17,0,3,37413502058498
21644,36445,17,0,4,37422091993090
21645,36445,17,0,5,37430681927682
21646,36445,17,0,6,37439271862274
21647,36445,17,0,7,37447861796866
21648,36445,18,0,0,39586755510274
21649,36445,18,0,1,39595345444866
21650,36445,18,0,2,39603935379458
21651,36445,18,0,3,39612525314050
21652,36445,18,0,4,39621115248642
21653,36445,18,0,5,39629705183234
21654,36445,18,0,6,39638295117826
21655,36445,18,0,7,39646885052418
21656,36445,19,0,0,41785778765826
21657,36445,19,0,1,41794368700418
21658,36445,19,0,2,41802958635010
21659,36445,19,0,3,41811548569602
21660,36445,19,0,4,41820138504194
21661,36445,19,0,5,41828728438786
21662,36445,19,0,6,41837318373378
21663,36445,19,0,7,41845908307970
21664,36445,20,0,0,43984802021378
21665,36445,20,0,1,43993391955970
21666,36445,20,0,2,44001981890562
21667,36445,20,0,3,44010571825154
21668,36445,20,0,4,44019161759746
21669,36445,20,0,5,44027751694338
21670,36445,20,0,6,44036341628930
21671,36445,20,0,7,44044931563522
21672,36445,21,0,0,46183825276930
21673,36445,21,0,1,46192415211522
21674,36445,21,0,2,46201005146114
21675,36445,21,0,3,46209595080706
21676,36445,21,0,4,46218185015298
21677,36445,21,0,5,46226774949890
21678,36445,21,0,6,46235364884482
21679,36445,21,0,7,46243954819074
21680,36445,22,0,0,48382848532482
21681,36445,22,0,1,48391438467074
21682,36445,22,0,2,48400028401666
21683,36445,22,0,3,48408618336258
21684,36445,22,0,4,48417208270850
21685,36445,22,0,5,48425798205442
21686,36445,22,0,6,48434388140034
21687,36445,22,0,7,48442978074626
21688,36445,23,0,0,50581871788034
21689,36445,23,0,1,50590461722626
21690,36445,23,0,2,50599051657218
21691,36445,23,0,3,50607641591810
21692,36445,23,0,4,50616231526402
21693,36445,23,0,5,50624821460994
21694,36445,23,0,6,50633411395586
21695,36445,23,0,7,50642001330178
21696,36445,24,0,0,52780895043586
21697,36445,24,0,1,52789484978178
21698,36445,24,0,2,52798074912770
21699,36445,24,0,3,52806664847362
21700,36445,24,0,4,52815254781954
21701,36445,24,0,5,52823844716546
21702,36445,24,0,6,52832434651138
21703,36445,24,0,7,52841024585730
21704,36445,25,0,0,54979918299138
21705,36445,25,0,1,54988508233730
21706,36445,25,0,2,54997098168322
21707,36445,25,0,3,55005688102914
21708,36445,25,0,4,55014278037506
21709,36445,25,0,5,55022867972098
21710,36445,25,0,6,55031457906690
21711,36445,25,0,7,55040047841282
21712,36445,26,0,0,57178941554690
21713,36445,26,0,1,57187531489282
21714,36445,26,0,2,57196121423874
21715,36445,26,0,3,57204711358466
21716,36445,26,0,4,57213301293058
21717,36445,26,0,5,57221891227650
21718,36445,26,0,6,57230481162242
21719,36445,26,0,7,57239071096834
21720,36445,27,0,0,59377964810242
21721,36445,27,0,1,59386554744834
21722,36445,27,0,2,59395144679426
21723,36445,27,0,3,59403734614018
21724,36445,27,0,4,59412324548610
21725,36445,27,0,5,59420914483202
21726,36445,27,0,6,59429504417794
21727,36445,27,0,7,59438094352386
21728,36445,28,0,0,61576988065794
21729,36445,28,0,1,61585578000386
21730,36445,28,0,2,61594167934978
21731,36445,28,0,3,61602757869570
21732,36445,28,0,4,61611347804162
21733,36445,28,0,5,61619937738754
21734,36445,28,0,6,61628527673346
21735,36445,28,0,7,61637117607938
21736,36445,29,0,0,63776011321346
21737,36445,29,0,1,63784601255938
21738,36445,29,0,2,63793191190530
21739,36445,29,0,3,63801781125122
21740,36445,29,0,4,63810371059714
21741,36445,29,0,5,63818960994306
21742,36445,29,0,6,63827550928898
21743,36445,29,0,7,63836140863490
21744,36445,30,0,0,65975034576898
21745,36445,30,0,1,65983624511490
21746,36445,30,0,2,65992214446082
21747,36445,30,0,3,66000804380674
21748,36445,30,0,4,66009394315266
21749,36445,30,0,5,66017984249858
21750,36445,30,0,6,66026574184450
21751,36445,30,0,7,66035164119042
21752,36445,31,0,0,68174057832450
21753,36445,31,0,1,68182647767042
21754,36445,31,0,2,68191237701634
21755,36445,31,0,3,68199827636226
21756,36445,31,0,4,68208417570818
21757,36445,31,0,5,68217007505410
21758,36445,31,0,6,68225597440002
21759,36445,31,0,7,68234187374594
21760,36445,32,0,0,70373081088002
21761,36445,32,0,1,70381671022594
21762,36445,32,0,2,70390260957186
21763,36445,32,0,3,70398850891778
21764,36445,32,0,4,70407440826370
21765,36445,32,0,5,70416030760962
21766,36445,32,0,6,70424620695554
21767,36445,32,0,7,70433210630146
21768,36445,33,0,0,72572104343554
21769,36445,33,0,1,72580694278146
21770,36445,33,0,2,72589284212738
21771,36445,33,0,3,72597874147330
21772,36445,33,0,4,72606464081922
21773,36445,33,0,5,72615054016514
21774,36445,33,0,6,72623643951106
21775,36445,33,0,7,72632233885698
21776,36445,34,0,0,74771127599106
21777,36445,34,0,1,74779717533698
21778,36445,34,0,2,74788307468290
21779,36445,34,0,3,74796897402882
21780,36445,34,0,4,74805487337474
21781,36445,34,0,5,74814077272066
21782,36445,34,0,6,74822667206658
21783,36445,34,0,7,74831257141250
21784,36445,35,0,0,76970150854658
21785,36445,35,0,1,76978740789250
21786,36445,35,0,2,76987330723842
21787,36445,35,0,3,76995920658434
21788,36445,35,0,4,77004510593026
21789,36445,35,0,5,77013100527618
21790,36445,35,0,6,77021690462210
21791,36445,35,0,7,77030280396802
21792,36445,36,0,0,79169174110210
21793,36445,36,0,1,79177764044802
21794,36445,36,0,2,79186353979394
21795,36445,36,0,3,79194943913986
21796,36445,36,0,4,79203533848578
21797,36445,36,0,5,79212123783170
21798,36445,36,0,6,79220713717762
21799,36445,36,0,7,79229303652354
21800,36445,37,0,0,81368197365762
21801,36445,37,0,1,81376787300354
21802,36445,37,0,2,81385377234946
21803,36445,37,0,3,81393967169538
21804,36445,37,0,4,81402557104130
21805,36445,37,0,5,81411147038722
21806,36445,37,0,6,81419736973314
21807,36445,37,0,7,81428326907906
21808,36445,38,0,0,83567220621314
21809,36445,38,0,1,83575810555906
21810,36445,38,0,2,83584400490498
21811,36445,38,0,3,83592990425090
21812,36445,38,0,4,83601580359682
21813,36445,38,0,5,83610170294274
21814,36445,38,0,6,83618760228866
21815,36445,38,0,7,83627350163458
21816,36445,39,0,0,85766243876866
21817,36445,39,0,1,85774833811458
21818,36445,39,0,2,85783423746050
21819,36445,39,0,3,85792013680642
21820,36445,39,0,4,85800603615234
21821,36445,39,0,5,85809193549826
21822,36445,39,0,6,85817783484418
21823,36445,39,0,7,85826373419010
21824,36445,40,0,0,87965267132418
21825,36445,40,0,1,87973857067010
21826,36445,40,0,2,87982447001602
21827,36445,40,0,3,87991036936194
21828,36445,40,0,4,87999626870786
21829,36445,40,0,5,88008216805378
21830,36445,40,0,6,88016806739970
21831,36445,40,0,7,88025396674562
21832,36445,41,0,0,90164290387970
21833,36445,41,0,1,90172880322562
21834,36445,41,0,2,90181470257154
21835,36445,41,0,3,90190060191746
21836,36445,41,0,4,90198650126338
21837,36445,41,0,5,90207240060930
21838,36445,41,0,6,90215829995522
21839,36445,41,0,7,90224419930114
21840,36445,42,0,0,92363313643522
21841,36445,42,0,1,92371903578114
21842,36445,42,0,2,92380493512706
21843,36445,42,0,3,92389083447298
21844,36445,42,0,4,92397673381890
21845,36445,42,0,5,92406263316482
21846,36445,42,0,6,92414853251074
21847,36445,42,0,7,92423443185666
21848,36445,43,0,0,94562336899074
21849,36445,43,0,1,94570926833666
21850,36445,43,0,2,94579516768258
21851,36445,43,0,3,94588106702850
21852,36445,43,0,4,94596696637442
21853,36445,43,0,5,94605286572034
21854,36445,43,0,6,94613876506626
21855,36445,43,0,7,94622466441218
21856,36445,44,0,0,96761360154626
21857,36445,44,0,1,96769950089218
21858,36445,44,0,2,96778540023810
21859,36445,44,0,3,96787129958402
21860,36445,44,0,4,96795719892994
21861,36445,44,0,5,96804309827586
21862,36445,44,0,6,96812899762178
21863,36445,44,0,7,96821489696770
21864,36445,45,0,0,98960383410178
21865,36445,45,0,1,98968973344770
21866,36445,45,0,2,98977563279362
21867,36445,45,0,3,98986153213954
21868,36445,45,0,4,98994743148546
21869,36445,45,0,5,99003333083138
21870,36445,45,0,6,99011923017730
21871,36445,45,0,7,99020512952322
21872,36445,46,0,0,101159406665730
21873,36445,46,0,1,101167996600322
21874,36445,46,0,2,101176586534914
21875,36445,46,0,3,101185176469506
21876,36445,46,0,4,101193766404098
21877,36445,46,0,5,101202356338690
21878,36445,46,0,6,101210946273282
21879,36445,46,0,7,101219536207874
21880,36445,47,0,0,103358429921282
21881,36445,47,0,1,103367019855874
21882,36445,47,0,2,103375609790466
21883,36445,47,0,3,103384199725058
21884,36445,47,0,4,103392789659650
21885,36445,47,0,5,103401379594242
21886,36445,47,0,6,103409969528834
21887,36445,47,0,7,103418559463426
21888,36445,48,0,0,105557453176834
21889,36445,48,0,1,105566043111426
21890,36445,48,0,2,105574633046018
21891,36445,48,0,3,105583222980610
21892,36445,48,0,4,105591812915202
21893,36445,48,0,5,105600402849794
21894,36445,48,0,6,105608992784386
21895,36445,48,0,7,105617582718978
21896,36445,49,0,0,107756476432386
21897,36445,49,0,1,107765066366978
21898,36445,49,0,2,107773656301570
21899,36445,49,0,3,107782246236162
21900,36445,49,0,4,107790836170754
21901,36445,49,0,5,107799426105346
21902,36445,49,0,6,107808016039938
21903,36445,49,0,7,107816605974530
21904,36445,50,0,0,109955499687938
21905,36445,50,0,1,109964089622530
21906,36445,50,0,2,109972679557122
21907,36445,50,0,3,109981269491714
21908,36445,50,0,4,109989859426306
21909,36445,50,0,5,109998449360898
21910,36445,50,0,6,110007039295490
21911,36445,50,0,7,110015629230082
21912,36445,51,0,0,112154522943490
21913,36445,51,0,1,112163112878082
21914,36445,51,0,2,112171702812674
21915,36445,51,0,3,112180292747266
21916,36445,51,0,4,112188882681858
21917,36445,51,0,5,112197472616450
21918,36445,51,0,6,112206062551042
21919,36445,51,0,7,112214652485634
21920,36445,52,0,0,114353546199042
21921,36445,52,0,1,114362136133634
21922,36445,52,0,2,114370726068226
21923,36445,52,0,3,114379316002818
21924,36445,52,0,4,114387905937410
21925,36445,52,0,5,114396495872002
21926,36445,52,0,6,114405085806594
21927,36445,52,0,7,114413675741186
21928,36445,53,0,0,116552569454594
21929,36445,53,0,1,116561159389186
21930,36445,53,0,2,116569749323778
21931,36445,53,0,3,116578339258370
21932,36445,53,0,4,116586929192962
21933,36445,53,0,5,116595519127554
21934,36445,53,0,6,116604109062146
21935,36445,53,0,7,116612698996738
21936,36445,54,0,0,118751592710146
21937,36445,54,0,1,118760182644738
21938,36445,54,0,2,118768772579330
21939,36445,54,0,3,118777362513922
21940,36445,54,0,4,118785952448514
21941,36445,54,0,5,118794542383106
21942,36445,54,0,6,118803132317698
21943,36445,54,0,7,118811722252290
21944,36445,55,0,0,120950615965698
21945,36445,55,0,1,120959205900290
21946,36445,55,0,2,120967795834882
21947,36445,55,0,3,120976385769474
21948,36445,55,0,4,120984975704066
21949,36445,55,0,5,120993565638658
21950,36445,55,0,6,121002155573250
21951,36445,55,0,7,121010745507842
21952,36445,56,0,0,123149639221250
21953,36445,56,0,1,123158229155842
21954,36445,56,0,2,123166819090434
21955,36445,56,0,3,123175409025026
21956,36445,56,0,4,123183998959618
21957,36445,56,0,5,123192588894210
21958,36445,56,0,6,123201178828802
21959,36445,56,0,7,123209768763394
21960,36445,57,0,0,125348662476802
21961,36445,57,0,1,125357252411394
21962,36445,57,0,2,125365842345986
21963,36445,57,0,3,125374432280578
21964,36445,57,0,4,125383022215170
21965,36445,57,0,5,125391612149762
21966,36445,57,0,6,125400202084354
21967,36445,57,0,7,125408792018946
21968,36445,58,0,0,127547685732354
21969,36445,58,0,1,127556275666946
21970,36445,58,0,2,127564865601538
21971,36445,58,0,3,127573455536130
21972,36445,58,0,4,127582045470722
21973,36445,58,0,5,127590635405314
21974,36445,58,0,6,127599225339906
21975,36445,58,0,7,127607815274498
21976,36445,59,0,0,129746708987906
21977,36445,59,0,1,129755298922498
21978,36445,59,0,2,129763888857090
21979,36445,59,0,3,129772478791682
21980,36445,59,0,4,129781068726274
21981,36445,59,0,5,129789658660866
21982,36445,59,0,6,129798248595458
21983,36445,59,0,7,129806838530050
21984,36445,60,0,0,131945732243458
21985,36445,60,0,1,131954322178050
21986,36445,60,0,2,131962912112642
21987,36445,60,0,3,131971502047234
21988,36445,60,0,4,131980091981826
21989,36445,60,0,5,131988681916418
21990,36445,60,0,6,131997271851010
21991,36445,60,0,7,132005861785602
21992,36445,61,0,0,134144755499010
21993,36445,61,0,1,134153345433602
21994,36445,61,0,2,134161935368194
21995,36445,61,0,3,134170525302786
21996,36445,61,0,4,134179115237378
21997,36445,61,0,5,134187705171970
21998,36445,61,0,6,134196295106562
21999,36445,61,0,7,134204885041154
22000,36445,62,0,0,136343778754562
22001,36445,62,0,1,136352368689154
22002,36445,62,0,2,136360958623746
22003,36445,62,0,3,136369548558338
22004,36445,62,0,4,136378138492930
22005,36445,62,0,5,136386728427522
22006,36445,62,0,6,136395318362114
22007,36445,62,0,7,136403908296706
22008,36445,63,0,0,138542802010114
22009,36445,63,0,1,138551391944706
22010,36445,63,0,2,138559981879298
22011,36445,63,0,3,138568571813890
22012,36445,63,0,4,138577161748482
22013,36445,63,0,5,138585751683074
22014,36445,63,0,6,138594341617666
22015,36445,63,0,7,138602931552258
22016,36447,0,0,0,4336910339
22017,36447,0,0,1,12926844931
22018,36447,0,0,2,21516779523
22019,36447,0,0,3,30106714115
22020,36447,0,0,4,38696648707
22021,36447,0,0,5,47286583299
22022,36447,0,0,6,55876517891
22023,36447,0,0,7,64466452483
22024,36447,1,0,0,2203360165891
22025,36447,1,0,1,2211950100483
22026,36447,1,0,2,2220540035075
22027,36447,1,0,3,2229129969667
22028,36447,1,0,4,2237719904259
22029,36447,1,0,5,2246309838851
22030,36447,1,0,6,2254899773443
22031,36447,1,0,7,2263489708035
22032,36447,2,0,0,4402383421443
22033,36447,2,0,1,4410973356035
22034,36447,2,0,2,4419563290627
22035,36447,2,0,3,4428153225219
22036,36447,2,0,4,4436743159811
22037,36447,2,0,5,4445333094403
22038,36447,2,0,6,4453923028995
22039,36447,2,0,7,4462512963587
22040,36447,3,0,0,6601406676995
22041,36447,3,0,1,6609996611587
22042,36447,3,0,2,6618586546179
22043,36447,3,0,3,6627176480771
22044,36447,3,0,4,6635766415363
22045,36447,3,0,5,6644356349955
22046,36447,3,0,6,6652946284547
22047,36447,3,0,7,6661536219139
22048,36447,4,0,0,8800429932547
22049,36447,4,0,1,8809019867139
22050,36447,4,0,2,8817609801731
22051,36447,4,0,3,8826199736323
22052,36447,4,0,4,8834789670915
22053,36447,4,0,5,8843379605507
22054,36447,4,0,6,8851969540099
22055,36447,4,0,7,8860559474691
22056,36447,5,0,0,10999453188099
22057,36447,5,0,1,11008043122691
22058,36447,5,0,2,11016633057283
22059,36447,5,0,3,11025222991875
22060,36447,5,0,4,11033812926467
22061,36447,5,0,5,11042402861059
22062,36447,5,0,6,11050992795651
22063,36447,5,0,7,11059582730243
22064,36447,6,0,0,13198476443651
22065,36447,6,0,1,13207066378243
22066,36447,6,0,2,13215656312835
22067,36447,6,0,3,13224246247427
22068,36447,6,0,4,13232836182019
22069,36447,6,0,5,13241426116611
22070,36447,6,0,6,13250016051203
22071,36447,6,0,7,13258605985795
22072,36447,7,0,0,15397499699203
22073,36447,7,0,1,15406089633795
22074,36447,7,0,2,15414679568387
22075,36447,7,0,3,15423269502979
22076,36447,7,0,4,15431859437571
22077,36447,7,0,5,15440449372163
22078,36447,7,0,6,15449039306755
22079,36447,7,0,7,15457629241347
22080,36447,8,0,0,17596522954755
22081,36447,8,0,1,17605112889347
22082,36447,8,0,2,17613702823939
22083,36447,8,0,3,17622292758531
22084,36447,8,0,4,17630882693123
22085,36447,8,0,5,17639472627715
22086,36447,8,0,6,17648062562307
22087,36447,8,0,7,17656652496899
22088,36447,9,0,0,19795546210307
22089,36447,9,0,1,19804136144899
22090,36447,9,0,2,19812726079491
22091,36447,9,0,3,19821316014083
22092,36447,9,0,4,19829905948675
22093,36447,9,0,5,19838495883267
22094,36447,9,0,6,19847085817859
22095,36447,9,0,7,19855675752451
22096,36447,10,0,0,21994569465859
22097,36447,10,0,1,22003159400451
22098,36447,10,0,2,22011749335043
22099,36447,10,0,3,22020339269635
22100,36447,10,0,4,22028929204227
22101,36447,10,0,5,22037519138819
22102,36447,10,0,6,22046109073411
22103,36447,10,0,7,22054699008003
22104,36447,11,0,0,24193592721411
22105,36447,11,0,1,24202182656003
22106,36447,11,0,2,24210772590595
22107,36447,11,0,3,24219362525187
22108,36447,11,0,4,24227952459779
22109,36447,11,0,5,24236542394371
22110,36447,11,0,6,24245132328963
22111,36447,11,0,7,24253722263555
22112,36447,12,0,0,26392615976963
22113,36447,12,0,1,26401205911555
22114,36447,12,0,2,26409795846147
22115,36447,12,0,3,26418385780739
22116,36447,12,0,4,26426975715331
22117,36447,12,0,5,26435565649923
22118,36447,12,0,6,26444155584515
22119,36447,12,0,7,26452745519107
22120,36447,13,0,0,28591639232515
22121,36447,13,0,1,28600229167107
22122,36447,13,0,2,28608819101699
22123,36447,13,0,3,28617409036291
22124,36447,13,0,4,28625998970883
22125,36447,13,0,5,28634588905475
22126,36447,13,0,6,28643178840067
22127,36447,13,0,7,28651768774659
22128,36447,14,0,0,30790662488067
22129,36447,14,0,1,30799252422659
22130,36447,14,0,2,30807842357251
22131,36447,14,0,3,30816432291843
22132,36447,14,0,4,30825022226435
22133,36447,14,0,5,30833612161027
22134,36447,14,0,6,30842202095619
22135,36447,14,0,7,30850792030211
22136,36447,15,0,0,32989685743619
22137,36447,15,0,1,32998275678211
22138,36447,15,0,2,33006865612803
22139,36447,15,0,3,33015455547395
22140,36447,15,0,4,33024045481987
22141,36447,15,0,5,33032635416579
22142,36447,15,0,6,33041225351171
22143,36447,15,0,7,33049815285763
22144,36447,16,0,0,35188708999171
22145,36447,16,0,1,35197298933763
22146,36447,16,0,2,35205888868355
22147,36447,16,0,3,35214478802947
22148,36447,16,0,4,35223068737539
22149,36447,16,0,5,35231658672131
22150,36447,16,0,6,35240248606723
22151,36447,16,0,7,35248838541315
22152,36447,17,0,0,37387732254723
22153,36447,17,0,1,37396322189315
22154,36447,17,0,2,37404912123907
22155,36447,17,0,3,37413502058499
22156,36447,17,0,4,37422091993091
22157,36447,17,0,5,37430681927683
22158,36447,17,0,6,37439271862275
22159,36447,17,0,7,37447861796867
22160,36447,18,0,0,39586755510275
22161,36447,18,0,1,39595345444867
22162,36447,18,0,2,39603935379459
22163,36447,18,0,3,39612525314051
22164,36447,18,0,4,39621115248643
22165,36447,18,0,5,39629705183235
22166,36447,18,0,6,39638295117827
22167,36447,18,0,7,39646885052419
22168,36447,19,0,0,41785778765827
22169,36447,19,0,1,41794368700419
22170,36447,19,0,2,41802958635011
22171,36447,19,0,3,41811548569603
22172,36447,19,0,4,41820138504195
22173,36447,19,0,5,41828728438787
22174,36447,19,0,6,41837318373379
22175,36447,19,0,7,41845908307971
22176,36447,20,0,0,43984802021379
22177,36447,20,0,1,43993391955971
22178,36447,20,0,2,44001981890563
22179,36447,20,0,3,44010571825155
22180,36447,20,0,4,44019161759747
22181,36447,20,0,5,44027751694339
22182,36447,20,0,6,44036341628931
22183,36447,20,0,7,44044931563523
22184,36447,21,0,0,46183825276931
22185,36447,21,0,1,46192415211523
22186,36447,21,0,2,46201005146115
22187,36447,21,0,3,46209595080707
22188,36447,21,0,4,46218185015299
22189,36447,21,0,5,46226774949891
22190,36447,21,0,6,46235364884483
22191,36447,21,0,7,46243954819075
22192,36447,22,0,0,48382848532483
22193,36447,22,0,1,48391438467075
22194,36447,22,0,2,48400028401667
22195,36447,22,0,3,48408618336259
22196,36447,22,0,4,48417208270851
22197,36447,22,0,5,48425798205443
22198,36447,22,0,6,48434388140035
22199,36447,22,0,7,48442978074627
22200,36447,23,0,0,50581871788035
22201,36447,23,0,1,50590461722627
22202,36447,23,0,2,50599051657219
22203,36447,23,0,3,50607641591811
22204,36447,23,0,4,50616231526403
22205,36447,23,0,5,50624821460995
22206,36447,23,0,6,50633411395587
22207,36447,23,0,7,50642001330179
22208,36447,24,0,0,52780895043587
22209,36447,24,0,1,52789484978179
22210,36447,24,0,2,52798074912771
22211,36447,24,0,3,52806664847363
22212,36447,24,0,4,52815254781955
22213,36447,24,0,5,52823844716547
22214,36447,24,0,6,52832434651139
22215,36447,24,0,7,52841024585731
22216,36447,25,0,0,54979918299139
22217,36447,25,0,1,54988508233731
22218,36447,25,0,2,54997098168323
22219,36447,25,0,3,55005688102915
22220,36447,25,0,4,55014278037507
22221,36447,25,0,5,55022867972099
22222,36447,25,0,6,55031457906691
22223,36447,25,0,7,55040047841283
22224,36447,26,0,0,57178941554691
22225,36447,26,0,1,57187531489283
22226,36447,26,0,2,57196121423875
22227,36447,26,0,3,57204711358467
22228,36447,26,0,4,57213301293059
22229,36447,26,0,5,57221891227651
22230,36447,26,0,6,57230481162243
22231,36447,26,0,7,57239071096835
22232,36447,27,0,0,59377964810243
22233,36447,27,0,1,59386554744835
22234,36447,27,0,2,59395144679427
22235,36447,27,0,3,59403734614019
22236,36447,27,0,4,59412324548611
22237,36447,27,0,5,59420914483203
22238,36447,27,0,6,59429504417795
22239,36447,27,0,7,59438094352387
22240,36447,28,0,0,61576988065795
22241,36447,28,0,1,61585578000387
22242,36447,28,0,2,61594167934979
22243,36447,28,0,3,61602757869571
22244,36447,28,0,4,61611347804163
22245,36447,28,0,5,61619937738755
22246,36447,28,0,6,61628527673347
22247,36447,28,0,7,61637117607939
22248,36447,29,0,0,63776011321347
22249,36447,29,0,1,63784601255939
22250,36447,29,0,2,63793191190531
22251,36447,29,0,3,63801781125123
22252,36447,29,0,4,63810371059715
22253,36447,29,0,5,63818960994307
22254,36447,29,0,6,63827550928899
22255,36447,29,0,7,63836140863491
22256,36447,30,0,0,65975034576899
22257,36447,30,0,1,65983624511491
22258,36447,30,0,2,65992214446083
22259,36447,30,0,3,66000804380675
22260,36447,30,0,4,66009394315267
22261,36447,30,0,5,66017984249859
22262,36447,30,0,6,66026574184451
22263,36447,30,0,7,66035164119043
22264,36447,31,0,0,68174057832451
22265,36447,31,0,1,68182647767043
22266,36447,31,0,2,68191237701635
22267,36447,31,0,3,68199827636227
22268,36447,31,0,4,68208417570819
22269,36447,31,0,5,68217007505411
22270,36447,31,0,6,68225597440003
22271,36447,31,0,7,68234187374595
22272,36447,32,0,0,70373081088003
22273,36447,32,0,1,70381671022595
22274,36447,32,0,2,70390260957187
22275,36447,32,0,3,70398850891779
22276,36447,32,0,4,70407440826371
22277,36447,32,0,5,70416030760963
22278,36447,32,0,6,70424620695555
22279,36447,32,0,7,70433210630147
22280,36447,33,0,0,72572104343555
22281,36447,33,0,1,72580694278147
22282,36447,33,0,2,72589284212739
22283,36447,33,0,3,72597874147331
22284,36447,33,0,4,72606464081923
22285,36447,33,0,5,72615054016515
22286,36447,33,0,6,72623643951107
22287,36447,33,0,7,72632233885699
22288,36447,34,0,0,74771127599107
22289,36447,34,0,1,74779717533699
22290,36447,34,0,2,74788307468291
22291,36447,34,0,3,74796897402883
22292,36447,34,0,4,74805487337475
22293,36447,34,0,5,74814077272067
22294,36447,34,0,6,74822667206659
22295,36447,34,0,7,74831257141251
22296,36447,35,0,0,76970150854659
22297,36447,35,0,1,76978740789251
22298,36447,35,0,2,76987330723843
22299,36447,35,0,3,76995920658435
22300,36447,35,0,4,77004510593027
22301,36447,35,0,5,77013100527619
22302,36447,35,0,6,77021690462211
22303,36447,35,0,7,77030280396803
22304,36447,36,0,0,79169174110211
22305,36447,36,0,1,79177764044803
22306,36447,36,0,2,79186353979395
22307,36447,36,0,3,79194943913987
22308,36447,36,0,4,79203533848579
22309,36447,36,0,5,79212123783171
22310,36447,36,0,6,79220713717763
22311,36447,36,0,7,79229303652355
22312,36447,37,0,0,81368197365763
22313,36447,37,0,1,81376787300355
22314,36447,37,0,2,81385377234947
22315,36447,37,0,3,81393967169539
22316,36447,37,0,4,81402557104131
22317,36447,37,0,5,81411147038723
22318,36447,37,0,6,81419736973315
22319,36447,37,0,7,81428326907907
22320,36447,38,0,0,83567220621315
22321,36447,38,0,1,83575810555907
22322,36447,38,0,2,83584400490499
22323,36447,38,0,3,83592990425091
22324,36447,38,0,4,83601580359683
22325,36447,38,0,5,83610170294275
22326,36447,38,0,6,83618760228867
22327,36447,38,0,7,83627350163459
22328,36447,39,0,0,85766243876867
22329,36447,39,0,1,85774833811459
22330,36447,39,0,2,85783423746051
22331,36447,39,0,3,85792013680643
22332,36447,39,0,4,85800603615235
22333,36447,39,0,5,85809193549827
22334,36447,39,0,6,85817783484419
22335,36447,39,0,7,85826373419011
22336,36447,40,0,0,87965267132419
22337,36447,40,0,1,87973857067011
22338,36447,40,0,2,87982447001603
22339,36447,40,0,3,87991036936195
22340,36447,40,0,4,87999626870787
22341,36447,40,0,5,88008216805379
22342,36447,40,0,6,88016806739971
22343,36447,40,0,7,88025396674563
22344,36447,41,0,0,90164290387971
22345,36447,41,0,1,90172880322563
22346,36447,41,0,2,90181470257155
22347,36447,41,0,3,90190060191747
22348,36447,41,0,4,90198650126339
22349,36447,41,0,5,90207240060931
22350,36447,41,0,6,90215829995523
22351,36447,41,0,7,90224419930115
22352,36447,42,0,0,92363313643523
22353,36447,42,0,1,92371903578115
22354,36447,42,0,2,92380493512707
22355,36447,42,0,3,92389083447299
22356,36447,42,0,4,92397673381891
22357,36447,42,0,5,92406263316483
22358,36447,42,0,6,92414853251075
22359,36447,42,0,7,92423443185667
22360,36447,43,0,0,94562336899075
22361,36447,43,0,1,94570926833667
22362,36447,43,0,2,94579516768259
22363,36447,43,0,3,94588106702851
22364,36447,43,0,4,94596696637443
22365,36447,43,0,5,94605286572035
22366,36447,43,0,6,94613876506627
22367,36447,43,0,7,94622466441219
22368,36447,44,0,0,96761360154627
22369,36447,44,0,1,96769950089219
22370,36447,44,0,2,96778540023811
22371,36447,44,0,3,96787129958403
22372,36447,44,0,4,96795719892995
22373,36447,44,0,5,96804309827587
22374,36447,44,0,6,96812899762179
22375,36447,44,0,7,96821489696771
22376,36447,45,0,0,98960383410179
22377,36447,45,0,1,98968973344771
22378,36447,45,0,2,98977563279363
22379,36447,45,0,3,98986153213955
22380,36447,45,0,4,98994743148547
22381,36447,45,0,5,99003333083139
22382,36447,45,0,6,99011923017731
22383,36447,45,0,7,99020512952323
22384,36447,46,0,0,101159406665731
22385,36447,46,0,1,101167996600323
22386,36447,46,0,2,101176586534915
22387,36447,46,0,3,101185176469507
22388,36447,46,0,4,101193766404099
22389,36447,46,0,5,101202356338691
22390,36447,46,0,6,101210946273283
22391,36447,46,0,7,101219536207875
22392,36447,47,0,0,103358429921283
22393,36447,47,0,1,103367019855875
22394,36447,47,0,2,103375609790467
22395,36447,47,0,3,103384199725059
22396,36447,47,0,4,103392789659651
22397,36447,47,0,5,103401379594243
22398,36447,47,0,6,103409969528835
22399,36447,47,0,7,103418559463427
22400,36447,48,0,0,105557453176835
22401,36447,48,0,1,105566043111427
22402,36447,48,0,2,105574633046019
22403,36447,48,0,3,105583222980611
22404,36447,48,0,4,105591812915203
22405,36447,48,0,5,105600402849795
22406,36447,48,0,6,105608992784387
22407,36447,48,0,7,105617582718979
22408,36447,49,0,0,107756476432387
22409,36447,49,0,1,107765066366979
22410,36447,49,0,2,107773656301571
22411,36447,49,0,3,107782246236163
22412,36447,49,0,4,107790836170755
22413,36447,49,0,5,107799426105347
22414,36447,49,0,6,107808016039939
22415,36447,49,0,7,107816605974531
22416,36447,50,0,0,109955499687939
22417,36447,50,0,1,109964089622531
22418,36447,50,0,2,109972679557123
22419,36447,50,0,3,109981269491715
22420,36447,50,0,4,109989859426307
22421,36447,50,0,5,109998449360899
22422,36447,50,0,6,110007039295491
22423,36447,50,0,7,110015629230083
22424,36447,51,0,0,112154522943491
22425,36447,51,0,1,112163112878083
22426,36447,51,0,2,112171702812675
22427,36447,51,0,3,112180292747267
22428,36447,51,0,4,112188882681859
22429,36447,51,0,5,112197472616451
22430,36447,51,0,6,112206062551043
22431,36447,51,0,7,112214652485635
22432,36447,52,0,0,114353546199043
22433,36447,52,0,1,114362136133635
22434,36447,52,0,2,114370726068227
22435,36447,52,0,3,114379316002819
22436,36447,52,0,4,114387905937411
22437,36447,52,0,5,114396495872003
22438,36447,52,0,6,114405085806595
22439,36447,52,0,7,114413675741187
22440,36447,53,0,0,116552569454595
22441,36447,53,0,1,116561159389187
22442,36447,53,0,2,116569749323779
22443,36447,53,0,3,116578339258371
22444,36447,53,0,4,116586929192963
22445,36447,53,0,5,116595519127555
22446,36447,53,0,6,116604109062147
22447,36447,53,0,7,116612698996739
22448,36447,54,0,0,118751592710147
22449,36447,54,0,1,118760182644739
22450,36447,54,0,2,118768772579331
22451,36447,54,0,3,118777362513923
22452,36447,54,0,4,118785952448515
22453,36447,54,0,5,118794542383107
22454,36447,54,0,6,118803132317699
22455,36447,54,0,7,118811722252291
22456,36447,55,0,0,120950615965699
22457,36447,55,0,1,120959205900291
22458,36447,55,0,2,120967795834883
22459,36447,55,0,3,120976385769475
22460,36447,55,0,4,120984975704067
22461,36447,55,0,5,120993565638659
22462,36447,55,0,6,121002155573251
22463,36447,55,0,7,121010745507843
22464,36447,56,0,0,123149639221251
22465,36447,56,0,1,123158229155843
22466,36447,56,0,2,123166819090435
22467,36447,56,0,3,123175409025027
22468,36447,56,0,4,123183998959619
22469,36447,56,0,5,123192588894211
22470,36447,56,0,6,123201178828803
22471,36447,56,0,7,123209768763395
22472,36447,57,0,0,125348662476803
22473,36447,57,0,1,125357252411395
22474,36447,57,0,2,125365842345987
22475,36447,57,0,3,125374432280579
22476,36447,57,0,4,125383022215171
22477,36447,57,0,5,125391612149763
22478,36447,57,0,6,125400202084355
22479,36447,57,0,7,125408792018947
22480,36447,58,0,0,127547685732355
22481,36447,58,0,1,127556275666947
22482,36447,58,0,2,127564865601539
22483,36447,58,0,3,127573455536131
22484,36447,58,0,4,127582045470723
22485,36447,58,0,5,127590635405315
22486,36447,58,0,6,127599225339907
22487,36447,58,0,7,127607815274499
22488,36447,59,0,0,129746708987907
22489,36447,59,0,1,129755298922499
22490,36447,59,0,2,129763888857091
22491,36447,59,0,3,129772478791683
22492,36447,59,0,4,129781068726275
22493,36447,59,0,5,129789658660867
22494,36447,59,0,6,129798248595459
22495,36447,59,0,7,129806838530051
22496,36447,60,0,0,131945732243459
22497,36447,60,0,1,131954322178051
22498,36447,60,0,2,131962912112643
22499,36447,60,0,3,131971502047235
22500,36447,60,0,4,131980091981827
22501,36447,60,0,5,131988681916419
22502,36447,60,0,6,131997271851011
22503,36447,60,0,7,132005861785603
22504,36447,61,0,0,134144755499011
22505,36447,61,0,1,134153345433603
22506,36447,61,0,2,134161935368195
22507,36447,61,0,3,134170525302787
22508,36447,61,0,4,134179115237379
22509,36447,61,0,5,134187705171971
22510,36447,61,0,6,134196295106563
22511,36447,61,0,7,134204885041155
22512,36447,62,0,0,136343778754563
22513,36447,62,0,1,136352368689155
22514,36447,62,0,2,136360958623747
22515,36447,62,0,3,136369548558339
22516,36447,62,0,4,136378138492931
22517,36447,62,0,5,136386728427523
22518,36447,62,0,6,136395318362115
22519,36447,62,0,7,136403908296707
22520,36447,63,0,0,138542802010115
22521,36447,63,0,1,138551391944707
22522,36447,63,0,2,138559981879299
22523,36447,63,0,3,138568571813891
22524,36447,63,0,4,138577161748483
22525,36447,63,0,5,138585751683075
22526,36447,63,0,6,138594341617667
22527,36447,63,0,7,138602931552259
22528,36449,0,0,0,4336910340
22529,36449,0,0,1,12926844932
22530,36449,0,0,2,21516779524
22531,36449,0,0,3,30106714116
22532,36449,0,0,4,38696648708
22533,36449,0,0,5,47286583300
22534,36449,0,0,6,55876517892
22535,36449,0,0,7,64466452484
22536,36449,1,0,0,2203360165892
22537,36449,1,0,1,2211950100484
22538,36449,1,0,2,2220540035076
22539,36449,1,0,3,2229129969668
22540,36449,1,0,4,2237719904260
22541,36449,1,0,5,2246309838852
22542,36449,1,0,6,2254899773444
22543,36449,1,0,7,2263489708036
22544,36449,2,0,0,4402383421444
22545,36449,2,0,1,4410973356036
22546,36449,2,0,2,4419563290628
22547,36449,2,0,3,4428153225220
22548,36449,2,0,4,4436743159812
22549,36449,2,0,5,4445333094404
22550,36449,2,0,6,4453923028996
22551,36449,2,0,7,4462512963588
22552,36449,3,0,0,6601406676996
22553,36449,3,0,1,6609996611588
22554,36449,3,0,2,6618586546180
22555,36449,3,0,3,6627176480772
22556,36449,3,0,4,6635766415364
22557,36449,3,0,5,6644356349956
22558,36449,3,0,6,6652946284548
22559,36449,3,0,7,6661536219140
22560,36449,4,0,0,8800429932548
22561,36449,4,0,1,8809019867140
22562,36449,4,0,2,8817609801732
22563,36449,4,0,3,8826199736324
22564,36449,4,0,4,8834789670916
22565,36449,4,0,5,8843379605508
22566,36449,4,0,6,8851969540100
22567,36449,4,0,7,8860559474692
22568,36449,5,0,0,10999453188100
22569,36449,5,0,1,11008043122692
22570,36449,5,0,2,11016633057284
22571,36449,5,0,3,11025222991876
22572,36449,5,0,4,11033812926468
22573,36449,5,0,5,11042402861060
22574,36449,5,0,6,11050992795652
22575,36449,5,0,7,11059582730244
22576,36449,6,0,0,13198476443652
22577,36449,6,0,1,13207066378244
22578,36449,6,0,2,13215656312836
22579,36449,6,0,3,13224246247428
22580,36449,6,0,4,13232836182020
22581,36449,6,0,5,13241426116612
22582,36449,6,0,6,13250016051204
22583,36449,6,0,7,13258605985796
22584,36449,7,0,0,15397499699204
22585,36449,7,0,1,15406089633796
22586,36449,7,0,2,15414679568388
22587,36449,7,0,3,15423269502980
22588,36449,7,0,4,15431859437572
22589,36449,7,0,5,15440449372164
22590,36449,7,0,6,15449039306756
22591,36449,7,0,7,15457629241348
22592,36449,8,0,0,17596522954756
22593,36449,8,0,1,17605112889348
22594,36449,8,0,2,17613702823940
22595,36449,8,0,3,17622292758532
22596,36449,8,0,4,17630882693124
22597,36449,8,0,5,17639472627716
22598,36449,8,0,6,17648062562308
22599,36449,8,0,7,17656652496900
22600,36449,9,0,0,19795546210308
22601,36449,9,0,1,19804136144900
22602,36449,9,0,2,19812726079492
22603,36449,9,0,3,19821316014084
22604,36449,9,0,4,19829905948676
22605,36449,9,0,5,19838495883268
22606,36449,9,0,6,19847085817860
22607,36449,9,0,7,19855675752452
22608,36449,10,0,0,21994569465860
22609,36449,10,0,1,22003159400452
22610,36449,10,0,2,22011749335044
22611,36449,10,0,3,22020339269636
22612,36449,10,0,4,22028929204228
22613,36449,10,0,5,22037519138820
22614,36449,10,0,6,22046109073412
22615,36449,10,0,7,22054699008004
22616,36449,11,0,0,24193592721412
22617,36449,11,0,1,24202182656004
22618,36449,11,0,2,24210772590596
22619,36449,11,0,3,24219362525188
22620,36449,11,0,4,24227952459780
22621,36449,11,0,5,24236542394372
22622,36449,11,0,6,24245132328964
22623,36449,11,0,7,24253722263556
22624,36449,12,0,0,26392615976964
22625,36449,12,0,1,26401205911556
22626,36449,12,0,2,26409795846148
22627,36449,12,0,3,26418385780740
22628,36449,12,0,4,26426975715332
22629,36449,12,0,5,26435565649924
22630,36449,12,0,6,26444155584516
22631,36449,12,0,7,26452745519108
22632,36449,13,0,0,28591639232516
22633,36449,13,0,1,28600229167108
22634,36449,13,0,2,28608819101700
22635,36449,13,0,3,28617409036292
22636,36449,13,0,4,28625998970884
22637,36449,13,0,5,28634588905476
22638,36449,13,0,6,28643178840068
22639,36449,13,0,7,28651768774660
22640,36449,14,0,0,30790662488068
22641,36449,14,0,1,30799252422660
22642,36449,14,0,2,30807842357252
22643,36449,14,0,3,30816432291844
22644,36449,14,0,4,30825022226436
22645,36449,14,0,5,30833612161028
22646,36449,14,0,6,30842202095620
22647,36449,14,0,7,30850792030212
22648,36449,15,0,0,32989685743620
22649,36449,15,0,1,32998275678212
22650,36449,15,0,2,33006865612804
22651,36449,15,0,3,33015455547396
22652,36449,15,0,4,33024045481988
22653,36449,15,0,5,33032635416580
22654,36449,15,0,6,33041225351172
22655,36449,15,0,7,33049815285764
22656,36449,16,0,0,35188708999172
22657,36449,16,0,1,35197298933764
22658,36449,16,0,2,35205888868356
22659,36449,16,0,3,35214478802948
22660,36449,16,0,4,35223068737540
22661,36449,16,0,5,35231658672132
22662,36449,16,0,6,35240248606724
22663,36449,16,0,7,35248838541316
22664,36449,17,0,0,37387732254724
22665,36449,17,0,1,37396322189316
22666,36449,17,0,2,37404912123908
22667,36449,17,0,3,37413502058500
22668,36449,17,0,4,37422091993092
22669,36449,17,0,5,37430681927684
22670,36449,17,0,6,37439271862276
22671,36449,17,0,7,37447861796868
22672,36449,18,0,0,39586755510276
22673,36449,18,0,1,39595345444868
22674,36449,18,0,2,39603935379460
22675,36449,18,0,3,39612525314052
22676,36449,18,0,4,39621115248644
22677,36449,18,0,5,39629705183236
22678,36449,18,0,6,39638295117828
22679,36449,18,0,7,39646885052420
22680,36449,19,0,0,41785778765828
22681,36449,19,0,1,41794368700420
22682,36449,19,0,2,41802958635012
22683,36449,19,0,3,41811548569604
22684,36449,19,0,4,41820138504196
22685,36449,19,0,5,41828728438788
22686,36449,19,0,6,41837318373380
22687,36449,19,0,7,41845908307972
22688,36449,20,0,0,43984802021380
22689,36449,20,0,1,43993391955972
22690,36449,20,0,2,44001981890564
22691,36449,20,0,3,44010571825156
22692,36449,20,0,4,44019161759748
22693,36449,20,0,5,44027751694340
22694,36449,20,0,6,44036341628932
22695,36449,20,0,7,44044931563524
22696,36449,21,0,0,46183825276932
22697,36449,21,0,1,46192415211524
22698,36449,21,0,2,46201005146116
22699,36449,21,0,3,46209595080708
22700,36449,21,0,4,46218185015300
22701,36449,21,0,5,46226774949892
22702,36449,21,0,6,46235364884484
22703,36449,21,0,7,46243954819076
22704,36449,22,0,0,48382848532484
22705,36449,22,0,1,48391438467076
22706,36449,22,0,2,48400028401668
22707,36449,22,0,3,48408618336260
22708,36449,22,0,4,48417208270852
22709,36449,22,0,5,48425798205444
22710,36449,22,0,6,48434388140036
22711,36449,22,0,7,48442978074628
22712,36449,23,0,0,50581871788036
22713,36449,23,0,1,50590461722628
22714,36449,23,0,2,50599051657220
22715,36449,23,0,3,50607641591812
22716,36449,23,0,4,50616231526404
22717,36449,23,0,5,50624821460996
22718,36449,23,0,6,50633411395588
22719,36449,23,0,7,50642001330180
22720,36449,24,0,0,52780895043588
22721,36449,24,0,1,52789484978180
22722,36449,24,0,2,52798074912772
22723,36449,24,0,3,52806664847364
22724,36449,24,0,4,52815254781956
22725,36449,24,0,5,52823844716548
22726,36449,24,0,6,52832434651140
22727,36449,24,0,7,52841024585732
22728,36449,25,0,0,54979918299140
22729,36449,25,0,1,54988508233732
22730,36449,25,0,2,54997098168324
22731,36449,25,0,3,55005688102916
22732,36449,25,0,4,55014278037508
22733,36449,25,0,5,55022867972100
22734,36449,25,0,6,55031457906692
22735,36449,25,0,7,55040047841284
22736,36449,26,0,0,57178941554692
22737,36449,26,0,1,57187531489284
22738,36449,26,0,2,57196121423876
22739,36449,26,0,3,57204711358468
22740,36449,26,0,4,57213301293060
22741,36449,26,0,5,57221891227652
22742,36449,26,0,6,57230481162244
22743,36449,26,0,7,57239071096836
22744,36449,27,0,0,59377964810244
22745,36449,27,0,1,59386554744836
22746,36449,27,0,2,59395144679428
22747,36449,27,0,3,59403734614020
22748,36449,27,0,4,59412324548612
22749,36449,27,0,5,59420914483204
22750,36449,27,0,6,59429504417796
22751,36449,27,0,7,59438094352388
22752,36449,28,0,0,61576988065796
22753,36449,28,0,1,61585578000388
22754,36449,28,0,2,61594167934980
22755,36449,28,0,3,61602757869572
22756,36449,28,0,4,61611347804164
22757,36449,28,0,5,61619937738756
22758,36449,28,0,6,61628527673348
22759,36449,28,0,7,61637117607940
22760,36449,29,0,0,63776011321348
22761,36449,29,0,1,63784601255940
22762,36449,29,0,2,63793191190532
22763,36449,29,0,3,63801781125124
22764,36449,29,0,4,63810371059716
22765,36449,29,0,5,63818960994308
22766,36449,29,0,6,63827550928900
22767,36449,29,0,7,63836140863492
22768,36449,30,0,0,65975034576900
22769,36449,30,0,1,65983624511492
22770,36449,30,0,2,65992214446084
22771,36449,30,0,3,66000804380676
22772,36449,30,0,4,66009394315268
22773,36449,30,0,5,66017984249860
22774,36449,30,0,6,66026574184452
22775,36449,30,0,7,66035164119044
22776,36449,31,0,0,68174057832452
22777,36449,31,0,1,68182647767044
22778,36449,31,0,2,68191237701636
22779,36449,31,0,3,68199827636228
22780,36449,31,0,4,68208417570820
22781,36449,31,0,5,68217007505412
22782,36449,31,0,6,68225597440004
22783,36449,31,0,7,68234187374596
22784,36449,32,0,0,70373081088004
22785,36449,32,0,1,70381671022596
22786,36449,32,0,2,70390260957188
22787,36449,32,0,3,70398850891780
22788,36449,32,0,4,70407440826372
22789,36449,32,0,5,70416030760964
22790,36449,32,0,6,70424620695556
22791,36449,32,0,7,70433210630148
22792,36449,33,0,0,72572104343556
22793,36449,33,0,1,72580694278148
22794,36449,33,0,2,72589284212740
22795,36449,33,0,3,72597874147332
22796,36449,33,0,4,72606464081924
22797,36449,33,0,5,72615054016516
22798,36449,33,0,6,72623643951108
22799,36449,33,0,7,72632233885700
22800,36449,34,0,0,74771127599108
22801,36449,34,0,1,74779717533700
22802,36449,34,0,2,74788307468292
22803,36449,34,0,3,74796897402884
22804,36449,34,0,4,74805487337476
22805,36449,34,0,5,74814077272068
22806,36449,34,0,6,74822667206660
22807,36449,34,0,7,74831257141252
22808,36449,35,0,0,76970150854660
22809,36449,35,0,1,76978740789252
22810,36449,35,0,2,76987330723844
22811,36449,35,0,3,76995920658436
22812,36449,35,0,4,77004510593028
22813,36449,35,0,5,77013100527620
22814,36449,35,0,6,77021690462212
22815,36449,35,0,7,77030280396804
22816,36449,36,0,0,79169174110212
22817,36449,36,0,1,79177764044804
22818,36449,36,0,2,79186353979396
22819,36449,36,0,3,79194943913988
22820,36449,36,0,4,79203533848580
22821,36449,36,0,5,79212123783172
22822,36449,36,0,6,79220713717764
22823,36449,36,0,7,79229303652356
22824,36449,37,0,0,81368197365764
22825,36449,37,0,1,81376787300356
22826,36449,37,0,2,81385377234948
22827,36449,37,0,3,81393967169540
22828,36449,37,0,4,81402557104132
22829,36449,37,0,5,81411147038724
22830,36449,37,0,6,81419736973316
22831,36449,37,0,7,81428326907908
22832,36449,38,0,0,83567220621316
22833,36449,38,0,1,83575810555908
22834,36449,38,0,2,83584400490500
22835,36449,38,0,3,83592990425092
22836,36449,38,0,4,83601580359684
22837,36449,38,0,5,83610170294276
22838,36449,38,0,6,83618760228868
22839,36449,38,0,7,83627350163460
22840,36449,39,0,0,85766243876868
22841,36449,39,0,1,85774833811460
22842,36449,39,0,2,85783423746052
22843,36449,39,0,3,85792013680644
22844,36449,39,0,4,85800603615236
22845,36449,39,0,5,85809193549828
22846,36449,39,0,6,85817783484420
22847,36449,39,0,7,85826373419012
22848,36449,40,0,0,87965267132420
22849,36449,40,0,1,87973857067012
22850,36449,40,0,2,87982447001604
22851,36449,40,0,3,87991036936196
22852,36449,40,0,4,87999626870788
22853,36449,40,0,5,88008216805380
22854,36449,40,0,6,88016806739972
22855,36449,40,0,7,88025396674564
22856,36449,41,0,0,90164290387972
22857,36449,41,0,1,90172880322564
22858,36449,41,0,2,90181470257156
22859,36449,41,0,3,90190060191748
22860,36449,41,0,4,90198650126340
22861,36449,41,0,5,90207240060932
22862,36449,41,0,6,90215829995524
22863,36449,41,0,7,90224419930116
22864,36449,42,0,0,92363313643524
22865,36449,42,0,1,92371903578116
22866,36449,42,0,2,92380493512708
22867,36449,42,0,3,92389083447300
22868,36449,42,0,4,92397673381892
22869,36449,42,0,5,92406263316484
22870,36449,42,0,6,92414853251076
22871,36449,42,0,7,92423443185668
22872,36449,43,0,0,94562336899076
22873,36449,43,0,1,94570926833668
22874,36449,43,0,2,94579516768260
22875,36449,43,0,3,94588106702852
22876,36449,43,0,4,94596696637444
22877,36449,43,0,5,94605286572036
22878,36449,43,0,6,94613876506628
22879,36449,43,0,7,94622466441220
22880,36449,44,0,0,96761360154628
22881,36449,44,0,1,96769950089220
22882,36449,44,0,2,96778540023812
22883,36449,44,0,3,96787129958404
22884,36449,44,0,4,96795719892996
22885,36449,44,0,5,96804309827588
22886,36449,44,0,6,96812899762180
22887,36449,44,0,7,96821489696772
22888,36449,45,0,0,98960383410180
22889,36449,45,0,1,98968973344772
22890,36449,45,0,2,98977563279364
22891,36449,45,0,3,98986153213956
22892,36449,45,0,4,98994743148548
22893,36449,45,0,5,99003333083140
22894,36449,45,0,6,99011923017732
22895,36449,45,0,7,99020512952324
22896,36449,46,0,0,101159406665732
22897,36449,46,0,1,101167996600324
22898,36449,46,0,2,101176586534916
22899,36449,46,0,3,101185176469508
22900,36449,46,0,4,101193766404100
22901,36449,46,0,5,101202356338692
22902,36449,46,0,6,101210946273284
22903,36449,46,0,7,101219536207876
22904,36449,47,0,0,103358429921284
22905,36449,47,0,1,103367019855876
22906,36449,47,0,2,103375609790468
22907,36449,47,0,3,103384199725060
22908,36449,47,0,4,103392789659652
22909,36449,47,0,5,103401379594244
22910,36449,47,0,6,103409969528836
22911,36449,47,0,7,103418559463428
22912,36449,48,0,0,105557453176836
22913,36449,48,0,1,105566043111428
22914,36449,48,0,2,105574633046020
22915,36449,48,0,3,105583222980612
22916,36449,48,0,4,105591812915204
22917,36449,48,0,5,105600402849796
22918,36449,48,0,6,105608992784388
22919,36449,48,0,7,105617582718980
22920,36449,49,0,0,107756476432388
22921,36449,49,0,1,107765066366980
22922,36449,49,0,2,107773656301572
22923,36449,49,0,3,107782246236164
22924,36449,49,0,4,107790836170756
22925,36449,49,0,5,107799426105348
22926,36449,49,0,6,107808016039940
22927,36449,49,0,7,107816605974532
22928,36449,50,0,0,109955499687940
22929,36449,50,0,1,109964089622532
22930,36449,50,0,2,109972679557124
22931,36449,50,0,3,109981269491716
22932,36449,50,0,4,109989859426308
22933,36449,50,0,5,109998449360900
22934,36449,50,0,6,110007039295492
22935,36449,50,0,7,110015629230084
22936,36449,51,0,0,112154522943492
22937,36449,51,0,1,112163112878084
22938,36449,51,0,2,112171702812676
22939,36449,51,0,3,112180292747268
22940,36449,51,0,4,112188882681860
22941,36449,51,0,5,112197472616452
22942,36449,51,0,6,112206062551044
22943,36449,51,0,7,112214652485636
22944,36449,52,0,0,114353546199044
22945,36449,52,0,1,114362136133636
22946,36449,52,0,2,114370726068228
22947,36449,52,0,3,114379316002820
22948,36449,52,0,4,114387905937412
22949,36449,52,0,5,114396495872004
22950,36449,52,0,6,114405085806596
22951,36449,52,0,7,114413675741188
22952,36449,53,0,0,116552569454596
22953,36449,53,0,1,116561159389188
22954,36449,53,0,2,116569749323780
22955,36449,53,0,3,116578339258372
22956,36449,53,0,4,116586929192964
22957,36449,53,0,5,116595519127556
22958,36449,53,0,6,116604109062148
22959,36449,53,0,7,116612698996740
22960,36449,54,0,0,118751592710148
22961,36449,54,0,1,118760182644740
22962,36449,54,0,2,118768772579332
22963,36449,54,0,3,118777362513924
22964,36449,54,0,4,118785952448516
22965,36449,54,0,5,118794542383108
22966,36449,54,0,6,118803132317700
22967,36449,54,0,7,118811722252292
22968,36449,55,0,0,120950615965700
22969,36449,55,0,1,120959205900292
22970,36449,55,0,2,120967795834884
22971,36449,55,0,3,120976385769476
22972,36449,55,0,4,120984975704068
22973,36449,55,0,5,120993565638660
22974,36449,55,0,6,121002155573252
22975,36449,55,0,7,121010745507844
22976,36449,56,0,0,123149639221252
22977,36449,56,0,1,123158229155844
22978,36449,56,0,2,123166819090436
22979,36449,56,0,3,123175409025028
22980,36449,56,0,4,123183998959620
22981,36449,56,0,5,123192588894212
22982,36449,56,0,6,123201178828804
22983,36449,56,0,7,123209768763396
22984,36449,57,0,0,125348662476804
22985,36449,57,0,1,125357252411396
22986,36449,57,0,2,125365842345988
22987,36449,57,0,3,125374432280580
22988,36449,57,0,4,125383022215172
22989,36449,57,0,5,125391612149764
22990,36449,57,0,6,125400202084356
22991,36449,57,0,7,125408792018948
22992,36449,58,0,0,127547685732356
22993,36449,58,0,1,127556275666948
22994,36449,58,0,2,127564865601540
22995,36449,58,0,3,127573455536132
22996,36449,58,0,4,127582045470724
22997,36449,58,0,5,127590635405316
22998,36449,58,0,6,127599225339908
22999,36449,58,0,7,127607815274500
23000,36449,59,0,0,129746708987908
23001,36449,59,0,1,129755298922500
23002,36449,59,0,2,129763888857092
23003,36449,59,0,3,129772478791684
23004,36449,59,0,4,129781068726276
23005,36449,59,0,5,129789658660868
23006,36449,59,0,6,129798248595460
23007,36449,59,0,7,129806838530052
23008,36449,60,0,0,131945732243460
23009,36449,60,0,1,131954322178052
23010,36449,60,0,2,131962912112644
23011,36449,60,0,3,131971502047236
23012,36449,60,0,4,131980091981828
23013,36449,60,0,5,131988681916420
23014,36449,60,0,6,131997271851012
23015,36449,60,0,7,132005861785604
23016,36449,61,0,0,134144755499012
23017,36449,61,0,1,134153345433604
23018,36449,61,0,2,134161935368196
23019,36449,61,0,3,134170525302788
23020,36449,61,0,4,134179115237380
23021,36449,61,0,5,134187705171972
23022,36449,61,0,6,134196295106564
23023,36449,61,0,7,134204885041156
23024,36449,62,0,0,136343778754564
23025,36449,62,0,1,136352368689156
23026,36449,62,0,2,136360958623748
23027,36449,62,0,3,136369548558340
23028,36449,62,0,4,136378138492932
23029,36449,62,0,5,136386728427524
23030,36449,62,0,6,136395318362116
23031,36449,62,0,7,136403908296708
23032,36449,63,0,0,138542802010116
23033,36449,63,0,1,138551391944708
23034,36449,63,0,2,138559981879300
23035,36449,63,0,3,138568571813892
23036,36449,63,0,4,138577161748484
23037,36449,63,0,5,138585751683076
23038,36449,63,0,6,138594341617668
23039,36449,63,0,7,138602931552260
23040,36451,0,0,0,4336910341
23041,36451,0,0,1,12926844933
23042,36451,0,0,2,21516779525
23043,36451,0,0,3,30106714117
23044,36451,0,0,4,38696648709
23045,36451,0,0,5,47286583301
23046,36451,0,0,6,55876517893
23047,36451,0,0,7,64466452485
23048,36451,1,0,0,2203360165893
23049,36451,1,0,1,2211950100485
23050,36451,1,0,2,2220540035077
23051,36451,1,0,3,2229129969669
23052,36451,1,0,4,2237719904261
23053,36451,1,0,5,2246309838853
23054,36451,1,0,6,2254899773445
23055,36451,1,0,7,2263489708037
23056,36451,2,0,0,4402383421445
23057,36451,2,0,1,4410973356037
23058,36451,2,0,2,4419563290629
23059,36451,2,0,3,4428153225221
23060,36451,2,0,4,4436743159813
23061,36451,2,0,5,4445333094405
23062,36451,2,0,6,4453923028997
23063,36451,2,0,7,4462512963589
23064,36451,3,0,0,6601406676997
23065,36451,3,0,1,6609996611589
23066,36451,3,0,2,6618586546181
23067,36451,3,0,3,6627176480773
23068,36451,3,0,4,6635766415365
23069,36451,3,0,5,6644356349957
23070,36451,3,0,6,6652946284549
23071,36451,3,0,7,6661536219141
23072,36451,4,0,0,8800429932549
23073,36451,4,0,1,8809019867141
23074,36451,4,0,2,8817609801733
23075,36451,4,0,3,8826199736325
23076,36451,4,0,4,8834789670917
23077,36451,4,0,5,8843379605509
23078,36451,4,0,6,8851969540101
23079,36451,4,0,7,8860559474693
23080,36451,5,0,0,10999453188101
23081,36451,5,0,1,11008043122693
23082,36451,5,0,2,11016633057285
23083,36451,5,0,3,11025222991877
23084,36451,5,0,4,11033812926469
23085,36451,5,0,5,11042402861061
23086,36451,5,0,6,11050992795653
23087,36451,5,0,7,11059582730245
23088,36451,6,0,0,13198476443653
23089,36451,6,0,1,13207066378245
23090,36451,6,0,2,13215656312837
23091,36451,6,0,3,13224246247429
23092,36451,6,0,4,13232836182021
23093,36451,6,0,5,13241426116613
23094,36451,6,0,6,13250016051205
23095,36451,6,0,7,13258605985797
23096,36451,7,0,0,15397499699205
23097,36451,7,0,1,15406089633797
23098,36451,7,0,2,15414679568389
23099,36451,7,0,3,15423269502981
23100,36451,7,0,4,15431859437573
23101,36451,7,0,5,15440449372165
23102,36451,7,0,6,15449039306757
23103,36451,7,0,7,15457629241349
23104,36451,8,0,0,17596522954757
23105,36451,8,0,1,17605112889349
23106,36451,8,0,2,17613702823941
23107,36451,8,0,3,17622292758533
23108,36451,8,0,4,17630882693125
23109,36451,8,0,5,17639472627717
23110,36451,8,0,6,17648062562309
23111,36451,8,0,7,17656652496901
23112,36451,9,0,0,19795546210309
23113,36451,9,0,1,19804136144901
23114,36451,9,0,2,19812726079493
23115,36451,9,0,3,19821316014085
23116,36451,9,0,4,19829905948677
23117,36451,9,0,5,19838495883269
23118,36451,9,0,6,19847085817861
23119,36451,9,0,7,19855675752453
23120,36451,10,0,0,21994569465861
23121,36451,10,0,1,22003159400453
23122,36451,10,0,2,22011749335045
23123,36451,10,0,3,22020339269637
23124,36451,10,0,4,22028929204229
23125,36451,10,0,5,22037519138821
23126,36451,10,0,6,22046109073413
23127,36451,10,0,7,22054699008005
23128,36451,11,0,0,24193592721413
23129,36451,11,0,1,24202182656005
23130,36451,11,0,2,24210772590597
23131,36451,11,0,3,24219362525189
23132,36451,11,0,4,24227952459781
23133,36451,11,0,5,24236542394373
23134,36451,11,0,6,24245132328965
23135,36451,11,0,7,24253722263557
23136,36451,12,0,0,26392615976965
23137,36451,12,0,1,26401205911557
23138,36451,12,0,2,26409795846149
23139,36451,12,0,3,26418385780741
23140,36451,12,0,4,26426975715333
23141,36451,12,0,5,26435565649925
23142,36451,12,0,6,26444155584517
23143,36451,12,0,7,26452745519109
23144,36451,13,0,0,28591639232517
23145,36451,13,0,1,28600229167109
23146,36451,13,0,2,28608819101701
23147,36451,13,0,3,28617409036293
23148,36451,13,0,4,28625998970885
23149,36451,13,0,5,28634588905477
23150,36451,13,0,6,28643178840069
23151,36451,13,0,7,28651768774661
23152,36451,14,0,0,30790662488069
23153,36451,14,0,1,30799252422661
23154,36451,14,0,2,30807842357253
23155,36451,14,0,3,30816432291845
23156,36451,14,0,4,30825022226437
23157,36451,14,0,5,30833612161029
23158,36451,14,0,6,30842202095621
23159,36451,14,0,7,30850792030213
23160,36451,15,0,0,32989685743621
23161,36451,15,0,1,32998275678213
23162,36451,15,0,2,33006865612805
23163,36451,15,0,3,33015455547397
23164,36451,15,0,4,33024045481989
23165,36451,15,0,5,33032635416581
23166,36451,15,0,6,33041225351173
23167,36451,15,0,7,33049815285765
23168,36451,16,0,0,35188708999173
23169,36451,16,0,1,35197298933765
23170,36451,16,0,2,35205888868357
23171,36451,16,0,3,35214478802949
23172,36451,16,0,4,35223068737541
23173,36451,16,0,5,35231658672133
23174,36451,16,0,6,35240248606725
23175,36451,16,0,7,35248838541317
23176,36451,17,0,0,37387732254725
23177,36451,17,0,1,37396322189317
23178,36451,17,0,2,37404912123909
23179,36451,17,0,3,37413502058501
23180,36451,17,0,4,37422091993093
23181,36451,17,0,5,37430681927685
23182,36451,17,0,6,37439271862277
23183,36451,17,0,7,37447861796869
23184,36451,18,0,0,39586755510277
23185,36451,18,0,1,39595345444869
23186,36451,18,0,2,39603935379461
23187,36451,18,0,3,39612525314053
23188,36451,18,0,4,39621115248645
23189,36451,18,0,5,39629705183237
23190,36451,18,0,6,39638295117829
23191,36451,18,0,7,39646885052421
23192,36451,19,0,0,41785778765829
23193,36451,19,0,1,41794368700421
23194,36451,19,0,2,41802958635013
23195,36451,19,0,3,41811548569605
23196,36451,19,0,4,41820138504197
23197,36451,19,0,5,41828728438789
23198,36451,19,0,6,41837318373381
23199,36451,19,0,7,41845908307973
23200,36451,20,0,0,43984802021381
23201,36451,20,0,1,43993391955973
23202,36451,20,0,2,44001981890565
23203,36451,20,0,3,44010571825157
23204,36451,20,0,4,44019161759749
23205,36451,20,0,5,44027751694341
23206,36451,20,0,6,44036341628933
23207,36451,20,0,7,44044931563525
23208,36451,21,0,0,46183825276933
23209,36451,21,0,1,46192415211525
23210,36451,21,0,2,46201005146117
23211,36451,21,0,3,46209595080709
23212,36451,21,0,4,46218185015301
23213,36451,21,0,5,46226774949893
23214,36451,21,0,6,46235364884485
23215,36451,21,0,7,46243954819077
23216,36451,22,0,0,48382848532485
23217,36451,22,0,1,48391438467077
23218,36451,22,0,2,48400028401669
23219,36451,22,0,3,48408618336261
23220,36451,22,0,4,48417208270853
23221,36451,22,0,5,48425798205445
23222,36451,22,0,6,48434388140037
23223,36451,22,0,7,48442978074629
23224,36451,23,0,0,50581871788037
23225,36451,23,0,1,50590461722629
23226,36451,23,0,2,50599051657221
23227,36451,23,0,3,50607641591813
23228,36451,23,0,4,50616231526405
23229,36451,23,0,5,50624821460997
23230,36451,23,0,6,50633411395589
23231,36451,23,0,7,50642001330181
23232,36451,24,0,0,52780895043589
23233,36451,24,0,1,52789484978181
23234,36451,24,0,2,52798074912773
23235,36451,24,0,3,52806664847365
23236,36451,24,0,4,52815254781957
23237,36451,24,0,5,52823844716549
23238,36451,24,0,6,52832434651141
23239,36451,24,0,7,52841024585733
23240,36451,25,0,0,54979918299141
23241,36451,25,0,1,54988508233733
23242,36451,25,0,2,54997098168325
23243,36451,25,0,3,55005688102917
23244,36451,25,0,4,55014278037509
23245,36451,25,0,5,55022867972101
23246,36451,25,0,6,55031457906693
23247,36451,25,0,7,55040047841285
23248,36451,26,0,0,57178941554693
23249,36451,26,0,1,57187531489285
23250,36451,26,0,2,57196121423877
23251,36451,26,0,3,57204711358469
23252,36451,26,0,4,57213301293061
23253,36451,26,0,5,57221891227653
23254,36451,26,0,6,57230481162245
23255,36451,26,0,7,57239071096837
23256,36451,27,0,0,59377964810245
23257,36451,27,0,1,59386554744837
23258,36451,27,0,2,59395144679429
23259,36451,27,0,3,59403734614021
23260,36451,27,0,4,59412324548613
23261,36451,27,0,5,59420914483205
23262,36451,27,0,6,59429504417797
23263,36451,27,0,7,59438094352389
23264,36451,28,0,0,61576988065797
23265,36451,28,0,1,61585578000389
23266,36451,28,0,2,61594167934981
23267,36451,28,0,3,61602757869573
23268,36451,28,0,4,61611347804165
23269,36451,28,0,5,61619937738757
23270,36451,28,0,6,61628527673349
23271,36451,28,0,7,61637117607941
23272,36451,29,0,0,63776011321349
23273,36451,29,0,1,63784601255941
23274,36451,29,0,2,63793191190533
23275,36451,29,0,3,63801781125125
23276,36451,29,0,4,63810371059717
23277,36451,29,0,5,63818960994309
23278,36451,29,0,6,63827550928901
23279,36451,29,0,7,63836140863493
23280,36451,30,0,0,65975034576901
23281,36451,30,0,1,65983624511493
23282,36451,30,0,2,65992214446085
23283,36451,30,0,3,66000804380677
23284,36451,30,0,4,66009394315269
23285,36451,30,0,5,66017984249861
23286,36451,30,0,6,66026574184453
23287,36451,30,0,7,66035164119045
23288,36451,31,0,0,68174057832453
23289,36451,31,0,1,68182647767045
23290,36451,31,0,2,68191237701637
23291,36451,31,0,3,68199827636229
23292,36451,31,0,4,68208417570821
23293,36451,31,0,5,68217007505413
23294,36451,31,0,6,68225597440005
23295,36451,31,0,7,68234187374597
23296,36451,32,0,0,70373081088005
23297,36451,32,0,1,70381671022597
23298,36451,32,0,2,70390260957189
23299,36451,32,0,3,70398850891781
23300,36451,32,0,4,70407440826373
23301,36451,32,0,5,70416030760965
23302,36451,32,0,6,70424620695557
23303,36451,32,0,7,70433210630149
23304,36451,33,0,0,72572104343557
23305,36451,33,0,1,72580694278149
23306,36451,33,0,2,72589284212741
23307,36451,33,0,3,72597874147333
23308,36451,33,0,4,72606464081925
23309,36451,33,0,5,72615054016517
23310,36451,33,0,6,72623643951109
23311,36451,33,0,7,72632233885701
23312,36451,34,0,0,74771127599109
23313,36451,34,0,1,74779717533701
23314,36451,34,0,2,74788307468293
23315,36451,34,0,3,74796897402885
23316,36451,34,0,4,74805487337477
23317,36451,34,0,5,74814077272069
23318,36451,34,0,6,74822667206661
23319,36451,34,0,7,74831257141253
23320,36451,35,0,0,76970150854661
23321,36451,35,0,1,76978740789253
23322,36451,35,0,2,76987330723845
23323,36451,35,0,3,76995920658437
23324,36451,35,0,4,77004510593029
23325,36451,35,0,5,77013100527621
23326,36451,35,0,6,77021690462213
23327,36451,35,0,7,77030280396805
23328,36451,36,0,0,79169174110213
23329,36451,36,0,1,79177764044805
23330,36451,36,0,2,79186353979397
23331,36451,36,0,3,79194943913989
23332,36451,36,0,4,79203533848581
23333,36451,36,0,5,79212123783173
23334,36451,36,0,6,79220713717765
23335,36451,36,0,7,79229303652357
23336,36451,37,0,0,81368197365765
23337,36451,37,0,1,81376787300357
23338,36451,37,0,2,81385377234949
23339,36451,37,0,3,81393967169541
23340,36451,37,0,4,81402557104133
23341,36451,37,0,5,81411147038725
23342,36451,37,0,6,81419736973317
23343,36451,37,0,7,81428326907909
23344,36451,38,0,0,83567220621317
23345,36451,38,0,1,83575810555909
23346,36451,38,0,2,83584400490501
23347,36451,38,0,3,83592990425093
23348,36451,38,0,4,83601580359685
23349,36451,38,0,5,83610170294277
23350,36451,38,0,6,83618760228869
23351,36451,38,0,7,83627350163461
23352,36451,39,0,0,85766243876869
23353,36451,39,0,1,85774833811461
23354,36451,39,0,2,85783423746053
23355,36451,39,0,3,85792013680645
23356,36451,39,0,4,85800603615237
23357,36451,39,0,5,85809193549829
23358,36451,39,0,6,85817783484421
23359,36451,39,0,7,85826373419013
23360,36451,40,0,0,87965267132421
23361,36451,40,0,1,87973857067013
23362,36451,40,0,2,87982447001605
23363,36451,40,0,3,87991036936197
23364,36451,40,0,4,87999626870789
23365,36451,40,0,5,88008216805381
23366,36451,40,0,6,88016806739973
23367,36451,40,0,7,88025396674565
23368,36451,41,0,0,90164290387973
23369,36451,41,0,1,90172880322565
23370,36451,41,0,2,90181470257157
23371,36451,41,0,3,90190060191749
23372,36451,41,0,4,90198650126341
23373,36451,41,0,5,90207240060933
23374,36451,41,0,6,90215829995525
23375,36451,41,0,7,90224419930117
23376,36451,42,0,0,92363313643525
23377,36451,42,0,1,92371903578117
23378,36451,42,0,2,92380493512709
23379,36451,42,0,3,92389083447301
23380,36451,42,0,4,92397673381893
23381,36451,42,0,5,92406263316485
23382,36451,42,0,6,92414853251077
23383,36451,42,0,7,92423443185669
23384,36451,43,0,0,94562336899077
23385,36451,43,0,1,94570926833669
23386,36451,43,0,2,94579516768261
23387,36451,43,0,3,94588106702853
23388,36451,43,0,4,94596696637445
23389,36451,43,0,5,94605286572037
23390,36451,43,0,6,94613876506629
23391,36451,43,0,7,94622466441221
23392,36451,44,0,0,96761360154629
23393,36451,44,0,1,96769950089221
23394,36451,44,0,2,96778540023813
23395,36451,44,0,3,96787129958405
23396,36451,44,0,4,96795719892997
23397,36451,44,0,5,96804309827589
23398,36451,44,0,6,96812899762181
23399,36451,44,0,7,96821489696773
23400,36451,45,0,0,98960383410181
23401,36451,45,0,1,98968973344773
23402,36451,45,0,2,98977563279365
23403,36451,45,0,3,98986153213957
23404,36451,45,0,4,98994743148549
23405,36451,45,0,5,99003333083141
23406,36451,45,0,6,99011923017733
23407,36451,45,0,7,99020512952325
23408,36451,46,0,0,101159406665733
23409,36451,46,0,1,101167996600325
23410,36451,46,0,2,101176586534917
23411,36451,46,0,3,101185176469509
23412,36451,46,0,4,101193766404101
23413,36451,46,0,5,101202356338693
23414,36451,46,0,6,101210946273285
23415,36451,46,0,7,101219536207877
23416,36451,47,0,0,103358429921285
23417,36451,47,0,1,103367019855877
23418,36451,47,0,2,103375609790469
23419,36451,47,0,3,103384199725061
23420,36451,47,0,4,103392789659653
23421,36451,47,0,5,103401379594245
23422,36451,47,0,6,103409969528837
23423,36451,47,0,7,103418559463429
23424,36451,48,0,0,105557453176837
23425,36451,48,0,1,105566043111429
23426,36451,48,0,2,105574633046021
23427,36451,48,0,3,105583222980613
23428,36451,48,0,4,105591812915205
23429,36451,48,0,5,105600402849797
23430,36451,48,0,6,105608992784389
23431,36451,48,0,7,105617582718981
23432,36451,49,0,0,107756476432389
23433,36451,49,0,1,107765066366981
23434,36451,49,0,2,107773656301573
23435,36451,49,0,3,107782246236165
23436,36451,49,0,4,107790836170757
23437,36451,49,0,5,107799426105349
23438,36451,49,0,6,107808016039941
23439,36451,49,0,7,107816605974533
23440,36451,50,0,0,109955499687941
23441,36451,50,0,1,109964089622533
23442,36451,50,0,2,109972679557125
23443,36451,50,0,3,109981269491717
23444,36451,50,0,4,109989859426309
23445,36451,50,0,5,109998449360901
23446,36451,50,0,6,110007039295493
23447,36451,50,0,7,110015629230085
23448,36451,51,0,0,112154522943493
23449,36451,51,0,1,112163112878085
23450,36451,51,0,2,112171702812677
23451,36451,51,0,3,112180292747269
23452,36451,51,0,4,112188882681861
23453,36451,51,0,5,112197472616453
23454,36451,51,0,6,112206062551045
23455,36451,51,0,7,112214652485637
23456,36451,52,0,0,114353546199045
23457,36451,52,0,1,114362136133637
23458,36451,52,0,2,114370726068229
23459,36451,52,0,3,114379316002821
23460,36451,52,0,4,114387905937413
23461,36451,52,0,5,114396495872005
23462,36451,52,0,6,114405085806597
23463,36451,52,0,7,114413675741189
23464,36451,53,0,0,116552569454597
23465,36451,53,0,1,116561159389189
23466,36451,53,0,2,116569749323781
23467,36451,53,0,3,116578339258373
23468,36451,53,0,4,116586929192965
23469,36451,53,0,5,116595519127557
23470,36451,53,0,6,116604109062149
23471,36451,53,0,7,116612698996741
23472,36451,54,0,0,118751592710149
23473,36451,54,0,1,118760182644741
23474,36451,54,0,2,118768772579333
23475,36451,54,0,3,118777362513925
23476,36451,54,0,4,118785952448517
23477,36451,54,0,5,118794542383109
23478,36451,54,0,6,118803132317701
23479,36451,54,0,7,118811722252293
23480,36451,55,0,0,120950615965701
23481,36451,55,0,1,120959205900293
23482,36451,55,0,2,120967795834885
23483,36451,55,0,3,120976385769477
23484,36451,55,0,4,120984975704069
23485,36451,55,0,5,120993565638661
23486,36451,55,0,6,121002155573253
23487,36451,55,0,7,121010745507845
23488,36451,56,0,0,123149639221253
23489,36451,56,0,1,123158229155845
23490,36451,56,0,2,123166819090437
23491,36451,56,0,3,123175409025029
23492,36451,56,0,4,123183998959621
23493,36451,56,0,5,123192588894213
23494,36451,56,0,6,123201178828805
23495,36451,56,0,7,123209768763397
23496,36451,57,0,0,125348662476805
23497,36451,57,0,1,125357252411397
23498,36451,57,0,2,125365842345989
23499,36451,57,0,3,125374432280581
23500,36451,57,0,4,125383022215173
23501,36451,57,0,5,125391612149765
23502,36451,57,0,6,125400202084357
23503,36451,57,0,7,125408792018949
23504,36451,58,0,0,127547685732357
23505,36451,58,0,1,127556275666949
23506,36451,58,0,2,127564865601541
23507,36451,58,0,3,127573455536133
23508,36451,58,0,4,127582045470725
23509,36451,58,0,5,127590635405317
23510,36451,58,0,6,127599225339909
23511,36451,58,0,7,127607815274501
23512,36451,59,0,0,129746708987909
23513,36451,59,0,1,129755298922501
23514,36451,59,0,2,129763888857093
23515,36451,59,0,3,129772478791685
23516,36451,59,0,4,129781068726277
23517,36451,59,0,5,129789658660869
23518,36451,59,0,6,129798248595461
23519,36451,59,0,7,129806838530053
23520,36451,60,0,0,131945732243461
23521,36451,60,0,1,131954322178053
23522,36451,60,0,2,131962912112645
23523,36451,60,0,3,131971502047237
23524,36451,60,0,4,131980091981829
23525,36451,60,0,5,131988681916421
23526,36451,60,0,6,131997271851013
23527,36451,60,0,7,132005861785605
23528,36451,61,0,0,134144755499013
23529,36451,61,0,1,134153345433605
23530,36451,61,0,2,134161935368197
23531,36451,61,0,3,134170525302789
23532,36451,61,0,4,134179115237381
23533,36451,61,0,5,134187705171973
23534,36451,61,0,6,134196295106565
23535,36451,61,0,7,134204885041157
23536,36451,62,0,0,136343778754565
23537,36451,62,0,1,136352368689157
23538,36451,62,0,2,136360958623749
23539,36451,62,0,3,136369548558341
23540,36451,62,0,4,136378138492933
23541,36451,62,0,5,136386728427525
23542,36451,62,0,6,136395318362117
23543,36451,62,0,7,136403908296709
23544,36451,63,0,0,138542802010117
23545,36451,63,0,1,138551391944709
23546,36451,63,0,2,138559981879301
23547,36451,63,0,3,138568571813893
23548,36451,63,0,4,138577161748485
23549,36451,63,0,5,138585751683077
23550,36451,63,0,6,138594341617669
23551,36451,63,0,7,138602931552261
23552,36453,0,0,0,4336910342
23553,36453,0,0,1,12926844934
23554,36453,0,0,2,21516779526
23555,36453,0,0,3,30106714118
23556,36453,0,0,4,38696648710
23557,36453,0,0,5,47286583302
23558,36453,0,0,6,55876517894
23559,36453,0,0,7,64466452486
23560,36453,1,0,0,2203360165894
23561,36453,1,0,1,2211950100486
23562,36453,1,0,2,2220540035078
23563,36453,1,0,3,2229129969670
23564,36453,1,0,4,2237719904262
23565,36453,1,0,5,2246309838854
23566,36453,1,0,6,2254899773446
23567,36453,1,0,7,2263489708038
23568,36453,2,0,0,4402383421446
23569,36453,2,0,1,4410973356038
23570,36453,2,0,2,4419563290630
23571,36453,2,0,3,4428153225222
23572,36453,2,0,4,4436743159814
23573,36453,2,0,5,4445333094406
23574,36453,2,0,6,4453923028998
23575,36453,2,0,7,4462512963590
23576,36453,3,0,0,6601406676998
23577,36453,3,0,1,6609996611590
23578,36453,3,0,2,6618586546182
23579,36453,3,0,3,6627176480774
23580,36453,3,0,4,6635766415366
23581,36453,3,0,5,6644356349958
23582,36453,3,0,6,6652946284550
23583,36453,3,0,7,6661536219142
23584,36453,4,0,0,8800429932550
23585,36453,4,0,1,8809019867142
23586,36453,4,0,2,8817609801734
23587,36453,4,0,3,8826199736326
23588,36453,4,0,4,8834789670918
23589,36453,4,0,5,8843379605510
23590,36453,4,0,6,8851969540102
23591,36453,4,0,7,8860559474694
23592,36453,5,0,0,10999453188102
23593,36453,5,0,1,11008043122694
23594,36453,5,0,2,11016633057286
23595,36453,5,0,3,11025222991878
23596,36453,5,0,4,11033812926470
23597,36453,5,0,5,11042402861062
23598,36453,5,0,6,11050992795654
23599,36453,5,0,7,11059582730246
23600,36453,6,0,0,13198476443654
23601,36453,6,0,1,13207066378246
23602,36453,6,0,2,13215656312838
23603,36453,6,0,3,13224246247430
23604,36453,6,0,4,13232836182022
23605,36453,6,0,5,13241426116614
23606,36453,6,0,6,13250016051206
23607,36453,6,0,7,13258605985798
23608,36453,7,0,0,15397499699206
23609,36453,7,0,1,15406089633798
23610,36453,7,0,2,15414679568390
23611,36453,7,0,3,15423269502982
23612,36453,7,0,4,15431859437574
23613,36453,7,0,5,15440449372166
23614,36453,7,0,6,15449039306758
23615,36453,7,0,7,15457629241350
23616,36453,8,0,0,17596522954758
23617,36453,8,0,1,17605112889350
23618,36453,8,0,2,17613702823942
23619,36453,8,0,3,17622292758534
23620,36453,8,0,4,17630882693126
23621,36453,8,0,5,17639472627718
23622,36453,8,0,6,17648062562310
23623,36453,8,0,7,17656652496902
23624,36453,9,0,0,19795546210310
23625,36453,9,0,1,19804136144902
23626,36453,9,0,2,19812726079494
23627,36453,9,0,3,19821316014086
23628,36453,9,0,4,19829905948678
23629,36453,9,0,5,19838495883270
23630,36453,9,0,6,19847085817862
23631,36453,9,0,7,19855675752454
23632,36453,10,0,0,21994569465862
23633,36453,10,0,1,22003159400454
23634,36453,10,0,2,22011749335046
23635,36453,10,0,3,22020339269638
23636,36453,10,0,4,22028929204230
23637,36453,10,0,5,22037519138822
23638,36453,10,0,6,22046109073414
23639,36453,10,0,7,22054699008006
23640,36453,11,0,0,24193592721414
23641,36453,11,0,1,24202182656006
23642,36453,11,0,2,24210772590598
23643,36453,11,0,3,24219362525190
23644,36453,11,0,4,24227952459782
23645,36453,11,0,5,24236542394374
23646,36453,11,0,6,24245132328966
23647,36453,11,0,7,24253722263558
23648,36453,12,0,0,26392615976966
23649,36453,12,0,1,26401205911558
23650,36453,12,0,2,26409795846150
23651,36453,12,0,3,26418385780742
23652,36453,12,0,4,26426975715334
23653,36453,12,0,5,26435565649926
23654,36453,12,0,6,26444155584518
23655,36453,12,0,7,26452745519110
23656,36453,13,0,0,28591639232518
23657,36453,13,0,1,28600229167110
23658,36453,13,0,2,28608819101702
23659,36453,13,0,3,28617409036294
23660,36453,13,0,4,28625998970886
23661,36453,13,0,5,28634588905478
23662,36453,13,0,6,28643178840070
23663,36453,13,0,7,28651768774662
23664,36453,14,0,0,30790662488070
23665,36453,14,0,1,30799252422662
23666,36453,14,0,2,30807842357254
23667,36453,14,0,3,30816432291846
23668,36453,14,0,4,30825022226438
23669,36453,14,0,5,30833612161030
23670,36453,14,0,6,30842202095622
23671,36453,14,0,7,30850792030214
23672,36453,15,0,0,32989685743622
23673,36453,15,0,1,32998275678214
23674,36453,15,0,2,33006865612806
23675,36453,15,0,3,33015455547398
23676,36453,15,0,4,33024045481990
23677,36453,15,0,5,33032635416582
23678,36453,15,0,6,33041225351174
23679,36453,15,0,7,33049815285766
23680,36453,16,0,0,35188708999174
23681,36453,16,0,1,35197298933766
23682,36453,16,0,2,35205888868358
23683,36453,16,0,3,35214478802950
23684,36453,16,0,4,35223068737542
23685,36453,16,0,5,35231658672134
23686,36453,16,0,6,35240248606726
23687,36453,16,0,7,35248838541318
23688,36453,17,0,0,37387732254726
23689,36453,17,0,1,37396322189318
23690,36453,17,0,2,37404912123910
23691,36453,17,0,3,37413502058502
23692,36453,17,0,4,37422091993094
23693,36453,17,0,5,37430681927686
23694,36453,17,0,6,37439271862278
23695,36453,17,0,7,37447861796870
23696,36453,18,0,0,39586755510278
23697,36453,18,0,1,39595345444870
23698,36453,18,0,2,39603935379462
23699,36453,18,0,3,39612525314054
23700,36453,18,0,4,39621115248646
23701,36453,18,0,5,39629705183238
23702,36453,18,0,6,39638295117830
23703,36453,18,0,7,39646885052422
23704,36453,19,0,0,41785778765830
23705,36453,19,0,1,41794368700422
23706,36453,19,0,2,41802958635014
23707,36453,19,0,3,41811548569606
23708,36453,19,0,4,41820138504198
23709,36453,19,0,5,41828728438790
23710,36453,19,0,6,41837318373382
23711,36453,19,0,7,41845908307974
23712,36453,20,0,0,43984802021382
23713,36453,20,0,1,43993391955974
23714,36453,20,0,2,44001981890566
23715,36453,20,0,3,44010571825158
23716,36453,20,0,4,44019161759750
23717,36453,20,0,5,44027751694342
23718,36453,20,0,6,44036341628934
23719,36453,20,0,7,44044931563526
23720,36453,21,0,0,46183825276934
23721,36453,21,0,1,46192415211526
23722,36453,21,0,2,46201005146118
23723,36453,21,0,3,46209595080710
23724,36453,21,0,4,46218185015302
23725,36453,21,0,5,46226774949894
23726,36453,21,0,6,46235364884486
23727,36453,21,0,7,46243954819078
23728,36453,22,0,0,48382848532486
23729,36453,22,0,1,48391438467078
23730,36453,22,0,2,48400028401670
23731,36453,22,0,3,48408618336262
23732,36453,22,0,4,48417208270854
23733,36453,22,0,5,48425798205446
23734,36453,22,0,6,48434388140038
23735,36453,22,0,7,48442978074630
23736,36453,23,0,0,50581871788038
23737,36453,23,0,1,50590461722630
23738,36453,23,0,2,50599051657222
23739,36453,23,0,3,50607641591814
23740,36453,23,0,4,50616231526406
23741,36453,23,0,5,50624821460998
23742,36453,23,0,6,50633411395590
23743,36453,23,0,7,50642001330182
23744,36453,24,0,0,52780895043590
23745,36453,24,0,1,52789484978182
23746,36453,24,0,2,52798074912774
23747,36453,24,0,3,52806664847366
23748,36453,24,0,4,52815254781958
23749,36453,24,0,5,52823844716550
23750,36453,24,0,6,52832434651142
23751,36453,24,0,7,52841024585734
23752,36453,25,0,0,54979918299142
23753,36453,25,0,1,54988508233734
23754,36453,25,0,2,54997098168326
23755,36453,25,0,3,55005688102918
23756,36453,25,0,4,55014278037510
23757,36453,25,0,5,55022867972102
23758,36453,25,0,6,55031457906694
23759,36453,25,0,7,55040047841286
23760,36453,26,0,0,57178941554694
23761,36453,26,0,1,57187531489286
23762,36453,26,0,2,57196121423878
23763,36453,26,0,3,57204711358470
23764,36453,26,0,4,57213301293062
23765,36453,26,0,5,57221891227654
23766,36453,26,0,6,57230481162246
23767,36453,26,0,7,57239071096838
23768,36453,27,0,0,59377964810246
23769,36453,27,0,1,59386554744838
23770,36453,27,0,2,59395144679430
23771,36453,27,0,3,59403734614022
23772,36453,27,0,4,59412324548614
23773,36453,27,0,5,59420914483206
23774,36453,27,0,6,59429504417798
23775,36453,27,0,7,59438094352390
23776,36453,28,0,0,61576988065798
23777,36453,28,0,1,61585578000390
23778,36453,28,0,2,61594167934982
23779,36453,28,0,3,61602757869574
23780,36453,28,0,4,61611347804166
23781,36453,28,0,5,61619937738758
23782,36453,28,0,6,61628527673350
23783,36453,28,0,7,61637117607942
23784,36453,29,0,0,63776011321350
23785,36453,29,0,1,63784601255942
23786,36453,29,0,2,63793191190534
23787,36453,29,0,3,63801781125126
23788,36453,29,0,4,63810371059718
23789,36453,29,0,5,63818960994310
23790,36453,29,0,6,63827550928902
23791,36453,29,0,7,63836140863494
23792,36453,30,0,0,65975034576902
23793,36453,30,0,1,65983624511494
23794,36453,30,0,2,65992214446086
23795,36453,30,0,3,66000804380678
23796,36453,30,0,4,66009394315270
23797,36453,30,0,5,66017984249862
23798,36453,30,0,6,66026574184454
23799,36453,30,0,7,66035164119046
23800,36453,31,0,0,68174057832454
23801,36453,31,0,1,68182647767046
23802,36453,31,0,2,68191237701638
23803,36453,31,0,3,68199827636230
23804,36453,31,0,4,68208417570822
23805,36453,31,0,5,68217007505414
23806,36453,31,0,6,68225597440006
23807,36453,31,0,7,68234187374598
23808,36453,32,0,0,70373081088006
23809,36453,32,0,1,70381671022598
23810,36453,32,0,2,70390260957190
23811,36453,32,0,3,70398850891782
23812,36453,32,0,4,70407440826374
23813,36453,32,0,5,70416030760966
23814,36453,32,0,6,70424620695558
23815,36453,32,0,7,70433210630150
23816,36453,33,0,0,72572104343558
23817,36453,33,0,1,72580694278150
23818,36453,33,0,2,72589284212742
23819,36453,33,0,3,72597874147334
23820,36453,33,0,4,72606464081926
23821,36453,33,0,5,72615054016518
23822,36453,33,0,6,72623643951110
23823,36453,33,0,7,72632233885702
23824,36453,34,0,0,74771127599110
23825,36453,34,0,1,74779717533702
23826,36453,34,0,2,74788307468294
23827,36453,34,0,3,74796897402886
23828,36453,34,0,4,74805487337478
23829,36453,34,0,5,74814077272070
23830,36453,34,0,6,74822667206662
23831,36453,34,0,7,74831257141254
23832,36453,35,0,0,76970150854662
23833,36453,35,0,1,76978740789254
23834,36453,35,0,2,76987330723846
23835,36453,35,0,3,76995920658438
23836,36453,35,0,4,77004510593030
23837,36453,35,0,5,77013100527622
23838,36453,35,0,6,77021690462214
23839,36453,35,0,7,77030280396806
23840,36453,36,0,0,79169174110214
23841,36453,36,0,1,79177764044806
23842,36453,36,0,2,79186353979398
23843,36453,36,0,3,79194943913990
23844,36453,36,0,4,79203533848582
23845,36453,36,0,5,79212123783174
23846,36453,36,0,6,79220713717766
23847,36453,36,0,7,79229303652358
23848,36453,37,0,0,81368197365766
23849,36453,37,0,1,81376787300358
23850,36453,37,0,2,81385377234950
23851,36453,37,0,3,81393967169542
23852,36453,37,0,4,81402557104134
23853,36453,37,0,5,81411147038726
23854,36453,37,0,6,81419736973318
23855,36453,37,0,7,81428326907910
23856,36453,38,0,0,83567220621318
23857,36453,38,0,1,83575810555910
23858,36453,38,0,2,83584400490502
23859,36453,38,0,3,83592990425094
23860,36453,38,0,4,83601580359686
23861,36453,38,0,5,83610170294278
23862,36453,38,0,6,83618760228870
23863,36453,38,0,7,83627350163462
23864,36453,39,0,0,85766243876870
23865,36453,39,0,1,85774833811462
23866,36453,39,0,2,85783423746054
23867,36453,39,0,3,85792013680646
23868,36453,39,0,4,85800603615238
23869,36453,39,0,5,85809193549830
23870,36453,39,0,6,85817783484422
23871,36453,39,0,7,85826373419014
23872,36453,40,0,0,87965267132422
23873,36453,40,0,1,87973857067014
23874,36453,40,0,2,87982447001606
23875,36453,40,0,3,87991036936198
23876,36453,40,0,4,87999626870790
23877,36453,40,0,5,88008216805382
23878,36453,40,0,6,88016806739974
23879,36453,40,0,7,88025396674566
23880,36453,41,0,0,90164290387974
23881,36453,41,0,1,90172880322566
23882,36453,41,0,2,90181470257158
23883,36453,41,0,3,90190060191750
23884,36453,41,0,4,90198650126342
23885,36453,41,0,5,90207240060934
23886,36453,41,0,6,90215829995526
23887,36453,41,0,7,90224419930118
23888,36453,42,0,0,92363313643526
23889,36453,42,0,1,92371903578118
23890,36453,42,0,2,92380493512710
23891,36453,42,0,3,92389083447302
23892,36453,42,0,4,92397673381894
23893,36453,42,0,5,92406263316486
23894,36453,42,0,6,92414853251078
23895,36453,42,0,7,92423443185670
23896,36453,43,0,0,94562336899078
23897,36453,43,0,1,94570926833670
23898,36453,43,0,2,94579516768262
23899,36453,43,0,3,94588106702854
23900,36453,43,0,4,94596696637446
23901,36453,43,0,5,94605286572038
23902,36453,43,0,6,94613876506630
23903,36453,43,0,7,94622466441222
23904,36453,44,0,0,96761360154630
23905,36453,44,0,1,96769950089222
23906,36453,44,0,2,96778540023814
23907,36453,44,0,3,96787129958406
23908,36453,44,0,4,96795719892998
23909,36453,44,0,5,96804309827590
23910,36453,44,0,6,96812899762182
23911,36453,44,0,7,96821489696774
23912,36453,45,0,0,98960383410182
23913,36453,45,0,1,98968973344774
23914,36453,45,0,2,98977563279366
23915,36453,45,0,3,98986153213958
23916,36453,45,0,4,98994743148550
23917,36453,45,0,5,99003333083142
23918,36453,45,0,6,99011923017734
23919,36453,45,0,7,99020512952326
23920,36453,46,0,0,101159406665734
23921,36453,46,0,1,101167996600326
23922,36453,46,0,2,101176586534918
23923,36453,46,0,3,101185176469510
23924,36453,46,0,4,101193766404102
23925,36453,46,0,5,101202356338694
23926,36453,46,0,6,101210946273286
23927,36453,46,0,7,101219536207878
23928,36453,47,0,0,103358429921286
23929,36453,47,0,1,103367019855878
23930,36453,47,0,2,103375609790470
23931,36453,47,0,3,103384199725062
23932,36453,47,0,4,103392789659654
23933,36453,47,0,5,103401379594246
23934,36453,47,0,6,103409969528838
23935,36453,47,0,7,103418559463430
23936,36453,48,0,0,105557453176838
23937,36453,48,0,1,105566043111430
23938,36453,48,0,2,105574633046022
23939,36453,48,0,3,105583222980614
23940,36453,48,0,4,105591812915206
23941,36453,48,0,5,105600402849798
23942,36453,48,0,6,105608992784390
23943,36453,48,0,7,105617582718982
23944,36453,49,0,0,107756476432390
23945,36453,49,0,1,107765066366982
23946,36453,49,0,2,107773656301574
23947,36453,49,0,3,107782246236166
23948,36453,49,0,4,107790836170758
23949,36453,49,0,5,107799426105350
23950,36453,49,0,6,107808016039942
23951,36453,49,0,7,107816605974534
23952,36453,50,0,0,109955499687942
23953,36453,50,0,1,109964089622534
23954,36453,50,0,2,109972679557126
23955,36453,50,0,3,109981269491718
23956,36453,50,0,4,109989859426310
23957,36453,50,0,5,109998449360902
23958,36453,50,0,6,110007039295494
23959,36453,50,0,7,110015629230086
23960,36453,51,0,0,112154522943494
23961,36453,51,0,1,112163112878086
23962,36453,51,0,2,112171702812678
23963,36453,51,0,3,112180292747270
23964,36453,51,0,4,112188882681862
23965,36453,51,0,5,112197472616454
23966,36453,51,0,6,112206062551046
23967,36453,51,0,7,112214652485638
23968,36453,52,0,0,114353546199046
23969,36453,52,0,1,114362136133638
23970,36453,52,0,2,114370726068230
23971,36453,52,0,3,114379316002822
23972,36453,52,0,4,114387905937414
23973,36453,52,0,5,114396495872006
23974,36453,52,0,6,114405085806598
23975,36453,52,0,7,114413675741190
23976,36453,53,0,0,116552569454598
23977,36453,53,0,1,116561159389190
23978,36453,53,0,2,116569749323782
23979,36453,53,0,3,116578339258374
23980,36453,53,0,4,116586929192966
23981,36453,53,0,5,116595519127558
23982,36453,53,0,6,116604109062150
23983,36453,53,0,7,116612698996742
23984,36453,54,0,0,118751592710150
23985,36453,54,0,1,118760182644742
23986,36453,54,0,2,118768772579334
23987,36453,54,0,3,118777362513926
23988,36453,54,0,4,118785952448518
23989,36453,54,0,5,118794542383110
23990,36453,54,0,6,118803132317702
23991,36453,54,0,7,118811722252294
23992,36453,55,0,0,120950615965702
23993,36453,55,0,1,120959205900294
23994,36453,55,0,2,120967795834886
23995,36453,55,0,3,120976385769478
23996,36453,55,0,4,120984975704070
23997,36453,55,0,5,120993565638662
23998,36453,55,0,6,121002155573254
23999,36453,55,0,7,121010745507846
24000,36453,56,0,0,123149639221254
24001,36453,56,0,1,123158229155846
24002,36453,56,0,2,123166819090438
24003,36453,56,0,3,123175409025030
24004,36453,56,0,4,123183998959622
24005,36453,56,0,5,123192588894214
24006,36453,56,0,6,123201178828806
24007,36453,56,0,7,123209768763398
24008,36453,57,0,0,125348662476806
24009,36453,57,0,1,125357252411398
24010,36453,57,0,2,125365842345990
24011,36453,57,0,3,125374432280582
24012,36453,57,0,4,125383022215174
24013,36453,57,0,5,125391612149766
24014,36453,57,0,6,125400202084358
24015,36453,57,0,7,125408792018950
24016,36453,58,0,0,127547685732358
24017,36453,58,0,1,127556275666950
24018,36453,58,0,2,127564865601542
24019,36453,58,0,3,127573455536134
24020,36453,58,0,4,127582045470726
24021,36453,58,0,5,127590635405318
24022,36453,58,0,6,127599225339910
24023,36453,58,0,7,127607815274502
24024,36453,59,0,0,129746708987910
24025,36453,59,0,1,129755298922502
24026,36453,59,0,2,129763888857094
24027,36453,59,0,3,129772478791686
24028,36453,59,0,4,129781068726278
24029,36453,59,0,5,129789658660870
24030,36453,59,0,6,129798248595462
24031,36453,59,0,7,129806838530054
24032,36453,60,0,0,131945732243462
24033,36453,60,0,1,131954322178054
24034,36453,60,0,2,131962912112646
24035,36453,60,0,3,131971502047238
24036,36453,60,0,4,131980091981830
24037,36453,60,0,5,131988681916422
24038,36453,60,0,6,131997271851014
24039,36453,60,0,7,132005861785606
24040,36453,61,0,0,134144755499014
24041,36453,61,0,1,134153345433606
24042,36453,61,0,2,134161935368198
24043,36453,61,0,3,134170525302790
24044,36453,61,0,4,134179115237382
24045,36453,61,0,5,134187705171974
24046,36453,61,0,6,134196295106566
24047,36453,61,0,7,134204885041158
24048,36453,62,0,0,136343778754566
24049,36453,62,0,1,136352368689158
24050,36453,62,0,2,136360958623750
24051,36453,62,0,3,136369548558342
24052,36453,62,0,4,136378138492934
24053,36453,62,0,5,136386728427526
24054,36453,62,0,6,136395318362118
24055,36453,62,0,7,136403908296710
24056,36453,63,0,0,138542802010118
24057,36453,63,0,1,138551391944710
24058,36453,63,0,2,138559981879302
24059,36453,63,0,3,138568571813894
24060,36453,63,0,4,138577161748486
24061,36453,63,0,5,138585751683078
24062,36453,63,0,6,138594341617670
24063,36453,63,0,7,138602931552262
24064,36455,0,0,0,4336910343
24065,36455,0,0,1,12926844935
24066,36455,0,0,2,21516779527
24067,36455,0,0,3,30106714119
24068,36455,0,0,4,38696648711
24069,36455,0,0,5,47286583303
24070,36455,0,0,6,55876517895
24071,36455,0,0,7,64466452487
24072,36455,1,0,0,2203360165895
24073,36455,1,0,1,2211950100487
24074,36455,1,0,2,2220540035079
24075,36455,1,0,3,2229129969671
24076,36455,1,0,4,2237719904263
24077,36455,1,0,5,2246309838855
24078,36455,1,0,6,2254899773447
24079,36455,1,0,7,2263489708039
24080,36455,2,0,0,4402383421447
24081,36455,2,0,1,4410973356039
24082,36455,2,0,2,4419563290631
24083,36455,2,0,3,4428153225223
24084,36455,2,0,4,4436743159815
24085,36455,2,0,5,4445333094407
24086,36455,2,0,6,4453923028999
24087,36455,2,0,7,4462512963591
24088,36455,3,0,0,6601406676999
24089,36455,3,0,1,6609996611591
24090,36455,3,0,2,6618586546183
24091,36455,3,0,3,6627176480775
24092,36455,3,0,4,6635766415367
24093,36455,3,0,5,6644356349959
24094,36455,3,0,6,6652946284551
24095,36455,3,0,7,6661536219143
24096,36455,4,0,0,8800429932551
24097,36455,4,0,1,8809019867143
24098,36455,4,0,2,8817609801735
24099,36455,4,0,3,8826199736327
24100,36455,4,0,4,8834789670919
24101,36455,4,0,5,8843379605511
24102,36455,4,0,6,8851969540103
24103,36455,4,0,7,8860559474695
24104,36455,5,0,0,10999453188103
24105,36455,5,0,1,11008043122695
24106,36455,5,0,2,11016633057287
24107,36455,5,0,3,11025222991879
24108,36455,5,0,4,11033812926471
24109,36455,5,0,5,11042402861063
24110,36455,5,0,6,11050992795655
24111,36455,5,0,7,11059582730247
24112,36455,6,0,0,13198476443655
24113,36455,6,0,1,13207066378247
24114,36455,6,0,2,13215656312839
24115,36455,6,0,3,13224246247431
24116,36455,6,0,4,13232836182023
24117,36455,6,0,5,13241426116615
24118,36455,6,0,6,13250016051207
24119,36455,6,0,7,13258605985799
24120,36455,7,0,0,15397499699207
24121,36455,7,0,1,15406089633799
24122,36455,7,0,2,15414679568391
24123,36455,7,0,3,15423269502983
24124,36455,7,0,4,15431859437575
24125,36455,7,0,5,15440449372167
24126,36455,7,0,6,15449039306759
24127,36455,7,0,7,15457629241351
24128,36455,8,0,0,17596522954759
24129,36455,8,0,1,17605112889351
24130,36455,8,0,2,17613702823943
24131,36455,8,0,3,17622292758535
24132,36455,8,0,4,17630882693127
24133,36455,8,0,5,17639472627719
24134,36455,8,0,6,17648062562311
24135,36455,8,0,7,17656652496903
24136,36455,9,0,0,19795546210311
24137,36455,9,0,1,19804136144903
24138,36455,9,0,2,19812726079495
24139,36455,9,0,3,19821316014087
24140,36455,9,0,4,19829905948679
24141,36455,9,0,5,19838495883271
24142,36455,9,0,6,19847085817863
24143,36455,9,0,7,19855675752455
24144,36455,10,0,0,21994569465863
24145,36455,10,0,1,22003159400455
24146,36455,10,0,2,22011749335047
24147,36455,10,0,3,22020339269639
24148,36455,10,0,4,22028929204231
24149,36455,10,0,5,22037519138823
24150,36455,10,0,6,22046109073415
24151,36455,10,0,7,22054699008007
24152,36455,11,0,0,24193592721415
24153,36455,11,0,1,24202182656007
24154,36455,11,0,2,24210772590599
24155,36455,11,0,3,24219362525191
24156,36455,11,0,4,24227952459783
24157,36455,11,0,5,24236542394375
24158,36455,11,0,6,24245132328967
24159,36455,11,0,7,24253722263559
24160,36455,12,0,0,26392615976967
24161,36455,12,0,1,26401205911559
24162,36455,12,0,2,26409795846151
24163,36455,12,0,3,26418385780743
24164,36455,12,0,4,26426975715335
24165,36455,12,0,5,26435565649927
24166,36455,12,0,6,26444155584519
24167,36455,12,0,7,26452745519111
24168,36455,13,0,0,28591639232519
24169,36455,13,0,1,28600229167111
24170,36455,13,0,2,28608819101703
24171,36455,13,0,3,28617409036295
24172,36455,13,0,4,28625998970887
24173,36455,13,0,5,28634588905479
24174,36455,13,0,6,28643178840071
24175,36455,13,0,7,28651768774663
24176,36455,14,0,0,30790662488071
24177,36455,14,0,1,30799252422663
24178,36455,14,0,2,30807842357255
24179,36455,14,0,3,30816432291847
24180,36455,14,0,4,30825022226439
24181,36455,14,0,5,30833612161031
24182,36455,14,0,6,30842202095623
24183,36455,14,0,7,30850792030215
24184,36455,15,0,0,32989685743623
24185,36455,15,0,1,32998275678215
24186,36455,15,0,2,33006865612807
24187,36455,15,0,3,33015455547399
24188,36455,15,0,4,33024045481991
24189,36455,15,0,5,33032635416583
24190,36455,15,0,6,33041225351175
24191,36455,15,0,7,33049815285767
24192,36455,16,0,0,35188708999175
24193,36455,16,0,1,35197298933767
24194,36455,16,0,2,35205888868359
24195,36455,16,0,3,35214478802951
24196,36455,16,0,4,35223068737543
24197,36455,16,0,5,35231658672135
24198,36455,16,0,6,35240248606727
24199,36455,16,0,7,35248838541319
24200,36455,17,0,0,37387732254727
24201,36455,17,0,1,37396322189319
24202,36455,17,0,2,37404912123911
24203,36455,17,0,3,37413502058503
24204,36455,17,0,4,37422091993095
24205,36455,17,0,5,37430681927687
24206,36455,17,0,6,37439271862279
24207,36455,17,0,7,37447861796871
24208,36455,18,0,0,39586755510279
24209,36455,18,0,1,39595345444871
24210,36455,18,0,2,39603935379463
24211,36455,18,0,3,39612525314055
24212,36455,18,0,4,39621115248647
24213,36455,18,0,5,39629705183239
24214,36455,18,0,6,39638295117831
24215,36455,18,0,7,39646885052423
24216,36455,19,0,0,41785778765831
24217,36455,19,0,1,41794368700423
24218,36455,19,0,2,41802958635015
24219,36455,19,0,3,41811548569607
24220,36455,19,0,4,41820138504199
24221,36455,19,0,5,41828728438791
24222,36455,19,0,6,41837318373383
24223,36455,19,0,7,41845908307975
24224,36455,20,0,0,43984802021383
24225,36455,20,0,1,43993391955975
24226,36455,20,0,2,44001981890567
24227,36455,20,0,3,44010571825159
24228,36455,20,0,4,44019161759751
24229,36455,20,0,5,44027751694343
24230,36455,20,0,6,44036341628935
24231,36455,20,0,7,44044931563527
24232,36455,21,0,0,46183825276935
24233,36455,21,0,1,46192415211527
24234,36455,21,0,2,46201005146119
24235,36455,21,0,3,46209595080711
24236,36455,21,0,4,46218185015303
24237,36455,21,0,5,46226774949895
24238,36455,21,0,6,46235364884487
24239,36455,21,0,7,46243954819079
24240,36455,22,0,0,48382848532487
24241,36455,22,0,1,48391438467079
24242,36455,22,0,2,48400028401671
24243,36455,22,0,3,48408618336263
24244,36455,22,0,4,48417208270855
24245,36455,22,0,5,48425798205447
24246,36455,22,0,6,48434388140039
24247,36455,22,0,7,48442978074631
24248,36455,23,0,0,50581871788039
24249,36455,23,0,1,50590461722631
24250,36455,23,0,2,50599051657223
24251,36455,23,0,3,50607641591815
24252,36455,23,0,4,50616231526407
24253,36455,23,0,5,50624821460999
24254,36455,23,0,6,50633411395591
24255,36455,23,0,7,50642001330183
24256,36455,24,0,0,52780895043591
24257,36455,24,0,1,52789484978183
24258,36455,24,0,2,52798074912775
24259,36455,24,0,3,52806664847367
24260,36455,24,0,4,52815254781959
24261,36455,24,0,5,52823844716551
24262,36455,24,0,6,52832434651143
24263,36455,24,0,7,52841024585735
24264,36455,25,0,0,54979918299143
24265,36455,25,0,1,54988508233735
24266,36455,25,0,2,54997098168327
24267,36455,25,0,3,55005688102919
24268,36455,25,0,4,55014278037511
24269,36455,25,0,5,55022867972103
24270,36455,25,0,6,55031457906695
24271,36455,25,0,7,55040047841287
24272,36455,26,0,0,57178941554695
24273,36455,26,0,1,57187531489287
24274,36455,26,0,2,57196121423879
24275,36455,26,0,3,57204711358471
24276,36455,26,0,4,57213301293063
24277,36455,26,0,5,57221891227655
24278,36455,26,0,6,57230481162247
24279,36455,26,0,7,57239071096839
24280,36455,27,0,0,59377964810247
24281,36455,27,0,1,59386554744839
24282,36455,27,0,2,59395144679431
24283,36455,27,0,3,59403734614023
24284,36455,27,0,4,59412324548615
24285,36455,27,0,5,59420914483207
24286,36455,27,0,6,59429504417799
24287,36455,27,0,7,59438094352391
24288,36455,28,0,0,61576988065799
24289,36455,28,0,1,61585578000391
24290,36455,28,0,2,61594167934983
24291,36455,28,0,3,61602757869575
24292,36455,28,0,4,61611347804167
24293,36455,28,0,5,61619937738759
24294,36455,28,0,6,61628527673351
24295,36455,28,0,7,61637117607943
24296,36455,29,0,0,63776011321351
24297,36455,29,0,1,63784601255943
24298,36455,29,0,2,63793191190535
24299,36455,29,0,3,63801781125127
24300,36455,29,0,4,63810371059719
24301,36455,29,0,5,63818960994311
24302,36455,29,0,6,63827550928903
24303,36455,29,0,7,63836140863495
24304,36455,30,0,0,65975034576903
24305,36455,30,0,1,65983624511495
24306,36455,30,0,2,65992214446087
24307,36455,30,0,3,66000804380679
24308,36455,30,0,4,66009394315271
24309,36455,30,0,5,66017984249863
24310,36455,30,0,6,66026574184455
24311,36455,30,0,7,66035164119047
24312,36455,31,0,0,68174057832455
24313,36455,31,0,1,68182647767047
24314,36455,31,0,2,68191237701639
24315,36455,31,0,3,68199827636231
24316,36455,31,0,4,68208417570823
24317,36455,31,0,5,68217007505415
24318,36455,31,0,6,68225597440007
24319,36455,31,0,7,68234187374599
24320,36455,32,0,0,70373081088007
24321,36455,32,0,1,70381671022599
24322,36455,32,0,2,70390260957191
24323,36455,32,0,3,70398850891783
24324,36455,32,0,4,70407440826375
24325,36455,32,0,5,70416030760967
24326,36455,32,0,6,70424620695559
24327,36455,32,0,7,70433210630151
24328,36455,33,0,0,72572104343559
24329,36455,33,0,1,72580694278151
24330,36455,33,0,2,72589284212743
24331,36455,33,0,3,72597874147335
24332,36455,33,0,4,72606464081927
24333,36455,33,0,5,72615054016519
24334,36455,33,0,6,72623643951111
24335,36455,33,0,7,72632233885703
24336,36455,34,0,0,74771127599111
24337,36455,34,0,1,74779717533703
24338,36455,34,0,2,74788307468295
24339,36455,34,0,3,74796897402887
24340,36455,34,0,4,74805487337479
24341,36455,34,0,5,74814077272071
24342,36455,34,0,6,74822667206663
24343,36455,34,0,7,74831257141255
24344,36455,35,0,0,76970150854663
24345,36455,35,0,1,76978740789255
24346,36455,35,0,2,76987330723847
24347,36455,35,0,3,76995920658439
24348,36455,35,0,4,77004510593031
24349,36455,35,0,5,77013100527623
24350,36455,35,0,6,77021690462215
24351,36455,35,0,7,77030280396807
24352,36455,36,0,0,79169174110215
24353,36455,36,0,1,79177764044807
24354,36455,36,0,2,79186353979399
24355,36455,36,0,3,79194943913991
24356,36455,36,0,4,79203533848583
24357,36455,36,0,5,79212123783175
24358,36455,36,0,6,79220713717767
24359,36455,36,0,7,79229303652359
24360,36455,37,0,0,81368197365767
24361,36455,37,0,1,81376787300359
24362,36455,37,0,2,81385377234951
24363,36455,37,0,3,81393967169543
24364,36455,37,0,4,81402557104135
24365,36455,37,0,5,81411147038727
24366,36455,37,0,6,81419736973319
24367,36455,37,0,7,81428326907911
24368,36455,38,0,0,83567220621319
24369,36455,38,0,1,83575810555911
24370,36455,38,0,2,83584400490503
24371,36455,38,0,3,83592990425095
24372,36455,38,0,4,83601580359687
24373,36455,38,0,5,83610170294279
24374,36455,38,0,6,83618760228871
24375,36455,38,0,7,83627350163463
24376,36455,39,0,0,85766243876871
24377,36455,39,0,1,85774833811463
24378,36455,39,0,2,85783423746055
24379,36455,39,0,3,85792013680647
24380,36455,39,0,4,85800603615239
24381,36455,39,0,5,85809193549831
24382,36455,39,0,6,85817783484423
24383,36455,39,0,7,85826373419015
24384,36455,40,0,0,87965267132423
24385,36455,40,0,1,87973857067015
24386,36455,40,0,2,87982447001607
24387,36455,40,0,3,87991036936199
24388,36455,40,0,4,87999626870791
24389,36455,40,0,5,88008216805383
24390,36455,40,0,6,88016806739975
24391,36455,40,0,7,88025396674567
24392,36455,41,0,0,90164290387975
24393,36455,41,0,1,90172880322567
24394,36455,41,0,2,90181470257159
24395,36455,41,0,3,90190060191751
24396,36455,41,0,4,90198650126343
24397,36455,41,0,5,90207240060935
24398,36455,41,0,6,90215829995527
24399,36455,41,0,7,90224419930119
24400,36455,42,0,0,92363313643527
24401,36455,42,0,1,92371903578119
24402,36455,42,0,2,92380493512711
24403,36455,42,0,3,92389083447303
24404,36455,42,0,4,92397673381895
24405,36455,42,0,5,92406263316487
24406,36455,42,0,6,92414853251079
24407,36455,42,0,7,92423443185671
24408,36455,43,0,0,94562336899079
24409,36455,43,0,1,94570926833671
24410,36455,43,0,2,94579516768263
24411,36455,43,0,3,94588106702855
24412,36455,43,0,4,94596696637447
24413,36455,43,0,5,94605286572039
24414,36455,43,0,6,94613876506631
24415,36455,43,0,7,94622466441223
24416,36455,44,0,0,96761360154631
24417,36455,44,0,1,96769950089223
24418,36455,44,0,2,96778540023815
24419,36455,44,0,3,96787129958407
24420,36455,44,0,4,96795719892999
24421,36455,44,0,5,96804309827591
24422,36455,44,0,6,96812899762183
24423,36455,44,0,7,96821489696775
24424,36455,45,0,0,98960383410183
24425,36455,45,0,1,98968973344775
24426,36455,45,0,2,98977563279367
24427,36455,45,0,3,98986153213959
24428,36455,45,0,4,98994743148551
24429,36455,45,0,5,99003333083143
24430,36455,45,0,6,99011923017735
24431,36455,45,0,7,99020512952327
24432,36455,46,0,0,101159406665735
24433,36455,46,0,1,101167996600327
24434,36455,46,0,2,101176586534919
24435,36455,46,0,3,101185176469511
24436,36455,46,0,4,101193766404103
24437,36455,46,0,5,101202356338695
24438,36455,46,0,6,101210946273287
24439,36455,46,0,7,101219536207879
24440,36455,47,0,0,103358429921287
24441,36455,47,0,1,103367019855879
24442,36455,47,0,2,103375609790471
24443,36455,47,0,3,103384199725063
24444,36455,47,0,4,103392789659655
24445,36455,47,0,5,103401379594247
24446,36455,47,0,6,103409969528839
24447,36455,47,0,7,103418559463431
24448,36455,48,0,0,105557453176839
24449,36455,48,0,1,105566043111431
24450,36455,48,0,2,105574633046023
24451,36455,48,0,3,105583222980615
24452,36455,48,0,4,105591812915207
24453,36455,48,0,5,105600402849799
24454,36455,48,0,6,105608992784391
24455,36455,48,0,7,105617582718983
24456,36455,49,0,0,107756476432391
24457,36455,49,0,1,107765066366983
24458,36455,49,0,2,107773656301575
24459,36455,49,0,3,107782246236167
24460,36455,49,0,4,107790836170759
24461,36455,49,0,5,107799426105351
24462,36455,49,0,6,107808016039943
24463,36455,49,0,7,107816605974535
24464,36455,50,0,0,109955499687943
24465,36455,50,0,1,109964089622535
24466,36455,50,0,2,109972679557127
24467,36455,50,0,3,109981269491719
24468,36455,50,0,4,109989859426311
24469,36455,50,0,5,109998449360903
24470,36455,50,0,6,110007039295495
24471,36455,50,0,7,110015629230087
24472,36455,51,0,0,112154522943495
24473,36455,51,0,1,112163112878087
24474,36455,51,0,2,112171702812679
24475,36455,51,0,3,112180292747271
24476,36455,51,0,4,112188882681863
24477,36455,51,0,5,112197472616455
24478,36455,51,0,6,112206062551047
24479,36455,51,0,7,112214652485639
24480,36455,52,0,0,114353546199047
24481,36455,52,0,1,114362136133639
24482,36455,52,0,2,114370726068231
24483,36455,52,0,3,114379316002823
24484,36455,52,0,4,114387905937415
24485,36455,52,0,5,114396495872007
24486,36455,52,0,6,114405085806599
24487,36455,52,0,7,114413675741191
24488,36455,53,0,0,116552569454599
24489,36455,53,0,1,116561159389191
24490,36455,53,0,2,116569749323783
24491,36455,53,0,3,116578339258375
24492,36455,53,0,4,116586929192967
24493,36455,53,0,5,116595519127559
24494,36455,53,0,6,116604109062151
24495,36455,53,0,7,116612698996743
24496,36455,54,0,0,118751592710151
24497,36455,54,0,1,118760182644743
24498,36455,54,0,2,118768772579335
24499,36455,54,0,3,118777362513927
24500,36455,54,0,4,118785952448519
24501,36455,54,0,5,118794542383111
24502,36455,54,0,6,118803132317703
24503,36455,54,0,7,118811722252295
24504,36455,55,0,0,120950615965703
24505,36455,55,0,1,120959205900295
24506,36455,55,0,2,120967795834887
24507,36455,55,0,3,120976385769479
24508,36455,55,0,4,120984975704071
24509,36455,55,0,5,120993565638663
24510,36455,55,0,6,121002155573255
24511,36455,55,0,7,121010745507847
24512,36455,56,0,0,123149639221255
24513,36455,56,0,1,123158229155847
24514,36455,56,0,2,123166819090439
24515,36455,56,0,3,123175409025031
24516,36455,56,0,4,123183998959623
24517,36455,56,0,5,123192588894215
24518,36455,56,0,6,123201178828807
24519,36455,56,0,7,123209768763399
24520,36455,57,0,0,125348662476807
24521,36455,57,0,1,125357252411399
24522,36455,57,0,2,125365842345991
24523,36455,57,0,3,125374432280583
24524,36455,57,0,4,125383022215175
24525,36455,57,0,5,125391612149767
24526,36455,57,0,6,125400202084359
24527,36455,57,0,7,125408792018951
24528,36455,58,0,0,127547685732359
24529,36455,58,0,1,127556275666951
24530,36455,58,0,2,127564865601543
24531,36455,58,0,3,127573455536135
24532,36455,58,0,4,127582045470727
24533,36455,58,0,5,127590635405319
24534,36455,58,0,6,127599225339911
24535,36455,58,0,7,127607815274503
24536,36455,59,0,0,129746708987911
24537,36455,59,0,1,129755298922503
24538,36455,59,0,2,129763888857095
24539,36455,59,0,3,129772478791687
24540,36455,59,0,4,129781068726279
24541,36455,59,0,5,129789658660871
24542,36455,59,0,6,129798248595463
24543,36455,59,0,7,129806838530055
24544,36455,60,0,0,131945732243463
24545,36455,60,0,1,131954322178055
24546,36455,60,0,2,131962912112647
24547,36455,60,0,3,131971502047239
24548,36455,60,0,4,131980091981831
24549,36455,60,0,5,131988681916423
24550,36455,60,0,6,131997271851015
24551,36455,60,0,7,132005861785607
24552,36455,61,0,0,134144755499015
24553,36455,61,0,1,134153345433607
24554,36455,61,0,2,134161935368199
24555,36455,61,0,3,134170525302791
24556,36455,61,0,4,134179115237383
24557,36455,61,0,5,134187705171975
24558,36455,61,0,6,134196295106567
24559,36455,61,0,7,134204885041159
24560,36455,62,0,0,136343778754567
24561,36455,62,0,1,136352368689159
24562,36455,62,0,2,136360958623751
24563,36455,62,0,3,136369548558343
24564,36455,62,0,4,136378138492935
24565,36455,62,0,5,136386728427527
24566,36455,62,0,6,136395318362119
24567,36455,62,0,7,136403908296711
24568,36455,63,0,0,138542802010119
24569,36455,63,0,1,138551391944711
24570,36455,63,0,2,138559981879303
24571,36455,63,0,3,138568571813895
24572,36455,63,0,4,138577161748487
24573,36455,63,0,5,138585751683079
24574,36455,63,0,6,138594341617671
24575,36455,63,0,7,138602931552263
