sequence,cycle,channel,rank,pim_block,key
0,28922,0,0,0,41943040
1,28922,0,0,1,8631877632
2,28922,0,0,2,17221812224
3,28922,0,0,3,25811746816
4,28922,0,0,4,34401681408
5,28922,0,0,5,42991616000
6,28922,0,0,6,51581550592
7,28922,0,0,7,60171485184
8,28922,1,0,0,2199065198592
9,28922,1,0,1,2207655133184
10,28922,1,0,2,2216245067776
11,28922,1,0,3,2224835002368
12,28922,1,0,4,2233424936960
13,28922,1,0,5,2242014871552
14,28922,1,0,6,2250604806144
15,28922,1,0,7,2259194740736
16,28922,2,0,0,4398088454144
17,28922,2,0,1,4406678388736
18,28922,2,0,2,4415268323328
19,28922,2,0,3,4423858257920
20,28922,2,0,4,4432448192512
21,28922,2,0,5,4441038127104
22,28922,2,0,6,4449628061696
23,28922,2,0,7,4458217996288
24,28922,3,0,0,6597111709696
25,28922,3,0,1,6605701644288
26,28922,3,0,2,6614291578880
27,28922,3,0,3,6622881513472
28,28922,3,0,4,6631471448064
29,28922,3,0,5,6640061382656
30,28922,3,0,6,6648651317248
31,28922,3,0,7,6657241251840
32,28922,4,0,0,8796134965248
33,28922,4,0,1,8804724899840
34,28922,4,0,2,8813314834432
35,28922,4,0,3,8821904769024
36,28922,4,0,4,8830494703616
37,28922,4,0,5,8839084638208
38,28922,4,0,6,8847674572800
39,28922,4,0,7,8856264507392
40,28922,5,0,0,10995158220800
41,28922,5,0,1,11003748155392
42,28922,5,0,2,11012338089984
43,28922,5,0,3,11020928024576
44,28922,5,0,4,11029517959168
45,28922,5,0,5,11038107893760
46,28922,5,0,6,11046697828352
47,28922,5,0,7,11055287762944
48,28922,6,0,0,13194181476352
49,28922,6,0,1,13202771410944
50,28922,6,0,2,13211361345536
51,28922,6,0,3,13219951280128
52,28922,6,0,4,13228541214720
53,28922,6,0,5,13237131149312
54,28922,6,0,6,13245721083904
55,28922,6,0,7,13254311018496
56,28922,7,0,0,15393204731904
57,28922,7,0,1,15401794666496
58,28922,7,0,2,15410384601088
59,28922,7,0,3,15418974535680
60,28922,7,0,4,15427564470272
61,28922,7,0,5,15436154404864
62,28922,7,0,6,15444744339456
63,28922,7,0,7,15453334274048
64,28922,8,0,0,17592227987456
65,28922,8,0,1,17600817922048
66,28922,8,0,2,17609407856640
67,28922,8,0,3,17617997791232
68,28922,8,0,4,17626587725824
69,28922,8,0,5,17635177660416
70,28922,8,0,6,17643767595008
71,28922,8,0,7,17652357529600
72,28922,9,0,0,19791251243008
73,28922,9,0,1,19799841177600
74,28922,9,0,2,19808431112192
75,28922,9,0,3,19817021046784
76,28922,9,0,4,19825610981376
77,28922,9,0,5,19834200915968
78,28922,9,0,6,19842790850560
79,28922,9,0,7,19851380785152
80,28922,10,0,0,21990274498560
81,28922,10,0,1,21998864433152
82,28922,10,0,2,22007454367744
83,28922,10,0,3,22016044302336
84,28922,10,0,4,22024634236928
85,28922,10,0,5,22033224171520
86,28922,10,0,6,22041814106112
87,28922,10,0,7,22050404040704
88,28922,11,0,0,24189297754112
89,28922,11,0,1,24197887688704
90,28922,11,0,2,24206477623296
91,28922,11,0,3,24215067557888
92,28922,11,0,4,24223657492480
93,28922,11,0,5,24232247427072
94,28922,11,0,6,24240837361664
95,28922,11,0,7,24249427296256
96,28922,12,0,0,26388321009664
97,28922,12,0,1,26396910944256
98,28922,12,0,2,26405500878848
99,28922,12,0,3,26414090813440
100,28922,12,0,4,26422680748032
101,28922,12,0,5,26431270682624
102,28922,12,0,6,26439860617216
103,28922,12,0,7,26448450551808
104,28922,13,0,0,28587344265216
105,28922,13,0,1,28595934199808
106,28922,13,0,2,28604524134400
107,28922,13,0,3,28613114068992
108,28922,13,0,4,28621704003584
109,28922,13,0,5,28630293938176
110,28922,13,0,6,28638883872768
111,28922,13,0,7,28647473807360
112,28922,14,0,0,30786367520768
113,28922,14,0,1,30794957455360
114,28922,14,0,2,30803547389952
115,28922,14,0,3,30812137324544
116,28922,14,0,4,30820727259136
117,28922,14,0,5,30829317193728
118,28922,14,0,6,30837907128320
119,28922,14,0,7,30846497062912
120,28922,15,0,0,32985390776320
121,28922,15,0,1,32993980710912
122,28922,15,0,2,33002570645504
123,28922,15,0,3,33011160580096
124,28922,15,0,4,33019750514688
125,28922,15,0,5,33028340449280
126,28922,15,0,6,33036930383872
127,28922,15,0,7,33045520318464
128,28922,16,0,0,35184414031872
129,28922,16,0,1,35193003966464
130,28922,16,0,2,35201593901056
131,28922,16,0,3,35210183835648
132,28922,16,0,4,35218773770240
133,28922,16,0,5,35227363704832
134,28922,16,0,6,35235953639424
135,28922,16,0,7,35244543574016
136,28922,17,0,0,37383437287424
137,28922,17,0,1,37392027222016
138,28922,17,0,2,37400617156608
139,28922,17,0,3,37409207091200
140,28922,17,0,4,37417797025792
141,28922,17,0,5,37426386960384
142,28922,17,0,6,37434976894976
143,28922,17,0,7,37443566829568
144,28922,18,0,0,39582460542976
145,28922,18,0,1,39591050477568
146,28922,18,0,2,39599640412160
147,28922,18,0,3,39608230346752
148,28922,18,0,4,39616820281344
149,28922,18,0,5,39625410215936
150,28922,18,0,6,39634000150528
151,28922,18,0,7,39642590085120
152,28922,19,0,0,41781483798528
153,28922,19,0,1,41790073733120
154,28922,19,0,2,41798663667712
155,28922,19,0,3,41807253602304
156,28922,19,0,4,41815843536896
157,28922,19,0,5,41824433471488
158,28922,19,0,6,41833023406080
159,28922,19,0,7,41841613340672
160,28922,20,0,0,43980507054080
161,28922,20,0,1,43989096988672
162,28922,20,0,2,43997686923264
163,28922,20,0,3,44006276857856
164,28922,20,0,4,44014866792448
165,28922,20,0,5,44023456727040
166,28922,20,0,6,44032046661632
167,28922,20,0,7,44040636596224
168,28922,21,0,0,46179530309632
169,28922,21,0,1,46188120244224
170,28922,21,0,2,46196710178816
171,28922,21,0,3,46205300113408
172,28922,21,0,4,46213890048000
173,28922,21,0,5,46222479982592
174,28922,21,0,6,46231069917184
175,28922,21,0,7,46239659851776
176,28922,22,0,0,48378553565184
177,28922,22,0,1,48387143499776
178,28922,22,0,2,48395733434368
179,28922,22,0,3,48404323368960
180,28922,22,0,4,48412913303552
181,28922,22,0,5,48421503238144
182,28922,22,0,6,48430093172736
183,28922,22,0,7,48438683107328
184,28922,23,0,0,50577576820736
185,28922,23,0,1,50586166755328
186,28922,23,0,2,50594756689920
187,28922,23,0,3,50603346624512
188,28922,23,0,4,50611936559104
189,28922,23,0,5,50620526493696
190,28922,23,0,6,50629116428288
191,28922,23,0,7,50637706362880
192,28922,24,0,0,52776600076288
193,28922,24,0,1,52785190010880
194,28922,24,0,2,52793779945472
195,28922,24,0,3,52802369880064
196,28922,24,0,4,52810959814656
197,28922,24,0,5,52819549749248
198,28922,24,0,6,52828139683840
199,28922,24,0,7,52836729618432
200,28922,25,0,0,54975623331840
201,28922,25,0,1,54984213266432
202,28922,25,0,2,54992803201024
203,28922,25,0,3,55001393135616
204,28922,25,0,4,55009983070208
205,28922,25,0,5,55018573004800
206,28922,25,0,6,55027162939392
207,28922,25,0,7,55035752873984
208,28922,26,0,0,57174646587392
209,28922,26,0,1,57183236521984
210,28922,26,0,2,57191826456576
211,28922,26,0,3,57200416391168
212,28922,26,0,4,57209006325760
213,28922,26,0,5,57217596260352
214,28922,26,0,6,57226186194944
215,28922,26,0,7,57234776129536
216,28922,27,0,0,59373669842944
217,28922,27,0,1,59382259777536
218,28922,27,0,2,59390849712128
219,28922,27,0,3,59399439646720
220,28922,27,0,4,59408029581312
221,28922,27,0,5,59416619515904
222,28922,27,0,6,59425209450496
223,28922,27,0,7,59433799385088
224,28922,28,0,0,61572693098496
225,28922,28,0,1,61581283033088
226,28922,28,0,2,61589872967680
227,28922,28,0,3,61598462902272
228,28922,28,0,4,61607052836864
229,28922,28,0,5,61615642771456
230,28922,28,0,6,61624232706048
231,28922,28,0,7,61632822640640
232,28922,29,0,0,63771716354048
233,28922,29,0,1,63780306288640
234,28922,29,0,2,63788896223232
235,28922,29,0,3,63797486157824
236,28922,29,0,4,63806076092416
237,28922,29,0,5,63814666027008
238,28922,29,0,6,63823255961600
239,28922,29,0,7,63831845896192
240,28922,30,0,0,65970739609600
241,28922,30,0,1,65979329544192
242,28922,30,0,2,65987919478784
243,28922,30,0,3,65996509413376
244,28922,30,0,4,66005099347968
245,28922,30,0,5,66013689282560
246,28922,30,0,6,66022279217152
247,28922,30,0,7,66030869151744
248,28922,31,0,0,68169762865152
249,28922,31,0,1,68178352799744
250,28922,31,0,2,68186942734336
251,28922,31,0,3,68195532668928
252,28922,31,0,4,68204122603520
253,28922,31,0,5,68212712538112
254,28922,31,0,6,68221302472704
255,28922,31,0,7,68229892407296
256,28922,32,0,0,70368786120704
257,28922,32,0,1,70377376055296
258,28922,32,0,2,70385965989888
259,28922,32,0,3,70394555924480
260,28922,32,0,4,70403145859072
261,28922,32,0,5,70411735793664
262,28922,32,0,6,70420325728256
263,28922,32,0,7,70428915662848
264,28922,33,0,0,72567809376256
265,28922,33,0,1,72576399310848
266,28922,33,0,2,72584989245440
267,28922,33,0,3,72593579180032
268,28922,33,0,4,72602169114624
269,28922,33,0,5,72610759049216
270,28922,33,0,6,72619348983808
271,28922,33,0,7,72627938918400
272,28922,34,0,0,74766832631808
273,28922,34,0,1,74775422566400
274,28922,34,0,2,74784012500992
275,28922,34,0,3,74792602435584
276,28922,34,0,4,74801192370176
277,28922,34,0,5,74809782304768
278,28922,34,0,6,74818372239360
279,28922,34,0,7,74826962173952
280,28922,35,0,0,76965855887360
281,28922,35,0,1,76974445821952
282,28922,35,0,2,76983035756544
283,28922,35,0,3,76991625691136
284,28922,35,0,4,77000215625728
285,28922,35,0,5,77008805560320
286,28922,35,0,6,77017395494912
287,28922,35,0,7,77025985429504
288,28922,36,0,0,79164879142912
289,28922,36,0,1,79173469077504
290,28922,36,0,2,79182059012096
291,28922,36,0,3,79190648946688
292,28922,36,0,4,79199238881280
293,28922,36,0,5,79207828815872
294,28922,36,0,6,79216418750464
295,28922,36,0,7,79225008685056
296,28922,37,0,0,81363902398464
297,28922,37,0,1,81372492333056
298,28922,37,0,2,81381082267648
299,28922,37,0,3,81389672202240
300,28922,37,0,4,81398262136832
301,28922,37,0,5,81406852071424
302,28922,37,0,6,81415442006016
303,28922,37,0,7,81424031940608
304,28922,38,0,0,83562925654016
305,28922,38,0,1,83571515588608
306,28922,38,0,2,83580105523200
307,28922,38,0,3,83588695457792
308,28922,38,0,4,83597285392384
309,28922,38,0,5,83605875326976
310,28922,38,0,6,83614465261568
311,28922,38,0,7,83623055196160
312,28922,39,0,0,85761948909568
313,28922,39,0,1,85770538844160
314,28922,39,0,2,85779128778752
315,28922,39,0,3,85787718713344
316,28922,39,0,4,85796308647936
317,28922,39,0,5,85804898582528
318,28922,39,0,6,85813488517120
319,28922,39,0,7,85822078451712
320,28922,40,0,0,87960972165120
321,28922,40,0,1,87969562099712
322,28922,40,0,2,87978152034304
323,28922,40,0,3,87986741968896
324,28922,40,0,4,87995331903488
325,28922,40,0,5,88003921838080
326,28922,40,0,6,88012511772672
327,28922,40,0,7,88021101707264
328,28922,41,0,0,90159995420672
329,28922,41,0,1,90168585355264
330,28922,41,0,2,90177175289856
331,28922,41,0,3,90185765224448
332,28922,41,0,4,90194355159040
333,28922,41,0,5,90202945093632
334,28922,41,0,6,90211535028224
335,28922,41,0,7,90220124962816
336,28922,42,0,0,92359018676224
337,28922,42,0,1,92367608610816
338,28922,42,0,2,92376198545408
339,28922,42,0,3,92384788480000
340,28922,42,0,4,92393378414592
341,28922,42,0,5,92401968349184
342,28922,42,0,6,92410558283776
343,28922,42,0,7,92419148218368
344,28922,43,0,0,94558041931776
345,28922,43,0,1,94566631866368
346,28922,43,0,2,94575221800960
347,28922,43,0,3,94583811735552
348,28922,43,0,4,94592401670144
349,28922,43,0,5,94600991604736
350,28922,43,0,6,94609581539328
351,28922,43,0,7,94618171473920
352,28922,44,0,0,96757065187328
353,28922,44,0,1,96765655121920
354,28922,44,0,2,96774245056512
355,28922,44,0,3,96782834991104
356,28922,44,0,4,96791424925696
357,28922,44,0,5,96800014860288
358,28922,44,0,6,96808604794880
359,28922,44,0,7,96817194729472
360,28922,45,0,0,98956088442880
361,28922,45,0,1,98964678377472
362,28922,45,0,2,98973268312064
363,28922,45,0,3,98981858246656
364,28922,45,0,4,98990448181248
365,28922,45,0,5,98999038115840
366,28922,45,0,6,99007628050432
367,28922,45,0,7,99016217985024
368,28922,46,0,0,101155111698432
369,28922,46,0,1,101163701633024
370,28922,46,0,2,101172291567616
371,28922,46,0,3,101180881502208
372,28922,46,0,4,101189471436800
373,28922,46,0,5,101198061371392
374,28922,46,0,6,101206651305984
375,28922,46,0,7,101215241240576
376,28922,47,0,0,103354134953984
377,28922,47,0,1,103362724888576
378,28922,47,0,2,103371314823168
379,28922,47,0,3,103379904757760
380,28922,47,0,4,103388494692352
381,28922,47,0,5,103397084626944
382,28922,47,0,6,103405674561536
383,28922,47,0,7,103414264496128
384,28922,48,0,0,105553158209536
385,28922,48,0,1,105561748144128
386,28922,48,0,2,105570338078720
387,28922,48,0,3,105578928013312
388,28922,48,0,4,105587517947904
389,28922,48,0,5,105596107882496
390,28922,48,0,6,105604697817088
391,28922,48,0,7,105613287751680
392,28922,49,0,0,107752181465088
393,28922,49,0,1,107760771399680
394,28922,49,0,2,107769361334272
395,28922,49,0,3,107777951268864
396,28922,49,0,4,107786541203456
397,28922,49,0,5,107795131138048
398,28922,49,0,6,107803721072640
399,28922,49,0,7,107812311007232
400,28922,50,0,0,109951204720640
401,28922,50,0,1,109959794655232
402,28922,50,0,2,109968384589824
403,28922,50,0,3,109976974524416
404,28922,50,0,4,109985564459008
405,28922,50,0,5,109994154393600
406,28922,50,0,6,110002744328192
407,28922,50,0,7,110011334262784
408,28922,51,0,0,112150227976192
409,28922,51,0,1,112158817910784
410,28922,51,0,2,112167407845376
411,28922,51,0,3,112175997779968
412,28922,51,0,4,112184587714560
413,28922,51,0,5,112193177649152
414,28922,51,0,6,112201767583744
415,28922,51,0,7,112210357518336
416,28922,52,0,0,114349251231744
417,28922,52,0,1,114357841166336
418,28922,52,0,2,114366431100928
419,28922,52,0,3,114375021035520
420,28922,52,0,4,114383610970112
421,28922,52,0,5,114392200904704
422,28922,52,0,6,114400790839296
423,28922,52,0,7,114409380773888
424,28922,53,0,0,116548274487296
425,28922,53,0,1,116556864421888
426,28922,53,0,2,116565454356480
427,28922,53,0,3,116574044291072
428,28922,53,0,4,116582634225664
429,28922,53,0,5,116591224160256
430,28922,53,0,6,116599814094848
431,28922,53,0,7,116608404029440
432,28922,54,0,0,118747297742848
433,28922,54,0,1,118755887677440
434,28922,54,0,2,118764477612032
435,28922,54,0,3,118773067546624
436,28922,54,0,4,118781657481216
437,28922,54,0,5,118790247415808
438,28922,54,0,6,118798837350400
439,28922,54,0,7,118807427284992
440,28922,55,0,0,120946320998400
441,28922,55,0,1,120954910932992
442,28922,55,0,2,120963500867584
443,28922,55,0,3,120972090802176
444,28922,55,0,4,120980680736768
445,28922,55,0,5,120989270671360
446,28922,55,0,6,120997860605952
447,28922,55,0,7,121006450540544
448,28922,56,0,0,123145344253952
449,28922,56,0,1,123153934188544
450,28922,56,0,2,123162524123136
451,28922,56,0,3,123171114057728
452,28922,56,0,4,123179703992320
453,28922,56,0,5,123188293926912
454,28922,56,0,6,123196883861504
455,28922,56,0,7,123205473796096
456,28922,57,0,0,125344367509504
457,28922,57,0,1,125352957444096
458,28922,57,0,2,125361547378688
459,28922,57,0,3,125370137313280
460,28922,57,0,4,125378727247872
461,28922,57,0,5,125387317182464
462,28922,57,0,6,125395907117056
463,28922,57,0,7,125404497051648
464,28922,58,0,0,127543390765056
465,28922,58,0,1,127551980699648
466,28922,58,0,2,127560570634240
467,28922,58,0,3,127569160568832
468,28922,58,0,4,127577750503424
469,28922,58,0,5,127586340438016
470,28922,58,0,6,127594930372608
471,28922,58,0,7,127603520307200
472,28922,59,0,0,129742414020608
473,28922,59,0,1,129751003955200
474,28922,59,0,2,129759593889792
475,28922,59,0,3,129768183824384
476,28922,59,0,4,129776773758976
477,28922,59,0,5,129785363693568
478,28922,59,0,6,129793953628160
479,28922,59,0,7,129802543562752
480,28922,60,0,0,131941437276160
481,28922,60,0,1,131950027210752
482,28922,60,0,2,131958617145344
483,28922,60,0,3,131967207079936
484,28922,60,0,4,131975797014528
485,28922,60,0,5,131984386949120
486,28922,60,0,6,131992976883712
487,28922,60,0,7,132001566818304
488,28922,61,0,0,134140460531712
489,28922,61,0,1,134149050466304
490,28922,61,0,2,134157640400896
491,28922,61,0,3,134166230335488
492,28922,61,0,4,134174820270080
493,28922,61,0,5,134183410204672
494,28922,61,0,6,134192000139264
495,28922,61,0,7,134200590073856
496,28922,62,0,0,136339483787264
497,28922,62,0,1,136348073721856
498,28922,62,0,2,136356663656448
499,28922,62,0,3,136365253591040
500,28922,62,0,4,136373843525632
501,28922,62,0,5,136382433460224
502,28922,62,0,6,136391023394816
503,28922,62,0,7,136399613329408
504,28922,63,0,0,138538507042816
505,28922,63,0,1,138547096977408
506,28922,63,0,2,138555686912000
507,28922,63,0,3,138564276846592
508,28922,63,0,4,138572866781184
509,28922,63,0,5,138581456715776
510,28922,63,0,6,138590046650368
511,28922,63,0,7,138598636584960
512,28925,0,0,0,41943041
513,28925,0,0,1,8631877633
514,28925,0,0,2,17221812225
515,28925,0,0,3,25811746817
516,28925,0,0,4,34401681409
517,28925,0,0,5,42991616001
518,28925,0,0,6,51581550593
519,28925,0,0,7,60171485185
520,28925,1,0,0,2199065198593
521,28925,1,0,1,2207655133185
522,28925,1,0,2,2216245067777
523,28925,1,0,3,2224835002369
524,28925,1,0,4,2233424936961
525,28925,1,0,5,2242014871553
526,28925,1,0,6,2250604806145
527,28925,1,0,7,2259194740737
528,28925,2,0,0,4398088454145
529,28925,2,0,1,4406678388737
530,28925,2,0,2,4415268323329
531,28925,2,0,3,4423858257921
532,28925,2,0,4,4432448192513
533,28925,2,0,5,4441038127105
534,28925,2,0,6,4449628061697
535,28925,2,0,7,4458217996289
536,28925,3,0,0,6597111709697
537,28925,3,0,1,6605701644289
538,28925,3,0,2,6614291578881
539,28925,3,0,3,6622881513473
540,28925,3,0,4,6631471448065
541,28925,3,0,5,6640061382657
542,28925,3,0,6,6648651317249
543,28925,3,0,7,6657241251841
544,28925,4,0,0,8796134965249
545,28925,4,0,1,8804724899841
546,28925,4,0,2,8813314834433
547,28925,4,0,3,8821904769025
548,28925,4,0,4,8830494703617
549,28925,4,0,5,8839084638209
550,28925,4,0,6,8847674572801
551,28925,4,0,7,8856264507393
552,28925,5,0,0,10995158220801
553,28925,5,0,1,11003748155393
554,28925,5,0,2,11012338089985
555,28925,5,0,3,11020928024577
556,28925,5,0,4,11029517959169
557,28925,5,0,5,11038107893761
558,28925,5,0,6,11046697828353
559,28925,5,0,7,11055287762945
560,28925,6,0,0,13194181476353
561,28925,6,0,1,13202771410945
562,28925,6,0,2,13211361345537
563,28925,6,0,3,13219951280129
564,28925,6,0,4,13228541214721
565,28925,6,0,5,13237131149313
566,28925,6,0,6,13245721083905
567,28925,6,0,7,13254311018497
568,28925,7,0,0,15393204731905
569,28925,7,0,1,15401794666497
570,28925,7,0,2,15410384601089
571,28925,7,0,3,15418974535681
572,28925,7,0,4,15427564470273
573,28925,7,0,5,15436154404865
574,28925,7,0,6,15444744339457
575,28925,7,0,7,15453334274049
576,28925,8,0,0,17592227987457
577,28925,8,0,1,17600817922049
578,28925,8,0,2,17609407856641
579,28925,8,0,3,17617997791233
580,28925,8,0,4,17626587725825
581,28925,8,0,5,17635177660417
582,28925,8,0,6,17643767595009
583,28925,8,0,7,17652357529601
584,28925,9,0,0,19791251243009
585,28925,9,0,1,19799841177601
586,28925,9,0,2,19808431112193
587,28925,9,0,3,19817021046785
588,28925,9,0,4,19825610981377
589,28925,9,0,5,19834200915969
590,28925,9,0,6,19842790850561
591,28925,9,0,7,19851380785153
592,28925,10,0,0,21990274498561
593,28925,10,0,1,21998864433153
594,28925,10,0,2,22007454367745
595,28925,10,0,3,22016044302337
596,28925,10,0,4,22024634236929
597,28925,10,0,5,22033224171521
598,28925,10,0,6,22041814106113
599,28925,10,0,7,22050404040705
600,28925,11,0,0,24189297754113
601,28925,11,0,1,24197887688705
602,28925,11,0,2,24206477623297
603,28925,11,0,3,24215067557889
604,28925,11,0,4,24223657492481
605,28925,11,0,5,24232247427073
606,28925,11,0,6,24240837361665
607,28925,11,0,7,24249427296257
608,28925,12,0,0,26388321009665
609,28925,12,0,1,26396910944257
610,28925,12,0,2,26405500878849
611,28925,12,0,3,26414090813441
612,28925,12,0,4,26422680748033
613,28925,12,0,5,26431270682625
614,28925,12,0,6,26439860617217
615,28925,12,0,7,26448450551809
616,28925,13,0,0,28587344265217
617,28925,13,0,1,28595934199809
618,28925,13,0,2,28604524134401
619,28925,13,0,3,28613114068993
620,28925,13,0,4,28621704003585
621,28925,13,0,5,28630293938177
622,28925,13,0,6,28638883872769
623,28925,13,0,7,28647473807361
624,28925,14,0,0,30786367520769
625,28925,14,0,1,30794957455361
626,28925,14,0,2,30803547389953
627,28925,14,0,3,30812137324545
628,28925,14,0,4,30820727259137
629,28925,14,0,5,30829317193729
630,28925,14,0,6,30837907128321
631,28925,14,0,7,30846497062913
632,28925,15,0,0,32985390776321
633,28925,15,0,1,32993980710913
634,28925,15,0,2,33002570645505
635,28925,15,0,3,33011160580097
636,28925,15,0,4,33019750514689
637,28925,15,0,5,33028340449281
638,28925,15,0,6,33036930383873
639,28925,15,0,7,33045520318465
640,28925,16,0,0,35184414031873
641,28925,16,0,1,35193003966465
642,28925,16,0,2,35201593901057
643,28925,16,0,3,35210183835649
644,28925,16,0,4,35218773770241
645,28925,16,0,5,35227363704833
646,28925,16,0,6,35235953639425
647,28925,16,0,7,35244543574017
648,28925,17,0,0,37383437287425
649,28925,17,0,1,37392027222017
650,28925,17,0,2,37400617156609
651,28925,17,0,3,37409207091201
652,28925,17,0,4,37417797025793
653,28925,17,0,5,37426386960385
654,28925,17,0,6,37434976894977
655,28925,17,0,7,37443566829569
656,28925,18,0,0,39582460542977
657,28925,18,0,1,39591050477569
658,28925,18,0,2,39599640412161
659,28925,18,0,3,39608230346753
660,28925,18,0,4,39616820281345
661,28925,18,0,5,39625410215937
662,28925,18,0,6,39634000150529
663,28925,18,0,7,39642590085121
664,28925,19,0,0,41781483798529
665,28925,19,0,1,41790073733121
666,28925,19,0,2,41798663667713
667,28925,19,0,3,41807253602305
668,28925,19,0,4,41815843536897
669,28925,19,0,5,41824433471489
670,28925,19,0,6,41833023406081
671,28925,19,0,7,41841613340673
672,28925,20,0,0,43980507054081
673,28925,20,0,1,43989096988673
674,28925,20,0,2,43997686923265
675,28925,20,0,3,44006276857857
676,28925,20,0,4,44014866792449
677,28925,20,0,5,44023456727041
678,28925,20,0,6,44032046661633
679,28925,20,0,7,44040636596225
680,28925,21,0,0,46179530309633
681,28925,21,0,1,46188120244225
682,28925,21,0,2,46196710178817
683,28925,21,0,3,46205300113409
684,28925,21,0,4,46213890048001
685,28925,21,0,5,46222479982593
686,28925,21,0,6,46231069917185
687,28925,21,0,7,46239659851777
688,28925,22,0,0,48378553565185
689,28925,22,0,1,48387143499777
690,28925,22,0,2,48395733434369
691,28925,22,0,3,48404323368961
692,28925,22,0,4,48412913303553
693,28925,22,0,5,48421503238145
694,28925,22,0,6,48430093172737
695,28925,22,0,7,48438683107329
696,28925,23,0,0,50577576820737
697,28925,23,0,1,50586166755329
698,28925,23,0,2,50594756689921
699,28925,23,0,3,50603346624513
700,28925,23,0,4,50611936559105
701,28925,23,0,5,50620526493697
702,28925,23,0,6,50629116428289
703,28925,23,0,7,50637706362881
704,28925,24,0,0,52776600076289
705,28925,24,0,1,52785190010881
706,28925,24,0,2,52793779945473
707,28925,24,0,3,52802369880065
708,28925,24,0,4,52810959814657
709,28925,24,0,5,52819549749249
710,28925,24,0,6,52828139683841
711,28925,24,0,7,52836729618433
712,28925,25,0,0,54975623331841
713,28925,25,0,1,54984213266433
714,28925,25,0,2,54992803201025
715,28925,25,0,3,55001393135617
716,28925,25,0,4,55009983070209
717,28925,25,0,5,55018573004801
718,28925,25,0,6,55027162939393
719,28925,25,0,7,55035752873985
720,28925,26,0,0,57174646587393
721,28925,26,0,1,57183236521985
722,28925,26,0,2,57191826456577
723,28925,26,0,3,57200416391169
724,28925,26,0,4,57209006325761
725,28925,26,0,5,57217596260353
726,28925,26,0,6,57226186194945
727,28925,26,0,7,57234776129537
728,28925,27,0,0,59373669842945
729,28925,27,0,1,59382259777537
730,28925,27,0,2,59390849712129
731,28925,27,0,3,59399439646721
732,28925,27,0,4,59408029581313
733,28925,27,0,5,59416619515905
734,28925,27,0,6,59425209450497
735,28925,27,0,7,59433799385089
736,28925,28,0,0,61572693098497
737,28925,28,0,1,61581283033089
738,28925,28,0,2,61589872967681
739,28925,28,0,3,61598462902273
740,28925,28,0,4,61607052836865
741,28925,28,0,5,61615642771457
742,28925,28,0,6,61624232706049
743,28925,28,0,7,61632822640641
744,28925,29,0,0,63771716354049
745,28925,29,0,1,63780306288641
746,28925,29,0,2,63788896223233
747,28925,29,0,3,63797486157825
748,28925,29,0,4,63806076092417
749,28925,29,0,5,63814666027009
750,28925,29,0,6,63823255961601
751,28925,29,0,7,63831845896193
752,28925,30,0,0,65970739609601
753,28925,30,0,1,65979329544193
754,28925,30,0,2,65987919478785
755,28925,30,0,3,65996509413377
756,28925,30,0,4,66005099347969
757,28925,30,0,5,66013689282561
758,28925,30,0,6,66022279217153
759,28925,30,0,7,66030869151745
760,28925,31,0,0,68169762865153
761,28925,31,0,1,68178352799745
762,28925,31,0,2,68186942734337
763,28925,31,0,3,68195532668929
764,28925,31,0,4,68204122603521
765,28925,31,0,5,68212712538113
766,28925,31,0,6,68221302472705
767,28925,31,0,7,68229892407297
768,28925,32,0,0,70368786120705
769,28925,32,0,1,70377376055297
770,28925,32,0,2,70385965989889
771,28925,32,0,3,70394555924481
772,28925,32,0,4,70403145859073
773,28925,32,0,5,70411735793665
774,28925,32,0,6,70420325728257
775,28925,32,0,7,70428915662849
776,28925,33,0,0,72567809376257
777,28925,33,0,1,72576399310849
778,28925,33,0,2,72584989245441
779,28925,33,0,3,72593579180033
780,28925,33,0,4,72602169114625
781,28925,33,0,5,72610759049217
782,28925,33,0,6,72619348983809
783,28925,33,0,7,72627938918401
784,28925,34,0,0,74766832631809
785,28925,34,0,1,74775422566401
786,28925,34,0,2,74784012500993
787,28925,34,0,3,74792602435585
788,28925,34,0,4,74801192370177
789,28925,34,0,5,74809782304769
790,28925,34,0,6,74818372239361
791,28925,34,0,7,74826962173953
792,28925,35,0,0,76965855887361
793,28925,35,0,1,76974445821953
794,28925,35,0,2,76983035756545
795,28925,35,0,3,76991625691137
796,28925,35,0,4,77000215625729
797,28925,35,0,5,77008805560321
798,28925,35,0,6,77017395494913
799,28925,35,0,7,77025985429505
800,28925,36,0,0,79164879142913
801,28925,36,0,1,79173469077505
802,28925,36,0,2,79182059012097
803,28925,36,0,3,79190648946689
804,28925,36,0,4,79199238881281
805,28925,36,0,5,79207828815873
806,28925,36,0,6,79216418750465
807,28925,36,0,7,79225008685057
808,28925,37,0,0,81363902398465
809,28925,37,0,1,81372492333057
810,28925,37,0,2,81381082267649
811,28925,37,0,3,81389672202241
812,28925,37,0,4,81398262136833
813,28925,37,0,5,81406852071425
814,28925,37,0,6,81415442006017
815,28925,37,0,7,81424031940609
816,28925,38,0,0,83562925654017
817,28925,38,0,1,83571515588609
818,28925,38,0,2,83580105523201
819,28925,38,0,3,83588695457793
820,28925,38,0,4,83597285392385
821,28925,38,0,5,83605875326977
822,28925,38,0,6,83614465261569
823,28925,38,0,7,83623055196161
824,28925,39,0,0,85761948909569
825,28925,39,0,1,85770538844161
826,28925,39,0,2,85779128778753
827,28925,39,0,3,85787718713345
828,28925,39,0,4,85796308647937
829,28925,39,0,5,85804898582529
830,28925,39,0,6,85813488517121
831,28925,39,0,7,85822078451713
832,28925,40,0,0,87960972165121
833,28925,40,0,1,87969562099713
834,28925,40,0,2,87978152034305
835,28925,40,0,3,87986741968897
836,28925,40,0,4,87995331903489
837,28925,40,0,5,88003921838081
838,28925,40,0,6,88012511772673
839,28925,40,0,7,88021101707265
840,28925,41,0,0,90159995420673
841,28925,41,0,1,90168585355265
842,28925,41,0,2,90177175289857
843,28925,41,0,3,90185765224449
844,28925,41,0,4,90194355159041
845,28925,41,0,5,90202945093633
846,28925,41,0,6,90211535028225
847,28925,41,0,7,90220124962817
848,28925,42,0,0,92359018676225
849,28925,42,0,1,92367608610817
850,28925,42,0,2,92376198545409
851,28925,42,0,3,92384788480001
852,28925,42,0,4,92393378414593
853,28925,42,0,5,92401968349185
854,28925,42,0,6,92410558283777
855,28925,42,0,7,92419148218369
856,28925,43,0,0,94558041931777
857,28925,43,0,1,94566631866369
858,28925,43,0,2,94575221800961
859,28925,43,0,3,94583811735553
860,28925,43,0,4,94592401670145
861,28925,43,0,5,94600991604737
862,28925,43,0,6,94609581539329
863,28925,43,0,7,94618171473921
864,28925,44,0,0,96757065187329
865,28925,44,0,1,96765655121921
866,28925,44,0,2,96774245056513
867,28925,44,0,3,96782834991105
868,28925,44,0,4,96791424925697
869,28925,44,0,5,96800014860289
870,28925,44,0,6,96808604794881
871,28925,44,0,7,96817194729473
872,28925,45,0,0,98956088442881
873,28925,45,0,1,98964678377473
874,28925,45,0,2,98973268312065
875,28925,45,0,3,98981858246657
876,28925,45,0,4,98990448181249
877,28925,45,0,5,98999038115841
878,28925,45,0,6,99007628050433
879,28925,45,0,7,99016217985025
880,28925,46,0,0,101155111698433
881,28925,46,0,1,101163701633025
882,28925,46,0,2,101172291567617
883,28925,46,0,3,101180881502209
884,28925,46,0,4,101189471436801
885,28925,46,0,5,101198061371393
886,28925,46,0,6,101206651305985
887,28925,46,0,7,101215241240577
888,28925,47,0,0,103354134953985
889,28925,47,0,1,103362724888577
890,28925,47,0,2,103371314823169
891,28925,47,0,3,103379904757761
892,28925,47,0,4,103388494692353
893,28925,47,0,5,103397084626945
894,28925,47,0,6,103405674561537
895,28925,47,0,7,103414264496129
896,28925,48,0,0,105553158209537
897,28925,48,0,1,105561748144129
898,28925,48,0,2,105570338078721
899,28925,48,0,3,105578928013313
900,28925,48,0,4,105587517947905
901,28925,48,0,5,105596107882497
902,28925,48,0,6,105604697817089
903,28925,48,0,7,105613287751681
904,28925,49,0,0,107752181465089
905,28925,49,0,1,107760771399681
906,28925,49,0,2,107769361334273
907,28925,49,0,3,107777951268865
908,28925,49,0,4,107786541203457
909,28925,49,0,5,107795131138049
910,28925,49,0,6,107803721072641
911,28925,49,0,7,107812311007233
912,28925,50,0,0,109951204720641
913,28925,50,0,1,109959794655233
914,28925,50,0,2,109968384589825
915,28925,50,0,3,109976974524417
916,28925,50,0,4,109985564459009
917,28925,50,0,5,109994154393601
918,28925,50,0,6,110002744328193
919,28925,50,0,7,110011334262785
920,28925,51,0,0,112150227976193
921,28925,51,0,1,112158817910785
922,28925,51,0,2,112167407845377
923,28925,51,0,3,112175997779969
924,28925,51,0,4,112184587714561
925,28925,51,0,5,112193177649153
926,28925,51,0,6,112201767583745
927,28925,51,0,7,112210357518337
928,28925,52,0,0,114349251231745
929,28925,52,0,1,114357841166337
930,28925,52,0,2,114366431100929
931,28925,52,0,3,114375021035521
932,28925,52,0,4,114383610970113
933,28925,52,0,5,114392200904705
934,28925,52,0,6,114400790839297
935,28925,52,0,7,114409380773889
936,28925,53,0,0,116548274487297
937,28925,53,0,1,116556864421889
938,28925,53,0,2,116565454356481
939,28925,53,0,3,116574044291073
940,28925,53,0,4,116582634225665
941,28925,53,0,5,116591224160257
942,28925,53,0,6,116599814094849
943,28925,53,0,7,116608404029441
944,28925,54,0,0,118747297742849
945,28925,54,0,1,118755887677441
946,28925,54,0,2,118764477612033
947,28925,54,0,3,118773067546625
948,28925,54,0,4,118781657481217
949,28925,54,0,5,118790247415809
950,28925,54,0,6,118798837350401
951,28925,54,0,7,118807427284993
952,28925,55,0,0,120946320998401
953,28925,55,0,1,120954910932993
954,28925,55,0,2,120963500867585
955,28925,55,0,3,120972090802177
956,28925,55,0,4,120980680736769
957,28925,55,0,5,120989270671361
958,28925,55,0,6,120997860605953
959,28925,55,0,7,121006450540545
960,28925,56,0,0,123145344253953
961,28925,56,0,1,123153934188545
962,28925,56,0,2,123162524123137
963,28925,56,0,3,123171114057729
964,28925,56,0,4,123179703992321
965,28925,56,0,5,123188293926913
966,28925,56,0,6,123196883861505
967,28925,56,0,7,123205473796097
968,28925,57,0,0,125344367509505
969,28925,57,0,1,125352957444097
970,28925,57,0,2,125361547378689
971,28925,57,0,3,125370137313281
972,28925,57,0,4,125378727247873
973,28925,57,0,5,125387317182465
974,28925,57,0,6,125395907117057
975,28925,57,0,7,125404497051649
976,28925,58,0,0,127543390765057
977,28925,58,0,1,127551980699649
978,28925,58,0,2,127560570634241
979,28925,58,0,3,127569160568833
980,28925,58,0,4,127577750503425
981,28925,58,0,5,127586340438017
982,28925,58,0,6,127594930372609
983,28925,58,0,7,127603520307201
984,28925,59,0,0,129742414020609
985,28925,59,0,1,129751003955201
986,28925,59,0,2,129759593889793
987,28925,59,0,3,129768183824385
988,28925,59,0,4,129776773758977
989,28925,59,0,5,129785363693569
990,28925,59,0,6,129793953628161
991,28925,59,0,7,129802543562753
992,28925,60,0,0,131941437276161
993,28925,60,0,1,131950027210753
994,28925,60,0,2,131958617145345
995,28925,60,0,3,131967207079937
996,28925,60,0,4,131975797014529
997,28925,60,0,5,131984386949121
998,28925,60,0,6,131992976883713
999,28925,60,0,7,132001566818305
1000,28925,61,0,0,134140460531713
1001,28925,61,0,1,134149050466305
1002,28925,61,0,2,134157640400897
1003,28925,61,0,3,134166230335489
1004,28925,61,0,4,134174820270081
1005,28925,61,0,5,134183410204673
1006,28925,61,0,6,134192000139265
1007,28925,61,0,7,134200590073857
1008,28925,62,0,0,136339483787265
1009,28925,62,0,1,136348073721857
1010,28925,62,0,2,136356663656449
1011,28925,62,0,3,136365253591041
1012,28925,62,0,4,136373843525633
1013,28925,62,0,5,136382433460225
1014,28925,62,0,6,136391023394817
1015,28925,62,0,7,136399613329409
1016,28925,63,0,0,138538507042817
1017,28925,63,0,1,138547096977409
1018,28925,63,0,2,138555686912001
1019,28925,63,0,3,138564276846593
1020,28925,63,0,4,138572866781185
1021,28925,63,0,5,138581456715777
1022,28925,63,0,6,138590046650369
1023,28925,63,0,7,138598636584961
1024,28927,0,0,0,41943042
1025,28927,0,0,1,8631877634
1026,28927,0,0,2,17221812226
1027,28927,0,0,3,25811746818
1028,28927,0,0,4,34401681410
1029,28927,0,0,5,42991616002
1030,28927,0,0,6,51581550594
1031,28927,0,0,7,60171485186
1032,28927,1,0,0,2199065198594
1033,28927,1,0,1,2207655133186
1034,28927,1,0,2,2216245067778
1035,28927,1,0,3,2224835002370
1036,28927,1,0,4,2233424936962
1037,28927,1,0,5,2242014871554
1038,28927,1,0,6,2250604806146
1039,28927,1,0,7,2259194740738
1040,28927,2,0,0,4398088454146
1041,28927,2,0,1,4406678388738
1042,28927,2,0,2,4415268323330
1043,28927,2,0,3,4423858257922
1044,28927,2,0,4,4432448192514
1045,28927,2,0,5,4441038127106
1046,28927,2,0,6,4449628061698
1047,28927,2,0,7,4458217996290
1048,28927,3,0,0,6597111709698
1049,28927,3,0,1,6605701644290
1050,28927,3,0,2,6614291578882
1051,28927,3,0,3,6622881513474
1052,28927,3,0,4,6631471448066
1053,28927,3,0,5,6640061382658
1054,28927,3,0,6,6648651317250
1055,28927,3,0,7,6657241251842
1056,28927,4,0,0,8796134965250
1057,28927,4,0,1,8804724899842
1058,28927,4,0,2,8813314834434
1059,28927,4,0,3,8821904769026
1060,28927,4,0,4,8830494703618
1061,28927,4,0,5,8839084638210
1062,28927,4,0,6,8847674572802
1063,28927,4,0,7,8856264507394
1064,28927,5,0,0,10995158220802
1065,28927,5,0,1,11003748155394
1066,28927,5,0,2,11012338089986
1067,28927,5,0,3,11020928024578
1068,28927,5,0,4,11029517959170
1069,28927,5,0,5,11038107893762
1070,28927,5,0,6,11046697828354
1071,28927,5,0,7,11055287762946
1072,28927,6,0,0,13194181476354
1073,28927,6,0,1,13202771410946
1074,28927,6,0,2,13211361345538
1075,28927,6,0,3,13219951280130
1076,28927,6,0,4,13228541214722
1077,28927,6,0,5,13237131149314
1078,28927,6,0,6,13245721083906
1079,28927,6,0,7,13254311018498
1080,28927,7,0,0,15393204731906
1081,28927,7,0,1,15401794666498
1082,28927,7,0,2,15410384601090
1083,28927,7,0,3,15418974535682
1084,28927,7,0,4,15427564470274
1085,28927,7,0,5,15436154404866
1086,28927,7,0,6,15444744339458
1087,28927,7,0,7,15453334274050
1088,28927,8,0,0,17592227987458
1089,28927,8,0,1,17600817922050
1090,28927,8,0,2,17609407856642
1091,28927,8,0,3,17617997791234
1092,28927,8,0,4,17626587725826
1093,28927,8,0,5,17635177660418
1094,28927,8,0,6,17643767595010
1095,28927,8,0,7,17652357529602
1096,28927,9,0,0,19791251243010
1097,28927,9,0,1,19799841177602
1098,28927,9,0,2,19808431112194
1099,28927,9,0,3,19817021046786
1100,28927,9,0,4,19825610981378
1101,28927,9,0,5,19834200915970
1102,28927,9,0,6,19842790850562
1103,28927,9,0,7,19851380785154
1104,28927,10,0,0,21990274498562
1105,28927,10,0,1,21998864433154
1106,28927,10,0,2,22007454367746
1107,28927,10,0,3,22016044302338
1108,28927,10,0,4,22024634236930
1109,28927,10,0,5,22033224171522
1110,28927,10,0,6,22041814106114
1111,28927,10,0,7,22050404040706
1112,28927,11,0,0,24189297754114
1113,28927,11,0,1,24197887688706
1114,28927,11,0,2,24206477623298
1115,28927,11,0,3,24215067557890
1116,28927,11,0,4,24223657492482
1117,28927,11,0,5,24232247427074
1118,28927,11,0,6,24240837361666
1119,28927,11,0,7,24249427296258
1120,28927,12,0,0,26388321009666
1121,28927,12,0,1,26396910944258
1122,28927,12,0,2,26405500878850
1123,28927,12,0,3,26414090813442
1124,28927,12,0,4,26422680748034
1125,28927,12,0,5,26431270682626
1126,28927,12,0,6,26439860617218
1127,28927,12,0,7,26448450551810
1128,28927,13,0,0,28587344265218
1129,28927,13,0,1,28595934199810
1130,28927,13,0,2,28604524134402
1131,28927,13,0,3,28613114068994
1132,28927,13,0,4,28621704003586
1133,28927,13,0,5,28630293938178
1134,28927,13,0,6,28638883872770
1135,28927,13,0,7,28647473807362
1136,28927,14,0,0,30786367520770
1137,28927,14,0,1,30794957455362
1138,28927,14,0,2,30803547389954
1139,28927,14,0,3,30812137324546
1140,28927,14,0,4,30820727259138
1141,28927,14,0,5,30829317193730
1142,28927,14,0,6,30837907128322
1143,28927,14,0,7,30846497062914
1144,28927,15,0,0,32985390776322
1145,28927,15,0,1,32993980710914
1146,28927,15,0,2,33002570645506
1147,28927,15,0,3,33011160580098
1148,28927,15,0,4,33019750514690
1149,28927,15,0,5,33028340449282
1150,28927,15,0,6,33036930383874
1151,28927,15,0,7,33045520318466
1152,28927,16,0,0,35184414031874
1153,28927,16,0,1,35193003966466
1154,28927,16,0,2,35201593901058
1155,28927,16,0,3,35210183835650
1156,28927,16,0,4,35218773770242
1157,28927,16,0,5,35227363704834
1158,28927,16,0,6,35235953639426
1159,28927,16,0,7,35244543574018
1160,28927,17,0,0,37383437287426
1161,28927,17,0,1,37392027222018
1162,28927,17,0,2,37400617156610
1163,28927,17,0,3,37409207091202
1164,28927,17,0,4,37417797025794
1165,28927,17,0,5,37426386960386
1166,28927,17,0,6,37434976894978
1167,28927,17,0,7,37443566829570
1168,28927,18,0,0,39582460542978
1169,28927,18,0,1,39591050477570
1170,28927,18,0,2,39599640412162
1171,28927,18,0,3,39608230346754
1172,28927,18,0,4,39616820281346
1173,28927,18,0,5,39625410215938
1174,28927,18,0,6,39634000150530
1175,28927,18,0,7,39642590085122
1176,28927,19,0,0,41781483798530
1177,28927,19,0,1,41790073733122
1178,28927,19,0,2,41798663667714
1179,28927,19,0,3,41807253602306
1180,28927,19,0,4,41815843536898
1181,28927,19,0,5,41824433471490
1182,28927,19,0,6,41833023406082
1183,28927,19,0,7,41841613340674
1184,28927,20,0,0,43980507054082
1185,28927,20,0,1,43989096988674
1186,28927,20,0,2,43997686923266
1187,28927,20,0,3,44006276857858
1188,28927,20,0,4,44014866792450
1189,28927,20,0,5,44023456727042
1190,28927,20,0,6,44032046661634
1191,28927,20,0,7,44040636596226
1192,28927,21,0,0,46179530309634
1193,28927,21,0,1,46188120244226
1194,28927,21,0,2,46196710178818
1195,28927,21,0,3,46205300113410
1196,28927,21,0,4,46213890048002
1197,28927,21,0,5,46222479982594
1198,28927,21,0,6,46231069917186
1199,28927,21,0,7,46239659851778
1200,28927,22,0,0,48378553565186
1201,28927,22,0,1,48387143499778
1202,28927,22,0,2,48395733434370
1203,28927,22,0,3,48404323368962
1204,28927,22,0,4,48412913303554
1205,28927,22,0,5,48421503238146
1206,28927,22,0,6,48430093172738
1207,28927,22,0,7,48438683107330
1208,28927,23,0,0,50577576820738
1209,28927,23,0,1,50586166755330
1210,28927,23,0,2,50594756689922
1211,28927,23,0,3,50603346624514
1212,28927,23,0,4,50611936559106
1213,28927,23,0,5,50620526493698
1214,28927,23,0,6,50629116428290
1215,28927,23,0,7,50637706362882
1216,28927,24,0,0,52776600076290
1217,28927,24,0,1,52785190010882
1218,28927,24,0,2,52793779945474
1219,28927,24,0,3,52802369880066
1220,28927,24,0,4,52810959814658
1221,28927,24,0,5,52819549749250
1222,28927,24,0,6,52828139683842
1223,28927,24,0,7,52836729618434
1224,28927,25,0,0,54975623331842
1225,28927,25,0,1,54984213266434
1226,28927,25,0,2,54992803201026
1227,28927,25,0,3,55001393135618
1228,28927,25,0,4,55009983070210
1229,28927,25,0,5,55018573004802
1230,28927,25,0,6,55027162939394
1231,28927,25,0,7,55035752873986
1232,28927,26,0,0,57174646587394
1233,28927,26,0,1,57183236521986
1234,28927,26,0,2,57191826456578
1235,28927,26,0,3,57200416391170
1236,28927,26,0,4,57209006325762
1237,28927,26,0,5,57217596260354
1238,28927,26,0,6,57226186194946
1239,28927,26,0,7,57234776129538
1240,28927,27,0,0,59373669842946
1241,28927,27,0,1,59382259777538
1242,28927,27,0,2,59390849712130
1243,28927,27,0,3,59399439646722
1244,28927,27,0,4,59408029581314
1245,28927,27,0,5,59416619515906
1246,28927,27,0,6,59425209450498
1247,28927,27,0,7,59433799385090
1248,28927,28,0,0,61572693098498
1249,28927,28,0,1,61581283033090
1250,28927,28,0,2,61589872967682
1251,28927,28,0,3,61598462902274
1252,28927,28,0,4,61607052836866
1253,28927,28,0,5,61615642771458
1254,28927,28,0,6,61624232706050
1255,28927,28,0,7,61632822640642
1256,28927,29,0,0,63771716354050
1257,28927,29,0,1,63780306288642
1258,28927,29,0,2,63788896223234
1259,28927,29,0,3,63797486157826
1260,28927,29,0,4,63806076092418
1261,28927,29,0,5,63814666027010
1262,28927,29,0,6,63823255961602
1263,28927,29,0,7,63831845896194
1264,28927,30,0,0,65970739609602
1265,28927,30,0,1,65979329544194
1266,28927,30,0,2,65987919478786
1267,28927,30,0,3,65996509413378
1268,28927,30,0,4,66005099347970
1269,28927,30,0,5,66013689282562
1270,28927,30,0,6,66022279217154
1271,28927,30,0,7,66030869151746
1272,28927,31,0,0,68169762865154
1273,28927,31,0,1,68178352799746
1274,28927,31,0,2,68186942734338
1275,28927,31,0,3,68195532668930
1276,28927,31,0,4,68204122603522
1277,28927,31,0,5,68212712538114
1278,28927,31,0,6,68221302472706
1279,28927,31,0,7,68229892407298
1280,28927,32,0,0,70368786120706
1281,28927,32,0,1,70377376055298
1282,28927,32,0,2,70385965989890
1283,28927,32,0,3,70394555924482
1284,28927,32,0,4,70403145859074
1285,28927,32,0,5,70411735793666
1286,28927,32,0,6,70420325728258
1287,28927,32,0,7,70428915662850
1288,28927,33,0,0,72567809376258
1289,28927,33,0,1,72576399310850
1290,28927,33,0,2,72584989245442
1291,28927,33,0,3,72593579180034
1292,28927,33,0,4,72602169114626
1293,28927,33,0,5,72610759049218
1294,28927,33,0,6,72619348983810
1295,28927,33,0,7,72627938918402
1296,28927,34,0,0,74766832631810
1297,28927,34,0,1,74775422566402
1298,28927,34,0,2,74784012500994
1299,28927,34,0,3,74792602435586
1300,28927,34,0,4,74801192370178
1301,28927,34,0,5,74809782304770
1302,28927,34,0,6,74818372239362
1303,28927,34,0,7,74826962173954
1304,28927,35,0,0,76965855887362
1305,28927,35,0,1,76974445821954
1306,28927,35,0,2,76983035756546
1307,28927,35,0,3,76991625691138
1308,28927,35,0,4,77000215625730
1309,28927,35,0,5,77008805560322
1310,28927,35,0,6,77017395494914
1311,28927,35,0,7,77025985429506
1312,28927,36,0,0,79164879142914
1313,28927,36,0,1,79173469077506
1314,28927,36,0,2,79182059012098
1315,28927,36,0,3,79190648946690
1316,28927,36,0,4,79199238881282
1317,28927,36,0,5,79207828815874
1318,28927,36,0,6,79216418750466
1319,28927,36,0,7,79225008685058
1320,28927,37,0,0,81363902398466
1321,28927,37,0,1,81372492333058
1322,28927,37,0,2,81381082267650
1323,28927,37,0,3,81389672202242
1324,28927,37,0,4,81398262136834
1325,28927,37,0,5,81406852071426
1326,28927,37,0,6,81415442006018
1327,28927,37,0,7,81424031940610
1328,28927,38,0,0,83562925654018
1329,28927,38,0,1,83571515588610
1330,28927,38,0,2,83580105523202
1331,28927,38,0,3,83588695457794
1332,28927,38,0,4,83597285392386
1333,28927,38,0,5,83605875326978
1334,28927,38,0,6,83614465261570
1335,28927,38,0,7,83623055196162
1336,28927,39,0,0,85761948909570
1337,28927,39,0,1,85770538844162
1338,28927,39,0,2,85779128778754
1339,28927,39,0,3,85787718713346
1340,28927,39,0,4,85796308647938
1341,28927,39,0,5,85804898582530
1342,28927,39,0,6,85813488517122
1343,28927,39,0,7,85822078451714
1344,28927,40,0,0,87960972165122
1345,28927,40,0,1,87969562099714
1346,28927,40,0,2,87978152034306
1347,28927,40,0,3,87986741968898
1348,28927,40,0,4,87995331903490
1349,28927,40,0,5,88003921838082
1350,28927,40,0,6,88012511772674
1351,28927,40,0,7,88021101707266
1352,28927,41,0,0,90159995420674
1353,28927,41,0,1,90168585355266
1354,28927,41,0,2,90177175289858
1355,28927,41,0,3,90185765224450
1356,28927,41,0,4,90194355159042
1357,28927,41,0,5,90202945093634
1358,28927,41,0,6,90211535028226
1359,28927,41,0,7,90220124962818
1360,28927,42,0,0,92359018676226
1361,28927,42,0,1,92367608610818
1362,28927,42,0,2,92376198545410
1363,28927,42,0,3,92384788480002
1364,28927,42,0,4,92393378414594
1365,28927,42,0,5,92401968349186
1366,28927,42,0,6,92410558283778
1367,28927,42,0,7,92419148218370
1368,28927,43,0,0,94558041931778
1369,28927,43,0,1,94566631866370
1370,28927,43,0,2,94575221800962
1371,28927,43,0,3,94583811735554
1372,28927,43,0,4,94592401670146
1373,28927,43,0,5,94600991604738
1374,28927,43,0,6,94609581539330
1375,28927,43,0,7,94618171473922
1376,28927,44,0,0,96757065187330
1377,28927,44,0,1,96765655121922
1378,28927,44,0,2,96774245056514
1379,28927,44,0,3,96782834991106
1380,28927,44,0,4,96791424925698
1381,28927,44,0,5,96800014860290
1382,28927,44,0,6,96808604794882
1383,28927,44,0,7,96817194729474
1384,28927,45,0,0,98956088442882
1385,28927,45,0,1,98964678377474
1386,28927,45,0,2,98973268312066
1387,28927,45,0,3,98981858246658
1388,28927,45,0,4,98990448181250
1389,28927,45,0,5,98999038115842
1390,28927,45,0,6,99007628050434
1391,28927,45,0,7,99016217985026
1392,28927,46,0,0,101155111698434
1393,28927,46,0,1,101163701633026
1394,28927,46,0,2,101172291567618
1395,28927,46,0,3,101180881502210
1396,28927,46,0,4,101189471436802
1397,28927,46,0,5,101198061371394
1398,28927,46,0,6,101206651305986
1399,28927,46,0,7,101215241240578
1400,28927,47,0,0,103354134953986
1401,28927,47,0,1,103362724888578
1402,28927,47,0,2,103371314823170
1403,28927,47,0,3,103379904757762
1404,28927,47,0,4,103388494692354
1405,28927,47,0,5,103397084626946
1406,28927,47,0,6,103405674561538
1407,28927,47,0,7,103414264496130
1408,28927,48,0,0,105553158209538
1409,28927,48,0,1,105561748144130
1410,28927,48,0,2,105570338078722
1411,28927,48,0,3,105578928013314
1412,28927,48,0,4,105587517947906
1413,28927,48,0,5,105596107882498
1414,28927,48,0,6,105604697817090
1415,28927,48,0,7,105613287751682
1416,28927,49,0,0,107752181465090
1417,28927,49,0,1,107760771399682
1418,28927,49,0,2,107769361334274
1419,28927,49,0,3,107777951268866
1420,28927,49,0,4,107786541203458
1421,28927,49,0,5,107795131138050
1422,28927,49,0,6,107803721072642
1423,28927,49,0,7,107812311007234
1424,28927,50,0,0,109951204720642
1425,28927,50,0,1,109959794655234
1426,28927,50,0,2,109968384589826
1427,28927,50,0,3,109976974524418
1428,28927,50,0,4,109985564459010
1429,28927,50,0,5,109994154393602
1430,28927,50,0,6,110002744328194
1431,28927,50,0,7,110011334262786
1432,28927,51,0,0,112150227976194
1433,28927,51,0,1,112158817910786
1434,28927,51,0,2,112167407845378
1435,28927,51,0,3,112175997779970
1436,28927,51,0,4,112184587714562
1437,28927,51,0,5,112193177649154
1438,28927,51,0,6,112201767583746
1439,28927,51,0,7,112210357518338
1440,28927,52,0,0,114349251231746
1441,28927,52,0,1,114357841166338
1442,28927,52,0,2,114366431100930
1443,28927,52,0,3,114375021035522
1444,28927,52,0,4,114383610970114
1445,28927,52,0,5,114392200904706
1446,28927,52,0,6,114400790839298
1447,28927,52,0,7,114409380773890
1448,28927,53,0,0,116548274487298
1449,28927,53,0,1,116556864421890
1450,28927,53,0,2,116565454356482
1451,28927,53,0,3,116574044291074
1452,28927,53,0,4,116582634225666
1453,28927,53,0,5,116591224160258
1454,28927,53,0,6,116599814094850
1455,28927,53,0,7,116608404029442
1456,28927,54,0,0,118747297742850
1457,28927,54,0,1,118755887677442
1458,28927,54,0,2,118764477612034
1459,28927,54,0,3,118773067546626
1460,28927,54,0,4,118781657481218
1461,28927,54,0,5,118790247415810
1462,28927,54,0,6,118798837350402
1463,28927,54,0,7,118807427284994
1464,28927,55,0,0,120946320998402
1465,28927,55,0,1,120954910932994
1466,28927,55,0,2,120963500867586
1467,28927,55,0,3,120972090802178
1468,28927,55,0,4,120980680736770
1469,28927,55,0,5,120989270671362
1470,28927,55,0,6,120997860605954
1471,28927,55,0,7,121006450540546
1472,28927,56,0,0,123145344253954
1473,28927,56,0,1,123153934188546
1474,28927,56,0,2,123162524123138
1475,28927,56,0,3,123171114057730
1476,28927,56,0,4,123179703992322
1477,28927,56,0,5,123188293926914
1478,28927,56,0,6,123196883861506
1479,28927,56,0,7,123205473796098
1480,28927,57,0,0,125344367509506
1481,28927,57,0,1,125352957444098
1482,28927,57,0,2,125361547378690
1483,28927,57,0,3,125370137313282
1484,28927,57,0,4,125378727247874
1485,28927,57,0,5,125387317182466
1486,28927,57,0,6,125395907117058
1487,28927,57,0,7,125404497051650
1488,28927,58,0,0,127543390765058
1489,28927,58,0,1,127551980699650
1490,28927,58,0,2,127560570634242
1491,28927,58,0,3,127569160568834
1492,28927,58,0,4,127577750503426
1493,28927,58,0,5,127586340438018
1494,28927,58,0,6,127594930372610
1495,28927,58,0,7,127603520307202
1496,28927,59,0,0,129742414020610
1497,28927,59,0,1,129751003955202
1498,28927,59,0,2,129759593889794
1499,28927,59,0,3,129768183824386
1500,28927,59,0,4,129776773758978
1501,28927,59,0,5,129785363693570
1502,28927,59,0,6,129793953628162
1503,28927,59,0,7,129802543562754
1504,28927,60,0,0,131941437276162
1505,28927,60,0,1,131950027210754
1506,28927,60,0,2,131958617145346
1507,28927,60,0,3,131967207079938
1508,28927,60,0,4,131975797014530
1509,28927,60,0,5,131984386949122
1510,28927,60,0,6,131992976883714
1511,28927,60,0,7,132001566818306
1512,28927,61,0,0,134140460531714
1513,28927,61,0,1,134149050466306
1514,28927,61,0,2,134157640400898
1515,28927,61,0,3,134166230335490
1516,28927,61,0,4,134174820270082
1517,28927,61,0,5,134183410204674
1518,28927,61,0,6,134192000139266
1519,28927,61,0,7,134200590073858
1520,28927,62,0,0,136339483787266
1521,28927,62,0,1,136348073721858
1522,28927,62,0,2,136356663656450
1523,28927,62,0,3,136365253591042
1524,28927,62,0,4,136373843525634
1525,28927,62,0,5,136382433460226
1526,28927,62,0,6,136391023394818
1527,28927,62,0,7,136399613329410
1528,28927,63,0,0,138538507042818
1529,28927,63,0,1,138547096977410
1530,28927,63,0,2,138555686912002
1531,28927,63,0,3,138564276846594
1532,28927,63,0,4,138572866781186
1533,28927,63,0,5,138581456715778
1534,28927,63,0,6,138590046650370
1535,28927,63,0,7,138598636584962
1536,28929,0,0,0,41943043
1537,28929,0,0,1,8631877635
1538,28929,0,0,2,17221812227
1539,28929,0,0,3,25811746819
1540,28929,0,0,4,34401681411
1541,28929,0,0,5,42991616003
1542,28929,0,0,6,51581550595
1543,28929,0,0,7,60171485187
1544,28929,1,0,0,2199065198595
1545,28929,1,0,1,2207655133187
1546,28929,1,0,2,2216245067779
1547,28929,1,0,3,2224835002371
1548,28929,1,0,4,2233424936963
1549,28929,1,0,5,2242014871555
1550,28929,1,0,6,2250604806147
1551,28929,1,0,7,2259194740739
1552,28929,2,0,0,4398088454147
1553,28929,2,0,1,4406678388739
1554,28929,2,0,2,4415268323331
1555,28929,2,0,3,4423858257923
1556,28929,2,0,4,4432448192515
1557,28929,2,0,5,4441038127107
1558,28929,2,0,6,4449628061699
1559,28929,2,0,7,4458217996291
1560,28929,3,0,0,6597111709699
1561,28929,3,0,1,6605701644291
1562,28929,3,0,2,6614291578883
1563,28929,3,0,3,6622881513475
1564,28929,3,0,4,6631471448067
1565,28929,3,0,5,6640061382659
1566,28929,3,0,6,6648651317251
1567,28929,3,0,7,6657241251843
1568,28929,4,0,0,8796134965251
1569,28929,4,0,1,8804724899843
1570,28929,4,0,2,8813314834435
1571,28929,4,0,3,8821904769027
1572,28929,4,0,4,8830494703619
1573,28929,4,0,5,8839084638211
1574,28929,4,0,6,8847674572803
1575,28929,4,0,7,8856264507395
1576,28929,5,0,0,10995158220803
1577,28929,5,0,1,11003748155395
1578,28929,5,0,2,11012338089987
1579,28929,5,0,3,11020928024579
1580,28929,5,0,4,11029517959171
1581,28929,5,0,5,11038107893763
1582,28929,5,0,6,11046697828355
1583,28929,5,0,7,11055287762947
1584,28929,6,0,0,13194181476355
1585,28929,6,0,1,13202771410947
1586,28929,6,0,2,13211361345539
1587,28929,6,0,3,13219951280131
1588,28929,6,0,4,13228541214723
1589,28929,6,0,5,13237131149315
1590,28929,6,0,6,13245721083907
1591,28929,6,0,7,13254311018499
1592,28929,7,0,0,15393204731907
1593,28929,7,0,1,15401794666499
1594,28929,7,0,2,15410384601091
1595,28929,7,0,3,15418974535683
1596,28929,7,0,4,15427564470275
1597,28929,7,0,5,15436154404867
1598,28929,7,0,6,15444744339459
1599,28929,7,0,7,15453334274051
1600,28929,8,0,0,17592227987459
1601,28929,8,0,1,17600817922051
1602,28929,8,0,2,17609407856643
1603,28929,8,0,3,17617997791235
1604,28929,8,0,4,17626587725827
1605,28929,8,0,5,17635177660419
1606,28929,8,0,6,17643767595011
1607,28929,8,0,7,17652357529603
1608,28929,9,0,0,19791251243011
1609,28929,9,0,1,19799841177603
1610,28929,9,0,2,19808431112195
1611,28929,9,0,3,19817021046787
1612,28929,9,0,4,19825610981379
1613,28929,9,0,5,19834200915971
1614,28929,9,0,6,19842790850563
1615,28929,9,0,7,19851380785155
1616,28929,10,0,0,21990274498563
1617,28929,10,0,1,21998864433155
1618,28929,10,0,2,22007454367747
1619,28929,10,0,3,22016044302339
1620,28929,10,0,4,22024634236931
1621,28929,10,0,5,22033224171523
1622,28929,10,0,6,22041814106115
1623,28929,10,0,7,22050404040707
1624,28929,11,0,0,24189297754115
1625,28929,11,0,1,24197887688707
1626,28929,11,0,2,24206477623299
1627,28929,11,0,3,24215067557891
1628,28929,11,0,4,24223657492483
1629,28929,11,0,5,24232247427075
1630,28929,11,0,6,24240837361667
1631,28929,11,0,7,24249427296259
1632,28929,12,0,0,26388321009667
1633,28929,12,0,1,26396910944259
1634,28929,12,0,2,26405500878851
1635,28929,12,0,3,26414090813443
1636,28929,12,0,4,26422680748035
1637,28929,12,0,5,26431270682627
1638,28929,12,0,6,26439860617219
1639,28929,12,0,7,26448450551811
1640,28929,13,0,0,28587344265219
1641,28929,13,0,1,28595934199811
1642,28929,13,0,2,28604524134403
1643,28929,13,0,3,28613114068995
1644,28929,13,0,4,28621704003587
1645,28929,13,0,5,28630293938179
1646,28929,13,0,6,28638883872771
1647,28929,13,0,7,28647473807363
1648,28929,14,0,0,30786367520771
1649,28929,14,0,1,30794957455363
1650,28929,14,0,2,30803547389955
1651,28929,14,0,3,30812137324547
1652,28929,14,0,4,30820727259139
1653,28929,14,0,5,30829317193731
1654,28929,14,0,6,30837907128323
1655,28929,14,0,7,30846497062915
1656,28929,15,0,0,32985390776323
1657,28929,15,0,1,32993980710915
1658,28929,15,0,2,33002570645507
1659,28929,15,0,3,33011160580099
1660,28929,15,0,4,33019750514691
1661,28929,15,0,5,33028340449283
1662,28929,15,0,6,33036930383875
1663,28929,15,0,7,33045520318467
1664,28929,16,0,0,35184414031875
1665,28929,16,0,1,35193003966467
1666,28929,16,0,2,35201593901059
1667,28929,16,0,3,35210183835651
1668,28929,16,0,4,35218773770243
1669,28929,16,0,5,35227363704835
1670,28929,16,0,6,35235953639427
1671,28929,16,0,7,35244543574019
1672,28929,17,0,0,37383437287427
1673,28929,17,0,1,37392027222019
1674,28929,17,0,2,37400617156611
1675,28929,17,0,3,37409207091203
1676,28929,17,0,4,37417797025795
1677,28929,17,0,5,37426386960387
1678,28929,17,0,6,37434976894979
1679,28929,17,0,7,37443566829571
1680,28929,18,0,0,39582460542979
1681,28929,18,0,1,39591050477571
1682,28929,18,0,2,39599640412163
1683,28929,18,0,3,39608230346755
1684,28929,18,0,4,39616820281347
1685,28929,18,0,5,39625410215939
1686,28929,18,0,6,39634000150531
1687,28929,18,0,7,39642590085123
1688,28929,19,0,0,41781483798531
1689,28929,19,0,1,41790073733123
1690,28929,19,0,2,41798663667715
1691,28929,19,0,3,41807253602307
1692,28929,19,0,4,41815843536899
1693,28929,19,0,5,41824433471491
1694,28929,19,0,6,41833023406083
1695,28929,19,0,7,41841613340675
1696,28929,20,0,0,43980507054083
1697,28929,20,0,1,43989096988675
1698,28929,20,0,2,43997686923267
1699,28929,20,0,3,44006276857859
1700,28929,20,0,4,44014866792451
1701,28929,20,0,5,44023456727043
1702,28929,20,0,6,44032046661635
1703,28929,20,0,7,44040636596227
1704,28929,21,0,0,46179530309635
1705,28929,21,0,1,46188120244227
1706,28929,21,0,2,46196710178819
1707,28929,21,0,3,46205300113411
1708,28929,21,0,4,46213890048003
1709,28929,21,0,5,46222479982595
1710,28929,21,0,6,46231069917187
1711,28929,21,0,7,46239659851779
1712,28929,22,0,0,48378553565187
1713,28929,22,0,1,48387143499779
1714,28929,22,0,2,48395733434371
1715,28929,22,0,3,48404323368963
1716,28929,22,0,4,48412913303555
1717,28929,22,0,5,48421503238147
1718,28929,22,0,6,48430093172739
1719,28929,22,0,7,48438683107331
1720,28929,23,0,0,50577576820739
1721,28929,23,0,1,50586166755331
1722,28929,23,0,2,50594756689923
1723,28929,23,0,3,50603346624515
1724,28929,23,0,4,50611936559107
1725,28929,23,0,5,50620526493699
1726,28929,23,0,6,50629116428291
1727,28929,23,0,7,50637706362883
1728,28929,24,0,0,52776600076291
1729,28929,24,0,1,52785190010883
1730,28929,24,0,2,52793779945475
1731,28929,24,0,3,52802369880067
1732,28929,24,0,4,52810959814659
1733,28929,24,0,5,52819549749251
1734,28929,24,0,6,52828139683843
1735,28929,24,0,7,52836729618435
1736,28929,25,0,0,54975623331843
1737,28929,25,0,1,54984213266435
1738,28929,25,0,2,54992803201027
1739,28929,25,0,3,55001393135619
1740,28929,25,0,4,55009983070211
1741,28929,25,0,5,55018573004803
1742,28929,25,0,6,55027162939395
1743,28929,25,0,7,55035752873987
1744,28929,26,0,0,57174646587395
1745,28929,26,0,1,57183236521987
1746,28929,26,0,2,57191826456579
1747,28929,26,0,3,57200416391171
1748,28929,26,0,4,57209006325763
1749,28929,26,0,5,57217596260355
1750,28929,26,0,6,57226186194947
1751,28929,26,0,7,57234776129539
1752,28929,27,0,0,59373669842947
1753,28929,27,0,1,59382259777539
1754,28929,27,0,2,59390849712131
1755,28929,27,0,3,59399439646723
1756,28929,27,0,4,59408029581315
1757,28929,27,0,5,59416619515907
1758,28929,27,0,6,59425209450499
1759,28929,27,0,7,59433799385091
1760,28929,28,0,0,61572693098499
1761,28929,28,0,1,61581283033091
1762,28929,28,0,2,61589872967683
1763,28929,28,0,3,61598462902275
1764,28929,28,0,4,61607052836867
1765,28929,28,0,5,61615642771459
1766,28929,28,0,6,61624232706051
1767,28929,28,0,7,61632822640643
1768,28929,29,0,0,63771716354051
1769,28929,29,0,1,63780306288643
1770,28929,29,0,2,63788896223235
1771,28929,29,0,3,63797486157827
1772,28929,29,0,4,63806076092419
1773,28929,29,0,5,63814666027011
1774,28929,29,0,6,63823255961603
1775,28929,29,0,7,63831845896195
1776,28929,30,0,0,65970739609603
1777,28929,30,0,1,65979329544195
1778,28929,30,0,2,65987919478787
1779,28929,30,0,3,65996509413379
1780,28929,30,0,4,66005099347971
1781,28929,30,0,5,66013689282563
1782,28929,30,0,6,66022279217155
1783,28929,30,0,7,66030869151747
1784,28929,31,0,0,68169762865155
1785,28929,31,0,1,68178352799747
1786,28929,31,0,2,68186942734339
1787,28929,31,0,3,68195532668931
1788,28929,31,0,4,68204122603523
1789,28929,31,0,5,68212712538115
1790,28929,31,0,6,68221302472707
1791,28929,31,0,7,68229892407299
1792,28929,32,0,0,70368786120707
1793,28929,32,0,1,70377376055299
1794,28929,32,0,2,70385965989891
1795,28929,32,0,3,70394555924483
1796,28929,32,0,4,70403145859075
1797,28929,32,0,5,70411735793667
1798,28929,32,0,6,70420325728259
1799,28929,32,0,7,70428915662851
1800,28929,33,0,0,72567809376259
1801,28929,33,0,1,72576399310851
1802,28929,33,0,2,72584989245443
1803,28929,33,0,3,72593579180035
1804,28929,33,0,4,72602169114627
1805,28929,33,0,5,72610759049219
1806,28929,33,0,6,72619348983811
1807,28929,33,0,7,72627938918403
1808,28929,34,0,0,74766832631811
1809,28929,34,0,1,74775422566403
1810,28929,34,0,2,74784012500995
1811,28929,34,0,3,74792602435587
1812,28929,34,0,4,74801192370179
1813,28929,34,0,5,74809782304771
1814,28929,34,0,6,74818372239363
1815,28929,34,0,7,74826962173955
1816,28929,35,0,0,76965855887363
1817,28929,35,0,1,76974445821955
1818,28929,35,0,2,76983035756547
1819,28929,35,0,3,76991625691139
1820,28929,35,0,4,77000215625731
1821,28929,35,0,5,77008805560323
1822,28929,35,0,6,77017395494915
1823,28929,35,0,7,77025985429507
1824,28929,36,0,0,79164879142915
1825,28929,36,0,1,79173469077507
1826,28929,36,0,2,79182059012099
1827,28929,36,0,3,79190648946691
1828,28929,36,0,4,79199238881283
1829,28929,36,0,5,79207828815875
1830,28929,36,0,6,79216418750467
1831,28929,36,0,7,79225008685059
1832,28929,37,0,0,81363902398467
1833,28929,37,0,1,81372492333059
1834,28929,37,0,2,81381082267651
1835,28929,37,0,3,81389672202243
1836,28929,37,0,4,81398262136835
1837,28929,37,0,5,81406852071427
1838,28929,37,0,6,81415442006019
1839,28929,37,0,7,81424031940611
1840,28929,38,0,0,83562925654019
1841,28929,38,0,1,83571515588611
1842,28929,38,0,2,83580105523203
1843,28929,38,0,3,83588695457795
1844,28929,38,0,4,83597285392387
1845,28929,38,0,5,83605875326979
1846,28929,38,0,6,83614465261571
1847,28929,38,0,7,83623055196163
1848,28929,39,0,0,85761948909571
1849,28929,39,0,1,85770538844163
1850,28929,39,0,2,85779128778755
1851,28929,39,0,3,85787718713347
1852,28929,39,0,4,85796308647939
1853,28929,39,0,5,85804898582531
1854,28929,39,0,6,85813488517123
1855,28929,39,0,7,85822078451715
1856,28929,40,0,0,87960972165123
1857,28929,40,0,1,87969562099715
1858,28929,40,0,2,87978152034307
1859,28929,40,0,3,87986741968899
1860,28929,40,0,4,87995331903491
1861,28929,40,0,5,88003921838083
1862,28929,40,0,6,88012511772675
1863,28929,40,0,7,88021101707267
1864,28929,41,0,0,90159995420675
1865,28929,41,0,1,90168585355267
1866,28929,41,0,2,90177175289859
1867,28929,41,0,3,90185765224451
1868,28929,41,0,4,90194355159043
1869,28929,41,0,5,90202945093635
1870,28929,41,0,6,90211535028227
1871,28929,41,0,7,90220124962819
1872,28929,42,0,0,92359018676227
1873,28929,42,0,1,92367608610819
1874,28929,42,0,2,92376198545411
1875,28929,42,0,3,92384788480003
1876,28929,42,0,4,92393378414595
1877,28929,42,0,5,92401968349187
1878,28929,42,0,6,92410558283779
1879,28929,42,0,7,92419148218371
1880,28929,43,0,0,94558041931779
1881,28929,43,0,1,94566631866371
1882,28929,43,0,2,94575221800963
1883,28929,43,0,3,94583811735555
1884,28929,43,0,4,94592401670147
1885,28929,43,0,5,94600991604739
1886,28929,43,0,6,94609581539331
1887,28929,43,0,7,94618171473923
1888,28929,44,0,0,96757065187331
1889,28929,44,0,1,96765655121923
1890,28929,44,0,2,96774245056515
1891,28929,44,0,3,96782834991107
1892,28929,44,0,4,96791424925699
1893,28929,44,0,5,96800014860291
1894,28929,44,0,6,96808604794883
1895,28929,44,0,7,96817194729475
1896,28929,45,0,0,98956088442883
1897,28929,45,0,1,98964678377475
1898,28929,45,0,2,98973268312067
1899,28929,45,0,3,98981858246659
1900,28929,45,0,4,98990448181251
1901,28929,45,0,5,98999038115843
1902,28929,45,0,6,99007628050435
1903,28929,45,0,7,99016217985027
1904,28929,46,0,0,101155111698435
1905,28929,46,0,1,101163701633027
1906,28929,46,0,2,101172291567619
1907,28929,46,0,3,101180881502211
1908,28929,46,0,4,101189471436803
1909,28929,46,0,5,101198061371395
1910,28929,46,0,6,101206651305987
1911,28929,46,0,7,101215241240579
1912,28929,47,0,0,103354134953987
1913,28929,47,0,1,103362724888579
1914,28929,47,0,2,103371314823171
1915,28929,47,0,3,103379904757763
1916,28929,47,0,4,103388494692355
1917,28929,47,0,5,103397084626947
1918,28929,47,0,6,103405674561539
1919,28929,47,0,7,103414264496131
1920,28929,48,0,0,105553158209539
1921,28929,48,0,1,105561748144131
1922,28929,48,0,2,105570338078723
1923,28929,48,0,3,105578928013315
1924,28929,48,0,4,105587517947907
1925,28929,48,0,5,105596107882499
1926,28929,48,0,6,105604697817091
1927,28929,48,0,7,105613287751683
1928,28929,49,0,0,107752181465091
1929,28929,49,0,1,107760771399683
1930,28929,49,0,2,107769361334275
1931,28929,49,0,3,107777951268867
1932,28929,49,0,4,107786541203459
1933,28929,49,0,5,107795131138051
1934,28929,49,0,6,107803721072643
1935,28929,49,0,7,107812311007235
1936,28929,50,0,0,109951204720643
1937,28929,50,0,1,109959794655235
1938,28929,50,0,2,109968384589827
1939,28929,50,0,3,109976974524419
1940,28929,50,0,4,109985564459011
1941,28929,50,0,5,109994154393603
1942,28929,50,0,6,110002744328195
1943,28929,50,0,7,110011334262787
1944,28929,51,0,0,112150227976195
1945,28929,51,0,1,112158817910787
1946,28929,51,0,2,112167407845379
1947,28929,51,0,3,112175997779971
1948,28929,51,0,4,112184587714563
1949,28929,51,0,5,112193177649155
1950,28929,51,0,6,112201767583747
1951,28929,51,0,7,112210357518339
1952,28929,52,0,0,114349251231747
1953,28929,52,0,1,114357841166339
1954,28929,52,0,2,114366431100931
1955,28929,52,0,3,114375021035523
1956,28929,52,0,4,114383610970115
1957,28929,52,0,5,114392200904707
1958,28929,52,0,6,114400790839299
1959,28929,52,0,7,114409380773891
1960,28929,53,0,0,116548274487299
1961,28929,53,0,1,116556864421891
1962,28929,53,0,2,116565454356483
1963,28929,53,0,3,116574044291075
1964,28929,53,0,4,116582634225667
1965,28929,53,0,5,116591224160259
1966,28929,53,0,6,116599814094851
1967,28929,53,0,7,116608404029443
1968,28929,54,0,0,118747297742851
1969,28929,54,0,1,118755887677443
1970,28929,54,0,2,118764477612035
1971,28929,54,0,3,118773067546627
1972,28929,54,0,4,118781657481219
1973,28929,54,0,5,118790247415811
1974,28929,54,0,6,118798837350403
1975,28929,54,0,7,118807427284995
1976,28929,55,0,0,120946320998403
1977,28929,55,0,1,120954910932995
1978,28929,55,0,2,120963500867587
1979,28929,55,0,3,120972090802179
1980,28929,55,0,4,120980680736771
1981,28929,55,0,5,120989270671363
1982,28929,55,0,6,120997860605955
1983,28929,55,0,7,121006450540547
1984,28929,56,0,0,123145344253955
1985,28929,56,0,1,123153934188547
1986,28929,56,0,2,123162524123139
1987,28929,56,0,3,123171114057731
1988,28929,56,0,4,123179703992323
1989,28929,56,0,5,123188293926915
1990,28929,56,0,6,123196883861507
1991,28929,56,0,7,123205473796099
1992,28929,57,0,0,125344367509507
1993,28929,57,0,1,125352957444099
1994,28929,57,0,2,125361547378691
1995,28929,57,0,3,125370137313283
1996,28929,57,0,4,125378727247875
1997,28929,57,0,5,125387317182467
1998,28929,57,0,6,125395907117059
1999,28929,57,0,7,125404497051651
2000,28929,58,0,0,127543390765059
2001,28929,58,0,1,127551980699651
2002,28929,58,0,2,127560570634243
2003,28929,58,0,3,127569160568835
2004,28929,58,0,4,127577750503427
2005,28929,58,0,5,127586340438019
2006,28929,58,0,6,127594930372611
2007,28929,58,0,7,127603520307203
2008,28929,59,0,0,129742414020611
2009,28929,59,0,1,129751003955203
2010,28929,59,0,2,129759593889795
2011,28929,59,0,3,129768183824387
2012,28929,59,0,4,129776773758979
2013,28929,59,0,5,129785363693571
2014,28929,59,0,6,129793953628163
2015,28929,59,0,7,129802543562755
2016,28929,60,0,0,131941437276163
2017,28929,60,0,1,131950027210755
2018,28929,60,0,2,131958617145347
2019,28929,60,0,3,131967207079939
2020,28929,60,0,4,131975797014531
2021,28929,60,0,5,131984386949123
2022,28929,60,0,6,131992976883715
2023,28929,60,0,7,132001566818307
2024,28929,61,0,0,134140460531715
2025,28929,61,0,1,134149050466307
2026,28929,61,0,2,134157640400899
2027,28929,61,0,3,134166230335491
2028,28929,61,0,4,134174820270083
2029,28929,61,0,5,134183410204675
2030,28929,61,0,6,134192000139267
2031,28929,61,0,7,134200590073859
2032,28929,62,0,0,136339483787267
2033,28929,62,0,1,136348073721859
2034,28929,62,0,2,136356663656451
2035,28929,62,0,3,136365253591043
2036,28929,62,0,4,136373843525635
2037,28929,62,0,5,136382433460227
2038,28929,62,0,6,136391023394819
2039,28929,62,0,7,136399613329411
2040,28929,63,0,0,138538507042819
2041,28929,63,0,1,138547096977411
2042,28929,63,0,2,138555686912003
2043,28929,63,0,3,138564276846595
2044,28929,63,0,4,138572866781187
2045,28929,63,0,5,138581456715779
2046,28929,63,0,6,138590046650371
2047,28929,63,0,7,138598636584963
2048,28931,0,0,0,41943044
2049,28931,0,0,1,8631877636
2050,28931,0,0,2,17221812228
2051,28931,0,0,3,25811746820
2052,28931,0,0,4,34401681412
2053,28931,0,0,5,42991616004
2054,28931,0,0,6,51581550596
2055,28931,0,0,7,60171485188
2056,28931,1,0,0,2199065198596
2057,28931,1,0,1,2207655133188
2058,28931,1,0,2,2216245067780
2059,28931,1,0,3,2224835002372
2060,28931,1,0,4,2233424936964
2061,28931,1,0,5,2242014871556
2062,28931,1,0,6,2250604806148
2063,28931,1,0,7,2259194740740
2064,28931,2,0,0,4398088454148
2065,28931,2,0,1,4406678388740
2066,28931,2,0,2,4415268323332
2067,28931,2,0,3,4423858257924
2068,28931,2,0,4,4432448192516
2069,28931,2,0,5,4441038127108
2070,28931,2,0,6,4449628061700
2071,28931,2,0,7,4458217996292
2072,28931,3,0,0,6597111709700
2073,28931,3,0,1,6605701644292
2074,28931,3,0,2,6614291578884
2075,28931,3,0,3,6622881513476
2076,28931,3,0,4,6631471448068
2077,28931,3,0,5,6640061382660
2078,28931,3,0,6,6648651317252
2079,28931,3,0,7,6657241251844
2080,28931,4,0,0,8796134965252
2081,28931,4,0,1,8804724899844
2082,28931,4,0,2,8813314834436
2083,28931,4,0,3,8821904769028
2084,28931,4,0,4,8830494703620
2085,28931,4,0,5,8839084638212
2086,28931,4,0,6,8847674572804
2087,28931,4,0,7,8856264507396
2088,28931,5,0,0,10995158220804
2089,28931,5,0,1,11003748155396
2090,28931,5,0,2,11012338089988
2091,28931,5,0,3,11020928024580
2092,28931,5,0,4,11029517959172
2093,28931,5,0,5,11038107893764
2094,28931,5,0,6,11046697828356
2095,28931,5,0,7,11055287762948
2096,28931,6,0,0,13194181476356
2097,28931,6,0,1,13202771410948
2098,28931,6,0,2,13211361345540
2099,28931,6,0,3,13219951280132
2100,28931,6,0,4,13228541214724
2101,28931,6,0,5,13237131149316
2102,28931,6,0,6,13245721083908
2103,28931,6,0,7,13254311018500
2104,28931,7,0,0,15393204731908
2105,28931,7,0,1,15401794666500
2106,28931,7,0,2,15410384601092
2107,28931,7,0,3,15418974535684
2108,28931,7,0,4,15427564470276
2109,28931,7,0,5,15436154404868
2110,28931,7,0,6,15444744339460
2111,28931,7,0,7,15453334274052
2112,28931,8,0,0,17592227987460
2113,28931,8,0,1,17600817922052
2114,28931,8,0,2,17609407856644
2115,28931,8,0,3,17617997791236
2116,28931,8,0,4,17626587725828
2117,28931,8,0,5,17635177660420
2118,28931,8,0,6,17643767595012
2119,28931,8,0,7,17652357529604
2120,28931,9,0,0,19791251243012
2121,28931,9,0,1,19799841177604
2122,28931,9,0,2,19808431112196
2123,28931,9,0,3,19817021046788
2124,28931,9,0,4,19825610981380
2125,28931,9,0,5,19834200915972
2126,28931,9,0,6,19842790850564
2127,28931,9,0,7,19851380785156
2128,28931,10,0,0,21990274498564
2129,28931,10,0,1,21998864433156
2130,28931,10,0,2,22007454367748
2131,28931,10,0,3,22016044302340
2132,28931,10,0,4,22024634236932
2133,28931,10,0,5,22033224171524
2134,28931,10,0,6,22041814106116
2135,28931,10,0,7,22050404040708
2136,28931,11,0,0,24189297754116
2137,28931,11,0,1,24197887688708
2138,28931,11,0,2,24206477623300
2139,28931,11,0,3,24215067557892
2140,28931,11,0,4,24223657492484
2141,28931,11,0,5,24232247427076
2142,28931,11,0,6,24240837361668
2143,28931,11,0,7,24249427296260
2144,28931,12,0,0,26388321009668
2145,28931,12,0,1,26396910944260
2146,28931,12,0,2,26405500878852
2147,28931,12,0,3,26414090813444
2148,28931,12,0,4,26422680748036
2149,28931,12,0,5,26431270682628
2150,28931,12,0,6,26439860617220
2151,28931,12,0,7,26448450551812
2152,28931,13,0,0,28587344265220
2153,28931,13,0,1,28595934199812
2154,28931,13,0,2,28604524134404
2155,28931,13,0,3,28613114068996
2156,28931,13,0,4,28621704003588
2157,28931,13,0,5,28630293938180
2158,28931,13,0,6,28638883872772
2159,28931,13,0,7,28647473807364
2160,28931,14,0,0,30786367520772
2161,28931,14,0,1,30794957455364
2162,28931,14,0,2,30803547389956
2163,28931,14,0,3,30812137324548
2164,28931,14,0,4,30820727259140
2165,28931,14,0,5,30829317193732
2166,28931,14,0,6,30837907128324
2167,28931,14,0,7,30846497062916
2168,28931,15,0,0,32985390776324
2169,28931,15,0,1,32993980710916
2170,28931,15,0,2,33002570645508
2171,28931,15,0,3,33011160580100
2172,28931,15,0,4,33019750514692
2173,28931,15,0,5,33028340449284
2174,28931,15,0,6,33036930383876
2175,28931,15,0,7,33045520318468
2176,28931,16,0,0,35184414031876
2177,28931,16,0,1,35193003966468
2178,28931,16,0,2,35201593901060
2179,28931,16,0,3,35210183835652
2180,28931,16,0,4,35218773770244
2181,28931,16,0,5,35227363704836
2182,28931,16,0,6,35235953639428
2183,28931,16,0,7,35244543574020
2184,28931,17,0,0,37383437287428
2185,28931,17,0,1,37392027222020
2186,28931,17,0,2,37400617156612
2187,28931,17,0,3,37409207091204
2188,28931,17,0,4,37417797025796
2189,28931,17,0,5,37426386960388
2190,28931,17,0,6,37434976894980
2191,28931,17,0,7,37443566829572
2192,28931,18,0,0,39582460542980
2193,28931,18,0,1,39591050477572
2194,28931,18,0,2,39599640412164
2195,28931,18,0,3,39608230346756
2196,28931,18,0,4,39616820281348
2197,28931,18,0,5,39625410215940
2198,28931,18,0,6,39634000150532
2199,28931,18,0,7,39642590085124
2200,28931,19,0,0,41781483798532
2201,28931,19,0,1,41790073733124
2202,28931,19,0,2,41798663667716
2203,28931,19,0,3,41807253602308
2204,28931,19,0,4,41815843536900
2205,28931,19,0,5,41824433471492
2206,28931,19,0,6,41833023406084
2207,28931,19,0,7,41841613340676
2208,28931,20,0,0,43980507054084
2209,28931,20,0,1,43989096988676
2210,28931,20,0,2,43997686923268
2211,28931,20,0,3,44006276857860
2212,28931,20,0,4,44014866792452
2213,28931,20,0,5,44023456727044
2214,28931,20,0,6,44032046661636
2215,28931,20,0,7,44040636596228
2216,28931,21,0,0,46179530309636
2217,28931,21,0,1,46188120244228
2218,28931,21,0,2,46196710178820
2219,28931,21,0,3,46205300113412
2220,28931,21,0,4,46213890048004
2221,28931,21,0,5,46222479982596
2222,28931,21,0,6,46231069917188
2223,28931,21,0,7,46239659851780
2224,28931,22,0,0,48378553565188
2225,28931,22,0,1,48387143499780
2226,28931,22,0,2,48395733434372
2227,28931,22,0,3,48404323368964
2228,28931,22,0,4,48412913303556
2229,28931,22,0,5,48421503238148
2230,28931,22,0,6,48430093172740
2231,28931,22,0,7,48438683107332
2232,28931,23,0,0,50577576820740
2233,28931,23,0,1,50586166755332
2234,28931,23,0,2,50594756689924
2235,28931,23,0,3,50603346624516
2236,28931,23,0,4,50611936559108
2237,28931,23,0,5,50620526493700
2238,28931,23,0,6,50629116428292
2239,28931,23,0,7,50637706362884
2240,28931,24,0,0,52776600076292
2241,28931,24,0,1,52785190010884
2242,28931,24,0,2,52793779945476
2243,28931,24,0,3,52802369880068
2244,28931,24,0,4,52810959814660
2245,28931,24,0,5,52819549749252
2246,28931,24,0,6,52828139683844
2247,28931,24,0,7,52836729618436
2248,28931,25,0,0,54975623331844
2249,28931,25,0,1,54984213266436
2250,28931,25,0,2,54992803201028
2251,28931,25,0,3,55001393135620
2252,28931,25,0,4,55009983070212
2253,28931,25,0,5,55018573004804
2254,28931,25,0,6,55027162939396
2255,28931,25,0,7,55035752873988
2256,28931,26,0,0,57174646587396
2257,28931,26,0,1,57183236521988
2258,28931,26,0,2,57191826456580
2259,28931,26,0,3,57200416391172
2260,28931,26,0,4,57209006325764
2261,28931,26,0,5,57217596260356
2262,28931,26,0,6,57226186194948
2263,28931,26,0,7,57234776129540
2264,28931,27,0,0,59373669842948
2265,28931,27,0,1,59382259777540
2266,28931,27,0,2,59390849712132
2267,28931,27,0,3,59399439646724
2268,28931,27,0,4,59408029581316
2269,28931,27,0,5,59416619515908
2270,28931,27,0,6,59425209450500
2271,28931,27,0,7,59433799385092
2272,28931,28,0,0,61572693098500
2273,28931,28,0,1,61581283033092
2274,28931,28,0,2,61589872967684
2275,28931,28,0,3,61598462902276
2276,28931,28,0,4,61607052836868
2277,28931,28,0,5,61615642771460
2278,28931,28,0,6,61624232706052
2279,28931,28,0,7,61632822640644
2280,28931,29,0,0,63771716354052
2281,28931,29,0,1,63780306288644
2282,28931,29,0,2,63788896223236
2283,28931,29,0,3,63797486157828
2284,28931,29,0,4,63806076092420
2285,28931,29,0,5,63814666027012
2286,28931,29,0,6,63823255961604
2287,28931,29,0,7,63831845896196
2288,28931,30,0,0,65970739609604
2289,28931,30,0,1,65979329544196
2290,28931,30,0,2,65987919478788
2291,28931,30,0,3,65996509413380
2292,28931,30,0,4,66005099347972
2293,28931,30,0,5,66013689282564
2294,28931,30,0,6,66022279217156
2295,28931,30,0,7,66030869151748
2296,28931,31,0,0,68169762865156
2297,28931,31,0,1,68178352799748
2298,28931,31,0,2,68186942734340
2299,28931,31,0,3,68195532668932
2300,28931,31,0,4,68204122603524
2301,28931,31,0,5,68212712538116
2302,28931,31,0,6,68221302472708
2303,28931,31,0,7,68229892407300
2304,28931,32,0,0,70368786120708
2305,28931,32,0,1,70377376055300
2306,28931,32,0,2,70385965989892
2307,28931,32,0,3,70394555924484
2308,28931,32,0,4,70403145859076
2309,28931,32,0,5,70411735793668
2310,28931,32,0,6,70420325728260
2311,28931,32,0,7,70428915662852
2312,28931,33,0,0,72567809376260
2313,28931,33,0,1,72576399310852
2314,28931,33,0,2,72584989245444
2315,28931,33,0,3,72593579180036
2316,28931,33,0,4,72602169114628
2317,28931,33,0,5,72610759049220
2318,28931,33,0,6,72619348983812
2319,28931,33,0,7,72627938918404
2320,28931,34,0,0,74766832631812
2321,28931,34,0,1,74775422566404
2322,28931,34,0,2,74784012500996
2323,28931,34,0,3,74792602435588
2324,28931,34,0,4,74801192370180
2325,28931,34,0,5,74809782304772
2326,28931,34,0,6,74818372239364
2327,28931,34,0,7,74826962173956
2328,28931,35,0,0,76965855887364
2329,28931,35,0,1,76974445821956
2330,28931,35,0,2,76983035756548
2331,28931,35,0,3,76991625691140
2332,28931,35,0,4,77000215625732
2333,28931,35,0,5,77008805560324
2334,28931,35,0,6,77017395494916
2335,28931,35,0,7,77025985429508
2336,28931,36,0,0,79164879142916
2337,28931,36,0,1,79173469077508
2338,28931,36,0,2,79182059012100
2339,28931,36,0,3,79190648946692
2340,28931,36,0,4,79199238881284
2341,28931,36,0,5,79207828815876
2342,28931,36,0,6,79216418750468
2343,28931,36,0,7,79225008685060
2344,28931,37,0,0,81363902398468
2345,28931,37,0,1,81372492333060
2346,28931,37,0,2,81381082267652
2347,28931,37,0,3,81389672202244
2348,28931,37,0,4,81398262136836
2349,28931,37,0,5,81406852071428
2350,28931,37,0,6,81415442006020
2351,28931,37,0,7,81424031940612
2352,28931,38,0,0,83562925654020
2353,28931,38,0,1,83571515588612
2354,28931,38,0,2,83580105523204
2355,28931,38,0,3,83588695457796
2356,28931,38,0,4,83597285392388
2357,28931,38,0,5,83605875326980
2358,28931,38,0,6,83614465261572
2359,28931,38,0,7,83623055196164
2360,28931,39,0,0,85761948909572
2361,28931,39,0,1,85770538844164
2362,28931,39,0,2,85779128778756
2363,28931,39,0,3,85787718713348
2364,28931,39,0,4,85796308647940
2365,28931,39,0,5,85804898582532
2366,28931,39,0,6,85813488517124
2367,28931,39,0,7,85822078451716
2368,28931,40,0,0,87960972165124
2369,28931,40,0,1,87969562099716
2370,28931,40,0,2,87978152034308
2371,28931,40,0,3,87986741968900
2372,28931,40,0,4,87995331903492
2373,28931,40,0,5,88003921838084
2374,28931,40,0,6,88012511772676
2375,28931,40,0,7,88021101707268
2376,28931,41,0,0,90159995420676
2377,28931,41,0,1,90168585355268
2378,28931,41,0,2,90177175289860
2379,28931,41,0,3,90185765224452
2380,28931,41,0,4,90194355159044
2381,28931,41,0,5,90202945093636
2382,28931,41,0,6,90211535028228
2383,28931,41,0,7,90220124962820
2384,28931,42,0,0,92359018676228
2385,28931,42,0,1,92367608610820
2386,28931,42,0,2,92376198545412
2387,28931,42,0,3,92384788480004
2388,28931,42,0,4,92393378414596
2389,28931,42,0,5,92401968349188
2390,28931,42,0,6,92410558283780
2391,28931,42,0,7,92419148218372
2392,28931,43,0,0,94558041931780
2393,28931,43,0,1,94566631866372
2394,28931,43,0,2,94575221800964
2395,28931,43,0,3,94583811735556
2396,28931,43,0,4,94592401670148
2397,28931,43,0,5,94600991604740
2398,28931,43,0,6,94609581539332
2399,28931,43,0,7,94618171473924
2400,28931,44,0,0,96757065187332
2401,28931,44,0,1,96765655121924
2402,28931,44,0,2,96774245056516
2403,28931,44,0,3,96782834991108
2404,28931,44,0,4,96791424925700
2405,28931,44,0,5,96800014860292
2406,28931,44,0,6,96808604794884
2407,28931,44,0,7,96817194729476
2408,28931,45,0,0,98956088442884
2409,28931,45,0,1,98964678377476
2410,28931,45,0,2,98973268312068
2411,28931,45,0,3,98981858246660
2412,28931,45,0,4,98990448181252
2413,28931,45,0,5,98999038115844
2414,28931,45,0,6,99007628050436
2415,28931,45,0,7,99016217985028
2416,28931,46,0,0,101155111698436
2417,28931,46,0,1,101163701633028
2418,28931,46,0,2,101172291567620
2419,28931,46,0,3,101180881502212
2420,28931,46,0,4,101189471436804
2421,28931,46,0,5,101198061371396
2422,28931,46,0,6,101206651305988
2423,28931,46,0,7,101215241240580
2424,28931,47,0,0,103354134953988
2425,28931,47,0,1,103362724888580
2426,28931,47,0,2,103371314823172
2427,28931,47,0,3,103379904757764
2428,28931,47,0,4,103388494692356
2429,28931,47,0,5,103397084626948
2430,28931,47,0,6,103405674561540
2431,28931,47,0,7,103414264496132
2432,28931,48,0,0,105553158209540
2433,28931,48,0,1,105561748144132
2434,28931,48,0,2,105570338078724
2435,28931,48,0,3,105578928013316
2436,28931,48,0,4,105587517947908
2437,28931,48,0,5,105596107882500
2438,28931,48,0,6,105604697817092
2439,28931,48,0,7,105613287751684
2440,28931,49,0,0,107752181465092
2441,28931,49,0,1,107760771399684
2442,28931,49,0,2,107769361334276
2443,28931,49,0,3,107777951268868
2444,28931,49,0,4,107786541203460
2445,28931,49,0,5,107795131138052
2446,28931,49,0,6,107803721072644
2447,28931,49,0,7,107812311007236
2448,28931,50,0,0,109951204720644
2449,28931,50,0,1,109959794655236
2450,28931,50,0,2,109968384589828
2451,28931,50,0,3,109976974524420
2452,28931,50,0,4,109985564459012
2453,28931,50,0,5,109994154393604
2454,28931,50,0,6,110002744328196
2455,28931,50,0,7,110011334262788
2456,28931,51,0,0,112150227976196
2457,28931,51,0,1,112158817910788
2458,28931,51,0,2,112167407845380
2459,28931,51,0,3,112175997779972
2460,28931,51,0,4,112184587714564
2461,28931,51,0,5,112193177649156
2462,28931,51,0,6,112201767583748
2463,28931,51,0,7,112210357518340
2464,28931,52,0,0,114349251231748
2465,28931,52,0,1,114357841166340
2466,28931,52,0,2,114366431100932
2467,28931,52,0,3,114375021035524
2468,28931,52,0,4,114383610970116
2469,28931,52,0,5,114392200904708
2470,28931,52,0,6,114400790839300
2471,28931,52,0,7,114409380773892
2472,28931,53,0,0,116548274487300
2473,28931,53,0,1,116556864421892
2474,28931,53,0,2,116565454356484
2475,28931,53,0,3,116574044291076
2476,28931,53,0,4,116582634225668
2477,28931,53,0,5,116591224160260
2478,28931,53,0,6,116599814094852
2479,28931,53,0,7,116608404029444
2480,28931,54,0,0,118747297742852
2481,28931,54,0,1,118755887677444
2482,28931,54,0,2,118764477612036
2483,28931,54,0,3,118773067546628
2484,28931,54,0,4,118781657481220
2485,28931,54,0,5,118790247415812
2486,28931,54,0,6,118798837350404
2487,28931,54,0,7,118807427284996
2488,28931,55,0,0,120946320998404
2489,28931,55,0,1,120954910932996
2490,28931,55,0,2,120963500867588
2491,28931,55,0,3,120972090802180
2492,28931,55,0,4,120980680736772
2493,28931,55,0,5,120989270671364
2494,28931,55,0,6,120997860605956
2495,28931,55,0,7,121006450540548
2496,28931,56,0,0,123145344253956
2497,28931,56,0,1,123153934188548
2498,28931,56,0,2,123162524123140
2499,28931,56,0,3,123171114057732
2500,28931,56,0,4,123179703992324
2501,28931,56,0,5,123188293926916
2502,28931,56,0,6,123196883861508
2503,28931,56,0,7,123205473796100
2504,28931,57,0,0,125344367509508
2505,28931,57,0,1,125352957444100
2506,28931,57,0,2,125361547378692
2507,28931,57,0,3,125370137313284
2508,28931,57,0,4,125378727247876
2509,28931,57,0,5,125387317182468
2510,28931,57,0,6,125395907117060
2511,28931,57,0,7,125404497051652
2512,28931,58,0,0,127543390765060
2513,28931,58,0,1,127551980699652
2514,28931,58,0,2,127560570634244
2515,28931,58,0,3,127569160568836
2516,28931,58,0,4,127577750503428
2517,28931,58,0,5,127586340438020
2518,28931,58,0,6,127594930372612
2519,28931,58,0,7,127603520307204
2520,28931,59,0,0,129742414020612
2521,28931,59,0,1,129751003955204
2522,28931,59,0,2,129759593889796
2523,28931,59,0,3,129768183824388
2524,28931,59,0,4,129776773758980
2525,28931,59,0,5,129785363693572
2526,28931,59,0,6,129793953628164
2527,28931,59,0,7,129802543562756
2528,28931,60,0,0,131941437276164
2529,28931,60,0,1,131950027210756
2530,28931,60,0,2,131958617145348
2531,28931,60,0,3,131967207079940
2532,28931,60,0,4,131975797014532
2533,28931,60,0,5,131984386949124
2534,28931,60,0,6,131992976883716
2535,28931,60,0,7,132001566818308
2536,28931,61,0,0,134140460531716
2537,28931,61,0,1,134149050466308
2538,28931,61,0,2,134157640400900
2539,28931,61,0,3,134166230335492
2540,28931,61,0,4,134174820270084
2541,28931,61,0,5,134183410204676
2542,28931,61,0,6,134192000139268
2543,28931,61,0,7,134200590073860
2544,28931,62,0,0,136339483787268
2545,28931,62,0,1,136348073721860
2546,28931,62,0,2,136356663656452
2547,28931,62,0,3,136365253591044
2548,28931,62,0,4,136373843525636
2549,28931,62,0,5,136382433460228
2550,28931,62,0,6,136391023394820
2551,28931,62,0,7,136399613329412
2552,28931,63,0,0,138538507042820
2553,28931,63,0,1,138547096977412
2554,28931,63,0,2,138555686912004
2555,28931,63,0,3,138564276846596
2556,28931,63,0,4,138572866781188
2557,28931,63,0,5,138581456715780
2558,28931,63,0,6,138590046650372
2559,28931,63,0,7,138598636584964
2560,28933,0,0,0,41943045
2561,28933,0,0,1,8631877637
2562,28933,0,0,2,17221812229
2563,28933,0,0,3,25811746821
2564,28933,0,0,4,34401681413
2565,28933,0,0,5,42991616005
2566,28933,0,0,6,51581550597
2567,28933,0,0,7,60171485189
2568,28933,1,0,0,2199065198597
2569,28933,1,0,1,2207655133189
2570,28933,1,0,2,2216245067781
2571,28933,1,0,3,2224835002373
2572,28933,1,0,4,2233424936965
2573,28933,1,0,5,2242014871557
2574,28933,1,0,6,2250604806149
2575,28933,1,0,7,2259194740741
2576,28933,2,0,0,4398088454149
2577,28933,2,0,1,4406678388741
2578,28933,2,0,2,4415268323333
2579,28933,2,0,3,4423858257925
2580,28933,2,0,4,4432448192517
2581,28933,2,0,5,4441038127109
2582,28933,2,0,6,4449628061701
2583,28933,2,0,7,4458217996293
2584,28933,3,0,0,6597111709701
2585,28933,3,0,1,6605701644293
2586,28933,3,0,2,6614291578885
2587,28933,3,0,3,6622881513477
2588,28933,3,0,4,6631471448069
2589,28933,3,0,5,6640061382661
2590,28933,3,0,6,6648651317253
2591,28933,3,0,7,6657241251845
2592,28933,4,0,0,8796134965253
2593,28933,4,0,1,8804724899845
2594,28933,4,0,2,8813314834437
2595,28933,4,0,3,8821904769029
2596,28933,4,0,4,8830494703621
2597,28933,4,0,5,8839084638213
2598,28933,4,0,6,8847674572805
2599,28933,4,0,7,8856264507397
2600,28933,5,0,0,10995158220805
2601,28933,5,0,1,11003748155397
2602,28933,5,0,2,11012338089989
2603,28933,5,0,3,11020928024581
2604,28933,5,0,4,11029517959173
2605,28933,5,0,5,11038107893765
2606,28933,5,0,6,11046697828357
2607,28933,5,0,7,11055287762949
2608,28933,6,0,0,13194181476357
2609,28933,6,0,1,13202771410949
2610,28933,6,0,2,13211361345541
2611,28933,6,0,3,13219951280133
2612,28933,6,0,4,13228541214725
2613,28933,6,0,5,13237131149317
2614,28933,6,0,6,13245721083909
2615,28933,6,0,7,13254311018501
2616,28933,7,0,0,15393204731909
2617,28933,7,0,1,15401794666501
2618,28933,7,0,2,15410384601093
2619,28933,7,0,3,15418974535685
2620,28933,7,0,4,15427564470277
2621,28933,7,0,5,15436154404869
2622,28933,7,0,6,15444744339461
2623,28933,7,0,7,15453334274053
2624,28933,8,0,0,17592227987461
2625,28933,8,0,1,17600817922053
2626,28933,8,0,2,17609407856645
2627,28933,8,0,3,17617997791237
2628,28933,8,0,4,17626587725829
2629,28933,8,0,5,17635177660421
2630,28933,8,0,6,17643767595013
2631,28933,8,0,7,17652357529605
2632,28933,9,0,0,19791251243013
2633,28933,9,0,1,19799841177605
2634,28933,9,0,2,19808431112197
2635,28933,9,0,3,19817021046789
2636,28933,9,0,4,19825610981381
2637,28933,9,0,5,19834200915973
2638,28933,9,0,6,19842790850565
2639,28933,9,0,7,19851380785157
2640,28933,10,0,0,21990274498565
2641,28933,10,0,1,21998864433157
2642,28933,10,0,2,22007454367749
2643,28933,10,0,3,22016044302341
2644,28933,10,0,4,22024634236933
2645,28933,10,0,5,22033224171525
2646,28933,10,0,6,22041814106117
2647,28933,10,0,7,22050404040709
2648,28933,11,0,0,24189297754117
2649,28933,11,0,1,24197887688709
2650,28933,11,0,2,24206477623301
2651,28933,11,0,3,24215067557893
2652,28933,11,0,4,24223657492485
2653,28933,11,0,5,24232247427077
2654,28933,11,0,6,24240837361669
2655,28933,11,0,7,24249427296261
2656,28933,12,0,0,26388321009669
2657,28933,12,0,1,26396910944261
2658,28933,12,0,2,26405500878853
2659,28933,12,0,3,26414090813445
2660,28933,12,0,4,26422680748037
2661,28933,12,0,5,26431270682629
2662,28933,12,0,6,26439860617221
2663,28933,12,0,7,26448450551813
2664,28933,13,0,0,28587344265221
2665,28933,13,0,1,28595934199813
2666,28933,13,0,2,28604524134405
2667,28933,13,0,3,28613114068997
2668,28933,13,0,4,28621704003589
2669,28933,13,0,5,28630293938181
2670,28933,13,0,6,28638883872773
2671,28933,13,0,7,28647473807365
2672,28933,14,0,0,30786367520773
2673,28933,14,0,1,30794957455365
2674,28933,14,0,2,30803547389957
2675,28933,14,0,3,30812137324549
2676,28933,14,0,4,30820727259141
2677,28933,14,0,5,30829317193733
2678,28933,14,0,6,30837907128325
2679,28933,14,0,7,30846497062917
2680,28933,15,0,0,32985390776325
2681,28933,15,0,1,32993980710917
2682,28933,15,0,2,33002570645509
2683,28933,15,0,3,33011160580101
2684,28933,15,0,4,33019750514693
2685,28933,15,0,5,33028340449285
2686,28933,15,0,6,33036930383877
2687,28933,15,0,7,33045520318469
2688,28933,16,0,0,35184414031877
2689,28933,16,0,1,35193003966469
2690,28933,16,0,2,35201593901061
2691,28933,16,0,3,35210183835653
2692,28933,16,0,4,35218773770245
2693,28933,16,0,5,35227363704837
2694,28933,16,0,6,35235953639429
2695,28933,16,0,7,35244543574021
2696,28933,17,0,0,37383437287429
2697,28933,17,0,1,37392027222021
2698,28933,17,0,2,37400617156613
2699,28933,17,0,3,37409207091205
2700,28933,17,0,4,37417797025797
2701,28933,17,0,5,37426386960389
2702,28933,17,0,6,37434976894981
2703,28933,17,0,7,37443566829573
2704,28933,18,0,0,39582460542981
2705,28933,18,0,1,39591050477573
2706,28933,18,0,2,39599640412165
2707,28933,18,0,3,39608230346757
2708,28933,18,0,4,39616820281349
2709,28933,18,0,5,39625410215941
2710,28933,18,0,6,39634000150533
2711,28933,18,0,7,39642590085125
2712,28933,19,0,0,41781483798533
2713,28933,19,0,1,41790073733125
2714,28933,19,0,2,41798663667717
2715,28933,19,0,3,41807253602309
2716,28933,19,0,4,41815843536901
2717,28933,19,0,5,41824433471493
2718,28933,19,0,6,41833023406085
2719,28933,19,0,7,41841613340677
2720,28933,20,0,0,43980507054085
2721,28933,20,0,1,43989096988677
2722,28933,20,0,2,43997686923269
2723,28933,20,0,3,44006276857861
2724,28933,20,0,4,44014866792453
2725,28933,20,0,5,44023456727045
2726,28933,20,0,6,44032046661637
2727,28933,20,0,7,44040636596229
2728,28933,21,0,0,46179530309637
2729,28933,21,0,1,46188120244229
2730,28933,21,0,2,46196710178821
2731,28933,21,0,3,46205300113413
2732,28933,21,0,4,46213890048005
2733,28933,21,0,5,46222479982597
2734,28933,21,0,6,46231069917189
2735,28933,21,0,7,46239659851781
2736,28933,22,0,0,48378553565189
2737,28933,22,0,1,48387143499781
2738,28933,22,0,2,48395733434373
2739,28933,22,0,3,48404323368965
2740,28933,22,0,4,48412913303557
2741,28933,22,0,5,48421503238149
2742,28933,22,0,6,48430093172741
2743,28933,22,0,7,48438683107333
2744,28933,23,0,0,50577576820741
2745,28933,23,0,1,50586166755333
2746,28933,23,0,2,50594756689925
2747,28933,23,0,3,50603346624517
2748,28933,23,0,4,50611936559109
2749,28933,23,0,5,50620526493701
2750,28933,23,0,6,50629116428293
2751,28933,23,0,7,50637706362885
2752,28933,24,0,0,52776600076293
2753,28933,24,0,1,52785190010885
2754,28933,24,0,2,52793779945477
2755,28933,24,0,3,52802369880069
2756,28933,24,0,4,52810959814661
2757,28933,24,0,5,52819549749253
2758,28933,24,0,6,52828139683845
2759,28933,24,0,7,52836729618437
2760,28933,25,0,0,54975623331845
2761,28933,25,0,1,54984213266437
2762,28933,25,0,2,54992803201029
2763,28933,25,0,3,55001393135621
2764,28933,25,0,4,55009983070213
2765,28933,25,0,5,55018573004805
2766,28933,25,0,6,55027162939397
2767,28933,25,0,7,55035752873989
2768,28933,26,0,0,57174646587397
2769,28933,26,0,1,57183236521989
2770,28933,26,0,2,57191826456581
2771,28933,26,0,3,57200416391173
2772,28933,26,0,4,57209006325765
2773,28933,26,0,5,57217596260357
2774,28933,26,0,6,57226186194949
2775,28933,26,0,7,57234776129541
2776,28933,27,0,0,59373669842949
2777,28933,27,0,1,59382259777541
2778,28933,27,0,2,59390849712133
2779,28933,27,0,3,59399439646725
2780,28933,27,0,4,59408029581317
2781,28933,27,0,5,59416619515909
2782,28933,27,0,6,59425209450501
2783,28933,27,0,7,59433799385093
2784,28933,28,0,0,61572693098501
2785,28933,28,0,1,61581283033093
2786,28933,28,0,2,61589872967685
2787,28933,28,0,3,61598462902277
2788,28933,28,0,4,61607052836869
2789,28933,28,0,5,61615642771461
2790,28933,28,0,6,61624232706053
2791,28933,28,0,7,61632822640645
2792,28933,29,0,0,63771716354053
2793,28933,29,0,1,63780306288645
2794,28933,29,0,2,63788896223237
2795,28933,29,0,3,63797486157829
2796,28933,29,0,4,63806076092421
2797,28933,29,0,5,63814666027013
2798,28933,29,0,6,63823255961605
2799,28933,29,0,7,63831845896197
2800,28933,30,0,0,65970739609605
2801,28933,30,0,1,65979329544197
2802,28933,30,0,2,65987919478789
2803,28933,30,0,3,65996509413381
2804,28933,30,0,4,66005099347973
2805,28933,30,0,5,66013689282565
2806,28933,30,0,6,66022279217157
2807,28933,30,0,7,66030869151749
2808,28933,31,0,0,68169762865157
2809,28933,31,0,1,68178352799749
2810,28933,31,0,2,68186942734341
2811,28933,31,0,3,68195532668933
2812,28933,31,0,4,68204122603525
2813,28933,31,0,5,68212712538117
2814,28933,31,0,6,68221302472709
2815,28933,31,0,7,68229892407301
2816,28933,32,0,0,70368786120709
2817,28933,32,0,1,70377376055301
2818,28933,32,0,2,70385965989893
2819,28933,32,0,3,70394555924485
2820,28933,32,0,4,70403145859077
2821,28933,32,0,5,70411735793669
2822,28933,32,0,6,70420325728261
2823,28933,32,0,7,70428915662853
2824,28933,33,0,0,72567809376261
2825,28933,33,0,1,72576399310853
2826,28933,33,0,2,72584989245445
2827,28933,33,0,3,72593579180037
2828,28933,33,0,4,72602169114629
2829,28933,33,0,5,72610759049221
2830,28933,33,0,6,72619348983813
2831,28933,33,0,7,72627938918405
2832,28933,34,0,0,74766832631813
2833,28933,34,0,1,74775422566405
2834,28933,34,0,2,74784012500997
2835,28933,34,0,3,74792602435589
2836,28933,34,0,4,74801192370181
2837,28933,34,0,5,74809782304773
2838,28933,34,0,6,74818372239365
2839,28933,34,0,7,74826962173957
2840,28933,35,0,0,76965855887365
2841,28933,35,0,1,76974445821957
2842,28933,35,0,2,76983035756549
2843,28933,35,0,3,76991625691141
2844,28933,35,0,4,77000215625733
2845,28933,35,0,5,77008805560325
2846,28933,35,0,6,77017395494917
2847,28933,35,0,7,77025985429509
2848,28933,36,0,0,79164879142917
2849,28933,36,0,1,79173469077509
2850,28933,36,0,2,79182059012101
2851,28933,36,0,3,79190648946693
2852,28933,36,0,4,79199238881285
2853,28933,36,0,5,79207828815877
2854,28933,36,0,6,79216418750469
2855,28933,36,0,7,79225008685061
2856,28933,37,0,0,81363902398469
2857,28933,37,0,1,81372492333061
2858,28933,37,0,2,81381082267653
2859,28933,37,0,3,81389672202245
2860,28933,37,0,4,81398262136837
2861,28933,37,0,5,81406852071429
2862,28933,37,0,6,81415442006021
2863,28933,37,0,7,81424031940613
2864,28933,38,0,0,83562925654021
2865,28933,38,0,1,83571515588613
2866,28933,38,0,2,83580105523205
2867,28933,38,0,3,83588695457797
2868,28933,38,0,4,83597285392389
2869,28933,38,0,5,83605875326981
2870,28933,38,0,6,83614465261573
2871,28933,38,0,7,83623055196165
2872,28933,39,0,0,85761948909573
2873,28933,39,0,1,85770538844165
2874,28933,39,0,2,85779128778757
2875,28933,39,0,3,85787718713349
2876,28933,39,0,4,85796308647941
2877,28933,39,0,5,85804898582533
2878,28933,39,0,6,85813488517125
2879,28933,39,0,7,85822078451717
2880,28933,40,0,0,87960972165125
2881,28933,40,0,1,87969562099717
2882,28933,40,0,2,87978152034309
2883,28933,40,0,3,87986741968901
2884,28933,40,0,4,87995331903493
2885,28933,40,0,5,88003921838085
2886,28933,40,0,6,88012511772677
2887,28933,40,0,7,88021101707269
2888,28933,41,0,0,90159995420677
2889,28933,41,0,1,90168585355269
2890,28933,41,0,2,90177175289861
2891,28933,41,0,3,90185765224453
2892,28933,41,0,4,90194355159045
2893,28933,41,0,5,90202945093637
2894,28933,41,0,6,90211535028229
2895,28933,41,0,7,90220124962821
2896,28933,42,0,0,92359018676229
2897,28933,42,0,1,92367608610821
2898,28933,42,0,2,92376198545413
2899,28933,42,0,3,92384788480005
2900,28933,42,0,4,92393378414597
2901,28933,42,0,5,92401968349189
2902,28933,42,0,6,92410558283781
2903,28933,42,0,7,92419148218373
2904,28933,43,0,0,94558041931781
2905,28933,43,0,1,94566631866373
2906,28933,43,0,2,94575221800965
2907,28933,43,0,3,94583811735557
2908,28933,43,0,4,94592401670149
2909,28933,43,0,5,94600991604741
2910,28933,43,0,6,94609581539333
2911,28933,43,0,7,94618171473925
2912,28933,44,0,0,96757065187333
2913,28933,44,0,1,96765655121925
2914,28933,44,0,2,96774245056517
2915,28933,44,0,3,96782834991109
2916,28933,44,0,4,96791424925701
2917,28933,44,0,5,96800014860293
2918,28933,44,0,6,96808604794885
2919,28933,44,0,7,96817194729477
2920,28933,45,0,0,98956088442885
2921,28933,45,0,1,98964678377477
2922,28933,45,0,2,98973268312069
2923,28933,45,0,3,98981858246661
2924,28933,45,0,4,98990448181253
2925,28933,45,0,5,98999038115845
2926,28933,45,0,6,99007628050437
2927,28933,45,0,7,99016217985029
2928,28933,46,0,0,101155111698437
2929,28933,46,0,1,101163701633029
2930,28933,46,0,2,101172291567621
2931,28933,46,0,3,101180881502213
2932,28933,46,0,4,101189471436805
2933,28933,46,0,5,101198061371397
2934,28933,46,0,6,101206651305989
2935,28933,46,0,7,101215241240581
2936,28933,47,0,0,103354134953989
2937,28933,47,0,1,103362724888581
2938,28933,47,0,2,103371314823173
2939,28933,47,0,3,103379904757765
2940,28933,47,0,4,103388494692357
2941,28933,47,0,5,103397084626949
2942,28933,47,0,6,103405674561541
2943,28933,47,0,7,103414264496133
2944,28933,48,0,0,105553158209541
2945,28933,48,0,1,105561748144133
2946,28933,48,0,2,105570338078725
2947,28933,48,0,3,105578928013317
2948,28933,48,0,4,105587517947909
2949,28933,48,0,5,105596107882501
2950,28933,48,0,6,105604697817093
2951,28933,48,0,7,105613287751685
2952,28933,49,0,0,107752181465093
2953,28933,49,0,1,107760771399685
2954,28933,49,0,2,107769361334277
2955,28933,49,0,3,107777951268869
2956,28933,49,0,4,107786541203461
2957,28933,49,0,5,107795131138053
2958,28933,49,0,6,107803721072645
2959,28933,49,0,7,107812311007237
2960,28933,50,0,0,109951204720645
2961,28933,50,0,1,109959794655237
2962,28933,50,0,2,109968384589829
2963,28933,50,0,3,109976974524421
2964,28933,50,0,4,109985564459013
2965,28933,50,0,5,109994154393605
2966,28933,50,0,6,110002744328197
2967,28933,50,0,7,110011334262789
2968,28933,51,0,0,112150227976197
2969,28933,51,0,1,112158817910789
2970,28933,51,0,2,112167407845381
2971,28933,51,0,3,112175997779973
2972,28933,51,0,4,112184587714565
2973,28933,51,0,5,112193177649157
2974,28933,51,0,6,112201767583749
2975,28933,51,0,7,112210357518341
2976,28933,52,0,0,114349251231749
2977,28933,52,0,1,114357841166341
2978,28933,52,0,2,114366431100933
2979,28933,52,0,3,114375021035525
2980,28933,52,0,4,114383610970117
2981,28933,52,0,5,114392200904709
2982,28933,52,0,6,114400790839301
2983,28933,52,0,7,114409380773893
2984,28933,53,0,0,116548274487301
2985,28933,53,0,1,116556864421893
2986,28933,53,0,2,116565454356485
2987,28933,53,0,3,116574044291077
2988,28933,53,0,4,116582634225669
2989,28933,53,0,5,116591224160261
2990,28933,53,0,6,116599814094853
2991,28933,53,0,7,116608404029445
2992,28933,54,0,0,118747297742853
2993,28933,54,0,1,118755887677445
2994,28933,54,0,2,118764477612037
2995,28933,54,0,3,118773067546629
2996,28933,54,0,4,118781657481221
2997,28933,54,0,5,118790247415813
2998,28933,54,0,6,118798837350405
2999,28933,54,0,7,118807427284997
3000,28933,55,0,0,120946320998405
3001,28933,55,0,1,120954910932997
3002,28933,55,0,2,120963500867589
3003,28933,55,0,3,120972090802181
3004,28933,55,0,4,120980680736773
3005,28933,55,0,5,120989270671365
3006,28933,55,0,6,120997860605957
3007,28933,55,0,7,121006450540549
3008,28933,56,0,0,123145344253957
3009,28933,56,0,1,123153934188549
3010,28933,56,0,2,123162524123141
3011,28933,56,0,3,123171114057733
3012,28933,56,0,4,123179703992325
3013,28933,56,0,5,123188293926917
3014,28933,56,0,6,123196883861509
3015,28933,56,0,7,123205473796101
3016,28933,57,0,0,125344367509509
3017,28933,57,0,1,125352957444101
3018,28933,57,0,2,125361547378693
3019,28933,57,0,3,125370137313285
3020,28933,57,0,4,125378727247877
3021,28933,57,0,5,125387317182469
3022,28933,57,0,6,125395907117061
3023,28933,57,0,7,125404497051653
3024,28933,58,0,0,127543390765061
3025,28933,58,0,1,127551980699653
3026,28933,58,0,2,127560570634245
3027,28933,58,0,3,127569160568837
3028,28933,58,0,4,127577750503429
3029,28933,58,0,5,127586340438021
3030,28933,58,0,6,127594930372613
3031,28933,58,0,7,127603520307205
3032,28933,59,0,0,129742414020613
3033,28933,59,0,1,129751003955205
3034,28933,59,0,2,129759593889797
3035,28933,59,0,3,129768183824389
3036,28933,59,0,4,129776773758981
3037,28933,59,0,5,129785363693573
3038,28933,59,0,6,129793953628165
3039,28933,59,0,7,129802543562757
3040,28933,60,0,0,131941437276165
3041,28933,60,0,1,131950027210757
3042,28933,60,0,2,131958617145349
3043,28933,60,0,3,131967207079941
3044,28933,60,0,4,131975797014533
3045,28933,60,0,5,131984386949125
3046,28933,60,0,6,131992976883717
3047,28933,60,0,7,132001566818309
3048,28933,61,0,0,134140460531717
3049,28933,61,0,1,134149050466309
3050,28933,61,0,2,134157640400901
3051,28933,61,0,3,134166230335493
3052,28933,61,0,4,134174820270085
3053,28933,61,0,5,134183410204677
3054,28933,61,0,6,134192000139269
3055,28933,61,0,7,134200590073861
3056,28933,62,0,0,136339483787269
3057,28933,62,0,1,136348073721861
3058,28933,62,0,2,136356663656453
3059,28933,62,0,3,136365253591045
3060,28933,62,0,4,136373843525637
3061,28933,62,0,5,136382433460229
3062,28933,62,0,6,136391023394821
3063,28933,62,0,7,136399613329413
3064,28933,63,0,0,138538507042821
3065,28933,63,0,1,138547096977413
3066,28933,63,0,2,138555686912005
3067,28933,63,0,3,138564276846597
3068,28933,63,0,4,138572866781189
3069,28933,63,0,5,138581456715781
3070,28933,63,0,6,138590046650373
3071,28933,63,0,7,138598636584965
3072,28935,0,0,0,41943046
3073,28935,0,0,1,8631877638
3074,28935,0,0,2,17221812230
3075,28935,0,0,3,25811746822
3076,28935,0,0,4,34401681414
3077,28935,0,0,5,42991616006
3078,28935,0,0,6,51581550598
3079,28935,0,0,7,60171485190
3080,28935,1,0,0,2199065198598
3081,28935,1,0,1,2207655133190
3082,28935,1,0,2,2216245067782
3083,28935,1,0,3,2224835002374
3084,28935,1,0,4,2233424936966
3085,28935,1,0,5,2242014871558
3086,28935,1,0,6,2250604806150
3087,28935,1,0,7,2259194740742
3088,28935,2,0,0,4398088454150
3089,28935,2,0,1,4406678388742
3090,28935,2,0,2,4415268323334
3091,28935,2,0,3,4423858257926
3092,28935,2,0,4,4432448192518
3093,28935,2,0,5,4441038127110
3094,28935,2,0,6,4449628061702
3095,28935,2,0,7,4458217996294
3096,28935,3,0,0,6597111709702
3097,28935,3,0,1,6605701644294
3098,28935,3,0,2,6614291578886
3099,28935,3,0,3,6622881513478
3100,28935,3,0,4,6631471448070
3101,28935,3,0,5,6640061382662
3102,28935,3,0,6,6648651317254
3103,28935,3,0,7,6657241251846
3104,28935,4,0,0,8796134965254
3105,28935,4,0,1,8804724899846
3106,28935,4,0,2,8813314834438
3107,28935,4,0,3,8821904769030
3108,28935,4,0,4,8830494703622
3109,28935,4,0,5,8839084638214
3110,28935,4,0,6,8847674572806
3111,28935,4,0,7,8856264507398
3112,28935,5,0,0,10995158220806
3113,28935,5,0,1,11003748155398
3114,28935,5,0,2,11012338089990
3115,28935,5,0,3,11020928024582
3116,28935,5,0,4,11029517959174
3117,28935,5,0,5,11038107893766
3118,28935,5,0,6,11046697828358
3119,28935,5,0,7,11055287762950
3120,28935,6,0,0,13194181476358
3121,28935,6,0,1,13202771410950
3122,28935,6,0,2,13211361345542
3123,28935,6,0,3,13219951280134
3124,28935,6,0,4,13228541214726
3125,28935,6,0,5,13237131149318
3126,28935,6,0,6,13245721083910
3127,28935,6,0,7,13254311018502
3128,28935,7,0,0,15393204731910
3129,28935,7,0,1,15401794666502
3130,28935,7,0,2,15410384601094
3131,28935,7,0,3,15418974535686
3132,28935,7,0,4,15427564470278
3133,28935,7,0,5,15436154404870
3134,28935,7,0,6,15444744339462
3135,28935,7,0,7,15453334274054
3136,28935,8,0,0,17592227987462
3137,28935,8,0,1,17600817922054
3138,28935,8,0,2,17609407856646
3139,28935,8,0,3,17617997791238
3140,28935,8,0,4,17626587725830
3141,28935,8,0,5,17635177660422
3142,28935,8,0,6,17643767595014
3143,28935,8,0,7,17652357529606
3144,28935,9,0,0,19791251243014
3145,28935,9,0,1,19799841177606
3146,28935,9,0,2,19808431112198
3147,28935,9,0,3,19817021046790
3148,28935,9,0,4,19825610981382
3149,28935,9,0,5,19834200915974
3150,28935,9,0,6,19842790850566
3151,28935,9,0,7,19851380785158
3152,28935,10,0,0,21990274498566
3153,28935,10,0,1,21998864433158
3154,28935,10,0,2,22007454367750
3155,28935,10,0,3,22016044302342
3156,28935,10,0,4,22024634236934
3157,28935,10,0,5,22033224171526
3158,28935,10,0,6,22041814106118
3159,28935,10,0,7,22050404040710
3160,28935,11,0,0,24189297754118
3161,28935,11,0,1,24197887688710
3162,28935,11,0,2,24206477623302
3163,28935,11,0,3,24215067557894
3164,28935,11,0,4,24223657492486
3165,28935,11,0,5,24232247427078
3166,28935,11,0,6,24240837361670
3167,28935,11,0,7,24249427296262
3168,28935,12,0,0,26388321009670
3169,28935,12,0,1,26396910944262
3170,28935,12,0,2,26405500878854
3171,28935,12,0,3,26414090813446
3172,28935,12,0,4,26422680748038
3173,28935,12,0,5,26431270682630
3174,28935,12,0,6,26439860617222
3175,28935,12,0,7,26448450551814
3176,28935,13,0,0,28587344265222
3177,28935,13,0,1,28595934199814
3178,28935,13,0,2,28604524134406
3179,28935,13,0,3,28613114068998
3180,28935,13,0,4,28621704003590
3181,28935,13,0,5,28630293938182
3182,28935,13,0,6,28638883872774
3183,28935,13,0,7,28647473807366
3184,28935,14,0,0,30786367520774
3185,28935,14,0,1,30794957455366
3186,28935,14,0,2,30803547389958
3187,28935,14,0,3,30812137324550
3188,28935,14,0,4,30820727259142
3189,28935,14,0,5,30829317193734
3190,28935,14,0,6,30837907128326
3191,28935,14,0,7,30846497062918
3192,28935,15,0,0,32985390776326
3193,28935,15,0,1,32993980710918
3194,28935,15,0,2,33002570645510
3195,28935,15,0,3,33011160580102
3196,28935,15,0,4,33019750514694
3197,28935,15,0,5,33028340449286
3198,28935,15,0,6,33036930383878
3199,28935,15,0,7,33045520318470
3200,28935,16,0,0,35184414031878
3201,28935,16,0,1,35193003966470
3202,28935,16,0,2,35201593901062
3203,28935,16,0,3,35210183835654
3204,28935,16,0,4,35218773770246
3205,28935,16,0,5,35227363704838
3206,28935,16,0,6,35235953639430
3207,28935,16,0,7,35244543574022
3208,28935,17,0,0,37383437287430
3209,28935,17,0,1,37392027222022
3210,28935,17,0,2,37400617156614
3211,28935,17,0,3,37409207091206
3212,28935,17,0,4,37417797025798
3213,28935,17,0,5,37426386960390
3214,28935,17,0,6,37434976894982
3215,28935,17,0,7,37443566829574
3216,28935,18,0,0,39582460542982
3217,28935,18,0,1,39591050477574
3218,28935,18,0,2,39599640412166
3219,28935,18,0,3,39608230346758
3220,28935,18,0,4,39616820281350
3221,28935,18,0,5,39625410215942
3222,28935,18,0,6,39634000150534
3223,28935,18,0,7,39642590085126
3224,28935,19,0,0,41781483798534
3225,28935,19,0,1,41790073733126
3226,28935,19,0,2,41798663667718
3227,28935,19,0,3,41807253602310
3228,28935,19,0,4,41815843536902
3229,28935,19,0,5,41824433471494
3230,28935,19,0,6,41833023406086
3231,28935,19,0,7,41841613340678
3232,28935,20,0,0,43980507054086
3233,28935,20,0,1,43989096988678
3234,28935,20,0,2,43997686923270
3235,28935,20,0,3,44006276857862
3236,28935,20,0,4,44014866792454
3237,28935,20,0,5,44023456727046
3238,28935,20,0,6,44032046661638
3239,28935,20,0,7,44040636596230
3240,28935,21,0,0,46179530309638
3241,28935,21,0,1,46188120244230
3242,28935,21,0,2,46196710178822
3243,28935,21,0,3,46205300113414
3244,28935,21,0,4,46213890048006
3245,28935,21,0,5,46222479982598
3246,28935,21,0,6,46231069917190
3247,28935,21,0,7,46239659851782
3248,28935,22,0,0,48378553565190
3249,28935,22,0,1,48387143499782
3250,28935,22,0,2,48395733434374
3251,28935,22,0,3,48404323368966
3252,28935,22,0,4,48412913303558
3253,28935,22,0,5,48421503238150
3254,28935,22,0,6,48430093172742
3255,28935,22,0,7,48438683107334
3256,28935,23,0,0,50577576820742
3257,28935,23,0,1,50586166755334
3258,28935,23,0,2,50594756689926
3259,28935,23,0,3,50603346624518
3260,28935,23,0,4,50611936559110
3261,28935,23,0,5,50620526493702
3262,28935,23,0,6,50629116428294
3263,28935,23,0,7,50637706362886
3264,28935,24,0,0,52776600076294
3265,28935,24,0,1,52785190010886
3266,28935,24,0,2,52793779945478
3267,28935,24,0,3,52802369880070
3268,28935,24,0,4,52810959814662
3269,28935,24,0,5,52819549749254
3270,28935,24,0,6,52828139683846
3271,28935,24,0,7,52836729618438
3272,28935,25,0,0,54975623331846
3273,28935,25,0,1,54984213266438
3274,28935,25,0,2,54992803201030
3275,28935,25,0,3,55001393135622
3276,28935,25,0,4,55009983070214
3277,28935,25,0,5,55018573004806
3278,28935,25,0,6,55027162939398
3279,28935,25,0,7,55035752873990
3280,28935,26,0,0,57174646587398
3281,28935,26,0,1,57183236521990
3282,28935,26,0,2,57191826456582
3283,28935,26,0,3,57200416391174
3284,28935,26,0,4,57209006325766
3285,28935,26,0,5,57217596260358
3286,28935,26,0,6,57226186194950
3287,28935,26,0,7,57234776129542
3288,28935,27,0,0,59373669842950
3289,28935,27,0,1,59382259777542
3290,28935,27,0,2,59390849712134
3291,28935,27,0,3,59399439646726
3292,28935,27,0,4,59408029581318
3293,28935,27,0,5,59416619515910
3294,28935,27,0,6,59425209450502
3295,28935,27,0,7,59433799385094
3296,28935,28,0,0,61572693098502
3297,28935,28,0,1,61581283033094
3298,28935,28,0,2,61589872967686
3299,28935,28,0,3,61598462902278
3300,28935,28,0,4,61607052836870
3301,28935,28,0,5,61615642771462
3302,28935,28,0,6,61624232706054
3303,28935,28,0,7,61632822640646
3304,28935,29,0,0,63771716354054
3305,28935,29,0,1,63780306288646
3306,28935,29,0,2,63788896223238
3307,28935,29,0,3,63797486157830
3308,28935,29,0,4,63806076092422
3309,28935,29,0,5,63814666027014
3310,28935,29,0,6,63823255961606
3311,28935,29,0,7,63831845896198
3312,28935,30,0,0,65970739609606
3313,28935,30,0,1,65979329544198
3314,28935,30,0,2,65987919478790
3315,28935,30,0,3,65996509413382
3316,28935,30,0,4,66005099347974
3317,28935,30,0,5,66013689282566
3318,28935,30,0,6,66022279217158
3319,28935,30,0,7,66030869151750
3320,28935,31,0,0,68169762865158
3321,28935,31,0,1,68178352799750
3322,28935,31,0,2,68186942734342
3323,28935,31,0,3,68195532668934
3324,28935,31,0,4,68204122603526
3325,28935,31,0,5,68212712538118
3326,28935,31,0,6,68221302472710
3327,28935,31,0,7,68229892407302
3328,28935,32,0,0,70368786120710
3329,28935,32,0,1,70377376055302
3330,28935,32,0,2,70385965989894
3331,28935,32,0,3,70394555924486
3332,28935,32,0,4,70403145859078
3333,28935,32,0,5,70411735793670
3334,28935,32,0,6,70420325728262
3335,28935,32,0,7,70428915662854
3336,28935,33,0,0,72567809376262
3337,28935,33,0,1,72576399310854
3338,28935,33,0,2,72584989245446
3339,28935,33,0,3,72593579180038
3340,28935,33,0,4,72602169114630
3341,28935,33,0,5,72610759049222
3342,28935,33,0,6,72619348983814
3343,28935,33,0,7,72627938918406
3344,28935,34,0,0,74766832631814
3345,28935,34,0,1,74775422566406
3346,28935,34,0,2,74784012500998
3347,28935,34,0,3,74792602435590
3348,28935,34,0,4,74801192370182
3349,28935,34,0,5,74809782304774
3350,28935,34,0,6,74818372239366
3351,28935,34,0,7,74826962173958
3352,28935,35,0,0,76965855887366
3353,28935,35,0,1,76974445821958
3354,28935,35,0,2,76983035756550
3355,28935,35,0,3,76991625691142
3356,28935,35,0,4,77000215625734
3357,28935,35,0,5,77008805560326
3358,28935,35,0,6,77017395494918
3359,28935,35,0,7,77025985429510
3360,28935,36,0,0,79164879142918
3361,28935,36,0,1,79173469077510
3362,28935,36,0,2,79182059012102
3363,28935,36,0,3,79190648946694
3364,28935,36,0,4,79199238881286
3365,28935,36,0,5,79207828815878
3366,28935,36,0,6,79216418750470
3367,28935,36,0,7,79225008685062
3368,28935,37,0,0,81363902398470
3369,28935,37,0,1,81372492333062
3370,28935,37,0,2,81381082267654
3371,28935,37,0,3,81389672202246
3372,28935,37,0,4,81398262136838
3373,28935,37,0,5,81406852071430
3374,28935,37,0,6,81415442006022
3375,28935,37,0,7,81424031940614
3376,28935,38,0,0,83562925654022
3377,28935,38,0,1,83571515588614
3378,28935,38,0,2,83580105523206
3379,28935,38,0,3,83588695457798
3380,28935,38,0,4,83597285392390
3381,28935,38,0,5,83605875326982
3382,28935,38,0,6,83614465261574
3383,28935,38,0,7,83623055196166
3384,28935,39,0,0,85761948909574
3385,28935,39,0,1,85770538844166
3386,28935,39,0,2,85779128778758
3387,28935,39,0,3,85787718713350
3388,28935,39,0,4,85796308647942
3389,28935,39,0,5,85804898582534
3390,28935,39,0,6,85813488517126
3391,28935,39,0,7,85822078451718
3392,28935,40,0,0,87960972165126
3393,28935,40,0,1,87969562099718
3394,28935,40,0,2,87978152034310
3395,28935,40,0,3,87986741968902
3396,28935,40,0,4,87995331903494
3397,28935,40,0,5,88003921838086
3398,28935,40,0,6,88012511772678
3399,28935,40,0,7,88021101707270
3400,28935,41,0,0,90159995420678
3401,28935,41,0,1,90168585355270
3402,28935,41,0,2,90177175289862
3403,28935,41,0,3,90185765224454
3404,28935,41,0,4,90194355159046
3405,28935,41,0,5,90202945093638
3406,28935,41,0,6,90211535028230
3407,28935,41,0,7,90220124962822
3408,28935,42,0,0,92359018676230
3409,28935,42,0,1,92367608610822
3410,28935,42,0,2,92376198545414
3411,28935,42,0,3,92384788480006
3412,28935,42,0,4,92393378414598
3413,28935,42,0,5,92401968349190
3414,28935,42,0,6,92410558283782
3415,28935,42,0,7,92419148218374
3416,28935,43,0,0,94558041931782
3417,28935,43,0,1,94566631866374
3418,28935,43,0,2,94575221800966
3419,28935,43,0,3,94583811735558
3420,28935,43,0,4,94592401670150
3421,28935,43,0,5,94600991604742
3422,28935,43,0,6,94609581539334
3423,28935,43,0,7,94618171473926
3424,28935,44,0,0,96757065187334
3425,28935,44,0,1,96765655121926
3426,28935,44,0,2,96774245056518
3427,28935,44,0,3,96782834991110
3428,28935,44,0,4,96791424925702
3429,28935,44,0,5,96800014860294
3430,28935,44,0,6,96808604794886
3431,28935,44,0,7,96817194729478
3432,28935,45,0,0,98956088442886
3433,28935,45,0,1,98964678377478
3434,28935,45,0,2,98973268312070
3435,28935,45,0,3,98981858246662
3436,28935,45,0,4,98990448181254
3437,28935,45,0,5,98999038115846
3438,28935,45,0,6,99007628050438
3439,28935,45,0,7,99016217985030
3440,28935,46,0,0,101155111698438
3441,28935,46,0,1,101163701633030
3442,28935,46,0,2,101172291567622
3443,28935,46,0,3,101180881502214
3444,28935,46,0,4,101189471436806
3445,28935,46,0,5,101198061371398
3446,28935,46,0,6,101206651305990
3447,28935,46,0,7,101215241240582
3448,28935,47,0,0,103354134953990
3449,28935,47,0,1,103362724888582
3450,28935,47,0,2,103371314823174
3451,28935,47,0,3,103379904757766
3452,28935,47,0,4,103388494692358
3453,28935,47,0,5,103397084626950
3454,28935,47,0,6,103405674561542
3455,28935,47,0,7,103414264496134
3456,28935,48,0,0,105553158209542
3457,28935,48,0,1,105561748144134
3458,28935,48,0,2,105570338078726
3459,28935,48,0,3,105578928013318
3460,28935,48,0,4,105587517947910
3461,28935,48,0,5,105596107882502
3462,28935,48,0,6,105604697817094
3463,28935,48,0,7,105613287751686
3464,28935,49,0,0,107752181465094
3465,28935,49,0,1,107760771399686
3466,28935,49,0,2,107769361334278
3467,28935,49,0,3,107777951268870
3468,28935,49,0,4,107786541203462
3469,28935,49,0,5,107795131138054
3470,28935,49,0,6,107803721072646
3471,28935,49,0,7,107812311007238
3472,28935,50,0,0,109951204720646
3473,28935,50,0,1,109959794655238
3474,28935,50,0,2,109968384589830
3475,28935,50,0,3,109976974524422
3476,28935,50,0,4,109985564459014
3477,28935,50,0,5,109994154393606
3478,28935,50,0,6,110002744328198
3479,28935,50,0,7,110011334262790
3480,28935,51,0,0,112150227976198
3481,28935,51,0,1,112158817910790
3482,28935,51,0,2,112167407845382
3483,28935,51,0,3,112175997779974
3484,28935,51,0,4,112184587714566
3485,28935,51,0,5,112193177649158
3486,28935,51,0,6,112201767583750
3487,28935,51,0,7,112210357518342
3488,28935,52,0,0,114349251231750
3489,28935,52,0,1,114357841166342
3490,28935,52,0,2,114366431100934
3491,28935,52,0,3,114375021035526
3492,28935,52,0,4,114383610970118
3493,28935,52,0,5,114392200904710
3494,28935,52,0,6,114400790839302
3495,28935,52,0,7,114409380773894
3496,28935,53,0,0,116548274487302
3497,28935,53,0,1,116556864421894
3498,28935,53,0,2,116565454356486
3499,28935,53,0,3,116574044291078
3500,28935,53,0,4,116582634225670
3501,28935,53,0,5,116591224160262
3502,28935,53,0,6,116599814094854
3503,28935,53,0,7,116608404029446
3504,28935,54,0,0,118747297742854
3505,28935,54,0,1,118755887677446
3506,28935,54,0,2,118764477612038
3507,28935,54,0,3,118773067546630
3508,28935,54,0,4,118781657481222
3509,28935,54,0,5,118790247415814
3510,28935,54,0,6,118798837350406
3511,28935,54,0,7,118807427284998
3512,28935,55,0,0,120946320998406
3513,28935,55,0,1,120954910932998
3514,28935,55,0,2,120963500867590
3515,28935,55,0,3,120972090802182
3516,28935,55,0,4,120980680736774
3517,28935,55,0,5,120989270671366
3518,28935,55,0,6,120997860605958
3519,28935,55,0,7,121006450540550
3520,28935,56,0,0,123145344253958
3521,28935,56,0,1,123153934188550
3522,28935,56,0,2,123162524123142
3523,28935,56,0,3,123171114057734
3524,28935,56,0,4,123179703992326
3525,28935,56,0,5,123188293926918
3526,28935,56,0,6,123196883861510
3527,28935,56,0,7,123205473796102
3528,28935,57,0,0,125344367509510
3529,28935,57,0,1,125352957444102
3530,28935,57,0,2,125361547378694
3531,28935,57,0,3,125370137313286
3532,28935,57,0,4,125378727247878
3533,28935,57,0,5,125387317182470
3534,28935,57,0,6,125395907117062
3535,28935,57,0,7,125404497051654
3536,28935,58,0,0,127543390765062
3537,28935,58,0,1,127551980699654
3538,28935,58,0,2,127560570634246
3539,28935,58,0,3,127569160568838
3540,28935,58,0,4,127577750503430
3541,28935,58,0,5,127586340438022
3542,28935,58,0,6,127594930372614
3543,28935,58,0,7,127603520307206
3544,28935,59,0,0,129742414020614
3545,28935,59,0,1,129751003955206
3546,28935,59,0,2,129759593889798
3547,28935,59,0,3,129768183824390
3548,28935,59,0,4,129776773758982
3549,28935,59,0,5,129785363693574
3550,28935,59,0,6,129793953628166
3551,28935,59,0,7,129802543562758
3552,28935,60,0,0,131941437276166
3553,28935,60,0,1,131950027210758
3554,28935,60,0,2,131958617145350
3555,28935,60,0,3,131967207079942
3556,28935,60,0,4,131975797014534
3557,28935,60,0,5,131984386949126
3558,28935,60,0,6,131992976883718
3559,28935,60,0,7,132001566818310
3560,28935,61,0,0,134140460531718
3561,28935,61,0,1,134149050466310
3562,28935,61,0,2,134157640400902
3563,28935,61,0,3,134166230335494
3564,28935,61,0,4,134174820270086
3565,28935,61,0,5,134183410204678
3566,28935,61,0,6,134192000139270
3567,28935,61,0,7,134200590073862
3568,28935,62,0,0,136339483787270
3569,28935,62,0,1,136348073721862
3570,28935,62,0,2,136356663656454
3571,28935,62,0,3,136365253591046
3572,28935,62,0,4,136373843525638
3573,28935,62,0,5,136382433460230
3574,28935,62,0,6,136391023394822
3575,28935,62,0,7,136399613329414
3576,28935,63,0,0,138538507042822
3577,28935,63,0,1,138547096977414
3578,28935,63,0,2,138555686912006
3579,28935,63,0,3,138564276846598
3580,28935,63,0,4,138572866781190
3581,28935,63,0,5,138581456715782
3582,28935,63,0,6,138590046650374
3583,28935,63,0,7,138598636584966
3584,28937,0,0,0,41943047
3585,28937,0,0,1,8631877639
3586,28937,0,0,2,17221812231
3587,28937,0,0,3,25811746823
3588,28937,0,0,4,34401681415
3589,28937,0,0,5,42991616007
3590,28937,0,0,6,51581550599
3591,28937,0,0,7,60171485191
3592,28937,1,0,0,2199065198599
3593,28937,1,0,1,2207655133191
3594,28937,1,0,2,2216245067783
3595,28937,1,0,3,2224835002375
3596,28937,1,0,4,2233424936967
3597,28937,1,0,5,2242014871559
3598,28937,1,0,6,2250604806151
3599,28937,1,0,7,2259194740743
3600,28937,2,0,0,4398088454151
3601,28937,2,0,1,4406678388743
3602,28937,2,0,2,4415268323335
3603,28937,2,0,3,4423858257927
3604,28937,2,0,4,4432448192519
3605,28937,2,0,5,4441038127111
3606,28937,2,0,6,4449628061703
3607,28937,2,0,7,4458217996295
3608,28937,3,0,0,6597111709703
3609,28937,3,0,1,6605701644295
3610,28937,3,0,2,6614291578887
3611,28937,3,0,3,6622881513479
3612,28937,3,0,4,6631471448071
3613,28937,3,0,5,6640061382663
3614,28937,3,0,6,6648651317255
3615,28937,3,0,7,6657241251847
3616,28937,4,0,0,8796134965255
3617,28937,4,0,1,8804724899847
3618,28937,4,0,2,8813314834439
3619,28937,4,0,3,8821904769031
3620,28937,4,0,4,8830494703623
3621,28937,4,0,5,8839084638215
3622,28937,4,0,6,8847674572807
3623,28937,4,0,7,8856264507399
3624,28937,5,0,0,10995158220807
3625,28937,5,0,1,11003748155399
3626,28937,5,0,2,11012338089991
3627,28937,5,0,3,11020928024583
3628,28937,5,0,4,11029517959175
3629,28937,5,0,5,11038107893767
3630,28937,5,0,6,11046697828359
3631,28937,5,0,7,11055287762951
3632,28937,6,0,0,13194181476359
3633,28937,6,0,1,13202771410951
3634,28937,6,0,2,13211361345543
3635,28937,6,0,3,13219951280135
3636,28937,6,0,4,13228541214727
3637,28937,6,0,5,13237131149319
3638,28937,6,0,6,13245721083911
3639,28937,6,0,7,13254311018503
3640,28937,7,0,0,15393204731911
3641,28937,7,0,1,15401794666503
3642,28937,7,0,2,15410384601095
3643,28937,7,0,3,15418974535687
3644,28937,7,0,4,15427564470279
3645,28937,7,0,5,15436154404871
3646,28937,7,0,6,15444744339463
3647,28937,7,0,7,15453334274055
3648,28937,8,0,0,17592227987463
3649,28937,8,0,1,17600817922055
3650,28937,8,0,2,17609407856647
3651,28937,8,0,3,17617997791239
3652,28937,8,0,4,17626587725831
3653,28937,8,0,5,17635177660423
3654,28937,8,0,6,17643767595015
3655,28937,8,0,7,17652357529607
3656,28937,9,0,0,19791251243015
3657,28937,9,0,1,19799841177607
3658,28937,9,0,2,19808431112199
3659,28937,9,0,3,19817021046791
3660,28937,9,0,4,19825610981383
3661,28937,9,0,5,19834200915975
3662,28937,9,0,6,19842790850567
3663,28937,9,0,7,19851380785159
3664,28937,10,0,0,21990274498567
3665,28937,10,0,1,21998864433159
3666,28937,10,0,2,22007454367751
3667,28937,10,0,3,22016044302343
3668,28937,10,0,4,22024634236935
3669,28937,10,0,5,22033224171527
3670,28937,10,0,6,22041814106119
3671,28937,10,0,7,22050404040711
3672,28937,11,0,0,24189297754119
3673,28937,11,0,1,24197887688711
3674,28937,11,0,2,24206477623303
3675,28937,11,0,3,24215067557895
3676,28937,11,0,4,24223657492487
3677,28937,11,0,5,24232247427079
3678,28937,11,0,6,24240837361671
3679,28937,11,0,7,24249427296263
3680,28937,12,0,0,26388321009671
3681,28937,12,0,1,26396910944263
3682,28937,12,0,2,26405500878855
3683,28937,12,0,3,26414090813447
3684,28937,12,0,4,26422680748039
3685,28937,12,0,5,26431270682631
3686,28937,12,0,6,26439860617223
3687,28937,12,0,7,26448450551815
3688,28937,13,0,0,28587344265223
3689,28937,13,0,1,28595934199815
3690,28937,13,0,2,28604524134407
3691,28937,13,0,3,28613114068999
3692,28937,13,0,4,28621704003591
3693,28937,13,0,5,28630293938183
3694,28937,13,0,6,28638883872775
3695,28937,13,0,7,28647473807367
3696,28937,14,0,0,30786367520775
3697,28937,14,0,1,30794957455367
3698,28937,14,0,2,30803547389959
3699,28937,14,0,3,30812137324551
3700,28937,14,0,4,30820727259143
3701,28937,14,0,5,30829317193735
3702,28937,14,0,6,30837907128327
3703,28937,14,0,7,30846497062919
3704,28937,15,0,0,32985390776327
3705,28937,15,0,1,32993980710919
3706,28937,15,0,2,33002570645511
3707,28937,15,0,3,33011160580103
3708,28937,15,0,4,33019750514695
3709,28937,15,0,5,33028340449287
3710,28937,15,0,6,33036930383879
3711,28937,15,0,7,33045520318471
3712,28937,16,0,0,35184414031879
3713,28937,16,0,1,35193003966471
3714,28937,16,0,2,35201593901063
3715,28937,16,0,3,35210183835655
3716,28937,16,0,4,35218773770247
3717,28937,16,0,5,35227363704839
3718,28937,16,0,6,35235953639431
3719,28937,16,0,7,35244543574023
3720,28937,17,0,0,37383437287431
3721,28937,17,0,1,37392027222023
3722,28937,17,0,2,37400617156615
3723,28937,17,0,3,37409207091207
3724,28937,17,0,4,37417797025799
3725,28937,17,0,5,37426386960391
3726,28937,17,0,6,37434976894983
3727,28937,17,0,7,37443566829575
3728,28937,18,0,0,39582460542983
3729,28937,18,0,1,39591050477575
3730,28937,18,0,2,39599640412167
3731,28937,18,0,3,39608230346759
3732,28937,18,0,4,39616820281351
3733,28937,18,0,5,39625410215943
3734,28937,18,0,6,39634000150535
3735,28937,18,0,7,39642590085127
3736,28937,19,0,0,41781483798535
3737,28937,19,0,1,41790073733127
3738,28937,19,0,2,41798663667719
3739,28937,19,0,3,41807253602311
3740,28937,19,0,4,41815843536903
3741,28937,19,0,5,41824433471495
3742,28937,19,0,6,41833023406087
3743,28937,19,0,7,41841613340679
3744,28937,20,0,0,43980507054087
3745,28937,20,0,1,43989096988679
3746,28937,20,0,2,43997686923271
3747,28937,20,0,3,44006276857863
3748,28937,20,0,4,44014866792455
3749,28937,20,0,5,44023456727047
3750,28937,20,0,6,44032046661639
3751,28937,20,0,7,44040636596231
3752,28937,21,0,0,46179530309639
3753,28937,21,0,1,46188120244231
3754,28937,21,0,2,46196710178823
3755,28937,21,0,3,46205300113415
3756,28937,21,0,4,46213890048007
3757,28937,21,0,5,46222479982599
3758,28937,21,0,6,46231069917191
3759,28937,21,0,7,46239659851783
3760,28937,22,0,0,48378553565191
3761,28937,22,0,1,48387143499783
3762,28937,22,0,2,48395733434375
3763,28937,22,0,3,48404323368967
3764,28937,22,0,4,48412913303559
3765,28937,22,0,5,48421503238151
3766,28937,22,0,6,48430093172743
3767,28937,22,0,7,48438683107335
3768,28937,23,0,0,50577576820743
3769,28937,23,0,1,50586166755335
3770,28937,23,0,2,50594756689927
3771,28937,23,0,3,50603346624519
3772,28937,23,0,4,50611936559111
3773,28937,23,0,5,50620526493703
3774,28937,23,0,6,50629116428295
3775,28937,23,0,7,50637706362887
3776,28937,24,0,0,52776600076295
3777,28937,24,0,1,52785190010887
3778,28937,24,0,2,52793779945479
3779,28937,24,0,3,52802369880071
3780,28937,24,0,4,52810959814663
3781,28937,24,0,5,52819549749255
3782,28937,24,0,6,52828139683847
3783,28937,24,0,7,52836729618439
3784,28937,25,0,0,54975623331847
3785,28937,25,0,1,54984213266439
3786,28937,25,0,2,54992803201031
3787,28937,25,0,3,55001393135623
3788,28937,25,0,4,55009983070215
3789,28937,25,0,5,55018573004807
3790,28937,25,0,6,55027162939399
3791,28937,25,0,7,55035752873991
3792,28937,26,0,0,57174646587399
3793,28937,26,0,1,57183236521991
3794,28937,26,0,2,57191826456583
3795,28937,26,0,3,57200416391175
3796,28937,26,0,4,57209006325767
3797,28937,26,0,5,57217596260359
3798,28937,26,0,6,57226186194951
3799,28937,26,0,7,57234776129543
3800,28937,27,0,0,59373669842951
3801,28937,27,0,1,59382259777543
3802,28937,27,0,2,59390849712135
3803,28937,27,0,3,59399439646727
3804,28937,27,0,4,59408029581319
3805,28937,27,0,5,59416619515911
3806,28937,27,0,6,59425209450503
3807,28937,27,0,7,59433799385095
3808,28937,28,0,0,61572693098503
3809,28937,28,0,1,61581283033095
3810,28937,28,0,2,61589872967687
3811,28937,28,0,3,61598462902279
3812,28937,28,0,4,61607052836871
3813,28937,28,0,5,61615642771463
3814,28937,28,0,6,61624232706055
3815,28937,28,0,7,61632822640647
3816,28937,29,0,0,63771716354055
3817,28937,29,0,1,63780306288647
3818,28937,29,0,2,63788896223239
3819,28937,29,0,3,63797486157831
3820,28937,29,0,4,63806076092423
3821,28937,29,0,5,63814666027015
3822,28937,29,0,6,63823255961607
3823,28937,29,0,7,63831845896199
3824,28937,30,0,0,65970739609607
3825,28937,30,0,1,65979329544199
3826,28937,30,0,2,65987919478791
3827,28937,30,0,3,65996509413383
3828,28937,30,0,4,66005099347975
3829,28937,30,0,5,66013689282567
3830,28937,30,0,6,66022279217159
3831,28937,30,0,7,66030869151751
3832,28937,31,0,0,68169762865159
3833,28937,31,0,1,68178352799751
3834,28937,31,0,2,68186942734343
3835,28937,31,0,3,68195532668935
3836,28937,31,0,4,68204122603527
3837,28937,31,0,5,68212712538119
3838,28937,31,0,6,68221302472711
3839,28937,31,0,7,68229892407303
3840,28937,32,0,0,70368786120711
3841,28937,32,0,1,70377376055303
3842,28937,32,0,2,70385965989895
3843,28937,32,0,3,70394555924487
3844,28937,32,0,4,70403145859079
3845,28937,32,0,5,70411735793671
3846,28937,32,0,6,70420325728263
3847,28937,32,0,7,70428915662855
3848,28937,33,0,0,72567809376263
3849,28937,33,0,1,72576399310855
3850,28937,33,0,2,72584989245447
3851,28937,33,0,3,72593579180039
3852,28937,33,0,4,72602169114631
3853,28937,33,0,5,72610759049223
3854,28937,33,0,6,72619348983815
3855,28937,33,0,7,72627938918407
3856,28937,34,0,0,74766832631815
3857,28937,34,0,1,74775422566407
3858,28937,34,0,2,74784012500999
3859,28937,34,0,3,74792602435591
3860,28937,34,0,4,74801192370183
3861,28937,34,0,5,74809782304775
3862,28937,34,0,6,74818372239367
3863,28937,34,0,7,74826962173959
3864,28937,35,0,0,76965855887367
3865,28937,35,0,1,76974445821959
3866,28937,35,0,2,76983035756551
3867,28937,35,0,3,76991625691143
3868,28937,35,0,4,77000215625735
3869,28937,35,0,5,77008805560327
3870,28937,35,0,6,77017395494919
3871,28937,35,0,7,77025985429511
3872,28937,36,0,0,79164879142919
3873,28937,36,0,1,79173469077511
3874,28937,36,0,2,79182059012103
3875,28937,36,0,3,79190648946695
3876,28937,36,0,4,79199238881287
3877,28937,36,0,5,79207828815879
3878,28937,36,0,6,79216418750471
3879,28937,36,0,7,79225008685063
3880,28937,37,0,0,81363902398471
3881,28937,37,0,1,81372492333063
3882,28937,37,0,2,81381082267655
3883,28937,37,0,3,81389672202247
3884,28937,37,0,4,81398262136839
3885,28937,37,0,5,81406852071431
3886,28937,37,0,6,81415442006023
3887,28937,37,0,7,81424031940615
3888,28937,38,0,0,83562925654023
3889,28937,38,0,1,83571515588615
3890,28937,38,0,2,83580105523207
3891,28937,38,0,3,83588695457799
3892,28937,38,0,4,83597285392391
3893,28937,38,0,5,83605875326983
3894,28937,38,0,6,83614465261575
3895,28937,38,0,7,83623055196167
3896,28937,39,0,0,85761948909575
3897,28937,39,0,1,85770538844167
3898,28937,39,0,2,85779128778759
3899,28937,39,0,3,85787718713351
3900,28937,39,0,4,85796308647943
3901,28937,39,0,5,85804898582535
3902,28937,39,0,6,85813488517127
3903,28937,39,0,7,85822078451719
3904,28937,40,0,0,87960972165127
3905,28937,40,0,1,87969562099719
3906,28937,40,0,2,87978152034311
3907,28937,40,0,3,87986741968903
3908,28937,40,0,4,87995331903495
3909,28937,40,0,5,88003921838087
3910,28937,40,0,6,88012511772679
3911,28937,40,0,7,88021101707271
3912,28937,41,0,0,90159995420679
3913,28937,41,0,1,90168585355271
3914,28937,41,0,2,90177175289863
3915,28937,41,0,3,90185765224455
3916,28937,41,0,4,90194355159047
3917,28937,41,0,5,90202945093639
3918,28937,41,0,6,90211535028231
3919,28937,41,0,7,90220124962823
3920,28937,42,0,0,92359018676231
3921,28937,42,0,1,92367608610823
3922,28937,42,0,2,92376198545415
3923,28937,42,0,3,92384788480007
3924,28937,42,0,4,92393378414599
3925,28937,42,0,5,92401968349191
3926,28937,42,0,6,92410558283783
3927,28937,42,0,7,92419148218375
3928,28937,43,0,0,94558041931783
3929,28937,43,0,1,94566631866375
3930,28937,43,0,2,94575221800967
3931,28937,43,0,3,94583811735559
3932,28937,43,0,4,94592401670151
3933,28937,43,0,5,94600991604743
3934,28937,43,0,6,94609581539335
3935,28937,43,0,7,94618171473927
3936,28937,44,0,0,96757065187335
3937,28937,44,0,1,96765655121927
3938,28937,44,0,2,96774245056519
3939,28937,44,0,3,96782834991111
3940,28937,44,0,4,96791424925703
3941,28937,44,0,5,96800014860295
3942,28937,44,0,6,96808604794887
3943,28937,44,0,7,96817194729479
3944,28937,45,0,0,98956088442887
3945,28937,45,0,1,98964678377479
3946,28937,45,0,2,98973268312071
3947,28937,45,0,3,98981858246663
3948,28937,45,0,4,98990448181255
3949,28937,45,0,5,98999038115847
3950,28937,45,0,6,99007628050439
3951,28937,45,0,7,99016217985031
3952,28937,46,0,0,101155111698439
3953,28937,46,0,1,101163701633031
3954,28937,46,0,2,101172291567623
3955,28937,46,0,3,101180881502215
3956,28937,46,0,4,101189471436807
3957,28937,46,0,5,101198061371399
3958,28937,46,0,6,101206651305991
3959,28937,46,0,7,101215241240583
3960,28937,47,0,0,103354134953991
3961,28937,47,0,1,103362724888583
3962,28937,47,0,2,103371314823175
3963,28937,47,0,3,103379904757767
3964,28937,47,0,4,103388494692359
3965,28937,47,0,5,103397084626951
3966,28937,47,0,6,103405674561543
3967,28937,47,0,7,103414264496135
3968,28937,48,0,0,105553158209543
3969,28937,48,0,1,105561748144135
3970,28937,48,0,2,105570338078727
3971,28937,48,0,3,105578928013319
3972,28937,48,0,4,105587517947911
3973,28937,48,0,5,105596107882503
3974,28937,48,0,6,105604697817095
3975,28937,48,0,7,105613287751687
3976,28937,49,0,0,107752181465095
3977,28937,49,0,1,107760771399687
3978,28937,49,0,2,107769361334279
3979,28937,49,0,3,107777951268871
3980,28937,49,0,4,107786541203463
3981,28937,49,0,5,107795131138055
3982,28937,49,0,6,107803721072647
3983,28937,49,0,7,107812311007239
3984,28937,50,0,0,109951204720647
3985,28937,50,0,1,109959794655239
3986,28937,50,0,2,109968384589831
3987,28937,50,0,3,109976974524423
3988,28937,50,0,4,109985564459015
3989,28937,50,0,5,109994154393607
3990,28937,50,0,6,110002744328199
3991,28937,50,0,7,110011334262791
3992,28937,51,0,0,112150227976199
3993,28937,51,0,1,112158817910791
3994,28937,51,0,2,112167407845383
3995,28937,51,0,3,112175997779975
3996,28937,51,0,4,112184587714567
3997,28937,51,0,5,112193177649159
3998,28937,51,0,6,112201767583751
3999,28937,51,0,7,112210357518343
4000,28937,52,0,0,114349251231751
4001,28937,52,0,1,114357841166343
4002,28937,52,0,2,114366431100935
4003,28937,52,0,3,114375021035527
4004,28937,52,0,4,114383610970119
4005,28937,52,0,5,114392200904711
4006,28937,52,0,6,114400790839303
4007,28937,52,0,7,114409380773895
4008,28937,53,0,0,116548274487303
4009,28937,53,0,1,116556864421895
4010,28937,53,0,2,116565454356487
4011,28937,53,0,3,116574044291079
4012,28937,53,0,4,116582634225671
4013,28937,53,0,5,116591224160263
4014,28937,53,0,6,116599814094855
4015,28937,53,0,7,116608404029447
4016,28937,54,0,0,118747297742855
4017,28937,54,0,1,118755887677447
4018,28937,54,0,2,118764477612039
4019,28937,54,0,3,118773067546631
4020,28937,54,0,4,118781657481223
4021,28937,54,0,5,118790247415815
4022,28937,54,0,6,118798837350407
4023,28937,54,0,7,118807427284999
4024,28937,55,0,0,120946320998407
4025,28937,55,0,1,120954910932999
4026,28937,55,0,2,120963500867591
4027,28937,55,0,3,120972090802183
4028,28937,55,0,4,120980680736775
4029,28937,55,0,5,120989270671367
4030,28937,55,0,6,120997860605959
4031,28937,55,0,7,121006450540551
4032,28937,56,0,0,123145344253959
4033,28937,56,0,1,123153934188551
4034,28937,56,0,2,123162524123143
4035,28937,56,0,3,123171114057735
4036,28937,56,0,4,123179703992327
4037,28937,56,0,5,123188293926919
4038,28937,56,0,6,123196883861511
4039,28937,56,0,7,123205473796103
4040,28937,57,0,0,125344367509511
4041,28937,57,0,1,125352957444103
4042,28937,57,0,2,125361547378695
4043,28937,57,0,3,125370137313287
4044,28937,57,0,4,125378727247879
4045,28937,57,0,5,125387317182471
4046,28937,57,0,6,125395907117063
4047,28937,57,0,7,125404497051655
4048,28937,58,0,0,127543390765063
4049,28937,58,0,1,127551980699655
4050,28937,58,0,2,127560570634247
4051,28937,58,0,3,127569160568839
4052,28937,58,0,4,127577750503431
4053,28937,58,0,5,127586340438023
4054,28937,58,0,6,127594930372615
4055,28937,58,0,7,127603520307207
4056,28937,59,0,0,129742414020615
4057,28937,59,0,1,129751003955207
4058,28937,59,0,2,129759593889799
4059,28937,59,0,3,129768183824391
4060,28937,59,0,4,129776773758983
4061,28937,59,0,5,129785363693575
4062,28937,59,0,6,129793953628167
4063,28937,59,0,7,129802543562759
4064,28937,60,0,0,131941437276167
4065,28937,60,0,1,131950027210759
4066,28937,60,0,2,131958617145351
4067,28937,60,0,3,131967207079943
4068,28937,60,0,4,131975797014535
4069,28937,60,0,5,131984386949127
4070,28937,60,0,6,131992976883719
4071,28937,60,0,7,132001566818311
4072,28937,61,0,0,134140460531719
4073,28937,61,0,1,134149050466311
4074,28937,61,0,2,134157640400903
4075,28937,61,0,3,134166230335495
4076,28937,61,0,4,134174820270087
4077,28937,61,0,5,134183410204679
4078,28937,61,0,6,134192000139271
4079,28937,61,0,7,134200590073863
4080,28937,62,0,0,136339483787271
4081,28937,62,0,1,136348073721863
4082,28937,62,0,2,136356663656455
4083,28937,62,0,3,136365253591047
4084,28937,62,0,4,136373843525639
4085,28937,62,0,5,136382433460231
4086,28937,62,0,6,136391023394823
4087,28937,62,0,7,136399613329415
4088,28937,63,0,0,138538507042823
4089,28937,63,0,1,138547096977415
4090,28937,63,0,2,138555686912007
4091,28937,63,0,3,138564276846599
4092,28937,63,0,4,138572866781191
4093,28937,63,0,5,138581456715783
4094,28937,63,0,6,138590046650375
4095,28937,63,0,7,138598636584967
4096,29040,0,0,0,4336910336
4097,29040,0,0,1,12926844928
4098,29040,0,0,2,21516779520
4099,29040,0,0,3,30106714112
4100,29040,0,0,4,38696648704
4101,29040,0,0,5,47286583296
4102,29040,0,0,6,55876517888
4103,29040,0,0,7,64466452480
4104,29040,1,0,0,2203360165888
4105,29040,1,0,1,2211950100480
4106,29040,1,0,2,2220540035072
4107,29040,1,0,3,2229129969664
4108,29040,1,0,4,2237719904256
4109,29040,1,0,5,2246309838848
4110,29040,1,0,6,2254899773440
4111,29040,1,0,7,2263489708032
4112,29040,2,0,0,4402383421440
4113,29040,2,0,1,4410973356032
4114,29040,2,0,2,4419563290624
4115,29040,2,0,3,4428153225216
4116,29040,2,0,4,4436743159808
4117,29040,2,0,5,4445333094400
4118,29040,2,0,6,4453923028992
4119,29040,2,0,7,4462512963584
4120,29040,3,0,0,6601406676992
4121,29040,3,0,1,6609996611584
4122,29040,3,0,2,6618586546176
4123,29040,3,0,3,6627176480768
4124,29040,3,0,4,6635766415360
4125,29040,3,0,5,6644356349952
4126,29040,3,0,6,6652946284544
4127,29040,3,0,7,6661536219136
4128,29040,4,0,0,8800429932544
4129,29040,4,0,1,8809019867136
4130,29040,4,0,2,8817609801728
4131,29040,4,0,3,8826199736320
4132,29040,4,0,4,8834789670912
4133,29040,4,0,5,8843379605504
4134,29040,4,0,6,8851969540096
4135,29040,4,0,7,8860559474688
4136,29040,5,0,0,10999453188096
4137,29040,5,0,1,11008043122688
4138,29040,5,0,2,11016633057280
4139,29040,5,0,3,11025222991872
4140,29040,5,0,4,11033812926464
4141,29040,5,0,5,11042402861056
4142,29040,5,0,6,11050992795648
4143,29040,5,0,7,11059582730240
4144,29040,6,0,0,13198476443648
4145,29040,6,0,1,13207066378240
4146,29040,6,0,2,13215656312832
4147,29040,6,0,3,13224246247424
4148,29040,6,0,4,13232836182016
4149,29040,6,0,5,13241426116608
4150,29040,6,0,6,13250016051200
4151,29040,6,0,7,13258605985792
4152,29040,7,0,0,15397499699200
4153,29040,7,0,1,15406089633792
4154,29040,7,0,2,15414679568384
4155,29040,7,0,3,15423269502976
4156,29040,7,0,4,15431859437568
4157,29040,7,0,5,15440449372160
4158,29040,7,0,6,15449039306752
4159,29040,7,0,7,15457629241344
4160,29040,8,0,0,17596522954752
4161,29040,8,0,1,17605112889344
4162,29040,8,0,2,17613702823936
4163,29040,8,0,3,17622292758528
4164,29040,8,0,4,17630882693120
4165,29040,8,0,5,17639472627712
4166,29040,8,0,6,17648062562304
4167,29040,8,0,7,17656652496896
4168,29040,9,0,0,19795546210304
4169,29040,9,0,1,19804136144896
4170,29040,9,0,2,19812726079488
4171,29040,9,0,3,19821316014080
4172,29040,9,0,4,19829905948672
4173,29040,9,0,5,19838495883264
4174,29040,9,0,6,19847085817856
4175,29040,9,0,7,19855675752448
4176,29040,10,0,0,21994569465856
4177,29040,10,0,1,22003159400448
4178,29040,10,0,2,22011749335040
4179,29040,10,0,3,22020339269632
4180,29040,10,0,4,22028929204224
4181,29040,10,0,5,22037519138816
4182,29040,10,0,6,22046109073408
4183,29040,10,0,7,22054699008000
4184,29040,11,0,0,24193592721408
4185,29040,11,0,1,24202182656000
4186,29040,11,0,2,24210772590592
4187,29040,11,0,3,24219362525184
4188,29040,11,0,4,24227952459776
4189,29040,11,0,5,24236542394368
4190,29040,11,0,6,24245132328960
4191,29040,11,0,7,24253722263552
4192,29040,12,0,0,26392615976960
4193,29040,12,0,1,26401205911552
4194,29040,12,0,2,26409795846144
4195,29040,12,0,3,26418385780736
4196,29040,12,0,4,26426975715328
4197,29040,12,0,5,26435565649920
4198,29040,12,0,6,26444155584512
4199,29040,12,0,7,26452745519104
4200,29040,13,0,0,28591639232512
4201,29040,13,0,1,28600229167104
4202,29040,13,0,2,28608819101696
4203,29040,13,0,3,28617409036288
4204,29040,13,0,4,28625998970880
4205,29040,13,0,5,28634588905472
4206,29040,13,0,6,28643178840064
4207,29040,13,0,7,28651768774656
4208,29040,14,0,0,30790662488064
4209,29040,14,0,1,30799252422656
4210,29040,14,0,2,30807842357248
4211,29040,14,0,3,30816432291840
4212,29040,14,0,4,30825022226432
4213,29040,14,0,5,30833612161024
4214,29040,14,0,6,30842202095616
4215,29040,14,0,7,30850792030208
4216,29040,15,0,0,32989685743616
4217,29040,15,0,1,32998275678208
4218,29040,15,0,2,33006865612800
4219,29040,15,0,3,33015455547392
4220,29040,15,0,4,33024045481984
4221,29040,15,0,5,33032635416576
4222,29040,15,0,6,33041225351168
4223,29040,15,0,7,33049815285760
4224,29040,16,0,0,35188708999168
4225,29040,16,0,1,35197298933760
4226,29040,16,0,2,35205888868352
4227,29040,16,0,3,35214478802944
4228,29040,16,0,4,35223068737536
4229,29040,16,0,5,35231658672128
4230,29040,16,0,6,35240248606720
4231,29040,16,0,7,35248838541312
4232,29040,17,0,0,37387732254720
4233,29040,17,0,1,37396322189312
4234,29040,17,0,2,37404912123904
4235,29040,17,0,3,37413502058496
4236,29040,17,0,4,37422091993088
4237,29040,17,0,5,37430681927680
4238,29040,17,0,6,37439271862272
4239,29040,17,0,7,37447861796864
4240,29040,18,0,0,39586755510272
4241,29040,18,0,1,39595345444864
4242,29040,18,0,2,39603935379456
4243,29040,18,0,3,39612525314048
4244,29040,18,0,4,39621115248640
4245,29040,18,0,5,39629705183232
4246,29040,18,0,6,39638295117824
4247,29040,18,0,7,39646885052416
4248,29040,19,0,0,41785778765824
4249,29040,19,0,1,41794368700416
4250,29040,19,0,2,41802958635008
4251,29040,19,0,3,41811548569600
4252,29040,19,0,4,41820138504192
4253,29040,19,0,5,41828728438784
4254,29040,19,0,6,41837318373376
4255,29040,19,0,7,41845908307968
4256,29040,20,0,0,43984802021376
4257,29040,20,0,1,43993391955968
4258,29040,20,0,2,44001981890560
4259,29040,20,0,3,44010571825152
4260,29040,20,0,4,44019161759744
4261,29040,20,0,5,44027751694336
4262,29040,20,0,6,44036341628928
4263,29040,20,0,7,44044931563520
4264,29040,21,0,0,46183825276928
4265,29040,21,0,1,46192415211520
4266,29040,21,0,2,46201005146112
4267,29040,21,0,3,46209595080704
4268,29040,21,0,4,46218185015296
4269,29040,21,0,5,46226774949888
4270,29040,21,0,6,46235364884480
4271,29040,21,0,7,46243954819072
4272,29040,22,0,0,48382848532480
4273,29040,22,0,1,48391438467072
4274,29040,22,0,2,48400028401664
4275,29040,22,0,3,48408618336256
4276,29040,22,0,4,48417208270848
4277,29040,22,0,5,48425798205440
4278,29040,22,0,6,48434388140032
4279,29040,22,0,7,48442978074624
4280,29040,23,0,0,50581871788032
4281,29040,23,0,1,50590461722624
4282,29040,23,0,2,50599051657216
4283,29040,23,0,3,50607641591808
4284,29040,23,0,4,50616231526400
4285,29040,23,0,5,50624821460992
4286,29040,23,0,6,50633411395584
4287,29040,23,0,7,50642001330176
4288,29040,24,0,0,52780895043584
4289,29040,24,0,1,52789484978176
4290,29040,24,0,2,52798074912768
4291,29040,24,0,3,52806664847360
4292,29040,24,0,4,52815254781952
4293,29040,24,0,5,52823844716544
4294,29040,24,0,6,52832434651136
4295,29040,24,0,7,52841024585728
4296,29040,25,0,0,54979918299136
4297,29040,25,0,1,54988508233728
4298,29040,25,0,2,54997098168320
4299,29040,25,0,3,55005688102912
4300,29040,25,0,4,55014278037504
4301,29040,25,0,5,55022867972096
4302,29040,25,0,6,55031457906688
4303,29040,25,0,7,55040047841280
4304,29040,26,0,0,57178941554688
4305,29040,26,0,1,57187531489280
4306,29040,26,0,2,57196121423872
4307,29040,26,0,3,57204711358464
4308,29040,26,0,4,57213301293056
4309,29040,26,0,5,57221891227648
4310,29040,26,0,6,57230481162240
4311,29040,26,0,7,57239071096832
4312,29040,27,0,0,59377964810240
4313,29040,27,0,1,59386554744832
4314,29040,27,0,2,59395144679424
4315,29040,27,0,3,59403734614016
4316,29040,27,0,4,59412324548608
4317,29040,27,0,5,59420914483200
4318,29040,27,0,6,59429504417792
4319,29040,27,0,7,59438094352384
4320,29040,28,0,0,61576988065792
4321,29040,28,0,1,61585578000384
4322,29040,28,0,2,61594167934976
4323,29040,28,0,3,61602757869568
4324,29040,28,0,4,61611347804160
4325,29040,28,0,5,61619937738752
4326,29040,28,0,6,61628527673344
4327,29040,28,0,7,61637117607936
4328,29040,29,0,0,63776011321344
4329,29040,29,0,1,63784601255936
4330,29040,29,0,2,63793191190528
4331,29040,29,0,3,63801781125120
4332,29040,29,0,4,63810371059712
4333,29040,29,0,5,63818960994304
4334,29040,29,0,6,63827550928896
4335,29040,29,0,7,63836140863488
4336,29040,30,0,0,65975034576896
4337,29040,30,0,1,65983624511488
4338,29040,30,0,2,65992214446080
4339,29040,30,0,3,66000804380672
4340,29040,30,0,4,66009394315264
4341,29040,30,0,5,66017984249856
4342,29040,30,0,6,66026574184448
4343,29040,30,0,7,66035164119040
4344,29040,31,0,0,68174057832448
4345,29040,31,0,1,68182647767040
4346,29040,31,0,2,68191237701632
4347,29040,31,0,3,68199827636224
4348,29040,31,0,4,68208417570816
4349,29040,31,0,5,68217007505408
4350,29040,31,0,6,68225597440000
4351,29040,31,0,7,68234187374592
4352,29040,32,0,0,70373081088000
4353,29040,32,0,1,70381671022592
4354,29040,32,0,2,70390260957184
4355,29040,32,0,3,70398850891776
4356,29040,32,0,4,70407440826368
4357,29040,32,0,5,70416030760960
4358,29040,32,0,6,70424620695552
4359,29040,32,0,7,70433210630144
4360,29040,33,0,0,72572104343552
4361,29040,33,0,1,72580694278144
4362,29040,33,0,2,72589284212736
4363,29040,33,0,3,72597874147328
4364,29040,33,0,4,72606464081920
4365,29040,33,0,5,72615054016512
4366,29040,33,0,6,72623643951104
4367,29040,33,0,7,72632233885696
4368,29040,34,0,0,74771127599104
4369,29040,34,0,1,74779717533696
4370,29040,34,0,2,74788307468288
4371,29040,34,0,3,74796897402880
4372,29040,34,0,4,74805487337472
4373,29040,34,0,5,74814077272064
4374,29040,34,0,6,74822667206656
4375,29040,34,0,7,74831257141248
4376,29040,35,0,0,76970150854656
4377,29040,35,0,1,76978740789248
4378,29040,35,0,2,76987330723840
4379,29040,35,0,3,76995920658432
4380,29040,35,0,4,77004510593024
4381,29040,35,0,5,77013100527616
4382,29040,35,0,6,77021690462208
4383,29040,35,0,7,77030280396800
4384,29040,36,0,0,79169174110208
4385,29040,36,0,1,79177764044800
4386,29040,36,0,2,79186353979392
4387,29040,36,0,3,79194943913984
4388,29040,36,0,4,79203533848576
4389,29040,36,0,5,79212123783168
4390,29040,36,0,6,79220713717760
4391,29040,36,0,7,79229303652352
4392,29040,37,0,0,81368197365760
4393,29040,37,0,1,81376787300352
4394,29040,37,0,2,81385377234944
4395,29040,37,0,3,81393967169536
4396,29040,37,0,4,81402557104128
4397,29040,37,0,5,81411147038720
4398,29040,37,0,6,81419736973312
4399,29040,37,0,7,81428326907904
4400,29040,38,0,0,83567220621312
4401,29040,38,0,1,83575810555904
4402,29040,38,0,2,83584400490496
4403,29040,38,0,3,83592990425088
4404,29040,38,0,4,83601580359680
4405,29040,38,0,5,83610170294272
4406,29040,38,0,6,83618760228864
4407,29040,38,0,7,83627350163456
4408,29040,39,0,0,85766243876864
4409,29040,39,0,1,85774833811456
4410,29040,39,0,2,85783423746048
4411,29040,39,0,3,85792013680640
4412,29040,39,0,4,85800603615232
4413,29040,39,0,5,85809193549824
4414,29040,39,0,6,85817783484416
4415,29040,39,0,7,85826373419008
4416,29040,40,0,0,87965267132416
4417,29040,40,0,1,87973857067008
4418,29040,40,0,2,87982447001600
4419,29040,40,0,3,87991036936192
4420,29040,40,0,4,87999626870784
4421,29040,40,0,5,88008216805376
4422,29040,40,0,6,88016806739968
4423,29040,40,0,7,88025396674560
4424,29040,41,0,0,90164290387968
4425,29040,41,0,1,90172880322560
4426,29040,41,0,2,90181470257152
4427,29040,41,0,3,90190060191744
4428,29040,41,0,4,90198650126336
4429,29040,41,0,5,90207240060928
4430,29040,41,0,6,90215829995520
4431,29040,41,0,7,90224419930112
4432,29040,42,0,0,92363313643520
4433,29040,42,0,1,92371903578112
4434,29040,42,0,2,92380493512704
4435,29040,42,0,3,92389083447296
4436,29040,42,0,4,92397673381888
4437,29040,42,0,5,92406263316480
4438,29040,42,0,6,92414853251072
4439,29040,42,0,7,92423443185664
4440,29040,43,0,0,94562336899072
4441,29040,43,0,1,94570926833664
4442,29040,43,0,2,94579516768256
4443,29040,43,0,3,94588106702848
4444,29040,43,0,4,94596696637440
4445,29040,43,0,5,94605286572032
4446,29040,43,0,6,94613876506624
4447,29040,43,0,7,94622466441216
4448,29040,44,0,0,96761360154624
4449,29040,44,0,1,96769950089216
4450,29040,44,0,2,96778540023808
4451,29040,44,0,3,96787129958400
4452,29040,44,0,4,96795719892992
4453,29040,44,0,5,96804309827584
4454,29040,44,0,6,96812899762176
4455,29040,44,0,7,96821489696768
4456,29040,45,0,0,98960383410176
4457,29040,45,0,1,98968973344768
4458,29040,45,0,2,98977563279360
4459,29040,45,0,3,98986153213952
4460,29040,45,0,4,98994743148544
4461,29040,45,0,5,99003333083136
4462,29040,45,0,6,99011923017728
4463,29040,45,0,7,99020512952320
4464,29040,46,0,0,101159406665728
4465,29040,46,0,1,101167996600320
4466,29040,46,0,2,101176586534912
4467,29040,46,0,3,101185176469504
4468,29040,46,0,4,101193766404096
4469,29040,46,0,5,101202356338688
4470,29040,46,0,6,101210946273280
4471,29040,46,0,7,101219536207872
4472,29040,47,0,0,103358429921280
4473,29040,47,0,1,103367019855872
4474,29040,47,0,2,103375609790464
4475,29040,47,0,3,103384199725056
4476,29040,47,0,4,103392789659648
4477,29040,47,0,5,103401379594240
4478,29040,47,0,6,103409969528832
4479,29040,47,0,7,103418559463424
4480,29040,48,0,0,105557453176832
4481,29040,48,0,1,105566043111424
4482,29040,48,0,2,105574633046016
4483,29040,48,0,3,105583222980608
4484,29040,48,0,4,105591812915200
4485,29040,48,0,5,105600402849792
4486,29040,48,0,6,105608992784384
4487,29040,48,0,7,105617582718976
4488,29040,49,0,0,107756476432384
4489,29040,49,0,1,107765066366976
4490,29040,49,0,2,107773656301568
4491,29040,49,0,3,107782246236160
4492,29040,49,0,4,107790836170752
4493,29040,49,0,5,107799426105344
4494,29040,49,0,6,107808016039936
4495,29040,49,0,7,107816605974528
4496,29040,50,0,0,109955499687936
4497,29040,50,0,1,109964089622528
4498,29040,50,0,2,109972679557120
4499,29040,50,0,3,109981269491712
4500,29040,50,0,4,109989859426304
4501,29040,50,0,5,109998449360896
4502,29040,50,0,6,110007039295488
4503,29040,50,0,7,110015629230080
4504,29040,51,0,0,112154522943488
4505,29040,51,0,1,112163112878080
4506,29040,51,0,2,112171702812672
4507,29040,51,0,3,112180292747264
4508,29040,51,0,4,112188882681856
4509,29040,51,0,5,112197472616448
4510,29040,51,0,6,112206062551040
4511,29040,51,0,7,112214652485632
4512,29040,52,0,0,114353546199040
4513,29040,52,0,1,114362136133632
4514,29040,52,0,2,114370726068224
4515,29040,52,0,3,114379316002816
4516,29040,52,0,4,114387905937408
4517,29040,52,0,5,114396495872000
4518,29040,52,0,6,114405085806592
4519,29040,52,0,7,114413675741184
4520,29040,53,0,0,116552569454592
4521,29040,53,0,1,116561159389184
4522,29040,53,0,2,116569749323776
4523,29040,53,0,3,116578339258368
4524,29040,53,0,4,116586929192960
4525,29040,53,0,5,116595519127552
4526,29040,53,0,6,116604109062144
4527,29040,53,0,7,116612698996736
4528,29040,54,0,0,118751592710144
4529,29040,54,0,1,118760182644736
4530,29040,54,0,2,118768772579328
4531,29040,54,0,3,118777362513920
4532,29040,54,0,4,118785952448512
4533,29040,54,0,5,118794542383104
4534,29040,54,0,6,118803132317696
4535,29040,54,0,7,118811722252288
4536,29040,55,0,0,120950615965696
4537,29040,55,0,1,120959205900288
4538,29040,55,0,2,120967795834880
4539,29040,55,0,3,120976385769472
4540,29040,55,0,4,120984975704064
4541,29040,55,0,5,120993565638656
4542,29040,55,0,6,121002155573248
4543,29040,55,0,7,121010745507840
4544,29040,56,0,0,123149639221248
4545,29040,56,0,1,123158229155840
4546,29040,56,0,2,123166819090432
4547,29040,56,0,3,123175409025024
4548,29040,56,0,4,123183998959616
4549,29040,56,0,5,123192588894208
4550,29040,56,0,6,123201178828800
4551,29040,56,0,7,123209768763392
4552,29040,57,0,0,125348662476800
4553,29040,57,0,1,125357252411392
4554,29040,57,0,2,125365842345984
4555,29040,57,0,3,125374432280576
4556,29040,57,0,4,125383022215168
4557,29040,57,0,5,125391612149760
4558,29040,57,0,6,125400202084352
4559,29040,57,0,7,125408792018944
4560,29040,58,0,0,127547685732352
4561,29040,58,0,1,127556275666944
4562,29040,58,0,2,127564865601536
4563,29040,58,0,3,127573455536128
4564,29040,58,0,4,127582045470720
4565,29040,58,0,5,127590635405312
4566,29040,58,0,6,127599225339904
4567,29040,58,0,7,127607815274496
4568,29040,59,0,0,129746708987904
4569,29040,59,0,1,129755298922496
4570,29040,59,0,2,129763888857088
4571,29040,59,0,3,129772478791680
4572,29040,59,0,4,129781068726272
4573,29040,59,0,5,129789658660864
4574,29040,59,0,6,129798248595456
4575,29040,59,0,7,129806838530048
4576,29040,60,0,0,131945732243456
4577,29040,60,0,1,131954322178048
4578,29040,60,0,2,131962912112640
4579,29040,60,0,3,131971502047232
4580,29040,60,0,4,131980091981824
4581,29040,60,0,5,131988681916416
4582,29040,60,0,6,131997271851008
4583,29040,60,0,7,132005861785600
4584,29040,61,0,0,134144755499008
4585,29040,61,0,1,134153345433600
4586,29040,61,0,2,134161935368192
4587,29040,61,0,3,134170525302784
4588,29040,61,0,4,134179115237376
4589,29040,61,0,5,134187705171968
4590,29040,61,0,6,134196295106560
4591,29040,61,0,7,134204885041152
4592,29040,62,0,0,136343778754560
4593,29040,62,0,1,136352368689152
4594,29040,62,0,2,136360958623744
4595,29040,62,0,3,136369548558336
4596,29040,62,0,4,136378138492928
4597,29040,62,0,5,136386728427520
4598,29040,62,0,6,136395318362112
4599,29040,62,0,7,136403908296704
4600,29040,63,0,0,138542802010112
4601,29040,63,0,1,138551391944704
4602,29040,63,0,2,138559981879296
4603,29040,63,0,3,138568571813888
4604,29040,63,0,4,138577161748480
4605,29040,63,0,5,138585751683072
4606,29040,63,0,6,138594341617664
4607,29040,63,0,7,138602931552256
4608,29043,0,0,0,4336910337
4609,29043,0,0,1,12926844929
4610,29043,0,0,2,21516779521
4611,29043,0,0,3,30106714113
4612,29043,0,0,4,38696648705
4613,29043,0,0,5,47286583297
4614,29043,0,0,6,55876517889
4615,29043,0,0,7,64466452481
4616,29043,1,0,0,2203360165889
4617,29043,1,0,1,2211950100481
4618,29043,1,0,2,2220540035073
4619,29043,1,0,3,2229129969665
4620,29043,1,0,4,2237719904257
4621,29043,1,0,5,2246309838849
4622,29043,1,0,6,2254899773441
4623,29043,1,0,7,2263489708033
4624,29043,2,0,0,4402383421441
4625,29043,2,0,1,4410973356033
4626,29043,2,0,2,4419563290625
4627,29043,2,0,3,4428153225217
4628,29043,2,0,4,4436743159809
4629,29043,2,0,5,4445333094401
4630,29043,2,0,6,4453923028993
4631,29043,2,0,7,4462512963585
4632,29043,3,0,0,6601406676993
4633,29043,3,0,1,6609996611585
4634,29043,3,0,2,6618586546177
4635,29043,3,0,3,6627176480769
4636,29043,3,0,4,6635766415361
4637,29043,3,0,5,6644356349953
4638,29043,3,0,6,6652946284545
4639,29043,3,0,7,6661536219137
4640,29043,4,0,0,8800429932545
4641,29043,4,0,1,8809019867137
4642,29043,4,0,2,8817609801729
4643,29043,4,0,3,8826199736321
4644,29043,4,0,4,8834789670913
4645,29043,4,0,5,8843379605505
4646,29043,4,0,6,8851969540097
4647,29043,4,0,7,8860559474689
4648,29043,5,0,0,10999453188097
4649,29043,5,0,1,11008043122689
4650,29043,5,0,2,11016633057281
4651,29043,5,0,3,11025222991873
4652,29043,5,0,4,11033812926465
4653,29043,5,0,5,11042402861057
4654,29043,5,0,6,11050992795649
4655,29043,5,0,7,11059582730241
4656,29043,6,0,0,13198476443649
4657,29043,6,0,1,13207066378241
4658,29043,6,0,2,13215656312833
4659,29043,6,0,3,13224246247425
4660,29043,6,0,4,13232836182017
4661,29043,6,0,5,13241426116609
4662,29043,6,0,6,13250016051201
4663,29043,6,0,7,13258605985793
4664,29043,7,0,0,15397499699201
4665,29043,7,0,1,15406089633793
4666,29043,7,0,2,15414679568385
4667,29043,7,0,3,15423269502977
4668,29043,7,0,4,15431859437569
4669,29043,7,0,5,15440449372161
4670,29043,7,0,6,15449039306753
4671,29043,7,0,7,15457629241345
4672,29043,8,0,0,17596522954753
4673,29043,8,0,1,17605112889345
4674,29043,8,0,2,17613702823937
4675,29043,8,0,3,17622292758529
4676,29043,8,0,4,17630882693121
4677,29043,8,0,5,17639472627713
4678,29043,8,0,6,17648062562305
4679,29043,8,0,7,17656652496897
4680,29043,9,0,0,19795546210305
4681,29043,9,0,1,19804136144897
4682,29043,9,0,2,19812726079489
4683,29043,9,0,3,19821316014081
4684,29043,9,0,4,19829905948673
4685,29043,9,0,5,19838495883265
4686,29043,9,0,6,19847085817857
4687,29043,9,0,7,19855675752449
4688,29043,10,0,0,21994569465857
4689,29043,10,0,1,22003159400449
4690,29043,10,0,2,22011749335041
4691,29043,10,0,3,22020339269633
4692,29043,10,0,4,22028929204225
4693,29043,10,0,5,22037519138817
4694,29043,10,0,6,22046109073409
4695,29043,10,0,7,22054699008001
4696,29043,11,0,0,24193592721409
4697,29043,11,0,1,24202182656001
4698,29043,11,0,2,24210772590593
4699,29043,11,0,3,24219362525185
4700,29043,11,0,4,24227952459777
4701,29043,11,0,5,24236542394369
4702,29043,11,0,6,24245132328961
4703,29043,11,0,7,24253722263553
4704,29043,12,0,0,26392615976961
4705,29043,12,0,1,26401205911553
4706,29043,12,0,2,26409795846145
4707,29043,12,0,3,26418385780737
4708,29043,12,0,4,26426975715329
4709,29043,12,0,5,26435565649921
4710,29043,12,0,6,26444155584513
4711,29043,12,0,7,26452745519105
4712,29043,13,0,0,28591639232513
4713,29043,13,0,1,28600229167105
4714,29043,13,0,2,28608819101697
4715,29043,13,0,3,28617409036289
4716,29043,13,0,4,28625998970881
4717,29043,13,0,5,28634588905473
4718,29043,13,0,6,28643178840065
4719,29043,13,0,7,28651768774657
4720,29043,14,0,0,30790662488065
4721,29043,14,0,1,30799252422657
4722,29043,14,0,2,30807842357249
4723,29043,14,0,3,30816432291841
4724,29043,14,0,4,30825022226433
4725,29043,14,0,5,30833612161025
4726,29043,14,0,6,30842202095617
4727,29043,14,0,7,30850792030209
4728,29043,15,0,0,32989685743617
4729,29043,15,0,1,32998275678209
4730,29043,15,0,2,33006865612801
4731,29043,15,0,3,33015455547393
4732,29043,15,0,4,33024045481985
4733,29043,15,0,5,33032635416577
4734,29043,15,0,6,33041225351169
4735,29043,15,0,7,33049815285761
4736,29043,16,0,0,35188708999169
4737,29043,16,0,1,35197298933761
4738,29043,16,0,2,35205888868353
4739,29043,16,0,3,35214478802945
4740,29043,16,0,4,35223068737537
4741,29043,16,0,5,35231658672129
4742,29043,16,0,6,35240248606721
4743,29043,16,0,7,35248838541313
4744,29043,17,0,0,37387732254721
4745,29043,17,0,1,37396322189313
4746,29043,17,0,2,37404912123905
4747,29043,17,0,3,37413502058497
4748,29043,17,0,4,37422091993089
4749,29043,17,0,5,37430681927681
4750,29043,17,0,6,37439271862273
4751,29043,17,0,7,37447861796865
4752,29043,18,0,0,39586755510273
4753,29043,18,0,1,39595345444865
4754,29043,18,0,2,39603935379457
4755,29043,18,0,3,39612525314049
4756,29043,18,0,4,39621115248641
4757,29043,18,0,5,39629705183233
4758,29043,18,0,6,39638295117825
4759,29043,18,0,7,39646885052417
4760,29043,19,0,0,41785778765825
4761,29043,19,0,1,41794368700417
4762,29043,19,0,2,41802958635009
4763,29043,19,0,3,41811548569601
4764,29043,19,0,4,41820138504193
4765,29043,19,0,5,41828728438785
4766,29043,19,0,6,41837318373377
4767,29043,19,0,7,41845908307969
4768,29043,20,0,0,43984802021377
4769,29043,20,0,1,43993391955969
4770,29043,20,0,2,44001981890561
4771,29043,20,0,3,44010571825153
4772,29043,20,0,4,44019161759745
4773,29043,20,0,5,44027751694337
4774,29043,20,0,6,44036341628929
4775,29043,20,0,7,44044931563521
4776,29043,21,0,0,46183825276929
4777,29043,21,0,1,46192415211521
4778,29043,21,0,2,46201005146113
4779,29043,21,0,3,46209595080705
4780,29043,21,0,4,46218185015297
4781,29043,21,0,5,46226774949889
4782,29043,21,0,6,46235364884481
4783,29043,21,0,7,46243954819073
4784,29043,22,0,0,48382848532481
4785,29043,22,0,1,48391438467073
4786,29043,22,0,2,48400028401665
4787,29043,22,0,3,48408618336257
4788,29043,22,0,4,48417208270849
4789,29043,22,0,5,48425798205441
4790,29043,22,0,6,48434388140033
4791,29043,22,0,7,48442978074625
4792,29043,23,0,0,50581871788033
4793,29043,23,0,1,50590461722625
4794,29043,23,0,2,50599051657217
4795,29043,23,0,3,50607641591809
4796,29043,23,0,4,50616231526401
4797,29043,23,0,5,50624821460993
4798,29043,23,0,6,50633411395585
4799,29043,23,0,7,50642001330177
4800,29043,24,0,0,52780895043585
4801,29043,24,0,1,52789484978177
4802,29043,24,0,2,52798074912769
4803,29043,24,0,3,52806664847361
4804,29043,24,0,4,52815254781953
4805,29043,24,0,5,52823844716545
4806,29043,24,0,6,52832434651137
4807,29043,24,0,7,52841024585729
4808,29043,25,0,0,54979918299137
4809,29043,25,0,1,54988508233729
4810,29043,25,0,2,54997098168321
4811,29043,25,0,3,55005688102913
4812,29043,25,0,4,55014278037505
4813,29043,25,0,5,55022867972097
4814,29043,25,0,6,55031457906689
4815,29043,25,0,7,55040047841281
4816,29043,26,0,0,57178941554689
4817,29043,26,0,1,57187531489281
4818,29043,26,0,2,57196121423873
4819,29043,26,0,3,57204711358465
4820,29043,26,0,4,57213301293057
4821,29043,26,0,5,57221891227649
4822,29043,26,0,6,57230481162241
4823,29043,26,0,7,57239071096833
4824,29043,27,0,0,59377964810241
4825,29043,27,0,1,59386554744833
4826,29043,27,0,2,59395144679425
4827,29043,27,0,3,59403734614017
4828,29043,27,0,4,59412324548609
4829,29043,27,0,5,59420914483201
4830,29043,27,0,6,59429504417793
4831,29043,27,0,7,59438094352385
4832,29043,28,0,0,61576988065793
4833,29043,28,0,1,61585578000385
4834,29043,28,0,2,61594167934977
4835,29043,28,0,3,61602757869569
4836,29043,28,0,4,61611347804161
4837,29043,28,0,5,61619937738753
4838,29043,28,0,6,61628527673345
4839,29043,28,0,7,61637117607937
4840,29043,29,0,0,63776011321345
4841,29043,29,0,1,63784601255937
4842,29043,29,0,2,63793191190529
4843,29043,29,0,3,63801781125121
4844,29043,29,0,4,63810371059713
4845,29043,29,0,5,63818960994305
4846,29043,29,0,6,63827550928897
4847,29043,29,0,7,63836140863489
4848,29043,30,0,0,65975034576897
4849,29043,30,0,1,65983624511489
4850,29043,30,0,2,65992214446081
4851,29043,30,0,3,66000804380673
4852,29043,30,0,4,66009394315265
4853,29043,30,0,5,66017984249857
4854,29043,30,0,6,66026574184449
4855,29043,30,0,7,66035164119041
4856,29043,31,0,0,68174057832449
4857,29043,31,0,1,68182647767041
4858,29043,31,0,2,68191237701633
4859,29043,31,0,3,68199827636225
4860,29043,31,0,4,68208417570817
4861,29043,31,0,5,68217007505409
4862,29043,31,0,6,68225597440001
4863,29043,31,0,7,68234187374593
4864,29043,32,0,0,70373081088001
4865,29043,32,0,1,70381671022593
4866,29043,32,0,2,70390260957185
4867,29043,32,0,3,70398850891777
4868,29043,32,0,4,70407440826369
4869,29043,32,0,5,70416030760961
4870,29043,32,0,6,70424620695553
4871,29043,32,0,7,70433210630145
4872,29043,33,0,0,72572104343553
4873,29043,33,0,1,72580694278145
4874,29043,33,0,2,72589284212737
4875,29043,33,0,3,72597874147329
4876,29043,33,0,4,72606464081921
4877,29043,33,0,5,72615054016513
4878,29043,33,0,6,72623643951105
4879,29043,33,0,7,72632233885697
4880,29043,34,0,0,74771127599105
4881,29043,34,0,1,74779717533697
4882,29043,34,0,2,74788307468289
4883,29043,34,0,3,74796897402881
4884,29043,34,0,4,74805487337473
4885,29043,34,0,5,74814077272065
4886,29043,34,0,6,74822667206657
4887,29043,34,0,7,74831257141249
4888,29043,35,0,0,76970150854657
4889,29043,35,0,1,76978740789249
4890,29043,35,0,2,76987330723841
4891,29043,35,0,3,76995920658433
4892,29043,35,0,4,77004510593025
4893,29043,35,0,5,77013100527617
4894,29043,35,0,6,77021690462209
4895,29043,35,0,7,77030280396801
4896,29043,36,0,0,79169174110209
4897,29043,36,0,1,79177764044801
4898,29043,36,0,2,79186353979393
4899,29043,36,0,3,79194943913985
4900,29043,36,0,4,79203533848577
4901,29043,36,0,5,79212123783169
4902,29043,36,0,6,79220713717761
4903,29043,36,0,7,79229303652353
4904,29043,37,0,0,81368197365761
4905,29043,37,0,1,81376787300353
4906,29043,37,0,2,81385377234945
4907,29043,37,0,3,81393967169537
4908,29043,37,0,4,81402557104129
4909,29043,37,0,5,81411147038721
4910,29043,37,0,6,81419736973313
4911,29043,37,0,7,81428326907905
4912,29043,38,0,0,83567220621313
4913,29043,38,0,1,83575810555905
4914,29043,38,0,2,83584400490497
4915,29043,38,0,3,83592990425089
4916,29043,38,0,4,83601580359681
4917,29043,38,0,5,83610170294273
4918,29043,38,0,6,83618760228865
4919,29043,38,0,7,83627350163457
4920,29043,39,0,0,85766243876865
4921,29043,39,0,1,85774833811457
4922,29043,39,0,2,85783423746049
4923,29043,39,0,3,85792013680641
4924,29043,39,0,4,85800603615233
4925,29043,39,0,5,85809193549825
4926,29043,39,0,6,85817783484417
4927,29043,39,0,7,85826373419009
4928,29043,40,0,0,87965267132417
4929,29043,40,0,1,87973857067009
4930,29043,40,0,2,87982447001601
4931,29043,40,0,3,87991036936193
4932,29043,40,0,4,87999626870785
4933,29043,40,0,5,88008216805377
4934,29043,40,0,6,88016806739969
4935,29043,40,0,7,88025396674561
4936,29043,41,0,0,90164290387969
4937,29043,41,0,1,90172880322561
4938,29043,41,0,2,90181470257153
4939,29043,41,0,3,90190060191745
4940,29043,41,0,4,90198650126337
4941,29043,41,0,5,90207240060929
4942,29043,41,0,6,90215829995521
4943,29043,41,0,7,90224419930113
4944,29043,42,0,0,92363313643521
4945,29043,42,0,1,92371903578113
4946,29043,42,0,2,92380493512705
4947,29043,42,0,3,92389083447297
4948,29043,42,0,4,92397673381889
4949,29043,42,0,5,92406263316481
4950,29043,42,0,6,92414853251073
4951,29043,42,0,7,92423443185665
4952,29043,43,0,0,94562336899073
4953,29043,43,0,1,94570926833665
4954,29043,43,0,2,94579516768257
4955,29043,43,0,3,94588106702849
4956,29043,43,0,4,94596696637441
4957,29043,43,0,5,94605286572033
4958,29043,43,0,6,94613876506625
4959,29043,43,0,7,94622466441217
4960,29043,44,0,0,96761360154625
4961,29043,44,0,1,96769950089217
4962,29043,44,0,2,96778540023809
4963,29043,44,0,3,96787129958401
4964,29043,44,0,4,96795719892993
4965,29043,44,0,5,96804309827585
4966,29043,44,0,6,96812899762177
4967,29043,44,0,7,96821489696769
4968,29043,45,0,0,98960383410177
4969,29043,45,0,1,98968973344769
4970,29043,45,0,2,98977563279361
4971,29043,45,0,3,98986153213953
4972,29043,45,0,4,98994743148545
4973,29043,45,0,5,99003333083137
4974,29043,45,0,6,99011923017729
4975,29043,45,0,7,99020512952321
4976,29043,46,0,0,101159406665729
4977,29043,46,0,1,101167996600321
4978,29043,46,0,2,101176586534913
4979,29043,46,0,3,101185176469505
4980,29043,46,0,4,101193766404097
4981,29043,46,0,5,101202356338689
4982,29043,46,0,6,101210946273281
4983,29043,46,0,7,101219536207873
4984,29043,47,0,0,103358429921281
4985,29043,47,0,1,103367019855873
4986,29043,47,0,2,103375609790465
4987,29043,47,0,3,103384199725057
4988,29043,47,0,4,103392789659649
4989,29043,47,0,5,103401379594241
4990,29043,47,0,6,103409969528833
4991,29043,47,0,7,103418559463425
4992,29043,48,0,0,105557453176833
4993,29043,48,0,1,105566043111425
4994,29043,48,0,2,105574633046017
4995,29043,48,0,3,105583222980609
4996,29043,48,0,4,105591812915201
4997,29043,48,0,5,105600402849793
4998,29043,48,0,6,105608992784385
4999,29043,48,0,7,105617582718977
5000,29043,49,0,0,107756476432385
5001,29043,49,0,1,107765066366977
5002,29043,49,0,2,107773656301569
5003,29043,49,0,3,107782246236161
5004,29043,49,0,4,107790836170753
5005,29043,49,0,5,107799426105345
5006,29043,49,0,6,107808016039937
5007,29043,49,0,7,107816605974529
5008,29043,50,0,0,109955499687937
5009,29043,50,0,1,109964089622529
5010,29043,50,0,2,109972679557121
5011,29043,50,0,3,109981269491713
5012,29043,50,0,4,109989859426305
5013,29043,50,0,5,109998449360897
5014,29043,50,0,6,110007039295489
5015,29043,50,0,7,110015629230081
5016,29043,51,0,0,112154522943489
5017,29043,51,0,1,112163112878081
5018,29043,51,0,2,112171702812673
5019,29043,51,0,3,112180292747265
5020,29043,51,0,4,112188882681857
5021,29043,51,0,5,112197472616449
5022,29043,51,0,6,112206062551041
5023,29043,51,0,7,112214652485633
5024,29043,52,0,0,114353546199041
5025,29043,52,0,1,114362136133633
5026,29043,52,0,2,114370726068225
5027,29043,52,0,3,114379316002817
5028,29043,52,0,4,114387905937409
5029,29043,52,0,5,114396495872001
5030,29043,52,0,6,114405085806593
5031,29043,52,0,7,114413675741185
5032,29043,53,0,0,116552569454593
5033,29043,53,0,1,116561159389185
5034,29043,53,0,2,116569749323777
5035,29043,53,0,3,116578339258369
5036,29043,53,0,4,116586929192961
5037,29043,53,0,5,116595519127553
5038,29043,53,0,6,116604109062145
5039,29043,53,0,7,116612698996737
5040,29043,54,0,0,118751592710145
5041,29043,54,0,1,118760182644737
5042,29043,54,0,2,118768772579329
5043,29043,54,0,3,118777362513921
5044,29043,54,0,4,118785952448513
5045,29043,54,0,5,118794542383105
5046,29043,54,0,6,118803132317697
5047,29043,54,0,7,118811722252289
5048,29043,55,0,0,120950615965697
5049,29043,55,0,1,120959205900289
5050,29043,55,0,2,120967795834881
5051,29043,55,0,3,120976385769473
5052,29043,55,0,4,120984975704065
5053,29043,55,0,5,120993565638657
5054,29043,55,0,6,121002155573249
5055,29043,55,0,7,121010745507841
5056,29043,56,0,0,123149639221249
5057,29043,56,0,1,123158229155841
5058,29043,56,0,2,123166819090433
5059,29043,56,0,3,123175409025025
5060,29043,56,0,4,123183998959617
5061,29043,56,0,5,123192588894209
5062,29043,56,0,6,123201178828801
5063,29043,56,0,7,123209768763393
5064,29043,57,0,0,125348662476801
5065,29043,57,0,1,125357252411393
5066,29043,57,0,2,125365842345985
5067,29043,57,0,3,125374432280577
5068,29043,57,0,4,125383022215169
5069,29043,57,0,5,125391612149761
5070,29043,57,0,6,125400202084353
5071,29043,57,0,7,125408792018945
5072,29043,58,0,0,127547685732353
5073,29043,58,0,1,127556275666945
5074,29043,58,0,2,127564865601537
5075,29043,58,0,3,127573455536129
5076,29043,58,0,4,127582045470721
5077,29043,58,0,5,127590635405313
5078,29043,58,0,6,127599225339905
5079,29043,58,0,7,127607815274497
5080,29043,59,0,0,129746708987905
5081,29043,59,0,1,129755298922497
5082,29043,59,0,2,129763888857089
5083,29043,59,0,3,129772478791681
5084,29043,59,0,4,129781068726273
5085,29043,59,0,5,129789658660865
5086,29043,59,0,6,129798248595457
5087,29043,59,0,7,129806838530049
5088,29043,60,0,0,131945732243457
5089,29043,60,0,1,131954322178049
5090,29043,60,0,2,131962912112641
5091,29043,60,0,3,131971502047233
5092,29043,60,0,4,131980091981825
5093,29043,60,0,5,131988681916417
5094,29043,60,0,6,131997271851009
5095,29043,60,0,7,132005861785601
5096,29043,61,0,0,134144755499009
5097,29043,61,0,1,134153345433601
5098,29043,61,0,2,134161935368193
5099,29043,61,0,3,134170525302785
5100,29043,61,0,4,134179115237377
5101,29043,61,0,5,134187705171969
5102,29043,61,0,6,134196295106561
5103,29043,61,0,7,134204885041153
5104,29043,62,0,0,136343778754561
5105,29043,62,0,1,136352368689153
5106,29043,62,0,2,136360958623745
5107,29043,62,0,3,136369548558337
5108,29043,62,0,4,136378138492929
5109,29043,62,0,5,136386728427521
5110,29043,62,0,6,136395318362113
5111,29043,62,0,7,136403908296705
5112,29043,63,0,0,138542802010113
5113,29043,63,0,1,138551391944705
5114,29043,63,0,2,138559981879297
5115,29043,63,0,3,138568571813889
5116,29043,63,0,4,138577161748481
5117,29043,63,0,5,138585751683073
5118,29043,63,0,6,138594341617665
5119,29043,63,0,7,138602931552257
5120,29045,0,0,0,4336910338
5121,29045,0,0,1,12926844930
5122,29045,0,0,2,21516779522
5123,29045,0,0,3,30106714114
5124,29045,0,0,4,38696648706
5125,29045,0,0,5,47286583298
5126,29045,0,0,6,55876517890
5127,29045,0,0,7,64466452482
5128,29045,1,0,0,2203360165890
5129,29045,1,0,1,2211950100482
5130,29045,1,0,2,2220540035074
5131,29045,1,0,3,2229129969666
5132,29045,1,0,4,2237719904258
5133,29045,1,0,5,2246309838850
5134,29045,1,0,6,2254899773442
5135,29045,1,0,7,2263489708034
5136,29045,2,0,0,4402383421442
5137,29045,2,0,1,4410973356034
5138,29045,2,0,2,4419563290626
5139,29045,2,0,3,4428153225218
5140,29045,2,0,4,4436743159810
5141,29045,2,0,5,4445333094402
5142,29045,2,0,6,4453923028994
5143,29045,2,0,7,4462512963586
5144,29045,3,0,0,6601406676994
5145,29045,3,0,1,6609996611586
5146,29045,3,0,2,6618586546178
5147,29045,3,0,3,6627176480770
5148,29045,3,0,4,6635766415362
5149,29045,3,0,5,6644356349954
5150,29045,3,0,6,6652946284546
5151,29045,3,0,7,6661536219138
5152,29045,4,0,0,8800429932546
5153,29045,4,0,1,8809019867138
5154,29045,4,0,2,8817609801730
5155,29045,4,0,3,8826199736322
5156,29045,4,0,4,8834789670914
5157,29045,4,0,5,8843379605506
5158,29045,4,0,6,8851969540098
5159,29045,4,0,7,8860559474690
5160,29045,5,0,0,10999453188098
5161,29045,5,0,1,11008043122690
5162,29045,5,0,2,11016633057282
5163,29045,5,0,3,11025222991874
5164,29045,5,0,4,11033812926466
5165,29045,5,0,5,11042402861058
5166,29045,5,0,6,11050992795650
5167,29045,5,0,7,11059582730242
5168,29045,6,0,0,13198476443650
5169,29045,6,0,1,13207066378242
5170,29045,6,0,2,13215656312834
5171,29045,6,0,3,13224246247426
5172,29045,6,0,4,13232836182018
5173,29045,6,0,5,13241426116610
5174,29045,6,0,6,13250016051202
5175,29045,6,0,7,13258605985794
5176,29045,7,0,0,15397499699202
5177,29045,7,0,1,15406089633794
5178,29045,7,0,2,15414679568386
5179,29045,7,0,3,15423269502978
5180,29045,7,0,4,15431859437570
5181,29045,7,0,5,15440449372162
5182,29045,7,0,6,15449039306754
5183,29045,7,0,7,15457629241346
5184,29045,8,0,0,17596522954754
5185,29045,8,0,1,17605112889346
5186,29045,8,0,2,17613702823938
5187,29045,8,0,3,17622292758530
5188,29045,8,0,4,17630882693122
5189,29045,8,0,5,17639472627714
5190,29045,8,0,6,17648062562306
5191,29045,8,0,7,17656652496898
5192,29045,9,0,0,19795546210306
5193,29045,9,0,1,19804136144898
5194,29045,9,0,2,19812726079490
5195,29045,9,0,3,19821316014082
5196,29045,9,0,4,19829905948674
5197,29045,9,0,5,19838495883266
5198,29045,9,0,6,19847085817858
5199,29045,9,0,7,19855675752450
5200,29045,10,0,0,21994569465858
5201,29045,10,0,1,22003159400450
5202,29045,10,0,2,22011749335042
5203,29045,10,0,3,22020339269634
5204,29045,10,0,4,22028929204226
5205,29045,10,0,5,22037519138818
5206,29045,10,0,6,22046109073410
5207,29045,10,0,7,22054699008002
5208,29045,11,0,0,24193592721410
5209,29045,11,0,1,24202182656002
5210,29045,11,0,2,24210772590594
5211,29045,11,0,3,24219362525186
5212,29045,11,0,4,24227952459778
5213,29045,11,0,5,24236542394370
5214,29045,11,0,6,24245132328962
5215,29045,11,0,7,24253722263554
5216,29045,12,0,0,26392615976962
5217,29045,12,0,1,26401205911554
5218,29045,12,0,2,26409795846146
5219,29045,12,0,3,26418385780738
5220,29045,12,0,4,26426975715330
5221,29045,12,0,5,26435565649922
5222,29045,12,0,6,26444155584514
5223,29045,12,0,7,26452745519106
5224,29045,13,0,0,28591639232514
5225,29045,13,0,1,28600229167106
5226,29045,13,0,2,28608819101698
5227,29045,13,0,3,28617409036290
5228,29045,13,0,4,28625998970882
5229,29045,13,0,5,28634588905474
5230,29045,13,0,6,28643178840066
5231,29045,13,0,7,28651768774658
5232,29045,14,0,0,30790662488066
5233,29045,14,0,1,30799252422658
5234,29045,14,0,2,30807842357250
5235,29045,14,0,3,30816432291842
5236,29045,14,0,4,30825022226434
5237,29045,14,0,5,30833612161026
5238,29045,14,0,6,30842202095618
5239,29045,14,0,7,30850792030210
5240,29045,15,0,0,32989685743618
5241,29045,15,0,1,32998275678210
5242,29045,15,0,2,33006865612802
5243,29045,15,0,3,33015455547394
5244,29045,15,0,4,33024045481986
5245,29045,15,0,5,33032635416578
5246,29045,15,0,6,33041225351170
5247,29045,15,0,7,33049815285762
5248,29045,16,0,0,35188708999170
5249,29045,16,0,1,35197298933762
5250,29045,16,0,2,35205888868354
5251,29045,16,0,3,35214478802946
5252,29045,16,0,4,35223068737538
5253,29045,16,0,5,35231658672130
5254,29045,16,0,6,35240248606722
5255,29045,16,0,7,35248838541314
5256,29045,17,0,0,37387732254722
5257,29045,17,0,1,37396322189314
5258,29045,17,0,2,37404912123906
5259,29045,17,0,3,37413502058498
5260,29045,17,0,4,37422091993090
5261,29045,17,0,5,37430681927682
5262,29045,17,0,6,37439271862274
5263,29045,17,0,7,37447861796866
5264,29045,18,0,0,39586755510274
5265,29045,18,0,1,39595345444866
5266,29045,18,0,2,39603935379458
5267,29045,18,0,3,39612525314050
5268,29045,18,0,4,39621115248642
5269,29045,18,0,5,39629705183234
5270,29045,18,0,6,39638295117826
5271,29045,18,0,7,39646885052418
5272,29045,19,0,0,41785778765826
5273,29045,19,0,1,41794368700418
5274,29045,19,0,2,41802958635010
5275,29045,19,0,3,41811548569602
5276,29045,19,0,4,41820138504194
5277,29045,19,0,5,41828728438786
5278,29045,19,0,6,41837318373378
5279,29045,19,0,7,41845908307970
5280,29045,20,0,0,43984802021378
5281,29045,20,0,1,43993391955970
5282,29045,20,0,2,44001981890562
5283,29045,20,0,3,44010571825154
5284,29045,20,0,4,44019161759746
5285,29045,20,0,5,44027751694338
5286,29045,20,0,6,44036341628930
5287,29045,20,0,7,44044931563522
5288,29045,21,0,0,46183825276930
5289,29045,21,0,1,46192415211522
5290,29045,21,0,2,46201005146114
5291,29045,21,0,3,46209595080706
5292,29045,21,0,4,46218185015298
5293,29045,21,0,5,46226774949890
5294,29045,21,0,6,46235364884482
5295,29045,21,0,7,46243954819074
5296,29045,22,0,0,48382848532482
5297,29045,22,0,1,48391438467074
5298,29045,22,0,2,48400028401666
5299,29045,22,0,3,48408618336258
5300,29045,22,0,4,48417208270850
5301,29045,22,0,5,48425798205442
5302,29045,22,0,6,48434388140034
5303,29045,22,0,7,48442978074626
5304,29045,23,0,0,50581871788034
5305,29045,23,0,1,50590461722626
5306,29045,23,0,2,50599051657218
5307,29045,23,0,3,50607641591810
5308,29045,23,0,4,50616231526402
5309,29045,23,0,5,50624821460994
5310,29045,23,0,6,50633411395586
5311,29045,23,0,7,50642001330178
5312,29045,24,0,0,52780895043586
5313,29045,24,0,1,52789484978178
5314,29045,24,0,2,52798074912770
5315,29045,24,0,3,52806664847362
5316,29045,24,0,4,52815254781954
5317,29045,24,0,5,52823844716546
5318,29045,24,0,6,52832434651138
5319,29045,24,0,7,52841024585730
5320,29045,25,0,0,54979918299138
5321,29045,25,0,1,54988508233730
5322,29045,25,0,2,54997098168322
5323,29045,25,0,3,55005688102914
5324,29045,25,0,4,55014278037506
5325,29045,25,0,5,55022867972098
5326,29045,25,0,6,55031457906690
5327,29045,25,0,7,55040047841282
5328,29045,26,0,0,57178941554690
5329,29045,26,0,1,57187531489282
5330,29045,26,0,2,57196121423874
5331,29045,26,0,3,57204711358466
5332,29045,26,0,4,57213301293058
5333,29045,26,0,5,57221891227650
5334,29045,26,0,6,57230481162242
5335,29045,26,0,7,57239071096834
5336,29045,27,0,0,59377964810242
5337,29045,27,0,1,59386554744834
5338,29045,27,0,2,59395144679426
5339,29045,27,0,3,59403734614018
5340,29045,27,0,4,59412324548610
5341,29045,27,0,5,59420914483202
5342,29045,27,0,6,59429504417794
5343,29045,27,0,7,59438094352386
5344,29045,28,0,0,61576988065794
5345,29045,28,0,1,61585578000386
5346,29045,28,0,2,61594167934978
5347,29045,28,0,3,61602757869570
5348,29045,28,0,4,61611347804162
5349,29045,28,0,5,61619937738754
5350,29045,28,0,6,61628527673346
5351,29045,28,0,7,61637117607938
5352,29045,29,0,0,63776011321346
5353,29045,29,0,1,63784601255938
5354,29045,29,0,2,63793191190530
5355,29045,29,0,3,63801781125122
5356,29045,29,0,4,63810371059714
5357,29045,29,0,5,63818960994306
5358,29045,29,0,6,63827550928898
5359,29045,29,0,7,63836140863490
5360,29045,30,0,0,65975034576898
5361,29045,30,0,1,65983624511490
5362,29045,30,0,2,65992214446082
5363,29045,30,0,3,66000804380674
5364,29045,30,0,4,66009394315266
5365,29045,30,0,5,66017984249858
5366,29045,30,0,6,66026574184450
5367,29045,30,0,7,66035164119042
5368,29045,31,0,0,68174057832450
5369,29045,31,0,1,68182647767042
5370,29045,31,0,2,68191237701634
5371,29045,31,0,3,68199827636226
5372,29045,31,0,4,68208417570818
5373,29045,31,0,5,68217007505410
5374,29045,31,0,6,68225597440002
5375,29045,31,0,7,68234187374594
5376,29045,32,0,0,70373081088002
5377,29045,32,0,1,70381671022594
5378,29045,32,0,2,70390260957186
5379,29045,32,0,3,70398850891778
5380,29045,32,0,4,70407440826370
5381,29045,32,0,5,70416030760962
5382,29045,32,0,6,70424620695554
5383,29045,32,0,7,70433210630146
5384,29045,33,0,0,72572104343554
5385,29045,33,0,1,72580694278146
5386,29045,33,0,2,72589284212738
5387,29045,33,0,3,72597874147330
5388,29045,33,0,4,72606464081922
5389,29045,33,0,5,72615054016514
5390,29045,33,0,6,72623643951106
5391,29045,33,0,7,72632233885698
5392,29045,34,0,0,74771127599106
5393,29045,34,0,1,74779717533698
5394,29045,34,0,2,74788307468290
5395,29045,34,0,3,74796897402882
5396,29045,34,0,4,74805487337474
5397,29045,34,0,5,74814077272066
5398,29045,34,0,6,74822667206658
5399,29045,34,0,7,74831257141250
5400,29045,35,0,0,76970150854658
5401,29045,35,0,1,76978740789250
5402,29045,35,0,2,76987330723842
5403,29045,35,0,3,76995920658434
5404,29045,35,0,4,77004510593026
5405,29045,35,0,5,77013100527618
5406,29045,35,0,6,77021690462210
5407,29045,35,0,7,77030280396802
5408,29045,36,0,0,79169174110210
5409,29045,36,0,1,79177764044802
5410,29045,36,0,2,79186353979394
5411,29045,36,0,3,79194943913986
5412,29045,36,0,4,79203533848578
5413,29045,36,0,5,79212123783170
5414,29045,36,0,6,79220713717762
5415,29045,36,0,7,79229303652354
5416,29045,37,0,0,81368197365762
5417,29045,37,0,1,81376787300354
5418,29045,37,0,2,81385377234946
5419,29045,37,0,3,81393967169538
5420,29045,37,0,4,81402557104130
5421,29045,37,0,5,81411147038722
5422,29045,37,0,6,81419736973314
5423,29045,37,0,7,81428326907906
5424,29045,38,0,0,83567220621314
5425,29045,38,0,1,83575810555906
5426,29045,38,0,2,83584400490498
5427,29045,38,0,3,83592990425090
5428,29045,38,0,4,83601580359682
5429,29045,38,0,5,83610170294274
5430,29045,38,0,6,83618760228866
5431,29045,38,0,7,83627350163458
5432,29045,39,0,0,85766243876866
5433,29045,39,0,1,85774833811458
5434,29045,39,0,2,85783423746050
5435,29045,39,0,3,85792013680642
5436,29045,39,0,4,85800603615234
5437,29045,39,0,5,85809193549826
5438,29045,39,0,6,85817783484418
5439,29045,39,0,7,85826373419010
5440,29045,40,0,0,87965267132418
5441,29045,40,0,1,87973857067010
5442,29045,40,0,2,87982447001602
5443,29045,40,0,3,87991036936194
5444,29045,40,0,4,87999626870786
5445,29045,40,0,5,88008216805378
5446,29045,40,0,6,88016806739970
5447,29045,40,0,7,88025396674562
5448,29045,41,0,0,90164290387970
5449,29045,41,0,1,90172880322562
5450,29045,41,0,2,90181470257154
5451,29045,41,0,3,90190060191746
5452,29045,41,0,4,90198650126338
5453,29045,41,0,5,90207240060930
5454,29045,41,0,6,90215829995522
5455,29045,41,0,7,90224419930114
5456,29045,42,0,0,92363313643522
5457,29045,42,0,1,92371903578114
5458,29045,42,0,2,92380493512706
5459,29045,42,0,3,92389083447298
5460,29045,42,0,4,92397673381890
5461,29045,42,0,5,92406263316482
5462,29045,42,0,6,92414853251074
5463,29045,42,0,7,92423443185666
5464,29045,43,0,0,94562336899074
5465,29045,43,0,1,94570926833666
5466,29045,43,0,2,94579516768258
5467,29045,43,0,3,94588106702850
5468,29045,43,0,4,94596696637442
5469,29045,43,0,5,94605286572034
5470,29045,43,0,6,94613876506626
5471,29045,43,0,7,94622466441218
5472,29045,44,0,0,96761360154626
5473,29045,44,0,1,96769950089218
5474,29045,44,0,2,96778540023810
5475,29045,44,0,3,96787129958402
5476,29045,44,0,4,96795719892994
5477,29045,44,0,5,96804309827586
5478,29045,44,0,6,96812899762178
5479,29045,44,0,7,96821489696770
5480,29045,45,0,0,98960383410178
5481,29045,45,0,1,98968973344770
5482,29045,45,0,2,98977563279362
5483,29045,45,0,3,98986153213954
5484,29045,45,0,4,98994743148546
5485,29045,45,0,5,99003333083138
5486,29045,45,0,6,99011923017730
5487,29045,45,0,7,99020512952322
5488,29045,46,0,0,101159406665730
5489,29045,46,0,1,101167996600322
5490,29045,46,0,2,101176586534914
5491,29045,46,0,3,101185176469506
5492,29045,46,0,4,101193766404098
5493,29045,46,0,5,101202356338690
5494,29045,46,0,6,101210946273282
5495,29045,46,0,7,101219536207874
5496,29045,47,0,0,103358429921282
5497,29045,47,0,1,103367019855874
5498,29045,47,0,2,103375609790466
5499,29045,47,0,3,103384199725058
5500,29045,47,0,4,103392789659650
5501,29045,47,0,5,103401379594242
5502,29045,47,0,6,103409969528834
5503,29045,47,0,7,103418559463426
5504,29045,48,0,0,105557453176834
5505,29045,48,0,1,105566043111426
5506,29045,48,0,2,105574633046018
5507,29045,48,0,3,105583222980610
5508,29045,48,0,4,105591812915202
5509,29045,48,0,5,105600402849794
5510,29045,48,0,6,105608992784386
5511,29045,48,0,7,105617582718978
5512,29045,49,0,0,107756476432386
5513,29045,49,0,1,107765066366978
5514,29045,49,0,2,107773656301570
5515,29045,49,0,3,107782246236162
5516,29045,49,0,4,107790836170754
5517,29045,49,0,5,107799426105346
5518,29045,49,0,6,107808016039938
5519,29045,49,0,7,107816605974530
5520,29045,50,0,0,109955499687938
5521,29045,50,0,1,109964089622530
5522,29045,50,0,2,109972679557122
5523,29045,50,0,3,109981269491714
5524,29045,50,0,4,109989859426306
5525,29045,50,0,5,109998449360898
5526,29045,50,0,6,110007039295490
5527,29045,50,0,7,110015629230082
5528,29045,51,0,0,112154522943490
5529,29045,51,0,1,112163112878082
5530,29045,51,0,2,112171702812674
5531,29045,51,0,3,112180292747266
5532,29045,51,0,4,112188882681858
5533,29045,51,0,5,112197472616450
5534,29045,51,0,6,112206062551042
5535,29045,51,0,7,112214652485634
5536,29045,52,0,0,114353546199042
5537,29045,52,0,1,114362136133634
5538,29045,52,0,2,114370726068226
5539,29045,52,0,3,114379316002818
5540,29045,52,0,4,114387905937410
5541,29045,52,0,5,114396495872002
5542,29045,52,0,6,114405085806594
5543,29045,52,0,7,114413675741186
5544,29045,53,0,0,116552569454594
5545,29045,53,0,1,116561159389186
5546,29045,53,0,2,116569749323778
5547,29045,53,0,3,116578339258370
5548,29045,53,0,4,116586929192962
5549,29045,53,0,5,116595519127554
5550,29045,53,0,6,116604109062146
5551,29045,53,0,7,116612698996738
5552,29045,54,0,0,118751592710146
5553,29045,54,0,1,118760182644738
5554,29045,54,0,2,118768772579330
5555,29045,54,0,3,118777362513922
5556,29045,54,0,4,118785952448514
5557,29045,54,0,5,118794542383106
5558,29045,54,0,6,118803132317698
5559,29045,54,0,7,118811722252290
5560,29045,55,0,0,120950615965698
5561,29045,55,0,1,120959205900290
5562,29045,55,0,2,120967795834882
5563,29045,55,0,3,120976385769474
5564,29045,55,0,4,120984975704066
5565,29045,55,0,5,120993565638658
5566,29045,55,0,6,121002155573250
5567,29045,55,0,7,121010745507842
5568,29045,56,0,0,123149639221250
5569,29045,56,0,1,123158229155842
5570,29045,56,0,2,123166819090434
5571,29045,56,0,3,123175409025026
5572,29045,56,0,4,123183998959618
5573,29045,56,0,5,123192588894210
5574,29045,56,0,6,123201178828802
5575,29045,56,0,7,123209768763394
5576,29045,57,0,0,125348662476802
5577,29045,57,0,1,125357252411394
5578,29045,57,0,2,125365842345986
5579,29045,57,0,3,125374432280578
5580,29045,57,0,4,125383022215170
5581,29045,57,0,5,125391612149762
5582,29045,57,0,6,125400202084354
5583,29045,57,0,7,125408792018946
5584,29045,58,0,0,127547685732354
5585,29045,58,0,1,127556275666946
5586,29045,58,0,2,127564865601538
5587,29045,58,0,3,127573455536130
5588,29045,58,0,4,127582045470722
5589,29045,58,0,5,127590635405314
5590,29045,58,0,6,127599225339906
5591,29045,58,0,7,127607815274498
5592,29045,59,0,0,129746708987906
5593,29045,59,0,1,129755298922498
5594,29045,59,0,2,129763888857090
5595,29045,59,0,3,129772478791682
5596,29045,59,0,4,129781068726274
5597,29045,59,0,5,129789658660866
5598,29045,59,0,6,129798248595458
5599,29045,59,0,7,129806838530050
5600,29045,60,0,0,131945732243458
5601,29045,60,0,1,131954322178050
5602,29045,60,0,2,131962912112642
5603,29045,60,0,3,131971502047234
5604,29045,60,0,4,131980091981826
5605,29045,60,0,5,131988681916418
5606,29045,60,0,6,131997271851010
5607,29045,60,0,7,132005861785602
5608,29045,61,0,0,134144755499010
5609,29045,61,0,1,134153345433602
5610,29045,61,0,2,134161935368194
5611,29045,61,0,3,134170525302786
5612,29045,61,0,4,134179115237378
5613,29045,61,0,5,134187705171970
5614,29045,61,0,6,134196295106562
5615,29045,61,0,7,134204885041154
5616,29045,62,0,0,136343778754562
5617,29045,62,0,1,136352368689154
5618,29045,62,0,2,136360958623746
5619,29045,62,0,3,136369548558338
5620,29045,62,0,4,136378138492930
5621,29045,62,0,5,136386728427522
5622,29045,62,0,6,136395318362114
5623,29045,62,0,7,136403908296706
5624,29045,63,0,0,138542802010114
5625,29045,63,0,1,138551391944706
5626,29045,63,0,2,138559981879298
5627,29045,63,0,3,138568571813890
5628,29045,63,0,4,138577161748482
5629,29045,63,0,5,138585751683074
5630,29045,63,0,6,138594341617666
5631,29045,63,0,7,138602931552258
5632,29047,0,0,0,4336910339
5633,29047,0,0,1,12926844931
5634,29047,0,0,2,21516779523
5635,29047,0,0,3,30106714115
5636,29047,0,0,4,38696648707
5637,29047,0,0,5,47286583299
5638,29047,0,0,6,55876517891
5639,29047,0,0,7,64466452483
5640,29047,1,0,0,2203360165891
5641,29047,1,0,1,2211950100483
5642,29047,1,0,2,2220540035075
5643,29047,1,0,3,2229129969667
5644,29047,1,0,4,2237719904259
5645,29047,1,0,5,2246309838851
5646,29047,1,0,6,2254899773443
5647,29047,1,0,7,2263489708035
5648,29047,2,0,0,4402383421443
5649,29047,2,0,1,4410973356035
5650,29047,2,0,2,4419563290627
5651,29047,2,0,3,4428153225219
5652,29047,2,0,4,4436743159811
5653,29047,2,0,5,4445333094403
5654,29047,2,0,6,4453923028995
5655,29047,2,0,7,4462512963587
5656,29047,3,0,0,6601406676995
5657,29047,3,0,1,6609996611587
5658,29047,3,0,2,6618586546179
5659,29047,3,0,3,6627176480771
5660,29047,3,0,4,6635766415363
5661,29047,3,0,5,6644356349955
5662,29047,3,0,6,6652946284547
5663,29047,3,0,7,6661536219139
5664,29047,4,0,0,8800429932547
5665,29047,4,0,1,8809019867139
5666,29047,4,0,2,8817609801731
5667,29047,4,0,3,8826199736323
5668,29047,4,0,4,8834789670915
5669,29047,4,0,5,8843379605507
5670,29047,4,0,6,8851969540099
5671,29047,4,0,7,8860559474691
5672,29047,5,0,0,10999453188099
5673,29047,5,0,1,11008043122691
5674,29047,5,0,2,11016633057283
5675,29047,5,0,3,11025222991875
5676,29047,5,0,4,11033812926467
5677,29047,5,0,5,11042402861059
5678,29047,5,0,6,11050992795651
5679,29047,5,0,7,11059582730243
5680,29047,6,0,0,13198476443651
5681,29047,6,0,1,13207066378243
5682,29047,6,0,2,13215656312835
5683,29047,6,0,3,13224246247427
5684,29047,6,0,4,13232836182019
5685,29047,6,0,5,13241426116611
5686,29047,6,0,6,13250016051203
5687,29047,6,0,7,13258605985795
5688,29047,7,0,0,15397499699203
5689,29047,7,0,1,15406089633795
5690,29047,7,0,2,15414679568387
5691,29047,7,0,3,15423269502979
5692,29047,7,0,4,15431859437571
5693,29047,7,0,5,15440449372163
5694,29047,7,0,6,15449039306755
5695,29047,7,0,7,15457629241347
5696,29047,8,0,0,17596522954755
5697,29047,8,0,1,17605112889347
5698,29047,8,0,2,17613702823939
5699,29047,8,0,3,17622292758531
5700,29047,8,0,4,17630882693123
5701,29047,8,0,5,17639472627715
5702,29047,8,0,6,17648062562307
5703,29047,8,0,7,17656652496899
5704,29047,9,0,0,19795546210307
5705,29047,9,0,1,19804136144899
5706,29047,9,0,2,19812726079491
5707,29047,9,0,3,19821316014083
5708,29047,9,0,4,19829905948675
5709,29047,9,0,5,19838495883267
5710,29047,9,0,6,19847085817859
5711,29047,9,0,7,19855675752451
5712,29047,10,0,0,21994569465859
5713,29047,10,0,1,22003159400451
5714,29047,10,0,2,22011749335043
5715,29047,10,0,3,22020339269635
5716,29047,10,0,4,22028929204227
5717,29047,10,0,5,22037519138819
5718,29047,10,0,6,22046109073411
5719,29047,10,0,7,22054699008003
5720,29047,11,0,0,24193592721411
5721,29047,11,0,1,24202182656003
5722,29047,11,0,2,24210772590595
5723,29047,11,0,3,24219362525187
5724,29047,11,0,4,24227952459779
5725,29047,11,0,5,24236542394371
5726,29047,11,0,6,24245132328963
5727,29047,11,0,7,24253722263555
5728,29047,12,0,0,26392615976963
5729,29047,12,0,1,26401205911555
5730,29047,12,0,2,26409795846147
5731,29047,12,0,3,26418385780739
5732,29047,12,0,4,26426975715331
5733,29047,12,0,5,26435565649923
5734,29047,12,0,6,26444155584515
5735,29047,12,0,7,26452745519107
5736,29047,13,0,0,28591639232515
5737,29047,13,0,1,28600229167107
5738,29047,13,0,2,28608819101699
5739,29047,13,0,3,28617409036291
5740,29047,13,0,4,28625998970883
5741,29047,13,0,5,28634588905475
5742,29047,13,0,6,28643178840067
5743,29047,13,0,7,28651768774659
5744,29047,14,0,0,30790662488067
5745,29047,14,0,1,30799252422659
5746,29047,14,0,2,30807842357251
5747,29047,14,0,3,30816432291843
5748,29047,14,0,4,30825022226435
5749,29047,14,0,5,30833612161027
5750,29047,14,0,6,30842202095619
5751,29047,14,0,7,30850792030211
5752,29047,15,0,0,32989685743619
5753,29047,15,0,1,32998275678211
5754,29047,15,0,2,33006865612803
5755,29047,15,0,3,33015455547395
5756,29047,15,0,4,33024045481987
5757,29047,15,0,5,33032635416579
5758,29047,15,0,6,33041225351171
5759,29047,15,0,7,33049815285763
5760,29047,16,0,0,35188708999171
5761,29047,16,0,1,35197298933763
5762,29047,16,0,2,35205888868355
5763,29047,16,0,3,35214478802947
5764,29047,16,0,4,35223068737539
5765,29047,16,0,5,35231658672131
5766,29047,16,0,6,35240248606723
5767,29047,16,0,7,35248838541315
5768,29047,17,0,0,37387732254723
5769,29047,17,0,1,37396322189315
5770,29047,17,0,2,37404912123907
5771,29047,17,0,3,37413502058499
5772,29047,17,0,4,37422091993091
5773,29047,17,0,5,37430681927683
5774,29047,17,0,6,37439271862275
5775,29047,17,0,7,37447861796867
5776,29047,18,0,0,39586755510275
5777,29047,18,0,1,39595345444867
5778,29047,18,0,2,39603935379459
5779,29047,18,0,3,39612525314051
5780,29047,18,0,4,39621115248643
5781,29047,18,0,5,39629705183235
5782,29047,18,0,6,39638295117827
5783,29047,18,0,7,39646885052419
5784,29047,19,0,0,41785778765827
5785,29047,19,0,1,41794368700419
5786,29047,19,0,2,41802958635011
5787,29047,19,0,3,41811548569603
5788,29047,19,0,4,41820138504195
5789,29047,19,0,5,41828728438787
5790,29047,19,0,6,41837318373379
5791,29047,19,0,7,41845908307971
5792,29047,20,0,0,43984802021379
5793,29047,20,0,1,43993391955971
5794,29047,20,0,2,44001981890563
5795,29047,20,0,3,44010571825155
5796,29047,20,0,4,44019161759747
5797,29047,20,0,5,44027751694339
5798,29047,20,0,6,44036341628931
5799,29047,20,0,7,44044931563523
5800,29047,21,0,0,46183825276931
5801,29047,21,0,1,46192415211523
5802,29047,21,0,2,46201005146115
5803,29047,21,0,3,46209595080707
5804,29047,21,0,4,46218185015299
5805,29047,21,0,5,46226774949891
5806,29047,21,0,6,46235364884483
5807,29047,21,0,7,46243954819075
5808,29047,22,0,0,48382848532483
5809,29047,22,0,1,48391438467075
5810,29047,22,0,2,48400028401667
5811,29047,22,0,3,48408618336259
5812,29047,22,0,4,48417208270851
5813,29047,22,0,5,48425798205443
5814,29047,22,0,6,48434388140035
5815,29047,22,0,7,48442978074627
5816,29047,23,0,0,50581871788035
5817,29047,23,0,1,50590461722627
5818,29047,23,0,2,50599051657219
5819,29047,23,0,3,50607641591811
5820,29047,23,0,4,50616231526403
5821,29047,23,0,5,50624821460995
5822,29047,23,0,6,50633411395587
5823,29047,23,0,7,50642001330179
5824,29047,24,0,0,52780895043587
5825,29047,24,0,1,52789484978179
5826,29047,24,0,2,52798074912771
5827,29047,24,0,3,52806664847363
5828,29047,24,0,4,52815254781955
5829,29047,24,0,5,52823844716547
5830,29047,24,0,6,52832434651139
5831,29047,24,0,7,52841024585731
5832,29047,25,0,0,54979918299139
5833,29047,25,0,1,54988508233731
5834,29047,25,0,2,54997098168323
5835,29047,25,0,3,55005688102915
5836,29047,25,0,4,55014278037507
5837,29047,25,0,5,55022867972099
5838,29047,25,0,6,55031457906691
5839,29047,25,0,7,55040047841283
5840,29047,26,0,0,57178941554691
5841,29047,26,0,1,57187531489283
5842,29047,26,0,2,57196121423875
5843,29047,26,0,3,57204711358467
5844,29047,26,0,4,57213301293059
5845,29047,26,0,5,57221891227651
5846,29047,26,0,6,57230481162243
5847,29047,26,0,7,57239071096835
5848,29047,27,0,0,59377964810243
5849,29047,27,0,1,59386554744835
5850,29047,27,0,2,59395144679427
5851,29047,27,0,3,59403734614019
5852,29047,27,0,4,59412324548611
5853,29047,27,0,5,59420914483203
5854,29047,27,0,6,59429504417795
5855,29047,27,0,7,59438094352387
5856,29047,28,0,0,61576988065795
5857,29047,28,0,1,61585578000387
5858,29047,28,0,2,61594167934979
5859,29047,28,0,3,61602757869571
5860,29047,28,0,4,61611347804163
5861,29047,28,0,5,61619937738755
5862,29047,28,0,6,61628527673347
5863,29047,28,0,7,61637117607939
5864,29047,29,0,0,63776011321347
5865,29047,29,0,1,63784601255939
5866,29047,29,0,2,63793191190531
5867,29047,29,0,3,63801781125123
5868,29047,29,0,4,63810371059715
5869,29047,29,0,5,63818960994307
5870,29047,29,0,6,63827550928899
5871,29047,29,0,7,63836140863491
5872,29047,30,0,0,65975034576899
5873,29047,30,0,1,65983624511491
5874,29047,30,0,2,65992214446083
5875,29047,30,0,3,66000804380675
5876,29047,30,0,4,66009394315267
5877,29047,30,0,5,66017984249859
5878,29047,30,0,6,66026574184451
5879,29047,30,0,7,66035164119043
5880,29047,31,0,0,68174057832451
5881,29047,31,0,1,68182647767043
5882,29047,31,0,2,68191237701635
5883,29047,31,0,3,68199827636227
5884,29047,31,0,4,68208417570819
5885,29047,31,0,5,68217007505411
5886,29047,31,0,6,68225597440003
5887,29047,31,0,7,68234187374595
5888,29047,32,0,0,70373081088003
5889,29047,32,0,1,70381671022595
5890,29047,32,0,2,70390260957187
5891,29047,32,0,3,70398850891779
5892,29047,32,0,4,70407440826371
5893,29047,32,0,5,70416030760963
5894,29047,32,0,6,70424620695555
5895,29047,32,0,7,70433210630147
5896,29047,33,0,0,72572104343555
5897,29047,33,0,1,72580694278147
5898,29047,33,0,2,72589284212739
5899,29047,33,0,3,72597874147331
5900,29047,33,0,4,72606464081923
5901,29047,33,0,5,72615054016515
5902,29047,33,0,6,72623643951107
5903,29047,33,0,7,72632233885699
5904,29047,34,0,0,74771127599107
5905,29047,34,0,1,74779717533699
5906,29047,34,0,2,74788307468291
5907,29047,34,0,3,74796897402883
5908,29047,34,0,4,74805487337475
5909,29047,34,0,5,74814077272067
5910,29047,34,0,6,74822667206659
5911,29047,34,0,7,74831257141251
5912,29047,35,0,0,76970150854659
5913,29047,35,0,1,76978740789251
5914,29047,35,0,2,76987330723843
5915,29047,35,0,3,76995920658435
5916,29047,35,0,4,77004510593027
5917,29047,35,0,5,77013100527619
5918,29047,35,0,6,77021690462211
5919,29047,35,0,7,77030280396803
5920,29047,36,0,0,79169174110211
5921,29047,36,0,1,79177764044803
5922,29047,36,0,2,79186353979395
5923,29047,36,0,3,79194943913987
5924,29047,36,0,4,79203533848579
5925,29047,36,0,5,79212123783171
5926,29047,36,0,6,79220713717763
5927,29047,36,0,7,79229303652355
5928,29047,37,0,0,81368197365763
5929,29047,37,0,1,81376787300355
5930,29047,37,0,2,81385377234947
5931,29047,37,0,3,81393967169539
5932,29047,37,0,4,81402557104131
5933,29047,37,0,5,81411147038723
5934,29047,37,0,6,81419736973315
5935,29047,37,0,7,81428326907907
5936,29047,38,0,0,83567220621315
5937,29047,38,0,1,83575810555907
5938,29047,38,0,2,83584400490499
5939,29047,38,0,3,83592990425091
5940,29047,38,0,4,83601580359683
5941,29047,38,0,5,83610170294275
5942,29047,38,0,6,83618760228867
5943,29047,38,0,7,83627350163459
5944,29047,39,0,0,85766243876867
5945,29047,39,0,1,85774833811459
5946,29047,39,0,2,85783423746051
5947,29047,39,0,3,85792013680643
5948,29047,39,0,4,85800603615235
5949,29047,39,0,5,85809193549827
5950,29047,39,0,6,85817783484419
5951,29047,39,0,7,85826373419011
5952,29047,40,0,0,87965267132419
5953,29047,40,0,1,87973857067011
5954,29047,40,0,2,87982447001603
5955,29047,40,0,3,87991036936195
5956,29047,40,0,4,87999626870787
5957,29047,40,0,5,88008216805379
5958,29047,40,0,6,88016806739971
5959,29047,40,0,7,88025396674563
5960,29047,41,0,0,90164290387971
5961,29047,41,0,1,90172880322563
5962,29047,41,0,2,90181470257155
5963,29047,41,0,3,90190060191747
5964,29047,41,0,4,90198650126339
5965,29047,41,0,5,90207240060931
5966,29047,41,0,6,90215829995523
5967,29047,41,0,7,90224419930115
5968,29047,42,0,0,92363313643523
5969,29047,42,0,1,92371903578115
5970,29047,42,0,2,92380493512707
5971,29047,42,0,3,92389083447299
5972,29047,42,0,4,92397673381891
5973,29047,42,0,5,92406263316483
5974,29047,42,0,6,92414853251075
5975,29047,42,0,7,92423443185667
5976,29047,43,0,0,94562336899075
5977,29047,43,0,1,94570926833667
5978,29047,43,0,2,94579516768259
5979,29047,43,0,3,94588106702851
5980,29047,43,0,4,94596696637443
5981,29047,43,0,5,94605286572035
5982,29047,43,0,6,94613876506627
5983,29047,43,0,7,94622466441219
5984,29047,44,0,0,96761360154627
5985,29047,44,0,1,96769950089219
5986,29047,44,0,2,96778540023811
5987,29047,44,0,3,96787129958403
5988,29047,44,0,4,96795719892995
5989,29047,44,0,5,96804309827587
5990,29047,44,0,6,96812899762179
5991,29047,44,0,7,96821489696771
5992,29047,45,0,0,98960383410179
5993,29047,45,0,1,98968973344771
5994,29047,45,0,2,98977563279363
5995,29047,45,0,3,98986153213955
5996,29047,45,0,4,98994743148547
5997,29047,45,0,5,99003333083139
5998,29047,45,0,6,99011923017731
5999,29047,45,0,7,99020512952323
6000,29047,46,0,0,101159406665731
6001,29047,46,0,1,101167996600323
6002,29047,46,0,2,101176586534915
6003,29047,46,0,3,101185176469507
6004,29047,46,0,4,101193766404099
6005,29047,46,0,5,101202356338691
6006,29047,46,0,6,101210946273283
6007,29047,46,0,7,101219536207875
6008,29047,47,0,0,103358429921283
6009,29047,47,0,1,103367019855875
6010,29047,47,0,2,103375609790467
6011,29047,47,0,3,103384199725059
6012,29047,47,0,4,103392789659651
6013,29047,47,0,5,103401379594243
6014,29047,47,0,6,103409969528835
6015,29047,47,0,7,103418559463427
6016,29047,48,0,0,105557453176835
6017,29047,48,0,1,105566043111427
6018,29047,48,0,2,105574633046019
6019,29047,48,0,3,105583222980611
6020,29047,48,0,4,105591812915203
6021,29047,48,0,5,105600402849795
6022,29047,48,0,6,105608992784387
6023,29047,48,0,7,105617582718979
6024,29047,49,0,0,107756476432387
6025,29047,49,0,1,107765066366979
6026,29047,49,0,2,107773656301571
6027,29047,49,0,3,107782246236163
6028,29047,49,0,4,107790836170755
6029,29047,49,0,5,107799426105347
6030,29047,49,0,6,107808016039939
6031,29047,49,0,7,107816605974531
6032,29047,50,0,0,109955499687939
6033,29047,50,0,1,109964089622531
6034,29047,50,0,2,109972679557123
6035,29047,50,0,3,109981269491715
6036,29047,50,0,4,109989859426307
6037,29047,50,0,5,109998449360899
6038,29047,50,0,6,110007039295491
6039,29047,50,0,7,110015629230083
6040,29047,51,0,0,112154522943491
6041,29047,51,0,1,112163112878083
6042,29047,51,0,2,112171702812675
6043,29047,51,0,3,112180292747267
6044,29047,51,0,4,112188882681859
6045,29047,51,0,5,112197472616451
6046,29047,51,0,6,112206062551043
6047,29047,51,0,7,112214652485635
6048,29047,52,0,0,114353546199043
6049,29047,52,0,1,114362136133635
6050,29047,52,0,2,114370726068227
6051,29047,52,0,3,114379316002819
6052,29047,52,0,4,114387905937411
6053,29047,52,0,5,114396495872003
6054,29047,52,0,6,114405085806595
6055,29047,52,0,7,114413675741187
6056,29047,53,0,0,116552569454595
6057,29047,53,0,1,116561159389187
6058,29047,53,0,2,116569749323779
6059,29047,53,0,3,116578339258371
6060,29047,53,0,4,116586929192963
6061,29047,53,0,5,116595519127555
6062,29047,53,0,6,116604109062147
6063,29047,53,0,7,116612698996739
6064,29047,54,0,0,118751592710147
6065,29047,54,0,1,118760182644739
6066,29047,54,0,2,118768772579331
6067,29047,54,0,3,118777362513923
6068,29047,54,0,4,118785952448515
6069,29047,54,0,5,118794542383107
6070,29047,54,0,6,118803132317699
6071,29047,54,0,7,118811722252291
6072,29047,55,0,0,120950615965699
6073,29047,55,0,1,120959205900291
6074,29047,55,0,2,120967795834883
6075,29047,55,0,3,120976385769475
6076,29047,55,0,4,120984975704067
6077,29047,55,0,5,120993565638659
6078,29047,55,0,6,121002155573251
6079,29047,55,0,7,121010745507843
6080,29047,56,0,0,123149639221251
6081,29047,56,0,1,123158229155843
6082,29047,56,0,2,123166819090435
6083,29047,56,0,3,123175409025027
6084,29047,56,0,4,123183998959619
6085,29047,56,0,5,123192588894211
6086,29047,56,0,6,123201178828803
6087,29047,56,0,7,123209768763395
6088,29047,57,0,0,125348662476803
6089,29047,57,0,1,125357252411395
6090,29047,57,0,2,125365842345987
6091,29047,57,0,3,125374432280579
6092,29047,57,0,4,125383022215171
6093,29047,57,0,5,125391612149763
6094,29047,57,0,6,125400202084355
6095,29047,57,0,7,125408792018947
6096,29047,58,0,0,127547685732355
6097,29047,58,0,1,127556275666947
6098,29047,58,0,2,127564865601539
6099,29047,58,0,3,127573455536131
6100,29047,58,0,4,127582045470723
6101,29047,58,0,5,127590635405315
6102,29047,58,0,6,127599225339907
6103,29047,58,0,7,127607815274499
6104,29047,59,0,0,129746708987907
6105,29047,59,0,1,129755298922499
6106,29047,59,0,2,129763888857091
6107,29047,59,0,3,129772478791683
6108,29047,59,0,4,129781068726275
6109,29047,59,0,5,129789658660867
6110,29047,59,0,6,129798248595459
6111,29047,59,0,7,129806838530051
6112,29047,60,0,0,131945732243459
6113,29047,60,0,1,131954322178051
6114,29047,60,0,2,131962912112643
6115,29047,60,0,3,131971502047235
6116,29047,60,0,4,131980091981827
6117,29047,60,0,5,131988681916419
6118,29047,60,0,6,131997271851011
6119,29047,60,0,7,132005861785603
6120,29047,61,0,0,134144755499011
6121,29047,61,0,1,134153345433603
6122,29047,61,0,2,134161935368195
6123,29047,61,0,3,134170525302787
6124,29047,61,0,4,134179115237379
6125,29047,61,0,5,134187705171971
6126,29047,61,0,6,134196295106563
6127,29047,61,0,7,134204885041155
6128,29047,62,0,0,136343778754563
6129,29047,62,0,1,136352368689155
6130,29047,62,0,2,136360958623747
6131,29047,62,0,3,136369548558339
6132,29047,62,0,4,136378138492931
6133,29047,62,0,5,136386728427523
6134,29047,62,0,6,136395318362115
6135,29047,62,0,7,136403908296707
6136,29047,63,0,0,138542802010115
6137,29047,63,0,1,138551391944707
6138,29047,63,0,2,138559981879299
6139,29047,63,0,3,138568571813891
6140,29047,63,0,4,138577161748483
6141,29047,63,0,5,138585751683075
6142,29047,63,0,6,138594341617667
6143,29047,63,0,7,138602931552259
6144,29049,0,0,0,4336910340
6145,29049,0,0,1,12926844932
6146,29049,0,0,2,21516779524
6147,29049,0,0,3,30106714116
6148,29049,0,0,4,38696648708
6149,29049,0,0,5,47286583300
6150,29049,0,0,6,55876517892
6151,29049,0,0,7,64466452484
6152,29049,1,0,0,2203360165892
6153,29049,1,0,1,2211950100484
6154,29049,1,0,2,2220540035076
6155,29049,1,0,3,2229129969668
6156,29049,1,0,4,2237719904260
6157,29049,1,0,5,2246309838852
6158,29049,1,0,6,2254899773444
6159,29049,1,0,7,2263489708036
6160,29049,2,0,0,4402383421444
6161,29049,2,0,1,4410973356036
6162,29049,2,0,2,4419563290628
6163,29049,2,0,3,4428153225220
6164,29049,2,0,4,4436743159812
6165,29049,2,0,5,4445333094404
6166,29049,2,0,6,4453923028996
6167,29049,2,0,7,4462512963588
6168,29049,3,0,0,6601406676996
6169,29049,3,0,1,6609996611588
6170,29049,3,0,2,6618586546180
6171,29049,3,0,3,6627176480772
6172,29049,3,0,4,6635766415364
6173,29049,3,0,5,6644356349956
6174,29049,3,0,6,6652946284548
6175,29049,3,0,7,6661536219140
6176,29049,4,0,0,8800429932548
6177,29049,4,0,1,8809019867140
6178,29049,4,0,2,8817609801732
6179,29049,4,0,3,8826199736324
6180,29049,4,0,4,8834789670916
6181,29049,4,0,5,8843379605508
6182,29049,4,0,6,8851969540100
6183,29049,4,0,7,8860559474692
6184,29049,5,0,0,10999453188100
6185,29049,5,0,1,11008043122692
6186,29049,5,0,2,11016633057284
6187,29049,5,0,3,11025222991876
6188,29049,5,0,4,11033812926468
6189,29049,5,0,5,11042402861060
6190,29049,5,0,6,11050992795652
6191,29049,5,0,7,11059582730244
6192,29049,6,0,0,13198476443652
6193,29049,6,0,1,13207066378244
6194,29049,6,0,2,13215656312836
6195,29049,6,0,3,13224246247428
6196,29049,6,0,4,13232836182020
6197,29049,6,0,5,13241426116612
6198,29049,6,0,6,13250016051204
6199,29049,6,0,7,13258605985796
6200,29049,7,0,0,15397499699204
6201,29049,7,0,1,15406089633796
6202,29049,7,0,2,15414679568388
6203,29049,7,0,3,15423269502980
6204,29049,7,0,4,15431859437572
6205,29049,7,0,5,15440449372164
6206,29049,7,0,6,15449039306756
6207,29049,7,0,7,15457629241348
6208,29049,8,0,0,17596522954756
6209,29049,8,0,1,17605112889348
6210,29049,8,0,2,17613702823940
6211,29049,8,0,3,17622292758532
6212,29049,8,0,4,17630882693124
6213,29049,8,0,5,17639472627716
6214,29049,8,0,6,17648062562308
6215,29049,8,0,7,17656652496900
6216,29049,9,0,0,19795546210308
6217,29049,9,0,1,19804136144900
6218,29049,9,0,2,19812726079492
6219,29049,9,0,3,19821316014084
6220,29049,9,0,4,19829905948676
6221,29049,9,0,5,19838495883268
6222,29049,9,0,6,19847085817860
6223,29049,9,0,7,19855675752452
6224,29049,10,0,0,21994569465860
6225,29049,10,0,1,22003159400452
6226,29049,10,0,2,22011749335044
6227,29049,10,0,3,22020339269636
6228,29049,10,0,4,22028929204228
6229,29049,10,0,5,22037519138820
6230,29049,10,0,6,22046109073412
6231,29049,10,0,7,22054699008004
6232,29049,11,0,0,24193592721412
6233,29049,11,0,1,24202182656004
6234,29049,11,0,2,24210772590596
6235,29049,11,0,3,24219362525188
6236,29049,11,0,4,24227952459780
6237,29049,11,0,5,24236542394372
6238,29049,11,0,6,24245132328964
6239,29049,11,0,7,24253722263556
6240,29049,12,0,0,26392615976964
6241,29049,12,0,1,26401205911556
6242,29049,12,0,2,26409795846148
6243,29049,12,0,3,26418385780740
6244,29049,12,0,4,26426975715332
6245,29049,12,0,5,26435565649924
6246,29049,12,0,6,26444155584516
6247,29049,12,0,7,26452745519108
6248,29049,13,0,0,28591639232516
6249,29049,13,0,1,28600229167108
6250,29049,13,0,2,28608819101700
6251,29049,13,0,3,28617409036292
6252,29049,13,0,4,28625998970884
6253,29049,13,0,5,28634588905476
6254,29049,13,0,6,28643178840068
6255,29049,13,0,7,28651768774660
6256,29049,14,0,0,30790662488068
6257,29049,14,0,1,30799252422660
6258,29049,14,0,2,30807842357252
6259,29049,14,0,3,30816432291844
6260,29049,14,0,4,30825022226436
6261,29049,14,0,5,30833612161028
6262,29049,14,0,6,30842202095620
6263,29049,14,0,7,30850792030212
6264,29049,15,0,0,32989685743620
6265,29049,15,0,1,32998275678212
6266,29049,15,0,2,33006865612804
6267,29049,15,0,3,33015455547396
6268,29049,15,0,4,33024045481988
6269,29049,15,0,5,33032635416580
6270,29049,15,0,6,33041225351172
6271,29049,15,0,7,33049815285764
6272,29049,16,0,0,35188708999172
6273,29049,16,0,1,35197298933764
6274,29049,16,0,2,35205888868356
6275,29049,16,0,3,35214478802948
6276,29049,16,0,4,35223068737540
6277,29049,16,0,5,35231658672132
6278,29049,16,0,6,35240248606724
6279,29049,16,0,7,35248838541316
6280,29049,17,0,0,37387732254724
6281,29049,17,0,1,37396322189316
6282,29049,17,0,2,37404912123908
6283,29049,17,0,3,37413502058500
6284,29049,17,0,4,37422091993092
6285,29049,17,0,5,37430681927684
6286,29049,17,0,6,37439271862276
6287,29049,17,0,7,37447861796868
6288,29049,18,0,0,39586755510276
6289,29049,18,0,1,39595345444868
6290,29049,18,0,2,39603935379460
6291,29049,18,0,3,39612525314052
6292,29049,18,0,4,39621115248644
6293,29049,18,0,5,39629705183236
6294,29049,18,0,6,39638295117828
6295,29049,18,0,7,39646885052420
6296,29049,19,0,0,41785778765828
6297,29049,19,0,1,41794368700420
6298,29049,19,0,2,41802958635012
6299,29049,19,0,3,41811548569604
6300,29049,19,0,4,41820138504196
6301,29049,19,0,5,41828728438788
6302,29049,19,0,6,41837318373380
6303,29049,19,0,7,41845908307972
6304,29049,20,0,0,43984802021380
6305,29049,20,0,1,43993391955972
6306,29049,20,0,2,44001981890564
6307,29049,20,0,3,44010571825156
6308,29049,20,0,4,44019161759748
6309,29049,20,0,5,44027751694340
6310,29049,20,0,6,44036341628932
6311,29049,20,0,7,44044931563524
6312,29049,21,0,0,46183825276932
6313,29049,21,0,1,46192415211524
6314,29049,21,0,2,46201005146116
6315,29049,21,0,3,46209595080708
6316,29049,21,0,4,46218185015300
6317,29049,21,0,5,46226774949892
6318,29049,21,0,6,46235364884484
6319,29049,21,0,7,46243954819076
6320,29049,22,0,0,48382848532484
6321,29049,22,0,1,48391438467076
6322,29049,22,0,2,48400028401668
6323,29049,22,0,3,48408618336260
6324,29049,22,0,4,48417208270852
6325,29049,22,0,5,48425798205444
6326,29049,22,0,6,48434388140036
6327,29049,22,0,7,48442978074628
6328,29049,23,0,0,50581871788036
6329,29049,23,0,1,50590461722628
6330,29049,23,0,2,50599051657220
6331,29049,23,0,3,50607641591812
6332,29049,23,0,4,50616231526404
6333,29049,23,0,5,50624821460996
6334,29049,23,0,6,50633411395588
6335,29049,23,0,7,50642001330180
6336,29049,24,0,0,52780895043588
6337,29049,24,0,1,52789484978180
6338,29049,24,0,2,52798074912772
6339,29049,24,0,3,52806664847364
6340,29049,24,0,4,52815254781956
6341,29049,24,0,5,52823844716548
6342,29049,24,0,6,52832434651140
6343,29049,24,0,7,52841024585732
6344,29049,25,0,0,54979918299140
6345,29049,25,0,1,54988508233732
6346,29049,25,0,2,54997098168324
6347,29049,25,0,3,55005688102916
6348,29049,25,0,4,55014278037508
6349,29049,25,0,5,55022867972100
6350,29049,25,0,6,55031457906692
6351,29049,25,0,7,55040047841284
6352,29049,26,0,0,57178941554692
6353,29049,26,0,1,57187531489284
6354,29049,26,0,2,57196121423876
6355,29049,26,0,3,57204711358468
6356,29049,26,0,4,57213301293060
6357,29049,26,0,5,57221891227652
6358,29049,26,0,6,57230481162244
6359,29049,26,0,7,57239071096836
6360,29049,27,0,0,59377964810244
6361,29049,27,0,1,59386554744836
6362,29049,27,0,2,59395144679428
6363,29049,27,0,3,59403734614020
6364,29049,27,0,4,59412324548612
6365,29049,27,0,5,59420914483204
6366,29049,27,0,6,59429504417796
6367,29049,27,0,7,59438094352388
6368,29049,28,0,0,61576988065796
6369,29049,28,0,1,61585578000388
6370,29049,28,0,2,61594167934980
6371,29049,28,0,3,61602757869572
6372,29049,28,0,4,61611347804164
6373,29049,28,0,5,61619937738756
6374,29049,28,0,6,61628527673348
6375,29049,28,0,7,61637117607940
6376,29049,29,0,0,63776011321348
6377,29049,29,0,1,63784601255940
6378,29049,29,0,2,63793191190532
6379,29049,29,0,3,63801781125124
6380,29049,29,0,4,63810371059716
6381,29049,29,0,5,63818960994308
6382,29049,29,0,6,63827550928900
6383,29049,29,0,7,63836140863492
6384,29049,30,0,0,65975034576900
6385,29049,30,0,1,65983624511492
6386,29049,30,0,2,65992214446084
6387,29049,30,0,3,66000804380676
6388,29049,30,0,4,66009394315268
6389,29049,30,0,5,66017984249860
6390,29049,30,0,6,66026574184452
6391,29049,30,0,7,66035164119044
6392,29049,31,0,0,68174057832452
6393,29049,31,0,1,68182647767044
6394,29049,31,0,2,68191237701636
6395,29049,31,0,3,68199827636228
6396,29049,31,0,4,68208417570820
6397,29049,31,0,5,68217007505412
6398,29049,31,0,6,68225597440004
6399,29049,31,0,7,68234187374596
6400,29049,32,0,0,70373081088004
6401,29049,32,0,1,70381671022596
6402,29049,32,0,2,70390260957188
6403,29049,32,0,3,70398850891780
6404,29049,32,0,4,70407440826372
6405,29049,32,0,5,70416030760964
6406,29049,32,0,6,70424620695556
6407,29049,32,0,7,70433210630148
6408,29049,33,0,0,72572104343556
6409,29049,33,0,1,72580694278148
6410,29049,33,0,2,72589284212740
6411,29049,33,0,3,72597874147332
6412,29049,33,0,4,72606464081924
6413,29049,33,0,5,72615054016516
6414,29049,33,0,6,72623643951108
6415,29049,33,0,7,72632233885700
6416,29049,34,0,0,74771127599108
6417,29049,34,0,1,74779717533700
6418,29049,34,0,2,74788307468292
6419,29049,34,0,3,74796897402884
6420,29049,34,0,4,74805487337476
6421,29049,34,0,5,74814077272068
6422,29049,34,0,6,74822667206660
6423,29049,34,0,7,74831257141252
6424,29049,35,0,0,76970150854660
6425,29049,35,0,1,76978740789252
6426,29049,35,0,2,76987330723844
6427,29049,35,0,3,76995920658436
6428,29049,35,0,4,77004510593028
6429,29049,35,0,5,77013100527620
6430,29049,35,0,6,77021690462212
6431,29049,35,0,7,77030280396804
6432,29049,36,0,0,79169174110212
6433,29049,36,0,1,79177764044804
6434,29049,36,0,2,79186353979396
6435,29049,36,0,3,79194943913988
6436,29049,36,0,4,79203533848580
6437,29049,36,0,5,79212123783172
6438,29049,36,0,6,79220713717764
6439,29049,36,0,7,79229303652356
6440,29049,37,0,0,81368197365764
6441,29049,37,0,1,81376787300356
6442,29049,37,0,2,81385377234948
6443,29049,37,0,3,81393967169540
6444,29049,37,0,4,81402557104132
6445,29049,37,0,5,81411147038724
6446,29049,37,0,6,81419736973316
6447,29049,37,0,7,81428326907908
6448,29049,38,0,0,83567220621316
6449,29049,38,0,1,83575810555908
6450,29049,38,0,2,83584400490500
6451,29049,38,0,3,83592990425092
6452,29049,38,0,4,83601580359684
6453,29049,38,0,5,83610170294276
6454,29049,38,0,6,83618760228868
6455,29049,38,0,7,83627350163460
6456,29049,39,0,0,85766243876868
6457,29049,39,0,1,85774833811460
6458,29049,39,0,2,85783423746052
6459,29049,39,0,3,85792013680644
6460,29049,39,0,4,85800603615236
6461,29049,39,0,5,85809193549828
6462,29049,39,0,6,85817783484420
6463,29049,39,0,7,85826373419012
6464,29049,40,0,0,87965267132420
6465,29049,40,0,1,87973857067012
6466,29049,40,0,2,87982447001604
6467,29049,40,0,3,87991036936196
6468,29049,40,0,4,87999626870788
6469,29049,40,0,5,88008216805380
6470,29049,40,0,6,88016806739972
6471,29049,40,0,7,88025396674564
6472,29049,41,0,0,90164290387972
6473,29049,41,0,1,90172880322564
6474,29049,41,0,2,90181470257156
6475,29049,41,0,3,90190060191748
6476,29049,41,0,4,90198650126340
6477,29049,41,0,5,90207240060932
6478,29049,41,0,6,90215829995524
6479,29049,41,0,7,90224419930116
6480,29049,42,0,0,92363313643524
6481,29049,42,0,1,92371903578116
6482,29049,42,0,2,92380493512708
6483,29049,42,0,3,92389083447300
6484,29049,42,0,4,92397673381892
6485,29049,42,0,5,92406263316484
6486,29049,42,0,6,92414853251076
6487,29049,42,0,7,92423443185668
6488,29049,43,0,0,94562336899076
6489,29049,43,0,1,94570926833668
6490,29049,43,0,2,94579516768260
6491,29049,43,0,3,94588106702852
6492,29049,43,0,4,94596696637444
6493,29049,43,0,5,94605286572036
6494,29049,43,0,6,94613876506628
6495,29049,43,0,7,94622466441220
6496,29049,44,0,0,96761360154628
6497,29049,44,0,1,96769950089220
6498,29049,44,0,2,96778540023812
6499,29049,44,0,3,96787129958404
6500,29049,44,0,4,96795719892996
6501,29049,44,0,5,96804309827588
6502,29049,44,0,6,96812899762180
6503,29049,44,0,7,96821489696772
6504,29049,45,0,0,98960383410180
6505,29049,45,0,1,98968973344772
6506,29049,45,0,2,98977563279364
6507,29049,45,0,3,98986153213956
6508,29049,45,0,4,98994743148548
6509,29049,45,0,5,99003333083140
6510,29049,45,0,6,99011923017732
6511,29049,45,0,7,99020512952324
6512,29049,46,0,0,101159406665732
6513,29049,46,0,1,101167996600324
6514,29049,46,0,2,101176586534916
6515,29049,46,0,3,101185176469508
6516,29049,46,0,4,101193766404100
6517,29049,46,0,5,101202356338692
6518,29049,46,0,6,101210946273284
6519,29049,46,0,7,101219536207876
6520,29049,47,0,0,103358429921284
6521,29049,47,0,1,103367019855876
6522,29049,47,0,2,103375609790468
6523,29049,47,0,3,103384199725060
6524,29049,47,0,4,103392789659652
6525,29049,47,0,5,103401379594244
6526,29049,47,0,6,103409969528836
6527,29049,47,0,7,103418559463428
6528,29049,48,0,0,105557453176836
6529,29049,48,0,1,105566043111428
6530,29049,48,0,2,105574633046020
6531,29049,48,0,3,105583222980612
6532,29049,48,0,4,105591812915204
6533,29049,48,0,5,105600402849796
6534,29049,48,0,6,105608992784388
6535,29049,48,0,7,105617582718980
6536,29049,49,0,0,107756476432388
6537,29049,49,0,1,107765066366980
6538,29049,49,0,2,107773656301572
6539,29049,49,0,3,107782246236164
6540,29049,49,0,4,107790836170756
6541,29049,49,0,5,107799426105348
6542,29049,49,0,6,107808016039940
6543,29049,49,0,7,107816605974532
6544,29049,50,0,0,109955499687940
6545,29049,50,0,1,109964089622532
6546,29049,50,0,2,109972679557124
6547,29049,50,0,3,109981269491716
6548,29049,50,0,4,109989859426308
6549,29049,50,0,5,109998449360900
6550,29049,50,0,6,110007039295492
6551,29049,50,0,7,110015629230084
6552,29049,51,0,0,112154522943492
6553,29049,51,0,1,112163112878084
6554,29049,51,0,2,112171702812676
6555,29049,51,0,3,112180292747268
6556,29049,51,0,4,112188882681860
6557,29049,51,0,5,112197472616452
6558,29049,51,0,6,112206062551044
6559,29049,51,0,7,112214652485636
6560,29049,52,0,0,114353546199044
6561,29049,52,0,1,114362136133636
6562,29049,52,0,2,114370726068228
6563,29049,52,0,3,114379316002820
6564,29049,52,0,4,114387905937412
6565,29049,52,0,5,114396495872004
6566,29049,52,0,6,114405085806596
6567,29049,52,0,7,114413675741188
6568,29049,53,0,0,116552569454596
6569,29049,53,0,1,116561159389188
6570,29049,53,0,2,116569749323780
6571,29049,53,0,3,116578339258372
6572,29049,53,0,4,116586929192964
6573,29049,53,0,5,116595519127556
6574,29049,53,0,6,116604109062148
6575,29049,53,0,7,116612698996740
6576,29049,54,0,0,118751592710148
6577,29049,54,0,1,118760182644740
6578,29049,54,0,2,118768772579332
6579,29049,54,0,3,118777362513924
6580,29049,54,0,4,118785952448516
6581,29049,54,0,5,118794542383108
6582,29049,54,0,6,118803132317700
6583,29049,54,0,7,118811722252292
6584,29049,55,0,0,120950615965700
6585,29049,55,0,1,120959205900292
6586,29049,55,0,2,120967795834884
6587,29049,55,0,3,120976385769476
6588,29049,55,0,4,120984975704068
6589,29049,55,0,5,120993565638660
6590,29049,55,0,6,121002155573252
6591,29049,55,0,7,121010745507844
6592,29049,56,0,0,123149639221252
6593,29049,56,0,1,123158229155844
6594,29049,56,0,2,123166819090436
6595,29049,56,0,3,123175409025028
6596,29049,56,0,4,123183998959620
6597,29049,56,0,5,123192588894212
6598,29049,56,0,6,123201178828804
6599,29049,56,0,7,123209768763396
6600,29049,57,0,0,125348662476804
6601,29049,57,0,1,125357252411396
6602,29049,57,0,2,125365842345988
6603,29049,57,0,3,125374432280580
6604,29049,57,0,4,125383022215172
6605,29049,57,0,5,125391612149764
6606,29049,57,0,6,125400202084356
6607,29049,57,0,7,125408792018948
6608,29049,58,0,0,127547685732356
6609,29049,58,0,1,127556275666948
6610,29049,58,0,2,127564865601540
6611,29049,58,0,3,127573455536132
6612,29049,58,0,4,127582045470724
6613,29049,58,0,5,127590635405316
6614,29049,58,0,6,127599225339908
6615,29049,58,0,7,127607815274500
6616,29049,59,0,0,129746708987908
6617,29049,59,0,1,129755298922500
6618,29049,59,0,2,129763888857092
6619,29049,59,0,3,129772478791684
6620,29049,59,0,4,129781068726276
6621,29049,59,0,5,129789658660868
6622,29049,59,0,6,129798248595460
6623,29049,59,0,7,129806838530052
6624,29049,60,0,0,131945732243460
6625,29049,60,0,1,131954322178052
6626,29049,60,0,2,131962912112644
6627,29049,60,0,3,131971502047236
6628,29049,60,0,4,131980091981828
6629,29049,60,0,5,131988681916420
6630,29049,60,0,6,131997271851012
6631,29049,60,0,7,132005861785604
6632,29049,61,0,0,134144755499012
6633,29049,61,0,1,134153345433604
6634,29049,61,0,2,134161935368196
6635,29049,61,0,3,134170525302788
6636,29049,61,0,4,134179115237380
6637,29049,61,0,5,134187705171972
6638,29049,61,0,6,134196295106564
6639,29049,61,0,7,134204885041156
6640,29049,62,0,0,136343778754564
6641,29049,62,0,1,136352368689156
6642,29049,62,0,2,136360958623748
6643,29049,62,0,3,136369548558340
6644,29049,62,0,4,136378138492932
6645,29049,62,0,5,136386728427524
6646,29049,62,0,6,136395318362116
6647,29049,62,0,7,136403908296708
6648,29049,63,0,0,138542802010116
6649,29049,63,0,1,138551391944708
6650,29049,63,0,2,138559981879300
6651,29049,63,0,3,138568571813892
6652,29049,63,0,4,138577161748484
6653,29049,63,0,5,138585751683076
6654,29049,63,0,6,138594341617668
6655,29049,63,0,7,138602931552260
6656,29051,0,0,0,4336910341
6657,29051,0,0,1,12926844933
6658,29051,0,0,2,21516779525
6659,29051,0,0,3,30106714117
6660,29051,0,0,4,38696648709
6661,29051,0,0,5,47286583301
6662,29051,0,0,6,55876517893
6663,29051,0,0,7,64466452485
6664,29051,1,0,0,2203360165893
6665,29051,1,0,1,2211950100485
6666,29051,1,0,2,2220540035077
6667,29051,1,0,3,2229129969669
6668,29051,1,0,4,2237719904261
6669,29051,1,0,5,2246309838853
6670,29051,1,0,6,2254899773445
6671,29051,1,0,7,2263489708037
6672,29051,2,0,0,4402383421445
6673,29051,2,0,1,4410973356037
6674,29051,2,0,2,4419563290629
6675,29051,2,0,3,4428153225221
6676,29051,2,0,4,4436743159813
6677,29051,2,0,5,4445333094405
6678,29051,2,0,6,4453923028997
6679,29051,2,0,7,4462512963589
6680,29051,3,0,0,6601406676997
6681,29051,3,0,1,6609996611589
6682,29051,3,0,2,6618586546181
6683,29051,3,0,3,6627176480773
6684,29051,3,0,4,6635766415365
6685,29051,3,0,5,6644356349957
6686,29051,3,0,6,6652946284549
6687,29051,3,0,7,6661536219141
6688,29051,4,0,0,8800429932549
6689,29051,4,0,1,8809019867141
6690,29051,4,0,2,8817609801733
6691,29051,4,0,3,8826199736325
6692,29051,4,0,4,8834789670917
6693,29051,4,0,5,8843379605509
6694,29051,4,0,6,8851969540101
6695,29051,4,0,7,8860559474693
6696,29051,5,0,0,10999453188101
6697,29051,5,0,1,11008043122693
6698,29051,5,0,2,11016633057285
6699,29051,5,0,3,11025222991877
6700,29051,5,0,4,11033812926469
6701,29051,5,0,5,11042402861061
6702,29051,5,0,6,11050992795653
6703,29051,5,0,7,11059582730245
6704,29051,6,0,0,13198476443653
6705,29051,6,0,1,13207066378245
6706,29051,6,0,2,13215656312837
6707,29051,6,0,3,13224246247429
6708,29051,6,0,4,13232836182021
6709,29051,6,0,5,13241426116613
6710,29051,6,0,6,13250016051205
6711,29051,6,0,7,13258605985797
6712,29051,7,0,0,15397499699205
6713,29051,7,0,1,15406089633797
6714,29051,7,0,2,15414679568389
6715,29051,7,0,3,15423269502981
6716,29051,7,0,4,15431859437573
6717,29051,7,0,5,15440449372165
6718,29051,7,0,6,15449039306757
6719,29051,7,0,7,15457629241349
6720,29051,8,0,0,17596522954757
6721,29051,8,0,1,17605112889349
6722,29051,8,0,2,17613702823941
6723,29051,8,0,3,17622292758533
6724,29051,8,0,4,17630882693125
6725,29051,8,0,5,17639472627717
6726,29051,8,0,6,17648062562309
6727,29051,8,0,7,17656652496901
6728,29051,9,0,0,19795546210309
6729,29051,9,0,1,19804136144901
6730,29051,9,0,2,19812726079493
6731,29051,9,0,3,19821316014085
6732,29051,9,0,4,19829905948677
6733,29051,9,0,5,19838495883269
6734,29051,9,0,6,19847085817861
6735,29051,9,0,7,19855675752453
6736,29051,10,0,0,21994569465861
6737,29051,10,0,1,22003159400453
6738,29051,10,0,2,22011749335045
6739,29051,10,0,3,22020339269637
6740,29051,10,0,4,22028929204229
6741,29051,10,0,5,22037519138821
6742,29051,10,0,6,22046109073413
6743,29051,10,0,7,22054699008005
6744,29051,11,0,0,24193592721413
6745,29051,11,0,1,24202182656005
6746,29051,11,0,2,24210772590597
6747,29051,11,0,3,24219362525189
6748,29051,11,0,4,24227952459781
6749,29051,11,0,5,24236542394373
6750,29051,11,0,6,24245132328965
6751,29051,11,0,7,24253722263557
6752,29051,12,0,0,26392615976965
6753,29051,12,0,1,26401205911557
6754,29051,12,0,2,26409795846149
6755,29051,12,0,3,26418385780741
6756,29051,12,0,4,26426975715333
6757,29051,12,0,5,26435565649925
6758,29051,12,0,6,26444155584517
6759,29051,12,0,7,26452745519109
6760,29051,13,0,0,28591639232517
6761,29051,13,0,1,28600229167109
6762,29051,13,0,2,28608819101701
6763,29051,13,0,3,28617409036293
6764,29051,13,0,4,28625998970885
6765,29051,13,0,5,28634588905477
6766,29051,13,0,6,28643178840069
6767,29051,13,0,7,28651768774661
6768,29051,14,0,0,30790662488069
6769,29051,14,0,1,30799252422661
6770,29051,14,0,2,30807842357253
6771,29051,14,0,3,30816432291845
6772,29051,14,0,4,30825022226437
6773,29051,14,0,5,30833612161029
6774,29051,14,0,6,30842202095621
6775,29051,14,0,7,30850792030213
6776,29051,15,0,0,32989685743621
6777,29051,15,0,1,32998275678213
6778,29051,15,0,2,33006865612805
6779,29051,15,0,3,33015455547397
6780,29051,15,0,4,33024045481989
6781,29051,15,0,5,33032635416581
6782,29051,15,0,6,33041225351173
6783,29051,15,0,7,33049815285765
6784,29051,16,0,0,35188708999173
6785,29051,16,0,1,35197298933765
6786,29051,16,0,2,35205888868357
6787,29051,16,0,3,35214478802949
6788,29051,16,0,4,35223068737541
6789,29051,16,0,5,35231658672133
6790,29051,16,0,6,35240248606725
6791,29051,16,0,7,35248838541317
6792,29051,17,0,0,37387732254725
6793,29051,17,0,1,37396322189317
6794,29051,17,0,2,37404912123909
6795,29051,17,0,3,37413502058501
6796,29051,17,0,4,37422091993093
6797,29051,17,0,5,37430681927685
6798,29051,17,0,6,37439271862277
6799,29051,17,0,7,37447861796869
6800,29051,18,0,0,39586755510277
6801,29051,18,0,1,39595345444869
6802,29051,18,0,2,39603935379461
6803,29051,18,0,3,39612525314053
6804,29051,18,0,4,39621115248645
6805,29051,18,0,5,39629705183237
6806,29051,18,0,6,39638295117829
6807,29051,18,0,7,39646885052421
6808,29051,19,0,0,41785778765829
6809,29051,19,0,1,41794368700421
6810,29051,19,0,2,41802958635013
6811,29051,19,0,3,41811548569605
6812,29051,19,0,4,41820138504197
6813,29051,19,0,5,41828728438789
6814,29051,19,0,6,41837318373381
6815,29051,19,0,7,41845908307973
6816,29051,20,0,0,43984802021381
6817,29051,20,0,1,43993391955973
6818,29051,20,0,2,44001981890565
6819,29051,20,0,3,44010571825157
6820,29051,20,0,4,44019161759749
6821,29051,20,0,5,44027751694341
6822,29051,20,0,6,44036341628933
6823,29051,20,0,7,44044931563525
6824,29051,21,0,0,46183825276933
6825,29051,21,0,1,46192415211525
6826,29051,21,0,2,46201005146117
6827,29051,21,0,3,46209595080709
6828,29051,21,0,4,46218185015301
6829,29051,21,0,5,46226774949893
6830,29051,21,0,6,46235364884485
6831,29051,21,0,7,46243954819077
6832,29051,22,0,0,48382848532485
6833,29051,22,0,1,48391438467077
6834,29051,22,0,2,48400028401669
6835,29051,22,0,3,48408618336261
6836,29051,22,0,4,48417208270853
6837,29051,22,0,5,48425798205445
6838,29051,22,0,6,48434388140037
6839,29051,22,0,7,48442978074629
6840,29051,23,0,0,50581871788037
6841,29051,23,0,1,50590461722629
6842,29051,23,0,2,50599051657221
6843,29051,23,0,3,50607641591813
6844,29051,23,0,4,50616231526405
6845,29051,23,0,5,50624821460997
6846,29051,23,0,6,50633411395589
6847,29051,23,0,7,50642001330181
6848,29051,24,0,0,52780895043589
6849,29051,24,0,1,52789484978181
6850,29051,24,0,2,52798074912773
6851,29051,24,0,3,52806664847365
6852,29051,24,0,4,52815254781957
6853,29051,24,0,5,52823844716549
6854,29051,24,0,6,52832434651141
6855,29051,24,0,7,52841024585733
6856,29051,25,0,0,54979918299141
6857,29051,25,0,1,54988508233733
6858,29051,25,0,2,54997098168325
6859,29051,25,0,3,55005688102917
6860,29051,25,0,4,55014278037509
6861,29051,25,0,5,55022867972101
6862,29051,25,0,6,55031457906693
6863,29051,25,0,7,55040047841285
6864,29051,26,0,0,57178941554693
6865,29051,26,0,1,57187531489285
6866,29051,26,0,2,57196121423877
6867,29051,26,0,3,57204711358469
6868,29051,26,0,4,57213301293061
6869,29051,26,0,5,57221891227653
6870,29051,26,0,6,57230481162245
6871,29051,26,0,7,57239071096837
6872,29051,27,0,0,59377964810245
6873,29051,27,0,1,59386554744837
6874,29051,27,0,2,59395144679429
6875,29051,27,0,3,59403734614021
6876,29051,27,0,4,59412324548613
6877,29051,27,0,5,59420914483205
6878,29051,27,0,6,59429504417797
6879,29051,27,0,7,59438094352389
6880,29051,28,0,0,61576988065797
6881,29051,28,0,1,61585578000389
6882,29051,28,0,2,61594167934981
6883,29051,28,0,3,61602757869573
6884,29051,28,0,4,61611347804165
6885,29051,28,0,5,61619937738757
6886,29051,28,0,6,61628527673349
6887,29051,28,0,7,61637117607941
6888,29051,29,0,0,63776011321349
6889,29051,29,0,1,63784601255941
6890,29051,29,0,2,63793191190533
6891,29051,29,0,3,63801781125125
6892,29051,29,0,4,63810371059717
6893,29051,29,0,5,63818960994309
6894,29051,29,0,6,63827550928901
6895,29051,29,0,7,63836140863493
6896,29051,30,0,0,65975034576901
6897,29051,30,0,1,65983624511493
6898,29051,30,0,2,65992214446085
6899,29051,30,0,3,66000804380677
6900,29051,30,0,4,66009394315269
6901,29051,30,0,5,66017984249861
6902,29051,30,0,6,66026574184453
6903,29051,30,0,7,66035164119045
6904,29051,31,0,0,68174057832453
6905,29051,31,0,1,68182647767045
6906,29051,31,0,2,68191237701637
6907,29051,31,0,3,68199827636229
6908,29051,31,0,4,68208417570821
6909,29051,31,0,5,68217007505413
6910,29051,31,0,6,68225597440005
6911,29051,31,0,7,68234187374597
6912,29051,32,0,0,70373081088005
6913,29051,32,0,1,70381671022597
6914,29051,32,0,2,70390260957189
6915,29051,32,0,3,70398850891781
6916,29051,32,0,4,70407440826373
6917,29051,32,0,5,70416030760965
6918,29051,32,0,6,70424620695557
6919,29051,32,0,7,70433210630149
6920,29051,33,0,0,72572104343557
6921,29051,33,0,1,72580694278149
6922,29051,33,0,2,72589284212741
6923,29051,33,0,3,72597874147333
6924,29051,33,0,4,72606464081925
6925,29051,33,0,5,72615054016517
6926,29051,33,0,6,72623643951109
6927,29051,33,0,7,72632233885701
6928,29051,34,0,0,74771127599109
6929,29051,34,0,1,74779717533701
6930,29051,34,0,2,74788307468293
6931,29051,34,0,3,74796897402885
6932,29051,34,0,4,74805487337477
6933,29051,34,0,5,74814077272069
6934,29051,34,0,6,74822667206661
6935,29051,34,0,7,74831257141253
6936,29051,35,0,0,76970150854661
6937,29051,35,0,1,76978740789253
6938,29051,35,0,2,76987330723845
6939,29051,35,0,3,76995920658437
6940,29051,35,0,4,77004510593029
6941,29051,35,0,5,77013100527621
6942,29051,35,0,6,77021690462213
6943,29051,35,0,7,77030280396805
6944,29051,36,0,0,79169174110213
6945,29051,36,0,1,79177764044805
6946,29051,36,0,2,79186353979397
6947,29051,36,0,3,79194943913989
6948,29051,36,0,4,79203533848581
6949,29051,36,0,5,79212123783173
6950,29051,36,0,6,79220713717765
6951,29051,36,0,7,79229303652357
6952,29051,37,0,0,81368197365765
6953,29051,37,0,1,81376787300357
6954,29051,37,0,2,81385377234949
6955,29051,37,0,3,81393967169541
6956,29051,37,0,4,81402557104133
6957,29051,37,0,5,81411147038725
6958,29051,37,0,6,81419736973317
6959,29051,37,0,7,81428326907909
6960,29051,38,0,0,83567220621317
6961,29051,38,0,1,83575810555909
6962,29051,38,0,2,83584400490501
6963,29051,38,0,3,83592990425093
6964,29051,38,0,4,83601580359685
6965,29051,38,0,5,83610170294277
6966,29051,38,0,6,83618760228869
6967,29051,38,0,7,83627350163461
6968,29051,39,0,0,85766243876869
6969,29051,39,0,1,85774833811461
6970,29051,39,0,2,85783423746053
6971,29051,39,0,3,85792013680645
6972,29051,39,0,4,85800603615237
6973,29051,39,0,5,85809193549829
6974,29051,39,0,6,85817783484421
6975,29051,39,0,7,85826373419013
6976,29051,40,0,0,87965267132421
6977,29051,40,0,1,87973857067013
6978,29051,40,0,2,87982447001605
6979,29051,40,0,3,87991036936197
6980,29051,40,0,4,87999626870789
6981,29051,40,0,5,88008216805381
6982,29051,40,0,6,88016806739973
6983,29051,40,0,7,88025396674565
6984,29051,41,0,0,90164290387973
6985,29051,41,0,1,90172880322565
6986,29051,41,0,2,90181470257157
6987,29051,41,0,3,90190060191749
6988,29051,41,0,4,90198650126341
6989,29051,41,0,5,90207240060933
6990,29051,41,0,6,90215829995525
6991,29051,41,0,7,90224419930117
6992,29051,42,0,0,92363313643525
6993,29051,42,0,1,92371903578117
6994,29051,42,0,2,92380493512709
6995,29051,42,0,3,92389083447301
6996,29051,42,0,4,92397673381893
6997,29051,42,0,5,92406263316485
6998,29051,42,0,6,92414853251077
6999,29051,42,0,7,92423443185669
7000,29051,43,0,0,94562336899077
7001,29051,43,0,1,94570926833669
7002,29051,43,0,2,94579516768261
7003,29051,43,0,3,94588106702853
7004,29051,43,0,4,94596696637445
7005,29051,43,0,5,94605286572037
7006,29051,43,0,6,94613876506629
7007,29051,43,0,7,94622466441221
7008,29051,44,0,0,96761360154629
7009,29051,44,0,1,96769950089221
7010,29051,44,0,2,96778540023813
7011,29051,44,0,3,96787129958405
7012,29051,44,0,4,96795719892997
7013,29051,44,0,5,96804309827589
7014,29051,44,0,6,96812899762181
7015,29051,44,0,7,96821489696773
7016,29051,45,0,0,98960383410181
7017,29051,45,0,1,98968973344773
7018,29051,45,0,2,98977563279365
7019,29051,45,0,3,98986153213957
7020,29051,45,0,4,98994743148549
7021,29051,45,0,5,99003333083141
7022,29051,45,0,6,99011923017733
7023,29051,45,0,7,99020512952325
7024,29051,46,0,0,101159406665733
7025,29051,46,0,1,101167996600325
7026,29051,46,0,2,101176586534917
7027,29051,46,0,3,101185176469509
7028,29051,46,0,4,101193766404101
7029,29051,46,0,5,101202356338693
7030,29051,46,0,6,101210946273285
7031,29051,46,0,7,101219536207877
7032,29051,47,0,0,103358429921285
7033,29051,47,0,1,103367019855877
7034,29051,47,0,2,103375609790469
7035,29051,47,0,3,103384199725061
7036,29051,47,0,4,103392789659653
7037,29051,47,0,5,103401379594245
7038,29051,47,0,6,103409969528837
7039,29051,47,0,7,103418559463429
7040,29051,48,0,0,105557453176837
7041,29051,48,0,1,105566043111429
7042,29051,48,0,2,105574633046021
7043,29051,48,0,3,105583222980613
7044,29051,48,0,4,105591812915205
7045,29051,48,0,5,105600402849797
7046,29051,48,0,6,105608992784389
7047,29051,48,0,7,105617582718981
7048,29051,49,0,0,107756476432389
7049,29051,49,0,1,107765066366981
7050,29051,49,0,2,107773656301573
7051,29051,49,0,3,107782246236165
7052,29051,49,0,4,107790836170757
7053,29051,49,0,5,107799426105349
7054,29051,49,0,6,107808016039941
7055,29051,49,0,7,107816605974533
7056,29051,50,0,0,109955499687941
7057,29051,50,0,1,109964089622533
7058,29051,50,0,2,109972679557125
7059,29051,50,0,3,109981269491717
7060,29051,50,0,4,109989859426309
7061,29051,50,0,5,109998449360901
7062,29051,50,0,6,110007039295493
7063,29051,50,0,7,110015629230085
7064,29051,51,0,0,112154522943493
7065,29051,51,0,1,112163112878085
7066,29051,51,0,2,112171702812677
7067,29051,51,0,3,112180292747269
7068,29051,51,0,4,112188882681861
7069,29051,51,0,5,112197472616453
7070,29051,51,0,6,112206062551045
7071,29051,51,0,7,112214652485637
7072,29051,52,0,0,114353546199045
7073,29051,52,0,1,114362136133637
7074,29051,52,0,2,114370726068229
7075,29051,52,0,3,114379316002821
7076,29051,52,0,4,114387905937413
7077,29051,52,0,5,114396495872005
7078,29051,52,0,6,114405085806597
7079,29051,52,0,7,114413675741189
7080,29051,53,0,0,116552569454597
7081,29051,53,0,1,116561159389189
7082,29051,53,0,2,116569749323781
7083,29051,53,0,3,116578339258373
7084,29051,53,0,4,116586929192965
7085,29051,53,0,5,116595519127557
7086,29051,53,0,6,116604109062149
7087,29051,53,0,7,116612698996741
7088,29051,54,0,0,118751592710149
7089,29051,54,0,1,118760182644741
7090,29051,54,0,2,118768772579333
7091,29051,54,0,3,118777362513925
7092,29051,54,0,4,118785952448517
7093,29051,54,0,5,118794542383109
7094,29051,54,0,6,118803132317701
7095,29051,54,0,7,118811722252293
7096,29051,55,0,0,120950615965701
7097,29051,55,0,1,120959205900293
7098,29051,55,0,2,120967795834885
7099,29051,55,0,3,120976385769477
7100,29051,55,0,4,120984975704069
7101,29051,55,0,5,120993565638661
7102,29051,55,0,6,121002155573253
7103,29051,55,0,7,121010745507845
7104,29051,56,0,0,123149639221253
7105,29051,56,0,1,123158229155845
7106,29051,56,0,2,123166819090437
7107,29051,56,0,3,123175409025029
7108,29051,56,0,4,123183998959621
7109,29051,56,0,5,123192588894213
7110,29051,56,0,6,123201178828805
7111,29051,56,0,7,123209768763397
7112,29051,57,0,0,125348662476805
7113,29051,57,0,1,125357252411397
7114,29051,57,0,2,125365842345989
7115,29051,57,0,3,125374432280581
7116,29051,57,0,4,125383022215173
7117,29051,57,0,5,125391612149765
7118,29051,57,0,6,125400202084357
7119,29051,57,0,7,125408792018949
7120,29051,58,0,0,127547685732357
7121,29051,58,0,1,127556275666949
7122,29051,58,0,2,127564865601541
7123,29051,58,0,3,127573455536133
7124,29051,58,0,4,127582045470725
7125,29051,58,0,5,127590635405317
7126,29051,58,0,6,127599225339909
7127,29051,58,0,7,127607815274501
7128,29051,59,0,0,129746708987909
7129,29051,59,0,1,129755298922501
7130,29051,59,0,2,129763888857093
7131,29051,59,0,3,129772478791685
7132,29051,59,0,4,129781068726277
7133,29051,59,0,5,129789658660869
7134,29051,59,0,6,129798248595461
7135,29051,59,0,7,129806838530053
7136,29051,60,0,0,131945732243461
7137,29051,60,0,1,131954322178053
7138,29051,60,0,2,131962912112645
7139,29051,60,0,3,131971502047237
7140,29051,60,0,4,131980091981829
7141,29051,60,0,5,131988681916421
7142,29051,60,0,6,131997271851013
7143,29051,60,0,7,132005861785605
7144,29051,61,0,0,134144755499013
7145,29051,61,0,1,134153345433605
7146,29051,61,0,2,134161935368197
7147,29051,61,0,3,134170525302789
7148,29051,61,0,4,134179115237381
7149,29051,61,0,5,134187705171973
7150,29051,61,0,6,134196295106565
7151,29051,61,0,7,134204885041157
7152,29051,62,0,0,136343778754565
7153,29051,62,0,1,136352368689157
7154,29051,62,0,2,136360958623749
7155,29051,62,0,3,136369548558341
7156,29051,62,0,4,136378138492933
7157,29051,62,0,5,136386728427525
7158,29051,62,0,6,136395318362117
7159,29051,62,0,7,136403908296709
7160,29051,63,0,0,138542802010117
7161,29051,63,0,1,138551391944709
7162,29051,63,0,2,138559981879301
7163,29051,63,0,3,138568571813893
7164,29051,63,0,4,138577161748485
7165,29051,63,0,5,138585751683077
7166,29051,63,0,6,138594341617669
7167,29051,63,0,7,138602931552261
7168,29053,0,0,0,4336910342
7169,29053,0,0,1,12926844934
7170,29053,0,0,2,21516779526
7171,29053,0,0,3,30106714118
7172,29053,0,0,4,38696648710
7173,29053,0,0,5,47286583302
7174,29053,0,0,6,55876517894
7175,29053,0,0,7,64466452486
7176,29053,1,0,0,2203360165894
7177,29053,1,0,1,2211950100486
7178,29053,1,0,2,2220540035078
7179,29053,1,0,3,2229129969670
7180,29053,1,0,4,2237719904262
7181,29053,1,0,5,2246309838854
7182,29053,1,0,6,2254899773446
7183,29053,1,0,7,2263489708038
7184,29053,2,0,0,4402383421446
7185,29053,2,0,1,4410973356038
7186,29053,2,0,2,4419563290630
7187,29053,2,0,3,4428153225222
7188,29053,2,0,4,4436743159814
7189,29053,2,0,5,4445333094406
7190,29053,2,0,6,4453923028998
7191,29053,2,0,7,4462512963590
7192,29053,3,0,0,6601406676998
7193,29053,3,0,1,6609996611590
7194,29053,3,0,2,6618586546182
7195,29053,3,0,3,6627176480774
7196,29053,3,0,4,6635766415366
7197,29053,3,0,5,6644356349958
7198,29053,3,0,6,6652946284550
7199,29053,3,0,7,6661536219142
7200,29053,4,0,0,8800429932550
7201,29053,4,0,1,8809019867142
7202,29053,4,0,2,8817609801734
7203,29053,4,0,3,8826199736326
7204,29053,4,0,4,8834789670918
7205,29053,4,0,5,8843379605510
7206,29053,4,0,6,8851969540102
7207,29053,4,0,7,8860559474694
7208,29053,5,0,0,10999453188102
7209,29053,5,0,1,11008043122694
7210,29053,5,0,2,11016633057286
7211,29053,5,0,3,11025222991878
7212,29053,5,0,4,11033812926470
7213,29053,5,0,5,11042402861062
7214,29053,5,0,6,11050992795654
7215,29053,5,0,7,11059582730246
7216,29053,6,0,0,13198476443654
7217,29053,6,0,1,13207066378246
7218,29053,6,0,2,13215656312838
7219,29053,6,0,3,13224246247430
7220,29053,6,0,4,13232836182022
7221,29053,6,0,5,13241426116614
7222,29053,6,0,6,13250016051206
7223,29053,6,0,7,13258605985798
7224,29053,7,0,0,15397499699206
7225,29053,7,0,1,15406089633798
7226,29053,7,0,2,15414679568390
7227,29053,7,0,3,15423269502982
7228,29053,7,0,4,15431859437574
7229,29053,7,0,5,15440449372166
7230,29053,7,0,6,15449039306758
7231,29053,7,0,7,15457629241350
7232,29053,8,0,0,17596522954758
7233,29053,8,0,1,17605112889350
7234,29053,8,0,2,17613702823942
7235,29053,8,0,3,17622292758534
7236,29053,8,0,4,17630882693126
7237,29053,8,0,5,17639472627718
7238,29053,8,0,6,17648062562310
7239,29053,8,0,7,17656652496902
7240,29053,9,0,0,19795546210310
7241,29053,9,0,1,19804136144902
7242,29053,9,0,2,19812726079494
7243,29053,9,0,3,19821316014086
7244,29053,9,0,4,19829905948678
7245,29053,9,0,5,19838495883270
7246,29053,9,0,6,19847085817862
7247,29053,9,0,7,19855675752454
7248,29053,10,0,0,21994569465862
7249,29053,10,0,1,22003159400454
7250,29053,10,0,2,22011749335046
7251,29053,10,0,3,22020339269638
7252,29053,10,0,4,22028929204230
7253,29053,10,0,5,22037519138822
7254,29053,10,0,6,22046109073414
7255,29053,10,0,7,22054699008006
7256,29053,11,0,0,24193592721414
7257,29053,11,0,1,24202182656006
7258,29053,11,0,2,24210772590598
7259,29053,11,0,3,24219362525190
7260,29053,11,0,4,24227952459782
7261,29053,11,0,5,24236542394374
7262,29053,11,0,6,24245132328966
7263,29053,11,0,7,24253722263558
7264,29053,12,0,0,26392615976966
7265,29053,12,0,1,26401205911558
7266,29053,12,0,2,26409795846150
7267,29053,12,0,3,26418385780742
7268,29053,12,0,4,26426975715334
7269,29053,12,0,5,26435565649926
7270,29053,12,0,6,26444155584518
7271,29053,12,0,7,26452745519110
7272,29053,13,0,0,28591639232518
7273,29053,13,0,1,28600229167110
7274,29053,13,0,2,28608819101702
7275,29053,13,0,3,28617409036294
7276,29053,13,0,4,28625998970886
7277,29053,13,0,5,28634588905478
7278,29053,13,0,6,28643178840070
7279,29053,13,0,7,28651768774662
7280,29053,14,0,0,30790662488070
7281,29053,14,0,1,30799252422662
7282,29053,14,0,2,30807842357254
7283,29053,14,0,3,30816432291846
7284,29053,14,0,4,30825022226438
7285,29053,14,0,5,30833612161030
7286,29053,14,0,6,30842202095622
7287,29053,14,0,7,30850792030214
7288,29053,15,0,0,32989685743622
7289,29053,15,0,1,32998275678214
7290,29053,15,0,2,33006865612806
7291,29053,15,0,3,33015455547398
7292,29053,15,0,4,33024045481990
7293,29053,15,0,5,33032635416582
7294,29053,15,0,6,33041225351174
7295,29053,15,0,7,33049815285766
7296,29053,16,0,0,35188708999174
7297,29053,16,0,1,35197298933766
7298,29053,16,0,2,35205888868358
7299,29053,16,0,3,35214478802950
7300,29053,16,0,4,35223068737542
7301,29053,16,0,5,35231658672134
7302,29053,16,0,6,35240248606726
7303,29053,16,0,7,35248838541318
7304,29053,17,0,0,37387732254726
7305,29053,17,0,1,37396322189318
7306,29053,17,0,2,37404912123910
7307,29053,17,0,3,37413502058502
7308,29053,17,0,4,37422091993094
7309,29053,17,0,5,37430681927686
7310,29053,17,0,6,37439271862278
7311,29053,17,0,7,37447861796870
7312,29053,18,0,0,39586755510278
7313,29053,18,0,1,39595345444870
7314,29053,18,0,2,39603935379462
7315,29053,18,0,3,39612525314054
7316,29053,18,0,4,39621115248646
7317,29053,18,0,5,39629705183238
7318,29053,18,0,6,39638295117830
7319,29053,18,0,7,39646885052422
7320,29053,19,0,0,41785778765830
7321,29053,19,0,1,41794368700422
7322,29053,19,0,2,41802958635014
7323,29053,19,0,3,41811548569606
7324,29053,19,0,4,41820138504198
7325,29053,19,0,5,41828728438790
7326,29053,19,0,6,41837318373382
7327,29053,19,0,7,41845908307974
7328,29053,20,0,0,43984802021382
7329,29053,20,0,1,43993391955974
7330,29053,20,0,2,44001981890566
7331,29053,20,0,3,44010571825158
7332,29053,20,0,4,44019161759750
7333,29053,20,0,5,44027751694342
7334,29053,20,0,6,44036341628934
7335,29053,20,0,7,44044931563526
7336,29053,21,0,0,46183825276934
7337,29053,21,0,1,46192415211526
7338,29053,21,0,2,46201005146118
7339,29053,21,0,3,46209595080710
7340,29053,21,0,4,46218185015302
7341,29053,21,0,5,46226774949894
7342,29053,21,0,6,46235364884486
7343,29053,21,0,7,46243954819078
7344,29053,22,0,0,48382848532486
7345,29053,22,0,1,48391438467078
7346,29053,22,0,2,48400028401670
7347,29053,22,0,3,48408618336262
7348,29053,22,0,4,48417208270854
7349,29053,22,0,5,48425798205446
7350,29053,22,0,6,48434388140038
7351,29053,22,0,7,48442978074630
7352,29053,23,0,0,50581871788038
7353,29053,23,0,1,50590461722630
7354,29053,23,0,2,50599051657222
7355,29053,23,0,3,50607641591814
7356,29053,23,0,4,50616231526406
7357,29053,23,0,5,50624821460998
7358,29053,23,0,6,50633411395590
7359,29053,23,0,7,50642001330182
7360,29053,24,0,0,52780895043590
7361,29053,24,0,1,52789484978182
7362,29053,24,0,2,52798074912774
7363,29053,24,0,3,52806664847366
7364,29053,24,0,4,52815254781958
7365,29053,24,0,5,52823844716550
7366,29053,24,0,6,52832434651142
7367,29053,24,0,7,52841024585734
7368,29053,25,0,0,54979918299142
7369,29053,25,0,1,54988508233734
7370,29053,25,0,2,54997098168326
7371,29053,25,0,3,55005688102918
7372,29053,25,0,4,55014278037510
7373,29053,25,0,5,55022867972102
7374,29053,25,0,6,55031457906694
7375,29053,25,0,7,55040047841286
7376,29053,26,0,0,57178941554694
7377,29053,26,0,1,57187531489286
7378,29053,26,0,2,57196121423878
7379,29053,26,0,3,57204711358470
7380,29053,26,0,4,57213301293062
7381,29053,26,0,5,57221891227654
7382,29053,26,0,6,57230481162246
7383,29053,26,0,7,57239071096838
7384,29053,27,0,0,59377964810246
7385,29053,27,0,1,59386554744838
7386,29053,27,0,2,59395144679430
7387,29053,27,0,3,59403734614022
7388,29053,27,0,4,59412324548614
7389,29053,27,0,5,59420914483206
7390,29053,27,0,6,59429504417798
7391,29053,27,0,7,59438094352390
7392,29053,28,0,0,61576988065798
7393,29053,28,0,1,61585578000390
7394,29053,28,0,2,61594167934982
7395,29053,28,0,3,61602757869574
7396,29053,28,0,4,61611347804166
7397,29053,28,0,5,61619937738758
7398,29053,28,0,6,61628527673350
7399,29053,28,0,7,61637117607942
7400,29053,29,0,0,63776011321350
7401,29053,29,0,1,63784601255942
7402,29053,29,0,2,63793191190534
7403,29053,29,0,3,63801781125126
7404,29053,29,0,4,63810371059718
7405,29053,29,0,5,63818960994310
7406,29053,29,0,6,63827550928902
7407,29053,29,0,7,63836140863494
7408,29053,30,0,0,65975034576902
7409,29053,30,0,1,65983624511494
7410,29053,30,0,2,65992214446086
7411,29053,30,0,3,66000804380678
7412,29053,30,0,4,66009394315270
7413,29053,30,0,5,66017984249862
7414,29053,30,0,6,66026574184454
7415,29053,30,0,7,66035164119046
7416,29053,31,0,0,68174057832454
7417,29053,31,0,1,68182647767046
7418,29053,31,0,2,68191237701638
7419,29053,31,0,3,68199827636230
7420,29053,31,0,4,68208417570822
7421,29053,31,0,5,68217007505414
7422,29053,31,0,6,68225597440006
7423,29053,31,0,7,68234187374598
7424,29053,32,0,0,70373081088006
7425,29053,32,0,1,70381671022598
7426,29053,32,0,2,70390260957190
7427,29053,32,0,3,70398850891782
7428,29053,32,0,4,70407440826374
7429,29053,32,0,5,70416030760966
7430,29053,32,0,6,70424620695558
7431,29053,32,0,7,70433210630150
7432,29053,33,0,0,72572104343558
7433,29053,33,0,1,72580694278150
7434,29053,33,0,2,72589284212742
7435,29053,33,0,3,72597874147334
7436,29053,33,0,4,72606464081926
7437,29053,33,0,5,72615054016518
7438,29053,33,0,6,72623643951110
7439,29053,33,0,7,72632233885702
7440,29053,34,0,0,74771127599110
7441,29053,34,0,1,74779717533702
7442,29053,34,0,2,74788307468294
7443,29053,34,0,3,74796897402886
7444,29053,34,0,4,74805487337478
7445,29053,34,0,5,74814077272070
7446,29053,34,0,6,74822667206662
7447,29053,34,0,7,74831257141254
7448,29053,35,0,0,76970150854662
7449,29053,35,0,1,76978740789254
7450,29053,35,0,2,76987330723846
7451,29053,35,0,3,76995920658438
7452,29053,35,0,4,77004510593030
7453,29053,35,0,5,77013100527622
7454,29053,35,0,6,77021690462214
7455,29053,35,0,7,77030280396806
7456,29053,36,0,0,79169174110214
7457,29053,36,0,1,79177764044806
7458,29053,36,0,2,79186353979398
7459,29053,36,0,3,79194943913990
7460,29053,36,0,4,79203533848582
7461,29053,36,0,5,79212123783174
7462,29053,36,0,6,79220713717766
7463,29053,36,0,7,79229303652358
7464,29053,37,0,0,81368197365766
7465,29053,37,0,1,81376787300358
7466,29053,37,0,2,81385377234950
7467,29053,37,0,3,81393967169542
7468,29053,37,0,4,81402557104134
7469,29053,37,0,5,81411147038726
7470,29053,37,0,6,81419736973318
7471,29053,37,0,7,81428326907910
7472,29053,38,0,0,83567220621318
7473,29053,38,0,1,83575810555910
7474,29053,38,0,2,83584400490502
7475,29053,38,0,3,83592990425094
7476,29053,38,0,4,83601580359686
7477,29053,38,0,5,83610170294278
7478,29053,38,0,6,83618760228870
7479,29053,38,0,7,83627350163462
7480,29053,39,0,0,85766243876870
7481,29053,39,0,1,85774833811462
7482,29053,39,0,2,85783423746054
7483,29053,39,0,3,85792013680646
7484,29053,39,0,4,85800603615238
7485,29053,39,0,5,85809193549830
7486,29053,39,0,6,85817783484422
7487,29053,39,0,7,85826373419014
7488,29053,40,0,0,87965267132422
7489,29053,40,0,1,87973857067014
7490,29053,40,0,2,87982447001606
7491,29053,40,0,3,87991036936198
7492,29053,40,0,4,87999626870790
7493,29053,40,0,5,88008216805382
7494,29053,40,0,6,88016806739974
7495,29053,40,0,7,88025396674566
7496,29053,41,0,0,90164290387974
7497,29053,41,0,1,90172880322566
7498,29053,41,0,2,90181470257158
7499,29053,41,0,3,90190060191750
7500,29053,41,0,4,90198650126342
7501,29053,41,0,5,90207240060934
7502,29053,41,0,6,90215829995526
7503,29053,41,0,7,90224419930118
7504,29053,42,0,0,92363313643526
7505,29053,42,0,1,92371903578118
7506,29053,42,0,2,92380493512710
7507,29053,42,0,3,92389083447302
7508,29053,42,0,4,92397673381894
7509,29053,42,0,5,92406263316486
7510,29053,42,0,6,92414853251078
7511,29053,42,0,7,92423443185670
7512,29053,43,0,0,94562336899078
7513,29053,43,0,1,94570926833670
7514,29053,43,0,2,94579516768262
7515,29053,43,0,3,94588106702854
7516,29053,43,0,4,94596696637446
7517,29053,43,0,5,94605286572038
7518,29053,43,0,6,94613876506630
7519,29053,43,0,7,94622466441222
7520,29053,44,0,0,96761360154630
7521,29053,44,0,1,96769950089222
7522,29053,44,0,2,96778540023814
7523,29053,44,0,3,96787129958406
7524,29053,44,0,4,96795719892998
7525,29053,44,0,5,96804309827590
7526,29053,44,0,6,96812899762182
7527,29053,44,0,7,96821489696774
7528,29053,45,0,0,98960383410182
7529,29053,45,0,1,98968973344774
7530,29053,45,0,2,98977563279366
7531,29053,45,0,3,98986153213958
7532,29053,45,0,4,98994743148550
7533,29053,45,0,5,99003333083142
7534,29053,45,0,6,99011923017734
7535,29053,45,0,7,99020512952326
7536,29053,46,0,0,101159406665734
7537,29053,46,0,1,101167996600326
7538,29053,46,0,2,101176586534918
7539,29053,46,0,3,101185176469510
7540,29053,46,0,4,101193766404102
7541,29053,46,0,5,101202356338694
7542,29053,46,0,6,101210946273286
7543,29053,46,0,7,101219536207878
7544,29053,47,0,0,103358429921286
7545,29053,47,0,1,103367019855878
7546,29053,47,0,2,103375609790470
7547,29053,47,0,3,103384199725062
7548,29053,47,0,4,103392789659654
7549,29053,47,0,5,103401379594246
7550,29053,47,0,6,103409969528838
7551,29053,47,0,7,103418559463430
7552,29053,48,0,0,105557453176838
7553,29053,48,0,1,105566043111430
7554,29053,48,0,2,105574633046022
7555,29053,48,0,3,105583222980614
7556,29053,48,0,4,105591812915206
7557,29053,48,0,5,105600402849798
7558,29053,48,0,6,105608992784390
7559,29053,48,0,7,105617582718982
7560,29053,49,0,0,107756476432390
7561,29053,49,0,1,107765066366982
7562,29053,49,0,2,107773656301574
7563,29053,49,0,3,107782246236166
7564,29053,49,0,4,107790836170758
7565,29053,49,0,5,107799426105350
7566,29053,49,0,6,107808016039942
7567,29053,49,0,7,107816605974534
7568,29053,50,0,0,109955499687942
7569,29053,50,0,1,109964089622534
7570,29053,50,0,2,109972679557126
7571,29053,50,0,3,109981269491718
7572,29053,50,0,4,109989859426310
7573,29053,50,0,5,109998449360902
7574,29053,50,0,6,110007039295494
7575,29053,50,0,7,110015629230086
7576,29053,51,0,0,112154522943494
7577,29053,51,0,1,112163112878086
7578,29053,51,0,2,112171702812678
7579,29053,51,0,3,112180292747270
7580,29053,51,0,4,112188882681862
7581,29053,51,0,5,112197472616454
7582,29053,51,0,6,112206062551046
7583,29053,51,0,7,112214652485638
7584,29053,52,0,0,114353546199046
7585,29053,52,0,1,114362136133638
7586,29053,52,0,2,114370726068230
7587,29053,52,0,3,114379316002822
7588,29053,52,0,4,114387905937414
7589,29053,52,0,5,114396495872006
7590,29053,52,0,6,114405085806598
7591,29053,52,0,7,114413675741190
7592,29053,53,0,0,116552569454598
7593,29053,53,0,1,116561159389190
7594,29053,53,0,2,116569749323782
7595,29053,53,0,3,116578339258374
7596,29053,53,0,4,116586929192966
7597,29053,53,0,5,116595519127558
7598,29053,53,0,6,116604109062150
7599,29053,53,0,7,116612698996742
7600,29053,54,0,0,118751592710150
7601,29053,54,0,1,118760182644742
7602,29053,54,0,2,118768772579334
7603,29053,54,0,3,118777362513926
7604,29053,54,0,4,118785952448518
7605,29053,54,0,5,118794542383110
7606,29053,54,0,6,118803132317702
7607,29053,54,0,7,118811722252294
7608,29053,55,0,0,120950615965702
7609,29053,55,0,1,120959205900294
7610,29053,55,0,2,120967795834886
7611,29053,55,0,3,120976385769478
7612,29053,55,0,4,120984975704070
7613,29053,55,0,5,120993565638662
7614,29053,55,0,6,121002155573254
7615,29053,55,0,7,121010745507846
7616,29053,56,0,0,123149639221254
7617,29053,56,0,1,123158229155846
7618,29053,56,0,2,123166819090438
7619,29053,56,0,3,123175409025030
7620,29053,56,0,4,123183998959622
7621,29053,56,0,5,123192588894214
7622,29053,56,0,6,123201178828806
7623,29053,56,0,7,123209768763398
7624,29053,57,0,0,125348662476806
7625,29053,57,0,1,125357252411398
7626,29053,57,0,2,125365842345990
7627,29053,57,0,3,125374432280582
7628,29053,57,0,4,125383022215174
7629,29053,57,0,5,125391612149766
7630,29053,57,0,6,125400202084358
7631,29053,57,0,7,125408792018950
7632,29053,58,0,0,127547685732358
7633,29053,58,0,1,127556275666950
7634,29053,58,0,2,127564865601542
7635,29053,58,0,3,127573455536134
7636,29053,58,0,4,127582045470726
7637,29053,58,0,5,127590635405318
7638,29053,58,0,6,127599225339910
7639,29053,58,0,7,127607815274502
7640,29053,59,0,0,129746708987910
7641,29053,59,0,1,129755298922502
7642,29053,59,0,2,129763888857094
7643,29053,59,0,3,129772478791686
7644,29053,59,0,4,129781068726278
7645,29053,59,0,5,129789658660870
7646,29053,59,0,6,129798248595462
7647,29053,59,0,7,129806838530054
7648,29053,60,0,0,131945732243462
7649,29053,60,0,1,131954322178054
7650,29053,60,0,2,131962912112646
7651,29053,60,0,3,131971502047238
7652,29053,60,0,4,131980091981830
7653,29053,60,0,5,131988681916422
7654,29053,60,0,6,131997271851014
7655,29053,60,0,7,132005861785606
7656,29053,61,0,0,134144755499014
7657,29053,61,0,1,134153345433606
7658,29053,61,0,2,134161935368198
7659,29053,61,0,3,134170525302790
7660,29053,61,0,4,134179115237382
7661,29053,61,0,5,134187705171974
7662,29053,61,0,6,134196295106566
7663,29053,61,0,7,134204885041158
7664,29053,62,0,0,136343778754566
7665,29053,62,0,1,136352368689158
7666,29053,62,0,2,136360958623750
7667,29053,62,0,3,136369548558342
7668,29053,62,0,4,136378138492934
7669,29053,62,0,5,136386728427526
7670,29053,62,0,6,136395318362118
7671,29053,62,0,7,136403908296710
7672,29053,63,0,0,138542802010118
7673,29053,63,0,1,138551391944710
7674,29053,63,0,2,138559981879302
7675,29053,63,0,3,138568571813894
7676,29053,63,0,4,138577161748486
7677,29053,63,0,5,138585751683078
7678,29053,63,0,6,138594341617670
7679,29053,63,0,7,138602931552262
7680,29055,0,0,0,4336910343
7681,29055,0,0,1,12926844935
7682,29055,0,0,2,21516779527
7683,29055,0,0,3,30106714119
7684,29055,0,0,4,38696648711
7685,29055,0,0,5,47286583303
7686,29055,0,0,6,55876517895
7687,29055,0,0,7,64466452487
7688,29055,1,0,0,2203360165895
7689,29055,1,0,1,2211950100487
7690,29055,1,0,2,2220540035079
7691,29055,1,0,3,2229129969671
7692,29055,1,0,4,2237719904263
7693,29055,1,0,5,2246309838855
7694,29055,1,0,6,2254899773447
7695,29055,1,0,7,2263489708039
7696,29055,2,0,0,4402383421447
7697,29055,2,0,1,4410973356039
7698,29055,2,0,2,4419563290631
7699,29055,2,0,3,4428153225223
7700,29055,2,0,4,4436743159815
7701,29055,2,0,5,4445333094407
7702,29055,2,0,6,4453923028999
7703,29055,2,0,7,4462512963591
7704,29055,3,0,0,6601406676999
7705,29055,3,0,1,6609996611591
7706,29055,3,0,2,6618586546183
7707,29055,3,0,3,6627176480775
7708,29055,3,0,4,6635766415367
7709,29055,3,0,5,6644356349959
7710,29055,3,0,6,6652946284551
7711,29055,3,0,7,6661536219143
7712,29055,4,0,0,8800429932551
7713,29055,4,0,1,8809019867143
7714,29055,4,0,2,8817609801735
7715,29055,4,0,3,8826199736327
7716,29055,4,0,4,8834789670919
7717,29055,4,0,5,8843379605511
7718,29055,4,0,6,8851969540103
7719,29055,4,0,7,8860559474695
7720,29055,5,0,0,10999453188103
7721,29055,5,0,1,11008043122695
7722,29055,5,0,2,11016633057287
7723,29055,5,0,3,11025222991879
7724,29055,5,0,4,11033812926471
7725,29055,5,0,5,11042402861063
7726,29055,5,0,6,11050992795655
7727,29055,5,0,7,11059582730247
7728,29055,6,0,0,13198476443655
7729,29055,6,0,1,13207066378247
7730,29055,6,0,2,13215656312839
7731,29055,6,0,3,13224246247431
7732,29055,6,0,4,13232836182023
7733,29055,6,0,5,13241426116615
7734,29055,6,0,6,13250016051207
7735,29055,6,0,7,13258605985799
7736,29055,7,0,0,15397499699207
7737,29055,7,0,1,15406089633799
7738,29055,7,0,2,15414679568391
7739,29055,7,0,3,15423269502983
7740,29055,7,0,4,15431859437575
7741,29055,7,0,5,15440449372167
7742,29055,7,0,6,15449039306759
7743,29055,7,0,7,15457629241351
7744,29055,8,0,0,17596522954759
7745,29055,8,0,1,17605112889351
7746,29055,8,0,2,17613702823943
7747,29055,8,0,3,17622292758535
7748,29055,8,0,4,17630882693127
7749,29055,8,0,5,17639472627719
7750,29055,8,0,6,17648062562311
7751,29055,8,0,7,17656652496903
7752,29055,9,0,0,19795546210311
7753,29055,9,0,1,19804136144903
7754,29055,9,0,2,19812726079495
7755,29055,9,0,3,19821316014087
7756,29055,9,0,4,19829905948679
7757,29055,9,0,5,19838495883271
7758,29055,9,0,6,19847085817863
7759,29055,9,0,7,19855675752455
7760,29055,10,0,0,21994569465863
7761,29055,10,0,1,22003159400455
7762,29055,10,0,2,22011749335047
7763,29055,10,0,3,22020339269639
7764,29055,10,0,4,22028929204231
7765,29055,10,0,5,22037519138823
7766,29055,10,0,6,22046109073415
7767,29055,10,0,7,22054699008007
7768,29055,11,0,0,24193592721415
7769,29055,11,0,1,24202182656007
7770,29055,11,0,2,24210772590599
7771,29055,11,0,3,24219362525191
7772,29055,11,0,4,24227952459783
7773,29055,11,0,5,24236542394375
7774,29055,11,0,6,24245132328967
7775,29055,11,0,7,24253722263559
7776,29055,12,0,0,26392615976967
7777,29055,12,0,1,26401205911559
7778,29055,12,0,2,26409795846151
7779,29055,12,0,3,26418385780743
7780,29055,12,0,4,26426975715335
7781,29055,12,0,5,26435565649927
7782,29055,12,0,6,26444155584519
7783,29055,12,0,7,26452745519111
7784,29055,13,0,0,28591639232519
7785,29055,13,0,1,28600229167111
7786,29055,13,0,2,28608819101703
7787,29055,13,0,3,28617409036295
7788,29055,13,0,4,28625998970887
7789,29055,13,0,5,28634588905479
7790,29055,13,0,6,28643178840071
7791,29055,13,0,7,28651768774663
7792,29055,14,0,0,30790662488071
7793,29055,14,0,1,30799252422663
7794,29055,14,0,2,30807842357255
7795,29055,14,0,3,30816432291847
7796,29055,14,0,4,30825022226439
7797,29055,14,0,5,30833612161031
7798,29055,14,0,6,30842202095623
7799,29055,14,0,7,30850792030215
7800,29055,15,0,0,32989685743623
7801,29055,15,0,1,32998275678215
7802,29055,15,0,2,33006865612807
7803,29055,15,0,3,33015455547399
7804,29055,15,0,4,33024045481991
7805,29055,15,0,5,33032635416583
7806,29055,15,0,6,33041225351175
7807,29055,15,0,7,33049815285767
7808,29055,16,0,0,35188708999175
7809,29055,16,0,1,35197298933767
7810,29055,16,0,2,35205888868359
7811,29055,16,0,3,35214478802951
7812,29055,16,0,4,35223068737543
7813,29055,16,0,5,35231658672135
7814,29055,16,0,6,35240248606727
7815,29055,16,0,7,35248838541319
7816,29055,17,0,0,37387732254727
7817,29055,17,0,1,37396322189319
7818,29055,17,0,2,37404912123911
7819,29055,17,0,3,37413502058503
7820,29055,17,0,4,37422091993095
7821,29055,17,0,5,37430681927687
7822,29055,17,0,6,37439271862279
7823,29055,17,0,7,37447861796871
7824,29055,18,0,0,39586755510279
7825,29055,18,0,1,39595345444871
7826,29055,18,0,2,39603935379463
7827,29055,18,0,3,39612525314055
7828,29055,18,0,4,39621115248647
7829,29055,18,0,5,39629705183239
7830,29055,18,0,6,39638295117831
7831,29055,18,0,7,39646885052423
7832,29055,19,0,0,41785778765831
7833,29055,19,0,1,41794368700423
7834,29055,19,0,2,41802958635015
7835,29055,19,0,3,41811548569607
7836,29055,19,0,4,41820138504199
7837,29055,19,0,5,41828728438791
7838,29055,19,0,6,41837318373383
7839,29055,19,0,7,41845908307975
7840,29055,20,0,0,43984802021383
7841,29055,20,0,1,43993391955975
7842,29055,20,0,2,44001981890567
7843,29055,20,0,3,44010571825159
7844,29055,20,0,4,44019161759751
7845,29055,20,0,5,44027751694343
7846,29055,20,0,6,44036341628935
7847,29055,20,0,7,44044931563527
7848,29055,21,0,0,46183825276935
7849,29055,21,0,1,46192415211527
7850,29055,21,0,2,46201005146119
7851,29055,21,0,3,46209595080711
7852,29055,21,0,4,46218185015303
7853,29055,21,0,5,46226774949895
7854,29055,21,0,6,46235364884487
7855,29055,21,0,7,46243954819079
7856,29055,22,0,0,48382848532487
7857,29055,22,0,1,48391438467079
7858,29055,22,0,2,48400028401671
7859,29055,22,0,3,48408618336263
7860,29055,22,0,4,48417208270855
7861,29055,22,0,5,48425798205447
7862,29055,22,0,6,48434388140039
7863,29055,22,0,7,48442978074631
7864,29055,23,0,0,50581871788039
7865,29055,23,0,1,50590461722631
7866,29055,23,0,2,50599051657223
7867,29055,23,0,3,50607641591815
7868,29055,23,0,4,50616231526407
7869,29055,23,0,5,50624821460999
7870,29055,23,0,6,50633411395591
7871,29055,23,0,7,50642001330183
7872,29055,24,0,0,52780895043591
7873,29055,24,0,1,52789484978183
7874,29055,24,0,2,52798074912775
7875,29055,24,0,3,52806664847367
7876,29055,24,0,4,52815254781959
7877,29055,24,0,5,52823844716551
7878,29055,24,0,6,52832434651143
7879,29055,24,0,7,52841024585735
7880,29055,25,0,0,54979918299143
7881,29055,25,0,1,54988508233735
7882,29055,25,0,2,54997098168327
7883,29055,25,0,3,55005688102919
7884,29055,25,0,4,55014278037511
7885,29055,25,0,5,55022867972103
7886,29055,25,0,6,55031457906695
7887,29055,25,0,7,55040047841287
7888,29055,26,0,0,57178941554695
7889,29055,26,0,1,57187531489287
7890,29055,26,0,2,57196121423879
7891,29055,26,0,3,57204711358471
7892,29055,26,0,4,57213301293063
7893,29055,26,0,5,57221891227655
7894,29055,26,0,6,57230481162247
7895,29055,26,0,7,57239071096839
7896,29055,27,0,0,59377964810247
7897,29055,27,0,1,59386554744839
7898,29055,27,0,2,59395144679431
7899,29055,27,0,3,59403734614023
7900,29055,27,0,4,59412324548615
7901,29055,27,0,5,59420914483207
7902,29055,27,0,6,59429504417799
7903,29055,27,0,7,59438094352391
7904,29055,28,0,0,61576988065799
7905,29055,28,0,1,61585578000391
7906,29055,28,0,2,61594167934983
7907,29055,28,0,3,61602757869575
7908,29055,28,0,4,61611347804167
7909,29055,28,0,5,61619937738759
7910,29055,28,0,6,61628527673351
7911,29055,28,0,7,61637117607943
7912,29055,29,0,0,63776011321351
7913,29055,29,0,1,63784601255943
7914,29055,29,0,2,63793191190535
7915,29055,29,0,3,63801781125127
7916,29055,29,0,4,63810371059719
7917,29055,29,0,5,63818960994311
7918,29055,29,0,6,63827550928903
7919,29055,29,0,7,63836140863495
7920,29055,30,0,0,65975034576903
7921,29055,30,0,1,65983624511495
7922,29055,30,0,2,65992214446087
7923,29055,30,0,3,66000804380679
7924,29055,30,0,4,66009394315271
7925,29055,30,0,5,66017984249863
7926,29055,30,0,6,66026574184455
7927,29055,30,0,7,66035164119047
7928,29055,31,0,0,68174057832455
7929,29055,31,0,1,68182647767047
7930,29055,31,0,2,68191237701639
7931,29055,31,0,3,68199827636231
7932,29055,31,0,4,68208417570823
7933,29055,31,0,5,68217007505415
7934,29055,31,0,6,68225597440007
7935,29055,31,0,7,68234187374599
7936,29055,32,0,0,70373081088007
7937,29055,32,0,1,70381671022599
7938,29055,32,0,2,70390260957191
7939,29055,32,0,3,70398850891783
7940,29055,32,0,4,70407440826375
7941,29055,32,0,5,70416030760967
7942,29055,32,0,6,70424620695559
7943,29055,32,0,7,70433210630151
7944,29055,33,0,0,72572104343559
7945,29055,33,0,1,72580694278151
7946,29055,33,0,2,72589284212743
7947,29055,33,0,3,72597874147335
7948,29055,33,0,4,72606464081927
7949,29055,33,0,5,72615054016519
7950,29055,33,0,6,72623643951111
7951,29055,33,0,7,72632233885703
7952,29055,34,0,0,74771127599111
7953,29055,34,0,1,74779717533703
7954,29055,34,0,2,74788307468295
7955,29055,34,0,3,74796897402887
7956,29055,34,0,4,74805487337479
7957,29055,34,0,5,74814077272071
7958,29055,34,0,6,74822667206663
7959,29055,34,0,7,74831257141255
7960,29055,35,0,0,76970150854663
7961,29055,35,0,1,76978740789255
7962,29055,35,0,2,76987330723847
7963,29055,35,0,3,76995920658439
7964,29055,35,0,4,77004510593031
7965,29055,35,0,5,77013100527623
7966,29055,35,0,6,77021690462215
7967,29055,35,0,7,77030280396807
7968,29055,36,0,0,79169174110215
7969,29055,36,0,1,79177764044807
7970,29055,36,0,2,79186353979399
7971,29055,36,0,3,79194943913991
7972,29055,36,0,4,79203533848583
7973,29055,36,0,5,79212123783175
7974,29055,36,0,6,79220713717767
7975,29055,36,0,7,79229303652359
7976,29055,37,0,0,81368197365767
7977,29055,37,0,1,81376787300359
7978,29055,37,0,2,81385377234951
7979,29055,37,0,3,81393967169543
7980,29055,37,0,4,81402557104135
7981,29055,37,0,5,81411147038727
7982,29055,37,0,6,81419736973319
7983,29055,37,0,7,81428326907911
7984,29055,38,0,0,83567220621319
7985,29055,38,0,1,83575810555911
7986,29055,38,0,2,83584400490503
7987,29055,38,0,3,83592990425095
7988,29055,38,0,4,83601580359687
7989,29055,38,0,5,83610170294279
7990,29055,38,0,6,83618760228871
7991,29055,38,0,7,83627350163463
7992,29055,39,0,0,85766243876871
7993,29055,39,0,1,85774833811463
7994,29055,39,0,2,85783423746055
7995,29055,39,0,3,85792013680647
7996,29055,39,0,4,85800603615239
7997,29055,39,0,5,85809193549831
7998,29055,39,0,6,85817783484423
7999,29055,39,0,7,85826373419015
8000,29055,40,0,0,87965267132423
8001,29055,40,0,1,87973857067015
8002,29055,40,0,2,87982447001607
8003,29055,40,0,3,87991036936199
8004,29055,40,0,4,87999626870791
8005,29055,40,0,5,88008216805383
8006,29055,40,0,6,88016806739975
8007,29055,40,0,7,88025396674567
8008,29055,41,0,0,90164290387975
8009,29055,41,0,1,90172880322567
8010,29055,41,0,2,90181470257159
8011,29055,41,0,3,90190060191751
8012,29055,41,0,4,90198650126343
8013,29055,41,0,5,90207240060935
8014,29055,41,0,6,90215829995527
8015,29055,41,0,7,90224419930119
8016,29055,42,0,0,92363313643527
8017,29055,42,0,1,92371903578119
8018,29055,42,0,2,92380493512711
8019,29055,42,0,3,92389083447303
8020,29055,42,0,4,92397673381895
8021,29055,42,0,5,92406263316487
8022,29055,42,0,6,92414853251079
8023,29055,42,0,7,92423443185671
8024,29055,43,0,0,94562336899079
8025,29055,43,0,1,94570926833671
8026,29055,43,0,2,94579516768263
8027,29055,43,0,3,94588106702855
8028,29055,43,0,4,94596696637447
8029,29055,43,0,5,94605286572039
8030,29055,43,0,6,94613876506631
8031,29055,43,0,7,94622466441223
8032,29055,44,0,0,96761360154631
8033,29055,44,0,1,96769950089223
8034,29055,44,0,2,96778540023815
8035,29055,44,0,3,96787129958407
8036,29055,44,0,4,96795719892999
8037,29055,44,0,5,96804309827591
8038,29055,44,0,6,96812899762183
8039,29055,44,0,7,96821489696775
8040,29055,45,0,0,98960383410183
8041,29055,45,0,1,98968973344775
8042,29055,45,0,2,98977563279367
8043,29055,45,0,3,98986153213959
8044,29055,45,0,4,98994743148551
8045,29055,45,0,5,99003333083143
8046,29055,45,0,6,99011923017735
8047,29055,45,0,7,99020512952327
8048,29055,46,0,0,101159406665735
8049,29055,46,0,1,101167996600327
8050,29055,46,0,2,101176586534919
8051,29055,46,0,3,101185176469511
8052,29055,46,0,4,101193766404103
8053,29055,46,0,5,101202356338695
8054,29055,46,0,6,101210946273287
8055,29055,46,0,7,101219536207879
8056,29055,47,0,0,103358429921287
8057,29055,47,0,1,103367019855879
8058,29055,47,0,2,103375609790471
8059,29055,47,0,3,103384199725063
8060,29055,47,0,4,103392789659655
8061,29055,47,0,5,103401379594247
8062,29055,47,0,6,103409969528839
8063,29055,47,0,7,103418559463431
8064,29055,48,0,0,105557453176839
8065,29055,48,0,1,105566043111431
8066,29055,48,0,2,105574633046023
8067,29055,48,0,3,105583222980615
8068,29055,48,0,4,105591812915207
8069,29055,48,0,5,105600402849799
8070,29055,48,0,6,105608992784391
8071,29055,48,0,7,105617582718983
8072,29055,49,0,0,107756476432391
8073,29055,49,0,1,107765066366983
8074,29055,49,0,2,107773656301575
8075,29055,49,0,3,107782246236167
8076,29055,49,0,4,107790836170759
8077,29055,49,0,5,107799426105351
8078,29055,49,0,6,107808016039943
8079,29055,49,0,7,107816605974535
8080,29055,50,0,0,109955499687943
8081,29055,50,0,1,109964089622535
8082,29055,50,0,2,109972679557127
8083,29055,50,0,3,109981269491719
8084,29055,50,0,4,109989859426311
8085,29055,50,0,5,109998449360903
8086,29055,50,0,6,110007039295495
8087,29055,50,0,7,110015629230087
8088,29055,51,0,0,112154522943495
8089,29055,51,0,1,112163112878087
8090,29055,51,0,2,112171702812679
8091,29055,51,0,3,112180292747271
8092,29055,51,0,4,112188882681863
8093,29055,51,0,5,112197472616455
8094,29055,51,0,6,112206062551047
8095,29055,51,0,7,112214652485639
8096,29055,52,0,0,114353546199047
8097,29055,52,0,1,114362136133639
8098,29055,52,0,2,114370726068231
8099,29055,52,0,3,114379316002823
8100,29055,52,0,4,114387905937415
8101,29055,52,0,5,114396495872007
8102,29055,52,0,6,114405085806599
8103,29055,52,0,7,114413675741191
8104,29055,53,0,0,116552569454599
8105,29055,53,0,1,116561159389191
8106,29055,53,0,2,116569749323783
8107,29055,53,0,3,116578339258375
8108,29055,53,0,4,116586929192967
8109,29055,53,0,5,116595519127559
8110,29055,53,0,6,116604109062151
8111,29055,53,0,7,116612698996743
8112,29055,54,0,0,118751592710151
8113,29055,54,0,1,118760182644743
8114,29055,54,0,2,118768772579335
8115,29055,54,0,3,118777362513927
8116,29055,54,0,4,118785952448519
8117,29055,54,0,5,118794542383111
8118,29055,54,0,6,118803132317703
8119,29055,54,0,7,118811722252295
8120,29055,55,0,0,120950615965703
8121,29055,55,0,1,120959205900295
8122,29055,55,0,2,120967795834887
8123,29055,55,0,3,120976385769479
8124,29055,55,0,4,120984975704071
8125,29055,55,0,5,120993565638663
8126,29055,55,0,6,121002155573255
8127,29055,55,0,7,121010745507847
8128,29055,56,0,0,123149639221255
8129,29055,56,0,1,123158229155847
8130,29055,56,0,2,123166819090439
8131,29055,56,0,3,123175409025031
8132,29055,56,0,4,123183998959623
8133,29055,56,0,5,123192588894215
8134,29055,56,0,6,123201178828807
8135,29055,56,0,7,123209768763399
8136,29055,57,0,0,125348662476807
8137,29055,57,0,1,125357252411399
8138,29055,57,0,2,125365842345991
8139,29055,57,0,3,125374432280583
8140,29055,57,0,4,125383022215175
8141,29055,57,0,5,125391612149767
8142,29055,57,0,6,125400202084359
8143,29055,57,0,7,125408792018951
8144,29055,58,0,0,127547685732359
8145,29055,58,0,1,127556275666951
8146,29055,58,0,2,127564865601543
8147,29055,58,0,3,127573455536135
8148,29055,58,0,4,127582045470727
8149,29055,58,0,5,127590635405319
8150,29055,58,0,6,127599225339911
8151,29055,58,0,7,127607815274503
8152,29055,59,0,0,129746708987911
8153,29055,59,0,1,129755298922503
8154,29055,59,0,2,129763888857095
8155,29055,59,0,3,129772478791687
8156,29055,59,0,4,129781068726279
8157,29055,59,0,5,129789658660871
8158,29055,59,0,6,129798248595463
8159,29055,59,0,7,129806838530055
8160,29055,60,0,0,131945732243463
8161,29055,60,0,1,131954322178055
8162,29055,60,0,2,131962912112647
8163,29055,60,0,3,131971502047239
8164,29055,60,0,4,131980091981831
8165,29055,60,0,5,131988681916423
8166,29055,60,0,6,131997271851015
8167,29055,60,0,7,132005861785607
8168,29055,61,0,0,134144755499015
8169,29055,61,0,1,134153345433607
8170,29055,61,0,2,134161935368199
8171,29055,61,0,3,134170525302791
8172,29055,61,0,4,134179115237383
8173,29055,61,0,5,134187705171975
8174,29055,61,0,6,134196295106567
8175,29055,61,0,7,134204885041159
8176,29055,62,0,0,136343778754567
8177,29055,62,0,1,136352368689159
8178,29055,62,0,2,136360958623751
8179,29055,62,0,3,136369548558343
8180,29055,62,0,4,136378138492935
8181,29055,62,0,5,136386728427527
8182,29055,62,0,6,136395318362119
8183,29055,62,0,7,136403908296711
8184,29055,63,0,0,138542802010119
8185,29055,63,0,1,138551391944711
8186,29055,63,0,2,138559981879303
8187,29055,63,0,3,138568571813895
8188,29055,63,0,4,138577161748487
8189,29055,63,0,5,138585751683079
8190,29055,63,0,6,138594341617671
8191,29055,63,0,7,138602931552263
