OpenROAD 26Q3-1080-gab6fd26351 
Features included (+) or not (-): +GPU +GUI +Python
This program is licensed under the BSD-3 license. See the LICENSE file for details.
Components of this program may be licensed under more restrictive licenses which must be honored.
Annotated 0 pin activities.
unannotated 254540
Annotated pins:
unannotated 254540
Unannotated pins:
 bank_context_key_i[0]
 bank_context_key_i[10]
 bank_context_key_i[11]
 bank_context_key_i[12]
 bank_context_key_i[13]
 bank_context_key_i[14]
 bank_context_key_i[15]
 bank_context_key_i[16]
 bank_context_key_i[17]
 bank_context_key_i[18]
 bank_context_key_i[19]
 bank_context_key_i[1]
 bank_context_key_i[20]
 bank_context_key_i[21]
 bank_context_key_i[22]
 bank_context_key_i[23]
 bank_context_key_i[24]
 bank_context_key_i[25]
 bank_context_key_i[26]
 bank_context_key_i[27]
 bank_context_key_i[28]
 bank_context_key_i[29]
 bank_context_key_i[2]
 bank_context_key_i[30]
 bank_context_key_i[31]
 bank_context_key_i[3]
 bank_context_key_i[4]
 bank_context_key_i[5]
 bank_context_key_i[6]
 bank_context_key_i[7]
 bank_context_key_i[8]
 bank_context_key_i[9]
 bank_precision_i[0]
 bank_precision_i[1]
 bank_result_to_logic_i[0]
 clk_i
 crf_program_addr_i[0]
 crf_program_data_i[0]
 crf_program_data_i[10]
 crf_program_data_i[11]
 crf_program_data_i[12]
 crf_program_data_i[13]
 crf_program_data_i[14]
 crf_program_data_i[15]
 crf_program_data_i[16]
 crf_program_data_i[17]
 crf_program_data_i[18]
 crf_program_data_i[19]
 crf_program_data_i[1]
 crf_program_data_i[20]
 crf_program_data_i[21]
 crf_program_data_i[22]
 crf_program_data_i[23]
 crf_program_data_i[24]
 crf_program_data_i[25]
 crf_program_data_i[26]
 crf_program_data_i[27]
 crf_program_data_i[28]
 crf_program_data_i[29]
 crf_program_data_i[2]
 crf_program_data_i[30]
 crf_program_data_i[31]
 crf_program_data_i[3]
 crf_program_data_i[4]
 crf_program_data_i[5]
 crf_program_data_i[6]
 crf_program_data_i[7]
 crf_program_data_i[8]
 crf_program_data_i[9]
 crf_program_ready_o[0]
 crf_program_valid_i[0]
 crf_start_i[0]
 direct_tsv_channel_o[0]
 direct_tsv_channel_o[1]
 direct_tsv_data_o[0]
 direct_tsv_data_o[10]
 direct_tsv_data_o[11]
 direct_tsv_data_o[12]
 direct_tsv_data_o[13]
 direct_tsv_data_o[14]
 direct_tsv_data_o[15]
 direct_tsv_data_o[16]
 direct_tsv_data_o[17]
 direct_tsv_data_o[18]
 direct_tsv_data_o[19]
 direct_tsv_data_o[1]
 direct_tsv_data_o[20]
 direct_tsv_data_o[21]
 direct_tsv_data_o[22]
 direct_tsv_data_o[23]
 direct_tsv_data_o[24]
 direct_tsv_data_o[25]
 direct_tsv_data_o[26]
 direct_tsv_data_o[27]
 direct_tsv_data_o[28]
 direct_tsv_data_o[29]
 direct_tsv_data_o[2]
 direct_tsv_data_o[30]
 direct_tsv_data_o[31]
 direct_tsv_data_o[3]
 direct_tsv_data_o[4]
 direct_tsv_data_o[5]
 direct_tsv_data_o[6]
 direct_tsv_data_o[7]
 direct_tsv_data_o[8]
 direct_tsv_data_o[9]
 direct_tsv_key_o[0]
 direct_tsv_key_o[10]
 direct_tsv_key_o[11]
 direct_tsv_key_o[12]
 direct_tsv_key_o[13]
 direct_tsv_key_o[14]
 direct_tsv_key_o[15]
 direct_tsv_key_o[16]
 direct_tsv_key_o[17]
 direct_tsv_key_o[18]
 direct_tsv_key_o[19]
 direct_tsv_key_o[1]
 direct_tsv_key_o[20]
 direct_tsv_key_o[21]
 direct_tsv_key_o[22]
 direct_tsv_key_o[23]
 direct_tsv_key_o[24]
 direct_tsv_key_o[25]
 direct_tsv_key_o[26]
 direct_tsv_key_o[27]
 direct_tsv_key_o[28]
 direct_tsv_key_o[29]
 direct_tsv_key_o[2]
 direct_tsv_key_o[30]
 direct_tsv_key_o[31]
 direct_tsv_key_o[32]
 direct_tsv_key_o[33]
 direct_tsv_key_o[34]
 direct_tsv_key_o[35]
 direct_tsv_key_o[36]
 direct_tsv_key_o[37]
 direct_tsv_key_o[38]
 direct_tsv_key_o[39]
 direct_tsv_key_o[3]
 direct_tsv_key_o[40]
 direct_tsv_key_o[41]
 direct_tsv_key_o[42]
 direct_tsv_key_o[43]
 direct_tsv_key_o[44]
 direct_tsv_key_o[45]
 direct_tsv_key_o[46]
 direct_tsv_key_o[47]
 direct_tsv_key_o[48]
 direct_tsv_key_o[49]
 direct_tsv_key_o[4]
 direct_tsv_key_o[50]
 direct_tsv_key_o[51]
 direct_tsv_key_o[52]
 direct_tsv_key_o[53]
 direct_tsv_key_o[54]
 direct_tsv_key_o[55]
 direct_tsv_key_o[56]
 direct_tsv_key_o[57]
 direct_tsv_key_o[58]
 direct_tsv_key_o[59]
 direct_tsv_key_o[5]
 direct_tsv_key_o[60]
 direct_tsv_key_o[61]
 direct_tsv_key_o[62]
 direct_tsv_key_o[63]
 direct_tsv_key_o[6]
 direct_tsv_key_o[7]
 direct_tsv_key_o[8]
 direct_tsv_key_o[9]
 direct_tsv_ready_i[0]
 direct_tsv_ready_i[1]
 direct_tsv_valid_o[0]
 direct_tsv_valid_o[1]
 dram_bank_i[0]
 dram_cmd_i[0]
 dram_cmd_i[1]
 dram_cmd_i[2]
 dram_cmd_ready_o[0]
 dram_cmd_valid_i[0]
 dram_col_i[0]
 dram_read_data_o[0]
 dram_read_data_o[10]
 dram_read_data_o[11]
 dram_read_data_o[12]
 dram_read_data_o[13]
 dram_read_data_o[14]
 dram_read_data_o[15]
 dram_read_data_o[1]
 dram_read_data_o[2]
 dram_read_data_o[3]
 dram_read_data_o[4]
 dram_read_data_o[5]
 dram_read_data_o[6]
 dram_read_data_o[7]
 dram_read_data_o[8]
 dram_read_data_o[9]
 dram_read_ready_i[0]
 dram_read_valid_o[0]
 dram_row_i[0]
 dram_timing_error_o[0]
 dram_write_data_i[0]
 dram_write_data_i[10]
 dram_write_data_i[11]
 dram_write_data_i[12]
 dram_write_data_i[13]
 dram_write_data_i[14]
 dram_write_data_i[15]
 dram_write_data_i[1]
 dram_write_data_i[2]
 dram_write_data_i[3]
 dram_write_data_i[4]
 dram_write_data_i[5]
 dram_write_data_i[6]
 dram_write_data_i[7]
 dram_write_data_i[8]
 dram_write_data_i[9]
 dram_write_mask_i[0]
 dram_write_mask_i[1]
 epoch_active_o
 epoch_begin_id_i[0]
 epoch_begin_id_i[10]
 epoch_begin_id_i[11]
 epoch_begin_id_i[12]
 epoch_begin_id_i[13]
 epoch_begin_id_i[14]
 epoch_begin_id_i[15]
 epoch_begin_id_i[1]
 epoch_begin_id_i[2]
 epoch_begin_id_i[3]
 epoch_begin_id_i[4]
 epoch_begin_id_i[5]
 epoch_begin_id_i[6]
 epoch_begin_id_i[7]
 epoch_begin_id_i[8]
 epoch_begin_id_i[9]
 epoch_begin_ready_o
 epoch_begin_valid_i
 epoch_execution_done_i
 epoch_expected_mask_i[0]
 epoch_fill_done_channel_i[0]
 epoch_fill_done_valid_i
 epoch_release_id_o[0]
 epoch_release_id_o[10]
 epoch_release_id_o[11]
 epoch_release_id_o[12]
 epoch_release_id_o[13]
 epoch_release_id_o[14]
 epoch_release_id_o[15]
 epoch_release_id_o[1]
 epoch_release_id_o[2]
 epoch_release_id_o[3]
 epoch_release_id_o[4]
 epoch_release_id_o[5]
 epoch_release_id_o[6]
 epoch_release_id_o[7]
 epoch_release_id_o[8]
 epoch_release_id_o[9]
 epoch_release_valid_o
 logic_accum_i[0]
 logic_accum_i[10]
 logic_accum_i[11]
 logic_accum_i[12]
 logic_accum_i[13]
 logic_accum_i[14]
 logic_accum_i[15]
 logic_accum_i[1]
 logic_accum_i[2]
 logic_accum_i[3]
 logic_accum_i[4]
 logic_accum_i[5]
 logic_accum_i[6]
 logic_accum_i[7]
 logic_accum_i[8]
 logic_accum_i[9]
 logic_bank_result_data_o[0]
 logic_bank_result_data_o[10]
 logic_bank_result_data_o[11]
 logic_bank_result_data_o[12]
 logic_bank_result_data_o[13]
 logic_bank_result_data_o[14]
 logic_bank_result_data_o[15]
 logic_bank_result_data_o[1]
 logic_bank_result_data_o[2]
 logic_bank_result_data_o[3]
 logic_bank_result_data_o[4]
 logic_bank_result_data_o[5]
 logic_bank_result_data_o[6]
 logic_bank_result_data_o[7]
 logic_bank_result_data_o[8]
 logic_bank_result_data_o[9]
 logic_bank_result_ready_i
 logic_bank_result_tag_o[0]
 logic_bank_result_tag_o[10]
 logic_bank_result_tag_o[11]
 logic_bank_result_tag_o[12]
 logic_bank_result_tag_o[13]
 logic_bank_result_tag_o[14]
 logic_bank_result_tag_o[15]
 logic_bank_result_tag_o[16]
 logic_bank_result_tag_o[17]
 logic_bank_result_tag_o[18]
 logic_bank_result_tag_o[19]
 logic_bank_result_tag_o[1]
 logic_bank_result_tag_o[20]
 logic_bank_result_tag_o[21]
 logic_bank_result_tag_o[22]
 logic_bank_result_tag_o[23]
 logic_bank_result_tag_o[24]
 logic_bank_result_tag_o[25]
 logic_bank_result_tag_o[26]
 logic_bank_result_tag_o[27]
 logic_bank_result_tag_o[28]
 logic_bank_result_tag_o[29]
 logic_bank_result_tag_o[2]
 logic_bank_result_tag_o[30]
 logic_bank_result_tag_o[31]
 logic_bank_result_tag_o[32]
 logic_bank_result_tag_o[33]
 logic_bank_result_tag_o[34]
 logic_bank_result_tag_o[35]
 logic_bank_result_tag_o[36]
 logic_bank_result_tag_o[37]
 logic_bank_result_tag_o[38]
 logic_bank_result_tag_o[39]
 logic_bank_result_tag_o[3]
 logic_bank_result_tag_o[40]
 logic_bank_result_tag_o[41]
 logic_bank_result_tag_o[42]
 logic_bank_result_tag_o[43]
 logic_bank_result_tag_o[44]
 logic_bank_result_tag_o[45]
 logic_bank_result_tag_o[46]
 logic_bank_result_tag_o[47]
 logic_bank_result_tag_o[48]
 logic_bank_result_tag_o[49]
 logic_bank_result_tag_o[4]
 logic_bank_result_tag_o[50]
 logic_bank_result_tag_o[51]
 logic_bank_result_tag_o[52]
 logic_bank_result_tag_o[53]
 logic_bank_result_tag_o[54]
 logic_bank_result_tag_o[55]
 logic_bank_result_tag_o[56]
 logic_bank_result_tag_o[57]
 logic_bank_result_tag_o[58]
 logic_bank_result_tag_o[59]
 logic_bank_result_tag_o[5]
 logic_bank_result_tag_o[60]
 logic_bank_result_tag_o[61]
 logic_bank_result_tag_o[62]
 logic_bank_result_tag_o[63]
 logic_bank_result_tag_o[6]
 logic_bank_result_tag_o[7]
 logic_bank_result_tag_o[8]
 logic_bank_result_tag_o[9]
 logic_bank_result_valid_o
 logic_command_channel_i[0]
 logic_command_epoch_i[0]
 logic_command_epoch_i[10]
 logic_command_epoch_i[11]
 logic_command_epoch_i[12]
 logic_command_epoch_i[13]
 logic_command_epoch_i[14]
 logic_command_epoch_i[15]
 logic_command_epoch_i[1]
 logic_command_epoch_i[2]
 logic_command_epoch_i[3]
 logic_command_epoch_i[4]
 logic_command_epoch_i[5]
 logic_command_epoch_i[6]
 logic_command_epoch_i[7]
 logic_command_epoch_i[8]
 logic_command_epoch_i[9]
 logic_command_expected_mask_i[0]
 logic_command_ordinal_i[0]
 logic_command_ordinal_i[10]
 logic_command_ordinal_i[11]
 logic_command_ordinal_i[12]
 logic_command_ordinal_i[13]
 logic_command_ordinal_i[14]
 logic_command_ordinal_i[15]
 logic_command_ordinal_i[1]
 logic_command_ordinal_i[2]
 logic_command_ordinal_i[3]
 logic_command_ordinal_i[4]
 logic_command_ordinal_i[5]
 logic_command_ordinal_i[6]
 logic_command_ordinal_i[7]
 logic_command_ordinal_i[8]
 logic_command_ordinal_i[9]
 logic_command_ready_o
 logic_command_signature_i[0]
 logic_command_signature_i[10]
 logic_command_signature_i[11]
 logic_command_signature_i[12]
 logic_command_signature_i[13]
 logic_command_signature_i[14]
 logic_command_signature_i[15]
 logic_command_signature_i[16]
 logic_command_signature_i[17]
 logic_command_signature_i[18]
 logic_command_signature_i[19]
 logic_command_signature_i[1]
 logic_command_signature_i[20]
 logic_command_signature_i[21]
 logic_command_signature_i[22]
 logic_command_signature_i[23]
 logic_command_signature_i[24]
 logic_command_signature_i[25]
 logic_command_signature_i[26]
 logic_command_signature_i[27]
 logic_command_signature_i[28]
 logic_command_signature_i[29]
 logic_command_signature_i[2]
 logic_command_signature_i[30]
 logic_command_signature_i[31]
 logic_command_signature_i[3]
 logic_command_signature_i[4]
 logic_command_signature_i[5]
 logic_command_signature_i[6]
 logic_command_signature_i[7]
 logic_command_signature_i[8]
 logic_command_signature_i[9]
 logic_command_valid_i
 logic_command_word_i[0]
 logic_command_word_i[10]
 logic_command_word_i[11]
 logic_command_word_i[12]
 logic_command_word_i[13]
 logic_command_word_i[14]
 logic_command_word_i[15]
 logic_command_word_i[16]
 logic_command_word_i[17]
 logic_command_word_i[18]
 logic_command_word_i[19]
 logic_command_word_i[1]
 logic_command_word_i[20]
 logic_command_word_i[21]
 logic_command_word_i[22]
 logic_command_word_i[23]
 logic_command_word_i[24]
 logic_command_word_i[25]
 logic_command_word_i[26]
 logic_command_word_i[27]
 logic_command_word_i[28]
 logic_command_word_i[29]
 logic_command_word_i[2]
 logic_command_word_i[30]
 logic_command_word_i[31]
 logic_command_word_i[3]
 logic_command_word_i[4]
 logic_command_word_i[5]
 logic_command_word_i[6]
 logic_command_word_i[7]
 logic_command_word_i[8]
 logic_command_word_i[9]
 logic_host_result_data_o[0]
 logic_host_result_data_o[10]
 logic_host_result_data_o[11]
 logic_host_result_data_o[12]
 logic_host_result_data_o[13]
 logic_host_result_data_o[14]
 logic_host_result_data_o[15]
 logic_host_result_data_o[1]
 logic_host_result_data_o[2]
 logic_host_result_data_o[3]
 logic_host_result_data_o[4]
 logic_host_result_data_o[5]
 logic_host_result_data_o[6]
 logic_host_result_data_o[7]
 logic_host_result_data_o[8]
 logic_host_result_data_o[9]
 logic_host_result_ready_i
 logic_host_result_tag_o[0]
 logic_host_result_tag_o[10]
 logic_host_result_tag_o[11]
 logic_host_result_tag_o[12]
 logic_host_result_tag_o[13]
 logic_host_result_tag_o[14]
 logic_host_result_tag_o[15]
 logic_host_result_tag_o[16]
 logic_host_result_tag_o[17]
 logic_host_result_tag_o[18]
 logic_host_result_tag_o[19]
 logic_host_result_tag_o[1]
 logic_host_result_tag_o[20]
 logic_host_result_tag_o[21]
 logic_host_result_tag_o[22]
 logic_host_result_tag_o[23]
 logic_host_result_tag_o[24]
 logic_host_result_tag_o[25]
 logic_host_result_tag_o[26]
 logic_host_result_tag_o[27]
 logic_host_result_tag_o[28]
 logic_host_result_tag_o[29]
 logic_host_result_tag_o[2]
 logic_host_result_tag_o[30]
 logic_host_result_tag_o[31]
 logic_host_result_tag_o[32]
 logic_host_result_tag_o[33]
 logic_host_result_tag_o[34]
 logic_host_result_tag_o[35]
 logic_host_result_tag_o[36]
 logic_host_result_tag_o[37]
 logic_host_result_tag_o[38]
 logic_host_result_tag_o[39]
 logic_host_result_tag_o[3]
 logic_host_result_tag_o[40]
 logic_host_result_tag_o[41]
 logic_host_result_tag_o[42]
 logic_host_result_tag_o[43]
 logic_host_result_tag_o[44]
 logic_host_result_tag_o[45]
 logic_host_result_tag_o[46]
 logic_host_result_tag_o[47]
 logic_host_result_tag_o[48]
 logic_host_result_tag_o[49]
 logic_host_result_tag_o[4]
 logic_host_result_tag_o[50]
 logic_host_result_tag_o[51]
 logic_host_result_tag_o[52]
 logic_host_result_tag_o[53]
 logic_host_result_tag_o[54]
 logic_host_result_tag_o[55]
 logic_host_result_tag_o[56]
 logic_host_result_tag_o[57]
 logic_host_result_tag_o[58]
 logic_host_result_tag_o[59]
 logic_host_result_tag_o[5]
 logic_host_result_tag_o[60]
 logic_host_result_tag_o[61]
 logic_host_result_tag_o[62]
 logic_host_result_tag_o[63]
 logic_host_result_tag_o[6]
 logic_host_result_tag_o[7]
 logic_host_result_tag_o[8]
 logic_host_result_tag_o[9]
 logic_host_result_valid_o
 logic_result_data_o[0]
 logic_result_data_o[10]
 logic_result_data_o[11]
 logic_result_data_o[12]
 logic_result_data_o[13]
 logic_result_data_o[14]
 logic_result_data_o[15]
 logic_result_data_o[1]
 logic_result_data_o[2]
 logic_result_data_o[3]
 logic_result_data_o[4]
 logic_result_data_o[5]
 logic_result_data_o[6]
 logic_result_data_o[7]
 logic_result_data_o[8]
 logic_result_data_o[9]
 logic_result_ready_i[0]
 logic_result_tag_o[0]
 logic_result_tag_o[10]
 logic_result_tag_o[11]
 logic_result_tag_o[12]
 logic_result_tag_o[13]
 logic_result_tag_o[14]
 logic_result_tag_o[15]
 logic_result_tag_o[16]
 logic_result_tag_o[17]
 logic_result_tag_o[18]
 logic_result_tag_o[19]
 logic_result_tag_o[1]
 logic_result_tag_o[20]
 logic_result_tag_o[21]
 logic_result_tag_o[22]
 logic_result_tag_o[23]
 logic_result_tag_o[24]
 logic_result_tag_o[25]
 logic_result_tag_o[26]
 logic_result_tag_o[27]
 logic_result_tag_o[28]
 logic_result_tag_o[29]
 logic_result_tag_o[2]
 logic_result_tag_o[30]
 logic_result_tag_o[31]
 logic_result_tag_o[32]
 logic_result_tag_o[33]
 logic_result_tag_o[34]
 logic_result_tag_o[35]
 logic_result_tag_o[36]
 logic_result_tag_o[37]
 logic_result_tag_o[38]
 logic_result_tag_o[39]
 logic_result_tag_o[3]
 logic_result_tag_o[40]
 logic_result_tag_o[41]
 logic_result_tag_o[42]
 logic_result_tag_o[43]
 logic_result_tag_o[44]
 logic_result_tag_o[45]
 logic_result_tag_o[46]
 logic_result_tag_o[47]
 logic_result_tag_o[48]
 logic_result_tag_o[49]
 logic_result_tag_o[4]
 logic_result_tag_o[50]
 logic_result_tag_o[51]
 logic_result_tag_o[52]
 logic_result_tag_o[53]
 logic_result_tag_o[54]
 logic_result_tag_o[55]
 logic_result_tag_o[56]
 logic_result_tag_o[57]
 logic_result_tag_o[58]
 logic_result_tag_o[59]
 logic_result_tag_o[5]
 logic_result_tag_o[60]
 logic_result_tag_o[61]
 logic_result_tag_o[62]
 logic_result_tag_o[63]
 logic_result_tag_o[6]
 logic_result_tag_o[7]
 logic_result_tag_o[8]
 logic_result_tag_o[9]
 logic_result_valid_o[0]
 logic_src1_i[0]
 logic_src1_i[10]
 logic_src1_i[11]
 logic_src1_i[12]
 logic_src1_i[13]
 logic_src1_i[14]
 logic_src1_i[15]
 logic_src1_i[1]
 logic_src1_i[2]
 logic_src1_i[3]
 logic_src1_i[4]
 logic_src1_i[5]
 logic_src1_i[6]
 logic_src1_i[7]
 logic_src1_i[8]
 logic_src1_i[9]
 logic_src2_i[0]
 logic_src2_i[10]
 logic_src2_i[11]
 logic_src2_i[12]
 logic_src2_i[13]
 logic_src2_i[14]
 logic_src2_i[15]
 logic_src2_i[1]
 logic_src2_i[2]
 logic_src2_i[3]
 logic_src2_i[4]
 logic_src2_i[5]
 logic_src2_i[6]
 logic_src2_i[7]
 logic_src2_i[8]
 logic_src2_i[9]
 normalization_begin_ready_o
 normalization_begin_rms_norm_i
 normalization_begin_tag_i[0]
 normalization_begin_tag_i[10]
 normalization_begin_tag_i[11]
 normalization_begin_tag_i[12]
 normalization_begin_tag_i[13]
 normalization_begin_tag_i[14]
 normalization_begin_tag_i[15]
 normalization_begin_tag_i[16]
 normalization_begin_tag_i[17]
 normalization_begin_tag_i[18]
 normalization_begin_tag_i[19]
 normalization_begin_tag_i[1]
 normalization_begin_tag_i[20]
 normalization_begin_tag_i[21]
 normalization_begin_tag_i[22]
 normalization_begin_tag_i[23]
 normalization_begin_tag_i[24]
 normalization_begin_tag_i[25]
 normalization_begin_tag_i[26]
 normalization_begin_tag_i[27]
 normalization_begin_tag_i[28]
 normalization_begin_tag_i[29]
 normalization_begin_tag_i[2]
 normalization_begin_tag_i[30]
 normalization_begin_tag_i[31]
 normalization_begin_tag_i[32]
 normalization_begin_tag_i[33]
 normalization_begin_tag_i[34]
 normalization_begin_tag_i[35]
 normalization_begin_tag_i[36]
 normalization_begin_tag_i[37]
 normalization_begin_tag_i[38]
 normalization_begin_tag_i[39]
 normalization_begin_tag_i[3]
 normalization_begin_tag_i[40]
 normalization_begin_tag_i[41]
 normalization_begin_tag_i[42]
 normalization_begin_tag_i[43]
 normalization_begin_tag_i[44]
 normalization_begin_tag_i[45]
 normalization_begin_tag_i[46]
 normalization_begin_tag_i[47]
 normalization_begin_tag_i[48]
 normalization_begin_tag_i[49]
 normalization_begin_tag_i[4]
 normalization_begin_tag_i[50]
 normalization_begin_tag_i[51]
 normalization_begin_tag_i[52]
 normalization_begin_tag_i[53]
 normalization_begin_tag_i[54]
 normalization_begin_tag_i[55]
 normalization_begin_tag_i[56]
 normalization_begin_tag_i[57]
 normalization_begin_tag_i[58]
 normalization_begin_tag_i[59]
 normalization_begin_tag_i[5]
 normalization_begin_tag_i[60]
 normalization_begin_tag_i[61]
 normalization_begin_tag_i[62]
 normalization_begin_tag_i[63]
 normalization_begin_tag_i[6]
 normalization_begin_tag_i[7]
 normalization_begin_tag_i[8]
 normalization_begin_tag_i[9]
 normalization_begin_valid_i
 normalization_broadcast_inv_std_o[0]
 normalization_broadcast_inv_std_o[10]
 normalization_broadcast_inv_std_o[11]
 normalization_broadcast_inv_std_o[12]
 normalization_broadcast_inv_std_o[13]
 normalization_broadcast_inv_std_o[14]
 normalization_broadcast_inv_std_o[15]
 normalization_broadcast_inv_std_o[1]
 normalization_broadcast_inv_std_o[2]
 normalization_broadcast_inv_std_o[3]
 normalization_broadcast_inv_std_o[4]
 normalization_broadcast_inv_std_o[5]
 normalization_broadcast_inv_std_o[6]
 normalization_broadcast_inv_std_o[7]
 normalization_broadcast_inv_std_o[8]
 normalization_broadcast_inv_std_o[9]
 normalization_broadcast_mean_o[0]
 normalization_broadcast_mean_o[10]
 normalization_broadcast_mean_o[11]
 normalization_broadcast_mean_o[12]
 normalization_broadcast_mean_o[13]
 normalization_broadcast_mean_o[14]
 normalization_broadcast_mean_o[15]
 normalization_broadcast_mean_o[1]
 normalization_broadcast_mean_o[2]
 normalization_broadcast_mean_o[3]
 normalization_broadcast_mean_o[4]
 normalization_broadcast_mean_o[5]
 normalization_broadcast_mean_o[6]
 normalization_broadcast_mean_o[7]
 normalization_broadcast_mean_o[8]
 normalization_broadcast_mean_o[9]
 normalization_broadcast_ready_i
 normalization_broadcast_rms_norm_o
 normalization_broadcast_tag_o[0]
 normalization_broadcast_tag_o[10]
 normalization_broadcast_tag_o[11]
 normalization_broadcast_tag_o[12]
 normalization_broadcast_tag_o[13]
 normalization_broadcast_tag_o[14]
 normalization_broadcast_tag_o[15]
 normalization_broadcast_tag_o[16]
 normalization_broadcast_tag_o[17]
 normalization_broadcast_tag_o[18]
 normalization_broadcast_tag_o[19]
 normalization_broadcast_tag_o[1]
 normalization_broadcast_tag_o[20]
 normalization_broadcast_tag_o[21]
 normalization_broadcast_tag_o[22]
 normalization_broadcast_tag_o[23]
 normalization_broadcast_tag_o[24]
 normalization_broadcast_tag_o[25]
 normalization_broadcast_tag_o[26]
 normalization_broadcast_tag_o[27]
 normalization_broadcast_tag_o[28]
 normalization_broadcast_tag_o[29]
 normalization_broadcast_tag_o[2]
 normalization_broadcast_tag_o[30]
 normalization_broadcast_tag_o[31]
 normalization_broadcast_tag_o[32]
 normalization_broadcast_tag_o[33]
 normalization_broadcast_tag_o[34]
 normalization_broadcast_tag_o[35]
 normalization_broadcast_tag_o[36]
 normalization_broadcast_tag_o[37]
 normalization_broadcast_tag_o[38]
 normalization_broadcast_tag_o[39]
 normalization_broadcast_tag_o[3]
 normalization_broadcast_tag_o[40]
 normalization_broadcast_tag_o[41]
 normalization_broadcast_tag_o[42]
 normalization_broadcast_tag_o[43]
 normalization_broadcast_tag_o[44]
 normalization_broadcast_tag_o[45]
 normalization_broadcast_tag_o[46]
 normalization_broadcast_tag_o[47]
 normalization_broadcast_tag_o[48]
 normalization_broadcast_tag_o[49]
 normalization_broadcast_tag_o[4]
 normalization_broadcast_tag_o[50]
 normalization_broadcast_tag_o[51]
 normalization_broadcast_tag_o[52]
 normalization_broadcast_tag_o[53]
 normalization_broadcast_tag_o[54]
 normalization_broadcast_tag_o[55]
 normalization_broadcast_tag_o[56]
 normalization_broadcast_tag_o[57]
 normalization_broadcast_tag_o[58]
 normalization_broadcast_tag_o[59]
 normalization_broadcast_tag_o[5]
 normalization_broadcast_tag_o[60]
 normalization_broadcast_tag_o[61]
 normalization_broadcast_tag_o[62]
 normalization_broadcast_tag_o[63]
 normalization_broadcast_tag_o[6]
 normalization_broadcast_tag_o[7]
 normalization_broadcast_tag_o[8]
 normalization_broadcast_tag_o[9]
 normalization_broadcast_valid_o
 normalization_epsilon_i[0]
 normalization_epsilon_i[10]
 normalization_epsilon_i[11]
 normalization_epsilon_i[12]
 normalization_epsilon_i[13]
 normalization_epsilon_i[14]
 normalization_epsilon_i[15]
 normalization_epsilon_i[1]
 normalization_epsilon_i[2]
 normalization_epsilon_i[3]
 normalization_epsilon_i[4]
 normalization_epsilon_i[5]
 normalization_epsilon_i[6]
 normalization_epsilon_i[7]
 normalization_epsilon_i[8]
 normalization_epsilon_i[9]
 normalization_expected_bank_mask_i[0]
 normalization_inv_hidden_i[0]
 normalization_inv_hidden_i[10]
 normalization_inv_hidden_i[11]
 normalization_inv_hidden_i[12]
 normalization_inv_hidden_i[13]
 normalization_inv_hidden_i[14]
 normalization_inv_hidden_i[15]
 normalization_inv_hidden_i[1]
 normalization_inv_hidden_i[2]
 normalization_inv_hidden_i[3]
 normalization_inv_hidden_i[4]
 normalization_inv_hidden_i[5]
 normalization_inv_hidden_i[6]
 normalization_inv_hidden_i[7]
 normalization_inv_hidden_i[8]
 normalization_inv_hidden_i[9]
 normalization_partial_bank_i[0]
 normalization_partial_ready_o
 normalization_partial_sum_i[0]
 normalization_partial_sum_i[10]
 normalization_partial_sum_i[11]
 normalization_partial_sum_i[12]
 normalization_partial_sum_i[13]
 normalization_partial_sum_i[14]
 normalization_partial_sum_i[15]
 normalization_partial_sum_i[1]
 normalization_partial_sum_i[2]
 normalization_partial_sum_i[3]
 normalization_partial_sum_i[4]
 normalization_partial_sum_i[5]
 normalization_partial_sum_i[6]
 normalization_partial_sum_i[7]
 normalization_partial_sum_i[8]
 normalization_partial_sum_i[9]
 normalization_partial_sumsq_i[0]
 normalization_partial_sumsq_i[10]
 normalization_partial_sumsq_i[11]
 normalization_partial_sumsq_i[12]
 normalization_partial_sumsq_i[13]
 normalization_partial_sumsq_i[14]
 normalization_partial_sumsq_i[15]
 normalization_partial_sumsq_i[1]
 normalization_partial_sumsq_i[2]
 normalization_partial_sumsq_i[3]
 normalization_partial_sumsq_i[4]
 normalization_partial_sumsq_i[5]
 normalization_partial_sumsq_i[6]
 normalization_partial_sumsq_i[7]
 normalization_partial_sumsq_i[8]
 normalization_partial_sumsq_i[9]
 normalization_partial_tag_i[0]
 normalization_partial_tag_i[10]
 normalization_partial_tag_i[11]
 normalization_partial_tag_i[12]
 normalization_partial_tag_i[13]
 normalization_partial_tag_i[14]
 normalization_partial_tag_i[15]
 normalization_partial_tag_i[16]
 normalization_partial_tag_i[17]
 normalization_partial_tag_i[18]
 normalization_partial_tag_i[19]
 normalization_partial_tag_i[1]
 normalization_partial_tag_i[20]
 normalization_partial_tag_i[21]
 normalization_partial_tag_i[22]
 normalization_partial_tag_i[23]
 normalization_partial_tag_i[24]
 normalization_partial_tag_i[25]
 normalization_partial_tag_i[26]
 normalization_partial_tag_i[27]
 normalization_partial_tag_i[28]
 normalization_partial_tag_i[29]
 normalization_partial_tag_i[2]
 normalization_partial_tag_i[30]
 normalization_partial_tag_i[31]
 normalization_partial_tag_i[32]
 normalization_partial_tag_i[33]
 normalization_partial_tag_i[34]
 normalization_partial_tag_i[35]
 normalization_partial_tag_i[36]
 normalization_partial_tag_i[37]
 normalization_partial_tag_i[38]
 normalization_partial_tag_i[39]
 normalization_partial_tag_i[3]
 normalization_partial_tag_i[40]
 normalization_partial_tag_i[41]
 normalization_partial_tag_i[42]
 normalization_partial_tag_i[43]
 normalization_partial_tag_i[44]
 normalization_partial_tag_i[45]
 normalization_partial_tag_i[46]
 normalization_partial_tag_i[47]
 normalization_partial_tag_i[48]
 normalization_partial_tag_i[49]
 normalization_partial_tag_i[4]
 normalization_partial_tag_i[50]
 normalization_partial_tag_i[51]
 normalization_partial_tag_i[52]
 normalization_partial_tag_i[53]
 normalization_partial_tag_i[54]
 normalization_partial_tag_i[55]
 normalization_partial_tag_i[56]
 normalization_partial_tag_i[57]
 normalization_partial_tag_i[58]
 normalization_partial_tag_i[59]
 normalization_partial_tag_i[5]
 normalization_partial_tag_i[60]
 normalization_partial_tag_i[61]
 normalization_partial_tag_i[62]
 normalization_partial_tag_i[63]
 normalization_partial_tag_i[6]
 normalization_partial_tag_i[7]
 normalization_partial_tag_i[8]
 normalization_partial_tag_i[9]
 normalization_partial_valid_i
 normalization_variance_clamped_o
 pim_col_i[0]
 pim_row_i[0]
 protocol_error_o
 register_write_bank_i[0]
 register_write_block_i[0]
 register_write_data_i[0]
 register_write_data_i[10]
 register_write_data_i[11]
 register_write_data_i[12]
 register_write_data_i[13]
 register_write_data_i[14]
 register_write_data_i[15]
 register_write_data_i[1]
 register_write_data_i[2]
 register_write_data_i[3]
 register_write_data_i[4]
 register_write_data_i[5]
 register_write_data_i[6]
 register_write_data_i[7]
 register_write_data_i[8]
 register_write_data_i[9]
 register_write_index_i[0]
 register_write_index_i[1]
 register_write_index_i[2]
 register_write_valid_i[0]
 rst_ni
 srf_write_block_i[0]
 srf_write_data_i[0]
 srf_write_data_i[10]
 srf_write_data_i[11]
 srf_write_data_i[12]
 srf_write_data_i[13]
 srf_write_data_i[14]
 srf_write_data_i[15]
 srf_write_data_i[1]
 srf_write_data_i[2]
 srf_write_data_i[3]
 srf_write_data_i[4]
 srf_write_data_i[5]
 srf_write_data_i[6]
 srf_write_data_i[7]
 srf_write_data_i[8]
 srf_write_data_i[9]
 srf_write_valid_i[0]
 weight_context_commit_i
 weight_context_id_i[0]
 weight_context_id_i[10]
 weight_context_id_i[11]
 weight_context_id_i[12]
 weight_context_id_i[13]
 weight_context_id_i[14]
 weight_context_id_i[15]
 weight_context_id_i[1]
 weight_context_id_i[2]
 weight_context_id_i[3]
 weight_context_id_i[4]
 weight_context_id_i[5]
 weight_context_id_i[6]
 weight_context_id_i[7]
 weight_context_id_i[8]
 weight_context_id_i[9]
 weight_context_valid_o
 weight_read_addr_i[0]
 weight_read_addr_i[1]
 weight_read_addr_i[2]
 weight_read_ready_o
 weight_read_valid_i
 weight_response_data_o[0]
 weight_response_data_o[10]
 weight_response_data_o[11]
 weight_response_data_o[12]
 weight_response_data_o[13]
 weight_response_data_o[14]
 weight_response_data_o[15]
 weight_response_data_o[1]
 weight_response_data_o[2]
 weight_response_data_o[3]
 weight_response_data_o[4]
 weight_response_data_o[5]
 weight_response_data_o[6]
 weight_response_data_o[7]
 weight_response_data_o[8]
 weight_response_data_o[9]
 weight_response_ready_i
 weight_response_valid_o
 weight_write_addr_i[0]
 weight_write_addr_i[1]
 weight_write_addr_i[2]
 weight_write_data_i[0]
 weight_write_data_i[10]
 weight_write_data_i[11]
 weight_write_data_i[12]
 weight_write_data_i[13]
 weight_write_data_i[14]
 weight_write_data_i[15]
 weight_write_data_i[1]
 weight_write_data_i[2]
 weight_write_data_i[3]
 weight_write_data_i[4]
 weight_write_data_i[5]
 weight_write_data_i[6]
 weight_write_data_i[7]
 weight_write_data_i[8]
 weight_write_data_i[9]
 weight_write_mask_i[0]
 weight_write_mask_i[1]
 weight_write_ready_o
 weight_write_valid_i
 _42336_/A
 _42336_/Y
 _42337_/A
 _42337_/Y
 _42339_/A
 _42339_/B
 _42339_/C
 _42339_/D
 _42339_/Y
 _42343_/A
 _42343_/B
 _42343_/C
 _42343_/X
 _42344_/A1
 _42344_/A2
 _42344_/B1
 _42344_/Y
 _42345_/A
 _42345_/B
 _42345_/C
 _42345_/Y
 _42346_/A
 _42346_/B_N
 _42346_/Y
 _42347_/A1
 _42347_/A2
 _42347_/B1
 _42347_/Y
 _42348_/A_N
 _42348_/B
 _42348_/Y
 _42349_/A1
 _42349_/A2
 _42349_/B1
 _42349_/Y
 _42350_/A
 _42350_/B_N
 _42350_/Y
 _42351_/A1
 _42351_/A2
 _42351_/B1
 _42351_/Y
 _42352_/A_N
 _42352_/B
 _42352_/Y
 _42353_/A1
 _42353_/A2
 _42353_/B1
 _42353_/Y
 _42354_/A
 _42354_/B_N
 _42354_/Y
 _42355_/A
 _42355_/B
 _42355_/Y
 _42356_/A
 _42356_/B
 _42356_/C
 _42356_/D
 _42356_/Y
 _42357_/A
 _42357_/B
 _42357_/Y
 _42358_/A1
 _42358_/A2
 _42358_/B1
 _42358_/Y
 _42359_/A1
 _42359_/A2
 _42359_/B1
 _42359_/X
 _42360_/A1
 _42360_/A2
 _42360_/B1
 _42360_/Y
 _42361_/A
 _42361_/B_N
 _42361_/Y
 _42362_/A1
 _42362_/A2
 _42362_/B1
 _42362_/Y
 _42363_/A_N
 _42363_/B
 _42363_/Y
 _42364_/A1
 _42364_/A2
 _42364_/B1
 _42364_/Y
 _42365_/A1
 _42365_/A2
 _42365_/B1_N
 _42365_/Y
 _42366_/A1
 _42366_/A2
 _42366_/B1
 _42366_/Y
 _42367_/A
 _42367_/Y
 _42368_/A
 _42368_/B
 _42368_/C
 _42368_/D
 _42368_/Y
 _42369_/A
 _42369_/B
 _42369_/C
 _42369_/D
 _42369_/X
 _42370_/A
 _42370_/B
 _42370_/C
 _42370_/D
 _42370_/Y
 _42371_/A1
 _42371_/A2
 _42371_/B1
 _42371_/B2
 _42371_/X
 _42374_/A
 _42374_/Y
 _42375_/A1
 _42375_/A2
 _42375_/B1
 _42375_/C1
 _42375_/Y
 _42376_/A1
 _42376_/A2
 _42376_/B1
 _42376_/Y
 _42377_/A
 _42377_/Y
 _42378_/A1
 _42378_/A2
 _42378_/B1
 _42378_/Y
 _42379_/A1
 _42379_/A2
 _42379_/B1
 _42379_/C1
 _42379_/X
 _42380_/A1
 _42380_/A2
 _42380_/B1
 _42380_/X
 _42381_/A_N
 _42381_/B
 _42381_/Y
 _42382_/A1
 _42382_/A2
 _42382_/B1
 _42382_/C1
 _42382_/Y
 _42383_/A_N
 _42383_/B
 _42383_/Y
 _42384_/A1
 _42384_/A2
 _42384_/B1
 _42384_/Y
 _42385_/A1
 _42385_/A2
 _42385_/A3
 _42385_/B1
 _42385_/C1
 _42385_/X
 _42387_/A
 _42387_/B
 _42387_/X
 _42388_/A
 _42388_/B
 _42388_/Y
 _42389_/A1
 _42389_/A2
 _42389_/B1
 _42389_/C1
 _42389_/Y
 _42390_/A
 _42390_/Y
 _42391_/A1
 _42391_/A2
 _42391_/B1
 _42391_/Y
 _42392_/A
 _42392_/Y
 _42393_/A1
 _42393_/A2
 _42393_/B1
 _42393_/Y
 _42394_/A
 _42394_/Y
 _42396_/A1
 _42396_/A2
 _42396_/B1
 _42396_/Y
 _42397_/A
 _42397_/B
 _42397_/Y
 _42398_/A1
 _42398_/A2
 _42398_/A3
 _42398_/B1
 _42398_/C1
 _42398_/X
 _42399_/A
 _42399_/B
 _42399_/X
 _42400_/A
 _42400_/B
 _42400_/Y
 _42401_/A1
 _42401_/A2
 _42401_/B1
 _42401_/Y
 _42402_/A
 _42402_/B
 _42402_/Y
 _42403_/A1
 _42403_/A2
 _42403_/B1
 _42403_/Y
 _42404_/A_N
 _42404_/B
 _42404_/C
 _42404_/D
 _42404_/Y
 _42405_/A1
 _42405_/A2
 _42405_/B1
 _42405_/X
 _42406_/A1
 _42406_/A2
 _42406_/B1
 _42406_/Y
 _42407_/A
 _42407_/B
 _42407_/Y
 _42408_/A1
 _42408_/A2
 _42408_/B1
 _42408_/X
 _42409_/A
 _42409_/B
 _42409_/Y
 _42410_/A1
 _42410_/A2
 _42410_/A3
 _42410_/B1
 _42410_/Y
 _42411_/A
 _42411_/B
 _42411_/Y
 _42412_/A1
 _42412_/A2
 _42412_/B1
 _42412_/C1
 _42412_/Y
 _42413_/A1
 _42413_/A2
 _42413_/B1
 _42413_/Y
 _42414_/A1
 _42414_/A2
 _42414_/B1
 _42414_/Y
 _42415_/A1
 _42415_/A2
 _42415_/B1
 _42415_/Y
 _42416_/A
 _42416_/Y
 _42417_/A1
 _42417_/A2
 _42417_/A3
 _42417_/B1
 _42417_/B2
 _42417_/Y
 _42418_/A
 _42418_/Y
 _42419_/A1
 _42419_/A2
 _42419_/B1
 _42419_/Y
 _42420_/A
 _42420_/B
 _42420_/X
 _42421_/A1
 _42421_/A2
 _42421_/B1
 _42421_/X
 _42422_/A1
 _42422_/A2
 _42422_/B1
 _42422_/C1
 _42422_/Y
 _42423_/A1
 _42423_/A2
 _42423_/B1
 _42423_/Y
 _42424_/A
 _42424_/B
 _42424_/C
 _42424_/D
 _42424_/X
 _42425_/A
 _42425_/B
 _42425_/C
 _42425_/Y
 _42426_/A
 _42426_/B
 _42426_/Y
 _42427_/A
 _42427_/B
 _42427_/C
 _42427_/Y
 _42428_/A1
 _42428_/A2
 _42428_/B1
 _42428_/Y
 _42433_/A
 _42433_/B
 _42433_/C
 _42433_/D
 _42433_/X
 _42434_/A1
 _42434_/A2
 _42434_/B1
 _42434_/Y
 _42437_/A
 _42437_/B
 _42437_/Y
 _42438_/A1
 _42438_/A2
 _42438_/B1
 _42438_/X
 _42439_/A1
 _42439_/A2
 _42439_/B1_N
 _42439_/Y
 _42440_/A
 _42440_/B
 _42440_/Y
 _42441_/A1
 _42441_/A2
 _42441_/B1
 _42441_/Y
 _42442_/A1
 _42442_/A2
 _42442_/B1
 _42442_/Y
 _42443_/A1
 _42443_/A2
 _42443_/B1
 _42443_/Y
 _42445_/A
 _42445_/B
 _42445_/Y
 _42446_/A1
 _42446_/A2
 _42446_/B1
 _42446_/Y
 _42447_/A
 _42447_/B
 _42447_/Y
 _42448_/A
 _42448_/Y
 _42449_/A
 _42449_/B
 _42449_/Y
 _42450_/A
 _42450_/B
 _42450_/Y
 _42451_/A1
 _42451_/A2
 _42451_/B1
 _42451_/C1
 _42451_/D1
 _42451_/Y
 _42452_/A1
 _42452_/A2
 _42452_/A3
 _42452_/B1
 _42452_/Y
 _42453_/A
 _42453_/Y
 _42454_/A1
 _42454_/A2
 _42454_/B1
 _42454_/B2
 _42454_/C1
 _42454_/X
 _42455_/A
 _42455_/B
 _42455_/Y
 _42457_/A
 _42457_/B
 _42457_/Y
 _42458_/A1
 _42458_/A2
 _42458_/B1
 _42458_/Y
 _42459_/A
 _42459_/B
 _42459_/C
 _42459_/D
 _42459_/Y
 _42460_/A
 _42460_/B
 _42460_/Y
 _42461_/A1
 _42461_/A2
 _42461_/B1
 _42461_/Y
 _42462_/A
 _42462_/B
 _42462_/C
 _42462_/D
 _42462_/Y
 _42463_/A
 _42463_/B
 _42463_/C
 _42463_/Y
 _42464_/A_N
 _42464_/B
 _42464_/C
 _42464_/D
 _42464_/X
 _42465_/A
 _42465_/B
 _42465_/C
 _42465_/X
 _42466_/A
 _42466_/Y
 _42467_/A
 _42467_/B
 _42467_/Y
 _42468_/A
 _42468_/B
 _42468_/Y
 _42469_/A
 _42469_/B
 _42469_/X
 _42470_/A
 _42470_/B
 _42470_/C
 _42470_/X
 _42471_/A1
 _42471_/A2
 _42471_/B1
 _42471_/Y
 _42472_/A1
 _42472_/A2
 _42472_/B1
 _42472_/X
 _42473_/A1
 _42473_/A2
 _42473_/B1
 _42473_/Y
 _42474_/A1
 _42474_/A2
 _42474_/B1_N
 _42474_/Y
 _42475_/A1
 _42475_/A2
 _42475_/B1
 _42475_/X
 _42476_/A1
 _42476_/A2
 _42476_/A3
 _42476_/B1
 _42476_/C1
 _42476_/Y
 _42477_/A1
 _42477_/A2
 _42477_/B1
 _42477_/Y
 _42478_/A1
 _42478_/A2
 _42478_/B1_N
 _42478_/X
 _42480_/A
 _42480_/B
 _42480_/X
 _42481_/A1
 _42481_/A2
 _42481_/B1
 _42481_/Y
 _42482_/A
 _42482_/B
 _42482_/Y
 _42483_/A
 _42483_/B
 _42483_/X
 _42484_/A_N
 _42484_/B
 _42484_/C
 _42484_/D
 _42484_/Y
 _42485_/A1
 _42485_/A2
 _42485_/B1_N
 _42485_/Y
 _42486_/A1
 _42486_/A2
 _42486_/B1_N
 _42486_/Y
 _42487_/A
 _42487_/B
 _42487_/C
 _42487_/Y
 _42488_/A
 _42488_/B
 _42488_/Y
 _42490_/A1
 _42490_/A2
 _42490_/B1
 _42490_/Y
 _42491_/A1
 _42491_/A2
 _42491_/B1_N
 _42491_/Y
 _42492_/A1
 _42492_/A2
 _42492_/B1
 _42492_/X
 _42493_/A1
 _42493_/A2
 _42493_/B1
 _42493_/X
 _42494_/A
 _42494_/B
 _42494_/C
 _42494_/D
 _42494_/Y
 _42495_/A1
 _42495_/A2
 _42495_/B1
 _42495_/X
 _42496_/A1
 _42496_/A2
 _42496_/B1
 _42496_/Y
 _42497_/A
 _42497_/B
 _42497_/Y
 _42498_/A1
 _42498_/A2
 _42498_/B1
 _42498_/Y
 _42499_/A1
 _42499_/A2
 _42499_/B1
 _42499_/Y
 _42500_/A1
 _42500_/A2
 _42500_/B1
 _42500_/X
 _42501_/A
 _42501_/B
 _42501_/Y
 _42502_/A
 _42502_/B
 _42502_/C
 _42502_/D
 _42502_/X
 _42503_/A1
 _42503_/A2
 _42503_/B1
 _42503_/C1
 _42503_/Y
 _42504_/A
 _42504_/B
 _42504_/Y
 _42505_/A
 _42505_/B
 _42505_/C
 _42505_/D
 _42505_/X
 _42506_/A1
 _42506_/A2
 _42506_/B1
 _42506_/Y
 _42507_/A1
 _42507_/A2
 _42507_/B1
 _42507_/Y
 _42508_/A
 _42508_/B
 _42508_/Y
 _42509_/A1
 _42509_/A2
 _42509_/B1
 _42509_/Y
 _42510_/A1
 _42510_/A2
 _42510_/B1
 _42510_/Y
 _42511_/A1
 _42511_/A2
 _42511_/B1
 _42511_/Y
 _42512_/A1
 _42512_/A2
 _42512_/B1
 _42512_/C1
 _42512_/X
 _42513_/A
 _42513_/B
 _42513_/C
 _42513_/X
 _42514_/A
 _42514_/B
 _42514_/X
 _42515_/A
 _42515_/B
 _42515_/C
 _42515_/D
 _42515_/Y
 _42516_/A1
 _42516_/A2
 _42516_/B1
 _42516_/C1
 _42516_/Y
 _42517_/A1
 _42517_/A2
 _42517_/B1
 _42517_/B2
 _42517_/C1
 _42517_/X
 _42518_/A1
 _42518_/A2
 _42518_/A3
 _42518_/B1
 _42518_/C1
 _42518_/X
 _42519_/A1
 _42519_/A2
 _42519_/B1
 _42519_/B2
 _42519_/C1
 _42519_/Y
 _42520_/A
 _42520_/B
 _42520_/X
 _42521_/A
 _42521_/B
 _42521_/Y
 _42522_/A1
 _42522_/A2
 _42522_/B1
 _42522_/Y
 _42523_/A
 _42523_/B
 _42523_/C
 _42523_/Y
 _42524_/A
 _42524_/B
 _42524_/C
 _42524_/X
 _42525_/A1
 _42525_/A2
 _42525_/B1
 _42525_/C1
 _42525_/Y
 _42526_/A1
 _42526_/A2
 _42526_/B1
 _42526_/C1
 _42526_/Y
 _42527_/A1
 _42527_/A2
 _42527_/B1
 _42527_/B2
 _42527_/C1
 _42527_/X
 _42528_/A1
 _42528_/A2
 _42528_/B1
 _42528_/C1
 _42528_/X
 _42529_/A1
 _42529_/A2
 _42529_/B1
 _42529_/Y
 _42530_/A
 _42530_/B
 _42530_/X
 _42531_/A
 _42531_/B
 _42531_/C
 _42531_/X
 _42533_/A
 _42533_/B
 _42533_/C
 _42533_/Y
 _42534_/A1
 _42534_/A2
 _42534_/B1
 _42534_/X
 _42535_/A1
 _42535_/A2
 _42535_/B1
 _42535_/Y
 _42536_/A1
 _42536_/A2
 _42536_/B1
 _42536_/Y
 _42537_/A1
 _42537_/A2
 _42537_/B1
 _42537_/Y
 _42538_/A1
 _42538_/A2
 _42538_/B1
 _42538_/X
 _42539_/A1
 _42539_/A2
 _42539_/B1
 _42539_/X
 _42540_/A1
 _42540_/A2
 _42540_/B1
 _42540_/Y
 _42541_/A1
 _42541_/A2
 _42541_/B1
 _42541_/Y
 _42542_/A
 _42542_/Y
 _42543_/A1
 _42543_/A2
 _42543_/B1
 _42543_/Y
 _42544_/A
 _42544_/B
 _42544_/Y
 _42545_/A
 _42545_/B
 _42545_/C
 _42545_/X
 _42546_/A1
 _42546_/A2
 _42546_/B1
 _42546_/B2
 _42546_/C1
 _42546_/X
 _42547_/A
 _42547_/Y
 _42548_/A
 _42548_/Y
 _42549_/A
 _42549_/B
 _42549_/Y
 _42550_/A
 _42550_/B
 _42550_/C
 _42550_/Y
 _42551_/A
 _42551_/B
 _42551_/Y
 _42552_/A1
 _42552_/A2
 _42552_/B1
 _42552_/Y
 _42553_/A
 _42553_/Y
 _42554_/A1
 _42554_/A2
 _42554_/B1_N
 _42554_/Y
 _42555_/A1
 _42555_/A2
 _42555_/B1
 _42555_/Y
 _42556_/A
 _42556_/B
 _42556_/Y
 _42557_/A1
 _42557_/A2
 _42557_/B1
 _42557_/B2
 _42557_/Y
 _42558_/A1
 _42558_/A2
 _42558_/B1
 _42558_/C1
 _42558_/Y
 _42559_/A
 _42559_/B
 _42559_/Y
 _42560_/A1
 _42560_/A2
 _42560_/B1_N
 _42560_/Y
 _42561_/A
 _42561_/B
 _42561_/C
 _42561_/X
 _42562_/A
 _42562_/B
 _42562_/Y
 _42563_/A
 _42563_/B
 _42563_/Y
 _42564_/A1
 _42564_/A2
 _42564_/B1
 _42564_/B2
 _42564_/C1
 _42564_/Y
 _42565_/A
 _42565_/Y
 _42566_/A1
 _42566_/A2
 _42566_/B1
 _42566_/Y
 _42567_/A1
 _42567_/A2
 _42567_/B1
 _42567_/Y
 _42568_/A
 _42568_/B
 _42568_/Y
 _42569_/A1
 _42569_/A2
 _42569_/B1
 _42569_/X
 _42570_/A1
 _42570_/A2
 _42570_/B1
 _42570_/Y
 _42571_/A
 _42571_/B
 _42571_/C
 _42571_/D
 _42571_/Y
 _42572_/A
 _42572_/B
 _42572_/Y
 _42573_/A1
 _42573_/A2
 _42573_/B1
 _42573_/Y
 _42574_/A_N
 _42574_/B
 _42574_/Y
 _42575_/A
 _42575_/B
 _42575_/Y
 _42576_/A1
 _42576_/A2
 _42576_/B1
 _42576_/C1
 _42576_/Y
 _42577_/A
 _42577_/B
 _42577_/C
 _42577_/Y
 _42578_/A1
 _42578_/A2
 _42578_/B1
 _42578_/B2
 _42578_/C1
 _42578_/Y
 _42579_/A
 _42579_/B
 _42579_/Y
 _42580_/A
 _42580_/B
 _42580_/Y
 _42581_/A
 _42581_/B
 _42581_/C
 _42581_/D
 _42581_/X
 _42582_/A1
 _42582_/A2
 _42582_/B1
 _42582_/C1
 _42582_/Y
 _42583_/A1
 _42583_/A2
 _42583_/B1_N
 _42583_/X
 _42585_/A1
 _42585_/A2
 _42585_/B1
 _42585_/B2
 _42585_/C1
 _42585_/Y
 _42586_/A
 _42586_/B
 _42586_/Y
 _42587_/A1
 _42587_/A2
 _42587_/B1
 _42587_/C1
 _42587_/X
 _42588_/A
 _42588_/B
 _42588_/Y
 _42589_/A1
 _42589_/A2
 _42589_/A3
 _42589_/A4
 _42589_/B1
 _42589_/Y
 _42590_/A1
 _42590_/A2
 _42590_/B1
 _42590_/Y
 _42591_/A
 _42591_/B
 _42591_/Y
 _42592_/A
 _42592_/B
 _42592_/C
 _42592_/D
 _42592_/Y
 _42593_/A1
 _42593_/A2
 _42593_/B1
 _42593_/C1
 _42593_/Y
 _42594_/A
 _42594_/B
 _42594_/Y
 _42595_/A1
 _42595_/A2
 _42595_/A3
 _42595_/B1
 _42595_/Y
 _42596_/A1
 _42596_/A2
 _42596_/B1
 _42596_/Y
 _42597_/A
 _42597_/B
 _42597_/Y
 _42598_/A
 _42598_/B
 _42598_/C
 _42598_/Y
 _42599_/A1
 _42599_/A2
 _42599_/B1
 _42599_/X
 _42600_/A
 _42600_/B
 _42600_/Y
 _42601_/A1
 _42601_/A2
 _42601_/B1
 _42601_/Y
 _42602_/A1
 _42602_/A2
 _42602_/A3
 _42602_/A4
 _42602_/B1
 _42602_/Y
 _42603_/A
 _42603_/B
 _42603_/Y
 _42604_/A
 _42604_/B
 _42604_/Y
 _42605_/A
 _42605_/B
 _42605_/Y
 _42607_/A
 _42607_/B
 _42607_/X
 _42608_/A
 _42608_/B
 _42608_/C
 _42608_/D
 _42608_/X
 _42609_/A
 _42609_/B
 _42609_/Y
 _42610_/A
 _42610_/B
 _42610_/C
 _42610_/Y
 _42611_/A
 _42611_/B
 _42611_/C
 _42611_/D
 _42611_/Y
 _42612_/A
 _42612_/B
 _42612_/Y
 _42613_/A
 _42613_/B
 _42613_/Y
 _42615_/A1
 _42615_/A2
 _42615_/B1
 _42615_/Y
 _42616_/A
 _42616_/B
 _42616_/Y
 _42617_/A1
 _42617_/A2
 _42617_/B1
 _42617_/B2
 _42617_/Y
 _42618_/A
 _42618_/B
 _42618_/Y
 _42619_/A
 _42619_/B
 _42619_/C
 _42619_/Y
 _42620_/A1
 _42620_/A2
 _42620_/B1
 _42620_/B2
 _42620_/C1
 _42620_/X
 _42621_/A1
 _42621_/A2
 _42621_/B1
 _42621_/X
 _42622_/A1
 _42622_/A2
 _42622_/B1
 _42622_/Y
 _42623_/A
 _42623_/B
 _42623_/C
 _42623_/X
 _42624_/A
 _42624_/B
 _42624_/C
 _42624_/D
 _42624_/Y
 _42625_/A1
 _42625_/A2
 _42625_/B1
 _42625_/Y
 _42626_/A
 _42626_/B
 _42626_/X
 _42627_/A
 _42627_/B
 _42627_/C
 _42627_/X
 _42628_/A1
 _42628_/A2
 _42628_/B1
 _42628_/Y
 _42629_/A1
 _42629_/A2
 _42629_/B1
 _42629_/C1
 _42629_/D1
 _42629_/X
 _42630_/A
 _42630_/B
 _42630_/C
 _42630_/X
 _42631_/A1
 _42631_/A2
 _42631_/B1
 _42631_/X
 _42632_/A1
 _42632_/A2
 _42632_/B1
 _42632_/C1
 _42632_/D1
 _42632_/Y
 _42633_/A0
 _42633_/A1
 _42633_/S
 _42633_/Y
 _42634_/A
 _42634_/B
 _42634_/Y
 _42635_/A1
 _42635_/A2
 _42635_/B1
 _42635_/Y
 _42636_/A1
 _42636_/A2
 _42636_/B1
 _42636_/Y
 _42637_/A1
 _42637_/A2
 _42637_/B1
 _42637_/C1
 _42637_/D1
 _42637_/Y
 _42638_/A1
 _42638_/A2
 _42638_/A3
 _42638_/B1
 _42638_/C1
 _42638_/Y
 _42639_/A
 _42639_/B
 _42639_/C
 _42639_/Y
 _42640_/A
 _42640_/B
 _42640_/C
 _42640_/D
 _42640_/Y
 _42641_/A
 _42641_/B
 _42641_/Y
 _42642_/A
 _42642_/B
 _42642_/C
 _42642_/D
 _42642_/X
 _42647_/A
 _42647_/B
 _42647_/X
 _42648_/A
 _42648_/B
 _42648_/Y
 _42649_/A
 _42649_/B
 _42649_/C
 _42649_/Y
 _42650_/A1
 _42650_/A2
 _42650_/B1
 _42650_/Y
 _42651_/A
 _42651_/B
 _42651_/C
 _42651_/Y
 _42652_/A
 _42652_/B
 _42652_/Y
 _42654_/A
 _42654_/B
 _42654_/C
 _42654_/D
 _42654_/Y
 _42655_/A1
 _42655_/A2
 _42655_/B1
 _42655_/Y
 _42656_/A
 _42656_/B
 _42656_/Y
 _42660_/A1
 _42660_/A2
 _42660_/B1
 _42660_/C1
 _42660_/Y
 _42661_/A1
 _42661_/A2
 _42661_/B1
 _42661_/Y
 _42662_/A
 _42662_/B
 _42662_/Y
 _42663_/A1
 _42663_/A2
 _42663_/B1
 _42663_/X
 _42664_/A1
 _42664_/A2
 _42664_/B1
 _42664_/C1
 _42664_/Y
 _42665_/A
 _42665_/B
 _42665_/Y
 _42666_/A
 _42666_/Y
 _42668_/A
 _42668_/B
 _42668_/Y
 _42669_/A
 _42669_/B
 _42669_/Y
 _42670_/A
 _42670_/B
 _42670_/Y
 _42671_/A
 _42671_/B
 _42671_/C
 _42671_/Y
 _42673_/A1
 _42673_/A2
 _42673_/B1
 _42673_/X
 _42674_/A
 _42674_/B
 _42674_/Y
 _42675_/A
 _42675_/B
 _42675_/Y
 _42676_/A_N
 _42676_/B
 _42676_/Y
 _42677_/A1
 _42677_/A2
 _42677_/B1
 _42677_/Y
 _42678_/A
 _42678_/B
 _42678_/Y
 _42679_/A
 _42679_/B
 _42679_/X
 _42682_/A1
 _42682_/A2
 _42682_/B1
 _42682_/X
 _42683_/A1
 _42683_/A2
 _42683_/B1
 _42683_/X
 _42685_/A1
 _42685_/A2
 _42685_/B1
 _42685_/C1
 _42685_/Y
 _42686_/A1
 _42686_/A2
 _42686_/B1
 _42686_/Y
 _42687_/A1
 _42687_/A2
 _42687_/B1_N
 _42687_/Y
 _42688_/A1
 _42688_/A2
 _42688_/B1
 _42688_/C1
 _42688_/X
 _42689_/A
 _42689_/B
 _42689_/X
 _42690_/A1
 _42690_/A2
 _42690_/B1
 _42690_/B2
 _42690_/C1
 _42690_/Y
 _42691_/A
 _42691_/Y
 _42693_/A1
 _42693_/A2
 _42693_/B1
 _42693_/Y
 _42694_/A
 _42694_/Y
 _42695_/A1
 _42695_/A2
 _42695_/B1
 _42695_/Y
 _42696_/A1
 _42696_/A2
 _42696_/B1
 _42696_/X
 _42697_/A1
 _42697_/A2
 _42697_/B1
 _42697_/C1
 _42697_/Y
 _42698_/A
 _42698_/B
 _42698_/C
 _42698_/Y
 _42699_/A
 _42699_/B
 _42699_/Y
 _42700_/A1
 _42700_/A2
 _42700_/A3
 _42700_/B1
 _42700_/Y
 _42701_/A1
 _42701_/A2
 _42701_/B1
 _42701_/Y
 _42702_/A1
 _42702_/A2
 _42702_/B1
 _42702_/X
 _42704_/A0
 _42704_/A1
 _42704_/S
 _42704_/Y
 _42705_/A1
 _42705_/A2
 _42705_/B1
 _42705_/X
 _42706_/A1
 _42706_/A2
 _42706_/B1
 _42706_/X
 _42707_/A1
 _42707_/A2
 _42707_/B1
 _42707_/Y
 _42708_/A
 _42708_/B
 _42708_/X
 _42709_/A
 _42709_/B
 _42709_/Y
 _42710_/A
 _42710_/B
 _42710_/C
 _42710_/Y
 _42711_/A
 _42711_/B
 _42711_/Y
 _42712_/A1
 _42712_/A2
 _42712_/B1
 _42712_/X
 _42713_/A1
 _42713_/A2
 _42713_/B1
 _42713_/C1
 _42713_/D1
 _42713_/Y
 _42714_/A1
 _42714_/A2
 _42714_/B1
 _42714_/X
 _42715_/A1
 _42715_/A2
 _42715_/B1
 _42715_/X
 _42716_/A1
 _42716_/A2
 _42716_/A3
 _42716_/B1
 _42716_/X
 _42717_/A
 _42717_/Y
 _42718_/A
 _42718_/B
 _42718_/C
 _42718_/Y
 _42719_/A1
 _42719_/A2
 _42719_/B1
 _42719_/Y
 _42720_/A
 _42720_/B
 _42720_/C
 _42720_/Y
 _42721_/A1
 _42721_/A2
 _42721_/B1
 _42721_/C1
 _42721_/X
 _42722_/A1
 _42722_/A2
 _42722_/B1
 _42722_/X
 _42723_/A1
 _42723_/A2
 _42723_/B1
 _42723_/C1
 _42723_/X
 _42724_/A1
 _42724_/A2
 _42724_/B1
 _42724_/B2
 _42724_/Y
 _42725_/A0
 _42725_/A1
 _42725_/S
 _42725_/Y
 _42726_/A
 _42726_/B
 _42726_/Y
 _42727_/A1
 _42727_/A2
 _42727_/B1
 _42727_/C1
 _42727_/X
 _42728_/A1
 _42728_/A2
 _42728_/B1
 _42728_/C1
 _42728_/D1
 _42728_/Y
 _42729_/A
 _42729_/B
 _42729_/Y
 _42730_/A
 _42730_/B
 _42730_/Y
 _42731_/A
 _42731_/B
 _42731_/Y
 _42732_/A
 _42732_/B
 _42732_/C
 _42732_/Y
 _42733_/A
 _42733_/B
 _42733_/C
 _42733_/Y
 _42734_/A
 _42734_/B
 _42734_/Y
 _42735_/A
 _42735_/B
 _42735_/C
 _42735_/Y
 _42736_/A
 _42736_/B
 _42736_/X
 _42737_/A1
 _42737_/A2
 _42737_/B1
 _42737_/Y
 _42738_/A
 _42738_/B
 _42738_/X
 _42739_/A
 _42739_/B
 _42739_/Y
 _42740_/A0
 _42740_/A1
 _42740_/S
 _42740_/Y
 _42741_/A
 _42741_/B
 _42741_/C
 _42741_/Y
 _42742_/A
 _42742_/B_N
 _42742_/Y
 _42743_/A1
 _42743_/A2
 _42743_/A3
 _42743_/B1
 _42743_/Y
 _42744_/A1
 _42744_/A2
 _42744_/B1
 _42744_/X
 _42745_/A
 _42745_/B
 _42745_/C
 _42745_/X
 _42746_/A
 _42746_/B
 _42746_/C
 _42746_/Y
 _42747_/A
 _42747_/B
 _42747_/Y
 _42748_/A1
 _42748_/A2
 _42748_/B1
 _42748_/Y
 _42749_/A1
 _42749_/A2
 _42749_/B1
 _42749_/X
 _42750_/A
 _42750_/B
 _42750_/Y
 _42751_/A
 _42751_/B
 _42751_/Y
 _42752_/A1
 _42752_/A2
 _42752_/B1
 _42752_/Y
 _42753_/A_N
 _42753_/B
 _42753_/Y
 _42754_/A
 _42754_/B
 _42754_/X
 _42755_/A
 _42755_/B
 _42755_/Y
 _42756_/A1
 _42756_/A2
 _42756_/A3
 _42756_/B1
 _42756_/X
 _42757_/A0
 _42757_/A1
 _42757_/S
 _42757_/Y
 _42758_/A
 _42758_/B
 _42758_/C
 _42758_/Y
 _42759_/A1
 _42759_/A2
 _42759_/B1_N
 _42759_/Y
 _42760_/A
 _42760_/Y
 _42761_/A1
 _42761_/A2
 _42761_/B1
 _42761_/Y
 _42762_/A
 _42762_/B
 _42762_/Y
 _42763_/A1
 _42763_/A2
 _42763_/B1
 _42763_/X
 _42764_/A1
 _42764_/A2
 _42764_/B1
 _42764_/Y
 _42765_/A1
 _42765_/A2
 _42765_/A3
 _42765_/B1
 _42765_/C1
 _42765_/Y
 _42766_/A1
 _42766_/A2
 _42766_/B1
 _42766_/X
 _42767_/A1
 _42767_/A2
 _42767_/B1
 _42767_/C1
 _42767_/D1
 _42767_/Y
 _42768_/A1
 _42768_/A2
 _42768_/B1
 _42768_/Y
 _42769_/A1
 _42769_/A2
 _42769_/B1
 _42769_/B2
 _42769_/Y
 _42770_/A
 _42770_/B
 _42770_/Y
 _42771_/A1
 _42771_/A2
 _42771_/B1
 _42771_/Y
 _42772_/A
 _42772_/B
 _42772_/Y
 _42773_/A
 _42773_/B
 _42773_/Y
 _42774_/A
 _42774_/B
 _42774_/Y
 _42775_/A1
 _42775_/A2
 _42775_/B1
 _42775_/Y
 _42776_/A1
 _42776_/A2
 _42776_/B1
 _42776_/C1
 _42776_/Y
 _42777_/A
 _42777_/B
 _42777_/Y
 _42778_/A
 _42778_/B
 _42778_/C
 _42778_/D
 _42778_/Y
 _42779_/A
 _42779_/B
 _42779_/C
 _42779_/Y
 _42780_/A1
 _42780_/A2
 _42780_/B1
 _42780_/C1
 _42780_/Y
 _42781_/A
 _42781_/B
 _42781_/Y
 _42782_/A1
 _42782_/A2
 _42782_/B1
 _42782_/B2
 _42782_/C1
 _42782_/X
 _42783_/A1
 _42783_/A2
 _42783_/B1
 _42783_/Y
 _42784_/A
 _42784_/B
 _42784_/X
 _42785_/A1
 _42785_/A2
 _42785_/B1
 _42785_/B2
 _42785_/C1
 _42785_/X
 _42786_/A1
 _42786_/A2
 _42786_/B1
 _42786_/Y
 _42787_/A
 _42787_/B
 _42787_/C
 _42787_/X
 _42788_/A1
 _42788_/A2
 _42788_/B1
 _42788_/Y
 _42789_/A
 _42789_/B
 _42789_/Y
 _42790_/A1
 _42790_/A2
 _42790_/B1_N
 _42790_/Y
 _42791_/A1
 _42791_/A2
 _42791_/A3
 _42791_/A4
 _42791_/B1
 _42791_/X
 _42792_/A
 _42792_/B
 _42792_/C
 _42792_/X
 _42793_/A
 _42793_/B
 _42793_/C
 _42793_/D
 _42793_/X
 _42794_/A1
 _42794_/A2
 _42794_/A3
 _42794_/B1
 _42794_/Y
 _42795_/A
 _42795_/B
 _42795_/X
 _42797_/A1
 _42797_/A2
 _42797_/B1
 _42797_/Y
 _42798_/A
 _42798_/B
 _42798_/X
 _42801_/A
 _42801_/B
 _42801_/Y
 _42803_/A
 _42803_/Y
 _42806_/A
 _42806_/B
 _42806_/C
 _42806_/D
 _42806_/Y
 _42807_/A
 _42807_/B
 _42807_/C
 _42807_/X
 _42808_/A
 _42808_/B
 _42808_/C
 _42808_/X
 _42809_/A
 _42809_/B
 _42809_/Y
 _42810_/A1
 _42810_/A2
 _42810_/B1
 _42810_/Y
 _42813_/A1
 _42813_/A2
 _42813_/B1
 _42813_/X
 _42814_/A1
 _42814_/A2
 _42814_/B1
 _42814_/Y
 _42815_/A
 _42815_/B
 _42815_/Y
 _42816_/A1
 _42816_/A2
 _42816_/B1
 _42816_/Y
 _42817_/A
 _42817_/B
 _42817_/C
 _42817_/Y
 _42818_/A
 _42818_/B
 _42818_/Y
 _42820_/A1
 _42820_/A2
 _42820_/B1
 _42820_/Y
 _42821_/A
 _42821_/B
 _42821_/X
 _42822_/A
 _42822_/B
 _42822_/C
 _42822_/D
 _42822_/X
 _42823_/A
 _42823_/B
 _42823_/Y
 _42824_/A
 _42824_/B
 _42824_/Y
 _42825_/A
 _42825_/B
 _42825_/C
 _42825_/D
 _42825_/Y
 _42826_/A1
 _42826_/A2
 _42826_/A3
 _42826_/B1
 _42826_/Y
 _42827_/A
 _42827_/B
 _42827_/X
 _42828_/A
 _42828_/B
 _42828_/C_N
 _42828_/Y
 _42829_/A
 _42829_/B
 _42829_/C
 _42829_/D
 _42829_/Y
 _42830_/A
 _42830_/B
 _42830_/Y
 _42831_/A
 _42831_/B
 _42831_/C
 _42831_/Y
 _42832_/A
 _42832_/B
 _42832_/Y
 _42833_/A
 _42833_/B
 _42833_/Y
 _42834_/A
 _42834_/B
 _42834_/C
 _42834_/D
 _42834_/X
 _42835_/A1
 _42835_/A2
 _42835_/B1
 _42835_/Y
 _42836_/A
 _42836_/B
 _42836_/X
 _42837_/A
 _42837_/B
 _42837_/C
 _42837_/Y
 _42838_/A
 _42838_/B
 _42838_/Y
 _42839_/A
 _42839_/B
 _42839_/Y
 _42840_/A
 _42840_/B
 _42840_/Y
 _42841_/A
 _42841_/B
 _42841_/C
 _42841_/Y
 _42842_/A
 _42842_/B
 _42842_/C
 _42842_/D
 _42842_/Y
 _42843_/A
 _42843_/B
 _42843_/X
 _42844_/A
 _42844_/Y
 _42845_/A1
 _42845_/A2
 _42845_/B1
 _42845_/Y
 _42846_/A1
 _42846_/A2
 _42846_/B1_N
 _42846_/Y
 _42847_/A
 _42847_/Y
 _42848_/A
 _42848_/Y
 _42849_/A
 _42849_/Y
 _42850_/A1
 _42850_/A2
 _42850_/B1
 _42850_/Y
 _42851_/A
 _42851_/Y
 _42852_/A1
 _42852_/A2
 _42852_/B1
 _42852_/Y
 _42853_/A1
 _42853_/A2
 _42853_/B1
 _42853_/Y
 _42854_/A
 _42854_/B
 _42854_/C
 _42854_/Y
 _42855_/A
 _42855_/B
 _42855_/Y
 _42856_/A1
 _42856_/A2
 _42856_/A3
 _42856_/B1
 _42856_/C1
 _42856_/Y
 _42857_/A_N
 _42857_/B
 _42857_/Y
 _42858_/A
 _42858_/B
 _42858_/Y
 _42859_/A1
 _42859_/A2
 _42859_/B1
 _42859_/Y
 _42860_/A_N
 _42860_/B
 _42860_/X
 _42861_/A
 _42861_/B
 _42861_/Y
 _42862_/A1
 _42862_/A2
 _42862_/B1
 _42862_/B2
 _42862_/X
 _42863_/A
 _42863_/Y
 _42864_/A
 _42864_/Y
 _42865_/A1
 _42865_/A2
 _42865_/B1
 _42865_/Y
 _42866_/A
 _42866_/B
 _42866_/C
 _42866_/D
 _42866_/X
 _42867_/A_N
 _42867_/B
 _42867_/Y
 _42868_/A1
 _42868_/A2
 _42868_/B1_N
 _42868_/Y
 _42869_/A
 _42869_/Y
 _42870_/A1
 _42870_/A2
 _42870_/B1
 _42870_/C1
 _42870_/Y
 _42871_/A
 _42871_/B
 _42871_/C
 _42871_/Y
 _42872_/A
 _42872_/B
 _42872_/C
 _42872_/X
 _42873_/A1
 _42873_/A2
 _42873_/A3
 _42873_/B1
 _42873_/Y
 _42874_/A1
 _42874_/A2
 _42874_/B1_N
 _42874_/Y
 _42875_/A_N
 _42875_/B
 _42875_/C
 _42875_/X
 _42877_/A
 _42877_/Y
 _42878_/A
 _42878_/Y
 _42879_/A
 _42879_/Y
 _42880_/A
 _42880_/B_N
 _42880_/Y
 _42881_/A1
 _42881_/A2
 _42881_/B1
 _42881_/Y
 _42882_/A1
 _42882_/A2
 _42882_/B1_N
 _42882_/Y
 _42883_/A
 _42883_/B
 _42883_/Y
 _42884_/A
 _42884_/B
 _42884_/Y
 _42885_/A
 _42885_/Y
 _42886_/A_N
 _42886_/B
 _42886_/Y
 _42887_/A
 _42887_/Y
 _42888_/A1
 _42888_/A2
 _42888_/B1
 _42888_/Y
 _42889_/A
 _42889_/B
 _42889_/Y
 _42890_/A
 _42890_/Y
 _42891_/A
 _42891_/B_N
 _42891_/Y
 _42892_/A1
 _42892_/A2
 _42892_/B1
 _42892_/Y
 _42893_/A1
 _42893_/A2
 _42893_/A3
 _42893_/B1
 _42893_/C1
 _42893_/Y
 _42894_/A
 _42894_/B
 _42894_/Y
 _42895_/A
 _42895_/B
 _42895_/C
 _42895_/D
 _42895_/Y
 _42896_/A
 _42896_/B
 _42896_/C
 _42896_/Y
 _42897_/A
 _42897_/B
 _42897_/Y
 _42898_/A1
 _42898_/A2
 _42898_/B1
 _42898_/C1
 _42898_/X
 _42899_/A
 _42899_/B
 _42899_/C
 _42899_/Y
 _42900_/A
 _42900_/B
 _42900_/Y
 _42901_/A
 _42901_/Y
 _42902_/A1
 _42902_/A2
 _42902_/B1
 _42902_/Y
 _42903_/A
 _42903_/B
 _42903_/Y
 _42904_/A1
 _42904_/A2
 _42904_/A3
 _42904_/B1
 _42904_/Y
 _42905_/A1
 _42905_/A2
 _42905_/A3
 _42905_/A4
 _42905_/B1
 _42905_/X
 _42906_/A
 _42906_/B
 _42906_/Y
 _42907_/A
 _42907_/Y
 _42908_/A
 _42908_/Y
 _42909_/A
 _42909_/B
 _42909_/C
 _42909_/D
 _42909_/Y
 _42910_/A
 _42910_/B
 _42910_/C
 _42910_/Y
 _42911_/A0
 _42911_/A1
 _42911_/S
 _42911_/Y
 _42912_/A
 _42912_/B
 _42912_/C
 _42912_/D
 _42912_/Y
 _42913_/A1
 _42913_/A2
 _42913_/A3
 _42913_/B1
 _42913_/C1
 _42913_/Y
 _42914_/A1
 _42914_/A2
 _42914_/B1_N
 _42914_/X
 _42915_/A
 _42915_/Y
 _42916_/A
 _42916_/B
 _42916_/Y
 _42917_/A
 _42917_/Y
 _42918_/A
 _42918_/B
 _42918_/Y
 _42919_/A1
 _42919_/A2
 _42919_/A3
 _42919_/B1
 _42919_/C1
 _42919_/X
 _42920_/A1
 _42920_/A2
 _42920_/B1
 _42920_/Y
 _42921_/A
 _42921_/B
 _42921_/C
 _42921_/X
 _42922_/A
 _42922_/B
 _42922_/Y
 _42924_/A
 _42924_/B
 _42924_/C
 _42924_/Y
 _42925_/A
 _42925_/B_N
 _42925_/Y
 _42926_/A
 _42926_/B
 _42926_/Y
 _42927_/A1
 _42927_/A2
 _42927_/B1
 _42927_/B2
 _42927_/C1
 _42927_/Y
 _42928_/A1
 _42928_/A2
 _42928_/B1
 _42928_/Y
 _42929_/A1
 _42929_/A2
 _42929_/A3
 _42929_/A4
 _42929_/B1
 _42929_/Y
 _42930_/A
 _42930_/B
 _42930_/Y
 _42931_/A
 _42931_/Y
 _42932_/A1
 _42932_/A2
 _42932_/B1
 _42932_/Y
 _42933_/A1
 _42933_/A2
 _42933_/B1_N
 _42933_/Y
 _42934_/A1
 _42934_/A2
 _42934_/B1
 _42934_/Y
 _42935_/A1
 _42935_/A2
 _42935_/A3
 _42935_/B1
 _42935_/Y
 _42938_/A_N
 _42938_/B
 _42938_/Y
 _42939_/A1
 _42939_/A2
 _42939_/B1_N
 _42939_/Y
 _42940_/A1
 _42940_/A2
 _42940_/B1
 _42940_/Y
 _42941_/A
 _42941_/Y
 _42942_/A_N
 _42942_/B
 _42942_/Y
 _42943_/A1
 _42943_/A2
 _42943_/B1
 _42943_/X
 _42944_/A
 _42944_/Y
 _42945_/A
 _42945_/B
 _42945_/Y
 _42946_/A
 _42946_/Y
 _42947_/A
 _42947_/B
 _42947_/Y
 _42948_/A1
 _42948_/A2
 _42948_/B1
 _42948_/Y
 _42949_/A
 _42949_/Y
 _42950_/A1
 _42950_/A2
 _42950_/B1
 _42950_/Y
 _42951_/A
 _42951_/B
 _42951_/C
 _42951_/D
 _42951_/Y
 _42952_/A
 _42952_/B
 _42952_/C
 _42952_/D
 _42952_/X
 _42953_/A1
 _42953_/A2
 _42953_/B1
 _42953_/Y
 _42954_/A1
 _42954_/A2
 _42954_/B1
 _42954_/Y
 _42955_/A
 _42955_/B
 _42955_/C
 _42955_/X
 _42956_/A
 _42956_/B
 _42956_/C
 _42956_/Y
 _42957_/A1
 _42957_/A2
 _42957_/A3
 _42957_/B1
 _42957_/X
 _42958_/A
 _42958_/B_N
 _42958_/Y
 _42959_/A
 _42959_/B
 _42959_/C
 _42959_/D
 _42959_/Y
 _42960_/A
 _42960_/Y
 _42961_/A1
 _42961_/A2
 _42961_/B1
 _42961_/Y
 _42962_/A1
 _42962_/A2
 _42962_/B1
 _42962_/Y
 _42963_/A
 _42963_/B
 _42963_/Y
 _42964_/A
 _42964_/Y
 _42965_/A
 _42965_/B
 _42965_/Y
 _42966_/A1
 _42966_/A2
 _42966_/B1
 _42966_/B2
 _42966_/C1
 _42966_/Y
 _42967_/A
 _42967_/B
 _42967_/C
 _42967_/Y
 _42968_/A1
 _42968_/A2
 _42968_/B1
 _42968_/C1
 _42968_/Y
 _42969_/A1
 _42969_/A2
 _42969_/B1
 _42969_/Y
 _42970_/A1
 _42970_/A2
 _42970_/B1_N
 _42970_/Y
 _42971_/A1
 _42971_/A2
 _42971_/B1
 _42971_/X
 _42972_/A
 _42972_/Y
 _42973_/A
 _42973_/B
 _42973_/X
 _42974_/A
 _42974_/B
 _42974_/C
 _42974_/X
 _42975_/A1
 _42975_/A2
 _42975_/B1
 _42975_/Y
 _42976_/A1
 _42976_/A2
 _42976_/B1
 _42976_/C1
 _42976_/D1
 _42976_/Y
 _42977_/A
 _42977_/B
 _42977_/C
 _42977_/D_N
 _42977_/X
 _42978_/A
 _42978_/B
 _42978_/X
 _42979_/A
 _42979_/Y
 _42980_/A
 _42980_/B
 _42980_/Y
 _42981_/A
 _42981_/B
 _42981_/X
 _42982_/A1
 _42982_/A2
 _42982_/B1
 _42982_/Y
 _42983_/A1
 _42983_/A2
 _42983_/A3
 _42983_/A4
 _42983_/B1
 _42983_/X
 _42984_/A
 _42984_/B
 _42984_/Y
 _42985_/A1
 _42985_/A2
 _42985_/B1
 _42985_/B2
 _42985_/Y
 _42986_/A1
 _42986_/A2
 _42986_/B1
 _42986_/Y
 _42987_/A1
 _42987_/A2
 _42987_/B1
 _42987_/Y
 _42988_/A
 _42988_/B
 _42988_/Y
 _42989_/A
 _42989_/Y
 _42990_/A1
 _42990_/A2
 _42990_/B1
 _42990_/Y
 _42991_/A
 _42991_/B
 _42991_/X
 _42992_/A
 _42992_/B
 _42992_/C
 _42992_/Y
 _42993_/A
 _42993_/B
 _42993_/Y
 _42994_/A
 _42994_/B_N
 _42994_/Y
 _42995_/A
 _42995_/B
 _42995_/X
 _42996_/A1
 _42996_/A2
 _42996_/B1
 _42996_/C1
 _42996_/X
 _42997_/A
 _42997_/B
 _42997_/Y
 _42998_/A1
 _42998_/A2
 _42998_/B1
 _42998_/Y
 _42999_/A1
 _42999_/A2
 _42999_/A3
 _42999_/A4
 _42999_/B1
 _42999_/X
 _43000_/A
 _43000_/Y
 _43001_/A
 _43001_/B
 _43001_/Y
 _43002_/A
 _43002_/B
 _43002_/Y
 _43003_/A1
 _43003_/A2
 _43003_/B1
 _43003_/Y
 _43004_/A1
 _43004_/A2
 _43004_/B1
 _43004_/B2
 _43004_/C1
 _43004_/Y
 _43005_/A
 _43005_/B
 _43005_/C
 _43005_/D
 _43005_/X
 _43006_/A
 _43006_/B
 _43006_/Y
 _43007_/A1
 _43007_/A2
 _43007_/B1
 _43007_/Y
 _43008_/A
 _43008_/B
 _43008_/Y
 _43009_/A
 _43009_/Y
 _43010_/A
 _43010_/B
 _43010_/Y
 _43011_/A1
 _43011_/A2
 _43011_/A3
 _43011_/B1
 _43011_/Y
 _43012_/A1
 _43012_/A2
 _43012_/B1
 _43012_/C1
 _43012_/Y
 _43013_/A1
 _43013_/A2
 _43013_/B1
 _43013_/Y
 _43014_/A1
 _43014_/A2
 _43014_/B1
 _43014_/C1
 _43014_/X
 _43015_/A
 _43015_/B
 _43015_/X
 _43016_/A1
 _43016_/A2
 _43016_/B1_N
 _43016_/Y
 _43017_/A
 _43017_/B
 _43017_/Y
 _43018_/A1
 _43018_/A2
 _43018_/B1
 _43018_/X
 _43019_/A
 _43019_/B
 _43019_/Y
 _43020_/A1
 _43020_/A2
 _43020_/A3
 _43020_/B1
 _43020_/Y
 _43021_/A
 _43021_/B
 _43021_/Y
 _43022_/A
 _43022_/B
 _43022_/C
 _43022_/Y
 _43023_/A
 _43023_/B
 _43023_/C
 _43023_/D
 _43023_/Y
 _43024_/A1
 _43024_/A2
 _43024_/A3
 _43024_/B1
 _43024_/X
 _43025_/A
 _43025_/B_N
 _43025_/Y
 _43026_/A
 _43026_/B
 _43026_/C
 _43026_/D
 _43026_/Y
 _43027_/A
 _43027_/Y
 _43028_/A
 _43028_/B
 _43028_/Y
 _43029_/A1
 _43029_/A2
 _43029_/B1
 _43029_/Y
 _43030_/A1
 _43030_/A2
 _43030_/B1_N
 _43030_/Y
 _43031_/A
 _43031_/B
 _43031_/C
 _43031_/Y
 _43032_/A1
 _43032_/A2
 _43032_/A3
 _43032_/B1
 _43032_/Y
 _43033_/A
 _43033_/B
 _43033_/Y
 _43034_/A
 _43034_/B
 _43034_/Y
 _43035_/A
 _43035_/B
 _43035_/C
 _43035_/Y
 _43036_/A1
 _43036_/A2
 _43036_/B1
 _43036_/C1
 _43036_/Y
 _43037_/A
 _43037_/B
 _43037_/C
 _43037_/D
 _43037_/Y
 _43038_/A1
 _43038_/A2
 _43038_/B1
 _43038_/C1
 _43038_/Y
 _43039_/A1
 _43039_/A2
 _43039_/B1
 _43039_/Y
 _43040_/A
 _43040_/B
 _43040_/Y
 _43041_/A1
 _43041_/A2
 _43041_/B1
 _43041_/Y
 _43042_/A_N
 _43042_/B
 _43042_/C
 _43042_/X
 _43044_/A
 _43044_/Y
 _43045_/A
 _43045_/B
 _43045_/Y
 _43046_/A
 _43046_/B
 _43046_/Y
 _43047_/A1
 _43047_/A2
 _43047_/B1
 _43047_/Y
 _43048_/A0
 _43048_/A1
 _43048_/S
 _43048_/Y
 _43049_/A
 _43049_/Y
 _43050_/A
 _43050_/B_N
 _43050_/Y
 _43051_/A1
 _43051_/A2
 _43051_/B1
 _43051_/Y
 _43052_/A
 _43052_/B
 _43052_/C
 _43052_/Y
 _43053_/A1
 _43053_/A2
 _43053_/B1
 _43053_/X
 _43054_/A1
 _43054_/A2
 _43054_/B1
 _43054_/X
 _43055_/A1
 _43055_/A2
 _43055_/B1
 _43055_/Y
 _43056_/A
 _43056_/Y
 _43057_/A
 _43057_/B
 _43057_/Y
 _43058_/A
 _43058_/B
 _43058_/C
 _43058_/X
 _43059_/A1
 _43059_/A2
 _43059_/B1
 _43059_/C1
 _43059_/X
 _43060_/A
 _43060_/B
 _43060_/Y
 _43061_/A
 _43061_/B
 _43061_/Y
 _43062_/A1
 _43062_/A2
 _43062_/B1
 _43062_/Y
 _43063_/A1
 _43063_/A2
 _43063_/B1
 _43063_/C1
 _43063_/Y
 _43064_/A
 _43064_/Y
 _43065_/A1
 _43065_/A2
 _43065_/B1
 _43065_/Y
 _43066_/A1
 _43066_/A2
 _43066_/B1
 _43066_/Y
 _43067_/A
 _43067_/B
 _43067_/Y
 _43068_/A1
 _43068_/A2
 _43068_/B1
 _43068_/Y
 _43069_/A1
 _43069_/A2
 _43069_/B1
 _43069_/C1
 _43069_/X
 _43070_/A
 _43070_/B
 _43070_/Y
 _43071_/A
 _43071_/B
 _43071_/C
 _43071_/Y
 _43072_/A1
 _43072_/A2
 _43072_/B1_N
 _43072_/Y
 _43073_/A1
 _43073_/A2
 _43073_/A3
 _43073_/B1
 _43073_/Y
 _43074_/A
 _43074_/B
 _43074_/Y
 _43075_/A1
 _43075_/A2
 _43075_/B1
 _43075_/C1
 _43075_/Y
 _43076_/A
 _43076_/B
 _43076_/C
 _43076_/D
 _43076_/Y
 _43077_/A
 _43077_/B
 _43077_/Y
 _43078_/A1
 _43078_/A2
 _43078_/B1
 _43078_/C1
 _43078_/Y
 _43079_/A0
 _43079_/A1
 _43079_/S
 _43079_/X
 _43080_/A
 _43080_/Y
 _43081_/A
 _43081_/B
 _43081_/C
 _43081_/Y
 _43082_/A
 _43082_/B
 _43082_/C
 _43082_/Y
 _43083_/A
 _43083_/B
 _43083_/Y
 _43084_/A1
 _43084_/A2
 _43084_/B1
 _43084_/C1
 _43084_/D1
 _43084_/Y
 _43085_/A
 _43085_/B
 _43085_/X
 _43086_/A
 _43086_/B
 _43086_/C
 _43086_/Y
 _43087_/A1
 _43087_/A2
 _43087_/B1
 _43087_/Y
 _43088_/A
 _43088_/B
 _43088_/C
 _43088_/Y
 _43089_/A1
 _43089_/A2
 _43089_/B1
 _43089_/B2
 _43089_/C1
 _43089_/X
 _43090_/A
 _43090_/B
 _43090_/Y
 _43091_/A
 _43091_/B
 _43091_/C_N
 _43091_/Y
 _43092_/A
 _43092_/Y
 _43093_/A
 _43093_/B
 _43093_/Y
 _43094_/A0
 _43094_/A1
 _43094_/S
 _43094_/Y
 _43095_/A
 _43095_/B
 _43095_/Y
 _43096_/A
 _43096_/B
 _43096_/C
 _43096_/D
 _43096_/Y
 _43097_/A1
 _43097_/A2
 _43097_/A3
 _43097_/B1
 _43097_/C1
 _43097_/X
 _43098_/A
 _43098_/B
 _43098_/Y
 _43099_/A
 _43099_/Y
 _43100_/A1
 _43100_/A2
 _43100_/B1
 _43100_/C1
 _43100_/D1
 _43100_/Y
 _43101_/A
 _43101_/B
 _43101_/C
 _43101_/D
 _43101_/Y
 _43102_/A
 _43102_/B
 _43102_/C
 _43102_/Y
 _43103_/A1
 _43103_/A2
 _43103_/B1
 _43103_/Y
 _43104_/A1
 _43104_/A2
 _43104_/A3
 _43104_/B1
 _43104_/Y
 _43105_/A
 _43105_/B
 _43105_/C
 _43105_/Y
 _43106_/A
 _43106_/B
 _43106_/C
 _43106_/D
 _43106_/Y
 _43107_/A
 _43107_/B
 _43107_/C
 _43107_/D
 _43107_/Y
 _43108_/A1
 _43108_/A2
 _43108_/B1
 _43108_/C1
 _43108_/D1
 _43108_/X
 _43113_/A
 _43113_/B
 _43113_/X
 _43115_/A
 _43115_/B
 _43115_/C
 _43115_/Y
 _43116_/A
 _43116_/B
 _43116_/X
 _43117_/A
 _43117_/B
 _43117_/C
 _43117_/Y
 _43118_/A1
 _43118_/A2
 _43118_/B1
 _43118_/Y
 _43119_/A1
 _43119_/A2
 _43119_/B1
 _43119_/Y
 _43120_/A1
 _43120_/A2
 _43120_/B1
 _43120_/Y
 _43121_/A
 _43121_/B
 _43121_/Y
 _43122_/A
 _43122_/Y
 _43123_/A
 _43123_/B
 _43123_/Y
 _43124_/A1
 _43124_/A2
 _43124_/A3
 _43124_/B1
 _43124_/Y
 _43125_/A
 _43125_/B
 _43125_/Y
 _43126_/A1_N
 _43126_/A2_N
 _43126_/B1
 _43126_/B2
 _43126_/Y
 _43127_/A
 _43127_/B
 _43127_/C
 _43127_/D
 _43127_/Y
 _43128_/A1
 _43128_/A2
 _43128_/B1
 _43128_/Y
 _43129_/A
 _43129_/B
 _43129_/C
 _43129_/D
 _43129_/Y
 _43130_/A
 _43130_/B
 _43130_/X
 _43132_/A1
 _43132_/A2
 _43132_/A3
 _43132_/A4
 _43132_/B1
 _43132_/Y
 _43133_/A1
 _43133_/A2
 _43133_/B1
 _43133_/X
 _43134_/A
 _43134_/B
 _43134_/C
 _43134_/Y
 _43138_/A
 _43138_/Y
 _43139_/A
 _43139_/B
 _43139_/Y
 _43140_/A1
 _43140_/A2
 _43140_/B1
 _43140_/C1
 _43140_/Y
 _43141_/A
 _43141_/B
 _43141_/Y
 _43142_/A
 _43142_/Y
 _43143_/A
 _43143_/B
 _43143_/C
 _43143_/Y
 _43144_/A
 _43144_/B
 _43144_/Y
 _43145_/A
 _43145_/B
 _43145_/X
 _43146_/A
 _43146_/B
 _43146_/X
 _43147_/A1
 _43147_/A2
 _43147_/B1
 _43147_/X
 _43148_/A1
 _43148_/A2
 _43148_/B1
 _43148_/Y
 _43149_/A
 _43149_/B
 _43149_/Y
 _43150_/A
 _43150_/B
 _43150_/X
 _43151_/A1
 _43151_/A2
 _43151_/B1
 _43151_/X
 _43152_/A1
 _43152_/A2
 _43152_/B1
 _43152_/C1
 _43152_/Y
 _43153_/A
 _43153_/B
 _43153_/Y
 _43154_/A
 _43154_/B_N
 _43154_/Y
 _43155_/A1
 _43155_/A2
 _43155_/B1_N
 _43155_/Y
 _43156_/A1_N
 _43156_/A2_N
 _43156_/B1
 _43156_/B2
 _43156_/Y
 _43157_/A1
 _43157_/A2
 _43157_/B1
 _43157_/B2
 _43157_/Y
 _43158_/A1
 _43158_/A2
 _43158_/B1
 _43158_/Y
 _43159_/A1
 _43159_/A2
 _43159_/B1
 _43159_/X
 _43160_/A1
 _43160_/A2
 _43160_/A3
 _43160_/B1
 _43160_/C1
 _43160_/X
 _43161_/A
 _43161_/B
 _43161_/Y
 _43162_/A0
 _43162_/A1
 _43162_/S
 _43162_/Y
 _43164_/A1
 _43164_/A2
 _43164_/B1
 _43164_/C1
 _43164_/D1
 _43164_/X
 _43165_/A
 _43165_/B
 _43165_/X
 _43166_/A0
 _43166_/A1
 _43166_/S
 _43166_/X
 _43167_/A1
 _43167_/A2
 _43167_/B1
 _43167_/B2
 _43167_/C1
 _43167_/Y
 _43168_/A1
 _43168_/A2
 _43168_/B1
 _43168_/X
 _43169_/A
 _43169_/B
 _43169_/Y
 _43170_/A1
 _43170_/A2
 _43170_/B1
 _43170_/Y
 _43171_/A
 _43171_/B
 _43171_/Y
 _43174_/A1
 _43174_/A2
 _43174_/B1_N
 _43174_/Y
 _43176_/A
 _43176_/B
 _43176_/C
 _43176_/X
 _43178_/A
 _43178_/Y
 _43179_/A1
 _43179_/A2
 _43179_/B1
 _43179_/Y
 _43180_/A
 _43180_/B
 _43180_/C
 _43180_/X
 _43181_/A_N
 _43181_/B
 _43181_/C
 _43181_/Y
 _43182_/A
 _43182_/B
 _43182_/C
 _43182_/D
 _43182_/Y
 _43183_/A
 _43183_/B
 _43183_/Y
 _43184_/A1
 _43184_/A2
 _43184_/B1
 _43184_/Y
 _43185_/A
 _43185_/B
 _43185_/Y
 _43186_/A1
 _43186_/A2
 _43186_/A3
 _43186_/A4
 _43186_/B1
 _43186_/Y
 _43187_/A
 _43187_/Y
 _43188_/A1
 _43188_/A2
 _43188_/A3
 _43188_/B1
 _43188_/Y
 _43189_/A
 _43189_/B
 _43189_/Y
 _43190_/A
 _43190_/B
 _43190_/X
 _43192_/A
 _43192_/B
 _43192_/Y
 _43193_/A
 _43193_/B
 _43193_/X
 _43194_/A
 _43194_/B
 _43194_/Y
 _43195_/A
 _43195_/B
 _43195_/C
 _43195_/Y
 _43196_/A
 _43196_/B
 _43196_/C
 _43196_/X
 _43197_/A1
 _43197_/A2
 _43197_/A3
 _43197_/B1
 _43197_/C1
 _43197_/X
 _43198_/A
 _43198_/B
 _43198_/Y
 _43199_/A1
 _43199_/A2
 _43199_/B1
 _43199_/C1
 _43199_/Y
 _43200_/A
 _43200_/B
 _43200_/X
 _43201_/A0
 _43201_/A1
 _43201_/S
 _43201_/X
 _43202_/A1
 _43202_/A2
 _43202_/B1
 _43202_/C1
 _43202_/Y
 _43203_/A1
 _43203_/A2
 _43203_/A3
 _43203_/B1
 _43203_/C1
 _43203_/X
 _43205_/A
 _43205_/Y
 _43206_/A0
 _43206_/A1
 _43206_/S
 _43206_/Y
 _43207_/A1
 _43207_/A2
 _43207_/B1
 _43207_/C1
 _43207_/Y
 _43208_/A1
 _43208_/A2
 _43208_/A3
 _43208_/B1
 _43208_/Y
 _43209_/A1
 _43209_/A2
 _43209_/B1
 _43209_/Y
 _43210_/A
 _43210_/B
 _43210_/C
 _43210_/Y
 _43211_/A
 _43211_/Y
 _43212_/A1
 _43212_/A2
 _43212_/B1
 _43212_/Y
 _43213_/A1
 _43213_/A2
 _43213_/B1
 _43213_/B2
 _43213_/Y
 _43214_/A
 _43214_/B
 _43214_/Y
 _43217_/A
 _43217_/B
 _43217_/Y
 _43218_/A
 _43218_/B
 _43218_/Y
 _43219_/A1
 _43219_/A2
 _43219_/B1
 _43219_/Y
 _43220_/A
 _43220_/B
 _43220_/Y
 _43221_/A1
 _43221_/A2
 _43221_/B1
 _43221_/B2
 _43221_/C1
 _43221_/Y
 _43222_/A1
 _43222_/A2
 _43222_/B1
 _43222_/Y
 _43223_/A1
 _43223_/A2
 _43223_/B1
 _43223_/B2
 _43223_/Y
 _43224_/A
 _43224_/B
 _43224_/Y
 _43225_/A
 _43225_/B
 _43225_/Y
 _43226_/A1
 _43226_/A2
 _43226_/B1
 _43226_/Y
 _43227_/A
 _43227_/B
 _43227_/Y
 _43228_/A1
 _43228_/A2
 _43228_/B1
 _43228_/Y
 _43229_/A0
 _43229_/A1
 _43229_/S
 _43229_/X
 _43231_/A1
 _43231_/A2
 _43231_/B1
 _43231_/B2
 _43231_/C1
 _43231_/Y
 _43232_/A
 _43232_/B
 _43232_/Y
 _43233_/A1
 _43233_/A2
 _43233_/B1
 _43233_/C1
 _43233_/D1
 _43233_/Y
 _43234_/A1
 _43234_/A2
 _43234_/B1
 _43234_/C1
 _43234_/Y
 _43235_/A1
 _43235_/A2
 _43235_/B1
 _43235_/Y
 _43236_/A
 _43236_/B
 _43236_/Y
 _43237_/A
 _43237_/B
 _43237_/X
 _43238_/A
 _43238_/B
 _43238_/C
 _43238_/Y
 _43239_/A1
 _43239_/A2
 _43239_/B1
 _43239_/B2
 _43239_/Y
 _43240_/A
 _43240_/B
 _43240_/Y
 _43242_/A0
 _43242_/A1
 _43242_/S
 _43242_/X
 _43243_/A1
 _43243_/A2
 _43243_/B1
 _43243_/Y
 _43245_/A
 _43245_/Y
 _43248_/A
 _43248_/B
 _43248_/Y
 _43249_/A1
 _43249_/A2
 _43249_/B1
 _43249_/Y
 _43250_/A
 _43250_/B
 _43250_/C
 _43250_/Y
 _43251_/A
 _43251_/B
 _43251_/Y
 _43252_/A
 _43252_/B
 _43252_/Y
 _43256_/A
 _43256_/B
 _43256_/Y
 _43257_/A1
 _43257_/A2
 _43257_/B1
 _43257_/Y
 _43259_/A
 _43259_/B
 _43259_/Y
 _43260_/A1
 _43260_/A2
 _43260_/B1
 _43260_/Y
 _43261_/A0
 _43261_/A1
 _43261_/S
 _43261_/Y
 _43262_/A
 _43262_/B
 _43262_/Y
 _43263_/A
 _43263_/B
 _43263_/C
 _43263_/D
 _43263_/X
 _43264_/A
 _43264_/B
 _43264_/C
 _43264_/X
 _43265_/A1
 _43265_/A2
 _43265_/B1
 _43265_/Y
 _43267_/A1
 _43267_/A2
 _43267_/A3
 _43267_/B1
 _43267_/X
 _43268_/A
 _43268_/B
 _43268_/Y
 _43269_/A1
 _43269_/A2
 _43269_/A3
 _43269_/B1
 _43269_/Y
 _43270_/A
 _43270_/B
 _43270_/Y
 _43271_/A1
 _43271_/A2
 _43271_/B1
 _43271_/Y
 _43272_/A
 _43272_/B
 _43272_/X
 _43273_/A
 _43273_/B
 _43273_/Y
 _43274_/A1
 _43274_/A2
 _43274_/B1
 _43274_/Y
 _43275_/A1
 _43275_/A2
 _43275_/B1
 _43275_/B2
 _43275_/Y
 _43276_/A
 _43276_/B
 _43276_/Y
 _43278_/A0
 _43278_/A1
 _43278_/S
 _43278_/Y
 _43279_/A1
 _43279_/A2
 _43279_/B1
 _43279_/Y
 _43280_/A
 _43280_/B
 _43280_/Y
 _43281_/A1
 _43281_/A2
 _43281_/B1
 _43281_/Y
 _43282_/A
 _43282_/B
 _43282_/C
 _43282_/Y
 _43283_/A
 _43283_/B
 _43283_/X
 _43284_/A
 _43284_/B_N
 _43284_/Y
 _43285_/A
 _43285_/B
 _43285_/C
 _43285_/Y
 _43286_/A1
 _43286_/A2
 _43286_/B1
 _43286_/B2
 _43286_/Y
 _43287_/A
 _43287_/B
 _43287_/C
 _43287_/D
 _43287_/X
 _43288_/A1
 _43288_/A2
 _43288_/B1
 _43288_/X
 _43289_/A1
 _43289_/A2
 _43289_/B1
 _43289_/Y
 _43290_/A1
 _43290_/A2
 _43290_/B1
 _43290_/Y
 _43292_/A1
 _43292_/A2
 _43292_/B1
 _43292_/X
 _43293_/A1
 _43293_/A2
 _43293_/B1
 _43293_/Y
 _43294_/A1
 _43294_/A2
 _43294_/B1_N
 _43294_/Y
 _43296_/A1
 _43296_/A2
 _43296_/A3
 _43296_/B1
 _43296_/X
 _43297_/A
 _43297_/B
 _43297_/Y
 _43298_/A1
 _43298_/A2
 _43298_/B1
 _43298_/Y
 _43299_/A
 _43299_/B
 _43299_/Y
 _43300_/A1
 _43300_/A2
 _43300_/B1
 _43300_/Y
 _43301_/A1_N
 _43301_/A2_N
 _43301_/B1
 _43301_/B2
 _43301_/Y
 _43302_/A
 _43302_/B
 _43302_/Y
 _43303_/A1
 _43303_/A2
 _43303_/B1
 _43303_/Y
 _43304_/A1
 _43304_/A2
 _43304_/B1
 _43304_/Y
 _43305_/A1
 _43305_/A2
 _43305_/B1
 _43305_/Y
 _43306_/A1
 _43306_/A2
 _43306_/B1
 _43306_/B2
 _43306_/Y
 _43308_/A0
 _43308_/A1
 _43308_/S
 _43308_/Y
 _43309_/A1
 _43309_/A2
 _43309_/B1
 _43309_/B2
 _43309_/Y
 _43311_/A
 _43311_/B
 _43311_/Y
 _43312_/A1
 _43312_/A2
 _43312_/B1
 _43312_/B2
 _43312_/Y
 _43313_/A
 _43313_/B
 _43313_/Y
 _43314_/A1
 _43314_/A2
 _43314_/A3
 _43314_/B1
 _43314_/B2
 _43314_/Y
 _43315_/A
 _43315_/B
 _43315_/Y
 _43318_/A
 _43318_/B
 _43318_/C
 _43318_/Y
 _43319_/A
 _43319_/B
 _43319_/C
 _43319_/Y
 _43320_/A1
 _43320_/A2
 _43320_/B1
 _43320_/C1
 _43320_/Y
 _43321_/A1
 _43321_/A2
 _43321_/B1
 _43321_/C1
 _43321_/Y
 _43322_/A
 _43322_/B
 _43322_/C
 _43322_/Y
 _43324_/A0
 _43324_/A1
 _43324_/S
 _43324_/Y
 _43325_/A1
 _43325_/A2
 _43325_/B1
 _43325_/Y
 _43327_/A
 _43327_/B
 _43327_/Y
 _43328_/A1
 _43328_/A2
 _43328_/B1
 _43328_/Y
 _43329_/A
 _43329_/B
 _43329_/C
 _43329_/Y
 _43330_/A
 _43330_/B
 _43330_/Y
 _43331_/A
 _43331_/B
 _43331_/Y
 _43332_/A1
 _43332_/A2
 _43332_/B1
 _43332_/Y
 _43333_/A
 _43333_/B
 _43333_/Y
 _43334_/A1
 _43334_/A2
 _43334_/B1
 _43334_/Y
 _43335_/A
 _43335_/B
 _43335_/C
 _43335_/Y
 _43336_/A1
 _43336_/A2
 _43336_/B1
 _43336_/Y
 _43337_/A0
 _43337_/A1
 _43337_/S
 _43337_/Y
 _43339_/A
 _43339_/B
 _43339_/Y
 _43340_/A1
 _43340_/A2
 _43340_/B1
 _43340_/Y
 _43341_/A0
 _43341_/A1
 _43341_/S
 _43341_/X
 _43342_/A1
 _43342_/A2
 _43342_/B1
 _43342_/B2
 _43342_/Y
 _43344_/A1
 _43344_/A2
 _43344_/B1
 _43344_/B2
 _43344_/C1
 _43344_/Y
 _43345_/A1
 _43345_/A2
 _43345_/B1
 _43345_/Y
 _43346_/A
 _43346_/B
 _43346_/Y
 _43347_/A
 _43347_/B
 _43347_/Y
 _43348_/A
 _43348_/B
 _43348_/C
 _43348_/D
 _43348_/Y
 _43349_/A
 _43349_/B
 _43349_/C
 _43349_/Y
 _43351_/A_N
 _43351_/B
 _43351_/C
 _43351_/D
 _43351_/X
 _43352_/A
 _43352_/B
 _43352_/Y
 _43353_/A1
 _43353_/A2
 _43353_/B1
 _43353_/Y
 _43354_/A0
 _43354_/A1
 _43354_/S
 _43354_/Y
 _43355_/A
 _43355_/B
 _43355_/Y
 _43356_/A1
 _43356_/A2
 _43356_/B1
 _43356_/C1
 _43356_/X
 _43357_/A1_N
 _43357_/A2_N
 _43357_/B1
 _43357_/B2
 _43357_/Y
 _43358_/A0
 _43358_/A1
 _43358_/S
 _43358_/X
 _43359_/A
 _43359_/B
 _43359_/C
 _43359_/Y
 _43361_/A
 _43361_/B
 _43361_/C
 _43361_/Y
 _43362_/A
 _43362_/B
 _43362_/Y
 _43363_/A
 _43363_/B
 _43363_/C
 _43363_/D
 _43363_/X
 _43364_/A
 _43364_/B
 _43364_/C
 _43364_/D
 _43364_/Y
 _43365_/A
 _43365_/B
 _43365_/Y
 _43366_/A0
 _43366_/A1
 _43366_/S
 _43366_/X
 _43367_/A
 _43367_/B
 _43367_/Y
 _43368_/A
 _43368_/B
 _43368_/C
 _43368_/X
 _43369_/A1
 _43369_/A2
 _43369_/B1
 _43369_/B2
 _43369_/X
 _43370_/A0
 _43370_/A1
 _43370_/S
 _43370_/Y
 _43371_/A
 _43371_/B
 _43371_/C
 _43371_/Y
 _43374_/A1
 _43374_/A2
 _43374_/B1
 _43374_/B2
 _43374_/Y
 _43375_/A1
 _43375_/A2
 _43375_/B1
 _43375_/C1
 _43375_/Y
 _43376_/A1_N
 _43376_/A2_N
 _43376_/B1
 _43376_/B2
 _43376_/Y
 _43377_/A1
 _43377_/A2
 _43377_/B1
 _43377_/B2
 _43377_/Y
 _43378_/A
 _43378_/B
 _43378_/C
 _43378_/X
 _43380_/A
 _43380_/B
 _43380_/C
 _43380_/Y
 _43381_/A1
 _43381_/A2
 _43381_/B1
 _43381_/Y
 _43382_/A
 _43382_/B
 _43382_/C
 _43382_/X
 _43383_/A
 _43383_/B
 _43383_/Y
 _43384_/A1
 _43384_/A2
 _43384_/B1
 _43384_/Y
 _43385_/A
 _43385_/B
 _43385_/C
 _43385_/Y
 _43386_/A0
 _43386_/A1
 _43386_/S
 _43386_/Y
 _43387_/A1
 _43387_/A2
 _43387_/B1
 _43387_/Y
 _43388_/A
 _43388_/B
 _43388_/X
 _43389_/A
 _43389_/B
 _43389_/C
 _43389_/D
 _43389_/Y
 _43390_/A1
 _43390_/A2
 _43390_/B1
 _43390_/B2
 _43390_/X
 _43391_/A1
 _43391_/A2
 _43391_/B1
 _43391_/B2
 _43391_/Y
 _43392_/A
 _43392_/B
 _43392_/Y
 _43393_/A
 _43393_/B
 _43393_/Y
 _43395_/A
 _43395_/B
 _43395_/Y
 _43396_/A1
 _43396_/A2
 _43396_/B1
 _43396_/B2
 _43396_/Y
 _43397_/A
 _43397_/B
 _43397_/Y
 _43398_/A
 _43398_/B
 _43398_/Y
 _43399_/A1
 _43399_/A2
 _43399_/B1
 _43399_/C1
 _43399_/Y
 _43400_/A
 _43400_/B
 _43400_/X
 _43401_/A
 _43401_/B
 _43401_/C
 _43401_/Y
 _43402_/A
 _43402_/B
 _43402_/C
 _43402_/Y
 _43403_/A
 _43403_/B
 _43403_/C
 _43403_/D
 _43403_/X
 _43404_/A
 _43404_/B
 _43404_/Y
 _43405_/A1
 _43405_/A2
 _43405_/B1
 _43405_/Y
 _43406_/A
 _43406_/B
 _43406_/C
 _43406_/D
 _43406_/Y
 _43407_/A1
 _43407_/A2
 _43407_/B1
 _43407_/C1
 _43407_/D1
 _43407_/Y
 _43408_/A1
 _43408_/A2
 _43408_/B1
 _43408_/C1
 _43408_/Y
 _43409_/A1
 _43409_/A2
 _43409_/B1
 _43409_/C1
 _43409_/Y
 _43410_/A_N
 _43410_/B
 _43410_/Y
 _43411_/A
 _43411_/B
 _43411_/C
 _43411_/D
 _43411_/Y
 _43412_/A1
 _43412_/A2
 _43412_/A3
 _43412_/B1
 _43412_/Y
 _43413_/A
 _43413_/B
 _43413_/Y
 _43414_/A1
 _43414_/A2
 _43414_/B1
 _43414_/C1
 _43414_/D1
 _43414_/Y
 _43415_/A
 _43415_/B
 _43415_/C
 _43415_/Y
 _43416_/A1
 _43416_/A2
 _43416_/B1
 _43416_/C1
 _43416_/D1
 _43416_/X
 _43417_/A0
 _43417_/A1
 _43417_/S
 _43417_/Y
 _43421_/A1
 _43421_/A2
 _43421_/B1
 _43421_/Y
 _43423_/A
 _43423_/B
 _43423_/C
 _43423_/Y
 _43424_/A1
 _43424_/A2
 _43424_/B1
 _43424_/B2
 _43424_/Y
 _43425_/A1
 _43425_/A2
 _43425_/B1
 _43425_/C1
 _43425_/D1
 _43425_/Y
 _43428_/A
 _43428_/B
 _43428_/C
 _43428_/Y
 _43429_/A1
 _43429_/A2
 _43429_/B1
 _43429_/B2
 _43429_/C1
 _43429_/Y
 _43430_/A1
 _43430_/A2
 _43430_/B1
 _43430_/C1
 _43430_/D1
 _43430_/Y
 _43431_/A1
 _43431_/A2
 _43431_/B1
 _43431_/X
 _43432_/A1
 _43432_/A2
 _43432_/B1
 _43432_/C1
 _43432_/Y
 _43433_/A1
 _43433_/A2
 _43433_/B1_N
 _43433_/Y
 _43434_/A1
 _43434_/A2
 _43434_/B1
 _43434_/B2
 _43434_/C1
 _43434_/C2
 _43434_/Y
 _43435_/A
 _43435_/B
 _43435_/X
 _43436_/A1
 _43436_/A2
 _43436_/B1
 _43436_/C1
 _43436_/Y
 _43437_/A1
 _43437_/A2
 _43437_/B1
 _43437_/B2
 _43437_/Y
 _43438_/A1
 _43438_/A2
 _43438_/B1
 _43438_/C1
 _43438_/Y
 _43439_/A
 _43439_/B
 _43439_/Y
 _43440_/A1
 _43440_/A2
 _43440_/B1
 _43440_/Y
 _43441_/A
 _43441_/B
 _43441_/C_N
 _43441_/X
 _43443_/A
 _43443_/B
 _43443_/C
 _43443_/D
 _43443_/Y
 _43444_/A1
 _43444_/A2
 _43444_/B1
 _43444_/C1
 _43444_/Y
 _43445_/A1
 _43445_/A2
 _43445_/A3
 _43445_/B1
 _43445_/B2
 _43445_/Y
 _43446_/A0
 _43446_/A1
 _43446_/S
 _43446_/Y
 _43447_/A
 _43447_/B
 _43447_/Y
 _43448_/A1
 _43448_/A2
 _43448_/B1
 _43448_/C1
 _43448_/Y
 _43449_/A1
 _43449_/A2
 _43449_/B1
 _43449_/Y
 _43450_/A1
 _43450_/A2
 _43450_/B1
 _43450_/B2
 _43450_/Y
 _43451_/A
 _43451_/B
 _43451_/C
 _43451_/Y
 _43452_/A
 _43452_/B
 _43452_/Y
 _43455_/A0
 _43455_/A1
 _43455_/S
 _43455_/Y
 _43456_/A
 _43456_/B
 _43456_/Y
 _43457_/A0
 _43457_/A1
 _43457_/S
 _43457_/Y
 _43458_/A
 _43458_/B
 _43458_/Y
 _43459_/A
 _43459_/B
 _43459_/C
 _43459_/Y
 _43460_/A
 _43460_/B
 _43460_/C
 _43460_/X
 _43461_/A1
 _43461_/A2
 _43461_/B1
 _43461_/C1
 _43461_/X
 _43462_/A
 _43462_/B
 _43462_/Y
 _43463_/A
 _43463_/B
 _43463_/Y
 _43464_/A1
 _43464_/A2
 _43464_/A3
 _43464_/B1
 _43464_/B2
 _43464_/X
 _43465_/A
 _43465_/B
 _43465_/C
 _43465_/Y
 _43467_/A
 _43467_/B
 _43467_/C
 _43467_/X
 _43469_/A
 _43469_/B
 _43469_/Y
 _43470_/A
 _43470_/B
 _43470_/Y
 _43471_/A1
 _43471_/A2
 _43471_/B1
 _43471_/B2
 _43471_/Y
 _43472_/A1
 _43472_/A2
 _43472_/B1
 _43472_/Y
 _43473_/A1
 _43473_/A2
 _43473_/B1
 _43473_/C1
 _43473_/Y
 _43474_/A1
 _43474_/A2
 _43474_/B1
 _43474_/Y
 _43475_/A1
 _43475_/A2
 _43475_/B1
 _43475_/Y
 _43476_/A1
 _43476_/A2
 _43476_/B1
 _43476_/B2
 _43476_/Y
 _43477_/A1
 _43477_/A2
 _43477_/B1
 _43477_/X
 _43478_/A1
 _43478_/A2
 _43478_/B1
 _43478_/Y
 _43479_/A
 _43479_/B
 _43479_/Y
 _43480_/A1
 _43480_/A2
 _43480_/B1
 _43480_/B2
 _43480_/Y
 _43483_/A_N
 _43483_/B
 _43483_/C
 _43483_/D
 _43483_/Y
 _43484_/A
 _43484_/B
 _43484_/C
 _43484_/Y
 _43485_/A
 _43485_/B
 _43485_/C
 _43485_/Y
 _43486_/A1
 _43486_/A2
 _43486_/B1
 _43486_/B2
 _43486_/C1
 _43486_/Y
 _43487_/A
 _43487_/B
 _43487_/C
 _43487_/Y
 _43488_/A
 _43488_/B
 _43488_/C
 _43488_/Y
 _43489_/A
 _43489_/B
 _43489_/C
 _43489_/Y
 _43490_/A
 _43490_/B
 _43490_/Y
 _43491_/A1
 _43491_/A2
 _43491_/A3
 _43491_/B1
 _43491_/X
 _43492_/A1_N
 _43492_/A2_N
 _43492_/B1
 _43492_/B2
 _43492_/Y
 _43493_/A
 _43493_/B
 _43493_/X
 _43495_/A0
 _43495_/A1
 _43495_/S
 _43495_/X
 _43496_/A
 _43496_/B
 _43496_/Y
 _43497_/A
 _43497_/B
 _43497_/C
 _43497_/Y
 _43498_/A1
 _43498_/A2
 _43498_/B1
 _43498_/X
 _43499_/A1
 _43499_/A2
 _43499_/B1
 _43499_/B2
 _43499_/Y
 _43500_/A
 _43500_/B
 _43500_/X
 _43501_/A1
 _43501_/A2
 _43501_/B1
 _43501_/C1
 _43501_/Y
 _43502_/A1
 _43502_/A2
 _43502_/B1
 _43502_/B2
 _43502_/Y
 _43503_/A
 _43503_/B
 _43503_/C
 _43503_/D
 _43503_/Y
 _43504_/A
 _43504_/B
 _43504_/X
 _43505_/A
 _43505_/B
 _43505_/Y
 _43507_/A
 _43507_/B
 _43507_/Y
 _43508_/A1
 _43508_/A2
 _43508_/B1
 _43508_/B2
 _43508_/Y
 _43509_/A
 _43509_/B
 _43509_/Y
 _43510_/A1
 _43510_/A2
 _43510_/A3
 _43510_/A4
 _43510_/B1
 _43510_/X
 _43512_/A
 _43512_/B
 _43512_/C
 _43512_/Y
 _43513_/A1
 _43513_/A2
 _43513_/B1
 _43513_/Y
 _43514_/A1
 _43514_/A2
 _43514_/B1
 _43514_/C1
 _43514_/X
 _43515_/A
 _43515_/B
 _43515_/C
 _43515_/D
 _43515_/Y
 _43516_/A1
 _43516_/A2
 _43516_/B1
 _43516_/Y
 _43517_/A
 _43517_/B
 _43517_/C
 _43517_/Y
 _43518_/A
 _43518_/B
 _43518_/Y
 _43519_/A1
 _43519_/A2
 _43519_/B1
 _43519_/C1
 _43519_/D1
 _43519_/Y
 _43520_/A
 _43520_/B
 _43520_/C
 _43520_/Y
 _43521_/A1
 _43521_/A2
 _43521_/B1
 _43521_/B2
 _43521_/Y
 _43522_/A1
 _43522_/A2
 _43522_/B1
 _43522_/Y
 _43523_/A
 _43523_/B
 _43523_/C
 _43523_/D
 _43523_/Y
 _43524_/A
 _43524_/B
 _43524_/Y
 _43525_/A1
 _43525_/A2
 _43525_/B1
 _43525_/B2
 _43525_/X
 _43526_/A
 _43526_/B
 _43526_/C
 _43526_/D
 _43526_/X
 _43527_/A1
 _43527_/A2
 _43527_/B1
 _43527_/Y
 _43528_/A1
 _43528_/A2
 _43528_/A3
 _43528_/B1
 _43528_/Y
 _43529_/A
 _43529_/B
 _43529_/C
 _43529_/Y
 _43530_/A
 _43530_/B
 _43530_/C
 _43530_/Y
 _43531_/A
 _43531_/B
 _43531_/C
 _43531_/D
 _43531_/Y
 _43533_/A
 _43533_/B
 _43533_/Y
 _43535_/A1
 _43535_/A2
 _43535_/B1
 _43535_/Y
 _43536_/A
 _43536_/B
 _43536_/C
 _43536_/Y
 _43537_/A1
 _43537_/A2
 _43537_/A3
 _43537_/B1
 _43537_/X
 _43538_/A1
 _43538_/A2
 _43538_/B1
 _43538_/C1
 _43538_/Y
 _43539_/A
 _43539_/B
 _43539_/C
 _43539_/D
 _43539_/Y
 _43540_/A1
 _43540_/A2
 _43540_/B1
 _43540_/B2
 _43540_/Y
 _43541_/A1
 _43541_/A2
 _43541_/B1
 _43541_/C1
 _43541_/D1
 _43541_/Y
 _43542_/A1
 _43542_/A2
 _43542_/A3
 _43542_/A4
 _43542_/B1
 _43542_/Y
 _43543_/A
 _43543_/B
 _43543_/C
 _43543_/D
 _43543_/Y
 _43544_/A
 _43544_/B
 _43544_/C_N
 _43544_/Y
 _43545_/A
 _43545_/B
 _43545_/C
 _43545_/Y
 _43546_/A1
 _43546_/A2
 _43546_/B1
 _43546_/Y
 _43547_/A1
 _43547_/A2
 _43547_/B1
 _43547_/X
 _43548_/A1
 _43548_/A2
 _43548_/B1
 _43548_/X
 _43549_/A
 _43549_/B
 _43549_/Y
 _43550_/A
 _43550_/B
 _43550_/Y
 _43551_/A
 _43551_/B
 _43551_/C
 _43551_/D
 _43551_/Y
 _43552_/A
 _43552_/B
 _43552_/Y
 _43553_/A
 _43553_/B
 _43553_/Y
 _43554_/A1
 _43554_/A2
 _43554_/B1
 _43554_/Y
 _43555_/A1
 _43555_/A2
 _43555_/A3
 _43555_/A4
 _43555_/B1
 _43555_/Y
 _43556_/A1
 _43556_/A2
 _43556_/B1
 _43556_/C1
 _43556_/Y
 _43557_/A1
 _43557_/A2
 _43557_/B1
 _43557_/C1
 _43557_/Y
 _43558_/A1
 _43558_/A2
 _43558_/B1
 _43558_/Y
 _43559_/A1
 _43559_/A2
 _43559_/B1
 _43559_/Y
 _43560_/A
 _43560_/B
 _43560_/C
 _43560_/D
 _43560_/Y
 _43561_/A1
 _43561_/A2
 _43561_/A3
 _43561_/B1
 _43561_/B2
 _43561_/X
 _43562_/A
 _43562_/B
 _43562_/Y
 _43563_/A1
 _43563_/A2
 _43563_/B1
 _43563_/B2
 _43563_/Y
 _43564_/A
 _43564_/B
 _43564_/Y
 _43565_/A
 _43565_/B
 _43565_/C
 _43565_/Y
 _43566_/A
 _43566_/B
 _43566_/C
 _43566_/X
 _43567_/A1
 _43567_/A2
 _43567_/B1
 _43567_/Y
 _43568_/A
 _43568_/B
 _43568_/X
 _43569_/A
 _43569_/B
 _43569_/C
 _43569_/Y
 _43571_/A0
 _43571_/A1
 _43571_/S
 _43571_/Y
 _43572_/A
 _43572_/B
 _43572_/C
 _43572_/Y
 _43573_/A1
 _43573_/A2
 _43573_/B1
 _43573_/C1
 _43573_/Y
 _43574_/A1_N
 _43574_/A2_N
 _43574_/B1
 _43574_/B2
 _43574_/Y
 _43575_/A
 _43575_/B
 _43575_/Y
 _43576_/A
 _43576_/B
 _43576_/C
 _43576_/D
 _43576_/Y
 _43577_/A1
 _43577_/A2
 _43577_/B1
 _43577_/B2
 _43577_/Y
 _43578_/A
 _43578_/B
 _43578_/C
 _43578_/D
 _43578_/Y
 _43579_/A1
 _43579_/A2
 _43579_/B1
 _43579_/B2
 _43579_/Y
 _43580_/A1
 _43580_/A2
 _43580_/B1
 _43580_/C1
 _43580_/D1
 _43580_/Y
 _43581_/A
 _43581_/B
 _43581_/C
 _43581_/X
 _43582_/A1
 _43582_/A2
 _43582_/A3
 _43582_/B1
 _43582_/C1
 _43582_/Y
 _43583_/A
 _43583_/B
 _43583_/C
 _43583_/D
 _43583_/X
 _43584_/A
 _43584_/B
 _43584_/C
 _43584_/D
 _43584_/X
 _43586_/A
 _43586_/B
 _43586_/C
 _43586_/D
 _43586_/Y
 _43587_/A0
 _43587_/A1
 _43587_/S
 _43587_/Y
 _43588_/A
 _43588_/B
 _43588_/Y
 _43589_/A1
 _43589_/A2
 _43589_/B1
 _43589_/Y
 _43590_/A
 _43590_/B
 _43590_/Y
 _43591_/A1
 _43591_/A2
 _43591_/B1
 _43591_/C1
 _43591_/Y
 _43592_/A1
 _43592_/A2
 _43592_/A3
 _43592_/B1
 _43592_/Y
 _43593_/A
 _43593_/B
 _43593_/Y
 _43594_/A
 _43594_/B
 _43594_/C
 _43594_/D
 _43594_/Y
 _43595_/A
 _43595_/B
 _43595_/X
 _43596_/A
 _43596_/B
 _43596_/Y
 _43597_/A
 _43597_/B
 _43597_/C
 _43597_/Y
 _43598_/A
 _43598_/B
 _43598_/Y
 _43599_/A
 _43599_/B
 _43599_/Y
 _43600_/A
 _43600_/B
 _43600_/C
 _43600_/X
 _43601_/A1
 _43601_/A2
 _43601_/B1
 _43601_/Y
 _43602_/A1
 _43602_/A2
 _43602_/B1
 _43602_/Y
 _43603_/A
 _43603_/B
 _43603_/C
 _43603_/D
 _43603_/X
 _43604_/A
 _43604_/B
 _43604_/C
 _43604_/Y
 _43605_/A
 _43605_/B
 _43605_/C
 _43605_/D
 _43605_/Y
 _43606_/A0
 _43606_/A1
 _43606_/S
 _43606_/Y
 _43607_/A
 _43607_/B
 _43607_/C
 _43607_/D
 _43607_/X
 _43609_/A0
 _43609_/A1
 _43609_/S
 _43609_/X
 _43610_/A1
 _43610_/A2
 _43610_/B1
 _43610_/Y
 _43611_/A1
 _43611_/A2
 _43611_/B1
 _43611_/C1
 _43611_/Y
 _43612_/A1
 _43612_/A2
 _43612_/B1
 _43612_/Y
 _43613_/A
 _43613_/Y
 _43614_/A
 _43614_/B
 _43614_/Y
 _43615_/A
 _43615_/B
 _43615_/C
 _43615_/Y
 _43616_/A
 _43616_/B
 _43616_/Y
 _43617_/A1
 _43617_/A2
 _43617_/B1
 _43617_/Y
 _43618_/A
 _43618_/B
 _43618_/C
 _43618_/X
 _43619_/A
 _43619_/B
 _43619_/Y
 _43620_/A
 _43620_/B
 _43620_/Y
 _43621_/A1
 _43621_/A2
 _43621_/B1
 _43621_/Y
 _43622_/A
 _43622_/B
 _43622_/C
 _43622_/D
 _43622_/Y
 _43623_/A
 _43623_/B
 _43623_/C
 _43623_/Y
 _43624_/A
 _43624_/B
 _43624_/C
 _43624_/D
 _43624_/Y
 _43625_/A
 _43625_/B
 _43625_/Y
 _43626_/A
 _43626_/B
 _43626_/X
 _43627_/A
 _43627_/B
 _43627_/C
 _43627_/D_N
 _43627_/Y
 _43628_/A
 _43628_/B
 _43628_/C
 _43628_/X
 _43629_/A
 _43629_/B
 _43629_/C
 _43629_/Y
 _43630_/A
 _43630_/B
 _43630_/C
 _43630_/D_N
 _43630_/Y
 _43631_/A
 _43631_/B
 _43631_/C
 _43631_/D
 _43631_/Y
 _43632_/A1
 _43632_/A2
 _43632_/B1
 _43632_/C1
 _43632_/D1
 _43632_/X
 _43633_/A1
 _43633_/A2
 _43633_/B1
 _43633_/Y
 _43634_/A
 _43634_/B
 _43634_/Y
 _43635_/A1
 _43635_/A2
 _43635_/B1
 _43635_/Y
 _43636_/A
 _43636_/B
 _43636_/C
 _43636_/D
 _43636_/Y
 _43637_/A
 _43637_/B
 _43637_/C
 _43637_/Y
 _43638_/A1
 _43638_/A2
 _43638_/B1
 _43638_/C1
 _43638_/X
 _43639_/A
 _43639_/B
 _43639_/C
 _43639_/Y
 _43640_/A1
 _43640_/A2
 _43640_/B1
 _43640_/C1
 _43640_/D1
 _43640_/Y
 _43641_/A
 _43641_/B
 _43641_/C
 _43641_/D_N
 _43641_/Y
 _43642_/A
 _43642_/B
 _43642_/C
 _43642_/Y
 _43643_/A
 _43643_/B
 _43643_/Y
 _43644_/A
 _43644_/B
 _43644_/C
 _43644_/X
 _43645_/A
 _43645_/B
 _43645_/C
 _43645_/D
 _43645_/Y
 _43646_/A
 _43646_/B
 _43646_/C
 _43646_/Y
 _43647_/A
 _43647_/B
 _43647_/X
 _43648_/A
 _43648_/B
 _43648_/C
 _43648_/D
 _43648_/X
 _43650_/A
 _43650_/B
 _43650_/C
 _43650_/D_N
 _43650_/X
 _43651_/A
 _43651_/B
 _43651_/Y
 _43652_/A
 _43652_/B
 _43652_/Y
 _43653_/A
 _43653_/B
 _43653_/Y
 _43654_/A1
 _43654_/A2
 _43654_/B1
 _43654_/Y
 _43655_/A1
 _43655_/A2
 _43655_/B1
 _43655_/B2
 _43655_/Y
 _43656_/A1
 _43656_/A2
 _43656_/B1
 _43656_/C1
 _43656_/Y
 _43657_/A1
 _43657_/A2
 _43657_/A3
 _43657_/A4
 _43657_/B1
 _43657_/Y
 _43658_/A
 _43658_/B
 _43658_/Y
 _43659_/A
 _43659_/B
 _43659_/C
 _43659_/D
 _43659_/Y
 _43660_/A
 _43660_/B
 _43660_/Y
 _43661_/A
 _43661_/B
 _43661_/Y
 _43662_/A1
 _43662_/A2
 _43662_/B1
 _43662_/Y
 _43663_/A1
 _43663_/A2
 _43663_/A3
 _43663_/B1
 _43663_/Y
 _43664_/A1
 _43664_/A2
 _43664_/B1
 _43664_/Y
 _43665_/A
 _43665_/B
 _43665_/Y
 _43666_/A
 _43666_/B
 _43666_/X
 _43667_/A
 _43667_/B
 _43667_/C
 _43667_/X
 _43668_/A
 _43668_/B
 _43668_/C
 _43668_/Y
 _43669_/A
 _43669_/B
 _43669_/Y
 _43670_/A
 _43670_/B
 _43670_/C
 _43670_/Y
 _43671_/A0
 _43671_/A1
 _43671_/S
 _43671_/Y
 _43672_/A
 _43672_/B
 _43672_/C
 _43672_/X
 _43673_/A1
 _43673_/A2
 _43673_/B1
 _43673_/Y
 _43674_/A
 _43674_/B
 _43674_/C
 _43674_/Y
 _43675_/A1
 _43675_/A2
 _43675_/B1
 _43675_/Y
 _43676_/A1
 _43676_/A2
 _43676_/A3
 _43676_/B1
 _43676_/B2
 _43676_/X
 _43677_/A
 _43677_/B
 _43677_/Y
 _43678_/A1
 _43678_/A2
 _43678_/B1
 _43678_/B2
 _43678_/C1
 _43678_/Y
 _43679_/A
 _43679_/B
 _43679_/C
 _43679_/D
 _43679_/Y
 _43680_/A
 _43680_/B
 _43680_/Y
 _43681_/A
 _43681_/B
 _43681_/C
 _43681_/D
 _43681_/Y
 _43682_/A
 _43682_/B
 _43682_/C
 _43682_/D
 _43682_/Y
 _43683_/A1
 _43683_/A2
 _43683_/A3
 _43683_/B1
 _43683_/Y
 _43684_/A1
 _43684_/A2
 _43684_/B1
 _43684_/Y
 _43685_/A
 _43685_/B
 _43685_/Y
 _43686_/A
 _43686_/B
 _43686_/C
 _43686_/Y
 _43687_/A1
 _43687_/A2
 _43687_/B1
 _43687_/C1
 _43687_/Y
 _43688_/A1
 _43688_/A2
 _43688_/B1
 _43688_/Y
 _43689_/A
 _43689_/B
 _43689_/C
 _43689_/D
 _43689_/X
 _43690_/A
 _43690_/B
 _43690_/C
 _43690_/Y
 _43691_/A1
 _43691_/A2
 _43691_/B1
 _43691_/Y
 _43692_/A
 _43692_/B
 _43692_/Y
 _43693_/A
 _43693_/B
 _43693_/C
 _43693_/D
 _43693_/Y
 _43694_/A
 _43694_/B
 _43694_/C
 _43694_/D_N
 _43694_/Y
 _43695_/A
 _43695_/B
 _43695_/C
 _43695_/Y
 _43696_/A1
 _43696_/A2
 _43696_/B1
 _43696_/C1
 _43696_/X
 _43697_/A
 _43697_/B
 _43697_/Y
 _43698_/A
 _43698_/B
 _43698_/Y
 _43699_/A0
 _43699_/A1
 _43699_/S
 _43699_/Y
 _43700_/A
 _43700_/B
 _43700_/C
 _43700_/Y
 _43701_/A1
 _43701_/A2
 _43701_/B1
 _43701_/X
 _43702_/A
 _43702_/B
 _43702_/Y
 _43703_/A
 _43703_/Y
 _43704_/A
 _43704_/B
 _43704_/Y
 _43705_/A
 _43705_/B
 _43705_/Y
 _43706_/A
 _43706_/B
 _43706_/X
 _43708_/A
 _43708_/B
 _43708_/C
 _43708_/Y
 _43709_/A0
 _43709_/A1
 _43709_/S
 _43709_/Y
 _43710_/A
 _43710_/B
 _43710_/Y
 _43711_/A
 _43711_/B
 _43711_/X
 _43712_/A
 _43712_/B
 _43712_/C
 _43712_/D
 _43712_/Y
 _43713_/A1
 _43713_/A2
 _43713_/A3
 _43713_/B1
 _43713_/B2
 _43713_/X
 _43714_/A1
 _43714_/A2
 _43714_/A3
 _43714_/B1
 _43714_/X
 _43715_/A
 _43715_/B
 _43715_/C
 _43715_/D
 _43715_/Y
 _43716_/A1
 _43716_/A2
 _43716_/B1
 _43716_/Y
 _43717_/A
 _43717_/B
 _43717_/C
 _43717_/Y
 _43718_/A
 _43718_/B
 _43718_/C
 _43718_/D
 _43718_/Y
 _43719_/A1
 _43719_/A2
 _43719_/B1
 _43719_/C1
 _43719_/D1
 _43719_/Y
 _43720_/A
 _43720_/B
 _43720_/C
 _43720_/D
 _43720_/Y
 _43721_/A
 _43721_/B
 _43721_/C
 _43721_/D
 _43721_/X
 _43723_/A
 _43723_/B
 _43723_/C
 _43723_/D
 _43723_/Y
 _43724_/A
 _43724_/B
 _43724_/C
 _43724_/Y
 _43725_/A
 _43725_/B
 _43725_/C
 _43725_/X
 _43726_/A1
 _43726_/A2
 _43726_/B1
 _43726_/Y
 _43728_/A1
 _43728_/A2
 _43728_/B1
 _43728_/Y
 _43729_/A
 _43729_/B
 _43729_/X
 _43730_/A
 _43730_/B
 _43730_/Y
 _43731_/A
 _43731_/B
 _43731_/Y
 _43732_/A
 _43732_/B
 _43732_/Y
 _43733_/A
 _43733_/B
 _43733_/X
 _43734_/A
 _43734_/B
 _43734_/C
 _43734_/Y
 _43735_/A1
 _43735_/A2
 _43735_/B1
 _43735_/Y
 _43738_/A
 _43738_/B
 _43738_/Y
 _43739_/A1
 _43739_/A2
 _43739_/B1
 _43739_/Y
 _43740_/A1
 _43740_/A2
 _43740_/B1
 _43740_/Y
 _43742_/A
 _43742_/B
 _43742_/Y
 _43743_/A1
 _43743_/A2
 _43743_/B1_N
 _43743_/Y
 _43744_/A
 _43744_/B
 _43744_/C
 _43744_/X
 _43745_/A
 _43745_/B
 _43745_/Y
 _43746_/A
 _43746_/B
 _43746_/Y
 _43747_/A1
 _43747_/A2
 _43747_/B1
 _43747_/C1
 _43747_/Y
 _43748_/A1
 _43748_/A2
 _43748_/B1
 _43748_/C1
 _43748_/X
 _43749_/A1
 _43749_/A2
 _43749_/B1
 _43749_/C1
 _43749_/Y
 _43750_/A
 _43750_/B
 _43750_/Y
 _43753_/A
 _43753_/B
 _43753_/Y
 _43754_/A1
 _43754_/A2
 _43754_/B1
 _43754_/Y
 _43757_/A
 _43757_/B
 _43757_/Y
 _43758_/A1
 _43758_/A2
 _43758_/B1
 _43758_/C1
 _43758_/D1
 _43758_/Y
 _43759_/A1
 _43759_/A2
 _43759_/B1
 _43759_/X
 _43760_/A1
 _43760_/A2
 _43760_/B1
 _43760_/X
 _43762_/A
 _43762_/Y
 _43763_/A
 _43763_/B
 _43763_/C
 _43763_/Y
 _43764_/A1
 _43764_/A2
 _43764_/B1
 _43764_/Y
 _43765_/A
 _43765_/B
 _43765_/C
 _43765_/Y
 _43766_/A
 _43766_/B
 _43766_/C
 _43766_/D
 _43766_/X
 _43767_/A
 _43767_/B
 _43767_/C
 _43767_/D
 _43767_/X
 _43768_/A
 _43768_/Y
 _43769_/A
 _43769_/B
 _43769_/X
 _43770_/A
 _43770_/B
 _43770_/C
 _43770_/D
 _43770_/X
 _43771_/A
 _43771_/B
 _43771_/C
 _43771_/Y
 _43772_/A
 _43772_/B
 _43772_/C
 _43772_/D
 _43772_/Y
 _43773_/A1
 _43773_/A2
 _43773_/B1
 _43773_/C1
 _43773_/Y
 _43774_/A1
 _43774_/A2
 _43774_/B1
 _43774_/Y
 _43775_/A1
 _43775_/A2
 _43775_/B1
 _43775_/B2
 _43775_/C1
 _43775_/Y
 _43776_/A
 _43776_/B
 _43776_/C
 _43776_/Y
 _43777_/A0
 _43777_/A1
 _43777_/S
 _43777_/Y
 _43778_/A
 _43778_/B
 _43778_/Y
 _43779_/A
 _43779_/B
 _43779_/X
 _43780_/A1
 _43780_/A2
 _43780_/B1
 _43780_/C1
 _43780_/X
 _43781_/A
 _43781_/B
 _43781_/Y
 _43785_/A
 _43785_/B
 _43785_/Y
 _43786_/A1
 _43786_/A2
 _43786_/B1
 _43786_/B2
 _43786_/C1
 _43786_/Y
 _43788_/A
 _43788_/B
 _43788_/Y
 _43789_/A1
 _43789_/A2
 _43789_/B1
 _43789_/C1
 _43789_/D1
 _43789_/Y
 _43790_/A1
 _43790_/A2
 _43790_/B1
 _43790_/C1
 _43790_/Y
 _43791_/A
 _43791_/B
 _43791_/Y
 _43792_/A
 _43792_/B
 _43792_/Y
 _43793_/A1
 _43793_/A2
 _43793_/B1
 _43793_/Y
 _43794_/A
 _43794_/B
 _43794_/Y
 _43795_/A1
 _43795_/A2
 _43795_/B1
 _43795_/Y
 _43796_/A0
 _43796_/A1
 _43796_/S
 _43796_/Y
 _43797_/A
 _43797_/B
 _43797_/C
 _43797_/X
 _43798_/A1
 _43798_/A2
 _43798_/B1
 _43798_/C1
 _43798_/Y
 _43800_/A
 _43800_/B
 _43800_/Y
 _43801_/A1
 _43801_/A2
 _43801_/B1
 _43801_/Y
 _43802_/A
 _43802_/B
 _43802_/C
 _43802_/Y
 _43803_/A
 _43803_/B
 _43803_/C
 _43803_/D
 _43803_/Y
 _43804_/A
 _43804_/B
 _43804_/Y
 _43805_/A1
 _43805_/A2
 _43805_/B1
 _43805_/Y
 _43806_/A
 _43806_/B
 _43806_/C
 _43806_/Y
 _43807_/A1
 _43807_/A2
 _43807_/B1
 _43807_/Y
 _43808_/A
 _43808_/Y
 _43809_/A1
 _43809_/A2
 _43809_/B1
 _43809_/Y
 _43810_/A1
 _43810_/A2
 _43810_/B1
 _43810_/B2
 _43810_/C1
 _43810_/Y
 _43811_/A
 _43811_/B
 _43811_/C
 _43811_/Y
 _43812_/A1
 _43812_/A2
 _43812_/B1
 _43812_/Y
 _43813_/A1
 _43813_/A2
 _43813_/B1
 _43813_/C1
 _43813_/D1
 _43813_/Y
 _43814_/A1
 _43814_/A2
 _43814_/B1
 _43814_/Y
 _43815_/A
 _43815_/B
 _43815_/Y
 _43816_/A1
 _43816_/A2
 _43816_/B1
 _43816_/B2
 _43816_/C1
 _43816_/Y
 _43817_/A
 _43817_/B
 _43817_/Y
 _43818_/A1
 _43818_/A2
 _43818_/B1
 _43818_/Y
 _43819_/A
 _43819_/B
 _43819_/C
 _43819_/Y
 _43820_/A1
 _43820_/A2
 _43820_/B1
 _43820_/Y
 _43821_/A
 _43821_/B
 _43821_/Y
 _43822_/A1
 _43822_/A2
 _43822_/B1
 _43822_/Y
 _43823_/A
 _43823_/B
 _43823_/Y
 _43824_/A1
 _43824_/A2
 _43824_/B1
 _43824_/Y
 _43825_/A0
 _43825_/A1
 _43825_/S
 _43825_/Y
 _43826_/A1
 _43826_/A2
 _43826_/B1
 _43826_/B2
 _43826_/X
 _43827_/A
 _43827_/B
 _43827_/Y
 _43828_/A1
 _43828_/A2
 _43828_/B1
 _43828_/C1
 _43828_/Y
 _43829_/A
 _43829_/B
 _43829_/Y
 _43830_/A1
 _43830_/A2
 _43830_/B1
 _43830_/Y
 _43831_/A
 _43831_/B
 _43831_/C
 _43831_/Y
 _43832_/A1
 _43832_/A2
 _43832_/B1
 _43832_/Y
 _43833_/A1
 _43833_/A2
 _43833_/A3
 _43833_/A4
 _43833_/B1
 _43833_/Y
 _43834_/A1
 _43834_/A2
 _43834_/B1
 _43834_/X
 _43835_/A1
 _43835_/A2
 _43835_/B1
 _43835_/Y
 _43836_/A
 _43836_/B
 _43836_/Y
 _43837_/A1
 _43837_/A2
 _43837_/B1
 _43837_/Y
 _43838_/A
 _43838_/B
 _43838_/C
 _43838_/Y
 _43839_/A
 _43839_/B
 _43839_/Y
 _43840_/A1
 _43840_/A2
 _43840_/B1
 _43840_/Y
 _43841_/A1
 _43841_/A2
 _43841_/B1
 _43841_/Y
 _43842_/A
 _43842_/B
 _43842_/C
 _43842_/D
 _43842_/Y
 _43843_/A1
 _43843_/A2
 _43843_/B1
 _43843_/Y
 _43844_/A_N
 _43844_/B
 _43844_/C
 _43844_/X
 _43845_/A
 _43845_/B
 _43845_/C
 _43845_/D
 _43845_/Y
 _43846_/A
 _43846_/B
 _43846_/Y
 _43847_/A1
 _43847_/A2
 _43847_/B1
 _43847_/Y
 _43848_/A
 _43848_/B
 _43848_/Y
 _43849_/A1
 _43849_/A2
 _43849_/B1
 _43849_/Y
 _43850_/A1
 _43850_/A2
 _43850_/B1
 _43850_/Y
 _43851_/A1
 _43851_/A2
 _43851_/B1
 _43851_/Y
 _43852_/A0
 _43852_/A1
 _43852_/S
 _43852_/Y
 _43853_/A0
 _43853_/A1
 _43853_/S
 _43853_/Y
 _43854_/A
 _43854_/B
 _43854_/Y
 _43855_/A1
 _43855_/A2
 _43855_/B1
 _43855_/Y
 _43856_/A
 _43856_/B
 _43856_/Y
 _43857_/A1
 _43857_/A2
 _43857_/B1
 _43857_/C1
 _43857_/D1
 _43857_/Y
 _43858_/A1
 _43858_/A2
 _43858_/B1
 _43858_/Y
 _43859_/A
 _43859_/B
 _43859_/Y
 _43860_/A1
 _43860_/A2
 _43860_/B1
 _43860_/Y
 _43861_/A
 _43861_/B
 _43861_/Y
 _43862_/A1
 _43862_/A2
 _43862_/B1
 _43862_/Y
 _43863_/A0
 _43863_/A1
 _43863_/S
 _43863_/X
 _43864_/A0
 _43864_/A1
 _43864_/S
 _43864_/Y
 _43865_/A0
 _43865_/A1
 _43865_/S
 _43865_/Y
 _43866_/A1
 _43866_/A2
 _43866_/B1_N
 _43866_/Y
 _43869_/A
 _43869_/B
 _43869_/Y
 _43870_/A1
 _43870_/A2
 _43870_/B1
 _43870_/Y
 _43871_/A
 _43871_/B
 _43871_/Y
 _43872_/A1
 _43872_/A2
 _43872_/B1
 _43872_/Y
 _43873_/A1
 _43873_/A2
 _43873_/B1
 _43873_/Y
 _43874_/A1
 _43874_/A2
 _43874_/B1
 _43874_/Y
 _43875_/A
 _43875_/B
 _43875_/Y
 _43876_/A1
 _43876_/A2
 _43876_/B1
 _43876_/Y
 _43877_/A
 _43877_/B
 _43877_/C
 _43877_/X
 _43879_/A
 _43879_/B
 _43879_/Y
 _43880_/A1
 _43880_/A2
 _43880_/B1
 _43880_/Y
 _43881_/A1
 _43881_/A2
 _43881_/B1
 _43881_/Y
 _43882_/A1
 _43882_/A2
 _43882_/B1
 _43882_/C1
 _43882_/Y
 _43885_/A
 _43885_/B
 _43885_/C
 _43885_/D
 _43885_/Y
 _43886_/A1
 _43886_/A2
 _43886_/A3
 _43886_/B1
 _43886_/Y
 _43887_/A
 _43887_/B
 _43887_/C
 _43887_/Y
 _43888_/A
 _43888_/B
 _43888_/C
 _43888_/X
 _43890_/A
 _43890_/B
 _43890_/X
 _43892_/A
 _43892_/B
 _43892_/C
 _43892_/X
 _43895_/A1
 _43895_/A2
 _43895_/A3
 _43895_/B1
 _43895_/C1
 _43895_/X
 _43896_/A1
 _43896_/A2
 _43896_/A3
 _43896_/A4
 _43896_/B1
 _43896_/Y
 _43898_/A1
 _43898_/A2
 _43898_/B1
 _43898_/C1
 _43898_/X
 _43899_/A
 _43899_/B
 _43899_/Y
 _43900_/A
 _43900_/B
 _43900_/C
 _43900_/D
 _43900_/X
 _43901_/A
 _43901_/B
 _43901_/C
 _43901_/D
 _43901_/Y
 _43902_/A1
 _43902_/A2
 _43902_/B1
 _43902_/Y
 _43903_/A_N
 _43903_/B
 _43903_/C
 _43903_/D
 _43903_/Y
 _43904_/A
 _43904_/B
 _43904_/C
 _43904_/D
 _43904_/Y
 _43905_/A
 _43905_/B
 _43905_/Y
 _43906_/A
 _43906_/B
 _43906_/Y
 _43907_/A
 _43907_/B
 _43907_/Y
 _43908_/A
 _43908_/B
 _43908_/Y
 _43909_/A1
 _43909_/A2
 _43909_/B1
 _43909_/X
 _43910_/A
 _43910_/B
 _43910_/Y
 _43911_/A1
 _43911_/A2
 _43911_/B1
 _43911_/B2
 _43911_/C1
 _43911_/Y
 _43912_/A1
 _43912_/A2
 _43912_/A3
 _43912_/B1
 _43912_/Y
 _43913_/A1
 _43913_/A2
 _43913_/B1
 _43913_/C1
 _43913_/Y
 _43914_/A
 _43914_/B
 _43914_/C
 _43914_/D
 _43914_/Y
 _43915_/A
 _43915_/B
 _43915_/C
 _43915_/Y
 _43916_/A
 _43916_/B
 _43916_/C
 _43916_/Y
 _43917_/A
 _43917_/B
 _43917_/C
 _43917_/Y
 _43918_/A0
 _43918_/A1
 _43918_/S
 _43918_/Y
 _43919_/A
 _43919_/B
 _43919_/C
 _43919_/Y
 _43920_/A1
 _43920_/A2
 _43920_/B1
 _43920_/B2
 _43920_/Y
 _43921_/A1
 _43921_/A2
 _43921_/B1
 _43921_/X
 _43923_/A1
 _43923_/A2
 _43923_/B1
 _43923_/C1
 _43923_/Y
 _43924_/A1
 _43924_/A2
 _43924_/A3
 _43924_/B1
 _43924_/X
 _43925_/A1
 _43925_/A2
 _43925_/B1
 _43925_/Y
 _43926_/A0
 _43926_/A1
 _43926_/S
 _43926_/Y
 _43928_/A1
 _43928_/A2
 _43928_/B1
 _43928_/Y
 _43929_/A1
 _43929_/A2
 _43929_/B1
 _43929_/C1
 _43929_/Y
 _43930_/A1
 _43930_/A2
 _43930_/B1
 _43930_/C1
 _43930_/Y
 _43932_/A0
 _43932_/A1
 _43932_/S
 _43932_/Y
 _43933_/A0
 _43933_/A1
 _43933_/S
 _43933_/X
 _43934_/A1
 _43934_/A2
 _43934_/B1
 _43934_/C1
 _43934_/Y
 _43935_/A1
 _43935_/A2
 _43935_/A3
 _43935_/B1
 _43935_/Y
 _43936_/A0
 _43936_/A1
 _43936_/S
 _43936_/X
 _43937_/A0
 _43937_/A1
 _43937_/S
 _43937_/X
 _43938_/A0
 _43938_/A1
 _43938_/S
 _43938_/X
 _43939_/A1
 _43939_/A2
 _43939_/B1
 _43939_/C1
 _43939_/Y
 _43940_/A1
 _43940_/A2
 _43940_/A3
 _43940_/B1
 _43940_/Y
 _43941_/A_N
 _43941_/B
 _43941_/C
 _43941_/Y
 _43942_/A
 _43942_/Y
 _43943_/A1
 _43943_/A2
 _43943_/B1
 _43943_/C1
 _43943_/Y
 _43944_/A1
 _43944_/A2
 _43944_/A3
 _43944_/B1
 _43944_/Y
 _43945_/A1
 _43945_/A2
 _43945_/B1
 _43945_/Y
 _43946_/A1_N
 _43946_/A2_N
 _43946_/B1
 _43946_/B2
 _43946_/Y
 _43947_/A1
 _43947_/A2
 _43947_/B1
 _43947_/Y
 _43948_/A1
 _43948_/A2
 _43948_/B1
 _43948_/B2
 _43948_/C1
 _43948_/Y
 _43949_/A1
 _43949_/A2
 _43949_/B1
 _43949_/C1
 _43949_/D1
 _43949_/Y
 _43950_/A1
 _43950_/A2
 _43950_/B1
 _43950_/C1
 _43950_/D1
 _43950_/Y
 _43951_/A1
 _43951_/A2
 _43951_/B1
 _43951_/Y
 _43952_/A1
 _43952_/A2
 _43952_/B1
 _43952_/C1
 _43952_/Y
 _43953_/A1
 _43953_/A2
 _43953_/B1
 _43953_/Y
 _43954_/A
 _43954_/B
 _43954_/Y
 _43955_/A
 _43955_/B
 _43955_/Y
 _43956_/A1
 _43956_/A2
 _43956_/B1
 _43956_/B2
 _43956_/C1
 _43956_/Y
 _43957_/A
 _43957_/B
 _43957_/Y
 _43958_/A1
 _43958_/A2
 _43958_/B1
 _43958_/C1
 _43958_/D1
 _43958_/Y
 _43959_/A
 _43959_/B
 _43959_/Y
 _43960_/A0
 _43960_/A1
 _43960_/S
 _43960_/Y
 _43961_/A
 _43961_/B
 _43961_/Y
 _43962_/A1
 _43962_/A2
 _43962_/B1
 _43962_/B2
 _43962_/X
 _43963_/A1
 _43963_/A2
 _43963_/B1
 _43963_/C1
 _43963_/Y
 _43964_/A1
 _43964_/A2
 _43964_/B1
 _43964_/X
 _43966_/A1
 _43966_/A2
 _43966_/A3
 _43966_/B1
 _43966_/Y
 _43967_/A1
 _43967_/A2
 _43967_/B1
 _43967_/Y
 _43968_/A1
 _43968_/A2
 _43968_/B1
 _43968_/Y
 _43969_/A0
 _43969_/A1
 _43969_/S
 _43969_/Y
 _43970_/A
 _43970_/B
 _43970_/C
 _43970_/X
 _43971_/A0
 _43971_/A1
 _43971_/S
 _43971_/X
 _43972_/A
 _43972_/B
 _43972_/C
 _43972_/Y
 _43973_/A1
 _43973_/A2
 _43973_/B1
 _43973_/X
 _43974_/A
 _43974_/B
 _43974_/C
 _43974_/Y
 _43975_/A1
 _43975_/A2
 _43975_/B1
 _43975_/B2
 _43975_/Y
 _43976_/A1
 _43976_/A2
 _43976_/B1
 _43976_/B2
 _43976_/Y
 _43977_/A
 _43977_/B
 _43977_/C
 _43977_/Y
 _43978_/A0
 _43978_/A1
 _43978_/S
 _43978_/Y
 _43979_/A1
 _43979_/A2
 _43979_/B1
 _43979_/C1
 _43979_/X
 _43980_/A
 _43980_/B
 _43980_/Y
 _43981_/A
 _43981_/B
 _43981_/Y
 _43982_/A1
 _43982_/A2
 _43982_/B1
 _43982_/C1
 _43982_/Y
 _43983_/A1
 _43983_/A2
 _43983_/B1
 _43983_/Y
 _43984_/A
 _43984_/B
 _43984_/C
 _43984_/Y
 _43985_/A1
 _43985_/A2
 _43985_/B1
 _43985_/B2
 _43985_/Y
 _43986_/A1
 _43986_/A2
 _43986_/A3
 _43986_/B1
 _43986_/Y
 _43987_/A1
 _43987_/A2
 _43987_/A3
 _43987_/B1
 _43987_/X
 _43988_/A
 _43988_/B
 _43988_/Y
 _43989_/A0
 _43989_/A1
 _43989_/S
 _43989_/X
 _43990_/A
 _43990_/B
 _43990_/Y
 _43991_/A1
 _43991_/A2
 _43991_/B1
 _43991_/Y
 _43992_/A1
 _43992_/A2
 _43992_/B1
 _43992_/C1
 _43992_/D1
 _43992_/Y
 _43993_/A1
 _43993_/A2
 _43993_/B1
 _43993_/B2
 _43993_/C1
 _43993_/Y
 _43994_/A
 _43994_/B
 _43994_/C
 _43994_/X
 _43995_/A1
 _43995_/A2
 _43995_/A3
 _43995_/B1
 _43995_/C1
 _43995_/X
 _43996_/A
 _43996_/B
 _43996_/C
 _43996_/X
 _43997_/A
 _43997_/B
 _43997_/C
 _43997_/D
 _43997_/Y
 _43998_/A1
 _43998_/A2
 _43998_/B1
 _43998_/B2
 _43998_/C1
 _43998_/X
 _43999_/A
 _43999_/B
 _43999_/C
 _43999_/Y
 _44000_/A1
 _44000_/A2
 _44000_/B1
 _44000_/B2
 _44000_/C1
 _44000_/Y
 _44001_/A0
 _44001_/A1
 _44001_/S
 _44001_/X
 _44002_/A
 _44002_/B
 _44002_/C
 _44002_/Y
 _44003_/A
 _44003_/B
 _44003_/Y
 _44004_/A1
 _44004_/A2
 _44004_/B1
 _44004_/C1
 _44004_/D1
 _44004_/Y
 _44005_/A1
 _44005_/A2
 _44005_/A3
 _44005_/B1
 _44005_/X
 _44006_/A
 _44006_/B
 _44006_/Y
 _44007_/A1
 _44007_/A2
 _44007_/B1
 _44007_/Y
 _44008_/A1
 _44008_/A2
 _44008_/B1
 _44008_/Y
 _44009_/A
 _44009_/B
 _44009_/Y
 _44010_/A1
 _44010_/A2
 _44010_/B1
 _44010_/X
 _44012_/A1
 _44012_/A2
 _44012_/B1
 _44012_/C1
 _44012_/X
 _44014_/A
 _44014_/B
 _44014_/Y
 _44015_/A
 _44015_/B
 _44015_/C
 _44015_/Y
 _44016_/A1
 _44016_/A2
 _44016_/B1
 _44016_/C1
 _44016_/Y
 _44017_/A1
 _44017_/A2
 _44017_/A3
 _44017_/B1
 _44017_/Y
 _44018_/A
 _44018_/B
 _44018_/Y
 _44019_/A
 _44019_/B
 _44019_/Y
 _44020_/A
 _44020_/B
 _44020_/C
 _44020_/D
 _44020_/Y
 _44021_/A1
 _44021_/A2
 _44021_/B1
 _44021_/Y
 _44022_/A1
 _44022_/A2
 _44022_/B1
 _44022_/Y
 _44023_/A
 _44023_/B
 _44023_/Y
 _44024_/A
 _44024_/B
 _44024_/C
 _44024_/Y
 _44025_/A1
 _44025_/A2
 _44025_/A3
 _44025_/B1
 _44025_/Y
 _44026_/A
 _44026_/B
 _44026_/C
 _44026_/X
 _44027_/A1
 _44027_/A2
 _44027_/B1
 _44027_/X
 _44028_/A
 _44028_/B
 _44028_/Y
 _44029_/A
 _44029_/B
 _44029_/X
 _44030_/A1
 _44030_/A2
 _44030_/B1
 _44030_/Y
 _44031_/A1
 _44031_/A2
 _44031_/B1
 _44031_/Y
 _44032_/A
 _44032_/B
 _44032_/C
 _44032_/Y
 _44033_/A1
 _44033_/A2
 _44033_/B1
 _44033_/C1
 _44033_/Y
 _44035_/A
 _44035_/B
 _44035_/Y
 _44036_/A
 _44036_/B
 _44036_/C
 _44036_/Y
 _44037_/A
 _44037_/B
 _44037_/C
 _44037_/X
 _44038_/A1
 _44038_/A2
 _44038_/B1
 _44038_/Y
 _44039_/A1
 _44039_/A2
 _44039_/A3
 _44039_/B1
 _44039_/Y
 _44040_/A0
 _44040_/A1
 _44040_/S
 _44040_/X
 _44041_/A0
 _44041_/A1
 _44041_/S
 _44041_/Y
 _44042_/A
 _44042_/B
 _44042_/C
 _44042_/Y
 _44043_/A
 _44043_/B
 _44043_/C
 _44043_/Y
 _44044_/A1
 _44044_/A2
 _44044_/B1
 _44044_/B2
 _44044_/Y
 _44045_/A1
 _44045_/A2
 _44045_/A3
 _44045_/B1
 _44045_/B2
 _44045_/Y
 _44046_/A1
 _44046_/A2
 _44046_/B1
 _44046_/Y
 _44047_/A1
 _44047_/A2
 _44047_/B1_N
 _44047_/X
 _44048_/A1
 _44048_/A2
 _44048_/B1
 _44048_/Y
 _44049_/A
 _44049_/B
 _44049_/Y
 _44050_/A1
 _44050_/A2
 _44050_/B1
 _44050_/C1
 _44050_/Y
 _44051_/A1
 _44051_/A2
 _44051_/A3
 _44051_/B1
 _44051_/Y
 _44052_/A
 _44052_/B
 _44052_/C
 _44052_/Y
 _44053_/A1
 _44053_/A2
 _44053_/B1
 _44053_/Y
 _44054_/A
 _44054_/B
 _44054_/C
 _44054_/Y
 _44055_/A1
 _44055_/A2
 _44055_/B1
 _44055_/B2
 _44055_/C1
 _44055_/Y
 _44056_/A
 _44056_/B
 _44056_/C
 _44056_/X
 _44057_/A
 _44057_/B
 _44057_/C
 _44057_/Y
 _44058_/A
 _44058_/B
 _44058_/Y
 _44059_/A1_N
 _44059_/A2_N
 _44059_/B1
 _44059_/B2
 _44059_/Y
 _44060_/A1
 _44060_/A2
 _44060_/A3
 _44060_/B1
 _44060_/X
 _44061_/A
 _44061_/B
 _44061_/C
 _44061_/Y
 _44062_/A1
 _44062_/A2
 _44062_/B1
 _44062_/C1
 _44062_/Y
 _44063_/A1
 _44063_/A2
 _44063_/A3
 _44063_/B1
 _44063_/Y
 _44064_/A1
 _44064_/A2
 _44064_/A3
 _44064_/B1
 _44064_/C1
 _44064_/Y
 _44065_/A1
 _44065_/A2
 _44065_/A3
 _44065_/A4
 _44065_/B1
 _44065_/Y
 _44066_/A
 _44066_/B
 _44066_/C
 _44066_/D
 _44066_/Y
 _44067_/A
 _44067_/B
 _44067_/Y
 _44068_/A
 _44068_/B
 _44068_/Y
 _44070_/A
 _44070_/B
 _44070_/C
 _44070_/D
 _44070_/Y
 _44071_/A
 _44071_/B
 _44071_/Y
 _44072_/A
 _44072_/B
 _44072_/X
 _44073_/A1
 _44073_/A2
 _44073_/A3
 _44073_/A4
 _44073_/B1
 _44073_/X
 _44074_/A1
 _44074_/A2
 _44074_/B1
 _44074_/Y
 _44075_/A0
 _44075_/A1
 _44075_/S
 _44075_/Y
 _44076_/A
 _44076_/B
 _44076_/C
 _44076_/X
 _44078_/A
 _44078_/B
 _44078_/Y
 _44079_/A
 _44079_/B
 _44079_/Y
 _44080_/A
 _44080_/B
 _44080_/Y
 _44081_/A1
 _44081_/A2
 _44081_/B1
 _44081_/Y
 _44082_/A1
 _44082_/A2
 _44082_/B1
 _44082_/Y
 _44084_/A1
 _44084_/A2
 _44084_/B1
 _44084_/C1
 _44084_/Y
 _44085_/A1
 _44085_/A2
 _44085_/A3
 _44085_/A4
 _44085_/B1
 _44085_/Y
 _44086_/A
 _44086_/B
 _44086_/Y
 _44087_/A0
 _44087_/A1
 _44087_/S
 _44087_/X
 _44088_/A
 _44088_/B
 _44088_/Y
 _44089_/A
 _44089_/B
 _44089_/C
 _44089_/Y
 _44090_/A
 _44090_/B
 _44090_/Y
 _44091_/A
 _44091_/B
 _44091_/Y
 _44092_/A
 _44092_/B
 _44092_/C
 _44092_/Y
 _44093_/A
 _44093_/B
 _44093_/C
 _44093_/Y
 _44094_/A1
 _44094_/A2
 _44094_/B1
 _44094_/Y
 _44095_/A
 _44095_/B
 _44095_/C
 _44095_/D
 _44095_/Y
 _44096_/A1
 _44096_/A2
 _44096_/B1
 _44096_/Y
 _44097_/A
 _44097_/B
 _44097_/Y
 _44098_/A1
 _44098_/A2
 _44098_/A3
 _44098_/A4
 _44098_/B1
 _44098_/Y
 _44099_/A1
 _44099_/A2
 _44099_/A3
 _44099_/B1
 _44099_/B2
 _44099_/Y
 _44100_/A1
 _44100_/A2
 _44100_/B1
 _44100_/C1
 _44100_/Y
 _44101_/A
 _44101_/B
 _44101_/Y
 _44102_/A1
 _44102_/A2
 _44102_/B1
 _44102_/Y
 _44103_/A
 _44103_/B
 _44103_/C
 _44103_/Y
 _44104_/A
 _44104_/B
 _44104_/Y
 _44105_/A
 _44105_/B
 _44105_/Y
 _44106_/A
 _44106_/B
 _44106_/C
 _44106_/X
 _44107_/A
 _44107_/B
 _44107_/C
 _44107_/X
 _44108_/A1
 _44108_/A2
 _44108_/B1
 _44108_/C1
 _44108_/D1
 _44108_/X
 _44109_/A
 _44109_/B
 _44109_/C
 _44109_/Y
 _44110_/A
 _44110_/B
 _44110_/C
 _44110_/Y
 _44111_/A1
 _44111_/A2
 _44111_/B1
 _44111_/Y
 _44112_/A1
 _44112_/A2
 _44112_/B1
 _44112_/Y
 _44113_/A
 _44113_/B
 _44113_/Y
 _44114_/A
 _44114_/B
 _44114_/Y
 _44115_/A
 _44115_/B
 _44115_/Y
 _44116_/A
 _44116_/B
 _44116_/Y
 _44117_/A
 _44117_/B
 _44117_/Y
 _44118_/A
 _44118_/B
 _44118_/C
 _44118_/X
 _44119_/A1
 _44119_/A2
 _44119_/A3
 _44119_/B1
 _44119_/X
 _44120_/A
 _44120_/B
 _44120_/Y
 _44121_/A1
 _44121_/A2
 _44121_/B1
 _44121_/Y
 _44122_/A0
 _44122_/A1
 _44122_/S
 _44122_/X
 _44123_/A1
 _44123_/A2
 _44123_/B1
 _44123_/C1
 _44123_/X
 _44124_/A1
 _44124_/A2
 _44124_/B1
 _44124_/Y
 _44125_/A1
 _44125_/A2
 _44125_/B1_N
 _44125_/Y
 _44126_/A1
 _44126_/A2
 _44126_/B1
 _44126_/B2
 _44126_/Y
 _44127_/A
 _44127_/B
 _44127_/Y
 _44128_/A1
 _44128_/A2
 _44128_/B1
 _44128_/X
 _44129_/A1
 _44129_/A2
 _44129_/A3
 _44129_/B1
 _44129_/B2
 _44129_/Y
 _44130_/A1
 _44130_/A2
 _44130_/B1
 _44130_/Y
 _44131_/A1
 _44131_/A2
 _44131_/A3
 _44131_/B1
 _44131_/Y
 _44132_/A
 _44132_/B
 _44132_/Y
 _44133_/A
 _44133_/B
 _44133_/C
 _44133_/Y
 _44134_/A1
 _44134_/A2
 _44134_/B1
 _44134_/C1
 _44134_/X
 _44135_/A1
 _44135_/A2
 _44135_/A3
 _44135_/B1
 _44135_/Y
 _44136_/A1_N
 _44136_/A2_N
 _44136_/B1
 _44136_/B2
 _44136_/Y
 _44137_/A
 _44137_/B
 _44137_/C
 _44137_/D
 _44137_/Y
 _44138_/A1
 _44138_/A2
 _44138_/B1
 _44138_/C1
 _44138_/Y
 _44139_/A1
 _44139_/A2
 _44139_/B1
 _44139_/C1
 _44139_/X
 _44140_/A1
 _44140_/A2
 _44140_/B1
 _44140_/X
 _44141_/A
 _44141_/B
 _44141_/Y
 _44142_/A1
 _44142_/A2
 _44142_/A3
 _44142_/B1
 _44142_/B2
 _44142_/X
 _44143_/A
 _44143_/B
 _44143_/C
 _44143_/Y
 _44144_/A
 _44144_/B
 _44144_/C
 _44144_/Y
 _44145_/A1
 _44145_/A2
 _44145_/B1
 _44145_/C1
 _44145_/D1
 _44145_/Y
 _44146_/A
 _44146_/B
 _44146_/Y
 _44147_/A
 _44147_/B
 _44147_/C
 _44147_/Y
 _44148_/A
 _44148_/B
 _44148_/C
 _44148_/Y
 _44149_/A1
 _44149_/A2
 _44149_/B1
 _44149_/C1
 _44149_/D1
 _44149_/Y
 _44150_/A1
 _44150_/A2
 _44150_/B1
 _44150_/C1
 _44150_/X
 _44151_/A
 _44151_/B
 _44151_/C
 _44151_/X
 _44152_/A1
 _44152_/A2
 _44152_/A3
 _44152_/B1
 _44152_/Y
 _44153_/A
 _44153_/B
 _44153_/C
 _44153_/X
 _44154_/A
 _44154_/B
 _44154_/X
 _44155_/A
 _44155_/B
 _44155_/C
 _44155_/D
 _44155_/Y
 _44156_/A
 _44156_/B
 _44156_/Y
 _44157_/A
 _44157_/B
 _44157_/Y
 _44158_/A
 _44158_/B
 _44158_/C
 _44158_/D
 _44158_/Y
 _44159_/A1
 _44159_/A2
 _44159_/B1
 _44159_/C1
 _44159_/D1
 _44159_/Y
 _44160_/A1
 _44160_/A2
 _44160_/B1_N
 _44160_/Y
 _44161_/A1
 _44161_/A2
 _44161_/A3
 _44161_/A4
 _44161_/B1
 _44161_/Y
 _44162_/A1
 _44162_/A2
 _44162_/B1_N
 _44162_/Y
 _44163_/A1
 _44163_/A2
 _44163_/B1
 _44163_/C1
 _44163_/D1
 _44163_/Y
 _44164_/A
 _44164_/B
 _44164_/C
 _44164_/D
 _44164_/X
 _44165_/A
 _44165_/B
 _44165_/C
 _44165_/D
 _44165_/Y
 _44166_/A
 _44166_/B
 _44166_/C
 _44166_/Y
 _44167_/A
 _44167_/B
 _44167_/Y
 _44168_/A
 _44168_/B
 _44168_/Y
 _44169_/A0
 _44169_/A1
 _44169_/S
 _44169_/Y
 _44170_/A1
 _44170_/A2
 _44170_/B1
 _44170_/Y
 _44171_/A
 _44171_/B
 _44171_/Y
 _44172_/A
 _44172_/B
 _44172_/Y
 _44173_/A
 _44173_/B
 _44173_/C
 _44173_/D
 _44173_/Y
 _44174_/A1
 _44174_/A2
 _44174_/A3
 _44174_/B1
 _44174_/Y
 _44175_/A
 _44175_/B
 _44175_/Y
 _44176_/A
 _44176_/B
 _44176_/C
 _44176_/D
 _44176_/Y
 _44177_/A
 _44177_/B
 _44177_/C
 _44177_/D
 _44177_/Y
 _44178_/A1
 _44178_/A2
 _44178_/B1
 _44178_/B2
 _44178_/C1
 _44178_/Y
 _44179_/A
 _44179_/B
 _44179_/Y
 _44180_/A1
 _44180_/A2
 _44180_/B1
 _44180_/B2
 _44180_/C1
 _44180_/Y
 _44181_/A
 _44181_/B
 _44181_/C
 _44181_/Y
 _44182_/A1
 _44182_/A2
 _44182_/B1
 _44182_/Y
 _44183_/A
 _44183_/B
 _44183_/Y
 _44184_/A
 _44184_/B
 _44184_/C
 _44184_/Y
 _44185_/A
 _44185_/B
 _44185_/C
 _44185_/Y
 _44186_/A
 _44186_/B
 _44186_/C
 _44186_/Y
 _44187_/A
 _44187_/B
 _44187_/Y
 _44188_/A1
 _44188_/A2
 _44188_/A3
 _44188_/B1
 _44188_/B2
 _44188_/X
 _44189_/A1
 _44189_/A2
 _44189_/A3
 _44189_/B1
 _44189_/C1
 _44189_/X
 _44190_/A
 _44190_/B
 _44190_/C
 _44190_/D
 _44190_/Y
 _44191_/A1
 _44191_/A2
 _44191_/B1
 _44191_/Y
 _44192_/A1
 _44192_/A2
 _44192_/B1
 _44192_/Y
 _44193_/A
 _44193_/B
 _44193_/C
 _44193_/Y
 _44194_/A1_N
 _44194_/A2_N
 _44194_/B1
 _44194_/B2
 _44194_/Y
 _44195_/A1
 _44195_/A2
 _44195_/B1
 _44195_/C1
 _44195_/Y
 _44196_/A1
 _44196_/A2
 _44196_/B1
 _44196_/B2
 _44196_/C1
 _44196_/Y
 _44197_/A1
 _44197_/A2
 _44197_/B1
 _44197_/Y
 _44198_/A1
 _44198_/A2
 _44198_/B1
 _44198_/B2
 _44198_/C1
 _44198_/Y
 _44199_/A1
 _44199_/A2
 _44199_/B1_N
 _44199_/Y
 _44200_/A1
 _44200_/A2
 _44200_/B1
 _44200_/C1
 _44200_/Y
 _44201_/A
 _44201_/B
 _44201_/Y
 _44202_/A1
 _44202_/A2
 _44202_/B1
 _44202_/C1
 _44202_/D1
 _44202_/X
 _44203_/A
 _44203_/B
 _44203_/C
 _44203_/Y
 _44204_/A1
 _44204_/A2
 _44204_/B1
 _44204_/C1
 _44204_/X
 _44205_/A
 _44205_/B
 _44205_/Y
 _44206_/A1
 _44206_/A2
 _44206_/A3
 _44206_/B1
 _44206_/C1
 _44206_/Y
 _44207_/A1
 _44207_/A2
 _44207_/B1
 _44207_/C1
 _44207_/D1
 _44207_/Y
 _44208_/A1
 _44208_/A2
 _44208_/B1
 _44208_/C1
 _44208_/D1
 _44208_/Y
 _44209_/A_N
 _44209_/B
 _44209_/C
 _44209_/X
 _44211_/A
 _44211_/B
 _44211_/C
 _44211_/X
 _44213_/A
 _44213_/B
 _44213_/C
 _44213_/Y
 _44214_/A1
 _44214_/A2
 _44214_/B1
 _44214_/C1
 _44214_/Y
 _44215_/A0
 _44215_/A1
 _44215_/S
 _44215_/Y
 _44216_/A
 _44216_/B
 _44216_/Y
 _44217_/A1
 _44217_/A2
 _44217_/B1
 _44217_/C1
 _44217_/Y
 _44218_/A
 _44218_/B
 _44218_/Y
 _44219_/A
 _44219_/B
 _44219_/C
 _44219_/D
 _44219_/X
 _44221_/A
 _44221_/B
 _44221_/C
 _44221_/Y
 _44222_/A
 _44222_/B
 _44222_/Y
 _44223_/A
 _44223_/B
 _44223_/C
 _44223_/Y
 _44224_/A
 _44224_/B
 _44224_/C
 _44224_/Y
 _44225_/A
 _44225_/B
 _44225_/C_N
 _44225_/D_N
 _44225_/X
 _44226_/A1
 _44226_/A2
 _44226_/B1
 _44226_/C1
 _44226_/Y
 _44227_/A0
 _44227_/A1
 _44227_/S
 _44227_/Y
 _44228_/A
 _44228_/B
 _44228_/Y
 _44229_/A
 _44229_/B
 _44229_/Y
 _44230_/A1
 _44230_/A2
 _44230_/A3
 _44230_/B1
 _44230_/Y
 _44231_/A
 _44231_/B
 _44231_/Y
 _44232_/A
 _44232_/B
 _44232_/C
 _44232_/X
 _44233_/A1
 _44233_/A2
 _44233_/B1
 _44233_/C1
 _44233_/X
 _44235_/A
 _44235_/B
 _44235_/C
 _44235_/D
 _44235_/Y
 _44237_/A_N
 _44237_/B
 _44237_/C
 _44237_/Y
 _44238_/A
 _44238_/B
 _44238_/C_N
 _44238_/Y
 _44239_/A1
 _44239_/A2
 _44239_/B1
 _44239_/C1
 _44239_/Y
 _44240_/A0
 _44240_/A1
 _44240_/S
 _44240_/Y
 _44241_/A1
 _44241_/A2
 _44241_/B1
 _44241_/Y
 _44242_/A
 _44242_/B
 _44242_/C
 _44242_/D_N
 _44242_/Y
 _44243_/A
 _44243_/B
 _44243_/C
 _44243_/X
 _44244_/A
 _44244_/B
 _44244_/Y
 _44245_/A
 _44245_/Y
 _44246_/A
 _44246_/B
 _44246_/C
 _44246_/D_N
 _44246_/Y
 _44247_/A
 _44247_/B
 _44247_/C
 _44247_/Y
 _44248_/A
 _44248_/B
 _44248_/C
 _44248_/D
 _44248_/Y
 _44249_/A
 _44249_/B
 _44249_/C
 _44249_/X
 _44250_/A1
 _44250_/A2
 _44250_/B1
 _44250_/Y
 _44251_/A1
 _44251_/A2
 _44251_/B1
 _44251_/Y
 _44252_/A1
 _44252_/A2
 _44252_/B1
 _44252_/C1
 _44252_/Y
 _44253_/A0
 _44253_/A1
 _44253_/S
 _44253_/Y
 _44254_/A
 _44254_/B_N
 _44254_/Y
 _44255_/A
 _44255_/B
 _44255_/Y
 _44256_/A
 _44256_/B
 _44256_/X
 _44257_/A
 _44257_/B
 _44257_/Y
 _44258_/A
 _44258_/B
 _44258_/Y
 _44259_/A1
 _44259_/A2
 _44259_/B1
 _44259_/C1
 _44259_/D1
 _44259_/Y
 _44260_/A0
 _44260_/A1
 _44260_/S
 _44260_/Y
 _44261_/A
 _44261_/B
 _44261_/Y
 _44262_/A
 _44262_/B
 _44262_/C
 _44262_/D
 _44262_/Y
 _44263_/A
 _44263_/B
 _44263_/C
 _44263_/X
 _44264_/A1
 _44264_/A2
 _44264_/B1
 _44264_/Y
 _44265_/A1
 _44265_/A2
 _44265_/B1
 _44265_/Y
 _44266_/A
 _44266_/B
 _44266_/C
 _44266_/X
 _44267_/A
 _44267_/B
 _44267_/C
 _44267_/Y
 _44268_/A1
 _44268_/A2
 _44268_/B1
 _44268_/Y
 _44269_/A1
 _44269_/A2
 _44269_/B1
 _44269_/B2
 _44269_/Y
 _44270_/A
 _44270_/B
 _44270_/Y
 _44271_/A1
 _44271_/A2
 _44271_/B1
 _44271_/C1
 _44271_/D1
 _44271_/Y
 _44272_/A0
 _44272_/A1
 _44272_/S
 _44272_/Y
 _44273_/A
 _44273_/B
 _44273_/C
 _44273_/D_N
 _44273_/Y
 _44274_/A
 _44274_/Y
 _44275_/A1
 _44275_/A2
 _44275_/B1
 _44275_/Y
 _44276_/A
 _44276_/B
 _44276_/C
 _44276_/Y
 _44277_/A
 _44277_/B
 _44277_/Y
 _44278_/A
 _44278_/B
 _44278_/Y
 _44279_/A
 _44279_/B
 _44279_/Y
 _44280_/A
 _44280_/B
 _44280_/Y
 _44281_/A
 _44281_/B
 _44281_/Y
 _44282_/A
 _44282_/B
 _44282_/Y
 _44283_/A
 _44283_/B
 _44283_/X
 _44284_/A
 _44284_/B
 _44284_/Y
 _44285_/A
 _44285_/B
 _44285_/Y
 _44286_/A
 _44286_/B
 _44286_/C
 _44286_/Y
 _44287_/A1
 _44287_/A2
 _44287_/B1
 _44287_/Y
 _44288_/A
 _44288_/B
 _44288_/Y
 _44289_/A1
 _44289_/A2
 _44289_/B1
 _44289_/Y
 _44290_/A
 _44290_/B
 _44290_/C
 _44290_/X
 _44291_/A
 _44291_/B
 _44291_/Y
 _44292_/A
 _44292_/B
 _44292_/C
 _44292_/Y
 _44293_/A1
 _44293_/A2
 _44293_/B1
 _44293_/Y
 _44294_/A0
 _44294_/A1
 _44294_/S
 _44294_/Y
 _44295_/A1
 _44295_/A2
 _44295_/B1
 _44295_/C1
 _44295_/D1
 _44295_/Y
 _44296_/A
 _44296_/B
 _44296_/X
 _44297_/A1
 _44297_/A2
 _44297_/A3
 _44297_/B1
 _44297_/Y
 _44298_/A
 _44298_/B
 _44298_/Y
 _44299_/A
 _44299_/B
 _44299_/Y
 _44300_/A
 _44300_/B
 _44300_/C
 _44300_/X
 _44301_/A_N
 _44301_/B_N
 _44301_/C
 _44301_/D
 _44301_/Y
 _44302_/A_N
 _44302_/B
 _44302_/Y
 _44303_/A1
 _44303_/A2
 _44303_/B1
 _44303_/Y
 _44304_/A
 _44304_/B
 _44304_/C
 _44304_/Y
 _44305_/A1
 _44305_/A2
 _44305_/B1
 _44305_/C1
 _44305_/Y
 _44306_/A0
 _44306_/A1
 _44306_/S
 _44306_/Y
 _44307_/A
 _44307_/B
 _44307_/Y
 _44308_/A1
 _44308_/A2
 _44308_/B1
 _44308_/Y
 _44309_/A
 _44309_/B
 _44309_/X
 _44310_/A1
 _44310_/A2
 _44310_/B1
 _44310_/C1
 _44310_/D1
 _44310_/Y
 _44311_/A0
 _44311_/A1
 _44311_/S
 _44311_/Y
 _44312_/A
 _44312_/B
 _44312_/Y
 _44313_/A
 _44313_/B
 _44313_/Y
 _44314_/A
 _44314_/Y
 _44315_/A1
 _44315_/A2
 _44315_/B1
 _44315_/Y
 _44316_/A1
 _44316_/A2
 _44316_/B1
 _44316_/C1
 _44316_/Y
 _44317_/A
 _44317_/B
 _44317_/C
 _44317_/X
 _44318_/A1
 _44318_/A2
 _44318_/B1
 _44318_/C1
 _44318_/D1
 _44318_/Y
 _44319_/A1
 _44319_/A2
 _44319_/B1
 _44319_/Y
 _44320_/A
 _44320_/B
 _44320_/C
 _44320_/Y
 _44321_/A
 _44321_/B
 _44321_/X
 _44322_/A
 _44322_/B
 _44322_/C
 _44322_/Y
 _44323_/A1
 _44323_/A2
 _44323_/A3
 _44323_/B1
 _44323_/C1
 _44323_/Y
 _44324_/A
 _44324_/B
 _44324_/Y
 _44325_/A
 _44325_/B
 _44325_/Y
 _44326_/A
 _44326_/B
 _44326_/Y
 _44327_/A
 _44327_/B
 _44327_/Y
 _44328_/A
 _44328_/B
 _44328_/Y
 _44329_/A1
 _44329_/A2
 _44329_/B1
 _44329_/B2
 _44329_/C1
 _44329_/X
 _44330_/A
 _44330_/B
 _44330_/C
 _44330_/Y
 _44331_/A
 _44331_/B
 _44331_/C
 _44331_/Y
 _44332_/A1
 _44332_/A2
 _44332_/A3
 _44332_/B1
 _44332_/Y
 _44333_/A
 _44333_/B
 _44333_/X
 _44334_/A1
 _44334_/A2
 _44334_/B1
 _44334_/C1
 _44334_/D1
 _44334_/Y
 _44335_/A0
 _44335_/A1
 _44335_/S
 _44335_/Y
 _44336_/A
 _44336_/B
 _44336_/C
 _44336_/D
 _44336_/X
 _44339_/A1
 _44339_/A2
 _44339_/B1
 _44339_/C1
 _44339_/Y
 _44340_/A1
 _44340_/A2
 _44340_/A3
 _44340_/B1
 _44340_/X
 _44341_/A
 _44341_/B
 _44341_/Y
 _44343_/A
 _44343_/B
 _44343_/C
 _44343_/D
 _44343_/X
 _44345_/A
 _44345_/B
 _44345_/C
 _44345_/D
 _44345_/Y
 _44346_/A0
 _44346_/A1
 _44346_/S
 _44346_/Y
 _44347_/A
 _44347_/B
 _44347_/Y
 _44348_/A
 _44348_/B
 _44348_/C
 _44348_/X
 _44349_/A
 _44349_/B
 _44349_/C
 _44349_/Y
 _44350_/A
 _44350_/B
 _44350_/C
 _44350_/D
 _44350_/Y
 _44351_/A1
 _44351_/A2
 _44351_/A3
 _44351_/B1
 _44351_/X
 _44352_/A1
 _44352_/A2
 _44352_/A3
 _44352_/B1
 _44352_/Y
 _44353_/A
 _44353_/B
 _44353_/Y
 _44354_/A1_N
 _44354_/A2_N
 _44354_/B1
 _44354_/B2
 _44354_/Y
 _44355_/A
 _44355_/B
 _44355_/C
 _44355_/Y
 _44356_/A
 _44356_/B
 _44356_/Y
 _44357_/A1
 _44357_/A2
 _44357_/B1
 _44357_/X
 _44358_/A
 _44358_/B
 _44358_/Y
 _44359_/A1
 _44359_/A2
 _44359_/B1
 _44359_/Y
 _44360_/A1
 _44360_/A2
 _44360_/A3
 _44360_/A4
 _44360_/B1
 _44360_/Y
 _44361_/A
 _44361_/B
 _44361_/C_N
 _44361_/X
 _44363_/A
 _44363_/B
 _44363_/C
 _44363_/Y
 _44364_/A
 _44364_/B
 _44364_/C
 _44364_/Y
 _44365_/A0
 _44365_/A1
 _44365_/S
 _44365_/Y
 _44366_/A
 _44366_/B
 _44366_/C
 _44366_/D
 _44366_/Y
 _44367_/A
 _44367_/B
 _44367_/C
 _44367_/Y
 _44368_/A1
 _44368_/A2
 _44368_/B1
 _44368_/Y
 _44369_/A1
 _44369_/A2
 _44369_/B1
 _44369_/C1
 _44369_/X
 _44370_/A1
 _44370_/A2
 _44370_/B1
 _44370_/Y
 _44371_/A
 _44371_/B
 _44371_/C
 _44371_/Y
 _44372_/A_N
 _44372_/B
 _44372_/C
 _44372_/D
 _44372_/X
 _44373_/A
 _44373_/B
 _44373_/C
 _44373_/D
 _44373_/Y
 _44374_/A1
 _44374_/A2
 _44374_/B1
 _44374_/C1
 _44374_/Y
 _44375_/A
 _44375_/B
 _44375_/C
 _44375_/Y
 _44376_/A1
 _44376_/A2
 _44376_/A3
 _44376_/B1
 _44376_/Y
 _44377_/A
 _44377_/B
 _44377_/C
 _44377_/D
 _44377_/Y
 _44378_/A0
 _44378_/A1
 _44378_/S
 _44378_/X
 _44379_/A
 _44379_/B
 _44379_/Y
 _44380_/A
 _44380_/B
 _44380_/C
 _44380_/D
 _44380_/Y
 _44381_/A
 _44381_/B
 _44381_/Y
 _44382_/A1
 _44382_/A2
 _44382_/B1
 _44382_/C1
 _44382_/D1
 _44382_/Y
 _44383_/A
 _44383_/B
 _44383_/C
 _44383_/Y
 _44384_/A
 _44384_/B
 _44384_/Y
 _44385_/A
 _44385_/B
 _44385_/Y
 _44386_/A
 _44386_/B
 _44386_/C
 _44386_/Y
 _44387_/A1
 _44387_/A2
 _44387_/B1
 _44387_/X
 _44388_/A
 _44388_/B
 _44388_/Y
 _44389_/A
 _44389_/B
 _44389_/C
 _44389_/D
 _44389_/Y
 _44390_/A
 _44390_/B
 _44390_/C
 _44390_/D
 _44390_/Y
 _44391_/A
 _44391_/B
 _44391_/Y
 _44392_/A1
 _44392_/A2
 _44392_/A3
 _44392_/B1
 _44392_/Y
 _44394_/A
 _44394_/B
 _44394_/C
 _44394_/Y
 _44395_/A1
 _44395_/A2
 _44395_/B1
 _44395_/X
 _44396_/A
 _44396_/Y
 _44397_/A
 _44397_/B
 _44397_/Y
 _44398_/A
 _44398_/B
 _44398_/C
 _44398_/D
 _44398_/Y
 _44399_/A
 _44399_/B
 _44399_/C
 _44399_/D
 _44399_/Y
 _44400_/A1
 _44400_/A2
 _44400_/A3
 _44400_/B1
 _44400_/Y
 _44401_/A
 _44401_/B
 _44401_/C
 _44401_/Y
 _44402_/A1
 _44402_/A2
 _44402_/B1
 _44402_/Y
 _44403_/A1
 _44403_/A2
 _44403_/B1
 _44403_/B2
 _44403_/Y
 _44404_/A
 _44404_/B
 _44404_/C
 _44404_/D
 _44404_/Y
 _44405_/A
 _44405_/B
 _44405_/C
 _44405_/X
 _44406_/A
 _44406_/B
 _44406_/C
 _44406_/Y
 _44407_/A1
 _44407_/A2
 _44407_/B1
 _44407_/Y
 _44408_/A1
 _44408_/A2
 _44408_/B1
 _44408_/C1
 _44408_/Y
 _44409_/A
 _44409_/B
 _44409_/C
 _44409_/Y
 _44410_/A
 _44410_/B
 _44410_/Y
 _44411_/A
 _44411_/B
 _44411_/Y
 _44412_/A
 _44412_/B
 _44412_/C
 _44412_/Y
 _44413_/A_N
 _44413_/B
 _44413_/C
 _44413_/Y
 _44414_/A
 _44414_/B
 _44414_/C
 _44414_/D
 _44414_/Y
 _44415_/A
 _44415_/B
 _44415_/C
 _44415_/Y
 _44416_/A1
 _44416_/A2
 _44416_/B1
 _44416_/Y
 _44417_/A
 _44417_/B
 _44417_/C
 _44417_/X
 _44418_/A
 _44418_/B
 _44418_/C
 _44418_/Y
 _44419_/A
 _44419_/B
 _44419_/Y
 _44420_/A
 _44420_/B
 _44420_/Y
 _44422_/A1
 _44422_/A2
 _44422_/B1
 _44422_/C1
 _44422_/Y
 _44424_/A
 _44424_/B
 _44424_/Y
 _44425_/A
 _44425_/B
 _44425_/Y
 _44427_/A
 _44427_/B
 _44427_/X
 _44429_/A
 _44429_/B
 _44429_/X
 _44430_/A
 _44430_/B
 _44430_/C
 _44430_/Y
 _44431_/A_N
 _44431_/B
 _44431_/Y
 _44432_/A
 _44432_/B
 _44432_/Y
 _44434_/A1
 _44434_/A2
 _44434_/B1
 _44434_/C1
 _44434_/Y
 _44435_/A
 _44435_/B
 _44435_/Y
 _44437_/A0
 _44437_/A1
 _44437_/S
 _44437_/Y
 _44438_/A1
 _44438_/A2
 _44438_/B1
 _44438_/Y
 _44439_/A
 _44439_/B
 _44439_/Y
 _44440_/A1
 _44440_/A2
 _44440_/B1
 _44440_/Y
 _44441_/A
 _44441_/B
 _44441_/Y
 _44442_/A
 _44442_/B
 _44442_/Y
 _44443_/A
 _44443_/B
 _44443_/X
 _44444_/A0
 _44444_/A1
 _44444_/S
 _44444_/Y
 _44446_/A0
 _44446_/A1
 _44446_/S
 _44446_/Y
 _44447_/A
 _44447_/B
 _44447_/X
 _44448_/A
 _44448_/B
 _44448_/Y
 _44449_/A
 _44449_/B
 _44449_/C
 _44449_/Y
 _44450_/A
 _44450_/B
 _44450_/X
 _44451_/A
 _44451_/B
 _44451_/C
 _44451_/D
 _44451_/Y
 _44452_/A1
 _44452_/A2
 _44452_/B1
 _44452_/Y
 _44453_/A1
 _44453_/A2
 _44453_/B1
 _44453_/X
 _44454_/A
 _44454_/B
 _44454_/C
 _44454_/Y
 _44455_/A
 _44455_/B
 _44455_/Y
 _44456_/A
 _44456_/B
 _44456_/Y
 _44457_/A1
 _44457_/A2
 _44457_/A3
 _44457_/B1
 _44457_/X
 _44459_/A0
 _44459_/A1
 _44459_/S
 _44459_/X
 _44460_/A
 _44460_/B
 _44460_/Y
 _44461_/A
 _44461_/B
 _44461_/Y
 _44463_/A
 _44463_/B
 _44463_/Y
 _44464_/A
 _44464_/B
 _44464_/Y
 _44465_/A
 _44465_/B
 _44465_/C
 _44465_/Y
 _44466_/A1
 _44466_/A2
 _44466_/B1
 _44466_/C1
 _44466_/Y
 _44467_/A
 _44467_/B
 _44467_/Y
 _44468_/A
 _44468_/B
 _44468_/C
 _44468_/Y
 _44469_/A1
 _44469_/A2
 _44469_/B1
 _44469_/Y
 _44470_/A
 _44470_/B
 _44470_/Y
 _44472_/A
 _44472_/B
 _44472_/Y
 _44473_/A
 _44473_/B
 _44473_/Y
 _44474_/A
 _44474_/B
 _44474_/Y
 _44475_/A1
 _44475_/A2
 _44475_/B1
 _44475_/C1
 _44475_/D1
 _44475_/Y
 _44476_/A1
 _44476_/A2
 _44476_/B1
 _44476_/C1
 _44476_/Y
 _44477_/A
 _44477_/B
 _44477_/C
 _44477_/Y
 _44478_/A
 _44478_/B
 _44478_/Y
 _44479_/A1
 _44479_/A2
 _44479_/B1
 _44479_/C1
 _44479_/Y
 _44481_/A
 _44481_/B
 _44481_/X
 _44482_/A
 _44482_/B
 _44482_/Y
 _44483_/A
 _44483_/B
 _44483_/Y
 _44484_/A1
 _44484_/A2
 _44484_/B1
 _44484_/C1
 _44484_/X
 _44485_/A
 _44485_/B
 _44485_/Y
 _44486_/A
 _44486_/B
 _44486_/C
 _44486_/D
 _44486_/Y
 _44487_/A
 _44487_/B
 _44487_/C
 _44487_/Y
 _44488_/A1
 _44488_/A2
 _44488_/B1
 _44488_/Y
 _44489_/A
 _44489_/B
 _44489_/Y
 _44490_/A
 _44490_/B
 _44490_/X
 _44491_/A
 _44491_/B
 _44491_/Y
 _44492_/A
 _44492_/B
 _44492_/Y
 _44493_/A1
 _44493_/A2
 _44493_/B1
 _44493_/Y
 _44494_/A0
 _44494_/A1
 _44494_/S
 _44494_/Y
 _44495_/A1
 _44495_/A2
 _44495_/B1
 _44495_/X
 _44496_/A
 _44496_/B
 _44496_/Y
 _44497_/A1
 _44497_/A2
 _44497_/B1
 _44497_/C1
 _44497_/Y
 _44498_/A1
 _44498_/A2
 _44498_/B1
 _44498_/Y
 _44499_/A
 _44499_/B
 _44499_/Y
 _44500_/A
 _44500_/B
 _44500_/C
 _44500_/X
 _44501_/A
 _44501_/B
 _44501_/Y
 _44502_/A0
 _44502_/A1
 _44502_/S
 _44502_/Y
 _44503_/A
 _44503_/B
 _44503_/X
 _44504_/A
 _44504_/B
 _44504_/Y
 _44505_/A
 _44505_/B
 _44505_/C
 _44505_/X
 _44506_/A1
 _44506_/A2
 _44506_/B1
 _44506_/Y
 _44507_/A
 _44507_/B
 _44507_/C
 _44507_/Y
 _44508_/A1
 _44508_/A2
 _44508_/B1
 _44508_/Y
 _44509_/A0
 _44509_/A1
 _44509_/S
 _44509_/Y
 _44510_/A
 _44510_/B
 _44510_/C
 _44510_/Y
 _44511_/A
 _44511_/B
 _44511_/Y
 _44512_/A
 _44512_/B
 _44512_/Y
 _44513_/A1
 _44513_/A2
 _44513_/B1
 _44513_/C1
 _44513_/Y
 _44514_/A_N
 _44514_/B
 _44514_/Y
 _44515_/A
 _44515_/B
 _44515_/Y
 _44516_/A
 _44516_/B
 _44516_/Y
 _44517_/A
 _44517_/B
 _44517_/C
 _44517_/X
 _44518_/A
 _44518_/B
 _44518_/Y
 _44519_/A
 _44519_/B
 _44519_/Y
 _44520_/A1
 _44520_/A2
 _44520_/A3
 _44520_/B1
 _44520_/C1
 _44520_/Y
 _44521_/A
 _44521_/B
 _44521_/Y
 _44522_/A
 _44522_/B
 _44522_/Y
 _44523_/A1
 _44523_/A2
 _44523_/B1
 _44523_/Y
 _44524_/A1
 _44524_/A2
 _44524_/B1
 _44524_/Y
 _44525_/A0
 _44525_/A1
 _44525_/S
 _44525_/Y
 _44527_/A1
 _44527_/A2
 _44527_/A3
 _44527_/B1
 _44527_/B2
 _44527_/X
 _44528_/A1
 _44528_/A2
 _44528_/B1
 _44528_/C1
 _44528_/Y
 _44532_/A
 _44532_/Y
 _44533_/A
 _44533_/B
 _44533_/Y
 _44535_/A1
 _44535_/A2
 _44535_/B1
 _44535_/B2
 _44535_/Y
 _44536_/A
 _44536_/B
 _44536_/Y
 _44537_/A1
 _44537_/A2
 _44537_/B1
 _44537_/Y
 _44538_/A1
 _44538_/A2
 _44538_/B1
 _44538_/B2
 _44538_/Y
 _44539_/A
 _44539_/B
 _44539_/Y
 _44540_/A1
 _44540_/A2
 _44540_/B1
 _44540_/Y
 _44541_/A1
 _44541_/A2
 _44541_/B1
 _44541_/B2
 _44541_/Y
 _44542_/A
 _44542_/B
 _44542_/Y
 _44543_/A1
 _44543_/A2
 _44543_/B1
 _44543_/Y
 _44544_/A
 _44544_/Y
 _44545_/A1
 _44545_/A2
 _44545_/B1
 _44545_/B2
 _44545_/Y
 _44546_/A
 _44546_/B
 _44546_/Y
 _44547_/A1
 _44547_/A2
 _44547_/B1
 _44547_/Y
 _44548_/A
 _44548_/Y
 _44549_/A
 _44549_/B
 _44549_/C
 _44549_/D
 _44549_/X
 _44550_/A
 _44550_/B
 _44550_/Y
 _44551_/A1
 _44551_/A2
 _44551_/A3
 _44551_/B1
 _44551_/Y
 _44552_/A
 _44552_/B
 _44552_/C
 _44552_/D
 _44552_/Y
 _44553_/A
 _44553_/B
 _44553_/Y
 _44554_/A1
 _44554_/A2
 _44554_/B1
 _44554_/Y
 _44555_/A
 _44555_/B
 _44555_/X
 _44557_/A
 _44557_/B
 _44557_/Y
 _44558_/A
 _44558_/B
 _44558_/X
 _44559_/A
 _44559_/B
 _44559_/Y
 _44560_/A1
 _44560_/A2
 _44560_/B1
 _44560_/Y
 _44561_/A
 _44561_/B
 _44561_/Y
 _44562_/A1
 _44562_/A2
 _44562_/A3
 _44562_/B1
 _44562_/Y
 _44563_/A
 _44563_/B
 _44563_/Y
 _44564_/A
 _44564_/B
 _44564_/X
 _44565_/A
 _44565_/B
 _44565_/C_N
 _44565_/Y
 _44566_/A
 _44566_/B
 _44566_/Y
 _44567_/A0
 _44567_/A1
 _44567_/S
 _44567_/X
 _44568_/A0
 _44568_/A1
 _44568_/S
 _44568_/Y
 _44569_/A
 _44569_/B
 _44569_/C
 _44569_/Y
 _44570_/A
 _44570_/B
 _44570_/Y
 _44571_/A
 _44571_/B_N
 _44571_/Y
 _44572_/A
 _44572_/B
 _44572_/C
 _44572_/X
 _44573_/A1
 _44573_/A2
 _44573_/B1
 _44573_/Y
 _44574_/A
 _44574_/Y
 _44575_/A
 _44575_/B
 _44575_/C
 _44575_/D
 _44575_/Y
 _44576_/A
 _44576_/B
 _44576_/Y
 _44577_/A
 _44577_/B
 _44577_/C
 _44577_/Y
 _44579_/A1
 _44579_/A2
 _44579_/B1
 _44579_/X
 _44580_/A
 _44580_/B
 _44580_/C
 _44580_/Y
 _44581_/A1
 _44581_/A2
 _44581_/A3
 _44581_/B1
 _44581_/B2
 _44581_/Y
 _44582_/A1
 _44582_/A2
 _44582_/B1
 _44582_/Y
 _44583_/A
 _44583_/B
 _44583_/Y
 _44584_/A
 _44584_/B
 _44584_/Y
 _44585_/A
 _44585_/B
 _44585_/Y
 _44586_/A1
 _44586_/A2
 _44586_/B1
 _44586_/Y
 _44587_/A0
 _44587_/A1
 _44587_/S
 _44587_/Y
 _44588_/A1
 _44588_/A2
 _44588_/B1
 _44588_/X
 _44589_/A
 _44589_/Y
 _44590_/A
 _44590_/B
 _44590_/Y
 _44591_/A1
 _44591_/A2
 _44591_/B1
 _44591_/B2
 _44591_/Y
 _44592_/A
 _44592_/B
 _44592_/Y
 _44593_/A1
 _44593_/A2
 _44593_/B1
 _44593_/Y
 _44594_/A
 _44594_/Y
 _44595_/A
 _44595_/B
 _44595_/Y
 _44596_/A1
 _44596_/A2
 _44596_/A3
 _44596_/B1
 _44596_/Y
 _44597_/A1
 _44597_/A2
 _44597_/B1
 _44597_/B2
 _44597_/Y
 _44599_/A
 _44599_/B
 _44599_/Y
 _44600_/A1
 _44600_/A2
 _44600_/B1
 _44600_/C1
 _44600_/D1
 _44600_/X
 _44601_/A_N
 _44601_/B
 _44601_/C
 _44601_/D
 _44601_/Y
 _44602_/A_N
 _44602_/B
 _44602_/C
 _44602_/Y
 _44603_/A
 _44603_/B
 _44603_/X
 _44604_/A0
 _44604_/A1
 _44604_/S
 _44604_/Y
 _44605_/A
 _44605_/B
 _44605_/C
 _44605_/Y
 _44606_/A1
 _44606_/A2
 _44606_/B1
 _44606_/X
 _44607_/A
 _44607_/B
 _44607_/Y
 _44608_/A1
 _44608_/A2
 _44608_/B1
 _44608_/Y
 _44609_/A1
 _44609_/A2
 _44609_/B1
 _44609_/Y
 _44610_/A
 _44610_/B
 _44610_/Y
 _44611_/A1
 _44611_/A2
 _44611_/A3
 _44611_/B1
 _44611_/B2
 _44611_/X
 _44612_/A1
 _44612_/A2
 _44612_/B1
 _44612_/Y
 _44613_/A
 _44613_/B
 _44613_/Y
 _44615_/A
 _44615_/B
 _44615_/C
 _44615_/Y
 _44616_/A
 _44616_/B
 _44616_/Y
 _44617_/A0
 _44617_/A1
 _44617_/S
 _44617_/Y
 _44618_/A
 _44618_/B
 _44618_/Y
 _44619_/A
 _44619_/B
 _44619_/Y
 _44620_/A1
 _44620_/A2
 _44620_/B1
 _44620_/C1
 _44620_/Y
 _44621_/A1
 _44621_/A2
 _44621_/B1
 _44621_/B2
 _44621_/Y
 _44622_/A
 _44622_/B
 _44622_/Y
 _44623_/A1
 _44623_/A2
 _44623_/B1
 _44623_/Y
 _44624_/A
 _44624_/B
 _44624_/C
 _44624_/Y
 _44625_/A1
 _44625_/A2
 _44625_/B1
 _44625_/Y
 _44626_/A1
 _44626_/A2
 _44626_/B1
 _44626_/Y
 _44627_/A1
 _44627_/A2
 _44627_/A3
 _44627_/A4
 _44627_/B1
 _44627_/Y
 _44628_/A
 _44628_/B_N
 _44628_/Y
 _44629_/A1
 _44629_/A2
 _44629_/B1
 _44629_/Y
 _44630_/A
 _44630_/B_N
 _44630_/X
 _44631_/A1
 _44631_/A2
 _44631_/B1
 _44631_/X
 _44632_/A1
 _44632_/A2
 _44632_/B1
 _44632_/X
 _44634_/A
 _44634_/B
 _44634_/Y
 _44636_/A
 _44636_/Y
 _44637_/A
 _44637_/B
 _44637_/Y
 _44638_/A
 _44638_/B
 _44638_/Y
 _44639_/A
 _44639_/B_N
 _44639_/Y
 _44640_/A1
 _44640_/A2
 _44640_/B1
 _44640_/Y
 _44641_/A_N
 _44641_/B
 _44641_/Y
 _44642_/A
 _44642_/B
 _44642_/Y
 _44643_/A1
 _44643_/A2
 _44643_/B1
 _44643_/Y
 _44644_/A
 _44644_/B
 _44644_/Y
 _44645_/A
 _44645_/B
 _44645_/Y
 _44646_/A
 _44646_/B
 _44646_/Y
 _44647_/A
 _44647_/B
 _44647_/C
 _44647_/Y
 _44648_/A
 _44648_/B
 _44648_/C
 _44648_/Y
 _44649_/A0
 _44649_/A1
 _44649_/S
 _44649_/Y
 _44650_/A1
 _44650_/A2
 _44650_/B1
 _44650_/Y
 _44651_/A
 _44651_/B
 _44651_/X
 _44652_/A1
 _44652_/A2
 _44652_/B1
 _44652_/B2
 _44652_/Y
 _44653_/A
 _44653_/B
 _44653_/Y
 _44654_/A1
 _44654_/A2
 _44654_/B1
 _44654_/Y
 _44655_/A
 _44655_/Y
 _44656_/A
 _44656_/B
 _44656_/Y
 _44657_/A1
 _44657_/A2
 _44657_/B1
 _44657_/Y
 _44658_/A1
 _44658_/A2
 _44658_/B1
 _44658_/Y
 _44659_/A
 _44659_/B
 _44659_/X
 _44660_/A0
 _44660_/A1
 _44660_/S
 _44660_/Y
 _44661_/A
 _44661_/Y
 _44662_/A0
 _44662_/A1
 _44662_/S
 _44662_/Y
 _44663_/A
 _44663_/B
 _44663_/X
 _44664_/A0
 _44664_/A1
 _44664_/S
 _44664_/Y
 _44665_/A
 _44665_/B
 _44665_/C
 _44665_/Y
 _44666_/A1
 _44666_/A2
 _44666_/A3
 _44666_/B1
 _44666_/B2
 _44666_/Y
 _44667_/A1
 _44667_/A2
 _44667_/B1
 _44667_/B2
 _44667_/Y
 _44668_/A
 _44668_/B
 _44668_/Y
 _44669_/A1
 _44669_/A2
 _44669_/B1
 _44669_/Y
 _44670_/A1
 _44670_/A2
 _44670_/B1
 _44670_/Y
 _44671_/A1
 _44671_/A2
 _44671_/B1
 _44671_/Y
 _44672_/A1
 _44672_/A2
 _44672_/B1
 _44672_/Y
 _44673_/A
 _44673_/B
 _44673_/C
 _44673_/Y
 _44674_/A1
 _44674_/A2
 _44674_/A3
 _44674_/B1
 _44674_/Y
 _44675_/A
 _44675_/B
 _44675_/Y
 _44676_/A_N
 _44676_/B
 _44676_/C
 _44676_/D
 _44676_/Y
 _44677_/A
 _44677_/B
 _44677_/Y
 _44678_/A
 _44678_/B
 _44678_/C
 _44678_/Y
 _44679_/A1
 _44679_/A2
 _44679_/B1
 _44679_/C1
 _44679_/D1
 _44679_/X
 _44680_/A
 _44680_/B
 _44680_/C_N
 _44680_/Y
 _44681_/A1
 _44681_/A2
 _44681_/B1
 _44681_/C1
 _44681_/Y
 _44682_/A1
 _44682_/A2
 _44682_/B1
 _44682_/B2
 _44682_/Y
 _44683_/A
 _44683_/B
 _44683_/Y
 _44684_/A
 _44684_/B
 _44684_/C
 _44684_/D
 _44684_/X
 _44685_/A
 _44685_/B_N
 _44685_/Y
 _44686_/A
 _44686_/B
 _44686_/Y
 _44687_/A1
 _44687_/A2
 _44687_/B1
 _44687_/Y
 _44688_/A_N
 _44688_/B
 _44688_/Y
 _44689_/A1
 _44689_/A2
 _44689_/B1
 _44689_/B2
 _44689_/Y
 _44690_/A
 _44690_/B
 _44690_/Y
 _44691_/A1
 _44691_/A2
 _44691_/B1
 _44691_/Y
 _44692_/A1
 _44692_/A2
 _44692_/B1
 _44692_/B2
 _44692_/Y
 _44693_/A
 _44693_/B
 _44693_/Y
 _44694_/A1
 _44694_/A2
 _44694_/B1
 _44694_/Y
 _44695_/A1
 _44695_/A2
 _44695_/B1
 _44695_/B2
 _44695_/Y
 _44696_/A
 _44696_/B
 _44696_/Y
 _44697_/A1
 _44697_/A2
 _44697_/B1
 _44697_/Y
 _44698_/A1
 _44698_/A2
 _44698_/B1
 _44698_/B2
 _44698_/Y
 _44699_/A
 _44699_/B
 _44699_/Y
 _44700_/A1
 _44700_/A2
 _44700_/B1
 _44700_/Y
 _44701_/A1
 _44701_/A2
 _44701_/B1
 _44701_/B2
 _44701_/Y
 _44702_/A
 _44702_/B
 _44702_/Y
 _44703_/A1
 _44703_/A2
 _44703_/B1
 _44703_/Y
 _44704_/A
 _44704_/B
 _44704_/Y
 _44705_/A
 _44705_/B
 _44705_/C
 _44705_/D
 _44705_/Y
 _44706_/A
 _44706_/B
 _44706_/Y
 _44707_/A1
 _44707_/A2
 _44707_/A3
 _44707_/B1
 _44707_/X
 _44708_/A
 _44708_/B
 _44708_/Y
 _44709_/A
 _44709_/B
 _44709_/C
 _44709_/Y
 _44710_/A
 _44710_/B
 _44710_/Y
 _44711_/A
 _44711_/B
 _44711_/Y
 _44712_/A
 _44712_/Y
 _44713_/A
 _44713_/B
 _44713_/Y
 _44714_/A
 _44714_/B
 _44714_/Y
 _44715_/A
 _44715_/B
 _44715_/Y
 _44716_/A1
 _44716_/A2
 _44716_/B1
 _44716_/B2
 _44716_/Y
 _44717_/A
 _44717_/B
 _44717_/Y
 _44718_/A
 _44718_/B
 _44718_/Y
 _44719_/A
 _44719_/B
 _44719_/Y
 _44720_/A0
 _44720_/A1
 _44720_/S
 _44720_/Y
 _44721_/A1
 _44721_/A2
 _44721_/B1
 _44721_/Y
 _44722_/A1
 _44722_/A2
 _44722_/B1
 _44722_/Y
 _44723_/A
 _44723_/B
 _44723_/X
 _44724_/A1
 _44724_/A2
 _44724_/B1_N
 _44724_/Y
 _44725_/A
 _44725_/B
 _44725_/Y
 _44726_/A0
 _44726_/A1
 _44726_/S
 _44726_/Y
 _44727_/A1
 _44727_/A2
 _44727_/A3
 _44727_/A4
 _44727_/B1
 _44727_/X
 _44728_/A
 _44728_/B
 _44728_/C
 _44728_/D
 _44728_/X
 _44729_/A1
 _44729_/A2
 _44729_/B1
 _44729_/C1
 _44729_/X
 _44730_/A
 _44730_/B
 _44730_/Y
 _44731_/A1
 _44731_/A2
 _44731_/B1
 _44731_/Y
 _44732_/A
 _44732_/B
 _44732_/Y
 _44733_/A1
 _44733_/A2
 _44733_/B1
 _44733_/C1
 _44733_/Y
 _44734_/A1
 _44734_/A2
 _44734_/B1
 _44734_/Y
 _44735_/A1
 _44735_/A2
 _44735_/B1
 _44735_/Y
 _44736_/A1
 _44736_/A2
 _44736_/A3
 _44736_/B1
 _44736_/Y
 _44737_/A
 _44737_/B
 _44737_/X
 _44739_/A
 _44739_/B
 _44739_/C
 _44739_/D_N
 _44739_/Y
 _44740_/A_N
 _44740_/B_N
 _44740_/C
 _44740_/D
 _44740_/X
 _44741_/A1
 _44741_/A2
 _44741_/B1_N
 _44741_/Y
 _44742_/A1
 _44742_/A2
 _44742_/B1
 _44742_/B2
 _44742_/Y
 _44743_/A
 _44743_/B
 _44743_/Y
 _44744_/A1
 _44744_/A2
 _44744_/B1
 _44744_/Y
 _44745_/A
 _44745_/B
 _44745_/Y
 _44746_/A1
 _44746_/A2
 _44746_/A3
 _44746_/B1
 _44746_/Y
 _44747_/A
 _44747_/B
 _44747_/Y
 _44748_/A0
 _44748_/A1
 _44748_/S
 _44748_/Y
 _44749_/A
 _44749_/B
 _44749_/C
 _44749_/Y
 _44750_/A1
 _44750_/A2
 _44750_/B1
 _44750_/C1
 _44750_/Y
 _44751_/A1
 _44751_/A2
 _44751_/B1
 _44751_/Y
 _44752_/A
 _44752_/B
 _44752_/Y
 _44753_/A
 _44753_/B
 _44753_/Y
 _44754_/A
 _44754_/B
 _44754_/C
 _44754_/X
 _44755_/A1
 _44755_/A2
 _44755_/B1
 _44755_/X
 _44756_/A1
 _44756_/A2
 _44756_/B1
 _44756_/X
 _44757_/A1
 _44757_/A2
 _44757_/A3
 _44757_/B1
 _44757_/X
 _44758_/A1
 _44758_/A2
 _44758_/B1
 _44758_/B2
 _44758_/Y
 _44759_/A
 _44759_/B
 _44759_/Y
 _44760_/A1
 _44760_/A2
 _44760_/B1
 _44760_/Y
 _44761_/A
 _44761_/B
 _44761_/Y
 _44762_/A1
 _44762_/A2
 _44762_/B1
 _44762_/C1
 _44762_/D1
 _44762_/Y
 _44763_/A0
 _44763_/A1
 _44763_/S
 _44763_/X
 _44764_/A0
 _44764_/A1
 _44764_/S
 _44764_/Y
 _44765_/A1
 _44765_/A2
 _44765_/A3
 _44765_/B1
 _44765_/B2
 _44765_/X
 _44766_/A1
 _44766_/A2
 _44766_/A3
 _44766_/B1
 _44766_/Y
 _44767_/A
 _44767_/B
 _44767_/Y
 _44768_/A1
 _44768_/A2
 _44768_/B1_N
 _44768_/Y
 _44769_/A1
 _44769_/A2
 _44769_/A3
 _44769_/B1
 _44769_/Y
 _44770_/A_N
 _44770_/B
 _44770_/C
 _44770_/D
 _44770_/Y
 _44771_/A1
 _44771_/A2
 _44771_/B1
 _44771_/Y
 _44773_/A
 _44773_/B
 _44773_/Y
 _44775_/A
 _44775_/B
 _44775_/Y
 _44776_/A
 _44776_/B
 _44776_/Y
 _44777_/A
 _44777_/B
 _44777_/Y
 _44778_/A
 _44778_/B
 _44778_/Y
 _44779_/A1
 _44779_/A2
 _44779_/A3
 _44779_/B1
 _44779_/Y
 _44780_/A
 _44780_/B
 _44780_/X
 _44781_/A
 _44781_/B
 _44781_/Y
 _44782_/A
 _44782_/B
 _44782_/X
 _44783_/A
 _44783_/B
 _44783_/Y
 _44785_/A
 _44785_/B_N
 _44785_/X
 _44786_/A
 _44786_/B
 _44786_/Y
 _44787_/A
 _44787_/B
 _44787_/Y
 _44788_/A1
 _44788_/A2
 _44788_/A3
 _44788_/B1
 _44788_/X
 _44789_/A1
 _44789_/A2
 _44789_/A3
 _44789_/A4
 _44789_/B1
 _44789_/Y
 _44790_/A
 _44790_/B
 _44790_/Y
 _44793_/A
 _44793_/B
 _44793_/Y
 _44794_/A
 _44794_/B
 _44794_/Y
 _44795_/A1
 _44795_/A2
 _44795_/B1
 _44795_/B2
 _44795_/X
 _44796_/A1
 _44796_/A2
 _44796_/A3
 _44796_/B1
 _44796_/X
 _44797_/A1
 _44797_/A2
 _44797_/A3
 _44797_/B1
 _44797_/X
 _44798_/A
 _44798_/B
 _44798_/Y
 _44799_/A
 _44799_/B
 _44799_/C_N
 _44799_/Y
 _44800_/A1
 _44800_/A2
 _44800_/A3
 _44800_/B1
 _44800_/Y
 _44801_/A1
 _44801_/A2
 _44801_/A3
 _44801_/B1
 _44801_/X
 _44803_/A
 _44803_/B
 _44803_/Y
 _44804_/A
 _44804_/B
 _44804_/C
 _44804_/Y
 _44805_/A1
 _44805_/A2
 _44805_/B1
 _44805_/B2
 _44805_/C1
 _44805_/C2
 _44805_/Y
 _44806_/A
 _44806_/B
 _44806_/Y
 _44807_/A1
 _44807_/A2
 _44807_/B1
 _44807_/Y
 _44808_/A
 _44808_/B
 _44808_/Y
 _44809_/A
 _44809_/B
 _44809_/C
 _44809_/Y
 _44810_/A1
 _44810_/A2
 _44810_/B1
 _44810_/Y
 _44811_/A
 _44811_/B
 _44811_/Y
 _44812_/A_N
 _44812_/B
 _44812_/Y
 _44813_/A1
 _44813_/A2
 _44813_/B1
 _44813_/C1
 _44813_/D1
 _44813_/Y
 _44814_/A1
 _44814_/A2
 _44814_/B1_N
 _44814_/Y
 _44816_/A
 _44816_/B
 _44816_/Y
 _44817_/A1
 _44817_/A2
 _44817_/B1
 _44817_/X
 _44818_/A1
 _44818_/A2
 _44818_/B1
 _44818_/Y
 _44819_/A1
 _44819_/A2
 _44819_/B1
 _44819_/B2
 _44819_/Y
 _44820_/A1
 _44820_/A2
 _44820_/B1_N
 _44820_/Y
 _44821_/A1
 _44821_/A2
 _44821_/A3
 _44821_/B1
 _44821_/C1
 _44821_/X
 _44822_/A
 _44822_/B
 _44822_/Y
 _44823_/A
 _44823_/B
 _44823_/Y
 _44824_/A1
 _44824_/A2
 _44824_/A3
 _44824_/B1
 _44824_/X
 _44825_/A1
 _44825_/A2
 _44825_/A3
 _44825_/B1
 _44825_/C1
 _44825_/X
 _44826_/A
 _44826_/B
 _44826_/X
 _44827_/A1
 _44827_/A2
 _44827_/B1
 _44827_/C1
 _44827_/D1
 _44827_/Y
 _44828_/A
 _44828_/B
 _44828_/C
 _44828_/D
 _44828_/Y
 _44829_/A
 _44829_/B
 _44829_/Y
 _44830_/A1
 _44830_/A2
 _44830_/B1
 _44830_/B2
 _44830_/Y
 _44831_/A
 _44831_/B
 _44831_/Y
 _44832_/A_N
 _44832_/B
 _44832_/C
 _44832_/Y
 _44833_/A1
 _44833_/A2
 _44833_/B1
 _44833_/B2
 _44833_/X
 _44836_/A1
 _44836_/A2
 _44836_/B1
 _44836_/Y
 _44837_/A
 _44837_/B
 _44837_/C
 _44837_/Y
 _44838_/A
 _44838_/B
 _44838_/Y
 _44839_/A
 _44839_/B
 _44839_/Y
 _44840_/A1
 _44840_/A2
 _44840_/A3
 _44840_/B1
 _44840_/X
 _44841_/A
 _44841_/B
 _44841_/Y
 _44842_/A
 _44842_/B
 _44842_/Y
 _44843_/A1
 _44843_/A2
 _44843_/B1
 _44843_/Y
 _44844_/A
 _44844_/B
 _44844_/C
 _44844_/Y
 _44845_/A1
 _44845_/A2
 _44845_/B1
 _44845_/Y
 _44846_/A1
 _44846_/A2
 _44846_/A3
 _44846_/B1
 _44846_/X
 _44847_/A1
 _44847_/A2
 _44847_/B1
 _44847_/B2
 _44847_/Y
 _44848_/A
 _44848_/Y
 _44849_/A0
 _44849_/A1
 _44849_/S
 _44849_/Y
 _44850_/A
 _44850_/B
 _44850_/Y
 _44851_/A1
 _44851_/A2
 _44851_/A3
 _44851_/B1
 _44851_/B2
 _44851_/X
 _44852_/A
 _44852_/B
 _44852_/C
 _44852_/D
 _44852_/X
 _44853_/A1
 _44853_/A2
 _44853_/B1
 _44853_/B2
 _44853_/Y
 _44854_/A1_N
 _44854_/A2_N
 _44854_/B1
 _44854_/B2
 _44854_/Y
 _44855_/A1
 _44855_/A2
 _44855_/B1
 _44855_/C1
 _44855_/D1
 _44855_/Y
 _44856_/A1
 _44856_/A2
 _44856_/B1_N
 _44856_/Y
 _44857_/A
 _44857_/B
 _44857_/Y
 _44858_/A
 _44858_/B
 _44858_/C
 _44858_/Y
 _44859_/A
 _44859_/B
 _44859_/C
 _44859_/D
 _44859_/Y
 _44860_/A
 _44860_/B
 _44860_/Y
 _44861_/A
 _44861_/B
 _44861_/C
 _44861_/Y
 _44862_/A1
 _44862_/A2
 _44862_/B1
 _44862_/C1
 _44862_/Y
 _44863_/A
 _44863_/B
 _44863_/Y
 _44864_/A1
 _44864_/A2
 _44864_/A3
 _44864_/B1
 _44864_/Y
 _44865_/A1
 _44865_/A2
 _44865_/A3
 _44865_/B1
 _44865_/Y
 _44866_/A1
 _44866_/A2
 _44866_/B1
 _44866_/Y
 _44867_/A
 _44867_/B
 _44867_/C
 _44867_/Y
 _44868_/A
 _44868_/B
 _44868_/C
 _44868_/D
 _44868_/X
 _44869_/A1
 _44869_/A2
 _44869_/B1
 _44869_/C1
 _44869_/X
 _44870_/A1
 _44870_/A2
 _44870_/A3
 _44870_/B1
 _44870_/Y
 _44871_/A
 _44871_/B
 _44871_/Y
 _44872_/A1
 _44872_/A2
 _44872_/B1
 _44872_/Y
 _44873_/A1
 _44873_/A2
 _44873_/B1
 _44873_/X
 _44874_/A1
 _44874_/A2
 _44874_/B1
 _44874_/Y
 _44875_/A1
 _44875_/A2
 _44875_/B1
 _44875_/X
 _44876_/A1
 _44876_/A2
 _44876_/A3
 _44876_/B1
 _44876_/C1
 _44876_/Y
 _44877_/A
 _44877_/B
 _44877_/Y
 _44878_/A
 _44878_/B
 _44878_/Y
 _44879_/A1
 _44879_/A2
 _44879_/B1
 _44879_/X
 _44880_/A
 _44880_/B
 _44880_/C_N
 _44880_/Y
 _44881_/A1
 _44881_/A2
 _44881_/A3
 _44881_/B1
 _44881_/B2
 _44881_/Y
 _44882_/A
 _44882_/B
 _44882_/Y
 _44883_/A1
 _44883_/A2
 _44883_/B1
 _44883_/Y
 _44884_/A
 _44884_/B
 _44884_/Y
 _44885_/A
 _44885_/B
 _44885_/C
 _44885_/D
 _44885_/Y
 _44886_/A1
 _44886_/A2
 _44886_/B1
 _44886_/C1
 _44886_/D1
 _44886_/Y
 _44887_/A1
 _44887_/A2
 _44887_/A3
 _44887_/B1
 _44887_/Y
 _44888_/A
 _44888_/B
 _44888_/Y
 _44889_/A
 _44889_/B
 _44889_/X
 _44890_/A
 _44890_/B
 _44890_/Y
 _44891_/A
 _44891_/B
 _44891_/Y
 _44892_/A1
 _44892_/A2
 _44892_/B1
 _44892_/Y
 _44893_/A
 _44893_/B
 _44893_/C
 _44893_/Y
 _44894_/A
 _44894_/B
 _44894_/Y
 _44895_/A1
 _44895_/A2
 _44895_/B1
 _44895_/C1
 _44895_/X
 _44896_/A1
 _44896_/A2
 _44896_/B1
 _44896_/B2
 _44896_/C1
 _44896_/Y
 _44897_/A
 _44897_/B
 _44897_/C
 _44897_/D
 _44897_/X
 _44898_/A
 _44898_/B
 _44898_/Y
 _44899_/A1
 _44899_/A2
 _44899_/A3
 _44899_/B1
 _44899_/Y
 _44900_/A
 _44900_/B
 _44900_/C
 _44900_/D
 _44900_/Y
 _44901_/A1
 _44901_/A2
 _44901_/B1
 _44901_/C1
 _44901_/X
 _44902_/A1
 _44902_/A2
 _44902_/A3
 _44902_/B1
 _44902_/Y
 _44903_/A0
 _44903_/A1
 _44903_/S
 _44903_/X
 _44904_/A
 _44904_/B
 _44904_/C
 _44904_/D
 _44904_/Y
 _44905_/A
 _44905_/B
 _44905_/C
 _44905_/Y
 _44906_/A1
 _44906_/A2
 _44906_/A3
 _44906_/B1
 _44906_/C1
 _44906_/Y
 _44907_/A1
 _44907_/A2
 _44907_/A3
 _44907_/B1
 _44907_/B2
 _44907_/Y
 _44908_/A
 _44908_/B
 _44908_/Y
 _44909_/A1
 _44909_/A2
 _44909_/B1_N
 _44909_/X
 _44910_/A
 _44910_/B
 _44910_/C
 _44910_/D
 _44910_/X
 _44911_/A1
 _44911_/A2
 _44911_/B1
 _44911_/Y
 _44912_/A
 _44912_/B
 _44912_/C
 _44912_/Y
 _44913_/A1
 _44913_/A2
 _44913_/B1
 _44913_/X
 _44914_/A1
 _44914_/A2
 _44914_/B1
 _44914_/C1
 _44914_/Y
 _44915_/A
 _44915_/B
 _44915_/Y
 _44916_/A
 _44916_/B
 _44916_/C
 _44916_/D
 _44916_/Y
 _44917_/A
 _44917_/B
 _44917_/C
 _44917_/Y
 _44918_/A
 _44918_/B
 _44918_/C
 _44918_/D
 _44918_/Y
 _44919_/A1
 _44919_/A2
 _44919_/B1
 _44919_/Y
 _44920_/A
 _44920_/B
 _44920_/Y
 _44921_/A1
 _44921_/A2
 _44921_/B1
 _44921_/C1
 _44921_/Y
 _44922_/A
 _44922_/Y
 _44923_/A
 _44923_/B
 _44923_/C
 _44923_/Y
 _44924_/A
 _44924_/B
 _44924_/Y
 _44925_/A
 _44925_/B
 _44925_/Y
 _44926_/A
 _44926_/B
 _44926_/C
 _44926_/Y
 _44927_/A
 _44927_/B
 _44927_/Y
 _44928_/A1
 _44928_/A2
 _44928_/B1
 _44928_/Y
 _44929_/A1
 _44929_/A2
 _44929_/B1
 _44929_/C1
 _44929_/X
 _44930_/A
 _44930_/B
 _44930_/Y
 _44931_/A
 _44931_/B
 _44931_/C
 _44931_/Y
 _44932_/A1
 _44932_/A2
 _44932_/B1
 _44932_/C1
 _44932_/Y
 _44933_/A
 _44933_/B
 _44933_/C
 _44933_/Y
 _44934_/A
 _44934_/B
 _44934_/C
 _44934_/D
 _44934_/X
 _44935_/A1
 _44935_/A2
 _44935_/B1
 _44935_/B2
 _44935_/Y
 _44936_/A1
 _44936_/A2
 _44936_/B1
 _44936_/C1
 _44936_/Y
 _44937_/A1
 _44937_/A2
 _44937_/B1
 _44937_/C1
 _44937_/D1
 _44937_/Y
 _44938_/A
 _44938_/B
 _44938_/C
 _44938_/Y
 _44939_/A
 _44939_/B
 _44939_/C
 _44939_/Y
 _44940_/A1
 _44940_/A2
 _44940_/B1
 _44940_/B2
 _44940_/X
 _44941_/A
 _44941_/B
 _44941_/C
 _44941_/Y
 _44942_/A
 _44942_/B
 _44942_/X
 _44943_/A
 _44943_/B
 _44943_/C
 _44943_/Y
 _44944_/A1
 _44944_/A2
 _44944_/B1
 _44944_/C1
 _44944_/X
 _44946_/A
 _44946_/B
 _44946_/Y
 _44947_/A
 _44947_/B
 _44947_/Y
 _44948_/A1
 _44948_/A2
 _44948_/A3
 _44948_/B1
 _44948_/Y
 _44949_/A
 _44949_/B
 _44949_/Y
 _44950_/A
 _44950_/B
 _44950_/Y
 _44951_/A
 _44951_/B
 _44951_/C
 _44951_/D
 _44951_/Y
 _44952_/A1
 _44952_/A2
 _44952_/B1
 _44952_/X
 _44953_/A
 _44953_/B
 _44953_/Y
 _44954_/A
 _44954_/B
 _44954_/Y
 _44955_/A
 _44955_/B
 _44955_/Y
 _44956_/A1
 _44956_/A2
 _44956_/A3
 _44956_/B1
 _44956_/Y
 _44957_/A
 _44957_/B
 _44957_/X
 _44959_/A
 _44959_/Y
 _44961_/A
 _44961_/B
 _44961_/Y
 _44962_/A1
 _44962_/A2
 _44962_/A3
 _44962_/B1
 _44962_/Y
 _44963_/A
 _44963_/B
 _44963_/Y
 _44964_/A
 _44964_/B
 _44964_/Y
 _44965_/A1
 _44965_/A2
 _44965_/A3
 _44965_/B1
 _44965_/Y
 _44966_/A
 _44966_/Y
 _44967_/A
 _44967_/B
 _44967_/Y
 _44968_/A1
 _44968_/A2
 _44968_/B1
 _44968_/Y
 _44969_/A1
 _44969_/A2
 _44969_/B1
 _44969_/X
 _44970_/A0
 _44970_/A1
 _44970_/S
 _44970_/Y
 _44971_/A1
 _44971_/A2
 _44971_/B1
 _44971_/Y
 _44972_/A
 _44972_/Y
 _44973_/A
 _44973_/B
 _44973_/C
 _44973_/Y
 _44976_/A
 _44976_/Y
 _44978_/A1
 _44978_/A2
 _44978_/B1
 _44978_/Y
 _44979_/A
 _44979_/B
 _44979_/Y
 _44980_/A1
 _44980_/A2
 _44980_/B1
 _44980_/Y
 _44981_/A1
 _44981_/A2
 _44981_/B1
 _44981_/Y
 _44982_/A1
 _44982_/A2
 _44982_/B1
 _44982_/Y
 _44983_/A1
 _44983_/A2
 _44983_/B1_N
 _44983_/Y
 _44984_/A1
 _44984_/A2
 _44984_/B1
 _44984_/Y
 _44985_/A
 _44985_/B
 _44985_/C
 _44985_/X
 _44987_/A
 _44987_/B
 _44987_/Y
 _44988_/A
 _44988_/B
 _44988_/Y
 _44989_/A
 _44989_/B
 _44989_/Y
 _44990_/A1
 _44990_/A2
 _44990_/B1
 _44990_/Y
 _44991_/A
 _44991_/B
 _44991_/Y
 _44992_/A1
 _44992_/A2
 _44992_/B1_N
 _44992_/Y
 _44993_/A1
 _44993_/A2
 _44993_/B1
 _44993_/Y
 _44994_/A
 _44994_/B
 _44994_/Y
 _44995_/A1
 _44995_/A2
 _44995_/B1
 _44995_/B2
 _44995_/C1
 _44995_/Y
 _44997_/A
 _44997_/B
 _44997_/Y
 _44998_/A1
 _44998_/A2
 _44998_/B1_N
 _44998_/Y
 _44999_/A
 _44999_/B
 _44999_/Y
 _45000_/A1
 _45000_/A2
 _45000_/A3
 _45000_/B1
 _45000_/Y
 _45001_/A
 _45001_/B
 _45001_/C
 _45001_/Y
 _45002_/A
 _45002_/B
 _45002_/C
 _45002_/Y
 _45003_/A_N
 _45003_/B
 _45003_/Y
 _45004_/A
 _45004_/B
 _45004_/C
 _45004_/Y
 _45005_/A1
 _45005_/A2
 _45005_/A3
 _45005_/B1
 _45005_/Y
 _45007_/A1
 _45007_/A2
 _45007_/B1
 _45007_/Y
 _45008_/A1
 _45008_/A2
 _45008_/A3
 _45008_/B1
 _45008_/X
 _45011_/A
 _45011_/Y
 _45012_/A1
 _45012_/A2
 _45012_/B1
 _45012_/Y
 _45013_/A1
 _45013_/A2
 _45013_/A3
 _45013_/B1
 _45013_/B2
 _45013_/Y
 _45014_/A
 _45014_/Y
 _45015_/A1
 _45015_/A2
 _45015_/B1
 _45015_/X
 _45016_/A
 _45016_/B
 _45016_/Y
 _45017_/A1
 _45017_/A2
 _45017_/B1
 _45017_/Y
 _45018_/A
 _45018_/B
 _45018_/C
 _45018_/D
 _45018_/X
 _45019_/A1
 _45019_/A2
 _45019_/B1
 _45019_/Y
 _45020_/A1
 _45020_/A2
 _45020_/B1
 _45020_/Y
 _45021_/A
 _45021_/B
 _45021_/C
 _45021_/D
 _45021_/Y
 _45022_/A
 _45022_/B
 _45022_/C
 _45022_/X
 _45023_/A
 _45023_/B
 _45023_/Y
 _45025_/A
 _45025_/B
 _45025_/Y
 _45026_/A
 _45026_/B
 _45026_/C
 _45026_/Y
 _45027_/A1
 _45027_/A2
 _45027_/B1
 _45027_/Y
 _45028_/A1
 _45028_/A2
 _45028_/B1_N
 _45028_/Y
 _45029_/A1
 _45029_/A2
 _45029_/B1
 _45029_/X
 _45030_/A
 _45030_/B_N
 _45030_/Y
 _45031_/A
 _45031_/B
 _45031_/Y
 _45032_/A1
 _45032_/A2
 _45032_/B1
 _45032_/Y
 _45033_/A_N
 _45033_/B
 _45033_/C
 _45033_/D
 _45033_/Y
 _45034_/A1
 _45034_/A2
 _45034_/B1
 _45034_/C1
 _45034_/D1
 _45034_/X
 _45035_/A
 _45035_/B
 _45035_/Y
 _45036_/A
 _45036_/B
 _45036_/C
 _45036_/Y
 _45037_/A
 _45037_/B
 _45037_/C
 _45037_/D
 _45037_/Y
 _45038_/A
 _45038_/B
 _45038_/Y
 _45039_/A1
 _45039_/A2
 _45039_/B1
 _45039_/Y
 _45040_/A1
 _45040_/A2
 _45040_/B1
 _45040_/X
 _45041_/A
 _45041_/B
 _45041_/Y
 _45042_/A1
 _45042_/A2
 _45042_/B1
 _45042_/Y
 _45043_/A1
 _45043_/A2
 _45043_/B1
 _45043_/Y
 _45044_/A1
 _45044_/A2
 _45044_/A3
 _45044_/B1
 _45044_/X
 _45045_/A1
 _45045_/A2
 _45045_/A3
 _45045_/A4
 _45045_/B1
 _45045_/Y
 _45046_/A1
 _45046_/A2
 _45046_/B1
 _45046_/Y
 _45047_/A1
 _45047_/A2
 _45047_/B1
 _45047_/X
 _45048_/A
 _45048_/B
 _45048_/Y
 _45049_/A
 _45049_/B
 _45049_/X
 _45050_/A
 _45050_/B
 _45050_/C
 _45050_/Y
 _45051_/A
 _45051_/B
 _45051_/C
 _45051_/Y
 _45052_/A1
 _45052_/A2
 _45052_/B1
 _45052_/Y
 _45054_/A0
 _45054_/A1
 _45054_/S
 _45054_/X
 _45055_/A
 _45055_/B
 _45055_/Y
 _45056_/A
 _45056_/B
 _45056_/X
 _45057_/A
 _45057_/B
 _45057_/Y
 _45058_/A
 _45058_/B
 _45058_/Y
 _45059_/A1
 _45059_/A2
 _45059_/B1
 _45059_/X
 _45060_/A
 _45060_/Y
 _45061_/A1
 _45061_/A2
 _45061_/B1
 _45061_/Y
 _45062_/A
 _45062_/B
 _45062_/Y
 _45063_/A1
 _45063_/A2
 _45063_/B1
 _45063_/B2
 _45063_/Y
 _45064_/A1
 _45064_/A2
 _45064_/B1
 _45064_/C1
 _45064_/Y
 _45065_/A
 _45065_/B
 _45065_/Y
 _45066_/A
 _45066_/B
 _45066_/Y
 _45067_/A
 _45067_/B
 _45067_/Y
 _45068_/A
 _45068_/B
 _45068_/C
 _45068_/Y
 _45069_/A1
 _45069_/A2
 _45069_/B1
 _45069_/Y
 _45070_/A
 _45070_/B
 _45070_/C
 _45070_/Y
 _45072_/A
 _45072_/B
 _45072_/C
 _45072_/Y
 _45073_/A
 _45073_/B
 _45073_/C
 _45073_/D
 _45073_/Y
 _45074_/A
 _45074_/B
 _45074_/Y
 _45076_/A
 _45076_/B
 _45076_/Y
 _45077_/A
 _45077_/B
 _45077_/C
 _45077_/X
 _45078_/A
 _45078_/B
 _45078_/Y
 _45079_/A
 _45079_/B
 _45079_/Y
 _45081_/A1
 _45081_/A2
 _45081_/A3
 _45081_/B1
 _45081_/Y
 _45082_/A
 _45082_/B
 _45082_/Y
 _45083_/A
 _45083_/B
 _45083_/Y
 _45084_/A
 _45084_/B
 _45084_/C
 _45084_/Y
 _45085_/A
 _45085_/B
 _45085_/Y
 _45086_/A1
 _45086_/A2
 _45086_/B1
 _45086_/Y
 _45087_/A
 _45087_/B
 _45087_/Y
 _45088_/A0
 _45088_/A1
 _45088_/S
 _45088_/Y
 _45091_/A
 _45091_/B
 _45091_/Y
 _45092_/A
 _45092_/B
 _45092_/Y
 _45093_/A
 _45093_/B
 _45093_/C
 _45093_/Y
 _45094_/A1
 _45094_/A2
 _45094_/B1
 _45094_/Y
 _45095_/A1
 _45095_/A2
 _45095_/A3
 _45095_/A4
 _45095_/B1
 _45095_/Y
 _45096_/A
 _45096_/B
 _45096_/Y
 _45097_/A1
 _45097_/A2
 _45097_/B1
 _45097_/Y
 _45098_/A1
 _45098_/A2
 _45098_/A3
 _45098_/B1
 _45098_/Y
 _45099_/A
 _45099_/B
 _45099_/C
 _45099_/Y
 _45100_/A
 _45100_/B
 _45100_/Y
 _45101_/A1
 _45101_/A2
 _45101_/B1
 _45101_/C1
 _45101_/Y
 _45102_/A
 _45102_/Y
 _45103_/A
 _45103_/B
 _45103_/C
 _45103_/Y
 _45104_/A
 _45104_/B
 _45104_/C
 _45104_/D
 _45104_/Y
 _45105_/A1
 _45105_/A2
 _45105_/B1
 _45105_/Y
 _45106_/A
 _45106_/B
 _45106_/C
 _45106_/Y
 _45107_/A
 _45107_/B
 _45107_/Y
 _45108_/A
 _45108_/B
 _45108_/Y
 _45109_/A1
 _45109_/A2
 _45109_/B1
 _45109_/X
 _45110_/A
 _45110_/B
 _45110_/Y
 _45111_/A
 _45111_/B
 _45111_/Y
 _45112_/A
 _45112_/B
 _45112_/Y
 _45113_/A
 _45113_/Y
 _45114_/A
 _45114_/B
 _45114_/Y
 _45115_/A1
 _45115_/A2
 _45115_/B1
 _45115_/B2
 _45115_/Y
 _45116_/A1
 _45116_/A2
 _45116_/B1
 _45116_/C1
 _45116_/Y
 _45117_/A1
 _45117_/A2
 _45117_/B1
 _45117_/C1
 _45117_/Y
 _45118_/A0
 _45118_/A1
 _45118_/S
 _45118_/Y
 _45119_/A1
 _45119_/A2
 _45119_/B1
 _45119_/C1
 _45119_/X
 _45120_/A
 _45120_/Y
 _45121_/A1
 _45121_/A2
 _45121_/A3
 _45121_/B1
 _45121_/Y
 _45122_/A
 _45122_/B
 _45122_/X
 _45123_/A
 _45123_/B
 _45123_/C
 _45123_/Y
 _45124_/A
 _45124_/B
 _45124_/Y
 _45125_/A1
 _45125_/A2
 _45125_/B1
 _45125_/B2
 _45125_/Y
 _45126_/A
 _45126_/B
 _45126_/C
 _45126_/Y
 _45127_/A
 _45127_/B
 _45127_/C
 _45127_/D
 _45127_/Y
 _45128_/A
 _45128_/B
 _45128_/Y
 _45129_/A
 _45129_/B
 _45129_/C
 _45129_/Y
 _45130_/A1
 _45130_/A2
 _45130_/B1
 _45130_/Y
 _45131_/A
 _45131_/B
 _45131_/Y
 _45132_/A
 _45132_/Y
 _45133_/A
 _45133_/B
 _45133_/C
 _45133_/Y
 _45134_/A1
 _45134_/A2
 _45134_/B1
 _45134_/Y
 _45135_/A1
 _45135_/A2
 _45135_/B1
 _45135_/Y
 _45136_/A1
 _45136_/A2
 _45136_/B1
 _45136_/C1
 _45136_/D1
 _45136_/Y
 _45137_/A1
 _45137_/A2
 _45137_/A3
 _45137_/B1
 _45137_/C1
 _45137_/Y
 _45138_/A
 _45138_/B
 _45138_/C
 _45138_/X
 _45139_/A
 _45139_/B
 _45139_/Y
 _45140_/A
 _45140_/B
 _45140_/C
 _45140_/Y
 _45141_/A1
 _45141_/A2
 _45141_/B1
 _45141_/Y
 _45142_/A
 _45142_/B
 _45142_/Y
 _45143_/A
 _45143_/B
 _45143_/C
 _45143_/D
 _45143_/Y
 _45144_/A
 _45144_/B
 _45144_/Y
 _45145_/A
 _45145_/B
 _45145_/C
 _45145_/Y
 _45146_/A1
 _45146_/A2
 _45146_/B1
 _45146_/C1
 _45146_/Y
 _45147_/A1
 _45147_/A2
 _45147_/A3
 _45147_/B1
 _45147_/Y
 _45148_/A1
 _45148_/A2
 _45148_/A3
 _45148_/B1
 _45148_/X
 _45149_/A
 _45149_/B
 _45149_/C
 _45149_/X
 _45150_/A
 _45150_/B
 _45150_/C
 _45150_/D
 _45150_/Y
 _45151_/A
 _45151_/B
 _45151_/C
 _45151_/D
 _45151_/Y
 _45152_/A0
 _45152_/A1
 _45152_/S
 _45152_/Y
 _45153_/A1
 _45153_/A2
 _45153_/B1
 _45153_/C1
 _45153_/Y
 _45154_/A1
 _45154_/A2
 _45154_/B1
 _45154_/C1
 _45154_/Y
 _45155_/A
 _45155_/B
 _45155_/C
 _45155_/D
 _45155_/Y
 _45156_/A1
 _45156_/A2
 _45156_/B1
 _45156_/Y
 _45157_/A
 _45157_/B
 _45157_/C
 _45157_/Y
 _45158_/A
 _45158_/B
 _45158_/X
 _45159_/A
 _45159_/B
 _45159_/Y
 _45160_/A
 _45160_/B
 _45160_/C
 _45160_/Y
 _45161_/A
 _45161_/B
 _45161_/C
 _45161_/Y
 _45162_/A
 _45162_/B
 _45162_/Y
 _45163_/A_N
 _45163_/B
 _45163_/Y
 _45164_/A
 _45164_/B
 _45164_/Y
 _45165_/A_N
 _45165_/B
 _45165_/C
 _45165_/D
 _45165_/Y
 _45166_/A1
 _45166_/A2
 _45166_/B1
 _45166_/C1
 _45166_/X
 _45167_/A1
 _45167_/A2
 _45167_/A3
 _45167_/B1
 _45167_/X
 _45169_/A
 _45169_/B
 _45169_/C
 _45169_/Y
 _45170_/A0
 _45170_/A1
 _45170_/S
 _45170_/Y
 _45171_/A
 _45171_/Y
 _45172_/A1
 _45172_/A2
 _45172_/B1
 _45172_/Y
 _45173_/A1
 _45173_/A2
 _45173_/A3
 _45173_/B1
 _45173_/B2
 _45173_/Y
 _45174_/A
 _45174_/B
 _45174_/C
 _45174_/Y
 _45175_/A
 _45175_/B
 _45175_/Y
 _45176_/A1
 _45176_/A2
 _45176_/A3
 _45176_/A4
 _45176_/B1
 _45176_/Y
 _45177_/A
 _45177_/B
 _45177_/C
 _45177_/Y
 _45178_/A1
 _45178_/A2
 _45178_/B1
 _45178_/Y
 _45179_/A
 _45179_/B
 _45179_/C
 _45179_/Y
 _45180_/A
 _45180_/B
 _45180_/C
 _45180_/Y
 _45181_/A
 _45181_/B
 _45181_/C
 _45181_/X
 _45183_/A
 _45183_/Y
 _45184_/A1
 _45184_/A2
 _45184_/B1
 _45184_/C1
 _45184_/X
 _45185_/A
 _45185_/B
 _45185_/Y
 _45186_/A
 _45186_/B
 _45186_/Y
 _45187_/A
 _45187_/B
 _45187_/Y
 _45188_/A0
 _45188_/A1
 _45188_/S
 _45188_/X
 _45189_/A1
 _45189_/A2
 _45189_/B1
 _45189_/Y
 _45190_/A1
 _45190_/A2
 _45190_/B1
 _45190_/Y
 _45191_/A1
 _45191_/A2
 _45191_/B1
 _45191_/Y
 _45192_/A
 _45192_/B
 _45192_/C
 _45192_/D
 _45192_/X
 _45194_/A
 _45194_/Y
 _45195_/A
 _45195_/B
 _45195_/X
 _45196_/A
 _45196_/B
 _45196_/C
 _45196_/D
 _45196_/Y
 _45198_/A
 _45198_/B
 _45198_/C
 _45198_/Y
 _45199_/A
 _45199_/B
 _45199_/Y
 _45200_/A
 _45200_/Y
 _45201_/A
 _45201_/B
 _45201_/Y
 _45202_/A
 _45202_/B
 _45202_/Y
 _45203_/A
 _45203_/B
 _45203_/Y
 _45205_/A
 _45205_/B
 _45205_/Y
 _45206_/A
 _45206_/B
 _45206_/Y
 _45207_/A
 _45207_/B
 _45207_/C
 _45207_/D
 _45207_/Y
 _45208_/A1
 _45208_/A2
 _45208_/B1
 _45208_/C1
 _45208_/X
 _45209_/A
 _45209_/B
 _45209_/C
 _45209_/D
 _45209_/X
 _45210_/A1
 _45210_/A2
 _45210_/A3
 _45210_/B1
 _45210_/X
 _45211_/A
 _45211_/B
 _45211_/Y
 _45212_/A1
 _45212_/A2
 _45212_/B1
 _45212_/Y
 _45213_/A
 _45213_/B
 _45213_/Y
 _45214_/A
 _45214_/B
 _45214_/Y
 _45215_/A
 _45215_/B
 _45215_/Y
 _45216_/A1
 _45216_/A2
 _45216_/B1
 _45216_/C1
 _45216_/Y
 _45217_/A1
 _45217_/A2
 _45217_/B1
 _45217_/Y
 _45218_/A
 _45218_/B_N
 _45218_/Y
 _45219_/A1
 _45219_/A2
 _45219_/B1
 _45219_/Y
 _45220_/A
 _45220_/B
 _45220_/Y
 _45221_/A1
 _45221_/A2
 _45221_/B1
 _45221_/C1
 _45221_/Y
 _45222_/A
 _45222_/B
 _45222_/Y
 _45223_/A_N
 _45223_/B
 _45223_/Y
 _45224_/A0
 _45224_/A1
 _45224_/S
 _45224_/X
 _45225_/A1
 _45225_/A2
 _45225_/B1
 _45225_/Y
 _45226_/A
 _45226_/B
 _45226_/Y
 _45227_/A
 _45227_/B
 _45227_/C
 _45227_/X
 _45228_/A1
 _45228_/A2
 _45228_/B1
 _45228_/C1
 _45228_/X
 _45229_/A
 _45229_/B
 _45229_/Y
 _45230_/A1
 _45230_/A2
 _45230_/B1
 _45230_/C1
 _45230_/D1
 _45230_/Y
 _45231_/A
 _45231_/B
 _45231_/C
 _45231_/X
 _45232_/A1
 _45232_/A2
 _45232_/B1
 _45232_/X
 _45233_/A
 _45233_/B
 _45233_/X
 _45235_/A1
 _45235_/A2
 _45235_/B1
 _45235_/Y
 _45236_/A
 _45236_/B
 _45236_/Y
 _45237_/A
 _45237_/Y
 _45238_/A
 _45238_/B
 _45238_/Y
 _45239_/A
 _45239_/B
 _45239_/Y
 _45241_/A
 _45241_/B
 _45241_/C
 _45241_/Y
 _45242_/A
 _45242_/B
 _45242_/C
 _45242_/Y
 _45243_/A
 _45243_/B
 _45243_/C
 _45243_/Y
 _45245_/A1
 _45245_/A2
 _45245_/B1
 _45245_/C1
 _45245_/X
 _45246_/A
 _45246_/B
 _45246_/X
 _45247_/A
 _45247_/B
 _45247_/C
 _45247_/Y
 _45249_/A
 _45249_/B
 _45249_/C
 _45249_/Y
 _45250_/A
 _45250_/B
 _45250_/Y
 _45251_/A
 _45251_/B
 _45251_/Y
 _45252_/A
 _45252_/B
 _45252_/C
 _45252_/D_N
 _45252_/Y
 _45253_/A1
 _45253_/A2
 _45253_/B1
 _45253_/C1
 _45253_/Y
 _45254_/A1
 _45254_/A2
 _45254_/B1
 _45254_/Y
 _45255_/A
 _45255_/B
 _45255_/C
 _45255_/Y
 _45256_/A
 _45256_/Y
 _45257_/A1
 _45257_/A2
 _45257_/A3
 _45257_/B1
 _45257_/Y
 _45258_/A
 _45258_/B
 _45258_/C
 _45258_/X
 _45260_/A
 _45260_/B
 _45260_/C
 _45260_/X
 _45262_/A
 _45262_/B
 _45262_/C
 _45262_/X
 _45263_/A
 _45263_/B
 _45263_/C
 _45263_/D
 _45263_/Y
 _45264_/A
 _45264_/B
 _45264_/C
 _45264_/Y
 _45265_/A
 _45265_/B
 _45265_/C
 _45265_/Y
 _45266_/A0
 _45266_/A1
 _45266_/S
 _45266_/Y
 _45267_/A
 _45267_/B
 _45267_/C_N
 _45267_/Y
 _45268_/A
 _45268_/B
 _45268_/C
 _45268_/Y
 _45269_/A_N
 _45269_/B_N
 _45269_/C
 _45269_/D
 _45269_/Y
 _45270_/A
 _45270_/B
 _45270_/Y
 _45272_/A
 _45272_/B
 _45272_/Y
 _45273_/A1
 _45273_/A2
 _45273_/B1
 _45273_/Y
 _45274_/A
 _45274_/B
 _45274_/Y
 _45275_/A1
 _45275_/A2
 _45275_/B1
 _45275_/B2
 _45275_/Y
 _45276_/A1
 _45276_/A2
 _45276_/B1
 _45276_/Y
 _45277_/A
 _45277_/B
 _45277_/C
 _45277_/D_N
 _45277_/X
 _45278_/A1
 _45278_/A2
 _45278_/B1_N
 _45278_/Y
 _45279_/A
 _45279_/B
 _45279_/C
 _45279_/Y
 _45280_/A1
 _45280_/A2
 _45280_/B1
 _45280_/C1
 _45280_/D1
 _45280_/Y
 _45282_/A
 _45282_/B
 _45282_/Y
 _45283_/A
 _45283_/B
 _45283_/C
 _45283_/Y
 _45284_/A
 _45284_/B
 _45284_/C
 _45284_/X
 _45286_/A0
 _45286_/A1
 _45286_/S
 _45286_/X
 _45287_/A
 _45287_/B
 _45287_/C
 _45287_/Y
 _45288_/A
 _45288_/B
 _45288_/X
 _45289_/A
 _45289_/B
 _45289_/C
 _45289_/Y
 _45290_/A
 _45290_/B
 _45290_/C
 _45290_/Y
 _45291_/A1
 _45291_/A2
 _45291_/B1
 _45291_/Y
 _45292_/A
 _45292_/B
 _45292_/C
 _45292_/Y
 _45293_/A1
 _45293_/A2
 _45293_/B1
 _45293_/C1
 _45293_/D1
 _45293_/Y
 _45294_/A1
 _45294_/A2
 _45294_/B1
 _45294_/C1
 _45294_/Y
 _45295_/A
 _45295_/B
 _45295_/Y
 _45296_/A1
 _45296_/A2
 _45296_/B1
 _45296_/C1
 _45296_/Y
 _45297_/A
 _45297_/B
 _45297_/C
 _45297_/X
 _45298_/A1
 _45298_/A2
 _45298_/B1
 _45298_/Y
 _45299_/A1
 _45299_/A2
 _45299_/B1
 _45299_/Y
 _45300_/A
 _45300_/B
 _45300_/C
 _45300_/Y
 _45301_/A
 _45301_/B_N
 _45301_/X
 _45302_/A1
 _45302_/A2
 _45302_/B1
 _45302_/C1
 _45302_/X
 _45303_/A1
 _45303_/A2
 _45303_/A3
 _45303_/B1
 _45303_/Y
 _45304_/A1
 _45304_/A2
 _45304_/A3
 _45304_/B1
 _45304_/Y
 _45305_/A
 _45305_/B
 _45305_/Y
 _45306_/A1
 _45306_/A2
 _45306_/B1
 _45306_/C1
 _45306_/D1
 _45306_/Y
 _45307_/A0
 _45307_/A1
 _45307_/S
 _45307_/Y
 _45308_/A1
 _45308_/A2
 _45308_/B1
 _45308_/B2
 _45308_/Y
 _45309_/A1
 _45309_/A2
 _45309_/A3
 _45309_/A4
 _45309_/B1
 _45309_/Y
 _45310_/A1
 _45310_/A2
 _45310_/B1
 _45310_/X
 _45311_/A
 _45311_/B
 _45311_/Y
 _45312_/A0
 _45312_/A1
 _45312_/S
 _45312_/Y
 _45313_/A
 _45313_/B
 _45313_/Y
 _45314_/A1
 _45314_/A2
 _45314_/B1
 _45314_/B2
 _45314_/X
 _45315_/A
 _45315_/B
 _45315_/C
 _45315_/D
 _45315_/Y
 _45316_/A1
 _45316_/A2
 _45316_/A3
 _45316_/B1
 _45316_/X
 _45317_/A1
 _45317_/A2
 _45317_/B1
 _45317_/C1
 _45317_/Y
 _45318_/A
 _45318_/B
 _45318_/X
 _45320_/A1
 _45320_/A2
 _45320_/B1
 _45320_/C1
 _45320_/Y
 _45321_/A
 _45321_/B
 _45321_/Y
 _45323_/A
 _45323_/B
 _45323_/C
 _45323_/D
 _45323_/Y
 _45324_/A1_N
 _45324_/A2_N
 _45324_/B1
 _45324_/B2
 _45324_/Y
 _45325_/A1
 _45325_/A2
 _45325_/B1
 _45325_/X
 _45326_/A
 _45326_/B
 _45326_/Y
 _45327_/A
 _45327_/B
 _45327_/C
 _45327_/D
 _45327_/Y
 _45328_/A
 _45328_/B
 _45328_/C
 _45328_/X
 _45329_/A
 _45329_/B
 _45329_/Y
 _45330_/A
 _45330_/B
 _45330_/C
 _45330_/D
 _45330_/X
 _45331_/A
 _45331_/B
 _45331_/C
 _45331_/X
 _45332_/A
 _45332_/B
 _45332_/C
 _45332_/D
 _45332_/Y
 _45333_/A1
 _45333_/A2
 _45333_/B1
 _45333_/Y
 _45334_/A
 _45334_/B
 _45334_/Y
 _45335_/A
 _45335_/Y
 _45336_/A1
 _45336_/A2
 _45336_/A3
 _45336_/A4
 _45336_/B1
 _45336_/Y
 _45337_/A1
 _45337_/A2
 _45337_/B1
 _45337_/C1
 _45337_/Y
 _45339_/A
 _45339_/B
 _45339_/Y
 _45340_/A
 _45340_/B
 _45340_/C
 _45340_/Y
 _45341_/A
 _45341_/B
 _45341_/C
 _45341_/Y
 _45342_/A1
 _45342_/A2
 _45342_/B1
 _45342_/Y
 _45343_/A
 _45343_/B
 _45343_/C
 _45343_/X
 _45344_/A
 _45344_/B
 _45344_/C
 _45344_/D
 _45344_/Y
 _45345_/A1
 _45345_/A2
 _45345_/A3
 _45345_/B1
 _45345_/Y
 _45346_/A1
 _45346_/A2
 _45346_/B1
 _45346_/Y
 _45347_/A1
 _45347_/A2
 _45347_/B1
 _45347_/C1
 _45347_/D1
 _45347_/Y
 _45348_/A
 _45348_/B
 _45348_/C
 _45348_/Y
 _45349_/A
 _45349_/B
 _45349_/C
 _45349_/Y
 _45350_/A1
 _45350_/A2
 _45350_/B1
 _45350_/X
 _45351_/A1
 _45351_/A2
 _45351_/B1
 _45351_/Y
 _45352_/A
 _45352_/B
 _45352_/C
 _45352_/X
 _45353_/A
 _45353_/B
 _45353_/C
 _45353_/D
 _45353_/Y
 _45354_/A
 _45354_/B
 _45354_/C
 _45354_/X
 _45355_/A
 _45355_/Y
 _45356_/A1
 _45356_/A2
 _45356_/A3
 _45356_/B1
 _45356_/Y
 _45357_/A
 _45357_/B
 _45357_/C
 _45357_/D
 _45357_/X
 _45358_/A
 _45358_/B
 _45358_/C
 _45358_/Y
 _45359_/A
 _45359_/B
 _45359_/C
 _45359_/D
 _45359_/Y
 _45360_/A
 _45360_/B
 _45360_/C
 _45360_/Y
 _45361_/A
 _45361_/B
 _45361_/C
 _45361_/Y
 _45362_/A1
 _45362_/A2
 _45362_/B1
 _45362_/Y
 _45363_/A1
 _45363_/A2
 _45363_/B1
 _45363_/Y
 _45364_/A1
 _45364_/A2
 _45364_/A3
 _45364_/B1
 _45364_/Y
 _45365_/A
 _45365_/B
 _45365_/Y
 _45366_/A
 _45366_/B
 _45366_/C
 _45366_/D
 _45366_/X
 _45367_/A
 _45367_/B
 _45367_/C
 _45367_/D
 _45367_/Y
 _45368_/A1
 _45368_/A2
 _45368_/B1
 _45368_/Y
 _45369_/A
 _45369_/B
 _45369_/Y
 _45371_/A
 _45371_/B
 _45371_/C
 _45371_/Y
 _45372_/A
 _45372_/B
 _45372_/Y
 _45373_/A
 _45373_/B
 _45373_/C
 _45373_/X
 _45374_/A
 _45374_/B
 _45374_/C
 _45374_/Y
 _45375_/A
 _45375_/Y
 _45376_/A
 _45376_/B
 _45376_/Y
 _45377_/A
 _45377_/B
 _45377_/Y
 _45378_/A
 _45378_/Y
 _45379_/A1
 _45379_/A2
 _45379_/B1
 _45379_/C1
 _45379_/Y
 _45380_/A
 _45380_/B
 _45380_/Y
 _45381_/A1
 _45381_/A2
 _45381_/B1
 _45381_/C1
 _45381_/Y
 _45382_/A1
 _45382_/A2
 _45382_/B1
 _45382_/C1
 _45382_/Y
 _45383_/A
 _45383_/B
 _45383_/C
 _45383_/D
 _45383_/X
 _45386_/A
 _45386_/B
 _45386_/C
 _45386_/Y
 _45387_/A
 _45387_/Y
 _45388_/A
 _45388_/B
 _45388_/C
 _45388_/X
 _45389_/A1
 _45389_/A2
 _45389_/B1
 _45389_/Y
 _45390_/A1
 _45390_/A2
 _45390_/B1
 _45390_/C1
 _45390_/Y
 _45391_/A
 _45391_/B
 _45391_/C
 _45391_/Y
 _45392_/A
 _45392_/B
 _45392_/C
 _45392_/D
 _45392_/Y
 _45393_/A
 _45393_/B
 _45393_/Y
 _45394_/A1
 _45394_/A2
 _45394_/A3
 _45394_/A4
 _45394_/B1
 _45394_/Y
 _45395_/A1
 _45395_/A2
 _45395_/B1
 _45395_/C1
 _45395_/Y
 _45396_/A
 _45396_/Y
 _45397_/A
 _45397_/B
 _45397_/Y
 _45398_/A1
 _45398_/A2
 _45398_/B1
 _45398_/Y
 _45399_/A
 _45399_/B
 _45399_/Y
 _45400_/A
 _45400_/B
 _45400_/C
 _45400_/D
 _45400_/Y
 _45401_/A
 _45401_/B
 _45401_/C
 _45401_/Y
 _45402_/A
 _45402_/B
 _45402_/Y
 _45403_/A1
 _45403_/A2
 _45403_/A3
 _45403_/A4
 _45403_/B1
 _45403_/Y
 _45404_/A
 _45404_/B
 _45404_/C
 _45404_/Y
 _45405_/A
 _45405_/B
 _45405_/Y
 _45406_/A
 _45406_/B
 _45406_/C
 _45406_/Y
 _45407_/A1
 _45407_/A2
 _45407_/B1
 _45407_/Y
 _45408_/A
 _45408_/B
 _45408_/Y
 _45409_/A
 _45409_/B
 _45409_/C
 _45409_/D
 _45409_/Y
 _45410_/A
 _45410_/B
 _45410_/Y
 _45411_/A
 _45411_/B
 _45411_/C
 _45411_/Y
 _45412_/A
 _45412_/B
 _45412_/C
 _45412_/D
 _45412_/Y
 _45413_/A1
 _45413_/A2
 _45413_/B1
 _45413_/B2
 _45413_/C1
 _45413_/Y
 _45414_/A1
 _45414_/A2
 _45414_/B1
 _45414_/B2
 _45414_/C1
 _45414_/X
 _45415_/A_N
 _45415_/B
 _45415_/Y
 _45416_/A
 _45416_/B
 _45416_/Y
 _45417_/A
 _45417_/B
 _45417_/Y
 _45418_/A
 _45418_/B
 _45418_/C
 _45418_/D
 _45418_/X
 _45419_/A_N
 _45419_/B
 _45419_/Y
 _45420_/A
 _45420_/B
 _45420_/Y
 _45421_/A1
 _45421_/A2
 _45421_/B1
 _45421_/X
 _45422_/A1
 _45422_/A2
 _45422_/A3
 _45422_/B1
 _45422_/Y
 _45423_/A1
 _45423_/A2
 _45423_/B1
 _45423_/C1
 _45423_/Y
 _45424_/A
 _45424_/B
 _45424_/C
 _45424_/Y
 _45425_/A
 _45425_/B
 _45425_/C
 _45425_/D
 _45425_/Y
 _45426_/A1
 _45426_/A2
 _45426_/B1
 _45426_/B2
 _45426_/Y
 _45427_/A
 _45427_/B
 _45427_/Y
 _45428_/A1
 _45428_/A2
 _45428_/A3
 _45428_/B1
 _45428_/X
 _45429_/A
 _45429_/B
 _45429_/C
 _45429_/D
 _45429_/Y
 _45430_/A1
 _45430_/A2
 _45430_/B1
 _45430_/C1
 _45430_/D1
 _45430_/Y
 _45431_/A1
 _45431_/A2
 _45431_/B1
 _45431_/B2
 _45431_/C1
 _45431_/Y
 _45432_/A
 _45432_/B
 _45432_/C
 _45432_/Y
 _45433_/A1
 _45433_/A2
 _45433_/B1
 _45433_/Y
 _45434_/A
 _45434_/B
 _45434_/C
 _45434_/Y
 _45436_/A1
 _45436_/A2
 _45436_/B1
 _45436_/Y
 _45437_/A1
 _45437_/A2
 _45437_/B1
 _45437_/Y
 _45438_/A1
 _45438_/A2
 _45438_/B1
 _45438_/C1
 _45438_/D1
 _45438_/X
 _45439_/A
 _45439_/B_N
 _45439_/Y
 _45440_/A
 _45440_/B
 _45440_/C
 _45440_/Y
 _45441_/A
 _45441_/B
 _45441_/C
 _45441_/Y
 _45442_/A1
 _45442_/A2
 _45442_/B1
 _45442_/B2
 _45442_/C1
 _45442_/Y
 _45443_/A
 _45443_/B
 _45443_/C
 _45443_/Y
 _45444_/A0
 _45444_/A1
 _45444_/S
 _45444_/X
 _45445_/A0
 _45445_/A1
 _45445_/S
 _45445_/Y
 _45446_/A
 _45446_/Y
 _45447_/A1
 _45447_/A2
 _45447_/B1
 _45447_/Y
 _45448_/A
 _45448_/B
 _45448_/Y
 _45449_/A1
 _45449_/A2
 _45449_/B1
 _45449_/X
 _45450_/A1
 _45450_/A2
 _45450_/B1
 _45450_/C1
 _45450_/Y
 _45451_/A
 _45451_/B
 _45451_/C
 _45451_/Y
 _45452_/A
 _45452_/B
 _45452_/C
 _45452_/Y
 _45453_/A1
 _45453_/A2
 _45453_/B1
 _45453_/Y
 _45455_/A
 _45455_/B
 _45455_/Y
 _45456_/A
 _45456_/B
 _45456_/Y
 _45457_/A
 _45457_/B
 _45457_/C
 _45457_/X
 _45460_/A
 _45460_/B
 _45460_/Y
 _45461_/A1
 _45461_/A2
 _45461_/B1
 _45461_/B2
 _45461_/Y
 _45462_/A
 _45462_/B
 _45462_/Y
 _45463_/A1
 _45463_/A2
 _45463_/B1
 _45463_/Y
 _45464_/A1
 _45464_/A2
 _45464_/B1
 _45464_/C1
 _45464_/D1
 _45464_/Y
 _45465_/A_N
 _45465_/B
 _45465_/C
 _45465_/Y
 _45466_/A
 _45466_/B
 _45466_/Y
 _45467_/A
 _45467_/B
 _45467_/X
 _45468_/A
 _45468_/B
 _45468_/Y
 _45469_/A1
 _45469_/A2
 _45469_/A3
 _45469_/B1
 _45469_/B2
 _45469_/Y
 _45470_/A1
 _45470_/A2
 _45470_/B1
 _45470_/Y
 _45471_/A1
 _45471_/A2
 _45471_/B1
 _45471_/C1
 _45471_/Y
 _45472_/A1
 _45472_/A2
 _45472_/A3
 _45472_/B1
 _45472_/B2
 _45472_/Y
 _45473_/A1
 _45473_/A2
 _45473_/A3
 _45473_/B1
 _45473_/Y
 _45474_/A
 _45474_/B
 _45474_/C
 _45474_/Y
 _45475_/A
 _45475_/B
 _45475_/C
 _45475_/Y
 _45476_/A1
 _45476_/A2
 _45476_/B1
 _45476_/Y
 _45477_/A1
 _45477_/A2
 _45477_/B1
 _45477_/C1
 _45477_/Y
 _45478_/A1
 _45478_/A2
 _45478_/B1
 _45478_/C1
 _45478_/D1
 _45478_/Y
 _45479_/A_N
 _45479_/B
 _45479_/Y
 _45481_/A
 _45481_/B_N
 _45481_/Y
 _45482_/A1
 _45482_/A2
 _45482_/B1
 _45482_/Y
 _45483_/A
 _45483_/B
 _45483_/X
 _45484_/A0
 _45484_/A1
 _45484_/S
 _45484_/Y
 _45485_/A
 _45485_/B
 _45485_/Y
 _45486_/A1
 _45486_/A2
 _45486_/B1
 _45486_/Y
 _45487_/A0
 _45487_/A1
 _45487_/S
 _45487_/Y
 _45488_/A1
 _45488_/A2
 _45488_/A3
 _45488_/B1
 _45488_/Y
 _45489_/A1
 _45489_/A2
 _45489_/B1
 _45489_/Y
 _45491_/A1
 _45491_/A2
 _45491_/B1
 _45491_/Y
 _45492_/A
 _45492_/B
 _45492_/Y
 _45493_/A
 _45493_/B
 _45493_/C
 _45493_/Y
 _45494_/A1_N
 _45494_/A2_N
 _45494_/B1
 _45494_/B2
 _45494_/Y
 _45495_/A1
 _45495_/A2
 _45495_/B1
 _45495_/Y
 _45496_/A
 _45496_/B
 _45496_/C
 _45496_/D
 _45496_/Y
 _45497_/A
 _45497_/B
 _45497_/Y
 _45498_/A1
 _45498_/A2
 _45498_/B1
 _45498_/C1
 _45498_/X
 _45499_/A
 _45499_/B
 _45499_/Y
 _45500_/A1
 _45500_/A2
 _45500_/B1
 _45500_/Y
 _45501_/A
 _45501_/B
 _45501_/Y
 _45502_/A
 _45502_/B
 _45502_/C
 _45502_/Y
 _45503_/A
 _45503_/B
 _45503_/Y
 _45504_/A1
 _45504_/A2
 _45504_/B1
 _45504_/Y
 _45505_/A
 _45505_/B
 _45505_/C
 _45505_/D
 _45505_/Y
 _45506_/A
 _45506_/B
 _45506_/X
 _45507_/A
 _45507_/B
 _45507_/C
 _45507_/X
 _45509_/A
 _45509_/B
 _45509_/Y
 _45510_/A
 _45510_/B
 _45510_/C
 _45510_/Y
 _45511_/A
 _45511_/B
 _45511_/Y
 _45512_/A1
 _45512_/A2
 _45512_/A3
 _45512_/A4
 _45512_/B1
 _45512_/X
 _45513_/A1
 _45513_/A2
 _45513_/B1
 _45513_/C1
 _45513_/Y
 _45514_/A
 _45514_/B
 _45514_/Y
 _45515_/A1
 _45515_/A2
 _45515_/B1
 _45515_/B2
 _45515_/Y
 _45516_/A1
 _45516_/A2
 _45516_/B1
 _45516_/Y
 _45517_/A1
 _45517_/A2
 _45517_/B1
 _45517_/C1
 _45517_/X
 _45518_/A
 _45518_/B
 _45518_/C
 _45518_/D
 _45518_/Y
 _45519_/A1
 _45519_/A2
 _45519_/B1
 _45519_/Y
 _45520_/A1
 _45520_/A2
 _45520_/B1
 _45520_/B2
 _45520_/Y
 _45521_/A1
 _45521_/A2
 _45521_/B1
 _45521_/Y
 _45522_/A
 _45522_/B
 _45522_/Y
 _45523_/A
 _45523_/B_N
 _45523_/Y
 _45524_/A1
 _45524_/A2
 _45524_/A3
 _45524_/B1
 _45524_/Y
 _45525_/A
 _45525_/B
 _45525_/Y
 _45526_/A
 _45526_/B
 _45526_/C
 _45526_/Y
 _45527_/A
 _45527_/B
 _45527_/X
 _45529_/A1
 _45529_/A2
 _45529_/B1
 _45529_/Y
 _45530_/A
 _45530_/B
 _45530_/C
 _45530_/D
 _45530_/Y
 _45531_/A
 _45531_/B
 _45531_/C
 _45531_/Y
 _45532_/A
 _45532_/B
 _45532_/C
 _45532_/D
 _45532_/Y
 _45533_/A
 _45533_/B
 _45533_/Y
 _45534_/A
 _45534_/B
 _45534_/C
 _45534_/X
 _45536_/A
 _45536_/B
 _45536_/Y
 _45537_/A0
 _45537_/A1
 _45537_/S
 _45537_/X
 _45538_/A
 _45538_/B
 _45538_/X
 _45539_/A
 _45539_/B
 _45539_/C
 _45539_/Y
 _45540_/A
 _45540_/B
 _45540_/C
 _45540_/D
 _45540_/Y
 _45541_/A
 _45541_/B
 _45541_/Y
 _45542_/A1
 _45542_/A2
 _45542_/B1
 _45542_/C1
 _45542_/Y
 _45543_/A1
 _45543_/A2
 _45543_/A3
 _45543_/B1
 _45543_/Y
 _45544_/A
 _45544_/B
 _45544_/Y
 _45545_/A1
 _45545_/A2
 _45545_/B1
 _45545_/Y
 _45546_/A_N
 _45546_/B
 _45546_/Y
 _45547_/A
 _45547_/B
 _45547_/C
 _45547_/Y
 _45548_/A1
 _45548_/A2
 _45548_/B1
 _45548_/Y
 _45549_/A
 _45549_/B
 _45549_/C
 _45549_/X
 _45550_/A
 _45550_/B
 _45550_/C
 _45550_/X
 _45551_/A1
 _45551_/A2
 _45551_/B1
 _45551_/X
 _45552_/A1
 _45552_/A2
 _45552_/A3
 _45552_/B1
 _45552_/Y
 _45553_/A1
 _45553_/A2
 _45553_/A3
 _45553_/B1
 _45553_/X
 _45554_/A
 _45554_/B
 _45554_/Y
 _45555_/A
 _45555_/B
 _45555_/C
 _45555_/X
 _45556_/A
 _45556_/B
 _45556_/C
 _45556_/Y
 _45557_/A1
 _45557_/A2
 _45557_/B1
 _45557_/Y
 _45558_/A_N
 _45558_/B
 _45558_/C
 _45558_/D
 _45558_/Y
 _45559_/A
 _45559_/B
 _45559_/C
 _45559_/D_N
 _45559_/Y
 _45560_/A
 _45560_/B
 _45560_/Y
 _45561_/A1
 _45561_/A2
 _45561_/B1
 _45561_/Y
 _45562_/A
 _45562_/B
 _45562_/C
 _45562_/Y
 _45563_/A
 _45563_/B
 _45563_/Y
 _45564_/A
 _45564_/B
 _45564_/Y
 _45565_/A
 _45565_/B_N
 _45565_/X
 _45566_/A_N
 _45566_/B
 _45566_/Y
 _45567_/A
 _45567_/B_N
 _45567_/Y
 _45568_/A_N
 _45568_/B
 _45568_/C
 _45568_/D
 _45568_/X
 _45569_/A1
 _45569_/A2
 _45569_/A3
 _45569_/B1
 _45569_/Y
 _45570_/A1
 _45570_/A2
 _45570_/B1
 _45570_/X
 _45571_/A1
 _45571_/A2
 _45571_/B1
 _45571_/Y
 _45572_/A
 _45572_/B
 _45572_/Y
 _45573_/A1
 _45573_/A2
 _45573_/B1
 _45573_/C1
 _45573_/Y
 _45574_/A0
 _45574_/A1
 _45574_/S
 _45574_/Y
 _45575_/A1
 _45575_/A2
 _45575_/B1
 _45575_/B2
 _45575_/Y
 _45576_/A
 _45576_/Y
 _45577_/A
 _45577_/B
 _45577_/C
 _45577_/X
 _45578_/A
 _45578_/B
 _45578_/X
 _45579_/A
 _45579_/B
 _45579_/C
 _45579_/Y
 _45580_/A1
 _45580_/A2
 _45580_/B1
 _45580_/C1
 _45580_/X
 _45581_/A
 _45581_/B
 _45581_/Y
 _45582_/A
 _45582_/Y
 _45583_/A1
 _45583_/A2
 _45583_/B1
 _45583_/B2
 _45583_/C1
 _45583_/X
 _45584_/A
 _45584_/B
 _45584_/Y
 _45585_/A
 _45585_/B_N
 _45585_/Y
 _45586_/A
 _45586_/B_N
 _45586_/Y
 _45587_/A
 _45587_/B
 _45587_/Y
 _45588_/A1
 _45588_/A2
 _45588_/B1
 _45588_/B2
 _45588_/X
 _45589_/A1
 _45589_/A2
 _45589_/A3
 _45589_/B1
 _45589_/B2
 _45589_/Y
 _45590_/A
 _45590_/B
 _45590_/C
 _45590_/Y
 _45591_/A
 _45591_/B
 _45591_/Y
 _45592_/A
 _45592_/B
 _45592_/Y
 _45593_/A
 _45593_/B
 _45593_/C
 _45593_/Y
 _45594_/A
 _45594_/B
 _45594_/X
 _45595_/A1
 _45595_/A2
 _45595_/B1
 _45595_/Y
 _45596_/A
 _45596_/B
 _45596_/C
 _45596_/D_N
 _45596_/X
 _45597_/A
 _45597_/B
 _45597_/C
 _45597_/D
 _45597_/X
 _45599_/A
 _45599_/B
 _45599_/Y
 _45600_/A
 _45600_/B
 _45600_/Y
 _45601_/A
 _45601_/Y
 _45602_/A
 _45602_/B
 _45602_/X
 _45603_/A0
 _45603_/A1
 _45603_/S
 _45603_/Y
 _45605_/A0
 _45605_/A1
 _45605_/S
 _45605_/Y
 _45606_/A0
 _45606_/A1
 _45606_/S
 _45606_/Y
 _45607_/A
 _45607_/B
 _45607_/Y
 _45608_/A1
 _45608_/A2
 _45608_/B1
 _45608_/Y
 _45609_/A0
 _45609_/A1
 _45609_/S
 _45609_/Y
 _45610_/A
 _45610_/B
 _45610_/Y
 _45611_/A
 _45611_/B
 _45611_/C
 _45611_/X
 _45614_/A
 _45614_/B
 _45614_/C
 _45614_/X
 _45615_/A1
 _45615_/A2
 _45615_/B1
 _45615_/C1
 _45615_/D1
 _45615_/Y
 _45616_/A1
 _45616_/A2
 _45616_/B1
 _45616_/Y
 _45617_/A1
 _45617_/A2
 _45617_/B1
 _45617_/X
 _45618_/A
 _45618_/B
 _45618_/C
 _45618_/D
 _45618_/Y
 _45619_/A
 _45619_/B
 _45619_/Y
 _45620_/A1
 _45620_/A2
 _45620_/B1
 _45620_/Y
 _45621_/A
 _45621_/B
 _45621_/Y
 _45622_/A
 _45622_/B
 _45622_/C
 _45622_/Y
 _45623_/A
 _45623_/B
 _45623_/C
 _45623_/D
 _45623_/Y
 _45624_/A
 _45624_/B
 _45624_/Y
 _45625_/A
 _45625_/B
 _45625_/C
 _45625_/Y
 _45627_/A
 _45627_/B
 _45627_/Y
 _45628_/A
 _45628_/B
 _45628_/C
 _45628_/D
 _45628_/Y
 _45629_/A
 _45629_/Y
 _45630_/A
 _45630_/B
 _45630_/Y
 _45631_/A
 _45631_/B
 _45631_/Y
 _45632_/A
 _45632_/B
 _45632_/C
 _45632_/X
 _45633_/A
 _45633_/B
 _45633_/C
 _45633_/D_N
 _45633_/Y
 _45634_/A
 _45634_/B
 _45634_/X
 _45635_/A
 _45635_/B
 _45635_/C
 _45635_/D
 _45635_/X
 _45636_/A1
 _45636_/A2
 _45636_/B1_N
 _45636_/Y
 _45637_/A
 _45637_/B
 _45637_/X
 _45638_/A
 _45638_/Y
 _45639_/A
 _45639_/B
 _45639_/Y
 _45640_/A
 _45640_/B
 _45640_/X
 _45641_/A1
 _45641_/A2
 _45641_/B1
 _45641_/Y
 _45642_/A1
 _45642_/A2
 _45642_/B1
 _45642_/B2
 _45642_/C1
 _45642_/Y
 _45643_/A
 _45643_/B
 _45643_/Y
 _45644_/A1
 _45644_/A2
 _45644_/B1
 _45644_/Y
 _45645_/A1
 _45645_/A2
 _45645_/B1
 _45645_/C1
 _45645_/Y
 _45646_/A1
 _45646_/A2
 _45646_/B1
 _45646_/C1
 _45646_/Y
 _45647_/A1
 _45647_/A2
 _45647_/B1_N
 _45647_/Y
 _45648_/A1_N
 _45648_/A2_N
 _45648_/B1
 _45648_/B2
 _45648_/Y
 _45649_/A1
 _45649_/A2
 _45649_/B1
 _45649_/Y
 _45650_/A
 _45650_/B
 _45650_/Y
 _45651_/A
 _45651_/B
 _45651_/C
 _45651_/X
 _45652_/A
 _45652_/B
 _45652_/C
 _45652_/Y
 _45653_/A1
 _45653_/A2
 _45653_/A3
 _45653_/B1
 _45653_/C1
 _45653_/Y
 _45654_/A
 _45654_/B
 _45654_/C
 _45654_/Y
 _45655_/A
 _45655_/B
 _45655_/Y
 _45656_/A
 _45656_/B
 _45656_/Y
 _45657_/A1
 _45657_/A2
 _45657_/B1
 _45657_/Y
 _45658_/A
 _45658_/B
 _45658_/Y
 _45659_/A
 _45659_/B
 _45659_/X
 _45660_/A1
 _45660_/A2
 _45660_/B1
 _45660_/Y
 _45661_/A
 _45661_/B
 _45661_/Y
 _45662_/A1
 _45662_/A2
 _45662_/A3
 _45662_/B1
 _45662_/Y
 _45663_/A
 _45663_/B
 _45663_/X
 _45665_/A1
 _45665_/A2
 _45665_/B1
 _45665_/Y
 _45666_/A
 _45666_/B
 _45666_/Y
 _45667_/A
 _45667_/B
 _45667_/C
 _45667_/D
 _45667_/X
 _45668_/A
 _45668_/B
 _45668_/C_N
 _45668_/Y
 _45669_/A
 _45669_/B
 _45669_/C
 _45669_/X
 _45670_/A
 _45670_/B
 _45670_/C
 _45670_/Y
 _45671_/A1
 _45671_/A2
 _45671_/B1
 _45671_/Y
 _45672_/A1
 _45672_/A2
 _45672_/A3
 _45672_/A4
 _45672_/B1
 _45672_/Y
 _45673_/A1
 _45673_/A2
 _45673_/B1_N
 _45673_/X
 _45674_/A
 _45674_/B
 _45674_/C
 _45674_/Y
 _45675_/A
 _45675_/B
 _45675_/C
 _45675_/D_N
 _45675_/X
 _45676_/A
 _45676_/B
 _45676_/Y
 _45677_/A
 _45677_/B
 _45677_/Y
 _45678_/A1
 _45678_/A2
 _45678_/B1
 _45678_/C1
 _45678_/Y
 _45679_/A
 _45679_/B
 _45679_/Y
 _45680_/A1
 _45680_/A2
 _45680_/B1
 _45680_/B2
 _45680_/Y
 _45681_/A1
 _45681_/A2
 _45681_/A3
 _45681_/B1
 _45681_/B2
 _45681_/Y
 _45682_/A
 _45682_/B
 _45682_/C
 _45682_/D
 _45682_/X
 _45683_/A1
 _45683_/A2
 _45683_/B1
 _45683_/Y
 _45684_/A
 _45684_/B
 _45684_/C
 _45684_/Y
 _45685_/A
 _45685_/B
 _45685_/Y
 _45686_/A1
 _45686_/A2
 _45686_/B1
 _45686_/X
 _45687_/A
 _45687_/B
 _45687_/Y
 _45688_/A
 _45688_/B
 _45688_/C
 _45688_/D
 _45688_/Y
 _45689_/A
 _45689_/B
 _45689_/X
 _45690_/A
 _45690_/B
 _45690_/Y
 _45691_/A1
 _45691_/A2
 _45691_/B1
 _45691_/B2
 _45691_/C1
 _45691_/Y
 _45692_/A1
 _45692_/A2
 _45692_/B1
 _45692_/Y
 _45693_/A1
 _45693_/A2
 _45693_/B1
 _45693_/Y
 _45694_/A1
 _45694_/A2
 _45694_/B1
 _45694_/C1
 _45694_/Y
 _45695_/A
 _45695_/B
 _45695_/C
 _45695_/D
 _45695_/Y
 _45696_/A1
 _45696_/A2
 _45696_/B1
 _45696_/C1
 _45696_/Y
 _45697_/A
 _45697_/B
 _45697_/C
 _45697_/D
 _45697_/Y
 _45698_/A
 _45698_/B
 _45698_/C
 _45698_/D
 _45698_/Y
 _45699_/A1
 _45699_/A2
 _45699_/A3
 _45699_/B1
 _45699_/Y
 _45700_/A1
 _45700_/A2
 _45700_/A3
 _45700_/B1
 _45700_/B2
 _45700_/X
 _45701_/A1
 _45701_/A2
 _45701_/A3
 _45701_/B1
 _45701_/X
 _45702_/A1
 _45702_/A2
 _45702_/B1
 _45702_/Y
 _45704_/A1
 _45704_/A2
 _45704_/B1
 _45704_/Y
 _45705_/A
 _45705_/B
 _45705_/Y
 _45706_/A
 _45706_/B
 _45706_/C
 _45706_/D
 _45706_/X
 _45707_/A
 _45707_/B
 _45707_/C
 _45707_/Y
 _45708_/A1
 _45708_/A2
 _45708_/B1
 _45708_/Y
 _45709_/A
 _45709_/B
 _45709_/C
 _45709_/D
 _45709_/Y
 _45710_/A
 _45710_/B
 _45710_/Y
 _45711_/A1
 _45711_/A2
 _45711_/A3
 _45711_/B1
 _45711_/B2
 _45711_/Y
 _45712_/A
 _45712_/B
 _45712_/Y
 _45713_/A
 _45713_/B
 _45713_/C
 _45713_/Y
 _45714_/A
 _45714_/B
 _45714_/C
 _45714_/X
 _45715_/A1
 _45715_/A2
 _45715_/A3
 _45715_/B1
 _45715_/Y
 _45716_/A1
 _45716_/A2
 _45716_/B1
 _45716_/B2
 _45716_/Y
 _45717_/A1
 _45717_/A2
 _45717_/B1_N
 _45717_/X
 _45718_/A
 _45718_/B
 _45718_/C
 _45718_/D
 _45718_/Y
 _45719_/A
 _45719_/B
 _45719_/Y
 _45720_/A1
 _45720_/A2
 _45720_/B1
 _45720_/Y
 _45721_/A
 _45721_/B
 _45721_/Y
 _45722_/A1
 _45722_/A2
 _45722_/A3
 _45722_/B1
 _45722_/X
 _45723_/A
 _45723_/B_N
 _45723_/Y
 _45724_/A
 _45724_/B
 _45724_/C
 _45724_/Y
 _45725_/A1
 _45725_/A2
 _45725_/B1
 _45725_/B2
 _45725_/Y
 _45726_/A1
 _45726_/A2
 _45726_/B1
 _45726_/C1
 _45726_/Y
 _45727_/A_N
 _45727_/B
 _45727_/C
 _45727_/D
 _45727_/X
 _45728_/A1
 _45728_/A2
 _45728_/A3
 _45728_/B1
 _45728_/C1
 _45728_/Y
 _45729_/A
 _45729_/B
 _45729_/Y
 _45730_/A0
 _45730_/A1
 _45730_/S
 _45730_/X
 _45731_/A
 _45731_/B
 _45731_/C
 _45731_/Y
 _45732_/A
 _45732_/B
 _45732_/C
 _45732_/Y
 _45733_/A1
 _45733_/A2
 _45733_/A3
 _45733_/B1
 _45733_/C1
 _45733_/Y
 _45734_/A
 _45734_/Y
 _45735_/A
 _45735_/B
 _45735_/Y
 _45736_/A
 _45736_/B
 _45736_/Y
 _45737_/A
 _45737_/B
 _45737_/C
 _45737_/D
 _45737_/Y
 _45738_/A1
 _45738_/A2
 _45738_/A3
 _45738_/B1
 _45738_/Y
 _45739_/A1
 _45739_/A2
 _45739_/B1
 _45739_/B2
 _45739_/Y
 _45740_/A1
 _45740_/A2
 _45740_/A3
 _45740_/B1
 _45740_/Y
 _45741_/A
 _45741_/B
 _45741_/Y
 _45742_/A1
 _45742_/A2
 _45742_/B1
 _45742_/C1
 _45742_/D1
 _45742_/X
 _45743_/A1
 _45743_/A2
 _45743_/B1
 _45743_/Y
 _45744_/A1
 _45744_/A2
 _45744_/A3
 _45744_/B1
 _45744_/Y
 _45745_/A
 _45745_/B
 _45745_/C
 _45745_/X
 _45746_/A1
 _45746_/A2
 _45746_/B1
 _45746_/Y
 _45747_/A_N
 _45747_/B_N
 _45747_/C
 _45747_/D
 _45747_/Y
 _45748_/A
 _45748_/B
 _45748_/Y
 _45749_/A_N
 _45749_/B
 _45749_/C
 _45749_/Y
 _45750_/A1
 _45750_/A2
 _45750_/A3
 _45750_/B1
 _45750_/C1
 _45750_/Y
 _45751_/A
 _45751_/B
 _45751_/X
 _45752_/A
 _45752_/B
 _45752_/C
 _45752_/Y
 _45753_/A
 _45753_/B
 _45753_/Y
 _45754_/A
 _45754_/B
 _45754_/C
 _45754_/X
 _45755_/A1
 _45755_/A2
 _45755_/B1
 _45755_/C1
 _45755_/Y
 _45756_/A
 _45756_/B
 _45756_/X
 _45757_/A1
 _45757_/A2
 _45757_/B1
 _45757_/Y
 _45758_/A
 _45758_/B
 _45758_/C
 _45758_/X
 _45759_/A
 _45759_/B
 _45759_/Y
 _45760_/A
 _45760_/B
 _45760_/Y
 _45761_/A
 _45761_/B
 _45761_/C
 _45761_/D
 _45761_/Y
 _45762_/A
 _45762_/B
 _45762_/Y
 _45763_/A1
 _45763_/A2
 _45763_/B1
 _45763_/C1
 _45763_/Y
 _45764_/A
 _45764_/B
 _45764_/C
 _45764_/D
 _45764_/X
 _45767_/A
 _45767_/B
 _45767_/X
 _45769_/A
 _45769_/B
 _45769_/Y
 _45771_/A
 _45771_/B
 _45771_/Y
 _45772_/A
 _45772_/B
 _45772_/Y
 _45774_/A_N
 _45774_/B
 _45774_/C
 _45774_/Y
 _45776_/A
 _45776_/B
 _45776_/X
 _45777_/A1
 _45777_/A2
 _45777_/B1
 _45777_/X
 _45780_/A1
 _45780_/A2
 _45780_/B1
 _45780_/C1
 _45780_/D1
 _45780_/X
 _45781_/A1
 _45781_/A2
 _45781_/B1
 _45781_/C1
 _45781_/Y
 _45782_/A1
 _45782_/A2
 _45782_/B1
 _45782_/Y
 _45783_/A
 _45783_/B
 _45783_/C
 _45783_/Y
 _45784_/A1
 _45784_/A2
 _45784_/B1
 _45784_/Y
 _45785_/A
 _45785_/Y
 _45786_/A1
 _45786_/A2
 _45786_/B1
 _45786_/Y
 _45788_/A1
 _45788_/A2
 _45788_/B1
 _45788_/Y
 _45789_/A1
 _45789_/A2
 _45789_/B1
 _45789_/Y
 _45790_/A
 _45790_/Y
 _45791_/A1
 _45791_/A2
 _45791_/B1
 _45791_/C1
 _45791_/D1
 _45791_/X
 _45792_/A1
 _45792_/A2
 _45792_/B1_N
 _45792_/Y
 _45795_/A
 _45795_/B
 _45795_/C
 _45795_/D
 _45795_/Y
 _45800_/A
 _45800_/B
 _45800_/C
 _45800_/D
 _45800_/Y
 _45805_/A
 _45805_/B
 _45805_/C
 _45805_/D
 _45805_/Y
 _45806_/A
 _45806_/B
 _45806_/C
 _45806_/Y
 _45808_/A
 _45808_/B
 _45808_/Y
 _45810_/A1
 _45810_/A2
 _45810_/B1
 _45810_/Y
 _45811_/A
 _45811_/Y
 _45812_/A1
 _45812_/A2
 _45812_/A3
 _45812_/B1
 _45812_/B2
 _45812_/Y
 _45813_/A
 _45813_/B
 _45813_/Y
 _45814_/A
 _45814_/B
 _45814_/C
 _45814_/X
 _45815_/A
 _45815_/B
 _45815_/X
 _45816_/A
 _45816_/B
 _45816_/Y
 _45817_/A1
 _45817_/A2
 _45817_/B1
 _45817_/Y
 _45818_/A1
 _45818_/A2
 _45818_/B1
 _45818_/Y
 _45819_/A1
 _45819_/A2
 _45819_/B1
 _45819_/Y
 _45820_/A
 _45820_/B
 _45820_/Y
 _45822_/A1
 _45822_/A2
 _45822_/B1
 _45822_/Y
 _45823_/A1
 _45823_/A2
 _45823_/B1
 _45823_/Y
 _45824_/A1
 _45824_/A2
 _45824_/B1
 _45824_/Y
 _45825_/A
 _45825_/B
 _45825_/Y
 _45826_/A1
 _45826_/A2
 _45826_/B1
 _45826_/Y
 _45827_/A
 _45827_/B
 _45827_/Y
 _45828_/A1
 _45828_/A2
 _45828_/B1
 _45828_/Y
 _45829_/A1
 _45829_/A2
 _45829_/B1
 _45829_/Y
 _45830_/A1
 _45830_/A2
 _45830_/B1
 _45830_/B2
 _45830_/C1
 _45830_/Y
 _45831_/A1
 _45831_/A2
 _45831_/B1
 _45831_/Y
 _45832_/A0
 _45832_/A1
 _45832_/S
 _45832_/Y
 _45833_/A
 _45833_/B
 _45833_/Y
 _45834_/A_N
 _45834_/B
 _45834_/C
 _45834_/Y
 _45835_/A
 _45835_/B
 _45835_/Y
 _45836_/A0
 _45836_/A1
 _45836_/S
 _45836_/Y
 _45837_/A1
 _45837_/A2
 _45837_/B1
 _45837_/C1
 _45837_/Y
 _45838_/A
 _45838_/B
 _45838_/X
 _45840_/A
 _45840_/B
 _45840_/C
 _45840_/D
 _45840_/Y
 _45841_/A
 _45841_/B
 _45841_/Y
 _45842_/A
 _45842_/B
 _45842_/Y
 _45843_/A1
 _45843_/A2
 _45843_/B1
 _45843_/X
 _45844_/A1
 _45844_/A2
 _45844_/B1
 _45844_/X
 _45845_/A
 _45845_/B
 _45845_/C
 _45845_/X
 _45846_/A1
 _45846_/A2
 _45846_/B1
 _45846_/B2
 _45846_/C1
 _45846_/X
 _45847_/A
 _45847_/B
 _45847_/Y
 _45848_/A1
 _45848_/A2
 _45848_/B1
 _45848_/Y
 _45849_/A
 _45849_/B
 _45849_/X
 _45850_/A1
 _45850_/A2
 _45850_/B1_N
 _45850_/Y
 _45851_/A1
 _45851_/A2
 _45851_/B1
 _45851_/X
 _45852_/A
 _45852_/B
 _45852_/C
 _45852_/X
 _45853_/A1
 _45853_/A2
 _45853_/B1
 _45853_/C1
 _45853_/Y
 _45854_/A
 _45854_/B
 _45854_/X
 _45855_/A1_N
 _45855_/A2_N
 _45855_/B1
 _45855_/B2
 _45855_/Y
 _45856_/A
 _45856_/B
 _45856_/Y
 _45857_/A
 _45857_/B
 _45857_/Y
 _45858_/A1
 _45858_/A2
 _45858_/B1
 _45858_/Y
 _45859_/A1
 _45859_/A2
 _45859_/B1
 _45859_/Y
 _45860_/A1
 _45860_/A2
 _45860_/B1
 _45860_/Y
 _45861_/A
 _45861_/B
 _45861_/Y
 _45862_/A1
 _45862_/A2
 _45862_/B1
 _45862_/Y
 _45863_/A1
 _45863_/A2
 _45863_/B1
 _45863_/Y
 _45864_/A1
 _45864_/A2
 _45864_/B1
 _45864_/Y
 _45865_/A
 _45865_/B
 _45865_/Y
 _45866_/A1
 _45866_/A2
 _45866_/B1
 _45866_/Y
 _45867_/A1
 _45867_/A2
 _45867_/B1
 _45867_/Y
 _45868_/A1
 _45868_/A2
 _45868_/B1
 _45868_/Y
 _45869_/A1
 _45869_/A2
 _45869_/B1
 _45869_/C1
 _45869_/X
 _45870_/A1
 _45870_/A2
 _45870_/B1
 _45870_/Y
 _45871_/A
 _45871_/B
 _45871_/Y
 _45872_/A
 _45872_/B
 _45872_/Y
 _45873_/A1
 _45873_/A2
 _45873_/B1
 _45873_/C1
 _45873_/Y
 _45874_/A
 _45874_/B
 _45874_/Y
 _45875_/A1
 _45875_/A2
 _45875_/B1
 _45875_/Y
 _45876_/A
 _45876_/B
 _45876_/Y
 _45877_/A1
 _45877_/A2
 _45877_/B1
 _45877_/Y
 _45878_/A1
 _45878_/A2
 _45878_/B1
 _45878_/X
 _45879_/A1
 _45879_/A2
 _45879_/B1
 _45879_/C1
 _45879_/D1
 _45879_/Y
 _45880_/A1
 _45880_/A2
 _45880_/B1
 _45880_/Y
 _45881_/A1
 _45881_/A2
 _45881_/B1
 _45881_/C1
 _45881_/X
 _45882_/A
 _45882_/B
 _45882_/C
 _45882_/Y
 _45883_/A1_N
 _45883_/A2_N
 _45883_/B1
 _45883_/B2
 _45883_/Y
 _45884_/A1
 _45884_/A2
 _45884_/B1
 _45884_/Y
 _45885_/A
 _45885_/B
 _45885_/Y
 _45886_/A1
 _45886_/A2
 _45886_/B1
 _45886_/C1
 _45886_/Y
 _45887_/A
 _45887_/Y
 _45888_/A
 _45888_/B
 _45888_/C
 _45888_/X
 _45889_/A1
 _45889_/A2
 _45889_/B1
 _45889_/C1
 _45889_/Y
 _45890_/A1
 _45890_/A2
 _45890_/B1
 _45890_/X
 _45891_/A
 _45891_/B_N
 _45891_/Y
 _45892_/A
 _45892_/B
 _45892_/C
 _45892_/Y
 _45893_/A1
 _45893_/A2
 _45893_/B1
 _45893_/Y
 _45894_/A
 _45894_/Y
 _45895_/A1
 _45895_/A2
 _45895_/B1
 _45895_/Y
 _45896_/A
 _45896_/B
 _45896_/Y
 _45897_/A1
 _45897_/A2
 _45897_/B1
 _45897_/Y
 _45898_/A1
 _45898_/A2
 _45898_/B1
 _45898_/Y
 _45899_/A
 _45899_/B
 _45899_/Y
 _45900_/A1
 _45900_/A2
 _45900_/B1
 _45900_/B2
 _45900_/Y
 _45901_/A1
 _45901_/A2
 _45901_/B1
 _45901_/C1
 _45901_/X
 _45902_/A
 _45902_/B
 _45902_/C
 _45902_/X
 _45903_/A1
 _45903_/A2
 _45903_/B1
 _45903_/Y
 _45904_/A
 _45904_/B
 _45904_/C
 _45904_/Y
 _45905_/A1
 _45905_/A2
 _45905_/B1
 _45905_/X
 _45906_/A1
 _45906_/A2
 _45906_/A3
 _45906_/B1
 _45906_/C1
 _45906_/Y
 _45907_/A
 _45907_/B
 _45907_/Y
 _45908_/A
 _45908_/B
 _45908_/Y
 _45909_/A1
 _45909_/A2
 _45909_/B1
 _45909_/Y
 _45910_/A
 _45910_/B
 _45910_/Y
 _45911_/A1
 _45911_/A2
 _45911_/B1
 _45911_/Y
 _45912_/A
 _45912_/B
 _45912_/C
 _45912_/Y
 _45913_/A
 _45913_/B
 _45913_/Y
 _45914_/A
 _45914_/B
 _45914_/X
 _45915_/A1
 _45915_/A2
 _45915_/B1
 _45915_/X
 _45916_/A
 _45916_/B
 _45916_/C
 _45916_/D
 _45916_/X
 _45917_/A
 _45917_/B
 _45917_/C
 _45917_/Y
 _45918_/A1
 _45918_/A2
 _45918_/B1
 _45918_/C1
 _45918_/Y
 _45919_/A
 _45919_/B
 _45919_/C
 _45919_/Y
 _45920_/A1
 _45920_/A2
 _45920_/B1
 _45920_/Y
 _45921_/A1
 _45921_/A2
 _45921_/B1_N
 _45921_/Y
 _45922_/A1
 _45922_/A2
 _45922_/A3
 _45922_/B1
 _45922_/B2
 _45922_/Y
 _45923_/A
 _45923_/B
 _45923_/C
 _45923_/Y
 _45924_/A
 _45924_/B
 _45924_/C
 _45924_/D
 _45924_/X
 _45925_/A1
 _45925_/A2
 _45925_/B1_N
 _45925_/Y
 _45926_/A0
 _45926_/A1
 _45926_/S
 _45926_/Y
 _45927_/A1
 _45927_/A2
 _45927_/B1
 _45927_/X
 _45928_/A
 _45928_/B
 _45928_/C
 _45928_/Y
 _45929_/A1
 _45929_/A2
 _45929_/B1
 _45929_/Y
 _45930_/A1
 _45930_/A2
 _45930_/B1
 _45930_/C1
 _45930_/X
 _45931_/A1
 _45931_/A2
 _45931_/B1
 _45931_/X
 _45932_/A
 _45932_/B
 _45932_/C
 _45932_/X
 _45933_/A1
 _45933_/A2
 _45933_/B1
 _45933_/X
 _45934_/A1
 _45934_/A2
 _45934_/B1
 _45934_/B2
 _45934_/C1
 _45934_/X
 _45935_/A1
 _45935_/A2
 _45935_/B1
 _45935_/Y
 _45936_/A1_N
 _45936_/A2_N
 _45936_/B1
 _45936_/B2
 _45936_/Y
 _45937_/A1
 _45937_/A2
 _45937_/B1
 _45937_/C1
 _45937_/D1
 _45937_/Y
 _45938_/A
 _45938_/B
 _45938_/Y
 _45939_/A
 _45939_/B
 _45939_/C
 _45939_/Y
 _45940_/A1
 _45940_/A2
 _45940_/B1
 _45940_/Y
 _45941_/A1
 _45941_/A2
 _45941_/B1
 _45941_/C1
 _45941_/Y
 _45942_/A1
 _45942_/A2
 _45942_/A3
 _45942_/B1
 _45942_/Y
 _45943_/A1
 _45943_/A2
 _45943_/B1
 _45943_/Y
 _45944_/A
 _45944_/B
 _45944_/X
 _45945_/A
 _45945_/B
 _45945_/Y
 _45946_/A
 _45946_/B
 _45946_/C
 _45946_/Y
 _45947_/A
 _45947_/B
 _45947_/C
 _45947_/Y
 _45948_/A1
 _45948_/A2
 _45948_/B1
 _45948_/X
 _45949_/A
 _45949_/B
 _45949_/Y
 _45950_/A
 _45950_/B
 _45950_/Y
 _45951_/A1
 _45951_/A2
 _45951_/B1
 _45951_/C1
 _45951_/Y
 _45952_/A
 _45952_/B
 _45952_/C
 _45952_/D_N
 _45952_/Y
 _45953_/A
 _45953_/B
 _45953_/C
 _45953_/D
 _45953_/X
 _45954_/A1
 _45954_/A2
 _45954_/B1
 _45954_/X
 _45955_/A1
 _45955_/A2
 _45955_/B1
 _45955_/Y
 _45956_/A
 _45956_/B
 _45956_/Y
 _45957_/A
 _45957_/B
 _45957_/Y
 _45958_/A
 _45958_/B
 _45958_/C
 _45958_/D
 _45958_/X
 _45959_/A1
 _45959_/A2
 _45959_/B1
 _45959_/C1
 _45959_/X
 _45960_/A1
 _45960_/A2
 _45960_/B1
 _45960_/X
 _45961_/A1
 _45961_/A2
 _45961_/B1
 _45961_/C1
 _45961_/D1
 _45961_/Y
 _45962_/A_N
 _45962_/B
 _45962_/C
 _45962_/Y
 _45963_/A
 _45963_/B_N
 _45963_/Y
 _45964_/A
 _45964_/B
 _45964_/Y
 _45965_/A
 _45965_/B
 _45965_/Y
 _45966_/A1
 _45966_/A2
 _45966_/B1
 _45966_/X
 _45967_/A1
 _45967_/A2
 _45967_/B1
 _45967_/Y
 _45968_/A
 _45968_/B
 _45968_/C
 _45968_/Y
 _45969_/A1
 _45969_/A2
 _45969_/B1
 _45969_/X
 _45970_/A1_N
 _45970_/A2_N
 _45970_/B1
 _45970_/B2
 _45970_/Y
 _45971_/A1
 _45971_/A2
 _45971_/A3
 _45971_/B1
 _45971_/Y
 _45972_/A
 _45972_/B
 _45972_/Y
 _45973_/A1
 _45973_/A2
 _45973_/B1
 _45973_/Y
 _45974_/A1
 _45974_/A2
 _45974_/B1
 _45974_/C1
 _45974_/D1
 _45974_/Y
 _45975_/A
 _45975_/B
 _45975_/C
 _45975_/Y
 _45976_/A
 _45976_/B
 _45976_/X
 _45977_/A
 _45977_/B
 _45977_/C
 _45977_/Y
 _45978_/A
 _45978_/B
 _45978_/Y
 _45979_/A
 _45979_/B
 _45979_/Y
 _45980_/A1
 _45980_/A2
 _45980_/B1_N
 _45980_/Y
 _45981_/A1
 _45981_/A2
 _45981_/B1
 _45981_/Y
 _45982_/A1
 _45982_/A2
 _45982_/B1
 _45982_/Y
 _45983_/A
 _45983_/B
 _45983_/C_N
 _45983_/Y
 _45984_/A1
 _45984_/A2
 _45984_/B1
 _45984_/B2
 _45984_/C1
 _45984_/X
 _45985_/A
 _45985_/B
 _45985_/C
 _45985_/Y
 _45986_/A
 _45986_/B
 _45986_/C
 _45986_/Y
 _45987_/A
 _45987_/B
 _45987_/X
 _45988_/A
 _45988_/B
 _45988_/X
 _45989_/A
 _45989_/B
 _45989_/X
 _45990_/A1
 _45990_/A2
 _45990_/B1
 _45990_/C1
 _45990_/D1
 _45990_/Y
 _45991_/A1
 _45991_/A2
 _45991_/B1
 _45991_/X
 _45992_/A1
 _45992_/A2
 _45992_/B1
 _45992_/B2
 _45992_/Y
 _45993_/A1
 _45993_/A2
 _45993_/B1
 _45993_/C1
 _45993_/D1
 _45993_/Y
 _45994_/A1
 _45994_/A2
 _45994_/B1
 _45994_/B2
 _45994_/C1
 _45994_/Y
 _45995_/A
 _45995_/B
 _45995_/C
 _45995_/D
 _45995_/X
 _45996_/A
 _45996_/B
 _45996_/C
 _45996_/X
 _45997_/A
 _45997_/B
 _45997_/Y
 _45998_/A
 _45998_/B
 _45998_/C
 _45998_/D
 _45998_/Y
 _45999_/A
 _45999_/B
 _45999_/C
 _45999_/X
 _46000_/A1
 _46000_/A2
 _46000_/B1
 _46000_/Y
 _46001_/A
 _46001_/B
 _46001_/Y
 _46002_/A
 _46002_/B
 _46002_/Y
 _46003_/A
 _46003_/B
 _46003_/Y
 _46004_/A1
 _46004_/A2
 _46004_/B1
 _46004_/Y
 _46005_/A
 _46005_/B
 _46005_/Y
 _46006_/A1
 _46006_/A2
 _46006_/B1
 _46006_/X
 _46007_/A
 _46007_/B
 _46007_/C
 _46007_/X
 _46008_/A_N
 _46008_/B
 _46008_/C
 _46008_/X
 _46009_/A
 _46009_/B
 _46009_/C
 _46009_/D
 _46009_/Y
 _46010_/A
 _46010_/B
 _46010_/Y
 _46011_/A
 _46011_/B
 _46011_/Y
 _46012_/A
 _46012_/B
 _46012_/Y
 _46013_/A
 _46013_/B
 _46013_/Y
 _46014_/A1
 _46014_/A2
 _46014_/B1
 _46014_/Y
 _46015_/A1
 _46015_/A2
 _46015_/A3
 _46015_/B1
 _46015_/Y
 _46016_/A1
 _46016_/A2
 _46016_/B1
 _46016_/B2
 _46016_/Y
 _46017_/A
 _46017_/B
 _46017_/C
 _46017_/D
 _46017_/Y
 _46018_/A
 _46018_/B
 _46018_/C
 _46018_/D_N
 _46018_/Y
 _46019_/A
 _46019_/B
 _46019_/Y
 _46020_/A1
 _46020_/A2
 _46020_/B1
 _46020_/Y
 _46021_/A
 _46021_/B
 _46021_/C
 _46021_/D
 _46021_/X
 _46022_/A1
 _46022_/A2
 _46022_/B1
 _46022_/C1
 _46022_/X
 _46023_/A1
 _46023_/A2
 _46023_/B1
 _46023_/B2
 _46023_/Y
 _46024_/A
 _46024_/B
 _46024_/C
 _46024_/X
 _46025_/A1
 _46025_/A2
 _46025_/B1
 _46025_/Y
 _46026_/A
 _46026_/B
 _46026_/Y
 _46027_/A
 _46027_/Y
 _46028_/A1
 _46028_/A2
 _46028_/B1
 _46028_/Y
 _46029_/A
 _46029_/B
 _46029_/C
 _46029_/X
 _46030_/A
 _46030_/B
 _46030_/Y
 _46031_/A1
 _46031_/A2
 _46031_/B1
 _46031_/Y
 _46032_/A1
 _46032_/A2
 _46032_/B1_N
 _46032_/Y
 _46033_/A
 _46033_/B
 _46033_/C_N
 _46033_/Y
 _46034_/A
 _46034_/B
 _46034_/X
 _46036_/A_N
 _46036_/B
 _46036_/C
 _46036_/D
 _46036_/X
 _46037_/A
 _46037_/B_N
 _46037_/Y
 _46038_/A1
 _46038_/A2
 _46038_/B1
 _46038_/B2
 _46038_/C1
 _46038_/Y
 _46039_/A
 _46039_/Y
 _46040_/A1
 _46040_/A2
 _46040_/B1
 _46040_/C1
 _46040_/D1
 _46040_/Y
 _46041_/A
 _46041_/B
 _46041_/C_N
 _46041_/Y
 _46042_/A
 _46042_/B
 _46042_/C
 _46042_/Y
 _46043_/A1
 _46043_/A2
 _46043_/B1
 _46043_/B2
 _46043_/Y
 _46044_/A
 _46044_/B
 _46044_/C
 _46044_/D_N
 _46044_/X
 _46045_/A
 _46045_/B
 _46045_/C
 _46045_/X
 _46046_/A
 _46046_/B
 _46046_/Y
 _46047_/A
 _46047_/B
 _46047_/X
 _46048_/A_N
 _46048_/B
 _46048_/X
 _46049_/A
 _46049_/B
 _46049_/Y
 _46050_/A0
 _46050_/A1
 _46050_/S
 _46050_/Y
 _46051_/A
 _46051_/B
 _46051_/C_N
 _46051_/X
 _46052_/A
 _46052_/B
 _46052_/Y
 _46053_/A
 _46053_/B
 _46053_/C
 _46053_/Y
 _46054_/A
 _46054_/B_N
 _46054_/Y
 _46055_/A
 _46055_/B
 _46055_/Y
 _46056_/A1
 _46056_/A2
 _46056_/B1
 _46056_/Y
 _46057_/A
 _46057_/B
 _46057_/C
 _46057_/Y
 _46058_/A1
 _46058_/A2
 _46058_/A3
 _46058_/A4
 _46058_/B1
 _46058_/Y
 _46059_/A
 _46059_/B
 _46059_/C
 _46059_/Y
 _46060_/A
 _46060_/B
 _46060_/C
 _46060_/Y
 _46061_/A
 _46061_/B
 _46061_/C_N
 _46061_/Y
 _46062_/A1
 _46062_/A2
 _46062_/B1
 _46062_/Y
 _46063_/A
 _46063_/B
 _46063_/X
 _46065_/A
 _46065_/B
 _46065_/X
 _46066_/A
 _46066_/B
 _46066_/C
 _46066_/D
 _46066_/Y
 _46067_/A
 _46067_/B
 _46067_/Y
 _46068_/A1
 _46068_/A2
 _46068_/B1
 _46068_/Y
 _46069_/A1
 _46069_/A2
 _46069_/B1
 _46069_/Y
 _46070_/A1
 _46070_/A2
 _46070_/B1
 _46070_/B2
 _46070_/X
 _46071_/A1
 _46071_/A2
 _46071_/B1
 _46071_/B2
 _46071_/C1
 _46071_/Y
 _46072_/A
 _46072_/B
 _46072_/Y
 _46073_/A1
 _46073_/A2
 _46073_/B1
 _46073_/C1
 _46073_/Y
 _46074_/A1
 _46074_/A2
 _46074_/B1
 _46074_/Y
 _46075_/A
 _46075_/B
 _46075_/C
 _46075_/X
 _46076_/A1
 _46076_/A2
 _46076_/B1
 _46076_/Y
 _46077_/A
 _46077_/B
 _46077_/X
 _46078_/A
 _46078_/B
 _46078_/Y
 _46079_/A1
 _46079_/A2
 _46079_/B1
 _46079_/Y
 _46080_/A
 _46080_/B
 _46080_/Y
 _46081_/A
 _46081_/B
 _46081_/Y
 _46082_/A
 _46082_/B
 _46082_/C
 _46082_/D
 _46082_/X
 _46083_/A
 _46083_/B
 _46083_/C
 _46083_/D
 _46083_/Y
 _46084_/A
 _46084_/B
 _46084_/Y
 _46085_/A1
 _46085_/A2
 _46085_/B1
 _46085_/C1
 _46085_/D1
 _46085_/Y
 _46086_/A
 _46086_/B
 _46086_/Y
 _46087_/A
 _46087_/B
 _46087_/C
 _46087_/D
 _46087_/Y
 _46088_/A1
 _46088_/A2
 _46088_/B1
 _46088_/C1
 _46088_/Y
 _46089_/A
 _46089_/B
 _46089_/C
 _46089_/Y
 _46090_/A1
 _46090_/A2
 _46090_/B1
 _46090_/C1
 _46090_/Y
 _46091_/A1
 _46091_/A2
 _46091_/B1
 _46091_/C1
 _46091_/X
 _46092_/A1
 _46092_/A2
 _46092_/B1
 _46092_/Y
 _46093_/A1
 _46093_/A2
 _46093_/B1
 _46093_/B2
 _46093_/C1
 _46093_/Y
 _46094_/A1
 _46094_/A2
 _46094_/B1
 _46094_/C1
 _46094_/X
 _46096_/A1
 _46096_/A2
 _46096_/A3
 _46096_/B1
 _46096_/Y
 _46104_/A1
 _46104_/A2
 _46104_/B1
 _46104_/X
 _46105_/A
 _46105_/B
 _46105_/C
 _46105_/Y
 _46106_/A1
 _46106_/A2
 _46106_/B1
 _46106_/Y
 _46107_/A
 _46107_/B
 _46107_/Y
 _46108_/A
 _46108_/B
 _46108_/Y
 _46109_/A
 _46109_/B
 _46109_/C
 _46109_/Y
 _46110_/A1
 _46110_/A2
 _46110_/A3
 _46110_/B1
 _46110_/C1
 _46110_/X
 _46111_/A
 _46111_/B
 _46111_/C
 _46111_/D
 _46111_/Y
 _46113_/A
 _46113_/B
 _46113_/Y
 _46114_/A
 _46114_/B
 _46114_/Y
 _46117_/A1
 _46117_/A2
 _46117_/B1
 _46117_/C1
 _46117_/Y
 _46118_/A1
 _46118_/A2
 _46118_/B1
 _46118_/Y
 _46122_/A
 _46122_/B
 _46122_/C
 _46122_/D
 _46122_/Y
 _46123_/A1
 _46123_/A2
 _46123_/B1
 _46123_/Y
 _46124_/A1
 _46124_/A2
 _46124_/B1
 _46124_/C1
 _46124_/Y
 _46125_/A1
 _46125_/A2
 _46125_/B1
 _46125_/Y
 _46126_/A
 _46126_/B
 _46126_/Y
 _46127_/A
 _46127_/B
 _46127_/C
 _46127_/Y
 _46128_/A
 _46128_/B
 _46128_/C
 _46128_/X
 _46129_/A1
 _46129_/A2
 _46129_/B1_N
 _46129_/Y
 _46130_/A
 _46130_/Y
 _46131_/A1
 _46131_/A2
 _46131_/B1
 _46131_/Y
 _46132_/A1
 _46132_/A2
 _46132_/B1_N
 _46132_/Y
 _46133_/A
 _46133_/B
 _46133_/X
 _46134_/A
 _46134_/B
 _46134_/Y
 _46135_/A
 _46135_/B
 _46135_/C
 _46135_/D
 _46135_/X
 _46138_/A1
 _46138_/A2
 _46138_/B1
 _46138_/Y
 _46139_/A
 _46139_/B
 _46139_/Y
 _46140_/A
 _46140_/B
 _46140_/Y
 _46141_/A1
 _46141_/A2
 _46141_/B1
 _46141_/Y
 _46142_/A1
 _46142_/A2
 _46142_/A3
 _46142_/B1
 _46142_/Y
 _46143_/A1
 _46143_/A2
 _46143_/A3
 _46143_/B1
 _46143_/C1
 _46143_/Y
 _46144_/A
 _46144_/B
 _46144_/C
 _46144_/X
 _46145_/A1
 _46145_/A2
 _46145_/B1
 _46145_/Y
 _46146_/A
 _46146_/B
 _46146_/C
 _46146_/D
 _46146_/Y
 _46147_/A1
 _46147_/A2
 _46147_/B1
 _46147_/Y
 _46148_/A
 _46148_/B
 _46148_/Y
 _46149_/A1
 _46149_/A2
 _46149_/B1
 _46149_/Y
 _46150_/A
 _46150_/B
 _46150_/C
 _46150_/Y
 _46151_/A1
 _46151_/A2
 _46151_/B1
 _46151_/Y
 _46152_/A
 _46152_/B
 _46152_/C
 _46152_/X
 _46153_/A
 _46153_/B
 _46153_/Y
 _46155_/A1
 _46155_/A2
 _46155_/B1
 _46155_/Y
 _46156_/A1
 _46156_/A2
 _46156_/B1
 _46156_/C1
 _46156_/Y
 _46157_/A1
 _46157_/A2
 _46157_/B1
 _46157_/X
 _46158_/A1
 _46158_/A2
 _46158_/B1
 _46158_/C1
 _46158_/X
 _46159_/A1
 _46159_/A2
 _46159_/B1
 _46159_/X
 _46160_/A
 _46160_/B
 _46160_/C
 _46160_/D
 _46160_/Y
 _46161_/A1
 _46161_/A2
 _46161_/B1_N
 _46161_/Y
 _46162_/A1
 _46162_/A2
 _46162_/B1
 _46162_/Y
 _46163_/A1
 _46163_/A2
 _46163_/B1
 _46163_/C1
 _46163_/Y
 _46164_/A1
 _46164_/A2
 _46164_/B1
 _46164_/Y
 _46165_/A
 _46165_/B
 _46165_/C
 _46165_/Y
 _46166_/A1
 _46166_/A2
 _46166_/B1
 _46166_/X
 _46167_/A1
 _46167_/A2
 _46167_/B1
 _46167_/C1
 _46167_/X
 _46168_/A1
 _46168_/A2
 _46168_/B1
 _46168_/X
 _46169_/A
 _46169_/B
 _46169_/Y
 _46170_/A1
 _46170_/A2
 _46170_/B1
 _46170_/C1
 _46170_/X
 _46171_/A1
 _46171_/A2
 _46171_/B1
 _46171_/X
 _46172_/A1
 _46172_/A2
 _46172_/B1
 _46172_/Y
 _46173_/A
 _46173_/B
 _46173_/C
 _46173_/X
 _46174_/A_N
 _46174_/B_N
 _46174_/C
 _46174_/D
 _46174_/Y
 _46175_/A1
 _46175_/A2
 _46175_/B1
 _46175_/Y
 _46176_/A_N
 _46176_/B
 _46176_/Y
 _46177_/A
 _46177_/Y
 _46178_/A1
 _46178_/A2
 _46178_/B1
 _46178_/X
 _46179_/A1
 _46179_/A2
 _46179_/B1
 _46179_/Y
 _46180_/A1
 _46180_/A2
 _46180_/B1
 _46180_/C1
 _46180_/D1
 _46180_/Y
 _46181_/A
 _46181_/B
 _46181_/Y
 _46182_/A1
 _46182_/A2
 _46182_/B1
 _46182_/Y
 _46183_/A1
 _46183_/A2
 _46183_/B1
 _46183_/C1
 _46183_/Y
 _46184_/A1
 _46184_/A2
 _46184_/B1_N
 _46184_/X
 _46185_/A1
 _46185_/A2
 _46185_/B1
 _46185_/C1
 _46185_/Y
 _46186_/A
 _46186_/B
 _46186_/Y
 _46187_/A1
 _46187_/A2
 _46187_/B1_N
 _46187_/Y
 _46188_/A1
 _46188_/A2
 _46188_/B1
 _46188_/C1
 _46188_/Y
 _46189_/A
 _46189_/B
 _46189_/Y
 _46190_/A
 _46190_/B
 _46190_/C
 _46190_/X
 _46191_/A1
 _46191_/A2
 _46191_/B1
 _46191_/Y
 _46192_/A1
 _46192_/A2
 _46192_/B1
 _46192_/C1
 _46192_/D1
 _46192_/Y
 _46193_/A1
 _46193_/A2
 _46193_/B1
 _46193_/C1
 _46193_/Y
 _46194_/A1
 _46194_/A2
 _46194_/B1
 _46194_/C1
 _46194_/D1
 _46194_/Y
 _46195_/A
 _46195_/B
 _46195_/C
 _46195_/D
 _46195_/X
 _46197_/A1
 _46197_/A2
 _46197_/B1
 _46197_/Y
 _46198_/A1
 _46198_/A2
 _46198_/B1
 _46198_/C1
 _46198_/D1
 _46198_/Y
 _46199_/A
 _46199_/B
 _46199_/C
 _46199_/Y
 _46200_/A
 _46200_/B
 _46200_/Y
 _46201_/A
 _46201_/B
 _46201_/C
 _46201_/Y
 _46202_/A
 _46202_/B
 _46202_/X
 _46203_/A1
 _46203_/A2
 _46203_/B1
 _46203_/Y
 _46204_/A
 _46204_/B
 _46204_/Y
 _46205_/A1
 _46205_/A2
 _46205_/B1
 _46205_/X
 _46206_/A
 _46206_/B
 _46206_/C
 _46206_/X
 _46207_/A
 _46207_/B
 _46207_/X
 _46208_/A1
 _46208_/A2
 _46208_/B1
 _46208_/X
 _46209_/A
 _46209_/B
 _46209_/C
 _46209_/X
 _46210_/A
 _46210_/B
 _46210_/C
 _46210_/Y
 _46211_/A1
 _46211_/A2
 _46211_/B1
 _46211_/Y
 _46212_/A1
 _46212_/A2
 _46212_/B1
 _46212_/B2
 _46212_/C1
 _46212_/X
 _46214_/A1
 _46214_/A2
 _46214_/B1_N
 _46214_/Y
 _46215_/A_N
 _46215_/B
 _46215_/C
 _46215_/X
 _46216_/A
 _46216_/B
 _46216_/X
 _46218_/A1
 _46218_/A2
 _46218_/B1
 _46218_/B2
 _46218_/Y
 _46219_/A
 _46219_/B
 _46219_/C
 _46219_/D
 _46219_/Y
 _46220_/A
 _46220_/Y
 _46221_/A1
 _46221_/A2
 _46221_/B1
 _46221_/Y
 _46222_/A
 _46222_/Y
 _46223_/A1
 _46223_/A2
 _46223_/B1
 _46223_/Y
 _46224_/A1
 _46224_/A2
 _46224_/B1
 _46224_/C1
 _46224_/Y
 _46225_/A1_N
 _46225_/A2_N
 _46225_/B1
 _46225_/B2
 _46225_/Y
 _46226_/A1
 _46226_/A2
 _46226_/B1
 _46226_/Y
 _46227_/A
 _46227_/B
 _46227_/Y
 _46228_/A
 _46228_/B
 _46228_/Y
 _46229_/A1
 _46229_/A2
 _46229_/B1
 _46229_/C1
 _46229_/Y
 _46231_/A
 _46231_/Y
 _46232_/A1
 _46232_/A2
 _46232_/B1
 _46232_/C1
 _46232_/X
 _46233_/A1
 _46233_/A2
 _46233_/B1
 _46233_/X
 _46234_/A1
 _46234_/A2
 _46234_/B1
 _46234_/Y
 _46235_/A1
 _46235_/A2
 _46235_/B1
 _46235_/C1
 _46235_/D1
 _46235_/X
 _46236_/A
 _46236_/B
 _46236_/C_N
 _46236_/Y
 _46237_/A1
 _46237_/A2
 _46237_/B1
 _46237_/Y
 _46238_/A1
 _46238_/A2
 _46238_/A3
 _46238_/B1
 _46238_/C1
 _46238_/Y
 _46239_/A
 _46239_/B
 _46239_/C
 _46239_/D
 _46239_/X
 _46240_/A
 _46240_/B
 _46240_/Y
 _46241_/A
 _46241_/B
 _46241_/Y
 _46242_/A
 _46242_/B
 _46242_/Y
 _46243_/A1
 _46243_/A2
 _46243_/B1
 _46243_/Y
 _46244_/A1
 _46244_/A2
 _46244_/B1
 _46244_/Y
 _46245_/A1
 _46245_/A2
 _46245_/A3
 _46245_/B1
 _46245_/Y
 _46246_/A
 _46246_/B
 _46246_/X
 _46247_/A
 _46247_/B
 _46247_/C
 _46247_/D
 _46247_/X
 _46248_/A1
 _46248_/A2
 _46248_/B1
 _46248_/Y
 _46249_/A
 _46249_/B
 _46249_/Y
 _46250_/A1
 _46250_/A2
 _46250_/B1
 _46250_/B2
 _46250_/Y
 _46251_/A1
 _46251_/A2
 _46251_/B1
 _46251_/C1
 _46251_/Y
 _46252_/A1
 _46252_/A2
 _46252_/B1
 _46252_/C1
 _46252_/Y
 _46253_/A
 _46253_/B
 _46253_/C
 _46253_/Y
 _46254_/A
 _46254_/B
 _46254_/C
 _46254_/Y
 _46255_/A1
 _46255_/A2
 _46255_/B1
 _46255_/X
 _46256_/A1
 _46256_/A2
 _46256_/B1
 _46256_/Y
 _46257_/A
 _46257_/B
 _46257_/X
 _46258_/A
 _46258_/B
 _46258_/C
 _46258_/Y
 _46259_/A
 _46259_/Y
 _46260_/A1
 _46260_/A2
 _46260_/A3
 _46260_/B1
 _46260_/X
 _46261_/A
 _46261_/B
 _46261_/Y
 _46262_/A
 _46262_/Y
 _46263_/A
 _46263_/B
 _46263_/Y
 _46264_/A
 _46264_/B
 _46264_/X
 _46267_/A
 _46267_/B
 _46267_/C
 _46267_/Y
 _46268_/A
 _46268_/B
 _46268_/C
 _46268_/D
 _46268_/Y
 _46269_/A
 _46269_/B
 _46269_/X
 _46270_/A1
 _46270_/A2
 _46270_/B1
 _46270_/Y
 _46271_/A
 _46271_/B
 _46271_/C
 _46271_/X
 _46272_/A1
 _46272_/A2
 _46272_/B1
 _46272_/C1
 _46272_/X
 _46273_/A
 _46273_/B
 _46273_/X
 _46274_/A1
 _46274_/A2
 _46274_/B1
 _46274_/X
 _46275_/A1
 _46275_/A2
 _46275_/B1
 _46275_/X
 _46276_/A1
 _46276_/A2
 _46276_/B1
 _46276_/Y
 _46277_/A
 _46277_/B
 _46277_/Y
 _46278_/A
 _46278_/B
 _46278_/X
 _46279_/A
 _46279_/Y
 _46280_/A
 _46280_/B
 _46280_/Y
 _46281_/A
 _46281_/B
 _46281_/Y
 _46282_/A1
 _46282_/A2
 _46282_/B1
 _46282_/C1
 _46282_/X
 _46283_/A
 _46283_/B
 _46283_/X
 _46284_/A1
 _46284_/A2
 _46284_/B1
 _46284_/X
 _46285_/A1
 _46285_/A2
 _46285_/B1
 _46285_/X
 _46286_/A
 _46286_/B
 _46286_/Y
 _46287_/A
 _46287_/B
 _46287_/X
 _46288_/A
 _46288_/B
 _46288_/Y
 _46289_/A
 _46289_/B
 _46289_/Y
 _46290_/A
 _46290_/B
 _46290_/C
 _46290_/Y
 _46291_/A
 _46291_/Y
 _46292_/A1
 _46292_/A2
 _46292_/B1
 _46292_/C1
 _46292_/Y
 _46293_/A
 _46293_/B
 _46293_/C
 _46293_/D
 _46293_/Y
 _46294_/A
 _46294_/B
 _46294_/Y
 _46295_/A
 _46295_/B
 _46295_/Y
 _46296_/A
 _46296_/B
 _46296_/Y
 _46297_/A1
 _46297_/A2
 _46297_/A3
 _46297_/B1
 _46297_/Y
 _46298_/A
 _46298_/Y
 _46300_/A
 _46300_/B
 _46300_/C
 _46300_/Y
 _46301_/A1
 _46301_/A2
 _46301_/B1
 _46301_/Y
 _46302_/A
 _46302_/B
 _46302_/Y
 _46303_/A
 _46303_/B
 _46303_/C
 _46303_/Y
 _46304_/A
 _46304_/B
 _46304_/Y
 _46306_/A
 _46306_/B
 _46306_/Y
 _46307_/A1
 _46307_/A2
 _46307_/B1_N
 _46307_/Y
 _46308_/A
 _46308_/B
 _46308_/Y
 _46309_/A
 _46309_/B
 _46309_/X
 _46310_/A
 _46310_/B
 _46310_/Y
 _46311_/A
 _46311_/B
 _46311_/Y
 _46312_/A1
 _46312_/A2
 _46312_/B1
 _46312_/X
 _46313_/A_N
 _46313_/B
 _46313_/C
 _46313_/Y
 _46314_/A_N
 _46314_/B
 _46314_/Y
 _46315_/A
 _46315_/B
 _46315_/C
 _46315_/Y
 _46316_/A
 _46316_/B
 _46316_/Y
 _46317_/A
 _46317_/B
 _46317_/Y
 _46318_/A1
 _46318_/A2
 _46318_/B1
 _46318_/C1
 _46318_/Y
 _46319_/A
 _46319_/B
 _46319_/C
 _46319_/D
 _46319_/X
 _46321_/A
 _46321_/B
 _46321_/C
 _46321_/X
 _46322_/A
 _46322_/Y
 _46323_/A
 _46323_/B_N
 _46323_/Y
 _46324_/A1
 _46324_/A2
 _46324_/B1
 _46324_/Y
 _46325_/A1
 _46325_/A2
 _46325_/A3
 _46325_/B1
 _46325_/Y
 _46326_/A
 _46326_/B
 _46326_/C
 _46326_/D
 _46326_/Y
 _46327_/A1
 _46327_/A2
 _46327_/B1
 _46327_/C1
 _46327_/X
 _46328_/A
 _46328_/Y
 _46329_/A1
 _46329_/A2
 _46329_/B1
 _46329_/Y
 _46330_/A
 _46330_/Y
 _46331_/A1
 _46331_/A2
 _46331_/B1
 _46331_/Y
 _46332_/A1
 _46332_/A2
 _46332_/A3
 _46332_/B1
 _46332_/Y
 _46333_/A
 _46333_/Y
 _46334_/A
 _46334_/B
 _46334_/Y
 _46335_/A1
 _46335_/A2
 _46335_/B1
 _46335_/Y
 _46336_/A1
 _46336_/A2
 _46336_/B1
 _46336_/Y
 _46337_/A
 _46337_/B
 _46337_/Y
 _46338_/A
 _46338_/B
 _46338_/Y
 _46339_/A1
 _46339_/A2
 _46339_/A3
 _46339_/B1
 _46339_/B2
 _46339_/Y
 _46340_/A1
 _46340_/A2
 _46340_/B1_N
 _46340_/Y
 _46341_/A
 _46341_/B
 _46341_/Y
 _46342_/A1
 _46342_/A2
 _46342_/B1
 _46342_/C1
 _46342_/Y
 _46343_/A1
 _46343_/A2
 _46343_/A3
 _46343_/B1
 _46343_/X
 _46344_/A1
 _46344_/A2
 _46344_/B1
 _46344_/X
 _46345_/A1
 _46345_/A2
 _46345_/B1
 _46345_/Y
 _46346_/A
 _46346_/B
 _46346_/Y
 _46347_/A
 _46347_/B
 _46347_/X
 _46348_/A
 _46348_/Y
 _46349_/A1
 _46349_/A2
 _46349_/B1
 _46349_/B2
 _46349_/C1
 _46349_/Y
 _46350_/A
 _46350_/B
 _46350_/Y
 _46351_/A
 _46351_/B
 _46351_/C
 _46351_/Y
 _46352_/A
 _46352_/B
 _46352_/Y
 _46353_/A
 _46353_/Y
 _46354_/A1
 _46354_/A2
 _46354_/A3
 _46354_/A4
 _46354_/B1
 _46354_/X
 _46356_/A
 _46356_/Y
 _46357_/A1
 _46357_/A2
 _46357_/B1
 _46357_/Y
 _46358_/A1
 _46358_/A2
 _46358_/B1_N
 _46358_/Y
 _46359_/A
 _46359_/B
 _46359_/X
 _46360_/A1
 _46360_/A2
 _46360_/B1
 _46360_/C1
 _46360_/Y
 _46361_/A
 _46361_/Y
 _46362_/A
 _46362_/B_N
 _46362_/Y
 _46363_/A1
 _46363_/A2
 _46363_/B1
 _46363_/X
 _46364_/A
 _46364_/B
 _46364_/C
 _46364_/Y
 _46365_/A
 _46365_/B
 _46365_/C_N
 _46365_/Y
 _46366_/A
 _46366_/Y
 _46367_/A
 _46367_/B_N
 _46367_/Y
 _46368_/A1
 _46368_/A2
 _46368_/B1
 _46368_/Y
 _46369_/A1
 _46369_/A2
 _46369_/B1_N
 _46369_/Y
 _46370_/A
 _46370_/Y
 _46371_/A1
 _46371_/A2
 _46371_/B1
 _46371_/C1
 _46371_/Y
 _46372_/A
 _46372_/B
 _46372_/Y
 _46373_/A
 _46373_/Y
 _46376_/A_N
 _46376_/B
 _46376_/Y
 _46377_/A1
 _46377_/A2
 _46377_/B1
 _46377_/X
 _46378_/A1
 _46378_/A2
 _46378_/B1
 _46378_/Y
 _46379_/A
 _46379_/Y
 _46380_/A_N
 _46380_/B
 _46380_/Y
 _46381_/A1
 _46381_/A2
 _46381_/B1
 _46381_/X
 _46382_/A
 _46382_/Y
 _46383_/A1
 _46383_/A2
 _46383_/B1
 _46383_/C1
 _46383_/Y
 _46384_/A
 _46384_/B
 _46384_/C
 _46384_/X
 _46385_/A1
 _46385_/A2
 _46385_/B1
 _46385_/Y
 _46386_/A1
 _46386_/A2
 _46386_/B1
 _46386_/C1
 _46386_/X
 _46387_/A1
 _46387_/A2
 _46387_/B1
 _46387_/Y
 _46388_/A
 _46388_/Y
 _46389_/A1
 _46389_/A2
 _46389_/B1
 _46389_/Y
 _46390_/A
 _46390_/B
 _46390_/C
 _46390_/Y
 _46391_/A
 _46391_/B
 _46391_/C
 _46391_/D
 _46391_/X
 _46392_/A
 _46392_/Y
 _46393_/A1
 _46393_/A2
 _46393_/B1_N
 _46393_/Y
 _46394_/A
 _46394_/B
 _46394_/Y
 _46395_/A
 _46395_/B
 _46395_/C
 _46395_/D
 _46395_/Y
 _46396_/A1
 _46396_/A2
 _46396_/B1
 _46396_/Y
 _46397_/A
 _46397_/B
 _46397_/Y
 _46398_/A
 _46398_/Y
 _46399_/A1
 _46399_/A2
 _46399_/B1
 _46399_/Y
 _46400_/A
 _46400_/B
 _46400_/Y
 _46401_/A
 _46401_/B
 _46401_/C
 _46401_/X
 _46402_/A
 _46402_/B_N
 _46402_/Y
 _46403_/A1
 _46403_/A2
 _46403_/B1
 _46403_/C1
 _46403_/X
 _46404_/A
 _46404_/B
 _46404_/Y
 _46405_/A
 _46405_/B
 _46405_/C
 _46405_/Y
 _46406_/A
 _46406_/Y
 _46407_/A_N
 _46407_/B
 _46407_/Y
 _46408_/A1
 _46408_/A2
 _46408_/B1
 _46408_/B2
 _46408_/C1
 _46408_/Y
 _46409_/A
 _46409_/B
 _46409_/C
 _46409_/Y
 _46410_/A
 _46410_/Y
 _46411_/A
 _46411_/B
 _46411_/Y
 _46412_/A
 _46412_/B
 _46412_/C
 _46412_/D
 _46412_/Y
 _46413_/A
 _46413_/B
 _46413_/C
 _46413_/Y
 _46414_/A_N
 _46414_/B
 _46414_/Y
 _46415_/A1
 _46415_/A2
 _46415_/B1
 _46415_/Y
 _46416_/A1
 _46416_/A2
 _46416_/A3
 _46416_/B1
 _46416_/C1
 _46416_/Y
 _46417_/A1
 _46417_/A2
 _46417_/A3
 _46417_/B1
 _46417_/C1
 _46417_/Y
 _46418_/A1
 _46418_/A2
 _46418_/B1
 _46418_/Y
 _46419_/A
 _46419_/B
 _46419_/Y
 _46420_/A
 _46420_/B
 _46420_/C
 _46420_/Y
 _46421_/A
 _46421_/B
 _46421_/C
 _46421_/Y
 _46422_/A
 _46422_/B
 _46422_/X
 _46423_/A1
 _46423_/A2
 _46423_/B1
 _46423_/C1
 _46423_/D1
 _46423_/Y
 _46424_/A1
 _46424_/A2
 _46424_/B1
 _46424_/Y
 _46425_/A
 _46425_/B
 _46425_/C
 _46425_/Y
 _46426_/A1
 _46426_/A2
 _46426_/B1
 _46426_/X
 _46427_/A1
 _46427_/A2
 _46427_/B1
 _46427_/Y
 _46428_/A
 _46428_/Y
 _46429_/A
 _46429_/B
 _46429_/C
 _46429_/Y
 _46430_/A1
 _46430_/A2
 _46430_/B1
 _46430_/B2
 _46430_/Y
 _46431_/A
 _46431_/B
 _46431_/Y
 _46432_/A
 _46432_/B
 _46432_/Y
 _46433_/A1
 _46433_/A2
 _46433_/B1
 _46433_/X
 _46434_/A1
 _46434_/A2
 _46434_/B1
 _46434_/X
 _46435_/A
 _46435_/Y
 _46436_/A1
 _46436_/A2
 _46436_/B1
 _46436_/C1
 _46436_/D1
 _46436_/Y
 _46437_/A
 _46437_/Y
 _46438_/A1
 _46438_/A2
 _46438_/B1
 _46438_/Y
 _46439_/A1
 _46439_/A2
 _46439_/B1
 _46439_/X
 _46440_/A1
 _46440_/A2
 _46440_/A3
 _46440_/B1
 _46440_/Y
 _46441_/A1
 _46441_/A2
 _46441_/A3
 _46441_/B1
 _46441_/C1
 _46441_/X
 _46442_/A
 _46442_/Y
 _46443_/A
 _46443_/B
 _46443_/Y
 _46444_/A
 _46444_/B
 _46444_/Y
 _46445_/A
 _46445_/Y
 _46446_/A1
 _46446_/A2
 _46446_/B1
 _46446_/Y
 _46447_/A1
 _46447_/A2
 _46447_/B1
 _46447_/Y
 _46448_/A0
 _46448_/A1
 _46448_/S
 _46448_/Y
 _46449_/A
 _46449_/B
 _46449_/Y
 _46450_/A1
 _46450_/A2
 _46450_/B1
 _46450_/C1
 _46450_/D1
 _46450_/X
 _46451_/A1
 _46451_/A2
 _46451_/B1
 _46451_/Y
 _46452_/A
 _46452_/B
 _46452_/C
 _46452_/Y
 _46453_/A1
 _46453_/A2
 _46453_/B1
 _46453_/X
 _46454_/A1
 _46454_/A2
 _46454_/B1
 _46454_/C1
 _46454_/D1
 _46454_/Y
 _46455_/A1
 _46455_/A2
 _46455_/B1
 _46455_/X
 _46456_/A
 _46456_/B
 _46456_/C
 _46456_/Y
 _46457_/A
 _46457_/B
 _46457_/C
 _46457_/D
 _46457_/Y
 _46458_/A
 _46458_/B
 _46458_/C
 _46458_/D
 _46458_/Y
 _46459_/A
 _46459_/B
 _46459_/Y
 _46460_/A
 _46460_/B
 _46460_/Y
 _46461_/A
 _46461_/B
 _46461_/Y
 _46462_/A
 _46462_/Y
 _46463_/A
 _46463_/B
 _46463_/Y
 _46464_/A
 _46464_/B
 _46464_/Y
 _46465_/A
 _46465_/B
 _46465_/Y
 _46466_/A1
 _46466_/A2
 _46466_/B1
 _46466_/B2
 _46466_/C1
 _46466_/X
 _46467_/A1
 _46467_/A2
 _46467_/B1
 _46467_/Y
 _46468_/A1
 _46468_/A2
 _46468_/A3
 _46468_/B1
 _46468_/Y
 _46469_/A
 _46469_/B
 _46469_/C
 _46469_/Y
 _46470_/A
 _46470_/B
 _46470_/X
 _46471_/A
 _46471_/B
 _46471_/C
 _46471_/Y
 _46472_/A
 _46472_/Y
 _46473_/A1
 _46473_/A2
 _46473_/B1
 _46473_/Y
 _46474_/A
 _46474_/B
 _46474_/Y
 _46475_/A1
 _46475_/A2
 _46475_/B1
 _46475_/Y
 _46476_/A1
 _46476_/A2
 _46476_/B1
 _46476_/Y
 _46477_/A
 _46477_/B
 _46477_/Y
 _46478_/A1
 _46478_/A2
 _46478_/B1
 _46478_/Y
 _46479_/A1
 _46479_/A2
 _46479_/B1
 _46479_/C1
 _46479_/Y
 _46480_/A
 _46480_/Y
 _46481_/A
 _46481_/Y
 _46482_/A_N
 _46482_/B
 _46482_/Y
 _46483_/A
 _46483_/B
 _46483_/Y
 _46484_/A
 _46484_/B
 _46484_/C
 _46484_/Y
 _46485_/A
 _46485_/B
 _46485_/C
 _46485_/X
 _46486_/A
 _46486_/B
 _46486_/C
 _46486_/D
 _46486_/Y
 _46487_/A
 _46487_/B
 _46487_/Y
 _46488_/A
 _46488_/B
 _46488_/Y
 _46489_/A
 _46489_/B
 _46489_/C
 _46489_/D
 _46489_/Y
 _46490_/A
 _46490_/B
 _46490_/Y
 _46491_/A_N
 _46491_/B
 _46491_/Y
 _46492_/A
 _46492_/Y
 _46493_/A1
 _46493_/A2
 _46493_/B1
 _46493_/Y
 _46494_/A1
 _46494_/A2
 _46494_/B1
 _46494_/X
 _46495_/A
 _46495_/B
 _46495_/C
 _46495_/D
 _46495_/Y
 _46496_/A1
 _46496_/A2
 _46496_/B1
 _46496_/Y
 _46497_/A
 _46497_/B
 _46497_/Y
 _46498_/A1
 _46498_/A2
 _46498_/B1
 _46498_/B2
 _46498_/Y
 _46499_/A1
 _46499_/A2
 _46499_/A3
 _46499_/B1
 _46499_/C1
 _46499_/Y
 _46500_/A
 _46500_/B
 _46500_/X
 _46501_/A
 _46501_/B
 _46501_/Y
 _46502_/A
 _46502_/B
 _46502_/C
 _46502_/Y
 _46503_/A
 _46503_/B
 _46503_/C
 _46503_/D_N
 _46503_/X
 _46504_/A1
 _46504_/A2
 _46504_/A3
 _46504_/B1
 _46504_/X
 _46505_/A1
 _46505_/A2
 _46505_/B1_N
 _46505_/Y
 _46506_/A
 _46506_/B
 _46506_/Y
 _46507_/A
 _46507_/B
 _46507_/Y
 _46508_/A
 _46508_/Y
 _46509_/A1
 _46509_/A2
 _46509_/B1
 _46509_/Y
 _46510_/A1_N
 _46510_/A2_N
 _46510_/B1
 _46510_/B2
 _46510_/Y
 _46511_/A
 _46511_/B
 _46511_/Y
 _46512_/A
 _46512_/B
 _46512_/Y
 _46513_/A_N
 _46513_/B_N
 _46513_/C
 _46513_/D
 _46513_/X
 _46514_/A
 _46514_/B
 _46514_/X
 _46515_/A
 _46515_/B
 _46515_/C
 _46515_/D
 _46515_/Y
 _46516_/A1
 _46516_/A2
 _46516_/B1
 _46516_/Y
 _46517_/A
 _46517_/Y
 _46518_/A
 _46518_/B
 _46518_/Y
 _46519_/A
 _46519_/B
 _46519_/C
 _46519_/X
 _46520_/A1
 _46520_/A2
 _46520_/B1
 _46520_/C1
 _46520_/X
 _46521_/A
 _46521_/B
 _46521_/C
 _46521_/D
 _46521_/Y
 _46522_/A
 _46522_/B
 _46522_/C
 _46522_/X
 _46523_/A
 _46523_/Y
 _46524_/A
 _46524_/B
 _46524_/Y
 _46525_/A
 _46525_/B
 _46525_/C
 _46525_/Y
 _46526_/A
 _46526_/B
 _46526_/Y
 _46527_/A
 _46527_/B
 _46527_/Y
 _46528_/A
 _46528_/B
 _46528_/Y
 _46529_/A1
 _46529_/A2
 _46529_/B1
 _46529_/Y
 _46530_/A1
 _46530_/A2
 _46530_/A3
 _46530_/B1
 _46530_/Y
 _46531_/A
 _46531_/B
 _46531_/C
 _46531_/D
 _46531_/Y
 _46532_/A
 _46532_/B
 _46532_/Y
 _46533_/A
 _46533_/B
 _46533_/Y
 _46534_/A
 _46534_/B
 _46534_/Y
 _46535_/A
 _46535_/B
 _46535_/C
 _46535_/Y
 _46536_/A1
 _46536_/A2
 _46536_/A3
 _46536_/B1
 _46536_/Y
 _46537_/A
 _46537_/B
 _46537_/C
 _46537_/D
 _46537_/Y
 _46538_/A
 _46538_/B
 _46538_/Y
 _46539_/A
 _46539_/B
 _46539_/X
 _46540_/A
 _46540_/B
 _46540_/Y
 _46541_/A
 _46541_/B
 _46541_/X
 _46542_/A
 _46542_/B
 _46542_/Y
 _46543_/A
 _46543_/B
 _46543_/Y
 _46544_/A1
 _46544_/A2
 _46544_/B1
 _46544_/Y
 _46545_/A1
 _46545_/A2
 _46545_/A3
 _46545_/B1
 _46545_/Y
 _46547_/A
 _46547_/B
 _46547_/C
 _46547_/Y
 _46548_/A
 _46548_/B
 _46548_/C
 _46548_/X
 _46549_/A
 _46549_/B
 _46549_/C
 _46549_/Y
 _46550_/A
 _46550_/B
 _46550_/Y
 _46551_/A
 _46551_/B
 _46551_/Y
 _46552_/A
 _46552_/B
 _46552_/Y
 _46553_/A
 _46553_/B
 _46553_/Y
 _46554_/A
 _46554_/B
 _46554_/Y
 _46555_/A
 _46555_/B
 _46555_/Y
 _46556_/A1
 _46556_/A2
 _46556_/B1
 _46556_/Y
 _46557_/A
 _46557_/B
 _46557_/C
 _46557_/Y
 _46558_/A1
 _46558_/A2
 _46558_/B1
 _46558_/Y
 _46559_/A
 _46559_/B
 _46559_/C
 _46559_/Y
 _46560_/A
 _46560_/B
 _46560_/C
 _46560_/X
 _46561_/A
 _46561_/B
 _46561_/C
 _46561_/Y
 _46562_/A
 _46562_/B
 _46562_/C
 _46562_/D
 _46562_/Y
 _46563_/A1
 _46563_/A2
 _46563_/B1
 _46563_/C1
 _46563_/D1
 _46563_/Y
 _46564_/A
 _46564_/B
 _46564_/Y
 _46565_/A
 _46565_/B
 _46565_/Y
 _46566_/A
 _46566_/B
 _46566_/C
 _46566_/D
 _46566_/Y
 _46567_/A1
 _46567_/A2
 _46567_/A3
 _46567_/A4
 _46567_/B1
 _46567_/Y
 _46568_/A
 _46568_/B
 _46568_/C
 _46568_/Y
 _46569_/A
 _46569_/B
 _46569_/C
 _46569_/Y
 _46570_/A1
 _46570_/A2
 _46570_/A3
 _46570_/B1
 _46570_/Y
 _46571_/A
 _46571_/B
 _46571_/Y
 _46572_/A
 _46572_/B
 _46572_/Y
 _46573_/A
 _46573_/B
 _46573_/Y
 _46574_/A
 _46574_/B
 _46574_/Y
 _46575_/A
 _46575_/B
 _46575_/Y
 _46576_/A
 _46576_/B
 _46576_/Y
 _46577_/A1
 _46577_/A2
 _46577_/B1
 _46577_/C1
 _46577_/D1
 _46577_/Y
 _46578_/A
 _46578_/B
 _46578_/C
 _46578_/Y
 _46579_/A
 _46579_/B
 _46579_/X
 _46580_/A1
 _46580_/A2
 _46580_/A3
 _46580_/B1
 _46580_/C1
 _46580_/Y
 _46581_/A1
 _46581_/A2
 _46581_/B1
 _46581_/C1
 _46581_/Y
 _46582_/A
 _46582_/B
 _46582_/Y
 _46583_/A
 _46583_/B
 _46583_/C
 _46583_/D
 _46583_/Y
 _46584_/A
 _46584_/B
 _46584_/C
 _46584_/D
 _46584_/Y
 _46585_/A
 _46585_/B
 _46585_/C
 _46585_/D
 _46585_/Y
 _46586_/A0
 _46586_/A1
 _46586_/S
 _46586_/Y
 _46587_/A
 _46587_/B
 _46587_/C
 _46587_/Y
 _46588_/A
 _46588_/B
 _46588_/Y
 _46589_/A
 _46589_/B
 _46589_/Y
 _46590_/A
 _46590_/B
 _46590_/Y
 _46591_/A
 _46591_/B
 _46591_/C
 _46591_/Y
 _46592_/A
 _46592_/B
 _46592_/Y
 _46593_/A
 _46593_/B
 _46593_/C
 _46593_/Y
 _46594_/A
 _46594_/B
 _46594_/C
 _46594_/X
 _46595_/A
 _46595_/Y
 _46596_/A
 _46596_/B
 _46596_/X
 _46598_/A
 _46598_/B
 _46598_/Y
 _46599_/A
 _46599_/B
 _46599_/Y
 _46600_/A1
 _46600_/A2
 _46600_/B1
 _46600_/X
 _46601_/A1
 _46601_/A2
 _46601_/B1
 _46601_/C1
 _46601_/X
 _46602_/A
 _46602_/B
 _46602_/C
 _46602_/D
 _46602_/Y
 _46603_/A
 _46603_/B
 _46603_/C
 _46603_/Y
 _46604_/A1
 _46604_/A2
 _46604_/B1
 _46604_/Y
 _46605_/A
 _46605_/B
 _46605_/Y
 _46606_/A1
 _46606_/A2
 _46606_/B1
 _46606_/X
 _46607_/A
 _46607_/B
 _46607_/Y
 _46608_/A
 _46608_/B
 _46608_/Y
 _46609_/A
 _46609_/B
 _46609_/Y
 _46610_/A1
 _46610_/A2
 _46610_/B1
 _46610_/Y
 _46611_/A
 _46611_/B
 _46611_/Y
 _46612_/A1
 _46612_/A2
 _46612_/B1
 _46612_/C1
 _46612_/X
 _46613_/A
 _46613_/B
 _46613_/Y
 _46614_/A
 _46614_/B_N
 _46614_/Y
 _46615_/A1
 _46615_/A2
 _46615_/B1_N
 _46615_/Y
 _46616_/A1
 _46616_/A2
 _46616_/B1
 _46616_/B2
 _46616_/Y
 _46617_/A1
 _46617_/A2
 _46617_/B1
 _46617_/B2
 _46617_/C1
 _46617_/Y
 _46618_/A1
 _46618_/A2
 _46618_/B1
 _46618_/Y
 _46619_/A
 _46619_/B
 _46619_/C
 _46619_/Y
 _46620_/A
 _46620_/B
 _46620_/Y
 _46621_/A1
 _46621_/A2
 _46621_/B1
 _46621_/B2
 _46621_/C1
 _46621_/Y
 _46622_/A
 _46622_/B
 _46622_/X
 _46623_/A
 _46623_/B
 _46623_/Y
 _46624_/A1
 _46624_/A2
 _46624_/B1
 _46624_/C1
 _46624_/D1
 _46624_/X
 _46625_/A
 _46625_/B
 _46625_/C
 _46625_/Y
 _46626_/A
 _46626_/Y
 _46628_/A
 _46628_/B
 _46628_/C
 _46628_/D
 _46628_/X
 _46629_/A
 _46629_/B
 _46629_/Y
 _46630_/A
 _46630_/B
 _46630_/C
 _46630_/Y
 _46631_/A
 _46631_/B
 _46631_/X
 _46633_/A
 _46633_/B
 _46633_/C
 _46633_/X
 _46635_/A
 _46635_/B
 _46635_/C
 _46635_/D
 _46635_/X
 _46637_/A1
 _46637_/A2
 _46637_/B1
 _46637_/C1
 _46637_/Y
 _46638_/A1
 _46638_/A2
 _46638_/A3
 _46638_/B1
 _46638_/Y
 _46642_/A1
 _46642_/A2
 _46642_/B1
 _46642_/Y
 _46643_/A1
 _46643_/A2
 _46643_/A3
 _46643_/A4
 _46643_/B1
 _46643_/X
 _46644_/A
 _46644_/B
 _46644_/Y
 _46645_/A
 _46645_/B
 _46645_/C
 _46645_/D
 _46645_/Y
 _46646_/A1
 _46646_/A2
 _46646_/B1
 _46646_/Y
 _46647_/A
 _46647_/B
 _46647_/Y
 _46648_/A
 _46648_/B
 _46648_/X
 _46649_/A
 _46649_/Y
 _46650_/A
 _46650_/B
 _46650_/Y
 _46651_/A
 _46651_/B
 _46651_/C
 _46651_/Y
 _46652_/A
 _46652_/B
 _46652_/Y
 _46653_/A
 _46653_/B
 _46653_/Y
 _46654_/A1
 _46654_/A2
 _46654_/B1_N
 _46654_/Y
 _46655_/A1
 _46655_/A2
 _46655_/B1
 _46655_/Y
 _46657_/A
 _46657_/B
 _46657_/Y
 _46658_/A
 _46658_/B
 _46658_/Y
 _46660_/A
 _46660_/B
 _46660_/Y
 _46661_/A
 _46661_/B
 _46661_/C
 _46661_/X
 _46662_/A
 _46662_/B
 _46662_/Y
 _46663_/A
 _46663_/B
 _46663_/Y
 _46665_/A
 _46665_/B
 _46665_/C
 _46665_/X
 _46668_/A
 _46668_/B
 _46668_/Y
 _46669_/A
 _46669_/B
 _46669_/Y
 _46672_/A
 _46672_/B
 _46672_/C
 _46672_/D
 _46672_/X
 _46673_/A1
 _46673_/A2
 _46673_/B1
 _46673_/Y
 _46674_/A
 _46674_/B
 _46674_/C
 _46674_/D
 _46674_/X
 _46675_/A1
 _46675_/A2
 _46675_/B1
 _46675_/X
 _46676_/A
 _46676_/B
 _46676_/C
 _46676_/Y
 _46680_/A
 _46680_/B
 _46680_/Y
 _46681_/A1
 _46681_/A2
 _46681_/B1
 _46681_/Y
 _46682_/A
 _46682_/B
 _46682_/Y
 _46683_/A1
 _46683_/A2
 _46683_/B1
 _46683_/Y
 _46687_/A
 _46687_/B
 _46687_/Y
 _46688_/A1
 _46688_/A2
 _46688_/B1
 _46688_/Y
 _46689_/A
 _46689_/B
 _46689_/C
 _46689_/Y
 _46690_/A1
 _46690_/A2
 _46690_/B1
 _46690_/B2
 _46690_/C1
 _46690_/Y
 _46691_/A1
 _46691_/A2
 _46691_/B1
 _46691_/B2
 _46691_/C1
 _46691_/X
 _46694_/A1
 _46694_/A2
 _46694_/B1
 _46694_/C1
 _46694_/X
 _46696_/A
 _46696_/B
 _46696_/Y
 _46697_/A1
 _46697_/A2
 _46697_/B1
 _46697_/Y
 _46698_/A
 _46698_/B
 _46698_/Y
 _46699_/A
 _46699_/B
 _46699_/C
 _46699_/X
 _46701_/A
 _46701_/B
 _46701_/Y
 _46702_/A1
 _46702_/A2
 _46702_/B1
 _46702_/Y
 _46703_/A1
 _46703_/A2
 _46703_/B1
 _46703_/Y
 _46704_/A
 _46704_/B
 _46704_/Y
 _46705_/A
 _46705_/B
 _46705_/Y
 _46706_/A
 _46706_/B
 _46706_/X
 _46708_/A
 _46708_/B
 _46708_/Y
 _46709_/A1
 _46709_/A2
 _46709_/B1
 _46709_/B2
 _46709_/Y
 _46710_/A
 _46710_/B
 _46710_/C
 _46710_/D
 _46710_/Y
 _46711_/A
 _46711_/B
 _46711_/C
 _46711_/D_N
 _46711_/Y
 _46712_/A
 _46712_/B_N
 _46712_/Y
 _46713_/A
 _46713_/B
 _46713_/C
 _46713_/Y
 _46714_/A
 _46714_/B
 _46714_/C
 _46714_/Y
 _46715_/A_N
 _46715_/B
 _46715_/C
 _46715_/D
 _46715_/X
 _46716_/A
 _46716_/B
 _46716_/C
 _46716_/D
 _46716_/Y
 _46718_/A
 _46718_/B
 _46718_/Y
 _46719_/A1
 _46719_/A2
 _46719_/A3
 _46719_/B1
 _46719_/Y
 _46720_/A
 _46720_/B
 _46720_/Y
 _46721_/A1
 _46721_/A2
 _46721_/B1
 _46721_/Y
 _46724_/A
 _46724_/B
 _46724_/C
 _46724_/Y
 _46725_/A
 _46725_/Y
 _46726_/A1
 _46726_/A2
 _46726_/A3
 _46726_/B1
 _46726_/B2
 _46726_/Y
 _46727_/A1
 _46727_/A2
 _46727_/B1
 _46727_/Y
 _46730_/A1
 _46730_/A2
 _46730_/B1
 _46730_/Y
 _46732_/A
 _46732_/B
 _46732_/Y
 _46733_/A1
 _46733_/A2
 _46733_/B1
 _46733_/Y
 _46734_/A
 _46734_/B
 _46734_/Y
 _46735_/A
 _46735_/B
 _46735_/C
 _46735_/D
 _46735_/Y
 _46736_/A1
 _46736_/A2
 _46736_/B1
 _46736_/B2
 _46736_/Y
 _46737_/A
 _46737_/B
 _46737_/C
 _46737_/X
 _46740_/A1
 _46740_/A2
 _46740_/B1
 _46740_/Y
 _46741_/A
 _46741_/B
 _46741_/Y
 _46742_/A
 _46742_/B
 _46742_/X
 _46744_/A
 _46744_/B
 _46744_/Y
 _46745_/A0
 _46745_/A1
 _46745_/S
 _46745_/Y
 _46746_/A1
 _46746_/A2
 _46746_/B1
 _46746_/X
 _46749_/A1
 _46749_/A2
 _46749_/A3
 _46749_/B1
 _46749_/Y
 _46750_/A1
 _46750_/A2
 _46750_/B1
 _46750_/Y
 _46751_/A
 _46751_/B
 _46751_/Y
 _46752_/A
 _46752_/B
 _46752_/C
 _46752_/Y
 _46753_/A1
 _46753_/A2
 _46753_/B1
 _46753_/Y
 _46754_/A0
 _46754_/A1
 _46754_/S
 _46754_/Y
 _46755_/A
 _46755_/B
 _46755_/C
 _46755_/Y
 _46756_/A
 _46756_/B
 _46756_/Y
 _46759_/A
 _46759_/B
 _46759_/Y
 _46760_/A1
 _46760_/A2
 _46760_/A3
 _46760_/B1
 _46760_/Y
 _46762_/A1
 _46762_/A2
 _46762_/B1
 _46762_/C1
 _46762_/Y
 _46764_/A1
 _46764_/A2
 _46764_/B1
 _46764_/Y
 _46765_/A
 _46765_/B
 _46765_/C
 _46765_/Y
 _46767_/A1
 _46767_/A2
 _46767_/B1
 _46767_/Y
 _46768_/A1
 _46768_/A2
 _46768_/B1
 _46768_/Y
 _46770_/A
 _46770_/B
 _46770_/C
 _46770_/D
 _46770_/Y
 _46771_/A1
 _46771_/A2
 _46771_/B1
 _46771_/X
 _46772_/A
 _46772_/B
 _46772_/C
 _46772_/Y
 _46774_/A
 _46774_/B
 _46774_/C
 _46774_/Y
 _46775_/A1
 _46775_/A2
 _46775_/B1
 _46775_/Y
 _46777_/A
 _46777_/B
 _46777_/Y
 _46778_/A
 _46778_/B
 _46778_/C
 _46778_/Y
 _46779_/A1
 _46779_/A2
 _46779_/B1
 _46779_/C1
 _46779_/Y
 _46780_/A
 _46780_/B
 _46780_/C
 _46780_/D
 _46780_/Y
 _46781_/A1
 _46781_/A2
 _46781_/B1
 _46781_/X
 _46782_/A
 _46782_/B
 _46782_/Y
 _46783_/A1
 _46783_/A2
 _46783_/B1
 _46783_/C1
 _46783_/Y
 _46784_/A0
 _46784_/A1
 _46784_/S
 _46784_/Y
 _46785_/A
 _46785_/B
 _46785_/Y
 _46786_/A1
 _46786_/A2
 _46786_/B1
 _46786_/Y
 _46787_/A
 _46787_/B
 _46787_/Y
 _46788_/A1
 _46788_/A2
 _46788_/B1
 _46788_/Y
 _46789_/A0
 _46789_/A1
 _46789_/S
 _46789_/Y
 _46790_/A
 _46790_/B
 _46790_/C
 _46790_/Y
 _46791_/A1
 _46791_/A2
 _46791_/A3
 _46791_/B1
 _46791_/Y
 _46792_/A
 _46792_/B
 _46792_/Y
 _46793_/A
 _46793_/B
 _46793_/Y
 _46794_/A
 _46794_/B
 _46794_/C
 _46794_/D
 _46794_/Y
 _46795_/A
 _46795_/B
 _46795_/Y
 _46796_/A1
 _46796_/A2
 _46796_/A3
 _46796_/B1
 _46796_/B2
 _46796_/Y
 _46797_/A
 _46797_/B
 _46797_/Y
 _46798_/A1
 _46798_/A2
 _46798_/B1
 _46798_/Y
 _46799_/A0
 _46799_/A1
 _46799_/S
 _46799_/Y
 _46800_/A
 _46800_/B
 _46800_/C
 _46800_/Y
 _46802_/A
 _46802_/B
 _46802_/C
 _46802_/Y
 _46803_/A1
 _46803_/A2
 _46803_/B1
 _46803_/Y
 _46806_/A1
 _46806_/A2
 _46806_/B1
 _46806_/C1
 _46806_/Y
 _46807_/A1
 _46807_/A2
 _46807_/B1
 _46807_/C1
 _46807_/Y
 _46808_/A
 _46808_/B
 _46808_/C
 _46808_/X
 _46809_/A1
 _46809_/A2
 _46809_/B1
 _46809_/Y
 _46810_/A1
 _46810_/A2
 _46810_/B1
 _46810_/C1
 _46810_/Y
 _46811_/A
 _46811_/Y
 _46813_/A
 _46813_/B
 _46813_/C
 _46813_/D
 _46813_/X
 _46815_/A1
 _46815_/A2
 _46815_/B1
 _46815_/B2
 _46815_/Y
 _46816_/A
 _46816_/B
 _46816_/Y
 _46817_/A1
 _46817_/A2
 _46817_/B1
 _46817_/Y
 _46818_/A
 _46818_/B
 _46818_/Y
 _46819_/A
 _46819_/B
 _46819_/Y
 _46820_/A1
 _46820_/A2
 _46820_/B1
 _46820_/Y
 _46821_/A1
 _46821_/A2
 _46821_/A3
 _46821_/B1
 _46821_/Y
 _46822_/A1
 _46822_/A2
 _46822_/A3
 _46822_/B1
 _46822_/Y
 _46823_/A1
 _46823_/A2
 _46823_/B1
 _46823_/Y
 _46826_/A1
 _46826_/A2
 _46826_/B1
 _46826_/Y
 _46827_/A1
 _46827_/A2
 _46827_/B1
 _46827_/Y
 _46828_/A
 _46828_/B
 _46828_/Y
 _46829_/A
 _46829_/B
 _46829_/Y
 _46830_/A
 _46830_/B
 _46830_/Y
 _46832_/A1
 _46832_/A2
 _46832_/B1
 _46832_/C1
 _46832_/Y
 _46834_/A1
 _46834_/A2
 _46834_/B1
 _46834_/C1
 _46834_/Y
 _46835_/A
 _46835_/B
 _46835_/C
 _46835_/X
 _46836_/A1
 _46836_/A2
 _46836_/A3
 _46836_/B1
 _46836_/Y
 _46837_/A
 _46837_/B
 _46837_/C
 _46837_/Y
 _46838_/A1
 _46838_/A2
 _46838_/A3
 _46838_/B1
 _46838_/C1
 _46838_/Y
 _46839_/A
 _46839_/B
 _46839_/Y
 _46840_/A1
 _46840_/A2
 _46840_/B1
 _46840_/Y
 _46841_/A
 _46841_/B
 _46841_/Y
 _46842_/A1
 _46842_/A2
 _46842_/B1
 _46842_/Y
 _46843_/A
 _46843_/Y
 _46844_/A0
 _46844_/A1
 _46844_/S
 _46844_/Y
 _46845_/A0
 _46845_/A1
 _46845_/S
 _46845_/Y
 _46846_/A1
 _46846_/A2
 _46846_/B1
 _46846_/B2
 _46846_/Y
 _46847_/A
 _46847_/B
 _46847_/Y
 _46848_/A1
 _46848_/A2
 _46848_/B1
 _46848_/Y
 _46849_/A1
 _46849_/A2
 _46849_/B1
 _46849_/Y
 _46850_/A0
 _46850_/A1
 _46850_/S
 _46850_/Y
 _46851_/A1
 _46851_/A2
 _46851_/B1
 _46851_/C1
 _46851_/Y
 _46852_/A1
 _46852_/A2
 _46852_/B1
 _46852_/Y
 _46853_/A
 _46853_/B
 _46853_/C
 _46853_/D
 _46853_/Y
 _46854_/A1
 _46854_/A2
 _46854_/B1_N
 _46854_/X
 _46855_/A1
 _46855_/A2
 _46855_/B1
 _46855_/Y
 _46856_/A
 _46856_/B
 _46856_/C
 _46856_/Y
 _46857_/A
 _46857_/B
 _46857_/C
 _46857_/Y
 _46858_/A1
 _46858_/A2
 _46858_/A3
 _46858_/B1
 _46858_/C1
 _46858_/X
 _46859_/A
 _46859_/B
 _46859_/Y
 _46860_/A
 _46860_/B
 _46860_/Y
 _46861_/A1
 _46861_/A2
 _46861_/B1
 _46861_/Y
 _46862_/A1
 _46862_/A2
 _46862_/A3
 _46862_/B1
 _46862_/X
 _46863_/A1
 _46863_/A2
 _46863_/B1
 _46863_/C1
 _46863_/X
 _46865_/A
 _46865_/B
 _46865_/Y
 _46866_/A
 _46866_/B
 _46866_/Y
 _46868_/A
 _46868_/B
 _46868_/Y
 _46869_/A1
 _46869_/A2
 _46869_/B1
 _46869_/Y
 _46870_/A
 _46870_/B
 _46870_/Y
 _46871_/A
 _46871_/B
 _46871_/Y
 _46872_/A1
 _46872_/A2
 _46872_/B1
 _46872_/Y
 _46873_/A1
 _46873_/A2
 _46873_/B1
 _46873_/X
 _46874_/A0
 _46874_/A1
 _46874_/S
 _46874_/Y
 _46875_/A0
 _46875_/A1
 _46875_/S
 _46875_/Y
 _46876_/A0
 _46876_/A1
 _46876_/S
 _46876_/Y
 _46877_/A
 _46877_/B
 _46877_/Y
 _46878_/A1
 _46878_/A2
 _46878_/B1
 _46878_/Y
 _46879_/A
 _46879_/B
 _46879_/Y
 _46880_/A1
 _46880_/A2
 _46880_/A3
 _46880_/B1
 _46880_/C1
 _46880_/X
 _46881_/A
 _46881_/B
 _46881_/Y
 _46882_/A
 _46882_/B
 _46882_/Y
 _46883_/A
 _46883_/B
 _46883_/Y
 _46884_/A
 _46884_/B
 _46884_/Y
 _46885_/A1
 _46885_/A2
 _46885_/B1
 _46885_/Y
 _46887_/A1
 _46887_/A2
 _46887_/B1
 _46887_/C1
 _46887_/D1
 _46887_/Y
 _46888_/A
 _46888_/B
 _46888_/C
 _46888_/D
 _46888_/Y
 _46889_/A1
 _46889_/A2
 _46889_/B1
 _46889_/X
 _46890_/A
 _46890_/B
 _46890_/C
 _46890_/Y
 _46891_/A0
 _46891_/A1
 _46891_/S
 _46891_/Y
 _46892_/A
 _46892_/B
 _46892_/C
 _46892_/Y
 _46893_/A
 _46893_/B
 _46893_/C
 _46893_/D
 _46893_/Y
 _46894_/A1
 _46894_/A2
 _46894_/B1
 _46894_/Y
 _46896_/A1
 _46896_/A2
 _46896_/B1
 _46896_/C1
 _46896_/Y
 _46902_/A
 _46902_/B_N
 _46902_/Y
 _46904_/A1
 _46904_/A2
 _46904_/A3
 _46904_/B1
 _46904_/B2
 _46904_/Y
 _46905_/A
 _46905_/B
 _46905_/Y
 _46906_/A
 _46906_/B
 _46906_/C
 _46906_/D
 _46906_/X
 _46907_/A
 _46907_/B
 _46907_/C
 _46907_/D
 _46907_/X
 _46908_/A
 _46908_/B
 _46908_/C
 _46908_/D
 _46908_/Y
 _46909_/A
 _46909_/B
 _46909_/Y
 _46910_/A
 _46910_/B
 _46910_/Y
 _46911_/A
 _46911_/B
 _46911_/Y
 _46912_/A
 _46912_/B
 _46912_/C
 _46912_/Y
 _46913_/A
 _46913_/B
 _46913_/Y
 _46914_/A
 _46914_/B_N
 _46914_/Y
 _46915_/A
 _46915_/B
 _46915_/C
 _46915_/Y
 _46916_/A1
 _46916_/A2
 _46916_/B1
 _46916_/Y
 _46917_/A0
 _46917_/A1
 _46917_/S
 _46917_/X
 _46919_/A
 _46919_/Y
 _46920_/A
 _46920_/B
 _46920_/Y
 _46921_/A1
 _46921_/A2
 _46921_/A3
 _46921_/B1
 _46921_/B2
 _46921_/Y
 _46922_/A
 _46922_/B
 _46922_/Y
 _46923_/A
 _46923_/B
 _46923_/X
 _46924_/A0
 _46924_/A1
 _46924_/S
 _46924_/Y
 _46925_/A
 _46925_/B
 _46925_/Y
 _46926_/A
 _46926_/B
 _46926_/Y
 _46927_/A
 _46927_/B
 _46927_/Y
 _46928_/A
 _46928_/Y
 _46929_/A
 _46929_/B
 _46929_/Y
 _46930_/A1
 _46930_/A2
 _46930_/B1
 _46930_/B2
 _46930_/Y
 _46931_/A0
 _46931_/A1
 _46931_/S
 _46931_/X
 _46932_/A0
 _46932_/A1
 _46932_/S
 _46932_/Y
 _46933_/A0
 _46933_/A1
 _46933_/S
 _46933_/Y
 _46934_/A
 _46934_/B
 _46934_/Y
 _46935_/A
 _46935_/B
 _46935_/Y
 _46936_/A
 _46936_/B
 _46936_/Y
 _46937_/A1
 _46937_/A2
 _46937_/B1
 _46937_/Y
 _46938_/A
 _46938_/B
 _46938_/Y
 _46939_/A
 _46939_/B
 _46939_/Y
 _46940_/A
 _46940_/B
 _46940_/Y
 _46941_/A
 _46941_/B
 _46941_/C
 _46941_/Y
 _46942_/A1
 _46942_/A2
 _46942_/B1
 _46942_/Y
 _46943_/A1
 _46943_/A2
 _46943_/B1
 _46943_/Y
 _46944_/A1
 _46944_/A2
 _46944_/A3
 _46944_/B1
 _46944_/B2
 _46944_/X
 _46945_/A1
 _46945_/A2
 _46945_/B1
 _46945_/C1
 _46945_/D1
 _46945_/Y
 _46946_/A
 _46946_/B
 _46946_/Y
 _46947_/A0
 _46947_/A1
 _46947_/S
 _46947_/Y
 _46948_/A0
 _46948_/A1
 _46948_/S
 _46948_/X
 _46950_/A
 _46950_/B
 _46950_/Y
 _46951_/A0
 _46951_/A1
 _46951_/S
 _46951_/X
 _46952_/A1
 _46952_/A2
 _46952_/B1
 _46952_/B2
 _46952_/C1
 _46952_/Y
 _46953_/A
 _46953_/B
 _46953_/Y
 _46954_/A1
 _46954_/A2
 _46954_/B1
 _46954_/Y
 _46955_/A
 _46955_/B
 _46955_/Y
 _46956_/A
 _46956_/B
 _46956_/Y
 _46957_/A
 _46957_/B
 _46957_/Y
 _46958_/A1
 _46958_/A2
 _46958_/B1
 _46958_/B2
 _46958_/Y
 _46959_/A
 _46959_/B
 _46959_/Y
 _46961_/A0
 _46961_/A1
 _46961_/S
 _46961_/Y
 _46962_/A1
 _46962_/A2
 _46962_/B1
 _46962_/B2
 _46962_/Y
 _46963_/A1
 _46963_/A2
 _46963_/B1
 _46963_/B2
 _46963_/X
 _46964_/A
 _46964_/B
 _46964_/Y
 _46965_/A1
 _46965_/A2
 _46965_/B1
 _46965_/Y
 _46966_/A0
 _46966_/A1
 _46966_/S
 _46966_/Y
 _46967_/A1
 _46967_/A2
 _46967_/B1
 _46967_/Y
 _46968_/A1
 _46968_/A2
 _46968_/B1
 _46968_/Y
 _46969_/A
 _46969_/B
 _46969_/Y
 _46970_/A
 _46970_/B
 _46970_/Y
 _46971_/A
 _46971_/B
 _46971_/C
 _46971_/Y
 _46972_/A
 _46972_/B
 _46972_/Y
 _46973_/A
 _46973_/B
 _46973_/Y
 _46974_/A
 _46974_/B
 _46974_/Y
 _46975_/A
 _46975_/B
 _46975_/C
 _46975_/Y
 _46976_/A
 _46976_/B
 _46976_/C
 _46976_/D
 _46976_/Y
 _46977_/A1
 _46977_/A2
 _46977_/B1
 _46977_/C1
 _46977_/X
 _46978_/A
 _46978_/Y
 _46979_/A
 _46979_/B
 _46979_/Y
 _46980_/A
 _46980_/B_N
 _46980_/Y
 _46981_/A1_N
 _46981_/A2_N
 _46981_/B1
 _46981_/B2
 _46981_/Y
 _46983_/A0
 _46983_/A1
 _46983_/S
 _46983_/X
 _46984_/A0
 _46984_/A1
 _46984_/S
 _46984_/Y
 _46985_/A
 _46985_/B
 _46985_/C
 _46985_/X
 _46986_/A1
 _46986_/A2
 _46986_/A3
 _46986_/B1
 _46986_/Y
 _46989_/A
 _46989_/B
 _46989_/Y
 _46990_/A
 _46990_/B
 _46990_/Y
 _46991_/A
 _46991_/B
 _46991_/Y
 _46993_/A
 _46993_/B
 _46993_/C
 _46993_/Y
 _46994_/A
 _46994_/B
 _46994_/C
 _46994_/Y
 _46995_/A
 _46995_/B
 _46995_/Y
 _46996_/A1
 _46996_/A2
 _46996_/B1
 _46996_/Y
 _46998_/A
 _46998_/B
 _46998_/X
 _47000_/A
 _47000_/B
 _47000_/C
 _47000_/D
 _47000_/Y
 _47001_/A0
 _47001_/A1
 _47001_/S
 _47001_/X
 _47002_/A1
 _47002_/A2
 _47002_/B1
 _47002_/B2
 _47002_/C1
 _47002_/Y
 _47003_/A
 _47003_/Y
 _47004_/A
 _47004_/B
 _47004_/Y
 _47005_/A1
 _47005_/A2
 _47005_/B1
 _47005_/Y
 _47006_/A0
 _47006_/A1
 _47006_/S
 _47006_/Y
 _47007_/A1
 _47007_/A2
 _47007_/B1
 _47007_/Y
 _47008_/A1
 _47008_/A2
 _47008_/A3
 _47008_/B1
 _47008_/C1
 _47008_/Y
 _47009_/A
 _47009_/B
 _47009_/Y
 _47010_/A1
 _47010_/A2
 _47010_/B1
 _47010_/B2
 _47010_/C1
 _47010_/C2
 _47010_/Y
 _47011_/A1
 _47011_/A2
 _47011_/B1
 _47011_/B2
 _47011_/C1
 _47011_/X
 _47012_/A1
 _47012_/A2
 _47012_/B1
 _47012_/B2
 _47012_/C1
 _47012_/Y
 _47013_/A1
 _47013_/A2
 _47013_/B1
 _47013_/Y
 _47014_/A_N
 _47014_/B
 _47014_/Y
 _47015_/A1
 _47015_/A2
 _47015_/A3
 _47015_/B1
 _47015_/B2
 _47015_/Y
 _47016_/A
 _47016_/B
 _47016_/X
 _47017_/A
 _47017_/B
 _47017_/X
 _47019_/A1
 _47019_/A2
 _47019_/A3
 _47019_/B1
 _47019_/B2
 _47019_/X
 _47021_/A0
 _47021_/A1
 _47021_/S
 _47021_/Y
 _47022_/A1
 _47022_/A2
 _47022_/B1
 _47022_/Y
 _47023_/A1
 _47023_/A2
 _47023_/B1
 _47023_/B2
 _47023_/C1
 _47023_/X
 _47024_/A1
 _47024_/A2
 _47024_/B1
 _47024_/B2
 _47024_/Y
 _47025_/A
 _47025_/B
 _47025_/Y
 _47026_/A
 _47026_/B
 _47026_/Y
 _47028_/A0
 _47028_/A1
 _47028_/S
 _47028_/Y
 _47029_/A1
 _47029_/A2
 _47029_/B1
 _47029_/B2
 _47029_/Y
 _47030_/A
 _47030_/B
 _47030_/C
 _47030_/Y
 _47031_/A1
 _47031_/A2
 _47031_/B1
 _47031_/B2
 _47031_/Y
 _47033_/A0
 _47033_/A1
 _47033_/S
 _47033_/Y
 _47034_/A1
 _47034_/A2
 _47034_/B1
 _47034_/C1
 _47034_/Y
 _47035_/A
 _47035_/B
 _47035_/C
 _47035_/D
 _47035_/Y
 _47036_/A1
 _47036_/A2
 _47036_/A3
 _47036_/B1
 _47036_/Y
 _47037_/A1
 _47037_/A2
 _47037_/B1
 _47037_/C1
 _47037_/D1
 _47037_/Y
 _47038_/A1
 _47038_/A2
 _47038_/B1
 _47038_/Y
 _47039_/A1
 _47039_/A2
 _47039_/A3
 _47039_/B1
 _47039_/Y
 _47040_/A1
 _47040_/A2
 _47040_/B1
 _47040_/Y
 _47041_/A1
 _47041_/A2
 _47041_/B1
 _47041_/Y
 _47042_/A_N
 _47042_/B_N
 _47042_/C
 _47042_/D
 _47042_/Y
 _47043_/A
 _47043_/B
 _47043_/C
 _47043_/Y
 _47044_/A1
 _47044_/A2
 _47044_/B1
 _47044_/C1
 _47044_/X
 _47045_/A
 _47045_/B
 _47045_/C
 _47045_/D
 _47045_/Y
 _47046_/A
 _47046_/B
 _47046_/Y
 _47047_/A
 _47047_/B
 _47047_/Y
 _47048_/A0
 _47048_/A1
 _47048_/S
 _47048_/Y
 _47049_/A0
 _47049_/A1
 _47049_/S
 _47049_/Y
 _47050_/A
 _47050_/B
 _47050_/X
 _47051_/A
 _47051_/B
 _47051_/Y
 _47052_/A1
 _47052_/A2
 _47052_/B1
 _47052_/Y
 _47053_/A0
 _47053_/A1
 _47053_/S
 _47053_/Y
 _47054_/A
 _47054_/B
 _47054_/Y
 _47055_/A
 _47055_/B
 _47055_/Y
 _47056_/A0
 _47056_/A1
 _47056_/S
 _47056_/Y
 _47057_/A0
 _47057_/A1
 _47057_/S
 _47057_/Y
 _47058_/A1
 _47058_/A2
 _47058_/B1
 _47058_/B2
 _47058_/Y
 _47059_/A1
 _47059_/A2
 _47059_/B1
 _47059_/B2
 _47059_/X
 _47060_/A1
 _47060_/A2
 _47060_/B1
 _47060_/B2
 _47060_/Y
 _47061_/A1
 _47061_/A2
 _47061_/A3
 _47061_/B1
 _47061_/Y
 _47062_/A
 _47062_/B
 _47062_/C
 _47062_/D
 _47062_/Y
 _47063_/A1
 _47063_/A2
 _47063_/A3
 _47063_/B1
 _47063_/Y
 _47064_/A
 _47064_/B
 _47064_/C
 _47064_/D
 _47064_/Y
 _47065_/A1
 _47065_/A2
 _47065_/A3
 _47065_/B1
 _47065_/Y
 _47066_/A
 _47066_/B
 _47066_/C
 _47066_/Y
 _47067_/A
 _47067_/B
 _47067_/C
 _47067_/D
 _47067_/Y
 _47068_/A1
 _47068_/A2
 _47068_/B1
 _47068_/C1
 _47068_/Y
 _47069_/A1
 _47069_/A2
 _47069_/B1
 _47069_/C1
 _47069_/Y
 _47070_/A
 _47070_/B
 _47070_/X
 _47071_/A
 _47071_/B
 _47071_/X
 _47072_/A1
 _47072_/A2
 _47072_/A3
 _47072_/B1
 _47072_/Y
 _47073_/A
 _47073_/B
 _47073_/C
 _47073_/Y
 _47074_/A1
 _47074_/A2
 _47074_/B1
 _47074_/C1
 _47074_/Y
 _47075_/A1
 _47075_/A2
 _47075_/A3
 _47075_/B1
 _47075_/B2
 _47075_/Y
 _47076_/A0
 _47076_/A1
 _47076_/S
 _47076_/Y
 _47077_/A
 _47077_/B
 _47077_/C
 _47077_/Y
 _47078_/A0
 _47078_/A1
 _47078_/S
 _47078_/Y
 _47079_/A
 _47079_/B
 _47079_/C
 _47079_/Y
 _47080_/A
 _47080_/B
 _47080_/X
 _47082_/A
 _47082_/B
 _47082_/Y
 _47083_/A
 _47083_/Y
 _47084_/A
 _47084_/B
 _47084_/Y
 _47085_/A1
 _47085_/A2
 _47085_/B1
 _47085_/B2
 _47085_/C1
 _47085_/Y
 _47086_/A
 _47086_/B
 _47086_/Y
 _47087_/A1
 _47087_/A2
 _47087_/B1
 _47087_/Y
 _47088_/A
 _47088_/B
 _47088_/Y
 _47089_/A1
 _47089_/A2
 _47089_/B1
 _47089_/Y
 _47090_/A1
 _47090_/A2
 _47090_/B1
 _47090_/B2
 _47090_/X
 _47091_/A1
 _47091_/A2
 _47091_/B1
 _47091_/B2
 _47091_/Y
 _47092_/A1
 _47092_/A2
 _47092_/B1
 _47092_/Y
 _47093_/A
 _47093_/B
 _47093_/Y
 _47094_/A
 _47094_/Y
 _47095_/A
 _47095_/B
 _47095_/Y
 _47096_/A1
 _47096_/A2
 _47096_/B1
 _47096_/Y
 _47097_/A
 _47097_/B
 _47097_/Y
 _47098_/A
 _47098_/B
 _47098_/Y
 _47099_/A1
 _47099_/A2
 _47099_/B1
 _47099_/Y
 _47100_/A0
 _47100_/A1
 _47100_/S
 _47100_/Y
 _47101_/A1
 _47101_/A2
 _47101_/B1
 _47101_/B2
 _47101_/Y
 _47102_/A
 _47102_/B
 _47102_/Y
 _47103_/A
 _47103_/B
 _47103_/Y
 _47104_/A1_N
 _47104_/A2_N
 _47104_/B1
 _47104_/B2
 _47104_/Y
 _47106_/A
 _47106_/B
 _47106_/Y
 _47107_/A
 _47107_/B
 _47107_/C
 _47107_/D
 _47107_/Y
 _47108_/A1
 _47108_/A2
 _47108_/A3
 _47108_/A4
 _47108_/B1
 _47108_/X
 _47109_/A
 _47109_/B
 _47109_/C
 _47109_/X
 _47110_/A1
 _47110_/A2
 _47110_/B1_N
 _47110_/Y
 _47111_/A
 _47111_/B
 _47111_/Y
 _47113_/A
 _47113_/B
 _47113_/Y
 _47114_/A1
 _47114_/A2
 _47114_/B1
 _47114_/C1
 _47114_/D1
 _47114_/X
 _47115_/A
 _47115_/B
 _47115_/X
 _47116_/A1
 _47116_/A2
 _47116_/B1
 _47116_/Y
 _47117_/A1
 _47117_/A2
 _47117_/B1
 _47117_/Y
 _47118_/A1
 _47118_/A2
 _47118_/B1
 _47118_/B2
 _47118_/Y
 _47119_/A1
 _47119_/A2
 _47119_/B1
 _47119_/X
 _47120_/A1
 _47120_/A2
 _47120_/B1
 _47120_/B2
 _47120_/C1
 _47120_/Y
 _47121_/A
 _47121_/B
 _47121_/Y
 _47122_/A1
 _47122_/A2
 _47122_/B1
 _47122_/Y
 _47123_/A1
 _47123_/A2
 _47123_/A3
 _47123_/B1
 _47123_/Y
 _47124_/A1
 _47124_/A2
 _47124_/B1
 _47124_/Y
 _47125_/A
 _47125_/B
 _47125_/Y
 _47126_/A1
 _47126_/A2
 _47126_/B1
 _47126_/Y
 _47127_/A
 _47127_/B
 _47127_/Y
 _47128_/A
 _47128_/B
 _47128_/Y
 _47129_/A1
 _47129_/A2
 _47129_/B1
 _47129_/Y
 _47130_/A1
 _47130_/A2
 _47130_/A3
 _47130_/B1
 _47130_/Y
 _47131_/A1
 _47131_/A2
 _47131_/A3
 _47131_/B1
 _47131_/C1
 _47131_/Y
 _47132_/A
 _47132_/B
 _47132_/Y
 _47133_/A1
 _47133_/A2
 _47133_/B1
 _47133_/Y
 _47134_/A1
 _47134_/A2
 _47134_/A3
 _47134_/B1
 _47134_/Y
 _47135_/A1
 _47135_/A2
 _47135_/B1
 _47135_/Y
 _47136_/A
 _47136_/B
 _47136_/Y
 _47137_/A1
 _47137_/A2
 _47137_/B1
 _47137_/Y
 _47138_/A
 _47138_/B
 _47138_/Y
 _47139_/A1
 _47139_/A2
 _47139_/B1
 _47139_/Y
 _47140_/A
 _47140_/B
 _47140_/C
 _47140_/Y
 _47141_/A1
 _47141_/A2
 _47141_/B1
 _47141_/Y
 _47142_/A1
 _47142_/A2
 _47142_/A3
 _47142_/B1
 _47142_/C1
 _47142_/Y
 _47143_/A1
 _47143_/A2
 _47143_/B1
 _47143_/C1
 _47143_/X
 _47144_/A1
 _47144_/A2
 _47144_/B1
 _47144_/X
 _47145_/A
 _47145_/B
 _47145_/C
 _47145_/Y
 _47146_/A1
 _47146_/A2
 _47146_/A3
 _47146_/B1
 _47146_/B2
 _47146_/Y
 _47147_/A
 _47147_/B
 _47147_/C
 _47147_/D
 _47147_/X
 _47149_/A
 _47149_/B
 _47149_/Y
 _47150_/A_N
 _47150_/B
 _47150_/X
 _47151_/A1
 _47151_/A2
 _47151_/A3
 _47151_/B1
 _47151_/Y
 _47154_/A1
 _47154_/A2
 _47154_/B1
 _47154_/C1
 _47154_/Y
 _47155_/A1
 _47155_/A2
 _47155_/A3
 _47155_/B1
 _47155_/B2
 _47155_/Y
 _47156_/A1
 _47156_/A2
 _47156_/B1
 _47156_/C1
 _47156_/Y
 _47157_/A1
 _47157_/A2
 _47157_/A3
 _47157_/B1
 _47157_/B2
 _47157_/Y
 _47158_/A1
 _47158_/A2
 _47158_/B1
 _47158_/C1
 _47158_/Y
 _47159_/A1
 _47159_/A2
 _47159_/B1
 _47159_/C1
 _47159_/Y
 _47160_/A
 _47160_/B
 _47160_/Y
 _47161_/A1
 _47161_/A2
 _47161_/B1
 _47161_/C1
 _47161_/Y
 _47162_/A1
 _47162_/A2
 _47162_/B1
 _47162_/B2
 _47162_/C1
 _47162_/Y
 _47163_/A1
 _47163_/A2
 _47163_/B1
 _47163_/X
 _47164_/A
 _47164_/B
 _47164_/Y
 _47165_/A1
 _47165_/A2
 _47165_/B1
 _47165_/Y
 _47166_/A1
 _47166_/A2
 _47166_/B1
 _47166_/Y
 _47167_/A1
 _47167_/A2
 _47167_/A3
 _47167_/B1
 _47167_/Y
 _47168_/A1_N
 _47168_/A2_N
 _47168_/B1
 _47168_/B2
 _47168_/Y
 _47169_/A
 _47169_/B
 _47169_/C
 _47169_/Y
 _47170_/A1
 _47170_/A2
 _47170_/B1
 _47170_/C1
 _47170_/Y
 _47171_/A1
 _47171_/A2
 _47171_/B1
 _47171_/Y
 _47172_/A1
 _47172_/A2
 _47172_/B1_N
 _47172_/Y
 _47173_/A1
 _47173_/A2
 _47173_/B1
 _47173_/C1
 _47173_/D1
 _47173_/Y
 _47174_/A
 _47174_/B
 _47174_/Y
 _47175_/A1
 _47175_/A2
 _47175_/B1
 _47175_/Y
 _47176_/A1
 _47176_/A2
 _47176_/B1
 _47176_/X
 _47177_/A1
 _47177_/A2
 _47177_/B1
 _47177_/Y
 _47178_/A
 _47178_/B
 _47178_/Y
 _47179_/A1
 _47179_/A2
 _47179_/A3
 _47179_/B1
 _47179_/C1
 _47179_/Y
 _47180_/A
 _47180_/B
 _47180_/Y
 _47181_/A
 _47181_/B
 _47181_/Y
 _47182_/A1
 _47182_/A2
 _47182_/B1
 _47182_/Y
 _47183_/A
 _47183_/B_N
 _47183_/Y
 _47184_/A1
 _47184_/A2
 _47184_/A3
 _47184_/B1
 _47184_/B2
 _47184_/X
 _47185_/A1
 _47185_/A2
 _47185_/B1
 _47185_/C1
 _47185_/Y
 _47186_/A
 _47186_/B
 _47186_/Y
 _47187_/A1
 _47187_/A2
 _47187_/B1
 _47187_/C1
 _47187_/Y
 _47188_/A
 _47188_/B
 _47188_/Y
 _47189_/A1
 _47189_/A2
 _47189_/B1
 _47189_/Y
 _47190_/A
 _47190_/B
 _47190_/C
 _47190_/Y
 _47191_/A
 _47191_/B
 _47191_/Y
 _47192_/A1
 _47192_/A2
 _47192_/B1
 _47192_/Y
 _47193_/A1
 _47193_/A2
 _47193_/B1
 _47193_/C1
 _47193_/Y
 _47194_/A_N
 _47194_/B
 _47194_/Y
 _47195_/A
 _47195_/B
 _47195_/C
 _47195_/Y
 _47196_/A
 _47196_/B
 _47196_/Y
 _47197_/A1
 _47197_/A2
 _47197_/B1
 _47197_/C1
 _47197_/Y
 _47198_/A1
 _47198_/A2
 _47198_/B1
 _47198_/Y
 _47199_/A
 _47199_/B
 _47199_/C
 _47199_/X
 _47200_/A
 _47200_/B
 _47200_/C
 _47200_/Y
 _47201_/A
 _47201_/B
 _47201_/Y
 _47202_/A1
 _47202_/A2
 _47202_/B1
 _47202_/Y
 _47203_/A_N
 _47203_/B
 _47203_/C
 _47203_/D
 _47203_/Y
 _47204_/A1
 _47204_/A2
 _47204_/B1
 _47204_/C1
 _47204_/D1
 _47204_/Y
 _47205_/A
 _47205_/B
 _47205_/Y
 _47206_/A1
 _47206_/A2
 _47206_/B1
 _47206_/C1
 _47206_/Y
 _47207_/A1
 _47207_/A2
 _47207_/B1
 _47207_/B2
 _47207_/Y
 _47208_/A1
 _47208_/A2
 _47208_/B1
 _47208_/Y
 _47209_/A0
 _47209_/A1
 _47209_/S
 _47209_/Y
 _47210_/A1
 _47210_/A2
 _47210_/B1
 _47210_/B2
 _47210_/Y
 _47211_/A1
 _47211_/A2
 _47211_/A3
 _47211_/B1
 _47211_/B2
 _47211_/Y
 _47212_/A1
 _47212_/A2
 _47212_/B1
 _47212_/Y
 _47213_/A
 _47213_/B
 _47213_/Y
 _47214_/A1
 _47214_/A2
 _47214_/B1
 _47214_/C1
 _47214_/Y
 _47215_/A1
 _47215_/A2
 _47215_/B1
 _47215_/Y
 _47216_/A1
 _47216_/A2
 _47216_/B1
 _47216_/Y
 _47217_/A1
 _47217_/A2
 _47217_/A3
 _47217_/B1
 _47217_/B2
 _47217_/Y
 _47218_/A
 _47218_/B
 _47218_/Y
 _47219_/A1
 _47219_/A2
 _47219_/B1
 _47219_/B2
 _47219_/C1
 _47219_/Y
 _47220_/A
 _47220_/B
 _47220_/C
 _47220_/X
 _47221_/A
 _47221_/B
 _47221_/Y
 _47222_/A
 _47222_/B
 _47222_/Y
 _47223_/A1
 _47223_/A2
 _47223_/B1
 _47223_/Y
 _47224_/A
 _47224_/B
 _47224_/C
 _47224_/Y
 _47225_/A1
 _47225_/A2
 _47225_/A3
 _47225_/B1
 _47225_/Y
 _47226_/A
 _47226_/B
 _47226_/Y
 _47227_/A1
 _47227_/A2
 _47227_/A3
 _47227_/A4
 _47227_/B1
 _47227_/X
 _47228_/A1
 _47228_/A2
 _47228_/B1
 _47228_/B2
 _47228_/Y
 _47229_/A1
 _47229_/A2
 _47229_/A3
 _47229_/B1
 _47229_/Y
 _47230_/A1
 _47230_/A2
 _47230_/B1
 _47230_/C1
 _47230_/Y
 _47231_/A1
 _47231_/A2
 _47231_/B1
 _47231_/Y
 _47232_/A1
 _47232_/A2
 _47232_/B1
 _47232_/C1
 _47232_/Y
 _47233_/A
 _47233_/B
 _47233_/C
 _47233_/Y
 _47234_/A1
 _47234_/A2
 _47234_/A3
 _47234_/B1
 _47234_/C1
 _47234_/X
 _47235_/A1
 _47235_/A2
 _47235_/B1
 _47235_/Y
 _47236_/A
 _47236_/B
 _47236_/Y
 _47237_/A
 _47237_/B
 _47237_/C
 _47237_/Y
 _47238_/A
 _47238_/B
 _47238_/C
 _47238_/Y
 _47239_/A1
 _47239_/A2
 _47239_/A3
 _47239_/B1
 _47239_/C1
 _47239_/Y
 _47240_/A1
 _47240_/A2
 _47240_/B1
 _47240_/X
 _47241_/A
 _47241_/B
 _47241_/Y
 _47242_/A1
 _47242_/A2
 _47242_/B1
 _47242_/Y
 _47243_/A1
 _47243_/A2
 _47243_/B1
 _47243_/C1
 _47243_/X
 _47244_/A1
 _47244_/A2
 _47244_/B1
 _47244_/C1
 _47244_/Y
 _47245_/A1
 _47245_/A2
 _47245_/A3
 _47245_/B1
 _47245_/X
 _47246_/A
 _47246_/B
 _47246_/Y
 _47247_/A
 _47247_/B
 _47247_/Y
 _47248_/A1
 _47248_/A2
 _47248_/B1
 _47248_/C1
 _47248_/D1
 _47248_/Y
 _47249_/A1
 _47249_/A2
 _47249_/B1
 _47249_/Y
 _47250_/A
 _47250_/B
 _47250_/Y
 _47251_/A1
 _47251_/A2
 _47251_/A3
 _47251_/B1
 _47251_/B2
 _47251_/X
 _47252_/A1
 _47252_/A2
 _47252_/B1
 _47252_/X
 _47253_/A
 _47253_/B
 _47253_/C
 _47253_/Y
 _47254_/A_N
 _47254_/B
 _47254_/C
 _47254_/Y
 _47255_/A1
 _47255_/A2
 _47255_/A3
 _47255_/B1
 _47255_/Y
 _47256_/A1
 _47256_/A2
 _47256_/A3
 _47256_/B1
 _47256_/Y
 _47257_/A1
 _47257_/A2
 _47257_/A3
 _47257_/B1
 _47257_/Y
 _47258_/A1
 _47258_/A2
 _47258_/A3
 _47258_/B1
 _47258_/X
 _47259_/A1
 _47259_/A2
 _47259_/B1
 _47259_/B2
 _47259_/C1
 _47259_/X
 _47260_/A
 _47260_/B
 _47260_/Y
 _47261_/A
 _47261_/B
 _47261_/Y
 _47262_/A
 _47262_/B
 _47262_/Y
 _47264_/A1
 _47264_/A2
 _47264_/B1
 _47264_/Y
 _47265_/A1
 _47265_/A2
 _47265_/B1
 _47265_/Y
 _47266_/A1
 _47266_/A2
 _47266_/B1
 _47266_/Y
 _47267_/A
 _47267_/B
 _47267_/Y
 _47268_/A1
 _47268_/A2
 _47268_/B1
 _47268_/Y
 _47269_/A
 _47269_/B
 _47269_/C
 _47269_/Y
 _47270_/A1
 _47270_/A2
 _47270_/B1
 _47270_/Y
 _47271_/A1
 _47271_/A2
 _47271_/A3
 _47271_/B1
 _47271_/B2
 _47271_/X
 _47272_/A
 _47272_/B
 _47272_/C
 _47272_/Y
 _47273_/A
 _47273_/B
 _47273_/Y
 _47274_/A1
 _47274_/A2
 _47274_/B1
 _47274_/Y
 _47275_/A
 _47275_/B
 _47275_/C
 _47275_/X
 _47276_/A
 _47276_/B
 _47276_/C
 _47276_/D
 _47276_/Y
 _47277_/A1
 _47277_/A2
 _47277_/B1
 _47277_/C1
 _47277_/D1
 _47277_/Y
 _47278_/A1
 _47278_/A2
 _47278_/A3
 _47278_/B1
 _47278_/B2
 _47278_/Y
 _47279_/A1
 _47279_/A2
 _47279_/A3
 _47279_/A4
 _47279_/B1
 _47279_/X
 _47280_/A1
 _47280_/A2
 _47280_/B1
 _47280_/Y
 _47281_/A1
 _47281_/A2
 _47281_/B1
 _47281_/C1
 _47281_/D1
 _47281_/Y
 _47282_/A1
 _47282_/A2
 _47282_/B1
 _47282_/B2
 _47282_/C1
 _47282_/Y
 _47283_/A1
 _47283_/A2
 _47283_/A3
 _47283_/B1
 _47283_/Y
 _47284_/A1
 _47284_/A2
 _47284_/B1
 _47284_/Y
 _47285_/A1
 _47285_/A2
 _47285_/A3
 _47285_/A4
 _47285_/B1
 _47285_/Y
 _47286_/A1
 _47286_/A2
 _47286_/B1
 _47286_/Y
 _47287_/A
 _47287_/B
 _47287_/C
 _47287_/X
 _47288_/A1
 _47288_/A2
 _47288_/B1
 _47288_/C1
 _47288_/D1
 _47288_/X
 _47289_/A
 _47289_/B
 _47289_/Y
 _47290_/A
 _47290_/B
 _47290_/Y
 _47291_/A
 _47291_/B
 _47291_/Y
 _47292_/A
 _47292_/B
 _47292_/Y
 _47293_/A
 _47293_/B
 _47293_/C
 _47293_/Y
 _47294_/A0
 _47294_/A1
 _47294_/S
 _47294_/Y
 _47295_/A0
 _47295_/A1
 _47295_/S
 _47295_/Y
 _47296_/A
 _47296_/B
 _47296_/X
 _47297_/A1
 _47297_/A2
 _47297_/B1
 _47297_/X
 _47298_/A
 _47298_/B
 _47298_/Y
 _47299_/A
 _47299_/B
 _47299_/Y
 _47300_/A
 _47300_/B
 _47300_/Y
 _47301_/A
 _47301_/B
 _47301_/C
 _47301_/D
 _47301_/Y
 _47302_/A
 _47302_/B
 _47302_/C
 _47302_/Y
 _47303_/A
 _47303_/B
 _47303_/Y
 _47304_/A1
 _47304_/A2
 _47304_/B1
 _47304_/Y
 _47305_/A1
 _47305_/A2
 _47305_/A3
 _47305_/B1
 _47305_/Y
 _47306_/A1
 _47306_/A2
 _47306_/B1
 _47306_/C1
 _47306_/D1
 _47306_/Y
 _47307_/A1
 _47307_/A2
 _47307_/A3
 _47307_/B1
 _47307_/Y
 _47308_/A
 _47308_/B
 _47308_/Y
 _47309_/A1
 _47309_/A2
 _47309_/B1
 _47309_/Y
 _47310_/A1
 _47310_/A2
 _47310_/A3
 _47310_/B1
 _47310_/C1
 _47310_/Y
 _47311_/A1
 _47311_/A2
 _47311_/A3
 _47311_/B1
 _47311_/C1
 _47311_/Y
 _47312_/A
 _47312_/B
 _47312_/C
 _47312_/D
 _47312_/X
 _47313_/A
 _47313_/B
 _47313_/Y
 _47314_/A
 _47314_/B
 _47314_/Y
 _47315_/A1
 _47315_/A2
 _47315_/B1
 _47315_/B2
 _47315_/Y
 _47316_/A0
 _47316_/A1
 _47316_/S
 _47316_/Y
 _47317_/A1
 _47317_/A2
 _47317_/B1
 _47317_/C1
 _47317_/D1
 _47317_/Y
 _47318_/A0
 _47318_/A1
 _47318_/S
 _47318_/X
 _47321_/A
 _47321_/B
 _47321_/Y
 _47322_/A1
 _47322_/A2
 _47322_/B1
 _47322_/Y
 _47323_/A0
 _47323_/A1
 _47323_/S
 _47323_/Y
 _47324_/A1
 _47324_/A2
 _47324_/A3
 _47324_/B1
 _47324_/C1
 _47324_/Y
 _47325_/A1
 _47325_/A2
 _47325_/B1
 _47325_/B2
 _47325_/C1
 _47325_/Y
 _47326_/A
 _47326_/B
 _47326_/Y
 _47327_/A1
 _47327_/A2
 _47327_/B1
 _47327_/Y
 _47328_/A1
 _47328_/A2
 _47328_/B1
 _47328_/Y
 _47329_/A
 _47329_/B
 _47329_/Y
 _47330_/A1
 _47330_/A2
 _47330_/B1
 _47330_/Y
 _47331_/A0
 _47331_/A1
 _47331_/S
 _47331_/Y
 _47333_/A
 _47333_/B
 _47333_/Y
 _47334_/A1
 _47334_/A2
 _47334_/B1
 _47334_/Y
 _47336_/A0
 _47336_/A1
 _47336_/S
 _47336_/Y
 _47337_/A0
 _47337_/A1
 _47337_/S
 _47337_/Y
 _47338_/A0
 _47338_/A1
 _47338_/S
 _47338_/Y
 _47339_/A
 _47339_/Y
 _47340_/A1_N
 _47340_/A2_N
 _47340_/B1
 _47340_/B2
 _47340_/Y
 _47342_/A
 _47342_/B
 _47342_/Y
 _47343_/A
 _47343_/B
 _47343_/C
 _47343_/Y
 _47344_/A1
 _47344_/A2
 _47344_/B1
 _47344_/Y
 _47345_/A1
 _47345_/A2
 _47345_/A3
 _47345_/B1
 _47345_/Y
 _47346_/A1
 _47346_/A2
 _47346_/B1
 _47346_/B2
 _47346_/C1
 _47346_/X
 _47347_/A
 _47347_/B
 _47347_/C
 _47347_/Y
 _47348_/A1
 _47348_/A2
 _47348_/B1
 _47348_/B2
 _47348_/C1
 _47348_/X
 _47349_/A
 _47349_/B
 _47349_/Y
 _47350_/A
 _47350_/B
 _47350_/C
 _47350_/D
 _47350_/Y
 _47351_/A
 _47351_/B
 _47351_/Y
 _47352_/A0
 _47352_/A1
 _47352_/S
 _47352_/Y
 _47353_/A1
 _47353_/A2
 _47353_/B1
 _47353_/Y
 _47354_/A1
 _47354_/A2
 _47354_/B1
 _47354_/B2
 _47354_/X
 _47355_/A0
 _47355_/A1
 _47355_/S
 _47355_/X
 _47356_/A
 _47356_/B
 _47356_/Y
 _47357_/A1
 _47357_/A2
 _47357_/B1
 _47357_/C1
 _47357_/D1
 _47357_/Y
 _47359_/A1
 _47359_/A2
 _47359_/B1
 _47359_/Y
 _47360_/A1
 _47360_/A2
 _47360_/B1
 _47360_/Y
 _47361_/A
 _47361_/B
 _47361_/C
 _47361_/X
 _47362_/A
 _47362_/B
 _47362_/Y
 _47363_/A1
 _47363_/A2
 _47363_/A3
 _47363_/B1
 _47363_/Y
 _47364_/A
 _47364_/B
 _47364_/Y
 _47365_/A1
 _47365_/A2
 _47365_/B1
 _47365_/Y
 _47366_/A
 _47366_/B
 _47366_/Y
 _47367_/A0
 _47367_/A1
 _47367_/S
 _47367_/Y
 _47368_/A1
 _47368_/A2
 _47368_/B1
 _47368_/B2
 _47368_/Y
 _47369_/A
 _47369_/B_N
 _47369_/X
 _47370_/A1
 _47370_/A2
 _47370_/B1
 _47370_/Y
 _47371_/A
 _47371_/B
 _47371_/C
 _47371_/Y
 _47372_/A0
 _47372_/A1
 _47372_/S
 _47372_/Y
 _47373_/A
 _47373_/B
 _47373_/C
 _47373_/Y
 _47374_/A
 _47374_/B
 _47374_/C
 _47374_/Y
 _47375_/A
 _47375_/B
 _47375_/C
 _47375_/X
 _47376_/A1
 _47376_/A2
 _47376_/B1
 _47376_/X
 _47377_/A
 _47377_/B
 _47377_/Y
 _47378_/A1
 _47378_/A2
 _47378_/B1
 _47378_/B2
 _47378_/X
 _47379_/A
 _47379_/B
 _47379_/Y
 _47380_/A0
 _47380_/A1
 _47380_/S
 _47380_/Y
 _47381_/A1
 _47381_/A2
 _47381_/B1
 _47381_/B2
 _47381_/Y
 _47382_/A
 _47382_/B
 _47382_/C
 _47382_/Y
 _47383_/A0
 _47383_/A1
 _47383_/S
 _47383_/Y
 _47384_/A
 _47384_/B
 _47384_/C
 _47384_/Y
 _47385_/A1
 _47385_/A2
 _47385_/B1
 _47385_/Y
 _47386_/A
 _47386_/B
 _47386_/Y
 _47388_/A1
 _47388_/A2
 _47388_/B1
 _47388_/Y
 _47389_/A
 _47389_/B
 _47389_/Y
 _47390_/A
 _47390_/B
 _47390_/Y
 _47391_/A
 _47391_/B
 _47391_/C
 _47391_/Y
 _47392_/A0
 _47392_/A1
 _47392_/S
 _47392_/Y
 _47393_/A1_N
 _47393_/A2_N
 _47393_/B1
 _47393_/B2
 _47393_/Y
 _47394_/A1
 _47394_/A2
 _47394_/B1
 _47394_/B2
 _47394_/Y
 _47395_/A
 _47395_/B
 _47395_/Y
 _47396_/A
 _47396_/B
 _47396_/Y
 _47397_/A1
 _47397_/A2
 _47397_/B1
 _47397_/B2
 _47397_/C1
 _47397_/Y
 _47398_/A
 _47398_/B
 _47398_/Y
 _47399_/A1
 _47399_/A2
 _47399_/B1
 _47399_/B2
 _47399_/C1
 _47399_/Y
 _47400_/A1
 _47400_/A2
 _47400_/B1
 _47400_/B2
 _47400_/X
 _47401_/A1
 _47401_/A2
 _47401_/B1
 _47401_/Y
 _47402_/A
 _47402_/B_N
 _47402_/X
 _47403_/A
 _47403_/B
 _47403_/Y
 _47404_/A1
 _47404_/A2
 _47404_/B1
 _47404_/C1
 _47404_/Y
 _47405_/A1
 _47405_/A2
 _47405_/A3
 _47405_/B1
 _47405_/B2
 _47405_/Y
 _47406_/A
 _47406_/B
 _47406_/X
 _47408_/A
 _47408_/B
 _47408_/C
 _47408_/Y
 _47409_/A1
 _47409_/A2
 _47409_/B1
 _47409_/Y
 _47410_/A1
 _47410_/A2
 _47410_/B1
 _47410_/B2
 _47410_/Y
 _47411_/A1
 _47411_/A2
 _47411_/B1
 _47411_/C1
 _47411_/Y
 _47412_/A
 _47412_/B
 _47412_/C
 _47412_/X
 _47413_/A
 _47413_/B
 _47413_/Y
 _47414_/A1
 _47414_/A2
 _47414_/B1
 _47414_/Y
 _47415_/A
 _47415_/B
 _47415_/Y
 _47416_/A1
 _47416_/A2
 _47416_/B1
 _47416_/Y
 _47417_/A
 _47417_/B
 _47417_/Y
 _47418_/A
 _47418_/B
 _47418_/C
 _47418_/Y
 _47419_/A1
 _47419_/A2
 _47419_/B1
 _47419_/B2
 _47419_/C1
 _47419_/Y
 _47420_/A1
 _47420_/A2
 _47420_/B1
 _47420_/Y
 _47421_/A1
 _47421_/A2
 _47421_/B1
 _47421_/C1
 _47421_/Y
 _47422_/A
 _47422_/B
 _47422_/X
 _47423_/A1
 _47423_/A2
 _47423_/B1
 _47423_/X
 _47424_/A
 _47424_/B
 _47424_/C
 _47424_/D
 _47424_/Y
 _47425_/A1
 _47425_/A2
 _47425_/B1
 _47425_/C1
 _47425_/X
 _47426_/A
 _47426_/B
 _47426_/Y
 _47427_/A
 _47427_/B
 _47427_/C
 _47427_/Y
 _47428_/A
 _47428_/B
 _47428_/C
 _47428_/Y
 _47429_/A1
 _47429_/A2
 _47429_/B1
 _47429_/C1
 _47429_/Y
 _47430_/A
 _47430_/B
 _47430_/C
 _47430_/Y
 _47431_/A0
 _47431_/A1
 _47431_/S
 _47431_/Y
 _47432_/A0
 _47432_/A1
 _47432_/S
 _47432_/Y
 _47433_/A
 _47433_/B
 _47433_/Y
 _47434_/A1
 _47434_/A2
 _47434_/B1
 _47434_/C1
 _47434_/Y
 _47435_/A_N
 _47435_/B
 _47435_/Y
 _47436_/A1
 _47436_/A2
 _47436_/B1
 _47436_/Y
 _47437_/A
 _47437_/B
 _47437_/Y
 _47438_/A
 _47438_/B
 _47438_/Y
 _47439_/A1
 _47439_/A2
 _47439_/B1
 _47439_/C1
 _47439_/D1
 _47439_/Y
 _47440_/A1
 _47440_/A2
 _47440_/B1
 _47440_/Y
 _47441_/A1_N
 _47441_/A2_N
 _47441_/B1
 _47441_/B2
 _47441_/Y
 _47442_/A
 _47442_/B
 _47442_/C
 _47442_/Y
 _47443_/A1
 _47443_/A2
 _47443_/B1
 _47443_/C1
 _47443_/Y
 _47444_/A
 _47444_/B
 _47444_/Y
 _47445_/A0
 _47445_/A1
 _47445_/S
 _47445_/Y
 _47446_/A
 _47446_/B
 _47446_/Y
 _47447_/A1
 _47447_/A2
 _47447_/B1
 _47447_/Y
 _47448_/A0
 _47448_/A1
 _47448_/S
 _47448_/Y
 _47449_/A1
 _47449_/A2
 _47449_/B1
 _47449_/Y
 _47450_/A0
 _47450_/A1
 _47450_/S
 _47450_/Y
 _47451_/A0
 _47451_/A1
 _47451_/S
 _47451_/Y
 _47452_/A0
 _47452_/A1
 _47452_/S
 _47452_/X
 _47453_/A0
 _47453_/A1
 _47453_/S
 _47453_/X
 _47454_/A
 _47454_/B
 _47454_/Y
 _47455_/A1
 _47455_/A2
 _47455_/A3
 _47455_/B1
 _47455_/B2
 _47455_/X
 _47457_/A
 _47457_/B
 _47457_/Y
 _47458_/A
 _47458_/B
 _47458_/Y
 _47459_/A1
 _47459_/A2
 _47459_/B1
 _47459_/Y
 _47460_/A0
 _47460_/A1
 _47460_/S
 _47460_/Y
 _47461_/A0
 _47461_/A1
 _47461_/S
 _47461_/Y
 _47462_/A
 _47462_/B
 _47462_/Y
 _47463_/A1
 _47463_/A2
 _47463_/B1
 _47463_/Y
 _47464_/A0
 _47464_/A1
 _47464_/S
 _47464_/Y
 _47465_/A
 _47465_/B
 _47465_/C
 _47465_/D
 _47465_/X
 _47466_/A1
 _47466_/A2
 _47466_/B1
 _47466_/C1
 _47466_/Y
 _47467_/A1
 _47467_/A2
 _47467_/A3
 _47467_/B1
 _47467_/C1
 _47467_/X
 _47468_/A1
 _47468_/A2
 _47468_/B1
 _47468_/B2
 _47468_/C1
 _47468_/Y
 _47469_/A
 _47469_/B
 _47469_/Y
 _47470_/A1
 _47470_/A2
 _47470_/B1
 _47470_/Y
 _47472_/A1
 _47472_/A2
 _47472_/B1
 _47472_/C1
 _47472_/X
 _47473_/A1
 _47473_/A2
 _47473_/B1
 _47473_/Y
 _47474_/A1
 _47474_/A2
 _47474_/B1
 _47474_/B2
 _47474_/X
 _47475_/A1
 _47475_/A2
 _47475_/B1_N
 _47475_/Y
 _47476_/A1
 _47476_/A2
 _47476_/B1
 _47476_/B2
 _47476_/C1
 _47476_/C2
 _47476_/Y
 _47477_/A1
 _47477_/A2
 _47477_/B1
 _47477_/Y
 _47478_/A0
 _47478_/A1
 _47478_/S
 _47478_/Y
 _47479_/A0
 _47479_/A1
 _47479_/S
 _47479_/Y
 _47480_/A1
 _47480_/A2
 _47480_/B1
 _47480_/Y
 _47481_/A1
 _47481_/A2
 _47481_/B1
 _47481_/C1
 _47481_/Y
 _47482_/A1
 _47482_/A2
 _47482_/B1
 _47482_/Y
 _47483_/A
 _47483_/B
 _47483_/C
 _47483_/X
 _47484_/A
 _47484_/B
 _47484_/Y
 _47485_/A1
 _47485_/A2
 _47485_/B1
 _47485_/Y
 _47486_/A1
 _47486_/A2
 _47486_/B1
 _47486_/C1
 _47486_/D1
 _47486_/Y
 _47487_/A0
 _47487_/A1
 _47487_/S
 _47487_/X
 _47488_/A
 _47488_/B
 _47488_/Y
 _47489_/A
 _47489_/B
 _47489_/Y
 _47490_/A
 _47490_/B
 _47490_/Y
 _47491_/A1
 _47491_/A2
 _47491_/B1
 _47491_/C1
 _47491_/D1
 _47491_/Y
 _47492_/A
 _47492_/B
 _47492_/Y
 _47493_/A1
 _47493_/A2
 _47493_/B1
 _47493_/Y
 _47494_/A0
 _47494_/A1
 _47494_/S
 _47494_/Y
 _47495_/A
 _47495_/B
 _47495_/Y
 _47496_/A1
 _47496_/A2
 _47496_/B1
 _47496_/B2
 _47496_/Y
 _47497_/A1
 _47497_/A2
 _47497_/A3
 _47497_/B1
 _47497_/C1
 _47497_/X
 _47498_/A
 _47498_/B
 _47498_/Y
 _47499_/A1
 _47499_/A2
 _47499_/B1
 _47499_/B2
 _47499_/C1
 _47499_/Y
 _47500_/A1
 _47500_/A2
 _47500_/B1
 _47500_/B2
 _47500_/Y
 _47501_/A1
 _47501_/A2
 _47501_/B1
 _47501_/X
 _47502_/A
 _47502_/B
 _47502_/C
 _47502_/Y
 _47503_/A
 _47503_/B
 _47503_/Y
 _47504_/A1
 _47504_/A2
 _47504_/B1
 _47504_/B2
 _47504_/Y
 _47505_/A1
 _47505_/A2
 _47505_/B1
 _47505_/C1
 _47505_/Y
 _47506_/A
 _47506_/B
 _47506_/C
 _47506_/Y
 _47507_/A
 _47507_/B
 _47507_/C_N
 _47507_/X
 _47508_/A1
 _47508_/A2
 _47508_/B1
 _47508_/C1
 _47508_/Y
 _47509_/A_N
 _47509_/B
 _47509_/C
 _47509_/D
 _47509_/Y
 _47510_/A1
 _47510_/A2
 _47510_/A3
 _47510_/B1
 _47510_/C1
 _47510_/X
 _47511_/A
 _47511_/B
 _47511_/X
 _47512_/A1
 _47512_/A2
 _47512_/B1
 _47512_/Y
 _47513_/A
 _47513_/B
 _47513_/Y
 _47514_/A1
 _47514_/A2
 _47514_/B1
 _47514_/Y
 _47515_/A
 _47515_/B
 _47515_/C
 _47515_/Y
 _47516_/A
 _47516_/B
 _47516_/C
 _47516_/Y
 _47517_/A1
 _47517_/A2
 _47517_/B1
 _47517_/C1
 _47517_/D1
 _47517_/Y
 _47518_/A
 _47518_/B
 _47518_/C
 _47518_/Y
 _47519_/A1
 _47519_/A2
 _47519_/A3
 _47519_/B1
 _47519_/X
 _47520_/A
 _47520_/B
 _47520_/Y
 _47521_/A1
 _47521_/A2
 _47521_/B1
 _47521_/C1
 _47521_/Y
 _47522_/A
 _47522_/B
 _47522_/Y
 _47523_/A
 _47523_/B
 _47523_/Y
 _47524_/A0
 _47524_/A1
 _47524_/S
 _47524_/Y
 _47525_/A1
 _47525_/A2
 _47525_/B1
 _47525_/B2
 _47525_/Y
 _47526_/A1
 _47526_/A2
 _47526_/B1
 _47526_/Y
 _47527_/A
 _47527_/B
 _47527_/X
 _47529_/A
 _47529_/B
 _47529_/C
 _47529_/D
 _47529_/X
 _47530_/A
 _47530_/B
 _47530_/Y
 _47531_/A
 _47531_/B
 _47531_/C
 _47531_/Y
 _47532_/A
 _47532_/Y
 _47533_/A
 _47533_/B
 _47533_/Y
 _47534_/A
 _47534_/B
 _47534_/C
 _47534_/Y
 _47535_/A
 _47535_/B
 _47535_/C
 _47535_/Y
 _47536_/A1
 _47536_/A2
 _47536_/B1
 _47536_/C1
 _47536_/Y
 _47537_/A
 _47537_/B
 _47537_/C
 _47537_/D
 _47537_/Y
 _47538_/A1
 _47538_/A2
 _47538_/A3
 _47538_/B1
 _47538_/X
 _47539_/A1
 _47539_/A2
 _47539_/B1
 _47539_/C1
 _47539_/Y
 _47540_/A
 _47540_/B
 _47540_/C
 _47540_/D
 _47540_/Y
 _47541_/A1
 _47541_/A2
 _47541_/B1
 _47541_/C1
 _47541_/Y
 _47542_/A1
 _47542_/A2
 _47542_/B1
 _47542_/Y
 _47543_/A1
 _47543_/A2
 _47543_/A3
 _47543_/B1
 _47543_/Y
 _47544_/A
 _47544_/B
 _47544_/C
 _47544_/D
 _47544_/Y
 _47545_/A_N
 _47545_/B
 _47545_/C
 _47545_/Y
 _47546_/A1
 _47546_/A2
 _47546_/A3
 _47546_/B1
 _47546_/C1
 _47546_/X
 _47547_/A
 _47547_/B
 _47547_/X
 _47548_/A1
 _47548_/A2
 _47548_/B1
 _47548_/C1
 _47548_/D1
 _47548_/Y
 _47549_/A0
 _47549_/A1
 _47549_/S
 _47549_/Y
 _47550_/A0
 _47550_/A1
 _47550_/S
 _47550_/Y
 _47551_/A0
 _47551_/A1
 _47551_/S
 _47551_/Y
 _47552_/A
 _47552_/B
 _47552_/Y
 _47553_/A1
 _47553_/A2
 _47553_/B1
 _47553_/B2
 _47553_/C1
 _47553_/Y
 _47554_/A1
 _47554_/A2
 _47554_/B1
 _47554_/C1
 _47554_/Y
 _47555_/A1
 _47555_/A2
 _47555_/B1
 _47555_/C1
 _47555_/Y
 _47556_/A
 _47556_/B
 _47556_/C
 _47556_/D
 _47556_/Y
 _47557_/A
 _47557_/B
 _47557_/C
 _47557_/X
 _47558_/A
 _47558_/B
 _47558_/C
 _47558_/D
 _47558_/Y
 _47559_/A1
 _47559_/A2
 _47559_/B1
 _47559_/Y
 _47560_/A
 _47560_/B
 _47560_/Y
 _47561_/A
 _47561_/B
 _47561_/Y
 _47562_/A
 _47562_/B
 _47562_/X
 _47563_/A
 _47563_/B
 _47563_/Y
 _47564_/A1
 _47564_/A2
 _47564_/A3
 _47564_/B1
 _47564_/B2
 _47564_/X
 _47565_/A
 _47565_/B
 _47565_/Y
 _47566_/A1
 _47566_/A2
 _47566_/B1
 _47566_/Y
 _47567_/A
 _47567_/B
 _47567_/Y
 _47569_/A1
 _47569_/A2
 _47569_/B1
 _47569_/C1
 _47569_/Y
 _47570_/A
 _47570_/B
 _47570_/C
 _47570_/Y
 _47571_/A1
 _47571_/A2
 _47571_/A3
 _47571_/B1
 _47571_/C1
 _47571_/Y
 _47572_/A1
 _47572_/A2
 _47572_/A3
 _47572_/B1
 _47572_/B2
 _47572_/Y
 _47573_/A1
 _47573_/A2
 _47573_/B1
 _47573_/Y
 _47574_/A
 _47574_/Y
 _47575_/A0
 _47575_/A1
 _47575_/S
 _47575_/Y
 _47576_/A0
 _47576_/A1
 _47576_/S
 _47576_/Y
 _47577_/A0
 _47577_/A1
 _47577_/S
 _47577_/X
 _47578_/A
 _47578_/B
 _47578_/Y
 _47579_/A1
 _47579_/A2
 _47579_/B1
 _47579_/Y
 _47580_/A
 _47580_/B
 _47580_/Y
 _47581_/A0
 _47581_/A1
 _47581_/S
 _47581_/Y
 _47582_/A0
 _47582_/A1
 _47582_/S
 _47582_/Y
 _47583_/A0
 _47583_/A1
 _47583_/S
 _47583_/X
 _47584_/A
 _47584_/B
 _47584_/C
 _47584_/Y
 _47585_/A1
 _47585_/A2
 _47585_/B1
 _47585_/B2
 _47585_/C1
 _47585_/Y
 _47586_/A1
 _47586_/A2
 _47586_/B1
 _47586_/Y
 _47587_/A1
 _47587_/A2
 _47587_/A3
 _47587_/B1
 _47587_/Y
 _47588_/A1
 _47588_/A2
 _47588_/B1
 _47588_/B2
 _47588_/C1
 _47588_/Y
 _47589_/A
 _47589_/B
 _47589_/X
 _47590_/A
 _47590_/B
 _47590_/C
 _47590_/Y
 _47591_/A
 _47591_/B
 _47591_/Y
 _47592_/A1
 _47592_/A2
 _47592_/B1
 _47592_/X
 _47593_/A
 _47593_/B
 _47593_/Y
 _47594_/A
 _47594_/B
 _47594_/Y
 _47595_/A1
 _47595_/A2
 _47595_/B1
 _47595_/Y
 _47596_/A
 _47596_/B
 _47596_/C
 _47596_/D
 _47596_/Y
 _47597_/A
 _47597_/B
 _47597_/C
 _47597_/Y
 _47598_/A
 _47598_/B
 _47598_/C
 _47598_/Y
 _47599_/A
 _47599_/B
 _47599_/C
 _47599_/D
 _47599_/Y
 _47600_/A
 _47600_/B
 _47600_/Y
 _47601_/A1
 _47601_/A2
 _47601_/B1
 _47601_/X
 _47602_/A
 _47602_/B
 _47602_/Y
 _47603_/A
 _47603_/B
 _47603_/Y
 _47604_/A1_N
 _47604_/A2_N
 _47604_/B1
 _47604_/B2
 _47604_/Y
 _47605_/A1
 _47605_/A2
 _47605_/B1
 _47605_/Y
 _47606_/A1
 _47606_/A2
 _47606_/B1
 _47606_/Y
 _47607_/A
 _47607_/B
 _47607_/C
 _47607_/X
 _47608_/A1
 _47608_/A2
 _47608_/A3
 _47608_/B1
 _47608_/Y
 _47609_/A
 _47609_/Y
 _47610_/A_N
 _47610_/B
 _47610_/C
 _47610_/D
 _47610_/Y
 _47611_/A1
 _47611_/A2
 _47611_/B1
 _47611_/B2
 _47611_/Y
 _47612_/A
 _47612_/B
 _47612_/C
 _47612_/X
 _47613_/A
 _47613_/B
 _47613_/Y
 _47614_/A1
 _47614_/A2
 _47614_/B1
 _47614_/Y
 _47615_/A
 _47615_/B
 _47615_/Y
 _47616_/A1
 _47616_/A2
 _47616_/A3
 _47616_/B1
 _47616_/C1
 _47616_/Y
 _47617_/A
 _47617_/B
 _47617_/C
 _47617_/D
 _47617_/X
 _47618_/A
 _47618_/B
 _47618_/X
 _47619_/A
 _47619_/B
 _47619_/C
 _47619_/Y
 _47620_/A
 _47620_/B
 _47620_/C
 _47620_/D
 _47620_/Y
 _47621_/A
 _47621_/B
 _47621_/C
 _47621_/Y
 _47622_/A0
 _47622_/A1
 _47622_/S
 _47622_/X
 _47623_/A1
 _47623_/A2
 _47623_/A3
 _47623_/B1
 _47623_/X
 _47624_/A
 _47624_/B
 _47624_/Y
 _47625_/A1
 _47625_/A2
 _47625_/B1
 _47625_/Y
 _47626_/A1
 _47626_/A2
 _47626_/B1
 _47626_/Y
 _47627_/A1
 _47627_/A2
 _47627_/B1
 _47627_/Y
 _47628_/A
 _47628_/B
 _47628_/C
 _47628_/Y
 _47629_/A
 _47629_/B
 _47629_/C
 _47629_/Y
 _47630_/A
 _47630_/B
 _47630_/Y
 _47631_/A1
 _47631_/A2
 _47631_/A3
 _47631_/B1
 _47631_/Y
 _47632_/A_N
 _47632_/B
 _47632_/C
 _47632_/Y
 _47633_/A1
 _47633_/A2
 _47633_/B1
 _47633_/C1
 _47633_/Y
 _47634_/A1
 _47634_/A2
 _47634_/B1
 _47634_/B2
 _47634_/Y
 _47635_/A
 _47635_/B
 _47635_/Y
 _47636_/A
 _47636_/B
 _47636_/C
 _47636_/D_N
 _47636_/Y
 _47637_/A0
 _47637_/A1
 _47637_/S
 _47637_/Y
 _47638_/A
 _47638_/B
 _47638_/C
 _47638_/X
 _47639_/A1
 _47639_/A2
 _47639_/B1
 _47639_/B2
 _47639_/Y
 _47640_/A1
 _47640_/A2
 _47640_/B1
 _47640_/B2
 _47640_/C1
 _47640_/X
 _47641_/A1
 _47641_/A2
 _47641_/B1
 _47641_/C1
 _47641_/X
 _47642_/A1
 _47642_/A2
 _47642_/A3
 _47642_/B1
 _47642_/C1
 _47642_/Y
 _47643_/A
 _47643_/B
 _47643_/Y
 _47644_/A
 _47644_/B
 _47644_/Y
 _47645_/A
 _47645_/B
 _47645_/Y
 _47646_/A
 _47646_/B
 _47646_/X
 _47647_/A
 _47647_/B
 _47647_/Y
 _47648_/A
 _47648_/B
 _47648_/Y
 _47649_/A0
 _47649_/A1
 _47649_/S
 _47649_/Y
 _47650_/A
 _47650_/B
 _47650_/C
 _47650_/X
 _47651_/A0
 _47651_/A1
 _47651_/S
 _47651_/Y
 _47652_/A1
 _47652_/A2
 _47652_/B1
 _47652_/C1
 _47652_/D1
 _47652_/Y
 _47653_/A
 _47653_/B
 _47653_/C
 _47653_/Y
 _47654_/A
 _47654_/B
 _47654_/C
 _47654_/Y
 _47655_/A
 _47655_/B
 _47655_/C
 _47655_/Y
 _47656_/A
 _47656_/B
 _47656_/Y
 _47657_/A
 _47657_/B
 _47657_/C
 _47657_/X
 _47658_/A1
 _47658_/A2
 _47658_/B1
 _47658_/C1
 _47658_/Y
 _47659_/A
 _47659_/B
 _47659_/C
 _47659_/D
 _47659_/X
 _47660_/A
 _47660_/B
 _47660_/C
 _47660_/Y
 _47661_/A
 _47661_/B
 _47661_/Y
 _47662_/A
 _47662_/B
 _47662_/C
 _47662_/D
 _47662_/Y
 _47663_/A
 _47663_/B
 _47663_/Y
 _47664_/A1
 _47664_/A2
 _47664_/B1
 _47664_/Y
 _47665_/A1
 _47665_/A2
 _47665_/B1
 _47665_/B2
 _47665_/Y
 _47666_/A
 _47666_/B
 _47666_/C
 _47666_/Y
 _47667_/A
 _47667_/B
 _47667_/Y
 _47668_/A
 _47668_/B
 _47668_/Y
 _47669_/A
 _47669_/B
 _47669_/Y
 _47670_/A
 _47670_/B
 _47670_/Y
 _47671_/A1
 _47671_/A2
 _47671_/B1
 _47671_/X
 _47673_/A
 _47673_/B
 _47673_/Y
 _47674_/A
 _47674_/B
 _47674_/Y
 _47675_/A
 _47675_/B
 _47675_/X
 _47676_/A
 _47676_/B
 _47676_/Y
 _47677_/A
 _47677_/B
 _47677_/C
 _47677_/D
 _47677_/Y
 _47678_/A
 _47678_/B
 _47678_/Y
 _47679_/A
 _47679_/B
 _47679_/Y
 _47680_/A
 _47680_/B
 _47680_/C
 _47680_/Y
 _47681_/A
 _47681_/B
 _47681_/C
 _47681_/Y
 _47682_/A
 _47682_/B
 _47682_/X
 _47683_/A1
 _47683_/A2
 _47683_/B1
 _47683_/C1
 _47683_/D1
 _47683_/Y
 _47684_/A
 _47684_/B
 _47684_/Y
 _47685_/A1
 _47685_/A2
 _47685_/A3
 _47685_/B1
 _47685_/X
 _47686_/A1
 _47686_/A2
 _47686_/B1
 _47686_/B2
 _47686_/Y
 _47687_/A1
 _47687_/A2
 _47687_/B1
 _47687_/B2
 _47687_/X
 _47689_/A
 _47689_/B
 _47689_/Y
 _47690_/A1
 _47690_/A2
 _47690_/A3
 _47690_/B1
 _47690_/Y
 _47691_/A
 _47691_/B
 _47691_/Y
 _47692_/A
 _47692_/B
 _47692_/C
 _47692_/D
 _47692_/Y
 _47693_/A
 _47693_/B
 _47693_/C
 _47693_/Y
 _47694_/A
 _47694_/B
 _47694_/C
 _47694_/Y
 _47695_/A
 _47695_/B
 _47695_/Y
 _47696_/A
 _47696_/B
 _47696_/Y
 _47697_/A
 _47697_/B
 _47697_/X
 _47698_/A1
 _47698_/A2
 _47698_/B1
 _47698_/Y
 _47699_/A
 _47699_/B
 _47699_/Y
 _47700_/A
 _47700_/B
 _47700_/C
 _47700_/D
 _47700_/Y
 _47702_/A
 _47702_/B
 _47702_/C
 _47702_/Y
 _47703_/A
 _47703_/B
 _47703_/Y
 _47704_/A
 _47704_/B
 _47704_/C
 _47704_/D
 _47704_/Y
 _47705_/A
 _47705_/B
 _47705_/Y
 _47706_/A1
 _47706_/A2
 _47706_/B1
 _47706_/Y
 _47707_/A
 _47707_/B
 _47707_/X
 _47709_/A1
 _47709_/A2
 _47709_/B1
 _47709_/Y
 _47710_/A
 _47710_/B
 _47710_/Y
 _47711_/A
 _47711_/B
 _47711_/Y
 _47712_/A
 _47712_/B
 _47712_/C
 _47712_/X
 _47713_/A
 _47713_/B
 _47713_/X
 _47714_/A
 _47714_/B
 _47714_/X
 _47715_/A
 _47715_/B
 _47715_/Y
 _47716_/A_N
 _47716_/B
 _47716_/Y
 _47717_/A
 _47717_/B
 _47717_/Y
 _47718_/A
 _47718_/B
 _47718_/C
 _47718_/X
 _47719_/A
 _47719_/B
 _47719_/X
 _47720_/A1
 _47720_/A2
 _47720_/B1
 _47720_/Y
 _47721_/A1
 _47721_/A2
 _47721_/B1
 _47721_/B2
 _47721_/C1
 _47721_/Y
 _47722_/A
 _47722_/B
 _47722_/Y
 _47723_/A
 _47723_/B
 _47723_/Y
 _47724_/A
 _47724_/B
 _47724_/X
 _47725_/A
 _47725_/B
 _47725_/C
 _47725_/Y
 _47726_/A1
 _47726_/A2
 _47726_/A3
 _47726_/B1
 _47726_/Y
 _47727_/A
 _47727_/B
 _47727_/Y
 _47728_/A
 _47728_/B
 _47728_/X
 _47729_/A
 _47729_/B
 _47729_/C
 _47729_/Y
 _47730_/A1_N
 _47730_/A2_N
 _47730_/B1
 _47730_/B2
 _47730_/Y
 _47731_/A
 _47731_/B
 _47731_/Y
 _47732_/A
 _47732_/B
 _47732_/Y
 _47733_/A
 _47733_/B
 _47733_/Y
 _47734_/A
 _47734_/B
 _47734_/X
 _47735_/A
 _47735_/B
 _47735_/X
 _47736_/A1
 _47736_/A2
 _47736_/B1
 _47736_/B2
 _47736_/C1
 _47736_/Y
 _47737_/A
 _47737_/B
 _47737_/Y
 _47738_/A
 _47738_/B
 _47738_/Y
 _47739_/A
 _47739_/B
 _47739_/C
 _47739_/Y
 _47740_/A1
 _47740_/A2
 _47740_/A3
 _47740_/B1
 _47740_/Y
 _47741_/A1_N
 _47741_/A2_N
 _47741_/B1
 _47741_/B2
 _47741_/Y
 _47742_/A1
 _47742_/A2
 _47742_/B1
 _47742_/C1
 _47742_/D1
 _47742_/Y
 _47743_/A
 _47743_/B
 _47743_/Y
 _47744_/A
 _47744_/B
 _47744_/Y
 _47745_/A
 _47745_/B
 _47745_/C
 _47745_/Y
 _47746_/A
 _47746_/Y
 _47747_/A
 _47747_/B
 _47747_/Y
 _47748_/A1
 _47748_/A2
 _47748_/B1
 _47748_/B2
 _47748_/Y
 _47749_/A1
 _47749_/A2
 _47749_/B1
 _47749_/Y
 _47750_/A
 _47750_/B
 _47750_/Y
 _47751_/A1
 _47751_/A2
 _47751_/B1
 _47751_/Y
 _47752_/A1
 _47752_/A2
 _47752_/B1
 _47752_/Y
 _47753_/A
 _47753_/B
 _47753_/Y
 _47754_/A
 _47754_/B
 _47754_/Y
 _47755_/A
 _47755_/B
 _47755_/C
 _47755_/Y
 _47756_/A
 _47756_/B
 _47756_/C
 _47756_/Y
 _47757_/A0
 _47757_/A1
 _47757_/S
 _47757_/Y
 _47758_/A1
 _47758_/A2
 _47758_/A3
 _47758_/B1
 _47758_/C1
 _47758_/X
 _47759_/A
 _47759_/B
 _47759_/Y
 _47760_/A
 _47760_/B
 _47760_/C
 _47760_/D
 _47760_/Y
 _47761_/A
 _47761_/B
 _47761_/C
 _47761_/X
 _47762_/A1
 _47762_/A2
 _47762_/B1
 _47762_/Y
 _47763_/A1
 _47763_/A2
 _47763_/B1
 _47763_/B2
 _47763_/C1
 _47763_/Y
 _47764_/A_N
 _47764_/B
 _47764_/C
 _47764_/D
 _47764_/X
 _47766_/A
 _47766_/B
 _47766_/X
 _47767_/A
 _47767_/B
 _47767_/Y
 _47768_/A
 _47768_/B
 _47768_/Y
 _47769_/A
 _47769_/B
 _47769_/Y
 _47770_/A
 _47770_/B
 _47770_/C
 _47770_/D
 _47770_/X
 _47771_/A1
 _47771_/A2
 _47771_/A3
 _47771_/B1
 _47771_/X
 _47772_/A
 _47772_/B
 _47772_/Y
 _47773_/A
 _47773_/B
 _47773_/Y
 _47774_/A
 _47774_/B_N
 _47774_/X
 _47775_/A
 _47775_/B
 _47775_/C
 _47775_/X
 _47776_/A1
 _47776_/A2
 _47776_/A3
 _47776_/B1
 _47776_/B2
 _47776_/Y
 _47777_/A
 _47777_/B
 _47777_/Y
 _47778_/A
 _47778_/B
 _47778_/C
 _47778_/Y
 _47779_/A
 _47779_/B
 _47779_/Y
 _47780_/A
 _47780_/B
 _47780_/Y
 _47781_/A
 _47781_/B
 _47781_/C
 _47781_/Y
 _47782_/A
 _47782_/B
 _47782_/Y
 _47783_/A1
 _47783_/A2
 _47783_/B1
 _47783_/Y
 _47784_/A
 _47784_/B
 _47784_/C
 _47784_/X
 _47785_/A
 _47785_/B
 _47785_/C
 _47785_/X
 _47786_/A
 _47786_/B
 _47786_/X
 _47787_/A1
 _47787_/A2
 _47787_/B1
 _47787_/Y
 _47788_/A
 _47788_/B
 _47788_/Y
 _47789_/A1
 _47789_/A2
 _47789_/B1
 _47789_/B2
 _47789_/C1
 _47789_/Y
 _47790_/A
 _47790_/B
 _47790_/Y
 _47791_/A1
 _47791_/A2
 _47791_/B1
 _47791_/B2
 _47791_/C1
 _47791_/Y
 _47792_/A_N
 _47792_/B
 _47792_/C
 _47792_/X
 _47793_/A
 _47793_/B
 _47793_/C
 _47793_/D
 _47793_/Y
 _47794_/A
 _47794_/B
 _47794_/Y
 _47795_/A1
 _47795_/A2
 _47795_/A3
 _47795_/B1
 _47795_/Y
 _47797_/A
 _47797_/B
 _47797_/Y
 _47798_/A1
 _47798_/A2
 _47798_/B1
 _47798_/Y
 _47799_/A
 _47799_/B
 _47799_/C
 _47799_/Y
 _47800_/A1
 _47800_/A2
 _47800_/B1
 _47800_/C1
 _47800_/Y
 _47802_/A1
 _47802_/A2
 _47802_/B1
 _47802_/B2
 _47802_/Y
 _47803_/A1_N
 _47803_/A2_N
 _47803_/B1
 _47803_/B2
 _47803_/Y
 _47804_/A
 _47804_/B
 _47804_/C
 _47804_/Y
 _47805_/A
 _47805_/B
 _47805_/Y
 _47806_/A
 _47806_/B
 _47806_/Y
 _47807_/A1
 _47807_/A2
 _47807_/B1
 _47807_/Y
 _47808_/A
 _47808_/B
 _47808_/Y
 _47810_/A
 _47810_/B
 _47810_/Y
 _47811_/A_N
 _47811_/B
 _47811_/Y
 _47812_/A
 _47812_/B
 _47812_/Y
 _47813_/A
 _47813_/B
 _47813_/X
 _47814_/A
 _47814_/B
 _47814_/Y
 _47815_/A1
 _47815_/A2
 _47815_/A3
 _47815_/B1
 _47815_/Y
 _47816_/A
 _47816_/B
 _47816_/Y
 _47817_/A
 _47817_/B
 _47817_/Y
 _47818_/A
 _47818_/B_N
 _47818_/Y
 _47819_/A1
 _47819_/A2
 _47819_/B1
 _47819_/X
 _47820_/A1
 _47820_/A2
 _47820_/B1
 _47820_/X
 _47821_/A1
 _47821_/A2
 _47821_/B1
 _47821_/X
 _47822_/A1
 _47822_/A2
 _47822_/B1
 _47822_/X
 _47823_/A1
 _47823_/A2
 _47823_/B1
 _47823_/X
 _47824_/A1
 _47824_/A2
 _47824_/B1
 _47824_/X
 _47825_/A
 _47825_/B
 _47825_/Y
 _47826_/A
 _47826_/B
 _47826_/C
 _47826_/D
 _47826_/Y
 _47827_/A
 _47827_/B
 _47827_/Y
 _47828_/A1
 _47828_/A2
 _47828_/B1
 _47828_/Y
 _47829_/A1
 _47829_/A2
 _47829_/B1
 _47829_/X
 _47830_/A1
 _47830_/A2
 _47830_/B1
 _47830_/Y
 _47831_/A
 _47831_/B_N
 _47831_/Y
 _47832_/A1
 _47832_/A2
 _47832_/B1
 _47832_/Y
 _47833_/A_N
 _47833_/B
 _47833_/Y
 _47834_/A1
 _47834_/A2
 _47834_/B1
 _47834_/Y
 _47835_/A1
 _47835_/A2
 _47835_/B1_N
 _47835_/Y
 _47836_/A1
 _47836_/A2
 _47836_/B1
 _47836_/Y
 _47837_/A
 _47837_/Y
 _47838_/A
 _47838_/B
 _47838_/C
 _47838_/D
 _47838_/Y
 _47839_/A
 _47839_/B
 _47839_/C
 _47839_/D
 _47839_/X
 _47840_/A
 _47840_/B
 _47840_/C
 _47840_/D
 _47840_/Y
 _47841_/A1
 _47841_/A2
 _47841_/B1
 _47841_/B2
 _47841_/Y
 _47844_/A0
 _47844_/A1
 _47844_/S
 _47844_/Y
 _47845_/A0
 _47845_/A1
 _47845_/S
 _47845_/Y
 _47846_/A
 _47846_/B
 _47846_/Y
 _47849_/A0
 _47849_/A1
 _47849_/S
 _47849_/X
 _47850_/A0
 _47850_/A1
 _47850_/S
 _47850_/Y
 _47851_/A
 _47851_/B
 _47851_/C
 _47851_/Y
 _47853_/A
 _47853_/B
 _47853_/Y
 _47857_/A
 _47857_/B
 _47857_/Y
 _47860_/A
 _47860_/B
 _47860_/Y
 _47864_/A
 _47864_/B
 _47864_/Y
 _47865_/A
 _47865_/B
 _47865_/Y
 _47868_/A
 _47868_/B
 _47868_/Y
 _47869_/A1
 _47869_/A2
 _47869_/B1
 _47869_/Y
 _47870_/A1
 _47870_/A2
 _47870_/B1
 _47870_/Y
 _47871_/A
 _47871_/B
 _47871_/Y
 _47873_/A
 _47873_/B
 _47873_/Y
 _47875_/A1
 _47875_/A2
 _47875_/B1
 _47875_/Y
 _47876_/A1
 _47876_/A2
 _47876_/B1
 _47876_/Y
 _47878_/A1
 _47878_/A2
 _47878_/B1
 _47878_/B2
 _47878_/Y
 _47879_/A1
 _47879_/A2
 _47879_/B1
 _47879_/Y
 _47881_/A
 _47881_/B
 _47881_/Y
 _47882_/A
 _47882_/B
 _47882_/Y
 _47883_/A1
 _47883_/A2
 _47883_/B1
 _47883_/Y
 _47884_/A1
 _47884_/A2
 _47884_/B1
 _47884_/Y
 _47885_/A
 _47885_/B
 _47885_/Y
 _47886_/A
 _47886_/B
 _47886_/Y
 _47887_/A1
 _47887_/A2
 _47887_/B1
 _47887_/Y
 _47888_/A1
 _47888_/A2
 _47888_/B1
 _47888_/Y
 _47890_/A
 _47890_/B
 _47890_/Y
 _47891_/A1
 _47891_/A2
 _47891_/B1
 _47891_/B2
 _47891_/C1
 _47891_/Y
 _47892_/A0
 _47892_/A1
 _47892_/S
 _47892_/Y
 _47893_/A0
 _47893_/A1
 _47893_/S
 _47893_/Y
 _47894_/A1
 _47894_/A2
 _47894_/B1
 _47894_/B2
 _47894_/C1
 _47894_/Y
 _47895_/A1
 _47895_/A2
 _47895_/B1
 _47895_/B2
 _47895_/C1
 _47895_/Y
 _47896_/A1
 _47896_/A2
 _47896_/B1
 _47896_/Y
 _47897_/A1
 _47897_/A2
 _47897_/B1
 _47897_/Y
 _47900_/A
 _47900_/B
 _47900_/Y
 _47902_/A
 _47902_/B
 _47902_/Y
 _47903_/A
 _47903_/B
 _47903_/Y
 _47904_/A1
 _47904_/A2
 _47904_/B1
 _47904_/Y
 _47905_/A1
 _47905_/A2
 _47905_/B1
 _47905_/Y
 _47906_/A0
 _47906_/A1
 _47906_/A2
 _47906_/A3
 _47906_/S0
 _47906_/S1
 _47906_/X
 _47907_/A
 _47907_/B
 _47907_/Y
 _47908_/A1
 _47908_/A2
 _47908_/B1
 _47908_/Y
 _47909_/A
 _47909_/B
 _47909_/Y
 _47911_/A0
 _47911_/A1
 _47911_/S
 _47911_/Y
 _47912_/A0
 _47912_/A1
 _47912_/S
 _47912_/Y
 _47913_/A1
 _47913_/A2
 _47913_/B1
 _47913_/B2
 _47913_/C1
 _47913_/Y
 _47914_/A1
 _47914_/A2
 _47914_/A3
 _47914_/B1
 _47914_/Y
 _47916_/A
 _47916_/B
 _47916_/Y
 _47917_/A
 _47917_/B
 _47917_/Y
 _47918_/A1
 _47918_/A2
 _47918_/B1
 _47918_/Y
 _47919_/A1
 _47919_/A2
 _47919_/B1
 _47919_/Y
 _47920_/A
 _47920_/B
 _47920_/Y
 _47921_/A
 _47921_/B
 _47921_/Y
 _47922_/A
 _47922_/B
 _47922_/Y
 _47923_/A1
 _47923_/A2
 _47923_/B1
 _47923_/Y
 _47924_/A1
 _47924_/A2
 _47924_/B1
 _47924_/Y
 _47927_/A
 _47927_/B
 _47927_/C
 _47927_/D
 _47927_/Y
 _47928_/A1
 _47928_/A2
 _47928_/B1
 _47928_/B2
 _47928_/C1
 _47928_/Y
 _47929_/A
 _47929_/B
 _47929_/Y
 _47930_/A
 _47930_/B
 _47930_/C
 _47930_/Y
 _47931_/A1
 _47931_/A2
 _47931_/B1
 _47931_/Y
 _47932_/A
 _47932_/B
 _47932_/Y
 _47933_/A
 _47933_/B
 _47933_/C
 _47933_/Y
 _47937_/A1
 _47937_/A2
 _47937_/B1
 _47937_/B2
 _47937_/Y
 _47938_/A
 _47938_/B
 _47938_/Y
 _47939_/A1
 _47939_/A2
 _47939_/B1
 _47939_/Y
 _47940_/A
 _47940_/B
 _47940_/Y
 _47941_/A
 _47941_/B
 _47941_/Y
 _47942_/A
 _47942_/B
 _47942_/Y
 _47944_/A1
 _47944_/A2
 _47944_/B1
 _47944_/Y
 _47945_/A1
 _47945_/A2
 _47945_/B1
 _47945_/C1
 _47945_/Y
 _47946_/A1
 _47946_/A2
 _47946_/A3
 _47946_/B1
 _47946_/Y
 _47947_/A1
 _47947_/A2
 _47947_/B1
 _47947_/B2
 _47947_/C1
 _47947_/Y
 _47950_/A
 _47950_/B
 _47950_/Y
 _47951_/A
 _47951_/B
 _47951_/Y
 _47952_/A
 _47952_/B
 _47952_/C
 _47952_/Y
 _47953_/A1
 _47953_/A2
 _47953_/B1
 _47953_/Y
 _47954_/A0
 _47954_/A1
 _47954_/A2
 _47954_/A3
 _47954_/S0
 _47954_/S1
 _47954_/X
 _47955_/A
 _47955_/B
 _47955_/Y
 _47956_/A1
 _47956_/A2
 _47956_/B1
 _47956_/Y
 _47957_/A1
 _47957_/A2
 _47957_/B1
 _47957_/C1
 _47957_/Y
 _47959_/A
 _47959_/B
 _47959_/Y
 _47960_/A
 _47960_/B
 _47960_/Y
 _47962_/A1
 _47962_/A2
 _47962_/B1
 _47962_/Y
 _47963_/A1
 _47963_/A2
 _47963_/B1
 _47963_/B2
 _47963_/C1
 _47963_/Y
 _47964_/A
 _47964_/B
 _47964_/C
 _47964_/Y
 _47965_/A
 _47965_/B
 _47965_/C
 _47965_/X
 _47966_/A
 _47966_/Y
 _47967_/A
 _47967_/B
 _47967_/Y
 _47968_/A
 _47968_/B
 _47968_/Y
 _47971_/A
 _47971_/B
 _47971_/Y
 _47974_/A
 _47974_/B
 _47974_/Y
 _47975_/A
 _47975_/B
 _47975_/Y
 _47978_/A
 _47978_/B
 _47978_/Y
 _47981_/A
 _47981_/B
 _47981_/Y
 _47982_/A
 _47982_/B
 _47982_/Y
 _47984_/A1
 _47984_/A2
 _47984_/B1
 _47984_/B2
 _47984_/C1
 _47984_/Y
 _47988_/A
 _47988_/B
 _47988_/Y
 _47989_/A
 _47989_/B
 _47989_/Y
 _47990_/A
 _47990_/B
 _47990_/Y
 _47991_/A
 _47991_/B
 _47991_/Y
 _47993_/A
 _47993_/B
 _47993_/Y
 _47994_/A
 _47994_/B
 _47994_/Y
 _47998_/A1
 _47998_/A2
 _47998_/B1
 _47998_/B2
 _47998_/Y
 _47999_/A
 _47999_/B
 _47999_/Y
 _48000_/A
 _48000_/B
 _48000_/Y
 _48001_/A
 _48001_/B
 _48001_/Y
 _48004_/A1
 _48004_/A2
 _48004_/B1
 _48004_/B2
 _48004_/C1
 _48004_/C2
 _48004_/Y
 _48006_/A1
 _48006_/A2
 _48006_/B1
 _48006_/B2
 _48006_/C1
 _48006_/Y
 _48007_/A1
 _48007_/A2
 _48007_/B1
 _48007_/Y
 _48009_/A1
 _48009_/A2
 _48009_/B1
 _48009_/C1
 _48009_/Y
 _48010_/A1
 _48010_/A2
 _48010_/B1
 _48010_/Y
 _48011_/A1
 _48011_/A2
 _48011_/B1
 _48011_/Y
 _48013_/A
 _48013_/B
 _48013_/Y
 _48014_/A1
 _48014_/A2
 _48014_/B1
 _48014_/B2
 _48014_/Y
 _48015_/A
 _48015_/B
 _48015_/Y
 _48016_/A
 _48016_/B
 _48016_/Y
 _48018_/A1
 _48018_/A2
 _48018_/B1
 _48018_/Y
 _48019_/A1
 _48019_/A2
 _48019_/B1
 _48019_/Y
 _48020_/A1
 _48020_/A2
 _48020_/B1
 _48020_/B2
 _48020_/C1
 _48020_/X
 _48021_/A
 _48021_/B
 _48021_/Y
 _48023_/A
 _48023_/B
 _48023_/Y
 _48024_/A
 _48024_/B
 _48024_/Y
 _48025_/A
 _48025_/B
 _48025_/Y
 _48026_/A
 _48026_/B
 _48026_/Y
 _48027_/A
 _48027_/B
 _48027_/Y
 _48028_/A1
 _48028_/A2
 _48028_/B1
 _48028_/B2
 _48028_/C1
 _48028_/Y
 _48029_/A
 _48029_/B
 _48029_/Y
 _48030_/A
 _48030_/B
 _48030_/Y
 _48031_/A
 _48031_/B
 _48031_/Y
 _48033_/A
 _48033_/B
 _48033_/Y
 _48035_/A
 _48035_/B
 _48035_/Y
 _48036_/A
 _48036_/B
 _48036_/Y
 _48038_/A1
 _48038_/A2
 _48038_/B1
 _48038_/B2
 _48038_/Y
 _48039_/A
 _48039_/B
 _48039_/Y
 _48040_/A
 _48040_/B
 _48040_/Y
 _48041_/A
 _48041_/B
 _48041_/Y
 _48044_/A1
 _48044_/A2
 _48044_/B1
 _48044_/B2
 _48044_/C1
 _48044_/C2
 _48044_/Y
 _48045_/A1
 _48045_/A2
 _48045_/B1
 _48045_/B2
 _48045_/C1
 _48045_/Y
 _48046_/A1
 _48046_/A2
 _48046_/B1
 _48046_/Y
 _48047_/A1
 _48047_/A2
 _48047_/B1
 _48047_/C1
 _48047_/Y
 _48048_/A1
 _48048_/A2
 _48048_/B1
 _48048_/Y
 _48049_/A1
 _48049_/A2
 _48049_/B1
 _48049_/Y
 _48050_/A
 _48050_/B
 _48050_/Y
 _48051_/A
 _48051_/B
 _48051_/Y
 _48052_/A1
 _48052_/A2
 _48052_/B1
 _48052_/Y
 _48053_/A1
 _48053_/A2
 _48053_/B1
 _48053_/B2
 _48053_/C1
 _48053_/Y
 _48054_/A1
 _48054_/A2
 _48054_/B1
 _48054_/X
 _48056_/A
 _48056_/B
 _48056_/Y
 _48057_/A
 _48057_/B
 _48057_/Y
 _48058_/A
 _48058_/B
 _48058_/Y
 _48059_/A
 _48059_/B
 _48059_/Y
 _48060_/A1
 _48060_/A2
 _48060_/B1
 _48060_/B2
 _48060_/C1
 _48060_/C2
 _48060_/Y
 _48061_/A1
 _48061_/A2
 _48061_/B1
 _48061_/B2
 _48061_/C1
 _48061_/Y
 _48062_/A1
 _48062_/A2
 _48062_/B1
 _48062_/Y
 _48063_/A1
 _48063_/A2
 _48063_/B1
 _48063_/B2
 _48063_/C1
 _48063_/Y
 _48064_/A
 _48064_/B
 _48064_/Y
 _48065_/A1
 _48065_/A2
 _48065_/A3
 _48065_/B1
 _48065_/Y
 _48066_/A
 _48066_/B
 _48066_/Y
 _48067_/A
 _48067_/B
 _48067_/Y
 _48068_/A
 _48068_/B
 _48068_/Y
 _48069_/A1
 _48069_/A2
 _48069_/B1
 _48069_/B2
 _48069_/C1
 _48069_/C2
 _48069_/Y
 _48070_/A1
 _48070_/A2
 _48070_/B1
 _48070_/B2
 _48070_/C1
 _48070_/Y
 _48071_/A1
 _48071_/A2
 _48071_/B1
 _48071_/Y
 _48072_/A1
 _48072_/A2
 _48072_/B1
 _48072_/X
 _48073_/A0
 _48073_/A1
 _48073_/S
 _48073_/Y
 _48074_/A1
 _48074_/A2
 _48074_/B1
 _48074_/Y
 _48075_/A1
 _48075_/A2
 _48075_/B1
 _48075_/Y
 _48076_/A1
 _48076_/A2
 _48076_/B1
 _48076_/B2
 _48076_/C1
 _48076_/Y
 _48077_/A1
 _48077_/A2
 _48077_/B1
 _48077_/Y
 _48078_/A
 _48078_/B
 _48078_/Y
 _48079_/A_N
 _48079_/B
 _48079_/C
 _48079_/Y
 _48080_/A
 _48080_/B
 _48080_/Y
 _48081_/A
 _48081_/B
 _48081_/Y
 _48082_/A
 _48082_/B
 _48082_/C
 _48082_/D
 _48082_/Y
 _48083_/A
 _48083_/B
 _48083_/C
 _48083_/D
 _48083_/Y
 _48084_/A
 _48084_/B
 _48084_/C
 _48084_/D
 _48084_/Y
 _48085_/A
 _48085_/B
 _48085_/C
 _48085_/D_N
 _48085_/Y
 _48086_/A
 _48086_/B
 _48086_/C
 _48086_/Y
 _48087_/A
 _48087_/B
 _48087_/C
 _48087_/X
 _48088_/A
 _48088_/B
 _48088_/C
 _48088_/D
 _48088_/Y
 _48089_/A
 _48089_/B
 _48089_/Y
 _48090_/A
 _48090_/B
 _48090_/Y
 _48091_/A
 _48091_/B
 _48091_/Y
 _48092_/A1
 _48092_/A2
 _48092_/B1
 _48092_/Y
 _48093_/A1
 _48093_/A2
 _48093_/B1
 _48093_/Y
 _48094_/A
 _48094_/B
 _48094_/Y
 _48095_/A
 _48095_/B
 _48095_/Y
 _48096_/A
 _48096_/B
 _48096_/Y
 _48097_/A1
 _48097_/A2
 _48097_/B1
 _48097_/Y
 _48098_/A
 _48098_/B
 _48098_/Y
 _48099_/A1
 _48099_/A2
 _48099_/B1
 _48099_/Y
 _48100_/A1
 _48100_/A2
 _48100_/B1
 _48100_/Y
 _48101_/A1
 _48101_/A2
 _48101_/B1
 _48101_/Y
 _48102_/A1
 _48102_/A2
 _48102_/B1
 _48102_/C1
 _48102_/Y
 _48103_/A1
 _48103_/A2
 _48103_/B1
 _48103_/Y
 _48104_/A1
 _48104_/A2
 _48104_/B1
 _48104_/Y
 _48105_/A
 _48105_/B
 _48105_/Y
 _48106_/A
 _48106_/B
 _48106_/Y
 _48107_/A
 _48107_/B
 _48107_/Y
 _48108_/A1
 _48108_/A2
 _48108_/B1
 _48108_/Y
 _48109_/A1
 _48109_/A2
 _48109_/B1
 _48109_/Y
 _48110_/A1
 _48110_/A2
 _48110_/B1
 _48110_/B2
 _48110_/C1
 _48110_/Y
 _48111_/A1
 _48111_/A2
 _48111_/B1
 _48111_/Y
 _48112_/A1
 _48112_/A2
 _48112_/B1
 _48112_/B2
 _48112_/C1
 _48112_/Y
 _48113_/A
 _48113_/B
 _48113_/Y
 _48114_/A
 _48114_/B
 _48114_/Y
 _48115_/A1
 _48115_/A2
 _48115_/B1
 _48115_/Y
 _48116_/A1
 _48116_/A2
 _48116_/B1
 _48116_/Y
 _48117_/A
 _48117_/B
 _48117_/C
 _48117_/Y
 _48118_/A
 _48118_/B
 _48118_/C
 _48118_/D
 _48118_/X
 _48121_/A0
 _48121_/A1
 _48121_/A2
 _48121_/A3
 _48121_/S0
 _48121_/S1
 _48121_/X
 _48122_/A
 _48122_/B
 _48122_/Y
 _48123_/A
 _48123_/B
 _48123_/Y
 _48124_/A
 _48124_/B
 _48124_/C
 _48124_/Y
 _48125_/A1
 _48125_/A2
 _48125_/B1
 _48125_/Y
 _48126_/A
 _48126_/B
 _48126_/Y
 _48127_/A1
 _48127_/A2
 _48127_/B1
 _48127_/Y
 _48128_/A1
 _48128_/A2
 _48128_/B1
 _48128_/Y
 _48130_/A
 _48130_/B
 _48130_/Y
 _48132_/A
 _48132_/B
 _48132_/Y
 _48133_/A1
 _48133_/A2
 _48133_/B1
 _48133_/Y
 _48134_/A1
 _48134_/A2
 _48134_/B1
 _48134_/B2
 _48134_/C1
 _48134_/Y
 _48135_/A
 _48135_/B
 _48135_/Y
 _48136_/A
 _48136_/B
 _48136_/C
 _48136_/Y
 _48138_/A1
 _48138_/A2
 _48138_/B1
 _48138_/Y
 _48140_/A1
 _48140_/A2
 _48140_/B1
 _48140_/Y
 _48141_/A
 _48141_/B
 _48141_/Y
 _48142_/A
 _48142_/B
 _48142_/Y
 _48143_/A
 _48143_/B
 _48143_/Y
 _48144_/A1
 _48144_/A2
 _48144_/B1
 _48144_/Y
 _48145_/A1
 _48145_/A2
 _48145_/B1
 _48145_/C1
 _48145_/Y
 _48146_/A1
 _48146_/A2
 _48146_/A3
 _48146_/B1
 _48146_/Y
 _48147_/A1
 _48147_/A2
 _48147_/B1
 _48147_/B2
 _48147_/C1
 _48147_/Y
 _48148_/A1
 _48148_/A2
 _48148_/B1
 _48148_/C1
 _48148_/X
 _48149_/A1
 _48149_/A2
 _48149_/B1
 _48149_/B2
 _48149_/Y
 _48150_/A
 _48150_/B
 _48150_/Y
 _48151_/A1
 _48151_/A2
 _48151_/B1
 _48151_/Y
 _48152_/A
 _48152_/B
 _48152_/Y
 _48153_/A
 _48153_/B
 _48153_/Y
 _48154_/A
 _48154_/B
 _48154_/Y
 _48155_/A1
 _48155_/A2
 _48155_/B1
 _48155_/Y
 _48156_/A1
 _48156_/A2
 _48156_/B1
 _48156_/C1
 _48156_/Y
 _48157_/A1
 _48157_/A2
 _48157_/A3
 _48157_/B1
 _48157_/Y
 _48158_/A1
 _48158_/A2
 _48158_/B1
 _48158_/B2
 _48158_/C1
 _48158_/Y
 _48159_/A
 _48159_/B
 _48159_/Y
 _48160_/A
 _48160_/B
 _48160_/Y
 _48161_/A1
 _48161_/A2
 _48161_/B1
 _48161_/Y
 _48162_/A1
 _48162_/A2
 _48162_/B1
 _48162_/B2
 _48162_/C1
 _48162_/Y
 _48163_/A
 _48163_/B
 _48163_/Y
 _48164_/A
 _48164_/B
 _48164_/Y
 _48165_/A
 _48165_/B
 _48165_/C
 _48165_/Y
 _48166_/A1
 _48166_/A2
 _48166_/B1
 _48166_/Y
 _48167_/A0
 _48167_/A1
 _48167_/A2
 _48167_/A3
 _48167_/S0
 _48167_/S1
 _48167_/X
 _48168_/A
 _48168_/B
 _48168_/Y
 _48169_/A1
 _48169_/A2
 _48169_/B1
 _48169_/Y
 _48170_/A1
 _48170_/A2
 _48170_/B1
 _48170_/C1
 _48170_/Y
 _48171_/A
 _48171_/B
 _48171_/C
 _48171_/X
 _48173_/A
 _48173_/B
 _48173_/C
 _48173_/Y
 _48174_/A
 _48174_/B
 _48174_/Y
 _48175_/A
 _48175_/B
 _48175_/Y
 _48176_/A1
 _48176_/A2
 _48176_/B1
 _48176_/Y
 _48177_/A1
 _48177_/A2
 _48177_/B1
 _48177_/B2
 _48177_/C1
 _48177_/X
 _48178_/A0
 _48178_/A1
 _48178_/A2
 _48178_/A3
 _48178_/S0
 _48178_/S1
 _48178_/X
 _48179_/A
 _48179_/B
 _48179_/Y
 _48180_/A
 _48180_/B
 _48180_/Y
 _48181_/A
 _48181_/B
 _48181_/C
 _48181_/Y
 _48182_/A1
 _48182_/A2
 _48182_/B1
 _48182_/Y
 _48183_/A
 _48183_/B
 _48183_/Y
 _48184_/A1
 _48184_/A2
 _48184_/B1
 _48184_/Y
 _48185_/A1
 _48185_/A2
 _48185_/B1
 _48185_/Y
 _48186_/A0
 _48186_/A1
 _48186_/A2
 _48186_/A3
 _48186_/S0
 _48186_/S1
 _48186_/X
 _48187_/A
 _48187_/B
 _48187_/Y
 _48188_/A
 _48188_/B
 _48188_/Y
 _48189_/A
 _48189_/B
 _48189_/C
 _48189_/Y
 _48190_/A1
 _48190_/A2
 _48190_/B1
 _48190_/Y
 _48191_/A
 _48191_/B
 _48191_/Y
 _48192_/A1
 _48192_/A2
 _48192_/B1
 _48192_/Y
 _48193_/A1
 _48193_/A2
 _48193_/B1
 _48193_/Y
 _48194_/A1
 _48194_/A2
 _48194_/B1
 _48194_/B2
 _48194_/Y
 _48195_/A
 _48195_/B
 _48195_/Y
 _48196_/A
 _48196_/B
 _48196_/Y
 _48197_/A
 _48197_/B
 _48197_/Y
 _48198_/A1
 _48198_/A2
 _48198_/B1
 _48198_/Y
 _48199_/A1
 _48199_/A2
 _48199_/B1
 _48199_/Y
 _48200_/A
 _48200_/B
 _48200_/Y
 _48201_/A
 _48201_/B
 _48201_/Y
 _48202_/A1
 _48202_/A2
 _48202_/B1
 _48202_/Y
 _48203_/A1
 _48203_/A2
 _48203_/B1
 _48203_/Y
 _48204_/A1
 _48204_/A2
 _48204_/B1
 _48204_/B2
 _48204_/Y
 _48205_/A1
 _48205_/A2
 _48205_/B1
 _48205_/Y
 _48207_/A
 _48207_/B
 _48207_/Y
 _48208_/A
 _48208_/B
 _48208_/Y
 _48209_/A1
 _48209_/A2
 _48209_/B1
 _48209_/Y
 _48210_/A1
 _48210_/A2
 _48210_/B1
 _48210_/Y
 _48211_/A0
 _48211_/A1
 _48211_/A2
 _48211_/A3
 _48211_/S0
 _48211_/S1
 _48211_/X
 _48212_/A
 _48212_/B
 _48212_/Y
 _48213_/A1
 _48213_/A2
 _48213_/B1
 _48213_/Y
 _48214_/A0
 _48214_/A1
 _48214_/S
 _48214_/Y
 _48215_/A0
 _48215_/A1
 _48215_/S
 _48215_/Y
 _48216_/A1
 _48216_/A2
 _48216_/B1
 _48216_/B2
 _48216_/C1
 _48216_/Y
 _48217_/A1
 _48217_/A2
 _48217_/B1
 _48217_/B2
 _48217_/C1
 _48217_/Y
 _48218_/A1
 _48218_/A2
 _48218_/B1
 _48218_/Y
 _48219_/A1
 _48219_/A2
 _48219_/B1
 _48219_/Y
 _48220_/A
 _48220_/B
 _48220_/C
 _48220_/Y
 _48221_/A
 _48221_/B
 _48221_/Y
 _48222_/A
 _48222_/B
 _48222_/Y
 _48223_/A1
 _48223_/A2
 _48223_/B1
 _48223_/Y
 _48224_/A1
 _48224_/A2
 _48224_/B1
 _48224_/Y
 _48225_/A
 _48225_/B
 _48225_/Y
 _48226_/A
 _48226_/B
 _48226_/Y
 _48227_/A1
 _48227_/A2
 _48227_/B1
 _48227_/Y
 _48228_/A1
 _48228_/A2
 _48228_/B1
 _48228_/Y
 _48229_/A1
 _48229_/A2
 _48229_/B1
 _48229_/B2
 _48229_/Y
 _48230_/A1
 _48230_/A2
 _48230_/B1
 _48230_/Y
 _48231_/A
 _48231_/B
 _48231_/Y
 _48232_/A
 _48232_/B
 _48232_/Y
 _48233_/A1
 _48233_/A2
 _48233_/B1
 _48233_/Y
 _48234_/A1
 _48234_/A2
 _48234_/B1
 _48234_/Y
 _48235_/A0
 _48235_/A1
 _48235_/A2
 _48235_/A3
 _48235_/S0
 _48235_/S1
 _48235_/X
 _48236_/A
 _48236_/B
 _48236_/Y
 _48237_/A1
 _48237_/A2
 _48237_/B1
 _48237_/Y
 _48238_/A0
 _48238_/A1
 _48238_/S
 _48238_/Y
 _48239_/A0
 _48239_/A1
 _48239_/S
 _48239_/Y
 _48240_/A1
 _48240_/A2
 _48240_/B1
 _48240_/B2
 _48240_/C1
 _48240_/Y
 _48241_/A1
 _48241_/A2
 _48241_/B1
 _48241_/B2
 _48241_/C1
 _48241_/Y
 _48242_/A1
 _48242_/A2
 _48242_/A3
 _48242_/B1
 _48242_/Y
 _48243_/A1
 _48243_/A2
 _48243_/B1
 _48243_/Y
 _48244_/A0
 _48244_/A1
 _48244_/A2
 _48244_/A3
 _48244_/S0
 _48244_/S1
 _48244_/X
 _48245_/A
 _48245_/B
 _48245_/Y
 _48246_/A
 _48246_/B
 _48246_/Y
 _48247_/A1
 _48247_/A2
 _48247_/B1
 _48247_/Y
 _48248_/A1
 _48248_/A2
 _48248_/B1
 _48248_/Y
 _48249_/A
 _48249_/B
 _48249_/Y
 _48250_/A1
 _48250_/A2
 _48250_/B1
 _48250_/Y
 _48251_/A0
 _48251_/A1
 _48251_/S
 _48251_/Y
 _48252_/A0
 _48252_/A1
 _48252_/S
 _48252_/Y
 _48253_/A1
 _48253_/A2
 _48253_/B1
 _48253_/B2
 _48253_/C1
 _48253_/Y
 _48254_/A1
 _48254_/A2
 _48254_/A3
 _48254_/B1
 _48254_/Y
 _48255_/A
 _48255_/B
 _48255_/Y
 _48256_/A
 _48256_/B
 _48256_/Y
 _48257_/A1
 _48257_/A2
 _48257_/B1
 _48257_/Y
 _48258_/A1
 _48258_/A2
 _48258_/B1
 _48258_/Y
 _48259_/A0
 _48259_/A1
 _48259_/A2
 _48259_/A3
 _48259_/S0
 _48259_/S1
 _48259_/X
 _48260_/A
 _48260_/B
 _48260_/Y
 _48261_/A1
 _48261_/A2
 _48261_/B1
 _48261_/Y
 _48262_/A
 _48262_/B
 _48262_/Y
 _48263_/A1
 _48263_/A2
 _48263_/B1
 _48263_/C1
 _48263_/Y
 _48264_/A1
 _48264_/A2
 _48264_/B1
 _48264_/Y
 _48265_/A
 _48265_/B
 _48265_/Y
 _48266_/A
 _48266_/B
 _48266_/Y
 _48267_/A1
 _48267_/A2
 _48267_/B1
 _48267_/Y
 _48268_/A1
 _48268_/A2
 _48268_/B1
 _48268_/Y
 _48269_/A0
 _48269_/A1
 _48269_/A2
 _48269_/A3
 _48269_/S0
 _48269_/S1
 _48269_/X
 _48270_/A
 _48270_/B
 _48270_/Y
 _48271_/A1
 _48271_/A2
 _48271_/B1
 _48271_/Y
 _48272_/A
 _48272_/B
 _48272_/Y
 _48273_/A
 _48273_/B
 _48273_/Y
 _48274_/A
 _48274_/B
 _48274_/Y
 _48275_/A1
 _48275_/A2
 _48275_/B1
 _48275_/Y
 _48276_/A1
 _48276_/A2
 _48276_/B1
 _48276_/Y
 _48277_/A0
 _48277_/A1
 _48277_/A2
 _48277_/A3
 _48277_/S0
 _48277_/S1
 _48277_/X
 _48278_/A
 _48278_/B
 _48278_/Y
 _48279_/A1
 _48279_/A2
 _48279_/B1
 _48279_/Y
 _48280_/A
 _48280_/B
 _48280_/X
 _48281_/A0
 _48281_/A1
 _48281_/S
 _48281_/Y
 _48282_/A0
 _48282_/A1
 _48282_/S
 _48282_/Y
 _48283_/A1
 _48283_/A2
 _48283_/B1
 _48283_/B2
 _48283_/C1
 _48283_/Y
 _48284_/A1
 _48284_/A2
 _48284_/B1
 _48284_/B2
 _48284_/C1
 _48284_/Y
 _48285_/A1_N
 _48285_/A2_N
 _48285_/B1
 _48285_/B2
 _48285_/Y
 _48286_/A0
 _48286_/A1
 _48286_/A2
 _48286_/A3
 _48286_/S0
 _48286_/S1
 _48286_/X
 _48287_/A
 _48287_/B
 _48287_/Y
 _48288_/A
 _48288_/B
 _48288_/Y
 _48289_/A1
 _48289_/A2
 _48289_/B1
 _48289_/Y
 _48290_/A1
 _48290_/A2
 _48290_/B1
 _48290_/Y
 _48291_/A
 _48291_/B
 _48291_/Y
 _48292_/A1
 _48292_/A2
 _48292_/B1
 _48292_/Y
 _48293_/A
 _48293_/B
 _48293_/Y
 _48294_/A
 _48294_/B
 _48294_/Y
 _48295_/A1
 _48295_/A2
 _48295_/B1
 _48295_/Y
 _48296_/A1
 _48296_/A2
 _48296_/B1
 _48296_/Y
 _48297_/A0
 _48297_/A1
 _48297_/A2
 _48297_/A3
 _48297_/S0
 _48297_/S1
 _48297_/X
 _48298_/A
 _48298_/B
 _48298_/Y
 _48299_/A1
 _48299_/A2
 _48299_/B1
 _48299_/Y
 _48300_/A
 _48300_/B
 _48300_/Y
 _48301_/A
 _48301_/B
 _48301_/Y
 _48302_/A
 _48302_/B
 _48302_/Y
 _48303_/A1
 _48303_/A2
 _48303_/B1
 _48303_/Y
 _48304_/A
 _48304_/B
 _48304_/Y
 _48305_/A
 _48305_/B
 _48305_/Y
 _48306_/A1
 _48306_/A2
 _48306_/B1
 _48306_/Y
 _48307_/A1
 _48307_/A2
 _48307_/B1
 _48307_/C1
 _48307_/D1
 _48307_/Y
 _48308_/A1
 _48308_/A2
 _48308_/B1
 _48308_/C1
 _48308_/Y
 _48309_/A1
 _48309_/A2
 _48309_/B1
 _48309_/Y
 _48310_/A
 _48310_/B
 _48310_/C
 _48310_/D
 _48310_/Y
 _48311_/A
 _48311_/B
 _48311_/C
 _48311_/Y
 _48312_/A
 _48312_/Y
 _48313_/A
 _48313_/B
 _48313_/Y
 _48314_/A
 _48314_/B
 _48314_/C
 _48314_/Y
 _48315_/A
 _48315_/B
 _48315_/Y
 _48316_/A
 _48316_/B
 _48316_/Y
 _48317_/A
 _48317_/B
 _48317_/Y
 _48318_/A
 _48318_/B
 _48318_/Y
 _48319_/A1
 _48319_/A2
 _48319_/B1
 _48319_/B2
 _48319_/Y
 _48320_/A
 _48320_/B
 _48320_/Y
 _48321_/A
 _48321_/B
 _48321_/Y
 _48322_/A
 _48322_/B
 _48322_/Y
 _48323_/A1
 _48323_/A2
 _48323_/B1
 _48323_/B2
 _48323_/Y
 _48324_/A
 _48324_/B
 _48324_/C
 _48324_/Y
 _48325_/A1
 _48325_/A2
 _48325_/B1
 _48325_/Y
 _48326_/A1
 _48326_/A2
 _48326_/B1
 _48326_/Y
 _48327_/A
 _48327_/B
 _48327_/Y
 _48328_/A
 _48328_/B
 _48328_/Y
 _48329_/A
 _48329_/B
 _48329_/Y
 _48330_/A
 _48330_/B
 _48330_/Y
 _48331_/A1
 _48331_/A2
 _48331_/B1
 _48331_/B2
 _48331_/Y
 _48332_/A
 _48332_/B
 _48332_/Y
 _48333_/A
 _48333_/B
 _48333_/Y
 _48334_/A
 _48334_/B
 _48334_/Y
 _48335_/A1
 _48335_/A2
 _48335_/B1
 _48335_/B2
 _48335_/Y
 _48336_/A
 _48336_/B
 _48336_/C
 _48336_/Y
 _48337_/A1
 _48337_/A2
 _48337_/B1
 _48337_/Y
 _48338_/A1
 _48338_/A2
 _48338_/B1
 _48338_/Y
 _48339_/A
 _48339_/B
 _48339_/Y
 _48340_/A1
 _48340_/A2
 _48340_/B1
 _48340_/B2
 _48340_/X
 _48341_/A
 _48341_/B
 _48341_/Y
 _48342_/A
 _48342_/B
 _48342_/Y
 _48343_/A1
 _48343_/A2
 _48343_/B1
 _48343_/Y
 _48344_/A
 _48344_/B
 _48344_/Y
 _48345_/A
 _48345_/B
 _48345_/Y
 _48346_/A1
 _48346_/A2
 _48346_/B1
 _48346_/C1
 _48346_/D1
 _48346_/Y
 _48348_/A
 _48348_/B
 _48348_/Y
 _48350_/A
 _48350_/B
 _48350_/Y
 _48351_/A
 _48351_/B
 _48351_/Y
 _48353_/A1
 _48353_/A2
 _48353_/B1
 _48353_/B2
 _48353_/Y
 _48355_/A
 _48355_/B
 _48355_/Y
 _48356_/A
 _48356_/B
 _48356_/Y
 _48357_/A
 _48357_/B
 _48357_/Y
 _48359_/A1
 _48359_/A2
 _48359_/B1
 _48359_/B2
 _48359_/Y
 _48361_/A
 _48361_/B
 _48361_/C
 _48361_/Y
 _48362_/A1
 _48362_/A2
 _48362_/B1
 _48362_/Y
 _48363_/A1
 _48363_/A2
 _48363_/B1
 _48363_/Y
 _48364_/A
 _48364_/B
 _48364_/Y
 _48365_/A
 _48365_/B
 _48365_/Y
 _48366_/A
 _48366_/B
 _48366_/Y
 _48367_/A
 _48367_/B
 _48367_/Y
 _48368_/A1
 _48368_/A2
 _48368_/B1
 _48368_/B2
 _48368_/Y
 _48369_/A
 _48369_/B
 _48369_/C
 _48369_/Y
 _48370_/A
 _48370_/B
 _48370_/Y
 _48371_/A
 _48371_/B
 _48371_/Y
 _48372_/A
 _48372_/B
 _48372_/Y
 _48373_/A
 _48373_/B
 _48373_/Y
 _48374_/A1
 _48374_/A2
 _48374_/B1
 _48374_/C1
 _48374_/Y
 _48375_/A1
 _48375_/A2
 _48375_/B1
 _48375_/B2
 _48375_/C1
 _48375_/Y
 _48376_/A
 _48376_/B
 _48376_/Y
 _48377_/A
 _48377_/B
 _48377_/Y
 _48378_/A1
 _48378_/A2
 _48378_/B1
 _48378_/Y
 _48379_/A1
 _48379_/A2
 _48379_/B1
 _48379_/B2
 _48379_/C1
 _48379_/Y
 _48380_/A1
 _48380_/A2
 _48380_/A3
 _48380_/B1
 _48380_/Y
 _48381_/A1
 _48381_/A2
 _48381_/B1
 _48381_/Y
 _48382_/A
 _48382_/B
 _48382_/Y
 _48383_/A
 _48383_/B
 _48383_/Y
 _48384_/A
 _48384_/B
 _48384_/Y
 _48385_/A1
 _48385_/A2
 _48385_/B1
 _48385_/B2
 _48385_/Y
 _48387_/A
 _48387_/B
 _48387_/Y
 _48388_/A
 _48388_/B
 _48388_/Y
 _48389_/A
 _48389_/B
 _48389_/Y
 _48390_/A1
 _48390_/A2
 _48390_/B1
 _48390_/B2
 _48390_/Y
 _48391_/A
 _48391_/B
 _48391_/C
 _48391_/Y
 _48392_/A1
 _48392_/A2
 _48392_/B1
 _48392_/Y
 _48393_/A1
 _48393_/A2
 _48393_/B1
 _48393_/Y
 _48394_/A
 _48394_/B
 _48394_/Y
 _48396_/A
 _48396_/B
 _48396_/Y
 _48397_/A
 _48397_/B
 _48397_/Y
 _48398_/A
 _48398_/B
 _48398_/Y
 _48399_/A1
 _48399_/A2
 _48399_/B1
 _48399_/B2
 _48399_/Y
 _48400_/A
 _48400_/B
 _48400_/C
 _48400_/Y
 _48401_/A
 _48401_/B
 _48401_/Y
 _48402_/A
 _48402_/B
 _48402_/Y
 _48403_/A
 _48403_/B
 _48403_/Y
 _48404_/A
 _48404_/B
 _48404_/Y
 _48405_/A1
 _48405_/A2
 _48405_/B1
 _48405_/C1
 _48405_/Y
 _48406_/A1
 _48406_/A2
 _48406_/B1
 _48406_/B2
 _48406_/C1
 _48406_/Y
 _48407_/A
 _48407_/B
 _48407_/Y
 _48408_/A
 _48408_/B
 _48408_/Y
 _48409_/A1
 _48409_/A2
 _48409_/B1
 _48409_/Y
 _48410_/A1
 _48410_/A2
 _48410_/B1
 _48410_/B2
 _48410_/C1
 _48410_/Y
 _48411_/A1
 _48411_/A2
 _48411_/A3
 _48411_/B1
 _48411_/Y
 _48412_/A1
 _48412_/A2
 _48412_/B1
 _48412_/Y
 _48413_/A
 _48413_/B
 _48413_/C
 _48413_/Y
 _48414_/A1
 _48414_/A2
 _48414_/B1
 _48414_/B2
 _48414_/C1
 _48414_/C2
 _48414_/Y
 _48415_/A1
 _48415_/A2
 _48415_/B1
 _48415_/B2
 _48415_/C1
 _48415_/Y
 _48416_/A1
 _48416_/A2
 _48416_/B1
 _48416_/Y
 _48417_/A
 _48417_/B
 _48417_/Y
 _48418_/A
 _48418_/B
 _48418_/Y
 _48419_/A1
 _48419_/A2
 _48419_/B1_N
 _48419_/Y
 _48420_/A1
 _48420_/A2
 _48420_/B1
 _48420_/Y
 _48421_/A
 _48421_/B
 _48421_/Y
 _48422_/A
 _48422_/B
 _48422_/Y
 _48423_/A
 _48423_/B
 _48423_/Y
 _48424_/A
 _48424_/B
 _48424_/Y
 _48425_/A1
 _48425_/A2
 _48425_/B1
 _48425_/B2
 _48425_/C1
 _48425_/C2
 _48425_/Y
 _48426_/A1
 _48426_/A2
 _48426_/B1
 _48426_/B2
 _48426_/C1
 _48426_/Y
 _48427_/A1
 _48427_/A2
 _48427_/B1
 _48427_/Y
 _48428_/A1
 _48428_/A2
 _48428_/B1
 _48428_/X
 _48429_/A
 _48429_/B
 _48429_/Y
 _48430_/A
 _48430_/B
 _48430_/Y
 _48431_/A1
 _48431_/A2
 _48431_/B1
 _48431_/Y
 _48432_/A
 _48432_/B
 _48432_/Y
 _48433_/A
 _48433_/B
 _48433_/Y
 _48434_/A1
 _48434_/A2
 _48434_/B1
 _48434_/B2
 _48434_/Y
 _48435_/A
 _48435_/B
 _48435_/Y
 _48436_/A1
 _48436_/A2
 _48436_/B1
 _48436_/Y
 _48437_/A1
 _48437_/A2
 _48437_/B1
 _48437_/C1
 _48437_/D1
 _48437_/Y
 _48438_/A
 _48438_/B
 _48438_/C
 _48438_/Y
 _48439_/A1
 _48439_/A2
 _48439_/B1
 _48439_/Y
 _48440_/A
 _48440_/B
 _48440_/Y
 _48441_/A
 _48441_/B
 _48441_/Y
 _48442_/A
 _48442_/B
 _48442_/Y
 _48443_/A
 _48443_/B
 _48443_/Y
 _48444_/A
 _48444_/B
 _48444_/Y
 _48445_/A
 _48445_/B
 _48445_/Y
 _48446_/A1
 _48446_/A2
 _48446_/B1
 _48446_/B2
 _48446_/C1
 _48446_/C2
 _48446_/Y
 _48447_/A
 _48447_/B
 _48447_/Y
 _48448_/A
 _48448_/B
 _48448_/Y
 _48449_/A
 _48449_/B
 _48449_/Y
 _48450_/A1
 _48450_/A2
 _48450_/B1
 _48450_/B2
 _48450_/C1
 _48450_/Y
 _48451_/A1
 _48451_/A2
 _48451_/B1
 _48451_/B2
 _48451_/Y
 _48452_/A1
 _48452_/A2
 _48452_/B1
 _48452_/B2
 _48452_/Y
 _48453_/A1
 _48453_/A2
 _48453_/B1
 _48453_/Y
 _48454_/A1
 _48454_/A2
 _48454_/B1
 _48454_/B2
 _48454_/C1
 _48454_/C2
 _48454_/Y
 _48455_/A
 _48455_/B
 _48455_/Y
 _48456_/A1
 _48456_/A2
 _48456_/B1
 _48456_/C1
 _48456_/D1
 _48456_/Y
 _48457_/A1
 _48457_/A2
 _48457_/B1
 _48457_/C1
 _48457_/Y
 _48458_/A
 _48458_/B
 _48458_/Y
 _48459_/A
 _48459_/B
 _48459_/Y
 _48460_/A1
 _48460_/A2
 _48460_/B1
 _48460_/Y
 _48461_/A
 _48461_/B
 _48461_/Y
 _48462_/A
 _48462_/B
 _48462_/Y
 _48463_/A1
 _48463_/A2
 _48463_/B1
 _48463_/C1
 _48463_/D1
 _48463_/Y
 _48464_/A1
 _48464_/A2
 _48464_/B1
 _48464_/B2
 _48464_/Y
 _48465_/A
 _48465_/B
 _48465_/C
 _48465_/Y
 _48466_/A1
 _48466_/A2
 _48466_/B1
 _48466_/Y
 _48467_/A1
 _48467_/A2
 _48467_/B1
 _48467_/Y
 _48468_/A
 _48468_/B
 _48468_/Y
 _48469_/A
 _48469_/B
 _48469_/Y
 _48470_/A
 _48470_/B
 _48470_/Y
 _48471_/A
 _48471_/B
 _48471_/Y
 _48472_/A
 _48472_/B
 _48472_/Y
 _48473_/A
 _48473_/B
 _48473_/Y
 _48474_/A1
 _48474_/A2
 _48474_/B1
 _48474_/B2
 _48474_/Y
 _48475_/A1
 _48475_/A2
 _48475_/B1_N
 _48475_/Y
 _48476_/A
 _48476_/B
 _48476_/Y
 _48477_/A
 _48477_/B
 _48477_/Y
 _48478_/A
 _48478_/B
 _48478_/Y
 _48479_/A1
 _48479_/A2
 _48479_/B1
 _48479_/B2
 _48479_/Y
 _48480_/A
 _48480_/B
 _48480_/Y
 _48481_/A
 _48481_/B
 _48481_/Y
 _48482_/A
 _48482_/B
 _48482_/Y
 _48483_/A1
 _48483_/A2
 _48483_/B1
 _48483_/B2
 _48483_/Y
 _48484_/A
 _48484_/B
 _48484_/C
 _48484_/Y
 _48485_/A1
 _48485_/A2
 _48485_/B1
 _48485_/Y
 _48486_/A1
 _48486_/A2
 _48486_/B1
 _48486_/Y
 _48487_/A
 _48487_/B
 _48487_/Y
 _48488_/A
 _48488_/B
 _48488_/Y
 _48489_/A
 _48489_/B
 _48489_/Y
 _48490_/A1
 _48490_/A2
 _48490_/B1
 _48490_/Y
 _48491_/A1
 _48491_/A2
 _48491_/B1
 _48491_/B2
 _48491_/C1
 _48491_/X
 _48492_/A1
 _48492_/A2
 _48492_/B1
 _48492_/C1
 _48492_/Y
 _48493_/A
 _48493_/B
 _48493_/C
 _48493_/Y
 _48494_/A0
 _48494_/A1
 _48494_/S
 _48494_/Y
 _48495_/A0
 _48495_/A1
 _48495_/S
 _48495_/Y
 _48496_/A1
 _48496_/A2
 _48496_/B1
 _48496_/B2
 _48496_/C1
 _48496_/Y
 _48497_/A
 _48497_/B
 _48497_/Y
 _48498_/A
 _48498_/B
 _48498_/Y
 _48499_/A
 _48499_/B
 _48499_/Y
 _48500_/A1
 _48500_/A2
 _48500_/B1
 _48500_/B2
 _48500_/C1
 _48500_/Y
 _48501_/A
 _48501_/B
 _48501_/Y
 _48502_/A
 _48502_/B
 _48502_/Y
 _48503_/A
 _48503_/B
 _48503_/Y
 _48504_/A
 _48504_/B
 _48504_/Y
 _48505_/A
 _48505_/B
 _48505_/Y
 _48506_/A
 _48506_/B
 _48506_/Y
 _48507_/A1
 _48507_/A2
 _48507_/B1
 _48507_/B2
 _48507_/Y
 _48508_/A1
 _48508_/A2
 _48508_/B1
 _48508_/B2
 _48508_/C1
 _48508_/C2
 _48508_/Y
 _48509_/A
 _48509_/B
 _48509_/Y
 _48510_/A1
 _48510_/A2
 _48510_/B1
 _48510_/B2
 _48510_/Y
 _48511_/A1
 _48511_/A2
 _48511_/B1
 _48511_/B2
 _48511_/Y
 _48512_/A
 _48512_/B
 _48512_/C
 _48512_/Y
 _48513_/A1
 _48513_/A2
 _48513_/B1
 _48513_/Y
 _48514_/A1
 _48514_/A2
 _48514_/B1
 _48514_/C1
 _48514_/Y
 _48515_/A1
 _48515_/A2
 _48515_/B1
 _48515_/C1
 _48515_/X
 _48516_/A1
 _48516_/A2
 _48516_/B1
 _48516_/Y
 _48517_/A
 _48517_/B
 _48517_/Y
 _48518_/A
 _48518_/B
 _48518_/Y
 _48519_/A
 _48519_/B
 _48519_/Y
 _48520_/A1
 _48520_/A2
 _48520_/B1
 _48520_/B2
 _48520_/C1
 _48520_/C2
 _48520_/Y
 _48521_/A1
 _48521_/A2
 _48521_/B1
 _48521_/B2
 _48521_/C1
 _48521_/Y
 _48522_/A1
 _48522_/A2
 _48522_/B1
 _48522_/Y
 _48523_/A1
 _48523_/A2
 _48523_/B1
 _48523_/Y
 _48524_/A
 _48524_/B
 _48524_/Y
 _48525_/A
 _48525_/B
 _48525_/Y
 _48526_/A
 _48526_/B
 _48526_/Y
 _48527_/A1
 _48527_/A2
 _48527_/B1
 _48527_/B2
 _48527_/C1
 _48527_/C2
 _48527_/Y
 _48528_/A1
 _48528_/A2
 _48528_/B1
 _48528_/B2
 _48528_/C1
 _48528_/Y
 _48529_/A1
 _48529_/A2
 _48529_/B1
 _48529_/Y
 _48530_/A1
 _48530_/A2
 _48530_/B1
 _48530_/C1
 _48530_/Y
 _48531_/A1
 _48531_/A2
 _48531_/B1
 _48531_/Y
 _48532_/A0
 _48532_/A1
 _48532_/S
 _48532_/Y
 _48533_/A0
 _48533_/A1
 _48533_/S
 _48533_/Y
 _48534_/A1
 _48534_/A2
 _48534_/B1
 _48534_/B2
 _48534_/C1
 _48534_/Y
 _48535_/A1
 _48535_/A2
 _48535_/B1
 _48535_/B2
 _48535_/C1
 _48535_/X
 _48536_/A1
 _48536_/A2
 _48536_/B1
 _48536_/Y
 _48537_/A
 _48537_/B
 _48537_/Y
 _48538_/A
 _48538_/B
 _48538_/Y
 _48539_/A
 _48539_/B
 _48539_/Y
 _48540_/A
 _48540_/B
 _48540_/Y
 _48541_/A
 _48541_/B
 _48541_/Y
 _48542_/A
 _48542_/B
 _48542_/Y
 _48543_/A1
 _48543_/A2
 _48543_/B1
 _48543_/B2
 _48543_/Y
 _48544_/A
 _48544_/B
 _48544_/Y
 _48545_/A
 _48545_/B
 _48545_/Y
 _48546_/A
 _48546_/B
 _48546_/Y
 _48547_/A1
 _48547_/A2
 _48547_/B1
 _48547_/B2
 _48547_/C1
 _48547_/Y
 _48548_/A
 _48548_/B
 _48548_/Y
 _48549_/A
 _48549_/B
 _48549_/Y
 _48550_/A
 _48550_/B
 _48550_/Y
 _48551_/A
 _48551_/B
 _48551_/Y
 _48552_/A1
 _48552_/A2
 _48552_/B1
 _48552_/B2
 _48552_/C1
 _48552_/Y
 _48553_/A
 _48553_/B
 _48553_/Y
 _48554_/A
 _48554_/B
 _48554_/Y
 _48555_/A
 _48555_/B
 _48555_/Y
 _48556_/A
 _48556_/B
 _48556_/Y
 _48557_/A
 _48557_/B
 _48557_/Y
 _48558_/A
 _48558_/B
 _48558_/Y
 _48559_/A1
 _48559_/A2
 _48559_/B1
 _48559_/B2
 _48559_/Y
 _48560_/A1
 _48560_/A2
 _48560_/B1
 _48560_/Y
 _48561_/A
 _48561_/B
 _48561_/Y
 _48562_/A0
 _48562_/A1
 _48562_/S
 _48562_/Y
 _48563_/A0
 _48563_/A1
 _48563_/S
 _48563_/Y
 _48564_/A1
 _48564_/A2
 _48564_/B1
 _48564_/B2
 _48564_/C1
 _48564_/Y
 _48565_/A1
 _48565_/A2
 _48565_/B1
 _48565_/Y
 _48566_/A1_N
 _48566_/A2_N
 _48566_/B1
 _48566_/B2
 _48566_/Y
 _48567_/A
 _48567_/B
 _48567_/C
 _48567_/D
 _48567_/Y
 _48568_/A
 _48568_/B
 _48568_/C
 _48568_/X
 _48569_/A
 _48569_/Y
 _48570_/A
 _48570_/B
 _48570_/C
 _48570_/D
 _48570_/X
 _48572_/A1
 _48572_/A2
 _48572_/B1
 _48572_/B2
 _48572_/Y
 _48573_/A
 _48573_/B
 _48573_/Y
 _48574_/A
 _48574_/B
 _48574_/C
 _48574_/Y
 _48575_/A
 _48575_/B
 _48575_/Y
 _48576_/A
 _48576_/B
 _48576_/C
 _48576_/Y
 _48577_/A
 _48577_/B_N
 _48577_/Y
 _48578_/A1
 _48578_/A2
 _48578_/B1
 _48578_/Y
 _48579_/A_N
 _48579_/B
 _48579_/Y
 _48580_/A
 _48580_/B
 _48580_/Y
 _48582_/A
 _48582_/B
 _48582_/X
 _48584_/A1
 _48584_/A2
 _48584_/B1
 _48584_/X
 _48585_/A1
 _48585_/A2
 _48585_/B1
 _48585_/Y
 _48587_/A
 _48587_/B_N
 _48587_/Y
 _48588_/A1
 _48588_/A2
 _48588_/B1
 _48588_/Y
 _48589_/A_N
 _48589_/B
 _48589_/Y
 _48590_/A
 _48590_/B
 _48590_/X
 _48591_/A
 _48591_/B
 _48591_/Y
 _48592_/A1
 _48592_/A2
 _48592_/B1
 _48592_/Y
 _48593_/A
 _48593_/B
 _48593_/C
 _48593_/X
 _48595_/A
 _48595_/B
 _48595_/C
 _48595_/Y
 _48596_/A_N
 _48596_/B
 _48596_/Y
 _48597_/A
 _48597_/B
 _48597_/Y
 _48598_/A0
 _48598_/A1
 _48598_/S
 _48598_/X
 _48599_/A
 _48599_/B
 _48599_/X
 _48600_/A_N
 _48600_/B
 _48600_/C
 _48600_/D
 _48600_/Y
 _48601_/A
 _48601_/B
 _48601_/Y
 _48602_/A
 _48602_/B
 _48602_/Y
 _48603_/A1
 _48603_/A2
 _48603_/B1
 _48603_/Y
 _48604_/A
 _48604_/B
 _48604_/C
 _48604_/X
 _48605_/A1
 _48605_/A2
 _48605_/A3
 _48605_/B1
 _48605_/Y
 _48606_/A
 _48606_/B
 _48606_/C
 _48606_/Y
 _48608_/A
 _48608_/Y
 _48610_/A
 _48610_/B
 _48610_/Y
 _48611_/A
 _48611_/B
 _48611_/Y
 _48612_/A1
 _48612_/A2
 _48612_/B1
 _48612_/Y
 _48613_/A
 _48613_/B
 _48613_/Y
 _48614_/A1
 _48614_/A2
 _48614_/B1
 _48614_/B2
 _48614_/X
 _48615_/A0
 _48615_/A1
 _48615_/S
 _48615_/X
 _48616_/A0
 _48616_/A1
 _48616_/S
 _48616_/X
 _48617_/A
 _48617_/B
 _48617_/Y
 _48618_/A0
 _48618_/A1
 _48618_/S
 _48618_/Y
 _48619_/A0
 _48619_/A1
 _48619_/S
 _48619_/X
 _48620_/A
 _48620_/B
 _48620_/C
 _48620_/Y
 _48623_/A
 _48623_/B
 _48623_/Y
 _48624_/A
 _48624_/B
 _48624_/Y
 _48625_/A1
 _48625_/A2
 _48625_/B1
 _48625_/X
 _48627_/A
 _48627_/B
 _48627_/X
 _48628_/A
 _48628_/B
 _48628_/Y
 _48629_/A
 _48629_/B
 _48629_/Y
 _48630_/A
 _48630_/B
 _48630_/Y
 _48631_/A
 _48631_/B
 _48631_/C
 _48631_/Y
 _48632_/A
 _48632_/B
 _48632_/X
 _48633_/A_N
 _48633_/B
 _48633_/C
 _48633_/X
 _48634_/A
 _48634_/B
 _48634_/C
 _48634_/X
 _48635_/A
 _48635_/B
 _48635_/C
 _48635_/Y
 _48636_/A1
 _48636_/A2
 _48636_/A3
 _48636_/A4
 _48636_/B1
 _48636_/Y
 _48637_/A
 _48637_/B
 _48637_/C
 _48637_/D
 _48637_/X
 _48638_/A
 _48638_/B
 _48638_/C
 _48638_/Y
 _48639_/A1
 _48639_/A2
 _48639_/B1
 _48639_/Y
 _48640_/A0
 _48640_/A1
 _48640_/S
 _48640_/Y
 _48641_/A
 _48641_/B
 _48641_/Y
 _48642_/A
 _48642_/B
 _48642_/Y
 _48643_/A1
 _48643_/A2
 _48643_/A3
 _48643_/B1
 _48643_/Y
 _48644_/A0
 _48644_/A1
 _48644_/S
 _48644_/X
 _48645_/A
 _48645_/B
 _48645_/Y
 _48646_/A
 _48646_/B
 _48646_/Y
 _48647_/A
 _48647_/B
 _48647_/Y
 _48648_/A1
 _48648_/A2
 _48648_/B1
 _48648_/Y
 _48649_/A
 _48649_/B
 _48649_/Y
 _48650_/A1
 _48650_/A2
 _48650_/B1
 _48650_/Y
 _48651_/A
 _48651_/B
 _48651_/C
 _48651_/X
 _48652_/A
 _48652_/B
 _48652_/C
 _48652_/X
 _48653_/A1
 _48653_/A2
 _48653_/B1
 _48653_/Y
 _48654_/A
 _48654_/B
 _48654_/C
 _48654_/Y
 _48655_/A1
 _48655_/A2
 _48655_/B1
 _48655_/Y
 _48656_/A0
 _48656_/A1
 _48656_/S
 _48656_/X
 _48657_/A1
 _48657_/A2
 _48657_/B1
 _48657_/B2
 _48657_/Y
 _48658_/A1
 _48658_/A2
 _48658_/B1
 _48658_/Y
 _48659_/A
 _48659_/B
 _48659_/Y
 _48660_/A1
 _48660_/A2
 _48660_/B1
 _48660_/B2
 _48660_/Y
 _48661_/A1
 _48661_/A2
 _48661_/B1
 _48661_/Y
 _48662_/A1
 _48662_/A2
 _48662_/B1
 _48662_/Y
 _48663_/A
 _48663_/B
 _48663_/C
 _48663_/X
 _48664_/A1
 _48664_/A2
 _48664_/B1
 _48664_/Y
 _48665_/A1
 _48665_/A2
 _48665_/B1
 _48665_/Y
 _48666_/A0
 _48666_/A1
 _48666_/S
 _48666_/Y
 _48667_/A
 _48667_/B_N
 _48667_/Y
 _48668_/A1
 _48668_/A2
 _48668_/B1
 _48668_/C1
 _48668_/X
 _48669_/A
 _48669_/B
 _48669_/Y
 _48670_/A
 _48670_/B
 _48670_/Y
 _48671_/A
 _48671_/B
 _48671_/Y
 _48672_/A
 _48672_/B
 _48672_/Y
 _48673_/A1
 _48673_/A2
 _48673_/B1
 _48673_/B2
 _48673_/Y
 _48674_/A1
 _48674_/A2
 _48674_/B1
 _48674_/B2
 _48674_/C1
 _48674_/Y
 _48675_/A1
 _48675_/A2
 _48675_/B1
 _48675_/Y
 _48676_/A
 _48676_/B
 _48676_/Y
 _48677_/A
 _48677_/B
 _48677_/Y
 _48678_/A
 _48678_/B
 _48678_/Y
 _48679_/A
 _48679_/B
 _48679_/Y
 _48680_/A
 _48680_/B
 _48680_/Y
 _48681_/A
 _48681_/B
 _48681_/Y
 _48682_/A
 _48682_/Y
 _48683_/A1
 _48683_/A2
 _48683_/B1
 _48683_/C1
 _48683_/Y
 _48684_/A
 _48684_/B
 _48684_/C
 _48684_/Y
 _48685_/A
 _48685_/B
 _48685_/X
 _48686_/A
 _48686_/B
 _48686_/Y
 _48687_/A1
 _48687_/A2
 _48687_/B1
 _48687_/Y
 _48688_/A
 _48688_/B
 _48688_/X
 _48689_/A
 _48689_/B
 _48689_/C
 _48689_/Y
 _48690_/A1
 _48690_/A2
 _48690_/B1
 _48690_/C1
 _48690_/D1
 _48690_/Y
 _48691_/A1
 _48691_/A2
 _48691_/B1_N
 _48691_/Y
 _48692_/A
 _48692_/B
 _48692_/C_N
 _48692_/X
 _48693_/A
 _48693_/B
 _48693_/Y
 _48694_/A1
 _48694_/A2
 _48694_/B1
 _48694_/Y
 _48695_/A1
 _48695_/A2
 _48695_/B1
 _48695_/Y
 _48696_/A
 _48696_/B
 _48696_/C
 _48696_/Y
 _48697_/A
 _48697_/B
 _48697_/Y
 _48698_/A
 _48698_/B
 _48698_/C
 _48698_/X
 _48699_/A_N
 _48699_/B
 _48699_/C
 _48699_/Y
 _48700_/A0
 _48700_/A1
 _48700_/S
 _48700_/X
 _48701_/A
 _48701_/B
 _48701_/C
 _48701_/Y
 _48702_/A0
 _48702_/A1
 _48702_/S
 _48702_/Y
 _48703_/A1
 _48703_/A2
 _48703_/B1
 _48703_/C1
 _48703_/Y
 _48704_/A1
 _48704_/A2
 _48704_/B1
 _48704_/B2
 _48704_/C1
 _48704_/Y
 _48705_/A
 _48705_/B
 _48705_/C
 _48705_/X
 _48706_/A
 _48706_/B
 _48706_/C
 _48706_/Y
 _48707_/A
 _48707_/B
 _48707_/X
 _48708_/A1
 _48708_/A2
 _48708_/B1
 _48708_/B2
 _48708_/C1
 _48708_/Y
 _48709_/A
 _48709_/B
 _48709_/Y
 _48710_/A1
 _48710_/A2
 _48710_/B1
 _48710_/Y
 _48711_/A
 _48711_/B
 _48711_/Y
 _48712_/A1
 _48712_/A2
 _48712_/B1
 _48712_/Y
 _48713_/A
 _48713_/B
 _48713_/C
 _48713_/D
 _48713_/Y
 _48714_/A
 _48714_/B
 _48714_/Y
 _48715_/A1
 _48715_/A2
 _48715_/B1
 _48715_/C1
 _48715_/Y
 _48716_/A1
 _48716_/A2
 _48716_/B1
 _48716_/C1
 _48716_/D1
 _48716_/Y
 _48717_/A1
 _48717_/A2
 _48717_/A3
 _48717_/B1
 _48717_/X
 _48718_/A
 _48718_/Y
 _48719_/A
 _48719_/B
 _48719_/C
 _48719_/X
 _48720_/A
 _48720_/B
 _48720_/X
 _48722_/A
 _48722_/B
 _48722_/C
 _48722_/Y
 _48723_/A
 _48723_/B
 _48723_/C
 _48723_/Y
 _48724_/A1
 _48724_/A2
 _48724_/B1
 _48724_/Y
 _48725_/A
 _48725_/B
 _48725_/Y
 _48726_/A0
 _48726_/A1
 _48726_/S
 _48726_/Y
 _48727_/A1
 _48727_/A2
 _48727_/B1
 _48727_/Y
 _48728_/A
 _48728_/B
 _48728_/Y
 _48729_/A
 _48729_/B
 _48729_/X
 _48730_/A
 _48730_/B
 _48730_/C
 _48730_/X
 _48731_/A1
 _48731_/A2
 _48731_/B1
 _48731_/C1
 _48731_/D1
 _48731_/Y
 _48733_/A
 _48733_/B
 _48733_/Y
 _48734_/A
 _48734_/B
 _48734_/Y
 _48735_/A1
 _48735_/A2
 _48735_/B1
 _48735_/C1
 _48735_/Y
 _48736_/A1
 _48736_/A2
 _48736_/B1
 _48736_/C1
 _48736_/Y
 _48737_/A1
 _48737_/A2
 _48737_/A3
 _48737_/B1
 _48737_/Y
 _48738_/A1
 _48738_/A2
 _48738_/B1
 _48738_/Y
 _48739_/A
 _48739_/B
 _48739_/X
 _48740_/A_N
 _48740_/B
 _48740_/C
 _48740_/D
 _48740_/Y
 _48741_/A_N
 _48741_/B
 _48741_/C
 _48741_/Y
 _48742_/A
 _48742_/B
 _48742_/C
 _48742_/Y
 _48743_/A
 _48743_/B
 _48743_/Y
 _48744_/A
 _48744_/B
 _48744_/Y
 _48745_/A
 _48745_/B
 _48745_/C
 _48745_/Y
 _48746_/A
 _48746_/B
 _48746_/Y
 _48747_/A1
 _48747_/A2
 _48747_/B1
 _48747_/Y
 _48748_/A0
 _48748_/A1
 _48748_/S
 _48748_/X
 _48749_/A_N
 _48749_/B
 _48749_/Y
 _48750_/A
 _48750_/B
 _48750_/Y
 _48751_/A
 _48751_/B
 _48751_/Y
 _48752_/A
 _48752_/B
 _48752_/Y
 _48753_/A
 _48753_/B
 _48753_/Y
 _48754_/A
 _48754_/B
 _48754_/Y
 _48755_/A1
 _48755_/A2
 _48755_/B1
 _48755_/Y
 _48756_/A1
 _48756_/A2
 _48756_/B1
 _48756_/B2
 _48756_/X
 _48757_/A
 _48757_/B_N
 _48757_/Y
 _48759_/A
 _48759_/B
 _48759_/Y
 _48760_/A
 _48760_/B
 _48760_/X
 _48761_/A
 _48761_/B
 _48761_/Y
 _48762_/A1
 _48762_/A2
 _48762_/A3
 _48762_/B1
 _48762_/Y
 _48765_/A
 _48765_/B
 _48765_/C
 _48765_/Y
 _48766_/A0
 _48766_/A1
 _48766_/S
 _48766_/Y
 _48768_/A0
 _48768_/A1
 _48768_/S
 _48768_/Y
 _48769_/A
 _48769_/B
 _48769_/Y
 _48770_/A0
 _48770_/A1
 _48770_/S
 _48770_/Y
 _48771_/A0
 _48771_/A1
 _48771_/S
 _48771_/Y
 _48772_/A
 _48772_/B
 _48772_/C
 _48772_/Y
 _48773_/A1
 _48773_/A2
 _48773_/B1
 _48773_/Y
 _48777_/A0
 _48777_/A1
 _48777_/S
 _48777_/Y
 _48778_/A
 _48778_/B
 _48778_/X
 _48780_/A0
 _48780_/A1
 _48780_/S
 _48780_/X
 _48783_/A1
 _48783_/A2
 _48783_/B1
 _48783_/Y
 _48784_/A0
 _48784_/A1
 _48784_/S
 _48784_/X
 _48785_/A
 _48785_/B
 _48785_/Y
 _48788_/A0
 _48788_/A1
 _48788_/S
 _48788_/Y
 _48789_/A
 _48789_/B
 _48789_/Y
 _48790_/A
 _48790_/B
 _48790_/Y
 _48791_/A1
 _48791_/A2
 _48791_/B1
 _48791_/Y
 _48795_/A1
 _48795_/A2
 _48795_/B1
 _48795_/B2
 _48795_/C1
 _48795_/Y
 _48796_/A1
 _48796_/A2
 _48796_/B1
 _48796_/Y
 _48797_/A0
 _48797_/A1
 _48797_/S
 _48797_/X
 _48798_/A
 _48798_/B
 _48798_/Y
 _48799_/A0
 _48799_/A1
 _48799_/S
 _48799_/Y
 _48803_/A0
 _48803_/A1
 _48803_/S
 _48803_/X
 _48808_/A0
 _48808_/A1
 _48808_/S
 _48808_/Y
 _48811_/A0
 _48811_/A1
 _48811_/S
 _48811_/X
 _48813_/A
 _48813_/B
 _48813_/Y
 _48814_/A0
 _48814_/A1
 _48814_/S
 _48814_/X
 _48816_/A
 _48816_/B
 _48816_/Y
 _48819_/A
 _48819_/B
 _48819_/Y
 _48822_/A
 _48822_/B
 _48822_/Y
 _48823_/A0
 _48823_/A1
 _48823_/S
 _48823_/Y
 _48827_/A1
 _48827_/A2
 _48827_/B1
 _48827_/Y
 _48828_/A1
 _48828_/A2
 _48828_/B1
 _48828_/B2
 _48828_/C1
 _48828_/Y
 _48829_/A
 _48829_/B
 _48829_/Y
 _48830_/A
 _48830_/B
 _48830_/Y
 _48831_/A1
 _48831_/A2
 _48831_/B1
 _48831_/Y
 _48832_/A1
 _48832_/A2
 _48832_/B1
 _48832_/C1
 _48832_/Y
 _48833_/A1
 _48833_/A2
 _48833_/B1
 _48833_/Y
 _48835_/A
 _48835_/B
 _48835_/Y
 _48838_/A
 _48838_/B
 _48838_/Y
 _48841_/A
 _48841_/B
 _48841_/Y
 _48842_/A0
 _48842_/A1
 _48842_/S
 _48842_/Y
 _48847_/A1
 _48847_/A2
 _48847_/B1
 _48847_/Y
 _48848_/A1
 _48848_/A2
 _48848_/B1
 _48848_/Y
 _48850_/A
 _48850_/B
 _48850_/Y
 _48853_/A
 _48853_/B
 _48853_/Y
 _48854_/A
 _48854_/B
 _48854_/C
 _48854_/Y
 _48855_/A
 _48855_/B
 _48855_/Y
 _48856_/A
 _48856_/B
 _48856_/Y
 _48857_/A
 _48857_/B
 _48857_/C
 _48857_/Y
 _48858_/A
 _48858_/B
 _48858_/C
 _48858_/Y
 _48859_/A1
 _48859_/A2
 _48859_/B1
 _48859_/C1
 _48859_/Y
 _48860_/A1
 _48860_/A2
 _48860_/B1
 _48860_/Y
 _48861_/A0
 _48861_/A1
 _48861_/S
 _48861_/X
 _48862_/A0
 _48862_/A1
 _48862_/S
 _48862_/X
 _48863_/A
 _48863_/B
 _48863_/Y
 _48864_/A
 _48864_/B
 _48864_/Y
 _48865_/A
 _48865_/B
 _48865_/X
 _48868_/A
 _48868_/B
 _48868_/Y
 _48872_/A
 _48872_/B
 _48872_/Y
 _48873_/A
 _48873_/B
 _48873_/Y
 _48875_/A1
 _48875_/A2
 _48875_/B1
 _48875_/Y
 _48876_/A1
 _48876_/A2
 _48876_/B1
 _48876_/Y
 _48878_/A
 _48878_/B
 _48878_/Y
 _48879_/A
 _48879_/B
 _48879_/Y
 _48880_/A
 _48880_/B
 _48880_/Y
 _48881_/A
 _48881_/B
 _48881_/Y
 _48882_/A
 _48882_/B
 _48882_/Y
 _48883_/A
 _48883_/B
 _48883_/Y
 _48885_/A1
 _48885_/A2
 _48885_/B1
 _48885_/Y
 _48886_/A1
 _48886_/A2
 _48886_/B1
 _48886_/C1
 _48886_/D1
 _48886_/Y
 _48887_/A1
 _48887_/A2
 _48887_/B1
 _48887_/Y
 _48888_/A1
 _48888_/A2
 _48888_/B1
 _48888_/C1
 _48888_/D1
 _48888_/Y
 _48889_/A1
 _48889_/A2
 _48889_/B1
 _48889_/Y
 _48890_/A
 _48890_/B
 _48890_/Y
 _48892_/A0
 _48892_/A1
 _48892_/S
 _48892_/Y
 _48893_/A
 _48893_/B
 _48893_/Y
 _48894_/A1
 _48894_/A2
 _48894_/B1
 _48894_/B2
 _48894_/Y
 _48895_/A1
 _48895_/A2
 _48895_/B1
 _48895_/Y
 _48897_/A1
 _48897_/A2
 _48897_/B1
 _48897_/Y
 _48898_/A1
 _48898_/A2
 _48898_/B1
 _48898_/Y
 _48899_/A1
 _48899_/A2
 _48899_/B1
 _48899_/Y
 _48902_/A0
 _48902_/A1
 _48902_/S
 _48902_/X
 _48903_/A
 _48903_/B
 _48903_/Y
 _48904_/A
 _48904_/B
 _48904_/Y
 _48905_/A1
 _48905_/A2
 _48905_/B1
 _48905_/Y
 _48906_/A1
 _48906_/A2
 _48906_/B1
 _48906_/Y
 _48907_/A1
 _48907_/A2
 _48907_/B1
 _48907_/Y
 _48908_/A1
 _48908_/A2
 _48908_/B1
 _48908_/B2
 _48908_/Y
 _48909_/A
 _48909_/B
 _48909_/Y
 _48910_/A
 _48910_/B
 _48910_/Y
 _48911_/A1
 _48911_/A2
 _48911_/A3
 _48911_/B1
 _48911_/B2
 _48911_/Y
 _48912_/A1
 _48912_/A2
 _48912_/B1
 _48912_/Y
 _48913_/A0
 _48913_/A1
 _48913_/S
 _48913_/Y
 _48914_/A
 _48914_/B
 _48914_/Y
 _48915_/A1
 _48915_/A2
 _48915_/B1
 _48915_/Y
 _48916_/A
 _48916_/B
 _48916_/Y
 _48917_/A
 _48917_/B
 _48917_/Y
 _48918_/A
 _48918_/B
 _48918_/Y
 _48919_/A
 _48919_/B
 _48919_/Y
 _48920_/A1
 _48920_/A2
 _48920_/B1
 _48920_/Y
 _48921_/A
 _48921_/B
 _48921_/Y
 _48922_/A1
 _48922_/A2
 _48922_/B1
 _48922_/Y
 _48923_/A1
 _48923_/A2
 _48923_/B1
 _48923_/B2
 _48923_/C1
 _48923_/Y
 _48924_/A
 _48924_/B
 _48924_/Y
 _48925_/A
 _48925_/B
 _48925_/Y
 _48926_/A
 _48926_/B
 _48926_/Y
 _48927_/A1
 _48927_/A2
 _48927_/B1
 _48927_/Y
 _48928_/A
 _48928_/B
 _48928_/Y
 _48929_/A
 _48929_/B
 _48929_/Y
 _48930_/A
 _48930_/B
 _48930_/C
 _48930_/Y
 _48931_/A
 _48931_/B
 _48931_/Y
 _48932_/A
 _48932_/B
 _48932_/Y
 _48933_/A
 _48933_/B
 _48933_/C
 _48933_/Y
 _48934_/A
 _48934_/B
 _48934_/Y
 _48935_/A
 _48935_/B
 _48935_/Y
 _48936_/A
 _48936_/B
 _48936_/C
 _48936_/Y
 _48937_/A1
 _48937_/A2
 _48937_/A3
 _48937_/B1
 _48937_/C1
 _48937_/Y
 _48938_/A1
 _48938_/A2
 _48938_/A3
 _48938_/B1
 _48938_/Y
 _48939_/A
 _48939_/B
 _48939_/Y
 _48940_/A1
 _48940_/A2
 _48940_/B1
 _48940_/Y
 _48941_/A1
 _48941_/A2
 _48941_/B1
 _48941_/B2
 _48941_/Y
 _48942_/A
 _48942_/B
 _48942_/Y
 _48943_/A
 _48943_/B
 _48943_/Y
 _48944_/A1
 _48944_/A2
 _48944_/B1
 _48944_/Y
 _48945_/A1
 _48945_/A2
 _48945_/B1
 _48945_/C1
 _48945_/X
 _48946_/A1
 _48946_/A2
 _48946_/A3
 _48946_/B1
 _48946_/C1
 _48946_/Y
 _48947_/A1
 _48947_/A2
 _48947_/B1
 _48947_/C1
 _48947_/Y
 _48948_/A
 _48948_/B
 _48948_/Y
 _48949_/A
 _48949_/B
 _48949_/Y
 _48950_/A
 _48950_/Y
 _48951_/A
 _48951_/B
 _48951_/C
 _48951_/Y
 _48952_/A1
 _48952_/A2
 _48952_/B1
 _48952_/Y
 _48954_/A
 _48954_/B
 _48954_/Y
 _48956_/A
 _48956_/B
 _48956_/Y
 _48957_/A
 _48957_/B
 _48957_/C
 _48957_/Y
 _48958_/A
 _48958_/B
 _48958_/Y
 _48959_/A
 _48959_/B
 _48959_/Y
 _48960_/A
 _48960_/B
 _48960_/C
 _48960_/Y
 _48961_/A
 _48961_/B
 _48961_/C
 _48961_/Y
 _48962_/A1
 _48962_/A2
 _48962_/B1
 _48962_/Y
 _48963_/A
 _48963_/B
 _48963_/Y
 _48964_/A1
 _48964_/A2
 _48964_/A3
 _48964_/B1
 _48964_/Y
 _48966_/A
 _48966_/B
 _48966_/Y
 _48967_/A
 _48967_/B
 _48967_/Y
 _48969_/A
 _48969_/B
 _48969_/Y
 _48970_/A1
 _48970_/A2
 _48970_/B1
 _48970_/Y
 _48971_/A1
 _48971_/A2
 _48971_/B1
 _48971_/Y
 _48972_/A
 _48972_/B
 _48972_/Y
 _48973_/A
 _48973_/B
 _48973_/Y
 _48974_/A
 _48974_/B
 _48974_/C
 _48974_/Y
 _48975_/A
 _48975_/B
 _48975_/Y
 _48976_/A
 _48976_/B
 _48976_/Y
 _48977_/A
 _48977_/B
 _48977_/C
 _48977_/Y
 _48978_/A
 _48978_/B
 _48978_/C
 _48978_/Y
 _48979_/A1
 _48979_/A2
 _48979_/B1
 _48979_/Y
 _48980_/A
 _48980_/B
 _48980_/Y
 _48981_/A
 _48981_/B
 _48981_/Y
 _48982_/A1
 _48982_/A2
 _48982_/B1
 _48982_/Y
 _48983_/A1
 _48983_/A2
 _48983_/B1
 _48983_/Y
 _48984_/A
 _48984_/B
 _48984_/Y
 _48985_/A
 _48985_/B
 _48985_/Y
 _48986_/A
 _48986_/B
 _48986_/C
 _48986_/Y
 _48987_/A
 _48987_/B
 _48987_/Y
 _48988_/A
 _48988_/B
 _48988_/Y
 _48989_/A
 _48989_/B
 _48989_/C
 _48989_/Y
 _48990_/A
 _48990_/B
 _48990_/C
 _48990_/Y
 _48991_/A1
 _48991_/A2
 _48991_/B1
 _48991_/C1
 _48991_/Y
 _48992_/A1
 _48992_/A2
 _48992_/B1
 _48992_/Y
 _48993_/A
 _48993_/B
 _48993_/Y
 _48994_/A
 _48994_/B
 _48994_/Y
 _48995_/A1
 _48995_/A2
 _48995_/B1
 _48995_/Y
 _48996_/A
 _48996_/B
 _48996_/Y
 _48997_/A
 _48997_/B
 _48997_/Y
 _48998_/A1
 _48998_/A2
 _48998_/B1
 _48998_/Y
 _48999_/A1
 _48999_/A2
 _48999_/B1
 _48999_/C1
 _48999_/D1
 _48999_/Y
 _49000_/A1
 _49000_/A2
 _49000_/B1
 _49000_/Y
 _49001_/A
 _49001_/B
 _49001_/Y
 _49002_/A1
 _49002_/A2
 _49002_/B1
 _49002_/Y
 _49003_/A
 _49003_/B
 _49003_/C
 _49003_/Y
 _49004_/A1
 _49004_/A2
 _49004_/B1
 _49004_/Y
 _49005_/A
 _49005_/B
 _49005_/Y
 _49006_/A
 _49006_/B
 _49006_/Y
 _49007_/A
 _49007_/B
 _49007_/Y
 _49008_/A1
 _49008_/A2
 _49008_/B1
 _49008_/Y
 _49009_/A1
 _49009_/A2
 _49009_/B1
 _49009_/Y
 _49010_/A
 _49010_/B
 _49010_/Y
 _49011_/A1
 _49011_/A2
 _49011_/B1
 _49011_/C1
 _49011_/Y
 _49012_/A
 _49012_/B
 _49012_/C
 _49012_/X
 _49013_/A
 _49013_/B
 _49013_/Y
 _49014_/A
 _49014_/B
 _49014_/Y
 _49015_/A
 _49015_/B
 _49015_/C
 _49015_/X
 _49016_/A1
 _49016_/A2
 _49016_/B1
 _49016_/Y
 _49017_/A
 _49017_/B
 _49017_/C
 _49017_/X
 _49018_/A1
 _49018_/A2
 _49018_/B1
 _49018_/Y
 _49019_/A
 _49019_/B
 _49019_/C
 _49019_/Y
 _49020_/A1
 _49020_/A2
 _49020_/B1
 _49020_/Y
 _49021_/A
 _49021_/B
 _49021_/Y
 _49022_/A1
 _49022_/A2
 _49022_/B1
 _49022_/Y
 _49023_/A
 _49023_/B
 _49023_/Y
 _49024_/A
 _49024_/B
 _49024_/C
 _49024_/Y
 _49025_/A1
 _49025_/A2
 _49025_/B1
 _49025_/Y
 _49026_/A_N
 _49026_/B
 _49026_/C
 _49026_/Y
 _49027_/A
 _49027_/B
 _49027_/Y
 _49028_/A
 _49028_/B
 _49028_/Y
 _49029_/A1
 _49029_/A2
 _49029_/B1
 _49029_/Y
 _49030_/A
 _49030_/B
 _49030_/C
 _49030_/Y
 _49031_/A1
 _49031_/A2
 _49031_/A3
 _49031_/B1
 _49031_/Y
 _49032_/A
 _49032_/Y
 _49033_/A1
 _49033_/A2
 _49033_/B1
 _49033_/Y
 _49034_/A1
 _49034_/A2
 _49034_/B1
 _49034_/Y
 _49035_/A
 _49035_/B
 _49035_/Y
 _49036_/A1
 _49036_/A2
 _49036_/B1
 _49036_/Y
 _49037_/A
 _49037_/B
 _49037_/Y
 _49038_/A
 _49038_/B
 _49038_/Y
 _49039_/A
 _49039_/B
 _49039_/Y
 _49040_/A
 _49040_/B
 _49040_/Y
 _49041_/A1
 _49041_/A2
 _49041_/B1
 _49041_/Y
 _49042_/A1
 _49042_/A2
 _49042_/B1
 _49042_/B2
 _49042_/C1
 _49042_/C2
 _49042_/Y
 _49043_/A1
 _49043_/A2
 _49043_/B1
 _49043_/C1
 _49043_/Y
 _49044_/A1
 _49044_/A2
 _49044_/B1
 _49044_/Y
 _49045_/A0
 _49045_/A1
 _49045_/S
 _49045_/Y
 _49046_/A
 _49046_/B
 _49046_/Y
 _49047_/A1
 _49047_/A2
 _49047_/B1
 _49047_/Y
 _49048_/A1
 _49048_/A2
 _49048_/B1
 _49048_/B2
 _49048_/C1
 _49048_/Y
 _49049_/A1
 _49049_/A2
 _49049_/B1
 _49049_/Y
 _49050_/A
 _49050_/B
 _49050_/Y
 _49051_/A
 _49051_/B
 _49051_/Y
 _49052_/A1
 _49052_/A2
 _49052_/B1
 _49052_/Y
 _49053_/A
 _49053_/B
 _49053_/Y
 _49054_/A
 _49054_/B
 _49054_/Y
 _49055_/A1
 _49055_/A2
 _49055_/B1
 _49055_/Y
 _49056_/A1
 _49056_/A2
 _49056_/B1
 _49056_/C1
 _49056_/D1
 _49056_/Y
 _49057_/A
 _49057_/B
 _49057_/Y
 _49058_/A
 _49058_/B
 _49058_/Y
 _49060_/A1
 _49060_/A2
 _49060_/B1
 _49060_/Y
 _49063_/A1
 _49063_/A2
 _49063_/B1
 _49063_/C1
 _49063_/Y
 _49064_/A
 _49064_/B
 _49064_/Y
 _49067_/A1
 _49067_/A2
 _49067_/B1
 _49067_/B2
 _49067_/C1
 _49067_/Y
 _49068_/A
 _49068_/B
 _49068_/Y
 _49069_/A
 _49069_/B
 _49069_/Y
 _49070_/A1
 _49070_/A2
 _49070_/A3
 _49070_/B1
 _49070_/B2
 _49070_/Y
 _49071_/A1
 _49071_/A2
 _49071_/B1
 _49071_/Y
 _49072_/A
 _49072_/B
 _49072_/Y
 _49073_/A
 _49073_/B
 _49073_/Y
 _49074_/A1
 _49074_/A2
 _49074_/B1
 _49074_/Y
 _49075_/A1
 _49075_/A2
 _49075_/B1
 _49075_/B2
 _49075_/C1
 _49075_/Y
 _49076_/A
 _49076_/B
 _49076_/Y
 _49077_/A
 _49077_/B
 _49077_/Y
 _49078_/A1
 _49078_/A2
 _49078_/B1
 _49078_/Y
 _49079_/A1
 _49079_/A2
 _49079_/B1
 _49079_/C1
 _49079_/Y
 _49080_/A
 _49080_/B
 _49080_/Y
 _49081_/A1
 _49081_/A2
 _49081_/B1
 _49081_/C1
 _49081_/Y
 _49082_/A1
 _49082_/A2
 _49082_/B1
 _49082_/Y
 _49083_/A
 _49083_/B
 _49083_/Y
 _49084_/A1
 _49084_/A2
 _49084_/B1
 _49084_/C1
 _49084_/D1
 _49084_/Y
 _49085_/A1
 _49085_/A2
 _49085_/B1
 _49085_/Y
 _49086_/A
 _49086_/B
 _49086_/Y
 _49087_/A1
 _49087_/A2
 _49087_/A3
 _49087_/B1
 _49087_/Y
 _49088_/A
 _49088_/B
 _49088_/Y
 _49089_/A
 _49089_/B
 _49089_/Y
 _49090_/A1
 _49090_/A2
 _49090_/B1
 _49090_/Y
 _49091_/A1
 _49091_/A2
 _49091_/B1
 _49091_/Y
 _49092_/A
 _49092_/B
 _49092_/C
 _49092_/Y
 _49093_/A1
 _49093_/A2
 _49093_/B1
 _49093_/Y
 _49094_/A
 _49094_/B
 _49094_/Y
 _49095_/A
 _49095_/B
 _49095_/Y
 _49096_/A
 _49096_/B
 _49096_/Y
 _49097_/A1
 _49097_/A2
 _49097_/B1
 _49097_/Y
 _49098_/A1
 _49098_/A2
 _49098_/B1
 _49098_/Y
 _49099_/A1
 _49099_/A2
 _49099_/B1
 _49099_/Y
 _49100_/A1
 _49100_/A2
 _49100_/B1
 _49100_/B2
 _49100_/Y
 _49101_/A1
 _49101_/A2
 _49101_/B1
 _49101_/B2
 _49101_/Y
 _49102_/A
 _49102_/B
 _49102_/Y
 _49103_/A
 _49103_/B
 _49103_/Y
 _49104_/A1
 _49104_/A2
 _49104_/B1
 _49104_/Y
 _49105_/A1
 _49105_/A2
 _49105_/B1
 _49105_/C1
 _49105_/Y
 _49106_/A1
 _49106_/A2
 _49106_/A3
 _49106_/B1
 _49106_/Y
 _49107_/A1
 _49107_/A2
 _49107_/B1
 _49107_/B2
 _49107_/Y
 _49108_/A
 _49108_/B
 _49108_/Y
 _49109_/A
 _49109_/B
 _49109_/Y
 _49110_/A1
 _49110_/A2
 _49110_/B1
 _49110_/Y
 _49111_/A
 _49111_/B
 _49111_/Y
 _49112_/A
 _49112_/B
 _49112_/Y
 _49113_/A1
 _49113_/A2
 _49113_/B1
 _49113_/Y
 _49114_/A1
 _49114_/A2
 _49114_/B1
 _49114_/C1
 _49114_/D1
 _49114_/Y
 _49115_/A1
 _49115_/A2
 _49115_/B1
 _49115_/Y
 _49116_/A1
 _49116_/A2
 _49116_/B1
 _49116_/Y
 _49117_/A
 _49117_/B
 _49117_/Y
 _49118_/A
 _49118_/B
 _49118_/Y
 _49119_/A1
 _49119_/A2
 _49119_/B1
 _49119_/Y
 _49120_/A
 _49120_/B
 _49120_/Y
 _49121_/A
 _49121_/B
 _49121_/Y
 _49122_/A
 _49122_/B
 _49122_/Y
 _49123_/A1
 _49123_/A2
 _49123_/B1
 _49123_/Y
 _49124_/A
 _49124_/B
 _49124_/C
 _49124_/Y
 _49125_/A1
 _49125_/A2
 _49125_/B1
 _49125_/Y
 _49126_/A1
 _49126_/A2
 _49126_/B1
 _49126_/C1
 _49126_/D1
 _49126_/Y
 _49127_/A1
 _49127_/A2
 _49127_/B1
 _49127_/Y
 _49128_/A1
 _49128_/A2
 _49128_/B1
 _49128_/Y
 _49129_/A1
 _49129_/A2
 _49129_/B1
 _49129_/Y
 _49130_/A1
 _49130_/A2
 _49130_/B1_N
 _49130_/Y
 _49131_/A1
 _49131_/A2
 _49131_/B1
 _49131_/B2
 _49131_/Y
 _49132_/A1
 _49132_/A2
 _49132_/B1
 _49132_/Y
 _49133_/A
 _49133_/B
 _49133_/Y
 _49134_/A
 _49134_/B
 _49134_/Y
 _49135_/A1
 _49135_/A2
 _49135_/B1
 _49135_/Y
 _49136_/A
 _49136_/B
 _49136_/Y
 _49137_/A
 _49137_/B
 _49137_/Y
 _49138_/A1
 _49138_/A2
 _49138_/B1
 _49138_/Y
 _49139_/A
 _49139_/B
 _49139_/C
 _49139_/Y
 _49140_/A1
 _49140_/A2
 _49140_/B1
 _49140_/Y
 _49141_/A
 _49141_/B
 _49141_/Y
 _49142_/A
 _49142_/B
 _49142_/Y
 _49143_/A
 _49143_/B
 _49143_/Y
 _49144_/A1
 _49144_/A2
 _49144_/B1
 _49144_/Y
 _49145_/A1
 _49145_/A2
 _49145_/B1
 _49145_/Y
 _49146_/A
 _49146_/B
 _49146_/Y
 _49147_/A
 _49147_/B
 _49147_/Y
 _49148_/A1
 _49148_/A2
 _49148_/B1
 _49148_/Y
 _49149_/A1
 _49149_/A2
 _49149_/B1
 _49149_/Y
 _49150_/A1
 _49150_/A2
 _49150_/B1
 _49150_/B2
 _49150_/Y
 _49151_/A1
 _49151_/A2
 _49151_/B1
 _49151_/Y
 _49152_/A
 _49152_/B
 _49152_/Y
 _49153_/A
 _49153_/B
 _49153_/Y
 _49154_/A
 _49154_/B
 _49154_/C
 _49154_/Y
 _49155_/A
 _49155_/B
 _49155_/Y
 _49156_/A
 _49156_/B
 _49156_/Y
 _49157_/A
 _49157_/B
 _49157_/C
 _49157_/Y
 _49158_/A
 _49158_/B
 _49158_/Y
 _49159_/A
 _49159_/B
 _49159_/Y
 _49160_/A1
 _49160_/A2
 _49160_/B1
 _49160_/Y
 _49161_/A1
 _49161_/A2
 _49161_/B1
 _49161_/Y
 _49162_/A
 _49162_/B
 _49162_/Y
 _49163_/A1
 _49163_/A2
 _49163_/A3
 _49163_/B1
 _49163_/Y
 _49164_/A
 _49164_/B
 _49164_/Y
 _49165_/A
 _49165_/B
 _49165_/Y
 _49166_/A1
 _49166_/A2
 _49166_/B1
 _49166_/Y
 _49167_/A
 _49167_/B
 _49167_/Y
 _49168_/A
 _49168_/B
 _49168_/Y
 _49169_/A1
 _49169_/A2
 _49169_/B1
 _49169_/Y
 _49170_/A1
 _49170_/A2
 _49170_/B1
 _49170_/C1
 _49170_/D1
 _49170_/Y
 _49171_/A1
 _49171_/A2
 _49171_/B1
 _49171_/B2
 _49171_/C1
 _49171_/Y
 _49172_/A1
 _49172_/A2
 _49172_/B1
 _49172_/C1
 _49172_/D1
 _49172_/Y
 _49173_/A1
 _49173_/A2
 _49173_/B1
 _49173_/X
 _49174_/A
 _49174_/B
 _49174_/C
 _49174_/X
 _49175_/A1
 _49175_/A2
 _49175_/B1
 _49175_/Y
 _49176_/A
 _49176_/B
 _49176_/Y
 _49177_/A1
 _49177_/A2
 _49177_/B1
 _49177_/Y
 _49178_/A
 _49178_/B
 _49178_/Y
 _49179_/A
 _49179_/B
 _49179_/Y
 _49180_/A
 _49180_/B
 _49180_/Y
 _49181_/A
 _49181_/B
 _49181_/Y
 _49182_/A1
 _49182_/A2
 _49182_/B1
 _49182_/Y
 _49183_/A1
 _49183_/A2
 _49183_/B1
 _49183_/Y
 _49184_/A1
 _49184_/A2
 _49184_/B1
 _49184_/C1
 _49184_/Y
 _49185_/A1
 _49185_/A2
 _49185_/B1
 _49185_/Y
 _49186_/A1
 _49186_/A2
 _49186_/B1
 _49186_/C1
 _49186_/Y
 _49187_/A1
 _49187_/A2
 _49187_/A3
 _49187_/B1
 _49187_/Y
 _49188_/A0
 _49188_/A1
 _49188_/S
 _49188_/Y
 _49189_/A1
 _49189_/A2
 _49189_/B1
 _49189_/B2
 _49189_/C1
 _49189_/Y
 _49191_/A
 _49191_/B
 _49191_/Y
 _49192_/A
 _49192_/B
 _49192_/Y
 _49193_/A
 _49193_/B
 _49193_/C
 _49193_/Y
 _49194_/A
 _49194_/B
 _49194_/Y
 _49195_/A
 _49195_/B
 _49195_/Y
 _49196_/A
 _49196_/B
 _49196_/C
 _49196_/Y
 _49197_/A
 _49197_/B
 _49197_/Y
 _49198_/A
 _49198_/B
 _49198_/Y
 _49199_/A
 _49199_/B
 _49199_/C
 _49199_/Y
 _49200_/A1
 _49200_/A2
 _49200_/A3
 _49200_/B1
 _49200_/C1
 _49200_/Y
 _49201_/A1
 _49201_/A2
 _49201_/A3
 _49201_/B1
 _49201_/Y
 _49202_/A1
 _49202_/A2
 _49202_/B1
 _49202_/Y
 _49203_/A0
 _49203_/A1
 _49203_/A2
 _49203_/A3
 _49203_/S0
 _49203_/S1
 _49203_/X
 _49204_/A
 _49204_/B
 _49204_/Y
 _49205_/A
 _49205_/B
 _49205_/Y
 _49206_/A1
 _49206_/A2
 _49206_/B1
 _49206_/Y
 _49207_/A1
 _49207_/A2
 _49207_/B1
 _49207_/B2
 _49207_/C1
 _49207_/Y
 _49208_/A
 _49208_/B
 _49208_/Y
 _49209_/A1
 _49209_/A2
 _49209_/B1
 _49209_/Y
 _49210_/A1
 _49210_/A2
 _49210_/B1
 _49210_/B2
 _49210_/Y
 _49211_/A1
 _49211_/A2
 _49211_/B1
 _49211_/B2
 _49211_/Y
 _49212_/A
 _49212_/B
 _49212_/C
 _49212_/X
 _49213_/A1
 _49213_/A2
 _49213_/B1
 _49213_/Y
 _49214_/A1
 _49214_/A2
 _49214_/B1
 _49214_/Y
 _49215_/A1
 _49215_/A2
 _49215_/B1
 _49215_/Y
 _49216_/A1
 _49216_/A2
 _49216_/B1
 _49216_/X
 _49217_/A1
 _49217_/A2
 _49217_/B1
 _49217_/Y
 _49218_/A0
 _49218_/A1
 _49218_/S
 _49218_/Y
 _49219_/A
 _49219_/B
 _49219_/Y
 _49220_/A1
 _49220_/A2
 _49220_/B1
 _49220_/Y
 _49221_/A1
 _49221_/A2
 _49221_/B1
 _49221_/B2
 _49221_/C1
 _49221_/Y
 _49222_/A1
 _49222_/A2
 _49222_/B1
 _49222_/Y
 _49223_/A
 _49223_/B
 _49223_/Y
 _49224_/A
 _49224_/B
 _49224_/Y
 _49225_/A1
 _49225_/A2
 _49225_/B1
 _49225_/Y
 _49226_/A1
 _49226_/A2
 _49226_/B1
 _49226_/Y
 _49227_/A
 _49227_/B
 _49227_/Y
 _49228_/A
 _49228_/B
 _49228_/Y
 _49229_/A1
 _49229_/A2
 _49229_/B1
 _49229_/Y
 _49230_/A1
 _49230_/A2
 _49230_/B1
 _49230_/Y
 _49231_/A1
 _49231_/A2
 _49231_/B1
 _49231_/B2
 _49231_/Y
 _49232_/A1
 _49232_/A2
 _49232_/B1
 _49232_/Y
 _49233_/A
 _49233_/B
 _49233_/Y
 _49234_/A
 _49234_/B
 _49234_/Y
 _49235_/A
 _49235_/B
 _49235_/C
 _49235_/Y
 _49236_/A
 _49236_/B
 _49236_/Y
 _49237_/A
 _49237_/B
 _49237_/Y
 _49238_/A
 _49238_/B
 _49238_/C
 _49238_/Y
 _49239_/A
 _49239_/B
 _49239_/Y
 _49240_/A
 _49240_/B
 _49240_/Y
 _49241_/A1
 _49241_/A2
 _49241_/B1
 _49241_/Y
 _49242_/A1
 _49242_/A2
 _49242_/B1
 _49242_/Y
 _49243_/A
 _49243_/B
 _49243_/Y
 _49244_/A1
 _49244_/A2
 _49244_/A3
 _49244_/B1
 _49244_/Y
 _49245_/A
 _49245_/B
 _49245_/Y
 _49246_/A
 _49246_/B
 _49246_/Y
 _49247_/A1
 _49247_/A2
 _49247_/B1
 _49247_/Y
 _49248_/A
 _49248_/B
 _49248_/Y
 _49249_/A
 _49249_/B
 _49249_/Y
 _49250_/A1
 _49250_/A2
 _49250_/B1
 _49250_/Y
 _49251_/A1
 _49251_/A2
 _49251_/B1
 _49251_/C1
 _49251_/D1
 _49251_/Y
 _49252_/A1
 _49252_/A2
 _49252_/B1
 _49252_/B2
 _49252_/C1
 _49252_/Y
 _49253_/A1
 _49253_/A2
 _49253_/B1
 _49253_/C1
 _49253_/D1
 _49253_/Y
 _49254_/A1
 _49254_/A2
 _49254_/B1
 _49254_/X
 _49255_/A
 _49255_/B
 _49255_/C
 _49255_/X
 _49256_/A1
 _49256_/A2
 _49256_/B1
 _49256_/Y
 _49257_/A1
 _49257_/A2
 _49257_/B1
 _49257_/Y
 _49258_/A0
 _49258_/A1
 _49258_/S
 _49258_/Y
 _49259_/A
 _49259_/B
 _49259_/Y
 _49260_/A1
 _49260_/A2
 _49260_/B1
 _49260_/Y
 _49261_/A1
 _49261_/A2
 _49261_/B1
 _49261_/B2
 _49261_/C1
 _49261_/Y
 _49262_/A1
 _49262_/A2
 _49262_/B1
 _49262_/Y
 _49263_/A
 _49263_/B
 _49263_/Y
 _49264_/A1
 _49264_/A2
 _49264_/B1
 _49264_/B2
 _49264_/C1
 _49264_/C2
 _49264_/Y
 _49265_/A
 _49265_/B
 _49265_/Y
 _49266_/A
 _49266_/B
 _49266_/Y
 _49267_/A
 _49267_/B
 _49267_/Y
 _49268_/A1
 _49268_/A2
 _49268_/B1
 _49268_/Y
 _49269_/A1
 _49269_/A2
 _49269_/B1
 _49269_/C1
 _49269_/Y
 _49270_/A1
 _49270_/A2
 _49270_/B1
 _49270_/Y
 _49271_/A1
 _49271_/A2
 _49271_/A3
 _49271_/B1
 _49271_/Y
 _49272_/A1
 _49272_/A2
 _49272_/B1
 _49272_/B2
 _49272_/Y
 _49273_/A1
 _49273_/A2
 _49273_/B1
 _49273_/B2
 _49273_/C1
 _49273_/Y
 _49274_/A
 _49274_/B
 _49274_/Y
 _49275_/A
 _49275_/B
 _49275_/Y
 _49276_/A1
 _49276_/A2
 _49276_/B1
 _49276_/Y
 _49277_/A1
 _49277_/A2
 _49277_/B1
 _49277_/C1
 _49277_/Y
 _49278_/A1
 _49278_/A2
 _49278_/B1
 _49278_/B2
 _49278_/Y
 _49279_/A
 _49279_/B
 _49279_/Y
 _49280_/A
 _49280_/B
 _49280_/Y
 _49281_/A1
 _49281_/A2
 _49281_/B1
 _49281_/Y
 _49282_/A
 _49282_/B
 _49282_/Y
 _49283_/A
 _49283_/B
 _49283_/Y
 _49284_/A1
 _49284_/A2
 _49284_/B1
 _49284_/Y
 _49285_/A
 _49285_/B
 _49285_/C
 _49285_/X
 _49286_/A1
 _49286_/A2
 _49286_/B1
 _49286_/B2
 _49286_/C1
 _49286_/Y
 _49287_/A1
 _49287_/A2
 _49287_/B1
 _49287_/Y
 _49288_/A1
 _49288_/A2
 _49288_/B1
 _49288_/C1
 _49288_/D1
 _49288_/Y
 _49289_/A1
 _49289_/A2
 _49289_/B1
 _49289_/Y
 _49290_/A
 _49290_/B
 _49290_/Y
 _49291_/A
 _49291_/B
 _49291_/Y
 _49292_/A
 _49292_/B
 _49292_/Y
 _49293_/A
 _49293_/B
 _49293_/Y
 _49294_/A1
 _49294_/A2
 _49294_/B1
 _49294_/X
 _49295_/A
 _49295_/B
 _49295_/C
 _49295_/X
 _49296_/A1
 _49296_/A2
 _49296_/B1
 _49296_/Y
 _49297_/A1
 _49297_/A2
 _49297_/B1
 _49297_/B2
 _49297_/C1
 _49297_/C2
 _49297_/Y
 _49298_/A1
 _49298_/A2
 _49298_/B1
 _49298_/Y
 _49299_/A
 _49299_/B
 _49299_/Y
 _49300_/A1
 _49300_/A2
 _49300_/B1
 _49300_/Y
 _49301_/A0
 _49301_/A1
 _49301_/S
 _49301_/Y
 _49302_/A
 _49302_/B
 _49302_/Y
 _49303_/A1
 _49303_/A2
 _49303_/B1
 _49303_/Y
 _49304_/A1
 _49304_/A2
 _49304_/B1
 _49304_/B2
 _49304_/C1
 _49304_/Y
 _49305_/A1
 _49305_/A2
 _49305_/B1
 _49305_/Y
 _49306_/A
 _49306_/B
 _49306_/Y
 _49307_/A
 _49307_/B
 _49307_/Y
 _49308_/A
 _49308_/B
 _49308_/C
 _49308_/Y
 _49309_/A
 _49309_/B
 _49309_/Y
 _49310_/A
 _49310_/B
 _49310_/Y
 _49311_/A
 _49311_/B
 _49311_/C
 _49311_/Y
 _49312_/A
 _49312_/B
 _49312_/Y
 _49313_/A
 _49313_/B
 _49313_/Y
 _49314_/A1
 _49314_/A2
 _49314_/B1
 _49314_/Y
 _49315_/A1
 _49315_/A2
 _49315_/B1
 _49315_/Y
 _49316_/A
 _49316_/B
 _49316_/Y
 _49317_/A1
 _49317_/A2
 _49317_/A3
 _49317_/B1
 _49317_/Y
 _49318_/A
 _49318_/B
 _49318_/Y
 _49319_/A
 _49319_/B
 _49319_/Y
 _49320_/A1
 _49320_/A2
 _49320_/B1
 _49320_/Y
 _49321_/A1
 _49321_/A2
 _49321_/B1
 _49321_/Y
 _49322_/A
 _49322_/B
 _49322_/Y
 _49323_/A
 _49323_/B
 _49323_/Y
 _49324_/A1
 _49324_/A2
 _49324_/B1
 _49324_/Y
 _49325_/A1
 _49325_/A2
 _49325_/B1
 _49325_/Y
 _49326_/A1
 _49326_/A2
 _49326_/B1
 _49326_/B2
 _49326_/Y
 _49327_/A1
 _49327_/A2
 _49327_/A3
 _49327_/B1
 _49327_/Y
 _49328_/A
 _49328_/B
 _49328_/Y
 _49329_/A
 _49329_/B
 _49329_/Y
 _49330_/A1
 _49330_/A2
 _49330_/B1
 _49330_/Y
 _49331_/A
 _49331_/B
 _49331_/Y
 _49332_/A
 _49332_/B
 _49332_/Y
 _49333_/A1
 _49333_/A2
 _49333_/B1
 _49333_/Y
 _49334_/A1
 _49334_/A2
 _49334_/B1
 _49334_/C1
 _49334_/D1
 _49334_/Y
 _49335_/A1
 _49335_/A2
 _49335_/B1
 _49335_/B2
 _49335_/C1
 _49335_/Y
 _49336_/A1
 _49336_/A2
 _49336_/B1
 _49336_/C1
 _49336_/D1
 _49336_/Y
 _49337_/A1
 _49337_/A2
 _49337_/B1
 _49337_/Y
 _49338_/A
 _49338_/B
 _49338_/Y
 _49339_/A1
 _49339_/A2
 _49339_/A3
 _49339_/B1
 _49339_/Y
 _49340_/A1
 _49340_/A2
 _49340_/B1
 _49340_/Y
 _49341_/A
 _49341_/B
 _49341_/Y
 _49342_/A1
 _49342_/A2
 _49342_/B1
 _49342_/Y
 _49343_/A1
 _49343_/A2
 _49343_/B1
 _49343_/B2
 _49343_/Y
 _49344_/A1
 _49344_/A2
 _49344_/B1
 _49344_/C1
 _49344_/Y
 _49345_/A1
 _49345_/A2
 _49345_/B1
 _49345_/B2
 _49345_/C1
 _49345_/Y
 _49346_/A1
 _49346_/A2
 _49346_/B1
 _49346_/Y
 _49347_/A
 _49347_/B
 _49347_/Y
 _49348_/A
 _49348_/B
 _49348_/Y
 _49349_/A
 _49349_/B
 _49349_/Y
 _49350_/A1
 _49350_/A2
 _49350_/B1
 _49350_/Y
 _49351_/A
 _49351_/B
 _49351_/Y
 _49352_/A1
 _49352_/A2
 _49352_/B1
 _49352_/B2
 _49352_/Y
 _49353_/A
 _49353_/B
 _49353_/Y
 _49354_/A1
 _49354_/A2
 _49354_/B1
 _49354_/C1
 _49354_/D1
 _49354_/Y
 _49355_/A1
 _49355_/A2
 _49355_/B1
 _49355_/B2
 _49355_/C1
 _49355_/Y
 _49356_/A1
 _49356_/A2
 _49356_/A3
 _49356_/B1
 _49356_/X
 _49358_/A1
 _49358_/A2
 _49358_/A3
 _49358_/B1
 _49358_/X
 _49359_/A1
 _49359_/A2
 _49359_/B1
 _49359_/Y
 _49360_/A1
 _49360_/A2
 _49360_/B1
 _49360_/Y
 _49361_/A1
 _49361_/A2
 _49361_/A3
 _49361_/B1
 _49361_/Y
 _49363_/A
 _49363_/B
 _49363_/C
 _49363_/Y
 _49364_/A
 _49364_/B
 _49364_/C
 _49364_/Y
 _49365_/A
 _49365_/B
 _49365_/X
 _49366_/A
 _49366_/B
 _49366_/Y
 _49367_/A1
 _49367_/A2
 _49367_/B1
 _49367_/Y
 _49368_/A0
 _49368_/A1
 _49368_/S
 _49368_/Y
 _49369_/A
 _49369_/B
 _49369_/C
 _49369_/Y
 _49370_/A0
 _49370_/A1
 _49370_/S
 _49370_/Y
 _49371_/A1
 _49371_/A2
 _49371_/B1
 _49371_/B2
 _49371_/X
 _49372_/A1
 _49372_/A2
 _49372_/A3
 _49372_/A4
 _49372_/B1
 _49372_/Y
 _49373_/A
 _49373_/B
 _49373_/Y
 _49374_/A1
 _49374_/A2
 _49374_/A3
 _49374_/B1
 _49374_/Y
 _49376_/A
 _49376_/B
 _49376_/Y
 _49377_/A
 _49377_/B
 _49377_/Y
 _49378_/A
 _49378_/Y
 _49379_/A1
 _49379_/A2
 _49379_/A3
 _49379_/B1
 _49379_/X
 _49380_/A1
 _49380_/A2
 _49380_/B1
 _49380_/Y
 _49381_/A0
 _49381_/A1
 _49381_/S
 _49381_/Y
 _49382_/A
 _49382_/B
 _49382_/Y
 _49383_/A
 _49383_/B
 _49383_/C
 _49383_/Y
 _49384_/A
 _49384_/B
 _49384_/X
 _49385_/A
 _49385_/B
 _49385_/Y
 _49386_/A
 _49386_/B
 _49386_/Y
 _49387_/A
 _49387_/B
 _49387_/Y
 _49388_/A1
 _49388_/A2
 _49388_/B1
 _49388_/C1
 _49388_/D1
 _49388_/Y
 _49389_/A1
 _49389_/A2
 _49389_/B1
 _49389_/B2
 _49389_/C1
 _49389_/Y
 _49390_/A
 _49390_/B
 _49390_/C
 _49390_/X
 _49391_/A1_N
 _49391_/A2_N
 _49391_/B1
 _49391_/B2
 _49391_/X
 _49392_/A_N
 _49392_/B
 _49392_/Y
 _49393_/A1_N
 _49393_/A2_N
 _49393_/B1
 _49393_/B2
 _49393_/Y
 _49394_/A
 _49394_/B
 _49394_/Y
 _49395_/A1
 _49395_/A2
 _49395_/B1
 _49395_/C1
 _49395_/Y
 _49396_/A1
 _49396_/A2
 _49396_/B1
 _49396_/Y
 _49397_/A1
 _49397_/A2
 _49397_/B1
 _49397_/X
 _49398_/A
 _49398_/B
 _49398_/C
 _49398_/D
 _49398_/Y
 _49399_/A1
 _49399_/A2
 _49399_/B1
 _49399_/C1
 _49399_/D1
 _49399_/Y
 _49400_/A
 _49400_/B
 _49400_/Y
 _49402_/A
 _49402_/B
 _49402_/Y
 _49403_/A
 _49403_/B
 _49403_/Y
 _49404_/A
 _49404_/B
 _49404_/Y
 _49405_/A
 _49405_/B
 _49405_/Y
 _49407_/A
 _49407_/B
 _49407_/Y
 _49408_/A
 _49408_/B
 _49408_/Y
 _49409_/A1
 _49409_/A2
 _49409_/B1
 _49409_/B2
 _49409_/Y
 _49410_/A
 _49410_/B
 _49410_/C
 _49410_/Y
 _49411_/A1
 _49411_/A2
 _49411_/B1
 _49411_/Y
 _49412_/A1
 _49412_/A2
 _49412_/B1
 _49412_/B2
 _49412_/C1
 _49412_/X
 _49413_/A
 _49413_/B
 _49413_/Y
 _49414_/A
 _49414_/B
 _49414_/Y
 _49415_/A
 _49415_/B
 _49415_/Y
 _49416_/A1
 _49416_/A2
 _49416_/B1
 _49416_/B2
 _49416_/C1
 _49416_/C2
 _49416_/Y
 _49417_/A1
 _49417_/A2
 _49417_/B1
 _49417_/B2
 _49417_/C1
 _49417_/Y
 _49418_/A1
 _49418_/A2
 _49418_/B1
 _49418_/Y
 _49419_/A1
 _49419_/A2
 _49419_/B1
 _49419_/X
 _49420_/A0
 _49420_/A1
 _49420_/S
 _49420_/Y
 _49421_/A0
 _49421_/A1
 _49421_/S
 _49421_/Y
 _49422_/A1
 _49422_/A2
 _49422_/B1
 _49422_/B2
 _49422_/C1
 _49422_/Y
 _49423_/A1
 _49423_/A2
 _49423_/B1
 _49423_/B2
 _49423_/C1
 _49423_/Y
 _49424_/A
 _49424_/B
 _49424_/Y
 _49425_/A1
 _49425_/A2
 _49425_/B1
 _49425_/Y
 _49426_/A
 _49426_/B
 _49426_/Y
 _49427_/A1
 _49427_/A2
 _49427_/B1
 _49427_/Y
 _49428_/A0
 _49428_/A1
 _49428_/S
 _49428_/Y
 _49429_/A
 _49429_/B
 _49429_/Y
 _49430_/A1
 _49430_/A2
 _49430_/B1
 _49430_/Y
 _49431_/A1
 _49431_/A2
 _49431_/B1
 _49431_/B2
 _49431_/C1
 _49431_/Y
 _49432_/A1
 _49432_/A2
 _49432_/B1
 _49432_/Y
 _49433_/A
 _49433_/B
 _49433_/Y
 _49434_/A
 _49434_/B
 _49434_/Y
 _49435_/A
 _49435_/B
 _49435_/C
 _49435_/Y
 _49436_/A
 _49436_/B
 _49436_/Y
 _49437_/A
 _49437_/B
 _49437_/Y
 _49438_/A
 _49438_/B
 _49438_/C
 _49438_/Y
 _49439_/A
 _49439_/B
 _49439_/Y
 _49440_/A
 _49440_/B
 _49440_/Y
 _49441_/A1
 _49441_/A2
 _49441_/B1
 _49441_/Y
 _49442_/A1
 _49442_/A2
 _49442_/B1
 _49442_/Y
 _49443_/A
 _49443_/B
 _49443_/Y
 _49444_/A1
 _49444_/A2
 _49444_/A3
 _49444_/B1
 _49444_/Y
 _49445_/A
 _49445_/B
 _49445_/Y
 _49446_/A
 _49446_/B
 _49446_/C
 _49446_/Y
 _49447_/A1
 _49447_/A2
 _49447_/B1
 _49447_/B2
 _49447_/Y
 _49448_/A
 _49448_/B
 _49448_/C
 _49448_/D
 _49448_/Y
 _49449_/A1
 _49449_/A2
 _49449_/B1
 _49449_/B2
 _49449_/Y
 _49450_/A1
 _49450_/A2
 _49450_/A3
 _49450_/B1
 _49450_/Y
 _49451_/A1
 _49451_/A2
 _49451_/B1
 _49451_/Y
 _49452_/A0
 _49452_/A1
 _49452_/S
 _49452_/Y
 _49453_/A0
 _49453_/A1
 _49453_/S
 _49453_/Y
 _49454_/A1
 _49454_/A2
 _49454_/B1
 _49454_/B2
 _49454_/Y
 _49455_/A1
 _49455_/A2
 _49455_/B1
 _49455_/C1
 _49455_/X
 _49456_/A1
 _49456_/A2
 _49456_/B1
 _49456_/Y
 _49457_/A1
 _49457_/A2
 _49457_/B1
 _49457_/Y
 _49458_/A1
 _49458_/A2
 _49458_/B1
 _49458_/C1
 _49458_/D1
 _49458_/Y
 _49459_/A
 _49459_/B
 _49459_/Y
 _49460_/A
 _49460_/B
 _49460_/Y
 _49461_/A
 _49461_/B
 _49461_/Y
 _49462_/A1
 _49462_/A2
 _49462_/B1
 _49462_/Y
 _49463_/A1
 _49463_/A2
 _49463_/B1
 _49463_/Y
 _49464_/A
 _49464_/B
 _49464_/Y
 _49465_/A
 _49465_/B
 _49465_/Y
 _49466_/A1
 _49466_/A2
 _49466_/B1
 _49466_/Y
 _49467_/A1
 _49467_/A2
 _49467_/B1
 _49467_/Y
 _49468_/A1
 _49468_/A2
 _49468_/B1
 _49468_/B2
 _49468_/Y
 _49469_/A1
 _49469_/A2
 _49469_/B1
 _49469_/Y
 _49470_/A
 _49470_/B
 _49470_/Y
 _49471_/A
 _49471_/B
 _49471_/Y
 _49472_/A1
 _49472_/A2
 _49472_/B1
 _49472_/Y
 _49473_/A1
 _49473_/A2
 _49473_/B1
 _49473_/Y
 _49474_/A
 _49474_/B
 _49474_/Y
 _49475_/A1
 _49475_/A2
 _49475_/B1
 _49475_/B2
 _49475_/Y
 _49476_/A1
 _49476_/A2
 _49476_/B1
 _49476_/B2
 _49476_/Y
 _49477_/A1
 _49477_/A2
 _49477_/B1
 _49477_/Y
 _49478_/A1
 _49478_/A2
 _49478_/B1
 _49478_/Y
 _49479_/A
 _49479_/B
 _49479_/Y
 _49480_/A
 _49480_/B
 _49480_/Y
 _49481_/A1
 _49481_/A2
 _49481_/B1
 _49481_/Y
 _49482_/A
 _49482_/B
 _49482_/Y
 _49483_/A
 _49483_/B
 _49483_/Y
 _49484_/A1
 _49484_/A2
 _49484_/B1
 _49484_/Y
 _49485_/A1
 _49485_/A2
 _49485_/B1
 _49485_/C1
 _49485_/D1
 _49485_/Y
 _49486_/A1
 _49486_/A2
 _49486_/B1
 _49486_/C1
 _49486_/Y
 _49487_/A
 _49487_/B
 _49487_/Y
 _49488_/A
 _49488_/B
 _49488_/Y
 _49489_/A1
 _49489_/A2
 _49489_/B1
 _49489_/Y
 _49490_/A
 _49490_/B
 _49490_/Y
 _49491_/A
 _49491_/B
 _49491_/Y
 _49492_/A1
 _49492_/A2
 _49492_/A3
 _49492_/B1
 _49492_/Y
 _49493_/A
 _49493_/B
 _49493_/C
 _49493_/Y
 _49494_/A1
 _49494_/A2
 _49494_/B1
 _49494_/Y
 _49495_/A1
 _49495_/A2
 _49495_/B1
 _49495_/C1
 _49495_/D1
 _49495_/Y
 _49496_/A1
 _49496_/A2
 _49496_/B1
 _49496_/Y
 _49497_/A1
 _49497_/A2
 _49497_/B1
 _49497_/Y
 _49498_/A0
 _49498_/A1
 _49498_/S
 _49498_/Y
 _49499_/A
 _49499_/B
 _49499_/Y
 _49500_/A1
 _49500_/A2
 _49500_/B1
 _49500_/Y
 _49501_/A1
 _49501_/A2
 _49501_/B1
 _49501_/B2
 _49501_/C1
 _49501_/Y
 _49502_/A1
 _49502_/A2
 _49502_/B1
 _49502_/Y
 _49503_/A
 _49503_/B
 _49503_/Y
 _49504_/A
 _49504_/B
 _49504_/Y
 _49505_/A1
 _49505_/A2
 _49505_/B1
 _49505_/Y
 _49506_/A1
 _49506_/A2
 _49506_/B1
 _49506_/Y
 _49507_/A
 _49507_/B
 _49507_/Y
 _49508_/A
 _49508_/B
 _49508_/Y
 _49509_/A1
 _49509_/A2
 _49509_/B1
 _49509_/Y
 _49510_/A1
 _49510_/A2
 _49510_/B1
 _49510_/Y
 _49511_/A1
 _49511_/A2
 _49511_/B1
 _49511_/B2
 _49511_/Y
 _49512_/A1
 _49512_/A2
 _49512_/B1
 _49512_/Y
 _49513_/A
 _49513_/B
 _49513_/Y
 _49514_/A
 _49514_/B
 _49514_/Y
 _49515_/A1
 _49515_/A2
 _49515_/B1
 _49515_/Y
 _49516_/A1
 _49516_/A2
 _49516_/B1
 _49516_/Y
 _49517_/A
 _49517_/B
 _49517_/Y
 _49518_/A1
 _49518_/A2
 _49518_/B1
 _49518_/B2
 _49518_/Y
 _49519_/A1
 _49519_/A2
 _49519_/B1
 _49519_/B2
 _49519_/Y
 _49520_/A1
 _49520_/A2
 _49520_/B1
 _49520_/Y
 _49521_/A1
 _49521_/A2
 _49521_/B1
 _49521_/Y
 _49522_/A
 _49522_/B
 _49522_/Y
 _49523_/A
 _49523_/B
 _49523_/Y
 _49524_/A1
 _49524_/A2
 _49524_/B1
 _49524_/Y
 _49525_/A
 _49525_/B
 _49525_/Y
 _49526_/A
 _49526_/B
 _49526_/Y
 _49527_/A1
 _49527_/A2
 _49527_/B1
 _49527_/Y
 _49528_/A1
 _49528_/A2
 _49528_/B1
 _49528_/C1
 _49528_/D1
 _49528_/Y
 _49529_/A1
 _49529_/A2
 _49529_/B1
 _49529_/C1
 _49529_/Y
 _49530_/A1
 _49530_/A2
 _49530_/B1
 _49530_/C1
 _49530_/D1
 _49530_/Y
 _49531_/A1
 _49531_/A2
 _49531_/B1
 _49531_/Y
 _49532_/A
 _49532_/B
 _49532_/Y
 _49533_/A
 _49533_/B
 _49533_/Y
 _49534_/A1
 _49534_/A2
 _49534_/B1
 _49534_/Y
 _49535_/A1
 _49535_/A2
 _49535_/B1
 _49535_/Y
 _49536_/A1
 _49536_/A2
 _49536_/B1
 _49536_/Y
 _49537_/A1
 _49537_/A2
 _49537_/B1
 _49537_/Y
 _49538_/A
 _49538_/B
 _49538_/Y
 _49539_/A
 _49539_/B
 _49539_/Y
 _49540_/A1
 _49540_/A2
 _49540_/B1
 _49540_/Y
 _49541_/A1
 _49541_/A2
 _49541_/B1
 _49541_/Y
 _49542_/A1
 _49542_/A2
 _49542_/B1
 _49542_/Y
 _49543_/A
 _49543_/B
 _49543_/Y
 _49544_/A
 _49544_/B
 _49544_/Y
 _49545_/A1
 _49545_/A2
 _49545_/B1
 _49545_/Y
 _49546_/A1
 _49546_/A2
 _49546_/B1
 _49546_/C1
 _49546_/Y
 _49547_/A
 _49547_/B
 _49547_/Y
 _49548_/A
 _49548_/B
 _49548_/Y
 _49549_/A1
 _49549_/A2
 _49549_/B1
 _49549_/Y
 _49550_/A1
 _49550_/A2
 _49550_/B1
 _49550_/C1
 _49550_/Y
 _49551_/A1
 _49551_/A2
 _49551_/A3
 _49551_/B1
 _49551_/Y
 _49552_/A1
 _49552_/A2
 _49552_/B1
 _49552_/Y
 _49553_/A1
 _49553_/A2
 _49553_/B1
 _49553_/Y
 _49554_/A
 _49554_/B
 _49554_/Y
 _49555_/A
 _49555_/B
 _49555_/Y
 _49556_/A1
 _49556_/A2
 _49556_/B1
 _49556_/Y
 _49557_/A
 _49557_/B
 _49557_/Y
 _49558_/A
 _49558_/B
 _49558_/Y
 _49559_/A1
 _49559_/A2
 _49559_/B1
 _49559_/Y
 _49560_/A
 _49560_/B
 _49560_/C
 _49560_/Y
 _49561_/A
 _49561_/B
 _49561_/C
 _49561_/Y
 _49562_/A1
 _49562_/A2
 _49562_/B1
 _49562_/C1
 _49562_/Y
 _49563_/A
 _49563_/B
 _49563_/Y
 _49564_/A
 _49564_/B
 _49564_/Y
 _49565_/A1
 _49565_/A2
 _49565_/B1
 _49565_/Y
 _49566_/A1
 _49566_/A2
 _49566_/B1
 _49566_/Y
 _49567_/A1
 _49567_/A2
 _49567_/B1
 _49567_/Y
 _49568_/A
 _49568_/B
 _49568_/Y
 _49569_/A
 _49569_/B
 _49569_/Y
 _49570_/A1
 _49570_/A2
 _49570_/B1
 _49570_/B2
 _49570_/C1
 _49570_/Y
 _49571_/A1
 _49571_/A2
 _49571_/B1
 _49571_/C1
 _49571_/D1
 _49571_/Y
 _49572_/A1
 _49572_/A2
 _49572_/B1
 _49572_/Y
 _49573_/A
 _49573_/B
 _49573_/X
 _49574_/A
 _49574_/B
 _49574_/Y
 _49575_/A
 _49575_/B
 _49575_/Y
 _49576_/A
 _49576_/B
 _49576_/Y
 _49577_/A
 _49577_/B
 _49577_/Y
 _49578_/A1
 _49578_/A2
 _49578_/B1
 _49578_/B2
 _49578_/C1
 _49578_/Y
 _49579_/A
 _49579_/B
 _49579_/Y
 _49580_/A
 _49580_/B
 _49580_/Y
 _49581_/A
 _49581_/B
 _49581_/Y
 _49582_/A
 _49582_/B
 _49582_/Y
 _49583_/A
 _49583_/B
 _49583_/Y
 _49584_/A
 _49584_/B
 _49584_/Y
 _49585_/A1
 _49585_/A2
 _49585_/B1
 _49585_/B2
 _49585_/Y
 _49586_/A
 _49586_/B
 _49586_/Y
 _49587_/A
 _49587_/B
 _49587_/Y
 _49588_/A
 _49588_/B
 _49588_/Y
 _49589_/A1
 _49589_/A2
 _49589_/B1
 _49589_/B2
 _49589_/C1
 _49589_/C2
 _49589_/Y
 _49590_/A1
 _49590_/A2
 _49590_/B1
 _49590_/B2
 _49590_/C1
 _49590_/Y
 _49591_/A1
 _49591_/A2
 _49591_/B1
 _49591_/Y
 _49592_/A1
 _49592_/A2
 _49592_/B1
 _49592_/C1
 _49592_/Y
 _49593_/A1
 _49593_/A2
 _49593_/B1
 _49593_/C1
 _49593_/Y
 _49594_/A0
 _49594_/A1
 _49594_/S
 _49594_/Y
 _49595_/A1
 _49595_/A2
 _49595_/B1
 _49595_/Y
 _49596_/A
 _49596_/B
 _49596_/Y
 _49597_/A
 _49597_/B
 _49597_/Y
 _49598_/A1
 _49598_/A2
 _49598_/B1
 _49598_/Y
 _49599_/A1
 _49599_/A2
 _49599_/B1
 _49599_/C1
 _49599_/D1
 _49599_/Y
 _49600_/A
 _49600_/B
 _49600_/Y
 _49601_/A
 _49601_/Y
 _49602_/A1
 _49602_/A2
 _49602_/B1
 _49602_/Y
 _49603_/A0
 _49603_/A1
 _49603_/S
 _49603_/Y
 _49604_/A
 _49604_/B
 _49604_/Y
 _49605_/A1
 _49605_/A2
 _49605_/B1
 _49605_/Y
 _49606_/A1
 _49606_/A2
 _49606_/B1
 _49606_/B2
 _49606_/C1
 _49606_/Y
 _49607_/A1
 _49607_/A2
 _49607_/B1
 _49607_/Y
 _49608_/A
 _49608_/B
 _49608_/Y
 _49609_/A
 _49609_/B
 _49609_/Y
 _49610_/A1
 _49610_/A2
 _49610_/B1
 _49610_/Y
 _49611_/A1
 _49611_/A2
 _49611_/B1
 _49611_/B2
 _49611_/C1
 _49611_/Y
 _49612_/A
 _49612_/B
 _49612_/Y
 _49613_/A
 _49613_/B
 _49613_/Y
 _49614_/A1
 _49614_/A2
 _49614_/B1
 _49614_/Y
 _49615_/A1
 _49615_/A2
 _49615_/B1
 _49615_/C1
 _49615_/Y
 _49616_/A1
 _49616_/A2
 _49616_/B1
 _49616_/Y
 _49617_/A
 _49617_/B
 _49617_/Y
 _49618_/A
 _49618_/B
 _49618_/Y
 _49619_/A1
 _49619_/A2
 _49619_/B1
 _49619_/Y
 _49620_/A1
 _49620_/A2
 _49620_/B1
 _49620_/B2
 _49620_/C1
 _49620_/Y
 _49621_/A
 _49621_/B
 _49621_/Y
 _49622_/A
 _49622_/B
 _49622_/Y
 _49623_/A1
 _49623_/A2
 _49623_/B1
 _49623_/Y
 _49624_/A1
 _49624_/A2
 _49624_/B1
 _49624_/C1
 _49624_/Y
 _49625_/A1
 _49625_/A2
 _49625_/B1
 _49625_/C1
 _49625_/Y
 _49626_/A1
 _49626_/A2
 _49626_/B1
 _49626_/Y
 _49627_/A
 _49627_/B
 _49627_/Y
 _49628_/A
 _49628_/B
 _49628_/Y
 _49629_/A1
 _49629_/A2
 _49629_/B1
 _49629_/Y
 _49630_/A
 _49630_/B
 _49630_/Y
 _49631_/A
 _49631_/B
 _49631_/Y
 _49632_/A1
 _49632_/A2
 _49632_/B1
 _49632_/Y
 _49633_/A1
 _49633_/A2
 _49633_/B1
 _49633_/C1
 _49633_/D1
 _49633_/Y
 _49634_/A1
 _49634_/A2
 _49634_/B1
 _49634_/Y
 _49635_/A1
 _49635_/A2
 _49635_/B1
 _49635_/C1
 _49635_/D1
 _49635_/Y
 _49636_/A1
 _49636_/A2
 _49636_/B1
 _49636_/Y
 _49637_/A
 _49637_/B
 _49637_/C
 _49637_/D
 _49637_/Y
 _49638_/A
 _49638_/B
 _49638_/Y
 _49639_/A1
 _49639_/A2
 _49639_/B1
 _49639_/X
 _49640_/A
 _49640_/B
 _49640_/Y
 _49641_/A
 _49641_/B
 _49641_/Y
 _49642_/A
 _49642_/B
 _49642_/Y
 _49644_/A
 _49644_/B
 _49644_/Y
 _49645_/A
 _49645_/B
 _49645_/Y
 _49646_/A
 _49646_/B
 _49646_/C
 _49646_/X
 _49647_/A1
 _49647_/A2
 _49647_/B1
 _49647_/B2
 _49647_/C1
 _49647_/Y
 _49648_/A
 _49648_/B
 _49648_/Y
 _49650_/A1
 _49650_/A2
 _49650_/B1
 _49650_/B2
 _49650_/Y
 _49651_/A1
 _49651_/A2
 _49651_/B1
 _49651_/Y
 _49652_/A1
 _49652_/A2
 _49652_/B1
 _49652_/C1
 _49652_/Y
 _49653_/A
 _49653_/B
 _49653_/Y
 _49654_/A
 _49654_/B
 _49654_/Y
 _49655_/A1
 _49655_/A2
 _49655_/B1
 _49655_/Y
 _49656_/A1
 _49656_/A2
 _49656_/B1
 _49656_/Y
 _49657_/A0
 _49657_/A1
 _49657_/A2
 _49657_/A3
 _49657_/S0
 _49657_/S1
 _49657_/X
 _49658_/A
 _49658_/B
 _49658_/Y
 _49659_/A1
 _49659_/A2
 _49659_/B1
 _49659_/Y
 _49660_/A1
 _49660_/A2
 _49660_/B1
 _49660_/Y
 _49661_/A
 _49661_/B
 _49661_/Y
 _49662_/A
 _49662_/B
 _49662_/Y
 _49663_/A1
 _49663_/A2
 _49663_/B1
 _49663_/Y
 _49664_/A
 _49664_/B
 _49664_/Y
 _49665_/A
 _49665_/B
 _49665_/Y
 _49666_/A1
 _49666_/A2
 _49666_/B1
 _49666_/Y
 _49667_/A1
 _49667_/A2
 _49667_/B1
 _49667_/C1
 _49667_/D1
 _49667_/Y
 _49668_/A1
 _49668_/A2
 _49668_/B1
 _49668_/Y
 _49669_/A1
 _49669_/A2
 _49669_/B1
 _49669_/Y
 _49670_/A1
 _49670_/A2
 _49670_/B1
 _49670_/B2
 _49670_/Y
 _49671_/A
 _49671_/B
 _49671_/Y
 _49672_/A
 _49672_/Y
 _49673_/A
 _49673_/B
 _49673_/Y
 _49674_/A
 _49674_/B
 _49674_/X
 _49675_/A
 _49675_/B
 _49675_/C
 _49675_/D
 _49675_/X
 _49676_/A1
 _49676_/A2
 _49676_/B1
 _49676_/C1
 _49676_/Y
 _49677_/A1
 _49677_/A2
 _49677_/B1
 _49677_/X
 _49678_/A
 _49678_/B
 _49678_/Y
 _49679_/A
 _49679_/B
 _49679_/Y
 _49680_/A
 _49680_/B
 _49680_/Y
 _49681_/A_N
 _49681_/B
 _49681_/Y
 _49682_/A1
 _49682_/A2
 _49682_/B1
 _49682_/Y
 _49683_/A
 _49683_/B
 _49683_/Y
 _49684_/A
 _49684_/B
 _49684_/Y
 _49685_/A
 _49685_/B
 _49685_/Y
 _49686_/A1
 _49686_/A2
 _49686_/B1
 _49686_/Y
 _49687_/A
 _49687_/B
 _49687_/C
 _49687_/X
 _49688_/A
 _49688_/B
 _49688_/C
 _49688_/Y
 _49689_/A
 _49689_/B
 _49689_/Y
 _49690_/A
 _49690_/B_N
 _49690_/Y
 _49691_/A
 _49691_/B
 _49691_/Y
 _49692_/A
 _49692_/B
 _49692_/Y
 _49693_/A1
 _49693_/A2
 _49693_/B1
 _49693_/Y
 _49694_/A
 _49694_/B
 _49694_/Y
 _49695_/A
 _49695_/B
 _49695_/C
 _49695_/X
 _49696_/A0
 _49696_/A1
 _49696_/S
 _49696_/Y
 _49697_/A
 _49697_/B
 _49697_/Y
 _49698_/A
 _49698_/B
 _49698_/Y
 _49699_/A1
 _49699_/A2
 _49699_/B1
 _49699_/Y
 _49700_/A1
 _49700_/A2
 _49700_/B1
 _49700_/B2
 _49700_/C1
 _49700_/Y
 _49701_/A1
 _49701_/A2
 _49701_/B1
 _49701_/C1
 _49701_/Y
 _49702_/A1
 _49702_/A2
 _49702_/B1_N
 _49702_/Y
 _49703_/A
 _49703_/B
 _49703_/C
 _49703_/Y
 _49704_/A
 _49704_/B
 _49704_/Y
 _49705_/A
 _49705_/B
 _49705_/Y
 _49706_/A0
 _49706_/A1
 _49706_/S
 _49706_/Y
 _49707_/A
 _49707_/B
 _49707_/Y
 _49708_/A1
 _49708_/A2
 _49708_/B1
 _49708_/Y
 _49709_/A
 _49709_/B
 _49709_/Y
 _49710_/A
 _49710_/B
 _49710_/Y
 _49711_/A
 _49711_/B
 _49711_/Y
 _49712_/A1
 _49712_/A2
 _49712_/B1
 _49712_/Y
 _49713_/A
 _49713_/B
 _49713_/Y
 _49714_/A1
 _49714_/A2
 _49714_/B1
 _49714_/Y
 _49715_/A1
 _49715_/A2
 _49715_/B1
 _49715_/B2
 _49715_/C1
 _49715_/Y
 _49716_/A1
 _49716_/A2
 _49716_/B1
 _49716_/Y
 _49717_/A
 _49717_/B
 _49717_/Y
 _49718_/A
 _49718_/B
 _49718_/Y
 _49719_/A1
 _49719_/A2
 _49719_/B1
 _49719_/Y
 _49720_/A1
 _49720_/A2
 _49720_/B1
 _49720_/Y
 _49721_/A
 _49721_/B
 _49721_/Y
 _49722_/A
 _49722_/B
 _49722_/Y
 _49723_/A
 _49723_/B
 _49723_/C
 _49723_/Y
 _49724_/A1
 _49724_/A2
 _49724_/A3
 _49724_/B1
 _49724_/C1
 _49724_/Y
 _49725_/A1
 _49725_/A2
 _49725_/B1
 _49725_/Y
 _49726_/A1
 _49726_/A2
 _49726_/B1
 _49726_/Y
 _49727_/A1
 _49727_/A2
 _49727_/B1
 _49727_/Y
 _49728_/A
 _49728_/B
 _49728_/Y
 _49729_/A
 _49729_/B
 _49729_/Y
 _49730_/A1
 _49730_/A2
 _49730_/B1
 _49730_/Y
 _49731_/A1
 _49731_/A2
 _49731_/B1
 _49731_/B2
 _49731_/C1
 _49731_/Y
 _49732_/A1
 _49732_/A2
 _49732_/B1
 _49732_/B2
 _49732_/C1
 _49732_/Y
 _49733_/A1
 _49733_/A2
 _49733_/B1
 _49733_/B2
 _49733_/Y
 _49734_/A1
 _49734_/A2
 _49734_/B1
 _49734_/Y
 _49735_/A
 _49735_/B
 _49735_/Y
 _49736_/A
 _49736_/B
 _49736_/C
 _49736_/X
 _49737_/A
 _49737_/Y
 _49738_/A
 _49738_/B
 _49738_/Y
 _49739_/A1
 _49739_/A2
 _49739_/B1
 _49739_/Y
 _49740_/A1
 _49740_/A2
 _49740_/B1
 _49740_/Y
 _49741_/A1
 _49741_/A2
 _49741_/B1
 _49741_/X
 _49742_/A
 _49742_/B
 _49742_/Y
 _49743_/A
 _49743_/B
 _49743_/Y
 _49744_/A1
 _49744_/A2
 _49744_/B1
 _49744_/Y
 _49745_/A
 _49745_/B
 _49745_/Y
 _49746_/A
 _49746_/B
 _49746_/C
 _49746_/Y
 _49747_/A1
 _49747_/A2
 _49747_/B1
 _49747_/Y
 _49749_/A1
 _49749_/A2
 _49749_/A3
 _49749_/A4
 _49749_/B1
 _49749_/X
 _49750_/A1
 _49750_/A2
 _49750_/B1
 _49750_/Y
 _49751_/A1
 _49751_/A2
 _49751_/B1_N
 _49751_/Y
 _49752_/A
 _49752_/B
 _49752_/Y
 _49753_/A
 _49753_/B
 _49753_/C
 _49753_/Y
 _49754_/A
 _49754_/B
 _49754_/C
 _49754_/Y
 _49755_/A
 _49755_/B
 _49755_/Y
 _49756_/A1
 _49756_/A2
 _49756_/B1
 _49756_/Y
 _49757_/A
 _49757_/B
 _49757_/C
 _49757_/Y
 _49758_/A1
 _49758_/A2
 _49758_/B1
 _49758_/Y
 _49759_/A
 _49759_/B
 _49759_/C
 _49759_/D
 _49759_/Y
 _49760_/A1
 _49760_/A2
 _49760_/B1
 _49760_/C1
 _49760_/Y
 _49761_/A
 _49761_/B
 _49761_/Y
 _49762_/A
 _49762_/B
 _49762_/Y
 _49763_/A1
 _49763_/A2
 _49763_/B1
 _49763_/Y
 _49764_/A1
 _49764_/A2
 _49764_/A3
 _49764_/B1
 _49764_/X
 _49765_/A1
 _49765_/A2
 _49765_/B1
 _49765_/C1
 _49765_/D1
 _49765_/X
 _49766_/A
 _49766_/Y
 _49767_/A
 _49767_/B
 _49767_/X
 _49768_/A
 _49768_/B
 _49768_/Y
 _49769_/A
 _49769_/B
 _49769_/Y
 _49770_/A
 _49770_/B
 _49770_/Y
 _49771_/A1
 _49771_/A2
 _49771_/B1
 _49771_/B2
 _49771_/X
 _49772_/A1
 _49772_/A2
 _49772_/B1
 _49772_/Y
 _49773_/A
 _49773_/B
 _49773_/C_N
 _49773_/Y
 _49774_/A
 _49774_/B
 _49774_/Y
 _49775_/A
 _49775_/B
 _49775_/Y
 _49776_/A1
 _49776_/A2
 _49776_/A3
 _49776_/B1
 _49776_/B2
 _49776_/X
 _49777_/A1
 _49777_/A2
 _49777_/B1
 _49777_/Y
 _49778_/A_N
 _49778_/B
 _49778_/C
 _49778_/X
 _49779_/A
 _49779_/B
 _49779_/Y
 _49780_/A
 _49780_/B
 _49780_/C
 _49780_/D
 _49780_/Y
 _49781_/A
 _49781_/B
 _49781_/C
 _49781_/X
 _49782_/A
 _49782_/B
 _49782_/Y
 _49783_/A
 _49783_/B
 _49783_/C
 _49783_/Y
 _49784_/A
 _49784_/B
 _49784_/C
 _49784_/D
 _49784_/Y
 _49785_/A1
 _49785_/A2
 _49785_/B1
 _49785_/C1
 _49785_/Y
 _49786_/A
 _49786_/Y
 _49787_/A1
 _49787_/A2
 _49787_/B1
 _49787_/Y
 _49788_/A
 _49788_/B
 _49788_/X
 _49789_/A1
 _49789_/A2
 _49789_/B1
 _49789_/C1
 _49789_/Y
 _49790_/A
 _49790_/B
 _49790_/C
 _49790_/X
 _49791_/A1
 _49791_/A2
 _49791_/B1
 _49791_/C1
 _49791_/Y
 _49792_/A1
 _49792_/A2
 _49792_/B1
 _49792_/Y
 _49793_/A1
 _49793_/A2
 _49793_/B1
 _49793_/Y
 _49794_/A1
 _49794_/A2
 _49794_/B1
 _49794_/C1
 _49794_/Y
 _49795_/A1
 _49795_/A2
 _49795_/B1
 _49795_/C1
 _49795_/X
 _49796_/A_N
 _49796_/B
 _49796_/Y
 _49797_/A1
 _49797_/A2
 _49797_/B1
 _49797_/X
 _49798_/A1
 _49798_/A2
 _49798_/A3
 _49798_/A4
 _49798_/B1
 _49798_/Y
 _49799_/A0
 _49799_/A1
 _49799_/S
 _49799_/Y
 _49800_/A
 _49800_/B
 _49800_/C
 _49800_/D
 _49800_/X
 _49801_/A
 _49801_/B
 _49801_/Y
 _49802_/A
 _49802_/B
 _49802_/Y
 _49803_/A1
 _49803_/A2
 _49803_/B1
 _49803_/Y
 _49804_/A0
 _49804_/A1
 _49804_/S
 _49804_/Y
 _49805_/A1
 _49805_/A2
 _49805_/B1
 _49805_/B2
 _49805_/Y
 _49806_/A1
 _49806_/A2
 _49806_/B1
 _49806_/X
 _49807_/A1
 _49807_/A2
 _49807_/B1
 _49807_/C1
 _49807_/X
 _49808_/A1
 _49808_/A2
 _49808_/B1
 _49808_/C1
 _49808_/Y
 _49809_/A1
 _49809_/A2
 _49809_/A3
 _49809_/B1
 _49809_/Y
 _49810_/A
 _49810_/B
 _49810_/Y
 _49811_/A1
 _49811_/A2
 _49811_/B1
 _49811_/Y
 _49812_/A
 _49812_/B
 _49812_/C
 _49812_/D
 _49812_/Y
 _49813_/A
 _49813_/B
 _49813_/Y
 _49814_/A
 _49814_/B
 _49814_/Y
 _49815_/A
 _49815_/B
 _49815_/C
 _49815_/D
 _49815_/X
 _49816_/A
 _49816_/B
 _49816_/C
 _49816_/Y
 _49817_/A1
 _49817_/A2
 _49817_/B1
 _49817_/C1
 _49817_/Y
 _49818_/A1
 _49818_/A2
 _49818_/B1
 _49818_/Y
 _49819_/A1
 _49819_/A2
 _49819_/B1
 _49819_/C1
 _49819_/Y
 _49820_/A
 _49820_/B
 _49820_/Y
 _49821_/A0
 _49821_/A1
 _49821_/S
 _49821_/X
 _49822_/A
 _49822_/B
 _49822_/Y
 _49823_/A1
 _49823_/A2
 _49823_/A3
 _49823_/B1
 _49823_/Y
 _49824_/A
 _49824_/B
 _49824_/Y
 _49825_/A1
 _49825_/A2
 _49825_/B1
 _49825_/Y
 _49826_/A
 _49826_/B
 _49826_/C
 _49826_/D_N
 _49826_/Y
 _49827_/A1
 _49827_/A2
 _49827_/A3
 _49827_/B1
 _49827_/C1
 _49827_/Y
 _49828_/A
 _49828_/B
 _49828_/C
 _49828_/D
 _49828_/Y
 _49829_/A
 _49829_/B
 _49829_/Y
 _49830_/A
 _49830_/B
 _49830_/C
 _49830_/Y
 _49831_/A1
 _49831_/A2
 _49831_/A3
 _49831_/B1
 _49831_/B2
 _49831_/X
 _49832_/A1
 _49832_/A2
 _49832_/B1
 _49832_/Y
 _49833_/A
 _49833_/B
 _49833_/Y
 _49834_/A1
 _49834_/A2
 _49834_/B1
 _49834_/Y
 _49835_/A1
 _49835_/A2
 _49835_/A3
 _49835_/A4
 _49835_/B1
 _49835_/Y
 _49836_/A1
 _49836_/A2
 _49836_/B1
 _49836_/C1
 _49836_/D1
 _49836_/Y
 _49837_/A1
 _49837_/A2
 _49837_/B1_N
 _49837_/Y
 _49838_/A
 _49838_/B
 _49838_/Y
 _49839_/A
 _49839_/B
 _49839_/C
 _49839_/Y
 _49840_/A1
 _49840_/A2
 _49840_/A3
 _49840_/B1
 _49840_/C1
 _49840_/Y
 _49841_/A1
 _49841_/A2
 _49841_/B1
 _49841_/C1
 _49841_/Y
 _49842_/A
 _49842_/B
 _49842_/Y
 _49843_/A
 _49843_/B
 _49843_/C
 _49843_/Y
 _49844_/A
 _49844_/B
 _49844_/C
 _49844_/Y
 _49845_/A
 _49845_/B
 _49845_/C
 _49845_/Y
 _49846_/A1_N
 _49846_/A2_N
 _49846_/B1
 _49846_/B2
 _49846_/Y
 _49847_/A_N
 _49847_/B
 _49847_/Y
 _49848_/A1
 _49848_/A2
 _49848_/B1
 _49848_/B2
 _49848_/C1
 _49848_/Y
 _49849_/A
 _49849_/B
 _49849_/C
 _49849_/D
 _49849_/Y
 _49850_/A
 _49850_/B
 _49850_/Y
 _49851_/A1
 _49851_/A2
 _49851_/B1
 _49851_/B2
 _49851_/C1
 _49851_/Y
 _49852_/A1
 _49852_/A2
 _49852_/B1
 _49852_/C1
 _49852_/D1
 _49852_/Y
 _49853_/A
 _49853_/B
 _49853_/C
 _49853_/D_N
 _49853_/X
 _49855_/A
 _49855_/Y
 _49856_/A
 _49856_/B
 _49856_/Y
 _49857_/A
 _49857_/B
 _49857_/Y
 _49858_/A
 _49858_/B
 _49858_/C
 _49858_/Y
 _49859_/A1
 _49859_/A2
 _49859_/B1
 _49859_/C1
 _49859_/Y
 _49860_/A
 _49860_/Y
 _49861_/A1
 _49861_/A2
 _49861_/B1
 _49861_/Y
 _49862_/A
 _49862_/B
 _49862_/Y
 _49863_/A
 _49863_/B
 _49863_/Y
 _49864_/A1
 _49864_/A2
 _49864_/B1_N
 _49864_/Y
 _49865_/A1
 _49865_/A2
 _49865_/B1
 _49865_/Y
 _49869_/A
 _49869_/B
 _49869_/X
 _49870_/A
 _49870_/B
 _49870_/Y
 _49873_/A
 _49873_/B
 _49873_/Y
 _49874_/A
 _49874_/B
 _49874_/Y
 _49875_/A
 _49875_/B
 _49875_/C
 _49875_/Y
 _49876_/A1
 _49876_/A2
 _49876_/B1
 _49876_/Y
 _49877_/A
 _49877_/B
 _49877_/Y
 _49878_/A1
 _49878_/A2
 _49878_/B1
 _49878_/X
 _49879_/A1
 _49879_/A2
 _49879_/B1
 _49879_/X
 _49880_/A1
 _49880_/A2
 _49880_/B1
 _49880_/X
 _49881_/A1
 _49881_/A2
 _49881_/A3
 _49881_/A4
 _49881_/B1
 _49881_/Y
 _49882_/A
 _49882_/B
 _49882_/C
 _49882_/Y
 _49883_/A1
 _49883_/A2
 _49883_/B1
 _49883_/Y
 _49884_/A1
 _49884_/A2
 _49884_/B1
 _49884_/B2
 _49884_/X
 _49885_/A
 _49885_/Y
 _49886_/A1
 _49886_/A2
 _49886_/B1
 _49886_/X
 _49887_/A
 _49887_/B
 _49887_/C
 _49887_/D
 _49887_/X
 _49888_/A1
 _49888_/A2
 _49888_/B1
 _49888_/X
 _49889_/A1
 _49889_/A2
 _49889_/B1
 _49889_/C1
 _49889_/X
 _49891_/A
 _49891_/B
 _49891_/Y
 _49892_/A
 _49892_/B
 _49892_/Y
 _49893_/A
 _49893_/B
 _49893_/Y
 _49894_/A1
 _49894_/A2
 _49894_/B1
 _49894_/Y
 _49895_/A
 _49895_/B
 _49895_/Y
 _49896_/A1
 _49896_/A2
 _49896_/B1
 _49896_/Y
 _49897_/A
 _49897_/B
 _49897_/X
 _49898_/A1
 _49898_/A2
 _49898_/B1
 _49898_/Y
 _49899_/A
 _49899_/Y
 _49900_/A
 _49900_/B
 _49900_/C
 _49900_/D
 _49900_/X
 _49901_/A
 _49901_/B
 _49901_/X
 _49902_/A1
 _49902_/A2
 _49902_/A3
 _49902_/B1
 _49902_/Y
 _49903_/A
 _49903_/B
 _49903_/Y
 _49904_/A
 _49904_/B
 _49904_/Y
 _49906_/A
 _49906_/B
 _49906_/Y
 _49907_/A1
 _49907_/A2
 _49907_/A3
 _49907_/B1
 _49907_/Y
 _49908_/A
 _49908_/B
 _49908_/Y
 _49909_/A
 _49909_/B
 _49909_/Y
 _49910_/A
 _49910_/B
 _49910_/Y
 _49911_/A
 _49911_/B
 _49911_/Y
 _49912_/A1
 _49912_/A2
 _49912_/B1
 _49912_/Y
 _49913_/A1
 _49913_/A2
 _49913_/B1
 _49913_/X
 _49914_/A
 _49914_/B
 _49914_/Y
 _49915_/A1
 _49915_/A2
 _49915_/B1
 _49915_/X
 _49916_/A
 _49916_/Y
 _49918_/A
 _49918_/B
 _49918_/Y
 _49919_/A
 _49919_/B
 _49919_/Y
 _49920_/A
 _49920_/B
 _49920_/Y
 _49921_/A
 _49921_/B
 _49921_/Y
 _49922_/A
 _49922_/B
 _49922_/Y
 _49923_/A1
 _49923_/A2
 _49923_/B1_N
 _49923_/Y
 _49924_/A1
 _49924_/A2
 _49924_/B1
 _49924_/X
 _49925_/A1
 _49925_/A2
 _49925_/B1
 _49925_/X
 _49926_/A1
 _49926_/A2
 _49926_/B1
 _49926_/X
 _49927_/A1
 _49927_/A2
 _49927_/B1
 _49927_/X
 _49928_/A
 _49928_/B
 _49928_/Y
 _49929_/A1
 _49929_/A2
 _49929_/B1
 _49929_/C1
 _49929_/Y
 _49930_/A1
 _49930_/A2
 _49930_/A3
 _49930_/B1
 _49930_/Y
 _49931_/A
 _49931_/B
 _49931_/X
 _49932_/A
 _49932_/B
 _49932_/Y
 _49933_/A
 _49933_/B
 _49933_/X
 _49934_/A
 _49934_/B
 _49934_/Y
 _49935_/A1
 _49935_/A2
 _49935_/A3
 _49935_/A4
 _49935_/B1
 _49935_/X
 _49936_/A1
 _49936_/A2
 _49936_/B1
 _49936_/Y
 _49937_/A
 _49937_/B
 _49937_/X
 _49941_/A
 _49941_/B
 _49941_/Y
 _49942_/A1
 _49942_/A2
 _49942_/B1
 _49942_/Y
 _49943_/A
 _49943_/B
 _49943_/Y
 _49944_/A0
 _49944_/A1
 _49944_/S
 _49944_/Y
 _49945_/A1
 _49945_/A2
 _49945_/A3
 _49945_/B1
 _49945_/Y
 _49946_/A1
 _49946_/A2
 _49946_/B1
 _49946_/Y
 _49947_/A1
 _49947_/A2
 _49947_/A3
 _49947_/B1
 _49947_/X
 _49948_/A1
 _49948_/A2
 _49948_/B1
 _49948_/C1
 _49948_/X
 _49949_/A
 _49949_/B
 _49949_/Y
 _49950_/A1
 _49950_/A2
 _49950_/B1
 _49950_/Y
 _49951_/A
 _49951_/B
 _49951_/C
 _49951_/Y
 _49952_/A1
 _49952_/A2
 _49952_/A3
 _49952_/B1
 _49952_/C1
 _49952_/X
 _49953_/A
 _49953_/B
 _49953_/C
 _49953_/Y
 _49954_/A
 _49954_/B
 _49954_/X
 _49955_/A
 _49955_/B
 _49955_/Y
 _49956_/A1
 _49956_/A2
 _49956_/A3
 _49956_/B1
 _49956_/Y
 _49957_/A
 _49957_/B
 _49957_/Y
 _49958_/A
 _49958_/B
 _49958_/Y
 _49959_/A
 _49959_/B
 _49959_/C
 _49959_/Y
 _49960_/A1
 _49960_/A2
 _49960_/A3
 _49960_/B1
 _49960_/X
 _49961_/A1
 _49961_/A2
 _49961_/B1
 _49961_/Y
 _49963_/A
 _49963_/B
 _49963_/Y
 _49965_/A
 _49965_/B
 _49965_/Y
 _49966_/A1
 _49966_/A2
 _49966_/A3
 _49966_/A4
 _49966_/B1
 _49966_/Y
 _49967_/A1
 _49967_/A2
 _49967_/B1_N
 _49967_/Y
 _49968_/A
 _49968_/B
 _49968_/Y
 _49971_/A1
 _49971_/A2
 _49971_/B1
 _49971_/C1
 _49971_/Y
 _49972_/A
 _49972_/B
 _49972_/C
 _49972_/D
 _49972_/Y
 _49973_/A1
 _49973_/A2
 _49973_/B1
 _49973_/Y
 _49975_/A
 _49975_/Y
 _49976_/A
 _49976_/B
 _49976_/C
 _49976_/Y
 _49977_/A
 _49977_/B
 _49977_/X
 _49979_/A
 _49979_/B
 _49979_/Y
 _49980_/A
 _49980_/B
 _49980_/C
 _49980_/Y
 _49981_/A
 _49981_/B
 _49981_/C
 _49981_/Y
 _49982_/A
 _49982_/B
 _49982_/Y
 _49983_/A
 _49983_/B
 _49983_/C
 _49983_/Y
 _49984_/A
 _49984_/B
 _49984_/C
 _49984_/D
 _49984_/Y
 _49985_/A
 _49985_/B
 _49985_/Y
 _49986_/A
 _49986_/B
 _49986_/X
 _49987_/A
 _49987_/B_N
 _49987_/Y
 _49988_/A_N
 _49988_/B
 _49988_/Y
 _49989_/A
 _49989_/B
 _49989_/C
 _49989_/D
 _49989_/Y
 _49990_/A
 _49990_/Y
 _49991_/A
 _49991_/B
 _49991_/Y
 _49992_/A1
 _49992_/A2
 _49992_/B1
 _49992_/Y
 _49993_/A1
 _49993_/A2
 _49993_/A3
 _49993_/A4
 _49993_/B1
 _49993_/Y
 _49994_/A1
 _49994_/A2
 _49994_/B1
 _49994_/C1
 _49994_/D1
 _49994_/X
 _49995_/A1
 _49995_/A2
 _49995_/A3
 _49995_/B1
 _49995_/C1
 _49995_/Y
 _49996_/A1
 _49996_/A2
 _49996_/B1
 _49996_/Y
 _49997_/A1
 _49997_/A2
 _49997_/B1
 _49997_/Y
 _49998_/A0
 _49998_/A1
 _49998_/S
 _49998_/Y
 _49999_/A
 _49999_/B
 _49999_/Y
 _50001_/A
 _50001_/B
 _50001_/Y
 _50002_/A
 _50002_/B
 _50002_/Y
 _50003_/A
 _50003_/B
 _50003_/C
 _50003_/D
 _50003_/Y
 _50004_/A
 _50004_/B
 _50004_/C
 _50004_/D
 _50004_/Y
 _50005_/A
 _50005_/B
 _50005_/C
 _50005_/D
 _50005_/X
 _50006_/A
 _50006_/B
 _50006_/X
 _50007_/A
 _50007_/B
 _50007_/Y
 _50008_/A
 _50008_/B
 _50008_/X
 _50010_/A
 _50010_/B
 _50010_/Y
 _50011_/A1
 _50011_/A2
 _50011_/A3
 _50011_/B1
 _50011_/Y
 _50012_/A
 _50012_/B
 _50012_/Y
 _50013_/A1
 _50013_/A2
 _50013_/B1_N
 _50013_/X
 _50014_/A
 _50014_/B
 _50014_/Y
 _50015_/A1
 _50015_/A2
 _50015_/B1
 _50015_/C1
 _50015_/D1
 _50015_/Y
 _50016_/A0
 _50016_/A1
 _50016_/S
 _50016_/Y
 _50017_/A1
 _50017_/A2
 _50017_/B1
 _50017_/Y
 _50019_/A_N
 _50019_/B
 _50019_/Y
 _50020_/A_N
 _50020_/B
 _50020_/C
 _50020_/Y
 _50021_/A
 _50021_/B
 _50021_/C
 _50021_/Y
 _50022_/A1
 _50022_/A2
 _50022_/B1
 _50022_/C1
 _50022_/X
 _50023_/A
 _50023_/B
 _50023_/Y
 _50024_/A1
 _50024_/A2
 _50024_/B1
 _50024_/Y
 _50025_/A
 _50025_/B
 _50025_/X
 _50027_/A1
 _50027_/A2
 _50027_/B1
 _50027_/C1
 _50027_/X
 _50028_/A1
 _50028_/A2
 _50028_/B1
 _50028_/C1
 _50028_/X
 _50029_/A1
 _50029_/A2
 _50029_/B1
 _50029_/X
 _50030_/A
 _50030_/B
 _50030_/C
 _50030_/D
 _50030_/Y
 _50031_/A1
 _50031_/A2
 _50031_/B1
 _50031_/X
 _50032_/A
 _50032_/B
 _50032_/C
 _50032_/X
 _50033_/A
 _50033_/B
 _50033_/Y
 _50034_/A0
 _50034_/A1
 _50034_/S
 _50034_/Y
 _50035_/A
 _50035_/B
 _50035_/Y
 _50036_/A1
 _50036_/A2
 _50036_/B1
 _50036_/Y
 _50037_/A_N
 _50037_/B
 _50037_/X
 _50038_/A1
 _50038_/A2
 _50038_/A3
 _50038_/B1
 _50038_/Y
 _50039_/A1
 _50039_/A2
 _50039_/B1
 _50039_/C1
 _50039_/Y
 _50040_/A
 _50040_/B
 _50040_/Y
 _50041_/A
 _50041_/B
 _50041_/Y
 _50042_/A
 _50042_/B
 _50042_/Y
 _50043_/A
 _50043_/B
 _50043_/Y
 _50044_/A1
 _50044_/A2
 _50044_/A3
 _50044_/B1
 _50044_/Y
 _50045_/A1
 _50045_/A2
 _50045_/B1_N
 _50045_/Y
 _50046_/A1
 _50046_/A2
 _50046_/B1
 _50046_/C1
 _50046_/Y
 _50047_/A1
 _50047_/A2
 _50047_/B1
 _50047_/C1
 _50047_/Y
 _50048_/A
 _50048_/B
 _50048_/C
 _50048_/D
 _50048_/Y
 _50049_/A
 _50049_/B
 _50049_/Y
 _50050_/A0
 _50050_/A1
 _50050_/S
 _50050_/Y
 _50051_/A_N
 _50051_/B
 _50051_/Y
 _50052_/A1
 _50052_/A2
 _50052_/B1
 _50052_/Y
 _50053_/A1
 _50053_/A2
 _50053_/B1
 _50053_/Y
 _50054_/A1
 _50054_/A2
 _50054_/A3
 _50054_/B1
 _50054_/B2
 _50054_/X
 _50055_/A1
 _50055_/A2
 _50055_/B1
 _50055_/Y
 _50057_/A
 _50057_/B
 _50057_/Y
 _50058_/A
 _50058_/Y
 _50059_/A
 _50059_/B
 _50059_/Y
 _50060_/A1
 _50060_/A2
 _50060_/B1
 _50060_/X
 _50061_/A1
 _50061_/A2
 _50061_/B1
 _50061_/C1
 _50061_/X
 _50062_/A
 _50062_/B
 _50062_/Y
 _50063_/A
 _50063_/B
 _50063_/X
 _50064_/A1
 _50064_/A2
 _50064_/B1_N
 _50064_/Y
 _50065_/A
 _50065_/B
 _50065_/X
 _50066_/A
 _50066_/B
 _50066_/Y
 _50067_/A1
 _50067_/A2
 _50067_/B1
 _50067_/Y
 _50068_/A
 _50068_/Y
 _50069_/A1
 _50069_/A2
 _50069_/B1
 _50069_/B2
 _50069_/C1
 _50069_/Y
 _50070_/A1
 _50070_/A2
 _50070_/B1
 _50070_/C1
 _50070_/X
 _50071_/A
 _50071_/B
 _50071_/C
 _50071_/D
 _50071_/Y
 _50072_/A
 _50072_/B
 _50072_/C
 _50072_/D
 _50072_/Y
 _50073_/A1
 _50073_/A2
 _50073_/B1
 _50073_/Y
 _50074_/A1
 _50074_/A2
 _50074_/B1
 _50074_/C1
 _50074_/Y
 _50075_/A1
 _50075_/A2
 _50075_/B1
 _50075_/Y
 _50077_/A1
 _50077_/A2
 _50077_/B1
 _50077_/C1
 _50077_/D1
 _50077_/Y
 _50078_/A
 _50078_/B
 _50078_/Y
 _50079_/A1
 _50079_/A2
 _50079_/A3
 _50079_/B1
 _50079_/X
 _50081_/A
 _50081_/B
 _50081_/Y
 _50082_/A
 _50082_/B
 _50082_/Y
 _50083_/A
 _50083_/B
 _50083_/X
 _50084_/A
 _50084_/B
 _50084_/Y
 _50085_/A
 _50085_/B
 _50085_/Y
 _50086_/A
 _50086_/B
 _50086_/Y
 _50087_/A
 _50087_/B
 _50087_/C
 _50087_/Y
 _50088_/A
 _50088_/B
 _50088_/C
 _50088_/Y
 _50089_/A
 _50089_/B
 _50089_/C
 _50089_/D_N
 _50089_/X
 _50090_/A
 _50090_/B
 _50090_/C
 _50090_/D
 _50090_/Y
 _50091_/A1
 _50091_/A2
 _50091_/B1
 _50091_/Y
 _50092_/A1
 _50092_/A2
 _50092_/B1
 _50092_/B2
 _50092_/Y
 _50095_/A
 _50095_/B
 _50095_/Y
 _50096_/A
 _50096_/B
 _50096_/Y
 _50097_/A1
 _50097_/A2
 _50097_/A3
 _50097_/B1
 _50097_/B2
 _50097_/Y
 _50098_/A1
 _50098_/A2
 _50098_/B1
 _50098_/C1
 _50098_/X
 _50099_/A1
 _50099_/A2
 _50099_/B1_N
 _50099_/X
 _50100_/A1
 _50100_/A2
 _50100_/B1
 _50100_/Y
 _50101_/A1
 _50101_/A2
 _50101_/A3
 _50101_/A4
 _50101_/B1
 _50101_/Y
 _50102_/A1
 _50102_/A2
 _50102_/B1
 _50102_/B2
 _50102_/Y
 _50103_/A_N
 _50103_/B
 _50103_/Y
 _50104_/A
 _50104_/B
 _50104_/X
 _50105_/A
 _50105_/B
 _50105_/C
 _50105_/D
 _50105_/X
 _50106_/A
 _50106_/B
 _50106_/C
 _50106_/Y
 _50108_/A
 _50108_/B
 _50108_/C
 _50108_/X
 _50110_/A1
 _50110_/A2
 _50110_/B1
 _50110_/Y
 _50111_/A
 _50111_/B
 _50111_/Y
 _50112_/A
 _50112_/B
 _50112_/Y
 _50113_/A1
 _50113_/A2
 _50113_/B1
 _50113_/C1
 _50113_/D1
 _50113_/X
 _50114_/A1
 _50114_/A2
 _50114_/A3
 _50114_/B1
 _50114_/Y
 _50115_/A
 _50115_/B
 _50115_/C
 _50115_/D
 _50115_/X
 _50116_/A
 _50116_/B
 _50116_/C
 _50116_/X
 _50118_/A1
 _50118_/A2
 _50118_/B1
 _50118_/X
 _50119_/A
 _50119_/Y
 _50120_/A
 _50120_/B
 _50120_/Y
 _50121_/A
 _50121_/B
 _50121_/Y
 _50122_/A
 _50122_/B
 _50122_/Y
 _50123_/A1
 _50123_/A2
 _50123_/A3
 _50123_/B1
 _50123_/Y
 _50124_/A1
 _50124_/A2
 _50124_/B1
 _50124_/C1
 _50124_/D1
 _50124_/Y
 _50125_/A1
 _50125_/A2
 _50125_/B1
 _50125_/C1
 _50125_/X
 _50126_/A
 _50126_/B
 _50126_/Y
 _50128_/A
 _50128_/B
 _50128_/Y
 _50129_/A
 _50129_/B
 _50129_/C
 _50129_/Y
 _50130_/A
 _50130_/B
 _50130_/Y
 _50131_/A
 _50131_/B
 _50131_/C
 _50131_/D
 _50131_/Y
 _50132_/A1
 _50132_/A2
 _50132_/B1
 _50132_/C1
 _50132_/D1
 _50132_/Y
 _50133_/A
 _50133_/B
 _50133_/Y
 _50134_/A0
 _50134_/A1
 _50134_/S
 _50134_/Y
 _50135_/A
 _50135_/B
 _50135_/C
 _50135_/Y
 _50136_/A
 _50136_/B
 _50136_/Y
 _50137_/A
 _50137_/B
 _50137_/Y
 _50138_/A1
 _50138_/A2
 _50138_/B1
 _50138_/C1
 _50138_/Y
 _50139_/A
 _50139_/B
 _50139_/X
 _50140_/A
 _50140_/B
 _50140_/Y
 _50141_/A
 _50141_/B
 _50141_/C
 _50141_/X
 _50142_/A
 _50142_/B
 _50142_/Y
 _50143_/A
 _50143_/B
 _50143_/Y
 _50144_/A1
 _50144_/A2
 _50144_/A3
 _50144_/B1
 _50144_/B2
 _50144_/Y
 _50145_/A
 _50145_/B
 _50145_/C
 _50145_/D
 _50145_/X
 _50146_/A0
 _50146_/A1
 _50146_/S
 _50146_/Y
 _50147_/A
 _50147_/B
 _50147_/Y
 _50148_/A
 _50148_/B
 _50148_/Y
 _50149_/A
 _50149_/B
 _50149_/Y
 _50150_/A1
 _50150_/A2
 _50150_/A3
 _50150_/B1
 _50150_/X
 _50151_/A
 _50151_/B
 _50151_/Y
 _50152_/A
 _50152_/B_N
 _50152_/X
 _50153_/A1
 _50153_/A2
 _50153_/A3
 _50153_/B1
 _50153_/X
 _50154_/A1
 _50154_/A2
 _50154_/B1
 _50154_/Y
 _50155_/A
 _50155_/B
 _50155_/Y
 _50156_/A
 _50156_/B
 _50156_/Y
 _50157_/A
 _50157_/B
 _50157_/C
 _50157_/D_N
 _50157_/Y
 _50158_/A
 _50158_/B
 _50158_/C
 _50158_/D
 _50158_/Y
 _50159_/A
 _50159_/B
 _50159_/C
 _50159_/Y
 _50161_/A
 _50161_/B
 _50161_/Y
 _50163_/A
 _50163_/B
 _50163_/C
 _50163_/X
 _50165_/A
 _50165_/B
 _50165_/Y
 _50166_/A0
 _50166_/A1
 _50166_/S
 _50166_/Y
 _50168_/A1
 _50168_/A2
 _50168_/B1
 _50168_/Y
 _50169_/A
 _50169_/B
 _50169_/Y
 _50171_/A_N
 _50171_/B
 _50171_/Y
 _50172_/A
 _50172_/B
 _50172_/C
 _50172_/Y
 _50173_/A
 _50173_/B
 _50173_/C
 _50173_/X
 _50174_/A1
 _50174_/A2
 _50174_/B1
 _50174_/B2
 _50174_/C1
 _50174_/X
 _50175_/A
 _50175_/B
 _50175_/C
 _50175_/D
 _50175_/Y
 _50176_/A1
 _50176_/A2
 _50176_/B1_N
 _50176_/Y
 _50177_/A
 _50177_/B
 _50177_/C
 _50177_/D
 _50177_/Y
 _50178_/A1
 _50178_/A2
 _50178_/A3
 _50178_/B1
 _50178_/B2
 _50178_/Y
 _50179_/A1
 _50179_/A2
 _50179_/B1
 _50179_/Y
 _50180_/A
 _50180_/B
 _50180_/C
 _50180_/X
 _50181_/A1
 _50181_/A2
 _50181_/B1_N
 _50181_/Y
 _50182_/A1
 _50182_/A2
 _50182_/A3
 _50182_/B1
 _50182_/C1
 _50182_/Y
 _50183_/A
 _50183_/B
 _50183_/C
 _50183_/X
 _50184_/A
 _50184_/B
 _50184_/C
 _50184_/X
 _50185_/A1
 _50185_/A2
 _50185_/B1
 _50185_/C1
 _50185_/D1
 _50185_/Y
 _50186_/A1
 _50186_/A2
 _50186_/B1
 _50186_/B2
 _50186_/Y
 _50187_/A
 _50187_/B
 _50187_/Y
 _50188_/A
 _50188_/B
 _50188_/Y
 _50189_/A1
 _50189_/A2
 _50189_/B1
 _50189_/C1
 _50189_/Y
 _50190_/A
 _50190_/B
 _50190_/Y
 _50191_/A
 _50191_/B
 _50191_/C
 _50191_/D
 _50191_/X
 _50192_/A1
 _50192_/A2
 _50192_/B1
 _50192_/C1
 _50192_/X
 _50193_/A
 _50193_/B
 _50193_/C
 _50193_/Y
 _50194_/A
 _50194_/B
 _50194_/X
 _50195_/A
 _50195_/B
 _50195_/Y
 _50196_/A
 _50196_/B
 _50196_/Y
 _50197_/A1
 _50197_/A2
 _50197_/B1
 _50197_/Y
 _50198_/A1
 _50198_/A2
 _50198_/B1
 _50198_/B2
 _50198_/C1
 _50198_/Y
 _50199_/A
 _50199_/B
 _50199_/Y
 _50200_/A1
 _50200_/A2
 _50200_/A3
 _50200_/B1
 _50200_/C1
 _50200_/X
 _50201_/A
 _50201_/B
 _50201_/Y
 _50202_/A
 _50202_/B
 _50202_/Y
 _50203_/A
 _50203_/B
 _50203_/C
 _50203_/X
 _50204_/A
 _50204_/B
 _50204_/C_N
 _50204_/D_N
 _50204_/X
 _50205_/A_N
 _50205_/B
 _50205_/C
 _50205_/D
 _50205_/Y
 _50206_/A
 _50206_/B
 _50206_/C
 _50206_/X
 _50207_/A
 _50207_/B
 _50207_/C
 _50207_/Y
 _50208_/A
 _50208_/B
 _50208_/C_N
 _50208_/D_N
 _50208_/X
 _50209_/A
 _50209_/B
 _50209_/Y
 _50210_/A
 _50210_/B
 _50210_/C
 _50210_/X
 _50211_/A1
 _50211_/A2
 _50211_/B1
 _50211_/C1
 _50211_/X
 _50212_/A
 _50212_/B
 _50212_/C
 _50212_/Y
 _50213_/A
 _50213_/B
 _50213_/Y
 _50214_/A1
 _50214_/A2
 _50214_/B1
 _50214_/Y
 _50215_/A_N
 _50215_/B
 _50215_/Y
 _50216_/A1
 _50216_/A2
 _50216_/B1
 _50216_/C1
 _50216_/Y
 _50217_/A
 _50217_/B
 _50217_/X
 _50218_/A
 _50218_/B
 _50218_/C
 _50218_/X
 _50219_/A
 _50219_/B
 _50219_/C
 _50219_/D
 _50219_/Y
 _50220_/A
 _50220_/B
 _50220_/Y
 _50221_/A1
 _50221_/A2
 _50221_/B1
 _50221_/C1
 _50221_/Y
 _50222_/A
 _50222_/B
 _50222_/Y
 _50223_/A
 _50223_/B
 _50223_/C
 _50223_/D
 _50223_/X
 _50224_/A1
 _50224_/A2
 _50224_/B1
 _50224_/C1
 _50224_/Y
 _50225_/A
 _50225_/B
 _50225_/Y
 _50226_/A
 _50226_/B
 _50226_/C
 _50226_/D
 _50226_/X
 _50227_/A1
 _50227_/A2
 _50227_/A3
 _50227_/B1
 _50227_/Y
 _50228_/A
 _50228_/B
 _50228_/C
 _50228_/Y
 _50229_/A_N
 _50229_/B
 _50229_/Y
 _50230_/A
 _50230_/B
 _50230_/C
 _50230_/Y
 _50231_/A
 _50231_/B
 _50231_/X
 _50232_/A1
 _50232_/A2
 _50232_/B1
 _50232_/Y
 _50233_/A1
 _50233_/A2
 _50233_/A3
 _50233_/B1
 _50233_/Y
 _50234_/A
 _50234_/B
 _50234_/X
 _50235_/A0
 _50235_/A1
 _50235_/S
 _50235_/Y
 _50236_/A1
 _50236_/A2
 _50236_/B1
 _50236_/Y
 _50237_/A1
 _50237_/A2
 _50237_/B1
 _50237_/Y
 _50238_/A1
 _50238_/A2
 _50238_/A3
 _50238_/A4
 _50238_/B1
 _50238_/X
 _50239_/A1
 _50239_/A2
 _50239_/B1
 _50239_/Y
 _50240_/A
 _50240_/B
 _50240_/Y
 _50241_/A0
 _50241_/A1
 _50241_/S
 _50241_/Y
 _50242_/A
 _50242_/B
 _50242_/C
 _50242_/Y
 _50243_/A1
 _50243_/A2
 _50243_/B1
 _50243_/Y
 _50244_/A
 _50244_/B
 _50244_/Y
 _50245_/A
 _50245_/B
 _50245_/C
 _50245_/X
 _50246_/A
 _50246_/B
 _50246_/X
 _50247_/A1
 _50247_/A2
 _50247_/B1
 _50247_/B2
 _50247_/Y
 _50248_/A_N
 _50248_/B
 _50248_/Y
 _50250_/A1
 _50250_/A2
 _50250_/B1
 _50250_/Y
 _50251_/A
 _50251_/B
 _50251_/Y
 _50252_/A
 _50252_/Y
 _50253_/A
 _50253_/B
 _50253_/C
 _50253_/Y
 _50254_/A1
 _50254_/A2
 _50254_/B1
 _50254_/C1
 _50254_/X
 _50255_/A1_N
 _50255_/A2_N
 _50255_/B1
 _50255_/B2
 _50255_/Y
 _50256_/A_N
 _50256_/B
 _50256_/C
 _50256_/D
 _50256_/Y
 _50257_/A
 _50257_/B
 _50257_/C
 _50257_/X
 _50258_/A
 _50258_/B
 _50258_/C
 _50258_/Y
 _50259_/A
 _50259_/B
 _50259_/C
 _50259_/X
 _50260_/A
 _50260_/B
 _50260_/Y
 _50261_/A
 _50261_/B
 _50261_/Y
 _50262_/A
 _50262_/B
 _50262_/C
 _50262_/D
 _50262_/Y
 _50263_/A1
 _50263_/A2
 _50263_/A3
 _50263_/B1
 _50263_/Y
 _50264_/A1
 _50264_/A2
 _50264_/B1
 _50264_/X
 _50265_/A
 _50265_/B
 _50265_/Y
 _50266_/A
 _50266_/B
 _50266_/Y
 _50267_/A
 _50267_/B
 _50267_/Y
 _50268_/A1
 _50268_/A2
 _50268_/B1
 _50268_/C1
 _50268_/D1
 _50268_/Y
 _50269_/A1
 _50269_/A2
 _50269_/B1_N
 _50269_/Y
 _50270_/A_N
 _50270_/B
 _50270_/C
 _50270_/D
 _50270_/Y
 _50271_/A1
 _50271_/A2
 _50271_/B1
 _50271_/B2
 _50271_/C1
 _50271_/Y
 _50272_/A1
 _50272_/A2
 _50272_/A3
 _50272_/B1
 _50272_/Y
 _50273_/A
 _50273_/Y
 _50274_/A1
 _50274_/A2
 _50274_/A3
 _50274_/A4
 _50274_/B1
 _50274_/Y
 _50275_/A1
 _50275_/A2
 _50275_/B1
 _50275_/Y
 _50276_/A1
 _50276_/A2
 _50276_/B1
 _50276_/B2
 _50276_/C1
 _50276_/Y
 _50277_/A1
 _50277_/A2
 _50277_/B1
 _50277_/Y
 _50278_/A
 _50278_/B
 _50278_/C
 _50278_/Y
 _50279_/A1
 _50279_/A2
 _50279_/B1
 _50279_/B2
 _50279_/Y
 _50280_/A
 _50280_/B
 _50280_/C
 _50280_/Y
 _50281_/A
 _50281_/B
 _50281_/Y
 _50282_/A_N
 _50282_/B
 _50282_/C
 _50282_/Y
 _50283_/A
 _50283_/B
 _50283_/C
 _50283_/D
 _50283_/Y
 _50284_/A1
 _50284_/A2
 _50284_/B1
 _50284_/C1
 _50284_/Y
 _50285_/A
 _50285_/B
 _50285_/C
 _50285_/D_N
 _50285_/Y
 _50286_/A1
 _50286_/A2
 _50286_/A3
 _50286_/B1
 _50286_/X
 _50287_/A1
 _50287_/A2
 _50287_/B1
 _50287_/Y
 _50288_/A1
 _50288_/A2
 _50288_/B1
 _50288_/C1
 _50288_/Y
 _50289_/A1
 _50289_/A2
 _50289_/A3
 _50289_/B1
 _50289_/C1
 _50289_/Y
 _50290_/A
 _50290_/B
 _50290_/Y
 _50291_/A0
 _50291_/A1
 _50291_/S
 _50291_/Y
 _50292_/A
 _50292_/B
 _50292_/Y
 _50293_/A0
 _50293_/A1
 _50293_/S
 _50293_/Y
 _50294_/A1
 _50294_/A2
 _50294_/B1
 _50294_/Y
 _50295_/A_N
 _50295_/B
 _50295_/Y
 _50296_/A
 _50296_/B
 _50296_/C
 _50296_/Y
 _50297_/A1
 _50297_/A2
 _50297_/B1
 _50297_/Y
 _50298_/A
 _50298_/B
 _50298_/C
 _50298_/X
 _50299_/A
 _50299_/B
 _50299_/Y
 _50300_/A
 _50300_/B
 _50300_/C
 _50300_/D
 _50300_/Y
 _50301_/A
 _50301_/B
 _50301_/X
 _50302_/A1
 _50302_/A2
 _50302_/A3
 _50302_/B1
 _50302_/X
 _50303_/A1
 _50303_/A2
 _50303_/B1
 _50303_/Y
 _50305_/A
 _50305_/B
 _50305_/Y
 _50306_/A1
 _50306_/A2
 _50306_/A3
 _50306_/A4
 _50306_/B1
 _50306_/Y
 _50307_/A1
 _50307_/A2
 _50307_/A3
 _50307_/B1
 _50307_/B2
 _50307_/X
 _50308_/A
 _50308_/B
 _50308_/Y
 _50309_/A
 _50309_/B
 _50309_/Y
 _50310_/A
 _50310_/B
 _50310_/Y
 _50311_/A
 _50311_/B
 _50311_/C
 _50311_/X
 _50312_/A
 _50312_/B
 _50312_/X
 _50313_/A1
 _50313_/A2
 _50313_/B1
 _50313_/B2
 _50313_/X
 _50314_/A
 _50314_/B
 _50314_/C
 _50314_/D
 _50314_/X
 _50315_/A
 _50315_/B
 _50315_/Y
 _50316_/A1
 _50316_/A2
 _50316_/A3
 _50316_/B1
 _50316_/Y
 _50317_/A
 _50317_/B
 _50317_/Y
 _50318_/A1
 _50318_/A2
 _50318_/B1
 _50318_/B2
 _50318_/C1
 _50318_/Y
 _50319_/A0
 _50319_/A1
 _50319_/S
 _50319_/X
 _50320_/A
 _50320_/B
 _50320_/C
 _50320_/D_N
 _50320_/Y
 _50321_/A
 _50321_/B
 _50321_/C
 _50321_/Y
 _50322_/A1
 _50322_/A2
 _50322_/B1
 _50322_/C1
 _50322_/Y
 _50323_/A
 _50323_/B
 _50323_/X
 _50325_/A
 _50325_/B
 _50325_/C
 _50325_/X
 _50326_/A1
 _50326_/A2
 _50326_/B1
 _50326_/Y
 _50327_/A
 _50327_/Y
 _50328_/A_N
 _50328_/B
 _50328_/C
 _50328_/D
 _50328_/X
 _50330_/A1
 _50330_/A2
 _50330_/B1
 _50330_/Y
 _50332_/A_N
 _50332_/B
 _50332_/Y
 _50333_/A1
 _50333_/A2
 _50333_/B1
 _50333_/Y
 _50334_/A1
 _50334_/A2
 _50334_/B1
 _50334_/X
 _50335_/A1
 _50335_/A2
 _50335_/B1
 _50335_/Y
 _50336_/A1
 _50336_/A2
 _50336_/B1
 _50336_/Y
 _50337_/A1
 _50337_/A2
 _50337_/B1
 _50337_/Y
 _50338_/A
 _50338_/B
 _50338_/X
 _50339_/A
 _50339_/B
 _50339_/C
 _50339_/D
 _50339_/Y
 _50340_/A
 _50340_/B
 _50340_/X
 _50341_/A
 _50341_/B
 _50341_/Y
 _50342_/A1
 _50342_/A2
 _50342_/B1
 _50342_/Y
 _50343_/A
 _50343_/B
 _50343_/X
 _50344_/A
 _50344_/Y
 _50345_/A
 _50345_/B
 _50345_/Y
 _50346_/A
 _50346_/B
 _50346_/Y
 _50347_/A
 _50347_/B
 _50347_/Y
 _50348_/A
 _50348_/B
 _50348_/C
 _50348_/D_N
 _50348_/X
 _50349_/A_N
 _50349_/B
 _50349_/Y
 _50350_/A
 _50350_/B
 _50350_/X
 _50351_/A
 _50351_/B
 _50351_/C
 _50351_/D
 _50351_/Y
 _50352_/A
 _50352_/B
 _50352_/Y
 _50353_/A
 _50353_/B
 _50353_/Y
 _50354_/A
 _50354_/B
 _50354_/Y
 _50355_/A
 _50355_/B
 _50355_/Y
 _50356_/A
 _50356_/B
 _50356_/Y
 _50357_/A
 _50357_/B
 _50357_/X
 _50358_/A
 _50358_/B
 _50358_/Y
 _50359_/A1
 _50359_/A2
 _50359_/B1
 _50359_/C1
 _50359_/Y
 _50360_/A
 _50360_/B
 _50360_/Y
 _50361_/A
 _50361_/B
 _50361_/C
 _50361_/X
 _50363_/A1
 _50363_/A2
 _50363_/B1
 _50363_/Y
 _50364_/A
 _50364_/B
 _50364_/C
 _50364_/Y
 _50365_/A
 _50365_/B_N
 _50365_/Y
 _50367_/A
 _50367_/B
 _50367_/C
 _50367_/D
 _50367_/X
 _50369_/A
 _50369_/B
 _50369_/Y
 _50370_/A
 _50370_/B
 _50370_/Y
 _50371_/A
 _50371_/B
 _50371_/Y
 _50372_/A
 _50372_/B
 _50372_/C
 _50372_/Y
 _50373_/A
 _50373_/B
 _50373_/Y
 _50374_/A1
 _50374_/A2
 _50374_/A3
 _50374_/B1
 _50374_/Y
 _50375_/A
 _50375_/B
 _50375_/Y
 _50376_/A1
 _50376_/A2
 _50376_/B1
 _50376_/C1
 _50376_/D1
 _50376_/Y
 _50377_/A
 _50377_/B
 _50377_/X
 _50378_/A
 _50378_/B
 _50378_/Y
 _50379_/A
 _50379_/B
 _50379_/C
 _50379_/D
 _50379_/X
 _50380_/A
 _50380_/B
 _50380_/Y
 _50381_/A
 _50381_/B
 _50381_/C
 _50381_/Y
 _50382_/A0
 _50382_/A1
 _50382_/S
 _50382_/X
 _50383_/A
 _50383_/B
 _50383_/Y
 _50384_/A1
 _50384_/A2
 _50384_/B1
 _50384_/C1
 _50384_/Y
 _50385_/A1
 _50385_/A2
 _50385_/B1
 _50385_/Y
 _50386_/A1
 _50386_/A2
 _50386_/A3
 _50386_/B1
 _50386_/C1
 _50386_/X
 _50387_/A0
 _50387_/A1
 _50387_/S
 _50387_/X
 _50388_/A1
 _50388_/A2
 _50388_/B1
 _50388_/Y
 _50389_/A
 _50389_/B
 _50389_/X
 _50392_/A
 _50392_/B
 _50392_/C
 _50392_/X
 _50393_/A_N
 _50393_/B
 _50393_/C
 _50393_/D
 _50393_/X
 _50394_/A
 _50394_/B
 _50394_/C
 _50394_/X
 _50395_/A1
 _50395_/A2
 _50395_/B1
 _50395_/Y
 _50396_/A
 _50396_/B
 _50396_/X
 _50397_/A0
 _50397_/A1
 _50397_/S
 _50397_/Y
 _50398_/A0
 _50398_/A1
 _50398_/S
 _50398_/Y
 _50400_/A0
 _50400_/A1
 _50400_/S
 _50400_/X
 _50401_/A
 _50401_/B
 _50401_/Y
 _50402_/A0
 _50402_/A1
 _50402_/S
 _50402_/Y
 _50403_/A1
 _50403_/A2
 _50403_/B1
 _50403_/X
 _50404_/A1
 _50404_/A2
 _50404_/B1
 _50404_/X
 _50405_/A1
 _50405_/A2
 _50405_/A3
 _50405_/B1
 _50405_/Y
 _50407_/A
 _50407_/B
 _50407_/Y
 _50408_/A
 _50408_/Y
 _50409_/A
 _50409_/B
 _50409_/C
 _50409_/X
 _50410_/A
 _50410_/B
 _50410_/C
 _50410_/X
 _50411_/A1
 _50411_/A2
 _50411_/B1
 _50411_/Y
 _50412_/A
 _50412_/Y
 _50413_/A
 _50413_/B
 _50413_/Y
 _50414_/A1
 _50414_/A2
 _50414_/B1
 _50414_/Y
 _50415_/A
 _50415_/B
 _50415_/Y
 _50416_/A1
 _50416_/A2
 _50416_/B1
 _50416_/Y
 _50417_/A
 _50417_/B
 _50417_/C
 _50417_/X
 _50418_/A1
 _50418_/A2
 _50418_/A3
 _50418_/B1
 _50418_/Y
 _50419_/A
 _50419_/B
 _50419_/C
 _50419_/D
 _50419_/Y
 _50420_/A
 _50420_/B
 _50420_/Y
 _50421_/A1
 _50421_/A2
 _50421_/B1
 _50421_/Y
 _50422_/A
 _50422_/B
 _50422_/X
 _50423_/A
 _50423_/B
 _50423_/Y
 _50424_/A
 _50424_/B
 _50424_/Y
 _50425_/A
 _50425_/B
 _50425_/C
 _50425_/Y
 _50426_/A1
 _50426_/A2
 _50426_/B1
 _50426_/Y
 _50427_/A
 _50427_/B
 _50427_/Y
 _50428_/A1
 _50428_/A2
 _50428_/B1
 _50428_/C1
 _50428_/Y
 _50429_/A
 _50429_/B
 _50429_/C
 _50429_/Y
 _50430_/A1
 _50430_/A2
 _50430_/B1
 _50430_/Y
 _50431_/A
 _50431_/B
 _50431_/Y
 _50432_/A
 _50432_/B
 _50432_/Y
 _50433_/A
 _50433_/B
 _50433_/X
 _50434_/A
 _50434_/B
 _50434_/C
 _50434_/D_N
 _50434_/X
 _50435_/A
 _50435_/B
 _50435_/Y
 _50436_/A1
 _50436_/A2
 _50436_/B1
 _50436_/B2
 _50436_/C1
 _50436_/Y
 _50437_/A
 _50437_/B
 _50437_/C_N
 _50437_/Y
 _50438_/A
 _50438_/B
 _50438_/C
 _50438_/X
 _50439_/A1
 _50439_/A2
 _50439_/B1
 _50439_/Y
 _50440_/A
 _50440_/B
 _50440_/Y
 _50441_/A_N
 _50441_/B
 _50441_/C
 _50441_/Y
 _50442_/A1
 _50442_/A2
 _50442_/A3
 _50442_/B1
 _50442_/Y
 _50443_/A1
 _50443_/A2
 _50443_/B1
 _50443_/C1
 _50443_/X
 _50444_/A
 _50444_/B
 _50444_/Y
 _50445_/A_N
 _50445_/B
 _50445_/C
 _50445_/D
 _50445_/Y
 _50446_/A
 _50446_/B
 _50446_/C
 _50446_/D
 _50446_/Y
 _50447_/A
 _50447_/B
 _50447_/Y
 _50448_/A
 _50448_/B
 _50448_/C
 _50448_/Y
 _50449_/A
 _50449_/B
 _50449_/X
 _50450_/A
 _50450_/B
 _50450_/Y
 _50451_/A
 _50451_/Y
 _50452_/A1
 _50452_/A2
 _50452_/B1
 _50452_/C1
 _50452_/Y
 _50453_/A
 _50453_/B
 _50453_/C
 _50453_/X
 _50454_/A
 _50454_/B
 _50454_/Y
 _50455_/A1
 _50455_/A2
 _50455_/B1
 _50455_/Y
 _50456_/A
 _50456_/B
 _50456_/C
 _50456_/D
 _50456_/Y
 _50457_/A
 _50457_/B
 _50457_/Y
 _50458_/A1
 _50458_/A2
 _50458_/B1
 _50458_/C1
 _50458_/X
 _50459_/A
 _50459_/B
 _50459_/C
 _50459_/X
 _50460_/A1
 _50460_/A2
 _50460_/B1
 _50460_/B2
 _50460_/Y
 _50461_/A
 _50461_/B
 _50461_/Y
 _50462_/A1_N
 _50462_/A2_N
 _50462_/B1
 _50462_/B2
 _50462_/Y
 _50463_/A1
 _50463_/A2
 _50463_/B1
 _50463_/Y
 _50464_/A1
 _50464_/A2
 _50464_/B1
 _50464_/B2
 _50464_/C1
 _50464_/Y
 _50465_/A
 _50465_/Y
 _50466_/A1
 _50466_/A2
 _50466_/B1
 _50466_/C1
 _50466_/D1
 _50466_/X
 _50467_/A1
 _50467_/A2
 _50467_/A3
 _50467_/B1
 _50467_/B2
 _50467_/Y
 _50468_/A
 _50468_/B
 _50468_/C
 _50468_/X
 _50469_/A
 _50469_/B
 _50469_/X
 _50470_/A1
 _50470_/A2
 _50470_/B1
 _50470_/Y
 _50471_/A
 _50471_/B
 _50471_/C
 _50471_/D_N
 _50471_/Y
 _50472_/A
 _50472_/B
 _50472_/X
 _50473_/A1
 _50473_/A2
 _50473_/B1
 _50473_/Y
 _50474_/A
 _50474_/B
 _50474_/C
 _50474_/Y
 _50475_/A
 _50475_/B
 _50475_/Y
 _50476_/A
 _50476_/B
 _50476_/Y
 _50477_/A
 _50477_/B
 _50477_/Y
 _50478_/A1
 _50478_/A2
 _50478_/B1
 _50478_/Y
 _50479_/A1
 _50479_/A2
 _50479_/B1
 _50479_/Y
 _50480_/A1
 _50480_/A2
 _50480_/B1
 _50480_/B2
 _50480_/C1
 _50480_/Y
 _50481_/A1
 _50481_/A2
 _50481_/B1
 _50481_/Y
 _50482_/A1
 _50482_/A2
 _50482_/B1
 _50482_/Y
 _50483_/A
 _50483_/B
 _50483_/Y
 _50484_/A1
 _50484_/A2
 _50484_/B1
 _50484_/C1
 _50484_/X
 _50485_/A
 _50485_/B
 _50485_/Y
 _50486_/A1
 _50486_/A2
 _50486_/B1
 _50486_/C1
 _50486_/Y
 _50487_/A
 _50487_/B
 _50487_/C
 _50487_/D
 _50487_/Y
 _50488_/A1_N
 _50488_/A2_N
 _50488_/B1
 _50488_/B2
 _50488_/Y
 _50489_/A
 _50489_/B
 _50489_/X
 _50490_/A1
 _50490_/A2
 _50490_/B1
 _50490_/Y
 _50491_/A1
 _50491_/A2
 _50491_/B1
 _50491_/Y
 _50492_/A
 _50492_/B
 _50492_/Y
 _50493_/A
 _50493_/B
 _50493_/C
 _50493_/Y
 _50494_/A
 _50494_/B
 _50494_/Y
 _50495_/A1
 _50495_/A2
 _50495_/B1
 _50495_/X
 _50496_/A
 _50496_/B
 _50496_/C
 _50496_/Y
 _50497_/A1
 _50497_/A2
 _50497_/B1
 _50497_/Y
 _50498_/A1
 _50498_/A2
 _50498_/B1
 _50498_/X
 _50499_/A
 _50499_/B
 _50499_/C
 _50499_/Y
 _50500_/A1
 _50500_/A2
 _50500_/B1
 _50500_/B2
 _50500_/Y
 _50501_/A1
 _50501_/A2
 _50501_/B1
 _50501_/C1
 _50501_/Y
 _50502_/A
 _50502_/B
 _50502_/Y
 _50503_/A1
 _50503_/A2
 _50503_/A3
 _50503_/A4
 _50503_/B1
 _50503_/X
 _50504_/A1
 _50504_/A2
 _50504_/A3
 _50504_/A4
 _50504_/B1
 _50504_/Y
 _50505_/A
 _50505_/B
 _50505_/Y
 _50506_/A1
 _50506_/A2
 _50506_/B1
 _50506_/Y
 _50507_/A
 _50507_/B
 _50507_/C
 _50507_/X
 _50509_/A
 _50509_/B
 _50509_/Y
 _50510_/A1
 _50510_/A2
 _50510_/B1
 _50510_/C1
 _50510_/Y
 _50511_/A
 _50511_/B
 _50511_/Y
 _50512_/A
 _50512_/B
 _50512_/C
 _50512_/X
 _50513_/A
 _50513_/B
 _50513_/Y
 _50514_/A1
 _50514_/A2
 _50514_/B1
 _50514_/C1
 _50514_/Y
 _50515_/A
 _50515_/B
 _50515_/Y
 _50516_/A1
 _50516_/A2
 _50516_/A3
 _50516_/B1
 _50516_/Y
 _50517_/A
 _50517_/B
 _50517_/Y
 _50518_/A_N
 _50518_/B
 _50518_/C
 _50518_/Y
 _50519_/A0
 _50519_/A1
 _50519_/S
 _50519_/Y
 _50520_/A
 _50520_/B
 _50520_/Y
 _50521_/A
 _50521_/B
 _50521_/Y
 _50522_/A1
 _50522_/A2
 _50522_/B1_N
 _50522_/Y
 _50523_/A
 _50523_/B
 _50523_/Y
 _50524_/A1
 _50524_/A2
 _50524_/B1
 _50524_/Y
 _50526_/A
 _50526_/B
 _50526_/Y
 _50527_/A
 _50527_/B
 _50527_/C
 _50527_/D_N
 _50527_/Y
 _50528_/A
 _50528_/B
 _50528_/C
 _50528_/D
 _50528_/X
 _50529_/A_N
 _50529_/B
 _50529_/C
 _50529_/Y
 _50530_/A_N
 _50530_/B
 _50530_/C
 _50530_/Y
 _50531_/A1
 _50531_/A2
 _50531_/B1
 _50531_/C1
 _50531_/Y
 _50532_/A
 _50532_/B
 _50532_/C
 _50532_/D_N
 _50532_/Y
 _50533_/A1
 _50533_/A2
 _50533_/B1
 _50533_/C1
 _50533_/D1
 _50533_/Y
 _50534_/A0
 _50534_/A1
 _50534_/S
 _50534_/Y
 _50535_/A1
 _50535_/A2
 _50535_/B1
 _50535_/X
 _50536_/A
 _50536_/B
 _50536_/Y
 _50537_/A
 _50537_/B
 _50537_/C
 _50537_/Y
 _50538_/A
 _50538_/B
 _50538_/Y
 _50539_/A
 _50539_/B
 _50539_/Y
 _50540_/A1
 _50540_/A2
 _50540_/B1_N
 _50540_/Y
 _50541_/A
 _50541_/B
 _50541_/C
 _50541_/D_N
 _50541_/Y
 _50542_/A1
 _50542_/A2
 _50542_/A3
 _50542_/B1
 _50542_/Y
 _50543_/A
 _50543_/B
 _50543_/X
 _50544_/A
 _50544_/B
 _50544_/C
 _50544_/X
 _50545_/A1
 _50545_/A2
 _50545_/B1
 _50545_/Y
 _50546_/A
 _50546_/B
 _50546_/C
 _50546_/X
 _50548_/A1
 _50548_/A2
 _50548_/B1
 _50548_/C1
 _50548_/Y
 _50549_/A
 _50549_/B
 _50549_/Y
 _50550_/A
 _50550_/B
 _50550_/X
 _50551_/A
 _50551_/B
 _50551_/C
 _50551_/Y
 _50552_/A
 _50552_/B
 _50552_/X
 _50553_/A_N
 _50553_/B
 _50553_/C
 _50553_/D
 _50553_/Y
 _50554_/A
 _50554_/B
 _50554_/X
 _50555_/A
 _50555_/B
 _50555_/Y
 _50556_/A
 _50556_/B
 _50556_/Y
 _50557_/A
 _50557_/B
 _50557_/Y
 _50558_/A
 _50558_/B
 _50558_/C
 _50558_/X
 _50559_/A1
 _50559_/A2
 _50559_/A3
 _50559_/B1
 _50559_/Y
 _50560_/A1
 _50560_/A2
 _50560_/B1
 _50560_/Y
 _50561_/A1
 _50561_/A2
 _50561_/B1
 _50561_/C1
 _50561_/Y
 _50562_/A
 _50562_/B
 _50562_/C
 _50562_/Y
 _50563_/A_N
 _50563_/B
 _50563_/C
 _50563_/D
 _50563_/Y
 _50564_/A
 _50564_/B
 _50564_/C
 _50564_/Y
 _50565_/A
 _50565_/B
 _50565_/C
 _50565_/Y
 _50566_/A1
 _50566_/A2
 _50566_/A3
 _50566_/B1
 _50566_/Y
 _50567_/A
 _50567_/B
 _50567_/C
 _50567_/D
 _50567_/X
 _50568_/A
 _50568_/B
 _50568_/X
 _50570_/A1
 _50570_/A2
 _50570_/B1
 _50570_/Y
 _50571_/A
 _50571_/B
 _50571_/C
 _50571_/X
 _50572_/A
 _50572_/B
 _50572_/C
 _50572_/D
 _50572_/X
 _50573_/A
 _50573_/B
 _50573_/C
 _50573_/D
 _50573_/X
 _50574_/A
 _50574_/B
 _50574_/Y
 _50575_/A_N
 _50575_/B
 _50575_/Y
 _50576_/A
 _50576_/B
 _50576_/C
 _50576_/D
 _50576_/Y
 _50577_/A1
 _50577_/A2
 _50577_/B1
 _50577_/X
 _50578_/A1
 _50578_/A2
 _50578_/B1
 _50578_/Y
 _50579_/A
 _50579_/B
 _50579_/Y
 _50580_/A0
 _50580_/A1
 _50580_/S
 _50580_/Y
 _50581_/A0
 _50581_/A1
 _50581_/S
 _50581_/X
 _50582_/A0
 _50582_/A1
 _50582_/S
 _50582_/Y
 _50583_/A0
 _50583_/A1
 _50583_/S
 _50583_/Y
 _50584_/A0
 _50584_/A1
 _50584_/S
 _50584_/Y
 _50585_/A1
 _50585_/A2
 _50585_/A3
 _50585_/B1
 _50585_/Y
 _50586_/A1
 _50586_/A2
 _50586_/A3
 _50586_/B1
 _50586_/C1
 _50586_/X
 _50588_/A1
 _50588_/A2
 _50588_/A3
 _50588_/B1
 _50588_/Y
 _50589_/A
 _50589_/B
 _50589_/Y
 _50590_/A
 _50590_/Y
 _50591_/A
 _50591_/B
 _50591_/C
 _50591_/Y
 _50592_/A
 _50592_/B
 _50592_/C
 _50592_/D
 _50592_/X
 _50594_/A
 _50594_/B
 _50594_/Y
 _50596_/A
 _50596_/Y
 _50597_/A
 _50597_/B
 _50597_/C
 _50597_/D
 _50597_/Y
 _50598_/A
 _50598_/B
 _50598_/X
 _50599_/A
 _50599_/B
 _50599_/Y
 _50600_/A1
 _50600_/A2
 _50600_/B1
 _50600_/Y
 _50601_/A1
 _50601_/A2
 _50601_/B1
 _50601_/X
 _50602_/A
 _50602_/B
 _50602_/C
 _50602_/Y
 _50603_/A1
 _50603_/A2
 _50603_/B1
 _50603_/C1
 _50603_/Y
 _50604_/A
 _50604_/B
 _50604_/Y
 _50605_/A1
 _50605_/A2
 _50605_/B1
 _50605_/Y
 _50606_/A
 _50606_/B
 _50606_/X
 _50607_/A0
 _50607_/A1
 _50607_/S
 _50607_/Y
 _50608_/A
 _50608_/B
 _50608_/Y
 _50609_/A_N
 _50609_/B
 _50609_/Y
 _50610_/A1
 _50610_/A2
 _50610_/B1
 _50610_/C1
 _50610_/Y
 _50611_/A
 _50611_/B
 _50611_/Y
 _50612_/A
 _50612_/B
 _50612_/C
 _50612_/D
 _50612_/Y
 _50613_/A_N
 _50613_/B
 _50613_/C
 _50613_/Y
 _50614_/A
 _50614_/B
 _50614_/Y
 _50615_/A
 _50615_/B
 _50615_/C
 _50615_/Y
 _50616_/A1
 _50616_/A2
 _50616_/A3
 _50616_/B1
 _50616_/X
 _50617_/A1
 _50617_/A2
 _50617_/A3
 _50617_/B1
 _50617_/Y
 _50618_/A
 _50618_/B
 _50618_/C
 _50618_/Y
 _50619_/A
 _50619_/B
 _50619_/C
 _50619_/Y
 _50620_/A0
 _50620_/A1
 _50620_/S
 _50620_/X
 _50621_/A
 _50621_/B
 _50621_/C
 _50621_/Y
 _50622_/A1
 _50622_/A2
 _50622_/A3
 _50622_/A4
 _50622_/B1
 _50622_/Y
 _50623_/A1
 _50623_/A2
 _50623_/B1
 _50623_/C1
 _50623_/Y
 _50624_/A1
 _50624_/A2
 _50624_/B1
 _50624_/C1
 _50624_/Y
 _50625_/A1
 _50625_/A2
 _50625_/B1
 _50625_/Y
 _50626_/A1
 _50626_/A2
 _50626_/B1
 _50626_/Y
 _50627_/A
 _50627_/B
 _50627_/X
 _50628_/A
 _50628_/B
 _50628_/C
 _50628_/Y
 _50630_/A1
 _50630_/A2
 _50630_/A3
 _50630_/A4
 _50630_/B1
 _50630_/Y
 _50631_/A
 _50631_/B
 _50631_/C
 _50631_/Y
 _50632_/A
 _50632_/B
 _50632_/Y
 _50633_/A1
 _50633_/A2
 _50633_/B1
 _50633_/Y
 _50634_/A1
 _50634_/A2
 _50634_/B1
 _50634_/Y
 _50635_/A1
 _50635_/A2
 _50635_/A3
 _50635_/B1
 _50635_/C1
 _50635_/Y
 _50636_/A
 _50636_/B
 _50636_/Y
 _50637_/A
 _50637_/B
 _50637_/C
 _50637_/Y
 _50638_/A
 _50638_/B
 _50638_/Y
 _50639_/A1
 _50639_/A2
 _50639_/B1
 _50639_/Y
 _50640_/A
 _50640_/B
 _50640_/C
 _50640_/Y
 _50641_/A0
 _50641_/A1
 _50641_/S
 _50641_/Y
 _50642_/A
 _50642_/B
 _50642_/Y
 _50643_/A
 _50643_/B
 _50643_/C
 _50643_/X
 _50644_/A
 _50644_/B
 _50644_/X
 _50645_/A1
 _50645_/A2
 _50645_/B1
 _50645_/Y
 _50646_/A
 _50646_/B
 _50646_/C
 _50646_/D
 _50646_/Y
 _50647_/A
 _50647_/B
 _50647_/Y
 _50648_/A
 _50648_/B
 _50648_/C
 _50648_/D
 _50648_/Y
 _50649_/A
 _50649_/B
 _50649_/X
 _50650_/A
 _50650_/B
 _50650_/X
 _50651_/A
 _50651_/B
 _50651_/Y
 _50652_/A
 _50652_/B
 _50652_/X
 _50653_/A1
 _50653_/A2
 _50653_/B1
 _50653_/Y
 _50654_/A
 _50654_/B
 _50654_/C
 _50654_/Y
 _50655_/A1
 _50655_/A2
 _50655_/B1
 _50655_/C1
 _50655_/Y
 _50656_/A
 _50656_/B
 _50656_/Y
 _50657_/A
 _50657_/B
 _50657_/C
 _50657_/Y
 _50658_/A
 _50658_/B
 _50658_/C
 _50658_/D_N
 _50658_/Y
 _50659_/A1
 _50659_/A2
 _50659_/A3
 _50659_/B1
 _50659_/X
 _50660_/A1
 _50660_/A2
 _50660_/B1
 _50660_/C1
 _50660_/Y
 _50661_/A
 _50661_/B
 _50661_/C_N
 _50661_/Y
 _50662_/A
 _50662_/B
 _50662_/X
 _50663_/A
 _50663_/B
 _50663_/C
 _50663_/D
 _50663_/Y
 _50664_/A
 _50664_/B
 _50664_/C
 _50664_/Y
 _50665_/A
 _50665_/B
 _50665_/C
 _50665_/D
 _50665_/Y
 _50666_/A1
 _50666_/A2
 _50666_/A3
 _50666_/B1
 _50666_/Y
 _50667_/A
 _50667_/B
 _50667_/C
 _50667_/D
 _50667_/Y
 _50668_/A
 _50668_/B
 _50668_/C
 _50668_/Y
 _50669_/A1
 _50669_/A2
 _50669_/B1
 _50669_/Y
 _50670_/A
 _50670_/B
 _50670_/C
 _50670_/X
 _50671_/A1
 _50671_/A2
 _50671_/B1
 _50671_/Y
 _50672_/A
 _50672_/B
 _50672_/C
 _50672_/Y
 _50673_/A
 _50673_/B
 _50673_/C
 _50673_/Y
 _50674_/A
 _50674_/B
 _50674_/Y
 _50675_/A
 _50675_/B
 _50675_/Y
 _50676_/A1
 _50676_/A2
 _50676_/A3
 _50676_/B1
 _50676_/Y
 _50677_/A
 _50677_/B
 _50677_/X
 _50678_/A
 _50678_/B
 _50678_/Y
 _50679_/A1
 _50679_/A2
 _50679_/A3
 _50679_/B1
 _50679_/Y
 _50680_/A_N
 _50680_/B
 _50680_/C
 _50680_/D
 _50680_/X
 _50681_/A1
 _50681_/A2
 _50681_/B1
 _50681_/C1
 _50681_/X
 _50682_/A
 _50682_/B
 _50682_/Y
 _50683_/A
 _50683_/B
 _50683_/C
 _50683_/Y
 _50684_/A
 _50684_/B
 _50684_/C
 _50684_/D
 _50684_/Y
 _50685_/A
 _50685_/B
 _50685_/X
 _50686_/A1
 _50686_/A2
 _50686_/B1
 _50686_/C1
 _50686_/Y
 _50687_/A
 _50687_/B
 _50687_/Y
 _50688_/A1
 _50688_/A2
 _50688_/B1
 _50688_/C1
 _50688_/X
 _50689_/A
 _50689_/B
 _50689_/C
 _50689_/Y
 _50690_/A
 _50690_/B
 _50690_/Y
 _50691_/A
 _50691_/B
 _50691_/C
 _50691_/Y
 _50692_/A
 _50692_/B
 _50692_/X
 _50693_/A_N
 _50693_/B
 _50693_/Y
 _50694_/A
 _50694_/B
 _50694_/Y
 _50695_/A1
 _50695_/A2
 _50695_/B1
 _50695_/C1
 _50695_/Y
 _50696_/A
 _50696_/B
 _50696_/C
 _50696_/X
 _50697_/A1
 _50697_/A2
 _50697_/B1
 _50697_/Y
 _50698_/A
 _50698_/B
 _50698_/C
 _50698_/X
 _50699_/A
 _50699_/B
 _50699_/C
 _50699_/X
 _50700_/A
 _50700_/B
 _50700_/Y
 _50701_/A1
 _50701_/A2
 _50701_/A3
 _50701_/B1
 _50701_/Y
 _50702_/A
 _50702_/B
 _50702_/Y
 _50703_/A
 _50703_/B
 _50703_/C
 _50703_/X
 _50704_/A
 _50704_/B
 _50704_/C
 _50704_/D
 _50704_/Y
 _50705_/A1
 _50705_/A2
 _50705_/B1
 _50705_/C1
 _50705_/Y
 _50706_/A
 _50706_/B
 _50706_/Y
 _50707_/A1
 _50707_/A2
 _50707_/B1
 _50707_/C1
 _50707_/Y
 _50708_/A1
 _50708_/A2
 _50708_/B1
 _50708_/X
 _50709_/A
 _50709_/B
 _50709_/X
 _50710_/A
 _50710_/B
 _50710_/X
 _50711_/A
 _50711_/B
 _50711_/C
 _50711_/Y
 _50712_/A1
 _50712_/A2
 _50712_/A3
 _50712_/B1
 _50712_/X
 _50714_/A
 _50714_/B
 _50714_/Y
 _50715_/A
 _50715_/B
 _50715_/X
 _50716_/A1
 _50716_/A2
 _50716_/A3
 _50716_/B1
 _50716_/Y
 _50717_/A
 _50717_/B
 _50717_/Y
 _50718_/A1
 _50718_/A2
 _50718_/B1
 _50718_/X
 _50719_/A1
 _50719_/A2
 _50719_/B1
 _50719_/Y
 _50720_/A1
 _50720_/A2
 _50720_/B1
 _50720_/Y
 _50721_/A
 _50721_/B
 _50721_/Y
 _50722_/A
 _50722_/B
 _50722_/X
 _50723_/A
 _50723_/B
 _50723_/Y
 _50724_/A
 _50724_/B
 _50724_/C
 _50724_/X
 _50725_/A
 _50725_/B
 _50725_/Y
 _50726_/A
 _50726_/B
 _50726_/X
 _50727_/A
 _50727_/B
 _50727_/X
 _50728_/A_N
 _50728_/B
 _50728_/C
 _50728_/Y
 _50729_/A
 _50729_/B
 _50729_/Y
 _50730_/A
 _50730_/B
 _50730_/Y
 _50731_/A1
 _50731_/A2
 _50731_/A3
 _50731_/B1
 _50731_/C1
 _50731_/X
 _50732_/A
 _50732_/B
 _50732_/C
 _50732_/D
 _50732_/Y
 _50733_/A1
 _50733_/A2
 _50733_/A3
 _50733_/B1
 _50733_/C1
 _50733_/X
 _50734_/A1
 _50734_/A2
 _50734_/B1
 _50734_/Y
 _50735_/A
 _50735_/B
 _50735_/C
 _50735_/D
 _50735_/X
 _50736_/A
 _50736_/B
 _50736_/C
 _50736_/X
 _50737_/A
 _50737_/B
 _50737_/Y
 _50738_/A
 _50738_/B
 _50738_/Y
 _50739_/A
 _50739_/B
 _50739_/Y
 _50740_/A1
 _50740_/A2
 _50740_/A3
 _50740_/B1
 _50740_/Y
 _50741_/A1
 _50741_/A2
 _50741_/B1
 _50741_/X
 _50742_/A
 _50742_/B
 _50742_/C
 _50742_/Y
 _50743_/A
 _50743_/B
 _50743_/C
 _50743_/Y
 _50744_/A1
 _50744_/A2
 _50744_/A3
 _50744_/B1
 _50744_/C1
 _50744_/Y
 _50746_/A1
 _50746_/A2
 _50746_/B1
 _50746_/Y
 _50747_/A1
 _50747_/A2
 _50747_/B1
 _50747_/C1
 _50747_/Y
 _50748_/A1
 _50748_/A2
 _50748_/B1
 _50748_/C1
 _50748_/D1
 _50748_/X
 _50749_/A
 _50749_/B
 _50749_/Y
 _50750_/A0
 _50750_/A1
 _50750_/S
 _50750_/Y
 _50751_/A0
 _50751_/A1
 _50751_/S
 _50751_/X
 _50752_/A0
 _50752_/A1
 _50752_/S
 _50752_/Y
 _50753_/A0
 _50753_/A1
 _50753_/S
 _50753_/Y
 _50754_/A
 _50754_/B
 _50754_/Y
 _50755_/A1
 _50755_/A2
 _50755_/B1
 _50755_/Y
 _50756_/A1
 _50756_/A2
 _50756_/A3
 _50756_/A4
 _50756_/B1
 _50756_/Y
 _50757_/A1
 _50757_/A2
 _50757_/B1
 _50757_/Y
 _50759_/A1
 _50759_/A2
 _50759_/B1
 _50759_/Y
 _50761_/A
 _50761_/B
 _50761_/Y
 _50763_/A0
 _50763_/A1
 _50763_/S
 _50763_/Y
 _50764_/A
 _50764_/Y
 _50765_/A0
 _50765_/A1
 _50765_/S
 _50765_/Y
 _50766_/A
 _50766_/Y
 _50767_/A
 _50767_/Y
 _50768_/A
 _50768_/Y
 _50769_/A
 _50769_/B
 _50769_/C
 _50769_/Y
 _50771_/A1
 _50771_/A2
 _50771_/B1
 _50771_/X
 _50772_/A
 _50772_/B
 _50772_/C
 _50772_/D
 _50772_/Y
 _50773_/A
 _50773_/B
 _50773_/Y
 _50774_/A1
 _50774_/A2
 _50774_/B1
 _50774_/Y
 _50775_/A
 _50775_/B
 _50775_/Y
 _50777_/A
 _50777_/B
 _50777_/Y
 _50778_/A1
 _50778_/A2
 _50778_/B1_N
 _50778_/Y
 _50779_/A
 _50779_/B
 _50779_/Y
 _50780_/A
 _50780_/B
 _50780_/C
 _50780_/Y
 _50781_/A1
 _50781_/A2
 _50781_/B1
 _50781_/C1
 _50781_/Y
 _50782_/A
 _50782_/B
 _50782_/Y
 _50783_/A
 _50783_/B
 _50783_/C
 _50783_/D
 _50783_/Y
 _50784_/A
 _50784_/B
 _50784_/C
 _50784_/D
 _50784_/Y
 _50785_/A
 _50785_/B
 _50785_/C
 _50785_/Y
 _50786_/A
 _50786_/B
 _50786_/C
 _50786_/X
 _50787_/A1
 _50787_/A2
 _50787_/A3
 _50787_/B1
 _50787_/Y
 _50788_/A
 _50788_/B
 _50788_/C
 _50788_/D
 _50788_/X
 _50789_/A
 _50789_/B
 _50789_/C
 _50789_/Y
 _50790_/A1
 _50790_/A2
 _50790_/A3
 _50790_/B1
 _50790_/Y
 _50791_/A1
 _50791_/A2
 _50791_/B1
 _50791_/C1
 _50791_/Y
 _50792_/A1
 _50792_/A2
 _50792_/B1
 _50792_/C1
 _50792_/Y
 _50793_/A
 _50793_/B
 _50793_/C
 _50793_/X
 _50794_/A1
 _50794_/A2
 _50794_/B1
 _50794_/Y
 _50795_/A1
 _50795_/A2
 _50795_/B1
 _50795_/Y
 _50796_/A1
 _50796_/A2
 _50796_/B1
 _50796_/C1
 _50796_/X
 _50797_/A
 _50797_/B
 _50797_/Y
 _50798_/A
 _50798_/B
 _50798_/C
 _50798_/Y
 _50799_/A1
 _50799_/A2
 _50799_/B1
 _50799_/Y
 _50800_/A
 _50800_/B
 _50800_/C
 _50800_/D
 _50800_/X
 _50801_/A
 _50801_/B
 _50801_/Y
 _50802_/A
 _50802_/B
 _50802_/C
 _50802_/Y
 _50803_/A
 _50803_/B
 _50803_/C
 _50803_/X
 _50804_/A1
 _50804_/A2
 _50804_/B1
 _50804_/Y
 _50805_/A
 _50805_/B
 _50805_/C
 _50805_/Y
 _50806_/A
 _50806_/B
 _50806_/Y
 _50807_/A
 _50807_/B
 _50807_/X
 _50808_/A
 _50808_/B
 _50808_/C
 _50808_/X
 _50809_/A
 _50809_/B
 _50809_/Y
 _50810_/A
 _50810_/B
 _50810_/C
 _50810_/Y
 _50811_/A
 _50811_/B
 _50811_/C
 _50811_/D
 _50811_/Y
 _50812_/A
 _50812_/B
 _50812_/Y
 _50813_/A
 _50813_/B
 _50813_/Y
 _50814_/A
 _50814_/B
 _50814_/Y
 _50815_/A
 _50815_/B
 _50815_/Y
 _50816_/A
 _50816_/B
 _50816_/Y
 _50817_/A
 _50817_/B
 _50817_/C
 _50817_/D
 _50817_/Y
 _50818_/A1
 _50818_/A2
 _50818_/B1
 _50818_/Y
 _50819_/A
 _50819_/B
 _50819_/X
 _50820_/A1
 _50820_/A2
 _50820_/B1
 _50820_/C1
 _50820_/X
 _50821_/A
 _50821_/B
 _50821_/Y
 _50822_/A
 _50822_/B
 _50822_/C
 _50822_/Y
 _50823_/A_N
 _50823_/B
 _50823_/Y
 _50824_/A
 _50824_/B
 _50824_/C
 _50824_/D
 _50824_/Y
 _50825_/A
 _50825_/B
 _50825_/Y
 _50826_/A0
 _50826_/A1
 _50826_/S
 _50826_/Y
 _50827_/A
 _50827_/B
 _50827_/C_N
 _50827_/D_N
 _50827_/Y
 _50828_/A
 _50828_/B
 _50828_/C
 _50828_/X
 _50829_/A
 _50829_/B
 _50829_/C
 _50829_/X
 _50830_/A_N
 _50830_/B
 _50830_/Y
 _50831_/A1
 _50831_/A2
 _50831_/A3
 _50831_/B1
 _50831_/Y
 _50832_/A
 _50832_/B
 _50832_/C
 _50832_/D
 _50832_/Y
 _50834_/A
 _50834_/B
 _50834_/C
 _50834_/Y
 _50835_/A
 _50835_/B
 _50835_/Y
 _50836_/A1
 _50836_/A2
 _50836_/B1
 _50836_/Y
 _50837_/A
 _50837_/Y
 _50838_/A1
 _50838_/A2
 _50838_/B1
 _50838_/Y
 _50839_/A1
 _50839_/A2
 _50839_/B1
 _50839_/B2
 _50839_/Y
 _50840_/A
 _50840_/B
 _50840_/C
 _50840_/D
 _50840_/Y
 _50841_/A
 _50841_/B
 _50841_/C
 _50841_/Y
 _50842_/A
 _50842_/B
 _50842_/C
 _50842_/Y
 _50843_/A
 _50843_/B
 _50843_/X
 _50844_/A
 _50844_/Y
 _50845_/A1
 _50845_/A2
 _50845_/A3
 _50845_/B1
 _50845_/Y
 _50846_/A
 _50846_/B
 _50846_/C
 _50846_/D
 _50846_/Y
 _50847_/A
 _50847_/B
 _50847_/C_N
 _50847_/Y
 _50848_/A1
 _50848_/A2
 _50848_/B1
 _50848_/Y
 _50849_/A
 _50849_/B
 _50849_/X
 _50850_/A
 _50850_/B
 _50850_/Y
 _50851_/A
 _50851_/B
 _50851_/Y
 _50852_/A
 _50852_/B
 _50852_/X
 _50853_/A
 _50853_/B
 _50853_/C
 _50853_/D
 _50853_/Y
 _50854_/A
 _50854_/B
 _50854_/C
 _50854_/D
 _50854_/Y
 _50855_/A
 _50855_/B
 _50855_/X
 _50856_/A
 _50856_/B
 _50856_/X
 _50857_/A
 _50857_/B
 _50857_/C
 _50857_/Y
 _50858_/A1
 _50858_/A2
 _50858_/A3
 _50858_/B1
 _50858_/X
 _50859_/A
 _50859_/B
 _50859_/C
 _50859_/D
 _50859_/Y
 _50860_/A
 _50860_/B
 _50860_/C
 _50860_/X
 _50861_/A1
 _50861_/A2
 _50861_/A3
 _50861_/A4
 _50861_/B1
 _50861_/X
 _50862_/A1
 _50862_/A2
 _50862_/B1
 _50862_/Y
 _50863_/A1
 _50863_/A2
 _50863_/B1
 _50863_/X
 _50864_/A
 _50864_/B
 _50864_/C
 _50864_/Y
 _50865_/A
 _50865_/Y
 _50866_/A1
 _50866_/A2
 _50866_/B1
 _50866_/Y
 _50867_/A
 _50867_/B
 _50867_/C
 _50867_/Y
 _50868_/A1
 _50868_/A2
 _50868_/B1
 _50868_/Y
 _50870_/A1
 _50870_/A2
 _50870_/B1
 _50870_/C1
 _50870_/Y
 _50871_/A1
 _50871_/A2
 _50871_/B1
 _50871_/X
 _50872_/A1
 _50872_/A2
 _50872_/B1
 _50872_/C1
 _50872_/Y
 _50873_/A
 _50873_/B
 _50873_/C
 _50873_/Y
 _50874_/A
 _50874_/B
 _50874_/C
 _50874_/D_N
 _50874_/Y
 _50875_/A
 _50875_/B
 _50875_/C
 _50875_/D
 _50875_/Y
 _50876_/A
 _50876_/B
 _50876_/Y
 _50877_/A
 _50877_/B
 _50877_/C
 _50877_/Y
 _50878_/A
 _50878_/B
 _50878_/Y
 _50879_/A
 _50879_/B
 _50879_/Y
 _50880_/A
 _50880_/B
 _50880_/Y
 _50881_/A1
 _50881_/A2
 _50881_/B1_N
 _50881_/Y
 _50882_/A1
 _50882_/A2
 _50882_/B1
 _50882_/Y
 _50883_/A1
 _50883_/A2
 _50883_/B1
 _50883_/Y
 _50884_/A1
 _50884_/A2
 _50884_/B1
 _50884_/Y
 _50885_/A
 _50885_/B
 _50885_/Y
 _50886_/A
 _50886_/B
 _50886_/C
 _50886_/Y
 _50887_/A
 _50887_/B
 _50887_/C
 _50887_/Y
 _50888_/A
 _50888_/B
 _50888_/X
 _50889_/A
 _50889_/B
 _50889_/Y
 _50890_/A
 _50890_/B
 _50890_/C
 _50890_/Y
 _50891_/A1
 _50891_/A2
 _50891_/A3
 _50891_/B1
 _50891_/Y
 _50892_/A1
 _50892_/A2
 _50892_/B1
 _50892_/B2
 _50892_/Y
 _50893_/A
 _50893_/B
 _50893_/C
 _50893_/D
 _50893_/X
 _50894_/A
 _50894_/B
 _50894_/Y
 _50895_/A
 _50895_/B
 _50895_/C
 _50895_/D
 _50895_/X
 _50896_/A
 _50896_/B
 _50896_/X
 _50897_/A
 _50897_/B
 _50897_/X
 _50898_/A
 _50898_/B
 _50898_/Y
 _50899_/A1
 _50899_/A2
 _50899_/A3
 _50899_/B1
 _50899_/C1
 _50899_/X
 _50900_/A1
 _50900_/A2
 _50900_/B1
 _50900_/Y
 _50901_/A_N
 _50901_/B_N
 _50901_/C
 _50901_/D
 _50901_/Y
 _50902_/A
 _50902_/B
 _50902_/Y
 _50903_/A
 _50903_/B
 _50903_/Y
 _50904_/A1
 _50904_/A2
 _50904_/B1
 _50904_/Y
 _50905_/A
 _50905_/B
 _50905_/C
 _50905_/Y
 _50906_/A
 _50906_/B
 _50906_/C
 _50906_/Y
 _50907_/A1
 _50907_/A2
 _50907_/B1
 _50907_/Y
 _50908_/A
 _50908_/B
 _50908_/C
 _50908_/Y
 _50909_/A
 _50909_/B
 _50909_/X
 _50910_/A
 _50910_/B
 _50910_/X
 _50911_/A
 _50911_/B
 _50911_/Y
 _50912_/A
 _50912_/B
 _50912_/Y
 _50913_/A
 _50913_/B
 _50913_/C
 _50913_/Y
 _50914_/A
 _50914_/B
 _50914_/X
 _50915_/A
 _50915_/B
 _50915_/C
 _50915_/D_N
 _50915_/Y
 _50916_/A
 _50916_/B
 _50916_/Y
 _50917_/A
 _50917_/B
 _50917_/Y
 _50918_/A
 _50918_/B
 _50918_/C
 _50918_/Y
 _50919_/A
 _50919_/B
 _50919_/X
 _50920_/A1
 _50920_/A2
 _50920_/B1
 _50920_/Y
 _50921_/A
 _50921_/B
 _50921_/C
 _50921_/D
 _50921_/Y
 _50922_/A
 _50922_/B
 _50922_/Y
 _50923_/A
 _50923_/B
 _50923_/Y
 _50924_/A_N
 _50924_/B
 _50924_/C
 _50924_/D
 _50924_/Y
 _50925_/A
 _50925_/B
 _50925_/Y
 _50926_/A
 _50926_/B
 _50926_/C
 _50926_/Y
 _50927_/A
 _50927_/B
 _50927_/Y
 _50928_/A
 _50928_/B
 _50928_/C_N
 _50928_/Y
 _50929_/A1
 _50929_/A2
 _50929_/A3
 _50929_/B1
 _50929_/B2
 _50929_/Y
 _50930_/A
 _50930_/B
 _50930_/C
 _50930_/Y
 _50931_/A_N
 _50931_/B
 _50931_/C
 _50931_/D
 _50931_/X
 _50932_/A
 _50932_/B
 _50932_/Y
 _50933_/A
 _50933_/B
 _50933_/C
 _50933_/D
 _50933_/Y
 _50934_/A
 _50934_/B
 _50934_/Y
 _50935_/A
 _50935_/B
 _50935_/C
 _50935_/Y
 _50936_/A
 _50936_/B
 _50936_/Y
 _50937_/A
 _50937_/B
 _50937_/C
 _50937_/Y
 _50938_/A
 _50938_/B
 _50938_/Y
 _50939_/A
 _50939_/B
 _50939_/C_N
 _50939_/Y
 _50940_/A
 _50940_/B
 _50940_/Y
 _50941_/A1
 _50941_/A2
 _50941_/A3
 _50941_/B1
 _50941_/B2
 _50941_/X
 _50942_/A1
 _50942_/A2
 _50942_/A3
 _50942_/B1
 _50942_/Y
 _50943_/A
 _50943_/B
 _50943_/X
 _50944_/A1
 _50944_/A2
 _50944_/A3
 _50944_/B1
 _50944_/Y
 _50945_/A1
 _50945_/A2
 _50945_/B1
 _50945_/X
 _50946_/A_N
 _50946_/B
 _50946_/C
 _50946_/D
 _50946_/X
 _50947_/A
 _50947_/B
 _50947_/Y
 _50948_/A
 _50948_/B
 _50948_/Y
 _50949_/A
 _50949_/B
 _50949_/C
 _50949_/Y
 _50950_/A
 _50950_/B
 _50950_/Y
 _50951_/A1
 _50951_/A2
 _50951_/B1
 _50951_/Y
 _50952_/A
 _50952_/B_N
 _50952_/X
 _50953_/A1
 _50953_/A2
 _50953_/A3
 _50953_/B1
 _50953_/Y
 _50954_/A1
 _50954_/A2
 _50954_/B1
 _50954_/C1
 _50954_/Y
 _50955_/A
 _50955_/B
 _50955_/C
 _50955_/D
 _50955_/Y
 _50956_/A
 _50956_/B
 _50956_/C
 _50956_/Y
 _50957_/A1
 _50957_/A2
 _50957_/B1
 _50957_/Y
 _50958_/A
 _50958_/B
 _50958_/X
 _50959_/A
 _50959_/B
 _50959_/Y
 _50960_/A
 _50960_/B
 _50960_/C
 _50960_/D
 _50960_/Y
 _50961_/A
 _50961_/B
 _50961_/Y
 _50962_/A
 _50962_/B
 _50962_/C
 _50962_/Y
 _50963_/A1
 _50963_/A2
 _50963_/B1
 _50963_/Y
 _50964_/A
 _50964_/B
 _50964_/Y
 _50965_/A
 _50965_/B
 _50965_/Y
 _50966_/A
 _50966_/B
 _50966_/Y
 _50967_/A
 _50967_/B
 _50967_/C
 _50967_/D
 _50967_/Y
 _50968_/A
 _50968_/B
 _50968_/C
 _50968_/X
 _50970_/A
 _50970_/B
 _50970_/Y
 _50971_/A
 _50971_/B
 _50971_/Y
 _50972_/A0
 _50972_/A1
 _50972_/S
 _50972_/Y
 _50973_/A0
 _50973_/A1
 _50973_/S
 _50973_/Y
 _50974_/A0
 _50974_/A1
 _50974_/S
 _50974_/Y
 _50975_/A0
 _50975_/A1
 _50975_/S
 _50975_/Y
 _50976_/A0
 _50976_/A1
 _50976_/S
 _50976_/X
 _50977_/A1
 _50977_/A2
 _50977_/A3
 _50977_/B1
 _50977_/Y
 _50978_/A1
 _50978_/A2
 _50978_/B1
 _50978_/Y
 _50979_/A1
 _50979_/A2
 _50979_/B1
 _50979_/Y
 _50980_/A
 _50980_/B
 _50980_/Y
 _50981_/A
 _50981_/Y
 _50982_/A
 _50982_/B
 _50982_/Y
 _50986_/A
 _50986_/Y
 _50987_/A1
 _50987_/A2
 _50987_/B1
 _50987_/Y
 _50988_/A
 _50988_/B
 _50988_/Y
 _50989_/A
 _50989_/B
 _50989_/Y
 _50991_/A0
 _50991_/A1
 _50991_/S
 _50991_/X
 _50992_/A
 _50992_/B
 _50992_/Y
 _50993_/A
 _50993_/B
 _50993_/Y
 _50995_/A0
 _50995_/A1
 _50995_/S
 _50995_/X
 _50996_/A
 _50996_/B
 _50996_/C
 _50996_/D
 _50996_/Y
 _50997_/A
 _50997_/Y
 _50999_/A
 _50999_/B
 _50999_/C
 _50999_/X
 _51000_/A
 _51000_/B
 _51000_/C
 _51000_/Y
 _51001_/A
 _51001_/B
 _51001_/Y
 _51002_/A
 _51002_/B
 _51002_/C
 _51002_/Y
 _51004_/A
 _51004_/B
 _51004_/C
 _51004_/X
 _51005_/A
 _51005_/B
 _51005_/Y
 _51006_/A
 _51006_/B
 _51006_/Y
 _51007_/A
 _51007_/B
 _51007_/Y
 _51008_/A
 _51008_/B
 _51008_/C
 _51008_/D
 _51008_/Y
 _51009_/A
 _51009_/B
 _51009_/Y
 _51010_/A
 _51010_/B
 _51010_/Y
 _51012_/A
 _51012_/B
 _51012_/C
 _51012_/X
 _51013_/A
 _51013_/B
 _51013_/Y
 _51014_/A
 _51014_/B
 _51014_/C
 _51014_/X
 _51015_/A
 _51015_/B
 _51015_/C
 _51015_/Y
 _51016_/A
 _51016_/B
 _51016_/C
 _51016_/X
 _51017_/A
 _51017_/B
 _51017_/C
 _51017_/Y
 _51018_/A
 _51018_/B
 _51018_/C
 _51018_/X
 _51019_/A
 _51019_/B
 _51019_/Y
 _51020_/A
 _51020_/B
 _51020_/Y
 _51021_/A
 _51021_/B
 _51021_/Y
 _51022_/A
 _51022_/B
 _51022_/Y
 _51023_/A
 _51023_/B
 _51023_/C
 _51023_/Y
 _51024_/A
 _51024_/B
 _51024_/Y
 _51025_/A
 _51025_/B
 _51025_/Y
 _51026_/A
 _51026_/B
 _51026_/Y
 _51027_/A
 _51027_/B
 _51027_/Y
 _51028_/A
 _51028_/B
 _51028_/C
 _51028_/Y
 _51029_/A
 _51029_/B
 _51029_/C
 _51029_/X
 _51031_/A
 _51031_/B
 _51031_/X
 _51032_/A
 _51032_/B
 _51032_/C
 _51032_/D
 _51032_/X
 _51033_/A
 _51033_/B
 _51033_/C
 _51033_/X
 _51034_/A
 _51034_/B
 _51034_/C
 _51034_/Y
 _51035_/A
 _51035_/B
 _51035_/Y
 _51036_/A
 _51036_/B
 _51036_/X
 _51038_/A
 _51038_/Y
 _51039_/A
 _51039_/B
 _51039_/C
 _51039_/Y
 _51040_/A
 _51040_/B
 _51040_/Y
 _51041_/A
 _51041_/B
 _51041_/C
 _51041_/X
 _51044_/A
 _51044_/B
 _51044_/C
 _51044_/Y
 _51045_/A
 _51045_/B
 _51045_/Y
 _51046_/A
 _51046_/B
 _51046_/Y
 _51047_/A
 _51047_/B
 _51047_/C
 _51047_/X
 _51048_/A
 _51048_/B
 _51048_/C
 _51048_/D
 _51048_/Y
 _51049_/A
 _51049_/B
 _51049_/X
 _51052_/A
 _51052_/B
 _51052_/C
 _51052_/D
 _51052_/Y
 _51053_/A
 _51053_/B
 _51053_/C
 _51053_/Y
 _51054_/A
 _51054_/B
 _51054_/X
 _51055_/A
 _51055_/B
 _51055_/Y
 _51056_/A
 _51056_/B
 _51056_/Y
 _51060_/A
 _51060_/B
 _51060_/C
 _51060_/X
 _51061_/A
 _51061_/B
 _51061_/C
 _51061_/Y
 _51062_/A
 _51062_/B
 _51062_/Y
 _51063_/A
 _51063_/B
 _51063_/C
 _51063_/Y
 _51064_/A
 _51064_/B
 _51064_/X
 _51065_/A
 _51065_/B
 _51065_/C
 _51065_/Y
 _51066_/A
 _51066_/B
 _51066_/C
 _51066_/D
 _51066_/Y
 _51067_/A
 _51067_/B
 _51067_/Y
 _51068_/A
 _51068_/B
 _51068_/C
 _51068_/X
 _51069_/A_N
 _51069_/B
 _51069_/Y
 _51070_/A
 _51070_/B
 _51070_/X
 _51071_/A
 _51071_/B
 _51071_/C
 _51071_/Y
 _51072_/A
 _51072_/B
 _51072_/Y
 _51073_/A
 _51073_/B
 _51073_/C
 _51073_/Y
 _51074_/A
 _51074_/B
 _51074_/C
 _51074_/Y
 _51075_/A
 _51075_/B
 _51075_/Y
 _51076_/A
 _51076_/B
 _51076_/C
 _51076_/D
 _51076_/Y
 _51077_/A
 _51077_/Y
 _51078_/A
 _51078_/B
 _51078_/C
 _51078_/D
 _51078_/Y
 _51079_/A
 _51079_/B
 _51079_/Y
 _51080_/A
 _51080_/B
 _51080_/C
 _51080_/Y
 _51081_/A
 _51081_/B
 _51081_/Y
 _51082_/A
 _51082_/B
 _51082_/Y
 _51083_/A
 _51083_/B
 _51083_/Y
 _51084_/A
 _51084_/B
 _51084_/Y
 _51085_/A
 _51085_/B
 _51085_/C
 _51085_/Y
 _51086_/A
 _51086_/B
 _51086_/C
 _51086_/Y
 _51087_/A
 _51087_/B
 _51087_/Y
 _51088_/A1
 _51088_/A2
 _51088_/B1
 _51088_/C1
 _51088_/Y
 _51089_/A1
 _51089_/A2
 _51089_/B1_N
 _51089_/Y
 _51090_/A1
 _51090_/A2
 _51090_/A3
 _51090_/B1
 _51090_/Y
 _51091_/A
 _51091_/B
 _51091_/Y
 _51092_/A
 _51092_/B
 _51092_/Y
 _51093_/A
 _51093_/B
 _51093_/Y
 _51094_/A
 _51094_/B
 _51094_/Y
 _51095_/A
 _51095_/B
 _51095_/Y
 _51096_/A
 _51096_/B
 _51096_/C
 _51096_/D
 _51096_/Y
 _51097_/A
 _51097_/B
 _51097_/C
 _51097_/Y
 _51098_/A
 _51098_/B
 _51098_/C
 _51098_/Y
 _51099_/A
 _51099_/B
 _51099_/Y
 _51100_/A
 _51100_/B
 _51100_/Y
 _51101_/A
 _51101_/B
 _51101_/C
 _51101_/Y
 _51102_/A
 _51102_/B
 _51102_/C
 _51102_/Y
 _51103_/A
 _51103_/B
 _51103_/Y
 _51104_/A
 _51104_/B
 _51104_/Y
 _51105_/A
 _51105_/B
 _51105_/Y
 _51106_/A
 _51106_/B
 _51106_/Y
 _51107_/A
 _51107_/B
 _51107_/Y
 _51108_/A
 _51108_/B
 _51108_/Y
 _51109_/A
 _51109_/B
 _51109_/Y
 _51110_/A1
 _51110_/A2
 _51110_/B1
 _51110_/C1
 _51110_/X
 _51111_/A
 _51111_/B
 _51111_/Y
 _51112_/A
 _51112_/B
 _51112_/Y
 _51113_/A
 _51113_/B
 _51113_/Y
 _51114_/A
 _51114_/B
 _51114_/C
 _51114_/Y
 _51115_/A
 _51115_/B
 _51115_/C
 _51115_/D
 _51115_/Y
 _51116_/A1
 _51116_/A2
 _51116_/B1
 _51116_/Y
 _51117_/A1
 _51117_/A2
 _51117_/B1
 _51117_/Y
 _51118_/A
 _51118_/B
 _51118_/Y
 _51119_/A
 _51119_/Y
 _51120_/A
 _51120_/B
 _51120_/C
 _51120_/X
 _51121_/A
 _51121_/B
 _51121_/C
 _51121_/Y
 _51122_/A
 _51122_/B
 _51122_/Y
 _51123_/A
 _51123_/B
 _51123_/C
 _51123_/D
 _51123_/Y
 _51124_/A
 _51124_/B
 _51124_/Y
 _51125_/A
 _51125_/B
 _51125_/Y
 _51126_/A
 _51126_/B
 _51126_/C
 _51126_/Y
 _51127_/A
 _51127_/B
 _51127_/Y
 _51128_/A
 _51128_/B
 _51128_/C
 _51128_/X
 _51129_/A1
 _51129_/A2
 _51129_/B1
 _51129_/B2
 _51129_/C1
 _51129_/Y
 _51130_/A
 _51130_/B
 _51130_/C
 _51130_/Y
 _51131_/A
 _51131_/B
 _51131_/Y
 _51132_/A1
 _51132_/A2
 _51132_/B1
 _51132_/Y
 _51133_/A
 _51133_/Y
 _51134_/A
 _51134_/B
 _51134_/C
 _51134_/Y
 _51135_/A1
 _51135_/A2
 _51135_/B1
 _51135_/Y
 _51136_/A1
 _51136_/A2
 _51136_/A3
 _51136_/B1
 _51136_/Y
 _51137_/A
 _51137_/B
 _51137_/C
 _51137_/D
 _51137_/Y
 _51138_/A
 _51138_/B
 _51138_/C
 _51138_/Y
 _51139_/A
 _51139_/B
 _51139_/X
 _51140_/A
 _51140_/B
 _51140_/Y
 _51141_/A
 _51141_/B
 _51141_/C
 _51141_/X
 _51142_/A
 _51142_/Y
 _51143_/A_N
 _51143_/B
 _51143_/Y
 _51144_/A
 _51144_/B
 _51144_/Y
 _51145_/A
 _51145_/B
 _51145_/C
 _51145_/Y
 _51146_/A1
 _51146_/A2
 _51146_/B1
 _51146_/Y
 _51147_/A1
 _51147_/A2
 _51147_/B1
 _51147_/B2
 _51147_/C1
 _51147_/Y
 _51148_/A
 _51148_/Y
 _51149_/A
 _51149_/B
 _51149_/Y
 _51150_/A
 _51150_/B
 _51150_/C
 _51150_/D
 _51150_/Y
 _51151_/A
 _51151_/B
 _51151_/C_N
 _51151_/Y
 _51152_/A1
 _51152_/A2
 _51152_/A3
 _51152_/B1
 _51152_/Y
 _51153_/A
 _51153_/B
 _51153_/C
 _51153_/D
 _51153_/Y
 _51154_/A
 _51154_/B
 _51154_/Y
 _51155_/A
 _51155_/B
 _51155_/Y
 _51156_/A
 _51156_/Y
 _51157_/A1
 _51157_/A2
 _51157_/B1
 _51157_/C1
 _51157_/Y
 _51158_/A
 _51158_/B
 _51158_/C
 _51158_/X
 _51159_/A
 _51159_/Y
 _51160_/A
 _51160_/B
 _51160_/C
 _51160_/X
 _51161_/A_N
 _51161_/B
 _51161_/Y
 _51162_/A
 _51162_/B
 _51162_/Y
 _51163_/A1
 _51163_/A2
 _51163_/B1
 _51163_/Y
 _51164_/A1
 _51164_/A2
 _51164_/A3
 _51164_/B1
 _51164_/Y
 _51165_/A1
 _51165_/A2
 _51165_/B1
 _51165_/Y
 _51166_/A_N
 _51166_/B
 _51166_/Y
 _51167_/A
 _51167_/B
 _51167_/C
 _51167_/D
 _51167_/Y
 _51168_/A
 _51168_/B
 _51168_/X
 _51169_/A_N
 _51169_/B
 _51169_/Y
 _51170_/A
 _51170_/Y
 _51171_/A
 _51171_/B
 _51171_/Y
 _51172_/A
 _51172_/B
 _51172_/C
 _51172_/D
 _51172_/Y
 _51173_/A1
 _51173_/A2
 _51173_/A3
 _51173_/B1
 _51173_/Y
 _51174_/A1
 _51174_/A2
 _51174_/A3
 _51174_/B1
 _51174_/C1
 _51174_/Y
 _51175_/A1
 _51175_/A2
 _51175_/B1
 _51175_/C1
 _51175_/D1
 _51175_/Y
 _51176_/A
 _51176_/B
 _51176_/Y
 _51177_/A1
 _51177_/A2
 _51177_/B1
 _51177_/Y
 _51178_/A
 _51178_/B
 _51178_/X
 _51179_/A
 _51179_/B
 _51179_/Y
 _51180_/A
 _51180_/B
 _51180_/Y
 _51181_/A
 _51181_/B
 _51181_/Y
 _51182_/A
 _51182_/B
 _51182_/Y
 _51183_/A
 _51183_/B
 _51183_/X
 _51184_/A
 _51184_/B
 _51184_/C
 _51184_/Y
 _51185_/A
 _51185_/B
 _51185_/C
 _51185_/Y
 _51186_/A1
 _51186_/A2
 _51186_/B1
 _51186_/Y
 _51187_/A
 _51187_/B
 _51187_/C
 _51187_/Y
 _51188_/A
 _51188_/B
 _51188_/Y
 _51189_/A
 _51189_/B
 _51189_/Y
 _51190_/A
 _51190_/B
 _51190_/Y
 _51191_/A
 _51191_/B
 _51191_/C
 _51191_/Y
 _51192_/A
 _51192_/B
 _51192_/Y
 _51193_/A
 _51193_/B
 _51193_/Y
 _51194_/A
 _51194_/B
 _51194_/C_N
 _51194_/Y
 _51195_/A
 _51195_/B
 _51195_/Y
 _51196_/A
 _51196_/B
 _51196_/C
 _51196_/Y
 _51197_/A
 _51197_/B
 _51197_/C
 _51197_/D
 _51197_/Y
 _51198_/A
 _51198_/B
 _51198_/C
 _51198_/D
 _51198_/Y
 _51199_/A
 _51199_/B
 _51199_/Y
 _51200_/A
 _51200_/B
 _51200_/Y
 _51201_/A
 _51201_/B
 _51201_/C
 _51201_/Y
 _51202_/A
 _51202_/B
 _51202_/Y
 _51203_/A
 _51203_/B
 _51203_/C
 _51203_/Y
 _51204_/A_N
 _51204_/B
 _51204_/Y
 _51205_/A1
 _51205_/A2
 _51205_/B1
 _51205_/B2
 _51205_/Y
 _51206_/A_N
 _51206_/B
 _51206_/Y
 _51207_/A_N
 _51207_/B
 _51207_/C
 _51207_/Y
 _51208_/A1
 _51208_/A2
 _51208_/B1
 _51208_/Y
 _51209_/A1
 _51209_/A2
 _51209_/B1
 _51209_/Y
 _51210_/A
 _51210_/B
 _51210_/C
 _51210_/D_N
 _51210_/Y
 _51211_/A
 _51211_/Y
 _51212_/A
 _51212_/B
 _51212_/Y
 _51213_/A
 _51213_/B
 _51213_/C
 _51213_/Y
 _51214_/A1
 _51214_/A2
 _51214_/A3
 _51214_/B1
 _51214_/Y
 _51215_/A1
 _51215_/A2
 _51215_/B1
 _51215_/C1
 _51215_/Y
 _51216_/A1
 _51216_/A2
 _51216_/B1
 _51216_/C1
 _51216_/Y
 _51217_/A
 _51217_/Y
 _51218_/A1
 _51218_/A2
 _51218_/B1
 _51218_/Y
 _51219_/A
 _51219_/B
 _51219_/C
 _51219_/D
 _51219_/Y
 _51220_/A
 _51220_/Y
 _51221_/A1
 _51221_/A2
 _51221_/B1
 _51221_/Y
 _51222_/A
 _51222_/Y
 _51223_/A1
 _51223_/A2
 _51223_/B1
 _51223_/Y
 _51224_/A
 _51224_/Y
 _51225_/A1
 _51225_/A2
 _51225_/B1
 _51225_/Y
 _51226_/A1
 _51226_/A2
 _51226_/A3
 _51226_/B1
 _51226_/B2
 _51226_/Y
 _51227_/A
 _51227_/Y
 _51228_/A1
 _51228_/A2
 _51228_/B1
 _51228_/Y
 _51229_/A
 _51229_/B
 _51229_/C
 _51229_/D
 _51229_/Y
 _51230_/A
 _51230_/B
 _51230_/Y
 _51231_/A
 _51231_/B
 _51231_/Y
 _51232_/A
 _51232_/Y
 _51233_/A1
 _51233_/A2
 _51233_/B1
 _51233_/Y
 _51234_/A
 _51234_/B
 _51234_/Y
 _51235_/A1
 _51235_/A2
 _51235_/B1
 _51235_/Y
 _51236_/A1
 _51236_/A2
 _51236_/B1
 _51236_/Y
 _51237_/A
 _51237_/Y
 _51238_/A
 _51238_/B
 _51238_/Y
 _51239_/A1
 _51239_/A2
 _51239_/B1
 _51239_/Y
 _51240_/A
 _51240_/B
 _51240_/Y
 _51241_/A
 _51241_/B
 _51241_/C
 _51241_/D
 _51241_/Y
 _51242_/A1
 _51242_/A2
 _51242_/A3
 _51242_/B1
 _51242_/Y
 _51243_/A
 _51243_/B
 _51243_/Y
 _51244_/A
 _51244_/Y
 _51245_/A
 _51245_/Y
 _51246_/A1
 _51246_/A2
 _51246_/B1
 _51246_/Y
 _51247_/A
 _51247_/B
 _51247_/Y
 _51248_/A1
 _51248_/A2
 _51248_/B1
 _51248_/Y
 _51249_/A1
 _51249_/A2
 _51249_/B1
 _51249_/B2
 _51249_/Y
 _51250_/A
 _51250_/B
 _51250_/Y
 _51251_/A1
 _51251_/A2
 _51251_/B1
 _51251_/B2
 _51251_/C1
 _51251_/Y
 _51252_/A
 _51252_/B
 _51252_/Y
 _51253_/A
 _51253_/B
 _51253_/C
 _51253_/D
 _51253_/X
 _51254_/A
 _51254_/B
 _51254_/Y
 _51255_/A
 _51255_/B
 _51255_/Y
 _51256_/A1
 _51256_/A2
 _51256_/B1
 _51256_/Y
 _51257_/A1
 _51257_/A2
 _51257_/A3
 _51257_/B1
 _51257_/C1
 _51257_/Y
 _51258_/A1
 _51258_/A2
 _51258_/B1
 _51258_/Y
 _51259_/A
 _51259_/B
 _51259_/C
 _51259_/Y
 _51260_/A
 _51260_/B
 _51260_/C
 _51260_/Y
 _51261_/A
 _51261_/Y
 _51262_/A1
 _51262_/A2
 _51262_/B1
 _51262_/Y
 _51263_/A
 _51263_/B
 _51263_/Y
 _51264_/A
 _51264_/B
 _51264_/Y
 _51265_/A
 _51265_/B
 _51265_/Y
 _51266_/A
 _51266_/B
 _51266_/C
 _51266_/X
 _51267_/A_N
 _51267_/B
 _51267_/C
 _51267_/Y
 _51268_/A1
 _51268_/A2
 _51268_/B1
 _51268_/Y
 _51269_/A
 _51269_/B
 _51269_/Y
 _51270_/A
 _51270_/Y
 _51271_/A1
 _51271_/A2
 _51271_/B1
 _51271_/Y
 _51272_/A
 _51272_/B
 _51272_/C
 _51272_/D
 _51272_/Y
 _51273_/A
 _51273_/Y
 _51274_/A1
 _51274_/A2
 _51274_/A3
 _51274_/B1
 _51274_/Y
 _51275_/A
 _51275_/B
 _51275_/C
 _51275_/Y
 _51276_/A
 _51276_/B
 _51276_/Y
 _51277_/A
 _51277_/B
 _51277_/C
 _51277_/X
 _51278_/A1
 _51278_/A2
 _51278_/A3
 _51278_/A4
 _51278_/B1
 _51278_/Y
 _51279_/A1
 _51279_/A2
 _51279_/A3
 _51279_/B1
 _51279_/Y
 _51280_/A
 _51280_/B
 _51280_/C
 _51280_/Y
 _51281_/A
 _51281_/B
 _51281_/Y
 _51282_/A
 _51282_/Y
 _51283_/A1
 _51283_/A2
 _51283_/B1
 _51283_/Y
 _51284_/A
 _51284_/B
 _51284_/Y
 _51285_/A
 _51285_/B
 _51285_/Y
 _51286_/A
 _51286_/B
 _51286_/C
 _51286_/D
 _51286_/Y
 _51287_/A1
 _51287_/A2
 _51287_/A3
 _51287_/B1
 _51287_/C1
 _51287_/X
 _51288_/A
 _51288_/Y
 _51289_/A1
 _51289_/A2
 _51289_/B1
 _51289_/Y
 _51290_/A
 _51290_/B
 _51290_/Y
 _51291_/A
 _51291_/B
 _51291_/C
 _51291_/Y
 _51292_/A
 _51292_/B
 _51292_/C
 _51292_/D
 _51292_/Y
 _51293_/A1
 _51293_/A2
 _51293_/B1
 _51293_/B2
 _51293_/Y
 _51294_/A1
 _51294_/A2
 _51294_/B1
 _51294_/Y
 _51295_/A
 _51295_/B
 _51295_/C
 _51295_/Y
 _51296_/A_N
 _51296_/B
 _51296_/C
 _51296_/Y
 _51297_/A1
 _51297_/A2
 _51297_/A3
 _51297_/B1
 _51297_/Y
 _51298_/A1
 _51298_/A2
 _51298_/B1
 _51298_/Y
 _51299_/A1
 _51299_/A2
 _51299_/B1
 _51299_/Y
 _51300_/A
 _51300_/B
 _51300_/Y
 _51301_/A1
 _51301_/A2
 _51301_/A3
 _51301_/B1
 _51301_/B2
 _51301_/Y
 _51302_/A1
 _51302_/A2
 _51302_/B1
 _51302_/Y
 _51303_/A
 _51303_/B
 _51303_/C
 _51303_/Y
 _51304_/A_N
 _51304_/B
 _51304_/C
 _51304_/D
 _51304_/Y
 _51305_/A
 _51305_/B
 _51305_/C
 _51305_/Y
 _51306_/A
 _51306_/B
 _51306_/C
 _51306_/Y
 _51307_/A
 _51307_/B
 _51307_/C
 _51307_/X
 _51308_/A_N
 _51308_/B
 _51308_/Y
 _51309_/A
 _51309_/B
 _51309_/C
 _51309_/D
 _51309_/Y
 _51310_/A
 _51310_/B
 _51310_/C
 _51310_/D
 _51310_/Y
 _51311_/A
 _51311_/B
 _51311_/X
 _51312_/A
 _51312_/B
 _51312_/C
 _51312_/X
 _51313_/A
 _51313_/B
 _51313_/Y
 _51314_/A1
 _51314_/A2
 _51314_/B1
 _51314_/C1
 _51314_/D1
 _51314_/Y
 _51315_/A1
 _51315_/A2
 _51315_/B1
 _51315_/Y
 _51316_/A1
 _51316_/A2
 _51316_/B1
 _51316_/Y
 _51317_/A1
 _51317_/A2
 _51317_/A3
 _51317_/B1
 _51317_/B2
 _51317_/X
 _51318_/A
 _51318_/B
 _51318_/C
 _51318_/Y
 _51319_/A_N
 _51319_/B
 _51319_/C
 _51319_/D
 _51319_/Y
 _51320_/A1
 _51320_/A2
 _51320_/B1
 _51320_/Y
 _51321_/A
 _51321_/B
 _51321_/Y
 _51322_/A
 _51322_/B
 _51322_/Y
 _51323_/A
 _51323_/B
 _51323_/Y
 _51324_/A1
 _51324_/A2
 _51324_/B1
 _51324_/Y
 _51325_/A1
 _51325_/A2
 _51325_/B1
 _51325_/B2
 _51325_/C1
 _51325_/Y
 _51326_/A1
 _51326_/A2
 _51326_/B1
 _51326_/C1
 _51326_/D1
 _51326_/Y
 _51327_/A
 _51327_/B
 _51327_/X
 _51329_/A
 _51329_/B_N
 _51329_/Y
 _51331_/A
 _51331_/B
 _51331_/Y
 _51332_/A
 _51332_/Y
 _51333_/A_N
 _51333_/B
 _51333_/Y
 _51334_/A
 _51334_/Y
 _51335_/A1
 _51335_/A2
 _51335_/B1
 _51335_/C1
 _51335_/D1
 _51335_/Y
 _51336_/A
 _51336_/B
 _51336_/Y
 _51337_/A1
 _51337_/A2
 _51337_/B1
 _51337_/Y
 _51338_/A
 _51338_/B
 _51338_/X
 _51339_/A
 _51339_/B
 _51339_/Y
 _51340_/A1
 _51340_/A2
 _51340_/B1
 _51340_/C1
 _51340_/Y
 _51341_/A
 _51341_/B
 _51341_/C
 _51341_/Y
 _51342_/A_N
 _51342_/B
 _51342_/C
 _51342_/D
 _51342_/Y
 _51343_/A1
 _51343_/A2
 _51343_/B1
 _51343_/C1
 _51343_/Y
 _51344_/A1
 _51344_/A2
 _51344_/B1
 _51344_/C1
 _51344_/D1
 _51344_/Y
 _51345_/A
 _51345_/B
 _51345_/C
 _51345_/X
 _51346_/A
 _51346_/B
 _51346_/C
 _51346_/X
 _51347_/A1
 _51347_/A2
 _51347_/B1
 _51347_/Y
 _51348_/A
 _51348_/B
 _51348_/Y
 _51349_/A1
 _51349_/A2
 _51349_/B1
 _51349_/Y
 _51350_/A1
 _51350_/A2
 _51350_/A3
 _51350_/B1
 _51350_/B2
 _51350_/Y
 _51351_/A
 _51351_/B
 _51351_/Y
 _51352_/A
 _51352_/B
 _51352_/C
 _51352_/X
 _51353_/A
 _51353_/B
 _51353_/Y
 _51354_/A
 _51354_/B
 _51354_/Y
 _51355_/A1
 _51355_/A2
 _51355_/A3
 _51355_/B1
 _51355_/B2
 _51355_/X
 _51356_/A
 _51356_/B
 _51356_/C
 _51356_/X
 _51357_/A
 _51357_/B
 _51357_/C
 _51357_/D
 _51357_/Y
 _51358_/A
 _51358_/B
 _51358_/C_N
 _51358_/Y
 _51359_/A1
 _51359_/A2
 _51359_/B1
 _51359_/Y
 _51360_/A
 _51360_/B
 _51360_/C
 _51360_/Y
 _51361_/A
 _51361_/B
 _51361_/C_N
 _51361_/Y
 _51362_/A
 _51362_/B
 _51362_/C
 _51362_/Y
 _51363_/A_N
 _51363_/B
 _51363_/C
 _51363_/D
 _51363_/Y
 _51364_/A
 _51364_/B
 _51364_/Y
 _51365_/A
 _51365_/B
 _51365_/C
 _51365_/D
 _51365_/Y
 _51366_/A1
 _51366_/A2
 _51366_/B1
 _51366_/Y
 _51367_/A
 _51367_/Y
 _51368_/A
 _51368_/B
 _51368_/C
 _51368_/D
 _51368_/Y
 _51369_/A
 _51369_/B
 _51369_/C
 _51369_/Y
 _51370_/A
 _51370_/B
 _51370_/Y
 _51371_/A
 _51371_/B
 _51371_/Y
 _51372_/A1
 _51372_/A2
 _51372_/B1
 _51372_/Y
 _51373_/A
 _51373_/B
 _51373_/C_N
 _51373_/Y
 _51374_/A
 _51374_/B
 _51374_/Y
 _51375_/A
 _51375_/B
 _51375_/C
 _51375_/Y
 _51376_/A
 _51376_/B
 _51376_/C
 _51376_/D
 _51376_/Y
 _51377_/A
 _51377_/B
 _51377_/C
 _51377_/D
 _51377_/Y
 _51378_/A
 _51378_/B
 _51378_/Y
 _51379_/A
 _51379_/B
 _51379_/Y
 _51380_/A
 _51380_/B
 _51380_/C_N
 _51380_/D_N
 _51380_/Y
 _51381_/A
 _51381_/B
 _51381_/C
 _51381_/Y
 _51382_/A1
 _51382_/A2
 _51382_/B1
 _51382_/C1
 _51382_/X
 _51383_/A1
 _51383_/A2
 _51383_/B1
 _51383_/Y
 _51384_/A1
 _51384_/A2
 _51384_/A3
 _51384_/B1
 _51384_/Y
 _51385_/A
 _51385_/B
 _51385_/C
 _51385_/Y
 _51386_/A
 _51386_/B
 _51386_/Y
 _51387_/A
 _51387_/B
 _51387_/C
 _51387_/D
 _51387_/Y
 _51388_/A
 _51388_/B
 _51388_/C
 _51388_/X
 _51389_/A1
 _51389_/A2
 _51389_/B1
 _51389_/Y
 _51390_/A
 _51390_/B
 _51390_/C
 _51390_/D
 _51390_/X
 _51392_/A
 _51392_/B
 _51392_/Y
 _51393_/A
 _51393_/B
 _51393_/Y
 _51394_/A1
 _51394_/A2
 _51394_/B1
 _51394_/Y
 _51395_/A
 _51395_/B
 _51395_/C
 _51395_/Y
 _51396_/A1
 _51396_/A2
 _51396_/B1
 _51396_/C1
 _51396_/Y
 _51397_/A_N
 _51397_/B
 _51397_/C
 _51397_/Y
 _51398_/A_N
 _51398_/B
 _51398_/Y
 _51399_/A1
 _51399_/A2
 _51399_/B1
 _51399_/B2
 _51399_/C1
 _51399_/Y
 _51400_/A
 _51400_/B
 _51400_/Y
 _51401_/A
 _51401_/B
 _51401_/Y
 _51402_/A1
 _51402_/A2
 _51402_/A3
 _51402_/B1
 _51402_/B2
 _51402_/Y
 _51403_/A
 _51403_/B
 _51403_/C
 _51403_/Y
 _51404_/A
 _51404_/B
 _51404_/C
 _51404_/Y
 _51405_/A
 _51405_/B
 _51405_/C
 _51405_/D
 _51405_/Y
 _51406_/A
 _51406_/B
 _51406_/Y
 _51407_/A1
 _51407_/A2
 _51407_/B1
 _51407_/B2
 _51407_/C1
 _51407_/C2
 _51407_/Y
 _51408_/A1
 _51408_/A2
 _51408_/B1
 _51408_/C1
 _51408_/X
 _51409_/A
 _51409_/Y
 _51410_/A
 _51410_/Y
 _51411_/A1
 _51411_/A2
 _51411_/B1
 _51411_/Y
 _51412_/A1
 _51412_/A2
 _51412_/B1
 _51412_/Y
 _51413_/A1
 _51413_/A2
 _51413_/B1
 _51413_/B2
 _51413_/C1
 _51413_/X
 _51414_/A
 _51414_/B
 _51414_/Y
 _51415_/A
 _51415_/B
 _51415_/Y
 _51416_/A1
 _51416_/A2
 _51416_/B1
 _51416_/Y
 _51417_/A_N
 _51417_/B
 _51417_/Y
 _51418_/A1
 _51418_/A2
 _51418_/B1
 _51418_/Y
 _51419_/A
 _51419_/B
 _51419_/C
 _51419_/D
 _51419_/Y
 _51420_/A
 _51420_/B
 _51420_/Y
 _51421_/A
 _51421_/B
 _51421_/Y
 _51422_/A1
 _51422_/A2
 _51422_/B1
 _51422_/Y
 _51423_/A
 _51423_/B
 _51423_/X
 _51424_/A
 _51424_/B
 _51424_/Y
 _51425_/A
 _51425_/B
 _51425_/Y
 _51426_/A
 _51426_/B
 _51426_/Y
 _51427_/A
 _51427_/B
 _51427_/C
 _51427_/D
 _51427_/Y
 _51428_/A
 _51428_/B
 _51428_/C
 _51428_/D
 _51428_/Y
 _51429_/A1
 _51429_/A2
 _51429_/B1
 _51429_/Y
 _51430_/A
 _51430_/B
 _51430_/C
 _51430_/X
 _51431_/A1
 _51431_/A2
 _51431_/B1
 _51431_/B2
 _51431_/C1
 _51431_/Y
 _51432_/A
 _51432_/B
 _51432_/C
 _51432_/D
 _51432_/X
 _51433_/A1
 _51433_/A2
 _51433_/B1
 _51433_/C1
 _51433_/D1
 _51433_/Y
 _51434_/A
 _51434_/B
 _51434_/C
 _51434_/Y
 _51435_/A
 _51435_/B
 _51435_/C
 _51435_/X
 _51436_/A
 _51436_/B
 _51436_/Y
 _51437_/A1
 _51437_/A2
 _51437_/A3
 _51437_/B1
 _51437_/Y
 _51438_/A
 _51438_/Y
 _51439_/A1
 _51439_/A2
 _51439_/B1
 _51439_/Y
 _51440_/A
 _51440_/B
 _51440_/C
 _51440_/Y
 _51441_/A
 _51441_/B
 _51441_/Y
 _51442_/A
 _51442_/B
 _51442_/Y
 _51443_/A
 _51443_/B
 _51443_/X
 _51444_/A
 _51444_/B
 _51444_/Y
 _51445_/A
 _51445_/B
 _51445_/Y
 _51446_/A
 _51446_/B
 _51446_/Y
 _51447_/A
 _51447_/B
 _51447_/Y
 _51448_/A
 _51448_/B
 _51448_/Y
 _51449_/A
 _51449_/B
 _51449_/X
 _51450_/A
 _51450_/B
 _51450_/Y
 _51451_/A
 _51451_/B
 _51451_/Y
 _51452_/A
 _51452_/B
 _51452_/Y
 _51453_/A
 _51453_/B
 _51453_/X
 _51454_/A
 _51454_/B
 _51454_/Y
 _51455_/A
 _51455_/B
 _51455_/C
 _51455_/Y
 _51456_/A
 _51456_/B
 _51456_/Y
 _51459_/A
 _51459_/Y
 _51465_/A
 _51465_/Y
 _51473_/A
 _51473_/Y
 _51476_/A1
 _51476_/A2
 _51476_/B1
 _51476_/B2
 _51476_/C1
 _51476_/C2
 _51476_/Y
 _51478_/A
 _51478_/Y
 _51484_/A
 _51484_/Y
 _51498_/A
 _51498_/Y
 _51509_/A
 _51509_/Y
 _51514_/A1
 _51514_/A2
 _51514_/B1
 _51514_/B2
 _51514_/X
 _51515_/A1
 _51515_/A2
 _51515_/B1
 _51515_/B2
 _51515_/C1
 _51515_/Y
 _51517_/A
 _51517_/Y
 _51524_/A
 _51524_/Y
 _51531_/A1
 _51531_/A2
 _51531_/B1
 _51531_/B2
 _51531_/Y
 _51534_/A
 _51534_/Y
 _51540_/A1
 _51540_/A2
 _51540_/B1
 _51540_/Y
 _51541_/A
 _51541_/B
 _51541_/Y
 _51542_/A
 _51542_/Y
 _51550_/A1
 _51550_/A2
 _51550_/B1
 _51550_/B2
 _51550_/Y
 _51552_/A
 _51552_/Y
 _51557_/A1
 _51557_/A2
 _51557_/B1
 _51557_/B2
 _51557_/Y
 _51558_/A
 _51558_/Y
 _51572_/A
 _51572_/Y
 _51581_/A
 _51581_/Y
 _51586_/A1_N
 _51586_/A2_N
 _51586_/B1
 _51586_/B2
 _51586_/Y
 _51587_/A1
 _51587_/A2
 _51587_/B1
 _51587_/B2
 _51587_/C1
 _51587_/Y
 _51599_/A
 _51599_/B
 _51599_/Y
 _51612_/A
 _51612_/B
 _51612_/Y
 _51625_/A
 _51625_/B
 _51625_/Y
 _51639_/A
 _51639_/B
 _51639_/Y
 _51640_/A
 _51640_/B
 _51640_/C
 _51640_/D
 _51640_/Y
 _51641_/A
 _51641_/B
 _51641_/C
 _51641_/D
 _51641_/Y
 _51642_/A
 _51642_/B
 _51642_/C
 _51642_/D
 _51642_/X
 _51644_/A
 _51644_/Y
 _51652_/A1
 _51652_/A2
 _51652_/B1
 _51652_/B2
 _51652_/Y
 _51653_/A1
 _51653_/A2
 _51653_/B1
 _51653_/B2
 _51653_/C1
 _51653_/Y
 _51654_/A1
 _51654_/A2
 _51654_/B1
 _51654_/B2
 _51654_/Y
 _51655_/A1
 _51655_/A2
 _51655_/B1
 _51655_/B2
 _51655_/C1
 _51655_/X
 _51657_/A
 _51657_/Y
 _51661_/A
 _51661_/Y
 _51673_/A1
 _51673_/A2
 _51673_/B1
 _51673_/B2
 _51673_/Y
 _51674_/A1
 _51674_/A2
 _51674_/B1
 _51674_/B2
 _51674_/C1
 _51674_/Y
 _51675_/A1
 _51675_/A2
 _51675_/B1
 _51675_/B2
 _51675_/Y
 _51676_/A1
 _51676_/A2
 _51676_/B1
 _51676_/B2
 _51676_/C1
 _51676_/Y
 _51690_/A
 _51690_/B
 _51690_/X
 _51704_/A
 _51704_/B
 _51704_/X
 _51717_/A
 _51717_/B
 _51717_/X
 _51731_/A
 _51731_/B
 _51731_/X
 _51732_/A
 _51732_/B
 _51732_/C
 _51732_/D
 _51732_/Y
 _51746_/A
 _51746_/B
 _51746_/X
 _51758_/A
 _51758_/B
 _51758_/X
 _51770_/A
 _51770_/B
 _51770_/X
 _51782_/A
 _51782_/B
 _51782_/X
 _51783_/A
 _51783_/B
 _51783_/C
 _51783_/D
 _51783_/Y
 _51784_/A
 _51784_/B
 _51784_/C
 _51784_/D
 _51784_/Y
 _51785_/A
 _51785_/B
 _51785_/C
 _51785_/Y
 _51798_/A
 _51798_/B
 _51798_/Y
 _51810_/A
 _51810_/B
 _51810_/Y
 _51823_/A
 _51823_/B
 _51823_/Y
 _51824_/A
 _51824_/B
 _51824_/C
 _51824_/Y
 _51838_/A
 _51838_/B
 _51838_/X
 _51851_/A
 _51851_/B
 _51851_/X
 _51864_/A
 _51864_/B
 _51864_/X
 _51877_/A
 _51877_/B
 _51877_/X
 _51878_/A
 _51878_/B
 _51878_/C
 _51878_/D
 _51878_/Y
 _51892_/A
 _51892_/B
 _51892_/X
 _51905_/A
 _51905_/B
 _51905_/X
 _51917_/A
 _51917_/B
 _51917_/X
 _51929_/A
 _51929_/B
 _51929_/X
 _51930_/A
 _51930_/B
 _51930_/C
 _51930_/D
 _51930_/Y
 _51944_/A
 _51944_/B
 _51944_/X
 _51957_/A
 _51957_/B
 _51957_/X
 _51971_/A
 _51971_/B
 _51971_/X
 _51984_/A
 _51984_/B
 _51984_/X
 _51985_/A
 _51985_/B
 _51985_/C
 _51985_/D
 _51985_/Y
 _51999_/A
 _51999_/B
 _51999_/X
 _52013_/A
 _52013_/B
 _52013_/X
 _52026_/A
 _52026_/B
 _52026_/X
 _52040_/A
 _52040_/B
 _52040_/X
 _52041_/A
 _52041_/B
 _52041_/C
 _52041_/D
 _52041_/Y
 _52042_/A
 _52042_/B
 _52042_/C
 _52042_/D
 _52042_/Y
 _52054_/A
 _52054_/B
 _52054_/X
 _52068_/A
 _52068_/B
 _52068_/X
 _52082_/A
 _52082_/B
 _52082_/X
 _52095_/A
 _52095_/B
 _52095_/X
 _52096_/A
 _52096_/B
 _52096_/C
 _52096_/D
 _52096_/Y
 _52108_/A
 _52108_/B
 _52108_/X
 _52121_/A
 _52121_/B
 _52121_/X
 _52136_/A
 _52136_/B
 _52136_/X
 _52149_/A
 _52149_/B
 _52149_/X
 _52150_/A
 _52150_/B
 _52150_/C
 _52150_/D
 _52150_/Y
 _52163_/A
 _52163_/B
 _52163_/X
 _52177_/A
 _52177_/B
 _52177_/X
 _52191_/A
 _52191_/B
 _52191_/X
 _52205_/A
 _52205_/B
 _52205_/X
 _52206_/A
 _52206_/B
 _52206_/C
 _52206_/D
 _52206_/Y
 _52220_/A
 _52220_/B
 _52220_/X
 _52234_/A
 _52234_/B
 _52234_/X
 _52248_/A
 _52248_/B
 _52248_/X
 _52261_/A
 _52261_/B
 _52261_/X
 _52262_/A
 _52262_/B
 _52262_/C
 _52262_/D
 _52262_/Y
 _52263_/A
 _52263_/B
 _52263_/C
 _52263_/D
 _52263_/Y
 _52264_/A
 _52264_/B
 _52264_/C
 _52264_/Y
 _52265_/A
 _52265_/B
 _52265_/C
 _52265_/X
 _52266_/A
 _52266_/Y
 _52275_/A
 _52275_/Y
 _52276_/A
 _52276_/Y
 _52280_/A1
 _52280_/A2
 _52280_/B1
 _52280_/B2
 _52280_/C1
 _52280_/C2
 _52280_/Y
 _52281_/A
 _52281_/Y
 _52291_/A
 _52291_/Y
 _52295_/A1
 _52295_/A2
 _52295_/B1
 _52295_/B2
 _52295_/Y
 _52296_/A1
 _52296_/A2
 _52296_/B1
 _52296_/B2
 _52296_/C1
 _52296_/Y
 _52297_/A
 _52297_/Y
 _52302_/A
 _52302_/Y
 _52324_/A
 _52324_/Y
 _52325_/A1
 _52325_/A2
 _52325_/B1
 _52325_/Y
 _52326_/A1
 _52326_/A2
 _52326_/B1
 _52326_/B2
 _52326_/C1
 _52326_/Y
 _52327_/A1
 _52327_/A2
 _52327_/B1
 _52327_/B2
 _52327_/Y
 _52328_/A1
 _52328_/A2
 _52328_/B1
 _52328_/B2
 _52328_/C1
 _52328_/X
 _52329_/A
 _52329_/Y
 _52339_/A1
 _52339_/A2
 _52339_/B1
 _52339_/B2
 _52339_/Y
 _52340_/A
 _52340_/Y
 _52346_/A1
 _52346_/A2
 _52346_/B1
 _52346_/B2
 _52346_/Y
 _52347_/A
 _52347_/B
 _52347_/Y
 _52348_/A
 _52348_/B
 _52348_/Y
 _52349_/A
 _52349_/B
 _52349_/Y
 _52350_/A
 _52350_/B
 _52350_/Y
 _52351_/A
 _52351_/B
 _52351_/C
 _52351_/D
 _52351_/Y
 _52352_/A
 _52352_/B
 _52352_/C
 _52352_/D
 _52352_/Y
 _52353_/A
 _52353_/B
 _52353_/C
 _52353_/D
 _52353_/Y
 _52354_/A
 _52354_/Y
 _52361_/A1
 _52361_/A2
 _52361_/B1
 _52361_/B2
 _52361_/Y
 _52362_/A
 _52362_/Y
 _52363_/A1
 _52363_/A2
 _52363_/B1
 _52363_/B2
 _52363_/Y
 _52364_/A
 _52364_/Y
 _52370_/A1
 _52370_/A2
 _52370_/B1
 _52370_/B2
 _52370_/Y
 _52371_/A
 _52371_/B
 _52371_/X
 _52372_/A
 _52372_/B
 _52372_/C
 _52372_/D
 _52372_/X
 _52373_/A1
 _52373_/A2
 _52373_/B1
 _52373_/B2
 _52373_/Y
 _52374_/A
 _52374_/Y
 _52386_/A1
 _52386_/A2
 _52386_/B1
 _52386_/B2
 _52386_/Y
 _52387_/A1_N
 _52387_/A2_N
 _52387_/B1
 _52387_/B2
 _52387_/Y
 _52388_/A1
 _52388_/A2
 _52388_/B1
 _52388_/B2
 _52388_/C1
 _52388_/Y
 _52389_/A
 _52389_/B
 _52389_/Y
 _52390_/A
 _52390_/B
 _52390_/Y
 _52391_/A
 _52391_/B
 _52391_/Y
 _52392_/A
 _52392_/B
 _52392_/Y
 _52393_/A
 _52393_/B
 _52393_/C
 _52393_/D
 _52393_/Y
 _52394_/A
 _52394_/B
 _52394_/Y
 _52395_/A
 _52395_/B
 _52395_/Y
 _52396_/A
 _52396_/B
 _52396_/Y
 _52397_/A
 _52397_/B
 _52397_/Y
 _52398_/A
 _52398_/B
 _52398_/C
 _52398_/D
 _52398_/Y
 _52399_/A
 _52399_/B
 _52399_/Y
 _52400_/A
 _52400_/B
 _52400_/C
 _52400_/D
 _52400_/Y
 _52401_/A
 _52401_/B
 _52401_/C
 _52401_/Y
 _52402_/A
 _52402_/B
 _52402_/X
 _52403_/A
 _52403_/B
 _52403_/X
 _52415_/A
 _52415_/B
 _52415_/X
 _52416_/A
 _52416_/B
 _52416_/C
 _52416_/Y
 _52417_/A
 _52417_/B
 _52417_/X
 _52418_/A
 _52418_/B
 _52418_/X
 _52419_/A
 _52419_/B
 _52419_/X
 _52420_/A
 _52420_/B
 _52420_/X
 _52421_/A
 _52421_/B
 _52421_/C
 _52421_/D
 _52421_/Y
 _52422_/A
 _52422_/B
 _52422_/X
 _52423_/A
 _52423_/B
 _52423_/X
 _52435_/A
 _52435_/B
 _52435_/X
 _52448_/A
 _52448_/B
 _52448_/X
 _52449_/A
 _52449_/B
 _52449_/C
 _52449_/D
 _52449_/Y
 _52462_/A
 _52462_/B
 _52462_/X
 _52463_/A
 _52463_/B
 _52463_/X
 _52464_/A
 _52464_/B
 _52464_/X
 _52465_/A
 _52465_/B
 _52465_/X
 _52466_/A
 _52466_/B
 _52466_/C
 _52466_/D
 _52466_/Y
 _52467_/A
 _52467_/B
 _52467_/X
 _52468_/A
 _52468_/B
 _52468_/X
 _52481_/A
 _52481_/B
 _52481_/X
 _52482_/A
 _52482_/B
 _52482_/X
 _52483_/A
 _52483_/B
 _52483_/C
 _52483_/D
 _52483_/Y
 _52484_/A
 _52484_/B
 _52484_/C
 _52484_/D
 _52484_/Y
 _52485_/A
 _52485_/B
 _52485_/X
 _52486_/A
 _52486_/B
 _52486_/X
 _52487_/A
 _52487_/B
 _52487_/X
 _52488_/A
 _52488_/B
 _52488_/X
 _52489_/A
 _52489_/B
 _52489_/C
 _52489_/D
 _52489_/Y
 _52501_/A
 _52501_/B
 _52501_/X
 _52502_/A
 _52502_/B
 _52502_/X
 _52514_/A
 _52514_/B
 _52514_/X
 _52515_/A
 _52515_/B
 _52515_/X
 _52516_/A
 _52516_/B
 _52516_/C
 _52516_/D
 _52516_/Y
 _52517_/A
 _52517_/B
 _52517_/X
 _52529_/A
 _52529_/B
 _52529_/X
 _52530_/A
 _52530_/B
 _52530_/X
 _52531_/A
 _52531_/B
 _52531_/X
 _52532_/A
 _52532_/B
 _52532_/C
 _52532_/D
 _52532_/Y
 _52533_/A
 _52533_/B
 _52533_/X
 _52534_/A
 _52534_/B
 _52534_/X
 _52547_/A
 _52547_/B
 _52547_/X
 _52548_/A
 _52548_/B
 _52548_/X
 _52549_/A
 _52549_/B
 _52549_/C
 _52549_/D
 _52549_/Y
 _52550_/A
 _52550_/B
 _52550_/C
 _52550_/D
 _52550_/Y
 _52551_/A
 _52551_/B
 _52551_/Y
 _52552_/A
 _52552_/B
 _52552_/C
 _52552_/X
 _52553_/A
 _52553_/B
 _52553_/Y
 _52554_/A
 _52554_/B
 _52554_/Y
 _52555_/A
 _52555_/B
 _52555_/Y
 _52556_/A
 _52556_/B
 _52556_/Y
 _52557_/A
 _52557_/B
 _52557_/C
 _52557_/D
 _52557_/Y
 _52558_/A
 _52558_/B
 _52558_/Y
 _52559_/A
 _52559_/B
 _52559_/Y
 _52560_/A
 _52560_/B
 _52560_/Y
 _52561_/A
 _52561_/B
 _52561_/Y
 _52562_/A
 _52562_/B
 _52562_/C
 _52562_/D
 _52562_/Y
 _52563_/A
 _52563_/B
 _52563_/Y
 _52564_/A
 _52564_/B
 _52564_/Y
 _52565_/A
 _52565_/B
 _52565_/Y
 _52566_/A
 _52566_/B
 _52566_/Y
 _52567_/A
 _52567_/B
 _52567_/C
 _52567_/D
 _52567_/Y
 _52568_/A
 _52568_/B
 _52568_/Y
 _52569_/A
 _52569_/B
 _52569_/Y
 _52570_/A
 _52570_/B
 _52570_/Y
 _52571_/A
 _52571_/B
 _52571_/Y
 _52572_/A
 _52572_/B
 _52572_/C
 _52572_/D
 _52572_/Y
 _52573_/A
 _52573_/B
 _52573_/C
 _52573_/D
 _52573_/Y
 _52574_/A
 _52574_/B
 _52574_/Y
 _52575_/A
 _52575_/B
 _52575_/Y
 _52576_/A
 _52576_/B
 _52576_/Y
 _52577_/A
 _52577_/B
 _52577_/C
 _52577_/Y
 _52578_/A
 _52578_/B
 _52578_/Y
 _52579_/A
 _52579_/B
 _52579_/Y
 _52580_/A
 _52580_/B
 _52580_/Y
 _52581_/A
 _52581_/B
 _52581_/Y
 _52582_/A
 _52582_/B
 _52582_/C
 _52582_/D
 _52582_/Y
 _52583_/A
 _52583_/B
 _52583_/Y
 _52584_/A
 _52584_/B
 _52584_/Y
 _52585_/A
 _52585_/B
 _52585_/Y
 _52594_/A
 _52594_/B
 _52594_/Y
 _52595_/A
 _52595_/B
 _52595_/C
 _52595_/D
 _52595_/Y
 _52596_/A
 _52596_/B
 _52596_/C
 _52596_/Y
 _52597_/A
 _52597_/B
 _52597_/Y
 _52598_/A
 _52598_/B
 _52598_/X
 _52599_/A
 _52599_/B
 _52599_/X
 _52600_/A
 _52600_/B
 _52600_/X
 _52601_/A
 _52601_/B
 _52601_/X
 _52602_/A
 _52602_/B
 _52602_/C
 _52602_/D
 _52602_/Y
 _52603_/A
 _52603_/B
 _52603_/X
 _52604_/A
 _52604_/B
 _52604_/X
 _52605_/A
 _52605_/B
 _52605_/X
 _52606_/A
 _52606_/B
 _52606_/X
 _52607_/A
 _52607_/B
 _52607_/C
 _52607_/D
 _52607_/Y
 _52608_/A
 _52608_/B
 _52608_/Y
 _52609_/A
 _52609_/Y
 _52610_/A1
 _52610_/A2
 _52610_/B1
 _52610_/B2
 _52610_/C1
 _52610_/C2
 _52610_/Y
 _52611_/A
 _52611_/Y
 _52620_/A
 _52620_/Y
 _52623_/A
 _52623_/Y
 _52626_/A1
 _52626_/A2
 _52626_/B1
 _52626_/B2
 _52626_/Y
 _52627_/A1
 _52627_/A2
 _52627_/B1
 _52627_/B2
 _52627_/C1
 _52627_/Y
 _52628_/A
 _52628_/B
 _52628_/Y
 _52629_/A
 _52629_/B
 _52629_/Y
 _52630_/A
 _52630_/B
 _52630_/C
 _52630_/D
 _52630_/Y
 _52631_/A
 _52631_/Y
 _52632_/A1
 _52632_/A2
 _52632_/B1
 _52632_/B2
 _52632_/Y
 _52633_/A1
 _52633_/A2
 _52633_/B1
 _52633_/B2
 _52633_/Y
 _52634_/A
 _52634_/B
 _52634_/X
 _52635_/A
 _52635_/B
 _52635_/X
 _52636_/A
 _52636_/B
 _52636_/C
 _52636_/D
 _52636_/Y
 _52637_/A
 _52637_/B
 _52637_/X
 _52638_/A1
 _52638_/A2
 _52638_/B1
 _52638_/Y
 _52639_/A
 _52639_/B
 _52639_/X
 _52640_/A
 _52640_/B
 _52640_/X
 _52641_/A
 _52641_/B
 _52641_/C
 _52641_/D
 _52641_/Y
 _52642_/A
 _52642_/B
 _52642_/Y
 _52643_/A
 _52643_/B
 _52643_/Y
 _52644_/A
 _52644_/B
 _52644_/Y
 _52645_/A
 _52645_/B
 _52645_/Y
 _52646_/A
 _52646_/B
 _52646_/C
 _52646_/D
 _52646_/Y
 _52647_/A
 _52647_/B
 _52647_/Y
 _52648_/A
 _52648_/B
 _52648_/Y
 _52649_/A
 _52649_/B
 _52649_/Y
 _52650_/A
 _52650_/B
 _52650_/Y
 _52651_/A
 _52651_/B
 _52651_/C
 _52651_/D
 _52651_/Y
 _52652_/A
 _52652_/B
 _52652_/Y
 _52653_/A
 _52653_/B
 _52653_/Y
 _52654_/A
 _52654_/B
 _52654_/Y
 _52655_/A
 _52655_/B
 _52655_/Y
 _52656_/A
 _52656_/B
 _52656_/C
 _52656_/D
 _52656_/Y
 _52657_/A
 _52657_/B
 _52657_/Y
 _52658_/A
 _52658_/B
 _52658_/Y
 _52659_/A
 _52659_/B
 _52659_/Y
 _52660_/A
 _52660_/B
 _52660_/Y
 _52661_/A
 _52661_/B
 _52661_/C
 _52661_/D
 _52661_/Y
 _52662_/A
 _52662_/B
 _52662_/C
 _52662_/D
 _52662_/Y
 _52663_/A
 _52663_/B
 _52663_/C
 _52663_/Y
 _52664_/A
 _52664_/B
 _52664_/C
 _52664_/D
 _52664_/Y
 _52665_/A
 _52665_/Y
 _52666_/A
 _52666_/Y
 _52667_/A
 _52667_/Y
 _52672_/A
 _52672_/Y
 _52677_/A1
 _52677_/A2
 _52677_/B1
 _52677_/B2
 _52677_/Y
 _52678_/A1
 _52678_/A2
 _52678_/B1
 _52678_/B2
 _52678_/C1
 _52678_/Y
 _52679_/A
 _52679_/Y
 _52685_/A
 _52685_/Y
 _52690_/A1_N
 _52690_/A2_N
 _52690_/B1
 _52690_/B2
 _52690_/Y
 _52691_/A1
 _52691_/A2
 _52691_/B1
 _52691_/B2
 _52691_/C1
 _52691_/Y
 _52692_/A
 _52692_/Y
 _52697_/A1
 _52697_/A2
 _52697_/B1
 _52697_/B2
 _52697_/Y
 _52698_/A1
 _52698_/A2
 _52698_/B1
 _52698_/C1
 _52698_/D1
 _52698_/Y
 _52699_/A
 _52699_/Y
 _52702_/A
 _52702_/B
 _52702_/Y
 _52703_/A
 _52703_/B
 _52703_/Y
 _52704_/A
 _52704_/Y
 _52707_/A1_N
 _52707_/A2_N
 _52707_/B1
 _52707_/B2
 _52707_/Y
 _52708_/A1
 _52708_/A2
 _52708_/B1
 _52708_/B2
 _52708_/C1
 _52708_/Y
 _52709_/A1
 _52709_/A2
 _52709_/B1
 _52709_/C1
 _52709_/D1
 _52709_/Y
 _52710_/A1_N
 _52710_/A2_N
 _52710_/B1
 _52710_/B2
 _52710_/Y
 _52711_/A
 _52711_/Y
 _52715_/A1
 _52715_/A2
 _52715_/B1
 _52715_/B2
 _52715_/X
 _52716_/A
 _52716_/Y
 _52717_/A
 _52717_/B
 _52717_/Y
 _52718_/A1
 _52718_/A2
 _52718_/B1
 _52718_/B2
 _52718_/C1
 _52718_/Y
 _52719_/A
 _52719_/B
 _52719_/C
 _52719_/D
 _52719_/Y
 _52720_/A
 _52720_/B
 _52720_/Y
 _52721_/A
 _52721_/B
 _52721_/Y
 _52722_/A
 _52722_/B
 _52722_/Y
 _52723_/A
 _52723_/B
 _52723_/X
 _52724_/A
 _52724_/B
 _52724_/X
 _52725_/A
 _52725_/B
 _52725_/X
 _52726_/A
 _52726_/B
 _52726_/X
 _52727_/A
 _52727_/B
 _52727_/C
 _52727_/D
 _52727_/Y
 _52728_/A
 _52728_/B
 _52728_/C
 _52728_/D
 _52728_/Y
 _52729_/A
 _52729_/Y
 _52731_/A
 _52731_/B
 _52731_/X
 _52732_/A1
 _52732_/A2
 _52732_/B1
 _52732_/Y
 _52733_/A
 _52733_/B
 _52733_/Y
 _52734_/A
 _52734_/B
 _52734_/Y
 _52735_/A
 _52735_/B
 _52735_/C
 _52735_/D
 _52735_/Y
 _52736_/A
 _52736_/B
 _52736_/X
 _52737_/A
 _52737_/B
 _52737_/X
 _52738_/A
 _52738_/B
 _52738_/X
 _52739_/A
 _52739_/B
 _52739_/X
 _52740_/A
 _52740_/B
 _52740_/C
 _52740_/D
 _52740_/Y
 _52741_/A
 _52741_/B
 _52741_/X
 _52742_/A
 _52742_/B
 _52742_/X
 _52743_/A
 _52743_/B
 _52743_/X
 _52744_/A
 _52744_/B
 _52744_/X
 _52745_/A
 _52745_/B
 _52745_/C
 _52745_/D
 _52745_/Y
 _52746_/A
 _52746_/B
 _52746_/X
 _52747_/A
 _52747_/B
 _52747_/X
 _52748_/A
 _52748_/B
 _52748_/X
 _52749_/A
 _52749_/B
 _52749_/X
 _52750_/A
 _52750_/B
 _52750_/C
 _52750_/D
 _52750_/Y
 _52751_/A
 _52751_/B
 _52751_/X
 _52752_/A
 _52752_/B
 _52752_/X
 _52753_/A
 _52753_/B
 _52753_/X
 _52754_/A
 _52754_/B
 _52754_/X
 _52755_/A
 _52755_/B
 _52755_/C
 _52755_/D
 _52755_/Y
 _52756_/A
 _52756_/B
 _52756_/C
 _52756_/D
 _52756_/Y
 _52757_/A
 _52757_/B
 _52757_/C
 _52757_/Y
 _52758_/A
 _52758_/B
 _52758_/C
 _52758_/Y
 _52759_/A
 _52759_/Y
 _52765_/A
 _52765_/B
 _52765_/X
 _52766_/A1
 _52766_/A2
 _52766_/B1
 _52766_/B2
 _52766_/C1
 _52766_/Y
 _52767_/A
 _52767_/B
 _52767_/Y
 _52768_/A
 _52768_/B
 _52768_/Y
 _52769_/A
 _52769_/B
 _52769_/X
 _52770_/A
 _52770_/B
 _52770_/X
 _52771_/A
 _52771_/B
 _52771_/X
 _52772_/A
 _52772_/B
 _52772_/X
 _52773_/A
 _52773_/B
 _52773_/C
 _52773_/D
 _52773_/Y
 _52774_/A
 _52774_/B
 _52774_/C
 _52774_/D
 _52774_/Y
 _52775_/A
 _52775_/B
 _52775_/X
 _52776_/A
 _52776_/B
 _52776_/X
 _52777_/A
 _52777_/B
 _52777_/X
 _52778_/A
 _52778_/B
 _52778_/X
 _52779_/A
 _52779_/B
 _52779_/C
 _52779_/D
 _52779_/Y
 _52780_/A
 _52780_/B
 _52780_/X
 _52781_/A
 _52781_/B
 _52781_/X
 _52782_/A
 _52782_/B
 _52782_/X
 _52783_/A
 _52783_/B
 _52783_/X
 _52784_/A
 _52784_/B
 _52784_/C
 _52784_/D
 _52784_/Y
 _52785_/A
 _52785_/B
 _52785_/Y
 _52786_/A1
 _52786_/A2
 _52786_/B1
 _52786_/B2
 _52786_/Y
 _52787_/A1_N
 _52787_/A2_N
 _52787_/B1
 _52787_/B2
 _52787_/Y
 _52789_/A1
 _52789_/A2
 _52789_/B1
 _52789_/B2
 _52789_/Y
 _52790_/A1
 _52790_/A2
 _52790_/B1
 _52790_/B2
 _52790_/C1
 _52790_/Y
 _52791_/A
 _52791_/Y
 _52797_/A1
 _52797_/A2
 _52797_/B1
 _52797_/B2
 _52797_/Y
 _52798_/A1
 _52798_/A2
 _52798_/B1
 _52798_/B2
 _52798_/C1
 _52798_/X
 _52800_/A1
 _52800_/A2
 _52800_/B1
 _52800_/B2
 _52800_/Y
 _52802_/A1
 _52802_/A2
 _52802_/B1
 _52802_/B2
 _52802_/Y
 _52803_/A
 _52803_/B
 _52803_/C
 _52803_/Y
 _52804_/A
 _52804_/B
 _52804_/C
 _52804_/D
 _52804_/Y
 _52805_/A
 _52805_/B
 _52805_/C
 _52805_/D
 _52805_/Y
 _52806_/A
 _52806_/Y
 _52809_/A
 _52809_/Y
 _52810_/A1
 _52810_/A2
 _52810_/B1
 _52810_/B2
 _52810_/C1
 _52810_/C2
 _52810_/Y
 _52811_/A
 _52811_/Y
 _52815_/A
 _52815_/Y
 _52818_/A
 _52818_/Y
 _52819_/A1
 _52819_/A2
 _52819_/B1
 _52819_/B2
 _52819_/Y
 _52820_/A1
 _52820_/A2
 _52820_/B1
 _52820_/B2
 _52820_/C1
 _52820_/Y
 _52821_/A1
 _52821_/A2
 _52821_/B1
 _52821_/B2
 _52821_/Y
 _52822_/A
 _52822_/B
 _52822_/Y
 _52823_/A1
 _52823_/A2
 _52823_/B1
 _52823_/C1
 _52823_/D1
 _52823_/Y
 _52824_/A
 _52824_/B
 _52824_/X
 _52825_/A
 _52825_/B
 _52825_/X
 _52826_/A
 _52826_/Y
 _52831_/A
 _52831_/Y
 _52835_/A1
 _52835_/A2
 _52835_/B1
 _52835_/Y
 _52836_/A1
 _52836_/A2
 _52836_/B1
 _52836_/B2
 _52836_/C1
 _52836_/Y
 _52837_/A
 _52837_/B
 _52837_/C
 _52837_/D_N
 _52837_/Y
 _52838_/A1
 _52838_/A2
 _52838_/B1
 _52838_/B2
 _52838_/Y
 _52839_/A
 _52839_/Y
 _52840_/A1
 _52840_/A2
 _52840_/B1
 _52840_/B2
 _52840_/Y
 _52841_/A
 _52841_/Y
 _52844_/A
 _52844_/Y
 _52845_/A1
 _52845_/A2
 _52845_/B1
 _52845_/B2
 _52845_/Y
 _52846_/A1
 _52846_/A2
 _52846_/B1
 _52846_/B2
 _52846_/C1
 _52846_/X
 _52847_/A
 _52847_/B
 _52847_/X
 _52848_/A
 _52848_/B
 _52848_/X
 _52849_/A
 _52849_/B
 _52849_/X
 _52850_/A
 _52850_/B
 _52850_/X
 _52851_/A
 _52851_/B
 _52851_/C
 _52851_/D
 _52851_/Y
 _52852_/A
 _52852_/B
 _52852_/X
 _52853_/A
 _52853_/B
 _52853_/X
 _52854_/A
 _52854_/B
 _52854_/X
 _52855_/A
 _52855_/B
 _52855_/X
 _52856_/A
 _52856_/B
 _52856_/C
 _52856_/D
 _52856_/Y
 _52857_/A
 _52857_/B
 _52857_/Y
 _52858_/A
 _52858_/B
 _52858_/C
 _52858_/D
 _52858_/Y
 _52859_/A
 _52859_/B
 _52859_/C
 _52859_/Y
 _52860_/A
 _52860_/Y
 _52861_/A1
 _52861_/A2
 _52861_/B1
 _52861_/B2
 _52861_/X
 _52862_/A1
 _52862_/A2
 _52862_/B1
 _52862_/B2
 _52862_/C1
 _52862_/Y
 _52863_/A1
 _52863_/A2
 _52863_/B1
 _52863_/B2
 _52863_/Y
 _52864_/A
 _52864_/Y
 _52867_/A
 _52867_/Y
 _52870_/A1
 _52870_/A2
 _52870_/B1
 _52870_/B2
 _52870_/Y
 _52871_/A
 _52871_/B
 _52871_/Y
 _52872_/A
 _52872_/Y
 _52873_/A1
 _52873_/A2
 _52873_/B1
 _52873_/B2
 _52873_/Y
 _52874_/A1
 _52874_/A2
 _52874_/B1
 _52874_/B2
 _52874_/C1
 _52874_/Y
 _52875_/A
 _52875_/Y
 _52876_/A1
 _52876_/A2
 _52876_/B1
 _52876_/B2
 _52876_/Y
 _52877_/A1
 _52877_/A2
 _52877_/B1
 _52877_/B2
 _52877_/C1
 _52877_/Y
 _52878_/A
 _52878_/B
 _52878_/C
 _52878_/D
 _52878_/Y
 _52879_/A
 _52879_/B
 _52879_/Y
 _52880_/A
 _52880_/B
 _52880_/Y
 _52881_/A
 _52881_/B
 _52881_/Y
 _52882_/A
 _52882_/B
 _52882_/Y
 _52883_/A
 _52883_/B
 _52883_/C
 _52883_/D
 _52883_/Y
 _52884_/A
 _52884_/B
 _52884_/Y
 _52885_/A
 _52885_/B
 _52885_/Y
 _52886_/A
 _52886_/B
 _52886_/Y
 _52887_/A
 _52887_/B
 _52887_/Y
 _52888_/A
 _52888_/B
 _52888_/C
 _52888_/D
 _52888_/Y
 _52889_/A
 _52889_/B
 _52889_/Y
 _52890_/A
 _52890_/B
 _52890_/Y
 _52891_/A
 _52891_/B
 _52891_/Y
 _52892_/A
 _52892_/B
 _52892_/Y
 _52893_/A
 _52893_/B
 _52893_/C
 _52893_/D
 _52893_/Y
 _52894_/A
 _52894_/B
 _52894_/Y
 _52895_/A
 _52895_/B
 _52895_/Y
 _52902_/A
 _52902_/B
 _52902_/Y
 _52903_/A
 _52903_/B
 _52903_/Y
 _52904_/A
 _52904_/B
 _52904_/C
 _52904_/D
 _52904_/Y
 _52905_/A
 _52905_/B
 _52905_/C
 _52905_/D
 _52905_/Y
 _52907_/A1
 _52907_/A2
 _52907_/B1
 _52907_/B2
 _52907_/X
 _52908_/A1
 _52908_/A2
 _52908_/B1
 _52908_/B2
 _52908_/C1
 _52908_/Y
 _52909_/A
 _52909_/Y
 _52914_/A
 _52914_/Y
 _52918_/A1
 _52918_/A2
 _52918_/B1
 _52918_/B2
 _52918_/Y
 _52919_/A1
 _52919_/A2
 _52919_/B1
 _52919_/B2
 _52919_/C1
 _52919_/Y
 _52920_/A
 _52920_/B
 _52920_/X
 _52921_/A
 _52921_/B
 _52921_/X
 _52922_/A
 _52922_/B
 _52922_/X
 _52923_/A
 _52923_/B
 _52923_/X
 _52924_/A
 _52924_/B
 _52924_/C
 _52924_/D
 _52924_/Y
 _52925_/A
 _52925_/B
 _52925_/C
 _52925_/D
 _52925_/Y
 _52926_/A1_N
 _52926_/A2_N
 _52926_/B1
 _52926_/B2
 _52926_/Y
 _52927_/A1
 _52927_/A2
 _52927_/B1
 _52927_/B2
 _52927_/C1
 _52927_/Y
 _52928_/A
 _52928_/Y
 _52929_/A1
 _52929_/A2
 _52929_/B1
 _52929_/B2
 _52929_/Y
 _52930_/A1
 _52930_/A2
 _52930_/B1
 _52930_/B2
 _52930_/C1
 _52930_/Y
 _52931_/A
 _52931_/B
 _52931_/X
 _52932_/A
 _52932_/B
 _52932_/X
 _52933_/A
 _52933_/B
 _52933_/X
 _52934_/A
 _52934_/B
 _52934_/Y
 _52935_/A
 _52935_/B
 _52935_/Y
 _52936_/A
 _52936_/B
 _52936_/Y
 _52937_/A
 _52937_/B
 _52937_/Y
 _52938_/A
 _52938_/B
 _52938_/C
 _52938_/D
 _52938_/Y
 _52939_/A
 _52939_/B
 _52939_/C
 _52939_/D
 _52939_/Y
 _52940_/A
 _52940_/B
 _52940_/C
 _52940_/Y
 _52941_/A
 _52941_/B
 _52941_/C
 _52941_/D
 _52941_/X
 _52942_/A
 _52942_/B
 _52942_/X
 _52943_/A1
 _52943_/A2
 _52943_/B1
 _52943_/B2
 _52943_/C1
 _52943_/Y
 _52944_/A
 _52944_/B
 _52944_/Y
 _52945_/A
 _52945_/B
 _52945_/Y
 _52946_/A
 _52946_/B
 _52946_/X
 _52947_/A
 _52947_/B
 _52947_/X
 _52948_/A
 _52948_/B
 _52948_/X
 _52949_/A
 _52949_/B
 _52949_/X
 _52950_/A
 _52950_/B
 _52950_/C
 _52950_/D
 _52950_/Y
 _52951_/A
 _52951_/B
 _52951_/C
 _52951_/D
 _52951_/Y
 _52952_/A
 _52952_/B
 _52952_/Y
 _52953_/A
 _52953_/B
 _52953_/Y
 _52954_/A
 _52954_/B
 _52954_/Y
 _52955_/A
 _52955_/B
 _52955_/Y
 _52956_/A
 _52956_/B
 _52956_/C
 _52956_/D
 _52956_/Y
 _52957_/A
 _52957_/B
 _52957_/Y
 _52958_/A
 _52958_/B
 _52958_/Y
 _52959_/A
 _52959_/B
 _52959_/Y
 _52960_/A
 _52960_/B
 _52960_/Y
 _52961_/A
 _52961_/B
 _52961_/C
 _52961_/D
 _52961_/Y
 _52962_/A
 _52962_/Y
 _52963_/A1
 _52963_/A2
 _52963_/B1
 _52963_/B2
 _52963_/Y
 _52964_/A1
 _52964_/A2
 _52964_/B1
 _52964_/B2
 _52964_/C1
 _52964_/X
 _52965_/A
 _52965_/Y
 _52969_/A1
 _52969_/A2
 _52969_/B1
 _52969_/B2
 _52969_/X
 _52970_/A
 _52970_/Y
 _52974_/A1_N
 _52974_/A2_N
 _52974_/B1
 _52974_/B2
 _52974_/Y
 _52975_/A
 _52975_/Y
 _52978_/A1
 _52978_/A2
 _52978_/B1
 _52978_/B2
 _52978_/Y
 _52979_/A1
 _52979_/A2
 _52979_/B1
 _52979_/B2
 _52979_/C1
 _52979_/Y
 _52980_/A
 _52980_/B
 _52980_/Y
 _52981_/A
 _52981_/B
 _52981_/Y
 _52982_/A
 _52982_/B
 _52982_/C
 _52982_/Y
 _52983_/A
 _52983_/B
 _52983_/C
 _52983_/D
 _52983_/Y
 _52984_/A1
 _52984_/A2
 _52984_/B1
 _52984_/B2
 _52984_/Y
 _52986_/A1
 _52986_/A2
 _52986_/B1
 _52986_/B2
 _52986_/Y
 _52987_/A
 _52987_/B
 _52987_/Y
 _52988_/A1
 _52988_/A2
 _52988_/B1
 _52988_/B2
 _52988_/Y
 _52989_/A1
 _52989_/A2
 _52989_/B1
 _52989_/B2
 _52989_/C1
 _52989_/Y
 _52990_/A1_N
 _52990_/A2_N
 _52990_/B1
 _52990_/B2
 _52990_/Y
 _52991_/A1
 _52991_/A2
 _52991_/B1
 _52991_/B2
 _52991_/C1
 _52991_/X
 _52992_/A
 _52992_/Y
 _52994_/A1
 _52994_/A2
 _52994_/B1
 _52994_/B2
 _52994_/Y
 _52995_/A
 _52995_/B
 _52995_/X
 _52996_/A
 _52996_/B
 _52996_/C
 _52996_/Y
 _52997_/A
 _52997_/B
 _52997_/C
 _52997_/D
 _52997_/Y
 _52998_/A
 _52998_/B
 _52998_/C
 _52998_/D
 _52998_/X
 _52999_/A
 _52999_/Y
 _53000_/A1
 _53000_/A2
 _53000_/B1
 _53000_/Y
 _53001_/A1
 _53001_/A2
 _53001_/B1
 _53001_/B2
 _53001_/C1
 _53001_/Y
 _53002_/A
 _53002_/Y
 _53003_/A1
 _53003_/A2
 _53003_/B1
 _53003_/B2
 _53003_/C1
 _53003_/C2
 _53003_/Y
 _53004_/A1
 _53004_/A2
 _53004_/B1
 _53004_/B2
 _53004_/Y
 _53005_/A1
 _53005_/A2
 _53005_/B1
 _53005_/B2
 _53005_/C1
 _53005_/Y
 _53006_/A
 _53006_/B
 _53006_/C
 _53006_/Y
 _53007_/A
 _53007_/B
 _53007_/X
 _53008_/A
 _53008_/B
 _53008_/X
 _53009_/A
 _53009_/B
 _53009_/X
 _53010_/A
 _53010_/B
 _53010_/X
 _53011_/A
 _53011_/B
 _53011_/C
 _53011_/D
 _53011_/Y
 _53012_/A
 _53012_/B
 _53012_/X
 _53013_/A
 _53013_/B
 _53013_/X
 _53014_/A
 _53014_/B
 _53014_/X
 _53015_/A
 _53015_/B
 _53015_/X
 _53016_/A
 _53016_/B
 _53016_/C
 _53016_/D
 _53016_/Y
 _53017_/A
 _53017_/B
 _53017_/X
 _53018_/A
 _53018_/B
 _53018_/X
 _53019_/A
 _53019_/B
 _53019_/X
 _53020_/A
 _53020_/B
 _53020_/X
 _53021_/A
 _53021_/B
 _53021_/C
 _53021_/D
 _53021_/Y
 _53022_/A
 _53022_/B
 _53022_/X
 _53023_/A
 _53023_/B
 _53023_/X
 _53024_/A
 _53024_/B
 _53024_/X
 _53025_/A
 _53025_/B
 _53025_/X
 _53026_/A
 _53026_/B
 _53026_/C
 _53026_/D
 _53026_/Y
 _53027_/A
 _53027_/B
 _53027_/C
 _53027_/D
 _53027_/Y
 _53028_/A
 _53028_/B
 _53028_/X
 _53029_/A
 _53029_/B
 _53029_/X
 _53030_/A
 _53030_/B
 _53030_/X
 _53031_/A
 _53031_/B
 _53031_/X
 _53032_/A
 _53032_/B
 _53032_/C
 _53032_/D
 _53032_/Y
 _53033_/A
 _53033_/B
 _53033_/X
 _53034_/A
 _53034_/B
 _53034_/X
 _53035_/A
 _53035_/B
 _53035_/X
 _53036_/A
 _53036_/B
 _53036_/X
 _53037_/A
 _53037_/B
 _53037_/C
 _53037_/D
 _53037_/Y
 _53038_/A
 _53038_/B
 _53038_/X
 _53039_/A
 _53039_/B
 _53039_/X
 _53040_/A
 _53040_/B
 _53040_/X
 _53041_/A
 _53041_/B
 _53041_/C
 _53041_/Y
 _53042_/A
 _53042_/B
 _53042_/C
 _53042_/Y
 _53043_/A
 _53043_/B
 _53043_/C
 _53043_/D
 _53043_/X
 _53044_/A
 _53044_/Y
 _53045_/A
 _53045_/Y
 _53049_/A1
 _53049_/A2
 _53049_/B1
 _53049_/B2
 _53049_/Y
 _53051_/A1
 _53051_/A2
 _53051_/B1
 _53051_/B2
 _53051_/Y
 _53052_/A
 _53052_/Y
 _53053_/A1_N
 _53053_/A2_N
 _53053_/B1
 _53053_/B2
 _53053_/Y
 _53054_/A1
 _53054_/A2
 _53054_/B1
 _53054_/B2
 _53054_/C1
 _53054_/Y
 _53055_/A1
 _53055_/A2
 _53055_/B1
 _53055_/B2
 _53055_/X
 _53056_/A1
 _53056_/A2
 _53056_/B1
 _53056_/B2
 _53056_/C1
 _53056_/Y
 _53057_/A
 _53057_/B
 _53057_/Y
 _53058_/A
 _53058_/B
 _53058_/Y
 _53059_/A1
 _53059_/A2
 _53059_/B1
 _53059_/C1
 _53059_/D1
 _53059_/Y
 _53060_/A
 _53060_/B
 _53060_/C
 _53060_/D
 _53060_/Y
 _53061_/A
 _53061_/B
 _53061_/Y
 _53062_/A
 _53062_/B
 _53062_/Y
 _53063_/A
 _53063_/B
 _53063_/Y
 _53064_/A
 _53064_/B
 _53064_/Y
 _53065_/A
 _53065_/B
 _53065_/C
 _53065_/D
 _53065_/Y
 _53066_/A
 _53066_/B
 _53066_/Y
 _53067_/A
 _53067_/B
 _53067_/Y
 _53068_/A
 _53068_/B
 _53068_/Y
 _53069_/A
 _53069_/B
 _53069_/Y
 _53070_/A
 _53070_/B
 _53070_/C
 _53070_/D
 _53070_/Y
 _53071_/A
 _53071_/B
 _53071_/Y
 _53072_/A
 _53072_/B
 _53072_/Y
 _53073_/A
 _53073_/B
 _53073_/Y
 _53074_/A
 _53074_/B
 _53074_/Y
 _53075_/A
 _53075_/B
 _53075_/C
 _53075_/D
 _53075_/Y
 _53076_/A
 _53076_/B
 _53076_/Y
 _53077_/A
 _53077_/B
 _53077_/Y
 _53078_/A
 _53078_/B
 _53078_/Y
 _53079_/A
 _53079_/B
 _53079_/Y
 _53080_/A
 _53080_/B
 _53080_/C
 _53080_/D
 _53080_/Y
 _53081_/A
 _53081_/B
 _53081_/C
 _53081_/D
 _53081_/Y
 _53082_/A
 _53082_/Y
 _53088_/A1_N
 _53088_/A2_N
 _53088_/B1
 _53088_/B2
 _53088_/Y
 _53089_/A
 _53089_/B
 _53089_/X
 _53090_/A
 _53090_/B
 _53090_/X
 _53091_/A
 _53091_/B
 _53091_/X
 _53092_/A
 _53092_/B
 _53092_/C
 _53092_/D
 _53092_/Y
 _53093_/A
 _53093_/B
 _53093_/X
 _53094_/A
 _53094_/B
 _53094_/X
 _53095_/A
 _53095_/B
 _53095_/X
 _53096_/A
 _53096_/B
 _53096_/X
 _53097_/A
 _53097_/B
 _53097_/C
 _53097_/D
 _53097_/Y
 _53098_/A
 _53098_/B
 _53098_/C
 _53098_/D
 _53098_/Y
 _53099_/A1
 _53099_/A2
 _53099_/B1
 _53099_/B2
 _53099_/C1
 _53099_/C2
 _53099_/Y
 _53100_/A1
 _53100_/A2
 _53100_/B1
 _53100_/Y
 _53101_/A
 _53101_/B
 _53101_/X
 _53102_/A
 _53102_/B
 _53102_/X
 _53103_/A1_N
 _53103_/A2_N
 _53103_/B1
 _53103_/B2
 _53103_/Y
 _53104_/A
 _53104_/B
 _53104_/C
 _53104_/D
 _53104_/Y
 _53105_/A
 _53105_/B
 _53105_/Y
 _53106_/A
 _53106_/B
 _53106_/Y
 _53107_/A
 _53107_/B
 _53107_/Y
 _53108_/A
 _53108_/B
 _53108_/Y
 _53109_/A
 _53109_/B
 _53109_/C
 _53109_/D
 _53109_/Y
 _53110_/A
 _53110_/B
 _53110_/Y
 _53111_/A
 _53111_/B
 _53111_/Y
 _53112_/A
 _53112_/B
 _53112_/Y
 _53113_/A
 _53113_/B
 _53113_/Y
 _53114_/A
 _53114_/B
 _53114_/C
 _53114_/D
 _53114_/Y
 _53115_/A
 _53115_/B
 _53115_/Y
 _53116_/A
 _53116_/B
 _53116_/Y
 _53117_/A
 _53117_/B
 _53117_/Y
 _53118_/A
 _53118_/B
 _53118_/Y
 _53119_/A
 _53119_/B
 _53119_/C
 _53119_/D
 _53119_/Y
 _53120_/A
 _53120_/B
 _53120_/Y
 _53121_/A
 _53121_/B
 _53121_/Y
 _53122_/A
 _53122_/B
 _53122_/Y
 _53123_/A
 _53123_/B
 _53123_/Y
 _53124_/A
 _53124_/B
 _53124_/C
 _53124_/D
 _53124_/Y
 _53125_/A
 _53125_/B
 _53125_/C
 _53125_/D
 _53125_/Y
 _53126_/A
 _53126_/B
 _53126_/C
 _53126_/Y
 _53127_/A
 _53127_/B
 _53127_/X
 _53128_/A
 _53128_/B
 _53128_/X
 _53129_/A
 _53129_/B
 _53129_/X
 _53130_/A
 _53130_/B
 _53130_/X
 _53131_/A
 _53131_/B
 _53131_/C
 _53131_/D
 _53131_/Y
 _53132_/A
 _53132_/B
 _53132_/X
 _53133_/A
 _53133_/B
 _53133_/X
 _53134_/A
 _53134_/B
 _53134_/X
 _53135_/A
 _53135_/B
 _53135_/X
 _53136_/A
 _53136_/B
 _53136_/C
 _53136_/D
 _53136_/Y
 _53137_/A
 _53137_/B
 _53137_/Y
 _53138_/A
 _53138_/B
 _53138_/Y
 _53139_/A
 _53139_/B
 _53139_/Y
 _53140_/A
 _53140_/B
 _53140_/Y
 _53141_/A
 _53141_/B
 _53141_/C
 _53141_/Y
 _53142_/A
 _53142_/B
 _53142_/C
 _53142_/D
 _53142_/X
 _53143_/A
 _53143_/B
 _53143_/X
 _53144_/A
 _53144_/B
 _53144_/X
 _53145_/A
 _53145_/B
 _53145_/X
 _53146_/A
 _53146_/B
 _53146_/X
 _53147_/A
 _53147_/B
 _53147_/C
 _53147_/D
 _53147_/Y
 _53148_/A
 _53148_/B
 _53148_/X
 _53149_/A
 _53149_/B
 _53149_/X
 _53150_/A
 _53150_/B
 _53150_/X
 _53151_/A
 _53151_/B
 _53151_/X
 _53152_/A
 _53152_/B
 _53152_/C
 _53152_/D
 _53152_/Y
 _53153_/A
 _53153_/B
 _53153_/X
 _53154_/A
 _53154_/B
 _53154_/X
 _53155_/A
 _53155_/B
 _53155_/X
 _53156_/A
 _53156_/B
 _53156_/C
 _53156_/Y
 _53157_/A
 _53157_/B
 _53157_/C
 _53157_/Y
 _53158_/A
 _53158_/B
 _53158_/X
 _53159_/A
 _53159_/B
 _53159_/X
 _53160_/A
 _53160_/B
 _53160_/X
 _53161_/A
 _53161_/B
 _53161_/X
 _53162_/A
 _53162_/B
 _53162_/C
 _53162_/D
 _53162_/Y
 _53163_/A
 _53163_/B
 _53163_/X
 _53164_/A
 _53164_/B
 _53164_/X
 _53165_/A
 _53165_/B
 _53165_/X
 _53166_/A
 _53166_/B
 _53166_/X
 _53167_/A
 _53167_/B
 _53167_/C
 _53167_/D
 _53167_/Y
 _53168_/A
 _53168_/B
 _53168_/X
 _53169_/A
 _53169_/B
 _53169_/X
 _53170_/A
 _53170_/B
 _53170_/X
 _53171_/A
 _53171_/B
 _53171_/X
 _53172_/A
 _53172_/B
 _53172_/C
 _53172_/D
 _53172_/Y
 _53173_/A
 _53173_/B
 _53173_/X
 _53174_/A
 _53174_/B
 _53174_/X
 _53175_/A
 _53175_/B
 _53175_/X
 _53176_/A
 _53176_/B
 _53176_/X
 _53177_/A
 _53177_/B
 _53177_/C
 _53177_/D
 _53177_/Y
 _53178_/A
 _53178_/B
 _53178_/C
 _53178_/D
 _53178_/Y
 _53179_/A
 _53179_/Y
 _53180_/A
 _53180_/Y
 _53181_/A
 _53181_/Y
 _53182_/A1
 _53182_/A2
 _53182_/B1
 _53182_/B2
 _53182_/Y
 _53183_/A1
 _53183_/A2
 _53183_/B1
 _53183_/B2
 _53183_/C1
 _53183_/Y
 _53184_/A
 _53184_/Y
 _53190_/A
 _53190_/Y
 _53191_/A1
 _53191_/A2
 _53191_/B1
 _53191_/B2
 _53191_/Y
 _53192_/A1
 _53192_/A2
 _53192_/B1
 _53192_/B2
 _53192_/C1
 _53192_/Y
 _53193_/A
 _53193_/B
 _53193_/Y
 _53194_/A1
 _53194_/A2
 _53194_/B1
 _53194_/C1
 _53194_/D1
 _53194_/Y
 _53195_/A
 _53195_/B
 _53195_/X
 _53196_/A1
 _53196_/A2
 _53196_/B1
 _53196_/B2
 _53196_/C1
 _53196_/Y
 _53197_/A
 _53197_/Y
 _53203_/A1
 _53203_/A2
 _53203_/B1
 _53203_/B2
 _53203_/Y
 _53204_/A1_N
 _53204_/A2_N
 _53204_/B1
 _53204_/B2
 _53204_/Y
 _53205_/A
 _53205_/B
 _53205_/X
 _53206_/A1
 _53206_/A2
 _53206_/B1
 _53206_/B2
 _53206_/C1
 _53206_/X
 _53207_/A1
 _53207_/A2
 _53207_/B1
 _53207_/B2
 _53207_/Y
 _53209_/A1
 _53209_/A2
 _53209_/B1
 _53209_/B2
 _53209_/Y
 _53210_/A
 _53210_/B
 _53210_/C
 _53210_/Y
 _53211_/A
 _53211_/B
 _53211_/C
 _53211_/D
 _53211_/Y
 _53212_/A
 _53212_/B
 _53212_/C
 _53212_/D
 _53212_/Y
 _53213_/A
 _53213_/B
 _53213_/X
 _53214_/A1
 _53214_/A2
 _53214_/B1
 _53214_/Y
 _53215_/A
 _53215_/B
 _53215_/Y
 _53216_/A
 _53216_/B
 _53216_/Y
 _53217_/A
 _53217_/B
 _53217_/C
 _53217_/D
 _53217_/X
 _53218_/A
 _53218_/B
 _53218_/X
 _53219_/A
 _53219_/B
 _53219_/X
 _53220_/A
 _53220_/B
 _53220_/X
 _53221_/A
 _53221_/B
 _53221_/X
 _53222_/A
 _53222_/B
 _53222_/C
 _53222_/D
 _53222_/Y
 _53223_/A
 _53223_/B
 _53223_/Y
 _53224_/A
 _53224_/B
 _53224_/Y
 _53225_/A
 _53225_/B
 _53225_/Y
 _53226_/A
 _53226_/B
 _53226_/Y
 _53227_/A
 _53227_/B
 _53227_/C
 _53227_/D
 _53227_/Y
 _53228_/A
 _53228_/B
 _53228_/Y
 _53229_/A
 _53229_/B
 _53229_/Y
 _53230_/A
 _53230_/B
 _53230_/Y
 _53231_/A
 _53231_/B
 _53231_/Y
 _53232_/A
 _53232_/B
 _53232_/C
 _53232_/D
 _53232_/Y
 _53233_/A
 _53233_/B
 _53233_/Y
 _53234_/A
 _53234_/B
 _53234_/Y
 _53235_/A
 _53235_/B
 _53235_/Y
 _53236_/A
 _53236_/B
 _53236_/Y
 _53237_/A
 _53237_/B
 _53237_/C
 _53237_/D
 _53237_/Y
 _53238_/A
 _53238_/B
 _53238_/Y
 _53239_/A
 _53239_/B
 _53239_/Y
 _53240_/A
 _53240_/B
 _53240_/Y
 _53241_/A
 _53241_/B
 _53241_/Y
 _53242_/A
 _53242_/B
 _53242_/C
 _53242_/D
 _53242_/Y
 _53243_/A
 _53243_/B
 _53243_/C
 _53243_/D
 _53243_/Y
 _53244_/A
 _53244_/B
 _53244_/C
 _53244_/D
 _53244_/Y
 _53245_/A
 _53245_/B
 _53245_/Y
 _53246_/A
 _53246_/B
 _53246_/Y
 _53247_/A
 _53247_/B
 _53247_/Y
 _53248_/A
 _53248_/B
 _53248_/X
 _53249_/A
 _53249_/B
 _53249_/X
 _53250_/A
 _53250_/B
 _53250_/X
 _53251_/A
 _53251_/B
 _53251_/X
 _53252_/A
 _53252_/B
 _53252_/C
 _53252_/D
 _53252_/Y
 _53253_/A
 _53253_/B
 _53253_/C
 _53253_/D
 _53253_/Y
 _53254_/A
 _53254_/Y
 _53255_/A
 _53255_/B
 _53255_/X
 _53256_/A1
 _53256_/A2
 _53256_/B1
 _53256_/B2
 _53256_/C1
 _53256_/Y
 _53257_/A
 _53257_/B
 _53257_/Y
 _53258_/A
 _53258_/B
 _53258_/Y
 _53259_/A
 _53259_/B
 _53259_/C
 _53259_/Y
 _53260_/A
 _53260_/B
 _53260_/X
 _53261_/A
 _53261_/B
 _53261_/X
 _53262_/A
 _53262_/B
 _53262_/X
 _53263_/A
 _53263_/B
 _53263_/X
 _53264_/A
 _53264_/B
 _53264_/C
 _53264_/D
 _53264_/Y
 _53265_/A
 _53265_/B
 _53265_/X
 _53266_/A
 _53266_/B
 _53266_/X
 _53267_/A
 _53267_/B
 _53267_/X
 _53268_/A
 _53268_/B
 _53268_/X
 _53269_/A
 _53269_/B
 _53269_/C
 _53269_/D
 _53269_/Y
 _53270_/A
 _53270_/B
 _53270_/X
 _53271_/A
 _53271_/B
 _53271_/X
 _53272_/A
 _53272_/B
 _53272_/X
 _53273_/A
 _53273_/B
 _53273_/X
 _53274_/A
 _53274_/B
 _53274_/C
 _53274_/D
 _53274_/Y
 _53275_/A
 _53275_/B
 _53275_/X
 _53276_/A
 _53276_/B
 _53276_/X
 _53277_/A
 _53277_/B
 _53277_/X
 _53278_/A
 _53278_/B
 _53278_/X
 _53279_/A
 _53279_/B
 _53279_/C
 _53279_/D
 _53279_/Y
 _53280_/A
 _53280_/B
 _53280_/C
 _53280_/D
 _53280_/Y
 _53281_/A
 _53281_/B
 _53281_/C
 _53281_/Y
 _53282_/A1
 _53282_/A2
 _53282_/B1
 _53282_/B2
 _53282_/Y
 _53283_/A
 _53283_/Y
 _53288_/A1
 _53288_/A2
 _53288_/B1
 _53288_/B2
 _53288_/Y
 _53289_/A1
 _53289_/A2
 _53289_/B1
 _53289_/B2
 _53289_/Y
 _53290_/A1
 _53290_/A2
 _53290_/B1
 _53290_/B2
 _53290_/Y
 _53291_/A
 _53291_/B
 _53291_/X
 _53292_/A
 _53292_/B
 _53292_/Y
 _53293_/A
 _53293_/B
 _53293_/Y
 _53294_/A
 _53294_/B
 _53294_/Y
 _53295_/A
 _53295_/B
 _53295_/Y
 _53296_/A
 _53296_/B
 _53296_/C
 _53296_/D
 _53296_/Y
 _53297_/A
 _53297_/B
 _53297_/C
 _53297_/D
 _53297_/Y
 _53298_/A
 _53298_/Y
 _53299_/A
 _53299_/Y
 _53300_/A1
 _53300_/A2
 _53300_/B1
 _53300_/B2
 _53300_/C1
 _53300_/C2
 _53300_/Y
 _53301_/A
 _53301_/Y
 _53305_/A1
 _53305_/A2
 _53305_/B1
 _53305_/B2
 _53305_/Y
 _53306_/A
 _53306_/B
 _53306_/X
 _53307_/A
 _53307_/Y
 _53308_/A1
 _53308_/A2
 _53308_/B1
 _53308_/B2
 _53308_/Y
 _53309_/A
 _53309_/Y
 _53312_/A
 _53312_/Y
 _53313_/A1
 _53313_/A2
 _53313_/B1
 _53313_/B2
 _53313_/Y
 _53314_/A
 _53314_/B
 _53314_/C
 _53314_/D
 _53314_/Y
 _53315_/A
 _53315_/B
 _53315_/C
 _53315_/D
 _53315_/Y
 _53316_/A
 _53316_/B
 _53316_/X
 _53317_/A1
 _53317_/A2
 _53317_/B1
 _53317_/B2
 _53317_/C1
 _53317_/Y
 _53318_/A1
 _53318_/A2
 _53318_/B1
 _53318_/B2
 _53318_/Y
 _53319_/A1
 _53319_/A2
 _53319_/B1
 _53319_/B2
 _53319_/C1
 _53319_/Y
 _53320_/A
 _53320_/B
 _53320_/Y
 _53321_/A
 _53321_/B
 _53321_/X
 _53322_/A1
 _53322_/A2
 _53322_/B1
 _53322_/B2
 _53322_/C1
 _53322_/Y
 _53324_/A1
 _53324_/A2
 _53324_/B1
 _53324_/Y
 _53325_/A1
 _53325_/A2
 _53325_/B1
 _53325_/B2
 _53325_/C1
 _53325_/Y
 _53326_/A
 _53326_/B
 _53326_/X
 _53327_/A
 _53327_/B
 _53327_/X
 _53328_/A
 _53328_/B
 _53328_/X
 _53329_/A
 _53329_/B
 _53329_/X
 _53330_/A
 _53330_/B
 _53330_/C
 _53330_/D
 _53330_/Y
 _53331_/A
 _53331_/B
 _53331_/C
 _53331_/Y
 _53332_/A
 _53332_/Y
 _53333_/A1
 _53333_/A2
 _53333_/B1
 _53333_/B2
 _53333_/Y
 _53334_/A1
 _53334_/A2
 _53334_/B1
 _53334_/B2
 _53334_/C1
 _53334_/Y
 _53335_/A1
 _53335_/A2
 _53335_/B1
 _53335_/B2
 _53335_/Y
 _53336_/A1
 _53336_/A2
 _53336_/B1
 _53336_/B2
 _53336_/Y
 _53337_/A
 _53337_/B
 _53337_/Y
 _53338_/A
 _53338_/B
 _53338_/Y
 _53339_/A
 _53339_/B
 _53339_/Y
 _53340_/A
 _53340_/B
 _53340_/Y
 _53341_/A
 _53341_/B
 _53341_/C
 _53341_/D
 _53341_/Y
 _53342_/A
 _53342_/B
 _53342_/Y
 _53343_/A
 _53343_/B
 _53343_/Y
 _53344_/A
 _53344_/B
 _53344_/Y
 _53345_/A
 _53345_/B
 _53345_/Y
 _53346_/A
 _53346_/B
 _53346_/C
 _53346_/D
 _53346_/Y
 _53347_/A
 _53347_/B
 _53347_/Y
 _53348_/A
 _53348_/B
 _53348_/C
 _53348_/D
 _53348_/Y
 _53349_/A
 _53349_/B
 _53349_/C
 _53349_/D
 _53349_/Y
 _53350_/A
 _53350_/B
 _53350_/X
 _53351_/A
 _53351_/B
 _53351_/X
 _53352_/A
 _53352_/B
 _53352_/X
 _53353_/A
 _53353_/B
 _53353_/Y
 _53354_/A
 _53354_/B
 _53354_/Y
 _53355_/A
 _53355_/B
 _53355_/Y
 _53356_/A
 _53356_/B
 _53356_/Y
 _53357_/A
 _53357_/B
 _53357_/C
 _53357_/D
 _53357_/Y
 _53358_/A
 _53358_/B
 _53358_/C
 _53358_/D
 _53358_/Y
 _53359_/A
 _53359_/Y
 _53363_/A1
 _53363_/A2
 _53363_/B1
 _53363_/B2
 _53363_/C1
 _53363_/C2
 _53363_/Y
 _53364_/A
 _53364_/B
 _53364_/Y
 _53365_/A
 _53365_/B
 _53365_/Y
 _53366_/A
 _53366_/B
 _53366_/C
 _53366_/D
 _53366_/Y
 _53367_/A
 _53367_/B
 _53367_/X
 _53368_/A
 _53368_/B
 _53368_/X
 _53369_/A
 _53369_/B
 _53369_/X
 _53370_/A
 _53370_/B
 _53370_/X
 _53371_/A
 _53371_/B
 _53371_/C
 _53371_/D
 _53371_/Y
 _53372_/A
 _53372_/B
 _53372_/X
 _53373_/A
 _53373_/B
 _53373_/X
 _53374_/A
 _53374_/B
 _53374_/X
 _53375_/A
 _53375_/B
 _53375_/X
 _53376_/A
 _53376_/B
 _53376_/C
 _53376_/D
 _53376_/Y
 _53377_/A
 _53377_/B
 _53377_/X
 _53378_/A
 _53378_/B
 _53378_/X
 _53379_/A
 _53379_/B
 _53379_/X
 _53380_/A
 _53380_/B
 _53380_/X
 _53381_/A
 _53381_/B
 _53381_/C
 _53381_/D
 _53381_/Y
 _53382_/A
 _53382_/B
 _53382_/X
 _53383_/A
 _53383_/B
 _53383_/X
 _53384_/A
 _53384_/B
 _53384_/X
 _53385_/A
 _53385_/B
 _53385_/X
 _53386_/A
 _53386_/B
 _53386_/C
 _53386_/D
 _53386_/Y
 _53387_/A
 _53387_/B
 _53387_/C
 _53387_/D
 _53387_/Y
 _53388_/A
 _53388_/B
 _53388_/Y
 _53389_/A1
 _53389_/A2
 _53389_/B1
 _53389_/C1
 _53389_/Y
 _53390_/A
 _53390_/B
 _53390_/X
 _53391_/A
 _53391_/B
 _53391_/X
 _53392_/A
 _53392_/B
 _53392_/Y
 _53393_/A
 _53393_/B
 _53393_/Y
 _53394_/A
 _53394_/B
 _53394_/Y
 _53395_/A
 _53395_/B
 _53395_/Y
 _53396_/A
 _53396_/B
 _53396_/C
 _53396_/D
 _53396_/Y
 _53397_/A
 _53397_/B
 _53397_/C
 _53397_/D
 _53397_/Y
 _53398_/A
 _53398_/Y
 _53399_/A1_N
 _53399_/A2_N
 _53399_/B1
 _53399_/B2
 _53399_/Y
 _53400_/A1
 _53400_/A2
 _53400_/B1
 _53400_/B2
 _53400_/C1
 _53400_/Y
 _53401_/A
 _53401_/Y
 _53402_/A1_N
 _53402_/A2_N
 _53402_/B1
 _53402_/B2
 _53402_/Y
 _53403_/A1
 _53403_/A2
 _53403_/B1
 _53403_/B2
 _53403_/C1
 _53403_/Y
 _53404_/A1_N
 _53404_/A2_N
 _53404_/B1
 _53404_/B2
 _53404_/Y
 _53405_/A
 _53405_/B
 _53405_/Y
 _53406_/A1
 _53406_/A2
 _53406_/B1
 _53406_/B2
 _53406_/Y
 _53407_/A1
 _53407_/A2
 _53407_/B1
 _53407_/B2
 _53407_/Y
 _53408_/A
 _53408_/B
 _53408_/C
 _53408_/D
 _53408_/X
 _53409_/A
 _53409_/B
 _53409_/C
 _53409_/D
 _53409_/Y
 _53410_/A
 _53410_/B
 _53410_/X
 _53411_/A
 _53411_/B
 _53411_/X
 _53412_/A
 _53412_/B
 _53412_/X
 _53413_/A
 _53413_/B
 _53413_/X
 _53414_/A
 _53414_/B
 _53414_/C
 _53414_/D
 _53414_/Y
 _53415_/A
 _53415_/B
 _53415_/X
 _53416_/A
 _53416_/B
 _53416_/X
 _53417_/A
 _53417_/B
 _53417_/X
 _53418_/A
 _53418_/B
 _53418_/X
 _53419_/A
 _53419_/B
 _53419_/C
 _53419_/D
 _53419_/Y
 _53420_/A1
 _53420_/A2
 _53420_/B1
 _53420_/B2
 _53420_/Y
 _53421_/A1
 _53421_/A2
 _53421_/B1
 _53421_/B2
 _53421_/Y
 _53422_/A
 _53422_/Y
 _53423_/A1
 _53423_/A2
 _53423_/B1
 _53423_/B2
 _53423_/Y
 _53424_/A1
 _53424_/A2
 _53424_/B1
 _53424_/B2
 _53424_/C1
 _53424_/Y
 _53425_/A1
 _53425_/A2
 _53425_/B1
 _53425_/B2
 _53425_/Y
 _53426_/A1
 _53426_/A2
 _53426_/B1
 _53426_/B2
 _53426_/Y
 _53427_/A
 _53427_/B
 _53427_/X
 _53428_/A
 _53428_/B
 _53428_/C
 _53428_/D
 _53428_/Y
 _53429_/A
 _53429_/B
 _53429_/Y
 _53430_/A1
 _53430_/A2
 _53430_/B1
 _53430_/B2
 _53430_/C1
 _53430_/Y
 _53431_/A
 _53431_/B
 _53431_/X
 _53432_/A
 _53432_/B
 _53432_/X
 _53433_/A
 _53433_/B
 _53433_/Y
 _53434_/A
 _53434_/B
 _53434_/Y
 _53435_/A
 _53435_/B
 _53435_/Y
 _53436_/A
 _53436_/B
 _53436_/Y
 _53437_/A
 _53437_/B
 _53437_/C
 _53437_/D
 _53437_/Y
 _53438_/A
 _53438_/B
 _53438_/C
 _53438_/D
 _53438_/Y
 _53439_/A
 _53439_/B
 _53439_/C
 _53439_/D
 _53439_/Y
 _53440_/A
 _53440_/B
 _53440_/C
 _53440_/D
 _53440_/X
 _53441_/A
 _53441_/B
 _53441_/X
 _53442_/A1
 _53442_/A2
 _53442_/B1
 _53442_/Y
 _53443_/A
 _53443_/B
 _53443_/Y
 _53444_/A
 _53444_/B
 _53444_/Y
 _53445_/A
 _53445_/B
 _53445_/Y
 _53446_/A
 _53446_/B
 _53446_/Y
 _53447_/A
 _53447_/B
 _53447_/C
 _53447_/D
 _53447_/Y
 _53448_/A
 _53448_/B
 _53448_/Y
 _53449_/A
 _53449_/B
 _53449_/Y
 _53450_/A
 _53450_/B
 _53450_/Y
 _53451_/A
 _53451_/B
 _53451_/Y
 _53452_/A
 _53452_/B
 _53452_/C
 _53452_/D
 _53452_/Y
 _53453_/A
 _53453_/B
 _53453_/Y
 _53454_/A1
 _53454_/A2
 _53454_/B1
 _53454_/B2
 _53454_/C1
 _53454_/Y
 _53455_/A
 _53455_/B
 _53455_/Y
 _53456_/A
 _53456_/B
 _53456_/Y
 _53457_/A
 _53457_/B
 _53457_/Y
 _53458_/A
 _53458_/B
 _53458_/C
 _53458_/D
 _53458_/Y
 _53459_/A
 _53459_/B
 _53459_/X
 _53460_/A
 _53460_/B
 _53460_/X
 _53461_/A
 _53461_/B
 _53461_/X
 _53462_/A
 _53462_/B
 _53462_/X
 _53463_/A
 _53463_/B
 _53463_/C
 _53463_/D
 _53463_/Y
 _53464_/A
 _53464_/B
 _53464_/X
 _53465_/A
 _53465_/B
 _53465_/X
 _53466_/A
 _53466_/B
 _53466_/X
 _53467_/A
 _53467_/B
 _53467_/X
 _53468_/A
 _53468_/B
 _53468_/C
 _53468_/D
 _53468_/Y
 _53469_/A
 _53469_/B
 _53469_/X
 _53470_/A
 _53470_/B
 _53470_/X
 _53471_/A
 _53471_/B
 _53471_/X
 _53472_/A
 _53472_/B
 _53472_/X
 _53473_/A
 _53473_/B
 _53473_/C
 _53473_/D
 _53473_/Y
 _53474_/A
 _53474_/B
 _53474_/X
 _53475_/A
 _53475_/B
 _53475_/X
 _53476_/A
 _53476_/B
 _53476_/X
 _53477_/A
 _53477_/B
 _53477_/X
 _53478_/A
 _53478_/B
 _53478_/C
 _53478_/D
 _53478_/Y
 _53479_/A
 _53479_/B
 _53479_/C
 _53479_/D
 _53479_/Y
 _53480_/A
 _53480_/B
 _53480_/Y
 _53481_/A
 _53481_/B
 _53481_/Y
 _53482_/A
 _53482_/B
 _53482_/Y
 _53483_/A
 _53483_/B
 _53483_/C
 _53483_/Y
 _53484_/A
 _53484_/B
 _53484_/Y
 _53485_/A
 _53485_/B
 _53485_/Y
 _53486_/A
 _53486_/B
 _53486_/Y
 _53487_/A
 _53487_/B
 _53487_/Y
 _53488_/A
 _53488_/B
 _53488_/C
 _53488_/D
 _53488_/Y
 _53489_/A
 _53489_/B
 _53489_/Y
 _53490_/A
 _53490_/B
 _53490_/Y
 _53491_/A
 _53491_/B
 _53491_/Y
 _53492_/A
 _53492_/B
 _53492_/Y
 _53493_/A
 _53493_/B
 _53493_/C
 _53493_/D
 _53493_/Y
 _53494_/A
 _53494_/B
 _53494_/C
 _53494_/D
 _53494_/Y
 _53495_/A
 _53495_/B
 _53495_/X
 _53496_/A1
 _53496_/A2
 _53496_/B1
 _53496_/Y
 _53497_/A
 _53497_/B
 _53497_/Y
 _53498_/A
 _53498_/B
 _53498_/Y
 _53499_/A
 _53499_/B
 _53499_/C
 _53499_/D
 _53499_/Y
 _53500_/A
 _53500_/B
 _53500_/Y
 _53501_/A
 _53501_/B
 _53501_/Y
 _53502_/A
 _53502_/B
 _53502_/Y
 _53503_/A
 _53503_/B
 _53503_/Y
 _53504_/A
 _53504_/B
 _53504_/C
 _53504_/D
 _53504_/Y
 _53505_/A
 _53505_/B
 _53505_/X
 _53506_/A
 _53506_/B
 _53506_/X
 _53507_/A
 _53507_/B
 _53507_/X
 _53508_/A
 _53508_/B
 _53508_/X
 _53509_/A
 _53509_/B
 _53509_/C
 _53509_/D
 _53509_/Y
 _53510_/A
 _53510_/B
 _53510_/X
 _53511_/A
 _53511_/B
 _53511_/X
 _53512_/A
 _53512_/B
 _53512_/X
 _53513_/A
 _53513_/B
 _53513_/X
 _53514_/A
 _53514_/B
 _53514_/C
 _53514_/D
 _53514_/Y
 _53515_/A
 _53515_/B
 _53515_/X
 _53516_/A
 _53516_/B
 _53516_/X
 _53517_/A
 _53517_/B
 _53517_/X
 _53518_/A
 _53518_/B
 _53518_/X
 _53519_/A
 _53519_/B
 _53519_/C
 _53519_/D
 _53519_/Y
 _53520_/A
 _53520_/B
 _53520_/X
 _53521_/A
 _53521_/B
 _53521_/X
 _53522_/A
 _53522_/B
 _53522_/X
 _53523_/A
 _53523_/B
 _53523_/X
 _53524_/A
 _53524_/B
 _53524_/C
 _53524_/D
 _53524_/Y
 _53525_/A
 _53525_/B
 _53525_/C
 _53525_/D
 _53525_/Y
 _53526_/A
 _53526_/B
 _53526_/C
 _53526_/Y
 _53527_/A
 _53527_/B
 _53527_/C
 _53527_/D
 _53527_/X
 _53528_/A
 _53528_/B
 _53528_/X
 _53529_/A
 _53529_/B
 _53529_/X
 _53530_/A
 _53530_/B
 _53530_/X
 _53531_/A
 _53531_/B
 _53531_/Y
 _53532_/A
 _53532_/B
 _53532_/Y
 _53533_/A
 _53533_/B
 _53533_/Y
 _53534_/A
 _53534_/B
 _53534_/Y
 _53535_/A
 _53535_/B
 _53535_/C
 _53535_/D
 _53535_/Y
 _53536_/A
 _53536_/B
 _53536_/C
 _53536_/D
 _53536_/Y
 _53537_/A1
 _53537_/A2
 _53537_/B1
 _53537_/B2
 _53537_/Y
 _53538_/A1
 _53538_/A2
 _53538_/B1
 _53538_/B2
 _53538_/Y
 _53539_/A
 _53539_/B
 _53539_/X
 _53540_/A
 _53540_/B
 _53540_/X
 _53541_/A
 _53541_/B
 _53541_/C
 _53541_/D
 _53541_/Y
 _53542_/A
 _53542_/B
 _53542_/Y
 _53543_/A
 _53543_/B
 _53543_/Y
 _53544_/A
 _53544_/B
 _53544_/Y
 _53545_/A
 _53545_/B
 _53545_/Y
 _53546_/A
 _53546_/B
 _53546_/C
 _53546_/D
 _53546_/Y
 _53547_/A
 _53547_/B
 _53547_/Y
 _53548_/A
 _53548_/B
 _53548_/Y
 _53549_/A
 _53549_/B
 _53549_/Y
 _53550_/A
 _53550_/B
 _53550_/Y
 _53551_/A
 _53551_/B
 _53551_/C
 _53551_/D
 _53551_/Y
 _53552_/A
 _53552_/B
 _53552_/Y
 _53553_/A
 _53553_/B
 _53553_/Y
 _53554_/A
 _53554_/B
 _53554_/Y
 _53555_/A
 _53555_/B
 _53555_/Y
 _53556_/A
 _53556_/B
 _53556_/C
 _53556_/D
 _53556_/Y
 _53557_/A
 _53557_/B
 _53557_/Y
 _53558_/A
 _53558_/B
 _53558_/Y
 _53559_/A
 _53559_/B
 _53559_/Y
 _53560_/A
 _53560_/B
 _53560_/Y
 _53561_/A
 _53561_/B
 _53561_/C
 _53561_/D
 _53561_/Y
 _53562_/A
 _53562_/B
 _53562_/C
 _53562_/D
 _53562_/Y
 _53563_/A
 _53563_/B
 _53563_/C
 _53563_/Y
 _53564_/A1
 _53564_/A2
 _53564_/B1
 _53564_/B2
 _53564_/Y
 _53565_/A
 _53565_/Y
 _53566_/A1
 _53566_/A2
 _53566_/B1
 _53566_/B2
 _53566_/Y
 _53567_/A
 _53567_/Y
 _53568_/A
 _53568_/Y
 _53569_/A
 _53569_/Y
 _53573_/A1_N
 _53573_/A2_N
 _53573_/B1
 _53573_/B2
 _53573_/Y
 _53574_/A1
 _53574_/A2
 _53574_/B1
 _53574_/B2
 _53574_/C1
 _53574_/Y
 _53575_/A
 _53575_/Y
 _53576_/A1
 _53576_/A2
 _53576_/B1
 _53576_/Y
 _53577_/A
 _53577_/B
 _53577_/X
 _53578_/A
 _53578_/B
 _53578_/X
 _53579_/A1
 _53579_/A2
 _53579_/B1
 _53579_/B2
 _53579_/X
 _53580_/A
 _53580_/B
 _53580_/C
 _53580_/D
 _53580_/Y
 _53581_/A
 _53581_/B
 _53581_/C
 _53581_/D
 _53581_/Y
 _53582_/A
 _53582_/Y
 _53587_/A
 _53587_/Y
 _53589_/A1
 _53589_/A2
 _53589_/B1
 _53589_/B2
 _53589_/C1
 _53589_/C2
 _53589_/Y
 _53590_/A1_N
 _53590_/A2_N
 _53590_/B1
 _53590_/B2
 _53590_/Y
 _53591_/A1
 _53591_/A2
 _53591_/B1
 _53591_/B2
 _53591_/C1
 _53591_/Y
 _53592_/A
 _53592_/Y
 _53593_/A1_N
 _53593_/A2_N
 _53593_/B1
 _53593_/B2
 _53593_/Y
 _53594_/A1
 _53594_/A2
 _53594_/B1
 _53594_/B2
 _53594_/C1
 _53594_/Y
 _53595_/A
 _53595_/B
 _53595_/C
 _53595_/Y
 _53596_/A1
 _53596_/A2
 _53596_/B1
 _53596_/B2
 _53596_/Y
 _53597_/A1_N
 _53597_/A2_N
 _53597_/B1
 _53597_/B2
 _53597_/Y
 _53598_/A1
 _53598_/A2
 _53598_/B1
 _53598_/B2
 _53598_/Y
 _53599_/A
 _53599_/B
 _53599_/X
 _53600_/A
 _53600_/B
 _53600_/C
 _53600_/D
 _53600_/Y
 _53601_/A
 _53601_/Y
 _53602_/A
 _53602_/B
 _53602_/Y
 _53603_/A1
 _53603_/A2
 _53603_/B1
 _53603_/B2
 _53603_/C1
 _53603_/Y
 _53604_/A1
 _53604_/A2
 _53604_/B1
 _53604_/B2
 _53604_/Y
 _53605_/A1
 _53605_/A2
 _53605_/B1
 _53605_/B2
 _53605_/Y
 _53606_/A
 _53606_/B
 _53606_/Y
 _53607_/A
 _53607_/B
 _53607_/Y
 _53608_/A
 _53608_/B
 _53608_/Y
 _53609_/A
 _53609_/B
 _53609_/Y
 _53610_/A
 _53610_/B
 _53610_/C
 _53610_/D
 _53610_/Y
 _53611_/A
 _53611_/B
 _53611_/C
 _53611_/D
 _53611_/Y
 _53612_/A1_N
 _53612_/A2_N
 _53612_/B1
 _53612_/B2
 _53612_/Y
 _53613_/A1
 _53613_/A2
 _53613_/B1
 _53613_/B2
 _53613_/C1
 _53613_/Y
 _53614_/A1_N
 _53614_/A2_N
 _53614_/B1
 _53614_/B2
 _53614_/Y
 _53615_/A1
 _53615_/A2
 _53615_/B1
 _53615_/B2
 _53615_/Y
 _53616_/A
 _53616_/B
 _53616_/C
 _53616_/Y
 _53617_/A
 _53617_/B
 _53617_/Y
 _53618_/A
 _53618_/B
 _53618_/Y
 _53619_/A
 _53619_/B
 _53619_/Y
 _53620_/A
 _53620_/B
 _53620_/Y
 _53621_/A
 _53621_/B
 _53621_/C
 _53621_/D
 _53621_/Y
 _53622_/A
 _53622_/B
 _53622_/Y
 _53623_/A
 _53623_/B
 _53623_/Y
 _53624_/A
 _53624_/B
 _53624_/Y
 _53625_/A
 _53625_/B
 _53625_/Y
 _53626_/A
 _53626_/B
 _53626_/C
 _53626_/D
 _53626_/Y
 _53627_/A
 _53627_/B
 _53627_/Y
 _53628_/A
 _53628_/B
 _53628_/C
 _53628_/D
 _53628_/Y
 _53629_/A
 _53629_/B
 _53629_/C
 _53629_/D
 _53629_/X
 _53630_/A
 _53630_/B
 _53630_/Y
 _53631_/A
 _53631_/B
 _53631_/Y
 _53632_/A
 _53632_/B
 _53632_/Y
 _53633_/A
 _53633_/B
 _53633_/Y
 _53634_/A
 _53634_/B
 _53634_/C
 _53634_/D
 _53634_/Y
 _53635_/A
 _53635_/B
 _53635_/Y
 _53636_/A
 _53636_/B
 _53636_/Y
 _53637_/A
 _53637_/B
 _53637_/Y
 _53638_/A
 _53638_/B
 _53638_/Y
 _53639_/A
 _53639_/B
 _53639_/C
 _53639_/D
 _53639_/Y
 _53640_/A
 _53640_/B
 _53640_/Y
 _53641_/A
 _53641_/B
 _53641_/Y
 _53642_/A
 _53642_/B
 _53642_/Y
 _53643_/A
 _53643_/B
 _53643_/Y
 _53644_/A
 _53644_/B
 _53644_/C
 _53644_/D
 _53644_/Y
 _53645_/A
 _53645_/B
 _53645_/Y
 _53646_/A
 _53646_/B
 _53646_/Y
 _53647_/A
 _53647_/B
 _53647_/Y
 _53648_/A
 _53648_/B
 _53648_/Y
 _53649_/A
 _53649_/B
 _53649_/C
 _53649_/D
 _53649_/Y
 _53650_/A
 _53650_/B
 _53650_/C
 _53650_/D
 _53650_/Y
 _53651_/A
 _53651_/B
 _53651_/X
 _53652_/A
 _53652_/B
 _53652_/X
 _53653_/A
 _53653_/B
 _53653_/X
 _53654_/A
 _53654_/B
 _53654_/C
 _53654_/Y
 _53655_/A
 _53655_/B
 _53655_/X
 _53656_/A
 _53656_/B
 _53656_/X
 _53657_/A
 _53657_/B
 _53657_/X
 _53658_/A
 _53658_/B
 _53658_/X
 _53659_/A
 _53659_/B
 _53659_/C
 _53659_/D
 _53659_/Y
 _53660_/A
 _53660_/B
 _53660_/X
 _53661_/A
 _53661_/B
 _53661_/X
 _53662_/A
 _53662_/B
 _53662_/X
 _53663_/A
 _53663_/B
 _53663_/X
 _53664_/A
 _53664_/B
 _53664_/C
 _53664_/D
 _53664_/Y
 _53665_/A
 _53665_/B
 _53665_/C
 _53665_/D
 _53665_/Y
 _53666_/A1
 _53666_/A2
 _53666_/B1
 _53666_/B2
 _53666_/Y
 _53667_/A
 _53667_/B
 _53667_/X
 _53668_/A
 _53668_/B
 _53668_/X
 _53669_/A
 _53669_/B
 _53669_/X
 _53670_/A
 _53670_/B
 _53670_/C
 _53670_/D
 _53670_/Y
 _53671_/A
 _53671_/B
 _53671_/X
 _53672_/A
 _53672_/B
 _53672_/X
 _53673_/A
 _53673_/B
 _53673_/X
 _53674_/A
 _53674_/B
 _53674_/X
 _53675_/A
 _53675_/B
 _53675_/C
 _53675_/D
 _53675_/Y
 _53676_/A
 _53676_/Y
 _53677_/A1
 _53677_/A2
 _53677_/B1
 _53677_/B2
 _53677_/C1
 _53677_/C2
 _53677_/Y
 _53678_/A1
 _53678_/A2
 _53678_/B1
 _53678_/B2
 _53678_/X
 _53679_/A
 _53679_/B
 _53679_/X
 _53680_/A1
 _53680_/A2
 _53680_/B1
 _53680_/B2
 _53680_/Y
 _53681_/A
 _53681_/B
 _53681_/X
 _53682_/A
 _53682_/B
 _53682_/C
 _53682_/D
 _53682_/Y
 _53683_/A
 _53683_/B
 _53683_/C
 _53683_/D
 _53683_/Y
 _53684_/A
 _53684_/B
 _53684_/Y
 _53685_/A1
 _53685_/A2
 _53685_/B1
 _53685_/Y
 _53686_/A
 _53686_/B
 _53686_/X
 _53687_/A
 _53687_/B
 _53687_/X
 _53688_/A
 _53688_/B
 _53688_/C
 _53688_/D
 _53688_/Y
 _53689_/A
 _53689_/B
 _53689_/X
 _53690_/A
 _53690_/B
 _53690_/X
 _53691_/A
 _53691_/B
 _53691_/X
 _53692_/A
 _53692_/B
 _53692_/X
 _53693_/A
 _53693_/B
 _53693_/C
 _53693_/D
 _53693_/Y
 _53694_/A
 _53694_/B
 _53694_/Y
 _53695_/A
 _53695_/B
 _53695_/X
 _53696_/A
 _53696_/B
 _53696_/X
 _53697_/A
 _53697_/B
 _53697_/X
 _53698_/A
 _53698_/B
 _53698_/X
 _53699_/A
 _53699_/B
 _53699_/C
 _53699_/D
 _53699_/Y
 _53700_/A
 _53700_/B
 _53700_/X
 _53701_/A
 _53701_/B
 _53701_/X
 _53702_/A
 _53702_/B
 _53702_/X
 _53703_/A
 _53703_/B
 _53703_/X
 _53704_/A
 _53704_/B
 _53704_/C
 _53704_/D
 _53704_/Y
 _53705_/A
 _53705_/B
 _53705_/X
 _53706_/A
 _53706_/B
 _53706_/X
 _53707_/A
 _53707_/B
 _53707_/X
 _53708_/A
 _53708_/B
 _53708_/X
 _53709_/A
 _53709_/B
 _53709_/C
 _53709_/D
 _53709_/Y
 _53710_/A
 _53710_/B
 _53710_/X
 _53711_/A
 _53711_/B
 _53711_/X
 _53712_/A
 _53712_/B
 _53712_/X
 _53713_/A
 _53713_/B
 _53713_/X
 _53714_/A
 _53714_/B
 _53714_/C
 _53714_/D
 _53714_/Y
 _53715_/A
 _53715_/B
 _53715_/C
 _53715_/D
 _53715_/Y
 _53716_/A
 _53716_/B
 _53716_/C
 _53716_/D
 _53716_/Y
 _53717_/A
 _53717_/B
 _53717_/Y
 _53718_/A
 _53718_/B
 _53718_/Y
 _53719_/A
 _53719_/B
 _53719_/Y
 _53720_/A
 _53720_/B
 _53720_/Y
 _53721_/A
 _53721_/B
 _53721_/C
 _53721_/D
 _53721_/Y
 _53722_/A
 _53722_/B
 _53722_/Y
 _53723_/A
 _53723_/B
 _53723_/Y
 _53724_/A
 _53724_/B
 _53724_/Y
 _53725_/A
 _53725_/B
 _53725_/Y
 _53726_/A
 _53726_/B
 _53726_/C
 _53726_/D
 _53726_/Y
 _53727_/A
 _53727_/B
 _53727_/Y
 _53728_/A
 _53728_/B
 _53728_/Y
 _53729_/A
 _53729_/B
 _53729_/Y
 _53730_/A
 _53730_/B
 _53730_/C
 _53730_/Y
 _53731_/A
 _53731_/B
 _53731_/C
 _53731_/Y
 _53732_/A
 _53732_/B
 _53732_/Y
 _53733_/A
 _53733_/B
 _53733_/Y
 _53734_/A
 _53734_/B
 _53734_/Y
 _53735_/A
 _53735_/B
 _53735_/Y
 _53736_/A
 _53736_/B
 _53736_/C
 _53736_/D
 _53736_/Y
 _53737_/A
 _53737_/B
 _53737_/Y
 _53738_/A
 _53738_/B
 _53738_/Y
 _53739_/A
 _53739_/B
 _53739_/Y
 _53740_/A
 _53740_/B
 _53740_/Y
 _53741_/A
 _53741_/B
 _53741_/C
 _53741_/D
 _53741_/Y
 _53742_/A
 _53742_/B
 _53742_/Y
 _53743_/A
 _53743_/B
 _53743_/Y
 _53744_/A
 _53744_/B
 _53744_/Y
 _53745_/A
 _53745_/B
 _53745_/Y
 _53746_/A
 _53746_/B
 _53746_/C
 _53746_/D
 _53746_/Y
 _53747_/A
 _53747_/B
 _53747_/Y
 _53748_/A
 _53748_/B
 _53748_/Y
 _53749_/A
 _53749_/B
 _53749_/Y
 _53750_/A
 _53750_/B
 _53750_/Y
 _53751_/A
 _53751_/B
 _53751_/C
 _53751_/D
 _53751_/Y
 _53752_/A
 _53752_/B
 _53752_/C
 _53752_/D
 _53752_/Y
 _53753_/A1
 _53753_/A2
 _53753_/B1
 _53753_/Y
 _53754_/A
 _53754_/B
 _53754_/Y
 _53755_/A
 _53755_/B
 _53755_/Y
 _53756_/A
 _53756_/B
 _53756_/Y
 _53757_/A1
 _53757_/A2
 _53757_/B1
 _53757_/C1
 _53757_/D1
 _53757_/Y
 _53758_/A
 _53758_/B
 _53758_/Y
 _53759_/A
 _53759_/B
 _53759_/Y
 _53760_/A
 _53760_/B
 _53760_/Y
 _53761_/A
 _53761_/B
 _53761_/Y
 _53762_/A
 _53762_/B
 _53762_/C
 _53762_/D
 _53762_/Y
 _53763_/A1_N
 _53763_/A2_N
 _53763_/B1
 _53763_/B2
 _53763_/Y
 _53764_/A1
 _53764_/A2
 _53764_/B1
 _53764_/B2
 _53764_/C1
 _53764_/Y
 _53765_/A
 _53765_/Y
 _53766_/A1_N
 _53766_/A2_N
 _53766_/B1
 _53766_/B2
 _53766_/Y
 _53767_/A1
 _53767_/A2
 _53767_/B1
 _53767_/B2
 _53767_/C1
 _53767_/Y
 _53768_/A
 _53768_/Y
 _53771_/A1
 _53771_/A2
 _53771_/B1
 _53771_/B2
 _53771_/Y
 _53772_/A
 _53772_/B
 _53772_/X
 _53773_/A
 _53773_/B
 _53773_/Y
 _53774_/A1_N
 _53774_/A2_N
 _53774_/B1
 _53774_/B2
 _53774_/Y
 _53775_/A1
 _53775_/A2
 _53775_/B1
 _53775_/B2
 _53775_/C1
 _53775_/Y
 _53776_/A
 _53776_/B
 _53776_/C
 _53776_/D
 _53776_/Y
 _53777_/A
 _53777_/B
 _53777_/C
 _53777_/D
 _53777_/Y
 _53778_/A1
 _53778_/A2
 _53778_/B1
 _53778_/B2
 _53778_/Y
 _53779_/A
 _53779_/B
 _53779_/X
 _53780_/A
 _53780_/B
 _53780_/X
 _53781_/A1
 _53781_/A2
 _53781_/B1
 _53781_/C1
 _53781_/D1
 _53781_/X
 _53782_/A1
 _53782_/A2
 _53782_/B1
 _53782_/B2
 _53782_/Y
 _53783_/A1_N
 _53783_/A2_N
 _53783_/B1
 _53783_/B2
 _53783_/Y
 _53784_/A
 _53784_/B
 _53784_/Y
 _53785_/A
 _53785_/B
 _53785_/Y
 _53786_/A
 _53786_/B
 _53786_/Y
 _53787_/A
 _53787_/B
 _53787_/Y
 _53788_/A
 _53788_/B
 _53788_/Y
 _53789_/A
 _53789_/B
 _53789_/C
 _53789_/D
 _53789_/Y
 _53790_/A
 _53790_/B
 _53790_/Y
 _53791_/A
 _53791_/B
 _53791_/Y
 _53792_/A
 _53792_/B
 _53792_/Y
 _53793_/A
 _53793_/B
 _53793_/Y
 _53794_/A
 _53794_/B
 _53794_/C
 _53794_/D
 _53794_/Y
 _53795_/A
 _53795_/B
 _53795_/Y
 _53796_/A1
 _53796_/A2
 _53796_/B1
 _53796_/B2
 _53796_/Y
 _53797_/A1
 _53797_/A2
 _53797_/B1
 _53797_/B2
 _53797_/C1
 _53797_/Y
 _53798_/A
 _53798_/Y
 _53799_/A
 _53799_/B
 _53799_/X
 _53800_/A1
 _53800_/A2
 _53800_/B1
 _53800_/B2
 _53800_/C1
 _53800_/Y
 _53801_/A1
 _53801_/A2
 _53801_/B1
 _53801_/B2
 _53801_/Y
 _53802_/A
 _53802_/B
 _53802_/X
 _53803_/A
 _53803_/B
 _53803_/X
 _53804_/A
 _53804_/B
 _53804_/X
 _53805_/A
 _53805_/B
 _53805_/C
 _53805_/D
 _53805_/Y
 _53806_/A
 _53806_/B
 _53806_/C
 _53806_/D
 _53806_/Y
 _53807_/A
 _53807_/B
 _53807_/C
 _53807_/Y
 _53808_/A
 _53808_/B
 _53808_/C
 _53808_/D
 _53808_/Y
 _53809_/A
 _53809_/B
 _53809_/Y
 _53810_/A
 _53810_/B
 _53810_/Y
 _53811_/A
 _53811_/B
 _53811_/Y
 _53812_/A
 _53812_/B
 _53812_/Y
 _53813_/A
 _53813_/B
 _53813_/C
 _53813_/D
 _53813_/Y
 _53814_/A
 _53814_/B
 _53814_/Y
 _53815_/A
 _53815_/B
 _53815_/Y
 _53816_/A
 _53816_/B
 _53816_/Y
 _53817_/A
 _53817_/B
 _53817_/Y
 _53818_/A
 _53818_/B
 _53818_/C
 _53818_/D
 _53818_/Y
 _53819_/A
 _53819_/B
 _53819_/Y
 _53820_/A
 _53820_/B
 _53820_/Y
 _53821_/A
 _53821_/B
 _53821_/Y
 _53822_/A
 _53822_/B
 _53822_/Y
 _53823_/A
 _53823_/B
 _53823_/C
 _53823_/D
 _53823_/Y
 _53824_/A
 _53824_/B
 _53824_/Y
 _53825_/A
 _53825_/B
 _53825_/Y
 _53826_/A
 _53826_/B
 _53826_/Y
 _53827_/A
 _53827_/B
 _53827_/Y
 _53828_/A
 _53828_/B
 _53828_/C
 _53828_/D
 _53828_/Y
 _53829_/A
 _53829_/B
 _53829_/C
 _53829_/D
 _53829_/Y
 _53830_/A
 _53830_/B
 _53830_/X
 _53831_/A
 _53831_/B
 _53831_/X
 _53832_/A
 _53832_/B
 _53832_/X
 _53833_/A
 _53833_/B
 _53833_/C
 _53833_/Y
 _53834_/A
 _53834_/B
 _53834_/X
 _53835_/A
 _53835_/B
 _53835_/X
 _53836_/A
 _53836_/B
 _53836_/X
 _53837_/A
 _53837_/B
 _53837_/X
 _53838_/A
 _53838_/B
 _53838_/C
 _53838_/D
 _53838_/Y
 _53839_/A
 _53839_/B
 _53839_/X
 _53840_/A
 _53840_/B
 _53840_/X
 _53841_/A
 _53841_/B
 _53841_/X
 _53842_/A
 _53842_/B
 _53842_/X
 _53843_/A
 _53843_/B
 _53843_/C
 _53843_/D
 _53843_/Y
 _53844_/A
 _53844_/B
 _53844_/C
 _53844_/D
 _53844_/Y
 _53845_/A
 _53845_/Y
 _53846_/A1
 _53846_/A2
 _53846_/B1
 _53846_/B2
 _53846_/Y
 _53847_/A1
 _53847_/A2
 _53847_/B1
 _53847_/B2
 _53847_/C1
 _53847_/Y
 _53848_/A
 _53848_/Y
 _53849_/A1
 _53849_/A2
 _53849_/B1
 _53849_/B2
 _53849_/Y
 _53850_/A1
 _53850_/A2
 _53850_/B1
 _53850_/B2
 _53850_/C1
 _53850_/Y
 _53851_/A1_N
 _53851_/A2_N
 _53851_/B1
 _53851_/B2
 _53851_/Y
 _53852_/A
 _53852_/B
 _53852_/X
 _53853_/A1
 _53853_/A2
 _53853_/B1
 _53853_/B2
 _53853_/Y
 _53854_/A
 _53854_/Y
 _53855_/A1
 _53855_/A2
 _53855_/B1
 _53855_/B2
 _53855_/Y
 _53856_/A
 _53856_/B
 _53856_/C
 _53856_/D
 _53856_/Y
 _53857_/A
 _53857_/B
 _53857_/C
 _53857_/Y
 _53858_/A1_N
 _53858_/A2_N
 _53858_/B1
 _53858_/B2
 _53858_/Y
 _53859_/A1
 _53859_/A2
 _53859_/B1
 _53859_/B2
 _53859_/C1
 _53859_/Y
 _53860_/A1
 _53860_/A2
 _53860_/B1
 _53860_/B2
 _53860_/Y
 _53861_/A1
 _53861_/A2
 _53861_/B1
 _53861_/B2
 _53861_/C1
 _53861_/Y
 _53862_/A
 _53862_/B
 _53862_/Y
 _53863_/A1
 _53863_/A2
 _53863_/B1
 _53863_/B2
 _53863_/Y
 _53864_/A1
 _53864_/A2
 _53864_/B1
 _53864_/B2
 _53864_/Y
 _53865_/A1
 _53865_/A2
 _53865_/B1
 _53865_/B2
 _53865_/Y
 _53866_/A1
 _53866_/A2
 _53866_/B1
 _53866_/B2
 _53866_/C1
 _53866_/Y
 _53867_/A
 _53867_/B
 _53867_/C
 _53867_/D_N
 _53867_/X
 _53868_/A
 _53868_/B
 _53868_/C
 _53868_/Y
 _53869_/A
 _53869_/B
 _53869_/X
 _53870_/A
 _53870_/B
 _53870_/X
 _53871_/A
 _53871_/B
 _53871_/X
 _53872_/A
 _53872_/B
 _53872_/X
 _53873_/A
 _53873_/B
 _53873_/C
 _53873_/D
 _53873_/Y
 _53874_/A
 _53874_/B
 _53874_/X
 _53875_/A
 _53875_/B
 _53875_/X
 _53876_/A
 _53876_/B
 _53876_/X
 _53877_/A
 _53877_/B
 _53877_/X
 _53878_/A
 _53878_/B
 _53878_/C
 _53878_/D
 _53878_/Y
 _53879_/A
 _53879_/Y
 _53880_/A
 _53880_/Y
 _53881_/A1
 _53881_/A2
 _53881_/B1
 _53881_/B2
 _53881_/C1
 _53881_/C2
 _53881_/Y
 _53882_/A1
 _53882_/A2
 _53882_/B1
 _53882_/B2
 _53882_/Y
 _53883_/A1
 _53883_/A2
 _53883_/B1
 _53883_/B2
 _53883_/Y
 _53884_/A
 _53884_/B
 _53884_/C
 _53884_/Y
 _53885_/A
 _53885_/B
 _53885_/X
 _53886_/A
 _53886_/B
 _53886_/X
 _53887_/A1
 _53887_/A2
 _53887_/B1
 _53887_/B2
 _53887_/Y
 _53888_/A1
 _53888_/A2
 _53888_/B1
 _53888_/B2
 _53888_/C1
 _53888_/Y
 _53889_/A1_N
 _53889_/A2_N
 _53889_/B1
 _53889_/B2
 _53889_/Y
 _53890_/A1
 _53890_/A2
 _53890_/B1
 _53890_/B2
 _53890_/C1
 _53890_/Y
 _53891_/A1
 _53891_/A2
 _53891_/B1
 _53891_/Y
 _53892_/A
 _53892_/B
 _53892_/X
 _53893_/A
 _53893_/B
 _53893_/X
 _53894_/A1
 _53894_/A2
 _53894_/B1
 _53894_/B2
 _53894_/Y
 _53895_/A
 _53895_/B
 _53895_/C
 _53895_/D
 _53895_/Y
 _53896_/A
 _53896_/B
 _53896_/C
 _53896_/Y
 _53897_/A
 _53897_/B
 _53897_/C
 _53897_/D
 _53897_/Y
 _53898_/A
 _53898_/B
 _53898_/C
 _53898_/D
 _53898_/Y
 _53899_/A
 _53899_/B
 _53899_/X
 _53900_/A
 _53900_/B
 _53900_/X
 _53901_/A
 _53901_/B
 _53901_/X
 _53902_/A
 _53902_/B
 _53902_/X
 _53903_/A
 _53903_/B
 _53903_/C
 _53903_/D
 _53903_/Y
 _53904_/A
 _53904_/B
 _53904_/X
 _53905_/A
 _53905_/B
 _53905_/X
 _53906_/A
 _53906_/B
 _53906_/X
 _53907_/A
 _53907_/B
 _53907_/X
 _53908_/A
 _53908_/B
 _53908_/C
 _53908_/D
 _53908_/Y
 _53909_/A
 _53909_/B
 _53909_/X
 _53910_/A
 _53910_/B
 _53910_/X
 _53911_/A
 _53911_/B
 _53911_/X
 _53912_/A
 _53912_/B
 _53912_/X
 _53913_/A
 _53913_/B
 _53913_/C
 _53913_/D
 _53913_/Y
 _53914_/A
 _53914_/B
 _53914_/X
 _53915_/A
 _53915_/B
 _53915_/X
 _53916_/A
 _53916_/B
 _53916_/X
 _53917_/A
 _53917_/B
 _53917_/X
 _53918_/A
 _53918_/B
 _53918_/C
 _53918_/D
 _53918_/Y
 _53919_/A
 _53919_/B
 _53919_/C
 _53919_/D
 _53919_/Y
 _53920_/A
 _53920_/B
 _53920_/X
 _53921_/A
 _53921_/B
 _53921_/X
 _53922_/A
 _53922_/B
 _53922_/X
 _53923_/A
 _53923_/B
 _53923_/X
 _53924_/A
 _53924_/B
 _53924_/C
 _53924_/D
 _53924_/Y
 _53925_/A
 _53925_/B
 _53925_/X
 _53926_/A
 _53926_/B
 _53926_/X
 _53927_/A
 _53927_/B
 _53927_/X
 _53928_/A
 _53928_/B
 _53928_/X
 _53929_/A
 _53929_/B
 _53929_/C
 _53929_/D
 _53929_/Y
 _53930_/A
 _53930_/B
 _53930_/X
 _53931_/A
 _53931_/B
 _53931_/X
 _53932_/A
 _53932_/B
 _53932_/X
 _53933_/A
 _53933_/B
 _53933_/X
 _53934_/A
 _53934_/B
 _53934_/C
 _53934_/D
 _53934_/Y
 _53935_/A
 _53935_/B
 _53935_/X
 _53936_/A
 _53936_/B
 _53936_/X
 _53937_/A
 _53937_/B
 _53937_/X
 _53938_/A
 _53938_/B
 _53938_/X
 _53939_/A
 _53939_/B
 _53939_/C
 _53939_/D
 _53939_/Y
 _53940_/A
 _53940_/B
 _53940_/C
 _53940_/D
 _53940_/Y
 _53941_/A
 _53941_/B
 _53941_/X
 _53942_/A
 _53942_/B
 _53942_/X
 _53943_/A
 _53943_/B
 _53943_/X
 _53944_/A
 _53944_/B
 _53944_/C
 _53944_/Y
 _53945_/A
 _53945_/B
 _53945_/X
 _53946_/A
 _53946_/B
 _53946_/X
 _53947_/A
 _53947_/B
 _53947_/X
 _53948_/A
 _53948_/B
 _53948_/X
 _53949_/A
 _53949_/B
 _53949_/C
 _53949_/D
 _53949_/Y
 _53950_/A
 _53950_/B
 _53950_/X
 _53951_/A
 _53951_/B
 _53951_/X
 _53952_/A
 _53952_/B
 _53952_/X
 _53953_/A
 _53953_/B
 _53953_/X
 _53954_/A
 _53954_/B
 _53954_/C
 _53954_/D
 _53954_/Y
 _53955_/A
 _53955_/B
 _53955_/C
 _53955_/Y
 _53956_/A
 _53956_/Y
 _53957_/A
 _53957_/Y
 _53958_/A1
 _53958_/A2
 _53958_/B1
 _53958_/B2
 _53958_/Y
 _53959_/A1
 _53959_/A2
 _53959_/B1
 _53959_/B2
 _53959_/X
 _53960_/A
 _53960_/B
 _53960_/X
 _53961_/A1
 _53961_/A2
 _53961_/B1
 _53961_/C1
 _53961_/D1
 _53961_/Y
 _53962_/A1_N
 _53962_/A2_N
 _53962_/B1
 _53962_/B2
 _53962_/Y
 _53963_/A1
 _53963_/A2
 _53963_/B1
 _53963_/B2
 _53963_/C1
 _53963_/Y
 _53964_/A1_N
 _53964_/A2_N
 _53964_/B1
 _53964_/B2
 _53964_/Y
 _53965_/A1_N
 _53965_/A2_N
 _53965_/B1
 _53965_/B2
 _53965_/Y
 _53966_/A1
 _53966_/A2
 _53966_/B1
 _53966_/B2
 _53966_/X
 _53967_/A1
 _53967_/A2
 _53967_/B1
 _53967_/B2
 _53967_/C1
 _53967_/Y
 _53968_/A
 _53968_/Y
 _53969_/A1
 _53969_/A2
 _53969_/B1
 _53969_/B2
 _53969_/Y
 _53970_/A1_N
 _53970_/A2_N
 _53970_/B1
 _53970_/B2
 _53970_/Y
 _53971_/A
 _53971_/Y
 _53972_/A1
 _53972_/A2
 _53972_/B1
 _53972_/B2
 _53972_/Y
 _53973_/A1
 _53973_/A2
 _53973_/B1
 _53973_/Y
 _53974_/A
 _53974_/B
 _53974_/C
 _53974_/D
 _53974_/Y
 _53975_/A
 _53975_/B
 _53975_/C
 _53975_/D
 _53975_/X
 _53976_/A1
 _53976_/A2
 _53976_/B1
 _53976_/B2
 _53976_/Y
 _53977_/A1
 _53977_/A2
 _53977_/B1
 _53977_/B2
 _53977_/C1
 _53977_/Y
 _53978_/A1
 _53978_/A2
 _53978_/B1
 _53978_/B2
 _53978_/Y
 _53979_/A1
 _53979_/A2
 _53979_/B1
 _53979_/B2
 _53979_/C1
 _53979_/Y
 _53980_/A
 _53980_/Y
 _53981_/A1
 _53981_/A2
 _53981_/B1
 _53981_/B2
 _53981_/Y
 _53982_/A1
 _53982_/A2
 _53982_/B1
 _53982_/B2
 _53982_/C1
 _53982_/Y
 _53983_/A1
 _53983_/A2
 _53983_/B1
 _53983_/B2
 _53983_/Y
 _53984_/A1
 _53984_/A2
 _53984_/B1
 _53984_/B2
 _53984_/C1
 _53984_/Y
 _53985_/A
 _53985_/B
 _53985_/C
 _53985_/D
 _53985_/X
 _53986_/A
 _53986_/B
 _53986_/C
 _53986_/D
 _53986_/Y
 _53987_/A
 _53987_/B
 _53987_/C
 _53987_/D
 _53987_/X
 _53988_/A
 _53988_/B
 _53988_/Y
 _53989_/A
 _53989_/B
 _53989_/Y
 _53990_/A
 _53990_/B
 _53990_/Y
 _53991_/A
 _53991_/B
 _53991_/C
 _53991_/Y
 _53992_/A
 _53992_/B
 _53992_/X
 _53993_/A
 _53993_/B
 _53993_/X
 _53994_/A
 _53994_/B
 _53994_/X
 _53995_/A
 _53995_/B
 _53995_/X
 _53996_/A
 _53996_/B
 _53996_/C
 _53996_/D
 _53996_/Y
 _53997_/A
 _53997_/B
 _53997_/X
 _53998_/A
 _53998_/B
 _53998_/X
 _53999_/A1
 _53999_/A2
 _53999_/B1
 _53999_/B2
 _53999_/Y
 _54000_/A
 _54000_/B
 _54000_/X
 _54001_/A
 _54001_/B
 _54001_/C
 _54001_/D
 _54001_/Y
 _54002_/A
 _54002_/Y
 _54003_/A
 _54003_/B
 _54003_/Y
 _54004_/A1
 _54004_/A2
 _54004_/B1
 _54004_/B2
 _54004_/C1
 _54004_/Y
 _54005_/A1_N
 _54005_/A2_N
 _54005_/B1
 _54005_/B2
 _54005_/Y
 _54006_/A1
 _54006_/A2
 _54006_/B1
 _54006_/B2
 _54006_/X
 _54007_/A
 _54007_/B
 _54007_/Y
 _54008_/A
 _54008_/B
 _54008_/Y
 _54009_/A
 _54009_/B
 _54009_/Y
 _54010_/A
 _54010_/B
 _54010_/Y
 _54011_/A
 _54011_/B
 _54011_/C
 _54011_/D
 _54011_/Y
 _54012_/A
 _54012_/B
 _54012_/C
 _54012_/D
 _54012_/Y
 _54013_/A
 _54013_/B
 _54013_/X
 _54014_/A1
 _54014_/A2
 _54014_/B1
 _54014_/B2
 _54014_/C1
 _54014_/Y
 _54015_/A
 _54015_/B
 _54015_/Y
 _54016_/A
 _54016_/B
 _54016_/Y
 _54017_/A
 _54017_/B
 _54017_/C
 _54017_/Y
 _54018_/A
 _54018_/B
 _54018_/Y
 _54019_/A
 _54019_/B
 _54019_/Y
 _54020_/A
 _54020_/B
 _54020_/Y
 _54021_/A
 _54021_/B
 _54021_/Y
 _54022_/A
 _54022_/B
 _54022_/C
 _54022_/D
 _54022_/Y
 _54023_/A
 _54023_/B
 _54023_/X
 _54024_/A
 _54024_/B
 _54024_/X
 _54025_/A
 _54025_/B
 _54025_/X
 _54026_/A
 _54026_/B
 _54026_/X
 _54027_/A
 _54027_/B
 _54027_/C
 _54027_/D
 _54027_/Y
 _54028_/A
 _54028_/B
 _54028_/X
 _54029_/A
 _54029_/B
 _54029_/X
 _54030_/A
 _54030_/B
 _54030_/X
 _54031_/A
 _54031_/B
 _54031_/X
 _54032_/A
 _54032_/B
 _54032_/C
 _54032_/D
 _54032_/Y
 _54033_/A
 _54033_/B
 _54033_/X
 _54034_/A
 _54034_/B
 _54034_/X
 _54035_/A
 _54035_/B
 _54035_/X
 _54036_/A
 _54036_/B
 _54036_/X
 _54037_/A
 _54037_/B
 _54037_/C
 _54037_/D
 _54037_/Y
 _54038_/A
 _54038_/B
 _54038_/X
 _54039_/A
 _54039_/B
 _54039_/X
 _54040_/A
 _54040_/B
 _54040_/X
 _54041_/A
 _54041_/B
 _54041_/X
 _54042_/A
 _54042_/B
 _54042_/C
 _54042_/D
 _54042_/Y
 _54043_/A
 _54043_/B
 _54043_/C
 _54043_/D
 _54043_/Y
 _54044_/A
 _54044_/B
 _54044_/C
 _54044_/Y
 _54045_/A
 _54045_/B
 _54045_/C
 _54045_/D
 _54045_/Y
 _54046_/A1_N
 _54046_/A2_N
 _54046_/B1
 _54046_/B2
 _54046_/Y
 _54047_/A
 _54047_/B
 _54047_/X
 _54048_/A1_N
 _54048_/A2_N
 _54048_/B1
 _54048_/B2
 _54048_/Y
 _54049_/A1
 _54049_/A2
 _54049_/B1
 _54049_/B2
 _54049_/C1
 _54049_/Y
 _54050_/A
 _54050_/B
 _54050_/C
 _54050_/Y
 _54051_/A1_N
 _54051_/A2_N
 _54051_/B1
 _54051_/B2
 _54051_/Y
 _54052_/A1_N
 _54052_/A2_N
 _54052_/B1
 _54052_/B2
 _54052_/Y
 _54053_/A
 _54053_/B
 _54053_/Y
 _54054_/A1
 _54054_/A2
 _54054_/B1
 _54054_/Y
 _54055_/A1
 _54055_/A2
 _54055_/B1
 _54055_/B2
 _54055_/C1
 _54055_/Y
 _54056_/A1_N
 _54056_/A2_N
 _54056_/B1
 _54056_/B2
 _54056_/Y
 _54057_/A
 _54057_/Y
 _54058_/A1
 _54058_/A2
 _54058_/B1
 _54058_/B2
 _54058_/X
 _54059_/A1
 _54059_/A2
 _54059_/B1
 _54059_/B2
 _54059_/C1
 _54059_/Y
 _54060_/A1
 _54060_/A2
 _54060_/B1
 _54060_/C1
 _54060_/Y
 _54061_/A
 _54061_/B
 _54061_/X
 _54062_/A
 _54062_/B
 _54062_/X
 _54063_/A
 _54063_/Y
 _54064_/A1
 _54064_/A2
 _54064_/B1
 _54064_/B2
 _54064_/Y
 _54065_/A1
 _54065_/A2
 _54065_/B1
 _54065_/B2
 _54065_/C1
 _54065_/Y
 _54066_/A1
 _54066_/A2
 _54066_/B1
 _54066_/B2
 _54066_/Y
 _54067_/A1
 _54067_/A2
 _54067_/B1
 _54067_/B2
 _54067_/Y
 _54068_/A1_N
 _54068_/A2_N
 _54068_/B1
 _54068_/B2
 _54068_/Y
 _54069_/A1
 _54069_/A2
 _54069_/B1
 _54069_/B2
 _54069_/Y
 _54070_/A1
 _54070_/A2
 _54070_/B1
 _54070_/B2
 _54070_/Y
 _54071_/A
 _54071_/B
 _54071_/X
 _54072_/A
 _54072_/B
 _54072_/C
 _54072_/D
 _54072_/Y
 _54073_/A
 _54073_/B
 _54073_/C
 _54073_/D
 _54073_/Y
 _54074_/A
 _54074_/B
 _54074_/C
 _54074_/D
 _54074_/Y
 _54075_/A
 _54075_/B
 _54075_/C
 _54075_/D
 _54075_/Y
 _54076_/A
 _54076_/B
 _54076_/C
 _54076_/Y
 _54077_/A1
 _54077_/A2
 _54077_/B1
 _54077_/Y
 _54078_/A
 _54078_/B
 _54078_/Y
 _54079_/A
 _54079_/B
 _54079_/Y
 _54080_/A
 _54080_/B
 _54080_/Y
 _54081_/A1_N
 _54081_/A2_N
 _54081_/B1
 _54081_/B2
 _54081_/Y
 _54082_/A
 _54082_/B
 _54082_/Y
 _54083_/A
 _54083_/B
 _54083_/Y
 _54084_/A
 _54084_/B
 _54084_/Y
 _54085_/A
 _54085_/B
 _54085_/Y
 _54086_/A
 _54086_/B
 _54086_/C
 _54086_/D
 _54086_/Y
 _54087_/A
 _54087_/B
 _54087_/C
 _54087_/D
 _54087_/Y
 _54088_/A
 _54088_/B
 _54088_/Y
 _54089_/A
 _54089_/B
 _54089_/Y
 _54090_/A
 _54090_/B
 _54090_/Y
 _54091_/A
 _54091_/B
 _54091_/Y
 _54092_/A
 _54092_/B
 _54092_/C
 _54092_/D
 _54092_/Y
 _54093_/A
 _54093_/B
 _54093_/Y
 _54094_/A
 _54094_/B
 _54094_/Y
 _54095_/A
 _54095_/B
 _54095_/Y
 _54096_/A
 _54096_/B
 _54096_/Y
 _54097_/A
 _54097_/B
 _54097_/C
 _54097_/D
 _54097_/Y
 _54098_/A
 _54098_/B
 _54098_/Y
 _54099_/A
 _54099_/B
 _54099_/Y
 _54100_/A
 _54100_/B
 _54100_/Y
 _54101_/A
 _54101_/B
 _54101_/Y
 _54102_/A
 _54102_/B
 _54102_/C
 _54102_/D
 _54102_/Y
 _54103_/A
 _54103_/B
 _54103_/Y
 _54104_/A
 _54104_/B
 _54104_/Y
 _54105_/A
 _54105_/B
 _54105_/Y
 _54106_/A
 _54106_/B
 _54106_/Y
 _54107_/A
 _54107_/B
 _54107_/C
 _54107_/D
 _54107_/Y
 _54108_/A
 _54108_/B
 _54108_/C
 _54108_/D
 _54108_/Y
 _54109_/A
 _54109_/B
 _54109_/X
 _54110_/A
 _54110_/B
 _54110_/X
 _54111_/A
 _54111_/B
 _54111_/X
 _54112_/A
 _54112_/B
 _54112_/X
 _54113_/A
 _54113_/B
 _54113_/X
 _54114_/A
 _54114_/B
 _54114_/X
 _54115_/A
 _54115_/B
 _54115_/X
 _54116_/A
 _54116_/B
 _54116_/C
 _54116_/D
 _54116_/Y
 _54117_/A
 _54117_/B
 _54117_/X
 _54118_/A
 _54118_/B
 _54118_/X
 _54119_/A
 _54119_/B
 _54119_/X
 _54120_/A
 _54120_/B
 _54120_/X
 _54121_/A
 _54121_/B
 _54121_/C
 _54121_/D
 _54121_/Y
 _54122_/A
 _54122_/B
 _54122_/X
 _54123_/A
 _54123_/B
 _54123_/X
 _54124_/A
 _54124_/B
 _54124_/X
 _54125_/A
 _54125_/B
 _54125_/X
 _54126_/A
 _54126_/B
 _54126_/C
 _54126_/D
 _54126_/Y
 _54127_/A
 _54127_/B
 _54127_/X
 _54128_/A
 _54128_/B
 _54128_/X
 _54129_/A
 _54129_/B
 _54129_/X
 _54130_/A
 _54130_/B
 _54130_/X
 _54131_/A
 _54131_/B
 _54131_/C
 _54131_/D
 _54131_/Y
 _54132_/A
 _54132_/B
 _54132_/C
 _54132_/D
 _54132_/Y
 _54133_/A
 _54133_/B
 _54133_/C
 _54133_/D
 _54133_/Y
 _54134_/A
 _54134_/B
 _54134_/Y
 _54135_/A
 _54135_/B
 _54135_/Y
 _54136_/A
 _54136_/B
 _54136_/Y
 _54137_/A
 _54137_/B
 _54137_/Y
 _54138_/A
 _54138_/B
 _54138_/C
 _54138_/D
 _54138_/Y
 _54139_/A
 _54139_/B
 _54139_/Y
 _54140_/A
 _54140_/B
 _54140_/Y
 _54141_/A
 _54141_/B
 _54141_/Y
 _54142_/A
 _54142_/B
 _54142_/Y
 _54143_/A
 _54143_/B
 _54143_/C
 _54143_/D
 _54143_/Y
 _54144_/A
 _54144_/Y
 _54145_/A1
 _54145_/A2
 _54145_/B1
 _54145_/B2
 _54145_/C1
 _54145_/C2
 _54145_/Y
 _54146_/A
 _54146_/Y
 _54147_/A1
 _54147_/A2
 _54147_/B1
 _54147_/B2
 _54147_/Y
 _54148_/A1
 _54148_/A2
 _54148_/B1
 _54148_/B2
 _54148_/C1
 _54148_/Y
 _54149_/A
 _54149_/B
 _54149_/Y
 _54150_/A
 _54150_/B
 _54150_/Y
 _54151_/A
 _54151_/B
 _54151_/C
 _54151_/D
 _54151_/Y
 _54152_/A
 _54152_/B
 _54152_/X
 _54153_/A1
 _54153_/A2
 _54153_/B1
 _54153_/B2
 _54153_/C1
 _54153_/Y
 _54154_/A
 _54154_/Y
 _54155_/A1
 _54155_/A2
 _54155_/B1
 _54155_/B2
 _54155_/Y
 _54156_/A1
 _54156_/A2
 _54156_/B1
 _54156_/B2
 _54156_/Y
 _54157_/A
 _54157_/B
 _54157_/Y
 _54158_/A1
 _54158_/A2
 _54158_/B1
 _54158_/B2
 _54158_/C1
 _54158_/Y
 _54159_/A1
 _54159_/A2
 _54159_/B1
 _54159_/B2
 _54159_/Y
 _54160_/A1
 _54160_/A2
 _54160_/B1
 _54160_/B2
 _54160_/Y
 _54161_/A
 _54161_/B
 _54161_/C
 _54161_/Y
 _54162_/A
 _54162_/B
 _54162_/C
 _54162_/D
 _54162_/Y
 _54163_/A
 _54163_/B
 _54163_/C
 _54163_/D
 _54163_/Y
 _54164_/A
 _54164_/B
 _54164_/C
 _54164_/D
 _54164_/Y
 _54165_/A
 _54165_/B
 _54165_/Y
 _54166_/A
 _54166_/B
 _54166_/Y
 _54167_/A
 _54167_/B
 _54167_/Y
 _54168_/A
 _54168_/B
 _54168_/X
 _54169_/A
 _54169_/B
 _54169_/X
 _54170_/A
 _54170_/B
 _54170_/X
 _54171_/A
 _54171_/B
 _54171_/X
 _54172_/A
 _54172_/B
 _54172_/C
 _54172_/D
 _54172_/Y
 _54173_/A
 _54173_/B
 _54173_/C
 _54173_/D
 _54173_/Y
 _54174_/A
 _54174_/B
 _54174_/Y
 _54175_/A
 _54175_/B
 _54175_/Y
 _54176_/A
 _54176_/B
 _54176_/Y
 _54177_/A
 _54177_/B
 _54177_/Y
 _54178_/A
 _54178_/B
 _54178_/C
 _54178_/D
 _54178_/Y
 _54179_/A
 _54179_/B
 _54179_/X
 _54180_/A
 _54180_/B
 _54180_/X
 _54181_/A
 _54181_/B
 _54181_/X
 _54182_/A
 _54182_/B
 _54182_/X
 _54183_/A
 _54183_/B
 _54183_/C
 _54183_/D
 _54183_/Y
 _54184_/A
 _54184_/B
 _54184_/X
 _54185_/A
 _54185_/B
 _54185_/X
 _54186_/A
 _54186_/B
 _54186_/X
 _54187_/A
 _54187_/B
 _54187_/X
 _54188_/A
 _54188_/B
 _54188_/C
 _54188_/D
 _54188_/Y
 _54189_/A
 _54189_/B
 _54189_/X
 _54190_/A
 _54190_/B
 _54190_/X
 _54191_/A
 _54191_/B
 _54191_/X
 _54192_/A
 _54192_/B
 _54192_/X
 _54193_/A
 _54193_/B
 _54193_/C
 _54193_/D
 _54193_/Y
 _54194_/A
 _54194_/B
 _54194_/X
 _54195_/A
 _54195_/B
 _54195_/X
 _54196_/A
 _54196_/B
 _54196_/X
 _54197_/A
 _54197_/B
 _54197_/X
 _54198_/A
 _54198_/B
 _54198_/C
 _54198_/D
 _54198_/Y
 _54199_/A
 _54199_/B
 _54199_/C
 _54199_/D
 _54199_/Y
 _54200_/A1
 _54200_/A2
 _54200_/B1
 _54200_/B2
 _54200_/Y
 _54201_/A1
 _54201_/A2
 _54201_/B1
 _54201_/B2
 _54201_/Y
 _54202_/A
 _54202_/Y
 _54203_/A1_N
 _54203_/A2_N
 _54203_/B1
 _54203_/B2
 _54203_/Y
 _54204_/A1
 _54204_/A2
 _54204_/B1
 _54204_/B2
 _54204_/C1
 _54204_/Y
 _54205_/A
 _54205_/B
 _54205_/X
 _54206_/A1
 _54206_/A2
 _54206_/B1
 _54206_/Y
 _54207_/A
 _54207_/B
 _54207_/Y
 _54208_/A
 _54208_/B
 _54208_/Y
 _54209_/A
 _54209_/B
 _54209_/C
 _54209_/D
 _54209_/Y
 _54210_/A
 _54210_/B
 _54210_/C
 _54210_/D
 _54210_/Y
 _54211_/A1_N
 _54211_/A2_N
 _54211_/B1
 _54211_/B2
 _54211_/Y
 _54212_/A
 _54212_/Y
 _54213_/A1
 _54213_/A2
 _54213_/B1
 _54213_/B2
 _54213_/Y
 _54214_/A
 _54214_/B
 _54214_/X
 _54215_/A
 _54215_/B
 _54215_/X
 _54216_/A
 _54216_/B
 _54216_/C
 _54216_/D
 _54216_/Y
 _54217_/A
 _54217_/Y
 _54218_/A1_N
 _54218_/A2_N
 _54218_/B1
 _54218_/B2
 _54218_/Y
 _54219_/A1
 _54219_/A2
 _54219_/B1
 _54219_/B2
 _54219_/C1
 _54219_/Y
 _54220_/A1
 _54220_/A2
 _54220_/B1
 _54220_/B2
 _54220_/X
 _54221_/A1
 _54221_/A2
 _54221_/B1
 _54221_/B2
 _54221_/C1
 _54221_/Y
 _54222_/A
 _54222_/B
 _54222_/C
 _54222_/D
 _54222_/Y
 _54223_/A
 _54223_/B
 _54223_/C
 _54223_/D
 _54223_/Y
 _54224_/A
 _54224_/B
 _54224_/Y
 _54225_/A
 _54225_/B
 _54225_/Y
 _54226_/A
 _54226_/B
 _54226_/Y
 _54227_/A
 _54227_/B
 _54227_/Y
 _54228_/A
 _54228_/B
 _54228_/C
 _54228_/D
 _54228_/Y
 _54229_/A
 _54229_/B
 _54229_/Y
 _54230_/A
 _54230_/B
 _54230_/Y
 _54231_/A
 _54231_/B
 _54231_/Y
 _54232_/A
 _54232_/B
 _54232_/Y
 _54233_/A
 _54233_/B
 _54233_/C
 _54233_/D
 _54233_/Y
 _54234_/A
 _54234_/B
 _54234_/Y
 _54235_/A
 _54235_/B
 _54235_/Y
 _54236_/A
 _54236_/B
 _54236_/Y
 _54237_/A
 _54237_/B
 _54237_/Y
 _54238_/A
 _54238_/B
 _54238_/C
 _54238_/D
 _54238_/Y
 _54239_/A
 _54239_/B
 _54239_/Y
 _54240_/A
 _54240_/B
 _54240_/Y
 _54241_/A
 _54241_/B
 _54241_/Y
 _54242_/A
 _54242_/B
 _54242_/Y
 _54243_/A
 _54243_/B
 _54243_/C
 _54243_/D
 _54243_/Y
 _54244_/A
 _54244_/B
 _54244_/C
 _54244_/D
 _54244_/Y
 _54245_/A1
 _54245_/A2
 _54245_/B1
 _54245_/B2
 _54245_/C1
 _54245_/C2
 _54245_/Y
 _54246_/A
 _54246_/B
 _54246_/X
 _54247_/A1
 _54247_/A2
 _54247_/B1
 _54247_/B2
 _54247_/Y
 _54248_/A1
 _54248_/A2
 _54248_/B1
 _54248_/B2
 _54248_/Y
 _54249_/A1
 _54249_/A2
 _54249_/B1
 _54249_/B2
 _54249_/X
 _54250_/A
 _54250_/B
 _54250_/C
 _54250_/D
 _54250_/Y
 _54251_/A
 _54251_/B
 _54251_/C
 _54251_/D
 _54251_/X
 _54252_/A
 _54252_/B
 _54252_/X
 _54253_/A
 _54253_/B
 _54253_/X
 _54254_/A
 _54254_/B
 _54254_/X
 _54255_/A
 _54255_/B
 _54255_/Y
 _54256_/A
 _54256_/B
 _54256_/Y
 _54257_/A
 _54257_/B
 _54257_/Y
 _54258_/A
 _54258_/B
 _54258_/Y
 _54259_/A
 _54259_/B
 _54259_/C
 _54259_/D
 _54259_/Y
 _54260_/A
 _54260_/B
 _54260_/C
 _54260_/D
 _54260_/Y
 _54261_/A1_N
 _54261_/A2_N
 _54261_/B1
 _54261_/B2
 _54261_/Y
 _54262_/A1
 _54262_/A2
 _54262_/B1
 _54262_/B2
 _54262_/X
 _54263_/A
 _54263_/Y
 _54264_/A1
 _54264_/A2
 _54264_/B1
 _54264_/B2
 _54264_/Y
 _54265_/A
 _54265_/Y
 _54266_/A1
 _54266_/A2
 _54266_/B1
 _54266_/Y
 _54267_/A
 _54267_/B
 _54267_/C
 _54267_/D
 _54267_/Y
 _54268_/A
 _54268_/B
 _54268_/Y
 _54269_/A
 _54269_/B
 _54269_/Y
 _54270_/A
 _54270_/B
 _54270_/Y
 _54271_/A
 _54271_/B
 _54271_/Y
 _54272_/A
 _54272_/B
 _54272_/C
 _54272_/D
 _54272_/Y
 _54273_/A
 _54273_/B
 _54273_/Y
 _54274_/A
 _54274_/B
 _54274_/Y
 _54275_/A
 _54275_/B
 _54275_/Y
 _54276_/A
 _54276_/B
 _54276_/Y
 _54277_/A
 _54277_/B
 _54277_/C
 _54277_/D
 _54277_/Y
 _54278_/A
 _54278_/B
 _54278_/Y
 _54279_/A
 _54279_/B
 _54279_/Y
 _54280_/A
 _54280_/B
 _54280_/Y
 _54281_/A
 _54281_/B
 _54281_/Y
 _54282_/A
 _54282_/B
 _54282_/C
 _54282_/D
 _54282_/Y
 _54283_/A
 _54283_/B
 _54283_/Y
 _54284_/A
 _54284_/B
 _54284_/Y
 _54285_/A
 _54285_/B
 _54285_/Y
 _54286_/A
 _54286_/B
 _54286_/Y
 _54287_/A
 _54287_/B
 _54287_/C
 _54287_/D
 _54287_/Y
 _54288_/A
 _54288_/B
 _54288_/C
 _54288_/D
 _54288_/Y
 _54289_/A
 _54289_/B
 _54289_/C
 _54289_/Y
 _54290_/A1
 _54290_/A2
 _54290_/B1
 _54290_/B2
 _54290_/Y
 _54291_/A
 _54291_/Y
 _54292_/A1
 _54292_/A2
 _54292_/B1
 _54292_/B2
 _54292_/Y
 _54293_/A1
 _54293_/A2
 _54293_/B1
 _54293_/B2
 _54293_/Y
 _54294_/A
 _54294_/B
 _54294_/X
 _54295_/A
 _54295_/B
 _54295_/C
 _54295_/D
 _54295_/Y
 _54296_/A1_N
 _54296_/A2_N
 _54296_/B1
 _54296_/B2
 _54296_/Y
 _54297_/A
 _54297_/B
 _54297_/X
 _54298_/A
 _54298_/B
 _54298_/X
 _54299_/A
 _54299_/B
 _54299_/X
 _54300_/A
 _54300_/B
 _54300_/C
 _54300_/D
 _54300_/Y
 _54301_/A
 _54301_/Y
 _54302_/A1
 _54302_/A2
 _54302_/B1
 _54302_/B2
 _54302_/C1
 _54302_/C2
 _54302_/Y
 _54303_/A1
 _54303_/A2
 _54303_/B1
 _54303_/B2
 _54303_/Y
 _54304_/A
 _54304_/B
 _54304_/X
 _54305_/A1_N
 _54305_/A2_N
 _54305_/B1
 _54305_/B2
 _54305_/Y
 _54306_/A1
 _54306_/A2
 _54306_/B1
 _54306_/B2
 _54306_/C1
 _54306_/Y
 _54307_/A
 _54307_/B
 _54307_/C_N
 _54307_/Y
 _54308_/A
 _54308_/B
 _54308_/C
 _54308_/D
 _54308_/Y
 _54309_/A1
 _54309_/A2
 _54309_/B1
 _54309_/B2
 _54309_/Y
 _54310_/A1
 _54310_/A2
 _54310_/B1
 _54310_/B2
 _54310_/C1
 _54310_/Y
 _54311_/A1
 _54311_/A2
 _54311_/B1
 _54311_/B2
 _54311_/Y
 _54312_/A1_N
 _54312_/A2_N
 _54312_/B1
 _54312_/B2
 _54312_/Y
 _54313_/A
 _54313_/B
 _54313_/X
 _54314_/A
 _54314_/B
 _54314_/X
 _54315_/A
 _54315_/B
 _54315_/X
 _54316_/A
 _54316_/B
 _54316_/X
 _54317_/A
 _54317_/B
 _54317_/C
 _54317_/D
 _54317_/Y
 _54318_/A
 _54318_/B
 _54318_/C
 _54318_/D
 _54318_/Y
 _54319_/A
 _54319_/B
 _54319_/X
 _54320_/A
 _54320_/B
 _54320_/X
 _54321_/A
 _54321_/B
 _54321_/X
 _54322_/A
 _54322_/B
 _54322_/X
 _54323_/A
 _54323_/B
 _54323_/C
 _54323_/D
 _54323_/Y
 _54324_/A
 _54324_/B
 _54324_/X
 _54325_/A
 _54325_/B
 _54325_/X
 _54326_/A
 _54326_/B
 _54326_/X
 _54327_/A
 _54327_/B
 _54327_/X
 _54328_/A
 _54328_/B
 _54328_/C
 _54328_/D
 _54328_/Y
 _54329_/A
 _54329_/B
 _54329_/X
 _54330_/A
 _54330_/B
 _54330_/X
 _54331_/A
 _54331_/B
 _54331_/X
 _54332_/A
 _54332_/B
 _54332_/X
 _54333_/A
 _54333_/B
 _54333_/C
 _54333_/D
 _54333_/Y
 _54334_/A
 _54334_/B
 _54334_/X
 _54335_/A
 _54335_/B
 _54335_/X
 _54336_/A
 _54336_/B
 _54336_/X
 _54337_/A
 _54337_/B
 _54337_/X
 _54338_/A
 _54338_/B
 _54338_/C
 _54338_/D
 _54338_/Y
 _54339_/A
 _54339_/B
 _54339_/C
 _54339_/D
 _54339_/Y
 _54340_/A
 _54340_/B
 _54340_/C
 _54340_/D
 _54340_/X
 _54341_/A
 _54341_/B
 _54341_/Y
 _54342_/A
 _54342_/B
 _54342_/Y
 _54343_/A
 _54343_/B
 _54343_/Y
 _54344_/A
 _54344_/B
 _54344_/X
 _54345_/A
 _54345_/B
 _54345_/X
 _54346_/A
 _54346_/B
 _54346_/X
 _54347_/A
 _54347_/B
 _54347_/X
 _54348_/A
 _54348_/B
 _54348_/C
 _54348_/D
 _54348_/Y
 _54349_/A
 _54349_/B
 _54349_/C
 _54349_/D
 _54349_/Y
 _54350_/A
 _54350_/B
 _54350_/Y
 _54351_/A
 _54351_/B
 _54351_/Y
 _54352_/A
 _54352_/B
 _54352_/Y
 _54353_/A
 _54353_/B
 _54353_/Y
 _54354_/A
 _54354_/B
 _54354_/C
 _54354_/D
 _54354_/Y
 _54355_/A
 _54355_/B
 _54355_/X
 _54356_/A
 _54356_/B
 _54356_/X
 _54357_/A
 _54357_/B
 _54357_/X
 _54358_/A
 _54358_/B
 _54358_/X
 _54359_/A
 _54359_/B
 _54359_/C
 _54359_/D
 _54359_/Y
 _54360_/A
 _54360_/B
 _54360_/X
 _54361_/A
 _54361_/B
 _54361_/X
 _54362_/A
 _54362_/B
 _54362_/X
 _54363_/A
 _54363_/B
 _54363_/X
 _54364_/A
 _54364_/B
 _54364_/C
 _54364_/D
 _54364_/Y
 _54365_/A
 _54365_/B
 _54365_/X
 _54366_/A
 _54366_/B
 _54366_/X
 _54367_/A
 _54367_/B
 _54367_/X
 _54368_/A
 _54368_/B
 _54368_/X
 _54369_/A
 _54369_/B
 _54369_/C
 _54369_/D
 _54369_/Y
 _54370_/A
 _54370_/B
 _54370_/X
 _54371_/A
 _54371_/B
 _54371_/X
 _54372_/A
 _54372_/B
 _54372_/X
 _54373_/A
 _54373_/B
 _54373_/X
 _54374_/A
 _54374_/B
 _54374_/C
 _54374_/D
 _54374_/Y
 _54375_/A
 _54375_/B
 _54375_/C
 _54375_/D
 _54375_/Y
 _54376_/A
 _54376_/B
 _54376_/C
 _54376_/Y
 _54377_/A
 _54377_/B
 _54377_/Y
 _54378_/A
 _54378_/B
 _54378_/Y
 _54379_/A
 _54379_/B
 _54379_/Y
 _54380_/A
 _54380_/B
 _54380_/Y
 _54381_/A
 _54381_/B
 _54381_/C
 _54381_/D
 _54381_/Y
 _54382_/A
 _54382_/B
 _54382_/Y
 _54383_/A
 _54383_/B
 _54383_/Y
 _54384_/A
 _54384_/B
 _54384_/Y
 _54385_/A
 _54385_/B
 _54385_/Y
 _54386_/A
 _54386_/B
 _54386_/C
 _54386_/D
 _54386_/Y
 _54387_/A1
 _54387_/A2
 _54387_/B1
 _54387_/B2
 _54387_/C1
 _54387_/C2
 _54387_/Y
 _54388_/A
 _54388_/Y
 _54389_/A1
 _54389_/A2
 _54389_/B1
 _54389_/B2
 _54389_/Y
 _54390_/A1
 _54390_/A2
 _54390_/B1
 _54390_/B2
 _54390_/C1
 _54390_/Y
 _54391_/A
 _54391_/Y
 _54392_/A1_N
 _54392_/A2_N
 _54392_/B1
 _54392_/B2
 _54392_/Y
 _54393_/A1
 _54393_/A2
 _54393_/B1
 _54393_/B2
 _54393_/C1
 _54393_/Y
 _54394_/A
 _54394_/B
 _54394_/C
 _54394_/Y
 _54395_/A
 _54395_/B
 _54395_/C
 _54395_/Y
 _54396_/A
 _54396_/B
 _54396_/Y
 _54397_/A
 _54397_/B
 _54397_/Y
 _54398_/A
 _54398_/B
 _54398_/Y
 _54399_/A
 _54399_/B
 _54399_/Y
 _54400_/A
 _54400_/B
 _54400_/C
 _54400_/D
 _54400_/Y
 _54401_/A
 _54401_/B
 _54401_/Y
 _54402_/A
 _54402_/B
 _54402_/Y
 _54403_/A
 _54403_/B
 _54403_/Y
 _54404_/A
 _54404_/B
 _54404_/Y
 _54405_/A
 _54405_/B
 _54405_/C
 _54405_/D
 _54405_/Y
 _54406_/A
 _54406_/Y
 _54407_/A1_N
 _54407_/A2_N
 _54407_/B1
 _54407_/B2
 _54407_/Y
 _54408_/A1
 _54408_/A2
 _54408_/B1
 _54408_/B2
 _54408_/C1
 _54408_/Y
 _54409_/A1
 _54409_/A2
 _54409_/B1
 _54409_/B2
 _54409_/Y
 _54410_/A1
 _54410_/A2
 _54410_/B1
 _54410_/B2
 _54410_/C1
 _54410_/Y
 _54411_/A1
 _54411_/A2
 _54411_/B1
 _54411_/B2
 _54411_/Y
 _54412_/A1
 _54412_/A2
 _54412_/B1
 _54412_/B2
 _54412_/Y
 _54413_/A
 _54413_/B
 _54413_/X
 _54414_/A
 _54414_/B
 _54414_/X
 _54415_/A
 _54415_/B
 _54415_/C
 _54415_/D
 _54415_/Y
 _54416_/A
 _54416_/B
 _54416_/Y
 _54417_/A1
 _54417_/A2
 _54417_/B1
 _54417_/C1
 _54417_/Y
 _54418_/A
 _54418_/B
 _54418_/X
 _54419_/A
 _54419_/B
 _54419_/X
 _54420_/A
 _54420_/B
 _54420_/Y
 _54421_/A
 _54421_/B
 _54421_/Y
 _54422_/A
 _54422_/B
 _54422_/Y
 _54423_/A
 _54423_/B
 _54423_/Y
 _54424_/A
 _54424_/B
 _54424_/C
 _54424_/D
 _54424_/Y
 _54425_/A
 _54425_/B
 _54425_/C
 _54425_/D
 _54425_/Y
 _54426_/A
 _54426_/B
 _54426_/C
 _54426_/D
 _54426_/Y
 _54427_/A
 _54427_/B
 _54427_/C
 _54427_/Y
 _54428_/A
 _54428_/B
 _54428_/C
 _54428_/X
 _54429_/A
 _54429_/B
 _54429_/Y
 _54430_/A
 _54430_/B
 _54430_/Y
 _54431_/A
 _54431_/B
 _54431_/Y
 _54432_/A
 _54432_/B
 _54432_/Y
 _54433_/A
 _54433_/B
 _54433_/C
 _54433_/D
 _54433_/Y
 _54434_/A
 _54434_/B
 _54434_/Y
 _54435_/A
 _54435_/B
 _54435_/Y
 _54436_/A
 _54436_/B
 _54436_/Y
 _54437_/A
 _54437_/B
 _54437_/Y
 _54438_/A
 _54438_/B
 _54438_/C
 _54438_/D
 _54438_/Y
 _54439_/A
 _54439_/B
 _54439_/Y
 _54440_/A
 _54440_/B
 _54440_/Y
 _54441_/A
 _54441_/B
 _54441_/Y
 _54442_/A
 _54442_/B
 _54442_/Y
 _54443_/A
 _54443_/B
 _54443_/C
 _54443_/D
 _54443_/Y
 _54444_/A
 _54444_/B
 _54444_/Y
 _54445_/A
 _54445_/B
 _54445_/Y
 _54446_/A
 _54446_/B
 _54446_/Y
 _54447_/A
 _54447_/B
 _54447_/Y
 _54448_/A
 _54448_/B
 _54448_/C
 _54448_/D
 _54448_/Y
 _54449_/A
 _54449_/B
 _54449_/C
 _54449_/D
 _54449_/Y
 _54450_/A
 _54450_/B
 _54450_/Y
 _54451_/A
 _54451_/B
 _54451_/Y
 _54452_/A
 _54452_/B
 _54452_/Y
 _54453_/A
 _54453_/B
 _54453_/Y
 _54454_/A
 _54454_/B
 _54454_/C
 _54454_/D
 _54454_/Y
 _54455_/A
 _54455_/B
 _54455_/Y
 _54456_/A
 _54456_/B
 _54456_/Y
 _54457_/A
 _54457_/B
 _54457_/Y
 _54458_/A
 _54458_/B
 _54458_/Y
 _54459_/A
 _54459_/B
 _54459_/C
 _54459_/D
 _54459_/Y
 _54460_/A
 _54460_/B
 _54460_/Y
 _54461_/A
 _54461_/B
 _54461_/Y
 _54462_/A
 _54462_/B
 _54462_/Y
 _54463_/A
 _54463_/B
 _54463_/Y
 _54464_/A
 _54464_/B
 _54464_/C
 _54464_/D
 _54464_/Y
 _54465_/A
 _54465_/B
 _54465_/Y
 _54466_/A
 _54466_/B
 _54466_/Y
 _54467_/A
 _54467_/B
 _54467_/Y
 _54468_/A
 _54468_/B
 _54468_/Y
 _54469_/A
 _54469_/B
 _54469_/C
 _54469_/D
 _54469_/Y
 _54470_/A
 _54470_/B
 _54470_/C
 _54470_/D
 _54470_/Y
 _54471_/A
 _54471_/B
 _54471_/Y
 _54472_/A
 _54472_/B
 _54472_/Y
 _54473_/A
 _54473_/B
 _54473_/Y
 _54474_/A
 _54474_/B
 _54474_/C
 _54474_/Y
 _54475_/A
 _54475_/B
 _54475_/Y
 _54476_/A
 _54476_/B
 _54476_/Y
 _54477_/A
 _54477_/B
 _54477_/Y
 _54478_/A
 _54478_/B
 _54478_/Y
 _54479_/A
 _54479_/B
 _54479_/C
 _54479_/D
 _54479_/Y
 _54480_/A
 _54480_/B
 _54480_/Y
 _54481_/A
 _54481_/B
 _54481_/Y
 _54482_/A
 _54482_/B
 _54482_/Y
 _54483_/A
 _54483_/B
 _54483_/Y
 _54484_/A
 _54484_/B
 _54484_/C
 _54484_/D
 _54484_/Y
 _54485_/A
 _54485_/B
 _54485_/C
 _54485_/Y
 _54486_/A
 _54486_/B
 _54486_/C
 _54486_/Y
 _54487_/A
 _54487_/Y
 _54488_/A1
 _54488_/A2
 _54488_/B1
 _54488_/B2
 _54488_/Y
 _54489_/A1
 _54489_/A2
 _54489_/B1
 _54489_/B2
 _54489_/Y
 _54490_/A
 _54490_/Y
 _54491_/A
 _54491_/Y
 _54492_/A1
 _54492_/A2
 _54492_/B1
 _54492_/B2
 _54492_/Y
 _54493_/A1
 _54493_/A2
 _54493_/B1
 _54493_/B2
 _54493_/C1
 _54493_/Y
 _54494_/A
 _54494_/B
 _54494_/X
 _54495_/A1
 _54495_/A2
 _54495_/B1
 _54495_/B2
 _54495_/C1
 _54495_/Y
 _54496_/A
 _54496_/B
 _54496_/Y
 _54497_/A
 _54497_/B
 _54497_/Y
 _54498_/A
 _54498_/B
 _54498_/C
 _54498_/Y
 _54499_/A
 _54499_/B
 _54499_/C
 _54499_/D
 _54499_/Y
 _54500_/A1_N
 _54500_/A2_N
 _54500_/B1
 _54500_/B2
 _54500_/Y
 _54501_/A1
 _54501_/A2
 _54501_/B1
 _54501_/B2
 _54501_/C1
 _54501_/Y
 _54502_/A1
 _54502_/A2
 _54502_/B1
 _54502_/B2
 _54502_/X
 _54503_/A1
 _54503_/A2
 _54503_/B1
 _54503_/B2
 _54503_/C1
 _54503_/Y
 _54504_/A1
 _54504_/A2
 _54504_/B1
 _54504_/B2
 _54504_/Y
 _54505_/A1_N
 _54505_/A2_N
 _54505_/B1
 _54505_/B2
 _54505_/Y
 _54506_/A1
 _54506_/A2
 _54506_/B1
 _54506_/B2
 _54506_/Y
 _54507_/A
 _54507_/B
 _54507_/X
 _54508_/A
 _54508_/B
 _54508_/C
 _54508_/D
 _54508_/Y
 _54509_/A
 _54509_/B
 _54509_/C
 _54509_/D
 _54509_/Y
 _54510_/A
 _54510_/Y
 _54511_/A1
 _54511_/A2
 _54511_/B1
 _54511_/B2
 _54511_/Y
 _54512_/A1
 _54512_/A2
 _54512_/B1
 _54512_/B2
 _54512_/C1
 _54512_/Y
 _54513_/A
 _54513_/B
 _54513_/X
 _54514_/A1
 _54514_/A2
 _54514_/B1
 _54514_/Y
 _54515_/A
 _54515_/B
 _54515_/C
 _54515_/Y
 _54516_/A1
 _54516_/A2
 _54516_/B1
 _54516_/B2
 _54516_/Y
 _54517_/A1
 _54517_/A2
 _54517_/B1
 _54517_/Y
 _54518_/A
 _54518_/B
 _54518_/C
 _54518_/D_N
 _54518_/Y
 _54519_/A
 _54519_/B
 _54519_/X
 _54520_/A
 _54520_/B
 _54520_/X
 _54521_/A
 _54521_/B
 _54521_/X
 _54522_/A
 _54522_/B
 _54522_/X
 _54523_/A
 _54523_/B
 _54523_/C
 _54523_/D
 _54523_/Y
 _54524_/A
 _54524_/B
 _54524_/X
 _54525_/A
 _54525_/B
 _54525_/X
 _54526_/A
 _54526_/B
 _54526_/X
 _54527_/A
 _54527_/B
 _54527_/X
 _54528_/A
 _54528_/B
 _54528_/C
 _54528_/D
 _54528_/Y
 _54529_/A
 _54529_/B
 _54529_/X
 _54530_/A
 _54530_/B
 _54530_/X
 _54531_/A
 _54531_/B
 _54531_/X
 _54532_/A
 _54532_/B
 _54532_/C
 _54532_/Y
 _54533_/A
 _54533_/B
 _54533_/C
 _54533_/Y
 _54534_/A
 _54534_/B
 _54534_/X
 _54535_/A
 _54535_/B
 _54535_/X
 _54536_/A
 _54536_/B
 _54536_/X
 _54537_/A
 _54537_/B
 _54537_/X
 _54538_/A
 _54538_/B
 _54538_/C
 _54538_/D
 _54538_/Y
 _54539_/A
 _54539_/B
 _54539_/X
 _54540_/A
 _54540_/B
 _54540_/X
 _54541_/A
 _54541_/B
 _54541_/X
 _54542_/A
 _54542_/B
 _54542_/X
 _54543_/A
 _54543_/B
 _54543_/C
 _54543_/D
 _54543_/Y
 _54544_/A
 _54544_/B
 _54544_/X
 _54545_/A
 _54545_/B
 _54545_/X
 _54546_/A
 _54546_/B
 _54546_/X
 _54547_/A
 _54547_/B
 _54547_/X
 _54548_/A
 _54548_/B
 _54548_/C
 _54548_/D
 _54548_/Y
 _54549_/A
 _54549_/B
 _54549_/X
 _54550_/A
 _54550_/B
 _54550_/X
 _54551_/A
 _54551_/B
 _54551_/X
 _54552_/A
 _54552_/B
 _54552_/X
 _54553_/A
 _54553_/B
 _54553_/C
 _54553_/D
 _54553_/Y
 _54554_/A
 _54554_/B
 _54554_/C
 _54554_/D
 _54554_/Y
 _54555_/A1
 _54555_/A2
 _54555_/B1
 _54555_/B2
 _54555_/Y
 _54556_/A1
 _54556_/A2
 _54556_/B1
 _54556_/B2
 _54556_/C1
 _54556_/X
 _54557_/A1_N
 _54557_/A2_N
 _54557_/B1
 _54557_/B2
 _54557_/Y
 _54558_/A1
 _54558_/A2
 _54558_/B1
 _54558_/B2
 _54558_/Y
 _54559_/A
 _54559_/B
 _54559_/Y
 _54560_/A
 _54560_/B
 _54560_/Y
 _54561_/A
 _54561_/B
 _54561_/Y
 _54562_/A
 _54562_/B
 _54562_/Y
 _54563_/A
 _54563_/B
 _54563_/C
 _54563_/D
 _54563_/Y
 _54564_/A
 _54564_/B
 _54564_/C
 _54564_/D
 _54564_/Y
 _54565_/A
 _54565_/Y
 _54566_/A1
 _54566_/A2
 _54566_/B1
 _54566_/B2
 _54566_/C1
 _54566_/C2
 _54566_/Y
 _54567_/A
 _54567_/Y
 _54568_/A
 _54568_/B
 _54568_/X
 _54569_/A1
 _54569_/A2
 _54569_/B1
 _54569_/B2
 _54569_/C1
 _54569_/Y
 _54570_/A
 _54570_/Y
 _54571_/A1
 _54571_/A2
 _54571_/B1
 _54571_/B2
 _54571_/Y
 _54572_/A1
 _54572_/A2
 _54572_/B1
 _54572_/B2
 _54572_/C1
 _54572_/Y
 _54573_/A
 _54573_/B
 _54573_/C
 _54573_/D
 _54573_/Y
 _54574_/A
 _54574_/B
 _54574_/C
 _54574_/Y
 _54575_/A
 _54575_/B
 _54575_/X
 _54576_/A
 _54576_/B
 _54576_/Y
 _54577_/A
 _54577_/B
 _54577_/Y
 _54578_/A
 _54578_/B
 _54578_/Y
 _54579_/A1
 _54579_/A2
 _54579_/B1
 _54579_/C1
 _54579_/D1
 _54579_/Y
 _54580_/A
 _54580_/B
 _54580_/X
 _54581_/A
 _54581_/B
 _54581_/X
 _54582_/A
 _54582_/B
 _54582_/X
 _54583_/A
 _54583_/B
 _54583_/X
 _54584_/A
 _54584_/B
 _54584_/C
 _54584_/D
 _54584_/Y
 _54585_/A
 _54585_/B
 _54585_/Y
 _54586_/A
 _54586_/B
 _54586_/Y
 _54587_/A
 _54587_/B
 _54587_/Y
 _54588_/A
 _54588_/B
 _54588_/Y
 _54589_/A
 _54589_/B
 _54589_/C
 _54589_/D
 _54589_/Y
 _54590_/A
 _54590_/B
 _54590_/Y
 _54591_/A
 _54591_/B
 _54591_/Y
 _54592_/A
 _54592_/B
 _54592_/Y
 _54593_/A
 _54593_/B
 _54593_/Y
 _54594_/A
 _54594_/B
 _54594_/C
 _54594_/D
 _54594_/Y
 _54595_/A
 _54595_/B
 _54595_/Y
 _54596_/A
 _54596_/B
 _54596_/Y
 _54597_/A
 _54597_/B
 _54597_/Y
 _54598_/A
 _54598_/B
 _54598_/Y
 _54599_/A
 _54599_/B
 _54599_/C
 _54599_/D
 _54599_/Y
 _54600_/A
 _54600_/B
 _54600_/Y
 _54601_/A
 _54601_/B
 _54601_/Y
 _54602_/A
 _54602_/B
 _54602_/Y
 _54603_/A
 _54603_/B
 _54603_/Y
 _54604_/A
 _54604_/B
 _54604_/C
 _54604_/D
 _54604_/Y
 _54605_/A
 _54605_/B
 _54605_/C
 _54605_/D
 _54605_/Y
 _54606_/A
 _54606_/B
 _54606_/C
 _54606_/D
 _54606_/Y
 _54607_/A
 _54607_/B
 _54607_/X
 _54608_/A
 _54608_/B
 _54608_/X
 _54609_/A
 _54609_/B
 _54609_/X
 _54610_/A
 _54610_/B
 _54610_/X
 _54611_/A
 _54611_/B
 _54611_/C
 _54611_/D
 _54611_/Y
 _54612_/A
 _54612_/B
 _54612_/X
 _54613_/A
 _54613_/B
 _54613_/X
 _54614_/A
 _54614_/B
 _54614_/X
 _54615_/A
 _54615_/B
 _54615_/X
 _54616_/A
 _54616_/B
 _54616_/C
 _54616_/D
 _54616_/Y
 _54617_/A
 _54617_/B
 _54617_/X
 _54618_/A
 _54618_/B
 _54618_/X
 _54619_/A
 _54619_/B
 _54619_/X
 _54620_/A
 _54620_/B
 _54620_/X
 _54621_/A
 _54621_/B
 _54621_/C
 _54621_/D
 _54621_/Y
 _54622_/A
 _54622_/B
 _54622_/X
 _54623_/A
 _54623_/B
 _54623_/X
 _54624_/A
 _54624_/B
 _54624_/X
 _54625_/A
 _54625_/B
 _54625_/X
 _54626_/A
 _54626_/B
 _54626_/C
 _54626_/D
 _54626_/Y
 _54627_/A
 _54627_/B
 _54627_/C
 _54627_/D
 _54627_/Y
 _54628_/A
 _54628_/B
 _54628_/Y
 _54629_/A
 _54629_/B
 _54629_/Y
 _54630_/A
 _54630_/B
 _54630_/Y
 _54631_/A
 _54631_/B
 _54631_/X
 _54632_/A1
 _54632_/A2
 _54632_/B1
 _54632_/B2
 _54632_/C1
 _54632_/X
 _54633_/A1_N
 _54633_/A2_N
 _54633_/B1
 _54633_/B2
 _54633_/Y
 _54634_/A1_N
 _54634_/A2_N
 _54634_/B1
 _54634_/B2
 _54634_/Y
 _54635_/A
 _54635_/B
 _54635_/Y
 _54636_/A
 _54636_/B
 _54636_/Y
 _54637_/A
 _54637_/B
 _54637_/Y
 _54638_/A
 _54638_/B
 _54638_/Y
 _54639_/A
 _54639_/B
 _54639_/C
 _54639_/D
 _54639_/Y
 _54640_/A
 _54640_/B
 _54640_/C
 _54640_/D
 _54640_/Y
 _54641_/A
 _54641_/B
 _54641_/C
 _54641_/D
 _54641_/Y
 _54642_/A1
 _54642_/A2
 _54642_/B1
 _54642_/B2
 _54642_/Y
 _54643_/A1_N
 _54643_/A2_N
 _54643_/B1
 _54643_/B2
 _54643_/Y
 _54644_/A
 _54644_/Y
 _54645_/A1
 _54645_/A2
 _54645_/B1
 _54645_/B2
 _54645_/Y
 _54646_/A1
 _54646_/A2
 _54646_/B1
 _54646_/B2
 _54646_/C1
 _54646_/Y
 _54647_/A
 _54647_/B
 _54647_/X
 _54648_/A1
 _54648_/A2
 _54648_/B1
 _54648_/Y
 _54649_/A
 _54649_/B
 _54649_/X
 _54650_/A
 _54650_/B
 _54650_/X
 _54651_/A
 _54651_/B
 _54651_/C
 _54651_/D
 _54651_/Y
 _54652_/A
 _54652_/B
 _54652_/C
 _54652_/D
 _54652_/Y
 _54653_/A
 _54653_/Y
 _54654_/A1
 _54654_/A2
 _54654_/B1
 _54654_/B2
 _54654_/C1
 _54654_/C2
 _54654_/Y
 _54655_/A
 _54655_/Y
 _54656_/A1
 _54656_/A2
 _54656_/B1
 _54656_/B2
 _54656_/Y
 _54657_/A1
 _54657_/A2
 _54657_/B1
 _54657_/B2
 _54657_/C1
 _54657_/X
 _54658_/A1
 _54658_/A2
 _54658_/B1
 _54658_/B2
 _54658_/Y
 _54659_/A1
 _54659_/A2
 _54659_/B1
 _54659_/B2
 _54659_/Y
 _54660_/A
 _54660_/B
 _54660_/C
 _54660_/Y
 _54661_/A
 _54661_/B
 _54661_/Y
 _54662_/A
 _54662_/B
 _54662_/C
 _54662_/D
 _54662_/Y
 _54663_/A
 _54663_/Y
 _54664_/A1
 _54664_/A2
 _54664_/B1
 _54664_/B2
 _54664_/Y
 _54665_/A1
 _54665_/A2
 _54665_/B1
 _54665_/B2
 _54665_/C1
 _54665_/Y
 _54666_/A1
 _54666_/A2
 _54666_/B1
 _54666_/B2
 _54666_/Y
 _54667_/A1
 _54667_/A2
 _54667_/B1
 _54667_/B2
 _54667_/X
 _54668_/A
 _54668_/B
 _54668_/C
 _54668_/Y
 _54669_/A1
 _54669_/A2
 _54669_/B1
 _54669_/B2
 _54669_/Y
 _54670_/A1
 _54670_/A2
 _54670_/B1
 _54670_/B2
 _54670_/C1
 _54670_/Y
 _54671_/A1_N
 _54671_/A2_N
 _54671_/B1
 _54671_/B2
 _54671_/Y
 _54672_/A
 _54672_/B
 _54672_/X
 _54673_/A
 _54673_/B
 _54673_/C
 _54673_/Y
 _54674_/A1_N
 _54674_/A2_N
 _54674_/B1
 _54674_/B2
 _54674_/Y
 _54675_/A
 _54675_/B
 _54675_/X
 _54676_/A1
 _54676_/A2
 _54676_/B1
 _54676_/C1
 _54676_/Y
 _54677_/A
 _54677_/B
 _54677_/Y
 _54678_/A
 _54678_/B
 _54678_/X
 _54679_/A
 _54679_/B
 _54679_/X
 _54680_/A
 _54680_/B
 _54680_/X
 _54681_/A
 _54681_/B
 _54681_/X
 _54682_/A
 _54682_/B
 _54682_/C
 _54682_/D
 _54682_/Y
 _54683_/A1
 _54683_/A2
 _54683_/B1
 _54683_/C1
 _54683_/D1
 _54683_/Y
 _54684_/A
 _54684_/B
 _54684_/Y
 _54685_/A
 _54685_/B
 _54685_/Y
 _54686_/A
 _54686_/B
 _54686_/Y
 _54687_/A
 _54687_/B
 _54687_/Y
 _54688_/A
 _54688_/B
 _54688_/C
 _54688_/D
 _54688_/Y
 _54689_/A
 _54689_/B
 _54689_/Y
 _54690_/A
 _54690_/B
 _54690_/Y
 _54691_/A
 _54691_/B
 _54691_/Y
 _54692_/A
 _54692_/B
 _54692_/Y
 _54693_/A
 _54693_/B
 _54693_/C
 _54693_/D
 _54693_/Y
 _54694_/A
 _54694_/B
 _54694_/C
 _54694_/Y
 _54695_/A
 _54695_/B
 _54695_/C
 _54695_/D
 _54695_/X
 _54696_/A
 _54696_/B
 _54696_/X
 _54697_/A
 _54697_/B
 _54697_/X
 _54698_/A
 _54698_/B
 _54698_/X
 _54699_/A
 _54699_/B
 _54699_/X
 _54700_/A
 _54700_/B
 _54700_/C
 _54700_/D
 _54700_/Y
 _54701_/A
 _54701_/B
 _54701_/X
 _54702_/A
 _54702_/B
 _54702_/X
 _54703_/A
 _54703_/B
 _54703_/X
 _54704_/A
 _54704_/B
 _54704_/X
 _54705_/A
 _54705_/B
 _54705_/C
 _54705_/D
 _54705_/Y
 _54706_/A
 _54706_/B
 _54706_/X
 _54707_/A
 _54707_/B
 _54707_/X
 _54708_/A
 _54708_/B
 _54708_/X
 _54709_/A
 _54709_/B
 _54709_/C
 _54709_/Y
 _54710_/A
 _54710_/B
 _54710_/C
 _54710_/Y
 _54711_/A
 _54711_/B
 _54711_/X
 _54712_/A
 _54712_/B
 _54712_/X
 _54713_/A
 _54713_/B
 _54713_/X
 _54714_/A
 _54714_/B
 _54714_/X
 _54715_/A
 _54715_/B
 _54715_/C
 _54715_/D
 _54715_/Y
 _54716_/A
 _54716_/B
 _54716_/X
 _54717_/A
 _54717_/B
 _54717_/X
 _54718_/A
 _54718_/B
 _54718_/X
 _54719_/A
 _54719_/B
 _54719_/X
 _54720_/A
 _54720_/B
 _54720_/C
 _54720_/D
 _54720_/Y
 _54721_/A
 _54721_/B
 _54721_/X
 _54722_/A
 _54722_/B
 _54722_/X
 _54723_/A
 _54723_/B
 _54723_/X
 _54724_/A
 _54724_/B
 _54724_/X
 _54725_/A
 _54725_/B
 _54725_/C
 _54725_/D
 _54725_/Y
 _54726_/A
 _54726_/B
 _54726_/X
 _54727_/A
 _54727_/B
 _54727_/X
 _54728_/A
 _54728_/B
 _54728_/X
 _54729_/A
 _54729_/B
 _54729_/X
 _54730_/A
 _54730_/B
 _54730_/C
 _54730_/D
 _54730_/Y
 _54731_/A
 _54731_/B
 _54731_/C
 _54731_/D
 _54731_/Y
 _54732_/A1
 _54732_/A2
 _54732_/B1
 _54732_/B2
 _54732_/Y
 _54733_/A1
 _54733_/A2
 _54733_/B1
 _54733_/B2
 _54733_/Y
 _54734_/A
 _54734_/Y
 _54735_/A1
 _54735_/A2
 _54735_/B1
 _54735_/B2
 _54735_/Y
 _54736_/A1
 _54736_/A2
 _54736_/B1
 _54736_/B2
 _54736_/C1
 _54736_/Y
 _54737_/A1
 _54737_/A2
 _54737_/B1
 _54737_/B2
 _54737_/Y
 _54738_/A1
 _54738_/A2
 _54738_/B1
 _54738_/Y
 _54739_/A
 _54739_/B
 _54739_/C
 _54739_/D_N
 _54739_/X
 _54740_/A
 _54740_/Y
 _54741_/A1
 _54741_/A2
 _54741_/B1
 _54741_/B2
 _54741_/Y
 _54742_/A1
 _54742_/A2
 _54742_/B1
 _54742_/B2
 _54742_/C1
 _54742_/Y
 _54743_/A1
 _54743_/A2
 _54743_/B1
 _54743_/B2
 _54743_/Y
 _54744_/A1_N
 _54744_/A2_N
 _54744_/B1
 _54744_/B2
 _54744_/Y
 _54745_/A
 _54745_/B
 _54745_/C
 _54745_/Y
 _54746_/A1
 _54746_/A2
 _54746_/B1
 _54746_/B2
 _54746_/Y
 _54747_/A1
 _54747_/A2
 _54747_/B1
 _54747_/B2
 _54747_/Y
 _54748_/A1_N
 _54748_/A2_N
 _54748_/B1
 _54748_/B2
 _54748_/Y
 _54749_/A1
 _54749_/A2
 _54749_/B1
 _54749_/B2
 _54749_/C1
 _54749_/Y
 _54750_/A
 _54750_/B
 _54750_/C
 _54750_/D
 _54750_/Y
 _54751_/A
 _54751_/B
 _54751_/C
 _54751_/D
 _54751_/Y
 _54752_/A
 _54752_/Y
 _54753_/A1
 _54753_/A2
 _54753_/B1
 _54753_/B2
 _54753_/Y
 _54754_/A
 _54754_/Y
 _54755_/A1
 _54755_/A2
 _54755_/B1
 _54755_/Y
 _54756_/A
 _54756_/B
 _54756_/X
 _54757_/A
 _54757_/B
 _54757_/X
 _54758_/A
 _54758_/B
 _54758_/C
 _54758_/D
 _54758_/Y
 _54759_/A
 _54759_/B
 _54759_/X
 _54760_/A
 _54760_/B
 _54760_/X
 _54761_/A
 _54761_/B
 _54761_/X
 _54762_/A
 _54762_/B
 _54762_/X
 _54763_/A
 _54763_/B
 _54763_/C
 _54763_/D
 _54763_/Y
 _54764_/A
 _54764_/B
 _54764_/Y
 _54765_/A
 _54765_/B
 _54765_/Y
 _54766_/A
 _54766_/B
 _54766_/Y
 _54767_/A
 _54767_/B
 _54767_/Y
 _54768_/A
 _54768_/B
 _54768_/C
 _54768_/D
 _54768_/Y
 _54769_/A
 _54769_/B
 _54769_/Y
 _54770_/A
 _54770_/B
 _54770_/Y
 _54771_/A
 _54771_/B
 _54771_/Y
 _54772_/A
 _54772_/B
 _54772_/Y
 _54773_/A
 _54773_/B
 _54773_/C
 _54773_/D
 _54773_/Y
 _54774_/A
 _54774_/B
 _54774_/Y
 _54775_/A
 _54775_/B
 _54775_/Y
 _54776_/A
 _54776_/B
 _54776_/Y
 _54777_/A
 _54777_/B
 _54777_/Y
 _54778_/A
 _54778_/B
 _54778_/C
 _54778_/D
 _54778_/Y
 _54779_/A
 _54779_/B
 _54779_/Y
 _54780_/A
 _54780_/B
 _54780_/Y
 _54781_/A
 _54781_/B
 _54781_/Y
 _54782_/A
 _54782_/B
 _54782_/Y
 _54783_/A
 _54783_/B
 _54783_/C
 _54783_/D
 _54783_/Y
 _54784_/A
 _54784_/B
 _54784_/C
 _54784_/D
 _54784_/Y
 _54785_/A
 _54785_/B
 _54785_/C
 _54785_/D
 _54785_/Y
 _54786_/A1_N
 _54786_/A2_N
 _54786_/B1
 _54786_/B2
 _54786_/Y
 _54787_/A
 _54787_/B
 _54787_/Y
 _54788_/A
 _54788_/Y
 _54789_/A1
 _54789_/A2
 _54789_/B1
 _54789_/B2
 _54789_/Y
 _54790_/A1
 _54790_/A2
 _54790_/B1
 _54790_/B2
 _54790_/C1
 _54790_/Y
 _54791_/A1
 _54791_/A2
 _54791_/B1
 _54791_/B2
 _54791_/Y
 _54792_/A
 _54792_/B
 _54792_/X
 _54793_/A
 _54793_/B
 _54793_/X
 _54794_/A
 _54794_/B
 _54794_/X
 _54795_/A
 _54795_/B
 _54795_/C
 _54795_/D
 _54795_/Y
 _54796_/A
 _54796_/B
 _54796_/C
 _54796_/D
 _54796_/Y
 _54797_/A
 _54797_/B
 _54797_/Y
 _54798_/A
 _54798_/B
 _54798_/Y
 _54799_/A
 _54799_/B
 _54799_/Y
 _54800_/A
 _54800_/B
 _54800_/X
 _54801_/A
 _54801_/B
 _54801_/X
 _54802_/A
 _54802_/B
 _54802_/X
 _54803_/A
 _54803_/B
 _54803_/X
 _54804_/A
 _54804_/B
 _54804_/C
 _54804_/D
 _54804_/Y
 _54805_/A
 _54805_/B
 _54805_/C
 _54805_/D
 _54805_/Y
 _54806_/A
 _54806_/B
 _54806_/Y
 _54807_/A
 _54807_/B
 _54807_/Y
 _54808_/A
 _54808_/B
 _54808_/Y
 _54809_/A
 _54809_/B
 _54809_/Y
 _54810_/A
 _54810_/B
 _54810_/C
 _54810_/D
 _54810_/Y
 _54811_/A
 _54811_/B
 _54811_/C
 _54811_/Y
 _54812_/A
 _54812_/B
 _54812_/Y
 _54813_/A1
 _54813_/A2
 _54813_/B1
 _54813_/B2
 _54813_/C1
 _54813_/Y
 _54814_/A1_N
 _54814_/A2_N
 _54814_/B1
 _54814_/B2
 _54814_/Y
 _54815_/A
 _54815_/Y
 _54816_/A
 _54816_/Y
 _54817_/A1
 _54817_/A2
 _54817_/B1
 _54817_/B2
 _54817_/Y
 _54818_/A
 _54818_/B
 _54818_/X
 _54819_/A1
 _54819_/A2
 _54819_/B1
 _54819_/Y
 _54820_/A
 _54820_/B
 _54820_/Y
 _54821_/A
 _54821_/B
 _54821_/Y
 _54822_/A
 _54822_/B
 _54822_/C
 _54822_/D
 _54822_/Y
 _54823_/A
 _54823_/B
 _54823_/C
 _54823_/D
 _54823_/Y
 _54824_/A
 _54824_/B
 _54824_/Y
 _54825_/A
 _54825_/B
 _54825_/Y
 _54826_/A
 _54826_/B
 _54826_/Y
 _54827_/A
 _54827_/B
 _54827_/Y
 _54828_/A
 _54828_/B
 _54828_/C
 _54828_/D
 _54828_/Y
 _54829_/A
 _54829_/B
 _54829_/Y
 _54830_/A
 _54830_/B
 _54830_/Y
 _54831_/A
 _54831_/B
 _54831_/Y
 _54832_/A
 _54832_/B
 _54832_/Y
 _54833_/A
 _54833_/B
 _54833_/C
 _54833_/D
 _54833_/Y
 _54834_/A
 _54834_/B
 _54834_/Y
 _54835_/A
 _54835_/B
 _54835_/Y
 _54836_/A
 _54836_/B
 _54836_/Y
 _54837_/A
 _54837_/B
 _54837_/Y
 _54838_/A
 _54838_/B
 _54838_/C
 _54838_/D
 _54838_/Y
 _54839_/A
 _54839_/B
 _54839_/Y
 _54840_/A
 _54840_/B
 _54840_/Y
 _54841_/A
 _54841_/B
 _54841_/Y
 _54842_/A
 _54842_/B
 _54842_/Y
 _54843_/A
 _54843_/B
 _54843_/C
 _54843_/D
 _54843_/Y
 _54844_/A
 _54844_/B
 _54844_/C
 _54844_/D
 _54844_/Y
 _54845_/A
 _54845_/B
 _54845_/Y
 _54846_/A
 _54846_/B
 _54846_/Y
 _54847_/A
 _54847_/B
 _54847_/Y
 _54848_/A
 _54848_/B
 _54848_/Y
 _54849_/A
 _54849_/B
 _54849_/C
 _54849_/D
 _54849_/Y
 _54850_/A
 _54850_/B
 _54850_/Y
 _54851_/A
 _54851_/B
 _54851_/Y
 _54852_/A
 _54852_/B
 _54852_/Y
 _54853_/A
 _54853_/B
 _54853_/Y
 _54854_/A
 _54854_/B
 _54854_/C
 _54854_/D
 _54854_/Y
 _54855_/A1
 _54855_/A2
 _54855_/B1
 _54855_/B2
 _54855_/Y
 _54856_/A1
 _54856_/A2
 _54856_/B1
 _54856_/B2
 _54856_/Y
 _54857_/A1
 _54857_/A2
 _54857_/B1
 _54857_/B2
 _54857_/C1
 _54857_/Y
 _54858_/A
 _54858_/B
 _54858_/Y
 _54859_/A
 _54859_/B
 _54859_/Y
 _54860_/A
 _54860_/B
 _54860_/Y
 _54861_/A1
 _54861_/A2
 _54861_/B1
 _54861_/C1
 _54861_/D1
 _54861_/X
 _54862_/A1_N
 _54862_/A2_N
 _54862_/B1
 _54862_/B2
 _54862_/Y
 _54863_/A1
 _54863_/A2
 _54863_/B1
 _54863_/B2
 _54863_/C1
 _54863_/Y
 _54864_/A1
 _54864_/A2
 _54864_/B1
 _54864_/B2
 _54864_/Y
 _54865_/A1
 _54865_/A2
 _54865_/B1
 _54865_/B2
 _54865_/C1
 _54865_/Y
 _54866_/A1_N
 _54866_/A2_N
 _54866_/B1
 _54866_/B2
 _54866_/Y
 _54867_/A1
 _54867_/A2
 _54867_/B1
 _54867_/B2
 _54867_/C1
 _54867_/Y
 _54868_/A1
 _54868_/A2
 _54868_/B1
 _54868_/B2
 _54868_/X
 _54869_/A1
 _54869_/A2
 _54869_/B1
 _54869_/B2
 _54869_/C1
 _54869_/Y
 _54870_/A
 _54870_/B
 _54870_/C
 _54870_/D
 _54870_/Y
 _54871_/A
 _54871_/B
 _54871_/C
 _54871_/D
 _54871_/Y
 _54872_/A
 _54872_/B
 _54872_/C
 _54872_/D
 _54872_/Y
 _54873_/A
 _54873_/Y
 _54874_/A1
 _54874_/A2
 _54874_/B1
 _54874_/B2
 _54874_/C1
 _54874_/C2
 _54874_/Y
 _54875_/A
 _54875_/B
 _54875_/X
 _54876_/A1
 _54876_/A2
 _54876_/B1
 _54876_/B2
 _54876_/C1
 _54876_/Y
 _54877_/A
 _54877_/B
 _54877_/Y
 _54878_/A
 _54878_/B
 _54878_/Y
 _54879_/A
 _54879_/B
 _54879_/C
 _54879_/D
 _54879_/Y
 _54880_/A
 _54880_/B
 _54880_/X
 _54881_/A1
 _54881_/A2
 _54881_/B1
 _54881_/Y
 _54882_/A
 _54882_/B
 _54882_/X
 _54883_/A
 _54883_/B
 _54883_/X
 _54884_/A
 _54884_/B
 _54884_/C
 _54884_/D
 _54884_/Y
 _54885_/A
 _54885_/B
 _54885_/X
 _54886_/A
 _54886_/B
 _54886_/X
 _54887_/A
 _54887_/B
 _54887_/X
 _54888_/A
 _54888_/B
 _54888_/X
 _54889_/A
 _54889_/B
 _54889_/C
 _54889_/D
 _54889_/Y
 _54890_/A
 _54890_/B
 _54890_/Y
 _54891_/A
 _54891_/B
 _54891_/Y
 _54892_/A
 _54892_/B
 _54892_/Y
 _54893_/A1
 _54893_/A2
 _54893_/B1
 _54893_/B2
 _54893_/Y
 _54894_/A1
 _54894_/A2
 _54894_/B1
 _54894_/B2
 _54894_/C1
 _54894_/Y
 _54895_/A1
 _54895_/A2
 _54895_/B1
 _54895_/C1
 _54895_/D1
 _54895_/Y
 _54896_/A
 _54896_/Y
 _54897_/A1_N
 _54897_/A2_N
 _54897_/B1
 _54897_/B2
 _54897_/Y
 _54898_/A1
 _54898_/A2
 _54898_/B1
 _54898_/B2
 _54898_/C1
 _54898_/Y
 _54899_/A
 _54899_/Y
 _54900_/A1
 _54900_/A2
 _54900_/B1
 _54900_/B2
 _54900_/Y
 _54901_/A1
 _54901_/A2
 _54901_/B1
 _54901_/B2
 _54901_/C1
 _54901_/Y
 _54902_/A
 _54902_/B
 _54902_/X
 _54903_/A
 _54903_/B
 _54903_/X
 _54904_/A
 _54904_/B
 _54904_/X
 _54905_/A
 _54905_/B
 _54905_/X
 _54906_/A
 _54906_/B
 _54906_/C
 _54906_/D
 _54906_/Y
 _54907_/A
 _54907_/B
 _54907_/X
 _54908_/A
 _54908_/B
 _54908_/X
 _54909_/A
 _54909_/B
 _54909_/X
 _54910_/A
 _54910_/B
 _54910_/X
 _54911_/A
 _54911_/B
 _54911_/C
 _54911_/D
 _54911_/Y
 _54912_/A
 _54912_/B
 _54912_/C
 _54912_/D
 _54912_/Y
 _54913_/A
 _54913_/B
 _54913_/C
 _54913_/D
 _54913_/Y
 _54914_/A
 _54914_/B
 _54914_/X
 _54915_/A
 _54915_/B
 _54915_/X
 _54916_/A
 _54916_/B
 _54916_/X
 _54917_/A
 _54917_/B
 _54917_/C
 _54917_/Y
 _54918_/A
 _54918_/B
 _54918_/Y
 _54919_/A
 _54919_/B
 _54919_/Y
 _54920_/A
 _54920_/B
 _54920_/Y
 _54921_/A
 _54921_/B
 _54921_/Y
 _54922_/A
 _54922_/B
 _54922_/C
 _54922_/D
 _54922_/Y
 _54923_/A
 _54923_/B
 _54923_/Y
 _54924_/A
 _54924_/B
 _54924_/Y
 _54925_/A
 _54925_/B
 _54925_/Y
 _54926_/A
 _54926_/B
 _54926_/Y
 _54927_/A
 _54927_/B
 _54927_/C
 _54927_/D
 _54927_/Y
 _54928_/A
 _54928_/B
 _54928_/Y
 _54929_/A
 _54929_/B
 _54929_/Y
 _54930_/A
 _54930_/B
 _54930_/Y
 _54931_/A
 _54931_/B
 _54931_/Y
 _54932_/A
 _54932_/B
 _54932_/C
 _54932_/D
 _54932_/Y
 _54933_/A
 _54933_/B
 _54933_/Y
 _54934_/A
 _54934_/B
 _54934_/Y
 _54935_/A
 _54935_/B
 _54935_/Y
 _54936_/A
 _54936_/B
 _54936_/Y
 _54937_/A
 _54937_/B
 _54937_/C
 _54937_/D
 _54937_/Y
 _54938_/A
 _54938_/B
 _54938_/C
 _54938_/D
 _54938_/Y
 _54939_/A
 _54939_/B
 _54939_/Y
 _54940_/A
 _54940_/B
 _54940_/Y
 _54941_/A
 _54941_/B
 _54941_/Y
 _54942_/A
 _54942_/B
 _54942_/Y
 _54943_/A
 _54943_/B
 _54943_/C
 _54943_/D
 _54943_/Y
 _54944_/A
 _54944_/B
 _54944_/Y
 _54945_/A
 _54945_/B
 _54945_/Y
 _54946_/A
 _54946_/B
 _54946_/Y
 _54947_/A
 _54947_/B
 _54947_/Y
 _54948_/A
 _54948_/B
 _54948_/C
 _54948_/D
 _54948_/Y
 _54949_/A
 _54949_/B
 _54949_/Y
 _54950_/A
 _54950_/B
 _54950_/Y
 _54951_/A
 _54951_/B
 _54951_/Y
 _54952_/A
 _54952_/B
 _54952_/Y
 _54953_/A
 _54953_/B
 _54953_/C
 _54953_/D
 _54953_/Y
 _54954_/A
 _54954_/B
 _54954_/Y
 _54955_/A
 _54955_/B
 _54955_/Y
 _54956_/A
 _54956_/B
 _54956_/Y
 _54957_/A
 _54957_/B
 _54957_/Y
 _54958_/A
 _54958_/B
 _54958_/C
 _54958_/D
 _54958_/Y
 _54959_/A
 _54959_/B
 _54959_/C
 _54959_/D
 _54959_/Y
 _54960_/A
 _54960_/B
 _54960_/C
 _54960_/D
 _54960_/Y
 _54961_/A
 _54961_/B
 _54961_/X
 _54962_/A
 _54962_/B
 _54962_/X
 _54963_/A
 _54963_/B
 _54963_/X
 _54964_/A
 _54964_/B
 _54964_/X
 _54965_/A
 _54965_/B
 _54965_/C
 _54965_/D
 _54965_/Y
 _54966_/A
 _54966_/B
 _54966_/X
 _54967_/A
 _54967_/B
 _54967_/X
 _54968_/A
 _54968_/B
 _54968_/X
 _54969_/A
 _54969_/B
 _54969_/X
 _54970_/A
 _54970_/B
 _54970_/C
 _54970_/D
 _54970_/Y
 _54971_/A
 _54971_/B
 _54971_/X
 _54972_/A
 _54972_/B
 _54972_/X
 _54973_/A
 _54973_/B
 _54973_/X
 _54974_/A
 _54974_/B
 _54974_/X
 _54975_/A
 _54975_/B
 _54975_/C
 _54975_/D
 _54975_/Y
 _54976_/A
 _54976_/B
 _54976_/X
 _54977_/A
 _54977_/B
 _54977_/X
 _54978_/A
 _54978_/B
 _54978_/X
 _54979_/A
 _54979_/B
 _54979_/X
 _54980_/A
 _54980_/B
 _54980_/C
 _54980_/D
 _54980_/Y
 _54981_/A
 _54981_/B
 _54981_/C
 _54981_/D
 _54981_/Y
 _54982_/A
 _54982_/B
 _54982_/Y
 _54983_/A
 _54983_/B
 _54983_/Y
 _54984_/A
 _54984_/B
 _54984_/Y
 _54985_/A
 _54985_/B
 _54985_/C
 _54985_/Y
 _54986_/A
 _54986_/B
 _54986_/Y
 _54987_/A
 _54987_/B
 _54987_/Y
 _54988_/A
 _54988_/B
 _54988_/Y
 _54989_/A
 _54989_/B
 _54989_/Y
 _54990_/A
 _54990_/B
 _54990_/C
 _54990_/D
 _54990_/Y
 _54991_/A
 _54991_/B
 _54991_/Y
 _54992_/A
 _54992_/B
 _54992_/Y
 _54993_/A
 _54993_/B
 _54993_/Y
 _54994_/A
 _54994_/B
 _54994_/Y
 _54995_/A
 _54995_/B
 _54995_/C
 _54995_/D
 _54995_/Y
 _54996_/A
 _54996_/B
 _54996_/C
 _54996_/D
 _54996_/Y
 _54997_/A
 _54997_/B
 _54997_/X
 _54998_/A1
 _54998_/A2
 _54998_/B1
 _54998_/Y
 _54999_/A
 _54999_/B
 _54999_/Y
 _55000_/A
 _55000_/Y
 _55001_/A1
 _55001_/A2
 _55001_/B1
 _55001_/B2
 _55001_/Y
 _55002_/A1_N
 _55002_/A2_N
 _55002_/B1
 _55002_/B2
 _55002_/Y
 _55003_/A
 _55003_/B
 _55003_/Y
 _55004_/A
 _55004_/B
 _55004_/Y
 _55005_/A
 _55005_/B
 _55005_/Y
 _55006_/A
 _55006_/B
 _55006_/Y
 _55007_/A
 _55007_/B
 _55007_/C
 _55007_/D
 _55007_/Y
 _55008_/A
 _55008_/B
 _55008_/C
 _55008_/D
 _55008_/Y
 _55009_/A1
 _55009_/A2
 _55009_/B1
 _55009_/B2
 _55009_/C1
 _55009_/C2
 _55009_/Y
 _55010_/A
 _55010_/Y
 _55011_/A1
 _55011_/A2
 _55011_/B1
 _55011_/B2
 _55011_/Y
 _55012_/A1
 _55012_/A2
 _55012_/B1
 _55012_/B2
 _55012_/C1
 _55012_/X
 _55013_/A
 _55013_/Y
 _55014_/A1
 _55014_/A2
 _55014_/B1
 _55014_/B2
 _55014_/Y
 _55015_/A1_N
 _55015_/A2_N
 _55015_/B1
 _55015_/B2
 _55015_/Y
 _55016_/A
 _55016_/B
 _55016_/C
 _55016_/Y
 _55017_/A
 _55017_/B
 _55017_/C
 _55017_/D
 _55017_/Y
 _55018_/A
 _55018_/Y
 _55019_/A
 _55019_/Y
 _55020_/A1
 _55020_/A2
 _55020_/B1
 _55020_/B2
 _55020_/Y
 _55021_/A1
 _55021_/A2
 _55021_/B1
 _55021_/B2
 _55021_/C1
 _55021_/Y
 _55022_/A
 _55022_/B
 _55022_/X
 _55023_/A1
 _55023_/A2
 _55023_/B1
 _55023_/B2
 _55023_/C1
 _55023_/Y
 _55024_/A1
 _55024_/A2
 _55024_/B1
 _55024_/B2
 _55024_/Y
 _55025_/A1
 _55025_/A2
 _55025_/B1
 _55025_/B2
 _55025_/C1
 _55025_/Y
 _55026_/A
 _55026_/B
 _55026_/X
 _55027_/A
 _55027_/B
 _55027_/X
 _55028_/A
 _55028_/B
 _55028_/Y
 _55029_/A
 _55029_/B
 _55029_/C
 _55029_/D
 _55029_/Y
 _55030_/A
 _55030_/B
 _55030_/X
 _55031_/A
 _55031_/B
 _55031_/X
 _55032_/A
 _55032_/B
 _55032_/X
 _55033_/A
 _55033_/B
 _55033_/X
 _55034_/A
 _55034_/B
 _55034_/C
 _55034_/D
 _55034_/Y
 _55035_/A
 _55035_/B
 _55035_/X
 _55036_/A
 _55036_/B
 _55036_/X
 _55037_/A
 _55037_/B
 _55037_/X
 _55038_/A
 _55038_/B
 _55038_/X
 _55039_/A
 _55039_/B
 _55039_/C
 _55039_/D
 _55039_/Y
 _55040_/A
 _55040_/B
 _55040_/Y
 _55041_/A1
 _55041_/A2
 _55041_/B1
 _55041_/B2
 _55041_/Y
 _55042_/A1
 _55042_/A2
 _55042_/B1
 _55042_/B2
 _55042_/C1
 _55042_/Y
 _55043_/A
 _55043_/Y
 _55044_/A1
 _55044_/A2
 _55044_/B1
 _55044_/B2
 _55044_/Y
 _55045_/A1
 _55045_/A2
 _55045_/B1
 _55045_/B2
 _55045_/C1
 _55045_/Y
 _55046_/A1
 _55046_/A2
 _55046_/B1
 _55046_/B2
 _55046_/Y
 _55047_/A1
 _55047_/A2
 _55047_/B1
 _55047_/B2
 _55047_/C1
 _55047_/Y
 _55048_/A
 _55048_/Y
 _55049_/A1
 _55049_/A2
 _55049_/B1
 _55049_/B2
 _55049_/Y
 _55050_/A1
 _55050_/A2
 _55050_/B1
 _55050_/B2
 _55050_/C1
 _55050_/Y
 _55051_/A
 _55051_/B
 _55051_/C
 _55051_/D
 _55051_/Y
 _55052_/A
 _55052_/B
 _55052_/C
 _55052_/D
 _55052_/X
 _55053_/A
 _55053_/B
 _55053_/X
 _55054_/A
 _55054_/B
 _55054_/X
 _55055_/A
 _55055_/B
 _55055_/X
 _55056_/A
 _55056_/B
 _55056_/Y
 _55057_/A
 _55057_/B
 _55057_/Y
 _55058_/A
 _55058_/B
 _55058_/Y
 _55059_/A
 _55059_/B
 _55059_/Y
 _55060_/A
 _55060_/B
 _55060_/C
 _55060_/D
 _55060_/Y
 _55061_/A
 _55061_/B
 _55061_/C
 _55061_/D
 _55061_/Y
 _55062_/A
 _55062_/B
 _55062_/X
 _55063_/A
 _55063_/B
 _55063_/X
 _55064_/A
 _55064_/B
 _55064_/X
 _55065_/A
 _55065_/B
 _55065_/X
 _55066_/A
 _55066_/B
 _55066_/C
 _55066_/D
 _55066_/Y
 _55067_/A
 _55067_/B
 _55067_/Y
 _55068_/A
 _55068_/B
 _55068_/Y
 _55069_/A
 _55069_/B
 _55069_/Y
 _55070_/A
 _55070_/B
 _55070_/Y
 _55071_/A
 _55071_/B
 _55071_/C
 _55071_/D
 _55071_/Y
 _55072_/A
 _55072_/B
 _55072_/Y
 _55073_/A
 _55073_/B
 _55073_/Y
 _55074_/A
 _55074_/B
 _55074_/Y
 _55075_/A
 _55075_/B
 _55075_/Y
 _55076_/A
 _55076_/B
 _55076_/C
 _55076_/D
 _55076_/Y
 _55077_/A
 _55077_/B
 _55077_/Y
 _55078_/A
 _55078_/B
 _55078_/Y
 _55079_/A
 _55079_/B
 _55079_/Y
 _55080_/A
 _55080_/B
 _55080_/Y
 _55081_/A
 _55081_/B
 _55081_/C
 _55081_/D
 _55081_/Y
 _55082_/A
 _55082_/B
 _55082_/Y
 _55083_/A
 _55083_/B
 _55083_/Y
 _55084_/A
 _55084_/B
 _55084_/Y
 _55085_/A
 _55085_/B
 _55085_/Y
 _55086_/A
 _55086_/B
 _55086_/C
 _55086_/D
 _55086_/Y
 _55087_/A
 _55087_/B
 _55087_/C
 _55087_/D
 _55087_/Y
 _55088_/A
 _55088_/B
 _55088_/Y
 _55089_/A
 _55089_/B
 _55089_/Y
 _55090_/A
 _55090_/B
 _55090_/Y
 _55091_/A
 _55091_/B
 _55091_/Y
 _55092_/A
 _55092_/B
 _55092_/C
 _55092_/D
 _55092_/Y
 _55093_/A
 _55093_/B
 _55093_/Y
 _55094_/A
 _55094_/B
 _55094_/Y
 _55095_/A
 _55095_/B
 _55095_/Y
 _55096_/A
 _55096_/B
 _55096_/Y
 _55097_/A
 _55097_/B
 _55097_/C
 _55097_/D
 _55097_/Y
 _55098_/A
 _55098_/B
 _55098_/Y
 _55099_/A
 _55099_/B
 _55099_/Y
 _55100_/A
 _55100_/B
 _55100_/Y
 _55101_/A
 _55101_/B
 _55101_/Y
 _55102_/A
 _55102_/B
 _55102_/C
 _55102_/D
 _55102_/Y
 _55103_/A
 _55103_/B
 _55103_/Y
 _55104_/A
 _55104_/B
 _55104_/Y
 _55105_/A
 _55105_/B
 _55105_/Y
 _55106_/A
 _55106_/B
 _55106_/Y
 _55107_/A
 _55107_/B
 _55107_/C
 _55107_/D
 _55107_/Y
 _55108_/A
 _55108_/B
 _55108_/C
 _55108_/D
 _55108_/Y
 _55109_/A
 _55109_/B
 _55109_/C
 _55109_/D
 _55109_/Y
 _55110_/A
 _55110_/B
 _55110_/X
 _55111_/A
 _55111_/B
 _55111_/X
 _55112_/A
 _55112_/B
 _55112_/X
 _55113_/A
 _55113_/B
 _55113_/X
 _55114_/A
 _55114_/B
 _55114_/C
 _55114_/D
 _55114_/Y
 _55115_/A
 _55115_/B
 _55115_/X
 _55116_/A
 _55116_/B
 _55116_/X
 _55117_/A
 _55117_/B
 _55117_/X
 _55118_/A
 _55118_/B
 _55118_/X
 _55119_/A
 _55119_/B
 _55119_/C
 _55119_/D
 _55119_/Y
 _55120_/A
 _55120_/B
 _55120_/Y
 _55121_/A
 _55121_/Y
 _55122_/A1
 _55122_/A2
 _55122_/B1
 _55122_/B2
 _55122_/Y
 _55123_/A1
 _55123_/A2
 _55123_/B1
 _55123_/Y
 _55124_/A1
 _55124_/A2
 _55124_/B1
 _55124_/B2
 _55124_/Y
 _55125_/A1
 _55125_/A2
 _55125_/B1
 _55125_/B2
 _55125_/C1
 _55125_/Y
 _55126_/A
 _55126_/B
 _55126_/Y
 _55127_/A
 _55127_/B
 _55127_/Y
 _55128_/A
 _55128_/B
 _55128_/C
 _55128_/D
 _55128_/Y
 _55129_/A1
 _55129_/A2
 _55129_/B1
 _55129_/B2
 _55129_/Y
 _55130_/A1
 _55130_/A2
 _55130_/B1
 _55130_/B2
 _55130_/X
 _55131_/A
 _55131_/Y
 _55132_/A1
 _55132_/A2
 _55132_/B1
 _55132_/B2
 _55132_/Y
 _55133_/A
 _55133_/B
 _55133_/X
 _55134_/A
 _55134_/B
 _55134_/C
 _55134_/D
 _55134_/Y
 _55135_/A
 _55135_/B
 _55135_/Y
 _55136_/A
 _55136_/B
 _55136_/Y
 _55137_/A1
 _55137_/A2
 _55137_/B1
 _55137_/Y
 _55138_/A1
 _55138_/A2
 _55138_/B1
 _55138_/B2
 _55138_/C1
 _55138_/Y
 _55139_/A
 _55139_/B
 _55139_/C
 _55139_/D
 _55139_/Y
 _55140_/A
 _55140_/B
 _55140_/C
 _55140_/D
 _55140_/X
 _55141_/A
 _55141_/B
 _55141_/X
 _55142_/A
 _55142_/B
 _55142_/X
 _55143_/A
 _55143_/B
 _55143_/X
 _55144_/A
 _55144_/B
 _55144_/X
 _55145_/A
 _55145_/B
 _55145_/C
 _55145_/D
 _55145_/Y
 _55146_/A
 _55146_/B
 _55146_/X
 _55147_/A
 _55147_/B
 _55147_/X
 _55148_/A
 _55148_/B
 _55148_/X
 _55149_/A
 _55149_/B
 _55149_/X
 _55150_/A
 _55150_/B
 _55150_/C
 _55150_/D
 _55150_/Y
 _55151_/A
 _55151_/B
 _55151_/X
 _55152_/A
 _55152_/B
 _55152_/X
 _55153_/A
 _55153_/B
 _55153_/X
 _55154_/A
 _55154_/B
 _55154_/C
 _55154_/Y
 _55155_/A
 _55155_/B
 _55155_/C
 _55155_/Y
 _55156_/A
 _55156_/B
 _55156_/X
 _55157_/A
 _55157_/B
 _55157_/X
 _55158_/A
 _55158_/B
 _55158_/X
 _55159_/A
 _55159_/B
 _55159_/X
 _55160_/A
 _55160_/B
 _55160_/C
 _55160_/D
 _55160_/Y
 _55161_/A
 _55161_/B
 _55161_/X
 _55162_/A
 _55162_/B
 _55162_/X
 _55163_/A
 _55163_/B
 _55163_/X
 _55164_/A
 _55164_/B
 _55164_/X
 _55165_/A
 _55165_/B
 _55165_/C
 _55165_/D
 _55165_/Y
 _55166_/A
 _55166_/B
 _55166_/X
 _55167_/A
 _55167_/B
 _55167_/X
 _55168_/A
 _55168_/B
 _55168_/X
 _55169_/A
 _55169_/B
 _55169_/X
 _55170_/A
 _55170_/B
 _55170_/C
 _55170_/D
 _55170_/Y
 _55171_/A
 _55171_/B
 _55171_/X
 _55172_/A
 _55172_/B
 _55172_/X
 _55173_/A
 _55173_/B
 _55173_/X
 _55174_/A
 _55174_/B
 _55174_/X
 _55175_/A
 _55175_/B
 _55175_/C
 _55175_/D
 _55175_/Y
 _55176_/A
 _55176_/B
 _55176_/C
 _55176_/D
 _55176_/Y
 _55177_/A
 _55177_/B
 _55177_/X
 _55178_/A1
 _55178_/A2
 _55178_/B1
 _55178_/Y
 _55179_/A
 _55179_/B
 _55179_/Y
 _55180_/A
 _55180_/B
 _55180_/Y
 _55181_/A
 _55181_/B
 _55181_/C
 _55181_/D
 _55181_/Y
 _55182_/A
 _55182_/B
 _55182_/X
 _55183_/A
 _55183_/B
 _55183_/X
 _55184_/A
 _55184_/B
 _55184_/X
 _55185_/A
 _55185_/B
 _55185_/X
 _55186_/A
 _55186_/B
 _55186_/C
 _55186_/D
 _55186_/Y
 _55187_/A1
 _55187_/A2
 _55187_/B1
 _55187_/B2
 _55187_/C1
 _55187_/C2
 _55187_/Y
 _55188_/A1
 _55188_/A2
 _55188_/B1
 _55188_/B2
 _55188_/Y
 _55189_/A
 _55189_/B
 _55189_/Y
 _55190_/A1
 _55190_/A2
 _55190_/B1
 _55190_/Y
 _55191_/A
 _55191_/B
 _55191_/Y
 _55192_/A1
 _55192_/A2
 _55192_/B1
 _55192_/Y
 _55193_/A
 _55193_/B
 _55193_/C
 _55193_/Y
 _55194_/A_N
 _55194_/B
 _55194_/C
 _55194_/D
 _55194_/Y
 _55195_/A
 _55195_/B
 _55195_/C
 _55195_/Y
 _55196_/A
 _55196_/B
 _55196_/X
 _55197_/A
 _55197_/B
 _55197_/X
 _55198_/A
 _55198_/B
 _55198_/X
 _55199_/A
 _55199_/B
 _55199_/X
 _55200_/A
 _55200_/B
 _55200_/C
 _55200_/D
 _55200_/Y
 _55201_/A
 _55201_/B
 _55201_/X
 _55202_/A
 _55202_/B
 _55202_/X
 _55203_/A
 _55203_/B
 _55203_/X
 _55204_/A
 _55204_/B
 _55204_/X
 _55205_/A
 _55205_/B
 _55205_/C
 _55205_/D
 _55205_/Y
 _55206_/A
 _55206_/B
 _55206_/Y
 _55207_/A
 _55207_/B
 _55207_/Y
 _55208_/A
 _55208_/B
 _55208_/Y
 _55209_/A
 _55209_/B
 _55209_/Y
 _55210_/A
 _55210_/B
 _55210_/C
 _55210_/D
 _55210_/Y
 _55211_/A
 _55211_/B
 _55211_/Y
 _55212_/A
 _55212_/B
 _55212_/Y
 _55213_/A
 _55213_/B
 _55213_/Y
 _55214_/A
 _55214_/B
 _55214_/Y
 _55215_/A
 _55215_/B
 _55215_/C
 _55215_/D
 _55215_/Y
 _55216_/A
 _55216_/B
 _55216_/Y
 _55217_/A
 _55217_/B
 _55217_/Y
 _55218_/A
 _55218_/B
 _55218_/Y
 _55219_/A
 _55219_/B
 _55219_/Y
 _55220_/A
 _55220_/B
 _55220_/C
 _55220_/D
 _55220_/Y
 _55221_/A
 _55221_/B
 _55221_/Y
 _55222_/A
 _55222_/B
 _55222_/Y
 _55223_/A
 _55223_/B
 _55223_/Y
 _55224_/A
 _55224_/B
 _55224_/Y
 _55225_/A
 _55225_/B
 _55225_/C
 _55225_/D
 _55225_/Y
 _55226_/A
 _55226_/B
 _55226_/C
 _55226_/D
 _55226_/Y
 _55227_/A
 _55227_/B
 _55227_/C
 _55227_/D
 _55227_/Y
 _55228_/A1
 _55228_/A2
 _55228_/B1
 _55228_/B2
 _55228_/Y
 _55229_/A1
 _55229_/A2
 _55229_/B1
 _55229_/B2
 _55229_/C1
 _55229_/Y
 _55230_/A
 _55230_/Y
 _55231_/A1_N
 _55231_/A2_N
 _55231_/B1
 _55231_/B2
 _55231_/Y
 _55232_/A1
 _55232_/A2
 _55232_/B1
 _55232_/B2
 _55232_/C1
 _55232_/Y
 _55233_/A
 _55233_/Y
 _55234_/A
 _55234_/Y
 _55235_/A1
 _55235_/A2
 _55235_/B1
 _55235_/B2
 _55235_/Y
 _55236_/A1
 _55236_/A2
 _55236_/B1
 _55236_/B2
 _55236_/C1
 _55236_/Y
 _55237_/A
 _55237_/B
 _55237_/C
 _55237_/Y
 _55238_/A1
 _55238_/A2
 _55238_/B1
 _55238_/B2
 _55238_/Y
 _55239_/A
 _55239_/Y
 _55240_/A1
 _55240_/A2
 _55240_/B1
 _55240_/B2
 _55240_/Y
 _55241_/A
 _55241_/Y
 _55242_/A1
 _55242_/A2
 _55242_/B1
 _55242_/B2
 _55242_/X
 _55243_/A
 _55243_/Y
 _55244_/A1
 _55244_/A2
 _55244_/B1
 _55244_/Y
 _55245_/A
 _55245_/B
 _55245_/C
 _55245_/D
 _55245_/X
 _55246_/A
 _55246_/B
 _55246_/Y
 _55247_/A
 _55247_/B
 _55247_/Y
 _55248_/A
 _55248_/B
 _55248_/Y
 _55249_/A
 _55249_/B
 _55249_/Y
 _55250_/A
 _55250_/B
 _55250_/C
 _55250_/D
 _55250_/Y
 _55251_/A
 _55251_/B
 _55251_/C
 _55251_/Y
 _55252_/A1
 _55252_/A2
 _55252_/B1
 _55252_/B2
 _55252_/X
 _55253_/A1
 _55253_/A2
 _55253_/B1
 _55253_/B2
 _55253_/C1
 _55253_/Y
 _55254_/A
 _55254_/Y
 _55255_/A1
 _55255_/A2
 _55255_/B1
 _55255_/B2
 _55255_/X
 _55256_/A1
 _55256_/A2
 _55256_/B1
 _55256_/B2
 _55256_/C1
 _55256_/Y
 _55257_/A1
 _55257_/A2
 _55257_/B1
 _55257_/B2
 _55257_/Y
 _55258_/A1_N
 _55258_/A2_N
 _55258_/B1
 _55258_/B2
 _55258_/Y
 _55259_/A1
 _55259_/A2
 _55259_/B1
 _55259_/B2
 _55259_/Y
 _55260_/A
 _55260_/B
 _55260_/X
 _55261_/A
 _55261_/B
 _55261_/C
 _55261_/D
 _55261_/Y
 _55262_/A
 _55262_/B
 _55262_/C
 _55262_/D
 _55262_/Y
 _55263_/A
 _55263_/Y
 _55264_/A1
 _55264_/A2
 _55264_/B1
 _55264_/B2
 _55264_/C1
 _55264_/C2
 _55264_/Y
 _55265_/A
 _55265_/B
 _55265_/Y
 _55266_/A
 _55266_/B
 _55266_/Y
 _55267_/A
 _55267_/B
 _55267_/Y
 _55268_/A
 _55268_/B
 _55268_/Y
 _55269_/A
 _55269_/B
 _55269_/C
 _55269_/D
 _55269_/Y
 _55270_/A1
 _55270_/A2
 _55270_/B1
 _55270_/B2
 _55270_/Y
 _55271_/A
 _55271_/B
 _55271_/X
 _55272_/A
 _55272_/B
 _55272_/C
 _55272_/Y
 _55273_/A
 _55273_/B
 _55273_/Y
 _55274_/A1
 _55274_/A2
 _55274_/B1
 _55274_/B2
 _55274_/C1
 _55274_/Y
 _55275_/A
 _55275_/B
 _55275_/X
 _55276_/A
 _55276_/B
 _55276_/X
 _55277_/A
 _55277_/B
 _55277_/Y
 _55278_/A
 _55278_/B
 _55278_/Y
 _55279_/A
 _55279_/B
 _55279_/Y
 _55280_/A
 _55280_/B
 _55280_/Y
 _55281_/A
 _55281_/B
 _55281_/C
 _55281_/D
 _55281_/Y
 _55282_/A
 _55282_/B
 _55282_/C
 _55282_/D
 _55282_/Y
 _55283_/A
 _55283_/B
 _55283_/Y
 _55284_/A
 _55284_/B
 _55284_/Y
 _55285_/A
 _55285_/B
 _55285_/Y
 _55286_/A
 _55286_/B
 _55286_/Y
 _55287_/A
 _55287_/B
 _55287_/C
 _55287_/D
 _55287_/Y
 _55288_/A
 _55288_/B
 _55288_/Y
 _55289_/A
 _55289_/B
 _55289_/Y
 _55290_/A
 _55290_/B
 _55290_/Y
 _55291_/A
 _55291_/B
 _55291_/Y
 _55292_/A
 _55292_/B
 _55292_/C
 _55292_/D
 _55292_/Y
 _55293_/A
 _55293_/B
 _55293_/Y
 _55294_/A
 _55294_/B
 _55294_/Y
 _55295_/A
 _55295_/B
 _55295_/Y
 _55296_/A
 _55296_/B
 _55296_/Y
 _55297_/A
 _55297_/B
 _55297_/C
 _55297_/D
 _55297_/Y
 _55298_/A
 _55298_/B
 _55298_/Y
 _55299_/A
 _55299_/B
 _55299_/Y
 _55300_/A
 _55300_/B
 _55300_/Y
 _55301_/A
 _55301_/B
 _55301_/Y
 _55302_/A
 _55302_/B
 _55302_/C
 _55302_/D
 _55302_/Y
 _55303_/A
 _55303_/B
 _55303_/C
 _55303_/D
 _55303_/Y
 _55304_/A
 _55304_/B
 _55304_/C
 _55304_/D
 _55304_/Y
 _55305_/A
 _55305_/B
 _55305_/X
 _55306_/A
 _55306_/B
 _55306_/X
 _55307_/A
 _55307_/B
 _55307_/X
 _55308_/A
 _55308_/B
 _55308_/C
 _55308_/Y
 _55309_/A
 _55309_/B
 _55309_/X
 _55310_/A
 _55310_/B
 _55310_/X
 _55311_/A
 _55311_/B
 _55311_/X
 _55312_/A
 _55312_/B
 _55312_/X
 _55313_/A
 _55313_/B
 _55313_/C
 _55313_/D
 _55313_/Y
 _55314_/A
 _55314_/B
 _55314_/X
 _55315_/A
 _55315_/B
 _55315_/X
 _55316_/A
 _55316_/B
 _55316_/X
 _55317_/A
 _55317_/B
 _55317_/X
 _55318_/A
 _55318_/B
 _55318_/C
 _55318_/D
 _55318_/Y
 _55319_/A
 _55319_/B
 _55319_/C
 _55319_/Y
 _55320_/A
 _55320_/B
 _55320_/C
 _55320_/Y
 _55321_/A1
 _55321_/A2
 _55321_/B1
 _55321_/B2
 _55321_/Y
 _55322_/A
 _55322_/Y
 _55323_/A1
 _55323_/A2
 _55323_/B1
 _55323_/B2
 _55323_/Y
 _55324_/A
 _55324_/Y
 _55325_/A
 _55325_/B
 _55325_/X
 _55326_/A1
 _55326_/A2
 _55326_/B1
 _55326_/B2
 _55326_/C1
 _55326_/Y
 _55327_/A1_N
 _55327_/A2_N
 _55327_/B1
 _55327_/B2
 _55327_/Y
 _55328_/A1
 _55328_/A2
 _55328_/B1
 _55328_/B2
 _55328_/Y
 _55329_/A
 _55329_/B
 _55329_/X
 _55330_/A
 _55330_/B
 _55330_/X
 _55331_/A
 _55331_/B
 _55331_/C
 _55331_/D
 _55331_/Y
 _55332_/A
 _55332_/B
 _55332_/C
 _55332_/D
 _55332_/Y
 _55333_/A
 _55333_/B
 _55333_/X
 _55334_/A1
 _55334_/A2
 _55334_/B1
 _55334_/B2
 _55334_/C1
 _55334_/Y
 _55335_/A1
 _55335_/A2
 _55335_/B1
 _55335_/B2
 _55335_/Y
 _55336_/A1
 _55336_/A2
 _55336_/B1
 _55336_/B2
 _55336_/Y
 _55337_/A
 _55337_/B
 _55337_/Y
 _55338_/A
 _55338_/B
 _55338_/Y
 _55339_/A1
 _55339_/A2
 _55339_/B1
 _55339_/C1
 _55339_/D1
 _55339_/Y
 _55340_/A
 _55340_/B
 _55340_/X
 _55341_/A
 _55341_/B
 _55341_/X
 _55342_/A
 _55342_/B
 _55342_/X
 _55343_/A
 _55343_/B
 _55343_/X
 _55344_/A
 _55344_/B
 _55344_/C
 _55344_/D
 _55344_/Y
 _55345_/A
 _55345_/B
 _55345_/X
 _55346_/A
 _55346_/B
 _55346_/X
 _55347_/A
 _55347_/B
 _55347_/X
 _55348_/A
 _55348_/B
 _55348_/X
 _55349_/A
 _55349_/B
 _55349_/C
 _55349_/D
 _55349_/Y
 _55350_/A
 _55350_/B
 _55350_/X
 _55351_/A
 _55351_/B
 _55351_/X
 _55352_/A
 _55352_/B
 _55352_/X
 _55353_/A
 _55353_/B
 _55353_/C
 _55353_/Y
 _55354_/A
 _55354_/B
 _55354_/Y
 _55355_/A
 _55355_/B
 _55355_/Y
 _55356_/A
 _55356_/B
 _55356_/Y
 _55357_/A
 _55357_/B
 _55357_/Y
 _55358_/A
 _55358_/B
 _55358_/C
 _55358_/D
 _55358_/Y
 _55359_/A
 _55359_/B
 _55359_/Y
 _55360_/A
 _55360_/B
 _55360_/Y
 _55361_/A
 _55361_/B
 _55361_/Y
 _55362_/A
 _55362_/B
 _55362_/Y
 _55363_/A
 _55363_/B
 _55363_/C
 _55363_/D
 _55363_/Y
 _55364_/A
 _55364_/B
 _55364_/Y
 _55365_/A
 _55365_/B
 _55365_/Y
 _55366_/A
 _55366_/B
 _55366_/Y
 _55367_/A
 _55367_/B
 _55367_/Y
 _55368_/A
 _55368_/B
 _55368_/C
 _55368_/D
 _55368_/Y
 _55369_/A
 _55369_/B
 _55369_/Y
 _55370_/A
 _55370_/B
 _55370_/Y
 _55371_/A
 _55371_/B
 _55371_/Y
 _55372_/A
 _55372_/B
 _55372_/Y
 _55373_/A
 _55373_/B
 _55373_/C
 _55373_/D
 _55373_/Y
 _55374_/A
 _55374_/B
 _55374_/C
 _55374_/D
 _55374_/Y
 _55375_/A
 _55375_/B
 _55375_/C
 _55375_/D
 _55375_/Y
 _55376_/A
 _55376_/B
 _55376_/X
 _55377_/A1
 _55377_/A2
 _55377_/B1
 _55377_/Y
 _55378_/A
 _55378_/B
 _55378_/Y
 _55379_/A
 _55379_/B
 _55379_/Y
 _55380_/A
 _55380_/B
 _55380_/C
 _55380_/D
 _55380_/Y
 _55381_/A
 _55381_/B
 _55381_/Y
 _55382_/A
 _55382_/B
 _55382_/Y
 _55383_/A
 _55383_/B
 _55383_/Y
 _55384_/A
 _55384_/B
 _55384_/Y
 _55385_/A
 _55385_/B
 _55385_/C
 _55385_/D
 _55385_/Y
 _55386_/A
 _55386_/B
 _55386_/X
 _55387_/A
 _55387_/B
 _55387_/X
 _55388_/A
 _55388_/B
 _55388_/X
 _55389_/A
 _55389_/B
 _55389_/X
 _55390_/A
 _55390_/B
 _55390_/C
 _55390_/D
 _55390_/Y
 _55391_/A
 _55391_/B
 _55391_/X
 _55392_/A
 _55392_/B
 _55392_/X
 _55393_/A
 _55393_/B
 _55393_/X
 _55394_/A
 _55394_/B
 _55394_/X
 _55395_/A
 _55395_/B
 _55395_/C
 _55395_/D
 _55395_/Y
 _55396_/A
 _55396_/B
 _55396_/X
 _55397_/A
 _55397_/B
 _55397_/X
 _55398_/A
 _55398_/B
 _55398_/X
 _55399_/A
 _55399_/B
 _55399_/X
 _55400_/A
 _55400_/B
 _55400_/C
 _55400_/D
 _55400_/Y
 _55401_/A
 _55401_/B
 _55401_/X
 _55402_/A
 _55402_/B
 _55402_/X
 _55403_/A
 _55403_/B
 _55403_/X
 _55404_/A
 _55404_/B
 _55404_/X
 _55405_/A
 _55405_/B
 _55405_/C
 _55405_/D
 _55405_/Y
 _55406_/A
 _55406_/B
 _55406_/C
 _55406_/D
 _55406_/Y
 _55407_/A
 _55407_/B
 _55407_/C
 _55407_/X
 _55408_/A
 _55408_/B
 _55408_/C
 _55408_/D
 _55408_/Y
 _55409_/A
 _55409_/B
 _55409_/X
 _55410_/A
 _55410_/B
 _55410_/X
 _55411_/A
 _55411_/B
 _55411_/X
 _55412_/A
 _55412_/B
 _55412_/X
 _55413_/A
 _55413_/B
 _55413_/C
 _55413_/D
 _55413_/Y
 _55414_/A
 _55414_/B
 _55414_/X
 _55415_/A
 _55415_/B
 _55415_/X
 _55416_/A
 _55416_/B
 _55416_/X
 _55417_/A
 _55417_/B
 _55417_/X
 _55418_/A
 _55418_/B
 _55418_/C
 _55418_/D
 _55418_/Y
 _55419_/A
 _55419_/B
 _55419_/X
 _55420_/A
 _55420_/B
 _55420_/X
 _55421_/A
 _55421_/B
 _55421_/X
 _55422_/A
 _55422_/B
 _55422_/X
 _55423_/A
 _55423_/B
 _55423_/C
 _55423_/D
 _55423_/Y
 _55424_/A
 _55424_/B
 _55424_/X
 _55425_/A
 _55425_/B
 _55425_/X
 _55426_/A
 _55426_/B
 _55426_/X
 _55427_/A
 _55427_/B
 _55427_/X
 _55428_/A
 _55428_/B
 _55428_/C
 _55428_/D
 _55428_/Y
 _55429_/A
 _55429_/B
 _55429_/C
 _55429_/D
 _55429_/Y
 _55430_/A1_N
 _55430_/A2_N
 _55430_/B1
 _55430_/B2
 _55430_/Y
 _55431_/A1
 _55431_/A2
 _55431_/B1
 _55431_/B2
 _55431_/C1
 _55431_/X
 _55432_/A1
 _55432_/A2
 _55432_/B1
 _55432_/B2
 _55432_/X
 _55433_/A
 _55433_/Y
 _55434_/A1
 _55434_/A2
 _55434_/B1
 _55434_/B2
 _55434_/Y
 _55435_/A
 _55435_/B
 _55435_/C
 _55435_/Y
 _55436_/A1_N
 _55436_/A2_N
 _55436_/B1
 _55436_/B2
 _55436_/Y
 _55437_/A1_N
 _55437_/A2_N
 _55437_/B1
 _55437_/B2
 _55437_/Y
 _55438_/A1_N
 _55438_/A2_N
 _55438_/B1
 _55438_/B2
 _55438_/Y
 _55439_/A
 _55439_/B
 _55439_/X
 _55440_/A
 _55440_/B
 _55440_/C
 _55440_/D
 _55440_/Y
 _55441_/A
 _55441_/Y
 _55442_/A1
 _55442_/A2
 _55442_/B1
 _55442_/B2
 _55442_/Y
 _55443_/A1
 _55443_/A2
 _55443_/B1
 _55443_/Y
 _55444_/A1
 _55444_/A2
 _55444_/B1
 _55444_/B2
 _55444_/Y
 _55445_/A
 _55445_/B
 _55445_/Y
 _55446_/A1_N
 _55446_/A2_N
 _55446_/B1
 _55446_/B2
 _55446_/Y
 _55447_/A1
 _55447_/A2
 _55447_/B1
 _55447_/B2
 _55447_/C1
 _55447_/Y
 _55448_/A
 _55448_/B
 _55448_/C
 _55448_/X
 _55449_/A
 _55449_/B
 _55449_/C
 _55449_/D
 _55449_/Y
 _55450_/A
 _55450_/B
 _55450_/Y
 _55451_/A
 _55451_/B
 _55451_/Y
 _55452_/A
 _55452_/B
 _55452_/Y
 _55453_/A
 _55453_/B
 _55453_/X
 _55454_/A
 _55454_/B
 _55454_/X
 _55455_/A1
 _55455_/A2
 _55455_/B1
 _55455_/B2
 _55455_/Y
 _55456_/A
 _55456_/B
 _55456_/X
 _55457_/A
 _55457_/B
 _55457_/C
 _55457_/D
 _55457_/Y
 _55458_/A
 _55458_/B
 _55458_/C
 _55458_/D
 _55458_/Y
 _55459_/A
 _55459_/B
 _55459_/Y
 _55460_/A
 _55460_/B
 _55460_/Y
 _55461_/A
 _55461_/B
 _55461_/Y
 _55462_/A
 _55462_/B
 _55462_/Y
 _55463_/A
 _55463_/B
 _55463_/C
 _55463_/D
 _55463_/Y
 _55464_/A
 _55464_/B
 _55464_/C
 _55464_/D
 _55464_/Y
 _55465_/A1_N
 _55465_/A2_N
 _55465_/B1
 _55465_/B2
 _55465_/Y
 _55466_/A1
 _55466_/A2
 _55466_/B1
 _55466_/B2
 _55466_/X
 _55467_/A1
 _55467_/A2
 _55467_/B1
 _55467_/B2
 _55467_/Y
 _55468_/A
 _55468_/B
 _55468_/X
 _55469_/A
 _55469_/B
 _55469_/C
 _55469_/D
 _55469_/Y
 _55470_/A1
 _55470_/A2
 _55470_/B1
 _55470_/Y
 _55471_/A
 _55471_/B
 _55471_/X
 _55472_/A
 _55472_/B
 _55472_/X
 _55473_/A1
 _55473_/A2
 _55473_/B1
 _55473_/B2
 _55473_/Y
 _55474_/A
 _55474_/B
 _55474_/C
 _55474_/D
 _55474_/Y
 _55475_/A
 _55475_/B
 _55475_/Y
 _55476_/A
 _55476_/B
 _55476_/Y
 _55477_/A
 _55477_/B
 _55477_/Y
 _55478_/A
 _55478_/B
 _55478_/Y
 _55479_/A
 _55479_/B
 _55479_/C
 _55479_/D
 _55479_/Y
 _55480_/A
 _55480_/B
 _55480_/Y
 _55481_/A
 _55481_/B
 _55481_/Y
 _55482_/A
 _55482_/B
 _55482_/Y
 _55483_/A
 _55483_/B
 _55483_/Y
 _55484_/A
 _55484_/B
 _55484_/C
 _55484_/D
 _55484_/Y
 _55485_/A
 _55485_/B
 _55485_/Y
 _55486_/A
 _55486_/B
 _55486_/Y
 _55487_/A
 _55487_/B
 _55487_/Y
 _55488_/A
 _55488_/B
 _55488_/Y
 _55489_/A
 _55489_/B
 _55489_/C
 _55489_/D
 _55489_/Y
 _55490_/A
 _55490_/B
 _55490_/Y
 _55491_/A
 _55491_/B
 _55491_/Y
 _55492_/A
 _55492_/B
 _55492_/Y
 _55493_/A
 _55493_/B
 _55493_/Y
 _55494_/A
 _55494_/B
 _55494_/C
 _55494_/D
 _55494_/Y
 _55495_/A
 _55495_/B
 _55495_/C
 _55495_/D
 _55495_/Y
 _55496_/A
 _55496_/B
 _55496_/C
 _55496_/D
 _55496_/Y
 _55497_/A
 _55497_/B
 _55497_/Y
 _55498_/A
 _55498_/B
 _55498_/Y
 _55499_/A
 _55499_/B
 _55499_/Y
 _55500_/A
 _55500_/B
 _55500_/X
 _55501_/A
 _55501_/B
 _55501_/X
 _55502_/A
 _55502_/B
 _55502_/X
 _55503_/A
 _55503_/B
 _55503_/X
 _55504_/A
 _55504_/B
 _55504_/C
 _55504_/D
 _55504_/Y
 _55505_/A
 _55505_/B
 _55505_/C
 _55505_/D
 _55505_/Y
 _55506_/A
 _55506_/B
 _55506_/Y
 _55507_/A
 _55507_/B
 _55507_/Y
 _55508_/A
 _55508_/B
 _55508_/Y
 _55509_/A
 _55509_/B
 _55509_/Y
 _55510_/A
 _55510_/B
 _55510_/C
 _55510_/D
 _55510_/Y
 _55511_/A
 _55511_/B
 _55511_/X
 _55512_/A
 _55512_/B
 _55512_/X
 _55513_/A
 _55513_/B
 _55513_/X
 _55514_/A
 _55514_/B
 _55514_/X
 _55515_/A
 _55515_/B
 _55515_/C
 _55515_/D
 _55515_/Y
 _55516_/A
 _55516_/B
 _55516_/X
 _55517_/A
 _55517_/B
 _55517_/X
 _55518_/A
 _55518_/B
 _55518_/X
 _55519_/A
 _55519_/B
 _55519_/X
 _55520_/A
 _55520_/B
 _55520_/C
 _55520_/D
 _55520_/Y
 _55521_/A
 _55521_/B
 _55521_/X
 _55522_/A
 _55522_/B
 _55522_/X
 _55523_/A
 _55523_/B
 _55523_/X
 _55524_/A
 _55524_/B
 _55524_/X
 _55525_/A
 _55525_/B
 _55525_/C
 _55525_/D
 _55525_/Y
 _55526_/A
 _55526_/B
 _55526_/X
 _55527_/A
 _55527_/B
 _55527_/X
 _55528_/A
 _55528_/B
 _55528_/X
 _55529_/A
 _55529_/B
 _55529_/X
 _55530_/A
 _55530_/B
 _55530_/C
 _55530_/D
 _55530_/Y
 _55531_/A
 _55531_/B
 _55531_/C
 _55531_/D
 _55531_/Y
 _55532_/A1
 _55532_/A2
 _55532_/B1
 _55532_/B2
 _55532_/Y
 _55533_/A1
 _55533_/A2
 _55533_/B1
 _55533_/B2
 _55533_/Y
 _55534_/A1_N
 _55534_/A2_N
 _55534_/B1
 _55534_/B2
 _55534_/Y
 _55535_/A1
 _55535_/A2
 _55535_/B1
 _55535_/B2
 _55535_/C1
 _55535_/Y
 _55536_/A
 _55536_/B
 _55536_/Y
 _55537_/A
 _55537_/B
 _55537_/Y
 _55538_/A
 _55538_/B
 _55538_/Y
 _55539_/A
 _55539_/B
 _55539_/Y
 _55540_/A
 _55540_/B
 _55540_/C
 _55540_/D
 _55540_/Y
 _55541_/A
 _55541_/B
 _55541_/C
 _55541_/D
 _55541_/Y
 _55542_/A
 _55542_/Y
 _55543_/A1
 _55543_/A2
 _55543_/B1
 _55543_/B2
 _55543_/C1
 _55543_/C2
 _55543_/Y
 _55544_/A1_N
 _55544_/A2_N
 _55544_/B1
 _55544_/B2
 _55544_/Y
 _55545_/A1
 _55545_/A2
 _55545_/B1
 _55545_/B2
 _55545_/C1
 _55545_/Y
 _55546_/A1
 _55546_/A2
 _55546_/B1
 _55546_/B2
 _55546_/Y
 _55547_/A1
 _55547_/A2
 _55547_/B1
 _55547_/B2
 _55547_/Y
 _55548_/A
 _55548_/B
 _55548_/Y
 _55549_/A
 _55549_/B
 _55549_/C
 _55549_/D
 _55549_/Y
 _55550_/A
 _55550_/B
 _55550_/C
 _55550_/D
 _55550_/Y
 _55551_/A
 _55551_/B
 _55551_/Y
 _55552_/A
 _55552_/B
 _55552_/Y
 _55553_/A
 _55553_/B
 _55553_/Y
 _55554_/A
 _55554_/B
 _55554_/Y
 _55555_/A
 _55555_/B
 _55555_/C
 _55555_/D
 _55555_/Y
 _55556_/A
 _55556_/B
 _55556_/Y
 _55557_/A
 _55557_/B
 _55557_/Y
 _55558_/A
 _55558_/B
 _55558_/Y
 _55559_/A
 _55559_/B
 _55559_/Y
 _55560_/A
 _55560_/B
 _55560_/C
 _55560_/D
 _55560_/Y
 _55561_/A
 _55561_/B
 _55561_/Y
 _55562_/A1
 _55562_/A2
 _55562_/B1
 _55562_/B2
 _55562_/X
 _55563_/A1
 _55563_/A2
 _55563_/B1
 _55563_/B2
 _55563_/C1
 _55563_/Y
 _55564_/A
 _55564_/B
 _55564_/X
 _55565_/A1
 _55565_/A2
 _55565_/B1
 _55565_/B2
 _55565_/C1
 _55565_/Y
 _55566_/A1_N
 _55566_/A2_N
 _55566_/B1
 _55566_/B2
 _55566_/Y
 _55567_/A1
 _55567_/A2
 _55567_/B1
 _55567_/B2
 _55567_/C1
 _55567_/Y
 _55568_/A
 _55568_/B
 _55568_/X
 _55569_/A
 _55569_/B
 _55569_/X
 _55570_/A
 _55570_/B
 _55570_/Y
 _55571_/A
 _55571_/B
 _55571_/C
 _55571_/D
 _55571_/X
 _55572_/A
 _55572_/B
 _55572_/Y
 _55573_/A1
 _55573_/A2
 _55573_/B1
 _55573_/C1
 _55573_/Y
 _55574_/A
 _55574_/B
 _55574_/X
 _55575_/A
 _55575_/B
 _55575_/X
 _55576_/A
 _55576_/B
 _55576_/Y
 _55577_/A
 _55577_/B
 _55577_/Y
 _55578_/A
 _55578_/B
 _55578_/Y
 _55579_/A
 _55579_/B
 _55579_/Y
 _55580_/A
 _55580_/B
 _55580_/C
 _55580_/D
 _55580_/Y
 _55581_/A
 _55581_/B
 _55581_/C
 _55581_/D
 _55581_/Y
 _55582_/A
 _55582_/B
 _55582_/C
 _55582_/D
 _55582_/Y
 _55583_/A
 _55583_/B
 _55583_/Y
 _55584_/A
 _55584_/B
 _55584_/Y
 _55585_/A
 _55585_/B
 _55585_/Y
 _55586_/A
 _55586_/B
 _55586_/X
 _55587_/A
 _55587_/B
 _55587_/X
 _55588_/A
 _55588_/B
 _55588_/X
 _55589_/A
 _55589_/B
 _55589_/X
 _55590_/A
 _55590_/B
 _55590_/C
 _55590_/D
 _55590_/Y
 _55591_/A
 _55591_/B
 _55591_/C
 _55591_/D
 _55591_/Y
 _55592_/A
 _55592_/B
 _55592_/Y
 _55593_/A
 _55593_/B
 _55593_/Y
 _55594_/A
 _55594_/B
 _55594_/Y
 _55595_/A
 _55595_/B
 _55595_/Y
 _55596_/A
 _55596_/B
 _55596_/C
 _55596_/D
 _55596_/Y
 _55597_/A
 _55597_/B
 _55597_/X
 _55598_/A
 _55598_/B
 _55598_/X
 _55599_/A
 _55599_/B
 _55599_/X
 _55600_/A
 _55600_/B
 _55600_/X
 _55601_/A
 _55601_/B
 _55601_/C
 _55601_/D
 _55601_/Y
 _55602_/A
 _55602_/B
 _55602_/X
 _55603_/A
 _55603_/B
 _55603_/X
 _55604_/A
 _55604_/B
 _55604_/X
 _55605_/A
 _55605_/B
 _55605_/X
 _55606_/A
 _55606_/B
 _55606_/C
 _55606_/D
 _55606_/Y
 _55607_/A
 _55607_/B
 _55607_/X
 _55608_/A
 _55608_/B
 _55608_/X
 _55609_/A
 _55609_/B
 _55609_/X
 _55610_/A
 _55610_/B
 _55610_/X
 _55611_/A
 _55611_/B
 _55611_/C
 _55611_/D
 _55611_/Y
 _55612_/A
 _55612_/B
 _55612_/X
 _55613_/A
 _55613_/B
 _55613_/X
 _55614_/A
 _55614_/B
 _55614_/X
 _55615_/A
 _55615_/B
 _55615_/X
 _55616_/A
 _55616_/B
 _55616_/C
 _55616_/D
 _55616_/Y
 _55617_/A
 _55617_/B
 _55617_/C
 _55617_/D
 _55617_/Y
 _55618_/A
 _55618_/B
 _55618_/C
 _55618_/Y
 _55619_/A
 _55619_/Y
 _55620_/A
 _55620_/B
 _55620_/X
 _55621_/A1
 _55621_/A2
 _55621_/B1
 _55621_/B2
 _55621_/C1
 _55621_/Y
 _55622_/A1
 _55622_/A2
 _55622_/B1
 _55622_/B2
 _55622_/X
 _55623_/A1
 _55623_/A2
 _55623_/B1
 _55623_/B2
 _55623_/C1
 _55623_/Y
 _55624_/A
 _55624_/B
 _55624_/X
 _55625_/A
 _55625_/B
 _55625_/X
 _55626_/A
 _55626_/B
 _55626_/X
 _55627_/A
 _55627_/B
 _55627_/X
 _55628_/A
 _55628_/B
 _55628_/C
 _55628_/D
 _55628_/Y
 _55629_/A
 _55629_/B
 _55629_/X
 _55630_/A
 _55630_/B
 _55630_/X
 _55631_/A
 _55631_/B
 _55631_/X
 _55632_/A
 _55632_/B
 _55632_/X
 _55633_/A
 _55633_/B
 _55633_/C
 _55633_/D
 _55633_/Y
 _55634_/A
 _55634_/B
 _55634_/Y
 _55635_/A1
 _55635_/A2
 _55635_/B1
 _55635_/B2
 _55635_/Y
 _55636_/A1
 _55636_/A2
 _55636_/B1
 _55636_/B2
 _55636_/C1
 _55636_/X
 _55637_/A1
 _55637_/A2
 _55637_/B1
 _55637_/B2
 _55637_/Y
 _55638_/A1_N
 _55638_/A2_N
 _55638_/B1
 _55638_/B2
 _55638_/Y
 _55639_/A
 _55639_/B
 _55639_/C
 _55639_/D
 _55639_/Y
 _55640_/A
 _55640_/B
 _55640_/C
 _55640_/D
 _55640_/Y
 _55641_/A
 _55641_/B
 _55641_/X
 _55642_/A
 _55642_/B
 _55642_/X
 _55643_/A
 _55643_/B
 _55643_/X
 _55644_/A
 _55644_/B
 _55644_/X
 _55645_/A
 _55645_/B
 _55645_/C
 _55645_/D
 _55645_/Y
 _55646_/A
 _55646_/B
 _55646_/X
 _55647_/A
 _55647_/B
 _55647_/X
 _55648_/A
 _55648_/B
 _55648_/X
 _55649_/A
 _55649_/B
 _55649_/X
 _55650_/A
 _55650_/B
 _55650_/C
 _55650_/D
 _55650_/Y
 _55651_/A
 _55651_/B
 _55651_/Y
 _55652_/A
 _55652_/Y
 _55653_/A1
 _55653_/A2
 _55653_/B1
 _55653_/B2
 _55653_/C1
 _55653_/C2
 _55653_/Y
 _55654_/A
 _55654_/Y
 _55655_/A1
 _55655_/A2
 _55655_/B1
 _55655_/B2
 _55655_/Y
 _55656_/A1
 _55656_/A2
 _55656_/B1
 _55656_/B2
 _55656_/C1
 _55656_/Y
 _55657_/A
 _55657_/B
 _55657_/Y
 _55658_/A
 _55658_/B
 _55658_/Y
 _55659_/A
 _55659_/B
 _55659_/C
 _55659_/D
 _55659_/Y
 _55660_/A1
 _55660_/A2
 _55660_/B1
 _55660_/B2
 _55660_/Y
 _55661_/A1
 _55661_/A2
 _55661_/B1
 _55661_/B2
 _55661_/C1
 _55661_/Y
 _55662_/A1
 _55662_/A2
 _55662_/B1
 _55662_/B2
 _55662_/Y
 _55663_/A
 _55663_/B
 _55663_/X
 _55664_/A
 _55664_/B
 _55664_/X
 _55665_/A1
 _55665_/A2
 _55665_/B1
 _55665_/Y
 _55666_/A
 _55666_/B
 _55666_/Y
 _55667_/A
 _55667_/B
 _55667_/Y
 _55668_/A
 _55668_/B
 _55668_/C
 _55668_/D
 _55668_/Y
 _55669_/A
 _55669_/B
 _55669_/C
 _55669_/D
 _55669_/X
 _55670_/A
 _55670_/B
 _55670_/C
 _55670_/D
 _55670_/X
 _55671_/A
 _55671_/B
 _55671_/X
 _55672_/A
 _55672_/B
 _55672_/X
 _55673_/A
 _55673_/B
 _55673_/X
 _55674_/A
 _55674_/B
 _55674_/Y
 _55675_/A
 _55675_/B
 _55675_/Y
 _55676_/A
 _55676_/B
 _55676_/Y
 _55677_/A
 _55677_/B
 _55677_/Y
 _55678_/A
 _55678_/B
 _55678_/C
 _55678_/D
 _55678_/Y
 _55679_/A
 _55679_/B
 _55679_/C
 _55679_/D
 _55679_/Y
 _55680_/A
 _55680_/B
 _55680_/X
 _55681_/A
 _55681_/B
 _55681_/X
 _55682_/A
 _55682_/B
 _55682_/X
 _55683_/A
 _55683_/B
 _55683_/X
 _55684_/A
 _55684_/B
 _55684_/C
 _55684_/D
 _55684_/Y
 _55685_/A
 _55685_/B
 _55685_/Y
 _55686_/A
 _55686_/B
 _55686_/Y
 _55687_/A
 _55687_/B
 _55687_/Y
 _55688_/A
 _55688_/B
 _55688_/Y
 _55689_/A
 _55689_/B
 _55689_/C
 _55689_/D
 _55689_/Y
 _55690_/A
 _55690_/B
 _55690_/Y
 _55691_/A
 _55691_/B
 _55691_/Y
 _55692_/A
 _55692_/B
 _55692_/Y
 _55693_/A
 _55693_/B
 _55693_/Y
 _55694_/A
 _55694_/B
 _55694_/C
 _55694_/D
 _55694_/Y
 _55695_/A
 _55695_/B
 _55695_/Y
 _55696_/A
 _55696_/B
 _55696_/Y
 _55697_/A
 _55697_/B
 _55697_/Y
 _55698_/A
 _55698_/B
 _55698_/Y
 _55699_/A
 _55699_/B
 _55699_/C
 _55699_/D
 _55699_/Y
 _55700_/A
 _55700_/B
 _55700_/Y
 _55701_/A
 _55701_/B
 _55701_/Y
 _55702_/A
 _55702_/B
 _55702_/Y
 _55703_/A
 _55703_/B
 _55703_/Y
 _55704_/A
 _55704_/B
 _55704_/C
 _55704_/D
 _55704_/Y
 _55705_/A
 _55705_/B
 _55705_/C
 _55705_/D
 _55705_/Y
 _55706_/A
 _55706_/B
 _55706_/C
 _55706_/Y
 _55707_/A
 _55707_/Y
 _55708_/A1
 _55708_/A2
 _55708_/B1
 _55708_/B2
 _55708_/Y
 _55709_/A
 _55709_/Y
 _55710_/A1
 _55710_/A2
 _55710_/B1
 _55710_/B2
 _55710_/Y
 _55711_/A1
 _55711_/A2
 _55711_/B1
 _55711_/B2
 _55711_/X
 _55712_/A
 _55712_/B
 _55712_/X
 _55713_/A
 _55713_/B
 _55713_/C
 _55713_/D
 _55713_/Y
 _55714_/A1
 _55714_/A2
 _55714_/B1
 _55714_/B2
 _55714_/Y
 _55715_/A
 _55715_/B
 _55715_/X
 _55716_/A
 _55716_/B
 _55716_/X
 _55717_/A
 _55717_/B
 _55717_/X
 _55718_/A
 _55718_/B
 _55718_/C
 _55718_/D
 _55718_/Y
 _55719_/A1_N
 _55719_/A2_N
 _55719_/B1
 _55719_/B2
 _55719_/Y
 _55720_/A1
 _55720_/A2
 _55720_/B1
 _55720_/B2
 _55720_/Y
 _55721_/A1
 _55721_/A2
 _55721_/B1
 _55721_/B2
 _55721_/Y
 _55722_/A1
 _55722_/A2
 _55722_/B1
 _55722_/B2
 _55722_/C1
 _55722_/Y
 _55723_/A
 _55723_/B
 _55723_/C_N
 _55723_/Y
 _55724_/A
 _55724_/Y
 _55725_/A1
 _55725_/A2
 _55725_/B1
 _55725_/B2
 _55725_/Y
 _55726_/A1
 _55726_/A2
 _55726_/B1
 _55726_/B2
 _55726_/Y
 _55727_/A
 _55727_/Y
 _55728_/A1
 _55728_/A2
 _55728_/B1
 _55728_/B2
 _55728_/Y
 _55729_/A
 _55729_/Y
 _55730_/A1
 _55730_/A2
 _55730_/B1
 _55730_/Y
 _55731_/A
 _55731_/B
 _55731_/C
 _55731_/D
 _55731_/Y
 _55732_/A
 _55732_/B
 _55732_/C
 _55732_/D
 _55732_/Y
 _55733_/A
 _55733_/Y
 _55734_/A1
 _55734_/A2
 _55734_/B1
 _55734_/B2
 _55734_/C1
 _55734_/C2
 _55734_/Y
 _55735_/A
 _55735_/Y
 _55736_/A1
 _55736_/A2
 _55736_/B1
 _55736_/B2
 _55736_/X
 _55737_/A1
 _55737_/A2
 _55737_/B1
 _55737_/B2
 _55737_/C1
 _55737_/Y
 _55738_/A1_N
 _55738_/A2_N
 _55738_/B1
 _55738_/B2
 _55738_/Y
 _55739_/A1
 _55739_/A2
 _55739_/B1
 _55739_/B2
 _55739_/C1
 _55739_/Y
 _55740_/A
 _55740_/B
 _55740_/C
 _55740_/Y
 _55741_/A
 _55741_/B
 _55741_/X
 _55742_/A1
 _55742_/A2
 _55742_/B1
 _55742_/B2
 _55742_/C1
 _55742_/Y
 _55743_/A1_N
 _55743_/A2_N
 _55743_/B1
 _55743_/B2
 _55743_/Y
 _55744_/A1
 _55744_/A2
 _55744_/B1
 _55744_/B2
 _55744_/C1
 _55744_/Y
 _55745_/A1
 _55745_/A2
 _55745_/B1
 _55745_/B2
 _55745_/Y
 _55746_/A1
 _55746_/A2
 _55746_/B1
 _55746_/B2
 _55746_/X
 _55747_/A1
 _55747_/A2
 _55747_/B1
 _55747_/B2
 _55747_/Y
 _55748_/A1
 _55748_/A2
 _55748_/B1
 _55748_/B2
 _55748_/X
 _55749_/A
 _55749_/B
 _55749_/C
 _55749_/D
 _55749_/Y
 _55750_/A
 _55750_/B
 _55750_/Y
 _55751_/A
 _55751_/B
 _55751_/Y
 _55752_/A
 _55752_/B
 _55752_/Y
 _55753_/A
 _55753_/B
 _55753_/Y
 _55754_/A
 _55754_/B
 _55754_/C
 _55754_/D
 _55754_/Y
 _55755_/A
 _55755_/B
 _55755_/Y
 _55756_/A
 _55756_/B
 _55756_/Y
 _55757_/A
 _55757_/B
 _55757_/Y
 _55758_/A
 _55758_/B
 _55758_/Y
 _55759_/A
 _55759_/B
 _55759_/C
 _55759_/D
 _55759_/Y
 _55760_/A
 _55760_/B
 _55760_/Y
 _55761_/A
 _55761_/B
 _55761_/C
 _55761_/D
 _55761_/Y
 _55762_/A
 _55762_/B
 _55762_/C
 _55762_/D
 _55762_/Y
 _55763_/A1_N
 _55763_/A2_N
 _55763_/B1
 _55763_/B2
 _55763_/Y
 _55764_/A1
 _55764_/A2
 _55764_/B1
 _55764_/B2
 _55764_/C1
 _55764_/Y
 _55765_/A1
 _55765_/A2
 _55765_/B1
 _55765_/B2
 _55765_/Y
 _55766_/A1
 _55766_/A2
 _55766_/B1
 _55766_/B2
 _55766_/Y
 _55767_/A
 _55767_/B
 _55767_/C
 _55767_/Y
 _55768_/A1_N
 _55768_/A2_N
 _55768_/B1
 _55768_/B2
 _55768_/Y
 _55769_/A
 _55769_/B
 _55769_/X
 _55770_/A1
 _55770_/A2
 _55770_/B1
 _55770_/Y
 _55771_/A
 _55771_/B
 _55771_/Y
 _55772_/A
 _55772_/B
 _55772_/Y
 _55773_/A
 _55773_/B
 _55773_/C
 _55773_/D
 _55773_/Y
 _55774_/A
 _55774_/B
 _55774_/X
 _55775_/A1
 _55775_/A2
 _55775_/B1
 _55775_/B2
 _55775_/Y
 _55776_/A1
 _55776_/A2
 _55776_/B1
 _55776_/B2
 _55776_/C1
 _55776_/Y
 _55777_/A
 _55777_/B
 _55777_/C
 _55777_/D_N
 _55777_/Y
 _55778_/A1
 _55778_/A2
 _55778_/B1
 _55778_/B2
 _55778_/Y
 _55779_/A1
 _55779_/A2
 _55779_/B1
 _55779_/B2
 _55779_/Y
 _55780_/A1
 _55780_/A2
 _55780_/B1
 _55780_/B2
 _55780_/Y
 _55781_/A1
 _55781_/A2
 _55781_/B1
 _55781_/B2
 _55781_/C1
 _55781_/Y
 _55782_/A
 _55782_/B
 _55782_/C
 _55782_/X
 _55783_/A
 _55783_/B
 _55783_/Y
 _55784_/A
 _55784_/B
 _55784_/Y
 _55785_/A
 _55785_/B
 _55785_/Y
 _55786_/A
 _55786_/B
 _55786_/Y
 _55787_/A
 _55787_/B
 _55787_/C
 _55787_/D
 _55787_/Y
 _55788_/A
 _55788_/B
 _55788_/Y
 _55789_/A
 _55789_/B
 _55789_/Y
 _55790_/A
 _55790_/B
 _55790_/Y
 _55791_/A
 _55791_/B
 _55791_/Y
 _55792_/A
 _55792_/B
 _55792_/C
 _55792_/D
 _55792_/Y
 _55793_/A
 _55793_/B
 _55793_/Y
 _55794_/A
 _55794_/B
 _55794_/C
 _55794_/D
 _55794_/Y
 _55795_/A
 _55795_/B
 _55795_/Y
 _55796_/A1
 _55796_/A2
 _55796_/B1
 _55796_/Y
 _55797_/A1
 _55797_/A2
 _55797_/B1
 _55797_/B2
 _55797_/Y
 _55798_/A
 _55798_/B
 _55798_/X
 _55799_/A1_N
 _55799_/A2_N
 _55799_/B1
 _55799_/B2
 _55799_/Y
 _55800_/A1
 _55800_/A2
 _55800_/B1
 _55800_/B2
 _55800_/C1
 _55800_/Y
 _55801_/A
 _55801_/B
 _55801_/C_N
 _55801_/Y
 _55802_/A
 _55802_/B
 _55802_/Y
 _55803_/A
 _55803_/B
 _55803_/Y
 _55804_/A
 _55804_/B
 _55804_/Y
 _55805_/A
 _55805_/B
 _55805_/Y
 _55806_/A
 _55806_/B
 _55806_/C
 _55806_/D
 _55806_/Y
 _55807_/A
 _55807_/B
 _55807_/Y
 _55808_/A
 _55808_/B
 _55808_/Y
 _55809_/A
 _55809_/B
 _55809_/Y
 _55810_/A
 _55810_/B
 _55810_/Y
 _55811_/A
 _55811_/B
 _55811_/C
 _55811_/D
 _55811_/Y
 _55812_/A
 _55812_/B
 _55812_/Y
 _55813_/A
 _55813_/B
 _55813_/Y
 _55814_/A
 _55814_/B
 _55814_/Y
 _55815_/A
 _55815_/B
 _55815_/Y
 _55816_/A
 _55816_/B
 _55816_/C
 _55816_/D
 _55816_/Y
 _55817_/A
 _55817_/B
 _55817_/Y
 _55818_/A
 _55818_/B
 _55818_/Y
 _55819_/A
 _55819_/B
 _55819_/Y
 _55820_/A
 _55820_/B
 _55820_/Y
 _55821_/A
 _55821_/B
 _55821_/C
 _55821_/D
 _55821_/Y
 _55822_/A
 _55822_/B
 _55822_/C
 _55822_/D
 _55822_/Y
 _55823_/A1
 _55823_/A2
 _55823_/B1
 _55823_/B2
 _55823_/Y
 _55824_/A1
 _55824_/A2
 _55824_/B1
 _55824_/B2
 _55824_/C1
 _55824_/Y
 _55825_/A
 _55825_/B
 _55825_/X
 _55826_/A1
 _55826_/A2
 _55826_/B1
 _55826_/B2
 _55826_/C1
 _55826_/Y
 _55827_/A
 _55827_/Y
 _55828_/A
 _55828_/B
 _55828_/Y
 _55829_/A1
 _55829_/A2
 _55829_/B1
 _55829_/B2
 _55829_/C1
 _55829_/Y
 _55830_/A
 _55830_/B
 _55830_/X
 _55831_/A
 _55831_/B
 _55831_/X
 _55832_/A
 _55832_/B
 _55832_/C
 _55832_/Y
 _55833_/A
 _55833_/B
 _55833_/C
 _55833_/D
 _55833_/X
 _55834_/A1
 _55834_/A2
 _55834_/B1
 _55834_/C1
 _55834_/D1
 _55834_/Y
 _55835_/A
 _55835_/B
 _55835_/X
 _55836_/A
 _55836_/B
 _55836_/X
 _55837_/A
 _55837_/B
 _55837_/X
 _55838_/A
 _55838_/B
 _55838_/C
 _55838_/Y
 _55839_/A
 _55839_/B
 _55839_/X
 _55840_/A
 _55840_/B
 _55840_/X
 _55841_/A
 _55841_/B
 _55841_/X
 _55842_/A
 _55842_/B
 _55842_/X
 _55843_/A
 _55843_/B
 _55843_/C
 _55843_/D
 _55843_/Y
 _55844_/A
 _55844_/B
 _55844_/X
 _55845_/A
 _55845_/B
 _55845_/X
 _55846_/A
 _55846_/B
 _55846_/X
 _55847_/A
 _55847_/B
 _55847_/X
 _55848_/A
 _55848_/B
 _55848_/C
 _55848_/D
 _55848_/Y
 _55849_/A
 _55849_/B
 _55849_/C
 _55849_/Y
 _55850_/A
 _55850_/B
 _55850_/C
 _55850_/Y
 _55851_/A1_N
 _55851_/A2_N
 _55851_/B1
 _55851_/B2
 _55851_/Y
 _55852_/A1
 _55852_/A2
 _55852_/B1
 _55852_/Y
 _55853_/A
 _55853_/Y
 _55854_/A
 _55854_/B
 _55854_/Y
 _55855_/A1
 _55855_/A2
 _55855_/B1
 _55855_/B2
 _55855_/C1
 _55855_/Y
 _55856_/A
 _55856_/B
 _55856_/Y
 _55857_/A
 _55857_/B
 _55857_/Y
 _55858_/A
 _55858_/B
 _55858_/Y
 _55859_/A
 _55859_/B
 _55859_/Y
 _55860_/A
 _55860_/B
 _55860_/C
 _55860_/D
 _55860_/Y
 _55861_/A
 _55861_/B
 _55861_/C
 _55861_/D
 _55861_/Y
 _55862_/A1
 _55862_/A2
 _55862_/B1
 _55862_/B2
 _55862_/Y
 _55863_/A1
 _55863_/A2
 _55863_/B1
 _55863_/B2
 _55863_/C1
 _55863_/X
 _55864_/A1_N
 _55864_/A2_N
 _55864_/B1
 _55864_/B2
 _55864_/Y
 _55865_/A1
 _55865_/A2
 _55865_/B1
 _55865_/B2
 _55865_/Y
 _55866_/A
 _55866_/B
 _55866_/C
 _55866_/Y
 _55867_/A1
 _55867_/A2
 _55867_/B1
 _55867_/B2
 _55867_/Y
 _55868_/A1
 _55868_/A2
 _55868_/B1
 _55868_/B2
 _55868_/Y
 _55869_/A
 _55869_/B
 _55869_/Y
 _55870_/A1
 _55870_/A2
 _55870_/B1
 _55870_/B2
 _55870_/Y
 _55871_/A1
 _55871_/A2
 _55871_/B1
 _55871_/B2
 _55871_/C1
 _55871_/Y
 _55872_/A
 _55872_/B
 _55872_/C
 _55872_/D
 _55872_/Y
 _55873_/A
 _55873_/Y
 _55874_/A1
 _55874_/A2
 _55874_/B1
 _55874_/B2
 _55874_/C1
 _55874_/C2
 _55874_/Y
 _55875_/A1
 _55875_/A2
 _55875_/B1
 _55875_/B2
 _55875_/Y
 _55876_/A1
 _55876_/A2
 _55876_/B1
 _55876_/B2
 _55876_/Y
 _55877_/A
 _55877_/B
 _55877_/X
 _55878_/A1
 _55878_/A2
 _55878_/B1
 _55878_/B2
 _55878_/C1
 _55878_/Y
 _55879_/A
 _55879_/B
 _55879_/C
 _55879_/D
 _55879_/Y
 _55880_/A
 _55880_/B
 _55880_/Y
 _55881_/A
 _55881_/B
 _55881_/Y
 _55882_/A
 _55882_/B
 _55882_/Y
 _55883_/A
 _55883_/B
 _55883_/Y
 _55884_/A
 _55884_/B
 _55884_/C
 _55884_/D
 _55884_/Y
 _55885_/A
 _55885_/B
 _55885_/Y
 _55886_/A
 _55886_/B
 _55886_/Y
 _55887_/A
 _55887_/B
 _55887_/Y
 _55888_/A
 _55888_/B
 _55888_/Y
 _55889_/A
 _55889_/B
 _55889_/C
 _55889_/D
 _55889_/Y
 _55890_/A
 _55890_/B
 _55890_/Y
 _55891_/A
 _55891_/B
 _55891_/Y
 _55892_/A
 _55892_/B
 _55892_/Y
 _55893_/A
 _55893_/B
 _55893_/Y
 _55894_/A
 _55894_/B
 _55894_/C
 _55894_/D
 _55894_/Y
 _55895_/A
 _55895_/B
 _55895_/Y
 _55896_/A
 _55896_/B
 _55896_/Y
 _55897_/A
 _55897_/B
 _55897_/Y
 _55898_/A
 _55898_/B
 _55898_/Y
 _55899_/A
 _55899_/B
 _55899_/C
 _55899_/D
 _55899_/Y
 _55900_/A
 _55900_/B
 _55900_/C
 _55900_/D
 _55900_/Y
 _55901_/A
 _55901_/B
 _55901_/X
 _55902_/A
 _55902_/B
 _55902_/X
 _55903_/A
 _55903_/B
 _55903_/X
 _55904_/A
 _55904_/B
 _55904_/C
 _55904_/Y
 _55905_/A
 _55905_/B
 _55905_/X
 _55906_/A
 _55906_/B
 _55906_/X
 _55907_/A
 _55907_/B
 _55907_/X
 _55908_/A
 _55908_/B
 _55908_/X
 _55909_/A
 _55909_/B
 _55909_/C
 _55909_/D
 _55909_/Y
 _55910_/A
 _55910_/B
 _55910_/X
 _55911_/A
 _55911_/B
 _55911_/X
 _55912_/A
 _55912_/B
 _55912_/X
 _55913_/A
 _55913_/B
 _55913_/X
 _55914_/A
 _55914_/B
 _55914_/C
 _55914_/D
 _55914_/Y
 _55915_/A
 _55915_/B
 _55915_/C
 _55915_/D
 _55915_/Y
 _55916_/A
 _55916_/B
 _55916_/X
 _55917_/A
 _55917_/B
 _55917_/X
 _55918_/A
 _55918_/B
 _55918_/X
 _55919_/A
 _55919_/B
 _55919_/X
 _55920_/A
 _55920_/B
 _55920_/C
 _55920_/D
 _55920_/Y
 _55921_/A
 _55921_/B
 _55921_/X
 _55922_/A
 _55922_/B
 _55922_/X
 _55923_/A
 _55923_/B
 _55923_/X
 _55924_/A
 _55924_/B
 _55924_/X
 _55925_/A
 _55925_/B
 _55925_/C
 _55925_/D
 _55925_/Y
 _55926_/A
 _55926_/B
 _55926_/X
 _55927_/A
 _55927_/B
 _55927_/X
 _55928_/A
 _55928_/B
 _55928_/X
 _55929_/A
 _55929_/B
 _55929_/X
 _55930_/A
 _55930_/B
 _55930_/C
 _55930_/D
 _55930_/Y
 _55931_/A
 _55931_/B
 _55931_/X
 _55932_/A
 _55932_/B
 _55932_/X
 _55933_/A
 _55933_/B
 _55933_/X
 _55934_/A
 _55934_/B
 _55934_/X
 _55935_/A
 _55935_/B
 _55935_/C
 _55935_/D
 _55935_/Y
 _55936_/A
 _55936_/B
 _55936_/C
 _55936_/D
 _55936_/Y
 _55937_/A
 _55937_/B
 _55937_/C
 _55937_/D
 _55937_/X
 _55938_/A
 _55938_/Y
 _55939_/A1
 _55939_/A2
 _55939_/B1
 _55939_/B2
 _55939_/Y
 _55940_/A1
 _55940_/A2
 _55940_/B1
 _55940_/B2
 _55940_/C1
 _55940_/Y
 _55941_/A1
 _55941_/A2
 _55941_/B1
 _55941_/B2
 _55941_/Y
 _55942_/A1
 _55942_/A2
 _55942_/B1
 _55942_/B2
 _55942_/Y
 _55943_/A
 _55943_/B
 _55943_/X
 _55944_/A
 _55944_/B
 _55944_/X
 _55945_/A
 _55945_/B
 _55945_/X
 _55946_/A
 _55946_/B
 _55946_/X
 _55947_/A
 _55947_/B
 _55947_/C
 _55947_/D
 _55947_/Y
 _55948_/A
 _55948_/B
 _55948_/C
 _55948_/D
 _55948_/Y
 _55949_/A
 _55949_/B
 _55949_/X
 _55950_/A
 _55950_/B
 _55950_/X
 _55951_/A
 _55951_/B
 _55951_/X
 _55952_/A
 _55952_/B
 _55952_/X
 _55953_/A
 _55953_/B
 _55953_/C
 _55953_/D
 _55953_/Y
 _55954_/A
 _55954_/B
 _55954_/X
 _55955_/A
 _55955_/B
 _55955_/X
 _55956_/A
 _55956_/B
 _55956_/X
 _55957_/A
 _55957_/B
 _55957_/X
 _55958_/A
 _55958_/B
 _55958_/C
 _55958_/D
 _55958_/Y
 _55959_/A
 _55959_/B
 _55959_/X
 _55960_/A
 _55960_/B
 _55960_/X
 _55961_/A
 _55961_/B
 _55961_/X
 _55962_/A
 _55962_/B
 _55962_/X
 _55963_/A
 _55963_/B
 _55963_/C
 _55963_/D
 _55963_/Y
 _55964_/A
 _55964_/B
 _55964_/X
 _55965_/A
 _55965_/B
 _55965_/X
 _55966_/A
 _55966_/B
 _55966_/X
 _55967_/A
 _55967_/B
 _55967_/X
 _55968_/A
 _55968_/B
 _55968_/C
 _55968_/D
 _55968_/Y
 _55969_/A
 _55969_/B
 _55969_/C
 _55969_/D
 _55969_/Y
 _55970_/A
 _55970_/B
 _55970_/Y
 _55971_/A1
 _55971_/A2
 _55971_/B1
 _55971_/C1
 _55971_/Y
 _55972_/A
 _55972_/B
 _55972_/X
 _55973_/A
 _55973_/B
 _55973_/X
 _55974_/A
 _55974_/B
 _55974_/Y
 _55975_/A
 _55975_/B
 _55975_/Y
 _55976_/A
 _55976_/B
 _55976_/Y
 _55977_/A
 _55977_/B
 _55977_/Y
 _55978_/A
 _55978_/B
 _55978_/C
 _55978_/D
 _55978_/Y
 _55979_/A
 _55979_/B
 _55979_/C
 _55979_/D
 _55979_/Y
 _55980_/A
 _55980_/B
 _55980_/X
 _55981_/A
 _55981_/B
 _55981_/X
 _55982_/A
 _55982_/B
 _55982_/X
 _55983_/A
 _55983_/B
 _55983_/C
 _55983_/Y
 _55984_/A
 _55984_/B
 _55984_/X
 _55985_/A
 _55985_/B
 _55985_/X
 _55986_/A
 _55986_/B
 _55986_/X
 _55987_/A
 _55987_/B
 _55987_/X
 _55988_/A
 _55988_/B
 _55988_/C
 _55988_/D
 _55988_/Y
 _55989_/A
 _55989_/B
 _55989_/X
 _55990_/A
 _55990_/B
 _55990_/X
 _55991_/A
 _55991_/B
 _55991_/X
 _55992_/A
 _55992_/B
 _55992_/X
 _55993_/A
 _55993_/B
 _55993_/C
 _55993_/D
 _55993_/Y
 _55994_/A
 _55994_/B
 _55994_/C
 _55994_/D
 _55994_/Y
 _55995_/A
 _55995_/B_N
 _55995_/Y
 _55996_/A1_N
 _55996_/A2_N
 _55996_/B1
 _55996_/B2
 _55996_/Y
 _55997_/A
 _55997_/Y
 _55998_/A1
 _55998_/A2
 _55998_/B1
 _55998_/B2
 _55998_/Y
 _55999_/A1
 _55999_/A2
 _55999_/B1
 _55999_/B2
 _55999_/Y
 _56000_/A
 _56000_/B
 _56000_/C
 _56000_/D
 _56000_/X
 _56001_/A1_N
 _56001_/A2_N
 _56001_/B1
 _56001_/B2
 _56001_/Y
 _56002_/A1
 _56002_/A2
 _56002_/B1
 _56002_/B2
 _56002_/Y
 _56003_/A1_N
 _56003_/A2_N
 _56003_/B1
 _56003_/B2
 _56003_/Y
 _56004_/A1
 _56004_/A2
 _56004_/B1
 _56004_/B2
 _56004_/C1
 _56004_/Y
 _56005_/A1
 _56005_/A2
 _56005_/B1
 _56005_/B2
 _56005_/Y
 _56006_/A1
 _56006_/A2
 _56006_/B1
 _56006_/B2
 _56006_/Y
 _56007_/A
 _56007_/B
 _56007_/Y
 _56008_/A
 _56008_/Y
 _56009_/A1
 _56009_/A2
 _56009_/B1
 _56009_/B2
 _56009_/Y
 _56010_/A1
 _56010_/A2
 _56010_/B1
 _56010_/B2
 _56010_/C1
 _56010_/Y
 _56011_/A1
 _56011_/A2
 _56011_/B1
 _56011_/B2
 _56011_/Y
 _56012_/A1
 _56012_/A2
 _56012_/B1
 _56012_/B2
 _56012_/C1
 _56012_/Y
 _56013_/A
 _56013_/B
 _56013_/C
 _56013_/D
 _56013_/Y
 _56014_/A
 _56014_/B
 _56014_/C
 _56014_/D
 _56014_/Y
 _56015_/A1
 _56015_/A2
 _56015_/B1
 _56015_/B2
 _56015_/Y
 _56016_/A1
 _56016_/A2
 _56016_/B1
 _56016_/B2
 _56016_/C1
 _56016_/Y
 _56017_/A1
 _56017_/A2
 _56017_/B1
 _56017_/B2
 _56017_/Y
 _56018_/A1
 _56018_/A2
 _56018_/B1
 _56018_/B2
 _56018_/C1
 _56018_/Y
 _56019_/A
 _56019_/B_N
 _56019_/Y
 _56020_/A1_N
 _56020_/A2_N
 _56020_/B1
 _56020_/B2
 _56020_/Y
 _56021_/A1
 _56021_/A2
 _56021_/B1
 _56021_/B2
 _56021_/C1
 _56021_/Y
 _56022_/A1
 _56022_/A2
 _56022_/B1
 _56022_/B2
 _56022_/X
 _56023_/A1
 _56023_/A2
 _56023_/B1
 _56023_/B2
 _56023_/C1
 _56023_/Y
 _56024_/A
 _56024_/B
 _56024_/C
 _56024_/D
 _56024_/Y
 _56025_/A
 _56025_/B
 _56025_/C
 _56025_/D
 _56025_/X
 _56026_/A
 _56026_/Y
 _56027_/A1
 _56027_/A2
 _56027_/B1
 _56027_/B2
 _56027_/Y
 _56028_/A
 _56028_/Y
 _56029_/A1
 _56029_/A2
 _56029_/B1
 _56029_/B2
 _56029_/Y
 _56030_/A
 _56030_/Y
 _56031_/A
 _56031_/B
 _56031_/Y
 _56032_/A1
 _56032_/A2
 _56032_/B1
 _56032_/B2
 _56032_/C1
 _56032_/Y
 _56033_/A1
 _56033_/A2
 _56033_/B1_N
 _56033_/Y
 _56034_/A
 _56034_/B
 _56034_/Y
 _56035_/A
 _56035_/B
 _56035_/Y
 _56036_/A1
 _56036_/A2
 _56036_/B1
 _56036_/B2
 _56036_/Y
 _56037_/A
 _56037_/B
 _56037_/C
 _56037_/D
 _56037_/Y
 _56038_/A
 _56038_/B
 _56038_/C
 _56038_/D
 _56038_/Y
 _56039_/A
 _56039_/B
 _56039_/Y
 _56040_/A
 _56040_/B
 _56040_/Y
 _56041_/A
 _56041_/B
 _56041_/Y
 _56042_/A
 _56042_/B
 _56042_/Y
 _56043_/A
 _56043_/B
 _56043_/C
 _56043_/D
 _56043_/Y
 _56044_/A
 _56044_/B
 _56044_/Y
 _56045_/A
 _56045_/B
 _56045_/Y
 _56046_/A
 _56046_/B
 _56046_/Y
 _56047_/A
 _56047_/B
 _56047_/Y
 _56048_/A
 _56048_/B
 _56048_/C
 _56048_/D
 _56048_/Y
 _56049_/A
 _56049_/B
 _56049_/Y
 _56050_/A
 _56050_/B
 _56050_/Y
 _56051_/A
 _56051_/B
 _56051_/Y
 _56052_/A
 _56052_/B
 _56052_/Y
 _56053_/A
 _56053_/B
 _56053_/C
 _56053_/D
 _56053_/Y
 _56054_/A
 _56054_/B
 _56054_/Y
 _56055_/A
 _56055_/B
 _56055_/Y
 _56056_/A
 _56056_/B
 _56056_/Y
 _56057_/A
 _56057_/B
 _56057_/Y
 _56058_/A
 _56058_/B
 _56058_/C
 _56058_/D
 _56058_/Y
 _56059_/A
 _56059_/B
 _56059_/C
 _56059_/D
 _56059_/Y
 _56060_/A
 _56060_/B
 _56060_/Y
 _56061_/A1
 _56061_/A2
 _56061_/B1
 _56061_/B2
 _56061_/C1
 _56061_/Y
 _56062_/A
 _56062_/Y
 _56063_/A1
 _56063_/A2
 _56063_/B1
 _56063_/B2
 _56063_/X
 _56064_/A1
 _56064_/A2
 _56064_/B1
 _56064_/B2
 _56064_/C1
 _56064_/X
 _56065_/A1
 _56065_/A2
 _56065_/B1
 _56065_/B2
 _56065_/Y
 _56066_/A1
 _56066_/A2
 _56066_/B1
 _56066_/B2
 _56066_/C1
 _56066_/Y
 _56067_/A
 _56067_/B
 _56067_/C
 _56067_/Y
 _56068_/A
 _56068_/B
 _56068_/Y
 _56069_/A
 _56069_/B
 _56069_/Y
 _56070_/A
 _56070_/B
 _56070_/Y
 _56071_/A
 _56071_/B
 _56071_/C
 _56071_/Y
 _56072_/A
 _56072_/B
 _56072_/X
 _56073_/A
 _56073_/B
 _56073_/X
 _56074_/A
 _56074_/B
 _56074_/X
 _56075_/A
 _56075_/B
 _56075_/X
 _56076_/A
 _56076_/B
 _56076_/C
 _56076_/D
 _56076_/Y
 _56077_/A
 _56077_/B
 _56077_/X
 _56078_/A
 _56078_/B
 _56078_/X
 _56079_/A
 _56079_/B
 _56079_/X
 _56080_/A
 _56080_/B
 _56080_/X
 _56081_/A
 _56081_/B
 _56081_/C
 _56081_/D
 _56081_/Y
 _56082_/A
 _56082_/B
 _56082_/X
 _56083_/A
 _56083_/B
 _56083_/X
 _56084_/A
 _56084_/B
 _56084_/X
 _56085_/A
 _56085_/B
 _56085_/X
 _56086_/A
 _56086_/B
 _56086_/C
 _56086_/D
 _56086_/Y
 _56087_/A
 _56087_/B
 _56087_/X
 _56088_/A
 _56088_/B
 _56088_/X
 _56089_/A
 _56089_/B
 _56089_/X
 _56090_/A
 _56090_/B
 _56090_/X
 _56091_/A
 _56091_/B
 _56091_/C
 _56091_/D
 _56091_/Y
 _56092_/A
 _56092_/B
 _56092_/C
 _56092_/D
 _56092_/Y
 _56093_/A
 _56093_/B
 _56093_/X
 _56094_/A
 _56094_/B
 _56094_/X
 _56095_/A
 _56095_/B
 _56095_/X
 _56096_/A
 _56096_/B
 _56096_/X
 _56097_/A
 _56097_/B
 _56097_/C
 _56097_/D
 _56097_/Y
 _56098_/A
 _56098_/B
 _56098_/X
 _56099_/A
 _56099_/B
 _56099_/X
 _56100_/A
 _56100_/B
 _56100_/X
 _56101_/A
 _56101_/B
 _56101_/X
 _56102_/A
 _56102_/B
 _56102_/C
 _56102_/D
 _56102_/Y
 _56103_/A
 _56103_/B
 _56103_/X
 _56104_/A
 _56104_/B
 _56104_/X
 _56105_/A
 _56105_/B
 _56105_/X
 _56106_/A
 _56106_/B
 _56106_/X
 _56107_/A
 _56107_/B
 _56107_/C
 _56107_/D
 _56107_/Y
 _56108_/A
 _56108_/B
 _56108_/X
 _56109_/A
 _56109_/B
 _56109_/X
 _56110_/A
 _56110_/B
 _56110_/X
 _56111_/A
 _56111_/B
 _56111_/X
 _56112_/A
 _56112_/B
 _56112_/C
 _56112_/D
 _56112_/Y
 _56113_/A
 _56113_/B
 _56113_/C
 _56113_/D
 _56113_/Y
 _56114_/A
 _56114_/B
 _56114_/C
 _56114_/Y
 _56115_/A
 _56115_/B
 _56115_/C
 _56115_/D
 _56115_/Y
 _56116_/A
 _56116_/B
 _56116_/X
 _56117_/A
 _56117_/B
 _56117_/X
 _56118_/A
 _56118_/B
 _56118_/X
 _56119_/A
 _56119_/B
 _56119_/X
 _56120_/A
 _56120_/B
 _56120_/C
 _56120_/D
 _56120_/Y
 _56121_/A
 _56121_/B
 _56121_/X
 _56122_/A
 _56122_/B
 _56122_/X
 _56123_/A
 _56123_/B
 _56123_/X
 _56124_/A
 _56124_/B
 _56124_/X
 _56125_/A
 _56125_/B
 _56125_/C
 _56125_/D
 _56125_/Y
 _56126_/A
 _56126_/B
 _56126_/X
 _56127_/A
 _56127_/B
 _56127_/X
 _56128_/A
 _56128_/B
 _56128_/X
 _56129_/A
 _56129_/B
 _56129_/X
 _56130_/A
 _56130_/B
 _56130_/C
 _56130_/D
 _56130_/Y
 _56131_/A
 _56131_/B
 _56131_/X
 _56132_/A
 _56132_/B
 _56132_/X
 _56133_/A
 _56133_/B
 _56133_/X
 _56134_/A
 _56134_/B
 _56134_/X
 _56135_/A
 _56135_/B
 _56135_/C
 _56135_/D
 _56135_/Y
 _56136_/A
 _56136_/B
 _56136_/C
 _56136_/D
 _56136_/Y
 _56137_/A
 _56137_/B
 _56137_/X
 _56138_/A
 _56138_/B
 _56138_/X
 _56139_/A
 _56139_/B
 _56139_/X
 _56140_/A
 _56140_/B
 _56140_/C
 _56140_/Y
 _56141_/A
 _56141_/B
 _56141_/X
 _56142_/A
 _56142_/B
 _56142_/X
 _56143_/A
 _56143_/B
 _56143_/X
 _56144_/A
 _56144_/B
 _56144_/X
 _56145_/A
 _56145_/B
 _56145_/C
 _56145_/D
 _56145_/Y
 _56146_/A
 _56146_/B
 _56146_/X
 _56147_/A
 _56147_/B
 _56147_/X
 _56148_/A
 _56148_/B
 _56148_/X
 _56149_/A
 _56149_/B
 _56149_/X
 _56150_/A
 _56150_/B
 _56150_/C
 _56150_/D
 _56150_/Y
 _56151_/A
 _56151_/B
 _56151_/C
 _56151_/Y
 _56152_/A1
 _56152_/A2
 _56152_/B1
 _56152_/B2
 _56152_/Y
 _56153_/A
 _56153_/Y
 _56154_/A1
 _56154_/A2
 _56154_/B1
 _56154_/B2
 _56154_/Y
 _56155_/A1
 _56155_/A2
 _56155_/B1
 _56155_/B2
 _56155_/C1
 _56155_/Y
 _56156_/A
 _56156_/B
 _56156_/X
 _56157_/A1
 _56157_/A2
 _56157_/B1
 _56157_/Y
 _56158_/A
 _56158_/B
 _56158_/Y
 _56159_/A
 _56159_/B
 _56159_/Y
 _56160_/A
 _56160_/B
 _56160_/Y
 _56161_/A
 _56161_/B
 _56161_/Y
 _56162_/A
 _56162_/B
 _56162_/C
 _56162_/D
 _56162_/Y
 _56163_/A
 _56163_/B
 _56163_/Y
 _56164_/A
 _56164_/B
 _56164_/Y
 _56165_/A
 _56165_/B
 _56165_/Y
 _56166_/A
 _56166_/B
 _56166_/Y
 _56167_/A
 _56167_/B
 _56167_/C
 _56167_/D
 _56167_/Y
 _56168_/A
 _56168_/B
 _56168_/Y
 _56169_/A
 _56169_/B
 _56169_/C
 _56169_/D
 _56169_/Y
 _56170_/A1
 _56170_/A2
 _56170_/B1
 _56170_/C1
 _56170_/X
 _56171_/A
 _56171_/B
 _56171_/X
 _56172_/A
 _56172_/B
 _56172_/X
 _56173_/A
 _56173_/B
 _56173_/X
 _56174_/A
 _56174_/B
 _56174_/X
 _56175_/A
 _56175_/B
 _56175_/C
 _56175_/D
 _56175_/Y
 _56176_/A
 _56176_/B
 _56176_/X
 _56177_/A
 _56177_/B
 _56177_/X
 _56178_/A
 _56178_/B
 _56178_/X
 _56179_/A
 _56179_/B
 _56179_/X
 _56180_/A
 _56180_/B
 _56180_/C
 _56180_/D
 _56180_/Y
 _56181_/A
 _56181_/B
 _56181_/Y
 _56182_/A
 _56182_/B
 _56182_/Y
 _56183_/A
 _56183_/B
 _56183_/Y
 _56184_/A
 _56184_/B
 _56184_/Y
 _56185_/A
 _56185_/B
 _56185_/C
 _56185_/D
 _56185_/Y
 _56186_/A
 _56186_/B
 _56186_/Y
 _56187_/A
 _56187_/B
 _56187_/Y
 _56188_/A
 _56188_/B
 _56188_/Y
 _56189_/A
 _56189_/B
 _56189_/Y
 _56190_/A
 _56190_/B
 _56190_/C
 _56190_/D
 _56190_/Y
 _56191_/A
 _56191_/B
 _56191_/Y
 _56192_/A
 _56192_/B
 _56192_/Y
 _56193_/A
 _56193_/B
 _56193_/Y
 _56194_/A
 _56194_/B
 _56194_/Y
 _56195_/A
 _56195_/B
 _56195_/C
 _56195_/D
 _56195_/Y
 _56196_/A
 _56196_/B
 _56196_/Y
 _56197_/A
 _56197_/B
 _56197_/Y
 _56198_/A
 _56198_/B
 _56198_/Y
 _56199_/A
 _56199_/B
 _56199_/Y
 _56200_/A
 _56200_/B
 _56200_/C
 _56200_/D
 _56200_/Y
 _56201_/A
 _56201_/B
 _56201_/C
 _56201_/D
 _56201_/Y
 _56202_/A
 _56202_/B
 _56202_/C
 _56202_/Y
 _56203_/A
 _56203_/B
 _56203_/C
 _56203_/D
 _56203_/Y
 _56204_/A
 _56204_/Y
 _56205_/A1
 _56205_/A2
 _56205_/B1
 _56205_/B2
 _56205_/C1
 _56205_/C2
 _56205_/Y
 _56206_/A
 _56206_/Y
 _56207_/A1
 _56207_/A2
 _56207_/B1
 _56207_/B2
 _56207_/Y
 _56208_/A1
 _56208_/A2
 _56208_/B1
 _56208_/B2
 _56208_/C1
 _56208_/Y
 _56209_/A
 _56209_/B
 _56209_/Y
 _56210_/A1
 _56210_/A2
 _56210_/B1
 _56210_/B2
 _56210_/Y
 _56211_/A1
 _56211_/A2
 _56211_/B1
 _56211_/B2
 _56211_/Y
 _56212_/A1_N
 _56212_/A2_N
 _56212_/B1
 _56212_/B2
 _56212_/Y
 _56213_/A1
 _56213_/A2
 _56213_/B1
 _56213_/B2
 _56213_/C1
 _56213_/Y
 _56214_/A
 _56214_/Y
 _56215_/A
 _56215_/Y
 _56216_/A1
 _56216_/A2
 _56216_/B1
 _56216_/B2
 _56216_/Y
 _56217_/A1
 _56217_/A2
 _56217_/B1
 _56217_/B2
 _56217_/C1
 _56217_/Y
 _56218_/A1_N
 _56218_/A2_N
 _56218_/B1
 _56218_/B2
 _56218_/Y
 _56219_/A1
 _56219_/A2
 _56219_/B1
 _56219_/B2
 _56219_/C1
 _56219_/Y
 _56220_/A
 _56220_/Y
 _56221_/A1
 _56221_/A2
 _56221_/B1
 _56221_/B2
 _56221_/Y
 _56222_/A1
 _56222_/A2
 _56222_/B1
 _56222_/B2
 _56222_/C1
 _56222_/Y
 _56223_/A
 _56223_/B
 _56223_/C
 _56223_/D
 _56223_/Y
 _56224_/A
 _56224_/B
 _56224_/C
 _56224_/D
 _56224_/Y
 _56225_/A
 _56225_/Y
 _56226_/A
 _56226_/B
 _56226_/Y
 _56227_/A1
 _56227_/A2
 _56227_/B1
 _56227_/B2
 _56227_/C1
 _56227_/Y
 _56228_/A1
 _56228_/A2
 _56228_/B1
 _56228_/B2
 _56228_/X
 _56229_/A1
 _56229_/A2
 _56229_/B1
 _56229_/B2
 _56229_/Y
 _56230_/A1
 _56230_/A2
 _56230_/B1
 _56230_/B2
 _56230_/Y
 _56231_/A1
 _56231_/A2
 _56231_/B1
 _56231_/B2
 _56231_/Y
 _56232_/A1
 _56232_/A2
 _56232_/B1
 _56232_/B2
 _56232_/Y
 _56233_/A1
 _56233_/A2
 _56233_/B1
 _56233_/B2
 _56233_/C1
 _56233_/Y
 _56234_/A
 _56234_/B
 _56234_/C
 _56234_/Y
 _56235_/A
 _56235_/B
 _56235_/C
 _56235_/D
 _56235_/Y
 _56236_/A1
 _56236_/A2
 _56236_/B1
 _56236_/B2
 _56236_/Y
 _56237_/A1
 _56237_/A2
 _56237_/B1
 _56237_/B2
 _56237_/Y
 _56238_/A1
 _56238_/A2
 _56238_/B1
 _56238_/B2
 _56238_/Y
 _56239_/A1
 _56239_/A2
 _56239_/B1
 _56239_/B2
 _56239_/C1
 _56239_/Y
 _56240_/A
 _56240_/B
 _56240_/C
 _56240_/Y
 _56241_/A
 _56241_/B
 _56241_/X
 _56242_/A
 _56242_/B
 _56242_/X
 _56243_/A
 _56243_/B
 _56243_/X
 _56244_/A
 _56244_/B
 _56244_/X
 _56245_/A
 _56245_/B
 _56245_/C
 _56245_/D
 _56245_/Y
 _56246_/A
 _56246_/B
 _56246_/X
 _56247_/A
 _56247_/B
 _56247_/X
 _56248_/A
 _56248_/B
 _56248_/X
 _56249_/A
 _56249_/B
 _56249_/X
 _56250_/A
 _56250_/B
 _56250_/C
 _56250_/D
 _56250_/Y
 _56251_/A
 _56251_/B
 _56251_/X
 _56252_/A
 _56252_/B
 _56252_/X
 _56253_/A
 _56253_/B
 _56253_/X
 _56254_/A
 _56254_/B
 _56254_/C
 _56254_/Y
 _56255_/A
 _56255_/B
 _56255_/X
 _56256_/A
 _56256_/B
 _56256_/X
 _56257_/A
 _56257_/B
 _56257_/X
 _56258_/A
 _56258_/B
 _56258_/X
 _56259_/A
 _56259_/B
 _56259_/C
 _56259_/D
 _56259_/Y
 _56260_/A
 _56260_/B
 _56260_/C
 _56260_/D
 _56260_/Y
 _56261_/A
 _56261_/B
 _56261_/Y
 _56262_/A
 _56262_/B
 _56262_/Y
 _56263_/A
 _56263_/Y
 _56264_/A1
 _56264_/A2
 _56264_/B1
 _56264_/Y
 _56265_/A1
 _56265_/A2
 _56265_/B1
 _56265_/B2
 _56265_/C1
 _56265_/Y
 _56266_/A1
 _56266_/A2
 _56266_/B1
 _56266_/B2
 _56266_/Y
 _56267_/A
 _56267_/B
 _56267_/X
 _56268_/A1
 _56268_/A2
 _56268_/B1
 _56268_/B2
 _56268_/Y
 _56269_/A
 _56269_/B
 _56269_/X
 _56270_/A
 _56270_/B
 _56270_/C
 _56270_/D
 _56270_/Y
 _56271_/A
 _56271_/B
 _56271_/C
 _56271_/D
 _56271_/Y
 _56272_/A
 _56272_/B
 _56272_/C
 _56272_/Y
 _56273_/A
 _56273_/B
 _56273_/Y
 _56274_/A
 _56274_/B
 _56274_/Y
 _56275_/A
 _56275_/B
 _56275_/Y
 _56276_/A
 _56276_/B
 _56276_/Y
 _56277_/A
 _56277_/B
 _56277_/C
 _56277_/D
 _56277_/Y
 _56278_/A
 _56278_/B
 _56278_/Y
 _56279_/A
 _56279_/B
 _56279_/Y
 _56280_/A
 _56280_/B
 _56280_/Y
 _56281_/A
 _56281_/B
 _56281_/Y
 _56282_/A
 _56282_/B
 _56282_/C
 _56282_/D
 _56282_/Y
 _56283_/A
 _56283_/B
 _56283_/Y
 _56284_/A
 _56284_/B
 _56284_/Y
 _56285_/A
 _56285_/B
 _56285_/Y
 _56286_/A
 _56286_/B
 _56286_/Y
 _56287_/A
 _56287_/B
 _56287_/C
 _56287_/D
 _56287_/Y
 _56288_/A
 _56288_/B
 _56288_/Y
 _56289_/A
 _56289_/B
 _56289_/Y
 _56290_/A
 _56290_/B
 _56290_/Y
 _56291_/A
 _56291_/B
 _56291_/Y
 _56292_/A
 _56292_/B
 _56292_/C
 _56292_/D
 _56292_/Y
 _56293_/A
 _56293_/B
 _56293_/C
 _56293_/D
 _56293_/Y
 _56294_/A
 _56294_/B
 _56294_/C
 _56294_/D
 _56294_/X
 _56295_/A
 _56295_/Y
 _56296_/A
 _56296_/B
 _56296_/X
 _56297_/A
 _56297_/B
 _56297_/X
 _56298_/A
 _56298_/B
 _56298_/X
 _56299_/A
 _56299_/B
 _56299_/Y
 _56300_/A
 _56300_/B
 _56300_/Y
 _56301_/A
 _56301_/B
 _56301_/Y
 _56302_/A
 _56302_/B
 _56302_/Y
 _56303_/A
 _56303_/B
 _56303_/C
 _56303_/D
 _56303_/Y
 _56304_/A
 _56304_/B
 _56304_/C
 _56304_/D
 _56304_/Y
 _56305_/A1_N
 _56305_/A2_N
 _56305_/B1
 _56305_/B2
 _56305_/Y
 _56306_/A
 _56306_/B
 _56306_/X
 _56307_/A
 _56307_/B
 _56307_/X
 _56308_/A
 _56308_/B
 _56308_/X
 _56309_/A
 _56309_/B
 _56309_/C
 _56309_/D
 _56309_/Y
 _56310_/A
 _56310_/B
 _56310_/Y
 _56311_/A
 _56311_/B
 _56311_/Y
 _56312_/A
 _56312_/B
 _56312_/Y
 _56313_/A
 _56313_/B
 _56313_/Y
 _56314_/A
 _56314_/B
 _56314_/C
 _56314_/D
 _56314_/Y
 _56315_/A
 _56315_/B
 _56315_/Y
 _56316_/A
 _56316_/B
 _56316_/Y
 _56317_/A
 _56317_/B
 _56317_/Y
 _56318_/A
 _56318_/B
 _56318_/Y
 _56319_/A
 _56319_/B
 _56319_/C
 _56319_/D
 _56319_/Y
 _56320_/A
 _56320_/B
 _56320_/Y
 _56321_/A
 _56321_/B
 _56321_/Y
 _56322_/A
 _56322_/B
 _56322_/Y
 _56323_/A
 _56323_/B
 _56323_/Y
 _56324_/A
 _56324_/B
 _56324_/C
 _56324_/D
 _56324_/Y
 _56325_/A
 _56325_/B
 _56325_/Y
 _56326_/A
 _56326_/B
 _56326_/Y
 _56327_/A
 _56327_/B
 _56327_/Y
 _56328_/A
 _56328_/B
 _56328_/Y
 _56329_/A
 _56329_/B
 _56329_/C
 _56329_/D
 _56329_/Y
 _56330_/A
 _56330_/B
 _56330_/C
 _56330_/D
 _56330_/Y
 _56331_/A
 _56331_/B
 _56331_/C
 _56331_/Y
 _56332_/A1
 _56332_/A2
 _56332_/B1
 _56332_/B2
 _56332_/Y
 _56333_/A
 _56333_/B
 _56333_/X
 _56334_/A1
 _56334_/A2
 _56334_/B1
 _56334_/Y
 _56335_/A1
 _56335_/A2
 _56335_/B1
 _56335_/B2
 _56335_/Y
 _56336_/A1
 _56336_/A2
 _56336_/B1
 _56336_/B2
 _56336_/C1
 _56336_/X
 _56337_/A
 _56337_/B
 _56337_/C
 _56337_/Y
 _56338_/A
 _56338_/B
 _56338_/Y
 _56339_/A
 _56339_/B
 _56339_/Y
 _56340_/A
 _56340_/B
 _56340_/Y
 _56341_/A
 _56341_/B
 _56341_/Y
 _56342_/A
 _56342_/B
 _56342_/C
 _56342_/D
 _56342_/Y
 _56343_/A
 _56343_/B
 _56343_/Y
 _56344_/A
 _56344_/B
 _56344_/Y
 _56345_/A
 _56345_/B
 _56345_/Y
 _56346_/A
 _56346_/B
 _56346_/Y
 _56347_/A
 _56347_/B
 _56347_/C
 _56347_/D
 _56347_/Y
 _56348_/A
 _56348_/B
 _56348_/Y
 _56349_/A1
 _56349_/A2
 _56349_/B1
 _56349_/C1
 _56349_/D1
 _56349_/Y
 _56350_/A1
 _56350_/A2
 _56350_/B1
 _56350_/B2
 _56350_/Y
 _56351_/A1
 _56351_/A2
 _56351_/B1
 _56351_/B2
 _56351_/C1
 _56351_/Y
 _56352_/A
 _56352_/Y
 _56353_/A
 _56353_/B
 _56353_/X
 _56354_/A1
 _56354_/A2
 _56354_/B1
 _56354_/B2
 _56354_/C1
 _56354_/Y
 _56355_/A
 _56355_/B
 _56355_/X
 _56356_/A
 _56356_/B
 _56356_/X
 _56357_/A
 _56357_/B
 _56357_/X
 _56358_/A
 _56358_/B
 _56358_/X
 _56359_/A
 _56359_/B
 _56359_/C
 _56359_/D
 _56359_/Y
 _56360_/A
 _56360_/B
 _56360_/Y
 _56361_/A
 _56361_/B
 _56361_/Y
 _56362_/A
 _56362_/B
 _56362_/Y
 _56363_/A
 _56363_/B
 _56363_/Y
 _56364_/A
 _56364_/B
 _56364_/C
 _56364_/D
 _56364_/Y
 _56365_/A
 _56365_/B
 _56365_/Y
 _56366_/A
 _56366_/B
 _56366_/Y
 _56367_/A
 _56367_/B
 _56367_/Y
 _56368_/A
 _56368_/B
 _56368_/Y
 _56369_/A
 _56369_/B
 _56369_/C
 _56369_/D
 _56369_/Y
 _56370_/A
 _56370_/B
 _56370_/Y
 _56371_/A
 _56371_/B
 _56371_/Y
 _56372_/A
 _56372_/B
 _56372_/Y
 _56373_/A
 _56373_/B
 _56373_/Y
 _56374_/A
 _56374_/B
 _56374_/C
 _56374_/D
 _56374_/Y
 _56375_/A
 _56375_/B
 _56375_/Y
 _56376_/A
 _56376_/B
 _56376_/Y
 _56377_/A
 _56377_/B
 _56377_/Y
 _56378_/A
 _56378_/B
 _56378_/Y
 _56379_/A
 _56379_/B
 _56379_/C
 _56379_/D
 _56379_/Y
 _56380_/A
 _56380_/B
 _56380_/C
 _56380_/D
 _56380_/Y
 _56381_/A
 _56381_/B
 _56381_/C
 _56381_/D
 _56381_/Y
 _56382_/A
 _56382_/B
 _56382_/C
 _56382_/Y
 _56383_/A
 _56383_/B
 _56383_/Y
 _56384_/A
 _56384_/B
 _56384_/Y
 _56385_/A
 _56385_/B
 _56385_/Y
 _56386_/A
 _56386_/B
 _56386_/Y
 _56387_/A
 _56387_/B
 _56387_/C
 _56387_/D
 _56387_/Y
 _56388_/A
 _56388_/B
 _56388_/Y
 _56389_/A
 _56389_/B
 _56389_/Y
 _56390_/A
 _56390_/B
 _56390_/Y
 _56391_/A
 _56391_/B
 _56391_/Y
 _56392_/A
 _56392_/B
 _56392_/C
 _56392_/D
 _56392_/Y
 _56393_/A
 _56393_/B
 _56393_/Y
 _56394_/A
 _56394_/B
 _56394_/Y
 _56395_/A
 _56395_/B
 _56395_/Y
 _56396_/A
 _56396_/B
 _56396_/Y
 _56397_/A
 _56397_/B
 _56397_/C
 _56397_/D
 _56397_/Y
 _56398_/A
 _56398_/B
 _56398_/Y
 _56399_/A
 _56399_/B
 _56399_/Y
 _56400_/A
 _56400_/B
 _56400_/Y
 _56401_/A
 _56401_/B
 _56401_/Y
 _56402_/A
 _56402_/B
 _56402_/C
 _56402_/D
 _56402_/Y
 _56403_/A
 _56403_/B
 _56403_/C
 _56403_/D
 _56403_/Y
 _56404_/A
 _56404_/B
 _56404_/X
 _56405_/A
 _56405_/B
 _56405_/X
 _56406_/A
 _56406_/B
 _56406_/X
 _56407_/A
 _56407_/B
 _56407_/C
 _56407_/Y
 _56408_/A
 _56408_/B
 _56408_/X
 _56409_/A
 _56409_/B
 _56409_/X
 _56410_/A
 _56410_/B
 _56410_/X
 _56411_/A
 _56411_/B
 _56411_/X
 _56412_/A
 _56412_/B
 _56412_/C
 _56412_/D
 _56412_/Y
 _56413_/A
 _56413_/B
 _56413_/X
 _56414_/A
 _56414_/B
 _56414_/X
 _56415_/A
 _56415_/B
 _56415_/X
 _56416_/A
 _56416_/B
 _56416_/X
 _56417_/A
 _56417_/B
 _56417_/C
 _56417_/D
 _56417_/Y
 _56418_/A
 _56418_/B
 _56418_/C
 _56418_/D
 _56418_/Y
 _56419_/A
 _56419_/Y
 _56420_/A1
 _56420_/A2
 _56420_/B1
 _56420_/B2
 _56420_/Y
 _56421_/A
 _56421_/B
 _56421_/X
 _56422_/A
 _56422_/B
 _56422_/X
 _56423_/A
 _56423_/B
 _56423_/X
 _56424_/A
 _56424_/B
 _56424_/X
 _56425_/A
 _56425_/B
 _56425_/C
 _56425_/D
 _56425_/Y
 _56426_/A
 _56426_/B
 _56426_/X
 _56427_/A
 _56427_/B
 _56427_/X
 _56428_/A
 _56428_/B
 _56428_/X
 _56429_/A
 _56429_/B
 _56429_/X
 _56430_/A
 _56430_/B
 _56430_/C
 _56430_/D
 _56430_/Y
 _56431_/A1
 _56431_/A2
 _56431_/B1
 _56431_/B2
 _56431_/Y
 _56432_/A
 _56432_/B
 _56432_/X
 _56433_/A
 _56433_/B
 _56433_/Y
 _56434_/A
 _56434_/Y
 _56435_/A
 _56435_/Y
 _56436_/A1
 _56436_/A2
 _56436_/B1
 _56436_/B2
 _56436_/Y
 _56437_/A1
 _56437_/A2
 _56437_/B1
 _56437_/B2
 _56437_/C1
 _56437_/Y
 _56438_/A
 _56438_/B
 _56438_/C
 _56438_/D
 _56438_/Y
 _56439_/A1
 _56439_/A2
 _56439_/B1
 _56439_/C1
 _56439_/D1
 _56439_/Y
 _56440_/A
 _56440_/B
 _56440_/X
 _56441_/A
 _56441_/Y
 _56442_/A1
 _56442_/A2
 _56442_/B1
 _56442_/Y
 _56443_/A
 _56443_/Y
 _56444_/A1
 _56444_/A2
 _56444_/B1
 _56444_/B2
 _56444_/Y
 _56445_/A1
 _56445_/A2
 _56445_/B1
 _56445_/B2
 _56445_/Y
 _56446_/A
 _56446_/B
 _56446_/C
 _56446_/D
 _56446_/Y
 _56447_/A1
 _56447_/A2
 _56447_/B1
 _56447_/B2
 _56447_/Y
 _56448_/A
 _56448_/Y
 _56449_/A1
 _56449_/A2
 _56449_/B1
 _56449_/B2
 _56449_/Y
 _56450_/A1
 _56450_/A2
 _56450_/B1
 _56450_/B2
 _56450_/X
 _56451_/A1
 _56451_/A2
 _56451_/B1
 _56451_/B2
 _56451_/C1
 _56451_/Y
 _56452_/A1
 _56452_/A2
 _56452_/B1
 _56452_/B2
 _56452_/Y
 _56453_/A
 _56453_/B
 _56453_/X
 _56454_/A
 _56454_/B
 _56454_/X
 _56455_/A
 _56455_/B
 _56455_/X
 _56456_/A
 _56456_/B
 _56456_/C
 _56456_/D
 _56456_/Y
 _56457_/A
 _56457_/B
 _56457_/C
 _56457_/D
 _56457_/Y
 _56458_/A1
 _56458_/A2
 _56458_/B1
 _56458_/B2
 _56458_/Y
 _56459_/A1
 _56459_/A2
 _56459_/B1
 _56459_/B2
 _56459_/C1
 _56459_/Y
 _56460_/A1
 _56460_/A2
 _56460_/B1
 _56460_/B2
 _56460_/Y
 _56461_/A1
 _56461_/A2
 _56461_/B1
 _56461_/B2
 _56461_/C1
 _56461_/Y
 _56462_/A
 _56462_/B
 _56462_/X
 _56463_/A
 _56463_/B
 _56463_/X
 _56464_/A
 _56464_/B
 _56464_/X
 _56465_/A
 _56465_/B
 _56465_/X
 _56466_/A
 _56466_/B
 _56466_/C
 _56466_/D
 _56466_/Y
 _56467_/A
 _56467_/B
 _56467_/X
 _56468_/A
 _56468_/B
 _56468_/X
 _56469_/A
 _56469_/B
 _56469_/X
 _56470_/A
 _56470_/B
 _56470_/X
 _56471_/A
 _56471_/B
 _56471_/C
 _56471_/D
 _56471_/Y
 _56472_/A
 _56472_/B
 _56472_/C
 _56472_/D
 _56472_/Y
 _56473_/A
 _56473_/B
 _56473_/Y
 _56474_/A
 _56474_/B
 _56474_/C
 _56474_/X
 _56476_/A
 _56476_/B
 _56476_/X
 _56477_/A
 _56477_/B
 _56477_/X
 _56478_/A
 _56478_/B
 _56478_/X
 _56479_/A
 _56479_/B
 _56479_/X
 _56480_/A
 _56480_/B
 _56480_/C
 _56480_/D
 _56480_/Y
 _56481_/A
 _56481_/B
 _56481_/X
 _56482_/A
 _56482_/B
 _56482_/X
 _56483_/A
 _56483_/B
 _56483_/X
 _56484_/A
 _56484_/B
 _56484_/X
 _56485_/A
 _56485_/B
 _56485_/C
 _56485_/D
 _56485_/Y
 _56486_/A
 _56486_/B
 _56486_/X
 _56487_/A
 _56487_/B
 _56487_/X
 _56488_/A
 _56488_/B
 _56488_/X
 _56489_/A
 _56489_/B
 _56489_/X
 _56490_/A
 _56490_/B
 _56490_/C
 _56490_/D
 _56490_/Y
 _56491_/A
 _56491_/B
 _56491_/X
 _56492_/A
 _56492_/B
 _56492_/X
 _56493_/A
 _56493_/B
 _56493_/X
 _56494_/A
 _56494_/B
 _56494_/X
 _56495_/A
 _56495_/B
 _56495_/C
 _56495_/D
 _56495_/Y
 _56496_/A
 _56496_/B
 _56496_/C
 _56496_/D
 _56496_/Y
 _56497_/A
 _56497_/B
 _56497_/X
 _56498_/A
 _56498_/B
 _56498_/X
 _56499_/A
 _56499_/B
 _56499_/X
 _56500_/A
 _56500_/B
 _56500_/C
 _56500_/Y
 _56501_/A
 _56501_/B
 _56501_/X
 _56502_/A
 _56502_/B
 _56502_/X
 _56503_/A
 _56503_/B
 _56503_/X
 _56504_/A
 _56504_/B
 _56504_/X
 _56505_/A
 _56505_/B
 _56505_/C
 _56505_/D
 _56505_/Y
 _56506_/A
 _56506_/B
 _56506_/X
 _56507_/A
 _56507_/B
 _56507_/X
 _56508_/A
 _56508_/B
 _56508_/X
 _56509_/A
 _56509_/B
 _56509_/X
 _56510_/A
 _56510_/B
 _56510_/C
 _56510_/D
 _56510_/Y
 _56511_/A
 _56511_/B
 _56511_/C
 _56511_/Y
 _56512_/A
 _56512_/Y
 _56513_/A
 _56513_/Y
 _56514_/A1
 _56514_/A2
 _56514_/B1
 _56514_/B2
 _56514_/Y
 _56515_/A1
 _56515_/A2
 _56515_/B1
 _56515_/B2
 _56515_/C1
 _56515_/Y
 _56516_/A1_N
 _56516_/A2_N
 _56516_/B1
 _56516_/B2
 _56516_/Y
 _56517_/A1
 _56517_/A2
 _56517_/B1
 _56517_/B2
 _56517_/C1
 _56517_/Y
 _56518_/A1
 _56518_/A2
 _56518_/B1
 _56518_/B2
 _56518_/Y
 _56519_/A1
 _56519_/A2
 _56519_/B1
 _56519_/B2
 _56519_/Y
 _56520_/A
 _56520_/B
 _56520_/Y
 _56521_/A1
 _56521_/A2
 _56521_/B1
 _56521_/B2
 _56521_/Y
 _56522_/A1
 _56522_/A2
 _56522_/B1
 _56522_/B2
 _56522_/C1
 _56522_/Y
 _56523_/A
 _56523_/B
 _56523_/C
 _56523_/D
 _56523_/Y
 _56524_/A1
 _56524_/A2
 _56524_/B1
 _56524_/B2
 _56524_/Y
 _56525_/A1
 _56525_/A2
 _56525_/B1
 _56525_/B2
 _56525_/Y
 _56526_/A
 _56526_/B
 _56526_/Y
 _56527_/A1_N
 _56527_/A2_N
 _56527_/B1
 _56527_/B2
 _56527_/Y
 _56528_/A1
 _56528_/A2
 _56528_/B1
 _56528_/B2
 _56528_/C1
 _56528_/Y
 _56529_/A1_N
 _56529_/A2_N
 _56529_/B1
 _56529_/B2
 _56529_/Y
 _56530_/A1
 _56530_/A2
 _56530_/B1
 _56530_/B2
 _56530_/Y
 _56531_/A
 _56531_/B
 _56531_/Y
 _56532_/A
 _56532_/Y
 _56533_/A1
 _56533_/A2
 _56533_/B1
 _56533_/B2
 _56533_/Y
 _56534_/A1
 _56534_/A2
 _56534_/B1
 _56534_/B2
 _56534_/Y
 _56535_/A
 _56535_/B
 _56535_/Y
 _56536_/A
 _56536_/B
 _56536_/C
 _56536_/D
 _56536_/Y
 _56537_/A
 _56537_/B
 _56537_/C
 _56537_/D
 _56537_/X
 _56538_/A
 _56538_/Y
 _56539_/A
 _56539_/B
 _56539_/Y
 _56540_/A1
 _56540_/A2
 _56540_/B1
 _56540_/B2
 _56540_/C1
 _56540_/Y
 _56541_/A1
 _56541_/A2
 _56541_/B1
 _56541_/B2
 _56541_/Y
 _56542_/A1
 _56542_/A2
 _56542_/B1
 _56542_/B2
 _56542_/C1
 _56542_/Y
 _56543_/A1
 _56543_/A2
 _56543_/B1
 _56543_/B2
 _56543_/Y
 _56544_/A1
 _56544_/A2
 _56544_/B1
 _56544_/B2
 _56544_/Y
 _56545_/A1_N
 _56545_/A2_N
 _56545_/B1
 _56545_/B2
 _56545_/Y
 _56546_/A
 _56546_/Y
 _56547_/A1
 _56547_/A2
 _56547_/B1
 _56547_/B2
 _56547_/Y
 _56548_/A1
 _56548_/A2
 _56548_/B1
 _56548_/B2
 _56548_/X
 _56549_/A1
 _56549_/A2
 _56549_/B1
 _56549_/Y
 _56550_/A
 _56550_/B
 _56550_/C
 _56550_/D
 _56550_/Y
 _56551_/A
 _56551_/B
 _56551_/C
 _56551_/D
 _56551_/X
 _56552_/A1
 _56552_/A2
 _56552_/B1
 _56552_/B2
 _56552_/Y
 _56553_/A1
 _56553_/A2
 _56553_/B1
 _56553_/B2
 _56553_/Y
 _56554_/A
 _56554_/B
 _56554_/X
 _56555_/A1
 _56555_/A2
 _56555_/B1
 _56555_/B2
 _56555_/C1
 _56555_/Y
 _56556_/A
 _56556_/B
 _56556_/C
 _56556_/X
 _56557_/A
 _56557_/B
 _56557_/X
 _56558_/A
 _56558_/B
 _56558_/X
 _56559_/A
 _56559_/B
 _56559_/X
 _56560_/A
 _56560_/B
 _56560_/X
 _56561_/A
 _56561_/B
 _56561_/C
 _56561_/D
 _56561_/Y
 _56562_/A
 _56562_/B
 _56562_/X
 _56563_/A
 _56563_/B
 _56563_/X
 _56564_/A
 _56564_/B
 _56564_/X
 _56565_/A
 _56565_/B
 _56565_/X
 _56566_/A
 _56566_/B
 _56566_/C
 _56566_/D
 _56566_/Y
 _56567_/A
 _56567_/B
 _56567_/C
 _56567_/D
 _56567_/Y
 _56568_/A
 _56568_/B
 _56568_/C
 _56568_/Y
 _56569_/A
 _56569_/B
 _56569_/Y
 _56570_/A1
 _56570_/A2
 _56570_/B1
 _56570_/B2
 _56570_/C1
 _56570_/Y
 _56571_/A
 _56571_/Y
 _56572_/A
 _56572_/B
 _56572_/Y
 _56573_/A1
 _56573_/A2
 _56573_/B1
 _56573_/Y
 _56574_/A
 _56574_/B
 _56574_/Y
 _56575_/A
 _56575_/B
 _56575_/Y
 _56576_/A
 _56576_/B
 _56576_/Y
 _56577_/A
 _56577_/B
 _56577_/Y
 _56578_/A
 _56578_/B
 _56578_/C
 _56578_/D
 _56578_/Y
 _56579_/A
 _56579_/B
 _56579_/C
 _56579_/D
 _56579_/Y
 _56580_/A
 _56580_/B
 _56580_/Y
 _56581_/A
 _56581_/B
 _56581_/Y
 _56582_/A
 _56582_/B
 _56582_/Y
 _56583_/A
 _56583_/B
 _56583_/Y
 _56584_/A
 _56584_/B
 _56584_/C
 _56584_/D
 _56584_/Y
 _56585_/A
 _56585_/B
 _56585_/Y
 _56586_/A
 _56586_/B
 _56586_/Y
 _56587_/A
 _56587_/B
 _56587_/Y
 _56588_/A
 _56588_/B
 _56588_/Y
 _56589_/A
 _56589_/B
 _56589_/C
 _56589_/D
 _56589_/Y
 _56590_/A
 _56590_/B
 _56590_/Y
 _56591_/A
 _56591_/B
 _56591_/Y
 _56592_/A
 _56592_/B
 _56592_/Y
 _56593_/A
 _56593_/B
 _56593_/Y
 _56594_/A
 _56594_/B
 _56594_/C
 _56594_/D
 _56594_/Y
 _56595_/A
 _56595_/B
 _56595_/Y
 _56596_/A
 _56596_/B
 _56596_/Y
 _56597_/A
 _56597_/B
 _56597_/Y
 _56598_/A
 _56598_/B
 _56598_/Y
 _56599_/A
 _56599_/B
 _56599_/C
 _56599_/D
 _56599_/Y
 _56600_/A
 _56600_/B
 _56600_/C
 _56600_/D
 _56600_/Y
 _56601_/A1
 _56601_/A2
 _56601_/B1
 _56601_/B2
 _56601_/Y
 _56602_/A1
 _56602_/A2
 _56602_/B1
 _56602_/B2
 _56602_/C1
 _56602_/Y
 _56603_/A1
 _56603_/A2
 _56603_/B1
 _56603_/B2
 _56603_/Y
 _56604_/A1_N
 _56604_/A2_N
 _56604_/B1
 _56604_/B2
 _56604_/Y
 _56605_/A
 _56605_/B
 _56605_/C
 _56605_/Y
 _56606_/A1
 _56606_/A2
 _56606_/B1
 _56606_/B2
 _56606_/Y
 _56607_/A1
 _56607_/A2
 _56607_/B1
 _56607_/B2
 _56607_/C1
 _56607_/Y
 _56608_/A
 _56608_/B
 _56608_/X
 _56609_/A
 _56609_/B
 _56609_/X
 _56610_/A
 _56610_/B
 _56610_/X
 _56611_/A
 _56611_/B
 _56611_/C
 _56611_/Y
 _56612_/A
 _56612_/B
 _56612_/X
 _56613_/A
 _56613_/B
 _56613_/X
 _56614_/A
 _56614_/B
 _56614_/X
 _56615_/A
 _56615_/B
 _56615_/X
 _56616_/A
 _56616_/B
 _56616_/C
 _56616_/D
 _56616_/Y
 _56617_/A
 _56617_/B
 _56617_/X
 _56618_/A
 _56618_/B
 _56618_/X
 _56619_/A
 _56619_/B
 _56619_/X
 _56620_/A
 _56620_/B
 _56620_/X
 _56621_/A
 _56621_/B
 _56621_/C
 _56621_/D
 _56621_/Y
 _56622_/A
 _56622_/B
 _56622_/C
 _56622_/Y
 _56623_/A
 _56623_/B
 _56623_/C
 _56623_/Y
 _56624_/A
 _56624_/B
 _56624_/Y
 _56625_/A
 _56625_/B
 _56625_/Y
 _56626_/A
 _56626_/B
 _56626_/Y
 _56627_/A
 _56627_/B
 _56627_/Y
 _56628_/A
 _56628_/B
 _56628_/C
 _56628_/D
 _56628_/Y
 _56629_/A
 _56629_/B
 _56629_/Y
 _56630_/A
 _56630_/B
 _56630_/Y
 _56631_/A
 _56631_/B
 _56631_/Y
 _56632_/A
 _56632_/B
 _56632_/Y
 _56633_/A
 _56633_/B
 _56633_/C
 _56633_/D
 _56633_/Y
 _56634_/A
 _56634_/Y
 _56635_/A1
 _56635_/A2
 _56635_/B1
 _56635_/B2
 _56635_/C1
 _56635_/C2
 _56635_/Y
 _56636_/A
 _56636_/B
 _56636_/Y
 _56637_/A
 _56637_/B
 _56637_/Y
 _56638_/A1
 _56638_/A2
 _56638_/B1
 _56638_/B2
 _56638_/Y
 _56639_/A1
 _56639_/A2
 _56639_/B1
 _56639_/B2
 _56639_/Y
 _56640_/A
 _56640_/B
 _56640_/X
 _56641_/A
 _56641_/B
 _56641_/X
 _56642_/A
 _56642_/B
 _56642_/C
 _56642_/D
 _56642_/Y
 _56643_/A
 _56643_/B
 _56643_/C
 _56643_/D
 _56643_/Y
 _56644_/A
 _56644_/B
 _56644_/X
 _56645_/A1
 _56645_/A2
 _56645_/B1
 _56645_/B2
 _56645_/C1
 _56645_/Y
 _56646_/A
 _56646_/B
 _56646_/Y
 _56647_/A
 _56647_/B
 _56647_/Y
 _56648_/A
 _56648_/B
 _56648_/X
 _56649_/A
 _56649_/B
 _56649_/X
 _56650_/A
 _56650_/B
 _56650_/X
 _56651_/A
 _56651_/B
 _56651_/X
 _56652_/A
 _56652_/B
 _56652_/C
 _56652_/D
 _56652_/Y
 _56653_/A
 _56653_/B
 _56653_/C
 _56653_/D
 _56653_/Y
 _56654_/A
 _56654_/B
 _56654_/C
 _56654_/D
 _56654_/Y
 _56655_/A
 _56655_/B
 _56655_/C
 _56655_/D
 _56655_/Y
 _56656_/A
 _56656_/B
 _56656_/Y
 _56657_/A
 _56657_/B
 _56657_/Y
 _56658_/A
 _56658_/B
 _56658_/Y
 _56659_/A
 _56659_/B
 _56659_/X
 _56660_/A
 _56660_/B
 _56660_/X
 _56661_/A
 _56661_/B
 _56661_/X
 _56662_/A
 _56662_/B
 _56662_/X
 _56663_/A
 _56663_/B
 _56663_/C
 _56663_/D
 _56663_/Y
 _56664_/A
 _56664_/B
 _56664_/C
 _56664_/D
 _56664_/Y
 _56665_/A
 _56665_/B
 _56665_/X
 _56666_/A1
 _56666_/A2
 _56666_/B1
 _56666_/Y
 _56667_/A
 _56667_/B
 _56667_/Y
 _56668_/A
 _56668_/B
 _56668_/Y
 _56669_/A
 _56669_/B
 _56669_/C
 _56669_/D
 _56669_/Y
 _56670_/A
 _56670_/B
 _56670_/X
 _56671_/A
 _56671_/B
 _56671_/X
 _56672_/A
 _56672_/B
 _56672_/X
 _56673_/A
 _56673_/B
 _56673_/X
 _56674_/A
 _56674_/B
 _56674_/C
 _56674_/D
 _56674_/Y
 _56675_/A
 _56675_/B
 _56675_/X
 _56676_/A
 _56676_/B
 _56676_/X
 _56677_/A
 _56677_/B
 _56677_/X
 _56678_/A
 _56678_/B
 _56678_/X
 _56679_/A
 _56679_/B
 _56679_/C
 _56679_/D
 _56679_/Y
 _56680_/A
 _56680_/B
 _56680_/X
 _56681_/A
 _56681_/B
 _56681_/X
 _56682_/A
 _56682_/B
 _56682_/X
 _56683_/A
 _56683_/B
 _56683_/X
 _56684_/A
 _56684_/B
 _56684_/C
 _56684_/D
 _56684_/Y
 _56685_/A
 _56685_/B
 _56685_/X
 _56686_/A
 _56686_/B
 _56686_/X
 _56687_/A
 _56687_/B
 _56687_/X
 _56688_/A
 _56688_/B
 _56688_/X
 _56689_/A
 _56689_/B
 _56689_/C
 _56689_/D
 _56689_/Y
 _56690_/A
 _56690_/B
 _56690_/C
 _56690_/D
 _56690_/Y
 _56691_/A
 _56691_/B
 _56691_/C
 _56691_/Y
 _56692_/A1
 _56692_/A2
 _56692_/B1
 _56692_/B2
 _56692_/Y
 _56693_/A1
 _56693_/A2
 _56693_/B1
 _56693_/B2
 _56693_/C1
 _56693_/X
 _56694_/A1
 _56694_/A2
 _56694_/B1
 _56694_/B2
 _56694_/Y
 _56695_/A1_N
 _56695_/A2_N
 _56695_/B1
 _56695_/B2
 _56695_/Y
 _56696_/A
 _56696_/B
 _56696_/Y
 _56697_/A1
 _56697_/A2
 _56697_/B1
 _56697_/Y
 _56698_/A
 _56698_/B
 _56698_/C
 _56698_/D
 _56698_/Y
 _56699_/A1
 _56699_/A2
 _56699_/B1
 _56699_/B2
 _56699_/Y
 _56700_/A1
 _56700_/A2
 _56700_/B1
 _56700_/B2
 _56700_/C1
 _56700_/Y
 _56701_/A1
 _56701_/A2
 _56701_/B1
 _56701_/B2
 _56701_/Y
 _56702_/A
 _56702_/B
 _56702_/X
 _56703_/A
 _56703_/B
 _56703_/C
 _56703_/Y
 _56704_/A
 _56704_/B
 _56704_/X
 _56705_/A
 _56705_/B
 _56705_/X
 _56706_/A
 _56706_/B
 _56706_/X
 _56707_/A
 _56707_/B
 _56707_/X
 _56708_/A
 _56708_/B
 _56708_/C
 _56708_/D
 _56708_/Y
 _56709_/A
 _56709_/B
 _56709_/C
 _56709_/D
 _56709_/Y
 _56710_/A1
 _56710_/A2
 _56710_/B1
 _56710_/B2
 _56710_/Y
 _56711_/A1
 _56711_/A2
 _56711_/B1
 _56711_/B2
 _56711_/Y
 _56712_/A1
 _56712_/A2
 _56712_/B1
 _56712_/B2
 _56712_/Y
 _56713_/A1
 _56713_/A2
 _56713_/B1
 _56713_/B2
 _56713_/C1
 _56713_/Y
 _56714_/A1_N
 _56714_/A2_N
 _56714_/B1
 _56714_/B2
 _56714_/Y
 _56715_/A
 _56715_/B
 _56715_/X
 _56716_/A
 _56716_/B
 _56716_/X
 _56717_/A
 _56717_/B
 _56717_/X
 _56718_/A
 _56718_/B
 _56718_/C
 _56718_/D
 _56718_/Y
 _56719_/A
 _56719_/B
 _56719_/C
 _56719_/D
 _56719_/Y
 _56720_/A
 _56720_/B
 _56720_/X
 _56721_/A
 _56721_/B
 _56721_/X
 _56722_/A
 _56722_/B
 _56722_/X
 _56723_/A
 _56723_/B
 _56723_/X
 _56724_/A
 _56724_/B
 _56724_/C
 _56724_/D
 _56724_/Y
 _56725_/A
 _56725_/B
 _56725_/X
 _56726_/A
 _56726_/B
 _56726_/X
 _56727_/A
 _56727_/B
 _56727_/X
 _56728_/A
 _56728_/B
 _56728_/X
 _56729_/A
 _56729_/B
 _56729_/C
 _56729_/D
 _56729_/Y
 _56730_/A
 _56730_/B
 _56730_/X
 _56731_/A
 _56731_/B
 _56731_/X
 _56732_/A
 _56732_/B
 _56732_/X
 _56733_/A
 _56733_/B
 _56733_/X
 _56734_/A
 _56734_/B
 _56734_/C
 _56734_/D
 _56734_/Y
 _56735_/A
 _56735_/B
 _56735_/X
 _56736_/A
 _56736_/B
 _56736_/X
 _56737_/A
 _56737_/B
 _56737_/X
 _56738_/A
 _56738_/B
 _56738_/X
 _56739_/A
 _56739_/B
 _56739_/C
 _56739_/D
 _56739_/Y
 _56740_/A
 _56740_/B
 _56740_/C
 _56740_/D
 _56740_/Y
 _56741_/A
 _56741_/B
 _56741_/C
 _56741_/Y
 _56742_/A
 _56742_/Y
 _56743_/A1
 _56743_/A2
 _56743_/B1
 _56743_/B2
 _56743_/Y
 _56744_/A1_N
 _56744_/A2_N
 _56744_/B1
 _56744_/B2
 _56744_/Y
 _56745_/A1_N
 _56745_/A2_N
 _56745_/B1
 _56745_/B2
 _56745_/Y
 _56746_/A1
 _56746_/A2
 _56746_/B1
 _56746_/B2
 _56746_/Y
 _56747_/A
 _56747_/B
 _56747_/C
 _56747_/D
 _56747_/Y
 _56748_/A
 _56748_/B
 _56748_/X
 _56749_/A
 _56749_/Y
 _56750_/A1
 _56750_/A2
 _56750_/B1
 _56750_/B2
 _56750_/Y
 _56751_/A
 _56751_/B
 _56751_/X
 _56752_/A
 _56752_/B
 _56752_/X
 _56753_/A
 _56753_/B
 _56753_/C
 _56753_/D
 _56753_/Y
 _56754_/A
 _56754_/B
 _56754_/Y
 _56755_/A
 _56755_/B
 _56755_/Y
 _56756_/A
 _56756_/B
 _56756_/Y
 _56757_/A
 _56757_/B
 _56757_/Y
 _56758_/A
 _56758_/B
 _56758_/C
 _56758_/D
 _56758_/Y
 _56759_/A
 _56759_/B
 _56759_/Y
 _56760_/A
 _56760_/B
 _56760_/Y
 _56761_/A
 _56761_/B
 _56761_/Y
 _56762_/A
 _56762_/B
 _56762_/Y
 _56763_/A
 _56763_/B
 _56763_/C
 _56763_/D
 _56763_/Y
 _56764_/A
 _56764_/B
 _56764_/Y
 _56765_/A
 _56765_/B
 _56765_/Y
 _56766_/A
 _56766_/B
 _56766_/Y
 _56767_/A
 _56767_/B
 _56767_/Y
 _56768_/A
 _56768_/B
 _56768_/C
 _56768_/D
 _56768_/Y
 _56769_/A
 _56769_/B
 _56769_/Y
 _56770_/A
 _56770_/B
 _56770_/Y
 _56771_/A
 _56771_/B
 _56771_/Y
 _56772_/A
 _56772_/B
 _56772_/Y
 _56773_/A
 _56773_/B
 _56773_/C
 _56773_/D
 _56773_/Y
 _56774_/A
 _56774_/B
 _56774_/C
 _56774_/D
 _56774_/Y
 _56775_/A
 _56775_/B
 _56775_/C
 _56775_/Y
 _56776_/A
 _56776_/B
 _56776_/X
 _56777_/A1
 _56777_/A2
 _56777_/B1
 _56777_/B2
 _56777_/C1
 _56777_/Y
 _56778_/A1_N
 _56778_/A2_N
 _56778_/B1
 _56778_/B2
 _56778_/Y
 _56779_/A1
 _56779_/A2
 _56779_/B1
 _56779_/B2
 _56779_/C1
 _56779_/Y
 _56780_/A
 _56780_/Y
 _56781_/A1_N
 _56781_/A2_N
 _56781_/B1
 _56781_/B2
 _56781_/Y
 _56782_/A1
 _56782_/A2
 _56782_/B1
 _56782_/B2
 _56782_/C1
 _56782_/Y
 _56783_/A
 _56783_/B
 _56783_/X
 _56784_/A
 _56784_/B
 _56784_/X
 _56785_/A
 _56785_/B
 _56785_/Y
 _56786_/A
 _56786_/B
 _56786_/C
 _56786_/D
 _56786_/Y
 _56787_/A
 _56787_/B
 _56787_/X
 _56788_/A
 _56788_/B
 _56788_/X
 _56789_/A
 _56789_/B
 _56789_/X
 _56790_/A
 _56790_/B
 _56790_/C
 _56790_/Y
 _56791_/A
 _56791_/B
 _56791_/X
 _56792_/A
 _56792_/B
 _56792_/X
 _56793_/A
 _56793_/B
 _56793_/X
 _56794_/A
 _56794_/B
 _56794_/X
 _56795_/A
 _56795_/B
 _56795_/C
 _56795_/D
 _56795_/Y
 _56796_/A
 _56796_/B
 _56796_/X
 _56797_/A
 _56797_/B
 _56797_/X
 _56798_/A
 _56798_/B
 _56798_/X
 _56799_/A
 _56799_/B
 _56799_/X
 _56800_/A
 _56800_/B
 _56800_/C
 _56800_/D
 _56800_/Y
 _56801_/A
 _56801_/B
 _56801_/C
 _56801_/Y
 _56802_/A1
 _56802_/A2
 _56802_/B1
 _56802_/Y
 _56803_/A
 _56803_/B
 _56803_/X
 _56804_/A
 _56804_/B
 _56804_/X
 _56805_/A
 _56805_/Y
 _56806_/A1
 _56806_/A2
 _56806_/B1
 _56806_/B2
 _56806_/Y
 _56807_/A
 _56807_/B
 _56807_/C
 _56807_/D
 _56807_/Y
 _56808_/A
 _56808_/B
 _56808_/X
 _56809_/A
 _56809_/B
 _56809_/X
 _56810_/A
 _56810_/B
 _56810_/X
 _56811_/A
 _56811_/B
 _56811_/X
 _56812_/A
 _56812_/B
 _56812_/C
 _56812_/D
 _56812_/Y
 _56813_/A
 _56813_/Y
 _56814_/A1_N
 _56814_/A2_N
 _56814_/B1
 _56814_/B2
 _56814_/Y
 _56815_/A1
 _56815_/A2
 _56815_/B1
 _56815_/B2
 _56815_/C1
 _56815_/Y
 _56816_/A1_N
 _56816_/A2_N
 _56816_/B1
 _56816_/B2
 _56816_/Y
 _56817_/A1
 _56817_/A2
 _56817_/B1
 _56817_/B2
 _56817_/Y
 _56818_/A
 _56818_/B
 _56818_/Y
 _56819_/A
 _56819_/B
 _56819_/Y
 _56820_/A1
 _56820_/A2
 _56820_/B1
 _56820_/B2
 _56820_/Y
 _56821_/A1
 _56821_/A2
 _56821_/B1
 _56821_/B2
 _56821_/C1
 _56821_/Y
 _56822_/A1_N
 _56822_/A2_N
 _56822_/B1
 _56822_/B2
 _56822_/Y
 _56823_/A1
 _56823_/A2
 _56823_/B1
 _56823_/B2
 _56823_/Y
 _56824_/A
 _56824_/B
 _56824_/C
 _56824_/D
 _56824_/Y
 _56825_/A
 _56825_/B
 _56825_/C
 _56825_/X
 _56826_/A1
 _56826_/A2
 _56826_/B1
 _56826_/B2
 _56826_/C1
 _56826_/C2
 _56826_/Y
 _56827_/A1
 _56827_/A2
 _56827_/B1
 _56827_/B2
 _56827_/Y
 _56828_/A1
 _56828_/A2
 _56828_/B1
 _56828_/B2
 _56828_/C1
 _56828_/Y
 _56829_/A
 _56829_/Y
 _56830_/A1
 _56830_/A2
 _56830_/B1
 _56830_/B2
 _56830_/Y
 _56831_/A1
 _56831_/A2
 _56831_/B1
 _56831_/B2
 _56831_/C1
 _56831_/Y
 _56832_/A
 _56832_/B
 _56832_/C
 _56832_/D
 _56832_/Y
 _56833_/A
 _56833_/B
 _56833_/C
 _56833_/D
 _56833_/X
 _56834_/A1
 _56834_/A2
 _56834_/B1
 _56834_/B2
 _56834_/Y
 _56835_/A1_N
 _56835_/A2_N
 _56835_/B1
 _56835_/B2
 _56835_/Y
 _56836_/A1
 _56836_/A2
 _56836_/B1
 _56836_/B2
 _56836_/Y
 _56837_/A1
 _56837_/A2
 _56837_/B1
 _56837_/B2
 _56837_/Y
 _56838_/A
 _56838_/B
 _56838_/C
 _56838_/D
 _56838_/Y
 _56839_/A
 _56839_/B
 _56839_/X
 _56840_/A
 _56840_/B
 _56840_/X
 _56841_/A
 _56841_/B
 _56841_/X
 _56842_/A
 _56842_/B
 _56842_/X
 _56843_/A
 _56843_/B
 _56843_/C
 _56843_/D
 _56843_/Y
 _56844_/A
 _56844_/B
 _56844_/Y
 _56845_/A1
 _56845_/A2
 _56845_/B1
 _56845_/B2
 _56845_/Y
 _56846_/A1
 _56846_/A2
 _56846_/B1
 _56846_/B2
 _56846_/C1
 _56846_/Y
 _56847_/A1
 _56847_/A2
 _56847_/B1
 _56847_/B2
 _56847_/Y
 _56848_/A1
 _56848_/A2
 _56848_/B1
 _56848_/B2
 _56848_/C1
 _56848_/Y
 _56849_/A
 _56849_/B
 _56849_/Y
 _56850_/A
 _56850_/B
 _56850_/X
 _56851_/A1
 _56851_/A2
 _56851_/B1
 _56851_/B2
 _56851_/C1
 _56851_/Y
 _56852_/A1
 _56852_/A2
 _56852_/B1
 _56852_/B2
 _56852_/Y
 _56853_/A1
 _56853_/A2
 _56853_/B1
 _56853_/B2
 _56853_/C1
 _56853_/Y
 _56854_/A_N
 _56854_/B
 _56854_/C
 _56854_/D
 _56854_/Y
 _56855_/A
 _56855_/B
 _56855_/Y
 _56856_/A
 _56856_/B
 _56856_/Y
 _56857_/A
 _56857_/B
 _56857_/Y
 _56858_/A
 _56858_/B
 _56858_/Y
 _56859_/A
 _56859_/B
 _56859_/C
 _56859_/D
 _56859_/Y
 _56860_/A
 _56860_/B
 _56860_/Y
 _56861_/A
 _56861_/B
 _56861_/Y
 _56862_/A
 _56862_/B
 _56862_/Y
 _56863_/A
 _56863_/B
 _56863_/X
 _56864_/A
 _56864_/B
 _56864_/X
 _56865_/A
 _56865_/B
 _56865_/X
 _56866_/A
 _56866_/B
 _56866_/X
 _56867_/A
 _56867_/B
 _56867_/C
 _56867_/D
 _56867_/Y
 _56868_/A
 _56868_/B
 _56868_/C
 _56868_/D
 _56868_/Y
 _56869_/A
 _56869_/B
 _56869_/X
 _56870_/A
 _56870_/B
 _56870_/X
 _56871_/A
 _56871_/B
 _56871_/X
 _56872_/A
 _56872_/B
 _56872_/X
 _56873_/A
 _56873_/B
 _56873_/C
 _56873_/D
 _56873_/Y
 _56874_/A
 _56874_/B
 _56874_/X
 _56875_/A
 _56875_/B
 _56875_/X
 _56876_/A
 _56876_/B
 _56876_/X
 _56877_/A
 _56877_/B
 _56877_/X
 _56878_/A
 _56878_/B
 _56878_/C
 _56878_/D
 _56878_/Y
 _56879_/A
 _56879_/B
 _56879_/X
 _56880_/A
 _56880_/B
 _56880_/X
 _56881_/A
 _56881_/B
 _56881_/X
 _56882_/A
 _56882_/B
 _56882_/X
 _56883_/A
 _56883_/B
 _56883_/C
 _56883_/D
 _56883_/Y
 _56884_/A
 _56884_/B
 _56884_/X
 _56885_/A
 _56885_/B
 _56885_/X
 _56886_/A
 _56886_/B
 _56886_/X
 _56887_/A
 _56887_/B
 _56887_/X
 _56888_/A
 _56888_/B
 _56888_/C
 _56888_/D
 _56888_/Y
 _56889_/A
 _56889_/B
 _56889_/C
 _56889_/D
 _56889_/Y
 _56890_/A
 _56890_/B
 _56890_/C
 _56890_/D
 _56890_/X
 _56891_/A
 _56891_/Y
 _56892_/A1
 _56892_/A2
 _56892_/B1
 _56892_/Y
 _56893_/A1
 _56893_/A2
 _56893_/B1
 _56893_/B2
 _56893_/C1
 _56893_/C2
 _56893_/Y
 _56894_/A
 _56894_/B
 _56894_/Y
 _56895_/A
 _56895_/B
 _56895_/Y
 _56896_/A1_N
 _56896_/A2_N
 _56896_/B1
 _56896_/B2
 _56896_/Y
 _56897_/A
 _56897_/B
 _56897_/C
 _56897_/D
 _56897_/Y
 _56898_/A
 _56898_/B
 _56898_/X
 _56899_/A
 _56899_/B
 _56899_/X
 _56900_/A
 _56900_/B
 _56900_/X
 _56901_/A
 _56901_/B
 _56901_/X
 _56902_/A
 _56902_/B
 _56902_/C
 _56902_/D
 _56902_/Y
 _56903_/A
 _56903_/B
 _56903_/X
 _56904_/A
 _56904_/B
 _56904_/X
 _56905_/A
 _56905_/B
 _56905_/X
 _56906_/A
 _56906_/B
 _56906_/X
 _56907_/A
 _56907_/B
 _56907_/C
 _56907_/D
 _56907_/Y
 _56908_/A
 _56908_/B
 _56908_/X
 _56909_/A
 _56909_/B
 _56909_/X
 _56910_/A
 _56910_/B
 _56910_/X
 _56911_/A
 _56911_/B
 _56911_/X
 _56912_/A
 _56912_/B
 _56912_/C
 _56912_/D
 _56912_/Y
 _56913_/A
 _56913_/B
 _56913_/X
 _56914_/A
 _56914_/B
 _56914_/X
 _56915_/A
 _56915_/B
 _56915_/X
 _56916_/A
 _56916_/B
 _56916_/X
 _56917_/A
 _56917_/B
 _56917_/C
 _56917_/D
 _56917_/Y
 _56918_/A
 _56918_/B
 _56918_/C
 _56918_/D
 _56918_/Y
 _56919_/A
 _56919_/B
 _56919_/C
 _56919_/D
 _56919_/Y
 _56920_/A
 _56920_/B
 _56920_/X
 _56921_/A1
 _56921_/A2
 _56921_/B1
 _56921_/Y
 _56922_/A
 _56922_/B
 _56922_/Y
 _56923_/A
 _56923_/B
 _56923_/Y
 _56924_/A
 _56924_/B
 _56924_/C
 _56924_/D
 _56924_/Y
 _56925_/A
 _56925_/B
 _56925_/Y
 _56926_/A
 _56926_/B
 _56926_/Y
 _56927_/A
 _56927_/B
 _56927_/Y
 _56928_/A
 _56928_/B
 _56928_/Y
 _56929_/A
 _56929_/B
 _56929_/C
 _56929_/D
 _56929_/Y
 _56930_/A
 _56930_/B
 _56930_/Y
 _56931_/A
 _56931_/Y
 _56932_/A1
 _56932_/A2
 _56932_/B1
 _56932_/B2
 _56932_/X
 _56933_/A1
 _56933_/A2
 _56933_/B1
 _56933_/B2
 _56933_/C1
 _56933_/Y
 _56934_/A1_N
 _56934_/A2_N
 _56934_/B1
 _56934_/B2
 _56934_/Y
 _56935_/A1
 _56935_/A2
 _56935_/B1
 _56935_/B2
 _56935_/C1
 _56935_/Y
 _56936_/A1
 _56936_/A2
 _56936_/B1
 _56936_/B2
 _56936_/Y
 _56937_/A
 _56937_/B
 _56937_/X
 _56938_/A
 _56938_/Y
 _56939_/A1
 _56939_/A2
 _56939_/B1
 _56939_/B2
 _56939_/Y
 _56940_/A1
 _56940_/A2
 _56940_/B1
 _56940_/B2
 _56940_/C1
 _56940_/X
 _56941_/A
 _56941_/B
 _56941_/C
 _56941_/Y
 _56942_/A
 _56942_/B
 _56942_/C
 _56942_/D
 _56942_/Y
 _56943_/A
 _56943_/Y
 _56944_/A1
 _56944_/A2
 _56944_/B1
 _56944_/B2
 _56944_/Y
 _56945_/A1
 _56945_/A2
 _56945_/B1_N
 _56945_/Y
 _56946_/A1
 _56946_/A2
 _56946_/B1
 _56946_/B2
 _56946_/Y
 _56947_/A1
 _56947_/A2
 _56947_/B1
 _56947_/B2
 _56947_/Y
 _56948_/A
 _56948_/Y
 _56949_/A
 _56949_/B
 _56949_/X
 _56950_/A1
 _56950_/A2
 _56950_/B1
 _56950_/B2
 _56950_/C1
 _56950_/Y
 _56951_/A
 _56951_/B
 _56951_/C
 _56951_/Y
 _56952_/A
 _56952_/B
 _56952_/X
 _56953_/A
 _56953_/B
 _56953_/X
 _56954_/A
 _56954_/B
 _56954_/X
 _56955_/A
 _56955_/B
 _56955_/X
 _56956_/A
 _56956_/B
 _56956_/C
 _56956_/D
 _56956_/Y
 _56957_/A
 _56957_/B
 _56957_/X
 _56958_/A
 _56958_/B
 _56958_/X
 _56959_/A
 _56959_/B
 _56959_/X
 _56960_/A
 _56960_/B
 _56960_/X
 _56961_/A
 _56961_/B
 _56961_/C
 _56961_/D
 _56961_/Y
 _56962_/A
 _56962_/B
 _56962_/X
 _56963_/A
 _56963_/B
 _56963_/X
 _56964_/A
 _56964_/B
 _56964_/X
 _56965_/A
 _56965_/B
 _56965_/X
 _56966_/A
 _56966_/B
 _56966_/C
 _56966_/D
 _56966_/Y
 _56967_/A
 _56967_/B
 _56967_/X
 _56968_/A
 _56968_/B
 _56968_/X
 _56969_/A
 _56969_/B
 _56969_/X
 _56970_/A
 _56970_/B
 _56970_/X
 _56971_/A
 _56971_/B
 _56971_/C
 _56971_/D
 _56971_/Y
 _56972_/A
 _56972_/B
 _56972_/C
 _56972_/D
 _56972_/Y
 _56973_/A
 _56973_/B
 _56973_/Y
 _56974_/A
 _56974_/B
 _56974_/Y
 _56975_/A
 _56975_/B
 _56975_/Y
 _56976_/A
 _56976_/B
 _56976_/C
 _56976_/Y
 _56977_/A
 _56977_/B
 _56977_/Y
 _56978_/A
 _56978_/B
 _56978_/Y
 _56979_/A
 _56979_/B
 _56979_/Y
 _56980_/A
 _56980_/B
 _56980_/Y
 _56981_/A
 _56981_/B
 _56981_/C
 _56981_/D
 _56981_/Y
 _56982_/A
 _56982_/B
 _56982_/Y
 _56983_/A
 _56983_/B
 _56983_/Y
 _56984_/A
 _56984_/B
 _56984_/Y
 _56985_/A
 _56985_/B
 _56985_/Y
 _56986_/A
 _56986_/B
 _56986_/C
 _56986_/D
 _56986_/Y
 _56987_/A
 _56987_/B
 _56987_/C
 _56987_/D
 _56987_/Y
 _56988_/A1
 _56988_/A2
 _56988_/B1
 _56988_/B2
 _56988_/Y
 _56989_/A
 _56989_/B
 _56989_/X
 _56990_/A1
 _56990_/A2
 _56990_/B1
 _56990_/B2
 _56990_/Y
 _56991_/A1
 _56991_/A2
 _56991_/B1
 _56991_/B2
 _56991_/Y
 _56992_/A
 _56992_/B
 _56992_/C
 _56992_/D
 _56992_/Y
 _56993_/A
 _56993_/B
 _56993_/Y
 _56994_/A
 _56994_/B
 _56994_/Y
 _56995_/A
 _56995_/B
 _56995_/Y
 _56996_/A
 _56996_/B
 _56996_/Y
 _56997_/A
 _56997_/B
 _56997_/C
 _56997_/D
 _56997_/Y
 _56998_/A
 _56998_/B
 _56998_/Y
 _56999_/A
 _56999_/B
 _56999_/Y
 _57000_/A
 _57000_/B
 _57000_/Y
 _57001_/A
 _57001_/B
 _57001_/Y
 _57002_/A
 _57002_/B
 _57002_/C
 _57002_/D
 _57002_/Y
 _57003_/A
 _57003_/B
 _57003_/Y
 _57004_/A1
 _57004_/A2
 _57004_/B1
 _57004_/B2
 _57004_/Y
 _57005_/A1
 _57005_/A2
 _57005_/B1
 _57005_/B2
 _57005_/Y
 _57006_/A
 _57006_/B
 _57006_/Y
 _57007_/A1
 _57007_/A2
 _57007_/B1
 _57007_/B2
 _57007_/Y
 _57008_/A1_N
 _57008_/A2_N
 _57008_/B1
 _57008_/B2
 _57008_/Y
 _57009_/A
 _57009_/B
 _57009_/C
 _57009_/Y
 _57010_/A
 _57010_/B
 _57010_/C
 _57010_/D
 _57010_/Y
 _57011_/A
 _57011_/B
 _57011_/C
 _57011_/D
 _57011_/Y
 _57012_/A1_N
 _57012_/A2_N
 _57012_/B1
 _57012_/B2
 _57012_/Y
 _57013_/A1
 _57013_/A2
 _57013_/B1
 _57013_/B2
 _57013_/Y
 _57014_/A
 _57014_/Y
 _57015_/A
 _57015_/B
 _57015_/Y
 _57016_/A1
 _57016_/A2
 _57016_/B1
 _57016_/B2
 _57016_/C1
 _57016_/Y
 _57017_/A
 _57017_/B
 _57017_/X
 _57018_/A1
 _57018_/A2
 _57018_/B1
 _57018_/Y
 _57019_/A
 _57019_/B
 _57019_/Y
 _57020_/A
 _57020_/B
 _57020_/Y
 _57021_/A
 _57021_/B
 _57021_/C
 _57021_/D
 _57021_/Y
 _57022_/A
 _57022_/B
 _57022_/C
 _57022_/D
 _57022_/Y
 _57023_/A
 _57023_/Y
 _57024_/A1
 _57024_/A2
 _57024_/B1
 _57024_/B2
 _57024_/Y
 _57025_/A1
 _57025_/A2
 _57025_/B1
 _57025_/B2
 _57025_/C1
 _57025_/X
 _57026_/A
 _57026_/Y
 _57027_/A1
 _57027_/A2
 _57027_/B1
 _57027_/B2
 _57027_/Y
 _57028_/A1_N
 _57028_/A2_N
 _57028_/B1
 _57028_/B2
 _57028_/Y
 _57029_/A
 _57029_/B
 _57029_/C
 _57029_/Y
 _57030_/A
 _57030_/B
 _57030_/X
 _57031_/A
 _57031_/B
 _57031_/X
 _57032_/A
 _57032_/B
 _57032_/X
 _57033_/A
 _57033_/B
 _57033_/X
 _57034_/A
 _57034_/B
 _57034_/C
 _57034_/D
 _57034_/Y
 _57035_/A
 _57035_/B
 _57035_/X
 _57036_/A
 _57036_/B
 _57036_/X
 _57037_/A
 _57037_/B
 _57037_/X
 _57038_/A
 _57038_/B
 _57038_/X
 _57039_/A
 _57039_/B
 _57039_/C
 _57039_/D
 _57039_/Y
 _57040_/A
 _57040_/B
 _57040_/C
 _57040_/D
 _57040_/Y
 _57041_/A
 _57041_/Y
 _57042_/A1
 _57042_/A2
 _57042_/B1
 _57042_/B2
 _57042_/Y
 _57043_/A1
 _57043_/A2
 _57043_/B1
 _57043_/B2
 _57043_/Y
 _57044_/A1
 _57044_/A2
 _57044_/B1
 _57044_/B2
 _57044_/C1
 _57044_/Y
 _57045_/A1
 _57045_/A2
 _57045_/B1
 _57045_/B2
 _57045_/X
 _57046_/A1
 _57046_/A2
 _57046_/B1
 _57046_/B2
 _57046_/C1
 _57046_/Y
 _57047_/A
 _57047_/B
 _57047_/X
 _57048_/A1
 _57048_/A2
 _57048_/B1
 _57048_/B2
 _57048_/C1
 _57048_/Y
 _57049_/A1
 _57049_/A2
 _57049_/B1
 _57049_/B2
 _57049_/Y
 _57050_/A1
 _57050_/A2
 _57050_/B1
 _57050_/B2
 _57050_/C1
 _57050_/Y
 _57051_/A
 _57051_/B
 _57051_/C
 _57051_/D
 _57051_/Y
 _57052_/A1
 _57052_/A2
 _57052_/B1
 _57052_/C1
 _57052_/D1
 _57052_/Y
 _57053_/A
 _57053_/B
 _57053_/Y
 _57054_/A
 _57054_/B
 _57054_/Y
 _57055_/A
 _57055_/B
 _57055_/Y
 _57056_/A
 _57056_/B
 _57056_/Y
 _57057_/A
 _57057_/B
 _57057_/C
 _57057_/D
 _57057_/Y
 _57058_/A
 _57058_/B
 _57058_/Y
 _57059_/A
 _57059_/B
 _57059_/Y
 _57060_/A
 _57060_/B
 _57060_/Y
 _57061_/A
 _57061_/B
 _57061_/Y
 _57062_/A
 _57062_/B
 _57062_/C
 _57062_/D
 _57062_/Y
 _57063_/A
 _57063_/B
 _57063_/Y
 _57064_/A
 _57064_/B
 _57064_/Y
 _57065_/A
 _57065_/B
 _57065_/Y
 _57066_/A
 _57066_/B
 _57066_/Y
 _57067_/A
 _57067_/B
 _57067_/C
 _57067_/Y
 _57068_/A
 _57068_/B
 _57068_/Y
 _57069_/A
 _57069_/B
 _57069_/Y
 _57070_/A
 _57070_/B
 _57070_/Y
 _57071_/A
 _57071_/B
 _57071_/Y
 _57072_/A
 _57072_/B
 _57072_/C
 _57072_/D
 _57072_/Y
 _57073_/A
 _57073_/B
 _57073_/Y
 _57074_/A
 _57074_/B
 _57074_/Y
 _57075_/A
 _57075_/B
 _57075_/Y
 _57076_/A
 _57076_/B
 _57076_/Y
 _57077_/A
 _57077_/B
 _57077_/C
 _57077_/D
 _57077_/Y
 _57078_/A
 _57078_/B
 _57078_/C
 _57078_/Y
 _57079_/A
 _57079_/B
 _57079_/Y
 _57080_/A
 _57080_/B
 _57080_/Y
 _57081_/A
 _57081_/B
 _57081_/Y
 _57082_/A
 _57082_/B
 _57082_/Y
 _57083_/A
 _57083_/B
 _57083_/C
 _57083_/D
 _57083_/Y
 _57084_/A
 _57084_/B
 _57084_/Y
 _57085_/A
 _57085_/B
 _57085_/Y
 _57086_/A
 _57086_/B
 _57086_/Y
 _57087_/A
 _57087_/B
 _57087_/Y
 _57088_/A
 _57088_/B
 _57088_/C
 _57088_/D
 _57088_/Y
 _57089_/A
 _57089_/B
 _57089_/Y
 _57090_/A
 _57090_/B
 _57090_/Y
 _57091_/A
 _57091_/B
 _57091_/Y
 _57092_/A
 _57092_/B
 _57092_/Y
 _57093_/A
 _57093_/B
 _57093_/C
 _57093_/D
 _57093_/Y
 _57094_/A
 _57094_/B
 _57094_/Y
 _57095_/A
 _57095_/B
 _57095_/Y
 _57096_/A
 _57096_/B
 _57096_/Y
 _57097_/A
 _57097_/B
 _57097_/Y
 _57098_/A
 _57098_/B
 _57098_/C
 _57098_/D
 _57098_/Y
 _57099_/A
 _57099_/B
 _57099_/C
 _57099_/D
 _57099_/Y
 _57100_/A
 _57100_/B
 _57100_/C
 _57100_/D
 _57100_/Y
 _57101_/A
 _57101_/B
 _57101_/Y
 _57102_/A1
 _57102_/A2
 _57102_/B1
 _57102_/C1
 _57102_/Y
 _57103_/A
 _57103_/B
 _57103_/X
 _57104_/A
 _57104_/B
 _57104_/X
 _57105_/A
 _57105_/B
 _57105_/Y
 _57106_/A
 _57106_/B
 _57106_/Y
 _57107_/A
 _57107_/B
 _57107_/Y
 _57108_/A
 _57108_/B
 _57108_/Y
 _57109_/A
 _57109_/B
 _57109_/C
 _57109_/D
 _57109_/Y
 _57110_/A
 _57110_/B
 _57110_/C
 _57110_/D
 _57110_/Y
 _57111_/A
 _57111_/B
 _57111_/Y
 _57112_/A
 _57112_/B
 _57112_/Y
 _57113_/A
 _57113_/B
 _57113_/Y
 _57114_/A
 _57114_/B
 _57114_/Y
 _57115_/A
 _57115_/B
 _57115_/C
 _57115_/D
 _57115_/Y
 _57116_/A
 _57116_/B
 _57116_/Y
 _57117_/A
 _57117_/B
 _57117_/Y
 _57118_/A
 _57118_/B
 _57118_/Y
 _57119_/A
 _57119_/B
 _57119_/Y
 _57120_/A
 _57120_/B
 _57120_/C
 _57120_/D
 _57120_/Y
 _57121_/A
 _57121_/B
 _57121_/Y
 _57122_/A
 _57122_/B
 _57122_/Y
 _57123_/A
 _57123_/B
 _57123_/Y
 _57124_/A
 _57124_/B
 _57124_/Y
 _57125_/A
 _57125_/B
 _57125_/C
 _57125_/D
 _57125_/Y
 _57126_/A
 _57126_/B
 _57126_/Y
 _57127_/A
 _57127_/B
 _57127_/Y
 _57128_/A
 _57128_/B
 _57128_/Y
 _57129_/A
 _57129_/B
 _57129_/Y
 _57130_/A
 _57130_/B
 _57130_/C
 _57130_/D
 _57130_/Y
 _57131_/A
 _57131_/B
 _57131_/C
 _57131_/D
 _57131_/Y
 _57132_/A
 _57132_/B
 _57132_/X
 _57133_/A
 _57133_/B
 _57133_/X
 _57134_/A
 _57134_/B
 _57134_/X
 _57135_/A
 _57135_/B
 _57135_/X
 _57136_/A
 _57136_/B
 _57136_/X
 _57137_/A
 _57137_/B
 _57137_/X
 _57138_/A
 _57138_/B
 _57138_/X
 _57139_/A
 _57139_/B
 _57139_/C
 _57139_/D
 _57139_/Y
 _57140_/A
 _57140_/B
 _57140_/X
 _57141_/A
 _57141_/B
 _57141_/X
 _57142_/A
 _57142_/B
 _57142_/X
 _57143_/A
 _57143_/B
 _57143_/X
 _57144_/A
 _57144_/B
 _57144_/C
 _57144_/D
 _57144_/Y
 _57145_/A
 _57145_/B
 _57145_/X
 _57146_/A
 _57146_/B
 _57146_/X
 _57147_/A
 _57147_/B
 _57147_/X
 _57148_/A
 _57148_/B
 _57148_/X
 _57149_/A
 _57149_/B
 _57149_/C
 _57149_/D
 _57149_/Y
 _57150_/A
 _57150_/B
 _57150_/X
 _57151_/A
 _57151_/B
 _57151_/X
 _57152_/A
 _57152_/B
 _57152_/X
 _57153_/A
 _57153_/B
 _57153_/X
 _57154_/A
 _57154_/B
 _57154_/C
 _57154_/D
 _57154_/Y
 _57155_/A
 _57155_/B
 _57155_/C
 _57155_/D
 _57155_/Y
 _57156_/A
 _57156_/B
 _57156_/C
 _57156_/D
 _57156_/Y
 _57157_/A
 _57157_/B
 _57157_/X
 _57158_/A
 _57158_/B
 _57158_/X
 _57159_/A
 _57159_/B
 _57159_/X
 _57160_/A
 _57160_/B
 _57160_/X
 _57161_/A
 _57161_/B
 _57161_/C
 _57161_/D
 _57161_/Y
 _57162_/A
 _57162_/B
 _57162_/X
 _57163_/A
 _57163_/B
 _57163_/X
 _57164_/A
 _57164_/B
 _57164_/X
 _57165_/A
 _57165_/B
 _57165_/X
 _57166_/A
 _57166_/B
 _57166_/C
 _57166_/D
 _57166_/Y
 _57167_/A
 _57167_/B
 _57167_/Y
 _57168_/A
 _57168_/Y
 _57169_/A1
 _57169_/A2
 _57169_/B1
 _57169_/B2
 _57169_/C1
 _57169_/C2
 _57169_/Y
 _57170_/A1
 _57170_/A2
 _57170_/B1
 _57170_/B2
 _57170_/Y
 _57171_/A
 _57171_/Y
 _57172_/A
 _57172_/B
 _57172_/Y
 _57173_/A1
 _57173_/A2
 _57173_/B1
 _57173_/C1
 _57173_/D1
 _57173_/Y
 _57174_/A
 _57174_/B
 _57174_/Y
 _57175_/A
 _57175_/B
 _57175_/Y
 _57176_/A
 _57176_/B
 _57176_/Y
 _57177_/A1
 _57177_/A2
 _57177_/B1
 _57177_/B2
 _57177_/Y
 _57178_/A
 _57178_/B
 _57178_/X
 _57179_/A
 _57179_/B
 _57179_/Y
 _57180_/A1
 _57180_/A2
 _57180_/B1
 _57180_/B2
 _57180_/Y
 _57181_/A1
 _57181_/A2
 _57181_/B1
 _57181_/B2
 _57181_/Y
 _57182_/A
 _57182_/B
 _57182_/C
 _57182_/Y
 _57183_/A1
 _57183_/A2
 _57183_/B1
 _57183_/B2
 _57183_/Y
 _57184_/A1_N
 _57184_/A2_N
 _57184_/B1
 _57184_/B2
 _57184_/Y
 _57185_/A1
 _57185_/A2
 _57185_/B1
 _57185_/B2
 _57185_/Y
 _57186_/A1
 _57186_/A2
 _57186_/B1
 _57186_/B2
 _57186_/Y
 _57187_/A
 _57187_/B
 _57187_/Y
 _57188_/A
 _57188_/B
 _57188_/C
 _57188_/D_N
 _57188_/X
 _57189_/A
 _57189_/B
 _57189_/C
 _57189_/D
 _57189_/Y
 _57190_/A
 _57190_/B
 _57190_/C
 _57190_/D
 _57190_/Y
 _57191_/A1_N
 _57191_/A2_N
 _57191_/B1
 _57191_/B2
 _57191_/Y
 _57192_/A
 _57192_/B
 _57192_/Y
 _57193_/A1
 _57193_/A2
 _57193_/B1
 _57193_/C1
 _57193_/Y
 _57194_/A
 _57194_/B_N
 _57194_/Y
 _57195_/A1
 _57195_/A2
 _57195_/B1
 _57195_/B2
 _57195_/Y
 _57196_/A1
 _57196_/A2
 _57196_/B1
 _57196_/C1
 _57196_/D1
 _57196_/Y
 _57197_/A
 _57197_/B
 _57197_/X
 _57198_/A
 _57198_/Y
 _57199_/A1
 _57199_/A2
 _57199_/B1
 _57199_/B2
 _57199_/Y
 _57200_/A
 _57200_/B
 _57200_/X
 _57201_/A
 _57201_/B
 _57201_/X
 _57202_/A
 _57202_/B
 _57202_/C
 _57202_/D
 _57202_/Y
 _57203_/A1
 _57203_/A2
 _57203_/B1
 _57203_/B2
 _57203_/Y
 _57204_/A1_N
 _57204_/A2_N
 _57204_/B1
 _57204_/B2
 _57204_/Y
 _57205_/A1
 _57205_/A2
 _57205_/B1
 _57205_/B2
 _57205_/X
 _57206_/A
 _57206_/B
 _57206_/X
 _57207_/A
 _57207_/B
 _57207_/C
 _57207_/D
 _57207_/Y
 _57208_/A1_N
 _57208_/A2_N
 _57208_/B1
 _57208_/B2
 _57208_/Y
 _57209_/A1
 _57209_/A2
 _57209_/B1
 _57209_/B2
 _57209_/C1
 _57209_/X
 _57210_/A
 _57210_/B
 _57210_/Y
 _57211_/A1
 _57211_/A2
 _57211_/B1
 _57211_/B2
 _57211_/X
 _57212_/A1
 _57212_/A2
 _57212_/B1
 _57212_/C1
 _57212_/D1
 _57212_/Y
 _57213_/A
 _57213_/B
 _57213_/C
 _57213_/D
 _57213_/Y
 _57214_/A
 _57214_/B
 _57214_/X
 _57215_/A
 _57215_/B
 _57215_/X
 _57216_/A
 _57216_/B
 _57216_/X
 _57217_/A
 _57217_/B
 _57217_/Y
 _57218_/A
 _57218_/B
 _57218_/Y
 _57219_/A
 _57219_/B
 _57219_/Y
 _57220_/A
 _57220_/B
 _57220_/Y
 _57221_/A
 _57221_/B
 _57221_/C
 _57221_/D
 _57221_/Y
 _57222_/A
 _57222_/B
 _57222_/C
 _57222_/D
 _57222_/Y
 _57223_/A
 _57223_/B
 _57223_/X
 _57224_/A
 _57224_/B
 _57224_/X
 _57225_/A
 _57225_/B
 _57225_/X
 _57226_/A
 _57226_/B
 _57226_/X
 _57227_/A
 _57227_/B
 _57227_/C
 _57227_/D
 _57227_/Y
 _57228_/A
 _57228_/B
 _57228_/Y
 _57229_/A
 _57229_/B
 _57229_/Y
 _57230_/A
 _57230_/B
 _57230_/Y
 _57231_/A
 _57231_/B
 _57231_/Y
 _57232_/A
 _57232_/B
 _57232_/C
 _57232_/D
 _57232_/Y
 _57233_/A
 _57233_/B
 _57233_/Y
 _57234_/A
 _57234_/B
 _57234_/Y
 _57235_/A
 _57235_/B
 _57235_/Y
 _57236_/A
 _57236_/B
 _57236_/Y
 _57237_/A
 _57237_/B
 _57237_/C
 _57237_/D
 _57237_/Y
 _57238_/A
 _57238_/B
 _57238_/Y
 _57239_/A
 _57239_/B
 _57239_/Y
 _57240_/A
 _57240_/B
 _57240_/Y
 _57241_/A
 _57241_/B
 _57241_/Y
 _57242_/A
 _57242_/B
 _57242_/C
 _57242_/D
 _57242_/Y
 _57243_/A
 _57243_/B
 _57243_/Y
 _57244_/A
 _57244_/B
 _57244_/Y
 _57245_/A
 _57245_/B
 _57245_/Y
 _57246_/A
 _57246_/B
 _57246_/Y
 _57247_/A
 _57247_/B
 _57247_/C
 _57247_/D
 _57247_/Y
 _57248_/A
 _57248_/B
 _57248_/C
 _57248_/D
 _57248_/Y
 _57249_/A
 _57249_/B
 _57249_/C
 _57249_/Y
 _57250_/A1_N
 _57250_/A2_N
 _57250_/B1
 _57250_/B2
 _57250_/Y
 _57251_/A1
 _57251_/A2
 _57251_/B1
 _57251_/B2
 _57251_/Y
 _57252_/A1
 _57252_/A2
 _57252_/B1
 _57252_/B2
 _57252_/X
 _57253_/A1_N
 _57253_/A2_N
 _57253_/B1
 _57253_/B2
 _57253_/Y
 _57254_/A1
 _57254_/A2
 _57254_/B1
 _57254_/B2
 _57254_/C1
 _57254_/Y
 _57255_/A
 _57255_/B
 _57255_/X
 _57256_/A1
 _57256_/A2
 _57256_/B1
 _57256_/Y
 _57257_/A
 _57257_/B
 _57257_/Y
 _57258_/A
 _57258_/B
 _57258_/Y
 _57259_/A
 _57259_/B
 _57259_/C
 _57259_/D
 _57259_/Y
 _57260_/A
 _57260_/B
 _57260_/C
 _57260_/D
 _57260_/Y
 _57261_/A1
 _57261_/A2
 _57261_/B1
 _57261_/B2
 _57261_/Y
 _57262_/A_N
 _57262_/B
 _57262_/Y
 _57263_/A1
 _57263_/A2
 _57263_/B1
 _57263_/B2
 _57263_/Y
 _57264_/A1
 _57264_/A2
 _57264_/B1
 _57264_/B2
 _57264_/C1
 _57264_/Y
 _57265_/A1
 _57265_/A2
 _57265_/B1
 _57265_/C1
 _57265_/D1
 _57265_/Y
 _57266_/A
 _57266_/B
 _57266_/Y
 _57267_/A
 _57267_/B
 _57267_/Y
 _57268_/A
 _57268_/B
 _57268_/Y
 _57269_/A
 _57269_/B
 _57269_/Y
 _57270_/A
 _57270_/B
 _57270_/C
 _57270_/D
 _57270_/Y
 _57271_/A
 _57271_/B
 _57271_/Y
 _57272_/A
 _57272_/B
 _57272_/Y
 _57273_/A
 _57273_/B
 _57273_/Y
 _57274_/A
 _57274_/B
 _57274_/Y
 _57275_/A
 _57275_/B
 _57275_/C
 _57275_/D
 _57275_/Y
 _57276_/A
 _57276_/B
 _57276_/C
 _57276_/Y
 _57277_/A1
 _57277_/A2
 _57277_/B1
 _57277_/C1
 _57277_/D1
 _57277_/Y
 _57278_/A
 _57278_/B
 _57278_/C
 _57278_/Y
 _57279_/A1_N
 _57279_/A2_N
 _57279_/B1
 _57279_/B2
 _57279_/Y
 _57280_/A1
 _57280_/A2
 _57280_/B1
 _57280_/B2
 _57280_/Y
 _57281_/A1_N
 _57281_/A2_N
 _57281_/B1
 _57281_/B2
 _57281_/Y
 _57282_/A
 _57282_/B
 _57282_/X
 _57283_/A
 _57283_/B
 _57283_/C
 _57283_/D
 _57283_/Y
 _57284_/A
 _57284_/B
 _57284_/Y
 _57285_/A1
 _57285_/A2
 _57285_/B1
 _57285_/C1
 _57285_/Y
 _57286_/A
 _57286_/B
 _57286_/X
 _57287_/A
 _57287_/B
 _57287_/X
 _57288_/A
 _57288_/B
 _57288_/Y
 _57289_/A
 _57289_/B
 _57289_/Y
 _57290_/A
 _57290_/B
 _57290_/Y
 _57291_/A
 _57291_/B
 _57291_/Y
 _57292_/A
 _57292_/B
 _57292_/C
 _57292_/D
 _57292_/Y
 _57293_/A
 _57293_/B
 _57293_/C
 _57293_/D
 _57293_/Y
 _57294_/A1
 _57294_/A2
 _57294_/B1
 _57294_/B2
 _57294_/Y
 _57295_/A1
 _57295_/A2
 _57295_/B1
 _57295_/B2
 _57295_/C1
 _57295_/Y
 _57296_/A
 _57296_/Y
 _57297_/A1
 _57297_/A2
 _57297_/B1
 _57297_/B2
 _57297_/Y
 _57298_/A1
 _57298_/A2
 _57298_/B1
 _57298_/B2
 _57298_/C1
 _57298_/Y
 _57299_/A
 _57299_/B
 _57299_/Y
 _57300_/A
 _57300_/B
 _57300_/Y
 _57301_/A
 _57301_/B
 _57301_/Y
 _57302_/A
 _57302_/B
 _57302_/Y
 _57303_/A
 _57303_/B
 _57303_/Y
 _57304_/A
 _57304_/B
 _57304_/C
 _57304_/D
 _57304_/Y
 _57305_/A
 _57305_/B
 _57305_/Y
 _57306_/A
 _57306_/B
 _57306_/Y
 _57307_/A
 _57307_/B
 _57307_/Y
 _57308_/A
 _57308_/B
 _57308_/Y
 _57309_/A
 _57309_/B
 _57309_/C
 _57309_/D
 _57309_/Y
 _57310_/A
 _57310_/B
 _57310_/Y
 _57311_/A
 _57311_/B
 _57311_/C
 _57311_/D
 _57311_/Y
 _57312_/A
 _57312_/Y
 _57313_/A
 _57313_/B
 _57313_/Y
 _57314_/A1
 _57314_/A2
 _57314_/B1
 _57314_/B2
 _57314_/C1
 _57314_/Y
 _57315_/A1
 _57315_/A2
 _57315_/B1
 _57315_/B2
 _57315_/X
 _57316_/A1
 _57316_/A2
 _57316_/B1
 _57316_/B2
 _57316_/Y
 _57317_/A
 _57317_/Y
 _57318_/A
 _57318_/B
 _57318_/Y
 _57319_/A1
 _57319_/A2
 _57319_/B1
 _57319_/B2
 _57319_/C1
 _57319_/Y
 _57320_/A
 _57320_/B
 _57320_/C
 _57320_/D
 _57320_/Y
 _57321_/A
 _57321_/B
 _57321_/Y
 _57322_/A
 _57322_/B
 _57322_/Y
 _57323_/A
 _57323_/B
 _57323_/Y
 _57324_/A
 _57324_/B
 _57324_/Y
 _57325_/A
 _57325_/B
 _57325_/C
 _57325_/D
 _57325_/Y
 _57326_/A
 _57326_/B
 _57326_/Y
 _57327_/A
 _57327_/B
 _57327_/Y
 _57328_/A
 _57328_/B
 _57328_/Y
 _57329_/A
 _57329_/B
 _57329_/Y
 _57330_/A
 _57330_/B
 _57330_/C
 _57330_/D
 _57330_/Y
 _57331_/A
 _57331_/B
 _57331_/Y
 _57332_/A
 _57332_/B
 _57332_/Y
 _57333_/A
 _57333_/B
 _57333_/Y
 _57334_/A
 _57334_/B
 _57334_/Y
 _57335_/A
 _57335_/B
 _57335_/C
 _57335_/D
 _57335_/Y
 _57336_/A
 _57336_/B
 _57336_/Y
 _57337_/A
 _57337_/B
 _57337_/Y
 _57338_/A
 _57338_/B
 _57338_/Y
 _57339_/A
 _57339_/B
 _57339_/Y
 _57340_/A
 _57340_/B
 _57340_/C
 _57340_/D
 _57340_/Y
 _57341_/A
 _57341_/B
 _57341_/C
 _57341_/D
 _57341_/Y
 _57342_/A1
 _57342_/A2
 _57342_/B1
 _57342_/B2
 _57342_/X
 _57343_/A1
 _57343_/A2
 _57343_/B1
 _57343_/B2
 _57343_/X
 _57344_/A1
 _57344_/A2
 _57344_/B1
 _57344_/B2
 _57344_/X
 _57345_/A
 _57345_/B
 _57345_/X
 _57346_/A
 _57346_/B
 _57346_/C
 _57346_/D
 _57346_/Y
 _57347_/A1
 _57347_/A2
 _57347_/B1
 _57347_/B2
 _57347_/Y
 _57348_/A
 _57348_/B
 _57348_/Y
 _57349_/A
 _57349_/B
 _57349_/Y
 _57350_/A
 _57350_/B
 _57350_/Y
 _57351_/A
 _57351_/B
 _57351_/Y
 _57352_/A1
 _57352_/A2
 _57352_/B1
 _57352_/C1
 _57352_/D1
 _57352_/Y
 _57353_/A
 _57353_/B
 _57353_/C
 _57353_/D
 _57353_/Y
 _57354_/A
 _57354_/B
 _57354_/X
 _57355_/A
 _57355_/B
 _57355_/X
 _57356_/A
 _57356_/B
 _57356_/X
 _57357_/A
 _57357_/B
 _57357_/C
 _57357_/Y
 _57358_/A
 _57358_/B
 _57358_/X
 _57359_/A
 _57359_/B
 _57359_/X
 _57360_/A
 _57360_/B
 _57360_/X
 _57361_/A
 _57361_/B
 _57361_/X
 _57362_/A
 _57362_/B
 _57362_/C
 _57362_/D
 _57362_/Y
 _57363_/A
 _57363_/B
 _57363_/X
 _57364_/A
 _57364_/B
 _57364_/X
 _57365_/A
 _57365_/B
 _57365_/X
 _57366_/A
 _57366_/B
 _57366_/X
 _57367_/A
 _57367_/B
 _57367_/C
 _57367_/D
 _57367_/Y
 _57368_/A
 _57368_/B
 _57368_/C
 _57368_/Y
 _57369_/A
 _57369_/B
 _57369_/C
 _57369_/Y
 _57370_/A1_N
 _57370_/A2_N
 _57370_/B1
 _57370_/B2
 _57370_/Y
 _57371_/A
 _57371_/Y
 _57372_/A1
 _57372_/A2
 _57372_/B1
 _57372_/B2
 _57372_/Y
 _57373_/A1_N
 _57373_/A2_N
 _57373_/B1
 _57373_/B2
 _57373_/Y
 _57374_/A1
 _57374_/A2
 _57374_/B1
 _57374_/B2
 _57374_/C1
 _57374_/X
 _57375_/A
 _57375_/B
 _57375_/Y
 _57376_/A
 _57376_/B
 _57376_/X
 _57377_/A
 _57377_/B
 _57377_/X
 _57378_/A
 _57378_/B
 _57378_/Y
 _57379_/A1
 _57379_/A2
 _57379_/B1
 _57379_/C1
 _57379_/D1
 _57379_/Y
 _57380_/A
 _57380_/B
 _57380_/C
 _57380_/D
 _57380_/Y
 _57381_/A1
 _57381_/A2
 _57381_/B1
 _57381_/B2
 _57381_/Y
 _57382_/A1
 _57382_/A2
 _57382_/B1
 _57382_/B2
 _57382_/C1
 _57382_/X
 _57383_/A1_N
 _57383_/A2_N
 _57383_/B1
 _57383_/B2
 _57383_/Y
 _57384_/A1_N
 _57384_/A2_N
 _57384_/B1
 _57384_/B2
 _57384_/Y
 _57385_/A
 _57385_/B
 _57385_/C
 _57385_/Y
 _57386_/A
 _57386_/Y
 _57387_/A1
 _57387_/A2
 _57387_/B1
 _57387_/B2
 _57387_/Y
 _57388_/A1
 _57388_/A2
 _57388_/B1
 _57388_/B2
 _57388_/C1
 _57388_/Y
 _57389_/A1
 _57389_/A2
 _57389_/B1
 _57389_/B2
 _57389_/Y
 _57390_/A1
 _57390_/A2
 _57390_/B1
 _57390_/B2
 _57390_/Y
 _57391_/A
 _57391_/B
 _57391_/C
 _57391_/X
 _57392_/A
 _57392_/B
 _57392_/Y
 _57393_/A1
 _57393_/A2
 _57393_/B1
 _57393_/B2
 _57393_/C1
 _57393_/X
 _57394_/A
 _57394_/Y
 _57395_/A1
 _57395_/A2
 _57395_/B1
 _57395_/B2
 _57395_/Y
 _57396_/A1
 _57396_/A2
 _57396_/B1
 _57396_/B2
 _57396_/C1
 _57396_/Y
 _57397_/A1
 _57397_/A2
 _57397_/B1
 _57397_/B2
 _57397_/Y
 _57398_/A1
 _57398_/A2
 _57398_/B1
 _57398_/B2
 _57398_/Y
 _57399_/A
 _57399_/B
 _57399_/C
 _57399_/D
 _57399_/Y
 _57400_/A
 _57400_/B
 _57400_/C
 _57400_/D
 _57400_/Y
 _57401_/A
 _57401_/B
 _57401_/Y
 _57402_/A
 _57402_/B
 _57402_/Y
 _57403_/A
 _57403_/B
 _57403_/Y
 _57404_/A
 _57404_/B
 _57404_/Y
 _57405_/A
 _57405_/B
 _57405_/C
 _57405_/D
 _57405_/Y
 _57406_/A
 _57406_/B
 _57406_/Y
 _57407_/A
 _57407_/B
 _57407_/Y
 _57408_/A
 _57408_/B
 _57408_/Y
 _57409_/A
 _57409_/B
 _57409_/Y
 _57410_/A
 _57410_/B
 _57410_/C
 _57410_/D
 _57410_/Y
 _57411_/A
 _57411_/B
 _57411_/Y
 _57412_/A
 _57412_/B
 _57412_/Y
 _57413_/A
 _57413_/B
 _57413_/Y
 _57414_/A
 _57414_/B
 _57414_/Y
 _57415_/A
 _57415_/B
 _57415_/C
 _57415_/D
 _57415_/Y
 _57416_/A
 _57416_/B
 _57416_/Y
 _57417_/A
 _57417_/B
 _57417_/Y
 _57418_/A
 _57418_/B
 _57418_/Y
 _57419_/A
 _57419_/B
 _57419_/Y
 _57420_/A
 _57420_/B
 _57420_/C
 _57420_/D
 _57420_/Y
 _57421_/A
 _57421_/B
 _57421_/C
 _57421_/D
 _57421_/Y
 _57422_/A
 _57422_/B
 _57422_/Y
 _57423_/A
 _57423_/B
 _57423_/Y
 _57424_/A
 _57424_/B
 _57424_/Y
 _57425_/A
 _57425_/B
 _57425_/Y
 _57426_/A
 _57426_/B
 _57426_/C
 _57426_/D
 _57426_/Y
 _57427_/A
 _57427_/B
 _57427_/Y
 _57428_/A
 _57428_/B
 _57428_/Y
 _57429_/A
 _57429_/B
 _57429_/Y
 _57430_/A
 _57430_/B
 _57430_/Y
 _57431_/A
 _57431_/B
 _57431_/C
 _57431_/D
 _57431_/Y
 _57432_/A
 _57432_/B
 _57432_/Y
 _57433_/A
 _57433_/B
 _57433_/Y
 _57434_/A
 _57434_/B
 _57434_/Y
 _57435_/A
 _57435_/B
 _57435_/Y
 _57436_/A
 _57436_/B
 _57436_/C
 _57436_/D
 _57436_/Y
 _57437_/A
 _57437_/B
 _57437_/Y
 _57438_/A
 _57438_/B
 _57438_/Y
 _57439_/A
 _57439_/B
 _57439_/Y
 _57440_/A
 _57440_/B
 _57440_/Y
 _57441_/A
 _57441_/B
 _57441_/C
 _57441_/D
 _57441_/Y
 _57442_/A
 _57442_/B
 _57442_/C
 _57442_/D
 _57442_/Y
 _57443_/A
 _57443_/B
 _57443_/Y
 _57444_/A
 _57444_/B
 _57444_/Y
 _57445_/A
 _57445_/B
 _57445_/Y
 _57446_/A
 _57446_/B
 _57446_/C
 _57446_/Y
 _57447_/A
 _57447_/B
 _57447_/Y
 _57448_/A
 _57448_/B
 _57448_/Y
 _57449_/A
 _57449_/B
 _57449_/Y
 _57450_/A
 _57450_/B
 _57450_/Y
 _57451_/A
 _57451_/B
 _57451_/C
 _57451_/D
 _57451_/Y
 _57452_/A
 _57452_/B
 _57452_/Y
 _57453_/A
 _57453_/B
 _57453_/Y
 _57454_/A
 _57454_/B
 _57454_/Y
 _57455_/A
 _57455_/B
 _57455_/Y
 _57456_/A
 _57456_/B
 _57456_/C
 _57456_/D
 _57456_/Y
 _57457_/A
 _57457_/B
 _57457_/C
 _57457_/Y
 _57458_/A
 _57458_/B
 _57458_/C
 _57458_/Y
 _57459_/A
 _57459_/B
 _57459_/Y
 _57460_/A1
 _57460_/A2
 _57460_/B1
 _57460_/C1
 _57460_/Y
 _57461_/A
 _57461_/B
 _57461_/Y
 _57462_/A
 _57462_/B
 _57462_/Y
 _57463_/A
 _57463_/B
 _57463_/Y
 _57464_/A
 _57464_/B
 _57464_/Y
 _57465_/A
 _57465_/B
 _57465_/Y
 _57466_/A
 _57466_/B
 _57466_/Y
 _57467_/A
 _57467_/B
 _57467_/Y
 _57468_/A
 _57468_/B
 _57468_/C
 _57468_/D
 _57468_/Y
 _57469_/A
 _57469_/B
 _57469_/Y
 _57470_/A
 _57470_/B
 _57470_/Y
 _57471_/A
 _57471_/B
 _57471_/Y
 _57472_/A
 _57472_/B
 _57472_/Y
 _57473_/A
 _57473_/B
 _57473_/C
 _57473_/D
 _57473_/Y
 _57474_/A
 _57474_/B
 _57474_/C
 _57474_/D
 _57474_/Y
 _57475_/A
 _57475_/Y
 _57476_/A1
 _57476_/A2
 _57476_/B1
 _57476_/B2
 _57476_/Y
 _57477_/A
 _57477_/B
 _57477_/X
 _57478_/A1
 _57478_/A2
 _57478_/B1
 _57478_/B2
 _57478_/C1
 _57478_/X
 _57479_/A
 _57479_/B
 _57479_/Y
 _57480_/A
 _57480_/B
 _57480_/Y
 _57481_/A
 _57481_/B
 _57481_/Y
 _57482_/A1
 _57482_/A2
 _57482_/B1
 _57482_/C1
 _57482_/D1
 _57482_/Y
 _57483_/A
 _57483_/Y
 _57484_/A1_N
 _57484_/A2_N
 _57484_/B1
 _57484_/B2
 _57484_/Y
 _57485_/A1
 _57485_/A2
 _57485_/B1
 _57485_/B2
 _57485_/C1
 _57485_/Y
 _57486_/A1
 _57486_/A2
 _57486_/B1
 _57486_/B2
 _57486_/X
 _57487_/A1
 _57487_/A2
 _57487_/B1
 _57487_/B2
 _57487_/Y
 _57488_/A
 _57488_/B
 _57488_/C
 _57488_/Y
 _57489_/A1
 _57489_/A2
 _57489_/B1
 _57489_/B2
 _57489_/Y
 _57490_/A1
 _57490_/A2
 _57490_/B1
 _57490_/B2
 _57490_/C1
 _57490_/X
 _57491_/A1
 _57491_/A2
 _57491_/B1
 _57491_/B2
 _57491_/Y
 _57492_/A1_N
 _57492_/A2_N
 _57492_/B1
 _57492_/B2
 _57492_/Y
 _57493_/A
 _57493_/B
 _57493_/C
 _57493_/Y
 _57494_/A
 _57494_/B
 _57494_/C
 _57494_/D
 _57494_/Y
 _57495_/A1
 _57495_/A2
 _57495_/B1
 _57495_/B2
 _57495_/Y
 _57496_/A1
 _57496_/A2
 _57496_/B1
 _57496_/B2
 _57496_/Y
 _57497_/A1_N
 _57497_/A2_N
 _57497_/B1
 _57497_/B2
 _57497_/Y
 _57498_/A1
 _57498_/A2
 _57498_/B1
 _57498_/B2
 _57498_/C1
 _57498_/Y
 _57499_/A
 _57499_/B_N
 _57499_/Y
 _57500_/A1
 _57500_/A2
 _57500_/B1
 _57500_/B2
 _57500_/Y
 _57501_/A
 _57501_/Y
 _57502_/A1
 _57502_/A2
 _57502_/B1
 _57502_/B2
 _57502_/Y
 _57503_/A1
 _57503_/A2
 _57503_/B1
 _57503_/B2
 _57503_/C1
 _57503_/Y
 _57504_/A1
 _57504_/A2
 _57504_/B1
 _57504_/C1
 _57504_/D1
 _57504_/Y
 _57505_/A
 _57505_/B
 _57505_/C
 _57505_/D
 _57505_/Y
 _57506_/A
 _57506_/B
 _57506_/X
 _57507_/A
 _57507_/B
 _57507_/X
 _57508_/A
 _57508_/B
 _57508_/X
 _57509_/A
 _57509_/B
 _57509_/X
 _57510_/A
 _57510_/B
 _57510_/C
 _57510_/D
 _57510_/Y
 _57511_/A
 _57511_/B
 _57511_/X
 _57512_/A
 _57512_/B
 _57512_/X
 _57513_/A
 _57513_/B
 _57513_/X
 _57514_/A
 _57514_/B
 _57514_/X
 _57515_/A
 _57515_/B
 _57515_/C
 _57515_/D
 _57515_/Y
 _57516_/A
 _57516_/B
 _57516_/X
 _57517_/A
 _57517_/B
 _57517_/X
 _57518_/A
 _57518_/B
 _57518_/X
 _57519_/A
 _57519_/B
 _57519_/C
 _57519_/Y
 _57520_/A
 _57520_/B
 _57520_/X
 _57521_/A
 _57521_/B
 _57521_/X
 _57522_/A
 _57522_/B
 _57522_/X
 _57523_/A
 _57523_/B
 _57523_/X
 _57524_/A
 _57524_/B
 _57524_/C
 _57524_/D
 _57524_/Y
 _57525_/A
 _57525_/B
 _57525_/C
 _57525_/D
 _57525_/Y
 _57526_/A
 _57526_/B
 _57526_/X
 _57527_/A
 _57527_/B
 _57527_/X
 _57528_/A
 _57528_/B
 _57528_/X
 _57529_/A
 _57529_/B
 _57529_/X
 _57530_/A
 _57530_/B
 _57530_/C
 _57530_/D
 _57530_/Y
 _57531_/A
 _57531_/B
 _57531_/X
 _57532_/A
 _57532_/B
 _57532_/X
 _57533_/A
 _57533_/B
 _57533_/X
 _57534_/A
 _57534_/B
 _57534_/X
 _57535_/A
 _57535_/B
 _57535_/C
 _57535_/D
 _57535_/Y
 _57536_/A1
 _57536_/A2
 _57536_/B1
 _57536_/B2
 _57536_/Y
 _57537_/A1
 _57537_/A2
 _57537_/B1
 _57537_/B2
 _57537_/Y
 _57538_/A1_N
 _57538_/A2_N
 _57538_/B1
 _57538_/B2
 _57538_/Y
 _57539_/A
 _57539_/B
 _57539_/X
 _57540_/A
 _57540_/B
 _57540_/C
 _57540_/D
 _57540_/Y
 _57541_/A1
 _57541_/A2
 _57541_/B1
 _57541_/B2
 _57541_/Y
 _57542_/A
 _57542_/B
 _57542_/X
 _57543_/A
 _57543_/B
 _57543_/X
 _57544_/A
 _57544_/B
 _57544_/X
 _57545_/A
 _57545_/B
 _57545_/C
 _57545_/D
 _57545_/Y
 _57546_/A
 _57546_/B
 _57546_/C
 _57546_/D
 _57546_/Y
 _57547_/A
 _57547_/B
 _57547_/C
 _57547_/D
 _57547_/X
 _57548_/A1
 _57548_/A2
 _57548_/B1
 _57548_/Y
 _57549_/A
 _57549_/B
 _57549_/Y
 _57550_/A
 _57550_/B
 _57550_/Y
 _57551_/A
 _57551_/B
 _57551_/Y
 _57552_/A
 _57552_/B
 _57552_/Y
 _57553_/A
 _57553_/B
 _57553_/C
 _57553_/D
 _57553_/Y
 _57554_/A
 _57554_/B
 _57554_/Y
 _57555_/A
 _57555_/B
 _57555_/Y
 _57556_/A
 _57556_/B
 _57556_/Y
 _57557_/A
 _57557_/B
 _57557_/Y
 _57558_/A
 _57558_/B
 _57558_/C
 _57558_/D
 _57558_/Y
 _57559_/A
 _57559_/B
 _57559_/Y
 _57560_/A
 _57560_/B
 _57560_/Y
 _57561_/A
 _57561_/B
 _57561_/Y
 _57562_/A
 _57562_/B
 _57562_/Y
 _57563_/A
 _57563_/B
 _57563_/C
 _57563_/D
 _57563_/Y
 _57564_/A
 _57564_/B
 _57564_/Y
 _57565_/A
 _57565_/B
 _57565_/Y
 _57566_/A
 _57566_/B
 _57566_/Y
 _57567_/A
 _57567_/B
 _57567_/Y
 _57568_/A
 _57568_/B
 _57568_/C
 _57568_/D
 _57568_/Y
 _57569_/A
 _57569_/B
 _57569_/C
 _57569_/D
 _57569_/Y
 _57570_/A
 _57570_/B
 _57570_/Y
 _57571_/A
 _57571_/B
 _57571_/Y
 _57572_/A
 _57572_/B
 _57572_/Y
 _57573_/A
 _57573_/B
 _57573_/Y
 _57574_/A
 _57574_/B
 _57574_/C
 _57574_/D
 _57574_/Y
 _57575_/A
 _57575_/B
 _57575_/Y
 _57576_/A
 _57576_/B
 _57576_/Y
 _57577_/A
 _57577_/B
 _57577_/Y
 _57578_/A
 _57578_/B
 _57578_/Y
 _57579_/A
 _57579_/B
 _57579_/C
 _57579_/D
 _57579_/Y
 _57580_/A
 _57580_/B
 _57580_/Y
 _57581_/A
 _57581_/B
 _57581_/Y
 _57582_/A
 _57582_/B
 _57582_/Y
 _57583_/A
 _57583_/B
 _57583_/Y
 _57584_/A
 _57584_/B
 _57584_/C
 _57584_/D
 _57584_/Y
 _57585_/A
 _57585_/B
 _57585_/Y
 _57586_/A
 _57586_/B
 _57586_/Y
 _57587_/A
 _57587_/B
 _57587_/Y
 _57588_/A
 _57588_/B
 _57588_/Y
 _57589_/A
 _57589_/B
 _57589_/C
 _57589_/D
 _57589_/Y
 _57590_/A
 _57590_/B
 _57590_/C
 _57590_/D
 _57590_/Y
 _57591_/A
 _57591_/B
 _57591_/Y
 _57592_/A
 _57592_/B
 _57592_/Y
 _57593_/A
 _57593_/B
 _57593_/Y
 _57594_/A
 _57594_/B
 _57594_/Y
 _57595_/A
 _57595_/B
 _57595_/C
 _57595_/D
 _57595_/Y
 _57596_/A
 _57596_/B
 _57596_/Y
 _57597_/A
 _57597_/B
 _57597_/Y
 _57598_/A
 _57598_/B
 _57598_/Y
 _57599_/A
 _57599_/B
 _57599_/Y
 _57600_/A
 _57600_/B
 _57600_/C
 _57600_/D
 _57600_/Y
 _57601_/A
 _57601_/B
 _57601_/Y
 _57602_/A
 _57602_/B
 _57602_/Y
 _57603_/A
 _57603_/B
 _57603_/Y
 _57604_/A
 _57604_/B
 _57604_/C
 _57604_/Y
 _57605_/A
 _57605_/B
 _57605_/C
 _57605_/Y
 _57606_/A
 _57606_/B
 _57606_/C
 _57606_/Y
 _57607_/A
 _57607_/B
 _57607_/X
 _57608_/A
 _57608_/B
 _57608_/X
 _57609_/A
 _57609_/B
 _57609_/X
 _57610_/A
 _57610_/B
 _57610_/X
 _57611_/A
 _57611_/B
 _57611_/C
 _57611_/D
 _57611_/Y
 _57612_/A
 _57612_/B
 _57612_/X
 _57613_/A
 _57613_/B
 _57613_/X
 _57614_/A
 _57614_/B
 _57614_/X
 _57615_/A
 _57615_/B
 _57615_/X
 _57616_/A
 _57616_/B
 _57616_/C
 _57616_/D
 _57616_/Y
 _57617_/A
 _57617_/B
 _57617_/Y
 _57618_/A
 _57618_/Y
 _57619_/A1
 _57619_/A2
 _57619_/B1
 _57619_/B2
 _57619_/Y
 _57620_/A
 _57620_/B
 _57620_/X
 _57621_/A
 _57621_/B
 _57621_/X
 _57622_/A1
 _57622_/A2
 _57622_/B1
 _57622_/C1
 _57622_/D1
 _57622_/Y
 _57623_/A
 _57623_/B
 _57623_/Y
 _57624_/A
 _57624_/B
 _57624_/Y
 _57625_/A
 _57625_/B
 _57625_/C
 _57625_/Y
 _57626_/A
 _57626_/B
 _57626_/X
 _57627_/A1
 _57627_/A2
 _57627_/B1
 _57627_/Y
 _57628_/A
 _57628_/B
 _57628_/X
 _57629_/A
 _57629_/B
 _57629_/X
 _57630_/A
 _57630_/B
 _57630_/Y
 _57631_/A
 _57631_/B
 _57631_/X
 _57632_/A
 _57632_/B
 _57632_/X
 _57633_/A
 _57633_/B
 _57633_/X
 _57634_/A
 _57634_/B
 _57634_/X
 _57635_/A
 _57635_/B
 _57635_/C
 _57635_/D
 _57635_/Y
 _57636_/A
 _57636_/B
 _57636_/C
 _57636_/D
 _57636_/Y
 _57637_/A
 _57637_/B
 _57637_/C
 _57637_/D
 _57637_/Y
 _57638_/A
 _57638_/B
 _57638_/X
 _57639_/A
 _57639_/B
 _57639_/X
 _57640_/A
 _57640_/B
 _57640_/X
 _57641_/A
 _57641_/B
 _57641_/X
 _57642_/A
 _57642_/B
 _57642_/C
 _57642_/D
 _57642_/Y
 _57643_/A
 _57643_/B
 _57643_/X
 _57644_/A
 _57644_/B
 _57644_/X
 _57645_/A
 _57645_/B
 _57645_/X
 _57646_/A
 _57646_/B
 _57646_/X
 _57647_/A
 _57647_/B
 _57647_/C
 _57647_/D
 _57647_/Y
 _57648_/A
 _57648_/B
 _57648_/Y
 _57649_/A1
 _57649_/A2
 _57649_/B1
 _57649_/B2
 _57649_/Y
 _57650_/A
 _57650_/Y
 _57651_/A1
 _57651_/A2
 _57651_/B1
 _57651_/B2
 _57651_/Y
 _57652_/A1
 _57652_/A2
 _57652_/B1
 _57652_/B2
 _57652_/X
 _57653_/A
 _57653_/B
 _57653_/X
 _57654_/A
 _57654_/B
 _57654_/C
 _57654_/D
 _57654_/Y
 _57655_/A
 _57655_/Y
 _57656_/A1_N
 _57656_/A2_N
 _57656_/B1
 _57656_/B2
 _57656_/Y
 _57657_/A1
 _57657_/A2
 _57657_/B1
 _57657_/B2
 _57657_/C1
 _57657_/Y
 _57658_/A1
 _57658_/A2
 _57658_/B1
 _57658_/B2
 _57658_/Y
 _57659_/A1
 _57659_/A2
 _57659_/B1
 _57659_/B2
 _57659_/C1
 _57659_/Y
 _57660_/A
 _57660_/B
 _57660_/Y
 _57661_/A
 _57661_/Y
 _57662_/A1
 _57662_/A2
 _57662_/B1
 _57662_/B2
 _57662_/Y
 _57663_/A1
 _57663_/A2
 _57663_/B1
 _57663_/Y
 _57664_/A1
 _57664_/A2
 _57664_/B1
 _57664_/B2
 _57664_/Y
 _57665_/A
 _57665_/B
 _57665_/Y
 _57666_/A1
 _57666_/A2
 _57666_/B1
 _57666_/B2
 _57666_/Y
 _57667_/A
 _57667_/Y
 _57668_/A1
 _57668_/A2
 _57668_/B1
 _57668_/B2
 _57668_/Y
 _57669_/A_N
 _57669_/B
 _57669_/C
 _57669_/D
 _57669_/X
 _57670_/A
 _57670_/B
 _57670_/C
 _57670_/D
 _57670_/Y
 _57671_/A1
 _57671_/A2
 _57671_/B1
 _57671_/B2
 _57671_/Y
 _57672_/A
 _57672_/B
 _57672_/X
 _57673_/A
 _57673_/B
 _57673_/X
 _57674_/A
 _57674_/B
 _57674_/X
 _57675_/A
 _57675_/B
 _57675_/C
 _57675_/D
 _57675_/Y
 _57676_/A
 _57676_/B
 _57676_/X
 _57677_/A
 _57677_/B
 _57677_/X
 _57678_/A
 _57678_/B
 _57678_/X
 _57679_/A
 _57679_/B
 _57679_/X
 _57680_/A
 _57680_/B
 _57680_/C
 _57680_/D
 _57680_/Y
 _57681_/A
 _57681_/B
 _57681_/X
 _57682_/A
 _57682_/B
 _57682_/X
 _57683_/A
 _57683_/B
 _57683_/X
 _57684_/A
 _57684_/B
 _57684_/Y
 _57685_/A
 _57685_/B
 _57685_/Y
 _57686_/A
 _57686_/B
 _57686_/Y
 _57687_/A
 _57687_/B
 _57687_/Y
 _57688_/A
 _57688_/B
 _57688_/C
 _57688_/D
 _57688_/Y
 _57689_/A
 _57689_/B
 _57689_/C
 _57689_/D
 _57689_/Y
 _57690_/A
 _57690_/B
 _57690_/X
 _57691_/A1
 _57691_/A2
 _57691_/B1
 _57691_/Y
 _57692_/A
 _57692_/B
 _57692_/X
 _57693_/A
 _57693_/B
 _57693_/X
 _57694_/A
 _57694_/B
 _57694_/C
 _57694_/D
 _57694_/Y
 _57695_/A
 _57695_/B
 _57695_/C
 _57695_/D
 _57695_/Y
 _57696_/A1
 _57696_/A2
 _57696_/B1
 _57696_/B2
 _57696_/X
 _57697_/A1
 _57697_/A2
 _57697_/B1
 _57697_/B2
 _57697_/C1
 _57697_/Y
 _57698_/A
 _57698_/B
 _57698_/X
 _57699_/A1
 _57699_/A2
 _57699_/B1
 _57699_/B2
 _57699_/C1
 _57699_/Y
 _57700_/A1
 _57700_/A2
 _57700_/B1
 _57700_/B2
 _57700_/Y
 _57701_/A
 _57701_/B
 _57701_/X
 _57702_/A
 _57702_/B
 _57702_/X
 _57703_/A
 _57703_/B
 _57703_/X
 _57704_/A
 _57704_/B
 _57704_/C
 _57704_/D
 _57704_/Y
 _57705_/A
 _57705_/B
 _57705_/Y
 _57706_/A
 _57706_/B
 _57706_/Y
 _57707_/A
 _57707_/B
 _57707_/Y
 _57708_/A
 _57708_/B
 _57708_/Y
 _57709_/A
 _57709_/B
 _57709_/C
 _57709_/D
 _57709_/Y
 _57710_/A
 _57710_/B
 _57710_/Y
 _57711_/A
 _57711_/B
 _57711_/Y
 _57712_/A
 _57712_/B
 _57712_/Y
 _57713_/A
 _57713_/B
 _57713_/Y
 _57714_/A
 _57714_/B
 _57714_/C
 _57714_/D
 _57714_/Y
 _57715_/A
 _57715_/B
 _57715_/Y
 _57716_/A
 _57716_/B
 _57716_/Y
 _57717_/A
 _57717_/B
 _57717_/Y
 _57718_/A
 _57718_/B
 _57718_/Y
 _57719_/A
 _57719_/B
 _57719_/C
 _57719_/D
 _57719_/Y
 _57720_/A
 _57720_/B
 _57720_/Y
 _57721_/A
 _57721_/B
 _57721_/Y
 _57722_/A
 _57722_/B
 _57722_/Y
 _57723_/A
 _57723_/B
 _57723_/Y
 _57724_/A
 _57724_/B
 _57724_/C
 _57724_/D
 _57724_/Y
 _57725_/A
 _57725_/B
 _57725_/C
 _57725_/D
 _57725_/Y
 _57726_/A
 _57726_/B
 _57726_/C
 _57726_/D
 _57726_/Y
 _57727_/A
 _57727_/B
 _57727_/C
 _57727_/D
 _57727_/Y
 _57728_/A
 _57728_/B
 _57728_/C
 _57728_/D
 _57728_/Y
 _57729_/A
 _57729_/B_N
 _57729_/Y
 _57730_/A
 _57730_/B
 _57730_/C
 _57730_/X
 _57731_/A_N
 _57731_/B
 _57731_/Y
 _57732_/A
 _57732_/B
 _57732_/Y
 _57733_/A
 _57733_/B
 _57733_/C
 _57733_/D
 _57733_/Y
 _57734_/A
 _57734_/B
 _57734_/Y
 _57735_/A1
 _57735_/A2
 _57735_/B1
 _57735_/C1
 _57735_/Y
 _57736_/A
 _57736_/B
 _57736_/X
 _57737_/A
 _57737_/B
 _57737_/X
 _57738_/A
 _57738_/B
 _57738_/Y
 _57739_/A
 _57739_/B
 _57739_/Y
 _57740_/A
 _57740_/B
 _57740_/Y
 _57741_/A
 _57741_/B
 _57741_/Y
 _57742_/A
 _57742_/B
 _57742_/C
 _57742_/D
 _57742_/Y
 _57743_/A
 _57743_/B
 _57743_/C
 _57743_/D
 _57743_/Y
 _57744_/A
 _57744_/B
 _57744_/Y
 _57745_/A
 _57745_/B
 _57745_/Y
 _57746_/A
 _57746_/B
 _57746_/Y
 _57747_/A
 _57747_/B
 _57747_/Y
 _57748_/A
 _57748_/B
 _57748_/C
 _57748_/D
 _57748_/Y
 _57749_/A
 _57749_/B
 _57749_/Y
 _57750_/A
 _57750_/B
 _57750_/Y
 _57751_/A
 _57751_/B
 _57751_/Y
 _57752_/A
 _57752_/B
 _57752_/Y
 _57753_/A
 _57753_/B
 _57753_/C
 _57753_/D
 _57753_/Y
 _57754_/A
 _57754_/B
 _57754_/Y
 _57755_/A
 _57755_/B
 _57755_/Y
 _57756_/A
 _57756_/B
 _57756_/Y
 _57757_/A
 _57757_/B
 _57757_/Y
 _57758_/A
 _57758_/B
 _57758_/C
 _57758_/D
 _57758_/Y
 _57759_/A
 _57759_/B
 _57759_/Y
 _57760_/A
 _57760_/B
 _57760_/Y
 _57761_/A
 _57761_/B
 _57761_/Y
 _57762_/A
 _57762_/B
 _57762_/Y
 _57763_/A
 _57763_/B
 _57763_/C
 _57763_/D
 _57763_/Y
 _57764_/A
 _57764_/B
 _57764_/C
 _57764_/D
 _57764_/Y
 _57765_/A
 _57765_/B
 _57765_/X
 _57766_/A
 _57766_/B
 _57766_/X
 _57767_/A
 _57767_/B
 _57767_/X
 _57768_/A
 _57768_/B
 _57768_/C
 _57768_/Y
 _57769_/A
 _57769_/B
 _57769_/Y
 _57770_/A
 _57770_/B
 _57770_/Y
 _57771_/A
 _57771_/B
 _57771_/Y
 _57772_/A
 _57772_/B
 _57772_/Y
 _57773_/A
 _57773_/B
 _57773_/C
 _57773_/D
 _57773_/Y
 _57774_/A
 _57774_/B
 _57774_/Y
 _57775_/A
 _57775_/B
 _57775_/Y
 _57776_/A
 _57776_/B
 _57776_/Y
 _57777_/A
 _57777_/B
 _57777_/Y
 _57778_/A
 _57778_/B
 _57778_/C
 _57778_/D
 _57778_/Y
 _57779_/A
 _57779_/B
 _57779_/Y
 _57780_/A
 _57780_/B
 _57780_/Y
 _57781_/A
 _57781_/B
 _57781_/Y
 _57782_/A
 _57782_/B
 _57782_/Y
 _57783_/A
 _57783_/B
 _57783_/C
 _57783_/D
 _57783_/Y
 _57784_/A
 _57784_/B
 _57784_/Y
 _57785_/A
 _57785_/B
 _57785_/Y
 _57786_/A
 _57786_/B
 _57786_/Y
 _57787_/A
 _57787_/B
 _57787_/Y
 _57788_/A
 _57788_/B
 _57788_/C
 _57788_/D
 _57788_/Y
 _57789_/A
 _57789_/B
 _57789_/C
 _57789_/D
 _57789_/Y
 _57790_/A
 _57790_/B
 _57790_/C
 _57790_/D
 _57790_/Y
 _57791_/A1_N
 _57791_/A2_N
 _57791_/B1
 _57791_/B2
 _57791_/Y
 _57792_/A1
 _57792_/A2
 _57792_/B1
 _57792_/B2
 _57792_/C1
 _57792_/Y
 _57793_/A
 _57793_/Y
 _57794_/A1
 _57794_/A2
 _57794_/B1
 _57794_/B2
 _57794_/Y
 _57795_/A
 _57795_/Y
 _57796_/A1
 _57796_/A2
 _57796_/B1
 _57796_/B2
 _57796_/Y
 _57797_/A
 _57797_/B
 _57797_/Y
 _57798_/A
 _57798_/B
 _57798_/Y
 _57799_/A1
 _57799_/A2
 _57799_/B1
 _57799_/B2
 _57799_/Y
 _57800_/A1
 _57800_/A2
 _57800_/B1
 _57800_/B2
 _57800_/Y
 _57801_/A
 _57801_/B
 _57801_/Y
 _57802_/A
 _57802_/B
 _57802_/Y
 _57803_/A
 _57803_/B
 _57803_/C
 _57803_/D
 _57803_/Y
 _57804_/A1
 _57804_/A2
 _57804_/B1
 _57804_/B2
 _57804_/C1
 _57804_/C2
 _57804_/Y
 _57805_/A
 _57805_/Y
 _57806_/A1
 _57806_/A2
 _57806_/B1
 _57806_/B2
 _57806_/Y
 _57807_/A1
 _57807_/A2
 _57807_/B1
 _57807_/B2
 _57807_/C1
 _57807_/Y
 _57808_/A
 _57808_/B
 _57808_/Y
 _57809_/A
 _57809_/B
 _57809_/Y
 _57810_/A
 _57810_/B
 _57810_/C
 _57810_/D
 _57810_/Y
 _57811_/A1
 _57811_/A2
 _57811_/B1
 _57811_/B2
 _57811_/Y
 _57812_/A1
 _57812_/A2
 _57812_/B1
 _57812_/B2
 _57812_/C1
 _57812_/Y
 _57813_/A
 _57813_/Y
 _57814_/A1
 _57814_/A2
 _57814_/B1
 _57814_/B2
 _57814_/Y
 _57815_/A1
 _57815_/A2
 _57815_/B1
 _57815_/B2
 _57815_/C1
 _57815_/Y
 _57816_/A
 _57816_/B
 _57816_/Y
 _57817_/A1
 _57817_/A2
 _57817_/B1
 _57817_/B2
 _57817_/Y
 _57818_/A1
 _57818_/A2
 _57818_/B1
 _57818_/B2
 _57818_/C1
 _57818_/X
 _57819_/A
 _57819_/Y
 _57820_/A1
 _57820_/A2
 _57820_/B1
 _57820_/B2
 _57820_/Y
 _57821_/A1
 _57821_/A2
 _57821_/B1
 _57821_/B2
 _57821_/C1
 _57821_/X
 _57822_/A
 _57822_/B
 _57822_/C
 _57822_/D
 _57822_/Y
 _57823_/A
 _57823_/B
 _57823_/C
 _57823_/D_N
 _57823_/Y
 _57824_/A
 _57824_/B
 _57824_/X
 _57825_/A
 _57825_/B
 _57825_/X
 _57826_/A
 _57826_/B
 _57826_/Y
 _57827_/A
 _57827_/Y
 _57828_/A1
 _57828_/A2
 _57828_/B1
 _57828_/Y
 _57829_/A1
 _57829_/A2
 _57829_/B1
 _57829_/B2
 _57829_/C1
 _57829_/Y
 _57830_/A
 _57830_/B
 _57830_/Y
 _57831_/A
 _57831_/B
 _57831_/Y
 _57832_/A
 _57832_/B
 _57832_/Y
 _57833_/A
 _57833_/B
 _57833_/Y
 _57834_/A
 _57834_/B
 _57834_/C
 _57834_/D
 _57834_/Y
 _57835_/A
 _57835_/B
 _57835_/Y
 _57836_/A
 _57836_/B
 _57836_/Y
 _57837_/A
 _57837_/B
 _57837_/Y
 _57838_/A
 _57838_/B
 _57838_/Y
 _57839_/A
 _57839_/B
 _57839_/C
 _57839_/D
 _57839_/Y
 _57840_/A
 _57840_/B
 _57840_/Y
 _57841_/A1
 _57841_/A2
 _57841_/B1
 _57841_/B2
 _57841_/Y
 _57842_/A
 _57842_/B
 _57842_/X
 _57843_/A1
 _57843_/A2
 _57843_/B1
 _57843_/B2
 _57843_/Y
 _57844_/A
 _57844_/B
 _57844_/X
 _57845_/A
 _57845_/B
 _57845_/C
 _57845_/D
 _57845_/Y
 _57846_/A
 _57846_/B
 _57846_/C
 _57846_/D
 _57846_/Y
 _57847_/A
 _57847_/Y
 _57848_/A1
 _57848_/A2
 _57848_/B1
 _57848_/B2
 _57848_/Y
 _57849_/A1_N
 _57849_/A2_N
 _57849_/B1
 _57849_/B2
 _57849_/Y
 _57850_/A
 _57850_/B
 _57850_/X
 _57851_/A1
 _57851_/A2
 _57851_/B1
 _57851_/C1
 _57851_/D1
 _57851_/X
 _57852_/A
 _57852_/B
 _57852_/X
 _57853_/A
 _57853_/B
 _57853_/X
 _57854_/A
 _57854_/B
 _57854_/C
 _57854_/Y
 _57855_/A
 _57855_/B
 _57855_/X
 _57856_/A
 _57856_/B
 _57856_/X
 _57857_/A
 _57857_/B
 _57857_/X
 _57858_/A
 _57858_/B
 _57858_/Y
 _57859_/A
 _57859_/B
 _57859_/Y
 _57860_/A
 _57860_/B
 _57860_/Y
 _57861_/A
 _57861_/B
 _57861_/Y
 _57862_/A
 _57862_/B
 _57862_/C
 _57862_/D
 _57862_/Y
 _57863_/A
 _57863_/B
 _57863_/C
 _57863_/D
 _57863_/Y
 _57864_/A
 _57864_/B
 _57864_/X
 _57865_/A
 _57865_/B
 _57865_/X
 _57866_/A
 _57866_/B
 _57866_/X
 _57867_/A
 _57867_/B
 _57867_/X
 _57868_/A
 _57868_/B
 _57868_/C
 _57868_/D
 _57868_/Y
 _57869_/A
 _57869_/B
 _57869_/C
 _57869_/Y
 _57870_/A1
 _57870_/A2
 _57870_/B1
 _57870_/B2
 _57870_/Y
 _57871_/A1
 _57871_/A2
 _57871_/B1
 _57871_/B2
 _57871_/C1
 _57871_/Y
 _57872_/A
 _57872_/B
 _57872_/X
 _57873_/A1
 _57873_/A2
 _57873_/B1
 _57873_/B2
 _57873_/C1
 _57873_/Y
 _57874_/A
 _57874_/B
 _57874_/X
 _57875_/A1
 _57875_/A2
 _57875_/B1
 _57875_/B2
 _57875_/C1
 _57875_/Y
 _57876_/A1
 _57876_/A2
 _57876_/B1
 _57876_/B2
 _57876_/Y
 _57877_/A1
 _57877_/A2
 _57877_/B1
 _57877_/B2
 _57877_/C1
 _57877_/Y
 _57878_/A
 _57878_/B
 _57878_/C
 _57878_/D
 _57878_/Y
 _57879_/A
 _57879_/B
 _57879_/C
 _57879_/Y
 _57880_/A
 _57880_/B
 _57880_/Y
 _57881_/A
 _57881_/B
 _57881_/Y
 _57882_/A
 _57882_/B
 _57882_/Y
 _57883_/A
 _57883_/B
 _57883_/Y
 _57884_/A
 _57884_/B
 _57884_/C
 _57884_/D
 _57884_/Y
 _57885_/A
 _57885_/B
 _57885_/Y
 _57886_/A
 _57886_/B
 _57886_/Y
 _57887_/A
 _57887_/B
 _57887_/Y
 _57888_/A
 _57888_/B
 _57888_/Y
 _57889_/A
 _57889_/B
 _57889_/C
 _57889_/D
 _57889_/Y
 _57890_/A
 _57890_/B
 _57890_/Y
 _57891_/A
 _57891_/B
 _57891_/Y
 _57892_/A
 _57892_/B
 _57892_/Y
 _57893_/A
 _57893_/B
 _57893_/Y
 _57894_/A
 _57894_/B
 _57894_/C
 _57894_/D
 _57894_/Y
 _57895_/A
 _57895_/B
 _57895_/Y
 _57896_/A
 _57896_/B
 _57896_/Y
 _57897_/A
 _57897_/B
 _57897_/Y
 _57898_/A
 _57898_/B
 _57898_/Y
 _57899_/A
 _57899_/B
 _57899_/C
 _57899_/D
 _57899_/Y
 _57900_/A
 _57900_/B
 _57900_/C
 _57900_/D
 _57900_/Y
 _57901_/A
 _57901_/B
 _57901_/X
 _57902_/A
 _57902_/B
 _57902_/X
 _57903_/A
 _57903_/B
 _57903_/X
 _57904_/A
 _57904_/B
 _57904_/X
 _57905_/A
 _57905_/B
 _57905_/C
 _57905_/D
 _57905_/Y
 _57906_/A
 _57906_/B
 _57906_/X
 _57907_/A
 _57907_/B
 _57907_/X
 _57908_/A
 _57908_/B
 _57908_/X
 _57909_/A
 _57909_/B
 _57909_/X
 _57910_/A
 _57910_/B
 _57910_/C
 _57910_/D
 _57910_/Y
 _57911_/A
 _57911_/B
 _57911_/C
 _57911_/D
 _57911_/Y
 _57912_/A
 _57912_/B
 _57912_/Y
 _57913_/A
 _57913_/B
 _57913_/Y
 _57914_/A
 _57914_/B
 _57914_/Y
 _57915_/A
 _57915_/B
 _57915_/C
 _57915_/Y
 _57916_/A
 _57916_/Y
 _57917_/A
 _57917_/B
 _57917_/X
 _57918_/A1
 _57918_/A2
 _57918_/B1
 _57918_/B2
 _57918_/C1
 _57918_/Y
 _57919_/A
 _57919_/B
 _57919_/Y
 _57920_/A
 _57920_/B
 _57920_/Y
 _57921_/A
 _57921_/B
 _57921_/X
 _57922_/A
 _57922_/B
 _57922_/X
 _57923_/A
 _57923_/B
 _57923_/X
 _57924_/A
 _57924_/B
 _57924_/X
 _57925_/A
 _57925_/B
 _57925_/C
 _57925_/D
 _57925_/Y
 _57926_/A
 _57926_/B
 _57926_/C
 _57926_/D
 _57926_/Y
 _57927_/A
 _57927_/B
 _57927_/X
 _57928_/A
 _57928_/B
 _57928_/X
 _57929_/A
 _57929_/B
 _57929_/X
 _57930_/A
 _57930_/B
 _57930_/X
 _57931_/A
 _57931_/B
 _57931_/C
 _57931_/D
 _57931_/Y
 _57932_/A
 _57932_/B
 _57932_/X
 _57933_/A
 _57933_/B
 _57933_/X
 _57934_/A
 _57934_/B
 _57934_/X
 _57935_/A
 _57935_/B
 _57935_/X
 _57936_/A
 _57936_/B
 _57936_/C
 _57936_/D
 _57936_/Y
 _57937_/A
 _57937_/B
 _57937_/X
 _57938_/A
 _57938_/B
 _57938_/X
 _57939_/A
 _57939_/B
 _57939_/X
 _57940_/A
 _57940_/B
 _57940_/X
 _57941_/A
 _57941_/B
 _57941_/C
 _57941_/D
 _57941_/Y
 _57942_/A
 _57942_/B
 _57942_/X
 _57943_/A
 _57943_/B
 _57943_/X
 _57944_/A
 _57944_/B
 _57944_/X
 _57945_/A
 _57945_/B
 _57945_/X
 _57946_/A
 _57946_/B
 _57946_/C
 _57946_/D
 _57946_/Y
 _57947_/A
 _57947_/B
 _57947_/C
 _57947_/D
 _57947_/Y
 _57948_/A
 _57948_/B
 _57948_/C
 _57948_/Y
 _57949_/A1_N
 _57949_/A2_N
 _57949_/B1
 _57949_/B2
 _57949_/Y
 _57950_/A
 _57950_/Y
 _57951_/A1
 _57951_/A2
 _57951_/B1
 _57951_/B2
 _57951_/Y
 _57952_/A
 _57952_/Y
 _57953_/A1
 _57953_/A2
 _57953_/B1
 _57953_/B2
 _57953_/Y
 _57954_/A1
 _57954_/A2
 _57954_/B1
 _57954_/B2
 _57954_/C1
 _57954_/Y
 _57955_/A1
 _57955_/A2
 _57955_/B1
 _57955_/B2
 _57955_/Y
 _57956_/A1
 _57956_/A2
 _57956_/B1
 _57956_/B2
 _57956_/Y
 _57957_/A
 _57957_/B
 _57957_/Y
 _57958_/A
 _57958_/B
 _57958_/Y
 _57959_/A
 _57959_/B
 _57959_/C
 _57959_/D
 _57959_/Y
 _57960_/A
 _57960_/B
 _57960_/C
 _57960_/D
 _57960_/Y
 _57961_/A1
 _57961_/A2
 _57961_/B1
 _57961_/B2
 _57961_/Y
 _57962_/A1
 _57962_/A2
 _57962_/B1
 _57962_/Y
 _57963_/A1
 _57963_/A2
 _57963_/B1
 _57963_/B2
 _57963_/Y
 _57964_/A
 _57964_/B
 _57964_/X
 _57965_/A1
 _57965_/A2
 _57965_/B1
 _57965_/B2
 _57965_/Y
 _57966_/A
 _57966_/B
 _57966_/X
 _57967_/A
 _57967_/B
 _57967_/C
 _57967_/D
 _57967_/Y
 _57968_/A
 _57968_/B
 _57968_/C
 _57968_/D
 _57968_/X
 _57969_/A1_N
 _57969_/A2_N
 _57969_/B1
 _57969_/B2
 _57969_/Y
 _57970_/A
 _57970_/B
 _57970_/X
 _57971_/A
 _57971_/B
 _57971_/X
 _57972_/A
 _57972_/B
 _57972_/X
 _57973_/A
 _57973_/B
 _57973_/C
 _57973_/D
 _57973_/Y
 _57974_/A
 _57974_/B
 _57974_/X
 _57975_/A
 _57975_/Y
 _57976_/A1
 _57976_/A2
 _57976_/B1
 _57976_/Y
 _57977_/A
 _57977_/B
 _57977_/X
 _57978_/A
 _57978_/B
 _57978_/X
 _57979_/A
 _57979_/B
 _57979_/C
 _57979_/D
 _57979_/Y
 _57980_/A
 _57980_/B
 _57980_/Y
 _57981_/A
 _57981_/B
 _57981_/Y
 _57982_/A
 _57982_/B
 _57982_/Y
 _57983_/A
 _57983_/B
 _57983_/Y
 _57984_/A
 _57984_/B
 _57984_/C
 _57984_/D
 _57984_/Y
 _57985_/A
 _57985_/B
 _57985_/Y
 _57986_/A
 _57986_/B
 _57986_/Y
 _57987_/A
 _57987_/B
 _57987_/Y
 _57988_/A
 _57988_/B
 _57988_/Y
 _57989_/A
 _57989_/B
 _57989_/C
 _57989_/D
 _57989_/Y
 _57990_/A
 _57990_/B
 _57990_/Y
 _57991_/A
 _57991_/B
 _57991_/Y
 _57992_/A
 _57992_/B
 _57992_/Y
 _57993_/A
 _57993_/B
 _57993_/Y
 _57994_/A
 _57994_/B
 _57994_/C
 _57994_/D
 _57994_/Y
 _57995_/A
 _57995_/B
 _57995_/Y
 _57996_/A
 _57996_/B
 _57996_/Y
 _57997_/A
 _57997_/B
 _57997_/Y
 _57998_/A
 _57998_/B
 _57998_/Y
 _57999_/A
 _57999_/B
 _57999_/C
 _57999_/D
 _57999_/Y
 _58000_/A
 _58000_/B
 _58000_/C
 _58000_/D
 _58000_/Y
 _58001_/A
 _58001_/B
 _58001_/C
 _58001_/D
 _58001_/Y
 _58002_/A
 _58002_/B
 _58002_/X
 _58003_/A
 _58003_/B
 _58003_/C_N
 _58003_/X
 _58004_/A
 _58004_/B
 _58004_/X
 _58006_/A
 _58006_/B
 _58006_/C
 _58006_/Y
 _58007_/A_N
 _58007_/B
 _58007_/C
 _58007_/Y
 _58008_/A
 _58008_/B
 _58008_/Y
 _58009_/A
 _58009_/B
 _58009_/Y
 _58010_/A
 _58010_/B
 _58010_/Y
 _58011_/A
 _58011_/B
 _58011_/Y
 _58012_/A
 _58012_/B
 _58012_/C
 _58012_/D
 _58012_/Y
 _58013_/A
 _58013_/B
 _58013_/Y
 _58014_/A
 _58014_/B
 _58014_/Y
 _58015_/A
 _58015_/B
 _58015_/Y
 _58016_/A
 _58016_/B
 _58016_/Y
 _58017_/A
 _58017_/B
 _58017_/C
 _58017_/D
 _58017_/Y
 _58018_/A
 _58018_/B
 _58018_/Y
 _58019_/A
 _58019_/B
 _58019_/Y
 _58020_/A
 _58020_/B
 _58020_/Y
 _58021_/A
 _58021_/B
 _58021_/Y
 _58022_/A
 _58022_/B
 _58022_/C
 _58022_/D
 _58022_/Y
 _58023_/A
 _58023_/B
 _58023_/Y
 _58024_/A
 _58024_/B
 _58024_/Y
 _58025_/A
 _58025_/B
 _58025_/Y
 _58026_/A
 _58026_/B
 _58026_/Y
 _58027_/A
 _58027_/B
 _58027_/C
 _58027_/D
 _58027_/Y
 _58028_/A
 _58028_/B
 _58028_/C
 _58028_/D
 _58028_/Y
 _58029_/A
 _58029_/B
 _58029_/Y
 _58030_/A
 _58030_/B
 _58030_/Y
 _58031_/A
 _58031_/B
 _58031_/Y
 _58032_/A
 _58032_/B
 _58032_/C
 _58032_/Y
 _58033_/A
 _58033_/B
 _58033_/Y
 _58034_/A
 _58034_/B
 _58034_/Y
 _58035_/A
 _58035_/B
 _58035_/Y
 _58036_/A
 _58036_/B
 _58036_/Y
 _58037_/A
 _58037_/B
 _58037_/C
 _58037_/D
 _58037_/Y
 _58038_/A
 _58038_/B
 _58038_/Y
 _58039_/A
 _58039_/B
 _58039_/Y
 _58040_/A
 _58040_/B
 _58040_/Y
 _58041_/A
 _58041_/B
 _58041_/Y
 _58042_/A
 _58042_/B
 _58042_/C
 _58042_/D
 _58042_/Y
 _58043_/A
 _58043_/B
 _58043_/C
 _58043_/Y
 _58044_/A
 _58044_/B
 _58044_/X
 _58045_/A1
 _58045_/A2
 _58045_/B1
 _58045_/B2
 _58045_/C1
 _58045_/Y
 _58046_/A
 _58046_/Y
 _58047_/A1
 _58047_/A2
 _58047_/B1
 _58047_/B2
 _58047_/Y
 _58048_/A1
 _58048_/A2
 _58048_/B1
 _58048_/B2
 _58048_/Y
 _58049_/A
 _58049_/B
 _58049_/C
 _58049_/Y
 _58050_/A1
 _58050_/A2
 _58050_/B1
 _58050_/B2
 _58050_/Y
 _58051_/A1
 _58051_/A2
 _58051_/B1
 _58051_/B2
 _58051_/Y
 _58052_/A1
 _58052_/A2
 _58052_/B1
 _58052_/B2
 _58052_/Y
 _58053_/A1
 _58053_/A2
 _58053_/B1
 _58053_/B2
 _58053_/Y
 _58054_/A
 _58054_/B
 _58054_/Y
 _58055_/A
 _58055_/B
 _58055_/C_N
 _58055_/X
 _58056_/A1_N
 _58056_/A2_N
 _58056_/B1
 _58056_/B2
 _58056_/Y
 _58057_/A1
 _58057_/A2
 _58057_/B1
 _58057_/B2
 _58057_/C1
 _58057_/Y
 _58058_/A
 _58058_/Y
 _58059_/A
 _58059_/B
 _58059_/X
 _58060_/A1
 _58060_/A2
 _58060_/B1
 _58060_/B2
 _58060_/C1
 _58060_/Y
 _58061_/A1_N
 _58061_/A2_N
 _58061_/B1
 _58061_/B2
 _58061_/Y
 _58062_/A1
 _58062_/A2
 _58062_/B1
 _58062_/B2
 _58062_/C1
 _58062_/Y
 _58063_/A
 _58063_/Y
 _58064_/A1
 _58064_/A2
 _58064_/B1
 _58064_/B2
 _58064_/Y
 _58065_/A1
 _58065_/A2
 _58065_/B1
 _58065_/B2
 _58065_/C1
 _58065_/Y
 _58066_/A
 _58066_/B
 _58066_/C
 _58066_/D
 _58066_/Y
 _58067_/A
 _58067_/B
 _58067_/C
 _58067_/Y
 _58068_/A
 _58068_/B
 _58068_/Y
 _58069_/A
 _58069_/B
 _58069_/Y
 _58070_/A
 _58070_/B
 _58070_/Y
 _58071_/A
 _58071_/B
 _58071_/Y
 _58072_/A
 _58072_/B
 _58072_/C
 _58072_/D
 _58072_/Y
 _58073_/A
 _58073_/B
 _58073_/Y
 _58074_/A
 _58074_/B
 _58074_/Y
 _58075_/A
 _58075_/B
 _58075_/Y
 _58076_/A
 _58076_/B
 _58076_/Y
 _58077_/A
 _58077_/B
 _58077_/C
 _58077_/D
 _58077_/Y
 _58078_/A
 _58078_/B
 _58078_/Y
 _58079_/A1
 _58079_/A2
 _58079_/B1
 _58079_/B2
 _58079_/C1
 _58079_/Y
 _58080_/A1
 _58080_/A2
 _58080_/B1
 _58080_/B2
 _58080_/Y
 _58081_/A1
 _58081_/A2
 _58081_/B1
 _58081_/B2
 _58081_/C1
 _58081_/Y
 _58082_/A
 _58082_/B
 _58082_/X
 _58083_/A
 _58083_/B
 _58083_/X
 _58084_/A
 _58084_/B
 _58084_/C
 _58084_/D
 _58084_/X
 _58085_/A
 _58085_/B
 _58085_/X
 _58086_/A1
 _58086_/A2
 _58086_/B1
 _58086_/C1
 _58086_/Y
 _58087_/A
 _58087_/B
 _58087_/Y
 _58088_/A
 _58088_/B
 _58088_/Y
 _58089_/A
 _58089_/B
 _58089_/X
 _58090_/A
 _58090_/B
 _58090_/X
 _58091_/A
 _58091_/B
 _58091_/X
 _58092_/A
 _58092_/B
 _58092_/X
 _58093_/A
 _58093_/B
 _58093_/C
 _58093_/D
 _58093_/Y
 _58094_/A
 _58094_/B
 _58094_/C
 _58094_/D
 _58094_/Y
 _58095_/A
 _58095_/B
 _58095_/C
 _58095_/D
 _58095_/Y
 _58096_/A
 _58096_/B
 _58096_/C
 _58096_/D
 _58096_/Y
 _58097_/A
 _58097_/B_N
 _58097_/Y
 _58098_/A
 _58098_/B
 _58098_/Y
 _58099_/A
 _58099_/B
 _58099_/X
 _58100_/A
 _58100_/B
 _58100_/X
 _58101_/A
 _58101_/B
 _58101_/X
 _58102_/A
 _58102_/B
 _58102_/Y
 _58103_/A
 _58103_/B
 _58103_/Y
 _58104_/A
 _58104_/B
 _58104_/Y
 _58105_/A
 _58105_/B
 _58105_/Y
 _58106_/A
 _58106_/B
 _58106_/C
 _58106_/D
 _58106_/Y
 _58107_/A
 _58107_/B
 _58107_/C
 _58107_/D
 _58107_/Y
 _58108_/A
 _58108_/B
 _58108_/X
 _58109_/A
 _58109_/B
 _58109_/X
 _58110_/A
 _58110_/B
 _58110_/X
 _58111_/A
 _58111_/B
 _58111_/X
 _58112_/A
 _58112_/B
 _58112_/C
 _58112_/D
 _58112_/Y
 _58113_/A1_N
 _58113_/A2_N
 _58113_/B1
 _58113_/B2
 _58113_/Y
 _58114_/A1
 _58114_/A2
 _58114_/B1
 _58114_/B2
 _58114_/Y
 _58115_/A1
 _58115_/A2
 _58115_/B1
 _58115_/B2
 _58115_/Y
 _58116_/A1
 _58116_/A2
 _58116_/B1
 _58116_/B2
 _58116_/C1
 _58116_/Y
 _58117_/A
 _58117_/B
 _58117_/C_N
 _58117_/Y
 _58118_/A
 _58118_/Y
 _58119_/A
 _58119_/B
 _58119_/X
 _58120_/A1
 _58120_/A2
 _58120_/B1
 _58120_/B2
 _58120_/C1
 _58120_/Y
 _58121_/A
 _58121_/B
 _58121_/Y
 _58122_/A
 _58122_/B
 _58122_/Y
 _58123_/A
 _58123_/B
 _58123_/C
 _58123_/D
 _58123_/Y
 _58124_/A
 _58124_/Y
 _58125_/A
 _58125_/Y
 _58126_/A1
 _58126_/A2
 _58126_/B1
 _58126_/B2
 _58126_/Y
 _58127_/A1
 _58127_/A2
 _58127_/B1
 _58127_/B2
 _58127_/C1
 _58127_/Y
 _58128_/A
 _58128_/Y
 _58129_/A1
 _58129_/A2
 _58129_/B1
 _58129_/B2
 _58129_/Y
 _58130_/A1
 _58130_/A2
 _58130_/B1
 _58130_/B2
 _58130_/C1
 _58130_/Y
 _58131_/A
 _58131_/Y
 _58132_/A1
 _58132_/A2
 _58132_/B1
 _58132_/B2
 _58132_/Y
 _58133_/A1
 _58133_/A2
 _58133_/B1
 _58133_/B2
 _58133_/C1
 _58133_/Y
 _58134_/A1
 _58134_/A2
 _58134_/B1
 _58134_/B2
 _58134_/Y
 _58135_/A1
 _58135_/A2
 _58135_/B1
 _58135_/B2
 _58135_/C1
 _58135_/Y
 _58136_/A
 _58136_/B
 _58136_/C
 _58136_/D
 _58136_/Y
 _58137_/A
 _58137_/B
 _58137_/X
 _58138_/A
 _58138_/B
 _58138_/X
 _58139_/A
 _58139_/B
 _58139_/X
 _58140_/A
 _58140_/B
 _58140_/X
 _58141_/A
 _58141_/B
 _58141_/C
 _58141_/D
 _58141_/Y
 _58142_/A
 _58142_/B
 _58142_/X
 _58143_/A
 _58143_/B
 _58143_/X
 _58144_/A
 _58144_/B
 _58144_/X
 _58145_/A
 _58145_/B
 _58145_/X
 _58146_/A
 _58146_/B
 _58146_/C
 _58146_/D
 _58146_/Y
 _58147_/A
 _58147_/B
 _58147_/X
 _58148_/A
 _58148_/B
 _58148_/X
 _58149_/A
 _58149_/B
 _58149_/X
 _58150_/A
 _58150_/B
 _58150_/X
 _58151_/A
 _58151_/B
 _58151_/C
 _58151_/D
 _58151_/Y
 _58152_/A
 _58152_/B
 _58152_/X
 _58153_/A
 _58153_/B
 _58153_/X
 _58154_/A
 _58154_/B
 _58154_/X
 _58155_/A
 _58155_/B
 _58155_/X
 _58156_/A
 _58156_/B
 _58156_/C
 _58156_/D
 _58156_/Y
 _58157_/A
 _58157_/B
 _58157_/C
 _58157_/D
 _58157_/Y
 _58158_/A
 _58158_/B
 _58158_/C
 _58158_/Y
 _58159_/A
 _58159_/B
 _58159_/C
 _58159_/Y
 _58160_/A
 _58160_/B
 _58160_/Y
 _58161_/A1
 _58161_/A2
 _58161_/B1
 _58161_/C1
 _58161_/Y
 _58162_/A
 _58162_/B
 _58162_/X
 _58163_/A
 _58163_/B
 _58163_/X
 _58164_/A
 _58164_/B
 _58164_/Y
 _58165_/A
 _58165_/B
 _58165_/Y
 _58166_/A
 _58166_/B
 _58166_/Y
 _58167_/A
 _58167_/B
 _58167_/Y
 _58168_/A
 _58168_/B
 _58168_/C
 _58168_/D
 _58168_/Y
 _58169_/A
 _58169_/B
 _58169_/C
 _58169_/D
 _58169_/Y
 _58170_/A
 _58170_/Y
 _58171_/A1
 _58171_/A2
 _58171_/B1
 _58171_/B2
 _58171_/X
 _58172_/A1
 _58172_/A2
 _58172_/B1
 _58172_/B2
 _58172_/C1
 _58172_/Y
 _58173_/A1
 _58173_/A2
 _58173_/B1
 _58173_/B2
 _58173_/X
 _58174_/A1
 _58174_/A2
 _58174_/B1
 _58174_/B2
 _58174_/C1
 _58174_/Y
 _58175_/A
 _58175_/B
 _58175_/Y
 _58176_/A1
 _58176_/A2
 _58176_/B1
 _58176_/B2
 _58176_/C1
 _58176_/Y
 _58177_/A1
 _58177_/A2
 _58177_/B1
 _58177_/B2
 _58177_/Y
 _58178_/A1
 _58178_/A2
 _58178_/B1
 _58178_/B2
 _58178_/Y
 _58179_/A
 _58179_/B
 _58179_/C
 _58179_/Y
 _58180_/A
 _58180_/B
 _58180_/C
 _58180_/D
 _58180_/Y
 _58181_/A1
 _58181_/A2
 _58181_/B1
 _58181_/B2
 _58181_/C1
 _58181_/C2
 _58181_/Y
 _58182_/A1_N
 _58182_/A2_N
 _58182_/B1
 _58182_/B2
 _58182_/Y
 _58183_/A
 _58183_/B
 _58183_/X
 _58184_/A
 _58184_/Y
 _58185_/A1
 _58185_/A2
 _58185_/B1
 _58185_/B2
 _58185_/Y
 _58186_/A1_N
 _58186_/A2_N
 _58186_/B1
 _58186_/B2
 _58186_/Y
 _58187_/A
 _58187_/B
 _58187_/C
 _58187_/D
 _58187_/Y
 _58188_/A
 _58188_/B
 _58188_/Y
 _58189_/A
 _58189_/B
 _58189_/C
 _58189_/Y
 _58190_/A
 _58190_/Y
 _58191_/A1_N
 _58191_/A2_N
 _58191_/B1
 _58191_/B2
 _58191_/Y
 _58192_/A1
 _58192_/A2
 _58192_/B1
 _58192_/B2
 _58192_/C1
 _58192_/Y
 _58193_/A
 _58193_/Y
 _58194_/A
 _58194_/Y
 _58195_/A1_N
 _58195_/A2_N
 _58195_/B1
 _58195_/B2
 _58195_/Y
 _58196_/A1
 _58196_/A2
 _58196_/B1
 _58196_/B2
 _58196_/C1
 _58196_/Y
 _58197_/A
 _58197_/Y
 _58198_/A1_N
 _58198_/A2_N
 _58198_/B1
 _58198_/B2
 _58198_/Y
 _58199_/A1
 _58199_/A2
 _58199_/B1
 _58199_/B2
 _58199_/C1
 _58199_/Y
 _58200_/A1
 _58200_/A2
 _58200_/B1
 _58200_/B2
 _58200_/Y
 _58201_/A1
 _58201_/A2
 _58201_/B1
 _58201_/B2
 _58201_/C1
 _58201_/Y
 _58202_/A
 _58202_/B
 _58202_/C
 _58202_/D
 _58202_/Y
 _58203_/A1
 _58203_/A2
 _58203_/B1
 _58203_/B2
 _58203_/Y
 _58204_/A
 _58204_/B
 _58204_/X
 _58205_/A1
 _58205_/A2
 _58205_/B1
 _58205_/B2
 _58205_/Y
 _58206_/A1
 _58206_/A2
 _58206_/B1
 _58206_/B2
 _58206_/Y
 _58207_/A
 _58207_/B
 _58207_/C
 _58207_/D
 _58207_/Y
 _58208_/A
 _58208_/Y
 _58209_/A
 _58209_/Y
 _58210_/A1
 _58210_/A2
 _58210_/B1
 _58210_/B2
 _58210_/Y
 _58211_/A1
 _58211_/A2
 _58211_/B1
 _58211_/B2
 _58211_/C1
 _58211_/Y
 _58212_/A1
 _58212_/A2
 _58212_/B1
 _58212_/B2
 _58212_/Y
 _58213_/A1
 _58213_/A2
 _58213_/B1
 _58213_/B2
 _58213_/C1
 _58213_/Y
 _58214_/A
 _58214_/B
 _58214_/C
 _58214_/Y
 _58215_/A
 _58215_/B
 _58215_/Y
 _58216_/A
 _58216_/B
 _58216_/Y
 _58217_/A
 _58217_/B
 _58217_/Y
 _58218_/A
 _58218_/B
 _58218_/C
 _58218_/Y
 _58219_/A
 _58219_/B
 _58219_/Y
 _58220_/A1
 _58220_/A2
 _58220_/B1
 _58220_/B2
 _58220_/C1
 _58220_/Y
 _58221_/A
 _58221_/B
 _58221_/C
 _58221_/D
 _58221_/Y
 _58222_/A
 _58222_/B
 _58222_/X
 _58223_/A1
 _58223_/A2
 _58223_/B1
 _58223_/Y
 _58224_/A
 _58224_/B
 _58224_/Y
 _58225_/A1_N
 _58225_/A2_N
 _58225_/B1
 _58225_/B2
 _58225_/Y
 _58226_/A
 _58226_/Y
 _58227_/A1
 _58227_/A2
 _58227_/B1
 _58227_/B2
 _58227_/Y
 _58228_/A
 _58228_/B
 _58228_/Y
 _58229_/A
 _58229_/B
 _58229_/Y
 _58230_/A
 _58230_/B
 _58230_/Y
 _58231_/A
 _58231_/B
 _58231_/Y
 _58232_/A
 _58232_/B
 _58232_/C
 _58232_/D
 _58232_/Y
 _58233_/A
 _58233_/B
 _58233_/C
 _58233_/D
 _58233_/Y
 _58234_/A1_N
 _58234_/A2_N
 _58234_/B1
 _58234_/B2
 _58234_/Y
 _58235_/A1
 _58235_/A2
 _58235_/B1
 _58235_/B2
 _58235_/C1
 _58235_/Y
 _58236_/A1
 _58236_/A2
 _58236_/B1
 _58236_/B2
 _58236_/Y
 _58237_/A1
 _58237_/A2
 _58237_/B1
 _58237_/B2
 _58237_/C1
 _58237_/Y
 _58238_/A1
 _58238_/A2
 _58238_/B1
 _58238_/B2
 _58238_/X
 _58239_/A1
 _58239_/A2
 _58239_/B1
 _58239_/B2
 _58239_/C1
 _58239_/Y
 _58240_/A
 _58240_/Y
 _58241_/A1_N
 _58241_/A2_N
 _58241_/B1
 _58241_/B2
 _58241_/Y
 _58242_/A1
 _58242_/A2
 _58242_/B1
 _58242_/B2
 _58242_/C1
 _58242_/Y
 _58243_/A
 _58243_/B
 _58243_/C
 _58243_/D
 _58243_/Y
 _58244_/A
 _58244_/B
 _58244_/Y
 _58245_/A
 _58245_/B
 _58245_/Y
 _58246_/A
 _58246_/B
 _58246_/Y
 _58247_/A
 _58247_/B
 _58247_/Y
 _58248_/A
 _58248_/B
 _58248_/C
 _58248_/D
 _58248_/Y
 _58249_/A
 _58249_/B
 _58249_/Y
 _58250_/A
 _58250_/B
 _58250_/Y
 _58251_/A
 _58251_/B
 _58251_/Y
 _58252_/A
 _58252_/B
 _58252_/Y
 _58253_/A
 _58253_/B
 _58253_/C
 _58253_/D
 _58253_/Y
 _58254_/A1
 _58254_/A2
 _58254_/B1
 _58254_/B2
 _58254_/Y
 _58255_/A1
 _58255_/A2
 _58255_/B1
 _58255_/B2
 _58255_/C1
 _58255_/Y
 _58256_/A1
 _58256_/A2
 _58256_/B1
 _58256_/B2
 _58256_/Y
 _58257_/A_N
 _58257_/B
 _58257_/Y
 _58258_/A1
 _58258_/A2
 _58258_/B1
 _58258_/C1
 _58258_/D1
 _58258_/Y
 _58259_/A
 _58259_/B
 _58259_/C
 _58259_/D
 _58259_/Y
 _58260_/A
 _58260_/B
 _58260_/Y
 _58261_/A
 _58261_/B
 _58261_/Y
 _58262_/A
 _58262_/B
 _58262_/Y
 _58263_/A
 _58263_/B
 _58263_/Y
 _58264_/A
 _58264_/B
 _58264_/C
 _58264_/D
 _58264_/Y
 _58265_/A
 _58265_/B
 _58265_/Y
 _58266_/A
 _58266_/B
 _58266_/Y
 _58267_/A
 _58267_/B
 _58267_/Y
 _58268_/A
 _58268_/B
 _58268_/Y
 _58269_/A
 _58269_/B
 _58269_/C
 _58269_/D
 _58269_/Y
 _58270_/A
 _58270_/B
 _58270_/Y
 _58271_/A
 _58271_/B
 _58271_/Y
 _58272_/A
 _58272_/B
 _58272_/Y
 _58273_/A
 _58273_/B
 _58273_/Y
 _58274_/A
 _58274_/B
 _58274_/C
 _58274_/D
 _58274_/Y
 _58275_/A
 _58275_/B
 _58275_/Y
 _58276_/A
 _58276_/B
 _58276_/Y
 _58277_/A
 _58277_/B
 _58277_/Y
 _58278_/A
 _58278_/B
 _58278_/Y
 _58279_/A
 _58279_/B
 _58279_/C
 _58279_/D
 _58279_/Y
 _58280_/A
 _58280_/B
 _58280_/C
 _58280_/D
 _58280_/Y
 _58281_/A
 _58281_/B
 _58281_/C
 _58281_/D
 _58281_/Y
 _58282_/A
 _58282_/B
 _58282_/C_N
 _58282_/Y
 _58283_/A
 _58283_/B
 _58283_/C
 _58283_/Y
 _58284_/A
 _58284_/B
 _58284_/C
 _58284_/Y
 _58285_/A
 _58285_/B
 _58285_/C
 _58285_/Y
 _58286_/A1
 _58286_/A2
 _58286_/B1
 _58286_/B2
 _58286_/C1
 _58286_/C2
 _58286_/Y
 _58287_/A1
 _58287_/A2
 _58287_/B1
 _58287_/B2
 _58287_/Y
 _58288_/A1
 _58288_/A2
 _58288_/B1
 _58288_/B2
 _58288_/C1
 _58288_/Y
 _58289_/A
 _58289_/Y
 _58290_/A
 _58290_/Y
 _58291_/A1_N
 _58291_/A2_N
 _58291_/B1
 _58291_/B2
 _58291_/Y
 _58292_/A1
 _58292_/A2
 _58292_/B1
 _58292_/B2
 _58292_/C1
 _58292_/Y
 _58293_/A
 _58293_/B
 _58293_/X
 _58294_/A1
 _58294_/A2
 _58294_/B1
 _58294_/Y
 _58295_/A
 _58295_/B
 _58295_/Y
 _58296_/A
 _58296_/B
 _58296_/Y
 _58297_/A
 _58297_/B
 _58297_/C
 _58297_/D
 _58297_/Y
 _58298_/A
 _58298_/B
 _58298_/C
 _58298_/Y
 _58299_/A1
 _58299_/A2
 _58299_/B1
 _58299_/B2
 _58299_/Y
 _58300_/A
 _58300_/Y
 _58301_/A
 _58301_/Y
 _58302_/A1
 _58302_/A2
 _58302_/B1
 _58302_/B2
 _58302_/Y
 _58303_/A1
 _58303_/A2
 _58303_/B1
 _58303_/B2
 _58303_/Y
 _58304_/A
 _58304_/B
 _58304_/X
 _58305_/A
 _58305_/B
 _58305_/C
 _58305_/D
 _58305_/Y
 _58306_/A
 _58306_/B
 _58306_/X
 _58307_/A
 _58307_/B
 _58307_/X
 _58308_/A
 _58308_/B
 _58308_/X
 _58309_/A
 _58309_/B
 _58309_/Y
 _58310_/A
 _58310_/B
 _58310_/Y
 _58311_/A
 _58311_/B
 _58311_/Y
 _58312_/A
 _58312_/B
 _58312_/Y
 _58313_/A
 _58313_/B
 _58313_/C
 _58313_/D
 _58313_/Y
 _58314_/A
 _58314_/B
 _58314_/C
 _58314_/D
 _58314_/Y
 _58315_/A
 _58315_/B
 _58315_/C
 _58315_/D
 _58315_/Y
 _58316_/A1
 _58316_/A2
 _58316_/B1
 _58316_/B2
 _58316_/Y
 _58317_/A1
 _58317_/A2
 _58317_/B1
 _58317_/B2
 _58317_/Y
 _58318_/A
 _58318_/Y
 _58319_/A1
 _58319_/A2
 _58319_/B1
 _58319_/B2
 _58319_/Y
 _58320_/A1
 _58320_/A2
 _58320_/B1
 _58320_/B2
 _58320_/Y
 _58321_/A
 _58321_/B
 _58321_/Y
 _58322_/A
 _58322_/B
 _58322_/C_N
 _58322_/X
 _58323_/A1
 _58323_/A2
 _58323_/B1
 _58323_/B2
 _58323_/Y
 _58324_/A1
 _58324_/A2
 _58324_/B1
 _58324_/B2
 _58324_/Y
 _58325_/A1
 _58325_/A2
 _58325_/B1
 _58325_/B2
 _58325_/X
 _58326_/A1
 _58326_/A2
 _58326_/B1
 _58326_/B2
 _58326_/C1
 _58326_/Y
 _58327_/A_N
 _58327_/B
 _58327_/C
 _58327_/D
 _58327_/Y
 _58328_/A
 _58328_/B
 _58328_/Y
 _58329_/A
 _58329_/B
 _58329_/Y
 _58330_/A
 _58330_/B
 _58330_/Y
 _58331_/A
 _58331_/B
 _58331_/Y
 _58332_/A
 _58332_/B
 _58332_/C
 _58332_/D
 _58332_/Y
 _58333_/A
 _58333_/B
 _58333_/Y
 _58334_/A
 _58334_/B
 _58334_/Y
 _58335_/A
 _58335_/B
 _58335_/Y
 _58336_/A
 _58336_/B
 _58336_/Y
 _58337_/A
 _58337_/B
 _58337_/C
 _58337_/D
 _58337_/Y
 _58338_/A
 _58338_/B
 _58338_/Y
 _58339_/A
 _58339_/B
 _58339_/Y
 _58340_/A
 _58340_/B
 _58340_/Y
 _58341_/A
 _58341_/B
 _58341_/Y
 _58342_/A
 _58342_/B
 _58342_/C
 _58342_/D
 _58342_/Y
 _58343_/A
 _58343_/B
 _58343_/Y
 _58344_/A
 _58344_/B
 _58344_/Y
 _58345_/A
 _58345_/B
 _58345_/Y
 _58346_/A
 _58346_/B
 _58346_/Y
 _58347_/A
 _58347_/B
 _58347_/C
 _58347_/D
 _58347_/Y
 _58348_/A
 _58348_/B
 _58348_/C
 _58348_/D
 _58348_/Y
 _58349_/A1
 _58349_/A2
 _58349_/B1
 _58349_/B2
 _58349_/Y
 _58350_/A1
 _58350_/A2
 _58350_/B1
 _58350_/B2
 _58350_/C1
 _58350_/Y
 _58351_/A
 _58351_/Y
 _58352_/A1_N
 _58352_/A2_N
 _58352_/B1
 _58352_/B2
 _58352_/Y
 _58353_/A1
 _58353_/A2
 _58353_/B1
 _58353_/B2
 _58353_/C1
 _58353_/Y
 _58354_/A
 _58354_/B
 _58354_/X
 _58355_/A
 _58355_/B
 _58355_/X
 _58356_/A
 _58356_/B
 _58356_/X
 _58357_/A
 _58357_/B
 _58357_/X
 _58358_/A
 _58358_/B
 _58358_/C
 _58358_/D
 _58358_/Y
 _58359_/A
 _58359_/B
 _58359_/C
 _58359_/D
 _58359_/Y
 _58360_/A1_N
 _58360_/A2_N
 _58360_/B1
 _58360_/B2
 _58360_/Y
 _58361_/A1
 _58361_/A2
 _58361_/B1
 _58361_/B2
 _58361_/C1
 _58361_/Y
 _58362_/A
 _58362_/B
 _58362_/X
 _58363_/A1
 _58363_/A2
 _58363_/B1
 _58363_/B2
 _58363_/C1
 _58363_/Y
 _58364_/A
 _58364_/B
 _58364_/X
 _58365_/A
 _58365_/B
 _58365_/X
 _58366_/A
 _58366_/B
 _58366_/X
 _58367_/A
 _58367_/B
 _58367_/X
 _58368_/A
 _58368_/B
 _58368_/C
 _58368_/D
 _58368_/Y
 _58369_/A
 _58369_/B
 _58369_/X
 _58370_/A
 _58370_/B
 _58370_/X
 _58371_/A
 _58371_/B
 _58371_/X
 _58372_/A
 _58372_/B
 _58372_/X
 _58373_/A
 _58373_/B
 _58373_/C
 _58373_/D
 _58373_/Y
 _58374_/A
 _58374_/B
 _58374_/C
 _58374_/D
 _58374_/Y
 _58375_/A
 _58375_/B
 _58375_/C
 _58375_/D
 _58375_/X
 _58376_/A
 _58376_/B_N
 _58376_/Y
 _58377_/A_N
 _58377_/B
 _58377_/C
 _58377_/Y
 _58378_/A
 _58378_/B
 _58378_/X
 _58379_/A1
 _58379_/A2
 _58379_/B1
 _58379_/Y
 _58380_/A
 _58380_/B
 _58380_/X
 _58381_/A
 _58381_/B
 _58381_/X
 _58382_/A
 _58382_/B
 _58382_/C
 _58382_/D
 _58382_/Y
 _58383_/A
 _58383_/B
 _58383_/X
 _58384_/A
 _58384_/B
 _58384_/X
 _58385_/A
 _58385_/B
 _58385_/X
 _58386_/A
 _58386_/B
 _58386_/X
 _58387_/A
 _58387_/B
 _58387_/C
 _58387_/D
 _58387_/Y
 _58388_/A
 _58388_/B
 _58388_/X
 _58389_/A
 _58389_/B
 _58389_/X
 _58390_/A
 _58390_/B
 _58390_/X
 _58391_/A
 _58391_/B
 _58391_/Y
 _58392_/A
 _58392_/B
 _58392_/Y
 _58393_/A
 _58393_/B
 _58393_/Y
 _58394_/A
 _58394_/B
 _58394_/Y
 _58395_/A
 _58395_/B
 _58395_/C
 _58395_/D
 _58395_/Y
 _58396_/A
 _58396_/B
 _58396_/C
 _58396_/D
 _58396_/Y
 _58397_/A
 _58397_/B
 _58397_/X
 _58398_/A
 _58398_/B
 _58398_/X
 _58399_/A
 _58399_/B
 _58399_/X
 _58400_/A
 _58400_/B
 _58400_/X
 _58401_/A
 _58401_/B
 _58401_/C
 _58401_/D
 _58401_/Y
 _58402_/A
 _58402_/B
 _58402_/C
 _58402_/D
 _58402_/Y
 _58403_/A
 _58403_/B
 _58403_/X
 _58404_/A
 _58404_/B
 _58404_/X
 _58405_/A
 _58405_/B
 _58405_/X
 _58406_/A
 _58406_/B
 _58406_/X
 _58407_/A
 _58407_/B
 _58407_/C
 _58407_/D
 _58407_/Y
 _58408_/A
 _58408_/B
 _58408_/X
 _58409_/A
 _58409_/B
 _58409_/X
 _58410_/A
 _58410_/B
 _58410_/X
 _58411_/A
 _58411_/B
 _58411_/X
 _58412_/A
 _58412_/B
 _58412_/C
 _58412_/D
 _58412_/Y
 _58413_/A
 _58413_/B
 _58413_/Y
 _58414_/A
 _58414_/B
 _58414_/X
 _58415_/A
 _58415_/B
 _58415_/X
 _58416_/A
 _58416_/B
 _58416_/X
 _58417_/A
 _58417_/B
 _58417_/X
 _58418_/A
 _58418_/B
 _58418_/C
 _58418_/D
 _58418_/Y
 _58419_/A
 _58419_/B
 _58419_/X
 _58420_/A
 _58420_/B
 _58420_/X
 _58421_/A
 _58421_/B
 _58421_/X
 _58422_/A
 _58422_/B
 _58422_/X
 _58423_/A
 _58423_/B
 _58423_/C
 _58423_/D
 _58423_/Y
 _58424_/A
 _58424_/B
 _58424_/X
 _58425_/A
 _58425_/B
 _58425_/X
 _58426_/A
 _58426_/B
 _58426_/X
 _58427_/A
 _58427_/B
 _58427_/X
 _58428_/A
 _58428_/B
 _58428_/C
 _58428_/D
 _58428_/Y
 _58429_/A
 _58429_/B
 _58429_/X
 _58430_/A
 _58430_/B
 _58430_/X
 _58431_/A
 _58431_/B
 _58431_/X
 _58432_/A
 _58432_/B
 _58432_/X
 _58433_/A
 _58433_/B
 _58433_/C
 _58433_/D
 _58433_/Y
 _58434_/A
 _58434_/B
 _58434_/C
 _58434_/D
 _58434_/Y
 _58435_/A
 _58435_/Y
 _58436_/A1
 _58436_/A2
 _58436_/B1
 _58436_/B2
 _58436_/Y
 _58437_/A1
 _58437_/A2
 _58437_/B1
 _58437_/Y
 _58438_/A1_N
 _58438_/A2_N
 _58438_/B1
 _58438_/B2
 _58438_/Y
 _58439_/A1_N
 _58439_/A2_N
 _58439_/B1
 _58439_/B2
 _58439_/Y
 _58440_/A
 _58440_/Y
 _58441_/A1
 _58441_/A2
 _58441_/B1
 _58441_/B2
 _58441_/Y
 _58442_/A
 _58442_/B
 _58442_/X
 _58443_/A
 _58443_/B
 _58443_/C
 _58443_/D
 _58443_/Y
 _58444_/A1
 _58444_/A2
 _58444_/B1
 _58444_/B2
 _58444_/Y
 _58445_/A1
 _58445_/A2
 _58445_/B1
 _58445_/B2
 _58445_/C1
 _58445_/Y
 _58446_/A1
 _58446_/A2
 _58446_/B1
 _58446_/B2
 _58446_/Y
 _58447_/A1_N
 _58447_/A2_N
 _58447_/B1
 _58447_/B2
 _58447_/Y
 _58448_/A
 _58448_/B
 _58448_/C
 _58448_/X
 _58449_/A
 _58449_/B
 _58449_/X
 _58450_/A
 _58450_/B
 _58450_/X
 _58451_/A
 _58451_/B
 _58451_/X
 _58452_/A
 _58452_/B
 _58452_/X
 _58453_/A
 _58453_/B
 _58453_/C
 _58453_/D
 _58453_/Y
 _58454_/A
 _58454_/B
 _58454_/X
 _58455_/A
 _58455_/B
 _58455_/X
 _58456_/A
 _58456_/B
 _58456_/X
 _58457_/A
 _58457_/B
 _58457_/X
 _58458_/A
 _58458_/B
 _58458_/C
 _58458_/D
 _58458_/Y
 _58459_/A1
 _58459_/A2
 _58459_/B1
 _58459_/B2
 _58459_/Y
 _58460_/A1
 _58460_/A2
 _58460_/B1
 _58460_/B2
 _58460_/C1
 _58460_/Y
 _58461_/A
 _58461_/B
 _58461_/X
 _58462_/A1
 _58462_/A2
 _58462_/B1
 _58462_/B2
 _58462_/C1
 _58462_/Y
 _58463_/A
 _58463_/B
 _58463_/C
 _58463_/D
 _58463_/X
 _58464_/A
 _58464_/B
 _58464_/C
 _58464_/D
 _58464_/Y
 _58465_/A
 _58465_/B
 _58465_/C
 _58465_/D
 _58465_/X
 _58466_/A_N
 _58466_/B
 _58466_/Y
 _58467_/A
 _58467_/B
 _58467_/Y
 _58468_/A
 _58468_/B
 _58468_/C
 _58468_/X
 _58469_/A
 _58469_/B
 _58469_/C
 _58469_/D
 _58469_/Y
 _58470_/A
 _58470_/B
 _58470_/Y
 _58471_/A1
 _58471_/A2
 _58471_/B1
 _58471_/B2
 _58471_/C1
 _58471_/Y
 _58472_/A
 _58472_/Y
 _58473_/A1
 _58473_/A2
 _58473_/B1
 _58473_/B2
 _58473_/Y
 _58474_/A1_N
 _58474_/A2_N
 _58474_/B1
 _58474_/B2
 _58474_/Y
 _58475_/A
 _58475_/B
 _58475_/Y
 _58476_/A
 _58476_/B
 _58476_/Y
 _58477_/A
 _58477_/B
 _58477_/Y
 _58478_/A
 _58478_/B
 _58478_/Y
 _58479_/A
 _58479_/B
 _58479_/C
 _58479_/D
 _58479_/Y
 _58480_/A
 _58480_/B
 _58480_/C
 _58480_/D
 _58480_/X
 _58481_/A
 _58481_/B
 _58481_/X
 _58482_/A
 _58482_/B
 _58482_/X
 _58483_/A
 _58483_/B
 _58483_/X
 _58484_/A
 _58484_/B
 _58484_/X
 _58485_/A
 _58485_/B
 _58485_/C
 _58485_/D
 _58485_/Y
 _58486_/A
 _58486_/B
 _58486_/X
 _58487_/A
 _58487_/B
 _58487_/X
 _58488_/A
 _58488_/B
 _58488_/X
 _58489_/A
 _58489_/B
 _58489_/X
 _58490_/A
 _58490_/B
 _58490_/C
 _58490_/D
 _58490_/Y
 _58491_/A
 _58491_/B
 _58491_/X
 _58492_/A
 _58492_/B
 _58492_/X
 _58493_/A
 _58493_/B
 _58493_/X
 _58494_/A
 _58494_/B
 _58494_/X
 _58495_/A
 _58495_/B
 _58495_/C
 _58495_/D
 _58495_/Y
 _58496_/A
 _58496_/B
 _58496_/X
 _58497_/A
 _58497_/B
 _58497_/X
 _58498_/A
 _58498_/B
 _58498_/X
 _58499_/A
 _58499_/B
 _58499_/X
 _58500_/A
 _58500_/B
 _58500_/C
 _58500_/D
 _58500_/Y
 _58501_/A
 _58501_/B
 _58501_/C
 _58501_/D
 _58501_/Y
 _58502_/A
 _58502_/B
 _58502_/X
 _58503_/A1
 _58503_/A2
 _58503_/B1
 _58503_/B2
 _58503_/C1
 _58503_/Y
 _58504_/A
 _58504_/Y
 _58505_/A1
 _58505_/A2
 _58505_/B1
 _58505_/Y
 _58506_/A1
 _58506_/A2
 _58506_/B1
 _58506_/B2
 _58506_/C1
 _58506_/Y
 _58507_/A
 _58507_/B
 _58507_/X
 _58508_/A
 _58508_/B
 _58508_/X
 _58509_/A
 _58509_/B
 _58509_/X
 _58510_/A
 _58510_/B
 _58510_/X
 _58511_/A
 _58511_/B
 _58511_/C
 _58511_/D
 _58511_/Y
 _58512_/A
 _58512_/B
 _58512_/Y
 _58513_/A
 _58513_/B
 _58513_/Y
 _58514_/A
 _58514_/B
 _58514_/Y
 _58515_/A
 _58515_/B
 _58515_/C
 _58515_/Y
 _58516_/A
 _58516_/B
 _58516_/Y
 _58517_/A
 _58517_/B
 _58517_/Y
 _58518_/A
 _58518_/B
 _58518_/Y
 _58519_/A
 _58519_/B
 _58519_/Y
 _58520_/A
 _58520_/B
 _58520_/C
 _58520_/D
 _58520_/Y
 _58521_/A
 _58521_/B
 _58521_/Y
 _58522_/A
 _58522_/B
 _58522_/Y
 _58523_/A
 _58523_/B
 _58523_/Y
 _58524_/A
 _58524_/B
 _58524_/Y
 _58525_/A
 _58525_/B
 _58525_/C
 _58525_/D
 _58525_/Y
 _58526_/A
 _58526_/B
 _58526_/C
 _58526_/Y
 _58527_/A
 _58527_/B
 _58527_/C
 _58527_/D
 _58527_/Y
 _58528_/A
 _58528_/B
 _58528_/Y
 _58529_/A1
 _58529_/A2
 _58529_/B1
 _58529_/B2
 _58529_/Y
 _58530_/A1_N
 _58530_/A2_N
 _58530_/B1
 _58530_/B2
 _58530_/Y
 _58531_/A1
 _58531_/A2
 _58531_/B1
 _58531_/B2
 _58531_/Y
 _58532_/A
 _58532_/B
 _58532_/C
 _58532_/D
 _58532_/X
 _58533_/A1
 _58533_/A2
 _58533_/B1
 _58533_/B2
 _58533_/X
 _58534_/A
 _58534_/Y
 _58535_/A1
 _58535_/A2
 _58535_/B1
 _58535_/B2
 _58535_/X
 _58536_/A
 _58536_/Y
 _58537_/A1
 _58537_/A2
 _58537_/B1
 _58537_/B2
 _58537_/Y
 _58538_/A1
 _58538_/A2
 _58538_/B1
 _58538_/B2
 _58538_/C1
 _58538_/Y
 _58539_/A1
 _58539_/A2
 _58539_/B1
 _58539_/B2
 _58539_/Y
 _58540_/A1
 _58540_/A2
 _58540_/B1
 _58540_/B2
 _58540_/C1
 _58540_/Y
 _58541_/A
 _58541_/Y
 _58542_/A1
 _58542_/A2
 _58542_/B1
 _58542_/B2
 _58542_/Y
 _58543_/A1
 _58543_/A2
 _58543_/B1
 _58543_/B2
 _58543_/C1
 _58543_/X
 _58544_/A
 _58544_/Y
 _58545_/A1
 _58545_/A2
 _58545_/B1
 _58545_/B2
 _58545_/X
 _58546_/A1
 _58546_/A2
 _58546_/B1
 _58546_/B2
 _58546_/C1
 _58546_/Y
 _58547_/A
 _58547_/B
 _58547_/C
 _58547_/D
 _58547_/Y
 _58548_/A
 _58548_/B
 _58548_/C
 _58548_/D
 _58548_/Y
 _58549_/A1_N
 _58549_/A2_N
 _58549_/B1
 _58549_/B2
 _58549_/Y
 _58550_/A
 _58550_/B
 _58550_/X
 _58551_/A1
 _58551_/A2
 _58551_/B1
 _58551_/B2
 _58551_/X
 _58552_/A1
 _58552_/A2
 _58552_/B1
 _58552_/B2
 _58552_/Y
 _58553_/A
 _58553_/B
 _58553_/C
 _58553_/D
 _58553_/Y
 _58554_/A
 _58554_/Y
 _58555_/A1
 _58555_/A2
 _58555_/B1
 _58555_/B2
 _58555_/Y
 _58556_/A1
 _58556_/A2
 _58556_/B1
 _58556_/B2
 _58556_/C1
 _58556_/Y
 _58557_/A1_N
 _58557_/A2_N
 _58557_/B1
 _58557_/B2
 _58557_/Y
 _58558_/A1
 _58558_/A2
 _58558_/B1
 _58558_/B2
 _58558_/C1
 _58558_/Y
 _58559_/A
 _58559_/B
 _58559_/C
 _58559_/D
 _58559_/Y
 _58560_/A
 _58560_/B
 _58560_/C
 _58560_/D
 _58560_/X
 _58561_/A
 _58561_/B_N
 _58561_/Y
 _58562_/A
 _58562_/B
 _58562_/Y
 _58563_/A
 _58563_/B
 _58563_/Y
 _58564_/A
 _58564_/B
 _58564_/Y
 _58565_/A
 _58565_/B
 _58565_/C
 _58565_/X
 _58566_/A
 _58566_/Y
 _58567_/A1
 _58567_/A2
 _58567_/B1
 _58567_/B2
 _58567_/Y
 _58568_/A1_N
 _58568_/A2_N
 _58568_/B1
 _58568_/B2
 _58568_/Y
 _58569_/A1_N
 _58569_/A2_N
 _58569_/B1
 _58569_/B2
 _58569_/Y
 _58570_/A
 _58570_/B
 _58570_/X
 _58571_/A
 _58571_/B
 _58571_/C
 _58571_/D
 _58571_/Y
 _58572_/A1
 _58572_/A2
 _58572_/B1
 _58572_/B2
 _58572_/X
 _58573_/A1
 _58573_/A2
 _58573_/B1
 _58573_/B2
 _58573_/X
 _58574_/A1
 _58574_/A2
 _58574_/B1
 _58574_/B2
 _58574_/Y
 _58575_/A1
 _58575_/A2
 _58575_/B1
 _58575_/Y
 _58576_/A
 _58576_/B
 _58576_/C
 _58576_/D
 _58576_/Y
 _58577_/A
 _58577_/B
 _58577_/Y
 _58578_/A
 _58578_/B
 _58578_/Y
 _58579_/A
 _58579_/B
 _58579_/Y
 _58580_/A
 _58580_/B
 _58580_/Y
 _58581_/A
 _58581_/B
 _58581_/C
 _58581_/D
 _58581_/Y
 _58582_/A
 _58582_/B
 _58582_/Y
 _58583_/A
 _58583_/B
 _58583_/Y
 _58584_/A
 _58584_/B
 _58584_/Y
 _58585_/A
 _58585_/B
 _58585_/Y
 _58586_/A
 _58586_/B
 _58586_/C
 _58586_/D
 _58586_/Y
 _58587_/A
 _58587_/B
 _58587_/Y
 _58588_/A
 _58588_/B
 _58588_/Y
 _58589_/A
 _58589_/B
 _58589_/Y
 _58590_/A
 _58590_/B
 _58590_/C
 _58590_/Y
 _58591_/A
 _58591_/B
 _58591_/Y
 _58592_/A
 _58592_/B
 _58592_/Y
 _58593_/A
 _58593_/B
 _58593_/Y
 _58594_/A
 _58594_/B
 _58594_/Y
 _58595_/A
 _58595_/B
 _58595_/C
 _58595_/D
 _58595_/Y
 _58596_/A
 _58596_/B
 _58596_/C
 _58596_/D
 _58596_/Y
 _58597_/A1
 _58597_/A2
 _58597_/B1
 _58597_/B2
 _58597_/C1
 _58597_/C2
 _58597_/Y
 _58598_/A1_N
 _58598_/A2_N
 _58598_/B1
 _58598_/B2
 _58598_/Y
 _58599_/A
 _58599_/B
 _58599_/X
 _58600_/A1
 _58600_/A2
 _58600_/B1
 _58600_/B2
 _58600_/Y
 _58601_/A1_N
 _58601_/A2_N
 _58601_/B1
 _58601_/B2
 _58601_/Y
 _58602_/A
 _58602_/B
 _58602_/C
 _58602_/D
 _58602_/Y
 _58603_/A
 _58603_/B
 _58603_/X
 _58604_/A1
 _58604_/A2
 _58604_/B1
 _58604_/B2
 _58604_/C1
 _58604_/X
 _58605_/A1
 _58605_/A2
 _58605_/B1
 _58605_/B2
 _58605_/Y
 _58606_/A1
 _58606_/A2
 _58606_/B1
 _58606_/B2
 _58606_/Y
 _58607_/A
 _58607_/B
 _58607_/X
 _58608_/A
 _58608_/B
 _58608_/X
 _58609_/A
 _58609_/B
 _58609_/X
 _58610_/A
 _58610_/B
 _58610_/X
 _58611_/A
 _58611_/B
 _58611_/C
 _58611_/D
 _58611_/Y
 _58612_/A
 _58612_/B
 _58612_/X
 _58613_/A
 _58613_/B
 _58613_/X
 _58614_/A
 _58614_/B
 _58614_/X
 _58615_/A
 _58615_/B
 _58615_/X
 _58616_/A
 _58616_/B
 _58616_/C
 _58616_/D
 _58616_/Y
 _58617_/A
 _58617_/B
 _58617_/Y
 _58618_/A
 _58618_/B
 _58618_/C
 _58618_/D
 _58618_/Y
 _58619_/A
 _58619_/B
 _58619_/C
 _58619_/X
 _58620_/A
 _58620_/B
 _58620_/C
 _58620_/D
 _58620_/Y
 _58621_/A1
 _58621_/A2
 _58621_/B1
 _58621_/B2
 _58621_/Y
 _58622_/A1
 _58622_/A2
 _58622_/B1
 _58622_/B2
 _58622_/C1
 _58622_/Y
 _58623_/A
 _58623_/B
 _58623_/X
 _58624_/A1
 _58624_/A2
 _58624_/B1
 _58624_/B2
 _58624_/C1
 _58624_/Y
 _58625_/A
 _58625_/B
 _58625_/Y
 _58626_/A
 _58626_/B
 _58626_/Y
 _58627_/A
 _58627_/B
 _58627_/Y
 _58628_/A
 _58628_/B
 _58628_/Y
 _58629_/A
 _58629_/B
 _58629_/Y
 _58630_/A
 _58630_/B
 _58630_/C
 _58630_/D
 _58630_/Y
 _58631_/A
 _58631_/B
 _58631_/X
 _58632_/A
 _58632_/B
 _58632_/X
 _58633_/A
 _58633_/B
 _58633_/X
 _58634_/A
 _58634_/B
 _58634_/X
 _58635_/A
 _58635_/B
 _58635_/C
 _58635_/D
 _58635_/Y
 _58636_/A
 _58636_/B
 _58636_/X
 _58637_/A
 _58637_/B
 _58637_/X
 _58638_/A
 _58638_/B
 _58638_/X
 _58639_/A
 _58639_/B
 _58639_/X
 _58640_/A
 _58640_/B
 _58640_/C
 _58640_/D
 _58640_/Y
 _58641_/A
 _58641_/B
 _58641_/X
 _58642_/A
 _58642_/B
 _58642_/X
 _58643_/A
 _58643_/B
 _58643_/X
 _58644_/A
 _58644_/B
 _58644_/X
 _58645_/A
 _58645_/B
 _58645_/C
 _58645_/D
 _58645_/Y
 _58646_/A
 _58646_/B
 _58646_/X
 _58647_/A
 _58647_/B
 _58647_/X
 _58648_/A
 _58648_/B
 _58648_/X
 _58649_/A
 _58649_/B
 _58649_/X
 _58650_/A
 _58650_/B
 _58650_/C
 _58650_/D
 _58650_/Y
 _58651_/A
 _58651_/B
 _58651_/C
 _58651_/D
 _58651_/Y
 _58652_/A
 _58652_/B
 _58652_/C
 _58652_/D
 _58652_/X
 _58653_/A
 _58653_/B_N
 _58653_/Y
 _58654_/A_N
 _58654_/B
 _58654_/C
 _58654_/X
 _58655_/A
 _58655_/B
 _58655_/Y
 _58656_/A
 _58656_/B
 _58656_/Y
 _58657_/A
 _58657_/B
 _58657_/C
 _58657_/X
 _58658_/A
 _58658_/B
 _58658_/Y
 _58659_/A
 _58659_/B
 _58659_/Y
 _58660_/A
 _58660_/B
 _58660_/Y
 _58661_/A
 _58661_/B
 _58661_/Y
 _58662_/A
 _58662_/B
 _58662_/Y
 _58663_/A
 _58663_/B
 _58663_/Y
 _58664_/A
 _58664_/B
 _58664_/C
 _58664_/X
 _58665_/A
 _58665_/B
 _58665_/C
 _58665_/Y
 _58666_/A1_N
 _58666_/A2_N
 _58666_/B1
 _58666_/B2
 _58666_/Y
 _58667_/A1
 _58667_/A2
 _58667_/B1
 _58667_/B2
 _58667_/X
 _58668_/A1
 _58668_/A2
 _58668_/B1
 _58668_/B2
 _58668_/Y
 _58669_/A1
 _58669_/A2
 _58669_/B1
 _58669_/B2
 _58669_/Y
 _58670_/A
 _58670_/B
 _58670_/C
 _58670_/D
 _58670_/Y
 _58671_/A
 _58671_/B
 _58671_/X
 _58672_/A
 _58672_/B
 _58672_/X
 _58673_/A
 _58673_/B
 _58673_/X
 _58674_/A
 _58674_/B
 _58674_/X
 _58675_/A
 _58675_/B
 _58675_/C
 _58675_/D
 _58675_/Y
 _58677_/A1_N
 _58677_/A2_N
 _58677_/B1
 _58677_/B2
 _58677_/Y
 _58678_/A1
 _58678_/A2
 _58678_/B1
 _58678_/B2
 _58678_/C1
 _58678_/X
 _58679_/A1
 _58679_/A2
 _58679_/B1
 _58679_/B2
 _58679_/X
 _58680_/A1
 _58680_/A2
 _58680_/B1
 _58680_/B2
 _58680_/Y
 _58681_/A
 _58681_/B
 _58681_/C
 _58681_/Y
 _58682_/A
 _58682_/Y
 _58683_/A1
 _58683_/A2
 _58683_/B1
 _58683_/B2
 _58683_/Y
 _58684_/A1
 _58684_/A2
 _58684_/B1
 _58684_/B2
 _58684_/X
 _58685_/A1_N
 _58685_/A2_N
 _58685_/B1
 _58685_/B2
 _58685_/Y
 _58686_/A
 _58686_/Y
 _58687_/A1
 _58687_/A2
 _58687_/B1
 _58687_/B2
 _58687_/Y
 _58688_/A
 _58688_/B
 _58688_/C
 _58688_/D
 _58688_/Y
 _58689_/A
 _58689_/B
 _58689_/C
 _58689_/D
 _58689_/Y
 _58690_/A
 _58690_/B
 _58690_/Y
 _58691_/A
 _58691_/B
 _58691_/Y
 _58692_/A
 _58692_/B
 _58692_/Y
 _58693_/A
 _58693_/B
 _58693_/Y
 _58694_/A
 _58694_/B
 _58694_/C
 _58694_/D
 _58694_/Y
 _58695_/A
 _58695_/B
 _58695_/Y
 _58696_/A
 _58696_/B
 _58696_/Y
 _58697_/A
 _58697_/B
 _58697_/Y
 _58698_/A
 _58698_/B
 _58698_/X
 _58699_/A
 _58699_/B
 _58699_/X
 _58700_/A
 _58700_/B
 _58700_/X
 _58701_/A
 _58701_/B
 _58701_/X
 _58702_/A
 _58702_/B
 _58702_/C
 _58702_/D
 _58702_/Y
 _58703_/A
 _58703_/B
 _58703_/C
 _58703_/D
 _58703_/Y
 _58704_/A
 _58704_/B
 _58704_/X
 _58705_/A
 _58705_/B
 _58705_/X
 _58706_/A
 _58706_/B
 _58706_/X
 _58707_/A
 _58707_/B
 _58707_/X
 _58708_/A
 _58708_/B
 _58708_/C
 _58708_/D
 _58708_/Y
 _58709_/A
 _58709_/B
 _58709_/X
 _58710_/A
 _58710_/B
 _58710_/X
 _58711_/A
 _58711_/B
 _58711_/X
 _58712_/A
 _58712_/B
 _58712_/X
 _58713_/A
 _58713_/B
 _58713_/C
 _58713_/D
 _58713_/Y
 _58714_/A
 _58714_/B
 _58714_/X
 _58715_/A
 _58715_/B
 _58715_/X
 _58716_/A
 _58716_/B
 _58716_/X
 _58717_/A
 _58717_/B
 _58717_/X
 _58718_/A
 _58718_/B
 _58718_/C
 _58718_/D
 _58718_/Y
 _58719_/A
 _58719_/B
 _58719_/X
 _58720_/A
 _58720_/B
 _58720_/X
 _58721_/A
 _58721_/B
 _58721_/X
 _58722_/A
 _58722_/B
 _58722_/X
 _58723_/A
 _58723_/B
 _58723_/C
 _58723_/D
 _58723_/Y
 _58724_/A
 _58724_/B
 _58724_/C
 _58724_/D
 _58724_/Y
 _58725_/A
 _58725_/B
 _58725_/C
 _58725_/D
 _58725_/Y
 _58726_/A
 _58726_/Y
 _58727_/A1
 _58727_/A2
 _58727_/B1
 _58727_/B2
 _58727_/C1
 _58727_/C2
 _58727_/Y
 _58728_/A
 _58728_/Y
 _58730_/A1
 _58730_/A2
 _58730_/B1
 _58730_/B2
 _58730_/Y
 _58731_/A1
 _58731_/A2
 _58731_/B1
 _58731_/B2
 _58731_/C1
 _58731_/Y
 _58732_/A1
 _58732_/A2
 _58732_/B1
 _58732_/B2
 _58732_/Y
 _58733_/A1
 _58733_/A2
 _58733_/B1
 _58733_/B2
 _58733_/Y
 _58734_/A1
 _58734_/A2
 _58734_/B1
 _58734_/B2
 _58734_/Y
 _58735_/A1
 _58735_/A2
 _58735_/B1
 _58735_/B2
 _58735_/Y
 _58736_/A1
 _58736_/A2
 _58736_/B1
 _58736_/B2
 _58736_/X
 _58737_/A1
 _58737_/A2
 _58737_/B1
 _58737_/Y
 _58738_/A
 _58738_/B
 _58738_/C
 _58738_/D
 _58738_/Y
 _58739_/A
 _58739_/B
 _58739_/C
 _58739_/D
 _58739_/X
 _58740_/A
 _58740_/Y
 _58741_/A1
 _58741_/A2
 _58741_/B1
 _58741_/B2
 _58741_/Y
 _58742_/A1
 _58742_/A2
 _58742_/B1
 _58742_/B2
 _58742_/C1
 _58742_/X
 _58743_/A1
 _58743_/A2
 _58743_/B1
 _58743_/B2
 _58743_/X
 _58744_/A1
 _58744_/A2
 _58744_/B1
 _58744_/B2
 _58744_/Y
 _58745_/A
 _58745_/B
 _58745_/X
 _58746_/A
 _58746_/B
 _58746_/X
 _58747_/A
 _58747_/B
 _58747_/X
 _58748_/A
 _58748_/B
 _58748_/X
 _58749_/A
 _58749_/B
 _58749_/C
 _58749_/D
 _58749_/Y
 _58750_/A
 _58750_/B
 _58750_/X
 _58751_/A
 _58751_/B
 _58751_/X
 _58752_/A
 _58752_/B
 _58752_/X
 _58753_/A
 _58753_/B
 _58753_/X
 _58754_/A
 _58754_/B
 _58754_/C
 _58754_/D
 _58754_/Y
 _58755_/A
 _58755_/B
 _58755_/Y
 _58756_/A
 _58756_/B
 _58756_/C
 _58756_/D
 _58756_/Y
 _58757_/A
 _58757_/B
 _58757_/C
 _58757_/D
 _58757_/Y
 _58758_/A
 _58758_/B_N
 _58758_/Y
 _58759_/A_N
 _58759_/B
 _58759_/Y
 _58760_/A
 _58760_/B
 _58760_/X
 _58761_/A
 _58761_/B
 _58761_/X
 _58762_/A
 _58762_/B
 _58762_/X
 _58763_/A
 _58763_/B
 _58763_/X
 _58764_/A
 _58764_/B
 _58764_/C
 _58764_/D
 _58764_/Y
 _58765_/A
 _58765_/B
 _58765_/X
 _58766_/A
 _58766_/B
 _58766_/X
 _58767_/A
 _58767_/B
 _58767_/X
 _58768_/A
 _58768_/B
 _58768_/X
 _58769_/A
 _58769_/B
 _58769_/C
 _58769_/D
 _58769_/Y
 _58770_/A
 _58770_/B
 _58770_/X
 _58771_/A
 _58771_/B
 _58771_/X
 _58772_/A
 _58772_/B
 _58772_/X
 _58773_/A
 _58773_/B
 _58773_/X
 _58774_/A
 _58774_/B
 _58774_/C
 _58774_/D
 _58774_/Y
 _58775_/A
 _58775_/B
 _58775_/C
 _58775_/Y
 _58776_/A
 _58776_/B
 _58776_/X
 _58777_/A
 _58777_/B
 _58777_/X
 _58778_/A
 _58778_/B
 _58778_/X
 _58779_/A
 _58779_/B
 _58779_/X
 _58780_/A
 _58780_/B
 _58780_/C
 _58780_/D
 _58780_/Y
 _58781_/A
 _58781_/B
 _58781_/X
 _58782_/A
 _58782_/B
 _58782_/X
 _58783_/A
 _58783_/B
 _58783_/X
 _58784_/A
 _58784_/B
 _58784_/X
 _58785_/A
 _58785_/B
 _58785_/C
 _58785_/D
 _58785_/Y
 _58786_/A
 _58786_/B
 _58786_/X
 _58787_/A
 _58787_/B
 _58787_/X
 _58788_/A
 _58788_/B
 _58788_/X
 _58789_/A
 _58789_/B
 _58789_/X
 _58790_/A
 _58790_/B
 _58790_/C
 _58790_/D
 _58790_/Y
 _58791_/A
 _58791_/B
 _58791_/X
 _58792_/A
 _58792_/B
 _58792_/X
 _58793_/A
 _58793_/B
 _58793_/X
 _58794_/A
 _58794_/B
 _58794_/X
 _58795_/A
 _58795_/B
 _58795_/C
 _58795_/D
 _58795_/Y
 _58796_/A
 _58796_/B
 _58796_/C
 _58796_/D
 _58796_/Y
 _58797_/A
 _58797_/Y
 _58799_/A1_N
 _58799_/A2_N
 _58799_/B1
 _58799_/B2
 _58799_/Y
 _58800_/A1
 _58800_/A2
 _58800_/B1
 _58800_/B2
 _58800_/C1
 _58800_/Y
 _58801_/A
 _58801_/Y
 _58802_/A1
 _58802_/A2
 _58802_/B1
 _58802_/B2
 _58802_/Y
 _58803_/A1
 _58803_/A2
 _58803_/B1
 _58803_/B2
 _58803_/C1
 _58803_/Y
 _58804_/A
 _58804_/Y
 _58805_/A1
 _58805_/A2
 _58805_/B1
 _58805_/B2
 _58805_/Y
 _58806_/A
 _58806_/B
 _58806_/X
 _58807_/A
 _58807_/B
 _58807_/X
 _58808_/A
 _58808_/B
 _58808_/X
 _58809_/A
 _58809_/B
 _58809_/C
 _58809_/D
 _58809_/Y
 _58810_/A
 _58810_/B
 _58810_/X
 _58811_/A
 _58811_/B
 _58811_/X
 _58812_/A
 _58812_/B
 _58812_/X
 _58813_/A
 _58813_/B
 _58813_/Y
 _58814_/A
 _58814_/B
 _58814_/Y
 _58815_/A
 _58815_/B
 _58815_/Y
 _58816_/A
 _58816_/B
 _58816_/Y
 _58817_/A
 _58817_/B
 _58817_/C
 _58817_/D
 _58817_/Y
 _58818_/A
 _58818_/B
 _58818_/C
 _58818_/D
 _58818_/Y
 _58819_/A
 _58819_/B
 _58819_/C
 _58819_/D
 _58819_/Y
 _58820_/A
 _58820_/B
 _58820_/C
 _58820_/Y
 _58822_/A
 _58822_/B
 _58822_/Y
 _58823_/A1
 _58823_/A2
 _58823_/B1
 _58823_/B2
 _58823_/C1
 _58823_/Y
 _58825_/A1
 _58825_/A2
 _58825_/B1
 _58825_/B2
 _58825_/Y
 _58826_/A1
 _58826_/A2
 _58826_/B1
 _58826_/B2
 _58826_/Y
 _58827_/A
 _58827_/B
 _58827_/Y
 _58828_/A
 _58828_/B
 _58828_/Y
 _58829_/A
 _58829_/B
 _58829_/Y
 _58830_/A
 _58830_/B
 _58830_/C
 _58830_/D
 _58830_/Y
 _58832_/A
 _58832_/Y
 _58833_/A1
 _58833_/A2
 _58833_/B1
 _58833_/B2
 _58833_/Y
 _58834_/A1
 _58834_/A2
 _58834_/B1
 _58834_/B2
 _58834_/C1
 _58834_/Y
 _58835_/A
 _58835_/Y
 _58836_/A
 _58836_/B
 _58836_/X
 _58837_/A1
 _58837_/A2
 _58837_/B1
 _58837_/B2
 _58837_/C1
 _58837_/Y
 _58838_/A
 _58838_/Y
 _58840_/A1
 _58840_/A2
 _58840_/B1
 _58840_/B2
 _58840_/Y
 _58841_/A1
 _58841_/A2
 _58841_/B1
 _58841_/B2
 _58841_/C1
 _58841_/Y
 _58842_/A
 _58842_/Y
 _58843_/A1
 _58843_/A2
 _58843_/B1
 _58843_/Y
 _58844_/A1
 _58844_/A2
 _58844_/B1
 _58844_/B2
 _58844_/C1
 _58844_/Y
 _58845_/A
 _58845_/B
 _58845_/C
 _58845_/D
 _58845_/X
 _58846_/A
 _58846_/Y
 _58847_/A1
 _58847_/A2
 _58847_/B1
 _58847_/B2
 _58847_/Y
 _58848_/A1
 _58848_/A2
 _58848_/B1
 _58848_/B2
 _58848_/C1
 _58848_/Y
 _58849_/A
 _58849_/Y
 _58850_/A1
 _58850_/A2
 _58850_/B1
 _58850_/B2
 _58850_/Y
 _58851_/A1
 _58851_/A2
 _58851_/B1
 _58851_/B2
 _58851_/C1
 _58851_/Y
 _58852_/A
 _58852_/B
 _58852_/Y
 _58853_/A1
 _58853_/A2
 _58853_/B1
 _58853_/B2
 _58853_/X
 _58854_/A1
 _58854_/A2
 _58854_/B1
 _58854_/B2
 _58854_/Y
 _58855_/A1
 _58855_/A2
 _58855_/B1
 _58855_/B2
 _58855_/Y
 _58856_/A1
 _58856_/A2
 _58856_/B1
 _58856_/B2
 _58856_/Y
 _58857_/A
 _58857_/B
 _58857_/Y
 _58858_/A
 _58858_/B
 _58858_/C
 _58858_/D
 _58858_/Y
 _58859_/A
 _58859_/B
 _58859_/C
 _58859_/D
 _58859_/Y
 _58860_/A_N
 _58860_/B
 _58860_/Y
 _58862_/A1_N
 _58862_/A2_N
 _58862_/B1
 _58862_/B2
 _58862_/Y
 _58863_/A1
 _58863_/A2
 _58863_/B1
 _58863_/B2
 _58863_/Y
 _58864_/A
 _58864_/Y
 _58865_/A1
 _58865_/A2
 _58865_/B1
 _58865_/B2
 _58865_/Y
 _58866_/A1
 _58866_/A2
 _58866_/B1
 _58866_/B2
 _58866_/Y
 _58867_/A
 _58867_/B
 _58867_/C
 _58867_/D
 _58867_/Y
 _58868_/A
 _58868_/B
 _58868_/Y
 _58869_/A
 _58869_/B
 _58869_/Y
 _58870_/A
 _58870_/B
 _58870_/Y
 _58871_/A
 _58871_/B
 _58871_/Y
 _58872_/A
 _58872_/B
 _58872_/C
 _58872_/D
 _58872_/Y
 _58873_/A
 _58873_/B
 _58873_/X
 _58874_/A
 _58874_/B
 _58874_/X
 _58876_/A
 _58876_/B
 _58876_/X
 _58877_/A
 _58877_/B
 _58877_/X
 _58878_/A
 _58878_/B
 _58878_/C
 _58878_/D
 _58878_/Y
 _58879_/A
 _58879_/B
 _58879_/X
 _58880_/A
 _58880_/B
 _58880_/X
 _58881_/A
 _58881_/B
 _58881_/X
 _58882_/A
 _58882_/B
 _58882_/X
 _58883_/A
 _58883_/B
 _58883_/C
 _58883_/D
 _58883_/Y
 _58884_/A
 _58884_/B
 _58884_/X
 _58885_/A
 _58885_/B
 _58885_/X
 _58886_/A
 _58886_/B
 _58886_/X
 _58887_/A
 _58887_/B
 _58887_/X
 _58888_/A
 _58888_/B
 _58888_/C
 _58888_/D
 _58888_/Y
 _58889_/A
 _58889_/B
 _58889_/X
 _58890_/A
 _58890_/B
 _58890_/X
 _58891_/A
 _58891_/B
 _58891_/X
 _58892_/A
 _58892_/B
 _58892_/X
 _58893_/A
 _58893_/B
 _58893_/C
 _58893_/D
 _58893_/Y
 _58894_/A
 _58894_/B
 _58894_/C
 _58894_/D
 _58894_/Y
 _58895_/A
 _58895_/B
 _58895_/C
 _58895_/Y
 _58896_/A
 _58896_/B
 _58896_/X
 _58897_/A
 _58897_/B
 _58897_/X
 _58898_/A
 _58898_/B
 _58898_/X
 _58899_/A
 _58899_/B
 _58899_/X
 _58900_/A
 _58900_/B
 _58900_/C
 _58900_/D
 _58900_/Y
 _58901_/A
 _58901_/B
 _58901_/X
 _58902_/A
 _58902_/B
 _58902_/X
 _58903_/A
 _58903_/B
 _58903_/X
 _58904_/A
 _58904_/B
 _58904_/X
 _58905_/A
 _58905_/B
 _58905_/C
 _58905_/D
 _58905_/Y
 _58906_/A
 _58906_/B
 _58906_/X
 _58907_/A
 _58907_/B
 _58907_/X
 _58908_/A
 _58908_/B
 _58908_/X
 _58909_/A
 _58909_/B
 _58909_/X
 _58910_/A
 _58910_/B
 _58910_/C
 _58910_/D
 _58910_/Y
 _58911_/A
 _58911_/B
 _58911_/X
 _58912_/A
 _58912_/B
 _58912_/X
 _58913_/A
 _58913_/B
 _58913_/X
 _58914_/A
 _58914_/B
 _58914_/X
 _58915_/A
 _58915_/B
 _58915_/C
 _58915_/D
 _58915_/Y
 _58916_/A
 _58916_/B
 _58916_/C
 _58916_/D
 _58916_/Y
 _58917_/A
 _58917_/B
 _58917_/X
 _58918_/A
 _58918_/B
 _58918_/X
 _58919_/A
 _58919_/B
 _58919_/X
 _58920_/A
 _58920_/B
 _58920_/C
 _58920_/D
 _58920_/Y
 _58921_/A
 _58921_/Y
 _58922_/A1
 _58922_/A2
 _58922_/B1
 _58922_/B2
 _58922_/Y
 _58923_/A1
 _58923_/A2
 _58923_/B1
 _58923_/B2
 _58923_/Y
 _58924_/A
 _58924_/B
 _58924_/X
 _58925_/A1
 _58925_/A2
 _58925_/B1
 _58925_/C1
 _58925_/D1
 _58925_/Y
 _58926_/A
 _58926_/B
 _58926_/Y
 _58927_/A
 _58927_/B
 _58927_/Y
 _58928_/A
 _58928_/B
 _58928_/C
 _58928_/Y
 _58929_/A
 _58929_/Y
 _58931_/A1_N
 _58931_/A2_N
 _58931_/B1
 _58931_/B2
 _58931_/Y
 _58932_/A1
 _58932_/A2
 _58932_/B1
 _58932_/B2
 _58932_/C1
 _58932_/Y
 _58933_/A
 _58933_/Y
 _58934_/A1
 _58934_/A2
 _58934_/B1
 _58934_/B2
 _58934_/Y
 _58935_/A1
 _58935_/A2
 _58935_/B1
 _58935_/B2
 _58935_/C1
 _58935_/Y
 _58936_/A
 _58936_/Y
 _58937_/A1
 _58937_/A2
 _58937_/B1
 _58937_/B2
 _58937_/Y
 _58938_/A
 _58938_/B
 _58938_/X
 _58940_/A1_N
 _58940_/A2_N
 _58940_/B1
 _58940_/B2
 _58940_/Y
 _58941_/A
 _58941_/Y
 _58942_/A1
 _58942_/A2
 _58942_/B1
 _58942_/B2
 _58942_/Y
 _58943_/A
 _58943_/B
 _58943_/C
 _58943_/D
 _58943_/Y
 _58944_/A
 _58944_/B
 _58944_/C
 _58944_/Y
 _58945_/A
 _58945_/B
 _58945_/Y
 _58946_/A1
 _58946_/A2
 _58946_/B1
 _58946_/C1
 _58946_/Y
 _58947_/A1
 _58947_/A2
 _58947_/B1
 _58947_/B2
 _58947_/X
 _58949_/A1_N
 _58949_/A2_N
 _58949_/B1
 _58949_/B2
 _58949_/Y
 _58950_/A
 _58950_/B
 _58950_/C
 _58950_/Y
 _58951_/A1
 _58951_/A2
 _58951_/B1
 _58951_/B2
 _58951_/Y
 _58952_/A1
 _58952_/A2
 _58952_/B1
 _58952_/B2
 _58952_/C1
 _58952_/Y
 _58953_/A1
 _58953_/A2
 _58953_/B1
 _58953_/B2
 _58953_/Y
 _58954_/A1
 _58954_/A2
 _58954_/B1
 _58954_/B2
 _58954_/C1
 _58954_/Y
 _58955_/A
 _58955_/B
 _58955_/C
 _58955_/Y
 _58956_/A
 _58956_/B
 _58956_/C
 _58956_/Y
 _58957_/A
 _58957_/B
 _58957_/C
 _58957_/Y
 _58958_/A_N
 _58958_/B
 _58958_/Y
 _58960_/A
 _58960_/B
 _58960_/Y
 _58961_/A1
 _58961_/A2
 _58961_/B1
 _58961_/C1
 _58961_/Y
 _58962_/A
 _58962_/B
 _58962_/X
 _58963_/A
 _58963_/B
 _58963_/X
 _58964_/A
 _58964_/B
 _58964_/Y
 _58965_/A
 _58965_/B
 _58965_/Y
 _58966_/A
 _58966_/B
 _58966_/Y
 _58967_/A
 _58967_/B
 _58967_/Y
 _58968_/A
 _58968_/B
 _58968_/C
 _58968_/D
 _58968_/Y
 _58969_/A
 _58969_/B
 _58969_/C
 _58969_/D
 _58969_/Y
 _58970_/A
 _58970_/B
 _58970_/Y
 _58971_/A
 _58971_/B
 _58971_/Y
 _58972_/A
 _58972_/B
 _58972_/Y
 _58973_/A
 _58973_/B
 _58973_/Y
 _58974_/A
 _58974_/B
 _58974_/C
 _58974_/D
 _58974_/Y
 _58975_/A
 _58975_/B
 _58975_/Y
 _58976_/A
 _58976_/B
 _58976_/Y
 _58977_/A
 _58977_/B
 _58977_/Y
 _58978_/A
 _58978_/B
 _58978_/Y
 _58979_/A
 _58979_/B
 _58979_/C
 _58979_/D
 _58979_/Y
 _58980_/A
 _58980_/B
 _58980_/Y
 _58981_/A
 _58981_/B
 _58981_/Y
 _58982_/A
 _58982_/B
 _58982_/Y
 _58983_/A
 _58983_/B
 _58983_/Y
 _58984_/A
 _58984_/B
 _58984_/C
 _58984_/D
 _58984_/Y
 _58985_/A
 _58985_/B
 _58985_/Y
 _58986_/A
 _58986_/B
 _58986_/Y
 _58987_/A
 _58987_/B
 _58987_/Y
 _58988_/A
 _58988_/B
 _58988_/Y
 _58989_/A
 _58989_/B
 _58989_/C
 _58989_/D
 _58989_/Y
 _58990_/A
 _58990_/B
 _58990_/C
 _58990_/D
 _58990_/Y
 _58991_/A
 _58991_/B
 _58991_/X
 _58992_/A
 _58992_/B
 _58992_/X
 _58993_/A
 _58993_/B
 _58993_/X
 _58994_/A
 _58994_/B
 _58994_/X
 _58995_/A
 _58995_/B
 _58995_/X
 _58996_/A
 _58996_/B
 _58996_/X
 _58997_/A
 _58997_/B
 _58997_/X
 _58998_/A
 _58998_/B
 _58998_/C
 _58998_/D
 _58998_/Y
 _58999_/A
 _58999_/B
 _58999_/X
 _59000_/A
 _59000_/B
 _59000_/X
 _59001_/A
 _59001_/B
 _59001_/X
 _59002_/A
 _59002_/B
 _59002_/X
 _59003_/A
 _59003_/B
 _59003_/C
 _59003_/D
 _59003_/Y
 _59004_/A
 _59004_/B
 _59004_/X
 _59005_/A
 _59005_/B
 _59005_/X
 _59006_/A
 _59006_/B
 _59006_/X
 _59007_/A
 _59007_/B
 _59007_/X
 _59008_/A
 _59008_/B
 _59008_/C
 _59008_/D
 _59008_/Y
 _59009_/A
 _59009_/B
 _59009_/X
 _59010_/A
 _59010_/B
 _59010_/X
 _59011_/A
 _59011_/B
 _59011_/X
 _59012_/A
 _59012_/B
 _59012_/X
 _59013_/A
 _59013_/B
 _59013_/C
 _59013_/D
 _59013_/Y
 _59014_/A
 _59014_/B
 _59014_/C
 _59014_/D
 _59014_/Y
 _59015_/A
 _59015_/B
 _59015_/C
 _59015_/D
 _59015_/Y
 _59016_/A
 _59016_/B
 _59016_/Y
 _59017_/A
 _59017_/B
 _59017_/Y
 _59018_/A
 _59018_/B
 _59018_/Y
 _59019_/A
 _59019_/B
 _59019_/Y
 _59020_/A
 _59020_/B
 _59020_/C
 _59020_/D
 _59020_/Y
 _59021_/A
 _59021_/B
 _59021_/Y
 _59022_/A
 _59022_/B
 _59022_/Y
 _59023_/A
 _59023_/B
 _59023_/Y
 _59024_/A
 _59024_/B
 _59024_/Y
 _59025_/A
 _59025_/B
 _59025_/C
 _59025_/D
 _59025_/Y
 _59026_/A
 _59026_/Y
 _59027_/A1
 _59027_/A2
 _59027_/B1
 _59027_/B2
 _59027_/C1
 _59027_/C2
 _59027_/Y
 _59028_/A
 _59028_/Y
 _59030_/A1
 _59030_/A2
 _59030_/B1
 _59030_/B2
 _59030_/Y
 _59031_/A1
 _59031_/A2
 _59031_/B1
 _59031_/B2
 _59031_/C1
 _59031_/Y
 _59032_/A
 _59032_/B
 _59032_/Y
 _59033_/A
 _59033_/B
 _59033_/Y
 _59034_/A
 _59034_/B
 _59034_/C
 _59034_/D
 _59034_/Y
 _59036_/A1_N
 _59036_/A2_N
 _59036_/B1
 _59036_/B2
 _59036_/Y
 _59037_/A1
 _59037_/A2
 _59037_/B1
 _59037_/B2
 _59037_/Y
 _59038_/A
 _59038_/Y
 _59039_/A1
 _59039_/A2
 _59039_/B1
 _59039_/B2
 _59039_/Y
 _59040_/A
 _59040_/B
 _59040_/X
 _59041_/A
 _59041_/B
 _59041_/C
 _59041_/D
 _59041_/Y
 _59042_/A
 _59042_/Y
 _59043_/A1
 _59043_/A2
 _59043_/B1
 _59043_/B2
 _59043_/Y
 _59044_/A1
 _59044_/A2
 _59044_/B1
 _59044_/B2
 _59044_/C1
 _59044_/Y
 _59045_/A1
 _59045_/A2
 _59045_/B1
 _59045_/B2
 _59045_/Y
 _59046_/A1
 _59046_/A2
 _59046_/B1
 _59046_/B2
 _59046_/Y
 _59047_/A
 _59047_/B
 _59047_/C
 _59047_/D
 _59047_/Y
 _59048_/A
 _59048_/B
 _59048_/C
 _59048_/D
 _59048_/Y
 _59049_/A
 _59049_/B
 _59049_/C
 _59049_/D
 _59049_/Y
 _59050_/A_N
 _59050_/B
 _59050_/Y
 _59051_/A
 _59051_/Y
 _59052_/A
 _59052_/B
 _59052_/Y
 _59053_/A1
 _59053_/A2
 _59053_/B1
 _59053_/C1
 _59053_/Y
 _59054_/A
 _59054_/B
 _59054_/X
 _59055_/A
 _59055_/B
 _59055_/X
 _59056_/A
 _59056_/B
 _59056_/Y
 _59057_/A
 _59057_/B
 _59057_/Y
 _59058_/A
 _59058_/B
 _59058_/Y
 _59059_/A
 _59059_/B
 _59059_/Y
 _59060_/A
 _59060_/B
 _59060_/C
 _59060_/D
 _59060_/Y
 _59061_/A
 _59061_/B
 _59061_/C
 _59061_/D
 _59061_/Y
 _59062_/A1_N
 _59062_/A2_N
 _59062_/B1
 _59062_/B2
 _59062_/Y
 _59064_/A1_N
 _59064_/A2_N
 _59064_/B1
 _59064_/B2
 _59064_/Y
 _59066_/A1_N
 _59066_/A2_N
 _59066_/B1
 _59066_/B2
 _59066_/Y
 _59067_/A
 _59067_/B
 _59067_/X
 _59068_/A
 _59068_/B
 _59068_/C
 _59068_/D
 _59068_/Y
 _59069_/A
 _59069_/B
 _59069_/X
 _59070_/A
 _59070_/B
 _59070_/X
 _59071_/A
 _59071_/B
 _59071_/X
 _59072_/A
 _59072_/B
 _59072_/X
 _59073_/A
 _59073_/B
 _59073_/C
 _59073_/D
 _59073_/Y
 _59074_/A
 _59074_/B
 _59074_/X
 _59075_/A
 _59075_/B
 _59075_/X
 _59076_/A
 _59076_/B
 _59076_/X
 _59077_/A
 _59077_/B
 _59077_/X
 _59078_/A
 _59078_/B
 _59078_/C
 _59078_/D
 _59078_/Y
 _59079_/A
 _59079_/B
 _59079_/C
 _59079_/D
 _59079_/Y
 _59081_/A1
 _59081_/A2
 _59081_/B1
 _59081_/B2
 _59081_/Y
 _59082_/A1
 _59082_/A2
 _59082_/B1
 _59082_/B2
 _59082_/Y
 _59083_/A1
 _59083_/A2
 _59083_/B1
 _59083_/B2
 _59083_/Y
 _59084_/A1
 _59084_/A2
 _59084_/B1
 _59084_/B2
 _59084_/X
 _59085_/A
 _59085_/B
 _59085_/X
 _59086_/A
 _59086_/B
 _59086_/C
 _59086_/D
 _59086_/Y
 _59088_/A1
 _59088_/A2
 _59088_/B1
 _59088_/B2
 _59088_/Y
 _59089_/A1
 _59089_/A2
 _59089_/B1
 _59089_/B2
 _59089_/C1
 _59089_/Y
 _59090_/A1
 _59090_/A2
 _59090_/B1
 _59090_/B2
 _59090_/Y
 _59092_/A1
 _59092_/A2
 _59092_/B1
 _59092_/B2
 _59092_/Y
 _59093_/A
 _59093_/B
 _59093_/C
 _59093_/D
 _59093_/Y
 _59094_/A1
 _59094_/A2
 _59094_/B1
 _59094_/C1
 _59094_/D1
 _59094_/Y
 _59095_/A
 _59095_/B
 _59095_/Y
 _59096_/A
 _59096_/B
 _59096_/Y
 _59097_/A
 _59097_/B
 _59097_/Y
 _59098_/A
 _59098_/B
 _59098_/Y
 _59099_/A
 _59099_/B
 _59099_/C
 _59099_/D
 _59099_/Y
 _59100_/A
 _59100_/B
 _59100_/Y
 _59101_/A
 _59101_/B
 _59101_/Y
 _59102_/A
 _59102_/B
 _59102_/Y
 _59103_/A
 _59103_/B
 _59103_/Y
 _59104_/A
 _59104_/B
 _59104_/C
 _59104_/D
 _59104_/Y
 _59105_/A
 _59105_/B
 _59105_/Y
 _59106_/A
 _59106_/B
 _59106_/Y
 _59107_/A
 _59107_/B
 _59107_/Y
 _59108_/A
 _59108_/B
 _59108_/Y
 _59109_/A
 _59109_/B
 _59109_/C
 _59109_/Y
 _59110_/A
 _59110_/B
 _59110_/Y
 _59111_/A
 _59111_/B
 _59111_/Y
 _59112_/A
 _59112_/B
 _59112_/Y
 _59113_/A
 _59113_/B
 _59113_/Y
 _59114_/A
 _59114_/B
 _59114_/C
 _59114_/D
 _59114_/Y
 _59115_/A
 _59115_/B
 _59115_/Y
 _59116_/A
 _59116_/B
 _59116_/Y
 _59117_/A
 _59117_/B
 _59117_/Y
 _59118_/A
 _59118_/B
 _59118_/Y
 _59119_/A
 _59119_/B
 _59119_/C
 _59119_/D
 _59119_/Y
 _59120_/A
 _59120_/B
 _59120_/C
 _59120_/Y
 _59121_/A
 _59121_/B
 _59121_/Y
 _59122_/A
 _59122_/B
 _59122_/Y
 _59123_/A
 _59123_/B
 _59123_/Y
 _59124_/A
 _59124_/B
 _59124_/Y
 _59125_/A
 _59125_/B
 _59125_/C
 _59125_/D
 _59125_/Y
 _59126_/A
 _59126_/B
 _59126_/Y
 _59127_/A
 _59127_/B
 _59127_/Y
 _59128_/A
 _59128_/B
 _59128_/Y
 _59129_/A
 _59129_/B
 _59129_/Y
 _59130_/A
 _59130_/B
 _59130_/C
 _59130_/D
 _59130_/Y
 _59131_/A
 _59131_/B
 _59131_/Y
 _59132_/A
 _59132_/B
 _59132_/Y
 _59133_/A
 _59133_/B
 _59133_/Y
 _59134_/A
 _59134_/B
 _59134_/Y
 _59135_/A
 _59135_/B
 _59135_/C
 _59135_/D
 _59135_/Y
 _59136_/A
 _59136_/B
 _59136_/Y
 _59137_/A
 _59137_/B
 _59137_/Y
 _59138_/A
 _59138_/B
 _59138_/Y
 _59139_/A
 _59139_/B
 _59139_/Y
 _59140_/A
 _59140_/B
 _59140_/C
 _59140_/D
 _59140_/Y
 _59141_/A
 _59141_/B
 _59141_/C
 _59141_/D
 _59141_/Y
 _59142_/A
 _59142_/B
 _59142_/C
 _59142_/D
 _59142_/Y
 _59143_/A_N
 _59143_/B
 _59143_/Y
 _59144_/A
 _59144_/B
 _59144_/Y
 _59145_/A
 _59145_/B
 _59145_/Y
 _59146_/A
 _59146_/B
 _59146_/Y
 _59147_/A
 _59147_/B
 _59147_/X
 _59148_/A
 _59148_/B
 _59148_/X
 _59149_/A
 _59149_/B
 _59149_/X
 _59150_/A
 _59150_/B
 _59150_/X
 _59151_/A
 _59151_/B
 _59151_/C
 _59151_/D
 _59151_/Y
 _59152_/A
 _59152_/B
 _59152_/C
 _59152_/D
 _59152_/Y
 _59153_/A
 _59153_/B
 _59153_/Y
 _59154_/A
 _59154_/B
 _59154_/Y
 _59155_/A
 _59155_/B
 _59155_/Y
 _59156_/A
 _59156_/B
 _59156_/Y
 _59157_/A
 _59157_/B
 _59157_/C
 _59157_/D
 _59157_/Y
 _59158_/A
 _59158_/B
 _59158_/X
 _59159_/A
 _59159_/B
 _59159_/X
 _59160_/A
 _59160_/B
 _59160_/X
 _59161_/A
 _59161_/B
 _59161_/X
 _59162_/A
 _59162_/B
 _59162_/C
 _59162_/D
 _59162_/Y
 _59163_/A
 _59163_/B
 _59163_/X
 _59164_/A
 _59164_/B
 _59164_/X
 _59165_/A
 _59165_/B
 _59165_/X
 _59166_/A
 _59166_/B
 _59166_/X
 _59167_/A
 _59167_/B
 _59167_/C
 _59167_/D
 _59167_/Y
 _59168_/A
 _59168_/B
 _59168_/X
 _59169_/A
 _59169_/B
 _59169_/X
 _59170_/A
 _59170_/B
 _59170_/X
 _59171_/A
 _59171_/B
 _59171_/X
 _59172_/A
 _59172_/B
 _59172_/C
 _59172_/D
 _59172_/Y
 _59173_/A
 _59173_/B
 _59173_/X
 _59174_/A
 _59174_/B
 _59174_/X
 _59175_/A
 _59175_/B
 _59175_/X
 _59176_/A
 _59176_/B
 _59176_/X
 _59177_/A
 _59177_/B
 _59177_/C
 _59177_/D
 _59177_/Y
 _59178_/A
 _59178_/B
 _59178_/C
 _59178_/D
 _59178_/Y
 _59179_/A
 _59179_/B
 _59179_/X
 _59180_/A
 _59180_/B
 _59180_/X
 _59182_/A
 _59182_/B
 _59182_/X
 _59183_/A
 _59183_/B
 _59183_/X
 _59184_/A
 _59184_/B
 _59184_/C
 _59184_/D
 _59184_/Y
 _59185_/A
 _59185_/B
 _59185_/X
 _59186_/A
 _59186_/B
 _59186_/X
 _59187_/A
 _59187_/B
 _59187_/X
 _59188_/A
 _59188_/B
 _59188_/X
 _59189_/A
 _59189_/B
 _59189_/C
 _59189_/D
 _59189_/Y
 _59190_/A
 _59190_/B
 _59190_/X
 _59191_/A
 _59191_/B
 _59191_/X
 _59192_/A
 _59192_/B
 _59192_/X
 _59193_/A
 _59193_/B
 _59193_/X
 _59194_/A
 _59194_/B
 _59194_/C
 _59194_/D
 _59194_/Y
 _59195_/A
 _59195_/B
 _59195_/X
 _59196_/A
 _59196_/B
 _59196_/X
 _59197_/A
 _59197_/B
 _59197_/X
 _59198_/A
 _59198_/B
 _59198_/X
 _59199_/A
 _59199_/B
 _59199_/C
 _59199_/D
 _59199_/Y
 _59200_/A
 _59200_/B
 _59200_/C
 _59200_/D
 _59200_/Y
 _59201_/A
 _59201_/B
 _59201_/C
 _59201_/D
 _59201_/Y
 _59202_/A
 _59202_/B
 _59202_/Y
 _59203_/A
 _59203_/B
 _59203_/Y
 _59204_/A
 _59204_/B
 _59204_/Y
 _59205_/A
 _59205_/B
 _59205_/Y
 _59206_/A
 _59206_/B
 _59206_/C
 _59206_/D
 _59206_/Y
 _59207_/A
 _59207_/B
 _59207_/Y
 _59208_/A
 _59208_/B
 _59208_/Y
 _59209_/A
 _59209_/B
 _59209_/Y
 _59210_/A
 _59210_/B
 _59210_/Y
 _59211_/A
 _59211_/B
 _59211_/C
 _59211_/D
 _59211_/Y
 _59212_/A
 _59212_/B
 _59212_/Y
 _59213_/A1_N
 _59213_/A2_N
 _59213_/B1
 _59213_/B2
 _59213_/Y
 _59214_/A1
 _59214_/A2
 _59214_/B1
 _59214_/B2
 _59214_/Y
 _59216_/A
 _59216_/B
 _59216_/X
 _59217_/A1
 _59217_/A2
 _59217_/B1
 _59217_/Y
 _59218_/A
 _59218_/B
 _59218_/C
 _59218_/Y
 _59219_/A
 _59219_/B
 _59219_/X
 _59220_/A
 _59220_/B
 _59220_/X
 _59221_/A
 _59221_/B
 _59221_/C
 _59221_/Y
 _59223_/A
 _59223_/B
 _59223_/Y
 _59224_/A1
 _59224_/A2
 _59224_/B1
 _59224_/B2
 _59224_/C1
 _59224_/Y
 _59225_/A1
 _59225_/A2
 _59225_/B1
 _59225_/B2
 _59225_/Y
 _59227_/A1_N
 _59227_/A2_N
 _59227_/B1
 _59227_/B2
 _59227_/Y
 _59228_/A
 _59228_/B
 _59228_/X
 _59229_/A1
 _59229_/A2
 _59229_/B1
 _59229_/Y
 _59230_/A
 _59230_/B
 _59230_/Y
 _59231_/A
 _59231_/B
 _59231_/Y
 _59232_/A
 _59232_/B
 _59232_/C
 _59232_/D
 _59232_/Y
 _59233_/A
 _59233_/B
 _59233_/C
 _59233_/D
 _59233_/Y
 _59234_/A
 _59234_/B
 _59234_/C
 _59234_/D
 _59234_/Y
 _59235_/A
 _59235_/B_N
 _59235_/Y
 _59236_/A_N
 _59236_/B
 _59236_/Y
 _59237_/A
 _59237_/B
 _59237_/X
 _59238_/A
 _59238_/B
 _59238_/X
 _59239_/A
 _59239_/B
 _59239_/X
 _59240_/A
 _59240_/B
 _59240_/X
 _59241_/A
 _59241_/B
 _59241_/C
 _59241_/D
 _59241_/Y
 _59242_/A
 _59242_/B
 _59242_/X
 _59243_/A
 _59243_/B
 _59243_/X
 _59244_/A
 _59244_/B
 _59244_/X
 _59245_/A
 _59245_/B
 _59245_/X
 _59246_/A
 _59246_/B
 _59246_/C
 _59246_/D
 _59246_/Y
 _59247_/A
 _59247_/B
 _59247_/X
 _59248_/A
 _59248_/B
 _59248_/X
 _59249_/A
 _59249_/B
 _59249_/X
 _59250_/A
 _59250_/B
 _59250_/X
 _59251_/A
 _59251_/B
 _59251_/C
 _59251_/D
 _59251_/Y
 _59252_/A
 _59252_/B
 _59252_/X
 _59253_/A
 _59253_/B
 _59253_/X
 _59254_/A
 _59254_/B
 _59254_/X
 _59255_/A
 _59255_/B
 _59255_/X
 _59256_/A
 _59256_/B
 _59256_/C
 _59256_/D
 _59256_/Y
 _59257_/A
 _59257_/B
 _59257_/C
 _59257_/D
 _59257_/Y
 _59258_/A
 _59258_/B
 _59258_/X
 _59259_/A
 _59259_/B
 _59259_/X
 _59260_/A
 _59260_/B
 _59260_/X
 _59261_/A
 _59261_/B
 _59261_/X
 _59262_/A
 _59262_/B
 _59262_/C
 _59262_/D
 _59262_/Y
 _59263_/A
 _59263_/B
 _59263_/X
 _59264_/A
 _59264_/B
 _59264_/X
 _59265_/A
 _59265_/B
 _59265_/X
 _59266_/A
 _59266_/B
 _59266_/X
 _59267_/A
 _59267_/B
 _59267_/C
 _59267_/D
 _59267_/Y
 _59268_/A
 _59268_/B
 _59268_/X
 _59269_/A
 _59269_/B
 _59269_/X
 _59270_/A
 _59270_/B
 _59270_/X
 _59271_/A
 _59271_/B
 _59271_/X
 _59272_/A
 _59272_/B
 _59272_/C
 _59272_/D
 _59272_/Y
 _59273_/A
 _59273_/B
 _59273_/X
 _59274_/A
 _59274_/B
 _59274_/X
 _59275_/A
 _59275_/B
 _59275_/X
 _59276_/A
 _59276_/B
 _59276_/X
 _59277_/A
 _59277_/B
 _59277_/C
 _59277_/D
 _59277_/Y
 _59278_/A
 _59278_/B
 _59278_/C
 _59278_/D
 _59278_/Y
 _59279_/A
 _59279_/B
 _59279_/X
 _59280_/A
 _59280_/B
 _59280_/X
 _59281_/A
 _59281_/B
 _59281_/X
 _59282_/A
 _59282_/B
 _59282_/X
 _59283_/A
 _59283_/B
 _59283_/C
 _59283_/D
 _59283_/Y
 _59284_/A
 _59284_/B
 _59284_/X
 _59285_/A
 _59285_/B
 _59285_/X
 _59286_/A
 _59286_/B
 _59286_/X
 _59287_/A
 _59287_/B
 _59287_/X
 _59288_/A
 _59288_/B
 _59288_/C
 _59288_/D
 _59288_/Y
 _59290_/A
 _59290_/B
 _59290_/X
 _59291_/A
 _59291_/B
 _59291_/X
 _59292_/A
 _59292_/B
 _59292_/X
 _59293_/A
 _59293_/B
 _59293_/C
 _59293_/Y
 _59294_/A
 _59294_/B
 _59294_/C
 _59294_/Y
 _59295_/A
 _59295_/B
 _59295_/C
 _59295_/Y
 _59297_/A1
 _59297_/A2
 _59297_/B1
 _59297_/B2
 _59297_/Y
 _59300_/A1
 _59300_/A2
 _59300_/B1
 _59300_/B2
 _59300_/Y
 _59301_/A
 _59301_/Y
 _59302_/A
 _59302_/B
 _59302_/X
 _59303_/A1
 _59303_/A2
 _59303_/B1
 _59303_/B2
 _59303_/C1
 _59303_/Y
 _59304_/A
 _59304_/B
 _59304_/C
 _59304_/Y
 _59305_/A
 _59305_/B
 _59305_/X
 _59306_/A1
 _59306_/A2
 _59306_/B1
 _59306_/Y
 _59307_/A
 _59307_/B
 _59307_/Y
 _59308_/A
 _59308_/B
 _59308_/Y
 _59309_/A
 _59309_/B
 _59309_/C
 _59309_/D
 _59309_/Y
 _59310_/A
 _59310_/B
 _59310_/Y
 _59311_/A1_N
 _59311_/A2_N
 _59311_/B1
 _59311_/B2
 _59311_/Y
 _59312_/A1
 _59312_/A2
 _59312_/B1
 _59312_/B2
 _59312_/C1
 _59312_/Y
 _59314_/A1_N
 _59314_/A2_N
 _59314_/B1
 _59314_/B2
 _59314_/Y
 _59315_/A
 _59315_/Y
 _59316_/A1
 _59316_/A2
 _59316_/B1
 _59316_/B2
 _59316_/Y
 _59317_/A
 _59317_/B
 _59317_/C
 _59317_/Y
 _59318_/A1
 _59318_/A2
 _59318_/B1
 _59318_/B2
 _59318_/Y
 _59319_/A1
 _59319_/A2
 _59319_/B1
 _59319_/B2
 _59319_/Y
 _59321_/A1
 _59321_/A2
 _59321_/B1
 _59321_/B2
 _59321_/X
 _59322_/A1
 _59322_/A2
 _59322_/B1
 _59322_/B2
 _59322_/C1
 _59322_/Y
 _59323_/A
 _59323_/B
 _59323_/C_N
 _59323_/Y
 _59324_/A
 _59324_/B
 _59324_/C
 _59324_/X
 _59326_/A1
 _59326_/A2
 _59326_/B1
 _59326_/B2
 _59326_/Y
 _59327_/A1
 _59327_/A2
 _59327_/B1
 _59327_/B2
 _59327_/Y
 _59328_/A
 _59328_/Y
 _59329_/A1
 _59329_/A2
 _59329_/B1
 _59329_/B2
 _59329_/Y
 _59330_/A1
 _59330_/A2
 _59330_/B1
 _59330_/B2
 _59330_/C1
 _59330_/X
 _59331_/A
 _59331_/B
 _59331_/C
 _59331_/Y
 _59334_/A1
 _59334_/A2
 _59334_/B1
 _59334_/B2
 _59334_/C1
 _59334_/C2
 _59334_/Y
 _59335_/A
 _59335_/B
 _59335_/C
 _59335_/D
 _59335_/Y
 _59336_/A_N
 _59336_/B
 _59336_/Y
 _59337_/A
 _59337_/B
 _59337_/X
 _59338_/A
 _59338_/B
 _59338_/X
 _59339_/A
 _59339_/B
 _59339_/X
 _59340_/A
 _59340_/B
 _59340_/C
 _59340_/Y
 _59341_/A1_N
 _59341_/A2_N
 _59341_/B1
 _59341_/B2
 _59341_/Y
 _59342_/A1
 _59342_/A2
 _59342_/B1
 _59342_/B2
 _59342_/X
 _59343_/A1_N
 _59343_/A2_N
 _59343_/B1
 _59343_/B2
 _59343_/Y
 _59344_/A
 _59344_/B
 _59344_/X
 _59345_/A
 _59345_/B
 _59345_/C
 _59345_/D
 _59345_/Y
 _59346_/A1
 _59346_/A2
 _59346_/B1
 _59346_/Y
 _59347_/A
 _59347_/B
 _59347_/X
 _59348_/A
 _59348_/B
 _59348_/X
 _59350_/A
 _59350_/Y
 _59351_/A1
 _59351_/A2
 _59351_/B1
 _59351_/B2
 _59351_/Y
 _59352_/A
 _59352_/B
 _59352_/C
 _59352_/D
 _59352_/Y
 _59353_/A1
 _59353_/A2
 _59353_/B1
 _59353_/B2
 _59353_/Y
 _59354_/A1
 _59354_/A2
 _59354_/B1
 _59354_/B2
 _59354_/C1
 _59354_/Y
 _59355_/A1_N
 _59355_/A2_N
 _59355_/B1
 _59355_/B2
 _59355_/Y
 _59356_/A1
 _59356_/A2
 _59356_/B1
 _59356_/B2
 _59356_/Y
 _59357_/A
 _59357_/B
 _59357_/C
 _59357_/Y
 _59358_/A
 _59358_/B
 _59358_/X
 _59359_/A1
 _59359_/A2
 _59359_/B1
 _59359_/Y
 _59360_/A
 _59360_/B
 _59360_/C
 _59360_/D
 _59360_/Y
 _59362_/A
 _59362_/B
 _59362_/X
 _59363_/A1
 _59363_/A2
 _59363_/B1
 _59363_/B2
 _59363_/C1
 _59363_/Y
 _59364_/A
 _59364_/B
 _59364_/Y
 _59365_/A
 _59365_/B
 _59365_/Y
 _59366_/A
 _59366_/B
 _59366_/X
 _59367_/A
 _59367_/B
 _59367_/X
 _59368_/A
 _59368_/B
 _59368_/X
 _59369_/A
 _59369_/B
 _59369_/X
 _59370_/A
 _59370_/B
 _59370_/C
 _59370_/D
 _59370_/Y
 _59371_/A
 _59371_/B
 _59371_/C
 _59371_/D
 _59371_/Y
 _59372_/A
 _59372_/B
 _59372_/X
 _59373_/A
 _59373_/B
 _59373_/X
 _59374_/A
 _59374_/B
 _59374_/X
 _59375_/A
 _59375_/B
 _59375_/X
 _59376_/A
 _59376_/B
 _59376_/C
 _59376_/D
 _59376_/Y
 _59377_/A
 _59377_/B
 _59377_/X
 _59378_/A
 _59378_/B
 _59378_/X
 _59379_/A
 _59379_/B
 _59379_/X
 _59380_/A
 _59380_/B
 _59380_/X
 _59381_/A
 _59381_/B
 _59381_/C
 _59381_/D
 _59381_/Y
 _59383_/A
 _59383_/B
 _59383_/X
 _59384_/A
 _59384_/B
 _59384_/X
 _59385_/A
 _59385_/B
 _59385_/X
 _59386_/A
 _59386_/B
 _59386_/X
 _59387_/A
 _59387_/B
 _59387_/C
 _59387_/D
 _59387_/Y
 _59388_/A
 _59388_/B
 _59388_/X
 _59389_/A
 _59389_/B
 _59389_/X
 _59390_/A
 _59390_/B
 _59390_/X
 _59391_/A
 _59391_/B
 _59391_/X
 _59392_/A
 _59392_/B
 _59392_/C
 _59392_/D
 _59392_/Y
 _59393_/A
 _59393_/B
 _59393_/C
 _59393_/D
 _59393_/Y
 _59394_/A
 _59394_/B
 _59394_/C
 _59394_/Y
 _59395_/A
 _59395_/B
 _59395_/Y
 _59396_/A
 _59396_/B
 _59396_/Y
 _59397_/A
 _59397_/B
 _59397_/Y
 _59398_/A
 _59398_/B
 _59398_/Y
 _59399_/A
 _59399_/B
 _59399_/C
 _59399_/D
 _59399_/Y
 _59400_/A
 _59400_/B
 _59400_/Y
 _59401_/A
 _59401_/B
 _59401_/Y
 _59402_/A
 _59402_/B
 _59402_/Y
 _59403_/A
 _59403_/B
 _59403_/Y
 _59404_/A
 _59404_/B
 _59404_/C
 _59404_/D
 _59404_/Y
 _59405_/A
 _59405_/B
 _59405_/Y
 _59406_/A
 _59406_/B
 _59406_/Y
 _59407_/A
 _59407_/B
 _59407_/Y
 _59408_/A
 _59408_/B
 _59408_/Y
 _59409_/A
 _59409_/B
 _59409_/C
 _59409_/D
 _59409_/Y
 _59410_/A
 _59410_/B
 _59410_/Y
 _59411_/A
 _59411_/B
 _59411_/Y
 _59412_/A
 _59412_/B
 _59412_/Y
 _59413_/A
 _59413_/B
 _59413_/Y
 _59414_/A
 _59414_/B
 _59414_/C
 _59414_/D
 _59414_/Y
 _59415_/A
 _59415_/B
 _59415_/C
 _59415_/D
 _59415_/Y
 _59416_/A
 _59416_/B
 _59416_/Y
 _59417_/A
 _59417_/B
 _59417_/Y
 _59418_/A
 _59418_/B
 _59418_/Y
 _59419_/A
 _59419_/B
 _59419_/Y
 _59420_/A
 _59420_/B
 _59420_/C
 _59420_/D
 _59420_/Y
 _59421_/A
 _59421_/B
 _59421_/Y
 _59422_/A
 _59422_/B
 _59422_/Y
 _59423_/A
 _59423_/B
 _59423_/Y
 _59424_/A
 _59424_/B
 _59424_/Y
 _59425_/A
 _59425_/B
 _59425_/C
 _59425_/D
 _59425_/Y
 _59426_/A
 _59426_/B
 _59426_/Y
 _59427_/A
 _59427_/B
 _59427_/C
 _59427_/D
 _59427_/Y
 _59428_/A_N
 _59428_/B
 _59428_/Y
 _59430_/A
 _59430_/B
 _59430_/Y
 _59432_/A
 _59432_/B
 _59432_/Y
 _59433_/A
 _59433_/B
 _59433_/Y
 _59434_/A
 _59434_/B
 _59434_/Y
 _59435_/A
 _59435_/B
 _59435_/C
 _59435_/D
 _59435_/Y
 _59436_/A
 _59436_/B
 _59436_/Y
 _59437_/A
 _59437_/B
 _59437_/Y
 _59438_/A
 _59438_/B
 _59438_/Y
 _59439_/A
 _59439_/B
 _59439_/Y
 _59440_/A
 _59440_/B
 _59440_/C
 _59440_/D
 _59440_/Y
 _59441_/A
 _59441_/B
 _59441_/Y
 _59442_/A
 _59442_/B
 _59442_/Y
 _59443_/A
 _59443_/B
 _59443_/Y
 _59444_/A
 _59444_/B
 _59444_/Y
 _59445_/A
 _59445_/B
 _59445_/C
 _59445_/D
 _59445_/Y
 _59446_/A
 _59446_/B
 _59446_/Y
 _59447_/A
 _59447_/B
 _59447_/Y
 _59448_/A
 _59448_/B
 _59448_/Y
 _59449_/A
 _59449_/B
 _59449_/Y
 _59450_/A
 _59450_/B
 _59450_/C
 _59450_/D
 _59450_/Y
 _59451_/A
 _59451_/B
 _59451_/C
 _59451_/D
 _59451_/Y
 _59452_/A
 _59452_/B
 _59452_/X
 _59453_/A
 _59453_/B
 _59453_/X
 _59454_/A
 _59454_/B
 _59454_/X
 _59455_/A
 _59455_/B
 _59455_/C
 _59455_/Y
 _59456_/A
 _59456_/B
 _59456_/X
 _59457_/A
 _59457_/B
 _59457_/X
 _59458_/A
 _59458_/B
 _59458_/X
 _59459_/A
 _59459_/B
 _59459_/X
 _59460_/A
 _59460_/B
 _59460_/C
 _59460_/D
 _59460_/Y
 _59461_/A
 _59461_/B
 _59461_/X
 _59462_/A
 _59462_/B
 _59462_/X
 _59463_/A
 _59463_/B
 _59463_/X
 _59464_/A
 _59464_/B
 _59464_/X
 _59465_/A
 _59465_/B
 _59465_/C
 _59465_/D
 _59465_/Y
 _59466_/A
 _59466_/B
 _59466_/C
 _59466_/D
 _59466_/Y
 _59467_/A
 _59467_/Y
 _59468_/A
 _59468_/B
 _59468_/X
 _59469_/A1
 _59469_/A2
 _59469_/B1
 _59469_/B2
 _59469_/C1
 _59469_/Y
 _59470_/A
 _59470_/B
 _59470_/Y
 _59471_/A
 _59471_/B
 _59471_/Y
 _59472_/A
 _59472_/B
 _59472_/X
 _59473_/A
 _59473_/B
 _59473_/X
 _59474_/A
 _59474_/B
 _59474_/X
 _59475_/A
 _59475_/B
 _59475_/X
 _59476_/A
 _59476_/B
 _59476_/C
 _59476_/D
 _59476_/Y
 _59477_/A
 _59477_/B
 _59477_/C
 _59477_/D
 _59477_/Y
 _59479_/A
 _59479_/Y
 _59480_/A1
 _59480_/A2
 _59480_/B1
 _59480_/B2
 _59480_/C1
 _59480_/C2
 _59480_/Y
 _59481_/A
 _59481_/Y
 _59484_/A1
 _59484_/A2
 _59484_/B1
 _59484_/B2
 _59484_/Y
 _59485_/A1
 _59485_/A2
 _59485_/B1
 _59485_/B2
 _59485_/C1
 _59485_/Y
 _59486_/A1
 _59486_/A2
 _59486_/B1
 _59486_/B2
 _59486_/Y
 _59487_/A1
 _59487_/A2
 _59487_/B1
 _59487_/B2
 _59487_/C1
 _59487_/Y
 _59488_/A
 _59488_/B
 _59488_/C
 _59488_/Y
 _59489_/A1
 _59489_/A2
 _59489_/B1
 _59489_/B2
 _59489_/Y
 _59490_/A1
 _59490_/A2
 _59490_/B1
 _59490_/B2
 _59490_/C1
 _59490_/Y
 _59492_/A
 _59492_/Y
 _59493_/A1
 _59493_/A2
 _59493_/B1
 _59493_/B2
 _59493_/Y
 _59494_/A1
 _59494_/A2
 _59494_/B1
 _59494_/B2
 _59494_/C1
 _59494_/X
 _59495_/A1
 _59495_/A2
 _59495_/B1
 _59495_/B2
 _59495_/Y
 _59496_/A1
 _59496_/A2
 _59496_/B1
 _59496_/B2
 _59496_/C1
 _59496_/Y
 _59498_/A
 _59498_/B
 _59498_/Y
 _59499_/A
 _59499_/B
 _59499_/Y
 _59500_/A
 _59500_/B
 _59500_/C
 _59500_/Y
 _59501_/A
 _59501_/B
 _59501_/C
 _59501_/Y
 _59502_/A
 _59502_/B
 _59502_/X
 _59503_/A1
 _59503_/A2
 _59503_/B1
 _59503_/Y
 _59504_/A1
 _59504_/A2
 _59504_/B1
 _59504_/B2
 _59504_/Y
 _59505_/A1
 _59505_/A2
 _59505_/B1
 _59505_/B2
 _59505_/C1
 _59505_/X
 _59506_/A
 _59506_/B
 _59506_/C
 _59506_/Y
 _59507_/A
 _59507_/B
 _59507_/X
 _59508_/A
 _59508_/B
 _59508_/X
 _59509_/A
 _59509_/B
 _59509_/X
 _59510_/A
 _59510_/B
 _59510_/X
 _59511_/A
 _59511_/B
 _59511_/C
 _59511_/D
 _59511_/Y
 _59514_/A1_N
 _59514_/A2_N
 _59514_/B1
 _59514_/B2
 _59514_/Y
 _59515_/A1
 _59515_/A2
 _59515_/B1
 _59515_/B2
 _59515_/C1
 _59515_/Y
 _59517_/A
 _59517_/Y
 _59518_/A1_N
 _59518_/A2_N
 _59518_/B1
 _59518_/B2
 _59518_/Y
 _59519_/A1
 _59519_/A2
 _59519_/B1
 _59519_/B2
 _59519_/C1
 _59519_/Y
 _59520_/A
 _59520_/B
 _59520_/Y
 _59521_/A1
 _59521_/A2
 _59521_/B1
 _59521_/B2
 _59521_/X
 _59522_/A1
 _59522_/A2
 _59522_/B1
 _59522_/B2
 _59522_/Y
 _59523_/A1
 _59523_/A2
 _59523_/B1
 _59523_/B2
 _59523_/Y
 _59524_/A1
 _59524_/A2
 _59524_/B1
 _59524_/B2
 _59524_/Y
 _59525_/A
 _59525_/B
 _59525_/X
 _59526_/A
 _59526_/B
 _59526_/C
 _59526_/D
 _59526_/Y
 _59527_/A
 _59527_/B
 _59527_/C
 _59527_/D
 _59527_/Y
 _59528_/A
 _59528_/B
 _59528_/C
 _59528_/D
 _59528_/Y
 _59530_/A
 _59530_/B
 _59530_/X
 _59531_/A1
 _59531_/A2
 _59531_/B1
 _59531_/B2
 _59531_/C1
 _59531_/Y
 _59532_/A
 _59532_/Y
 _59533_/A1
 _59533_/A2
 _59533_/B1
 _59533_/B2
 _59533_/Y
 _59534_/A1
 _59534_/A2
 _59534_/B1
 _59534_/B2
 _59534_/C1
 _59534_/Y
 _59535_/A
 _59535_/Y
 _59536_/A1
 _59536_/A2
 _59536_/B1
 _59536_/B2
 _59536_/Y
 _59537_/A
 _59537_/B
 _59537_/X
 _59538_/A
 _59538_/B
 _59538_/X
 _59539_/A
 _59539_/B
 _59539_/X
 _59540_/A
 _59540_/B
 _59540_/C
 _59540_/D
 _59540_/Y
 _59541_/A
 _59541_/B
 _59541_/C
 _59541_/Y
 _59542_/A
 _59542_/B
 _59542_/Y
 _59543_/A
 _59543_/B
 _59543_/Y
 _59544_/A
 _59544_/B
 _59544_/Y
 _59545_/A
 _59545_/B
 _59545_/Y
 _59546_/A
 _59546_/B
 _59546_/C
 _59546_/D
 _59546_/Y
 _59547_/A
 _59547_/B
 _59547_/Y
 _59548_/A
 _59548_/B
 _59548_/Y
 _59549_/A
 _59549_/B
 _59549_/Y
 _59550_/A
 _59550_/B
 _59550_/Y
 _59551_/A
 _59551_/B
 _59551_/C
 _59551_/D
 _59551_/Y
 _59552_/A
 _59552_/Y
 _59553_/A
 _59553_/B
 _59553_/Y
 _59554_/A1
 _59554_/A2
 _59554_/B1
 _59554_/B2
 _59554_/C1
 _59554_/Y
 _59555_/A
 _59555_/Y
 _59556_/A1_N
 _59556_/A2_N
 _59556_/B1
 _59556_/B2
 _59556_/Y
 _59557_/A1
 _59557_/A2
 _59557_/B1
 _59557_/B2
 _59557_/C1
 _59557_/X
 _59558_/A
 _59558_/B
 _59558_/C
 _59558_/D
 _59558_/X
 _59559_/A1_N
 _59559_/A2_N
 _59559_/B1
 _59559_/B2
 _59559_/Y
 _59560_/A1_N
 _59560_/A2_N
 _59560_/B1
 _59560_/B2
 _59560_/Y
 _59561_/A
 _59561_/B
 _59561_/X
 _59562_/A
 _59562_/B
 _59562_/X
 _59563_/A
 _59563_/B
 _59563_/C
 _59563_/D
 _59563_/Y
 _59564_/A1
 _59564_/A2
 _59564_/B1
 _59564_/B2
 _59564_/Y
 _59565_/A1
 _59565_/A2
 _59565_/B1
 _59565_/B2
 _59565_/C1
 _59565_/Y
 _59566_/A1
 _59566_/A2
 _59566_/B1
 _59566_/B2
 _59566_/Y
 _59567_/A1
 _59567_/A2
 _59567_/B1
 _59567_/B2
 _59567_/C1
 _59567_/Y
 _59568_/A1
 _59568_/A2
 _59568_/B1
 _59568_/B2
 _59568_/C1
 _59568_/C2
 _59568_/Y
 _59569_/A
 _59569_/B
 _59569_/C
 _59569_/D
 _59569_/Y
 _59570_/A
 _59570_/B
 _59570_/Y
 _59571_/A
 _59571_/B
 _59571_/Y
 _59572_/A
 _59572_/B
 _59572_/Y
 _59573_/A
 _59573_/B
 _59573_/Y
 _59574_/A
 _59574_/B
 _59574_/C
 _59574_/D
 _59574_/Y
 _59575_/A
 _59575_/B
 _59575_/Y
 _59576_/A
 _59576_/B
 _59576_/Y
 _59577_/A
 _59577_/B
 _59577_/Y
 _59578_/A
 _59578_/B
 _59578_/Y
 _59579_/A
 _59579_/B
 _59579_/C
 _59579_/D
 _59579_/Y
 _59580_/A
 _59580_/B
 _59580_/Y
 _59581_/A
 _59581_/B
 _59581_/X
 _59582_/A
 _59582_/B
 _59582_/X
 _59583_/A
 _59583_/B
 _59583_/X
 _59584_/A
 _59584_/B
 _59584_/Y
 _59585_/A
 _59585_/B
 _59585_/Y
 _59586_/A
 _59586_/B
 _59586_/Y
 _59587_/A
 _59587_/B
 _59587_/Y
 _59588_/A
 _59588_/B
 _59588_/C
 _59588_/D
 _59588_/Y
 _59589_/A
 _59589_/B
 _59589_/C
 _59589_/D
 _59589_/Y
 _59590_/A
 _59590_/B
 _59590_/X
 _59591_/A1
 _59591_/A2
 _59591_/B1
 _59591_/Y
 _59592_/A
 _59592_/B
 _59592_/X
 _59593_/A
 _59593_/B
 _59593_/X
 _59594_/A
 _59594_/B
 _59594_/C
 _59594_/D
 _59594_/Y
 _59595_/A
 _59595_/B
 _59595_/Y
 _59596_/A
 _59596_/B
 _59596_/Y
 _59597_/A
 _59597_/B
 _59597_/Y
 _59598_/A
 _59598_/B
 _59598_/Y
 _59599_/A
 _59599_/B
 _59599_/C
 _59599_/D
 _59599_/Y
 _59600_/A
 _59600_/B
 _59600_/Y
 _59601_/A
 _59601_/B
 _59601_/Y
 _59602_/A
 _59602_/B
 _59602_/Y
 _59603_/A
 _59603_/B
 _59603_/Y
 _59604_/A
 _59604_/B
 _59604_/C
 _59604_/D
 _59604_/Y
 _59605_/A
 _59605_/B
 _59605_/Y
 _59606_/A
 _59606_/B
 _59606_/Y
 _59607_/A
 _59607_/B
 _59607_/Y
 _59608_/A
 _59608_/B
 _59608_/Y
 _59609_/A
 _59609_/B
 _59609_/C
 _59609_/D
 _59609_/Y
 _59610_/A
 _59610_/B
 _59610_/Y
 _59611_/A
 _59611_/B
 _59611_/Y
 _59612_/A
 _59612_/B
 _59612_/Y
 _59613_/A
 _59613_/B
 _59613_/Y
 _59614_/A
 _59614_/B
 _59614_/C
 _59614_/D
 _59614_/Y
 _59615_/A
 _59615_/B
 _59615_/C
 _59615_/D
 _59615_/Y
 _59616_/A
 _59616_/B
 _59616_/C
 _59616_/D
 _59616_/Y
 _59617_/A
 _59617_/B
 _59617_/C
 _59617_/D
 _59617_/Y
 _59619_/A
 _59619_/B
 _59619_/X
 _59620_/A1
 _59620_/A2
 _59620_/B1
 _59620_/B2
 _59620_/C1
 _59620_/Y
 _59621_/A
 _59621_/Y
 _59622_/A1
 _59622_/A2
 _59622_/B1
 _59622_/B2
 _59622_/Y
 _59623_/A1
 _59623_/A2
 _59623_/B1
 _59623_/B2
 _59623_/C1
 _59623_/Y
 _59624_/A
 _59624_/B
 _59624_/Y
 _59625_/A1_N
 _59625_/A2_N
 _59625_/B1
 _59625_/B2
 _59625_/Y
 _59626_/A1
 _59626_/A2
 _59626_/B1
 _59626_/B2
 _59626_/Y
 _59627_/A1
 _59627_/A2
 _59627_/B1
 _59627_/B2
 _59627_/Y
 _59628_/A1
 _59628_/A2
 _59628_/B1
 _59628_/B2
 _59628_/C1
 _59628_/Y
 _59629_/A
 _59629_/B
 _59629_/C
 _59629_/D_N
 _59629_/Y
 _59631_/A1
 _59631_/A2
 _59631_/B1
 _59631_/B2
 _59631_/C1
 _59631_/C2
 _59631_/Y
 _59632_/A
 _59632_/B
 _59632_/X
 _59634_/A1
 _59634_/A2
 _59634_/B1
 _59634_/B2
 _59634_/Y
 _59635_/A
 _59635_/Y
 _59636_/A1
 _59636_/A2
 _59636_/B1
 _59636_/B2
 _59636_/Y
 _59637_/A1
 _59637_/A2
 _59637_/B1
 _59637_/B2
 _59637_/Y
 _59638_/A
 _59638_/B
 _59638_/C
 _59638_/D_N
 _59638_/Y
 _59639_/A
 _59639_/B
 _59639_/Y
 _59640_/A
 _59640_/B
 _59640_/Y
 _59641_/A
 _59641_/B
 _59641_/Y
 _59642_/A
 _59642_/B
 _59642_/X
 _59643_/A
 _59643_/B
 _59643_/X
 _59644_/A
 _59644_/B
 _59644_/X
 _59645_/A
 _59645_/B
 _59645_/X
 _59646_/A
 _59646_/B
 _59646_/C
 _59646_/D
 _59646_/Y
 _59647_/A
 _59647_/B
 _59647_/C
 _59647_/D
 _59647_/Y
 _59648_/A
 _59648_/Y
 _59649_/A1
 _59649_/A2
 _59649_/B1
 _59649_/Y
 _59650_/A
 _59650_/B
 _59650_/Y
 _59651_/A
 _59651_/B
 _59651_/Y
 _59652_/A1
 _59652_/A2
 _59652_/B1
 _59652_/B2
 _59652_/Y
 _59653_/A
 _59653_/B
 _59653_/C
 _59653_/Y
 _59654_/A
 _59654_/B
 _59654_/X
 _59655_/A
 _59655_/B
 _59655_/X
 _59656_/A
 _59656_/B
 _59656_/X
 _59657_/A
 _59657_/B
 _59657_/X
 _59658_/A
 _59658_/B
 _59658_/C
 _59658_/D
 _59658_/Y
 _59659_/A
 _59659_/B
 _59659_/X
 _59660_/A
 _59660_/B
 _59660_/X
 _59661_/A
 _59661_/B
 _59661_/X
 _59662_/A
 _59662_/B
 _59662_/X
 _59663_/A
 _59663_/B
 _59663_/C
 _59663_/D
 _59663_/Y
 _59664_/A
 _59664_/B
 _59664_/X
 _59665_/A
 _59665_/B
 _59665_/X
 _59666_/A
 _59666_/B
 _59666_/X
 _59667_/A
 _59667_/B
 _59667_/X
 _59668_/A
 _59668_/B
 _59668_/C
 _59668_/D
 _59668_/Y
 _59669_/A
 _59669_/B
 _59669_/X
 _59670_/A
 _59670_/B
 _59670_/X
 _59671_/A
 _59671_/B
 _59671_/X
 _59672_/A
 _59672_/B
 _59672_/X
 _59673_/A
 _59673_/B
 _59673_/C
 _59673_/D
 _59673_/Y
 _59674_/A
 _59674_/B
 _59674_/C
 _59674_/D
 _59674_/Y
 _59675_/A
 _59675_/B
 _59675_/C
 _59675_/D
 _59675_/Y
 _59676_/A
 _59676_/B
 _59676_/C
 _59676_/D
 _59676_/Y
 _59677_/A
 _59677_/B
 _59677_/X
 _59678_/A
 _59678_/B
 _59678_/X
 _59679_/A
 _59679_/B
 _59679_/X
 _59680_/A
 _59680_/B
 _59680_/X
 _59681_/A
 _59681_/B
 _59681_/C
 _59681_/D
 _59681_/Y
 _59682_/A
 _59682_/B
 _59682_/X
 _59683_/A
 _59683_/B
 _59683_/X
 _59684_/A
 _59684_/B
 _59684_/X
 _59685_/A
 _59685_/B
 _59685_/X
 _59686_/A
 _59686_/B
 _59686_/C
 _59686_/D
 _59686_/Y
 _59687_/A
 _59687_/B
 _59687_/X
 _59688_/A
 _59688_/B
 _59688_/X
 _59689_/A
 _59689_/B
 _59689_/X
 _59690_/A
 _59690_/B
 _59690_/X
 _59691_/A
 _59691_/B
 _59691_/C
 _59691_/D
 _59691_/Y
 _59692_/A
 _59692_/B
 _59692_/X
 _59693_/A
 _59693_/B
 _59693_/X
 _59694_/A
 _59694_/B
 _59694_/X
 _59695_/A
 _59695_/B
 _59695_/X
 _59696_/A
 _59696_/B
 _59696_/C
 _59696_/D
 _59696_/Y
 _59697_/A
 _59697_/B
 _59697_/C
 _59697_/D
 _59697_/Y
 _59698_/A1_N
 _59698_/A2_N
 _59698_/B1
 _59698_/B2
 _59698_/Y
 _59699_/A1
 _59699_/A2
 _59699_/B1
 _59699_/B2
 _59699_/Y
 _59700_/A1
 _59700_/A2
 _59700_/B1
 _59700_/B2
 _59700_/X
 _59701_/A
 _59701_/B
 _59701_/X
 _59702_/A
 _59702_/B
 _59702_/C
 _59702_/D
 _59702_/Y
 _59703_/A1
 _59703_/A2
 _59703_/B1
 _59703_/B2
 _59703_/Y
 _59704_/A1
 _59704_/A2
 _59704_/B1
 _59704_/B2
 _59704_/Y
 _59705_/A
 _59705_/B
 _59705_/Y
 _59707_/A1
 _59707_/A2
 _59707_/B1
 _59707_/B2
 _59707_/Y
 _59708_/A1_N
 _59708_/A2_N
 _59708_/B1
 _59708_/B2
 _59708_/Y
 _59709_/A
 _59709_/B
 _59709_/C
 _59709_/D
 _59709_/Y
 _59710_/A
 _59710_/B
 _59710_/C
 _59710_/Y
 _59711_/A
 _59711_/B
 _59711_/X
 _59712_/A
 _59712_/B
 _59712_/C
 _59712_/Y
 _59713_/A
 _59713_/B
 _59713_/Y
 _59714_/A
 _59714_/B
 _59714_/Y
 _59715_/A
 _59715_/B
 _59715_/Y
 _59716_/A
 _59716_/B
 _59716_/X
 _59717_/A
 _59717_/B
 _59717_/X
 _59718_/A
 _59718_/B
 _59718_/X
 _59719_/A
 _59719_/B
 _59719_/X
 _59720_/A
 _59720_/B
 _59720_/C
 _59720_/D
 _59720_/Y
 _59721_/A
 _59721_/B
 _59721_/C
 _59721_/D
 _59721_/Y
 _59722_/A
 _59722_/B
 _59722_/Y
 _59723_/A
 _59723_/B
 _59723_/Y
 _59724_/A
 _59724_/B
 _59724_/Y
 _59725_/A
 _59725_/B
 _59725_/Y
 _59726_/A
 _59726_/B
 _59726_/C
 _59726_/D
 _59726_/Y
 _59727_/A
 _59727_/B
 _59727_/X
 _59728_/A
 _59728_/B
 _59728_/X
 _59729_/A
 _59729_/B
 _59729_/X
 _59730_/A
 _59730_/B
 _59730_/X
 _59731_/A
 _59731_/B
 _59731_/C
 _59731_/D
 _59731_/Y
 _59732_/A
 _59732_/B
 _59732_/X
 _59733_/A
 _59733_/B
 _59733_/X
 _59734_/A
 _59734_/B
 _59734_/X
 _59735_/A
 _59735_/B
 _59735_/X
 _59736_/A
 _59736_/B
 _59736_/C
 _59736_/D
 _59736_/Y
 _59737_/A
 _59737_/B
 _59737_/X
 _59738_/A
 _59738_/B
 _59738_/X
 _59739_/A
 _59739_/B
 _59739_/X
 _59740_/A
 _59740_/B
 _59740_/X
 _59741_/A
 _59741_/B
 _59741_/C
 _59741_/D
 _59741_/Y
 _59742_/A
 _59742_/B
 _59742_/X
 _59743_/A
 _59743_/B
 _59743_/X
 _59744_/A
 _59744_/B
 _59744_/X
 _59745_/A
 _59745_/B
 _59745_/X
 _59746_/A
 _59746_/B
 _59746_/C
 _59746_/D
 _59746_/Y
 _59747_/A
 _59747_/B
 _59747_/C
 _59747_/D
 _59747_/Y
 _59748_/A
 _59748_/B
 _59748_/X
 _59749_/A
 _59749_/B
 _59749_/X
 _59750_/A
 _59750_/B
 _59750_/X
 _59751_/A
 _59751_/B
 _59751_/X
 _59752_/A
 _59752_/B
 _59752_/C
 _59752_/D
 _59752_/Y
 _59753_/A
 _59753_/B
 _59753_/X
 _59754_/A
 _59754_/B
 _59754_/X
 _59755_/A
 _59755_/B
 _59755_/X
 _59756_/A
 _59756_/B
 _59756_/X
 _59757_/A
 _59757_/B
 _59757_/C
 _59757_/D
 _59757_/Y
 _59758_/A
 _59758_/B
 _59758_/X
 _59759_/A
 _59759_/B
 _59759_/X
 _59760_/A
 _59760_/B
 _59760_/X
 _59761_/A
 _59761_/B
 _59761_/X
 _59762_/A
 _59762_/B
 _59762_/C
 _59762_/D
 _59762_/Y
 _59763_/A
 _59763_/B
 _59763_/X
 _59764_/A
 _59764_/B
 _59764_/X
 _59765_/A
 _59765_/B
 _59765_/X
 _59766_/A
 _59766_/B
 _59766_/X
 _59767_/A
 _59767_/B
 _59767_/C
 _59767_/D
 _59767_/Y
 _59768_/A
 _59768_/B
 _59768_/C
 _59768_/D
 _59768_/Y
 _59769_/A
 _59769_/B
 _59769_/C
 _59769_/D
 _59769_/Y
 _59770_/A
 _59770_/B
 _59770_/X
 _59771_/A
 _59771_/B
 _59771_/X
 _59772_/A
 _59772_/B
 _59772_/X
 _59773_/A
 _59773_/B
 _59773_/X
 _59774_/A
 _59774_/B
 _59774_/C
 _59774_/D
 _59774_/Y
 _59775_/A
 _59775_/B
 _59775_/X
 _59776_/A
 _59776_/B
 _59776_/X
 _59777_/A
 _59777_/B
 _59777_/X
 _59778_/A
 _59778_/B
 _59778_/X
 _59779_/A
 _59779_/B
 _59779_/C
 _59779_/D
 _59779_/Y
 _59780_/A
 _59780_/Y
 _59782_/A1
 _59782_/A2
 _59782_/B1
 _59782_/B2
 _59782_/C1
 _59782_/C2
 _59782_/Y
 _59783_/A
 _59783_/B
 _59783_/Y
 _59784_/A
 _59784_/B
 _59784_/Y
 _59785_/A1
 _59785_/A2
 _59785_/B1
 _59785_/C1
 _59785_/D1
 _59785_/Y
 _59786_/A
 _59786_/B
 _59786_/X
 _59787_/A
 _59787_/B
 _59787_/X
 _59788_/A1_N
 _59788_/A2_N
 _59788_/B1
 _59788_/B2
 _59788_/Y
 _59789_/A1_N
 _59789_/A2_N
 _59789_/B1
 _59789_/B2
 _59789_/Y
 _59790_/A
 _59790_/B
 _59790_/Y
 _59791_/A
 _59791_/B
 _59791_/X
 _59792_/A1
 _59792_/A2
 _59792_/B1
 _59792_/B2
 _59792_/C1
 _59792_/Y
 _59793_/A1
 _59793_/A2
 _59793_/B1
 _59793_/Y
 _59794_/A
 _59794_/B
 _59794_/X
 _59795_/A
 _59795_/B
 _59795_/X
 _59796_/A1
 _59796_/A2
 _59796_/B1
 _59796_/B2
 _59796_/Y
 _59797_/A
 _59797_/B
 _59797_/C
 _59797_/D
 _59797_/Y
 _59798_/A
 _59798_/B
 _59798_/C
 _59798_/Y
 _59799_/A
 _59799_/B
 _59799_/C
 _59799_/D
 _59799_/Y
 _59800_/A
 _59800_/B
 _59800_/C
 _59800_/D
 _59800_/X
 _59801_/A
 _59801_/Y
 _59802_/A1
 _59802_/A2
 _59802_/B1
 _59802_/B2
 _59802_/C1
 _59802_/C2
 _59802_/Y
 _59803_/A
 _59803_/Y
 _59804_/A1
 _59804_/A2
 _59804_/B1
 _59804_/B2
 _59804_/Y
 _59805_/A
 _59805_/B
 _59805_/X
 _59806_/A
 _59806_/B
 _59806_/X
 _59807_/A1
 _59807_/A2
 _59807_/B1
 _59807_/Y
 _59808_/A
 _59808_/B
 _59808_/Y
 _59809_/A
 _59809_/B
 _59809_/Y
 _59810_/A
 _59810_/B
 _59810_/Y
 _59811_/A
 _59811_/B
 _59811_/Y
 _59812_/A
 _59812_/B
 _59812_/Y
 _59813_/A
 _59813_/B
 _59813_/C
 _59813_/D
 _59813_/Y
 _59814_/A
 _59814_/B
 _59814_/C
 _59814_/D
 _59814_/Y
 _59815_/A
 _59815_/Y
 _59816_/A
 _59816_/Y
 _59817_/A1
 _59817_/A2
 _59817_/B1
 _59817_/B2
 _59817_/Y
 _59818_/A1
 _59818_/A2
 _59818_/B1
 _59818_/B2
 _59818_/C1
 _59818_/Y
 _59819_/A1
 _59819_/A2
 _59819_/B1
 _59819_/B2
 _59819_/Y
 _59821_/A1_N
 _59821_/A2_N
 _59821_/B1
 _59821_/B2
 _59821_/Y
 _59822_/A
 _59822_/B
 _59822_/C
 _59822_/Y
 _59823_/A
 _59823_/B
 _59823_/Y
 _59824_/A
 _59824_/B
 _59824_/Y
 _59825_/A
 _59825_/B
 _59825_/Y
 _59826_/A
 _59826_/B
 _59826_/Y
 _59827_/A
 _59827_/B
 _59827_/C
 _59827_/D
 _59827_/Y
 _59828_/A
 _59828_/B
 _59828_/Y
 _59829_/A
 _59829_/B
 _59829_/Y
 _59830_/A
 _59830_/B
 _59830_/Y
 _59831_/A
 _59831_/B
 _59831_/Y
 _59832_/A
 _59832_/B
 _59832_/C
 _59832_/D
 _59832_/Y
 _59833_/A
 _59833_/B
 _59833_/Y
 _59834_/A
 _59834_/B
 _59834_/C
 _59834_/D
 _59834_/Y
 _59835_/A1_N
 _59835_/A2_N
 _59835_/B1
 _59835_/B2
 _59835_/Y
 _59836_/A
 _59836_/B_N
 _59836_/Y
 _59837_/A1
 _59837_/A2
 _59837_/B1
 _59837_/B2
 _59837_/Y
 _59838_/A1
 _59838_/A2
 _59838_/B1
 _59838_/B2
 _59838_/C1
 _59838_/Y
 _59839_/A1
 _59839_/A2
 _59839_/B1
 _59839_/C1
 _59839_/D1
 _59839_/Y
 _59840_/A1
 _59840_/A2
 _59840_/B1
 _59840_/B2
 _59840_/Y
 _59841_/A1
 _59841_/A2
 _59841_/B1
 _59841_/B2
 _59841_/Y
 _59842_/A1
 _59842_/A2
 _59842_/B1
 _59842_/B2
 _59842_/X
 _59843_/A
 _59843_/B
 _59843_/X
 _59844_/A
 _59844_/B
 _59844_/C
 _59844_/D
 _59844_/Y
 _59845_/A
 _59845_/B
 _59845_/Y
 _59846_/A
 _59846_/B
 _59846_/Y
 _59847_/A
 _59847_/B
 _59847_/Y
 _59848_/A
 _59848_/B
 _59848_/Y
 _59849_/A
 _59849_/B
 _59849_/C
 _59849_/D
 _59849_/Y
 _59850_/A
 _59850_/B
 _59850_/Y
 _59851_/A
 _59851_/B
 _59851_/Y
 _59852_/A
 _59852_/B
 _59852_/Y
 _59853_/A
 _59853_/B
 _59853_/Y
 _59854_/A
 _59854_/B
 _59854_/C
 _59854_/D
 _59854_/Y
 _59855_/A
 _59855_/B
 _59855_/Y
 _59856_/A
 _59856_/B
 _59856_/Y
 _59857_/A
 _59857_/B
 _59857_/Y
 _59858_/A
 _59858_/B
 _59858_/Y
 _59859_/A
 _59859_/B
 _59859_/C
 _59859_/D
 _59859_/Y
 _59860_/A
 _59860_/B
 _59860_/Y
 _59861_/A
 _59861_/B
 _59861_/Y
 _59862_/A
 _59862_/B
 _59862_/Y
 _59863_/A
 _59863_/B
 _59863_/Y
 _59864_/A
 _59864_/B
 _59864_/C
 _59864_/D
 _59864_/Y
 _59865_/A
 _59865_/B
 _59865_/C
 _59865_/D
 _59865_/Y
 _59866_/A1
 _59866_/A2
 _59866_/B1
 _59866_/B2
 _59866_/Y
 _59867_/A1
 _59867_/A2
 _59867_/B1
 _59867_/B2
 _59867_/Y
 _59868_/A1_N
 _59868_/A2_N
 _59868_/B1
 _59868_/B2
 _59868_/Y
 _59869_/A1
 _59869_/A2
 _59869_/B1
 _59869_/B2
 _59869_/C1
 _59869_/Y
 _59870_/A
 _59870_/B
 _59870_/Y
 _59871_/A
 _59871_/B
 _59871_/Y
 _59872_/A
 _59872_/B
 _59872_/Y
 _59873_/A
 _59873_/B
 _59873_/Y
 _59874_/A
 _59874_/B
 _59874_/C
 _59874_/D
 _59874_/Y
 _59875_/A
 _59875_/B
 _59875_/C
 _59875_/D
 _59875_/Y
 _59876_/A
 _59876_/B
 _59876_/C
 _59876_/D
 _59876_/Y
 _59877_/A1
 _59877_/A2
 _59877_/B1
 _59877_/B2
 _59877_/Y
 _59878_/A1
 _59878_/A2
 _59878_/B1
 _59878_/B2
 _59878_/Y
 _59879_/A1_N
 _59879_/A2_N
 _59879_/B1
 _59879_/B2
 _59879_/Y
 _59880_/A1
 _59880_/A2
 _59880_/B1
 _59880_/B2
 _59880_/C1
 _59880_/Y
 _59881_/A
 _59881_/B
 _59881_/X
 _59882_/A
 _59882_/B
 _59882_/X
 _59883_/A
 _59883_/B
 _59883_/X
 _59884_/A
 _59884_/B
 _59884_/Y
 _59885_/A
 _59885_/B
 _59885_/Y
 _59886_/A
 _59886_/B
 _59886_/Y
 _59887_/A
 _59887_/B
 _59887_/Y
 _59888_/A
 _59888_/B
 _59888_/C
 _59888_/D
 _59888_/Y
 _59889_/A
 _59889_/B
 _59889_/C
 _59889_/D
 _59889_/Y
 _59890_/A
 _59890_/B
 _59890_/C
 _59890_/D
 _59890_/Y
 _59891_/A
 _59891_/B
 _59891_/C
 _59891_/Y
 _59892_/A
 _59892_/Y
 _59893_/A1
 _59893_/A2
 _59893_/B1
 _59893_/B2
 _59893_/Y
 _59895_/A1
 _59895_/A2
 _59895_/B1
 _59895_/B2
 _59895_/Y
 _59896_/A
 _59896_/Y
 _59897_/A1
 _59897_/A2
 _59897_/B1
 _59897_/B2
 _59897_/Y
 _59899_/A1
 _59899_/A2
 _59899_/B1
 _59899_/B2
 _59899_/Y
 _59900_/A
 _59900_/B
 _59900_/Y
 _59902_/A1_N
 _59902_/A2_N
 _59902_/B1
 _59902_/B2
 _59902_/Y
 _59903_/A1
 _59903_/A2
 _59903_/B1
 _59903_/B2
 _59903_/C1
 _59903_/Y
 _59904_/A1
 _59904_/A2
 _59904_/B1
 _59904_/B2
 _59904_/X
 _59905_/A1
 _59905_/A2
 _59905_/B1
 _59905_/B2
 _59905_/C1
 _59905_/Y
 _59906_/A1
 _59906_/A2
 _59906_/B1
 _59906_/Y
 _59907_/A
 _59907_/B
 _59907_/X
 _59908_/A
 _59908_/B
 _59908_/X
 _59909_/A1_N
 _59909_/A2_N
 _59909_/B1
 _59909_/B2
 _59909_/Y
 _59910_/A
 _59910_/B
 _59910_/C
 _59910_/D
 _59910_/Y
 _59911_/A
 _59911_/B
 _59911_/Y
 _59912_/A
 _59912_/B
 _59912_/Y
 _59913_/A
 _59913_/B
 _59913_/Y
 _59914_/A
 _59914_/B
 _59914_/C
 _59914_/Y
 _59915_/A
 _59915_/B
 _59915_/Y
 _59916_/A
 _59916_/B
 _59916_/Y
 _59917_/A
 _59917_/B
 _59917_/Y
 _59918_/A
 _59918_/B
 _59918_/Y
 _59919_/A
 _59919_/B
 _59919_/C
 _59919_/D
 _59919_/Y
 _59920_/A
 _59920_/B
 _59920_/Y
 _59921_/A
 _59921_/B
 _59921_/Y
 _59922_/A
 _59922_/B
 _59922_/Y
 _59923_/A
 _59923_/B
 _59923_/Y
 _59924_/A
 _59924_/B
 _59924_/C
 _59924_/D
 _59924_/Y
 _59925_/A
 _59925_/B
 _59925_/C
 _59925_/Y
 _59926_/A
 _59926_/B
 _59926_/C
 _59926_/D
 _59926_/Y
 _59927_/A
 _59927_/B
 _59927_/Y
 _59928_/A1
 _59928_/A2
 _59928_/B1
 _59928_/B2
 _59928_/Y
 _59929_/A1
 _59929_/A2
 _59929_/B1
 _59929_/B2
 _59929_/Y
 _59930_/A1
 _59930_/A2
 _59930_/B1
 _59930_/B2
 _59930_/Y
 _59931_/A
 _59931_/B
 _59931_/C
 _59931_/D
 _59931_/Y
 _59932_/A
 _59932_/B
 _59932_/Y
 _59933_/A
 _59933_/B
 _59933_/Y
 _59934_/A
 _59934_/B
 _59934_/C
 _59934_/Y
 _59935_/A1
 _59935_/A2
 _59935_/B1
 _59935_/B2
 _59935_/Y
 _59936_/A1_N
 _59936_/A2_N
 _59936_/B1
 _59936_/B2
 _59936_/Y
 _59937_/A1
 _59937_/A2
 _59937_/B1
 _59937_/B2
 _59937_/Y
 _59938_/A1
 _59938_/A2
 _59938_/B1
 _59938_/B2
 _59938_/C1
 _59938_/Y
 _59939_/A
 _59939_/B
 _59939_/Y
 _59940_/A
 _59940_/B
 _59940_/Y
 _59941_/A
 _59941_/B
 _59941_/Y
 _59942_/A
 _59942_/B
 _59942_/Y
 _59943_/A
 _59943_/B
 _59943_/C
 _59943_/D
 _59943_/Y
 _59944_/A
 _59944_/B
 _59944_/Y
 _59945_/A
 _59945_/B
 _59945_/Y
 _59946_/A
 _59946_/B
 _59946_/Y
 _59947_/A
 _59947_/B
 _59947_/Y
 _59948_/A
 _59948_/B
 _59948_/C
 _59948_/D
 _59948_/Y
 _59949_/A
 _59949_/B
 _59949_/Y
 _59950_/A
 _59950_/B
 _59950_/C
 _59950_/D
 _59950_/Y
 _59951_/A
 _59951_/B
 _59951_/C
 _59951_/Y
 _59952_/A
 _59952_/B
 _59952_/C
 _59952_/D
 _59952_/Y
 _59953_/A
 _59953_/B
 _59953_/X
 _59954_/A
 _59954_/B
 _59954_/X
 _59955_/A
 _59955_/B
 _59955_/X
 _59956_/A
 _59956_/B
 _59956_/X
 _59957_/A
 _59957_/B
 _59957_/C
 _59957_/D
 _59957_/Y
 _59958_/A
 _59958_/B
 _59958_/X
 _59959_/A
 _59959_/B
 _59959_/X
 _59960_/A
 _59960_/B
 _59960_/X
 _59961_/A
 _59961_/B
 _59961_/X
 _59962_/A
 _59962_/B
 _59962_/C
 _59962_/D
 _59962_/Y
 _59963_/A
 _59963_/B
 _59963_/X
 _59964_/A
 _59964_/B
 _59964_/X
 _59965_/A
 _59965_/B
 _59965_/X
 _59966_/A
 _59966_/B
 _59966_/X
 _59967_/A
 _59967_/B
 _59967_/C
 _59967_/D
 _59967_/Y
 _59968_/A
 _59968_/B
 _59968_/X
 _59969_/A
 _59969_/B
 _59969_/X
 _59970_/A
 _59970_/B
 _59970_/X
 _59971_/A
 _59971_/B
 _59971_/X
 _59972_/A
 _59972_/B
 _59972_/C
 _59972_/D
 _59972_/Y
 _59973_/A
 _59973_/B
 _59973_/C
 _59973_/D
 _59973_/Y
 _59974_/A
 _59974_/B
 _59974_/Y
 _59975_/A
 _59975_/B
 _59975_/Y
 _59976_/A
 _59976_/B
 _59976_/Y
 _59977_/A
 _59977_/B
 _59977_/Y
 _59978_/A
 _59978_/B
 _59978_/C
 _59978_/D
 _59978_/Y
 _59979_/A
 _59979_/B
 _59979_/Y
 _59980_/A
 _59980_/B
 _59980_/Y
 _59981_/A
 _59981_/B
 _59981_/Y
 _59982_/A
 _59982_/B
 _59982_/Y
 _59983_/A
 _59983_/B
 _59983_/C
 _59983_/D
 _59983_/Y
 _59984_/A
 _59984_/B
 _59984_/C
 _59984_/D
 _59984_/Y
 _59985_/A
 _59985_/Y
 _59986_/A1
 _59986_/A2
 _59986_/B1
 _59986_/B2
 _59986_/Y
 _59987_/A1
 _59987_/A2
 _59987_/B1
 _59987_/B2
 _59987_/X
 _59988_/A
 _59988_/Y
 _59989_/A1
 _59989_/A2
 _59989_/B1
 _59989_/B2
 _59989_/Y
 _59990_/A
 _59990_/B
 _59990_/X
 _59991_/A
 _59991_/B
 _59991_/C
 _59991_/D
 _59991_/Y
 _59992_/A
 _59992_/B
 _59992_/X
 _59993_/A1
 _59993_/A2
 _59993_/B1
 _59993_/Y
 _59994_/A
 _59994_/B
 _59994_/X
 _59995_/A
 _59995_/B
 _59995_/X
 _59996_/A
 _59996_/B
 _59996_/C
 _59996_/D
 _59996_/Y
 _59997_/A
 _59997_/B
 _59997_/Y
 _59998_/A
 _59998_/B
 _59998_/Y
 _59999_/A
 _59999_/B
 _59999_/Y
 _60000_/A
 _60000_/B
 _60000_/Y
 _60001_/A
 _60001_/B
 _60001_/C
 _60001_/D
 _60001_/Y
 _60002_/A
 _60002_/B
 _60002_/Y
 _60003_/A
 _60003_/B
 _60003_/Y
 _60004_/A
 _60004_/B
 _60004_/Y
 _60005_/A
 _60005_/B
 _60005_/Y
 _60006_/A
 _60006_/B
 _60006_/C
 _60006_/D
 _60006_/Y
 _60007_/A
 _60007_/B
 _60007_/Y
 _60008_/A
 _60008_/B
 _60008_/Y
 _60009_/A
 _60009_/B
 _60009_/Y
 _60010_/A
 _60010_/B
 _60010_/C
 _60010_/Y
 _60011_/A
 _60011_/B
 _60011_/Y
 _60012_/A
 _60012_/B
 _60012_/Y
 _60013_/A
 _60013_/B
 _60013_/Y
 _60014_/A
 _60014_/B
 _60014_/Y
 _60015_/A
 _60015_/B
 _60015_/C
 _60015_/D
 _60015_/Y
 _60016_/A
 _60016_/B
 _60016_/C
 _60016_/D
 _60016_/Y
 _60017_/A
 _60017_/Y
 _60018_/A1
 _60018_/A2
 _60018_/B1
 _60018_/B2
 _60018_/Y
 _60019_/A1
 _60019_/A2
 _60019_/B1
 _60019_/B2
 _60019_/C1
 _60019_/Y
 _60020_/A1_N
 _60020_/A2_N
 _60020_/B1
 _60020_/B2
 _60020_/Y
 _60021_/A1
 _60021_/A2
 _60021_/B1
 _60021_/B2
 _60021_/C1
 _60021_/X
 _60022_/A
 _60022_/B
 _60022_/X
 _60023_/A
 _60023_/B
 _60023_/X
 _60024_/A
 _60024_/B
 _60024_/X
 _60025_/A
 _60025_/B
 _60025_/X
 _60026_/A
 _60026_/B
 _60026_/C
 _60026_/D
 _60026_/Y
 _60027_/A
 _60027_/B
 _60027_/X
 _60028_/A
 _60028_/B
 _60028_/X
 _60029_/A
 _60029_/B
 _60029_/X
 _60030_/A
 _60030_/B
 _60030_/X
 _60031_/A
 _60031_/B
 _60031_/C
 _60031_/D
 _60031_/Y
 _60032_/A
 _60032_/B
 _60032_/X
 _60033_/A
 _60033_/B
 _60033_/X
 _60034_/A
 _60034_/B
 _60034_/X
 _60035_/A
 _60035_/B
 _60035_/X
 _60036_/A
 _60036_/B
 _60036_/C
 _60036_/D
 _60036_/Y
 _60037_/A
 _60037_/B
 _60037_/X
 _60038_/A
 _60038_/B
 _60038_/X
 _60039_/A
 _60039_/B
 _60039_/X
 _60040_/A
 _60040_/B
 _60040_/X
 _60041_/A
 _60041_/B
 _60041_/C
 _60041_/D
 _60041_/Y
 _60042_/A
 _60042_/B
 _60042_/C
 _60042_/D
 _60042_/Y
 _60043_/A
 _60043_/B
 _60043_/C
 _60043_/Y
 _60044_/A
 _60044_/B
 _60044_/C
 _60044_/D
 _60044_/Y
 _60045_/A
 _60045_/Y
 _60046_/A
 _60046_/Y
 _60047_/A1
 _60047_/A2
 _60047_/B1
 _60047_/B2
 _60047_/C1
 _60047_/C2
 _60047_/Y
 _60048_/A1
 _60048_/A2
 _60048_/B1
 _60048_/B2
 _60048_/Y
 _60049_/A1
 _60049_/A2
 _60049_/B1
 _60049_/B2
 _60049_/Y
 _60050_/A
 _60050_/B
 _60050_/Y
 _60051_/A
 _60051_/Y
 _60052_/A1
 _60052_/A2
 _60052_/B1
 _60052_/B2
 _60052_/Y
 _60053_/A1
 _60053_/A2
 _60053_/B1
 _60053_/B2
 _60053_/C1
 _60053_/Y
 _60054_/A
 _60054_/B
 _60054_/C
 _60054_/Y
 _60055_/A
 _60055_/Y
 _60056_/A1_N
 _60056_/A2_N
 _60056_/B1
 _60056_/B2
 _60056_/Y
 _60057_/A1
 _60057_/A2
 _60057_/B1
 _60057_/B2
 _60057_/C1
 _60057_/Y
 _60058_/A1
 _60058_/A2
 _60058_/B1
 _60058_/B2
 _60058_/Y
 _60059_/A1
 _60059_/A2
 _60059_/B1
 _60059_/B2
 _60059_/Y
 _60060_/A
 _60060_/B
 _60060_/Y
 _60062_/A
 _60062_/Y
 _60063_/A1
 _60063_/A2
 _60063_/B1
 _60063_/B2
 _60063_/Y
 _60064_/A1
 _60064_/A2
 _60064_/B1
 _60064_/B2
 _60064_/C1
 _60064_/Y
 _60065_/A1_N
 _60065_/A2_N
 _60065_/B1
 _60065_/B2
 _60065_/Y
 _60066_/A1
 _60066_/A2
 _60066_/B1
 _60066_/B2
 _60066_/C1
 _60066_/Y
 _60067_/A
 _60067_/B
 _60067_/C
 _60067_/D
 _60067_/Y
 _60068_/A1_N
 _60068_/A2_N
 _60068_/B1
 _60068_/B2
 _60068_/Y
 _60069_/A
 _60069_/B
 _60069_/Y
 _60070_/A1
 _60070_/A2
 _60070_/B1
 _60070_/B2
 _60070_/Y
 _60071_/A1
 _60071_/A2
 _60071_/B1
 _60071_/B2
 _60071_/Y
 _60072_/A
 _60072_/B
 _60072_/C
 _60072_/D
 _60072_/X
 _60073_/A1
 _60073_/A2
 _60073_/B1
 _60073_/B2
 _60073_/Y
 _60074_/A1
 _60074_/A2
 _60074_/B1
 _60074_/B2
 _60074_/Y
 _60075_/A
 _60075_/B
 _60075_/Y
 _60076_/A1_N
 _60076_/A2_N
 _60076_/B1
 _60076_/B2
 _60076_/Y
 _60077_/A1
 _60077_/A2
 _60077_/B1
 _60077_/B2
 _60077_/C1
 _60077_/Y
 _60078_/A
 _60078_/B
 _60078_/C
 _60078_/Y
 _60079_/A
 _60079_/B
 _60079_/C
 _60079_/D
 _60079_/Y
 _60080_/A1
 _60080_/A2
 _60080_/B1
 _60080_/B2
 _60080_/C1
 _60080_/C2
 _60080_/Y
 _60081_/A
 _60081_/Y
 _60082_/A1
 _60082_/A2
 _60082_/B1
 _60082_/B2
 _60082_/Y
 _60083_/A1
 _60083_/A2
 _60083_/B1
 _60083_/B2
 _60083_/C1
 _60083_/Y
 _60084_/A
 _60084_/B
 _60084_/Y
 _60085_/A
 _60085_/B
 _60085_/Y
 _60086_/A
 _60086_/B
 _60086_/C
 _60086_/D
 _60086_/Y
 _60087_/A
 _60087_/Y
 _60088_/A
 _60088_/B
 _60088_/X
 _60089_/A1
 _60089_/A2
 _60089_/B1
 _60089_/Y
 _60090_/A
 _60090_/B
 _60090_/Y
 _60091_/A
 _60091_/B
 _60091_/Y
 _60092_/A
 _60092_/B
 _60092_/C
 _60092_/D
 _60092_/Y
 _60093_/A
 _60093_/B
 _60093_/Y
 _60094_/A
 _60094_/B
 _60094_/Y
 _60095_/A
 _60095_/B
 _60095_/Y
 _60096_/A
 _60096_/B
 _60096_/Y
 _60097_/A
 _60097_/B
 _60097_/C
 _60097_/D
 _60097_/Y
 _60098_/A1_N
 _60098_/A2_N
 _60098_/B1
 _60098_/B2
 _60098_/Y
 _60099_/A1
 _60099_/A2
 _60099_/B1
 _60099_/B2
 _60099_/Y
 _60100_/A1
 _60100_/A2
 _60100_/B1
 _60100_/B2
 _60100_/Y
 _60101_/A
 _60101_/B
 _60101_/X
 _60102_/A
 _60102_/B
 _60102_/C
 _60102_/D
 _60102_/Y
 _60103_/A1
 _60103_/A2
 _60103_/B1
 _60103_/B2
 _60103_/Y
 _60104_/A
 _60104_/B
 _60104_/X
 _60105_/A1_N
 _60105_/A2_N
 _60105_/B1
 _60105_/B2
 _60105_/Y
 _60106_/A1
 _60106_/A2
 _60106_/B1
 _60106_/B2
 _60106_/Y
 _60107_/A
 _60107_/B
 _60107_/C
 _60107_/D_N
 _60107_/Y
 _60108_/A
 _60108_/B
 _60108_/X
 _60109_/A
 _60109_/B
 _60109_/X
 _60110_/A
 _60110_/B
 _60110_/X
 _60111_/A
 _60111_/B
 _60111_/X
 _60112_/A
 _60112_/B
 _60112_/C
 _60112_/D
 _60112_/Y
 _60113_/A
 _60113_/B
 _60113_/X
 _60114_/A
 _60114_/B
 _60114_/X
 _60115_/A
 _60115_/B
 _60115_/X
 _60116_/A
 _60116_/B
 _60116_/X
 _60117_/A
 _60117_/B
 _60117_/C
 _60117_/D
 _60117_/Y
 _60118_/A
 _60118_/B
 _60118_/C
 _60118_/D
 _60118_/Y
 _60119_/A
 _60119_/B
 _60119_/C
 _60119_/D
 _60119_/X
 _60120_/A
 _60120_/B
 _60120_/Y
 _60121_/A
 _60121_/B
 _60121_/Y
 _60122_/A
 _60122_/B
 _60122_/Y
 _60123_/A
 _60123_/B
 _60123_/C
 _60123_/Y
 _60124_/A
 _60124_/B
 _60124_/X
 _60125_/A
 _60125_/B
 _60125_/X
 _60126_/A
 _60126_/B
 _60126_/X
 _60127_/A
 _60127_/B
 _60127_/X
 _60128_/A
 _60128_/B
 _60128_/C
 _60128_/D
 _60128_/Y
 _60129_/A
 _60129_/B
 _60129_/X
 _60130_/A
 _60130_/B
 _60130_/X
 _60131_/A
 _60131_/B
 _60131_/X
 _60132_/A
 _60132_/B
 _60132_/X
 _60133_/A
 _60133_/B
 _60133_/C
 _60133_/D
 _60133_/Y
 _60134_/A
 _60134_/B
 _60134_/X
 _60135_/A
 _60135_/B
 _60135_/X
 _60136_/A
 _60136_/B
 _60136_/X
 _60137_/A
 _60137_/B
 _60137_/X
 _60138_/A
 _60138_/B
 _60138_/C
 _60138_/D
 _60138_/Y
 _60139_/A
 _60139_/B
 _60139_/X
 _60140_/A
 _60140_/B
 _60140_/X
 _60141_/A
 _60141_/B
 _60141_/X
 _60142_/A
 _60142_/B
 _60142_/X
 _60143_/A
 _60143_/B
 _60143_/C
 _60143_/D
 _60143_/Y
 _60144_/A
 _60144_/B
 _60144_/C
 _60144_/D
 _60144_/Y
 _60145_/A
 _60145_/B
 _60145_/X
 _60146_/A
 _60146_/B
 _60146_/X
 _60147_/A
 _60147_/B
 _60147_/X
 _60148_/A
 _60148_/B
 _60148_/X
 _60149_/A
 _60149_/B
 _60149_/C
 _60149_/D
 _60149_/Y
 _60150_/A
 _60150_/B
 _60150_/X
 _60151_/A
 _60151_/B
 _60151_/X
 _60152_/A
 _60152_/B
 _60152_/X
 _60153_/A
 _60153_/B
 _60153_/X
 _60154_/A
 _60154_/B
 _60154_/C
 _60154_/D
 _60154_/Y
 _60155_/A
 _60155_/B
 _60155_/X
 _60156_/A
 _60156_/B
 _60156_/X
 _60157_/A
 _60157_/B
 _60157_/X
 _60158_/A
 _60158_/B
 _60158_/X
 _60159_/A
 _60159_/B
 _60159_/C
 _60159_/D
 _60159_/Y
 _60160_/A
 _60160_/B
 _60160_/X
 _60161_/A
 _60161_/B
 _60161_/X
 _60162_/A
 _60162_/B
 _60162_/X
 _60163_/A
 _60163_/B
 _60163_/X
 _60164_/A
 _60164_/B
 _60164_/C
 _60164_/D
 _60164_/Y
 _60165_/A
 _60165_/B
 _60165_/C
 _60165_/D
 _60165_/Y
 _60166_/A
 _60166_/B
 _60166_/C
 _60166_/D
 _60166_/Y
 _60167_/A1
 _60167_/A2
 _60167_/B1
 _60167_/B2
 _60167_/Y
 _60168_/A1
 _60168_/A2
 _60168_/B1
 _60168_/B2
 _60168_/Y
 _60169_/A
 _60169_/Y
 _60170_/A1
 _60170_/A2
 _60170_/B1
 _60170_/B2
 _60170_/Y
 _60171_/A1
 _60171_/A2
 _60171_/B1
 _60171_/B2
 _60171_/C1
 _60171_/Y
 _60172_/A
 _60172_/B
 _60172_/X
 _60173_/A
 _60173_/B
 _60173_/X
 _60174_/A
 _60174_/B
 _60174_/X
 _60175_/A
 _60175_/B
 _60175_/X
 _60176_/A
 _60176_/B
 _60176_/C
 _60176_/D
 _60176_/Y
 _60177_/A
 _60177_/B
 _60177_/C
 _60177_/D
 _60177_/Y
 _60178_/A
 _60178_/B
 _60178_/X
 _60179_/A
 _60179_/B
 _60179_/X
 _60180_/A
 _60180_/B
 _60180_/X
 _60181_/A
 _60181_/B
 _60181_/X
 _60182_/A
 _60182_/B
 _60182_/C
 _60182_/D
 _60182_/Y
 _60183_/A
 _60183_/B
 _60183_/X
 _60184_/A
 _60184_/B
 _60184_/X
 _60185_/A
 _60185_/B
 _60185_/X
 _60186_/A
 _60186_/B
 _60186_/X
 _60187_/A
 _60187_/B
 _60187_/C
 _60187_/D
 _60187_/Y
 _60188_/A
 _60188_/Y
 _60189_/A1_N
 _60189_/A2_N
 _60189_/B1
 _60189_/B2
 _60189_/Y
 _60190_/A1
 _60190_/A2
 _60190_/B1
 _60190_/B2
 _60190_/C1
 _60190_/Y
 _60191_/A
 _60191_/Y
 _60192_/A1
 _60192_/A2
 _60192_/B1
 _60192_/B2
 _60192_/Y
 _60193_/A1
 _60193_/A2
 _60193_/B1
 _60193_/B2
 _60193_/C1
 _60193_/Y
 _60194_/A
 _60194_/B
 _60194_/C
 _60194_/D
 _60194_/Y
 _60195_/A
 _60195_/B
 _60195_/X
 _60196_/A1
 _60196_/A2
 _60196_/B1
 _60196_/B2
 _60196_/C1
 _60196_/X
 _60197_/A
 _60197_/B
 _60197_/Y
 _60198_/A1
 _60198_/A2
 _60198_/B1
 _60198_/B2
 _60198_/Y
 _60199_/A1
 _60199_/A2
 _60199_/B1
 _60199_/C1
 _60199_/D1
 _60199_/Y
 _60200_/A1_N
 _60200_/A2_N
 _60200_/B1
 _60200_/B2
 _60200_/Y
 _60201_/A1
 _60201_/A2
 _60201_/B1
 _60201_/B2
 _60201_/Y
 _60202_/A1
 _60202_/A2
 _60202_/B1
 _60202_/B2
 _60202_/Y
 _60203_/A
 _60203_/B
 _60203_/X
 _60204_/A
 _60204_/B
 _60204_/C
 _60204_/D
 _60204_/Y
 _60205_/A1_N
 _60205_/A2_N
 _60205_/B1
 _60205_/B2
 _60205_/Y
 _60206_/A1
 _60206_/A2
 _60206_/B1
 _60206_/C1
 _60206_/D1
 _60206_/Y
 _60207_/A
 _60207_/B
 _60207_/X
 _60208_/A
 _60208_/B
 _60208_/X
 _60209_/A
 _60209_/B
 _60209_/X
 _60210_/A
 _60210_/B
 _60210_/X
 _60211_/A
 _60211_/B
 _60211_/C
 _60211_/D
 _60211_/Y
 _60212_/A
 _60212_/B
 _60212_/X
 _60213_/A
 _60213_/B
 _60213_/X
 _60214_/A
 _60214_/B
 _60214_/X
 _60215_/A
 _60215_/B
 _60215_/X
 _60216_/A
 _60216_/B
 _60216_/C
 _60216_/D
 _60216_/Y
 _60217_/A
 _60217_/B
 _60217_/Y
 _60218_/A
 _60218_/B
 _60218_/Y
 _60219_/A
 _60219_/B
 _60219_/Y
 _60220_/A
 _60220_/B
 _60220_/Y
 _60221_/A
 _60221_/B
 _60221_/C
 _60221_/D
 _60221_/Y
 _60222_/A
 _60222_/B
 _60222_/Y
 _60223_/A
 _60223_/B
 _60223_/Y
 _60224_/A
 _60224_/B
 _60224_/Y
 _60225_/A
 _60225_/B
 _60225_/Y
 _60226_/A
 _60226_/B
 _60226_/C
 _60226_/D
 _60226_/Y
 _60227_/A
 _60227_/B
 _60227_/X
 _60228_/A1
 _60228_/A2
 _60228_/B1
 _60228_/Y
 _60229_/A
 _60229_/B
 _60229_/Y
 _60230_/A
 _60230_/B
 _60230_/Y
 _60231_/A
 _60231_/B
 _60231_/C
 _60231_/D
 _60231_/Y
 _60232_/A
 _60232_/B
 _60232_/C
 _60232_/Y
 _60233_/A
 _60233_/B
 _60233_/Y
 _60234_/A
 _60234_/B
 _60234_/Y
 _60235_/A
 _60235_/B
 _60235_/Y
 _60236_/A
 _60236_/B
 _60236_/Y
 _60237_/A
 _60237_/B
 _60237_/C
 _60237_/D
 _60237_/Y
 _60238_/A
 _60238_/B
 _60238_/Y
 _60239_/A
 _60239_/B
 _60239_/Y
 _60240_/A
 _60240_/B
 _60240_/Y
 _60241_/A
 _60241_/B
 _60241_/Y
 _60242_/A
 _60242_/B
 _60242_/C
 _60242_/D
 _60242_/Y
 _60243_/A
 _60243_/B
 _60243_/Y
 _60244_/A
 _60244_/B
 _60244_/Y
 _60245_/A
 _60245_/B
 _60245_/Y
 _60246_/A
 _60246_/B
 _60246_/C
 _60246_/Y
 _60247_/A
 _60247_/B
 _60247_/Y
 _60248_/A
 _60248_/B
 _60248_/Y
 _60249_/A
 _60249_/B
 _60249_/Y
 _60250_/A
 _60250_/B
 _60250_/Y
 _60251_/A
 _60251_/B
 _60251_/C
 _60251_/D
 _60251_/Y
 _60252_/A
 _60252_/B
 _60252_/C
 _60252_/D
 _60252_/Y
 _60253_/A
 _60253_/B
 _60253_/C
 _60253_/D
 _60253_/Y
 _60254_/A
 _60254_/B
 _60254_/C
 _60254_/D
 _60254_/Y
 _60255_/A
 _60255_/B
 _60255_/C
 _60255_/D
 _60255_/Y
 _60256_/A
 _60256_/B_N
 _60256_/Y
 _60257_/A
 _60257_/B_N
 _60257_/Y
 _60258_/A1
 _60258_/A2
 _60258_/B1
 _60258_/B2
 _60258_/Y
 _60259_/A
 _60259_/B
 _60259_/X
 _60261_/A1
 _60261_/A2
 _60261_/B1
 _60261_/B2
 _60261_/Y
 _60262_/A1
 _60262_/A2
 _60262_/B1
 _60262_/B2
 _60262_/C1
 _60262_/Y
 _60263_/A
 _60263_/B
 _60263_/C
 _60263_/Y
 _60264_/A1_N
 _60264_/A2_N
 _60264_/B1
 _60264_/B2
 _60264_/Y
 _60265_/A1_N
 _60265_/A2_N
 _60265_/B1
 _60265_/B2
 _60265_/Y
 _60266_/A1
 _60266_/A2
 _60266_/B1
 _60266_/B2
 _60266_/C1
 _60266_/Y
 _60267_/A
 _60267_/Y
 _60269_/A1
 _60269_/A2
 _60269_/B1
 _60269_/B2
 _60269_/Y
 _60270_/A1
 _60270_/A2
 _60270_/B1
 _60270_/B2
 _60270_/C1
 _60270_/Y
 _60271_/A
 _60271_/B
 _60271_/Y
 _60272_/A1_N
 _60272_/A2_N
 _60272_/B1
 _60272_/B2
 _60272_/Y
 _60273_/A1
 _60273_/A2
 _60273_/B1
 _60273_/B2
 _60273_/Y
 _60274_/A
 _60274_/Y
 _60275_/A1
 _60275_/A2
 _60275_/B1
 _60275_/B2
 _60275_/Y
 _60276_/A1
 _60276_/A2
 _60276_/B1
 _60276_/B2
 _60276_/C1
 _60276_/Y
 _60277_/A
 _60277_/B
 _60277_/C
 _60277_/D
 _60277_/Y
 _60278_/A1
 _60278_/A2
 _60278_/B1
 _60278_/C1
 _60278_/D1
 _60278_/X
 _60279_/A
 _60279_/B
 _60279_/X
 _60280_/A
 _60280_/B
 _60280_/X
 _60281_/A
 _60281_/B
 _60281_/X
 _60282_/A
 _60282_/B
 _60282_/Y
 _60283_/A
 _60283_/B
 _60283_/Y
 _60284_/A
 _60284_/B
 _60284_/Y
 _60285_/A
 _60285_/B
 _60285_/Y
 _60286_/A
 _60286_/B
 _60286_/C
 _60286_/D
 _60286_/Y
 _60287_/A
 _60287_/B
 _60287_/C
 _60287_/D
 _60287_/Y
 _60288_/A
 _60288_/Y
 _60289_/A1
 _60289_/A2
 _60289_/B1
 _60289_/Y
 _60290_/A
 _60290_/B
 _60290_/X
 _60291_/A
 _60291_/B
 _60291_/X
 _60292_/A1_N
 _60292_/A2_N
 _60292_/B1
 _60292_/B2
 _60292_/Y
 _60293_/A
 _60293_/B
 _60293_/C
 _60293_/D
 _60293_/Y
 _60294_/A
 _60294_/B
 _60294_/Y
 _60295_/A
 _60295_/B
 _60295_/Y
 _60296_/A
 _60296_/B
 _60296_/Y
 _60297_/A
 _60297_/B
 _60297_/Y
 _60298_/A
 _60298_/B
 _60298_/C
 _60298_/D
 _60298_/Y
 _60299_/A
 _60299_/B
 _60299_/Y
 _60300_/A
 _60300_/B
 _60300_/Y
 _60301_/A
 _60301_/B
 _60301_/Y
 _60302_/A
 _60302_/B
 _60302_/Y
 _60303_/A
 _60303_/B
 _60303_/C
 _60303_/D
 _60303_/Y
 _60304_/A
 _60304_/B
 _60304_/Y
 _60305_/A
 _60305_/B
 _60305_/Y
 _60306_/A
 _60306_/B
 _60306_/Y
 _60307_/A
 _60307_/B
 _60307_/Y
 _60308_/A
 _60308_/B
 _60308_/C
 _60308_/D
 _60308_/Y
 _60309_/A
 _60309_/B
 _60309_/Y
 _60310_/A
 _60310_/B
 _60310_/Y
 _60311_/A
 _60311_/B
 _60311_/Y
 _60312_/A
 _60312_/B
 _60312_/Y
 _60313_/A
 _60313_/B
 _60313_/C
 _60313_/D
 _60313_/Y
 _60314_/A
 _60314_/B
 _60314_/C
 _60314_/D
 _60314_/Y
 _60315_/A
 _60315_/B
 _60315_/C
 _60315_/D
 _60315_/Y
 _60316_/A1_N
 _60316_/A2_N
 _60316_/B1
 _60316_/B2
 _60316_/Y
 _60317_/A1
 _60317_/A2
 _60317_/B1
 _60317_/B2
 _60317_/Y
 _60318_/A
 _60318_/Y
 _60319_/A1
 _60319_/A2
 _60319_/B1
 _60319_/B2
 _60319_/Y
 _60320_/A1
 _60320_/A2
 _60320_/B1
 _60320_/B2
 _60320_/C1
 _60320_/Y
 _60321_/A
 _60321_/Y
 _60322_/A1
 _60322_/A2
 _60322_/B1
 _60322_/B2
 _60322_/Y
 _60323_/A
 _60323_/B
 _60323_/X
 _60324_/A
 _60324_/B
 _60324_/X
 _60325_/A
 _60325_/B
 _60325_/X
 _60326_/A
 _60326_/B
 _60326_/C
 _60326_/D
 _60326_/Y
 _60327_/A
 _60327_/B
 _60327_/C
 _60327_/D
 _60327_/Y
 _60328_/A
 _60328_/B
 _60328_/X
 _60329_/A
 _60329_/B
 _60329_/X
 _60330_/A
 _60330_/B
 _60330_/X
 _60331_/A
 _60331_/B
 _60331_/X
 _60332_/A
 _60332_/B
 _60332_/C
 _60332_/D
 _60332_/Y
 _60333_/A
 _60333_/B
 _60333_/X
 _60334_/A
 _60334_/B
 _60334_/X
 _60335_/A
 _60335_/B
 _60335_/X
 _60336_/A
 _60336_/B
 _60336_/X
 _60337_/A
 _60337_/B
 _60337_/C
 _60337_/D
 _60337_/Y
 _60338_/A
 _60338_/B
 _60338_/X
 _60339_/A
 _60339_/B
 _60339_/X
 _60340_/A
 _60340_/B
 _60340_/X
 _60341_/A
 _60341_/B
 _60341_/X
 _60342_/A
 _60342_/B
 _60342_/C
 _60342_/D
 _60342_/Y
 _60343_/A
 _60343_/B
 _60343_/X
 _60344_/A
 _60344_/B
 _60344_/X
 _60345_/A
 _60345_/B
 _60345_/X
 _60346_/A
 _60346_/B
 _60346_/X
 _60347_/A
 _60347_/B
 _60347_/C
 _60347_/D
 _60347_/Y
 _60348_/A
 _60348_/B
 _60348_/C
 _60348_/D
 _60348_/Y
 _60349_/A
 _60349_/B
 _60349_/C
 _60349_/Y
 _60350_/A1_N
 _60350_/A2_N
 _60350_/B1
 _60350_/B2
 _60350_/Y
 _60351_/A
 _60351_/B
 _60351_/Y
 _60352_/A1
 _60352_/A2
 _60352_/B1
 _60352_/C1
 _60352_/Y
 _60353_/A
 _60353_/B_N
 _60353_/Y
 _60354_/A1
 _60354_/A2
 _60354_/B1
 _60354_/B2
 _60354_/Y
 _60355_/A1
 _60355_/A2
 _60355_/B1
 _60355_/C1
 _60355_/D1
 _60355_/Y
 _60356_/A
 _60356_/B
 _60356_/X
 _60357_/A
 _60357_/B
 _60357_/X
 _60358_/A
 _60358_/B
 _60358_/X
 _60359_/A
 _60359_/B
 _60359_/X
 _60360_/A
 _60360_/B
 _60360_/C
 _60360_/D
 _60360_/Y
 _60361_/A1_N
 _60361_/A2_N
 _60361_/B1
 _60361_/B2
 _60361_/Y
 _60362_/A1
 _60362_/A2
 _60362_/B1
 _60362_/B2
 _60362_/X
 _60363_/A
 _60363_/Y
 _60364_/A
 _60364_/Y
 _60365_/A1
 _60365_/A2
 _60365_/B1
 _60365_/B2
 _60365_/Y
 _60366_/A1_N
 _60366_/A2_N
 _60366_/B1
 _60366_/B2
 _60366_/Y
 _60367_/A
 _60367_/B
 _60367_/C
 _60367_/D
 _60367_/Y
 _60368_/A1_N
 _60368_/A2_N
 _60368_/B1
 _60368_/B2
 _60368_/Y
 _60369_/A1
 _60369_/A2
 _60369_/B1
 _60369_/B2
 _60369_/Y
 _60370_/A
 _60370_/Y
 _60371_/A1
 _60371_/A2
 _60371_/B1
 _60371_/B2
 _60371_/Y
 _60372_/A1
 _60372_/A2
 _60372_/B1
 _60372_/B2
 _60372_/C1
 _60372_/Y
 _60373_/A
 _60373_/B
 _60373_/C
 _60373_/Y
 _60374_/A
 _60374_/B
 _60374_/C
 _60374_/D
 _60374_/Y
 _60375_/A
 _60375_/B
 _60375_/X
 _60376_/A
 _60376_/B
 _60376_/X
 _60377_/A
 _60377_/B
 _60377_/X
 _60378_/A
 _60378_/B
 _60378_/Y
 _60379_/A
 _60379_/B
 _60379_/Y
 _60380_/A
 _60380_/B
 _60380_/Y
 _60381_/A
 _60381_/B
 _60381_/Y
 _60382_/A
 _60382_/B
 _60382_/C
 _60382_/D
 _60382_/Y
 _60383_/A
 _60383_/B
 _60383_/C
 _60383_/D
 _60383_/Y
 _60384_/A
 _60384_/B
 _60384_/X
 _60385_/A
 _60385_/B
 _60385_/X
 _60386_/A
 _60386_/B
 _60386_/X
 _60387_/A
 _60387_/B
 _60387_/X
 _60388_/A
 _60388_/B
 _60388_/C
 _60388_/D
 _60388_/Y
 _60389_/A
 _60389_/B
 _60389_/Y
 _60390_/A
 _60390_/B
 _60390_/Y
 _60391_/A
 _60391_/B
 _60391_/Y
 _60392_/A
 _60392_/B
 _60392_/Y
 _60393_/A
 _60393_/B
 _60393_/C
 _60393_/D
 _60393_/Y
 _60394_/A
 _60394_/B
 _60394_/Y
 _60395_/A
 _60395_/B
 _60395_/Y
 _60396_/A
 _60396_/B
 _60396_/Y
 _60397_/A
 _60397_/B
 _60397_/Y
 _60398_/A
 _60398_/B
 _60398_/C
 _60398_/D
 _60398_/Y
 _60399_/A
 _60399_/B
 _60399_/Y
 _60400_/A
 _60400_/B
 _60400_/Y
 _60401_/A
 _60401_/B
 _60401_/Y
 _60402_/A
 _60402_/B
 _60402_/Y
 _60403_/A
 _60403_/B
 _60403_/C
 _60403_/D
 _60403_/Y
 _60404_/A
 _60404_/B
 _60404_/Y
 _60405_/A
 _60405_/B
 _60405_/Y
 _60406_/A
 _60406_/B
 _60406_/Y
 _60407_/A
 _60407_/B
 _60407_/Y
 _60408_/A
 _60408_/B
 _60408_/C
 _60408_/D
 _60408_/Y
 _60409_/A
 _60409_/B
 _60409_/C
 _60409_/D
 _60409_/Y
 _60410_/A
 _60410_/B
 _60410_/C
 _60410_/Y
 _60411_/A
 _60411_/B
 _60411_/Y
 _60412_/A
 _60412_/B
 _60412_/Y
 _60413_/A
 _60413_/B
 _60413_/Y
 _60414_/A
 _60414_/B
 _60414_/Y
 _60415_/A
 _60415_/B
 _60415_/C
 _60415_/D
 _60415_/Y
 _60416_/A
 _60416_/B
 _60416_/Y
 _60417_/A
 _60417_/B
 _60417_/Y
 _60418_/A
 _60418_/B
 _60418_/Y
 _60419_/A
 _60419_/B
 _60419_/Y
 _60420_/A
 _60420_/B
 _60420_/C
 _60420_/D
 _60420_/Y
 _60421_/A1
 _60421_/A2
 _60421_/B1
 _60421_/B2
 _60421_/Y
 _60422_/A
 _60422_/B
 _60422_/X
 _60423_/A
 _60423_/B
 _60423_/Y
 _60424_/A1
 _60424_/A2
 _60424_/B1
 _60424_/B2
 _60424_/Y
 _60425_/A1
 _60425_/A2
 _60425_/B1
 _60425_/B2
 _60425_/Y
 _60426_/A
 _60426_/B
 _60426_/X
 _60427_/A1
 _60427_/A2
 _60427_/B1
 _60427_/Y
 _60428_/A
 _60428_/B
 _60428_/C
 _60428_/D
 _60428_/Y
 _60429_/A1
 _60429_/A2
 _60429_/B1
 _60429_/B2
 _60429_/Y
 _60430_/A1
 _60430_/A2
 _60430_/B1
 _60430_/B2
 _60430_/C1
 _60430_/Y
 _60431_/A
 _60431_/B
 _60431_/X
 _60432_/A1
 _60432_/A2
 _60432_/B1
 _60432_/B2
 _60432_/C1
 _60432_/Y
 _60433_/A1
 _60433_/A2
 _60433_/B1
 _60433_/Y
 _60434_/A
 _60434_/B
 _60434_/X
 _60435_/A
 _60435_/B
 _60435_/X
 _60436_/A1
 _60436_/A2
 _60436_/B1
 _60436_/B2
 _60436_/Y
 _60437_/A
 _60437_/B
 _60437_/C
 _60437_/D
 _60437_/Y
 _60438_/A_N
 _60438_/B
 _60438_/C
 _60438_/Y
 _60439_/A
 _60439_/B
 _60439_/C
 _60439_/D
 _60439_/X
 _60440_/A
 _60440_/B
 _60440_/C
 _60440_/Y
 _60441_/A
 _60441_/Y
 _60442_/A
 _60442_/Y
 _60443_/A1
 _60443_/A2
 _60443_/B1
 _60443_/B2
 _60443_/Y
 _60444_/A1
 _60444_/A2
 _60444_/B1
 _60444_/B2
 _60444_/Y
 _60445_/A
 _60445_/B
 _60445_/X
 _60446_/A1
 _60446_/A2
 _60446_/B1
 _60446_/C1
 _60446_/D1
 _60446_/Y
 _60447_/A
 _60447_/B
 _60447_/Y
 _60448_/A
 _60448_/B
 _60448_/Y
 _60449_/A
 _60449_/B
 _60449_/Y
 _60450_/A1
 _60450_/A2
 _60450_/B1
 _60450_/C1
 _60450_/Y
 _60451_/A
 _60451_/B
 _60451_/X
 _60452_/A
 _60452_/B
 _60452_/X
 _60453_/A
 _60453_/B
 _60453_/Y
 _60454_/A
 _60454_/B
 _60454_/Y
 _60455_/A
 _60455_/B
 _60455_/Y
 _60456_/A
 _60456_/B
 _60456_/Y
 _60457_/A
 _60457_/B
 _60457_/C
 _60457_/D
 _60457_/Y
 _60458_/A
 _60458_/B
 _60458_/C
 _60458_/D
 _60458_/Y
 _60459_/A
 _60459_/B
 _60459_/C
 _60459_/D
 _60459_/Y
 _60460_/A1_N
 _60460_/A2_N
 _60460_/B1
 _60460_/B2
 _60460_/Y
 _60461_/A
 _60461_/Y
 _60462_/A1
 _60462_/A2
 _60462_/B1
 _60462_/B2
 _60462_/Y
 _60463_/A
 _60463_/B
 _60463_/X
 _60464_/A1
 _60464_/A2
 _60464_/B1
 _60464_/B2
 _60464_/Y
 _60465_/A
 _60465_/B
 _60465_/C
 _60465_/D_N
 _60465_/Y
 _60466_/A1
 _60466_/A2
 _60466_/B1
 _60466_/B2
 _60466_/X
 _60467_/A1
 _60467_/A2
 _60467_/B1
 _60467_/B2
 _60467_/C1
 _60467_/Y
 _60468_/A
 _60468_/B
 _60468_/X
 _60469_/A1
 _60469_/A2
 _60469_/B1
 _60469_/B2
 _60469_/C1
 _60469_/Y
 _60470_/A
 _60470_/B
 _60470_/Y
 _60471_/A
 _60471_/B
 _60471_/Y
 _60472_/A
 _60472_/B
 _60472_/Y
 _60473_/A
 _60473_/B
 _60473_/Y
 _60474_/A
 _60474_/B
 _60474_/C
 _60474_/D
 _60474_/Y
 _60475_/A
 _60475_/B
 _60475_/Y
 _60476_/A
 _60476_/B
 _60476_/Y
 _60477_/A
 _60477_/B
 _60477_/Y
 _60478_/A
 _60478_/B
 _60478_/Y
 _60479_/A
 _60479_/B
 _60479_/C
 _60479_/D
 _60479_/Y
 _60480_/A
 _60480_/B
 _60480_/Y
 _60481_/A
 _60481_/B
 _60481_/C
 _60481_/D
 _60481_/Y
 _60482_/A
 _60482_/B
 _60482_/X
 _60483_/A
 _60483_/B
 _60483_/X
 _60484_/A
 _60484_/B
 _60484_/X
 _60485_/A
 _60485_/B
 _60485_/C
 _60485_/Y
 _60486_/A
 _60486_/B
 _60486_/Y
 _60487_/A
 _60487_/B
 _60487_/Y
 _60488_/A
 _60488_/B
 _60488_/Y
 _60489_/A
 _60489_/B
 _60489_/Y
 _60490_/A
 _60490_/B
 _60490_/C
 _60490_/D
 _60490_/Y
 _60491_/A
 _60491_/B
 _60491_/Y
 _60492_/A
 _60492_/B
 _60492_/Y
 _60493_/A
 _60493_/B
 _60493_/Y
 _60494_/A
 _60494_/B
 _60494_/Y
 _60495_/A
 _60495_/B
 _60495_/C
 _60495_/D
 _60495_/Y
 _60496_/A
 _60496_/B
 _60496_/Y
 _60497_/A
 _60497_/B
 _60497_/Y
 _60498_/A
 _60498_/B
 _60498_/Y
 _60499_/A
 _60499_/B
 _60499_/Y
 _60500_/A
 _60500_/B
 _60500_/C
 _60500_/D
 _60500_/Y
 _60501_/A
 _60501_/B
 _60501_/Y
 _60502_/A
 _60502_/B
 _60502_/Y
 _60503_/A
 _60503_/B
 _60503_/Y
 _60504_/A
 _60504_/B
 _60504_/Y
 _60505_/A
 _60505_/B
 _60505_/C
 _60505_/D
 _60505_/Y
 _60506_/A
 _60506_/B
 _60506_/C
 _60506_/D
 _60506_/Y
 _60507_/A
 _60507_/B
 _60507_/Y
 _60508_/A
 _60508_/B
 _60508_/Y
 _60509_/A
 _60509_/B
 _60509_/Y
 _60510_/A
 _60510_/B
 _60510_/Y
 _60511_/A
 _60511_/B
 _60511_/C
 _60511_/D
 _60511_/Y
 _60512_/A
 _60512_/B
 _60512_/Y
 _60513_/A
 _60513_/B
 _60513_/Y
 _60514_/A
 _60514_/B
 _60514_/Y
 _60515_/A
 _60515_/B
 _60515_/Y
 _60516_/A
 _60516_/B
 _60516_/C
 _60516_/D
 _60516_/Y
 _60517_/A
 _60517_/B
 _60517_/Y
 _60518_/A
 _60518_/B
 _60518_/Y
 _60519_/A
 _60519_/B
 _60519_/Y
 _60520_/A
 _60520_/B
 _60520_/Y
 _60521_/A
 _60521_/B
 _60521_/C
 _60521_/D
 _60521_/Y
 _60522_/A
 _60522_/B
 _60522_/Y
 _60523_/A
 _60523_/B
 _60523_/Y
 _60524_/A
 _60524_/B
 _60524_/Y
 _60525_/A
 _60525_/B
 _60525_/Y
 _60526_/A
 _60526_/B
 _60526_/C
 _60526_/D
 _60526_/Y
 _60527_/A
 _60527_/B
 _60527_/C
 _60527_/D
 _60527_/Y
 _60528_/A
 _60528_/B
 _60528_/C
 _60528_/Y
 _60529_/A
 _60529_/B
 _60529_/C
 _60529_/Y
 _60530_/A
 _60530_/Y
 _60531_/A1
 _60531_/A2
 _60531_/B1
 _60531_/B2
 _60531_/C1
 _60531_/C2
 _60531_/Y
 _60532_/A
 _60532_/Y
 _60533_/A1
 _60533_/A2
 _60533_/B1
 _60533_/B2
 _60533_/Y
 _60534_/A1
 _60534_/A2
 _60534_/B1
 _60534_/B2
 _60534_/C1
 _60534_/Y
 _60535_/A
 _60535_/B
 _60535_/Y
 _60536_/A
 _60536_/B
 _60536_/Y
 _60537_/A
 _60537_/B
 _60537_/C
 _60537_/D
 _60537_/Y
 _60538_/A
 _60538_/B
 _60538_/Y
 _60539_/A
 _60539_/B
 _60539_/X
 _60540_/A
 _60540_/B
 _60540_/X
 _60541_/A
 _60541_/B
 _60541_/Y
 _60542_/A1
 _60542_/A2
 _60542_/B1
 _60542_/C1
 _60542_/D1
 _60542_/Y
 _60543_/A
 _60543_/B
 _60543_/Y
 _60544_/A
 _60544_/B
 _60544_/Y
 _60545_/A
 _60545_/B
 _60545_/Y
 _60546_/A
 _60546_/B
 _60546_/Y
 _60547_/A
 _60547_/B
 _60547_/C
 _60547_/D
 _60547_/Y
 _60548_/A1_N
 _60548_/A2_N
 _60548_/B1
 _60548_/B2
 _60548_/Y
 _60549_/A
 _60549_/Y
 _60550_/A1
 _60550_/A2
 _60550_/B1
 _60550_/B2
 _60550_/Y
 _60551_/A1
 _60551_/A2
 _60551_/B1
 _60551_/B2
 _60551_/Y
 _60552_/A
 _60552_/B
 _60552_/X
 _60553_/A
 _60553_/B
 _60553_/C
 _60553_/D
 _60553_/Y
 _60554_/A
 _60554_/B
 _60554_/X
 _60555_/A
 _60555_/B
 _60555_/X
 _60556_/A
 _60556_/B
 _60556_/X
 _60557_/A
 _60557_/B
 _60557_/X
 _60558_/A
 _60558_/B
 _60558_/C
 _60558_/D
 _60558_/Y
 _60559_/A
 _60559_/B
 _60559_/X
 _60560_/A
 _60560_/B
 _60560_/X
 _60561_/A
 _60561_/B
 _60561_/X
 _60562_/A
 _60562_/B
 _60562_/X
 _60563_/A
 _60563_/B
 _60563_/C
 _60563_/D
 _60563_/Y
 _60564_/A1_N
 _60564_/A2_N
 _60564_/B1
 _60564_/B2
 _60564_/Y
 _60565_/A
 _60565_/B
 _60565_/X
 _60566_/A1
 _60566_/A2
 _60566_/B1
 _60566_/B2
 _60566_/X
 _60567_/A
 _60567_/B
 _60567_/X
 _60568_/A
 _60568_/B
 _60568_/C
 _60568_/D
 _60568_/Y
 _60569_/A
 _60569_/B
 _60569_/C
 _60569_/D
 _60569_/Y
 _60570_/A
 _60570_/B
 _60570_/C
 _60570_/D
 _60570_/Y
 _60571_/A
 _60571_/B
 _60571_/X
 _60572_/A
 _60572_/B
 _60572_/X
 _60573_/A
 _60573_/B
 _60573_/X
 _60574_/A
 _60574_/B
 _60574_/C
 _60574_/Y
 _60575_/A
 _60575_/B
 _60575_/Y
 _60576_/A
 _60576_/B
 _60576_/Y
 _60577_/A
 _60577_/B
 _60577_/Y
 _60578_/A
 _60578_/B
 _60578_/Y
 _60579_/A
 _60579_/B
 _60579_/C
 _60579_/D
 _60579_/Y
 _60580_/A
 _60580_/B
 _60580_/Y
 _60581_/A
 _60581_/B
 _60581_/Y
 _60582_/A
 _60582_/B
 _60582_/Y
 _60583_/A
 _60583_/B
 _60583_/Y
 _60584_/A
 _60584_/B
 _60584_/C
 _60584_/D
 _60584_/Y
 _60585_/A
 _60585_/B
 _60585_/Y
 _60586_/A
 _60586_/B
 _60586_/Y
 _60587_/A
 _60587_/B
 _60587_/Y
 _60588_/A
 _60588_/B
 _60588_/Y
 _60589_/A
 _60589_/B
 _60589_/C
 _60589_/D
 _60589_/Y
 _60590_/A
 _60590_/B
 _60590_/Y
 _60591_/A
 _60591_/B
 _60591_/Y
 _60592_/A
 _60592_/B
 _60592_/Y
 _60593_/A
 _60593_/B
 _60593_/Y
 _60594_/A
 _60594_/B
 _60594_/C
 _60594_/D
 _60594_/Y
 _60595_/A
 _60595_/B
 _60595_/C
 _60595_/D
 _60595_/Y
 _60596_/A
 _60596_/B
 _60596_/Y
 _60597_/A
 _60597_/B
 _60597_/Y
 _60598_/A
 _60598_/B
 _60598_/Y
 _60599_/A
 _60599_/B
 _60599_/Y
 _60600_/A
 _60600_/B
 _60600_/C
 _60600_/D
 _60600_/Y
 _60601_/A
 _60601_/B
 _60601_/Y
 _60602_/A
 _60602_/B
 _60602_/Y
 _60603_/A
 _60603_/B
 _60603_/Y
 _60604_/A
 _60604_/B
 _60604_/Y
 _60605_/A
 _60605_/B
 _60605_/C
 _60605_/D
 _60605_/Y
 _60606_/A
 _60606_/B
 _60606_/Y
 _60607_/A
 _60607_/B
 _60607_/Y
 _60608_/A
 _60608_/B
 _60608_/Y
 _60609_/A
 _60609_/B
 _60609_/Y
 _60610_/A
 _60610_/B
 _60610_/C
 _60610_/D
 _60610_/Y
 _60611_/A
 _60611_/B
 _60611_/Y
 _60612_/A
 _60612_/B
 _60612_/Y
 _60613_/A
 _60613_/B
 _60613_/Y
 _60614_/A
 _60614_/B
 _60614_/Y
 _60615_/A
 _60615_/B
 _60615_/C
 _60615_/D
 _60615_/Y
 _60616_/A
 _60616_/B
 _60616_/C
 _60616_/D
 _60616_/Y
 _60617_/A
 _60617_/B
 _60617_/C
 _60617_/D
 _60617_/X
 _60618_/A
 _60618_/B
 _60618_/Y
 _60619_/A
 _60619_/B
 _60619_/Y
 _60620_/A
 _60620_/B
 _60620_/Y
 _60621_/A
 _60621_/B
 _60621_/Y
 _60622_/A
 _60622_/B
 _60622_/C
 _60622_/D
 _60622_/Y
 _60623_/A
 _60623_/B
 _60623_/Y
 _60624_/A
 _60624_/B
 _60624_/Y
 _60625_/A
 _60625_/B
 _60625_/Y
 _60626_/A
 _60626_/B
 _60626_/Y
 _60627_/A
 _60627_/B
 _60627_/C
 _60627_/D
 _60627_/Y
 _60628_/A
 _60628_/B
 _60628_/X
 _60629_/A
 _60629_/B
 _60629_/X
 _60630_/A
 _60630_/B
 _60630_/X
 _60631_/A
 _60631_/B
 _60631_/X
 _60632_/A
 _60632_/B
 _60632_/C
 _60632_/D
 _60632_/Y
 _60633_/A1
 _60633_/A2
 _60633_/B1
 _60633_/Y
 _60634_/A1
 _60634_/A2
 _60634_/B1
 _60634_/C1
 _60634_/Y
 _60635_/A
 _60635_/B
 _60635_/C
 _60635_/Y
 _60636_/A
 _60636_/B
 _60636_/Y
 _60637_/A
 _60637_/B
 _60637_/Y
 _60638_/A
 _60638_/B
 _60638_/Y
 _60639_/A
 _60639_/B
 _60639_/Y
 _60640_/A
 _60640_/B
 _60640_/C
 _60640_/D
 _60640_/Y
 _60641_/A
 _60641_/B
 _60641_/Y
 _60642_/A
 _60642_/B
 _60642_/Y
 _60643_/A
 _60643_/B
 _60643_/Y
 _60644_/A
 _60644_/B
 _60644_/Y
 _60645_/A
 _60645_/B
 _60645_/C
 _60645_/D
 _60645_/Y
 _60646_/A
 _60646_/B
 _60646_/Y
 _60647_/A
 _60647_/B
 _60647_/Y
 _60648_/A
 _60648_/B
 _60648_/Y
 _60649_/A
 _60649_/B
 _60649_/Y
 _60650_/A
 _60650_/B
 _60650_/C
 _60650_/D
 _60650_/Y
 _60651_/A
 _60651_/B
 _60651_/Y
 _60652_/A
 _60652_/B
 _60652_/Y
 _60653_/A
 _60653_/B
 _60653_/Y
 _60654_/A
 _60654_/B
 _60654_/Y
 _60655_/A
 _60655_/B
 _60655_/C
 _60655_/D
 _60655_/Y
 _60656_/A
 _60656_/B
 _60656_/C
 _60656_/D
 _60656_/Y
 _60657_/A
 _60657_/B
 _60657_/Y
 _60658_/A
 _60658_/B
 _60658_/Y
 _60659_/A
 _60659_/B
 _60659_/Y
 _60660_/A
 _60660_/B
 _60660_/C
 _60660_/Y
 _60661_/A
 _60661_/B
 _60661_/Y
 _60662_/A
 _60662_/B
 _60662_/Y
 _60663_/A
 _60663_/B
 _60663_/Y
 _60664_/A
 _60664_/B
 _60664_/Y
 _60665_/A
 _60665_/B
 _60665_/C
 _60665_/D
 _60665_/Y
 _60666_/A
 _60666_/B
 _60666_/Y
 _60667_/A
 _60667_/B
 _60667_/Y
 _60668_/A
 _60668_/B
 _60668_/Y
 _60669_/A
 _60669_/B
 _60669_/Y
 _60670_/A
 _60670_/B
 _60670_/C
 _60670_/D
 _60670_/Y
 _60671_/A
 _60671_/B
 _60671_/C
 _60671_/Y
 _60672_/A
 _60672_/B
 _60672_/C
 _60672_/Y
 _60673_/A
 _60673_/B
 _60673_/Y
 _60674_/A
 _60674_/B
 _60674_/Y
 _60675_/A
 _60675_/B
 _60675_/Y
 _60676_/A
 _60676_/B
 _60676_/Y
 _60677_/A
 _60677_/B
 _60677_/C
 _60677_/D
 _60677_/Y
 _60678_/A
 _60678_/B
 _60678_/Y
 _60679_/A
 _60679_/B
 _60679_/Y
 _60680_/A
 _60680_/B
 _60680_/Y
 _60681_/A
 _60681_/B
 _60681_/Y
 _60682_/A
 _60682_/B
 _60682_/C
 _60682_/D
 _60682_/Y
 _60683_/A
 _60683_/B
 _60683_/X
 _60684_/A
 _60684_/B
 _60684_/X
 _60685_/A
 _60685_/B
 _60685_/X
 _60686_/A
 _60686_/B
 _60686_/X
 _60687_/A
 _60687_/B
 _60687_/C
 _60687_/D
 _60687_/Y
 _60688_/A
 _60688_/B
 _60688_/X
 _60689_/A
 _60689_/B
 _60689_/X
 _60690_/A
 _60690_/B
 _60690_/X
 _60691_/A
 _60691_/B
 _60691_/X
 _60692_/A
 _60692_/B
 _60692_/C
 _60692_/D
 _60692_/Y
 _60693_/A
 _60693_/B
 _60693_/X
 _60694_/A
 _60694_/B
 _60694_/X
 _60695_/A
 _60695_/B
 _60695_/X
 _60696_/A
 _60696_/B
 _60696_/X
 _60697_/A
 _60697_/B
 _60697_/C
 _60697_/D
 _60697_/Y
 _60698_/A
 _60698_/B
 _60698_/X
 _60699_/A
 _60699_/B
 _60699_/X
 _60700_/A
 _60700_/B
 _60700_/X
 _60701_/A
 _60701_/B
 _60701_/X
 _60702_/A
 _60702_/B
 _60702_/C
 _60702_/D
 _60702_/Y
 _60703_/A
 _60703_/B
 _60703_/C
 _60703_/D
 _60703_/Y
 _60704_/A
 _60704_/B
 _60704_/C
 _60704_/D
 _60704_/Y
 _60705_/A
 _60705_/B
 _60705_/C
 _60705_/D
 _60705_/Y
 _60706_/A
 _60706_/B_N
 _60706_/Y
 _60707_/A
 _60707_/B
 _60707_/Y
 _60708_/A
 _60708_/B
 _60708_/Y
 _60709_/A
 _60709_/B
 _60709_/Y
 _60710_/A
 _60710_/B
 _60710_/Y
 _60711_/A
 _60711_/B
 _60711_/C
 _60711_/D
 _60711_/Y
 _60712_/A
 _60712_/B
 _60712_/Y
 _60713_/A
 _60713_/B
 _60713_/Y
 _60714_/A
 _60714_/B
 _60714_/Y
 _60715_/A
 _60715_/B
 _60715_/Y
 _60716_/A
 _60716_/B
 _60716_/C
 _60716_/D
 _60716_/Y
 _60717_/A
 _60717_/B
 _60717_/Y
 _60718_/A
 _60718_/B
 _60718_/Y
 _60719_/A
 _60719_/B
 _60719_/Y
 _60720_/A
 _60720_/B
 _60720_/Y
 _60721_/A
 _60721_/B
 _60721_/C
 _60721_/D
 _60721_/Y
 _60722_/A
 _60722_/B
 _60722_/Y
 _60723_/A
 _60723_/B
 _60723_/Y
 _60724_/A
 _60724_/B
 _60724_/Y
 _60725_/A
 _60725_/B
 _60725_/Y
 _60726_/A
 _60726_/B
 _60726_/C
 _60726_/D
 _60726_/Y
 _60727_/A
 _60727_/B
 _60727_/C
 _60727_/D
 _60727_/Y
 _60728_/A
 _60728_/B
 _60728_/Y
 _60729_/A
 _60729_/B
 _60729_/Y
 _60730_/A
 _60730_/B
 _60730_/Y
 _60731_/A
 _60731_/B
 _60731_/Y
 _60732_/A
 _60732_/B
 _60732_/C
 _60732_/D
 _60732_/Y
 _60733_/A
 _60733_/B
 _60733_/Y
 _60734_/A
 _60734_/B
 _60734_/Y
 _60735_/A
 _60735_/B
 _60735_/Y
 _60736_/A
 _60736_/B
 _60736_/Y
 _60737_/A
 _60737_/B
 _60737_/C
 _60737_/D
 _60737_/Y
 _60738_/A
 _60738_/B
 _60738_/Y
 _60739_/A
 _60739_/B
 _60739_/Y
 _60740_/A
 _60740_/B
 _60740_/Y
 _60741_/A
 _60741_/B
 _60741_/Y
 _60742_/A
 _60742_/B
 _60742_/C
 _60742_/D
 _60742_/Y
 _60743_/A
 _60743_/B
 _60743_/Y
 _60744_/A
 _60744_/B
 _60744_/Y
 _60745_/A
 _60745_/B
 _60745_/Y
 _60746_/A
 _60746_/B
 _60746_/Y
 _60747_/A
 _60747_/B
 _60747_/C
 _60747_/D
 _60747_/Y
 _60748_/A
 _60748_/B
 _60748_/C
 _60748_/D
 _60748_/Y
 _60749_/A
 _60749_/B
 _60749_/Y
 _60750_/A
 _60750_/Y
 _60751_/A
 _60751_/Y
 _60752_/A1
 _60752_/A2
 _60752_/B1
 _60752_/Y
 _60753_/A1
 _60753_/A2
 _60753_/B1
 _60753_/B2
 _60753_/C1
 _60753_/Y
 _60754_/A
 _60754_/Y
 _60755_/A
 _60755_/Y
 _60756_/A1
 _60756_/A2
 _60756_/B1
 _60756_/B2
 _60756_/C1
 _60756_/C2
 _60756_/Y
 _60757_/A1
 _60757_/A2
 _60757_/B1
 _60757_/B2
 _60757_/Y
 _60758_/A
 _60758_/B
 _60758_/X
 _60759_/A
 _60759_/B
 _60759_/Y
 _60760_/A
 _60760_/B
 _60760_/C
 _60760_/Y
 _60761_/A
 _60761_/B
 _60761_/Y
 _60762_/A
 _60762_/B
 _60762_/Y
 _60763_/A
 _60763_/B
 _60763_/Y
 _60764_/A
 _60764_/B
 _60764_/C
 _60764_/Y
 _60765_/A1
 _60765_/A2
 _60765_/B1
 _60765_/B2
 _60765_/Y
 _60766_/A1
 _60766_/A2
 _60766_/B1
 _60766_/B2
 _60766_/C1
 _60766_/Y
 _60767_/A
 _60767_/B
 _60767_/X
 _60768_/A
 _60768_/B
 _60768_/X
 _60769_/A
 _60769_/B
 _60769_/Y
 _60770_/A1
 _60770_/A2
 _60770_/B1
 _60770_/B2
 _60770_/Y
 _60771_/A
 _60771_/B
 _60771_/X
 _60772_/A
 _60772_/B
 _60772_/X
 _60773_/A
 _60773_/B
 _60773_/X
 _60774_/A
 _60774_/B
 _60774_/C
 _60774_/D
 _60774_/Y
 _60775_/A
 _60775_/B
 _60775_/Y
 _60776_/A
 _60776_/B
 _60776_/Y
 _60777_/A
 _60777_/B
 _60777_/Y
 _60778_/A
 _60778_/B
 _60778_/Y
 _60779_/A
 _60779_/B
 _60779_/C
 _60779_/D
 _60779_/Y
 _60780_/A
 _60780_/B
 _60780_/Y
 _60781_/A
 _60781_/B
 _60781_/Y
 _60782_/A
 _60782_/B
 _60782_/Y
 _60783_/A
 _60783_/B
 _60783_/Y
 _60784_/A
 _60784_/B
 _60784_/C
 _60784_/D
 _60784_/Y
 _60785_/A
 _60785_/B
 _60785_/Y
 _60786_/A
 _60786_/B
 _60786_/Y
 _60787_/A
 _60787_/B
 _60787_/Y
 _60788_/A
 _60788_/B
 _60788_/Y
 _60789_/A
 _60789_/B
 _60789_/C
 _60789_/D
 _60789_/Y
 _60790_/A
 _60790_/B
 _60790_/Y
 _60791_/A
 _60791_/B
 _60791_/Y
 _60792_/A
 _60792_/B
 _60792_/Y
 _60793_/A
 _60793_/B
 _60793_/Y
 _60794_/A
 _60794_/B
 _60794_/C
 _60794_/D
 _60794_/Y
 _60795_/A
 _60795_/B
 _60795_/C
 _60795_/D
 _60795_/Y
 _60796_/A
 _60796_/B
 _60796_/C
 _60796_/D
 _60796_/Y
 _60797_/A
 _60797_/B
 _60797_/C
 _60797_/D
 _60797_/Y
 _60798_/A
 _60798_/B
 _60798_/Y
 _60799_/A
 _60799_/B
 _60799_/Y
 _60800_/A
 _60800_/B
 _60800_/Y
 _60801_/A
 _60801_/B
 _60801_/Y
 _60802_/A
 _60802_/B
 _60802_/C
 _60802_/D
 _60802_/Y
 _60803_/A
 _60803_/Y
 _60804_/A1
 _60804_/A2
 _60804_/B1
 _60804_/B2
 _60804_/Y
 _60805_/A
 _60805_/B
 _60805_/Y
 _60806_/A
 _60806_/B
 _60806_/Y
 _60807_/A
 _60807_/B
 _60807_/Y
 _60808_/A
 _60808_/Y
 _60809_/A1
 _60809_/A2
 _60809_/B1
 _60809_/Y
 _60810_/A
 _60810_/B
 _60810_/C
 _60810_/D
 _60810_/Y
 _60811_/A
 _60811_/B
 _60811_/Y
 _60812_/A
 _60812_/B
 _60812_/Y
 _60813_/A
 _60813_/B
 _60813_/Y
 _60814_/A
 _60814_/B
 _60814_/Y
 _60815_/A
 _60815_/B
 _60815_/C
 _60815_/D
 _60815_/Y
 _60816_/A
 _60816_/B
 _60816_/Y
 _60817_/A
 _60817_/B
 _60817_/Y
 _60818_/A
 _60818_/B
 _60818_/Y
 _60819_/A
 _60819_/B
 _60819_/Y
 _60820_/A
 _60820_/B
 _60820_/C
 _60820_/D
 _60820_/Y
 _60821_/A
 _60821_/B
 _60821_/Y
 _60822_/A
 _60822_/B
 _60822_/Y
 _60823_/A
 _60823_/B
 _60823_/Y
 _60824_/A
 _60824_/B
 _60824_/Y
 _60825_/A
 _60825_/B
 _60825_/C
 _60825_/D
 _60825_/Y
 _60826_/A
 _60826_/B
 _60826_/Y
 _60827_/A
 _60827_/B
 _60827_/Y
 _60828_/A
 _60828_/B
 _60828_/Y
 _60829_/A
 _60829_/B
 _60829_/Y
 _60830_/A
 _60830_/B
 _60830_/C
 _60830_/D
 _60830_/Y
 _60831_/A
 _60831_/B
 _60831_/C
 _60831_/D
 _60831_/Y
 _60832_/A
 _60832_/B
 _60832_/X
 _60833_/A
 _60833_/B
 _60833_/X
 _60834_/A
 _60834_/B
 _60834_/X
 _60835_/A
 _60835_/B
 _60835_/C
 _60835_/Y
 _60836_/A
 _60836_/B
 _60836_/Y
 _60837_/A
 _60837_/B
 _60837_/Y
 _60838_/A
 _60838_/B
 _60838_/Y
 _60839_/A
 _60839_/B
 _60839_/Y
 _60840_/A
 _60840_/B
 _60840_/C
 _60840_/D
 _60840_/Y
 _60841_/A
 _60841_/B
 _60841_/Y
 _60842_/A
 _60842_/B
 _60842_/Y
 _60843_/A
 _60843_/B
 _60843_/Y
 _60844_/A
 _60844_/B
 _60844_/Y
 _60845_/A
 _60845_/B
 _60845_/C
 _60845_/D
 _60845_/Y
 _60846_/A
 _60846_/B
 _60846_/Y
 _60847_/A
 _60847_/B
 _60847_/Y
 _60848_/A
 _60848_/B
 _60848_/Y
 _60849_/A
 _60849_/B
 _60849_/Y
 _60850_/A
 _60850_/B
 _60850_/C
 _60850_/D
 _60850_/Y
 _60851_/A
 _60851_/B
 _60851_/Y
 _60852_/A
 _60852_/B
 _60852_/Y
 _60853_/A
 _60853_/B
 _60853_/Y
 _60854_/A
 _60854_/B
 _60854_/Y
 _60855_/A
 _60855_/B
 _60855_/C
 _60855_/D
 _60855_/Y
 _60856_/A
 _60856_/B
 _60856_/C
 _60856_/D
 _60856_/Y
 _60857_/A
 _60857_/B
 _60857_/C
 _60857_/D
 _60857_/Y
 _60858_/A
 _60858_/Y
 _60859_/A
 _60859_/Y
 _60860_/A1
 _60860_/A2
 _60860_/B1
 _60860_/B2
 _60860_/Y
 _60861_/A1
 _60861_/A2
 _60861_/B1
 _60861_/B2
 _60861_/C1
 _60861_/Y
 _60862_/A
 _60862_/Y
 _60863_/A1
 _60863_/A2
 _60863_/B1
 _60863_/B2
 _60863_/Y
 _60864_/A1
 _60864_/A2
 _60864_/B1
 _60864_/B2
 _60864_/C1
 _60864_/Y
 _60865_/A
 _60865_/Y
 _60866_/A
 _60866_/Y
 _60867_/A1
 _60867_/A2
 _60867_/B1
 _60867_/B2
 _60867_/Y
 _60868_/A
 _60868_/Y
 _60869_/A1
 _60869_/A2
 _60869_/B1
 _60869_/B2
 _60869_/Y
 _60870_/A
 _60870_/B
 _60870_/X
 _60871_/A
 _60871_/B
 _60871_/X
 _60872_/A
 _60872_/B
 _60872_/C
 _60872_/D
 _60872_/Y
 _60873_/A
 _60873_/B
 _60873_/C
 _60873_/Y
 _60874_/A1
 _60874_/A2
 _60874_/B1
 _60874_/B2
 _60874_/C1
 _60874_/C2
 _60874_/Y
 _60875_/A1_N
 _60875_/A2_N
 _60875_/B1
 _60875_/B2
 _60875_/Y
 _60876_/A1
 _60876_/A2
 _60876_/B1
 _60876_/B2
 _60876_/C1
 _60876_/Y
 _60877_/A
 _60877_/B
 _60877_/Y
 _60878_/A
 _60878_/B
 _60878_/Y
 _60879_/A
 _60879_/B
 _60879_/C
 _60879_/D
 _60879_/Y
 _60880_/A1_N
 _60880_/A2_N
 _60880_/B1
 _60880_/B2
 _60880_/Y
 _60881_/A
 _60881_/Y
 _60882_/A1
 _60882_/A2
 _60882_/B1
 _60882_/B2
 _60882_/Y
 _60883_/A
 _60883_/Y
 _60884_/A1
 _60884_/A2
 _60884_/B1
 _60884_/B2
 _60884_/Y
 _60885_/A
 _60885_/B
 _60885_/X
 _60886_/A
 _60886_/B
 _60886_/C
 _60886_/D
 _60886_/Y
 _60887_/A1
 _60887_/A2
 _60887_/B1
 _60887_/B2
 _60887_/Y
 _60888_/A1
 _60888_/A2
 _60888_/B1
 _60888_/B2
 _60888_/Y
 _60889_/A
 _60889_/B
 _60889_/X
 _60890_/A1
 _60890_/A2
 _60890_/B1
 _60890_/B2
 _60890_/C1
 _60890_/Y
 _60891_/A
 _60891_/B
 _60891_/C
 _60891_/D
 _60891_/Y
 _60892_/A
 _60892_/B
 _60892_/C
 _60892_/D
 _60892_/Y
 _60893_/A
 _60893_/B
 _60893_/Y
 _60894_/A
 _60894_/B
 _60894_/C
 _60894_/X
 _60895_/A
 _60895_/B
 _60895_/X
 _60897_/A1_N
 _60897_/A2_N
 _60897_/B1
 _60897_/B2
 _60897_/Y
 _60898_/A1
 _60898_/A2
 _60898_/B1
 _60898_/B2
 _60898_/C1
 _60898_/Y
 _60899_/A1_N
 _60899_/A2_N
 _60899_/B1
 _60899_/B2
 _60899_/Y
 _60900_/A1
 _60900_/A2
 _60900_/B1
 _60900_/B2
 _60900_/C1
 _60900_/Y
 _60901_/A
 _60901_/B
 _60901_/Y
 _60902_/A1
 _60902_/A2
 _60902_/B1
 _60902_/C1
 _60902_/Y
 _60903_/A
 _60903_/B
 _60903_/X
 _60904_/A
 _60904_/B
 _60904_/X
 _60905_/A
 _60905_/B
 _60905_/Y
 _60906_/A
 _60906_/B
 _60906_/Y
 _60907_/A
 _60907_/B
 _60907_/Y
 _60908_/A
 _60908_/B
 _60908_/Y
 _60909_/A
 _60909_/B
 _60909_/C
 _60909_/D
 _60909_/Y
 _60910_/A
 _60910_/B
 _60910_/C
 _60910_/D
 _60910_/Y
 _60911_/A
 _60911_/B
 _60911_/X
 _60912_/A
 _60912_/B
 _60912_/X
 _60913_/A
 _60913_/B
 _60913_/X
 _60914_/A
 _60914_/B
 _60914_/Y
 _60915_/A
 _60915_/B
 _60915_/Y
 _60916_/A
 _60916_/B
 _60916_/Y
 _60917_/A
 _60917_/B
 _60917_/Y
 _60918_/A
 _60918_/B
 _60918_/C
 _60918_/D
 _60918_/Y
 _60919_/A
 _60919_/B
 _60919_/C
 _60919_/D
 _60919_/Y
 _60920_/A
 _60920_/B
 _60920_/X
 _60921_/A
 _60921_/B
 _60921_/X
 _60922_/A
 _60922_/B
 _60922_/X
 _60923_/A
 _60923_/B
 _60923_/X
 _60924_/A
 _60924_/B
 _60924_/C
 _60924_/D
 _60924_/Y
 _60925_/A
 _60925_/Y
 _60926_/A1
 _60926_/A2
 _60926_/B1
 _60926_/B2
 _60926_/Y
 _60927_/A1
 _60927_/A2
 _60927_/B1
 _60927_/B2
 _60927_/C1
 _60927_/Y
 _60929_/A1
 _60929_/A2
 _60929_/B1
 _60929_/B2
 _60929_/Y
 _60930_/A1
 _60930_/A2
 _60930_/B1
 _60930_/B2
 _60930_/C1
 _60930_/Y
 _60931_/A
 _60931_/B
 _60931_/Y
 _60932_/A1
 _60932_/A2
 _60932_/B1
 _60932_/C1
 _60932_/D1
 _60932_/Y
 _60933_/A1_N
 _60933_/A2_N
 _60933_/B1
 _60933_/B2
 _60933_/Y
 _60934_/A1
 _60934_/A2
 _60934_/B1
 _60934_/B2
 _60934_/C1
 _60934_/Y
 _60935_/A
 _60935_/Y
 _60936_/A1_N
 _60936_/A2_N
 _60936_/B1
 _60936_/B2
 _60936_/Y
 _60937_/A1
 _60937_/A2
 _60937_/B1
 _60937_/B2
 _60937_/C1
 _60937_/Y
 _60938_/A
 _60938_/B
 _60938_/X
 _60939_/A
 _60939_/B
 _60939_/X
 _60940_/A
 _60940_/B
 _60940_/X
 _60941_/A
 _60941_/B
 _60941_/X
 _60942_/A
 _60942_/B
 _60942_/C
 _60942_/D
 _60942_/Y
 _60943_/A
 _60943_/B
 _60943_/X
 _60944_/A
 _60944_/B
 _60944_/X
 _60945_/A
 _60945_/B
 _60945_/X
 _60946_/A
 _60946_/B
 _60946_/X
 _60947_/A
 _60947_/B
 _60947_/C
 _60947_/D
 _60947_/Y
 _60948_/A
 _60948_/B
 _60948_/C
 _60948_/D
 _60948_/Y
 _60949_/A
 _60949_/B
 _60949_/Y
 _60950_/A
 _60950_/B
 _60950_/C
 _60950_/D
 _60950_/Y
 _60951_/A1
 _60951_/A2
 _60951_/B1
 _60951_/B2
 _60951_/Y
 _60952_/A1
 _60952_/A2
 _60952_/B1
 _60952_/B2
 _60952_/C1
 _60952_/Y
 _60953_/A1_N
 _60953_/A2_N
 _60953_/B1
 _60953_/B2
 _60953_/Y
 _60954_/A1
 _60954_/A2
 _60954_/B1
 _60954_/B2
 _60954_/C1
 _60954_/Y
 _60955_/A
 _60955_/B
 _60955_/X
 _60956_/A1
 _60956_/A2
 _60956_/B1
 _60956_/B2
 _60956_/C1
 _60956_/Y
 _60957_/A
 _60957_/B
 _60957_/Y
 _60958_/A
 _60958_/B
 _60958_/Y
 _60959_/A
 _60959_/B
 _60959_/C
 _60959_/X
 _60960_/A
 _60960_/B
 _60960_/Y
 _60961_/A
 _60961_/B
 _60961_/Y
 _60962_/A
 _60962_/B
 _60962_/Y
 _60963_/A
 _60963_/B
 _60963_/Y
 _60964_/A
 _60964_/B
 _60964_/C
 _60964_/D
 _60964_/Y
 _60965_/A
 _60965_/B
 _60965_/Y
 _60966_/A
 _60966_/B
 _60966_/Y
 _60967_/A
 _60967_/B
 _60967_/Y
 _60968_/A
 _60968_/B
 _60968_/Y
 _60969_/A
 _60969_/B
 _60969_/C
 _60969_/D
 _60969_/Y
 _60970_/A
 _60970_/B
 _60970_/Y
 _60971_/A
 _60971_/B
 _60971_/Y
 _60972_/A
 _60972_/B
 _60972_/Y
 _60973_/A
 _60973_/B
 _60973_/Y
 _60974_/A
 _60974_/B
 _60974_/C
 _60974_/D
 _60974_/Y
 _60975_/A
 _60975_/B
 _60975_/Y
 _60976_/A
 _60976_/B
 _60976_/Y
 _60977_/A
 _60977_/B
 _60977_/Y
 _60978_/A
 _60978_/B
 _60978_/Y
 _60979_/A
 _60979_/B
 _60979_/C
 _60979_/D
 _60979_/Y
 _60980_/A
 _60980_/B
 _60980_/C
 _60980_/D
 _60980_/Y
 _60981_/A
 _60981_/B
 _60981_/C
 _60981_/D
 _60981_/Y
 _60982_/A
 _60982_/B
 _60982_/C
 _60982_/D
 _60982_/Y
 _60983_/A
 _60983_/B
 _60983_/Y
 _60985_/A
 _60985_/Y
 _60986_/A1
 _60986_/A2
 _60986_/B1
 _60986_/B2
 _60986_/Y
 _60987_/A1_N
 _60987_/A2_N
 _60987_/B1
 _60987_/B2
 _60987_/Y
 _60988_/A1_N
 _60988_/A2_N
 _60988_/B1
 _60988_/B2
 _60988_/Y
 _60989_/A
 _60989_/B
 _60989_/C
 _60989_/D
 _60989_/Y
 _60990_/A1
 _60990_/A2
 _60990_/B1
 _60990_/B2
 _60990_/Y
 _60991_/A1
 _60991_/A2
 _60991_/B1
 _60991_/Y
 _60992_/A
 _60992_/B
 _60992_/C
 _60992_/X
 _60993_/A1
 _60993_/A2
 _60993_/B1
 _60993_/B2
 _60993_/Y
 _60994_/A1
 _60994_/A2
 _60994_/B1
 _60994_/B2
 _60994_/X
 _60995_/A1_N
 _60995_/A2_N
 _60995_/B1
 _60995_/B2
 _60995_/Y
 _60996_/A
 _60996_/B
 _60996_/X
 _60997_/A
 _60997_/B
 _60997_/C
 _60997_/D
 _60997_/Y
 _60998_/A
 _60998_/B
 _60998_/X
 _60999_/A
 _60999_/B
 _60999_/X
 _61000_/A
 _61000_/B
 _61000_/X
 _61001_/A
 _61001_/B
 _61001_/X
 _61002_/A
 _61002_/B
 _61002_/C
 _61002_/D
 _61002_/Y
 _61003_/A
 _61003_/Y
 _61004_/A1
 _61004_/A2
 _61004_/B1
 _61004_/B2
 _61004_/Y
 _61005_/A1
 _61005_/A2
 _61005_/B1
 _61005_/B2
 _61005_/C1
 _61005_/X
 _61006_/A1
 _61006_/A2
 _61006_/B1
 _61006_/B2
 _61006_/X
 _61007_/A1
 _61007_/A2
 _61007_/B1
 _61007_/B2
 _61007_/Y
 _61008_/A
 _61008_/Y
 _61009_/A1
 _61009_/A2
 _61009_/B1
 _61009_/B2
 _61009_/Y
 _61010_/A1
 _61010_/A2
 _61010_/B1
 _61010_/B2
 _61010_/C1
 _61010_/Y
 _61011_/A
 _61011_/B
 _61011_/Y
 _61012_/A1
 _61012_/A2
 _61012_/B1
 _61012_/B2
 _61012_/C1
 _61012_/Y
 _61013_/A
 _61013_/B
 _61013_/Y
 _61014_/A
 _61014_/B
 _61014_/Y
 _61015_/A
 _61015_/B
 _61015_/Y
 _61016_/A
 _61016_/B
 _61016_/Y
 _61017_/A
 _61017_/B
 _61017_/C
 _61017_/D
 _61017_/Y
 _61018_/A
 _61018_/B
 _61018_/Y
 _61019_/A
 _61019_/B
 _61019_/Y
 _61020_/A
 _61020_/B
 _61020_/Y
 _61021_/A
 _61021_/B
 _61021_/Y
 _61022_/A
 _61022_/B
 _61022_/C
 _61022_/D
 _61022_/Y
 _61023_/A
 _61023_/B
 _61023_/C
 _61023_/D
 _61023_/X
 _61024_/A
 _61024_/B
 _61024_/C
 _61024_/D
 _61024_/Y
 _61025_/A
 _61025_/B
 _61025_/C
 _61025_/D
 _61025_/Y
 _61026_/A
 _61026_/B
 _61026_/Y
 _61027_/A
 _61027_/B
 _61027_/Y
 _61028_/A
 _61028_/B
 _61028_/Y
 _61029_/A
 _61029_/B
 _61029_/C
 _61029_/Y
 _61030_/A
 _61030_/B
 _61030_/X
 _61031_/A
 _61031_/B
 _61031_/X
 _61032_/A
 _61032_/B
 _61032_/X
 _61033_/A
 _61033_/B
 _61033_/X
 _61034_/A
 _61034_/B
 _61034_/C
 _61034_/D
 _61034_/Y
 _61035_/A
 _61035_/B
 _61035_/X
 _61036_/A
 _61036_/B
 _61036_/X
 _61037_/A
 _61037_/B
 _61037_/X
 _61038_/A
 _61038_/B
 _61038_/X
 _61039_/A
 _61039_/B
 _61039_/C
 _61039_/D
 _61039_/Y
 _61040_/A
 _61040_/B
 _61040_/X
 _61041_/A
 _61041_/B
 _61041_/X
 _61042_/A
 _61042_/B
 _61042_/X
 _61043_/A
 _61043_/B
 _61043_/X
 _61044_/A
 _61044_/B
 _61044_/C
 _61044_/D
 _61044_/Y
 _61045_/A
 _61045_/B
 _61045_/X
 _61046_/A
 _61046_/B
 _61046_/X
 _61047_/A
 _61047_/B
 _61047_/X
 _61048_/A
 _61048_/B
 _61048_/X
 _61049_/A
 _61049_/B
 _61049_/C
 _61049_/D
 _61049_/Y
 _61050_/A
 _61050_/B
 _61050_/C
 _61050_/D
 _61050_/Y
 _61051_/A
 _61051_/B
 _61051_/X
 _61052_/A
 _61052_/B
 _61052_/X
 _61053_/A
 _61053_/B
 _61053_/X
 _61054_/A
 _61054_/B
 _61054_/X
 _61055_/A
 _61055_/B
 _61055_/C
 _61055_/D
 _61055_/Y
 _61056_/A
 _61056_/B
 _61056_/X
 _61057_/A
 _61057_/B
 _61057_/X
 _61058_/A
 _61058_/B
 _61058_/X
 _61059_/A
 _61059_/B
 _61059_/X
 _61060_/A
 _61060_/B
 _61060_/C
 _61060_/D
 _61060_/Y
 _61061_/A
 _61061_/B
 _61061_/X
 _61062_/A
 _61062_/B
 _61062_/X
 _61063_/A
 _61063_/B
 _61063_/X
 _61064_/A
 _61064_/B
 _61064_/X
 _61065_/A
 _61065_/B
 _61065_/C
 _61065_/D
 _61065_/Y
 _61066_/A
 _61066_/B
 _61066_/X
 _61067_/A
 _61067_/B
 _61067_/X
 _61068_/A
 _61068_/B
 _61068_/X
 _61069_/A
 _61069_/B
 _61069_/X
 _61070_/A
 _61070_/B
 _61070_/C
 _61070_/D
 _61070_/Y
 _61071_/A
 _61071_/B
 _61071_/C
 _61071_/D
 _61071_/Y
 _61072_/A
 _61072_/B
 _61072_/C
 _61072_/D
 _61072_/Y
 _61073_/A1_N
 _61073_/A2_N
 _61073_/B1
 _61073_/B2
 _61073_/Y
 _61074_/A1
 _61074_/A2
 _61074_/B1
 _61074_/B2
 _61074_/X
 _61075_/A
 _61075_/Y
 _61076_/A
 _61076_/Y
 _61077_/A1
 _61077_/A2
 _61077_/B1
 _61077_/B2
 _61077_/Y
 _61078_/A
 _61078_/B
 _61078_/X
 _61079_/A
 _61079_/B
 _61079_/C
 _61079_/D
 _61079_/Y
 _61080_/A
 _61080_/Y
 _61081_/A1
 _61081_/A2
 _61081_/B1
 _61081_/Y
 _61082_/A
 _61082_/B
 _61082_/X
 _61083_/A
 _61083_/B
 _61083_/X
 _61084_/A1_N
 _61084_/A2_N
 _61084_/B1
 _61084_/B2
 _61084_/Y
 _61085_/A
 _61085_/B
 _61085_/C
 _61085_/D
 _61085_/Y
 _61086_/A
 _61086_/B
 _61086_/Y
 _61087_/A
 _61087_/B
 _61087_/Y
 _61088_/A
 _61088_/B
 _61088_/Y
 _61089_/A
 _61089_/B
 _61089_/Y
 _61090_/A
 _61090_/B
 _61090_/C
 _61090_/D
 _61090_/Y
 _61091_/A
 _61091_/B
 _61091_/Y
 _61092_/A
 _61092_/B
 _61092_/Y
 _61093_/A
 _61093_/B
 _61093_/Y
 _61094_/A
 _61094_/B
 _61094_/Y
 _61095_/A
 _61095_/B
 _61095_/C
 _61095_/D
 _61095_/Y
 _61096_/A
 _61096_/B
 _61096_/Y
 _61097_/A
 _61097_/B
 _61097_/Y
 _61098_/A
 _61098_/B
 _61098_/Y
 _61099_/A
 _61099_/B
 _61099_/C
 _61099_/Y
 _61100_/A
 _61100_/B
 _61100_/Y
 _61101_/A
 _61101_/B
 _61101_/Y
 _61102_/A
 _61102_/B
 _61102_/Y
 _61103_/A
 _61103_/B
 _61103_/Y
 _61104_/A
 _61104_/B
 _61104_/C
 _61104_/D
 _61104_/Y
 _61105_/A
 _61105_/B
 _61105_/C
 _61105_/D
 _61105_/Y
 _61106_/A1
 _61106_/A2
 _61106_/B1
 _61106_/B2
 _61106_/Y
 _61107_/A1
 _61107_/A2
 _61107_/B1
 _61107_/B2
 _61107_/C1
 _61107_/X
 _61108_/A
 _61108_/Y
 _61109_/A
 _61109_/Y
 _61110_/A1
 _61110_/A2
 _61110_/B1
 _61110_/B2
 _61110_/Y
 _61111_/A1
 _61111_/A2
 _61111_/B1
 _61111_/B2
 _61111_/Y
 _61112_/A
 _61112_/B
 _61112_/X
 _61113_/A
 _61113_/B
 _61113_/X
 _61114_/A
 _61114_/B
 _61114_/X
 _61115_/A
 _61115_/B
 _61115_/X
 _61116_/A
 _61116_/B
 _61116_/C
 _61116_/D
 _61116_/Y
 _61117_/A
 _61117_/B
 _61117_/X
 _61118_/A
 _61118_/B
 _61118_/X
 _61119_/A
 _61119_/B
 _61119_/X
 _61120_/A
 _61120_/B
 _61120_/X
 _61121_/A
 _61121_/B
 _61121_/C
 _61121_/D
 _61121_/Y
 _61122_/A
 _61122_/B
 _61122_/X
 _61123_/A
 _61123_/B
 _61123_/X
 _61124_/A
 _61124_/B
 _61124_/X
 _61125_/A
 _61125_/B
 _61125_/X
 _61126_/A
 _61126_/B
 _61126_/C
 _61126_/D
 _61126_/Y
 _61127_/A
 _61127_/B
 _61127_/X
 _61128_/A
 _61128_/B
 _61128_/X
 _61129_/A
 _61129_/B
 _61129_/X
 _61130_/A
 _61130_/B
 _61130_/X
 _61131_/A
 _61131_/B
 _61131_/C
 _61131_/D
 _61131_/Y
 _61132_/A
 _61132_/B
 _61132_/C
 _61132_/D
 _61132_/Y
 _61133_/A
 _61133_/B
 _61133_/C
 _61133_/D
 _61133_/Y
 _61134_/A
 _61134_/B
 _61134_/C
 _61134_/D
 _61134_/Y
 _61135_/A
 _61135_/Y
 _61136_/A1
 _61136_/A2
 _61136_/B1
 _61136_/B2
 _61136_/C1
 _61136_/C2
 _61136_/Y
 _61137_/A
 _61137_/Y
 _61138_/A1
 _61138_/A2
 _61138_/B1
 _61138_/B2
 _61138_/Y
 _61139_/A1
 _61139_/A2
 _61139_/B1
 _61139_/B2
 _61139_/C1
 _61139_/Y
 _61140_/A1
 _61140_/A2
 _61140_/B1
 _61140_/B2
 _61140_/Y
 _61141_/A1
 _61141_/A2
 _61141_/B1
 _61141_/B2
 _61141_/C1
 _61141_/Y
 _61142_/A
 _61142_/B
 _61142_/C
 _61142_/Y
 _61143_/A
 _61143_/Y
 _61144_/A1
 _61144_/A2
 _61144_/B1
 _61144_/B2
 _61144_/Y
 _61145_/A1
 _61145_/A2
 _61145_/B1
 _61145_/B2
 _61145_/C1
 _61145_/Y
 _61146_/A1
 _61146_/A2
 _61146_/B1
 _61146_/B2
 _61146_/Y
 _61147_/A1
 _61147_/A2
 _61147_/B1
 _61147_/B2
 _61147_/Y
 _61148_/A
 _61148_/B
 _61148_/Y
 _61149_/A
 _61149_/B
 _61149_/X
 _61150_/A1
 _61150_/A2
 _61150_/B1
 _61150_/B2
 _61150_/C1
 _61150_/Y
 _61151_/A1
 _61151_/A2
 _61151_/B1
 _61151_/B2
 _61151_/Y
 _61152_/A1
 _61152_/A2
 _61152_/B1
 _61152_/B2
 _61152_/C1
 _61152_/Y
 _61153_/A
 _61153_/B
 _61153_/C
 _61153_/D
 _61153_/Y
 _61154_/A
 _61154_/B
 _61154_/X
 _61155_/A1
 _61155_/A2
 _61155_/B1
 _61155_/B2
 _61155_/C1
 _61155_/Y
 _61156_/A1
 _61156_/A2
 _61156_/B1
 _61156_/B2
 _61156_/Y
 _61157_/A1
 _61157_/A2
 _61157_/B1
 _61157_/B2
 _61157_/C1
 _61157_/Y
 _61158_/A
 _61158_/Y
 _61159_/A1
 _61159_/A2
 _61159_/B1
 _61159_/B2
 _61159_/Y
 _61160_/A1
 _61160_/A2
 _61160_/B1
 _61160_/B2
 _61160_/C1
 _61160_/Y
 _61161_/A
 _61161_/B
 _61161_/X
 _61162_/A1
 _61162_/A2
 _61162_/B1
 _61162_/B2
 _61162_/C1
 _61162_/Y
 _61163_/A
 _61163_/B
 _61163_/C
 _61163_/D
 _61163_/Y
 _61164_/A
 _61164_/B
 _61164_/C
 _61164_/X
 _61165_/A1_N
 _61165_/A2_N
 _61165_/B1
 _61165_/B2
 _61165_/Y
 _61166_/A1_N
 _61166_/A2_N
 _61166_/B1
 _61166_/B2
 _61166_/Y
 _61167_/A1_N
 _61167_/A2_N
 _61167_/B1
 _61167_/B2
 _61167_/Y
 _61168_/A
 _61168_/B
 _61168_/X
 _61169_/A
 _61169_/B
 _61169_/C
 _61169_/D
 _61169_/Y
 _61170_/A1
 _61170_/A2
 _61170_/B1
 _61170_/B2
 _61170_/X
 _61171_/A1_N
 _61171_/A2_N
 _61171_/B1
 _61171_/B2
 _61171_/Y
 _61172_/A1
 _61172_/A2
 _61172_/B1
 _61172_/B2
 _61172_/Y
 _61173_/A
 _61173_/B
 _61173_/X
 _61174_/A
 _61174_/B
 _61174_/C
 _61174_/D
 _61174_/Y
 _61175_/A1
 _61175_/A2
 _61175_/B1
 _61175_/B2
 _61175_/C1
 _61175_/C2
 _61175_/Y
 _61176_/A
 _61176_/Y
 _61177_/A1
 _61177_/A2
 _61177_/B1
 _61177_/B2
 _61177_/X
 _61178_/A
 _61178_/B
 _61178_/X
 _61179_/A
 _61179_/B
 _61179_/Y
 _61180_/A1
 _61180_/A2
 _61180_/B1
 _61180_/Y
 _61181_/A1
 _61181_/A2
 _61181_/B1
 _61181_/C1
 _61181_/D1
 _61181_/Y
 _61182_/A
 _61182_/B
 _61182_/C
 _61182_/D
 _61182_/Y
 _61183_/A
 _61183_/B
 _61183_/X
 _61184_/A
 _61184_/B
 _61184_/X
 _61185_/A
 _61185_/B
 _61185_/X
 _61186_/A
 _61186_/B
 _61186_/Y
 _61187_/A
 _61187_/B
 _61187_/Y
 _61188_/A
 _61188_/B
 _61188_/Y
 _61189_/A
 _61189_/B
 _61189_/Y
 _61190_/A
 _61190_/B
 _61190_/C
 _61190_/D
 _61190_/Y
 _61191_/A
 _61191_/B
 _61191_/C
 _61191_/D
 _61191_/Y
 _61192_/A1
 _61192_/A2
 _61192_/B1
 _61192_/B2
 _61192_/Y
 _61193_/A
 _61193_/B
 _61193_/X
 _61194_/A
 _61194_/B
 _61194_/X
 _61195_/A
 _61195_/B
 _61195_/X
 _61196_/A
 _61196_/B
 _61196_/C
 _61196_/D
 _61196_/Y
 _61197_/A
 _61197_/B
 _61197_/Y
 _61198_/A
 _61198_/B
 _61198_/Y
 _61199_/A
 _61199_/B
 _61199_/Y
 _61200_/A
 _61200_/B
 _61200_/Y
 _61201_/A
 _61201_/B
 _61201_/C
 _61201_/D
 _61201_/Y
 _61202_/A
 _61202_/B
 _61202_/Y
 _61203_/A
 _61203_/B
 _61203_/Y
 _61204_/A
 _61204_/B
 _61204_/Y
 _61205_/A
 _61205_/B
 _61205_/Y
 _61206_/A
 _61206_/B
 _61206_/C
 _61206_/D
 _61206_/Y
 _61207_/A
 _61207_/B
 _61207_/Y
 _61208_/A
 _61208_/B
 _61208_/Y
 _61209_/A
 _61209_/B
 _61209_/Y
 _61210_/A
 _61210_/B
 _61210_/Y
 _61211_/A
 _61211_/B
 _61211_/C
 _61211_/D
 _61211_/Y
 _61212_/A
 _61212_/B
 _61212_/Y
 _61213_/A
 _61213_/B
 _61213_/Y
 _61214_/A
 _61214_/B
 _61214_/Y
 _61215_/A
 _61215_/B
 _61215_/Y
 _61216_/A
 _61216_/B
 _61216_/C
 _61216_/D
 _61216_/Y
 _61217_/A
 _61217_/B
 _61217_/C
 _61217_/D
 _61217_/Y
 _61218_/A
 _61218_/B
 _61218_/C
 _61218_/Y
 _61219_/A1
 _61219_/A2
 _61219_/B1
 _61219_/B2
 _61219_/Y
 _61220_/A1_N
 _61220_/A2_N
 _61220_/B1
 _61220_/B2
 _61220_/Y
 _61221_/A1
 _61221_/A2
 _61221_/B1
 _61221_/B2
 _61221_/Y
 _61222_/A1
 _61222_/A2
 _61222_/B1
 _61222_/B2
 _61222_/C1
 _61222_/Y
 _61223_/A
 _61223_/B
 _61223_/C
 _61223_/Y
 _61224_/A
 _61224_/B
 _61224_/X
 _61225_/A1
 _61225_/A2
 _61225_/B1
 _61225_/Y
 _61226_/A
 _61226_/B
 _61226_/X
 _61227_/A
 _61227_/B
 _61227_/X
 _61228_/A
 _61228_/B
 _61228_/C
 _61228_/D
 _61228_/Y
 _61229_/A
 _61229_/B
 _61229_/Y
 _61230_/A
 _61230_/B
 _61230_/Y
 _61231_/A
 _61231_/B
 _61231_/Y
 _61232_/A
 _61232_/B
 _61232_/Y
 _61233_/A
 _61233_/B
 _61233_/C
 _61233_/D
 _61233_/Y
 _61234_/A
 _61234_/B
 _61234_/Y
 _61235_/A
 _61235_/B
 _61235_/Y
 _61236_/A
 _61236_/B
 _61236_/Y
 _61237_/A
 _61237_/B
 _61237_/Y
 _61238_/A
 _61238_/B
 _61238_/C
 _61238_/D
 _61238_/Y
 _61239_/A
 _61239_/B
 _61239_/Y
 _61240_/A
 _61240_/B
 _61240_/Y
 _61241_/A
 _61241_/B
 _61241_/Y
 _61242_/A
 _61242_/B
 _61242_/Y
 _61243_/A
 _61243_/B
 _61243_/C
 _61243_/D
 _61243_/Y
 _61244_/A
 _61244_/B
 _61244_/Y
 _61245_/A
 _61245_/B
 _61245_/Y
 _61246_/A
 _61246_/B
 _61246_/Y
 _61247_/A
 _61247_/B
 _61247_/Y
 _61248_/A
 _61248_/B
 _61248_/C
 _61248_/D
 _61248_/Y
 _61249_/A
 _61249_/B
 _61249_/C
 _61249_/D
 _61249_/Y
 _61250_/A
 _61250_/B
 _61250_/C
 _61250_/Y
 _61251_/A
 _61251_/B
 _61251_/C
 _61251_/X
 _61252_/A
 _61252_/B
 _61252_/Y
 _61253_/A
 _61253_/B
 _61253_/Y
 _61254_/A
 _61254_/B
 _61254_/Y
 _61255_/A
 _61255_/Y
 _61256_/A
 _61256_/Y
 _61257_/A1
 _61257_/A2
 _61257_/B1
 _61257_/B2
 _61257_/Y
 _61258_/A1
 _61258_/A2
 _61258_/B1
 _61258_/B2
 _61258_/Y
 _61259_/A1
 _61259_/A2
 _61259_/B1
 _61259_/B2
 _61259_/X
 _61260_/A
 _61260_/B
 _61260_/X
 _61261_/A
 _61261_/B
 _61261_/C
 _61261_/D
 _61261_/Y
 _61262_/A1_N
 _61262_/A2_N
 _61262_/B1
 _61262_/B2
 _61262_/Y
 _61263_/A
 _61263_/B
 _61263_/Y
 _61264_/A1
 _61264_/A2
 _61264_/B1
 _61264_/Y
 _61265_/A
 _61265_/B
 _61265_/Y
 _61266_/A1
 _61266_/A2
 _61266_/B1
 _61266_/Y
 _61267_/A
 _61267_/B
 _61267_/C
 _61267_/Y
 _61268_/A1
 _61268_/A2
 _61268_/B1
 _61268_/B2
 _61268_/C1
 _61268_/C2
 _61268_/Y
 _61269_/A1_N
 _61269_/A2_N
 _61269_/B1
 _61269_/B2
 _61269_/Y
 _61270_/A
 _61270_/B
 _61270_/X
 _61271_/A1
 _61271_/A2
 _61271_/B1
 _61271_/B2
 _61271_/X
 _61272_/A
 _61272_/B
 _61272_/X
 _61273_/A
 _61273_/B
 _61273_/C
 _61273_/D
 _61273_/Y
 _61274_/A
 _61274_/B
 _61274_/C
 _61274_/D
 _61274_/Y
 _61275_/A
 _61275_/B
 _61275_/Y
 _61276_/A
 _61276_/B
 _61276_/Y
 _61277_/A
 _61277_/B
 _61277_/Y
 _61278_/A
 _61278_/B
 _61278_/Y
 _61279_/A
 _61279_/B
 _61279_/C
 _61279_/D
 _61279_/Y
 _61280_/A
 _61280_/B
 _61280_/Y
 _61281_/A
 _61281_/B
 _61281_/Y
 _61282_/A
 _61282_/B
 _61282_/X
 _61283_/A1
 _61283_/A2
 _61283_/B1
 _61283_/Y
 _61284_/A
 _61284_/B
 _61284_/C
 _61284_/D
 _61284_/Y
 _61285_/A
 _61285_/B
 _61285_/X
 _61286_/A
 _61286_/B
 _61286_/X
 _61287_/A
 _61287_/B
 _61287_/X
 _61288_/A
 _61288_/B
 _61288_/X
 _61289_/A
 _61289_/B
 _61289_/C
 _61289_/D
 _61289_/Y
 _61290_/A
 _61290_/B
 _61290_/X
 _61291_/A
 _61291_/B
 _61291_/X
 _61292_/A
 _61292_/B
 _61292_/X
 _61293_/A
 _61293_/B
 _61293_/X
 _61294_/A
 _61294_/B
 _61294_/C
 _61294_/D
 _61294_/Y
 _61295_/A
 _61295_/B
 _61295_/X
 _61296_/A
 _61296_/B
 _61296_/X
 _61297_/A
 _61297_/B
 _61297_/X
 _61298_/A
 _61298_/B
 _61298_/X
 _61299_/A
 _61299_/B
 _61299_/C
 _61299_/D
 _61299_/Y
 _61300_/A
 _61300_/B
 _61300_/X
 _61301_/A
 _61301_/B
 _61301_/X
 _61302_/A
 _61302_/B
 _61302_/X
 _61303_/A
 _61303_/B
 _61303_/X
 _61304_/A
 _61304_/B
 _61304_/C
 _61304_/D
 _61304_/Y
 _61305_/A
 _61305_/B
 _61305_/C
 _61305_/D
 _61305_/Y
 _61306_/A
 _61306_/B
 _61306_/C
 _61306_/D
 _61306_/Y
 _61307_/A
 _61307_/B
 _61307_/C
 _61307_/D
 _61307_/Y
 _61308_/A1
 _61308_/A2
 _61308_/B1
 _61308_/B2
 _61308_/Y
 _61309_/A1
 _61309_/A2
 _61309_/B1
 _61309_/B2
 _61309_/Y
 _61310_/A
 _61310_/B
 _61310_/X
 _61311_/A
 _61311_/B
 _61311_/X
 _61312_/A
 _61312_/B
 _61312_/C
 _61312_/D
 _61312_/Y
 _61313_/A
 _61313_/B
 _61313_/X
 _61314_/A1
 _61314_/A2
 _61314_/B1
 _61314_/B2
 _61314_/C1
 _61314_/Y
 _61315_/A
 _61315_/B
 _61315_/Y
 _61316_/A
 _61316_/B
 _61316_/Y
 _61317_/A
 _61317_/B
 _61317_/C
 _61317_/D
 _61317_/Y
 _61318_/A
 _61318_/B
 _61318_/X
 _61319_/A
 _61319_/B
 _61319_/X
 _61320_/A
 _61320_/B
 _61320_/X
 _61321_/A
 _61321_/B
 _61321_/X
 _61322_/A
 _61322_/B
 _61322_/C
 _61322_/D
 _61322_/Y
 _61323_/A
 _61323_/B
 _61323_/X
 _61324_/A
 _61324_/B
 _61324_/X
 _61325_/A
 _61325_/B
 _61325_/X
 _61326_/A
 _61326_/B
 _61326_/X
 _61327_/A
 _61327_/B
 _61327_/C
 _61327_/D
 _61327_/Y
 _61328_/A
 _61328_/B
 _61328_/X
 _61329_/A
 _61329_/B
 _61329_/X
 _61330_/A
 _61330_/B
 _61330_/X
 _61331_/A
 _61331_/B
 _61331_/X
 _61332_/A
 _61332_/B
 _61332_/C
 _61332_/D
 _61332_/Y
 _61333_/A
 _61333_/B
 _61333_/X
 _61334_/A
 _61334_/B
 _61334_/X
 _61335_/A
 _61335_/B
 _61335_/X
 _61336_/A
 _61336_/B
 _61336_/X
 _61337_/A
 _61337_/B
 _61337_/C
 _61337_/D
 _61337_/Y
 _61338_/A
 _61338_/B
 _61338_/C
 _61338_/D
 _61338_/Y
 _61339_/A
 _61339_/B
 _61339_/C
 _61339_/Y
 _61340_/A
 _61340_/Y
 _61341_/A1
 _61341_/A2
 _61341_/B1
 _61341_/B2
 _61341_/Y
 _61342_/A1
 _61342_/A2
 _61342_/B1
 _61342_/B2
 _61342_/C1
 _61342_/Y
 _61343_/A
 _61343_/B
 _61343_/X
 _61344_/A1
 _61344_/A2
 _61344_/B1
 _61344_/B2
 _61344_/C1
 _61344_/Y
 _61345_/A
 _61345_/B
 _61345_/Y
 _61346_/A
 _61346_/B
 _61346_/Y
 _61347_/A
 _61347_/B
 _61347_/Y
 _61348_/A
 _61348_/B
 _61348_/Y
 _61349_/A
 _61349_/B
 _61349_/Y
 _61350_/A
 _61350_/B
 _61350_/C
 _61350_/D
 _61350_/Y
 _61351_/A
 _61351_/B
 _61351_/Y
 _61352_/A
 _61352_/B
 _61352_/Y
 _61353_/A
 _61353_/B
 _61353_/Y
 _61354_/A
 _61354_/B
 _61354_/C
 _61354_/Y
 _61355_/A
 _61355_/B
 _61355_/Y
 _61356_/A
 _61356_/B
 _61356_/Y
 _61357_/A
 _61357_/B
 _61357_/Y
 _61358_/A
 _61358_/B
 _61358_/Y
 _61359_/A
 _61359_/B
 _61359_/C
 _61359_/D
 _61359_/Y
 _61360_/A
 _61360_/B
 _61360_/C
 _61360_/Y
 _61361_/A
 _61361_/B
 _61361_/X
 _61362_/A1
 _61362_/A2
 _61362_/B1
 _61362_/B2
 _61362_/C1
 _61362_/Y
 _61363_/A
 _61363_/Y
 _61364_/A1
 _61364_/A2
 _61364_/B1
 _61364_/B2
 _61364_/Y
 _61365_/A1
 _61365_/A2
 _61365_/B1
 _61365_/B2
 _61365_/C1
 _61365_/Y
 _61366_/A
 _61366_/B
 _61366_/X
 _61367_/A
 _61367_/B
 _61367_/X
 _61368_/A1_N
 _61368_/A2_N
 _61368_/B1
 _61368_/B2
 _61368_/Y
 _61369_/A1
 _61369_/A2
 _61369_/B1
 _61369_/B2
 _61369_/C1
 _61369_/X
 _61370_/A
 _61370_/B
 _61370_/C
 _61370_/Y
 _61371_/A
 _61371_/B
 _61371_/C
 _61371_/D
 _61371_/Y
 _61372_/A
 _61372_/B
 _61372_/X
 _61373_/A
 _61373_/B
 _61373_/X
 _61374_/A
 _61374_/B
 _61374_/Y
 _61375_/A1
 _61375_/A2
 _61375_/B1
 _61375_/B2
 _61375_/Y
 _61376_/A1
 _61376_/A2
 _61376_/B1
 _61376_/B2
 _61376_/C1
 _61376_/Y
 _61377_/A
 _61377_/B
 _61377_/Y
 _61378_/A1
 _61378_/A2
 _61378_/B1
 _61378_/C1
 _61378_/D1
 _61378_/Y
 _61379_/A
 _61379_/B
 _61379_/X
 _61380_/A
 _61380_/B
 _61380_/X
 _61381_/A
 _61381_/B
 _61381_/X
 _61382_/A
 _61382_/B
 _61382_/X
 _61383_/A
 _61383_/B
 _61383_/C
 _61383_/D
 _61383_/Y
 _61384_/A
 _61384_/B
 _61384_/X
 _61385_/A
 _61385_/B
 _61385_/X
 _61386_/A
 _61386_/B
 _61386_/X
 _61387_/A
 _61387_/B
 _61387_/X
 _61388_/A
 _61388_/B
 _61388_/C
 _61388_/D
 _61388_/Y
 _61389_/A
 _61389_/Y
 _61390_/A1
 _61390_/A2
 _61390_/B1
 _61390_/B2
 _61390_/X
 _61391_/A
 _61391_/B
 _61391_/X
 _61392_/A1
 _61392_/A2
 _61392_/B1
 _61392_/B2
 _61392_/Y
 _61393_/A1
 _61393_/A2
 _61393_/B1
 _61393_/B2
 _61393_/Y
 _61394_/A
 _61394_/B
 _61394_/C
 _61394_/D
 _61394_/Y
 _61395_/A
 _61395_/B
 _61395_/C
 _61395_/Y
 _61396_/A
 _61396_/B
 _61396_/C
 _61396_/D
 _61396_/Y
 _61397_/A
 _61397_/B
 _61397_/Y
 _61398_/A
 _61398_/B
 _61398_/Y
 _61399_/A1
 _61399_/A2
 _61399_/B1
 _61399_/Y
 _61400_/A1
 _61400_/A2
 _61400_/B1
 _61400_/B2
 _61400_/C1
 _61400_/Y
 _61401_/A
 _61401_/B
 _61401_/C
 _61401_/X
 _61402_/A
 _61402_/B
 _61402_/X
 _61403_/A
 _61403_/B
 _61403_/X
 _61404_/A
 _61404_/B
 _61404_/X
 _61405_/A
 _61405_/B
 _61405_/X
 _61406_/A
 _61406_/B
 _61406_/C
 _61406_/D
 _61406_/Y
 _61407_/A
 _61407_/B
 _61407_/Y
 _61408_/A
 _61408_/B
 _61408_/Y
 _61409_/A
 _61409_/B
 _61409_/Y
 _61410_/A
 _61410_/B
 _61410_/Y
 _61411_/A
 _61411_/B
 _61411_/C
 _61411_/D
 _61411_/Y
 _61412_/A
 _61412_/B
 _61412_/Y
 _61413_/A
 _61413_/B
 _61413_/Y
 _61414_/A
 _61414_/B
 _61414_/Y
 _61415_/A
 _61415_/B
 _61415_/Y
 _61416_/A
 _61416_/B
 _61416_/C
 _61416_/D
 _61416_/Y
 _61417_/A
 _61417_/B
 _61417_/Y
 _61418_/A
 _61418_/B
 _61418_/Y
 _61419_/A
 _61419_/B
 _61419_/Y
 _61420_/A
 _61420_/B
 _61420_/Y
 _61421_/A
 _61421_/B
 _61421_/C
 _61421_/D
 _61421_/Y
 _61422_/A
 _61422_/B
 _61422_/Y
 _61423_/A
 _61423_/B
 _61423_/Y
 _61424_/A
 _61424_/B
 _61424_/Y
 _61425_/A
 _61425_/B
 _61425_/Y
 _61426_/A
 _61426_/B
 _61426_/C
 _61426_/D
 _61426_/Y
 _61427_/A
 _61427_/B
 _61427_/C
 _61427_/D
 _61427_/Y
 _61428_/A
 _61428_/B
 _61428_/C
 _61428_/D
 _61428_/Y
 _61429_/A
 _61429_/B
 _61429_/Y
 _61430_/A
 _61430_/B
 _61430_/Y
 _61431_/A
 _61431_/B
 _61431_/Y
 _61432_/A
 _61432_/B
 _61432_/Y
 _61433_/A
 _61433_/B
 _61433_/C
 _61433_/D
 _61433_/Y
 _61434_/A
 _61434_/B
 _61434_/Y
 _61435_/A
 _61435_/B
 _61435_/Y
 _61436_/A
 _61436_/B
 _61436_/Y
 _61437_/A
 _61437_/B
 _61437_/Y
 _61438_/A
 _61438_/B
 _61438_/C
 _61438_/D
 _61438_/Y
 _61439_/A
 _61439_/B
 _61439_/Y
 _61440_/A
 _61440_/B
 _61440_/Y
 _61441_/A
 _61441_/B
 _61441_/Y
 _61442_/A
 _61442_/B
 _61442_/Y
 _61443_/A
 _61443_/B
 _61443_/C
 _61443_/D
 _61443_/Y
 _61444_/A
 _61444_/B
 _61444_/Y
 _61445_/A
 _61445_/B
 _61445_/Y
 _61446_/A
 _61446_/B
 _61446_/Y
 _61447_/A
 _61447_/B
 _61447_/Y
 _61448_/A
 _61448_/B
 _61448_/C
 _61448_/D
 _61448_/Y
 _61449_/A
 _61449_/B
 _61449_/C
 _61449_/D
 _61449_/Y
 _61450_/A
 _61450_/B
 _61450_/Y
 _61451_/A
 _61451_/B
 _61451_/Y
 _61452_/A
 _61452_/B
 _61452_/Y
 _61453_/A
 _61453_/B
 _61453_/Y
 _61454_/A
 _61454_/B
 _61454_/C
 _61454_/D
 _61454_/Y
 _61455_/A
 _61455_/B
 _61455_/Y
 _61456_/A
 _61456_/B
 _61456_/Y
 _61457_/A
 _61457_/B
 _61457_/Y
 _61458_/A
 _61458_/B
 _61458_/Y
 _61459_/A
 _61459_/B
 _61459_/C
 _61459_/D
 _61459_/Y
 _61460_/A
 _61460_/B
 _61460_/Y
 _61461_/A
 _61461_/B
 _61461_/Y
 _61462_/A
 _61462_/B
 _61462_/Y
 _61463_/A
 _61463_/B
 _61463_/Y
 _61464_/A
 _61464_/B
 _61464_/C
 _61464_/D
 _61464_/Y
 _61465_/A
 _61465_/B
 _61465_/Y
 _61466_/A
 _61466_/B
 _61466_/Y
 _61467_/A
 _61467_/B
 _61467_/Y
 _61468_/A
 _61468_/B
 _61468_/Y
 _61469_/A
 _61469_/B
 _61469_/C
 _61469_/D
 _61469_/Y
 _61470_/A
 _61470_/B
 _61470_/C
 _61470_/D
 _61470_/Y
 _61471_/A
 _61471_/B
 _61471_/Y
 _61472_/A1
 _61472_/A2
 _61472_/B1
 _61472_/B2
 _61472_/C1
 _61472_/C2
 _61472_/Y
 _61473_/A
 _61473_/Y
 _61474_/A1
 _61474_/A2
 _61474_/B1
 _61474_/B2
 _61474_/Y
 _61475_/A1
 _61475_/A2
 _61475_/B1
 _61475_/B2
 _61475_/C1
 _61475_/Y
 _61476_/A1
 _61476_/A2
 _61476_/B1
 _61476_/Y
 _61477_/A
 _61477_/B
 _61477_/X
 _61478_/A
 _61478_/B
 _61478_/X
 _61479_/A1
 _61479_/A2
 _61479_/B1
 _61479_/B2
 _61479_/Y
 _61480_/A
 _61480_/B
 _61480_/C
 _61480_/D
 _61480_/Y
 _61481_/A
 _61481_/B
 _61481_/X
 _61482_/A
 _61482_/B
 _61482_/X
 _61483_/A
 _61483_/B
 _61483_/X
 _61484_/A
 _61484_/B
 _61484_/C
 _61484_/Y
 _61485_/A
 _61485_/B
 _61485_/C
 _61485_/D
 _61485_/Y
 _61486_/A1
 _61486_/A2
 _61486_/B1
 _61486_/B2
 _61486_/Y
 _61487_/A1
 _61487_/A2
 _61487_/B1
 _61487_/B2
 _61487_/C1
 _61487_/Y
 _61488_/A1
 _61488_/A2
 _61488_/B1
 _61488_/B2
 _61488_/Y
 _61489_/A1
 _61489_/A2
 _61489_/B1
 _61489_/B2
 _61489_/C1
 _61489_/Y
 _61490_/A1
 _61490_/A2
 _61490_/B1
 _61490_/B2
 _61490_/Y
 _61491_/A1
 _61491_/A2
 _61491_/B1
 _61491_/B2
 _61491_/C1
 _61491_/Y
 _61492_/A
 _61492_/B
 _61492_/C
 _61492_/Y
 _61493_/A
 _61493_/B
 _61493_/X
 _61494_/A
 _61494_/B
 _61494_/X
 _61495_/A
 _61495_/B
 _61495_/X
 _61496_/A
 _61496_/B
 _61496_/X
 _61497_/A
 _61497_/B
 _61497_/C
 _61497_/D
 _61497_/Y
 _61498_/A
 _61498_/B
 _61498_/X
 _61499_/A
 _61499_/B
 _61499_/X
 _61500_/A
 _61500_/B
 _61500_/X
 _61501_/A
 _61501_/B
 _61501_/X
 _61502_/A
 _61502_/B
 _61502_/C
 _61502_/D
 _61502_/Y
 _61503_/A
 _61503_/B
 _61503_/X
 _61504_/A
 _61504_/B
 _61504_/X
 _61505_/A
 _61505_/B
 _61505_/X
 _61506_/A
 _61506_/B
 _61506_/X
 _61507_/A
 _61507_/B
 _61507_/C
 _61507_/D
 _61507_/Y
 _61508_/A
 _61508_/B
 _61508_/X
 _61509_/A
 _61509_/B
 _61509_/X
 _61510_/A
 _61510_/B
 _61510_/X
 _61511_/A
 _61511_/B
 _61511_/X
 _61512_/A
 _61512_/B
 _61512_/C
 _61512_/D
 _61512_/Y
 _61513_/A
 _61513_/B
 _61513_/C
 _61513_/D
 _61513_/Y
 _61514_/A
 _61514_/B
 _61514_/C
 _61514_/D
 _61514_/Y
 _61515_/A
 _61515_/B
 _61515_/X
 _61516_/A
 _61516_/B
 _61516_/X
 _61517_/A
 _61517_/B
 _61517_/X
 _61518_/A
 _61518_/B
 _61518_/Y
 _61519_/A
 _61519_/B
 _61519_/Y
 _61520_/A
 _61520_/B
 _61520_/Y
 _61521_/A
 _61521_/B
 _61521_/Y
 _61522_/A
 _61522_/B
 _61522_/C
 _61522_/D
 _61522_/Y
 _61523_/A
 _61523_/B
 _61523_/C
 _61523_/D
 _61523_/Y
 _61524_/A
 _61524_/B
 _61524_/X
 _61525_/A
 _61525_/B
 _61525_/X
 _61526_/A
 _61526_/B
 _61526_/X
 _61527_/A
 _61527_/B
 _61527_/X
 _61528_/A
 _61528_/B
 _61528_/C
 _61528_/D
 _61528_/Y
 _61529_/A
 _61529_/B
 _61529_/Y
 _61530_/A
 _61530_/B
 _61530_/Y
 _61531_/A
 _61531_/B
 _61531_/Y
 _61532_/A
 _61532_/B
 _61532_/Y
 _61533_/A
 _61533_/B
 _61533_/C
 _61533_/D
 _61533_/Y
 _61534_/A
 _61534_/B
 _61534_/Y
 _61535_/A
 _61535_/B
 _61535_/Y
 _61536_/A
 _61536_/B
 _61536_/Y
 _61537_/A
 _61537_/B
 _61537_/Y
 _61538_/A
 _61538_/B
 _61538_/C
 _61538_/D
 _61538_/Y
 _61539_/A
 _61539_/B
 _61539_/Y
 _61540_/A
 _61540_/B
 _61540_/Y
 _61541_/A
 _61541_/B
 _61541_/Y
 _61542_/A
 _61542_/B
 _61542_/Y
 _61543_/A
 _61543_/B
 _61543_/C
 _61543_/D
 _61543_/Y
 _61544_/A
 _61544_/B
 _61544_/Y
 _61545_/A
 _61545_/B
 _61545_/Y
 _61546_/A
 _61546_/B
 _61546_/Y
 _61547_/A
 _61547_/B
 _61547_/Y
 _61548_/A
 _61548_/B
 _61548_/C
 _61548_/D
 _61548_/Y
 _61549_/A
 _61549_/B
 _61549_/C
 _61549_/D
 _61549_/Y
 _61550_/A
 _61550_/B
 _61550_/C
 _61550_/Y
 _61551_/A
 _61551_/B
 _61551_/Y
 _61552_/A
 _61552_/B
 _61552_/Y
 _61553_/A
 _61553_/Y
 _61554_/A
 _61554_/Y
 _61555_/A1
 _61555_/A2
 _61555_/B1
 _61555_/B2
 _61555_/C1
 _61555_/C2
 _61555_/Y
 _61556_/A
 _61556_/B
 _61556_/X
 _61557_/A1
 _61557_/A2
 _61557_/B1
 _61557_/B2
 _61557_/C1
 _61557_/Y
 _61558_/A
 _61558_/B
 _61558_/C
 _61558_/D
 _61558_/Y
 _61559_/A
 _61559_/B
 _61559_/Y
 _61560_/A
 _61560_/B
 _61560_/Y
 _61561_/A
 _61561_/B
 _61561_/Y
 _61562_/A
 _61562_/B
 _61562_/Y
 _61563_/A
 _61563_/B
 _61563_/C
 _61563_/D
 _61563_/Y
 _61564_/A
 _61564_/B
 _61564_/Y
 _61565_/A
 _61565_/B
 _61565_/Y
 _61566_/A
 _61566_/B
 _61566_/Y
 _61567_/A
 _61567_/B
 _61567_/Y
 _61568_/A
 _61568_/B
 _61568_/C
 _61568_/D
 _61568_/Y
 _61569_/A
 _61569_/B
 _61569_/C
 _61569_/D
 _61569_/Y
 _61570_/A
 _61570_/B
 _61570_/Y
 _61571_/A
 _61571_/B
 _61571_/Y
 _61572_/A
 _61572_/B
 _61572_/Y
 _61573_/A
 _61573_/B
 _61573_/Y
 _61574_/A
 _61574_/B
 _61574_/C
 _61574_/D
 _61574_/Y
 _61575_/A
 _61575_/B
 _61575_/Y
 _61576_/A
 _61576_/B
 _61576_/Y
 _61577_/A
 _61577_/B
 _61577_/Y
 _61578_/A
 _61578_/B
 _61578_/Y
 _61579_/A
 _61579_/B
 _61579_/C
 _61579_/D
 _61579_/Y
 _61580_/A
 _61580_/B
 _61580_/Y
 _61581_/A
 _61581_/B
 _61581_/Y
 _61582_/A
 _61582_/B
 _61582_/Y
 _61583_/A
 _61583_/B
 _61583_/Y
 _61584_/A
 _61584_/B
 _61584_/C
 _61584_/D
 _61584_/Y
 _61585_/A
 _61585_/B
 _61585_/Y
 _61586_/A
 _61586_/B
 _61586_/Y
 _61587_/A
 _61587_/B
 _61587_/Y
 _61588_/A
 _61588_/B
 _61588_/Y
 _61589_/A
 _61589_/B
 _61589_/C
 _61589_/D
 _61589_/Y
 _61590_/A
 _61590_/B
 _61590_/C
 _61590_/D
 _61590_/Y
 _61591_/A
 _61591_/B
 _61591_/X
 _61592_/A1
 _61592_/A2
 _61592_/B1
 _61592_/Y
 _61593_/A
 _61593_/B
 _61593_/X
 _61594_/A
 _61594_/B
 _61594_/X
 _61595_/A
 _61595_/B
 _61595_/C
 _61595_/D
 _61595_/Y
 _61596_/A1
 _61596_/A2
 _61596_/B1
 _61596_/B2
 _61596_/Y
 _61597_/A
 _61597_/B
 _61597_/X
 _61598_/A1
 _61598_/A2
 _61598_/B1
 _61598_/B2
 _61598_/Y
 _61599_/A
 _61599_/B
 _61599_/X
 _61600_/A
 _61600_/B
 _61600_/C
 _61600_/D
 _61600_/Y
 _61601_/A
 _61601_/B
 _61601_/C
 _61601_/D
 _61601_/Y
 _61602_/A
 _61602_/B
 _61602_/X
 _61603_/A
 _61603_/B
 _61603_/X
 _61604_/A
 _61604_/B
 _61604_/X
 _61605_/A
 _61605_/B
 _61605_/Y
 _61606_/A
 _61606_/B
 _61606_/Y
 _61607_/A
 _61607_/B
 _61607_/Y
 _61608_/A
 _61608_/B
 _61608_/Y
 _61609_/A
 _61609_/B
 _61609_/C
 _61609_/D
 _61609_/Y
 _61610_/A
 _61610_/B
 _61610_/C
 _61610_/D
 _61610_/Y
 _61611_/A
 _61611_/B
 _61611_/X
 _61612_/A
 _61612_/B
 _61612_/X
 _61613_/A
 _61613_/B
 _61613_/X
 _61614_/A
 _61614_/B
 _61614_/X
 _61615_/A
 _61615_/B
 _61615_/C
 _61615_/D
 _61615_/Y
 _61616_/A
 _61616_/B
 _61616_/Y
 _61617_/A
 _61617_/B
 _61617_/Y
 _61618_/A
 _61618_/B
 _61618_/Y
 _61619_/A
 _61619_/B
 _61619_/Y
 _61620_/A
 _61620_/B
 _61620_/C
 _61620_/D
 _61620_/Y
 _61621_/A
 _61621_/B
 _61621_/Y
 _61622_/A
 _61622_/B
 _61622_/Y
 _61623_/A
 _61623_/B
 _61623_/Y
 _61624_/A
 _61624_/B
 _61624_/Y
 _61625_/A
 _61625_/B
 _61625_/C
 _61625_/D
 _61625_/Y
 _61626_/A
 _61626_/B
 _61626_/Y
 _61627_/A
 _61627_/B
 _61627_/Y
 _61628_/A
 _61628_/B
 _61628_/Y
 _61629_/A
 _61629_/B
 _61629_/Y
 _61630_/A
 _61630_/B
 _61630_/C
 _61630_/D
 _61630_/Y
 _61631_/A
 _61631_/B
 _61631_/Y
 _61632_/A
 _61632_/B
 _61632_/Y
 _61633_/A
 _61633_/B
 _61633_/Y
 _61634_/A
 _61634_/B
 _61634_/Y
 _61635_/A
 _61635_/B
 _61635_/C
 _61635_/D
 _61635_/Y
 _61636_/A
 _61636_/B
 _61636_/C
 _61636_/D
 _61636_/Y
 _61637_/A
 _61637_/B
 _61637_/C
 _61637_/Y
 _61638_/A1_N
 _61638_/A2_N
 _61638_/B1
 _61638_/B2
 _61638_/Y
 _61639_/A
 _61639_/B
 _61639_/X
 _61640_/A
 _61640_/B
 _61640_/X
 _61641_/A1
 _61641_/A2
 _61641_/B1
 _61641_/B2
 _61641_/Y
 _61642_/A1
 _61642_/A2
 _61642_/B1
 _61642_/B2
 _61642_/C1
 _61642_/Y
 _61643_/A
 _61643_/B
 _61643_/C
 _61643_/Y
 _61644_/A
 _61644_/B
 _61644_/Y
 _61645_/A
 _61645_/B
 _61645_/Y
 _61646_/A
 _61646_/B
 _61646_/Y
 _61647_/A
 _61647_/B
 _61647_/Y
 _61648_/A
 _61648_/B
 _61648_/C
 _61648_/D
 _61648_/Y
 _61649_/A
 _61649_/B
 _61649_/Y
 _61650_/A
 _61650_/B
 _61650_/Y
 _61651_/A
 _61651_/B
 _61651_/Y
 _61652_/A
 _61652_/B
 _61652_/Y
 _61653_/A
 _61653_/B
 _61653_/C
 _61653_/D
 _61653_/Y
 _61654_/A
 _61654_/B
 _61654_/Y
 _61655_/A1
 _61655_/A2
 _61655_/B1
 _61655_/C1
 _61655_/D1
 _61655_/Y
 _61656_/A
 _61656_/Y
 _61657_/A1
 _61657_/A2
 _61657_/B1
 _61657_/B2
 _61657_/Y
 _61658_/A1
 _61658_/A2
 _61658_/B1
 _61658_/B2
 _61658_/C1
 _61658_/Y
 _61659_/A1
 _61659_/A2
 _61659_/B1
 _61659_/B2
 _61659_/Y
 _61660_/A1
 _61660_/A2
 _61660_/B1
 _61660_/B2
 _61660_/C1
 _61660_/Y
 _61661_/A
 _61661_/B
 _61661_/Y
 _61662_/A
 _61662_/B
 _61662_/X
 _61663_/A1
 _61663_/A2
 _61663_/B1
 _61663_/Y
 _61664_/A
 _61664_/B
 _61664_/X
 _61665_/A
 _61665_/B
 _61665_/X
 _61666_/A
 _61666_/B
 _61666_/C
 _61666_/D
 _61666_/Y
 _61667_/A
 _61667_/B
 _61667_/Y
 _61668_/A
 _61668_/B
 _61668_/Y
 _61669_/A
 _61669_/B
 _61669_/Y
 _61670_/A
 _61670_/B
 _61670_/Y
 _61671_/A
 _61671_/B
 _61671_/C
 _61671_/D
 _61671_/Y
 _61672_/A
 _61672_/B
 _61672_/Y
 _61673_/A
 _61673_/B
 _61673_/Y
 _61674_/A
 _61674_/B
 _61674_/Y
 _61675_/A
 _61675_/B
 _61675_/Y
 _61676_/A
 _61676_/B
 _61676_/C
 _61676_/D
 _61676_/Y
 _61677_/A
 _61677_/B
 _61677_/Y
 _61678_/A
 _61678_/B
 _61678_/Y
 _61679_/A
 _61679_/B
 _61679_/Y
 _61680_/A
 _61680_/B
 _61680_/Y
 _61681_/A
 _61681_/B
 _61681_/C
 _61681_/D
 _61681_/Y
 _61682_/A
 _61682_/B
 _61682_/Y
 _61683_/A
 _61683_/B
 _61683_/Y
 _61684_/A
 _61684_/B
 _61684_/Y
 _61685_/A
 _61685_/B
 _61685_/Y
 _61686_/A
 _61686_/B
 _61686_/C
 _61686_/D
 _61686_/Y
 _61687_/A
 _61687_/B
 _61687_/C
 _61687_/D
 _61687_/Y
 _61688_/A
 _61688_/B
 _61688_/C
 _61688_/Y
 _61689_/A
 _61689_/B
 _61689_/C
 _61689_/Y
 _61690_/A
 _61690_/B
 _61690_/X
 _61691_/A
 _61691_/Y
 _61692_/A1
 _61692_/A2
 _61692_/B1
 _61692_/Y
 _61693_/A
 _61693_/B
 _61693_/Y
 _61694_/A
 _61694_/B
 _61694_/Y
 _61695_/A
 _61695_/B
 _61695_/Y
 _61696_/A
 _61696_/B
 _61696_/Y
 _61697_/A
 _61697_/B
 _61697_/Y
 _61698_/A
 _61698_/B
 _61698_/Y
 _61699_/A
 _61699_/B
 _61699_/Y
 _61700_/A
 _61700_/B
 _61700_/C
 _61700_/D
 _61700_/Y
 _61701_/A
 _61701_/B
 _61701_/C
 _61701_/D
 _61701_/Y
 _61702_/A1
 _61702_/A2
 _61702_/B1
 _61702_/B2
 _61702_/X
 _61703_/A1
 _61703_/A2
 _61703_/B1
 _61703_/B2
 _61703_/C1
 _61703_/Y
 _61704_/A
 _61704_/B
 _61704_/X
 _61705_/A1
 _61705_/A2
 _61705_/B1
 _61705_/B2
 _61705_/C1
 _61705_/Y
 _61706_/A
 _61706_/B
 _61706_/Y
 _61707_/A
 _61707_/B
 _61707_/Y
 _61708_/A
 _61708_/B
 _61708_/Y
 _61709_/A
 _61709_/B
 _61709_/Y
 _61710_/A
 _61710_/B
 _61710_/C
 _61710_/D
 _61710_/Y
 _61711_/A
 _61711_/B
 _61711_/Y
 _61712_/A
 _61712_/B
 _61712_/Y
 _61713_/A
 _61713_/B
 _61713_/Y
 _61714_/A
 _61714_/B
 _61714_/Y
 _61715_/A
 _61715_/B
 _61715_/C
 _61715_/D
 _61715_/Y
 _61716_/A
 _61716_/B
 _61716_/Y
 _61717_/A
 _61717_/B
 _61717_/C
 _61717_/D
 _61717_/Y
 _61718_/A1
 _61718_/A2
 _61718_/B1
 _61718_/B2
 _61718_/Y
 _61719_/A
 _61719_/Y
 _61720_/A1
 _61720_/A2
 _61720_/B1
 _61720_/B2
 _61720_/Y
 _61721_/A1
 _61721_/A2
 _61721_/B1
 _61721_/B2
 _61721_/C1
 _61721_/Y
 _61722_/A
 _61722_/Y
 _61723_/A
 _61723_/Y
 _61724_/A1
 _61724_/A2
 _61724_/B1
 _61724_/B2
 _61724_/Y
 _61725_/A1
 _61725_/A2
 _61725_/B1
 _61725_/B2
 _61725_/C1
 _61725_/Y
 _61726_/A1
 _61726_/A2
 _61726_/B1
 _61726_/B2
 _61726_/Y
 _61727_/A
 _61727_/B
 _61727_/X
 _61728_/A1
 _61728_/A2
 _61728_/B1
 _61728_/B2
 _61728_/Y
 _61729_/A1
 _61729_/A2
 _61729_/B1
 _61729_/B2
 _61729_/C1
 _61729_/Y
 _61730_/A
 _61730_/B
 _61730_/C
 _61730_/Y
 _61731_/A
 _61731_/B
 _61731_/C
 _61731_/Y
 _61732_/A1
 _61732_/A2
 _61732_/B1
 _61732_/C1
 _61732_/D1
 _61732_/X
 _61733_/A
 _61733_/B
 _61733_/Y
 _61734_/A
 _61734_/B
 _61734_/Y
 _61735_/A
 _61735_/B
 _61735_/Y
 _61736_/A
 _61736_/B
 _61736_/Y
 _61737_/A
 _61737_/B
 _61737_/C
 _61737_/D
 _61737_/Y
 _61738_/A
 _61738_/B
 _61738_/Y
 _61739_/A
 _61739_/B
 _61739_/Y
 _61740_/A
 _61740_/B
 _61740_/Y
 _61741_/A
 _61741_/B
 _61741_/Y
 _61742_/A
 _61742_/B
 _61742_/C
 _61742_/D
 _61742_/Y
 _61743_/A
 _61743_/B
 _61743_/X
 _61744_/A
 _61744_/B
 _61744_/X
 _61745_/A
 _61745_/B
 _61745_/X
 _61746_/A
 _61746_/B
 _61746_/Y
 _61747_/A
 _61747_/B
 _61747_/Y
 _61748_/A
 _61748_/B
 _61748_/Y
 _61749_/A
 _61749_/B
 _61749_/Y
 _61750_/A
 _61750_/B
 _61750_/C
 _61750_/D
 _61750_/Y
 _61751_/A
 _61751_/B
 _61751_/C
 _61751_/D
 _61751_/Y
 _61752_/A
 _61752_/B
 _61752_/X
 _61753_/A
 _61753_/B
 _61753_/X
 _61754_/A
 _61754_/B
 _61754_/X
 _61755_/A
 _61755_/B
 _61755_/X
 _61756_/A
 _61756_/B
 _61756_/C
 _61756_/D
 _61756_/Y
 _61757_/A
 _61757_/B
 _61757_/Y
 _61758_/A
 _61758_/B
 _61758_/Y
 _61759_/A
 _61759_/B
 _61759_/Y
 _61760_/A
 _61760_/B
 _61760_/Y
 _61761_/A
 _61761_/B
 _61761_/C
 _61761_/D
 _61761_/Y
 _61762_/A
 _61762_/B
 _61762_/Y
 _61763_/A
 _61763_/B
 _61763_/Y
 _61764_/A
 _61764_/B
 _61764_/Y
 _61765_/A
 _61765_/B
 _61765_/Y
 _61766_/A
 _61766_/B
 _61766_/C
 _61766_/D
 _61766_/Y
 _61767_/A
 _61767_/B
 _61767_/Y
 _61768_/A
 _61768_/B
 _61768_/Y
 _61769_/A
 _61769_/B
 _61769_/Y
 _61770_/A
 _61770_/B
 _61770_/Y
 _61771_/A
 _61771_/B
 _61771_/C
 _61771_/D
 _61771_/Y
 _61772_/A
 _61772_/B
 _61772_/Y
 _61773_/A
 _61773_/B
 _61773_/Y
 _61774_/A
 _61774_/B
 _61774_/Y
 _61775_/A
 _61775_/B
 _61775_/Y
 _61776_/A
 _61776_/B
 _61776_/C
 _61776_/D
 _61776_/Y
 _61777_/A
 _61777_/B
 _61777_/C
 _61777_/D
 _61777_/Y
 _61778_/A
 _61778_/B
 _61778_/C
 _61778_/Y
 _61779_/A
 _61779_/B
 _61779_/C
 _61779_/D
 _61779_/Y
 _61780_/A
 _61780_/Y
 _61781_/A1
 _61781_/A2
 _61781_/B1
 _61781_/B2
 _61781_/C1
 _61781_/C2
 _61781_/Y
 _61782_/A1_N
 _61782_/A2_N
 _61782_/B1
 _61782_/B2
 _61782_/Y
 _61783_/A1
 _61783_/A2
 _61783_/B1
 _61783_/B2
 _61783_/C1
 _61783_/Y
 _61784_/A
 _61784_/Y
 _61785_/A1
 _61785_/A2
 _61785_/B1
 _61785_/B2
 _61785_/Y
 _61786_/A1
 _61786_/A2
 _61786_/B1
 _61786_/B2
 _61786_/Y
 _61787_/A
 _61787_/B
 _61787_/Y
 _61788_/A
 _61788_/Y
 _61789_/A1
 _61789_/A2
 _61789_/B1
 _61789_/Y
 _61790_/A
 _61790_/B
 _61790_/X
 _61791_/A
 _61791_/B
 _61791_/X
 _61792_/A1_N
 _61792_/A2_N
 _61792_/B1
 _61792_/B2
 _61792_/Y
 _61793_/A
 _61793_/B
 _61793_/C
 _61793_/D
 _61793_/Y
 _61794_/A
 _61794_/B
 _61794_/C
 _61794_/X
 _61795_/A
 _61795_/Y
 _61796_/A1
 _61796_/A2
 _61796_/B1
 _61796_/B2
 _61796_/Y
 _61797_/A1
 _61797_/A2
 _61797_/B1
 _61797_/B2
 _61797_/C1
 _61797_/X
 _61798_/A1
 _61798_/A2
 _61798_/B1
 _61798_/B2
 _61798_/Y
 _61799_/A1
 _61799_/A2
 _61799_/B1
 _61799_/B2
 _61799_/Y
 _61800_/A
 _61800_/B
 _61800_/X
 _61801_/A
 _61801_/B
 _61801_/X
 _61802_/A
 _61802_/B
 _61802_/X
 _61803_/A
 _61803_/B
 _61803_/X
 _61804_/A
 _61804_/B
 _61804_/C
 _61804_/D
 _61804_/Y
 _61805_/A
 _61805_/B
 _61805_/X
 _61806_/A
 _61806_/B
 _61806_/X
 _61807_/A
 _61807_/B
 _61807_/X
 _61808_/A
 _61808_/B
 _61808_/X
 _61809_/A
 _61809_/B
 _61809_/C
 _61809_/D
 _61809_/Y
 _61810_/A
 _61810_/B
 _61810_/Y
 _61811_/A
 _61811_/B
 _61811_/C
 _61811_/D
 _61811_/Y
 _61812_/A
 _61812_/B
 _61812_/C
 _61812_/Y
 _61813_/A1
 _61813_/A2
 _61813_/B1
 _61813_/B2
 _61813_/Y
 _61814_/A
 _61814_/B
 _61814_/X
 _61815_/A
 _61815_/B
 _61815_/X
 _61816_/A
 _61816_/B
 _61816_/X
 _61817_/A
 _61817_/B
 _61817_/C
 _61817_/D
 _61817_/Y
 _61818_/A
 _61818_/B
 _61818_/X
 _61819_/A
 _61819_/B
 _61819_/X
 _61820_/A
 _61820_/B
 _61820_/X
 _61821_/A
 _61821_/B
 _61821_/X
 _61822_/A
 _61822_/B
 _61822_/C
 _61822_/D
 _61822_/Y
 _61823_/A
 _61823_/B
 _61823_/X
 _61824_/A
 _61824_/B
 _61824_/X
 _61825_/A
 _61825_/B
 _61825_/X
 _61826_/A
 _61826_/B
 _61826_/X
 _61827_/A
 _61827_/B
 _61827_/C
 _61827_/D
 _61827_/Y
 _61828_/A
 _61828_/B
 _61828_/X
 _61829_/A
 _61829_/B
 _61829_/X
 _61830_/A
 _61830_/B
 _61830_/X
 _61831_/A
 _61831_/B
 _61831_/X
 _61832_/A
 _61832_/B
 _61832_/C
 _61832_/D
 _61832_/Y
 _61833_/A
 _61833_/B
 _61833_/C
 _61833_/D
 _61833_/Y
 _61834_/A
 _61834_/Y
 _61835_/A1
 _61835_/A2
 _61835_/B1
 _61835_/B2
 _61835_/Y
 _61836_/A1
 _61836_/A2
 _61836_/B1
 _61836_/B2
 _61836_/Y
 _61837_/A
 _61837_/B
 _61837_/Y
 _61838_/A1_N
 _61838_/A2_N
 _61838_/B1
 _61838_/B2
 _61838_/Y
 _61839_/A
 _61839_/Y
 _61840_/A1
 _61840_/A2
 _61840_/B1
 _61840_/B2
 _61840_/Y
 _61841_/A1
 _61841_/A2
 _61841_/B1
 _61841_/B2
 _61841_/Y
 _61842_/A1
 _61842_/A2
 _61842_/B1
 _61842_/B2
 _61842_/C1
 _61842_/Y
 _61843_/A
 _61843_/B
 _61843_/Y
 _61844_/A
 _61844_/B
 _61844_/Y
 _61845_/A
 _61845_/B
 _61845_/C
 _61845_/Y
 _61846_/A
 _61846_/B
 _61846_/C
 _61846_/D
 _61846_/Y
 _61847_/A
 _61847_/Y
 _61848_/A1
 _61848_/A2
 _61848_/B1
 _61848_/B2
 _61848_/X
 _61849_/A1
 _61849_/A2
 _61849_/B1
 _61849_/B2
 _61849_/C1
 _61849_/Y
 _61850_/A
 _61850_/B
 _61850_/X
 _61851_/A1
 _61851_/A2
 _61851_/B1
 _61851_/B2
 _61851_/C1
 _61851_/Y
 _61852_/A1_N
 _61852_/A2_N
 _61852_/B1
 _61852_/B2
 _61852_/Y
 _61853_/A1
 _61853_/A2
 _61853_/B1
 _61853_/B2
 _61853_/C1
 _61853_/X
 _61854_/A1
 _61854_/A2
 _61854_/B1
 _61854_/B2
 _61854_/Y
 _61855_/A1
 _61855_/A2
 _61855_/B1
 _61855_/B2
 _61855_/Y
 _61856_/A
 _61856_/B
 _61856_/C
 _61856_/Y
 _61857_/A
 _61857_/B
 _61857_/C
 _61857_/D
 _61857_/Y
 _61858_/A
 _61858_/B
 _61858_/X
 _61859_/A
 _61859_/B
 _61859_/X
 _61860_/A
 _61860_/B
 _61860_/X
 _61861_/A
 _61861_/B
 _61861_/C
 _61861_/Y
 _61862_/A
 _61862_/B
 _61862_/X
 _61863_/A
 _61863_/B
 _61863_/X
 _61864_/A
 _61864_/B
 _61864_/X
 _61865_/A
 _61865_/B
 _61865_/X
 _61866_/A
 _61866_/B
 _61866_/C
 _61866_/D
 _61866_/Y
 _61867_/A
 _61867_/B
 _61867_/X
 _61868_/A
 _61868_/B
 _61868_/X
 _61869_/A
 _61869_/B
 _61869_/X
 _61870_/A
 _61870_/B
 _61870_/X
 _61871_/A
 _61871_/B
 _61871_/C
 _61871_/D
 _61871_/Y
 _61872_/A
 _61872_/B
 _61872_/C
 _61872_/Y
 _61873_/A
 _61873_/B
 _61873_/C
 _61873_/D
 _61873_/Y
 _61874_/A
 _61874_/B
 _61874_/X
 _61875_/A
 _61875_/B
 _61875_/X
 _61876_/A
 _61876_/B
 _61876_/X
 _61877_/A
 _61877_/B
 _61877_/Y
 _61878_/A
 _61878_/B
 _61878_/Y
 _61879_/A
 _61879_/B
 _61879_/Y
 _61880_/A
 _61880_/B
 _61880_/Y
 _61881_/A
 _61881_/B
 _61881_/C
 _61881_/D
 _61881_/Y
 _61882_/A
 _61882_/B
 _61882_/C
 _61882_/D
 _61882_/Y
 _61883_/A
 _61883_/B
 _61883_/X
 _61884_/A
 _61884_/B
 _61884_/X
 _61885_/A
 _61885_/B
 _61885_/X
 _61886_/A
 _61886_/B
 _61886_/X
 _61887_/A
 _61887_/B
 _61887_/C
 _61887_/D
 _61887_/Y
 _61888_/A
 _61888_/B
 _61888_/Y
 _61889_/A
 _61889_/B
 _61889_/Y
 _61890_/A
 _61890_/B
 _61890_/Y
 _61891_/A
 _61891_/B
 _61891_/Y
 _61892_/A
 _61892_/B
 _61892_/C
 _61892_/D
 _61892_/Y
 _61893_/A
 _61893_/B
 _61893_/Y
 _61894_/A
 _61894_/B
 _61894_/Y
 _61895_/A
 _61895_/B
 _61895_/Y
 _61896_/A
 _61896_/B
 _61896_/Y
 _61897_/A
 _61897_/B
 _61897_/C
 _61897_/D
 _61897_/Y
 _61898_/A
 _61898_/B
 _61898_/Y
 _61899_/A
 _61899_/B
 _61899_/Y
 _61900_/A
 _61900_/B
 _61900_/Y
 _61901_/A
 _61901_/B
 _61901_/Y
 _61902_/A
 _61902_/B
 _61902_/C
 _61902_/D
 _61902_/Y
 _61903_/A
 _61903_/B
 _61903_/Y
 _61904_/A
 _61904_/B
 _61904_/Y
 _61905_/A
 _61905_/B
 _61905_/Y
 _61906_/A
 _61906_/B
 _61906_/Y
 _61907_/A
 _61907_/B
 _61907_/C
 _61907_/D
 _61907_/Y
 _61908_/A
 _61908_/B
 _61908_/C
 _61908_/D
 _61908_/Y
 _61909_/A
 _61909_/B
 _61909_/C
 _61909_/Y
 _61910_/A1
 _61910_/A2
 _61910_/B1
 _61910_/B2
 _61910_/C1
 _61910_/C2
 _61910_/Y
 _61911_/A
 _61911_/B
 _61911_/Y
 _61912_/A
 _61912_/B
 _61912_/Y
 _61913_/A
 _61913_/B
 _61913_/Y
 _61914_/A
 _61914_/B
 _61914_/Y
 _61915_/A
 _61915_/B
 _61915_/C
 _61915_/D
 _61915_/Y
 _61916_/A
 _61916_/B
 _61916_/Y
 _61917_/A
 _61917_/B
 _61917_/Y
 _61918_/A
 _61918_/B
 _61918_/Y
 _61919_/A
 _61919_/B
 _61919_/Y
 _61920_/A
 _61920_/B
 _61920_/C
 _61920_/D
 _61920_/Y
 _61921_/A
 _61921_/B
 _61921_/Y
 _61922_/A1
 _61922_/A2
 _61922_/B1
 _61922_/B2
 _61922_/Y
 _61923_/A
 _61923_/B
 _61923_/X
 _61924_/A
 _61924_/Y
 _61925_/A1
 _61925_/A2
 _61925_/B1
 _61925_/B2
 _61925_/Y
 _61926_/A1
 _61926_/A2
 _61926_/B1
 _61926_/B2
 _61926_/C1
 _61926_/Y
 _61927_/A
 _61927_/B
 _61927_/C
 _61927_/Y
 _61928_/A
 _61928_/B
 _61928_/C
 _61928_/Y
 _61929_/A
 _61929_/B
 _61929_/X
 _61930_/A
 _61930_/B
 _61930_/X
 _61931_/A
 _61931_/B
 _61931_/X
 _61932_/A
 _61932_/B
 _61932_/X
 _61933_/A
 _61933_/B
 _61933_/C
 _61933_/D
 _61933_/Y
 _61934_/A
 _61934_/B
 _61934_/X
 _61935_/A
 _61935_/B
 _61935_/X
 _61936_/A
 _61936_/B
 _61936_/X
 _61937_/A
 _61937_/B
 _61937_/X
 _61938_/A
 _61938_/B
 _61938_/C
 _61938_/D
 _61938_/Y
 _61939_/A1
 _61939_/A2
 _61939_/B1
 _61939_/B2
 _61939_/Y
 _61940_/A1
 _61940_/A2
 _61940_/B1
 _61940_/B2
 _61940_/Y
 _61941_/A
 _61941_/B
 _61941_/X
 _61942_/A1
 _61942_/A2
 _61942_/B1
 _61942_/B2
 _61942_/C1
 _61942_/X
 _61943_/A1_N
 _61943_/A2_N
 _61943_/B1
 _61943_/B2
 _61943_/Y
 _61944_/A1_N
 _61944_/A2_N
 _61944_/B1
 _61944_/B2
 _61944_/Y
 _61945_/A
 _61945_/B
 _61945_/X
 _61946_/A
 _61946_/B
 _61946_/X
 _61947_/A
 _61947_/B
 _61947_/C
 _61947_/D
 _61947_/X
 _61948_/A
 _61948_/B
 _61948_/C
 _61948_/D
 _61948_/Y
 _61949_/A
 _61949_/B
 _61949_/X
 _61950_/A1
 _61950_/A2
 _61950_/B1
 _61950_/Y
 _61951_/A
 _61951_/B
 _61951_/Y
 _61952_/A
 _61952_/B
 _61952_/Y
 _61953_/A
 _61953_/B
 _61953_/C
 _61953_/D
 _61953_/Y
 _61954_/A
 _61954_/B
 _61954_/Y
 _61955_/A
 _61955_/B
 _61955_/Y
 _61956_/A
 _61956_/B
 _61956_/Y
 _61957_/A
 _61957_/B
 _61957_/Y
 _61958_/A
 _61958_/B
 _61958_/C
 _61958_/D
 _61958_/Y
 _61959_/A
 _61959_/B
 _61959_/Y
 _61960_/A
 _61960_/B
 _61960_/C
 _61960_/D
 _61960_/Y
 _61961_/A
 _61961_/B
 _61961_/C
 _61961_/Y
 _61962_/A
 _61962_/B
 _61962_/X
 _61963_/A
 _61963_/B
 _61963_/X
 _61964_/A
 _61964_/B
 _61964_/X
 _61965_/A
 _61965_/B
 _61965_/Y
 _61966_/A
 _61966_/B
 _61966_/Y
 _61967_/A
 _61967_/B
 _61967_/Y
 _61968_/A
 _61968_/B
 _61968_/Y
 _61969_/A
 _61969_/B
 _61969_/C
 _61969_/D
 _61969_/Y
 _61970_/A
 _61970_/B
 _61970_/C
 _61970_/D
 _61970_/Y
 _61971_/A1
 _61971_/A2
 _61971_/B1
 _61971_/B2
 _61971_/C1
 _61971_/C2
 _61971_/Y
 _61972_/A
 _61972_/B
 _61972_/Y
 _61973_/A
 _61973_/B
 _61973_/Y
 _61974_/A
 _61974_/B
 _61974_/C
 _61974_/D
 _61974_/Y
 _61975_/A
 _61975_/B
 _61975_/X
 _61976_/A
 _61976_/B
 _61976_/X
 _61977_/A
 _61977_/B
 _61977_/X
 _61978_/A
 _61978_/B
 _61978_/X
 _61979_/A
 _61979_/B
 _61979_/C
 _61979_/D
 _61979_/Y
 _61980_/A
 _61980_/B
 _61980_/X
 _61981_/A
 _61981_/B
 _61981_/X
 _61982_/A
 _61982_/B
 _61982_/X
 _61983_/A
 _61983_/B
 _61983_/X
 _61984_/A
 _61984_/B
 _61984_/C
 _61984_/D
 _61984_/Y
 _61985_/A
 _61985_/B
 _61985_/X
 _61986_/A
 _61986_/B
 _61986_/X
 _61987_/A
 _61987_/B
 _61987_/X
 _61988_/A
 _61988_/B
 _61988_/X
 _61989_/A
 _61989_/B
 _61989_/C
 _61989_/D
 _61989_/Y
 _61990_/A
 _61990_/B
 _61990_/X
 _61991_/A
 _61991_/B
 _61991_/X
 _61992_/A
 _61992_/B
 _61992_/X
 _61993_/A
 _61993_/B
 _61993_/X
 _61994_/A
 _61994_/B
 _61994_/C
 _61994_/D
 _61994_/Y
 _61995_/A
 _61995_/B
 _61995_/C
 _61995_/D
 _61995_/Y
 _61996_/A1
 _61996_/A2
 _61996_/B1
 _61996_/Y
 _61997_/A
 _61997_/B
 _61997_/X
 _61998_/A
 _61998_/B
 _61998_/X
 _61999_/A
 _61999_/Y
 _62000_/A1
 _62000_/A2
 _62000_/B1
 _62000_/B2
 _62000_/Y
 _62001_/A
 _62001_/B
 _62001_/C
 _62001_/D
 _62001_/Y
 _62002_/A
 _62002_/B
 _62002_/X
 _62003_/A
 _62003_/B
 _62003_/X
 _62004_/A
 _62004_/B
 _62004_/X
 _62005_/A
 _62005_/B
 _62005_/X
 _62006_/A
 _62006_/B
 _62006_/C
 _62006_/D
 _62006_/Y
 _62007_/A
 _62007_/B
 _62007_/X
 _62008_/A
 _62008_/B
 _62008_/X
 _62009_/A
 _62009_/B
 _62009_/X
 _62010_/A
 _62010_/B
 _62010_/X
 _62011_/A
 _62011_/B
 _62011_/C
 _62011_/D
 _62011_/Y
 _62012_/A
 _62012_/B
 _62012_/X
 _62013_/A
 _62013_/B
 _62013_/X
 _62014_/A
 _62014_/B
 _62014_/X
 _62015_/A
 _62015_/B
 _62015_/X
 _62016_/A
 _62016_/B
 _62016_/C
 _62016_/D
 _62016_/Y
 _62017_/A
 _62017_/B
 _62017_/C
 _62017_/D
 _62017_/Y
 _62018_/A1_N
 _62018_/A2_N
 _62018_/B1
 _62018_/B2
 _62018_/Y
 _62019_/A1
 _62019_/A2
 _62019_/B1
 _62019_/B2
 _62019_/Y
 _62020_/A1
 _62020_/A2
 _62020_/B1
 _62020_/B2
 _62020_/Y
 _62021_/A1
 _62021_/A2
 _62021_/B1
 _62021_/B2
 _62021_/C1
 _62021_/X
 _62022_/A
 _62022_/B
 _62022_/C
 _62022_/Y
 _62023_/A
 _62023_/Y
 _62024_/A1
 _62024_/A2
 _62024_/B1
 _62024_/B2
 _62024_/Y
 _62025_/A1
 _62025_/A2
 _62025_/B1
 _62025_/B2
 _62025_/Y
 _62026_/A
 _62026_/B
 _62026_/Y
 _62027_/A
 _62027_/B
 _62027_/Y
 _62028_/A
 _62028_/B
 _62028_/Y
 _62029_/A
 _62029_/B
 _62029_/Y
 _62030_/A
 _62030_/B
 _62030_/C
 _62030_/D
 _62030_/Y
 _62031_/A
 _62031_/B
 _62031_/Y
 _62032_/A
 _62032_/B
 _62032_/Y
 _62033_/A
 _62033_/B
 _62033_/Y
 _62034_/A
 _62034_/B
 _62034_/Y
 _62035_/A
 _62035_/B
 _62035_/C
 _62035_/D
 _62035_/Y
 _62036_/A
 _62036_/B
 _62036_/Y
 _62037_/A
 _62037_/B
 _62037_/Y
 _62038_/A
 _62038_/B
 _62038_/Y
 _62039_/A
 _62039_/B
 _62039_/Y
 _62040_/A
 _62040_/B
 _62040_/C
 _62040_/D
 _62040_/Y
 _62041_/A
 _62041_/B
 _62041_/Y
 _62042_/A
 _62042_/B
 _62042_/Y
 _62043_/A
 _62043_/B
 _62043_/Y
 _62044_/A
 _62044_/B
 _62044_/Y
 _62045_/A
 _62045_/B
 _62045_/C
 _62045_/D
 _62045_/Y
 _62046_/A
 _62046_/B
 _62046_/C
 _62046_/D
 _62046_/Y
 _62047_/A
 _62047_/B
 _62047_/C
 _62047_/D
 _62047_/Y
 _62048_/A
 _62048_/B
 _62048_/C
 _62048_/D
 _62048_/Y
 _62049_/A
 _62049_/B
 _62049_/Y
 _62050_/A
 _62050_/B
 _62050_/Y
 _62051_/A
 _62051_/B
 _62051_/Y
 _62052_/A
 _62052_/B
 _62052_/Y
 _62053_/A
 _62053_/B
 _62053_/C
 _62053_/D
 _62053_/Y
 _62054_/A
 _62054_/B
 _62054_/Y
 _62055_/A
 _62055_/B
 _62055_/Y
 _62056_/A
 _62056_/B
 _62056_/Y
 _62057_/A
 _62057_/B
 _62057_/Y
 _62058_/A
 _62058_/B
 _62058_/C
 _62058_/D
 _62058_/Y
 _62059_/A
 _62059_/B
 _62059_/Y
 _62060_/A
 _62060_/B
 _62060_/Y
 _62061_/A
 _62061_/B
 _62061_/Y
 _62062_/A
 _62062_/B
 _62062_/Y
 _62063_/A
 _62063_/B
 _62063_/C
 _62063_/D
 _62063_/Y
 _62064_/A
 _62064_/B
 _62064_/Y
 _62065_/A
 _62065_/B
 _62065_/Y
 _62066_/A
 _62066_/B
 _62066_/Y
 _62067_/A
 _62067_/B
 _62067_/Y
 _62068_/A
 _62068_/B
 _62068_/C
 _62068_/D
 _62068_/Y
 _62069_/A
 _62069_/B
 _62069_/C
 _62069_/D
 _62069_/Y
 _62070_/A
 _62070_/B
 _62070_/Y
 _62071_/A
 _62071_/B
 _62071_/Y
 _62072_/A
 _62072_/B
 _62072_/Y
 _62073_/A
 _62073_/B
 _62073_/Y
 _62074_/A
 _62074_/B
 _62074_/C
 _62074_/D
 _62074_/Y
 _62075_/A
 _62075_/B
 _62075_/Y
 _62076_/A
 _62076_/B
 _62076_/Y
 _62077_/A
 _62077_/B
 _62077_/Y
 _62078_/A
 _62078_/B
 _62078_/Y
 _62079_/A
 _62079_/B
 _62079_/C
 _62079_/D
 _62079_/Y
 _62080_/A
 _62080_/B
 _62080_/Y
 _62081_/A
 _62081_/B
 _62081_/Y
 _62082_/A
 _62082_/B
 _62082_/Y
 _62083_/A
 _62083_/B
 _62083_/Y
 _62084_/A
 _62084_/B
 _62084_/C
 _62084_/D
 _62084_/Y
 _62085_/A
 _62085_/B
 _62085_/Y
 _62086_/A
 _62086_/B
 _62086_/Y
 _62087_/A
 _62087_/B
 _62087_/Y
 _62088_/A
 _62088_/B
 _62088_/Y
 _62089_/A
 _62089_/B
 _62089_/C
 _62089_/D
 _62089_/Y
 _62090_/A
 _62090_/B
 _62090_/C
 _62090_/D
 _62090_/Y
 _62091_/A1
 _62091_/A2
 _62091_/B1
 _62091_/B2
 _62091_/Y
 _62092_/A
 _62092_/Y
 _62093_/A1
 _62093_/A2
 _62093_/B1
 _62093_/Y
 _62094_/A
 _62094_/B
 _62094_/X
 _62095_/A
 _62095_/B
 _62095_/X
 _62096_/A1
 _62096_/A2
 _62096_/B1
 _62096_/B2
 _62096_/Y
 _62097_/A
 _62097_/B
 _62097_/C
 _62097_/D
 _62097_/X
 _62098_/A1
 _62098_/A2
 _62098_/B1
 _62098_/C1
 _62098_/Y
 _62099_/A
 _62099_/B
 _62099_/X
 _62100_/A
 _62100_/B
 _62100_/X
 _62101_/A
 _62101_/B
 _62101_/X
 _62102_/A
 _62102_/B
 _62102_/C
 _62102_/Y
 _62103_/A
 _62103_/B
 _62103_/C
 _62103_/D
 _62103_/Y
 _62104_/A
 _62104_/B
 _62104_/X
 _62105_/A
 _62105_/B
 _62105_/X
 _62106_/A
 _62106_/B
 _62106_/X
 _62107_/A
 _62107_/B
 _62107_/X
 _62108_/A
 _62108_/B
 _62108_/C
 _62108_/D
 _62108_/Y
 _62109_/A
 _62109_/B
 _62109_/X
 _62110_/A
 _62110_/B
 _62110_/X
 _62111_/A
 _62111_/B
 _62111_/X
 _62112_/A
 _62112_/B
 _62112_/X
 _62113_/A
 _62113_/B
 _62113_/C
 _62113_/D
 _62113_/Y
 _62114_/A
 _62114_/B
 _62114_/Y
 _62115_/A
 _62115_/B
 _62115_/X
 _62116_/A1
 _62116_/A2
 _62116_/B1
 _62116_/B2
 _62116_/C1
 _62116_/Y
 _62117_/A
 _62117_/B
 _62117_/Y
 _62118_/A
 _62118_/B
 _62118_/Y
 _62119_/A
 _62119_/Y
 _62120_/A
 _62120_/B
 _62120_/X
 _62121_/A1
 _62121_/A2
 _62121_/B1
 _62121_/B2
 _62121_/C1
 _62121_/Y
 _62122_/A
 _62122_/B
 _62122_/Y
 _62123_/A
 _62123_/B
 _62123_/Y
 _62124_/A
 _62124_/B
 _62124_/C
 _62124_/X
 _62125_/A
 _62125_/B
 _62125_/C
 _62125_/D
 _62125_/Y
 _62126_/A
 _62126_/B
 _62126_/Y
 _62127_/A
 _62127_/B
 _62127_/Y
 _62128_/A
 _62128_/B
 _62128_/X
 _62129_/A
 _62129_/B
 _62129_/X
 _62130_/A
 _62130_/B
 _62130_/X
 _62131_/A
 _62131_/B
 _62131_/X
 _62132_/A
 _62132_/B
 _62132_/C
 _62132_/D
 _62132_/Y
 _62133_/A
 _62133_/B
 _62133_/X
 _62134_/A1
 _62134_/A2
 _62134_/B1
 _62134_/B2
 _62134_/C1
 _62134_/Y
 _62135_/A
 _62135_/B
 _62135_/C
 _62135_/D
 _62135_/Y
 _62136_/A
 _62136_/B
 _62136_/C
 _62136_/D
 _62136_/Y
 _62137_/A
 _62137_/B
 _62137_/Y
 _62138_/A
 _62138_/B
 _62138_/Y
 _62139_/A
 _62139_/B
 _62139_/Y
 _62140_/A
 _62140_/B
 _62140_/X
 _62141_/A
 _62141_/B
 _62141_/X
 _62142_/A
 _62142_/B
 _62142_/X
 _62143_/A
 _62143_/B
 _62143_/X
 _62144_/A
 _62144_/B
 _62144_/C
 _62144_/D
 _62144_/Y
 _62145_/A
 _62145_/B
 _62145_/C
 _62145_/D
 _62145_/Y
 _62146_/A
 _62146_/B
 _62146_/Y
 _62147_/A
 _62147_/B
 _62147_/Y
 _62148_/A
 _62148_/B
 _62148_/Y
 _62149_/A
 _62149_/B
 _62149_/Y
 _62150_/A
 _62150_/B
 _62150_/C
 _62150_/D
 _62150_/Y
 _62151_/A
 _62151_/B
 _62151_/X
 _62152_/A
 _62152_/B
 _62152_/X
 _62153_/A
 _62153_/B
 _62153_/X
 _62154_/A
 _62154_/B
 _62154_/X
 _62155_/A
 _62155_/B
 _62155_/C
 _62155_/D
 _62155_/Y
 _62156_/A
 _62156_/B
 _62156_/X
 _62157_/A
 _62157_/B
 _62157_/X
 _62158_/A
 _62158_/B
 _62158_/X
 _62159_/A
 _62159_/B
 _62159_/X
 _62160_/A
 _62160_/B
 _62160_/C
 _62160_/D
 _62160_/Y
 _62161_/A
 _62161_/B
 _62161_/X
 _62162_/A
 _62162_/B
 _62162_/X
 _62163_/A
 _62163_/B
 _62163_/X
 _62164_/A
 _62164_/B
 _62164_/X
 _62165_/A
 _62165_/B
 _62165_/C
 _62165_/D
 _62165_/Y
 _62166_/A
 _62166_/B
 _62166_/X
 _62167_/A
 _62167_/B
 _62167_/X
 _62168_/A
 _62168_/B
 _62168_/X
 _62169_/A
 _62169_/B
 _62169_/X
 _62170_/A
 _62170_/B
 _62170_/C
 _62170_/D
 _62170_/Y
 _62171_/A
 _62171_/B
 _62171_/C
 _62171_/D
 _62171_/Y
 _62172_/A
 _62172_/B
 _62172_/C
 _62172_/Y
 _62173_/A
 _62173_/Y
 _62174_/A1
 _62174_/A2
 _62174_/B1
 _62174_/B2
 _62174_/C1
 _62174_/C2
 _62174_/Y
 _62175_/A
 _62175_/B
 _62175_/Y
 _62176_/A
 _62176_/B
 _62176_/Y
 _62177_/A
 _62177_/B
 _62177_/Y
 _62178_/A
 _62178_/B
 _62178_/Y
 _62179_/A
 _62179_/B
 _62179_/C
 _62179_/D
 _62179_/Y
 _62180_/A
 _62180_/B
 _62180_/Y
 _62181_/A
 _62181_/B
 _62181_/Y
 _62182_/A
 _62182_/B
 _62182_/Y
 _62183_/A
 _62183_/B
 _62183_/Y
 _62184_/A
 _62184_/B
 _62184_/C
 _62184_/D
 _62184_/Y
 _62185_/A
 _62185_/B
 _62185_/Y
 _62186_/A1
 _62186_/A2
 _62186_/B1
 _62186_/B2
 _62186_/Y
 _62187_/A
 _62187_/B
 _62187_/X
 _62188_/A
 _62188_/Y
 _62189_/A
 _62189_/B
 _62189_/Y
 _62190_/A1
 _62190_/A2
 _62190_/B1
 _62190_/Y
 _62191_/A1
 _62191_/A2
 _62191_/B1
 _62191_/C1
 _62191_/D1
 _62191_/Y
 _62192_/A
 _62192_/B
 _62192_/C
 _62192_/D
 _62192_/Y
 _62193_/A
 _62193_/B
 _62193_/Y
 _62194_/A
 _62194_/B
 _62194_/Y
 _62195_/A
 _62195_/B
 _62195_/Y
 _62196_/A
 _62196_/B
 _62196_/Y
 _62197_/A
 _62197_/B
 _62197_/C
 _62197_/D
 _62197_/Y
 _62198_/A
 _62198_/B
 _62198_/Y
 _62199_/A
 _62199_/B
 _62199_/Y
 _62200_/A
 _62200_/B
 _62200_/Y
 _62201_/A
 _62201_/B
 _62201_/Y
 _62202_/A
 _62202_/B
 _62202_/C
 _62202_/D
 _62202_/Y
 _62203_/A1
 _62203_/A2
 _62203_/B1
 _62203_/B2
 _62203_/Y
 _62204_/A1
 _62204_/A2
 _62204_/B1
 _62204_/B2
 _62204_/C1
 _62204_/Y
 _62205_/A
 _62205_/B
 _62205_/X
 _62206_/A1
 _62206_/A2
 _62206_/B1
 _62206_/B2
 _62206_/C1
 _62206_/Y
 _62207_/A
 _62207_/B
 _62207_/Y
 _62208_/A1
 _62208_/A2
 _62208_/B1
 _62208_/Y
 _62209_/A
 _62209_/B
 _62209_/X
 _62210_/A
 _62210_/B
 _62210_/X
 _62211_/A
 _62211_/B
 _62211_/C
 _62211_/D
 _62211_/Y
 _62212_/A
 _62212_/B
 _62212_/Y
 _62213_/A1
 _62213_/A2
 _62213_/B1
 _62213_/B2
 _62213_/C1
 _62213_/Y
 _62214_/A
 _62214_/B
 _62214_/X
 _62215_/A
 _62215_/B
 _62215_/X
 _62216_/A
 _62216_/B
 _62216_/Y
 _62217_/A
 _62217_/B
 _62217_/Y
 _62218_/A
 _62218_/B
 _62218_/Y
 _62219_/A
 _62219_/B
 _62219_/Y
 _62220_/A
 _62220_/B
 _62220_/C
 _62220_/D
 _62220_/Y
 _62221_/A
 _62221_/B
 _62221_/C
 _62221_/D
 _62221_/Y
 _62222_/A_N
 _62222_/B
 _62222_/C
 _62222_/D
 _62222_/Y
 _62223_/A
 _62223_/B
 _62223_/C
 _62223_/D
 _62223_/Y
 _62224_/A
 _62224_/B
 _62224_/X
 _62225_/A
 _62225_/B
 _62225_/X
 _62226_/A
 _62226_/B
 _62226_/X
 _62227_/A
 _62227_/B
 _62227_/Y
 _62228_/A
 _62228_/B
 _62228_/Y
 _62229_/A
 _62229_/B
 _62229_/Y
 _62230_/A
 _62230_/B
 _62230_/Y
 _62231_/A
 _62231_/B
 _62231_/C
 _62231_/D
 _62231_/Y
 _62232_/A
 _62232_/B
 _62232_/C
 _62232_/D
 _62232_/Y
 _62233_/A
 _62233_/B
 _62233_/X
 _62234_/A
 _62234_/B
 _62234_/X
 _62235_/A
 _62235_/B
 _62235_/X
 _62236_/A
 _62236_/B
 _62236_/X
 _62237_/A
 _62237_/B
 _62237_/C
 _62237_/D
 _62237_/Y
 _62238_/A
 _62238_/B
 _62238_/Y
 _62239_/A
 _62239_/B
 _62239_/Y
 _62240_/A
 _62240_/B
 _62240_/Y
 _62241_/A
 _62241_/B
 _62241_/Y
 _62242_/A
 _62242_/B
 _62242_/C
 _62242_/D
 _62242_/Y
 _62243_/A
 _62243_/B
 _62243_/Y
 _62244_/A
 _62244_/B
 _62244_/Y
 _62245_/A
 _62245_/B
 _62245_/Y
 _62246_/A
 _62246_/B
 _62246_/Y
 _62247_/A
 _62247_/B
 _62247_/C
 _62247_/D
 _62247_/Y
 _62248_/A
 _62248_/B
 _62248_/Y
 _62249_/A
 _62249_/B
 _62249_/Y
 _62250_/A
 _62250_/B
 _62250_/Y
 _62251_/A
 _62251_/B
 _62251_/Y
 _62252_/A
 _62252_/B
 _62252_/C
 _62252_/D
 _62252_/Y
 _62253_/A
 _62253_/B
 _62253_/Y
 _62254_/A
 _62254_/B
 _62254_/Y
 _62255_/A
 _62255_/B
 _62255_/Y
 _62256_/A
 _62256_/B
 _62256_/Y
 _62257_/A
 _62257_/B
 _62257_/C
 _62257_/D
 _62257_/Y
 _62258_/A
 _62258_/B
 _62258_/C
 _62258_/D
 _62258_/Y
 _62259_/A
 _62259_/B
 _62259_/X
 _62260_/A1
 _62260_/A2
 _62260_/B1
 _62260_/B2
 _62260_/Y
 _62261_/A1
 _62261_/A2
 _62261_/B1
 _62261_/B2
 _62261_/C1
 _62261_/Y
 _62262_/A
 _62262_/Y
 _62263_/A1
 _62263_/A2
 _62263_/B1
 _62263_/Y
 _62264_/A
 _62264_/B
 _62264_/Y
 _62265_/A
 _62265_/B
 _62265_/Y
 _62266_/A
 _62266_/B
 _62266_/Y
 _62267_/A
 _62267_/B
 _62267_/Y
 _62268_/A
 _62268_/B
 _62268_/C
 _62268_/D
 _62268_/Y
 _62269_/A
 _62269_/B
 _62269_/C
 _62269_/D
 _62269_/X
 _62270_/A
 _62270_/Y
 _62271_/A1
 _62271_/A2
 _62271_/B1
 _62271_/B2
 _62271_/Y
 _62272_/A1
 _62272_/A2
 _62272_/B1
 _62272_/B2
 _62272_/Y
 _62273_/A1
 _62273_/A2
 _62273_/B1
 _62273_/B2
 _62273_/Y
 _62274_/A
 _62274_/B
 _62274_/Y
 _62275_/A1
 _62275_/A2
 _62275_/B1
 _62275_/B2
 _62275_/Y
 _62276_/A
 _62276_/Y
 _62277_/A1
 _62277_/A2
 _62277_/B1
 _62277_/B2
 _62277_/Y
 _62278_/A
 _62278_/B
 _62278_/C
 _62278_/Y
 _62279_/A1
 _62279_/A2
 _62279_/B1
 _62279_/C1
 _62279_/D1
 _62279_/Y
 _62280_/A
 _62280_/B
 _62280_/C
 _62280_/D
 _62280_/Y
 _62281_/A1
 _62281_/A2
 _62281_/B1
 _62281_/B2
 _62281_/Y
 _62282_/A1
 _62282_/A2
 _62282_/B1
 _62282_/B2
 _62282_/C1
 _62282_/Y
 _62283_/A
 _62283_/B
 _62283_/Y
 _62284_/A
 _62284_/B
 _62284_/Y
 _62285_/A1
 _62285_/A2
 _62285_/B1
 _62285_/C1
 _62285_/D1
 _62285_/Y
 _62286_/A
 _62286_/B
 _62286_/Y
 _62287_/A
 _62287_/B
 _62287_/Y
 _62288_/A
 _62288_/B
 _62288_/Y
 _62289_/A
 _62289_/B
 _62289_/Y
 _62290_/A
 _62290_/B
 _62290_/C
 _62290_/D
 _62290_/Y
 _62291_/A
 _62291_/B
 _62291_/X
 _62292_/A
 _62292_/B
 _62292_/X
 _62293_/A
 _62293_/B
 _62293_/X
 _62294_/A
 _62294_/B
 _62294_/X
 _62295_/A
 _62295_/B
 _62295_/C
 _62295_/D
 _62295_/Y
 _62296_/A
 _62296_/B
 _62296_/X
 _62297_/A
 _62297_/B
 _62297_/X
 _62298_/A
 _62298_/B
 _62298_/X
 _62299_/A
 _62299_/B
 _62299_/X
 _62300_/A
 _62300_/B
 _62300_/C
 _62300_/D
 _62300_/Y
 _62301_/A
 _62301_/B
 _62301_/X
 _62302_/A
 _62302_/B
 _62302_/X
 _62303_/A
 _62303_/B
 _62303_/X
 _62304_/A
 _62304_/B
 _62304_/X
 _62305_/A
 _62305_/B
 _62305_/C
 _62305_/D
 _62305_/Y
 _62306_/A
 _62306_/B
 _62306_/X
 _62307_/A
 _62307_/B
 _62307_/X
 _62308_/A
 _62308_/B
 _62308_/X
 _62309_/A
 _62309_/B
 _62309_/X
 _62310_/A
 _62310_/B
 _62310_/C
 _62310_/D
 _62310_/Y
 _62311_/A
 _62311_/B
 _62311_/C
 _62311_/D
 _62311_/Y
 _62312_/A
 _62312_/B
 _62312_/C
 _62312_/D
 _62312_/Y
 _62313_/A
 _62313_/B
 _62313_/X
 _62314_/A
 _62314_/B
 _62314_/X
 _62315_/A
 _62315_/B
 _62315_/X
 _62316_/A
 _62316_/B
 _62316_/Y
 _62317_/A
 _62317_/B
 _62317_/Y
 _62318_/A
 _62318_/B
 _62318_/Y
 _62319_/A
 _62319_/B
 _62319_/Y
 _62320_/A
 _62320_/B
 _62320_/C
 _62320_/D
 _62320_/Y
 _62321_/A
 _62321_/B
 _62321_/C
 _62321_/D
 _62321_/Y
 _62322_/A
 _62322_/B
 _62322_/X
 _62323_/A1
 _62323_/A2
 _62323_/B1
 _62323_/Y
 _62324_/A
 _62324_/B
 _62324_/X
 _62325_/A
 _62325_/B
 _62325_/X
 _62326_/A
 _62326_/B
 _62326_/C
 _62326_/D
 _62326_/Y
 _62327_/A
 _62327_/B
 _62327_/Y
 _62328_/A
 _62328_/B
 _62328_/Y
 _62329_/A
 _62329_/B
 _62329_/Y
 _62330_/A
 _62330_/B
 _62330_/Y
 _62331_/A
 _62331_/B
 _62331_/C
 _62331_/D
 _62331_/Y
 _62332_/A
 _62332_/B
 _62332_/Y
 _62333_/A
 _62333_/B
 _62333_/Y
 _62334_/A
 _62334_/B
 _62334_/Y
 _62335_/A
 _62335_/B
 _62335_/Y
 _62336_/A
 _62336_/B
 _62336_/C
 _62336_/D
 _62336_/Y
 _62337_/A
 _62337_/B
 _62337_/Y
 _62338_/A
 _62338_/B
 _62338_/Y
 _62339_/A
 _62339_/B
 _62339_/Y
 _62340_/A
 _62340_/B
 _62340_/Y
 _62341_/A
 _62341_/B
 _62341_/C
 _62341_/D
 _62341_/Y
 _62342_/A
 _62342_/B
 _62342_/Y
 _62343_/A
 _62343_/B
 _62343_/Y
 _62344_/A
 _62344_/B
 _62344_/Y
 _62345_/A
 _62345_/B
 _62345_/Y
 _62346_/A
 _62346_/B
 _62346_/C
 _62346_/D
 _62346_/Y
 _62347_/A
 _62347_/B
 _62347_/C
 _62347_/D
 _62347_/Y
 _62348_/A
 _62348_/Y
 _62349_/A1
 _62349_/A2
 _62349_/B1
 _62349_/B2
 _62349_/Y
 _62350_/A1
 _62350_/A2
 _62350_/B1
 _62350_/B2
 _62350_/C1
 _62350_/Y
 _62351_/A
 _62351_/Y
 _62352_/A1
 _62352_/A2
 _62352_/B1
 _62352_/B2
 _62352_/Y
 _62353_/A1
 _62353_/A2
 _62353_/B1
 _62353_/B2
 _62353_/C1
 _62353_/Y
 _62354_/A1_N
 _62354_/A2_N
 _62354_/B1
 _62354_/B2
 _62354_/Y
 _62355_/A1
 _62355_/A2
 _62355_/B1
 _62355_/B2
 _62355_/C1
 _62355_/X
 _62356_/A
 _62356_/B
 _62356_/X
 _62357_/A
 _62357_/B
 _62357_/X
 _62358_/A
 _62358_/B
 _62358_/C
 _62358_/Y
 _62359_/A
 _62359_/B
 _62359_/C
 _62359_/Y
 _62360_/A1_N
 _62360_/A2_N
 _62360_/B1
 _62360_/B2
 _62360_/Y
 _62361_/A
 _62361_/B
 _62361_/Y
 _62362_/A
 _62362_/B
 _62362_/Y
 _62363_/A1_N
 _62363_/A2_N
 _62363_/B1
 _62363_/B2
 _62363_/Y
 _62364_/A1
 _62364_/A2
 _62364_/B1
 _62364_/B2
 _62364_/C1
 _62364_/Y
 _62365_/A1
 _62365_/A2
 _62365_/B1
 _62365_/C1
 _62365_/D1
 _62365_/Y
 _62366_/A1
 _62366_/A2
 _62366_/B1
 _62366_/C1
 _62366_/D1
 _62366_/Y
 _62367_/A
 _62367_/B
 _62367_/C
 _62367_/D
 _62367_/Y
 _62368_/A1
 _62368_/A2
 _62368_/B1
 _62368_/B2
 _62368_/Y
 _62369_/A1_N
 _62369_/A2_N
 _62369_/B1
 _62369_/B2
 _62369_/Y
 _62370_/A1
 _62370_/A2
 _62370_/B1
 _62370_/B2
 _62370_/Y
 _62371_/A1
 _62371_/A2
 _62371_/B1
 _62371_/B2
 _62371_/C1
 _62371_/Y
 _62372_/A
 _62372_/B
 _62372_/Y
 _62373_/A
 _62373_/B
 _62373_/Y
 _62374_/A
 _62374_/B
 _62374_/Y
 _62375_/A
 _62375_/B
 _62375_/Y
 _62376_/A
 _62376_/B
 _62376_/C
 _62376_/D
 _62376_/Y
 _62377_/A
 _62377_/B
 _62377_/C
 _62377_/D
 _62377_/X
 _62378_/A
 _62378_/B
 _62378_/X
 _62379_/A
 _62379_/B
 _62379_/X
 _62380_/A
 _62380_/B
 _62380_/X
 _62381_/A
 _62381_/B
 _62381_/X
 _62382_/A
 _62382_/B
 _62382_/C
 _62382_/D
 _62382_/Y
 _62383_/A
 _62383_/B
 _62383_/X
 _62384_/A
 _62384_/B
 _62384_/X
 _62385_/A
 _62385_/B
 _62385_/X
 _62386_/A
 _62386_/B
 _62386_/X
 _62387_/A
 _62387_/B
 _62387_/C
 _62387_/D
 _62387_/Y
 _62388_/A
 _62388_/B
 _62388_/X
 _62389_/A
 _62389_/B
 _62389_/X
 _62390_/A
 _62390_/B
 _62390_/X
 _62391_/A
 _62391_/B
 _62391_/X
 _62392_/A
 _62392_/B
 _62392_/C
 _62392_/D
 _62392_/Y
 _62393_/A
 _62393_/B
 _62393_/X
 _62394_/A
 _62394_/B
 _62394_/X
 _62395_/A
 _62395_/B
 _62395_/X
 _62396_/A
 _62396_/B
 _62396_/X
 _62397_/A
 _62397_/B
 _62397_/C
 _62397_/D
 _62397_/Y
 _62398_/A
 _62398_/B
 _62398_/C
 _62398_/D
 _62398_/Y
 _62399_/A
 _62399_/B
 _62399_/C
 _62399_/Y
 _62400_/A1
 _62400_/A2
 _62400_/B1
 _62400_/B2
 _62400_/Y
 _62401_/A
 _62401_/B
 _62401_/X
 _62402_/A1
 _62402_/A2
 _62402_/B1
 _62402_/B2
 _62402_/C1
 _62402_/Y
 _62403_/A
 _62403_/Y
 _62404_/A
 _62404_/Y
 _62405_/A
 _62405_/Y
 _62406_/A
 _62406_/Y
 _62407_/A1
 _62407_/A2
 _62407_/B1
 _62407_/B2
 _62407_/Y
 _62408_/A1
 _62408_/A2
 _62408_/B1
 _62408_/B2
 _62408_/C1
 _62408_/Y
 _62409_/A1_N
 _62409_/A2_N
 _62409_/B1
 _62409_/B2
 _62409_/Y
 _62410_/A
 _62410_/Y
 _62411_/A1
 _62411_/A2
 _62411_/B1
 _62411_/B2
 _62411_/Y
 _62412_/A1
 _62412_/A2
 _62412_/B1
 _62412_/B2
 _62412_/Y
 _62413_/A1
 _62413_/A2
 _62413_/B1
 _62413_/Y
 _62414_/A
 _62414_/B
 _62414_/C
 _62414_/D
 _62414_/Y
 _62415_/A
 _62415_/B
 _62415_/C
 _62415_/Y
 _62416_/A
 _62416_/B
 _62416_/X
 _62417_/A
 _62417_/B
 _62417_/X
 _62418_/A
 _62418_/B
 _62418_/X
 _62419_/A
 _62419_/B
 _62419_/X
 _62420_/A
 _62420_/B
 _62420_/C
 _62420_/D
 _62420_/Y
 _62421_/A
 _62421_/B
 _62421_/X
 _62422_/A
 _62422_/B
 _62422_/X
 _62423_/A
 _62423_/B
 _62423_/X
 _62424_/A
 _62424_/B
 _62424_/X
 _62425_/A
 _62425_/B
 _62425_/C
 _62425_/D
 _62425_/Y
 _62426_/A1
 _62426_/A2
 _62426_/B1
 _62426_/B2
 _62426_/Y
 _62427_/A
 _62427_/B
 _62427_/X
 _62428_/A1
 _62428_/A2
 _62428_/B1
 _62428_/B2
 _62428_/Y
 _62429_/A
 _62429_/B
 _62429_/X
 _62430_/A
 _62430_/B
 _62430_/C
 _62430_/D
 _62430_/Y
 _62431_/A
 _62431_/B
 _62431_/C
 _62431_/Y
 _62432_/A1
 _62432_/A2
 _62432_/B1
 _62432_/C1
 _62432_/D1
 _62432_/X
 _62433_/A
 _62433_/B
 _62433_/Y
 _62434_/A
 _62434_/B
 _62434_/Y
 _62435_/A
 _62435_/B
 _62435_/Y
 _62436_/A
 _62436_/B
 _62436_/Y
 _62437_/A
 _62437_/B
 _62437_/C
 _62437_/D
 _62437_/Y
 _62438_/A
 _62438_/B
 _62438_/Y
 _62439_/A
 _62439_/B
 _62439_/Y
 _62440_/A
 _62440_/B
 _62440_/Y
 _62441_/A
 _62441_/B
 _62441_/Y
 _62442_/A
 _62442_/B
 _62442_/C
 _62442_/D
 _62442_/Y
 _62443_/A
 _62443_/B
 _62443_/Y
 _62444_/A
 _62444_/B
 _62444_/Y
 _62445_/A
 _62445_/B
 _62445_/Y
 _62446_/A
 _62446_/B
 _62446_/Y
 _62447_/A
 _62447_/B
 _62447_/C
 _62447_/D
 _62447_/Y
 _62448_/A
 _62448_/B
 _62448_/Y
 _62449_/A
 _62449_/B
 _62449_/Y
 _62450_/A
 _62450_/B
 _62450_/Y
 _62451_/A
 _62451_/B
 _62451_/Y
 _62452_/A
 _62452_/B
 _62452_/C
 _62452_/D
 _62452_/Y
 _62453_/A
 _62453_/B
 _62453_/C
 _62453_/D
 _62453_/Y
 _62454_/A
 _62454_/B
 _62454_/X
 _62455_/A
 _62455_/B
 _62455_/X
 _62456_/A
 _62456_/B
 _62456_/X
 _62457_/A
 _62457_/B
 _62457_/C
 _62457_/Y
 _62458_/A
 _62458_/B
 _62458_/X
 _62459_/A
 _62459_/B
 _62459_/X
 _62460_/A
 _62460_/B
 _62460_/X
 _62461_/A
 _62461_/B
 _62461_/X
 _62462_/A
 _62462_/B
 _62462_/C
 _62462_/D
 _62462_/Y
 _62463_/A
 _62463_/B
 _62463_/X
 _62464_/A
 _62464_/B
 _62464_/X
 _62465_/A
 _62465_/B
 _62465_/X
 _62466_/A
 _62466_/B
 _62466_/X
 _62467_/A
 _62467_/B
 _62467_/C
 _62467_/D
 _62467_/Y
 _62468_/A
 _62468_/B
 _62468_/C
 _62468_/D
 _62468_/Y
 _62469_/A
 _62469_/B
 _62469_/X
 _62470_/A
 _62470_/B
 _62470_/X
 _62471_/A
 _62471_/B
 _62471_/X
 _62472_/A
 _62472_/B
 _62472_/X
 _62473_/A
 _62473_/B
 _62473_/C
 _62473_/D
 _62473_/Y
 _62474_/A
 _62474_/B
 _62474_/X
 _62475_/A
 _62475_/B
 _62475_/X
 _62476_/A
 _62476_/B
 _62476_/X
 _62477_/A
 _62477_/B
 _62477_/X
 _62478_/A
 _62478_/B
 _62478_/C
 _62478_/D
 _62478_/Y
 _62479_/A
 _62479_/B
 _62479_/Y
 _62480_/A
 _62480_/B
 _62480_/X
 _62481_/A1
 _62481_/A2
 _62481_/B1
 _62481_/B2
 _62481_/C1
 _62481_/Y
 _62482_/A1
 _62482_/A2
 _62482_/B1
 _62482_/B2
 _62482_/Y
 _62483_/A1_N
 _62483_/A2_N
 _62483_/B1
 _62483_/B2
 _62483_/Y
 _62484_/A
 _62484_/B
 _62484_/C
 _62484_/X
 _62485_/A1
 _62485_/A2
 _62485_/B1
 _62485_/B2
 _62485_/Y
 _62486_/A1
 _62486_/A2
 _62486_/B1
 _62486_/B2
 _62486_/Y
 _62487_/A1
 _62487_/A2
 _62487_/B1
 _62487_/B2
 _62487_/Y
 _62488_/A1
 _62488_/A2
 _62488_/B1
 _62488_/B2
 _62488_/C1
 _62488_/Y
 _62489_/A
 _62489_/B
 _62489_/C
 _62489_/D
 _62489_/Y
 _62490_/A
 _62490_/B
 _62490_/C
 _62490_/D
 _62490_/Y
 _62491_/A
 _62491_/B
 _62491_/X
 _62492_/A
 _62492_/B
 _62492_/X
 _62493_/A
 _62493_/B
 _62493_/X
 _62494_/A
 _62494_/B
 _62494_/Y
 _62495_/A
 _62495_/B
 _62495_/Y
 _62496_/A
 _62496_/B
 _62496_/Y
 _62497_/A
 _62497_/B
 _62497_/Y
 _62498_/A
 _62498_/B
 _62498_/C
 _62498_/D
 _62498_/Y
 _62499_/A
 _62499_/B
 _62499_/C
 _62499_/D
 _62499_/Y
 _62500_/A
 _62500_/B
 _62500_/X
 _62501_/A1
 _62501_/A2
 _62501_/B1
 _62501_/Y
 _62502_/A
 _62502_/B
 _62502_/X
 _62503_/A
 _62503_/B
 _62503_/X
 _62504_/A
 _62504_/B
 _62504_/C
 _62504_/D
 _62504_/Y
 _62505_/A
 _62505_/B
 _62505_/Y
 _62506_/A
 _62506_/B
 _62506_/Y
 _62507_/A
 _62507_/B
 _62507_/Y
 _62508_/A
 _62508_/B
 _62508_/Y
 _62509_/A
 _62509_/B
 _62509_/C
 _62509_/D
 _62509_/Y
 _62510_/A
 _62510_/B
 _62510_/Y
 _62511_/A
 _62511_/B
 _62511_/Y
 _62512_/A
 _62512_/B
 _62512_/Y
 _62513_/A
 _62513_/B
 _62513_/Y
 _62514_/A
 _62514_/B
 _62514_/C
 _62514_/D
 _62514_/Y
 _62515_/A
 _62515_/B
 _62515_/Y
 _62516_/A
 _62516_/B
 _62516_/Y
 _62517_/A
 _62517_/B
 _62517_/Y
 _62518_/A
 _62518_/B
 _62518_/Y
 _62519_/A
 _62519_/B
 _62519_/C
 _62519_/D
 _62519_/Y
 _62520_/A
 _62520_/B
 _62520_/Y
 _62521_/A
 _62521_/B
 _62521_/Y
 _62522_/A
 _62522_/B
 _62522_/Y
 _62523_/A
 _62523_/B
 _62523_/Y
 _62524_/A
 _62524_/B
 _62524_/C
 _62524_/D
 _62524_/Y
 _62525_/A
 _62525_/B
 _62525_/C
 _62525_/D
 _62525_/Y
 _62526_/A
 _62526_/B
 _62526_/C
 _62526_/Y
 _62527_/A
 _62527_/Y
 _62528_/A1
 _62528_/A2
 _62528_/B1
 _62528_/B2
 _62528_/Y
 _62529_/A1
 _62529_/A2
 _62529_/B1
 _62529_/B2
 _62529_/C1
 _62529_/X
 _62530_/A
 _62530_/Y
 _62531_/A1
 _62531_/A2
 _62531_/B1
 _62531_/B2
 _62531_/Y
 _62532_/A1
 _62532_/A2
 _62532_/B1
 _62532_/B2
 _62532_/Y
 _62533_/A
 _62533_/B
 _62533_/Y
 _62534_/A1
 _62534_/A2
 _62534_/B1
 _62534_/Y
 _62535_/A
 _62535_/B
 _62535_/C
 _62535_/D
 _62535_/Y
 _62536_/A1_N
 _62536_/A2_N
 _62536_/B1
 _62536_/B2
 _62536_/Y
 _62537_/A
 _62537_/B
 _62537_/X
 _62538_/A
 _62538_/Y
 _62539_/A1
 _62539_/A2
 _62539_/B1
 _62539_/B2
 _62539_/Y
 _62540_/A1
 _62540_/A2
 _62540_/B1
 _62540_/B2
 _62540_/C1
 _62540_/Y
 _62541_/A
 _62541_/B
 _62541_/C_N
 _62541_/Y
 _62542_/A1
 _62542_/A2
 _62542_/B1
 _62542_/B2
 _62542_/X
 _62543_/A1
 _62543_/A2
 _62543_/B1
 _62543_/B2
 _62543_/C1
 _62543_/Y
 _62544_/A1
 _62544_/A2
 _62544_/B1
 _62544_/B2
 _62544_/X
 _62545_/A1
 _62545_/A2
 _62545_/B1
 _62545_/B2
 _62545_/C1
 _62545_/Y
 _62546_/A
 _62546_/B
 _62546_/C
 _62546_/D
 _62546_/Y
 _62547_/A
 _62547_/B
 _62547_/Y
 _62548_/A
 _62548_/B
 _62548_/Y
 _62549_/A
 _62549_/B
 _62549_/Y
 _62550_/A
 _62550_/B
 _62550_/Y
 _62551_/A
 _62551_/B
 _62551_/C
 _62551_/D
 _62551_/Y
 _62552_/A
 _62552_/B
 _62552_/Y
 _62553_/A
 _62553_/B
 _62553_/Y
 _62554_/A
 _62554_/B
 _62554_/Y
 _62555_/A
 _62555_/B
 _62555_/Y
 _62556_/A
 _62556_/B
 _62556_/C
 _62556_/D
 _62556_/Y
 _62557_/A
 _62557_/B
 _62557_/Y
 _62558_/A
 _62558_/B
 _62558_/Y
 _62559_/A
 _62559_/B
 _62559_/Y
 _62560_/A
 _62560_/B
 _62560_/Y
 _62561_/A
 _62561_/B
 _62561_/C
 _62561_/D
 _62561_/Y
 _62562_/A
 _62562_/B
 _62562_/Y
 _62563_/A
 _62563_/B
 _62563_/Y
 _62564_/A
 _62564_/B
 _62564_/Y
 _62565_/A
 _62565_/B
 _62565_/Y
 _62566_/A
 _62566_/B
 _62566_/C
 _62566_/D
 _62566_/Y
 _62567_/A
 _62567_/B
 _62567_/C
 _62567_/D
 _62567_/Y
 _62568_/A1_N
 _62568_/A2_N
 _62568_/B1
 _62568_/B2
 _62568_/Y
 _62569_/A1
 _62569_/A2
 _62569_/B1
 _62569_/B2
 _62569_/C1
 _62569_/Y
 _62570_/A1
 _62570_/A2
 _62570_/B1
 _62570_/B2
 _62570_/Y
 _62571_/A1_N
 _62571_/A2_N
 _62571_/B1
 _62571_/B2
 _62571_/Y
 _62572_/A
 _62572_/B
 _62572_/C
 _62572_/Y
 _62573_/A1
 _62573_/A2
 _62573_/B1
 _62573_/B2
 _62573_/Y
 _62574_/A1
 _62574_/A2
 _62574_/B1
 _62574_/B2
 _62574_/C1
 _62574_/Y
 _62575_/A
 _62575_/B
 _62575_/X
 _62576_/A1
 _62576_/A2
 _62576_/B1
 _62576_/B2
 _62576_/C1
 _62576_/Y
 _62577_/A
 _62577_/B
 _62577_/C
 _62577_/D
 _62577_/Y
 _62578_/A
 _62578_/B
 _62578_/C
 _62578_/Y
 _62579_/A
 _62579_/B
 _62579_/Y
 _62580_/A1
 _62580_/A2
 _62580_/B1
 _62580_/B2
 _62580_/C1
 _62580_/Y
 _62581_/A
 _62581_/B
 _62581_/X
 _62582_/A1
 _62582_/A2
 _62582_/B1
 _62582_/Y
 _62583_/A
 _62583_/B
 _62583_/Y
 _62584_/A
 _62584_/B
 _62584_/Y
 _62585_/A
 _62585_/B
 _62585_/Y
 _62586_/A
 _62586_/B
 _62586_/Y
 _62587_/A
 _62587_/B
 _62587_/C
 _62587_/D
 _62587_/Y
 _62588_/A
 _62588_/B
 _62588_/C
 _62588_/D
 _62588_/Y
 _62589_/A1
 _62589_/A2
 _62589_/B1
 _62589_/B2
 _62589_/Y
 _62590_/A1
 _62590_/A2
 _62590_/B1
 _62590_/B2
 _62590_/C1
 _62590_/Y
 _62591_/A1
 _62591_/A2
 _62591_/B1
 _62591_/B2
 _62591_/X
 _62592_/A1
 _62592_/A2
 _62592_/B1
 _62592_/B2
 _62592_/C1
 _62592_/Y
 _62593_/A
 _62593_/B
 _62593_/Y
 _62594_/A
 _62594_/B
 _62594_/Y
 _62595_/A
 _62595_/B
 _62595_/Y
 _62596_/A
 _62596_/B
 _62596_/Y
 _62597_/A
 _62597_/B
 _62597_/C
 _62597_/D
 _62597_/Y
 _62598_/A
 _62598_/B
 _62598_/Y
 _62599_/A
 _62599_/B
 _62599_/Y
 _62600_/A
 _62600_/B
 _62600_/Y
 _62601_/A
 _62601_/B
 _62601_/Y
 _62602_/A
 _62602_/B
 _62602_/C
 _62602_/D
 _62602_/Y
 _62603_/A
 _62603_/B
 _62603_/Y
 _62604_/A
 _62604_/B
 _62604_/C
 _62604_/D
 _62604_/Y
 _62605_/A1
 _62605_/A2
 _62605_/B1
 _62605_/B2
 _62605_/Y
 _62606_/A1
 _62606_/A2
 _62606_/B1
 _62606_/B2
 _62606_/Y
 _62607_/A1
 _62607_/A2
 _62607_/B1
 _62607_/B2
 _62607_/C1
 _62607_/Y
 _62608_/A
 _62608_/Y
 _62609_/A1_N
 _62609_/A2_N
 _62609_/B1
 _62609_/B2
 _62609_/Y
 _62610_/A1
 _62610_/A2
 _62610_/B1
 _62610_/B2
 _62610_/C1
 _62610_/Y
 _62611_/A1
 _62611_/A2
 _62611_/B1
 _62611_/B2
 _62611_/Y
 _62612_/A1_N
 _62612_/A2_N
 _62612_/B1
 _62612_/B2
 _62612_/Y
 _62613_/A
 _62613_/B
 _62613_/Y
 _62614_/A
 _62614_/B
 _62614_/X
 _62615_/A1
 _62615_/A2
 _62615_/B1
 _62615_/B2
 _62615_/C1
 _62615_/Y
 _62616_/A_N
 _62616_/B
 _62616_/C
 _62616_/D
 _62616_/Y
 _62617_/A1
 _62617_/A2
 _62617_/B1
 _62617_/C1
 _62617_/D1
 _62617_/X
 _62618_/A
 _62618_/B
 _62618_/Y
 _62619_/A
 _62619_/B
 _62619_/Y
 _62620_/A
 _62620_/B
 _62620_/Y
 _62621_/A
 _62621_/B
 _62621_/C
 _62621_/Y
 _62622_/A
 _62622_/B
 _62622_/X
 _62623_/A
 _62623_/B
 _62623_/X
 _62624_/A
 _62624_/B
 _62624_/X
 _62625_/A
 _62625_/B
 _62625_/X
 _62626_/A
 _62626_/B
 _62626_/C
 _62626_/D
 _62626_/Y
 _62627_/A
 _62627_/B
 _62627_/X
 _62628_/A
 _62628_/B
 _62628_/X
 _62629_/A
 _62629_/B
 _62629_/X
 _62630_/A
 _62630_/B
 _62630_/X
 _62631_/A
 _62631_/B
 _62631_/C
 _62631_/D
 _62631_/Y
 _62632_/A
 _62632_/B
 _62632_/X
 _62633_/A
 _62633_/B
 _62633_/X
 _62634_/A
 _62634_/B
 _62634_/X
 _62635_/A
 _62635_/B
 _62635_/X
 _62636_/A
 _62636_/B
 _62636_/C
 _62636_/D
 _62636_/Y
 _62637_/A
 _62637_/B
 _62637_/X
 _62638_/A
 _62638_/B
 _62638_/X
 _62639_/A
 _62639_/B
 _62639_/X
 _62640_/A
 _62640_/B
 _62640_/X
 _62641_/A
 _62641_/B
 _62641_/C
 _62641_/D
 _62641_/Y
 _62642_/A
 _62642_/B
 _62642_/C
 _62642_/D
 _62642_/Y
 _62643_/A
 _62643_/B
 _62643_/X
 _62644_/A
 _62644_/B
 _62644_/X
 _62645_/A
 _62645_/B
 _62645_/X
 _62646_/A
 _62646_/B
 _62646_/X
 _62647_/A
 _62647_/B
 _62647_/C
 _62647_/D
 _62647_/Y
 _62648_/A
 _62648_/B
 _62648_/X
 _62649_/A
 _62649_/B
 _62649_/X
 _62650_/A
 _62650_/B
 _62650_/X
 _62651_/A
 _62651_/B
 _62651_/X
 _62652_/A
 _62652_/B
 _62652_/C
 _62652_/D
 _62652_/Y
 _62653_/A
 _62653_/B
 _62653_/X
 _62654_/A
 _62654_/B
 _62654_/X
 _62655_/A
 _62655_/B
 _62655_/X
 _62656_/A
 _62656_/B
 _62656_/X
 _62657_/A
 _62657_/B
 _62657_/C
 _62657_/D
 _62657_/Y
 _62658_/A
 _62658_/B
 _62658_/X
 _62659_/A
 _62659_/B
 _62659_/X
 _62660_/A
 _62660_/B
 _62660_/X
 _62661_/A
 _62661_/B
 _62661_/X
 _62662_/A
 _62662_/B
 _62662_/C
 _62662_/D
 _62662_/Y
 _62663_/A
 _62663_/B
 _62663_/C
 _62663_/D
 _62663_/Y
 _62664_/A
 _62664_/B
 _62664_/C
 _62664_/D
 _62664_/Y
 _62665_/A
 _62665_/B
 _62665_/X
 _62666_/A
 _62666_/B
 _62666_/X
 _62667_/A
 _62667_/B
 _62667_/X
 _62668_/A
 _62668_/B
 _62668_/Y
 _62669_/A
 _62669_/B
 _62669_/Y
 _62670_/A
 _62670_/B
 _62670_/Y
 _62671_/A
 _62671_/B
 _62671_/Y
 _62672_/A
 _62672_/B
 _62672_/C
 _62672_/D
 _62672_/Y
 _62673_/A
 _62673_/B
 _62673_/C
 _62673_/D
 _62673_/Y
 _62674_/A1
 _62674_/A2
 _62674_/B1
 _62674_/B2
 _62674_/Y
 _62675_/A1_N
 _62675_/A2_N
 _62675_/B1
 _62675_/B2
 _62675_/Y
 _62676_/A1
 _62676_/A2
 _62676_/B1
 _62676_/B2
 _62676_/Y
 _62677_/A1
 _62677_/A2
 _62677_/B1
 _62677_/Y
 _62678_/A
 _62678_/B
 _62678_/C
 _62678_/D
 _62678_/X
 _62679_/A
 _62679_/B
 _62679_/Y
 _62680_/A
 _62680_/B
 _62680_/Y
 _62681_/A
 _62681_/B
 _62681_/Y
 _62682_/A
 _62682_/B
 _62682_/Y
 _62683_/A
 _62683_/B
 _62683_/C
 _62683_/D
 _62683_/Y
 _62684_/A
 _62684_/B
 _62684_/Y
 _62685_/A
 _62685_/B
 _62685_/Y
 _62686_/A
 _62686_/B
 _62686_/Y
 _62687_/A
 _62687_/B
 _62687_/Y
 _62688_/A
 _62688_/B
 _62688_/C
 _62688_/D
 _62688_/Y
 _62689_/A
 _62689_/B
 _62689_/Y
 _62690_/A
 _62690_/B
 _62690_/Y
 _62691_/A
 _62691_/B
 _62691_/Y
 _62692_/A
 _62692_/B
 _62692_/Y
 _62693_/A
 _62693_/B
 _62693_/C
 _62693_/D
 _62693_/Y
 _62694_/A
 _62694_/B
 _62694_/Y
 _62695_/A
 _62695_/B
 _62695_/Y
 _62696_/A
 _62696_/B
 _62696_/Y
 _62697_/A
 _62697_/B
 _62697_/Y
 _62698_/A
 _62698_/B
 _62698_/C
 _62698_/D
 _62698_/Y
 _62699_/A
 _62699_/B
 _62699_/C
 _62699_/D
 _62699_/Y
 _62700_/A
 _62700_/B
 _62700_/C
 _62700_/Y
 _62701_/A
 _62701_/Y
 _62702_/A
 _62702_/Y
 _62703_/A1
 _62703_/A2
 _62703_/B1
 _62703_/B2
 _62703_/Y
 _62704_/A1
 _62704_/A2
 _62704_/B1
 _62704_/B2
 _62704_/C1
 _62704_/Y
 _62705_/A1
 _62705_/A2
 _62705_/B1
 _62705_/B2
 _62705_/Y
 _62706_/A
 _62706_/B
 _62706_/Y
 _62707_/A1
 _62707_/A2
 _62707_/B1
 _62707_/C1
 _62707_/D1
 _62707_/Y
 _62708_/A1
 _62708_/A2
 _62708_/B1
 _62708_/B2
 _62708_/X
 _62709_/A1
 _62709_/A2
 _62709_/B1
 _62709_/B2
 _62709_/X
 _62710_/A
 _62710_/B
 _62710_/C
 _62710_/Y
 _62711_/A
 _62711_/Y
 _62712_/A1
 _62712_/A2
 _62712_/B1
 _62712_/B2
 _62712_/Y
 _62713_/A1
 _62713_/A2
 _62713_/B1
 _62713_/B2
 _62713_/C1
 _62713_/X
 _62714_/A
 _62714_/Y
 _62715_/A1
 _62715_/A2
 _62715_/B1
 _62715_/B2
 _62715_/Y
 _62716_/A1_N
 _62716_/A2_N
 _62716_/B1
 _62716_/B2
 _62716_/Y
 _62717_/A
 _62717_/B
 _62717_/C
 _62717_/Y
 _62718_/A1
 _62718_/A2
 _62718_/B1
 _62718_/B2
 _62718_/Y
 _62719_/A1
 _62719_/A2
 _62719_/B1
 _62719_/B2
 _62719_/Y
 _62720_/A
 _62720_/B
 _62720_/X
 _62721_/A
 _62721_/B
 _62721_/X
 _62722_/A
 _62722_/B
 _62722_/C
 _62722_/D
 _62722_/Y
 _62723_/A_N
 _62723_/B
 _62723_/C
 _62723_/D
 _62723_/Y
 _62724_/A1
 _62724_/A2
 _62724_/B1
 _62724_/B2
 _62724_/Y
 _62725_/A
 _62725_/B
 _62725_/Y
 _62726_/A1
 _62726_/A2
 _62726_/B1
 _62726_/B2
 _62726_/Y
 _62727_/A1
 _62727_/A2
 _62727_/B1
 _62727_/B2
 _62727_/C1
 _62727_/Y
 _62728_/A1
 _62728_/A2
 _62728_/B1
 _62728_/B2
 _62728_/Y
 _62729_/A1
 _62729_/A2
 _62729_/B1
 _62729_/B2
 _62729_/C1
 _62729_/Y
 _62730_/A
 _62730_/B
 _62730_/Y
 _62731_/A
 _62731_/B
 _62731_/Y
 _62732_/A
 _62732_/B
 _62732_/C
 _62732_/Y
 _62733_/A
 _62733_/B
 _62733_/C
 _62733_/D
 _62733_/X
 _62734_/A
 _62734_/B
 _62734_/X
 _62735_/A
 _62735_/B
 _62735_/X
 _62736_/A
 _62736_/B
 _62736_/X
 _62737_/A
 _62737_/B
 _62737_/X
 _62738_/A
 _62738_/B
 _62738_/C
 _62738_/D
 _62738_/Y
 _62739_/A
 _62739_/B
 _62739_/X
 _62740_/A
 _62740_/B
 _62740_/X
 _62741_/A
 _62741_/B
 _62741_/X
 _62742_/A
 _62742_/B
 _62742_/X
 _62743_/A
 _62743_/B
 _62743_/C
 _62743_/D
 _62743_/Y
 _62744_/A
 _62744_/B
 _62744_/X
 _62745_/A
 _62745_/B
 _62745_/X
 _62746_/A
 _62746_/B
 _62746_/X
 _62747_/A
 _62747_/B
 _62747_/X
 _62748_/A
 _62748_/B
 _62748_/C
 _62748_/D
 _62748_/Y
 _62749_/A
 _62749_/B
 _62749_/X
 _62750_/A
 _62750_/B
 _62750_/X
 _62751_/A
 _62751_/B
 _62751_/X
 _62752_/A
 _62752_/B
 _62752_/X
 _62753_/A
 _62753_/B
 _62753_/C
 _62753_/D
 _62753_/Y
 _62754_/A
 _62754_/B
 _62754_/C
 _62754_/D
 _62754_/Y
 _62755_/A
 _62755_/B
 _62755_/C
 _62755_/Y
 _62756_/A
 _62756_/Y
 _62757_/A
 _62757_/Y
 _62758_/A1
 _62758_/A2
 _62758_/B1
 _62758_/B2
 _62758_/Y
 _62759_/A1
 _62759_/A2
 _62759_/B1
 _62759_/B2
 _62759_/C1
 _62759_/Y
 _62760_/A
 _62760_/Y
 _62761_/A
 _62761_/Y
 _62762_/A1
 _62762_/A2
 _62762_/B1
 _62762_/B2
 _62762_/Y
 _62763_/A
 _62763_/Y
 _62764_/A1
 _62764_/A2
 _62764_/B1
 _62764_/B2
 _62764_/Y
 _62765_/A
 _62765_/B
 _62765_/C
 _62765_/Y
 _62766_/A
 _62766_/Y
 _62767_/A1
 _62767_/A2
 _62767_/B1
 _62767_/B2
 _62767_/Y
 _62768_/A
 _62768_/Y
 _62769_/A1
 _62769_/A2
 _62769_/B1
 _62769_/B2
 _62769_/Y
 _62770_/A
 _62770_/Y
 _62771_/A1
 _62771_/A2
 _62771_/B1
 _62771_/B2
 _62771_/Y
 _62772_/A
 _62772_/B
 _62772_/X
 _62773_/A
 _62773_/B
 _62773_/C
 _62773_/D
 _62773_/Y
 _62774_/A
 _62774_/Y
 _62775_/A1
 _62775_/A2
 _62775_/B1
 _62775_/B2
 _62775_/C1
 _62775_/C2
 _62775_/Y
 _62776_/A
 _62776_/B
 _62776_/X
 _62777_/A1
 _62777_/A2
 _62777_/B1
 _62777_/B2
 _62777_/C1
 _62777_/Y
 _62778_/A1
 _62778_/A2
 _62778_/B1
 _62778_/B2
 _62778_/Y
 _62779_/A1
 _62779_/A2
 _62779_/B1
 _62779_/B2
 _62779_/Y
 _62780_/A
 _62780_/B
 _62780_/C
 _62780_/X
 _62781_/A
 _62781_/B
 _62781_/C
 _62781_/D
 _62781_/Y
 _62782_/A
 _62782_/B
 _62782_/X
 _62783_/A
 _62783_/B
 _62783_/X
 _62784_/A
 _62784_/B
 _62784_/X
 _62785_/A
 _62785_/B
 _62785_/Y
 _62786_/A
 _62786_/B
 _62786_/Y
 _62787_/A
 _62787_/B
 _62787_/Y
 _62788_/A
 _62788_/B
 _62788_/Y
 _62789_/A
 _62789_/B
 _62789_/C
 _62789_/D
 _62789_/Y
 _62790_/A
 _62790_/B
 _62790_/C
 _62790_/D
 _62790_/Y
 _62791_/A
 _62791_/B
 _62791_/X
 _62792_/A1
 _62792_/A2
 _62792_/B1
 _62792_/Y
 _62793_/A
 _62793_/B
 _62793_/X
 _62794_/A
 _62794_/B
 _62794_/X
 _62795_/A
 _62795_/B
 _62795_/C
 _62795_/D
 _62795_/Y
 _62796_/A
 _62796_/B
 _62796_/Y
 _62797_/A
 _62797_/B
 _62797_/Y
 _62798_/A
 _62798_/B
 _62798_/Y
 _62799_/A
 _62799_/B
 _62799_/Y
 _62800_/A
 _62800_/B
 _62800_/C
 _62800_/D
 _62800_/Y
 _62801_/A
 _62801_/B
 _62801_/Y
 _62802_/A
 _62802_/B
 _62802_/Y
 _62803_/A
 _62803_/B
 _62803_/Y
 _62804_/A
 _62804_/B
 _62804_/Y
 _62805_/A
 _62805_/B
 _62805_/C
 _62805_/D
 _62805_/Y
 _62806_/A
 _62806_/B
 _62806_/Y
 _62807_/A
 _62807_/B
 _62807_/Y
 _62808_/A
 _62808_/B
 _62808_/Y
 _62809_/A
 _62809_/B
 _62809_/Y
 _62810_/A
 _62810_/B
 _62810_/C
 _62810_/D
 _62810_/Y
 _62811_/A
 _62811_/B
 _62811_/Y
 _62812_/A
 _62812_/B
 _62812_/Y
 _62813_/A
 _62813_/B
 _62813_/Y
 _62814_/A
 _62814_/B
 _62814_/Y
 _62815_/A
 _62815_/B
 _62815_/C
 _62815_/D
 _62815_/Y
 _62816_/A
 _62816_/B
 _62816_/C
 _62816_/D
 _62816_/Y
 _62817_/A
 _62817_/B
 _62817_/C
 _62817_/Y
 _62818_/A1
 _62818_/A2
 _62818_/B1
 _62818_/B2
 _62818_/X
 _62819_/A1
 _62819_/A2
 _62819_/B1
 _62819_/B2
 _62819_/C1
 _62819_/Y
 _62820_/A1
 _62820_/A2
 _62820_/B1
 _62820_/B2
 _62820_/Y
 _62821_/A1
 _62821_/A2
 _62821_/B1
 _62821_/B2
 _62821_/C1
 _62821_/Y
 _62822_/A1_N
 _62822_/A2_N
 _62822_/B1
 _62822_/B2
 _62822_/Y
 _62823_/A
 _62823_/B
 _62823_/X
 _62824_/A
 _62824_/B
 _62824_/X
 _62825_/A
 _62825_/B
 _62825_/X
 _62826_/A
 _62826_/B
 _62826_/C
 _62826_/D
 _62826_/Y
 _62827_/A
 _62827_/B
 _62827_/Y
 _62828_/A
 _62828_/B
 _62828_/Y
 _62829_/A
 _62829_/B
 _62829_/Y
 _62830_/A
 _62830_/B
 _62830_/Y
 _62831_/A
 _62831_/B
 _62831_/C
 _62831_/D
 _62831_/Y
 _62832_/A
 _62832_/B
 _62832_/Y
 _62833_/A
 _62833_/B
 _62833_/Y
 _62834_/A
 _62834_/B
 _62834_/Y
 _62835_/A
 _62835_/B
 _62835_/Y
 _62836_/A
 _62836_/B
 _62836_/C
 _62836_/D
 _62836_/Y
 _62837_/A
 _62837_/B
 _62837_/Y
 _62838_/A
 _62838_/B
 _62838_/Y
 _62839_/A
 _62839_/B
 _62839_/Y
 _62840_/A
 _62840_/B
 _62840_/Y
 _62841_/A
 _62841_/B
 _62841_/C
 _62841_/D
 _62841_/Y
 _62842_/A
 _62842_/B
 _62842_/Y
 _62843_/A
 _62843_/B
 _62843_/Y
 _62844_/A
 _62844_/B
 _62844_/Y
 _62845_/A
 _62845_/B
 _62845_/Y
 _62846_/A
 _62846_/B
 _62846_/C
 _62846_/D
 _62846_/Y
 _62847_/A
 _62847_/B
 _62847_/C
 _62847_/D
 _62847_/Y
 _62848_/A
 _62848_/B
 _62848_/C
 _62848_/D
 _62848_/Y
 _62849_/A
 _62849_/B
 _62849_/C
 _62849_/Y
 _62850_/A1
 _62850_/A2
 _62850_/B1
 _62850_/B2
 _62850_/Y
 _62851_/A1
 _62851_/A2
 _62851_/B1
 _62851_/B2
 _62851_/Y
 _62852_/A1
 _62852_/A2
 _62852_/B1
 _62852_/B2
 _62852_/Y
 _62853_/A1
 _62853_/A2
 _62853_/B1
 _62853_/B2
 _62853_/Y
 _62854_/A
 _62854_/B
 _62854_/C
 _62854_/D
 _62854_/Y
 _62855_/A
 _62855_/B
 _62855_/X
 _62856_/A
 _62856_/B
 _62856_/X
 _62857_/A
 _62857_/B
 _62857_/X
 _62858_/A
 _62858_/B
 _62858_/X
 _62859_/A
 _62859_/B
 _62859_/C
 _62859_/D
 _62859_/Y
 _62860_/A
 _62860_/B
 _62860_/Y
 _62861_/A
 _62861_/B
 _62861_/Y
 _62862_/A
 _62862_/B
 _62862_/Y
 _62863_/A
 _62863_/B
 _62863_/Y
 _62864_/A
 _62864_/B
 _62864_/C
 _62864_/D
 _62864_/Y
 _62865_/A
 _62865_/B
 _62865_/Y
 _62866_/A
 _62866_/B
 _62866_/Y
 _62867_/A
 _62867_/B
 _62867_/Y
 _62868_/A
 _62868_/B
 _62868_/Y
 _62869_/A
 _62869_/B
 _62869_/C
 _62869_/D
 _62869_/Y
 _62870_/A
 _62870_/B
 _62870_/Y
 _62871_/A
 _62871_/B
 _62871_/Y
 _62872_/A
 _62872_/B
 _62872_/Y
 _62873_/A
 _62873_/B
 _62873_/Y
 _62874_/A
 _62874_/B
 _62874_/C
 _62874_/D
 _62874_/Y
 _62875_/A
 _62875_/B
 _62875_/Y
 _62876_/A
 _62876_/B
 _62876_/Y
 _62877_/A
 _62877_/B
 _62877_/Y
 _62878_/A
 _62878_/B
 _62878_/Y
 _62879_/A
 _62879_/B
 _62879_/C
 _62879_/D
 _62879_/Y
 _62880_/A
 _62880_/B
 _62880_/C
 _62880_/D
 _62880_/Y
 _62881_/A
 _62881_/B
 _62881_/C
 _62881_/Y
 _62882_/A1_N
 _62882_/A2_N
 _62882_/B1
 _62882_/B2
 _62882_/Y
 _62883_/A
 _62883_/B
 _62883_/Y
 _62884_/A1
 _62884_/A2
 _62884_/B1
 _62884_/C1
 _62884_/Y
 _62885_/A1
 _62885_/A2
 _62885_/B1
 _62885_/B2
 _62885_/X
 _62886_/A1
 _62886_/A2
 _62886_/B1
 _62886_/B2
 _62886_/X
 _62887_/A
 _62887_/Y
 _62888_/A1
 _62888_/A2
 _62888_/B1
 _62888_/B2
 _62888_/X
 _62889_/A1
 _62889_/A2
 _62889_/B1
 _62889_/B2
 _62889_/C1
 _62889_/Y
 _62890_/A
 _62890_/B
 _62890_/Y
 _62891_/A
 _62891_/B
 _62891_/Y
 _62892_/A
 _62892_/B
 _62892_/C
 _62892_/Y
 _62893_/A
 _62893_/B
 _62893_/C
 _62893_/D
 _62893_/Y
 _62894_/A
 _62894_/B
 _62894_/X
 _62895_/A
 _62895_/B
 _62895_/X
 _62896_/A
 _62896_/B
 _62896_/X
 _62897_/A
 _62897_/B
 _62897_/C
 _62897_/Y
 _62898_/A
 _62898_/B
 _62898_/X
 _62899_/A
 _62899_/B
 _62899_/X
 _62900_/A
 _62900_/B
 _62900_/X
 _62901_/A
 _62901_/B
 _62901_/X
 _62902_/A
 _62902_/B
 _62902_/C
 _62902_/D
 _62902_/Y
 _62903_/A
 _62903_/B
 _62903_/X
 _62904_/A
 _62904_/B
 _62904_/X
 _62905_/A
 _62905_/B
 _62905_/X
 _62906_/A
 _62906_/B
 _62906_/X
 _62907_/A
 _62907_/B
 _62907_/C
 _62907_/D
 _62907_/Y
 _62908_/A
 _62908_/B
 _62908_/C
 _62908_/D
 _62908_/Y
 _62909_/A
 _62909_/B
 _62909_/Y
 _62910_/A
 _62910_/B
 _62910_/Y
 _62911_/A
 _62911_/B
 _62911_/Y
 _62912_/A
 _62912_/B
 _62912_/Y
 _62913_/A
 _62913_/B
 _62913_/C
 _62913_/D
 _62913_/Y
 _62914_/A
 _62914_/B
 _62914_/Y
 _62915_/A
 _62915_/B
 _62915_/Y
 _62916_/A
 _62916_/B
 _62916_/Y
 _62917_/A
 _62917_/B
 _62917_/Y
 _62918_/A
 _62918_/B
 _62918_/C
 _62918_/D
 _62918_/Y
 _62919_/A1_N
 _62919_/A2_N
 _62919_/B1
 _62919_/B2
 _62919_/Y
 _62920_/A1
 _62920_/A2
 _62920_/B1
 _62920_/B2
 _62920_/C1
 _62920_/Y
 _62921_/A
 _62921_/Y
 _62922_/A1
 _62922_/A2
 _62922_/B1
 _62922_/B2
 _62922_/X
 _62923_/A1
 _62923_/A2
 _62923_/B1
 _62923_/B2
 _62923_/C1
 _62923_/Y
 _62924_/A
 _62924_/B
 _62924_/Y
 _62925_/A1
 _62925_/A2
 _62925_/B1
 _62925_/C1
 _62925_/D1
 _62925_/Y
 _62926_/A1
 _62926_/A2
 _62926_/B1
 _62926_/B2
 _62926_/Y
 _62927_/A1
 _62927_/A2
 _62927_/B1
 _62927_/B2
 _62927_/Y
 _62928_/A
 _62928_/Y
 _62929_/A1_N
 _62929_/A2_N
 _62929_/B1
 _62929_/B2
 _62929_/Y
 _62930_/A1
 _62930_/A2
 _62930_/B1
 _62930_/B2
 _62930_/C1
 _62930_/Y
 _62931_/A
 _62931_/Y
 _62932_/A1
 _62932_/A2
 _62932_/B1
 _62932_/Y
 _62933_/A
 _62933_/B
 _62933_/X
 _62934_/A
 _62934_/B
 _62934_/X
 _62935_/A1
 _62935_/A2
 _62935_/B1
 _62935_/B2
 _62935_/Y
 _62936_/A
 _62936_/B
 _62936_/C
 _62936_/D
 _62936_/X
 _62937_/A
 _62937_/B
 _62937_/C
 _62937_/D
 _62937_/X
 _62938_/A
 _62938_/B
 _62938_/C
 _62938_/D
 _62938_/X
 _62939_/A
 _62939_/B
 _62939_/C
 _62939_/Y
 _62940_/A
 _62940_/B
 _62940_/X
 _62941_/A
 _62941_/B
 _62941_/X
 _62942_/A
 _62942_/B
 _62942_/X
 _62943_/A
 _62943_/B
 _62943_/Y
 _62944_/A
 _62944_/B
 _62944_/Y
 _62945_/A
 _62945_/B
 _62945_/Y
 _62946_/A
 _62946_/B
 _62946_/Y
 _62947_/A
 _62947_/B
 _62947_/C
 _62947_/D
 _62947_/Y
 _62948_/A
 _62948_/B
 _62948_/C
 _62948_/D
 _62948_/Y
 _62949_/A
 _62949_/B
 _62949_/X
 _62950_/A
 _62950_/B
 _62950_/X
 _62951_/A
 _62951_/B
 _62951_/X
 _62952_/A
 _62952_/B
 _62952_/X
 _62953_/A
 _62953_/B
 _62953_/C
 _62953_/D
 _62953_/Y
 _62954_/A
 _62954_/B
 _62954_/Y
 _62955_/A
 _62955_/B
 _62955_/Y
 _62956_/A
 _62956_/B
 _62956_/Y
 _62957_/A
 _62957_/B
 _62957_/Y
 _62958_/A
 _62958_/B
 _62958_/C
 _62958_/D
 _62958_/Y
 _62959_/A
 _62959_/B
 _62959_/Y
 _62960_/A
 _62960_/B
 _62960_/Y
 _62961_/A
 _62961_/B
 _62961_/Y
 _62962_/A
 _62962_/B
 _62962_/Y
 _62963_/A
 _62963_/B
 _62963_/C
 _62963_/D
 _62963_/Y
 _62964_/A
 _62964_/B
 _62964_/Y
 _62965_/A
 _62965_/B
 _62965_/Y
 _62966_/A
 _62966_/B
 _62966_/Y
 _62967_/A
 _62967_/B
 _62967_/Y
 _62968_/A
 _62968_/B
 _62968_/C
 _62968_/D
 _62968_/Y
 _62969_/A
 _62969_/B
 _62969_/Y
 _62970_/A
 _62970_/B
 _62970_/Y
 _62971_/A
 _62971_/B
 _62971_/Y
 _62972_/A
 _62972_/B
 _62972_/Y
 _62973_/A
 _62973_/B
 _62973_/C
 _62973_/D
 _62973_/Y
 _62974_/A
 _62974_/B
 _62974_/C
 _62974_/D
 _62974_/Y
 _62975_/A
 _62975_/B
 _62975_/C
 _62975_/Y
 _62976_/A
 _62976_/B
 _62976_/X
 _62977_/A
 _62977_/B
 _62977_/X
 _62978_/A
 _62978_/B
 _62978_/X
 _62979_/A
 _62979_/B
 _62979_/X
 _62980_/A
 _62980_/B
 _62980_/C
 _62980_/D
 _62980_/Y
 _62981_/A
 _62981_/B
 _62981_/X
 _62982_/A
 _62982_/B
 _62982_/X
 _62983_/A
 _62983_/B
 _62983_/X
 _62984_/A
 _62984_/B
 _62984_/X
 _62985_/A
 _62985_/B
 _62985_/C
 _62985_/D
 _62985_/Y
 _62986_/A
 _62986_/B
 _62986_/Y
 _62987_/A
 _62987_/Y
 _62988_/A1
 _62988_/A2
 _62988_/B1
 _62988_/B2
 _62988_/C1
 _62988_/C2
 _62988_/Y
 _62989_/A
 _62989_/Y
 _62990_/A1_N
 _62990_/A2_N
 _62990_/B1
 _62990_/B2
 _62990_/Y
 _62991_/A1
 _62991_/A2
 _62991_/B1
 _62991_/B2
 _62991_/C1
 _62991_/Y
 _62992_/A1
 _62992_/A2
 _62992_/B1
 _62992_/B2
 _62992_/Y
 _62993_/A1_N
 _62993_/A2_N
 _62993_/B1
 _62993_/B2
 _62993_/Y
 _62994_/A
 _62994_/B
 _62994_/C
 _62994_/D
 _62994_/Y
 _62995_/A
 _62995_/B
 _62995_/C
 _62995_/Y
 _62996_/A
 _62996_/Y
 _62997_/A1
 _62997_/A2
 _62997_/B1
 _62997_/B2
 _62997_/Y
 _62998_/A1
 _62998_/A2
 _62998_/B1
 _62998_/B2
 _62998_/C1
 _62998_/Y
 _62999_/A1
 _62999_/A2
 _62999_/B1
 _62999_/B2
 _62999_/Y
 _63000_/A1
 _63000_/A2
 _63000_/B1
 _63000_/B2
 _63000_/Y
 _63001_/A
 _63001_/B
 _63001_/C
 _63001_/Y
 _63002_/A
 _63002_/B
 _63002_/Y
 _63003_/A1
 _63003_/A2
 _63003_/B1
 _63003_/Y
 _63004_/A
 _63004_/B
 _63004_/X
 _63005_/A
 _63005_/B
 _63005_/X
 _63006_/A
 _63006_/B
 _63006_/C
 _63006_/D
 _63006_/Y
 _63007_/A
 _63007_/B
 _63007_/Y
 _63008_/A
 _63008_/B
 _63008_/Y
 _63009_/A
 _63009_/B
 _63009_/Y
 _63010_/A
 _63010_/B
 _63010_/Y
 _63011_/A
 _63011_/B
 _63011_/C
 _63011_/D
 _63011_/Y
 _63012_/A
 _63012_/B
 _63012_/Y
 _63013_/A
 _63013_/B
 _63013_/Y
 _63014_/A
 _63014_/B
 _63014_/Y
 _63015_/A
 _63015_/B
 _63015_/Y
 _63016_/A
 _63016_/B
 _63016_/C
 _63016_/D
 _63016_/Y
 _63017_/A
 _63017_/B
 _63017_/Y
 _63018_/A
 _63018_/B
 _63018_/Y
 _63019_/A
 _63019_/B
 _63019_/Y
 _63020_/A
 _63020_/B
 _63020_/Y
 _63021_/A
 _63021_/B
 _63021_/C
 _63021_/D
 _63021_/Y
 _63022_/A
 _63022_/B
 _63022_/Y
 _63023_/A
 _63023_/B
 _63023_/Y
 _63024_/A
 _63024_/B
 _63024_/Y
 _63025_/A
 _63025_/B
 _63025_/Y
 _63026_/A
 _63026_/B
 _63026_/C
 _63026_/D
 _63026_/Y
 _63027_/A
 _63027_/B
 _63027_/C
 _63027_/D
 _63027_/Y
 _63028_/A
 _63028_/B
 _63028_/C
 _63028_/D
 _63028_/Y
 _63029_/A1
 _63029_/A2
 _63029_/B1
 _63029_/B2
 _63029_/Y
 _63030_/A1
 _63030_/A2
 _63030_/B1
 _63030_/B2
 _63030_/C1
 _63030_/Y
 _63031_/A
 _63031_/Y
 _63032_/A
 _63032_/Y
 _63033_/A1
 _63033_/A2
 _63033_/B1
 _63033_/B2
 _63033_/Y
 _63034_/A1
 _63034_/A2
 _63034_/B1
 _63034_/B2
 _63034_/C1
 _63034_/Y
 _63035_/A
 _63035_/Y
 _63036_/A1
 _63036_/A2
 _63036_/B1
 _63036_/B2
 _63036_/Y
 _63037_/A1
 _63037_/A2
 _63037_/B1
 _63037_/B2
 _63037_/Y
 _63038_/A1
 _63038_/A2
 _63038_/B1
 _63038_/B2
 _63038_/X
 _63039_/A
 _63039_/B
 _63039_/X
 _63040_/A
 _63040_/B
 _63040_/C
 _63040_/D
 _63040_/Y
 _63041_/A
 _63041_/B
 _63041_/Y
 _63042_/A
 _63042_/B
 _63042_/Y
 _63043_/A
 _63043_/B
 _63043_/Y
 _63044_/A
 _63044_/B
 _63044_/Y
 _63045_/A
 _63045_/B
 _63045_/C
 _63045_/D
 _63045_/Y
 _63046_/A
 _63046_/B
 _63046_/Y
 _63047_/A
 _63047_/B
 _63047_/Y
 _63048_/A
 _63048_/B
 _63048_/Y
 _63049_/A
 _63049_/B
 _63049_/Y
 _63050_/A
 _63050_/B
 _63050_/C
 _63050_/D
 _63050_/Y
 _63051_/A
 _63051_/B
 _63051_/X
 _63052_/A1
 _63052_/A2
 _63052_/B1
 _63052_/B2
 _63052_/C1
 _63052_/Y
 _63053_/A1_N
 _63053_/A2_N
 _63053_/B1
 _63053_/B2
 _63053_/Y
 _63054_/A1
 _63054_/A2
 _63054_/B1
 _63054_/B2
 _63054_/C1
 _63054_/Y
 _63055_/A1
 _63055_/A2
 _63055_/B1
 _63055_/B2
 _63055_/Y
 _63056_/A1
 _63056_/A2
 _63056_/B1
 _63056_/B2
 _63056_/C1
 _63056_/Y
 _63057_/A1_N
 _63057_/A2_N
 _63057_/B1
 _63057_/B2
 _63057_/Y
 _63058_/A1
 _63058_/A2
 _63058_/B1
 _63058_/B2
 _63058_/C1
 _63058_/Y
 _63059_/A
 _63059_/B
 _63059_/C
 _63059_/D
 _63059_/Y
 _63060_/A
 _63060_/B
 _63060_/C
 _63060_/Y
 _63061_/A
 _63061_/B
 _63061_/C
 _63061_/D
 _63061_/Y
 _63062_/A
 _63062_/B
 _63062_/Y
 _63063_/A
 _63063_/B
 _63063_/Y
 _63064_/A
 _63064_/B
 _63064_/Y
 _63065_/A
 _63065_/B
 _63065_/Y
 _63066_/A
 _63066_/B
 _63066_/C
 _63066_/D
 _63066_/Y
 _63067_/A
 _63067_/B
 _63067_/Y
 _63068_/A
 _63068_/B
 _63068_/Y
 _63069_/A
 _63069_/B
 _63069_/Y
 _63070_/A
 _63070_/B
 _63070_/Y
 _63071_/A
 _63071_/B
 _63071_/C
 _63071_/D
 _63071_/Y
 _63072_/A
 _63072_/B
 _63072_/Y
 _63073_/A
 _63073_/B
 _63073_/Y
 _63074_/A
 _63074_/B
 _63074_/Y
 _63075_/A
 _63075_/B
 _63075_/Y
 _63076_/A
 _63076_/B
 _63076_/C
 _63076_/D
 _63076_/Y
 _63077_/A
 _63077_/B
 _63077_/Y
 _63078_/A
 _63078_/B
 _63078_/Y
 _63079_/A
 _63079_/B
 _63079_/Y
 _63080_/A
 _63080_/B
 _63080_/Y
 _63081_/A
 _63081_/B
 _63081_/C
 _63081_/D
 _63081_/Y
 _63082_/A
 _63082_/B
 _63082_/C
 _63082_/D
 _63082_/Y
 _63083_/A
 _63083_/B
 _63083_/X
 _63084_/A
 _63084_/B
 _63084_/X
 _63085_/A
 _63085_/B
 _63085_/X
 _63086_/A
 _63086_/B
 _63086_/C
 _63086_/Y
 _63087_/A
 _63087_/B
 _63087_/X
 _63088_/A
 _63088_/B
 _63088_/X
 _63089_/A
 _63089_/B
 _63089_/X
 _63090_/A
 _63090_/B
 _63090_/X
 _63091_/A
 _63091_/B
 _63091_/C
 _63091_/D
 _63091_/Y
 _63092_/A
 _63092_/B
 _63092_/X
 _63093_/A
 _63093_/B
 _63093_/X
 _63094_/A
 _63094_/B
 _63094_/X
 _63095_/A
 _63095_/B
 _63095_/X
 _63096_/A
 _63096_/B
 _63096_/C
 _63096_/D
 _63096_/Y
 _63097_/A
 _63097_/B
 _63097_/C
 _63097_/D
 _63097_/Y
 _63098_/A
 _63098_/Y
 _63099_/A1_N
 _63099_/A2_N
 _63099_/B1
 _63099_/B2
 _63099_/Y
 _63100_/A1
 _63100_/A2
 _63100_/B1
 _63100_/B2
 _63100_/C1
 _63100_/Y
 _63101_/A1_N
 _63101_/A2_N
 _63101_/B1
 _63101_/B2
 _63101_/Y
 _63102_/A1
 _63102_/A2
 _63102_/B1
 _63102_/B2
 _63102_/C1
 _63102_/Y
 _63103_/A
 _63103_/B
 _63103_/X
 _63104_/A
 _63104_/B
 _63104_/X
 _63105_/A
 _63105_/B
 _63105_/Y
 _63106_/A1
 _63106_/A2
 _63106_/B1
 _63106_/Y
 _63107_/A1
 _63107_/A2
 _63107_/B1
 _63107_/B2
 _63107_/C1
 _63107_/Y
 _63108_/A
 _63108_/B
 _63108_/C
 _63108_/D
 _63108_/Y
 _63109_/A1
 _63109_/A2
 _63109_/B1
 _63109_/B2
 _63109_/Y
 _63110_/A1
 _63110_/A2
 _63110_/B1
 _63110_/B2
 _63110_/Y
 _63111_/A1
 _63111_/A2
 _63111_/B1
 _63111_/B2
 _63111_/Y
 _63112_/A
 _63112_/B
 _63112_/Y
 _63113_/A
 _63113_/Y
 _63114_/A1
 _63114_/A2
 _63114_/B1
 _63114_/B2
 _63114_/Y
 _63115_/A1
 _63115_/A2
 _63115_/B1
 _63115_/B2
 _63115_/C1
 _63115_/Y
 _63116_/A1
 _63116_/A2
 _63116_/B1
 _63116_/C1
 _63116_/D1
 _63116_/Y
 _63117_/A
 _63117_/B
 _63117_/C
 _63117_/D
 _63117_/Y
 _63118_/A
 _63118_/B
 _63118_/Y
 _63119_/A
 _63119_/B
 _63119_/Y
 _63120_/A
 _63120_/B
 _63120_/Y
 _63121_/A
 _63121_/B
 _63121_/X
 _63122_/A
 _63122_/B
 _63122_/X
 _63123_/A
 _63123_/B
 _63123_/X
 _63124_/A
 _63124_/B
 _63124_/X
 _63125_/A
 _63125_/B
 _63125_/C
 _63125_/D
 _63125_/Y
 _63126_/A
 _63126_/B
 _63126_/C
 _63126_/D
 _63126_/Y
 _63127_/A1
 _63127_/A2
 _63127_/B1
 _63127_/B2
 _63127_/Y
 _63128_/A1
 _63128_/A2
 _63128_/B1
 _63128_/B2
 _63128_/C1
 _63128_/Y
 _63129_/A
 _63129_/B
 _63129_/X
 _63130_/A
 _63130_/B
 _63130_/X
 _63131_/A
 _63131_/B
 _63131_/C
 _63131_/D
 _63131_/Y
 _63132_/A
 _63132_/B
 _63132_/Y
 _63133_/A
 _63133_/B
 _63133_/Y
 _63134_/A
 _63134_/B
 _63134_/Y
 _63135_/A
 _63135_/B
 _63135_/Y
 _63136_/A
 _63136_/B
 _63136_/C
 _63136_/D
 _63136_/Y
 _63137_/A
 _63137_/B
 _63137_/Y
 _63138_/A
 _63138_/B
 _63138_/Y
 _63139_/A
 _63139_/B
 _63139_/Y
 _63140_/A
 _63140_/B
 _63140_/Y
 _63141_/A
 _63141_/B
 _63141_/C
 _63141_/D
 _63141_/Y
 _63142_/A
 _63142_/B
 _63142_/Y
 _63143_/A
 _63143_/B
 _63143_/Y
 _63144_/A
 _63144_/B
 _63144_/Y
 _63145_/A
 _63145_/B
 _63145_/Y
 _63146_/A
 _63146_/B
 _63146_/C
 _63146_/D
 _63146_/Y
 _63147_/A
 _63147_/B
 _63147_/Y
 _63148_/A
 _63148_/B
 _63148_/Y
 _63149_/A
 _63149_/B
 _63149_/Y
 _63150_/A
 _63150_/B
 _63150_/Y
 _63151_/A
 _63151_/B
 _63151_/C
 _63151_/D
 _63151_/Y
 _63152_/A
 _63152_/B
 _63152_/C
 _63152_/D
 _63152_/Y
 _63153_/A1
 _63153_/A2
 _63153_/B1
 _63153_/B2
 _63153_/Y
 _63154_/A1
 _63154_/A2
 _63154_/B1
 _63154_/B2
 _63154_/Y
 _63155_/A
 _63155_/B
 _63155_/Y
 _63156_/A
 _63156_/Y
 _63157_/A
 _63157_/Y
 _63158_/A1
 _63158_/A2
 _63158_/B1
 _63158_/B2
 _63158_/Y
 _63159_/A1
 _63159_/A2
 _63159_/B1
 _63159_/B2
 _63159_/C1
 _63159_/Y
 _63160_/A1
 _63160_/A2
 _63160_/B1
 _63160_/Y
 _63161_/A
 _63161_/B
 _63161_/X
 _63162_/A
 _63162_/B
 _63162_/X
 _63163_/A1_N
 _63163_/A2_N
 _63163_/B1
 _63163_/B2
 _63163_/Y
 _63164_/A
 _63164_/B
 _63164_/C
 _63164_/D
 _63164_/Y
 _63165_/A
 _63165_/B
 _63165_/C
 _63165_/Y
 _63166_/A1
 _63166_/A2
 _63166_/B1
 _63166_/B2
 _63166_/C1
 _63166_/C2
 _63166_/Y
 _63167_/A1
 _63167_/A2
 _63167_/B1
 _63167_/B2
 _63167_/Y
 _63168_/A1
 _63168_/A2
 _63168_/B1
 _63168_/B2
 _63168_/C1
 _63168_/Y
 _63169_/A
 _63169_/B
 _63169_/X
 _63170_/A1
 _63170_/A2
 _63170_/B1
 _63170_/B2
 _63170_/C1
 _63170_/Y
 _63171_/A_N
 _63171_/B
 _63171_/C
 _63171_/D
 _63171_/X
 _63172_/A1
 _63172_/A2
 _63172_/B1
 _63172_/B2
 _63172_/Y
 _63173_/A1
 _63173_/A2
 _63173_/B1
 _63173_/B2
 _63173_/Y
 _63174_/A
 _63174_/B
 _63174_/Y
 _63175_/A1
 _63175_/A2
 _63175_/B1
 _63175_/B2
 _63175_/Y
 _63176_/A1
 _63176_/A2
 _63176_/B1
 _63176_/B2
 _63176_/Y
 _63177_/A
 _63177_/Y
 _63178_/A
 _63178_/B
 _63178_/X
 _63179_/A1
 _63179_/A2
 _63179_/B1
 _63179_/B2
 _63179_/C1
 _63179_/Y
 _63180_/A
 _63180_/B
 _63180_/Y
 _63181_/A
 _63181_/B
 _63181_/Y
 _63182_/A
 _63182_/B
 _63182_/C
 _63182_/X
 _63183_/A
 _63183_/B
 _63183_/C
 _63183_/D
 _63183_/Y
 _63184_/A
 _63184_/B
 _63184_/X
 _63185_/A
 _63185_/B
 _63185_/X
 _63186_/A
 _63186_/B
 _63186_/X
 _63187_/A
 _63187_/B
 _63187_/X
 _63188_/A
 _63188_/B
 _63188_/C
 _63188_/D
 _63188_/Y
 _63189_/A
 _63189_/B
 _63189_/X
 _63190_/A
 _63190_/B
 _63190_/X
 _63191_/A
 _63191_/B
 _63191_/X
 _63192_/A
 _63192_/B
 _63192_/X
 _63193_/A
 _63193_/B
 _63193_/C
 _63193_/D
 _63193_/Y
 _63194_/A
 _63194_/B
 _63194_/X
 _63195_/A
 _63195_/B
 _63195_/X
 _63196_/A
 _63196_/B
 _63196_/X
 _63197_/A
 _63197_/B
 _63197_/X
 _63198_/A
 _63198_/B
 _63198_/C
 _63198_/D
 _63198_/Y
 _63199_/A
 _63199_/B
 _63199_/X
 _63200_/A
 _63200_/B
 _63200_/X
 _63201_/A
 _63201_/B
 _63201_/X
 _63202_/A
 _63202_/B
 _63202_/X
 _63203_/A
 _63203_/B
 _63203_/C
 _63203_/D
 _63203_/Y
 _63204_/A
 _63204_/B
 _63204_/C
 _63204_/D
 _63204_/Y
 _63205_/A
 _63205_/B
 _63205_/Y
 _63206_/A
 _63206_/B
 _63206_/C
 _63206_/D
 _63206_/Y
 _63207_/A1_N
 _63207_/A2_N
 _63207_/B1
 _63207_/B2
 _63207_/Y
 _63208_/A1
 _63208_/A2
 _63208_/B1
 _63208_/B2
 _63208_/X
 _63209_/A1_N
 _63209_/A2_N
 _63209_/B1
 _63209_/B2
 _63209_/Y
 _63210_/A1
 _63210_/A2
 _63210_/B1
 _63210_/B2
 _63210_/Y
 _63211_/A
 _63211_/B
 _63211_/C
 _63211_/D
 _63211_/Y
 _63212_/A
 _63212_/B
 _63212_/X
 _63213_/A
 _63213_/B
 _63213_/X
 _63214_/A
 _63214_/B
 _63214_/X
 _63215_/A
 _63215_/B
 _63215_/X
 _63216_/A
 _63216_/B
 _63216_/C
 _63216_/D
 _63216_/Y
 _63217_/A
 _63217_/B
 _63217_/Y
 _63218_/A1_N
 _63218_/A2_N
 _63218_/B1
 _63218_/B2
 _63218_/Y
 _63219_/A1
 _63219_/A2
 _63219_/B1
 _63219_/C1
 _63219_/Y
 _63220_/A
 _63220_/B
 _63220_/Y
 _63221_/A1_N
 _63221_/A2_N
 _63221_/B1
 _63221_/B2
 _63221_/Y
 _63222_/A1
 _63222_/A2
 _63222_/B1
 _63222_/C1
 _63222_/D1
 _63222_/Y
 _63223_/A
 _63223_/Y
 _63224_/A1
 _63224_/A2
 _63224_/B1
 _63224_/B2
 _63224_/Y
 _63225_/A1
 _63225_/A2
 _63225_/B1
 _63225_/B2
 _63225_/Y
 _63226_/A1_N
 _63226_/A2_N
 _63226_/B1
 _63226_/B2
 _63226_/Y
 _63227_/A1_N
 _63227_/A2_N
 _63227_/B1
 _63227_/B2
 _63227_/Y
 _63228_/A
 _63228_/B
 _63228_/C
 _63228_/D
 _63228_/Y
 _63229_/A
 _63229_/B
 _63229_/C
 _63229_/D
 _63229_/Y
 _63230_/A
 _63230_/B
 _63230_/Y
 _63231_/A
 _63231_/B
 _63231_/Y
 _63232_/A
 _63232_/B
 _63232_/Y
 _63233_/A
 _63233_/B
 _63233_/Y
 _63234_/A
 _63234_/B
 _63234_/C
 _63234_/D
 _63234_/Y
 _63235_/A
 _63235_/B
 _63235_/Y
 _63236_/A
 _63236_/B
 _63236_/Y
 _63237_/A
 _63237_/B
 _63237_/Y
 _63238_/A
 _63238_/B
 _63238_/X
 _63239_/A
 _63239_/B
 _63239_/X
 _63240_/A
 _63240_/B
 _63240_/X
 _63241_/A
 _63241_/B
 _63241_/X
 _63242_/A
 _63242_/B
 _63242_/C
 _63242_/D
 _63242_/Y
 _63243_/A
 _63243_/B
 _63243_/C
 _63243_/D
 _63243_/Y
 _63244_/A
 _63244_/B
 _63244_/X
 _63245_/A
 _63245_/B
 _63245_/X
 _63246_/A
 _63246_/B
 _63246_/X
 _63247_/A
 _63247_/B
 _63247_/X
 _63248_/A
 _63248_/B
 _63248_/C
 _63248_/D
 _63248_/Y
 _63249_/A
 _63249_/B
 _63249_/X
 _63250_/A
 _63250_/B
 _63250_/X
 _63251_/A
 _63251_/B
 _63251_/X
 _63252_/A
 _63252_/B
 _63252_/X
 _63253_/A
 _63253_/B
 _63253_/C
 _63253_/D
 _63253_/Y
 _63254_/A
 _63254_/B
 _63254_/X
 _63255_/A
 _63255_/B
 _63255_/X
 _63256_/A
 _63256_/B
 _63256_/X
 _63257_/A
 _63257_/B
 _63257_/X
 _63258_/A
 _63258_/B
 _63258_/C
 _63258_/D
 _63258_/Y
 _63259_/A
 _63259_/B
 _63259_/X
 _63260_/A
 _63260_/B
 _63260_/X
 _63261_/A
 _63261_/B
 _63261_/X
 _63262_/A
 _63262_/B
 _63262_/X
 _63263_/A
 _63263_/B
 _63263_/C
 _63263_/D
 _63263_/Y
 _63264_/A
 _63264_/B
 _63264_/C
 _63264_/D
 _63264_/Y
 _63265_/A
 _63265_/B
 _63265_/C
 _63265_/D
 _63265_/X
 _63266_/A1
 _63266_/A2
 _63266_/B1
 _63266_/B2
 _63266_/Y
 _63267_/A1
 _63267_/A2
 _63267_/B1
 _63267_/B2
 _63267_/Y
 _63268_/A
 _63268_/B
 _63268_/Y
 _63269_/A1
 _63269_/A2
 _63269_/B1
 _63269_/B2
 _63269_/Y
 _63270_/A1
 _63270_/A2
 _63270_/B1
 _63270_/B2
 _63270_/C1
 _63270_/Y
 _63271_/A1
 _63271_/A2
 _63271_/B1
 _63271_/C1
 _63271_/D1
 _63271_/Y
 _63272_/A1
 _63272_/A2
 _63272_/B1
 _63272_/Y
 _63273_/A
 _63273_/B
 _63273_/Y
 _63274_/A
 _63274_/B
 _63274_/Y
 _63275_/A
 _63275_/B
 _63275_/Y
 _63276_/A1_N
 _63276_/A2_N
 _63276_/B1
 _63276_/B2
 _63276_/Y
 _63277_/A
 _63277_/B
 _63277_/C
 _63277_/D
 _63277_/Y
 _63278_/A1
 _63278_/A2
 _63278_/B1
 _63278_/B2
 _63278_/Y
 _63279_/A1
 _63279_/A2
 _63279_/B1
 _63279_/B2
 _63279_/Y
 _63280_/A
 _63280_/B
 _63280_/X
 _63281_/A1
 _63281_/A2
 _63281_/B1
 _63281_/B2
 _63281_/Y
 _63282_/A1
 _63282_/A2
 _63282_/B1
 _63282_/B2
 _63282_/C1
 _63282_/Y
 _63283_/A
 _63283_/B
 _63283_/Y
 _63284_/A
 _63284_/B
 _63284_/Y
 _63285_/A
 _63285_/B
 _63285_/Y
 _63286_/A
 _63286_/B
 _63286_/Y
 _63287_/A
 _63287_/B
 _63287_/C
 _63287_/D
 _63287_/Y
 _63288_/A
 _63288_/B
 _63288_/Y
 _63289_/A
 _63289_/B
 _63289_/Y
 _63290_/A
 _63290_/B
 _63290_/Y
 _63291_/A
 _63291_/B
 _63291_/Y
 _63292_/A
 _63292_/B
 _63292_/C
 _63292_/D
 _63292_/Y
 _63293_/A
 _63293_/B
 _63293_/Y
 _63294_/A
 _63294_/B
 _63294_/C
 _63294_/D
 _63294_/Y
 _63295_/A1
 _63295_/A2
 _63295_/B1
 _63295_/C1
 _63295_/D1
 _63295_/Y
 _63296_/A
 _63296_/B
 _63296_/X
 _63297_/A
 _63297_/B
 _63297_/X
 _63298_/A
 _63298_/B
 _63298_/X
 _63299_/A
 _63299_/B
 _63299_/X
 _63300_/A
 _63300_/B
 _63300_/C
 _63300_/D
 _63300_/Y
 _63301_/A
 _63301_/B
 _63301_/X
 _63302_/A
 _63302_/B
 _63302_/X
 _63303_/A
 _63303_/B
 _63303_/X
 _63304_/A
 _63304_/B
 _63304_/X
 _63305_/A
 _63305_/B
 _63305_/C
 _63305_/D
 _63305_/Y
 _63306_/A
 _63306_/B
 _63306_/X
 _63307_/A
 _63307_/B
 _63307_/X
 _63308_/A
 _63308_/B
 _63308_/X
 _63309_/A
 _63309_/B
 _63309_/X
 _63310_/A
 _63310_/B
 _63310_/C
 _63310_/D
 _63310_/Y
 _63311_/A
 _63311_/B
 _63311_/X
 _63312_/A
 _63312_/B
 _63312_/X
 _63313_/A
 _63313_/B
 _63313_/X
 _63314_/A
 _63314_/B
 _63314_/X
 _63315_/A
 _63315_/B
 _63315_/C
 _63315_/D
 _63315_/Y
 _63316_/A
 _63316_/B
 _63316_/C
 _63316_/D
 _63316_/Y
 _63317_/A
 _63317_/B
 _63317_/X
 _63318_/A
 _63318_/B
 _63318_/X
 _63319_/A
 _63319_/B
 _63319_/X
 _63320_/A
 _63320_/B
 _63320_/X
 _63321_/A
 _63321_/B
 _63321_/C
 _63321_/D
 _63321_/Y
 _63322_/A
 _63322_/B
 _63322_/X
 _63323_/A
 _63323_/B
 _63323_/X
 _63324_/A
 _63324_/B
 _63324_/X
 _63325_/A
 _63325_/B
 _63325_/X
 _63326_/A
 _63326_/B
 _63326_/C
 _63326_/D
 _63326_/Y
 _63327_/A
 _63327_/B
 _63327_/X
 _63328_/A
 _63328_/B
 _63328_/X
 _63329_/A
 _63329_/B
 _63329_/X
 _63330_/A
 _63330_/B
 _63330_/X
 _63331_/A
 _63331_/B
 _63331_/C
 _63331_/D
 _63331_/Y
 _63332_/A
 _63332_/B
 _63332_/X
 _63333_/A
 _63333_/B
 _63333_/X
 _63334_/A
 _63334_/B
 _63334_/X
 _63335_/A
 _63335_/B
 _63335_/X
 _63336_/A
 _63336_/B
 _63336_/C
 _63336_/D
 _63336_/Y
 _63337_/A
 _63337_/B
 _63337_/C
 _63337_/D
 _63337_/Y
 _63338_/A
 _63338_/B
 _63338_/Y
 _63339_/A1
 _63339_/A2
 _63339_/B1
 _63339_/Y
 _63340_/A1_N
 _63340_/A2_N
 _63340_/B1
 _63340_/B2
 _63340_/Y
 _63341_/A1
 _63341_/A2
 _63341_/B1
 _63341_/B2
 _63341_/C1
 _63341_/X
 _63342_/A
 _63342_/B
 _63342_/Y
 _63343_/A
 _63343_/B
 _63343_/Y
 _63344_/A
 _63344_/B
 _63344_/Y
 _63345_/A
 _63345_/B
 _63345_/Y
 _63346_/A
 _63346_/B
 _63346_/C
 _63346_/D
 _63346_/Y
 _63347_/A
 _63347_/B
 _63347_/C
 _63347_/D
 _63347_/Y
 _63348_/A
 _63348_/B
 _63348_/Y
 _63349_/A
 _63349_/B
 _63349_/Y
 _63350_/A
 _63350_/B
 _63350_/Y
 _63351_/A
 _63351_/B
 _63351_/C
 _63351_/D
 _63351_/Y
 _63352_/A
 _63352_/Y
 _63353_/A1
 _63353_/A2
 _63353_/B1
 _63353_/B2
 _63353_/C1
 _63353_/C2
 _63353_/Y
 _63354_/A
 _63354_/B
 _63354_/X
 _63355_/A
 _63355_/B
 _63355_/X
 _63356_/A1
 _63356_/A2
 _63356_/B1
 _63356_/B2
 _63356_/Y
 _63357_/A
 _63357_/B
 _63357_/X
 _63358_/A
 _63358_/B
 _63358_/C
 _63358_/D
 _63358_/Y
 _63359_/A
 _63359_/B
 _63359_/Y
 _63360_/A
 _63360_/B
 _63360_/Y
 _63361_/A
 _63361_/B
 _63361_/Y
 _63362_/A
 _63362_/B
 _63362_/Y
 _63363_/A
 _63363_/B
 _63363_/C
 _63363_/D
 _63363_/Y
 _63364_/A
 _63364_/B
 _63364_/Y
 _63365_/A
 _63365_/B
 _63365_/Y
 _63366_/A
 _63366_/B
 _63366_/Y
 _63367_/A
 _63367_/B
 _63367_/Y
 _63368_/A
 _63368_/B
 _63368_/C
 _63368_/D
 _63368_/Y
 _63369_/A
 _63369_/B
 _63369_/Y
 _63370_/A
 _63370_/B
 _63370_/Y
 _63371_/A
 _63371_/B
 _63371_/Y
 _63372_/A
 _63372_/B
 _63372_/Y
 _63373_/A
 _63373_/B
 _63373_/C
 _63373_/D
 _63373_/Y
 _63374_/A
 _63374_/B
 _63374_/Y
 _63375_/A
 _63375_/B
 _63375_/Y
 _63376_/A
 _63376_/B
 _63376_/Y
 _63377_/A
 _63377_/B
 _63377_/Y
 _63378_/A
 _63378_/B
 _63378_/C
 _63378_/D
 _63378_/Y
 _63379_/A
 _63379_/B
 _63379_/C
 _63379_/D
 _63379_/Y
 _63380_/A
 _63380_/B
 _63380_/C
 _63380_/Y
 _63381_/A
 _63381_/B
 _63381_/C
 _63381_/D
 _63381_/Y
 _63382_/A
 _63382_/B
 _63382_/Y
 _63383_/A
 _63383_/B
 _63383_/Y
 _63384_/A
 _63384_/B
 _63384_/Y
 _63385_/A
 _63385_/B
 _63385_/Y
 _63386_/A
 _63386_/B
 _63386_/C
 _63386_/D
 _63386_/Y
 _63387_/A
 _63387_/B
 _63387_/Y
 _63388_/A
 _63388_/B
 _63388_/Y
 _63389_/A
 _63389_/B
 _63389_/Y
 _63390_/A
 _63390_/B
 _63390_/Y
 _63391_/A
 _63391_/B
 _63391_/C
 _63391_/D
 _63391_/Y
 _63392_/A
 _63392_/B
 _63392_/Y
 _63393_/A
 _63393_/B
 _63393_/Y
 _63394_/A
 _63394_/B
 _63394_/Y
 _63395_/A
 _63395_/B
 _63395_/Y
 _63396_/A
 _63396_/B
 _63396_/C
 _63396_/D
 _63396_/Y
 _63397_/A
 _63397_/B
 _63397_/Y
 _63398_/A
 _63398_/B
 _63398_/Y
 _63399_/A
 _63399_/B
 _63399_/Y
 _63400_/A
 _63400_/B
 _63400_/Y
 _63401_/A
 _63401_/B
 _63401_/C
 _63401_/D
 _63401_/Y
 _63402_/A
 _63402_/B
 _63402_/C
 _63402_/D
 _63402_/Y
 _63403_/A
 _63403_/B
 _63403_/X
 _63404_/A
 _63404_/B
 _63404_/X
 _63405_/A
 _63405_/B
 _63405_/X
 _63406_/A
 _63406_/B
 _63406_/C
 _63406_/Y
 _63407_/A
 _63407_/B
 _63407_/X
 _63408_/A
 _63408_/B
 _63408_/X
 _63409_/A
 _63409_/B
 _63409_/X
 _63410_/A
 _63410_/B
 _63410_/X
 _63411_/A
 _63411_/B
 _63411_/C
 _63411_/D
 _63411_/Y
 _63412_/A
 _63412_/B
 _63412_/X
 _63413_/A
 _63413_/B
 _63413_/X
 _63414_/A
 _63414_/B
 _63414_/X
 _63415_/A
 _63415_/B
 _63415_/X
 _63416_/A
 _63416_/B
 _63416_/C
 _63416_/D
 _63416_/Y
 _63417_/A
 _63417_/B
 _63417_/C
 _63417_/D
 _63417_/Y
 _63418_/A
 _63418_/B
 _63418_/Y
 _63419_/A1
 _63419_/A2
 _63419_/B1
 _63419_/B2
 _63419_/C1
 _63419_/Y
 _63420_/A
 _63420_/Y
 _63421_/A1
 _63421_/A2
 _63421_/B1
 _63421_/B2
 _63421_/Y
 _63422_/A
 _63422_/Y
 _63423_/A
 _63423_/Y
 _63424_/A1
 _63424_/A2
 _63424_/B1
 _63424_/B2
 _63424_/Y
 _63425_/A
 _63425_/B
 _63425_/C
 _63425_/Y
 _63426_/A1
 _63426_/A2
 _63426_/B1
 _63426_/B2
 _63426_/X
 _63427_/A1_N
 _63427_/A2_N
 _63427_/B1
 _63427_/B2
 _63427_/Y
 _63428_/A1
 _63428_/A2
 _63428_/B1
 _63428_/B2
 _63428_/X
 _63429_/A
 _63429_/B
 _63429_/X
 _63430_/A
 _63430_/B
 _63430_/C
 _63430_/D
 _63430_/Y
 _63431_/A1
 _63431_/A2
 _63431_/B1
 _63431_/B2
 _63431_/C1
 _63431_/C2
 _63431_/Y
 _63432_/A1
 _63432_/A2
 _63432_/B1
 _63432_/B2
 _63432_/Y
 _63433_/A1
 _63433_/A2
 _63433_/B1
 _63433_/B2
 _63433_/C1
 _63433_/Y
 _63434_/A1
 _63434_/A2
 _63434_/B1
 _63434_/B2
 _63434_/Y
 _63435_/A1_N
 _63435_/A2_N
 _63435_/B1
 _63435_/B2
 _63435_/Y
 _63436_/A
 _63436_/B
 _63436_/C
 _63436_/Y
 _63437_/A
 _63437_/B
 _63437_/C
 _63437_/D
 _63437_/Y
 _63438_/A1
 _63438_/A2
 _63438_/B1_N
 _63438_/Y
 _63439_/A1_N
 _63439_/A2_N
 _63439_/B1
 _63439_/B2
 _63439_/Y
 _63440_/A1
 _63440_/A2
 _63440_/B1
 _63440_/B2
 _63440_/Y
 _63441_/A1
 _63441_/A2
 _63441_/B1
 _63441_/B2
 _63441_/C1
 _63441_/Y
 _63442_/A
 _63442_/B
 _63442_/X
 _63443_/A
 _63443_/B
 _63443_/X
 _63444_/A
 _63444_/B
 _63444_/X
 _63445_/A
 _63445_/B
 _63445_/X
 _63446_/A
 _63446_/B
 _63446_/C
 _63446_/D
 _63446_/Y
 _63447_/A
 _63447_/B
 _63447_/C
 _63447_/D
 _63447_/Y
 _63448_/A
 _63448_/B
 _63448_/X
 _63449_/A
 _63449_/B
 _63449_/X
 _63450_/A
 _63450_/B
 _63450_/X
 _63451_/A
 _63451_/B
 _63451_/X
 _63452_/A
 _63452_/B
 _63452_/C
 _63452_/D
 _63452_/Y
 _63453_/A
 _63453_/B
 _63453_/X
 _63454_/A
 _63454_/B
 _63454_/X
 _63455_/A
 _63455_/B
 _63455_/X
 _63456_/A
 _63456_/B
 _63456_/X
 _63457_/A
 _63457_/B
 _63457_/C
 _63457_/D
 _63457_/Y
 _63458_/A
 _63458_/B
 _63458_/X
 _63459_/A
 _63459_/B
 _63459_/X
 _63460_/A
 _63460_/B
 _63460_/X
 _63461_/A
 _63461_/B
 _63461_/X
 _63462_/A
 _63462_/B
 _63462_/C
 _63462_/D
 _63462_/Y
 _63463_/A
 _63463_/B
 _63463_/X
 _63464_/A
 _63464_/B
 _63464_/X
 _63465_/A
 _63465_/B
 _63465_/X
 _63466_/A
 _63466_/B
 _63466_/X
 _63467_/A
 _63467_/B
 _63467_/C
 _63467_/D
 _63467_/Y
 _63468_/A
 _63468_/B
 _63468_/C
 _63468_/D
 _63468_/Y
 _63469_/A
 _63469_/B
 _63469_/C
 _63469_/D
 _63469_/Y
 _63470_/A1
 _63470_/A2
 _63470_/B1
 _63470_/B2
 _63470_/Y
 _63471_/A1
 _63471_/A2
 _63471_/B1
 _63471_/B2
 _63471_/C1
 _63471_/Y
 _63472_/A
 _63472_/Y
 _63473_/A
 _63473_/Y
 _63474_/A
 _63474_/Y
 _63475_/A1
 _63475_/A2
 _63475_/B1
 _63475_/B2
 _63475_/Y
 _63476_/A1
 _63476_/A2
 _63476_/B1
 _63476_/B2
 _63476_/C1
 _63476_/Y
 _63477_/A
 _63477_/B
 _63477_/Y
 _63478_/A1
 _63478_/A2
 _63478_/B1
 _63478_/B2
 _63478_/Y
 _63479_/A1_N
 _63479_/A2_N
 _63479_/B1
 _63479_/B2
 _63479_/Y
 _63480_/A
 _63480_/Y
 _63481_/A1
 _63481_/A2
 _63481_/B1
 _63481_/Y
 _63482_/A1
 _63482_/A2
 _63482_/B1
 _63482_/B2
 _63482_/C1
 _63482_/X
 _63483_/A
 _63483_/B
 _63483_/Y
 _63484_/A
 _63484_/B
 _63484_/Y
 _63485_/A
 _63485_/B
 _63485_/Y
 _63486_/A
 _63486_/B
 _63486_/Y
 _63487_/A
 _63487_/B
 _63487_/C
 _63487_/D
 _63487_/Y
 _63488_/A
 _63488_/B
 _63488_/C
 _63488_/D
 _63488_/Y
 _63489_/A1_N
 _63489_/A2_N
 _63489_/B1
 _63489_/B2
 _63489_/Y
 _63490_/A1
 _63490_/A2
 _63490_/B1
 _63490_/B2
 _63490_/C1
 _63490_/Y
 _63491_/A1_N
 _63491_/A2_N
 _63491_/B1
 _63491_/B2
 _63491_/Y
 _63492_/A1
 _63492_/A2
 _63492_/B1
 _63492_/B2
 _63492_/C1
 _63492_/Y
 _63493_/A
 _63493_/B
 _63493_/Y
 _63494_/A
 _63494_/B
 _63494_/Y
 _63495_/A
 _63495_/B
 _63495_/Y
 _63496_/A
 _63496_/B
 _63496_/Y
 _63497_/A
 _63497_/B
 _63497_/C
 _63497_/D
 _63497_/Y
 _63498_/A
 _63498_/B
 _63498_/Y
 _63499_/A
 _63499_/B
 _63499_/Y
 _63500_/A
 _63500_/B
 _63500_/Y
 _63501_/A
 _63501_/B
 _63501_/Y
 _63502_/A
 _63502_/B
 _63502_/C
 _63502_/D
 _63502_/Y
 _63503_/A
 _63503_/B
 _63503_/Y
 _63504_/A
 _63504_/B
 _63504_/C
 _63504_/D
 _63504_/Y
 _63505_/A
 _63505_/B
 _63505_/Y
 _63506_/A1
 _63506_/A2
 _63506_/B1
 _63506_/B2
 _63506_/C1
 _63506_/Y
 _63507_/A
 _63507_/Y
 _63508_/A1
 _63508_/A2
 _63508_/B1
 _63508_/B2
 _63508_/Y
 _63509_/A1
 _63509_/A2
 _63509_/B1
 _63509_/B2
 _63509_/C1
 _63509_/Y
 _63510_/A
 _63510_/B
 _63510_/X
 _63511_/A1
 _63511_/A2
 _63511_/B1
 _63511_/B2
 _63511_/C1
 _63511_/X
 _63512_/A
 _63512_/B
 _63512_/X
 _63513_/A
 _63513_/B
 _63513_/X
 _63514_/A
 _63514_/B
 _63514_/X
 _63515_/A
 _63515_/B
 _63515_/X
 _63516_/A
 _63516_/B
 _63516_/C
 _63516_/D
 _63516_/Y
 _63517_/A
 _63517_/B
 _63517_/X
 _63518_/A
 _63518_/B
 _63518_/X
 _63519_/A
 _63519_/B
 _63519_/X
 _63520_/A
 _63520_/B
 _63520_/X
 _63521_/A
 _63521_/B
 _63521_/C
 _63521_/D
 _63521_/Y
 _63522_/A
 _63522_/B
 _63522_/X
 _63523_/A
 _63523_/B
 _63523_/X
 _63524_/A
 _63524_/B
 _63524_/X
 _63525_/A
 _63525_/B
 _63525_/X
 _63526_/A
 _63526_/B
 _63526_/C
 _63526_/D
 _63526_/Y
 _63527_/A
 _63527_/B
 _63527_/X
 _63528_/A
 _63528_/B
 _63528_/X
 _63529_/A
 _63529_/B
 _63529_/X
 _63530_/A
 _63530_/B
 _63530_/X
 _63531_/A
 _63531_/B
 _63531_/C
 _63531_/D
 _63531_/Y
 _63532_/A
 _63532_/B
 _63532_/C
 _63532_/D
 _63532_/Y
 _63533_/A1
 _63533_/A2
 _63533_/B1
 _63533_/B2
 _63533_/Y
 _63534_/A1
 _63534_/A2
 _63534_/B1
 _63534_/B2
 _63534_/Y
 _63535_/A1
 _63535_/A2
 _63535_/B1
 _63535_/B2
 _63535_/Y
 _63536_/A1_N
 _63536_/A2_N
 _63536_/B1
 _63536_/B2
 _63536_/Y
 _63537_/A
 _63537_/B
 _63537_/C
 _63537_/D
 _63537_/X
 _63538_/A1
 _63538_/A2
 _63538_/B1
 _63538_/B2
 _63538_/Y
 _63539_/A1
 _63539_/A2
 _63539_/B1
 _63539_/B2
 _63539_/C1
 _63539_/Y
 _63540_/A
 _63540_/B
 _63540_/Y
 _63541_/A
 _63541_/B
 _63541_/Y
 _63542_/A
 _63542_/B
 _63542_/Y
 _63543_/A
 _63543_/B
 _63543_/C
 _63543_/D
 _63543_/X
 _63544_/A
 _63544_/B
 _63544_/C
 _63544_/D
 _63544_/X
 _63545_/A
 _63545_/B
 _63545_/X
 _63546_/A
 _63546_/B
 _63546_/X
 _63547_/A
 _63547_/B
 _63547_/X
 _63548_/A
 _63548_/B
 _63548_/C
 _63548_/Y
 _63549_/A
 _63549_/B
 _63549_/X
 _63550_/A
 _63550_/B
 _63550_/X
 _63551_/A
 _63551_/B
 _63551_/X
 _63552_/A
 _63552_/B
 _63552_/X
 _63553_/A
 _63553_/B
 _63553_/C
 _63553_/D
 _63553_/Y
 _63554_/A
 _63554_/B
 _63554_/X
 _63555_/A
 _63555_/B
 _63555_/X
 _63556_/A
 _63556_/B
 _63556_/X
 _63557_/A
 _63557_/B
 _63557_/X
 _63558_/A
 _63558_/B
 _63558_/C
 _63558_/D
 _63558_/Y
 _63559_/A
 _63559_/B
 _63559_/C
 _63559_/Y
 _63560_/A
 _63560_/B
 _63560_/C
 _63560_/D
 _63560_/Y
 _63561_/A
 _63561_/B
 _63561_/Y
 _63562_/A
 _63562_/B
 _63562_/Y
 _63563_/A
 _63563_/B
 _63563_/Y
 _63564_/A
 _63564_/B
 _63564_/X
 _63565_/A
 _63565_/B
 _63565_/X
 _63566_/A
 _63566_/B
 _63566_/X
 _63567_/A
 _63567_/B
 _63567_/X
 _63568_/A
 _63568_/B
 _63568_/C
 _63568_/D
 _63568_/Y
 _63569_/A
 _63569_/B
 _63569_/C
 _63569_/D
 _63569_/Y
 _63570_/A
 _63570_/B
 _63570_/Y
 _63571_/A
 _63571_/B
 _63571_/Y
 _63572_/A
 _63572_/B
 _63572_/Y
 _63573_/A
 _63573_/B
 _63573_/Y
 _63574_/A
 _63574_/B
 _63574_/C
 _63574_/D
 _63574_/Y
 _63575_/A
 _63575_/B
 _63575_/X
 _63576_/A
 _63576_/B
 _63576_/X
 _63577_/A
 _63577_/B
 _63577_/X
 _63578_/A
 _63578_/B
 _63578_/X
 _63579_/A
 _63579_/B
 _63579_/C
 _63579_/D
 _63579_/Y
 _63580_/A
 _63580_/B
 _63580_/X
 _63581_/A
 _63581_/B
 _63581_/X
 _63582_/A
 _63582_/B
 _63582_/X
 _63583_/A
 _63583_/B
 _63583_/X
 _63584_/A
 _63584_/B
 _63584_/C
 _63584_/D
 _63584_/Y
 _63585_/A
 _63585_/B
 _63585_/X
 _63586_/A
 _63586_/B
 _63586_/X
 _63587_/A
 _63587_/B
 _63587_/X
 _63588_/A
 _63588_/B
 _63588_/X
 _63589_/A
 _63589_/B
 _63589_/C
 _63589_/D
 _63589_/Y
 _63590_/A
 _63590_/B
 _63590_/X
 _63591_/A
 _63591_/B
 _63591_/X
 _63592_/A
 _63592_/B
 _63592_/X
 _63593_/A
 _63593_/B
 _63593_/X
 _63594_/A
 _63594_/B
 _63594_/C
 _63594_/D
 _63594_/Y
 _63595_/A
 _63595_/B
 _63595_/C
 _63595_/D
 _63595_/Y
 _63596_/A
 _63596_/B
 _63596_/C
 _63596_/Y
 _63597_/A
 _63597_/B
 _63597_/X
 _63598_/A1
 _63598_/A2
 _63598_/B1
 _63598_/Y
 _63599_/A
 _63599_/B
 _63599_/Y
 _63600_/A
 _63600_/B
 _63600_/Y
 _63601_/A
 _63601_/B
 _63601_/C
 _63601_/D
 _63601_/Y
 _63602_/A1
 _63602_/A2
 _63602_/B1
 _63602_/B2
 _63602_/Y
 _63603_/A
 _63603_/Y
 _63604_/A1
 _63604_/A2
 _63604_/B1
 _63604_/B2
 _63604_/Y
 _63605_/A
 _63605_/B
 _63605_/C
 _63605_/Y
 _63606_/A
 _63606_/B
 _63606_/X
 _63607_/A
 _63607_/B
 _63607_/X
 _63608_/A
 _63608_/B
 _63608_/X
 _63609_/A
 _63609_/B
 _63609_/X
 _63610_/A
 _63610_/B
 _63610_/C
 _63610_/D
 _63610_/Y
 _63611_/A
 _63611_/B
 _63611_/X
 _63612_/A
 _63612_/B
 _63612_/X
 _63613_/A
 _63613_/B
 _63613_/X
 _63614_/A
 _63614_/B
 _63614_/X
 _63615_/A
 _63615_/B
 _63615_/C
 _63615_/D
 _63615_/Y
 _63616_/A
 _63616_/B
 _63616_/C
 _63616_/D
 _63616_/Y
 _63617_/A
 _63617_/B
 _63617_/X
 _63618_/A
 _63618_/B
 _63618_/X
 _63619_/A
 _63619_/B
 _63619_/X
 _63620_/A
 _63620_/B
 _63620_/X
 _63621_/A
 _63621_/B
 _63621_/C
 _63621_/D
 _63621_/Y
 _63622_/A
 _63622_/B
 _63622_/X
 _63623_/A
 _63623_/B
 _63623_/X
 _63624_/A
 _63624_/B
 _63624_/X
 _63625_/A
 _63625_/B
 _63625_/X
 _63626_/A
 _63626_/B
 _63626_/C
 _63626_/D
 _63626_/Y
 _63627_/A
 _63627_/B
 _63627_/Y
 _63628_/A1
 _63628_/A2
 _63628_/B1
 _63628_/B2
 _63628_/Y
 _63629_/A1
 _63629_/A2
 _63629_/B1
 _63629_/B2
 _63629_/C1
 _63629_/Y
 _63630_/A
 _63630_/B
 _63630_/X
 _63631_/A1
 _63631_/A2
 _63631_/B1
 _63631_/B2
 _63631_/C1
 _63631_/Y
 _63632_/A
 _63632_/Y
 _63633_/A
 _63633_/Y
 _63634_/A1
 _63634_/A2
 _63634_/B1
 _63634_/B2
 _63634_/C1
 _63634_/C2
 _63634_/Y
 _63635_/A
 _63635_/B
 _63635_/X
 _63636_/A
 _63636_/B
 _63636_/X
 _63637_/A
 _63637_/B
 _63637_/Y
 _63638_/A
 _63638_/B
 _63638_/C
 _63638_/D
 _63638_/Y
 _63639_/A
 _63639_/B
 _63639_/X
 _63640_/A1
 _63640_/A2
 _63640_/B1
 _63640_/B2
 _63640_/C1
 _63640_/Y
 _63641_/A
 _63641_/B
 _63641_/Y
 _63642_/A
 _63642_/B
 _63642_/Y
 _63643_/A
 _63643_/B
 _63643_/X
 _63644_/A
 _63644_/B
 _63644_/X
 _63645_/A
 _63645_/B
 _63645_/X
 _63646_/A
 _63646_/B
 _63646_/X
 _63647_/A
 _63647_/B
 _63647_/C
 _63647_/D
 _63647_/Y
 _63648_/A
 _63648_/B
 _63648_/C
 _63648_/D
 _63648_/Y
 _63649_/A
 _63649_/B
 _63649_/C
 _63649_/D
 _63649_/Y
 _63650_/A
 _63650_/Y
 _63651_/A
 _63651_/Y
 _63652_/A1
 _63652_/A2
 _63652_/B1
 _63652_/B2
 _63652_/Y
 _63653_/A1
 _63653_/A2
 _63653_/B1
 _63653_/B2
 _63653_/C1
 _63653_/X
 _63654_/A1_N
 _63654_/A2_N
 _63654_/B1
 _63654_/B2
 _63654_/Y
 _63655_/A1
 _63655_/A2
 _63655_/B1
 _63655_/B2
 _63655_/Y
 _63656_/A
 _63656_/B
 _63656_/C
 _63656_/Y
 _63657_/A
 _63657_/B
 _63657_/X
 _63658_/A
 _63658_/B
 _63658_/X
 _63659_/A
 _63659_/Y
 _63660_/A1
 _63660_/A2
 _63660_/B1
 _63660_/B2
 _63660_/Y
 _63661_/A
 _63661_/B
 _63661_/X
 _63662_/A
 _63662_/B
 _63662_/C
 _63662_/D
 _63662_/Y
 _63663_/A
 _63663_/Y
 _63664_/A1
 _63664_/A2
 _63664_/B1
 _63664_/B2
 _63664_/C1
 _63664_/C2
 _63664_/Y
 _63665_/A1
 _63665_/A2
 _63665_/B1
 _63665_/B2
 _63665_/Y
 _63666_/A
 _63666_/B
 _63666_/X
 _63667_/A1
 _63667_/A2
 _63667_/B1
 _63667_/B2
 _63667_/Y
 _63668_/A1
 _63668_/A2
 _63668_/B1
 _63668_/B2
 _63668_/C1
 _63668_/Y
 _63669_/A
 _63669_/B
 _63669_/C
 _63669_/Y
 _63670_/A
 _63670_/B
 _63670_/C
 _63670_/D
 _63670_/Y
 _63671_/A
 _63671_/B
 _63671_/X
 _63672_/A
 _63672_/B
 _63672_/X
 _63673_/A
 _63673_/B
 _63673_/X
 _63674_/A
 _63674_/B
 _63674_/Y
 _63675_/A
 _63675_/B
 _63675_/Y
 _63676_/A
 _63676_/B
 _63676_/Y
 _63677_/A
 _63677_/B
 _63677_/Y
 _63678_/A
 _63678_/B
 _63678_/C
 _63678_/D
 _63678_/Y
 _63679_/A
 _63679_/B
 _63679_/C
 _63679_/D
 _63679_/Y
 _63680_/A
 _63680_/B
 _63680_/X
 _63681_/A1
 _63681_/A2
 _63681_/B1
 _63681_/Y
 _63682_/A
 _63682_/B
 _63682_/X
 _63683_/A
 _63683_/B
 _63683_/X
 _63684_/A
 _63684_/B
 _63684_/C
 _63684_/D
 _63684_/Y
 _63685_/A
 _63685_/B
 _63685_/Y
 _63686_/A
 _63686_/B
 _63686_/Y
 _63687_/A
 _63687_/B
 _63687_/Y
 _63688_/A
 _63688_/B
 _63688_/Y
 _63689_/A
 _63689_/B
 _63689_/C
 _63689_/D
 _63689_/Y
 _63690_/A
 _63690_/B
 _63690_/Y
 _63691_/A
 _63691_/B
 _63691_/Y
 _63692_/A
 _63692_/B
 _63692_/Y
 _63693_/A
 _63693_/B
 _63693_/Y
 _63694_/A
 _63694_/B
 _63694_/C
 _63694_/D
 _63694_/Y
 _63695_/A
 _63695_/B
 _63695_/Y
 _63696_/A
 _63696_/B
 _63696_/Y
 _63697_/A
 _63697_/B
 _63697_/Y
 _63698_/A
 _63698_/B
 _63698_/Y
 _63699_/A
 _63699_/B
 _63699_/C
 _63699_/D
 _63699_/Y
 _63700_/A
 _63700_/B
 _63700_/Y
 _63701_/A
 _63701_/B
 _63701_/Y
 _63702_/A
 _63702_/B
 _63702_/Y
 _63703_/A
 _63703_/B
 _63703_/Y
 _63704_/A
 _63704_/B
 _63704_/C
 _63704_/D
 _63704_/Y
 _63705_/A
 _63705_/B
 _63705_/C
 _63705_/D
 _63705_/Y
 _63706_/A
 _63706_/B
 _63706_/C
 _63706_/Y
 _63707_/A
 _63707_/B
 _63707_/X
 _63708_/A1
 _63708_/A2
 _63708_/B1
 _63708_/B2
 _63708_/C1
 _63708_/Y
 _63709_/A1
 _63709_/A2
 _63709_/B1
 _63709_/B2
 _63709_/X
 _63710_/A1
 _63710_/A2
 _63710_/B1
 _63710_/B2
 _63710_/C1
 _63710_/Y
 _63711_/A1
 _63711_/A2
 _63711_/B1
 _63711_/B2
 _63711_/Y
 _63712_/A
 _63712_/B
 _63712_/X
 _63713_/A
 _63713_/B
 _63713_/X
 _63714_/A
 _63714_/B
 _63714_/X
 _63715_/A
 _63715_/B
 _63715_/C
 _63715_/D
 _63715_/Y
 _63716_/A
 _63716_/B
 _63716_/Y
 _63717_/A
 _63717_/B
 _63717_/Y
 _63718_/A
 _63718_/B
 _63718_/Y
 _63719_/A
 _63719_/B
 _63719_/Y
 _63720_/A
 _63720_/B
 _63720_/C
 _63720_/D
 _63720_/Y
 _63721_/A
 _63721_/B
 _63721_/Y
 _63722_/A
 _63722_/B
 _63722_/Y
 _63723_/A
 _63723_/B
 _63723_/Y
 _63724_/A
 _63724_/B
 _63724_/Y
 _63725_/A
 _63725_/B
 _63725_/C
 _63725_/D
 _63725_/Y
 _63726_/A
 _63726_/B
 _63726_/Y
 _63727_/A
 _63727_/B
 _63727_/Y
 _63728_/A
 _63728_/B
 _63728_/Y
 _63729_/A
 _63729_/B
 _63729_/Y
 _63730_/A
 _63730_/B
 _63730_/C
 _63730_/D
 _63730_/Y
 _63731_/A
 _63731_/B
 _63731_/Y
 _63732_/A
 _63732_/B
 _63732_/Y
 _63733_/A
 _63733_/B
 _63733_/Y
 _63734_/A
 _63734_/B
 _63734_/Y
 _63735_/A
 _63735_/B
 _63735_/C
 _63735_/D
 _63735_/Y
 _63736_/A
 _63736_/B
