profile_id,tag,row,bank,bank_parity,vector_address,valid_lanes,packed_lane3_to_lane0_hex
action_dit_adaln_norm1,1c00,0,0,even,0,4,bf61bf043e8f3fc7
action_dit_adaln_norm1,1c00,0,1,odd,0,4,3fa63ec4bfb4bf53
action_dit_adaln_norm1,1c00,0,2,even,0,4,bf523f94bee2bec6
action_dit_adaln_norm1,1c00,0,3,odd,0,4,3f313f0cbe523da7
action_dit_adaln_norm1,1c00,0,4,even,0,4,3e413d1a3ec84015
action_dit_adaln_norm1,1c00,0,5,odd,0,4,bf66bfbcbfac3eed
action_dit_adaln_norm1,1c00,0,6,even,0,4,bf6ebf41bfa1be30
action_dit_adaln_norm1,1c00,0,7,odd,0,4,bf83bec3bee9bf84
action_dit_adaln_norm1,1c00,0,8,even,0,4,3f8d3e963eb8bfad
action_dit_adaln_norm1,1c00,0,9,odd,0,4,3e1e3f323e93bea7
action_dit_adaln_norm1,1c00,0,10,even,0,4,bec43dd6c02fbf29
action_dit_adaln_norm1,1c00,0,11,odd,0,4,bdfc3e673fa6bda7
action_dit_adaln_norm1,1c00,0,12,even,0,4,3ecdbe89bf583f86
action_dit_adaln_norm1,1c00,0,13,odd,0,4,bf0fbf2dbf5c3f1b
action_dit_adaln_norm1,1c00,0,14,even,0,4,3e8bbf083fbebf97
action_dit_adaln_norm1,1c00,0,15,odd,0,4,c0193f6ebf153ed3
action_dit_adaln_norm1,1c00,0,0,even,1,4,3f9c3ed23d99c004
action_dit_adaln_norm1,1c00,0,1,odd,1,4,3f46bf8cbe903f93
action_dit_adaln_norm1,1c00,0,2,even,1,4,3f29bf493f693e11
action_dit_adaln_norm1,1c00,0,3,odd,1,4,be953f513f62c02c
action_dit_adaln_norm1,1c00,0,4,even,1,4,3c39beb93d8c3dfb
action_dit_adaln_norm1,1c00,0,5,odd,1,4,3f9cbe7c3fe63e29
action_dit_adaln_norm1,1c00,0,6,even,1,4,bdff4000beecbfea
action_dit_adaln_norm1,1c00,0,7,odd,1,4,be74bfd53e88bf37
action_dit_adaln_norm1,1c00,0,8,even,1,4,bfbd3ed7bea6bfbb
action_dit_adaln_norm1,1c00,0,9,odd,1,4,3f183f363fac3e92
action_dit_adaln_norm1,1c00,0,10,even,1,4,beee3f544008bf06
action_dit_adaln_norm1,1c00,0,11,odd,1,4,3ee13ffc3f343d96
action_dit_adaln_norm1,1c00,0,12,even,1,4,3f5abebd3fdfbf54
action_dit_adaln_norm1,1c00,0,13,odd,1,4,3f4bbf50bf94bf5a
action_dit_adaln_norm1,1c00,0,14,even,1,4,3f253f023fdbbf1f
action_dit_adaln_norm1,1c00,0,15,odd,1,4,40253f9ebf48be53
action_dit_adaln_norm1,1c00,0,0,even,2,4,bf80bfc8bf213e8f
action_dit_adaln_norm1,1c00,0,1,odd,2,4,bf143e623f76bdb9
action_dit_adaln_norm1,1c00,0,2,even,2,4,bf45c0063f9d3fb2
action_dit_adaln_norm1,1c00,0,3,odd,2,4,3d78beee3ec33e9e
action_dit_adaln_norm1,1c00,0,4,even,2,4,3f3fbe5dbe82bfe5
action_dit_adaln_norm1,1c00,0,5,odd,2,4,3effbf783fb9bf8e
action_dit_adaln_norm1,1c00,0,6,even,2,4,3fa13f1bbe6a3f73
action_dit_adaln_norm1,1c00,0,7,odd,2,4,bf3c3f08bf1ebdfb
action_dit_adaln_norm1,1c00,0,8,even,2,4,3de2bff53f9fbe83
action_dit_adaln_norm1,1c00,0,9,odd,2,4,3fd83f273eb5bf1d
action_dit_adaln_norm1,1c00,0,10,even,2,4,3f653eb73f443e8b
action_dit_adaln_norm1,1c00,0,11,odd,2,4,3f0ebf833f3d3f5a
action_dit_adaln_norm1,1c00,0,12,even,2,4,bed23fd2bf603e06
action_dit_adaln_norm1,1c00,0,13,odd,2,4,c00b3f913fcdbe1c
action_dit_adaln_norm1,1c00,0,14,even,2,4,bfcdbfb03fd93ef4
action_dit_adaln_norm1,1c00,0,15,odd,2,4,bf94bfc2be003fd1
action_dit_adaln_norm1,1c00,0,0,even,3,4,3f903e103f833f11
action_dit_adaln_norm1,1c00,0,1,odd,3,4,3ea33ecb3efbbd62
action_dit_adaln_norm1,1c00,0,2,even,3,4,bea8be913f4d3f4b
action_dit_adaln_norm1,1c00,0,3,odd,3,4,bfc03f80bdb03fb8
action_dit_adaln_norm1,1c00,0,4,even,3,4,beb33fa63fe13db3
action_dit_adaln_norm1,1c00,0,5,odd,3,4,bfd9bee93fc7be84
action_dit_adaln_norm1,1c00,0,6,even,3,4,bfb3bf85bf95bbdb
action_dit_adaln_norm1,1c00,0,7,odd,3,4,3e7c3f15bfa43edf
action_dit_adaln_norm1,1c00,0,8,even,3,4,bf3dbfaac00a3e30
action_dit_adaln_norm1,1c00,0,9,odd,3,4,3f4bbf9d3f5ebee9
action_dit_adaln_norm1,1c00,0,10,even,3,4,bf0abe853fd1bef2
action_dit_adaln_norm1,1c00,0,11,odd,3,4,be6ac00040143d87
action_dit_adaln_norm1,1c00,0,12,even,3,4,3ce73e48bdde3fb8
action_dit_adaln_norm1,1c00,0,13,odd,3,4,be21bec6bf54bfb5
action_dit_adaln_norm1,1c00,0,14,even,3,4,3e983dc03e93bf7b
action_dit_adaln_norm1,1c00,0,15,odd,3,4,bf9ebf0f3df73e5a
action_dit_adaln_norm1,1c00,0,0,even,4,4,3f8f3f163f38be21
action_dit_adaln_norm1,1c00,0,1,odd,4,4,3e3dbd7abf9fbecb
action_dit_adaln_norm1,1c00,0,2,even,4,4,3f22be6bc01abe53
action_dit_adaln_norm1,1c00,0,3,odd,4,4,bf7c3f3b3e91bef9
action_dit_adaln_norm1,1c00,0,4,even,4,4,3d1abfb93e5b3e34
action_dit_adaln_norm1,1c00,0,5,odd,4,4,bf533e94bfc6bf89
action_dit_adaln_norm1,1c00,0,6,even,4,4,3e083f4dbeb4bf0e
action_dit_adaln_norm1,1c00,0,7,odd,4,4,3f183f16c0163e03
action_dit_adaln_norm1,1c00,0,8,even,4,4,c0263f663fffbdc7
action_dit_adaln_norm1,1c00,0,9,odd,4,4,3ed7bf11bbe5be8e
action_dit_adaln_norm1,1c00,0,10,even,4,4,3f14bf1c3f3f400f
action_dit_adaln_norm1,1c00,0,11,odd,4,4,bf913f84beb9bf41
action_dit_adaln_norm1,1c00,0,12,even,4,4,bf17400d3ddb3f04
action_dit_adaln_norm1,1c00,0,13,odd,4,4,3f8c3ef8bd493e57
action_dit_adaln_norm1,1c00,0,14,even,4,4,3f3f3f98bf4e3e44
action_dit_adaln_norm1,1c00,0,15,odd,4,4,3f5fbf243f2bbf55
action_dit_adaln_norm1,1c00,0,0,even,5,4,bf1dc003be8dbec8
action_dit_adaln_norm1,1c00,0,1,odd,5,4,3f963f49bf493ef1
action_dit_adaln_norm1,1c00,0,2,even,5,4,3cf1bf113fb73f93
action_dit_adaln_norm1,1c00,0,3,odd,5,4,bf1c3fddbe493f8a
action_dit_adaln_norm1,1c00,0,4,even,5,4,3f89bf403f573fc0
action_dit_adaln_norm1,1c00,0,5,odd,5,4,bf4c3f193f903fcd
action_dit_adaln_norm1,1c00,0,6,even,5,4,3f07bee3bec83fb5
action_dit_adaln_norm1,1c00,0,7,odd,5,4,3e44be723fb9c001
action_dit_adaln_norm1,1c00,0,8,even,5,4,bc8b3d2c3aec3fac
action_dit_adaln_norm1,1c00,0,9,odd,5,4,3fe33f6c3f21bf1d
action_dit_adaln_norm1,1c00,0,10,even,5,4,bf593f1b3dcbbfb6
action_dit_adaln_norm1,1c00,0,11,odd,5,4,c002bf81bf443ef2
action_dit_adaln_norm1,1c00,0,12,even,5,4,3fbf402a3f91be8b
action_dit_adaln_norm1,1c00,0,13,odd,5,4,bf5b3f443edf3eca
action_dit_adaln_norm1,1c00,0,14,even,5,4,bf6cbfa13eb53f1d
action_dit_adaln_norm1,1c00,0,15,odd,5,4,be86bfeabf513ee0
action_dit_adaln_norm1,1c00,0,0,even,6,4,3e51beba40033f42
action_dit_adaln_norm1,1c00,0,1,odd,6,4,bf0c3fdf3ed6bddf
action_dit_adaln_norm1,1c00,0,2,even,6,4,bfdc3dfcbd23bfed
action_dit_adaln_norm1,1c00,0,3,odd,6,4,4020bfabbea5be5b
action_dit_adaln_norm1,1c00,0,4,even,6,4,3ed3c0523e4c3f96
action_dit_adaln_norm1,1c00,0,5,odd,6,4,bf18bf893fe8bfd5
action_dit_adaln_norm1,1c00,0,6,even,6,4,3ed23edfbe19befe
action_dit_adaln_norm1,1c00,0,7,odd,6,4,bf91bf4fc05a3f87
action_dit_adaln_norm1,1c00,0,8,even,6,4,bf8dbd2bbf78bd9e
action_dit_adaln_norm1,1c00,0,9,odd,6,4,3ce4bf403f4e3fbd
action_dit_adaln_norm1,1c00,0,10,even,6,4,bf093d0040143fb5
action_dit_adaln_norm1,1c00,0,11,odd,6,4,3f9cbf173fadbf8b
action_dit_adaln_norm1,1c00,0,12,even,6,4,bed140093eaa3d82
action_dit_adaln_norm1,1c00,0,13,odd,6,4,bef53f51bd90bf2b
action_dit_adaln_norm1,1c00,0,14,even,6,4,bffec0373fc2be5e
action_dit_adaln_norm1,1c00,0,15,odd,6,4,3f87bf31bf963f4a
action_dit_adaln_norm1,1c00,0,0,even,7,4,3f623cecbfc73ec9
action_dit_adaln_norm1,1c00,0,1,odd,7,4,bfb9c0054009be35
action_dit_adaln_norm1,1c00,0,2,even,7,4,3f91bfd03e1e3e8d
action_dit_adaln_norm1,1c00,0,3,odd,7,4,bfedbfc1beda3f80
action_dit_adaln_norm1,1c00,0,4,even,7,4,3f8cbeee3e103f32
action_dit_adaln_norm1,1c00,0,5,odd,7,4,bfa0bf06be78bf2d
action_dit_adaln_norm1,1c00,0,6,even,7,4,3ed1bfec3f5cbe00
action_dit_adaln_norm1,1c00,0,7,odd,7,4,3f613f9f3ef8bf95
action_dit_adaln_norm1,1c00,0,8,even,7,4,bf78bc84bf74bfe9
action_dit_adaln_norm1,1c00,0,9,odd,7,4,3e83be80bf293ee5
action_dit_adaln_norm1,1c00,0,10,even,7,4,bebfbf7ebf32bf5e
action_dit_adaln_norm1,1c00,0,11,odd,7,4,3d823fb23f23be5d
action_dit_adaln_norm1,1c00,0,12,even,7,4,bfb23ea43ff7bdc3
action_dit_adaln_norm1,1c00,0,13,odd,7,4,3f3a3e6f3f50bdca
action_dit_adaln_norm1,1c00,0,14,even,7,4,3f20bf8d3fe3be1a
action_dit_adaln_norm1,1c00,0,15,odd,7,4,3f403f72bf03bfd3
action_dit_adaln_norm1,1c00,0,0,even,8,4,bfba3ea03f8cbef9
action_dit_adaln_norm1,1c00,0,1,odd,8,4,3f40bfa5bfb03d59
action_dit_adaln_norm1,1c00,0,2,even,8,4,3fc7bcc6be5d3ed4
action_dit_adaln_norm1,1c00,0,3,odd,8,4,bfae3d52bf80befe
action_dit_adaln_norm1,1c00,0,4,even,8,4,bfe3bebd3f9dbea5
action_dit_adaln_norm1,1c00,0,5,odd,8,4,be33bfa5bf4fbf36
action_dit_adaln_norm1,1c00,0,6,even,8,4,3f4ebe26bf83befc
action_dit_adaln_norm1,1c00,0,7,odd,8,4,bf24bf353e8d3e9e
action_dit_adaln_norm1,1c00,0,8,even,8,4,3f01c0053f4abb0b
action_dit_adaln_norm1,1c00,0,9,odd,8,4,3ff43fabbec0beea
action_dit_adaln_norm1,1c00,0,10,even,8,4,bfc3bf8a3f253ece
action_dit_adaln_norm1,1c00,0,11,odd,8,4,3f0d3f2cbf423eb3
action_dit_adaln_norm1,1c00,0,12,even,8,4,3f95bd88bfe53db7
action_dit_adaln_norm1,1c00,0,13,odd,8,4,bf40400fbf43bf0a
action_dit_adaln_norm1,1c00,0,14,even,8,4,3f3a3f243f39bf66
action_dit_adaln_norm1,1c00,0,15,odd,8,4,402f3f533ee9bec7
action_dit_adaln_norm1,1c00,0,0,even,9,4,c025beb2bd92bf5a
action_dit_adaln_norm1,1c00,0,1,odd,9,4,3f293ea8bf293eb3
action_dit_adaln_norm1,1c00,0,2,even,9,4,bfa43ca2bfce3e75
action_dit_adaln_norm1,1c00,0,3,odd,9,4,bf3b3ef8be89bed0
action_dit_adaln_norm1,1c00,0,4,even,9,4,3f89bd8bbf8a3da3
action_dit_adaln_norm1,1c00,0,5,odd,9,4,3e74bfe0bfa1bd42
action_dit_adaln_norm1,1c00,0,6,even,9,4,bf113ef9be833fa4
action_dit_adaln_norm1,1c00,0,7,odd,9,4,bf633eb7be853f81
action_dit_adaln_norm1,1c00,0,8,even,9,4,3fa93fadbe5ebf86
action_dit_adaln_norm1,1c00,0,9,odd,9,4,bf2ebe49bc0dbee6
action_dit_adaln_norm1,1c00,0,10,even,9,4,bf80bf933f603e15
action_dit_adaln_norm1,1c00,0,11,odd,9,4,3fa83f6a3f5b4012
action_dit_adaln_norm1,1c00,0,12,even,9,4,bf9cbf96be8f3dfc
action_dit_adaln_norm1,1c00,0,13,odd,9,4,bde33fc3bf953f4e
action_dit_adaln_norm1,1c00,0,14,even,9,4,3f25bf0abf963e4f
action_dit_adaln_norm1,1c00,0,15,odd,9,4,bf3abe71bfc03f19
action_dit_adaln_norm1,1c00,0,0,even,10,4,3db43dd53e09bf65
action_dit_adaln_norm1,1c00,0,1,odd,10,4,bf103e9fbfcebf9c
action_dit_adaln_norm1,1c00,0,2,even,10,4,3f1b3f63bd874024
action_dit_adaln_norm1,1c00,0,3,odd,10,4,be55bfb7bfa03fc9
action_dit_adaln_norm1,1c00,0,4,even,10,4,bf3ebebdbf56bf77
action_dit_adaln_norm1,1c00,0,5,odd,10,4,3d83bf00bf09401a
action_dit_adaln_norm1,1c00,0,6,even,10,4,bca43f473f583f64
action_dit_adaln_norm1,1c00,0,7,odd,10,4,be573f5c3ee5bf8d
action_dit_adaln_norm1,1c00,0,8,even,10,4,3ecf3f0c3f283fbf
action_dit_adaln_norm1,1c00,0,9,odd,10,4,3d843f83bee53fbb
action_dit_adaln_norm1,1c00,0,10,even,10,4,3e96bd5b3fc73f09
action_dit_adaln_norm1,1c00,0,11,odd,10,4,bf0b3f9e3efb3e90
action_dit_adaln_norm1,1c00,0,12,even,10,4,3fb13f013e04bf2d
action_dit_adaln_norm1,1c00,0,13,odd,10,4,3f263ef03e22bf3c
action_dit_adaln_norm1,1c00,0,14,even,10,4,bebe3e8e3fc9bd85
action_dit_adaln_norm1,1c00,0,15,odd,10,4,bfb2be28bdb9bf1c
action_dit_adaln_norm1,1c00,0,0,even,11,4,c04d3ee5bfbcbf29
action_dit_adaln_norm1,1c00,0,1,odd,11,4,bf843e18be844025
action_dit_adaln_norm1,1c00,0,2,even,11,4,bf953fb8be263fa0
action_dit_adaln_norm1,1c00,0,3,odd,11,4,3f253eef3febbf36
action_dit_adaln_norm1,1c00,0,4,even,11,4,3f9a3f593eadbe93
action_dit_adaln_norm1,1c00,0,5,odd,11,4,bf3abdd0bf093d07
action_dit_adaln_norm1,1c00,0,6,even,11,4,3f203f85bf1fbffb
action_dit_adaln_norm1,1c00,0,7,odd,11,4,bf733eb3bec3bf93
action_dit_adaln_norm1,1c00,0,8,even,11,4,3f6c3e6b3f81be72
action_dit_adaln_norm1,1c00,0,9,odd,11,4,3f943c32beb63eb6
action_dit_adaln_norm1,1c00,0,10,even,11,4,be73beec3f72be15
action_dit_adaln_norm1,1c00,0,11,odd,11,4,4000bd5e3e2bbf57
action_dit_adaln_norm1,1c00,0,12,even,11,4,bf983e4a3db93fc4
action_dit_adaln_norm1,1c00,0,13,odd,11,4,bf76bf3d3fccbfc1
action_dit_adaln_norm1,1c00,0,14,even,11,4,bf023e56bdb1bf99
action_dit_adaln_norm1,1c00,0,15,odd,11,4,3e14bf53bf92bf01
action_dit_adaln_norm1,1c00,0,0,even,12,4,bdd43e23beccbdcc
action_dit_adaln_norm1,1c00,0,1,odd,12,4,be8c3f8ebe4bbf3b
action_dit_adaln_norm1,1c00,0,2,even,12,4,bd523f093f773fcd
action_dit_adaln_norm1,1c00,0,3,odd,12,4,bf86bf66bfb03fc2
action_dit_adaln_norm1,1c00,0,4,even,12,4,bee23eadbe6dbe36
action_dit_adaln_norm1,1c00,0,5,odd,12,4,bf78c02a3ec83e30
action_dit_adaln_norm1,1c00,0,6,even,12,4,3fcb3f98bf17bf06
action_dit_adaln_norm1,1c00,0,7,odd,12,4,c003bf923ed9bffb
action_dit_adaln_norm1,1c00,0,8,even,12,4,bdab3d3e3dd9bf13
action_dit_adaln_norm1,1c00,0,9,odd,12,4,3db53dcd3f9d3e98
action_dit_adaln_norm1,1c00,0,10,even,12,4,bf81bf1c3f493fab
action_dit_adaln_norm1,1c00,0,11,odd,12,4,3edb3f033f91bfbb
action_dit_adaln_norm1,1c00,0,12,even,12,4,be3d3e9b3f753e3d
action_dit_adaln_norm1,1c00,0,13,odd,12,4,3f8cbf43bf7cbf9f
action_dit_adaln_norm1,1c00,0,14,even,12,4,3f0c3dd23f9b3fde
action_dit_adaln_norm1,1c00,0,15,odd,12,4,bf753e443f10bf2e
action_dit_adaln_norm1,1c00,0,0,even,13,4,3f893f1b3e3e3fb5
action_dit_adaln_norm1,1c00,0,1,odd,13,4,3f03bf1bc021bf8f
action_dit_adaln_norm1,1c00,0,2,even,13,4,3f95bf53bfc03e94
action_dit_adaln_norm1,1c00,0,3,odd,13,4,3f973f85bd5b3f9e
action_dit_adaln_norm1,1c00,0,4,even,13,4,bfb8bf7ebedd3eea
action_dit_adaln_norm1,1c00,0,5,odd,13,4,bf8bbec43f393f84
action_dit_adaln_norm1,1c00,0,6,even,13,4,bed7bf0e3f843e22
action_dit_adaln_norm1,1c00,0,7,odd,13,4,404abdd5c0323ee1
action_dit_adaln_norm1,1c00,0,8,even,13,4,bdfdbf8ebf6dbf3c
action_dit_adaln_norm1,1c00,0,9,odd,13,4,be2abf94c0243fb1
action_dit_adaln_norm1,1c00,0,10,even,13,4,3d10bf923f223ec9
action_dit_adaln_norm1,1c00,0,11,odd,13,4,3f733f383e853da5
action_dit_adaln_norm1,1c00,0,12,even,13,4,4016bfc93f1a3f17
action_dit_adaln_norm1,1c00,0,13,odd,13,4,bda5bf18bf81be82
action_dit_adaln_norm1,1c00,0,14,even,13,4,3f85bfdfbf19c002
action_dit_adaln_norm1,1c00,0,15,odd,13,4,be8d3f8a3f93be46
action_dit_adaln_norm1,1c00,0,0,even,14,4,be63bef53f6ebf2b
action_dit_adaln_norm1,1c00,0,1,odd,14,4,3fdcbf553eba3f8e
action_dit_adaln_norm1,1c00,0,2,even,14,4,bf12bf0abe7abf99
action_dit_adaln_norm1,1c00,0,3,odd,14,4,bed1bfa8be853f86
action_dit_adaln_norm1,1c00,0,4,even,14,4,3f95bea83f493e84
action_dit_adaln_norm1,1c00,0,5,odd,14,4,4005bee33dca3f21
action_dit_adaln_norm1,1c00,0,6,even,14,4,3e57bf98bf313fdb
action_dit_adaln_norm1,1c00,0,7,odd,14,4,3ece3e783f7bbec8
action_dit_adaln_norm1,1c00,0,8,even,14,4,be12be123ea63e38
action_dit_adaln_norm1,1c00,0,9,odd,14,4,bf4bbfee3f643e91
action_dit_adaln_norm1,1c00,0,10,even,14,4,3e17bfa73ef3bfc2
action_dit_adaln_norm1,1c00,0,11,odd,14,4,3f2abe933f23beb7
action_dit_adaln_norm1,1c00,0,12,even,14,4,bde5bf72bf273ec1
action_dit_adaln_norm1,1c00,0,13,odd,14,4,beb23f68bcab3f31
action_dit_adaln_norm1,1c00,0,14,even,14,4,bf5c3e9abf58bf17
action_dit_adaln_norm1,1c00,0,15,odd,14,4,3f853ef93eb5bfde
action_dit_adaln_norm1,1c00,0,0,even,15,4,3dc3bfc53f0bbf18
action_dit_adaln_norm1,1c00,0,1,odd,15,4,3f243e113ca3bfda
action_dit_adaln_norm1,1c00,0,2,even,15,4,3fb8bf8e3fbdbf68
action_dit_adaln_norm1,1c00,0,3,odd,15,4,3f88bfc1be58bc46
action_dit_adaln_norm1,1c00,0,4,even,15,4,3f4fbf193ec73f3d
action_dit_adaln_norm1,1c00,0,5,odd,15,4,3f913fb73ed73fa3
action_dit_adaln_norm1,1c00,0,6,even,15,4,bffb3e653ff5bea0
action_dit_adaln_norm1,1c00,0,7,odd,15,4,3fbb3f8bbe8abf32
action_dit_adaln_norm1,1c00,0,8,even,15,4,3d243e2bbf303f38
action_dit_adaln_norm1,1c00,0,9,odd,15,4,3f08bfb83f9bbf96
action_dit_adaln_norm1,1c00,0,10,even,15,4,3c51bf173e13bf28
action_dit_adaln_norm1,1c00,0,11,odd,15,4,bef93ff8bf70bf98
action_dit_adaln_norm1,1c00,0,12,even,15,4,3f1dbf85bfafbe6b
action_dit_adaln_norm1,1c00,0,13,odd,15,4,3f713f7abe123e96
action_dit_adaln_norm1,1c00,0,14,even,15,4,bf963f8f3fdfbf4e
action_dit_adaln_norm1,1c00,0,15,odd,15,4,3f0fbec8bf9e3bcc
action_dit_adaln_norm1,1c00,0,0,even,16,4,bfe93f843eddbeb1
action_dit_adaln_norm1,1c00,0,1,odd,16,4,bf743ee13b83bf98
action_dit_adaln_norm1,1c00,0,2,even,16,4,3f1abe133ec33f1b
action_dit_adaln_norm1,1c00,0,3,odd,16,4,bee1be7cbf723f22
action_dit_adaln_norm1,1c00,0,4,even,16,4,3f9c3eadbd493edf
action_dit_adaln_norm1,1c00,0,5,odd,16,4,c0083eff3f28400d
action_dit_adaln_norm1,1c00,0,6,even,16,4,3fcd3f77bfc13f1b
action_dit_adaln_norm1,1c00,0,7,odd,16,4,bfbd3f9cbf863f15
action_dit_adaln_norm1,1c00,0,8,even,16,4,bd68bed33dfdbe28
action_dit_adaln_norm1,1c00,0,9,odd,16,4,3fde3f17bf6cbf76
action_dit_adaln_norm1,1c00,0,10,even,16,4,3efcbf0c3ffbbebb
action_dit_adaln_norm1,1c00,0,11,odd,16,4,be11bf933fcc3f90
action_dit_adaln_norm1,1c00,0,12,even,16,4,bf333f843e9f401b
action_dit_adaln_norm1,1c00,0,13,odd,16,4,3eee3ebfbfac3f5d
action_dit_adaln_norm1,1c00,0,14,even,16,4,3e6c3ed23fa53f7a
action_dit_adaln_norm1,1c00,0,15,odd,16,4,3eba3e7f3f5d3ed9
action_dit_adaln_norm1,1c00,0,0,even,17,4,bf583e993d0e3e91
action_dit_adaln_norm1,1c00,0,1,odd,17,4,bf923ffb3eb73f39
action_dit_adaln_norm1,1c00,0,2,even,17,4,3f44bf993f58bf1e
action_dit_adaln_norm1,1c00,0,3,odd,17,4,3f28beb53f2ebef6
action_dit_adaln_norm1,1c00,0,4,even,17,4,3f323fcbbf263e42
action_dit_adaln_norm1,1c00,0,5,odd,17,4,bfabbf243f98bf1b
action_dit_adaln_norm1,1c00,0,6,even,17,4,bf8d3e1d3f8fbf22
action_dit_adaln_norm1,1c00,0,7,odd,17,4,bf283e98bf4fbfdb
action_dit_adaln_norm1,1c00,0,8,even,17,4,3fcb3da6bfb6bf03
action_dit_adaln_norm1,1c00,0,9,odd,17,4,3e15bc883f123ed6
action_dit_adaln_norm1,1c00,0,10,even,17,4,bf4c3e4e3f60bf4a
action_dit_adaln_norm1,1c00,0,11,odd,17,4,400ebf66bea13f0e
action_dit_adaln_norm1,1c00,0,12,even,17,4,3e8abf32bf853e9a
action_dit_adaln_norm1,1c00,0,13,odd,17,4,3f5e3f54bfff3f33
action_dit_adaln_norm1,1c00,0,14,even,17,4,4003c002bf36c01d
action_dit_adaln_norm1,1c00,0,15,odd,17,4,3f6fbf8e3e473f78
action_dit_adaln_norm1,1c00,0,0,even,18,4,bf97bf34beb0bf51
action_dit_adaln_norm1,1c00,0,1,odd,18,4,3f32becbbf55bfb6
action_dit_adaln_norm1,1c00,0,2,even,18,4,3e82c00d3f773ff4
action_dit_adaln_norm1,1c00,0,3,odd,18,4,bf75bf123e813f1b
action_dit_adaln_norm1,1c00,0,4,even,18,4,3e853e9b3ec13f23
action_dit_adaln_norm1,1c00,0,5,odd,18,4,3ed83f953eba3f37
action_dit_adaln_norm1,1c00,0,6,even,18,4,3f6a3f6a3fb8bf44
action_dit_adaln_norm1,1c00,0,7,odd,18,4,3f993ee53f843f3c
action_dit_adaln_norm1,1c00,0,8,even,18,4,bf483f113f5f3ff0
action_dit_adaln_norm1,1c00,0,9,odd,18,4,3e913f55bfad3fb3
action_dit_adaln_norm1,1c00,0,10,even,18,4,3f213f86c000bf85
action_dit_adaln_norm1,1c00,0,11,odd,18,4,bae4befd3fe13f0d
action_dit_adaln_norm1,1c00,0,12,even,18,4,3f373f92be0a3e1a
action_dit_adaln_norm1,1c00,0,13,odd,18,4,3d54bf48bfb8bf1e
action_dit_adaln_norm1,1c00,0,14,even,18,4,bf2fbfee3ebcbfd2
action_dit_adaln_norm1,1c00,0,15,odd,18,4,bf8c4024bfafbfc3
action_dit_adaln_norm1,1c00,0,0,even,19,4,3e063eb13f10bf46
action_dit_adaln_norm1,1c00,0,1,odd,19,4,befabc0dbfb6bdf0
action_dit_adaln_norm1,1c00,0,2,even,19,4,3c303f31bedf3f92
action_dit_adaln_norm1,1c00,0,3,odd,19,4,bfaf3fb93f87be26
action_dit_adaln_norm1,1c00,0,4,even,19,4,bf4dbf6b3f10bf20
action_dit_adaln_norm1,1c00,0,5,odd,19,4,bdebbf18bf273f44
action_dit_adaln_norm1,1c00,0,6,even,19,4,bf96befd3ea9be54
action_dit_adaln_norm1,1c00,0,7,odd,19,4,3ec0bef53e18bf90
action_dit_adaln_norm1,1c00,0,8,even,19,4,bedabf9dbda6bf12
action_dit_adaln_norm1,1c00,0,9,odd,19,4,3f91bc34bfc3bf87
action_dit_adaln_norm1,1c00,0,10,even,19,4,bbdb3f5e3ea5bd2f
action_dit_adaln_norm1,1c00,0,11,odd,19,4,bf05c00d3eabbf9c
action_dit_adaln_norm1,1c00,0,12,even,19,4,be5a3f93be3ebe01
action_dit_adaln_norm1,1c00,0,13,odd,19,4,3efbbef1bf413d9c
action_dit_adaln_norm1,1c00,0,14,even,19,4,bee4bf44bef03e8e
action_dit_adaln_norm1,1c00,0,15,odd,19,4,be823f45be2a4008
action_dit_adaln_norm1,1c00,0,0,even,20,4,3f3a3f40bf3bbe92
action_dit_adaln_norm1,1c00,0,1,odd,20,4,3feb3f66bfc3bf57
action_dit_adaln_norm1,1c00,0,2,even,20,4,3f434024bece3e61
action_dit_adaln_norm1,1c00,0,3,odd,20,4,3edf3e9f3fb93f59
action_dit_adaln_norm1,1c00,0,4,even,20,4,bf32bfd03f08bffd
action_dit_adaln_norm1,1c00,0,5,odd,20,4,bf6b3fb3bf933db9
action_dit_adaln_norm1,1c00,0,6,even,20,4,bf133f2ec0483fd1
action_dit_adaln_norm1,1c00,0,7,odd,20,4,3f373f2d3eaabdad
action_dit_adaln_norm1,1c00,0,8,even,20,4,3fad3d9cbf3b3e8f
action_dit_adaln_norm1,1c00,0,9,odd,20,4,bfde3dc23ed4402b
action_dit_adaln_norm1,1c00,0,10,even,20,4,3e153e793fd43df1
action_dit_adaln_norm1,1c00,0,11,odd,20,4,bf7fbf96bd90bfbc
action_dit_adaln_norm1,1c00,0,12,even,20,4,bffd3f7dbf2a3f50
action_dit_adaln_norm1,1c00,0,13,odd,20,4,bf3bc016beac400a
action_dit_adaln_norm1,1c00,0,14,even,20,4,bec23e97bc4a3ee3
action_dit_adaln_norm1,1c00,0,15,odd,20,4,becb3f01bf4fbf82
action_dit_adaln_norm1,1c00,0,0,even,21,4,4008be8abfbfbf4b
action_dit_adaln_norm1,1c00,0,1,odd,21,4,3fc8bd8b3f83bf05
action_dit_adaln_norm1,1c00,0,2,even,21,4,3f3dbf94bf563eff
action_dit_adaln_norm1,1c00,0,3,odd,21,4,3fd93ee3bea43fb0
action_dit_adaln_norm1,1c00,0,4,even,21,4,bea6bfa53f223ec8
action_dit_adaln_norm1,1c00,0,5,odd,21,4,bd593f143ec6beef
action_dit_adaln_norm1,1c00,0,6,even,21,4,bfe7bf73bf79c004
action_dit_adaln_norm1,1c00,0,7,odd,21,4,bf1fbf0cbf60bef4
action_dit_adaln_norm1,1c00,0,8,even,21,4,bea8bffd3f7dc00c
action_dit_adaln_norm1,1c00,0,9,odd,21,4,bf00bfa9c03c3f43
action_dit_adaln_norm1,1c00,0,10,even,21,4,c0303f98be98bf71
action_dit_adaln_norm1,1c00,0,11,odd,21,4,3db3bf9d3ce93f70
action_dit_adaln_norm1,1c00,0,12,even,21,4,3d923eeb3e963f3a
action_dit_adaln_norm1,1c00,0,13,odd,21,4,bfb5bf3a3e86bf1f
action_dit_adaln_norm1,1c00,0,14,even,21,4,3f913f033fc23fb4
action_dit_adaln_norm1,1c00,0,15,odd,21,4,3f66bed03e64be65
action_dit_adaln_norm1,1c00,0,0,even,22,4,3f21bf4cbf53bf41
action_dit_adaln_norm1,1c00,0,1,odd,22,4,3ef93f853f1fbfa9
action_dit_adaln_norm1,1c00,0,2,even,22,4,3f673fb33ec1be54
action_dit_adaln_norm1,1c00,0,3,odd,22,4,3eb93f84bf0e3cb4
action_dit_adaln_norm1,1c00,0,4,even,22,4,3e78be16be89bf44
action_dit_adaln_norm1,1c00,0,5,odd,22,4,bfb03d813d7c3f88
action_dit_adaln_norm1,1c00,0,6,even,22,4,3e8a3f8fbf8e3f4c
action_dit_adaln_norm1,1c00,0,7,odd,22,4,c016beebbd473d8e
action_dit_adaln_norm1,1c00,0,8,even,22,4,3e2c3f94be6bbeee
action_dit_adaln_norm1,1c00,0,9,odd,22,4,3ff9bc113ff1bf52
action_dit_adaln_norm1,1c00,0,10,even,22,4,bdbe3f1c3fdc3ecb
action_dit_adaln_norm1,1c00,0,11,odd,22,4,3e6c3f7a3afd3e8a
action_dit_adaln_norm1,1c00,0,12,even,22,4,bdd33e5f401c3f5d
action_dit_adaln_norm1,1c00,0,13,odd,22,4,bf353f39be02bf00
action_dit_adaln_norm1,1c00,0,14,even,22,4,bcfabf00be023e70
action_dit_adaln_norm1,1c00,0,15,odd,22,4,3ef93fe5bfb3c040
action_dit_adaln_norm1,1c00,0,0,even,23,4,3ebd3de13c8d3e86
action_dit_adaln_norm1,1c00,0,1,odd,23,4,bec73e37bf854002
action_dit_adaln_norm1,1c00,0,2,even,23,4,3e6a3e473f2bbf7a
action_dit_adaln_norm1,1c00,0,3,odd,23,4,bf8c3d24bcbf3e65
action_dit_adaln_norm1,1c00,0,4,even,23,4,bf74bf163eb0c00c
action_dit_adaln_norm1,1c00,0,5,odd,23,4,bef83f0fbee03ed2
action_dit_adaln_norm1,1c00,0,6,even,23,4,c0203eefbe943ea8
action_dit_adaln_norm1,1c00,0,7,odd,23,4,3cccbf8d3f023f62
action_dit_adaln_norm1,1c00,0,8,even,23,4,bf183ed43f0dbe97
action_dit_adaln_norm1,1c00,0,9,odd,23,4,3e8cbfd23dd1bef2
action_dit_adaln_norm1,1c00,0,10,even,23,4,bf01be8d3e443e8c
action_dit_adaln_norm1,1c00,0,11,odd,23,4,be1fbf4cbfc3bf7d
action_dit_adaln_norm1,1c00,0,12,even,23,4,3ec23e973e223eca
action_dit_adaln_norm1,1c00,0,13,odd,23,4,4010bf7cbf49be4c
action_dit_adaln_norm1,1c00,0,14,even,23,4,3ec9bebb3e56bdc3
action_dit_adaln_norm1,1c00,0,15,odd,23,4,bf0ebfa0403b3ef5
action_dit_adaln_norm1,1c01,1,0,even,0,4,3ce83ef53db43cb4
action_dit_adaln_norm1,1c01,1,1,odd,0,4,beae3e483f333f30
action_dit_adaln_norm1,1c01,1,2,even,0,4,bda2bcf8be8abead
action_dit_adaln_norm1,1c01,1,3,odd,0,4,3ec4be633eac3bf0
action_dit_adaln_norm1,1c01,1,4,even,0,4,3cb0bd58be913d08
action_dit_adaln_norm1,1c01,1,5,odd,0,4,bd863f293e0bbed0
action_dit_adaln_norm1,1c01,1,6,even,0,4,3b00be1dbd973f20
action_dit_adaln_norm1,1c01,1,7,odd,0,4,be843eee3ec2be1e
action_dit_adaln_norm1,1c01,1,8,even,0,4,be96be83bd003ec4
action_dit_adaln_norm1,1c01,1,9,odd,0,4,bda23dcc3f803ea9
action_dit_adaln_norm1,1c01,1,10,even,0,4,3d76bf18be5abea8
action_dit_adaln_norm1,1c01,1,11,odd,0,4,3e903eb9bdec3e6c
action_dit_adaln_norm1,1c01,1,12,even,0,4,3e853f413f0abe9f
action_dit_adaln_norm1,1c01,1,13,odd,0,4,3d603f54be74be89
action_dit_adaln_norm1,1c01,1,14,even,0,4,bf19be27be58bdc0
action_dit_adaln_norm1,1c01,1,15,odd,0,4,bd9c3eabbf0ebd59
action_dit_adaln_norm1,1c01,1,0,even,1,4,be66bdbdbda0bead
action_dit_adaln_norm1,1c01,1,1,odd,1,4,be9e3ea73de23d10
action_dit_adaln_norm1,1c01,1,2,even,1,4,bcb83e72bd5c3ed1
action_dit_adaln_norm1,1c01,1,3,odd,1,4,bf0a3ddfbe923d95
action_dit_adaln_norm1,1c01,1,4,even,1,4,3d393e80be143e0a
action_dit_adaln_norm1,1c01,1,5,odd,1,4,3ef73e1cbed4be9e
action_dit_adaln_norm1,1c01,1,6,even,1,4,bda3bf30bd48be53
action_dit_adaln_norm1,1c01,1,7,odd,1,4,3e2bbd963e58bd4c
action_dit_adaln_norm1,1c01,1,8,even,1,4,3e523f6abf02bd2e
action_dit_adaln_norm1,1c01,1,9,odd,1,4,3eac3dd63ea03f10
action_dit_adaln_norm1,1c01,1,10,even,1,4,be173df6bf20bd86
action_dit_adaln_norm1,1c01,1,11,odd,1,4,beac3f46bea33a00
action_dit_adaln_norm1,1c01,1,12,even,1,4,3ef2bf20be82be86
action_dit_adaln_norm1,1c01,1,13,odd,1,4,3e143e8a3e4d3e2e
action_dit_adaln_norm1,1c01,1,14,even,1,4,beccbf21bdcabdb8
action_dit_adaln_norm1,1c01,1,15,odd,1,4,bdf5bdb23db9be1c
action_dit_adaln_norm1,1c01,1,0,even,2,4,3d093e8a3ecc3e79
action_dit_adaln_norm1,1c01,1,1,odd,2,4,bd9a3d8ebf24bd44
action_dit_adaln_norm1,1c01,1,2,even,2,4,3e55be01be6ebf56
action_dit_adaln_norm1,1c01,1,3,odd,2,4,bea1bdcfbf1e3e53
action_dit_adaln_norm1,1c01,1,4,even,2,4,3eea3c123eb13ee4
action_dit_adaln_norm1,1c01,1,5,odd,2,4,bd84bf003d103f1e
action_dit_adaln_norm1,1c01,1,6,even,2,4,bef03ca43dd2bec7
action_dit_adaln_norm1,1c01,1,7,odd,2,4,3e31bc60be00be2e
action_dit_adaln_norm1,1c01,1,8,even,2,4,bcc63e783e9bbee1
action_dit_adaln_norm1,1c01,1,9,odd,2,4,3e8e3e513e1e3e50
action_dit_adaln_norm1,1c01,1,10,even,2,4,bf533ee23f3a3ecd
action_dit_adaln_norm1,1c01,1,11,odd,2,4,3e4d3e4dbd0c3f1c
action_dit_adaln_norm1,1c01,1,12,even,2,4,bcd0bdfe3ef83cfa
action_dit_adaln_norm1,1c01,1,13,odd,2,4,be12bd4cbe6abeac
action_dit_adaln_norm1,1c01,1,14,even,2,4,3e9e3d903ea9bdf2
action_dit_adaln_norm1,1c01,1,15,odd,2,4,3ec33dbf3e0e3f3c
action_dit_adaln_norm1,1c01,1,0,even,3,4,3c0cbeee3e80bac0
action_dit_adaln_norm1,1c01,1,1,odd,3,4,3e96be1cbe903ec9
action_dit_adaln_norm1,1c01,1,2,even,3,4,3e03be26bf1fbf0c
action_dit_adaln_norm1,1c01,1,3,odd,3,4,3ede3f1e3e203e85
action_dit_adaln_norm1,1c01,1,4,even,3,4,be7cbe16bf283e2c
action_dit_adaln_norm1,1c01,1,5,odd,3,4,bda33e9abef23e30
action_dit_adaln_norm1,1c01,1,6,even,3,4,3e2cbec0be4c3ebe
action_dit_adaln_norm1,1c01,1,7,odd,3,4,bdeb3edabe843f4e
action_dit_adaln_norm1,1c01,1,8,even,3,4,be86bf34be1a3d9c
action_dit_adaln_norm1,1c01,1,9,odd,3,4,3e883e0e3dc23e8d
action_dit_adaln_norm1,1c01,1,10,even,3,4,3dfabe47bd0e3e86
action_dit_adaln_norm1,1c01,1,11,odd,3,4,bd313ee33f1d3eaa
action_dit_adaln_norm1,1c01,1,12,even,3,4,befebe5c3ea63e0a
action_dit_adaln_norm1,1c01,1,13,odd,3,4,bf02bedc3dbebeaa
action_dit_adaln_norm1,1c01,1,14,even,3,4,bdaabe3e3d89bdbf
action_dit_adaln_norm1,1c01,1,15,odd,3,4,be9b3d2fbf06bd8c
action_dit_adaln_norm1,1c01,1,0,even,4,4,3efc3d023d8cbd24
action_dit_adaln_norm1,1c01,1,1,odd,4,4,bee13d763ea43def
action_dit_adaln_norm1,1c01,1,2,even,4,4,be933e8e3eefbe82
action_dit_adaln_norm1,1c01,1,3,odd,4,4,3dda3c883e873dd0
action_dit_adaln_norm1,1c01,1,4,even,4,4,bf0f3eb03e5fbf14
action_dit_adaln_norm1,1c01,1,5,odd,4,4,3da63e843ee6be76
action_dit_adaln_norm1,1c01,1,6,even,4,4,3db0bdacbe95bec2
action_dit_adaln_norm1,1c01,1,7,odd,4,4,be1cbce03c463e98
action_dit_adaln_norm1,1c01,1,8,even,4,4,be703d06bf26bec2
action_dit_adaln_norm1,1c01,1,9,odd,4,4,bec13e21bd68bee7
action_dit_adaln_norm1,1c01,1,10,even,4,4,3e903e58bed33d40
action_dit_adaln_norm1,1c01,1,11,odd,4,4,3de7bd18be413e30
action_dit_adaln_norm1,1c01,1,12,even,4,4,3e773e723ee4bf2e
action_dit_adaln_norm1,1c01,1,13,odd,4,4,bdba3e323e58bd6c
action_dit_adaln_norm1,1c01,1,14,even,4,4,beff3d203c6abeda
action_dit_adaln_norm1,1c01,1,15,odd,4,4,be00be4c3dd8be49
action_dit_adaln_norm1,1c01,1,0,even,5,4,3e7cbd483ee53e10
action_dit_adaln_norm1,1c01,1,1,odd,5,4,3f2ebe683e55be22
action_dit_adaln_norm1,1c01,1,2,even,5,4,bf4dbe863e9a3d5a
action_dit_adaln_norm1,1c01,1,3,odd,5,4,bd463dd4bef0be90
action_dit_adaln_norm1,1c01,1,4,even,5,4,bec6be5a3ef4bd85
action_dit_adaln_norm1,1c01,1,5,odd,5,4,3d70be69bf01be57
action_dit_adaln_norm1,1c01,1,6,even,5,4,3e3dbed13e15bebc
action_dit_adaln_norm1,1c01,1,7,odd,5,4,3d2e3e8dbe4bbcb4
action_dit_adaln_norm1,1c01,1,8,even,5,4,3ebe3d18bea93e6b
action_dit_adaln_norm1,1c01,1,9,odd,5,4,3f0dbd22be483cda
action_dit_adaln_norm1,1c01,1,10,even,5,4,bcb83cf0bf30bf0c
action_dit_adaln_norm1,1c01,1,11,odd,5,4,3e99be42bef43c88
action_dit_adaln_norm1,1c01,1,12,even,5,4,bd7a3e8c3f02bd40
action_dit_adaln_norm1,1c01,1,13,odd,5,4,bee6bcdc3ea83f2a
action_dit_adaln_norm1,1c01,1,14,even,5,4,3d18bf58be453f02
action_dit_adaln_norm1,1c01,1,15,odd,5,4,3ea03d0cbd983ecb
action_dit_adaln_norm1,1c01,1,0,even,6,4,3e90bf213e903eb4
action_dit_adaln_norm1,1c01,1,1,odd,6,4,3de73e403eefbde2
action_dit_adaln_norm1,1c01,1,2,even,6,4,3f2b3ef43de63e52
action_dit_adaln_norm1,1c01,1,3,odd,6,4,3cb5bd9cbbd03d8d
action_dit_adaln_norm1,1c01,1,4,even,6,4,bf003d343d74be47
action_dit_adaln_norm1,1c01,1,5,odd,6,4,bea73dfcbe1cbd7e
action_dit_adaln_norm1,1c01,1,6,even,6,4,be463ed1bf08bd3a
action_dit_adaln_norm1,1c01,1,7,odd,6,4,3d90beb73d2cbea6
action_dit_adaln_norm1,1c01,1,8,even,6,4,3dec3e123e87be84
action_dit_adaln_norm1,1c01,1,9,odd,6,4,3e56beee3eca3c9c
action_dit_adaln_norm1,1c01,1,10,even,6,4,bef2be25be35be18
action_dit_adaln_norm1,1c01,1,11,odd,6,4,3ef9becc3c40bec6
action_dit_adaln_norm1,1c01,1,12,even,6,4,bd1abda83d7e3ed7
action_dit_adaln_norm1,1c01,1,13,odd,6,4,bea0bd723ebdbe92
action_dit_adaln_norm1,1c01,1,14,even,6,4,3e623e883e943c80
action_dit_adaln_norm1,1c01,1,15,odd,6,4,3f19bd403cb03e23
action_dit_adaln_norm1,1c01,1,0,even,7,4,be013e83bbd0be06
action_dit_adaln_norm1,1c01,1,1,odd,7,4,3e583e273cdc3e88
action_dit_adaln_norm1,1c01,1,2,even,7,4,bd86be69bc10bf08
action_dit_adaln_norm1,1c01,1,3,odd,7,4,3c04bf00be7a3ece
action_dit_adaln_norm1,1c01,1,4,even,7,4,be303c88bf2abe91
action_dit_adaln_norm1,1c01,1,5,odd,7,4,be83be463e9abec3
action_dit_adaln_norm1,1c01,1,6,even,7,4,3e50bed23decbde1
action_dit_adaln_norm1,1c01,1,7,odd,7,4,bf183e8f3e10bee5
action_dit_adaln_norm1,1c01,1,8,even,7,4,3e73bed9be76bd68
action_dit_adaln_norm1,1c01,1,9,odd,7,4,be063e063ea43ca0
action_dit_adaln_norm1,1c01,1,10,even,7,4,3eecbdc63ec23f46
action_dit_adaln_norm1,1c01,1,11,odd,7,4,3cfe3e703e0dbdd4
action_dit_adaln_norm1,1c01,1,12,even,7,4,3e1cbcd83e3d3d4e
action_dit_adaln_norm1,1c01,1,13,odd,7,4,be40be46bf38bc50
action_dit_adaln_norm1,1c01,1,14,even,7,4,3dc4bef03d4cbe86
action_dit_adaln_norm1,1c01,1,15,odd,7,4,3d30be84be8ebf1c
action_dit_adaln_norm1,1c01,1,0,even,8,4,be1ebdbb3e8f3df6
action_dit_adaln_norm1,1c01,1,1,odd,8,4,3e90bed7be7cbdb0
action_dit_adaln_norm1,1c01,1,2,even,8,4,3eb7bf2bbe823e17
action_dit_adaln_norm1,1c01,1,3,odd,8,4,bf2cbf38bf143ef9
action_dit_adaln_norm1,1c01,1,4,even,8,4,3f19bf2a3ce8bee7
action_dit_adaln_norm1,1c01,1,5,odd,8,4,3ea2be623d88bd38
action_dit_adaln_norm1,1c01,1,6,even,8,4,be863db6bf22be53
action_dit_adaln_norm1,1c01,1,7,odd,8,4,3cb0be4bbe9ebf44
action_dit_adaln_norm1,1c01,1,8,even,8,4,3dc43f33bed5bf50
action_dit_adaln_norm1,1c01,1,9,odd,8,4,3d993d9ebe853da2
action_dit_adaln_norm1,1c01,1,10,even,8,4,3e6c3f0cbf2abe27
action_dit_adaln_norm1,1c01,1,11,odd,8,4,bf36bb80bee8bf57
action_dit_adaln_norm1,1c01,1,12,even,8,4,be9a3e083e6bbec8
action_dit_adaln_norm1,1c01,1,13,odd,8,4,3eac3f403f513f10
action_dit_adaln_norm1,1c01,1,14,even,8,4,3e81be48bf323eeb
action_dit_adaln_norm1,1c01,1,15,odd,8,4,3eccbd98bd58bc84
action_dit_adaln_norm1,1c01,1,0,even,9,4,bed43e3a3e61be92
action_dit_adaln_norm1,1c01,1,1,odd,9,4,3b403ed5befc3f1f
action_dit_adaln_norm1,1c01,1,2,even,9,4,3f36be5bbf04be96
action_dit_adaln_norm1,1c01,1,3,odd,9,4,bda8bf073ef63e5f
action_dit_adaln_norm1,1c01,1,4,even,9,4,3e303de4bcf03ebc
action_dit_adaln_norm1,1c01,1,5,odd,9,4,3e03be953ec23e7d
action_dit_adaln_norm1,1c01,1,6,even,9,4,bdf43e923e773e81
action_dit_adaln_norm1,1c01,1,7,odd,9,4,3e4bbece3f22be12
action_dit_adaln_norm1,1c01,1,8,even,9,4,3e8e3e783ee73cd8
action_dit_adaln_norm1,1c01,1,9,odd,9,4,bd0cbd5dbe89bea4
action_dit_adaln_norm1,1c01,1,10,even,9,4,be983e9f3e713f14
action_dit_adaln_norm1,1c01,1,11,odd,9,4,be383c3d3ebdbe40
action_dit_adaln_norm1,1c01,1,12,even,9,4,be0c3dd1bef0bf1d
action_dit_adaln_norm1,1c01,1,13,odd,9,4,beb9bec23db1bf3c
action_dit_adaln_norm1,1c01,1,14,even,9,4,bf08beadbec53eca
action_dit_adaln_norm1,1c01,1,15,odd,9,4,3e023e373d6d3e1c
action_dit_adaln_norm1,1c01,1,0,even,10,4,3dc43e84bf403e3c
action_dit_adaln_norm1,1c01,1,1,odd,10,4,beb33e9c3e063f36
action_dit_adaln_norm1,1c01,1,2,even,10,4,3d973e22be24bec2
action_dit_adaln_norm1,1c01,1,3,odd,10,4,3e2bbe79be2fbcb0
action_dit_adaln_norm1,1c01,1,4,even,10,4,3ea4be63bd70bf25
action_dit_adaln_norm1,1c01,1,5,odd,10,4,3ec8bc70bde23e8a
action_dit_adaln_norm1,1c01,1,6,even,10,4,bb70bef43e1c3d3c
action_dit_adaln_norm1,1c01,1,7,odd,10,4,be48bdb0bdfabe68
action_dit_adaln_norm1,1c01,1,8,even,10,4,3e3e3e23bedcbcf8
action_dit_adaln_norm1,1c01,1,9,odd,10,4,3e5d3e993f083f2a
action_dit_adaln_norm1,1c01,1,10,even,10,4,3dba3e293e333ed7
action_dit_adaln_norm1,1c01,1,11,odd,10,4,be963f0bbb803e72
action_dit_adaln_norm1,1c01,1,12,even,10,4,3e063ee2bf16bd56
action_dit_adaln_norm1,1c01,1,13,odd,10,4,bed23f10be023ee1
action_dit_adaln_norm1,1c01,1,14,even,10,4,3eee3d5cbec43e70
action_dit_adaln_norm1,1c01,1,15,odd,10,4,3e203f14be81bec0
action_dit_adaln_norm1,1c01,1,0,even,11,4,bd64bdf7bed5bdde
action_dit_adaln_norm1,1c01,1,1,odd,11,4,3f063d9cbef0be20
action_dit_adaln_norm1,1c01,1,2,even,11,4,bdee3ea6be903f2b
action_dit_adaln_norm1,1c01,1,3,odd,11,4,beaabf1ebda0bf24
action_dit_adaln_norm1,1c01,1,4,even,11,4,3f0abeaebe03be92
action_dit_adaln_norm1,1c01,1,5,odd,11,4,3e8cbe2dbe5e3f0e
action_dit_adaln_norm1,1c01,1,6,even,11,4,bd913e3d3e163eff
action_dit_adaln_norm1,1c01,1,7,odd,11,4,3eeabd283df2be41
action_dit_adaln_norm1,1c01,1,8,even,11,4,3db33da1beeebe37
action_dit_adaln_norm1,1c01,1,9,odd,11,4,bc1d3d203ec0bd88
action_dit_adaln_norm1,1c01,1,10,even,11,4,bf113f04beee3ebe
action_dit_adaln_norm1,1c01,1,11,odd,11,4,3e75bec83e8d3eee
action_dit_adaln_norm1,1c01,1,12,even,11,4,3f04bf1a3f103c68
action_dit_adaln_norm1,1c01,1,13,odd,11,4,3e933efaba80bd81
action_dit_adaln_norm1,1c01,1,14,even,11,4,be8e3ebf3eca3e6d
action_dit_adaln_norm1,1c01,1,15,odd,11,4,3d053de0be263ea1
action_dit_adaln_norm1,1c01,1,0,even,12,4,befe3e2cbe813f14
action_dit_adaln_norm1,1c01,1,1,odd,12,4,3f03bf3dbe8b3e5b
action_dit_adaln_norm1,1c01,1,2,even,12,4,bcc83dd13d243e5a
action_dit_adaln_norm1,1c01,1,3,odd,12,4,bcc4bf7d3c60bf01
action_dit_adaln_norm1,1c01,1,4,even,12,4,3f173ebcbf2a3f2e
action_dit_adaln_norm1,1c01,1,5,odd,12,4,bc80bd843c0cbd26
action_dit_adaln_norm1,1c01,1,6,even,12,4,be05bddabd8c3ec2
action_dit_adaln_norm1,1c01,1,7,odd,12,4,3e6a3d44beb5bb80
action_dit_adaln_norm1,1c01,1,8,even,12,4,3e99be233eb4beed
action_dit_adaln_norm1,1c01,1,9,odd,12,4,3e65be513e5b3ed1
action_dit_adaln_norm1,1c01,1,10,even,12,4,bd8c3ebcbeae3ef5
action_dit_adaln_norm1,1c01,1,11,odd,12,4,3d00bc90be2a3d85
action_dit_adaln_norm1,1c01,1,12,even,12,4,be96be5a3ce0be7c
action_dit_adaln_norm1,1c01,1,13,odd,12,4,3d823eba3e17beaf
action_dit_adaln_norm1,1c01,1,14,even,12,4,3f0ebddc3edabd54
action_dit_adaln_norm1,1c01,1,15,odd,12,4,bf5ebe683d3c3e36
action_dit_adaln_norm1,1c01,1,0,even,13,4,bd3e3dec3eca3e9a
action_dit_adaln_norm1,1c01,1,1,odd,13,4,3e9fbea5bf773ee4
action_dit_adaln_norm1,1c01,1,2,even,13,4,bf08bf283e0e3eb8
action_dit_adaln_norm1,1c01,1,3,odd,13,4,3f1e3cf6be913e8d
action_dit_adaln_norm1,1c01,1,4,even,13,4,3e303e0a3ecd3e5c
action_dit_adaln_norm1,1c01,1,5,odd,13,4,bec3be543ed83da0
action_dit_adaln_norm1,1c01,1,6,even,13,4,3e8c3f27beeabde6
action_dit_adaln_norm1,1c01,1,7,odd,13,4,bd24bf1cbea03d66
action_dit_adaln_norm1,1c01,1,8,even,13,4,3e9a3c80be2cbe0e
action_dit_adaln_norm1,1c01,1,9,odd,13,4,3e263dc0bf0cbdec
action_dit_adaln_norm1,1c01,1,10,even,13,4,bd703e2f3e0bbe09
action_dit_adaln_norm1,1c01,1,11,odd,13,4,3cc03d1c3b403e0d
action_dit_adaln_norm1,1c01,1,12,even,13,4,bdc63ddebf05bef0
action_dit_adaln_norm1,1c01,1,13,odd,13,4,bea53ef2bddd3e9c
action_dit_adaln_norm1,1c01,1,14,even,13,4,bc503e123ebbbe29
action_dit_adaln_norm1,1c01,1,15,odd,13,4,beebbe573dd83d50
action_dit_adaln_norm1,1c01,1,0,even,14,4,3c683ebdbf23be36
action_dit_adaln_norm1,1c01,1,1,odd,14,4,bef3be6abea4be49
action_dit_adaln_norm1,1c01,1,2,even,14,4,3eacbe6dbf8a3e29
action_dit_adaln_norm1,1c01,1,3,odd,14,4,3d34bea13eb73e1a
action_dit_adaln_norm1,1c01,1,4,even,14,4,beadbee83e3cbe5e
action_dit_adaln_norm1,1c01,1,5,odd,14,4,3eb93f25be643e6c
action_dit_adaln_norm1,1c01,1,6,even,14,4,3f1bbea2bc8a3e58
action_dit_adaln_norm1,1c01,1,7,odd,14,4,bc98bdb03f233ce8
action_dit_adaln_norm1,1c01,1,8,even,14,4,bca03e3ebf4ebe01
action_dit_adaln_norm1,1c01,1,9,odd,14,4,3e7c3ed4bd1c3eb3
action_dit_adaln_norm1,1c01,1,10,even,14,4,bf103cb83ed8be50
action_dit_adaln_norm1,1c01,1,11,odd,14,4,3e783d003d543e4b
action_dit_adaln_norm1,1c01,1,12,even,14,4,be9cbeb53e32bee5
action_dit_adaln_norm1,1c01,1,13,odd,14,4,3e4cbe213e303f18
action_dit_adaln_norm1,1c01,1,14,even,14,4,bc1c3db8be81be1a
action_dit_adaln_norm1,1c01,1,15,odd,14,4,3ea8beb2bf063e9a
action_dit_adaln_norm1,1c01,1,0,even,15,4,3c40bdbc3ec4be03
action_dit_adaln_norm1,1c01,1,1,odd,15,4,3eb83f113d8cbeca
action_dit_adaln_norm1,1c01,1,2,even,15,4,3e283dfe3d02be2e
action_dit_adaln_norm1,1c01,1,3,odd,15,4,3e383db63e00bf63
action_dit_adaln_norm1,1c01,1,4,even,15,4,3ec2bede3e7e3e60
action_dit_adaln_norm1,1c01,1,5,odd,15,4,be183ecabe46be24
action_dit_adaln_norm1,1c01,1,6,even,15,4,3e86bed23d8e3b80
action_dit_adaln_norm1,1c01,1,7,odd,15,4,be1e3d94bea63ea6
action_dit_adaln_norm1,1c01,1,8,even,15,4,3eabbde63e7b3e98
action_dit_adaln_norm1,1c01,1,9,odd,15,4,3e3abea2bec23eea
action_dit_adaln_norm1,1c01,1,10,even,15,4,3dfbbecabea5bbd8
action_dit_adaln_norm1,1c01,1,11,odd,15,4,3cb2bf0bbdb33e71
action_dit_adaln_norm1,1c01,1,12,even,15,4,3e993f28bd993d18
action_dit_adaln_norm1,1c01,1,13,odd,15,4,3f013ead3ec9bd44
action_dit_adaln_norm1,1c01,1,14,even,15,4,bdc5be33bf043d7c
action_dit_adaln_norm1,1c01,1,15,odd,15,4,3eabbf09be97be4d
action_dit_adaln_norm1,1c01,1,0,even,16,4,3dc2bb003ea93ef4
action_dit_adaln_norm1,1c01,1,1,odd,16,4,3e96be19bf6ebf2f
action_dit_adaln_norm1,1c01,1,2,even,16,4,3e673e88bef13c10
action_dit_adaln_norm1,1c01,1,3,odd,16,4,be0e3e88bdbcbde2
action_dit_adaln_norm1,1c01,1,4,even,16,4,be1c3e1c3dd83e76
action_dit_adaln_norm1,1c01,1,5,odd,16,4,bddc3e7ebd1ebeb8
action_dit_adaln_norm1,1c01,1,6,even,16,4,be7e3f003ec93ea7
action_dit_adaln_norm1,1c01,1,7,odd,16,4,be60bf2a3e6dbea3
action_dit_adaln_norm1,1c01,1,8,even,16,4,be073f06be9cbe35
action_dit_adaln_norm1,1c01,1,9,odd,16,4,beddbdcebec03f12
action_dit_adaln_norm1,1c01,1,10,even,16,4,3e8a3f14be7b3e25
action_dit_adaln_norm1,1c01,1,11,odd,16,4,bea23e1dbf543db8
action_dit_adaln_norm1,1c01,1,12,even,16,4,3cc8bef3bf32be29
action_dit_adaln_norm1,1c01,1,13,odd,16,4,3ec6bde0be8ebef0
action_dit_adaln_norm1,1c01,1,14,even,16,4,3d9ebe44bdd93ea4
action_dit_adaln_norm1,1c01,1,15,odd,16,4,be2abe213ea0bef5
action_dit_adaln_norm1,1c01,1,0,even,17,4,3dd43f163e7f3ea8
action_dit_adaln_norm1,1c01,1,1,odd,17,4,3f313d823dc1be85
action_dit_adaln_norm1,1c01,1,2,even,17,4,3e51bd6e3cc0be6d
action_dit_adaln_norm1,1c01,1,3,odd,17,4,3eb33e9c3e12bd9b
action_dit_adaln_norm1,1c01,1,4,even,17,4,3f053dd4beac3f01
action_dit_adaln_norm1,1c01,1,5,odd,17,4,3efabebdbeb7be3a
action_dit_adaln_norm1,1c01,1,6,even,17,4,bdb2bef83dadbf02
action_dit_adaln_norm1,1c01,1,7,odd,17,4,3f4d3e73be1cbecb
action_dit_adaln_norm1,1c01,1,8,even,17,4,3e8cbed73ec03ec0
action_dit_adaln_norm1,1c01,1,9,odd,17,4,3e5e3d89bdb7be2e
action_dit_adaln_norm1,1c01,1,10,even,17,4,be4d3cb43ee1bef9
action_dit_adaln_norm1,1c01,1,11,odd,17,4,bf1cbe92bd12be6d
action_dit_adaln_norm1,1c01,1,12,even,17,4,bc88bf1e3e903e84
action_dit_adaln_norm1,1c01,1,13,odd,17,4,3ea03ea03e2abe03
action_dit_adaln_norm1,1c01,1,14,even,17,4,3cd83e683e243e85
action_dit_adaln_norm1,1c01,1,15,odd,17,4,3e8d3e7f3d303db3
action_dit_adaln_norm1,1c01,1,0,even,18,4,3f2e3db83e503f21
action_dit_adaln_norm1,1c01,1,1,odd,18,4,be353f0fbe1fbd90
action_dit_adaln_norm1,1c01,1,2,even,18,4,bd2bbedfbe9a3e22
action_dit_adaln_norm1,1c01,1,3,odd,18,4,be85bf01be383e8a
action_dit_adaln_norm1,1c01,1,4,even,18,4,be03bedabf32bcc8
action_dit_adaln_norm1,1c01,1,5,odd,18,4,3ed4bee63f10be35
action_dit_adaln_norm1,1c01,1,6,even,18,4,3f3f3f033eacbed2
action_dit_adaln_norm1,1c01,1,7,odd,18,4,3f033dcc3d2dbd14
action_dit_adaln_norm1,1c01,1,8,even,18,4,3e89be92be1cbe09
action_dit_adaln_norm1,1c01,1,9,odd,18,4,3d323e11befa3f37
action_dit_adaln_norm1,1c01,1,10,even,18,4,be603f38be9c3e9c
action_dit_adaln_norm1,1c01,1,11,odd,18,4,3e643f933ed23d8c
action_dit_adaln_norm1,1c01,1,12,even,18,4,be103f22bed8bce0
action_dit_adaln_norm1,1c01,1,13,odd,18,4,bea23e0cbe08bd8a
action_dit_adaln_norm1,1c01,1,14,even,18,4,bd703e97bf0f3c20
action_dit_adaln_norm1,1c01,1,15,odd,18,4,3dfabe04be913e90
action_dit_adaln_norm1,1c01,1,0,even,19,4,bcae3d263ec43eab
action_dit_adaln_norm1,1c01,1,1,odd,19,4,3e993e0b3eca3f6a
action_dit_adaln_norm1,1c01,1,2,even,19,4,3efc3e16bea13ef8
action_dit_adaln_norm1,1c01,1,3,odd,19,4,3e993e2ebefa3c20
action_dit_adaln_norm1,1c01,1,4,even,19,4,bd603e02bea8be05
action_dit_adaln_norm1,1c01,1,5,odd,19,4,3f0e3e3ebebdbe64
action_dit_adaln_norm1,1c01,1,6,even,19,4,bde4bf343ea1be18
action_dit_adaln_norm1,1c01,1,7,odd,19,4,3de4be47bcd03e93
action_dit_adaln_norm1,1c01,1,8,even,19,4,be053e59bf223ec1
action_dit_adaln_norm1,1c01,1,9,odd,19,4,3ef8bef13ecabec4
action_dit_adaln_norm1,1c01,1,10,even,19,4,be363ec7bea9be1d
action_dit_adaln_norm1,1c01,1,11,odd,19,4,be483d83bd013ea4
action_dit_adaln_norm1,1c01,1,12,even,19,4,be8a3ed93dc5bd80
action_dit_adaln_norm1,1c01,1,13,odd,19,4,be9abdf53e423e7a
action_dit_adaln_norm1,1c01,1,14,even,19,4,be8cbd3cbe96be8d
action_dit_adaln_norm1,1c01,1,15,odd,19,4,be7f3ee1bc883de4
action_dit_adaln_norm1,1c01,1,0,even,20,4,3db83ede3e163c90
action_dit_adaln_norm1,1c01,1,1,odd,20,4,3eaebf1cbd1c3d34
action_dit_adaln_norm1,1c01,1,2,even,20,4,be21bef43d2abda6
action_dit_adaln_norm1,1c01,1,3,odd,20,4,3e4cbdcf3e0f3ea4
action_dit_adaln_norm1,1c01,1,4,even,20,4,3c383e7f3ee3bef6
action_dit_adaln_norm1,1c01,1,5,odd,20,4,bd923f4cbe1abe9f
action_dit_adaln_norm1,1c01,1,6,even,20,4,be92be883dbd3e54
action_dit_adaln_norm1,1c01,1,7,odd,20,4,3ec1bd1ebdc63cd0
action_dit_adaln_norm1,1c01,1,8,even,20,4,3e4b3eb53dac3e8a
action_dit_adaln_norm1,1c01,1,9,odd,20,4,3e83be46bef83e28
action_dit_adaln_norm1,1c01,1,10,even,20,4,3d5a3dc8be88beaa
action_dit_adaln_norm1,1c01,1,11,odd,20,4,be41be3d3f1a3f2b
action_dit_adaln_norm1,1c01,1,12,even,20,4,3c90bc14be7d3f16
action_dit_adaln_norm1,1c01,1,13,odd,20,4,be0abea5bdfebdbe
action_dit_adaln_norm1,1c01,1,14,even,20,4,3eb8bdde3ea03e6e
action_dit_adaln_norm1,1c01,1,15,odd,20,4,be87be2fbe703e48
action_dit_adaln_norm1,1c01,1,0,even,21,4,3eeabf02bd1cbdde
action_dit_adaln_norm1,1c01,1,1,odd,21,4,be9cbd603f2f3e0b
action_dit_adaln_norm1,1c01,1,2,even,21,4,3dc23f1fbeaa3e5e
action_dit_adaln_norm1,1c01,1,3,odd,21,4,bed23e51bddcbe7c
action_dit_adaln_norm1,1c01,1,4,even,21,4,be30bf13beb93dd1
action_dit_adaln_norm1,1c01,1,5,odd,21,4,be483e173d9ebebc
action_dit_adaln_norm1,1c01,1,6,even,21,4,be0f3e40bee0be4c
action_dit_adaln_norm1,1c01,1,7,odd,21,4,3db1be963e203da2
action_dit_adaln_norm1,1c01,1,8,even,21,4,3ebb3f313f513d78
action_dit_adaln_norm1,1c01,1,9,odd,21,4,bf05bf17bd9bbf80
action_dit_adaln_norm1,1c01,1,10,even,21,4,3f78bdbebe3e3d8c
action_dit_adaln_norm1,1c01,1,11,odd,21,4,3f163e76bd91bed2
action_dit_adaln_norm1,1c01,1,12,even,21,4,bebabe81bda8be52
action_dit_adaln_norm1,1c01,1,13,odd,21,4,3db63e38bf053e92
action_dit_adaln_norm1,1c01,1,14,even,21,4,3f18be98be943e47
action_dit_adaln_norm1,1c01,1,15,odd,21,4,bd403efebbc0bed2
action_dit_adaln_norm1,1c01,1,0,even,22,4,3f143e3ebe1fbe2c
action_dit_adaln_norm1,1c01,1,1,odd,22,4,3eaa3f3a3e063eb6
action_dit_adaln_norm1,1c01,1,2,even,22,4,3de8bf1fbf1e3eba
action_dit_adaln_norm1,1c01,1,3,odd,22,4,bf0fbee6be4abd76
action_dit_adaln_norm1,1c01,1,4,even,22,4,3d303ecabdee3a80
action_dit_adaln_norm1,1c01,1,5,odd,22,4,bdccbf24bef03da0
action_dit_adaln_norm1,1c01,1,6,even,22,4,3eec3f0d3eaebe87
action_dit_adaln_norm1,1c01,1,7,odd,22,4,3e8c3cbcbe0fbdfe
action_dit_adaln_norm1,1c01,1,8,even,22,4,3e92bf03bec1be23
action_dit_adaln_norm1,1c01,1,9,odd,22,4,3f193e94be80be8c
action_dit_adaln_norm1,1c01,1,10,even,22,4,bea3bea23f023e6c
action_dit_adaln_norm1,1c01,1,11,odd,22,4,3f043e143e85be3c
action_dit_adaln_norm1,1c01,1,12,even,22,4,be9c3dde3dd23d98
action_dit_adaln_norm1,1c01,1,13,odd,22,4,bdf53deebe973ea3
action_dit_adaln_norm1,1c01,1,14,even,22,4,befe3da43e76bd25
action_dit_adaln_norm1,1c01,1,15,odd,22,4,be96bf06be6abe0c
action_dit_adaln_norm1,1c01,1,0,even,23,4,3c583e98bebfbeb7
action_dit_adaln_norm1,1c01,1,1,odd,23,4,3f6c3ca83d2b3e1f
action_dit_adaln_norm1,1c01,1,2,even,23,4,beec3dd3be573e6d
action_dit_adaln_norm1,1c01,1,3,odd,23,4,be873c20be80be0e
action_dit_adaln_norm1,1c01,1,4,even,23,4,3e023ef23eb7bed7
action_dit_adaln_norm1,1c01,1,5,odd,23,4,beccbe003ec8ba80
action_dit_adaln_norm1,1c01,1,6,even,23,4,be373dacbf05bf8f
action_dit_adaln_norm1,1c01,1,7,odd,23,4,be9d3e563e0abe39
action_dit_adaln_norm1,1c01,1,8,even,23,4,3be03f0c3ec1bece
action_dit_adaln_norm1,1c01,1,9,odd,23,4,be0e3e2fbe0cbe2c
action_dit_adaln_norm1,1c01,1,10,even,23,4,3edcbd183da8beef
action_dit_adaln_norm1,1c01,1,11,odd,23,4,3ee4be07befa3dce
action_dit_adaln_norm1,1c01,1,12,even,23,4,3e073f443eca3c70
action_dit_adaln_norm1,1c01,1,13,odd,23,4,bf10bcc0be2e3e90
action_dit_adaln_norm1,1c01,1,14,even,23,4,be29be4a3e8d3f0b
action_dit_adaln_norm1,1c01,1,15,odd,23,4,bdd83cedbeb83d9c
action_dit_adaln_norm1,1c02,2,0,even,0,4,3e8f3ecd3c683ec0
action_dit_adaln_norm1,1c02,2,1,odd,0,4,beba3de43ef83f6d
action_dit_adaln_norm1,1c02,2,2,even,0,4,bec43e47be4cbe50
action_dit_adaln_norm1,1c02,2,3,odd,0,4,3e49bdf03e13be64
action_dit_adaln_norm1,1c02,2,4,even,0,4,be023e69bf0dbd90
action_dit_adaln_norm1,1c02,2,5,odd,0,4,be403f503e89be3a
action_dit_adaln_norm1,1c02,2,6,even,0,4,3e82be503ea43f83
action_dit_adaln_norm1,1c02,2,7,odd,0,4,be343dc23e4abe90
action_dit_adaln_norm1,1c02,2,8,even,0,4,be153e203dd4bdfc
action_dit_adaln_norm1,1c02,2,9,odd,0,4,3e60bd943f64bec8
action_dit_adaln_norm1,1c02,2,10,even,0,4,be6bbea9be30be4a
action_dit_adaln_norm1,1c02,2,11,odd,0,4,bddc3ecbbe313ebc
action_dit_adaln_norm1,1c02,2,12,even,0,4,bd8c3f2d3e64bd94
action_dit_adaln_norm1,1c02,2,13,odd,0,4,bed63f8ebf2abd48
action_dit_adaln_norm1,1c02,2,14,even,0,4,bf70beb5be5ebe87
action_dit_adaln_norm1,1c02,2,15,odd,0,4,be323e73bf193e02
action_dit_adaln_norm1,1c02,2,0,even,1,4,bd083d9bbd8abf14
action_dit_adaln_norm1,1c02,2,1,odd,1,4,bece3e2bbde83e9b
action_dit_adaln_norm1,1c02,2,2,even,1,4,3d0e3e1b3e503e8d
action_dit_adaln_norm1,1c02,2,3,odd,1,4,bedcbe5fbeaa3ea6
action_dit_adaln_norm1,1c02,2,4,even,1,4,bc243e15bddc3d0c
action_dit_adaln_norm1,1c02,2,5,odd,1,4,3f23bda0be6f3eaf
action_dit_adaln_norm1,1c02,2,6,even,1,4,bcb4bf3c3cc8bee6
action_dit_adaln_norm1,1c02,2,7,odd,1,4,3c703c00be483dfd
action_dit_adaln_norm1,1c02,2,8,even,1,4,3eb13f303c98be6f
action_dit_adaln_norm1,1c02,2,9,odd,1,4,3e3d3f04be1e3e30
action_dit_adaln_norm1,1c02,2,10,even,1,4,beaf3d0cbf013dba
action_dit_adaln_norm1,1c02,2,11,odd,1,4,be123f43bd54bdd8
action_dit_adaln_norm1,1c02,2,12,even,1,4,bd8abef5be923e44
action_dit_adaln_norm1,1c02,2,13,odd,1,4,3d90bd78be283e34
action_dit_adaln_norm1,1c02,2,14,even,1,4,be81beacbec6be84
action_dit_adaln_norm1,1c02,2,15,odd,1,4,be5bbe94bdd4be29
action_dit_adaln_norm1,1c02,2,0,even,2,4,be9c3ed33ec93ea0
action_dit_adaln_norm1,1c02,2,1,odd,2,4,bf08bed0be8abe9d
action_dit_adaln_norm1,1c02,2,2,even,2,4,3d36bdbebd00beb8
action_dit_adaln_norm1,1c02,2,3,odd,2,4,be803e22bef03ee6
action_dit_adaln_norm1,1c02,2,4,even,2,4,3f0e3d123f073eee
action_dit_adaln_norm1,1c02,2,5,odd,2,4,bf1cbeb13dab3eb5
action_dit_adaln_norm1,1c02,2,6,even,2,4,be9abb603ecdbea4
action_dit_adaln_norm1,1c02,2,7,odd,2,4,becdbd6ebe87be65
action_dit_adaln_norm1,1c02,2,8,even,2,4,3d5abd3c3e793db2
action_dit_adaln_norm1,1c02,2,9,odd,2,4,3eb63ea43e223dae
action_dit_adaln_norm1,1c02,2,10,even,2,4,bf2bbcf73f1abda2
action_dit_adaln_norm1,1c02,2,11,odd,2,4,3ebb3e713e773f22
action_dit_adaln_norm1,1c02,2,12,even,2,4,3ebebe143f18bebf
action_dit_adaln_norm1,1c02,2,13,odd,2,4,3e0abd9ebec0bef4
action_dit_adaln_norm1,1c02,2,14,even,2,4,3d94bdbc3e42bdd8
action_dit_adaln_norm1,1c02,2,15,odd,2,4,be26baa03e163f30
action_dit_adaln_norm1,1c02,2,0,even,3,4,beaa3e1fbd03bd58
action_dit_adaln_norm1,1c02,2,1,odd,3,4,3ec4be0dbe353dee
action_dit_adaln_norm1,1c02,2,2,even,3,4,3c303d30bf08be84
action_dit_adaln_norm1,1c02,2,3,odd,3,4,3d8c3f213d1b3e3a
action_dit_adaln_norm1,1c02,2,4,even,3,4,bf04bca0be8a3eae
action_dit_adaln_norm1,1c02,2,5,odd,3,4,3d3c3dfcbcd63e16
action_dit_adaln_norm1,1c02,2,6,even,3,4,3d18bf19be8b3e29
action_dit_adaln_norm1,1c02,2,7,odd,3,4,bd133e99bda83f19
action_dit_adaln_norm1,1c02,2,8,even,3,4,be23bf2abd863e32
action_dit_adaln_norm1,1c02,2,9,odd,3,4,bd76bc903e3a3ef4
action_dit_adaln_norm1,1c02,2,10,even,3,4,bd4dbe81be443e3c
action_dit_adaln_norm1,1c02,2,11,odd,3,4,be743df53f783e8a
action_dit_adaln_norm1,1c02,2,12,even,3,4,be60bdfe3d4a3ec7
action_dit_adaln_norm1,1c02,2,13,odd,3,4,beffbea23ca8bea6
action_dit_adaln_norm1,1c02,2,14,even,3,4,3eb03b5e3f1fbca2
action_dit_adaln_norm1,1c02,2,15,odd,3,4,be943ea1bea7be15
action_dit_adaln_norm1,1c02,2,0,even,4,4,3f0d3e973ca0bdf4
action_dit_adaln_norm1,1c02,2,1,odd,4,4,bec9bd8c3dc6be12
action_dit_adaln_norm1,1c02,2,2,even,4,4,bd903e983ec73c10
action_dit_adaln_norm1,1c02,2,3,odd,4,4,3e4cbeba3e203dc8
action_dit_adaln_norm1,1c02,2,4,even,4,4,bf123e8bbc68be50
action_dit_adaln_norm1,1c02,2,5,odd,4,4,3df83e503edabbe0
action_dit_adaln_norm1,1c02,2,6,even,4,4,3d30be82be7dbedb
action_dit_adaln_norm1,1c02,2,7,odd,4,4,becbbe853e8e3eb9
action_dit_adaln_norm1,1c02,2,8,even,4,4,bc903e41bf4ebea1
action_dit_adaln_norm1,1c02,2,9,odd,4,4,be16bd94bf00bea5
action_dit_adaln_norm1,1c02,2,10,even,4,4,3e50be04be80be7c
action_dit_adaln_norm1,1c02,2,11,odd,4,4,3da93dccbebe3e78
action_dit_adaln_norm1,1c02,2,12,even,4,4,3de23d9c3ecbbe29
action_dit_adaln_norm1,1c02,2,13,odd,4,4,bdee3e2dbda2be53
action_dit_adaln_norm1,1c02,2,14,even,4,4,bea23e8ebd7bbe9a
action_dit_adaln_norm1,1c02,2,15,odd,4,4,be723e6e3edabef2
action_dit_adaln_norm1,1c02,2,0,even,5,4,3e2abf0c3ed63e99
action_dit_adaln_norm1,1c02,2,1,odd,5,4,3f1c3dfa3e29bf03
action_dit_adaln_norm1,1c02,2,2,even,5,4,bf24be533eb73f0f
action_dit_adaln_norm1,1c02,2,3,odd,5,4,be333e2abf10be59
action_dit_adaln_norm1,1c02,2,4,even,5,4,bd97bee43e57be81
action_dit_adaln_norm1,1c02,2,5,odd,5,4,be9ebe68bf0fbe21
action_dit_adaln_norm1,1c02,2,6,even,5,4,3e08be1b3ec53c18
action_dit_adaln_norm1,1c02,2,7,odd,5,4,be943e1a3e98bede
action_dit_adaln_norm1,1c02,2,8,even,5,4,3eea3e10bea23bd8
action_dit_adaln_norm1,1c02,2,9,odd,5,4,3eea3e053dd8bd26
action_dit_adaln_norm1,1c02,2,10,even,5,4,bdbc3cf8bf29bed4
action_dit_adaln_norm1,1c02,2,11,odd,5,4,bcfc3e47bece3e86
action_dit_adaln_norm1,1c02,2,12,even,5,4,be053e5e3eb93f22
action_dit_adaln_norm1,1c02,2,13,odd,5,4,3d38be5c3f133f11
action_dit_adaln_norm1,1c02,2,14,even,5,4,3e9dbec73d353e8d
action_dit_adaln_norm1,1c02,2,15,odd,5,4,3ecabe3dbe463ecc
action_dit_adaln_norm1,1c02,2,0,even,6,4,3d02bf2c3d6f3f84
action_dit_adaln_norm1,1c02,2,1,odd,6,4,3e723e6e3eabbe20
action_dit_adaln_norm1,1c02,2,2,even,6,4,3ef43edbbe213e94
action_dit_adaln_norm1,1c02,2,3,odd,6,4,bdf9be84bcd0be06
action_dit_adaln_norm1,1c02,2,4,even,6,4,be9fbc50be4cbe10
action_dit_adaln_norm1,1c02,2,5,odd,6,4,bed83e283db2be85
action_dit_adaln_norm1,1c02,2,6,even,6,4,be39bd08bf3cbeca
action_dit_adaln_norm1,1c02,2,7,odd,6,4,3d2abd96bdb6bdbd
action_dit_adaln_norm1,1c02,2,8,even,6,4,3dae3ecf3e4cbe65
action_dit_adaln_norm1,1c02,2,9,odd,6,4,beb3be9a3e4cbbc0
action_dit_adaln_norm1,1c02,2,10,even,6,4,be863e45beb7bd6a
action_dit_adaln_norm1,1c02,2,11,odd,6,4,3ef6bf4c3eb03d77
action_dit_adaln_norm1,1c02,2,12,even,6,4,3e763c603e163e83
action_dit_adaln_norm1,1c02,2,13,odd,6,4,bd9dbe883d283d3c
action_dit_adaln_norm1,1c02,2,14,even,6,4,3dc0bd443e6abd90
action_dit_adaln_norm1,1c02,2,15,odd,6,4,3efcbe373c883e71
action_dit_adaln_norm1,1c02,2,0,even,7,4,bcd83e163e4b3b00
action_dit_adaln_norm1,1c02,2,1,odd,7,4,be903cb03e0f3e82
action_dit_adaln_norm1,1c02,2,2,even,7,4,beb93e25be603d7e
action_dit_adaln_norm1,1c02,2,3,odd,7,4,be08bf32be633e89
action_dit_adaln_norm1,1c02,2,4,even,7,4,be4cbe11bed7bf05
action_dit_adaln_norm1,1c02,2,5,odd,7,4,be2abe1ebe1abe69
action_dit_adaln_norm1,1c02,2,6,even,7,4,bcc8beac3dd1bdec
action_dit_adaln_norm1,1c02,2,7,odd,7,4,00003d2cbe86bf2f
action_dit_adaln_norm1,1c02,2,8,even,7,4,bc9ebf16bd20bd7c
action_dit_adaln_norm1,1c02,2,9,odd,7,4,3cecbe863df9be06
action_dit_adaln_norm1,1c02,2,10,even,7,4,3ca43e1b3d9e3f25
action_dit_adaln_norm1,1c02,2,11,odd,7,4,3f183db63e27be08
action_dit_adaln_norm1,1c02,2,12,even,7,4,3e183e213ea53e83
action_dit_adaln_norm1,1c02,2,13,odd,7,4,bd2c3dc6bf2c3daa
action_dit_adaln_norm1,1c02,2,14,even,7,4,3ec6becbbd56be02
action_dit_adaln_norm1,1c02,2,15,odd,7,4,be3ebe94be8bbf67
action_dit_adaln_norm1,1c02,2,0,even,8,4,bccfbd8e3ce6be10
action_dit_adaln_norm1,1c02,2,1,odd,8,4,bdc6be4abd823daa
action_dit_adaln_norm1,1c02,2,2,even,8,4,be49be95bf133d0a
action_dit_adaln_norm1,1c02,2,3,odd,8,4,bf06bf4bbea53f28
action_dit_adaln_norm1,1c02,2,4,even,8,4,3f2dbeb73d60beee
action_dit_adaln_norm1,1c02,2,5,odd,8,4,3c203c003d28bde8
action_dit_adaln_norm1,1c02,2,6,even,8,4,3d10be0ebec1be7e
action_dit_adaln_norm1,1c02,2,7,odd,8,4,3ea0be06bdefbf57
action_dit_adaln_norm1,1c02,2,8,even,8,4,3cd83f1dbe92bf2f
action_dit_adaln_norm1,1c02,2,9,odd,8,4,bd8c3d8fbd8e3ea7
action_dit_adaln_norm1,1c02,2,10,even,8,4,3d273d1cbf4abdbe
action_dit_adaln_norm1,1c02,2,11,odd,8,4,bf03bd0cbec0bf1c
action_dit_adaln_norm1,1c02,2,12,even,8,4,be323ed73ea5bf00
action_dit_adaln_norm1,1c02,2,13,odd,8,4,3e103f2e3f3d3e57
action_dit_adaln_norm1,1c02,2,14,even,8,4,3e4b3d10bf0e3f0a
action_dit_adaln_norm1,1c02,2,15,odd,8,4,3ee3be633dd63e56
action_dit_adaln_norm1,1c02,2,0,even,9,4,bd743e883f46be90
action_dit_adaln_norm1,1c02,2,1,odd,9,4,3d2a3f3cbf033eba
action_dit_adaln_norm1,1c02,2,2,even,9,4,3f05be77bebebdc6
action_dit_adaln_norm1,1c02,2,3,odd,9,4,3e37beca3f123e3c
action_dit_adaln_norm1,1c02,2,4,even,9,4,3d963d8abf0c3ebc
action_dit_adaln_norm1,1c02,2,5,odd,9,4,3d5cbec73f073e91
action_dit_adaln_norm1,1c02,2,6,even,9,4,be443e983d9d3e2a
action_dit_adaln_norm1,1c02,2,7,odd,9,4,3ec0be493e843e2a
action_dit_adaln_norm1,1c02,2,8,even,9,4,3dde3f043daa3cc8
action_dit_adaln_norm1,1c02,2,9,odd,9,4,3d9c3e38be19befb
action_dit_adaln_norm1,1c02,2,10,even,9,4,3d833e8d3eb03ea2
action_dit_adaln_norm1,1c02,2,11,odd,9,4,bedc3e203e8ebe88
action_dit_adaln_norm1,1c02,2,12,even,9,4,bdf53ec9bdccbe89
action_dit_adaln_norm1,1c02,2,13,odd,9,4,be893bf63e6bbec6
action_dit_adaln_norm1,1c02,2,14,even,9,4,bf0fbe86bee03d10
action_dit_adaln_norm1,1c02,2,15,odd,9,4,3e143ef13d1a3db1
action_dit_adaln_norm1,1c02,2,0,even,10,4,3c103e2abf283db8
action_dit_adaln_norm1,1c02,2,1,odd,10,4,be703f043e083f1a
action_dit_adaln_norm1,1c02,2,2,even,10,4,3e213ee4bdc0beb0
action_dit_adaln_norm1,1c02,2,3,odd,10,4,3e07be6b3e203e97
action_dit_adaln_norm1,1c02,2,4,even,10,4,3dbfbe713e27bf8f
action_dit_adaln_norm1,1c02,2,5,odd,10,4,3e75bd743e8d3d84
action_dit_adaln_norm1,1c02,2,6,even,10,4,3d92be663f10bdd2
action_dit_adaln_norm1,1c02,2,7,odd,10,4,3d92be30bea83e93
action_dit_adaln_norm1,1c02,2,8,even,10,4,3f133e203c2c3e89
action_dit_adaln_norm1,1c02,2,9,odd,10,4,bc823e703f2e3f17
action_dit_adaln_norm1,1c02,2,10,even,10,4,3cd8bda03d5c3e33
action_dit_adaln_norm1,1c02,2,11,odd,10,4,be9e3f0f3f213db3
action_dit_adaln_norm1,1c02,2,12,even,10,4,3e4a3eb6bf2fbd84
action_dit_adaln_norm1,1c02,2,13,odd,10,4,bdce3e1a3dc43e74
action_dit_adaln_norm1,1c02,2,14,even,10,4,bd643e98bea63e44
action_dit_adaln_norm1,1c02,2,15,odd,10,4,3e873ebb3d61be92
action_dit_adaln_norm1,1c02,2,0,even,11,4,3e40bd38bf0a3d8a
action_dit_adaln_norm1,1c02,2,1,odd,11,4,be5fbda8bf24bd40
action_dit_adaln_norm1,1c02,2,2,even,11,4,bd41be423c903ec6
action_dit_adaln_norm1,1c02,2,3,odd,11,4,bd51beb13e2cbedc
action_dit_adaln_norm1,1c02,2,4,even,11,4,3f0abc84be32bdfc
action_dit_adaln_norm1,1c02,2,5,odd,11,4,3e90bda63db23e28
action_dit_adaln_norm1,1c02,2,6,even,11,4,be7d3c74be563f1b
action_dit_adaln_norm1,1c02,2,7,odd,11,4,3f03bcd03e99bce0
action_dit_adaln_norm1,1c02,2,8,even,11,4,be68be61bd973e3e
action_dit_adaln_norm1,1c02,2,9,odd,11,4,3dd1bdd33e8abf5b
action_dit_adaln_norm1,1c02,2,10,even,11,4,bf4a3edfbead3e24
action_dit_adaln_norm1,1c02,2,11,odd,11,4,3f12bec03ec83ebc
action_dit_adaln_norm1,1c02,2,12,even,11,4,3f64becf3f14be76
action_dit_adaln_norm1,1c02,2,13,odd,11,4,3ec33e443f23be58
action_dit_adaln_norm1,1c02,2,14,even,11,4,be0e3eda3e463e86
action_dit_adaln_norm1,1c02,2,15,odd,11,4,be863d78bd28bd5b
action_dit_adaln_norm1,1c02,2,0,even,12,4,bf0f3e4dbed03eaa
action_dit_adaln_norm1,1c02,2,1,odd,12,4,3df8bec2beba3d82
action_dit_adaln_norm1,1c02,2,2,even,12,4,be923d70bed6bcb0
action_dit_adaln_norm1,1c02,2,3,odd,12,4,3e4abf38bdd2be7a
action_dit_adaln_norm1,1c02,2,4,even,12,4,3f023a80bf883f2c
action_dit_adaln_norm1,1c02,2,5,odd,12,4,3d783e56be78be74
action_dit_adaln_norm1,1c02,2,6,even,12,4,be8dbeb03db33e9c
action_dit_adaln_norm1,1c02,2,7,odd,12,4,3e483e45bdfb3e30
action_dit_adaln_norm1,1c02,2,8,even,12,4,3f22bed83d55bf0a
action_dit_adaln_norm1,1c02,2,9,odd,12,4,bed3be96bdbbbdbd
action_dit_adaln_norm1,1c02,2,10,even,12,4,3e183e6ebe963e7b
action_dit_adaln_norm1,1c02,2,11,odd,12,4,3d943d943e20bd9f
action_dit_adaln_norm1,1c02,2,12,even,12,4,bf20be28bd9cbe83
action_dit_adaln_norm1,1c02,2,13,odd,12,4,3e223e143bc0be73
action_dit_adaln_norm1,1c02,2,14,even,12,4,3da8be243f04be5f
action_dit_adaln_norm1,1c02,2,15,odd,12,4,bef23e0a3dc33eaa
action_dit_adaln_norm1,1c02,2,0,even,13,4,3d67bddf3ed23e4a
action_dit_adaln_norm1,1c02,2,1,odd,13,4,bd87be8cbf283eef
action_dit_adaln_norm1,1c02,2,2,even,13,4,bebfbf26be223e3a
action_dit_adaln_norm1,1c02,2,3,odd,13,4,3f023d98be1b3eb4
action_dit_adaln_norm1,1c02,2,4,even,13,4,be273eb63e483e2b
action_dit_adaln_norm1,1c02,2,5,odd,13,4,be6ebea23ee43d5c
action_dit_adaln_norm1,1c02,2,6,even,13,4,3e143d10bf3ebdc2
action_dit_adaln_norm1,1c02,2,7,odd,13,4,be95be90bede3e4d
action_dit_adaln_norm1,1c02,2,8,even,13,4,3edfbdfdbe2cbb80
action_dit_adaln_norm1,1c02,2,9,odd,13,4,3d40be97be4cbe80
action_dit_adaln_norm1,1c02,2,10,even,13,4,bc60bd28bcd83d86
action_dit_adaln_norm1,1c02,2,11,odd,13,4,3df83e04bdecbeab
action_dit_adaln_norm1,1c02,2,12,even,13,4,3c38be3ebb9ebf1a
action_dit_adaln_norm1,1c02,2,13,odd,13,4,be40bb80bed03c90
action_dit_adaln_norm1,1c02,2,14,even,13,4,bd963e393f00bdb8
action_dit_adaln_norm1,1c02,2,15,odd,13,4,be8ebe03be1c3d0f
action_dit_adaln_norm1,1c02,2,0,even,14,4,be3e3f1bbedbbecb
action_dit_adaln_norm1,1c02,2,1,odd,14,4,bdc0bd1bbef1be68
action_dit_adaln_norm1,1c02,2,2,even,14,4,3eb4be88bf803dc9
action_dit_adaln_norm1,1c02,2,3,odd,14,4,bed63b203e2dbe59
action_dit_adaln_norm1,1c02,2,4,even,14,4,bda4be803eb6be08
action_dit_adaln_norm1,1c02,2,5,odd,14,4,3e393e2abd403d84
action_dit_adaln_norm1,1c02,2,6,even,14,4,3f0cbea5be9dbe80
action_dit_adaln_norm1,1c02,2,7,odd,14,4,3eb03e7a3eee3e24
action_dit_adaln_norm1,1c02,2,8,even,14,4,3e893ebcbee63db2
action_dit_adaln_norm1,1c02,2,9,odd,14,4,bde0bc00be4d3f0a
action_dit_adaln_norm1,1c02,2,10,even,14,4,bea23dc43eb0bda0
action_dit_adaln_norm1,1c02,2,11,odd,14,4,bc603ecc3dd1bdec
action_dit_adaln_norm1,1c02,2,12,even,14,4,bcc8bebabedabec9
action_dit_adaln_norm1,1c02,2,13,odd,14,4,3dedbed7bd9a3e9c
action_dit_adaln_norm1,1c02,2,14,even,14,4,bb003e3c3e2a3e51
action_dit_adaln_norm1,1c02,2,15,odd,14,4,3e543ac0bdc43ecf
action_dit_adaln_norm1,1c02,2,0,even,15,4,3e93bd903e95bc48
action_dit_adaln_norm1,1c02,2,1,odd,15,4,be423e413ddcbe90
action_dit_adaln_norm1,1c02,2,2,even,15,4,3eba3d8ebd0dbd93
action_dit_adaln_norm1,1c02,2,3,odd,15,4,3ea43e593ef6bea6
action_dit_adaln_norm1,1c02,2,4,even,15,4,3eacbed6bc803d2c
action_dit_adaln_norm1,1c02,2,5,odd,15,4,3d533e5fbe7f3eb2
action_dit_adaln_norm1,1c02,2,6,even,15,4,3d0abe30be1c3e0f
action_dit_adaln_norm1,1c02,2,7,odd,15,4,bdb6be3ebf613d38
action_dit_adaln_norm1,1c02,2,8,even,15,4,3ef2be003ef03e02
action_dit_adaln_norm1,1c02,2,9,odd,15,4,3e56be5abf0abd88
action_dit_adaln_norm1,1c02,2,10,even,15,4,3ef8be02bc203dc9
action_dit_adaln_norm1,1c02,2,11,odd,15,4,be16bdec3dfa3ed9
action_dit_adaln_norm1,1c02,2,12,even,15,4,3e943f2dbea83ee1
action_dit_adaln_norm1,1c02,2,13,odd,15,4,3f14bcf2be3ebe5b
action_dit_adaln_norm1,1c02,2,14,even,15,4,3e1cbe8abece3e53
action_dit_adaln_norm1,1c02,2,15,odd,15,4,3dddbf1c3d80be9e
action_dit_adaln_norm1,1c02,2,0,even,16,4,bd6ebbe0bd843f1f
action_dit_adaln_norm1,1c02,2,1,odd,16,4,3dcd3c00bf70bee2
action_dit_adaln_norm1,1c02,2,2,even,16,4,3e753ee7bd8dbcb4
action_dit_adaln_norm1,1c02,2,3,odd,16,4,3d923e23bc183ed9
action_dit_adaln_norm1,1c02,2,4,even,16,4,3db63e2e3e7abe99
action_dit_adaln_norm1,1c02,2,5,odd,16,4,be2bbe8bbd30be89
action_dit_adaln_norm1,1c02,2,6,even,16,4,bed03e943e52bd10
action_dit_adaln_norm1,1c02,2,7,odd,16,4,be8bbf38bd463c40
action_dit_adaln_norm1,1c02,2,8,even,16,4,bf0b3d823d94bd26
action_dit_adaln_norm1,1c02,2,9,odd,16,4,be67bd8abe073f1c
action_dit_adaln_norm1,1c02,2,10,even,16,4,3efa3f0e3e003d20
action_dit_adaln_norm1,1c02,2,11,odd,16,4,bea2be26bf3d3ea1
action_dit_adaln_norm1,1c02,2,12,even,16,4,3d64be16bf12bea4
action_dit_adaln_norm1,1c02,2,13,odd,16,4,3e84be22be05be64
action_dit_adaln_norm1,1c02,2,14,even,16,4,3d18be723dc83efc
action_dit_adaln_norm1,1c02,2,15,odd,16,4,bea83e0b3f14bf0d
action_dit_adaln_norm1,1c02,2,0,even,17,4,be383f26bdec3ee6
action_dit_adaln_norm1,1c02,2,1,odd,17,4,3f5e3eab3ce0be6e
action_dit_adaln_norm1,1c02,2,2,even,17,4,3e42bed23ea83da8
action_dit_adaln_norm1,1c02,2,3,odd,17,4,3eea3e693cb4bedb
action_dit_adaln_norm1,1c02,2,4,even,17,4,3f153e69bedc3dc2
action_dit_adaln_norm1,1c02,2,5,odd,17,4,3e77bddcbe04bf1c
action_dit_adaln_norm1,1c02,2,6,even,17,4,bc60be8b3d70beb3
action_dit_adaln_norm1,1c02,2,7,odd,17,4,3f643db4bee33e84
action_dit_adaln_norm1,1c02,2,8,even,17,4,3ebebe073e89bd04
action_dit_adaln_norm1,1c02,2,9,odd,17,4,3efd3e74bd3cbd12
action_dit_adaln_norm1,1c02,2,10,even,17,4,be763f0cbc94bf08
action_dit_adaln_norm1,1c02,2,11,odd,17,4,beb33e67bcb0bea3
action_dit_adaln_norm1,1c02,2,12,even,17,4,3e5abf4ebed43d30
action_dit_adaln_norm1,1c02,2,13,odd,17,4,3e9c3e82bb903e5b
action_dit_adaln_norm1,1c02,2,14,even,17,4,bcc03e643e04bd1d
action_dit_adaln_norm1,1c02,2,15,odd,17,4,3ee93d96be9d3eb4
action_dit_adaln_norm1,1c02,2,0,even,18,4,3efa3c16bd323e8e
action_dit_adaln_norm1,1c02,2,1,odd,18,4,be6e3eccbea4bea9
action_dit_adaln_norm1,1c02,2,2,even,18,4,be80bec73e24be78
action_dit_adaln_norm1,1c02,2,3,odd,18,4,bed0bebdbcb83ed7
action_dit_adaln_norm1,1c02,2,4,even,18,4,be94beedbea83d8d
action_dit_adaln_norm1,1c02,2,5,odd,18,4,3e22bec23ef63d0e
action_dit_adaln_norm1,1c02,2,6,even,18,4,3f583e50bc70bdcc
action_dit_adaln_norm1,1c02,2,7,odd,18,4,3eb1be63bdccbd62
action_dit_adaln_norm1,1c02,2,8,even,18,4,3f00be0c3f1cbf05
action_dit_adaln_norm1,1c02,2,9,odd,18,4,bda53d40be933ee8
action_dit_adaln_norm1,1c02,2,10,even,18,4,be433ea5bda9bad4
action_dit_adaln_norm1,1c02,2,11,odd,18,4,3ebb3f643ef43eba
action_dit_adaln_norm1,1c02,2,12,even,18,4,3e343f08be77bcb0
action_dit_adaln_norm1,1c02,2,13,odd,18,4,3dcd3ee6bed5bdfc
action_dit_adaln_norm1,1c02,2,14,even,18,4,3ea03e20bed5bec6
action_dit_adaln_norm1,1c02,2,15,odd,18,4,3e3f3d703d703e34
action_dit_adaln_norm1,1c02,2,0,even,19,4,bcb63e193f163eb7
action_dit_adaln_norm1,1c02,2,1,odd,19,4,3ef0bde53f143f67
action_dit_adaln_norm1,1c02,2,2,even,19,4,3ed53ea2be623eca
action_dit_adaln_norm1,1c02,2,3,odd,19,4,3ec5be91bea83e0e
action_dit_adaln_norm1,1c02,2,4,even,19,4,bd30be88beac3ea2
action_dit_adaln_norm1,1c02,2,5,odd,19,4,3f06bb003d00bea4
action_dit_adaln_norm1,1c02,2,6,even,19,4,bd20bf063d5c3dfc
action_dit_adaln_norm1,1c02,2,7,odd,19,4,3e7ebcb43e983f21
action_dit_adaln_norm1,1c02,2,8,even,19,4,3ddc3e87bd96be8e
action_dit_adaln_norm1,1c02,2,9,odd,19,4,3d9a3dca3e1cbf07
action_dit_adaln_norm1,1c02,2,10,even,19,4,3cf43df0beac3e78
action_dit_adaln_norm1,1c02,2,11,odd,19,4,be62bdbc3ecc3f0c
action_dit_adaln_norm1,1c02,2,12,even,19,4,3d403e043e67bdaf
action_dit_adaln_norm1,1c02,2,13,odd,19,4,bd8d3d9c3ea9be9e
action_dit_adaln_norm1,1c02,2,14,even,19,4,bc98bc10beb0be90
action_dit_adaln_norm1,1c02,2,15,odd,19,4,3e703ddf3ca8be12
action_dit_adaln_norm1,1c02,2,0,even,20,4,be773f00bee03e86
action_dit_adaln_norm1,1c02,2,1,odd,20,4,3e08bed43dbfbdc8
action_dit_adaln_norm1,1c02,2,2,even,20,4,be03bf08be443d48
action_dit_adaln_norm1,1c02,2,3,odd,20,4,3d843e3fbe843eed
action_dit_adaln_norm1,1c02,2,4,even,20,4,bcf4be80bd503e34
action_dit_adaln_norm1,1c02,2,5,odd,20,4,bb003e9cbc60bee4
action_dit_adaln_norm1,1c02,2,6,even,20,4,bca6bf063c983eb4
action_dit_adaln_norm1,1c02,2,7,odd,20,4,3e3e3e4dbeb83da0
action_dit_adaln_norm1,1c02,2,8,even,20,4,3df83ea23e13bc28
action_dit_adaln_norm1,1c02,2,9,odd,20,4,3ce03e08bef63e2f
action_dit_adaln_norm1,1c02,2,10,even,20,4,be283e173de8bee2
action_dit_adaln_norm1,1c02,2,11,odd,20,4,bde6ba803e2e3efa
action_dit_adaln_norm1,1c02,2,12,even,20,4,3e99be18bdd8bd7c
action_dit_adaln_norm1,1c02,2,13,odd,20,4,bee4be823cac3d94
action_dit_adaln_norm1,1c02,2,14,even,20,4,3d22bef03ec13e92
action_dit_adaln_norm1,1c02,2,15,odd,20,4,be8cbcfc3e183ec0
action_dit_adaln_norm1,1c02,2,0,even,21,4,3f343d443edabd79
action_dit_adaln_norm1,1c02,2,1,odd,21,4,be993d703e613e07
action_dit_adaln_norm1,1c02,2,2,even,21,4,3f223e82beb63ef4
action_dit_adaln_norm1,1c02,2,3,odd,21,4,bee33ee5be85bea9
action_dit_adaln_norm1,1c02,2,4,even,21,4,3c5cbf21bef43d82
action_dit_adaln_norm1,1c02,2,5,odd,21,4,bd203ebebd6dbef6
action_dit_adaln_norm1,1c02,2,6,even,21,4,3f05be16be80be68
action_dit_adaln_norm1,1c02,2,7,odd,21,4,3e58bf03bd943e10
action_dit_adaln_norm1,1c02,2,8,even,21,4,3e843f143e583ed2
action_dit_adaln_norm1,1c02,2,9,odd,21,4,bf0ebf10bd21bf7a
action_dit_adaln_norm1,1c02,2,10,even,21,4,3f3f3b9ebe84be9f
action_dit_adaln_norm1,1c02,2,11,odd,21,4,3eca3eecbd0cbdaa
action_dit_adaln_norm1,1c02,2,12,even,21,4,bf163b50be22bd92
action_dit_adaln_norm1,1c02,2,13,odd,21,4,3da8bdc83e003e77
action_dit_adaln_norm1,1c02,2,14,even,21,4,3eecbebcbe0c3e8e
action_dit_adaln_norm1,1c02,2,15,odd,21,4,be6a3ed43de3bedc
action_dit_adaln_norm1,1c02,2,0,even,22,4,3e803eddbe723d04
action_dit_adaln_norm1,1c02,2,1,odd,22,4,3dec3e8e3ed13ba0
action_dit_adaln_norm1,1c02,2,2,even,22,4,bc50bedfbf1c3e60
action_dit_adaln_norm1,1c02,2,3,odd,22,4,bef1bf27be36be9a
action_dit_adaln_norm1,1c02,2,4,even,22,4,bed63e853e5e3e97
action_dit_adaln_norm1,1c02,2,5,odd,22,4,3e9cbf0cbf423e24
action_dit_adaln_norm1,1c02,2,6,even,22,4,3ecebe1c3b90bbfb
action_dit_adaln_norm1,1c02,2,7,odd,22,4,be843e583e373e11
action_dit_adaln_norm1,1c02,2,8,even,22,4,3e9abedebe4cbe88
action_dit_adaln_norm1,1c02,2,9,odd,22,4,3ea83e23be71be6a
action_dit_adaln_norm1,1c02,2,10,even,22,4,bf0ebec43e903e50
action_dit_adaln_norm1,1c02,2,11,odd,22,4,3eb23e733b00bf0e
action_dit_adaln_norm1,1c02,2,12,even,22,4,bda23e323f0c3de2
action_dit_adaln_norm1,1c02,2,13,odd,22,4,3e313ec0bed13e4b
action_dit_adaln_norm1,1c02,2,14,even,22,4,be933d783e923c74
action_dit_adaln_norm1,1c02,2,15,odd,22,4,bef5bf04be7c3d64
action_dit_adaln_norm1,1c02,2,0,even,23,4,be613e8fbe9ebd23
action_dit_adaln_norm1,1c02,2,1,odd,23,4,3f323c81bce83e1c
action_dit_adaln_norm1,1c02,2,2,even,23,4,bf1c3e863d983d9d
action_dit_adaln_norm1,1c02,2,3,odd,23,4,bf1fbe12be0abe23
action_dit_adaln_norm1,1c02,2,4,even,23,4,3e7f3eb23e9dbe63
action_dit_adaln_norm1,1c02,2,5,odd,23,4,bec7bf2a3f06bea2
action_dit_adaln_norm1,1c02,2,6,even,23,4,beb8be78bec4beec
action_dit_adaln_norm1,1c02,2,7,odd,23,4,3d44be6abba0bddb
action_dit_adaln_norm1,1c02,2,8,even,23,4,becf3eca3edfbda3
action_dit_adaln_norm1,1c02,2,9,odd,23,4,be823e1dbdf3beda
action_dit_adaln_norm1,1c02,2,10,even,23,4,3ee1be203ebfbdc2
action_dit_adaln_norm1,1c02,2,11,odd,23,4,3e183e3ebe6cbe19
action_dit_adaln_norm1,1c02,2,12,even,23,4,3e333f063ea83ca9
action_dit_adaln_norm1,1c02,2,13,odd,23,4,bf703e90bec93eea
action_dit_adaln_norm1,1c02,2,14,even,23,4,beacbe273e483e3e
action_dit_adaln_norm1,1c02,2,15,odd,23,4,bdecbd9ebda7beb9
action_dit_adaln_norm1,1c03,3,0,even,0,4,3f053ec5be02bcac
action_dit_adaln_norm1,1c03,3,1,odd,0,4,be893f173eac3ecf
action_dit_adaln_norm1,1c03,3,2,even,0,4,befa3e81be9abf06
action_dit_adaln_norm1,1c03,3,3,odd,0,4,3e5ebe183e53be4a
action_dit_adaln_norm1,1c03,3,4,even,0,4,be8fbde8bed4be7d
action_dit_adaln_norm1,1c03,3,5,odd,0,4,3e0f3e813e75bebd
action_dit_adaln_norm1,1c03,3,6,even,0,4,3a80bdcc3e503f41
action_dit_adaln_norm1,1c03,3,7,odd,0,4,be2abe923ed4bed6
action_dit_adaln_norm1,1c03,3,8,even,0,4,bdce3ded3ed63e4b
action_dit_adaln_norm1,1c03,3,9,odd,0,4,3ebc3d0c3f5ebb00
action_dit_adaln_norm1,1c03,3,10,even,0,4,3e5ebe3a3e0bbed4
action_dit_adaln_norm1,1c03,3,11,odd,0,4,bd5cbcb43ea2bc98
action_dit_adaln_norm1,1c03,3,12,even,0,4,3d103f54bc903e8a
action_dit_adaln_norm1,1c03,3,13,odd,0,4,be153f72be953e22
action_dit_adaln_norm1,1c03,3,14,even,0,4,bf7ebb803d543d68
action_dit_adaln_norm1,1c03,3,15,odd,0,4,beb03e93bee63e61
action_dit_adaln_norm1,1c03,3,0,even,1,4,bf0abcc6be12bf01
action_dit_adaln_norm1,1c03,3,1,odd,1,4,be823e2dbc343e0c
action_dit_adaln_norm1,1c03,3,2,even,1,4,be18bd1e3d573e1c
action_dit_adaln_norm1,1c03,3,3,odd,1,4,bea63e9dbe28be31
action_dit_adaln_norm1,1c03,3,4,even,1,4,3e5abde1bebe3d54
action_dit_adaln_norm1,1c03,3,5,odd,1,4,3ef6bd2f3d82bd66
action_dit_adaln_norm1,1c03,3,6,even,1,4,3e82be69be1cbf06
action_dit_adaln_norm1,1c03,3,7,odd,1,4,bd7abdd0bec43e60
action_dit_adaln_norm1,1c03,3,8,even,1,4,bcc83edabe24be92
action_dit_adaln_norm1,1c03,3,9,odd,1,4,3e223e393e883ea9
action_dit_adaln_norm1,1c03,3,10,even,1,4,beb23eaabebebe08
action_dit_adaln_norm1,1c03,3,11,odd,1,4,bf023ed9bea2bee3
action_dit_adaln_norm1,1c03,3,12,even,1,4,be06be8dbd303dc2
action_dit_adaln_norm1,1c03,3,13,odd,1,4,befbbdc1be913e4e
action_dit_adaln_norm1,1c03,3,14,even,1,4,bf02be863cb0bd80
action_dit_adaln_norm1,1c03,3,15,odd,1,4,be6c3e68be2a3e11
action_dit_adaln_norm1,1c03,3,0,even,2,4,be143e223e803ea7
action_dit_adaln_norm1,1c03,3,1,odd,2,4,be6ebebebeaebe3e
action_dit_adaln_norm1,1c03,3,2,even,2,4,bbe0be833e80beee
action_dit_adaln_norm1,1c03,3,3,odd,2,4,3d4d3ea3be6b3eb8
action_dit_adaln_norm1,1c03,3,4,even,2,4,3ef6be543e4e3ea2
action_dit_adaln_norm1,1c03,3,5,odd,2,4,3c70bd403e043f5f
action_dit_adaln_norm1,1c03,3,6,even,2,4,bec43e633d8a3db0
action_dit_adaln_norm1,1c03,3,7,odd,2,4,be483df4bdd4be53
action_dit_adaln_norm1,1c03,3,8,even,2,4,3bc8be0f3e233e71
action_dit_adaln_norm1,1c03,3,9,odd,2,4,3f083e343ca4be28
action_dit_adaln_norm1,1c03,3,10,even,2,4,bf5dbe103e92bce0
action_dit_adaln_norm1,1c03,3,11,odd,2,4,3f133da6be903ef2
action_dit_adaln_norm1,1c03,3,12,even,2,4,bdbebec93f2abede
action_dit_adaln_norm1,1c03,3,13,odd,2,4,3ed5bec2bf01bf15
action_dit_adaln_norm1,1c03,3,14,even,2,4,3eaa3dcc3e9abf1a
action_dit_adaln_norm1,1c03,3,15,odd,2,4,3e39bedebda63f26
action_dit_adaln_norm1,1c03,3,0,even,3,4,3d3ebcec3e783ea2
action_dit_adaln_norm1,1c03,3,1,odd,3,4,3ee13d7cbea5be16
action_dit_adaln_norm1,1c03,3,2,even,3,4,bdf43eb4bedcbda2
action_dit_adaln_norm1,1c03,3,3,odd,3,4,3ee23e743d9abce0
action_dit_adaln_norm1,1c03,3,4,even,3,4,bf203e1fbe373d7c
action_dit_adaln_norm1,1c03,3,5,odd,3,4,3de33e95bd8c3e75
action_dit_adaln_norm1,1c03,3,6,even,3,4,3dd3bf2ebe0a3d40
action_dit_adaln_norm1,1c03,3,7,odd,3,4,3da03ef0bd953e4d
action_dit_adaln_norm1,1c03,3,8,even,3,4,becebea5bf033e95
action_dit_adaln_norm1,1c03,3,9,odd,3,4,beabbd603d8b3f24
action_dit_adaln_norm1,1c03,3,10,even,3,4,3b00be0f3c463e64
action_dit_adaln_norm1,1c03,3,11,odd,3,4,3e863dde3f0d3ea5
action_dit_adaln_norm1,1c03,3,12,even,3,4,be7f3e993e5b3e28
action_dit_adaln_norm1,1c03,3,13,odd,3,4,bef6bee23e06bf34
action_dit_adaln_norm1,1c03,3,14,even,3,4,3edebe493eee3e8e
action_dit_adaln_norm1,1c03,3,15,odd,3,4,bf023e88bf083e4c
action_dit_adaln_norm1,1c03,3,0,even,4,4,3edc3e8b3e9e3dc1
action_dit_adaln_norm1,1c03,3,1,odd,4,4,bed7be30bd9fbd42
action_dit_adaln_norm1,1c03,3,2,even,4,4,bf1c3ece3f06be04
action_dit_adaln_norm1,1c03,3,3,odd,4,4,3e5dbde9bd9b3d98
action_dit_adaln_norm1,1c03,3,4,even,4,4,bdd23e69bdb9bf35
action_dit_adaln_norm1,1c03,3,5,odd,4,4,3eb63e113f0cbe3d
action_dit_adaln_norm1,1c03,3,6,even,4,4,3eb03d82be803ddc
action_dit_adaln_norm1,1c03,3,7,odd,4,4,bed0bc4cbe183dde
action_dit_adaln_norm1,1c03,3,8,even,4,4,be993e3dbeb8be92
action_dit_adaln_norm1,1c03,3,9,odd,4,4,bd9fbe5dbe8dbe7a
action_dit_adaln_norm1,1c03,3,10,even,4,4,3ee0be82befa3e55
action_dit_adaln_norm1,1c03,3,11,odd,4,4,bd913e28bede3ed3
action_dit_adaln_norm1,1c03,3,12,even,4,4,3e233ed83e4cbe7d
action_dit_adaln_norm1,1c03,3,13,odd,4,4,be0c3d003e94bde3
action_dit_adaln_norm1,1c03,3,14,even,4,4,bf803e963e0cbee0
action_dit_adaln_norm1,1c03,3,15,odd,4,4,be1bbbc6bea7be12
action_dit_adaln_norm1,1c03,3,0,even,5,4,3e8ebf183d6ebe79
action_dit_adaln_norm1,1c03,3,1,odd,5,4,3f093d933f07bf2c
action_dit_adaln_norm1,1c03,3,2,even,5,4,bee6bd303ea63ece
action_dit_adaln_norm1,1c03,3,3,odd,5,4,3d683e30bf0ebf00
action_dit_adaln_norm1,1c03,3,4,even,5,4,bcb0bcc03f32bed6
action_dit_adaln_norm1,1c03,3,5,odd,5,4,bdf53be0bf26bed7
action_dit_adaln_norm1,1c03,3,6,even,5,4,3e3abc963f04bddc
action_dit_adaln_norm1,1c03,3,7,odd,5,4,3e063f343e5cbd06
action_dit_adaln_norm1,1c03,3,8,even,5,4,3eb33ed7be0bbebc
action_dit_adaln_norm1,1c03,3,9,odd,5,4,3f28bda7bdd63d9c
action_dit_adaln_norm1,1c03,3,10,even,5,4,3ead3eecbf49be81
action_dit_adaln_norm1,1c03,3,11,odd,5,4,be823e51bf0cbe59
action_dit_adaln_norm1,1c03,3,12,even,5,4,bdb43e503f1d3e41
action_dit_adaln_norm1,1c03,3,13,odd,5,4,bdf8be893e523ef2
action_dit_adaln_norm1,1c03,3,14,even,5,4,3e64bedebe98bd5c
action_dit_adaln_norm1,1c03,3,15,odd,5,4,3db8be99bdc03e35
action_dit_adaln_norm1,1c03,3,0,even,6,4,3f00beccbd673ea0
action_dit_adaln_norm1,1c03,3,1,odd,6,4,3e68be5c3ebc3d20
action_dit_adaln_norm1,1c03,3,2,even,6,4,3efa3e5c3d9abe80
action_dit_adaln_norm1,1c03,3,3,odd,6,4,3e473eac3d383e66
action_dit_adaln_norm1,1c03,3,4,even,6,4,bdbcbdfe3e87bcf6
action_dit_adaln_norm1,1c03,3,5,odd,6,4,be16be88bd11be85
action_dit_adaln_norm1,1c03,3,6,even,6,4,bdc0bcf0bf2ebda7
action_dit_adaln_norm1,1c03,3,7,odd,6,4,3cc8bdadbe163e93
action_dit_adaln_norm1,1c03,3,8,even,6,4,bef8bce03e113dca
action_dit_adaln_norm1,1c03,3,9,odd,6,4,bdea3d48be3fbdd7
action_dit_adaln_norm1,1c03,3,10,even,6,4,befe3ed23d22bdca
action_dit_adaln_norm1,1c03,3,11,odd,6,4,3cc0bf283ed53e1f
action_dit_adaln_norm1,1c03,3,12,even,6,4,bdfebe12befe3e31
action_dit_adaln_norm1,1c03,3,13,odd,6,4,3db6be3e3c30be77
action_dit_adaln_norm1,1c03,3,14,even,6,4,3f243e733ee83d88
action_dit_adaln_norm1,1c03,3,15,odd,6,4,3d873c9cbe893eb3
action_dit_adaln_norm1,1c03,3,0,even,7,4,be863e283c053e1e
action_dit_adaln_norm1,1c03,3,1,odd,7,4,be723ea13e663e8e
action_dit_adaln_norm1,1c03,3,2,even,7,4,3cf83ea7bea7bf09
action_dit_adaln_norm1,1c03,3,3,odd,7,4,be0dbeb9bf083e53
action_dit_adaln_norm1,1c03,3,4,even,7,4,be5cbe36bf18bebf
action_dit_adaln_norm1,1c03,3,5,odd,7,4,bf2ebea3be8f3d80
action_dit_adaln_norm1,1c03,3,6,even,7,4,3e5f3e183eadbe20
action_dit_adaln_norm1,1c03,3,7,odd,7,4,bd4c3e9c3ce2beec
action_dit_adaln_norm1,1c03,3,8,even,7,4,be42bea13f0ebedc
action_dit_adaln_norm1,1c03,3,9,odd,7,4,be0f3e803e9dbc34
action_dit_adaln_norm1,1c03,3,10,even,7,4,beb73ea73e143ef4
action_dit_adaln_norm1,1c03,3,11,odd,7,4,3cd03e2e3d92be2a
action_dit_adaln_norm1,1c03,3,12,even,7,4,3e41be683e4cbd38
action_dit_adaln_norm1,1c03,3,13,odd,7,4,3da8be02bee0bd3c
action_dit_adaln_norm1,1c03,3,14,even,7,4,3ee2bf02be71be1c
action_dit_adaln_norm1,1c03,3,15,odd,7,4,3d42be9dbdc5bf24
action_dit_adaln_norm1,1c03,3,0,even,8,4,3da2bc3cbe5fbdea
action_dit_adaln_norm1,1c03,3,1,odd,8,4,3ebdbf5a3e0dbdf5
action_dit_adaln_norm1,1c03,3,2,even,8,4,be00bf053df63dd1
action_dit_adaln_norm1,1c03,3,3,odd,8,4,bf53bf60be863f45
action_dit_adaln_norm1,1c03,3,4,even,8,4,3f38be7fbcf4be8b
action_dit_adaln_norm1,1c03,3,5,odd,8,4,3efabe86be253d94
action_dit_adaln_norm1,1c03,3,6,even,8,4,3e3d3cf0bf0cbd84
action_dit_adaln_norm1,1c03,3,7,odd,8,4,bc403e400000bee1
action_dit_adaln_norm1,1c03,3,8,even,8,4,3e203ecbbf05bf4c
action_dit_adaln_norm1,1c03,3,9,odd,8,4,bd0a3d3e3e72bcf0
action_dit_adaln_norm1,1c03,3,10,even,8,4,be953ee2bf3cbe06
action_dit_adaln_norm1,1c03,3,11,odd,8,4,bda8be24bf0abeb2
action_dit_adaln_norm1,1c03,3,12,even,8,4,3e053c183f02bf19
action_dit_adaln_norm1,1c03,3,13,odd,8,4,3ec43d9a3efb3e8e
action_dit_adaln_norm1,1c03,3,14,even,8,4,bd243b00bef83f22
action_dit_adaln_norm1,1c03,3,15,odd,8,4,3f04bd683e33ba00
action_dit_adaln_norm1,1c03,3,0,even,9,4,be933df93f0ebdc3
action_dit_adaln_norm1,1c03,3,1,odd,9,4,bea03e7dbe833eab
action_dit_adaln_norm1,1c03,3,2,even,9,4,3e1d3d06bebebe85
action_dit_adaln_norm1,1c03,3,3,odd,9,4,3c88bd883eaebd98
action_dit_adaln_norm1,1c03,3,4,even,9,4,be28bcc4beed3e2d
action_dit_adaln_norm1,1c03,3,5,odd,9,4,3ec5bd5e3f15bca6
action_dit_adaln_norm1,1c03,3,6,even,9,4,bec53ed43dd13df4
action_dit_adaln_norm1,1c03,3,7,odd,9,4,3de2beee3e72bea2
action_dit_adaln_norm1,1c03,3,8,even,9,4,3dc83ef5be65be9f
action_dit_adaln_norm1,1c03,3,9,odd,9,4,3e26be54bde2bf22
action_dit_adaln_norm1,1c03,3,10,even,9,4,3e7a3e413e863f11
action_dit_adaln_norm1,1c03,3,11,odd,9,4,bf043ec23f03be3a
action_dit_adaln_norm1,1c03,3,12,even,9,4,3e343e7fbe91bef2
action_dit_adaln_norm1,1c03,3,13,odd,9,4,bed23e733e78bedf
action_dit_adaln_norm1,1c03,3,14,even,9,4,be91bde4be4dbe28
action_dit_adaln_norm1,1c03,3,15,odd,9,4,3d503f2ebe1d3d17
action_dit_adaln_norm1,1c03,3,0,even,10,4,3e10bd64bedc3e2e
action_dit_adaln_norm1,1c03,3,1,odd,10,4,be8b3f103ea23f05
action_dit_adaln_norm1,1c03,3,2,even,10,4,3d3d3e743ee1bd60
action_dit_adaln_norm1,1c03,3,3,odd,10,4,bc883d2cbdde3e84
action_dit_adaln_norm1,1c03,3,4,even,10,4,3e25bc703eb2bf78
action_dit_adaln_norm1,1c03,3,5,odd,10,4,bc68bef83ecc3d87
action_dit_adaln_norm1,1c03,3,6,even,10,4,3d263e113f383da0
action_dit_adaln_norm1,1c03,3,7,odd,10,4,bdb4bebcbdaf3e96
action_dit_adaln_norm1,1c03,3,8,even,10,4,3f203eb03ed63e77
action_dit_adaln_norm1,1c03,3,9,odd,10,4,3e463e243f303e4a
action_dit_adaln_norm1,1c03,3,10,even,10,4,3e50bd68bdb8be00
action_dit_adaln_norm1,1c03,3,11,odd,10,4,be913f343ed13d18
action_dit_adaln_norm1,1c03,3,12,even,10,4,3ed13f06bedfbe77
action_dit_adaln_norm1,1c03,3,13,odd,10,4,3d843e753db43eb8
action_dit_adaln_norm1,1c03,3,14,even,10,4,3e473ebcbef8be99
action_dit_adaln_norm1,1c03,3,15,odd,10,4,3e843f0cbe12bea8
action_dit_adaln_norm1,1c03,3,0,even,11,4,3de33d72be283e82
action_dit_adaln_norm1,1c03,3,1,odd,11,4,3eaa3d18bf2ebe15
action_dit_adaln_norm1,1c03,3,2,even,11,4,be903ead3c603c90
action_dit_adaln_norm1,1c03,3,3,odd,11,4,3de4bdbc3e91beb0
action_dit_adaln_norm1,1c03,3,4,even,11,4,3ef3bea4bdcebeb8
action_dit_adaln_norm1,1c03,3,5,odd,11,4,3e343da73f213ecb
action_dit_adaln_norm1,1c03,3,6,even,11,4,bde93da8bdbf3ea7
action_dit_adaln_norm1,1c03,3,7,odd,11,4,3ee03e3a3e59be73
action_dit_adaln_norm1,1c03,3,8,even,11,4,be563e95bbc03e11
action_dit_adaln_norm1,1c03,3,9,odd,11,4,3e42bd7ebd5cbee3
action_dit_adaln_norm1,1c03,3,10,even,11,4,bea53e2cbf063eb6
action_dit_adaln_norm1,1c03,3,11,odd,11,4,3f16bed03edb3e59
action_dit_adaln_norm1,1c03,3,12,even,11,4,3f4dbf343e8fbef6
action_dit_adaln_norm1,1c03,3,13,odd,11,4,3e2a3de73dfabe27
action_dit_adaln_norm1,1c03,3,14,even,11,4,be64bcf83eba3e5e
action_dit_adaln_norm1,1c03,3,15,odd,11,4,bd18bd803de03e16
action_dit_adaln_norm1,1c03,3,0,even,12,4,bf073dabbee43c80
action_dit_adaln_norm1,1c03,3,1,odd,12,4,3eccbec1be4cbdb0
action_dit_adaln_norm1,1c03,3,2,even,12,4,bf1abe34bf1f3dc6
action_dit_adaln_norm1,1c03,3,3,odd,12,4,bdf1bf53be963e13
action_dit_adaln_norm1,1c03,3,4,even,12,4,3f163eaabf363f32
action_dit_adaln_norm1,1c03,3,5,odd,12,4,beb0bdfebef03d2c
action_dit_adaln_norm1,1c03,3,6,even,12,4,bea2be06be063f1d
action_dit_adaln_norm1,1c03,3,7,odd,12,4,3e483dc0be053df0
action_dit_adaln_norm1,1c03,3,8,even,12,4,3ea4bf153e85be93
action_dit_adaln_norm1,1c03,3,9,odd,12,4,3d82beda3db6bd2c
action_dit_adaln_norm1,1c03,3,10,even,12,4,bd103ea2bd943de4
action_dit_adaln_norm1,1c03,3,11,odd,12,4,3e983daa3c943e48
action_dit_adaln_norm1,1c03,3,12,even,12,4,bf14be82bc88bc60
action_dit_adaln_norm1,1c03,3,13,odd,12,4,3e8d3e04be88be91
action_dit_adaln_norm1,1c03,3,14,even,12,4,3f08be0a3f0fbe4c
action_dit_adaln_norm1,1c03,3,15,odd,12,4,beaebda8bd583e3a
action_dit_adaln_norm1,1c03,3,0,even,13,4,3ea2bde43c803e67
action_dit_adaln_norm1,1c03,3,1,odd,13,4,3df3bd32bf1d3ebe
action_dit_adaln_norm1,1c03,3,2,even,13,4,bed1bf1abe443ea7
action_dit_adaln_norm1,1c03,3,3,odd,13,4,3ee63cd0be813f1b
action_dit_adaln_norm1,1c03,3,4,even,13,4,be203ed93dcdbd30
action_dit_adaln_norm1,1c03,3,5,odd,13,4,beab3e123eaabca0
action_dit_adaln_norm1,1c03,3,6,even,13,4,3e603e03be4f3e01
action_dit_adaln_norm1,1c03,3,7,odd,13,4,beb3be2abe54be28
action_dit_adaln_norm1,1c03,3,8,even,13,4,3deebe8abece3e96
action_dit_adaln_norm1,1c03,3,9,odd,13,4,bde83d90be72bd68
action_dit_adaln_norm1,1c03,3,10,even,13,4,3da83e233ea8be03
action_dit_adaln_norm1,1c03,3,11,odd,13,4,3ed83e563e663da7
action_dit_adaln_norm1,1c03,3,12,even,13,4,bd963e113d1bbef5
action_dit_adaln_norm1,1c03,3,13,odd,13,4,be3bbe40bf153e61
action_dit_adaln_norm1,1c03,3,14,even,13,4,bde0be063eb0bdaa
action_dit_adaln_norm1,1c03,3,15,odd,13,4,bec5beaebe22bcc8
action_dit_adaln_norm1,1c03,3,0,even,14,4,bdea3f18bf0abf30
action_dit_adaln_norm1,1c03,3,1,odd,14,4,3d02bd60be94be64
action_dit_adaln_norm1,1c03,3,2,even,14,4,3ebcbdaebee43e21
action_dit_adaln_norm1,1c03,3,3,odd,14,4,bf3c3e8d3e97befb
action_dit_adaln_norm1,1c03,3,4,even,14,4,bd02beb03f0bbecb
action_dit_adaln_norm1,1c03,3,5,odd,14,4,3e5c3c90bd283f18
action_dit_adaln_norm1,1c03,3,6,even,14,4,3f143e3ebe55bdb4
action_dit_adaln_norm1,1c03,3,7,odd,14,4,3eae3d343ebdbd88
action_dit_adaln_norm1,1c03,3,8,even,14,4,3e853eafbf04bd7c
action_dit_adaln_norm1,1c03,3,9,odd,14,4,be8d3ebabe343ef4
action_dit_adaln_norm1,1c03,3,10,even,14,4,3dca3ee93ecdbf48
action_dit_adaln_norm1,1c03,3,11,odd,14,4,bd453ef03e473e07
action_dit_adaln_norm1,1c03,3,12,even,14,4,3eb0be1dbe7dbef7
action_dit_adaln_norm1,1c03,3,13,odd,14,4,be0dbe8e3d9b3e5d
action_dit_adaln_norm1,1c03,3,14,even,14,4,be283df4bdb83e92
action_dit_adaln_norm1,1c03,3,15,odd,14,4,3ee6be67bea83f0f
action_dit_adaln_norm1,1c03,3,0,even,15,4,bc883e653f423c80
action_dit_adaln_norm1,1c03,3,1,odd,15,4,3e043e683cc83dbc
action_dit_adaln_norm1,1c03,3,2,even,15,4,3dd83dbbbe503dd0
action_dit_adaln_norm1,1c03,3,3,odd,15,4,3e733e063f1dbe0d
action_dit_adaln_norm1,1c03,3,4,even,15,4,3e11bf023dd0bdd2
action_dit_adaln_norm1,1c03,3,5,odd,15,4,3e8f3dbabe483e74
action_dit_adaln_norm1,1c03,3,6,even,15,4,3e883c08be10bba0
action_dit_adaln_norm1,1c03,3,7,odd,15,4,bee63eacbf803ede
action_dit_adaln_norm1,1c03,3,8,even,15,4,3e333d443d823e22
action_dit_adaln_norm1,1c03,3,9,odd,15,4,bdaebdebbedc3db6
action_dit_adaln_norm1,1c03,3,10,even,15,4,bde23e78be2bbe75
action_dit_adaln_norm1,1c03,3,11,odd,15,4,bd94bed43da5be6a
action_dit_adaln_norm1,1c03,3,12,even,15,4,3eda3f103e2c3dac
action_dit_adaln_norm1,1c03,3,13,odd,15,4,3efc3e903ec5be88
action_dit_adaln_norm1,1c03,3,14,even,15,4,be84be6e3bd4be72
action_dit_adaln_norm1,1c03,3,15,odd,15,4,3e80be8fbe14bdb2
action_dit_adaln_norm1,1c03,3,0,even,16,4,be00bda83d573f0c
action_dit_adaln_norm1,1c03,3,1,odd,16,4,be87bcd0bf6abe98
action_dit_adaln_norm1,1c03,3,2,even,16,4,3e583d323d56bd0c
action_dit_adaln_norm1,1c03,3,3,odd,16,4,3e923ef83d1c3f02
action_dit_adaln_norm1,1c03,3,4,even,16,4,3dddbdea3f0e3dba
action_dit_adaln_norm1,1c03,3,5,odd,16,4,3ef0be923d9dbd86
action_dit_adaln_norm1,1c03,3,6,even,16,4,bec8bdbb3d6c3d20
action_dit_adaln_norm1,1c03,3,7,odd,16,4,3e64bec23cb8be73
action_dit_adaln_norm1,1c03,3,8,even,16,4,be94be3abe59bec4
action_dit_adaln_norm1,1c03,3,9,odd,16,4,bd40bedabe813e68
action_dit_adaln_norm1,1c03,3,10,even,16,4,3e8c3ee03e8a3ea2
action_dit_adaln_norm1,1c03,3,11,odd,16,4,be74be8ebeffbc20
action_dit_adaln_norm1,1c03,3,12,even,16,4,3dcabe33be88be78
action_dit_adaln_norm1,1c03,3,13,odd,16,4,3e2bbe8cbea93da9
action_dit_adaln_norm1,1c03,3,14,even,16,4,bb40bee4bd9a3e81
action_dit_adaln_norm1,1c03,3,15,odd,16,4,beffbe883d02bed6
action_dit_adaln_norm1,1c03,3,0,even,17,4,be193f1dbbc03e9e
action_dit_adaln_norm1,1c03,3,1,odd,17,4,3f483d283e64bdf9
action_dit_adaln_norm1,1c03,3,2,even,17,4,3f1abec13ef6bec2
action_dit_adaln_norm1,1c03,3,3,odd,17,4,3e2b3ece3ce8bd96
action_dit_adaln_norm1,1c03,3,4,even,17,4,3e5e3eb0bdf83df3
action_dit_adaln_norm1,1c03,3,5,odd,17,4,3f26bdd4be02bebd
action_dit_adaln_norm1,1c03,3,6,even,17,4,bb80bf033e70be3b
action_dit_adaln_norm1,1c03,3,7,odd,17,4,3eeabe36be10be96
action_dit_adaln_norm1,1c03,3,8,even,17,4,3e4c3e023f083ce0
action_dit_adaln_norm1,1c03,3,9,odd,17,4,3e983e81bec6be53
action_dit_adaln_norm1,1c03,3,10,even,17,4,3dbc3f0c3edebea8
action_dit_adaln_norm1,1c03,3,11,odd,17,4,bee33e1f3e93beea
action_dit_adaln_norm1,1c03,3,12,even,17,4,3e4ebf6cbecc3d8c
action_dit_adaln_norm1,1c03,3,13,odd,17,4,3cc03e883c6cbd7b
action_dit_adaln_norm1,1c03,3,14,even,17,4,be8cbd2c3e0ebdad
action_dit_adaln_norm1,1c03,3,15,odd,17,4,3d93be36be353eec
action_dit_adaln_norm1,1c03,3,0,even,18,4,3d8e3dc23e4f3e29
action_dit_adaln_norm1,1c03,3,1,odd,18,4,3d723eacbee13be0
action_dit_adaln_norm1,1c03,3,2,even,18,4,be68beb2bd54bd24
action_dit_adaln_norm1,1c03,3,3,odd,18,4,bda2beddbe983f16
action_dit_adaln_norm1,1c03,3,4,even,18,4,3e89befebe3fbd5a
action_dit_adaln_norm1,1c03,3,5,odd,18,4,3eacbec63e8c3f18
action_dit_adaln_norm1,1c03,3,6,even,18,4,3ede3eab3ee8bebc
action_dit_adaln_norm1,1c03,3,7,odd,18,4,3ee53e0bbd51bd34
action_dit_adaln_norm1,1c03,3,8,even,18,4,3e68bd6c3cfcbeb4
action_dit_adaln_norm1,1c03,3,9,odd,18,4,3db63eb6be403f1d
action_dit_adaln_norm1,1c03,3,10,even,18,4,3e0e3eb63c743e63
action_dit_adaln_norm1,1c03,3,11,odd,18,4,bdce3f283ead3ed6
action_dit_adaln_norm1,1c03,3,12,even,18,4,be503f34be8abe6a
action_dit_adaln_norm1,1c03,3,13,odd,18,4,bd77bd40be913ee2
action_dit_adaln_norm1,1c03,3,14,even,18,4,bdd7bbc0bef7bf07
action_dit_adaln_norm1,1c03,3,15,odd,18,4,3debbdc7bcf83dde
action_dit_adaln_norm1,1c03,3,0,even,19,4,bf1c3e213e013ec1
action_dit_adaln_norm1,1c03,3,1,odd,19,4,3f20be8c3f203f34
action_dit_adaln_norm1,1c03,3,2,even,19,4,3e523e8ebe6d3eb1
action_dit_adaln_norm1,1c03,3,3,odd,19,4,3f163ce0beb63eab
action_dit_adaln_norm1,1c03,3,4,even,19,4,3e07be3dbe893e3d
action_dit_adaln_norm1,1c03,3,5,odd,19,4,3e8c3e56be11be41
action_dit_adaln_norm1,1c03,3,6,even,19,4,bc40bf03bd58bdc0
action_dit_adaln_norm1,1c03,3,7,odd,19,4,3ec8be28be443ee0
action_dit_adaln_norm1,1c03,3,8,even,19,4,3d80be5fbdee3e91
action_dit_adaln_norm1,1c03,3,9,odd,19,4,3e153ce43a80bed2
action_dit_adaln_norm1,1c03,3,10,even,19,4,bcf03ea1be603b80
action_dit_adaln_norm1,1c03,3,11,odd,19,4,bf1abd203e533f11
action_dit_adaln_norm1,1c03,3,12,even,19,4,be37be53beb6bcec
action_dit_adaln_norm1,1c03,3,13,odd,19,4,be363e753ef53e28
action_dit_adaln_norm1,1c03,3,14,even,19,4,be0b3b803e4ebe4a
action_dit_adaln_norm1,1c03,3,15,odd,19,4,3e25bd693eccbdf6
action_dit_adaln_norm1,1c03,3,0,even,20,4,bf003eca3d5c3e4b
action_dit_adaln_norm1,1c03,3,1,odd,20,4,be01beacbeb23b80
action_dit_adaln_norm1,1c03,3,2,even,20,4,3d30be5fbe0f3d8c
action_dit_adaln_norm1,1c03,3,3,odd,20,4,3c583eb7bdb03ecc
action_dit_adaln_norm1,1c03,3,4,even,20,4,bdfd3d08bd283c60
action_dit_adaln_norm1,1c03,3,5,odd,20,4,beab3f14be52be9f
action_dit_adaln_norm1,1c03,3,6,even,20,4,bdd6be243e76bd9a
action_dit_adaln_norm1,1c03,3,7,odd,20,4,3d6a3d34be973dc8
action_dit_adaln_norm1,1c03,3,8,even,20,4,3f103f0ebe143f30
action_dit_adaln_norm1,1c03,3,9,odd,20,4,3f10beb6bed93eab
action_dit_adaln_norm1,1c03,3,10,even,20,4,bd703cb4bd30bea9
action_dit_adaln_norm1,1c03,3,11,odd,20,4,beb4bd783e643f0f
action_dit_adaln_norm1,1c03,3,12,even,20,4,bd743e18bdd43d58
action_dit_adaln_norm1,1c03,3,13,odd,20,4,beb5bd043e9fbde0
action_dit_adaln_norm1,1c03,3,14,even,20,4,3e16be583da63e8b
action_dit_adaln_norm1,1c03,3,15,odd,20,4,bf21be583e953c72
action_dit_adaln_norm1,1c03,3,0,even,21,4,3eb4bea43e86be81
action_dit_adaln_norm1,1c03,3,1,odd,21,4,bd64bd9a3eb3be01
action_dit_adaln_norm1,1c03,3,2,even,21,4,3e803e603dcc3f0c
action_dit_adaln_norm1,1c03,3,3,odd,21,4,beb6be8fbe8dbe92
action_dit_adaln_norm1,1c03,3,4,even,21,4,bc40bee4be83be00
action_dit_adaln_norm1,1c03,3,5,odd,21,4,bf0c3e24bdd4be84
action_dit_adaln_norm1,1c03,3,6,even,21,4,3ed13e91bf20be80
action_dit_adaln_norm1,1c03,3,7,odd,21,4,3cc3bef8be723d64
action_dit_adaln_norm1,1c03,3,8,even,21,4,beac3f233e8b3e3e
action_dit_adaln_norm1,1c03,3,9,odd,21,4,be56be7d3dcdbf64
action_dit_adaln_norm1,1c03,3,10,even,21,4,3ed6bd88be9f3ca0
action_dit_adaln_norm1,1c03,3,11,odd,21,4,3ea93f1cbe49bd0a
action_dit_adaln_norm1,1c03,3,12,even,21,4,bebe3ebabc7cbe32
action_dit_adaln_norm1,1c03,3,13,odd,21,4,bdc63bc03e1d3e2a
action_dit_adaln_norm1,1c03,3,14,even,21,4,3eb6be9abd3a3e8a
action_dit_adaln_norm1,1c03,3,15,odd,21,4,be143f07bda8beec
action_dit_adaln_norm1,1c03,3,0,even,22,4,3ed63ec5be4dbd94
action_dit_adaln_norm1,1c03,3,1,odd,22,4,3d0c3ecb3e34bdf0
action_dit_adaln_norm1,1c03,3,2,even,22,4,be02be26be58bd10
action_dit_adaln_norm1,1c03,3,3,odd,22,4,beb9bf53bdffbe50
action_dit_adaln_norm1,1c03,3,4,even,22,4,beba3ee0be0ebe42
action_dit_adaln_norm1,1c03,3,5,odd,22,4,3cb0bec0bf19bde5
action_dit_adaln_norm1,1c03,3,6,even,22,4,3e393e813d95be98
action_dit_adaln_norm1,1c03,3,7,odd,22,4,3e0b3de63d10bd25
action_dit_adaln_norm1,1c03,3,8,even,22,4,3f05be36be4bbe96
action_dit_adaln_norm1,1c03,3,9,odd,22,4,bd5a3cd83d96be96
action_dit_adaln_norm1,1c03,3,10,even,22,4,bf2bbe8a3e083ec0
action_dit_adaln_norm1,1c03,3,11,odd,22,4,3d963e343f32be85
action_dit_adaln_norm1,1c03,3,12,even,22,4,beb13e6e3da63e16
action_dit_adaln_norm1,1c03,3,13,odd,22,4,3d5c3e82bf0c3f11
action_dit_adaln_norm1,1c03,3,14,even,22,4,be95be5e3e75bee4
action_dit_adaln_norm1,1c03,3,15,odd,22,4,bee3be3e3d40bd1c
action_dit_adaln_norm1,1c03,3,0,even,23,4,be803ebe3abc3d32
action_dit_adaln_norm1,1c03,3,1,odd,23,4,3f1e3e863ddd3e5f
action_dit_adaln_norm1,1c03,3,2,even,23,4,bef03e2cbe12bd34
action_dit_adaln_norm1,1c03,3,3,odd,23,4,bf01be823e10bcfa
action_dit_adaln_norm1,1c03,3,4,even,23,4,3e633ebc3e763dc2
action_dit_adaln_norm1,1c03,3,5,odd,23,4,be9bbf20bca0bd88
action_dit_adaln_norm1,1c03,3,6,even,23,4,bec7bec13d78bf3d
action_dit_adaln_norm1,1c03,3,7,odd,23,4,3ea3be2cbe66be51
action_dit_adaln_norm1,1c03,3,8,even,23,4,be193ea53e92beac
action_dit_adaln_norm1,1c03,3,9,odd,23,4,be1e3ee63debbede
action_dit_adaln_norm1,1c03,3,10,even,23,4,3f05bd163c783dd6
action_dit_adaln_norm1,1c03,3,11,odd,23,4,3e933e9bbe783e1d
action_dit_adaln_norm1,1c03,3,12,even,23,4,3d963f0c0000be94
action_dit_adaln_norm1,1c03,3,13,odd,23,4,bf543d60bec93e3b
action_dit_adaln_norm1,1c03,3,14,even,23,4,be623db13ed63ed3
action_dit_adaln_norm1,1c03,3,15,odd,23,4,3de4be6ebe34be4e
action_dit_adaln_norm1,1c04,4,0,even,0,4,3d263e01bec83e7a
action_dit_adaln_norm1,1c04,4,1,odd,0,4,be243ed83d983ea4
action_dit_adaln_norm1,1c04,4,2,even,0,4,bec43da0be98be32
action_dit_adaln_norm1,1c04,4,3,odd,0,4,be3ebe3cbe8ebe90
action_dit_adaln_norm1,1c04,4,4,even,0,4,bed83d94beafbd9c
action_dit_adaln_norm1,1c04,4,5,odd,0,4,bc5c3e2b3e86be4d
action_dit_adaln_norm1,1c04,4,6,even,0,4,3dfebf0a3e9b3f08
action_dit_adaln_norm1,1c04,4,7,odd,0,4,3e983e9a3e62bf2d
action_dit_adaln_norm1,1c04,4,8,even,0,4,bc8cbed13e103e5a
action_dit_adaln_norm1,1c04,4,9,odd,0,4,3e2c3cf83f643cb0
action_dit_adaln_norm1,1c04,4,10,even,0,4,be19be213ea3bf34
action_dit_adaln_norm1,1c04,4,11,odd,0,4,be943de63d68bdb6
action_dit_adaln_norm1,1c04,4,12,even,0,4,3d993ea73ec0bd89
action_dit_adaln_norm1,1c04,4,13,odd,0,4,bea63f97be823e8c
action_dit_adaln_norm1,1c04,4,14,even,0,4,bf07bdc03d383e82
action_dit_adaln_norm1,1c04,4,15,odd,0,4,bc8c3e8cbe583e64
action_dit_adaln_norm1,1c04,4,0,even,1,4,bf1ebe1a3d1ebedf
action_dit_adaln_norm1,1c04,4,1,odd,1,4,be1e3ea23e9a3e7f
action_dit_adaln_norm1,1c04,4,2,even,1,4,be1f3d303e0e3d20
action_dit_adaln_norm1,1c04,4,3,odd,1,4,be923cb0becabdcf
action_dit_adaln_norm1,1c04,4,4,even,1,4,3dc9bcafbeb3bdc4
action_dit_adaln_norm1,1c04,4,5,odd,1,4,3e98be943d8b3e2c
action_dit_adaln_norm1,1c04,4,6,even,1,4,3d96bd5c3e07bebe
action_dit_adaln_norm1,1c04,4,7,odd,1,4,3e3cbd78bdb03e98
action_dit_adaln_norm1,1c04,4,8,even,1,4,be1c3e99bea93de2
action_dit_adaln_norm1,1c04,4,9,odd,1,4,3ec93e3c3d883ea0
action_dit_adaln_norm1,1c04,4,10,even,1,4,bde33e2ebeeabe94
action_dit_adaln_norm1,1c04,4,11,odd,1,4,bf443ec2bf04be80
action_dit_adaln_norm1,1c04,4,12,even,1,4,be9abe96beb2bd20
action_dit_adaln_norm1,1c04,4,13,odd,1,4,3da0bc60beaf3ea3
action_dit_adaln_norm1,1c04,4,14,even,1,4,bf04bd6abd8abe98
action_dit_adaln_norm1,1c04,4,15,odd,1,4,bd103eaa3df33c08
action_dit_adaln_norm1,1c04,4,0,even,2,4,bd3a3e823e4c3efc
action_dit_adaln_norm1,1c04,4,1,odd,2,4,bece3d20be9ebed6
action_dit_adaln_norm1,1c04,4,2,even,2,4,3dafbe593e26bf03
action_dit_adaln_norm1,1c04,4,3,odd,2,4,beae3eaabe6c3eb8
action_dit_adaln_norm1,1c04,4,4,even,2,4,3e80be2f3da93ebe
action_dit_adaln_norm1,1c04,4,5,odd,2,4,3cdebcf03e973f3e
action_dit_adaln_norm1,1c04,4,6,even,2,4,becc3e433deabe64
action_dit_adaln_norm1,1c04,4,7,odd,2,4,beda3d3dbea43c60
action_dit_adaln_norm1,1c04,4,8,even,2,4,bea1bea03ed13f06
action_dit_adaln_norm1,1c04,4,9,odd,2,4,3ef0bd7ebcb8bd50
action_dit_adaln_norm1,1c04,4,10,even,2,4,bf3dbdbd3e48bdcc
action_dit_adaln_norm1,1c04,4,11,odd,2,4,3f56bdbabe323e52
action_dit_adaln_norm1,1c04,4,12,even,2,4,bda7be903ed2bef4
action_dit_adaln_norm1,1c04,4,13,odd,2,4,3ec0bee0bebabe15
action_dit_adaln_norm1,1c04,4,14,even,2,4,3eb0bda43edabf08
action_dit_adaln_norm1,1c04,4,15,odd,2,4,3e43be813e003e90
action_dit_adaln_norm1,1c04,4,0,even,3,4,3e4cbe0f3eb4bb80
action_dit_adaln_norm1,1c04,4,1,odd,3,4,3e9dbde8bf28be8b
action_dit_adaln_norm1,1c04,4,2,even,3,4,3da23e94bec0bd82
action_dit_adaln_norm1,1c04,4,3,odd,3,4,3d693dc43b203e44
action_dit_adaln_norm1,1c04,4,4,even,3,4,bf273e9abe863d1c
action_dit_adaln_norm1,1c04,4,5,odd,3,4,3d4c3eda3dc63de1
action_dit_adaln_norm1,1c04,4,6,even,3,4,bd74bf69be873c80
action_dit_adaln_norm1,1c04,4,7,odd,3,4,bd983ee63e0bbd60
action_dit_adaln_norm1,1c04,4,8,even,3,4,be34be78bed5bdad
action_dit_adaln_norm1,1c04,4,9,odd,3,4,bee1bee4bd443f44
action_dit_adaln_norm1,1c04,4,10,even,3,4,3dfebbd0be873e9a
action_dit_adaln_norm1,1c04,4,11,odd,3,4,3de8bd8a3f4a3e32
action_dit_adaln_norm1,1c04,4,12,even,3,4,bddc3e803d9a3e4c
action_dit_adaln_norm1,1c04,4,13,odd,3,4,bf1abed4bdfebf20
action_dit_adaln_norm1,1c04,4,14,even,3,4,bd383d873dc83e0a
action_dit_adaln_norm1,1c04,4,15,odd,3,4,be3e3eacbeb13ea5
action_dit_adaln_norm1,1c04,4,0,even,4,4,3ed33e983ec13dd2
action_dit_adaln_norm1,1c04,4,1,odd,4,4,bea6bdb9be213cc6
action_dit_adaln_norm1,1c04,4,2,even,4,4,bf0c3f213edabe36
action_dit_adaln_norm1,1c04,4,3,odd,4,4,3f08be82be603db4
action_dit_adaln_norm1,1c04,4,4,even,4,4,be9d3eb83b00bf32
action_dit_adaln_norm1,1c04,4,5,odd,4,4,3e06bd603f12bf10
action_dit_adaln_norm1,1c04,4,6,even,4,4,3f06bebabd54be52
action_dit_adaln_norm1,1c04,4,7,odd,4,4,be82bde7be533ea9
action_dit_adaln_norm1,1c04,4,8,even,4,4,be453f03beedbe20
action_dit_adaln_norm1,1c04,4,9,odd,4,4,3e05be95bef4bd5e
action_dit_adaln_norm1,1c04,4,10,even,4,4,3f1cbe87beb23eac
action_dit_adaln_norm1,1c04,4,11,odd,4,4,be663e8abe603f14
action_dit_adaln_norm1,1c04,4,12,even,4,4,3e803eea3e923df8
action_dit_adaln_norm1,1c04,4,13,odd,4,4,3e483f003dd23da7
action_dit_adaln_norm1,1c04,4,14,even,4,4,bf3cbc5cbbe0be84
action_dit_adaln_norm1,1c04,4,15,odd,4,4,bea6bea23c80bf10
action_dit_adaln_norm1,1c04,4,0,even,5,4,3eb8bedc3e2ebd95
action_dit_adaln_norm1,1c04,4,1,odd,5,4,3efabbb03ec5beb3
action_dit_adaln_norm1,1c04,4,2,even,5,4,bedf3e293c843ed2
action_dit_adaln_norm1,1c04,4,3,odd,5,4,3e0c3ec7bf4abeca
action_dit_adaln_norm1,1c04,4,4,even,5,4,3d6a3c8c3ef4bdaf
action_dit_adaln_norm1,1c04,4,5,odd,5,4,be9dbe4bbe9ebe9e
action_dit_adaln_norm1,1c04,4,6,even,5,4,3e97bde83ee7bd85
action_dit_adaln_norm1,1c04,4,7,odd,5,4,3c103ea33df4bdb6
action_dit_adaln_norm1,1c04,4,8,even,5,4,3f1a3ee1be86bec6
action_dit_adaln_norm1,1c04,4,9,odd,5,4,3f1bbe4ebe0ebc3c
action_dit_adaln_norm1,1c04,4,10,even,5,4,3e603e22bf30bed9
action_dit_adaln_norm1,1c04,4,11,odd,5,4,3c78be06bf1a3cf3
action_dit_adaln_norm1,1c04,4,12,even,5,4,be543e413e683dcc
action_dit_adaln_norm1,1c04,4,13,odd,5,4,3e393dca3e583f05
action_dit_adaln_norm1,1c04,4,14,even,5,4,3e1fbed5bec63d81
action_dit_adaln_norm1,1c04,4,15,odd,5,4,3e733dc4be8a3ec8
action_dit_adaln_norm1,1c04,4,0,even,6,4,3e5fbef0be293dcc
action_dit_adaln_norm1,1c04,4,1,odd,6,4,3ea5bd303ed0bcd0
action_dit_adaln_norm1,1c04,4,2,even,6,4,3ece3e84bc9e3c94
action_dit_adaln_norm1,1c04,4,3,odd,6,4,bb40bcb03c103ed2
action_dit_adaln_norm1,1c04,4,4,even,6,4,be763e30be213e8f
action_dit_adaln_norm1,1c04,4,5,odd,6,4,be9ebd60bdf0bea2
action_dit_adaln_norm1,1c04,4,6,even,6,4,3e4b3ce0bf00bee6
action_dit_adaln_norm1,1c04,4,7,odd,6,4,be7bbea6bdb53e53
action_dit_adaln_norm1,1c04,4,8,even,6,4,bec2bcf63e3c3e7f
action_dit_adaln_norm1,1c04,4,9,odd,6,4,be95be2dbe4cbd0a
action_dit_adaln_norm1,1c04,4,10,even,6,4,beb8bcf03e5cbe7b
action_dit_adaln_norm1,1c04,4,11,odd,6,4,3f5cbf4c3e483e60
action_dit_adaln_norm1,1c04,4,12,even,6,4,bce0bcb0bec63ebc
action_dit_adaln_norm1,1c04,4,13,odd,6,4,beb23ddb3c18be15
action_dit_adaln_norm1,1c04,4,14,even,6,4,3e423dac3ea03e66
action_dit_adaln_norm1,1c04,4,15,odd,6,4,3e943e9fbeaa3ef5
action_dit_adaln_norm1,1c04,4,0,even,7,4,be1c3e93be6ebcbc
action_dit_adaln_norm1,1c04,4,1,odd,7,4,be3c3e3b3e0d3ef0
action_dit_adaln_norm1,1c04,4,2,even,7,4,be703e00be3abe12
action_dit_adaln_norm1,1c04,4,3,odd,7,4,3e20bf163d543eb0
action_dit_adaln_norm1,1c04,4,4,even,7,4,bd50be7dbf2e3d40
action_dit_adaln_norm1,1c04,4,5,odd,7,4,beb4be95be903d9c
action_dit_adaln_norm1,1c04,4,6,even,7,4,3e663ac03e8abcae
action_dit_adaln_norm1,1c04,4,7,odd,7,4,bebf3e903e98bf1b
action_dit_adaln_norm1,1c04,4,8,even,7,4,3e82bf033e9abe3e
action_dit_adaln_norm1,1c04,4,9,odd,7,4,3b803e803dd23efd
action_dit_adaln_norm1,1c04,4,10,even,7,4,be213e0e3eaf3f07
action_dit_adaln_norm1,1c04,4,11,odd,7,4,be3a3e933e37be14
action_dit_adaln_norm1,1c04,4,12,even,7,4,bcc0be443cc4bc4e
action_dit_adaln_norm1,1c04,4,13,odd,7,4,3dbcbe51bf10bd8d
action_dit_adaln_norm1,1c04,4,14,even,7,4,bdd9bed2bdafbd66
action_dit_adaln_norm1,1c04,4,15,odd,7,4,bd83be86be23bf22
action_dit_adaln_norm1,1c04,4,0,even,8,4,be1cbe04bd183c90
action_dit_adaln_norm1,1c04,4,1,odd,8,4,3f02be99bc103f01
action_dit_adaln_norm1,1c04,4,2,even,8,4,bd58bdd2beeebe0b
action_dit_adaln_norm1,1c04,4,3,odd,8,4,bf14bed3bf023f40
action_dit_adaln_norm1,1c04,4,4,even,8,4,3effbeaa3e40bebf
action_dit_adaln_norm1,1c04,4,5,odd,8,4,bdb8be843ce03dcc
action_dit_adaln_norm1,1c04,4,6,even,8,4,3e323ec6bf0ebe22
action_dit_adaln_norm1,1c04,4,7,odd,8,4,bd083e833cb0bf1d
action_dit_adaln_norm1,1c04,4,8,even,8,4,3dc33ef0beaabf41
action_dit_adaln_norm1,1c04,4,9,odd,8,4,3d6c3d8b3e00be67
action_dit_adaln_norm1,1c04,4,10,even,8,4,bea43f1dbf1e3e38
action_dit_adaln_norm1,1c04,4,11,odd,8,4,bdd7be85beb0beac
action_dit_adaln_norm1,1c04,4,12,even,8,4,bea13e8a3f1cbeae
action_dit_adaln_norm1,1c04,4,13,odd,8,4,bca03f063f1fbc98
action_dit_adaln_norm1,1c04,4,14,even,8,4,3dc6bddcbf213f41
action_dit_adaln_norm1,1c04,4,15,odd,8,4,3e923d843e863e31
action_dit_adaln_norm1,1c04,4,0,even,9,4,bee93e803f58be8a
action_dit_adaln_norm1,1c04,4,1,odd,9,4,bd7c3eebbe623dba
action_dit_adaln_norm1,1c04,4,2,even,9,4,3ea1bb60bd59be56
action_dit_adaln_norm1,1c04,4,3,odd,9,4,3e7f3d7ebce03e15
action_dit_adaln_norm1,1c04,4,4,even,9,4,3cb83df2bf153f1d
action_dit_adaln_norm1,1c04,4,5,odd,9,4,bdc6be063ee43e40
action_dit_adaln_norm1,1c04,4,6,even,9,4,be6c3eb0bd863ea9
action_dit_adaln_norm1,1c04,4,7,odd,9,4,3e0abee63eadbead
action_dit_adaln_norm1,1c04,4,8,even,9,4,3ca03f21bec13d06
action_dit_adaln_norm1,1c04,4,9,odd,9,4,bcd8bf05bddebe88
action_dit_adaln_norm1,1c04,4,10,even,9,4,3df23e84be313e66
action_dit_adaln_norm1,1c04,4,11,odd,9,4,be843e253e69bec5
action_dit_adaln_norm1,1c04,4,12,even,9,4,3d3c3ea6be53be93
action_dit_adaln_norm1,1c04,4,13,odd,9,4,be383e583e84becb
action_dit_adaln_norm1,1c04,4,14,even,9,4,be8a3e94be79be67
action_dit_adaln_norm1,1c04,4,15,odd,9,4,3e343ed43d10bd14
action_dit_adaln_norm1,1c04,4,0,even,10,4,be1abdaebf083f03
action_dit_adaln_norm1,1c04,4,1,odd,10,4,bf063ea83d503ee7
action_dit_adaln_norm1,1c04,4,2,even,10,4,3db53e9fbe48be3f
action_dit_adaln_norm1,1c04,4,3,odd,10,4,3d863dbdbd403ea3
action_dit_adaln_norm1,1c04,4,4,even,10,4,bdd4bd9e3e18bf82
action_dit_adaln_norm1,1c04,4,5,odd,10,4,3c78be9f3ec2bbc4
action_dit_adaln_norm1,1c04,4,6,even,10,4,bcd8bd8d3ed43e2e
action_dit_adaln_norm1,1c04,4,7,odd,10,4,3e08beadb990be16
action_dit_adaln_norm1,1c04,4,8,even,10,4,3e4b3e933c703e55
action_dit_adaln_norm1,1c04,4,9,odd,10,4,3e24bd363f023f12
action_dit_adaln_norm1,1c04,4,10,even,10,4,bc603e51bd38bddb
action_dit_adaln_norm1,1c04,4,11,odd,10,4,becf3f3c3e893dc4
action_dit_adaln_norm1,1c04,4,12,even,10,4,3eb43ea7bed23bc0
action_dit_adaln_norm1,1c04,4,13,odd,10,4,3c883ee93e603e76
action_dit_adaln_norm1,1c04,4,14,even,10,4,bd883ee4bf053d14
action_dit_adaln_norm1,1c04,4,15,odd,10,4,3da03f0abec1be1d
action_dit_adaln_norm1,1c04,4,0,even,11,4,3df43edcbf06bd9c
action_dit_adaln_norm1,1c04,4,1,odd,11,4,3e953d38beaabe9a
action_dit_adaln_norm1,1c04,4,2,even,11,4,bdbd3d88bdc23f12
action_dit_adaln_norm1,1c04,4,3,odd,11,4,bcf4be8e3b80bdc4
action_dit_adaln_norm1,1c04,4,4,even,11,4,3f02bd923dddbe68
action_dit_adaln_norm1,1c04,4,5,odd,11,4,3dc9bc9c3ebc3e46
action_dit_adaln_norm1,1c04,4,6,even,11,4,3cdc3edabe083ed8
action_dit_adaln_norm1,1c04,4,7,odd,11,4,3e503ee63e063d20
action_dit_adaln_norm1,1c04,4,8,even,11,4,be993f0e3de7be35
action_dit_adaln_norm1,1c04,4,9,odd,11,4,3ecabda4bce4beaa
action_dit_adaln_norm1,1c04,4,10,even,11,4,be9a3eb2be823dec
action_dit_adaln_norm1,1c04,4,11,odd,11,4,3ed6bea33f203e6c
action_dit_adaln_norm1,1c04,4,12,even,11,4,3f38bf063eeebe5c
action_dit_adaln_norm1,1c04,4,13,odd,11,4,3e8c3e953e66be38
action_dit_adaln_norm1,1c04,4,14,even,11,4,be8d3da63e9e3e94
action_dit_adaln_norm1,1c04,4,15,odd,11,4,be41be33be343e0b
action_dit_adaln_norm1,1c04,4,0,even,12,4,be723ef5bedd3c90
action_dit_adaln_norm1,1c04,4,1,odd,12,4,3e82be60bebe3d9c
action_dit_adaln_norm1,1c04,4,2,even,12,4,beb63ddabf0abd20
action_dit_adaln_norm1,1c04,4,3,odd,12,4,3ebabf563a003e6a
action_dit_adaln_norm1,1c04,4,4,even,12,4,3f0e3e87bf723f01
action_dit_adaln_norm1,1c04,4,5,odd,12,4,3e083e8abe693d50
action_dit_adaln_norm1,1c04,4,6,even,12,4,bedabe273ea43f38
action_dit_adaln_norm1,1c04,4,7,odd,12,4,3ead3e49bd313d44
action_dit_adaln_norm1,1c04,4,8,even,12,4,3e3abf5c3ef8bea1
action_dit_adaln_norm1,1c04,4,9,odd,12,4,3e32bea63d203dda
action_dit_adaln_norm1,1c04,4,10,even,12,4,3e4c3db03e283e22
action_dit_adaln_norm1,1c04,4,11,odd,12,4,3ef6be27be743e55
action_dit_adaln_norm1,1c04,4,12,even,12,4,bf16be95be8a3d10
action_dit_adaln_norm1,1c04,4,13,odd,12,4,3ec0bc103d9ebd80
action_dit_adaln_norm1,1c04,4,14,even,12,4,3e48be633eefbe39
action_dit_adaln_norm1,1c04,4,15,odd,12,4,be04bdffbe463c70
action_dit_adaln_norm1,1c04,4,0,even,13,4,be0abeea3dc63e39
action_dit_adaln_norm1,1c04,4,1,odd,13,4,bd48bddcbe503ec9
action_dit_adaln_norm1,1c04,4,2,even,13,4,beb1bea93d443ddc
action_dit_adaln_norm1,1c04,4,3,odd,13,4,3de8bcf23ca03e64
action_dit_adaln_norm1,1c04,4,4,even,13,4,be103eafbe683ec2
action_dit_adaln_norm1,1c04,4,5,odd,13,4,bdacbd23bd853e83
action_dit_adaln_norm1,1c04,4,6,even,13,4,bd0c3e57be723eaf
action_dit_adaln_norm1,1c04,4,7,odd,13,4,be93beb8bcee3d1c
action_dit_adaln_norm1,1c04,4,8,even,13,4,3ebabe62be9c3eb6
action_dit_adaln_norm1,1c04,4,9,odd,13,4,be69be30bee6bda4
action_dit_adaln_norm1,1c04,4,10,even,13,4,3e00be573e1c3cc8
action_dit_adaln_norm1,1c04,4,11,odd,13,4,3e6b3e84bdbd3d0b
action_dit_adaln_norm1,1c04,4,12,even,13,4,be353c56be90beea
action_dit_adaln_norm1,1c04,4,13,odd,13,4,be8d3d83bf163e48
action_dit_adaln_norm1,1c04,4,14,even,13,4,be2ebe203f1fbeae
action_dit_adaln_norm1,1c04,4,15,odd,13,4,be84bcb03ead3d08
action_dit_adaln_norm1,1c04,4,0,even,14,4,3d383f51beb8bc50
action_dit_adaln_norm1,1c04,4,1,odd,14,4,3dc9bdf7be85bdb5
action_dit_adaln_norm1,1c04,4,2,even,14,4,3df4bd10bf2f3e04
action_dit_adaln_norm1,1c04,4,3,odd,14,4,bf083e893ea3bf04
action_dit_adaln_norm1,1c04,4,4,even,14,4,be8ebe593f0fbe92
action_dit_adaln_norm1,1c04,4,5,odd,14,4,3e193e36beda3e82
action_dit_adaln_norm1,1c04,4,6,even,14,4,3ea23e133e51be94
action_dit_adaln_norm1,1c04,4,7,odd,14,4,3d943d4f3f08be90
action_dit_adaln_norm1,1c04,4,8,even,14,4,3e983eb1bebbbdc3
action_dit_adaln_norm1,1c04,4,9,odd,14,4,bd893ed93dc83e5d
action_dit_adaln_norm1,1c04,4,10,even,14,4,be723e793e3dbf12
action_dit_adaln_norm1,1c04,4,11,odd,14,4,bc183f063e7f3e2c
action_dit_adaln_norm1,1c04,4,12,even,14,4,3bf4be36be1cbe99
action_dit_adaln_norm1,1c04,4,13,odd,14,4,bdeebd303e6e3edc
action_dit_adaln_norm1,1c04,4,14,even,14,4,bea43e06be583e0f
action_dit_adaln_norm1,1c04,4,15,odd,14,4,3e543d60beee3f49
action_dit_adaln_norm1,1c04,4,0,even,15,4,3b003ec13efcbe29
action_dit_adaln_norm1,1c04,4,1,odd,15,4,3f143e74bd5cbe90
action_dit_adaln_norm1,1c04,4,2,even,15,4,3ea8be8f3e103e28
action_dit_adaln_norm1,1c04,4,3,odd,15,4,3dec3e093ea23cc0
action_dit_adaln_norm1,1c04,4,4,even,15,4,3dacbf1a3d24be96
action_dit_adaln_norm1,1c04,4,5,odd,15,4,3e40be98be8e3e16
action_dit_adaln_norm1,1c04,4,6,even,15,4,3e4cbd82bde83e94
action_dit_adaln_norm1,1c04,4,7,odd,15,4,bf263eb4bee33e9e
action_dit_adaln_norm1,1c04,4,8,even,15,4,3e5d3e333eb53dea
action_dit_adaln_norm1,1c04,4,9,odd,15,4,3e16bd87be943e17
action_dit_adaln_norm1,1c04,4,10,even,15,4,3e99be063c42bd90
action_dit_adaln_norm1,1c04,4,11,odd,15,4,be91be323e043dae
action_dit_adaln_norm1,1c04,4,12,even,15,4,3ee23f143d643e83
action_dit_adaln_norm1,1c04,4,13,odd,15,4,bd803e463cf7bf10
action_dit_adaln_norm1,1c04,4,14,even,15,4,be16be39be28bdc8
action_dit_adaln_norm1,1c04,4,15,odd,15,4,3e84bd2cbcf0bd17
action_dit_adaln_norm1,1c04,4,0,even,16,4,be8f3d983d463ec6
action_dit_adaln_norm1,1c04,4,1,odd,16,4,be8abea7bfabbee6
action_dit_adaln_norm1,1c04,4,2,even,16,4,3db03d143ea2bc33
action_dit_adaln_norm1,1c04,4,3,odd,16,4,3da73e673c983f06
action_dit_adaln_norm1,1c04,4,4,even,16,4,3cf83ec63ea4bdc2
action_dit_adaln_norm1,1c04,4,5,odd,16,4,bd90becabd86bde0
action_dit_adaln_norm1,1c04,4,6,even,16,4,be483ca8bca1be81
action_dit_adaln_norm1,1c04,4,7,odd,16,4,be84beb23e82bebb
action_dit_adaln_norm1,1c04,4,8,even,16,4,bee23e903e7fbe02
action_dit_adaln_norm1,1c04,4,9,odd,16,4,0000bf0ebdbc3ee4
action_dit_adaln_norm1,1c04,4,10,even,16,4,3eb63ea73e3d3e31
action_dit_adaln_norm1,1c04,4,11,odd,16,4,beafbe2ebed43cee
action_dit_adaln_norm1,1c04,4,12,even,16,4,3d70bcb0bf27be8c
action_dit_adaln_norm1,1c04,4,13,odd,16,4,3d9cbc603d863df1
action_dit_adaln_norm1,1c04,4,14,even,16,4,bd18bf01bec03e26
action_dit_adaln_norm1,1c04,4,15,odd,16,4,be94beae3b40bf22
action_dit_adaln_norm1,1c04,4,0,even,17,4,3d403f073e0cbbe0
action_dit_adaln_norm1,1c04,4,1,odd,17,4,3eee3e1a3dd0be24
action_dit_adaln_norm1,1c04,4,2,even,17,4,3f42be853f08becc
action_dit_adaln_norm1,1c04,4,3,odd,17,4,3da63ecb3f213c28
action_dit_adaln_norm1,1c04,4,4,even,17,4,3f173efabc803e82
action_dit_adaln_norm1,1c04,4,5,odd,17,4,3f0abd6bbf20be7d
action_dit_adaln_norm1,1c04,4,6,even,17,4,3e54bde0be32bec0
action_dit_adaln_norm1,1c04,4,7,odd,17,4,3f0bbdb0bdaabe93
action_dit_adaln_norm1,1c04,4,8,even,17,4,3ea03e853ec3bdd7
action_dit_adaln_norm1,1c04,4,9,odd,17,4,3cd03dacbcb4be2e
action_dit_adaln_norm1,1c04,4,10,even,17,4,bdf43de83df8bdda
action_dit_adaln_norm1,1c04,4,11,odd,17,4,beae3e153eb5bef6
action_dit_adaln_norm1,1c04,4,12,even,17,4,3ebcbf42be3c3e98
action_dit_adaln_norm1,1c04,4,13,odd,17,4,3ea63ed6bdcdbc40
action_dit_adaln_norm1,1c04,4,14,even,17,4,be6f3e123e333dd2
action_dit_adaln_norm1,1c04,4,15,odd,17,4,3cf4be82bde63f0c
action_dit_adaln_norm1,1c04,4,0,even,18,4,3ef33d223e3f3e3c
action_dit_adaln_norm1,1c04,4,1,odd,18,4,bd34bd00be803e06
action_dit_adaln_norm1,1c04,4,2,even,18,4,bdebbf393d903e45
action_dit_adaln_norm1,1c04,4,3,odd,18,4,3e76bf46bed93e92
action_dit_adaln_norm1,1c04,4,4,even,18,4,3e23bee83d023dfe
action_dit_adaln_norm1,1c04,4,5,odd,18,4,3e76bdc63e98bd9c
action_dit_adaln_norm1,1c04,4,6,even,18,4,3f05be823e9e3def
action_dit_adaln_norm1,1c04,4,7,odd,18,4,3e06bebabe4d3e23
action_dit_adaln_norm1,1c04,4,8,even,18,4,3e82be9dbdf0bf36
action_dit_adaln_norm1,1c04,4,9,odd,18,4,be2a3e15be543eb6
action_dit_adaln_norm1,1c04,4,10,even,18,4,bc503ee3be023e80
action_dit_adaln_norm1,1c04,4,11,odd,18,4,3e5f3f4c3f393daa
action_dit_adaln_norm1,1c04,4,12,even,18,4,bd083efbbed2bcec
action_dit_adaln_norm1,1c04,4,13,odd,18,4,bc983d48bece3dd6
action_dit_adaln_norm1,1c04,4,14,even,18,4,3e223e86bf6abf4a
action_dit_adaln_norm1,1c04,4,15,odd,18,4,be8fbe61be8ebcd8
action_dit_adaln_norm1,1c04,4,0,even,19,4,be853d623d3e3f17
action_dit_adaln_norm1,1c04,4,1,odd,19,4,3f08beba3f0f3f0c
action_dit_adaln_norm1,1c04,4,2,even,19,4,3ea73e2ebe883e8c
action_dit_adaln_norm1,1c04,4,3,odd,19,4,3f1c3dbfbe8e3c30
action_dit_adaln_norm1,1c04,4,4,even,19,4,bcc0be24bd50be50
action_dit_adaln_norm1,1c04,4,5,odd,19,4,3eae3ea2be9fbe8d
action_dit_adaln_norm1,1c04,4,6,even,19,4,be78becdbe4ebd92
action_dit_adaln_norm1,1c04,4,7,odd,19,4,3efe3e0c3d823ee2
action_dit_adaln_norm1,1c04,4,8,even,19,4,bf03be98be393ef2
action_dit_adaln_norm1,1c04,4,9,odd,19,4,bc803ecb3e2a3e2a
action_dit_adaln_norm1,1c04,4,10,even,19,4,be363e22be11bd8e
action_dit_adaln_norm1,1c04,4,11,odd,19,4,bec3bd4cbeca3e88
action_dit_adaln_norm1,1c04,4,12,even,19,4,bd183d40bda43e3e
action_dit_adaln_norm1,1c04,4,13,odd,19,4,bdfcbdee3ebf3d7e
action_dit_adaln_norm1,1c04,4,14,even,19,4,bda93d5abe3dbeb0
action_dit_adaln_norm1,1c04,4,15,odd,19,4,3e253db73e90be42
action_dit_adaln_norm1,1c04,4,0,even,20,4,bece3ebc3e4a3eb5
action_dit_adaln_norm1,1c04,4,1,odd,20,4,3ddbbecbbe62bdb4
action_dit_adaln_norm1,1c04,4,2,even,20,4,be61bea23e79bd94
action_dit_adaln_norm1,1c04,4,3,odd,20,4,be583d6cbd3a3e5c
action_dit_adaln_norm1,1c04,4,4,even,20,4,bbe0be09bda83d74
action_dit_adaln_norm1,1c04,4,5,odd,20,4,bdbe3f43beb3becc
action_dit_adaln_norm1,1c04,4,6,even,20,4,bdf8bf143e393eba
action_dit_adaln_norm1,1c04,4,7,odd,20,4,3f02bb88bdefbe43
action_dit_adaln_norm1,1c04,4,8,even,20,4,3e823eee3d883ee0
action_dit_adaln_norm1,1c04,4,9,odd,20,4,3e293de8beee3f10
action_dit_adaln_norm1,1c04,4,10,even,20,4,3e943dda3e8bbe68
action_dit_adaln_norm1,1c04,4,11,odd,20,4,bea600003d1f3f32
action_dit_adaln_norm1,1c04,4,12,even,20,4,be273ecabd283eba
action_dit_adaln_norm1,1c04,4,13,odd,20,4,bebdbd1c3ea2bebb
action_dit_adaln_norm1,1c04,4,14,even,20,4,bcecbee63e143ea0
action_dit_adaln_norm1,1c04,4,15,odd,20,4,bf38be553e5f3e11
action_dit_adaln_norm1,1c04,4,0,even,21,4,3ee33ea8be03bd93
action_dit_adaln_norm1,1c04,4,1,odd,21,4,bd46be593e183ee0
action_dit_adaln_norm1,1c04,4,2,even,21,4,3e243dc8be5d3edd
action_dit_adaln_norm1,1c04,4,3,odd,21,4,3c58be7bbe7ebed3
action_dit_adaln_norm1,1c04,4,4,even,21,4,3decbedfbe7fbdf9
action_dit_adaln_norm1,1c04,4,5,odd,21,4,be293d923de4beb8
action_dit_adaln_norm1,1c04,4,6,even,21,4,3e3ebe4bbec4bd82
action_dit_adaln_norm1,1c04,4,7,odd,21,4,bcf8bf3a3e9c3e02
action_dit_adaln_norm1,1c04,4,8,even,21,4,bba03f183e713d48
action_dit_adaln_norm1,1c04,4,9,odd,21,4,be3cbf10bdf1bf60
action_dit_adaln_norm1,1c04,4,10,even,21,4,3ecb3e50bf0fbdcf
action_dit_adaln_norm1,1c04,4,11,odd,21,4,3f0e3ef6be44be68
action_dit_adaln_norm1,1c04,4,12,even,21,4,bed93ec6be36be83
action_dit_adaln_norm1,1c04,4,13,odd,21,4,bdc73e633d143e7e
action_dit_adaln_norm1,1c04,4,14,even,21,4,3ec0be603e783ee9
action_dit_adaln_norm1,1c04,4,15,odd,21,4,3d48bdf43e0dbeb2
action_dit_adaln_norm1,1c04,4,0,even,22,4,3e843e67bd1bbe2a
action_dit_adaln_norm1,1c04,4,1,odd,22,4,3e543ce03e8fbc40
action_dit_adaln_norm1,1c04,4,2,even,22,4,bc55bee8bf163e7f
action_dit_adaln_norm1,1c04,4,3,odd,22,4,bf00bf293cecbdd8
action_dit_adaln_norm1,1c04,4,4,even,22,4,bed03ea6bdbaba80
action_dit_adaln_norm1,1c04,4,5,odd,22,4,3f2cbf1fbec83e28
action_dit_adaln_norm1,1c04,4,6,even,22,4,3ed83edabeb8beae
action_dit_adaln_norm1,1c04,4,7,odd,22,4,3e2f3e8b3d823e79
action_dit_adaln_norm1,1c04,4,8,even,22,4,3e09be50be4abe9d
action_dit_adaln_norm1,1c04,4,9,odd,22,4,be043e6ebe2e3d08
action_dit_adaln_norm1,1c04,4,10,even,22,4,bf13bee03d943ebd
action_dit_adaln_norm1,1c04,4,11,odd,22,4,3e2e3ef83f01be8e
action_dit_adaln_norm1,1c04,4,12,even,22,4,3d9c3e2a3e8fbd15
action_dit_adaln_norm1,1c04,4,13,odd,22,4,3d2c3e66bc723e64
action_dit_adaln_norm1,1c04,4,14,even,22,4,be4abe983dbdbee8
action_dit_adaln_norm1,1c04,4,15,odd,22,4,bef4be26bdecbeb7
action_dit_adaln_norm1,1c04,4,0,even,23,4,be8c3eba3e8ebdc6
action_dit_adaln_norm1,1c04,4,1,odd,23,4,3dc43eba3e6f3ea9
action_dit_adaln_norm1,1c04,4,2,even,23,4,bf203e423d8c3e2c
action_dit_adaln_norm1,1c04,4,3,odd,23,4,bf09bf023ee5be70
action_dit_adaln_norm1,1c04,4,4,even,23,4,bc143e963e413e10
action_dit_adaln_norm1,1c04,4,5,odd,23,4,bebebf0e3f023e2d
action_dit_adaln_norm1,1c04,4,6,even,23,4,bf08bd87be9ebf20
action_dit_adaln_norm1,1c04,4,7,odd,23,4,3e39be36be723e1d
action_dit_adaln_norm1,1c04,4,8,even,23,4,be2d3ed53e64bea7
action_dit_adaln_norm1,1c04,4,9,odd,23,4,be963eb1be3abeae
action_dit_adaln_norm1,1c04,4,10,even,23,4,3f3a3dd93df8becb
action_dit_adaln_norm1,1c04,4,11,odd,23,4,3eb63e433cfd3cd0
action_dit_adaln_norm1,1c04,4,12,even,23,4,3db03e903cbcbe8e
action_dit_adaln_norm1,1c04,4,13,odd,23,4,bea5be23bda83f19
action_dit_adaln_norm1,1c04,4,14,even,23,4,be983decbd7a3ed3
action_dit_adaln_norm1,1c04,4,15,odd,23,4,bdbcbd8ebe23be78
action_dit_adaln_norm1,1c05,5,0,even,0,4,bd243ef0be38bcb0
action_dit_adaln_norm1,1c05,5,1,odd,0,4,3d243f58bde83dd6
action_dit_adaln_norm1,1c05,5,2,even,0,4,be843de8bd58bea5
action_dit_adaln_norm1,1c05,5,3,odd,0,4,be94bd823cc0be9a
action_dit_adaln_norm1,1c05,5,4,even,0,4,bef6be1abedcbecb
action_dit_adaln_norm1,1c05,5,5,odd,0,4,3ece3ec53eb9be0e
action_dit_adaln_norm1,1c05,5,6,even,0,4,3f27be333ee83ee6
action_dit_adaln_norm1,1c05,5,7,odd,0,4,3eb1bdac3deebf24
action_dit_adaln_norm1,1c05,5,8,even,0,4,3df7bebe3e893ede
action_dit_adaln_norm1,1c05,5,9,odd,0,4,3e5ebde33f12bdd8
action_dit_adaln_norm1,1c05,5,10,even,0,4,bf15be913d3ebf52
action_dit_adaln_norm1,1c05,5,11,odd,0,4,bd2abd9a3ee6bda5
action_dit_adaln_norm1,1c05,5,12,even,0,4,3e733e923f32be0f
action_dit_adaln_norm1,1c05,5,13,odd,0,4,be3c3f65be8ebe35
action_dit_adaln_norm1,1c05,5,14,even,0,4,bea5be00be903e69
action_dit_adaln_norm1,1c05,5,15,odd,0,4,be9e3f01be9c3d8e
action_dit_adaln_norm1,1c05,5,0,even,1,4,3c903c44bc22bc10
action_dit_adaln_norm1,1c05,5,1,odd,1,4,3e593dbb3dce3da2
action_dit_adaln_norm1,1c05,5,2,even,1,4,be48bdb5be68bd73
action_dit_adaln_norm1,1c05,5,3,odd,1,4,3e7d3e01bf1f3de8
action_dit_adaln_norm1,1c05,5,4,even,1,4,be6f3e28beb7be38
action_dit_adaln_norm1,1c05,5,5,odd,1,4,3eb8be783cfcbe3c
action_dit_adaln_norm1,1c05,5,6,even,1,4,3ea3bdac3ebbbf0c
action_dit_adaln_norm1,1c05,5,7,odd,1,4,3e0abeb4bd703f22
action_dit_adaln_norm1,1c05,5,8,even,1,4,be743ebcbf03beaa
action_dit_adaln_norm1,1c05,5,9,odd,1,4,3e503cd23e3f3ef1
action_dit_adaln_norm1,1c05,5,10,even,1,4,3e4dbd68bf03be80
action_dit_adaln_norm1,1c05,5,11,odd,1,4,bf073ecabea4be12
action_dit_adaln_norm1,1c05,5,12,even,1,4,3cdebf1bbf153eac
action_dit_adaln_norm1,1c05,5,13,odd,1,4,be183c50beda3f12
action_dit_adaln_norm1,1c05,5,14,even,1,4,bf1abe82bef4be86
action_dit_adaln_norm1,1c05,5,15,odd,1,4,bebc3e55bcb03dc1
action_dit_adaln_norm1,1c05,5,0,even,2,4,3e8e3eb4be293eec
action_dit_adaln_norm1,1c05,5,1,odd,2,4,becfbdf23d86bde8
action_dit_adaln_norm1,1c05,5,2,even,2,4,beb0be483e0fbf1e
action_dit_adaln_norm1,1c05,5,3,odd,2,4,beb43ebabee43e08
action_dit_adaln_norm1,1c05,5,4,even,2,4,3e3abec73e5c3e80
action_dit_adaln_norm1,1c05,5,5,odd,2,4,bd93be2c3ef13f16
action_dit_adaln_norm1,1c05,5,6,even,2,4,be003da03a80becc
action_dit_adaln_norm1,1c05,5,7,odd,2,4,be283e2ebd12be58
action_dit_adaln_norm1,1c05,5,8,even,2,4,bd863e7ebc883e10
action_dit_adaln_norm1,1c05,5,9,odd,2,4,3edf3e2cbd08bf08
action_dit_adaln_norm1,1c05,5,10,even,2,4,bf143e093ebe3d04
action_dit_adaln_norm1,1c05,5,11,odd,2,4,3f02bde73deb3e43
action_dit_adaln_norm1,1c05,5,12,even,2,4,3e67bdd83e58bf40
action_dit_adaln_norm1,1c05,5,13,odd,2,4,3ea0bde4bf06beed
action_dit_adaln_norm1,1c05,5,14,even,2,4,3ecc3e803eb7bf40
action_dit_adaln_norm1,1c05,5,15,odd,2,4,3d803e6e3e873f1f
action_dit_adaln_norm1,1c05,5,0,even,3,4,bc96be62be05bdfb
action_dit_adaln_norm1,1c05,5,1,odd,3,4,3ea83d72bee8be1a
action_dit_adaln_norm1,1c05,5,2,even,3,4,3e8a3edcbd783d8c
action_dit_adaln_norm1,1c05,5,3,odd,3,4,3d0e3c20be6dbcbc
action_dit_adaln_norm1,1c05,5,4,even,3,4,bf423eccbf0b3ee8
action_dit_adaln_norm1,1c05,5,5,odd,3,4,be553edabdd5bd0f
action_dit_adaln_norm1,1c05,5,6,even,3,4,3e7abf5cbe933e8c
action_dit_adaln_norm1,1c05,5,7,odd,3,4,bd933e76be3ebe17
action_dit_adaln_norm1,1c05,5,8,even,3,4,bd11be32bf203ebe
action_dit_adaln_norm1,1c05,5,9,odd,3,4,be34bb803e5c3f04
action_dit_adaln_norm1,1c05,5,10,even,3,4,3e9cbe18bebe3d10
action_dit_adaln_norm1,1c05,5,11,odd,3,4,3e783ec63e3c3d8a
action_dit_adaln_norm1,1c05,5,12,even,3,4,be5a3d70be803dfc
action_dit_adaln_norm1,1c05,5,13,odd,3,4,be8d3da4bdc4bf4f
action_dit_adaln_norm1,1c05,5,14,even,3,4,bdbcbe26bb883df6
action_dit_adaln_norm1,1c05,5,15,odd,3,4,bedebd1dbeb83e06
action_dit_adaln_norm1,1c05,5,0,even,4,4,3f14be343e0f3eac
action_dit_adaln_norm1,1c05,5,1,odd,4,4,beaabeabbe623eb6
action_dit_adaln_norm1,1c05,5,2,even,4,4,bed03eef3ee63d1e
action_dit_adaln_norm1,1c05,5,3,odd,4,4,3f4cbef7bea33e98
action_dit_adaln_norm1,1c05,5,4,even,4,4,becf3de7be10bf19
action_dit_adaln_norm1,1c05,5,5,odd,4,4,3ef33e023f573c98
action_dit_adaln_norm1,1c05,5,6,even,4,4,3db5be3c3d48bec3
action_dit_adaln_norm1,1c05,5,7,odd,4,4,bdc6be073e9abb40
action_dit_adaln_norm1,1c05,5,8,even,4,4,bb803db2bf2cbd2b
action_dit_adaln_norm1,1c05,5,9,odd,4,4,3e74bea1bf32beb6
action_dit_adaln_norm1,1c05,5,10,even,4,4,3ef2be98bf043eee
action_dit_adaln_norm1,1c05,5,11,odd,4,4,3d6d3e9cbec63e7e
action_dit_adaln_norm1,1c05,5,12,even,4,4,3dbf3f2e3dcebec6
action_dit_adaln_norm1,1c05,5,13,odd,4,4,bdd43e8c3e12be76
action_dit_adaln_norm1,1c05,5,14,even,4,4,bf1b3eafbef63e38
action_dit_adaln_norm1,1c05,5,15,odd,4,4,be2c3dbc3d86beea
action_dit_adaln_norm1,1c05,5,0,even,5,4,3ef2bd4a3eeabe00
action_dit_adaln_norm1,1c05,5,1,odd,5,4,3df7be6e3f1a3db4
action_dit_adaln_norm1,1c05,5,2,even,5,4,bec63e02bd3a3e9a
action_dit_adaln_norm1,1c05,5,3,odd,5,4,3e9f3f12bf4ebe9c
action_dit_adaln_norm1,1c05,5,4,even,5,4,3e923d683f0bbcea
action_dit_adaln_norm1,1c05,5,5,odd,5,4,beca3d68be85bb54
action_dit_adaln_norm1,1c05,5,6,even,5,4,3d3cbda23f33bea0
action_dit_adaln_norm1,1c05,5,7,odd,5,4,3eb83dfa3df4be86
action_dit_adaln_norm1,1c05,5,8,even,5,4,3e8a3eb2beebbdf2
action_dit_adaln_norm1,1c05,5,9,odd,5,4,3f4a3e27be12be14
action_dit_adaln_norm1,1c05,5,10,even,5,4,3dd73ec4bea0be9a
action_dit_adaln_norm1,1c05,5,11,odd,5,4,3df3bd14bf34befd
action_dit_adaln_norm1,1c05,5,12,even,5,4,beb23e433eef3f29
action_dit_adaln_norm1,1c05,5,13,odd,5,4,3e3a3ee73e663f0a
action_dit_adaln_norm1,1c05,5,14,even,5,4,3e91be98bea23c1c
action_dit_adaln_norm1,1c05,5,15,odd,5,4,3ebb3ea0bef8bc1b
action_dit_adaln_norm1,1c05,5,0,even,6,4,3dc6bf05bd8a3ed3
action_dit_adaln_norm1,1c05,5,1,odd,6,4,3c8b3d933e713e7e
action_dit_adaln_norm1,1c05,5,2,even,6,4,3ee33f0a3d1cbdab
action_dit_adaln_norm1,1c05,5,3,odd,6,4,bead3e28be943e31
action_dit_adaln_norm1,1c05,5,4,even,6,4,be68bd283cf2be43
action_dit_adaln_norm1,1c05,5,5,odd,6,4,beffbe963ec43d3a
action_dit_adaln_norm1,1c05,5,6,even,6,4,3d543e95be00beee
action_dit_adaln_norm1,1c05,5,7,odd,6,4,bec6be3fbeea3dcb
action_dit_adaln_norm1,1c05,5,8,even,6,4,be6cbe9cba803e06
action_dit_adaln_norm1,1c05,5,9,odd,6,4,be1f3dfabe46bea5
action_dit_adaln_norm1,1c05,5,10,even,6,4,be12bd583e90bdca
action_dit_adaln_norm1,1c05,5,11,odd,6,4,3f10bf1c3ea73cb8
action_dit_adaln_norm1,1c05,5,12,even,6,4,3dbebdccbebb3ee4
action_dit_adaln_norm1,1c05,5,13,odd,6,4,3e44bea13da8be3c
action_dit_adaln_norm1,1c05,5,14,even,6,4,3e2f3cb4be0a3d0c
action_dit_adaln_norm1,1c05,5,15,odd,6,4,3cb43f04bc903ea6
action_dit_adaln_norm1,1c05,5,0,even,7,4,bde63ed2bed0be4c
action_dit_adaln_norm1,1c05,5,1,odd,7,4,3e323e36be813ec9
action_dit_adaln_norm1,1c05,5,2,even,7,4,bdfd3e84beccbea0
action_dit_adaln_norm1,1c05,5,3,odd,7,4,3e4abe62be133eae
action_dit_adaln_norm1,1c05,5,4,even,7,4,3e04be9fbf37be0e
action_dit_adaln_norm1,1c05,5,5,odd,7,4,bee5bf11be1d3e5d
action_dit_adaln_norm1,1c05,5,6,even,7,4,3e7ebd5c3dda3dd6
action_dit_adaln_norm1,1c05,5,7,odd,7,4,be4e3e8ebdc3bf17
action_dit_adaln_norm1,1c05,5,8,even,7,4,3e90be1c3f1bbc98
action_dit_adaln_norm1,1c05,5,9,odd,7,4,3d5abdd73ec0bd39
action_dit_adaln_norm1,1c05,5,10,even,7,4,be72be743e363e8b
action_dit_adaln_norm1,1c05,5,11,odd,7,4,3d9f3e883dd83e43
action_dit_adaln_norm1,1c05,5,12,even,7,4,bb20be0fbe843e38
action_dit_adaln_norm1,1c05,5,13,odd,7,4,3de83bd0bf233e24
action_dit_adaln_norm1,1c05,5,14,even,7,4,bdc0be793e26be1f
action_dit_adaln_norm1,1c05,5,15,odd,7,4,bd6cbece3e84bf33
action_dit_adaln_norm1,1c05,5,0,even,8,4,be93be2c3db03e18
action_dit_adaln_norm1,1c05,5,1,odd,8,4,3ed8be11be1b3e9a
action_dit_adaln_norm1,1c05,5,2,even,8,4,bd0cbd04bf0a3e92
action_dit_adaln_norm1,1c05,5,3,odd,8,4,bf04bebebf083ed9
action_dit_adaln_norm1,1c05,5,4,even,8,4,3eeebee53efdbf10
action_dit_adaln_norm1,1c05,5,5,odd,8,4,3d26be823ce03cf0
action_dit_adaln_norm1,1c05,5,6,even,8,4,be823e2fbd2cbd98
action_dit_adaln_norm1,1c05,5,7,odd,8,4,3e05bc9c3de8bec4
action_dit_adaln_norm1,1c05,5,8,even,8,4,3e343ee0be9cbf37
action_dit_adaln_norm1,1c05,5,9,odd,8,4,be34bd643d50be9e
action_dit_adaln_norm1,1c05,5,10,even,8,4,bbc03efabe52be82
action_dit_adaln_norm1,1c05,5,11,odd,8,4,be9abe8b3dbfbe5e
action_dit_adaln_norm1,1c05,5,12,even,8,4,be0cbe073e88bd9d
action_dit_adaln_norm1,1c05,5,13,odd,8,4,3e8a3eda3ea93e5f
action_dit_adaln_norm1,1c05,5,14,even,8,4,3ee33f2cbf213f54
action_dit_adaln_norm1,1c05,5,15,odd,8,4,bde93e8f3e99bcc8
action_dit_adaln_norm1,1c05,5,0,even,9,4,3dadbd9c3ee03e06
action_dit_adaln_norm1,1c05,5,1,odd,9,4,3df23f16bedcbd14
action_dit_adaln_norm1,1c05,5,2,even,9,4,3f463d153ed6be78
action_dit_adaln_norm1,1c05,5,3,odd,9,4,3eb83cb8bc803d48
action_dit_adaln_norm1,1c05,5,4,even,9,4,be2b3e19bf063ee2
action_dit_adaln_norm1,1c05,5,5,odd,9,4,be973e953ef63d1a
action_dit_adaln_norm1,1c05,5,6,even,9,4,bd783e88bed43e5a
action_dit_adaln_norm1,1c05,5,7,odd,9,4,3d94bf113c60be2e
action_dit_adaln_norm1,1c05,5,8,even,9,4,3e513f143ca63da7
action_dit_adaln_norm1,1c05,5,9,odd,9,4,3f02bea2bed4bd00
action_dit_adaln_norm1,1c05,5,10,even,9,4,3e7c3e98bd783e4c
action_dit_adaln_norm1,1c05,5,11,odd,9,4,bee53df63edcbeac
action_dit_adaln_norm1,1c05,5,12,even,9,4,3eb23e81beb2bd20
action_dit_adaln_norm1,1c05,5,13,odd,9,4,beb83eb83e07bebc
action_dit_adaln_norm1,1c05,5,14,even,9,4,be98be31be8e3d17
action_dit_adaln_norm1,1c05,5,15,odd,9,4,bd963f1a3e9abf0e
action_dit_adaln_norm1,1c05,5,0,even,10,4,3e94bd34bf233f16
action_dit_adaln_norm1,1c05,5,1,odd,10,4,3d283ea73e2a3e44
action_dit_adaln_norm1,1c05,5,2,even,10,4,3e1a3ef5bf02be66
action_dit_adaln_norm1,1c05,5,3,odd,10,4,bc95bf083e6d3e20
action_dit_adaln_norm1,1c05,5,4,even,10,4,be9e3e3e3f19bf5e
action_dit_adaln_norm1,1c05,5,5,odd,10,4,3b60bed73eb03ebe
action_dit_adaln_norm1,1c05,5,6,even,10,4,3cccbef43cc0be76
action_dit_adaln_norm1,1c05,5,7,odd,10,4,be6fbe983e193d64
action_dit_adaln_norm1,1c05,5,8,even,10,4,3f013ed33dd33dd2
action_dit_adaln_norm1,1c05,5,9,odd,10,4,bdb63ea43de83e20
action_dit_adaln_norm1,1c05,5,10,even,10,4,3d10be67bc98bea0
action_dit_adaln_norm1,1c05,5,11,odd,10,4,bee73f403cf13cd0
action_dit_adaln_norm1,1c05,5,12,even,10,4,3f2b3ec3bf23be5e
action_dit_adaln_norm1,1c05,5,13,odd,10,4,3d8d3e363e543e1e
action_dit_adaln_norm1,1c05,5,14,even,10,4,bdf63ec6be7e3ed4
action_dit_adaln_norm1,1c05,5,15,odd,10,4,3f1c3f453d77be2a
action_dit_adaln_norm1,1c05,5,0,even,11,4,3ddc3f1ebf3e3eb7
action_dit_adaln_norm1,1c05,5,1,odd,11,4,3e0d3da4bf02be9a
action_dit_adaln_norm1,1c05,5,2,even,11,4,be463db6bf273f4f
action_dit_adaln_norm1,1c05,5,3,odd,11,4,bcc4bd183edebed6
action_dit_adaln_norm1,1c05,5,4,even,11,4,3f063c98be5ebee0
action_dit_adaln_norm1,1c05,5,5,odd,11,4,3eb13e303eb53ec6
action_dit_adaln_norm1,1c05,5,6,even,11,4,3dfe3dffbe3a3ea8
action_dit_adaln_norm1,1c05,5,7,odd,11,4,3eaa3f0bbe8a3dd1
action_dit_adaln_norm1,1c05,5,8,even,11,4,3dc63ebbbe8ebd76
action_dit_adaln_norm1,1c05,5,9,odd,11,4,3e7e3d4cbdd4beb6
action_dit_adaln_norm1,1c05,5,10,even,11,4,be843e5abe88bd2e
action_dit_adaln_norm1,1c05,5,11,odd,11,4,3e09bef63f0c3ec2
action_dit_adaln_norm1,1c05,5,12,even,11,4,3f47be923f0cbe44
action_dit_adaln_norm1,1c05,5,13,odd,11,4,3ecf3d08bdcebeb6
action_dit_adaln_norm1,1c05,5,14,even,11,4,3e0dbd103d603e5e
action_dit_adaln_norm1,1c05,5,15,odd,11,4,be72bda4beaa3eb4
action_dit_adaln_norm1,1c05,5,0,even,12,4,be593eb1bf05be65
action_dit_adaln_norm1,1c05,5,1,odd,12,4,3f103cc0be80bc70
action_dit_adaln_norm1,1c05,5,2,even,12,4,be3bbe3ebdedbeaa
action_dit_adaln_norm1,1c05,5,3,odd,12,4,beaabf42becf3e29
action_dit_adaln_norm1,1c05,5,4,even,12,4,3f0c3e07bf143f07
action_dit_adaln_norm1,1c05,5,5,odd,12,4,bc403ec2be393e2b
action_dit_adaln_norm1,1c05,5,6,even,12,4,be5dbd703eb43ef2
action_dit_adaln_norm1,1c05,5,7,odd,12,4,3dee3e043d98beb7
action_dit_adaln_norm1,1c05,5,8,even,12,4,3e08bee03e49bed3
action_dit_adaln_norm1,1c05,5,9,odd,12,4,3d4ebf21bdeebe86
action_dit_adaln_norm1,1c05,5,10,even,12,4,3f253f613e123edc
action_dit_adaln_norm1,1c05,5,11,odd,12,4,3f173edcbdc23db4
action_dit_adaln_norm1,1c05,5,12,even,12,4,bf20bee23e523d48
action_dit_adaln_norm1,1c05,5,13,odd,12,4,3eb63e343d823db4
action_dit_adaln_norm1,1c05,5,14,even,12,4,3d88bc983e8dbe9e
action_dit_adaln_norm1,1c05,5,15,odd,12,4,be68be8dbe60be8d
action_dit_adaln_norm1,1c05,5,0,even,13,4,bbd0bee03e233e9c
action_dit_adaln_norm1,1c05,5,1,odd,13,4,bda13dc1beca3e6c
action_dit_adaln_norm1,1c05,5,2,even,13,4,beb0bf13be443d1a
action_dit_adaln_norm1,1c05,5,3,odd,13,4,3e24be3bbec73e8c
action_dit_adaln_norm1,1c05,5,4,even,13,4,be73bda4be533eee
action_dit_adaln_norm1,1c05,5,5,odd,13,4,3c483db23e9c3e16
action_dit_adaln_norm1,1c05,5,6,even,13,4,bea83e70bdc4be0c
action_dit_adaln_norm1,1c05,5,7,odd,13,4,bea6be96bd82be30
action_dit_adaln_norm1,1c05,5,8,even,13,4,3e70be6cbedabe2c
action_dit_adaln_norm1,1c05,5,9,odd,13,4,3d40beb3be8cbda8
action_dit_adaln_norm1,1c05,5,10,even,13,4,3efcbec23f423e88
action_dit_adaln_norm1,1c05,5,11,odd,13,4,3e203e37bde43e4c
action_dit_adaln_norm1,1c05,5,12,even,13,4,bed4be263d0cbe66
action_dit_adaln_norm1,1c05,5,13,odd,13,4,3e063ce4bf0e3c84
action_dit_adaln_norm1,1c05,5,14,even,13,4,3d8cbedd3f08be96
action_dit_adaln_norm1,1c05,5,15,odd,13,4,be32bcb83ecdbd38
action_dit_adaln_norm1,1c05,5,0,even,14,4,be823f21bdf63e38
action_dit_adaln_norm1,1c05,5,1,odd,14,4,be463e2ebe5bbeba
action_dit_adaln_norm1,1c05,5,2,even,14,4,3ee9bd52bf763e74
action_dit_adaln_norm1,1c05,5,3,odd,14,4,be583ea63ec2be7e
action_dit_adaln_norm1,1c05,5,4,even,14,4,bf44be883f44bec7
action_dit_adaln_norm1,1c05,5,5,odd,14,4,3e9e3ed23bc03e64
action_dit_adaln_norm1,1c05,5,6,even,14,4,3e99bcefbeeabeee
action_dit_adaln_norm1,1c05,5,7,odd,14,4,3e89becd3f52be90
action_dit_adaln_norm1,1c05,5,8,even,14,4,3dc43ef2bf02be20
action_dit_adaln_norm1,1c05,5,9,odd,14,4,be5a3ecdbd203e9a
action_dit_adaln_norm1,1c05,5,10,even,14,4,be1a3ef83e71be86
action_dit_adaln_norm1,1c05,5,11,odd,14,4,be8e3ebcbe8f3e93
action_dit_adaln_norm1,1c05,5,12,even,14,4,3e673ccbbe8bbf3a
action_dit_adaln_norm1,1c05,5,13,odd,14,4,bddfbe3bbd033f02
action_dit_adaln_norm1,1c05,5,14,even,14,4,3e683e3ebe96bca0
action_dit_adaln_norm1,1c05,5,15,odd,14,4,be283e3bbeac3f3e
action_dit_adaln_norm1,1c05,5,0,even,15,4,be80bd503ed53db0
action_dit_adaln_norm1,1c05,5,1,odd,15,4,3eca3e943c80be7f
action_dit_adaln_norm1,1c05,5,2,even,15,4,3e8dbd843e033d9e
action_dit_adaln_norm1,1c05,5,3,odd,15,4,be42bd2c3edcbc60
action_dit_adaln_norm1,1c05,5,4,even,15,4,3e213d383e09beb5
action_dit_adaln_norm1,1c05,5,5,odd,15,4,3dfbbda83e3cbd80
action_dit_adaln_norm1,1c05,5,6,even,15,4,3d893d0cbe853d88
action_dit_adaln_norm1,1c05,5,7,odd,15,4,bee83e38bf263ee8
action_dit_adaln_norm1,1c05,5,8,even,15,4,3e063f063f033e72
action_dit_adaln_norm1,1c05,5,9,odd,15,4,be8ebe56bd083c60
action_dit_adaln_norm1,1c05,5,10,even,15,4,3f1dbe8ebe6bbe44
action_dit_adaln_norm1,1c05,5,11,odd,15,4,3d60bdd13e33bd68
action_dit_adaln_norm1,1c05,5,12,even,15,4,3edf3f283cb83ed8
action_dit_adaln_norm1,1c05,5,13,odd,15,4,be273ebd3de3bf17
action_dit_adaln_norm1,1c05,5,14,even,15,4,be603dae3be03da4
action_dit_adaln_norm1,1c05,5,15,odd,15,4,be02bc90be48bd34
action_dit_adaln_norm1,1c05,5,0,even,16,4,bdfa3ec6be65bdf8
action_dit_adaln_norm1,1c05,5,1,odd,16,4,bdf6bcc8bf7abf0c
action_dit_adaln_norm1,1c05,5,2,even,16,4,3e48be2fbd9abe8c
action_dit_adaln_norm1,1c05,5,3,odd,16,4,bd703e33be343e92
action_dit_adaln_norm1,1c05,5,4,even,16,4,3e743ba03ed4be9c
action_dit_adaln_norm1,1c05,5,5,odd,16,4,3eb9be923da9bef2
action_dit_adaln_norm1,1c05,5,6,even,16,4,be8abd7c3bc6be6c
action_dit_adaln_norm1,1c05,5,7,odd,16,4,3c9cbf203e83beb2
action_dit_adaln_norm1,1c05,5,8,even,16,4,bf173e003e9ebeea
action_dit_adaln_norm1,1c05,5,9,odd,16,4,3cf0be9dbe423e56
action_dit_adaln_norm1,1c05,5,10,even,16,4,3e2d3ef9be113df0
action_dit_adaln_norm1,1c05,5,11,odd,16,4,bf2ebd0dbef73e7f
action_dit_adaln_norm1,1c05,5,12,even,16,4,3f033e88bf22be3c
action_dit_adaln_norm1,1c05,5,13,odd,16,4,3eb6bd8ebe403d94
action_dit_adaln_norm1,1c05,5,14,even,16,4,bd64bedabefb3e38
action_dit_adaln_norm1,1c05,5,15,odd,16,4,bed4beca3df4bf19
action_dit_adaln_norm1,1c05,5,0,even,17,4,3d9d3f483da6bdb2
action_dit_adaln_norm1,1c05,5,1,odd,17,4,3edc3f1c3cedbe82
action_dit_adaln_norm1,1c05,5,2,even,17,4,3f143dad3eedbec0
action_dit_adaln_norm1,1c05,5,3,odd,17,4,3dca3ebd3ea53ea2
action_dit_adaln_norm1,1c05,5,4,even,17,4,3e893efebe043e9b
action_dit_adaln_norm1,1c05,5,5,odd,17,4,3eb6be2cbe8bbe90
action_dit_adaln_norm1,1c05,5,6,even,17,4,3ce4bee6be43be85
action_dit_adaln_norm1,1c05,5,7,odd,17,4,3e9b3d62beddbe29
action_dit_adaln_norm1,1c05,5,8,even,17,4,3eb63e203efdbd80
action_dit_adaln_norm1,1c05,5,9,odd,17,4,bd38bd84bf153df9
action_dit_adaln_norm1,1c05,5,10,even,17,4,3d863d1abe70be05
action_dit_adaln_norm1,1c05,5,11,odd,17,4,be16bcb43e86bedb
action_dit_adaln_norm1,1c05,5,12,even,17,4,3eebbeb2be1a3f26
action_dit_adaln_norm1,1c05,5,13,odd,17,4,3dbc3def3e623ec4
action_dit_adaln_norm1,1c05,5,14,even,17,4,bd94bea1bd46be65
action_dit_adaln_norm1,1c05,5,15,odd,17,4,3e99be8cbda63f26
action_dit_adaln_norm1,1c05,5,0,even,18,4,3f3fbed6bc88bd34
action_dit_adaln_norm1,1c05,5,1,odd,18,4,3e743e7e3bb0be4d
action_dit_adaln_norm1,1c05,5,2,even,18,4,bec1be783ee63e24
action_dit_adaln_norm1,1c05,5,3,odd,18,4,3e47bec8be923e58
action_dit_adaln_norm1,1c05,5,4,even,18,4,bca4bc00be823e2e
action_dit_adaln_norm1,1c05,5,5,odd,18,4,3e8abdf73e32be60
action_dit_adaln_norm1,1c05,5,6,even,18,4,3e2ebeaf3eebbded
action_dit_adaln_norm1,1c05,5,7,odd,18,4,3ebdbf18be6a3c70
action_dit_adaln_norm1,1c05,5,8,even,18,4,3ee4be79bc20be7e
action_dit_adaln_norm1,1c05,5,9,odd,18,4,beec3ee83e163e0d
action_dit_adaln_norm1,1c05,5,10,even,18,4,bb803ec5beb4bdec
action_dit_adaln_norm1,1c05,5,11,odd,18,4,3dd83f3d3f403d9f
action_dit_adaln_norm1,1c05,5,12,even,18,4,3e643eacbe61be6b
action_dit_adaln_norm1,1c05,5,13,odd,18,4,bde03b00bedcbe58
action_dit_adaln_norm1,1c05,5,14,even,18,4,be61be0cbebabf36
action_dit_adaln_norm1,1c05,5,15,odd,18,4,be24be08be993e74
action_dit_adaln_norm1,1c05,5,0,even,19,4,beb03ecfbe0d3eb7
action_dit_adaln_norm1,1c05,5,1,odd,19,4,3e9fbe233f303ecf
action_dit_adaln_norm1,1c05,5,2,even,19,4,3e043e643dbc3eab
action_dit_adaln_norm1,1c05,5,3,odd,19,4,3ea7bcecbe703f22
action_dit_adaln_norm1,1c05,5,4,even,19,4,3eeebea0bdb43ecd
action_dit_adaln_norm1,1c05,5,5,odd,19,4,3ed03eff3d6cbe43
action_dit_adaln_norm1,1c05,5,6,even,19,4,be94be5abdbbbde0
action_dit_adaln_norm1,1c05,5,7,odd,19,4,3f06bd7c3c903f16
action_dit_adaln_norm1,1c05,5,8,even,19,4,be0b3ce03d953e98
action_dit_adaln_norm1,1c05,5,9,odd,19,4,bca0bd183e94bf05
action_dit_adaln_norm1,1c05,5,10,even,19,4,bee53ed3bddc3d10
action_dit_adaln_norm1,1c05,5,11,odd,19,4,be6e3e52bf14bd74
action_dit_adaln_norm1,1c05,5,12,even,19,4,ba80bdb53e3e3cfb
action_dit_adaln_norm1,1c05,5,13,odd,19,4,3dc2bef13e163e90
action_dit_adaln_norm1,1c05,5,14,even,19,4,3d803e46be7cbe9a
action_dit_adaln_norm1,1c05,5,15,odd,19,4,3dc73d93bcf0beaf
action_dit_adaln_norm1,1c05,5,0,even,20,4,be9f3d023e053ed3
action_dit_adaln_norm1,1c05,5,1,odd,20,4,bc98bf03be623e05
action_dit_adaln_norm1,1c05,5,2,even,20,4,bec8be4d3e243e5a
action_dit_adaln_norm1,1c05,5,3,odd,20,4,bd863eb0be513ed5
action_dit_adaln_norm1,1c05,5,4,even,20,4,bd543d943d983d98
action_dit_adaln_norm1,1c05,5,5,odd,20,4,3dfe3f39be48be84
action_dit_adaln_norm1,1c05,5,6,even,20,4,beb3bf143d843f11
action_dit_adaln_norm1,1c05,5,7,odd,20,4,3f143edc3dab3da0
action_dit_adaln_norm1,1c05,5,8,even,20,4,3d003e0abd823f00
action_dit_adaln_norm1,1c05,5,9,odd,20,4,3e2a3eb2bf463eff
action_dit_adaln_norm1,1c05,5,10,even,20,4,3ed13d803deabe02
action_dit_adaln_norm1,1c05,5,11,odd,20,4,be6ebe24bec13f50
action_dit_adaln_norm1,1c05,5,12,even,20,4,3e823eb83e3a3ed7
action_dit_adaln_norm1,1c05,5,13,odd,20,4,bf22be5e3dedbed5
action_dit_adaln_norm1,1c05,5,14,even,20,4,3df7bee83e923f0f
action_dit_adaln_norm1,1c05,5,15,odd,20,4,bf2c3dacbdba3ed6
action_dit_adaln_norm1,1c05,5,0,even,21,4,bd563b003e133e14
action_dit_adaln_norm1,1c05,5,1,odd,21,4,bdcfbf003ee23ec0
action_dit_adaln_norm1,1c05,5,2,even,21,4,3e9c3e153d1b3e2e
action_dit_adaln_norm1,1c05,5,3,odd,21,4,be5dbe56beb23bc0
action_dit_adaln_norm1,1c05,5,4,even,21,4,3edebf11be27bee8
action_dit_adaln_norm1,1c05,5,5,odd,21,4,bea2be7fbd40bec7
action_dit_adaln_norm1,1c05,5,6,even,21,4,3d0c3d84beb6bdbe
action_dit_adaln_norm1,1c05,5,7,odd,21,4,3d74bf183e98be8b
action_dit_adaln_norm1,1c05,5,8,even,21,4,3e063e723d9abe3d
action_dit_adaln_norm1,1c05,5,9,odd,21,4,bdf2bf673e8ebf3f
action_dit_adaln_norm1,1c05,5,10,even,21,4,3ed93e85bf363e1b
action_dit_adaln_norm1,1c05,5,11,odd,21,4,3ead3e80be49be36
action_dit_adaln_norm1,1c05,5,12,even,21,4,bece3ee6bf1a3d48
action_dit_adaln_norm1,1c05,5,13,odd,21,4,3eb63e4bbb803e94
action_dit_adaln_norm1,1c05,5,14,even,21,4,3ea6becd3de93e11
action_dit_adaln_norm1,1c05,5,15,odd,21,4,bdb0bc803eb4bd4c
action_dit_adaln_norm1,1c05,5,0,even,22,4,3e223ec2be2d3e24
action_dit_adaln_norm1,1c05,5,1,odd,22,4,be7e3e82bcfcbb00
action_dit_adaln_norm1,1c05,5,2,even,22,4,bf0fbeeebf183f29
action_dit_adaln_norm1,1c05,5,3,odd,22,4,bf2abee1be63bcfd
action_dit_adaln_norm1,1c05,5,4,even,22,4,bed63e90bc883e34
action_dit_adaln_norm1,1c05,5,5,odd,22,4,3f00bf08beae3e45
action_dit_adaln_norm1,1c05,5,6,even,22,4,3eb83e4ebeeabce4
action_dit_adaln_norm1,1c05,5,7,odd,22,4,3dc23ed5bd8e3e4a
action_dit_adaln_norm1,1c05,5,8,even,22,4,3f08be2e3ec2beac
action_dit_adaln_norm1,1c05,5,9,odd,22,4,bdd83d8bbe35beb6
action_dit_adaln_norm1,1c05,5,10,even,22,4,beadbe63be53be0c
action_dit_adaln_norm1,1c05,5,11,odd,22,4,3f2c3e173f17bf1c
action_dit_adaln_norm1,1c05,5,12,even,22,4,bdfa3edc3edb3b8c
action_dit_adaln_norm1,1c05,5,13,odd,22,4,3c303e7f3e123b76
action_dit_adaln_norm1,1c05,5,14,even,22,4,bd2abdeebcee3d5e
action_dit_adaln_norm1,1c05,5,15,odd,22,4,be7ebe6abe35beaa
action_dit_adaln_norm1,1c05,5,0,even,23,4,bd683ece3e02be94
action_dit_adaln_norm1,1c05,5,1,odd,23,4,bd903efa3b60be9c
action_dit_adaln_norm1,1c05,5,2,even,23,4,be963e9cbd60bdd2
action_dit_adaln_norm1,1c05,5,3,odd,23,4,bf5cbe143e66bdea
action_dit_adaln_norm1,1c05,5,4,even,23,4,be213ed63e1fbe9a
action_dit_adaln_norm1,1c05,5,5,odd,23,4,becabeda3dcbbdbe
action_dit_adaln_norm1,1c05,5,6,even,23,4,bf47bf1fbebdbede
action_dit_adaln_norm1,1c05,5,7,odd,23,4,bdbebebcbe113e02
action_dit_adaln_norm1,1c05,5,8,even,23,4,bebe3e343ea4becf
action_dit_adaln_norm1,1c05,5,9,odd,23,4,bee4bc98bdc83e56
action_dit_adaln_norm1,1c05,5,10,even,23,4,3ec83ec03d64be43
action_dit_adaln_norm1,1c05,5,11,odd,23,4,3e9dbe3abd28bdfc
action_dit_adaln_norm1,1c05,5,12,even,23,4,3eb53e123e7a3d0c
action_dit_adaln_norm1,1c05,5,13,odd,23,4,bed3be27be58be02
action_dit_adaln_norm1,1c05,5,14,even,23,4,be863e8d3e8a3ce0
action_dit_adaln_norm1,1c05,5,15,odd,23,4,3da23e903e34be2e
action_dit_adaln_norm1,1c06,6,0,even,0,4,be0c3daebcae3e80
action_dit_adaln_norm1,1c06,6,1,odd,0,4,beb33ea8bd183ec6
action_dit_adaln_norm1,1c06,6,2,even,0,4,beba3e753e36be94
action_dit_adaln_norm1,1c06,6,3,odd,0,4,3c85be9ebe4bbe7e
action_dit_adaln_norm1,1c06,6,4,even,0,4,bf1b3d7fbd6ebe52
action_dit_adaln_norm1,1c06,6,5,odd,0,4,3e8c3ea3bdd6bc40
action_dit_adaln_norm1,1c06,6,6,even,0,4,3ea2bf083d823eaf
action_dit_adaln_norm1,1c06,6,7,odd,0,4,3ee2beaa3e80bd9c
action_dit_adaln_norm1,1c06,6,8,even,0,4,be823e0d3ed53ebc
action_dit_adaln_norm1,1c06,6,9,odd,0,4,3ead3e4a3f85bcc0
action_dit_adaln_norm1,1c06,6,10,even,0,4,3dae3d96be34bee0
action_dit_adaln_norm1,1c06,6,11,odd,0,4,3e8e3d853e553d9a
action_dit_adaln_norm1,1c06,6,12,even,0,4,be383f083e9d3de2
action_dit_adaln_norm1,1c06,6,13,odd,0,4,be743f66be583dd8
action_dit_adaln_norm1,1c06,6,14,even,0,4,bf1cbe1fbe5b3e91
action_dit_adaln_norm1,1c06,6,15,odd,0,4,bf163eaabf1c3deb
action_dit_adaln_norm1,1c06,6,0,even,1,4,bd28be1a3e95bee2
action_dit_adaln_norm1,1c06,6,1,odd,1,4,be913e603ec5bd34
action_dit_adaln_norm1,1c06,6,2,even,1,4,bd143dd6bd343dd2
action_dit_adaln_norm1,1c06,6,3,odd,1,4,be44bd44be90bcc9
action_dit_adaln_norm1,1c06,6,4,even,1,4,be2bbe1a3db4bdbc
action_dit_adaln_norm1,1c06,6,5,odd,1,4,3dfe3e083d863e73
action_dit_adaln_norm1,1c06,6,6,even,1,4,3e063e1e3e10be91
action_dit_adaln_norm1,1c06,6,7,odd,1,4,be89be2abe453eca
action_dit_adaln_norm1,1c06,6,8,even,1,4,bea03eeebf0fbdc9
action_dit_adaln_norm1,1c06,6,9,odd,1,4,bd603e923e613ef2
action_dit_adaln_norm1,1c06,6,10,even,1,4,bc48bda2bf26bf1e
action_dit_adaln_norm1,1c06,6,11,odd,1,4,bb003f19be423e4e
action_dit_adaln_norm1,1c06,6,12,even,1,4,be03bed4bebb3e09
action_dit_adaln_norm1,1c06,6,13,odd,1,4,bed7bcc8bdd83c88
action_dit_adaln_norm1,1c06,6,14,even,1,4,bee83dbcbd66bedc
action_dit_adaln_norm1,1c06,6,15,odd,1,4,3cba3eb2bd5cbe2c
action_dit_adaln_norm1,1c06,6,0,even,2,4,3db23ed13f073e90
action_dit_adaln_norm1,1c06,6,1,odd,2,4,befa3c80befabd8a
action_dit_adaln_norm1,1c06,6,2,even,2,4,be18be3abe53bf06
action_dit_adaln_norm1,1c06,6,3,odd,2,4,3d993e55bdc83e9a
action_dit_adaln_norm1,1c06,6,4,even,2,4,3eabbd8e3f043e98
action_dit_adaln_norm1,1c06,6,5,odd,2,4,3ddebe3cbd2c3f07
action_dit_adaln_norm1,1c06,6,6,even,2,4,bf1e3e4bbe123c40
action_dit_adaln_norm1,1c06,6,7,odd,2,4,be923e6cbc52be11
action_dit_adaln_norm1,1c06,6,8,even,2,4,bda83c103e7abdcc
action_dit_adaln_norm1,1c06,6,9,odd,2,4,3f063e09be89bf25
action_dit_adaln_norm1,1c06,6,10,even,2,4,bee1be723c983d84
action_dit_adaln_norm1,1c06,6,11,odd,2,4,3eb4bce6bf213f12
action_dit_adaln_norm1,1c06,6,12,even,2,4,bd95bd5b3f18be7c
action_dit_adaln_norm1,1c06,6,13,odd,2,4,3ea73d68beb5bec3
action_dit_adaln_norm1,1c06,6,14,even,2,4,3ec93e123ed2bf0b
action_dit_adaln_norm1,1c06,6,15,odd,2,4,bd93bebe3e763f09
action_dit_adaln_norm1,1c06,6,0,even,3,4,beab3c663e803ea4
action_dit_adaln_norm1,1c06,6,1,odd,3,4,3e063d06beb0be90
action_dit_adaln_norm1,1c06,6,2,even,3,4,3dafbdd4bebabc00
action_dit_adaln_norm1,1c06,6,3,odd,3,4,bcc83e87bdab3e02
action_dit_adaln_norm1,1c06,6,4,even,3,4,bee73e13be0a3e38
action_dit_adaln_norm1,1c06,6,5,odd,3,4,3d3c3e67beb63e8d
action_dit_adaln_norm1,1c06,6,6,even,3,4,3df1bf20bec0bdd4
action_dit_adaln_norm1,1c06,6,7,odd,3,4,bee63ec63ea4bb00
action_dit_adaln_norm1,1c06,6,8,even,3,4,3dfebdb4bec0bc60
action_dit_adaln_norm1,1c06,6,9,odd,3,4,be67becabd973edb
action_dit_adaln_norm1,1c06,6,10,even,3,4,bcb0bebbbdfebd38
action_dit_adaln_norm1,1c06,6,11,odd,3,4,3ebdbe163e9bbb00
action_dit_adaln_norm1,1c06,6,12,even,3,4,be883c543e92be8a
action_dit_adaln_norm1,1c06,6,13,odd,3,4,bebabef2be39beea
action_dit_adaln_norm1,1c06,6,14,even,3,4,3eaebbeabe153e67
action_dit_adaln_norm1,1c06,6,15,odd,3,4,be393de33c003dd8
action_dit_adaln_norm1,1c06,6,0,even,4,4,3e9a3de83ea23e90
action_dit_adaln_norm1,1c06,6,1,odd,4,4,be14be36be6cbe3e
action_dit_adaln_norm1,1c06,6,2,even,4,4,bf353e1a3df1bec1
action_dit_adaln_norm1,1c06,6,3,odd,4,4,3edcbe12bd003d86
action_dit_adaln_norm1,1c06,6,4,even,4,4,be853d703d3abf04
action_dit_adaln_norm1,1c06,6,5,odd,4,4,3e8e3dce3ec7bd6c
action_dit_adaln_norm1,1c06,6,6,even,4,4,3df6bf0bbe41be98
action_dit_adaln_norm1,1c06,6,7,odd,4,4,be7dbe243e733e96
action_dit_adaln_norm1,1c06,6,8,even,4,4,bcd03da8bf2abea4
action_dit_adaln_norm1,1c06,6,9,odd,4,4,3f16be69bed23e0a
action_dit_adaln_norm1,1c06,6,10,even,4,4,3f42be71bec33f00
action_dit_adaln_norm1,1c06,6,11,odd,4,4,bc723e77be583e46
action_dit_adaln_norm1,1c06,6,12,even,4,4,3ede3f073ee0bd08
action_dit_adaln_norm1,1c06,6,13,odd,4,4,3e73bd6fbe063bd8
action_dit_adaln_norm1,1c06,6,14,even,4,4,bf103e6ebd69be87
action_dit_adaln_norm1,1c06,6,15,odd,4,4,3e0b3e873d24be8c
action_dit_adaln_norm1,1c06,6,0,even,5,4,3e9fbeb03eb7be7e
action_dit_adaln_norm1,1c06,6,1,odd,5,4,3f0a3db03e71bcc0
action_dit_adaln_norm1,1c06,6,2,even,5,4,be9ebe07be293eae
action_dit_adaln_norm1,1c06,6,3,odd,5,4,3eb03f02bf08beb4
action_dit_adaln_norm1,1c06,6,4,even,5,4,3d94beac3f283d9f
action_dit_adaln_norm1,1c06,6,5,odd,5,4,be87bd44bf32be0f
action_dit_adaln_norm1,1c06,6,6,even,5,4,3dc43e493edabe2d
action_dit_adaln_norm1,1c06,6,7,odd,5,4,3d403e973de4bdbc
action_dit_adaln_norm1,1c06,6,8,even,5,4,3e513e08beb0be89
action_dit_adaln_norm1,1c06,6,9,odd,5,4,3f2d3d783c00be15
action_dit_adaln_norm1,1c06,6,10,even,5,4,3f213e61bed8be75
action_dit_adaln_norm1,1c06,6,11,odd,5,4,3e263decbeebbe8b
action_dit_adaln_norm1,1c06,6,12,even,5,4,beb23d993ead3eaa
action_dit_adaln_norm1,1c06,6,13,odd,5,4,3df83e083ea43ec8
action_dit_adaln_norm1,1c06,6,14,even,5,4,3f2abca0bf003ee8
action_dit_adaln_norm1,1c06,6,15,odd,5,4,3e9dbe84bd843f0d
action_dit_adaln_norm1,1c06,6,0,even,6,4,3e9abee7bdae3e90
action_dit_adaln_norm1,1c06,6,1,odd,6,4,3e043df23ea13e12
action_dit_adaln_norm1,1c06,6,2,even,6,4,3ebd3d123d6cbe91
action_dit_adaln_norm1,1c06,6,3,odd,6,4,be333d30bcc23e73
action_dit_adaln_norm1,1c06,6,4,even,6,4,3ab03e6cbd80be92
action_dit_adaln_norm1,1c06,6,5,odd,6,4,be503d60bdfebedb
action_dit_adaln_norm1,1c06,6,6,even,6,4,bda63e91bf233d4d
action_dit_adaln_norm1,1c06,6,7,odd,6,4,be42bef7be243dd9
action_dit_adaln_norm1,1c06,6,8,even,6,4,bd42be2a3dcebda9
action_dit_adaln_norm1,1c06,6,9,odd,6,4,befe3a603ddcbdca
action_dit_adaln_norm1,1c06,6,10,even,6,4,bce7bd023ebebbe0
action_dit_adaln_norm1,1c06,6,11,odd,6,4,3f14be9f3eae3d20
action_dit_adaln_norm1,1c06,6,12,even,6,4,3ec1bd48bddf3e8b
action_dit_adaln_norm1,1c06,6,13,odd,6,4,be40be963de63e57
action_dit_adaln_norm1,1c06,6,14,even,6,4,3d753d0abdb3be64
action_dit_adaln_norm1,1c06,6,15,odd,6,4,bc003e99bec63e78
action_dit_adaln_norm1,1c06,6,0,even,7,4,bf123f01be3cbe47
action_dit_adaln_norm1,1c06,6,1,odd,7,4,bd303ea1bc103cb8
action_dit_adaln_norm1,1c06,6,2,even,7,4,bd0e3ea2bf08bd98
action_dit_adaln_norm1,1c06,6,3,odd,7,4,bd82bed0be7abd02
action_dit_adaln_norm1,1c06,6,4,even,7,4,be2fbec2bf3dbe9b
action_dit_adaln_norm1,1c06,6,5,odd,7,4,be8fbf1c3e1a3dee
action_dit_adaln_norm1,1c06,6,6,even,7,4,3dc4bd533d84bc7d
action_dit_adaln_norm1,1c06,6,7,odd,7,4,be8dbe083ebbbf1f
action_dit_adaln_norm1,1c06,6,8,even,7,4,3e60bebc3efe3d78
action_dit_adaln_norm1,1c06,6,9,odd,7,4,3d633ebc3e55bc48
action_dit_adaln_norm1,1c06,6,10,even,7,4,3deb3cba3e7a3f0b
action_dit_adaln_norm1,1c06,6,11,odd,7,4,3c243de63e04be2f
action_dit_adaln_norm1,1c06,6,12,even,7,4,bde7bd853d52bdf4
action_dit_adaln_norm1,1c06,6,13,odd,7,4,3d243d0cbee3bdf0
action_dit_adaln_norm1,1c06,6,14,even,7,4,3cbcbd54bea0be4f
action_dit_adaln_norm1,1c06,6,15,odd,7,4,be17bf01be40bf2a
action_dit_adaln_norm1,1c06,6,0,even,8,4,be33be883dc53dbb
action_dit_adaln_norm1,1c06,6,1,odd,8,4,3e5abe193e843ea1
action_dit_adaln_norm1,1c06,6,2,even,8,4,bb40bec0beab3e88
action_dit_adaln_norm1,1c06,6,3,odd,8,4,bf0ebeb2bee43ece
action_dit_adaln_norm1,1c06,6,4,even,8,4,3ef7bedd3c88bf1c
action_dit_adaln_norm1,1c06,6,5,odd,8,4,bd16bd9cbe08be64
action_dit_adaln_norm1,1c06,6,6,even,8,4,be4e3ef7bef9be74
action_dit_adaln_norm1,1c06,6,7,odd,8,4,3e993ead3da4bf50
action_dit_adaln_norm1,1c06,6,8,even,8,4,3da13ef4bed1bf1a
action_dit_adaln_norm1,1c06,6,9,odd,8,4,3c3cbe063f13bd0a
action_dit_adaln_norm1,1c06,6,10,even,8,4,be9a3f09bf083e08
action_dit_adaln_norm1,1c06,6,11,odd,8,4,3e90bd96bf02be72
action_dit_adaln_norm1,1c06,6,12,even,8,4,beaf3e943ec6be96
action_dit_adaln_norm1,1c06,6,13,odd,8,4,3d123d863e9e3d9e
action_dit_adaln_norm1,1c06,6,14,even,8,4,be043f23bebb3f43
action_dit_adaln_norm1,1c06,6,15,odd,8,4,3debbddc3e6dbd80
action_dit_adaln_norm1,1c06,6,0,even,9,4,beba3e283f38be0a
action_dit_adaln_norm1,1c06,6,1,odd,9,4,3e153f18bdb83c20
action_dit_adaln_norm1,1c06,6,2,even,9,4,3e44bd933eb93d08
action_dit_adaln_norm1,1c06,6,3,odd,9,4,3deabd0ebdba3eaf
action_dit_adaln_norm1,1c06,6,4,even,9,4,3e4a3ec3bdae3f2a
action_dit_adaln_norm1,1c06,6,5,odd,9,4,be81be933e983e84
action_dit_adaln_norm1,1c06,6,6,even,9,4,bed43ea5bdf63e96
action_dit_adaln_norm1,1c06,6,7,odd,9,4,bdf0bea0be0e3dbc
action_dit_adaln_norm1,1c06,6,8,even,9,4,bdd13f20bd08be86
action_dit_adaln_norm1,1c06,6,9,odd,9,4,3e60becfbd35be44
action_dit_adaln_norm1,1c06,6,10,even,9,4,3e3c3e383c40bd10
action_dit_adaln_norm1,1c06,6,11,odd,9,4,beae3e1e3ea8be7a
action_dit_adaln_norm1,1c06,6,12,even,9,4,3dc43d73be54be1f
action_dit_adaln_norm1,1c06,6,13,odd,9,4,bf413e73bd8fbec4
action_dit_adaln_norm1,1c06,6,14,even,9,4,bf08bd94be2cbe04
action_dit_adaln_norm1,1c06,6,15,odd,9,4,bea43e373e5abed8
action_dit_adaln_norm1,1c06,6,0,even,10,4,3db83e78beaf3ecc
action_dit_adaln_norm1,1c06,6,1,odd,10,4,be683ebc3e823ef2
action_dit_adaln_norm1,1c06,6,2,even,10,4,bd6c3eabbd11beaa
action_dit_adaln_norm1,1c06,6,3,odd,10,4,bee23cce3cd33ed7
action_dit_adaln_norm1,1c06,6,4,even,10,4,bedb3e9d3e14bf58
action_dit_adaln_norm1,1c06,6,5,odd,10,4,bec4bf183e46be14
action_dit_adaln_norm1,1c06,6,6,even,10,4,3e42be223e8b3e14
action_dit_adaln_norm1,1c06,6,7,odd,10,4,3e46be21beacbd16
action_dit_adaln_norm1,1c06,6,8,even,10,4,3f513e783dce3d74
action_dit_adaln_norm1,1c06,6,9,odd,10,4,3d5bbdd43e813f40
action_dit_adaln_norm1,1c06,6,10,even,10,4,bdde3d4c3d92bf02
action_dit_adaln_norm1,1c06,6,11,odd,10,4,bdc13ee03c983e47
action_dit_adaln_norm1,1c06,6,12,even,10,4,3ed03e33bed1bf04
action_dit_adaln_norm1,1c06,6,13,odd,10,4,3e843eb83edcbecf
action_dit_adaln_norm1,1c06,6,14,even,10,4,3ec03ed0be0d3c70
action_dit_adaln_norm1,1c06,6,15,odd,10,4,3e1a3ebabe44be19
action_dit_adaln_norm1,1c06,6,0,even,11,4,be373ef6bec63ec8
action_dit_adaln_norm1,1c06,6,1,odd,11,4,3e8b3c20be793df6
action_dit_adaln_norm1,1c06,6,2,even,11,4,bd673ec3be053f14
action_dit_adaln_norm1,1c06,6,3,odd,11,4,3d08be473e5ebd84
action_dit_adaln_norm1,1c06,6,4,even,11,4,3ee1be10bde83d42
action_dit_adaln_norm1,1c06,6,5,odd,11,4,bdad3dd33f2e3e34
action_dit_adaln_norm1,1c06,6,6,even,11,4,be843dc9be223e80
action_dit_adaln_norm1,1c06,6,7,odd,11,4,bdfc3e973e243de1
action_dit_adaln_norm1,1c06,6,8,even,11,4,3c883efcbe9ebd6c
action_dit_adaln_norm1,1c06,6,9,odd,11,4,3e30be8ebcf0beb6
action_dit_adaln_norm1,1c06,6,10,even,11,4,be863ea8bee23ea5
action_dit_adaln_norm1,1c06,6,11,odd,11,4,3e80bf023ebb3f2c
action_dit_adaln_norm1,1c06,6,12,even,11,4,3f18bef63f00bddc
action_dit_adaln_norm1,1c06,6,13,odd,11,4,3e9d3e6d3e4cbe86
action_dit_adaln_norm1,1c06,6,14,even,11,4,beb63d083e6e3dbe
action_dit_adaln_norm1,1c06,6,15,odd,11,4,bda4be2cbe943e94
action_dit_adaln_norm1,1c06,6,0,even,12,4,bec03dcebed63bf0
action_dit_adaln_norm1,1c06,6,1,odd,12,4,3ec4bee8bea43e6c
action_dit_adaln_norm1,1c06,6,2,even,12,4,3db6be34bed0be3e
action_dit_adaln_norm1,1c06,6,3,odd,12,4,3dcfbf33bcec3bc0
action_dit_adaln_norm1,1c06,6,4,even,12,4,3e863ed6bf873f2c
action_dit_adaln_norm1,1c06,6,5,odd,12,4,be063e823cfa3dce
action_dit_adaln_norm1,1c06,6,6,even,12,4,bebdbe583f003e97
action_dit_adaln_norm1,1c06,6,7,odd,12,4,3dc83ea6be0a3cf8
action_dit_adaln_norm1,1c06,6,8,even,12,4,3f0ebf0ebeb3bd42
action_dit_adaln_norm1,1c06,6,9,odd,12,4,bdf1bef63d97bdec
action_dit_adaln_norm1,1c06,6,10,even,12,4,3f023f1c3c903ea7
action_dit_adaln_norm1,1c06,6,11,odd,12,4,3e203e2f3e343d86
action_dit_adaln_norm1,1c06,6,12,even,12,4,bf123e333dffbd44
action_dit_adaln_norm1,1c06,6,13,odd,12,4,3e633dfebe8abe38
action_dit_adaln_norm1,1c06,6,14,even,12,4,3eb43e593f12be84
action_dit_adaln_norm1,1c06,6,15,odd,12,4,beb4bd343dd3bed6
action_dit_adaln_norm1,1c06,6,0,even,13,4,be833bf03e6a3e8e
action_dit_adaln_norm1,1c06,6,1,odd,13,4,3e2cbe1abe543f16
action_dit_adaln_norm1,1c06,6,2,even,13,4,be82bf143dd3bdfa
action_dit_adaln_norm1,1c06,6,3,odd,13,4,3e71bdb4bcb83f09
action_dit_adaln_norm1,1c06,6,4,even,13,4,3e303f053e453eb2
action_dit_adaln_norm1,1c06,6,5,odd,13,4,3eaa3dd83e20bc10
action_dit_adaln_norm1,1c06,6,6,even,13,4,bea63d30bea23da2
action_dit_adaln_norm1,1c06,6,7,odd,13,4,3e0cbeb2bccc3d01
action_dit_adaln_norm1,1c06,6,8,even,13,4,3f3fbd18bef63e31
action_dit_adaln_norm1,1c06,6,9,odd,13,4,be8cbf2bbec0be77
action_dit_adaln_norm1,1c06,6,10,even,13,4,3eedbde43efe3eac
action_dit_adaln_norm1,1c06,6,11,odd,13,4,3de4bca0bddabeb0
action_dit_adaln_norm1,1c06,6,12,even,13,4,3a00bda8be4dbf03
action_dit_adaln_norm1,1c06,6,13,odd,13,4,bcc23e14bf273c91
action_dit_adaln_norm1,1c06,6,14,even,13,4,0000be4c3f1cbeb1
action_dit_adaln_norm1,1c06,6,15,odd,13,4,beb2bc533a643e1c
action_dit_adaln_norm1,1c06,6,0,even,14,4,3df23f4dbed3be40
action_dit_adaln_norm1,1c06,6,1,odd,14,4,3e14bd68bedabe75
action_dit_adaln_norm1,1c06,6,2,even,14,4,bd10be42bee43e4c
action_dit_adaln_norm1,1c06,6,3,odd,14,4,3d1e3dba3e1ebecf
action_dit_adaln_norm1,1c06,6,4,even,14,4,bef5bd783ee1beae
action_dit_adaln_norm1,1c06,6,5,odd,14,4,3b003e24be5d3eeb
action_dit_adaln_norm1,1c06,6,6,even,14,4,3e133d84be91be00
action_dit_adaln_norm1,1c06,6,7,odd,14,4,3f02be103f02bcf8
action_dit_adaln_norm1,1c06,6,8,even,14,4,3eb03e0fbf1b3dab
action_dit_adaln_norm1,1c06,6,9,odd,14,4,3e1c3e963e903e80
action_dit_adaln_norm1,1c06,6,10,even,14,4,be9e3e203e1cbef1
action_dit_adaln_norm1,1c06,6,11,odd,14,4,3e163eab3e5b3bc0
action_dit_adaln_norm1,1c06,6,12,even,14,4,3e183dc3beb8becd
action_dit_adaln_norm1,1c06,6,13,odd,14,4,be34be3a3ee23f1f
action_dit_adaln_norm1,1c06,6,14,even,14,4,3c303e73bd4ebe5a
action_dit_adaln_norm1,1c06,6,15,odd,14,4,3d0a3d82bea43e44
action_dit_adaln_norm1,1c06,6,0,even,15,4,be0b3e923f2c3dfb
action_dit_adaln_norm1,1c06,6,1,odd,15,4,3ee63d503dc8bdea
action_dit_adaln_norm1,1c06,6,2,even,15,4,3e59be27be2fbd4c
action_dit_adaln_norm1,1c06,6,3,odd,15,4,3e263e643ec2be67
action_dit_adaln_norm1,1c06,6,4,even,15,4,3d96be233df6beac
action_dit_adaln_norm1,1c06,6,5,odd,15,4,3e10bd843e93be16
action_dit_adaln_norm1,1c06,6,6,even,15,4,3ec3bf10be8e3e0e
action_dit_adaln_norm1,1c06,6,7,odd,15,4,bf1cbc30bed23ec8
action_dit_adaln_norm1,1c06,6,8,even,15,4,bc303e783e013eb4
action_dit_adaln_norm1,1c06,6,9,odd,15,4,3e67bd20bd18bd08
action_dit_adaln_norm1,1c06,6,10,even,15,4,3eccbd883a80be99
action_dit_adaln_norm1,1c06,6,11,odd,15,4,be86bdef3e2dbe68
action_dit_adaln_norm1,1c06,6,12,even,15,4,3f103edcbd043f01
action_dit_adaln_norm1,1c06,6,13,odd,15,4,3e073ed2be3abebd
action_dit_adaln_norm1,1c06,6,14,even,15,4,bdc4bd63be0fbcf8
action_dit_adaln_norm1,1c06,6,15,odd,15,4,3e31becabd81bccc
action_dit_adaln_norm1,1c06,6,0,even,16,4,bd703eb6bdab3e3c
action_dit_adaln_norm1,1c06,6,1,odd,16,4,be72bd86bf96be88
action_dit_adaln_norm1,1c06,6,2,even,16,4,3b68bca03df13d8c
action_dit_adaln_norm1,1c06,6,3,odd,16,4,3e683eca3d7c3e81
action_dit_adaln_norm1,1c06,6,4,even,16,4,be643e643e0f3d30
action_dit_adaln_norm1,1c06,6,5,odd,16,4,3eb2bc50bea7bcba
action_dit_adaln_norm1,1c06,6,6,even,16,4,bed0be30bdb6be8b
action_dit_adaln_norm1,1c06,6,7,odd,16,4,bd0dbe48be37be7f
action_dit_adaln_norm1,1c06,6,8,even,16,4,bf18be8a3e9ebe4a
action_dit_adaln_norm1,1c06,6,9,odd,16,4,3b80bc58be2e3eca
action_dit_adaln_norm1,1c06,6,10,even,16,4,3eb43eba3e2dbe2c
action_dit_adaln_norm1,1c06,6,11,odd,16,4,be923e5ebed03e0a
action_dit_adaln_norm1,1c06,6,12,even,16,4,3f063d02bf24beea
action_dit_adaln_norm1,1c06,6,13,odd,16,4,0000bd8cbd1e3e9b
action_dit_adaln_norm1,1c06,6,14,even,16,4,3d8cbefcbee1be37
action_dit_adaln_norm1,1c06,6,15,odd,16,4,bee4be103deabf04
action_dit_adaln_norm1,1c06,6,0,even,17,4,3e213f143ca9bbf0
action_dit_adaln_norm1,1c06,6,1,odd,17,4,3f303eea3e62bd84
action_dit_adaln_norm1,1c06,6,2,even,17,4,3ef2bdae3da4bea2
action_dit_adaln_norm1,1c06,6,3,odd,17,4,3e093ee33f103deb
action_dit_adaln_norm1,1c06,6,4,even,17,4,3e6c3f14be823e9d
action_dit_adaln_norm1,1c06,6,5,odd,17,4,3e833d46bddcbf13
action_dit_adaln_norm1,1c06,6,6,even,17,4,3e53beb6bec2bd21
action_dit_adaln_norm1,1c06,6,7,odd,17,4,3e0abe143e68be87
action_dit_adaln_norm1,1c06,6,8,even,17,4,3e463e3d3e81be7a
action_dit_adaln_norm1,1c06,6,9,odd,17,4,3dbdbdf1be583e87
action_dit_adaln_norm1,1c06,6,10,even,17,4,3e913ea63e21bd24
action_dit_adaln_norm1,1c06,6,11,odd,17,4,bea03e8d3ea4bd7e
action_dit_adaln_norm1,1c06,6,12,even,17,4,3e22bf25be033e24
action_dit_adaln_norm1,1c06,6,13,odd,17,4,3cf03f05bd283df4
action_dit_adaln_norm1,1c06,6,14,even,17,4,bd563e56be2ebd78
action_dit_adaln_norm1,1c06,6,15,odd,17,4,3e58be6bbe773f45
action_dit_adaln_norm1,1c06,6,0,even,18,4,3f24bce83e303b10
action_dit_adaln_norm1,1c06,6,1,odd,18,4,bdc93e3fbe7cbb10
action_dit_adaln_norm1,1c06,6,2,even,18,4,be1bbf16be2e3ed0
action_dit_adaln_norm1,1c06,6,3,odd,18,4,3dfdbeb2be563e90
action_dit_adaln_norm1,1c06,6,4,even,18,4,be3a3d7c3a00bc88
action_dit_adaln_norm1,1c06,6,5,odd,18,4,be1dbe7b3f06bdaf
action_dit_adaln_norm1,1c06,6,6,even,18,4,3ef8be823e303d02
action_dit_adaln_norm1,1c06,6,7,odd,18,4,3d8ebe7b3b843d06
action_dit_adaln_norm1,1c06,6,8,even,18,4,3e0ebeb83e32beed
action_dit_adaln_norm1,1c06,6,9,odd,18,4,3ddb3cc0be883f0a
action_dit_adaln_norm1,1c06,6,10,even,18,4,bdc23f2cbca2bd7d
action_dit_adaln_norm1,1c06,6,11,odd,18,4,3eb63f943f143f18
action_dit_adaln_norm1,1c06,6,12,even,18,4,3c503f12bc40be26
action_dit_adaln_norm1,1c06,6,13,odd,18,4,bd603e04be0c3d96
action_dit_adaln_norm1,1c06,6,14,even,18,4,3d183e54be94be8c
action_dit_adaln_norm1,1c06,6,15,odd,18,4,bea6bf18bef6be34
action_dit_adaln_norm1,1c06,6,0,even,19,4,be6dbdba3a003e9a
action_dit_adaln_norm1,1c06,6,1,odd,19,4,3ef8bee23eff3e82
action_dit_adaln_norm1,1c06,6,2,even,19,4,3e803e7fbe043da8
action_dit_adaln_norm1,1c06,6,3,odd,19,4,3e2cbc60bc703efc
action_dit_adaln_norm1,1c06,6,4,even,19,4,3e863e74be523e81
action_dit_adaln_norm1,1c06,6,5,odd,19,4,3ed03e1e3e9ebea1
action_dit_adaln_norm1,1c06,6,6,even,19,4,3e4bbebdbd463e36
action_dit_adaln_norm1,1c06,6,7,odd,19,4,3ecbbd9c3e5c3dc8
action_dit_adaln_norm1,1c06,6,8,even,19,4,bcd0bc403c84bdb6
action_dit_adaln_norm1,1c06,6,9,odd,19,4,bd8cbd713ee53c60
action_dit_adaln_norm1,1c06,6,10,even,19,4,bdf8bbc0be58bd44
action_dit_adaln_norm1,1c06,6,11,odd,19,4,be993d863d7e3e04
action_dit_adaln_norm1,1c06,6,12,even,19,4,bea43dc2bd5abe68
action_dit_adaln_norm1,1c06,6,13,odd,19,4,3e19be8e3e88bd70
action_dit_adaln_norm1,1c06,6,14,even,19,4,bdacbc9cbec8be67
action_dit_adaln_norm1,1c06,6,15,odd,19,4,be0b3e96bc90be0a
action_dit_adaln_norm1,1c06,6,0,even,20,4,bed83e2c3cb83eae
action_dit_adaln_norm1,1c06,6,1,odd,20,4,3e44bd94bde73da6
action_dit_adaln_norm1,1c06,6,2,even,20,4,3cd0bef13eb63b80
action_dit_adaln_norm1,1c06,6,3,odd,20,4,be373d54be523eec
action_dit_adaln_norm1,1c06,6,4,even,20,4,3e403eba3e4a3d84
action_dit_adaln_norm1,1c06,6,5,odd,20,4,bd6e3f52bf26bdb0
action_dit_adaln_norm1,1c06,6,6,even,20,4,be5fbee03ec13edf
action_dit_adaln_norm1,1c06,6,7,odd,20,4,3f203d1bbeb83dba
action_dit_adaln_norm1,1c06,6,8,even,20,4,3eed3e173ce83e9b
action_dit_adaln_norm1,1c06,6,9,odd,20,4,3f0b3d78bf3e3e80
action_dit_adaln_norm1,1c06,6,10,even,20,4,3ed7be193eb6be48
action_dit_adaln_norm1,1c06,6,11,odd,20,4,be283df0bd913f26
action_dit_adaln_norm1,1c06,6,12,even,20,4,3eb4bd923e343ee5
action_dit_adaln_norm1,1c06,6,13,odd,20,4,bee8bdc53e863d98
action_dit_adaln_norm1,1c06,6,14,even,20,4,bea1bea43e7a3d93
action_dit_adaln_norm1,1c06,6,15,odd,20,4,bf48bb403eb73eba
action_dit_adaln_norm1,1c06,6,0,even,21,4,3ed9bda03d1abdaa
action_dit_adaln_norm1,1c06,6,1,odd,21,4,be2ebd6c3eea3ed0
action_dit_adaln_norm1,1c06,6,2,even,21,4,3c103e85be2e3f21
action_dit_adaln_norm1,1c06,6,3,odd,21,4,be78beb8bf21be0c
action_dit_adaln_norm1,1c06,6,4,even,21,4,3dc6be77bec1be04
action_dit_adaln_norm1,1c06,6,5,odd,21,4,be45be19ba00bee0
action_dit_adaln_norm1,1c06,6,6,even,21,4,3f19be18be663d10
action_dit_adaln_norm1,1c06,6,7,odd,21,4,3e10be943d7ebe86
action_dit_adaln_norm1,1c06,6,8,even,21,4,bd383d893ec93dba
action_dit_adaln_norm1,1c06,6,9,odd,21,4,bde6bf303e4abf50
action_dit_adaln_norm1,1c06,6,10,even,21,4,3eed3e1cbf223e1a
action_dit_adaln_norm1,1c06,6,11,odd,21,4,3ef43f0bbd6dbde1
action_dit_adaln_norm1,1c06,6,12,even,21,4,bed63e0abece3d42
action_dit_adaln_norm1,1c06,6,13,odd,21,4,3f023da5be043dc5
action_dit_adaln_norm1,1c06,6,14,even,21,4,3e66bec43d8a3e9c
action_dit_adaln_norm1,1c06,6,15,odd,21,4,be343e3c3d44bdce
action_dit_adaln_norm1,1c06,6,0,even,22,4,3ddd3e0cbe4b3e87
action_dit_adaln_norm1,1c06,6,1,odd,22,4,3e4f3e71be6c3e0a
action_dit_adaln_norm1,1c06,6,2,even,22,4,bf063cb8bf473eda
action_dit_adaln_norm1,1c06,6,3,odd,22,4,be8abf0cbdb8bd22
action_dit_adaln_norm1,1c06,6,4,even,22,4,bf173e5cbc203da6
action_dit_adaln_norm1,1c06,6,5,odd,22,4,3eebbe9dbf023dcb
action_dit_adaln_norm1,1c06,6,6,even,22,4,3ea43eb4be053c8e
action_dit_adaln_norm1,1c06,6,7,odd,22,4,3da5bd8c3e203e88
action_dit_adaln_norm1,1c06,6,8,even,22,4,3e563e433d06be50
action_dit_adaln_norm1,1c06,6,9,odd,22,4,3d86be22bea2beb1
action_dit_adaln_norm1,1c06,6,10,even,22,4,bed2be833de63e29
action_dit_adaln_norm1,1c06,6,11,odd,22,4,3e123ce83ee6bef4
action_dit_adaln_norm1,1c06,6,12,even,22,4,bdc23e663f533e6a
action_dit_adaln_norm1,1c06,6,13,odd,22,4,be5ebe48beb73e74
action_dit_adaln_norm1,1c06,6,14,even,22,4,bdfbbd9c3f063db8
action_dit_adaln_norm1,1c06,6,15,odd,22,4,beb63de8be57be9b
action_dit_adaln_norm1,1c06,6,0,even,23,4,be4a3e6bbe043e2c
action_dit_adaln_norm1,1c06,6,1,odd,23,4,3d783e7a3e90be3d
action_dit_adaln_norm1,1c06,6,2,even,23,4,beed3e153e0dbe10
action_dit_adaln_norm1,1c06,6,3,odd,23,4,bf46bdc23e353ba0
action_dit_adaln_norm1,1c06,6,4,even,23,4,3de63ead3e7d3a00
action_dit_adaln_norm1,1c06,6,5,odd,23,4,bef0bf143d3e3e94
action_dit_adaln_norm1,1c06,6,6,even,23,4,bf09bd9cbeb2bf28
action_dit_adaln_norm1,1c06,6,7,odd,23,4,3c70be8b3d993ec0
action_dit_adaln_norm1,1c06,6,8,even,23,4,bd583ed83e98bece
action_dit_adaln_norm1,1c06,6,9,odd,23,4,bf2e3db43e06bee2
action_dit_adaln_norm1,1c06,6,10,even,23,4,3f22bde43eb73df0
action_dit_adaln_norm1,1c06,6,11,odd,23,4,3e473dfcbe97bd97
action_dit_adaln_norm1,1c06,6,12,even,23,4,3e703e913d5ebd16
action_dit_adaln_norm1,1c06,6,13,odd,23,4,be62bda8beb63f22
action_dit_adaln_norm1,1c06,6,14,even,23,4,3d983d563e6d3f37
action_dit_adaln_norm1,1c06,6,15,odd,23,4,3e423d90be7cbe79
action_dit_adaln_norm1,1c07,7,0,even,0,4,bd153dedbe8b3e51
action_dit_adaln_norm1,1c07,7,1,odd,0,4,bdfa3ec4bde03f02
action_dit_adaln_norm1,1c07,7,2,even,0,4,be21bdca3cc0be85
action_dit_adaln_norm1,1c07,7,3,odd,0,4,3e75bda2be5e3e28
action_dit_adaln_norm1,1c07,7,4,even,0,4,befa3a80bd3b3df4
action_dit_adaln_norm1,1c07,7,5,odd,0,4,3e7c3e3fbbc8be17
action_dit_adaln_norm1,1c07,7,6,even,0,4,3e51beef3dd13e6e
action_dit_adaln_norm1,1c07,7,7,odd,0,4,3eadbe653e07bd98
action_dit_adaln_norm1,1c07,7,8,even,0,4,bc32be4e3e2b3ec0
action_dit_adaln_norm1,1c07,7,9,odd,0,4,3ead3e2e3f5e3d82
action_dit_adaln_norm1,1c07,7,10,even,0,4,3e463e38be6fbe98
action_dit_adaln_norm1,1c07,7,11,odd,0,4,be8cbe1a3dc23b40
action_dit_adaln_norm1,1c07,7,12,even,0,4,be663edb3ea33dbc
action_dit_adaln_norm1,1c07,7,13,odd,0,4,be0b3f8e3d503d94
action_dit_adaln_norm1,1c07,7,14,even,0,4,bde4be6e3e743ed4
action_dit_adaln_norm1,1c07,7,15,odd,0,4,be4e3e83bed43db0
action_dit_adaln_norm1,1c07,7,0,even,1,4,be28be573e01beda
action_dit_adaln_norm1,1c07,7,1,odd,1,4,bed73dc2bba0be5c
action_dit_adaln_norm1,1c07,7,2,even,1,4,bc8c3dc53cbebd7b
action_dit_adaln_norm1,1c07,7,3,odd,1,4,be05bd78bd94be79
action_dit_adaln_norm1,1c07,7,4,even,1,4,3d5ebd6b3cb0bb88
action_dit_adaln_norm1,1c07,7,5,odd,1,4,3cf33ea6be84bd50
action_dit_adaln_norm1,1c07,7,6,even,1,4,3d203e32bdd6bea4
action_dit_adaln_norm1,1c07,7,7,odd,1,4,beb7be9ebe803eaa
action_dit_adaln_norm1,1c07,7,8,even,1,4,be693f11bf3f3d92
action_dit_adaln_norm1,1c07,7,9,odd,1,4,3d42bd8f3d933e8c
action_dit_adaln_norm1,1c07,7,10,even,1,4,bdcb3e72beeebeff
action_dit_adaln_norm1,1c07,7,11,odd,1,4,be2f3ee0be433e9c
action_dit_adaln_norm1,1c07,7,12,even,1,4,beedbee7bcc03e1a
action_dit_adaln_norm1,1c07,7,13,odd,1,4,bf053e34be87bd9a
action_dit_adaln_norm1,1c07,7,14,even,1,4,beaabd943db2bf00
action_dit_adaln_norm1,1c07,7,15,odd,1,4,3e803ee33e463d4e
action_dit_adaln_norm1,1c07,7,0,even,2,4,3e5e3e2b3e21be31
action_dit_adaln_norm1,1c07,7,1,odd,2,4,bf10be56bf04bda2
action_dit_adaln_norm1,1c07,7,2,even,2,4,bdf9bd22be70be24
action_dit_adaln_norm1,1c07,7,3,odd,2,4,3bc03e903ddc3e87
action_dit_adaln_norm1,1c07,7,4,even,2,4,3f073db53f153e67
action_dit_adaln_norm1,1c07,7,5,odd,2,4,3cb0be9abd2c3f2c
action_dit_adaln_norm1,1c07,7,6,even,2,4,bf1a3e433e8ebe40
action_dit_adaln_norm1,1c07,7,7,odd,2,4,beaebcd2bd843e22
action_dit_adaln_norm1,1c07,7,8,even,2,4,be66be9e3ede3ef0
action_dit_adaln_norm1,1c07,7,9,odd,2,4,3e8ebe39beb8beea
action_dit_adaln_norm1,1c07,7,10,even,2,4,beecbb703ecebe75
action_dit_adaln_norm1,1c07,7,11,odd,2,4,3f043e0dbf173f0a
action_dit_adaln_norm1,1c07,7,12,even,2,4,be82bc403ec6bede
action_dit_adaln_norm1,1c07,7,13,odd,2,4,3e45bea8bf02be89
action_dit_adaln_norm1,1c07,7,14,even,2,4,3ec2bb803e86bea0
action_dit_adaln_norm1,1c07,7,15,odd,2,4,3dc6bebf3e273f3b
action_dit_adaln_norm1,1c07,7,0,even,3,4,3dfa3eb03e613c20
action_dit_adaln_norm1,1c07,7,1,odd,3,4,3e58be32be4dbe4d
action_dit_adaln_norm1,1c07,7,2,even,3,4,3da73e9abf72bec2
action_dit_adaln_norm1,1c07,7,3,odd,3,4,3e923e7abc92ba80
action_dit_adaln_norm1,1c07,7,4,even,3,4,beae3e94bec33e2a
action_dit_adaln_norm1,1c07,7,5,odd,3,4,3e103e1abebb3ec4
action_dit_adaln_norm1,1c07,7,6,even,3,4,3dedbf58be98bdf4
action_dit_adaln_norm1,1c07,7,7,odd,3,4,be903f04be203cc0
action_dit_adaln_norm1,1c07,7,8,even,3,4,bcccbdb4bef43c30
action_dit_adaln_norm1,1c07,7,9,odd,3,4,3d39bf28be313f0b
action_dit_adaln_norm1,1c07,7,10,even,3,4,3d74bee23ea93e28
action_dit_adaln_norm1,1c07,7,11,odd,3,4,bcd0bb403e1dbd46
action_dit_adaln_norm1,1c07,7,12,even,3,4,be75bdfa3d973da2
action_dit_adaln_norm1,1c07,7,13,odd,3,4,be29bed4bc20bf16
action_dit_adaln_norm1,1c07,7,14,even,3,4,3e273e94bef73c08
action_dit_adaln_norm1,1c07,7,15,odd,3,4,bed4bb58bded3de6
action_dit_adaln_norm1,1c07,7,0,even,4,4,3e203dbb3e823eb4
action_dit_adaln_norm1,1c07,7,1,odd,4,4,bdfebd233d8abd7e
action_dit_adaln_norm1,1c07,7,2,even,4,4,be903ef83e2cbea4
action_dit_adaln_norm1,1c07,7,3,odd,4,4,3f26bde83d9d3dc0
action_dit_adaln_norm1,1c07,7,4,even,4,4,beb43e0a3d8abf4e
action_dit_adaln_norm1,1c07,7,5,odd,4,4,3e963e823ed03dbe
action_dit_adaln_norm1,1c07,7,6,even,4,4,3ed4bf20be80be35
action_dit_adaln_norm1,1c07,7,7,odd,4,4,3d28bac03e023c82
action_dit_adaln_norm1,1c07,7,8,even,4,4,bdfb3c40bf3fbecf
action_dit_adaln_norm1,1c07,7,9,odd,4,4,3e2dbe20bf1a3c80
action_dit_adaln_norm1,1c07,7,10,even,4,4,3f363e8abe863f0b
action_dit_adaln_norm1,1c07,7,11,odd,4,4,3e0a3ee6be103e96
action_dit_adaln_norm1,1c07,7,12,even,4,4,3ee83f373eba3da8
action_dit_adaln_norm1,1c07,7,13,odd,4,4,3ea8be4bbe54bd96
action_dit_adaln_norm1,1c07,7,14,even,4,4,bee23e0dbba8beea
action_dit_adaln_norm1,1c07,7,15,odd,4,4,be393e26bed4be9c
action_dit_adaln_norm1,1c07,7,0,even,5,4,3e14be70bc78be30
action_dit_adaln_norm1,1c07,7,1,odd,5,4,3f213eb43f163e94
action_dit_adaln_norm1,1c07,7,2,even,5,4,be80bec7be753e36
action_dit_adaln_norm1,1c07,7,3,odd,5,4,3e723e31bf2ebee8
action_dit_adaln_norm1,1c07,7,4,even,5,4,3e50be8b3f2ebeb4
action_dit_adaln_norm1,1c07,7,5,odd,5,4,bd18bee9bf28be5e
action_dit_adaln_norm1,1c07,7,6,even,5,4,3e313e963eb6be04
action_dit_adaln_norm1,1c07,7,7,odd,5,4,bd603ed83df6bc38
action_dit_adaln_norm1,1c07,7,8,even,5,4,3e7a3e36be09be96
action_dit_adaln_norm1,1c07,7,9,odd,5,4,3f193d743e833d20
action_dit_adaln_norm1,1c07,7,10,even,5,4,3f013eb5bf18be65
action_dit_adaln_norm1,1c07,7,11,odd,5,4,3e943e6fbf0e3e49
action_dit_adaln_norm1,1c07,7,12,even,5,4,bf0ebd5a3eb13eac
action_dit_adaln_norm1,1c07,7,13,odd,5,4,3e70bdec3e3c3eb3
action_dit_adaln_norm1,1c07,7,14,even,5,4,3e883e40bd013de4
action_dit_adaln_norm1,1c07,7,15,odd,5,4,3eb1becbbdf83f0d
action_dit_adaln_norm1,1c07,7,0,even,6,4,bdb4bf2bbe943e4a
action_dit_adaln_norm1,1c07,7,1,odd,6,4,be2b3e173e0cbdab
action_dit_adaln_norm1,1c07,7,2,even,6,4,3ec83e923e81bde3
action_dit_adaln_norm1,1c07,7,3,odd,6,4,3e123e2b3e4f3e4e
action_dit_adaln_norm1,1c07,7,4,even,6,4,bca8bd96bdabbec4
action_dit_adaln_norm1,1c07,7,5,odd,6,4,bedebc00bcf4be04
action_dit_adaln_norm1,1c07,7,6,even,6,4,3da63ed4bf563bb0
action_dit_adaln_norm1,1c07,7,7,odd,6,4,be1abe743dd43eb3
action_dit_adaln_norm1,1c07,7,8,even,6,4,be69be07bc203c30
action_dit_adaln_norm1,1c07,7,9,odd,6,4,bf18bdc2bee9be1c
action_dit_adaln_norm1,1c07,7,10,even,6,4,be00bd8e3f1cbe66
action_dit_adaln_norm1,1c07,7,11,odd,6,4,3f00bf4a3e763dc8
action_dit_adaln_norm1,1c07,7,12,even,6,4,3eaa3db6bdc8bc00
action_dit_adaln_norm1,1c07,7,13,odd,6,4,be883e733e1dbd43
action_dit_adaln_norm1,1c07,7,14,even,6,4,bd973d8f3e8abcc3
action_dit_adaln_norm1,1c07,7,15,odd,6,4,3e693d20be9a3ed1
action_dit_adaln_norm1,1c07,7,0,even,7,4,bf323f3a3c743d0e
action_dit_adaln_norm1,1c07,7,1,odd,7,4,3e943de0bdc83ba0
action_dit_adaln_norm1,1c07,7,2,even,7,4,be923e08bebabe1a
action_dit_adaln_norm1,1c07,7,3,odd,7,4,be9dbeb8bea5bc30
action_dit_adaln_norm1,1c07,7,4,even,7,4,bdd2bf01bef7be8d
action_dit_adaln_norm1,1c07,7,5,odd,7,4,be5dbeef3ce83dc5
action_dit_adaln_norm1,1c07,7,6,even,7,4,bd443dfabd93be92
action_dit_adaln_norm1,1c07,7,7,odd,7,4,bdbebe1a3de8beba
action_dit_adaln_norm1,1c07,7,8,even,7,4,3d64befe3eb0be3c
action_dit_adaln_norm1,1c07,7,9,odd,7,4,bdc43c303d1d3e92
action_dit_adaln_norm1,1c07,7,10,even,7,4,3b90bd843e883f21
action_dit_adaln_norm1,1c07,7,11,odd,7,4,bd243bb0bd36be71
action_dit_adaln_norm1,1c07,7,12,even,7,4,be6cbdb03e73be4e
action_dit_adaln_norm1,1c07,7,13,odd,7,4,bc503ee5be80bead
action_dit_adaln_norm1,1c07,7,14,even,7,4,3e42bd18be00bb90
action_dit_adaln_norm1,1c07,7,15,odd,7,4,3ccabf143e2abe87
action_dit_adaln_norm1,1c07,7,0,even,8,4,3c60be2b3c30bddd
action_dit_adaln_norm1,1c07,7,1,odd,8,4,3ecbbe243e023db0
action_dit_adaln_norm1,1c07,7,2,even,8,4,3e17bebfbe783ef5
action_dit_adaln_norm1,1c07,7,3,odd,8,4,bf56be56be4e3f26
action_dit_adaln_norm1,1c07,7,4,even,8,4,3e9abecdbe3abea5
action_dit_adaln_norm1,1c07,7,5,odd,8,4,be16be6abd8c3e5a
action_dit_adaln_norm1,1c07,7,6,even,8,4,bdbb3efebef4beb6
action_dit_adaln_norm1,1c07,7,7,odd,8,4,3e2b3e2b3bc0bf82
action_dit_adaln_norm1,1c07,7,8,even,8,4,be343f35be21bf0d
action_dit_adaln_norm1,1c07,7,9,odd,8,4,3d3ebde73da5bd63
action_dit_adaln_norm1,1c07,7,10,even,8,4,beaa3ef8bf323e1e
action_dit_adaln_norm1,1c07,7,11,odd,8,4,3e55be0bbf0fbc20
action_dit_adaln_norm1,1c07,7,12,even,8,4,bb96ba303eb9bead
action_dit_adaln_norm1,1c07,7,13,odd,8,4,bd18bd5c3edcbdb4
action_dit_adaln_norm1,1c07,7,14,even,8,4,bd123ed6bf133f0a
action_dit_adaln_norm1,1c07,7,15,odd,8,4,3ef63e933e613e6a
action_dit_adaln_norm1,1c07,7,0,even,9,4,be68bdcb3f74be80
action_dit_adaln_norm1,1c07,7,1,odd,9,4,be7b3e53bc90bdb0
action_dit_adaln_norm1,1c07,7,2,even,9,4,3e05bd7c3ea73e28
action_dit_adaln_norm1,1c07,7,3,odd,9,4,be30be7bbdb03de4
action_dit_adaln_norm1,1c07,7,4,even,9,4,3e623e8cbe893efc
action_dit_adaln_norm1,1c07,7,5,odd,9,4,3e343e2f3ea03e68
action_dit_adaln_norm1,1c07,7,6,even,9,4,be2e3e2cbdb6bc00
action_dit_adaln_norm1,1c07,7,7,odd,9,4,bde5be37bdca3d8c
action_dit_adaln_norm1,1c07,7,8,even,9,4,bdfc3d28bd9bbe36
action_dit_adaln_norm1,1c07,7,9,odd,9,4,3da9be823df5beb8
action_dit_adaln_norm1,1c07,7,10,even,9,4,bdb43e8abd58be78
action_dit_adaln_norm1,1c07,7,11,odd,9,4,bd743cf83ea2be37
action_dit_adaln_norm1,1c07,7,12,even,9,4,3d5e3e80be78be85
action_dit_adaln_norm1,1c07,7,13,odd,9,4,befd3e533e9cbef8
action_dit_adaln_norm1,1c07,7,14,even,9,4,bf27be2c3ef4be99
action_dit_adaln_norm1,1c07,7,15,odd,9,4,beb4bd343e31bdf3
action_dit_adaln_norm1,1c07,7,0,even,10,4,be1c3e6bbea03e9a
action_dit_adaln_norm1,1c07,7,1,odd,10,4,bf2d3eb63e1b3edc
action_dit_adaln_norm1,1c07,7,2,even,10,4,3c303ee63e20be95
action_dit_adaln_norm1,1c07,7,3,odd,10,4,be473b40bd4f3d78
action_dit_adaln_norm1,1c07,7,4,even,10,4,beedbd9b3e9cbf22
action_dit_adaln_norm1,1c07,7,5,odd,10,4,3e08beccbddc3d28
action_dit_adaln_norm1,1c07,7,6,even,10,4,bcc8bd993f0f3d23
action_dit_adaln_norm1,1c07,7,7,odd,10,4,3d44be1b3c993dbe
action_dit_adaln_norm1,1c07,7,8,even,10,4,3f323e6d3dd63eb0
action_dit_adaln_norm1,1c07,7,9,odd,10,4,3e6ebdecbe023f53
action_dit_adaln_norm1,1c07,7,10,even,10,4,bdacbdbcbe68bee7
action_dit_adaln_norm1,1c07,7,11,odd,10,4,bea13f153e803d76
action_dit_adaln_norm1,1c07,7,12,even,10,4,3ea63ec8be53bd2c
action_dit_adaln_norm1,1c07,7,13,odd,10,4,3e193e353ea5be3b
action_dit_adaln_norm1,1c07,7,14,even,10,4,3e253f1ebeec3c98
action_dit_adaln_norm1,1c07,7,15,odd,10,4,3e353eaabd1fbda4
action_dit_adaln_norm1,1c07,7,0,even,11,4,bcc03eea3e2a3eaf
action_dit_adaln_norm1,1c07,7,1,odd,11,4,3e54be5cbee7bdba
action_dit_adaln_norm1,1c07,7,2,even,11,4,bdb13b403e623f3a
action_dit_adaln_norm1,1c07,7,3,odd,11,4,3d8cbdac3dc23ca8
action_dit_adaln_norm1,1c07,7,4,even,11,4,3dcb3bc03e6e3cce
action_dit_adaln_norm1,1c07,7,5,odd,11,4,bde53e7c3e443df4
action_dit_adaln_norm1,1c07,7,6,even,11,4,be153dd0be043ea3
action_dit_adaln_norm1,1c07,7,7,odd,11,4,3e253ea7bcb8bdb0
action_dit_adaln_norm1,1c07,7,8,even,11,4,bdfb3e20be49be7b
action_dit_adaln_norm1,1c07,7,9,odd,11,4,3e873c80bce4bf02
action_dit_adaln_norm1,1c07,7,10,even,11,4,befc3ebabeed3e7d
action_dit_adaln_norm1,1c07,7,11,odd,11,4,3eecbf003ec83ef0
action_dit_adaln_norm1,1c07,7,12,even,11,4,3ef5bee53eab3d72
action_dit_adaln_norm1,1c07,7,13,odd,11,4,3e79bd953e57bd38
action_dit_adaln_norm1,1c07,7,14,even,11,4,bdb83dec3d96bc30
action_dit_adaln_norm1,1c07,7,15,odd,11,4,3e36becebe963edb
action_dit_adaln_norm1,1c07,7,0,even,12,4,be5a3b80bed43d84
action_dit_adaln_norm1,1c07,7,1,odd,12,4,3e71bd65bdb63ef9
action_dit_adaln_norm1,1c07,7,2,even,12,4,be60be52bf0ebe87
action_dit_adaln_norm1,1c07,7,3,odd,12,4,bd2cbf023cc03ea4
action_dit_adaln_norm1,1c07,7,4,even,12,4,3e833e16bf753eff
action_dit_adaln_norm1,1c07,7,5,odd,12,4,be053e8abef3bca0
action_dit_adaln_norm1,1c07,7,6,even,12,4,bd803e00bdae3e6b
action_dit_adaln_norm1,1c07,7,7,odd,12,4,3e0e3e67be5a3c70
action_dit_adaln_norm1,1c07,7,8,even,12,4,3edebe83be81be7a
action_dit_adaln_norm1,1c07,7,9,odd,12,4,be10bf063daf3d97
action_dit_adaln_norm1,1c07,7,10,even,12,4,3ea93f1ebe1f3e53
action_dit_adaln_norm1,1c07,7,11,odd,12,4,3e06bc003e563dd0
action_dit_adaln_norm1,1c07,7,12,even,12,4,beca3eb43e29be97
action_dit_adaln_norm1,1c07,7,13,odd,12,4,3ed4bc68beabbe9c
action_dit_adaln_norm1,1c07,7,14,even,12,4,3e7f3c743ef3bea8
action_dit_adaln_norm1,1c07,7,15,odd,12,4,be6dbdf6bd68bd6e
action_dit_adaln_norm1,1c07,7,0,even,13,4,bdcebd853eb73e88
action_dit_adaln_norm1,1c07,7,1,odd,13,4,be0cbd83beac3f03
action_dit_adaln_norm1,1c07,7,2,even,13,4,be82bf16be63be2e
action_dit_adaln_norm1,1c07,7,3,odd,13,4,3e9abd32be883f30
action_dit_adaln_norm1,1c07,7,4,even,13,4,3d653f013da2be46
action_dit_adaln_norm1,1c07,7,5,odd,13,4,3e913da13e15bc58
action_dit_adaln_norm1,1c07,7,6,even,13,4,b9a03d32bf18bdd6
action_dit_adaln_norm1,1c07,7,7,odd,13,4,be9bbd223cb8bd63
action_dit_adaln_norm1,1c07,7,8,even,13,4,3ee3bef4befe3ebe
action_dit_adaln_norm1,1c07,7,9,odd,13,4,be6cbf04beacbea0
action_dit_adaln_norm1,1c07,7,10,even,13,4,3f1cbe8e3ea13e5a
action_dit_adaln_norm1,1c07,7,11,odd,13,4,3dee3e043d6ebe51
action_dit_adaln_norm1,1c07,7,12,even,13,4,3e1e3e91bd5bbf38
action_dit_adaln_norm1,1c07,7,13,odd,13,4,be173e03beb0be46
action_dit_adaln_norm1,1c07,7,14,even,13,4,3b90be7b3f3ebcf0
action_dit_adaln_norm1,1c07,7,15,odd,13,4,be58be293d8b3d66
action_dit_adaln_norm1,1c07,7,0,even,14,4,3cbc3ee4be8abdf9
action_dit_adaln_norm1,1c07,7,1,odd,14,4,3d5c3e85be94bdf4
action_dit_adaln_norm1,1c07,7,2,even,14,4,bd18bef7bf0b3daa
action_dit_adaln_norm1,1c07,7,3,odd,14,4,3e2cbe413e32bea5
action_dit_adaln_norm1,1c07,7,4,even,14,4,be47bd353e2ebd8a
action_dit_adaln_norm1,1c07,7,5,odd,14,4,be8c3e6ebcc83f33
action_dit_adaln_norm1,1c07,7,6,even,14,4,3eb73e1c3e153e25
action_dit_adaln_norm1,1c07,7,7,odd,14,4,bd8cbec63f14beba
action_dit_adaln_norm1,1c07,7,8,even,14,4,3e203deabe193c50
action_dit_adaln_norm1,1c07,7,9,odd,14,4,bc903f183e063d07
action_dit_adaln_norm1,1c07,7,10,even,14,4,becb3e333e53bec1
action_dit_adaln_norm1,1c07,7,11,odd,14,4,3d383e6a3dbb3d98
action_dit_adaln_norm1,1c07,7,12,even,14,4,3de4bdb0be83bf0f
action_dit_adaln_norm1,1c07,7,13,odd,14,4,be773cb63ebc3ec7
action_dit_adaln_norm1,1c07,7,14,even,14,4,be0abe32bee8be6f
action_dit_adaln_norm1,1c07,7,15,odd,14,4,3e52be19bf0bbdb4
action_dit_adaln_norm1,1c07,7,0,even,15,4,3e323efc3f3c3def
action_dit_adaln_norm1,1c07,7,1,odd,15,4,3e08bc37bd3ebe4f
action_dit_adaln_norm1,1c07,7,2,even,15,4,3efc3e60be46bdad
action_dit_adaln_norm1,1c07,7,3,odd,15,4,3e413dec3f143e84
action_dit_adaln_norm1,1c07,7,4,even,15,4,3e3cbea03e90be83
action_dit_adaln_norm1,1c07,7,5,odd,15,4,3d8c3dc23b883c40
action_dit_adaln_norm1,1c07,7,6,even,15,4,3eea3de3bebe3db4
action_dit_adaln_norm1,1c07,7,7,odd,15,4,bf4e3ea0bdcc3e86
action_dit_adaln_norm1,1c07,7,8,even,15,4,3e5a3ee63e8f3ee0
action_dit_adaln_norm1,1c07,7,9,odd,15,4,bcbc3e10be8bbd86
action_dit_adaln_norm1,1c07,7,10,even,15,4,3f42bec4bb00becc
action_dit_adaln_norm1,1c07,7,11,odd,15,4,be603d063e80be17
action_dit_adaln_norm1,1c07,7,12,even,15,4,3eec3eb2bc803ef0
action_dit_adaln_norm1,1c07,7,13,odd,15,4,be103d00bdb5bf0a
action_dit_adaln_norm1,1c07,7,14,even,15,4,be86bd50be2f3cb8
action_dit_adaln_norm1,1c07,7,15,odd,15,4,3eecbea2bee23d08
action_dit_adaln_norm1,1c07,7,0,even,16,4,bca0bd68bd993d23
action_dit_adaln_norm1,1c07,7,1,odd,16,4,3dc23df2bfa4bca6
action_dit_adaln_norm1,1c07,7,2,even,16,4,3e8f3d803e913d0a
action_dit_adaln_norm1,1c07,7,3,odd,16,4,3e903eccbc303dc6
action_dit_adaln_norm1,1c07,7,4,even,16,4,be953ec53ebe3e8e
action_dit_adaln_norm1,1c07,7,5,odd,16,4,3ecbbef0be883e1b
action_dit_adaln_norm1,1c07,7,6,even,16,4,bdc43d4cbec03e8d
action_dit_adaln_norm1,1c07,7,7,odd,16,4,3dbabe6abe2cbd30
action_dit_adaln_norm1,1c07,7,8,even,16,4,bf61bea0bd89bd93
action_dit_adaln_norm1,1c07,7,9,odd,16,4,be21bc40beb93ec1
action_dit_adaln_norm1,1c07,7,10,even,16,4,3eab3f1a3dae3d88
action_dit_adaln_norm1,1c07,7,11,odd,16,4,3b303de0bed03c48
action_dit_adaln_norm1,1c07,7,12,even,16,4,3e8b3e36be863cf8
action_dit_adaln_norm1,1c07,7,13,odd,16,4,3d183ebcbd543e30
action_dit_adaln_norm1,1c07,7,14,even,16,4,3e52bec3be9cbd48
action_dit_adaln_norm1,1c07,7,15,odd,16,4,be36bf28bd68bf35
action_dit_adaln_norm1,1c07,7,0,even,17,4,3e1e3e973ede3d02
action_dit_adaln_norm1,1c07,7,1,odd,17,4,3e723ec53e9ebec7
action_dit_adaln_norm1,1c07,7,2,even,17,4,3f0cbe703dc2bec4
action_dit_adaln_norm1,1c07,7,3,odd,17,4,3e8f3efa3ee23e8a
action_dit_adaln_norm1,1c07,7,4,even,17,4,3e933ef0be8e3e82
action_dit_adaln_norm1,1c07,7,5,odd,17,4,3e67be20bea2bee0
action_dit_adaln_norm1,1c07,7,6,even,17,4,3eb1be93bd98be9c
action_dit_adaln_norm1,1c07,7,7,odd,17,4,3e993cd4bd00beb8
action_dit_adaln_norm1,1c07,7,8,even,17,4,3ebebd843da63e49
action_dit_adaln_norm1,1c07,7,9,odd,17,4,bda03e093d303e27
action_dit_adaln_norm1,1c07,7,10,even,17,4,3e0a3de43e3cbea4
action_dit_adaln_norm1,1c07,7,11,odd,17,4,bede3e473eaa3d3c
action_dit_adaln_norm1,1c07,7,12,even,17,4,3e7fbf463e5e3ecc
action_dit_adaln_norm1,1c07,7,13,odd,17,4,bda43f06becdbb60
action_dit_adaln_norm1,1c07,7,14,even,17,4,bd543e22bd8e3e74
action_dit_adaln_norm1,1c07,7,15,odd,17,4,bebebe8abd803f64
action_dit_adaln_norm1,1c07,7,0,even,18,4,3e993e3b3ea53e3d
action_dit_adaln_norm1,1c07,7,1,odd,18,4,be8e3e87be41bdac
action_dit_adaln_norm1,1c07,7,2,even,18,4,3e5cbf1f3d943e94
action_dit_adaln_norm1,1c07,7,3,odd,18,4,3e3cbea8bead3f06
action_dit_adaln_norm1,1c07,7,4,even,18,4,3ca4be27bdad3d44
action_dit_adaln_norm1,1c07,7,5,odd,18,4,be36bdc43eabbc84
action_dit_adaln_norm1,1c07,7,6,even,18,4,3ea73c903e833ef7
action_dit_adaln_norm1,1c07,7,7,odd,18,4,bd08be44bc743e8e
action_dit_adaln_norm1,1c07,7,8,even,18,4,3d86be88bd20befa
action_dit_adaln_norm1,1c07,7,9,odd,18,4,be263e1cbe2c3dea
action_dit_adaln_norm1,1c07,7,10,even,18,4,3df93f0c3b8cbe88
action_dit_adaln_norm1,1c07,7,11,odd,18,4,3e4d3f3e3e2d3ecd
action_dit_adaln_norm1,1c07,7,12,even,18,4,3c803f31bd8abe85
action_dit_adaln_norm1,1c07,7,13,odd,18,4,be6fbc583d913e86
action_dit_adaln_norm1,1c07,7,14,even,18,4,3e853d70bdf4bee8
action_dit_adaln_norm1,1c07,7,15,odd,18,4,bea6bec8be9cbe04
action_dit_adaln_norm1,1c07,7,0,even,19,4,be053d103d5a3e99
action_dit_adaln_norm1,1c07,7,1,odd,19,4,3ed5be4e3e4a3e0a
action_dit_adaln_norm1,1c07,7,2,even,19,4,3ea83f1ebe8d3de0
action_dit_adaln_norm1,1c07,7,3,odd,19,4,3f6ebeecbe463efa
action_dit_adaln_norm1,1c07,7,4,even,19,4,be3e3e1cbf203d7c
action_dit_adaln_norm1,1c07,7,5,odd,19,4,3e3f3eba3eddbe75
action_dit_adaln_norm1,1c07,7,6,even,19,4,3ee2be3cbed03e57
action_dit_adaln_norm1,1c07,7,7,odd,19,4,3f183d4c3e353e8f
action_dit_adaln_norm1,1c07,7,8,even,19,4,be25bea93cdc3b90
action_dit_adaln_norm1,1c07,7,9,odd,19,4,bcf83c303e70beca
action_dit_adaln_norm1,1c07,7,10,even,19,4,3e2c3d963ddc3cc8
action_dit_adaln_norm1,1c07,7,11,odd,19,4,be6f3e7b3e403e4d
action_dit_adaln_norm1,1c07,7,12,even,19,4,bf403d66be023b8a
action_dit_adaln_norm1,1c07,7,13,odd,19,4,bdc0be063f32be07
action_dit_adaln_norm1,1c07,7,14,even,19,4,3db4bc383dec3d0c
action_dit_adaln_norm1,1c07,7,15,odd,19,4,bb003ee03e9dbdf1
action_dit_adaln_norm1,1c07,7,0,even,20,4,bd32bdc13d303d88
action_dit_adaln_norm1,1c07,7,1,odd,20,4,3e9b3c40be84be5e
action_dit_adaln_norm1,1c07,7,2,even,20,4,bdfcbf173c683be0
action_dit_adaln_norm1,1c07,7,3,odd,20,4,3e5cbdc73cd83d7c
action_dit_adaln_norm1,1c07,7,4,even,20,4,bd82bd5c3dd03d41
action_dit_adaln_norm1,1c07,7,5,odd,20,4,be033f57befabea7
action_dit_adaln_norm1,1c07,7,6,even,20,4,bf1fbeeb3e013ea0
action_dit_adaln_norm1,1c07,7,7,odd,20,4,3f5cbe06bea8be05
action_dit_adaln_norm1,1c07,7,8,even,20,4,3e9a3e4fbe413e91
action_dit_adaln_norm1,1c07,7,9,odd,20,4,3e843e3dbf063ed4
action_dit_adaln_norm1,1c07,7,10,even,20,4,3e8abd8e3ebcbc84
action_dit_adaln_norm1,1c07,7,11,odd,20,4,bec73dae3ef63ed8
action_dit_adaln_norm1,1c07,7,12,even,20,4,3f02be753dd03ed4
action_dit_adaln_norm1,1c07,7,13,odd,20,4,bf28bdf93de8bcd0
action_dit_adaln_norm1,1c07,7,14,even,20,4,3e09be843e543d96
action_dit_adaln_norm1,1c07,7,15,odd,20,4,bf52beaa3e88bd52
action_dit_adaln_norm1,1c07,7,0,even,21,4,3e4ebea03e7abd98
action_dit_adaln_norm1,1c07,7,1,odd,21,4,bdfebce03f363eb8
action_dit_adaln_norm1,1c07,7,2,even,21,4,be1c3daa3d043f45
action_dit_adaln_norm1,1c07,7,3,odd,21,4,3e14be9ebf28be73
action_dit_adaln_norm1,1c07,7,4,even,21,4,3dd1bf0abe92be0c
action_dit_adaln_norm1,1c07,7,5,odd,21,4,be6dbd483d84be9c
action_dit_adaln_norm1,1c07,7,6,even,21,4,3dfabdae3d80bcc0
action_dit_adaln_norm1,1c07,7,7,odd,21,4,3d21be86be64be9e
action_dit_adaln_norm1,1c07,7,8,even,21,4,3df8bd303e053e1b
action_dit_adaln_norm1,1c07,7,9,odd,21,4,beaabec6bd0cbf28
action_dit_adaln_norm1,1c07,7,10,even,21,4,3f043decbf0f3e88
action_dit_adaln_norm1,1c07,7,11,odd,21,4,3e053eac3ac03e38
action_dit_adaln_norm1,1c07,7,12,even,21,4,bf083e14be943dfa
action_dit_adaln_norm1,1c07,7,13,odd,21,4,3e383e26be5abe7e
action_dit_adaln_norm1,1c07,7,14,even,21,4,3ed7be85be083e52
action_dit_adaln_norm1,1c07,7,15,odd,21,4,3eba3e3e3da03d70
action_dit_adaln_norm1,1c07,7,0,even,22,4,3c803e2ebe9e3f05
action_dit_adaln_norm1,1c07,7,1,odd,22,4,3e97be6e3d123e24
action_dit_adaln_norm1,1c07,7,2,even,22,4,bf01be98be963f03
action_dit_adaln_norm1,1c07,7,3,odd,22,4,3c20bee2beba3d26
action_dit_adaln_norm1,1c07,7,4,even,22,4,befc3e373de4be5f
action_dit_adaln_norm1,1c07,7,5,odd,22,4,3ee8be43bf013e28
action_dit_adaln_norm1,1c07,7,6,even,22,4,bd703f1ebe08bd90
action_dit_adaln_norm1,1c07,7,7,odd,22,4,3df9bdc63dd0bb00
action_dit_adaln_norm1,1c07,7,8,even,22,4,3eaebe44be3c3cd0
action_dit_adaln_norm1,1c07,7,9,odd,22,4,3e863c90bc00bde1
action_dit_adaln_norm1,1c07,7,10,even,22,4,be5fbde13e5a3ee9
action_dit_adaln_norm1,1c07,7,11,odd,22,4,3ee9be783eb1be5b
action_dit_adaln_norm1,1c07,7,12,even,22,4,bdfc3ea23ed73ee0
action_dit_adaln_norm1,1c07,7,13,odd,22,4,bda6bd16be973e07
action_dit_adaln_norm1,1c07,7,14,even,22,4,be30bdb03ead3de8
action_dit_adaln_norm1,1c07,7,15,odd,22,4,bd66be95bd20bf01
action_dit_adaln_norm1,1c07,7,0,even,23,4,bde0bd383e463e38
action_dit_adaln_norm1,1c07,7,1,odd,23,4,3e3c3dbbbe803d62
action_dit_adaln_norm1,1c07,7,2,even,23,4,be953d66be36bea5
action_dit_adaln_norm1,1c07,7,3,odd,23,4,bf30bea83e19bda4
action_dit_adaln_norm1,1c07,7,4,even,23,4,3ca0bdcb3e173e01
action_dit_adaln_norm1,1c07,7,5,odd,23,4,bea3bf50bb403ead
action_dit_adaln_norm1,1c07,7,6,even,23,4,bf10be80bf1ebf30
action_dit_adaln_norm1,1c07,7,7,odd,23,4,bdf73c183d89be0a
action_dit_adaln_norm1,1c07,7,8,even,23,4,3e0e3eb33c3dbeb2
action_dit_adaln_norm1,1c07,7,9,odd,23,4,bf503e7ebe5bbe99
action_dit_adaln_norm1,1c07,7,10,even,23,4,3f24be2c3de0bdd6
action_dit_adaln_norm1,1c07,7,11,odd,23,4,3d0fbc003a803d18
action_dit_adaln_norm1,1c07,7,12,even,23,4,3eb43efebe2cbde3
action_dit_adaln_norm1,1c07,7,13,odd,23,4,bebfbe8ebe0f3f18
action_dit_adaln_norm1,1c07,7,14,even,23,4,3d70bec3be1a3e69
action_dit_adaln_norm1,1c07,7,15,odd,23,4,bdbcbdf2bdf4bc80
action_dit_adaln_norm1,1c08,8,0,even,0,4,be993eb03e663e3e
action_dit_adaln_norm1,1c08,8,1,odd,0,4,bcd83ef1be913f13
action_dit_adaln_norm1,1c08,8,2,even,0,4,bd833d363ebdbe84
action_dit_adaln_norm1,1c08,8,3,odd,0,4,3c40bf043e903db7
action_dit_adaln_norm1,1c08,8,4,even,0,4,bf20be3abcdcbe7c
action_dit_adaln_norm1,1c08,8,5,odd,0,4,3e5b3f1abd92bd08
action_dit_adaln_norm1,1c08,8,6,even,0,4,3f29bee53e773f27
action_dit_adaln_norm1,1c08,8,7,odd,0,4,3e60be183e6abe4d
action_dit_adaln_norm1,1c08,8,8,even,0,4,bda53e59be7e3eb6
action_dit_adaln_norm1,1c08,8,9,odd,0,4,3e73bd883f0cbec6
action_dit_adaln_norm1,1c08,8,10,even,0,4,bdc03dedbe4dbe94
action_dit_adaln_norm1,1c08,8,11,odd,0,4,bd9e3d6c3d933ea0
action_dit_adaln_norm1,1c08,8,12,even,0,4,bdce3f323f13be85
action_dit_adaln_norm1,1c08,8,13,odd,0,4,3d1e3f3b3d18be2a
action_dit_adaln_norm1,1c08,8,14,even,0,4,be1abeb8beb03e3b
action_dit_adaln_norm1,1c08,8,15,odd,0,4,bef03eedbe9cbe82
action_dit_adaln_norm1,1c08,8,0,even,1,4,3d86be093e243e64
action_dit_adaln_norm1,1c08,8,1,odd,1,4,beb4beb4bd9cbe64
action_dit_adaln_norm1,1c08,8,2,even,1,4,3e403cea3ddf3e22
action_dit_adaln_norm1,1c08,8,3,odd,1,4,be52bec1bf303e5d
action_dit_adaln_norm1,1c08,8,4,even,1,4,be6a3e8b3d62bc28
action_dit_adaln_norm1,1c08,8,5,odd,1,4,bd0c3e2ebe953dd2
action_dit_adaln_norm1,1c08,8,6,even,1,4,bc78be323e093c18
action_dit_adaln_norm1,1c08,8,7,odd,1,4,be13befc3c603e82
action_dit_adaln_norm1,1c08,8,8,even,1,4,bec23f28bf3abe28
action_dit_adaln_norm1,1c08,8,9,odd,1,4,3e183df2bea1bd54
action_dit_adaln_norm1,1c08,8,10,even,1,4,3e9cbe49bf0c3cef
action_dit_adaln_norm1,1c08,8,11,odd,1,4,bdb03f48be723e7f
action_dit_adaln_norm1,1c08,8,12,even,1,4,be7cbf27bf023e8c
action_dit_adaln_norm1,1c08,8,13,odd,1,4,be7ebd10bdd13eb8
action_dit_adaln_norm1,1c08,8,14,even,1,4,be3fbcf0bee6bf10
action_dit_adaln_norm1,1c08,8,15,odd,1,4,be2dbcb83ee2be88
action_dit_adaln_norm1,1c08,8,0,even,2,4,3e5e3f14bd533ec0
action_dit_adaln_norm1,1c08,8,1,odd,2,4,bed6bf05be5cbe97
action_dit_adaln_norm1,1c08,8,2,even,2,4,3da23e57be68bef7
action_dit_adaln_norm1,1c08,8,3,odd,2,4,00003e8fbec03d78
action_dit_adaln_norm1,1c08,8,4,even,2,4,3dc9bd0b3f4c3ec9
action_dit_adaln_norm1,1c08,8,5,odd,2,4,beb0beb0be863e8e
action_dit_adaln_norm1,1c08,8,6,even,2,4,be17be143ed0be59
action_dit_adaln_norm1,1c08,8,7,odd,2,4,bed6be643cb8beb3
action_dit_adaln_norm1,1c08,8,8,even,2,4,3d803e693dc63e77
action_dit_adaln_norm1,1c08,8,9,odd,2,4,3c383e3e3eb2bef6
action_dit_adaln_norm1,1c08,8,10,even,2,4,bec43dc43e06bf02
action_dit_adaln_norm1,1c08,8,11,odd,2,4,3e543e20bd3a3e84
action_dit_adaln_norm1,1c08,8,12,even,2,4,be5b3e633de8beae
action_dit_adaln_norm1,1c08,8,13,odd,2,4,3b803d9abdccbe68
action_dit_adaln_norm1,1c08,8,14,even,2,4,3f0d3dec3d04bf12
action_dit_adaln_norm1,1c08,8,15,odd,2,4,bd803e193eda3ef1
action_dit_adaln_norm1,1c08,8,0,even,3,4,beac3e1dbcb03ed6
action_dit_adaln_norm1,1c08,8,1,odd,3,4,3e6cbe69bedc3dfe
action_dit_adaln_norm1,1c08,8,2,even,3,4,3eea3e5ebf003dfa
action_dit_adaln_norm1,1c08,8,3,odd,3,4,bcea3f133ca8bb00
action_dit_adaln_norm1,1c08,8,4,even,3,4,beb43e09bea03eba
action_dit_adaln_norm1,1c08,8,5,odd,3,4,3d263e3fbeaa3cf8
action_dit_adaln_norm1,1c08,8,6,even,3,4,3e83bf39be733ea6
action_dit_adaln_norm1,1c08,8,7,odd,3,4,bd423e11bdc43d90
action_dit_adaln_norm1,1c08,8,8,even,3,4,3d10bf04beadbc2e
action_dit_adaln_norm1,1c08,8,9,odd,3,4,3d9cbd683ecebdc2
action_dit_adaln_norm1,1c08,8,10,even,3,4,3f12be423c763f1e
action_dit_adaln_norm1,1c08,8,11,odd,3,4,be5d3f10bbc0be3d
action_dit_adaln_norm1,1c08,8,12,even,3,4,bedcbedebe2fbdb0
action_dit_adaln_norm1,1c08,8,13,odd,3,4,be113e243e94bd20
action_dit_adaln_norm1,1c08,8,14,even,3,4,be403d28be34beaa
action_dit_adaln_norm1,1c08,8,15,odd,3,4,3d1abe45bf06bd10
action_dit_adaln_norm1,1c08,8,0,even,4,4,3ef73e4c3d8c3dc8
action_dit_adaln_norm1,1c08,8,1,odd,4,4,bec6bec03d913e5f
action_dit_adaln_norm1,1c08,8,2,even,4,4,bc803df03ea2becc
action_dit_adaln_norm1,1c08,8,3,odd,4,4,3eeabee2be1c3f0d
action_dit_adaln_norm1,1c08,8,4,even,4,4,bf1bbe5e3ec2bf2a
action_dit_adaln_norm1,1c08,8,5,odd,4,4,bdfa3f1a3f29bdc8
action_dit_adaln_norm1,1c08,8,6,even,4,4,3b40be2bbe18bf24
action_dit_adaln_norm1,1c08,8,7,odd,4,4,3d5e3e2f3ee33e46
action_dit_adaln_norm1,1c08,8,8,even,4,4,3e72bba0bf6dbe4b
action_dit_adaln_norm1,1c08,8,9,odd,4,4,3df4bde6bf10be5c
action_dit_adaln_norm1,1c08,8,10,even,4,4,3e503e05be173eeb
action_dit_adaln_norm1,1c08,8,11,odd,4,4,3eb83e25bf28bd28
action_dit_adaln_norm1,1c08,8,12,even,4,4,3e323f3bbcccbe22
action_dit_adaln_norm1,1c08,8,13,odd,4,4,3e473ea3be29bdd3
action_dit_adaln_norm1,1c08,8,14,even,4,4,bef73dc3befc3bd0
action_dit_adaln_norm1,1c08,8,15,odd,4,4,3e9c3e88bd20beb1
action_dit_adaln_norm1,1c08,8,0,even,5,4,3ef0bec43e4c3e98
action_dit_adaln_norm1,1c08,8,1,odd,5,4,3e81bd743e853cd0
action_dit_adaln_norm1,1c08,8,2,even,5,4,bf1fbed1bf0a3eb6
action_dit_adaln_norm1,1c08,8,3,odd,5,4,be0e3f3cbf033ca0
action_dit_adaln_norm1,1c08,8,4,even,5,4,3e00bee03ddabd60
action_dit_adaln_norm1,1c08,8,5,odd,5,4,be24beccbf243de8
action_dit_adaln_norm1,1c08,8,6,even,5,4,be4a3d0c3e98bee7
action_dit_adaln_norm1,1c08,8,7,odd,5,4,bdfc3d38bd76be43
action_dit_adaln_norm1,1c08,8,8,even,5,4,3e243d68bec0bebd
action_dit_adaln_norm1,1c08,8,9,odd,5,4,3e5b3e5d3df6beba
action_dit_adaln_norm1,1c08,8,10,even,5,4,3e053ea1be4dbeb4
action_dit_adaln_norm1,1c08,8,11,odd,5,4,3def3edfbf0d3d95
action_dit_adaln_norm1,1c08,8,12,even,5,4,beba3d733e363ef0
action_dit_adaln_norm1,1c08,8,13,odd,5,4,3e44bdb23ede3ea4
action_dit_adaln_norm1,1c08,8,14,even,5,4,3d6abe373e18bd87
action_dit_adaln_norm1,1c08,8,15,odd,5,4,3f383e3ebec93ea1
action_dit_adaln_norm1,1c08,8,0,even,6,4,bde3bf403c283f04
action_dit_adaln_norm1,1c08,8,1,odd,6,4,be923e143e8abe2c
action_dit_adaln_norm1,1c08,8,2,even,6,4,3ea63e9c3e8e3e3e
action_dit_adaln_norm1,1c08,8,3,odd,6,4,bed63c20be4a3e84
action_dit_adaln_norm1,1c08,8,4,even,6,4,be9a0000be62bd7c
action_dit_adaln_norm1,1c08,8,5,odd,6,4,bf2c3ea6bcfdbdf5
action_dit_adaln_norm1,1c08,8,6,even,6,4,bcc03ed4bec9bdee
action_dit_adaln_norm1,1c08,8,7,odd,6,4,be89bd22bec0be3a
action_dit_adaln_norm1,1c08,8,8,even,6,4,3e68be3bbdd4be34
action_dit_adaln_norm1,1c08,8,9,odd,6,4,bea2be88be04be5e
action_dit_adaln_norm1,1c08,8,10,even,6,4,3d4dbdda3d82bddc
action_dit_adaln_norm1,1c08,8,11,odd,6,4,3f76bee43f23bde6
action_dit_adaln_norm1,1c08,8,12,even,6,4,3ee23e64beabbe96
action_dit_adaln_norm1,1c08,8,13,odd,6,4,3d9e3e353e0ebdcb
action_dit_adaln_norm1,1c08,8,14,even,6,4,3de0bea0be78be86
action_dit_adaln_norm1,1c08,8,15,odd,6,4,3f0d3e3ebe9c3d24
action_dit_adaln_norm1,1c08,8,0,even,7,4,be043f153d59be9e
action_dit_adaln_norm1,1c08,8,1,odd,7,4,3ec4be7abf06bde6
action_dit_adaln_norm1,1c08,8,2,even,7,4,be7d3e8cbf0abe2e
action_dit_adaln_norm1,1c08,8,3,odd,7,4,be2abe6f3cbfbe26
action_dit_adaln_norm1,1c08,8,4,even,7,4,bbccbf26bf12beaf
action_dit_adaln_norm1,1c08,8,5,odd,7,4,bc94bf463e853eec
action_dit_adaln_norm1,1c08,8,6,even,7,4,be7ebd38be8dbe01
action_dit_adaln_norm1,1c08,8,7,odd,7,4,bf1b3e88be1dbf26
action_dit_adaln_norm1,1c08,8,8,even,7,4,3f17be843efcbd9e
action_dit_adaln_norm1,1c08,8,9,odd,7,4,3e21be67be103d43
action_dit_adaln_norm1,1c08,8,10,even,7,4,3e52beb83edc3ec1
action_dit_adaln_norm1,1c08,8,11,odd,7,4,3e3abcd43de6ba00
action_dit_adaln_norm1,1c08,8,12,even,7,4,be2e3e7cbe643e26
action_dit_adaln_norm1,1c08,8,13,odd,7,4,bd283e49bf063e81
action_dit_adaln_norm1,1c08,8,14,even,7,4,bc80be293ec63a80
action_dit_adaln_norm1,1c08,8,15,odd,7,4,3dcebf143e47bf04
action_dit_adaln_norm1,1c08,8,0,even,8,4,3de3bc183ece3eba
action_dit_adaln_norm1,1c08,8,1,odd,8,4,3e56beccbdf23dc8
action_dit_adaln_norm1,1c08,8,2,even,8,4,3daa3d20befa3f00
action_dit_adaln_norm1,1c08,8,3,odd,8,4,befebeaabf343df2
action_dit_adaln_norm1,1c08,8,4,even,8,4,3f28bf363ec8be82
action_dit_adaln_norm1,1c08,8,5,odd,8,4,bedebe873e88bdcc
action_dit_adaln_norm1,1c08,8,6,even,8,4,befe3e91bce8bec0
action_dit_adaln_norm1,1c08,8,7,odd,8,4,3ed2bd96be02bed2
action_dit_adaln_norm1,1c08,8,8,even,8,4,3e793f5dbd0cbea3
action_dit_adaln_norm1,1c08,8,9,odd,8,4,be43be343e87bea1
action_dit_adaln_norm1,1c08,8,10,even,8,4,3e843dcebed3bef2
action_dit_adaln_norm1,1c08,8,11,odd,8,4,bc30bd013d18be48
action_dit_adaln_norm1,1c08,8,12,even,8,4,3e053d083e2e3e1d
action_dit_adaln_norm1,1c08,8,13,odd,8,4,3e3c3e983e963f09
action_dit_adaln_norm1,1c08,8,14,even,8,4,3e8f3d97be983eb1
action_dit_adaln_norm1,1c08,8,15,odd,8,4,3e873e0c3e20bdfe
action_dit_adaln_norm1,1c08,8,0,even,9,4,3e09bded3ea43ea4
action_dit_adaln_norm1,1c08,8,1,odd,9,4,3d8e3e89bd24bde0
action_dit_adaln_norm1,1c08,8,2,even,9,4,3edfbdf63da4be0c
action_dit_adaln_norm1,1c08,8,3,odd,9,4,3e5cbef83dc83e8d
action_dit_adaln_norm1,1c08,8,4,even,9,4,3df93e9abe1d3e9c
action_dit_adaln_norm1,1c08,8,5,odd,9,4,3d8c3e083e023e3c
action_dit_adaln_norm1,1c08,8,6,even,9,4,3e29bcf03da43e4a
action_dit_adaln_norm1,1c08,8,7,odd,9,4,be1bbd843ed23d00
action_dit_adaln_norm1,1c08,8,8,even,9,4,be023e923ee5bd46
action_dit_adaln_norm1,1c08,8,9,odd,9,4,3ed2bdf1be4ebf2a
action_dit_adaln_norm1,1c08,8,10,even,9,4,be963ef8bd443eec
action_dit_adaln_norm1,1c08,8,11,odd,9,4,be0cbe9d3e9abe0e
action_dit_adaln_norm1,1c08,8,12,even,9,4,bdadbd62bcb03dc0
action_dit_adaln_norm1,1c08,8,13,odd,9,4,be93be98bdf3bf1e
action_dit_adaln_norm1,1c08,8,14,even,9,4,bf4cbe8b3e9f3ebd
action_dit_adaln_norm1,1c08,8,15,odd,9,4,be20be713e82beea
action_dit_adaln_norm1,1c08,8,0,even,10,4,3d9e3d90beb73eba
action_dit_adaln_norm1,1c08,8,1,odd,10,4,bde13e383e453ee9
action_dit_adaln_norm1,1c08,8,2,even,10,4,3bc0bb68beccbeea
action_dit_adaln_norm1,1c08,8,3,odd,10,4,3e98bed93eb63e75
action_dit_adaln_norm1,1c08,8,4,even,10,4,be653ea43f00bf48
action_dit_adaln_norm1,1c08,8,5,odd,10,4,be1cbe0f3e863e04
action_dit_adaln_norm1,1c08,8,6,even,10,4,3ed9be2c3ed3be8e
action_dit_adaln_norm1,1c08,8,7,odd,10,4,bea73dcabeae3e74
action_dit_adaln_norm1,1c08,8,8,even,10,4,3edb3eb2bdfc3f03
action_dit_adaln_norm1,1c08,8,9,odd,10,4,be943e963d183f48
action_dit_adaln_norm1,1c08,8,10,even,10,4,be5dbea1becabe94
action_dit_adaln_norm1,1c08,8,11,odd,10,4,3a803f473e75bedf
action_dit_adaln_norm1,1c08,8,12,even,10,4,3e893f16bf3abe75
action_dit_adaln_norm1,1c08,8,13,odd,10,4,3e4ebe8a3e11be80
action_dit_adaln_norm1,1c08,8,14,even,10,4,bdc63f09be673f1c
action_dit_adaln_norm1,1c08,8,15,odd,10,4,3ed93f1b3ec8be8a
action_dit_adaln_norm1,1c08,8,0,even,11,4,3df03ec23e8b3ecc
action_dit_adaln_norm1,1c08,8,1,odd,11,4,be5ebe2cbe6ebebb
action_dit_adaln_norm1,1c08,8,2,even,11,4,3d8e3e0cbe6e3f58
action_dit_adaln_norm1,1c08,8,3,odd,11,4,3d0ebed83eb2befa
action_dit_adaln_norm1,1c08,8,4,even,11,4,3ea33e03be10be07
action_dit_adaln_norm1,1c08,8,5,odd,11,4,3e263e9c3e033ddc
action_dit_adaln_norm1,1c08,8,6,even,11,4,be723d9e3e3c3ed9
action_dit_adaln_norm1,1c08,8,7,odd,11,4,3eda3e92be833dc0
action_dit_adaln_norm1,1c08,8,8,even,11,4,3dc2be54becdbedc
action_dit_adaln_norm1,1c08,8,9,odd,11,4,bc30bd643e8ebf1d
action_dit_adaln_norm1,1c08,8,10,even,11,4,bf223f26be173c60
action_dit_adaln_norm1,1c08,8,11,odd,11,4,bd20bef03e4c3ed2
action_dit_adaln_norm1,1c08,8,12,even,11,4,3f523e3a3ed33e04
action_dit_adaln_norm1,1c08,8,13,odd,11,4,3f2c3c70be203cfa
action_dit_adaln_norm1,1c08,8,14,even,11,4,bd953e03bd813d22
action_dit_adaln_norm1,1c08,8,15,odd,11,4,3d53bee0bf163e86
action_dit_adaln_norm1,1c08,8,0,even,12,4,bf0d3e06be9c3e17
action_dit_adaln_norm1,1c08,8,1,odd,12,4,3eba3e41becd3d1c
action_dit_adaln_norm1,1c08,8,2,even,12,4,3e3fbdabbf1bbe35
action_dit_adaln_norm1,1c08,8,3,odd,12,4,be5cbef0be2dbe58
action_dit_adaln_norm1,1c08,8,4,even,12,4,3d1ebe86bf083e63
action_dit_adaln_norm1,1c08,8,5,odd,12,4,3d583f02be5cbe6e
action_dit_adaln_norm1,1c08,8,6,even,12,4,3d44be183e803e5b
action_dit_adaln_norm1,1c08,8,7,odd,12,4,bbc03e52be8dbeb8
action_dit_adaln_norm1,1c08,8,8,even,12,4,3ea7beaf3d80bf05
action_dit_adaln_norm1,1c08,8,9,odd,12,4,be62be9d3ce0be4e
action_dit_adaln_norm1,1c08,8,10,even,12,4,3ed03f2abdb63f04
action_dit_adaln_norm1,1c08,8,11,odd,12,4,3ec43f0e3e82be9d
action_dit_adaln_norm1,1c08,8,12,even,12,4,be2fbd363eccbeec
action_dit_adaln_norm1,1c08,8,13,odd,12,4,3d34bd583e9c3e1e
action_dit_adaln_norm1,1c08,8,14,even,12,4,3e3c3db63e7abe42
action_dit_adaln_norm1,1c08,8,15,odd,12,4,beb2be03bdffbeb2
action_dit_adaln_norm1,1c08,8,0,even,13,4,bdf43e403f363e3f
action_dit_adaln_norm1,1c08,8,1,odd,13,4,be8dbdbbbf163ef0
action_dit_adaln_norm1,1c08,8,2,even,13,4,3d7bbf2fbe0a3cb1
action_dit_adaln_norm1,1c08,8,3,odd,13,4,3f08beccbeaa3e2e
action_dit_adaln_norm1,1c08,8,4,even,13,4,3c8c3dec3e72be78
action_dit_adaln_norm1,1c08,8,5,odd,13,4,be8f3ba03e8c3e57
action_dit_adaln_norm1,1c08,8,6,even,13,4,be0cbd70bf80bbe0
action_dit_adaln_norm1,1c08,8,7,odd,13,4,bdb2bed5bde23e2e
action_dit_adaln_norm1,1c08,8,8,even,13,4,3ef2be34beb2bddb
action_dit_adaln_norm1,1c08,8,9,odd,13,4,3dfcbe83bf0ebdd6
action_dit_adaln_norm1,1c08,8,10,even,13,4,3e92be493ed33e9b
action_dit_adaln_norm1,1c08,8,11,odd,13,4,3d1e3d98bdb8bd8a
action_dit_adaln_norm1,1c08,8,12,even,13,4,be973d90bc94bef9
action_dit_adaln_norm1,1c08,8,13,odd,13,4,3d143f06be8fbe3a
action_dit_adaln_norm1,1c08,8,14,even,13,4,3eb03d053e9abf30
action_dit_adaln_norm1,1c08,8,15,odd,13,4,beb03d883e733e76
action_dit_adaln_norm1,1c08,8,0,even,14,4,3e6b3ecb3d1e3d98
action_dit_adaln_norm1,1c08,8,1,odd,14,4,bd203e1fbe90bf17
action_dit_adaln_norm1,1c08,8,2,even,14,4,3d50bd67bf733e89
action_dit_adaln_norm1,1c08,8,3,odd,14,4,3e343d083d9a3e00
action_dit_adaln_norm1,1c08,8,4,even,14,4,be9e3e333e64bcc0
action_dit_adaln_norm1,1c08,8,5,odd,14,4,3e243e95bb003ead
action_dit_adaln_norm1,1c08,8,6,even,14,4,3eef3e30bd8e3da4
action_dit_adaln_norm1,1c08,8,7,odd,14,4,3ec0be483f21be83
action_dit_adaln_norm1,1c08,8,8,even,14,4,bc903e94bf1e3e30
action_dit_adaln_norm1,1c08,8,9,odd,14,4,3e043e8bbe463e31
action_dit_adaln_norm1,1c08,8,10,even,14,4,bf22be80bcfcbf0d
action_dit_adaln_norm1,1c08,8,11,odd,14,4,be183d00be613e99
action_dit_adaln_norm1,1c08,8,12,even,14,4,3e8ebd83beadbf38
action_dit_adaln_norm1,1c08,8,13,odd,14,4,3e93be263e213f00
action_dit_adaln_norm1,1c08,8,14,even,14,4,bd10be78bdecbee4
action_dit_adaln_norm1,1c08,8,15,odd,14,4,be6c3e87bec93cc0
action_dit_adaln_norm1,1c08,8,0,even,15,4,beef3e763dfc3c40
action_dit_adaln_norm1,1c08,8,1,odd,15,4,be6d3f03bc00bf02
action_dit_adaln_norm1,1c08,8,2,even,15,4,3eb63e22bde6bbc0
action_dit_adaln_norm1,1c08,8,3,odd,15,4,3dc63c683cf8be84
action_dit_adaln_norm1,1c08,8,4,even,15,4,3f28be0b3d94be7e
action_dit_adaln_norm1,1c08,8,5,odd,15,4,be3d3d8a3ebe3dbd
action_dit_adaln_norm1,1c08,8,6,even,15,4,3e34be13bf203e8e
action_dit_adaln_norm1,1c08,8,7,odd,15,4,bdfabe1bbf593eb2
action_dit_adaln_norm1,1c08,8,8,even,15,4,3e9d3e9c3ec8bdbe
action_dit_adaln_norm1,1c08,8,9,odd,15,4,3d083db43d563e4e
action_dit_adaln_norm1,1c08,8,10,even,15,4,3f55bddabead3e05
action_dit_adaln_norm1,1c08,8,11,odd,15,4,3e253e323e0ebe0e
action_dit_adaln_norm1,1c08,8,12,even,15,4,3e883e62be853f17
action_dit_adaln_norm1,1c08,8,13,odd,15,4,3e5c3f03bd32bd00
action_dit_adaln_norm1,1c08,8,14,even,15,4,be803e38bf193ee8
action_dit_adaln_norm1,1c08,8,15,odd,15,4,bd24bea4bebc3d6e
action_dit_adaln_norm1,1c08,8,0,even,16,4,3e643eabbefe3bc0
action_dit_adaln_norm1,1c08,8,1,odd,16,4,3ed23ee4bf8abe92
action_dit_adaln_norm1,1c08,8,2,even,16,4,3e463e11beb6be90
action_dit_adaln_norm1,1c08,8,3,odd,16,4,3d96bdba3dd63e1b
action_dit_adaln_norm1,1c08,8,4,even,16,4,be483e9d3f17be9e
action_dit_adaln_norm1,1c08,8,5,odd,16,4,bbb0bde1bd96be2f
action_dit_adaln_norm1,1c08,8,6,even,16,4,bd9f3e38bc80be9e
action_dit_adaln_norm1,1c08,8,7,odd,16,4,be8fbf0b3e97bdd3
action_dit_adaln_norm1,1c08,8,8,even,16,4,bf48bdec3e343e21
action_dit_adaln_norm1,1c08,8,9,odd,16,4,be943dfe3a803ee7
action_dit_adaln_norm1,1c08,8,10,even,16,4,3eb43f28bdd2bc00
action_dit_adaln_norm1,1c08,8,11,odd,16,4,3e2c3ed4bf31bdc6
action_dit_adaln_norm1,1c08,8,12,even,16,4,3ed43ec8bf18bdd8
action_dit_adaln_norm1,1c08,8,13,odd,16,4,3ea13e1dbeaabd04
action_dit_adaln_norm1,1c08,8,14,even,16,4,bd50bec6be53bbc0
action_dit_adaln_norm1,1c08,8,15,odd,16,4,be72bbc03e8cbf45
action_dit_adaln_norm1,1c08,8,0,even,17,4,3e403ed53eaebd08
action_dit_adaln_norm1,1c08,8,1,odd,17,4,3ef23f1a3f09bdcc
action_dit_adaln_norm1,1c08,8,2,even,17,4,3ef7bdf63dc7bdde
action_dit_adaln_norm1,1c08,8,3,odd,17,4,3f363e93bdcb3e22
action_dit_adaln_norm1,1c08,8,4,even,17,4,3e3c3f14beee3e35
action_dit_adaln_norm1,1c08,8,5,odd,17,4,3cd8bba0bdfabefa
action_dit_adaln_norm1,1c08,8,6,even,17,4,3e4ebf2e3ea4be6f
action_dit_adaln_norm1,1c08,8,7,odd,17,4,3f043c76bc70be5e
action_dit_adaln_norm1,1c08,8,8,even,17,4,bd48be9cbe103ebb
action_dit_adaln_norm1,1c08,8,9,odd,17,4,bc503d8abe553e44
action_dit_adaln_norm1,1c08,8,10,even,17,4,3e923e8abd1abed4
action_dit_adaln_norm1,1c08,8,11,odd,17,4,bec03e123eb8be4a
action_dit_adaln_norm1,1c08,8,12,even,17,4,3ecabe5abe2a3ed1
action_dit_adaln_norm1,1c08,8,13,odd,17,4,3e543ebabc303e91
action_dit_adaln_norm1,1c08,8,14,even,17,4,3e90be98bec6be3e
action_dit_adaln_norm1,1c08,8,15,odd,17,4,3cb43e3abe003e66
action_dit_adaln_norm1,1c08,8,0,even,18,4,3f27bdddbe063e60
action_dit_adaln_norm1,1c08,8,1,odd,18,4,bdce3e49bd8cbe9e
action_dit_adaln_norm1,1c08,8,2,even,18,4,bd96bf1e3dc3bc50
action_dit_adaln_norm1,1c08,8,3,odd,18,4,bda0be9bbdbe3d42
action_dit_adaln_norm1,1c08,8,4,even,18,4,be353c40bcd03ddc
action_dit_adaln_norm1,1c08,8,5,odd,18,4,3e72be913da5be9e
action_dit_adaln_norm1,1c08,8,6,even,18,4,3ee4bd68bd743eee
action_dit_adaln_norm1,1c08,8,7,odd,18,4,3ee8bf0d3e18bdd4
action_dit_adaln_norm1,1c08,8,8,even,18,4,3e81bf263f03bee6
action_dit_adaln_norm1,1c08,8,9,odd,18,4,beb23e013d9a3ead
action_dit_adaln_norm1,1c08,8,10,even,18,4,bdc23f10be823e12
action_dit_adaln_norm1,1c08,8,11,odd,18,4,3ebb3ef43e823e56
action_dit_adaln_norm1,1c08,8,12,even,18,4,3ddb3eb63e45bd00
action_dit_adaln_norm1,1c08,8,13,odd,18,4,3eb43e62bec8be99
action_dit_adaln_norm1,1c08,8,14,even,18,4,bde2bdc4be56beae
action_dit_adaln_norm1,1c08,8,15,odd,18,4,bc88beb6bd103df6
action_dit_adaln_norm1,1c08,8,0,even,19,4,bd7a3f2a3edb3d2c
action_dit_adaln_norm1,1c08,8,1,odd,19,4,3e953e203e183efe
action_dit_adaln_norm1,1c08,8,2,even,19,4,3f073e4a3e333ead
action_dit_adaln_norm1,1c08,8,3,odd,19,4,3ed6beb7beba3f40
action_dit_adaln_norm1,1c08,8,4,even,19,4,3e96be65be0d3e47
action_dit_adaln_norm1,1c08,8,5,odd,19,4,3f5e3eacbed2bdad
action_dit_adaln_norm1,1c08,8,6,even,19,4,bdf2be263e833e05
action_dit_adaln_norm1,1c08,8,7,odd,19,4,3eef3e8cbd443d08
action_dit_adaln_norm1,1c08,8,8,even,19,4,bce03d883e8d3dd4
action_dit_adaln_norm1,1c08,8,9,odd,19,4,3e8d3ce43ea5bf12
action_dit_adaln_norm1,1c08,8,10,even,19,4,3e223dc63a803e87
action_dit_adaln_norm1,1c08,8,11,odd,19,4,00003e903df83db0
action_dit_adaln_norm1,1c08,8,12,even,19,4,bf0bbdf63e7bbe54
action_dit_adaln_norm1,1c08,8,13,odd,19,4,3e4cbed63d38bc30
action_dit_adaln_norm1,1c08,8,14,even,19,4,3d94be40be133d75
action_dit_adaln_norm1,1c08,8,15,odd,19,4,3e883f2abcf8bdb6
action_dit_adaln_norm1,1c08,8,0,even,20,4,be69bcf8be223e7a
action_dit_adaln_norm1,1c08,8,1,odd,20,4,3e9ebe47be2abdea
action_dit_adaln_norm1,1c08,8,2,even,20,4,3e20beea3c86be32
action_dit_adaln_norm1,1c08,8,3,odd,20,4,3ea13eb8bde03ef3
action_dit_adaln_norm1,1c08,8,4,even,20,4,3eb53e1c3e06bdc5
action_dit_adaln_norm1,1c08,8,5,odd,20,4,3d2c3e53be5ebe9c
action_dit_adaln_norm1,1c08,8,6,even,20,4,bf25bed4bd8a3f58
action_dit_adaln_norm1,1c08,8,7,odd,20,4,3f463ec9be403dde
action_dit_adaln_norm1,1c08,8,8,even,20,4,3e20bdfcbe443e27
action_dit_adaln_norm1,1c08,8,9,odd,20,4,bd903d80bea83e2c
action_dit_adaln_norm1,1c08,8,10,even,20,4,3f0bbe6bbdb03e4c
action_dit_adaln_norm1,1c08,8,11,odd,20,4,3dbabb803c5e3f27
action_dit_adaln_norm1,1c08,8,12,even,20,4,3f07be2f3ea53eb2
action_dit_adaln_norm1,1c08,8,13,odd,20,4,bf34becc3d813e3c
action_dit_adaln_norm1,1c08,8,14,even,20,4,be37bf023f203edf
action_dit_adaln_norm1,1c08,8,15,odd,20,4,bf123e433c303ed3
action_dit_adaln_norm1,1c08,8,0,even,21,4,3e4a3dd03da03df2
action_dit_adaln_norm1,1c08,8,1,odd,21,4,be9abdea3f2e3f06
action_dit_adaln_norm1,1c08,8,2,even,21,4,3e4c3e21be283e28
action_dit_adaln_norm1,1c08,8,3,odd,21,4,3e76be18beabbb80
action_dit_adaln_norm1,1c08,8,4,even,21,4,3ef5be9abe36be80
action_dit_adaln_norm1,1c08,8,5,odd,21,4,bdfcbe543e8bbea0
action_dit_adaln_norm1,1c08,8,6,even,21,4,bea6beb93def3d08
action_dit_adaln_norm1,1c08,8,7,odd,21,4,3e3fbed53db83a28
action_dit_adaln_norm1,1c08,8,8,even,21,4,3d28bc883d8cbee4
action_dit_adaln_norm1,1c08,8,9,odd,21,4,bf33be743e74bf1d
action_dit_adaln_norm1,1c08,8,10,even,21,4,3ed1be51befb3e3c
action_dit_adaln_norm1,1c08,8,11,odd,21,4,3ed13e2e3e36bdf7
action_dit_adaln_norm1,1c08,8,12,even,21,4,bedebc40beb43cb0
action_dit_adaln_norm1,1c08,8,13,odd,21,4,3d9ebeadbecebe60
action_dit_adaln_norm1,1c08,8,14,even,21,4,3ec8be3cbe9cbdb2
action_dit_adaln_norm1,1c08,8,15,odd,21,4,be5a3eb03e4abe71
action_dit_adaln_norm1,1c08,8,0,even,22,4,be713de73ca83ebe
action_dit_adaln_norm1,1c08,8,1,odd,22,4,3df43edf3c9a3d8d
action_dit_adaln_norm1,1c08,8,2,even,22,4,be4dbf0ebf183f1d
action_dit_adaln_norm1,1c08,8,3,odd,22,4,be37be4cbf08be8a
action_dit_adaln_norm1,1c08,8,4,even,22,4,bf10bd953ed23ec0
action_dit_adaln_norm1,1c08,8,5,odd,22,4,3ec63d42be89be3b
action_dit_adaln_norm1,1c08,8,6,even,22,4,bdf83eebbdf53ed0
action_dit_adaln_norm1,1c08,8,7,odd,22,4,3e403e163e083e9a
action_dit_adaln_norm1,1c08,8,8,even,22,4,3f09beba3db53e20
action_dit_adaln_norm1,1c08,8,9,odd,22,4,3f06be86be61bdd2
action_dit_adaln_norm1,1c08,8,10,even,22,4,3e243e603e0c3e12
action_dit_adaln_norm1,1c08,8,11,odd,22,4,3e7fbe593ee4bea8
action_dit_adaln_norm1,1c08,8,12,even,22,4,bed43e873f0b3e0c
action_dit_adaln_norm1,1c08,8,13,odd,22,4,3d083e9abe2fbe97
action_dit_adaln_norm1,1c08,8,14,even,22,4,bda93e193ef03ea0
action_dit_adaln_norm1,1c08,8,15,odd,22,4,bea0be72bd080000
action_dit_adaln_norm1,1c08,8,0,even,23,4,bec83e0a3c44be21
action_dit_adaln_norm1,1c08,8,1,odd,23,4,3eb03df6be8abe67
action_dit_adaln_norm1,1c08,8,2,even,23,4,bdbe3e6c3d0c3de6
action_dit_adaln_norm1,1c08,8,3,odd,23,4,bf2bbd203ec2be92
action_dit_adaln_norm1,1c08,8,4,even,23,4,bd4a3eba3d803e4e
action_dit_adaln_norm1,1c08,8,5,odd,23,4,bee7beb6bde83ea2
action_dit_adaln_norm1,1c08,8,6,even,23,4,bf30bf2fbf36bedf
action_dit_adaln_norm1,1c08,8,7,odd,23,4,be7cbd02bd93be5c
action_dit_adaln_norm1,1c08,8,8,even,23,4,beae3df63eeabec8
action_dit_adaln_norm1,1c08,8,9,odd,23,4,bf1abe743dc0bd26
action_dit_adaln_norm1,1c08,8,10,even,23,4,3e8d3df03e4cbe9a
action_dit_adaln_norm1,1c08,8,11,odd,23,4,bd5cbe8c3e55be44
action_dit_adaln_norm1,1c08,8,12,even,23,4,3f393ead3eb33ec4
action_dit_adaln_norm1,1c08,8,13,odd,23,4,bf08be443db03e59
action_dit_adaln_norm1,1c08,8,14,even,23,4,3e2ebed83e20bde0
action_dit_adaln_norm1,1c08,8,15,odd,23,4,be143e9e3e5cbe25
action_dit_adaln_norm1,1c09,9,0,even,0,4,3e70bd8a3d8a3e94
action_dit_adaln_norm1,1c09,9,1,odd,0,4,bd3a3e343e353efc
action_dit_adaln_norm1,1c09,9,2,even,0,4,be8e3f00bc58bd53
action_dit_adaln_norm1,1c09,9,3,odd,0,4,bcfabe2b3e67bd8c
action_dit_adaln_norm1,1c09,9,4,even,0,4,bf16be5f3e62becb
action_dit_adaln_norm1,1c09,9,5,odd,0,4,be1a3e603d00be8f
action_dit_adaln_norm1,1c09,9,6,even,0,4,3e8fbe943bc03f0d
action_dit_adaln_norm1,1c09,9,7,odd,0,4,3ee6be8cbdcbbed4
action_dit_adaln_norm1,1c09,9,8,even,0,4,3ea7bbf03f01bd5c
action_dit_adaln_norm1,1c09,9,9,odd,0,4,3ed8bca43f5dbe28
action_dit_adaln_norm1,1c09,9,10,even,0,4,3e393e5bbf0fbeb0
action_dit_adaln_norm1,1c09,9,11,odd,0,4,bd28be563ea63d0e
action_dit_adaln_norm1,1c09,9,12,even,0,4,bea73f29bb803d86
action_dit_adaln_norm1,1c09,9,13,odd,0,4,bdab3f67be49be6d
action_dit_adaln_norm1,1c09,9,14,even,0,4,bee4be1a3e3f3f24
action_dit_adaln_norm1,1c09,9,15,odd,0,4,be3c3efcbef63e10
action_dit_adaln_norm1,1c09,9,0,even,1,4,bdb8bd4e3f23bed8
action_dit_adaln_norm1,1c09,9,1,odd,1,4,bed6bdeebec4be5e
action_dit_adaln_norm1,1c09,9,2,even,1,4,bbf0bbe83e04be6c
action_dit_adaln_norm1,1c09,9,3,odd,1,4,bdde3ce8be32be30
action_dit_adaln_norm1,1c09,9,4,even,1,4,3ec73e3a3dd83eae
action_dit_adaln_norm1,1c09,9,5,odd,1,4,3e1a3d85bc5c3e74
action_dit_adaln_norm1,1c09,9,6,even,1,4,bdd7be7dbc98beb6
action_dit_adaln_norm1,1c09,9,7,odd,1,4,bdd1beda3d203e81
action_dit_adaln_norm1,1c09,9,8,even,1,4,bdfa3e81bf23bc04
action_dit_adaln_norm1,1c09,9,9,odd,1,4,bc203dfebdef3d68
action_dit_adaln_norm1,1c09,9,10,even,1,4,3d123e9bbedabf02
action_dit_adaln_norm1,1c09,9,11,odd,1,4,be2e3eb4beecbe9d
action_dit_adaln_norm1,1c09,9,12,even,1,4,bebfbe02bebe3b00
action_dit_adaln_norm1,1c09,9,13,odd,1,4,bf043de5beaebbd0
action_dit_adaln_norm1,1c09,9,14,even,1,4,beb03e3e3e95bf07
action_dit_adaln_norm1,1c09,9,15,odd,1,4,3e983e9f3de43ba0
action_dit_adaln_norm1,1c09,9,0,even,2,4,bdce3e6d3ea0be42
action_dit_adaln_norm1,1c09,9,1,odd,2,4,bf0fbeb8befcbe73
action_dit_adaln_norm1,1c09,9,2,even,2,4,bd7a3d08bda6bee0
action_dit_adaln_norm1,1c09,9,3,odd,2,4,3ea63e203dae3eb0
action_dit_adaln_norm1,1c09,9,4,even,2,4,3e823d383eee3e5b
action_dit_adaln_norm1,1c09,9,5,odd,2,4,3d74bee43e4a3f1e
action_dit_adaln_norm1,1c09,9,6,even,2,4,bf143e463e22be72
action_dit_adaln_norm1,1c09,9,7,odd,2,4,3cc03e6abd00beb7
action_dit_adaln_norm1,1c09,9,8,even,2,4,3dfa3dce3e3a3ed2
action_dit_adaln_norm1,1c09,9,9,odd,2,4,3ecebdfcbe8d3e46
action_dit_adaln_norm1,1c09,9,10,even,2,4,be433e243e84beb0
action_dit_adaln_norm1,1c09,9,11,odd,2,4,3eec3ebbbed63eaf
action_dit_adaln_norm1,1c09,9,12,even,2,4,bd9ebea63e4ebeaf
action_dit_adaln_norm1,1c09,9,13,odd,2,4,3e8abe62be9abe90
action_dit_adaln_norm1,1c09,9,14,even,2,4,3e24bdd0bc96befc
action_dit_adaln_norm1,1c09,9,15,odd,2,4,3c54be2f3e123d8a
action_dit_adaln_norm1,1c09,9,0,even,3,4,bec03d943e31bda9
action_dit_adaln_norm1,1c09,9,1,odd,3,4,3e73bebebe6dbeb2
action_dit_adaln_norm1,1c09,9,2,even,3,4,3d93bd46bf4ebef2
action_dit_adaln_norm1,1c09,9,3,odd,3,4,3e743e543d22bee8
action_dit_adaln_norm1,1c09,9,4,even,3,4,bea6be25beea0000
action_dit_adaln_norm1,1c09,9,5,odd,3,4,3ece3f0abe163c68
action_dit_adaln_norm1,1c09,9,6,even,3,4,3e98bf87be57be0e
action_dit_adaln_norm1,1c09,9,7,odd,3,4,3eb83e603e963ea9
action_dit_adaln_norm1,1c09,9,8,even,3,4,bd9bbdb8bf0e3e21
action_dit_adaln_norm1,1c09,9,9,odd,3,4,be2bbf22be233eab
action_dit_adaln_norm1,1c09,9,10,even,3,4,3dc4bf20be2b3f3c
action_dit_adaln_norm1,1c09,9,11,odd,3,4,3eab3dfd3f0ebe47
action_dit_adaln_norm1,1c09,9,12,even,3,4,beb63e033e053d74
action_dit_adaln_norm1,1c09,9,13,odd,3,4,bf11be1bbb00bf0a
action_dit_adaln_norm1,1c09,9,14,even,3,4,3edc3d88be563dd8
action_dit_adaln_norm1,1c09,9,15,odd,3,4,bd483e82be603e58
action_dit_adaln_norm1,1c09,9,0,even,4,4,3e4e3eee3ea83e13
action_dit_adaln_norm1,1c09,9,1,odd,4,4,3e05bdcd3ca03e85
action_dit_adaln_norm1,1c09,9,2,even,4,4,bec93e263ec6be6d
action_dit_adaln_norm1,1c09,9,3,odd,4,4,3f24bcd0be5e3e45
action_dit_adaln_norm1,1c09,9,4,even,4,4,becd3dda3e10be99
action_dit_adaln_norm1,1c09,9,5,odd,4,4,3e373ec13effbe95
action_dit_adaln_norm1,1c09,9,6,even,4,4,3eb9be90bdc7bdc4
action_dit_adaln_norm1,1c09,9,7,odd,4,4,bec9be0d3cbbbe50
action_dit_adaln_norm1,1c09,9,8,even,4,4,3e553e16bee4bbe0
action_dit_adaln_norm1,1c09,9,9,odd,4,4,3dbabec6bf0cbc00
action_dit_adaln_norm1,1c09,9,10,even,4,4,3f163e76bea73f06
action_dit_adaln_norm1,1c09,9,11,odd,4,4,be253ebdbf203e83
action_dit_adaln_norm1,1c09,9,12,even,4,4,3f093f34bdc2bd20
action_dit_adaln_norm1,1c09,9,13,odd,4,4,3f15bda7bee1be0c
action_dit_adaln_norm1,1c09,9,14,even,4,4,bed2bbf0bdbcbece
action_dit_adaln_norm1,1c09,9,15,odd,4,4,3e4e3c28bf24beb1
action_dit_adaln_norm1,1c09,9,0,even,5,4,3d17becbbd38be1a
action_dit_adaln_norm1,1c09,9,1,odd,5,4,3ef83d7b3e0ebe8f
action_dit_adaln_norm1,1c09,9,2,even,5,4,beb2bdc8bd923dc0
action_dit_adaln_norm1,1c09,9,3,odd,5,4,3f003e4bbf04be1a
action_dit_adaln_norm1,1c09,9,4,even,5,4,3e50be9e3f34be5e
action_dit_adaln_norm1,1c09,9,5,odd,5,4,3e93be52beed3e1e
action_dit_adaln_norm1,1c09,9,6,even,5,4,3e22bec03e35bd34
action_dit_adaln_norm1,1c09,9,7,odd,5,4,3e553eaebe973e6e
action_dit_adaln_norm1,1c09,9,8,even,5,4,3f093eccbd99be19
action_dit_adaln_norm1,1c09,9,9,odd,5,4,3f0e3e16be393d50
action_dit_adaln_norm1,1c09,9,10,even,5,4,3ed63e56bea8be6f
action_dit_adaln_norm1,1c09,9,11,odd,5,4,3d163ef6beb13d94
action_dit_adaln_norm1,1c09,9,12,even,5,4,befebe903df43e45
action_dit_adaln_norm1,1c09,9,13,odd,5,4,be06bde83da73ea1
action_dit_adaln_norm1,1c09,9,14,even,5,4,3df0be02be47bea1
action_dit_adaln_norm1,1c09,9,15,odd,5,4,3e2cbebdbe7b3ed4
action_dit_adaln_norm1,1c09,9,0,even,6,4,3eb4beb13bd03ed3
action_dit_adaln_norm1,1c09,9,1,odd,6,4,3e983e043e10bca8
action_dit_adaln_norm1,1c09,9,2,even,6,4,3e9a3ea23dccbeac
action_dit_adaln_norm1,1c09,9,3,odd,6,4,3db13de73e8d3ef7
action_dit_adaln_norm1,1c09,9,4,even,6,4,bdc63e133e3a3d28
action_dit_adaln_norm1,1c09,9,5,odd,6,4,becdbe83bea6beda
action_dit_adaln_norm1,1c09,9,6,even,6,4,bba83f0abf1bbeb4
action_dit_adaln_norm1,1c09,9,7,odd,6,4,be8abecc3de23ef3
action_dit_adaln_norm1,1c09,9,8,even,6,4,bee4bf1500003db0
action_dit_adaln_norm1,1c09,9,9,odd,6,4,bee23e45be42bef0
action_dit_adaln_norm1,1c09,9,10,even,6,4,be2f3dbc3e32beda
action_dit_adaln_norm1,1c09,9,11,odd,6,4,3f38bf023ec43c5a
action_dit_adaln_norm1,1c09,9,12,even,6,4,3e8bbc90be20bee4
action_dit_adaln_norm1,1c09,9,13,odd,6,4,be4f3e91beb5be5c
action_dit_adaln_norm1,1c09,9,14,even,6,4,bd303e6c3d453e2d
action_dit_adaln_norm1,1c09,9,15,odd,6,4,3d983dbabe563e82
action_dit_adaln_norm1,1c09,9,0,even,7,4,bee03f0ebd2abc0e
action_dit_adaln_norm1,1c09,9,1,odd,7,4,3d253e1b3e0d3e15
action_dit_adaln_norm1,1c09,9,2,even,7,4,3b703e22be633d8a
action_dit_adaln_norm1,1c09,9,3,odd,7,4,beb1be84bd653df6
action_dit_adaln_norm1,1c09,9,4,even,7,4,bda2be8fbc80beb4
action_dit_adaln_norm1,1c09,9,5,odd,7,4,bea6bebbbcd53eb3
action_dit_adaln_norm1,1c09,9,6,even,7,4,bda03dce3e2ebe68
action_dit_adaln_norm1,1c09,9,7,odd,7,4,bdda3e263e9bbd2c
action_dit_adaln_norm1,1c09,9,8,even,7,4,be07be6c3e94be0b
action_dit_adaln_norm1,1c09,9,9,odd,7,4,3e25bd7fbc003ea7
action_dit_adaln_norm1,1c09,9,10,even,7,4,be3e3ea13e363f13
action_dit_adaln_norm1,1c09,9,11,odd,7,4,bd4c3df83dbabec3
action_dit_adaln_norm1,1c09,9,12,even,7,4,be103b80bc94be76
action_dit_adaln_norm1,1c09,9,13,odd,7,4,3be03e74bf34be7e
action_dit_adaln_norm1,1c09,9,14,even,7,4,3e52be0ebe623c10
action_dit_adaln_norm1,1c09,9,15,odd,7,4,3db6beeabdaabec8
action_dit_adaln_norm1,1c09,9,0,even,8,4,3e2abd12bc40bd4c
action_dit_adaln_norm1,1c09,9,1,odd,8,4,3eb3beb53c8abe14
action_dit_adaln_norm1,1c09,9,2,even,8,4,3e8cbf143c0c3df8
action_dit_adaln_norm1,1c09,9,3,odd,8,4,bf54bc20be913edb
action_dit_adaln_norm1,1c09,9,4,even,8,4,3bc0bf09bdde3dfe
action_dit_adaln_norm1,1c09,9,5,odd,8,4,bedebdd83e783c90
action_dit_adaln_norm1,1c09,9,6,even,8,4,bd973ee1bf0bbec4
action_dit_adaln_norm1,1c09,9,7,odd,8,4,3e813ee5bdabbec8
action_dit_adaln_norm1,1c09,9,8,even,8,4,3e893edbbbc0befc
action_dit_adaln_norm1,1c09,9,9,odd,8,4,3c3d3e0b3c98bdba
action_dit_adaln_norm1,1c09,9,10,even,8,4,3c583ef5bf5c3cb0
action_dit_adaln_norm1,1c09,9,11,odd,8,4,3c303cacbf30bd48
action_dit_adaln_norm1,1c09,9,12,even,8,4,3f0f3d573ee5bdbc
action_dit_adaln_norm1,1c09,9,13,odd,8,4,3d973d783e323e63
action_dit_adaln_norm1,1c09,9,14,even,8,4,bd22be7cbed23ed5
action_dit_adaln_norm1,1c09,9,15,odd,8,4,3ef0be4e3e0abd16
action_dit_adaln_norm1,1c09,9,0,even,9,4,bf0a3e683f3bbe52
action_dit_adaln_norm1,1c09,9,1,odd,9,4,3dd43e3c3d18bd98
action_dit_adaln_norm1,1c09,9,2,even,9,4,3e94be863e54bd53
action_dit_adaln_norm1,1c09,9,3,odd,9,4,3e693c783c983ec2
action_dit_adaln_norm1,1c09,9,4,even,9,4,bd6c3db7be8a3e54
action_dit_adaln_norm1,1c09,9,5,odd,9,4,3ecebe413e29bd62
action_dit_adaln_norm1,1c09,9,6,even,9,4,3dc43ebf3d303ef7
action_dit_adaln_norm1,1c09,9,7,odd,9,4,be08bda03d10bcc0
action_dit_adaln_norm1,1c09,9,8,even,9,4,3d943de03de23cf8
action_dit_adaln_norm1,1c09,9,9,odd,9,4,3eadbe0b3dc2bf08
action_dit_adaln_norm1,1c09,9,10,even,9,4,be3f3eec3e563e86
action_dit_adaln_norm1,1c09,9,11,odd,9,4,bdbabeed3ea9befe
action_dit_adaln_norm1,1c09,9,12,even,9,4,3e22be24bec3bede
action_dit_adaln_norm1,1c09,9,13,odd,9,4,bee6bcb8bdfcbe2e
action_dit_adaln_norm1,1c09,9,14,even,9,4,bedb3e1ebe28bdab
action_dit_adaln_norm1,1c09,9,15,odd,9,4,bd83be053c86be86
action_dit_adaln_norm1,1c09,9,0,even,10,4,bdb5bd7abe563e92
action_dit_adaln_norm1,1c09,9,1,odd,10,4,bf173ea33c503e80
action_dit_adaln_norm1,1c09,9,2,even,10,4,be923e833eb40000
action_dit_adaln_norm1,1c09,9,3,odd,10,4,3de73e733dba3eb6
action_dit_adaln_norm1,1c09,9,4,even,10,4,beb3be3a3e6ebf06
action_dit_adaln_norm1,1c09,9,5,odd,10,4,bec8bec4be3ebb00
action_dit_adaln_norm1,1c09,9,6,even,10,4,3d963eae3e7a3e7c
action_dit_adaln_norm1,1c09,9,7,odd,10,4,bca03e2a3e303e46
action_dit_adaln_norm1,1c09,9,8,even,10,4,3f313efdbef93ed7
action_dit_adaln_norm1,1c09,9,9,odd,10,4,3eb83d603c303ef8
action_dit_adaln_norm1,1c09,9,10,even,10,4,bdd5be8fbf0cbdba
action_dit_adaln_norm1,1c09,9,11,odd,10,4,bbc03f343dcfbe1c
action_dit_adaln_norm1,1c09,9,12,even,10,4,3e073e4fbeec3ec6
action_dit_adaln_norm1,1c09,9,13,odd,10,4,3dd5be823e12bed0
action_dit_adaln_norm1,1c09,9,14,even,10,4,3e763f23bf48be37
action_dit_adaln_norm1,1c09,9,15,odd,10,4,3e723e803c92be7a
action_dit_adaln_norm1,1c09,9,0,even,11,4,3e833eccbdb43f04
action_dit_adaln_norm1,1c09,9,1,odd,11,4,bec6beb5be06bd28
action_dit_adaln_norm1,1c09,9,2,even,11,4,bc84be50bdd83eba
action_dit_adaln_norm1,1c09,9,3,odd,11,4,3edebe17bc203dae
action_dit_adaln_norm1,1c09,9,4,even,11,4,3e48bc343ea5be0d
action_dit_adaln_norm1,1c09,9,5,odd,11,4,bd063e843ece3eea
action_dit_adaln_norm1,1c09,9,6,even,11,4,bde63ea5be203ea8
action_dit_adaln_norm1,1c09,9,7,odd,11,4,3e5c3eec3dce3d77
action_dit_adaln_norm1,1c09,9,8,even,11,4,3db23ea0bdc1bdd5
action_dit_adaln_norm1,1c09,9,9,odd,11,4,3ddcbd303d02beb4
action_dit_adaln_norm1,1c09,9,10,even,11,4,be723ee7bf443e56
action_dit_adaln_norm1,1c09,9,11,odd,11,4,bd98be153ebd3f0e
action_dit_adaln_norm1,1c09,9,12,even,11,4,3e82bed23e3e3c6c
action_dit_adaln_norm1,1c09,9,13,odd,11,4,3f2c3e1c3ddc3e3b
action_dit_adaln_norm1,1c09,9,14,even,11,4,3dfd3e0e3de8be0a
action_dit_adaln_norm1,1c09,9,15,odd,11,4,be83bf48be5b3e8e
action_dit_adaln_norm1,1c09,9,0,even,12,4,be91bd98bf043e17
action_dit_adaln_norm1,1c09,9,1,odd,12,4,3ea7bd58be4b3e83
action_dit_adaln_norm1,1c09,9,2,even,12,4,bdd83e20bf703ca8
action_dit_adaln_norm1,1c09,9,3,odd,12,4,bea6be94be4dbd10
action_dit_adaln_norm1,1c09,9,4,even,12,4,3e2a3e7abf703ed6
action_dit_adaln_norm1,1c09,9,5,odd,12,4,be233e74be00bd94
action_dit_adaln_norm1,1c09,9,6,even,12,4,be80bed0beba3e91
action_dit_adaln_norm1,1c09,9,7,odd,12,4,be833e43bdd8bd12
action_dit_adaln_norm1,1c09,9,8,even,12,4,3f14bf16be013c70
action_dit_adaln_norm1,1c09,9,9,odd,12,4,bda8bf173ea6bc89
action_dit_adaln_norm1,1c09,9,10,even,12,4,3ebc3edebdf73f0d
action_dit_adaln_norm1,1c09,9,11,odd,12,4,3e913e5dba80be13
action_dit_adaln_norm1,1c09,9,12,even,12,4,bf033da63f15bea0
action_dit_adaln_norm1,1c09,9,13,odd,12,4,be27bb60beacbeb0
action_dit_adaln_norm1,1c09,9,14,even,12,4,3f043e073e9cbe25
action_dit_adaln_norm1,1c09,9,15,odd,12,4,bed83d9c3e7abefd
action_dit_adaln_norm1,1c09,9,0,even,13,4,be6cbe963e1a3e25
action_dit_adaln_norm1,1c09,9,1,odd,13,4,3e213e9abe873edf
action_dit_adaln_norm1,1c09,9,2,even,13,4,bcc8bf3a3a803be0
action_dit_adaln_norm1,1c09,9,3,odd,13,4,3ef43e633d643ed2
action_dit_adaln_norm1,1c09,9,4,even,13,4,3d4c3e8c3d7b3dbb
action_dit_adaln_norm1,1c09,9,5,odd,13,4,be593ee43e5abda0
action_dit_adaln_norm1,1c09,9,6,even,13,4,3e963d82bf213d0c
action_dit_adaln_norm1,1c09,9,7,odd,13,4,beeebd58bdf83e1b
action_dit_adaln_norm1,1c09,9,8,even,13,4,3e8abdf0bf133e4e
action_dit_adaln_norm1,1c09,9,9,odd,13,4,be98be19be9fbe31
action_dit_adaln_norm1,1c09,9,10,even,13,4,3f083da4bd9e3eb4
action_dit_adaln_norm1,1c09,9,11,odd,13,4,3ee53ed1bd04bdaa
action_dit_adaln_norm1,1c09,9,12,even,13,4,bd813e5e3dcabf10
action_dit_adaln_norm1,1c09,9,13,odd,13,4,be54bd12be443d22
action_dit_adaln_norm1,1c09,9,14,even,13,4,3e6cbd463ef0bead
action_dit_adaln_norm1,1c09,9,15,odd,13,4,bebcbed0bd083e94
action_dit_adaln_norm1,1c09,9,0,even,14,4,bc103e8abe2dbc84
action_dit_adaln_norm1,1c09,9,1,odd,14,4,be0a3eecbe43bd0a
action_dit_adaln_norm1,1c09,9,2,even,14,4,bdd3bed1bef13d0a
action_dit_adaln_norm1,1c09,9,3,odd,14,4,bcd43d913e08bebd
action_dit_adaln_norm1,1c09,9,4,even,14,4,be98bc403ed2be0f
action_dit_adaln_norm1,1c09,9,5,odd,14,4,be203df2be6b3f1a
action_dit_adaln_norm1,1c09,9,6,even,14,4,3ed03eff3e02be7c
action_dit_adaln_norm1,1c09,9,7,odd,14,4,3e16be5a3f05be89
action_dit_adaln_norm1,1c09,9,8,even,14,4,3d9c3d0ebebcbe00
action_dit_adaln_norm1,1c09,9,9,odd,14,4,be093f25bd483e82
action_dit_adaln_norm1,1c09,9,10,even,14,4,be443de23dbabf52
action_dit_adaln_norm1,1c09,9,11,odd,14,4,bd593ee83ddbbd8c
action_dit_adaln_norm1,1c09,9,12,even,14,4,3ee23e41bd1cbec2
action_dit_adaln_norm1,1c09,9,13,odd,14,4,be0e3cd63f003e22
action_dit_adaln_norm1,1c09,9,14,even,14,4,be84be96be67bec5
action_dit_adaln_norm1,1c09,9,15,odd,14,4,3ddabe53bf283e34
action_dit_adaln_norm1,1c09,9,0,even,15,4,beb73f523f533e90
action_dit_adaln_norm1,1c09,9,1,odd,15,4,bd203e31be81be9a
action_dit_adaln_norm1,1c09,9,2,even,15,4,3de53df2bdc83d13
action_dit_adaln_norm1,1c09,9,3,odd,15,4,bdb63e113f06be52
action_dit_adaln_norm1,1c09,9,4,even,15,4,3e84bf633e0cbe10
action_dit_adaln_norm1,1c09,9,5,odd,15,4,3ed43da9be6abe10
action_dit_adaln_norm1,1c09,9,6,even,15,4,3eae3e82bc883dcd
action_dit_adaln_norm1,1c09,9,7,odd,15,4,bf283ec3bf323ecf
action_dit_adaln_norm1,1c09,9,8,even,15,4,3e82bc863ea23e76
action_dit_adaln_norm1,1c09,9,9,odd,15,4,be343dccbe283d40
action_dit_adaln_norm1,1c09,9,10,even,15,4,3f30bdeabe9dbe66
action_dit_adaln_norm1,1c09,9,11,odd,15,4,bd74be823d82bd94
action_dit_adaln_norm1,1c09,9,12,even,15,4,3f253e063e1e3eaa
action_dit_adaln_norm1,1c09,9,13,odd,15,4,bdce3e803e91beec
action_dit_adaln_norm1,1c09,9,14,even,15,4,bf02bd4f3d003d9b
action_dit_adaln_norm1,1c09,9,15,odd,15,4,3e233e06bf1e3e8c
action_dit_adaln_norm1,1c09,9,0,even,16,4,bea83d54bdae3e10
action_dit_adaln_norm1,1c09,9,1,odd,16,4,bc923e94bf74bed2
action_dit_adaln_norm1,1c09,9,2,even,16,4,3df0bd223ed73eab
action_dit_adaln_norm1,1c09,9,3,odd,16,4,be423edc3de63ee8
action_dit_adaln_norm1,1c09,9,4,even,16,4,be783e993ea73d48
action_dit_adaln_norm1,1c09,9,5,odd,16,4,3e88bede3e40bdca
action_dit_adaln_norm1,1c09,9,6,even,16,4,bea4bd8cbd503d4e
action_dit_adaln_norm1,1c09,9,7,odd,16,4,3e0ebd803da6be90
action_dit_adaln_norm1,1c09,9,8,even,16,4,bf1ebe4fbe7dbdbc
action_dit_adaln_norm1,1c09,9,9,odd,16,4,be02bcd8be8c3e4e
action_dit_adaln_norm1,1c09,9,10,even,16,4,3d803ef23e0cbd39
action_dit_adaln_norm1,1c09,9,11,odd,16,4,3dccbdbebf603ed8
action_dit_adaln_norm1,1c09,9,12,even,16,4,be043cf4be8abe8f
action_dit_adaln_norm1,1c09,9,13,odd,16,4,3d663dacbcb03e58
action_dit_adaln_norm1,1c09,9,14,even,16,4,3e9abebfbead3df4
action_dit_adaln_norm1,1c09,9,15,odd,16,4,bd89bec03e0ebf48
action_dit_adaln_norm1,1c09,9,0,even,17,4,3e7d3f083f023c24
action_dit_adaln_norm1,1c09,9,1,odd,17,4,3bc03de83e9cbe3d
action_dit_adaln_norm1,1c09,9,2,even,17,4,3f04be893ce0bedd
action_dit_adaln_norm1,1c09,9,3,odd,17,4,3f113e58be1f3e00
action_dit_adaln_norm1,1c09,9,4,even,17,4,3e0c3ebdbe3a3d3c
action_dit_adaln_norm1,1c09,9,5,odd,17,4,3e30be1fbf1bbe96
action_dit_adaln_norm1,1c09,9,6,even,17,4,3e3abec83d243def
action_dit_adaln_norm1,1c09,9,7,odd,17,4,3e96bd843dc5be3d
action_dit_adaln_norm1,1c09,9,8,even,17,4,bd9cbd78be34be56
action_dit_adaln_norm1,1c09,9,9,odd,17,4,3e183dd0be2d3d62
action_dit_adaln_norm1,1c09,9,10,even,17,4,bc243e0a3e6dbee2
action_dit_adaln_norm1,1c09,9,11,odd,17,4,be9c3e9e3f1fbe91
action_dit_adaln_norm1,1c09,9,12,even,17,4,3d34bf35be8c3e8a
action_dit_adaln_norm1,1c09,9,13,odd,17,4,3e943dfa3dd2bde8
action_dit_adaln_norm1,1c09,9,14,even,17,4,bf073df1bd7a3e32
action_dit_adaln_norm1,1c09,9,15,odd,17,4,3dd6bd58ba803f0e
action_dit_adaln_norm1,1c09,9,0,even,18,4,3f023ead3eabbc90
action_dit_adaln_norm1,1c09,9,1,odd,18,4,bdcf3e82be71bdac
action_dit_adaln_norm1,1c09,9,2,even,18,4,bee3be993da83ea7
action_dit_adaln_norm1,1c09,9,3,odd,18,4,bd18be40be9d3f0d
action_dit_adaln_norm1,1c09,9,4,even,18,4,3e8ebe8b3e493d0c
action_dit_adaln_norm1,1c09,9,5,odd,18,4,3d3dbe7bbd743c46
action_dit_adaln_norm1,1c09,9,6,even,18,4,3ecfbd9a3e843ec4
action_dit_adaln_norm1,1c09,9,7,odd,18,4,bd243dec3e7c3e10
action_dit_adaln_norm1,1c09,9,8,even,18,4,3d28becf3ef8bf1c
action_dit_adaln_norm1,1c09,9,9,odd,18,4,bedc3e01be3cbdb4
action_dit_adaln_norm1,1c09,9,10,even,18,4,3bc03f04be263da4
action_dit_adaln_norm1,1c09,9,11,odd,18,4,3ea43ef13eac3c40
action_dit_adaln_norm1,1c09,9,12,even,18,4,3e823f40bb28bd3c
action_dit_adaln_norm1,1c09,9,13,odd,18,4,3dfe3e15bdf23ed5
action_dit_adaln_norm1,1c09,9,14,even,18,4,3dc2bd6ebf30be34
action_dit_adaln_norm1,1c09,9,15,odd,18,4,bd7ebed03db2be04
action_dit_adaln_norm1,1c09,9,0,even,19,4,be823de5bd6a3d10
action_dit_adaln_norm1,1c09,9,1,odd,19,4,3f0cbe063dd83f11
action_dit_adaln_norm1,1c09,9,2,even,19,4,3d603ee7bb203eaf
action_dit_adaln_norm1,1c09,9,3,odd,19,4,3f703e05bec23ee1
action_dit_adaln_norm1,1c09,9,4,even,19,4,3eadbec5be323df4
action_dit_adaln_norm1,1c09,9,5,odd,19,4,3d4c3f02bf1a3e45
action_dit_adaln_norm1,1c09,9,6,even,19,4,bd80bec2beed3e93
action_dit_adaln_norm1,1c09,9,7,odd,19,4,3f263da7bdfe3e3e
action_dit_adaln_norm1,1c09,9,8,even,19,4,3cc8be45be0c3ec8
action_dit_adaln_norm1,1c09,9,9,odd,19,4,3e073d953eb8becc
action_dit_adaln_norm1,1c09,9,10,even,19,4,3e7ebd7abdd93dc1
action_dit_adaln_norm1,1c09,9,11,odd,19,4,be9bbdeabe0b3e20
action_dit_adaln_norm1,1c09,9,12,even,19,4,be8bbd8abdaabc00
action_dit_adaln_norm1,1c09,9,13,odd,19,4,3de0be0b3ea0be28
action_dit_adaln_norm1,1c09,9,14,even,19,4,bd543e50be423e46
action_dit_adaln_norm1,1c09,9,15,odd,19,4,bdb93e213ea0bc90
action_dit_adaln_norm1,1c09,9,0,even,20,4,bee03e0e3e473e14
action_dit_adaln_norm1,1c09,9,1,odd,20,4,3e303e33be23bcfa
action_dit_adaln_norm1,1c09,9,2,even,20,4,3e36bf1c3e783d62
action_dit_adaln_norm1,1c09,9,3,odd,20,4,3e3abea33e4a3e17
action_dit_adaln_norm1,1c09,9,4,even,20,4,3d44bd083ddcbdc5
action_dit_adaln_norm1,1c09,9,5,odd,20,4,3e0e3e4cbe6a3e32
action_dit_adaln_norm1,1c09,9,6,even,20,4,bf18be3c3e023f29
action_dit_adaln_norm1,1c09,9,7,odd,20,4,3eecbd45be86beab
action_dit_adaln_norm1,1c09,9,8,even,20,4,3d943e4ebf163e58
action_dit_adaln_norm1,1c09,9,9,odd,20,4,3e1fbcdcbed73ea3
action_dit_adaln_norm1,1c09,9,10,even,20,4,be39bea63d74bdde
action_dit_adaln_norm1,1c09,9,11,odd,20,4,bea03c003e633f43
action_dit_adaln_norm1,1c09,9,12,even,20,4,3dd03edf3eafbe05
action_dit_adaln_norm1,1c09,9,13,odd,20,4,bf363d83bc50bd18
action_dit_adaln_norm1,1c09,9,14,even,20,4,3e1ebea2be023e1c
action_dit_adaln_norm1,1c09,9,15,odd,20,4,bf28be7d3eccba00
action_dit_adaln_norm1,1c09,9,0,even,21,4,3f09bea83d30bd00
action_dit_adaln_norm1,1c09,9,1,odd,21,4,3b903d823e9d3e47
action_dit_adaln_norm1,1c09,9,2,even,21,4,be823e5e3e183f44
action_dit_adaln_norm1,1c09,9,3,odd,21,4,3ed0bd12bf22be8e
action_dit_adaln_norm1,1c09,9,4,even,21,4,bd08be7bbde0bea2
action_dit_adaln_norm1,1c09,9,5,odd,21,4,be92bb003dd8bf15
action_dit_adaln_norm1,1c09,9,6,even,21,4,3e263ded3d89be0c
action_dit_adaln_norm1,1c09,9,7,odd,21,4,be0bbe86bddabe45
action_dit_adaln_norm1,1c09,9,8,even,21,4,be8e3a803eca3e4e
action_dit_adaln_norm1,1c09,9,9,odd,21,4,be39bdf4bd2cbf94
action_dit_adaln_norm1,1c09,9,10,even,21,4,3e273e66bf1f3e10
action_dit_adaln_norm1,1c09,9,11,odd,21,4,3ee73e333d463f0e
action_dit_adaln_norm1,1c09,9,12,even,21,4,bece3eb1bea0be9a
action_dit_adaln_norm1,1c09,9,13,odd,21,4,bec2be3fbe34be54
action_dit_adaln_norm1,1c09,9,14,even,21,4,3e583dd3be2dbe02
action_dit_adaln_norm1,1c09,9,15,odd,21,4,bd603e623d98bea8
action_dit_adaln_norm1,1c09,9,0,even,22,4,3b903eda3e8ebe17
action_dit_adaln_norm1,1c09,9,1,odd,22,4,3dfa3e95bc06bb80
action_dit_adaln_norm1,1c09,9,2,even,22,4,beb7bea0bee23eb2
action_dit_adaln_norm1,1c09,9,3,odd,22,4,bde6be7dbe9e3dac
action_dit_adaln_norm1,1c09,9,4,even,22,4,beac3ead3c80be0f
action_dit_adaln_norm1,1c09,9,5,odd,22,4,bdf3be60be76be60
action_dit_adaln_norm1,1c09,9,6,even,22,4,beb53f1f3d8a3e30
action_dit_adaln_norm1,1c09,9,7,odd,22,4,3cacbe1d3ef53e87
action_dit_adaln_norm1,1c09,9,8,even,22,4,3e10be3fbebabe09
action_dit_adaln_norm1,1c09,9,9,odd,22,4,3e88be81bd803de4
action_dit_adaln_norm1,1c09,9,10,even,22,4,becd3e003e26bca6
action_dit_adaln_norm1,1c09,9,11,odd,22,4,3efc3d883f01bdd4
action_dit_adaln_norm1,1c09,9,12,even,22,4,be943e433efe3eab
action_dit_adaln_norm1,1c09,9,13,odd,22,4,bcdebe71bf133ec8
action_dit_adaln_norm1,1c09,9,14,even,22,4,3e043cb43e63be6a
action_dit_adaln_norm1,1c09,9,15,odd,22,4,bda43ddabc003c68
action_dit_adaln_norm1,1c09,9,0,even,23,4,bebb3e1b3d063ee5
action_dit_adaln_norm1,1c09,9,1,odd,23,4,3e683d9a3e00bdcc
action_dit_adaln_norm1,1c09,9,2,even,23,4,beb33db8bea0be8c
action_dit_adaln_norm1,1c09,9,3,odd,23,4,bf3fbe943e02be9f
action_dit_adaln_norm1,1c09,9,4,even,23,4,be163ef83e46bd6a
action_dit_adaln_norm1,1c09,9,5,odd,23,4,bdc8beccbd913e72
action_dit_adaln_norm1,1c09,9,6,even,23,4,bed1bc9dbea8bf0d
action_dit_adaln_norm1,1c09,9,7,odd,23,4,3e243ed03bfb3c70
action_dit_adaln_norm1,1c09,9,8,even,23,4,bba03e183e92beaa
action_dit_adaln_norm1,1c09,9,9,odd,23,4,bf2bbd3c3e3cbecc
action_dit_adaln_norm1,1c09,9,10,even,23,4,3f3abdaa3e3d3dac
action_dit_adaln_norm1,1c09,9,11,odd,23,4,be723deb3e19be50
action_dit_adaln_norm1,1c09,9,12,even,23,4,3de23e613ce83dbe
action_dit_adaln_norm1,1c09,9,13,odd,23,4,beac3e8cbcf83e80
action_dit_adaln_norm1,1c09,9,14,even,23,4,3dfcbf09bcb93e00
action_dit_adaln_norm1,1c09,9,15,odd,23,4,bf013d86bdcabda7
action_dit_adaln_norm1,1c0a,10,0,even,0,4,3bd7bba03e903ed0
action_dit_adaln_norm1,1c0a,10,1,odd,0,4,bd383e973df43f54
action_dit_adaln_norm1,1c0a,10,2,even,0,4,be543e403e20bd8a
action_dit_adaln_norm1,1c0a,10,3,odd,0,4,3d2cbf02be6c3e91
action_dit_adaln_norm1,1c0a,10,4,even,0,4,bf48be6c3eb0bed2
action_dit_adaln_norm1,1c0a,10,5,odd,0,4,bdd03ea5bc6a3ea0
action_dit_adaln_norm1,1c0a,10,6,even,0,4,3f1cbef33d923f15
action_dit_adaln_norm1,1c0a,10,7,odd,0,4,bdf2bdd6bd88bdd6
action_dit_adaln_norm1,1c0a,10,8,even,0,4,3e3abe893e703e8b
action_dit_adaln_norm1,1c0a,10,9,odd,0,4,3f11bdd43f7dbe3e
action_dit_adaln_norm1,1c0a,10,10,even,0,4,3e6a3e2ebeb3bd0f
action_dit_adaln_norm1,1c0a,10,11,odd,0,4,3e983e6d3dff3c0c
action_dit_adaln_norm1,1c0a,10,12,even,0,4,bf083ea63dabbdf6
action_dit_adaln_norm1,1c0a,10,13,odd,0,4,bdce3f65bdc2bed6
action_dit_adaln_norm1,1c0a,10,14,even,0,4,bed0bee03e5a3f18
action_dit_adaln_norm1,1c0a,10,15,odd,0,4,3d1e3eeebe853c90
action_dit_adaln_norm1,1c0a,10,0,even,1,4,be5f3d8f3dfabe3c
action_dit_adaln_norm1,1c0a,10,1,odd,1,4,bed6be1dbe9fbe90
action_dit_adaln_norm1,1c0a,10,2,even,1,4,3e123dff3e0fbe4e
action_dit_adaln_norm1,1c0a,10,3,odd,1,4,bd27be9bbeb23e0f
action_dit_adaln_norm1,1c0a,10,4,even,1,4,3e873d863e213ef6
action_dit_adaln_norm1,1c0a,10,5,odd,1,4,3db0bdb3be263d38
action_dit_adaln_norm1,1c0a,10,6,even,1,4,bcbcbca03e21bee9
action_dit_adaln_norm1,1c0a,10,7,odd,1,4,bdc0be863c203d5c
action_dit_adaln_norm1,1c0a,10,8,even,1,4,3e243ed4bec7bc38
action_dit_adaln_norm1,1c0a,10,9,odd,1,4,3cca3d90bea03e80
action_dit_adaln_norm1,1c0a,10,10,even,1,4,bcf83e16bec8beca
action_dit_adaln_norm1,1c0a,10,11,odd,1,4,be663f39bea83ec2
action_dit_adaln_norm1,1c0a,10,12,even,1,4,bea6be97be903e3a
action_dit_adaln_norm1,1c0a,10,13,odd,1,4,bee63e17be49bd52
action_dit_adaln_norm1,1c0a,10,14,even,1,4,beb9bf17bd8bbefd
action_dit_adaln_norm1,1c0a,10,15,odd,1,4,3dcc3e95bee33db6
action_dit_adaln_norm1,1c0a,10,0,even,2,4,bdcf3e923e483d76
action_dit_adaln_norm1,1c0a,10,1,odd,2,4,bf11be64be56be5e
action_dit_adaln_norm1,1c0a,10,2,even,2,4,3dd43e9ebea0bf08
action_dit_adaln_norm1,1c0a,10,3,odd,2,4,3e5f3e81bd28bd20
action_dit_adaln_norm1,1c0a,10,4,even,2,4,3ea33e343ee03eb3
action_dit_adaln_norm1,1c0a,10,5,odd,2,4,be3abf1d3e4d3eac
action_dit_adaln_norm1,1c0a,10,6,even,2,4,bf11bcf03ef4bec0
action_dit_adaln_norm1,1c0a,10,7,odd,2,4,be863d8ebe08beb4
action_dit_adaln_norm1,1c0a,10,8,even,2,4,bda2bd703e453ec1
action_dit_adaln_norm1,1c0a,10,9,odd,2,4,3ec3be86bbd8be40
action_dit_adaln_norm1,1c0a,10,10,even,2,4,be8a3d443e67bec5
action_dit_adaln_norm1,1c0a,10,11,odd,2,4,3dd83efabe4d3ebc
action_dit_adaln_norm1,1c0a,10,12,even,2,4,bd9ebb803d8ebe1e
action_dit_adaln_norm1,1c0a,10,13,odd,2,4,3b803e02be2cbe5a
action_dit_adaln_norm1,1c0a,10,14,even,2,4,3e2e3ef93e83beec
action_dit_adaln_norm1,1c0a,10,15,odd,2,4,bf0ebe8a3f023eb6
action_dit_adaln_norm1,1c0a,10,0,even,3,4,beeb3f11bd003da4
action_dit_adaln_norm1,1c0a,10,1,odd,3,4,3eacbf1ebe7abeb2
action_dit_adaln_norm1,1c0a,10,2,even,3,4,bc98bddcbefebefe
action_dit_adaln_norm1,1c0a,10,3,odd,3,4,3eef3eaf3ebdbd3a
action_dit_adaln_norm1,1c0a,10,4,even,3,4,be953e9abec13da5
action_dit_adaln_norm1,1c0a,10,5,odd,3,4,3e683e97beaabe26
action_dit_adaln_norm1,1c0a,10,6,even,3,4,3eabbf6cbde73e96
action_dit_adaln_norm1,1c0a,10,7,odd,3,4,3dac3e9a3c303ecc
action_dit_adaln_norm1,1c0a,10,8,even,3,4,3d30be50bf2c3e38
action_dit_adaln_norm1,1c0a,10,9,odd,3,4,be1abf063d0b3e93
action_dit_adaln_norm1,1c0a,10,10,even,3,4,3e5ebee2bcc43eec
action_dit_adaln_norm1,1c0a,10,11,odd,3,4,3dd03e8c3f32be9f
action_dit_adaln_norm1,1c0a,10,12,even,3,4,beaa3e4e3d983f13
action_dit_adaln_norm1,1c0a,10,13,odd,3,4,bf24bdd63ebebed0
action_dit_adaln_norm1,1c0a,10,14,even,3,4,3c8c3dcabdee3e14
action_dit_adaln_norm1,1c0a,10,15,odd,3,4,bec23e0abdc1bdaf
action_dit_adaln_norm1,1c0a,10,0,even,4,4,3c083e963efabe24
action_dit_adaln_norm1,1c0a,10,1,odd,4,4,bebfbdc4bece3bd0
action_dit_adaln_norm1,1c0a,10,2,even,4,4,be0b3ee43e7bbe90
action_dit_adaln_norm1,1c0a,10,3,odd,4,4,3f40bea43da63ebe
action_dit_adaln_norm1,1c0a,10,4,even,4,4,bf2dbce83e61bf23
action_dit_adaln_norm1,1c0a,10,5,odd,4,4,3e513efd3f16beb9
action_dit_adaln_norm1,1c0a,10,6,even,4,4,bcd4becfbea5be4e
action_dit_adaln_norm1,1c0a,10,7,odd,4,4,becabddc3e643d1c
action_dit_adaln_norm1,1c0a,10,8,even,4,4,3eacbe5bbf2fbdde
action_dit_adaln_norm1,1c0a,10,9,odd,4,4,bd90be0dbec13e24
action_dit_adaln_norm1,1c0a,10,10,even,4,4,3eab3e92bc903eb0
action_dit_adaln_norm1,1c0a,10,11,odd,4,4,be883d8abf103d78
action_dit_adaln_norm1,1c0a,10,12,even,4,4,3ee63f06be11bda6
action_dit_adaln_norm1,1c0a,10,13,odd,4,4,3e5cbe90beccbe1a
action_dit_adaln_norm1,1c0a,10,14,even,4,4,3dc4be03bda6bd31
action_dit_adaln_norm1,1c0a,10,15,odd,4,4,3d18bd0abeddbe84
action_dit_adaln_norm1,1c0a,10,0,even,5,4,3e7abe913e99bd92
action_dit_adaln_norm1,1c0a,10,1,odd,5,4,3ef5be2d3e0cbea4
action_dit_adaln_norm1,1c0a,10,2,even,5,4,bee2bdd43e1e3d80
action_dit_adaln_norm1,1c0a,10,3,odd,5,4,3f143f1fbeba3d1a
action_dit_adaln_norm1,1c0a,10,4,even,5,4,3f19be953ee83ea0
action_dit_adaln_norm1,1c0a,10,5,odd,5,4,3e6fbedcbf063e1d
action_dit_adaln_norm1,1c0a,10,6,even,5,4,3d1f3cac3e9cbce0
action_dit_adaln_norm1,1c0a,10,7,odd,5,4,bcd03eaabede3e26
action_dit_adaln_norm1,1c0a,10,8,even,5,4,3ef93dc1be66bed3
action_dit_adaln_norm1,1c0a,10,9,odd,5,4,3eef3d803ed0bd26
action_dit_adaln_norm1,1c0a,10,10,even,5,4,3f0c3ebdbe4cbe6b
action_dit_adaln_norm1,1c0a,10,11,odd,5,4,3e283e3dbf1d3e6b
action_dit_adaln_norm1,1c0a,10,12,even,5,4,beaebd773e373bc0
action_dit_adaln_norm1,1c0a,10,13,odd,5,4,3d383c683e243e86
action_dit_adaln_norm1,1c0a,10,14,even,5,4,3d96bef3bdb4bee2
action_dit_adaln_norm1,1c0a,10,15,odd,5,4,3f10bebbbef63e17
action_dit_adaln_norm1,1c0a,10,0,even,6,4,bd0fbf5fbece3e82
action_dit_adaln_norm1,1c0a,10,1,odd,6,4,bd843e643e4cbe57
action_dit_adaln_norm1,1c0a,10,2,even,6,4,3f083e043e2bbe53
action_dit_adaln_norm1,1c0a,10,3,odd,6,4,bd8c3e723ebc3f04
action_dit_adaln_norm1,1c0a,10,4,even,6,4,3d923e813e553e70
action_dit_adaln_norm1,1c0a,10,5,odd,6,4,bf09bdc8bc98be92
action_dit_adaln_norm1,1c0a,10,6,even,6,4,be213ecabf0ebd6e
action_dit_adaln_norm1,1c0a,10,7,odd,6,4,bd4cbe8a3d4f3e0a
action_dit_adaln_norm1,1c0a,10,8,even,6,4,3c90bed0bdcabd9d
action_dit_adaln_norm1,1c0a,10,9,odd,6,4,bf00bde4bf17beab
action_dit_adaln_norm1,1c0a,10,10,even,6,4,be173e2c3dd8be50
action_dit_adaln_norm1,1c0a,10,11,odd,6,4,3f3dbeb03e1dbe48
action_dit_adaln_norm1,1c0a,10,12,even,6,4,3e9a3e00be18bd9e
action_dit_adaln_norm1,1c0a,10,13,odd,6,4,bdabbd54bebebe98
action_dit_adaln_norm1,1c0a,10,14,even,6,4,be87bd7a3e073e0b
action_dit_adaln_norm1,1c0a,10,15,odd,6,4,3e6c3d8dbc203d96
action_dit_adaln_norm1,1c0a,10,0,even,7,4,be083f17bac03e7f
action_dit_adaln_norm1,1c0a,10,1,odd,7,4,bcc03e0bbd1abddf
action_dit_adaln_norm1,1c0a,10,2,even,7,4,3d88bba03e213c50
action_dit_adaln_norm1,1c0a,10,3,odd,7,4,beb0bcc0bedd3e92
action_dit_adaln_norm1,1c0a,10,4,even,7,4,3e52bf34be8fbef4
action_dit_adaln_norm1,1c0a,10,5,odd,7,4,bcd8beebbdf63e87
action_dit_adaln_norm1,1c0a,10,6,even,7,4,bd22be023d68bdee
action_dit_adaln_norm1,1c0a,10,7,odd,7,4,be653e583d8cbd82
action_dit_adaln_norm1,1c0a,10,8,even,7,4,3e2abda9be163d89
action_dit_adaln_norm1,1c0a,10,9,odd,7,4,3e68bea33e203ec9
action_dit_adaln_norm1,1c0a,10,10,even,7,4,bd443e4a3f0c3f01
action_dit_adaln_norm1,1c0a,10,11,odd,7,4,bd643e36bdd4be9f
action_dit_adaln_norm1,1c0a,10,12,even,7,4,be8e3e5e3d3bbd3f
action_dit_adaln_norm1,1c0a,10,13,odd,7,4,3d243ed7be82be97
action_dit_adaln_norm1,1c0a,10,14,even,7,4,3e843e243e96bbb0
action_dit_adaln_norm1,1c0a,10,15,odd,7,4,bda0be993db7bf28
action_dit_adaln_norm1,1c0a,10,0,even,8,4,3e82be223e993e47
action_dit_adaln_norm1,1c0a,10,1,odd,8,4,3e80be25be3abc00
action_dit_adaln_norm1,1c0a,10,2,even,8,4,3e4dbebfbdc73ed8
action_dit_adaln_norm1,1c0a,10,3,odd,8,4,bf333d84befc3f08
action_dit_adaln_norm1,1c0a,10,4,even,8,4,3edcbf24bd27bdba
action_dit_adaln_norm1,1c0a,10,5,odd,8,4,befebee9bb003d98
action_dit_adaln_norm1,1c0a,10,6,even,8,4,be213eddbeffbf0a
action_dit_adaln_norm1,1c0a,10,7,odd,8,4,3df33e59be8cbeee
action_dit_adaln_norm1,1c0a,10,8,even,8,4,3e873f483daabf01
action_dit_adaln_norm1,1c0a,10,9,odd,8,4,3e853dc33ee53e80
action_dit_adaln_norm1,1c0a,10,10,even,8,4,be563ebabf36bd18
action_dit_adaln_norm1,1c0a,10,11,odd,8,4,3e233e9cbefcbe64
action_dit_adaln_norm1,1c0a,10,12,even,8,4,3e203e983eb4bda3
action_dit_adaln_norm1,1c0a,10,13,odd,8,4,be893edf3ecf3ed6
action_dit_adaln_norm1,1c0a,10,14,even,8,4,3d19be56bf2b3f3d
action_dit_adaln_norm1,1c0a,10,15,odd,8,4,3f25be6d3d14be4c
action_dit_adaln_norm1,1c0a,10,0,even,9,4,be453e133f57bdd0
action_dit_adaln_norm1,1c0a,10,1,odd,9,4,3eb83eea3d18bb80
action_dit_adaln_norm1,1c0a,10,2,even,9,4,3e94be4ebc703e9c
action_dit_adaln_norm1,1c0a,10,3,odd,9,4,3ea2be943ebc3f01
action_dit_adaln_norm1,1c0a,10,4,even,9,4,bc483dc6be823ea5
action_dit_adaln_norm1,1c0a,10,5,odd,9,4,3ec0be81bd863c23
action_dit_adaln_norm1,1c0a,10,6,even,9,4,bdb63e5ebd5a3ede
action_dit_adaln_norm1,1c0a,10,7,odd,9,4,be5abe403d00bd78
action_dit_adaln_norm1,1c0a,10,8,even,9,4,be243e7f3ea23dd3
action_dit_adaln_norm1,1c0a,10,9,odd,9,4,3e3dbddcbb40bf52
action_dit_adaln_norm1,1c0a,10,10,even,9,4,3d843e953eb03eb7
action_dit_adaln_norm1,1c0a,10,11,odd,9,4,be97beef3e89bf08
action_dit_adaln_norm1,1c0a,10,12,even,9,4,3b00bdd6be48beaa
action_dit_adaln_norm1,1c0a,10,13,odd,9,4,bf1a3d62bd78be87
action_dit_adaln_norm1,1c0a,10,14,even,9,4,bf32bb8cbcec3e4e
action_dit_adaln_norm1,1c0a,10,15,odd,9,4,3d99bda5be4abe78
action_dit_adaln_norm1,1c0a,10,0,even,10,4,3dde3da4beb43e26
action_dit_adaln_norm1,1c0a,10,1,odd,10,4,be533eec3ea83ee1
action_dit_adaln_norm1,1c0a,10,2,even,10,4,baa43e63be04bf0c
action_dit_adaln_norm1,1c0a,10,3,odd,10,4,bd90be403e773ec6
action_dit_adaln_norm1,1c0a,10,4,even,10,4,beaa3d60be3bbf11
action_dit_adaln_norm1,1c0a,10,5,odd,10,4,be50be92be2b3d19
action_dit_adaln_norm1,1c0a,10,6,even,10,4,3edb3ce83f26bd1e
action_dit_adaln_norm1,1c0a,10,7,odd,10,4,be303e84bc983d88
action_dit_adaln_norm1,1c0a,10,8,even,10,4,3ee43e68beac3f0e
action_dit_adaln_norm1,1c0a,10,9,odd,10,4,3e5e3c503e3b3f1b
action_dit_adaln_norm1,1c0a,10,10,even,10,4,bd8ebdd9bf2fbd9c
action_dit_adaln_norm1,1c0a,10,11,odd,10,4,be203f183cd0be63
action_dit_adaln_norm1,1c0a,10,12,even,10,4,3eb83e7dbf203d70
action_dit_adaln_norm1,1c0a,10,13,odd,10,4,bde8be4c3e9abe60
action_dit_adaln_norm1,1c0a,10,14,even,10,4,3d2f3e9cbf293ee2
action_dit_adaln_norm1,1c0a,10,15,odd,10,4,3e633ed73e903dbe
action_dit_adaln_norm1,1c0a,10,0,even,11,4,3d8a3e8a3d9e3f53
action_dit_adaln_norm1,1c0a,10,1,odd,11,4,bee8bec8bddcbcb4
action_dit_adaln_norm1,1c0a,10,2,even,11,4,3d1ebdcabecc3f28
action_dit_adaln_norm1,1c0a,10,3,odd,11,4,bd5fbe9a3e8b3d78
action_dit_adaln_norm1,1c0a,10,4,even,11,4,3e52bd9a3cf0bdd8
action_dit_adaln_norm1,1c0a,10,5,odd,11,4,3d263e343ef23efb
action_dit_adaln_norm1,1c0a,10,6,even,11,4,be103d463e373ef6
action_dit_adaln_norm1,1c0a,10,7,odd,11,4,3e943dc23e823e83
action_dit_adaln_norm1,1c0a,10,8,even,11,4,bd923decbe04bdd9
action_dit_adaln_norm1,1c0a,10,9,odd,11,4,3e8e3ea33da3bf5f
action_dit_adaln_norm1,1c0a,10,10,even,11,4,bec03f10bec83dcd
action_dit_adaln_norm1,1c0a,10,11,odd,11,4,be0cbe9f3ecc3ea8
action_dit_adaln_norm1,1c0a,10,12,even,11,4,3eb8beaa3e813de5
action_dit_adaln_norm1,1c0a,10,13,odd,11,4,3f303e963db23e26
action_dit_adaln_norm1,1c0a,10,14,even,11,4,bd423e4c3e02be2e
action_dit_adaln_norm1,1c0a,10,15,odd,11,4,3d2cbf21bed73eb0
action_dit_adaln_norm1,1c0a,10,0,even,12,4,beeabe00bf023e1e
action_dit_adaln_norm1,1c0a,10,1,odd,12,4,3f2cbcd8bf053efa
action_dit_adaln_norm1,1c0a,10,2,even,12,4,bd38be00bf29be5e
action_dit_adaln_norm1,1c0a,10,3,odd,12,4,be97be8cbbf0be12
action_dit_adaln_norm1,1c0a,10,4,even,12,4,3ddcbe86bf723f1b
action_dit_adaln_norm1,1c0a,10,5,odd,12,4,be7b3eacbdd2beae
action_dit_adaln_norm1,1c0a,10,6,even,12,4,be213cd6bc503d22
action_dit_adaln_norm1,1c0a,10,7,odd,12,4,bec8bdfebe763e42
action_dit_adaln_norm1,1c0a,10,8,even,12,4,3f57bee9bdd3be8e
action_dit_adaln_norm1,1c0a,10,9,odd,12,4,be55bf073e263a38
action_dit_adaln_norm1,1c0a,10,10,even,12,4,3e9b3ef2be943f50
action_dit_adaln_norm1,1c0a,10,11,odd,12,4,3ecc3f0c3e70be3e
action_dit_adaln_norm1,1c0a,10,12,even,12,4,bf213e6f3f12bef8
action_dit_adaln_norm1,1c0a,10,13,odd,12,4,bdc2bd99beb4be35
action_dit_adaln_norm1,1c0a,10,14,even,12,4,3ed63e563db2bf1b
action_dit_adaln_norm1,1c0a,10,15,odd,12,4,bee63e543cb0bdf4
action_dit_adaln_norm1,1c0a,10,0,even,13,4,3e62bece3ee53dae
action_dit_adaln_norm1,1c0a,10,1,odd,13,4,be5b3e5dbefa3ec2
action_dit_adaln_norm1,1c0a,10,2,even,13,4,be20bf3e3e903def
action_dit_adaln_norm1,1c0a,10,3,odd,13,4,3f483e1e3e113f02
action_dit_adaln_norm1,1c0a,10,4,even,13,4,3e1b3e383e40bc40
action_dit_adaln_norm1,1c0a,10,5,odd,13,4,be143d4e3ebbbdfc
action_dit_adaln_norm1,1c0a,10,6,even,13,4,3e90bd5cbe80be6e
action_dit_adaln_norm1,1c0a,10,7,odd,13,4,be08be9cbeb5bd1e
action_dit_adaln_norm1,1c0a,10,8,even,13,4,3d92bd6ebda13d59
action_dit_adaln_norm1,1c0a,10,9,odd,13,4,be0ebcb8bf3cbd30
action_dit_adaln_norm1,1c0a,10,10,even,13,4,3f07bb003e3a3db4
action_dit_adaln_norm1,1c0a,10,11,odd,13,4,3f053ed9bc00be53
action_dit_adaln_norm1,1c0a,10,12,even,13,4,bdcf3e1b3db6bf01
action_dit_adaln_norm1,1c0a,10,13,odd,13,4,be053e31be9c3dc2
action_dit_adaln_norm1,1c0a,10,14,even,13,4,3e603df43ebebc30
action_dit_adaln_norm1,1c0a,10,15,odd,13,4,bd10bec8bcfc3f06
action_dit_adaln_norm1,1c0a,10,0,even,14,4,3d3a3e9fbea8bd6a
action_dit_adaln_norm1,1c0a,10,1,odd,14,4,bd403dd6beb93e0d
action_dit_adaln_norm1,1c0a,10,2,even,14,4,be91be79bf5ebd12
action_dit_adaln_norm1,1c0a,10,3,odd,14,4,3d41bd00bc88bed2
action_dit_adaln_norm1,1c0a,10,4,even,14,4,be3a3d763e1a3db9
action_dit_adaln_norm1,1c0a,10,5,odd,14,4,bec33e42bdfd3ec6
action_dit_adaln_norm1,1c0a,10,6,even,14,4,3e603edebe1ebeba
action_dit_adaln_norm1,1c0a,10,7,odd,14,4,3d603ba63f03beda
action_dit_adaln_norm1,1c0a,10,8,even,14,4,3ef43e0dbe5c3e50
action_dit_adaln_norm1,1c0a,10,9,odd,14,4,bc403f0abdde3d94
action_dit_adaln_norm1,1c0a,10,10,even,14,4,bee03e0abd9ebf57
action_dit_adaln_norm1,1c0a,10,11,odd,14,4,3e303de93b40bec4
action_dit_adaln_norm1,1c0a,10,12,even,14,4,3e20bd0abed5bece
action_dit_adaln_norm1,1c0a,10,13,odd,14,4,3e333e7f3ec33d74
action_dit_adaln_norm1,1c0a,10,14,even,14,4,be2ebe24bd14be99
action_dit_adaln_norm1,1c0a,10,15,odd,14,4,3b003e54bf4c3efc
action_dit_adaln_norm1,1c0a,10,0,even,15,4,bdd33f2a3f153eb4
action_dit_adaln_norm1,1c0a,10,1,odd,15,4,3e9e3dd8bd5ebe30
action_dit_adaln_norm1,1c0a,10,2,even,15,4,3e2f3df3beb0bda2
action_dit_adaln_norm1,1c0a,10,3,odd,15,4,be21ba803e46bebe
action_dit_adaln_norm1,1c0a,10,4,even,15,4,3e9abf663e263cf0
action_dit_adaln_norm1,1c0a,10,5,odd,15,4,bdae3e9bbec23e37
action_dit_adaln_norm1,1c0a,10,6,even,15,4,3e263e3cbe8b3e81
action_dit_adaln_norm1,1c0a,10,7,odd,15,4,beef3dc0befc3ed6
action_dit_adaln_norm1,1c0a,10,8,even,15,4,3ecabdff3e513e64
action_dit_adaln_norm1,1c0a,10,9,odd,15,4,3e4c3cc0beac3e8b
action_dit_adaln_norm1,1c0a,10,10,even,15,4,3f3abde4bea8bde0
action_dit_adaln_norm1,1c0a,10,11,odd,15,4,bc483d7b3d893e68
action_dit_adaln_norm1,1c0a,10,12,even,15,4,3f473da4beae3ee2
action_dit_adaln_norm1,1c0a,10,13,odd,15,4,3bb03ee03d0abf14
action_dit_adaln_norm1,1c0a,10,14,even,15,4,bf08bd91bdc93ecf
action_dit_adaln_norm1,1c0a,10,15,odd,15,4,3e01bea4bedc3db8
action_dit_adaln_norm1,1c0a,10,0,even,16,4,be813ed93d88bc40
action_dit_adaln_norm1,1c0a,10,1,odd,16,4,3e6d3e62bf783d96
action_dit_adaln_norm1,1c0a,10,2,even,16,4,3ebf3e083e8e3e24
action_dit_adaln_norm1,1c0a,10,3,odd,16,4,be8e3ef23ebc3e14
action_dit_adaln_norm1,1c0a,10,4,even,16,4,beab3ec23ec93e4d
action_dit_adaln_norm1,1c0a,10,5,odd,16,4,3e5ebeb93bb0bd2d
action_dit_adaln_norm1,1c0a,10,6,even,16,4,be323ec8bda2bc70
action_dit_adaln_norm1,1c0a,10,7,odd,16,4,be37bee63e1dbe64
action_dit_adaln_norm1,1c0a,10,8,even,16,4,bec9bf38bec23e76
action_dit_adaln_norm1,1c0a,10,9,odd,16,4,be44be01be5b3eb0
action_dit_adaln_norm1,1c0a,10,10,even,16,4,3e583eca3e5dbe78
action_dit_adaln_norm1,1c0a,10,11,odd,16,4,be283d1ebf6b3e27
action_dit_adaln_norm1,1c0a,10,12,even,16,4,be1a3dffbe65be40
action_dit_adaln_norm1,1c0a,10,13,odd,16,4,3e163eb8bd2c3e4b
action_dit_adaln_norm1,1c0a,10,14,even,16,4,3e77bea6be16bcf8
action_dit_adaln_norm1,1c0a,10,15,odd,16,4,3ceabf09bb00bf08
action_dit_adaln_norm1,1c0a,10,0,even,17,4,3e563f083f113e99
action_dit_adaln_norm1,1c0a,10,1,odd,17,4,3dd43ecfbe35be2f
action_dit_adaln_norm1,1c0a,10,2,even,17,4,3e9cbed1bdcebe0f
action_dit_adaln_norm1,1c0a,10,3,odd,17,4,3f253eabbea83e35
action_dit_adaln_norm1,1c0a,10,4,even,17,4,3e8b3e9cbf2ebd98
action_dit_adaln_norm1,1c0a,10,5,odd,17,4,3e3c3d14bef4be4c
action_dit_adaln_norm1,1c0a,10,6,even,17,4,3e02be50bd083e12
action_dit_adaln_norm1,1c0a,10,7,odd,17,4,3dc43d8a3e073d76
action_dit_adaln_norm1,1c0a,10,8,even,17,4,3ea4bed80000bdb4
action_dit_adaln_norm1,1c0a,10,9,odd,17,4,be863df73e283d87
action_dit_adaln_norm1,1c0a,10,10,even,17,4,3ef03e8e3b60bf2c
action_dit_adaln_norm1,1c0a,10,11,odd,17,4,befd3e943f02be11
action_dit_adaln_norm1,1c0a,10,12,even,17,4,3c10bf50beca3e81
action_dit_adaln_norm1,1c0a,10,13,odd,17,4,bbc03ed23e4ebe69
action_dit_adaln_norm1,1c0a,10,14,even,17,4,bea83ea8be703e6e
action_dit_adaln_norm1,1c0a,10,15,odd,17,4,be3a3ba0bdc03ec7
action_dit_adaln_norm1,1c0a,10,0,even,18,4,3ef83dcdbcb83d2a
action_dit_adaln_norm1,1c0a,10,1,odd,18,4,00003eb63def3e2e
action_dit_adaln_norm1,1c0a,10,2,even,18,4,be6cbed1bdb5bd36
action_dit_adaln_norm1,1c0a,10,3,odd,18,4,be1b3e7cbe7c3ed0
action_dit_adaln_norm1,1c0a,10,4,even,18,4,bebdbf17be21be06
action_dit_adaln_norm1,1c0a,10,5,odd,18,4,bd823dc03ebcbe6a
action_dit_adaln_norm1,1c0a,10,6,even,18,4,3edebdb63e4dbde3
action_dit_adaln_norm1,1c0a,10,7,odd,18,4,3ddcbcc23e713e0e
action_dit_adaln_norm1,1c0a,10,8,even,18,4,3e09be6e3f3bbf03
action_dit_adaln_norm1,1c0a,10,9,odd,18,4,bec53dc4be76bdf5
action_dit_adaln_norm1,1c0a,10,10,even,18,4,be323eeebc003de8
action_dit_adaln_norm1,1c0a,10,11,odd,18,4,3ec93ed53efa3d9a
action_dit_adaln_norm1,1c0a,10,12,even,18,4,3d643f1e3d18bac0
action_dit_adaln_norm1,1c0a,10,13,odd,18,4,3e1e3e4fbe143e08
action_dit_adaln_norm1,1c0a,10,14,even,18,4,3e73bea2befdbe61
action_dit_adaln_norm1,1c0a,10,15,odd,18,4,bf09be1c3ea1bdd0
action_dit_adaln_norm1,1c0a,10,0,even,19,4,bd803e6a3e283c68
action_dit_adaln_norm1,1c0a,10,1,odd,19,4,3f0b3eab3e6c3f33
action_dit_adaln_norm1,1c0a,10,2,even,19,4,3e6c3e84bd703e37
action_dit_adaln_norm1,1c0a,10,3,odd,19,4,3f58be45beee3e91
action_dit_adaln_norm1,1c0a,10,4,even,19,4,3d54be48be62bc04
action_dit_adaln_norm1,1c0a,10,5,odd,19,4,3e0d3e43be123e90
action_dit_adaln_norm1,1c0a,10,6,even,19,4,be1dbe8ebeb63eee
action_dit_adaln_norm1,1c0a,10,7,odd,19,4,3e923ec63e083d9c
action_dit_adaln_norm1,1c0a,10,8,even,19,4,be7fbe483e143df5
action_dit_adaln_norm1,1c0a,10,9,odd,19,4,3ef03e983f0abecb
action_dit_adaln_norm1,1c0a,10,10,even,19,4,bdd03e003d10be07
action_dit_adaln_norm1,1c0a,10,11,odd,19,4,be8d3e83be963ec3
action_dit_adaln_norm1,1c0a,10,12,even,19,4,be613e1c3e15bdb7
action_dit_adaln_norm1,1c0a,10,13,odd,19,4,3d54bf093ed4be13
action_dit_adaln_norm1,1c0a,10,14,even,19,4,bc363ed0be953e56
action_dit_adaln_norm1,1c0a,10,15,odd,19,4,bdeb3e0d3ebdbd8c
action_dit_adaln_norm1,1c0a,10,0,even,20,4,beaebe03bdd43e1b
action_dit_adaln_norm1,1c0a,10,1,odd,20,4,3f023e593d90bdc4
action_dit_adaln_norm1,1c0a,10,2,even,20,4,3d2bbee43d9fbecc
action_dit_adaln_norm1,1c0a,10,3,odd,20,4,3ea4be3f3ce03e66
action_dit_adaln_norm1,1c0a,10,4,even,20,4,3ed0bdbd3e86bebf
action_dit_adaln_norm1,1c0a,10,5,odd,20,4,bd3c3dacbec9bd1a
action_dit_adaln_norm1,1c0a,10,6,even,20,4,bea4be253ea43eaa
action_dit_adaln_norm1,1c0a,10,7,odd,20,4,3e90bdd8bea63dde
action_dit_adaln_norm1,1c0a,10,8,even,20,4,3e873e1fbe2d3de6
action_dit_adaln_norm1,1c0a,10,9,odd,20,4,3e8fbccebe133db6
action_dit_adaln_norm1,1c0a,10,10,even,20,4,be26be303eeabe53
action_dit_adaln_norm1,1c0a,10,11,odd,20,4,be563e8b3dd03f33
action_dit_adaln_norm1,1c0a,10,12,even,20,4,3e2d3e3e00003e1d
action_dit_adaln_norm1,1c0a,10,13,odd,20,4,bf74be713c563e04
action_dit_adaln_norm1,1c0a,10,14,even,20,4,3efcbd983d303ea2
action_dit_adaln_norm1,1c0a,10,15,odd,20,4,bf37be3f3d1b3d89
action_dit_adaln_norm1,1c0a,10,0,even,21,4,3e72be913dc5bbac
action_dit_adaln_norm1,1c0a,10,1,odd,21,4,bee83d983e9d3d6c
action_dit_adaln_norm1,1c0a,10,2,even,21,4,bdd83c14bd0c3f4d
action_dit_adaln_norm1,1c0a,10,3,odd,21,4,3e28be00bf36bea4
action_dit_adaln_norm1,1c0a,10,4,even,21,4,3e4fbe9ebe2ebec6
action_dit_adaln_norm1,1c0a,10,5,odd,21,4,bea63eb63eabbef6
action_dit_adaln_norm1,1c0a,10,6,even,21,4,3d9dbdeebd3c3dcb
action_dit_adaln_norm1,1c0a,10,7,odd,21,4,bdf3bda0be0c3e0c
action_dit_adaln_norm1,1c0a,10,8,even,21,4,be993d763e633ccc
action_dit_adaln_norm1,1c0a,10,9,odd,21,4,beb4bd583e89bf4f
action_dit_adaln_norm1,1c0a,10,10,even,21,4,3e7a3cc6bf48be1c
action_dit_adaln_norm1,1c0a,10,11,odd,21,4,3e7ebe123e943f16
action_dit_adaln_norm1,1c0a,10,12,even,21,4,bf0e3da4be30bd92
action_dit_adaln_norm1,1c0a,10,13,odd,21,4,3ce6bec3be50be70
action_dit_adaln_norm1,1c0a,10,14,even,21,4,3ed7bc14bebc3dca
action_dit_adaln_norm1,1c0a,10,15,odd,21,4,3ece3f18bce0be98
action_dit_adaln_norm1,1c0a,10,0,even,22,4,be2b3e6bbd843eb9
action_dit_adaln_norm1,1c0a,10,1,odd,22,4,3e493ec63eb1bdcf
action_dit_adaln_norm1,1c0a,10,2,even,22,4,bef4bec5bf103f0d
action_dit_adaln_norm1,1c0a,10,3,odd,22,4,3da7be10befd3d94
action_dit_adaln_norm1,1c0a,10,4,even,22,4,befa3da43e8cbeba
action_dit_adaln_norm1,1c0a,10,5,odd,22,4,3e6cbd50be35be31
action_dit_adaln_norm1,1c0a,10,6,even,22,4,bdf03f223ed2bdda
action_dit_adaln_norm1,1c0a,10,7,odd,22,4,bd2c3db83f0e3eaf
action_dit_adaln_norm1,1c0a,10,8,even,22,4,3e7fbd93be6b3de8
action_dit_adaln_norm1,1c0a,10,9,odd,22,4,3e49be95bd30bdc6
action_dit_adaln_norm1,1c0a,10,10,even,22,4,bea1bda63ed63eaa
action_dit_adaln_norm1,1c0a,10,11,odd,22,4,3ee8bd973eb4be1a
action_dit_adaln_norm1,1c0a,10,12,even,22,4,bf103e013f423d44
action_dit_adaln_norm1,1c0a,10,13,odd,22,4,be00be51befa3ea7
action_dit_adaln_norm1,1c0a,10,14,even,22,4,3e9dbe6c3ede3d52
action_dit_adaln_norm1,1c0a,10,15,odd,22,4,becdbe3dbed93e82
action_dit_adaln_norm1,1c0a,10,0,even,23,4,bd0a3ec83e083eea
action_dit_adaln_norm1,1c0a,10,1,odd,23,4,3eb23e083cf8be56
action_dit_adaln_norm1,1c0a,10,2,even,23,4,bf1c3e3cbd5cbe51
action_dit_adaln_norm1,1c0a,10,3,odd,23,4,bf52be8d3e8cbd26
action_dit_adaln_norm1,1c0a,10,4,even,23,4,3cf73f073e2cbdbe
action_dit_adaln_norm1,1c0a,10,5,odd,23,4,bec2becc3e223d86
action_dit_adaln_norm1,1c0a,10,6,even,23,4,bec8be90bf12beca
action_dit_adaln_norm1,1c0a,10,7,odd,23,4,3dfe3eb4bc70be45
action_dit_adaln_norm1,1c0a,10,8,even,23,4,bea83e793da9be54
action_dit_adaln_norm1,1c0a,10,9,odd,23,4,bf083e423cf8bed4
action_dit_adaln_norm1,1c0a,10,10,even,23,4,3f02bdc43f44bd93
action_dit_adaln_norm1,1c0a,10,11,odd,23,4,bdcc3ee03d8bbefb
action_dit_adaln_norm1,1c0a,10,12,even,23,4,3e0a3e223e113e89
action_dit_adaln_norm1,1c0a,10,13,odd,23,4,bea53f02bde43ec7
action_dit_adaln_norm1,1c0a,10,14,even,23,4,be84bf1c3e023ead
action_dit_adaln_norm1,1c0a,10,15,odd,23,4,bf2b3e96beb8bec4
action_dit_adaln_norm1,1c0b,11,0,even,0,4,3deb3dcb3c1e3f0b
action_dit_adaln_norm1,1c0b,11,1,odd,0,4,bdbe3e97bdb63f20
action_dit_adaln_norm1,1c0b,11,2,even,0,4,be80be953e14bdf3
action_dit_adaln_norm1,1c0b,11,3,odd,0,4,be7abf0b3e503d9b
action_dit_adaln_norm1,1c0b,11,4,even,0,4,bf64beccbe83becc
action_dit_adaln_norm1,1c0b,11,5,odd,0,4,beb33e62bddbbd14
action_dit_adaln_norm1,1c0b,11,6,even,0,4,3f23bef6bba03f2c
action_dit_adaln_norm1,1c0b,11,7,odd,0,4,be8abed1be23be48
action_dit_adaln_norm1,1c0b,11,8,even,0,4,3ed5bd503ed1bd8e
action_dit_adaln_norm1,1c0b,11,9,odd,0,4,3e9b3e283f4dbeb6
action_dit_adaln_norm1,1c0b,11,10,even,0,4,bc8c3eeabe623d8c
action_dit_adaln_norm1,1c0b,11,11,odd,0,4,3e743da03df63e06
action_dit_adaln_norm1,1c0b,11,12,even,0,4,befe3e443e1dbe30
action_dit_adaln_norm1,1c0b,11,13,odd,0,4,be963f65be8cbee6
action_dit_adaln_norm1,1c0b,11,14,even,0,4,be40becb3d863f03
action_dit_adaln_norm1,1c0b,11,15,odd,0,4,3b603f40bf10bd13
action_dit_adaln_norm1,1c0b,11,0,even,1,4,bed03bdf3e46be4b
action_dit_adaln_norm1,1c0b,11,1,odd,1,4,befdbe14be4ebe0f
action_dit_adaln_norm1,1c0b,11,2,even,1,4,3e833eae3e38beae
action_dit_adaln_norm1,1c0b,11,3,odd,1,4,bcd8bedebe8e3e10
action_dit_adaln_norm1,1c0b,11,4,even,1,4,3e883e5c3e463f03
action_dit_adaln_norm1,1c0b,11,5,odd,1,4,bb403dc9beba3dc0
action_dit_adaln_norm1,1c0b,11,6,even,1,4,bce0bddc3d4cbef4
action_dit_adaln_norm1,1c0b,11,7,odd,1,4,be05bed1bbc03e15
action_dit_adaln_norm1,1c0b,11,8,even,1,4,bddb3f11bef83c38
action_dit_adaln_norm1,1c0b,11,9,odd,1,4,bd783e063e573d28
action_dit_adaln_norm1,1c0b,11,10,even,1,4,3e38be18bef8be74
action_dit_adaln_norm1,1c0b,11,11,odd,1,4,bd8c3ebfbea2bd14
action_dit_adaln_norm1,1c0b,11,12,even,1,4,be3ebd96bdb43e44
action_dit_adaln_norm1,1c0b,11,13,odd,1,4,be0a3e953c383e14
action_dit_adaln_norm1,1c0b,11,14,even,1,4,bebebc00bdddbf33
action_dit_adaln_norm1,1c0b,11,15,odd,1,4,3e8c3eb43cc03d0c
action_dit_adaln_norm1,1c0b,11,0,even,2,4,be833e1a3c103ba0
action_dit_adaln_norm1,1c0b,11,1,odd,2,4,bef5bddebf14be69
action_dit_adaln_norm1,1c0b,11,2,even,2,4,be9b3defbd54bf15
action_dit_adaln_norm1,1c0b,11,3,odd,2,4,be833eb73d003d58
action_dit_adaln_norm1,1c0b,11,4,even,2,4,3ece3e803e213df0
action_dit_adaln_norm1,1c0b,11,5,odd,2,4,be8ebf08bd9e3e91
action_dit_adaln_norm1,1c0b,11,6,even,2,4,bea1be2e3ea2bf16
action_dit_adaln_norm1,1c0b,11,7,odd,2,4,beb6be2abe353d6c
action_dit_adaln_norm1,1c0b,11,8,even,2,4,be573e043db73ea4
action_dit_adaln_norm1,1c0b,11,9,odd,2,4,3ebabd983dbebe30
action_dit_adaln_norm1,1c0b,11,10,even,2,4,3ce03ebb3f0ebe24
action_dit_adaln_norm1,1c0b,11,11,odd,2,4,3f083e203bf83e64
action_dit_adaln_norm1,1c0b,11,12,even,2,4,bbd43e233de4bd9c
action_dit_adaln_norm1,1c0b,11,13,odd,2,4,bd02bd74be39be78
action_dit_adaln_norm1,1c0b,11,14,even,2,4,bddc3d883e11be2d
action_dit_adaln_norm1,1c0b,11,15,odd,2,4,bec93cb23ed8be49
action_dit_adaln_norm1,1c0b,11,0,even,3,4,befabd023e30be04
action_dit_adaln_norm1,1c0b,11,1,odd,3,4,3e82bf123d22be8b
action_dit_adaln_norm1,1c0b,11,2,even,3,4,3e05be1ebf4abeff
action_dit_adaln_norm1,1c0b,11,3,odd,3,4,3f243e113d2f3c40
action_dit_adaln_norm1,1c0b,11,4,even,3,4,bec4bdfdbe93be3e
action_dit_adaln_norm1,1c0b,11,5,odd,3,4,3e903ebcbf0dbe9e
action_dit_adaln_norm1,1c0b,11,6,even,3,4,3ee2bf3f3e5c3dd7
action_dit_adaln_norm1,1c0b,11,7,odd,3,4,bc403e1abdd83f04
action_dit_adaln_norm1,1c0b,11,8,even,3,4,bde0bf13bee0be05
action_dit_adaln_norm1,1c0b,11,9,odd,3,4,3de6bf1abebc3e88
action_dit_adaln_norm1,1c0b,11,10,even,3,4,3e96be92bd7c3f20
action_dit_adaln_norm1,1c0b,11,11,odd,3,4,bcc83ec43f17beeb
action_dit_adaln_norm1,1c0b,11,12,even,3,4,beb6be103ac03e90
action_dit_adaln_norm1,1c0b,11,13,odd,3,4,bedabd2a3e3ebeae
action_dit_adaln_norm1,1c0b,11,14,even,3,4,bdb8be533d413d89
action_dit_adaln_norm1,1c0b,11,15,odd,3,4,3d183d26bdfcbcd0
action_dit_adaln_norm1,1c0b,11,0,even,4,4,3e9c3e423e7ebdcc
action_dit_adaln_norm1,1c0b,11,1,odd,4,4,3db23deabd4abd8b
action_dit_adaln_norm1,1c0b,11,2,even,4,4,bf083ea23ea0be56
action_dit_adaln_norm1,1c0b,11,3,odd,4,4,3f3abed43e6c3ee0
action_dit_adaln_norm1,1c0b,11,4,even,4,4,bf26be8d3f12bece
action_dit_adaln_norm1,1c0b,11,5,odd,4,4,3eec3efd3efcbef7
action_dit_adaln_norm1,1c0b,11,6,even,4,4,3cfabeb7be36bf04
action_dit_adaln_norm1,1c0b,11,7,odd,4,4,bf36bef23dd03d06
action_dit_adaln_norm1,1c0b,11,8,even,4,4,3e623e2abf0fbeea
action_dit_adaln_norm1,1c0b,11,9,odd,4,4,3eafbe3abeacbd7e
action_dit_adaln_norm1,1c0b,11,10,even,4,4,3e8a3e28be163eb3
action_dit_adaln_norm1,1c0b,11,11,odd,4,4,bd2a3f0dbed43d18
action_dit_adaln_norm1,1c0b,11,12,even,4,4,3e363f2abc89bcd0
action_dit_adaln_norm1,1c0b,11,13,odd,4,4,3e563dd2bdbf3cfe
action_dit_adaln_norm1,1c0b,11,14,even,4,4,bde8be75be6fbe48
action_dit_adaln_norm1,1c0b,11,15,odd,4,4,bd743da5bea2bdc4
action_dit_adaln_norm1,1c0b,11,0,even,5,4,3e6ebe88be663eb9
action_dit_adaln_norm1,1c0b,11,1,odd,5,4,3efabe953d4cbe5e
action_dit_adaln_norm1,1c0b,11,2,even,5,4,be9a3da63e763e68
action_dit_adaln_norm1,1c0b,11,3,odd,5,4,3e9e3e4ebeb1be75
action_dit_adaln_norm1,1c0b,11,4,even,5,4,bd8abdcb3e873df8
action_dit_adaln_norm1,1c0b,11,5,odd,5,4,3e62bf04bf07bc18
action_dit_adaln_norm1,1c0b,11,6,even,5,4,be3abe323ee23e7d
action_dit_adaln_norm1,1c0b,11,7,odd,5,4,bd9d3ec1bee43d12
action_dit_adaln_norm1,1c0b,11,8,even,5,4,3e903e48be07bdbf
action_dit_adaln_norm1,1c0b,11,9,odd,5,4,3e8c3e2d3e53be00
action_dit_adaln_norm1,1c0b,11,10,even,5,4,3f1e3e6cbea2bdaf
action_dit_adaln_norm1,1c0b,11,11,odd,5,4,3cd43e60be1c3e50
action_dit_adaln_norm1,1c0b,11,12,even,5,4,3e293de83db23e00
action_dit_adaln_norm1,1c0b,11,13,odd,5,4,3dbabe023e953eec
action_dit_adaln_norm1,1c0b,11,14,even,5,4,3e38be3c3d16be78
action_dit_adaln_norm1,1c0b,11,15,odd,5,4,3f60bf01bf243eac
action_dit_adaln_norm1,1c0b,11,0,even,6,4,3dabbf40bdc03eac
action_dit_adaln_norm1,1c0b,11,1,odd,6,4,bd803df83dacbe5e
action_dit_adaln_norm1,1c0b,11,2,even,6,4,3ecb3e3dbe3dbc48
action_dit_adaln_norm1,1c0b,11,3,odd,6,4,3e43bdb83e4e3ea0
action_dit_adaln_norm1,1c0b,11,4,even,6,4,be4b3e9ebe4e3e98
action_dit_adaln_norm1,1c0b,11,5,odd,6,4,bf2cbd94bd99bee7
action_dit_adaln_norm1,1c0b,11,6,even,6,4,3eae3e91bf093ca4
action_dit_adaln_norm1,1c0b,11,7,odd,6,4,be28bedabdaf3e0a
action_dit_adaln_norm1,1c0b,11,8,even,6,4,be49bf1dbdc4bd1c
action_dit_adaln_norm1,1c0b,11,9,odd,6,4,bf2dbdb43dd43dfc
action_dit_adaln_norm1,1c0b,11,10,even,6,4,be893ea03e28be82
action_dit_adaln_norm1,1c0b,11,11,odd,6,4,3f59bed13dcebd5a
action_dit_adaln_norm1,1c0b,11,12,even,6,4,3e663ed43c48bda0
action_dit_adaln_norm1,1c0b,11,13,odd,6,4,be2f3f1f3d9a3e42
action_dit_adaln_norm1,1c0b,11,14,even,6,4,bec83c3ebe65bdd8
action_dit_adaln_norm1,1c0b,11,15,odd,6,4,3e383d7a3dae3d81
action_dit_adaln_norm1,1c0b,11,0,even,7,4,bac03f043e2e3e14
action_dit_adaln_norm1,1c0b,11,1,odd,7,4,3e383e3fbe14bebd
action_dit_adaln_norm1,1c0b,11,2,even,7,4,bdda3d26be6c3e86
action_dit_adaln_norm1,1c0b,11,3,odd,7,4,be98be50be9cbde6
action_dit_adaln_norm1,1c0b,11,4,even,7,4,3e33bf09bdf8bf20
action_dit_adaln_norm1,1c0b,11,5,odd,7,4,bdacbd003d443b90
action_dit_adaln_norm1,1c0b,11,6,even,7,4,be1dbe00be843db1
action_dit_adaln_norm1,1c0b,11,7,odd,7,4,be4b3e7cbe30be8e
action_dit_adaln_norm1,1c0b,11,8,even,7,4,be18bedd3ee83e14
action_dit_adaln_norm1,1c0b,11,9,odd,7,4,3e5fbdfdbc063e04
action_dit_adaln_norm1,1c0b,11,10,even,7,4,be2abe03be243f09
action_dit_adaln_norm1,1c0b,11,11,odd,7,4,3e78bdfebe57bda2
action_dit_adaln_norm1,1c0b,11,12,even,7,4,3e0c3dc1bcd8be46
action_dit_adaln_norm1,1c0b,11,13,odd,7,4,3df23ee6bf40bdf7
action_dit_adaln_norm1,1c0b,11,14,even,7,4,b9003e64bd1d3e10
action_dit_adaln_norm1,1c0b,11,15,odd,7,4,bf04bc70be0ebece
action_dit_adaln_norm1,1c0b,11,0,even,8,4,3f07be353e6c3e04
action_dit_adaln_norm1,1c0b,11,1,odd,8,4,3e98bcb03e443e86
action_dit_adaln_norm1,1c0b,11,2,even,8,4,3e0bbe7abe463e18
action_dit_adaln_norm1,1c0b,11,3,odd,8,4,bebfbe42bf323f37
action_dit_adaln_norm1,1c0b,11,4,even,8,4,3e7fbef6be5dbe48
action_dit_adaln_norm1,1c0b,11,5,odd,8,4,beb5bf363c603e45
action_dit_adaln_norm1,1c0b,11,6,even,8,4,bdbe3e8cbf1abead
action_dit_adaln_norm1,1c0b,11,7,odd,8,4,3c003e803ce0bed8
action_dit_adaln_norm1,1c0b,11,8,even,8,4,3d963f33bd70be5b
action_dit_adaln_norm1,1c0b,11,9,odd,8,4,3e7bbc203e2fbd20
action_dit_adaln_norm1,1c0b,11,10,even,8,4,bdc23f12bf1cbe10
action_dit_adaln_norm1,1c0b,11,11,odd,8,4,bc983d04bef8bec5
action_dit_adaln_norm1,1c0b,11,12,even,8,4,bec83eae3e91bdd6
action_dit_adaln_norm1,1c0b,11,13,odd,8,4,be473e943ef63e73
action_dit_adaln_norm1,1c0b,11,14,even,8,4,3e6bbddc3d683f2d
action_dit_adaln_norm1,1c0b,11,15,odd,8,4,3ed8be463d9fbe5a
action_dit_adaln_norm1,1c0b,11,0,even,9,4,be323ea03f2bbd32
action_dit_adaln_norm1,1c0b,11,1,odd,9,4,3e5c3f0ebf01be5a
action_dit_adaln_norm1,1c0b,11,2,even,9,4,3e99bef03e663e22
action_dit_adaln_norm1,1c0b,11,3,odd,9,4,3e52beb63f0e3ed3
action_dit_adaln_norm1,1c0b,11,4,even,9,4,3d5d3e56be243ef9
action_dit_adaln_norm1,1c0b,11,5,odd,9,4,3f08be893deebd52
action_dit_adaln_norm1,1c0b,11,6,even,9,4,3e0e3d90be133e12
action_dit_adaln_norm1,1c0b,11,7,odd,9,4,be8abe2e3e9cbe6f
action_dit_adaln_norm1,1c0b,11,8,even,9,4,bed23dee3f0d3e91
action_dit_adaln_norm1,1c0b,11,9,odd,9,4,3e873eb83e3cbeff
action_dit_adaln_norm1,1c0b,11,10,even,9,4,beb23f083e9c3e15
action_dit_adaln_norm1,1c0b,11,11,odd,9,4,be97beac3d82be95
action_dit_adaln_norm1,1c0b,11,12,even,9,4,ba80bd8cbe85bec2
action_dit_adaln_norm1,1c0b,11,13,odd,9,4,bf293cc6befcbe7f
action_dit_adaln_norm1,1c0b,11,14,even,9,4,becfbe0cbe4a3e3c
action_dit_adaln_norm1,1c0b,11,15,odd,9,4,3ca03e433e83be1e
action_dit_adaln_norm1,1c0b,11,0,even,10,4,3cd03e5abe04be7f
action_dit_adaln_norm1,1c0b,11,1,odd,10,4,be133f173ea43ec8
action_dit_adaln_norm1,1c0b,11,2,even,10,4,be2d3e88becdbc30
action_dit_adaln_norm1,1c0b,11,3,odd,10,4,bb80be173e283e7f
action_dit_adaln_norm1,1c0b,11,4,even,10,4,be26be7c3e37bf0f
action_dit_adaln_norm1,1c0b,11,5,odd,10,4,3c94beb13e0c3e85
action_dit_adaln_norm1,1c0b,11,6,even,10,4,3e1ebd0c3ec73d9c
action_dit_adaln_norm1,1c0b,11,7,odd,10,4,3e26bd863cd83a00
action_dit_adaln_norm1,1c0b,11,8,even,10,4,3ee93c80bdfe3ee8
action_dit_adaln_norm1,1c0b,11,9,odd,10,4,3e283da23d403edf
action_dit_adaln_norm1,1c0b,11,10,even,10,4,bedebde0bf54bd04
action_dit_adaln_norm1,1c0b,11,11,odd,10,4,3e843f22be10bdda
action_dit_adaln_norm1,1c0b,11,12,even,10,4,3eb23e16bf1c3ed1
action_dit_adaln_norm1,1c0b,11,13,odd,10,4,3cc8be973f3ebe9c
action_dit_adaln_norm1,1c0b,11,14,even,10,4,bd993ef1bf103ebc
action_dit_adaln_norm1,1c0b,11,15,odd,10,4,3e2c3ece3db0bcac
action_dit_adaln_norm1,1c0b,11,0,even,11,4,3e64bd5fbdb93f1e
action_dit_adaln_norm1,1c0b,11,1,odd,11,4,3e8cbe8ebb003c50
action_dit_adaln_norm1,1c0b,11,2,even,11,4,3e7abed9bea83f1d
action_dit_adaln_norm1,1c0b,11,3,odd,11,4,3e80bf013d7e3db8
action_dit_adaln_norm1,1c0b,11,4,even,11,4,bdf63d783e543e1e
action_dit_adaln_norm1,1c0b,11,5,odd,11,4,3e0c3c113e213f0c
action_dit_adaln_norm1,1c0b,11,6,even,11,4,be813eb23c303ea5
action_dit_adaln_norm1,1c0b,11,7,odd,11,4,3e863e563d9b3e8c
action_dit_adaln_norm1,1c0b,11,8,even,11,4,be363d603de3be92
action_dit_adaln_norm1,1c0b,11,9,odd,11,4,bc94bce63ec4bf4d
action_dit_adaln_norm1,1c0b,11,10,even,11,4,bf033f1cbe56be82
action_dit_adaln_norm1,1c0b,11,11,odd,11,4,bd28bcc43e1e3f1e
action_dit_adaln_norm1,1c0b,11,12,even,11,4,3ea3bef93eef3c30
action_dit_adaln_norm1,1c0b,11,13,odd,11,4,3f1a3e793eaebe5e
action_dit_adaln_norm1,1c0b,11,14,even,11,4,bebf3eac3dc7bee0
action_dit_adaln_norm1,1c0b,11,15,odd,11,4,bc08becfbe8e3e71
action_dit_adaln_norm1,1c0b,11,0,even,12,4,be85be0ebea6bdc3
action_dit_adaln_norm1,1c0b,11,1,odd,12,4,3edf3e6cbed03ec8
action_dit_adaln_norm1,1c0b,11,2,even,12,4,3dd4befbbf0ebe9f
action_dit_adaln_norm1,1c0b,11,3,odd,12,4,bf07bcf03d38bde5
action_dit_adaln_norm1,1c0b,11,4,even,12,4,bd103d88bf843ed3
action_dit_adaln_norm1,1c0b,11,5,odd,12,4,3db83d983d94be4e
action_dit_adaln_norm1,1c0b,11,6,even,12,4,be39be1ebe7c3e4c
action_dit_adaln_norm1,1c0b,11,7,odd,12,4,be85bdd0be86bdbc
action_dit_adaln_norm1,1c0b,11,8,even,12,4,3f28bed9bedcbda2
action_dit_adaln_norm1,1c0b,11,9,odd,12,4,be8ebea43e9abe40
action_dit_adaln_norm1,1c0b,11,10,even,12,4,3ea83ec7bb203f24
action_dit_adaln_norm1,1c0b,11,11,odd,12,4,3f003dbc3e91be99
action_dit_adaln_norm1,1c0b,11,12,even,12,4,bec5bc943f53bf00
action_dit_adaln_norm1,1c0b,11,13,odd,12,4,3e27be72be25bec2
action_dit_adaln_norm1,1c0b,11,14,even,12,4,3e583efc3eccbf1c
action_dit_adaln_norm1,1c0b,11,15,odd,12,4,bf153ec8bd2cbf18
action_dit_adaln_norm1,1c0b,11,0,even,13,4,be16bf2b3d8c3cc0
action_dit_adaln_norm1,1c0b,11,1,odd,13,4,bf003e6ebeb83ec7
action_dit_adaln_norm1,1c0b,11,2,even,13,4,be2ebea63d92bc9c
action_dit_adaln_norm1,1c0b,11,3,odd,13,4,3f003d84bca23ef0
action_dit_adaln_norm1,1c0b,11,4,even,13,4,3dfd3ed6be3abe17
action_dit_adaln_norm1,1c0b,11,5,odd,13,4,3d44bdfe3f363cd2
action_dit_adaln_norm1,1c0b,11,6,even,13,4,3d1c3e65bf24be3b
action_dit_adaln_norm1,1c0b,11,7,odd,13,4,be6f3c78beecbe28
action_dit_adaln_norm1,1c0b,11,8,even,13,4,3e6cbecebec63dc8
action_dit_adaln_norm1,1c0b,11,9,odd,13,4,bec6bf34beda3d18
action_dit_adaln_norm1,1c0b,11,10,even,13,4,3eb53f013e743e2c
action_dit_adaln_norm1,1c0b,11,11,odd,13,4,3e4e3e95be3ebe3b
action_dit_adaln_norm1,1c0b,11,12,even,13,4,bd48bd6f3e3ebec8
action_dit_adaln_norm1,1c0b,11,13,odd,13,4,bdc33e96be84be3c
action_dit_adaln_norm1,1c0b,11,14,even,13,4,3d3e3e083f13bdd8
action_dit_adaln_norm1,1c0b,11,15,odd,13,4,bc30be8dbd303eee
action_dit_adaln_norm1,1c0b,11,0,even,14,4,3e443ebabe483e16
action_dit_adaln_norm1,1c0b,11,1,odd,14,4,3c003ea4be19bcd3
action_dit_adaln_norm1,1c0b,11,2,even,14,4,beb2bec6bf413d2e
action_dit_adaln_norm1,1c0b,11,3,odd,14,4,bdfb3da2be423e72
action_dit_adaln_norm1,1c0b,11,4,even,14,4,be263dd93e673e3a
action_dit_adaln_norm1,1c0b,11,5,odd,14,4,bec43e9e3d403f12
action_dit_adaln_norm1,1c0b,11,6,even,14,4,3f083f07be5abe83
action_dit_adaln_norm1,1c0b,11,7,odd,14,4,be74bdf53f16bd86
action_dit_adaln_norm1,1c0b,11,8,even,14,4,3ec63e2bbee7be90
action_dit_adaln_norm1,1c0b,11,9,odd,14,4,bde43e7dbcf03bf0
action_dit_adaln_norm1,1c0b,11,10,even,14,4,beec3ed9be18bf46
action_dit_adaln_norm1,1c0b,11,11,odd,14,4,3e873ee03d9fbed0
action_dit_adaln_norm1,1c0b,11,12,even,14,4,3cccbd46be8fbeea
action_dit_adaln_norm1,1c0b,11,13,odd,14,4,3d1d3e623f033ded
action_dit_adaln_norm1,1c0b,11,14,even,14,4,bde0beb8be32bee6
action_dit_adaln_norm1,1c0b,11,15,odd,14,4,be1e3e66bebf3e7e
action_dit_adaln_norm1,1c0b,11,0,even,15,4,bc983f603f073e70
action_dit_adaln_norm1,1c0b,11,1,odd,15,4,3e9abd863b00bed0
action_dit_adaln_norm1,1c0b,11,2,even,15,4,3ec03e98be80be64
action_dit_adaln_norm1,1c0b,11,3,odd,15,4,3e683d0a3e4abed4
action_dit_adaln_norm1,1c0b,11,4,even,15,4,3e98befc3ea83d0e
action_dit_adaln_norm1,1c0b,11,5,odd,15,4,be9abd80bd38bc80
action_dit_adaln_norm1,1c0b,11,6,even,15,4,3e34be4ebe5c3e7c
action_dit_adaln_norm1,1c0b,11,7,odd,15,4,bed93b0ebede3e91
action_dit_adaln_norm1,1c0b,11,8,even,15,4,3ea03d4b3e15bea1
action_dit_adaln_norm1,1c0b,11,9,odd,15,4,3c103b80be8c3e5a
action_dit_adaln_norm1,1c0b,11,10,even,15,4,3f15be203cd0bddf
action_dit_adaln_norm1,1c0b,11,11,odd,15,4,bd20bd383d603db4
action_dit_adaln_norm1,1c0b,11,12,even,15,4,3f68bc90be293e5a
action_dit_adaln_norm1,1c0b,11,13,odd,15,4,3ed23e7cbe74bf20
action_dit_adaln_norm1,1c0b,11,14,even,15,4,bed8be3ebdb63dd6
action_dit_adaln_norm1,1c0b,11,15,odd,15,4,bc68be853e3d3dbc
action_dit_adaln_norm1,1c0b,11,0,even,16,4,beb23eb23e443eb4
action_dit_adaln_norm1,1c0b,11,1,odd,16,4,bd543cbabf84be5a
action_dit_adaln_norm1,1c0b,11,2,even,16,4,3da33eaa3e1e3ee4
action_dit_adaln_norm1,1c0b,11,3,odd,16,4,bef33ec63eb1bdc7
action_dit_adaln_norm1,1c0b,11,4,even,16,4,be503eacbe22bdf8
action_dit_adaln_norm1,1c0b,11,5,odd,16,4,bcb0bee83d93be53
action_dit_adaln_norm1,1c0b,11,6,even,16,4,3d4c3e5dbe14bce0
action_dit_adaln_norm1,1c0b,11,7,odd,16,4,be30bf46be0f3cb0
action_dit_adaln_norm1,1c0b,11,8,even,16,4,bf40bd54be153e47
action_dit_adaln_norm1,1c0b,11,9,odd,16,4,bde0beabbd993f00
action_dit_adaln_norm1,1c0b,11,10,even,16,4,3da03e763e563d84
action_dit_adaln_norm1,1c0b,11,11,odd,16,4,3debbdb3be6c3e30
action_dit_adaln_norm1,1c0b,11,12,even,16,4,be123ed0bec7bf01
action_dit_adaln_norm1,1c0b,11,13,odd,16,4,3d093f48be183dd8
action_dit_adaln_norm1,1c0b,11,14,even,16,4,3ed9bec2bdb23dfe
action_dit_adaln_norm1,1c0b,11,15,odd,16,4,3e89bf1c3ea1bee9
action_dit_adaln_norm1,1c0b,11,0,even,17,4,3e0d3eb33f393dde
action_dit_adaln_norm1,1c0b,11,1,odd,17,4,3e1c3f02be05be24
action_dit_adaln_norm1,1c0b,11,2,even,17,4,3ed63e123d08bcc0
action_dit_adaln_norm1,1c0b,11,3,odd,17,4,3efebd10be783e9e
action_dit_adaln_norm1,1c0b,11,4,even,17,4,be973f08be7a3e2b
action_dit_adaln_norm1,1c0b,11,5,odd,17,4,be1bbe97bf163c1c
action_dit_adaln_norm1,1c0b,11,6,even,17,4,3ed5bc603ee4bde2
action_dit_adaln_norm1,1c0b,11,7,odd,17,4,3e833eaa3de03e64
action_dit_adaln_norm1,1c0b,11,8,even,17,4,3f1bbe7bbd94be02
action_dit_adaln_norm1,1c0b,11,9,odd,17,4,be253c80bbe0bd40
action_dit_adaln_norm1,1c0b,11,10,even,17,4,3e883d2a3d0ebf3f
action_dit_adaln_norm1,1c0b,11,11,odd,17,4,bea13e383e89bd40
action_dit_adaln_norm1,1c0b,11,12,even,17,4,3ba0bf25bea23ef4
action_dit_adaln_norm1,1c0b,11,13,odd,17,4,3ebe3e8c3e26be86
action_dit_adaln_norm1,1c0b,11,14,even,17,4,be6a3e19bec93d82
action_dit_adaln_norm1,1c0b,11,15,odd,17,4,be58bd42be823e94
action_dit_adaln_norm1,1c0b,11,0,even,18,4,3eac3e3d3d4a3e0a
action_dit_adaln_norm1,1c0b,11,1,odd,18,4,3d933e8c3cd53e6d
action_dit_adaln_norm1,1c0b,11,2,even,18,4,be2fbdbcbd183ea5
action_dit_adaln_norm1,1c0b,11,3,odd,18,4,be573d50be2e3ebc
action_dit_adaln_norm1,1c0b,11,4,even,18,4,be80be1abc983dbe
action_dit_adaln_norm1,1c0b,11,5,odd,18,4,bdaebda23de7bf08
action_dit_adaln_norm1,1c0b,11,6,even,18,4,3ed8bedf3d4ebe10
action_dit_adaln_norm1,1c0b,11,7,odd,18,4,3e89bee63d093d98
action_dit_adaln_norm1,1c0b,11,8,even,18,4,3e38be3e3e7abe4e
action_dit_adaln_norm1,1c0b,11,9,odd,18,4,bdd23db4be0abc30
action_dit_adaln_norm1,1c0b,11,10,even,18,4,beca3f223d72be8a
action_dit_adaln_norm1,1c0b,11,11,odd,18,4,3e933ea13f52bdc2
action_dit_adaln_norm1,1c0b,11,12,even,18,4,3d983f12bdae3e90
action_dit_adaln_norm1,1c0b,11,13,odd,18,4,3eb43e8bbed0bd9a
action_dit_adaln_norm1,1c0b,11,14,even,18,4,3e56be14beebbead
action_dit_adaln_norm1,1c0b,11,15,odd,18,4,bf04bea4be2ebe2d
action_dit_adaln_norm1,1c0b,11,0,even,19,4,3e6e3e9c3e12be3a
action_dit_adaln_norm1,1c0b,11,1,odd,19,4,3ee23ea1bd903ed4
action_dit_adaln_norm1,1c0b,11,2,even,19,4,bd983ed8bde4bd88
action_dit_adaln_norm1,1c0b,11,3,odd,19,4,3ed2be40beb53eae
action_dit_adaln_norm1,1c0b,11,4,even,19,4,3e80bdfebd903e7c
action_dit_adaln_norm1,1c0b,11,5,odd,19,4,3e6b3e433e233d98
action_dit_adaln_norm1,1c0b,11,6,even,19,4,3e1bbef8bd913e83
action_dit_adaln_norm1,1c0b,11,7,odd,19,4,3ea63ea23ece3e70
action_dit_adaln_norm1,1c0b,11,8,even,19,4,3d823cb0be2c3e78
action_dit_adaln_norm1,1c0b,11,9,odd,19,4,3e3a3e363ee3bea6
action_dit_adaln_norm1,1c0b,11,10,even,19,4,3d9f3d163e92be2a
action_dit_adaln_norm1,1c0b,11,11,odd,19,4,be9c3e9abe803ec6
action_dit_adaln_norm1,1c0b,11,12,even,19,4,bee83d9c3e98be22
action_dit_adaln_norm1,1c0b,11,13,odd,19,4,3d02bee43f0d3c70
action_dit_adaln_norm1,1c0b,11,14,even,19,4,3cb7bd86becdbd21
action_dit_adaln_norm1,1c0b,11,15,odd,19,4,bdb43d973d38be2f
action_dit_adaln_norm1,1c0b,11,0,even,20,4,be593e70bea93e12
action_dit_adaln_norm1,1c0b,11,1,odd,20,4,3f083cd03d47be07
action_dit_adaln_norm1,1c0b,11,2,even,20,4,3e6abe8a3e8a3e84
action_dit_adaln_norm1,1c0b,11,3,odd,20,4,3e18be383d743e64
action_dit_adaln_norm1,1c0b,11,4,even,20,4,3e9bbe50bd883d03
action_dit_adaln_norm1,1c0b,11,5,odd,20,4,bd8e3ed4be8bbd34
action_dit_adaln_norm1,1c0b,11,6,even,20,4,bee4be173e443f09
action_dit_adaln_norm1,1c0b,11,7,odd,20,4,3eb43c9e3e1e3e04
action_dit_adaln_norm1,1c0b,11,8,even,20,4,3eca3decbcf4bd86
action_dit_adaln_norm1,1c0b,11,9,odd,20,4,be05bce7beb43d42
action_dit_adaln_norm1,1c0b,11,10,even,20,4,3ef5bea03eb9bea2
action_dit_adaln_norm1,1c0b,11,11,odd,20,4,00003ebd3da63f0c
action_dit_adaln_norm1,1c0b,11,12,even,20,4,3c883c583ea63dc0
action_dit_adaln_norm1,1c0b,11,13,odd,20,4,bf1fbeb4bd08be49
action_dit_adaln_norm1,1c0b,11,14,even,20,4,3ee6bded3e8e3eb6
action_dit_adaln_norm1,1c0b,11,15,odd,20,4,bed2bdf83dc4bc80
action_dit_adaln_norm1,1c0b,11,0,even,21,4,3ef9be94bd9e3d86
action_dit_adaln_norm1,1c0b,11,1,odd,21,4,bde9bd803ca03d78
action_dit_adaln_norm1,1c0b,11,2,even,21,4,bd4e3ecf3d423f1c
action_dit_adaln_norm1,1c0b,11,3,odd,21,4,3eb1be9cbf5ebecc
action_dit_adaln_norm1,1c0b,11,4,even,21,4,3e8fbe0ebe7abdf2
action_dit_adaln_norm1,1c0b,11,5,odd,21,4,be1d3e073f22bec4
action_dit_adaln_norm1,1c0b,11,6,even,21,4,bd17be0f3e103e20
action_dit_adaln_norm1,1c0b,11,7,odd,21,4,3df2be21bdf83e59
action_dit_adaln_norm1,1c0b,11,8,even,21,4,3e403dc23e4c3d26
action_dit_adaln_norm1,1c0b,11,9,odd,21,4,be96bf173ae0bf2c
action_dit_adaln_norm1,1c0b,11,10,even,21,4,3e60bdf2bed13e62
action_dit_adaln_norm1,1c0b,11,11,odd,21,4,3eadbeb33ed23f14
action_dit_adaln_norm1,1c0b,11,12,even,21,4,beca3e7cbf10bf0a
action_dit_adaln_norm1,1c0b,11,13,odd,21,4,bddabed1be87beb5
action_dit_adaln_norm1,1c0b,11,14,even,21,4,3e803d7abd8a3e2a
action_dit_adaln_norm1,1c0b,11,15,odd,21,4,3cd03e983db6be31
action_dit_adaln_norm1,1c0b,11,0,even,22,4,3e143ec83e1b3eb8
action_dit_adaln_norm1,1c0b,11,1,odd,22,4,3dbe3e0cbc40be0f
action_dit_adaln_norm1,1c0b,11,2,even,22,4,be0cbf03beca3f16
action_dit_adaln_norm1,1c0b,11,3,odd,22,4,bf11be8ebeabbe4e
action_dit_adaln_norm1,1c0b,11,4,even,22,4,bed4bdb13e8cbdfd
action_dit_adaln_norm1,1c0b,11,5,odd,22,4,3e5ebc40beb73ea3
action_dit_adaln_norm1,1c0b,11,6,even,22,4,3d2c3e6cbcac3dda
action_dit_adaln_norm1,1c0b,11,7,odd,22,4,3e9ebe5a3ea13ea6
action_dit_adaln_norm1,1c0b,11,8,even,22,4,3e8f3debbea6bcac
action_dit_adaln_norm1,1c0b,11,9,odd,22,4,3e5cbdeebe783da0
action_dit_adaln_norm1,1c0b,11,10,even,22,4,be85bf063e60bdb4
action_dit_adaln_norm1,1c0b,11,11,odd,22,4,3ea73d7c3e95bf00
action_dit_adaln_norm1,1c0b,11,12,even,22,4,bf0b3ebc3ef23e76
action_dit_adaln_norm1,1c0b,11,13,odd,22,4,be9abd20bebe3ec0
action_dit_adaln_norm1,1c0b,11,14,even,22,4,3ddcbe893eacbe0c
action_dit_adaln_norm1,1c0b,11,15,odd,22,4,bea0bdecbecfbd1c
action_dit_adaln_norm1,1c0b,11,0,even,23,4,be043eefbe3d3e8e
action_dit_adaln_norm1,1c0b,11,1,odd,23,4,3ea7bde2bd7cbe54
action_dit_adaln_norm1,1c0b,11,2,even,23,4,beb63e83bdf4be0f
action_dit_adaln_norm1,1c0b,11,3,odd,23,4,bed9be5a3d7f3e56
action_dit_adaln_norm1,1c0b,11,4,even,23,4,3d813ebe3e15bd64
action_dit_adaln_norm1,1c0b,11,5,odd,23,4,be9cbe633ef43e39
action_dit_adaln_norm1,1c0b,11,6,even,23,4,bf1bbc8cbee3bf27
action_dit_adaln_norm1,1c0b,11,7,odd,23,4,bd003ee63d76be5c
action_dit_adaln_norm1,1c0b,11,8,even,23,4,bea4bb403e17bd8c
action_dit_adaln_norm1,1c0b,11,9,odd,23,4,bf0c3d54beaabef4
action_dit_adaln_norm1,1c0b,11,10,even,23,4,3f06bdfc3f1ebe1e
action_dit_adaln_norm1,1c0b,11,11,odd,23,4,be563ea03e30bdd2
action_dit_adaln_norm1,1c0b,11,12,even,23,4,3e193c203b603ed4
action_dit_adaln_norm1,1c0b,11,13,odd,23,4,beb73f023b60be3d
action_dit_adaln_norm1,1c0b,11,14,even,23,4,3d20be83be183e34
action_dit_adaln_norm1,1c0b,11,15,odd,23,4,be1d3e96beb0be8a
action_dit_adaln_norm1,1c0c,12,0,even,0,4,be25bd8a3e0f3e8e
action_dit_adaln_norm1,1c0c,12,1,odd,0,4,3e7c3ebbbe1c3f44
action_dit_adaln_norm1,1c0c,12,2,even,0,4,bea6bd0c3ebcbdae
action_dit_adaln_norm1,1c0c,12,3,odd,0,4,be08bf2fbdaf3e11
action_dit_adaln_norm1,1c0c,12,4,even,0,4,bf54bdaebde4be93
action_dit_adaln_norm1,1c0c,12,5,odd,0,4,3d963edbbebabd38
action_dit_adaln_norm1,1c0c,12,6,even,0,4,3f34bf3a3d173ef6
action_dit_adaln_norm1,1c0c,12,7,odd,0,4,be5bbdc3bbd0bedf
action_dit_adaln_norm1,1c0c,12,8,even,0,4,be79bdf93ece3da1
action_dit_adaln_norm1,1c0c,12,9,odd,0,4,3ee4be5a3f78be27
action_dit_adaln_norm1,1c0c,12,10,even,0,4,bd0a3f0fbec53d28
action_dit_adaln_norm1,1c0c,12,11,odd,0,4,3e4e3e953ea23eb2
action_dit_adaln_norm1,1c0c,12,12,even,0,4,beea3f023ecebdf4
action_dit_adaln_norm1,1c0c,12,13,odd,0,4,3e073f26be64be93
action_dit_adaln_norm1,1c0c,12,14,even,0,4,becebede3dd03f13
action_dit_adaln_norm1,1c0c,12,15,odd,0,4,bdb23e46bef23ce8
action_dit_adaln_norm1,1c0c,12,0,even,1,4,be26bbb83e5bbeca
action_dit_adaln_norm1,1c0c,12,1,odd,1,4,bf3abe293ddebf2e
action_dit_adaln_norm1,1c0c,12,2,even,1,4,3e293db1bd4ebe79
action_dit_adaln_norm1,1c0c,12,3,odd,1,4,3e46be94bf0a3dbe
action_dit_adaln_norm1,1c0c,12,4,even,1,4,3e09bd28bdb63e43
action_dit_adaln_norm1,1c0c,12,5,odd,1,4,3d343e30be8e3ea7
action_dit_adaln_norm1,1c0c,12,6,even,1,4,bece3dc03cf4bea2
action_dit_adaln_norm1,1c0c,12,7,odd,1,4,bd9dbf163cc03dcc
action_dit_adaln_norm1,1c0c,12,8,even,1,4,be283ee2bda23ec2
action_dit_adaln_norm1,1c0c,12,9,odd,1,4,be213b80beb03dfc
action_dit_adaln_norm1,1c0c,12,10,even,1,4,3e603daa3d30be61
action_dit_adaln_norm1,1c0c,12,11,odd,1,4,bf563f08bd3c3e9c
action_dit_adaln_norm1,1c0c,12,12,even,1,4,be2abe9ebeb43d54
action_dit_adaln_norm1,1c0c,12,13,odd,1,4,be203f0bbdcf3e43
action_dit_adaln_norm1,1c0c,12,14,even,1,4,bea7be1a3d28bf2c
action_dit_adaln_norm1,1c0c,12,15,odd,1,4,3e863eba3ce03cdd
action_dit_adaln_norm1,1c0c,12,0,even,2,4,bdcc3e3e3daf3edb
action_dit_adaln_norm1,1c0c,12,1,odd,2,4,bf0e3d88be43bdcf
action_dit_adaln_norm1,1c0c,12,2,even,2,4,beaf3c78be83bf33
action_dit_adaln_norm1,1c0c,12,3,odd,2,4,3d263d4c3e2f3dae
action_dit_adaln_norm1,1c0c,12,4,even,2,4,3ec93e603e023e96
action_dit_adaln_norm1,1c0c,12,5,odd,2,4,be60be973ee83f06
action_dit_adaln_norm1,1c0c,12,6,even,2,4,bf11bd903e95be3c
action_dit_adaln_norm1,1c0c,12,7,odd,2,4,beb2bdddbd243d44
action_dit_adaln_norm1,1c0c,12,8,even,2,4,bda1be863d963e80
action_dit_adaln_norm1,1c0c,12,9,odd,2,4,3ebcbd6c3d9ebef6
action_dit_adaln_norm1,1c0c,12,10,even,2,4,be58bd923f0ebe05
action_dit_adaln_norm1,1c0c,12,11,odd,2,4,3edb3ec6be8b3e3c
action_dit_adaln_norm1,1c0c,12,12,even,2,4,bea2bc8a3d98bca0
action_dit_adaln_norm1,1c0c,12,13,odd,2,4,3e31be30be65bec8
action_dit_adaln_norm1,1c0c,12,14,even,2,4,bb803e843da4bf1c
action_dit_adaln_norm1,1c0c,12,15,odd,2,4,bce03d2a3f123e94
action_dit_adaln_norm1,1c0c,12,0,even,3,4,bef83e773e81bbb8
action_dit_adaln_norm1,1c0c,12,1,odd,3,4,3e24bef0be33be48
action_dit_adaln_norm1,1c0c,12,2,even,3,4,3e8bbe96be38bf07
action_dit_adaln_norm1,1c0c,12,3,odd,3,4,3ebe3ea33d70be02
action_dit_adaln_norm1,1c0c,12,4,even,3,4,bead3e86bec4bd70
action_dit_adaln_norm1,1c0c,12,5,odd,3,4,3e7f3d44be753db1
action_dit_adaln_norm1,1c0c,12,6,even,3,4,3e4bbf2c3d8f3db1
action_dit_adaln_norm1,1c0c,12,7,odd,3,4,bc853ecf3d903e9a
action_dit_adaln_norm1,1c0c,12,8,even,3,4,bdaabec0bf1fbda4
action_dit_adaln_norm1,1c0c,12,9,odd,3,4,3e70bf043c643e5c
action_dit_adaln_norm1,1c0c,12,10,even,3,4,3f183cc0bd983e97
action_dit_adaln_norm1,1c0c,12,11,odd,3,4,3da23ebe3f29bea5
action_dit_adaln_norm1,1c0c,12,12,even,3,4,bebbbea33e6ebe54
action_dit_adaln_norm1,1c0c,12,13,odd,3,4,bf34bd313e08bf03
action_dit_adaln_norm1,1c0c,12,14,even,3,4,be51be4a3c24bd7a
action_dit_adaln_norm1,1c0c,12,15,odd,3,4,be2c3e04bd8f3d0b
action_dit_adaln_norm1,1c0c,12,0,even,4,4,3ec53ea23e81bdda
action_dit_adaln_norm1,1c0c,12,1,odd,4,4,bf073d04bf12bdf3
action_dit_adaln_norm1,1c0c,12,2,even,4,4,be4c3e923e77be8d
action_dit_adaln_norm1,1c0c,12,3,odd,4,4,3f4bbf023ddc3efe
action_dit_adaln_norm1,1c0c,12,4,even,4,4,bf18bd973e92bf04
action_dit_adaln_norm1,1c0c,12,5,odd,4,4,3e253ebc3eabbe8c
action_dit_adaln_norm1,1c0c,12,6,even,4,4,be67bec8be49beae
action_dit_adaln_norm1,1c0c,12,7,odd,4,4,be3ebf0c3dfbbe0d
action_dit_adaln_norm1,1c0c,12,8,even,4,4,3d8a3e3dbf2abeb5
action_dit_adaln_norm1,1c0c,12,9,odd,4,4,3f03be89be963e34
action_dit_adaln_norm1,1c0c,12,10,even,4,4,3efd3f003e563e20
action_dit_adaln_norm1,1c0c,12,11,odd,4,4,bc443f01bf1a3dee
action_dit_adaln_norm1,1c0c,12,12,even,4,4,3f263f16bcdbbe79
action_dit_adaln_norm1,1c0c,12,13,odd,4,4,3f103e15be97bdd1
action_dit_adaln_norm1,1c0c,12,14,even,4,4,be0cbd77bd88be93
action_dit_adaln_norm1,1c0c,12,15,odd,4,4,be2dbef5bdadbe14
action_dit_adaln_norm1,1c0c,12,0,even,5,4,3ebcbe85beb53e9d
action_dit_adaln_norm1,1c0c,12,1,odd,5,4,3f053da23e40bf1c
action_dit_adaln_norm1,1c0c,12,2,even,5,4,be64bec03cb83d30
action_dit_adaln_norm1,1c0c,12,3,odd,5,4,3e903ed8bef9bd26
action_dit_adaln_norm1,1c0c,12,4,even,5,4,3e80be9e3e483e88
action_dit_adaln_norm1,1c0c,12,5,odd,5,4,3deebeffbf28be5e
action_dit_adaln_norm1,1c0c,12,6,even,5,4,be4bbdd53ee2be14
action_dit_adaln_norm1,1c0c,12,7,odd,5,4,3e483e8abe93be9a
action_dit_adaln_norm1,1c0c,12,8,even,5,4,bdac3edabe82be88
action_dit_adaln_norm1,1c0c,12,9,odd,5,4,3ead3dfb3e9abe8e
action_dit_adaln_norm1,1c0c,12,10,even,5,4,3eb7bda6beabbda6
action_dit_adaln_norm1,1c0c,12,11,odd,5,4,3e91bd1ebe95bdee
action_dit_adaln_norm1,1c0c,12,12,even,5,4,3ea93e1a3e8ebcc0
action_dit_adaln_norm1,1c0c,12,13,odd,5,4,3d4cbda83e4a3eab
action_dit_adaln_norm1,1c0c,12,14,even,5,4,3d4cbf203b80bc80
action_dit_adaln_norm1,1c0c,12,15,odd,5,4,3f66be9dbec23e8a
action_dit_adaln_norm1,1c0c,12,0,even,6,4,be27bf28be9b3dc0
action_dit_adaln_norm1,1c0c,12,1,odd,6,4,beba3d953e48be19
action_dit_adaln_norm1,1c0c,12,2,even,6,4,3f7e3e383e61bdfe
action_dit_adaln_norm1,1c0c,12,3,odd,6,4,3dac3dd23eb63e54
action_dit_adaln_norm1,1c0c,12,4,even,6,4,be2b3e033dd13ea0
action_dit_adaln_norm1,1c0c,12,5,odd,6,4,bb80bc80bd60be9d
action_dit_adaln_norm1,1c0c,12,6,even,6,4,3e653f30be6b3e91
action_dit_adaln_norm1,1c0c,12,7,odd,6,4,be00be1fbe8ebd8d
action_dit_adaln_norm1,1c0c,12,8,even,6,4,bd91be8f3e6ebb00
action_dit_adaln_norm1,1c0c,12,9,odd,6,4,bea43c3f3e0c3e2a
action_dit_adaln_norm1,1c0c,12,10,even,6,4,beb03c983e4dbe82
action_dit_adaln_norm1,1c0c,12,11,odd,6,4,3f70beee3e003e63
action_dit_adaln_norm1,1c0c,12,12,even,6,4,3ea43e2fbd083dfc
action_dit_adaln_norm1,1c0c,12,13,odd,6,4,beca3f063e8c3d69
action_dit_adaln_norm1,1c0c,12,14,even,6,4,bd803db2bda2bec4
action_dit_adaln_norm1,1c0c,12,15,odd,6,4,3ed73e0e3b80bdda
action_dit_adaln_norm1,1c0c,12,0,even,7,4,3d343f093ce03ea0
action_dit_adaln_norm1,1c0c,12,1,odd,7,4,3e733d98be84bea1
action_dit_adaln_norm1,1c0c,12,2,even,7,4,bcb43e03be833d04
action_dit_adaln_norm1,1c0c,12,3,odd,7,4,beeabe26bdd53c4c
action_dit_adaln_norm1,1c0c,12,4,even,7,4,be35bf18bea8beb4
action_dit_adaln_norm1,1c0c,12,5,odd,7,4,3c30bec5be02be38
action_dit_adaln_norm1,1c0c,12,6,even,7,4,bda33d75bda8bd6e
action_dit_adaln_norm1,1c0c,12,7,odd,7,4,be503e7dbe0fbe5d
action_dit_adaln_norm1,1c0c,12,8,even,7,4,bd123c003e503dcb
action_dit_adaln_norm1,1c0c,12,9,odd,7,4,3e8abcd4bd0a3eae
action_dit_adaln_norm1,1c0c,12,10,even,7,4,3c40bea6bd683ed6
action_dit_adaln_norm1,1c0c,12,11,odd,7,4,3e4abd04be6dbe9b
action_dit_adaln_norm1,1c0c,12,12,even,7,4,bebabd1cbe2fbeb9
action_dit_adaln_norm1,1c0c,12,13,odd,7,4,3e6e3ea9bf14bec0
action_dit_adaln_norm1,1c0c,12,14,even,7,4,be233e863e363d71
action_dit_adaln_norm1,1c0c,12,15,odd,7,4,bf03be0a3e88bed0
action_dit_adaln_norm1,1c0c,12,0,even,8,4,3e803c6e3dec3e34
action_dit_adaln_norm1,1c0c,12,1,odd,8,4,3e9cbe0b3dbc3e73
action_dit_adaln_norm1,1c0c,12,2,even,8,4,3e70befcbe493ef0
action_dit_adaln_norm1,1c0c,12,3,odd,8,4,bf11bf14bf373f2f
action_dit_adaln_norm1,1c0c,12,4,even,8,4,3e9bbed0bc80bdf8
action_dit_adaln_norm1,1c0c,12,5,odd,8,4,bd64bf3ebe083e2d
action_dit_adaln_norm1,1c0c,12,6,even,8,4,bdef3e82bebabf1c
action_dit_adaln_norm1,1c0c,12,7,odd,8,4,bd383e91be8cbf28
action_dit_adaln_norm1,1c0c,12,8,even,8,4,be953f53be1bbeb7
action_dit_adaln_norm1,1c0c,12,9,odd,8,4,3e103e423e35be06
action_dit_adaln_norm1,1c0c,12,10,even,8,4,3d103f09bee33c00
action_dit_adaln_norm1,1c0c,12,11,odd,8,4,bdd0be00bed3bee9
action_dit_adaln_norm1,1c0c,12,12,even,8,4,ba603cb03e5ebec8
action_dit_adaln_norm1,1c0c,12,13,odd,8,4,becc3e703f293ef9
action_dit_adaln_norm1,1c0c,12,14,even,8,4,bcfc3d8ebea53f05
action_dit_adaln_norm1,1c0c,12,15,odd,8,4,3eb3bddebd48bf03
action_dit_adaln_norm1,1c0c,12,0,even,9,4,be6e3e683f3f3eaf
action_dit_adaln_norm1,1c0c,12,1,odd,9,4,bdf13e5ebe793ea9
action_dit_adaln_norm1,1c0c,12,2,even,9,4,3da4bdcebe013e3a
action_dit_adaln_norm1,1c0c,12,3,odd,9,4,3d78beaa3e513f24
action_dit_adaln_norm1,1c0c,12,4,even,9,4,3ddd3dfebe8c3ed9
action_dit_adaln_norm1,1c0c,12,5,odd,9,4,3f10bec4be143e8c
action_dit_adaln_norm1,1c0c,12,6,even,9,4,3c943eacbdea3e9c
action_dit_adaln_norm1,1c0c,12,7,odd,9,4,be88be0d3dbfbd38
action_dit_adaln_norm1,1c0c,12,8,even,9,4,bd283de03e8d3eb3
action_dit_adaln_norm1,1c0c,12,9,odd,9,4,bd91be673e5cbf26
action_dit_adaln_norm1,1c0c,12,10,even,9,4,be663f1a3e8cbe39
action_dit_adaln_norm1,1c0c,12,11,odd,9,4,be0ebf113edcbdfd
action_dit_adaln_norm1,1c0c,12,12,even,9,4,beacbd2ebc00be40
action_dit_adaln_norm1,1c0c,12,13,odd,9,4,bec2be78bdabbed3
action_dit_adaln_norm1,1c0c,12,14,even,9,4,bf34bc5c3e8b3eb6
action_dit_adaln_norm1,1c0c,12,15,odd,9,4,bc003dafbe2fbe68
action_dit_adaln_norm1,1c0c,12,0,even,10,4,bd4a3dfcbe0abdc5
action_dit_adaln_norm1,1c0c,12,1,odd,10,4,bf083ece3e703e0c
action_dit_adaln_norm1,1c0c,12,2,even,10,4,be323ea8be59be38
action_dit_adaln_norm1,1c0c,12,3,odd,10,4,bdbfbeac3eaa3e8a
action_dit_adaln_norm1,1c0c,12,4,even,10,4,be913f0c3d92bf12
action_dit_adaln_norm1,1c0c,12,5,odd,10,4,bd82beb23e5a3e8e
action_dit_adaln_norm1,1c0c,12,6,even,10,4,bb80be523e153e07
action_dit_adaln_norm1,1c0c,12,7,odd,10,4,bd6cbe57beac3e84
action_dit_adaln_norm1,1c0c,12,8,even,10,4,3ee0be9bbe9c3efa
action_dit_adaln_norm1,1c0c,12,9,odd,10,4,3e6bbd7b3e863f47
action_dit_adaln_norm1,1c0c,12,10,even,10,4,bef7bdd8beb8be15
action_dit_adaln_norm1,1c0c,12,11,odd,10,4,be8b3f1abdd8be5e
action_dit_adaln_norm1,1c0c,12,12,even,10,4,3e6e3d70bee5bdca
action_dit_adaln_norm1,1c0c,12,13,odd,10,4,bd993e8a3ec4be9c
action_dit_adaln_norm1,1c0c,12,14,even,10,4,3c843eacbf163ec2
action_dit_adaln_norm1,1c0c,12,15,odd,10,4,3e4e3ecebc5a3ea1
action_dit_adaln_norm1,1c0c,12,0,even,11,4,bd003e6e3ea53f33
action_dit_adaln_norm1,1c0c,12,1,odd,11,4,bd3fbe7fbe48be21
action_dit_adaln_norm1,1c0c,12,2,even,11,4,3e6bbdb6bf153eea
action_dit_adaln_norm1,1c0c,12,3,odd,11,4,3e0fbf0c3d6ebd80
action_dit_adaln_norm1,1c0c,12,4,even,11,4,3c88bda03c5c3e8a
action_dit_adaln_norm1,1c0c,12,5,odd,11,4,3df3bc843eee3f32
action_dit_adaln_norm1,1c0c,12,6,even,11,4,bee1be05bbe03e2e
action_dit_adaln_norm1,1c0c,12,7,odd,11,4,3e153e993da33ed0
action_dit_adaln_norm1,1c0c,12,8,even,11,4,bdd43c503d62be17
action_dit_adaln_norm1,1c0c,12,9,odd,11,4,3cd2bbd03e36bf0e
action_dit_adaln_norm1,1c0c,12,10,even,11,4,bf123f53beb0be37
action_dit_adaln_norm1,1c0c,12,11,odd,11,4,bd9ebdbd3f0c3ec4
action_dit_adaln_norm1,1c0c,12,12,even,11,4,3eb2bf1c3f183ea9
action_dit_adaln_norm1,1c0c,12,13,odd,11,4,3eaa3ebe3dd73e54
action_dit_adaln_norm1,1c0c,12,14,even,11,4,3a803e903eb9bedc
action_dit_adaln_norm1,1c0c,12,15,odd,11,4,3e13bee6bef23e82
action_dit_adaln_norm1,1c0c,12,0,even,12,4,be933e57beaa3d2b
action_dit_adaln_norm1,1c0c,12,1,odd,12,4,3f24bc80beea3e58
action_dit_adaln_norm1,1c0c,12,2,even,12,4,bc10be46bedebb90
action_dit_adaln_norm1,1c0c,12,3,odd,12,4,be5c3e6e3e283e26
action_dit_adaln_norm1,1c0c,12,4,even,12,4,3e15be73bf203f25
action_dit_adaln_norm1,1c0c,12,5,odd,12,4,bea63ea4be76be16
action_dit_adaln_norm1,1c0c,12,6,even,12,4,be3cbd12becebc20
action_dit_adaln_norm1,1c0c,12,7,odd,12,4,bed3bc78be8a3d02
action_dit_adaln_norm1,1c0c,12,8,even,12,4,3f52bec4be8a3dab
action_dit_adaln_norm1,1c0c,12,9,odd,12,4,be69bdfd3ec3be5e
action_dit_adaln_norm1,1c0c,12,10,even,12,4,3ecf3e8e3d983f09
action_dit_adaln_norm1,1c0c,12,11,odd,12,4,3eba3eb03f20be65
action_dit_adaln_norm1,1c0c,12,12,even,12,4,becdbda83ecebeaf
action_dit_adaln_norm1,1c0c,12,13,odd,12,4,3cecbda53cf0bd27
action_dit_adaln_norm1,1c0c,12,14,even,12,4,3ef93ee23e77befc
action_dit_adaln_norm1,1c0c,12,15,odd,12,4,bdcc3ea2bb80bf21
action_dit_adaln_norm1,1c0c,12,0,even,13,4,3e74bf093efe3dc4
action_dit_adaln_norm1,1c0c,12,1,odd,13,4,be8e3dbdbed23e77
action_dit_adaln_norm1,1c0c,12,2,even,13,4,bdfabf0e3e3cbe28
action_dit_adaln_norm1,1c0c,12,3,odd,13,4,3ece3dd83e113ed2
action_dit_adaln_norm1,1c0c,12,4,even,13,4,3e3e3f06bd233e03
action_dit_adaln_norm1,1c0c,12,5,odd,13,4,bce03ea4bcd03f06
action_dit_adaln_norm1,1c0c,12,6,even,13,4,3e883d843cd0be80
action_dit_adaln_norm1,1c0c,12,7,odd,13,4,be06be19bed2be7b
action_dit_adaln_norm1,1c0c,12,8,even,13,4,3e99bdbdbe8ebd6c
action_dit_adaln_norm1,1c0c,12,9,odd,13,4,bd8fbf25bf363c40
action_dit_adaln_norm1,1c0c,12,10,even,13,4,3ed8bcd83e3d3dfb
action_dit_adaln_norm1,1c0c,12,11,odd,13,4,3e1b3eabbe38be7a
action_dit_adaln_norm1,1c0c,12,12,even,13,4,bdee3ea7be78bef6
action_dit_adaln_norm1,1c0c,12,13,odd,13,4,3ea33e9cbe79be5c
action_dit_adaln_norm1,1c0c,12,14,even,13,4,3edd3d0c3f18be28
action_dit_adaln_norm1,1c0c,12,15,odd,13,4,3e28bdfc3e0a3f06
action_dit_adaln_norm1,1c0c,12,0,even,14,4,bdaf3f4abea6bc94
action_dit_adaln_norm1,1c0c,12,1,odd,14,4,3ee03e17bd82be99
action_dit_adaln_norm1,1c0c,12,2,even,14,4,be69be11bec6be82
action_dit_adaln_norm1,1c0c,12,3,odd,14,4,3d5e3e2fbd843dd7
action_dit_adaln_norm1,1c0c,12,4,even,14,4,bee93ecd3d903d1e
action_dit_adaln_norm1,1c0c,12,5,odd,14,4,3e463e99bee13edc
action_dit_adaln_norm1,1c0c,12,6,even,14,4,3f0c3f06bdf23e01
action_dit_adaln_norm1,1c0c,12,7,odd,14,4,be003d1c3e9bbf00
action_dit_adaln_norm1,1c0c,12,8,even,14,4,3f053e9ebeeebe07
action_dit_adaln_norm1,1c0c,12,9,odd,14,4,be163ee5bde83ea5
action_dit_adaln_norm1,1c0c,12,10,even,14,4,bf1c3e8f3d3cbf31
action_dit_adaln_norm1,1c0c,12,11,odd,14,4,3cf03e5c3d28be94
action_dit_adaln_norm1,1c0c,12,12,even,14,4,3e36be26beb2beca
action_dit_adaln_norm1,1c0c,12,13,odd,14,4,3b403ed03ee83e76
action_dit_adaln_norm1,1c0c,12,14,even,14,4,bdc2beb7bd4abf43
action_dit_adaln_norm1,1c0c,12,15,odd,14,4,3ed43da6bf073f20
action_dit_adaln_norm1,1c0c,12,0,even,15,4,bf053f093ef83e9d
action_dit_adaln_norm1,1c0c,12,1,odd,15,4,3e0a3e0f3d70be6c
action_dit_adaln_norm1,1c0c,12,2,even,15,4,3eb43c18be1cbefc
action_dit_adaln_norm1,1c0c,12,3,odd,15,4,3e0a3d833d3cbf14
action_dit_adaln_norm1,1c0c,12,4,even,15,4,3ec0bd9c3eb73dca
action_dit_adaln_norm1,1c0c,12,5,odd,15,4,3e0e3e12bdc13dd8
action_dit_adaln_norm1,1c0c,12,6,even,15,4,3ddebdc4beaf3eb8
action_dit_adaln_norm1,1c0c,12,7,odd,15,4,befd3e2bbec83ea8
action_dit_adaln_norm1,1c0c,12,8,even,15,4,3e7a3ebe3e27bdea
action_dit_adaln_norm1,1c0c,12,9,odd,15,4,bd82bdb63c803db6
action_dit_adaln_norm1,1c0c,12,10,even,15,4,3e80be52be7fbdcf
action_dit_adaln_norm1,1c0c,12,11,odd,15,4,be3a3cfe3def3e62
action_dit_adaln_norm1,1c0c,12,12,even,15,4,3f4b3db4bee93f07
action_dit_adaln_norm1,1c0c,12,13,odd,15,4,3ec63eed3e96bece
action_dit_adaln_norm1,1c0c,12,14,even,15,4,bec4be8dbdfd3def
action_dit_adaln_norm1,1c0c,12,15,odd,15,4,3eaabe0e3c883f24
action_dit_adaln_norm1,1c0c,12,0,even,16,4,beefbd9cbd28be0f
action_dit_adaln_norm1,1c0c,12,1,odd,16,4,bdfdbc28bf9b3e84
action_dit_adaln_norm1,1c0c,12,2,even,16,4,3e1e3d033e843e29
action_dit_adaln_norm1,1c0c,12,3,odd,16,4,3b003ecc3e543e14
action_dit_adaln_norm1,1c0c,12,4,even,16,4,3d8a3e43be253db8
action_dit_adaln_norm1,1c0c,12,5,odd,16,4,3e9fbf1a3ebabdef
action_dit_adaln_norm1,1c0c,12,6,even,16,4,bd4c3e86be32be9f
action_dit_adaln_norm1,1c0c,12,7,odd,16,4,be27beee3c10be1a
action_dit_adaln_norm1,1c0c,12,8,even,16,4,bf00bee6bf113d48
action_dit_adaln_norm1,1c0c,12,9,odd,16,4,be4d3dbdbc803e82
action_dit_adaln_norm1,1c0c,12,10,even,16,4,3dbd3e603e953e12
action_dit_adaln_norm1,1c0c,12,11,odd,16,4,3e563e57beee3e3b
action_dit_adaln_norm1,1c0c,12,12,even,16,4,3e263e96bed6be2a
action_dit_adaln_norm1,1c0c,12,13,odd,16,4,3e3b3f2ebdefbde4
action_dit_adaln_norm1,1c0c,12,14,even,16,4,3dd6beccbea2bd48
action_dit_adaln_norm1,1c0c,12,15,odd,16,4,bd26bebdbdd8bf1d
action_dit_adaln_norm1,1c0c,12,0,even,17,4,3d963f2d3f453dca
action_dit_adaln_norm1,1c0c,12,1,odd,17,4,3e723f02bd8c3d14
action_dit_adaln_norm1,1c0c,12,2,even,17,4,3d08bc90bcf0bd58
action_dit_adaln_norm1,1c0c,12,3,odd,17,4,3eea3e6cbe183eac
action_dit_adaln_norm1,1c0c,12,4,even,17,4,bea93f1dbebe3ee4
action_dit_adaln_norm1,1c0c,12,5,odd,17,4,3eb1bdf3bedebea6
action_dit_adaln_norm1,1c0c,12,6,even,17,4,3e25be9a3ee2bddf
action_dit_adaln_norm1,1c0c,12,7,odd,17,4,3d003e023ec73e64
action_dit_adaln_norm1,1c0c,12,8,even,17,4,3f00bde6bd08be61
action_dit_adaln_norm1,1c0c,12,9,odd,17,4,be4cbdfabe0f3e50
action_dit_adaln_norm1,1c0c,12,10,even,17,4,3ece3eb13d0cbeec
action_dit_adaln_norm1,1c0c,12,11,odd,17,4,bec4bc373f0abe35
action_dit_adaln_norm1,1c0c,12,12,even,17,4,3ee8bf26be9a3f18
action_dit_adaln_norm1,1c0c,12,13,odd,17,4,3ee33f16bda8be86
action_dit_adaln_norm1,1c0c,12,14,even,17,4,becfbd42bdd43e95
action_dit_adaln_norm1,1c0c,12,15,odd,17,4,be26bddb3d443e3a
action_dit_adaln_norm1,1c0c,12,0,even,18,4,3e563e1fbe243e22
action_dit_adaln_norm1,1c0c,12,1,odd,18,4,3d0e3ed63e1c3d5e
action_dit_adaln_norm1,1c0c,12,2,even,18,4,be85be9abe7e3d6e
action_dit_adaln_norm1,1c0c,12,3,odd,18,4,be74bba0bdc63e7c
action_dit_adaln_norm1,1c0c,12,4,even,18,4,be69be28beafbe1d
action_dit_adaln_norm1,1c0c,12,5,odd,18,4,3c94be243ece3dd6
action_dit_adaln_norm1,1c0c,12,6,even,18,4,3f08bd5c3e5fbec2
action_dit_adaln_norm1,1c0c,12,7,odd,18,4,3e983e6c3da93e1f
action_dit_adaln_norm1,1c0c,12,8,even,18,4,bdeabe453ee2bdf9
action_dit_adaln_norm1,1c0c,12,9,odd,18,4,3cf83d083daebe50
action_dit_adaln_norm1,1c0c,12,10,even,18,4,be563f7abdb0be10
action_dit_adaln_norm1,1c0c,12,11,odd,18,4,3f423ea93e9dbd08
action_dit_adaln_norm1,1c0c,12,12,even,18,4,3e463edc3dd73d25
action_dit_adaln_norm1,1c0c,12,13,odd,18,4,bd683e74be34be98
action_dit_adaln_norm1,1c0c,12,14,even,18,4,bc583e89bf12beaa
action_dit_adaln_norm1,1c0c,12,15,odd,18,4,be87be8fbe4fbdc1
action_dit_adaln_norm1,1c0c,12,0,even,19,4,bdc03ed6bd8abd28
action_dit_adaln_norm1,1c0c,12,1,odd,19,4,3f023eee3d503f0f
action_dit_adaln_norm1,1c0c,12,2,even,19,4,bdec3ed6be493e4f
action_dit_adaln_norm1,1c0c,12,3,odd,19,4,3f2cbdc6bdf03d18
action_dit_adaln_norm1,1c0c,12,4,even,19,4,3db53e0cbe183ea7
action_dit_adaln_norm1,1c0c,12,5,odd,19,4,3ed53e673e093d25
action_dit_adaln_norm1,1c0c,12,6,even,19,4,3e04be5bbe8a3ef8
action_dit_adaln_norm1,1c0c,12,7,odd,19,4,bd303f033e483f01
action_dit_adaln_norm1,1c0c,12,8,even,19,4,be313e283ed43ea0
action_dit_adaln_norm1,1c0c,12,9,odd,19,4,3e563e1a3e803d50
action_dit_adaln_norm1,1c0c,12,10,even,19,4,3e89be4a3da63ce0
action_dit_adaln_norm1,1c0c,12,11,odd,19,4,beab3eb8be3c3f0d
action_dit_adaln_norm1,1c0c,12,12,even,19,4,bea0bd0abdeb3e1c
action_dit_adaln_norm1,1c0c,12,13,odd,19,4,bcc8bf3c3ec1be54
action_dit_adaln_norm1,1c0c,12,14,even,19,4,bd14be3abe4a3d44
action_dit_adaln_norm1,1c0c,12,15,odd,19,4,be9abe493e9fbe40
action_dit_adaln_norm1,1c0c,12,0,even,20,4,bee2beddbdde3eac
action_dit_adaln_norm1,1c0c,12,1,odd,20,4,3f14be4abd72bd4a
action_dit_adaln_norm1,1c0c,12,2,even,20,4,3e42be863ed83e44
action_dit_adaln_norm1,1c0c,12,3,odd,20,4,3eac3ea63cac3e86
action_dit_adaln_norm1,1c0c,12,4,even,20,4,3f13be9d3dd63e18
action_dit_adaln_norm1,1c0c,12,5,odd,20,4,3e893f0dbf27be90
action_dit_adaln_norm1,1c0c,12,6,even,20,4,be27be493ece3e9b
action_dit_adaln_norm1,1c0c,12,7,odd,20,4,3e2cbdabbd8d3e96
action_dit_adaln_norm1,1c0c,12,8,even,20,4,3eba3d983c703ef8
action_dit_adaln_norm1,1c0c,12,9,odd,20,4,bd0ebda5be823d57
action_dit_adaln_norm1,1c0c,12,10,even,20,4,3e66bda83eb8bb20
action_dit_adaln_norm1,1c0c,12,11,odd,20,4,bd543eb9be043f10
action_dit_adaln_norm1,1c0c,12,12,even,20,4,bdc03e823dc03e91
action_dit_adaln_norm1,1c0c,12,13,odd,20,4,bf1abe103e003db8
action_dit_adaln_norm1,1c0c,12,14,even,20,4,3ecfbe933dc03e45
action_dit_adaln_norm1,1c0c,12,15,odd,20,4,bed33e273d103d94
action_dit_adaln_norm1,1c0c,12,0,even,21,4,3ee83d94be263e0a
action_dit_adaln_norm1,1c0c,12,1,odd,21,4,be0abdb03e9e3e1a
action_dit_adaln_norm1,1c0c,12,2,even,21,4,bda43e723e5a3f18
action_dit_adaln_norm1,1c0c,12,3,odd,21,4,3c20be97bf33bec8
action_dit_adaln_norm1,1c0c,12,4,even,21,4,3d86bea6be5ebf02
action_dit_adaln_norm1,1c0c,12,5,odd,21,4,be8b3d303e9cbf12
action_dit_adaln_norm1,1c0c,12,6,even,21,4,be043d47bed23d26
action_dit_adaln_norm1,1c0c,12,7,odd,21,4,3e8ebe10be6b3e3e
action_dit_adaln_norm1,1c0c,12,8,even,21,4,be40be983e9ebe32
action_dit_adaln_norm1,1c0c,12,9,odd,21,4,3c20bf283df6bf08
action_dit_adaln_norm1,1c0c,12,10,even,21,4,3e8f3c88bf283d54
action_dit_adaln_norm1,1c0c,12,11,odd,21,4,3e92be643e673e95
action_dit_adaln_norm1,1c0c,12,12,even,21,4,bf2c3ebbbe90be8a
action_dit_adaln_norm1,1c0c,12,13,odd,21,4,be71bedbbe93be88
action_dit_adaln_norm1,1c0c,12,14,even,21,4,3ee83c10be703e87
action_dit_adaln_norm1,1c0c,12,15,odd,21,4,3d343eb8bb00be8c
action_dit_adaln_norm1,1c0c,12,0,even,22,4,3ddebd20be1c3e42
action_dit_adaln_norm1,1c0c,12,1,odd,22,4,00003d9abc8e3d6c
action_dit_adaln_norm1,1c0c,12,2,even,22,4,3d9cbec8bebe3f06
action_dit_adaln_norm1,1c0c,12,3,odd,22,4,be1abe58bedcbe07
action_dit_adaln_norm1,1c0c,12,4,even,22,4,bea6be783e9cbdc7
action_dit_adaln_norm1,1c0c,12,5,odd,22,4,3e38bdf8be4dbe56
action_dit_adaln_norm1,1c0c,12,6,even,22,4,3e173c903dffbd78
action_dit_adaln_norm1,1c0c,12,7,odd,22,4,3e1fbec93e6d3e1c
action_dit_adaln_norm1,1c0c,12,8,even,22,4,3cc43e1dbdd4bdab
action_dit_adaln_norm1,1c0c,12,9,odd,22,4,3e98beca3e8abc82
action_dit_adaln_norm1,1c0c,12,10,even,22,4,be55bd303ef03df7
action_dit_adaln_norm1,1c0c,12,11,odd,22,4,3eba3e023ea2bdce
action_dit_adaln_norm1,1c0c,12,12,even,22,4,bedc3dee3edc3e9c
action_dit_adaln_norm1,1c0c,12,13,odd,22,4,be95be0abe8b3eb9
action_dit_adaln_norm1,1c0c,12,14,even,22,4,3eb4be0b3e9d3d75
action_dit_adaln_norm1,1c0c,12,15,odd,22,4,be84bdaabe14bd64
action_dit_adaln_norm1,1c0c,12,0,even,23,4,3dee3e873da23e76
action_dit_adaln_norm1,1c0c,12,1,odd,23,4,3e6e3db83d30be26
action_dit_adaln_norm1,1c0c,12,2,even,23,4,be94bd1f3cb8befc
action_dit_adaln_norm1,1c0c,12,3,odd,23,4,bf12be9f3e1b3dcc
action_dit_adaln_norm1,1c0c,12,4,even,23,4,bd3b3ef93e943e09
action_dit_adaln_norm1,1c0c,12,5,odd,23,4,3e15bc203f0e3e04
action_dit_adaln_norm1,1c0c,12,6,even,23,4,bef8be0bbf16bf22
action_dit_adaln_norm1,1c0c,12,7,odd,23,4,bbd03eeabb40bd6c
action_dit_adaln_norm1,1c0c,12,8,even,23,4,becc3e883e4bbe82
action_dit_adaln_norm1,1c0c,12,9,odd,23,4,bf203eb2beecbe30
action_dit_adaln_norm1,1c0c,12,10,even,23,4,3ea4be0e3ec7bd99
action_dit_adaln_norm1,1c0c,12,11,odd,23,4,3e7e3e6b3d49bd74
action_dit_adaln_norm1,1c0c,12,12,even,23,4,3e2b3ecf3d903eb6
action_dit_adaln_norm1,1c0c,12,13,odd,23,4,beac3e9cbcbcbc10
action_dit_adaln_norm1,1c0c,12,14,even,23,4,be96bec33da03e40
action_dit_adaln_norm1,1c0c,12,15,odd,23,4,3b003ea9bdb2be30
action_dit_adaln_norm1,1c0d,13,0,even,0,4,bd243e3ebd433ea6
action_dit_adaln_norm1,1c0d,13,1,odd,0,4,3e643e9ebe643f0c
action_dit_adaln_norm1,1c0d,13,2,even,0,4,be84be333eaa3b20
action_dit_adaln_norm1,1c0d,13,3,odd,0,4,bd88bec9beac3dfe
action_dit_adaln_norm1,1c0d,13,4,even,0,4,bea63dcebe04be86
action_dit_adaln_norm1,1c0d,13,5,odd,0,4,be203ef4be543d9a
action_dit_adaln_norm1,1c0d,13,6,even,0,4,3ecabeea3e893f6e
action_dit_adaln_norm1,1c0d,13,7,odd,0,4,3e293e843e83beb8
action_dit_adaln_norm1,1c0d,13,8,even,0,4,3e1ebe363ec73e4e
action_dit_adaln_norm1,1c0d,13,9,odd,0,4,3edbbebf3f9fbeaa
action_dit_adaln_norm1,1c0d,13,10,even,0,4,be4c3e88beb4be38
action_dit_adaln_norm1,1c0d,13,11,odd,0,4,3ef83e17bdd63e5b
action_dit_adaln_norm1,1c0d,13,12,even,0,4,bf303f3a3e303d14
action_dit_adaln_norm1,1c0d,13,13,odd,0,4,3dc53f4cbe25beac
action_dit_adaln_norm1,1c0d,13,14,even,0,4,bedbbee9be163ed0
action_dit_adaln_norm1,1c0d,13,15,odd,0,4,be7abdcfbe14bc20
action_dit_adaln_norm1,1c0d,13,0,even,1,4,bd9cbda63eb2be04
action_dit_adaln_norm1,1c0d,13,1,odd,1,4,bf043e21be68bf56
action_dit_adaln_norm1,1c0d,13,2,even,1,4,ba80be0b3e58bedf
action_dit_adaln_norm1,1c0d,13,3,odd,1,4,bcf9bd55bf323e3b
action_dit_adaln_norm1,1c0d,13,4,even,1,4,3ece3dccbc803e3b
action_dit_adaln_norm1,1c0d,13,5,odd,1,4,3e24bd6abecabe26
action_dit_adaln_norm1,1c0d,13,6,even,1,4,bdfe3cf83e86bddb
action_dit_adaln_norm1,1c0d,13,7,odd,1,4,be48be5ebe703dc1
action_dit_adaln_norm1,1c0d,13,8,even,1,4,3d893f2abe583e11
action_dit_adaln_norm1,1c0d,13,9,odd,1,4,be2b3eccbe473df8
action_dit_adaln_norm1,1c0d,13,10,even,1,4,3d37be0ebd9cbea5
action_dit_adaln_norm1,1c0d,13,11,odd,1,4,be083f33bd893e82
action_dit_adaln_norm1,1c0d,13,12,even,1,4,3c4abed8be3e3dd2
action_dit_adaln_norm1,1c0d,13,13,odd,1,4,be8b3e2abd86bdfd
action_dit_adaln_norm1,1c0d,13,14,even,1,4,be09be0ebeeebf4f
action_dit_adaln_norm1,1c0d,13,15,odd,1,4,3de43e7ebe003d80
action_dit_adaln_norm1,1c0d,13,0,even,2,4,bc403e2e3dbc3e4d
action_dit_adaln_norm1,1c0d,13,1,odd,2,4,be8ebe913e04bc50
action_dit_adaln_norm1,1c0d,13,2,even,2,4,be563b80bcb0beec
action_dit_adaln_norm1,1c0d,13,3,odd,2,4,be493e6b3db83ebe
action_dit_adaln_norm1,1c0d,13,4,even,2,4,3e8a3e9a3e823e96
action_dit_adaln_norm1,1c0d,13,5,odd,2,4,be7ebebb3db53ec6
action_dit_adaln_norm1,1c0d,13,6,even,2,4,be58beb83d7ebf0a
action_dit_adaln_norm1,1c0d,13,7,odd,2,4,be60bd79bd91be14
action_dit_adaln_norm1,1c0d,13,8,even,2,4,be82be6e3e133ec6
action_dit_adaln_norm1,1c0d,13,9,odd,2,4,3f253dc23db6bf08
action_dit_adaln_norm1,1c0d,13,10,even,2,4,bed0bbcd3ed2bda6
action_dit_adaln_norm1,1c0d,13,11,odd,2,4,3b803ec03e323f3b
action_dit_adaln_norm1,1c0d,13,12,even,2,4,3de0bdd03e18bf06
action_dit_adaln_norm1,1c0d,13,13,odd,2,4,3e5bbddebb00be64
action_dit_adaln_norm1,1c0d,13,14,even,2,4,bdbebc803e6bbe06
action_dit_adaln_norm1,1c0d,13,15,odd,2,4,bbf0be043eb53d82
action_dit_adaln_norm1,1c0d,13,0,even,3,4,beac3f213bb03e0c
action_dit_adaln_norm1,1c0d,13,1,odd,3,4,3ed7bf26be36bef6
action_dit_adaln_norm1,1c0d,13,2,even,3,4,3efabd8ebf37bdf3
action_dit_adaln_norm1,1c0d,13,3,odd,3,4,3e383ef63deabe16
action_dit_adaln_norm1,1c0d,13,4,even,3,4,be823e22bdeb3d18
action_dit_adaln_norm1,1c0d,13,5,odd,3,4,3e653e82beaf3dfd
action_dit_adaln_norm1,1c0d,13,6,even,3,4,3ec7bf2a3e423ecb
action_dit_adaln_norm1,1c0d,13,7,odd,3,4,be093eba3e693f23
action_dit_adaln_norm1,1c0d,13,8,even,3,4,3d0dbf6cbebdbdb2
action_dit_adaln_norm1,1c0d,13,9,odd,3,4,3e5ebeb9be233d14
action_dit_adaln_norm1,1c0d,13,10,even,3,4,3ecbbe56be58bd10
action_dit_adaln_norm1,1c0d,13,11,odd,3,4,bda53e173f60be93
action_dit_adaln_norm1,1c0d,13,12,even,3,4,be53beb23ebd3edd
action_dit_adaln_norm1,1c0d,13,13,odd,3,4,bf40bc703e6cbe4e
action_dit_adaln_norm1,1c0d,13,14,even,3,4,bed3be913e383dbd
action_dit_adaln_norm1,1c0d,13,15,odd,3,4,be28bdb0ba80bd43
action_dit_adaln_norm1,1c0d,13,0,even,4,4,3e7a3e063e05be75
action_dit_adaln_norm1,1c0d,13,1,odd,4,4,be933e07be34bdf7
action_dit_adaln_norm1,1c0d,13,2,even,4,4,be8d3f0e3e14be32
action_dit_adaln_norm1,1c0d,13,3,odd,4,4,3f01be92be2a3ebe
action_dit_adaln_norm1,1c0d,13,4,even,4,4,bf01bcc83f22bf05
action_dit_adaln_norm1,1c0d,13,5,odd,4,4,3ea13eb83e1ebe80
action_dit_adaln_norm1,1c0d,13,6,even,4,4,3cc0bd48be1ebe28
action_dit_adaln_norm1,1c0d,13,7,odd,4,4,be5fbeb73ea23dec
action_dit_adaln_norm1,1c0d,13,8,even,4,4,3e9c3c80bf5b3db4
action_dit_adaln_norm1,1c0d,13,9,odd,4,4,3e49be94bea9bcbc
action_dit_adaln_norm1,1c0d,13,10,even,4,4,3ef03e1cbe3a3e10
action_dit_adaln_norm1,1c0d,13,11,odd,4,4,3dac3f69bf093e02
action_dit_adaln_norm1,1c0d,13,12,even,4,4,3ea33f213ca4bf0d
action_dit_adaln_norm1,1c0d,13,13,odd,4,4,3f04bc04be913d40
action_dit_adaln_norm1,1c0d,13,14,even,4,4,bd18be01be5e3d95
action_dit_adaln_norm1,1c0d,13,15,odd,4,4,bcd8bee0be9abdca
action_dit_adaln_norm1,1c0d,13,0,even,5,4,3f0bbb00bd603e15
action_dit_adaln_norm1,1c0d,13,1,odd,5,4,3e44bda03f11beae
action_dit_adaln_norm1,1c0d,13,2,even,5,4,bf08bef0bdf83e76
action_dit_adaln_norm1,1c0d,13,3,odd,5,4,3d853e8abebabe37
action_dit_adaln_norm1,1c0d,13,4,even,5,4,3ef13a803e673d58
action_dit_adaln_norm1,1c0d,13,5,odd,5,4,3e9cbf4ebef13c26
action_dit_adaln_norm1,1c0d,13,6,even,5,4,bdd3bdc03df03ea2
action_dit_adaln_norm1,1c0d,13,7,odd,5,4,3cd43eb1be4ebd24
action_dit_adaln_norm1,1c0d,13,8,even,5,4,3e9a3d7ebe86bde3
action_dit_adaln_norm1,1c0d,13,9,odd,5,4,3eda3e7f3edcbe59
action_dit_adaln_norm1,1c0d,13,10,even,5,4,3e8a3e1cbe47bdf2
action_dit_adaln_norm1,1c0d,13,11,odd,5,4,3da93e80bee23d20
action_dit_adaln_norm1,1c0d,13,12,even,5,4,3eea3e5fbd683e14
action_dit_adaln_norm1,1c0d,13,13,odd,5,4,be0cbed63e873e9b
action_dit_adaln_norm1,1c0d,13,14,even,5,4,3dfebf1a3ebbbdae
action_dit_adaln_norm1,1c0d,13,15,odd,5,4,3ea3b980bf033e67
action_dit_adaln_norm1,1c0d,13,0,even,6,4,3e07bf3ebe5c3e26
action_dit_adaln_norm1,1c0d,13,1,odd,6,4,bee93dc83ddebd84
action_dit_adaln_norm1,1c0d,13,2,even,6,4,3ef8bd963dd63d0b
action_dit_adaln_norm1,1c0d,13,3,odd,6,4,bdd53e44be0e3eb4
action_dit_adaln_norm1,1c0d,13,4,even,6,4,bd8c3e86bdd93e0e
action_dit_adaln_norm1,1c0d,13,5,odd,6,4,bdf43e563e1ebf0d
action_dit_adaln_norm1,1c0d,13,6,even,6,4,3ed03f03bec93e3f
action_dit_adaln_norm1,1c0d,13,7,odd,6,4,3cdcbe56bb803e28
action_dit_adaln_norm1,1c0d,13,8,even,6,4,3e14beb23e87be0c
action_dit_adaln_norm1,1c0d,13,9,odd,6,4,bf453dc63e6e3e02
action_dit_adaln_norm1,1c0d,13,10,even,6,4,be07bee53d87bed0
action_dit_adaln_norm1,1c0d,13,11,odd,6,4,3f63bedc3ec43dbc
action_dit_adaln_norm1,1c0d,13,12,even,6,4,3e873eca3ece3e89
action_dit_adaln_norm1,1c0d,13,13,odd,6,4,3c683ec23f103dee
action_dit_adaln_norm1,1c0d,13,14,even,6,4,be82bd38bd87be8a
action_dit_adaln_norm1,1c0d,13,15,odd,6,4,3e99bd0a3cf0bdee
action_dit_adaln_norm1,1c0d,13,0,even,7,4,bea93e423e0c3e88
action_dit_adaln_norm1,1c0d,13,1,odd,7,4,bd66bd83bd963c20
action_dit_adaln_norm1,1c0d,13,2,even,7,4,bdfcbd73be08bba0
action_dit_adaln_norm1,1c0d,13,3,odd,7,4,beacbe90bea23dfc
action_dit_adaln_norm1,1c0d,13,4,even,7,4,3e11beb4be1cbe76
action_dit_adaln_norm1,1c0d,13,5,odd,7,4,3cc0be8fbe933cd0
action_dit_adaln_norm1,1c0d,13,6,even,7,4,3e55be5c3e6c3ed9
action_dit_adaln_norm1,1c0d,13,7,odd,7,4,be1a3e46bc94be77
action_dit_adaln_norm1,1c0d,13,8,even,7,4,bb603de23ec93e22
action_dit_adaln_norm1,1c0d,13,9,odd,7,4,3e76bd72be87bd30
action_dit_adaln_norm1,1c0d,13,10,even,7,4,3eb63e123ef23de4
action_dit_adaln_norm1,1c0d,13,11,odd,7,4,3e793d97be0cbddb
action_dit_adaln_norm1,1c0d,13,12,even,7,4,3ca8bcee3c223e1d
action_dit_adaln_norm1,1c0d,13,13,odd,7,4,3ede3d74bf05bdc8
action_dit_adaln_norm1,1c0d,13,14,even,7,4,be96bcb83e0e3efc
action_dit_adaln_norm1,1c0d,13,15,odd,7,4,bf233e753e03bf0a
action_dit_adaln_norm1,1c0d,13,0,even,8,4,3f1abd3e3d89be25
action_dit_adaln_norm1,1c0d,13,1,odd,8,4,bd54bde03c683f04
action_dit_adaln_norm1,1c0d,13,2,even,8,4,3e09bee6bde83d20
action_dit_adaln_norm1,1c0d,13,3,odd,8,4,bf15be9cbf2c3f12
action_dit_adaln_norm1,1c0d,13,4,even,8,4,bdbcbf0f3e19bea5
action_dit_adaln_norm1,1c0d,13,5,odd,8,4,bd12be9dbc10bd7a
action_dit_adaln_norm1,1c0d,13,6,even,8,4,be313e91bee4bed4
action_dit_adaln_norm1,1c0d,13,7,odd,8,4,3d343ddabd99bef2
action_dit_adaln_norm1,1c0d,13,8,even,8,4,3df33f23be26be70
action_dit_adaln_norm1,1c0d,13,9,odd,8,4,3e303e9dbd563e72
action_dit_adaln_norm1,1c0d,13,10,even,8,4,be7c3ecfbf043d08
action_dit_adaln_norm1,1c0d,13,11,odd,8,4,be8bbdbbbeaabe8c
action_dit_adaln_norm1,1c0d,13,12,even,8,4,be94baca3f0ebe3c
action_dit_adaln_norm1,1c0d,13,13,odd,8,4,beec3f103f383eb4
action_dit_adaln_norm1,1c0d,13,14,even,8,4,3dd53d1cbe7e3f07
action_dit_adaln_norm1,1c0d,13,15,odd,8,4,3ea93d0cbe5cbe42
action_dit_adaln_norm1,1c0d,13,0,even,9,4,bdac3ebf3f12bd36
action_dit_adaln_norm1,1c0d,13,1,odd,9,4,3d863f21bf12bc00
action_dit_adaln_norm1,1c0d,13,2,even,9,4,3e4ebe31be603eac
action_dit_adaln_norm1,1c0d,13,3,odd,9,4,bdc2bde33e9e3e1f
action_dit_adaln_norm1,1c0d,13,4,even,9,4,3be03df63c303ea5
action_dit_adaln_norm1,1c0d,13,5,odd,9,4,3e3abe8cbcfd3dd7
action_dit_adaln_norm1,1c0d,13,6,even,9,4,be223e18be2f3e1e
action_dit_adaln_norm1,1c0d,13,7,odd,9,4,3daabcc83ddc3da8
action_dit_adaln_norm1,1c0d,13,8,even,9,4,bd443ea73eca3ed0
action_dit_adaln_norm1,1c0d,13,9,odd,9,4,3e59bd8cbde4bf09
action_dit_adaln_norm1,1c0d,13,10,even,9,4,be893f233ea23e16
action_dit_adaln_norm1,1c0d,13,11,odd,9,4,be15be6b3e42be2e
action_dit_adaln_norm1,1c0d,13,12,even,9,4,bdf2bd36be73bddc
action_dit_adaln_norm1,1c0d,13,13,odd,9,4,3cdebd6dbe4a3d84
action_dit_adaln_norm1,1c0d,13,14,even,9,4,bef83cd4be31bc00
action_dit_adaln_norm1,1c0d,13,15,odd,9,4,3d7a3de4be3bbe74
action_dit_adaln_norm1,1c0d,13,0,even,10,4,bdabbdccbebbbe37
action_dit_adaln_norm1,1c0d,13,1,odd,10,4,bf143e9dbd223ed1
action_dit_adaln_norm1,1c0d,13,2,even,10,4,be203e6cbefbbe5d
action_dit_adaln_norm1,1c0d,13,3,odd,10,4,3de1bd6c3e2c3eda
action_dit_adaln_norm1,1c0d,13,4,even,10,4,bf0abc60bdc2bf22
action_dit_adaln_norm1,1c0d,13,5,odd,10,4,bebcbecdbdbe3df2
action_dit_adaln_norm1,1c0d,13,6,even,10,4,3e783e34be083b80
action_dit_adaln_norm1,1c0d,13,7,odd,10,4,bd40bed1bcaabe97
action_dit_adaln_norm1,1c0d,13,8,even,10,4,3f0abc003d0c3f0f
action_dit_adaln_norm1,1c0d,13,9,odd,10,4,3d703d433e633f26
action_dit_adaln_norm1,1c0d,13,10,even,10,4,beabbee9bf24bece
action_dit_adaln_norm1,1c0d,13,11,odd,10,4,be543e5e3d943d58
action_dit_adaln_norm1,1c0d,13,12,even,10,4,3ecf3d95bebe3c00
action_dit_adaln_norm1,1c0d,13,13,odd,10,4,3e183e323e40bf10
action_dit_adaln_norm1,1c0d,13,14,even,10,4,bd7b3e34bef93e98
action_dit_adaln_norm1,1c0d,13,15,odd,10,4,bb003e873eb93eaa
action_dit_adaln_norm1,1c0d,13,0,even,11,4,3bc03db23c803edc
action_dit_adaln_norm1,1c0d,13,1,odd,11,4,bddebea9bd78be82
action_dit_adaln_norm1,1c0d,13,2,even,11,4,3e9c3dbcbea03ed0
action_dit_adaln_norm1,1c0d,13,3,odd,11,4,be98beef3c94bdd4
action_dit_adaln_norm1,1c0d,13,4,even,11,4,3d8c3e29bd4e3e9c
action_dit_adaln_norm1,1c0d,13,5,odd,11,4,3da2bdb13d8a3f10
action_dit_adaln_norm1,1c0d,13,6,even,11,4,3dcebc88bd83bdeb
action_dit_adaln_norm1,1c0d,13,7,odd,11,4,3eb73e1cbd453e91
action_dit_adaln_norm1,1c0d,13,8,even,11,4,3d24bd30bd64bda4
action_dit_adaln_norm1,1c0d,13,9,odd,11,4,3e2dbe0c3e8abf32
action_dit_adaln_norm1,1c0d,13,10,even,11,4,bf203f66beaabf0c
action_dit_adaln_norm1,1c0d,13,11,odd,11,4,3e343e203d503c68
action_dit_adaln_norm1,1c0d,13,12,even,11,4,3e5cbebc3f0abe5c
action_dit_adaln_norm1,1c0d,13,13,odd,11,4,3ece3e7cbcfe3cee
action_dit_adaln_norm1,1c0d,13,14,even,11,4,bdec3eb23c7ebe96
action_dit_adaln_norm1,1c0d,13,15,odd,11,4,3eb8beacbed23dad
action_dit_adaln_norm1,1c0d,13,0,even,12,4,bf053dd2be8c3d04
action_dit_adaln_norm1,1c0d,13,1,odd,12,4,3eb3be4ebeff3eaa
action_dit_adaln_norm1,1c0d,13,2,even,12,4,bc90be39be9cbe3a
action_dit_adaln_norm1,1c0d,13,3,odd,12,4,bd233ddcbdcbbe12
action_dit_adaln_norm1,1c0d,13,4,even,12,4,3ba0be36bf533e56
action_dit_adaln_norm1,1c0d,13,5,odd,12,4,be223e84bd1dbe90
action_dit_adaln_norm1,1c0d,13,6,even,12,4,3c203d84be29be7c
action_dit_adaln_norm1,1c0d,13,7,odd,12,4,bd36beb0bda3bd8c
action_dit_adaln_norm1,1c0d,13,8,even,12,4,3f4abf0e3e33bde5
action_dit_adaln_norm1,1c0d,13,9,odd,12,4,beaabc933dbabf05
action_dit_adaln_norm1,1c0d,13,10,even,12,4,3f0b3e933da73f31
action_dit_adaln_norm1,1c0d,13,11,odd,12,4,3ee03e1c3f1c3de5
action_dit_adaln_norm1,1c0d,13,12,even,12,4,be78be4d3eacbf1c
action_dit_adaln_norm1,1c0d,13,13,odd,12,4,3e1dbd81bdeabd08
action_dit_adaln_norm1,1c0d,13,14,even,12,4,3e8e3eba3e62bf03
action_dit_adaln_norm1,1c0d,13,15,odd,12,4,3d353e55be59bf11
action_dit_adaln_norm1,1c0d,13,0,even,13,4,3e5fbf263ec4bcf0
action_dit_adaln_norm1,1c0d,13,1,odd,13,4,bd963e49bf4c3e8a
action_dit_adaln_norm1,1c0d,13,2,even,13,4,3cb0beb93dbc3e80
action_dit_adaln_norm1,1c0d,13,3,odd,13,4,3f66bca03e083f2d
action_dit_adaln_norm1,1c0d,13,4,even,13,4,3e1d3e6e3d4c3df8
action_dit_adaln_norm1,1c0d,13,5,odd,13,4,be2e3d003da83e3e
action_dit_adaln_norm1,1c0d,13,6,even,13,4,3ed43ef1bc00bea8
action_dit_adaln_norm1,1c0d,13,7,odd,13,4,bd80bed6bf29be1d
action_dit_adaln_norm1,1c0d,13,8,even,13,4,3eb0bc08bdde3eaf
action_dit_adaln_norm1,1c0d,13,9,odd,13,4,3dbebf1ebf4b3e8d
action_dit_adaln_norm1,1c0d,13,10,even,13,4,3ed33ea63d8e3b70
action_dit_adaln_norm1,1c0d,13,11,odd,13,4,3e4abd0bbc8fbdf6
action_dit_adaln_norm1,1c0d,13,12,even,13,4,3e4dbb80bd99be82
action_dit_adaln_norm1,1c0d,13,13,odd,13,4,3ed63bb0bddabdc3
action_dit_adaln_norm1,1c0d,13,14,even,13,4,3c603e2e3eb6bd2c
action_dit_adaln_norm1,1c0d,13,15,odd,13,4,3da0bda23df63e99
action_dit_adaln_norm1,1c0d,13,0,even,14,4,3e033f3fbe34bcfc
action_dit_adaln_norm1,1c0d,13,1,odd,14,4,3dbabe7cbebe3db0
action_dit_adaln_norm1,1c0d,13,2,even,14,4,be2ebe64bf04be11
action_dit_adaln_norm1,1c0d,13,3,odd,14,4,3e10be4bbea2be6e
action_dit_adaln_norm1,1c0d,13,4,even,14,4,bea13e9b3de43d0d
action_dit_adaln_norm1,1c0d,13,5,odd,14,4,3ddd3ebcbf083e99
action_dit_adaln_norm1,1c0d,13,6,even,14,4,3e943ec1bbf0bc58
action_dit_adaln_norm1,1c0d,13,7,odd,14,4,bea03e8a3e86beab
action_dit_adaln_norm1,1c0d,13,8,even,14,4,3ee0be0abe793e55
action_dit_adaln_norm1,1c0d,13,9,odd,14,4,beba3ed4bd7c3dcd
action_dit_adaln_norm1,1c0d,13,10,even,14,4,bec53ead3d9ebf8b
action_dit_adaln_norm1,1c0d,13,11,odd,14,4,3da83ede3e073e20
action_dit_adaln_norm1,1c0d,13,12,even,14,4,3e243ba8be7bbefb
action_dit_adaln_norm1,1c0d,13,13,odd,14,4,3e053efe3ec3bd56
action_dit_adaln_norm1,1c0d,13,14,even,14,4,3d88be293dddbf18
action_dit_adaln_norm1,1c0d,13,15,odd,14,4,3cd03ce4beaf3ea9
action_dit_adaln_norm1,1c0d,13,0,even,15,4,3d9e3eff3ef23e53
action_dit_adaln_norm1,1c0d,13,1,odd,15,4,3da43be0bdbcbee0
action_dit_adaln_norm1,1c0d,13,2,even,15,4,3ed63e013ee2bf0a
action_dit_adaln_norm1,1c0d,13,3,odd,15,4,be79bd1cbd84bd9c
action_dit_adaln_norm1,1c0d,13,4,even,15,4,3ef2be433eeb3d88
action_dit_adaln_norm1,1c0d,13,5,odd,15,4,be783e22be9d3ea1
action_dit_adaln_norm1,1c0d,13,6,even,15,4,be883ea0bf0f3e1e
action_dit_adaln_norm1,1c0d,13,7,odd,15,4,bef03dc3beaf3e36
action_dit_adaln_norm1,1c0d,13,8,even,15,4,3e3bbde83e7b3e68
action_dit_adaln_norm1,1c0d,13,9,odd,15,4,3e3abdeabe3bbe26
action_dit_adaln_norm1,1c0d,13,10,even,15,4,3f03be183dfabcf0
action_dit_adaln_norm1,1c0d,13,11,odd,15,4,bd9c3e2bbdcb3e2e
action_dit_adaln_norm1,1c0d,13,12,even,15,4,3ed13ea0bec73ea6
action_dit_adaln_norm1,1c0d,13,13,odd,15,4,3f0e3e9f3d12bed4
action_dit_adaln_norm1,1c0d,13,14,even,15,4,be5c3cb0be603e77
action_dit_adaln_norm1,1c0d,13,15,odd,15,4,3e85be053d703efe
action_dit_adaln_norm1,1c0d,13,0,even,16,4,be9e3e4f3ebe3e3e
action_dit_adaln_norm1,1c0d,13,1,odd,16,4,be843e06bf73bec9
action_dit_adaln_norm1,1c0d,13,2,even,16,4,3e463e193e4a3e0c
action_dit_adaln_norm1,1c0d,13,3,odd,16,4,be803f063e943e20
action_dit_adaln_norm1,1c0d,13,4,even,16,4,3e083ebfbe5e3cc3
action_dit_adaln_norm1,1c0d,13,5,odd,16,4,bc80befc3db5bea2
action_dit_adaln_norm1,1c0d,13,6,even,16,4,3df83ea83c803c90
action_dit_adaln_norm1,1c0d,13,7,odd,16,4,beb7be8dbe3bbde2
action_dit_adaln_norm1,1c0d,13,8,even,16,4,be91becfbe83be7c
action_dit_adaln_norm1,1c0d,13,9,odd,16,4,bee4be8ebe303eed
action_dit_adaln_norm1,1c0d,13,10,even,16,4,be0c3e6f3e053ea7
action_dit_adaln_norm1,1c0d,13,11,odd,16,4,be4d3d50bf363ae0
action_dit_adaln_norm1,1c0d,13,12,even,16,4,3e633f163c20bea8
action_dit_adaln_norm1,1c0d,13,13,odd,16,4,3eda3f283dfc3cb4
action_dit_adaln_norm1,1c0d,13,14,even,16,4,3e06be1abe603e74
action_dit_adaln_norm1,1c0d,13,15,odd,16,4,be71be393e81be56
action_dit_adaln_norm1,1c0d,13,0,even,17,4,3ebe3e9a3ea03ea0
action_dit_adaln_norm1,1c0d,13,1,odd,17,4,3e813e3d3e80be89
action_dit_adaln_norm1,1c0d,13,2,even,17,4,3decbe3c3e75bdac
action_dit_adaln_norm1,1c0d,13,3,odd,17,4,3e503eb6be9f3ea7
action_dit_adaln_norm1,1c0d,13,4,even,17,4,3d923ee1bef03eaf
action_dit_adaln_norm1,1c0d,13,5,odd,17,4,3e4ebd8ebea3bd04
action_dit_adaln_norm1,1c0d,13,6,even,17,4,3dd7bf033dc4bdba
action_dit_adaln_norm1,1c0d,13,7,odd,17,4,3de53d103e923f01
action_dit_adaln_norm1,1c0d,13,8,even,17,4,3f05bde4bdcebd38
action_dit_adaln_norm1,1c0d,13,9,odd,17,4,be873ce0be1c3db1
action_dit_adaln_norm1,1c0d,13,10,even,17,4,3d3e3e073e0ebeaf
action_dit_adaln_norm1,1c0d,13,11,odd,17,4,bee43de63e933b80
action_dit_adaln_norm1,1c0d,13,12,even,17,4,bbc0bf19be4b3e9b
action_dit_adaln_norm1,1c0d,13,13,odd,17,4,3f113ee03bb0be92
action_dit_adaln_norm1,1c0d,13,14,even,17,4,be013e7fbe543db4
action_dit_adaln_norm1,1c0d,13,15,odd,17,4,3f00be603ce03e8c
action_dit_adaln_norm1,1c0d,13,0,even,18,4,3f0e3d72bea8be36
action_dit_adaln_norm1,1c0d,13,1,odd,18,4,3dc13e953dcc3ea6
action_dit_adaln_norm1,1c0d,13,2,even,18,4,be10bf04be81bc98
action_dit_adaln_norm1,1c0d,13,3,odd,18,4,bf07be9ebd993f0f
action_dit_adaln_norm1,1c0d,13,4,even,18,4,bedcbf22bc96bd9e
action_dit_adaln_norm1,1c0d,13,5,odd,18,4,3e6dbe113e1e3d78
action_dit_adaln_norm1,1c0d,13,6,even,18,4,3eec3eda3d44be76
action_dit_adaln_norm1,1c0d,13,7,odd,18,4,3e4cbe0abd1b3c28
action_dit_adaln_norm1,1c0d,13,8,even,18,4,3e41be763eadbe80
action_dit_adaln_norm1,1c0d,13,9,odd,18,4,3e7b3cf8bd88bed0
action_dit_adaln_norm1,1c0d,13,10,even,18,4,be123f28be823e48
action_dit_adaln_norm1,1c0d,13,11,odd,18,4,3f103ec03edabe07
action_dit_adaln_norm1,1c0d,13,12,even,18,4,be553f09bda83dc1
action_dit_adaln_norm1,1c0d,13,13,odd,18,4,3e103e7cbdee3d32
action_dit_adaln_norm1,1c0d,13,14,even,18,4,bbc03e9abe56bdf2
action_dit_adaln_norm1,1c0d,13,15,odd,18,4,becdbe14be0d3e1c
action_dit_adaln_norm1,1c0d,13,0,even,19,4,3dc23eccbe0dbd71
action_dit_adaln_norm1,1c0d,13,1,odd,19,4,3e993e953ef93f21
action_dit_adaln_norm1,1c0d,13,2,even,19,4,beb33f38bdc43db6
action_dit_adaln_norm1,1c0d,13,3,odd,19,4,3f2abe94bf003dd8
action_dit_adaln_norm1,1c0d,13,4,even,19,4,3e35bc88be9bbc0c
action_dit_adaln_norm1,1c0d,13,5,odd,19,4,3f0cbe9e3d50bccc
action_dit_adaln_norm1,1c0d,13,6,even,19,4,3e4cbf0ebe423ef4
action_dit_adaln_norm1,1c0d,13,7,odd,19,4,bc003f1c3e3b3f27
action_dit_adaln_norm1,1c0d,13,8,even,19,4,bed23e2e3e5e3e3a
action_dit_adaln_norm1,1c0d,13,9,odd,19,4,3e863c883efabe10
action_dit_adaln_norm1,1c0d,13,10,even,19,4,3d82be46bd843e68
action_dit_adaln_norm1,1c0d,13,11,odd,19,4,bd92bda23e8f3eca
action_dit_adaln_norm1,1c0d,13,12,even,19,4,beea3e843dfebdb9
action_dit_adaln_norm1,1c0d,13,13,odd,19,4,be02bed83f5abe66
action_dit_adaln_norm1,1c0d,13,14,even,19,4,be84bd0d3cbc3e4d
action_dit_adaln_norm1,1c0d,13,15,odd,19,4,be81be893e0dbe8b
action_dit_adaln_norm1,1c0d,13,0,even,20,4,bedc3e2bbe913efc
action_dit_adaln_norm1,1c0d,13,1,odd,20,4,3f0ebe6ebe7b3d43
action_dit_adaln_norm1,1c0d,13,2,even,20,4,3e90be083eccbcc0
action_dit_adaln_norm1,1c0d,13,3,odd,20,4,3e62bec7be793d5e
action_dit_adaln_norm1,1c0d,13,4,even,20,4,bd8ebf203e4a3dba
action_dit_adaln_norm1,1c0d,13,5,odd,20,4,3e163eb6bf34bea2
action_dit_adaln_norm1,1c0d,13,6,even,20,4,be87bf00bd953dd2
action_dit_adaln_norm1,1c0d,13,7,odd,20,4,3eeabe34bdc83dc0
action_dit_adaln_norm1,1c0d,13,8,even,20,4,3e783e723de03e46
action_dit_adaln_norm1,1c0d,13,9,odd,20,4,3dd63e1fbe383e36
action_dit_adaln_norm1,1c0d,13,10,even,20,4,3ec4be673ef3be48
action_dit_adaln_norm1,1c0d,13,11,odd,20,4,be333eaf3c1c3efc
action_dit_adaln_norm1,1c0d,13,12,even,20,4,3d943eb93e8e3e96
action_dit_adaln_norm1,1c0d,13,13,odd,20,4,bf26bdd43cbcbe86
action_dit_adaln_norm1,1c0d,13,14,even,20,4,3f14bed33f0b3e13
action_dit_adaln_norm1,1c0d,13,15,odd,20,4,bef23d48be21bea8
action_dit_adaln_norm1,1c0d,13,0,even,21,4,3e9d3dfc3e853e9a
action_dit_adaln_norm1,1c0d,13,1,odd,21,4,3ddebe723de83dfe
action_dit_adaln_norm1,1c0d,13,2,even,21,4,be853e77bec83f61
action_dit_adaln_norm1,1c0d,13,3,odd,21,4,be0dbde5bf50bec9
action_dit_adaln_norm1,1c0d,13,4,even,21,4,3cbcbd98be51be9c
action_dit_adaln_norm1,1c0d,13,5,odd,21,4,bec63cd83d4ebeec
action_dit_adaln_norm1,1c0d,13,6,even,21,4,3e893d86be6a3e2e
action_dit_adaln_norm1,1c0d,13,7,odd,21,4,be65bf25be213e62
action_dit_adaln_norm1,1c0d,13,8,even,21,4,be42be323ec23cf0
action_dit_adaln_norm1,1c0d,13,9,odd,21,4,bec2bf163eb4bf09
action_dit_adaln_norm1,1c0d,13,10,even,21,4,3e723e80bf46bdb6
action_dit_adaln_norm1,1c0d,13,11,odd,21,4,bce0be6f3ea83e4d
action_dit_adaln_norm1,1c0d,13,12,even,21,4,bea43e1bbe40beb9
action_dit_adaln_norm1,1c0d,13,13,odd,21,4,be94be1c3c803d12
action_dit_adaln_norm1,1c0d,13,14,even,21,4,3ef0bd17bda13e38
action_dit_adaln_norm1,1c0d,13,15,odd,21,4,3e22bd103ebfbeea
action_dit_adaln_norm1,1c0d,13,0,even,22,4,3e423e2c3ce03ec8
action_dit_adaln_norm1,1c0d,13,1,odd,22,4,3e983d843daa3e46
action_dit_adaln_norm1,1c0d,13,2,even,22,4,bc00be9abe903e7f
action_dit_adaln_norm1,1c0d,13,3,odd,22,4,be7cbe18beb53d88
action_dit_adaln_norm1,1c0d,13,4,even,22,4,bf293ca03e5c3e6f
action_dit_adaln_norm1,1c0d,13,5,odd,22,4,3a80bf02bdb4bdc5
action_dit_adaln_norm1,1c0d,13,6,even,22,4,bde03e25be943cbd
action_dit_adaln_norm1,1c0d,13,7,odd,22,4,bcc8bee73e833e9a
action_dit_adaln_norm1,1c0d,13,8,even,22,4,3c103e163d7f3e10
action_dit_adaln_norm1,1c0d,13,9,odd,22,4,3e1cbf0abd643ea1
action_dit_adaln_norm1,1c0d,13,10,even,22,4,ba80be343ed3bd61
action_dit_adaln_norm1,1c0d,13,11,odd,22,4,3ed3bce03e70be94
action_dit_adaln_norm1,1c0d,13,12,even,22,4,bf193ecb3ee23eb5
action_dit_adaln_norm1,1c0d,13,13,odd,22,4,be783de8bdec3e2f
action_dit_adaln_norm1,1c0d,13,14,even,22,4,3ee8bf1c3e8fbe91
action_dit_adaln_norm1,1c0d,13,15,odd,22,4,be6dbed3be963dbc
action_dit_adaln_norm1,1c0d,13,0,even,23,4,3e1e3dae3d953e61
action_dit_adaln_norm1,1c0d,13,1,odd,23,4,3ed03e983ca8bdbe
action_dit_adaln_norm1,1c0d,13,2,even,23,4,3db03e91bdcabee2
action_dit_adaln_norm1,1c0d,13,3,odd,23,4,bef0be0cbdffbdf8
action_dit_adaln_norm1,1c0d,13,4,even,23,4,3d6a3e113eb2bd33
action_dit_adaln_norm1,1c0d,13,5,odd,23,4,bdbabe393f1c3dca
action_dit_adaln_norm1,1c0d,13,6,even,23,4,bf2cbe8ebf14bf38
action_dit_adaln_norm1,1c0d,13,7,odd,23,4,3e6c3e823e30be38
action_dit_adaln_norm1,1c0d,13,8,even,23,4,be3c3dbebd143e59
action_dit_adaln_norm1,1c0d,13,9,odd,23,4,bee03d60beda3eaa
action_dit_adaln_norm1,1c0d,13,10,even,23,4,3ed53e3e3ebebe50
action_dit_adaln_norm1,1c0d,13,11,odd,23,4,bdb4be1c3e5abd60
action_dit_adaln_norm1,1c0d,13,12,even,23,4,3ea03ed53ceb3eb5
action_dit_adaln_norm1,1c0d,13,13,odd,23,4,bd303d2d3dfd3ea2
action_dit_adaln_norm1,1c0d,13,14,even,23,4,bdc4bf15be6a3e46
action_dit_adaln_norm1,1c0d,13,15,odd,23,4,be173db0be45be18
action_dit_adaln_norm1,1c0e,14,0,even,0,4,be9abc40bee63ebc
action_dit_adaln_norm1,1c0e,14,1,odd,0,4,3e0f3ed93d703f3d
action_dit_adaln_norm1,1c0e,14,2,even,0,4,bd163dc13e983cb4
action_dit_adaln_norm1,1c0e,14,3,odd,0,4,bdddbdecbf013e73
action_dit_adaln_norm1,1c0e,14,4,even,0,4,bf04be02bd92bda8
action_dit_adaln_norm1,1c0e,14,5,odd,0,4,3d8f3e8abeadbe6a
action_dit_adaln_norm1,1c0e,14,6,even,0,4,3e94befa3dc33f04
action_dit_adaln_norm1,1c0e,14,7,odd,0,4,3d283e183e35be3b
action_dit_adaln_norm1,1c0e,14,8,even,0,4,3cbabe063ecd3e82
action_dit_adaln_norm1,1c0e,14,9,odd,0,4,3eadbd403f67be02
action_dit_adaln_norm1,1c0e,14,10,even,0,4,3de23dafbe87be23
action_dit_adaln_norm1,1c0e,14,11,odd,0,4,3ee33f023b403dd4
action_dit_adaln_norm1,1c0e,14,12,even,0,4,beda3eca3e703e0f
action_dit_adaln_norm1,1c0e,14,13,odd,0,4,3e263f5cbdd8bf10
action_dit_adaln_norm1,1c0e,14,14,even,0,4,bec6bf0dbdbc3f2c
action_dit_adaln_norm1,1c0e,14,15,odd,0,4,be7c3dabbf01be38
action_dit_adaln_norm1,1c0e,14,0,even,1,4,bd803dc93e96beb3
action_dit_adaln_norm1,1c0e,14,1,odd,1,4,bee43eca3e7cbf39
action_dit_adaln_norm1,1c0e,14,2,even,1,4,bea03e323e8abe93
action_dit_adaln_norm1,1c0e,14,3,odd,1,4,3eaebe5cbedb3dcc
action_dit_adaln_norm1,1c0e,14,4,even,1,4,3e99bdb8bdbe3d90
action_dit_adaln_norm1,1c0e,14,5,odd,1,4,3ee4be87bec43d30
action_dit_adaln_norm1,1c0e,14,6,even,1,4,be2abdb23f31be0c
action_dit_adaln_norm1,1c0e,14,7,odd,1,4,bddcbeafbeae3e85
action_dit_adaln_norm1,1c0e,14,8,even,1,4,3e153f01beaf3ea9
action_dit_adaln_norm1,1c0e,14,9,odd,1,4,bf013e65be343d30
action_dit_adaln_norm1,1c0e,14,10,even,1,4,3c903cc0bc50bea6
action_dit_adaln_norm1,1c0e,14,11,odd,1,4,bec93f6abe703d94
action_dit_adaln_norm1,1c0e,14,12,even,1,4,3dccbf29bd503eb7
action_dit_adaln_norm1,1c0e,14,13,odd,1,4,bee93e89be5cbde7
action_dit_adaln_norm1,1c0e,14,14,even,1,4,bef8bf18be90bf3d
action_dit_adaln_norm1,1c0e,14,15,odd,1,4,3e1a3f01bc2c3dcd
action_dit_adaln_norm1,1c0e,14,0,even,2,4,3e373dce3de63d86
action_dit_adaln_norm1,1c0e,14,1,odd,2,4,bf14be653e98bc88
action_dit_adaln_norm1,1c0e,14,2,even,2,4,3d993db1bcc2bed4
action_dit_adaln_norm1,1c0e,14,3,odd,2,4,3c6c3e8e3e323f1e
action_dit_adaln_norm1,1c0e,14,4,even,2,4,3d94bd783e8d3eb1
action_dit_adaln_norm1,1c0e,14,5,odd,2,4,be13be843efa3f15
action_dit_adaln_norm1,1c0e,14,6,even,2,4,bf1cbde73ebfbe8b
action_dit_adaln_norm1,1c0e,14,7,odd,2,4,bf16bd8c3e903cb2
action_dit_adaln_norm1,1c0e,14,8,even,2,4,be44be80bcb43e5e
action_dit_adaln_norm1,1c0e,14,9,odd,2,4,3e9abd503e22beda
action_dit_adaln_norm1,1c0e,14,10,even,2,4,bee53d2a3e8f3e47
action_dit_adaln_norm1,1c0e,14,11,odd,2,4,3ed4bce43d9b3ee3
action_dit_adaln_norm1,1c0e,14,12,even,2,4,be64be883e11be3a
action_dit_adaln_norm1,1c0e,14,13,odd,2,4,3e593e8abdd0beb0
action_dit_adaln_norm1,1c0e,14,14,even,2,4,3d043e963e92be63
action_dit_adaln_norm1,1c0e,14,15,odd,2,4,3ebabe523eab3f42
action_dit_adaln_norm1,1c0e,14,0,even,3,4,bea13eebbe18be89
action_dit_adaln_norm1,1c0e,14,1,odd,3,4,3eb4bf04becbbebe
action_dit_adaln_norm1,1c0e,14,2,even,3,4,3ef4bd54bebcbe8b
action_dit_adaln_norm1,1c0e,14,3,odd,3,4,3ed43e433e60bc80
action_dit_adaln_norm1,1c0e,14,4,even,3,4,bedb3eb9bea23dfc
action_dit_adaln_norm1,1c0e,14,5,odd,3,4,3d2c3df83e90bde0
action_dit_adaln_norm1,1c0e,14,6,even,3,4,3e48bec73e103e1f
action_dit_adaln_norm1,1c0e,14,7,odd,3,4,3ea03eea3e593efc
action_dit_adaln_norm1,1c0e,14,8,even,3,4,3d43bf06be31bedc
action_dit_adaln_norm1,1c0e,14,9,odd,3,4,bd18bedabebe3e4c
action_dit_adaln_norm1,1c0e,14,10,even,3,4,3f13bde0bed23f10
action_dit_adaln_norm1,1c0e,14,11,odd,3,4,3de23eac3f3cbd7a
action_dit_adaln_norm1,1c0e,14,12,even,3,4,be67bee63e863e41
action_dit_adaln_norm1,1c0e,14,13,odd,3,4,bf25be943e85be47
action_dit_adaln_norm1,1c0e,14,14,even,3,4,beb6be743e6e3d6e
action_dit_adaln_norm1,1c0e,14,15,odd,3,4,be1fbca43e673e2c
action_dit_adaln_norm1,1c0e,14,0,even,4,4,3d7c3e1b3e3abe56
action_dit_adaln_norm1,1c0e,14,1,odd,4,4,beca3dc0be8a3cc6
action_dit_adaln_norm1,1c0e,14,2,even,4,4,be493f0b3d8cbe57
action_dit_adaln_norm1,1c0e,14,3,odd,4,4,3e87be1e3db93eae
action_dit_adaln_norm1,1c0e,14,4,even,4,4,beefbb403e71be91
action_dit_adaln_norm1,1c0e,14,5,odd,4,4,3e123e493eaabe53
action_dit_adaln_norm1,1c0e,14,6,even,4,4,be0fbf14be9ebdea
action_dit_adaln_norm1,1c0e,14,7,odd,4,4,3cd0bea13d383d72
action_dit_adaln_norm1,1c0e,14,8,even,4,4,3dca3dc6bf4c3b00
action_dit_adaln_norm1,1c0e,14,9,odd,4,4,3eb1be59be9bbc70
action_dit_adaln_norm1,1c0e,14,10,even,4,4,3f203efa3d583cc8
action_dit_adaln_norm1,1c0e,14,11,odd,4,4,bd4a3e24bec03dd0
action_dit_adaln_norm1,1c0e,14,12,even,4,4,3ec23f0b3cd0bec3
action_dit_adaln_norm1,1c0e,14,13,odd,4,4,3ee5bf22bf14bdf4
action_dit_adaln_norm1,1c0e,14,14,even,4,4,be3ebda23d82beec
action_dit_adaln_norm1,1c0e,14,15,odd,4,4,3c903e3ebe22be04
action_dit_adaln_norm1,1c0e,14,0,even,5,4,3e45be083d5d3dd2
action_dit_adaln_norm1,1c0e,14,1,odd,5,4,3eda3e423eb1bdde
action_dit_adaln_norm1,1c0e,14,2,even,5,4,beb6bf08be1a3d72
action_dit_adaln_norm1,1c0e,14,3,odd,5,4,bea43e21be2a3db2
action_dit_adaln_norm1,1c0e,14,4,even,5,4,3f18bf1f3ec53df4
action_dit_adaln_norm1,1c0e,14,5,odd,5,4,3ea4bf50be86bea5
action_dit_adaln_norm1,1c0e,14,6,even,5,4,be383e1b3e843e06
action_dit_adaln_norm1,1c0e,14,7,odd,5,4,3e703f023c903da3
action_dit_adaln_norm1,1c0e,14,8,even,5,4,3db63ebbbe963c8c
action_dit_adaln_norm1,1c0e,14,9,odd,5,4,3ec03e7c3ebebe90
action_dit_adaln_norm1,1c0e,14,10,even,5,4,3e2fbdecbefebd68
action_dit_adaln_norm1,1c0e,14,11,odd,5,4,3d0d3e86befc3d00
action_dit_adaln_norm1,1c0e,14,12,even,5,4,3ec8bd913e16bdf4
action_dit_adaln_norm1,1c0e,14,13,odd,5,4,be83bd763e183ea7
action_dit_adaln_norm1,1c0e,14,14,even,5,4,3e05be92be3abd6a
action_dit_adaln_norm1,1c0e,14,15,odd,5,4,3ed3be98bebc3d04
action_dit_adaln_norm1,1c0e,14,0,even,6,4,bebebed9be0e3e70
action_dit_adaln_norm1,1c0e,14,1,odd,6,4,be7c3eff3e6d3e3d
action_dit_adaln_norm1,1c0e,14,2,even,6,4,3f0f3dbd3d7e3d9b
action_dit_adaln_norm1,1c0e,14,3,odd,6,4,3d343d7cbdda3e80
action_dit_adaln_norm1,1c0e,14,4,even,6,4,be8b3db9bccabd80
action_dit_adaln_norm1,1c0e,14,5,odd,6,4,3ebe3ee8bd9bbd2c
action_dit_adaln_norm1,1c0e,14,6,even,6,4,3dd63ec0bc903d7a
action_dit_adaln_norm1,1c0e,14,7,odd,6,4,bba0becfbd603e90
action_dit_adaln_norm1,1c0e,14,8,even,6,4,bc60be873e47be62
action_dit_adaln_norm1,1c0e,14,9,odd,6,4,bee73b803eec3cc0
action_dit_adaln_norm1,1c0e,14,10,even,6,4,be9ebe8d3eba3ce0
action_dit_adaln_norm1,1c0e,14,11,odd,6,4,3f14bf0f3d8e3e23
action_dit_adaln_norm1,1c0e,14,12,even,6,4,3e883f033dd53ebb
action_dit_adaln_norm1,1c0e,14,13,odd,6,4,be713e8f3ed03ca8
action_dit_adaln_norm1,1c0e,14,14,even,6,4,bee73c623ec5bee3
action_dit_adaln_norm1,1c0e,14,15,odd,6,4,3e7cbdae3e56be76
action_dit_adaln_norm1,1c0e,14,0,even,7,4,be1c3e5ebd683df5
action_dit_adaln_norm1,1c0e,14,1,odd,7,4,be86bdadbddc3cd0
action_dit_adaln_norm1,1c0e,14,2,even,7,4,bce9be26bdacbd9c
action_dit_adaln_norm1,1c0e,14,3,odd,7,4,be863d48be40be19
action_dit_adaln_norm1,1c0e,14,4,even,7,4,3ec2bf11bf36becc
action_dit_adaln_norm1,1c0e,14,5,odd,7,4,be87be96be053dda
action_dit_adaln_norm1,1c0e,14,6,even,7,4,bc8cbdb3bda53ecf
action_dit_adaln_norm1,1c0e,14,7,odd,7,4,3e5e3ddc3e0abe5b
action_dit_adaln_norm1,1c0e,14,8,even,7,4,3e143d683dfc3dff
action_dit_adaln_norm1,1c0e,14,9,odd,7,4,3cb0bced3ba8bdd7
action_dit_adaln_norm1,1c0e,14,10,even,7,4,3e963d503f1a3f0c
action_dit_adaln_norm1,1c0e,14,11,odd,7,4,3cd4bd8bbe663ecf
action_dit_adaln_norm1,1c0e,14,12,even,7,4,bed23cb83eafbdac
action_dit_adaln_norm1,1c0e,14,13,odd,7,4,3f063e3b3d94be22
action_dit_adaln_norm1,1c0e,14,14,even,7,4,bebebe303e503ec0
action_dit_adaln_norm1,1c0e,14,15,odd,7,4,bf2abdeb3ec4bed3
action_dit_adaln_norm1,1c0e,14,0,even,8,4,3ddc3e383e32becc
action_dit_adaln_norm1,1c0e,14,1,odd,8,4,be8abd68be843e75
action_dit_adaln_norm1,1c0e,14,2,even,8,4,3efcbe6abeac3f17
action_dit_adaln_norm1,1c0e,14,3,odd,8,4,bf37bf62bf093f0f
action_dit_adaln_norm1,1c0e,14,4,even,8,4,3e85befcbe30becb
action_dit_adaln_norm1,1c0e,14,5,odd,8,4,be41bec4be533c98
action_dit_adaln_norm1,1c0e,14,6,even,8,4,bd783ea0bf06beb8
action_dit_adaln_norm1,1c0e,14,7,odd,8,4,3ed53c99be15bf0a
action_dit_adaln_norm1,1c0e,14,8,even,8,4,3d8e3f26be7bbec9
action_dit_adaln_norm1,1c0e,14,9,odd,8,4,3e743ec83ef23e78
action_dit_adaln_norm1,1c0e,14,10,even,8,4,be753ed7bf23be42
action_dit_adaln_norm1,1c0e,14,11,odd,8,4,beeebdf2beb7bed0
action_dit_adaln_norm1,1c0e,14,12,even,8,4,3da2bdb43e37be1a
action_dit_adaln_norm1,1c0e,14,13,odd,8,4,befa3f003f603d9e
action_dit_adaln_norm1,1c0e,14,14,even,8,4,bd573df8be9a3f04
action_dit_adaln_norm1,1c0e,14,15,odd,8,4,3e3fbe58bd5cbec0
action_dit_adaln_norm1,1c0e,14,0,even,9,4,3e523f183f58be44
action_dit_adaln_norm1,1c0e,14,1,odd,9,4,3d423f33bf13bcb0
action_dit_adaln_norm1,1c0e,14,2,even,9,4,3de9be01be6a3ead
action_dit_adaln_norm1,1c0e,14,3,odd,9,4,bcd83d743e1c3f14
action_dit_adaln_norm1,1c0e,14,4,even,9,4,bddc3d68be263f1a
action_dit_adaln_norm1,1c0e,14,5,odd,9,4,3d76bea6be533e2a
action_dit_adaln_norm1,1c0e,14,6,even,9,4,bc203ecdbe2d3ee6
action_dit_adaln_norm1,1c0e,14,7,odd,9,4,bdafbea1be253e05
action_dit_adaln_norm1,1c0e,14,8,even,9,4,bdfbbdac3dd03cb4
action_dit_adaln_norm1,1c0e,14,9,odd,9,4,3d04be553d0ebe78
action_dit_adaln_norm1,1c0e,14,10,even,9,4,be983e7c3e7c3cb8
action_dit_adaln_norm1,1c0e,14,11,odd,9,4,3e5abe933eaabe93
action_dit_adaln_norm1,1c0e,14,12,even,9,4,bd7bbe3fbe6cbedc
action_dit_adaln_norm1,1c0e,14,13,odd,9,4,be443e8ebe0dbdf7
action_dit_adaln_norm1,1c0e,14,14,even,9,4,bf42bdd93e5f3e50
action_dit_adaln_norm1,1c0e,14,15,odd,9,4,bdce3d48bdb7be7d
action_dit_adaln_norm1,1c0e,14,0,even,10,4,bdf13dfabf02be0d
action_dit_adaln_norm1,1c0e,14,1,odd,10,4,bf023d103e903ee0
action_dit_adaln_norm1,1c0e,14,2,even,10,4,3dc63df6be04be7d
action_dit_adaln_norm1,1c0e,14,3,odd,10,4,bec4be6d3e723e65
action_dit_adaln_norm1,1c0e,14,4,even,10,4,bf223eb93d78bf08
action_dit_adaln_norm1,1c0e,14,5,odd,10,4,bd26bedebed03c84
action_dit_adaln_norm1,1c0e,14,6,even,10,4,3e8cbf0a3e983d22
action_dit_adaln_norm1,1c0e,14,7,odd,10,4,be34bee6be573c30
action_dit_adaln_norm1,1c0e,14,8,even,10,4,3f083ea5beb23ee0
action_dit_adaln_norm1,1c0e,14,9,odd,10,4,3eca3d0b3e823f76
action_dit_adaln_norm1,1c0e,14,10,even,10,4,bdf1be36be84bef0
action_dit_adaln_norm1,1c0e,14,11,odd,10,4,beba3f3ebd92bdf8
action_dit_adaln_norm1,1c0e,14,12,even,10,4,3e9a3e3bbe7d3bc0
action_dit_adaln_norm1,1c0e,14,13,odd,10,4,3d433eb03ed7bed1
action_dit_adaln_norm1,1c0e,14,14,even,10,4,bdb93e93bee33e48
action_dit_adaln_norm1,1c0e,14,15,odd,10,4,3e3c3d443d9d3e5c
action_dit_adaln_norm1,1c0e,14,0,even,11,4,be00be32bed13f23
action_dit_adaln_norm1,1c0e,14,1,odd,11,4,be87bf0bbe99be06
action_dit_adaln_norm1,1c0e,14,2,even,11,4,3d35bdb7bed33f09
action_dit_adaln_norm1,1c0e,14,3,odd,11,4,bdc2be543d163d58
action_dit_adaln_norm1,1c0e,14,4,even,11,4,3d8cbca0bdb23ef1
action_dit_adaln_norm1,1c0e,14,5,odd,11,4,3e413de73dd63eef
action_dit_adaln_norm1,1c0e,14,6,even,11,4,bd20bbe03e5e3db7
action_dit_adaln_norm1,1c0e,14,7,odd,11,4,3e713e9abe563f00
action_dit_adaln_norm1,1c0e,14,8,even,11,4,befcbe7abcb0be01
action_dit_adaln_norm1,1c0e,14,9,odd,11,4,3d943e883d84bf3c
action_dit_adaln_norm1,1c0e,14,10,even,11,4,bf2b3f18becbbdd7
action_dit_adaln_norm1,1c0e,14,11,odd,11,4,3ec5bd60bd4c3e4a
action_dit_adaln_norm1,1c0e,14,12,even,11,4,3ddcbee43f1ebc20
action_dit_adaln_norm1,1c0e,14,13,odd,11,4,3ea13ec9be6b3d75
action_dit_adaln_norm1,1c0e,14,14,even,11,4,bd8e3ed8bdb9beef
action_dit_adaln_norm1,1c0e,14,15,odd,11,4,3defbe51bec13d22
action_dit_adaln_norm1,1c0e,14,0,even,12,4,be8f3de2be893e86
action_dit_adaln_norm1,1c0e,14,1,odd,12,4,3ef1bdf4bf2f3edc
action_dit_adaln_norm1,1c0e,14,2,even,12,4,be15be01bf17bedc
action_dit_adaln_norm1,1c0e,14,3,odd,12,4,3e783e2bbdbe3e3e
action_dit_adaln_norm1,1c0e,14,4,even,12,4,3d60be8ebf803f0a
action_dit_adaln_norm1,1c0e,14,5,odd,12,4,bf053eee3dfbbea2
action_dit_adaln_norm1,1c0e,14,6,even,12,4,be2d3db53dd8be0e
action_dit_adaln_norm1,1c0e,14,7,odd,12,4,bda0bea0be703c8c
action_dit_adaln_norm1,1c0e,14,8,even,12,4,3f6cbf143db8be2b
action_dit_adaln_norm1,1c0e,14,9,odd,12,4,bf16be553d88beba
action_dit_adaln_norm1,1c0e,14,10,even,12,4,3ebf3e98be3e3efc
action_dit_adaln_norm1,1c0e,14,11,odd,12,4,3ec2bdf63f073e99
action_dit_adaln_norm1,1c0e,14,12,even,12,4,be6f3da03e9abebe
action_dit_adaln_norm1,1c0e,14,13,odd,12,4,3ca0be32bc263e68
action_dit_adaln_norm1,1c0e,14,14,even,12,4,3efc3e0c3e3abf24
action_dit_adaln_norm1,1c0e,14,15,odd,12,4,3e823eccbe92bf0c
action_dit_adaln_norm1,1c0e,14,0,even,13,4,3e97bee23ef0bda8
action_dit_adaln_norm1,1c0e,14,1,odd,13,4,be1e3d22befc3ecd
action_dit_adaln_norm1,1c0e,14,2,even,13,4,be67bec83dcbbe10
action_dit_adaln_norm1,1c0e,14,3,odd,13,4,3f5e3e593ebc3f36
action_dit_adaln_norm1,1c0e,14,4,even,13,4,3d063eb8bdedbda0
action_dit_adaln_norm1,1c0e,14,5,odd,13,4,bdd2bdc83e723ec2
action_dit_adaln_norm1,1c0e,14,6,even,13,4,3d943e3f3c00bf25
action_dit_adaln_norm1,1c0e,14,7,odd,13,4,bd8fbefcbefcbe86
action_dit_adaln_norm1,1c0e,14,8,even,13,4,3e18bc80bdfe3e96
action_dit_adaln_norm1,1c0e,14,9,odd,13,4,be49beb1bf10bd60
action_dit_adaln_norm1,1c0e,14,10,even,13,4,3f18bde93e2c3ed9
action_dit_adaln_norm1,1c0e,14,11,odd,13,4,3ebb3db4bdffbdf3
action_dit_adaln_norm1,1c0e,14,12,even,13,4,be973decbd96bf08
action_dit_adaln_norm1,1c0e,14,13,odd,13,4,3f223deebee8be20
action_dit_adaln_norm1,1c0e,14,14,even,13,4,3e3b3de73dd4bd30
action_dit_adaln_norm1,1c0e,14,15,odd,13,4,3e1dbe3fbd793ee6
action_dit_adaln_norm1,1c0e,14,0,even,14,4,3e703f68bdfc3e67
action_dit_adaln_norm1,1c0e,14,1,odd,14,4,3da5be15bddebe38
action_dit_adaln_norm1,1c0e,14,2,even,14,4,be3cbdcbbeb8be40
action_dit_adaln_norm1,1c0e,14,3,odd,14,4,3e81bf00bd94be1a
action_dit_adaln_norm1,1c0e,14,4,even,14,4,be9a3e4b3daa3e2d
action_dit_adaln_norm1,1c0e,14,5,odd,14,4,3dae3e31bef83ec1
action_dit_adaln_norm1,1c0e,14,6,even,14,4,3e2a3ede3e173dd2
action_dit_adaln_norm1,1c0e,14,7,odd,14,4,bd243da33e7cbed5
action_dit_adaln_norm1,1c0e,14,8,even,14,4,3ec6bd27bec9bd78
action_dit_adaln_norm1,1c0e,14,9,odd,14,4,beaf3ef4bea03e73
action_dit_adaln_norm1,1c0e,14,10,even,14,4,bea53e873e8abf5f
action_dit_adaln_norm1,1c0e,14,11,odd,14,4,3e4a3d743e5cbdf6
action_dit_adaln_norm1,1c0e,14,12,even,14,4,3e1f3e78bef9befa
action_dit_adaln_norm1,1c0e,14,13,odd,14,4,3e6f3f2c3e8d3eb0
action_dit_adaln_norm1,1c0e,14,14,even,14,4,be323ca03ecbbf5d
action_dit_adaln_norm1,1c0e,14,15,odd,14,4,3db13e68beec3efa
action_dit_adaln_norm1,1c0e,14,0,even,15,4,bec83ef33f063ee3
action_dit_adaln_norm1,1c0e,14,1,odd,15,4,3f393e4ebde4be7c
action_dit_adaln_norm1,1c0e,14,2,even,15,4,3e64bc203ee4bea8
action_dit_adaln_norm1,1c0e,14,3,odd,15,4,bd973d98be933eb2
action_dit_adaln_norm1,1c0e,14,4,even,15,4,3f043d5c3e8ebce8
action_dit_adaln_norm1,1c0e,14,5,odd,15,4,3d553ee8bf283e19
action_dit_adaln_norm1,1c0e,14,6,even,15,4,bbe03de3bea43d80
action_dit_adaln_norm1,1c0e,14,7,odd,15,4,bea33cc0bf123ec5
action_dit_adaln_norm1,1c0e,14,8,even,15,4,3dfd3e833ea73e20
action_dit_adaln_norm1,1c0e,14,9,odd,15,4,3daabddfbe203eab
action_dit_adaln_norm1,1c0e,14,10,even,15,4,3e21bf133dc6be4d
action_dit_adaln_norm1,1c0e,14,11,odd,15,4,be7b3dcd3db4bded
action_dit_adaln_norm1,1c0e,14,12,even,15,4,3dbc3e54be983f32
action_dit_adaln_norm1,1c0e,14,13,odd,15,4,3ea03d893d8cbec7
action_dit_adaln_norm1,1c0e,14,14,even,15,4,bf03bca8be803d94
action_dit_adaln_norm1,1c0e,14,15,odd,15,4,3d3cbe923d743ee1
action_dit_adaln_norm1,1c0e,14,0,even,16,4,be623bc03df93e33
action_dit_adaln_norm1,1c0e,14,1,odd,16,4,becf3e92bf34bef9
action_dit_adaln_norm1,1c0e,14,2,even,16,4,3e623e513eab3e46
action_dit_adaln_norm1,1c0e,14,3,odd,16,4,3ea43ef73f053e54
action_dit_adaln_norm1,1c0e,14,4,even,16,4,3e903dd53e9dbe46
action_dit_adaln_norm1,1c0e,14,5,odd,16,4,bcc8be843e35bdc8
action_dit_adaln_norm1,1c0e,14,6,even,16,4,3d903eddbcfc3e14
action_dit_adaln_norm1,1c0e,14,7,odd,16,4,3e00bf02bcc03bd8
action_dit_adaln_norm1,1c0e,14,8,even,16,4,bf04beb4bf02be25
action_dit_adaln_norm1,1c0e,14,9,odd,16,4,bec9bdaabd083efa
action_dit_adaln_norm1,1c0e,14,10,even,16,4,bed83eb43ea43e2b
action_dit_adaln_norm1,1c0e,14,11,odd,16,4,be503eddbf423d20
action_dit_adaln_norm1,1c0e,14,12,even,16,4,bce33ec7be64be8c
action_dit_adaln_norm1,1c0e,14,13,odd,16,4,3ea73f383e40bd8c
action_dit_adaln_norm1,1c0e,14,14,even,16,4,3d00bc94be6d3da8
action_dit_adaln_norm1,1c0e,14,15,odd,16,4,3ca4bf243e14bebc
action_dit_adaln_norm1,1c0e,14,0,even,17,4,bd383eec3e683d34
action_dit_adaln_norm1,1c0e,14,1,odd,17,4,3edd3edd3e2ebdd9
action_dit_adaln_norm1,1c0e,14,2,even,17,4,3db8bf27bca8be10
action_dit_adaln_norm1,1c0e,14,3,odd,17,4,3e863e72bdac3e04
action_dit_adaln_norm1,1c0e,14,4,even,17,4,bc683ef0bebe3e9a
action_dit_adaln_norm1,1c0e,14,5,odd,17,4,3ecabd6ebe4dbe66
action_dit_adaln_norm1,1c0e,14,6,even,17,4,3d9fbebe3e513d99
action_dit_adaln_norm1,1c0e,14,7,odd,17,4,3e0a3e373ed23e14
action_dit_adaln_norm1,1c0e,14,8,even,17,4,3f09be703e223d92
action_dit_adaln_norm1,1c0e,14,9,odd,17,4,bec43d953dc83e20
action_dit_adaln_norm1,1c0e,14,10,even,17,4,3d533e7e3d483d90
action_dit_adaln_norm1,1c0e,14,11,odd,17,4,befa3e413da23d98
action_dit_adaln_norm1,1c0e,14,12,even,17,4,3dc8bf26be773f23
action_dit_adaln_norm1,1c0e,14,13,odd,17,4,3f0f3f2bbefcbebe
action_dit_adaln_norm1,1c0e,14,14,even,17,4,bebb3e19be333d56
action_dit_adaln_norm1,1c0e,14,15,odd,17,4,3ec5bd9abe183e2f
action_dit_adaln_norm1,1c0e,14,0,even,18,4,3d9c3dcbbe373e06
action_dit_adaln_norm1,1c0e,14,1,odd,18,4,3e0d3efa3e953cb8
action_dit_adaln_norm1,1c0e,14,2,even,18,4,3b00bf12bda43e8d
action_dit_adaln_norm1,1c0e,14,3,odd,18,4,be2ebe37be2f3e94
action_dit_adaln_norm1,1c0e,14,4,even,18,4,bee1bec0be9bbdb0
action_dit_adaln_norm1,1c0e,14,5,odd,18,4,be8b3d6e3eb23e99
action_dit_adaln_norm1,1c0e,14,6,even,18,4,3f143ee43ed93e2b
action_dit_adaln_norm1,1c0e,14,7,odd,18,4,3e0b3e9b3e503eca
action_dit_adaln_norm1,1c0e,14,8,even,18,4,3d44be923e923e79
action_dit_adaln_norm1,1c0e,14,9,odd,18,4,3e343e733c84bf0e
action_dit_adaln_norm1,1c0e,14,10,even,18,4,be8c3f0a3e373d43
action_dit_adaln_norm1,1c0e,14,11,odd,18,4,3f373f123e6abe8a
action_dit_adaln_norm1,1c0e,14,12,even,18,4,be673f00bb80bdc1
action_dit_adaln_norm1,1c0e,14,13,odd,18,4,be0e3db63d923d8c
action_dit_adaln_norm1,1c0e,14,14,even,18,4,3e723e34be9c3c88
action_dit_adaln_norm1,1c0e,14,15,odd,18,4,bed4be2fbe8d3de2
action_dit_adaln_norm1,1c0e,14,0,even,19,4,3dde3e013e353d34
action_dit_adaln_norm1,1c0e,14,1,odd,19,4,3eb53e333ee43ec5
action_dit_adaln_norm1,1c0e,14,2,even,19,4,bc403efbbeb33e53
action_dit_adaln_norm1,1c0e,14,3,odd,19,4,3f2abe3ebed93e5f
action_dit_adaln_norm1,1c0e,14,4,even,19,4,bdcc3de0bf16bac0
action_dit_adaln_norm1,1c0e,14,5,odd,19,4,3f4ebeb03e50bd98
action_dit_adaln_norm1,1c0e,14,6,even,19,4,3e1ebf01bda63f34
action_dit_adaln_norm1,1c0e,14,7,odd,19,4,3e8d3e6b3e533f0e
action_dit_adaln_norm1,1c0e,14,8,even,19,4,bee63e353e163eb1
action_dit_adaln_norm1,1c0e,14,9,odd,19,4,3edcbd383f0abe8e
action_dit_adaln_norm1,1c0e,14,10,even,19,4,3e58be2c3e4e3e84
action_dit_adaln_norm1,1c0e,14,11,odd,19,4,beea3e92bcb03e57
action_dit_adaln_norm1,1c0e,14,12,even,19,4,beb03daa3e0d3e6c
action_dit_adaln_norm1,1c0e,14,13,odd,19,4,bec2beaa3f253d89
action_dit_adaln_norm1,1c0e,14,14,even,19,4,be17becabe3c3db9
action_dit_adaln_norm1,1c0e,14,15,odd,19,4,be15bec63e4cbe1a
action_dit_adaln_norm1,1c0e,14,0,even,20,4,bea03dc2be833dd2
action_dit_adaln_norm1,1c0e,14,1,odd,20,4,3ef7be7ebe5e3d22
action_dit_adaln_norm1,1c0e,14,2,even,20,4,3ea6be183e4e3be0
action_dit_adaln_norm1,1c0e,14,3,odd,20,4,3d973e9cbd943de8
action_dit_adaln_norm1,1c0e,14,4,even,20,4,3ea7bd1d3ee8bd14
action_dit_adaln_norm1,1c0e,14,5,odd,20,4,3e13be00bf48bd0a
action_dit_adaln_norm1,1c0e,14,6,even,20,4,be3ebf0abe443d38
action_dit_adaln_norm1,1c0e,14,7,odd,20,4,3edebe16be7ebca2
action_dit_adaln_norm1,1c0e,14,8,even,20,4,3e7d3e4cbdca3dab
action_dit_adaln_norm1,1c0e,14,9,odd,20,4,3ef53e28bf28bd9a
action_dit_adaln_norm1,1c0e,14,10,even,20,4,3ebdbed73edc3d86
action_dit_adaln_norm1,1c0e,14,11,odd,20,4,bcb03e9e3dd23f25
action_dit_adaln_norm1,1c0e,14,12,even,20,4,bc80bc103ea63ebf
action_dit_adaln_norm1,1c0e,14,13,odd,20,4,bf67be0a3e93be83
action_dit_adaln_norm1,1c0e,14,14,even,20,4,3e44be97bc283e05
action_dit_adaln_norm1,1c0e,14,15,odd,20,4,bf203e62be1e3df6
action_dit_adaln_norm1,1c0e,14,0,even,21,4,3e83be43bb803eb4
action_dit_adaln_norm1,1c0e,14,1,odd,21,4,bc7cbec33e9fbe84
action_dit_adaln_norm1,1c0e,14,2,even,21,4,be2cbc05be823ef2
action_dit_adaln_norm1,1c0e,14,3,odd,21,4,3d1b3e48bf52beca
action_dit_adaln_norm1,1c0e,14,4,even,21,4,bd26bec1bf08bea8
action_dit_adaln_norm1,1c0e,14,5,odd,21,4,bd78be7e3dc4bf1a
action_dit_adaln_norm1,1c0e,14,6,even,21,4,bd373e84bf07bd2f
action_dit_adaln_norm1,1c0e,14,7,odd,21,4,3e65be97bf1c3e0b
action_dit_adaln_norm1,1c0e,14,8,even,21,4,3e4dbead3dbf3d7f
action_dit_adaln_norm1,1c0e,14,9,odd,21,4,bebdbf613dcabec4
action_dit_adaln_norm1,1c0e,14,10,even,21,4,3e683ea4bf54bc8c
action_dit_adaln_norm1,1c0e,14,11,odd,21,4,3e293e8e3e653d44
action_dit_adaln_norm1,1c0e,14,12,even,21,4,bf18bdfe3bb8bd80
action_dit_adaln_norm1,1c0e,14,13,odd,21,4,be37be13bcb0beb3
action_dit_adaln_norm1,1c0e,14,14,even,21,4,3f0cbe36be993c87
action_dit_adaln_norm1,1c0e,14,15,odd,21,4,3ee23e84bd48be96
action_dit_adaln_norm1,1c0e,14,0,even,22,4,3ef0bd7abe843dd0
action_dit_adaln_norm1,1c0e,14,1,odd,22,4,3dbabda4be62be1f
action_dit_adaln_norm1,1c0e,14,2,even,22,4,3e26bf03be6f3ec0
action_dit_adaln_norm1,1c0e,14,3,odd,22,4,bd6cbec4bf123ea0
action_dit_adaln_norm1,1c0e,14,4,even,22,4,bf14bed03eb93e04
action_dit_adaln_norm1,1c0e,14,5,odd,22,4,3e57be4fbcd0bc68
action_dit_adaln_norm1,1c0e,14,6,even,22,4,bdf23f22be21bf03
action_dit_adaln_norm1,1c0e,14,7,odd,22,4,be15bc503f013dd4
action_dit_adaln_norm1,1c0e,14,8,even,22,4,be8b3e823dcbbd64
action_dit_adaln_norm1,1c0e,14,9,odd,22,4,3e69bf10bf183e85
action_dit_adaln_norm1,1c0e,14,10,even,22,4,be1dbe993eac3eca
action_dit_adaln_norm1,1c0e,14,11,odd,22,4,3f013df83e48be32
action_dit_adaln_norm1,1c0e,14,12,even,22,4,befe3eb43f0b3e4e
action_dit_adaln_norm1,1c0e,14,13,odd,22,4,be7abe7bbe463e86
action_dit_adaln_norm1,1c0e,14,14,even,22,4,3ec4bd983e073cf7
action_dit_adaln_norm1,1c0e,14,15,odd,22,4,be0abcbc3df43e46
action_dit_adaln_norm1,1c0e,14,0,even,23,4,bde33d2c3ea83b24
action_dit_adaln_norm1,1c0e,14,1,odd,23,4,3ebc3e32be0fbe40
action_dit_adaln_norm1,1c0e,14,2,even,23,4,3e4abd933e2abf1c
action_dit_adaln_norm1,1c0e,14,3,odd,23,4,bf06bda6bd37be05
action_dit_adaln_norm1,1c0e,14,4,even,23,4,3e283e663ed1be0a
action_dit_adaln_norm1,1c0e,14,5,odd,23,4,3de0bde83ee63c70
action_dit_adaln_norm1,1c0e,14,6,even,23,4,bf56beb3bf40bf58
action_dit_adaln_norm1,1c0e,14,7,odd,23,4,3e903ea83e54bf12
action_dit_adaln_norm1,1c0e,14,8,even,23,4,bf163e28be123e0e
action_dit_adaln_norm1,1c0e,14,9,odd,23,4,bf203e86be723e82
action_dit_adaln_norm1,1c0e,14,10,even,23,4,3ea5bdb83e8fbe05
action_dit_adaln_norm1,1c0e,14,11,odd,23,4,be093e0abc00bdb7
action_dit_adaln_norm1,1c0e,14,12,even,23,4,3da43f14bcbe3e62
action_dit_adaln_norm1,1c0e,14,13,odd,23,4,bd68be8e3e613e48
action_dit_adaln_norm1,1c0e,14,14,even,23,4,bea4bf583d183f10
action_dit_adaln_norm1,1c0e,14,15,odd,23,4,bd463df7beae3d1c
action_dit_adaln_norm1,1c0f,15,0,even,0,4,be993e1dbeaf3eb8
action_dit_adaln_norm1,1c0f,15,1,odd,0,4,baf03e34be993f26
action_dit_adaln_norm1,1c0f,15,2,even,0,4,bdc2bcb43ec33e58
action_dit_adaln_norm1,1c0f,15,3,odd,0,4,be69bec2bea8bc40
action_dit_adaln_norm1,1c0f,15,4,even,0,4,bebe3e42bdf2be8e
action_dit_adaln_norm1,1c0f,15,5,odd,0,4,be4f3ec4be24be28
action_dit_adaln_norm1,1c0f,15,6,even,0,4,3e8abe83bd8c3f19
action_dit_adaln_norm1,1c0f,15,7,odd,0,4,3d9e3de23e37be5a
action_dit_adaln_norm1,1c0f,15,8,even,0,4,3da43ea53e783d58
action_dit_adaln_norm1,1c0f,15,9,odd,0,4,3f26bd893f62beea
action_dit_adaln_norm1,1c0f,15,10,even,0,4,3e61bd00be8c3c00
action_dit_adaln_norm1,1c0f,15,11,odd,0,4,3efa3e1f3e603e7e
action_dit_adaln_norm1,1c0f,15,12,even,0,4,bf083eb03e54bd5d
action_dit_adaln_norm1,1c0f,15,13,odd,0,4,bd4c3f32be34be90
action_dit_adaln_norm1,1c0f,15,14,even,0,4,bedebecfbe883ed0
action_dit_adaln_norm1,1c0f,15,15,odd,0,4,bd1ebc9cbeb2bd9c
action_dit_adaln_norm1,1c0f,15,0,even,1,4,becfbe163e86bee4
action_dit_adaln_norm1,1c0f,15,1,odd,1,4,be443f0c3df4bec3
action_dit_adaln_norm1,1c0f,15,2,even,1,4,bdbe3d883dccbe87
action_dit_adaln_norm1,1c0f,15,3,odd,1,4,bde4be05beacbdb6
action_dit_adaln_norm1,1c0f,15,4,even,1,4,bcc23e20be403e6d
action_dit_adaln_norm1,1c0f,15,5,odd,1,4,3eaa3db7beba3e56
action_dit_adaln_norm1,1c0f,15,6,even,1,4,be0bbe0c3f34be1c
action_dit_adaln_norm1,1c0f,15,7,odd,1,4,be0abd28be74bdb3
action_dit_adaln_norm1,1c0f,15,8,even,1,4,bc983f28bea53e2d
action_dit_adaln_norm1,1c0f,15,9,odd,1,4,be373efdbd6cbc00
action_dit_adaln_norm1,1c0f,15,10,even,1,4,be2fbe10bddbbe88
action_dit_adaln_norm1,1c0f,15,11,odd,1,4,be923f48be82bbc6
action_dit_adaln_norm1,1c0f,15,12,even,1,4,bda0be2ebf083e84
action_dit_adaln_norm1,1c0f,15,13,odd,1,4,be143deebe003e32
action_dit_adaln_norm1,1c0f,15,14,even,1,4,bed2bec3be85bf42
action_dit_adaln_norm1,1c0f,15,15,odd,1,4,3e303d0e3e7b3d22
action_dit_adaln_norm1,1c0f,15,0,even,2,4,be5a3d683e3abda2
action_dit_adaln_norm1,1c0f,15,1,odd,2,4,bf06bedd3ec4be29
action_dit_adaln_norm1,1c0f,15,2,even,2,4,3e1a3ee13d42bec8
action_dit_adaln_norm1,1c0f,15,3,odd,2,4,bd653eadbd403e4c
action_dit_adaln_norm1,1c0f,15,4,even,2,4,3e9c3e263da53eaa
action_dit_adaln_norm1,1c0f,15,5,odd,2,4,be42bf283e823e97
action_dit_adaln_norm1,1c0f,15,6,even,2,4,bf06be773c92bee0
action_dit_adaln_norm1,1c0f,15,7,odd,2,4,be9dbe523de2be8c
action_dit_adaln_norm1,1c0f,15,8,even,2,4,beb5be703d4d3e74
action_dit_adaln_norm1,1c0f,15,9,odd,2,4,3f003e4c3ea0be83
action_dit_adaln_norm1,1c0f,15,10,even,2,4,be7c3d163ee6bf02
action_dit_adaln_norm1,1c0f,15,11,odd,2,4,3e823e703e0e3e91
action_dit_adaln_norm1,1c0f,15,12,even,2,4,3c70be743d16bda1
action_dit_adaln_norm1,1c0f,15,13,odd,2,4,be8ebd94be65be04
action_dit_adaln_norm1,1c0f,15,14,even,2,4,3e983e663eccbcf0
action_dit_adaln_norm1,1c0f,15,15,odd,2,4,3e67bed43e983de2
action_dit_adaln_norm1,1c0f,15,0,even,3,4,beb03ec53df53df9
action_dit_adaln_norm1,1c0f,15,1,odd,3,4,3e4ebf2cbe88be4e
action_dit_adaln_norm1,1c0f,15,2,even,3,4,3c70bca0be8dbe6e
action_dit_adaln_norm1,1c0f,15,3,odd,3,4,3ea83e3f3e6b3e0e
action_dit_adaln_norm1,1c0f,15,4,even,3,4,be823e56becbbe9c
action_dit_adaln_norm1,1c0f,15,5,odd,3,4,3dc43cb8bf023e6e
action_dit_adaln_norm1,1c0f,15,6,even,3,4,3e2ebefc3ed63e5e
action_dit_adaln_norm1,1c0f,15,7,odd,3,4,3d8b3ee2be413eb9
action_dit_adaln_norm1,1c0f,15,8,even,3,4,bd2fbf70bcf0bea2
action_dit_adaln_norm1,1c0f,15,9,odd,3,4,bb80bec6be25bca0
action_dit_adaln_norm1,1c0f,15,10,even,3,4,3efcbe04bea23efb
action_dit_adaln_norm1,1c0f,15,11,odd,3,4,bba03ec63f04be34
action_dit_adaln_norm1,1c0f,15,12,even,3,4,bebbbeaa3eaa3e73
action_dit_adaln_norm1,1c0f,15,13,odd,3,4,bee9be8e3e88bee1
action_dit_adaln_norm1,1c0f,15,14,even,3,4,3ca43e283e1dbd10
action_dit_adaln_norm1,1c0f,15,15,odd,3,4,bdbe3e1f3e793e12
action_dit_adaln_norm1,1c0f,15,0,even,4,4,3e28bcf83ea3be39
action_dit_adaln_norm1,1c0f,15,1,odd,4,4,be983dac3dafbe0c
action_dit_adaln_norm1,1c0f,15,2,even,4,4,bea13ec0bdcf3d98
action_dit_adaln_norm1,1c0f,15,3,odd,4,4,3db8beda3e333e78
action_dit_adaln_norm1,1c0f,15,4,even,4,4,bf00be0a3e92bf05
action_dit_adaln_norm1,1c0f,15,5,odd,4,4,3d3a3ee33e95be00
action_dit_adaln_norm1,1c0f,15,6,even,4,4,3ed6bed4be8abeb6
action_dit_adaln_norm1,1c0f,15,7,odd,4,4,be103d043de7bda4
action_dit_adaln_norm1,1c0f,15,8,even,4,4,3e4cbcf9bf0f3ce1
action_dit_adaln_norm1,1c0f,15,9,odd,4,4,3e7ebeb5bedd3d50
action_dit_adaln_norm1,1c0f,15,10,even,4,4,3edf3f073e003e9c
action_dit_adaln_norm1,1c0f,15,11,odd,4,4,bdcc3f38be893e13
action_dit_adaln_norm1,1c0f,15,12,even,4,4,3e843f06bd96be93
action_dit_adaln_norm1,1c0f,15,13,odd,4,4,3e97bf35befabda2
action_dit_adaln_norm1,1c0f,15,14,even,4,4,befdbe1cbc18be93
action_dit_adaln_norm1,1c0f,15,15,odd,4,4,3e6abe0bbdffbe35
action_dit_adaln_norm1,1c0f,15,0,even,5,4,3e523e44bdff3e26
action_dit_adaln_norm1,1c0f,15,1,odd,5,4,3e233df23e28be93
action_dit_adaln_norm1,1c0f,15,2,even,5,4,be5fbeffbe523dda
action_dit_adaln_norm1,1c0f,15,3,odd,5,4,bda33ec3bf0dbd90
action_dit_adaln_norm1,1c0f,15,4,even,5,4,3ecbbef83e28bd94
action_dit_adaln_norm1,1c0f,15,5,odd,5,4,3d8ebf51bf18bd33
action_dit_adaln_norm1,1c0f,15,6,even,5,4,be5e3e8d3e7f3dce
action_dit_adaln_norm1,1c0f,15,7,odd,5,4,bdc63efdbe333e15
action_dit_adaln_norm1,1c0f,15,8,even,5,4,3ed83e4ebf17bebe
action_dit_adaln_norm1,1c0f,15,9,odd,5,4,3ea63e9c3ee5be01
action_dit_adaln_norm1,1c0f,15,10,even,5,4,3e7a3cc8bef3bd8e
action_dit_adaln_norm1,1c0f,15,11,odd,5,4,bc38be16be0cbe21
action_dit_adaln_norm1,1c0f,15,12,even,5,4,3e8cbdcbbda53e6e
action_dit_adaln_norm1,1c0f,15,13,odd,5,4,be5ebea63e9e3eaa
action_dit_adaln_norm1,1c0f,15,14,even,5,4,3d2ebe963a80bc4d
action_dit_adaln_norm1,1c0f,15,15,odd,5,4,3ee5be59bf2d3ea9
action_dit_adaln_norm1,1c0f,15,0,even,6,4,3e22be84be033e34
action_dit_adaln_norm1,1c0f,15,1,odd,6,4,be543e643cefbdb6
action_dit_adaln_norm1,1c0f,15,2,even,6,4,3efa3e04bd683e62
action_dit_adaln_norm1,1c0f,15,3,odd,6,4,bc603e883d8f3e22
action_dit_adaln_norm1,1c0f,15,4,even,6,4,bead3e80beb13e64
action_dit_adaln_norm1,1c0f,15,5,odd,6,4,3c803ef2be93bcfc
action_dit_adaln_norm1,1c0f,15,6,even,6,4,3e7d3f07bec23d8a
action_dit_adaln_norm1,1c0f,15,7,odd,6,4,3dc8be533cb83e13
action_dit_adaln_norm1,1c0f,15,8,even,6,4,3d30be283e5a3d7a
action_dit_adaln_norm1,1c0f,15,9,odd,6,4,befe3d863ea43e22
action_dit_adaln_norm1,1c0f,15,10,even,6,4,be45be653cb4be88
action_dit_adaln_norm1,1c0f,15,11,odd,6,4,3e72bf053e72bbd4
action_dit_adaln_norm1,1c0f,15,12,even,6,4,3e4f3f123e8e3e99
action_dit_adaln_norm1,1c0f,15,13,odd,6,4,bd0c3e403c1b3d6c
action_dit_adaln_norm1,1c0f,15,14,even,6,4,befc3d603d9bbeef
action_dit_adaln_norm1,1c0f,15,15,odd,6,4,3d243c303e81be07
action_dit_adaln_norm1,1c0f,15,0,even,7,4,bdd23ed63dd9bc94
action_dit_adaln_norm1,1c0f,15,1,odd,7,4,be543e6cbe103e1d
action_dit_adaln_norm1,1c0f,15,2,even,7,4,be213e56be423ca8
action_dit_adaln_norm1,1c0f,15,3,odd,7,4,beb0be32be55bd02
action_dit_adaln_norm1,1c0f,15,4,even,7,4,3ddabefcbe2bbedc
action_dit_adaln_norm1,1c0f,15,5,odd,7,4,bd54beb5be22be81
action_dit_adaln_norm1,1c0f,15,6,even,7,4,bdadbe883e2e3efa
action_dit_adaln_norm1,1c0f,15,7,odd,7,4,3e1a3d353dedbf03
action_dit_adaln_norm1,1c0f,15,8,even,7,4,be4c3e7f3e8e3ccc
action_dit_adaln_norm1,1c0f,15,9,odd,7,4,3d52bd233e263c12
action_dit_adaln_norm1,1c0f,15,10,even,7,4,3d5fbd143eec3eb8
action_dit_adaln_norm1,1c0f,15,11,odd,7,4,3e0cbe3fbd1a3e0c
action_dit_adaln_norm1,1c0f,15,12,even,7,4,be403d893eabbed6
action_dit_adaln_norm1,1c0f,15,13,odd,7,4,3e9d3dbebeb1bd80
action_dit_adaln_norm1,1c0f,15,14,even,7,4,befcbe8f3dec3ed8
action_dit_adaln_norm1,1c0f,15,15,odd,7,4,be76be693e1dbef6
action_dit_adaln_norm1,1c0f,15,0,even,8,4,3eb7be1a3ed33e37
action_dit_adaln_norm1,1c0f,15,1,odd,8,4,3dbdbe6abd903e44
action_dit_adaln_norm1,1c0f,15,2,even,8,4,3e79bd1abe133e04
action_dit_adaln_norm1,1c0f,15,3,odd,8,4,bee0bed1bf0e3ef9
action_dit_adaln_norm1,1c0f,15,4,even,8,4,3e9fbf023e2dbe10
action_dit_adaln_norm1,1c0f,15,5,odd,8,4,bdbcbf31bc70bed4
action_dit_adaln_norm1,1c0f,15,6,even,8,4,bdf23daabef6bed6
action_dit_adaln_norm1,1c0f,15,7,odd,8,4,3e423df6bd44bed3
action_dit_adaln_norm1,1c0f,15,8,even,8,4,bd443f1abe46be21
action_dit_adaln_norm1,1c0f,15,9,odd,8,4,3c543e123e0a3e86
action_dit_adaln_norm1,1c0f,15,10,even,8,4,3e103e34bf15be08
action_dit_adaln_norm1,1c0f,15,11,odd,8,4,bf0fbd2cbf06bed4
action_dit_adaln_norm1,1c0f,15,12,even,8,4,be363ba03e95be5a
action_dit_adaln_norm1,1c0f,15,13,odd,8,4,bea23ef93f0b3d6b
action_dit_adaln_norm1,1c0f,15,14,even,8,4,3e70bcd0bd103f52
action_dit_adaln_norm1,1c0f,15,15,odd,8,4,3e90be94be56bece
action_dit_adaln_norm1,1c0f,15,0,even,9,4,3e123e5b3f4cbe02
action_dit_adaln_norm1,1c0f,15,1,odd,9,4,3c8c3f2abe9bbce8
action_dit_adaln_norm1,1c0f,15,2,even,9,4,3e96be50bd603e31
action_dit_adaln_norm1,1c0f,15,3,odd,9,4,be9c3c583e7e3f2e
action_dit_adaln_norm1,1c0f,15,4,even,9,4,bddbbd7ebecc3f13
action_dit_adaln_norm1,1c0f,15,5,odd,9,4,3e82bf073d743e90
action_dit_adaln_norm1,1c0f,15,6,even,9,4,3e953eecbe4b3e9c
action_dit_adaln_norm1,1c0f,15,7,odd,9,4,bef2be2b3e33be37
action_dit_adaln_norm1,1c0f,15,8,even,9,4,be863e53be97bb80
action_dit_adaln_norm1,1c0f,15,9,odd,9,4,be5f3e843e36bedd
action_dit_adaln_norm1,1c0f,15,10,even,9,4,be803e973ecd3f00
action_dit_adaln_norm1,1c0f,15,11,odd,9,4,3d8b3e613ea8be99
action_dit_adaln_norm1,1c0f,15,12,even,9,4,ba903e1ebe23be00
action_dit_adaln_norm1,1c0f,15,13,odd,9,4,bdc33e4abe0abd8f
action_dit_adaln_norm1,1c0f,15,14,even,9,4,bf04bddabe3e3e09
action_dit_adaln_norm1,1c0f,15,15,odd,9,4,be3e3ef5bd863c68
action_dit_adaln_norm1,1c0f,15,0,even,10,4,3e593e70bdc2be33
action_dit_adaln_norm1,1c0f,15,1,odd,10,4,beb93d7c3d883e8c
action_dit_adaln_norm1,1c0f,15,2,even,10,4,bd6f3daabda0beb1
action_dit_adaln_norm1,1c0f,15,3,odd,10,4,bd48be9a3e073e4e
action_dit_adaln_norm1,1c0f,15,4,even,10,4,bedfbd963d98bee6
action_dit_adaln_norm1,1c0f,15,5,odd,10,4,be51bf02be57be5e
action_dit_adaln_norm1,1c0f,15,6,even,10,4,3e88bcdc3ec5bd64
action_dit_adaln_norm1,1c0f,15,7,odd,10,4,bc68be4dbe6a3da7
action_dit_adaln_norm1,1c0f,15,8,even,10,4,3e8a3dedbed53eb4
action_dit_adaln_norm1,1c0f,15,9,odd,10,4,3ea53e243e4f3f73
action_dit_adaln_norm1,1c0f,15,10,even,10,4,bf0bbe51beb3be73
action_dit_adaln_norm1,1c0f,15,11,odd,10,4,beca3f003e8d3d56
action_dit_adaln_norm1,1c0f,15,12,even,10,4,3ec53e04be32be8c
action_dit_adaln_norm1,1c0f,15,13,odd,10,4,3ed53cf43f06bf1f
action_dit_adaln_norm1,1c0f,15,14,even,10,4,bc303e89bf183d64
action_dit_adaln_norm1,1c0f,15,15,odd,10,4,3e873e663e4dbd1a
action_dit_adaln_norm1,1c0f,15,0,even,11,4,0000be95bf0a3ef3
action_dit_adaln_norm1,1c0f,15,1,odd,11,4,bec3be64be56beb4
action_dit_adaln_norm1,1c0f,15,2,even,11,4,3e143df7be4a3f08
action_dit_adaln_norm1,1c0f,15,3,odd,11,4,be0ebeadbdd6bd00
action_dit_adaln_norm1,1c0f,15,4,even,11,4,bd82bd50be8c3edc
action_dit_adaln_norm1,1c0f,15,5,odd,11,4,3d903e243db23eba
action_dit_adaln_norm1,1c0f,15,6,even,11,4,3d2ebd163e873ea8
action_dit_adaln_norm1,1c0f,15,7,odd,11,4,3ecd3eabbe9d3ee8
action_dit_adaln_norm1,1c0f,15,8,even,11,4,bf06bdd43e20bba0
action_dit_adaln_norm1,1c0f,15,9,odd,11,4,bd4d3d083ebabf42
action_dit_adaln_norm1,1c0f,15,10,even,11,4,bf0e3f1abe40bb80
action_dit_adaln_norm1,1c0f,15,11,odd,11,4,3f0d3dca3e443eaa
action_dit_adaln_norm1,1c0f,15,12,even,11,4,3e3dbee43eb63d1f
action_dit_adaln_norm1,1c0f,15,13,odd,11,4,3ee43eb4bd62bda4
action_dit_adaln_norm1,1c0f,15,14,even,11,4,bec13ed63d8abe2a
action_dit_adaln_norm1,1c0f,15,15,odd,11,4,3cdcbea2be8a3dde
action_dit_adaln_norm1,1c0f,15,0,even,12,4,beaabe13be253d1a
action_dit_adaln_norm1,1c0f,15,1,odd,12,4,3f1cbe8cbef43ef4
action_dit_adaln_norm1,1c0f,15,2,even,12,4,bd003d70be8ebeb4
action_dit_adaln_norm1,1c0f,15,3,odd,12,4,3eb83e36be56bdc6
action_dit_adaln_norm1,1c0f,15,4,even,12,4,be223e28bf4e3ee3
action_dit_adaln_norm1,1c0f,15,5,odd,12,4,beea3e553d60bec4
action_dit_adaln_norm1,1c0f,15,6,even,12,4,bdf8be6abe1abeaa
action_dit_adaln_norm1,1c0f,15,7,odd,12,4,be7ebef4be063c28
action_dit_adaln_norm1,1c0f,15,8,even,12,4,3f71bee63d08be05
action_dit_adaln_norm1,1c0f,15,9,odd,12,4,bed2bd8cbbecbe52
action_dit_adaln_norm1,1c0f,15,10,even,12,4,3eae3e99bd943f02
action_dit_adaln_norm1,1c0f,15,11,odd,12,4,3e663dce3ee03dcc
action_dit_adaln_norm1,1c0f,15,12,even,12,4,be833eda3f08beae
action_dit_adaln_norm1,1c0f,15,13,odd,12,4,3e543a80bda43d80
action_dit_adaln_norm1,1c0f,15,14,even,12,4,3e983e103e24bf32
action_dit_adaln_norm1,1c0f,15,15,odd,12,4,be773ea3bebdbeaa
action_dit_adaln_norm1,1c0f,15,0,even,13,4,3ea9be963edbbdfb
action_dit_adaln_norm1,1c0f,15,1,odd,13,4,be133e9fbeaf3e9a
action_dit_adaln_norm1,1c0f,15,2,even,13,4,bd3abea83e60bda8
action_dit_adaln_norm1,1c0f,15,3,odd,13,4,3f2a3e273db53ebc
action_dit_adaln_norm1,1c0f,15,4,even,13,4,3dcc3f1cbc44bdd8
action_dit_adaln_norm1,1c0f,15,5,odd,13,4,3b20be543d98bd44
action_dit_adaln_norm1,1c0f,15,6,even,13,4,3dd43e50bf14bef3
action_dit_adaln_norm1,1c0f,15,7,odd,13,4,bc30be58be9bbe8a
action_dit_adaln_norm1,1c0f,15,8,even,13,4,3e0abd88be003ea3
action_dit_adaln_norm1,1c0f,15,9,odd,13,4,bec2bc70be863ec0
action_dit_adaln_norm1,1c0f,15,10,even,13,4,3ea13e023e763ef5
action_dit_adaln_norm1,1c0f,15,11,odd,13,4,3e4ebe683da8be76
action_dit_adaln_norm1,1c0f,15,12,even,13,4,bcf83ddebd91bece
action_dit_adaln_norm1,1c0f,15,13,odd,13,4,3eae3e89bed7bf1a
action_dit_adaln_norm1,1c0f,15,14,even,13,4,bdb23e303ed6be92
action_dit_adaln_norm1,1c0f,15,15,odd,13,4,bde3be243d263e67
action_dit_adaln_norm1,1c0f,15,0,even,14,4,3e7a3f16be86be39
action_dit_adaln_norm1,1c0f,15,1,odd,14,4,bd68bd4ebe973d82
action_dit_adaln_norm1,1c0f,15,2,even,14,4,bd1abe26bf13be23
action_dit_adaln_norm1,1c0f,15,3,odd,14,4,3d87bda2bdbebd6c
action_dit_adaln_norm1,1c0f,15,4,even,14,4,bde73e623d6c3ded
action_dit_adaln_norm1,1c0f,15,5,odd,14,4,3dc73e5ebf343e32
action_dit_adaln_norm1,1c0f,15,6,even,14,4,3e973f013ec3bdca
action_dit_adaln_norm1,1c0f,15,7,odd,14,4,3e7cbcba3ee2bf07
action_dit_adaln_norm1,1c0f,15,8,even,14,4,3ea8be15be82bea2
action_dit_adaln_norm1,1c0f,15,9,odd,14,4,bd243f06bead3e86
action_dit_adaln_norm1,1c0f,15,10,even,14,4,be9bbd833cb1bf3c
action_dit_adaln_norm1,1c0f,15,11,odd,14,4,bc883e133d70be88
action_dit_adaln_norm1,1c0f,15,12,even,14,4,3e61bcc4bedabeb0
action_dit_adaln_norm1,1c0f,15,13,odd,14,4,bc283efc3e31bdca
action_dit_adaln_norm1,1c0f,15,14,even,14,4,0000bba03e38bf30
action_dit_adaln_norm1,1c0f,15,15,odd,14,4,3dd83cb8bf0d3e82
action_dit_adaln_norm1,1c0f,15,0,even,15,4,be553e623f243e50
action_dit_adaln_norm1,1c0f,15,1,odd,15,4,3ede3e03be5bbe3a
action_dit_adaln_norm1,1c0f,15,2,even,15,4,3e9e3d8d3db4be1d
action_dit_adaln_norm1,1c0f,15,3,odd,15,4,3d6c3e06be0f3dd7
action_dit_adaln_norm1,1c0f,15,4,even,15,4,3f0bbebe3f00bdfc
action_dit_adaln_norm1,1c0f,15,5,odd,15,4,bdd83c88bee13e51
action_dit_adaln_norm1,1c0f,15,6,even,15,4,3d743de3bed73de6
action_dit_adaln_norm1,1c0f,15,7,odd,15,4,bebcbb20beb33eae
action_dit_adaln_norm1,1c0f,15,8,even,15,4,3d923df03ecebe01
action_dit_adaln_norm1,1c0f,15,9,odd,15,4,bcd8be88beb43ed1
action_dit_adaln_norm1,1c0f,15,10,even,15,4,3e94be003e0abe49
action_dit_adaln_norm1,1c0f,15,11,odd,15,4,be103e203ead3e99
action_dit_adaln_norm1,1c0f,15,12,even,15,4,3e4c3ea1be743ee9
action_dit_adaln_norm1,1c0f,15,13,odd,15,4,3f0a3e40be19be26
action_dit_adaln_norm1,1c0f,15,14,even,15,4,be01be70be7c3e08
action_dit_adaln_norm1,1c0f,15,15,odd,15,4,3dcfbe0ebdbe3e72
action_dit_adaln_norm1,1c0f,15,0,even,16,4,be5e3ea13e093e09
action_dit_adaln_norm1,1c0f,15,1,odd,16,4,becb3e88bf38bea3
action_dit_adaln_norm1,1c0f,15,2,even,16,4,3ec13ea13c683e11
action_dit_adaln_norm1,1c0f,15,3,odd,16,4,3da63f143ed43e45
action_dit_adaln_norm1,1c0f,15,4,even,16,4,3f1f3e933ca03e12
action_dit_adaln_norm1,1c0f,15,5,odd,16,4,bdd8be0cbc9abc30
action_dit_adaln_norm1,1c0f,15,6,even,16,4,3e263e84bd843e6b
action_dit_adaln_norm1,1c0f,15,7,odd,16,4,3e64bed93dc4be1b
action_dit_adaln_norm1,1c0f,15,8,even,16,4,beeebea2be80be30
action_dit_adaln_norm1,1c0f,15,9,odd,16,4,be89bdd3bd9b3ee8
action_dit_adaln_norm1,1c0f,15,10,even,16,4,be283edf3e543dc6
action_dit_adaln_norm1,1c0f,15,11,odd,16,4,be523e87bf03be7d
action_dit_adaln_norm1,1c0f,15,12,even,16,4,3d963edfbf02bef6
action_dit_adaln_norm1,1c0f,15,13,odd,16,4,3edb3f3e3e7cbd7b
action_dit_adaln_norm1,1c0f,15,14,even,16,4,3eacbe45bd70bd58
action_dit_adaln_norm1,1c0f,15,15,odd,16,4,3e20bf0f3de4be80
action_dit_adaln_norm1,1c0f,15,0,even,17,4,be083e993dc13b20
action_dit_adaln_norm1,1c0f,15,1,odd,17,4,3f193eba3e3e3e39
action_dit_adaln_norm1,1c0f,15,2,even,17,4,3eecbeb73e61bce0
action_dit_adaln_norm1,1c0f,15,3,odd,17,4,3e833e38be543e50
action_dit_adaln_norm1,1c0f,15,4,even,17,4,bf363eaabf163ca0
action_dit_adaln_norm1,1c0f,15,5,odd,17,4,3e153d99be53beab
action_dit_adaln_norm1,1c0f,15,6,even,17,4,3e2ebec4bea63ed2
action_dit_adaln_norm1,1c0f,15,7,odd,17,4,3e913e603e823e6f
action_dit_adaln_norm1,1c0f,15,8,even,17,4,3eccbe623e29bde9
action_dit_adaln_norm1,1c0f,15,9,odd,17,4,beebbe88bdf23d7a
action_dit_adaln_norm1,1c0f,15,10,even,17,4,3ef03e363e3abdf4
action_dit_adaln_norm1,1c0f,15,11,odd,17,4,beaa3e0cbded3c30
action_dit_adaln_norm1,1c0f,15,12,even,17,4,3e91bf37bd543f0d
action_dit_adaln_norm1,1c0f,15,13,odd,17,4,3ed03ee8be2cbed6
action_dit_adaln_norm1,1c0f,15,14,even,17,4,be4d3a00be143db2
action_dit_adaln_norm1,1c0f,15,15,odd,17,4,bcd0bd34be3a3e81
action_dit_adaln_norm1,1c0f,15,0,even,18,4,3e1ebe03bece3e07
action_dit_adaln_norm1,1c0f,15,1,odd,18,4,bd523e803dc13de9
action_dit_adaln_norm1,1c0f,15,2,even,18,4,be64be60bdcc3e3c
action_dit_adaln_norm1,1c0f,15,3,odd,18,4,3d463d823d303e9c
action_dit_adaln_norm1,1c0f,15,4,even,18,4,bed1bdc43cf8bdaa
action_dit_adaln_norm1,1c0f,15,5,odd,18,4,be68beba3d523de8
action_dit_adaln_norm1,1c0f,15,6,even,18,4,3e273e133e363e44
action_dit_adaln_norm1,1c0f,15,7,odd,18,4,3e8dbb20be053ef2
action_dit_adaln_norm1,1c0f,15,8,even,18,4,bd08be203efcbdc8
action_dit_adaln_norm1,1c0f,15,9,odd,18,4,bda03e7fbe2cbe3e
action_dit_adaln_norm1,1c0f,15,10,even,18,4,bed33ede3e68be26
action_dit_adaln_norm1,1c0f,15,11,odd,18,4,3f323ed43ec5be15
action_dit_adaln_norm1,1c0f,15,12,even,18,4,bde03f0d3e3a3e08
action_dit_adaln_norm1,1c0f,15,13,odd,18,4,bd4a3ea4bec53e5a
action_dit_adaln_norm1,1c0f,15,14,even,18,4,3e2a3da5be56bd8a
action_dit_adaln_norm1,1c0f,15,15,odd,18,4,bec6be03be683cc6
action_dit_adaln_norm1,1c0f,15,0,even,19,4,3e6c3e5a3d0c3dab
action_dit_adaln_norm1,1c0f,15,1,odd,19,4,3f013e463ede3e63
action_dit_adaln_norm1,1c0f,15,2,even,19,4,3e7e3ee4be313e86
action_dit_adaln_norm1,1c0f,15,3,odd,19,4,3ee6be03bea63de2
action_dit_adaln_norm1,1c0f,15,4,even,19,4,3d143de8beeebcd0
action_dit_adaln_norm1,1c0f,15,5,odd,19,4,3f55be3e3eaabbb0
action_dit_adaln_norm1,1c0f,15,6,even,19,4,3e74bf4cbe533f04
action_dit_adaln_norm1,1c0f,15,7,odd,19,4,3e7b3e843df03e40
action_dit_adaln_norm1,1c0f,15,8,even,19,4,be9f3ebc3e683eb8
action_dit_adaln_norm1,1c0f,15,9,odd,19,4,3f0c3d523e9ebe0f
action_dit_adaln_norm1,1c0f,15,10,even,19,4,3e46bd9b3e9b3dc1
action_dit_adaln_norm1,1c0f,15,11,odd,19,4,be863e043ebe3ee8
action_dit_adaln_norm1,1c0f,15,12,even,19,4,be8b3c143e73bbcc
action_dit_adaln_norm1,1c0f,15,13,odd,19,4,bf03bf0b3ed5be7a
action_dit_adaln_norm1,1c0f,15,14,even,19,4,3e813e083e6b3d5a
action_dit_adaln_norm1,1c0f,15,15,odd,19,4,3c80be433e38bebd
action_dit_adaln_norm1,1c0f,15,0,even,20,4,be123eaabe5a3eda
action_dit_adaln_norm1,1c0f,15,1,odd,20,4,3f22be18bd58be66
action_dit_adaln_norm1,1c0f,15,2,even,20,4,3ec23d543f123cbb
action_dit_adaln_norm1,1c0f,15,3,odd,20,4,bcc8bed0bed23e25
action_dit_adaln_norm1,1c0f,15,4,even,20,4,3e9f3d8c3e773d9c
action_dit_adaln_norm1,1c0f,15,5,odd,20,4,bc103e25beecbe55
action_dit_adaln_norm1,1c0f,15,6,even,20,4,3c60bedb3da43c88
action_dit_adaln_norm1,1c0f,15,7,odd,20,4,3e57be50be7c3eae
action_dit_adaln_norm1,1c0f,15,8,even,20,4,3ebe3df6be063e27
action_dit_adaln_norm1,1c0f,15,9,odd,20,4,3eecbd87bec4be0c
action_dit_adaln_norm1,1c0f,15,10,even,20,4,3ee8bf0c3e433e18
action_dit_adaln_norm1,1c0f,15,11,odd,20,4,be623ed13e5c3ef6
action_dit_adaln_norm1,1c0f,15,12,even,20,4,bcc03ec83e623e0e
action_dit_adaln_norm1,1c0f,15,13,odd,20,4,bf18be35bda6bec3
action_dit_adaln_norm1,1c0f,15,14,even,20,4,be98bdce3d4a3dc8
action_dit_adaln_norm1,1c0f,15,15,odd,20,4,bece3dbe3e14bd8f
action_dit_adaln_norm1,1c0f,15,0,even,21,4,3e9abe053ea03e72
action_dit_adaln_norm1,1c0f,15,1,odd,21,4,be6cbefa3ef43e9c
action_dit_adaln_norm1,1c0f,15,2,even,21,4,bde53e7fbd783f38
action_dit_adaln_norm1,1c0f,15,3,odd,21,4,be75be80bf4abec4
action_dit_adaln_norm1,1c0f,15,4,even,21,4,3e5bbeacbe48be8e
action_dit_adaln_norm1,1c0f,15,5,odd,21,4,bebabe563e30bef0
action_dit_adaln_norm1,1c0f,15,6,even,21,4,bddf3d7cbe4a3e3f
action_dit_adaln_norm1,1c0f,15,7,odd,21,4,3c60bed7be893ec6
action_dit_adaln_norm1,1c0f,15,8,even,21,4,bdd43e3e3e26bd54
action_dit_adaln_norm1,1c0f,15,9,odd,21,4,becebf3ebdc9beaa
action_dit_adaln_norm1,1c0f,15,10,even,21,4,bd203eacbf1ebe26
action_dit_adaln_norm1,1c0f,15,11,odd,21,4,3e573dee3eac3ee3
action_dit_adaln_norm1,1c0f,15,12,even,21,4,be473e55bec3be52
action_dit_adaln_norm1,1c0f,15,13,odd,21,4,be14be603cf8be6e
action_dit_adaln_norm1,1c0f,15,14,even,21,4,3e93bdaa3d56be22
action_dit_adaln_norm1,1c0f,15,15,odd,21,4,3e863e96bde4be96
action_dit_adaln_norm1,1c0f,15,0,even,22,4,3ede3e6e3dda3ea0
action_dit_adaln_norm1,1c0f,15,1,odd,22,4,3ec53eb4be203e05
action_dit_adaln_norm1,1c0f,15,2,even,22,4,3e28be7ebe6a3e22
action_dit_adaln_norm1,1c0f,15,3,odd,22,4,bd26befbbee0bda8
action_dit_adaln_norm1,1c0f,15,4,even,22,4,bef0be573ee73dd8
action_dit_adaln_norm1,1c0f,15,5,odd,22,4,3e4abe6cbd86be84
action_dit_adaln_norm1,1c0f,15,6,even,22,4,bd203f2d3d44bdce
action_dit_adaln_norm1,1c0f,15,7,odd,22,4,3e9bbefc3f1f3e4e
action_dit_adaln_norm1,1c0f,15,8,even,22,4,be5d3ee03d9cbb60
action_dit_adaln_norm1,1c0f,15,9,odd,22,4,3ee8be8cbe81be02
action_dit_adaln_norm1,1c0f,15,10,even,22,4,bd78bf033ea7bd18
action_dit_adaln_norm1,1c0f,15,11,odd,22,4,3d84be823d18be26
action_dit_adaln_norm1,1c0f,15,12,even,22,4,befa3ec83ebe3e15
action_dit_adaln_norm1,1c0f,15,13,odd,22,4,be60be20be063e35
action_dit_adaln_norm1,1c0f,15,14,even,22,4,3ebabe3d3e39be1d
action_dit_adaln_norm1,1c0f,15,15,odd,22,4,be4fbd3abda93e66
action_dit_adaln_norm1,1c0f,15,0,even,23,4,befc3e9a3e883e91
action_dit_adaln_norm1,1c0f,15,1,odd,23,4,3e9c3ea9be0cbcb3
action_dit_adaln_norm1,1c0f,15,2,even,23,4,3dfc3e0c3d92be05
action_dit_adaln_norm1,1c0f,15,3,odd,23,4,bf0e3d64be9abd38
action_dit_adaln_norm1,1c0f,15,4,even,23,4,3e4e3e903e87be84
action_dit_adaln_norm1,1c0f,15,5,odd,23,4,3d32be3abc30bea2
action_dit_adaln_norm1,1c0f,15,6,even,23,4,bea3be26bf08bf37
action_dit_adaln_norm1,1c0f,15,7,odd,23,4,3e853ead3c70be44
action_dit_adaln_norm1,1c0f,15,8,even,23,4,bd983e32bd71bea0
action_dit_adaln_norm1,1c0f,15,9,odd,23,4,beca3e27bbc03dd8
action_dit_adaln_norm1,1c0f,15,10,even,23,4,3f183e423f1abe22
action_dit_adaln_norm1,1c0f,15,11,odd,23,4,be2a3df03c89bdec
action_dit_adaln_norm1,1c0f,15,12,even,23,4,3e5e3f2cbe843e9a
action_dit_adaln_norm1,1c0f,15,13,odd,23,4,be9ebe443e953da4
action_dit_adaln_norm1,1c0f,15,14,even,23,4,bea6bf23be983ec5
action_dit_adaln_norm1,1c0f,15,15,odd,23,4,3dd23ec4be60bdb7
action_dit_adaln_norm1,1c10,16,0,even,0,4,bd203e8cbdc13d82
action_dit_adaln_norm1,1c10,16,1,odd,0,4,3e9a3f0ebe013e78
action_dit_adaln_norm1,1c10,16,2,even,0,4,be843e4e3e10bd64
action_dit_adaln_norm1,1c10,16,3,odd,0,4,be68bee93e37bea0
action_dit_adaln_norm1,1c10,16,4,even,0,4,bebcbdb8be08be7a
action_dit_adaln_norm1,1c10,16,5,odd,0,4,3d923e943ca4bea0
action_dit_adaln_norm1,1c10,16,6,even,0,4,3e9ebdc03df43f10
action_dit_adaln_norm1,1c10,16,7,odd,0,4,3ddbbd4c3ecdbeb7
action_dit_adaln_norm1,1c10,16,8,even,0,4,3db2bdc93f123e66
action_dit_adaln_norm1,1c10,16,9,odd,0,4,3ef0bdb43f4cbeae
action_dit_adaln_norm1,1c10,16,10,even,0,4,be58bd943e40be6f
action_dit_adaln_norm1,1c10,16,11,odd,0,4,3ec33db33ef4bcc8
action_dit_adaln_norm1,1c10,16,12,even,0,4,be003e473e52be06
action_dit_adaln_norm1,1c10,16,13,odd,0,4,3e3d3ef0bd94be2b
action_dit_adaln_norm1,1c10,16,14,even,0,4,be8cbdecbecf3f14
action_dit_adaln_norm1,1c10,16,15,odd,0,4,be3e3d98bf353de0
action_dit_adaln_norm1,1c10,16,0,even,1,4,be613c283ec83d0e
action_dit_adaln_norm1,1c10,16,1,odd,1,4,be5b3efe3eecbeb5
action_dit_adaln_norm1,1c10,16,2,even,1,4,be54bea63e1ebeee
action_dit_adaln_norm1,1c10,16,3,odd,1,4,3e953e2abf14bd26
action_dit_adaln_norm1,1c10,16,4,even,1,4,3e183d28bedcbe02
action_dit_adaln_norm1,1c10,16,5,odd,1,4,3f3abe8dbe1abbe0
action_dit_adaln_norm1,1c10,16,6,even,1,4,3e51bd5c3f34be8e
action_dit_adaln_norm1,1c10,16,7,odd,1,4,be98bf17be143da3
action_dit_adaln_norm1,1c10,16,8,even,1,4,be293e37be8c3e4f
action_dit_adaln_norm1,1c10,16,9,odd,1,4,3e183e823e3cbd00
action_dit_adaln_norm1,1c10,16,10,even,1,4,3e993e68beb6bf2b
action_dit_adaln_norm1,1c10,16,11,odd,1,4,be703f12be9dbe46
action_dit_adaln_norm1,1c10,16,12,even,1,4,be3ebeadbf113e7b
action_dit_adaln_norm1,1c10,16,13,odd,1,4,be793e09bda93ec6
action_dit_adaln_norm1,1c10,16,14,even,1,4,bec2be4fbf07bee7
action_dit_adaln_norm1,1c10,16,15,odd,1,4,3c503e823b203e12
action_dit_adaln_norm1,1c10,16,0,even,2,4,3e8a3e7fbe3abe30
action_dit_adaln_norm1,1c10,16,1,odd,2,4,bf10be563ed2bdcc
action_dit_adaln_norm1,1c10,16,2,even,2,4,3e263e2abdbabe7e
action_dit_adaln_norm1,1c10,16,3,odd,2,4,bda53e6cbe3d3f05
action_dit_adaln_norm1,1c10,16,4,even,2,4,3e8cba003e1c3e95
action_dit_adaln_norm1,1c10,16,5,odd,2,4,bcd4bea43eb03f02
action_dit_adaln_norm1,1c10,16,6,even,2,4,beaebd2c3ed0bf2d
action_dit_adaln_norm1,1c10,16,7,odd,2,4,be633e243e18bebe
action_dit_adaln_norm1,1c10,16,8,even,2,4,bdd6be6cbe3ebe84
action_dit_adaln_norm1,1c10,16,9,odd,2,4,3e9f3d203c24be9e
action_dit_adaln_norm1,1c10,16,10,even,2,4,bee33ea03e2dbeeb
action_dit_adaln_norm1,1c10,16,11,odd,2,4,3e7ebc103d0c3e6e
action_dit_adaln_norm1,1c10,16,12,even,2,4,bd74be71bda0be8a
action_dit_adaln_norm1,1c10,16,13,odd,2,4,3d873d70beabbe48
action_dit_adaln_norm1,1c10,16,14,even,2,4,3e763ec83e48bebf
action_dit_adaln_norm1,1c10,16,15,odd,2,4,3cdcba803d3c3d78
action_dit_adaln_norm1,1c10,16,0,even,3,4,be943ef8bda8bd18
action_dit_adaln_norm1,1c10,16,1,odd,3,4,3dfabe01bec6becf
action_dit_adaln_norm1,1c10,16,2,even,3,4,3db43e18bd8abe7b
action_dit_adaln_norm1,1c10,16,3,odd,3,4,3dfb3e273dcf3d82
action_dit_adaln_norm1,1c10,16,4,even,3,4,bf0e3eb4bec2bdec
action_dit_adaln_norm1,1c10,16,5,odd,3,4,3c943ec5be7fbdf7
action_dit_adaln_norm1,1c10,16,6,even,3,4,3e52bf1c3cd03dd8
action_dit_adaln_norm1,1c10,16,7,odd,3,4,3e353e44bdc13eab
action_dit_adaln_norm1,1c10,16,8,even,3,4,be75bf173e73bdc4
action_dit_adaln_norm1,1c10,16,9,odd,3,4,bb00bd8cbdea3e44
action_dit_adaln_norm1,1c10,16,10,even,3,4,3f16bdf4be133f3c
action_dit_adaln_norm1,1c10,16,11,odd,3,4,3e2e3e5a3ef83e1d
action_dit_adaln_norm1,1c10,16,12,even,3,4,bea2be863d0b3e9e
action_dit_adaln_norm1,1c10,16,13,odd,3,4,bf22be98be7ebf00
action_dit_adaln_norm1,1c10,16,14,even,3,4,3df53ea23de13e4b
action_dit_adaln_norm1,1c10,16,15,odd,3,4,be7b3ba0be3f3dfe
action_dit_adaln_norm1,1c10,16,0,even,4,4,3ed2bdb63ee23da4
action_dit_adaln_norm1,1c10,16,1,odd,4,4,3d29be6e3d183d22
action_dit_adaln_norm1,1c10,16,2,even,4,4,bd543e87bb483dca
action_dit_adaln_norm1,1c10,16,3,odd,4,4,3dfcbd9abd1c3ea8
action_dit_adaln_norm1,1c10,16,4,even,4,4,bf023d973de0be8e
action_dit_adaln_norm1,1c10,16,5,odd,4,4,bcb43e333ed83e70
action_dit_adaln_norm1,1c10,16,6,even,4,4,3e49bd88be0cbe38
action_dit_adaln_norm1,1c10,16,7,odd,4,4,be41bd38bc64bec7
action_dit_adaln_norm1,1c10,16,8,even,4,4,3eb43dc8beea3ee6
action_dit_adaln_norm1,1c10,16,9,odd,4,4,3dcebf35beb0be18
action_dit_adaln_norm1,1c10,16,10,even,4,4,3f153ef0beae3f00
action_dit_adaln_norm1,1c10,16,11,odd,4,4,bcc43f66bf003e34
action_dit_adaln_norm1,1c10,16,12,even,4,4,3eaa3f04be8bbf33
action_dit_adaln_norm1,1c10,16,13,odd,4,4,3e03beaebef3be20
action_dit_adaln_norm1,1c10,16,14,even,4,4,bf25be5ebe8abe46
action_dit_adaln_norm1,1c10,16,15,odd,4,4,3e14be473e01bd98
action_dit_adaln_norm1,1c10,16,0,even,5,4,3e653e053d55bd62
action_dit_adaln_norm1,1c10,16,1,odd,5,4,bc30be583e90bed7
action_dit_adaln_norm1,1c10,16,2,even,5,4,be0fbf00be953d30
action_dit_adaln_norm1,1c10,16,3,odd,5,4,be183e9bbf23bd92
action_dit_adaln_norm1,1c10,16,4,even,5,4,3e86bef43e9abe60
action_dit_adaln_norm1,1c10,16,5,odd,5,4,3e21bdb3bec93e07
action_dit_adaln_norm1,1c10,16,6,even,5,4,3e67be013eee3e90
action_dit_adaln_norm1,1c10,16,7,odd,5,4,3e443eb93df93ea1
action_dit_adaln_norm1,1c10,16,8,even,5,4,3f063f18bed0bbe8
action_dit_adaln_norm1,1c10,16,9,odd,5,4,3f3b3edfbdad3d90
action_dit_adaln_norm1,1c10,16,10,even,5,4,bd193e7abeefbdf1
action_dit_adaln_norm1,1c10,16,11,odd,5,4,3d053e2fbee1beb4
action_dit_adaln_norm1,1c10,16,12,even,5,4,3f26be8d3dba3e9d
action_dit_adaln_norm1,1c10,16,13,odd,5,4,be9bbd80bc103ec5
action_dit_adaln_norm1,1c10,16,14,even,5,4,3e2ebe91bde3bd80
action_dit_adaln_norm1,1c10,16,15,odd,5,4,3f00be2cbf193e7e
action_dit_adaln_norm1,1c10,16,0,even,6,4,3e0ebdc2bdeb3da4
action_dit_adaln_norm1,1c10,16,1,odd,6,4,beb8be263e493e67
action_dit_adaln_norm1,1c10,16,2,even,6,4,3eb03ee0bb403d24
action_dit_adaln_norm1,1c10,16,3,odd,6,4,3c203eb8be0b3e8c
action_dit_adaln_norm1,1c10,16,4,even,6,4,bed8bd543e9c3f04
action_dit_adaln_norm1,1c10,16,5,odd,6,4,3eb53f003d963e0e
action_dit_adaln_norm1,1c10,16,6,even,6,4,3e993ecebdb63d6e
action_dit_adaln_norm1,1c10,16,7,odd,6,4,bec63e6abe843e92
action_dit_adaln_norm1,1c10,16,8,even,6,4,3d90be523e9a3d9f
action_dit_adaln_norm1,1c10,16,9,odd,6,4,bed53e233e0cbdc4
action_dit_adaln_norm1,1c10,16,10,even,6,4,bb603e3d3e14be48
action_dit_adaln_norm1,1c10,16,11,odd,6,4,3e7fbeb33ece3c84
action_dit_adaln_norm1,1c10,16,12,even,6,4,3de43e0ebcf23e3c
action_dit_adaln_norm1,1c10,16,13,odd,6,4,3e043ebb3dc73d68
action_dit_adaln_norm1,1c10,16,14,even,6,4,be0b3e283e2dbe54
action_dit_adaln_norm1,1c10,16,15,odd,6,4,3dad3e623c603e49
action_dit_adaln_norm1,1c10,16,0,even,7,4,bd323edebe96bddb
action_dit_adaln_norm1,1c10,16,1,odd,7,4,bdedbcfebdee3e71
action_dit_adaln_norm1,1c10,16,2,even,7,4,3e3c3e28beacbe98
action_dit_adaln_norm1,1c10,16,3,odd,7,4,3d1ebc00be003c23
action_dit_adaln_norm1,1c10,16,4,even,7,4,3e4dbeabbe8abed6
action_dit_adaln_norm1,1c10,16,5,odd,7,4,be25be093d283e20
action_dit_adaln_norm1,1c10,16,6,even,7,4,bcabbe213e993dfb
action_dit_adaln_norm1,1c10,16,7,odd,7,4,3d953e25bd7ebe32
action_dit_adaln_norm1,1c10,16,8,even,7,4,bd113d1c3ec3bd10
action_dit_adaln_norm1,1c10,16,9,odd,7,4,bdbfbe2dbc9fbd02
action_dit_adaln_norm1,1c10,16,10,even,7,4,bdddbdf73e993e08
action_dit_adaln_norm1,1c10,16,11,odd,7,4,3e56be143e04bd60
action_dit_adaln_norm1,1c10,16,12,even,7,4,be90bd21bdbf3e22
action_dit_adaln_norm1,1c10,16,13,odd,7,4,3da8be4ebefbbe2c
action_dit_adaln_norm1,1c10,16,14,even,7,4,bf44bede3d4a3e20
action_dit_adaln_norm1,1c10,16,15,odd,7,4,be1dbe833eaabf07
action_dit_adaln_norm1,1c10,16,0,even,8,4,3e273dc13cb7be84
action_dit_adaln_norm1,1c10,16,1,odd,8,4,3d86be26beeebce4
action_dit_adaln_norm1,1c10,16,2,even,8,4,3f01be35be7a3e00
action_dit_adaln_norm1,1c10,16,3,odd,8,4,befabedebed83e60
action_dit_adaln_norm1,1c10,16,4,even,8,4,3e8dbe303e923e0c
action_dit_adaln_norm1,1c10,16,5,odd,8,4,bdc7befebe2dbe88
action_dit_adaln_norm1,1c10,16,6,even,8,4,bd903ef2bcfbbe91
action_dit_adaln_norm1,1c10,16,7,odd,8,4,3eadbd6abc60be4c
action_dit_adaln_norm1,1c10,16,8,even,8,4,3ea83ef4be6abe98
action_dit_adaln_norm1,1c10,16,9,odd,8,4,be743e3a3e88be74
action_dit_adaln_norm1,1c10,16,10,even,8,4,3dcc3e26be72bef8
action_dit_adaln_norm1,1c10,16,11,odd,8,4,be23be49be29be2f
action_dit_adaln_norm1,1c10,16,12,even,8,4,3e46be7e3e9f3e43
action_dit_adaln_norm1,1c10,16,13,odd,8,4,3e083daa3e963e9c
action_dit_adaln_norm1,1c10,16,14,even,8,4,3e063d68bebd3f1a
action_dit_adaln_norm1,1c10,16,15,odd,8,4,bcd2bddc3deabee9
action_dit_adaln_norm1,1c10,16,0,even,9,4,3dc8bde73ead3e7d
action_dit_adaln_norm1,1c10,16,1,odd,9,4,bde33f3abe833e0f
action_dit_adaln_norm1,1c10,16,2,even,9,4,3e703e3bbe1ebd5f
action_dit_adaln_norm1,1c10,16,3,odd,9,4,bc20bdd23ee03ee8
action_dit_adaln_norm1,1c10,16,4,even,9,4,bca0bd28beae3e90
action_dit_adaln_norm1,1c10,16,5,odd,9,4,3dd4be80bda5be8f
action_dit_adaln_norm1,1c10,16,6,even,9,4,bbec3ec7bd9e3dfa
action_dit_adaln_norm1,1c10,16,7,odd,9,4,bed4bed6be2c3e0e
action_dit_adaln_norm1,1c10,16,8,even,9,4,be2abe103e1cbdb4
action_dit_adaln_norm1,1c10,16,9,odd,9,4,3e40bda0bd70be14
action_dit_adaln_norm1,1c10,16,10,even,9,4,3dca3f003e7e3eb1
action_dit_adaln_norm1,1c10,16,11,odd,9,4,bdcc3e8d3e84be92
action_dit_adaln_norm1,1c10,16,12,even,9,4,3dd53de6bf0cbcec
action_dit_adaln_norm1,1c10,16,13,odd,9,4,3e113d8f3dabbe9f
action_dit_adaln_norm1,1c10,16,14,even,9,4,bca0bc70bde03e1d
action_dit_adaln_norm1,1c10,16,15,odd,9,4,be723e983e90be1c
action_dit_adaln_norm1,1c10,16,0,even,10,4,3e8fbe31be3dbd94
action_dit_adaln_norm1,1c10,16,1,odd,10,4,be983ecd3e413e62
action_dit_adaln_norm1,1c10,16,2,even,10,4,be0dbe70be163dc0
action_dit_adaln_norm1,1c10,16,3,odd,10,4,be8cbe9d3ec83eab
action_dit_adaln_norm1,1c10,16,4,even,10,4,be5c3e023e39be99
action_dit_adaln_norm1,1c10,16,5,odd,10,4,be8dbec1bd9e3e1e
action_dit_adaln_norm1,1c10,16,6,even,10,4,3d54bdd8bdf6be87
action_dit_adaln_norm1,1c10,16,7,odd,10,4,bec3bf053d623e28
action_dit_adaln_norm1,1c10,16,8,even,10,4,3ef03ce5bf0b3f00
action_dit_adaln_norm1,1c10,16,9,odd,10,4,3e413cd1be023f09
action_dit_adaln_norm1,1c10,16,10,even,10,4,be32bf10bee2be5f
action_dit_adaln_norm1,1c10,16,11,odd,10,4,beb43ea63ed43dab
action_dit_adaln_norm1,1c10,16,12,even,10,4,3eb73e8abef33c60
action_dit_adaln_norm1,1c10,16,13,odd,10,4,3e743c303de7bee8
action_dit_adaln_norm1,1c10,16,14,even,10,4,3e243ef6bf143b80
action_dit_adaln_norm1,1c10,16,15,odd,10,4,3ee23ef23e063e80
action_dit_adaln_norm1,1c10,16,0,even,11,4,3e1ebd18bf0c3ea1
action_dit_adaln_norm1,1c10,16,1,odd,11,4,beb3bf24bf0bbf00
action_dit_adaln_norm1,1c10,16,2,even,11,4,be5b3e6abe993eaf
action_dit_adaln_norm1,1c10,16,3,odd,11,4,3ea6be9a3e98be80
action_dit_adaln_norm1,1c10,16,4,even,11,4,bc883c90bed63cf8
action_dit_adaln_norm1,1c10,16,5,odd,11,4,bdcc3e2b3dac3ee6
action_dit_adaln_norm1,1c10,16,6,even,11,4,3e243dd23c963e0c
action_dit_adaln_norm1,1c10,16,7,odd,11,4,3eb03eadbed23ee0
action_dit_adaln_norm1,1c10,16,8,even,11,4,bdd1be97be38bda2
action_dit_adaln_norm1,1c10,16,9,odd,11,4,3d933e98bd6abe86
action_dit_adaln_norm1,1c10,16,10,even,11,4,bf003eeebe5fbdd4
action_dit_adaln_norm1,1c10,16,11,odd,11,4,3dfd3d253e583e03
action_dit_adaln_norm1,1c10,16,12,even,11,4,3ee6be8e3ee2be67
action_dit_adaln_norm1,1c10,16,13,odd,11,4,3eae3e2cbe15be62
action_dit_adaln_norm1,1c10,16,14,even,11,4,bc103d86be54be47
action_dit_adaln_norm1,1c10,16,15,odd,11,4,be4abea2bedfbe28
action_dit_adaln_norm1,1c10,16,0,even,12,4,be303e2fbf08bd50
action_dit_adaln_norm1,1c10,16,1,odd,12,4,3f24be02bdb03ddb
action_dit_adaln_norm1,1c10,16,2,even,12,4,bdc53d64bef9be95
action_dit_adaln_norm1,1c10,16,3,odd,12,4,bcdd3eb5be78be00
action_dit_adaln_norm1,1c10,16,4,even,12,4,be4a3e7cbf0c3ee3
action_dit_adaln_norm1,1c10,16,5,odd,12,4,bf103ec4be433e05
action_dit_adaln_norm1,1c10,16,6,even,12,4,bca83d4ebea03dc1
action_dit_adaln_norm1,1c10,16,7,odd,12,4,bea2bec13e5abe52
action_dit_adaln_norm1,1c10,16,8,even,12,4,3f04bf383ea7bdc2
action_dit_adaln_norm1,1c10,16,9,odd,12,4,bec0be933c68be04
action_dit_adaln_norm1,1c10,16,10,even,12,4,3e863f12bd8f3ee0
action_dit_adaln_norm1,1c10,16,11,odd,12,4,3e883e213de63e2c
action_dit_adaln_norm1,1c10,16,12,even,12,4,bebebe693f21bdfb
action_dit_adaln_norm1,1c10,16,13,odd,12,4,3edabc6fbd963e1a
action_dit_adaln_norm1,1c10,16,14,even,12,4,3e9d3ee0bdb7beb6
action_dit_adaln_norm1,1c10,16,15,odd,12,4,3dfc3d6ebe3abf23
action_dit_adaln_norm1,1c10,16,0,even,13,4,3ec1bea43ea23d87
action_dit_adaln_norm1,1c10,16,1,odd,13,4,3e5b3e8bbf0e3e58
action_dit_adaln_norm1,1c10,16,2,even,13,4,bc8ebf0ebec6bc1a
action_dit_adaln_norm1,1c10,16,3,odd,13,4,3ecb3db3bd603e44
action_dit_adaln_norm1,1c10,16,4,even,13,4,3d093e9fbee0be14
action_dit_adaln_norm1,1c10,16,5,odd,13,4,bd4e3e0cbd503e2d
action_dit_adaln_norm1,1c10,16,6,even,13,4,3daa3e0abf09bf16
action_dit_adaln_norm1,1c10,16,7,odd,13,4,be34be68bde8be81
action_dit_adaln_norm1,1c10,16,8,even,13,4,3ec6bd9fbe223e8b
action_dit_adaln_norm1,1c10,16,9,odd,13,4,be2ebd88bea83eb3
action_dit_adaln_norm1,1c10,16,10,even,13,4,3f04be453ec83ee8
action_dit_adaln_norm1,1c10,16,11,odd,13,4,3e06bdfcbc473dfa
action_dit_adaln_norm1,1c10,16,12,even,13,4,be163eb83d5dbe1a
action_dit_adaln_norm1,1c10,16,13,odd,13,4,3f0a3d23becbbf29
action_dit_adaln_norm1,1c10,16,14,even,13,4,3ec8be193cc0bece
action_dit_adaln_norm1,1c10,16,15,odd,13,4,bca8be3e3e5fbcd8
action_dit_adaln_norm1,1c10,16,0,even,14,4,bde63f073dbe3d24
action_dit_adaln_norm1,1c10,16,1,odd,14,4,be4e3e16bdb2be95
action_dit_adaln_norm1,1c10,16,2,even,14,4,bc12becabf03be1c
action_dit_adaln_norm1,1c10,16,3,odd,14,4,be2e3e273de3be79
action_dit_adaln_norm1,1c10,16,4,even,14,4,bedd3e0d3ebebcd8
action_dit_adaln_norm1,1c10,16,5,odd,14,4,3ed83e96bf033e50
action_dit_adaln_norm1,1c10,16,6,even,14,4,3ec13e9c3f30becd
action_dit_adaln_norm1,1c10,16,7,odd,14,4,3ea3be663eb6be8e
action_dit_adaln_norm1,1c10,16,8,even,14,4,3dcabe81bee8bf1b
action_dit_adaln_norm1,1c10,16,9,odd,14,4,bef23f04bec53e81
action_dit_adaln_norm1,1c10,16,10,even,14,4,be133e6d3ef2bf6e
action_dit_adaln_norm1,1c10,16,11,odd,14,4,be323e3f3ea63e95
action_dit_adaln_norm1,1c10,16,12,even,14,4,3e773e41beadbf20
action_dit_adaln_norm1,1c10,16,13,odd,14,4,bc8c3e9c3e19be0a
action_dit_adaln_norm1,1c10,16,14,even,14,4,3e4abe8abe6cbee2
action_dit_adaln_norm1,1c10,16,15,odd,14,4,bd383dcabf0d3f32
action_dit_adaln_norm1,1c10,16,0,even,15,4,bd853efd3f123f39
action_dit_adaln_norm1,1c10,16,1,odd,15,4,bcc83ee3bedcbe7e
action_dit_adaln_norm1,1c10,16,2,even,15,4,3d223dda3e4c3ce0
action_dit_adaln_norm1,1c10,16,3,odd,15,4,3ce83cc03e8e3e46
action_dit_adaln_norm1,1c10,16,4,even,15,4,3e14be5a3ed4bdcf
action_dit_adaln_norm1,1c10,16,5,odd,15,4,3d443deabdd63dea
action_dit_adaln_norm1,1c10,16,6,even,15,4,bc103f13beb2bebe
action_dit_adaln_norm1,1c10,16,7,odd,15,4,bec23e8fbe8e3f21
action_dit_adaln_norm1,1c10,16,8,even,15,4,bd303e703e31bd9a
action_dit_adaln_norm1,1c10,16,9,odd,15,4,beeebe713dc53f03
action_dit_adaln_norm1,1c10,16,10,even,15,4,3e88bdb2bda4bd74
action_dit_adaln_norm1,1c10,16,11,odd,15,4,bd22be0c3e443c94
action_dit_adaln_norm1,1c10,16,12,even,15,4,3df03ee1be5c3ef6
action_dit_adaln_norm1,1c10,16,13,odd,15,4,bd9c3e6c3d36be78
action_dit_adaln_norm1,1c10,16,14,even,15,4,beccbe02be233e1b
action_dit_adaln_norm1,1c10,16,15,odd,15,4,3bc03e12be743ee1
action_dit_adaln_norm1,1c10,16,0,even,16,4,bece3d18bdb0bc00
action_dit_adaln_norm1,1c10,16,1,odd,16,4,be7c3dffbef3be38
action_dit_adaln_norm1,1c10,16,2,even,16,4,3dbabdfc3bc83dad
action_dit_adaln_norm1,1c10,16,3,odd,16,4,be2e3e3ebdc33ef2
action_dit_adaln_norm1,1c10,16,4,even,16,4,3f1c3e1e3e76bd2d
action_dit_adaln_norm1,1c10,16,5,odd,16,4,3eb2be323e16be5d
action_dit_adaln_norm1,1c10,16,6,even,16,4,3d953e87bec83ec8
action_dit_adaln_norm1,1c10,16,7,odd,16,4,3e02beb43d59bea0
action_dit_adaln_norm1,1c10,16,8,even,16,4,bf1e3caabe2bbe86
action_dit_adaln_norm1,1c10,16,9,odd,16,4,bd84be8a3dd83e0d
action_dit_adaln_norm1,1c10,16,10,even,16,4,be563eb63d0c3d8e
action_dit_adaln_norm1,1c10,16,11,odd,16,4,be30bd8abf21bcdf
action_dit_adaln_norm1,1c10,16,12,even,16,4,3eac3d2abed8bf03
action_dit_adaln_norm1,1c10,16,13,odd,16,4,3f173f223ebabe28
action_dit_adaln_norm1,1c10,16,14,even,16,4,3eb3beaabef93e91
action_dit_adaln_norm1,1c10,16,15,odd,16,4,bdcbbebe3e48be37
action_dit_adaln_norm1,1c10,16,0,even,17,4,be143ebdbde6be18
action_dit_adaln_norm1,1c10,16,1,odd,17,4,3f0e3ef23ee2bc66
action_dit_adaln_norm1,1c10,16,2,even,17,4,3ef63ca03e3cbed6
action_dit_adaln_norm1,1c10,16,3,odd,17,4,bcfa3ef9bd863e35
action_dit_adaln_norm1,1c10,16,4,even,17,4,bede3f05bec93d84
action_dit_adaln_norm1,1c10,16,5,odd,17,4,3e1ebe3ebe04bca0
action_dit_adaln_norm1,1c10,16,6,even,17,4,bdb4bf30beae3e8d
action_dit_adaln_norm1,1c10,16,7,odd,17,4,3de4bdd93e4bbd63
action_dit_adaln_norm1,1c10,16,8,even,17,4,3e9c3af03e9bbe2c
action_dit_adaln_norm1,1c10,16,9,odd,17,4,beabbe41bd923d08
action_dit_adaln_norm1,1c10,16,10,even,17,4,3eb83d31bcacbe20
action_dit_adaln_norm1,1c10,16,11,odd,17,4,be09bc34bdcebd5c
action_dit_adaln_norm1,1c10,16,12,even,17,4,3eb1bee0be223ea6
action_dit_adaln_norm1,1c10,16,13,odd,17,4,3f2c3d463e083d3e
action_dit_adaln_norm1,1c10,16,14,even,17,4,bec4be67be8cbebf
action_dit_adaln_norm1,1c10,16,15,odd,17,4,3ecfbe983d543d14
action_dit_adaln_norm1,1c10,16,0,even,18,4,3d14bda4bde2be34
action_dit_adaln_norm1,1c10,16,1,odd,18,4,3e21bdd43b68bda4
action_dit_adaln_norm1,1c10,16,2,even,18,4,bd563c983e703d94
action_dit_adaln_norm1,1c10,16,3,odd,18,4,3eadbdd8be963e82
action_dit_adaln_norm1,1c10,16,4,even,18,4,bd263cf83e1a3e43
action_dit_adaln_norm1,1c10,16,5,odd,18,4,3d06be8bbe25be31
action_dit_adaln_norm1,1c10,16,6,even,18,4,bc60bd8c3ebabdfb
action_dit_adaln_norm1,1c10,16,7,odd,18,4,3eebbe2c3cf23db4
action_dit_adaln_norm1,1c10,16,8,even,18,4,3ebebe4d3ea23dda
action_dit_adaln_norm1,1c10,16,9,odd,18,4,beea3edebcbcbef2
action_dit_adaln_norm1,1c10,16,10,even,18,4,be463eb03d2cbd58
action_dit_adaln_norm1,1c10,16,11,odd,18,4,3f0c3ea53eb2be12
action_dit_adaln_norm1,1c10,16,12,even,18,4,3dba3ed3bc70be4b
action_dit_adaln_norm1,1c10,16,13,odd,18,4,3e163dbbbefa3e19
action_dit_adaln_norm1,1c10,16,14,even,18,4,be82bc02be69bdce
action_dit_adaln_norm1,1c10,16,15,odd,18,4,bdcbbd64bebf3d64
action_dit_adaln_norm1,1c10,16,0,even,19,4,3dab3e8fbe74bdcf
action_dit_adaln_norm1,1c10,16,1,odd,19,4,3f1a3e1f3f073eb6
action_dit_adaln_norm1,1c10,16,2,even,19,4,3e9c3f24be643eec
action_dit_adaln_norm1,1c10,16,3,odd,19,4,3ee3bd1cbf4c3e49
action_dit_adaln_norm1,1c10,16,4,even,19,4,3e763e1abf183ca0
action_dit_adaln_norm1,1c10,16,5,odd,19,4,3eec3e303e1abe21
action_dit_adaln_norm1,1c10,16,6,even,19,4,3e6cbf2fbe783df8
action_dit_adaln_norm1,1c10,16,7,odd,19,4,3f023f12be343e97
action_dit_adaln_norm1,1c10,16,8,even,19,4,be433efd3dd23ef4
action_dit_adaln_norm1,1c10,16,9,odd,19,4,3dfe3ba43e4bbeb9
action_dit_adaln_norm1,1c10,16,10,even,19,4,bcce3e983ece3eae
action_dit_adaln_norm1,1c10,16,11,odd,19,4,bf1b3eb63e283db0
action_dit_adaln_norm1,1c10,16,12,even,19,4,be8a3d803d8f3e9b
action_dit_adaln_norm1,1c10,16,13,odd,19,4,bec4bef53e163e60
action_dit_adaln_norm1,1c10,16,14,even,19,4,3e0a3e713e74be21
action_dit_adaln_norm1,1c10,16,15,odd,19,4,be04be803ec2be5c
action_dit_adaln_norm1,1c10,16,0,even,20,4,be713e9dbe9f3f32
action_dit_adaln_norm1,1c10,16,1,odd,20,4,be98be94be963e8c
action_dit_adaln_norm1,1c10,16,2,even,20,4,3e853d1c3f0c3ec0
action_dit_adaln_norm1,1c10,16,3,odd,20,4,3dddbd8ebe043e7e
action_dit_adaln_norm1,1c10,16,4,even,20,4,3e8b3e0b3dfc3eae
action_dit_adaln_norm1,1c10,16,5,odd,20,4,3e643eefbe98bddf
action_dit_adaln_norm1,1c10,16,6,even,20,4,3ea6be82bd963ebe
action_dit_adaln_norm1,1c10,16,7,odd,20,4,3eba3e223e603e19
action_dit_adaln_norm1,1c10,16,8,even,20,4,3eac3dcebcf23e2a
action_dit_adaln_norm1,1c10,16,9,odd,20,4,3eb8bd26bf1a3d21
action_dit_adaln_norm1,1c10,16,10,even,20,4,3e8ebedeba80bd9c
action_dit_adaln_norm1,1c10,16,11,odd,20,4,bea53eb1be3b3ee4
action_dit_adaln_norm1,1c10,16,12,even,20,4,be5b3e5c3ec13e89
action_dit_adaln_norm1,1c10,16,13,odd,20,4,bedd3d803d64be91
action_dit_adaln_norm1,1c10,16,14,even,20,4,be5abe6c3ec93e22
action_dit_adaln_norm1,1c10,16,15,odd,20,4,bf163e3d3dd43dc8
action_dit_adaln_norm1,1c10,16,0,even,21,4,bd00be503dbd3e35
action_dit_adaln_norm1,1c10,16,1,odd,21,4,be0abf423f283edc
action_dit_adaln_norm1,1c10,16,2,even,21,4,3ce4bcb63d933ee2
action_dit_adaln_norm1,1c10,16,3,odd,21,4,3dd7be92bf0fbe48
action_dit_adaln_norm1,1c10,16,4,even,21,4,3e6ebe8d3eaabec8
action_dit_adaln_norm1,1c10,16,5,odd,21,4,bf12be943e95bf1b
action_dit_adaln_norm1,1c10,16,6,even,21,4,3e4cbe4abefcbdb8
action_dit_adaln_norm1,1c10,16,7,odd,21,4,beaabf36bda3bdb8
action_dit_adaln_norm1,1c10,16,8,even,21,4,bd93bd343e183cc1
action_dit_adaln_norm1,1c10,16,9,odd,21,4,be3cbf443eb1bf80
action_dit_adaln_norm1,1c10,16,10,even,21,4,bd703edebeb13e22
action_dit_adaln_norm1,1c10,16,11,odd,21,4,3edb3e133dca3ea9
action_dit_adaln_norm1,1c10,16,12,even,21,4,bef93e9fbe9e3d95
action_dit_adaln_norm1,1c10,16,13,odd,21,4,beb83e14bd8abe0c
action_dit_adaln_norm1,1c10,16,14,even,21,4,3dd03c50bdbebe68
action_dit_adaln_norm1,1c10,16,15,odd,21,4,3e85bdbcbe1ebb40
action_dit_adaln_norm1,1c10,16,0,even,22,4,3efc3d803d403ea0
action_dit_adaln_norm1,1c10,16,1,odd,22,4,be093e3abea0bd42
action_dit_adaln_norm1,1c10,16,2,even,22,4,3c38be44bea03e34
action_dit_adaln_norm1,1c10,16,3,odd,22,4,bef8be95be933e92
action_dit_adaln_norm1,1c10,16,4,even,22,4,bea4bb00bd58bc50
action_dit_adaln_norm1,1c10,16,5,odd,22,4,be3c3d98be57be78
action_dit_adaln_norm1,1c10,16,6,even,22,4,3ce03f3dbea83c22
action_dit_adaln_norm1,1c10,16,7,odd,22,4,3e4ebe453f003e15
action_dit_adaln_norm1,1c10,16,8,even,22,4,3dc83e8e3da63e34
action_dit_adaln_norm1,1c10,16,9,odd,22,4,3e8ebee93d70be73
action_dit_adaln_norm1,1c10,16,10,even,22,4,be603de43dc83dbc
action_dit_adaln_norm1,1c10,16,11,odd,22,4,3d49beb03e963ddc
action_dit_adaln_norm1,1c10,16,12,even,22,4,bed03f003f07be2c
action_dit_adaln_norm1,1c10,16,13,odd,22,4,3d5c3e25bbaebc6f
action_dit_adaln_norm1,1c10,16,14,even,22,4,3e753d8c3e27be9c
action_dit_adaln_norm1,1c10,16,15,odd,22,4,3e0cbe26be193d1c
action_dit_adaln_norm1,1c10,16,0,even,23,4,be6d3e6ebd1e3e63
action_dit_adaln_norm1,1c10,16,1,odd,23,4,3eca3eb1be99be3e
action_dit_adaln_norm1,1c10,16,2,even,23,4,3e7d3e7abe20be74
action_dit_adaln_norm1,1c10,16,3,odd,23,4,bf26bd80be14be99
action_dit_adaln_norm1,1c10,16,4,even,23,4,be7abdb03f06beb3
action_dit_adaln_norm1,1c10,16,5,odd,23,4,3dc5be38be763e03
action_dit_adaln_norm1,1c10,16,6,even,23,4,bf30beb4be71be8e
action_dit_adaln_norm1,1c10,16,7,odd,23,4,3e8f3e893c0b3ccc
action_dit_adaln_norm1,1c10,16,8,even,23,4,be143bc03e63becd
action_dit_adaln_norm1,1c10,16,9,odd,23,4,be663d363ca83eb4
action_dit_adaln_norm1,1c10,16,10,even,23,4,3eff3eca3d40be3c
action_dit_adaln_norm1,1c10,16,11,odd,23,4,be943d8b3e1b3e3c
action_dit_adaln_norm1,1c10,16,12,even,23,4,3e903edabe103ec0
action_dit_adaln_norm1,1c10,16,13,odd,23,4,bf2fbe723ea6bd8a
action_dit_adaln_norm1,1c10,16,14,even,23,4,be19be723dac3c60
action_dit_adaln_norm1,1c10,16,15,odd,23,4,3e583edcbce03eb7
action_dit_adaln_norm1,1c11,17,0,even,0,4,bd9e3e60bdf4bd8f
action_dit_adaln_norm1,1c11,17,1,odd,0,4,3eaa3e6d3d383efb
action_dit_adaln_norm1,1c11,17,2,even,0,4,bcc83ee23e80bda6
action_dit_adaln_norm1,1c11,17,3,odd,0,4,be38bee63e78be5f
action_dit_adaln_norm1,1c11,17,4,even,0,4,bea000003e42bec6
action_dit_adaln_norm1,1c11,17,5,odd,0,4,bdfd3ee4b880be58
action_dit_adaln_norm1,1c11,17,6,even,0,4,3e8bbf04bd043f00
action_dit_adaln_norm1,1c11,17,7,odd,0,4,3eaabe2a3ef33e1a
action_dit_adaln_norm1,1c11,17,8,even,0,4,bd733c4c3c303ead
action_dit_adaln_norm1,1c11,17,9,odd,0,4,3f1bbe343f40bf07
action_dit_adaln_norm1,1c11,17,10,even,0,4,bde7be4e3db8be26
action_dit_adaln_norm1,1c11,17,11,odd,0,4,3ec83e3c3e9f3e35
action_dit_adaln_norm1,1c11,17,12,even,0,4,be4a3e053f0fbc03
action_dit_adaln_norm1,1c11,17,13,odd,0,4,3dfc3e813e23bea2
action_dit_adaln_norm1,1c11,17,14,even,0,4,be9bbec1bebc3f06
action_dit_adaln_norm1,1c11,17,15,odd,0,4,bdb83d0cbe58be49
action_dit_adaln_norm1,1c11,17,0,even,1,4,be663dfa3ea8be57
action_dit_adaln_norm1,1c11,17,1,odd,1,4,be123f0a3e7dbebc
action_dit_adaln_norm1,1c11,17,2,even,1,4,bc403b98bdbbbe4c
action_dit_adaln_norm1,1c11,17,3,odd,1,4,3eaabe7abf363daa
action_dit_adaln_norm1,1c11,17,4,even,1,4,beaf3eabbf14bd58
action_dit_adaln_norm1,1c11,17,5,odd,1,4,3eccbdf2be733d88
action_dit_adaln_norm1,1c11,17,6,even,1,4,3d96becc3e8bbd23
action_dit_adaln_norm1,1c11,17,7,odd,1,4,be08bf0bbd80be42
action_dit_adaln_norm1,1c11,17,8,even,1,4,3d763e86bdc33dce
action_dit_adaln_norm1,1c11,17,9,odd,1,4,3cdf3ea5bea33e2f
action_dit_adaln_norm1,1c11,17,10,even,1,4,3e6dbe28beb9bf05
action_dit_adaln_norm1,1c11,17,11,odd,1,4,bde83f38bf12be05
action_dit_adaln_norm1,1c11,17,12,even,1,4,bdb3bf26bf203e45
action_dit_adaln_norm1,1c11,17,13,odd,1,4,bec93dfcbe7b3c9e
action_dit_adaln_norm1,1c11,17,14,even,1,4,beabbeb9be95be86
action_dit_adaln_norm1,1c11,17,15,odd,1,4,3d88bd463ba03e32
action_dit_adaln_norm1,1c11,17,0,even,2,4,3eb03eaebe3b3c10
action_dit_adaln_norm1,1c11,17,1,odd,2,4,bf1abebc3e74be29
action_dit_adaln_norm1,1c11,17,2,even,2,4,3eae3e04be52beb0
action_dit_adaln_norm1,1c11,17,3,odd,2,4,be173e22be503f0a
action_dit_adaln_norm1,1c11,17,4,even,2,4,3e4f3db83ea03ec3
action_dit_adaln_norm1,1c11,17,5,odd,2,4,bee3bebd3e443ebf
action_dit_adaln_norm1,1c11,17,6,even,2,4,bedbbde83effbebe
action_dit_adaln_norm1,1c11,17,7,odd,2,4,be9ebe2b3e94bea4
action_dit_adaln_norm1,1c11,17,8,even,2,4,be18be7abeb0be56
action_dit_adaln_norm1,1c11,17,9,odd,2,4,3ea83dfcbd98bec8
action_dit_adaln_norm1,1c11,17,10,even,2,4,be683e593eeabf1e
action_dit_adaln_norm1,1c11,17,11,odd,2,4,3e543e38bdc83e4e
action_dit_adaln_norm1,1c11,17,12,even,2,4,3e7a3e523db03c88
action_dit_adaln_norm1,1c11,17,13,odd,2,4,be6dbdc8bf03be9e
action_dit_adaln_norm1,1c11,17,14,even,2,4,3ec83ecf3dc4bd62
action_dit_adaln_norm1,1c11,17,15,odd,2,4,be123ddd3ebe3eb5
action_dit_adaln_norm1,1c11,17,0,even,3,4,be823ec8bcb0bcac
action_dit_adaln_norm1,1c11,17,1,odd,3,4,3e7cbe86bee83d62
action_dit_adaln_norm1,1c11,17,2,even,3,4,3e143d04be01bdcc
action_dit_adaln_norm1,1c11,17,3,odd,3,4,3def3ee83e543ebc
action_dit_adaln_norm1,1c11,17,4,even,3,4,bf163dd4bf093e01
action_dit_adaln_norm1,1c11,17,5,odd,3,4,3d043db6befbbdee
action_dit_adaln_norm1,1c11,17,6,even,3,4,3ea8bf0e3ea43e90
action_dit_adaln_norm1,1c11,17,7,odd,3,4,bd993e423d823ee8
action_dit_adaln_norm1,1c11,17,8,even,3,4,bdc6bf303ca8beaf
action_dit_adaln_norm1,1c11,17,9,odd,3,4,3ebebe983cd4be7b
action_dit_adaln_norm1,1c11,17,10,even,3,4,3f34bce8bee43f0e
action_dit_adaln_norm1,1c11,17,11,odd,3,4,3e563e953ec2be59
action_dit_adaln_norm1,1c11,17,12,even,3,4,bebdbe603dcdbe40
action_dit_adaln_norm1,1c11,17,13,odd,3,4,bedebe4a3e15bea2
action_dit_adaln_norm1,1c11,17,14,even,3,4,3daa3ea9bddebd7a
action_dit_adaln_norm1,1c11,17,15,odd,3,4,be02be05be1cbe24
action_dit_adaln_norm1,1c11,17,0,even,4,4,bcd6bd203eb53dfe
action_dit_adaln_norm1,1c11,17,1,odd,4,4,be98bdb6be7b3d20
action_dit_adaln_norm1,1c11,17,2,even,4,4,be303e44bd7ebe2c
action_dit_adaln_norm1,1c11,17,3,odd,4,4,3ce0bec43e343f0b
action_dit_adaln_norm1,1c11,17,4,even,4,4,be4ebeb73d44bca8
action_dit_adaln_norm1,1c11,17,5,odd,4,4,be543ed23ee5bd78
action_dit_adaln_norm1,1c11,17,6,even,4,4,3e2cbc40bd80bece
action_dit_adaln_norm1,1c11,17,7,odd,4,4,be33be4a3dfd3d91
action_dit_adaln_norm1,1c11,17,8,even,4,4,3e763d7cbf143e92
action_dit_adaln_norm1,1c11,17,9,odd,4,4,3e44be90be8fbdf3
action_dit_adaln_norm1,1c11,17,10,even,4,4,3e703f15be693f26
action_dit_adaln_norm1,1c11,17,11,odd,4,4,bd043f3fbeaa3d24
action_dit_adaln_norm1,1c11,17,12,even,4,4,3f133ef1bdf6bf14
action_dit_adaln_norm1,1c11,17,13,odd,4,4,bc98be28bec2be85
action_dit_adaln_norm1,1c11,17,14,even,4,4,bf08bc70be60bd37
action_dit_adaln_norm1,1c11,17,15,odd,4,4,3ef23e033e853d58
action_dit_adaln_norm1,1c11,17,0,even,5,4,3e8e3e4f3e463ec7
action_dit_adaln_norm1,1c11,17,1,odd,5,4,3d80bd033e32bebc
action_dit_adaln_norm1,1c11,17,2,even,5,4,bdd8bf1abe873e2a
action_dit_adaln_norm1,1c11,17,3,odd,5,4,be6a3f06bf1f3e7f
action_dit_adaln_norm1,1c11,17,4,even,5,4,3db6bf083da63d98
action_dit_adaln_norm1,1c11,17,5,odd,5,4,3debbe15be6e3e85
action_dit_adaln_norm1,1c11,17,6,even,5,4,3e423ec63e9d3e54
action_dit_adaln_norm1,1c11,17,7,odd,5,4,3d9d3e9e3e1a3dfa
action_dit_adaln_norm1,1c11,17,8,even,5,4,3f0b3e38bf05bb38
action_dit_adaln_norm1,1c11,17,9,odd,5,4,3efa3e9e3ebabe5b
action_dit_adaln_norm1,1c11,17,10,even,5,4,3d643da6bef0be20
action_dit_adaln_norm1,1c11,17,11,odd,5,4,3e43be63be98bdda
action_dit_adaln_norm1,1c11,17,12,even,5,4,3f2dbe4e3dc23e14
action_dit_adaln_norm1,1c11,17,13,odd,5,4,be663e633d443e94
action_dit_adaln_norm1,1c11,17,14,even,5,4,3d98bf0abe2ebe2e
action_dit_adaln_norm1,1c11,17,15,odd,5,4,3f043e66bf253dd1
action_dit_adaln_norm1,1c11,17,0,even,6,4,be7e3d10be0c3f3b
action_dit_adaln_norm1,1c11,17,1,odd,6,4,bee23e3c3ef2bdea
action_dit_adaln_norm1,1c11,17,2,even,6,4,3ea23ded3bb03e02
action_dit_adaln_norm1,1c11,17,3,odd,6,4,be7a3eb5bdb5bd32
action_dit_adaln_norm1,1c11,17,4,even,6,4,beefbe2d3c4a3e04
action_dit_adaln_norm1,1c11,17,5,odd,6,4,3e483f4fbe593d14
action_dit_adaln_norm1,1c11,17,6,even,6,4,3ca53ef8be6c3a00
action_dit_adaln_norm1,1c11,17,7,odd,6,4,bea53cf0be983eca
action_dit_adaln_norm1,1c11,17,8,even,6,4,3e563d4e3e4cbd90
action_dit_adaln_norm1,1c11,17,9,odd,6,4,be68be0d3d763d34
action_dit_adaln_norm1,1c11,17,10,even,6,4,be04bdadbdc3be34
action_dit_adaln_norm1,1c11,17,11,odd,6,4,3ead3db83e82be86
action_dit_adaln_norm1,1c11,17,12,even,6,4,3e943e5f3d8f3efa
action_dit_adaln_norm1,1c11,17,13,odd,6,4,bcb0bcb4bed5be0f
action_dit_adaln_norm1,1c11,17,14,even,6,4,bee9be663d44be28
action_dit_adaln_norm1,1c11,17,15,odd,6,4,3e923ed2bb803c50
action_dit_adaln_norm1,1c11,17,0,even,7,4,3d303ed9be5d3d76
action_dit_adaln_norm1,1c11,17,1,odd,7,4,3d443d1cbe7c3e62
action_dit_adaln_norm1,1c11,17,2,even,7,4,bd4abbb0bde9be28
action_dit_adaln_norm1,1c11,17,3,odd,7,4,bdf9be68bda43c80
action_dit_adaln_norm1,1c11,17,4,even,7,4,3e42bef2be3bbe58
action_dit_adaln_norm1,1c11,17,5,odd,7,4,3dcabf013e3b3e0c
action_dit_adaln_norm1,1c11,17,6,even,7,4,beb0be963eab3e86
action_dit_adaln_norm1,1c11,17,7,odd,7,4,3d0e3e46bdc8beb6
action_dit_adaln_norm1,1c11,17,8,even,7,4,bd163eb63e8e3e0b
action_dit_adaln_norm1,1c11,17,9,odd,7,4,3e5bbd70be51bca0
action_dit_adaln_norm1,1c11,17,10,even,7,4,bb9cbe833e443ede
action_dit_adaln_norm1,1c11,17,11,odd,7,4,3e26be4abd973e9b
action_dit_adaln_norm1,1c11,17,12,even,7,4,be6d3dc2be03bd6c
action_dit_adaln_norm1,1c11,17,13,odd,7,4,bd58be04bec23d44
action_dit_adaln_norm1,1c11,17,14,even,7,4,bee0beebbd283e4d
action_dit_adaln_norm1,1c11,17,15,odd,7,4,3d3cbebe3ed8bf26
action_dit_adaln_norm1,1c11,17,0,even,8,4,3e4ebd743db13d96
action_dit_adaln_norm1,1c11,17,1,odd,8,4,3e1dbc40bea2bd82
action_dit_adaln_norm1,1c11,17,2,even,8,4,3eca3c80be3c3f1f
action_dit_adaln_norm1,1c11,17,3,odd,8,4,bed0bf24bec93e9c
action_dit_adaln_norm1,1c11,17,4,even,8,4,3f31becfbc303c88
action_dit_adaln_norm1,1c11,17,5,odd,8,4,be00bf01bdf8bede
action_dit_adaln_norm1,1c11,17,6,even,8,4,beac3eb4bd8ebee2
action_dit_adaln_norm1,1c11,17,7,odd,8,4,3ef8bc70be38beb0
action_dit_adaln_norm1,1c11,17,8,even,8,4,3f183f08be1cbdf8
action_dit_adaln_norm1,1c11,17,9,odd,8,4,bd683e603eaabdde
action_dit_adaln_norm1,1c11,17,10,even,8,4,3e243d5cbdf0beb8
action_dit_adaln_norm1,1c11,17,11,odd,8,4,bdd43e2ebdfebea5
action_dit_adaln_norm1,1c11,17,12,even,8,4,3c103ac03e8ebd78
action_dit_adaln_norm1,1c11,17,13,odd,8,4,3e553edd3ea43e31
action_dit_adaln_norm1,1c11,17,14,even,8,4,3e823eafbd963edf
action_dit_adaln_norm1,1c11,17,15,odd,8,4,be46bebe3e11bf08
action_dit_adaln_norm1,1c11,17,0,even,9,4,3e993d8a3eccbd9c
action_dit_adaln_norm1,1c11,17,1,odd,9,4,bc043f80be5a3ea6
action_dit_adaln_norm1,1c11,17,2,even,9,4,3ee2bd40bdc1be82
action_dit_adaln_norm1,1c11,17,3,odd,9,4,be29be7a3e823f15
action_dit_adaln_norm1,1c11,17,4,even,9,4,3e123dd3be463e4d
action_dit_adaln_norm1,1c11,17,5,odd,9,4,3c9cbdf4bd383c10
action_dit_adaln_norm1,1c11,17,6,even,9,4,3e9a3e47be503ef0
action_dit_adaln_norm1,1c11,17,7,odd,9,4,becfbe063e103db0
action_dit_adaln_norm1,1c11,17,8,even,9,4,bedabea53e67be84
action_dit_adaln_norm1,1c11,17,9,odd,9,4,3eae3ded3d92be83
action_dit_adaln_norm1,1c11,17,10,even,9,4,3df73e303cd43ef8
action_dit_adaln_norm1,1c11,17,11,odd,9,4,3dadbd623ccebd1e
action_dit_adaln_norm1,1c11,17,12,even,9,4,3d33be2cbf0ebe1c
action_dit_adaln_norm1,1c11,17,13,odd,9,4,bdfc3e84bd4ebf0e
action_dit_adaln_norm1,1c11,17,14,even,9,4,bf183d94be823df8
action_dit_adaln_norm1,1c11,17,15,odd,9,4,bed03ec03e92bd2f
action_dit_adaln_norm1,1c11,17,0,even,10,4,3edc3e543d50bd78
action_dit_adaln_norm1,1c11,17,1,odd,10,4,be8c3e3c3e993dd3
action_dit_adaln_norm1,1c11,17,2,even,10,4,3da2be36bee7bc72
action_dit_adaln_norm1,1c11,17,3,odd,10,4,bda3bef63e7e3e34
action_dit_adaln_norm1,1c11,17,4,even,10,4,be0b3ee23e0cbf02
action_dit_adaln_norm1,1c11,17,5,odd,10,4,3d4cbeaf3e1ebe0b
action_dit_adaln_norm1,1c11,17,6,even,10,4,3d9abe8f3d28be80
action_dit_adaln_norm1,1c11,17,7,odd,10,4,bf0dbea4beaa3e9c
action_dit_adaln_norm1,1c11,17,8,even,10,4,3e543e25bf0bbdb0
action_dit_adaln_norm1,1c11,17,9,odd,10,4,3eb83eb6bc703ef4
action_dit_adaln_norm1,1c11,17,10,even,10,4,bee7be52bf09be29
action_dit_adaln_norm1,1c11,17,11,odd,10,4,be643f3d3ebebdc8
action_dit_adaln_norm1,1c11,17,12,even,10,4,3eac3e91be94bdf7
action_dit_adaln_norm1,1c11,17,13,odd,10,4,3dac3e003e22beae
action_dit_adaln_norm1,1c11,17,14,even,10,4,bd8a3e88bed73e66
action_dit_adaln_norm1,1c11,17,15,odd,10,4,3f0a3e403e2cbc30
action_dit_adaln_norm1,1c11,17,0,even,11,4,3e16bd04bf0e3f32
action_dit_adaln_norm1,1c11,17,1,odd,11,4,be78bf25bf26bf0f
action_dit_adaln_norm1,1c11,17,2,even,11,4,bddc3ed4bf223eff
action_dit_adaln_norm1,1c11,17,3,odd,11,4,3c3cbe833d10bec2
action_dit_adaln_norm1,1c11,17,4,even,11,4,3ed0bdb5bee43e83
action_dit_adaln_norm1,1c11,17,5,odd,11,4,bd003ee0bc203eac
action_dit_adaln_norm1,1c11,17,6,even,11,4,be22be943e723ec6
action_dit_adaln_norm1,1c11,17,7,odd,11,4,3f0a3e64bede3cc4
action_dit_adaln_norm1,1c11,17,8,even,11,4,be81be62bcb0bca4
action_dit_adaln_norm1,1c11,17,9,odd,11,4,be213d723d9ebefe
action_dit_adaln_norm1,1c11,17,10,even,11,4,bf083ec8be4f3e68
action_dit_adaln_norm1,1c11,17,11,odd,11,4,3e00beea3e653e1c
action_dit_adaln_norm1,1c11,17,12,even,11,4,3f0dbda33ec8bd6a
action_dit_adaln_norm1,1c11,17,13,odd,11,4,3eb83ebabe693dde
action_dit_adaln_norm1,1c11,17,14,even,11,4,bd1a3e74be9f3d20
action_dit_adaln_norm1,1c11,17,15,odd,11,4,be4ebea7bedfbe1e
action_dit_adaln_norm1,1c11,17,0,even,12,4,beac3e58be63bd56
action_dit_adaln_norm1,1c11,17,1,odd,12,4,3f10bde3bdb83ebc
action_dit_adaln_norm1,1c11,17,2,even,12,4,be16be22bf09bf38
action_dit_adaln_norm1,1c11,17,3,odd,12,4,3d08bde5bdc0be65
action_dit_adaln_norm1,1c11,17,4,even,12,4,be863d78bf1b3ed4
action_dit_adaln_norm1,1c11,17,5,odd,12,4,bf183f003ea0bcb8
action_dit_adaln_norm1,1c11,17,6,even,12,4,be0a3dadbd943d94
action_dit_adaln_norm1,1c11,17,7,odd,12,4,be88bf02be27be15
action_dit_adaln_norm1,1c11,17,8,even,12,4,3f06bea53e96bed7
action_dit_adaln_norm1,1c11,17,9,odd,12,4,bee2be4abdc8be87
action_dit_adaln_norm1,1c11,17,10,even,12,4,3e8c3f133e103ed4
action_dit_adaln_norm1,1c11,17,11,odd,12,4,3e303e943e683da0
action_dit_adaln_norm1,1c11,17,12,even,12,4,bdfcbb883f01beba
action_dit_adaln_norm1,1c11,17,13,odd,12,4,3e80be343dac3dce
action_dit_adaln_norm1,1c11,17,14,even,12,4,3eae3e743ca8beea
action_dit_adaln_norm1,1c11,17,15,odd,12,4,bdf33d96beb2bf0f
action_dit_adaln_norm1,1c11,17,0,even,13,4,3e25bc483f1cbe90
action_dit_adaln_norm1,1c11,17,1,odd,13,4,be583e7cbefc3e9e
action_dit_adaln_norm1,1c11,17,2,even,13,4,3dc7bef23db6be43
action_dit_adaln_norm1,1c11,17,3,odd,13,4,3eccbda23d9e3dde
action_dit_adaln_norm1,1c11,17,4,even,13,4,3ccc3ea9be0abf2a
action_dit_adaln_norm1,1c11,17,5,odd,13,4,3ea9be4d3da63ed6
action_dit_adaln_norm1,1c11,17,6,even,13,4,bea93e3ebf31be34
action_dit_adaln_norm1,1c11,17,7,odd,13,4,bed6beabbe58be10
action_dit_adaln_norm1,1c11,17,8,even,13,4,3ed43da6bda43d58
action_dit_adaln_norm1,1c11,17,9,odd,13,4,bd16be4fbf113eb0
action_dit_adaln_norm1,1c11,17,10,even,13,4,3e9bbdd63ef63f12
action_dit_adaln_norm1,1c11,17,11,odd,13,4,3e67bea2bde03cb2
action_dit_adaln_norm1,1c11,17,12,even,13,4,be703e933dfcbed8
action_dit_adaln_norm1,1c11,17,13,odd,13,4,3ea7bd3cbee1befa
action_dit_adaln_norm1,1c11,17,14,even,13,4,3ec33e0b3e10bf13
action_dit_adaln_norm1,1c11,17,15,odd,13,4,bd683d763eaabda9
action_dit_adaln_norm1,1c11,17,0,even,14,4,3da73f1cbd7f3d30
action_dit_adaln_norm1,1c11,17,1,odd,14,4,be783e60bdb3be90
action_dit_adaln_norm1,1c11,17,2,even,14,4,bdeebea0bf0dbec4
action_dit_adaln_norm1,1c11,17,3,odd,14,4,be233e36bdd53db2
action_dit_adaln_norm1,1c11,17,4,even,14,4,bf223c703e783e24
action_dit_adaln_norm1,1c11,17,5,odd,14,4,3eba3e15bef73e15
action_dit_adaln_norm1,1c11,17,6,even,14,4,3e883d633f11be84
action_dit_adaln_norm1,1c11,17,7,odd,14,4,3eb8bded3dacbeb2
action_dit_adaln_norm1,1c11,17,8,even,14,4,3e03beb6bf02be10
action_dit_adaln_norm1,1c11,17,9,odd,14,4,be983ea6bf083c40
action_dit_adaln_norm1,1c11,17,10,even,14,4,be2dbde0bda4bf16
action_dit_adaln_norm1,1c11,17,11,odd,14,4,be303c003da0bd00
action_dit_adaln_norm1,1c11,17,12,even,14,4,3e6d3e00becebeed
action_dit_adaln_norm1,1c11,17,13,odd,14,4,3e253e40bc8cbd40
action_dit_adaln_norm1,1c11,17,14,even,14,4,3d3ebe8f3e85bf0c
action_dit_adaln_norm1,1c11,17,15,odd,14,4,3dba3e2dbf653e85
action_dit_adaln_norm1,1c11,17,0,even,15,4,be773e733eb73ec7
action_dit_adaln_norm1,1c11,17,1,odd,15,4,3ed33ea6bec03dbe
action_dit_adaln_norm1,1c11,17,2,even,15,4,3e483e06be723e5a
action_dit_adaln_norm1,1c11,17,3,odd,15,4,3e88bdb63dbe3dc0
action_dit_adaln_norm1,1c11,17,4,even,15,4,3f08be223e61bd48
action_dit_adaln_norm1,1c11,17,5,odd,15,4,3e2c3e443e863ebf
action_dit_adaln_norm1,1c11,17,6,even,15,4,3da43d7ebeb8be4a
action_dit_adaln_norm1,1c11,17,7,odd,15,4,be05be9abf283eda
action_dit_adaln_norm1,1c11,17,8,even,15,4,3d243eb03e86bdc4
action_dit_adaln_norm1,1c11,17,9,odd,15,4,be9ebe94bdf03f48
action_dit_adaln_norm1,1c11,17,10,even,15,4,3ddebe91be4c0000
action_dit_adaln_norm1,1c11,17,11,odd,15,4,3ce83e2c3f0a3e3c
action_dit_adaln_norm1,1c11,17,12,even,15,4,3e5a3e94be633f1b
action_dit_adaln_norm1,1c11,17,13,odd,15,4,bbc03d18bd08bda2
action_dit_adaln_norm1,1c11,17,14,even,15,4,bee4bd26be253eb3
action_dit_adaln_norm1,1c11,17,15,odd,15,4,be30be80bf263df6
action_dit_adaln_norm1,1c11,17,0,even,16,4,beb43deabe6cbe1a
action_dit_adaln_norm1,1c11,17,1,odd,16,4,bd5c3d78bf42beec
action_dit_adaln_norm1,1c11,17,2,even,16,4,3d5f3ea1bd60bdd8
action_dit_adaln_norm1,1c11,17,3,odd,16,4,bcb0bb403e083e69
action_dit_adaln_norm1,1c11,17,4,even,16,4,3ec53e763ef2bd3c
action_dit_adaln_norm1,1c11,17,5,odd,16,4,bdbdbe18bd75be8f
action_dit_adaln_norm1,1c11,17,6,even,16,4,3d9a3e60bed03e83
action_dit_adaln_norm1,1c11,17,7,odd,16,4,3e7abf243e3cbdae
action_dit_adaln_norm1,1c11,17,8,even,16,4,bf3ebd913e05be14
action_dit_adaln_norm1,1c11,17,9,odd,16,4,3dddbc8b3daa3f05
action_dit_adaln_norm1,1c11,17,10,even,16,4,be8c3e3fbdbc3e77
action_dit_adaln_norm1,1c11,17,11,odd,16,4,3cfe3e18be85be20
action_dit_adaln_norm1,1c11,17,12,even,16,4,3ea03e37bf30bc04
action_dit_adaln_norm1,1c11,17,13,odd,16,4,3ecb3ecc3efabe5c
action_dit_adaln_norm1,1c11,17,14,even,16,4,3e6bbdbdbe143e24
action_dit_adaln_norm1,1c11,17,15,odd,16,4,3e17be863e47beb5
action_dit_adaln_norm1,1c11,17,0,even,17,4,3d863e87bdc1be9c
action_dit_adaln_norm1,1c11,17,1,odd,17,4,3f273f443ecbbd58
action_dit_adaln_norm1,1c11,17,2,even,17,4,3e52be2e3e2dbde3
action_dit_adaln_norm1,1c11,17,3,odd,17,4,3e2ebd64be743d1e
action_dit_adaln_norm1,1c11,17,4,even,17,4,bee73ecebefb3eb0
action_dit_adaln_norm1,1c11,17,5,odd,17,4,3c903e21be81beaf
action_dit_adaln_norm1,1c11,17,6,even,17,4,3e30bed4be843eaa
action_dit_adaln_norm1,1c11,17,7,odd,17,4,3e103d463e52bd32
action_dit_adaln_norm1,1c11,17,8,even,17,4,3e28be403f16bc10
action_dit_adaln_norm1,1c11,17,9,odd,17,4,bf0bbeb9be693e90
action_dit_adaln_norm1,1c11,17,10,even,17,4,3d54bdc83d50be63
action_dit_adaln_norm1,1c11,17,11,odd,17,4,be89bdecbefabda6
action_dit_adaln_norm1,1c11,17,12,even,17,4,3e3abed33cc03e57
action_dit_adaln_norm1,1c11,17,13,odd,17,4,3f2e3e74bdd83da4
action_dit_adaln_norm1,1c11,17,14,even,17,4,bd91bdf4be4cbe96
action_dit_adaln_norm1,1c11,17,15,odd,17,4,3ebabd043dd4bc80
action_dit_adaln_norm1,1c11,17,0,even,18,4,3e8ebcecbe643ea1
action_dit_adaln_norm1,1c11,17,1,odd,18,4,bd7c3e913e9abdf8
action_dit_adaln_norm1,1c11,17,2,even,18,4,be32be663d8e3d34
action_dit_adaln_norm1,1c11,17,3,odd,18,4,bd843ea6be963da1
action_dit_adaln_norm1,1c11,17,4,even,18,4,bdc03e083cbc3d86
action_dit_adaln_norm1,1c11,17,5,odd,18,4,bc8cbeba3d9fbde5
action_dit_adaln_norm1,1c11,17,6,even,18,4,3e64be3a3dbc3d28
action_dit_adaln_norm1,1c11,17,7,odd,18,4,3eecbe943b603dd8
action_dit_adaln_norm1,1c11,17,8,even,18,4,3e93be883e0a3e6c
action_dit_adaln_norm1,1c11,17,9,odd,18,4,be783ebcbe4c3d0c
action_dit_adaln_norm1,1c11,17,10,even,18,4,beb43f25be973cec
action_dit_adaln_norm1,1c11,17,11,odd,18,4,3f143ec13ee7bd04
action_dit_adaln_norm1,1c11,17,12,even,18,4,3e283e4cbd1c3dcd
action_dit_adaln_norm1,1c11,17,13,odd,18,4,3d6a3e6bbec73e87
action_dit_adaln_norm1,1c11,17,14,even,18,4,bc30be18be88be5c
action_dit_adaln_norm1,1c11,17,15,odd,18,4,3d56be96bebabca4
action_dit_adaln_norm1,1c11,17,0,even,19,4,3e2a3f18bdbdbe77
action_dit_adaln_norm1,1c11,17,1,odd,19,4,3f14bdca3f223ee7
action_dit_adaln_norm1,1c11,17,2,even,19,4,3f2e3ed4be403ed8
action_dit_adaln_norm1,1c11,17,3,odd,19,4,3c803e64bea33dbb
action_dit_adaln_norm1,1c11,17,4,even,19,4,3e9cbdd3bec23e21
action_dit_adaln_norm1,1c11,17,5,odd,19,4,3f1c3dfd3e5abdca
action_dit_adaln_norm1,1c11,17,6,even,19,4,3d62beec3d803f05
action_dit_adaln_norm1,1c11,17,7,odd,19,4,3edd3ef83dac3efc
action_dit_adaln_norm1,1c11,17,8,even,19,4,bd603ef63d183ec3
action_dit_adaln_norm1,1c11,17,9,odd,19,4,3ea2beed3e32bf24
action_dit_adaln_norm1,1c11,17,10,even,19,4,3dee3eae3e7f3e85
action_dit_adaln_norm1,1c11,17,11,odd,19,4,be683ebd3e493d50
action_dit_adaln_norm1,1c11,17,12,even,19,4,bec93d683ebc3e0e
action_dit_adaln_norm1,1c11,17,13,odd,19,4,3df6bf073d40bd50
action_dit_adaln_norm1,1c11,17,14,even,19,4,bc603d363d3e3d4a
action_dit_adaln_norm1,1c11,17,15,odd,19,4,3d81bc103d1cbe90
action_dit_adaln_norm1,1c11,17,0,even,20,4,be7a3ed4bf2b3f20
action_dit_adaln_norm1,1c11,17,1,odd,20,4,3e15beaabdbc3e22
action_dit_adaln_norm1,1c11,17,2,even,20,4,3e5a3e323e8a3ea5
action_dit_adaln_norm1,1c11,17,3,odd,20,4,bc783ed2be623e91
action_dit_adaln_norm1,1c11,17,4,even,20,4,3ebcbe3c3ec03e6a
action_dit_adaln_norm1,1c11,17,5,odd,20,4,3e523e8abebcbcbf
action_dit_adaln_norm1,1c11,17,6,even,20,4,3e4bbe6cbda33ea3
action_dit_adaln_norm1,1c11,17,7,odd,20,4,3efe3d383c963ed1
action_dit_adaln_norm1,1c11,17,8,even,20,4,3ed9be5ebe2abd9c
action_dit_adaln_norm1,1c11,17,9,odd,20,4,3f10be2cbee4bcf8
action_dit_adaln_norm1,1c11,17,10,even,20,4,bde0bef23e223e41
action_dit_adaln_norm1,1c11,17,11,odd,20,4,be943e45bdaa3f26
action_dit_adaln_norm1,1c11,17,12,even,20,4,3d1e3c503ecb3ea9
action_dit_adaln_norm1,1c11,17,13,odd,20,4,be38bea4bd76bee0
action_dit_adaln_norm1,1c11,17,14,even,20,4,bf25be903e6d3e11
action_dit_adaln_norm1,1c11,17,15,odd,20,4,bef23ef03e153eaa
action_dit_adaln_norm1,1c11,17,0,even,21,4,3e35bd1a3dd23e2f
action_dit_adaln_norm1,1c11,17,1,odd,21,4,bec6bee43f3c3ed1
action_dit_adaln_norm1,1c11,17,2,even,21,4,3e1abbe0be963e94
action_dit_adaln_norm1,1c11,17,3,odd,21,4,bdf03cd4be9dbea2
action_dit_adaln_norm1,1c11,17,4,even,21,4,3e73be8dbc20be34
action_dit_adaln_norm1,1c11,17,5,odd,21,4,be99be103e06be69
action_dit_adaln_norm1,1c11,17,6,even,21,4,3dcebe7abef23dfa
action_dit_adaln_norm1,1c11,17,7,odd,21,4,bc50bf023d8d3dc2
action_dit_adaln_norm1,1c11,17,8,even,21,4,3de13d763e6cbe86
action_dit_adaln_norm1,1c11,17,9,odd,21,4,bee2bf143e29bf38
action_dit_adaln_norm1,1c11,17,10,even,21,4,3dc03e94be603d3c
action_dit_adaln_norm1,1c11,17,11,odd,21,4,3e8e3d483e96be0a
action_dit_adaln_norm1,1c11,17,12,even,21,4,be033e13be263db3
action_dit_adaln_norm1,1c11,17,13,odd,21,4,be56bd9abedebea9
action_dit_adaln_norm1,1c11,17,14,even,21,4,3e8dbe83bd86be3e
action_dit_adaln_norm1,1c11,17,15,odd,21,4,3e8b3e2ebd8cbdc7
action_dit_adaln_norm1,1c11,17,0,even,22,4,3e983d603d703ede
action_dit_adaln_norm1,1c11,17,1,odd,22,4,3b683f02bd143e43
action_dit_adaln_norm1,1c11,17,2,even,22,4,bda0be3dbed23f25
action_dit_adaln_norm1,1c11,17,3,odd,22,4,be82be6abee43e99
action_dit_adaln_norm1,1c11,17,4,even,22,4,be7a3e153ede3e35
action_dit_adaln_norm1,1c11,17,5,odd,22,4,3cec3d983e30beb2
action_dit_adaln_norm1,1c11,17,6,even,22,4,3e753ef63ce43d8a
action_dit_adaln_norm1,1c11,17,7,odd,22,4,3e69bd9a3f3c3ea0
action_dit_adaln_norm1,1c11,17,8,even,22,4,3dc23e103e9e3ed4
action_dit_adaln_norm1,1c11,17,9,odd,22,4,3eb7bec8beb2bea8
action_dit_adaln_norm1,1c11,17,10,even,22,4,be91bdea3c943d3f
action_dit_adaln_norm1,1c11,17,11,odd,22,4,3e85be9a3e9ebe5d
action_dit_adaln_norm1,1c11,17,12,even,22,4,be833eb03ec0bec6
action_dit_adaln_norm1,1c11,17,13,odd,22,4,3d8f3e51bd89be11
action_dit_adaln_norm1,1c11,17,14,even,22,4,3e553d643e48bda1
action_dit_adaln_norm1,1c11,17,15,odd,22,4,be5bbe233e003ce8
action_dit_adaln_norm1,1c11,17,0,even,23,4,bea03edcbe64bed2
action_dit_adaln_norm1,1c11,17,1,odd,23,4,3f383d8ebe5fbe6e
action_dit_adaln_norm1,1c11,17,2,even,23,4,3e9c3cde3dc73d14
action_dit_adaln_norm1,1c11,17,3,odd,23,4,bf1fbdb03c20bd3b
action_dit_adaln_norm1,1c11,17,4,even,23,4,3d1a3ddb3eba3ce8
action_dit_adaln_norm1,1c11,17,5,odd,23,4,be47be20be5c3e20
action_dit_adaln_norm1,1c11,17,6,even,23,4,bf7ebe8abef3bf06
action_dit_adaln_norm1,1c11,17,7,odd,23,4,3e43bb503ea3bc40
action_dit_adaln_norm1,1c11,17,8,even,23,4,be04be2c3de7bf05
action_dit_adaln_norm1,1c11,17,9,odd,23,4,bf32bd003dae3d4b
action_dit_adaln_norm1,1c11,17,10,even,23,4,3e893e303e7abe02
action_dit_adaln_norm1,1c11,17,11,odd,23,4,bd603dfb3e14bca0
action_dit_adaln_norm1,1c11,17,12,even,23,4,3e843ed7bea83eb0
action_dit_adaln_norm1,1c11,17,13,odd,23,4,bf07be5f3de8be08
action_dit_adaln_norm1,1c11,17,14,even,23,4,be95be1f3e243f0f
action_dit_adaln_norm1,1c11,17,15,odd,23,4,3ec03e9c3e2a3db9
action_dit_adaln_norm1,1c12,18,0,even,0,4,3e293df23d95bcf4
action_dit_adaln_norm1,1c12,18,1,odd,0,4,3e203eb0bd8e3e40
action_dit_adaln_norm1,1c12,18,2,even,0,4,be213eadbde63e10
action_dit_adaln_norm1,1c12,18,3,odd,0,4,bd42bd30beb4bee1
action_dit_adaln_norm1,1c12,18,4,even,0,4,beba3d0c3d70bed7
action_dit_adaln_norm1,1c12,18,5,odd,0,4,be633dfe3d10be01
action_dit_adaln_norm1,1c12,18,6,even,0,4,3e69bde0bea63ebf
action_dit_adaln_norm1,1c12,18,7,odd,0,4,3e993d083e993e81
action_dit_adaln_norm1,1c12,18,8,even,0,4,3cfabeb73e6a3e60
action_dit_adaln_norm1,1c12,18,9,odd,0,4,3ed6bd1a3f6bbe89
action_dit_adaln_norm1,1c12,18,10,even,0,4,bdad3e0f3e143db0
action_dit_adaln_norm1,1c12,18,11,odd,0,4,3ecdbe183eec3e84
action_dit_adaln_norm1,1c12,18,12,even,0,4,be6ebdd63e2fbaa0
action_dit_adaln_norm1,1c12,18,13,odd,0,4,3e583f11be1bbd5c
action_dit_adaln_norm1,1c12,18,14,even,0,4,bee2be70be853f1c
action_dit_adaln_norm1,1c12,18,15,odd,0,4,3c68bd1cbf09be17
action_dit_adaln_norm1,1c12,18,0,even,1,4,bedf3d2e3ef1beca
action_dit_adaln_norm1,1c12,18,1,odd,1,4,be903f183e96bf1c
action_dit_adaln_norm1,1c12,18,2,even,1,4,bc88bd50bde43d4f
action_dit_adaln_norm1,1c12,18,3,odd,1,4,3daa3d2cbf17be34
action_dit_adaln_norm1,1c12,18,4,even,1,4,bcd9be54bf133e8c
action_dit_adaln_norm1,1c12,18,5,odd,1,4,3ec0be0abdf6be26
action_dit_adaln_norm1,1c12,18,6,even,1,4,3e44be223e90be96
action_dit_adaln_norm1,1c12,18,7,odd,1,4,beb3bef4be8cbd7c
action_dit_adaln_norm1,1c12,18,8,even,1,4,bd9e3dc4beb83dd4
action_dit_adaln_norm1,1c12,18,9,odd,1,4,3e123eda3e823ea0
action_dit_adaln_norm1,1c12,18,10,even,1,4,bd673d19beebbf2a
action_dit_adaln_norm1,1c12,18,11,odd,1,4,be083eedbe9c3db4
action_dit_adaln_norm1,1c12,18,12,even,1,4,bdffbeaebed63d7a
action_dit_adaln_norm1,1c12,18,13,odd,1,4,bef43e8cbe5abd57
action_dit_adaln_norm1,1c12,18,14,even,1,4,beecbe36be57beaf
action_dit_adaln_norm1,1c12,18,15,odd,1,4,3e3e3ea03ceb3d14
action_dit_adaln_norm1,1c12,18,0,even,2,4,3ea73d883d9dbcdc
action_dit_adaln_norm1,1c12,18,1,odd,2,4,be4cbbe03d963d07
action_dit_adaln_norm1,1c12,18,2,even,2,4,3e99be09be5e3e04
action_dit_adaln_norm1,1c12,18,3,odd,2,4,bdf53de5bd9e3f28
action_dit_adaln_norm1,1c12,18,4,even,2,4,3ec23ddb3d903ed8
action_dit_adaln_norm1,1c12,18,5,odd,2,4,3e18bee13e523efb
action_dit_adaln_norm1,1c12,18,6,even,2,4,bef93df13ea8be8e
action_dit_adaln_norm1,1c12,18,7,odd,2,4,3e023d1d3eae3d8a
action_dit_adaln_norm1,1c12,18,8,even,2,4,be15bee03dfdbdae
action_dit_adaln_norm1,1c12,18,9,odd,2,4,3eec3e26bd34be94
action_dit_adaln_norm1,1c12,18,10,even,2,4,bef9bd3f3e7bbf24
action_dit_adaln_norm1,1c12,18,11,odd,2,4,3e01be2cbef23e72
action_dit_adaln_norm1,1c12,18,12,even,2,4,3e74bea13e09be4d
action_dit_adaln_norm1,1c12,18,13,odd,2,4,bdd9bec5bec0be70
action_dit_adaln_norm1,1c12,18,14,even,2,4,3e3c3e433ea93d20
action_dit_adaln_norm1,1c12,18,15,odd,2,4,be2fbe973e173e9a
action_dit_adaln_norm1,1c12,18,0,even,3,4,be143f213e4abe8a
action_dit_adaln_norm1,1c12,18,1,odd,3,4,3d78be34bec8beab
action_dit_adaln_norm1,1c12,18,2,even,3,4,3dc0be60bec3bea8
action_dit_adaln_norm1,1c12,18,3,odd,3,4,3dfd3ec03ee03de5
action_dit_adaln_norm1,1c12,18,4,even,3,4,be903df1bdcabd0c
action_dit_adaln_norm1,1c12,18,5,odd,3,4,3d963e36be5a3e69
action_dit_adaln_norm1,1c12,18,6,even,3,4,3d72bf473e20bd78
action_dit_adaln_norm1,1c12,18,7,odd,3,4,3c193e9d3e373e54
action_dit_adaln_norm1,1c12,18,8,even,3,4,bdf8beb2be53be68
action_dit_adaln_norm1,1c12,18,9,odd,3,4,3e5abf0cbe263e08
action_dit_adaln_norm1,1c12,18,10,even,3,4,3e32bda73d653eac
action_dit_adaln_norm1,1c12,18,11,odd,3,4,3e463b803ea9bd52
action_dit_adaln_norm1,1c12,18,12,even,3,4,be563d5d3e9c3e22
action_dit_adaln_norm1,1c12,18,13,odd,3,4,bf0fbeb9be8bbf28
action_dit_adaln_norm1,1c12,18,14,even,3,4,3eb23ea6be703dd6
action_dit_adaln_norm1,1c12,18,15,odd,3,4,be623e533e333d94
action_dit_adaln_norm1,1c12,18,0,even,4,4,bd023c183f273e9a
action_dit_adaln_norm1,1c12,18,1,odd,4,4,beaf3e09bd4c3e12
action_dit_adaln_norm1,1c12,18,2,even,4,4,bef13edd3dbebe0e
action_dit_adaln_norm1,1c12,18,3,odd,4,4,3d08bc803e87bc90
action_dit_adaln_norm1,1c12,18,4,even,4,4,be70be4ebc40bef9
action_dit_adaln_norm1,1c12,18,5,odd,4,4,3e043e823ebb3e58
action_dit_adaln_norm1,1c12,18,6,even,4,4,3e9abe9abe22bc60
action_dit_adaln_norm1,1c12,18,7,odd,4,4,bebabe3fbea8be83
action_dit_adaln_norm1,1c12,18,8,even,4,4,bd6f3e3cbe263e57
action_dit_adaln_norm1,1c12,18,9,odd,4,4,bcd0beb0be88be43
action_dit_adaln_norm1,1c12,18,10,even,4,4,3f323ef8bea03eb4
action_dit_adaln_norm1,1c12,18,11,odd,4,4,bcf83f84bea33e74
action_dit_adaln_norm1,1c12,18,12,even,4,4,3f0f3eabbd04beba
action_dit_adaln_norm1,1c12,18,13,odd,4,4,3e8cbe59bee2bd30
action_dit_adaln_norm1,1c12,18,14,even,4,4,bf303ce03e48be92
action_dit_adaln_norm1,1c12,18,15,odd,4,4,3e963e293bd0becf
action_dit_adaln_norm1,1c12,18,0,even,5,4,3d3bbcf0be1a3d9b
action_dit_adaln_norm1,1c12,18,1,odd,5,4,3eb03d1a3ee7bf55
action_dit_adaln_norm1,1c12,18,2,even,5,4,bd9ebdccbebabcda
action_dit_adaln_norm1,1c12,18,3,odd,5,4,3da0bdd3beffbeb3
action_dit_adaln_norm1,1c12,18,4,even,5,4,be97be923e8cbe3e
action_dit_adaln_norm1,1c12,18,5,odd,5,4,3ea4bd70bee63dfd
action_dit_adaln_norm1,1c12,18,6,even,5,4,3e7a3e063f0c3d9c
action_dit_adaln_norm1,1c12,18,7,odd,5,4,3e4b3f173dda3efb
action_dit_adaln_norm1,1c12,18,8,even,5,4,3ec83eeabef6be4a
action_dit_adaln_norm1,1c12,18,9,odd,5,4,3f223e1c3e153e9f
action_dit_adaln_norm1,1c12,18,10,even,5,4,3e463e1cbf2e3c40
action_dit_adaln_norm1,1c12,18,11,odd,5,4,3e043e55be58bec7
action_dit_adaln_norm1,1c12,18,12,even,5,4,3f24beaa3e403ea6
action_dit_adaln_norm1,1c12,18,13,odd,5,4,bee23a80be363db4
action_dit_adaln_norm1,1c12,18,14,even,5,4,3e90be73bdf0bea1
action_dit_adaln_norm1,1c12,18,15,odd,5,4,3e90bd90bebc3e8a
action_dit_adaln_norm1,1c12,18,0,even,6,4,3daa3d28be583f1c
action_dit_adaln_norm1,1c12,18,1,odd,6,4,be8dbd7c3e2cbd5c
action_dit_adaln_norm1,1c12,18,2,even,6,4,3ee9bdde3cbe3e45
action_dit_adaln_norm1,1c12,18,3,odd,6,4,3de43ee63e7d3e3d
action_dit_adaln_norm1,1c12,18,4,even,6,4,be523cd83e923ea4
action_dit_adaln_norm1,1c12,18,5,odd,6,4,3e053f6ebdb8bdb2
action_dit_adaln_norm1,1c12,18,6,even,6,4,3e853eddbf143e8b
action_dit_adaln_norm1,1c12,18,7,odd,6,4,be743dc2bc803f12
action_dit_adaln_norm1,1c12,18,8,even,6,4,be25be3b3e343db9
action_dit_adaln_norm1,1c12,18,9,odd,6,4,bea93d99bda4be86
action_dit_adaln_norm1,1c12,18,10,even,6,4,bba0bc003e84be1d
action_dit_adaln_norm1,1c12,18,11,odd,6,4,3e2cbde03ea5bbe0
action_dit_adaln_norm1,1c12,18,12,even,6,4,3dd8bd0cbcf83ed5
action_dit_adaln_norm1,1c12,18,13,odd,6,4,be1e3e04befc3e9a
action_dit_adaln_norm1,1c12,18,14,even,6,4,be2a3dfc3e843df2
action_dit_adaln_norm1,1c12,18,15,odd,6,4,3e3e3e58be943e70
action_dit_adaln_norm1,1c12,18,0,even,7,4,bea43e98be623ef7
action_dit_adaln_norm1,1c12,18,1,odd,7,4,3df83dfd3dce3e4d
action_dit_adaln_norm1,1c12,18,2,even,7,4,3980bd2f3d00beaa
action_dit_adaln_norm1,1c12,18,3,odd,7,4,3d82bf1dbd163ea4
action_dit_adaln_norm1,1c12,18,4,even,7,4,be98beb23ddcbf01
action_dit_adaln_norm1,1c12,18,5,odd,7,4,becdbee13c803e0a
action_dit_adaln_norm1,1c12,18,6,even,7,4,bdae3c983e7e3da0
action_dit_adaln_norm1,1c12,18,7,odd,7,4,3dc43d1b3cd6bdf2
action_dit_adaln_norm1,1c12,18,8,even,7,4,bebabd983e483e45
action_dit_adaln_norm1,1c12,18,9,odd,7,4,bd333dc7be053da2
action_dit_adaln_norm1,1c12,18,10,even,7,4,3d653e3fbd983f28
action_dit_adaln_norm1,1c12,18,11,odd,7,4,bce6bd723da8bbfa
action_dit_adaln_norm1,1c12,18,12,even,7,4,3dc7bdef3e67beea
action_dit_adaln_norm1,1c12,18,13,odd,7,4,3d823d10beb1be91
action_dit_adaln_norm1,1c12,18,14,even,7,4,be74bee4bdebbe11
action_dit_adaln_norm1,1c12,18,15,odd,7,4,bc00be943e26bed5
action_dit_adaln_norm1,1c12,18,0,even,8,4,3e763d7ebe113cb8
action_dit_adaln_norm1,1c12,18,1,odd,8,4,3ee8bd8cbd52bdf6
action_dit_adaln_norm1,1c12,18,2,even,8,4,3f28bef03c903e96
action_dit_adaln_norm1,1c12,18,3,odd,8,4,bedebf1cbdb43ef1
action_dit_adaln_norm1,1c12,18,4,even,8,4,3e55beccbe423e87
action_dit_adaln_norm1,1c12,18,5,odd,8,4,3d60be91becdbeda
action_dit_adaln_norm1,1c12,18,6,even,8,4,bd983efebf0ebe9a
action_dit_adaln_norm1,1c12,18,7,odd,8,4,3e643d62be91beea
action_dit_adaln_norm1,1c12,18,8,even,8,4,bdc63f05bd5abed7
action_dit_adaln_norm1,1c12,18,9,odd,8,4,3a803ebdbd0f3dc7
action_dit_adaln_norm1,1c12,18,10,even,8,4,be123e81be7c3e11
action_dit_adaln_norm1,1c12,18,11,odd,8,4,3e5e3e7bbf03be05
action_dit_adaln_norm1,1c12,18,12,even,8,4,be683d3c3eb9be66
action_dit_adaln_norm1,1c12,18,13,odd,8,4,3e6c3e083ec63e6e
action_dit_adaln_norm1,1c12,18,14,even,8,4,be5e3e5bbf2a3f1a
action_dit_adaln_norm1,1c12,18,15,odd,8,4,3e2ebe9d3d93becc
action_dit_adaln_norm1,1c12,18,0,even,9,4,3cc83dde3f34bdde
action_dit_adaln_norm1,1c12,18,1,odd,9,4,be7e3f5c3c203e09
action_dit_adaln_norm1,1c12,18,2,even,9,4,3cd8bd643e4e3e34
action_dit_adaln_norm1,1c12,18,3,odd,9,4,be073c543d0c3f28
action_dit_adaln_norm1,1c12,18,4,even,9,4,3dc6bba0be1e3e9a
action_dit_adaln_norm1,1c12,18,5,odd,9,4,bbe0bec83deebe07
action_dit_adaln_norm1,1c12,18,6,even,9,4,3e833efb00003e6c
action_dit_adaln_norm1,1c12,18,7,odd,9,4,bda5bed8bdacbd80
action_dit_adaln_norm1,1c12,18,8,even,9,4,be843d1ebe4fbe86
action_dit_adaln_norm1,1c12,18,9,odd,9,4,3e3bbdcf3e0abe59
action_dit_adaln_norm1,1c12,18,10,even,9,4,3c643d8d3eaa3e50
action_dit_adaln_norm1,1c12,18,11,odd,9,4,3ca03e873ec0bdf4
action_dit_adaln_norm1,1c12,18,12,even,9,4,3df2bda2becebe1b
action_dit_adaln_norm1,1c12,18,13,odd,9,4,be303d2c3e02be90
action_dit_adaln_norm1,1c12,18,14,even,9,4,bf033e2cbc80be37
action_dit_adaln_norm1,1c12,18,15,odd,9,4,becc3e583e44be6e
action_dit_adaln_norm1,1c12,18,0,even,10,4,3e973e34be333d44
action_dit_adaln_norm1,1c12,18,1,odd,10,4,bf063f03bbe83cc0
action_dit_adaln_norm1,1c12,18,2,even,10,4,3d2b3e4abc8fbd5c
action_dit_adaln_norm1,1c12,18,3,odd,10,4,bf12bdbe3d853ed0
action_dit_adaln_norm1,1c12,18,4,even,10,4,be233e0abc98bea3
action_dit_adaln_norm1,1c12,18,5,odd,10,4,bdf0be7cbe5e3bc8
action_dit_adaln_norm1,1c12,18,6,even,10,4,be5e3dc33e873dd6
action_dit_adaln_norm1,1c12,18,7,odd,10,4,be66bee5bdd03d18
action_dit_adaln_norm1,1c12,18,8,even,10,4,3f23be1ebeb03d93
action_dit_adaln_norm1,1c12,18,9,odd,10,4,3eb53da83e103ef9
action_dit_adaln_norm1,1c12,18,10,even,10,4,bde0bd08bec0bed8
action_dit_adaln_norm1,1c12,18,11,odd,10,4,beca3f043f103e83
action_dit_adaln_norm1,1c12,18,12,even,10,4,3ef9bcb0beb93ce8
action_dit_adaln_norm1,1c12,18,13,odd,10,4,3eac3ea3bdf1bf25
action_dit_adaln_norm1,1c12,18,14,even,10,4,3dfa3ec6bf35bde7
action_dit_adaln_norm1,1c12,18,15,odd,10,4,3e8c3eb3bbe83da0
action_dit_adaln_norm1,1c12,18,0,even,11,4,3ea23e0cbef63eb2
action_dit_adaln_norm1,1c12,18,1,odd,11,4,be0bbf03befcbf11
action_dit_adaln_norm1,1c12,18,2,even,11,4,be323e89be853e04
action_dit_adaln_norm1,1c12,18,3,odd,11,4,3e8abea13ce0be3e
action_dit_adaln_norm1,1c12,18,4,even,11,4,3e71be91bebd3eb2
action_dit_adaln_norm1,1c12,18,5,odd,11,4,bda43e603d913d10
action_dit_adaln_norm1,1c12,18,6,even,11,4,3d1fbcb33da93d0c
action_dit_adaln_norm1,1c12,18,7,odd,11,4,3e853eaabe8cbe04
action_dit_adaln_norm1,1c12,18,8,even,11,4,be1c3c1c3c30bd88
action_dit_adaln_norm1,1c12,18,9,odd,11,4,3de73e14bda6be46
action_dit_adaln_norm1,1c12,18,10,even,11,4,bf023ea8bf2b3e67
action_dit_adaln_norm1,1c12,18,11,odd,11,4,3e4ebea23e533e0c
action_dit_adaln_norm1,1c12,18,12,even,11,4,3dc4bf143e92be4b
action_dit_adaln_norm1,1c12,18,13,odd,11,4,3f013e32bd283e67
action_dit_adaln_norm1,1c12,18,14,even,11,4,be8c3e593c8e3dee
action_dit_adaln_norm1,1c12,18,15,odd,11,4,bd91bf4fbee2bd44
action_dit_adaln_norm1,1c12,18,0,even,12,4,bd4e3cb4bf0a3e1f
action_dit_adaln_norm1,1c12,18,1,odd,12,4,3eccbe503b803eab
action_dit_adaln_norm1,1c12,18,2,even,12,4,be093e52bed0bee9
action_dit_adaln_norm1,1c12,18,3,odd,12,4,3e953e8abe14bb80
action_dit_adaln_norm1,1c12,18,4,even,12,4,be5c3e9abf433efb
action_dit_adaln_norm1,1c12,18,5,odd,12,4,bf103e86be48bc20
action_dit_adaln_norm1,1c12,18,6,even,12,4,bdd63dfabecc3e42
action_dit_adaln_norm1,1c12,18,7,odd,12,4,bd82becfbd20bda3
action_dit_adaln_norm1,1c12,18,8,even,12,4,3ebebf143d96bc60
action_dit_adaln_norm1,1c12,18,9,odd,12,4,bde0be5e3e0ebe7c
action_dit_adaln_norm1,1c12,18,10,even,12,4,3e8a3ea53d8c3f08
action_dit_adaln_norm1,1c12,18,11,odd,12,4,3e863e6b3e2e3dbe
action_dit_adaln_norm1,1c12,18,12,even,12,4,bec03ec83f02bcd4
action_dit_adaln_norm1,1c12,18,13,odd,12,4,3eedbd0cbea9be62
action_dit_adaln_norm1,1c12,18,14,even,12,4,3ea73ea23d1dbe93
action_dit_adaln_norm1,1c12,18,15,odd,12,4,3d3cbe3b3dcfbf22
action_dit_adaln_norm1,1c12,18,0,even,13,4,3e133dc43e62bd80
action_dit_adaln_norm1,1c12,18,1,odd,13,4,3e3b3edcbef03ea4
action_dit_adaln_norm1,1c12,18,2,even,13,4,3d4cbeef3e293c08
action_dit_adaln_norm1,1c12,18,3,odd,13,4,3e893e483e6ebe02
action_dit_adaln_norm1,1c12,18,4,even,13,4,bd823f11be08be8a
action_dit_adaln_norm1,1c12,18,5,odd,13,4,3e8a3e213d343e77
action_dit_adaln_norm1,1c12,18,6,even,13,4,3dae3eb2bef2be88
action_dit_adaln_norm1,1c12,18,7,odd,13,4,bec5bd88bd30bea2
action_dit_adaln_norm1,1c12,18,8,even,13,4,3eabbe60be633eb6
action_dit_adaln_norm1,1c12,18,9,odd,13,4,be90bd58bee33e14
action_dit_adaln_norm1,1c12,18,10,even,13,4,3e98bcde3e853ee3
action_dit_adaln_norm1,1c12,18,11,odd,13,4,3e3ebeb9bca43e36
action_dit_adaln_norm1,1c12,18,12,even,13,4,bd0c3edcbe23be92
action_dit_adaln_norm1,1c12,18,13,odd,13,4,3e04bcadbf00beb6
action_dit_adaln_norm1,1c12,18,14,even,13,4,3e08be193eca3dac
action_dit_adaln_norm1,1c12,18,15,odd,13,4,bdcdbeb03d6abe3e
action_dit_adaln_norm1,1c12,18,0,even,14,4,3d4f3f2dbdf1be7c
action_dit_adaln_norm1,1c12,18,1,odd,14,4,be0b3d47be9d3e18
action_dit_adaln_norm1,1c12,18,2,even,14,4,bdbbbf3ebee2bd8a
action_dit_adaln_norm1,1c12,18,3,odd,14,4,beabbd8c3d5dbd28
action_dit_adaln_norm1,1c12,18,4,even,14,4,bec03e663eb3bdad
action_dit_adaln_norm1,1c12,18,5,odd,14,4,3eca3e7abed23e86
action_dit_adaln_norm1,1c12,18,6,even,14,4,bd163d583f1f3d60
action_dit_adaln_norm1,1c12,18,7,odd,14,4,3e5abe3b3e42bdc6
action_dit_adaln_norm1,1c12,18,8,even,14,4,3e6cbf01bec9bed3
action_dit_adaln_norm1,1c12,18,9,odd,14,4,beb73f1dbedebe1d
action_dit_adaln_norm1,1c12,18,10,even,14,4,bd503eb43ec2bf50
action_dit_adaln_norm1,1c12,18,11,odd,14,4,bd823e263e56bc40
action_dit_adaln_norm1,1c12,18,12,even,14,4,3e523e11bf00bf1e
action_dit_adaln_norm1,1c12,18,13,odd,14,4,be023e483e08bd3c
action_dit_adaln_norm1,1c12,18,14,even,14,4,bd0cbe32bd78beee
action_dit_adaln_norm1,1c12,18,15,odd,14,4,3ed23da0bf733e9c
action_dit_adaln_norm1,1c12,18,0,even,15,4,bd303efc3f183dd2
action_dit_adaln_norm1,1c12,18,1,odd,15,4,3ebe3ebabe893dd0
action_dit_adaln_norm1,1c12,18,2,even,15,4,3ec83de5be18bd7c
action_dit_adaln_norm1,1c12,18,3,odd,15,4,3e75bc403ecabe09
action_dit_adaln_norm1,1c12,18,4,even,15,4,3e11be2a3f163e16
action_dit_adaln_norm1,1c12,18,5,odd,15,4,3e623ed6be00bdae
action_dit_adaln_norm1,1c12,18,6,even,15,4,3eab3df7bed0be1e
action_dit_adaln_norm1,1c12,18,7,odd,15,4,bf0e3e30be8c3ee6
action_dit_adaln_norm1,1c12,18,8,even,15,4,bd0c3ef03e803b50
action_dit_adaln_norm1,1c12,18,9,odd,15,4,be62beb63daa3f08
action_dit_adaln_norm1,1c12,18,10,even,15,4,3dfabe563dd1be63
action_dit_adaln_norm1,1c12,18,11,odd,15,4,be363e143edc3e2a
action_dit_adaln_norm1,1c12,18,12,even,15,4,3f3e3f08be0c3ef8
action_dit_adaln_norm1,1c12,18,13,odd,15,4,bea0be0e3e38bf06
action_dit_adaln_norm1,1c12,18,14,even,15,4,be7abe3c3d7c3e08
action_dit_adaln_norm1,1c12,18,15,odd,15,4,3e23be06be9a3ea6
action_dit_adaln_norm1,1c12,18,0,even,16,4,beee3d803d903d0c
action_dit_adaln_norm1,1c12,18,1,odd,16,4,be583e9ebf3abe82
action_dit_adaln_norm1,1c12,18,2,even,16,4,3d243d243ebf3ea4
action_dit_adaln_norm1,1c12,18,3,odd,16,4,3d383ec43e493e26
action_dit_adaln_norm1,1c12,18,4,even,16,4,3e8a3ec43e493e74
action_dit_adaln_norm1,1c12,18,5,odd,16,4,3e7a3c50be18bd2a
action_dit_adaln_norm1,1c12,18,6,even,16,4,bd703d9abf043f1e
action_dit_adaln_norm1,1c12,18,7,odd,16,4,3e86be353d1cbe4a
action_dit_adaln_norm1,1c12,18,8,even,16,4,bf073d32bde4be6e
action_dit_adaln_norm1,1c12,18,9,odd,16,4,3d68be9c3dcc3dd4
action_dit_adaln_norm1,1c12,18,10,even,16,4,be553db03d84be09
action_dit_adaln_norm1,1c12,18,11,odd,16,4,be24be12be7a3ce8
action_dit_adaln_norm1,1c12,18,12,even,16,4,3dedbcebbebdbe58
action_dit_adaln_norm1,1c12,18,13,odd,16,4,3d243e553f29bd1e
action_dit_adaln_norm1,1c12,18,14,even,16,4,3ebbbe9fbec03e6f
action_dit_adaln_norm1,1c12,18,15,odd,16,4,bdaebeb33dacbe08
action_dit_adaln_norm1,1c12,18,0,even,17,4,bcd03ea93dbcbd18
action_dit_adaln_norm1,1c12,18,1,odd,17,4,3ec23efa3ed33d82
action_dit_adaln_norm1,1c12,18,2,even,17,4,3eecbe983ec2bf08
action_dit_adaln_norm1,1c12,18,3,odd,17,4,3e3b3e2abdf3bd7c
action_dit_adaln_norm1,1c12,18,4,even,17,4,be483ec0be503ea1
action_dit_adaln_norm1,1c12,18,5,odd,17,4,3ebbbd2fbeefbe3a
action_dit_adaln_norm1,1c12,18,6,even,17,4,3d1dbebbbe3f3d9a
action_dit_adaln_norm1,1c12,18,7,odd,17,4,3da43b403e95bde8
action_dit_adaln_norm1,1c12,18,8,even,17,4,3e88bdd83f2fbe64
action_dit_adaln_norm1,1c12,18,9,odd,17,4,bf22be90be803d22
action_dit_adaln_norm1,1c12,18,10,even,17,4,3dcbbc6a3e87be8d
action_dit_adaln_norm1,1c12,18,11,odd,17,4,be7c3dd2be053da2
action_dit_adaln_norm1,1c12,18,12,even,17,4,3d9dbf1b3ebe3eef
action_dit_adaln_norm1,1c12,18,13,odd,17,4,3eea3e2cbe26be08
action_dit_adaln_norm1,1c12,18,14,even,17,4,beb93b783d72bd38
action_dit_adaln_norm1,1c12,18,15,odd,17,4,3e72bec43ee83e81
action_dit_adaln_norm1,1c12,18,0,even,18,4,3d843d38bd623ecf
action_dit_adaln_norm1,1c12,18,1,odd,18,4,bc66bd9d3dac3e3c
action_dit_adaln_norm1,1c12,18,2,even,18,4,be5bbe623d263e34
action_dit_adaln_norm1,1c12,18,3,odd,18,4,3e7a3d84be9c3efa
action_dit_adaln_norm1,1c12,18,4,even,18,4,3d7abd54bc883dde
action_dit_adaln_norm1,1c12,18,5,odd,18,4,bd66be1c3e243c48
action_dit_adaln_norm1,1c12,18,6,even,18,4,3e723dd23ea63ddb
action_dit_adaln_norm1,1c12,18,7,odd,18,4,3e20be963e073dac
action_dit_adaln_norm1,1c12,18,8,even,18,4,3e1fbe633dca3e3e
action_dit_adaln_norm1,1c12,18,9,odd,18,4,bdb83ec8be943e07
action_dit_adaln_norm1,1c12,18,10,even,18,4,be623f24be6b3dbd
action_dit_adaln_norm1,1c12,18,11,odd,18,4,3eec3f0a3e013da9
action_dit_adaln_norm1,1c12,18,12,even,18,4,3d403f1ebdd63de2
action_dit_adaln_norm1,1c12,18,13,odd,18,4,be3a3e6dbd643e9c
action_dit_adaln_norm1,1c12,18,14,even,18,4,bd713e4dbe8cbeae
action_dit_adaln_norm1,1c12,18,15,odd,18,4,be7abeccbe36be70
action_dit_adaln_norm1,1c12,18,0,even,19,4,3d443d2abda0bead
action_dit_adaln_norm1,1c12,18,1,odd,19,4,3f13bdc83eb83ed0
action_dit_adaln_norm1,1c12,18,2,even,19,4,3ee23f26be943ef5
action_dit_adaln_norm1,1c12,18,3,odd,19,4,3eacbd1cbea2be1a
action_dit_adaln_norm1,1c12,18,4,even,19,4,3e533e9ebf60bd82
action_dit_adaln_norm1,1c12,18,5,odd,19,4,3e883ea43e363e0f
action_dit_adaln_norm1,1c12,18,6,even,19,4,3edbbf1abed53ea2
action_dit_adaln_norm1,1c12,18,7,odd,19,4,3eec3e763e1c3f1a
action_dit_adaln_norm1,1c12,18,8,even,19,4,be183c203d9b3e75
action_dit_adaln_norm1,1c12,18,9,odd,19,4,3e15bd103e84bec2
action_dit_adaln_norm1,1c12,18,10,even,19,4,3d893e2ebd153e9f
action_dit_adaln_norm1,1c12,18,11,odd,19,4,bef83e1e3e993e79
action_dit_adaln_norm1,1c12,18,12,even,19,4,bf143cfc3c603e2c
action_dit_adaln_norm1,1c12,18,13,odd,19,4,be7abeeb3ed4be8c
action_dit_adaln_norm1,1c12,18,14,even,19,4,bb90bc883e97be0a
action_dit_adaln_norm1,1c12,18,15,odd,19,4,be9abed63e833db2
action_dit_adaln_norm1,1c12,18,0,even,20,4,becc3e03be913f28
action_dit_adaln_norm1,1c12,18,1,odd,20,4,3e5abecebea63e73
action_dit_adaln_norm1,1c12,18,2,even,20,4,3ef8bce03eeb3eb2
action_dit_adaln_norm1,1c12,18,3,odd,20,4,3d193e6d3d8bbcfa
action_dit_adaln_norm1,1c12,18,4,even,20,4,3e24be3e3eaebd91
action_dit_adaln_norm1,1c12,18,5,odd,20,4,3dd43f2abf1a3ddd
action_dit_adaln_norm1,1c12,18,6,even,20,4,3de5be223e9a3ec6
action_dit_adaln_norm1,1c12,18,7,odd,20,4,3e4abdf7bc4c3ee4
action_dit_adaln_norm1,1c12,18,8,even,20,4,3f093e84be58bba0
action_dit_adaln_norm1,1c12,18,9,odd,20,4,3f0abe00bf1a3e0c
action_dit_adaln_norm1,1c12,18,10,even,20,4,3e44bf0c3e9dbc50
action_dit_adaln_norm1,1c12,18,11,odd,20,4,bee03dd23e9d3ef4
action_dit_adaln_norm1,1c12,18,12,even,20,4,be0b3e773ea63eb6
action_dit_adaln_norm1,1c12,18,13,odd,20,4,becdbc2c3d8ebef2
action_dit_adaln_norm1,1c12,18,14,even,20,4,be213d9e3d9cbda2
action_dit_adaln_norm1,1c12,18,15,odd,20,4,bf48bdc03e34bdd0
action_dit_adaln_norm1,1c12,18,0,even,21,4,3e66bf1abe023d32
action_dit_adaln_norm1,1c12,18,1,odd,21,4,bdedbeb33f233f0e
action_dit_adaln_norm1,1c12,18,2,even,21,4,be48bdf63d333f20
action_dit_adaln_norm1,1c12,18,3,odd,21,4,be52be43bf11bee9
action_dit_adaln_norm1,1c12,18,4,even,21,4,3d3abeb4bc18be83
action_dit_adaln_norm1,1c12,18,5,odd,21,4,bef7bc80be2fbe08
action_dit_adaln_norm1,1c12,18,6,even,21,4,3dbebd9cbe7e3e07
action_dit_adaln_norm1,1c12,18,7,odd,21,4,be0fbef13e79bd5c
action_dit_adaln_norm1,1c12,18,8,even,21,4,bea23e533e4a3e32
action_dit_adaln_norm1,1c12,18,9,odd,21,4,bdb2bec83dc8bf86
action_dit_adaln_norm1,1c12,18,10,even,21,4,3e9cbd18befebd1c
action_dit_adaln_norm1,1c12,18,11,odd,21,4,3e513d8e3db23d3a
action_dit_adaln_norm1,1c12,18,12,even,21,4,bf113e12be08be58
action_dit_adaln_norm1,1c12,18,13,odd,21,4,bea5bcc0be3bbebf
action_dit_adaln_norm1,1c12,18,14,even,21,4,3ea4bdfc3e323d6e
action_dit_adaln_norm1,1c12,18,15,odd,21,4,3e983de6bda83e3a
action_dit_adaln_norm1,1c12,18,0,even,22,4,3ee43e3bbe953f0e
action_dit_adaln_norm1,1c12,18,1,odd,22,4,be1e3e663d733d96
action_dit_adaln_norm1,1c12,18,2,even,22,4,be8b3d603bb43eba
action_dit_adaln_norm1,1c12,18,3,odd,22,4,bcc3bf1fbdb63e87
action_dit_adaln_norm1,1c12,18,4,even,22,4,be14bcf83e74bdd6
action_dit_adaln_norm1,1c12,18,5,odd,22,4,3cb0bdcabbc0be9c
action_dit_adaln_norm1,1c12,18,6,even,22,4,3e4b3f30bd60be11
action_dit_adaln_norm1,1c12,18,7,odd,22,4,3e0bbeae3f253d8a
action_dit_adaln_norm1,1c12,18,8,even,22,4,bcd8bd06bd463eae
action_dit_adaln_norm1,1c12,18,9,odd,22,4,3e46bd903d3ebec2
action_dit_adaln_norm1,1c12,18,10,even,22,4,be6dbd423ea63eb5
action_dit_adaln_norm1,1c12,18,11,odd,22,4,3ce8beb83bf03e7b
action_dit_adaln_norm1,1c12,18,12,even,22,4,be8a3f123e64bdd4
action_dit_adaln_norm1,1c12,18,13,odd,22,4,3ccabd8cbd5a3e8d
action_dit_adaln_norm1,1c12,18,14,even,22,4,3d8dbe733e533d99
action_dit_adaln_norm1,1c12,18,15,odd,22,4,3dbdbc103cd8be9e
action_dit_adaln_norm1,1c12,18,0,even,23,4,be5e3ed73d333d24
action_dit_adaln_norm1,1c12,18,1,odd,23,4,3ea63dedbd2abd46
action_dit_adaln_norm1,1c12,18,2,even,23,4,bb803d0cbd98be78
action_dit_adaln_norm1,1c12,18,3,odd,23,4,bf1cbee4be96bc78
action_dit_adaln_norm1,1c12,18,4,even,23,4,bd8cbc203ea4be31
action_dit_adaln_norm1,1c12,18,5,odd,23,4,be3ebeccbea23e5d
action_dit_adaln_norm1,1c12,18,6,even,23,4,bf6a3e1ebe91bf12
action_dit_adaln_norm1,1c12,18,7,odd,23,4,3e053e603e943dda
action_dit_adaln_norm1,1c12,18,8,even,23,4,3e393e9e3e0bbea7
action_dit_adaln_norm1,1c12,18,9,odd,23,4,bf143dc2bb90bd36
action_dit_adaln_norm1,1c12,18,10,even,23,4,3f2c3e1e3df83d29
action_dit_adaln_norm1,1c12,18,11,odd,23,4,be66be0f3d333cf0
action_dit_adaln_norm1,1c12,18,12,even,23,4,3d283e4fbeb63e6d
action_dit_adaln_norm1,1c12,18,13,odd,23,4,bed1be9e3e163e90
action_dit_adaln_norm1,1c12,18,14,even,23,4,bd74bdc43e923f1a
action_dit_adaln_norm1,1c12,18,15,odd,23,4,3efc3d71bdda3e00
action_dit_adaln_norm1,1c13,19,0,even,0,4,bc203d9d3e173d28
action_dit_adaln_norm1,1c13,19,1,odd,0,4,3e263e863dc93ef6
action_dit_adaln_norm1,1c13,19,2,even,0,4,be2b3e943df63d08
action_dit_adaln_norm1,1c13,19,3,odd,0,4,3a80bd9cbe2dbc94
action_dit_adaln_norm1,1c13,19,4,even,0,4,befd3e193da3bec4
action_dit_adaln_norm1,1c13,19,5,odd,0,4,be393eeabd2c3e43
action_dit_adaln_norm1,1c13,19,6,even,0,4,3e1abdf8beb53ed9
action_dit_adaln_norm1,1c13,19,7,odd,0,4,3f073d8f3eaf3f10
action_dit_adaln_norm1,1c13,19,8,even,0,4,be043b003d4c3d3d
action_dit_adaln_norm1,1c13,19,9,odd,0,4,3e94bcd43f6bbe6b
action_dit_adaln_norm1,1c13,19,10,even,0,4,3e1e3e953e103d6c
action_dit_adaln_norm1,1c13,19,11,odd,0,4,3ee93e093e963e94
action_dit_adaln_norm1,1c13,19,12,even,0,4,bee03e433ed2bcfa
action_dit_adaln_norm1,1c13,19,13,odd,0,4,bdd03e8ebe8bbe2d
action_dit_adaln_norm1,1c13,19,14,even,0,4,bf40bebebe0e3eed
action_dit_adaln_norm1,1c13,19,15,odd,0,4,bd003e74bf25bdae
action_dit_adaln_norm1,1c13,19,0,even,1,4,be5e3bb83e8fbe9b
action_dit_adaln_norm1,1c13,19,1,odd,1,4,bef63edf3ea3bf19
action_dit_adaln_norm1,1c13,19,2,even,1,4,3d9a3e16bae03ede
action_dit_adaln_norm1,1c13,19,3,odd,1,4,3d19be4abf12bc8e
action_dit_adaln_norm1,1c13,19,4,even,1,4,bea1be8bbecb3ebd
action_dit_adaln_norm1,1c13,19,5,odd,1,4,3d38bcf6be98bd83
action_dit_adaln_norm1,1c13,19,6,even,1,4,3c90bee0bdfbbe15
action_dit_adaln_norm1,1c13,19,7,odd,1,4,beb3be5fbdaabe1d
action_dit_adaln_norm1,1c13,19,8,even,1,4,b8803e72becabcc0
action_dit_adaln_norm1,1c13,19,9,odd,1,4,be823f08be433f11
action_dit_adaln_norm1,1c13,19,10,even,1,4,ba80be35bf3cbeef
action_dit_adaln_norm1,1c13,19,11,odd,1,4,be633f1fbec73e24
action_dit_adaln_norm1,1c13,19,12,even,1,4,be37bec7bebdbe14
action_dit_adaln_norm1,1c13,19,13,odd,1,4,be933e7c3e32bd8e
action_dit_adaln_norm1,1c13,19,14,even,1,4,becabf10be66bea9
action_dit_adaln_norm1,1c13,19,15,odd,1,4,3e2a3e09be0cbdf7
action_dit_adaln_norm1,1c13,19,0,even,2,4,3e353ec7bd20bbe0
action_dit_adaln_norm1,1c13,19,1,odd,2,4,bed8bdb6bdf0bde0
action_dit_adaln_norm1,1c13,19,2,even,2,4,3f0439c0be83bdb6
action_dit_adaln_norm1,1c13,19,3,odd,2,4,bdff3e67be3b3ed9
action_dit_adaln_norm1,1c13,19,4,even,2,4,3e543e0c3df23ecc
action_dit_adaln_norm1,1c13,19,5,odd,2,4,bdc4bed63e0d3e65
action_dit_adaln_norm1,1c13,19,6,even,2,4,bf12be893e143c60
action_dit_adaln_norm1,1c13,19,7,odd,2,4,be2ebe8a3e2c3d40
action_dit_adaln_norm1,1c13,19,8,even,2,4,bbdabf0a3e32bd3c
action_dit_adaln_norm1,1c13,19,9,odd,2,4,3dcebc803e44be6a
action_dit_adaln_norm1,1c13,19,10,even,2,4,bf07be163e3bbed4
action_dit_adaln_norm1,1c13,19,11,odd,2,4,bd8bbe6ebec83ecc
action_dit_adaln_norm1,1c13,19,12,even,2,4,be3e3cc83e08be66
action_dit_adaln_norm1,1c13,19,13,odd,2,4,be63bf01beb8be11
action_dit_adaln_norm1,1c13,19,14,even,2,4,3c703c983dbf3ea8
action_dit_adaln_norm1,1c13,19,15,odd,2,4,be343d983efd3ef1
action_dit_adaln_norm1,1c13,19,0,even,3,4,be023eb43e32bdff
action_dit_adaln_norm1,1c13,19,1,odd,3,4,3e5ebdd3bddfbdd6
action_dit_adaln_norm1,1c13,19,2,even,3,4,3e64be0fbedabe3d
action_dit_adaln_norm1,1c13,19,3,odd,3,4,3b803f183e223d24
action_dit_adaln_norm1,1c13,19,4,even,3,4,bef83dd2be903d84
action_dit_adaln_norm1,1c13,19,5,odd,3,4,3db83da4be3d3ce4
action_dit_adaln_norm1,1c13,19,6,even,3,4,3db2be9b3f073e92
action_dit_adaln_norm1,1c13,19,7,odd,3,4,bd313e8a3e133e04
action_dit_adaln_norm1,1c13,19,8,even,3,4,3d34bf12be55bec4
action_dit_adaln_norm1,1c13,19,9,odd,3,4,3ec6bf1abe8a3e38
action_dit_adaln_norm1,1c13,19,10,even,3,4,3ebcbe3dbe093efc
action_dit_adaln_norm1,1c13,19,11,odd,3,4,3dba3e483ed2bd5f
action_dit_adaln_norm1,1c13,19,12,even,3,4,bedebe623ee2bcb8
action_dit_adaln_norm1,1c13,19,13,odd,3,4,bf08be133df7be58
action_dit_adaln_norm1,1c13,19,14,even,3,4,3e2cbe6abe0bbe0e
action_dit_adaln_norm1,1c13,19,15,odd,3,4,be3cbe063ce33b00
action_dit_adaln_norm1,1c13,19,0,even,4,4,3d3cbdbd3f07bde8
action_dit_adaln_norm1,1c13,19,1,odd,4,4,be423e75be763c14
action_dit_adaln_norm1,1c13,19,2,even,4,4,bf083ed9bdb9be59
action_dit_adaln_norm1,1c13,19,3,odd,4,4,bce03cdc3e8a3e4b
action_dit_adaln_norm1,1c13,19,4,even,4,4,3e39bd373e29be98
action_dit_adaln_norm1,1c13,19,5,odd,4,4,bce63e5e3e74be12
action_dit_adaln_norm1,1c13,19,6,even,4,4,3e8bbeadbda2be9d
action_dit_adaln_norm1,1c13,19,7,odd,4,4,bea7be7cbd20bbfe
action_dit_adaln_norm1,1c13,19,8,even,4,4,3d883e00beaabce4
action_dit_adaln_norm1,1c13,19,9,odd,4,4,3e34bd303e0a3ca0
action_dit_adaln_norm1,1c13,19,10,even,4,4,3ead3efcbe573e91
action_dit_adaln_norm1,1c13,19,11,odd,4,4,3e143f5fbeee3e6e
action_dit_adaln_norm1,1c13,19,12,even,4,4,3f243ebcbdb8be7e
action_dit_adaln_norm1,1c13,19,13,odd,4,4,3e2abe48bec23e52
action_dit_adaln_norm1,1c13,19,14,even,4,4,befcbe113dc7bdf5
action_dit_adaln_norm1,1c13,19,15,odd,4,4,3e863e613e88beac
action_dit_adaln_norm1,1c13,19,0,even,5,4,3e90bcf8be823dde
action_dit_adaln_norm1,1c13,19,1,odd,5,4,3edbbd823e91bf03
action_dit_adaln_norm1,1c13,19,2,even,5,4,be8bbe42bf153e7a
action_dit_adaln_norm1,1c13,19,3,odd,5,4,be653ea8bea03db9
action_dit_adaln_norm1,1c13,19,4,even,5,4,bd4ebe403ec43e1c
action_dit_adaln_norm1,1c13,19,5,odd,5,4,3e48bcc8bec1be84
action_dit_adaln_norm1,1c13,19,6,even,5,4,bd833e6c3ec9bded
action_dit_adaln_norm1,1c13,19,7,odd,5,4,3da93de63d043e30
action_dit_adaln_norm1,1c13,19,8,even,5,4,3ebe3e6bbee83d03
action_dit_adaln_norm1,1c13,19,9,odd,5,4,3ec6bdb03effbd24
action_dit_adaln_norm1,1c13,19,10,even,5,4,3e2c3d4bbf32bdc6
action_dit_adaln_norm1,1c13,19,11,odd,5,4,3e1abc90be68bd06
action_dit_adaln_norm1,1c13,19,12,even,5,4,3ee6be283e0a3e8c
action_dit_adaln_norm1,1c13,19,13,odd,5,4,bed5bde33c703e52
action_dit_adaln_norm1,1c13,19,14,even,5,4,3e20be98bde8be25
action_dit_adaln_norm1,1c13,19,15,odd,5,4,3f12bd93bee23e46
action_dit_adaln_norm1,1c13,19,0,even,6,4,3e00bd383cd83f4e
action_dit_adaln_norm1,1c13,19,1,odd,6,4,beec3e743ea0be8f
action_dit_adaln_norm1,1c13,19,2,even,6,4,3ee1bdfe3e3a3e6b
action_dit_adaln_norm1,1c13,19,3,odd,6,4,bda23edc3e533e0e
action_dit_adaln_norm1,1c13,19,4,even,6,4,bee43d98bdfd3d86
action_dit_adaln_norm1,1c13,19,5,odd,6,4,bdc53f86be21be55
action_dit_adaln_norm1,1c13,19,6,even,6,4,3e403eeebefabd4c
action_dit_adaln_norm1,1c13,19,7,odd,6,4,bce43ca13d9a3e39
action_dit_adaln_norm1,1c13,19,8,even,6,4,3d34bcd83e303e32
action_dit_adaln_norm1,1c13,19,9,odd,6,4,beb1be1ebdf0bd16
action_dit_adaln_norm1,1c13,19,10,even,6,4,3d5dbeb2bd063d88
action_dit_adaln_norm1,1c13,19,11,odd,6,4,3e8d3e1e3e87be60
action_dit_adaln_norm1,1c13,19,12,even,6,4,3eb23ee9bdbc3ebe
action_dit_adaln_norm1,1c13,19,13,odd,6,4,bde5bdd8beaabc28
action_dit_adaln_norm1,1c13,19,14,even,6,4,bed6be8c3ea4be2c
action_dit_adaln_norm1,1c13,19,15,odd,6,4,3ea33d34be233bc0
action_dit_adaln_norm1,1c13,19,0,even,7,4,be863f1abdab3ef0
action_dit_adaln_norm1,1c13,19,1,odd,7,4,3da93d81be473e05
action_dit_adaln_norm1,1c13,19,2,even,7,4,be4b3e243c50be70
action_dit_adaln_norm1,1c13,19,3,odd,7,4,be2cbf1e3e2d3d0a
action_dit_adaln_norm1,1c13,19,4,even,7,4,3cb8bea7be95be0f
action_dit_adaln_norm1,1c13,19,5,odd,7,4,bee8beb43d823d92
action_dit_adaln_norm1,1c13,19,6,even,7,4,be9c3e3f3e533e99
action_dit_adaln_norm1,1c13,19,7,odd,7,4,bd2cbe39bc9cbe2e
action_dit_adaln_norm1,1c13,19,8,even,7,4,be1e3cf03e6a3e03
action_dit_adaln_norm1,1c13,19,9,odd,7,4,bd2a3e0abd0ebe31
action_dit_adaln_norm1,1c13,19,10,even,7,4,3dfe3c3c3e393f20
action_dit_adaln_norm1,1c13,19,11,odd,7,4,3e66bdb6be663e2f
action_dit_adaln_norm1,1c13,19,12,even,7,4,bddbbe283e32be73
action_dit_adaln_norm1,1c13,19,13,odd,7,4,3dcd3d9fbe20be5a
action_dit_adaln_norm1,1c13,19,14,even,7,4,bde6bf0abd723e52
action_dit_adaln_norm1,1c13,19,15,odd,7,4,bd70bd9b3b30bed3
action_dit_adaln_norm1,1c13,19,0,even,8,4,3eb4bd06be0c3ddf
action_dit_adaln_norm1,1c13,19,1,odd,8,4,3d8e3cf0bc783d12
action_dit_adaln_norm1,1c13,19,2,even,8,4,3f02bebc3cf83ee4
action_dit_adaln_norm1,1c13,19,3,odd,8,4,becabf3abf203eb5
action_dit_adaln_norm1,1c13,19,4,even,8,4,3ecabe9fbdd23e40
action_dit_adaln_norm1,1c13,19,5,odd,8,4,bcd8be37beecbeaf
action_dit_adaln_norm1,1c13,19,6,even,8,4,be323f1bbe3cbf0e
action_dit_adaln_norm1,1c13,19,7,odd,8,4,3ec2bdd4beabbf05
action_dit_adaln_norm1,1c13,19,8,even,8,4,bd4a3f37bd64be8a
action_dit_adaln_norm1,1c13,19,9,odd,8,4,bd473e983d96bd86
action_dit_adaln_norm1,1c13,19,10,even,8,4,be463e84beef3cb8
action_dit_adaln_norm1,1c13,19,11,odd,8,4,3e883e48bf07be87
action_dit_adaln_norm1,1c13,19,12,even,8,4,be1f3d8c3e93bea7
action_dit_adaln_norm1,1c13,19,13,odd,8,4,3e463e6a3f173e20
action_dit_adaln_norm1,1c13,19,14,even,8,4,3e2d3e5dbe683ea1
action_dit_adaln_norm1,1c13,19,15,odd,8,4,3ea2be9bbd65be8b
action_dit_adaln_norm1,1c13,19,0,even,9,4,3dcd3eb03f41be6c
action_dit_adaln_norm1,1c13,19,1,odd,9,4,be343f35bea93d80
action_dit_adaln_norm1,1c13,19,2,even,9,4,3ede3d303d2a3dde
action_dit_adaln_norm1,1c13,19,3,odd,9,4,3e3dbe753e573f3b
action_dit_adaln_norm1,1c13,19,4,even,9,4,3e8c3df2be5e3ede
action_dit_adaln_norm1,1c13,19,5,odd,9,4,bda4be5d3d783dce
action_dit_adaln_norm1,1c13,19,6,even,9,4,3ea03ec1bdc03eaa
action_dit_adaln_norm1,1c13,19,7,odd,9,4,3da63c00be1c3e30
action_dit_adaln_norm1,1c13,19,8,even,9,4,befabeac3cbabc20
action_dit_adaln_norm1,1c13,19,9,odd,9,4,3e213e8e3e56be92
action_dit_adaln_norm1,1c13,19,10,even,9,4,3c143cb03e333eba
action_dit_adaln_norm1,1c13,19,11,odd,9,4,bda63d8e3e963bd8
action_dit_adaln_norm1,1c13,19,12,even,9,4,be1ebe46bf13be63
action_dit_adaln_norm1,1c13,19,13,odd,9,4,bda93cecbc93bdfc
action_dit_adaln_norm1,1c13,19,14,even,9,4,bf373e0c3dfe3e34
action_dit_adaln_norm1,1c13,19,15,odd,9,4,beb63d8ebd08bdb5
action_dit_adaln_norm1,1c13,19,0,even,10,4,3e113eb7be9abe97
action_dit_adaln_norm1,1c13,19,1,odd,10,4,bf1b3ea23e96bd34
action_dit_adaln_norm1,1c13,19,2,even,10,4,3e1f3b94bdbbbe6a
action_dit_adaln_norm1,1c13,19,3,odd,10,4,be96be5c3dd83eb9
action_dit_adaln_norm1,1c13,19,4,even,10,4,be043ebebe96bef2
action_dit_adaln_norm1,1c13,19,5,odd,10,4,bdc4be89be78be8b
action_dit_adaln_norm1,1c13,19,6,even,10,4,bc38bbd03e7ebd6c
action_dit_adaln_norm1,1c13,19,7,odd,10,4,be93beb4bed0bcc4
action_dit_adaln_norm1,1c13,19,8,even,10,4,3e93bd20be923d04
action_dit_adaln_norm1,1c13,19,9,odd,10,4,3ede3e0f3e9f3f10
action_dit_adaln_norm1,1c13,19,10,even,10,4,beeebda6bf0dbeae
action_dit_adaln_norm1,1c13,19,11,odd,10,4,be9c3f3f3e9bbd8a
action_dit_adaln_norm1,1c13,19,12,even,10,4,3ea53e82be1dbda2
action_dit_adaln_norm1,1c13,19,13,odd,10,4,3e6f3ed03e42bec3
action_dit_adaln_norm1,1c13,19,14,even,10,4,3c403e0fbeec3e51
action_dit_adaln_norm1,1c13,19,15,odd,10,4,3ed53e76bc88be5b
action_dit_adaln_norm1,1c13,19,0,even,11,4,3de33ebfbeda3ede
action_dit_adaln_norm1,1c13,19,1,odd,11,4,be1dbf02bea2bec3
action_dit_adaln_norm1,1c13,19,2,even,11,4,3e163e53bea73ec2
action_dit_adaln_norm1,1c13,19,3,odd,11,4,bd50be4a3d69be8c
action_dit_adaln_norm1,1c13,19,4,even,11,4,3e96beb6be993eaf
action_dit_adaln_norm1,1c13,19,5,odd,11,4,bdee3e5c3dee3c58
action_dit_adaln_norm1,1c13,19,6,even,11,4,bdcd3c103e0a3eb2
action_dit_adaln_norm1,1c13,19,7,odd,11,4,3da23eebbe77bda6
action_dit_adaln_norm1,1c13,19,8,even,11,4,bed5be1fbdd8bd33
action_dit_adaln_norm1,1c13,19,9,odd,11,4,3d6e3df53e00bf20
action_dit_adaln_norm1,1c13,19,10,even,11,4,bf103ee7bebfbc38
action_dit_adaln_norm1,1c13,19,11,odd,11,4,3e8dbedd3e643d85
action_dit_adaln_norm1,1c13,19,12,even,11,4,3e6bbe913ec9be1c
action_dit_adaln_norm1,1c13,19,13,odd,11,4,3ea83eeabe903d5c
action_dit_adaln_norm1,1c13,19,14,even,11,4,bea03d5c3e703c20
action_dit_adaln_norm1,1c13,19,15,odd,11,4,3e4abf2abee0bde2
action_dit_adaln_norm1,1c13,19,0,even,12,4,be783c80be353ef2
action_dit_adaln_norm1,1c13,19,1,odd,12,4,3edebe80be6a3e6a
action_dit_adaln_norm1,1c13,19,2,even,12,4,bd843e28be98bec2
action_dit_adaln_norm1,1c13,19,3,odd,12,4,3e4d3e64bdd7bdaf
action_dit_adaln_norm1,1c13,19,4,even,12,4,beafbe13bf183f3a
action_dit_adaln_norm1,1c13,19,5,odd,12,4,bf193e843e7cbe61
action_dit_adaln_norm1,1c13,19,6,even,12,4,be7a3da0bde4bc60
action_dit_adaln_norm1,1c13,19,7,odd,12,4,3e5dbecabe993c30
action_dit_adaln_norm1,1c13,19,8,even,12,4,3f01be323e163d64
action_dit_adaln_norm1,1c13,19,9,odd,12,4,be24be463d8dbe10
action_dit_adaln_norm1,1c13,19,10,even,12,4,3e6a3e6d3ea13f34
action_dit_adaln_norm1,1c13,19,11,odd,12,4,3ed83e443e8d3d9e
action_dit_adaln_norm1,1c13,19,12,even,12,4,be9c3e853eadbe87
action_dit_adaln_norm1,1c13,19,13,odd,12,4,3ea43d103d9cbd20
action_dit_adaln_norm1,1c13,19,14,even,12,4,3eaf3ec23e8bbea5
action_dit_adaln_norm1,1c13,19,15,odd,12,4,bd10bd14be72be13
action_dit_adaln_norm1,1c13,19,0,even,13,4,3d2e3e703eccbe1e
action_dit_adaln_norm1,1c13,19,1,odd,13,4,be853e28bf283e14
action_dit_adaln_norm1,1c13,19,2,even,13,4,3b50bed63ed2bdf4
action_dit_adaln_norm1,1c13,19,3,odd,13,4,3eb73e243e52bbb0
action_dit_adaln_norm1,1c13,19,4,even,13,4,3ddf3ee83e22bb00
action_dit_adaln_norm1,1c13,19,5,odd,13,4,3eb6bcecbd9c3e1e
action_dit_adaln_norm1,1c13,19,6,even,13,4,bdad3eacbf65be18
action_dit_adaln_norm1,1c13,19,7,odd,13,4,bca0be60be64be31
action_dit_adaln_norm1,1c13,19,8,even,13,4,3eacbe0bbe9dbd1d
action_dit_adaln_norm1,1c13,19,9,odd,13,4,bea4be0cbedf3e36
action_dit_adaln_norm1,1c13,19,10,even,13,4,3e4abcc83efe3ec3
action_dit_adaln_norm1,1c13,19,11,odd,13,4,3ec8bee5bbd8bdcc
action_dit_adaln_norm1,1c13,19,12,even,13,4,3d103e6dbe68bea3
action_dit_adaln_norm1,1c13,19,13,odd,13,4,bd7cbdc8be77bdd0
action_dit_adaln_norm1,1c13,19,14,even,13,4,3ee43d473eb4bdf8
action_dit_adaln_norm1,1c13,19,15,odd,13,4,be9cbc6b3d9a3dac
action_dit_adaln_norm1,1c13,19,0,even,14,4,3e723f0e3cc2be6e
action_dit_adaln_norm1,1c13,19,1,odd,14,4,3dd63d11beb8be0f
action_dit_adaln_norm1,1c13,19,2,even,14,4,bd85bea1beb4bd8e
action_dit_adaln_norm1,1c13,19,3,odd,14,4,bdd6bddabd9e3e72
action_dit_adaln_norm1,1c13,19,4,even,14,4,bed3bdaebcf03db5
action_dit_adaln_norm1,1c13,19,5,odd,14,4,3e313dfabeec3e0e
action_dit_adaln_norm1,1c13,19,6,even,14,4,bc84bd813ed13e24
action_dit_adaln_norm1,1c13,19,7,odd,14,4,3e96bd783e9fbdec
action_dit_adaln_norm1,1c13,19,8,even,14,4,3e9ebf22bf3dbd6c
action_dit_adaln_norm1,1c13,19,9,odd,14,4,be203e9ebe8ebeaf
action_dit_adaln_norm1,1c13,19,10,even,14,4,bde23dd63e3bbf11
action_dit_adaln_norm1,1c13,19,11,odd,14,4,bcc83d4cbd1cbe75
action_dit_adaln_norm1,1c13,19,12,even,14,4,be92bcd8bed3bef5
action_dit_adaln_norm1,1c13,19,13,odd,14,4,be453e8b3d363eae
action_dit_adaln_norm1,1c13,19,14,even,14,4,be77bdbcbe6ebf26
action_dit_adaln_norm1,1c13,19,15,odd,14,4,3eaa3e7dbf3e3e9d
action_dit_adaln_norm1,1c13,19,0,even,15,4,bea03e083f023da6
action_dit_adaln_norm1,1c13,19,1,odd,15,4,3efebe19becc3e09
action_dit_adaln_norm1,1c13,19,2,even,15,4,3e2a3da2be7ebc22
action_dit_adaln_norm1,1c13,19,3,odd,15,4,3f1ebe46be4a3e66
action_dit_adaln_norm1,1c13,19,4,even,15,4,3e8cbd923eeb3e44
action_dit_adaln_norm1,1c13,19,5,odd,15,4,3c803e6a3e443d66
action_dit_adaln_norm1,1c13,19,6,even,15,4,3e52be40bf27be15
action_dit_adaln_norm1,1c13,19,7,odd,15,4,be4abe2ebec83e97
action_dit_adaln_norm1,1c13,19,8,even,15,4,3e8c3f1c3c5cbdd9
action_dit_adaln_norm1,1c13,19,9,odd,15,4,bd18be383d023f15
action_dit_adaln_norm1,1c13,19,10,even,15,4,bdbabd8d3e1fbcb8
action_dit_adaln_norm1,1c13,19,11,odd,15,4,be723ed63ea63ec6
action_dit_adaln_norm1,1c13,19,12,even,15,4,3f4f3e6ebe843ef5
action_dit_adaln_norm1,1c13,19,13,odd,15,4,3dc0bd60bd6fbed0
action_dit_adaln_norm1,1c13,19,14,even,15,4,bf0ebe6cbdd53e0a
action_dit_adaln_norm1,1c13,19,15,odd,15,4,bdf0be70bed43e88
action_dit_adaln_norm1,1c13,19,0,even,16,4,bed13e5dbddabdae
action_dit_adaln_norm1,1c13,19,1,odd,16,4,bc60bcecbf2cbe87
action_dit_adaln_norm1,1c13,19,2,even,16,4,3d5c3e983e073d12
action_dit_adaln_norm1,1c13,19,3,odd,16,4,3ece3da03e8e3d6e
action_dit_adaln_norm1,1c13,19,4,even,16,4,3b8b3eb63e9a3dfc
action_dit_adaln_norm1,1c13,19,5,odd,16,4,3e0d3edfbca63dd8
action_dit_adaln_norm1,1c13,19,6,even,16,4,3d853ea3bed73edc
action_dit_adaln_norm1,1c13,19,7,odd,16,4,bc20be5dbe163dae
action_dit_adaln_norm1,1c13,19,8,even,16,4,bf053cd13e53bdae
action_dit_adaln_norm1,1c13,19,9,odd,16,4,bd50be4d3e953ee2
action_dit_adaln_norm1,1c13,19,10,even,16,4,3d303e463e49bcb0
action_dit_adaln_norm1,1c13,19,11,odd,16,4,3d0a3ebebe8fbd60
action_dit_adaln_norm1,1c13,19,12,even,16,4,3db83db8bed23dc4
action_dit_adaln_norm1,1c13,19,13,odd,16,4,3eac3e2a3ec83e13
action_dit_adaln_norm1,1c13,19,14,even,16,4,3eb0be94bdc83eb6
action_dit_adaln_norm1,1c13,19,15,odd,16,4,3dffbe603da0bcc8
action_dit_adaln_norm1,1c13,19,0,even,17,4,3dbe3d823e543ce0
action_dit_adaln_norm1,1c13,19,1,odd,17,4,3f233f023e4a3e28
action_dit_adaln_norm1,1c13,19,2,even,17,4,3ebabee83e7dbe8d
action_dit_adaln_norm1,1c13,19,3,odd,17,4,3e3b3de2bd29bdf2
action_dit_adaln_norm1,1c13,19,4,even,17,4,bd9e3e97be9b3f01
action_dit_adaln_norm1,1c13,19,5,odd,17,4,3e593e84bef4bf16
action_dit_adaln_norm1,1c13,19,6,even,17,4,3e8abe38ba80be3c
action_dit_adaln_norm1,1c13,19,7,odd,17,4,3e333a803e59bd7b
action_dit_adaln_norm1,1c13,19,8,even,17,4,3e9abdf43ee2bded
action_dit_adaln_norm1,1c13,19,9,odd,17,4,befcbf05be4a3e6f
action_dit_adaln_norm1,1c13,19,10,even,17,4,3dc4bd34bcecbdba
action_dit_adaln_norm1,1c13,19,11,odd,17,4,be983d8abe423e6a
action_dit_adaln_norm1,1c13,19,12,even,17,4,3d04bea63de63e8c
action_dit_adaln_norm1,1c13,19,13,odd,17,4,3f713eabbe6ebeb0
action_dit_adaln_norm1,1c13,19,14,even,17,4,be6bbb003d9ebdac
action_dit_adaln_norm1,1c13,19,15,odd,17,4,3ecfbd843e2b3ed0
action_dit_adaln_norm1,1c13,19,0,even,18,4,3c40bbe0be0e3ec6
action_dit_adaln_norm1,1c13,19,1,odd,18,4,3d423e4b3e803dd6
action_dit_adaln_norm1,1c13,19,2,even,18,4,bdeebebabc9d3e24
action_dit_adaln_norm1,1c13,19,3,odd,18,4,3d2b3db8bf163e76
action_dit_adaln_norm1,1c13,19,4,even,18,4,3d92bd68bdc2bdc4
action_dit_adaln_norm1,1c13,19,5,odd,18,4,bdeabd613ef43e67
action_dit_adaln_norm1,1c13,19,6,even,18,4,3eca3e643da6bd10
action_dit_adaln_norm1,1c13,19,7,odd,18,4,3ea7be413e793e08
action_dit_adaln_norm1,1c13,19,8,even,18,4,3e12bf123d8c3e54
action_dit_adaln_norm1,1c13,19,9,odd,18,4,3e253e1abe8a3eac
action_dit_adaln_norm1,1c13,19,10,even,18,4,be4a3f48bd4c3d82
action_dit_adaln_norm1,1c13,19,11,odd,18,4,3eed3f113e953ead
action_dit_adaln_norm1,1c13,19,12,even,18,4,bdc33edcbe0c3d2b
action_dit_adaln_norm1,1c13,19,13,odd,18,4,be2a3ec43e913d5b
action_dit_adaln_norm1,1c13,19,14,even,18,4,3cce3ed9be94be70
action_dit_adaln_norm1,1c13,19,15,odd,18,4,bd1cbf16be36bee2
action_dit_adaln_norm1,1c13,19,0,even,19,4,3d703ee53dcebdf2
action_dit_adaln_norm1,1c13,19,1,odd,19,4,3ebf3cdc3e983eae
action_dit_adaln_norm1,1c13,19,2,even,19,4,3f3b3f37be943e5c
action_dit_adaln_norm1,1c13,19,3,odd,19,4,3eaa3d78bebfbe3a
action_dit_adaln_norm1,1c13,19,4,even,19,4,3e243e4ebf443d56
action_dit_adaln_norm1,1c13,19,5,odd,19,4,3edd3e0cbd483d5e
action_dit_adaln_norm1,1c13,19,6,even,19,4,3ec5bf1d3ded3f08
action_dit_adaln_norm1,1c13,19,7,odd,19,4,3ebd3eb63e1d3ecd
action_dit_adaln_norm1,1c13,19,8,even,19,4,bdd03cc03d603e73
action_dit_adaln_norm1,1c13,19,9,odd,19,4,3e98bed43ebfbefc
action_dit_adaln_norm1,1c13,19,10,even,19,4,3e5a3e89bd093e95
action_dit_adaln_norm1,1c13,19,11,odd,19,4,be973d7a3ee83ecc
action_dit_adaln_norm1,1c13,19,12,even,19,4,beee3eb23e503e0c
action_dit_adaln_norm1,1c13,19,13,odd,19,4,be87bf103eb5bd8f
action_dit_adaln_norm1,1c13,19,14,even,19,4,3e383be03dc9be8a
action_dit_adaln_norm1,1c13,19,15,odd,19,4,3ce2becc3db23e00
action_dit_adaln_norm1,1c13,19,0,even,20,4,beaa3e10be733f0c
action_dit_adaln_norm1,1c13,19,1,odd,20,4,3ec2bef6be033e4b
action_dit_adaln_norm1,1c13,19,2,even,20,4,3dc5be383f073e3f
action_dit_adaln_norm1,1c13,19,3,odd,20,4,bd273f20be613cf8
action_dit_adaln_norm1,1c13,19,4,even,20,4,3e7abea23e96be36
action_dit_adaln_norm1,1c13,19,5,odd,20,4,3e533ebfbf67bd40
action_dit_adaln_norm1,1c13,19,6,even,20,4,3cb8be043e163e90
action_dit_adaln_norm1,1c13,19,7,odd,20,4,3e8bbe3abeba3ed7
action_dit_adaln_norm1,1c13,19,8,even,20,4,3f0bbd9abc103e2c
action_dit_adaln_norm1,1c13,19,9,odd,20,4,3ed2bec5beb83c18
action_dit_adaln_norm1,1c13,19,10,even,20,4,3dc6bec03eb7bdd8
action_dit_adaln_norm1,1c13,19,11,odd,20,4,be2c3e8e3e8a3e5e
action_dit_adaln_norm1,1c13,19,12,even,20,4,bd313ee63c60bb80
action_dit_adaln_norm1,1c13,19,13,odd,20,4,bee7be803e31bec9
action_dit_adaln_norm1,1c13,19,14,even,20,4,be20bdf93ea4bd94
action_dit_adaln_norm1,1c13,19,15,odd,20,4,bf383e0a3e403d8c
action_dit_adaln_norm1,1c13,19,0,even,21,4,3e14bf11bda43e6e
action_dit_adaln_norm1,1c13,19,1,odd,21,4,bd15be703f373efc
action_dit_adaln_norm1,1c13,19,2,even,21,4,3eb1bc8abd653f2f
action_dit_adaln_norm1,1c13,19,3,odd,21,4,be88bd24bf21bf0c
action_dit_adaln_norm1,1c13,19,4,even,21,4,3d24bea6bec4bdc8
action_dit_adaln_norm1,1c13,19,5,odd,21,4,be4e3dac3d9abd58
action_dit_adaln_norm1,1c13,19,6,even,21,4,be033e15bea63e06
action_dit_adaln_norm1,1c13,19,7,odd,21,4,3e41beec3e053e66
action_dit_adaln_norm1,1c13,19,8,even,21,4,be3fbd303ea9be44
action_dit_adaln_norm1,1c13,19,9,odd,21,4,bebbbe813ce0bf15
action_dit_adaln_norm1,1c13,19,10,even,21,4,3ec6be72bea7bd7a
action_dit_adaln_norm1,1c13,19,11,odd,21,4,3d583c303e4d3bb0
action_dit_adaln_norm1,1c13,19,12,even,21,4,beb3be1f3ca0bea2
action_dit_adaln_norm1,1c13,19,13,odd,21,4,bcc8be83bea5be87
action_dit_adaln_norm1,1c13,19,14,even,21,4,3eb8be5a3dff3ddd
action_dit_adaln_norm1,1c13,19,15,odd,21,4,3ec63ea23c30bd34
action_dit_adaln_norm1,1c13,19,0,even,22,4,3e893cf0bdf33f30
action_dit_adaln_norm1,1c13,19,1,odd,22,4,bd9a3e5e3dfa3e74
action_dit_adaln_norm1,1c13,19,2,even,22,4,be7cbe60bbf03f2a
action_dit_adaln_norm1,1c13,19,3,odd,22,4,bcb4bef4be673e8e
action_dit_adaln_norm1,1c13,19,4,even,22,4,bea4bb603ef6bcc0
action_dit_adaln_norm1,1c13,19,5,odd,22,4,bd18be0ebdb0be82
action_dit_adaln_norm1,1c13,19,6,even,22,4,3ece3ec6bd8ebdfa
action_dit_adaln_norm1,1c13,19,7,odd,22,4,3e08bdde3f2f3dc2
action_dit_adaln_norm1,1c13,19,8,even,22,4,3e9abeacbcbc3e3a
action_dit_adaln_norm1,1c13,19,9,odd,22,4,3ed2bd58be8abe42
action_dit_adaln_norm1,1c13,19,10,even,22,4,bea6bea23ed63ebb
action_dit_adaln_norm1,1c13,19,11,odd,22,4,bc00be713d20bda8
action_dit_adaln_norm1,1c13,19,12,even,22,4,beb63eca3eac3a90
action_dit_adaln_norm1,1c13,19,13,odd,22,4,bdb2be05be563de0
action_dit_adaln_norm1,1c13,19,14,even,22,4,bd89be703e913e42
action_dit_adaln_norm1,1c13,19,15,odd,22,4,bd9cbdc5bdaa3db5
action_dit_adaln_norm1,1c13,19,0,even,23,4,bebc3ee43d0cbe8e
action_dit_adaln_norm1,1c13,19,1,odd,23,4,3f0dbba0be8bbdd7
action_dit_adaln_norm1,1c13,19,2,even,23,4,3e36bd303ed3be8d
action_dit_adaln_norm1,1c13,19,3,odd,23,4,bec7bde2bd84be28
action_dit_adaln_norm1,1c13,19,4,even,23,4,be5e3de03e923e01
action_dit_adaln_norm1,1c13,19,5,odd,23,4,bef2be3abe693e31
action_dit_adaln_norm1,1c13,19,6,even,23,4,bf48be6cbecebf0c
action_dit_adaln_norm1,1c13,19,7,odd,23,4,3e823e753e493e37
action_dit_adaln_norm1,1c13,19,8,even,23,4,3d303ef13e5ebecb
action_dit_adaln_norm1,1c13,19,9,odd,23,4,bf023e31be34bc92
action_dit_adaln_norm1,1c13,19,10,even,23,4,3e9f3de8bcc8bde5
action_dit_adaln_norm1,1c13,19,11,odd,23,4,3daa3c80be4e3e61
action_dit_adaln_norm1,1c13,19,12,even,23,4,3ea9bd50be973e2e
action_dit_adaln_norm1,1c13,19,13,odd,23,4,be6abe863ca43ed0
action_dit_adaln_norm1,1c13,19,14,even,23,4,be36bd963e483f30
action_dit_adaln_norm1,1c13,19,15,odd,23,4,3e1ebd5bbdcdbe38
action_dit_adaln_norm1,1c14,20,0,even,0,4,3db4bd263f163e16
action_dit_adaln_norm1,1c14,20,1,odd,0,4,3e1f3e633ecb3ef6
action_dit_adaln_norm1,1c14,20,2,even,0,4,3d5a3e623dbf3dd8
action_dit_adaln_norm1,1c14,20,3,odd,0,4,3db6bd86be2c3e08
action_dit_adaln_norm1,1c14,20,4,even,0,4,bf25bce03e6bbe54
action_dit_adaln_norm1,1c14,20,5,odd,0,4,be233e79bc043b14
action_dit_adaln_norm1,1c14,20,6,even,0,4,3e8cbe28bdf23e50
action_dit_adaln_norm1,1c14,20,7,odd,0,4,3ea23e863e5e3f0a
action_dit_adaln_norm1,1c14,20,8,even,0,4,bece3e743e103e5c
action_dit_adaln_norm1,1c14,20,9,odd,0,4,3f0ebe903f78be4c
action_dit_adaln_norm1,1c14,20,10,even,0,4,3edd3e613e57be43
action_dit_adaln_norm1,1c14,20,11,odd,0,4,3e043d963ea0bd4e
action_dit_adaln_norm1,1c14,20,12,even,0,4,bebfbe393e973e6d
action_dit_adaln_norm1,1c14,20,13,odd,0,4,bd183eecbe893dc8
action_dit_adaln_norm1,1c14,20,14,even,0,4,bf13be223c703ea6
action_dit_adaln_norm1,1c14,20,15,odd,0,4,bc70bd6ebee63ca8
action_dit_adaln_norm1,1c14,20,0,even,1,4,bf123e463e4dbeaa
action_dit_adaln_norm1,1c14,20,1,odd,1,4,beae3e94bb10be7d
action_dit_adaln_norm1,1c14,20,2,even,1,4,3e163d803cd83e61
action_dit_adaln_norm1,1c14,20,3,odd,1,4,3e8dbe1ebefb3e44
action_dit_adaln_norm1,1c14,20,4,even,1,4,bed4be2fbe2a3d7a
action_dit_adaln_norm1,1c14,20,5,odd,1,4,bdb8bdb8be4e3dd4
action_dit_adaln_norm1,1c14,20,6,even,1,4,bd9cbead3e00be9c
action_dit_adaln_norm1,1c14,20,7,odd,1,4,be2ebea7be1dbea5
action_dit_adaln_norm1,1c14,20,8,even,1,4,3c843ed8bdf0bd74
action_dit_adaln_norm1,1c14,20,9,odd,1,4,bed13ec83ddc3ecc
action_dit_adaln_norm1,1c14,20,10,even,1,4,3e90be26bf29bee8
action_dit_adaln_norm1,1c14,20,11,odd,1,4,bee83ef4becebd61
action_dit_adaln_norm1,1c14,20,12,even,1,4,3e0ebe99bf033c62
action_dit_adaln_norm1,1c14,20,13,odd,1,4,bee5be1f3d75bdc0
action_dit_adaln_norm1,1c14,20,14,even,1,4,bf04be6dbe04bf1e
action_dit_adaln_norm1,1c14,20,15,odd,1,4,bdf13e2ebea33c0c
action_dit_adaln_norm1,1c14,20,0,even,2,4,bb983ea6bdf5bccc
action_dit_adaln_norm1,1c14,20,1,odd,2,4,befabdb6bd383e38
action_dit_adaln_norm1,1c14,20,2,even,2,4,3e323bb8bd1abcd0
action_dit_adaln_norm1,1c14,20,3,odd,2,4,be243df7bcd83f31
action_dit_adaln_norm1,1c14,20,4,even,2,4,3e893e61bc283e93
action_dit_adaln_norm1,1c14,20,5,odd,2,4,3da8bf113e9e3eb4
action_dit_adaln_norm1,1c14,20,6,even,2,4,bf08be1d3e52bd18
action_dit_adaln_norm1,1c14,20,7,odd,2,4,be63be3e3dac3e3e
action_dit_adaln_norm1,1c14,20,8,even,2,4,3e62beb93e8ebdb0
action_dit_adaln_norm1,1c14,20,9,odd,2,4,3d3a3e0dbe033d02
action_dit_adaln_norm1,1c14,20,10,even,2,4,bef7bd803e94bee6
action_dit_adaln_norm1,1c14,20,11,odd,2,4,bd37be09beb43ee1
action_dit_adaln_norm1,1c14,20,12,even,2,4,3e8b3e63bc10be6c
action_dit_adaln_norm1,1c14,20,13,odd,2,4,bdd2bec8be7dbc10
action_dit_adaln_norm1,1c14,20,14,even,2,4,bc203ddcbe6c3eea
action_dit_adaln_norm1,1c14,20,15,odd,2,4,be3bbd7c3ed93eb8
action_dit_adaln_norm1,1c14,20,0,even,3,4,3ce03da63e2abe70
action_dit_adaln_norm1,1c14,20,1,odd,3,4,3e313e11bd58be2a
action_dit_adaln_norm1,1c14,20,2,even,3,4,3e90be3c3d01bd80
action_dit_adaln_norm1,1c14,20,3,odd,3,4,bd843f153e693c80
action_dit_adaln_norm1,1c14,20,4,even,3,4,bf063e38be3e3ef4
action_dit_adaln_norm1,1c14,20,5,odd,3,4,bc303d403db8bdb7
action_dit_adaln_norm1,1c14,20,6,even,3,4,bcb2bee23ef73d2b
action_dit_adaln_norm1,1c14,20,7,odd,3,4,bdb53eee3e1a3e96
action_dit_adaln_norm1,1c14,20,8,even,3,4,3ddebf47bf03be9c
action_dit_adaln_norm1,1c14,20,9,odd,3,4,3ef0bf34be76bdb7
action_dit_adaln_norm1,1c14,20,10,even,3,4,3e02beabbea43e32
action_dit_adaln_norm1,1c14,20,11,odd,3,4,3d123d843e84be90
action_dit_adaln_norm1,1c14,20,12,even,3,4,bed5be963e623dbc
action_dit_adaln_norm1,1c14,20,13,odd,3,4,bf24bcd43daabe86
action_dit_adaln_norm1,1c14,20,14,even,3,4,3e1abccabe00bd84
action_dit_adaln_norm1,1c14,20,15,odd,3,4,be6cbe1c3c24bd14
action_dit_adaln_norm1,1c14,20,0,even,4,4,bc303d833eb9ba00
action_dit_adaln_norm1,1c14,20,1,odd,4,4,be6c3ecb3decbe84
action_dit_adaln_norm1,1c14,20,2,even,4,4,be913e91bd58bee9
action_dit_adaln_norm1,1c14,20,3,odd,4,4,3e56be0a3e163ea3
action_dit_adaln_norm1,1c14,20,4,even,4,4,3e77be043e26bebc
action_dit_adaln_norm1,1c14,20,5,odd,4,4,bd053ee13dfebe54
action_dit_adaln_norm1,1c14,20,6,even,4,4,3e61beaabe83bea4
action_dit_adaln_norm1,1c14,20,7,odd,4,4,bcd4bd7cbe153c28
action_dit_adaln_norm1,1c14,20,8,even,4,4,bdb83e18bf0ebcad
action_dit_adaln_norm1,1c14,20,9,odd,4,4,3cc03e3bbe393d6c
action_dit_adaln_norm1,1c14,20,10,even,4,4,3eb13e92be813e2a
action_dit_adaln_norm1,1c14,20,11,odd,4,4,3d093f02bedb3e8a
action_dit_adaln_norm1,1c14,20,12,even,4,4,3f0c3da0be00be3a
action_dit_adaln_norm1,1c14,20,13,odd,4,4,3e98bd88bed0bdee
action_dit_adaln_norm1,1c14,20,14,even,4,4,beb93e323e6c3c64
action_dit_adaln_norm1,1c14,20,15,odd,4,4,3e363e163db3beca
action_dit_adaln_norm1,1c14,20,0,even,5,4,3e843bc0be533eac
action_dit_adaln_norm1,1c14,20,1,odd,5,4,3e0c3e913e1abf01
action_dit_adaln_norm1,1c14,20,2,even,5,4,be3a3e70bef73e8f
action_dit_adaln_norm1,1c14,20,3,odd,5,4,be2a3e62be263d22
action_dit_adaln_norm1,1c14,20,4,even,5,4,be70be833ea7bd60
action_dit_adaln_norm1,1c14,20,5,odd,5,4,3ec1bd56be49be5a
action_dit_adaln_norm1,1c14,20,6,even,5,4,bd923def3e8cbd38
action_dit_adaln_norm1,1c14,20,7,odd,5,4,3db03e7cbe0bbe50
action_dit_adaln_norm1,1c14,20,8,even,5,4,3f113e88be82bce8
action_dit_adaln_norm1,1c14,20,9,odd,5,4,3ee73e2c3ede3e50
action_dit_adaln_norm1,1c14,20,10,even,5,4,3ec93de4bf063d97
action_dit_adaln_norm1,1c14,20,11,odd,5,4,bc783df6be2d3e9e
action_dit_adaln_norm1,1c14,20,12,even,5,4,3e76be02bdb63f16
action_dit_adaln_norm1,1c14,20,13,odd,5,4,be90bec2bddb3e8a
action_dit_adaln_norm1,1c14,20,14,even,5,4,3e7cbebabe39bdf4
action_dit_adaln_norm1,1c14,20,15,odd,5,4,3f46bde4bee53e66
action_dit_adaln_norm1,1c14,20,0,even,6,4,3d83be9abd653f46
action_dit_adaln_norm1,1c14,20,1,odd,6,4,bed43eba3e76be55
action_dit_adaln_norm1,1c14,20,2,even,6,4,3f02bd1c3e083ee6
action_dit_adaln_norm1,1c14,20,3,odd,6,4,be0a3ea83de33eaf
action_dit_adaln_norm1,1c14,20,4,even,6,4,beb0bbd03c5e3e19
action_dit_adaln_norm1,1c14,20,5,odd,6,4,3d243f5cbf12be96
action_dit_adaln_norm1,1c14,20,6,even,6,4,3c823e9cbed8bdec
action_dit_adaln_norm1,1c14,20,7,odd,6,4,be633de23a803e77
action_dit_adaln_norm1,1c14,20,8,even,6,4,bddebce43db3bd3c
action_dit_adaln_norm1,1c14,20,9,odd,6,4,bebebe9bbce83da5
action_dit_adaln_norm1,1c14,20,10,even,6,4,3e2ebf18be063e5d
action_dit_adaln_norm1,1c14,20,11,odd,6,4,3e833ea63d9abe15
action_dit_adaln_norm1,1c14,20,12,even,6,4,3e6c3eefbd393ee7
action_dit_adaln_norm1,1c14,20,13,odd,6,4,bee43cbabe923e14
action_dit_adaln_norm1,1c14,20,14,even,6,4,bf13be933ed4bd70
action_dit_adaln_norm1,1c14,20,15,odd,6,4,bcb83de6beb9bd04
action_dit_adaln_norm1,1c14,20,0,even,7,4,3d3c3f0c3e203e92
action_dit_adaln_norm1,1c14,20,1,odd,7,4,3d34be0fbe863e46
action_dit_adaln_norm1,1c14,20,2,even,7,4,beaf3dbc3d82be80
action_dit_adaln_norm1,1c14,20,3,odd,7,4,be0dbf2f3e59bdac
action_dit_adaln_norm1,1c14,20,4,even,7,4,3df5bea5be56beb3
action_dit_adaln_norm1,1c14,20,5,odd,7,4,bf10bef1be323e34
action_dit_adaln_norm1,1c14,20,6,even,7,4,bd44bd0e3e5e3e6f
action_dit_adaln_norm1,1c14,20,7,odd,7,4,bcee3dbf3e0abeb3
action_dit_adaln_norm1,1c14,20,8,even,7,4,3d763e0a3f0e3e6c
action_dit_adaln_norm1,1c14,20,9,odd,7,4,3d88bd52bc3e3e82
action_dit_adaln_norm1,1c14,20,10,even,7,4,3e02bdb03f073f14
action_dit_adaln_norm1,1c14,20,11,odd,7,4,3db0be54be27bd86
action_dit_adaln_norm1,1c14,20,12,even,7,4,be513e923dcbbe4c
action_dit_adaln_norm1,1c14,20,13,odd,7,4,3e983e83be80be98
action_dit_adaln_norm1,1c14,20,14,even,7,4,be2ebea2bd033ea6
action_dit_adaln_norm1,1c14,20,15,odd,7,4,bdd93c98be38bee3
action_dit_adaln_norm1,1c14,20,0,even,8,4,3d94bb383d30bdce
action_dit_adaln_norm1,1c14,20,1,odd,8,4,bdf8be03be263ca8
action_dit_adaln_norm1,1c14,20,2,even,8,4,3dc9be853e0d3cac
action_dit_adaln_norm1,1c14,20,3,odd,8,4,bde4bf69bf253e69
action_dit_adaln_norm1,1c14,20,4,even,8,4,3e95bf0abe5cbe52
action_dit_adaln_norm1,1c14,20,5,odd,8,4,bdc6be85be99bec2
action_dit_adaln_norm1,1c14,20,6,even,8,4,bdde3f19beafbef0
action_dit_adaln_norm1,1c14,20,7,odd,8,4,3ebc3da6be96bf08
action_dit_adaln_norm1,1c14,20,8,even,8,4,bda23f343d10beaa
action_dit_adaln_norm1,1c14,20,9,odd,8,4,3e2c3d9c3e593e1a
action_dit_adaln_norm1,1c14,20,10,even,8,4,bdc73e8ebf2cbe2a
action_dit_adaln_norm1,1c14,20,11,odd,8,4,3e1c3e8dbeecbee5
action_dit_adaln_norm1,1c14,20,12,even,8,4,3e153e1c3ee2be54
action_dit_adaln_norm1,1c14,20,13,odd,8,4,3ccb3ec23f1a3e52
action_dit_adaln_norm1,1c14,20,14,even,8,4,3ccc3e8bbee33e91
action_dit_adaln_norm1,1c14,20,15,odd,8,4,3e3ebe8ebd36bdc7
action_dit_adaln_norm1,1c14,20,0,even,9,4,3e213f273f4fbe6c
action_dit_adaln_norm1,1c14,20,1,odd,9,4,be433eddbe223e91
action_dit_adaln_norm1,1c14,20,2,even,9,4,3f01bde0be263e07
action_dit_adaln_norm1,1c14,20,3,odd,9,4,3dc4bdf83e313f36
action_dit_adaln_norm1,1c14,20,4,even,9,4,3ed63dbabe273f00
action_dit_adaln_norm1,1c14,20,5,odd,9,4,3d9ebe5fbe123e38
action_dit_adaln_norm1,1c14,20,6,even,9,4,3e783ebabd793ebe
action_dit_adaln_norm1,1c14,20,7,odd,9,4,3da5be62be8d3eda
action_dit_adaln_norm1,1c14,20,8,even,9,4,bec0bed4be4f3ea7
action_dit_adaln_norm1,1c14,20,9,odd,9,4,3e493e80bca6becf
action_dit_adaln_norm1,1c14,20,10,even,9,4,3e1e3de73f043eca
action_dit_adaln_norm1,1c14,20,11,odd,9,4,bd6e3c8cbdb93ea8
action_dit_adaln_norm1,1c14,20,12,even,9,4,bd20bcd0be72bed2
action_dit_adaln_norm1,1c14,20,13,odd,9,4,be2abe233e42be82
action_dit_adaln_norm1,1c14,20,14,even,9,4,bf1f3e1a3ecdbe64
action_dit_adaln_norm1,1c14,20,15,odd,9,4,bea9be543e0fbdc9
action_dit_adaln_norm1,1c14,20,0,even,10,4,3dc03da63c40be61
action_dit_adaln_norm1,1c14,20,1,odd,10,4,bf143e8e3efe3c80
action_dit_adaln_norm1,1c14,20,2,even,10,4,3e393e45bd39bcc4
action_dit_adaln_norm1,1c14,20,3,odd,10,4,beb0be27bc4c3ec1
action_dit_adaln_norm1,1c14,20,4,even,10,4,bca13ee73d88bedc
action_dit_adaln_norm1,1c14,20,5,odd,10,4,bdc4becbbd8bbebc
action_dit_adaln_norm1,1c14,20,6,even,10,4,3dcebe383e99bbd0
action_dit_adaln_norm1,1c14,20,7,odd,10,4,be36bed0be993eea
action_dit_adaln_norm1,1c14,20,8,even,10,4,3eaf3d16bf2cbd8e
action_dit_adaln_norm1,1c14,20,9,odd,10,4,3e4b3e113f123f28
action_dit_adaln_norm1,1c14,20,10,even,10,4,bed2bbc0bef1bedc
action_dit_adaln_norm1,1c14,20,11,odd,10,4,bead3f0d3e5abd1c
action_dit_adaln_norm1,1c14,20,12,even,10,4,3ecb3ea23d60bead
action_dit_adaln_norm1,1c14,20,13,odd,10,4,3e1f3e873e84bec7
action_dit_adaln_norm1,1c14,20,14,even,10,4,bcf6bc80bf0c3eb3
action_dit_adaln_norm1,1c14,20,15,odd,10,4,3e8c3da03e08bc88
action_dit_adaln_norm1,1c14,20,0,even,11,4,3e14bc80be5d3e91
action_dit_adaln_norm1,1c14,20,1,odd,11,4,bd8ebf4abed6bdf8
action_dit_adaln_norm1,1c14,20,2,even,11,4,ba803ecebeaa3e44
action_dit_adaln_norm1,1c14,20,3,odd,11,4,be88bdeabdd8be99
action_dit_adaln_norm1,1c14,20,4,even,11,4,3eb2be98bde83d05
action_dit_adaln_norm1,1c14,20,5,odd,11,4,be7a3ea03d963d78
action_dit_adaln_norm1,1c14,20,6,even,11,4,be2f3a003d383e62
action_dit_adaln_norm1,1c14,20,7,odd,11,4,3e163e9abe84be39
action_dit_adaln_norm1,1c14,20,8,even,11,4,bda2bd44bd88bd47
action_dit_adaln_norm1,1c14,20,9,odd,11,4,3d4a3dae3dd6bf30
action_dit_adaln_norm1,1c14,20,10,even,11,4,befa3ef8bea7bd38
action_dit_adaln_norm1,1c14,20,11,odd,11,4,3edabee63e243e7a
action_dit_adaln_norm1,1c14,20,12,even,11,4,3da4be1a3e9fbead
action_dit_adaln_norm1,1c14,20,13,odd,11,4,3ebd3e2c3e323d80
action_dit_adaln_norm1,1c14,20,14,even,11,4,be7d3ec63ea43e3c
action_dit_adaln_norm1,1c14,20,15,odd,11,4,3ce0bee6bebfbe62
action_dit_adaln_norm1,1c14,20,0,even,12,4,be11bba0be143edb
action_dit_adaln_norm1,1c14,20,1,odd,12,4,3dfd3d04be763e90
action_dit_adaln_norm1,1c14,20,2,even,12,4,3c503eabbe40beca
action_dit_adaln_norm1,1c14,20,3,odd,12,4,bda43dd43e54be5c
action_dit_adaln_norm1,1c14,20,4,even,12,4,be0ebe7ebf443f20
action_dit_adaln_norm1,1c14,20,5,odd,12,4,be8c3e993e52be49
action_dit_adaln_norm1,1c14,20,6,even,12,4,bec03e00be9d3e70
action_dit_adaln_norm1,1c14,20,7,odd,12,4,3c6abf25bc90bd24
action_dit_adaln_norm1,1c14,20,8,even,12,4,3f06bddc3d7cbec7
action_dit_adaln_norm1,1c14,20,9,odd,12,4,bf00beaa3d63bdeb
action_dit_adaln_norm1,1c14,20,10,even,12,4,3e8b3e783b403f25
action_dit_adaln_norm1,1c14,20,11,odd,12,4,3ea13e0f3e333e11
action_dit_adaln_norm1,1c14,20,12,even,12,4,bdb63e1c3e44becc
action_dit_adaln_norm1,1c14,20,13,odd,12,4,3e83be50bea0be18
action_dit_adaln_norm1,1c14,20,14,even,12,4,3e8a3e273e4ebead
action_dit_adaln_norm1,1c14,20,15,odd,12,4,bda8bce0be27be18
action_dit_adaln_norm1,1c14,20,0,even,13,4,be283d043e58bece
action_dit_adaln_norm1,1c14,20,1,odd,13,4,3ca83ee2bee83e9e
action_dit_adaln_norm1,1c14,20,2,even,13,4,3d52be7c3dc0be29
action_dit_adaln_norm1,1c14,20,3,odd,13,4,3ee03e15bd9a3e0b
action_dit_adaln_norm1,1c14,20,4,even,13,4,3e6c3eb63e45be0b
action_dit_adaln_norm1,1c14,20,5,odd,13,4,3ecd3d803cf03d3e
action_dit_adaln_norm1,1c14,20,6,even,13,4,bec83eb4bec83e4c
action_dit_adaln_norm1,1c14,20,7,odd,13,4,bedabe9ebe8ebd9c
action_dit_adaln_norm1,1c14,20,8,even,13,4,3daa3e07be063be0
action_dit_adaln_norm1,1c14,20,9,odd,13,4,beacbecabf423d96
action_dit_adaln_norm1,1c14,20,10,even,13,4,3ea9be903e8c3e42
action_dit_adaln_norm1,1c14,20,11,odd,13,4,3df8be8f3dcd3dc8
action_dit_adaln_norm1,1c14,20,12,even,13,4,be02be07be13be89
action_dit_adaln_norm1,1c14,20,13,odd,13,4,3dfbbe81be26bd4c
action_dit_adaln_norm1,1c14,20,14,even,13,4,bc603c843eacbe5c
action_dit_adaln_norm1,1c14,20,15,odd,13,4,bd8ebe6abdce3e81
action_dit_adaln_norm1,1c14,20,0,even,14,4,3e143f243d82bcc9
action_dit_adaln_norm1,1c14,20,1,odd,14,4,3b40bdd2be893c2e
action_dit_adaln_norm1,1c14,20,2,even,14,4,bd9abebbbe98bda9
action_dit_adaln_norm1,1c14,20,3,odd,14,4,be8abd86be6d3e16
action_dit_adaln_norm1,1c14,20,4,even,14,4,be34bd5e3e2f3e9a
action_dit_adaln_norm1,1c14,20,5,odd,14,4,bcad3de8be883e2c
action_dit_adaln_norm1,1c14,20,6,even,14,4,bac0bdc23e5ebbc0
action_dit_adaln_norm1,1c14,20,7,odd,14,4,3dfebdc03e29be05
action_dit_adaln_norm1,1c14,20,8,even,14,4,3e46bee0bf42be14
action_dit_adaln_norm1,1c14,20,9,odd,14,4,be483f0cbe9dbeae
action_dit_adaln_norm1,1c14,20,10,even,14,4,bd303e023ab0bf36
action_dit_adaln_norm1,1c14,20,11,odd,14,4,3d8c3e4d3e24bea4
action_dit_adaln_norm1,1c14,20,12,even,14,4,be303e00bee4be1a
action_dit_adaln_norm1,1c14,20,13,odd,14,4,3de43e613d743f0b
action_dit_adaln_norm1,1c14,20,14,even,14,4,be34be8f3d5ebe73
action_dit_adaln_norm1,1c14,20,15,odd,14,4,3ea03ea5bf1c3e48
action_dit_adaln_norm1,1c14,20,0,even,15,4,beae3eb23f123e57
action_dit_adaln_norm1,1c14,20,1,odd,15,4,3ed7bdd4befa3e4b
action_dit_adaln_norm1,1c14,20,2,even,15,4,3ea73d26be52bdd4
action_dit_adaln_norm1,1c14,20,3,odd,15,4,3ebebe0c3df0bd2c
action_dit_adaln_norm1,1c14,20,4,even,15,4,3e303e623e923cc0
action_dit_adaln_norm1,1c14,20,5,odd,15,4,be353ec03e623ebe
action_dit_adaln_norm1,1c14,20,6,even,15,4,3e35be8cbf2e3cee
action_dit_adaln_norm1,1c14,20,7,odd,15,4,bef8bdeabec63e38
action_dit_adaln_norm1,1c14,20,8,even,15,4,3eb43e9dbc28bdde
action_dit_adaln_norm1,1c14,20,9,odd,15,4,3d50be21bdae3ea0
action_dit_adaln_norm1,1c14,20,10,even,15,4,3e64be493e59bda6
action_dit_adaln_norm1,1c14,20,11,odd,15,4,be84bd923eb03e81
action_dit_adaln_norm1,1c14,20,12,even,15,4,3f683e81be553f16
action_dit_adaln_norm1,1c14,20,13,odd,15,4,bcaabde43d0cbefe
action_dit_adaln_norm1,1c14,20,14,even,15,4,bea4becebe5c3e44
action_dit_adaln_norm1,1c14,20,15,odd,15,4,3b40bea3bd883eb4
action_dit_adaln_norm1,1c14,20,0,even,16,4,beee3ea1be5a3c00
action_dit_adaln_norm1,1c14,20,1,odd,16,4,3d403e8cbf34bf04
action_dit_adaln_norm1,1c14,20,2,even,16,4,3de83ea03e333ea4
action_dit_adaln_norm1,1c14,20,3,odd,16,4,3e843e2e3e443e34
action_dit_adaln_norm1,1c14,20,4,even,16,4,be583ed03ea73d8c
action_dit_adaln_norm1,1c14,20,5,odd,16,4,3e213f003db03d90
action_dit_adaln_norm1,1c14,20,6,even,16,4,bdbe3e85bec43ecd
action_dit_adaln_norm1,1c14,20,7,odd,16,4,3d50be98be34be55
action_dit_adaln_norm1,1c14,20,8,even,16,4,be94be393e5c3e2d
action_dit_adaln_norm1,1c14,20,9,odd,16,4,be49beee3e163ee4
action_dit_adaln_norm1,1c14,20,10,even,16,4,3e213ca03e1cbde7
action_dit_adaln_norm1,1c14,20,11,odd,16,4,3dd03ec1bedcbe88
action_dit_adaln_norm1,1c14,20,12,even,16,4,3d1c3eafbe78bcc8
action_dit_adaln_norm1,1c14,20,13,odd,16,4,3e573db83ea8bdec
action_dit_adaln_norm1,1c14,20,14,even,16,4,3d9abe34be953eec
action_dit_adaln_norm1,1c14,20,15,odd,16,4,bdbbbd963dccbe6e
action_dit_adaln_norm1,1c14,20,0,even,17,4,3d9cbc60bd84bc80
action_dit_adaln_norm1,1c14,20,1,odd,17,4,3e8e3ee63e1c3d00
action_dit_adaln_norm1,1c14,20,2,even,17,4,3eb0bef53ea5be1b
action_dit_adaln_norm1,1c14,20,3,odd,17,4,3e9e3e3cbb803dac
action_dit_adaln_norm1,1c14,20,4,even,17,4,3e22bba0be6c3ed1
action_dit_adaln_norm1,1c14,20,5,odd,17,4,3dc23e3cbf04bf06
action_dit_adaln_norm1,1c14,20,6,even,17,4,3ec8bdd23e08bc28
action_dit_adaln_norm1,1c14,20,7,odd,17,4,3e803dae3e673d80
action_dit_adaln_norm1,1c14,20,8,even,17,4,3e51bcae3f38be32
action_dit_adaln_norm1,1c14,20,9,odd,17,4,bee8be94bd6c3d60
action_dit_adaln_norm1,1c14,20,10,even,17,4,bdf3bd91bdc2be8f
action_dit_adaln_norm1,1c14,20,11,odd,17,4,beb3be09be2a3dc8
action_dit_adaln_norm1,1c14,20,12,even,17,4,bcb0bee7bdd13e9c
action_dit_adaln_norm1,1c14,20,13,odd,17,4,3ef63eb4bebcbe92
action_dit_adaln_norm1,1c14,20,14,even,17,4,be1c3de63e853e90
action_dit_adaln_norm1,1c14,20,15,odd,17,4,3e4cbd853ec23e9e
action_dit_adaln_norm1,1c14,20,0,even,18,4,3e26bd38bdcf3ee6
action_dit_adaln_norm1,1c14,20,1,odd,18,4,3ded3ebdbe86bb00
action_dit_adaln_norm1,1c14,20,2,even,18,4,bd93beb7bdcd3e46
action_dit_adaln_norm1,1c14,20,3,odd,18,4,bd07be1bbf2e3e9b
action_dit_adaln_norm1,1c14,20,4,even,18,4,3db2bdfabe383c58
action_dit_adaln_norm1,1c14,20,5,odd,18,4,be71be6c3e82bcc8
action_dit_adaln_norm1,1c14,20,6,even,18,4,3ed33f0a3e613e59
action_dit_adaln_norm1,1c14,20,7,odd,18,4,3e16be3e3e603ddf
action_dit_adaln_norm1,1c14,20,8,even,18,4,bca4bf10be09be4e
action_dit_adaln_norm1,1c14,20,9,odd,18,4,3e523e0cbeb43e80
action_dit_adaln_norm1,1c14,20,10,even,18,4,bea83f623d01bc7f
action_dit_adaln_norm1,1c14,20,11,odd,18,4,3e3c3f04bc8c3e8a
action_dit_adaln_norm1,1c14,20,12,even,18,4,bdbe3ebbbd4e3ed6
action_dit_adaln_norm1,1c14,20,13,odd,18,4,be733e863e5e3cb0
action_dit_adaln_norm1,1c14,20,14,even,18,4,3e073e56bea3be4e
action_dit_adaln_norm1,1c14,20,15,odd,18,4,bcb4bf03bd68be4d
action_dit_adaln_norm1,1c14,20,0,even,19,4,bc9a3ef03ce7bf0c
action_dit_adaln_norm1,1c14,20,1,odd,19,4,3e3e3da63ebe3edc
action_dit_adaln_norm1,1c14,20,2,even,19,4,3f443f233cf03eee
action_dit_adaln_norm1,1c14,20,3,odd,19,4,3eb33dbebedfbeb9
action_dit_adaln_norm1,1c14,20,4,even,19,4,3e78be37bf2ebd88
action_dit_adaln_norm1,1c14,20,5,odd,19,4,3ed43e90bcdc3de1
action_dit_adaln_norm1,1c14,20,6,even,19,4,3eb9be853d103f08
action_dit_adaln_norm1,1c14,20,7,odd,19,4,3ed43e4e3d943e80
action_dit_adaln_norm1,1c14,20,8,even,19,4,bea13caa3e51bce8
action_dit_adaln_norm1,1c14,20,9,odd,19,4,3c00bce93ec7be99
action_dit_adaln_norm1,1c14,20,10,even,19,4,3d8dbd0e3d523e83
action_dit_adaln_norm1,1c14,20,11,odd,19,4,beec3dd83ea73eaa
action_dit_adaln_norm1,1c14,20,12,even,19,4,bead3ed43e37bd85
action_dit_adaln_norm1,1c14,20,13,odd,19,4,bd56be7a3eecbe99
action_dit_adaln_norm1,1c14,20,14,even,19,4,3dd0bb403e4dbe05
action_dit_adaln_norm1,1c14,20,15,odd,19,4,bd92bef73ea83e4c
action_dit_adaln_norm1,1c14,20,0,even,20,4,bd85bbdfbe4c3f08
action_dit_adaln_norm1,1c14,20,1,odd,20,4,3ee8bf083d903ea0
action_dit_adaln_norm1,1c14,20,2,even,20,4,3e1abe5f3eea3e8b
action_dit_adaln_norm1,1c14,20,3,odd,20,4,3ca63f0fbeaabeb5
action_dit_adaln_norm1,1c14,20,4,even,20,4,3dc5bf143e3bbdf5
action_dit_adaln_norm1,1c14,20,5,odd,20,4,3def3e84bf3ebc00
action_dit_adaln_norm1,1c14,20,6,even,20,4,bd9ebe1f3ea63e78
action_dit_adaln_norm1,1c14,20,7,odd,20,4,3c8c3c20bdcf3ee2
action_dit_adaln_norm1,1c14,20,8,even,20,4,3e563eb03daf3cc0
action_dit_adaln_norm1,1c14,20,9,odd,20,4,3e26beeabdbebcd8
action_dit_adaln_norm1,1c14,20,10,even,20,4,3e39be523ef83d88
action_dit_adaln_norm1,1c14,20,11,odd,20,4,be463ed03e033eff
action_dit_adaln_norm1,1c14,20,12,even,20,4,3e853e183c203ea1
action_dit_adaln_norm1,1c14,20,13,odd,20,4,bee7be83bc4cbec8
action_dit_adaln_norm1,1c14,20,14,even,20,4,be3abd813d6c3d84
action_dit_adaln_norm1,1c14,20,15,odd,20,4,bee23e2d3e2c3e07
action_dit_adaln_norm1,1c14,20,0,even,21,4,3ed3be94be2f3e00
action_dit_adaln_norm1,1c14,20,1,odd,21,4,be5fbe583f2d3ee0
action_dit_adaln_norm1,1c14,20,2,even,21,4,3e35bd68bdde3f10
action_dit_adaln_norm1,1c14,20,3,odd,21,4,3ea23e97bf36befc
action_dit_adaln_norm1,1c14,20,4,even,21,4,3d09beeabea5bd06
action_dit_adaln_norm1,1c14,20,5,odd,21,4,be523e0e3e7fbeb3
action_dit_adaln_norm1,1c14,20,6,even,21,4,3d623e54bee43e93
action_dit_adaln_norm1,1c14,20,7,odd,21,4,3e86be883ea13d98
action_dit_adaln_norm1,1c14,20,8,even,21,4,be1c3e023ecabcc2
action_dit_adaln_norm1,1c14,20,9,odd,21,4,be69be30bd7dbf28
action_dit_adaln_norm1,1c14,20,10,even,21,4,3f22bde0bec3be3c
action_dit_adaln_norm1,1c14,20,11,odd,21,4,3e103e383e7f3dae
action_dit_adaln_norm1,1c14,20,12,even,21,4,be03be44bdfebe77
action_dit_adaln_norm1,1c14,20,13,odd,21,4,3df9be25be97be9c
action_dit_adaln_norm1,1c14,20,14,even,21,4,3eb4be593cb43d59
action_dit_adaln_norm1,1c14,20,15,odd,21,4,3ed63d78bce03e8e
action_dit_adaln_norm1,1c14,20,0,even,22,4,3dcfbe08be783f12
action_dit_adaln_norm1,1c14,20,1,odd,22,4,3ac03ddbbcfc3e92
action_dit_adaln_norm1,1c14,20,2,even,22,4,bede3d043d083f5e
action_dit_adaln_norm1,1c14,20,3,odd,22,4,be14bea7be243c86
action_dit_adaln_norm1,1c14,20,4,even,22,4,bf083e1e3ead3e06
action_dit_adaln_norm1,1c14,20,5,odd,22,4,3e9abe283df3be7e
action_dit_adaln_norm1,1c14,20,6,even,22,4,3e913ea7be3f3e08
action_dit_adaln_norm1,1c14,20,7,odd,22,4,3c7c3d303f083e20
action_dit_adaln_norm1,1c14,20,8,even,22,4,3f32bec13db33e8c
action_dit_adaln_norm1,1c14,20,9,odd,22,4,3e12be5dbdcdbe9d
action_dit_adaln_norm1,1c14,20,10,even,22,4,becfbf1a3e9c3cd4
action_dit_adaln_norm1,1c14,20,11,odd,22,4,3db43c903b003b00
action_dit_adaln_norm1,1c14,20,12,even,22,4,bed83eb83ea8bd95
action_dit_adaln_norm1,1c14,20,13,odd,22,4,bdc6be30bd323df4
action_dit_adaln_norm1,1c14,20,14,even,22,4,beb8be0e3d843d5e
action_dit_adaln_norm1,1c14,20,15,odd,22,4,bc10be72bdf13dcb
action_dit_adaln_norm1,1c14,20,0,even,23,4,be913e86be4cbe36
action_dit_adaln_norm1,1c14,20,1,odd,23,4,3f273e06be6c3bb8
action_dit_adaln_norm1,1c14,20,2,even,23,4,3dd43e123ecabedf
action_dit_adaln_norm1,1c14,20,3,odd,23,4,bf08be5e3d37bea2
action_dit_adaln_norm1,1c14,20,4,even,23,4,be863d403e50be37
action_dit_adaln_norm1,1c14,20,5,odd,23,4,be29be52bdcd3f02
action_dit_adaln_norm1,1c14,20,6,even,23,4,bf4cbe04bef3bec8
action_dit_adaln_norm1,1c14,20,7,odd,23,4,3e8fbd953d1f3dec
action_dit_adaln_norm1,1c14,20,8,even,23,4,bce63e893e5cbee6
action_dit_adaln_norm1,1c14,20,9,odd,23,4,bf003e22bec43e1a
action_dit_adaln_norm1,1c14,20,10,even,23,4,3f1dbe14bcf8beba
action_dit_adaln_norm1,1c14,20,11,odd,23,4,bd643dccbe343d92
action_dit_adaln_norm1,1c14,20,12,even,23,4,3e533e94be963d98
action_dit_adaln_norm1,1c14,20,13,odd,23,4,bcf0be323c803f05
action_dit_adaln_norm1,1c14,20,14,even,23,4,bd64be293e843ebc
action_dit_adaln_norm1,1c14,20,15,odd,23,4,3e2cbc70be4abea6
action_dit_adaln_norm1,1c15,21,0,even,0,4,3e723c263ed63d87
action_dit_adaln_norm1,1c15,21,1,odd,0,4,3e273ea73e453ebd
action_dit_adaln_norm1,1c15,21,2,even,0,4,be7e3ecebda8bcac
action_dit_adaln_norm1,1c15,21,3,odd,0,4,3c28bd00bd7c3c92
action_dit_adaln_norm1,1c15,21,4,even,0,4,bf20be8d3c70bd51
action_dit_adaln_norm1,1c15,21,5,odd,0,4,3c203e043e553e09
action_dit_adaln_norm1,1c15,21,6,even,0,4,3ed23b00beca3e4a
action_dit_adaln_norm1,1c15,21,7,odd,0,4,3f0f3df03eac3dee
action_dit_adaln_norm1,1c15,21,8,even,0,4,becabc873e9c3dae
action_dit_adaln_norm1,1c15,21,9,odd,0,4,3f1abd9a3f5fbd04
action_dit_adaln_norm1,1c15,21,10,even,0,4,3ea13e973e39bdff
action_dit_adaln_norm1,1c15,21,11,odd,0,4,3e89be733ef93d95
action_dit_adaln_norm1,1c15,21,12,even,0,4,bed5bdf8be5cbd02
action_dit_adaln_norm1,1c15,21,13,odd,0,4,3d303e7dbe953e30
action_dit_adaln_norm1,1c15,21,14,even,0,4,bf63be84bde03f04
action_dit_adaln_norm1,1c15,21,15,odd,0,4,bd0ebe6dbf28bd3c
action_dit_adaln_norm1,1c15,21,0,even,1,4,bee4be563ebcbebf
action_dit_adaln_norm1,1c15,21,1,odd,1,4,bee93ec4bcc8be4f
action_dit_adaln_norm1,1c15,21,2,even,1,4,bd71bd88be26bdb1
action_dit_adaln_norm1,1c15,21,3,odd,1,4,be033bc0bede3d8b
action_dit_adaln_norm1,1c15,21,4,even,1,4,be72be8dbe5d3d6a
action_dit_adaln_norm1,1c15,21,5,odd,1,4,be72be93be25bdfe
action_dit_adaln_norm1,1c15,21,6,even,1,4,be45bed7bb00bc90
action_dit_adaln_norm1,1c15,21,7,odd,1,4,bcc9be4bbe88bf10
action_dit_adaln_norm1,1c15,21,8,even,1,4,bdf83e20be643e89
action_dit_adaln_norm1,1c15,21,9,odd,1,4,bee63f053cbc3eb2
action_dit_adaln_norm1,1c15,21,10,even,1,4,3e913e2abf24bed8
action_dit_adaln_norm1,1c15,21,11,odd,1,4,bf423eb6bf0abe16
action_dit_adaln_norm1,1c15,21,12,even,1,4,be1dbe85bf0dbe3c
action_dit_adaln_norm1,1c15,21,13,odd,1,4,bf133d4cbd303d90
action_dit_adaln_norm1,1c15,21,14,even,1,4,bf13be9ebd46bec8
action_dit_adaln_norm1,1c15,21,15,odd,1,4,be4c3e8cbdae3d64
action_dit_adaln_norm1,1c15,21,0,even,2,4,3e153e823de5bd82
action_dit_adaln_norm1,1c15,21,1,odd,2,4,beee3e2c3dac3db6
action_dit_adaln_norm1,1c15,21,2,even,2,4,3ee23b53bd32bec1
action_dit_adaln_norm1,1c15,21,3,odd,2,4,be633e07bcd83f18
action_dit_adaln_norm1,1c15,21,4,even,2,4,3e453e37be083eaa
action_dit_adaln_norm1,1c15,21,5,odd,2,4,3e75bed33ea43ee3
action_dit_adaln_norm1,1c15,21,6,even,2,4,beeebeb03df13e8c
action_dit_adaln_norm1,1c15,21,7,odd,2,4,3d66bd0e3cd8bd15
action_dit_adaln_norm1,1c15,21,8,even,2,4,3d26beda3d823e67
action_dit_adaln_norm1,1c15,21,9,odd,2,4,3e6a3dda3dc8bd9e
action_dit_adaln_norm1,1c15,21,10,even,2,4,bf22bdc43ebebeac
action_dit_adaln_norm1,1c15,21,11,odd,2,4,3eaebe7cbedc3e9d
action_dit_adaln_norm1,1c15,21,12,even,2,4,bdfa3baebe13bf0e
action_dit_adaln_norm1,1c15,21,13,odd,2,4,3da6bef8be2dbd04
action_dit_adaln_norm1,1c15,21,14,even,2,4,be0d3ea4bcdc3e94
action_dit_adaln_norm1,1c15,21,15,odd,2,4,3e99be7e3d543e9b
action_dit_adaln_norm1,1c15,21,0,even,3,4,be3ebe7e3e74bcc4
action_dit_adaln_norm1,1c15,21,1,odd,3,4,3ebcbd9abe14be7d
action_dit_adaln_norm1,1c15,21,2,even,3,4,3e49bba0be48be7e
action_dit_adaln_norm1,1c15,21,3,odd,3,4,bb403f0ebca0be7f
action_dit_adaln_norm1,1c15,21,4,even,3,4,bf263ce0bd9a3e6e
action_dit_adaln_norm1,1c15,21,5,odd,3,4,be053ed0be10bdec
action_dit_adaln_norm1,1c15,21,6,even,3,4,bdc3beac3ebd3db0
action_dit_adaln_norm1,1c15,21,7,odd,3,4,3df83ee43e3c3dc8
action_dit_adaln_norm1,1c15,21,8,even,3,4,bd84bea1bea0bdd4
action_dit_adaln_norm1,1c15,21,9,odd,3,4,3e48bf18bea83e4b
action_dit_adaln_norm1,1c15,21,10,even,3,4,3dedbef9be803e2e
action_dit_adaln_norm1,1c15,21,11,odd,3,4,3dd6be643ed7bb70
action_dit_adaln_norm1,1c15,21,12,even,3,4,be29bba03e283e48
action_dit_adaln_norm1,1c15,21,13,odd,3,4,bf26be2b3e1fbebb
action_dit_adaln_norm1,1c15,21,14,even,3,4,3e953d033e7abe02
action_dit_adaln_norm1,1c15,21,15,odd,3,4,be8b3e123da8bd50
action_dit_adaln_norm1,1c15,21,0,even,4,4,3e413bdc3f1c3ca0
action_dit_adaln_norm1,1c15,21,1,odd,4,4,bd9fbdcc3ba03ca4
action_dit_adaln_norm1,1c15,21,2,even,4,4,be993e033d2cbeda
action_dit_adaln_norm1,1c15,21,3,odd,4,4,3e5cbddc3cff3e2a
action_dit_adaln_norm1,1c15,21,4,even,4,4,3e89bdc2ba00be1b
action_dit_adaln_norm1,1c15,21,5,odd,4,4,3e9a3ee83e85be30
action_dit_adaln_norm1,1c15,21,6,even,4,4,3ef6bec8be2cbeb2
action_dit_adaln_norm1,1c15,21,7,odd,4,4,3cd8bdbcbeb1be7b
action_dit_adaln_norm1,1c15,21,8,even,4,4,3e163da3bed03e27
action_dit_adaln_norm1,1c15,21,9,odd,4,4,be10bea7bdc83d3d
action_dit_adaln_norm1,1c15,21,10,even,4,4,3ede3eadbecf3da3
action_dit_adaln_norm1,1c15,21,11,odd,4,4,bd4a3f0ebf213edc
action_dit_adaln_norm1,1c15,21,12,even,4,4,3ed93e5d3d0ebe86
action_dit_adaln_norm1,1c15,21,13,odd,4,4,3ef43d7dbea8be05
action_dit_adaln_norm1,1c15,21,14,even,4,4,bf2c3f0c3d2c3d83
action_dit_adaln_norm1,1c15,21,15,odd,4,4,3e9ebe0c3dccbeae
action_dit_adaln_norm1,1c15,21,0,even,5,4,3dbf3dacbea6bc70
action_dit_adaln_norm1,1c15,21,1,odd,5,4,3e383d933e6cbf14
action_dit_adaln_norm1,1c15,21,2,even,5,4,bc803d38beda3e21
action_dit_adaln_norm1,1c15,21,3,odd,5,4,bd163e27be76bde4
action_dit_adaln_norm1,1c15,21,4,even,5,4,be5abe873eebbd8c
action_dit_adaln_norm1,1c15,21,5,odd,5,4,3e2dbdaebee6be6c
action_dit_adaln_norm1,1c15,21,6,even,5,4,bdd1bdb23ea23e0c
action_dit_adaln_norm1,1c15,21,7,odd,5,4,3e173f073d353eaa
action_dit_adaln_norm1,1c15,21,8,even,5,4,3f0b3e9cbe71bd5e
action_dit_adaln_norm1,1c15,21,9,odd,5,4,3f2dbe503ec23e4b
action_dit_adaln_norm1,1c15,21,10,even,5,4,3e8a3df4bea4bd83
action_dit_adaln_norm1,1c15,21,11,odd,5,4,bd583d7cbe72bc70
action_dit_adaln_norm1,1c15,21,12,even,5,4,3e39be2bbe8e3f48
action_dit_adaln_norm1,1c15,21,13,odd,5,4,becebf0dbd3c3eb6
action_dit_adaln_norm1,1c15,21,14,even,5,4,3e15be9fbe15becd
action_dit_adaln_norm1,1c15,21,15,odd,5,4,3e82bf14bed53d74
action_dit_adaln_norm1,1c15,21,0,even,6,4,3e48bea9be1b3f02
action_dit_adaln_norm1,1c15,21,1,odd,6,4,be943dd73dd5bce9
action_dit_adaln_norm1,1c15,21,2,even,6,4,3edebc143c663d87
action_dit_adaln_norm1,1c15,21,3,odd,6,4,3dd63eba3e473cce
action_dit_adaln_norm1,1c15,21,4,even,6,4,bd643c933e4a3e09
action_dit_adaln_norm1,1c15,21,5,odd,6,4,bde63f2ebec1bde6
action_dit_adaln_norm1,1c15,21,6,even,6,4,3e4c3e80be6fbe1e
action_dit_adaln_norm1,1c15,21,7,odd,6,4,bebc3e83bd963e2c
action_dit_adaln_norm1,1c15,21,8,even,6,4,bdd93d3e3ebf3d1f
action_dit_adaln_norm1,1c15,21,9,odd,6,4,be9e3b40be25beba
action_dit_adaln_norm1,1c15,21,10,even,6,4,3e36be6bbc50be22
action_dit_adaln_norm1,1c15,21,11,odd,6,4,3e33bc203e64be39
action_dit_adaln_norm1,1c15,21,12,even,6,4,3e223e503d283ea1
action_dit_adaln_norm1,1c15,21,13,odd,6,4,be173c20bebcbdac
action_dit_adaln_norm1,1c15,21,14,even,6,4,bedebd933ee6bbf6
action_dit_adaln_norm1,1c15,21,15,odd,6,4,bdd83de8beb3bd91
action_dit_adaln_norm1,1c15,21,0,even,7,4,bea23f003e043e10
action_dit_adaln_norm1,1c15,21,1,odd,7,4,be02bda93e173e3a
action_dit_adaln_norm1,1c15,21,2,even,7,4,be7a3e03ba80be35
action_dit_adaln_norm1,1c15,21,3,odd,7,4,be26bf103e98be3b
action_dit_adaln_norm1,1c15,21,4,even,7,4,3e0abee3be36bf1f
action_dit_adaln_norm1,1c15,21,5,odd,7,4,bedbbe4ebe843e94
action_dit_adaln_norm1,1c15,21,6,even,7,4,3de33e2d3f043d4c
action_dit_adaln_norm1,1c15,21,7,odd,7,4,3de2bdcc3df8be91
action_dit_adaln_norm1,1c15,21,8,even,7,4,bdcbbe0d3f0a3e7f
action_dit_adaln_norm1,1c15,21,9,odd,7,4,bccc3cbbbee43e50
action_dit_adaln_norm1,1c15,21,10,even,7,4,be343e3c3f0e3ed0
action_dit_adaln_norm1,1c15,21,11,odd,7,4,3e363d26bd9fbde1
action_dit_adaln_norm1,1c15,21,12,even,7,4,beac3ef23dbabe26
action_dit_adaln_norm1,1c15,21,13,odd,7,4,3cf0bd9cbee8be7d
action_dit_adaln_norm1,1c15,21,14,even,7,4,3d92bea2be0fbc8c
action_dit_adaln_norm1,1c15,21,15,odd,7,4,3ddbbdb8be01be4c
action_dit_adaln_norm1,1c15,21,0,even,8,4,3eadbde9bd383dc6
action_dit_adaln_norm1,1c15,21,1,odd,8,4,bdf6bf12bd5e3e5a
action_dit_adaln_norm1,1c15,21,2,even,8,4,3e8abed53d003daa
action_dit_adaln_norm1,1c15,21,3,odd,8,4,be96bf1fbefc3dda
action_dit_adaln_norm1,1c15,21,4,even,8,4,3e0abeb13e10bd20
action_dit_adaln_norm1,1c15,21,5,odd,8,4,3c10bd90be98be74
action_dit_adaln_norm1,1c15,21,6,even,8,4,3dfd3f18be84bec5
action_dit_adaln_norm1,1c15,21,7,odd,8,4,3e743e513e63bed8
action_dit_adaln_norm1,1c15,21,8,even,8,4,be533edf3bf0bf0b
action_dit_adaln_norm1,1c15,21,9,odd,8,4,3c243e680000bce5
action_dit_adaln_norm1,1c15,21,10,even,8,4,bdc03eecbf4abe14
action_dit_adaln_norm1,1c15,21,11,odd,8,4,3e3f3e96bf27be91
action_dit_adaln_norm1,1c15,21,12,even,8,4,3e4abdda3f24be99
action_dit_adaln_norm1,1c15,21,13,odd,8,4,3d6c3df63ed53d12
action_dit_adaln_norm1,1c15,21,14,even,8,4,3e303e9bbf093efc
action_dit_adaln_norm1,1c15,21,15,odd,8,4,3e56beb1be233d90
action_dit_adaln_norm1,1c15,21,0,even,9,4,3cac3ee53f19be60
action_dit_adaln_norm1,1c15,21,1,odd,9,4,be0f3e1abe963ea6
action_dit_adaln_norm1,1c15,21,2,even,9,4,3d40bd39bd043e4b
action_dit_adaln_norm1,1c15,21,3,odd,9,4,3e19bdea00003e80
action_dit_adaln_norm1,1c15,21,4,even,9,4,3e273d06be8f3ef6
action_dit_adaln_norm1,1c15,21,5,odd,9,4,3d24bd793d7f3d70
action_dit_adaln_norm1,1c15,21,6,even,9,4,3bb03f483c463e8c
action_dit_adaln_norm1,1c15,21,7,odd,9,4,3d8abc30bed63e9d
action_dit_adaln_norm1,1c15,21,8,even,9,4,be9dbed4be7c3ed8
action_dit_adaln_norm1,1c15,21,9,odd,9,4,3d1c3e723e1cbe16
action_dit_adaln_norm1,1c15,21,10,even,9,4,3d463e7a3eb13f0b
action_dit_adaln_norm1,1c15,21,11,odd,9,4,be543daa3ca83e89
action_dit_adaln_norm1,1c15,21,12,even,9,4,3e4a3d74bf1abe1a
action_dit_adaln_norm1,1c15,21,13,odd,9,4,be74bdfa3e6cbe34
action_dit_adaln_norm1,1c15,21,14,even,9,4,bed9be103e7abe58
action_dit_adaln_norm1,1c15,21,15,odd,9,4,be5abdec3cb03e0a
action_dit_adaln_norm1,1c15,21,0,even,10,4,bcc83d81be533da6
action_dit_adaln_norm1,1c15,21,1,odd,10,4,bf173ece3e70bca0
action_dit_adaln_norm1,1c15,21,2,even,10,4,be183e7ebb803d18
action_dit_adaln_norm1,1c15,21,3,odd,10,4,be613e09bdae3f22
action_dit_adaln_norm1,1c15,21,4,even,10,4,bcaa3eb13e84bee0
action_dit_adaln_norm1,1c15,21,5,odd,10,4,3d5dbf05bc18be83
action_dit_adaln_norm1,1c15,21,6,even,10,4,be16bda03e6b3dcc
action_dit_adaln_norm1,1c15,21,7,odd,10,4,bed6be54be7e3e88
action_dit_adaln_norm1,1c15,21,8,even,10,4,3eae3e4abecebe1a
action_dit_adaln_norm1,1c15,21,9,odd,10,4,3d093e3b3edf3f32
action_dit_adaln_norm1,1c15,21,10,even,10,4,be9bbe39beeabf03
action_dit_adaln_norm1,1c15,21,11,odd,10,4,be1f3ef33e323e5d
action_dit_adaln_norm1,1c15,21,12,even,10,4,3f043ea1bd18bee5
action_dit_adaln_norm1,1c15,21,13,odd,10,4,3e193ebe3e89bf12
action_dit_adaln_norm1,1c15,21,14,even,10,4,3d0d3e43bf26be52
action_dit_adaln_norm1,1c15,21,15,odd,10,4,3eb83e0a3e56bdf2
action_dit_adaln_norm1,1c15,21,0,even,11,4,3e8d3e39be8b3e19
action_dit_adaln_norm1,1c15,21,1,odd,11,4,bd59bf05bedebd1e
action_dit_adaln_norm1,1c15,21,2,even,11,4,bd4ebbd0be963ec1
action_dit_adaln_norm1,1c15,21,3,odd,11,4,3dc4be02be70be5e
action_dit_adaln_norm1,1c15,21,4,even,11,4,3e85bea9bc68bdb5
action_dit_adaln_norm1,1c15,21,5,odd,11,4,bee8bcbb3eb63e48
action_dit_adaln_norm1,1c15,21,6,even,11,4,bdfe3e90bdaa3e84
action_dit_adaln_norm1,1c15,21,7,odd,11,4,bc903f1abe833b40
action_dit_adaln_norm1,1c15,21,8,even,11,4,bbc03e2e3ce03db3
action_dit_adaln_norm1,1c15,21,9,odd,11,4,3ec53ec0be12bf08
action_dit_adaln_norm1,1c15,21,10,even,11,4,bebb3ecbbf1abd83
action_dit_adaln_norm1,1c15,21,11,odd,11,4,3f0cbeaa3ee6bd24
action_dit_adaln_norm1,1c15,21,12,even,11,4,3d38beac3e62be60
action_dit_adaln_norm1,1c15,21,13,odd,11,4,3ea53e48bdbe3ddb
action_dit_adaln_norm1,1c15,21,14,even,11,4,be343e283e903ea0
action_dit_adaln_norm1,1c15,21,15,odd,11,4,3e40bf1ebef6be46
action_dit_adaln_norm1,1c15,21,0,even,12,4,3dd03e47be623e3e
action_dit_adaln_norm1,1c15,21,1,odd,12,4,3e493dcebd78bc00
action_dit_adaln_norm1,1c15,21,2,even,12,4,be413f1abe8abf0d
action_dit_adaln_norm1,1c15,21,3,odd,12,4,3c883e96bdbe3d95
action_dit_adaln_norm1,1c15,21,4,even,12,4,3e34bac8bf533f27
action_dit_adaln_norm1,1c15,21,5,odd,12,4,beb73e87be74bd24
action_dit_adaln_norm1,1c15,21,6,even,12,4,beaabe67beb63da2
action_dit_adaln_norm1,1c15,21,7,odd,12,4,be01bf173e82bd6a
action_dit_adaln_norm1,1c15,21,8,even,12,4,3f19beb43d84bca0
action_dit_adaln_norm1,1c15,21,9,odd,12,4,be91beb63e033de6
action_dit_adaln_norm1,1c15,21,10,even,12,4,3d973efa3e713f10
action_dit_adaln_norm1,1c15,21,11,odd,12,4,3f0fbdad3dea3e28
action_dit_adaln_norm1,1c15,21,12,even,12,4,be29bd003e0abe9b
action_dit_adaln_norm1,1c15,21,13,odd,12,4,3e963eafbe75bd1a
action_dit_adaln_norm1,1c15,21,14,even,12,4,3eac3e7e3e20bd9a
action_dit_adaln_norm1,1c15,21,15,odd,12,4,bdfabc98bd94bcf8
action_dit_adaln_norm1,1c15,21,0,even,13,4,be013e633cb0bf0a
action_dit_adaln_norm1,1c15,21,1,odd,13,4,3e9b3e20be593e8a
action_dit_adaln_norm1,1c15,21,2,even,13,4,bd6fbe563db8bd88
action_dit_adaln_norm1,1c15,21,3,odd,13,4,3cd0bbea3e1a3e2b
action_dit_adaln_norm1,1c15,21,4,even,13,4,3de13f0cbd5cbd64
action_dit_adaln_norm1,1c15,21,5,odd,13,4,3e5e3e84bdf83e41
action_dit_adaln_norm1,1c15,21,6,even,13,4,bdd33e8bbf3abd24
action_dit_adaln_norm1,1c15,21,7,odd,13,4,bed13c88be3cbe21
action_dit_adaln_norm1,1c15,21,8,even,13,4,3de2bc48be003e8a
action_dit_adaln_norm1,1c15,21,9,odd,13,4,bf2fbe85bf0a3ecb
action_dit_adaln_norm1,1c15,21,10,even,13,4,3f11bed03eb03e18
action_dit_adaln_norm1,1c15,21,11,odd,13,4,3e9dbca23ddcbd70
action_dit_adaln_norm1,1c15,21,12,even,13,4,bc403de8bd06be53
action_dit_adaln_norm1,1c15,21,13,odd,13,4,3ccbbe5fbe1fbd97
action_dit_adaln_norm1,1c15,21,14,even,13,4,3dcc3d9c3edabe59
action_dit_adaln_norm1,1c15,21,15,odd,13,4,bc60be403cc43e58
action_dit_adaln_norm1,1c15,21,0,even,14,4,3df43f4d3d88becc
action_dit_adaln_norm1,1c15,21,1,odd,14,4,3d57bd94be9fbd7e
action_dit_adaln_norm1,1c15,21,2,even,14,4,bde2be8dbec2be41
action_dit_adaln_norm1,1c15,21,3,odd,14,4,be583d353e143d08
action_dit_adaln_norm1,1c15,21,4,even,14,4,bed4bdfa3e82bcea
action_dit_adaln_norm1,1c15,21,5,odd,14,4,3e283e05be843d98
action_dit_adaln_norm1,1c15,21,6,even,14,4,3cf8bd283f1abd6c
action_dit_adaln_norm1,1c15,21,7,odd,14,4,3e633b403e9ebe86
action_dit_adaln_norm1,1c15,21,8,even,14,4,3df4be99bf26beea
action_dit_adaln_norm1,1c15,21,9,odd,14,4,be833f27be7c3d40
action_dit_adaln_norm1,1c15,21,10,even,14,4,bde03eb63e00bf89
action_dit_adaln_norm1,1c15,21,11,odd,14,4,be703ebb3e52bcdc
action_dit_adaln_norm1,1c15,21,12,even,14,4,3cfa3da9beb6be60
action_dit_adaln_norm1,1c15,21,13,odd,14,4,be923efebe233eda
action_dit_adaln_norm1,1c15,21,14,even,14,4,be0bbe38bc983df0
action_dit_adaln_norm1,1c15,21,15,odd,14,4,3e983e00bf063ed9
action_dit_adaln_norm1,1c15,21,0,even,15,4,bead3e8b3f333e23
action_dit_adaln_norm1,1c15,21,1,odd,15,4,3ea3be68bf463eae
action_dit_adaln_norm1,1c15,21,2,even,15,4,3d003dfebd3abe85
action_dit_adaln_norm1,1c15,21,3,odd,15,4,3ea1bdd63e7fbdd4
action_dit_adaln_norm1,1c15,21,4,even,15,4,3e79be463f01be32
action_dit_adaln_norm1,1c15,21,5,odd,15,4,3df83ec4bdd8bbf8
action_dit_adaln_norm1,1c15,21,6,even,15,4,3e98bebcbf25bd08
action_dit_adaln_norm1,1c15,21,7,odd,15,4,bf263e45be7a3e60
action_dit_adaln_norm1,1c15,21,8,even,15,4,3ef53e9b3d8c3c34
action_dit_adaln_norm1,1c15,21,9,odd,15,4,be8ebec0bdcf3eb8
action_dit_adaln_norm1,1c15,21,10,even,15,4,bd3cbea03e4cbc14
action_dit_adaln_norm1,1c15,21,11,odd,15,4,be32be303e1a3c88
action_dit_adaln_norm1,1c15,21,12,even,15,4,3f743e5a3e1b3f1e
action_dit_adaln_norm1,1c15,21,13,odd,15,4,bdc2bdaa3de2befe
action_dit_adaln_norm1,1c15,21,14,even,15,4,be84be683e0e3d6c
action_dit_adaln_norm1,1c15,21,15,odd,15,4,3e063c90bde93ec6
action_dit_adaln_norm1,1c15,21,0,even,16,4,beb23eb5bdaabe1e
action_dit_adaln_norm1,1c15,21,1,odd,16,4,3c40bbc0bf37bea8
action_dit_adaln_norm1,1c15,21,2,even,16,4,3d703dc63ebebd86
action_dit_adaln_norm1,1c15,21,3,odd,16,4,3ec63eb7bd573eb3
action_dit_adaln_norm1,1c15,21,4,even,16,4,bea23ed53eb23d75
action_dit_adaln_norm1,1c15,21,5,odd,16,4,3ea93e933d943d60
action_dit_adaln_norm1,1c15,21,6,even,16,4,be7a3e72bf073ede
action_dit_adaln_norm1,1c15,21,7,odd,16,4,bcd2bea8bdd6be91
action_dit_adaln_norm1,1c15,21,8,even,16,4,be8abdb13d9e3dc3
action_dit_adaln_norm1,1c15,21,9,odd,16,4,be2ebe623eaa3e92
action_dit_adaln_norm1,1c15,21,10,even,16,4,bdf13d503e2abe34
action_dit_adaln_norm1,1c15,21,11,odd,16,4,bb003df4be24bdfe
action_dit_adaln_norm1,1c15,21,12,even,16,4,3df2bd3abe9abe5f
action_dit_adaln_norm1,1c15,21,13,odd,16,4,3d4bbc203ec43e09
action_dit_adaln_norm1,1c15,21,14,even,16,4,3d9ebe93be463e5a
action_dit_adaln_norm1,1c15,21,15,odd,16,4,be3ebe7e3e1ebe6b
action_dit_adaln_norm1,1c15,21,0,even,17,4,3ea63c20bde7bd1c
action_dit_adaln_norm1,1c15,21,1,odd,17,4,3e253ea83dcabe46
action_dit_adaln_norm1,1c15,21,2,even,17,4,3e90bde13e58beb7
action_dit_adaln_norm1,1c15,21,3,odd,17,4,3daa3e0d3e243e4e
action_dit_adaln_norm1,1c15,21,4,even,17,4,3c883d0cbe5b3e80
action_dit_adaln_norm1,1c15,21,5,odd,17,4,3e9e3e35bf2cbeb4
action_dit_adaln_norm1,1c15,21,6,even,17,4,3e3fbe623da6bd00
action_dit_adaln_norm1,1c15,21,7,odd,17,4,3e00bc383eee3c58
action_dit_adaln_norm1,1c15,21,8,even,17,4,3e343e383f2ebe6e
action_dit_adaln_norm1,1c15,21,9,odd,17,4,bee0bec2bd583ce4
action_dit_adaln_norm1,1c15,21,10,even,17,4,be333ddd3c88bd10
action_dit_adaln_norm1,1c15,21,11,odd,17,4,be36be9a3d1cbcfc
action_dit_adaln_norm1,1c15,21,12,even,17,4,be24bf01bcca3ea9
action_dit_adaln_norm1,1c15,21,13,odd,17,4,3f133e75be7dbe5f
action_dit_adaln_norm1,1c15,21,14,even,17,4,bea53e3f3e5c3e2c
action_dit_adaln_norm1,1c15,21,15,odd,17,4,be52bea13f1d3f00
action_dit_adaln_norm1,1c15,21,0,even,18,4,3e1bbd84bb403c50
action_dit_adaln_norm1,1c15,21,1,odd,18,4,3eafbe06be333be0
action_dit_adaln_norm1,1c15,21,2,even,18,4,beafbee8be8b3ec0
action_dit_adaln_norm1,1c15,21,3,odd,18,4,3c94bc88bef63e48
action_dit_adaln_norm1,1c15,21,4,even,18,4,3e36bd78bd963e07
action_dit_adaln_norm1,1c15,21,5,odd,18,4,3d00bd923c443e04
action_dit_adaln_norm1,1c15,21,6,even,18,4,3eac3eec3dc03e44
action_dit_adaln_norm1,1c15,21,7,odd,18,4,3eb8be093d203e0c
action_dit_adaln_norm1,1c15,21,8,even,18,4,bd5abf03be9cbe25
action_dit_adaln_norm1,1c15,21,9,odd,18,4,bc603e02be663e6e
action_dit_adaln_norm1,1c15,21,10,even,18,4,bdce3efd3e7bbdce
action_dit_adaln_norm1,1c15,21,11,odd,18,4,bda03ebc3e5a3ea7
action_dit_adaln_norm1,1c15,21,12,even,18,4,be303f3ebe6e3e0d
action_dit_adaln_norm1,1c15,21,13,odd,18,4,3d8d3eb03e523e22
action_dit_adaln_norm1,1c15,21,14,even,18,4,3dc63c28bf29be40
action_dit_adaln_norm1,1c15,21,15,odd,18,4,bd9fbddabe84be74
action_dit_adaln_norm1,1c15,21,0,even,19,4,bb803e90bcc8becf
action_dit_adaln_norm1,1c15,21,1,odd,19,4,3e963d383eec3e9e
action_dit_adaln_norm1,1c15,21,2,even,19,4,3f373f62be3d3f1c
action_dit_adaln_norm1,1c15,21,3,odd,19,4,3ecc3e22bf08be66
action_dit_adaln_norm1,1c15,21,4,even,19,4,3ea23db5bf0dbdca
action_dit_adaln_norm1,1c15,21,5,odd,19,4,3dec3ed53d7cbca0
action_dit_adaln_norm1,1c15,21,6,even,19,4,3f13bee6bea13e5c
action_dit_adaln_norm1,1c15,21,7,odd,19,4,3ef63e5c3dea3ede
action_dit_adaln_norm1,1c15,21,8,even,19,4,bec6bd86be063e35
action_dit_adaln_norm1,1c15,21,9,odd,19,4,3e5a3dbb3eabbe56
action_dit_adaln_norm1,1c15,21,10,even,19,4,bcf03dbe3c543e76
action_dit_adaln_norm1,1c15,21,11,odd,19,4,beb63c8c3f083f0c
action_dit_adaln_norm1,1c15,21,12,even,19,4,be873ebabd683de0
action_dit_adaln_norm1,1c15,21,13,odd,19,4,be60be283effbe81
action_dit_adaln_norm1,1c15,21,14,even,19,4,3c0a3ee23e02be78
action_dit_adaln_norm1,1c15,21,15,odd,19,4,be94befa3efc3d1c
action_dit_adaln_norm1,1c15,21,0,even,20,4,be623e43bb003f30
action_dit_adaln_norm1,1c15,21,1,odd,20,4,3e33be9cbe783ef8
action_dit_adaln_norm1,1c15,21,2,even,20,4,3eb4be403e9c3e7b
action_dit_adaln_norm1,1c15,21,3,odd,20,4,3e1d3ec0bed2be44
action_dit_adaln_norm1,1c15,21,4,even,20,4,bd94bf193eccbdb9
action_dit_adaln_norm1,1c15,21,5,odd,20,4,3cd53e7dbf423d2c
action_dit_adaln_norm1,1c15,21,6,even,20,4,bdffbe373f003e3c
action_dit_adaln_norm1,1c15,21,7,odd,20,4,bd98be05bdb13ddb
action_dit_adaln_norm1,1c15,21,8,even,20,4,3eb13c44be343ebe
action_dit_adaln_norm1,1c15,21,9,odd,20,4,3e6dbf37be8c3d50
action_dit_adaln_norm1,1c15,21,10,even,20,4,be713c903e8b3deb
action_dit_adaln_norm1,1c15,21,11,odd,20,4,bea33d7cbcd83df1
action_dit_adaln_norm1,1c15,21,12,even,20,4,3da83eaf3e293d1c
action_dit_adaln_norm1,1c15,21,13,odd,20,4,be8a3d563db6bf00
action_dit_adaln_norm1,1c15,21,14,even,20,4,bee6be933e1c3da0
action_dit_adaln_norm1,1c15,21,15,odd,20,4,bf24be363ea43e6e
action_dit_adaln_norm1,1c15,21,0,even,21,4,3e67bed1be523e26
action_dit_adaln_norm1,1c15,21,1,odd,21,4,3ca8be8e3ee23f1f
action_dit_adaln_norm1,1c15,21,2,even,21,4,bd9e3e403d963f64
action_dit_adaln_norm1,1c15,21,3,odd,21,4,3d20bc60bf2ebed6
action_dit_adaln_norm1,1c15,21,4,even,21,4,bb20befebdbebeb4
action_dit_adaln_norm1,1c15,21,5,odd,21,4,be123e083d96bee0
action_dit_adaln_norm1,1c15,21,6,even,21,4,3e243e38be92bc16
action_dit_adaln_norm1,1c15,21,7,odd,21,4,bc56bec13e40be8b
action_dit_adaln_norm1,1c15,21,8,even,21,4,becebd3f3ef2be12
action_dit_adaln_norm1,1c15,21,9,odd,21,4,bd843d08be59bf30
action_dit_adaln_norm1,1c15,21,10,even,21,4,3eb83d48beb43d81
action_dit_adaln_norm1,1c15,21,11,odd,21,4,3ea53ef13d3a3deb
action_dit_adaln_norm1,1c15,21,12,even,21,4,be533dd7bd12be1c
action_dit_adaln_norm1,1c15,21,13,odd,21,4,bcb2be08bda6be8b
action_dit_adaln_norm1,1c15,21,14,even,21,4,3e18be8a3e3d3e97
action_dit_adaln_norm1,1c15,21,15,odd,21,4,3ede3dfa3e943dd4
action_dit_adaln_norm1,1c15,21,0,even,22,4,3d1fbd64bde83eda
action_dit_adaln_norm1,1c15,21,1,odd,22,4,bdf03c20bdcf3e72
action_dit_adaln_norm1,1c15,21,2,even,22,4,bcb8be263e943f50
action_dit_adaln_norm1,1c15,21,3,odd,22,4,be22bec4bdde3b96
action_dit_adaln_norm1,1c15,21,4,even,22,4,bed63e0c3eae3e21
action_dit_adaln_norm1,1c15,21,5,odd,22,4,3ba0be74bda3be10
action_dit_adaln_norm1,1c15,21,6,even,22,4,3e903e5bbdc53df6
action_dit_adaln_norm1,1c15,21,7,odd,22,4,bdaabd963ec23e62
action_dit_adaln_norm1,1c15,21,8,even,22,4,3ef4bcd8bd923e02
action_dit_adaln_norm1,1c15,21,9,odd,22,4,3dccbda73d683d1a
action_dit_adaln_norm1,1c15,21,10,even,22,4,bee8beb63ec23e42
action_dit_adaln_norm1,1c15,21,11,odd,22,4,bda8be8a3dd03e84
action_dit_adaln_norm1,1c15,21,12,even,22,4,be8c3ebe3eb43d1c
action_dit_adaln_norm1,1c15,21,13,odd,22,4,be34bdfebe4c3e08
action_dit_adaln_norm1,1c15,21,14,even,22,4,be34be313e1dbe1e
action_dit_adaln_norm1,1c15,21,15,odd,22,4,3c70be523cf8bdb5
action_dit_adaln_norm1,1c15,21,0,even,23,4,bede3e84be183d10
action_dit_adaln_norm1,1c15,21,1,odd,23,4,3f113df6be4ebda1
action_dit_adaln_norm1,1c15,21,2,even,23,4,3deb3e8b3e4bbe35
action_dit_adaln_norm1,1c15,21,3,odd,23,4,bf44bec5be5bbe72
action_dit_adaln_norm1,1c15,21,4,even,23,4,bdb2bc103e27bed4
action_dit_adaln_norm1,1c15,21,5,odd,23,4,bb80bd06bed2bcc8
action_dit_adaln_norm1,1c15,21,6,even,23,4,beeabe98be86be19
action_dit_adaln_norm1,1c15,21,7,odd,23,4,3ea23c8c3d983df4
action_dit_adaln_norm1,1c15,21,8,even,23,4,bdb43e733ea6be9e
action_dit_adaln_norm1,1c15,21,9,odd,23,4,be7c3e8abe76bdf0
action_dit_adaln_norm1,1c15,21,10,even,23,4,3f0cbe39bd3c3db7
action_dit_adaln_norm1,1c15,21,11,odd,23,4,3e123da2bd993bc0
action_dit_adaln_norm1,1c15,21,12,even,23,4,3ead3e39bee2be8b
action_dit_adaln_norm1,1c15,21,13,odd,23,4,bb00bb403c803ea6
action_dit_adaln_norm1,1c15,21,14,even,23,4,be09bd5a3e5a3eb8
action_dit_adaln_norm1,1c15,21,15,odd,23,4,3c8abd8fbdcbbd9f
action_dit_adaln_norm1,1c16,22,0,even,0,4,bd2c3e203ec8bd8a
action_dit_adaln_norm1,1c16,22,1,odd,0,4,3e483ee43df13dc8
action_dit_adaln_norm1,1c16,22,2,even,0,4,bea93ec73d15be4f
action_dit_adaln_norm1,1c16,22,3,odd,0,4,be07bd383eb33dfc
action_dit_adaln_norm1,1c16,22,4,even,0,4,be90be1d3e25be3a
action_dit_adaln_norm1,1c16,22,5,odd,0,4,3eee3ebe3e1e3e9b
action_dit_adaln_norm1,1c16,22,6,even,0,4,3f203d00be513eac
action_dit_adaln_norm1,1c16,22,7,odd,0,4,3f2abd853ee13e19
action_dit_adaln_norm1,1c16,22,8,even,0,4,be873ca23eb03be0
action_dit_adaln_norm1,1c16,22,9,odd,0,4,3eb6be2c3f40bd9a
action_dit_adaln_norm1,1c16,22,10,even,0,4,bdb23d023d84bed1
action_dit_adaln_norm1,1c16,22,11,odd,0,4,3e58be623ed2be22
action_dit_adaln_norm1,1c16,22,12,even,0,4,be6ebe3e3defbe6f
action_dit_adaln_norm1,1c16,22,13,odd,0,4,be7a3e6abe72be96
action_dit_adaln_norm1,1c16,22,14,even,0,4,bf12beacbed83e64
action_dit_adaln_norm1,1c16,22,15,odd,0,4,bd94bdecbf32be50
action_dit_adaln_norm1,1c16,22,0,even,1,4,bef6bd4b3eeebe8e
action_dit_adaln_norm1,1c16,22,1,odd,1,4,beaa3d50bd283c36
action_dit_adaln_norm1,1c16,22,2,even,1,4,bb86bd8ebeb9bda5
action_dit_adaln_norm1,1c16,22,3,odd,1,4,bc70bdbebf323d8e
action_dit_adaln_norm1,1c16,22,4,even,1,4,be65bd83bea7be75
action_dit_adaln_norm1,1c16,22,5,odd,1,4,be16bde53d0cbec2
action_dit_adaln_norm1,1c16,22,6,even,1,4,3d18bed63d08bc20
action_dit_adaln_norm1,1c16,22,7,odd,1,4,3d3abf00be7cbea3
action_dit_adaln_norm1,1c16,22,8,even,1,4,bca83dc8bd8abd1b
action_dit_adaln_norm1,1c16,22,9,odd,1,4,bec03ed53e383ee4
action_dit_adaln_norm1,1c16,22,10,even,1,4,3f053c90bf0abe91
action_dit_adaln_norm1,1c16,22,11,odd,1,4,bf163ec2be9bbeac
action_dit_adaln_norm1,1c16,22,12,even,1,4,bcaebe94bf11bcfc
action_dit_adaln_norm1,1c16,22,13,odd,1,4,bf213ddabe753ee2
action_dit_adaln_norm1,1c16,22,14,even,1,4,bf1bbec1bedebf08
action_dit_adaln_norm1,1c16,22,15,odd,1,4,bdb63d863e823e86
action_dit_adaln_norm1,1c16,22,0,even,2,4,3e283efabedf3e10
action_dit_adaln_norm1,1c16,22,1,odd,2,4,bf153dc43e48bde2
action_dit_adaln_norm1,1c16,22,2,even,2,4,3e1dbce4be37bed3
action_dit_adaln_norm1,1c16,22,3,odd,2,4,be803e2cbec43f01
action_dit_adaln_norm1,1c16,22,4,even,2,4,3e91bd14bde23ed5
action_dit_adaln_norm1,1c16,22,5,odd,2,4,3e22be463e323ed9
action_dit_adaln_norm1,1c16,22,6,even,2,4,be0ebeba3e0fbe8e
action_dit_adaln_norm1,1c16,22,7,odd,2,4,be973e08bb80be52
action_dit_adaln_norm1,1c16,22,8,even,2,4,3ebfbe68be373e3b
action_dit_adaln_norm1,1c16,22,9,odd,2,4,3e6f3eb2bcbebe0e
action_dit_adaln_norm1,1c16,22,10,even,2,4,bef53d143eb9bedb
action_dit_adaln_norm1,1c16,22,11,odd,2,4,3e02be64bcde3e24
action_dit_adaln_norm1,1c16,22,12,even,2,4,bd9b3dbdbe2fbf43
action_dit_adaln_norm1,1c16,22,13,odd,2,4,3eaabe80beddbeb6
action_dit_adaln_norm1,1c16,22,14,even,2,4,be963efabd373e02
action_dit_adaln_norm1,1c16,22,15,odd,2,4,3ee3bde23e0d3e32
action_dit_adaln_norm1,1c16,22,0,even,3,4,3dc7bdf7be693ea6
action_dit_adaln_norm1,1c16,22,1,odd,3,4,3ea0be01be47be29
action_dit_adaln_norm1,1c16,22,2,even,3,4,3e243e91be63bd82
action_dit_adaln_norm1,1c16,22,3,odd,3,4,be283e8ebe56be71
action_dit_adaln_norm1,1c16,22,4,even,3,4,bf1b3e1dbe993ee0
action_dit_adaln_norm1,1c16,22,5,odd,3,4,be503ef6bcc1bea8
action_dit_adaln_norm1,1c16,22,6,even,3,4,3ba4bedd3e923dbf
action_dit_adaln_norm1,1c16,22,7,odd,3,4,3e3e3ea43dad3e9f
action_dit_adaln_norm1,1c16,22,8,even,3,4,bd7abeccbdfd3e10
action_dit_adaln_norm1,1c16,22,9,odd,3,4,3edabe973d973ebd
action_dit_adaln_norm1,1c16,22,10,even,3,4,3de3be4cbe943d78
action_dit_adaln_norm1,1c16,22,11,odd,3,4,3df1bd0a3e783c96
action_dit_adaln_norm1,1c16,22,12,even,3,4,beadbdd2be103dba
action_dit_adaln_norm1,1c16,22,13,odd,3,4,be7b3cc03d2ebf15
action_dit_adaln_norm1,1c16,22,14,even,3,4,3d7c3d403e823be4
action_dit_adaln_norm1,1c16,22,15,odd,3,4,be63be34be5cbe89
action_dit_adaln_norm1,1c16,22,0,even,4,4,3e15be843f073ed6
action_dit_adaln_norm1,1c16,22,1,odd,4,4,3d33bdaebe243d8c
action_dit_adaln_norm1,1c16,22,2,even,4,4,be6f3e483cc2beb8
action_dit_adaln_norm1,1c16,22,3,odd,4,4,3ec5bdaebe683ee9
action_dit_adaln_norm1,1c16,22,4,even,4,4,3e853de03c60be58
action_dit_adaln_norm1,1c16,22,5,odd,4,4,3dfa3f1d3ed6bcc0
action_dit_adaln_norm1,1c16,22,6,even,4,4,3eebbe583e0abe44
action_dit_adaln_norm1,1c16,22,7,odd,4,4,3e46be41bd4fbea9
action_dit_adaln_norm1,1c16,22,8,even,4,4,3e603d6ebe943eb7
action_dit_adaln_norm1,1c16,22,9,odd,4,4,be7abef3be83be5e
action_dit_adaln_norm1,1c16,22,10,even,4,4,3f023ebebebc3dd8
action_dit_adaln_norm1,1c16,22,11,odd,4,4,3d9d3f04bf273ed7
action_dit_adaln_norm1,1c16,22,12,even,4,4,3e933f1bbeaabeef
action_dit_adaln_norm1,1c16,22,13,odd,4,4,3e153e53bdcebe39
action_dit_adaln_norm1,1c16,22,14,even,4,4,bf3e3ee1be0d3dc8
action_dit_adaln_norm1,1c16,22,15,odd,4,4,3eeebe643dd5be88
action_dit_adaln_norm1,1c16,22,0,even,5,4,3e283e43bdd0be80
action_dit_adaln_norm1,1c16,22,1,odd,5,4,bcb0bde63ea0bed1
action_dit_adaln_norm1,1c16,22,2,even,5,4,bd14be04bed43c90
action_dit_adaln_norm1,1c16,22,3,odd,5,4,bd1e3ec2beb2bdf3
action_dit_adaln_norm1,1c16,22,4,even,5,4,3c08be663e9dbd82
action_dit_adaln_norm1,1c16,22,5,odd,5,4,bde63e79be5dbe18
action_dit_adaln_norm1,1c16,22,6,even,5,4,bd94be283e7bbe19
action_dit_adaln_norm1,1c16,22,7,odd,5,4,3e833ee2bcb83df4
action_dit_adaln_norm1,1c16,22,8,even,5,4,3ed43eb8be873c88
action_dit_adaln_norm1,1c16,22,9,odd,5,4,3f583dae3e08bb80
action_dit_adaln_norm1,1c16,22,10,even,5,4,3e1a3e8abe72bea3
action_dit_adaln_norm1,1c16,22,11,odd,5,4,bd143cfbbed4bd29
action_dit_adaln_norm1,1c16,22,12,even,5,4,3eedbead3d343f51
action_dit_adaln_norm1,1c16,22,13,odd,5,4,bf2bbeb6be2a3ed0
action_dit_adaln_norm1,1c16,22,14,even,5,4,3e80bf0bbe38be60
action_dit_adaln_norm1,1c16,22,15,odd,5,4,3e25bf07bf15bcf8
action_dit_adaln_norm1,1c16,22,0,even,6,4,3e61bed5be603f40
action_dit_adaln_norm1,1c16,22,1,odd,6,4,be9f3bc03e44bdb5
action_dit_adaln_norm1,1c16,22,2,even,6,4,3ed23cff3d743d5c
action_dit_adaln_norm1,1c16,22,3,odd,6,4,bda73f083e5abbf0
action_dit_adaln_norm1,1c16,22,4,even,6,4,bda33dc93e853dd7
action_dit_adaln_norm1,1c16,22,5,odd,6,4,be4c3f0bbe233d8e
action_dit_adaln_norm1,1c16,22,6,even,6,4,3da63ebabe19bd41
action_dit_adaln_norm1,1c16,22,7,odd,6,4,bebb3ef0bea5bc9c
action_dit_adaln_norm1,1c16,22,8,even,6,4,3dddbcb83f023eb1
action_dit_adaln_norm1,1c16,22,9,odd,6,4,be6f3d40be03bf01
action_dit_adaln_norm1,1c16,22,10,even,6,4,3ea7bd923db5beac
action_dit_adaln_norm1,1c16,22,11,odd,6,4,3e8ebe923eedbe8f
action_dit_adaln_norm1,1c16,22,12,even,6,4,3e5e3e15bc4c3f17
action_dit_adaln_norm1,1c16,22,13,odd,6,4,3d383d843d9ebe6e
action_dit_adaln_norm1,1c16,22,14,even,6,4,be54bdd83ef8be38
action_dit_adaln_norm1,1c16,22,15,odd,6,4,3b003e86beacbc00
action_dit_adaln_norm1,1c16,22,0,even,7,4,be883f04be25bde0
action_dit_adaln_norm1,1c16,22,1,odd,7,4,3da9be3cbe123ea0
action_dit_adaln_norm1,1c16,22,2,even,7,4,bd9d3eac3d00beb4
action_dit_adaln_norm1,1c16,22,3,odd,7,4,3b20befa3eb5be06
action_dit_adaln_norm1,1c16,22,4,even,7,4,3eb7be9ebd18bf08
action_dit_adaln_norm1,1c16,22,5,odd,7,4,be43be71bf0a3e8f
action_dit_adaln_norm1,1c16,22,6,even,7,4,be2a3e2a3f103bf8
action_dit_adaln_norm1,1c16,22,7,odd,7,4,bcc8be45bc10befa
action_dit_adaln_norm1,1c16,22,8,even,7,4,bc9ebed43f263e2a
action_dit_adaln_norm1,1c16,22,9,odd,7,4,be36be64bd9cbe12
action_dit_adaln_norm1,1c16,22,10,even,7,4,bd4cbcba3ee63d80
action_dit_adaln_norm1,1c16,22,11,odd,7,4,3e9ebe603dc1be39
action_dit_adaln_norm1,1c16,22,12,even,7,4,be3c3e90be903e04
action_dit_adaln_norm1,1c16,22,13,odd,7,4,3d94be13bf05be9e
action_dit_adaln_norm1,1c16,22,14,even,7,4,3d64bf30bdb2bda2
action_dit_adaln_norm1,1c16,22,15,odd,7,4,3d6cbe19bd69beb3
action_dit_adaln_norm1,1c16,22,0,even,8,4,3ecbbd6c3e103e3c
action_dit_adaln_norm1,1c16,22,1,odd,8,4,3e2abf0fbea23eaa
action_dit_adaln_norm1,1c16,22,2,even,8,4,3e82bea2be283c18
action_dit_adaln_norm1,1c16,22,3,odd,8,4,be69bf15bf2e3c40
action_dit_adaln_norm1,1c16,22,4,even,8,4,3ea1beb73eb4be9c
action_dit_adaln_norm1,1c16,22,5,odd,8,4,bd9bbed5be26bf0f
action_dit_adaln_norm1,1c16,22,6,even,8,4,bd963ee43da8be3b
action_dit_adaln_norm1,1c16,22,7,odd,8,4,3ebf3e7c3dc6bea4
action_dit_adaln_norm1,1c16,22,8,even,8,4,bc303efcbd94bf03
action_dit_adaln_norm1,1c16,22,9,odd,8,4,bea83e7abdaa3da1
action_dit_adaln_norm1,1c16,22,10,even,8,4,3dcd3e38bed0be95
action_dit_adaln_norm1,1c16,22,11,odd,8,4,3dce3ec6be61be7e
action_dit_adaln_norm1,1c16,22,12,even,8,4,3ed5be3b3eeeba80
action_dit_adaln_norm1,1c16,22,13,odd,8,4,3ebb3e0a3e4abd0f
action_dit_adaln_norm1,1c16,22,14,even,8,4,3e693f22beb43eac
action_dit_adaln_norm1,1c16,22,15,odd,8,4,bdbcbeb33e16bd1c
action_dit_adaln_norm1,1c16,22,0,even,9,4,3e783da23eb33e0a
action_dit_adaln_norm1,1c16,22,1,odd,9,4,bd4c3eacbf023eb1
action_dit_adaln_norm1,1c16,22,2,even,9,4,3e8ebdbb3e15be1b
action_dit_adaln_norm1,1c16,22,3,odd,9,4,3e6d00003dbc3e93
action_dit_adaln_norm1,1c16,22,4,even,9,4,bd0a3cacbe5a3edc
action_dit_adaln_norm1,1c16,22,5,odd,9,4,bba03c583cbd3e0f
action_dit_adaln_norm1,1c16,22,6,even,9,4,bd863f18bcee3e3f
action_dit_adaln_norm1,1c16,22,7,odd,9,4,3db0be40bf043f0a
action_dit_adaln_norm1,1c16,22,8,even,9,4,bcedbe9d3d503ef0
action_dit_adaln_norm1,1c16,22,9,odd,9,4,3e973eb9bea6be40
action_dit_adaln_norm1,1c16,22,10,even,9,4,3db43e873e5d3f0f
action_dit_adaln_norm1,1c16,22,11,odd,9,4,bed23dd23c603e75
action_dit_adaln_norm1,1c16,22,12,even,9,4,3e5d3ecfbf013e1c
action_dit_adaln_norm1,1c16,22,13,odd,9,4,be56bdb63f00be22
action_dit_adaln_norm1,1c16,22,14,even,9,4,be923e1d3cf2bdc0
action_dit_adaln_norm1,1c16,22,15,odd,9,4,3ce0bd80bd763d12
action_dit_adaln_norm1,1c16,22,0,even,10,4,3e4fbdfebe5b3db8
action_dit_adaln_norm1,1c16,22,1,odd,10,4,be463ec83e85be2c
action_dit_adaln_norm1,1c16,22,2,even,10,4,bec23f0cbe323e5c
action_dit_adaln_norm1,1c16,22,3,odd,10,4,bbd03d283e4c3f2b
action_dit_adaln_norm1,1c16,22,4,even,10,4,3e3f3f043ed6be8a
action_dit_adaln_norm1,1c16,22,5,odd,10,4,bd3fbf19bdb83dba
action_dit_adaln_norm1,1c16,22,6,even,10,4,be98bd223db0be66
action_dit_adaln_norm1,1c16,22,7,odd,10,4,bf05bf08be333efa
action_dit_adaln_norm1,1c16,22,8,even,10,4,3eda3e91bea4bdb8
action_dit_adaln_norm1,1c16,22,9,odd,10,4,be703ea43e413f24
action_dit_adaln_norm1,1c16,22,10,even,10,4,be9ebebbbec6bef2
action_dit_adaln_norm1,1c16,22,11,odd,10,4,beb93f103db23e9a
action_dit_adaln_norm1,1c16,22,12,even,10,4,3f003e18beccbebd
action_dit_adaln_norm1,1c16,22,13,odd,10,4,3ee03e6e3d58be5a
action_dit_adaln_norm1,1c16,22,14,even,10,4,3e0e3e54bf13bd2c
action_dit_adaln_norm1,1c16,22,15,odd,10,4,3f023eaf3e863c9e
action_dit_adaln_norm1,1c16,22,0,even,11,4,3e3c3efebe9e3ed0
action_dit_adaln_norm1,1c16,22,1,odd,11,4,3c26be95becdbe58
action_dit_adaln_norm1,1c16,22,2,even,11,4,3d923c38beee3ecc
action_dit_adaln_norm1,1c16,22,3,odd,11,4,3e34be9b3d86be9f
action_dit_adaln_norm1,1c16,22,4,even,11,4,3e9dbec3be6abeb5
action_dit_adaln_norm1,1c16,22,5,odd,11,4,be98bb803ee83dfc
action_dit_adaln_norm1,1c16,22,6,even,11,4,3d423e4cbe9a3d14
action_dit_adaln_norm1,1c16,22,7,odd,11,4,bcf83f0cbe48bd14
action_dit_adaln_norm1,1c16,22,8,even,11,4,3e89bdb03d20be1a
action_dit_adaln_norm1,1c16,22,9,odd,11,4,3e623f06be6cbe74
action_dit_adaln_norm1,1c16,22,10,even,11,4,becf3e84becebe05
action_dit_adaln_norm1,1c16,22,11,odd,11,4,3e9dbee03eaa3d90
action_dit_adaln_norm1,1c16,22,12,even,11,4,3f0ebdf43e43bdfc
action_dit_adaln_norm1,1c16,22,13,odd,11,4,3f113e2cbca83ded
action_dit_adaln_norm1,1c16,22,14,even,11,4,bd5a3de43de23f04
action_dit_adaln_norm1,1c16,22,15,odd,11,4,bddabf32bf24be0e
action_dit_adaln_norm1,1c16,22,0,even,12,4,bd9d3eb0be753d4a
action_dit_adaln_norm1,1c16,22,1,odd,12,4,3e8a3eadbe4dbdf0
action_dit_adaln_norm1,1c16,22,2,even,12,4,be5a3f2a3d18beaf
action_dit_adaln_norm1,1c16,22,3,odd,12,4,beda3eb2be34bccc
action_dit_adaln_norm1,1c16,22,4,even,12,4,3ebf3cb0bed43f0d
action_dit_adaln_norm1,1c16,22,5,odd,12,4,bec53ee9be88bd58
action_dit_adaln_norm1,1c16,22,6,even,12,4,be35bebabe9e3eab
action_dit_adaln_norm1,1c16,22,7,odd,12,4,3bf8bf343e34be1a
action_dit_adaln_norm1,1c16,22,8,even,12,4,3ee6bec03dbcbe9b
action_dit_adaln_norm1,1c16,22,9,odd,12,4,becebe1abe71be33
action_dit_adaln_norm1,1c16,22,10,even,12,4,3ea53f0e3d813f22
action_dit_adaln_norm1,1c16,22,11,odd,12,4,3ed43eb4bcf23e79
action_dit_adaln_norm1,1c16,22,12,even,12,4,be9fbe0c3d1abd1c
action_dit_adaln_norm1,1c16,22,13,odd,12,4,3eda3e80bcb83e32
action_dit_adaln_norm1,1c16,22,14,even,12,4,3e3d3eac3e0ebe7b
action_dit_adaln_norm1,1c16,22,15,odd,12,4,3df1beb2be0dbe3e
action_dit_adaln_norm1,1c16,22,0,even,13,4,bc7cbc303e9ebe9f
action_dit_adaln_norm1,1c16,22,1,odd,13,4,3db13e51be9fbd2c
action_dit_adaln_norm1,1c16,22,2,even,13,4,3d58be74be38bdc5
action_dit_adaln_norm1,1c16,22,3,odd,13,4,bd18be393dd4bd78
action_dit_adaln_norm1,1c16,22,4,even,13,4,3db03ee4bd933e83
action_dit_adaln_norm1,1c16,22,5,odd,13,4,3e9c3ea4bdb03e78
action_dit_adaln_norm1,1c16,22,6,even,13,4,be4f3d38bee0be44
action_dit_adaln_norm1,1c16,22,7,odd,13,4,beb33d183c10be1b
action_dit_adaln_norm1,1c16,22,8,even,13,4,3d90bc9cbe183dbf
action_dit_adaln_norm1,1c16,22,9,odd,13,4,beac3c20bee33e90
action_dit_adaln_norm1,1c16,22,10,even,13,4,3f03bf013f173eaa
action_dit_adaln_norm1,1c16,22,11,odd,13,4,3eaebe783e543e89
action_dit_adaln_norm1,1c16,22,12,even,13,4,be18bd963e17bd98
action_dit_adaln_norm1,1c16,22,13,odd,13,4,3cc1be8bbdfebd34
action_dit_adaln_norm1,1c16,22,14,even,13,4,3e16be4f3e6ebede
action_dit_adaln_norm1,1c16,22,15,odd,13,4,3d203de83ea93d90
action_dit_adaln_norm1,1c16,22,0,even,14,4,be023f4a3ec4be2a
action_dit_adaln_norm1,1c16,22,1,odd,14,4,be5e3dd9bf04be9a
action_dit_adaln_norm1,1c16,22,2,even,14,4,3de5be54bf0c3b64
action_dit_adaln_norm1,1c16,22,3,odd,14,4,be0c3e703e6abe4c
action_dit_adaln_norm1,1c16,22,4,even,14,4,bf11be813e4cbe47
action_dit_adaln_norm1,1c16,22,5,odd,14,4,3e9e3efabd723d30
action_dit_adaln_norm1,1c16,22,6,even,14,4,3e3cbec83e9e3d82
action_dit_adaln_norm1,1c16,22,7,odd,14,4,3e3fbe413e54be9c
action_dit_adaln_norm1,1c16,22,8,even,14,4,3b003d4cbf26bede
action_dit_adaln_norm1,1c16,22,9,odd,14,4,bede3f28bea43d05
action_dit_adaln_norm1,1c16,22,10,even,14,4,be1f3e0ebd88bf3c
action_dit_adaln_norm1,1c16,22,11,odd,14,4,be9e3f023cacbd18
action_dit_adaln_norm1,1c16,22,12,even,14,4,3ea03d33bef8bedf
action_dit_adaln_norm1,1c16,22,13,odd,14,4,be303e0fbe853e90
action_dit_adaln_norm1,1c16,22,14,even,14,4,3de0beb4bd40bd6c
action_dit_adaln_norm1,1c16,22,15,odd,14,4,3ebe3ea9bed43f17
action_dit_adaln_norm1,1c16,22,0,even,15,4,bece3f0d3f093e35
action_dit_adaln_norm1,1c16,22,1,odd,15,4,be183d0dbee03efc
action_dit_adaln_norm1,1c16,22,2,even,15,4,be333e2b3dd03d9b
action_dit_adaln_norm1,1c16,22,3,odd,15,4,bd08be3b3e78be43
action_dit_adaln_norm1,1c16,22,4,even,15,4,3e86beb33f13be98
action_dit_adaln_norm1,1c16,22,5,odd,15,4,3d723e103e26bdd2
action_dit_adaln_norm1,1c16,22,6,even,15,4,3d8ebdf6beccbca0
action_dit_adaln_norm1,1c16,22,7,odd,15,4,becf3e11be9c3e9d
action_dit_adaln_norm1,1c16,22,8,even,15,4,3e3f3e95bd583dc7
action_dit_adaln_norm1,1c16,22,9,odd,15,4,be96beb43dbb3e5b
action_dit_adaln_norm1,1c16,22,10,even,15,4,3e50bd703cde3db2
action_dit_adaln_norm1,1c16,22,11,odd,15,4,3b60bd723e4ebd08
action_dit_adaln_norm1,1c16,22,12,even,15,4,3f343ed0bdac3f33
action_dit_adaln_norm1,1c16,22,13,odd,15,4,3e4ebcb23e18bedb
action_dit_adaln_norm1,1c16,22,14,even,15,4,bd78be0a3d943e11
action_dit_adaln_norm1,1c16,22,15,odd,15,4,bd0e3e7fbe333dac
action_dit_adaln_norm1,1c16,22,0,even,16,4,be6c3eb2bebe3e10
action_dit_adaln_norm1,1c16,22,1,odd,16,4,3e143d60bf08bd8b
action_dit_adaln_norm1,1c16,22,2,even,16,4,3d3c3e1abdebbd33
action_dit_adaln_norm1,1c16,22,3,odd,16,4,3ee03e083d7c3eb8
action_dit_adaln_norm1,1c16,22,4,even,16,4,be883ecb3f11bdb6
action_dit_adaln_norm1,1c16,22,5,odd,16,4,3ec63da03e96be82
action_dit_adaln_norm1,1c16,22,6,even,16,4,be8b3cf0bea03e30
action_dit_adaln_norm1,1c16,22,7,odd,16,4,3dc2befa3e01be9d
action_dit_adaln_norm1,1c16,22,8,even,16,4,bedabd933e52be13
action_dit_adaln_norm1,1c16,22,9,odd,16,4,beafbcd43e3c3e08
action_dit_adaln_norm1,1c16,22,10,even,16,4,bd1c3c503b20be12
action_dit_adaln_norm1,1c16,22,11,odd,16,4,bd463e85be8b3d76
action_dit_adaln_norm1,1c16,22,12,even,16,4,3e82bce6be02be79
action_dit_adaln_norm1,1c16,22,13,odd,16,4,3e06bd283eda3e0c
action_dit_adaln_norm1,1c16,22,14,even,16,4,3e18bf02be953ea0
action_dit_adaln_norm1,1c16,22,15,odd,16,4,bea0be163e79bdec
action_dit_adaln_norm1,1c16,22,0,even,17,4,3ea43e963d503d4c
action_dit_adaln_norm1,1c16,22,1,odd,17,4,3ea53f133e60be96
action_dit_adaln_norm1,1c16,22,2,even,17,4,3e993de23e97bf01
action_dit_adaln_norm1,1c16,22,3,odd,17,4,3b403de23dea3e93
action_dit_adaln_norm1,1c16,22,4,even,17,4,3e073d8dbe453e89
action_dit_adaln_norm1,1c16,22,5,odd,17,4,3e623d4abedabe0e
action_dit_adaln_norm1,1c16,22,6,even,17,4,3dcfbe8a3e4c3b60
action_dit_adaln_norm1,1c16,22,7,odd,17,4,3e23bd7cbbc8be24
action_dit_adaln_norm1,1c16,22,8,even,17,4,3e1c3e0e3f18bee4
action_dit_adaln_norm1,1c16,22,9,odd,17,4,bea1bee6bea23e0b
action_dit_adaln_norm1,1c16,22,10,even,17,4,bda23e28bed93e40
action_dit_adaln_norm1,1c16,22,11,odd,17,4,3dd4bdca3eb3beaa
action_dit_adaln_norm1,1c16,22,12,even,17,4,3ec0be8ebddd3eb2
action_dit_adaln_norm1,1c16,22,13,odd,17,4,3f073cf03bf03d45
action_dit_adaln_norm1,1c16,22,14,even,17,4,bdf3be93bde6bd8c
action_dit_adaln_norm1,1c16,22,15,odd,17,4,3b20bf103f573e7f
action_dit_adaln_norm1,1c16,22,0,even,18,4,3bc0be4fbd60be42
action_dit_adaln_norm1,1c16,22,1,odd,18,4,3ecfbba03de6be2b
action_dit_adaln_norm1,1c16,22,2,even,18,4,be86be82be903ddc
action_dit_adaln_norm1,1c16,22,3,odd,18,4,bdd2bd34bee43de5
action_dit_adaln_norm1,1c16,22,4,even,18,4,3ec43dbc3c703e50
action_dit_adaln_norm1,1c16,22,5,odd,18,4,3e0abe75be04bc9a
action_dit_adaln_norm1,1c16,22,6,even,18,4,3e1d3edb3ed53e82
action_dit_adaln_norm1,1c16,22,7,odd,18,4,3f14be303cdebd1a
action_dit_adaln_norm1,1c16,22,8,even,18,4,3c18be8abea23dac
action_dit_adaln_norm1,1c16,22,9,odd,18,4,be683ea8be493ee0
action_dit_adaln_norm1,1c16,22,10,even,18,4,bcd43eb83e563dfa
action_dit_adaln_norm1,1c16,22,11,odd,18,4,3e0d3ea43e7a3ebd
action_dit_adaln_norm1,1c16,22,12,even,18,4,be0e3eeebd703cb8
action_dit_adaln_norm1,1c16,22,13,odd,18,4,bd983e49beaa3e8c
action_dit_adaln_norm1,1c16,22,14,even,18,4,3d40be6ebf34bedf
action_dit_adaln_norm1,1c16,22,15,odd,18,4,3ddebc78be9f3e4b
action_dit_adaln_norm1,1c16,22,0,even,19,4,bdba3ebbbdd1beeb
action_dit_adaln_norm1,1c16,22,1,odd,19,4,3e993d323ef83ea3
action_dit_adaln_norm1,1c16,22,2,even,19,4,3ecd3f723d103f18
action_dit_adaln_norm1,1c16,22,3,odd,19,4,3e943e76bef8be94
action_dit_adaln_norm1,1c16,22,4,even,19,4,3f14beb8bf0d3d84
action_dit_adaln_norm1,1c16,22,5,odd,19,4,3ed03f0d3c50bdeb
action_dit_adaln_norm1,1c16,22,6,even,19,4,3ed0beb6beaa3e3a
action_dit_adaln_norm1,1c16,22,7,odd,19,4,3f163e9cbdf83f1c
action_dit_adaln_norm1,1c16,22,8,even,19,4,be543e043dfabe4f
action_dit_adaln_norm1,1c16,22,9,odd,19,4,bd5c3bf03e0abe91
action_dit_adaln_norm1,1c16,22,10,even,19,4,bdea3e4c3dbb3ec6
action_dit_adaln_norm1,1c16,22,11,odd,19,4,be283db93e903e91
action_dit_adaln_norm1,1c16,22,12,even,19,4,bef03e6a3def3e2a
action_dit_adaln_norm1,1c16,22,13,odd,19,4,3c00bdf63f043db6
action_dit_adaln_norm1,1c16,22,14,even,19,4,3dbd3eecbde6be88
action_dit_adaln_norm1,1c16,22,15,odd,19,4,bdd5bed83edcbdcf
action_dit_adaln_norm1,1c16,22,0,even,20,4,be82bd1cbeb33f4b
action_dit_adaln_norm1,1c16,22,1,odd,20,4,3e12be18be823f37
action_dit_adaln_norm1,1c16,22,2,even,20,4,3e2ebdde3ed93ec4
action_dit_adaln_norm1,1c16,22,3,odd,20,4,3e4e3e4abecdbbe0
action_dit_adaln_norm1,1c16,22,4,even,20,4,bd80bf283ecebd14
action_dit_adaln_norm1,1c16,22,5,odd,20,4,bc283edcbf253e16
action_dit_adaln_norm1,1c16,22,6,even,20,4,3c10bdd03e063dcc
action_dit_adaln_norm1,1c16,22,7,odd,20,4,be0f3de53da63eea
action_dit_adaln_norm1,1c16,22,8,even,20,4,3e7e3e30befb3ed8
action_dit_adaln_norm1,1c16,22,9,odd,20,4,3d8cbf1fbefc3e28
action_dit_adaln_norm1,1c16,22,10,even,20,4,3c58bd223cb03eb3
action_dit_adaln_norm1,1c16,22,11,odd,20,4,beee3cc8be3c3ea5
action_dit_adaln_norm1,1c16,22,12,even,20,4,3ea63ef43ea43d86
action_dit_adaln_norm1,1c16,22,13,odd,20,4,bec8be463c18bf2a
action_dit_adaln_norm1,1c16,22,14,even,20,4,bd30beba3ed83e94
action_dit_adaln_norm1,1c16,22,15,odd,20,4,bf023dd400003f0e
action_dit_adaln_norm1,1c16,22,0,even,21,4,3d70bedc3d403e06
action_dit_adaln_norm1,1c16,22,1,odd,21,4,bd42bef03efc3f3c
action_dit_adaln_norm1,1c16,22,2,even,21,4,3d643e0f3e803f14
action_dit_adaln_norm1,1c16,22,3,odd,21,4,3e2d3ce0bf0fbe58
action_dit_adaln_norm1,1c16,22,4,even,21,4,3e4bbea93e6abec1
action_dit_adaln_norm1,1c16,22,5,odd,21,4,befcbd043c85bf0e
action_dit_adaln_norm1,1c16,22,6,even,21,4,3e10bb00bddabd8c
action_dit_adaln_norm1,1c16,22,7,odd,21,4,bdebbee03ebebedc
action_dit_adaln_norm1,1c16,22,8,even,21,4,be223dac3e88be90
action_dit_adaln_norm1,1c16,22,9,odd,21,4,3d80bca0bd1ebf5a
action_dit_adaln_norm1,1c16,22,10,even,21,4,3edd3d80bf093e15
action_dit_adaln_norm1,1c16,22,11,odd,21,4,3dee3e973d3d3d50
action_dit_adaln_norm1,1c16,22,12,even,21,4,be8b3e83be0bbda0
action_dit_adaln_norm1,1c16,22,13,odd,21,4,3e06bd85bea0bdc8
action_dit_adaln_norm1,1c16,22,14,even,21,4,3dd8be883e163e14
action_dit_adaln_norm1,1c16,22,15,odd,21,4,3ec2be373f013dba
action_dit_adaln_norm1,1c16,22,0,even,22,4,3b003ddabe203eba
action_dit_adaln_norm1,1c16,22,1,odd,22,4,be3e3e023c063dd6
action_dit_adaln_norm1,1c16,22,2,even,22,4,be88be333e703f85
action_dit_adaln_norm1,1c16,22,3,odd,22,4,bec2be4dbe493d08
action_dit_adaln_norm1,1c16,22,4,even,22,4,bec93e8c3e863e2f
action_dit_adaln_norm1,1c16,22,5,odd,22,4,bc803c96bd0cbe78
action_dit_adaln_norm1,1c16,22,6,even,22,4,3d8c3ee4be2f3dd0
action_dit_adaln_norm1,1c16,22,7,odd,22,4,be283c993e863ec6
action_dit_adaln_norm1,1c16,22,8,even,22,4,3ec3bee23e553e79
action_dit_adaln_norm1,1c16,22,9,odd,22,4,be973db9be27bcac
action_dit_adaln_norm1,1c16,22,10,even,22,4,bec9be253e293db5
action_dit_adaln_norm1,1c16,22,11,odd,22,4,be19be413e3bbcd4
action_dit_adaln_norm1,1c16,22,12,even,22,4,be573ed63e503c2a
action_dit_adaln_norm1,1c16,22,13,odd,22,4,3ce03c6e3e6a3e4d
action_dit_adaln_norm1,1c16,22,14,even,22,4,be43be5abe00bdf5
action_dit_adaln_norm1,1c16,22,15,odd,22,4,3de8be7bbde6bdff
action_dit_adaln_norm1,1c16,22,0,even,23,4,bea23e52be743c8d
action_dit_adaln_norm1,1c16,22,1,odd,23,4,3f233eb2be96be84
action_dit_adaln_norm1,1c16,22,2,even,23,4,3e2b3e443e85be76
action_dit_adaln_norm1,1c16,22,3,odd,23,4,bf40be72bdb2be90
action_dit_adaln_norm1,1c16,22,4,even,23,4,be6e3d383df7bee9
action_dit_adaln_norm1,1c16,22,5,odd,23,4,bd9ebe3abe8e3ca7
action_dit_adaln_norm1,1c16,22,6,even,23,4,bf2cbf21be873da0
action_dit_adaln_norm1,1c16,22,7,odd,23,4,3f17bdde3c8ebe0c
action_dit_adaln_norm1,1c16,22,8,even,23,4,be293dbe3ea7bdbe
action_dit_adaln_norm1,1c16,22,9,odd,23,4,be423e3abe5b3e18
action_dit_adaln_norm1,1c16,22,10,even,23,4,3ef53e12be1a3e0f
action_dit_adaln_norm1,1c16,22,11,odd,23,4,bd92be59bd44bcc8
action_dit_adaln_norm1,1c16,22,12,even,23,4,3e9e3e72bec8be5d
action_dit_adaln_norm1,1c16,22,13,odd,23,4,be84bdb73e02bddc
action_dit_adaln_norm1,1c16,22,14,even,23,4,bda33e973e2e3e8a
action_dit_adaln_norm1,1c16,22,15,odd,23,4,be8d3e3ebd823cd8
action_dit_adaln_norm1,1c17,23,0,even,0,4,bd8cbe0b3eb3bc10
action_dit_adaln_norm1,1c17,23,1,odd,0,4,3e6f3eac3e243ea4
action_dit_adaln_norm1,1c17,23,2,even,0,4,be983e8fbc50be28
action_dit_adaln_norm1,1c17,23,3,odd,0,4,3dfabdd63e98bd37
action_dit_adaln_norm1,1c17,23,4,even,0,4,bf40be543dbbbd06
action_dit_adaln_norm1,1c17,23,5,odd,0,4,3ed23ef83d7a3ec4
action_dit_adaln_norm1,1c17,23,6,even,0,4,3f04be403cdc3ec2
action_dit_adaln_norm1,1c17,23,7,odd,0,4,3e3f3e553e983e6a
action_dit_adaln_norm1,1c17,23,8,even,0,4,3ce83e4f3dadbe28
action_dit_adaln_norm1,1c17,23,9,odd,0,4,3ec2beb83f4abe4b
action_dit_adaln_norm1,1c17,23,10,even,0,4,be213e143e68beca
action_dit_adaln_norm1,1c17,23,11,odd,0,4,3ec43da83eac3e8d
action_dit_adaln_norm1,1c17,23,12,even,0,4,bea10000bc8cbe59
action_dit_adaln_norm1,1c17,23,13,odd,0,4,be643e8abed8bda9
action_dit_adaln_norm1,1c17,23,14,even,0,4,bec6bf06beeebd84
action_dit_adaln_norm1,1c17,23,15,odd,0,4,bd873d2cbf37be4c
action_dit_adaln_norm1,1c17,23,0,even,1,4,bf24bd743ed4bec2
action_dit_adaln_norm1,1c17,23,1,odd,1,4,bea03dccbd62be6e
action_dit_adaln_norm1,1c17,23,2,even,1,4,3dd03e94bef83e08
action_dit_adaln_norm1,1c17,23,3,odd,1,4,bd1dbef8bf363e95
action_dit_adaln_norm1,1c17,23,4,even,1,4,be80bd9dbd58bdd2
action_dit_adaln_norm1,1c17,23,5,odd,1,4,be48bea23d8cbe43
action_dit_adaln_norm1,1c17,23,6,even,1,4,3e63bf003dccbe6c
action_dit_adaln_norm1,1c17,23,7,odd,1,4,bd3ebdb2beb8beba
action_dit_adaln_norm1,1c17,23,8,even,1,4,bd283e5b3e5fbdb1
action_dit_adaln_norm1,1c17,23,9,odd,1,4,bf003cac3dd43f1d
action_dit_adaln_norm1,1c17,23,10,even,1,4,3eeabd9cbec8beb1
action_dit_adaln_norm1,1c17,23,11,odd,1,4,bf533f34be9ebf0e
action_dit_adaln_norm1,1c17,23,12,even,1,4,3e4fbecdbef8be27
action_dit_adaln_norm1,1c17,23,13,odd,1,4,bec4bb00bdd73dc8
action_dit_adaln_norm1,1c17,23,14,even,1,4,beebbf3dbe83bf06
action_dit_adaln_norm1,1c17,23,15,odd,1,4,bcd43c983d71be80
action_dit_adaln_norm1,1c17,23,0,even,2,4,ba003ebdbea23e46
action_dit_adaln_norm1,1c17,23,1,odd,2,4,bf0d3e2f3e9b3de9
action_dit_adaln_norm1,1c17,23,2,even,2,4,bd34bd9cbe63bea4
action_dit_adaln_norm1,1c17,23,3,odd,2,4,bd553e2bbeba3dac
action_dit_adaln_norm1,1c17,23,4,even,2,4,3d8f3e8bbd183edf
action_dit_adaln_norm1,1c17,23,5,odd,2,4,be40be863e4f3dea
action_dit_adaln_norm1,1c17,23,6,even,2,4,be2fbe603e203ce0
action_dit_adaln_norm1,1c17,23,7,odd,2,4,befabd9bbdb0be7a
action_dit_adaln_norm1,1c17,23,8,even,2,4,3e93bee2bc603e5e
action_dit_adaln_norm1,1c17,23,9,odd,2,4,be153e273e02be38
action_dit_adaln_norm1,1c17,23,10,even,2,4,bf12bd893f03bebe
action_dit_adaln_norm1,1c17,23,11,odd,2,4,3e3abf0c3df03eb7
action_dit_adaln_norm1,1c17,23,12,even,2,4,3e0f3e06be9cbef8
action_dit_adaln_norm1,1c17,23,13,odd,2,4,bd7dbe39be81be34
action_dit_adaln_norm1,1c17,23,14,even,2,4,3cd83f093c9c3e02
action_dit_adaln_norm1,1c17,23,15,odd,2,4,3ea13d383f0a3e22
action_dit_adaln_norm1,1c17,23,0,even,3,4,be30bdcabe833f17
action_dit_adaln_norm1,1c17,23,1,odd,3,4,3e68bdfe3e2d3e27
action_dit_adaln_norm1,1c17,23,2,even,3,4,3ec43cf43d08bde0
action_dit_adaln_norm1,1c17,23,3,odd,3,4,bd543ec9be86be8b
action_dit_adaln_norm1,1c17,23,4,even,3,4,beda3db1be9f3ed6
action_dit_adaln_norm1,1c17,23,5,odd,3,4,3d863eb1be50be1c
action_dit_adaln_norm1,1c17,23,6,even,3,4,bc60bed63de83ea6
action_dit_adaln_norm1,1c17,23,7,odd,3,4,3e663e263ea43ef3
action_dit_adaln_norm1,1c17,23,8,even,3,4,bd08befcbf39be87
action_dit_adaln_norm1,1c17,23,9,odd,3,4,3e62be8f3c703d98
action_dit_adaln_norm1,1c17,23,10,even,3,4,3eb6bc38be5c3e96
action_dit_adaln_norm1,1c17,23,11,odd,3,4,be3c3e4d3e26be03
action_dit_adaln_norm1,1c17,23,12,even,3,4,be6dbe10be173d7c
action_dit_adaln_norm1,1c17,23,13,odd,3,4,bdaa3e003dbabeca
action_dit_adaln_norm1,1c17,23,14,even,3,4,3ca83d853e96be3f
action_dit_adaln_norm1,1c17,23,15,odd,3,4,bd1cbd60bd8fbe1b
action_dit_adaln_norm1,1c17,23,0,even,4,4,3dd2bea83f073e7a
action_dit_adaln_norm1,1c17,23,1,odd,4,4,be74be063e623d20
action_dit_adaln_norm1,1c17,23,2,even,4,4,be8f3e6cbe06be99
action_dit_adaln_norm1,1c17,23,3,odd,4,4,3dc0be56bd8d3f03
action_dit_adaln_norm1,1c17,23,4,even,4,4,3eb6be2a3d85be9f
action_dit_adaln_norm1,1c17,23,5,odd,4,4,be1c3ef93ee7be9a
action_dit_adaln_norm1,1c17,23,6,even,4,4,3ebcbb00be06bf18
action_dit_adaln_norm1,1c17,23,7,odd,4,4,3ce0bd723e163da2
action_dit_adaln_norm1,1c17,23,8,even,4,4,3e4abc8cbe9f3d8b
action_dit_adaln_norm1,1c17,23,9,odd,4,4,be1abe48bea5be8e
action_dit_adaln_norm1,1c17,23,10,even,4,4,3e473eb6bd9abd90
action_dit_adaln_norm1,1c17,23,11,odd,4,4,be5d3f20bf083e6c
action_dit_adaln_norm1,1c17,23,12,even,4,4,3e933ea8be88beb6
action_dit_adaln_norm1,1c17,23,13,odd,4,4,3d823dd6bd103d08
action_dit_adaln_norm1,1c17,23,14,even,4,4,bf123eddbe1a3dd8
action_dit_adaln_norm1,1c17,23,15,odd,4,4,3e78bd2bbd06bea1
action_dit_adaln_norm1,1c17,23,0,even,5,4,3d023e82bef43e13
action_dit_adaln_norm1,1c17,23,1,odd,5,4,3ddc3d923e70be42
action_dit_adaln_norm1,1c17,23,2,even,5,4,be43bdccbe8c3ea2
action_dit_adaln_norm1,1c17,23,3,odd,5,4,bccf3e97be203d8a
action_dit_adaln_norm1,1c17,23,4,even,5,4,3900beba3e1b3d95
action_dit_adaln_norm1,1c17,23,5,odd,5,4,3da53e06be46bebc
action_dit_adaln_norm1,1c17,23,6,even,5,4,bef6be753ebabf08
action_dit_adaln_norm1,1c17,23,7,odd,5,4,bca63f15be14be47
action_dit_adaln_norm1,1c17,23,8,even,5,4,3e9e0000bee13d2c
action_dit_adaln_norm1,1c17,23,9,odd,5,4,3efbbe273e2dbe0b
action_dit_adaln_norm1,1c17,23,10,even,5,4,3e67bc18bdcabf16
action_dit_adaln_norm1,1c17,23,11,odd,5,4,3e54be41bf023e61
action_dit_adaln_norm1,1c17,23,12,even,5,4,3edcbe013e703f27
action_dit_adaln_norm1,1c17,23,13,odd,5,4,beb8bdf43e273efc
action_dit_adaln_norm1,1c17,23,14,even,5,4,3e0cbf47bdd8bd5c
action_dit_adaln_norm1,1c17,23,15,odd,5,4,3f10be98bed63ea6
action_dit_adaln_norm1,1c17,23,0,even,6,4,3da2bf20bd913f44
action_dit_adaln_norm1,1c17,23,1,odd,6,4,be453ea73e82be3f
action_dit_adaln_norm1,1c17,23,2,even,6,4,3f063d363e153e97
action_dit_adaln_norm1,1c17,23,3,odd,6,4,be273e13bd24bd48
action_dit_adaln_norm1,1c17,23,4,even,6,4,bea53ec8bd76bdfc
action_dit_adaln_norm1,1c17,23,5,odd,6,4,bea33f05bdfe3df2
action_dit_adaln_norm1,1c17,23,6,even,6,4,3d613dd6bdc0be5a
action_dit_adaln_norm1,1c17,23,7,odd,6,4,be883de0be2ebe05
action_dit_adaln_norm1,1c17,23,8,even,6,4,be133e323ef73e8e
action_dit_adaln_norm1,1c17,23,9,odd,6,4,bf16be6c3d3cbe86
action_dit_adaln_norm1,1c17,23,10,even,6,4,3e3abe70be58bda3
action_dit_adaln_norm1,1c17,23,11,odd,6,4,3eacbe4a3eb8be98
action_dit_adaln_norm1,1c17,23,12,even,6,4,3e803eb03e653f59
action_dit_adaln_norm1,1c17,23,13,odd,6,4,bddcbe06bdfbbdf6
action_dit_adaln_norm1,1c17,23,14,even,6,4,be81be823ecbbeaa
action_dit_adaln_norm1,1c17,23,15,odd,6,4,3eac3db23d2cbeac
action_dit_adaln_norm1,1c17,23,0,even,7,4,3e293f0cbc78bd62
action_dit_adaln_norm1,1c17,23,1,odd,7,4,3d24be61be9dbdbe
action_dit_adaln_norm1,1c17,23,2,even,7,4,be923e34be81be50
action_dit_adaln_norm1,1c17,23,3,odd,7,4,3de2bf0f3ebbbe71
action_dit_adaln_norm1,1c17,23,4,even,7,4,3ca2bee4bed9bec8
action_dit_adaln_norm1,1c17,23,5,odd,7,4,bd8ebe62bd243e54
action_dit_adaln_norm1,1c17,23,6,even,7,4,be8ebda63ea43eaa
action_dit_adaln_norm1,1c17,23,7,odd,7,4,bca03d363c60bee8
action_dit_adaln_norm1,1c17,23,8,even,7,4,3e51be073ef63df8
action_dit_adaln_norm1,1c17,23,9,odd,7,4,bd8cbe5abe3dbda3
action_dit_adaln_norm1,1c17,23,10,even,7,4,3e62bcd13ea23ee9
action_dit_adaln_norm1,1c17,23,11,odd,7,4,3d97be5bbe2bbcf4
action_dit_adaln_norm1,1c17,23,12,even,7,4,be983eb2befabdde
action_dit_adaln_norm1,1c17,23,13,odd,7,4,3eb23c90becebe93
action_dit_adaln_norm1,1c17,23,14,even,7,4,bbf8bef63e043dff
action_dit_adaln_norm1,1c17,23,15,odd,7,4,bdfbbe023e38beff
action_dit_adaln_norm1,1c17,23,0,even,8,4,3e4e3e0d3ef43eca
action_dit_adaln_norm1,1c17,23,1,odd,8,4,3df4bf2ebe783e36
action_dit_adaln_norm1,1c17,23,2,even,8,4,bd903cf8bd8a3eb7
action_dit_adaln_norm1,1c17,23,3,odd,8,4,be43bf33bf423e26
action_dit_adaln_norm1,1c17,23,4,even,8,4,3ee6bee43d7abe6e
action_dit_adaln_norm1,1c17,23,5,odd,8,4,be85be5ebe8abf49
action_dit_adaln_norm1,1c17,23,6,even,8,4,be423e863d9abf0c
action_dit_adaln_norm1,1c17,23,7,odd,8,4,3f2c3c803e55be95
action_dit_adaln_norm1,1c17,23,8,even,8,4,3ba03f0fbe00bf00
action_dit_adaln_norm1,1c17,23,9,odd,8,4,be4f3e34be0d3e20
action_dit_adaln_norm1,1c17,23,10,even,8,4,3e51bd8ebed4bec2
action_dit_adaln_norm1,1c17,23,11,odd,8,4,bed03ef2be1fbf0e
action_dit_adaln_norm1,1c17,23,12,even,8,4,3ca8be0c3e9dbdf9
action_dit_adaln_norm1,1c17,23,13,odd,8,4,3eaf3e973ee83d34
action_dit_adaln_norm1,1c17,23,14,even,8,4,3e1c3f0cbea43dfc
action_dit_adaln_norm1,1c17,23,15,odd,8,4,bd60bf233d78bdde
action_dit_adaln_norm1,1c17,23,0,even,9,4,3e023d9c3f0d3d9d
action_dit_adaln_norm1,1c17,23,1,odd,9,4,3e023e42bed93e55
action_dit_adaln_norm1,1c17,23,2,even,9,4,3e73bd513e1cbd27
action_dit_adaln_norm1,1c17,23,3,odd,9,4,3f1fbea43e9f3efa
action_dit_adaln_norm1,1c17,23,4,even,9,4,3e78bba0bc803ec0
action_dit_adaln_norm1,1c17,23,5,odd,9,4,bcccbe9e3e383e00
action_dit_adaln_norm1,1c17,23,6,even,9,4,3df43f06be7a3f10
action_dit_adaln_norm1,1c17,23,7,odd,9,4,3caa3daabee43eec
action_dit_adaln_norm1,1c17,23,8,even,9,4,bec4bdd8bdac3eaf
action_dit_adaln_norm1,1c17,23,9,odd,9,4,3ea03db43d82bef7
action_dit_adaln_norm1,1c17,23,10,even,9,4,be473e463e123e9d
action_dit_adaln_norm1,1c17,23,11,odd,9,4,be5f3d9a3dc03d50
action_dit_adaln_norm1,1c17,23,12,even,9,4,3c933ee0bea43d8e
action_dit_adaln_norm1,1c17,23,13,odd,9,4,be343e383e2dbdf6
action_dit_adaln_norm1,1c17,23,14,even,9,4,befd3cf03dcc3e9f
action_dit_adaln_norm1,1c17,23,15,odd,9,4,3cc23d0cbe103d3a
action_dit_adaln_norm1,1c17,23,0,even,10,4,3d373dc6be6bbdc3
action_dit_adaln_norm1,1c17,23,1,odd,10,4,beaa3eaf3e17bdd0
action_dit_adaln_norm1,1c17,23,2,even,10,4,be553e66be7dbe10
action_dit_adaln_norm1,1c17,23,3,odd,10,4,3d89bd993e893ee2
action_dit_adaln_norm1,1c17,23,4,even,10,4,3e4d3ecc3ee9bebb
action_dit_adaln_norm1,1c17,23,5,odd,10,4,3de6bec1bc3cbe35
action_dit_adaln_norm1,1c17,23,6,even,10,4,3d22be823e5dbe1a
action_dit_adaln_norm1,1c17,23,7,odd,10,4,befebebcbeae3ec4
action_dit_adaln_norm1,1c17,23,8,even,10,4,3e943ba0be5bbcc8
action_dit_adaln_norm1,1c17,23,9,odd,10,4,bd9a3e5e3f0c3ee4
action_dit_adaln_norm1,1c17,23,10,even,10,4,bebcbeb9beccbebd
action_dit_adaln_norm1,1c17,23,11,odd,10,4,bdf23ef13db0bd1c
action_dit_adaln_norm1,1c17,23,12,even,10,4,3f2e3ed0bf00be5c
action_dit_adaln_norm1,1c17,23,13,odd,10,4,3d693e953f033cc0
action_dit_adaln_norm1,1c17,23,14,even,10,4,be33bdbabeee3ebd
action_dit_adaln_norm1,1c17,23,15,odd,10,4,3ee03d843e103e5e
action_dit_adaln_norm1,1c17,23,0,even,11,4,3e7b3e1abe803eb9
action_dit_adaln_norm1,1c17,23,1,odd,11,4,3ddcbf31beb13df8
action_dit_adaln_norm1,1c17,23,2,even,11,4,bcec3dcbbeab3f0b
action_dit_adaln_norm1,1c17,23,3,odd,11,4,be32be72bdfebe96
action_dit_adaln_norm1,1c17,23,4,even,11,4,3de3beb6be29be43
action_dit_adaln_norm1,1c17,23,5,odd,11,4,beafbd123eb63e61
action_dit_adaln_norm1,1c17,23,6,even,11,4,bdf13db0bdd23e9a
action_dit_adaln_norm1,1c17,23,7,odd,11,4,3b003e3abe863e22
action_dit_adaln_norm1,1c17,23,8,even,11,4,3d92be02bd2cbe00
action_dit_adaln_norm1,1c17,23,9,odd,11,4,bd5d3f113e4abf75
action_dit_adaln_norm1,1c17,23,10,even,11,4,bf3a3e8ebe88bdb4
action_dit_adaln_norm1,1c17,23,11,odd,11,4,3e8fbe463ea33df3
action_dit_adaln_norm1,1c17,23,12,even,11,4,3f05be093e45bece
action_dit_adaln_norm1,1c17,23,13,odd,11,4,3f883e7a3e033da9
action_dit_adaln_norm1,1c17,23,14,even,11,4,bdff3ee23e443eb7
action_dit_adaln_norm1,1c17,23,15,odd,11,4,be07bf1abf08be9f
action_dit_adaln_norm1,1c17,23,0,even,12,4,3c183e95be1e3e5a
action_dit_adaln_norm1,1c17,23,1,odd,12,4,3eb63e1dbec23e2a
action_dit_adaln_norm1,1c17,23,2,even,12,4,be433ee63cb0bf06
action_dit_adaln_norm1,1c17,23,3,odd,12,4,beae3e8cbe6ebea2
action_dit_adaln_norm1,1c17,23,4,even,12,4,3e87beb4be893f18
action_dit_adaln_norm1,1c17,23,5,odd,12,4,be763f1a3c48be74
action_dit_adaln_norm1,1c17,23,6,even,12,4,beac3d2abd233e40
action_dit_adaln_norm1,1c17,23,7,odd,12,4,be0ebf383ddab980
action_dit_adaln_norm1,1c17,23,8,even,12,4,3edbbe68be68bedc
action_dit_adaln_norm1,1c17,23,9,odd,12,4,be52bde2bde1be0d
action_dit_adaln_norm1,1c17,23,10,even,12,4,3ecd3ed33e033f00
action_dit_adaln_norm1,1c17,23,11,odd,12,4,3e5c3dd23e3b3cd0
action_dit_adaln_norm1,1c17,23,12,even,12,4,beb3bcccbc80be8b
action_dit_adaln_norm1,1c17,23,13,odd,12,4,3e6bbe71be24bc18
action_dit_adaln_norm1,1c17,23,14,even,12,4,3c003e8cbdd4bebc
action_dit_adaln_norm1,1c17,23,15,odd,12,4,be04bec0be7bbd78
action_dit_adaln_norm1,1c17,23,0,even,13,4,3d173e053edfbe93
action_dit_adaln_norm1,1c17,23,1,odd,13,4,be233e0cbed0bd98
action_dit_adaln_norm1,1c17,23,2,even,13,4,3df2be1ebd9c3e72
action_dit_adaln_norm1,1c17,23,3,odd,13,4,bb00bdf03df6be14
action_dit_adaln_norm1,1c17,23,4,even,13,4,bde73e843e4a3e57
action_dit_adaln_norm1,1c17,23,5,odd,13,4,3e883e5e3ed83e78
action_dit_adaln_norm1,1c17,23,6,even,13,4,beca3e0bbee2bdc2
action_dit_adaln_norm1,1c17,23,7,odd,13,4,be7cbeb0be85bd4c
action_dit_adaln_norm1,1c17,23,8,even,13,4,3dfe3c20be2ebdb4
action_dit_adaln_norm1,1c17,23,9,odd,13,4,bea5be14bf073e24
action_dit_adaln_norm1,1c17,23,10,even,13,4,3eb5bf1b3f2e3e88
action_dit_adaln_norm1,1c17,23,11,odd,13,4,3e96beb4bda03ed6
action_dit_adaln_norm1,1c17,23,12,even,13,4,bf0e3d62be553daa
action_dit_adaln_norm1,1c17,23,13,odd,13,4,bec4be0e3d863e42
action_dit_adaln_norm1,1c17,23,14,even,13,4,bb003dee3d60bef8
action_dit_adaln_norm1,1c17,23,15,odd,13,4,bda0bdd03e8d3dab
action_dit_adaln_norm1,1c17,23,0,even,14,4,3e173f0d3edcbe29
action_dit_adaln_norm1,1c17,23,1,odd,14,4,bdf43c9cbed9be90
action_dit_adaln_norm1,1c17,23,2,even,14,4,3db83c58bf1d3ddf
action_dit_adaln_norm1,1c17,23,3,odd,14,4,3dd43dea3e53bd6c
action_dit_adaln_norm1,1c17,23,4,even,14,4,be7fbe463dbc3dc4
action_dit_adaln_norm1,1c17,23,5,odd,14,4,3ee03f0cbe063e68
action_dit_adaln_norm1,1c17,23,6,even,14,4,3e01be9ebdcbbc1c
action_dit_adaln_norm1,1c17,23,7,odd,14,4,3f06be2a3e89be1b
action_dit_adaln_norm1,1c17,23,8,even,14,4,3e04be5dbf0fbe79
action_dit_adaln_norm1,1c17,23,9,odd,14,4,bec63f45bf1c3d58
action_dit_adaln_norm1,1c17,23,10,even,14,4,be793d13bb00bebe
action_dit_adaln_norm1,1c17,23,11,odd,14,4,be7c3d9c3e1ebe58
action_dit_adaln_norm1,1c17,23,12,even,14,4,bda23e88bee8beca
action_dit_adaln_norm1,1c17,23,13,odd,14,4,3e043e9bbe863eb3
action_dit_adaln_norm1,1c17,23,14,even,14,4,be1dbed7bec0bdad
action_dit_adaln_norm1,1c17,23,15,odd,14,4,3d953e45bf233eca
action_dit_adaln_norm1,1c17,23,0,even,15,4,bead3e8e3e8c3cc8
action_dit_adaln_norm1,1c17,23,1,odd,15,4,3ca03c2cbf083e44
action_dit_adaln_norm1,1c17,23,2,even,15,4,bd823df0be94be49
action_dit_adaln_norm1,1c17,23,3,odd,15,4,3ed23ce03ddcbece
action_dit_adaln_norm1,1c17,23,4,even,15,4,3f113d343e91be16
action_dit_adaln_norm1,1c17,23,5,odd,15,4,bdd23eca3e193e72
action_dit_adaln_norm1,1c17,23,6,even,15,4,3e91bee5be813d54
action_dit_adaln_norm1,1c17,23,7,odd,15,4,bdcebe47beb53ec3
action_dit_adaln_norm1,1c17,23,8,even,15,4,3e3b3eb1bd8dbe24
action_dit_adaln_norm1,1c17,23,9,odd,15,4,be5abe3c3e923ea5
action_dit_adaln_norm1,1c17,23,10,even,15,4,3e1ebd40be983ef4
action_dit_adaln_norm1,1c17,23,11,odd,15,4,3d08bc9a3dc5bd8e
action_dit_adaln_norm1,1c17,23,12,even,15,4,3f9a3ef3be823f31
action_dit_adaln_norm1,1c17,23,13,odd,15,4,3e683e0cbdfebe83
action_dit_adaln_norm1,1c17,23,14,even,15,4,be84bd8fbdc63ea2
action_dit_adaln_norm1,1c17,23,15,odd,15,4,be103d17bebe3deb
action_dit_adaln_norm1,1c17,23,0,even,16,4,be5a3eacbe883dd4
action_dit_adaln_norm1,1c17,23,1,odd,16,4,3d323e67bf333dda
action_dit_adaln_norm1,1c17,23,2,even,16,4,be6c3ec23d5abc70
action_dit_adaln_norm1,1c17,23,3,odd,16,4,3ec3bd643e6e3e88
action_dit_adaln_norm1,1c17,23,4,even,16,4,3b603e373f18bd34
action_dit_adaln_norm1,1c17,23,5,odd,16,4,3dee3e6b3e70bdff
action_dit_adaln_norm1,1c17,23,6,even,16,4,bc963ed13de13e85
action_dit_adaln_norm1,1c17,23,7,odd,16,4,3d2dbf253e8abdcd
action_dit_adaln_norm1,1c17,23,8,even,16,4,beb6be2a3d303da6
action_dit_adaln_norm1,1c17,23,9,odd,16,4,be93be813e273e64
action_dit_adaln_norm1,1c17,23,10,even,16,4,3e96bca03d44bd85
action_dit_adaln_norm1,1c17,23,11,odd,16,4,3e493ea5bebebea4
action_dit_adaln_norm1,1c17,23,12,even,16,4,3e2e3d9cbeb2be4e
action_dit_adaln_norm1,1c17,23,13,odd,16,4,3e87bec43e1bbd80
action_dit_adaln_norm1,1c17,23,14,even,16,4,3e25be583dfe3dd3
action_dit_adaln_norm1,1c17,23,15,odd,16,4,bdffbe0e3e74bcc0
action_dit_adaln_norm1,1c17,23,0,even,17,4,3f013d8cbe55be2d
action_dit_adaln_norm1,1c17,23,1,odd,17,4,3eda3f183e0e3e32
action_dit_adaln_norm1,1c17,23,2,even,17,4,3e6abe933eafbe8d
action_dit_adaln_norm1,1c17,23,3,odd,17,4,3e723c60bd6a3ebe
action_dit_adaln_norm1,1c17,23,4,even,17,4,3e2e3de8bec03ea5
action_dit_adaln_norm1,1c17,23,5,odd,17,4,3e383db9bf06bef6
action_dit_adaln_norm1,1c17,23,6,even,17,4,3d2dbd383e42bd66
action_dit_adaln_norm1,1c17,23,7,odd,17,4,3ed83dca3da0bdf7
action_dit_adaln_norm1,1c17,23,8,even,17,4,3ddebdd83edfbf17
action_dit_adaln_norm1,1c17,23,9,odd,17,4,bed8be9ebdb13e38
action_dit_adaln_norm1,1c17,23,10,even,17,4,be453de6beb03e20
action_dit_adaln_norm1,1c17,23,11,odd,17,4,3d443da43e8bbd74
action_dit_adaln_norm1,1c17,23,12,even,17,4,3e43beaebe8a3ef1
action_dit_adaln_norm1,1c17,23,13,odd,17,4,3f4e3e2abd9ebe49
action_dit_adaln_norm1,1c17,23,14,even,17,4,bd40be0c3d143e06
action_dit_adaln_norm1,1c17,23,15,odd,17,4,3d9abc183f563e28
action_dit_adaln_norm1,1c17,23,0,even,18,4,3eafbe9ebe723e0a
action_dit_adaln_norm1,1c17,23,1,odd,18,4,3eae3e9c3daabd48
action_dit_adaln_norm1,1c17,23,2,even,18,4,3dd4bed2bd2cbd6c
action_dit_adaln_norm1,1c17,23,3,odd,18,4,bdc2be07bef4bbd0
action_dit_adaln_norm1,1c17,23,4,even,18,4,3e043e6a3dfa3d88
action_dit_adaln_norm1,1c17,23,5,odd,18,4,bcbabe26bdb7be14
action_dit_adaln_norm1,1c17,23,6,even,18,4,3eaa3f20bdba3dac
action_dit_adaln_norm1,1c17,23,7,odd,18,4,3f2abe91bd203d62
action_dit_adaln_norm1,1c17,23,8,even,18,4,3c34bf16bcd03e96
action_dit_adaln_norm1,1c17,23,9,odd,18,4,be343e8ebb203ef2
action_dit_adaln_norm1,1c17,23,10,even,18,4,be473ea13ea8bc5a
action_dit_adaln_norm1,1c17,23,11,odd,18,4,bd483ebc3e95bb60
action_dit_adaln_norm1,1c17,23,12,even,18,4,be183ea0bdb33e07
action_dit_adaln_norm1,1c17,23,13,odd,18,4,3e333e04be8cbe4f
action_dit_adaln_norm1,1c17,23,14,even,18,4,3d383e00bf2ebec8
action_dit_adaln_norm1,1c17,23,15,odd,18,4,be05be7dbea9bd81
action_dit_adaln_norm1,1c17,23,0,even,19,4,bdbe3ed83ebebe66
action_dit_adaln_norm1,1c17,23,1,odd,19,4,3e5a3dfb3f303ea4
action_dit_adaln_norm1,1c17,23,2,even,19,4,3eff3f17bd843da2
action_dit_adaln_norm1,1c17,23,3,odd,19,4,3e6a3eb2be32be83
action_dit_adaln_norm1,1c17,23,4,even,19,4,3ef2bf04be9a3e8f
action_dit_adaln_norm1,1c17,23,5,odd,19,4,3ee53ecebd8abe37
action_dit_adaln_norm1,1c17,23,6,even,19,4,3e1fbe433e563ec7
action_dit_adaln_norm1,1c17,23,7,odd,19,4,3ed33e3a3d3a3ec4
action_dit_adaln_norm1,1c17,23,8,even,19,4,be6e3eb0bcc83e1e
action_dit_adaln_norm1,1c17,23,9,odd,19,4,3d823c6e3e48bf0e
action_dit_adaln_norm1,1c17,23,10,even,19,4,bdcd3e34bd923e98
action_dit_adaln_norm1,1c17,23,11,odd,19,4,bd083e933e5b3ee0
action_dit_adaln_norm1,1c17,23,12,even,19,4,beef3e9a3ea8bd28
action_dit_adaln_norm1,1c17,23,13,odd,19,4,3ca03da23e9bbdd0
action_dit_adaln_norm1,1c17,23,14,even,19,4,3cca3e9dbdfdbec9
action_dit_adaln_norm1,1c17,23,15,odd,19,4,bc8cbde83e0e3e4b
action_dit_adaln_norm1,1c17,23,0,even,20,4,be9abed7beba3eb9
action_dit_adaln_norm1,1c17,23,1,odd,20,4,3e5ebe8a3c483ea1
action_dit_adaln_norm1,1c17,23,2,even,20,4,3d8abe9abc143e8d
action_dit_adaln_norm1,1c17,23,3,odd,20,4,3de83e98beee3daf
action_dit_adaln_norm1,1c17,23,4,even,20,4,3e20bea13e68bc44
action_dit_adaln_norm1,1c17,23,5,odd,20,4,3e533e80becd3e09
action_dit_adaln_norm1,1c17,23,6,even,20,4,bcf0beda3e743f10
action_dit_adaln_norm1,1c17,23,7,odd,20,4,be3b3e4abc9e3ec3
action_dit_adaln_norm1,1c17,23,8,even,20,4,3eb23bf0bebd3da9
action_dit_adaln_norm1,1c17,23,9,odd,20,4,3e3cbf18bec8be8e
action_dit_adaln_norm1,1c17,23,10,even,20,4,bdcebec43e1e3e95
action_dit_adaln_norm1,1c17,23,11,odd,20,4,be173d45bd4e3e6a
action_dit_adaln_norm1,1c17,23,12,even,20,4,3eb83e213e8e3f14
action_dit_adaln_norm1,1c17,23,13,odd,20,4,be9cbe36bd83bee5
action_dit_adaln_norm1,1c17,23,14,even,20,4,bbb0bd783f0c3e88
action_dit_adaln_norm1,1c17,23,15,odd,20,4,bef23e123cf83eea
action_dit_adaln_norm1,1c17,23,0,even,21,4,3e39be773dfc3eab
action_dit_adaln_norm1,1c17,23,1,odd,21,4,bd2ebeee3eac3f16
action_dit_adaln_norm1,1c17,23,2,even,21,4,bc30be8e3ce03eaa
action_dit_adaln_norm1,1c17,23,3,odd,21,4,3e24bcb8be88be77
action_dit_adaln_norm1,1c17,23,4,even,21,4,3e72be443e2ebe82
action_dit_adaln_norm1,1c17,23,5,odd,21,4,be273c443e72be8e
action_dit_adaln_norm1,1c17,23,6,even,21,4,3da43e72be36bc08
action_dit_adaln_norm1,1c17,23,7,odd,21,4,3e07be053e4dbd8b
action_dit_adaln_norm1,1c17,23,8,even,21,4,bbc03ef93ea2be13
action_dit_adaln_norm1,1c17,23,9,odd,21,4,bdaabd80bd56bf05
action_dit_adaln_norm1,1c17,23,10,even,21,4,3f49bdf7bf35be6b
action_dit_adaln_norm1,1c17,23,11,odd,21,4,3eb83f053e763cc9
action_dit_adaln_norm1,1c17,23,12,even,21,4,bddabdd83c703c40
action_dit_adaln_norm1,1c17,23,13,odd,21,4,3e13be94bedebe1e
action_dit_adaln_norm1,1c17,23,14,even,21,4,bd4cbf103d5c3db7
action_dit_adaln_norm1,1c17,23,15,odd,21,4,bb40be1c3f193c60
action_dit_adaln_norm1,1c17,23,0,even,22,4,3cc83e8dbe3e3f0e
action_dit_adaln_norm1,1c17,23,1,odd,22,4,be0a3f00be2e3ea6
action_dit_adaln_norm1,1c17,23,2,even,22,4,bca8bec6be653f96
action_dit_adaln_norm1,1c17,23,3,odd,22,4,3d143ce4bd4bbd94
action_dit_adaln_norm1,1c17,23,4,even,22,4,be413e0c3f103d25
action_dit_adaln_norm1,1c17,23,5,odd,22,4,3c70be583d66beae
action_dit_adaln_norm1,1c17,23,6,even,22,4,3ef93cb83c8e3de4
action_dit_adaln_norm1,1c17,23,7,odd,22,4,be1a3e953eac3e4a
action_dit_adaln_norm1,1c17,23,8,even,22,4,3efbbf203e7d3d9e
action_dit_adaln_norm1,1c17,23,9,odd,22,4,be023e06bed4be39
action_dit_adaln_norm1,1c17,23,10,even,22,4,beffbf07bd7b3d3e
action_dit_adaln_norm1,1c17,23,11,odd,22,4,bbc0bdccbd68be07
action_dit_adaln_norm1,1c17,23,12,even,22,4,beaf3ea03e2ebe10
action_dit_adaln_norm1,1c17,23,13,odd,22,4,3c00bddd3e8f3e64
action_dit_adaln_norm1,1c17,23,14,even,22,4,bd9a3e143e79bdf6
action_dit_adaln_norm1,1c17,23,15,odd,22,4,bdcfbde8bee83e9c
action_dit_adaln_norm1,1c17,23,0,even,23,4,be613f14be85be04
action_dit_adaln_norm1,1c17,23,1,odd,23,4,3f353e4cbe2cbe8b
action_dit_adaln_norm1,1c17,23,2,even,23,4,bd403e1b3e94be51
action_dit_adaln_norm1,1c17,23,3,odd,23,4,bf26bd74bd933d8e
action_dit_adaln_norm1,1c17,23,4,even,23,4,be983e833e30be31
action_dit_adaln_norm1,1c17,23,5,odd,23,4,beccbd14bec23e53
action_dit_adaln_norm1,1c17,23,6,even,23,4,bf06bf16be76be88
action_dit_adaln_norm1,1c17,23,7,odd,23,4,3e98bdf23e7fbeb5
action_dit_adaln_norm1,1c17,23,8,even,23,4,bee23e8a3e56bdd2
action_dit_adaln_norm1,1c17,23,9,odd,23,4,bf2a3e14bd2d3de2
action_dit_adaln_norm1,1c17,23,10,even,23,4,3e52be2c3df83dd8
action_dit_adaln_norm1,1c17,23,11,odd,23,4,3e12ba80bdf0bebb
action_dit_adaln_norm1,1c17,23,12,even,23,4,3de53f0cbe793b70
action_dit_adaln_norm1,1c17,23,13,odd,23,4,bef7bc803dcabd70
action_dit_adaln_norm1,1c17,23,14,even,23,4,bc903eaabdde3e7b
action_dit_adaln_norm1,1c17,23,15,odd,23,4,3d4e3e263c503dac
action_dit_adaln_norm1,1c18,24,0,even,0,4,3ebabd90bdfabd32
action_dit_adaln_norm1,1c18,24,1,odd,0,4,3e213eaa3e163e5d
action_dit_adaln_norm1,1c18,24,2,even,0,4,be6e3e47be863e0a
action_dit_adaln_norm1,1c18,24,3,odd,0,4,be94bd00bc873dca
action_dit_adaln_norm1,1c18,24,4,even,0,4,bf3cbe263c92bda6
action_dit_adaln_norm1,1c18,24,5,odd,0,4,3e203d9a3e4c3ef2
action_dit_adaln_norm1,1c18,24,6,even,0,4,3ee0be9ebeaa3ea6
action_dit_adaln_norm1,1c18,24,7,odd,0,4,3ec43e10bca8be32
action_dit_adaln_norm1,1c18,24,8,even,0,4,3e153df63e833e3b
action_dit_adaln_norm1,1c18,24,9,odd,0,4,3ec1bbce3f3d3b80
action_dit_adaln_norm1,1c18,24,10,even,0,4,beab3e953e7abef6
action_dit_adaln_norm1,1c18,24,11,odd,0,4,3e4c3d183ebc3dd8
action_dit_adaln_norm1,1c18,24,12,even,0,4,be93bd30bcc8bea2
action_dit_adaln_norm1,1c18,24,13,odd,0,4,bdb93ea8bed4bde4
action_dit_adaln_norm1,1c18,24,14,even,0,4,bf43bec6beaa3dbc
action_dit_adaln_norm1,1c18,24,15,odd,0,4,be53bdb5bf28bd26
action_dit_adaln_norm1,1c18,24,0,even,1,4,bf4cbe9a3ee4bedc
action_dit_adaln_norm1,1c18,24,1,odd,1,4,bebf3e2c3d87be1a
action_dit_adaln_norm1,1c18,24,2,even,1,4,bd9c3e5bbf02beb6
action_dit_adaln_norm1,1c18,24,3,odd,1,4,be8f3d50beecbe46
action_dit_adaln_norm1,1c18,24,4,even,1,4,3e66be57bda8bc50
action_dit_adaln_norm1,1c18,24,5,odd,1,4,bea1beb63e65bef4
action_dit_adaln_norm1,1c18,24,6,even,1,4,3e7ebe5e3c883d80
action_dit_adaln_norm1,1c18,24,7,odd,1,4,bde1be14bf5ebed8
action_dit_adaln_norm1,1c18,24,8,even,1,4,be163df43e863a80
action_dit_adaln_norm1,1c18,24,9,odd,1,4,bed73ea83e953f1e
action_dit_adaln_norm1,1c18,24,10,even,1,4,bcc63db0be32bee7
action_dit_adaln_norm1,1c18,24,11,odd,1,4,bf2a3e94be98beed
action_dit_adaln_norm1,1c18,24,12,even,1,4,3e6bbe03be6abef3
action_dit_adaln_norm1,1c18,24,13,odd,1,4,beee3cc8be2a3dee
action_dit_adaln_norm1,1c18,24,14,even,1,4,beb4bf09bc10bec4
action_dit_adaln_norm1,1c18,24,15,odd,1,4,be063eb43e35be0d
action_dit_adaln_norm1,1c18,24,0,even,2,4,bd143df4be2dbe86
action_dit_adaln_norm1,1c18,24,1,odd,2,4,bef93eca3ec63e1e
action_dit_adaln_norm1,1c18,24,2,even,2,4,be7ebda23c40be4c
action_dit_adaln_norm1,1c18,24,3,odd,2,4,3dcabd4cbdc13eec
action_dit_adaln_norm1,1c18,24,4,even,2,4,bcf63ee3becc3efa
action_dit_adaln_norm1,1c18,24,5,odd,2,4,3e9ebe863e743edc
action_dit_adaln_norm1,1c18,24,6,even,2,4,becbbd32be583e90
action_dit_adaln_norm1,1c18,24,7,odd,2,4,bc90ba00bc2c3d0a
action_dit_adaln_norm1,1c18,24,8,even,2,4,3e45bf24be1e3ed7
action_dit_adaln_norm1,1c18,24,9,odd,2,4,3e4b3e68bde9bc00
action_dit_adaln_norm1,1c18,24,10,even,2,4,bf6ebd613f10bd82
action_dit_adaln_norm1,1c18,24,11,odd,2,4,3eadbf03bdbe3ea9
action_dit_adaln_norm1,1c18,24,12,even,2,4,3d08be40be51bf1a
action_dit_adaln_norm1,1c18,24,13,odd,2,4,3e61bee4bedbbe1f
action_dit_adaln_norm1,1c18,24,14,even,2,4,be353f053edabeda
action_dit_adaln_norm1,1c18,24,15,odd,2,4,3f29bed53e443d94
action_dit_adaln_norm1,1c18,24,0,even,3,4,bd22bd383e2a3f0a
action_dit_adaln_norm1,1c18,24,1,odd,3,4,3ec8beb7bd18bda0
action_dit_adaln_norm1,1c18,24,2,even,3,4,3e6e3e76bda3be6a
action_dit_adaln_norm1,1c18,24,3,odd,3,4,bd083eb2bd9ebe84
action_dit_adaln_norm1,1c18,24,4,even,3,4,bef43d443e123e9e
action_dit_adaln_norm1,1c18,24,5,odd,3,4,bcdc3ee1bd6e3caa
action_dit_adaln_norm1,1c18,24,6,even,3,4,bd9ebeb0be5b3d4c
action_dit_adaln_norm1,1c18,24,7,odd,3,4,3e5b3e1d3f303f2d
action_dit_adaln_norm1,1c18,24,8,even,3,4,be3cbe04bf2a3d80
action_dit_adaln_norm1,1c18,24,9,odd,3,4,3d82bf06bd723ebd
action_dit_adaln_norm1,1c18,24,10,even,3,4,3e2ebe96be1e3e25
action_dit_adaln_norm1,1c18,24,11,odd,3,4,be4cbe303eb6be0c
action_dit_adaln_norm1,1c18,24,12,even,3,4,be773dbbbd743e72
action_dit_adaln_norm1,1c18,24,13,odd,3,4,bec2bdc73d81bed4
action_dit_adaln_norm1,1c18,24,14,even,3,4,3ec63e7a3f16bd96
action_dit_adaln_norm1,1c18,24,15,odd,3,4,be343e643dc0bec5
action_dit_adaln_norm1,1c18,24,0,even,4,4,3de4bb503f063eda
action_dit_adaln_norm1,1c18,24,1,odd,4,4,3e3a3dc03eb33dc7
action_dit_adaln_norm1,1c18,24,2,even,4,4,bebd3ec43d58bed1
action_dit_adaln_norm1,1c18,24,3,odd,4,4,3d403d863d7e3e6e
action_dit_adaln_norm1,1c18,24,4,even,4,4,3eaebd023cdabe91
action_dit_adaln_norm1,1c18,24,5,odd,4,4,3e303e9a3ef2bec3
action_dit_adaln_norm1,1c18,24,6,even,4,4,3eb3bec6bdc0be46
action_dit_adaln_norm1,1c18,24,7,odd,4,4,3d48be86bec0be9b
action_dit_adaln_norm1,1c18,24,8,even,4,4,be00bc94be583daa
action_dit_adaln_norm1,1c18,24,9,odd,4,4,bebabeb8bedabe55
action_dit_adaln_norm1,1c18,24,10,even,4,4,3eff3da4bb003df6
action_dit_adaln_norm1,1c18,24,11,odd,4,4,beac3ea0bf063ec9
action_dit_adaln_norm1,1c18,24,12,even,4,4,3e073ecabe62be60
action_dit_adaln_norm1,1c18,24,13,odd,4,4,3e6b3d823e81be53
action_dit_adaln_norm1,1c18,24,14,even,4,4,bf5e3f0d3e16bdc9
action_dit_adaln_norm1,1c18,24,15,odd,4,4,3e52be8ebebabef9
action_dit_adaln_norm1,1c18,24,0,even,5,4,bd3abd24bf1dbd78
action_dit_adaln_norm1,1c18,24,1,odd,5,4,3cd0bd873ddbbe33
action_dit_adaln_norm1,1c18,24,2,even,5,4,3e1abe32bd9e3e88
action_dit_adaln_norm1,1c18,24,3,odd,5,4,3da6be52bd9cbe07
action_dit_adaln_norm1,1c18,24,4,even,5,4,bc88bec63ebcbc88
action_dit_adaln_norm1,1c18,24,5,odd,5,4,3e9b3e93be4fbdb3
action_dit_adaln_norm1,1c18,24,6,even,5,4,bd89bde03eadbeaa
action_dit_adaln_norm1,1c18,24,7,odd,5,4,3ebd3f54bdc33e82
action_dit_adaln_norm1,1c18,24,8,even,5,4,3e9e3e44beefbb80
action_dit_adaln_norm1,1c18,24,9,odd,5,4,3f33be42bdec3a80
action_dit_adaln_norm1,1c18,24,10,even,5,4,3e8f3d01bd9cbe8a
action_dit_adaln_norm1,1c18,24,11,odd,5,4,3e26bcf8beb03e38
action_dit_adaln_norm1,1c18,24,12,even,5,4,3e3ebe833d873f3c
action_dit_adaln_norm1,1c18,24,13,odd,5,4,bef4bdfcbc383e99
action_dit_adaln_norm1,1c18,24,14,even,5,4,3e63bee5bdb8bde6
action_dit_adaln_norm1,1c18,24,15,odd,5,4,3eaebf02bf1a3e18
action_dit_adaln_norm1,1c18,24,0,even,6,4,3df7bf21bd4b3f02
action_dit_adaln_norm1,1c18,24,1,odd,6,4,3b203e043d8abdf6
action_dit_adaln_norm1,1c18,24,2,even,6,4,3ed2bd4e3ceebd70
action_dit_adaln_norm1,1c18,24,3,odd,6,4,3e033e223e58be20
action_dit_adaln_norm1,1c18,24,4,even,6,4,bd413e2c3e0e3e24
action_dit_adaln_norm1,1c18,24,5,odd,6,4,be103f1abd6cbe07
action_dit_adaln_norm1,1c18,24,6,even,6,4,3ea83c00be9e3e1e
action_dit_adaln_norm1,1c18,24,7,odd,6,4,be81bd7e3de03e2c
action_dit_adaln_norm1,1c18,24,8,even,6,4,bf0abb803f423e6f
action_dit_adaln_norm1,1c18,24,9,odd,6,4,bf0d3cc03d80be8c
action_dit_adaln_norm1,1c18,24,10,even,6,4,3e84bd45bcd6bed2
action_dit_adaln_norm1,1c18,24,11,odd,6,4,3db0bef43ec43af8
action_dit_adaln_norm1,1c18,24,12,even,6,4,3e5e3e1f3ebe3f07
action_dit_adaln_norm1,1c18,24,13,odd,6,4,be783d40be593d0b
action_dit_adaln_norm1,1c18,24,14,even,6,4,3c403e0c3f083daa
action_dit_adaln_norm1,1c18,24,15,odd,6,4,3e9e3ce4be84bbd0
action_dit_adaln_norm1,1c18,24,0,even,7,4,be443e933d883e34
action_dit_adaln_norm1,1c18,24,1,odd,7,4,be94bdbebd1abda2
action_dit_adaln_norm1,1c18,24,2,even,7,4,bdd43d8ebe8bbe84
action_dit_adaln_norm1,1c18,24,3,odd,7,4,3e8bbf1b3ea53d30
action_dit_adaln_norm1,1c18,24,4,even,7,4,be3ebeddbe2ebf12
action_dit_adaln_norm1,1c18,24,5,odd,7,4,bea3bdacbdf63e08
action_dit_adaln_norm1,1c18,24,6,even,7,4,bdf23d4c3c853de0
action_dit_adaln_norm1,1c18,24,7,odd,7,4,3ea1be8e3d82be9d
action_dit_adaln_norm1,1c18,24,8,even,7,4,3ca0bef13ee03e02
action_dit_adaln_norm1,1c18,24,9,odd,7,4,bdd23ea4bdea3de2
action_dit_adaln_norm1,1c18,24,10,even,7,4,3d203e403ef83ecd
action_dit_adaln_norm1,1c18,24,11,odd,7,4,3db63d1d3e0abeba
action_dit_adaln_norm1,1c18,24,12,even,7,4,beb63e62bdeabe96
action_dit_adaln_norm1,1c18,24,13,odd,7,4,3e82be2bbeabbf00
action_dit_adaln_norm1,1c18,24,14,even,7,4,3ce8bef4bea0be75
action_dit_adaln_norm1,1c18,24,15,odd,7,4,beafbd993dcebdd0
action_dit_adaln_norm1,1c18,24,0,even,8,4,3e1a3e483dfc3e0a
action_dit_adaln_norm1,1c18,24,1,odd,8,4,3d4cbf54be53bd4c
action_dit_adaln_norm1,1c18,24,2,even,8,4,bda0beecbd9b3e89
action_dit_adaln_norm1,1c18,24,3,odd,8,4,bda4bf12bf1c3e62
action_dit_adaln_norm1,1c18,24,4,even,8,4,3de4bebcbe66be77
action_dit_adaln_norm1,1c18,24,5,odd,8,4,be55be1dbee4bf25
action_dit_adaln_norm1,1c18,24,6,even,8,4,bc5c3d4cbe28be7a
action_dit_adaln_norm1,1c18,24,7,odd,8,4,3f1b3e533e11bd28
action_dit_adaln_norm1,1c18,24,8,even,8,4,bde43ebabeeabf06
action_dit_adaln_norm1,1c18,24,9,odd,8,4,3dcd3eb43d123d16
action_dit_adaln_norm1,1c18,24,10,even,8,4,bdda3ea7bf10bdb2
action_dit_adaln_norm1,1c18,24,11,odd,8,4,bec23e6abf21bf33
action_dit_adaln_norm1,1c18,24,12,even,8,4,3e0fbe853f12bdc2
action_dit_adaln_norm1,1c18,24,13,odd,8,4,3ee73dd63ec1be40
action_dit_adaln_norm1,1c18,24,14,even,8,4,be363f0bbf1d3e60
action_dit_adaln_norm1,1c18,24,15,odd,8,4,3d06bf0abdfcbe44
action_dit_adaln_norm1,1c18,24,0,even,9,4,be0cbe173f0abeb8
action_dit_adaln_norm1,1c18,24,1,odd,9,4,bc483e8dbe9d3ed3
action_dit_adaln_norm1,1c18,24,2,even,9,4,3dacbd3a3eadbcbc
action_dit_adaln_norm1,1c18,24,3,odd,9,4,3ecbbe773e023eaa
action_dit_adaln_norm1,1c18,24,4,even,9,4,3e27bdbcbc203e95
action_dit_adaln_norm1,1c18,24,5,odd,9,4,3cd4be663e953d00
action_dit_adaln_norm1,1c18,24,6,even,9,4,3cb83f403d3d3e92
action_dit_adaln_norm1,1c18,24,7,odd,9,4,bdf0bd1ebf243ecc
action_dit_adaln_norm1,1c18,24,8,even,9,4,be8c3d16beb73db2
action_dit_adaln_norm1,1c18,24,9,odd,9,4,3e723e593e54bec6
action_dit_adaln_norm1,1c18,24,10,even,9,4,bd32be083e863e13
action_dit_adaln_norm1,1c18,24,11,odd,9,4,3d013c883e2e3d8e
action_dit_adaln_norm1,1c18,24,12,even,9,4,3d9a3e7abea1bddb
action_dit_adaln_norm1,1c18,24,13,odd,9,4,3d603e74bc94be2b
action_dit_adaln_norm1,1c18,24,14,even,9,4,becf3e853ea2bbf0
action_dit_adaln_norm1,1c18,24,15,odd,9,4,3d273e13bed03d52
action_dit_adaln_norm1,1c18,24,0,even,10,4,3d66be4ebd9c3e5e
action_dit_adaln_norm1,1c18,24,1,odd,10,4,beaa3e75be71bece
action_dit_adaln_norm1,1c18,24,2,even,10,4,be863e4b3d823cc0
action_dit_adaln_norm1,1c18,24,3,odd,10,4,be19bd283dee3f0c
action_dit_adaln_norm1,1c18,24,4,even,10,4,3e20bd703e8abe98
action_dit_adaln_norm1,1c18,24,5,odd,10,4,3be0bf1dbe483d87
action_dit_adaln_norm1,1c18,24,6,even,10,4,be38bc103d58bd5a
action_dit_adaln_norm1,1c18,24,7,odd,10,4,beb8be4cbd9d3e96
action_dit_adaln_norm1,1c18,24,8,even,10,4,3ece3e583cf83eaa
action_dit_adaln_norm1,1c18,24,9,odd,10,4,bd083d413f2a3ea4
action_dit_adaln_norm1,1c18,24,10,even,10,4,bebcbea3be8fbeb7
action_dit_adaln_norm1,1c18,24,11,odd,10,4,be543eecbe0d3e3d
action_dit_adaln_norm1,1c18,24,12,even,10,4,3ef03e27be75be04
action_dit_adaln_norm1,1c18,24,13,odd,10,4,bcd03e733e9fbe88
action_dit_adaln_norm1,1c18,24,14,even,10,4,3d9c3e96bf26bd72
action_dit_adaln_norm1,1c18,24,15,odd,10,4,3ec83d76bd343e92
action_dit_adaln_norm1,1c18,24,0,even,11,4,3eca3ea9beca3ef4
action_dit_adaln_norm1,1c18,24,1,odd,11,4,3b00bf04bf193dd6
action_dit_adaln_norm1,1c18,24,2,even,11,4,bdc83d17be163eb0
action_dit_adaln_norm1,1c18,24,3,odd,11,4,bdb3beb6be87be79
action_dit_adaln_norm1,1c18,24,4,even,11,4,bc30beac3d34beac
action_dit_adaln_norm1,1c18,24,5,odd,11,4,be9fbe063f243d7c
action_dit_adaln_norm1,1c18,24,6,even,11,4,be993c0cbeac3d0a
action_dit_adaln_norm1,1c18,24,7,odd,11,4,3d1c3ef8be73bc24
action_dit_adaln_norm1,1c18,24,8,even,11,4,bd8f3e2d3d0cbd2e
action_dit_adaln_norm1,1c18,24,9,odd,11,4,3ebf3ed0bc90befa
action_dit_adaln_norm1,1c18,24,10,even,11,4,bf0d3ecebf593e3e
action_dit_adaln_norm1,1c18,24,11,odd,11,4,3ed4bd7c3e8abda6
action_dit_adaln_norm1,1c18,24,12,even,11,4,3ec3bded3df8beea
action_dit_adaln_norm1,1c18,24,13,odd,11,4,3f2a3d873e483e44
action_dit_adaln_norm1,1c18,24,14,even,11,4,3d603ecbbd7c3ea7
action_dit_adaln_norm1,1c18,24,15,odd,11,4,bd29bf48bedebdc5
action_dit_adaln_norm1,1c18,24,0,even,12,4,3eb63ea6bee03d3e
action_dit_adaln_norm1,1c18,24,1,odd,12,4,3e17bce0bed13e1d
action_dit_adaln_norm1,1c18,24,2,even,12,4,beaa3f02be84bda4
action_dit_adaln_norm1,1c18,24,3,odd,12,4,bdb53e95beacbd7a
action_dit_adaln_norm1,1c18,24,4,even,12,4,3f083cf8bf103f43
action_dit_adaln_norm1,1c18,24,5,odd,12,4,bf093e72be8abd55
action_dit_adaln_norm1,1c18,24,6,even,12,4,be44be5bbe243e7e
action_dit_adaln_norm1,1c18,24,7,odd,12,4,be85befd3e0bbc9c
action_dit_adaln_norm1,1c18,24,8,even,12,4,3da5bf0abdc6be84
action_dit_adaln_norm1,1c18,24,9,odd,12,4,3e24be60bc28bdc8
action_dit_adaln_norm1,1c18,24,10,even,12,4,3e3c3eb83dca3f23
action_dit_adaln_norm1,1c18,24,11,odd,12,4,3e623db6be583cfc
action_dit_adaln_norm1,1c18,24,12,even,12,4,bebf3d893ca0be18
action_dit_adaln_norm1,1c18,24,13,odd,12,4,3eabbdbcbec4be1e
action_dit_adaln_norm1,1c18,24,14,even,12,4,3e1c3efbbe22bd94
action_dit_adaln_norm1,1c18,24,15,odd,12,4,3c30bec13d9cbe98
action_dit_adaln_norm1,1c18,24,0,even,13,4,3d963d8e3e45beae
action_dit_adaln_norm1,1c18,24,1,odd,13,4,3e9b3de8be3e3df8
action_dit_adaln_norm1,1c18,24,2,even,13,4,bb40be95bd5f3eea
action_dit_adaln_norm1,1c18,24,3,odd,13,4,be7cbda13e01bd74
action_dit_adaln_norm1,1c18,24,4,even,13,4,3e343f1d3cb73f2b
action_dit_adaln_norm1,1c18,24,5,odd,13,4,bd9c3edd3e4d3d6a
action_dit_adaln_norm1,1c18,24,6,even,13,4,3e8a3e9abd00be08
action_dit_adaln_norm1,1c18,24,7,odd,13,4,bdf6bcd8be1abd1e
action_dit_adaln_norm1,1c18,24,8,even,13,4,bda13dd6be183f04
action_dit_adaln_norm1,1c18,24,9,odd,13,4,bebcbd9abeb33d44
action_dit_adaln_norm1,1c18,24,10,even,13,4,3ecfbeba3e083dbc
action_dit_adaln_norm1,1c18,24,11,odd,13,4,3e3dbe83be563e2a
action_dit_adaln_norm1,1c18,24,12,even,13,4,be923e3ebe28bd58
action_dit_adaln_norm1,1c18,24,13,odd,13,4,bef8be9e3e163ef8
action_dit_adaln_norm1,1c18,24,14,even,13,4,3e89bc9b3df8be98
action_dit_adaln_norm1,1c18,24,15,odd,13,4,be1cbe393e003e47
action_dit_adaln_norm1,1c18,24,0,even,14,4,3de93f593edcbecd
action_dit_adaln_norm1,1c18,24,1,odd,14,4,3c6abdcabf00be9d
action_dit_adaln_norm1,1c18,24,2,even,14,4,3d98bdeabebfbe20
action_dit_adaln_norm1,1c18,24,3,odd,14,4,be3bbdd23e3cbdf4
action_dit_adaln_norm1,1c18,24,4,even,14,4,bee4be8f3e80bddf
action_dit_adaln_norm1,1c18,24,5,odd,14,4,3f083efcbe713eac
action_dit_adaln_norm1,1c18,24,6,even,14,4,3db5be5c3e783d92
action_dit_adaln_norm1,1c18,24,7,odd,14,4,3e40bc503e69bd34
action_dit_adaln_norm1,1c18,24,8,even,14,4,3ea5becbbf02beb4
action_dit_adaln_norm1,1c18,24,9,odd,14,4,beaa3f4abee1bd82
action_dit_adaln_norm1,1c18,24,10,even,14,4,be293e523dfcbf28
action_dit_adaln_norm1,1c18,24,11,odd,14,4,be9f3eb03e9abe66
action_dit_adaln_norm1,1c18,24,12,even,14,4,3d843e43bdd4be92
action_dit_adaln_norm1,1c18,24,13,odd,14,4,be5d3e5abd213e44
action_dit_adaln_norm1,1c18,24,14,even,14,4,be1abed8be9a3cb8
action_dit_adaln_norm1,1c18,24,15,odd,14,4,3ec13ac0bf683efa
action_dit_adaln_norm1,1c18,24,0,even,15,4,bd543e813f22bec4
action_dit_adaln_norm1,1c18,24,1,odd,15,4,3e99bd8dbee93e0e
action_dit_adaln_norm1,1c18,24,2,even,15,4,3ea4bcbe3e9bbdbc
action_dit_adaln_norm1,1c18,24,3,odd,15,4,3ec83d5b3e1dbf03
action_dit_adaln_norm1,1c18,24,4,even,15,4,3e42bee43f26bdb0
action_dit_adaln_norm1,1c18,24,5,odd,15,4,3d983ef2be92be4b
action_dit_adaln_norm1,1c18,24,6,even,15,4,3efcbe85be88be72
action_dit_adaln_norm1,1c18,24,7,odd,15,4,bf0e3dd5bd583dba
action_dit_adaln_norm1,1c18,24,8,even,15,4,3c303e99bcd83e63
action_dit_adaln_norm1,1c18,24,9,odd,15,4,be5fbed13dc83e81
action_dit_adaln_norm1,1c18,24,10,even,15,4,bd20bca0be083dd6
action_dit_adaln_norm1,1c18,24,11,odd,15,4,be59be21bd12be38
action_dit_adaln_norm1,1c18,24,12,even,15,4,3f943eec3d5c3ee6
action_dit_adaln_norm1,1c18,24,13,odd,15,4,3e2c3e883c48bef5
action_dit_adaln_norm1,1c18,24,14,even,15,4,bdcabe2f3e7e3d80
action_dit_adaln_norm1,1c18,24,15,odd,15,4,3bcc3ecbbcce3ea6
action_dit_adaln_norm1,1c18,24,0,even,16,4,beb63eccbc123d44
action_dit_adaln_norm1,1c18,24,1,odd,16,4,bdea3e10bf283e94
action_dit_adaln_norm1,1c18,24,2,even,16,4,bec23e323e7a3e5c
action_dit_adaln_norm1,1c18,24,3,odd,16,4,3f3a3df73dd93e81
action_dit_adaln_norm1,1c18,24,4,even,16,4,be9e3e9e3ede3e9b
action_dit_adaln_norm1,1c18,24,5,odd,16,4,3e543e403e11bdb2
action_dit_adaln_norm1,1c18,24,6,even,16,4,be7d3e5abde63df8
action_dit_adaln_norm1,1c18,24,7,odd,16,4,3e48bf1c3ebcbe30
action_dit_adaln_norm1,1c18,24,8,even,16,4,be41bce8be42be37
action_dit_adaln_norm1,1c18,24,9,odd,16,4,bea7be9a3e093e00
action_dit_adaln_norm1,1c18,24,10,even,16,4,3deebd683e3fbe5c
action_dit_adaln_norm1,1c18,24,11,odd,16,4,3e533d11be77be86
action_dit_adaln_norm1,1c18,24,12,even,16,4,3e27be3e3d2cbe5c
action_dit_adaln_norm1,1c18,24,13,odd,16,4,bc98bf043e303d92
action_dit_adaln_norm1,1c18,24,14,even,16,4,3ec8bea0be3a3d90
action_dit_adaln_norm1,1c18,24,15,odd,16,4,be8cbe2d3e83bea1
action_dit_adaln_norm1,1c18,24,0,even,17,4,3eca3e2ebe44be51
action_dit_adaln_norm1,1c18,24,1,odd,17,4,3d9d3e7d3dd23be0
action_dit_adaln_norm1,1c18,24,2,even,17,4,3e90be363ee0bee9
action_dit_adaln_norm1,1c18,24,3,odd,17,4,3ead3e6ebd6a3ea1
action_dit_adaln_norm1,1c18,24,4,even,17,4,3ee43b80be073d08
action_dit_adaln_norm1,1c18,24,5,odd,17,4,3f0cbc92becdbe1c
action_dit_adaln_norm1,1c18,24,6,even,17,4,3de43d703e0ebe9d
action_dit_adaln_norm1,1c18,24,7,odd,17,4,3e44bd763ed0be7d
action_dit_adaln_norm1,1c18,24,8,even,17,4,3eecbdb13e91bf20
action_dit_adaln_norm1,1c18,24,9,odd,17,4,bf34be2ebe22bdbf
action_dit_adaln_norm1,1c18,24,10,even,17,4,be96bd99bdf43ee3
action_dit_adaln_norm1,1c18,24,11,odd,17,4,bd783de83f023e1a
action_dit_adaln_norm1,1c18,24,12,even,17,4,3d28bf3abe8c3f09
action_dit_adaln_norm1,1c18,24,13,odd,17,4,3f643cdcbe09becc
action_dit_adaln_norm1,1c18,24,14,even,17,4,bea9be1b3d4e3df3
action_dit_adaln_norm1,1c18,24,15,odd,17,4,bcecbeb83f5e3ea5
action_dit_adaln_norm1,1c18,24,0,even,18,4,3e4e3cb83e17bdc2
action_dit_adaln_norm1,1c18,24,1,odd,18,4,3e5bbc90bd693e3a
action_dit_adaln_norm1,1c18,24,2,even,18,4,be2ebe98be683ebb
action_dit_adaln_norm1,1c18,24,3,odd,18,4,3dcdbda6beea3e89
action_dit_adaln_norm1,1c18,24,4,even,18,4,3d863bd03de0bc93
action_dit_adaln_norm1,1c18,24,5,odd,18,4,be62bca0be283b40
action_dit_adaln_norm1,1c18,24,6,even,18,4,3e8b3f4a3e7f3e4c
action_dit_adaln_norm1,1c18,24,7,odd,18,4,3e96bde8be103e91
action_dit_adaln_norm1,1c18,24,8,even,18,4,beb0bf07bde03e3b
action_dit_adaln_norm1,1c18,24,9,odd,18,4,bdf83ee4be383efa
action_dit_adaln_norm1,1c18,24,10,even,18,4,be673ec03ecabd82
action_dit_adaln_norm1,1c18,24,11,odd,18,4,be7c3f233d953da7
action_dit_adaln_norm1,1c18,24,12,even,18,4,bec03f14be8a3da0
action_dit_adaln_norm1,1c18,24,13,odd,18,4,be08be71be9e3e93
action_dit_adaln_norm1,1c18,24,14,even,18,4,3edb3e82bf6abe74
action_dit_adaln_norm1,1c18,24,15,odd,18,4,be12be0cbed4be24
action_dit_adaln_norm1,1c18,24,0,even,19,4,be183e54bd80be51
action_dit_adaln_norm1,1c18,24,1,odd,19,4,3e5abe7f3f223ec1
action_dit_adaln_norm1,1c18,24,2,even,19,4,3e2c3f28bf0c3eb3
action_dit_adaln_norm1,1c18,24,3,odd,19,4,3e5a3e353ce8be38
action_dit_adaln_norm1,1c18,24,4,even,19,4,3eb4bea4bf1b3db8
action_dit_adaln_norm1,1c18,24,5,odd,19,4,3eac3f20bc683d68
action_dit_adaln_norm1,1c18,24,6,even,19,4,3f02bea8bef23e98
action_dit_adaln_norm1,1c18,24,7,odd,19,4,3ecd3e153e643ee2
action_dit_adaln_norm1,1c18,24,8,even,19,4,bec5bc803d043e88
action_dit_adaln_norm1,1c18,24,9,odd,19,4,3d98bcc03ddcbf0a
action_dit_adaln_norm1,1c18,24,10,even,19,4,bc1cbdabbdea3eb4
action_dit_adaln_norm1,1c18,24,11,odd,19,4,be41bd173ebc3ef0
action_dit_adaln_norm1,1c18,24,12,even,19,4,be313ece3ddc3e3d
action_dit_adaln_norm1,1c18,24,13,odd,19,4,be393ead3f183ce8
action_dit_adaln_norm1,1c18,24,14,even,19,4,be203eb0be73bebc
action_dit_adaln_norm1,1c18,24,15,odd,19,4,beb9be623ebd3e85
action_dit_adaln_norm1,1c18,24,0,even,20,4,bef0be73bda33ec3
action_dit_adaln_norm1,1c18,24,1,odd,20,4,3d943e34be603e54
action_dit_adaln_norm1,1c18,24,2,even,20,4,3f2cbe873e873e94
action_dit_adaln_norm1,1c18,24,3,odd,20,4,bd9d3e58be4e3be0
action_dit_adaln_norm1,1c18,24,4,even,20,4,3d98be8a3e97bba0
action_dit_adaln_norm1,1c18,24,5,odd,20,4,3c503f2dbe043e3b
action_dit_adaln_norm1,1c18,24,6,even,20,4,bd8bbe923ec13e28
action_dit_adaln_norm1,1c18,24,7,odd,20,4,be5bbc503d30bdca
action_dit_adaln_norm1,1c18,24,8,even,20,4,3f083e32beae3e65
action_dit_adaln_norm1,1c18,24,9,odd,20,4,3d8ebf36bed3bcfa
action_dit_adaln_norm1,1c18,24,10,even,20,4,bcd0be963e073de3
action_dit_adaln_norm1,1c18,24,11,odd,20,4,bef43cc03db33deb
action_dit_adaln_norm1,1c18,24,12,even,20,4,bd82bdf73ea13ef2
action_dit_adaln_norm1,1c18,24,13,odd,20,4,bf103d6c3e07bea4
action_dit_adaln_norm1,1c18,24,14,even,20,4,3d46be673d4c3dba
action_dit_adaln_norm1,1c18,24,15,odd,20,4,bf19bd733dd03e4a
action_dit_adaln_norm1,1c18,24,0,even,21,4,3daebf033d8a3e92
action_dit_adaln_norm1,1c18,24,1,odd,21,4,3d8cbeb23da03f00
action_dit_adaln_norm1,1c18,24,2,even,21,4,be613dca3d963f28
action_dit_adaln_norm1,1c18,24,3,odd,21,4,3e06bed1bf32be8c
action_dit_adaln_norm1,1c18,24,4,even,21,4,3e52bd763eadbec6
action_dit_adaln_norm1,1c18,24,5,odd,21,4,bea53e3c3d16bf06
action_dit_adaln_norm1,1c18,24,6,even,21,4,3e4d3e64bd2fbdcc
action_dit_adaln_norm1,1c18,24,7,odd,21,4,bd85be893da9beae
action_dit_adaln_norm1,1c18,24,8,even,21,4,bdfa3f0d3dfa3de3
action_dit_adaln_norm1,1c18,24,9,odd,21,4,be7d3c40be12bf51
action_dit_adaln_norm1,1c18,24,10,even,21,4,3ef6be43bf3abe87
action_dit_adaln_norm1,1c18,24,11,odd,21,4,3f103f5cbe583dbc
action_dit_adaln_norm1,1c18,24,12,even,21,4,be743de83dd93ca8
action_dit_adaln_norm1,1c18,24,13,odd,21,4,bbf03cf6be32be25
action_dit_adaln_norm1,1c18,24,14,even,21,4,be0bbed03e703db2
action_dit_adaln_norm1,1c18,24,15,odd,21,4,bdd83e263f49bcf8
action_dit_adaln_norm1,1c18,24,0,even,22,4,3dd23ee1be7f3edc
action_dit_adaln_norm1,1c18,24,1,odd,22,4,be873cf8be993e73
action_dit_adaln_norm1,1c18,24,2,even,22,4,3e64be243d503f64
action_dit_adaln_norm1,1c18,24,3,odd,22,4,3e61beaa3ebe3de4
action_dit_adaln_norm1,1c18,24,4,even,22,4,bdca3df03e6e3d9a
action_dit_adaln_norm1,1c18,24,5,odd,22,4,be7dbebebe11be0c
action_dit_adaln_norm1,1c18,24,6,even,22,4,3eea3d8cbbc03e34
action_dit_adaln_norm1,1c18,24,7,odd,22,4,bdb4be063deb3e21
action_dit_adaln_norm1,1c18,24,8,even,22,4,bcb8bf40bd163e03
action_dit_adaln_norm1,1c18,24,9,odd,22,4,be7f3e90beab3dc6
action_dit_adaln_norm1,1c18,24,10,even,22,4,bf07becd3e363c56
action_dit_adaln_norm1,1c18,24,11,odd,22,4,bd88be34be023d83
action_dit_adaln_norm1,1c18,24,12,even,22,4,be123efb3e913e52
action_dit_adaln_norm1,1c18,24,13,odd,22,4,be2cbd283e303e9b
action_dit_adaln_norm1,1c18,24,14,even,22,4,be48bd9f3eaebda5
action_dit_adaln_norm1,1c18,24,15,odd,22,4,be2b3d30be5ebe76
action_dit_adaln_norm1,1c18,24,0,even,23,4,bdd03f03be2f3d1b
action_dit_adaln_norm1,1c18,24,1,odd,23,4,3ee33ea3be3f3dfc
action_dit_adaln_norm1,1c18,24,2,even,23,4,3d283e273e1fbe60
action_dit_adaln_norm1,1c18,24,3,odd,23,4,bf4cbeeebec43dfa
action_dit_adaln_norm1,1c18,24,4,even,23,4,bd3e3ec13e2cbdb6
action_dit_adaln_norm1,1c18,24,5,odd,23,4,be0a3e22be3c3e5d
action_dit_adaln_norm1,1c18,24,6,even,23,4,be8cbe1bbe60bcb0
action_dit_adaln_norm1,1c18,24,7,odd,23,4,3eb53e3cbdb6beef
action_dit_adaln_norm1,1c18,24,8,even,23,4,be9a3e11bdd93e36
action_dit_adaln_norm1,1c18,24,9,odd,23,4,befe3e92bd50be93
action_dit_adaln_norm1,1c18,24,10,even,23,4,3f2bbe3a3e743e12
action_dit_adaln_norm1,1c18,24,11,odd,23,4,3e083d8ebc56bef4
action_dit_adaln_norm1,1c18,24,12,even,23,4,bdae3f36be8bbe76
action_dit_adaln_norm1,1c18,24,13,odd,23,4,be88bc48bb003c88
action_dit_adaln_norm1,1c18,24,14,even,23,4,3e1a3ed93d933f16
action_dit_adaln_norm1,1c18,24,15,odd,23,4,3e0d3dd4be9e3eac
action_dit_adaln_norm1,1c19,25,0,even,0,4,3d933d18bdd13e2d
action_dit_adaln_norm1,1c19,25,1,odd,0,4,3dd23eab3e253eae
action_dit_adaln_norm1,1c19,25,2,even,0,4,bd74bdcc3e1c3e2b
action_dit_adaln_norm1,1c19,25,3,odd,0,4,bcc43e193e133e82
action_dit_adaln_norm1,1c19,25,4,even,0,4,bf0fbe173cb8bd98
action_dit_adaln_norm1,1c19,25,5,odd,0,4,3e5f3e06be483ecb
action_dit_adaln_norm1,1c19,25,6,even,0,4,3ecabec3be8d3eb8
action_dit_adaln_norm1,1c19,25,7,odd,0,4,3e913e4cbd0cbba0
action_dit_adaln_norm1,1c19,25,8,even,0,4,3dcd3e96bdf5bba0
action_dit_adaln_norm1,1c19,25,9,odd,0,4,3e8abe0b3f5e3d8e
action_dit_adaln_norm1,1c19,25,10,even,0,4,bb203e10be09becc
action_dit_adaln_norm1,1c19,25,11,odd,0,4,3e8e3e0b3cf03dec
action_dit_adaln_norm1,1c19,25,12,even,0,4,bf003cc0bdccbec0
action_dit_adaln_norm1,1c19,25,13,odd,0,4,bdda3eb9bf32be14
action_dit_adaln_norm1,1c19,25,14,even,0,4,bf13be76beb33e42
action_dit_adaln_norm1,1c19,25,15,odd,0,4,3df1bd80beb7be4a
action_dit_adaln_norm1,1c19,25,0,even,1,4,bf1abd763daebe6e
action_dit_adaln_norm1,1c19,25,1,odd,1,4,bf073e923cccbe70
action_dit_adaln_norm1,1c19,25,2,even,1,4,bc803e91beb63e10
action_dit_adaln_norm1,1c19,25,3,odd,1,4,bea4be5abf343e3d
action_dit_adaln_norm1,1c19,25,4,even,1,4,bdafbe383d64be19
action_dit_adaln_norm1,1c19,25,5,odd,1,4,be4abea9be05be84
action_dit_adaln_norm1,1c19,25,6,even,1,4,3e14bebb3d933d08
action_dit_adaln_norm1,1c19,25,7,odd,1,4,3e203e30bf20bf16
action_dit_adaln_norm1,1c19,25,8,even,1,4,bc943f0b3e99be02
action_dit_adaln_norm1,1c19,25,9,odd,1,4,bea03e9cbda03e9d
action_dit_adaln_norm1,1c19,25,10,even,1,4,3e303d00be1fbda2
action_dit_adaln_norm1,1c19,25,11,odd,1,4,bf143ef9bea2beef
action_dit_adaln_norm1,1c19,25,12,even,1,4,3e36bdb0bdc4be9a
action_dit_adaln_norm1,1c19,25,13,odd,1,4,bf013cf8be333e79
action_dit_adaln_norm1,1c19,25,14,even,1,4,bea1beacbe9bbf43
action_dit_adaln_norm1,1c19,25,15,odd,1,4,bebfbe3bbdb43dee
action_dit_adaln_norm1,1c19,25,0,even,2,4,be543df4be523e1a
action_dit_adaln_norm1,1c19,25,1,odd,2,4,becf3dc63e183e1c
action_dit_adaln_norm1,1c19,25,2,even,2,4,3e02bdb8be1cbe96
action_dit_adaln_norm1,1c19,25,3,odd,2,4,3dba3e8dbe563edc
action_dit_adaln_norm1,1c19,25,4,even,2,4,bd8e3ecbbed53ecb
action_dit_adaln_norm1,1c19,25,5,odd,2,4,bda9bf013e993e94
action_dit_adaln_norm1,1c19,25,6,even,2,4,bed8beaabe493e3a
action_dit_adaln_norm1,1c19,25,7,odd,2,4,be57be46be92bbe0
action_dit_adaln_norm1,1c19,25,8,even,2,4,3dd0bf31bd083efe
action_dit_adaln_norm1,1c19,25,9,odd,2,4,3c543e1a3e77be27
action_dit_adaln_norm1,1c19,25,10,even,2,4,bf30be593ebcbe0c
action_dit_adaln_norm1,1c19,25,11,odd,2,4,3d28bebebd743e88
action_dit_adaln_norm1,1c19,25,12,even,2,4,be7b3da6be5bbe26
action_dit_adaln_norm1,1c19,25,13,odd,2,4,be0dbf08be85bd97
action_dit_adaln_norm1,1c19,25,14,even,2,4,bb003ef83ec3be8b
action_dit_adaln_norm1,1c19,25,15,odd,2,4,3ee03c963ee03e35
action_dit_adaln_norm1,1c19,25,0,even,3,4,3c003e443e4a3ed1
action_dit_adaln_norm1,1c19,25,1,odd,3,4,3e56bdc03e09bbf0
action_dit_adaln_norm1,1c19,25,2,even,3,4,3ea43e303dc3bea8
action_dit_adaln_norm1,1c19,25,3,odd,3,4,bdbc3e8e3d44be6d
action_dit_adaln_norm1,1c19,25,4,even,3,4,be9cbd69bde83eab
action_dit_adaln_norm1,1c19,25,5,odd,3,4,bde53edabe28bc2c
action_dit_adaln_norm1,1c19,25,6,even,3,4,bd36be1a3e433e32
action_dit_adaln_norm1,1c19,25,7,odd,3,4,3e0c3edc3ea73eab
action_dit_adaln_norm1,1c19,25,8,even,3,4,3d89bf2ebeaebe74
action_dit_adaln_norm1,1c19,25,9,odd,3,4,3b88bebdbdc63e3b
action_dit_adaln_norm1,1c19,25,10,even,3,4,3e82bd66bdf43efb
action_dit_adaln_norm1,1c19,25,11,odd,3,4,be61bce03eadbd82
action_dit_adaln_norm1,1c19,25,12,even,3,4,befbbe0cbd98bcb4
action_dit_adaln_norm1,1c19,25,13,odd,3,4,3be03e953e3ebe9c
action_dit_adaln_norm1,1c19,25,14,even,3,4,3e2c3d843efabe45
action_dit_adaln_norm1,1c19,25,15,odd,3,4,bd063da73dc6be86
action_dit_adaln_norm1,1c19,25,0,even,4,4,bd6abe1a3eacbac0
action_dit_adaln_norm1,1c19,25,1,odd,4,4,be253e253e87bdfa
action_dit_adaln_norm1,1c19,25,2,even,4,4,bee23ea9be8cbe9c
action_dit_adaln_norm1,1c19,25,3,odd,4,4,bd88be8ebdf03e5a
action_dit_adaln_norm1,1c19,25,4,even,4,4,3e9ebe9f3e993e6e
action_dit_adaln_norm1,1c19,25,5,odd,4,4,be2e3ece3ea4bee4
action_dit_adaln_norm1,1c19,25,6,even,4,4,3d8dbe98be57bf1e
action_dit_adaln_norm1,1c19,25,7,odd,4,4,bc60be2fba803cf9
action_dit_adaln_norm1,1c19,25,8,even,4,4,3d96be4cbefabcbe
action_dit_adaln_norm1,1c19,25,9,odd,4,4,be9cbc10be8bbe58
action_dit_adaln_norm1,1c19,25,10,even,4,4,3eb23d9abcc8be35
action_dit_adaln_norm1,1c19,25,11,odd,4,4,be803eb8bf0a3e6f
action_dit_adaln_norm1,1c19,25,12,even,4,4,3e3a3ea3bd73bdfc
action_dit_adaln_norm1,1c19,25,13,odd,4,4,3ecd3efe3e28bdd6
action_dit_adaln_norm1,1c19,25,14,even,4,4,bf13bd48bd9bbdd4
action_dit_adaln_norm1,1c19,25,15,odd,4,4,bd3fbe3cbc8cbeeb
action_dit_adaln_norm1,1c19,25,0,even,5,4,3e103db9bd3c3d69
action_dit_adaln_norm1,1c19,25,1,odd,5,4,3e453ed43e08be1f
action_dit_adaln_norm1,1c19,25,2,even,5,4,be493dbcbe7a3f04
action_dit_adaln_norm1,1c19,25,3,odd,5,4,3e103e623cc0bdd6
action_dit_adaln_norm1,1c19,25,4,even,5,4,bd5fbe213dd63d5c
action_dit_adaln_norm1,1c19,25,5,odd,5,4,3dbb3e98be98be60
action_dit_adaln_norm1,1c19,25,6,even,5,4,be1fbd353e24be5c
action_dit_adaln_norm1,1c19,25,7,odd,5,4,3ddc3f2dbefdbc10
action_dit_adaln_norm1,1c19,25,8,even,5,4,3e993cd0be93beb3
action_dit_adaln_norm1,1c19,25,9,odd,5,4,3ec0bdbebd9bbd9d
action_dit_adaln_norm1,1c19,25,10,even,5,4,bde3bb00be9bbead
action_dit_adaln_norm1,1c19,25,11,odd,5,4,3d04bebebd083dd4
action_dit_adaln_norm1,1c19,25,12,even,5,4,3eb4be6b3e133f40
action_dit_adaln_norm1,1c19,25,13,odd,5,4,bed2be3a3e0b3f06
action_dit_adaln_norm1,1c19,25,14,even,5,4,bdb7bf0dbe863cb4
action_dit_adaln_norm1,1c19,25,15,odd,5,4,3ec6be3abf723e4b
action_dit_adaln_norm1,1c19,25,0,even,6,4,bd5ebe79bdae3f3e
action_dit_adaln_norm1,1c19,25,1,odd,6,4,bde43eb23e55bebd
action_dit_adaln_norm1,1c19,25,2,even,6,4,3eec3d6cbdcc3e78
action_dit_adaln_norm1,1c19,25,3,odd,6,4,be4d3cfebc1fbe90
action_dit_adaln_norm1,1c19,25,4,even,6,4,be4a3ec2bb78be72
action_dit_adaln_norm1,1c19,25,5,odd,6,4,bf053f4cbdcebc2e
action_dit_adaln_norm1,1c19,25,6,even,6,4,3e523d9ebe51bdb1
action_dit_adaln_norm1,1c19,25,7,odd,6,4,3cd0bd963ca4bd72
action_dit_adaln_norm1,1c19,25,8,even,6,4,be2b3de23f163e1e
action_dit_adaln_norm1,1c19,25,9,odd,6,4,be89beb13dfcbe34
action_dit_adaln_norm1,1c19,25,10,even,6,4,3efdbeedbe33be80
action_dit_adaln_norm1,1c19,25,11,odd,6,4,3eaebf423eafbe99
action_dit_adaln_norm1,1c19,25,12,even,6,4,3ef53f083e943ef4
action_dit_adaln_norm1,1c19,25,13,odd,6,4,bee83c183c303e82
action_dit_adaln_norm1,1c19,25,14,even,6,4,be56be723f28bdcf
action_dit_adaln_norm1,1c19,25,15,odd,6,4,3e5cbe6cbb40be35
action_dit_adaln_norm1,1c19,25,0,even,7,4,bca03e4c3e9b3d8e
action_dit_adaln_norm1,1c19,25,1,odd,7,4,be53be4abe36be3e
action_dit_adaln_norm1,1c19,25,2,even,7,4,be803e2dbdb3beb4
action_dit_adaln_norm1,1c19,25,3,odd,7,4,bd25bf113ec2bd96
action_dit_adaln_norm1,1c19,25,4,even,7,4,3e9abf09bf08beec
action_dit_adaln_norm1,1c19,25,5,odd,7,4,bea3bee43ba0bc97
action_dit_adaln_norm1,1c19,25,6,even,7,4,bec0bdc4bbc03ee6
action_dit_adaln_norm1,1c19,25,7,odd,7,4,3df8bec6bd09beb7
action_dit_adaln_norm1,1c19,25,8,even,7,4,3e1cbeda3e483e64
action_dit_adaln_norm1,1c19,25,9,odd,7,4,be2bbe263e2dbe22
action_dit_adaln_norm1,1c19,25,10,even,7,4,bcbb3e783f663eeb
action_dit_adaln_norm1,1c19,25,11,odd,7,4,3e12bcd1be56be38
action_dit_adaln_norm1,1c19,25,12,even,7,4,be9b3dd7be40be82
action_dit_adaln_norm1,1c19,25,13,odd,7,4,3ec6bd1ebe72be58
action_dit_adaln_norm1,1c19,25,14,even,7,4,3cccbf02be3c3e69
action_dit_adaln_norm1,1c19,25,15,odd,7,4,be0cbd3cbda4be5a
action_dit_adaln_norm1,1c19,25,0,even,8,4,3e743db53e933eb0
action_dit_adaln_norm1,1c19,25,1,odd,8,4,be4ebf463b20be03
action_dit_adaln_norm1,1c19,25,2,even,8,4,be71be30bdd13d08
action_dit_adaln_norm1,1c19,25,3,odd,8,4,bda4bf28bf643db0
action_dit_adaln_norm1,1c19,25,4,even,8,4,3e9dbec1bc10bf37
action_dit_adaln_norm1,1c19,25,5,odd,8,4,bd87be80bee6bf3b
action_dit_adaln_norm1,1c19,25,6,even,8,4,be893d78be10bef0
action_dit_adaln_norm1,1c19,25,7,odd,8,4,3f003d14bdc4be9a
action_dit_adaln_norm1,1c19,25,8,even,8,4,ba403f20be9abea7
action_dit_adaln_norm1,1c19,25,9,odd,8,4,3e403eb83ddd3e00
action_dit_adaln_norm1,1c19,25,10,even,8,4,3e053da4bf46bd48
action_dit_adaln_norm1,1c19,25,11,odd,8,4,bee43e0cbea9bf51
action_dit_adaln_norm1,1c19,25,12,even,8,4,be10bdd03edebd96
action_dit_adaln_norm1,1c19,25,13,odd,8,4,3d943d2c3eaebdca
action_dit_adaln_norm1,1c19,25,14,even,8,4,3d103ef6bed33d30
action_dit_adaln_norm1,1c19,25,15,odd,8,4,bd24bf00be7ebd12
action_dit_adaln_norm1,1c19,25,0,even,9,4,be2c3e343f20be14
action_dit_adaln_norm1,1c19,25,1,odd,9,4,3e183e52bd963e0a
action_dit_adaln_norm1,1c19,25,2,even,9,4,3ed2be34be66bdcd
action_dit_adaln_norm1,1c19,25,3,odd,9,4,3ed3bea93d723f24
action_dit_adaln_norm1,1c19,25,4,even,9,4,be2a3c80be893ef2
action_dit_adaln_norm1,1c19,25,5,odd,9,4,3e84bd36bd1e3e4c
action_dit_adaln_norm1,1c19,25,6,even,9,4,3e373eb8bdd63f06
action_dit_adaln_norm1,1c19,25,7,odd,9,4,3d9c3de6bdfa3e96
action_dit_adaln_norm1,1c19,25,8,even,9,4,beacbea2be103e96
action_dit_adaln_norm1,1c19,25,9,odd,9,4,3d5cbd2d3e50be9c
action_dit_adaln_norm1,1c19,25,10,even,9,4,3e003cdc3e593dea
action_dit_adaln_norm1,1c19,25,11,odd,9,4,be7dbdcabde13d8f
action_dit_adaln_norm1,1c19,25,12,even,9,4,bd083e06be74bd68
action_dit_adaln_norm1,1c19,25,13,odd,9,4,bc60be7dbe2ebd3c
action_dit_adaln_norm1,1c19,25,14,even,9,4,bf143e8f3e273e50
action_dit_adaln_norm1,1c19,25,15,odd,9,4,bcf0bd46be053d98
action_dit_adaln_norm1,1c19,25,0,even,10,4,bc943e2bbdd23d80
action_dit_adaln_norm1,1c19,25,1,odd,10,4,bea23e3cbd86bdd0
action_dit_adaln_norm1,1c19,25,2,even,10,4,bdbabca0bd3dbee4
action_dit_adaln_norm1,1c19,25,3,odd,10,4,3f06bb603d8a3f10
action_dit_adaln_norm1,1c19,25,4,even,10,4,3e063d5a3e39be68
action_dit_adaln_norm1,1c19,25,5,odd,10,4,3c00be3bbf13be3e
action_dit_adaln_norm1,1c19,25,6,even,10,4,3de6be4a3e22bdf0
action_dit_adaln_norm1,1c19,25,7,odd,10,4,bea6be93be063dfa
action_dit_adaln_norm1,1c19,25,8,even,10,4,3dc83e523d8e3e17
action_dit_adaln_norm1,1c19,25,9,odd,10,4,bd8f3e943ef83f0c
action_dit_adaln_norm1,1c19,25,10,even,10,4,bf2abdd8be1cbeb6
action_dit_adaln_norm1,1c19,25,11,odd,10,4,bebe3f18bf033e57
action_dit_adaln_norm1,1c19,25,12,even,10,4,3eca3e31bed0bdcb
action_dit_adaln_norm1,1c19,25,13,odd,10,4,3ead3ed83ea93a80
action_dit_adaln_norm1,1c19,25,14,even,10,4,bda43ed8bee93e33
action_dit_adaln_norm1,1c19,25,15,odd,10,4,3f103e313d463cf8
action_dit_adaln_norm1,1c19,25,0,even,11,4,3eae3d75bec03dce
action_dit_adaln_norm1,1c19,25,1,odd,11,4,be1fbf10bd92bdef
action_dit_adaln_norm1,1c19,25,2,even,11,4,3e0c3e13be933e99
action_dit_adaln_norm1,1c19,25,3,odd,11,4,be5abee3befcbe34
action_dit_adaln_norm1,1c19,25,4,even,11,4,3e12beca3dc43de3
action_dit_adaln_norm1,1c19,25,5,odd,11,4,bef3bdfb3e72bda0
action_dit_adaln_norm1,1c19,25,6,even,11,4,be03bd08be043e3e
action_dit_adaln_norm1,1c19,25,7,odd,11,4,3e203e74be863e45
action_dit_adaln_norm1,1c19,25,8,even,11,4,be0c3e8e3e30beaa
action_dit_adaln_norm1,1c19,25,9,odd,11,4,3d9f3c5a3d66bf2d
action_dit_adaln_norm1,1c19,25,10,even,11,4,bedd3edbbf33bd9f
action_dit_adaln_norm1,1c19,25,11,odd,11,4,3eb53d963d903e4a
action_dit_adaln_norm1,1c19,25,12,even,11,4,3de6bde03e74bede
action_dit_adaln_norm1,1c19,25,13,odd,11,4,3f3c3e523e483db2
action_dit_adaln_norm1,1c19,25,14,even,11,4,3d003f3e3da83e0d
action_dit_adaln_norm1,1c19,25,15,odd,11,4,bd8cbf6ebf04be38
action_dit_adaln_norm1,1c19,25,0,even,12,4,3cae3eb6bdb83dfc
action_dit_adaln_norm1,1c19,25,1,odd,12,4,3d90be38bf3b3e69
action_dit_adaln_norm1,1c19,25,2,even,12,4,be163f74bcd8beac
action_dit_adaln_norm1,1c19,25,3,odd,12,4,3cc43ea6be9bbe5b
action_dit_adaln_norm1,1c19,25,4,even,12,4,3e5cbe4ebeea3f1e
action_dit_adaln_norm1,1c19,25,5,odd,12,4,bf103ec33de2beb2
action_dit_adaln_norm1,1c19,25,6,even,12,4,be94be62bba03dd4
action_dit_adaln_norm1,1c19,25,7,odd,12,4,bdd3bee0bde43da6
action_dit_adaln_norm1,1c19,25,8,even,12,4,3e9cbf003ee4bee3
action_dit_adaln_norm1,1c19,25,9,odd,12,4,3dc93e14bb60bddb
action_dit_adaln_norm1,1c19,25,10,even,12,4,bcc83e7cbe3c3f08
action_dit_adaln_norm1,1c19,25,11,odd,12,4,3f033e143e0abe9e
action_dit_adaln_norm1,1c19,25,12,even,12,4,bcf03e07bd96beaf
action_dit_adaln_norm1,1c19,25,13,odd,12,4,3e64be133d24bdf4
action_dit_adaln_norm1,1c19,25,14,even,12,4,3e4c3f04be36be52
action_dit_adaln_norm1,1c19,25,15,odd,12,4,3e26be2fbe753e3e
action_dit_adaln_norm1,1c19,25,0,even,13,4,3d843dc83f03bee8
action_dit_adaln_norm1,1c19,25,1,odd,13,4,bc00be36be963e1f
action_dit_adaln_norm1,1c19,25,2,even,13,4,3edebdf63d933eb0
action_dit_adaln_norm1,1c19,25,3,odd,13,4,3da83d103eae3c10
action_dit_adaln_norm1,1c19,25,4,even,13,4,3e783ea73e973eca
action_dit_adaln_norm1,1c19,25,5,odd,13,4,3d9a3e223e8a3e54
action_dit_adaln_norm1,1c19,25,6,even,13,4,3d143ebbbeabbe0a
action_dit_adaln_norm1,1c19,25,7,odd,13,4,bc80bdb6be2bbdd4
action_dit_adaln_norm1,1c19,25,8,even,13,4,bdf43d2fbe183d10
action_dit_adaln_norm1,1c19,25,9,odd,13,4,be90be9ebe823e42
action_dit_adaln_norm1,1c19,25,10,even,13,4,3da0bed43ec53d98
action_dit_adaln_norm1,1c19,25,11,odd,13,4,3e723d9cbdba3d92
action_dit_adaln_norm1,1c19,25,12,even,13,4,bea2bdb6be2c3c88
action_dit_adaln_norm1,1c19,25,13,odd,13,4,bf153c983e9c3dbe
action_dit_adaln_norm1,1c19,25,14,even,13,4,3e963d1e3df4bed7
action_dit_adaln_norm1,1c19,25,15,odd,13,4,be86bd7a3d823eaa
action_dit_adaln_norm1,1c19,25,0,even,14,4,3ea73f493f12be49
action_dit_adaln_norm1,1c19,25,1,odd,14,4,bcc83e09bee6be4b
action_dit_adaln_norm1,1c19,25,2,even,14,4,bd2cba80bf2a0000
action_dit_adaln_norm1,1c19,25,3,odd,14,4,3cc0beb4bd18bc90
action_dit_adaln_norm1,1c19,25,4,even,14,4,beb1bdb7bc003e52
action_dit_adaln_norm1,1c19,25,5,odd,14,4,3e523e48bee63e46
action_dit_adaln_norm1,1c19,25,6,even,14,4,be31be9c3e453e5f
action_dit_adaln_norm1,1c19,25,7,odd,14,4,3ea8bdd63e82bdca
action_dit_adaln_norm1,1c19,25,8,even,14,4,3eddbe91bf2ebe28
action_dit_adaln_norm1,1c19,25,9,odd,14,4,3c183f02bee63d28
action_dit_adaln_norm1,1c19,25,10,even,14,4,be6d3dbbbe20bf10
action_dit_adaln_norm1,1c19,25,11,odd,14,4,be783e8b3d0abe84
action_dit_adaln_norm1,1c19,25,12,even,14,4,be5a3e53beb3be5c
action_dit_adaln_norm1,1c19,25,13,odd,14,4,3d503e5c3ba03eba
action_dit_adaln_norm1,1c19,25,14,even,14,4,3ba0be673c58bd7c
action_dit_adaln_norm1,1c19,25,15,odd,14,4,3eaa3e72bf243ea6
action_dit_adaln_norm1,1c19,25,0,even,15,4,be593eaa3eccbe38
action_dit_adaln_norm1,1c19,25,1,odd,15,4,3e80bdb6bee53cb0
action_dit_adaln_norm1,1c19,25,2,even,15,4,3ea4bd4a3e5cbd32
action_dit_adaln_norm1,1c19,25,3,odd,15,4,3e26be33bcb0bf06
action_dit_adaln_norm1,1c19,25,4,even,15,4,3ec9bece3e9cbe46
action_dit_adaln_norm1,1c19,25,5,odd,15,4,be1c3ea3be4ebbd8
action_dit_adaln_norm1,1c19,25,6,even,15,4,3eaabe42be90bdda
action_dit_adaln_norm1,1c19,25,7,odd,15,4,be08bce0be0e3cc8
action_dit_adaln_norm1,1c19,25,8,even,15,4,3eb43e05bd2c3d10
action_dit_adaln_norm1,1c19,25,9,odd,15,4,be1dbe89be6b3ee2
action_dit_adaln_norm1,1c19,25,10,even,15,4,3e023e073e823e33
action_dit_adaln_norm1,1c19,25,11,odd,15,4,bd8c3e033e03bbb0
action_dit_adaln_norm1,1c19,25,12,even,15,4,3f4c3eecbe1a3f0e
action_dit_adaln_norm1,1c19,25,13,odd,15,4,bde8bda9bdc4be0a
action_dit_adaln_norm1,1c19,25,14,even,15,4,3c20be31bdc73e00
action_dit_adaln_norm1,1c19,25,15,odd,15,4,be21bd96bc343ca2
action_dit_adaln_norm1,1c19,25,0,even,16,4,bd523e97be62be5f
action_dit_adaln_norm1,1c19,25,1,odd,16,4,3dd03ea6bf2ebcb8
action_dit_adaln_norm1,1c19,25,2,even,16,4,bdb73f04be72bd18
action_dit_adaln_norm1,1c19,25,3,odd,16,4,3f9a3e1c3ef13df7
action_dit_adaln_norm1,1c19,25,4,even,16,4,beea3ef53f1fbc3a
action_dit_adaln_norm1,1c19,25,5,odd,16,4,bbe03ebe3e9c3ded
action_dit_adaln_norm1,1c19,25,6,even,16,4,be623e76bc403d68
action_dit_adaln_norm1,1c19,25,7,odd,16,4,3e16bf403ee9bdac
action_dit_adaln_norm1,1c19,25,8,even,16,4,bde0be66be93bb76
action_dit_adaln_norm1,1c19,25,9,odd,16,4,beb8bdf63e753ef8
action_dit_adaln_norm1,1c19,25,10,even,16,4,3f10bcd83cddbe9d
action_dit_adaln_norm1,1c19,25,11,odd,16,4,3e9d3eddbe62beaa
action_dit_adaln_norm1,1c19,25,12,even,16,4,bc503dd1becbbf00
action_dit_adaln_norm1,1c19,25,13,odd,16,4,3e0ebe683ee83e62
action_dit_adaln_norm1,1c19,25,14,even,16,4,3ed0bd98be853dab
action_dit_adaln_norm1,1c19,25,15,odd,16,4,3d52bdc23e88bdc8
action_dit_adaln_norm1,1c19,25,0,even,17,4,3e9fbd00be72bcbc
action_dit_adaln_norm1,1c19,25,1,odd,17,4,3ec03eaabd693ec7
action_dit_adaln_norm1,1c19,25,2,even,17,4,3ebebe7e3eb7be6e
action_dit_adaln_norm1,1c19,25,3,odd,17,4,3ed2be26beed3df0
action_dit_adaln_norm1,1c19,25,4,even,17,4,3efd3e70bea73e9e
action_dit_adaln_norm1,1c19,25,5,odd,17,4,3ef03d98bee0bee7
action_dit_adaln_norm1,1c19,25,6,even,17,4,3ee23eb33e13bf10
action_dit_adaln_norm1,1c19,25,7,odd,17,4,3e4b3d283e70bd88
action_dit_adaln_norm1,1c19,25,8,even,17,4,3edbbe5a3e47bea8
action_dit_adaln_norm1,1c19,25,9,odd,17,4,bf0dbe89bda8be59
action_dit_adaln_norm1,1c19,25,10,even,17,4,bed6be50be873e62
action_dit_adaln_norm1,1c19,25,11,odd,17,4,3ccc3e1a3e173d58
action_dit_adaln_norm1,1c19,25,12,even,17,4,3e5bbee3be363ea9
action_dit_adaln_norm1,1c19,25,13,odd,17,4,3f463e9a3d00bf18
action_dit_adaln_norm1,1c19,25,14,even,17,4,be49bc8bbd9e3dce
action_dit_adaln_norm1,1c19,25,15,odd,17,4,be05bec63ee6bd58
action_dit_adaln_norm1,1c19,25,0,even,18,4,bc90be98be6abc00
action_dit_adaln_norm1,1c19,25,1,odd,18,4,3c003e373e5b3e00
action_dit_adaln_norm1,1c19,25,2,even,18,4,3c1cbebcbece3e66
action_dit_adaln_norm1,1c19,25,3,odd,18,4,bce4be16be203e5c
action_dit_adaln_norm1,1c19,25,4,even,18,4,be353dd4bd2cbda4
action_dit_adaln_norm1,1c19,25,5,odd,18,4,be72be7f3daebe21
action_dit_adaln_norm1,1c19,25,6,even,18,4,3ea03f853eb13e1f
action_dit_adaln_norm1,1c19,25,7,odd,18,4,3ea8bf0ebce43ecc
action_dit_adaln_norm1,1c19,25,8,even,18,4,bd68bf42bd883e86
action_dit_adaln_norm1,1c19,25,9,odd,18,4,3e4b3e783da83f4f
action_dit_adaln_norm1,1c19,25,10,even,18,4,be9c3f083ce6be7b
action_dit_adaln_norm1,1c19,25,11,odd,18,4,bd3c3f303eb6bddf
action_dit_adaln_norm1,1c19,25,12,even,18,4,bea23eedbed43d2d
action_dit_adaln_norm1,1c19,25,13,odd,18,4,3e2f3e4ebe893dd2
action_dit_adaln_norm1,1c19,25,14,even,18,4,3ecd3e5fbf44be2c
action_dit_adaln_norm1,1c19,25,15,odd,18,4,be0bbed0bed8be90
action_dit_adaln_norm1,1c19,25,0,even,19,4,3d843eb33eb6be10
action_dit_adaln_norm1,1c19,25,1,odd,19,4,3e853e4b3e9f3d9e
action_dit_adaln_norm1,1c19,25,2,even,19,4,3dae3f4ebd223e8c
action_dit_adaln_norm1,1c19,25,3,odd,19,4,3eb23e183d7c3cf0
action_dit_adaln_norm1,1c19,25,4,even,19,4,3ea4bf06bee43dce
action_dit_adaln_norm1,1c19,25,5,odd,19,4,3f383ed2be1c3dfc
action_dit_adaln_norm1,1c19,25,6,even,19,4,3dbcbd003d7d3e9c
action_dit_adaln_norm1,1c19,25,7,odd,19,4,3ed03e2c3ef33ec0
action_dit_adaln_norm1,1c19,25,8,even,19,4,becf3df4bd183e4d
action_dit_adaln_norm1,1c19,25,9,odd,19,4,3ec4bcb63e3bbe9d
action_dit_adaln_norm1,1c19,25,10,even,19,4,3e04bddabd4e3ea0
action_dit_adaln_norm1,1c19,25,11,odd,19,4,be133e993ec63f0b
action_dit_adaln_norm1,1c19,25,12,even,19,4,be143c9c3ea7bd34
action_dit_adaln_norm1,1c19,25,13,odd,19,4,bd903ce03f1cbe0d
action_dit_adaln_norm1,1c19,25,14,even,19,4,bc403e8dbd9fbe99
action_dit_adaln_norm1,1c19,25,15,odd,19,4,3dbe3b303d843eac
action_dit_adaln_norm1,1c19,25,0,even,20,4,be6fbdd8bd140000
action_dit_adaln_norm1,1c19,25,1,odd,20,4,3eaabcd0bdef3c44
action_dit_adaln_norm1,1c19,25,2,even,20,4,3f37be8c3e443da7
action_dit_adaln_norm1,1c19,25,3,odd,20,4,bcc03e09bee3bd74
action_dit_adaln_norm1,1c19,25,4,even,20,4,3e4dbe413eecbe99
action_dit_adaln_norm1,1c19,25,5,odd,20,4,3dab3e96bebfbd75
action_dit_adaln_norm1,1c19,25,6,even,20,4,be86beb03ec63ee3
action_dit_adaln_norm1,1c19,25,7,odd,20,4,be29bde9bec83d48
action_dit_adaln_norm1,1c19,25,8,even,20,4,3eda3c88bec43c50
action_dit_adaln_norm1,1c19,25,9,odd,20,4,be83beccbe89be4d
action_dit_adaln_norm1,1c19,25,10,even,20,4,bd10be883e853ea0
action_dit_adaln_norm1,1c19,25,11,odd,20,4,be183e423e1b3e98
action_dit_adaln_norm1,1c19,25,12,even,20,4,3e713e9a3ec13eb1
action_dit_adaln_norm1,1c19,25,13,odd,20,4,be9cbe503df2be60
action_dit_adaln_norm1,1c19,25,14,even,20,4,3e6abd4c3d6c3eb9
action_dit_adaln_norm1,1c19,25,15,odd,20,4,bf17bd783d283f5a
action_dit_adaln_norm1,1c19,25,0,even,21,4,3eacbeba3e6b3d92
action_dit_adaln_norm1,1c19,25,1,odd,21,4,3dbfbeaa3e2f3ed7
action_dit_adaln_norm1,1c19,25,2,even,21,4,bcc03d1cbdf93ef8
action_dit_adaln_norm1,1c19,25,3,odd,21,4,3eb63d5cbee2be7c
action_dit_adaln_norm1,1c19,25,4,even,21,4,3e83bca8bdc2be9a
action_dit_adaln_norm1,1c19,25,5,odd,21,4,be503dd93b88beee
action_dit_adaln_norm1,1c19,25,6,even,21,4,be4abd92be363e0a
action_dit_adaln_norm1,1c19,25,7,odd,21,4,3ce8be8e3e8a3d02
action_dit_adaln_norm1,1c19,25,8,even,21,4,be743f0a3e62be6c
action_dit_adaln_norm1,1c19,25,9,odd,21,4,be54be5dbe9ebf24
action_dit_adaln_norm1,1c19,25,10,even,21,4,3ecabe57bee2be53
action_dit_adaln_norm1,1c19,25,11,odd,21,4,3eae3f273d9e3e09
action_dit_adaln_norm1,1c19,25,12,even,21,4,3e01bdba3e88be1f
action_dit_adaln_norm1,1c19,25,13,odd,21,4,3df6bdc6beabbd80
action_dit_adaln_norm1,1c19,25,14,even,21,4,3e80be083e793d70
action_dit_adaln_norm1,1c19,25,15,odd,21,4,3ea83eb83f42befb
action_dit_adaln_norm1,1c19,25,0,even,22,4,be5a3eabbdfd3ea1
action_dit_adaln_norm1,1c19,25,1,odd,22,4,bea2bdf63da23e92
action_dit_adaln_norm1,1c19,25,2,even,22,4,3dcebeeabda73f66
action_dit_adaln_norm1,1c19,25,3,odd,22,4,3d2cbec83e8abdf2
action_dit_adaln_norm1,1c19,25,4,even,22,4,be503e153e843e64
action_dit_adaln_norm1,1c19,25,5,odd,22,4,3da0bef8bd80be4c
action_dit_adaln_norm1,1c19,25,6,even,22,4,3f183ddabe0b3ec0
action_dit_adaln_norm1,1c19,25,7,odd,22,4,bdca3dbe3e42bce8
action_dit_adaln_norm1,1c19,25,8,even,22,4,3d72bf64be63be86
action_dit_adaln_norm1,1c19,25,9,odd,22,4,be3e3ea4bea93e4d
action_dit_adaln_norm1,1c19,25,10,even,22,4,bd29bf063e7d3db6
action_dit_adaln_norm1,1c19,25,11,odd,22,4,bea5bdfbbdac3c88
action_dit_adaln_norm1,1c19,25,12,even,22,4,be4d3edabd903e90
action_dit_adaln_norm1,1c19,25,13,odd,22,4,be12be573e443c9c
action_dit_adaln_norm1,1c19,25,14,even,22,4,be9cbc503ef2be32
action_dit_adaln_norm1,1c19,25,15,odd,22,4,3e1b3d2abec33d89
action_dit_adaln_norm1,1c19,25,0,even,23,4,3d913f0dbe283da8
action_dit_adaln_norm1,1c19,25,1,odd,23,4,3e433e68be123dda
action_dit_adaln_norm1,1c19,25,2,even,23,4,be263e8c3ed2bed2
action_dit_adaln_norm1,1c19,25,3,odd,23,4,bf11bebcbd48be78
action_dit_adaln_norm1,1c19,25,4,even,23,4,be073ed53e683d20
action_dit_adaln_norm1,1c19,25,5,odd,23,4,bed03eaebde03dc0
action_dit_adaln_norm1,1c19,25,6,even,23,4,befcbd82bf27be8c
action_dit_adaln_norm1,1c19,25,7,odd,23,4,3e9f3e803df9beae
action_dit_adaln_norm1,1c19,25,8,even,23,4,bdf83ea83db63d48
action_dit_adaln_norm1,1c19,25,9,odd,23,4,be823ed3bebbbe65
action_dit_adaln_norm1,1c19,25,10,even,23,4,3efa3e133ec3be26
action_dit_adaln_norm1,1c19,25,11,odd,23,4,3e78bd88be5fbee6
action_dit_adaln_norm1,1c19,25,12,even,23,4,3e7f3ea43da4bdea
action_dit_adaln_norm1,1c19,25,13,odd,23,4,be833e54bde8be15
action_dit_adaln_norm1,1c19,25,14,even,23,4,be233eb1bee43f7f
action_dit_adaln_norm1,1c19,25,15,odd,23,4,bed7bd0ebea23df5
action_dit_adaln_norm1,1c1a,26,0,even,0,4,3e753ccc3d9bbe73
action_dit_adaln_norm1,1c1a,26,1,odd,0,4,3e583e943e3f3eaa
action_dit_adaln_norm1,1c1a,26,2,even,0,4,3e02bde23dfa3e35
action_dit_adaln_norm1,1c1a,26,3,odd,0,4,3e67bdd0bddd3edb
action_dit_adaln_norm1,1c1a,26,4,even,0,4,bed8be7b3e68bebf
action_dit_adaln_norm1,1c1a,26,5,odd,0,4,3e923e32be823ede
action_dit_adaln_norm1,1c1a,26,6,even,0,4,3dd5bf05be2b3f24
action_dit_adaln_norm1,1c1a,26,7,odd,0,4,bcd03ee6bdb13e4c
action_dit_adaln_norm1,1c1a,26,8,even,0,4,3cc23c883dc83ce8
action_dit_adaln_norm1,1c1a,26,9,odd,0,4,3e2ebe133f753d84
action_dit_adaln_norm1,1c1a,26,10,even,0,4,bdeebc80bda8bef8
action_dit_adaln_norm1,1c1a,26,11,odd,0,4,3e893eb03e183de6
action_dit_adaln_norm1,1c1a,26,12,even,0,4,beebbe3ebd96bea1
action_dit_adaln_norm1,1c1a,26,13,odd,0,4,bca83eaabf12bd1f
action_dit_adaln_norm1,1c1a,26,14,even,0,4,be9ebefcbef83e40
action_dit_adaln_norm1,1c1a,26,15,odd,0,4,bdcfbe0dbf28be8c
action_dit_adaln_norm1,1c1a,26,0,even,1,4,bec9bcb33d2fbe15
action_dit_adaln_norm1,1c1a,26,1,odd,1,4,bf003e030000be98
action_dit_adaln_norm1,1c1a,26,2,even,1,4,3e283e07bea63e22
action_dit_adaln_norm1,1c1a,26,3,odd,1,4,be46be89bf3a3de7
action_dit_adaln_norm1,1c1a,26,4,even,1,4,bdefbe0c3d1cbe24
action_dit_adaln_norm1,1c1a,26,5,odd,1,4,bd8abec0bde6bf10
action_dit_adaln_norm1,1c1a,26,6,even,1,4,3ddcbf1a3c083de9
action_dit_adaln_norm1,1c1a,26,7,odd,1,4,3d8cbc90bef2bef0
action_dit_adaln_norm1,1c1a,26,8,even,1,4,3e803ec93e5abe26
action_dit_adaln_norm1,1c1a,26,9,odd,1,4,be0e3e2e3e863ee3
action_dit_adaln_norm1,1c1a,26,10,even,1,4,3e68bc18be3ebeaa
action_dit_adaln_norm1,1c1a,26,11,odd,1,4,bee33ef8bea7be83
action_dit_adaln_norm1,1c1a,26,12,even,1,4,3e15be5bbebcbef8
action_dit_adaln_norm1,1c1a,26,13,odd,1,4,bece3e713bd83e86
action_dit_adaln_norm1,1c1a,26,14,even,1,4,bebfbe90be99bec6
action_dit_adaln_norm1,1c1a,26,15,odd,1,4,bcb43bc0bc843e20
action_dit_adaln_norm1,1c1a,26,0,even,2,4,3cf43e86be83bd2e
action_dit_adaln_norm1,1c1a,26,1,odd,2,4,bec7bda8bca8bc20
action_dit_adaln_norm1,1c1a,26,2,even,2,4,3ec6bcc8be22be6e
action_dit_adaln_norm1,1c1a,26,3,odd,2,4,3d643e44be253e90
action_dit_adaln_norm1,1c1a,26,4,even,2,4,3d643e77be8c3ed9
action_dit_adaln_norm1,1c1a,26,5,odd,2,4,bdfebe9d3e8a3e47
action_dit_adaln_norm1,1c1a,26,6,even,2,4,bd58bd99bd783dc0
action_dit_adaln_norm1,1c1a,26,7,odd,2,4,be04be2ebe5d3e26
action_dit_adaln_norm1,1c1a,26,8,even,2,4,3dd3bf1cbe4a3e58
action_dit_adaln_norm1,1c1a,26,9,odd,2,4,3e143e5a3e1bbd58
action_dit_adaln_norm1,1c1a,26,10,even,2,4,bf1a3d1b3de4be5a
action_dit_adaln_norm1,1c1a,26,11,odd,2,4,3c20bed9bbd03ebb
action_dit_adaln_norm1,1c1a,26,12,even,2,4,bc883e2ebda8bdd6
action_dit_adaln_norm1,1c1a,26,13,odd,2,4,be78bea9bee5be7a
action_dit_adaln_norm1,1c1a,26,14,even,2,4,3dfa3eda3dc3be97
action_dit_adaln_norm1,1c1a,26,15,odd,2,4,3d4ebd783ed33dc4
action_dit_adaln_norm1,1c1a,26,0,even,3,4,be023d8c3e493e41
action_dit_adaln_norm1,1c1a,26,1,odd,3,4,3ecb3cc43df43d38
action_dit_adaln_norm1,1c1a,26,2,even,3,4,3eae3d123e1abf07
action_dit_adaln_norm1,1c1a,26,3,odd,3,4,bcdc3e32bd83be10
action_dit_adaln_norm1,1c1a,26,4,even,3,4,be99be16bcd03efc
action_dit_adaln_norm1,1c1a,26,5,odd,3,4,3d8f3ef63ebcbe3c
action_dit_adaln_norm1,1c1a,26,6,even,3,4,3cf9be5ebe433e0d
action_dit_adaln_norm1,1c1a,26,7,odd,3,4,3e223eae3ee63f0a
action_dit_adaln_norm1,1c1a,26,8,even,3,4,bdc2bf38beecbe3e
action_dit_adaln_norm1,1c1a,26,9,odd,3,4,bb5dbedebe713db0
action_dit_adaln_norm1,1c1a,26,10,even,3,4,3e34bdaebe843e50
action_dit_adaln_norm1,1c1a,26,11,odd,3,4,be88bd403eaa3bc0
action_dit_adaln_norm1,1c1a,26,12,even,3,4,bec1be163b90bc30
action_dit_adaln_norm1,1c1a,26,13,odd,3,4,bdee3e083e90becc
action_dit_adaln_norm1,1c1a,26,14,even,3,4,3e8cbe343ebabe1c
action_dit_adaln_norm1,1c1a,26,15,odd,3,4,3d483d893d0cbe8e
action_dit_adaln_norm1,1c1a,26,0,even,4,4,bd0cbdca3e6d3d6b
action_dit_adaln_norm1,1c1a,26,1,odd,4,4,bcf03f053e1cbd59
action_dit_adaln_norm1,1c1a,26,2,even,4,4,bee23f0abe50beb5
action_dit_adaln_norm1,1c1a,26,3,odd,4,4,3cd0be0ebe383eec
action_dit_adaln_norm1,1c1a,26,4,even,4,4,3e0cbeae3e25beaa
action_dit_adaln_norm1,1c1a,26,5,odd,4,4,3b703f003edbbf1c
action_dit_adaln_norm1,1c1a,26,6,even,4,4,3e3fbeb0be46bf0e
action_dit_adaln_norm1,1c1a,26,7,odd,4,4,bd44bea6bdbfbdf8
action_dit_adaln_norm1,1c1a,26,8,even,4,4,bd17bd96bf07bdd9
action_dit_adaln_norm1,1c1a,26,9,odd,4,4,bea4bd58be84be94
action_dit_adaln_norm1,1c1a,26,10,even,4,4,3ec63e86bd70bedd
action_dit_adaln_norm1,1c1a,26,11,odd,4,4,be823ebfbee93eac
action_dit_adaln_norm1,1c1a,26,12,even,4,4,3e823e293d5bbe4b
action_dit_adaln_norm1,1c1a,26,13,odd,4,4,3e843f03bb803c08
action_dit_adaln_norm1,1c1a,26,14,even,4,4,bf363da7bd12be48
action_dit_adaln_norm1,1c1a,26,15,odd,4,4,bdbc3e54be3cbf05
action_dit_adaln_norm1,1c1a,26,0,even,5,4,3dc4bde6be853e16
action_dit_adaln_norm1,1c1a,26,1,odd,5,4,3e4b3eeebbe0bed6
action_dit_adaln_norm1,1c1a,26,2,even,5,4,be223d4cbd033ec0
action_dit_adaln_norm1,1c1a,26,3,odd,5,4,3d86bd7e3d94be43
action_dit_adaln_norm1,1c1a,26,4,even,5,4,3d23bee23e69be39
action_dit_adaln_norm1,1c1a,26,5,odd,5,4,3dc53eb6beacbdca
action_dit_adaln_norm1,1c1a,26,6,even,5,4,be12be323e1dbedc
action_dit_adaln_norm1,1c1a,26,7,odd,5,4,3d163f40bf01bdf8
action_dit_adaln_norm1,1c1a,26,8,even,5,4,3ef6bcc8bed8be11
action_dit_adaln_norm1,1c1a,26,9,odd,5,4,3ece3d9a3c58be94
action_dit_adaln_norm1,1c1a,26,10,even,5,4,3d183e65be59be5a
action_dit_adaln_norm1,1c1a,26,11,odd,5,4,3e07be31be4e3e3f
action_dit_adaln_norm1,1c1a,26,12,even,5,4,3ed3be173e183f22
action_dit_adaln_norm1,1c1a,26,13,odd,5,4,bee43d983d3c3ef0
action_dit_adaln_norm1,1c1a,26,14,even,5,4,3c20bf26bddcbc30
action_dit_adaln_norm1,1c1a,26,15,odd,5,4,3f0d3d02bf4e3e4c
action_dit_adaln_norm1,1c1a,26,0,even,6,4,be86bece3c983f40
action_dit_adaln_norm1,1c1a,26,1,odd,6,4,be743e60bb84bea2
action_dit_adaln_norm1,1c1a,26,2,even,6,4,3efcbdea3b403e19
action_dit_adaln_norm1,1c1a,26,3,odd,6,4,be923e95be17bde7
action_dit_adaln_norm1,1c1a,26,4,even,6,4,bd803edabda23d9c
action_dit_adaln_norm1,1c1a,26,5,odd,6,4,bf0a3f4ebe483dbd
action_dit_adaln_norm1,1c1a,26,6,even,6,4,3d533e29beba3c68
action_dit_adaln_norm1,1c1a,26,7,odd,6,4,bc20be3e3e10bbc0
action_dit_adaln_norm1,1c1a,26,8,even,6,4,bd9ebde23f313f08
action_dit_adaln_norm1,1c1a,26,9,odd,6,4,bebebe8abce2be52
action_dit_adaln_norm1,1c1a,26,10,even,6,4,3eb6befbbea5bd89
action_dit_adaln_norm1,1c1a,26,11,odd,6,4,3f07bef33ec9beb6
action_dit_adaln_norm1,1c1a,26,12,even,6,4,3e803ec53e813f04
action_dit_adaln_norm1,1c1a,26,13,odd,6,4,bef4be143dfd3d76
action_dit_adaln_norm1,1c1a,26,14,even,6,4,be53bdac3eeebe58
action_dit_adaln_norm1,1c1a,26,15,odd,6,4,3dcebdf7be583cc8
action_dit_adaln_norm1,1c1a,26,0,even,7,4,bdcd3d303df93dee
action_dit_adaln_norm1,1c1a,26,1,odd,7,4,bea5bdd4be86be2a
action_dit_adaln_norm1,1c1a,26,2,even,7,4,be20bd223bd0be77
action_dit_adaln_norm1,1c1a,26,3,odd,7,4,bdc6bf223e543b50
action_dit_adaln_norm1,1c1a,26,4,even,7,4,3e76be48bf1cbe54
action_dit_adaln_norm1,1c1a,26,5,odd,7,4,be6dbe1d3e7fbe15
action_dit_adaln_norm1,1c1a,26,6,even,7,4,bdf4bd94be103ea0
action_dit_adaln_norm1,1c1a,26,7,odd,7,4,3c80bc503c93be87
action_dit_adaln_norm1,1c1a,26,8,even,7,4,3ea4bec03e353ea4
action_dit_adaln_norm1,1c1a,26,9,odd,7,4,bdfcbd903d723e19
action_dit_adaln_norm1,1c1a,26,10,even,7,4,3e0c3e2c3f523f2d
action_dit_adaln_norm1,1c1a,26,11,odd,7,4,bd54be6abeee3e74
action_dit_adaln_norm1,1c1a,26,12,even,7,4,bed93e7ebe3dbde1
action_dit_adaln_norm1,1c1a,26,13,odd,7,4,3f083dfcbe15bec0
action_dit_adaln_norm1,1c1a,26,14,even,7,4,3de3bed23cf03e15
action_dit_adaln_norm1,1c1a,26,15,odd,7,4,be813d8e3c66be22
action_dit_adaln_norm1,1c1a,26,0,even,8,4,3d783e633e2a3e6c
action_dit_adaln_norm1,1c1a,26,1,odd,8,4,bd92bf63be86bc50
action_dit_adaln_norm1,1c1a,26,2,even,8,4,bba0becb3d653e83
action_dit_adaln_norm1,1c1a,26,3,odd,8,4,0000bf17bf7a3f1e
action_dit_adaln_norm1,1c1a,26,4,even,8,4,3e9abf063d70bf54
action_dit_adaln_norm1,1c1a,26,5,odd,8,4,be34bef3becabeac
action_dit_adaln_norm1,1c1a,26,6,even,8,4,bdb53e23be2cbef2
action_dit_adaln_norm1,1c1a,26,7,odd,8,4,3e8abdf0be1ebef8
action_dit_adaln_norm1,1c1a,26,8,even,8,4,bd9c3f43bf20bef8
action_dit_adaln_norm1,1c1a,26,9,odd,8,4,bd4f3ea03e693e1d
action_dit_adaln_norm1,1c1a,26,10,even,8,4,3d763d06bf12bde2
action_dit_adaln_norm1,1c1a,26,11,odd,8,4,beee3ec5be4ebf25
action_dit_adaln_norm1,1c1a,26,12,even,8,4,3c8c3db03eb4bdfc
action_dit_adaln_norm1,1c1a,26,13,odd,8,4,3d8a3ecc3f29be5c
action_dit_adaln_norm1,1c1a,26,14,even,8,4,3dfc3f2cbf063c00
action_dit_adaln_norm1,1c1a,26,15,odd,8,4,bdd4bef0bdc6bd8d
action_dit_adaln_norm1,1c1a,26,0,even,9,4,bd073e503eb9be7b
action_dit_adaln_norm1,1c1a,26,1,odd,9,4,3e1a3e07bf113e55
action_dit_adaln_norm1,1c1a,26,2,even,9,4,3e9dbdddbc90be04
action_dit_adaln_norm1,1c1a,26,3,odd,9,4,3ec2be823e983efe
action_dit_adaln_norm1,1c1a,26,4,even,9,4,3e9bbc5400003f16
action_dit_adaln_norm1,1c1a,26,5,odd,9,4,3edfbe3cbda63ea3
action_dit_adaln_norm1,1c1a,26,6,even,9,4,bd9d3ef0be693efc
action_dit_adaln_norm1,1c1a,26,7,odd,9,4,bc8b3e02bd263e9d
action_dit_adaln_norm1,1c1a,26,8,even,9,4,bece3cc83dc93e91
action_dit_adaln_norm1,1c1a,26,9,odd,9,4,3e9ebd183e4ebef5
action_dit_adaln_norm1,1c1a,26,10,even,9,4,3d1e3e4e3e403d14
action_dit_adaln_norm1,1c1a,26,11,odd,9,4,3cbcbdcebe853ddb
action_dit_adaln_norm1,1c1a,26,12,even,9,4,bdec3e9ebe83bd84
action_dit_adaln_norm1,1c1a,26,13,odd,9,4,be79bdb63c9f3e0a
action_dit_adaln_norm1,1c1a,26,14,even,9,4,bf013eb23e823df0
action_dit_adaln_norm1,1c1a,26,15,odd,9,4,bd243c80bdfc3e30
action_dit_adaln_norm1,1c1a,26,0,even,10,4,3ddf3e660000bbf8
action_dit_adaln_norm1,1c1a,26,1,odd,10,4,be2c3e62bd583b00
action_dit_adaln_norm1,1c1a,26,2,even,10,4,3e24bd98be5abef0
action_dit_adaln_norm1,1c1a,26,3,odd,10,4,3e07bdd43e443ed7
action_dit_adaln_norm1,1c1a,26,4,even,10,4,3ddc3dc73e91be91
action_dit_adaln_norm1,1c1a,26,5,odd,10,4,bda1bdccbeeabe8d
action_dit_adaln_norm1,1c1a,26,6,even,10,4,3e82be853e783d92
action_dit_adaln_norm1,1c1a,26,7,odd,10,4,be6ebeea3dd03dea
action_dit_adaln_norm1,1c1a,26,8,even,10,4,3e4c3e84bd383dc4
action_dit_adaln_norm1,1c1a,26,9,odd,10,4,3e023ce63ef83ef0
action_dit_adaln_norm1,1c1a,26,10,even,10,4,beeebda4be36be79
action_dit_adaln_norm1,1c1a,26,11,odd,10,4,be353eebbeb23e04
action_dit_adaln_norm1,1c1a,26,12,even,10,4,3f2f3e48beb0be35
action_dit_adaln_norm1,1c1a,26,13,odd,10,4,3e133ef43eb03d64
action_dit_adaln_norm1,1c1a,26,14,even,10,4,bd353dbabf053efa
action_dit_adaln_norm1,1c1a,26,15,odd,10,4,3e9e3e513d0a3e70
action_dit_adaln_norm1,1c1a,26,0,even,11,4,3e143e03bf033ca0
action_dit_adaln_norm1,1c1a,26,1,odd,11,4,3da6bf28be943e17
action_dit_adaln_norm1,1c1a,26,2,even,11,4,3e04bd34bef83da6
action_dit_adaln_norm1,1c1a,26,3,odd,11,4,be8fbec8bec8be7d
action_dit_adaln_norm1,1c1a,26,4,even,11,4,bd55bec03d423c30
action_dit_adaln_norm1,1c1a,26,5,odd,11,4,beebbe283e113de0
action_dit_adaln_norm1,1c1a,26,6,even,11,4,be74be283db23df7
action_dit_adaln_norm1,1c1a,26,7,odd,11,4,3d303de4be263e68
action_dit_adaln_norm1,1c1a,26,8,even,11,4,3dba3de63ce0bda3
action_dit_adaln_norm1,1c1a,26,9,odd,11,4,bd92bd693d32bf12
action_dit_adaln_norm1,1c1a,26,10,even,11,4,bf033e9ebf2c3d9c
action_dit_adaln_norm1,1c1a,26,11,odd,11,4,3e9aba80bd8c3d90
action_dit_adaln_norm1,1c1a,26,12,even,11,4,3e41be0d3e30beed
action_dit_adaln_norm1,1c1a,26,13,odd,11,4,3f753e943efa3e6a
action_dit_adaln_norm1,1c1a,26,14,even,11,4,3d8f3f2a3d9dbde8
action_dit_adaln_norm1,1c1a,26,15,odd,11,4,3decbf68bf05bed3
action_dit_adaln_norm1,1c1a,26,0,even,12,4,3e263e3cbd603d59
action_dit_adaln_norm1,1c1a,26,1,odd,12,4,3ea53e38bf3b3e5b
action_dit_adaln_norm1,1c1a,26,2,even,12,4,be953f263d70be61
action_dit_adaln_norm1,1c1a,26,3,odd,12,4,beab3ec5bddebee3
action_dit_adaln_norm1,1c1a,26,4,even,12,4,3e05beacbef23edd
action_dit_adaln_norm1,1c1a,26,5,odd,12,4,be8e3eefbce6beb6
action_dit_adaln_norm1,1c1a,26,6,even,12,4,bf103dd9bd423e6e
action_dit_adaln_norm1,1c1a,26,7,odd,12,4,3dd1beb3bdd93ddc
action_dit_adaln_norm1,1c1a,26,8,even,12,4,3ee8be863e82beae
action_dit_adaln_norm1,1c1a,26,9,odd,12,4,be2a3dfc3d58be16
action_dit_adaln_norm1,1c1a,26,10,even,12,4,3d823ebcbea23ebe
action_dit_adaln_norm1,1c1a,26,11,odd,12,4,3ebf3eaa3e1dbe5f
action_dit_adaln_norm1,1c1a,26,12,even,12,4,be86bdc9bd90bed0
action_dit_adaln_norm1,1c1a,26,13,odd,12,4,3e043b98be6dbe03
action_dit_adaln_norm1,1c1a,26,14,even,12,4,3ebf3f24be47be6e
action_dit_adaln_norm1,1c1a,26,15,odd,12,4,be87be3dbe843ee0
action_dit_adaln_norm1,1c1a,26,0,even,13,4,bdf1bc703eacbf0a
action_dit_adaln_norm1,1c1a,26,1,odd,13,4,bc703e33beaa3e3a
action_dit_adaln_norm1,1c1a,26,2,even,13,4,3eeebd943e983e93
action_dit_adaln_norm1,1c1a,26,3,odd,13,4,bdb83e2a3e8b3da6
action_dit_adaln_norm1,1c1a,26,4,even,13,4,3dec3ea33e403ed2
action_dit_adaln_norm1,1c1a,26,5,odd,13,4,3ecf3e033f62bcb4
action_dit_adaln_norm1,1c1a,26,6,even,13,4,3dd83eedbeaabdbe
action_dit_adaln_norm1,1c1a,26,7,odd,13,4,3d30be34be30bd65
action_dit_adaln_norm1,1c1a,26,8,even,13,4,be1abdf7be86bd54
action_dit_adaln_norm1,1c1a,26,9,odd,13,4,bd98beaebeb83e8e
action_dit_adaln_norm1,1c1a,26,10,even,13,4,3e0abe6d3ee63dd4
action_dit_adaln_norm1,1c1a,26,11,odd,13,4,3d0d3d6dbc0e3dff
action_dit_adaln_norm1,1c1a,26,12,even,13,4,bedc3ccc3e2ebcf0
action_dit_adaln_norm1,1c1a,26,13,odd,13,4,bf4cbebc3e893e1a
action_dit_adaln_norm1,1c1a,26,14,even,13,4,3ea73e2ebdb4bebb
action_dit_adaln_norm1,1c1a,26,15,odd,13,4,be38bc18bcd63eda
action_dit_adaln_norm1,1c1a,26,0,even,14,4,3ed63f253efdbe9a
action_dit_adaln_norm1,1c1a,26,1,odd,14,4,3d67be23beacbe22
action_dit_adaln_norm1,1c1a,26,2,even,14,4,3debbddfbf3ebe12
action_dit_adaln_norm1,1c1a,26,3,odd,14,4,3ca2bec23e3cbe47
action_dit_adaln_norm1,1c1a,26,4,even,14,4,be18be8cbdee3e06
action_dit_adaln_norm1,1c1a,26,5,odd,14,4,3e843efcbe813f02
action_dit_adaln_norm1,1c1a,26,6,even,14,4,bd1cbe883d6b3e8b
action_dit_adaln_norm1,1c1a,26,7,odd,14,4,3e5e3e173e22bdc7
action_dit_adaln_norm1,1c1a,26,8,even,14,4,3ee4bd15bf0fbea2
action_dit_adaln_norm1,1c1a,26,9,odd,14,4,be553f31bf09bc68
action_dit_adaln_norm1,1c1a,26,10,even,14,4,be8bbbb0bdc8bee4
action_dit_adaln_norm1,1c1a,26,11,odd,14,4,be0e3e303d7abe86
action_dit_adaln_norm1,1c1a,26,12,even,14,4,be453c60be83bdfc
action_dit_adaln_norm1,1c1a,26,13,odd,14,4,3d403de8bcc03ea5
action_dit_adaln_norm1,1c1a,26,14,even,14,4,bdc8be823e280000
action_dit_adaln_norm1,1c1a,26,15,odd,14,4,3eca3e6bbf353efc
action_dit_adaln_norm1,1c1a,26,0,even,15,4,bdee3e853ef4bd74
action_dit_adaln_norm1,1c1a,26,1,odd,15,4,3ed93c77be9e3ddb
action_dit_adaln_norm1,1c1a,26,2,even,15,4,3e813d9a3dc9bdbc
action_dit_adaln_norm1,1c1a,26,3,odd,15,4,3eabbee13e00befe
action_dit_adaln_norm1,1c1a,26,4,even,15,4,3ec6bea23ea8be14
action_dit_adaln_norm1,1c1a,26,5,odd,15,4,be593f36be7e3e02
action_dit_adaln_norm1,1c1a,26,6,even,15,4,3e8bbe7bbdafbdba
action_dit_adaln_norm1,1c1a,26,7,odd,15,4,bdc8bd96bd143e44
action_dit_adaln_norm1,1c1a,26,8,even,15,4,3ecb3d3ebe60beab
action_dit_adaln_norm1,1c1a,26,9,odd,15,4,3a803e15bdc83ef2
action_dit_adaln_norm1,1c1a,26,10,even,15,4,3d7c3de33e703e16
action_dit_adaln_norm1,1c1a,26,11,odd,15,4,3ceabe123e143e73
action_dit_adaln_norm1,1c1a,26,12,even,15,4,3f293ed3beab3f14
action_dit_adaln_norm1,1c1a,26,13,odd,15,4,bdf2bde13a000000
action_dit_adaln_norm1,1c1a,26,14,even,15,4,3e36be65be0a3e20
action_dit_adaln_norm1,1c1a,26,15,odd,15,4,bed2be22bdf83d84
action_dit_adaln_norm1,1c1a,26,0,even,16,4,3d9e3e7bbdc6bdf7
action_dit_adaln_norm1,1c1a,26,1,odd,16,4,3e063e8bbf1f39c0
action_dit_adaln_norm1,1c1a,26,2,even,16,4,3c8c3edabd9d3eae
action_dit_adaln_norm1,1c1a,26,3,odd,16,4,3f233ead3e343cb0
action_dit_adaln_norm1,1c1a,26,4,even,16,4,be4d3ec53f08be0b
action_dit_adaln_norm1,1c1a,26,5,odd,16,4,3ea63ec03e2c3d62
action_dit_adaln_norm1,1c1a,26,6,even,16,4,bd0c3f03be2d3ce8
action_dit_adaln_norm1,1c1a,26,7,odd,16,4,3e84bf2a3e3abe96
action_dit_adaln_norm1,1c1a,26,8,even,16,4,bdc03d80bec0be0a
action_dit_adaln_norm1,1c1a,26,9,odd,16,4,bf0dbeed3e523e7e
action_dit_adaln_norm1,1c1a,26,10,even,16,4,3efcbe513d84bee8
action_dit_adaln_norm1,1c1a,26,11,odd,16,4,3e2f3ea0bef3be1e
action_dit_adaln_norm1,1c1a,26,12,even,16,4,3e303da4be66beae
action_dit_adaln_norm1,1c1a,26,13,odd,16,4,3e69bea33e9e3d3c
action_dit_adaln_norm1,1c1a,26,14,even,16,4,3eeebc20be5d3e8d
action_dit_adaln_norm1,1c1a,26,15,odd,16,4,bdadbd4c3e480000
action_dit_adaln_norm1,1c1a,26,0,even,17,4,3ec03d98bdea3e86
action_dit_adaln_norm1,1c1a,26,1,odd,17,4,3e283efbbe2c3d20
action_dit_adaln_norm1,1c1a,26,2,even,17,4,3d82be4e3e9cbe0c
action_dit_adaln_norm1,1c1a,26,3,odd,17,4,3ea8bd48be5a3d56
action_dit_adaln_norm1,1c1a,26,4,even,17,4,3f173d8abec03e32
action_dit_adaln_norm1,1c1a,26,5,odd,17,4,3e7a3dd8bef4be61
action_dit_adaln_norm1,1c1a,26,6,even,17,4,3e433eb03e86bea4
action_dit_adaln_norm1,1c1a,26,7,odd,17,4,3f053e483e09bd5e
action_dit_adaln_norm1,1c1a,26,8,even,17,4,3f003c803e5ebecc
action_dit_adaln_norm1,1c1a,26,9,odd,17,4,bedcbd9bbd91be14
action_dit_adaln_norm1,1c1a,26,10,even,17,4,bf00bebfbe26bd94
action_dit_adaln_norm1,1c1a,26,11,odd,17,4,3d203e033cb43c94
action_dit_adaln_norm1,1c1a,26,12,even,17,4,3e27beecbebb3f31
action_dit_adaln_norm1,1c1a,26,13,odd,17,4,3f603e8a3db2be9e
action_dit_adaln_norm1,1c1a,26,14,even,17,4,be183d14bd193e68
action_dit_adaln_norm1,1c1a,26,15,odd,17,4,be89be6e3eaabdb0
action_dit_adaln_norm1,1c1a,26,0,even,18,4,3e20beccbedabd5c
action_dit_adaln_norm1,1c1a,26,1,odd,18,4,3e1e3ea03e143e3e
action_dit_adaln_norm1,1c1a,26,2,even,18,4,bd8bbe43be6a3ea3
action_dit_adaln_norm1,1c1a,26,3,odd,18,4,3d8c3be0bec53df2
action_dit_adaln_norm1,1c1a,26,4,even,18,4,bd8a3d1cbe0ebd19
action_dit_adaln_norm1,1c1a,26,5,odd,18,4,be6cbd89bd38be24
action_dit_adaln_norm1,1c1a,26,6,even,18,4,3e723f503dcebdd6
action_dit_adaln_norm1,1c1a,26,7,odd,18,4,3ee8beea3df13ecf
action_dit_adaln_norm1,1c1a,26,8,even,18,4,be21bf01bd403f03
action_dit_adaln_norm1,1c1a,26,9,odd,18,4,3c403ebc3e033f42
action_dit_adaln_norm1,1c1a,26,10,even,18,4,be963f193e913d71
action_dit_adaln_norm1,1c1a,26,11,odd,18,4,bb803f503eca3c58
action_dit_adaln_norm1,1c1a,26,12,even,18,4,be353eabbea03e14
action_dit_adaln_norm1,1c1a,26,13,odd,18,4,3d243e90beb83db4
action_dit_adaln_norm1,1c1a,26,14,even,18,4,3ef03d18bf37be22
action_dit_adaln_norm1,1c1a,26,15,odd,18,4,3d40becbbe85be52
action_dit_adaln_norm1,1c1a,26,0,even,19,4,3db13de73e6abe3c
action_dit_adaln_norm1,1c1a,26,1,odd,19,4,3df23dbe3ea43f09
action_dit_adaln_norm1,1c1a,26,2,even,19,4,3e283f26be173e77
action_dit_adaln_norm1,1c1a,26,3,odd,19,4,3eff3e2ebdb03d5c
action_dit_adaln_norm1,1c1a,26,4,even,19,4,3e41bf43bf283e1d
action_dit_adaln_norm1,1c1a,26,5,odd,19,4,3f1b3e28be773db1
action_dit_adaln_norm1,1c1a,26,6,even,19,4,3e5b3d38bd683eea
action_dit_adaln_norm1,1c1a,26,7,odd,19,4,3eff3c7c3e7e3f0d
action_dit_adaln_norm1,1c1a,26,8,even,19,4,bf263eb4be4abc30
action_dit_adaln_norm1,1c1a,26,9,odd,19,4,3eda3dc63e66bf0c
action_dit_adaln_norm1,1c1a,26,10,even,19,4,3e14be03be2c3ed9
action_dit_adaln_norm1,1c1a,26,11,odd,19,4,be443e0c3e303ede
action_dit_adaln_norm1,1c1a,26,12,even,19,4,be803daa3e82bc20
action_dit_adaln_norm1,1c1a,26,13,odd,19,4,be223e7b3f5abdde
action_dit_adaln_norm1,1c1a,26,14,even,19,4,be6b3d8bbd49be0f
action_dit_adaln_norm1,1c1a,26,15,odd,19,4,3dcbbe123e4d3e31
action_dit_adaln_norm1,1c1a,26,0,even,20,4,be7cbe04beb23e23
action_dit_adaln_norm1,1c1a,26,1,odd,20,4,3ea9bdb4be823cd0
action_dit_adaln_norm1,1c1a,26,2,even,20,4,3edcbe7e3e1e3e08
action_dit_adaln_norm1,1c1a,26,3,odd,20,4,bdd23de7bee7bd90
action_dit_adaln_norm1,1c1a,26,4,even,20,4,be2abe063edbbda5
action_dit_adaln_norm1,1c1a,26,5,odd,20,4,39003e94be443dc7
action_dit_adaln_norm1,1c1a,26,6,even,20,4,be21beac3f003ec2
action_dit_adaln_norm1,1c1a,26,7,odd,20,4,be1cbe2a3bd23e67
action_dit_adaln_norm1,1c1a,26,8,even,20,4,3f183ec4be84be20
action_dit_adaln_norm1,1c1a,26,9,odd,20,4,bddabebabe94beac
action_dit_adaln_norm1,1c1a,26,10,even,20,4,bf04be943f0f3e23
action_dit_adaln_norm1,1c1a,26,11,odd,20,4,bdac3ea63e123da4
action_dit_adaln_norm1,1c1a,26,12,even,20,4,3e50bdd43ee43f00
action_dit_adaln_norm1,1c1a,26,13,odd,20,4,be3fbe86be31be8c
action_dit_adaln_norm1,1c1a,26,14,even,20,4,3ed8bde03e423ed2
action_dit_adaln_norm1,1c1a,26,15,odd,20,4,bf63bda43d823ee2
action_dit_adaln_norm1,1c1a,26,0,even,21,4,3e87be993b103e74
action_dit_adaln_norm1,1c1a,26,1,odd,21,4,bcf8be7f3f063e48
action_dit_adaln_norm1,1c1a,26,2,even,21,4,bc003d5abe003f0e
action_dit_adaln_norm1,1c1a,26,3,odd,21,4,3efc3ec6beb7bef4
action_dit_adaln_norm1,1c1a,26,4,even,21,4,3defbe593c58be3c
action_dit_adaln_norm1,1c1a,26,5,odd,21,4,be463e233d46be81
action_dit_adaln_norm1,1c1a,26,6,even,21,4,bbe03e11bd543e48
action_dit_adaln_norm1,1c1a,26,7,odd,21,4,3e16bd203e8c3a00
action_dit_adaln_norm1,1c1a,26,8,even,21,4,bc903ee43e78be97
action_dit_adaln_norm1,1c1a,26,9,odd,21,4,be3bbdf2be92beea
action_dit_adaln_norm1,1c1a,26,10,even,21,4,3f31bde0bf21be8c
action_dit_adaln_norm1,1c1a,26,11,odd,21,4,3e773f4c3e5c3d52
action_dit_adaln_norm1,1c1a,26,12,even,21,4,3e60bd0e3e0ebc78
action_dit_adaln_norm1,1c1a,26,13,odd,21,4,3d7cbe5fbeb8be6e
action_dit_adaln_norm1,1c1a,26,14,even,21,4,3d9abe813e223ea9
action_dit_adaln_norm1,1c1a,26,15,odd,21,4,3e9b3eaa3f5dbe67
action_dit_adaln_norm1,1c1a,26,0,even,22,4,bd603e5abe1a3f30
action_dit_adaln_norm1,1c1a,26,1,odd,22,4,bee23e64be283ea4
action_dit_adaln_norm1,1c1a,26,2,even,22,4,3d34bebabdf03f3a
action_dit_adaln_norm1,1c1a,26,3,odd,22,4,3decbe8f3e113d38
action_dit_adaln_norm1,1c1a,26,4,even,22,4,be283dfa3f0d3d76
action_dit_adaln_norm1,1c1a,26,5,odd,22,4,3e92bee83de2be2f
action_dit_adaln_norm1,1c1a,26,6,even,22,4,3f0e3d383e1a3e51
action_dit_adaln_norm1,1c1a,26,7,odd,22,4,be153e263e583d66
action_dit_adaln_norm1,1c1a,26,8,even,22,4,bdabbf01be56be72
action_dit_adaln_norm1,1c1a,26,9,odd,22,4,be503d93be9c3e08
action_dit_adaln_norm1,1c1a,26,10,even,22,4,be7ebec43d663be0
action_dit_adaln_norm1,1c1a,26,11,odd,22,4,3c883debbb00bdf0
action_dit_adaln_norm1,1c1a,26,12,even,22,4,be103ec3bcf03e46
action_dit_adaln_norm1,1c1a,26,13,odd,22,4,bddcbdcc3e883e4c
action_dit_adaln_norm1,1c1a,26,14,even,22,4,be843c303ebebde1
action_dit_adaln_norm1,1c1a,26,15,odd,22,4,bd1abe02beca3da0
action_dit_adaln_norm1,1c1a,26,0,even,23,4,3e663ec7be04bb40
action_dit_adaln_norm1,1c1a,26,1,odd,23,4,3ec23e74be82bce2
action_dit_adaln_norm1,1c1a,26,2,even,23,4,be223e773ec6beeb
action_dit_adaln_norm1,1c1a,26,3,odd,23,4,befcbe9fbdc8bd9b
action_dit_adaln_norm1,1c1a,26,4,even,23,4,be563e9a3e97bda8
action_dit_adaln_norm1,1c1a,26,5,odd,23,4,be843e02bd8e3da0
action_dit_adaln_norm1,1c1a,26,6,even,23,4,beb4beb2bf2ebeaa
action_dit_adaln_norm1,1c1a,26,7,odd,23,4,3e853d283dddbeb8
action_dit_adaln_norm1,1c1a,26,8,even,23,4,be743ebdbca43e33
action_dit_adaln_norm1,1c1a,26,9,odd,23,4,bedb3e6abe54be62
action_dit_adaln_norm1,1c1a,26,10,even,23,4,3eb2bca03eae3c8c
action_dit_adaln_norm1,1c1a,26,11,odd,23,4,bd923e63be73bebe
action_dit_adaln_norm1,1c1a,26,12,even,23,4,be2d3eee3cd4beaa
action_dit_adaln_norm1,1c1a,26,13,odd,23,4,be4e3e83bda8bdb0
action_dit_adaln_norm1,1c1a,26,14,even,23,4,bd543e3abeb43f3e
action_dit_adaln_norm1,1c1a,26,15,odd,23,4,be7d3d91bed83e84
action_dit_adaln_norm1,1c1b,27,0,even,0,4,3ec3bd1ebd5ebdb0
action_dit_adaln_norm1,1c1b,27,1,odd,0,4,3d8c3ee13ed83eb5
action_dit_adaln_norm1,1c1b,27,2,even,0,4,3d843e89be523e36
action_dit_adaln_norm1,1c1b,27,3,odd,0,4,bdb4be86bda13f12
action_dit_adaln_norm1,1c1b,27,4,even,0,4,be74bde03d8ebe86
action_dit_adaln_norm1,1c1b,27,5,odd,0,4,3e883d94bc403ea0
action_dit_adaln_norm1,1c1b,27,6,even,0,4,3ec2beaebebc3f3e
action_dit_adaln_norm1,1c1b,27,7,odd,0,4,3db23e603deabe15
action_dit_adaln_norm1,1c1b,27,8,even,0,4,be813e8cbcd83df3
action_dit_adaln_norm1,1c1b,27,9,odd,0,4,3e85bd353f27be50
action_dit_adaln_norm1,1c1b,27,10,even,0,4,be333d72bea2beb0
action_dit_adaln_norm1,1c1b,27,11,odd,0,4,3ebb3dd43d4cbc44
action_dit_adaln_norm1,1c1b,27,12,even,0,4,bebebdf0be82bea4
action_dit_adaln_norm1,1c1b,27,13,odd,0,4,be583ec1bef6be59
action_dit_adaln_norm1,1c1b,27,14,even,0,4,bf2ebe9dbe9d3ea8
action_dit_adaln_norm1,1c1b,27,15,odd,0,4,bc70be68bf37be74
action_dit_adaln_norm1,1c1b,27,0,even,1,4,bf3abd2c3e58be34
action_dit_adaln_norm1,1c1b,27,1,odd,1,4,bf0cbd1cbe12bdd8
action_dit_adaln_norm1,1c1b,27,2,even,1,4,3dc63e3abf063cea
action_dit_adaln_norm1,1c1b,27,3,odd,1,4,3b00be64bf513d55
action_dit_adaln_norm1,1c1b,27,4,even,1,4,be3a3d7a3d58bde4
action_dit_adaln_norm1,1c1b,27,5,odd,1,4,3d28bdf13bd0bf29
action_dit_adaln_norm1,1c1b,27,6,even,1,4,3e64bf093d9a3c60
action_dit_adaln_norm1,1c1b,27,7,odd,1,4,be1dbd80bf37bf20
action_dit_adaln_norm1,1c1b,27,8,even,1,4,3e143e9d3d8abe60
action_dit_adaln_norm1,1c1b,27,9,odd,1,4,be973eb83d2e3f00
action_dit_adaln_norm1,1c1b,27,10,even,1,4,3e53bda0bea8bdd1
action_dit_adaln_norm1,1c1b,27,11,odd,1,4,beec3f1bbea3be86
action_dit_adaln_norm1,1c1b,27,12,even,1,4,3ebbbe73beaabeaa
action_dit_adaln_norm1,1c1b,27,13,odd,1,4,bf1cbd503be03e5d
action_dit_adaln_norm1,1c1b,27,14,even,1,4,bf0bbf1bbe10befc
action_dit_adaln_norm1,1c1b,27,15,odd,1,4,be98be92be0abce8
action_dit_adaln_norm1,1c1b,27,0,even,2,4,3e123e8cbeeebe0c
action_dit_adaln_norm1,1c1b,27,1,odd,2,4,be863d44bac03e70
action_dit_adaln_norm1,1c1b,27,2,even,2,4,3ecfbd9fbdb0be0f
action_dit_adaln_norm1,1c1b,27,3,odd,2,4,bd343dcfbe393e03
action_dit_adaln_norm1,1c1b,27,4,even,2,4,3d2c3e52be9a3ec8
action_dit_adaln_norm1,1c1b,27,5,odd,2,4,3d0bbf013eaa3e5b
action_dit_adaln_norm1,1c1b,27,6,even,2,4,be07be8cbe623d18
action_dit_adaln_norm1,1c1b,27,7,odd,2,4,3d46be6ebeb63cfb
action_dit_adaln_norm1,1c1b,27,8,even,2,4,3d9ebe9ebde33ea7
action_dit_adaln_norm1,1c1b,27,9,odd,2,4,bec03ea23d25bce0
action_dit_adaln_norm1,1c1b,27,10,even,2,4,bf16bd813e96be07
action_dit_adaln_norm1,1c1b,27,11,odd,2,4,bbc0bf08bd913ee2
action_dit_adaln_norm1,1c1b,27,12,even,2,4,3da33e20be0bbe5a
action_dit_adaln_norm1,1c1b,27,13,odd,2,4,be2bbef8beb3ba80
action_dit_adaln_norm1,1c1b,27,14,even,2,4,3d713f04bce8bf2d
action_dit_adaln_norm1,1c1b,27,15,odd,2,4,bdd6be283ec03e02
action_dit_adaln_norm1,1c1b,27,0,even,3,4,3e683e393e463db7
action_dit_adaln_norm1,1c1b,27,1,odd,3,4,3e25bca83db03d9f
action_dit_adaln_norm1,1c1b,27,2,even,3,4,3ea13da23e35beec
action_dit_adaln_norm1,1c1b,27,3,odd,3,4,be873eb7bb80be04
action_dit_adaln_norm1,1c1b,27,4,even,3,4,be82be30bd003efe
action_dit_adaln_norm1,1c1b,27,5,odd,3,4,bdbd3eebbd92bdcc
action_dit_adaln_norm1,1c1b,27,6,even,3,4,3b00bd00bd023e80
action_dit_adaln_norm1,1c1b,27,7,odd,3,4,bd013e7e3ed03eaa
action_dit_adaln_norm1,1c1b,27,8,even,3,4,3d66bf09bed2be06
action_dit_adaln_norm1,1c1b,27,9,odd,3,4,3d80bf05bd21bbc0
action_dit_adaln_norm1,1c1b,27,10,even,3,4,3e03bdafbe3b3dc8
action_dit_adaln_norm1,1c1b,27,11,odd,3,4,be5fbd823ee0bd90
action_dit_adaln_norm1,1c1b,27,12,even,3,4,be92be363d8c3db5
action_dit_adaln_norm1,1c1b,27,13,odd,3,4,bd3c3e953e01be85
action_dit_adaln_norm1,1c1b,27,14,even,3,4,3e80bdac3f28bea4
action_dit_adaln_norm1,1c1b,27,15,odd,3,4,bdbc3e0a3e20bf04
action_dit_adaln_norm1,1c1b,27,0,even,4,4,3b80be183e923e26
action_dit_adaln_norm1,1c1b,27,1,odd,4,4,3e0b3e94bc68bdf2
action_dit_adaln_norm1,1c1b,27,2,even,4,4,bebe3ed3bc30be58
action_dit_adaln_norm1,1c1b,27,3,odd,4,4,3e04be40be2e3f06
action_dit_adaln_norm1,1c1b,27,4,even,4,4,3edebe833eb1be31
action_dit_adaln_norm1,1c1b,27,5,odd,4,4,3c723e923eadbeb0
action_dit_adaln_norm1,1c1b,27,6,even,4,4,bce0be53be87be9a
action_dit_adaln_norm1,1c1b,27,7,odd,4,4,3d40bd5ebe063caa
action_dit_adaln_norm1,1c1b,27,8,even,4,4,3cb9bf05bee0bd7c
action_dit_adaln_norm1,1c1b,27,9,odd,4,4,be83be44be9bbe6e
action_dit_adaln_norm1,1c1b,27,10,even,4,4,3eddbcb03a80bdf0
action_dit_adaln_norm1,1c1b,27,11,odd,4,4,beb53f0abf233ec0
action_dit_adaln_norm1,1c1b,27,12,even,4,4,3cae3e92be06be90
action_dit_adaln_norm1,1c1b,27,13,odd,4,4,3dd63f153ea63d50
action_dit_adaln_norm1,1c1b,27,14,even,4,4,bf303d87be14bcc6
action_dit_adaln_norm1,1c1b,27,15,odd,4,4,3ec73e9ebe1dbf18
action_dit_adaln_norm1,1c1b,27,0,even,5,4,3d79bdf2be10be03
action_dit_adaln_norm1,1c1b,27,1,odd,5,4,3e023ea33e2dbe2b
action_dit_adaln_norm1,1c1b,27,2,even,5,4,bdc73dbf3ce53e83
action_dit_adaln_norm1,1c1b,27,3,odd,5,4,3d973e7ebd40be1a
action_dit_adaln_norm1,1c1b,27,4,even,5,4,3d4dbd5f3dc63c80
action_dit_adaln_norm1,1c1b,27,5,odd,5,4,3d533e19be55bd24
action_dit_adaln_norm1,1c1b,27,6,even,5,4,3bc0bd813df8bec2
action_dit_adaln_norm1,1c1b,27,7,odd,5,4,bd923f2fbeac3d42
action_dit_adaln_norm1,1c1b,27,8,even,5,4,3eedbdd6be9cbe78
action_dit_adaln_norm1,1c1b,27,9,odd,5,4,3ec4be2f3eb0be6a
action_dit_adaln_norm1,1c1b,27,10,even,5,4,be85be403c00be53
action_dit_adaln_norm1,1c1b,27,11,odd,5,4,3e3d3df6be96bda6
action_dit_adaln_norm1,1c1b,27,12,even,5,4,3e40be5a3e8e3f15
action_dit_adaln_norm1,1c1b,27,13,odd,5,4,bf203d34bd1d3f2a
action_dit_adaln_norm1,1c1b,27,14,even,5,4,3d20bf2ebe3e3e33
action_dit_adaln_norm1,1c1b,27,15,odd,5,4,3eec3b40bf3a3e0e
action_dit_adaln_norm1,1c1b,27,0,even,6,4,3b3ebf1e3d463f03
action_dit_adaln_norm1,1c1b,27,1,odd,6,4,bcc93e943e033dac
action_dit_adaln_norm1,1c1b,27,2,even,6,4,3eaa3e50be223e68
action_dit_adaln_norm1,1c1b,27,3,odd,6,4,be933e18bdc2be90
action_dit_adaln_norm1,1c1b,27,4,even,6,4,be223e4b3bb0be38
action_dit_adaln_norm1,1c1b,27,5,odd,6,4,bf093f5abbc03e3b
action_dit_adaln_norm1,1c1b,27,6,even,6,4,bca43e6cbe9cbd94
action_dit_adaln_norm1,1c1b,27,7,odd,6,4,bcfc3e19bda0be6c
action_dit_adaln_norm1,1c1b,27,8,even,6,4,bdc2bded3f083e94
action_dit_adaln_norm1,1c1b,27,9,odd,6,4,bea8bea8bc80be9f
action_dit_adaln_norm1,1c1b,27,10,even,6,4,3e9cbecbbddfbea6
action_dit_adaln_norm1,1c1b,27,11,odd,6,4,3ec3beca3df4be8c
action_dit_adaln_norm1,1c1b,27,12,even,6,4,3ea83f213e6c3eb9
action_dit_adaln_norm1,1c1b,27,13,odd,6,4,be863d163e3f3e6f
action_dit_adaln_norm1,1c1b,27,14,even,6,4,3ba0be503f0ebdc7
action_dit_adaln_norm1,1c1b,27,15,odd,6,4,3e8abe15be4cbdcd
action_dit_adaln_norm1,1c1b,27,0,even,7,4,bd343cf03d9a3e91
action_dit_adaln_norm1,1c1b,27,1,odd,7,4,bf02be95bea8bc20
action_dit_adaln_norm1,1c1b,27,2,even,7,4,bd9fbdbbbca8bf06
action_dit_adaln_norm1,1c1b,27,3,odd,7,4,3de0bf1e3ead3cfe
action_dit_adaln_norm1,1c1b,27,4,even,7,4,3d9abe7cbf32bede
action_dit_adaln_norm1,1c1b,27,5,odd,7,4,bd20beaabc80be32
action_dit_adaln_norm1,1c1b,27,6,even,7,4,be0e3e0fbe013e06
action_dit_adaln_norm1,1c1b,27,7,odd,7,4,bd3cbf083c0ebe6a
action_dit_adaln_norm1,1c1b,27,8,even,7,4,3e52be07bcd03ef1
action_dit_adaln_norm1,1c1b,27,9,odd,7,4,be55bdca3e5f3d7e
action_dit_adaln_norm1,1c1b,27,10,even,7,4,be143e3d3f563efc
action_dit_adaln_norm1,1c1b,27,11,odd,7,4,3d26bde1be403e1a
action_dit_adaln_norm1,1c1b,27,12,even,7,4,be1c3e12be1ebe45
action_dit_adaln_norm1,1c1b,27,13,odd,7,4,3ecebcc0be32be84
action_dit_adaln_norm1,1c1b,27,14,even,7,4,3ddbbe683e163e14
action_dit_adaln_norm1,1c1b,27,15,odd,7,4,be7cbd2abc00be43
action_dit_adaln_norm1,1c1b,27,0,even,8,4,3e573e533e8f3e87
action_dit_adaln_norm1,1c1b,27,1,odd,8,4,be14bf3abe193d9b
action_dit_adaln_norm1,1c1b,27,2,even,8,4,3c10bdefbe133dae
action_dit_adaln_norm1,1c1b,27,3,odd,8,4,bde0bf0fbf4d3ea0
action_dit_adaln_norm1,1c1b,27,4,even,8,4,3ed6beea3e34bf3e
action_dit_adaln_norm1,1c1b,27,5,odd,8,4,be78bdfebf0abf01
action_dit_adaln_norm1,1c1b,27,6,even,8,4,be4c3d3c3d20befb
action_dit_adaln_norm1,1c1b,27,7,odd,8,4,3f1cbd3abe59beb5
action_dit_adaln_norm1,1c1b,27,8,even,8,4,3e3c3f1abee4bf07
action_dit_adaln_norm1,1c1b,27,9,odd,8,4,bc983d8ebb203dcb
action_dit_adaln_norm1,1c1b,27,10,even,8,4,3c073d60bef6bd2a
action_dit_adaln_norm1,1c1b,27,11,odd,8,4,becd3f09bea6bf67
action_dit_adaln_norm1,1c1b,27,12,even,8,4,be8a3aa03e88be0b
action_dit_adaln_norm1,1c1b,27,13,odd,8,4,3e343ed93f0d3e76
action_dit_adaln_norm1,1c1b,27,14,even,8,4,3dea3f46bf203ea6
action_dit_adaln_norm1,1c1b,27,15,odd,8,4,be1fbf12be09be1c
action_dit_adaln_norm1,1c1b,27,0,even,9,4,bcd53ea03dc8bea3
action_dit_adaln_norm1,1c1b,27,1,odd,9,4,3eac3e7cbcd43e9b
action_dit_adaln_norm1,1c1b,27,2,even,9,4,3efebe323c30bd8a
action_dit_adaln_norm1,1c1b,27,3,odd,9,4,3f01be7c3e953f00
action_dit_adaln_norm1,1c1b,27,4,even,9,4,bd6f3e12be8d3f1a
action_dit_adaln_norm1,1c1b,27,5,odd,9,4,3effbe8ebd343ed0
action_dit_adaln_norm1,1c1b,27,6,even,9,4,3d5a3f10be643eda
action_dit_adaln_norm1,1c1b,27,7,odd,9,4,3e8dbbe0be273f0d
action_dit_adaln_norm1,1c1b,27,8,even,9,4,be253eebbd863e94
action_dit_adaln_norm1,1c1b,27,9,odd,9,4,3d4f3e463e2dbf08
action_dit_adaln_norm1,1c1b,27,10,even,9,4,3ebabdfe3eaa3e63
action_dit_adaln_norm1,1c1b,27,11,odd,9,4,be6cbe033c803e74
action_dit_adaln_norm1,1c1b,27,12,even,9,4,be503d18be183db6
action_dit_adaln_norm1,1c1b,27,13,odd,9,4,be2bbcf83ea0bc88
action_dit_adaln_norm1,1c1b,27,14,even,9,4,bf053e143e233e37
action_dit_adaln_norm1,1c1b,27,15,odd,9,4,bb203d8abeb83e7a
action_dit_adaln_norm1,1c1b,27,0,even,10,4,3e043c61be763c65
action_dit_adaln_norm1,1c1b,27,1,odd,10,4,3dd03e52bdc8bdb5
action_dit_adaln_norm1,1c1b,27,2,even,10,4,3c893dedbc0dbec2
action_dit_adaln_norm1,1c1b,27,3,odd,10,4,3ea03d83bd263f04
action_dit_adaln_norm1,1c1b,27,4,even,10,4,3e8b3de43e6cbd30
action_dit_adaln_norm1,1c1b,27,5,odd,10,4,3d72be4cbeddbd90
action_dit_adaln_norm1,1c1b,27,6,even,10,4,3e22be163e69bdfb
action_dit_adaln_norm1,1c1b,27,7,odd,10,4,beb5bdfabcfa3da8
action_dit_adaln_norm1,1c1b,27,8,even,10,4,3e823e96bd203cf0
action_dit_adaln_norm1,1c1b,27,9,odd,10,4,3da83ea03ed13ea2
action_dit_adaln_norm1,1c1b,27,10,even,10,4,bec3bea1be6ebea4
action_dit_adaln_norm1,1c1b,27,11,odd,10,4,be063f39be6a3e4a
action_dit_adaln_norm1,1c1b,27,12,even,10,4,3f17be6ebe94beaa
action_dit_adaln_norm1,1c1b,27,13,odd,10,4,3e823f0b3ec8bd18
action_dit_adaln_norm1,1c1b,27,14,even,10,4,3db53d86bedf3e6f
action_dit_adaln_norm1,1c1b,27,15,odd,10,4,3efc3e8b3c5b3e16
action_dit_adaln_norm1,1c1b,27,0,even,11,4,3ed43e6fbeb03e2e
action_dit_adaln_norm1,1c1b,27,1,odd,11,4,bd6cbf11bea53d10
action_dit_adaln_norm1,1c1b,27,2,even,11,4,3e4e3cdbbed43e08
action_dit_adaln_norm1,1c1b,27,3,odd,11,4,bec8bf0abe81be9f
action_dit_adaln_norm1,1c1b,27,4,even,11,4,3e3abeaa3e4d3de5
action_dit_adaln_norm1,1c1b,27,5,odd,11,4,be85be033ef63e72
action_dit_adaln_norm1,1c1b,27,6,even,11,4,bdd9bddc3dba3eae
action_dit_adaln_norm1,1c1b,27,7,odd,11,4,3dc73ddebd8e3cca
action_dit_adaln_norm1,1c1b,27,8,even,11,4,3e6a3e9a3e6cbe12
action_dit_adaln_norm1,1c1b,27,9,odd,11,4,bc903e24bd1ebf27
action_dit_adaln_norm1,1c1b,27,10,even,11,4,bf0f3f05bf643ddf
action_dit_adaln_norm1,1c1b,27,11,odd,11,4,3e6abce03ca83d80
action_dit_adaln_norm1,1c1b,27,12,even,11,4,3e163d543ed2bed0
action_dit_adaln_norm1,1c1b,27,13,odd,11,4,3f593eb43e783dc1
action_dit_adaln_norm1,1c1b,27,14,even,11,4,bc953f043e073d56
action_dit_adaln_norm1,1c1b,27,15,odd,11,4,be46bf68bf2abebb
action_dit_adaln_norm1,1c1b,27,0,even,12,4,3e4d3d38be2c3dbc
action_dit_adaln_norm1,1c1b,27,1,odd,12,4,3ebcbc00bf353d1b
action_dit_adaln_norm1,1c1b,27,2,even,12,4,be793ed03e02bdd8
action_dit_adaln_norm1,1c1b,27,3,odd,12,4,bea63ecfbea6bf0e
action_dit_adaln_norm1,1c1b,27,4,even,12,4,3e06bde8bf0f3ec3
action_dit_adaln_norm1,1c1b,27,5,odd,12,4,bede3eae3dc6bee0
action_dit_adaln_norm1,1c1b,27,6,even,12,4,becd3db83df63e7e
action_dit_adaln_norm1,1c1b,27,7,odd,12,4,bd91bedebdbb3ca4
action_dit_adaln_norm1,1c1b,27,8,even,12,4,3f1fbea13e37bea9
action_dit_adaln_norm1,1c1b,27,9,odd,12,4,bdebbd543d743e1d
action_dit_adaln_norm1,1c1b,27,10,even,12,4,3d823f2ebec63f40
action_dit_adaln_norm1,1c1b,27,11,odd,12,4,3f2f3ef23e46be1d
action_dit_adaln_norm1,1c1b,27,12,even,12,4,bdb4bd0abe4bbec1
action_dit_adaln_norm1,1c1b,27,13,odd,12,4,3e2d3decbea0bbfe
action_dit_adaln_norm1,1c1b,27,14,even,12,4,3ea73f22bd70be32
action_dit_adaln_norm1,1c1b,27,15,odd,12,4,be3fbe42bdf03d70
action_dit_adaln_norm1,1c1b,27,0,even,13,4,3db0bdc33ee3bedf
action_dit_adaln_norm1,1c1b,27,1,odd,13,4,bd073c20be603e74
action_dit_adaln_norm1,1c1b,27,2,even,13,4,3e52bd8c3db63e04
action_dit_adaln_norm1,1c1b,27,3,odd,13,4,3d903dfa3ed6bd40
action_dit_adaln_norm1,1c1b,27,4,even,13,4,3e343ee9bcac3f16
action_dit_adaln_norm1,1c1b,27,5,odd,13,4,3ef23f053ef83e3e
action_dit_adaln_norm1,1c1b,27,6,even,13,4,3e5e3eb4beccbddf
action_dit_adaln_norm1,1c1b,27,7,odd,13,4,bd84be30becd3e69
action_dit_adaln_norm1,1c1b,27,8,even,13,4,bdaebc80bccbbbc0
action_dit_adaln_norm1,1c1b,27,9,odd,13,4,be94bebcbe283e90
action_dit_adaln_norm1,1c1b,27,10,even,13,4,3e80be9a3eed3e79
action_dit_adaln_norm1,1c1b,27,11,odd,13,4,3e1d3ca9bc963d8e
action_dit_adaln_norm1,1c1b,27,12,even,13,4,bed6bd32bd08be0d
action_dit_adaln_norm1,1c1b,27,13,odd,13,4,bf5abe833dc4bd04
action_dit_adaln_norm1,1c1b,27,14,even,13,4,3eabbdaabe58beb0
action_dit_adaln_norm1,1c1b,27,15,odd,13,4,3dca3d7ebe083e9a
action_dit_adaln_norm1,1c1b,27,0,even,14,4,3e563f553e0cbe5a
action_dit_adaln_norm1,1c1b,27,1,odd,14,4,bd46be8cbefebe20
action_dit_adaln_norm1,1c1b,27,2,even,14,4,3e1cbd65bf3cbd10
action_dit_adaln_norm1,1c1b,27,3,odd,14,4,be86bebe3e8abd8c
action_dit_adaln_norm1,1c1b,27,4,even,14,4,bee8bd26bdc83e44
action_dit_adaln_norm1,1c1b,27,5,odd,14,4,3e8c3eb6be813ee3
action_dit_adaln_norm1,1c1b,27,6,even,14,4,beb3beae3e823e98
action_dit_adaln_norm1,1c1b,27,7,odd,14,4,3dc53dfd3d78bd6c
action_dit_adaln_norm1,1c1b,27,8,even,14,4,3ed9bddebefb3d58
action_dit_adaln_norm1,1c1b,27,9,odd,14,4,be823f2ebf1a3de5
action_dit_adaln_norm1,1c1b,27,10,even,14,4,be91bce03c80befe
action_dit_adaln_norm1,1c1b,27,11,odd,14,4,be613e7f3e3abe3c
action_dit_adaln_norm1,1c1b,27,12,even,14,4,be22be7dbe1cbe23
action_dit_adaln_norm1,1c1b,27,13,odd,14,4,bcf03e37be5c3dd6
action_dit_adaln_norm1,1c1b,27,14,even,14,4,be1abe153e203cc8
action_dit_adaln_norm1,1c1b,27,15,odd,14,4,3edcbba0bf4e3eb4
action_dit_adaln_norm1,1c1b,27,0,even,15,4,be9e3d893f15bcb6
action_dit_adaln_norm1,1c1b,27,1,odd,15,4,3e75be1ebc20be29
action_dit_adaln_norm1,1c1b,27,2,even,15,4,bd173e16bdb6be01
action_dit_adaln_norm1,1c1b,27,3,odd,15,4,bde6becb3cb8bf16
action_dit_adaln_norm1,1c1b,27,4,even,15,4,3ea3beca3edcbdb4
action_dit_adaln_norm1,1c1b,27,5,odd,15,4,bdfb3edebd08be20
action_dit_adaln_norm1,1c1b,27,6,even,15,4,3e38be8fbe85be29
action_dit_adaln_norm1,1c1b,27,7,odd,15,4,bd38bdb83c803da6
action_dit_adaln_norm1,1c1b,27,8,even,15,4,3e333c90be5dbdab
action_dit_adaln_norm1,1c1b,27,9,odd,15,4,3df9bdee3d283efe
action_dit_adaln_norm1,1c1b,27,10,even,15,4,bd683b803e043dd2
action_dit_adaln_norm1,1c1b,27,11,odd,15,4,bdb03dc73e003e3c
action_dit_adaln_norm1,1c1b,27,12,even,15,4,3ee23f29be683f1e
action_dit_adaln_norm1,1c1b,27,13,odd,15,4,be54bddf39c0bf05
action_dit_adaln_norm1,1c1b,27,14,even,15,4,3ea4be43bdf43ebe
action_dit_adaln_norm1,1c1b,27,15,odd,15,4,be1dbd37be4abe04
action_dit_adaln_norm1,1c1b,27,0,even,16,4,bdc23ea4be96bda8
action_dit_adaln_norm1,1c1b,27,1,odd,16,4,3daa3e60beffbdb9
action_dit_adaln_norm1,1c1b,27,2,even,16,4,bce03e58be2c3d80
action_dit_adaln_norm1,1c1b,27,3,odd,16,4,3f023ea93ea03e3b
action_dit_adaln_norm1,1c1b,27,4,even,16,4,3cb83e203e073ce1
action_dit_adaln_norm1,1c1b,27,5,odd,16,4,3e3c3eab3e6c3e60
action_dit_adaln_norm1,1c1b,27,6,even,16,4,bd323e81be813daf
action_dit_adaln_norm1,1c1b,27,7,odd,16,4,3dd5bee33eb7be48
action_dit_adaln_norm1,1c1b,27,8,even,16,4,be5ebe3dbe92be02
action_dit_adaln_norm1,1c1b,27,9,odd,16,4,bece3b803dbe3ea7
action_dit_adaln_norm1,1c1b,27,10,even,16,4,3f0cbe423e12bed8
action_dit_adaln_norm1,1c1b,27,11,odd,16,4,3e663ef2be40bd8e
action_dit_adaln_norm1,1c1b,27,12,even,16,4,3dd23d1cbe2ebeb9
action_dit_adaln_norm1,1c1b,27,13,odd,16,4,3e7ebee93f123e27
action_dit_adaln_norm1,1c1b,27,14,even,16,4,3eccbd38be293e92
action_dit_adaln_norm1,1c1b,27,15,odd,16,4,3d8b3e4e3eac3db4
action_dit_adaln_norm1,1c1b,27,0,even,17,4,3e843dc8bc103e0d
action_dit_adaln_norm1,1c1b,27,1,odd,17,4,3e9c3ec2be9f3e2b
action_dit_adaln_norm1,1c1b,27,2,even,17,4,3e35be2b3dbfbeaa
action_dit_adaln_norm1,1c1b,27,3,odd,17,4,3f0e3e00be863c1a
action_dit_adaln_norm1,1c1b,27,4,even,17,4,3ed1bdcebedc3f0d
action_dit_adaln_norm1,1c1b,27,5,odd,17,4,3dff3cb4bef6bec6
action_dit_adaln_norm1,1c1b,27,6,even,17,4,3e0e3eca3e6abe87
action_dit_adaln_norm1,1c1b,27,7,odd,17,4,3ecc3db4be433dbb
action_dit_adaln_norm1,1c1b,27,8,even,17,4,3f0bbd283e6cbf0e
action_dit_adaln_norm1,1c1b,27,9,odd,17,4,bef3be0bbe96bdf6
action_dit_adaln_norm1,1c1b,27,10,even,17,4,bf033e36be923dbe
action_dit_adaln_norm1,1c1b,27,11,odd,17,4,3e3c3da23d0a3cbc
action_dit_adaln_norm1,1c1b,27,12,even,17,4,3eadbed5bf133ee1
action_dit_adaln_norm1,1c1b,27,13,odd,17,4,3f0d3e7fbe5abdba
action_dit_adaln_norm1,1c1b,27,14,even,17,4,beaf3c9d3e05bc68
action_dit_adaln_norm1,1c1b,27,15,odd,17,4,bd4abe9a3e2e3e12
action_dit_adaln_norm1,1c1b,27,0,even,18,4,3e80beb0be96bdfe
action_dit_adaln_norm1,1c1b,27,1,odd,18,4,3dde3edb3e88bd1c
action_dit_adaln_norm1,1c1b,27,2,even,18,4,be08bec8be603ee2
action_dit_adaln_norm1,1c1b,27,3,odd,18,4,be5abe20be703d92
action_dit_adaln_norm1,1c1b,27,4,even,18,4,bd16bd08bf143e28
action_dit_adaln_norm1,1c1b,27,5,odd,18,4,be8bbe263e063d1f
action_dit_adaln_norm1,1c1b,27,6,even,18,4,3e993f303e5abe61
action_dit_adaln_norm1,1c1b,27,7,odd,18,4,3ec1be893d173eb7
action_dit_adaln_norm1,1c1b,27,8,even,18,4,be67bf073cd63e82
action_dit_adaln_norm1,1c1b,27,9,odd,18,4,3ce03ea73e3e3ef9
action_dit_adaln_norm1,1c1b,27,10,even,18,4,be983edd3e69bdd0
action_dit_adaln_norm1,1c1b,27,11,odd,18,4,3e513f1c3e3abe07
action_dit_adaln_norm1,1c1b,27,12,even,18,4,be873eedbea53dec
action_dit_adaln_norm1,1c1b,27,13,odd,18,4,3dec3dd6be54bd44
action_dit_adaln_norm1,1c1b,27,14,even,18,4,3e973d9abeddbe36
action_dit_adaln_norm1,1c1b,27,15,odd,18,4,bdec3d61be22be92
action_dit_adaln_norm1,1c1b,27,0,even,19,4,be8a3e1bbdacbead
action_dit_adaln_norm1,1c1b,27,1,odd,19,4,3dd73da73e453f04
action_dit_adaln_norm1,1c1b,27,2,even,19,4,3e353f0dbe483e92
action_dit_adaln_norm1,1c1b,27,3,odd,19,4,3ead3ea53ca83e03
action_dit_adaln_norm1,1c1b,27,4,even,19,4,3e6dbf2ebf2c3e58
action_dit_adaln_norm1,1c1b,27,5,odd,19,4,3eab3e3cbe9b3e07
action_dit_adaln_norm1,1c1b,27,6,even,19,4,3e823d84be603ea6
action_dit_adaln_norm1,1c1b,27,7,odd,19,4,3ed23dc83ed23f12
action_dit_adaln_norm1,1c1b,27,8,even,19,4,bebc3e6a3e7cbe81
action_dit_adaln_norm1,1c1b,27,9,odd,19,4,3f20bd543ecbbef5
action_dit_adaln_norm1,1c1b,27,10,even,19,4,3d91bc88be0e3e97
action_dit_adaln_norm1,1c1b,27,11,odd,19,4,bcfc3e26bddd3ede
action_dit_adaln_norm1,1c1b,27,12,even,19,4,be113c10be0e3ce2
action_dit_adaln_norm1,1c1b,27,13,odd,19,4,bdc5be543f5abea3
action_dit_adaln_norm1,1c1b,27,14,even,19,4,be253e523e35beac
action_dit_adaln_norm1,1c1b,27,15,odd,19,4,3c8cbd9e3cd03f12
action_dit_adaln_norm1,1c1b,27,0,even,20,4,be6abe4dbe843e92
action_dit_adaln_norm1,1c1b,27,1,odd,20,4,3eeabdc2bc083e6b
action_dit_adaln_norm1,1c1b,27,2,even,20,4,3ec0be9c3e9e3ea9
action_dit_adaln_norm1,1c1b,27,3,odd,20,4,bd9f3e82be81bde0
action_dit_adaln_norm1,1c1b,27,4,even,20,4,3e61be603f363d31
action_dit_adaln_norm1,1c1b,27,5,odd,20,4,3e3d3eebbe663e1e
action_dit_adaln_norm1,1c1b,27,6,even,20,4,bed6be7b3f323e8a
action_dit_adaln_norm1,1c1b,27,7,odd,20,4,bea5bd70bea03ca6
action_dit_adaln_norm1,1c1b,27,8,even,20,4,3f023e45beea3d08
action_dit_adaln_norm1,1c1b,27,9,odd,20,4,bea6bef5be8abe2a
action_dit_adaln_norm1,1c1b,27,10,even,20,4,be3bbd203ed43d6f
action_dit_adaln_norm1,1c1b,27,11,odd,20,4,be353eb9bd4c3e98
action_dit_adaln_norm1,1c1b,27,12,even,20,4,3e763daa3ea93e5a
action_dit_adaln_norm1,1c1b,27,13,odd,20,4,be7cbdebbe87be88
action_dit_adaln_norm1,1c1b,27,14,even,20,4,3ea53d8e3dea3eb4
action_dit_adaln_norm1,1c1b,27,15,odd,20,4,bf18bdfd3e863f19
action_dit_adaln_norm1,1c1b,27,0,even,21,4,3e5abecc3e283e17
action_dit_adaln_norm1,1c1b,27,1,odd,21,4,3db4be933ece3ea6
action_dit_adaln_norm1,1c1b,27,2,even,21,4,bdfcbd133e223f07
action_dit_adaln_norm1,1c1b,27,3,odd,21,4,3e883d74beb1be44
action_dit_adaln_norm1,1c1b,27,4,even,21,4,bcbdbcd0be01bed8
action_dit_adaln_norm1,1c1b,27,5,odd,21,4,be7a3eb9bd2ebece
action_dit_adaln_norm1,1c1b,27,6,even,21,4,3d48bd04be2d3e18
action_dit_adaln_norm1,1c1b,27,7,odd,21,4,3e543e173eeabea4
action_dit_adaln_norm1,1c1b,27,8,even,21,4,3dfc3f0e3e24bead
action_dit_adaln_norm1,1c1b,27,9,odd,21,4,be9fbda4be89becc
action_dit_adaln_norm1,1c1b,27,10,even,21,4,3f3a3da0bf08bf04
action_dit_adaln_norm1,1c1b,27,11,odd,21,4,3e843f34bd3bbc0c
action_dit_adaln_norm1,1c1b,27,12,even,21,4,3e00bd813e40bdc3
action_dit_adaln_norm1,1c1b,27,13,odd,21,4,bd30bdd4beffbe5b
action_dit_adaln_norm1,1c1b,27,14,even,21,4,3e1abe4c3ee23e84
action_dit_adaln_norm1,1c1b,27,15,odd,21,4,3e2c3ee23f5dbe6f
action_dit_adaln_norm1,1c1b,27,0,even,22,4,3e143ec4bed43f0c
action_dit_adaln_norm1,1c1b,27,1,odd,22,4,beb23e2abe6a3e35
action_dit_adaln_norm1,1c1b,27,2,even,22,4,be2fbe543e143f17
action_dit_adaln_norm1,1c1b,27,3,odd,22,4,3ca8bea23f10bd4c
action_dit_adaln_norm1,1c1b,27,4,even,22,4,be12be843f023e47
action_dit_adaln_norm1,1c1b,27,5,odd,22,4,3e72be44be29be23
action_dit_adaln_norm1,1c1b,27,6,even,22,4,3efe3e713e923e70
action_dit_adaln_norm1,1c1b,27,7,odd,22,4,bdb33dba3dfc3d81
action_dit_adaln_norm1,1c1b,27,8,even,22,4,bdcebec0be42be4e
action_dit_adaln_norm1,1c1b,27,9,odd,22,4,3c30be06be783e2c
action_dit_adaln_norm1,1c1b,27,10,even,22,4,be8cbee43e22bdac
action_dit_adaln_norm1,1c1b,27,11,odd,22,4,be33bd5a3ddebcaa
action_dit_adaln_norm1,1c1b,27,12,even,22,4,be8e3ea73d98beae
action_dit_adaln_norm1,1c1b,27,13,odd,22,4,be443c383d903e47
action_dit_adaln_norm1,1c1b,27,14,even,22,4,beb83e7b3eca3e81
action_dit_adaln_norm1,1c1b,27,15,odd,22,4,3dab3da8bef33c60
action_dit_adaln_norm1,1c1b,27,0,even,23,4,3cd43e98be643dbd
action_dit_adaln_norm1,1c1b,27,1,odd,23,4,3e803ec1be10bdaa
action_dit_adaln_norm1,1c1b,27,2,even,23,4,be093e8a3ecfbe2f
action_dit_adaln_norm1,1c1b,27,3,odd,23,4,bf31bea7be66bdcc
action_dit_adaln_norm1,1c1b,27,4,even,23,4,be313e803e45beb8
action_dit_adaln_norm1,1c1b,27,5,odd,23,4,3d383e443d80be04
action_dit_adaln_norm1,1c1b,27,6,even,23,4,3cd0bed3bf27be20
action_dit_adaln_norm1,1c1b,27,7,odd,23,4,3d6c3e92bd6abde4
action_dit_adaln_norm1,1c1b,27,8,even,23,4,be273f0b3c7e3e76
action_dit_adaln_norm1,1c1b,27,9,odd,23,4,bec23eeebe48be01
action_dit_adaln_norm1,1c1b,27,10,even,23,4,3efa3dd83eef3e0c
action_dit_adaln_norm1,1c1b,27,11,odd,23,4,bd123d06be49beac
action_dit_adaln_norm1,1c1b,27,12,even,23,4,bcd03ee4be20be4b
action_dit_adaln_norm1,1c1b,27,13,odd,23,4,bec53edabe3ebe36
action_dit_adaln_norm1,1c1b,27,14,even,23,4,3de3be8cbd763f34
action_dit_adaln_norm1,1c1b,27,15,odd,23,4,bda83e30bed4be2e
action_dit_adaln_norm1,1c1c,28,0,even,0,4,3f02bd92bd17be24
action_dit_adaln_norm1,1c1c,28,1,odd,0,4,3dc03ed73e8b3e38
action_dit_adaln_norm1,1c1c,28,2,even,0,4,3dd43e4f3a803e71
action_dit_adaln_norm1,1c1c,28,3,odd,0,4,3d0ebed93d633f07
action_dit_adaln_norm1,1c1c,28,4,even,0,4,becabe553df3bd87
action_dit_adaln_norm1,1c1c,28,5,odd,0,4,3e643d74bc603efa
action_dit_adaln_norm1,1c1c,28,6,even,0,4,3ebfbeaabeae3f5a
action_dit_adaln_norm1,1c1c,28,7,odd,0,4,bd243e4f3e0cbe3a
action_dit_adaln_norm1,1c1c,28,8,even,0,4,bd3abdf23e183d3c
action_dit_adaln_norm1,1c1c,28,9,odd,0,4,3e4c3d933f45be3d
action_dit_adaln_norm1,1c1c,28,10,even,0,4,bdd73e1bbdbabe9d
action_dit_adaln_norm1,1c1c,28,11,odd,0,4,3e8c3e033e06be37
action_dit_adaln_norm1,1c1c,28,12,even,0,4,beb2be3cbdb0bebc
action_dit_adaln_norm1,1c1c,28,13,odd,0,4,bda13e62bee63cc4
action_dit_adaln_norm1,1c1c,28,14,even,0,4,bf2bbe14bef63f05
action_dit_adaln_norm1,1c1c,28,15,odd,0,4,bd95bec9bf29be5c
action_dit_adaln_norm1,1c1c,28,0,even,1,4,bed0be1e3e24bb40
action_dit_adaln_norm1,1c1c,28,1,odd,1,4,bf06bca0bd88bd3e
action_dit_adaln_norm1,1c1c,28,2,even,1,4,bd703e2cbea0be8c
action_dit_adaln_norm1,1c1c,28,3,odd,1,4,bc883b40bf2bbd6a
action_dit_adaln_norm1,1c1c,28,4,even,1,4,3cf2be403d6cbeb9
action_dit_adaln_norm1,1c1c,28,5,odd,1,4,3e8bbebc3e09bf1c
action_dit_adaln_norm1,1c1c,28,6,even,1,4,3eaebeee3edebd8e
action_dit_adaln_norm1,1c1c,28,7,odd,1,4,be08bdb8bf35bf29
action_dit_adaln_norm1,1c1c,28,8,even,1,4,3dee3e813da4bd5c
action_dit_adaln_norm1,1c1c,28,9,odd,1,4,3b003e063e923ed2
action_dit_adaln_norm1,1c1c,28,10,even,1,4,3e9c3db8be14bea4
action_dit_adaln_norm1,1c1c,28,11,odd,1,4,bee53ea8be34be28
action_dit_adaln_norm1,1c1c,28,12,even,1,4,3e86be82bed4befd
action_dit_adaln_norm1,1c1c,28,13,odd,1,4,bf223d67bd4e3df7
action_dit_adaln_norm1,1c1c,28,14,even,1,4,bebdbedcbe9fbee3
action_dit_adaln_norm1,1c1c,28,15,odd,1,4,bcc63d9dbe41bca1
action_dit_adaln_norm1,1c1c,28,0,even,2,4,3d783eabbeacbebd
action_dit_adaln_norm1,1c1c,28,1,odd,2,4,beb8be01be003eaa
action_dit_adaln_norm1,1c1c,28,2,even,2,4,3ede3dc8be45be52
action_dit_adaln_norm1,1c1c,28,3,odd,2,4,bd8e3d2a3e3c3e86
action_dit_adaln_norm1,1c1c,28,4,even,2,4,3db83de8beac3e90
action_dit_adaln_norm1,1c1c,28,5,odd,2,4,3ea8be923eaf3f0e
action_dit_adaln_norm1,1c1c,28,6,even,2,4,be74bd8cbdb0bd48
action_dit_adaln_norm1,1c1c,28,7,odd,2,4,3c203d68be9b3e37
action_dit_adaln_norm1,1c1c,28,8,even,2,4,bd94beeebe873eb0
action_dit_adaln_norm1,1c1c,28,9,odd,2,4,be723ea5bccc3e42
action_dit_adaln_norm1,1c1c,28,10,even,2,4,bf003d8c3dfcbd7c
action_dit_adaln_norm1,1c1c,28,11,odd,2,4,3c88bec9be853eab
action_dit_adaln_norm1,1c1c,28,12,even,2,4,be1cbe1abe02be88
action_dit_adaln_norm1,1c1c,28,13,odd,2,4,3e0ebeb0be9f3d3a
action_dit_adaln_norm1,1c1c,28,14,even,2,4,bd2f3f223e08bee2
action_dit_adaln_norm1,1c1c,28,15,odd,2,4,bd46be993e183e10
action_dit_adaln_norm1,1c1c,28,0,even,3,4,3e9a3eb23d303d24
action_dit_adaln_norm1,1c1c,28,1,odd,3,4,3e8d3d503da8bd8a
action_dit_adaln_norm1,1c1c,28,2,even,3,4,3d833e74be0abf08
action_dit_adaln_norm1,1c1c,28,3,odd,3,4,bea03eb43d51be98
action_dit_adaln_norm1,1c1c,28,4,even,3,4,bea3bdc93e443ea4
action_dit_adaln_norm1,1c1c,28,5,odd,3,4,be8e3f0e3e49beba
action_dit_adaln_norm1,1c1c,28,6,even,3,4,bd5cbe42be8dbd82
action_dit_adaln_norm1,1c1c,28,7,odd,3,4,3cf03ea83f0a3f02
action_dit_adaln_norm1,1c1c,28,8,even,3,4,bd8bbebebe453cb0
action_dit_adaln_norm1,1c1c,28,9,odd,3,4,be73bef2be8a3e9c
action_dit_adaln_norm1,1c1c,28,10,even,3,4,3e2dbe82be5f3ebc
action_dit_adaln_norm1,1c1c,28,11,odd,3,4,be13be7a3e9fbc89
action_dit_adaln_norm1,1c1c,28,12,even,3,4,be4cbd61be183e6e
action_dit_adaln_norm1,1c1c,28,13,odd,3,4,bd20bcca3debbe54
action_dit_adaln_norm1,1c1c,28,14,even,3,4,3e6f3d8a3f24be32
action_dit_adaln_norm1,1c1c,28,15,odd,3,4,be7fbd383d54be50
action_dit_adaln_norm1,1c1c,28,0,even,4,4,bd14be323eeb3dbb
action_dit_adaln_norm1,1c1c,28,1,odd,4,4,3e1e3e40bd1ebd43
action_dit_adaln_norm1,1c1c,28,2,even,4,4,bea73ed83ca0bee5
action_dit_adaln_norm1,1c1c,28,3,odd,4,4,3e8b3dfcbd4f3eb6
action_dit_adaln_norm1,1c1c,28,4,even,4,4,3dc6be733ec9be93
action_dit_adaln_norm1,1c1c,28,5,odd,4,4,3d603e883eb5bec7
action_dit_adaln_norm1,1c1c,28,6,even,4,4,3d95becebe38be7d
action_dit_adaln_norm1,1c1c,28,7,odd,4,4,3c08be07bea9bc90
action_dit_adaln_norm1,1c1c,28,8,even,4,4,3e28be12bf043ddd
action_dit_adaln_norm1,1c1c,28,9,odd,4,4,bec8bebbbeb1be4a
action_dit_adaln_norm1,1c1c,28,10,even,4,4,3f113de2be49be85
action_dit_adaln_norm1,1c1c,28,11,odd,4,4,be753e8ebf063ece
action_dit_adaln_norm1,1c1c,28,12,even,4,4,3e1e3d5cbe11be82
action_dit_adaln_norm1,1c1c,28,13,odd,4,4,3dbb3ed73b803de9
action_dit_adaln_norm1,1c1c,28,14,even,4,4,bf4c3dcebe19be5a
action_dit_adaln_norm1,1c1c,28,15,odd,4,4,3dd43d37be7bbf08
action_dit_adaln_norm1,1c1c,28,0,even,5,4,3d10bf36be35bea2
action_dit_adaln_norm1,1c1c,28,1,odd,5,4,3e793d8d3e10be75
action_dit_adaln_norm1,1c1c,28,2,even,5,4,bdbabe3f3df23e9d
action_dit_adaln_norm1,1c1c,28,3,odd,5,4,bde6bd74bdd0be5e
action_dit_adaln_norm1,1c1c,28,4,even,5,4,bdacbca83ec5bde5
action_dit_adaln_norm1,1c1c,28,5,odd,5,4,bd8e3d8e3c403d9c
action_dit_adaln_norm1,1c1c,28,6,even,5,4,3d4cbeac3ef0be83
action_dit_adaln_norm1,1c1c,28,7,odd,5,4,3dc03f4bbeaa3e0d
action_dit_adaln_norm1,1c1c,28,8,even,5,4,3f2c3dcbbe243d5a
action_dit_adaln_norm1,1c1c,28,9,odd,5,4,3f17beb83dbabe34
action_dit_adaln_norm1,1c1c,28,10,even,5,4,bc1cbcd63e0cbe78
action_dit_adaln_norm1,1c1c,28,11,odd,5,4,3e70bd8cbe823d38
action_dit_adaln_norm1,1c1c,28,12,even,5,4,3d86be933e223ecc
action_dit_adaln_norm1,1c1c,28,13,odd,5,4,bf3f3e123cfc3f0f
action_dit_adaln_norm1,1c1c,28,14,even,5,4,3e36bf10bec03df3
action_dit_adaln_norm1,1c1c,28,15,odd,5,4,3ea4be95bf283d54
action_dit_adaln_norm1,1c1c,28,0,even,6,4,bd93bf1f3e333f0a
action_dit_adaln_norm1,1c1c,28,1,odd,6,4,bd243e1e3dc6be90
action_dit_adaln_norm1,1c1c,28,2,even,6,4,3e223d02bdecbd90
action_dit_adaln_norm1,1c1c,28,3,odd,6,4,be223ec0bde9bea2
action_dit_adaln_norm1,1c1c,28,4,even,6,4,3d9a3e373df3bdc6
action_dit_adaln_norm1,1c1c,28,5,odd,6,4,bec93f26be3e3e04
action_dit_adaln_norm1,1c1c,28,6,even,6,4,bdf23d84be92be92
action_dit_adaln_norm1,1c1c,28,7,odd,6,4,bd50bdfe3e63bc28
action_dit_adaln_norm1,1c1c,28,8,even,6,4,bef8be503eec3e96
action_dit_adaln_norm1,1c1c,28,9,odd,6,4,bee6bc9fbd68bf13
action_dit_adaln_norm1,1c1c,28,10,even,6,4,3e9dbec1bd2bbe66
action_dit_adaln_norm1,1c1c,28,11,odd,6,4,3edabeee3e24be24
action_dit_adaln_norm1,1c1c,28,12,even,6,4,3e823e8c3c583e19
action_dit_adaln_norm1,1c1c,28,13,odd,6,4,bdf6be7e3ea23da0
action_dit_adaln_norm1,1c1c,28,14,even,6,4,3dff3de13f163e5c
action_dit_adaln_norm1,1c1c,28,15,odd,6,4,3e37be7cbe963e8d
action_dit_adaln_norm1,1c1c,28,0,even,7,4,bec6bd083d383ed6
action_dit_adaln_norm1,1c1c,28,1,odd,7,4,bf0bbdf2be613c50
action_dit_adaln_norm1,1c1c,28,2,even,7,4,3ca43d123e44befa
action_dit_adaln_norm1,1c1c,28,3,odd,7,4,3dc3bf213df53e35
action_dit_adaln_norm1,1c1c,28,4,even,7,4,3cb8be3ebefbbee2
action_dit_adaln_norm1,1c1c,28,5,odd,7,4,be31be5c3d7cbdbe
action_dit_adaln_norm1,1c1c,28,6,even,7,4,3c00bdf1be86be27
action_dit_adaln_norm1,1c1c,28,7,odd,7,4,3d3cbebe3de6bdd0
action_dit_adaln_norm1,1c1c,28,8,even,7,4,3e18be2b3dc03e54
action_dit_adaln_norm1,1c1c,28,9,odd,7,4,be69bd863ccc3dfb
action_dit_adaln_norm1,1c1c,28,10,even,7,4,3d163e183f2a3f02
action_dit_adaln_norm1,1c1c,28,11,odd,7,4,bd86be873c0a3e24
action_dit_adaln_norm1,1c1c,28,12,even,7,4,be5e3eaebc983d38
action_dit_adaln_norm1,1c1c,28,13,odd,7,4,3eeebdc2bea7befc
action_dit_adaln_norm1,1c1c,28,14,even,7,4,be0dbe20bdb6be28
action_dit_adaln_norm1,1c1c,28,15,odd,7,4,be40bdd7be41bda6
action_dit_adaln_norm1,1c1c,28,0,even,8,4,3b403e583e7c3cc8
action_dit_adaln_norm1,1c1c,28,1,odd,8,4,be4ebf65be1e3d5e
action_dit_adaln_norm1,1c1c,28,2,even,8,4,3d66beda3e2a3cfc
action_dit_adaln_norm1,1c1c,28,3,odd,8,4,be40bf01bf323ed5
action_dit_adaln_norm1,1c1c,28,4,even,8,4,3ed0beb53e98bf50
action_dit_adaln_norm1,1c1c,28,5,odd,8,4,bd35be6ebef4be0b
action_dit_adaln_norm1,1c1c,28,6,even,8,4,3dc63e9abddabec4
action_dit_adaln_norm1,1c1c,28,7,odd,8,4,3f0f3e03be56bebb
action_dit_adaln_norm1,1c1c,28,8,even,8,4,3e623f2fbefebf04
action_dit_adaln_norm1,1c1c,28,9,odd,8,4,3e4e3daabda23d14
action_dit_adaln_norm1,1c1c,28,10,even,8,4,bd833e7dbeaebd89
action_dit_adaln_norm1,1c1c,28,11,odd,8,4,be2c3ec2beedbf04
action_dit_adaln_norm1,1c1c,28,12,even,8,4,3d4bbe1b3e5d3d88
action_dit_adaln_norm1,1c1c,28,13,odd,8,4,bd7f3e033ecbbd38
action_dit_adaln_norm1,1c1c,28,14,even,8,4,3cb83edbbf433e90
action_dit_adaln_norm1,1c1c,28,15,odd,8,4,bd64bf0abd313dba
action_dit_adaln_norm1,1c1c,28,0,even,9,4,bdb33e8a3eb3be80
action_dit_adaln_norm1,1c1c,28,1,odd,9,4,3e763ec8bebc3e5c
action_dit_adaln_norm1,1c1c,28,2,even,9,4,3d8dbdd7bd94be38
action_dit_adaln_norm1,1c1c,28,3,odd,9,4,3e74be203ecb3eac
action_dit_adaln_norm1,1c1c,28,4,even,9,4,bd2abdd4be123f55
action_dit_adaln_norm1,1c1c,28,5,odd,9,4,3f12bdb5bd5e3e22
action_dit_adaln_norm1,1c1c,28,6,even,9,4,bd943eb8bc783eec
action_dit_adaln_norm1,1c1c,28,7,odd,9,4,bcac3be0beef3ee2
action_dit_adaln_norm1,1c1c,28,8,even,9,4,bda73e703e443ec0
action_dit_adaln_norm1,1c1c,28,9,odd,9,4,3e863d643ec5bece
action_dit_adaln_norm1,1c1c,28,10,even,9,4,3f1abbe03ebc3e5a
action_dit_adaln_norm1,1c1c,28,11,odd,9,4,bc08bd97be703e48
action_dit_adaln_norm1,1c1c,28,12,even,9,4,bb703ceabedebe09
action_dit_adaln_norm1,1c1c,28,13,odd,9,4,bdc23e623e353dbe
action_dit_adaln_norm1,1c1c,28,14,even,9,4,beb13db53da8bdd2
action_dit_adaln_norm1,1c1c,28,15,odd,9,4,bde3bd0cbd833eab
action_dit_adaln_norm1,1c1c,28,0,even,10,4,3df9be1ebf1a3db9
action_dit_adaln_norm1,1c1c,28,1,odd,10,4,bb003df1bde2bdb6
action_dit_adaln_norm1,1c1c,28,2,even,10,4,3d9fbdb83deebdac
action_dit_adaln_norm1,1c1c,28,3,odd,10,4,bcba3be0bd9c3ef3
action_dit_adaln_norm1,1c1c,28,4,even,10,4,3e993d603e8bbde8
action_dit_adaln_norm1,1c1c,28,5,odd,10,4,be0ebe86becc3e90
action_dit_adaln_norm1,1c1c,28,6,even,10,4,3e4cbce83eaa3d5c
action_dit_adaln_norm1,1c1c,28,7,odd,10,4,bdfcbe8b3e323e08
action_dit_adaln_norm1,1c1c,28,8,even,10,4,3ebb3ee2be0f3e3d
action_dit_adaln_norm1,1c1c,28,9,odd,10,4,3e06bd3e3eab3ebe
action_dit_adaln_norm1,1c1c,28,10,even,10,4,be7dbed93b40be5e
action_dit_adaln_norm1,1c1c,28,11,odd,10,4,be0b3ee4be623f0c
action_dit_adaln_norm1,1c1c,28,12,even,10,4,3f2b3ca0beb8be02
action_dit_adaln_norm1,1c1c,28,13,odd,10,4,3e853e483e723da2
action_dit_adaln_norm1,1c1c,28,14,even,10,4,be3a3e4abedd3df8
action_dit_adaln_norm1,1c1c,28,15,odd,10,4,3e393e89bd0e3e4a
action_dit_adaln_norm1,1c1c,28,0,even,11,4,3e3a3dc5bed33db2
action_dit_adaln_norm1,1c1c,28,1,odd,11,4,3e72bf1cbe9b3e25
action_dit_adaln_norm1,1c1c,28,2,even,11,4,3d3cbdf2bdb43e7a
action_dit_adaln_norm1,1c1c,28,3,odd,11,4,bdaebf0ebec9bea2
action_dit_adaln_norm1,1c1c,28,4,even,11,4,3df6bee53be03ce8
action_dit_adaln_norm1,1c1c,28,5,odd,11,4,bea7be543ea83e32
action_dit_adaln_norm1,1c1c,28,6,even,11,4,3c523e1c3db83e1a
action_dit_adaln_norm1,1c1c,28,7,odd,11,4,bc283e8c3d813e76
action_dit_adaln_norm1,1c1c,28,8,even,11,4,3d123e543dc6bd76
action_dit_adaln_norm1,1c1c,28,9,odd,11,4,3d143e4bbd84bf18
action_dit_adaln_norm1,1c1c,28,10,even,11,4,bedd3ed0bf57bd9f
action_dit_adaln_norm1,1c1c,28,11,odd,11,4,3f143ba0be273c40
action_dit_adaln_norm1,1c1c,28,12,even,11,4,bd28bd933cf0be96
action_dit_adaln_norm1,1c1c,28,13,odd,11,4,3f223e7b3f013e5c
action_dit_adaln_norm1,1c1c,28,14,even,11,4,3c9a3f043c80bdc4
action_dit_adaln_norm1,1c1c,28,15,odd,11,4,3cfebf3dbf28becb
action_dit_adaln_norm1,1c1c,28,0,even,12,4,3edd3e59beb53ce0
action_dit_adaln_norm1,1c1c,28,1,odd,12,4,3e9f3d0abf143e54
action_dit_adaln_norm1,1c1c,28,2,even,12,4,beec3f0ebc20bd28
action_dit_adaln_norm1,1c1c,28,3,odd,12,4,beca3ee7bec4bf0e
action_dit_adaln_norm1,1c1c,28,4,even,12,4,3def3db7bf1d3ea8
action_dit_adaln_norm1,1c1c,28,5,odd,12,4,beb73e503c4abe9f
action_dit_adaln_norm1,1c1c,28,6,even,12,4,bf0d3d983cb83ea6
action_dit_adaln_norm1,1c1c,28,7,odd,12,4,be94be853e60bc78
action_dit_adaln_norm1,1c1c,28,8,even,12,4,3f5cbea23e20be80
action_dit_adaln_norm1,1c1c,28,9,odd,12,4,be6cbe123db13e2a
action_dit_adaln_norm1,1c1c,28,10,even,12,4,bcf83f1f3db13ef9
action_dit_adaln_norm1,1c1c,28,11,odd,12,4,3f1c3eb43ee6be3d
action_dit_adaln_norm1,1c1c,28,12,even,12,4,be39be16be4abe9f
action_dit_adaln_norm1,1c1c,28,13,odd,12,4,3ec1be56be98bea8
action_dit_adaln_norm1,1c1c,28,14,even,12,4,3e9d3efbbe9abe30
action_dit_adaln_norm1,1c1c,28,15,odd,12,4,bca9be19be10be34
action_dit_adaln_norm1,1c1c,28,0,even,13,4,bbe0bc9e3e32beb4
action_dit_adaln_norm1,1c1c,28,1,odd,13,4,3dd6bdd2be183e72
action_dit_adaln_norm1,1c1c,28,2,even,13,4,3d723d40be1e3e22
action_dit_adaln_norm1,1c1c,28,3,odd,13,4,bcd03c783ea4bc60
action_dit_adaln_norm1,1c1c,28,4,even,13,4,3daf3eecbe283f47
action_dit_adaln_norm1,1c1c,28,5,odd,13,4,3ec03ec83eac3d7e
action_dit_adaln_norm1,1c1c,28,6,even,13,4,3d5e3eccbe48be6e
action_dit_adaln_norm1,1c1c,28,7,odd,13,4,be3abd89be893e2a
action_dit_adaln_norm1,1c1c,28,8,even,13,4,bd94bdf3be573e69
action_dit_adaln_norm1,1c1c,28,9,odd,13,4,be4ebf1abe723f0e
action_dit_adaln_norm1,1c1c,28,10,even,13,4,3f09be2c3ec63e6b
action_dit_adaln_norm1,1c1c,28,11,odd,13,4,3dbbbdd7bc82bdb2
action_dit_adaln_norm1,1c1c,28,12,even,13,4,beb33e3d3ec23dce
action_dit_adaln_norm1,1c1c,28,13,odd,13,4,bf29bea23e06be16
action_dit_adaln_norm1,1c1c,28,14,even,13,4,3eecbe023ce0be89
action_dit_adaln_norm1,1c1c,28,15,odd,13,4,bd91be51be353e40
action_dit_adaln_norm1,1c1c,28,0,even,14,4,3e6e3f6b3de0be4a
action_dit_adaln_norm1,1c1c,28,1,odd,14,4,be44be6cbe93bce2
action_dit_adaln_norm1,1c1c,28,2,even,14,4,3e01be3cbefebe25
action_dit_adaln_norm1,1c1c,28,3,odd,14,4,be48bea43e22be88
action_dit_adaln_norm1,1c1c,28,4,even,14,4,becabe153e2ebbd8
action_dit_adaln_norm1,1c1c,28,5,odd,14,4,3e193e9cbe2a3ed2
action_dit_adaln_norm1,1c1c,28,6,even,14,4,be46bdda3e913ba0
action_dit_adaln_norm1,1c1c,28,7,odd,14,4,bd583ca03dcabc90
action_dit_adaln_norm1,1c1c,28,8,even,14,4,3ea63e3cbe7c3daa
action_dit_adaln_norm1,1c1c,28,9,odd,14,4,beb83f39bf013e45
action_dit_adaln_norm1,1c1c,28,10,even,14,4,beae3de83e18bf35
action_dit_adaln_norm1,1c1c,28,11,odd,14,4,be703e843ea8be16
action_dit_adaln_norm1,1c1c,28,12,even,14,4,3d04be41bd78be4e
action_dit_adaln_norm1,1c1c,28,13,odd,14,4,3d943dc9be783da0
action_dit_adaln_norm1,1c1c,28,14,even,14,4,bca8be943ed23d6c
action_dit_adaln_norm1,1c1c,28,15,odd,14,4,3ea53e14bf2a3f1a
action_dit_adaln_norm1,1c1c,28,0,even,15,4,bd5abd263f133e86
action_dit_adaln_norm1,1c1c,28,1,odd,15,4,3e49bd04be16be92
action_dit_adaln_norm1,1c1c,28,2,even,15,4,3d903e403cfcbe21
action_dit_adaln_norm1,1c1c,28,3,odd,15,4,3ba0beae3eeebe02
action_dit_adaln_norm1,1c1c,28,4,even,15,4,3ed1bf183efcbeb4
action_dit_adaln_norm1,1c1c,28,5,odd,15,4,bce93ed0bf00bd84
action_dit_adaln_norm1,1c1c,28,6,even,15,4,3e6abd78bdc4be8c
action_dit_adaln_norm1,1c1c,28,7,odd,15,4,bed63e3ebd483dcd
action_dit_adaln_norm1,1c1c,28,8,even,15,4,3e13be2ebe88be20
action_dit_adaln_norm1,1c1c,28,9,odd,15,4,bdb0bde43e2e3e90
action_dit_adaln_norm1,1c1c,28,10,even,15,4,3d92bd203e333e1f
action_dit_adaln_norm1,1c1c,28,11,odd,15,4,bdb53c883e123e07
action_dit_adaln_norm1,1c1c,28,12,even,15,4,3e9f3ea1bd433eb9
action_dit_adaln_norm1,1c1c,28,13,odd,15,4,bd38be043c5ebebf
action_dit_adaln_norm1,1c1c,28,14,even,15,4,3e2dbda33d303ed2
action_dit_adaln_norm1,1c1c,28,15,odd,15,4,be343b80bdb43dd7
action_dit_adaln_norm1,1c1c,28,0,even,16,4,be943e52be1cbe38
action_dit_adaln_norm1,1c1c,28,1,odd,16,4,3e0a3e56bed1bd2c
action_dit_adaln_norm1,1c1c,28,2,even,16,4,3cac3cf1bbd83da1
action_dit_adaln_norm1,1c1c,28,3,odd,16,4,3ebb3ebc3bdc3e4a
action_dit_adaln_norm1,1c1c,28,4,even,16,4,be1f3cb03ecdbcbd
action_dit_adaln_norm1,1c1c,28,5,odd,16,4,3eaf3e4c3ea63e89
action_dit_adaln_norm1,1c1c,28,6,even,16,4,be3e3df9becc3ed4
action_dit_adaln_norm1,1c1c,28,7,odd,16,4,3e89be9d3ddcbe35
action_dit_adaln_norm1,1c1c,28,8,even,16,4,bebfbda1bebebde7
action_dit_adaln_norm1,1c1c,28,9,odd,16,4,bf013cb0bd243e06
action_dit_adaln_norm1,1c1c,28,10,even,16,4,3e6abe7abdbcbea4
action_dit_adaln_norm1,1c1c,28,11,odd,16,4,3de63cebbeac3c5a
action_dit_adaln_norm1,1c1c,28,12,even,16,4,bd78be99be81bf0c
action_dit_adaln_norm1,1c1c,28,13,odd,16,4,3dacbf013f00bdaa
action_dit_adaln_norm1,1c1c,28,14,even,16,4,3e6bbd07bebc3e84
action_dit_adaln_norm1,1c1c,28,15,odd,16,4,bdea3dcc3ece3e27
action_dit_adaln_norm1,1c1c,28,0,even,17,4,3efa3e053db23e32
action_dit_adaln_norm1,1c1c,28,1,odd,17,4,3e1e3eabbe123d80
action_dit_adaln_norm1,1c1c,28,2,even,17,4,3e083d423e7cbeda
action_dit_adaln_norm1,1c1c,28,3,odd,17,4,3e803e03bd943cfc
action_dit_adaln_norm1,1c1c,28,4,even,17,4,3f23be5bbe953ebd
action_dit_adaln_norm1,1c1c,28,5,odd,17,4,3d84be03be9e3dc0
action_dit_adaln_norm1,1c1c,28,6,even,17,4,3e163d943ed2bebe
action_dit_adaln_norm1,1c1c,28,7,odd,17,4,3eac3dccbddcbe05
action_dit_adaln_norm1,1c1c,28,8,even,17,4,3f223dd13e87be9a
action_dit_adaln_norm1,1c1c,28,9,odd,17,4,bee2bd1cbde3bc98
action_dit_adaln_norm1,1c1c,28,10,even,17,4,bf10bd6fbd6a3dbe
action_dit_adaln_norm1,1c1c,28,11,odd,17,4,3dc83e623e45bc5e
action_dit_adaln_norm1,1c1c,28,12,even,17,4,3e94befabec23f30
action_dit_adaln_norm1,1c1c,28,13,odd,17,4,3f3e3d50be2dbd92
action_dit_adaln_norm1,1c1c,28,14,even,17,4,be8abbdcbcc13d76
action_dit_adaln_norm1,1c1c,28,15,odd,17,4,bbd0bed03db43e8d
action_dit_adaln_norm1,1c1c,28,0,even,18,4,3e2dbe64bdf2be23
action_dit_adaln_norm1,1c1c,28,1,odd,18,4,3e7e3e5c3d763de7
action_dit_adaln_norm1,1c1c,28,2,even,18,4,3d69beffbe263f1e
action_dit_adaln_norm1,1c1c,28,3,odd,18,4,bd54be66becb3e82
action_dit_adaln_norm1,1c1c,28,4,even,18,4,3e70bd04be933dba
action_dit_adaln_norm1,1c1c,28,5,odd,18,4,be5fbe3a3a00bdbd
action_dit_adaln_norm1,1c1c,28,6,even,18,4,3e8f3edc3e5ebd89
action_dit_adaln_norm1,1c1c,28,7,odd,18,4,3edabeb73c283efc
action_dit_adaln_norm1,1c1c,28,8,even,18,4,bdcdbecc3d783e56
action_dit_adaln_norm1,1c1c,28,9,odd,18,4,be463eea3db63eb4
action_dit_adaln_norm1,1c1c,28,10,even,18,4,be003eaf3e1c3dbc
action_dit_adaln_norm1,1c1c,28,11,odd,18,4,3da03f243ddcbc80
action_dit_adaln_norm1,1c1c,28,12,even,18,4,be5c3f31bea93de9
action_dit_adaln_norm1,1c1c,28,13,odd,18,4,3ded3ea6bec13e88
action_dit_adaln_norm1,1c1c,28,14,even,18,4,3e753d97bedcbdd2
action_dit_adaln_norm1,1c1c,28,15,odd,18,4,bb50ba80bd1bbe5b
action_dit_adaln_norm1,1c1c,28,0,even,19,4,3c00bcc03e1abe07
action_dit_adaln_norm1,1c1c,28,1,odd,19,4,3eeebda73ed83f10
action_dit_adaln_norm1,1c1c,28,2,even,19,4,3d583f1ebe523d94
action_dit_adaln_norm1,1c1c,28,3,odd,19,4,3ec63e9abe573eb2
action_dit_adaln_norm1,1c1c,28,4,even,19,4,3e7ebf06bf523dac
action_dit_adaln_norm1,1c1c,28,5,odd,19,4,3e3d3e52be2abd49
action_dit_adaln_norm1,1c1c,28,6,even,19,4,3e8ebce0be9f3e2a
action_dit_adaln_norm1,1c1c,28,7,odd,19,4,3f3e3d4e3dc33f27
action_dit_adaln_norm1,1c1c,28,8,even,19,4,bef43ed3be82be95
action_dit_adaln_norm1,1c1c,28,9,odd,19,4,3efb3da03e8abf26
action_dit_adaln_norm1,1c1c,28,10,even,19,4,bcc0be5ebd1d3f09
action_dit_adaln_norm1,1c1c,28,11,odd,19,4,be163e143e173eda
action_dit_adaln_norm1,1c1c,28,12,even,19,4,be4dbd983cd83d58
action_dit_adaln_norm1,1c1c,28,13,odd,19,4,bdc2bde53f5cbdb6
action_dit_adaln_norm1,1c1c,28,14,even,19,4,be3b3e2c3d8ebe47
action_dit_adaln_norm1,1c1c,28,15,odd,19,4,bdb0bd8b3eb73eba
action_dit_adaln_norm1,1c1c,28,0,even,20,4,bd14be00bee33ec3
action_dit_adaln_norm1,1c1c,28,1,odd,20,4,3e503e9dbea63e18
action_dit_adaln_norm1,1c1c,28,2,even,20,4,3eeabe903dfb3e81
action_dit_adaln_norm1,1c1c,28,3,odd,20,4,bd1abdc33b00bd5c
action_dit_adaln_norm1,1c1c,28,4,even,20,4,3c70bea83f23bdc8
action_dit_adaln_norm1,1c1c,28,5,odd,20,4,bcf93edcbe503c40
action_dit_adaln_norm1,1c1c,28,6,even,20,4,bed2bedb3f203e5e
action_dit_adaln_norm1,1c1c,28,7,odd,20,4,be9abe5e3e2ebe00
action_dit_adaln_norm1,1c1c,28,8,even,20,4,3efc3e6bbe923df3
action_dit_adaln_norm1,1c1c,28,9,odd,20,4,be4cbe94bed53c80
action_dit_adaln_norm1,1c1c,28,10,even,20,4,be51be073f083de6
action_dit_adaln_norm1,1c1c,28,11,odd,20,4,be6c3e49bc80bd38
action_dit_adaln_norm1,1c1c,28,12,even,20,4,3e60bdb03ece3edc
action_dit_adaln_norm1,1c1c,28,13,odd,20,4,be57bd82bd1cbe6b
action_dit_adaln_norm1,1c1c,28,14,even,20,4,3e87bd4c3ddc3eba
action_dit_adaln_norm1,1c1c,28,15,odd,20,4,bf53be4f3ee63e99
action_dit_adaln_norm1,1c1c,28,0,even,21,4,3dffbef63e11bded
action_dit_adaln_norm1,1c1c,28,1,odd,21,4,be03bec73e9c3dd0
action_dit_adaln_norm1,1c1c,28,2,even,21,4,bdfabd373e183f3b
action_dit_adaln_norm1,1c1c,28,3,odd,21,4,3ecf3ddabeb8be87
action_dit_adaln_norm1,1c1c,28,4,even,21,4,3d143ca03d60be3c
action_dit_adaln_norm1,1c1c,28,5,odd,21,4,be853e87bc09befd
action_dit_adaln_norm1,1c1c,28,6,even,21,4,3d763ce0bdd73d98
action_dit_adaln_norm1,1c1c,28,7,odd,21,4,bdd9bdae3e8cbe92
action_dit_adaln_norm1,1c1c,28,8,even,21,4,3d803e4b3e17be9f
action_dit_adaln_norm1,1c1c,28,9,odd,21,4,be2ebcf0bdedbf16
action_dit_adaln_norm1,1c1c,28,10,even,21,4,3f193de0bf08be8d
action_dit_adaln_norm1,1c1c,28,11,odd,21,4,3eaa3f4a3e273d3d
action_dit_adaln_norm1,1c1c,28,12,even,21,4,be393cf13d96bd4f
action_dit_adaln_norm1,1c1c,28,13,odd,21,4,be913db3beabbe07
action_dit_adaln_norm1,1c1c,28,14,even,21,4,bc90bdb63e7b3e92
action_dit_adaln_norm1,1c1c,28,15,odd,21,4,3f1e3e933f46be7a
action_dit_adaln_norm1,1c1c,28,0,even,22,4,3c783e6dbea33f30
action_dit_adaln_norm1,1c1c,28,1,odd,22,4,beabbd70be09bd0c
action_dit_adaln_norm1,1c1c,28,2,even,22,4,be7abd9e3b003f04
action_dit_adaln_norm1,1c1c,28,3,odd,22,4,be38be5c3f053c80
action_dit_adaln_norm1,1c1c,28,4,even,22,4,bdc83e733e94bd46
action_dit_adaln_norm1,1c1c,28,5,odd,22,4,3e8fbde8be30bdcc
action_dit_adaln_norm1,1c1c,28,6,even,22,4,3e9f3c803d703eae
action_dit_adaln_norm1,1c1c,28,7,odd,22,4,bdde3ed63e1f3d52
action_dit_adaln_norm1,1c1c,28,8,even,22,4,3d8bbe7fbe83be34
action_dit_adaln_norm1,1c1c,28,9,odd,22,4,be30bc50be4e3e5e
action_dit_adaln_norm1,1c1c,28,10,even,22,4,beb8beb43e20bd86
action_dit_adaln_norm1,1c1c,28,11,odd,22,4,be023e593e473db0
action_dit_adaln_norm1,1c1c,28,12,even,22,4,3b203ee03e003b88
action_dit_adaln_norm1,1c1c,28,13,odd,22,4,be36bd673d203e9c
action_dit_adaln_norm1,1c1c,28,14,even,22,4,becabd1e3e8e3db5
action_dit_adaln_norm1,1c1c,28,15,odd,22,4,3e02be12bec8be97
action_dit_adaln_norm1,1c1c,28,0,even,23,4,3ebb3eadbde03dc0
action_dit_adaln_norm1,1c1c,28,1,odd,23,4,3ea23e17beb23d9e
action_dit_adaln_norm1,1c1c,28,2,even,23,4,be843eac3e84bebc
action_dit_adaln_norm1,1c1c,28,3,odd,23,4,bf0ebf04be8cbd00
action_dit_adaln_norm1,1c1c,28,4,even,23,4,be953e063e11bea4
action_dit_adaln_norm1,1c1c,28,5,odd,23,4,3d603dec3e0cbe5e
action_dit_adaln_norm1,1c1c,28,6,even,23,4,3d40bea8bee43d10
action_dit_adaln_norm1,1c1c,28,7,odd,23,4,3e813eac3d29bea5
action_dit_adaln_norm1,1c1c,28,8,even,23,4,be313e36be503e98
action_dit_adaln_norm1,1c1c,28,9,odd,23,4,bee33edcbd38be8c
action_dit_adaln_norm1,1c1c,28,10,even,23,4,3f2cbd313e5c3d91
action_dit_adaln_norm1,1c1c,28,11,odd,23,4,bd963e84beacbf03
action_dit_adaln_norm1,1c1c,28,12,even,23,4,bc803e5ebe95bec6
action_dit_adaln_norm1,1c1c,28,13,odd,23,4,bedd3eeebd2ebdc8
action_dit_adaln_norm1,1c1c,28,14,even,23,4,3e9cbc40bc8c3f10
action_dit_adaln_norm1,1c1c,28,15,odd,23,4,3b703e1ebe893ce0
action_dit_adaln_norm1,1c1d,29,0,even,0,4,3ee8bc04be2fbc98
action_dit_adaln_norm1,1c1d,29,1,odd,0,4,3d503ea03ec83e8c
action_dit_adaln_norm1,1c1d,29,2,even,0,4,bde13bdc3e113ea4
action_dit_adaln_norm1,1c1d,29,3,odd,0,4,3dd8becd3d323f16
action_dit_adaln_norm1,1c1d,29,4,even,0,4,bf28be353d09be14
action_dit_adaln_norm1,1c1d,29,5,odd,0,4,3dc63e51be293f1a
action_dit_adaln_norm1,1c1d,29,6,even,0,4,3e7fbed0be893f51
action_dit_adaln_norm1,1c1d,29,7,odd,0,4,3e913ef2bdfa3d74
action_dit_adaln_norm1,1c1d,29,8,even,0,4,bdb0bd723dda3e46
action_dit_adaln_norm1,1c1d,29,9,odd,0,4,bd743e8a3f46be42
action_dit_adaln_norm1,1c1d,29,10,even,0,4,be363e4fbd85bea6
action_dit_adaln_norm1,1c1d,29,11,odd,0,4,3ecd3e8f3e12bd40
action_dit_adaln_norm1,1c1d,29,12,even,0,4,beb5bde8bd9cbe8c
action_dit_adaln_norm1,1c1d,29,13,odd,0,4,bd983e9ebf24bd10
action_dit_adaln_norm1,1c1d,29,14,even,0,4,bf5ebea6be763ec1
action_dit_adaln_norm1,1c1d,29,15,odd,0,4,bda4be0fbe80be11
action_dit_adaln_norm1,1c1d,29,0,even,1,4,be40bd583df0be0e
action_dit_adaln_norm1,1c1d,29,1,odd,1,4,bf38be103d4e3d48
action_dit_adaln_norm1,1c1d,29,2,even,1,4,bdd33e86be553be8
action_dit_adaln_norm1,1c1d,29,3,odd,1,4,be30be8ebf4f3c6e
action_dit_adaln_norm1,1c1d,29,4,even,1,4,be4ebdebbc88be9e
action_dit_adaln_norm1,1c1d,29,5,odd,1,4,3ee6beb7bde1becb
action_dit_adaln_norm1,1c1d,29,6,even,1,4,3e8dbf2c3e36be1e
action_dit_adaln_norm1,1c1d,29,7,odd,1,4,3e2abd54bf31bf1d
action_dit_adaln_norm1,1c1d,29,8,even,1,4,3e013ec63e7cbe0e
action_dit_adaln_norm1,1c1d,29,9,odd,1,4,3cc83cec3dbe3eaa
action_dit_adaln_norm1,1c1d,29,10,even,1,4,3e61be20be82bd11
action_dit_adaln_norm1,1c1d,29,11,odd,1,4,beed3e80bd68bdb3
action_dit_adaln_norm1,1c1d,29,12,even,1,4,3e14be9cbee8bf25
action_dit_adaln_norm1,1c1d,29,13,odd,1,4,bf153e403e903d41
action_dit_adaln_norm1,1c1d,29,14,even,1,4,be4cbe5cbe91beed
action_dit_adaln_norm1,1c1d,29,15,odd,1,4,be77bd08beb8bc1c
action_dit_adaln_norm1,1c1d,29,0,even,2,4,3c683e80be96be71
action_dit_adaln_norm1,1c1d,29,1,odd,2,4,bea6be84be993e41
action_dit_adaln_norm1,1c1d,29,2,even,2,4,3edc3cc4bef8bdfc
action_dit_adaln_norm1,1c1d,29,3,odd,2,4,be903e45bd943eea
action_dit_adaln_norm1,1c1d,29,4,even,2,4,3e523d1bbe033ec0
action_dit_adaln_norm1,1c1d,29,5,odd,2,4,3d08bf073de63ea1
action_dit_adaln_norm1,1c1d,29,6,even,2,4,be7fbea23de43d9e
action_dit_adaln_norm1,1c1d,29,7,odd,2,4,3b00be8abe9e3eca
action_dit_adaln_norm1,1c1d,29,8,even,2,4,3d94beb0be8c3e9d
action_dit_adaln_norm1,1c1d,29,9,odd,2,4,be533e033da43e7e
action_dit_adaln_norm1,1c1d,29,10,even,2,4,bebcbd0a3da7be9e
action_dit_adaln_norm1,1c1d,29,11,odd,2,4,be18beb9bdce3e0a
action_dit_adaln_norm1,1c1d,29,12,even,2,4,be563dd6be36bd7c
action_dit_adaln_norm1,1c1d,29,13,odd,2,4,bdf5bec2be843e1c
action_dit_adaln_norm1,1c1d,29,14,even,2,4,3da03edebe57beb3
action_dit_adaln_norm1,1c1d,29,15,odd,2,4,bec2be1f3e9d3e47
action_dit_adaln_norm1,1c1d,29,0,even,3,4,3e663ed13dbcbe3d
action_dit_adaln_norm1,1c1d,29,1,odd,3,4,3ea8bba03e903e04
action_dit_adaln_norm1,1c1d,29,2,even,3,4,3d9c3e103c90beea
action_dit_adaln_norm1,1c1d,29,3,odd,3,4,be913ec43e50bec4
action_dit_adaln_norm1,1c1d,29,4,even,3,4,be15bd333e283e50
action_dit_adaln_norm1,1c1d,29,5,odd,3,4,bdb83ee73e86be53
action_dit_adaln_norm1,1c1d,29,6,even,3,4,bd50be0c3c983dc4
action_dit_adaln_norm1,1c1d,29,7,odd,3,4,3ca13eb63eb03f0e
action_dit_adaln_norm1,1c1d,29,8,even,3,4,bcaabeeebe50be55
action_dit_adaln_norm1,1c1d,29,9,odd,3,4,be0ebf03bd3b3dd4
action_dit_adaln_norm1,1c1d,29,10,even,3,4,3e14be4fbe0a3ec0
action_dit_adaln_norm1,1c1d,29,11,odd,3,4,beb3bc903e84be1f
action_dit_adaln_norm1,1c1d,29,12,even,3,4,be603d57bde43d94
action_dit_adaln_norm1,1c1d,29,13,odd,3,4,be253d583e06be95
action_dit_adaln_norm1,1c1d,29,14,even,3,4,3e10bb1e3f183ca4
action_dit_adaln_norm1,1c1d,29,15,odd,3,4,bdaebdf9be08bea5
action_dit_adaln_norm1,1c1d,29,0,even,4,4,be12bbe03f01bdb0
action_dit_adaln_norm1,1c1d,29,1,odd,4,4,3dd73ed03e0abe33
action_dit_adaln_norm1,1c1d,29,2,even,4,4,bec03ebabe4bbe78
action_dit_adaln_norm1,1c1d,29,3,odd,4,4,3f2d3d0d3d323ec6
action_dit_adaln_norm1,1c1d,29,4,even,4,4,3e56be4c3f02bd84
action_dit_adaln_norm1,1c1d,29,5,odd,4,4,be833d713eb9bec6
action_dit_adaln_norm1,1c1d,29,6,even,4,4,be1cbe5fbdafbeea
action_dit_adaln_norm1,1c1d,29,7,odd,4,4,bed8be38be18bbd0
action_dit_adaln_norm1,1c1d,29,8,even,4,4,3d28be26bf203d36
action_dit_adaln_norm1,1c1d,29,9,odd,4,4,bea0be16bd20be98
action_dit_adaln_norm1,1c1d,29,10,even,4,4,3eee3dbdbe78be86
action_dit_adaln_norm1,1c1d,29,11,odd,4,4,bcdc3eb7bf2c3eb9
action_dit_adaln_norm1,1c1d,29,12,even,4,4,3eca3db03d37be92
action_dit_adaln_norm1,1c1d,29,13,odd,4,4,bcb03e773e4bbe02
action_dit_adaln_norm1,1c1d,29,14,even,4,4,bf183c70bbc03dd8
action_dit_adaln_norm1,1c1d,29,15,odd,4,4,3e313e02bdbbbf1a
action_dit_adaln_norm1,1c1d,29,0,even,5,4,be06bf093defbd5c
action_dit_adaln_norm1,1c1d,29,1,odd,5,4,3e6cbd6a3ea5be90
action_dit_adaln_norm1,1c1d,29,2,even,5,4,3ce8bd0c3ebc3e2c
action_dit_adaln_norm1,1c1d,29,3,odd,5,4,be0abd78be02be33
action_dit_adaln_norm1,1c1d,29,4,even,5,4,bc64bd8b3df4bea0
action_dit_adaln_norm1,1c1d,29,5,odd,5,4,bd9ebd763d283e5a
action_dit_adaln_norm1,1c1d,29,6,even,5,4,bbb8be783e6abed5
action_dit_adaln_norm1,1c1d,29,7,odd,5,4,3e553ec4beee3d28
action_dit_adaln_norm1,1c1d,29,8,even,5,4,3f223e22be443d00
action_dit_adaln_norm1,1c1d,29,9,odd,5,4,3ea4bebb3e9ebe88
action_dit_adaln_norm1,1c1d,29,10,even,5,4,3c40bba03e45be56
action_dit_adaln_norm1,1c1d,29,11,odd,5,4,3e3fbd14be823e1e
action_dit_adaln_norm1,1c1d,29,12,even,5,4,3c8ebe663e793eff
action_dit_adaln_norm1,1c1d,29,13,odd,5,4,bf233e5a3e343f12
action_dit_adaln_norm1,1c1d,29,14,even,5,4,3de0bf21be673cc8
action_dit_adaln_norm1,1c1d,29,15,odd,5,4,3f05bd18bf01bd0c
action_dit_adaln_norm1,1c1d,29,0,even,6,4,beb5bf1c3e393f3e
action_dit_adaln_norm1,1c1d,29,1,odd,6,4,bc603e823de0befb
action_dit_adaln_norm1,1c1d,29,2,even,6,4,3dda3de03d243ed2
action_dit_adaln_norm1,1c1d,29,3,odd,6,4,bd2a3de5be81beae
action_dit_adaln_norm1,1c1d,29,4,even,6,4,bde63d47bceabe29
action_dit_adaln_norm1,1c1d,29,5,odd,6,4,bed23f20be5cbcfe
action_dit_adaln_norm1,1c1d,29,6,even,6,4,be8d3e20beb9be72
action_dit_adaln_norm1,1c1d,29,7,odd,6,4,be2ebe2e3e4d3d76
action_dit_adaln_norm1,1c1d,29,8,even,6,4,beaf3e183edb3e98
action_dit_adaln_norm1,1c1d,29,9,odd,6,4,bedabe6abdd2bf0b
action_dit_adaln_norm1,1c1d,29,10,even,6,4,3e90bea9beb93c50
action_dit_adaln_norm1,1c1d,29,11,odd,6,4,3ed2be003de8be46
action_dit_adaln_norm1,1c1d,29,12,even,6,4,3ead3f063dfa3def
action_dit_adaln_norm1,1c1d,29,13,odd,6,4,beacbed33e933e3b
action_dit_adaln_norm1,1c1d,29,14,even,6,4,3d64bea43eca3bb0
action_dit_adaln_norm1,1c1d,29,15,odd,6,4,3e95bea0bee63d1c
action_dit_adaln_norm1,1c1d,29,0,even,7,4,3d6e3dc03d923eb9
action_dit_adaln_norm1,1c1d,29,1,odd,7,4,bec3be92be8abd68
action_dit_adaln_norm1,1c1d,29,2,even,7,4,bd663d8c3d74be2e
action_dit_adaln_norm1,1c1d,29,3,odd,7,4,3d28bf2b3e103e30
action_dit_adaln_norm1,1c1d,29,4,even,7,4,3dd7be94bf12be0c
action_dit_adaln_norm1,1c1d,29,5,odd,7,4,bdccbef1bdfabe8e
action_dit_adaln_norm1,1c1d,29,6,even,7,4,be12bdb6be4f3e4a
action_dit_adaln_norm1,1c1d,29,7,odd,7,4,be62bed4bd82bc60
action_dit_adaln_norm1,1c1d,29,8,even,7,4,3dd63dd93d783ed0
action_dit_adaln_norm1,1c1d,29,9,odd,7,4,bda63d113e08bdd9
action_dit_adaln_norm1,1c1d,29,10,even,7,4,3dd63dba3f4c3f04
action_dit_adaln_norm1,1c1d,29,11,odd,7,4,3c08beb6be313eaa
action_dit_adaln_norm1,1c1d,29,12,even,7,4,be963ecfbca03d9c
action_dit_adaln_norm1,1c1d,29,13,odd,7,4,3f1cbddcbea0bea4
action_dit_adaln_norm1,1c1d,29,14,even,7,4,3daabea2bd89bc80
action_dit_adaln_norm1,1c1d,29,15,odd,7,4,beacbddcbe48bec6
action_dit_adaln_norm1,1c1d,29,0,even,8,4,bda43daf3ee93ddc
action_dit_adaln_norm1,1c1d,29,1,odd,8,4,bddcbf18bcd03de0
action_dit_adaln_norm1,1c1d,29,2,even,8,4,3dc9beac3e0a3d20
action_dit_adaln_norm1,1c1d,29,3,odd,8,4,be48bedfbf4b3ed2
action_dit_adaln_norm1,1c1d,29,4,even,8,4,3f0ebf143d34bf3e
action_dit_adaln_norm1,1c1d,29,5,odd,8,4,bd16be60bebcbe03
action_dit_adaln_norm1,1c1d,29,6,even,8,4,bdbd3d803df4be9c
action_dit_adaln_norm1,1c1d,29,7,odd,8,4,3eb83e02be80bee0
action_dit_adaln_norm1,1c1d,29,8,even,8,4,3eaa3f34bea1beb2
action_dit_adaln_norm1,1c1d,29,9,odd,8,4,3e05bce8be423e06
action_dit_adaln_norm1,1c1d,29,10,even,8,4,bcb4bdeebee2be22
action_dit_adaln_norm1,1c1d,29,11,odd,8,4,be883e6ebe0ebf1a
action_dit_adaln_norm1,1c1d,29,12,even,8,4,bdba3d653ec0bb80
action_dit_adaln_norm1,1c1d,29,13,odd,8,4,bd863eb33f0f3d10
action_dit_adaln_norm1,1c1d,29,14,even,8,4,3de03f1ebf0c3e2c
action_dit_adaln_norm1,1c1d,29,15,odd,8,4,bd80bf3cbdaebdab
action_dit_adaln_norm1,1c1d,29,0,even,9,4,3d5c3e4c3f14be6d
action_dit_adaln_norm1,1c1d,29,1,odd,9,4,3e903f19bef83e8b
action_dit_adaln_norm1,1c1d,29,2,even,9,4,3ea3be11bdb7be02
action_dit_adaln_norm1,1c1d,29,3,odd,9,4,3f0fbc583f123f01
action_dit_adaln_norm1,1c1d,29,4,even,9,4,3e44be16be763f82
action_dit_adaln_norm1,1c1d,29,5,odd,9,4,3f04bc50bd923dda
action_dit_adaln_norm1,1c1d,29,6,even,9,4,bbf03e85be0b3f05
action_dit_adaln_norm1,1c1d,29,7,odd,9,4,3dae3ca0beba3f21
action_dit_adaln_norm1,1c1d,29,8,even,9,4,be503e183dae3ed2
action_dit_adaln_norm1,1c1d,29,9,odd,9,4,3dd53eb43e5dbf0b
action_dit_adaln_norm1,1c1d,29,10,even,9,4,3ed6be3c3eb23ebe
action_dit_adaln_norm1,1c1d,29,11,odd,9,4,3da5bdacbe0d3e75
action_dit_adaln_norm1,1c1d,29,12,even,9,4,bdde3dc1beacbd15
action_dit_adaln_norm1,1c1d,29,13,odd,9,4,3ce83e1e3e8d3e5d
action_dit_adaln_norm1,1c1d,29,14,even,9,4,bedf3eba3d303e03
action_dit_adaln_norm1,1c1d,29,15,odd,9,4,be06be3cbe093eb6
action_dit_adaln_norm1,1c1d,29,0,even,10,4,3e0a3e68bf183d20
action_dit_adaln_norm1,1c1d,29,1,odd,10,4,bd883e223a00bda2
action_dit_adaln_norm1,1c1d,29,2,even,10,4,3d5abe033d04bdc2
action_dit_adaln_norm1,1c1d,29,3,odd,10,4,bdaebd8f3d683e87
action_dit_adaln_norm1,1c1d,29,4,even,10,4,3eb23e623e55bf25
action_dit_adaln_norm1,1c1d,29,5,odd,10,4,3d94bc70be333e30
action_dit_adaln_norm1,1c1d,29,6,even,10,4,3e9dbc403edabb70
action_dit_adaln_norm1,1c1d,29,7,odd,10,4,be83be6a3d1a3bb8
action_dit_adaln_norm1,1c1d,29,8,even,10,4,3e263ed6be7bbcf0
action_dit_adaln_norm1,1c1d,29,9,odd,10,4,3e323e2e3ec63e9e
action_dit_adaln_norm1,1c1d,29,10,even,10,4,be82beccbe12be23
action_dit_adaln_norm1,1c1d,29,11,odd,10,4,be4f3f12be2d3e9f
action_dit_adaln_norm1,1c1d,29,12,even,10,4,3ef53df8be97bc50
action_dit_adaln_norm1,1c1d,29,13,odd,10,4,3ea43d5a3eed3dd8
action_dit_adaln_norm1,1c1d,29,14,even,10,4,bd863d7cbf193e88
action_dit_adaln_norm1,1c1d,29,15,odd,10,4,3df23ec13e073e6c
action_dit_adaln_norm1,1c1d,29,0,even,11,4,3e053d1cbee23e59
action_dit_adaln_norm1,1c1d,29,1,odd,11,4,3df6bf10be8f3e2f
action_dit_adaln_norm1,1c1d,29,2,even,11,4,3e92beb2bea23e4e
action_dit_adaln_norm1,1c1d,29,3,odd,11,4,bdccbef2be87bedc
action_dit_adaln_norm1,1c1d,29,4,even,11,4,3de2bed7be443a80
action_dit_adaln_norm1,1c1d,29,5,odd,11,4,be2fbe893e9d3e0e
action_dit_adaln_norm1,1c1d,29,6,even,11,4,bd0a3db53e823eb0
action_dit_adaln_norm1,1c1d,29,7,odd,11,4,3d3c3dccbdd73e24
action_dit_adaln_norm1,1c1d,29,8,even,11,4,3d5a3d0fbdc9bd19
action_dit_adaln_norm1,1c1d,29,9,odd,11,4,bdf53e613deebf41
action_dit_adaln_norm1,1c1d,29,10,even,11,4,bf1b3f0dbf0cbe90
action_dit_adaln_norm1,1c1d,29,11,odd,11,4,3f12bd20bd843ca0
action_dit_adaln_norm1,1c1d,29,12,even,11,4,3e573dc23d68be20
action_dit_adaln_norm1,1c1d,29,13,odd,11,4,3f3e3eb73f1c3e5b
action_dit_adaln_norm1,1c1d,29,14,even,11,4,3da43e8c3ddbbe00
action_dit_adaln_norm1,1c1d,29,15,odd,11,4,bc10bf0abf1abed2
action_dit_adaln_norm1,1c1d,29,0,even,12,4,3de63deebe96bbd4
action_dit_adaln_norm1,1c1d,29,1,odd,12,4,3e1ebd22beb43e7d
action_dit_adaln_norm1,1c1d,29,2,even,12,4,bea03ef03de0bd4c
action_dit_adaln_norm1,1c1d,29,3,odd,12,4,bf0b3e0bbe13bf2e
action_dit_adaln_norm1,1c1d,29,4,even,12,4,bd76bddabf143ed8
action_dit_adaln_norm1,1c1d,29,5,odd,12,4,befa3e9b3ea4bed9
action_dit_adaln_norm1,1c1d,29,6,even,12,4,bed23c203e473daa
action_dit_adaln_norm1,1c1d,29,7,odd,12,4,be5bbe953d9c3dce
action_dit_adaln_norm1,1c1d,29,8,even,12,4,3f2cbe2f3e4fbe3a
action_dit_adaln_norm1,1c1d,29,9,odd,12,4,befc3d44bd1c3d97
action_dit_adaln_norm1,1c1d,29,10,even,12,4,3dc03eccbd493f27
action_dit_adaln_norm1,1c1d,29,11,odd,12,4,3eea3eba3ea5beae
action_dit_adaln_norm1,1c1d,29,12,even,12,4,bd78be3cbe61be9c
action_dit_adaln_norm1,1c1d,29,13,odd,12,4,3e8cbe2bbe5ebe46
action_dit_adaln_norm1,1c1d,29,14,even,12,4,3e8a3f44be46bea3
action_dit_adaln_norm1,1c1d,29,15,odd,12,4,bdd6bcecbe6abe52
action_dit_adaln_norm1,1c1d,29,0,even,13,4,be04bd693eabbf12
action_dit_adaln_norm1,1c1d,29,1,odd,13,4,be1fbd5cbce03e74
action_dit_adaln_norm1,1c1d,29,2,even,13,4,3e033e1bbc3c3dfd
action_dit_adaln_norm1,1c1d,29,3,odd,13,4,3e8abbea3ea7be20
action_dit_adaln_norm1,1c1d,29,4,even,13,4,3d6f3f15be503f42
action_dit_adaln_norm1,1c1d,29,5,odd,13,4,3f223e893ed43e22
action_dit_adaln_norm1,1c1d,29,6,even,13,4,be603ed2bebbbe87
action_dit_adaln_norm1,1c1d,29,7,odd,13,4,be66bd83bece3db5
action_dit_adaln_norm1,1c1d,29,8,even,13,4,bdc0bdb4be54bdeb
action_dit_adaln_norm1,1c1d,29,9,odd,13,4,be83bf2abd483eaa
action_dit_adaln_norm1,1c1d,29,10,even,13,4,3ed7be7a3e983dc6
action_dit_adaln_norm1,1c1d,29,11,odd,13,4,3dbabec13e4e3c02
action_dit_adaln_norm1,1c1d,29,12,even,13,4,bd7cbc703e373d08
action_dit_adaln_norm1,1c1d,29,13,odd,13,4,bf40be913e06bdf5
action_dit_adaln_norm1,1c1d,29,14,even,13,4,3eeabc7a3e17be75
action_dit_adaln_norm1,1c1d,29,15,odd,13,4,3d14bde7be823ece
action_dit_adaln_norm1,1c1d,29,0,even,14,4,3e323f4a3da4bd04
action_dit_adaln_norm1,1c1d,29,1,odd,14,4,be06be4cbeb83d17
action_dit_adaln_norm1,1c1d,29,2,even,14,4,bdf33d1abf32be9a
action_dit_adaln_norm1,1c1d,29,3,odd,14,4,be10bea0bd59be79
action_dit_adaln_norm1,1c1d,29,4,even,14,4,beb0bd233d903de4
action_dit_adaln_norm1,1c1d,29,5,odd,14,4,bda13e2cbec33e32
action_dit_adaln_norm1,1c1d,29,6,even,14,4,be78be323d76bb00
action_dit_adaln_norm1,1c1d,29,7,odd,14,4,bcd03e673e793dea
action_dit_adaln_norm1,1c1d,29,8,even,14,4,3e9e3e7cbe7a3e84
action_dit_adaln_norm1,1c1d,29,9,odd,14,4,bebc3f14bf123c70
action_dit_adaln_norm1,1c1d,29,10,even,14,4,beb4bcecbe2abed0
action_dit_adaln_norm1,1c1d,29,11,odd,14,4,bdb4bbc03e81be88
action_dit_adaln_norm1,1c1d,29,12,even,14,4,3c00be88bddebe91
action_dit_adaln_norm1,1c1d,29,13,odd,14,4,3e603e02be68bc00
action_dit_adaln_norm1,1c1d,29,14,even,14,4,bd0bbe3e3ef43e34
action_dit_adaln_norm1,1c1d,29,15,odd,14,4,3ea03e98bf343efa
action_dit_adaln_norm1,1c1d,29,0,even,15,4,bd523e333f113dce
action_dit_adaln_norm1,1c1d,29,1,odd,15,4,3e91be873c60be9a
action_dit_adaln_norm1,1c1d,29,2,even,15,4,bd953d6ebd783de8
action_dit_adaln_norm1,1c1d,29,3,odd,15,4,3e91be823e48bc96
action_dit_adaln_norm1,1c1d,29,4,even,15,4,3e81beee3ee43d97
action_dit_adaln_norm1,1c1d,29,5,odd,15,4,bd823ec7be97bdf1
action_dit_adaln_norm1,1c1d,29,6,even,15,4,3e10bd88bc28bea8
action_dit_adaln_norm1,1c1d,29,7,odd,15,4,bd8cbe4cbdfe3d8e
action_dit_adaln_norm1,1c1d,29,8,even,15,4,3e4c3db4be46bd10
action_dit_adaln_norm1,1c1d,29,9,odd,15,4,bd62bd8d3e383ea4
action_dit_adaln_norm1,1c1d,29,10,even,15,4,3e0d3e2a3df93ea9
action_dit_adaln_norm1,1c1d,29,11,odd,15,4,bd7e3e393df63f00
action_dit_adaln_norm1,1c1d,29,12,even,15,4,3e9f3f02be3e3f15
action_dit_adaln_norm1,1c1d,29,13,odd,15,4,bc20be3abe91be4e
action_dit_adaln_norm1,1c1d,29,14,even,15,4,3cb03d91be7c3f0f
action_dit_adaln_norm1,1c1d,29,15,odd,15,4,be28be743defbc80
action_dit_adaln_norm1,1c1d,29,0,even,16,4,bebc3ea5bec0be2c
action_dit_adaln_norm1,1c1d,29,1,odd,16,4,3e433ed1beb43b40
action_dit_adaln_norm1,1c1d,29,2,even,16,4,3cac3dc8bcb0bd46
action_dit_adaln_norm1,1c1d,29,3,odd,16,4,3ea83e303eaf3e38
action_dit_adaln_norm1,1c1d,29,4,even,16,4,bec93dd83eae3e48
action_dit_adaln_norm1,1c1d,29,5,odd,16,4,3dda3e543e2f3dfd
action_dit_adaln_norm1,1c1d,29,6,even,16,4,bd883ec5be8f3eb1
action_dit_adaln_norm1,1c1d,29,7,odd,16,4,3dbfbed23e283c10
action_dit_adaln_norm1,1c1d,29,8,even,16,4,bf47bd9dbee63e01
action_dit_adaln_norm1,1c1d,29,9,odd,16,4,bf02be3b3e203eb8
action_dit_adaln_norm1,1c1d,29,10,even,16,4,3f22be363c96be88
action_dit_adaln_norm1,1c1d,29,11,odd,16,4,3e833e3ebeacbda0
action_dit_adaln_norm1,1c1d,29,12,even,16,4,bdbcbdfabea0be5c
action_dit_adaln_norm1,1c1d,29,13,odd,16,4,3e9abee43ee7bc50
action_dit_adaln_norm1,1c1d,29,14,even,16,4,3ed63c40be693e5c
action_dit_adaln_norm1,1c1d,29,15,odd,16,4,3de43e803e9cbd18
action_dit_adaln_norm1,1c1d,29,0,even,17,4,3ee03d943da23ea6
action_dit_adaln_norm1,1c1d,29,1,odd,17,4,3f013f35be403e36
action_dit_adaln_norm1,1c1d,29,2,even,17,4,3e8abd603ea9be13
action_dit_adaln_norm1,1c1d,29,3,odd,17,4,3e8bbba0bc10bd03
action_dit_adaln_norm1,1c1d,29,4,even,17,4,3f0abdc2beda3f0f
action_dit_adaln_norm1,1c1d,29,5,odd,17,4,bc603c93bda8bcde
action_dit_adaln_norm1,1c1d,29,6,even,17,4,bc903de43ee5bed7
action_dit_adaln_norm1,1c1d,29,7,odd,17,4,3ed83da8beb53e26
action_dit_adaln_norm1,1c1d,29,8,even,17,4,3f15bdd13de2beca
action_dit_adaln_norm1,1c1d,29,9,odd,17,4,bee4bdb23d64bc90
action_dit_adaln_norm1,1c1d,29,10,even,17,4,bec7be22be53be50
action_dit_adaln_norm1,1c1d,29,11,odd,17,4,3d903e1bbc4abddd
action_dit_adaln_norm1,1c1d,29,12,even,17,4,3e9abf38be8c3f16
action_dit_adaln_norm1,1c1d,29,13,odd,17,4,3f38bd11beb2bdaf
action_dit_adaln_norm1,1c1d,29,14,even,17,4,bed83d2ebd1bbc84
action_dit_adaln_norm1,1c1d,29,15,odd,17,4,3deabeb9bdc03e2a
action_dit_adaln_norm1,1c1d,29,0,even,18,4,3e7cbe08bee63c00
action_dit_adaln_norm1,1c1d,29,1,odd,18,4,3e453ed0bd643e4a
action_dit_adaln_norm1,1c1d,29,2,even,18,4,3da2be8fbd6e3ea8
action_dit_adaln_norm1,1c1d,29,3,odd,18,4,bec0be51be623dea
action_dit_adaln_norm1,1c1d,29,4,even,18,4,bd0abe943d413d78
action_dit_adaln_norm1,1c1d,29,5,odd,18,4,bee7bd933dea3d59
action_dit_adaln_norm1,1c1d,29,6,even,18,4,3e1b3e9c3da6be07
action_dit_adaln_norm1,1c1d,29,7,odd,18,4,3ef0be95bd903e8a
action_dit_adaln_norm1,1c1d,29,8,even,18,4,be38bed33ebe3e95
action_dit_adaln_norm1,1c1d,29,9,odd,18,4,bdce3f07bc4e3ec1
action_dit_adaln_norm1,1c1d,29,10,even,18,4,bec43f273dd1bde6
action_dit_adaln_norm1,1c1d,29,11,odd,18,4,3ed23f3f3e59bdaf
action_dit_adaln_norm1,1c1d,29,12,even,18,4,be083ec4bed03e9e
action_dit_adaln_norm1,1c1d,29,13,odd,18,4,3de23f03bea53e33
action_dit_adaln_norm1,1c1d,29,14,even,18,4,3e463dd4beb0bd24
action_dit_adaln_norm1,1c1d,29,15,odd,18,4,bd51be44bda6bf00
action_dit_adaln_norm1,1c1d,29,0,even,19,4,bd763e643dcbbeb5
action_dit_adaln_norm1,1c1d,29,1,odd,19,4,3e44be083f1a3f2b
action_dit_adaln_norm1,1c1d,29,2,even,19,4,3e563eb9beaebd84
action_dit_adaln_norm1,1c1d,29,3,odd,19,4,3eb23ed3bd483e93
action_dit_adaln_norm1,1c1d,29,4,even,19,4,3ed4bf02bf2e3e2e
action_dit_adaln_norm1,1c1d,29,5,odd,19,4,3d48bd1cbe653dac
action_dit_adaln_norm1,1c1d,29,6,even,19,4,3e2fbd70be043ea8
action_dit_adaln_norm1,1c1d,29,7,odd,19,4,3f283def3e843f44
action_dit_adaln_norm1,1c1d,29,8,even,19,4,bf113ec2bddabe7c
action_dit_adaln_norm1,1c1d,29,9,odd,19,4,3f14be443e7abf28
action_dit_adaln_norm1,1c1d,29,10,even,19,4,3bd8be493e043f12
action_dit_adaln_norm1,1c1d,29,11,odd,19,4,3dc03e55bc203f21
action_dit_adaln_norm1,1c1d,29,12,even,19,4,be753e023e44bdef
action_dit_adaln_norm1,1c1d,29,13,odd,19,4,bdacbede3f18beb0
action_dit_adaln_norm1,1c1d,29,14,even,19,4,3e3d3d57bdb0bda7
action_dit_adaln_norm1,1c1d,29,15,odd,19,4,3d8c3dd03e2e3eb3
action_dit_adaln_norm1,1c1d,29,0,even,20,4,3e12bdbabee63ec4
action_dit_adaln_norm1,1c1d,29,1,odd,20,4,3e643d94bdf23d10
action_dit_adaln_norm1,1c1d,29,2,even,20,4,3ea0be4d3e723e68
action_dit_adaln_norm1,1c1d,29,3,odd,20,4,bdf8bc9c3dff3c80
action_dit_adaln_norm1,1c1d,29,4,even,20,4,3e8cbee73ef1bd40
action_dit_adaln_norm1,1c1d,29,5,odd,20,4,3e1c3e04bdfe3d98
action_dit_adaln_norm1,1c1d,29,6,even,20,4,bee0be683f283e3b
action_dit_adaln_norm1,1c1d,29,7,odd,20,4,be8cbe113cd0bcb0
action_dit_adaln_norm1,1c1d,29,8,even,20,4,3f003d44bde63e3c
action_dit_adaln_norm1,1c1d,29,9,odd,20,4,be50be24be67bdee
action_dit_adaln_norm1,1c1d,29,10,even,20,4,bdecbc703f123e5d
action_dit_adaln_norm1,1c1d,29,11,odd,20,4,3d5c3eacbdcf3d9c
action_dit_adaln_norm1,1c1d,29,12,even,20,4,3e4fbdd63e173df0
action_dit_adaln_norm1,1c1d,29,13,odd,20,4,be43be36be5abe9c
action_dit_adaln_norm1,1c1d,29,14,even,20,4,3de7bc203e963eae
action_dit_adaln_norm1,1c1d,29,15,odd,20,4,bf40be5e3e9e3e61
action_dit_adaln_norm1,1c1d,29,0,even,21,4,3eaebece3e22bb78
action_dit_adaln_norm1,1c1d,29,1,odd,21,4,be10be203eb43db0
action_dit_adaln_norm1,1c1d,29,2,even,21,4,3d223e213de23f16
action_dit_adaln_norm1,1c1d,29,3,odd,21,4,3ce03df6bdb0becf
action_dit_adaln_norm1,1c1d,29,4,even,21,4,3d9f3ea0bd7abe10
action_dit_adaln_norm1,1c1d,29,5,odd,21,4,bea23ea6bbf0bf05
action_dit_adaln_norm1,1c1d,29,6,even,21,4,bd0abdc4be683ebc
action_dit_adaln_norm1,1c1d,29,7,odd,21,4,3e55bb803ea1bdc4
action_dit_adaln_norm1,1c1d,29,8,even,21,4,3e7b3eab3eadbe9a
action_dit_adaln_norm1,1c1d,29,9,odd,21,4,be20bd38be8dbf46
action_dit_adaln_norm1,1c1d,29,10,even,21,4,3f203e0bbe68becf
action_dit_adaln_norm1,1c1d,29,11,odd,21,4,3e353f223e86be38
action_dit_adaln_norm1,1c1d,29,12,even,21,4,bd243e163e57be14
action_dit_adaln_norm1,1c1d,29,13,odd,21,4,bd2abc40be7c3e25
action_dit_adaln_norm1,1c1d,29,14,even,21,4,3ddabdab3ea23dc3
action_dit_adaln_norm1,1c1d,29,15,odd,21,4,3f2a3f013f42be66
action_dit_adaln_norm1,1c1d,29,0,even,22,4,3c583e9ebebb3f3b
action_dit_adaln_norm1,1c1d,29,1,odd,22,4,beac3e363be03d72
action_dit_adaln_norm1,1c1d,29,2,even,22,4,be81be39bd863f4c
action_dit_adaln_norm1,1c1d,29,3,odd,22,4,bea2bd8c3ef9be9d
action_dit_adaln_norm1,1c1d,29,4,even,22,4,be543e1e3efe3dde
action_dit_adaln_norm1,1c1d,29,5,odd,22,4,3eb73d183ca8be9c
action_dit_adaln_norm1,1c1d,29,6,even,22,4,3ecb3bc03e0d3e2a
action_dit_adaln_norm1,1c1d,29,7,odd,22,4,bd0f3eda3eca3d04
action_dit_adaln_norm1,1c1d,29,8,even,22,4,bc74be83be45be0a
action_dit_adaln_norm1,1c1d,29,9,odd,22,4,bc983e41bea83e3b
action_dit_adaln_norm1,1c1d,29,10,even,22,4,be8ebede3e8ebe1e
action_dit_adaln_norm1,1c1d,29,11,odd,22,4,bce03e803d3cbce6
action_dit_adaln_norm1,1c1d,29,12,even,22,4,be22bb803cf03c68
action_dit_adaln_norm1,1c1d,29,13,odd,22,4,bdf2bb003cc2bd87
action_dit_adaln_norm1,1c1d,29,14,even,22,4,bed7bee03e943dab
action_dit_adaln_norm1,1c1d,29,15,odd,22,4,3d9ebda8bedebe0b
action_dit_adaln_norm1,1c1d,29,0,even,23,4,3eb23ec0be25bdf9
action_dit_adaln_norm1,1c1d,29,1,odd,23,4,3eda3d44be443c8c
action_dit_adaln_norm1,1c1d,29,2,even,23,4,be7a3e573f1abe71
action_dit_adaln_norm1,1c1d,29,3,odd,23,4,bf2ebeffbd62be35
action_dit_adaln_norm1,1c1d,29,4,even,23,4,be803e423d2fbca0
action_dit_adaln_norm1,1c1d,29,5,odd,23,4,be44bb803ec8be96
action_dit_adaln_norm1,1c1d,29,6,even,23,4,3e16be81bf0e3df0
action_dit_adaln_norm1,1c1d,29,7,odd,23,4,3e0b3e5e3dc9be96
action_dit_adaln_norm1,1c1d,29,8,even,23,4,beac3ee2bdc73dde
action_dit_adaln_norm1,1c1d,29,9,odd,23,4,bf233f10bd44bcc6
action_dit_adaln_norm1,1c1d,29,10,even,23,4,3f0abe623e9dbd25
action_dit_adaln_norm1,1c1d,29,11,odd,23,4,3d083e34beb8bed6
action_dit_adaln_norm1,1c1d,29,12,even,23,4,3d8c3d9ebe4dbeb8
action_dit_adaln_norm1,1c1d,29,13,odd,23,4,be8e3f14be81bca8
action_dit_adaln_norm1,1c1d,29,14,even,23,4,3dbabe883da23f16
action_dit_adaln_norm1,1c1d,29,15,odd,23,4,3e3e3da0beaebca0
action_dit_adaln_norm1,1c1e,30,0,even,0,4,3ec0bd0dbe08bdba
action_dit_adaln_norm1,1c1e,30,1,odd,0,4,3e333e983ecc3ebe
action_dit_adaln_norm1,1c1e,30,2,even,0,4,3e383e26bc543e9c
action_dit_adaln_norm1,1c1e,30,3,odd,0,4,bc70be983da53f19
action_dit_adaln_norm1,1c1e,30,4,even,0,4,bef2bdb8bdc7beac
action_dit_adaln_norm1,1c1e,30,5,odd,0,4,3e443cb8be163ec6
action_dit_adaln_norm1,1c1e,30,6,even,0,4,3efcbe9fbea53f5f
action_dit_adaln_norm1,1c1e,30,7,odd,0,4,3e5f3f1b3d4cbe25
action_dit_adaln_norm1,1c1e,30,8,even,0,4,be9e3dd4bda83e19
action_dit_adaln_norm1,1c1e,30,9,odd,0,4,bd58bcf63f57be76
action_dit_adaln_norm1,1c1e,30,10,even,0,4,be423e6abd53bdcb
action_dit_adaln_norm1,1c1e,30,11,odd,0,4,3e743e8f3e3cbd6c
action_dit_adaln_norm1,1c1e,30,12,even,0,4,bca83d44bd20be81
action_dit_adaln_norm1,1c1e,30,13,odd,0,4,bd563ebebedc3e2e
action_dit_adaln_norm1,1c1e,30,14,even,0,4,bf5ebebcbdb43e5c
action_dit_adaln_norm1,1c1e,30,15,odd,0,4,bdf6be9ebeeabe90
action_dit_adaln_norm1,1c1e,30,0,even,1,4,bea8be223d93be05
action_dit_adaln_norm1,1c1e,30,1,odd,1,4,bf04bd82bd83bdef
action_dit_adaln_norm1,1c1e,30,2,even,1,4,3d8e3e01becabe59
action_dit_adaln_norm1,1c1e,30,3,odd,1,4,bdbbbe81bf59be7a
action_dit_adaln_norm1,1c1e,30,4,even,1,4,be0c3d90bd90bef2
action_dit_adaln_norm1,1c1e,30,5,odd,1,4,3ef2bea43d3cbf4a
action_dit_adaln_norm1,1c1e,30,6,even,1,4,3e3cbf353e963d44
action_dit_adaln_norm1,1c1e,30,7,odd,1,4,3c00be53bf48bf0c
action_dit_adaln_norm1,1c1e,30,8,even,1,4,3e2e3ee73de83e0c
action_dit_adaln_norm1,1c1e,30,9,odd,1,4,bc083dd53e2f3f21
action_dit_adaln_norm1,1c1e,30,10,even,1,4,3e7fbe91be54beb5
action_dit_adaln_norm1,1c1e,30,11,odd,1,4,bee33ea63cb03d8e
action_dit_adaln_norm1,1c1e,30,12,even,1,4,3e95befebf0ebf18
action_dit_adaln_norm1,1c1e,30,13,odd,1,4,bf083da83e3e3e06
action_dit_adaln_norm1,1c1e,30,14,even,1,4,be81be99bcbabf08
action_dit_adaln_norm1,1c1e,30,15,odd,1,4,bda0bdc63d7abde1
action_dit_adaln_norm1,1c1e,30,0,even,2,4,3d823ef4bed0bea4
action_dit_adaln_norm1,1c1e,30,1,odd,2,4,bea2be70bed73eaa
action_dit_adaln_norm1,1c1e,30,2,even,2,4,3d9dbc38bee2bd0c
action_dit_adaln_norm1,1c1e,30,3,odd,2,4,bef03da93c703f00
action_dit_adaln_norm1,1c1e,30,4,even,2,4,3e3fbe01be4b3ed7
action_dit_adaln_norm1,1c1e,30,5,odd,2,4,3e46bf303ea03eb6
action_dit_adaln_norm1,1c1e,30,6,even,2,4,be9bbe873e263e40
action_dit_adaln_norm1,1c1e,30,7,odd,2,4,3d18be96beae3e81
action_dit_adaln_norm1,1c1e,30,8,even,2,4,3dfebd8fbe1e3e9c
action_dit_adaln_norm1,1c1e,30,9,odd,2,4,be883e11bd44bb00
action_dit_adaln_norm1,1c1e,30,10,even,2,4,bebbbe3d3dc8be99
action_dit_adaln_norm1,1c1e,30,11,odd,2,4,be4cbeaabdf33e93
action_dit_adaln_norm1,1c1e,30,12,even,2,4,bd22be2e3d40be8d
action_dit_adaln_norm1,1c1e,30,13,odd,2,4,3db8bed4bea33d3e
action_dit_adaln_norm1,1c1e,30,14,even,2,4,3dd53ef2bdfabedd
action_dit_adaln_norm1,1c1e,30,15,odd,2,4,bea13c443e873e3b
action_dit_adaln_norm1,1c1e,30,0,even,3,4,3eb03e1f3c94bc84
action_dit_adaln_norm1,1c1e,30,1,odd,3,4,3e42be0c3e203d8c
action_dit_adaln_norm1,1c1e,30,2,even,3,4,3e743e8a3dccbf04
action_dit_adaln_norm1,1c1e,30,3,odd,3,4,beac3f0f3e06bea3
action_dit_adaln_norm1,1c1e,30,4,even,3,4,bd08bd123e1c3e4b
action_dit_adaln_norm1,1c1e,30,5,odd,3,4,be913ef63e6cbe7f
action_dit_adaln_norm1,1c1e,30,6,even,3,4,bdd4bd78be9c3db1
action_dit_adaln_norm1,1c1e,30,7,odd,3,4,be003e513ef23ef0
action_dit_adaln_norm1,1c1e,30,8,even,3,4,be02bf1bbe97be78
action_dit_adaln_norm1,1c1e,30,9,odd,3,4,3e10bf0bbdee3d54
action_dit_adaln_norm1,1c1e,30,10,even,3,4,3de83bc03d743f0e
action_dit_adaln_norm1,1c1e,30,11,odd,3,4,be173d0c3e7ebe9c
action_dit_adaln_norm1,1c1e,30,12,even,3,4,be90bdeb3d1c3ca0
action_dit_adaln_norm1,1c1e,30,13,odd,3,4,be363e7d3e47becc
action_dit_adaln_norm1,1c1e,30,14,even,3,4,3eafbcb63f12be2e
action_dit_adaln_norm1,1c1e,30,15,odd,3,4,bd043e103d2fbeb4
action_dit_adaln_norm1,1c1e,30,0,even,4,4,be0abdab3eddbe5d
action_dit_adaln_norm1,1c1e,30,1,odd,4,4,3ca83eb7be08be0e
action_dit_adaln_norm1,1c1e,30,2,even,4,4,be943f303d14be6a
action_dit_adaln_norm1,1c1e,30,3,odd,4,4,3f1ebe123dd83eef
action_dit_adaln_norm1,1c1e,30,4,even,4,4,3e62beac3e96be20
action_dit_adaln_norm1,1c1e,30,5,odd,4,4,be573e9d3e4cbec2
action_dit_adaln_norm1,1c1e,30,6,even,4,4,be00beedbe05beab
action_dit_adaln_norm1,1c1e,30,7,odd,4,4,be0bbe2cbe813dfc
action_dit_adaln_norm1,1c1e,30,8,even,4,4,bdafbe66be4e3dc2
action_dit_adaln_norm1,1c1e,30,9,odd,4,4,be27be6ebd10bee4
action_dit_adaln_norm1,1c1e,30,10,even,4,4,3f05bc50be483d40
action_dit_adaln_norm1,1c1e,30,11,odd,4,4,bc683ed2bf333ee1
action_dit_adaln_norm1,1c1e,30,12,even,4,4,3e333e65be88bef6
action_dit_adaln_norm1,1c1e,30,13,odd,4,4,bd983e8b3e623d53
action_dit_adaln_norm1,1c1e,30,14,even,4,4,bf42bda13dc03a80
action_dit_adaln_norm1,1c1e,30,15,odd,4,4,3eb43e28bd30beee
action_dit_adaln_norm1,1c1e,30,0,even,5,4,3cd0bee8bcb8bdae
action_dit_adaln_norm1,1c1e,30,1,odd,5,4,3e2b3cd23e56bea6
action_dit_adaln_norm1,1c1e,30,2,even,5,4,bb80bd483e5c3e24
action_dit_adaln_norm1,1c1e,30,3,odd,5,4,be923ca4be40bd12
action_dit_adaln_norm1,1c1e,30,4,even,5,4,3df6bd6e3e41be2c
action_dit_adaln_norm1,1c1e,30,5,odd,5,4,3e1dbe603da03cec
action_dit_adaln_norm1,1c1e,30,6,even,5,4,bd6fbec43e84be7e
action_dit_adaln_norm1,1c1e,30,7,odd,5,4,3e643f0fbe92bdbd
action_dit_adaln_norm1,1c1e,30,8,even,5,4,3f2f3e6cbe61bcf4
action_dit_adaln_norm1,1c1e,30,9,odd,5,4,3ed4be033f0fbea0
action_dit_adaln_norm1,1c1e,30,10,even,5,4,bcd0bbd03c80bc83
action_dit_adaln_norm1,1c1e,30,11,odd,5,4,3e543cf4bec9bc90
action_dit_adaln_norm1,1c1e,30,12,even,5,4,bd3abe4e3f113ef8
action_dit_adaln_norm1,1c1e,30,13,odd,5,4,bf143df100003f05
action_dit_adaln_norm1,1c1e,30,14,even,5,4,3e83bf11be873e48
action_dit_adaln_norm1,1c1e,30,15,odd,5,4,3f04bc20beb8bd34
action_dit_adaln_norm1,1c1e,30,0,even,6,4,be14bf523d3a3f05
action_dit_adaln_norm1,1c1e,30,1,odd,6,4,3e443e9e3c78be98
action_dit_adaln_norm1,1c1e,30,2,even,6,4,3ebe3e4dbd663dfc
action_dit_adaln_norm1,1c1e,30,3,odd,6,4,bd103ebf3dc0beac
action_dit_adaln_norm1,1c1e,30,4,even,6,4,3da13e90bdb0bd36
action_dit_adaln_norm1,1c1e,30,5,odd,6,4,bd523f33be4abd2d
action_dit_adaln_norm1,1c1e,30,6,even,6,4,bd423e16bec0bd95
action_dit_adaln_norm1,1c1e,30,7,odd,6,4,be7abda83d24be98
action_dit_adaln_norm1,1c1e,30,8,even,6,4,be95bdef3e6e3edc
action_dit_adaln_norm1,1c1e,30,9,odd,6,4,be6abea63e16be9a
action_dit_adaln_norm1,1c1e,30,10,even,6,4,3dabbe6abe153e07
action_dit_adaln_norm1,1c1e,30,11,odd,6,4,3e96be08bd84bdae
action_dit_adaln_norm1,1c1e,30,12,even,6,4,3d2a3ef23d813e6f
action_dit_adaln_norm1,1c1e,30,13,odd,6,4,bed8be593ee03bc0
action_dit_adaln_norm1,1c1e,30,14,even,6,4,3cbc3c8a3d76bd4c
action_dit_adaln_norm1,1c1e,30,15,odd,6,4,3e92bea8beec3e32
action_dit_adaln_norm1,1c1e,30,0,even,7,4,3b803e8a3d3c3f03
action_dit_adaln_norm1,1c1e,30,1,odd,7,4,be78bedebe7ebcd6
action_dit_adaln_norm1,1c1e,30,2,even,7,4,bc5cbd583e2cbeba
action_dit_adaln_norm1,1c1e,30,3,odd,7,4,3e6cbf453e943e96
action_dit_adaln_norm1,1c1e,30,4,even,7,4,3c84be02bef1bd38
action_dit_adaln_norm1,1c1e,30,5,odd,7,4,bdb5bf1fbe8fbef8
action_dit_adaln_norm1,1c1e,30,6,even,7,4,be5cbd02be403e4e
action_dit_adaln_norm1,1c1e,30,7,odd,7,4,be82be92bcc0bde7
action_dit_adaln_norm1,1c1e,30,8,even,7,4,3d56bd4c3e3a3eca
action_dit_adaln_norm1,1c1e,30,9,odd,7,4,3cfc3ca83e4e3dce
action_dit_adaln_norm1,1c1e,30,10,even,7,4,3e0d3d2a3f093e87
action_dit_adaln_norm1,1c1e,30,11,odd,7,4,3d9dbe3cbe213ee9
action_dit_adaln_norm1,1c1e,30,12,even,7,4,be1cbd11bd4a3e10
action_dit_adaln_norm1,1c1e,30,13,odd,7,4,3f26be9dbe8cbecd
action_dit_adaln_norm1,1c1e,30,14,even,7,4,bda13d823e9a3dae
action_dit_adaln_norm1,1c1e,30,15,odd,7,4,bf0cbe22be47be92
action_dit_adaln_norm1,1c1e,30,0,even,8,4,3dba3e5a3ebf3e96
action_dit_adaln_norm1,1c1e,30,1,odd,8,4,3e8bbf07bc463ec4
action_dit_adaln_norm1,1c1e,30,2,even,8,4,3e03be6e3da2bd97
action_dit_adaln_norm1,1c1e,30,3,odd,8,4,bdc0bea5bf393eb3
action_dit_adaln_norm1,1c1e,30,4,even,8,4,3f11beacbdeabf14
action_dit_adaln_norm1,1c1e,30,5,odd,8,4,3e3abe29bedabe6c
action_dit_adaln_norm1,1c1e,30,6,even,8,4,3dcf3d2c3d78bede
action_dit_adaln_norm1,1c1e,30,7,odd,8,4,3f183dfdbeaabf26
action_dit_adaln_norm1,1c1e,30,8,even,8,4,3e723f0cbe8dbe4e
action_dit_adaln_norm1,1c1e,30,9,odd,8,4,3be03e17bea43e34
action_dit_adaln_norm1,1c1e,30,10,even,8,4,3e0abddcbe7b3d88
action_dit_adaln_norm1,1c1e,30,11,odd,8,4,bef03e88be4bbf5a
action_dit_adaln_norm1,1c1e,30,12,even,8,4,3dd03def3e30be4a
action_dit_adaln_norm1,1c1e,30,13,odd,8,4,3c203ea83f2a3ea2
action_dit_adaln_norm1,1c1e,30,14,even,8,4,3c743f1cbedf3e3a
action_dit_adaln_norm1,1c1e,30,15,odd,8,4,be0ebf4ebe20bd5e
action_dit_adaln_norm1,1c1e,30,0,even,9,4,bd643e363f04be98
action_dit_adaln_norm1,1c1e,30,1,odd,9,4,3e6a3f1dbf443ec3
action_dit_adaln_norm1,1c1e,30,2,even,9,4,3eba3d63bd28be54
action_dit_adaln_norm1,1c1e,30,3,odd,9,4,3efe3e443ebc3ed4
action_dit_adaln_norm1,1c1e,30,4,even,9,4,3e50be20bee83f74
action_dit_adaln_norm1,1c1e,30,5,odd,9,4,3f2fbeccbdb23e28
action_dit_adaln_norm1,1c1e,30,6,even,9,4,bd2d3e99be033ebd
action_dit_adaln_norm1,1c1e,30,7,odd,9,4,3ed3bbe0be6e3f44
action_dit_adaln_norm1,1c1e,30,8,even,9,4,bd2a3e3d3dd53ee2
action_dit_adaln_norm1,1c1e,30,9,odd,9,4,bd9a3e8f3d91bf66
action_dit_adaln_norm1,1c1e,30,10,even,9,4,3efcbe183f1a3ec2
action_dit_adaln_norm1,1c1e,30,11,odd,9,4,bd803d33be113e84
action_dit_adaln_norm1,1c1e,30,12,even,9,4,bdbebd5cbed3bed6
action_dit_adaln_norm1,1c1e,30,13,odd,9,4,be00bdd83e5f3d58
action_dit_adaln_norm1,1c1e,30,14,even,9,4,befd3e4e3dd2bd00
action_dit_adaln_norm1,1c1e,30,15,odd,9,4,3b383dd0bdc43eb9
action_dit_adaln_norm1,1c1e,30,0,even,10,4,3d9d3e5ebf15be46
action_dit_adaln_norm1,1c1e,30,1,odd,10,4,bda43d583e28be5c
action_dit_adaln_norm1,1c1e,30,2,even,10,4,3e2c3e963bd0be09
action_dit_adaln_norm1,1c1e,30,3,odd,10,4,bde33d1bbe183ebb
action_dit_adaln_norm1,1c1e,30,4,even,10,4,3e9b3e7c3edabef2
action_dit_adaln_norm1,1c1e,30,5,odd,10,4,3e2dbe87bd5c3e6d
action_dit_adaln_norm1,1c1e,30,6,even,10,4,3e963dba3f283c1c
action_dit_adaln_norm1,1c1e,30,7,odd,10,4,be1ebe2a3dbc3df5
action_dit_adaln_norm1,1c1e,30,8,even,10,4,3ec93e913dc4be1b
action_dit_adaln_norm1,1c1e,30,9,odd,10,4,3d3d3ebc3e9d3e9e
action_dit_adaln_norm1,1c1e,30,10,even,10,4,bebcbebbbd4cbed2
action_dit_adaln_norm1,1c1e,30,11,odd,10,4,be673f063ca03f0d
action_dit_adaln_norm1,1c1e,30,12,even,10,4,3f10bcc8be9a3d8e
action_dit_adaln_norm1,1c1e,30,13,odd,10,4,3e813cf03e803dcc
action_dit_adaln_norm1,1c1e,30,14,even,10,4,be2e3e49bef43e93
action_dit_adaln_norm1,1c1e,30,15,odd,10,4,3e563de8bdcc3edd
action_dit_adaln_norm1,1c1e,30,0,even,11,4,3deebdadbe3abd10
action_dit_adaln_norm1,1c1e,30,1,odd,11,4,3e13bed2bddc3dc0
action_dit_adaln_norm1,1c1e,30,2,even,11,4,3e66bebcbe403ead
action_dit_adaln_norm1,1c1e,30,3,odd,11,4,be16bf27bef6bf2f
action_dit_adaln_norm1,1c1e,30,4,even,11,4,3da2bea4bd283e1e
action_dit_adaln_norm1,1c1e,30,5,odd,11,4,be16be213eaa3e97
action_dit_adaln_norm1,1c1e,30,6,even,11,4,3dcf3e563da03e56
action_dit_adaln_norm1,1c1e,30,7,odd,11,4,bb00bbf0be813de6
action_dit_adaln_norm1,1c1e,30,8,even,11,4,be243db33de1bdba
action_dit_adaln_norm1,1c1e,30,9,odd,11,4,bc983d4c3e38bf34
action_dit_adaln_norm1,1c1e,30,10,even,11,4,bf4f3efdbf08be09
action_dit_adaln_norm1,1c1e,30,11,odd,11,4,3f34bd963d00bd30
action_dit_adaln_norm1,1c1e,30,12,even,11,4,3e9e3dee3e0fbde4
action_dit_adaln_norm1,1c1e,30,13,odd,11,4,3eb83e923eb93e8f
action_dit_adaln_norm1,1c1e,30,14,even,11,4,3d743ee83ea2be58
action_dit_adaln_norm1,1c1e,30,15,odd,11,4,bb00bf09bf29bf02
action_dit_adaln_norm1,1c1e,30,0,even,12,4,3e8f3de1be923ebc
action_dit_adaln_norm1,1c1e,30,1,odd,12,4,3dbabe06bf133ea2
action_dit_adaln_norm1,1c1e,30,2,even,12,4,bea73e353ec93dda
action_dit_adaln_norm1,1c1e,30,3,odd,12,4,be7f3da2bdb8bf31
action_dit_adaln_norm1,1c1e,30,4,even,12,4,bdb4ba00bf403e73
action_dit_adaln_norm1,1c1e,30,5,odd,12,4,beb13e343d96bedd
action_dit_adaln_norm1,1c1e,30,6,even,12,4,bf18bddf3e6f3dd4
action_dit_adaln_norm1,1c1e,30,7,odd,12,4,bda9be683d82bc50
action_dit_adaln_norm1,1c1e,30,8,even,12,4,3f08bda83e40becf
action_dit_adaln_norm1,1c1e,30,9,odd,12,4,bed23db23e463e5a
action_dit_adaln_norm1,1c1e,30,10,even,12,4,3da43f1abe063f24
action_dit_adaln_norm1,1c1e,30,11,odd,12,4,3ef43ed63ec7be81
action_dit_adaln_norm1,1c1e,30,12,even,12,4,be89be3ebe0cbe9a
action_dit_adaln_norm1,1c1e,30,13,odd,12,4,3dbabd99be56be94
action_dit_adaln_norm1,1c1e,30,14,even,12,4,3eba3f17bcd0be3b
action_dit_adaln_norm1,1c1e,30,15,odd,12,4,3d08be1cbe84bec9
action_dit_adaln_norm1,1c1e,30,0,even,13,4,be02bd1e3e9dbea1
action_dit_adaln_norm1,1c1e,30,1,odd,13,4,be53bd5cbd843ec1
action_dit_adaln_norm1,1c1e,30,2,even,13,4,3e30bce03d523e8e
action_dit_adaln_norm1,1c1e,30,3,odd,13,4,3da03d673ecdbe22
action_dit_adaln_norm1,1c1e,30,4,even,13,4,3e5c3f14be1c3f1c
action_dit_adaln_norm1,1c1e,30,5,odd,13,4,3f503e813e9e3e58
action_dit_adaln_norm1,1c1e,30,6,even,13,4,be4a3ed8bee9bd32
action_dit_adaln_norm1,1c1e,30,7,odd,13,4,be2cbe96be873db0
action_dit_adaln_norm1,1c1e,30,8,even,13,4,bd04bdd2bb70bdba
action_dit_adaln_norm1,1c1e,30,9,odd,13,4,be88bf22be363efe
action_dit_adaln_norm1,1c1e,30,10,even,13,4,3eedbd233ea03e69
action_dit_adaln_norm1,1c1e,30,11,odd,13,4,3dd8bea0be20bda9
action_dit_adaln_norm1,1c1e,30,12,even,13,4,be843d2c3e263d88
action_dit_adaln_norm1,1c1e,30,13,odd,13,4,bf01be56bca0be82
action_dit_adaln_norm1,1c1e,30,14,even,13,4,3eaebb603e8cbe86
action_dit_adaln_norm1,1c1e,30,15,odd,13,4,be85bcd8be9e3eb9
action_dit_adaln_norm1,1c1e,30,0,even,14,4,3d8e3f87bea0be3a
action_dit_adaln_norm1,1c1e,30,1,odd,14,4,bdf0be96be543e09
action_dit_adaln_norm1,1c1e,30,2,even,14,4,3c98bd68bee3bd87
action_dit_adaln_norm1,1c1e,30,3,odd,14,4,bea6be563cdcbe18
action_dit_adaln_norm1,1c1e,30,4,even,14,4,beacbd1a3db6bd1a
action_dit_adaln_norm1,1c1e,30,5,odd,14,4,bdf03e99be9c3eae
action_dit_adaln_norm1,1c1e,30,6,even,14,4,be663db4bde03d82
action_dit_adaln_norm1,1c1e,30,7,odd,14,4,bd843d943d20bdc0
action_dit_adaln_norm1,1c1e,30,8,even,14,4,3f043e9cbec43ed5
action_dit_adaln_norm1,1c1e,30,9,odd,14,4,bf003ef6bf46be5b
action_dit_adaln_norm1,1c1e,30,10,even,14,4,bee03e01be69bef6
action_dit_adaln_norm1,1c1e,30,11,odd,14,4,be863e283e38befc
action_dit_adaln_norm1,1c1e,30,12,even,14,4,bd24bec1be38be94
action_dit_adaln_norm1,1c1e,30,13,odd,14,4,3d3d3e52be7d3e1b
action_dit_adaln_norm1,1c1e,30,14,even,14,4,bd35be5e3f203e47
action_dit_adaln_norm1,1c1e,30,15,odd,14,4,3f003eb2bf5e3ee4
action_dit_adaln_norm1,1c1e,30,0,even,15,4,3b903cd83f233def
action_dit_adaln_norm1,1c1e,30,1,odd,15,4,3e93be823d30be91
action_dit_adaln_norm1,1c1e,30,2,even,15,4,3d203e17be1abe43
action_dit_adaln_norm1,1c1e,30,3,odd,15,4,3e28be9e3e74bef4
action_dit_adaln_norm1,1c1e,30,4,even,15,4,3eb6bec43f14bcc8
action_dit_adaln_norm1,1c1e,30,5,odd,15,4,bdae3e82be81bdfc
action_dit_adaln_norm1,1c1e,30,6,even,15,4,3df0bda9bdccbe46
action_dit_adaln_norm1,1c1e,30,7,odd,15,4,be05bdd7bdc8bc98
action_dit_adaln_norm1,1c1e,30,8,even,15,4,3e453e92bdf9bda7
action_dit_adaln_norm1,1c1e,30,9,odd,15,4,3ce0be983ea83e68
action_dit_adaln_norm1,1c1e,30,10,even,15,4,be34be143d443e92
action_dit_adaln_norm1,1c1e,30,11,odd,15,4,3db33e4a3ec33ee7
action_dit_adaln_norm1,1c1e,30,12,even,15,4,3f363f0ebe303ef8
action_dit_adaln_norm1,1c1e,30,13,odd,15,4,be5dbe02be42bf1a
action_dit_adaln_norm1,1c1e,30,14,even,15,4,3e493c66be5c3f03
action_dit_adaln_norm1,1c1e,30,15,odd,15,4,bc26bdf43e373e2e
action_dit_adaln_norm1,1c1e,30,0,even,16,4,bf063e4ebe73bd24
action_dit_adaln_norm1,1c1e,30,1,odd,16,4,3e893ef6bee33d96
action_dit_adaln_norm1,1c1e,30,2,even,16,4,3d833df6be3f3de6
action_dit_adaln_norm1,1c1e,30,3,odd,16,4,3e6d3e883e07bdf2
action_dit_adaln_norm1,1c1e,30,4,even,16,4,be2d3dd43e373e82
action_dit_adaln_norm1,1c1e,30,5,odd,16,4,3e5e3dbc3d783e69
action_dit_adaln_norm1,1c1e,30,6,even,16,4,bd643e9abebb3e26
action_dit_adaln_norm1,1c1e,30,7,odd,16,4,3e74be903e17be0e
action_dit_adaln_norm1,1c1e,30,8,even,16,4,bf18bdbebf38be54
action_dit_adaln_norm1,1c1e,30,9,odd,16,4,bf043da83e873dc0
action_dit_adaln_norm1,1c1e,30,10,even,16,4,3e79be56bd93be84
action_dit_adaln_norm1,1c1e,30,11,odd,16,4,3e3c3ddfbee13c8a
action_dit_adaln_norm1,1c1e,30,12,even,16,4,bd783cccbea2be88
action_dit_adaln_norm1,1c1e,30,13,odd,16,4,3ddabe933ed6be60
action_dit_adaln_norm1,1c1e,30,14,even,16,4,3e043c20be9b3ee9
action_dit_adaln_norm1,1c1e,30,15,odd,16,4,3d9f3e443e743df0
action_dit_adaln_norm1,1c1e,30,0,even,17,4,3eef3e863e0e3eb1
action_dit_adaln_norm1,1c1e,30,1,odd,17,4,3e9f3f2abed23e3f
action_dit_adaln_norm1,1c1e,30,2,even,17,4,3e88be263e99be8a
action_dit_adaln_norm1,1c1e,30,3,odd,17,4,3ead3d643e923e94
action_dit_adaln_norm1,1c1e,30,4,even,17,4,3ea8bdacbee23ea4
action_dit_adaln_norm1,1c1e,30,5,odd,17,4,3de13e8bbe53bd28
action_dit_adaln_norm1,1c1e,30,6,even,17,4,3b803e563f3cbe19
action_dit_adaln_norm1,1c1e,30,7,odd,17,4,3f043e41be863e71
action_dit_adaln_norm1,1c1e,30,8,even,17,4,3f08bd2e3dd8bee1
action_dit_adaln_norm1,1c1e,30,9,odd,17,4,bef5bda0be14bd1a
action_dit_adaln_norm1,1c1e,30,10,even,17,4,bea4be34beaebecb
action_dit_adaln_norm1,1c1e,30,11,odd,17,4,3c203e39be62be27
action_dit_adaln_norm1,1c1e,30,12,even,17,4,3eafbea3bedc3f3d
action_dit_adaln_norm1,1c1e,30,13,odd,17,4,3ed43e22bf20bda5
action_dit_adaln_norm1,1c1e,30,14,even,17,4,be8abab83e3e3b48
action_dit_adaln_norm1,1c1e,30,15,odd,17,4,3dd0be923e2f3e82
action_dit_adaln_norm1,1c1e,30,0,even,18,4,3defbe90bf04be2c
action_dit_adaln_norm1,1c1e,30,1,odd,18,4,3d4c3f00be2e3e81
action_dit_adaln_norm1,1c1e,30,2,even,18,4,3d85bf10bda63ea4
action_dit_adaln_norm1,1c1e,30,3,odd,18,4,beacbe7bbe883dc6
action_dit_adaln_norm1,1c1e,30,4,even,18,4,3ddabee4be74bd91
action_dit_adaln_norm1,1c1e,30,5,odd,18,4,bef6be4dbd2dbd09
action_dit_adaln_norm1,1c1e,30,6,even,18,4,3eb03e1c3df8be48
action_dit_adaln_norm1,1c1e,30,7,odd,18,4,3e343e263de83e52
action_dit_adaln_norm1,1c1e,30,8,even,18,4,be6dbef63e6a3e08
action_dit_adaln_norm1,1c1e,30,9,odd,18,4,bd423ed23dfc3eae
action_dit_adaln_norm1,1c1e,30,10,even,18,4,beca3f5c3e55be51
action_dit_adaln_norm1,1c1e,30,11,odd,18,4,3eca3f553e10be81
action_dit_adaln_norm1,1c1e,30,12,even,18,4,bdc23eeebf2e3e8d
action_dit_adaln_norm1,1c1e,30,13,odd,18,4,3cf73eb1bdbe3d9e
action_dit_adaln_norm1,1c1e,30,14,even,18,4,3ec83cd2beb2be3a
action_dit_adaln_norm1,1c1e,30,15,odd,18,4,be1e3d84bd7abea5
action_dit_adaln_norm1,1c1e,30,0,even,19,4,bdfc3ea53e31be64
action_dit_adaln_norm1,1c1e,30,1,odd,19,4,3e3cbe8e3e7a3f03
action_dit_adaln_norm1,1c1e,30,2,even,19,4,3e713ee5bee2bd08
action_dit_adaln_norm1,1c1e,30,3,odd,19,4,3e903eb1be5a3e50
action_dit_adaln_norm1,1c1e,30,4,even,19,4,3e80beeabf193de8
action_dit_adaln_norm1,1c1e,30,5,odd,19,4,3e183d40be593c44
action_dit_adaln_norm1,1c1e,30,6,even,19,4,3ed7bce8bec23ed9
action_dit_adaln_norm1,1c1e,30,7,odd,19,4,3f0f3e183e933f37
action_dit_adaln_norm1,1c1e,30,8,even,19,4,bec53efbbdd3be36
action_dit_adaln_norm1,1c1e,30,9,odd,19,4,3f07bed43e47bf27
action_dit_adaln_norm1,1c1e,30,10,even,19,4,3e1abd48bdd63ebc
action_dit_adaln_norm1,1c1e,30,11,odd,19,4,bd2cbc68bea73eda
action_dit_adaln_norm1,1c1e,30,12,even,19,4,be9cbd5a3e193dfc
action_dit_adaln_norm1,1c1e,30,13,odd,19,4,bc68bed63f14be8d
action_dit_adaln_norm1,1c1e,30,14,even,19,4,3cf0be143d0fbd20
action_dit_adaln_norm1,1c1e,30,15,odd,19,4,3d243e093cd03e2c
action_dit_adaln_norm1,1c1e,30,0,even,20,4,bd04bddebefc3f12
action_dit_adaln_norm1,1c1e,30,1,odd,20,4,3f1abd5cbd4a3e8a
action_dit_adaln_norm1,1c1e,30,2,even,20,4,3e54be8d3e703eec
action_dit_adaln_norm1,1c1e,30,3,odd,20,4,bc18bd98bcb6bec0
action_dit_adaln_norm1,1c1e,30,4,even,20,4,3e8abeee3f4abd96
action_dit_adaln_norm1,1c1e,30,5,odd,20,4,3e813f22bf0c3c98
action_dit_adaln_norm1,1c1e,30,6,even,20,4,be96be3b3f2dbc90
action_dit_adaln_norm1,1c1e,30,7,odd,20,4,be68be0a3d9d3d99
action_dit_adaln_norm1,1c1e,30,8,even,20,4,3f0e3e7abe7f3e8e
action_dit_adaln_norm1,1c1e,30,9,odd,20,4,beb1bd72be88bd83
action_dit_adaln_norm1,1c1e,30,10,even,20,4,3e97be033f103dc4
action_dit_adaln_norm1,1c1e,30,11,odd,20,4,3cf83e92be8a3e3c
action_dit_adaln_norm1,1c1e,30,12,even,20,4,3e28bd2a3e893e10
action_dit_adaln_norm1,1c1e,30,13,odd,20,4,bc20beadbe96bec8
action_dit_adaln_norm1,1c1e,30,14,even,20,4,3d71bd1e3eb9bce8
action_dit_adaln_norm1,1c1e,30,15,odd,20,4,bf23bc583ea33e16
action_dit_adaln_norm1,1c1e,30,0,even,21,4,3e54bec53eacbdd6
action_dit_adaln_norm1,1c1e,30,1,odd,21,4,bdf4be1f3eab3e38
action_dit_adaln_norm1,1c1e,30,2,even,21,4,3e783dfa3ea13f05
action_dit_adaln_norm1,1c1e,30,3,odd,21,4,bdebbe66be78bee0
action_dit_adaln_norm1,1c1e,30,4,even,21,4,3c503ea1bdcfbc50
action_dit_adaln_norm1,1c1e,30,5,odd,21,4,be853eaabd7fbf0d
action_dit_adaln_norm1,1c1e,30,6,even,21,4,bd883daebe813ebf
action_dit_adaln_norm1,1c1e,30,7,odd,21,4,3e88bd383f0b3df2
action_dit_adaln_norm1,1c1e,30,8,even,21,4,3e893e513d14be31
action_dit_adaln_norm1,1c1e,30,9,odd,21,4,be65bdd8bdbdbefc
action_dit_adaln_norm1,1c1e,30,10,even,21,4,3f5abc80bea9bf07
action_dit_adaln_norm1,1c1e,30,11,odd,21,4,3eba3f123e20be81
action_dit_adaln_norm1,1c1e,30,12,even,21,4,3e773dc63df2beb8
action_dit_adaln_norm1,1c1e,30,13,odd,21,4,be2a3d77be023cac
action_dit_adaln_norm1,1c1e,30,14,even,21,4,3e7a3d623ebc3e94
action_dit_adaln_norm1,1c1e,30,15,odd,21,4,3f123d523f0f3e0c
action_dit_adaln_norm1,1c1e,30,0,even,22,4,3e0b3ea1bedb3eb0
action_dit_adaln_norm1,1c1e,30,1,odd,22,4,beb03ec0bdec3de3
action_dit_adaln_norm1,1c1e,30,2,even,22,4,bebebe923c403f16
action_dit_adaln_norm1,1c1e,30,3,odd,22,4,bea3bb003f36bdfa
action_dit_adaln_norm1,1c1e,30,4,even,22,4,be003db43ec03e4e
action_dit_adaln_norm1,1c1e,30,5,odd,22,4,3e8dbc003d98bdcd
action_dit_adaln_norm1,1c1e,30,6,even,22,4,3f023db03b903e42
action_dit_adaln_norm1,1c1e,30,7,odd,22,4,3e993e7e3e65bcb0
action_dit_adaln_norm1,1c1e,30,8,even,22,4,be50bc78be52bdaf
action_dit_adaln_norm1,1c1e,30,9,odd,22,4,bdcebdc1bea23da2
action_dit_adaln_norm1,1c1e,30,10,even,22,4,bee0bf353e88bea4
action_dit_adaln_norm1,1c1e,30,11,odd,22,4,3d6c3ddf3ec3bd77
action_dit_adaln_norm1,1c1e,30,12,even,22,4,3e2cbd203e74be03
action_dit_adaln_norm1,1c1e,30,13,odd,22,4,3c883d69be103d56
action_dit_adaln_norm1,1c1e,30,14,even,22,4,be17beb13d983dfc
action_dit_adaln_norm1,1c1e,30,15,odd,22,4,3d28be09beb0befb
action_dit_adaln_norm1,1c1e,30,0,even,23,4,3d103ee2be45be59
action_dit_adaln_norm1,1c1e,30,1,odd,23,4,3ed23d08be72be13
action_dit_adaln_norm1,1c1e,30,2,even,23,4,becd3e203efdbec4
action_dit_adaln_norm1,1c1e,30,3,odd,23,4,bf11bedbbe23be14
action_dit_adaln_norm1,1c1e,30,4,even,23,4,bb903e383cbabc40
action_dit_adaln_norm1,1c1e,30,5,odd,23,4,3d63be8f3ed8be5e
action_dit_adaln_norm1,1c1e,30,6,even,23,4,3e36bde0bf20bd48
action_dit_adaln_norm1,1c1e,30,7,odd,23,4,3da23e053d8ebee8
action_dit_adaln_norm1,1c1e,30,8,even,23,4,beae3eb0bde83e81
action_dit_adaln_norm1,1c1e,30,9,odd,23,4,bf033f44beb43e08
action_dit_adaln_norm1,1c1e,30,10,even,23,4,3eb8be723eec3e0f
action_dit_adaln_norm1,1c1e,30,11,odd,23,4,3e463e43bec6bef0
action_dit_adaln_norm1,1c1e,30,12,even,23,4,3e223e3dbea6bea2
action_dit_adaln_norm1,1c1e,30,13,odd,23,4,bed83f04bea23df3
action_dit_adaln_norm1,1c1e,30,14,even,23,4,3e2fbed13e423f12
action_dit_adaln_norm1,1c1e,30,15,odd,23,4,3e6e3e11be9ebe54
action_dit_adaln_norm1,1c1f,31,0,even,0,4,3ea23d8abe373ca8
action_dit_adaln_norm1,1c1f,31,1,odd,0,4,3dea3e1c3efe3ecc
action_dit_adaln_norm1,1c1f,31,2,even,0,4,3dc83d14bdcd3e17
action_dit_adaln_norm1,1c1f,31,3,odd,0,4,3dbfbea63e313f1b
action_dit_adaln_norm1,1c1f,31,4,even,0,4,bf09be80be9cbee6
action_dit_adaln_norm1,1c1f,31,5,odd,0,4,3cac3e09be0e3ec6
action_dit_adaln_norm1,1c1f,31,6,even,0,4,3da4bf0ebeec3f4a
action_dit_adaln_norm1,1c1f,31,7,odd,0,4,3e0d3ea23e6cbe5d
action_dit_adaln_norm1,1c1f,31,8,even,0,4,bf053dc3bdbc3ea2
action_dit_adaln_norm1,1c1f,31,9,odd,0,4,3e0a3df53f72be7f
action_dit_adaln_norm1,1c1f,31,10,even,0,4,3ca93e5e3e13be82
action_dit_adaln_norm1,1c1f,31,11,odd,0,4,3ecc3e803e403e06
action_dit_adaln_norm1,1c1f,31,12,even,0,4,be863d8c3cd8bcf0
action_dit_adaln_norm1,1c1f,31,13,odd,0,4,bdc13ebcbf0a3ed2
action_dit_adaln_norm1,1c1f,31,14,even,0,4,bf20bea0be103e14
action_dit_adaln_norm1,1c1f,31,15,odd,0,4,be38bec9bed3be95
action_dit_adaln_norm1,1c1f,31,0,even,1,4,bee8be6c3d8ebecb
action_dit_adaln_norm1,1c1f,31,1,odd,1,4,bf34bdb7be343c88
action_dit_adaln_norm1,1c1f,31,2,even,1,4,3dae3e20bebabe56
action_dit_adaln_norm1,1c1f,31,3,odd,1,4,bd12be2cbf2ebe43
action_dit_adaln_norm1,1c1f,31,4,even,1,4,be64bd31be4cbebe
action_dit_adaln_norm1,1c1f,31,5,odd,1,4,3efebe333ce9bf25
action_dit_adaln_norm1,1c1f,31,6,even,1,4,3e0ebf233e683e62
action_dit_adaln_norm1,1c1f,31,7,odd,1,4,3d00be7fbf4dbf21
action_dit_adaln_norm1,1c1f,31,8,even,1,4,3e7a3f033d7cbc92
action_dit_adaln_norm1,1c1f,31,9,odd,1,4,be083d203e943f10
action_dit_adaln_norm1,1c1f,31,10,even,1,4,3e32bd52be72beb2
action_dit_adaln_norm1,1c1f,31,11,odd,1,4,bea33ef4bd78bd4a
action_dit_adaln_norm1,1c1f,31,12,even,1,4,3de4be61bf00bf2e
action_dit_adaln_norm1,1c1f,31,13,odd,1,4,be9f3e063e653d10
action_dit_adaln_norm1,1c1f,31,14,even,1,4,beafbd5cbba0bec1
action_dit_adaln_norm1,1c1f,31,15,odd,1,4,bd3cbeae3ddabd42
action_dit_adaln_norm1,1c1f,31,0,even,2,4,3e463f12bed6beb4
action_dit_adaln_norm1,1c1f,31,1,odd,2,4,be41be90befc3ec1
action_dit_adaln_norm1,1c1f,31,2,even,2,4,3db03debbe9cbe39
action_dit_adaln_norm1,1c1f,31,3,odd,2,4,bedf3e953dd83eab
action_dit_adaln_norm1,1c1f,31,4,even,2,4,3ce4bcb5beb93ea5
action_dit_adaln_norm1,1c1f,31,5,odd,2,4,3e18bf023ed63ed8
action_dit_adaln_norm1,1c1f,31,6,even,2,4,be8dbe0f3e4cbb80
action_dit_adaln_norm1,1c1f,31,7,odd,2,4,bc40be3dbea23e30
action_dit_adaln_norm1,1c1f,31,8,even,2,4,3d9e3c70bda63ea5
action_dit_adaln_norm1,1c1f,31,9,odd,2,4,be123e0abe0cbb00
action_dit_adaln_norm1,1c1f,31,10,even,2,4,bee6be093d20bf1d
action_dit_adaln_norm1,1c1f,31,11,odd,2,4,be41bd8ebdf03e45
action_dit_adaln_norm1,1c1f,31,12,even,2,4,bde3be463e953c8c
action_dit_adaln_norm1,1c1f,31,13,odd,2,4,bc84be5abee73da6
action_dit_adaln_norm1,1c1f,31,14,even,2,4,3d9a3f0bbd74bea8
action_dit_adaln_norm1,1c1f,31,15,odd,2,4,bef7be033e373eb1
action_dit_adaln_norm1,1c1f,31,0,even,3,4,3e1c3e443e22bd04
action_dit_adaln_norm1,1c1f,31,1,odd,3,4,3e89be46bba0bda2
action_dit_adaln_norm1,1c1f,31,2,even,3,4,3da23e32bce0bed8
action_dit_adaln_norm1,1c1f,31,3,odd,3,4,bf053f10bbc8be7d
action_dit_adaln_norm1,1c1f,31,4,even,3,4,3ce0bcb03e943e76
action_dit_adaln_norm1,1c1f,31,5,odd,3,4,be5a3ea13e32be8a
action_dit_adaln_norm1,1c1f,31,6,even,3,4,bd46be2fbecc3e00
action_dit_adaln_norm1,1c1f,31,7,odd,3,4,be6e3ed53e933efd
action_dit_adaln_norm1,1c1f,31,8,even,3,4,be36beecbdd9be93
action_dit_adaln_norm1,1c1f,31,9,odd,3,4,bc99bf09be883e3c
action_dit_adaln_norm1,1c1f,31,10,even,3,4,3da43db73c2c3ebd
action_dit_adaln_norm1,1c1f,31,11,odd,3,4,be68be463f03be2b
action_dit_adaln_norm1,1c1f,31,12,even,3,4,be9abac03e05bd48
action_dit_adaln_norm1,1c1f,31,13,odd,3,4,be713dae3ea4be3a
action_dit_adaln_norm1,1c1f,31,14,even,3,4,3e98bdc03edabd3e
action_dit_adaln_norm1,1c1f,31,15,odd,3,4,be623e703d28bed1
action_dit_adaln_norm1,1c1f,31,0,even,4,4,be43be183edabe7e
action_dit_adaln_norm1,1c1f,31,1,odd,4,4,3ead3e0cbe903c80
action_dit_adaln_norm1,1c1f,31,2,even,4,4,be543ef23dc1be9f
action_dit_adaln_norm1,1c1f,31,3,odd,4,4,3f19bdbc3df83e8e
action_dit_adaln_norm1,1c1f,31,4,even,4,4,3ea9be6a3e73be5b
action_dit_adaln_norm1,1c1f,31,5,odd,4,4,be993e363e86be5f
action_dit_adaln_norm1,1c1f,31,6,even,4,4,be0abec4be1bbe96
action_dit_adaln_norm1,1c1f,31,7,odd,4,4,be11be54be443dd8
action_dit_adaln_norm1,1c1f,31,8,even,4,4,be06beb1be8a3da7
action_dit_adaln_norm1,1c1f,31,9,odd,4,4,bed9bed4bdb4bdfa
action_dit_adaln_norm1,1c1f,31,10,even,4,4,3eb5be47bec03c30
action_dit_adaln_norm1,1c1f,31,11,odd,4,4,be243edabf2a3eca
action_dit_adaln_norm1,1c1f,31,12,even,4,4,3e15bd82bdfabf11
action_dit_adaln_norm1,1c1f,31,13,odd,4,4,bd3c3d943e1d3dea
action_dit_adaln_norm1,1c1f,31,14,even,4,4,bf52bcdc3e9c3c80
action_dit_adaln_norm1,1c1f,31,15,odd,4,4,3ea1bdf33dbdbed6
action_dit_adaln_norm1,1c1f,31,0,even,5,4,3cb0befebc483e52
action_dit_adaln_norm1,1c1f,31,1,odd,5,4,3e973c9c3d10bec6
action_dit_adaln_norm1,1c1f,31,2,even,5,4,bd30be353e4c3e7c
action_dit_adaln_norm1,1c1f,31,3,odd,5,4,be99bd98be2e3e4c
action_dit_adaln_norm1,1c1f,31,4,even,5,4,3ddebddabd3cbe05
action_dit_adaln_norm1,1c1f,31,5,odd,5,4,3df7be563d90bb60
action_dit_adaln_norm1,1c1f,31,6,even,5,4,3d36be153ed5bec9
action_dit_adaln_norm1,1c1f,31,7,odd,5,4,3d523f0cbdfebe63
action_dit_adaln_norm1,1c1f,31,8,even,5,4,3f183e76be893e0b
action_dit_adaln_norm1,1c1f,31,9,odd,5,4,3f0b3dd23f0dbed1
action_dit_adaln_norm1,1c1f,31,10,even,5,4,be933df9bc20bdfd
action_dit_adaln_norm1,1c1f,31,11,odd,5,4,3e933da1be63be3d
action_dit_adaln_norm1,1c1f,31,12,even,5,4,bcd43d943e3e3edb
action_dit_adaln_norm1,1c1f,31,13,odd,5,4,bef6be3c3c453ea5
action_dit_adaln_norm1,1c1f,31,14,even,5,4,3e98beecbe853eae
action_dit_adaln_norm1,1c1f,31,15,odd,5,4,3f203ea6bf28bd04
action_dit_adaln_norm1,1c1f,31,0,even,6,4,be40bf1c3d983f2a
action_dit_adaln_norm1,1c1f,31,1,odd,6,4,bd003e34bddcbf0a
action_dit_adaln_norm1,1c1f,31,2,even,6,4,3ebabd48bd843e89
action_dit_adaln_norm1,1c1f,31,3,odd,6,4,be0a3eac3e0abebf
action_dit_adaln_norm1,1c1f,31,4,even,6,4,3dbd3e84be8c3d75
action_dit_adaln_norm1,1c1f,31,5,odd,6,4,3d943f06bd1bbd9a
action_dit_adaln_norm1,1c1f,31,6,even,6,4,3c903e30bef2bdae
action_dit_adaln_norm1,1c1f,31,7,odd,6,4,be193e45be75be55
action_dit_adaln_norm1,1c1f,31,8,even,6,4,beee3b003ef23eab
action_dit_adaln_norm1,1c1f,31,9,odd,6,4,bea3bdde3e15bea0
action_dit_adaln_norm1,1c1f,31,10,even,6,4,3ce0bebebe843d44
action_dit_adaln_norm1,1c1f,31,11,odd,6,4,3f02be883e80be2e
action_dit_adaln_norm1,1c1f,31,12,even,6,4,bbf03ed83e7c3e36
action_dit_adaln_norm1,1c1f,31,13,odd,6,4,be85be923ebc3df4
action_dit_adaln_norm1,1c1f,31,14,even,6,4,3e85be26bd973ea7
action_dit_adaln_norm1,1c1f,31,15,odd,6,4,3e1cbe8dbeda3e24
action_dit_adaln_norm1,1c1f,31,0,even,7,4,3b403e313df73f13
action_dit_adaln_norm1,1c1f,31,1,odd,7,4,be50be86be3e3b88
action_dit_adaln_norm1,1c1f,31,2,even,7,4,bdf43d9e3ea3beca
action_dit_adaln_norm1,1c1f,31,3,odd,7,4,3e96bf473e293e5c
action_dit_adaln_norm1,1c1f,31,4,even,7,4,bd62bd00bf01bdb8
action_dit_adaln_norm1,1c1f,31,5,odd,7,4,beaabf16be24bee0
action_dit_adaln_norm1,1c1f,31,6,even,7,4,be5bbd78bd943dba
action_dit_adaln_norm1,1c1f,31,7,odd,7,4,bea8be563d94bd38
action_dit_adaln_norm1,1c1f,31,8,even,7,4,bd9f3dba3e383ed7
action_dit_adaln_norm1,1c1f,31,9,odd,7,4,3cf03e67bd6b3c68
action_dit_adaln_norm1,1c1f,31,10,even,7,4,3e683e1e3f243edd
action_dit_adaln_norm1,1c1f,31,11,odd,7,4,bd5fbdb1be6e3f09
action_dit_adaln_norm1,1c1f,31,12,even,7,4,be013dd23e263dd8
action_dit_adaln_norm1,1c1f,31,13,odd,7,4,3f11befcbd60becb
action_dit_adaln_norm1,1c1f,31,14,even,7,4,bb62be133dd4bd26
action_dit_adaln_norm1,1c1f,31,15,odd,7,4,beb43d803980be3a
action_dit_adaln_norm1,1c1f,31,0,even,8,4,3e243d0c3e7e3e72
action_dit_adaln_norm1,1c1f,31,1,odd,8,4,3d3abee3bc383ec2
action_dit_adaln_norm1,1c1f,31,2,even,8,4,be0cbd2a3e2dbd78
action_dit_adaln_norm1,1c1f,31,3,odd,8,4,be4ebf0bbf4a3f04
action_dit_adaln_norm1,1c1f,31,4,even,8,4,3f18bea83c74bf02
action_dit_adaln_norm1,1c1f,31,5,odd,8,4,3e07be55bedabe50
action_dit_adaln_norm1,1c1f,31,6,even,8,4,3df6bd983c20beb3
action_dit_adaln_norm1,1c1f,31,7,odd,8,4,3e913df0be96bf46
action_dit_adaln_norm1,1c1f,31,8,even,8,4,3e5a3ec6bec9bdac
action_dit_adaln_norm1,1c1f,31,9,odd,8,4,3ce53e00bebe3e84
action_dit_adaln_norm1,1c1f,31,10,even,8,4,3c20be51bee93c40
action_dit_adaln_norm1,1c1f,31,11,odd,8,4,bea53e22bef6bf52
action_dit_adaln_norm1,1c1f,31,12,even,8,4,3e4c3e2e3ea9bee2
action_dit_adaln_norm1,1c1f,31,13,odd,8,4,bd3e3ecc3f223dac
action_dit_adaln_norm1,1c1f,31,14,even,8,4,bde23f06bef83e82
action_dit_adaln_norm1,1c1f,31,15,odd,8,4,bd2abf2a3dc53cc8
action_dit_adaln_norm1,1c1f,31,0,even,9,4,bde83e673ed1be98
action_dit_adaln_norm1,1c1f,31,1,odd,9,4,3e8f3f2cbf443e9e
action_dit_adaln_norm1,1c1f,31,2,even,9,4,3e533cdcbb80be96
action_dit_adaln_norm1,1c1f,31,3,odd,9,4,3e943e133efc3ea2
action_dit_adaln_norm1,1c1f,31,4,even,9,4,3effbd86be4e3f38
action_dit_adaln_norm1,1c1f,31,5,odd,9,4,3f0abe27be3e3e54
action_dit_adaln_norm1,1c1f,31,6,even,9,4,3dd23ea0bdbe3eb8
action_dit_adaln_norm1,1c1f,31,7,odd,9,4,3ec4bd90be883f18
action_dit_adaln_norm1,1c1f,31,8,even,9,4,bd543edc3e113ea3
action_dit_adaln_norm1,1c1f,31,9,odd,9,4,3db13e853e96bf4d
action_dit_adaln_norm1,1c1f,31,10,even,9,4,3d86bd343efb3ee9
action_dit_adaln_norm1,1c1f,31,11,odd,9,4,3dcfbd90be723e2a
action_dit_adaln_norm1,1c1f,31,12,even,9,4,be13bca4bed8be97
action_dit_adaln_norm1,1c1f,31,13,odd,9,4,bd78bd3d3d863dc6
action_dit_adaln_norm1,1c1f,31,14,even,9,4,becc3e0abc08be11
action_dit_adaln_norm1,1c1f,31,15,odd,9,4,be11bcc0be773ebc
action_dit_adaln_norm1,1c1f,31,0,even,10,4,3da33e26bed9be28
action_dit_adaln_norm1,1c1f,31,1,odd,10,4,be9cbdc13ebebe32
action_dit_adaln_norm1,1c1f,31,2,even,10,4,3e04bc283cdcbdf9
action_dit_adaln_norm1,1c1f,31,3,odd,10,4,be64bddc3d873ec2
action_dit_adaln_norm1,1c1f,31,4,even,10,4,3ebf3e4a3e4cbec2
action_dit_adaln_norm1,1c1f,31,5,odd,10,4,3db8bd74bd3e3dbc
action_dit_adaln_norm1,1c1f,31,6,even,10,4,3e333d763f04bd05
action_dit_adaln_norm1,1c1f,31,7,odd,10,4,be453d90bd953d95
action_dit_adaln_norm1,1c1f,31,8,even,10,4,3ee43e3e3e0dbd2c
action_dit_adaln_norm1,1c1f,31,9,odd,10,4,3df53e853ed33ead
action_dit_adaln_norm1,1c1f,31,10,even,10,4,bf00be82be1fbe97
action_dit_adaln_norm1,1c1f,31,11,odd,10,4,be223e96bcf43edb
action_dit_adaln_norm1,1c1f,31,12,even,10,4,3ebdbe3ebe96beaf
action_dit_adaln_norm1,1c1f,31,13,odd,10,4,3e683da13eaabe2e
action_dit_adaln_norm1,1c1f,31,14,even,10,4,be403d96bee13e87
action_dit_adaln_norm1,1c1f,31,15,odd,10,4,3d48bc88be3c3ed8
action_dit_adaln_norm1,1c1f,31,0,even,11,4,3da2bc70bcf8bdec
action_dit_adaln_norm1,1c1f,31,1,odd,11,4,3e75bf00be5d3e92
action_dit_adaln_norm1,1c1f,31,2,even,11,4,3cd0be88bea03e96
action_dit_adaln_norm1,1c1f,31,3,odd,11,4,bd34bf2cbec0bf0c
action_dit_adaln_norm1,1c1f,31,4,even,11,4,3e2ebed93d2e3e31
action_dit_adaln_norm1,1c1f,31,5,odd,11,4,bc20bdc13e9c3e56
action_dit_adaln_norm1,1c1f,31,6,even,11,4,3ddd3dd4bdce3e27
action_dit_adaln_norm1,1c1f,31,7,odd,11,4,3e8b3d91be633e52
action_dit_adaln_norm1,1c1f,31,8,even,11,4,be2c3e7c3ccc3d20
action_dit_adaln_norm1,1c1f,31,9,odd,11,4,be3cbe2c3dc4bf1d
action_dit_adaln_norm1,1c1f,31,10,even,11,4,bf4a3f0cbee0bc18
action_dit_adaln_norm1,1c1f,31,11,odd,11,4,3f23be2a3dfbbe23
action_dit_adaln_norm1,1c1f,31,12,even,11,4,3eb03da03e91be07
action_dit_adaln_norm1,1c1f,31,13,odd,11,4,3efe3e8a3eb83e81
action_dit_adaln_norm1,1c1f,31,14,even,11,4,3e483e5e3e7abda8
action_dit_adaln_norm1,1c1f,31,15,odd,11,4,3d97bee4bef6bf00
action_dit_adaln_norm1,1c1f,31,0,even,12,4,3e833ea8bee43ec1
action_dit_adaln_norm1,1c1f,31,1,odd,12,4,3da4bed8bf103e86
action_dit_adaln_norm1,1c1f,31,2,even,12,4,beb43ed03e8c3da3
action_dit_adaln_norm1,1c1f,31,3,odd,12,4,bd303e1ebe2abf31
action_dit_adaln_norm1,1c1f,31,4,even,12,4,3e1e3e9abf533e82
action_dit_adaln_norm1,1c1f,31,5,odd,12,4,bf0b3e343d82bf09
action_dit_adaln_norm1,1c1f,31,6,even,12,4,bf3abcfa3e93be19
action_dit_adaln_norm1,1c1f,31,7,odd,12,4,bb98be8d3e543da4
action_dit_adaln_norm1,1c1f,31,8,even,12,4,3ef3be5d3ea8be66
action_dit_adaln_norm1,1c1f,31,9,odd,12,4,bea03b803e6d3e96
action_dit_adaln_norm1,1c1f,31,10,even,12,4,3e353f2ebe663f0e
action_dit_adaln_norm1,1c1f,31,11,odd,12,4,3ed83ea13eb53e3a
action_dit_adaln_norm1,1c1f,31,12,even,12,4,be87be1bbe6abe39
action_dit_adaln_norm1,1c1f,31,13,odd,12,4,3e8ebe1fbe7cbea9
action_dit_adaln_norm1,1c1f,31,14,even,12,4,3ee73eef3d40bb00
action_dit_adaln_norm1,1c1f,31,15,odd,12,4,3cacbd5ebee5bdbb
action_dit_adaln_norm1,1c1f,31,0,even,13,4,3c9e3db23e5bbed4
action_dit_adaln_norm1,1c1f,31,1,odd,13,4,be003cc8bdc43f0e
action_dit_adaln_norm1,1c1f,31,2,even,13,4,3ec23e743dc9bcd0
action_dit_adaln_norm1,1c1f,31,3,odd,13,4,3e8bbe4a3e8abe6a
action_dit_adaln_norm1,1c1f,31,4,even,13,4,3e923eeebe043ed9
action_dit_adaln_norm1,1c1f,31,5,odd,13,4,3f233ea23ea03eb4
action_dit_adaln_norm1,1c1f,31,6,even,13,4,bea53ef7bf383dfc
action_dit_adaln_norm1,1c1f,31,7,odd,13,4,bea4bde4be7dbdb7
action_dit_adaln_norm1,1c1f,31,8,even,13,4,3cf8be95bca03dc4
action_dit_adaln_norm1,1c1f,31,9,odd,13,4,be7dbf25bedb3f02
action_dit_adaln_norm1,1c1f,31,10,even,13,4,3f00bdf03e843e55
action_dit_adaln_norm1,1c1f,31,11,odd,13,4,3e09be8cbe72bd0e
action_dit_adaln_norm1,1c1f,31,12,even,13,4,bdf8be063d373daa
action_dit_adaln_norm1,1c1f,31,13,odd,13,4,bf00be4abda4bdcd
action_dit_adaln_norm1,1c1f,31,14,even,13,4,3efe3e623ecbbeb4
action_dit_adaln_norm1,1c1f,31,15,odd,13,4,bef1bda7be873ea6
action_dit_adaln_norm1,1c1f,31,0,even,14,4,bbac3f8cbe96be9e
action_dit_adaln_norm1,1c1f,31,1,odd,14,4,be2ebe65be343d9c
action_dit_adaln_norm1,1c1f,31,2,even,14,4,bd403a80beb6be00
action_dit_adaln_norm1,1c1f,31,3,odd,14,4,be30bdc3be30be70
action_dit_adaln_norm1,1c1f,31,4,even,14,4,be8b3e223e2abd3e
action_dit_adaln_norm1,1c1f,31,5,odd,14,4,be413eacbe9c3ee4
action_dit_adaln_norm1,1c1f,31,6,even,14,4,be0fbe87bc0cbde0
action_dit_adaln_norm1,1c1f,31,7,odd,14,4,bc703e9ebe50bd5c
action_dit_adaln_norm1,1c1f,31,8,even,14,4,3eec3e65bdbe3ebd
action_dit_adaln_norm1,1c1f,31,9,odd,14,4,bee43ee6bf0cbe3d
action_dit_adaln_norm1,1c1f,31,10,even,14,4,be7a3c18be72be92
action_dit_adaln_norm1,1c1f,31,11,odd,14,4,beb43e393e90be92
action_dit_adaln_norm1,1c1f,31,12,even,14,4,bca0be9abe56bea8
action_dit_adaln_norm1,1c1f,31,13,odd,14,4,3e2c3e84be033dba
action_dit_adaln_norm1,1c1f,31,14,even,14,4,3c7cbee23f3e3de9
action_dit_adaln_norm1,1c1f,31,15,odd,14,4,3f023efcbf403eb4
action_dit_adaln_norm1,1c1f,31,0,even,15,4,3d93bdd43f20bd24
action_dit_adaln_norm1,1c1f,31,1,odd,15,4,3f04beca3d10bf08
action_dit_adaln_norm1,1c1f,31,2,even,15,4,3e033dc9bdb5bd98
action_dit_adaln_norm1,1c1f,31,3,odd,15,4,3ed4be343e4abef1
action_dit_adaln_norm1,1c1f,31,4,even,15,4,3ee0bedc3f31be14
action_dit_adaln_norm1,1c1f,31,5,odd,15,4,3d593e8abe4c3de6
action_dit_adaln_norm1,1c1f,31,6,even,15,4,3e1cbc0cbe21be97
action_dit_adaln_norm1,1c1f,31,7,odd,15,4,be12befe3e44bdfe
action_dit_adaln_norm1,1c1f,31,8,even,15,4,3e3a3e1dbcccbbb2
action_dit_adaln_norm1,1c1f,31,9,odd,15,4,bdf8be0a3de23e84
action_dit_adaln_norm1,1c1f,31,10,even,15,4,be20bd9dbdbd3df4
action_dit_adaln_norm1,1c1f,31,11,odd,15,4,3da93e8a3e783ed7
action_dit_adaln_norm1,1c1f,31,12,even,15,4,3f2b3f2b3a003ee6
action_dit_adaln_norm1,1c1f,31,13,odd,15,4,bd78be2dbe1abf34
action_dit_adaln_norm1,1c1f,31,14,even,15,4,3e52bc20be2b3ed1
action_dit_adaln_norm1,1c1f,31,15,odd,15,4,be4bbdff3df63dbc
action_dit_adaln_norm1,1c1f,31,0,even,16,4,beda3ea0be00bd8c
action_dit_adaln_norm1,1c1f,31,1,odd,16,4,3e483ec4beca3db6
action_dit_adaln_norm1,1c1f,31,2,even,16,4,3e1b3d64be58bb80
action_dit_adaln_norm1,1c1f,31,3,odd,16,4,3dc63eb43dc03df1
action_dit_adaln_norm1,1c1f,31,4,even,16,4,3d93bd1c3e763e0d
action_dit_adaln_norm1,1c1f,31,5,odd,16,4,3e1d3e82bdbebcbc
action_dit_adaln_norm1,1c1f,31,6,even,16,4,be263ea5bebc3e4e
action_dit_adaln_norm1,1c1f,31,7,odd,16,4,3e59be733e50bd14
action_dit_adaln_norm1,1c1f,31,8,even,16,4,bf11bd7abf22be21
action_dit_adaln_norm1,1c1f,31,9,odd,16,4,be923e503e8d3e2e
action_dit_adaln_norm1,1c1f,31,10,even,16,4,3d9abdeebba4be6e
action_dit_adaln_norm1,1c1f,31,11,odd,16,4,3e56bd9ebec6bd10
action_dit_adaln_norm1,1c1f,31,12,even,16,4,3e18bc38beaabe7a
action_dit_adaln_norm1,1c1f,31,13,odd,16,4,bde6be0b3e8abea2
action_dit_adaln_norm1,1c1f,31,14,even,16,4,3e5e3da6bd303eca
action_dit_adaln_norm1,1c1f,31,15,odd,16,4,3e7c3ead3e183e0b
action_dit_adaln_norm1,1c1f,31,0,even,17,4,3f1bbddc3e293eb5
action_dit_adaln_norm1,1c1f,31,1,odd,17,4,3ea23f13bed33e02
action_dit_adaln_norm1,1c1f,31,2,even,17,4,3eb33d3f3e7abe40
action_dit_adaln_norm1,1c1f,31,3,odd,17,4,3de83e0c3e9d3e88
action_dit_adaln_norm1,1c1f,31,4,even,17,4,bc9c3ce8beec3eb4
action_dit_adaln_norm1,1c1f,31,5,odd,17,4,3e433ddfbea9bbe8
action_dit_adaln_norm1,1c1f,31,6,even,17,4,bd87be253f333dbe
action_dit_adaln_norm1,1c1f,31,7,odd,17,4,3f163e08be4b3e94
action_dit_adaln_norm1,1c1f,31,8,even,17,4,3ed83b90bcccbef4
action_dit_adaln_norm1,1c1f,31,9,odd,17,4,be0a3c83bd7abd2c
action_dit_adaln_norm1,1c1f,31,10,even,17,4,be14be38bea4bf19
action_dit_adaln_norm1,1c1f,31,11,odd,17,4,3dd63de4be36bdad
action_dit_adaln_norm1,1c1f,31,12,even,17,4,3e53bef6bedc3ece
action_dit_adaln_norm1,1c1f,31,13,odd,17,4,3f07bdbebf26bd87
action_dit_adaln_norm1,1c1f,31,14,even,17,4,bea7bb603dfa3d9a
action_dit_adaln_norm1,1c1f,31,15,odd,17,4,3da5be593e683e6d
action_dit_adaln_norm1,1c1f,31,0,even,18,4,3ea0bec2be4b3d58
action_dit_adaln_norm1,1c1f,31,1,odd,18,4,3d823f0ebdf03eaa
action_dit_adaln_norm1,1c1f,31,2,even,18,4,bc30befb3d943edd
action_dit_adaln_norm1,1c1f,31,3,odd,18,4,be8fbe2bbcc63d50
action_dit_adaln_norm1,1c1f,31,4,even,18,4,bc38bee7bdf03dad
action_dit_adaln_norm1,1c1f,31,5,odd,18,4,bed6bdd83dae3dce
action_dit_adaln_norm1,1c1f,31,6,even,18,4,3eae3e343cf8bea8
action_dit_adaln_norm1,1c1f,31,7,odd,18,4,3ef0bca03d203e1b
action_dit_adaln_norm1,1c1f,31,8,even,18,4,be98bea33eb03b80
action_dit_adaln_norm1,1c1f,31,9,odd,18,4,bd203e563e323ea6
action_dit_adaln_norm1,1c1f,31,10,even,18,4,bebc3f4d3e84be72
action_dit_adaln_norm1,1c1f,31,11,odd,18,4,3f003f42be263c88
action_dit_adaln_norm1,1c1f,31,12,even,18,4,bd343ed4bf283e89
action_dit_adaln_norm1,1c1f,31,13,odd,18,4,3e4b3eb43d983e33
action_dit_adaln_norm1,1c1f,31,14,even,18,4,3da4bc54be91be90
action_dit_adaln_norm1,1c1f,31,15,odd,18,4,bd58bd78bd8abe76
action_dit_adaln_norm1,1c1f,31,0,even,19,4,be263e5c3dc43dd4
action_dit_adaln_norm1,1c1f,31,1,odd,19,4,3ddcbe763ebf3f1e
action_dit_adaln_norm1,1c1f,31,2,even,19,4,3ee53ec8bee3bd70
action_dit_adaln_norm1,1c1f,31,3,odd,19,4,3e5e3e8fbe7d3ea9
action_dit_adaln_norm1,1c1f,31,4,even,19,4,3e1cbe3fbf1bbc7c
action_dit_adaln_norm1,1c1f,31,5,odd,19,4,3e9ebd78be8e3dd0
action_dit_adaln_norm1,1c1f,31,6,even,19,4,3f01be0abee53e08
action_dit_adaln_norm1,1c1f,31,7,odd,19,4,3ec2bd703e943f25
action_dit_adaln_norm1,1c1f,31,8,even,19,4,be3e3f4cbe8c3d20
action_dit_adaln_norm1,1c1f,31,9,odd,19,4,3ef9bf003e32bef8
action_dit_adaln_norm1,1c1f,31,10,even,19,4,3ef13dcb3c083e90
action_dit_adaln_norm1,1c1f,31,11,odd,19,4,bda8be63bd6c3ef9
action_dit_adaln_norm1,1c1f,31,12,even,19,4,be723c603e783dcd
action_dit_adaln_norm1,1c1f,31,13,odd,19,4,bdb1beaa3ee4be89
action_dit_adaln_norm1,1c1f,31,14,even,19,4,bc08bcd0be06bd11
action_dit_adaln_norm1,1c1f,31,15,odd,19,4,3e203de43e2a3e44
action_dit_adaln_norm1,1c1f,31,0,even,20,4,bd84bcd0bf163f17
action_dit_adaln_norm1,1c1f,31,1,odd,20,4,3f12be93bd973e1e
action_dit_adaln_norm1,1c1f,31,2,even,20,4,3e30be953e1f3e90
action_dit_adaln_norm1,1c1f,31,3,odd,20,4,be1d3def3bd0bdd4
action_dit_adaln_norm1,1c1f,31,4,even,20,4,3ed1beea3f42be78
action_dit_adaln_norm1,1c1f,31,5,odd,20,4,3eaa3ef1bf6abd90
action_dit_adaln_norm1,1c1f,31,6,even,20,4,be70bbe03f28bd97
action_dit_adaln_norm1,1c1f,31,7,odd,20,4,be57bdda3e453dad
action_dit_adaln_norm1,1c1f,31,8,even,20,4,3f0d3eae3b903e5a
action_dit_adaln_norm1,1c1f,31,9,odd,20,4,3df5bd1fbe42be19
action_dit_adaln_norm1,1c1f,31,10,even,20,4,bd0ebe753edb3e0c
action_dit_adaln_norm1,1c1f,31,11,odd,20,4,bd1c3e06be4e3e2f
action_dit_adaln_norm1,1c1f,31,12,even,20,4,3e1dbea93e943d00
action_dit_adaln_norm1,1c1f,31,13,odd,20,4,bd20bdeebec7beb0
action_dit_adaln_norm1,1c1f,31,14,even,20,4,be23bdbd3ed8bdb2
action_dit_adaln_norm1,1c1f,31,15,odd,20,4,bf563e3a3f0ebd96
action_dit_adaln_norm1,1c1f,31,0,even,21,4,3e9bbe7e3e43be4e
action_dit_adaln_norm1,1c1f,31,1,odd,21,4,be21be833e823e52
action_dit_adaln_norm1,1c1f,31,2,even,21,4,3ec0bcfe3e883f21
action_dit_adaln_norm1,1c1f,31,3,odd,21,4,bebbbe68bebabed8
action_dit_adaln_norm1,1c1f,31,4,even,21,4,3e0c3e68be613ca4
action_dit_adaln_norm1,1c1f,31,5,odd,21,4,bed43eeabd0ebe35
action_dit_adaln_norm1,1c1f,31,6,even,21,4,bd3abd99be063eb8
action_dit_adaln_norm1,1c1f,31,7,odd,21,4,3e8dbdc43ebfbba0
action_dit_adaln_norm1,1c1f,31,8,even,21,4,3e623d3a3e96be4f
action_dit_adaln_norm1,1c1f,31,9,odd,21,4,be7ebdd23d19bed2
action_dit_adaln_norm1,1c1f,31,10,even,21,4,3f453e1ebe44beeb
action_dit_adaln_norm1,1c1f,31,11,odd,21,4,3ea03eea3e02bf13
action_dit_adaln_norm1,1c1f,31,12,even,21,4,3e2d3bf43dd0bea8
action_dit_adaln_norm1,1c1f,31,13,odd,21,4,be64bdb4bead3bb0
action_dit_adaln_norm1,1c1f,31,14,even,21,4,3dc2bc983ec13e26
action_dit_adaln_norm1,1c1f,31,15,odd,21,4,3f13bc883f4ebdf7
action_dit_adaln_norm1,1c1f,31,0,even,22,4,3c903dc8bea83ea6
action_dit_adaln_norm1,1c1f,31,1,odd,22,4,be623ee2bd3a3e2a
action_dit_adaln_norm1,1c1f,31,2,even,22,4,be683db03dca3ec9
action_dit_adaln_norm1,1c1f,31,3,odd,22,4,be26be5b3f083d08
action_dit_adaln_norm1,1c1f,31,4,even,22,4,be033e5c3ec53e3a
action_dit_adaln_norm1,1c1f,31,5,odd,22,4,3eadbd243e1e3d8a
action_dit_adaln_norm1,1c1f,31,6,even,22,4,3f3abe10bdf23de2
action_dit_adaln_norm1,1c1f,31,7,odd,22,4,3ebc3e723ea6bd22
action_dit_adaln_norm1,1c1f,31,8,even,22,4,be023cccbd9dbe18
action_dit_adaln_norm1,1c1f,31,9,odd,22,4,bc743bc0be343e62
action_dit_adaln_norm1,1c1f,31,10,even,22,4,bee6bec93e83bdd8
action_dit_adaln_norm1,1c1f,31,11,odd,22,4,bb003e9c3eb1be3a
action_dit_adaln_norm1,1c1f,31,12,even,22,4,bc20be143e36bea1
action_dit_adaln_norm1,1c1f,31,13,odd,22,4,bdae3daa3d22bd5c
action_dit_adaln_norm1,1c1f,31,14,even,22,4,bcf0be653c803e17
action_dit_adaln_norm1,1c1f,31,15,odd,22,4,be2fbe18beecbf0c
action_dit_adaln_norm1,1c1f,31,0,even,23,4,3cd83ee8bde8be63
action_dit_adaln_norm1,1c1f,31,1,odd,23,4,3e96bc60beb0bbe8
action_dit_adaln_norm1,1c1f,31,2,even,23,4,beec3ddf3edabe49
action_dit_adaln_norm1,1c1f,31,3,odd,23,4,bf02bf04be50be0f
action_dit_adaln_norm1,1c1f,31,4,even,23,4,3e3e3ea83e1bbd58
action_dit_adaln_norm1,1c1f,31,5,odd,23,4,3dcebefb3ebcbe42
action_dit_adaln_norm1,1c1f,31,6,even,23,4,3eaebdd8bf3a3e28
action_dit_adaln_norm1,1c1f,31,7,odd,23,4,bddfbc443d33bedc
action_dit_adaln_norm1,1c1f,31,8,even,23,4,be213ebabe0b3df5
action_dit_adaln_norm1,1c1f,31,9,odd,23,4,be6e3ee1be323d42
action_dit_adaln_norm1,1c1f,31,10,even,23,4,3ed2be923ef2bdb4
action_dit_adaln_norm1,1c1f,31,11,odd,23,4,3e7a3e8cbe55be88
action_dit_adaln_norm1,1c1f,31,12,even,23,4,3e793e8fbebdbed8
action_dit_adaln_norm1,1c1f,31,13,odd,23,4,bec63f29bede3e61
action_dit_adaln_norm1,1c1f,31,14,even,23,4,3b80be623d293f1c
action_dit_adaln_norm1,1c1f,31,15,odd,23,4,3ec03bb0bebdbeb0
action_dit_adaln_norm1,1c20,32,0,even,0,4,3e943e14bdb2bdee
action_dit_adaln_norm1,1c20,32,1,odd,0,4,3e743efa3e6a3dbc
action_dit_adaln_norm1,1c20,32,2,even,0,4,3e643ea5bdc5bd7a
action_dit_adaln_norm1,1c20,32,3,odd,0,4,3ceebf1c3eba3ea0
action_dit_adaln_norm1,1c20,32,4,even,0,4,be81bf14bdccbf17
action_dit_adaln_norm1,1c20,32,5,odd,0,4,3e2d3d743e913e8d
action_dit_adaln_norm1,1c20,32,6,even,0,4,3ee6be6abebb3f4a
action_dit_adaln_norm1,1c20,32,7,odd,0,4,3dd13e093ca8bd10
action_dit_adaln_norm1,1c20,32,8,even,0,4,be74be1ebcec3eb1
action_dit_adaln_norm1,1c20,32,9,odd,0,4,3d823dcc3f0ebecc
action_dit_adaln_norm1,1c20,32,10,even,0,4,be1ebe4a3de3be0b
action_dit_adaln_norm1,1c20,32,11,odd,0,4,3ec4bdec3ebfbe0b
action_dit_adaln_norm1,1c20,32,12,even,0,4,00003c803e183c10
action_dit_adaln_norm1,1c20,32,13,odd,0,4,3c633dbcbe633de8
action_dit_adaln_norm1,1c20,32,14,even,0,4,bf2abe86bedb3eab
action_dit_adaln_norm1,1c20,32,15,odd,0,4,beb4be7ebf28bf00
action_dit_adaln_norm1,1c20,32,0,even,1,4,be2d3d2c3d46be27
action_dit_adaln_norm1,1c20,32,1,odd,1,4,beb7be9bbd313e66
action_dit_adaln_norm1,1c20,32,2,even,1,4,3ddabcecbe8cbeb2
action_dit_adaln_norm1,1c20,32,3,odd,1,4,3e28bd9cbf44bdfb
action_dit_adaln_norm1,1c20,32,4,even,1,4,be923ba4beb8bede
action_dit_adaln_norm1,1c20,32,5,odd,1,4,3f19be143e28bf27
action_dit_adaln_norm1,1c20,32,6,even,1,4,3ed8bef03eb9bd40
action_dit_adaln_norm1,1c20,32,7,odd,1,4,3de0bed0bf34be81
action_dit_adaln_norm1,1c20,32,8,even,1,4,3dec3de83da63d34
action_dit_adaln_norm1,1c20,32,9,odd,1,4,be21be583e6b3e39
action_dit_adaln_norm1,1c20,32,10,even,1,4,3f123c48be06be61
action_dit_adaln_norm1,1c20,32,11,odd,1,4,bf013eaebdf13e51
action_dit_adaln_norm1,1c20,32,12,even,1,4,bccdbe86bf3ebed2
action_dit_adaln_norm1,1c20,32,13,odd,1,4,bf483e0bbca03e97
action_dit_adaln_norm1,1c20,32,14,even,1,4,bf053c00be9ebe4f
action_dit_adaln_norm1,1c20,32,15,odd,1,4,be583d183e323e1c
action_dit_adaln_norm1,1c20,32,0,even,2,4,3e9a3f12bf15befb
action_dit_adaln_norm1,1c20,32,1,odd,2,4,be63bf30bec23e4e
action_dit_adaln_norm1,1c20,32,2,even,2,4,bdb3bd37bd6cbdf2
action_dit_adaln_norm1,1c20,32,3,odd,2,4,beb23e99be203e88
action_dit_adaln_norm1,1c20,32,4,even,2,4,3e62bea5bec33e35
action_dit_adaln_norm1,1c20,32,5,odd,2,4,3e8cbe413efa3f04
action_dit_adaln_norm1,1c20,32,6,even,2,4,beacbdd03ed0be49
action_dit_adaln_norm1,1c20,32,7,odd,2,4,3e52bd58be9c3d51
action_dit_adaln_norm1,1c20,32,8,even,2,4,bc00bc70be933eae
action_dit_adaln_norm1,1c20,32,9,odd,2,4,3d603e69bdf03d84
action_dit_adaln_norm1,1c20,32,10,even,2,4,bed83d94be89bf20
action_dit_adaln_norm1,1c20,32,11,odd,2,4,bcb0be15bdf4bde4
action_dit_adaln_norm1,1c20,32,12,even,2,4,3d2fbdf5bdd4be8b
action_dit_adaln_norm1,1c20,32,13,odd,2,4,3e763d62befdbd10
action_dit_adaln_norm1,1c20,32,14,even,2,4,3ea03f4cbe20bef6
action_dit_adaln_norm1,1c20,32,15,odd,2,4,bed0bcc4bcb03dc8
action_dit_adaln_norm1,1c20,32,0,even,3,4,3eb23d74be10bda2
action_dit_adaln_norm1,1c20,32,1,odd,3,4,3e9ebdf63de1bc78
action_dit_adaln_norm1,1c20,32,2,even,3,4,be323ea9bcf0becc
action_dit_adaln_norm1,1c20,32,3,odd,3,4,befa3ec2bdcabf0a
action_dit_adaln_norm1,1c20,32,4,even,3,4,be363e60bc203eab
action_dit_adaln_norm1,1c20,32,5,odd,3,4,bef83ec03e52bee2
action_dit_adaln_norm1,1c20,32,6,even,3,4,bd9dbeb9bef33e93
action_dit_adaln_norm1,1c20,32,7,odd,3,4,3e103e963e453e97
action_dit_adaln_norm1,1c20,32,8,even,3,4,be8cbe2a3e213ddd
action_dit_adaln_norm1,1c20,32,9,odd,3,4,be02be32be123e8a
action_dit_adaln_norm1,1c20,32,10,even,3,4,3dbd3e90be063ead
action_dit_adaln_norm1,1c20,32,11,odd,3,4,3da03df93e4abd68
action_dit_adaln_norm1,1c20,32,12,even,3,4,be643d42ba003e4d
action_dit_adaln_norm1,1c20,32,13,odd,3,4,be34bb803e8dbeae
action_dit_adaln_norm1,1c20,32,14,even,3,4,3ee13de73e923d8a
action_dit_adaln_norm1,1c20,32,15,odd,3,4,be14be33be06beca
action_dit_adaln_norm1,1c20,32,0,even,4,4,3b80bdb23e983b20
action_dit_adaln_norm1,1c20,32,1,odd,4,4,3ec4be18beaebce3
action_dit_adaln_norm1,1c20,32,2,even,4,4,be2e3f023e6abe28
action_dit_adaln_norm1,1c20,32,3,odd,4,4,3f26bc303dfb3ed9
action_dit_adaln_norm1,1c20,32,4,even,4,4,3eb4be533d7dbe32
action_dit_adaln_norm1,1c20,32,5,odd,4,4,3d18bca83f0fbe78
action_dit_adaln_norm1,1c20,32,6,even,4,4,be22beb9be30be0b
action_dit_adaln_norm1,1c20,32,7,odd,4,4,be5dbe91beb4bdec
action_dit_adaln_norm1,1c20,32,8,even,4,4,bc50beb0bec23ea0
action_dit_adaln_norm1,1c20,32,9,odd,4,4,bdedbef2be4ebea8
action_dit_adaln_norm1,1c20,32,10,even,4,4,3f0cbe3cbf043e7b
action_dit_adaln_norm1,1c20,32,11,odd,4,4,3d363ee9bf5d3eaa
action_dit_adaln_norm1,1c20,32,12,even,4,4,bc903e47bec0bf34
action_dit_adaln_norm1,1c20,32,13,odd,4,4,bdea3e3d3d9c3e4e
action_dit_adaln_norm1,1c20,32,14,even,4,4,bf67bd0abd7c3e49
action_dit_adaln_norm1,1c20,32,15,odd,4,4,3e96bc343dafbefc
action_dit_adaln_norm1,1c20,32,0,even,5,4,bdd6beff3e84bd8e
action_dit_adaln_norm1,1c20,32,1,odd,5,4,3e47bdbc3e93bebc
action_dit_adaln_norm1,1c20,32,2,even,5,4,3d60be4b3e813d14
action_dit_adaln_norm1,1c20,32,3,odd,5,4,bf043c10be6a3d74
action_dit_adaln_norm1,1c20,32,4,even,5,4,3cd73e733e54beda
action_dit_adaln_norm1,1c20,32,5,odd,5,4,bdbebe2a3ea03d56
action_dit_adaln_norm1,1c20,32,6,even,5,4,3d86be9d3f08bed1
action_dit_adaln_norm1,1c20,32,7,odd,5,4,3e123efabdd33e64
action_dit_adaln_norm1,1c20,32,8,even,5,4,3f0e3e5fbe323e66
action_dit_adaln_norm1,1c20,32,9,odd,5,4,3f0f3d0a3deebebc
action_dit_adaln_norm1,1c20,32,10,even,5,4,be053f10be2ebc00
action_dit_adaln_norm1,1c20,32,11,odd,5,4,3db63e26be82beba
action_dit_adaln_norm1,1c20,32,12,even,5,4,bd8abd8a3db13e9e
action_dit_adaln_norm1,1c20,32,13,odd,5,4,bf1bbe483e7e3efb
action_dit_adaln_norm1,1c20,32,14,even,5,4,3ec0becdbef83e7d
action_dit_adaln_norm1,1c20,32,15,odd,5,4,3eb63e40bf2abeb7
action_dit_adaln_norm1,1c20,32,0,even,6,4,be7dbeae3e4a3ed2
action_dit_adaln_norm1,1c20,32,1,odd,6,4,3d8b3e12bd34be96
action_dit_adaln_norm1,1c20,32,2,even,6,4,3c403e163dc2bd24
action_dit_adaln_norm1,1c20,32,3,odd,6,4,be7a3ef6bc00bea3
action_dit_adaln_norm1,1c20,32,4,even,6,4,3e693d85bd343ea2
action_dit_adaln_norm1,1c20,32,5,odd,6,4,3e1f3e9e3e473e33
action_dit_adaln_norm1,1c20,32,6,even,6,4,bdbd3ddabe94be1e
action_dit_adaln_norm1,1c20,32,7,odd,6,4,beb63e60be9cbda9
action_dit_adaln_norm1,1c20,32,8,even,6,4,bf0fbe7c3e213eaa
action_dit_adaln_norm1,1c20,32,9,odd,6,4,3b803dfcbd08bf12
action_dit_adaln_norm1,1c20,32,10,even,6,4,3d00bd78bddabdc6
action_dit_adaln_norm1,1c20,32,11,odd,6,4,3e5dbe863edebdfa
action_dit_adaln_norm1,1c20,32,12,even,6,4,3c883e88be893c70
action_dit_adaln_norm1,1c20,32,13,odd,6,4,3d7ebe923ec43d32
action_dit_adaln_norm1,1c20,32,14,even,6,4,3eac3d0a3d403e62
action_dit_adaln_norm1,1c20,32,15,odd,6,4,3d94be06bf143ee2
action_dit_adaln_norm1,1c20,32,0,even,7,4,be423dfcbe653e2c
action_dit_adaln_norm1,1c20,32,1,odd,7,4,bd0dbe88be9dbca8
action_dit_adaln_norm1,1c20,32,2,even,7,4,be003cd03e20bef8
action_dit_adaln_norm1,1c20,32,3,odd,7,4,3e71bf01bd5a3e93
action_dit_adaln_norm1,1c20,32,4,even,7,4,3c083e04befbbe54
action_dit_adaln_norm1,1c20,32,5,odd,7,4,be3fbf16bdfcbe78
action_dit_adaln_norm1,1c20,32,6,even,7,4,bea03dbf3ddcbe6e
action_dit_adaln_norm1,1c20,32,7,odd,7,4,bebabe3c3e38bcb0
action_dit_adaln_norm1,1c20,32,8,even,7,4,bcc0bd163ebd3e1f
action_dit_adaln_norm1,1c20,32,9,odd,7,4,be04bc40be15be8e
action_dit_adaln_norm1,1c20,32,10,even,7,4,3d32bda43eba3e70
action_dit_adaln_norm1,1c20,32,11,odd,7,4,bd01beab3dac3ee9
action_dit_adaln_norm1,1c20,32,12,even,7,4,3e043e853e043e55
action_dit_adaln_norm1,1c20,32,13,odd,7,4,3eefbee2be31bed4
action_dit_adaln_norm1,1c20,32,14,even,7,4,bd70bebbbd09be5e
action_dit_adaln_norm1,1c20,32,15,odd,7,4,bd19be333e8abe32
action_dit_adaln_norm1,1c20,32,0,even,8,4,be2d3df43ed23e9c
action_dit_adaln_norm1,1c20,32,1,odd,8,4,3e1ebef4be813e79
action_dit_adaln_norm1,1c20,32,2,even,8,4,3e3bbd143eaabda5
action_dit_adaln_norm1,1c20,32,3,odd,8,4,be77bf02bf3e3ed2
action_dit_adaln_norm1,1c20,32,4,even,8,4,3f12beb23ed0bedc
action_dit_adaln_norm1,1c20,32,5,odd,8,4,3e43bf07bf0a3d8c
action_dit_adaln_norm1,1c20,32,6,even,8,4,3e223d4c3d8cbe28
action_dit_adaln_norm1,1c20,32,7,odd,8,4,3ea63e74bec2bed8
action_dit_adaln_norm1,1c20,32,8,even,8,4,3f0e3edcbeecbe46
action_dit_adaln_norm1,1c20,32,9,odd,8,4,be643d02bd8cbd58
action_dit_adaln_norm1,1c20,32,10,even,8,4,bb4ebdc4bcb0be9e
action_dit_adaln_norm1,1c20,32,11,odd,8,4,bec83db5be08bec1
action_dit_adaln_norm1,1c20,32,12,even,8,4,3e7fbe243eb43da7
action_dit_adaln_norm1,1c20,32,13,odd,8,4,3e7c3e923f0c3d96
action_dit_adaln_norm1,1c20,32,14,even,8,4,3e8c3edebf0f3ecf
action_dit_adaln_norm1,1c20,32,15,odd,8,4,be5ebede3dd13e32
action_dit_adaln_norm1,1c20,32,0,even,9,4,3e92bdca3ed43da4
action_dit_adaln_norm1,1c20,32,1,odd,9,4,3dc63f1abf1b3f17
action_dit_adaln_norm1,1c20,32,2,even,9,4,3e3d3e343d3dbefa
action_dit_adaln_norm1,1c20,32,3,odd,9,4,3e973e403eaa3e5b
action_dit_adaln_norm1,1c20,32,4,even,9,4,bcaebe25be843f12
action_dit_adaln_norm1,1c20,32,5,odd,9,4,3eddbdb2be33be04
action_dit_adaln_norm1,1c20,32,6,even,9,4,3e7e3edabe183e89
action_dit_adaln_norm1,1c20,32,7,odd,9,4,3dd1beaebe9a3f2d
action_dit_adaln_norm1,1c20,32,8,even,9,4,3e223f143d913e97
action_dit_adaln_norm1,1c20,32,9,odd,9,4,3e5a3e1a3df5bec7
action_dit_adaln_norm1,1c20,32,10,even,9,4,3eda3dce3ed43f28
action_dit_adaln_norm1,1c20,32,11,odd,9,4,3e08bd00beac3e26
action_dit_adaln_norm1,1c20,32,12,even,9,4,3e1c3d14bf0abe97
action_dit_adaln_norm1,1c20,32,13,odd,9,4,bcb8bd3abe5dbd30
action_dit_adaln_norm1,1c20,32,14,even,9,4,be1a3e86be73bd0c
action_dit_adaln_norm1,1c20,32,15,odd,9,4,bbd23e98be103e84
action_dit_adaln_norm1,1c20,32,0,even,10,4,3ed9ba70bf003c44
action_dit_adaln_norm1,1c20,32,1,odd,10,4,bc603d003e8ebebe
action_dit_adaln_norm1,1c20,32,2,even,10,4,3df1be4a3d8e3db6
action_dit_adaln_norm1,1c20,32,3,odd,10,4,bea7bd8d3e623ef7
action_dit_adaln_norm1,1c20,32,4,even,10,4,3f1c3efa3f09bf07
action_dit_adaln_norm1,1c20,32,5,odd,10,4,bd14bde83dc53efa
action_dit_adaln_norm1,1c20,32,6,even,10,4,3de83c703f40be1e
action_dit_adaln_norm1,1c20,32,7,odd,10,4,bef9bcd83db03e83
action_dit_adaln_norm1,1c20,32,8,even,10,4,3ee53e293da23dc2
action_dit_adaln_norm1,1c20,32,9,odd,10,4,be0a3ec93e443db8
action_dit_adaln_norm1,1c20,32,10,even,10,4,be87bf20bd2ebdf4
action_dit_adaln_norm1,1c20,32,11,odd,10,4,bb003e963e473f3e
action_dit_adaln_norm1,1c20,32,12,even,10,4,3f243e2fbf15be61
action_dit_adaln_norm1,1c20,32,13,odd,10,4,3e8fbe2e3e7c3d7c
action_dit_adaln_norm1,1c20,32,14,even,10,4,bbc83ec3bee73e40
action_dit_adaln_norm1,1c20,32,15,odd,10,4,3df23eda3d723ef0
action_dit_adaln_norm1,1c20,32,0,even,11,4,3dc13e13be6ebd28
action_dit_adaln_norm1,1c20,32,1,odd,11,4,3f05bf02bee3bdcf
action_dit_adaln_norm1,1c20,32,2,even,11,4,bd8abeb1be893ea7
action_dit_adaln_norm1,1c20,32,3,odd,11,4,bdbebf22bea8bf32
action_dit_adaln_norm1,1c20,32,4,even,11,4,3eb8be94be37bdc8
action_dit_adaln_norm1,1c20,32,5,odd,11,4,be75bcbb3e773e82
action_dit_adaln_norm1,1c20,32,6,even,11,4,3ef43e88bd9ebdbc
action_dit_adaln_norm1,1c20,32,7,odd,11,4,3eac3d60be843e72
action_dit_adaln_norm1,1c20,32,8,even,11,4,bd963d82bd4ebdd6
action_dit_adaln_norm1,1c20,32,9,odd,11,4,bdb5bb803d84be94
action_dit_adaln_norm1,1c20,32,10,even,11,4,bf013e81bed1bd91
action_dit_adaln_norm1,1c20,32,11,odd,11,4,3ef23d143dd2be7a
action_dit_adaln_norm1,1c20,32,12,even,11,4,3eb23d8c3e53be31
action_dit_adaln_norm1,1c20,32,13,odd,11,4,3ea83e073e743e18
action_dit_adaln_norm1,1c20,32,14,even,11,4,3ee93dfdbdbebd37
action_dit_adaln_norm1,1c20,32,15,odd,11,4,be52bebabf0abf0d
action_dit_adaln_norm1,1c20,32,0,even,12,4,3ebe3efcbf173da4
action_dit_adaln_norm1,1c20,32,1,odd,12,4,3d18be48bedf3e83
action_dit_adaln_norm1,1c20,32,2,even,12,4,beec3f013e16bd38
action_dit_adaln_norm1,1c20,32,3,odd,12,4,beebbd10beacbed7
action_dit_adaln_norm1,1c20,32,4,even,12,4,3e053eb6bf223c50
action_dit_adaln_norm1,1c20,32,5,odd,12,4,bed73e3ebe26be56
action_dit_adaln_norm1,1c20,32,6,even,12,4,bf263da23e733efc
action_dit_adaln_norm1,1c20,32,7,odd,12,4,bd32be933e57be64
action_dit_adaln_norm1,1c20,32,8,even,12,4,3f0abec73e8abeec
action_dit_adaln_norm1,1c20,32,9,odd,12,4,be9ebd7a3e2a3e66
action_dit_adaln_norm1,1c20,32,10,even,12,4,3e6a3f2d3e0b3e6c
action_dit_adaln_norm1,1c20,32,11,odd,12,4,3f0f3f0e3d003e52
action_dit_adaln_norm1,1c20,32,12,even,12,4,bdcebeadbe16bd40
action_dit_adaln_norm1,1c20,32,13,odd,12,4,3e9bbe83bc30bcd0
action_dit_adaln_norm1,1c20,32,14,even,12,4,3e1f3f0abd9ebe49
action_dit_adaln_norm1,1c20,32,15,odd,12,4,3c10be7cbef6bef0
action_dit_adaln_norm1,1c20,32,0,even,13,4,bcd2bdb33e4cbeb4
action_dit_adaln_norm1,1c20,32,1,odd,13,4,3c683e2a3da43edf
action_dit_adaln_norm1,1c20,32,2,even,13,4,3e7a3e77bd5abdad
action_dit_adaln_norm1,1c20,32,3,odd,13,4,3e2abdaa3e50be9d
action_dit_adaln_norm1,1c20,32,4,even,13,4,3d9d3eabbe7e3ec0
action_dit_adaln_norm1,1c20,32,5,odd,13,4,3ecc3ed63e883e2a
action_dit_adaln_norm1,1c20,32,6,even,13,4,becc3e09bf1cbdc5
action_dit_adaln_norm1,1c20,32,7,odd,13,4,bece3b003d9e3cf7
action_dit_adaln_norm1,1c20,32,8,even,13,4,bc70be83be503d0c
action_dit_adaln_norm1,1c20,32,9,odd,13,4,3c9cbec3bea93f3c
action_dit_adaln_norm1,1c20,32,10,even,13,4,3f05be243f103e94
action_dit_adaln_norm1,1c20,32,11,odd,13,4,3e18be093c513e50
action_dit_adaln_norm1,1c20,32,12,even,13,4,bed9bdb83e493e21
action_dit_adaln_norm1,1c20,32,13,odd,13,4,be2cbe3bbe53be0a
action_dit_adaln_norm1,1c20,32,14,even,13,4,3f2cbdefbdc8be7c
action_dit_adaln_norm1,1c20,32,15,odd,13,4,bebebe22be7f3e38
action_dit_adaln_norm1,1c20,32,0,even,14,4,bdab3f88bd38bdcd
action_dit_adaln_norm1,1c20,32,1,odd,14,4,beab3cba3b80bd38
action_dit_adaln_norm1,1c20,32,2,even,14,4,bd6cbdf8bf19bee8
action_dit_adaln_norm1,1c20,32,3,odd,14,4,be2a3eb9bd9bbee8
action_dit_adaln_norm1,1c20,32,4,even,14,4,befa3d663eb1be97
action_dit_adaln_norm1,1c20,32,5,odd,14,4,3e303e853dc43eaa
action_dit_adaln_norm1,1c20,32,6,even,14,4,bde8bd963ea4be82
action_dit_adaln_norm1,1c20,32,7,odd,14,4,3bc03d1cbdeabd4c
action_dit_adaln_norm1,1c20,32,8,even,14,4,3ed73eb6be783e64
action_dit_adaln_norm1,1c20,32,9,odd,14,4,bf263f16bf46bd6a
action_dit_adaln_norm1,1c20,32,10,even,14,4,bddc3cb53d30bf1a
action_dit_adaln_norm1,1c20,32,11,odd,14,4,bee63b003e9ebc86
action_dit_adaln_norm1,1c20,32,12,even,14,4,3ed0bdf4bde2befe
action_dit_adaln_norm1,1c20,32,13,odd,14,4,3e6cbd77bea63d34
action_dit_adaln_norm1,1c20,32,14,even,14,4,3d04beaa3ee3bcd0
action_dit_adaln_norm1,1c20,32,15,odd,14,4,3e963f11bf5e3f29
action_dit_adaln_norm1,1c20,32,0,even,15,4,3a80bdda3f203f00
action_dit_adaln_norm1,1c20,32,1,odd,15,4,3e94bc0cbe81beea
action_dit_adaln_norm1,1c20,32,2,even,15,4,bd38bb60be663dea
action_dit_adaln_norm1,1c20,32,3,odd,15,4,3e97bed63f243b60
action_dit_adaln_norm1,1c20,32,4,even,15,4,3e9cbeb83f1abeb5
action_dit_adaln_norm1,1c20,32,5,odd,15,4,3e133ebbbdba3c34
action_dit_adaln_norm1,1c20,32,6,even,15,4,3ddc3eaa3e03bebb
action_dit_adaln_norm1,1c20,32,7,odd,15,4,be13bda8be8c3d87
action_dit_adaln_norm1,1c20,32,8,even,15,4,3c943e0dbe03bd4c
action_dit_adaln_norm1,1c20,32,9,odd,15,4,beebbea43d343ea3
action_dit_adaln_norm1,1c20,32,10,even,15,4,bca0be34be3d3e1c
action_dit_adaln_norm1,1c20,32,11,odd,15,4,3dbdbe0a3ef83e79
action_dit_adaln_norm1,1c20,32,12,even,15,4,3e073f333d923f05
action_dit_adaln_norm1,1c20,32,13,odd,15,4,3d74be7d3e1abecb
action_dit_adaln_norm1,1c20,32,14,even,15,4,bd663dd4be273edc
action_dit_adaln_norm1,1c20,32,15,odd,15,4,bece3dcb3cf0b980
action_dit_adaln_norm1,1c20,32,0,even,16,4,be973e45beacbcd8
action_dit_adaln_norm1,1c20,32,1,odd,16,4,3e143e8ebeae3ee2
action_dit_adaln_norm1,1c20,32,2,even,16,4,3e15bd8abd18bebc
action_dit_adaln_norm1,1c20,32,3,odd,16,4,3c283e983de13e01
action_dit_adaln_norm1,1c20,32,4,even,16,4,3db8bc603f053deb
action_dit_adaln_norm1,1c20,32,5,odd,16,4,3f34bdc83daabe78
action_dit_adaln_norm1,1c20,32,6,even,16,4,be753d9cbec43e5d
action_dit_adaln_norm1,1c20,32,7,odd,16,4,3ea8be883e87be73
action_dit_adaln_norm1,1c20,32,8,even,16,4,bf453e8abf35be26
action_dit_adaln_norm1,1c20,32,9,odd,16,4,bec0bd1a3e573d96
action_dit_adaln_norm1,1c20,32,10,even,16,4,3e00be9cbe20bf03
action_dit_adaln_norm1,1c20,32,11,odd,16,4,3df2bebdbeae3d6d
action_dit_adaln_norm1,1c20,32,12,even,16,4,3e90bd87bed9bea8
action_dit_adaln_norm1,1c20,32,13,odd,16,4,3d65be283e9cbedc
action_dit_adaln_norm1,1c20,32,14,even,16,4,3e2bbe22bec63ec3
action_dit_adaln_norm1,1c20,32,15,odd,16,4,bd883bc03e023de9
action_dit_adaln_norm1,1c20,32,0,even,17,4,3f2e3e653e123e13
action_dit_adaln_norm1,1c20,32,1,odd,17,4,3e8e3f20be8a3e0a
action_dit_adaln_norm1,1c20,32,2,even,17,4,3f023e103eaabef4
action_dit_adaln_norm1,1c20,32,3,odd,17,4,bdd83db23e873e72
action_dit_adaln_norm1,1c20,32,4,even,17,4,3df1bd48be833ebf
action_dit_adaln_norm1,1c20,32,5,odd,17,4,3d9e3d97beaa3e5e
action_dit_adaln_norm1,1c20,32,6,even,17,4,bd84beb03f7a3e15
action_dit_adaln_norm1,1c20,32,7,odd,17,4,3f0b3e7dbe96bd12
action_dit_adaln_norm1,1c20,32,8,even,17,4,3ea63e083edcbea6
action_dit_adaln_norm1,1c20,32,9,odd,17,4,3d90be84be94be0e
action_dit_adaln_norm1,1c20,32,10,even,17,4,be0ebe84bf32bf11
action_dit_adaln_norm1,1c20,32,11,odd,17,4,3d8c3df5be02bf04
action_dit_adaln_norm1,1c20,32,12,even,17,4,3d82be61bea73f02
action_dit_adaln_norm1,1c20,32,13,odd,17,4,3f15be56beac3e8b
action_dit_adaln_norm1,1c20,32,14,even,17,4,bea8be543d863d53
action_dit_adaln_norm1,1c20,32,15,odd,17,4,bdbabe3abbd03dc2
action_dit_adaln_norm1,1c20,32,0,even,18,4,3e25bd6abd4bbde8
action_dit_adaln_norm1,1c20,32,1,odd,18,4,3ea33e17bdad3dcc
action_dit_adaln_norm1,1c20,32,2,even,18,4,3de0bedf3e193eaa
action_dit_adaln_norm1,1c20,32,3,odd,18,4,3c95bebebed6bca8
action_dit_adaln_norm1,1c20,32,4,even,18,4,3e29be41bd3c3dd8
action_dit_adaln_norm1,1c20,32,5,odd,18,4,3e4ebe37bd9cbd74
action_dit_adaln_norm1,1c20,32,6,even,18,4,3e323b803ec4be9a
action_dit_adaln_norm1,1c20,32,7,odd,18,4,3f05bb80be26bd9a
action_dit_adaln_norm1,1c20,32,8,even,18,4,3cc8be1e3dac3e11
action_dit_adaln_norm1,1c20,32,9,odd,18,4,bec03f0d3e333e1f
action_dit_adaln_norm1,1c20,32,10,even,18,4,be433f213e19bbc0
action_dit_adaln_norm1,1c20,32,11,odd,18,4,3e223f44be61bd58
action_dit_adaln_norm1,1c20,32,12,even,18,4,3d8d3eccbed43e1a
action_dit_adaln_norm1,1c20,32,13,odd,18,4,3e2b3edebe9c3edc
action_dit_adaln_norm1,1c20,32,14,even,18,4,bb20be8cbea9be1a
action_dit_adaln_norm1,1c20,32,15,odd,18,4,bdd73e4fbe713d11
action_dit_adaln_norm1,1c20,32,0,even,19,4,beb83e72be42be4e
action_dit_adaln_norm1,1c20,32,1,odd,19,4,3e80be9f3ee13f46
action_dit_adaln_norm1,1c20,32,2,even,19,4,3e843eb8bec53e56
action_dit_adaln_norm1,1c20,32,3,odd,19,4,3bc03f16bea63f14
action_dit_adaln_norm1,1c20,32,4,even,19,4,3ee6beb0becf3e24
action_dit_adaln_norm1,1c20,32,5,odd,19,4,3e753e9bbeb93d72
action_dit_adaln_norm1,1c20,32,6,even,19,4,3e6abe73beb3bc20
action_dit_adaln_norm1,1c20,32,7,odd,19,4,3f29bd9ebce83f46
action_dit_adaln_norm1,1c20,32,8,even,19,4,beb03f15bee73b80
action_dit_adaln_norm1,1c20,32,9,odd,19,4,3eabbea23d18bf38
action_dit_adaln_norm1,1c20,32,10,even,19,4,3e083eeb3e023f21
action_dit_adaln_norm1,1c20,32,11,odd,19,4,beb63e7ebeca3dae
action_dit_adaln_norm1,1c20,32,12,even,19,4,be36be483c883d56
action_dit_adaln_norm1,1c20,32,13,odd,19,4,be6cbe653e653e25
action_dit_adaln_norm1,1c20,32,14,even,19,4,3e2f3e6ebd123e1c
action_dit_adaln_norm1,1c20,32,15,odd,19,4,3dfc3e0a3efc3da5
action_dit_adaln_norm1,1c20,32,0,even,20,4,bdfa3e30bf203f38
action_dit_adaln_norm1,1c20,32,1,odd,20,4,3ddabed1be783eed
action_dit_adaln_norm1,1c20,32,2,even,20,4,3d1cbd403c003e4e
action_dit_adaln_norm1,1c20,32,3,odd,20,4,bd48be313e4c3dbe
action_dit_adaln_norm1,1c20,32,4,even,20,4,3e4abd4c3f18beed
action_dit_adaln_norm1,1c20,32,5,odd,20,4,3ebe3ef8beb63e23
action_dit_adaln_norm1,1c20,32,6,even,20,4,beb43b403e0f3c98
action_dit_adaln_norm1,1c20,32,7,odd,20,4,bec03e253eaf3e80
action_dit_adaln_norm1,1c20,32,8,even,20,4,3f143e70bec43ed9
action_dit_adaln_norm1,1c20,32,9,odd,20,4,3e5ebcd0bee1bdd0
action_dit_adaln_norm1,1c20,32,10,even,20,4,bc10be793e793deb
action_dit_adaln_norm1,1c20,32,11,odd,20,4,be60bcd8bec53e4c
action_dit_adaln_norm1,1c20,32,12,even,20,4,3e53be373f183d80
action_dit_adaln_norm1,1c20,32,13,odd,20,4,be08bda7be8ebecd
action_dit_adaln_norm1,1c20,32,14,even,20,4,bda4be323ea43eb1
action_dit_adaln_norm1,1c20,32,15,odd,20,4,bf6e3e563f203ca0
action_dit_adaln_norm1,1c20,32,0,even,21,4,3de8beb83e8ebe68
action_dit_adaln_norm1,1c20,32,1,odd,21,4,bd6bbee63e793e13
action_dit_adaln_norm1,1c20,32,2,even,21,4,3ec1be953eb03ecc
action_dit_adaln_norm1,1c20,32,3,odd,21,4,bd6cbdfbbe93be41
action_dit_adaln_norm1,1c20,32,4,even,21,4,3ef03cd03ba0bb40
action_dit_adaln_norm1,1c20,32,5,odd,21,4,bf393e98be00be31
action_dit_adaln_norm1,1c20,32,6,even,21,4,be0ebdadbe2e3e95
action_dit_adaln_norm1,1c20,32,7,odd,21,4,bd5abebf3ecdbdea
action_dit_adaln_norm1,1c20,32,8,even,21,4,3eafbd203dfabed5
action_dit_adaln_norm1,1c20,32,9,odd,21,4,be2abe933e33bf23
action_dit_adaln_norm1,1c20,32,10,even,21,4,3f2e3d8cbe83bdd4
action_dit_adaln_norm1,1c20,32,11,odd,21,4,3e6c3eb13ca0bede
action_dit_adaln_norm1,1c20,32,12,even,21,4,3d383e1a3d0ebda5
action_dit_adaln_norm1,1c20,32,13,odd,21,4,be9b3de3be143df5
action_dit_adaln_norm1,1c20,32,14,even,21,4,3e613e673da03dc8
action_dit_adaln_norm1,1c20,32,15,odd,21,4,3f22be1d3f2cbe84
action_dit_adaln_norm1,1c20,32,0,even,22,4,3d5a3e30be073eb8
action_dit_adaln_norm1,1c20,32,1,odd,22,4,bf3a3e95be6bbc10
action_dit_adaln_norm1,1c20,32,2,even,22,4,bee1bd723e6f3f1b
action_dit_adaln_norm1,1c20,32,3,odd,22,4,be78bdde3e8ebdb3
action_dit_adaln_norm1,1c20,32,4,even,22,4,bd603ea23e333e60
action_dit_adaln_norm1,1c20,32,5,odd,22,4,3eb93e4d3d9e3e56
action_dit_adaln_norm1,1c20,32,6,even,22,4,3ea43d60be143e63
action_dit_adaln_norm1,1c20,32,7,odd,22,4,3e483f1d3e583de2
action_dit_adaln_norm1,1c20,32,8,even,22,4,be583d8e3de9bdfb
action_dit_adaln_norm1,1c20,32,9,odd,22,4,beb7bdce3e25bcfc
action_dit_adaln_norm1,1c20,32,10,even,22,4,beb3beccbe03bea9
action_dit_adaln_norm1,1c20,32,11,odd,22,4,bda83f073f66bcac
action_dit_adaln_norm1,1c20,32,12,even,22,4,3d183bc03e14bea1
action_dit_adaln_norm1,1c20,32,13,odd,22,4,3df43e603e2e3d34
action_dit_adaln_norm1,1c20,32,14,even,22,4,3d483e0dbe923d88
action_dit_adaln_norm1,1c20,32,15,odd,22,4,bcc4be65be2abee6
action_dit_adaln_norm1,1c20,32,0,even,23,4,3de43f153baabe0c
action_dit_adaln_norm1,1c20,32,1,odd,23,4,3f043e18bec6be5c
action_dit_adaln_norm1,1c20,32,2,even,23,4,becd3e643e0abec6
action_dit_adaln_norm1,1c20,32,3,odd,23,4,bf00bf11be22be05
action_dit_adaln_norm1,1c20,32,4,even,23,4,be643e073dcebe38
action_dit_adaln_norm1,1c20,32,5,odd,23,4,3e58beee3d1ebe08
action_dit_adaln_norm1,1c20,32,6,even,23,4,3da8bebbbf213e38
action_dit_adaln_norm1,1c20,32,7,odd,23,4,3e76be3fbe26bf56
action_dit_adaln_norm1,1c20,32,8,even,23,4,bdbf3d9abce83dc0
action_dit_adaln_norm1,1c20,32,9,odd,23,4,be713eb0bde03e62
action_dit_adaln_norm1,1c20,32,10,even,23,4,3ed13de33b00bcc0
action_dit_adaln_norm1,1c20,32,11,odd,23,4,3e4c3dee3cd4be57
action_dit_adaln_norm1,1c20,32,12,even,23,4,3e813d90be5dbec8
action_dit_adaln_norm1,1c20,32,13,odd,23,4,bf123f26befabd88
action_dit_adaln_norm1,1c20,32,14,even,23,4,3d2e3c483ea33ee1
action_dit_adaln_norm1,1c20,32,15,odd,23,4,3edb3e32be20be82
action_dit_adaln_norm1,1c21,33,0,even,0,4,3eb6be88be64bcb4
action_dit_adaln_norm1,1c21,33,1,odd,0,4,3e323e193efc3ecd
action_dit_adaln_norm1,1c21,33,2,even,0,4,3e3f3e4cbe0b3e65
action_dit_adaln_norm1,1c21,33,3,odd,0,4,bcf0bf243e8a3ee6
action_dit_adaln_norm1,1c21,33,4,even,0,4,bf13be2abeaabf02
action_dit_adaln_norm1,1c21,33,5,odd,0,4,bd28bd84bea93ee8
action_dit_adaln_norm1,1c21,33,6,even,0,4,3e8fbefabeab3f8a
action_dit_adaln_norm1,1c21,33,7,odd,0,4,3dd33eb9be0d3c38
action_dit_adaln_norm1,1c21,33,8,even,0,4,bf083d9abe193e54
action_dit_adaln_norm1,1c21,33,9,odd,0,4,3d943dec3f68be96
action_dit_adaln_norm1,1c21,33,10,even,0,4,3cfdbddc3e0cbc10
action_dit_adaln_norm1,1c21,33,11,odd,0,4,3e8abd163e66bd0e
action_dit_adaln_norm1,1c21,33,12,even,0,4,3d1c3e1d3e2e3e10
action_dit_adaln_norm1,1c21,33,13,odd,0,4,bea53edabe943e22
action_dit_adaln_norm1,1c21,33,14,even,0,4,bf3ebdc6be5e3e59
action_dit_adaln_norm1,1c21,33,15,odd,0,4,bc5abeb0bea3bf03
action_dit_adaln_norm1,1c21,33,0,even,1,4,bf21bd403c40be90
action_dit_adaln_norm1,1c21,33,1,odd,1,4,bf043c80be0e3e82
action_dit_adaln_norm1,1c21,33,2,even,1,4,3e873e6cbda33d0c
action_dit_adaln_norm1,1c21,33,3,odd,1,4,3e36be28bf20bddc
action_dit_adaln_norm1,1c21,33,4,even,1,4,bdc3bd66bea4be7a
action_dit_adaln_norm1,1c21,33,5,odd,1,4,3e2fbc843e3ebf70
action_dit_adaln_norm1,1c21,33,6,even,1,4,3eb3bea23f123d50
action_dit_adaln_norm1,1c21,33,7,odd,1,4,3e16beaebf49be9c
action_dit_adaln_norm1,1c21,33,8,even,1,4,3de43efc3e253d9b
action_dit_adaln_norm1,1c21,33,9,odd,1,4,bd633bd03e8a3eea
action_dit_adaln_norm1,1c21,33,10,even,1,4,3e1f3ac0be72be1e
action_dit_adaln_norm1,1c21,33,11,odd,1,4,bf033f063b803e64
action_dit_adaln_norm1,1c21,33,12,even,1,4,bd1abd10bf31bf14
action_dit_adaln_norm1,1c21,33,13,odd,1,4,bf203ea33e253e27
action_dit_adaln_norm1,1c21,33,14,even,1,4,bed6be2abd82bea4
action_dit_adaln_norm1,1c21,33,15,odd,1,4,be2a3d84be0abcaf
action_dit_adaln_norm1,1c21,33,0,even,2,4,bbb83eccbef1bf01
action_dit_adaln_norm1,1c21,33,1,odd,2,4,be22bf18bf283ec0
action_dit_adaln_norm1,1c21,33,2,even,2,4,3e82bd30be3fbdf6
action_dit_adaln_norm1,1c21,33,3,odd,2,4,be623e4cbc1c3e1e
action_dit_adaln_norm1,1c21,33,4,even,2,4,3e333cbebe3e3ea5
action_dit_adaln_norm1,1c21,33,5,odd,2,4,3e3ebf1d3e9d3e97
action_dit_adaln_norm1,1c21,33,6,even,2,4,bed039c03e60bc20
action_dit_adaln_norm1,1c21,33,7,odd,2,4,3d54be12bea73e85
action_dit_adaln_norm1,1c21,33,8,even,2,4,3e273e3ebe093ed8
action_dit_adaln_norm1,1c21,33,9,odd,2,4,3d103e903d0f3de5
action_dit_adaln_norm1,1c21,33,10,even,2,4,bece3b003e18beec
action_dit_adaln_norm1,1c21,33,11,odd,2,4,bdfabe3fbe083e9c
action_dit_adaln_norm1,1c21,33,12,even,2,4,3de0be0a3ecc3e02
action_dit_adaln_norm1,1c21,33,13,odd,2,4,3d903c30bf053e5d
action_dit_adaln_norm1,1c21,33,14,even,2,4,3e723ee1bd86beef
action_dit_adaln_norm1,1c21,33,15,odd,2,4,bf3abdee3e253e8c
action_dit_adaln_norm1,1c21,33,0,even,3,4,3e1f3e0d3e1fbe00
action_dit_adaln_norm1,1c21,33,1,odd,3,4,3dbdbe243cf83e46
action_dit_adaln_norm1,1c21,33,2,even,3,4,bd5e3dee3d74bf03
action_dit_adaln_norm1,1c21,33,3,odd,3,4,bf063ef43e9ebdb6
action_dit_adaln_norm1,1c21,33,4,even,3,4,3c803e1dbca03d8b
action_dit_adaln_norm1,1c21,33,5,odd,3,4,bed63ea7bdc9beb8
action_dit_adaln_norm1,1c21,33,6,even,3,4,bd48be54becb3e50
action_dit_adaln_norm1,1c21,33,7,odd,3,4,be123ed23d243eac
action_dit_adaln_norm1,1c21,33,8,even,3,4,bd86bee8bdb6bee5
action_dit_adaln_norm1,1c21,33,9,odd,3,4,be84bf0bbe803e74
action_dit_adaln_norm1,1c21,33,10,even,3,4,3d543e7c3c503ea9
action_dit_adaln_norm1,1c21,33,11,odd,3,4,becdbd933ed0be46
action_dit_adaln_norm1,1c21,33,12,even,3,4,be98be283e143e9c
action_dit_adaln_norm1,1c21,33,13,odd,3,4,be703d663e86bdbc
action_dit_adaln_norm1,1c21,33,14,even,3,4,3e95bdaf3dae3cf2
action_dit_adaln_norm1,1c21,33,15,odd,3,4,bd543cec3e01befc
action_dit_adaln_norm1,1c21,33,0,even,4,4,bd08be633e87be8b
action_dit_adaln_norm1,1c21,33,1,odd,4,4,3e323c96bdabbeb5
action_dit_adaln_norm1,1c21,33,2,even,4,4,be833ef73ddabecc
action_dit_adaln_norm1,1c21,33,3,odd,4,4,3ebc3c103dfe3ec4
action_dit_adaln_norm1,1c21,33,4,even,4,4,3edebebe3ed0beb0
action_dit_adaln_norm1,1c21,33,5,odd,4,4,be67bdc83cd0bec5
action_dit_adaln_norm1,1c21,33,6,even,4,4,3c60beb1be96be3d
action_dit_adaln_norm1,1c21,33,7,odd,4,4,be7dbea3be063e1e
action_dit_adaln_norm1,1c21,33,8,even,4,4,bd62beffbed23d14
action_dit_adaln_norm1,1c21,33,9,odd,4,4,beb4bebdbea0be91
action_dit_adaln_norm1,1c21,33,10,even,4,4,3ed8be72be643ea7
action_dit_adaln_norm1,1c21,33,11,odd,4,4,bcf23ebcbf203eb4
action_dit_adaln_norm1,1c21,33,12,even,4,4,bd0cbde8bd35bf06
action_dit_adaln_norm1,1c21,33,13,odd,4,4,bea4bd7d3d0c3e0a
action_dit_adaln_norm1,1c21,33,14,even,4,4,bf08bec93e723dc1
action_dit_adaln_norm1,1c21,33,15,odd,4,4,3e8fbe12bc34beed
action_dit_adaln_norm1,1c21,33,0,even,5,4,bc00bec63d873d59
action_dit_adaln_norm1,1c21,33,1,odd,5,4,3da8bd763e1cbe8a
action_dit_adaln_norm1,1c21,33,2,even,5,4,be1bbebd3ef53dd4
action_dit_adaln_norm1,1c21,33,3,odd,5,4,be87be58be243de2
action_dit_adaln_norm1,1c21,33,4,even,5,4,bd853ddc3e3bbe00
action_dit_adaln_norm1,1c21,33,5,odd,5,4,3dc6bef43d983cf0
action_dit_adaln_norm1,1c21,33,6,even,5,4,3dc4bde43eafbe97
action_dit_adaln_norm1,1c21,33,7,odd,5,4,3e0e3f2abe44bda4
action_dit_adaln_norm1,1c21,33,8,even,5,4,3f0b3de2be403dce
action_dit_adaln_norm1,1c21,33,9,odd,5,4,3ebabe973eb1be49
action_dit_adaln_norm1,1c21,33,10,even,5,4,be863e973d28be06
action_dit_adaln_norm1,1c21,33,11,odd,5,4,3e633db9be47befc
action_dit_adaln_norm1,1c21,33,12,even,5,4,be72bdb5bd703e51
action_dit_adaln_norm1,1c21,33,13,odd,5,4,bedebd9e3e883ea9
action_dit_adaln_norm1,1c21,33,14,even,5,4,3e83be80bda43f18
action_dit_adaln_norm1,1c21,33,15,odd,5,4,3f0b3ea1bf37be0c
action_dit_adaln_norm1,1c21,33,0,even,6,4,be82bef93e8d3f0d
action_dit_adaln_norm1,1c21,33,1,odd,6,4,3dfa3ecfbc00befe
action_dit_adaln_norm1,1c21,33,2,even,6,4,3e4f3d183d293e05
action_dit_adaln_norm1,1c21,33,3,odd,6,4,be643e3e3d0cbed9
action_dit_adaln_norm1,1c21,33,4,even,6,4,3e213ed0beca3e8a
action_dit_adaln_norm1,1c21,33,5,odd,6,4,3d983f423e0c3aa0
action_dit_adaln_norm1,1c21,33,6,even,6,4,bd7e3e76befabde9
action_dit_adaln_norm1,1c21,33,7,odd,6,4,3cccbe1cbd9cbe6c
action_dit_adaln_norm1,1c21,33,8,even,6,4,bee1bdab3ec43e1e
action_dit_adaln_norm1,1c21,33,9,odd,6,4,be88be973dacbe6e
action_dit_adaln_norm1,1c21,33,10,even,6,4,bdcebed1be40be32
action_dit_adaln_norm1,1c21,33,11,odd,6,4,3e16be273e3ebd89
action_dit_adaln_norm1,1c21,33,12,even,6,4,3dee3eb7bdca3d78
action_dit_adaln_norm1,1c21,33,13,odd,6,4,bea5bec33ebf3ddf
action_dit_adaln_norm1,1c21,33,14,even,6,4,3ed7be2ebdfa3eb6
action_dit_adaln_norm1,1c21,33,15,odd,6,4,3e64be68bef43ecc
action_dit_adaln_norm1,1c21,33,0,even,7,4,3e043e5fbc003ea9
action_dit_adaln_norm1,1c21,33,1,odd,7,4,be9cbe08bece3e0d
action_dit_adaln_norm1,1c21,33,2,even,7,4,bcc83c183e8bbedc
action_dit_adaln_norm1,1c21,33,3,odd,7,4,3e97bf2ebc883e06
action_dit_adaln_norm1,1c21,33,4,even,7,4,bd0abe0abf20bebf
action_dit_adaln_norm1,1c21,33,5,odd,7,4,be4abf1fbdcabe96
action_dit_adaln_norm1,1c21,33,6,even,7,4,be8ebe3cbe923df6
action_dit_adaln_norm1,1c21,33,7,odd,7,4,be32bee73dfebea1
action_dit_adaln_norm1,1c21,33,8,even,7,4,be763da43e573f0a
action_dit_adaln_norm1,1c21,33,9,odd,7,4,3e013e31be38bda5
action_dit_adaln_norm1,1c21,33,10,even,7,4,3dde3dde3f163e9a
action_dit_adaln_norm1,1c21,33,11,odd,7,4,bd4bbe65be0d3eb9
action_dit_adaln_norm1,1c21,33,12,even,7,4,3e603eaa3df0bccc
action_dit_adaln_norm1,1c21,33,13,odd,7,4,3f04be9ebc20befe
action_dit_adaln_norm1,1c21,33,14,even,7,4,be28be313c44be6e
action_dit_adaln_norm1,1c21,33,15,odd,7,4,be78be35bdc2bec4
action_dit_adaln_norm1,1c21,33,0,even,8,4,bdb93d723ebf3e9e
action_dit_adaln_norm1,1c21,33,1,odd,8,4,bd80be8f3d863e68
action_dit_adaln_norm1,1c21,33,2,even,8,4,bd7cbce83e77bcc8
action_dit_adaln_norm1,1c21,33,3,odd,8,4,bdc4bf14bf343ee3
action_dit_adaln_norm1,1c21,33,4,even,8,4,3f1cbefe3ad4be9c
action_dit_adaln_norm1,1c21,33,5,odd,8,4,bc84bf04bf3cbcb0
action_dit_adaln_norm1,1c21,33,6,even,8,4,3dd03b00bd98bea9
action_dit_adaln_norm1,1c21,33,7,odd,8,4,3f1ebe1abec6bf04
action_dit_adaln_norm1,1c21,33,8,even,8,4,3e9a3f07bedabe0e
action_dit_adaln_norm1,1c21,33,9,odd,8,4,3e4fbd42be063e12
action_dit_adaln_norm1,1c21,33,10,even,8,4,be9abd90be79be25
action_dit_adaln_norm1,1c21,33,11,odd,8,4,be3b3d6cbe53bf4c
action_dit_adaln_norm1,1c21,33,12,even,8,4,3d883e163e8bbdc8
action_dit_adaln_norm1,1c21,33,13,odd,8,4,bc383efe3f4e3c98
action_dit_adaln_norm1,1c21,33,14,even,8,4,3c933e95bee43f0b
action_dit_adaln_norm1,1c21,33,15,odd,8,4,bc98bf32be343e39
action_dit_adaln_norm1,1c21,33,0,even,9,4,3e4e3ea23f14be7c
action_dit_adaln_norm1,1c21,33,1,odd,9,4,3e673f04bf213f03
action_dit_adaln_norm1,1c21,33,2,even,9,4,3ef43d62bde6bea5
action_dit_adaln_norm1,1c21,33,3,odd,9,4,3ef43d963e9d3eeb
action_dit_adaln_norm1,1c21,33,4,even,9,4,3e5dbe57be743f10
action_dit_adaln_norm1,1c21,33,5,odd,9,4,3ef2be78bd403e55
action_dit_adaln_norm1,1c21,33,6,even,9,4,3e8d3e4abd293ef2
action_dit_adaln_norm1,1c21,33,7,odd,9,4,3e6ebb00beae3f0e
action_dit_adaln_norm1,1c21,33,8,even,9,4,bc9b3ef2bdd03eb8
action_dit_adaln_norm1,1c21,33,9,odd,9,4,3e023dae3f17bf4e
action_dit_adaln_norm1,1c21,33,10,even,9,4,3e56bdae3ee03f30
action_dit_adaln_norm1,1c21,33,11,odd,9,4,3ce8bd01bb003e42
action_dit_adaln_norm1,1c21,33,12,even,9,4,bc403bc0be83be32
action_dit_adaln_norm1,1c21,33,13,odd,9,4,3d92bdf5bd8e0000
action_dit_adaln_norm1,1c21,33,14,even,9,4,beb43de2bdc7be6e
action_dit_adaln_norm1,1c21,33,15,odd,9,4,be363e5bbe8b3e81
action_dit_adaln_norm1,1c21,33,0,even,10,4,3e4b3ed4becdbe42
action_dit_adaln_norm1,1c21,33,1,odd,10,4,bedb3e023e60be79
action_dit_adaln_norm1,1c21,33,2,even,10,4,bc10be083dc6bdcf
action_dit_adaln_norm1,1c21,33,3,odd,10,4,be20bdf1bd003e56
action_dit_adaln_norm1,1c21,33,4,even,10,4,3e5a3e9f3e03bf0f
action_dit_adaln_norm1,1c21,33,5,odd,10,4,bca7bde43e363de4
action_dit_adaln_norm1,1c21,33,6,even,10,4,3e1d3d3c3f00bdd8
action_dit_adaln_norm1,1c21,33,7,odd,10,4,bea83e1bbe583e21
action_dit_adaln_norm1,1c21,33,8,even,10,4,3f23bc803dc43cb8
action_dit_adaln_norm1,1c21,33,9,odd,10,4,3e8f3e5a3d823f10
action_dit_adaln_norm1,1c21,33,10,even,10,4,bed5bed23b803d94
action_dit_adaln_norm1,1c21,33,11,odd,10,4,bd003eba3e743ee4
action_dit_adaln_norm1,1c21,33,12,even,10,4,3ea6be25be67be70
action_dit_adaln_norm1,1c21,33,13,odd,10,4,3e533d3c3ea6be3a
action_dit_adaln_norm1,1c21,33,14,even,10,4,3dfb3e99be9a3e76
action_dit_adaln_norm1,1c21,33,15,odd,10,4,3c203ddcbe9e3f07
action_dit_adaln_norm1,1c21,33,0,even,11,4,3deebe32bea6bd80
action_dit_adaln_norm1,1c21,33,1,odd,11,4,3f18bf14be6b3d8e
action_dit_adaln_norm1,1c21,33,2,even,11,4,3e37bdfbbe983f09
action_dit_adaln_norm1,1c21,33,3,odd,11,4,be54be95bf18bec7
action_dit_adaln_norm1,1c21,33,4,even,11,4,3daabea43c7c3dc2
action_dit_adaln_norm1,1c21,33,5,odd,11,4,3ad0bdb63e1c3da1
action_dit_adaln_norm1,1c21,33,6,even,11,4,3de2bdb03db0bd8a
action_dit_adaln_norm1,1c21,33,7,odd,11,4,3dedbd643d793d86
action_dit_adaln_norm1,1c21,33,8,even,11,4,beae3e5abe6bbdb1
action_dit_adaln_norm1,1c21,33,9,odd,11,4,be2cbc103de8bf36
action_dit_adaln_norm1,1c21,33,10,even,11,4,bf1f3ed5bf02bd0e
action_dit_adaln_norm1,1c21,33,11,odd,11,4,3f203e6abde1be9a
action_dit_adaln_norm1,1c21,33,12,even,11,4,3dde3e973e833e16
action_dit_adaln_norm1,1c21,33,13,odd,11,4,3f043dfc3de23d76
action_dit_adaln_norm1,1c21,33,14,even,11,4,3e0c3ed23e68be7f
action_dit_adaln_norm1,1c21,33,15,odd,11,4,3e1ebd00bf48be99
action_dit_adaln_norm1,1c21,33,0,even,12,4,3e963e4abf163ed8
action_dit_adaln_norm1,1c21,33,1,odd,12,4,3e5ebf04bee83eb6
action_dit_adaln_norm1,1c21,33,2,even,12,4,bebf3e8c3ea7bddb
action_dit_adaln_norm1,1c21,33,3,odd,12,4,3d5cbde9bd93bed2
action_dit_adaln_norm1,1c21,33,4,even,12,4,3e5c3e55bf573f08
action_dit_adaln_norm1,1c21,33,5,odd,12,4,beea3e433e7abefa
action_dit_adaln_norm1,1c21,33,6,even,12,4,bf7a3dc43f05bc40
action_dit_adaln_norm1,1c21,33,7,odd,12,4,be86be463df8bd48
action_dit_adaln_norm1,1c21,33,8,even,12,4,3eccbe813e34be95
action_dit_adaln_norm1,1c21,33,9,odd,12,4,be50be113e603e3b
action_dit_adaln_norm1,1c21,33,10,even,12,4,3c983eda3dfa3ee4
action_dit_adaln_norm1,1c21,33,11,odd,12,4,3f013e7d3d823e7b
action_dit_adaln_norm1,1c21,33,12,even,12,4,be67bdc4be94be86
action_dit_adaln_norm1,1c21,33,13,odd,12,4,3ebcbebfbe38be09
action_dit_adaln_norm1,1c21,33,14,even,12,4,3ec73e523d80be04
action_dit_adaln_norm1,1c21,33,15,odd,12,4,be9c3dbebef6be83
action_dit_adaln_norm1,1c21,33,0,even,13,4,3e19be0e3e35beca
action_dit_adaln_norm1,1c21,33,1,odd,13,4,be703dacbe383eee
action_dit_adaln_norm1,1c21,33,2,even,13,4,3e043e7e3e15bc70
action_dit_adaln_norm1,1c21,33,3,odd,13,4,3f2cbe8a3e98be32
action_dit_adaln_norm1,1c21,33,4,even,13,4,3e513ef5bd993ded
action_dit_adaln_norm1,1c21,33,5,odd,13,4,3ece3e933e593d62
action_dit_adaln_norm1,1c21,33,6,even,13,4,bf053e9ebf1a3de0
action_dit_adaln_norm1,1c21,33,7,odd,13,4,be303cc8bd5e3dea
action_dit_adaln_norm1,1c21,33,8,even,13,4,be2bbdbabca03e27
action_dit_adaln_norm1,1c21,33,9,odd,13,4,bdc0bed8bebf3f19
action_dit_adaln_norm1,1c21,33,10,even,13,4,3f01bd4c3e8c3e95
action_dit_adaln_norm1,1c21,33,11,odd,13,4,bd96bec7be46bcc5
action_dit_adaln_norm1,1c21,33,12,even,13,4,be48bedabb9b3de4
action_dit_adaln_norm1,1c21,33,13,odd,13,4,be3bbdb7bcf0be5e
action_dit_adaln_norm1,1c21,33,14,even,13,4,3e893e303ea2becc
action_dit_adaln_norm1,1c21,33,15,odd,13,4,be60be95be9f3dbe
action_dit_adaln_norm1,1c21,33,0,even,14,4,3e223f6ebea4be1d
action_dit_adaln_norm1,1c21,33,1,odd,14,4,be92bec7be1e3e41
action_dit_adaln_norm1,1c21,33,2,even,14,4,be883e37bf0ebe59
action_dit_adaln_norm1,1c21,33,3,odd,14,4,be7b3e2dbe52be60
action_dit_adaln_norm1,1c21,33,4,even,14,4,bf1c3de83ea13e53
action_dit_adaln_norm1,1c21,33,5,odd,14,4,bd903e32bdf53ec0
action_dit_adaln_norm1,1c21,33,6,even,14,4,bec1be473e1cbe45
action_dit_adaln_norm1,1c21,33,7,odd,14,4,3d703de8be5bbe14
action_dit_adaln_norm1,1c21,33,8,even,14,4,3f0d3e39be623e20
action_dit_adaln_norm1,1c21,33,9,odd,14,4,bf223f13bf38bdb8
action_dit_adaln_norm1,1c21,33,10,even,14,4,bec03d9cbe24be90
action_dit_adaln_norm1,1c21,33,11,odd,14,4,be6c3e803ea3bea9
action_dit_adaln_norm1,1c21,33,12,even,14,4,bc94be62be96be90
action_dit_adaln_norm1,1c21,33,13,odd,14,4,3e2b3e00be2b3e0e
action_dit_adaln_norm1,1c21,33,14,even,14,4,be34beb33f113de6
action_dit_adaln_norm1,1c21,33,15,odd,14,4,3ebc3f1ebf5e3e6e
action_dit_adaln_norm1,1c21,33,0,even,15,4,3ca8bea73f153df6
action_dit_adaln_norm1,1c21,33,1,odd,15,4,3ee5be68be22bf2c
action_dit_adaln_norm1,1c21,33,2,even,15,4,3ddf3d3ebe92bd82
action_dit_adaln_norm1,1c21,33,3,odd,15,4,3ea5bea23eb0be4d
action_dit_adaln_norm1,1c21,33,4,even,15,4,3ebebe993ef9beb1
action_dit_adaln_norm1,1c21,33,5,odd,15,4,3bd03e91bba0bdaf
action_dit_adaln_norm1,1c21,33,6,even,15,4,3e693c44bd60be8b
action_dit_adaln_norm1,1c21,33,7,odd,15,4,3d78be86bdd93d7c
action_dit_adaln_norm1,1c21,33,8,even,15,4,3ead3dddbe86bdd8
action_dit_adaln_norm1,1c21,33,9,odd,15,4,bed5bec4bc9c3e7e
action_dit_adaln_norm1,1c21,33,10,even,15,4,bcc0bea3bdef3e80
action_dit_adaln_norm1,1c21,33,11,odd,15,4,3d3c3e633ea93eb5
action_dit_adaln_norm1,1c21,33,12,even,15,4,3f0f3ed6be403e99
action_dit_adaln_norm1,1c21,33,13,odd,15,4,3e5ebee0be69beca
action_dit_adaln_norm1,1c21,33,14,even,15,4,be20bd8fbee23f02
action_dit_adaln_norm1,1c21,33,15,odd,15,4,bedebe14bdb83ead
action_dit_adaln_norm1,1c21,33,0,even,16,4,be7a3eaebebabd1e
action_dit_adaln_norm1,1c21,33,1,odd,16,4,3dc63e98be943eb2
action_dit_adaln_norm1,1c21,33,2,even,16,4,3dc83c80be0cbe93
action_dit_adaln_norm1,1c21,33,3,odd,16,4,bdd33ea53e893d7c
action_dit_adaln_norm1,1c21,33,4,even,16,4,be283ce83e823db1
action_dit_adaln_norm1,1c21,33,5,odd,16,4,3eaebe58bcf6bd99
action_dit_adaln_norm1,1c21,33,6,even,16,4,3ca83e92beb23ec0
action_dit_adaln_norm1,1c21,33,7,odd,16,4,3e9ebe6c3c6dbe52
action_dit_adaln_norm1,1c21,33,8,even,16,4,bf2e3cc1bf143e61
action_dit_adaln_norm1,1c21,33,9,odd,16,4,be8dba903b803ea1
action_dit_adaln_norm1,1c21,33,10,even,16,4,3e6ebe24be1bbec6
action_dit_adaln_norm1,1c21,33,11,odd,16,4,3dd4bda3bea63c60
action_dit_adaln_norm1,1c21,33,12,even,16,4,3e52be4cbecfbdf3
action_dit_adaln_norm1,1c21,33,13,odd,16,4,bd563e733ee2beb7
action_dit_adaln_norm1,1c21,33,14,even,16,4,3e563dfdbe043ec8
action_dit_adaln_norm1,1c21,33,15,odd,16,4,3e6e3e673e643d20
action_dit_adaln_norm1,1c21,33,0,even,17,4,3ed1bda03e8e3eb4
action_dit_adaln_norm1,1c21,33,1,odd,17,4,3ec53efdbe59bc98
action_dit_adaln_norm1,1c21,33,2,even,17,4,3ec7be413e4ebe62
action_dit_adaln_norm1,1c21,33,3,odd,17,4,be2e3dec3ea33e5f
action_dit_adaln_norm1,1c21,33,4,even,17,4,3d70be83be863ec1
action_dit_adaln_norm1,1c21,33,5,odd,17,4,3c903da9be9dbd94
action_dit_adaln_norm1,1c21,33,6,even,17,4,3e60be293f4b3e05
action_dit_adaln_norm1,1c21,33,7,odd,17,4,3f043e64be703e57
action_dit_adaln_norm1,1c21,33,8,even,17,4,3f403c143eaabee6
action_dit_adaln_norm1,1c21,33,9,odd,17,4,bd76bea8bdfabd0d
action_dit_adaln_norm1,1c21,33,10,even,17,4,3e54bde3be3bbf30
action_dit_adaln_norm1,1c21,33,11,odd,17,4,bd3c3e0cbea43e45
action_dit_adaln_norm1,1c21,33,12,even,17,4,3dfabe7bbe803f26
action_dit_adaln_norm1,1c21,33,13,odd,17,4,3f3ebd88bf123d40
action_dit_adaln_norm1,1c21,33,14,even,17,4,be5ebce23cf63e0e
action_dit_adaln_norm1,1c21,33,15,odd,17,4,bdec3d9b3ec03eb9
action_dit_adaln_norm1,1c21,33,0,even,18,4,3e88be0cbec83eb5
action_dit_adaln_norm1,1c21,33,1,odd,18,4,bca23ed63e683eb2
action_dit_adaln_norm1,1c21,33,2,even,18,4,3e2fbf1e3e183eb2
action_dit_adaln_norm1,1c21,33,3,odd,18,4,bd07bef63c303c00
action_dit_adaln_norm1,1c21,33,4,even,18,4,bae0bdf1bd873e10
action_dit_adaln_norm1,1c21,33,5,odd,18,4,be98be983e163c9f
action_dit_adaln_norm1,1c21,33,6,even,18,4,3e66bde13dd8bec4
action_dit_adaln_norm1,1c21,33,7,odd,18,4,3f09be1fbe533e83
action_dit_adaln_norm1,1c21,33,8,even,18,4,be62becb3ebcbd7a
action_dit_adaln_norm1,1c21,33,9,odd,18,4,be7a3ee4bdb53dc6
action_dit_adaln_norm1,1c21,33,10,even,18,4,bef23f493ea5becd
action_dit_adaln_norm1,1c21,33,11,odd,18,4,3ec13f72bea03d52
action_dit_adaln_norm1,1c21,33,12,even,18,4,beb83ecabef03f00
action_dit_adaln_norm1,1c21,33,13,odd,18,4,be243eac3d6c3e1b
action_dit_adaln_norm1,1c21,33,14,even,18,4,3e02bd883c40bd68
action_dit_adaln_norm1,1c21,33,15,odd,18,4,beb1bd95bd7fbeaf
action_dit_adaln_norm1,1c21,33,0,even,19,4,bda13e463de43c10
action_dit_adaln_norm1,1c21,33,1,odd,19,4,3e35be053ee13f0f
action_dit_adaln_norm1,1c21,33,2,even,19,4,3ed23ea8bef63dee
action_dit_adaln_norm1,1c21,33,3,odd,19,4,bd483f07be663eea
action_dit_adaln_norm1,1c21,33,4,even,19,4,3df8bc40beeb3d1c
action_dit_adaln_norm1,1c21,33,5,odd,19,4,3ed4bcb0beb63e71
action_dit_adaln_norm1,1c21,33,6,even,19,4,3ecabe05bdb93e80
action_dit_adaln_norm1,1c21,33,7,odd,19,4,3f13bd003ea53f1e
action_dit_adaln_norm1,1c21,33,8,even,19,4,bef53f24bebc3db1
action_dit_adaln_norm1,1c21,33,9,odd,19,4,3f14beba3dccbea5
action_dit_adaln_norm1,1c21,33,10,even,19,4,3e1e3cdf3e633ee2
action_dit_adaln_norm1,1c21,33,11,odd,19,4,bd8f3eb6be1f3eba
action_dit_adaln_norm1,1c21,33,12,even,19,4,bdfcbe0c3eaabddb
action_dit_adaln_norm1,1c21,33,13,odd,19,4,bd67be5c3ed0bd08
action_dit_adaln_norm1,1c21,33,14,even,19,4,be013e603e2cbc50
action_dit_adaln_norm1,1c21,33,15,odd,19,4,3df83ef33e86bdf3
action_dit_adaln_norm1,1c21,33,0,even,20,4,3d4c3e10bf383f2a
action_dit_adaln_norm1,1c21,33,1,odd,20,4,3ef2bec2bb803e4d
action_dit_adaln_norm1,1c21,33,2,even,20,4,bdaabe543d943e05
action_dit_adaln_norm1,1c21,33,3,odd,20,4,be903e4b3e293d02
action_dit_adaln_norm1,1c21,33,4,even,20,4,3f14bd203f5fbee1
action_dit_adaln_norm1,1c21,33,5,odd,20,4,3ef23f30bf23bec0
action_dit_adaln_norm1,1c21,33,6,even,20,4,beb0be683ea43e8b
action_dit_adaln_norm1,1c21,33,7,odd,20,4,be23be403de03d93
action_dit_adaln_norm1,1c21,33,8,even,20,4,3ef8bc98bd6c3e84
action_dit_adaln_norm1,1c21,33,9,odd,20,4,bd163e2cbeebbe51
action_dit_adaln_norm1,1c21,33,10,even,20,4,3e4bbeda3e5c3e88
action_dit_adaln_norm1,1c21,33,11,odd,20,4,be463e76be563c60
action_dit_adaln_norm1,1c21,33,12,even,20,4,3e3dbeb23ee8bdb0
action_dit_adaln_norm1,1c21,33,13,odd,20,4,bb80be84bef4beea
action_dit_adaln_norm1,1c21,33,14,even,20,4,bdfc3c503eeebcf0
action_dit_adaln_norm1,1c21,33,15,odd,20,4,bf673d7d3f283cd0
action_dit_adaln_norm1,1c21,33,0,even,21,4,3eadbec53e17bda2
action_dit_adaln_norm1,1c21,33,1,odd,21,4,bddebefcbcc03e0f
action_dit_adaln_norm1,1c21,33,2,even,21,4,3edabe193caa3ed9
action_dit_adaln_norm1,1c21,33,3,odd,21,4,be1bbe5fbf02be90
action_dit_adaln_norm1,1c21,33,4,even,21,4,3d76be09becd3db8
action_dit_adaln_norm1,1c21,33,5,odd,21,4,bed93f04be453ca0
action_dit_adaln_norm1,1c21,33,6,even,21,4,be56bdffbe213f0c
action_dit_adaln_norm1,1c21,33,7,odd,21,4,3e9c3e3d3ed93dc4
action_dit_adaln_norm1,1c21,33,8,even,21,4,3dfebe103e9dbf06
action_dit_adaln_norm1,1c21,33,9,odd,21,4,be95be843e41bece
action_dit_adaln_norm1,1c21,33,10,even,21,4,3f08bd81be62bf06
action_dit_adaln_norm1,1c21,33,11,odd,21,4,3ecf3e2e3d5abe9a
action_dit_adaln_norm1,1c21,33,12,even,21,4,3d18be8f3d04bde8
action_dit_adaln_norm1,1c21,33,13,odd,21,4,3d53be1abe893de8
action_dit_adaln_norm1,1c21,33,14,even,21,4,3d563cec3e433d2b
action_dit_adaln_norm1,1c21,33,15,odd,21,4,3f3a3eae3ef2bec1
action_dit_adaln_norm1,1c21,33,0,even,22,4,3d043e4cbea23e9f
action_dit_adaln_norm1,1c21,33,1,odd,22,4,be713e18be133dd4
action_dit_adaln_norm1,1c21,33,2,even,22,4,becb3cc43e3a3f03
action_dit_adaln_norm1,1c21,33,3,odd,22,4,bd46be5b3f043e0a
action_dit_adaln_norm1,1c21,33,4,even,22,4,00003e323ec03e9b
action_dit_adaln_norm1,1c21,33,5,odd,22,4,3ee0bdcc3b40bcdc
action_dit_adaln_norm1,1c21,33,6,even,22,4,3edf3ca03dcc3d0e
action_dit_adaln_norm1,1c21,33,7,odd,22,4,3f003eae3e5d3d80
action_dit_adaln_norm1,1c21,33,8,even,22,4,bddc3cfcbe1a3ca0
action_dit_adaln_norm1,1c21,33,9,odd,22,4,bd48bcc5beac3e12
action_dit_adaln_norm1,1c21,33,10,even,22,4,beadbe983e17bdf1
action_dit_adaln_norm1,1c21,33,11,odd,22,4,be293f303f14be1b
action_dit_adaln_norm1,1c21,33,12,even,22,4,bd8e3d883e8fbe59
action_dit_adaln_norm1,1c21,33,13,odd,22,4,be0c3c803de5bda0
action_dit_adaln_norm1,1c21,33,14,even,22,4,3dc23de33e463eb9
action_dit_adaln_norm1,1c21,33,15,odd,22,4,be6bbe13bef5be9a
action_dit_adaln_norm1,1c21,33,0,even,23,4,bdb33f033dcebed9
action_dit_adaln_norm1,1c21,33,1,odd,23,4,3eeb3d00be8f3ed4
action_dit_adaln_norm1,1c21,33,2,even,23,4,bedd3e4e3eafbe49
action_dit_adaln_norm1,1c21,33,3,odd,23,4,bf00befebe29bd9c
action_dit_adaln_norm1,1c21,33,4,even,23,4,3d823e853e44be8f
action_dit_adaln_norm1,1c21,33,5,odd,23,4,3d95be403e4ebe2a
action_dit_adaln_norm1,1c21,33,6,even,23,4,3eb73daebf623d00
action_dit_adaln_norm1,1c21,33,7,odd,23,4,bd68be7e3d98bee6
action_dit_adaln_norm1,1c21,33,8,even,23,4,bcfc3e1dbea53da7
action_dit_adaln_norm1,1c21,33,9,odd,23,4,be3c3f1cbed03d80
action_dit_adaln_norm1,1c21,33,10,even,23,4,3f12bd923e11bd5c
action_dit_adaln_norm1,1c21,33,11,odd,23,4,3e303e84beb0be5b
action_dit_adaln_norm1,1c21,33,12,even,23,4,3e9f3e71be24be25
action_dit_adaln_norm1,1c21,33,13,odd,23,4,bf0a3f18beaa3e9a
action_dit_adaln_norm1,1c21,33,14,even,23,4,3cdebea8bd693f19
action_dit_adaln_norm1,1c21,33,15,odd,23,4,3ef6bd0bbed3becb
action_dit_adaln_norm1,1c22,34,0,even,0,4,3eb4beb4bec23d74
action_dit_adaln_norm1,1c22,34,1,odd,0,4,3e7d3eae3eee3e8e
action_dit_adaln_norm1,1c22,34,2,even,0,4,3d423e68bda23d58
action_dit_adaln_norm1,1c22,34,3,odd,0,4,bc04bef03ecf3e74
action_dit_adaln_norm1,1c22,34,4,even,0,4,bf0cbe94bd56bef1
action_dit_adaln_norm1,1c22,34,5,odd,0,4,bdaabe12be153ea8
action_dit_adaln_norm1,1c22,34,6,even,0,4,3e54bed4bf0a3f8d
action_dit_adaln_norm1,1c22,34,7,odd,0,4,3ed23e87bd08be68
action_dit_adaln_norm1,1c22,34,8,even,0,4,bf1cbe1abd403e4e
action_dit_adaln_norm1,1c22,34,9,odd,0,4,3dba3e643f4bbeb0
action_dit_adaln_norm1,1c22,34,10,even,0,4,bd15be7ebd863d38
action_dit_adaln_norm1,1c22,34,11,odd,0,4,3e12be983e8cbd7a
action_dit_adaln_norm1,1c22,34,12,even,0,4,3d903ea03d5a3d34
action_dit_adaln_norm1,1c22,34,13,odd,0,4,bea13ee7be46be1c
action_dit_adaln_norm1,1c22,34,14,even,0,4,bf33be77be583f04
action_dit_adaln_norm1,1c22,34,15,odd,0,4,bd8bbe9abf12bee4
action_dit_adaln_norm1,1c22,34,0,even,1,4,bed9be8e3e1bbed5
action_dit_adaln_norm1,1c22,34,1,odd,1,4,bf14be123ca63e28
action_dit_adaln_norm1,1c22,34,2,even,1,4,3dbb3e23bdd7be30
action_dit_adaln_norm1,1c22,34,3,odd,1,4,3cd4bdf2bf04be7f
action_dit_adaln_norm1,1c22,34,4,even,1,4,3e10bd9cbed3bea8
action_dit_adaln_norm1,1c22,34,5,odd,1,4,3d68bd953e33bf48
action_dit_adaln_norm1,1c22,34,6,even,1,4,3eccbea33ebb3e70
action_dit_adaln_norm1,1c22,34,7,odd,1,4,bc68befcbf40bead
action_dit_adaln_norm1,1c22,34,8,even,1,4,3e2e3e8ebdf63e48
action_dit_adaln_norm1,1c22,34,9,odd,1,4,3d7a3db33ed63f0a
action_dit_adaln_norm1,1c22,34,10,even,1,4,3e063e28bea1be8d
action_dit_adaln_norm1,1c22,34,11,odd,1,4,bf293eaebde23e54
action_dit_adaln_norm1,1c22,34,12,even,1,4,3cb43d18bf24bf18
action_dit_adaln_norm1,1c22,34,13,odd,1,4,bf4a3e1f3ea83e97
action_dit_adaln_norm1,1c22,34,14,even,1,4,bea83cd03e39be96
action_dit_adaln_norm1,1c22,34,15,odd,1,4,bd463e25bc5a3eaa
action_dit_adaln_norm1,1c22,34,0,even,2,4,bd3d3f1bbf17bf13
action_dit_adaln_norm1,1c22,34,1,odd,2,4,beb6bf05befc3eb6
action_dit_adaln_norm1,1c22,34,2,even,2,4,3e9fbce3bdd0be0a
action_dit_adaln_norm1,1c22,34,3,odd,2,4,bea63e44bd8a3e1c
action_dit_adaln_norm1,1c22,34,4,even,2,4,3e0a3df2beaa3f1b
action_dit_adaln_norm1,1c22,34,5,odd,2,4,3e2cbf323e9e3efa
action_dit_adaln_norm1,1c22,34,6,even,2,4,be81bc48bd43be07
action_dit_adaln_norm1,1c22,34,7,odd,2,4,bd2ebe30be933ed5
action_dit_adaln_norm1,1c22,34,8,even,2,4,3e2fbe60be4e3f35
action_dit_adaln_norm1,1c22,34,9,odd,2,4,bca03eb6bcf63c10
action_dit_adaln_norm1,1c22,34,10,even,2,4,bef93b7abc40be8c
action_dit_adaln_norm1,1c22,34,11,odd,2,4,3ca8bebebeba3d08
action_dit_adaln_norm1,1c22,34,12,even,2,4,be5ebe4d3e9abd38
action_dit_adaln_norm1,1c22,34,13,odd,2,4,3e1fbda2be9f3ce8
action_dit_adaln_norm1,1c22,34,14,even,2,4,3d103f0e3c40bf1e
action_dit_adaln_norm1,1c22,34,15,odd,2,4,bf1abd8d3c10bcc0
action_dit_adaln_norm1,1c22,34,0,even,3,4,3e843e2c3e68be09
action_dit_adaln_norm1,1c22,34,1,odd,3,4,3eacbe82bd79bd24
action_dit_adaln_norm1,1c22,34,2,even,3,4,3e063e84be4cbf3c
action_dit_adaln_norm1,1c22,34,3,odd,3,4,bed43f063c36bee8
action_dit_adaln_norm1,1c22,34,4,even,3,4,3d9cbdc5beba3b80
action_dit_adaln_norm1,1c22,34,5,odd,3,4,be1b3ec5bd92be1a
action_dit_adaln_norm1,1c22,34,6,even,3,4,be70be5fbedd3df9
action_dit_adaln_norm1,1c22,34,7,odd,3,4,bdee3d463e6a3e84
action_dit_adaln_norm1,1c22,34,8,even,3,4,bdc8bec63c40bea9
action_dit_adaln_norm1,1c22,34,9,odd,3,4,beadbf16bee63ef3
action_dit_adaln_norm1,1c22,34,10,even,3,4,3cc03e333dd73e7e
action_dit_adaln_norm1,1c22,34,11,odd,3,4,3d86be233eecbe46
action_dit_adaln_norm1,1c22,34,12,even,3,4,beb33e2b3db43f0d
action_dit_adaln_norm1,1c22,34,13,odd,3,4,bec6be0d3ddabeab
action_dit_adaln_norm1,1c22,34,14,even,3,4,3f123d0b3c403c96
action_dit_adaln_norm1,1c22,34,15,odd,3,4,be10ba803de7becb
action_dit_adaln_norm1,1c22,34,0,even,4,4,bd7a3e333ed1be6e
action_dit_adaln_norm1,1c22,34,1,odd,4,4,3e62bd34bd9d3ce6
action_dit_adaln_norm1,1c22,34,2,even,4,4,be3c3ede3d0abeb0
action_dit_adaln_norm1,1c22,34,3,odd,4,4,3e773e3e3e703eda
action_dit_adaln_norm1,1c22,34,4,even,4,4,3ecbbec63e89be84
action_dit_adaln_norm1,1c22,34,5,odd,4,4,be35bdb43e4dbea7
action_dit_adaln_norm1,1c22,34,6,even,4,4,3df3bec2bebebe3c
action_dit_adaln_norm1,1c22,34,7,odd,4,4,bea3be59be8cbdb8
action_dit_adaln_norm1,1c22,34,8,even,4,4,bde7beb4bea83e99
action_dit_adaln_norm1,1c22,34,9,odd,4,4,be86bee8bea1be89
action_dit_adaln_norm1,1c22,34,10,even,4,4,3ec8bdfabf083e6c
action_dit_adaln_norm1,1c22,34,11,odd,4,4,be1a3ea9bf333f17
action_dit_adaln_norm1,1c22,34,12,even,4,4,3da83c80be6dbeff
action_dit_adaln_norm1,1c22,34,13,odd,4,4,bd64bc763d9d3e67
action_dit_adaln_norm1,1c22,34,14,even,4,4,bf19bdf63e5a3de2
action_dit_adaln_norm1,1c22,34,15,odd,4,4,3ee0be04bdb8bf22
action_dit_adaln_norm1,1c22,34,0,even,5,4,be21bf083dcf3c52
action_dit_adaln_norm1,1c22,34,1,odd,5,4,3e94bccc3e66bec2
action_dit_adaln_norm1,1c22,34,2,even,5,4,3d0cbf0a3e8dbd02
action_dit_adaln_norm1,1c22,34,3,odd,5,4,bec8beaebeacbdaa
action_dit_adaln_norm1,1c22,34,4,even,5,4,be7b3ddc3eabbe80
action_dit_adaln_norm1,1c22,34,5,odd,5,4,3db3bebc3e8a3d0a
action_dit_adaln_norm1,1c22,34,6,even,5,4,bd63beb13ec6be0b
action_dit_adaln_norm1,1c22,34,7,odd,5,4,3e2f3f1abe893ea4
action_dit_adaln_norm1,1c22,34,8,even,5,4,3ef63e86be85bd2f
action_dit_adaln_norm1,1c22,34,9,odd,5,4,3eb1bdd83e86bebc
action_dit_adaln_norm1,1c22,34,10,even,5,4,be933d52bdd0bdc4
action_dit_adaln_norm1,1c22,34,11,odd,5,4,3e943e38bedfbea1
action_dit_adaln_norm1,1c22,34,12,even,5,4,bedfbe4cbce83eab
action_dit_adaln_norm1,1c22,34,13,odd,5,4,bf16beb239e03e82
action_dit_adaln_norm1,1c22,34,14,even,5,4,3e06beacbe813f46
action_dit_adaln_norm1,1c22,34,15,odd,5,4,3ea4be00bf42bd8e
action_dit_adaln_norm1,1c22,34,0,even,6,4,be82bea53e403dc6
action_dit_adaln_norm1,1c22,34,1,odd,6,4,3e6d3e26be64bee6
action_dit_adaln_norm1,1c22,34,2,even,6,4,3e58bdf93db8bcfc
action_dit_adaln_norm1,1c22,34,3,odd,6,4,3d403e9a3e54bf02
action_dit_adaln_norm1,1c22,34,4,even,6,4,3e1c3ed9be743ed0
action_dit_adaln_norm1,1c22,34,5,odd,6,4,be3c3ed2bdaabd7c
action_dit_adaln_norm1,1c22,34,6,even,6,4,bcde3e8abf00be40
action_dit_adaln_norm1,1c22,34,7,odd,6,4,be7d3e02bd6cbd2c
action_dit_adaln_norm1,1c22,34,8,even,6,4,bee6bd6d3eb03eb7
action_dit_adaln_norm1,1c22,34,9,odd,6,4,beeebe9abda6bea4
action_dit_adaln_norm1,1c22,34,10,even,6,4,be6ebd6dbee1bea1
action_dit_adaln_norm1,1c22,34,11,odd,6,4,3dc4be9a3e84be10
action_dit_adaln_norm1,1c22,34,12,even,6,4,bc203ed1be2b3cc8
action_dit_adaln_norm1,1c22,34,13,odd,6,4,bda4bee03f043e95
action_dit_adaln_norm1,1c22,34,14,even,6,4,3f053c49be023e88
action_dit_adaln_norm1,1c22,34,15,odd,6,4,3e54be32befc3ec6
action_dit_adaln_norm1,1c22,34,0,even,7,4,be303ebebdcc3e82
action_dit_adaln_norm1,1c22,34,1,odd,7,4,be53bde2be44bdda
action_dit_adaln_norm1,1c22,34,2,even,7,4,bdfabcd83e47bef2
action_dit_adaln_norm1,1c22,34,3,odd,7,4,bce4bf10be053e8a
action_dit_adaln_norm1,1c22,34,4,even,7,4,3dee0000bf02beb3
action_dit_adaln_norm1,1c22,34,5,odd,7,4,be55bf0f3dffbea9
action_dit_adaln_norm1,1c22,34,6,even,7,4,be9c3d7b3e163d7a
action_dit_adaln_norm1,1c22,34,7,odd,7,4,be3fbedf3ecebe98
action_dit_adaln_norm1,1c22,34,8,even,7,4,be093e4a3e863e9b
action_dit_adaln_norm1,1c22,34,9,odd,7,4,be123e6fbee3be06
action_dit_adaln_norm1,1c22,34,10,even,7,4,3d903d233ed43eb6
action_dit_adaln_norm1,1c22,34,11,odd,7,4,be12be3abe153dfa
action_dit_adaln_norm1,1c22,34,12,even,7,4,3e06bde63e19bc8a
action_dit_adaln_norm1,1c22,34,13,odd,7,4,3f01bedf3e0cbe8f
action_dit_adaln_norm1,1c22,34,14,even,7,4,bc20be63bd41be25
action_dit_adaln_norm1,1c22,34,15,odd,7,4,bde0be80bcbcbe10
action_dit_adaln_norm1,1c22,34,0,even,8,4,3bc03dd43eccbd34
action_dit_adaln_norm1,1c22,34,1,odd,8,4,3e14beb5be8e3e3e
action_dit_adaln_norm1,1c22,34,2,even,8,4,bdc0bd183eb83d54
action_dit_adaln_norm1,1c22,34,3,odd,8,4,bd78bf33bf1f3ee8
action_dit_adaln_norm1,1c22,34,4,even,8,4,3ea5befebdd8bd88
action_dit_adaln_norm1,1c22,34,5,odd,8,4,bdddbef1bf0abe5b
action_dit_adaln_norm1,1c22,34,6,even,8,4,3e87bd80be16be3a
action_dit_adaln_norm1,1c22,34,7,odd,8,4,3ed93e7ebe9abf30
action_dit_adaln_norm1,1c22,34,8,even,8,4,3e973e95beb0bef8
action_dit_adaln_norm1,1c22,34,9,odd,8,4,3e6ebc903d76bdea
action_dit_adaln_norm1,1c22,34,10,even,8,4,bd833e12be25be6e
action_dit_adaln_norm1,1c22,34,11,odd,8,4,beff3c9cbf02bee8
action_dit_adaln_norm1,1c22,34,12,even,8,4,3dee3c303eb5be34
action_dit_adaln_norm1,1c22,34,13,odd,8,4,bdde3eca3f73be10
action_dit_adaln_norm1,1c22,34,14,even,8,4,3da33f09be833edd
action_dit_adaln_norm1,1c22,34,15,odd,8,4,be3ebf17be063e60
action_dit_adaln_norm1,1c22,34,0,even,9,4,3d80bdba3f2cbd20
action_dit_adaln_norm1,1c22,34,1,odd,9,4,3cf03f2ebee03f2e
action_dit_adaln_norm1,1c22,34,2,even,9,4,3e6bbce83d3ebe2f
action_dit_adaln_norm1,1c22,34,3,odd,9,4,3f0c3e603ebb3eae
action_dit_adaln_norm1,1c22,34,4,even,9,4,3e87be90bd953f1f
action_dit_adaln_norm1,1c22,34,5,odd,9,4,3ee4be9bbdeb3c00
action_dit_adaln_norm1,1c22,34,6,even,9,4,3e9f3eaebe673f00
action_dit_adaln_norm1,1c22,34,7,odd,9,4,3d783d66be913eec
action_dit_adaln_norm1,1c22,34,8,even,9,4,bd943f19bdd63e84
action_dit_adaln_norm1,1c22,34,9,odd,9,4,3e733e503f4abf48
action_dit_adaln_norm1,1c22,34,10,even,9,4,3ef2bb003eb33f06
action_dit_adaln_norm1,1c22,34,11,odd,9,4,3dd4bdafbe073dc6
action_dit_adaln_norm1,1c22,34,12,even,9,4,3dbfbc8ebe4bbea0
action_dit_adaln_norm1,1c22,34,13,odd,9,4,3e0ebd27be323d7e
action_dit_adaln_norm1,1c22,34,14,even,9,4,bdc03e22bdafbea8
action_dit_adaln_norm1,1c22,34,15,odd,9,4,3c4d3ee4befa3e8f
action_dit_adaln_norm1,1c22,34,0,even,10,4,3e8a3e7cbe343d9b
action_dit_adaln_norm1,1c22,34,1,odd,10,4,bdc23d2c3cdcbde0
action_dit_adaln_norm1,1c22,34,2,even,10,4,bde33c303d1abb40
action_dit_adaln_norm1,1c22,34,3,odd,10,4,beb03ddcbc783e04
action_dit_adaln_norm1,1c22,34,4,even,10,4,3ea43ed4bd74bf32
action_dit_adaln_norm1,1c22,34,5,odd,10,4,bdfdbd043e8fbd81
action_dit_adaln_norm1,1c22,34,6,even,10,4,3d343e863f2f3cbe
action_dit_adaln_norm1,1c22,34,7,odd,10,4,beb23e223e0abd64
action_dit_adaln_norm1,1c22,34,8,even,10,4,3f693cf83e02be06
action_dit_adaln_norm1,1c22,34,9,odd,10,4,3e743e2c3e173e83
action_dit_adaln_norm1,1c22,34,10,even,10,4,bef2bef0bd44bc80
action_dit_adaln_norm1,1c22,34,11,odd,10,4,3e373f103d1c3f1c
action_dit_adaln_norm1,1c22,34,12,even,10,4,3ee3bdecbe43beb9
action_dit_adaln_norm1,1c22,34,13,odd,10,4,3eb4be383ecd3bc0
action_dit_adaln_norm1,1c22,34,14,even,10,4,3db63ed8bed83ca8
action_dit_adaln_norm1,1c22,34,15,odd,10,4,3de03e47bec13ed6
action_dit_adaln_norm1,1c22,34,0,even,11,4,3e343dd6bdb83dd5
action_dit_adaln_norm1,1c22,34,1,odd,11,4,3ea0bf12be89bdc8
action_dit_adaln_norm1,1c22,34,2,even,11,4,3e50be1ebe833f04
action_dit_adaln_norm1,1c22,34,3,odd,11,4,3cc1becebeebbeda
action_dit_adaln_norm1,1c22,34,4,even,11,4,3dd8be593d8a3e47
action_dit_adaln_norm1,1c22,34,5,odd,11,4,3ddcbe2f3e943e45
action_dit_adaln_norm1,1c22,34,6,even,11,4,3e2e3ea63d043c98
action_dit_adaln_norm1,1c22,34,7,odd,11,4,3e09bd58bd86bcca
action_dit_adaln_norm1,1c22,34,8,even,11,4,be3c3e82bd88bcec
action_dit_adaln_norm1,1c22,34,9,odd,11,4,bd04bd2ebc80bed0
action_dit_adaln_norm1,1c22,34,10,even,11,4,befa3e6abf3e3dc0
action_dit_adaln_norm1,1c22,34,11,odd,11,4,3f0a3e9f3dac3dd0
action_dit_adaln_norm1,1c22,34,12,even,11,4,3e84bc203dfa3d18
action_dit_adaln_norm1,1c22,34,13,odd,11,4,3efd3e813da03e82
action_dit_adaln_norm1,1c22,34,14,even,11,4,3e773de83dbbbe81
action_dit_adaln_norm1,1c22,34,15,odd,11,4,bcfcbd9abf28be5d
action_dit_adaln_norm1,1c22,34,0,even,12,4,3ea43e54bef23f1d
action_dit_adaln_norm1,1c22,34,1,odd,12,4,3ba0beffbea83f15
action_dit_adaln_norm1,1c22,34,2,even,12,4,beac3d843ec3be0f
action_dit_adaln_norm1,1c22,34,3,odd,12,4,3e103cc4be97be54
action_dit_adaln_norm1,1c22,34,4,even,12,4,3e943ec6bf2c3eda
action_dit_adaln_norm1,1c22,34,5,odd,12,4,bf163eb13d7ebeb7
action_dit_adaln_norm1,1c22,34,6,even,12,4,bf3abccc3e7c3e18
action_dit_adaln_norm1,1c22,34,7,odd,12,4,be84be233e76bcbe
action_dit_adaln_norm1,1c22,34,8,even,12,4,3eb6beca3e70be0a
action_dit_adaln_norm1,1c22,34,9,odd,12,4,be273dd03e983eab
action_dit_adaln_norm1,1c22,34,10,even,12,4,bd283f063e843ea9
action_dit_adaln_norm1,1c22,34,11,odd,12,4,3ef83e57be8c3e2e
action_dit_adaln_norm1,1c22,34,12,even,12,4,be86bdccbf01beb0
action_dit_adaln_norm1,1c22,34,13,odd,12,4,3d55bdf1be87be92
action_dit_adaln_norm1,1c22,34,14,even,12,4,3efa3e61bd8fbe2c
action_dit_adaln_norm1,1c22,34,15,odd,12,4,bd6cbd61be94be74
action_dit_adaln_norm1,1c22,34,0,even,13,4,3e10bdfe3e15bea3
action_dit_adaln_norm1,1c22,34,1,odd,13,4,bea03dbdbe353eba
action_dit_adaln_norm1,1c22,34,2,even,13,4,3d843eca3e9fbdc8
action_dit_adaln_norm1,1c22,34,3,odd,13,4,3eee3bcc3eb0be38
action_dit_adaln_norm1,1c22,34,4,even,13,4,3e5a3edabe273e84
action_dit_adaln_norm1,1c22,34,5,odd,13,4,3e803e0a3da03e1b
action_dit_adaln_norm1,1c22,34,6,even,13,4,be6b3ee7bf2c3e26
action_dit_adaln_norm1,1c22,34,7,odd,13,4,be3d3e6dbe1a3ba8
action_dit_adaln_norm1,1c22,34,8,even,13,4,bec9be78bdb43ea2
action_dit_adaln_norm1,1c22,34,9,odd,13,4,be1abe82beb63f1f
action_dit_adaln_norm1,1c22,34,10,even,13,4,3f103d943ebd3c30
action_dit_adaln_norm1,1c22,34,11,odd,13,4,3e06be863cf93e8d
action_dit_adaln_norm1,1c22,34,12,even,13,4,be81bddebd0a3d68
action_dit_adaln_norm1,1c22,34,13,odd,13,4,be26be17bca8bd94
action_dit_adaln_norm1,1c22,34,14,even,13,4,3e823dce3dbcbe9a
action_dit_adaln_norm1,1c22,34,15,odd,13,4,be48bc7cbe863d1e
action_dit_adaln_norm1,1c22,34,0,even,14,4,3e153f6abe08be94
action_dit_adaln_norm1,1c22,34,1,odd,14,4,be7fbea9be663e46
action_dit_adaln_norm1,1c22,34,2,even,14,4,bec03c30becabb18
action_dit_adaln_norm1,1c22,34,3,odd,14,4,bd823ebebdbebede
action_dit_adaln_norm1,1c22,34,4,even,14,4,bf083e5e3e95bd9b
action_dit_adaln_norm1,1c22,34,5,odd,14,4,bda63eb3bdaf3ecb
action_dit_adaln_norm1,1c22,34,6,even,14,4,be18bd523f01bdff
action_dit_adaln_norm1,1c22,34,7,odd,14,4,bc6e3e44be903d98
action_dit_adaln_norm1,1c22,34,8,even,14,4,3ef03e3fbd483e8b
action_dit_adaln_norm1,1c22,34,9,odd,14,4,bf1a3eb9bf32bdea
action_dit_adaln_norm1,1c22,34,10,even,14,4,be62bd2c3c04bf16
action_dit_adaln_norm1,1c22,34,11,odd,14,4,bc303e833f01beaa
action_dit_adaln_norm1,1c22,34,12,even,14,4,3e39bd45be57bebc
action_dit_adaln_norm1,1c22,34,13,odd,14,4,3de33c303e36bd30
action_dit_adaln_norm1,1c22,34,14,even,14,4,bd55be223f073e84
action_dit_adaln_norm1,1c22,34,15,odd,14,4,3ec43f0dbf403edf
action_dit_adaln_norm1,1c22,34,0,even,15,4,3e57be203f1a3e1f
action_dit_adaln_norm1,1c22,34,1,odd,15,4,3ee4bf12be7bbf18
action_dit_adaln_norm1,1c22,34,2,even,15,4,3d503d12be853cd0
action_dit_adaln_norm1,1c22,34,3,odd,15,4,3e90bef63ee83daf
action_dit_adaln_norm1,1c22,34,4,even,15,4,3eb0bf1a3f34befb
action_dit_adaln_norm1,1c22,34,5,odd,15,4,3e1d3efabd36be61
action_dit_adaln_norm1,1c22,34,6,even,15,4,3d993e85bd38bec1
action_dit_adaln_norm1,1c22,34,7,odd,15,4,be4b3d10bdccbd84
action_dit_adaln_norm1,1c22,34,8,even,15,4,3e6abd8ebda1bd46
action_dit_adaln_norm1,1c22,34,9,odd,15,4,bea9be4cbd8d3ec4
action_dit_adaln_norm1,1c22,34,10,even,15,4,bd10bd58be133e83
action_dit_adaln_norm1,1c22,34,11,odd,15,4,3e333e2a3e9b3e9c
action_dit_adaln_norm1,1c22,34,12,even,15,4,3ec83f2d3e223e96
action_dit_adaln_norm1,1c22,34,13,odd,15,4,3e55be8ebdcebf27
action_dit_adaln_norm1,1c22,34,14,even,15,4,be813d9fbe523edc
action_dit_adaln_norm1,1c22,34,15,odd,15,4,beb53ea83c703eb0
action_dit_adaln_norm1,1c22,34,0,even,16,4,bea43e8fbe3b3e68
action_dit_adaln_norm1,1c22,34,1,odd,16,4,3e013dc3bea23e86
action_dit_adaln_norm1,1c22,34,2,even,16,4,3e06bd7c3e43bead
action_dit_adaln_norm1,1c22,34,3,odd,16,4,3cb03e9b3ea83d1e
action_dit_adaln_norm1,1c22,34,4,even,16,4,be983ce03e853cdc
action_dit_adaln_norm1,1c22,34,5,odd,16,4,3f0cbe94becabe35
action_dit_adaln_norm1,1c22,34,6,even,16,4,bd003ea7bed03f0a
action_dit_adaln_norm1,1c22,34,7,odd,16,4,3ef93c203e84bdfe
action_dit_adaln_norm1,1c22,34,8,even,16,4,bf4a3d08bee4bd41
action_dit_adaln_norm1,1c22,34,9,odd,16,4,be9fbd083db13ed3
action_dit_adaln_norm1,1c22,34,10,even,16,4,3db6bec8be2abed5
action_dit_adaln_norm1,1c22,34,11,odd,16,4,3dd1bec0be483d4c
action_dit_adaln_norm1,1c22,34,12,even,16,4,3e7ebe87be40bdfa
action_dit_adaln_norm1,1c22,34,13,odd,16,4,be3b3ebd3dfcbe8a
action_dit_adaln_norm1,1c22,34,14,even,16,4,3e94bc10bd823ed6
action_dit_adaln_norm1,1c22,34,15,odd,16,4,3e443e5e3e783d24
action_dit_adaln_norm1,1c22,34,0,even,17,4,3e943d303eb23e76
action_dit_adaln_norm1,1c22,34,1,odd,17,4,3e223ec0be7d3e1c
action_dit_adaln_norm1,1c22,34,2,even,17,4,3ed6be023e0abf01
action_dit_adaln_norm1,1c22,34,3,odd,17,4,beb03e2d3ea03e29
action_dit_adaln_norm1,1c22,34,4,even,17,4,3e48be39bd583e98
action_dit_adaln_norm1,1c22,34,5,odd,17,4,3c603df4bc303d98
action_dit_adaln_norm1,1c22,34,6,even,17,4,3dddbed33f443e30
action_dit_adaln_norm1,1c22,34,7,odd,17,4,3ed63e103b203e47
action_dit_adaln_norm1,1c22,34,8,even,17,4,3f2abe043e89bec4
action_dit_adaln_norm1,1c22,34,9,odd,17,4,3d703d06be2ebcb0
action_dit_adaln_norm1,1c22,34,10,even,17,4,3e4ebee3be93bf18
action_dit_adaln_norm1,1c22,34,11,odd,17,4,3d9c3e9cbe5bbead
action_dit_adaln_norm1,1c22,34,12,even,17,4,bca0bef9bdcd3f04
action_dit_adaln_norm1,1c22,34,13,odd,17,4,3f3abe8ebf0a3cac
action_dit_adaln_norm1,1c22,34,14,even,17,4,bed0be183d213d4f
action_dit_adaln_norm1,1c22,34,15,odd,17,4,be3bbd203ed33ec4
action_dit_adaln_norm1,1c22,34,0,even,18,4,3e3ebc58bd143e9c
action_dit_adaln_norm1,1c22,34,1,odd,18,4,3e153d003e8a3ee8
action_dit_adaln_norm1,1c22,34,2,even,18,4,3e47beb23d023e8c
action_dit_adaln_norm1,1c22,34,3,odd,18,4,bcbcbed4be5b3c90
action_dit_adaln_norm1,1c22,34,4,even,18,4,3e73bed23d583e11
action_dit_adaln_norm1,1c22,34,5,odd,18,4,3d95be623b00bddf
action_dit_adaln_norm1,1c22,34,6,even,18,4,3c60be043e46be7e
action_dit_adaln_norm1,1c22,34,7,odd,18,4,3f173d04be033de5
action_dit_adaln_norm1,1c22,34,8,even,18,4,be59bec23e7abd30
action_dit_adaln_norm1,1c22,34,9,odd,18,4,beb83f0e3de4be60
action_dit_adaln_norm1,1c22,34,10,even,18,4,be873f5d3f04be6e
action_dit_adaln_norm1,1c22,34,11,odd,18,4,3f003f553c90bdaf
action_dit_adaln_norm1,1c22,34,12,even,18,4,bec43ee1beea3eac
action_dit_adaln_norm1,1c22,34,13,odd,18,4,3e2c3ec3be233ef8
action_dit_adaln_norm1,1c22,34,14,even,18,4,3e14beb8be8ebe03
action_dit_adaln_norm1,1c22,34,15,odd,18,4,be8cbd08be34bec8
action_dit_adaln_norm1,1c22,34,0,even,19,4,be39bcb4be20bc78
action_dit_adaln_norm1,1c22,34,1,odd,19,4,3e4dbf003ef03f10
action_dit_adaln_norm1,1c22,34,2,even,19,4,3ed63e72befd3e3a
action_dit_adaln_norm1,1c22,34,3,odd,19,4,3d103f2ebe543f2f
action_dit_adaln_norm1,1c22,34,4,even,19,4,3e5abe5dbee3bcb8
action_dit_adaln_norm1,1c22,34,5,odd,19,4,3e843e3cbec83dd5
action_dit_adaln_norm1,1c22,34,6,even,19,4,3efcbee6be2c3e45
action_dit_adaln_norm1,1c22,34,7,odd,19,4,3f26be9e3ee63f28
action_dit_adaln_norm1,1c22,34,8,even,19,4,bf073f07beb53c40
action_dit_adaln_norm1,1c22,34,9,odd,19,4,3ec8be243d78be9e
action_dit_adaln_norm1,1c22,34,10,even,19,4,3e463e8c3e333eae
action_dit_adaln_norm1,1c22,34,11,odd,19,4,bea23df6be683e8a
action_dit_adaln_norm1,1c22,34,12,even,19,4,bea0beb43e6b3e08
action_dit_adaln_norm1,1c22,34,13,odd,19,4,beb0bd843ecfbce7
action_dit_adaln_norm1,1c22,34,14,even,19,4,bdf13eb83e3d3dde
action_dit_adaln_norm1,1c22,34,15,odd,19,4,3e393ea13ed5bdad
action_dit_adaln_norm1,1c22,34,0,even,20,4,bd923e5cbf013f1d
action_dit_adaln_norm1,1c22,34,1,odd,20,4,3e6ebedabe063e8b
action_dit_adaln_norm1,1c22,34,2,even,20,4,3ce8be52bddf3e8f
action_dit_adaln_norm1,1c22,34,3,odd,20,4,be2cbe003e503dbe
action_dit_adaln_norm1,1c22,34,4,even,20,4,3e883d4c3f5abe5c
action_dit_adaln_norm1,1c22,34,5,odd,20,4,3e483f14bf46be54
action_dit_adaln_norm1,1c22,34,6,even,20,4,bee83d183f133e66
action_dit_adaln_norm1,1c22,34,7,odd,20,4,be04be3b3e183dfe
action_dit_adaln_norm1,1c22,34,8,even,20,4,3f283ea6be703ec8
action_dit_adaln_norm1,1c22,34,9,odd,20,4,be383d04bf23bea3
action_dit_adaln_norm1,1c22,34,10,even,20,4,be1cbeff3e4c3d83
action_dit_adaln_norm1,1c22,34,11,odd,20,4,bdfa3e48be53be56
action_dit_adaln_norm1,1c22,34,12,even,20,4,3e85be143f1a3c20
action_dit_adaln_norm1,1c22,34,13,odd,20,4,0000be0cbeddbee6
action_dit_adaln_norm1,1c22,34,14,even,20,4,bd5a3d0e3efcbd6c
action_dit_adaln_norm1,1c22,34,15,odd,20,4,bf50bcfa3f4fbe57
action_dit_adaln_norm1,1c22,34,0,even,21,4,3e89bedf3eaebda6
action_dit_adaln_norm1,1c22,34,1,odd,21,4,3e13be713e1a3d50
action_dit_adaln_norm1,1c22,34,2,even,21,4,3edebe443e983eb9
action_dit_adaln_norm1,1c22,34,3,odd,21,4,bda2be92bedfbead
action_dit_adaln_norm1,1c22,34,4,even,21,4,3e32bdf4be3c3e36
action_dit_adaln_norm1,1c22,34,5,odd,21,4,bee23e9cbea53e06
action_dit_adaln_norm1,1c22,34,6,even,21,4,be81bb34bc683eca
action_dit_adaln_norm1,1c22,34,7,odd,21,4,3e03be8b3ec5bd36
action_dit_adaln_norm1,1c22,34,8,even,21,4,bd81bd6abca8be54
action_dit_adaln_norm1,1c22,34,9,odd,21,4,be1ebe893e74bef4
action_dit_adaln_norm1,1c22,34,10,even,21,4,3f01bdb8be98bed8
action_dit_adaln_norm1,1c22,34,11,odd,21,4,3eb13d24bdfbbeab
action_dit_adaln_norm1,1c22,34,12,even,21,4,3e44bd60bbc0be1b
action_dit_adaln_norm1,1c22,34,13,odd,21,4,be913dbf3d383e88
action_dit_adaln_norm1,1c22,34,14,even,21,4,3d683d913e9d3e36
action_dit_adaln_norm1,1c22,34,15,odd,21,4,3ef83ea13ea4becb
action_dit_adaln_norm1,1c22,34,0,even,22,4,bc263eb8bd723e75
action_dit_adaln_norm1,1c22,34,1,odd,22,4,be9c3e83be4e3c70
action_dit_adaln_norm1,1c22,34,2,even,22,4,becabe813df23f08
action_dit_adaln_norm1,1c22,34,3,odd,22,4,be0fbe503f043e48
action_dit_adaln_norm1,1c22,34,4,even,22,4,bb803ea43e4b3dde
action_dit_adaln_norm1,1c22,34,5,odd,22,4,3d83bd9ebe753e71
action_dit_adaln_norm1,1c22,34,6,even,22,4,3e883e883c9e3b7c
action_dit_adaln_norm1,1c22,34,7,odd,22,4,3ef53ea43ef03e2c
action_dit_adaln_norm1,1c22,34,8,even,22,4,bea63e4bbe58bd02
action_dit_adaln_norm1,1c22,34,9,odd,22,4,be76bc94bdce3e9e
action_dit_adaln_norm1,1c22,34,10,even,22,4,bee4bebf3d18be88
action_dit_adaln_norm1,1c22,34,11,odd,22,4,bd783f213f433dcb
action_dit_adaln_norm1,1c22,34,12,even,22,4,bde2bd583ee0be3a
action_dit_adaln_norm1,1c22,34,13,odd,22,4,ba803e963de4bd91
action_dit_adaln_norm1,1c22,34,14,even,22,4,3e5e3dc1bd893ddc
action_dit_adaln_norm1,1c22,34,15,odd,22,4,be193df0bedbbe83
action_dit_adaln_norm1,1c22,34,0,even,23,4,3e123f0a3da6be9b
action_dit_adaln_norm1,1c22,34,1,odd,23,4,3f293e3cbe7b3ea1
action_dit_adaln_norm1,1c22,34,2,even,23,4,bebd3ea03e84be72
action_dit_adaln_norm1,1c22,34,3,odd,23,4,bf02bee6be67bec1
action_dit_adaln_norm1,1c22,34,4,even,23,4,be443d8c3e82bc74
action_dit_adaln_norm1,1c22,34,5,odd,23,4,3e06beba3e1dbe0b
action_dit_adaln_norm1,1c22,34,6,even,23,4,3e9d3e3bbf19bdde
action_dit_adaln_norm1,1c22,34,7,odd,23,4,3e2bbdf0bd6cbe3a
action_dit_adaln_norm1,1c22,34,8,even,23,4,3d5c3e09be8b3e6c
action_dit_adaln_norm1,1c22,34,9,odd,23,4,be9a3ef4be79be00
action_dit_adaln_norm1,1c22,34,10,even,23,4,3ebc3e5b3f0f3dcb
action_dit_adaln_norm1,1c22,34,11,odd,23,4,3dbf3dbebc8abe8c
action_dit_adaln_norm1,1c22,34,12,even,23,4,3e76bd60bec9be16
action_dit_adaln_norm1,1c22,34,13,odd,23,4,bef53f35beb43be0
action_dit_adaln_norm1,1c22,34,14,even,23,4,be7cbea8be183edf
action_dit_adaln_norm1,1c22,34,15,odd,23,4,3e39be90bf02be70
action_dit_adaln_norm1,1c23,35,0,even,0,4,3e5cbe4dbee13de6
action_dit_adaln_norm1,1c23,35,1,odd,0,4,3eaa3eed3f083e19
action_dit_adaln_norm1,1c23,35,2,even,0,4,bd78bd82bdea3e08
action_dit_adaln_norm1,1c23,35,3,odd,0,4,be44bf1d3e0fbdc4
action_dit_adaln_norm1,1c23,35,4,even,0,4,bed9bcd6bea0bd94
action_dit_adaln_norm1,1c23,35,5,odd,0,4,be4a3ca0bd5a3ef7
action_dit_adaln_norm1,1c23,35,6,even,0,4,3ea4bef1becb3f8d
action_dit_adaln_norm1,1c23,35,7,odd,0,4,3e863e58be593d30
action_dit_adaln_norm1,1c23,35,8,even,0,4,beb3be923d813ddd
action_dit_adaln_norm1,1c23,35,9,odd,0,4,bc803dc53f24be93
action_dit_adaln_norm1,1c23,35,10,even,0,4,be8abeabbdad3e12
action_dit_adaln_norm1,1c23,35,11,odd,0,4,3b90be9c3e5fbdf0
action_dit_adaln_norm1,1c23,35,12,even,0,4,3e823ea33d483e62
action_dit_adaln_norm1,1c23,35,13,odd,0,4,be5f3ebebec1bdc3
action_dit_adaln_norm1,1c23,35,14,even,0,4,bf3bbeaabe9b3eba
action_dit_adaln_norm1,1c23,35,15,odd,0,4,be2abe91bf28bea0
action_dit_adaln_norm1,1c23,35,0,even,1,4,becabdf73e8ebe99
action_dit_adaln_norm1,1c23,35,1,odd,1,4,befabdea3d8a3eb0
action_dit_adaln_norm1,1c23,35,2,even,1,4,3c4e3ddb3c4cbe1c
action_dit_adaln_norm1,1c23,35,3,odd,1,4,3e4dbe36bf0fbec0
action_dit_adaln_norm1,1c23,35,4,even,1,4,3e11be3cbe93beb8
action_dit_adaln_norm1,1c23,35,5,odd,1,4,3e9c3d3c3cf8bf14
action_dit_adaln_norm1,1c23,35,6,even,1,4,3f0ebe5c3e9cbba0
action_dit_adaln_norm1,1c23,35,7,odd,1,4,3d6fbf10bf523c71
action_dit_adaln_norm1,1c23,35,8,even,1,4,bd9c3e983e1b3e08
action_dit_adaln_norm1,1c23,35,9,odd,1,4,3e253cf03ece3f16
action_dit_adaln_norm1,1c23,35,10,even,1,4,3d10bc10be04be94
action_dit_adaln_norm1,1c23,35,11,odd,1,4,bf243e943d283ee5
action_dit_adaln_norm1,1c23,35,12,even,1,4,bdc2bdb2bf56beef
action_dit_adaln_norm1,1c23,35,13,odd,1,4,bf223e743d8c3eb6
action_dit_adaln_norm1,1c23,35,14,even,1,4,be10be9d3d8ebe9f
action_dit_adaln_norm1,1c23,35,15,odd,1,4,be88bd16be6a3e15
action_dit_adaln_norm1,1c23,35,0,even,2,4,3deb3f31bf09bf03
action_dit_adaln_norm1,1c23,35,1,odd,2,4,be98bf22beca3dfe
action_dit_adaln_norm1,1c23,35,2,even,2,4,3e4abc90bebe3e00
action_dit_adaln_norm1,1c23,35,3,odd,2,4,be943e6fbe983e2e
action_dit_adaln_norm1,1c23,35,4,even,2,4,3e303e5ebe563ec0
action_dit_adaln_norm1,1c23,35,5,odd,2,4,3d94bf1a3e5b3ed5
action_dit_adaln_norm1,1c23,35,6,even,2,4,bf013cc23d2bbdf7
action_dit_adaln_norm1,1c23,35,7,odd,2,4,3c90be46bef93e7b
action_dit_adaln_norm1,1c23,35,8,even,2,4,3d42be6cbe853f18
action_dit_adaln_norm1,1c23,35,9,odd,2,4,bd8f3e5dbddcbd14
action_dit_adaln_norm1,1c23,35,10,even,2,4,beb43d16beb9bbc0
action_dit_adaln_norm1,1c23,35,11,odd,2,4,bb00bde0be1b3dac
action_dit_adaln_norm1,1c23,35,12,even,2,4,3e3cbc963e92be35
action_dit_adaln_norm1,1c23,35,13,odd,2,4,3e7ebd2cbf043e38
action_dit_adaln_norm1,1c23,35,14,even,2,4,be593f29bda0bee4
action_dit_adaln_norm1,1c23,35,15,odd,2,4,bf51be5a3db2bd88
action_dit_adaln_norm1,1c23,35,0,even,3,4,3e463bc03eae3dde
action_dit_adaln_norm1,1c23,35,1,odd,3,4,3e91beb23d903d26
action_dit_adaln_norm1,1c23,35,2,even,3,4,3dad3ea0becabed2
action_dit_adaln_norm1,1c23,35,3,odd,3,4,be823ede3e083c4e
action_dit_adaln_norm1,1c23,35,4,even,3,4,3dd03e7dbea2bde9
action_dit_adaln_norm1,1c23,35,5,odd,3,4,be803efcbe81bea7
action_dit_adaln_norm1,1c23,35,6,even,3,4,3c90beeebed03de7
action_dit_adaln_norm1,1c23,35,7,odd,3,4,be463edf3e4d3e94
action_dit_adaln_norm1,1c23,35,8,even,3,4,3dadbe863d08bdc1
action_dit_adaln_norm1,1c23,35,9,odd,3,4,bf05bf11bee33f17
action_dit_adaln_norm1,1c23,35,10,even,3,4,bd483e923dfe3f1a
action_dit_adaln_norm1,1c23,35,11,odd,3,4,be31be363ec4bd02
action_dit_adaln_norm1,1c23,35,12,even,3,4,be813e523ea63f1a
action_dit_adaln_norm1,1c23,35,13,odd,3,4,be6cbd273e10bea4
action_dit_adaln_norm1,1c23,35,14,even,3,4,3e66bcdcbe923db2
action_dit_adaln_norm1,1c23,35,15,odd,3,4,be7f3cf23db6bf12
action_dit_adaln_norm1,1c23,35,0,even,4,4,be603df03e84bee1
action_dit_adaln_norm1,1c23,35,1,odd,4,4,3b88bdc4bda03df0
action_dit_adaln_norm1,1c23,35,2,even,4,4,be763f00bd30be8c
action_dit_adaln_norm1,1c23,35,3,odd,4,4,3e343e9e3e233e80
action_dit_adaln_norm1,1c23,35,4,even,4,4,3e04beb43e72bea0
action_dit_adaln_norm1,1c23,35,5,odd,4,4,be81be1a3deebe88
action_dit_adaln_norm1,1c23,35,6,even,4,4,3e65bee5bf0fbea3
action_dit_adaln_norm1,1c23,35,7,odd,4,4,becabebfbe85be2d
action_dit_adaln_norm1,1c23,35,8,even,4,4,bea9bea4beaf3eac
action_dit_adaln_norm1,1c23,35,9,odd,4,4,bef6bf20beaebe9f
action_dit_adaln_norm1,1c23,35,10,even,4,4,3f16be8abedc3ed8
action_dit_adaln_norm1,1c23,35,11,odd,4,4,3d943e65bf483f2a
action_dit_adaln_norm1,1c23,35,12,even,4,4,3e0abca0be09bf18
action_dit_adaln_norm1,1c23,35,13,odd,4,4,3d503d8bbe8b3eba
action_dit_adaln_norm1,1c23,35,14,even,4,4,bea2bebc3e023e4c
action_dit_adaln_norm1,1c23,35,15,odd,4,4,3e1ebeb83e58bf06
action_dit_adaln_norm1,1c23,35,0,even,5,4,bd94beb93eaf3d08
action_dit_adaln_norm1,1c23,35,1,odd,5,4,3e8fbe323e58be81
action_dit_adaln_norm1,1c23,35,2,even,5,4,be47bea63ed33d82
action_dit_adaln_norm1,1c23,35,3,odd,5,4,bec3bdd0bdee3dd2
action_dit_adaln_norm1,1c23,35,4,even,5,4,be863e8a3e9bbea0
action_dit_adaln_norm1,1c23,35,5,odd,5,4,3d1cbecabdb03c80
action_dit_adaln_norm1,1c23,35,6,even,5,4,3d83bd1a3f1a3e07
action_dit_adaln_norm1,1c23,35,7,odd,5,4,bd483f0ebe7a3eea
action_dit_adaln_norm1,1c23,35,8,even,5,4,3eb43e82be8ebd78
action_dit_adaln_norm1,1c23,35,9,odd,5,4,3f17beab3eb6be44
action_dit_adaln_norm1,1c23,35,10,even,5,4,bec63d3cbea0be31
action_dit_adaln_norm1,1c23,35,11,odd,5,4,3d6a3de0be90beaa
action_dit_adaln_norm1,1c23,35,12,even,5,4,beee3c303dea3d08
action_dit_adaln_norm1,1c23,35,13,odd,5,4,befdbed43e1c3e89
action_dit_adaln_norm1,1c23,35,14,even,5,4,3e4cbeb2be533f2b
action_dit_adaln_norm1,1c23,35,15,odd,5,4,3e983db0bf02be3a
action_dit_adaln_norm1,1c23,35,0,even,6,4,bea4be183d863e43
action_dit_adaln_norm1,1c23,35,1,odd,6,4,3dd63e16be90bed2
action_dit_adaln_norm1,1c23,35,2,even,6,4,3ea2bd203e793de3
action_dit_adaln_norm1,1c23,35,3,odd,6,4,be1e3e8b3e11bed9
action_dit_adaln_norm1,1c23,35,4,even,6,4,bdc83ec6bef43e97
action_dit_adaln_norm1,1c23,35,5,odd,6,4,bcd83f073e983da3
action_dit_adaln_norm1,1c23,35,6,even,6,4,3e143e8abf00be09
action_dit_adaln_norm1,1c23,35,7,odd,6,4,be1b3ded3c40bdee
action_dit_adaln_norm1,1c23,35,8,even,6,4,bf1dbd8a3eb43e0d
action_dit_adaln_norm1,1c23,35,9,odd,6,4,be2c3c6c3d64be8d
action_dit_adaln_norm1,1c23,35,10,even,6,4,be543dd1be70be14
action_dit_adaln_norm1,1c23,35,11,odd,6,4,3de4bee03e923dab
action_dit_adaln_norm1,1c23,35,12,even,6,4,3d183eddbe0ebd38
action_dit_adaln_norm1,1c23,35,13,odd,6,4,bdb3beaa3ea63eb2
action_dit_adaln_norm1,1c23,35,14,even,6,4,3f06be0b3dd83e51
action_dit_adaln_norm1,1c23,35,15,odd,6,4,3e9fbdeebe883e93
action_dit_adaln_norm1,1c23,35,0,even,7,4,bdda3e88bdad3e77
action_dit_adaln_norm1,1c23,35,1,odd,7,4,be86be66be723e13
action_dit_adaln_norm1,1c23,35,2,even,7,4,be2fbe203dc0be28
action_dit_adaln_norm1,1c23,35,3,odd,7,4,bc30bf01be643de4
action_dit_adaln_norm1,1c23,35,4,even,7,4,3e88bd8abef2be9a
action_dit_adaln_norm1,1c23,35,5,odd,7,4,be75be82bd9ebeb2
action_dit_adaln_norm1,1c23,35,6,even,7,4,be66bcca3e1a3e04
action_dit_adaln_norm1,1c23,35,7,odd,7,4,be82bea43db8be89
action_dit_adaln_norm1,1c23,35,8,even,7,4,be9e3e2d3e9d3f0a
action_dit_adaln_norm1,1c23,35,9,odd,7,4,3d123e7ebe5e3dba
action_dit_adaln_norm1,1c23,35,10,even,7,4,3e0a3e8a3e703e5c
action_dit_adaln_norm1,1c23,35,11,odd,7,4,be52be133d4e3e9d
action_dit_adaln_norm1,1c23,35,12,even,7,4,3e8a3e28bdf4bcef
action_dit_adaln_norm1,1c23,35,13,odd,7,4,3f05be5f3df0bf02
action_dit_adaln_norm1,1c23,35,14,even,7,4,bdeabe63be08bdda
action_dit_adaln_norm1,1c23,35,15,odd,7,4,be85bdf13d7cbd28
action_dit_adaln_norm1,1c23,35,0,even,8,4,bdc3bd863e0b3e59
action_dit_adaln_norm1,1c23,35,1,odd,8,4,3e69be34be663ed0
action_dit_adaln_norm1,1c23,35,2,even,8,4,3e0b3c303dfcbe19
action_dit_adaln_norm1,1c23,35,3,odd,8,4,be66becabf603edc
action_dit_adaln_norm1,1c23,35,4,even,8,4,3e92bef8bcb0bead
action_dit_adaln_norm1,1c23,35,5,odd,8,4,be37bf04bf0bbdd1
action_dit_adaln_norm1,1c23,35,6,even,8,4,be0a3d08be36bef3
action_dit_adaln_norm1,1c23,35,7,odd,8,4,3f123e40bed2bf5c
action_dit_adaln_norm1,1c23,35,8,even,8,4,3dff3f21be70beaa
action_dit_adaln_norm1,1c23,35,9,odd,8,4,3ea33dec3eabbe20
action_dit_adaln_norm1,1c23,35,10,even,8,4,be993b40bea9be2e
action_dit_adaln_norm1,1c23,35,11,odd,8,4,be0dbd78bec5bf16
action_dit_adaln_norm1,1c23,35,12,even,8,4,bcaebe803eefbcf2
action_dit_adaln_norm1,1c23,35,13,odd,8,4,be3a3e4e3f1abe34
action_dit_adaln_norm1,1c23,35,14,even,8,4,be2f3e5cbece3f07
action_dit_adaln_norm1,1c23,35,15,odd,8,4,be58bf1abe903d72
action_dit_adaln_norm1,1c23,35,0,even,9,4,bd123e8c3f2cbe1e
action_dit_adaln_norm1,1c23,35,1,odd,9,4,3a803f05be9c3f28
action_dit_adaln_norm1,1c23,35,2,even,9,4,3eb73d1eba00bea2
action_dit_adaln_norm1,1c23,35,3,odd,9,4,3ee73e0a3cc03ee0
action_dit_adaln_norm1,1c23,35,4,even,9,4,3ea8be8ebe433f13
action_dit_adaln_norm1,1c23,35,5,odd,9,4,3ee6be77bde5bdb6
action_dit_adaln_norm1,1c23,35,6,even,9,4,3e843e00be043f06
action_dit_adaln_norm1,1c23,35,7,odd,9,4,3eba3e90be063f34
action_dit_adaln_norm1,1c23,35,8,even,9,4,be933e803dfd3eb2
action_dit_adaln_norm1,1c23,35,9,odd,9,4,3e79bda03f1cbf28
action_dit_adaln_norm1,1c23,35,10,even,9,4,3e8a3db23eaa3e85
action_dit_adaln_norm1,1c23,35,11,odd,9,4,3dfabe953e2e3e7c
action_dit_adaln_norm1,1c23,35,12,even,9,4,bc78bc20bea0beb6
action_dit_adaln_norm1,1c23,35,13,odd,9,4,bd0cbd9bbe933ca8
action_dit_adaln_norm1,1c23,35,14,even,9,4,be543e61be18bed4
action_dit_adaln_norm1,1c23,35,15,odd,9,4,bdb13e91bec73e54
action_dit_adaln_norm1,1c23,35,0,even,10,4,3eba3e8cbcf83be0
action_dit_adaln_norm1,1c23,35,1,odd,10,4,beea3e723df1be32
action_dit_adaln_norm1,1c23,35,2,even,10,4,3dbebe783b003d9e
action_dit_adaln_norm1,1c23,35,3,odd,10,4,be5e3dd5bd883dca
action_dit_adaln_norm1,1c23,35,4,even,10,4,3e673ec23dc7bf1c
action_dit_adaln_norm1,1c23,35,5,odd,10,4,be563d003f133e83
action_dit_adaln_norm1,1c23,35,6,even,10,4,3d6e3ba03f173d99
action_dit_adaln_norm1,1c23,35,7,odd,10,4,be983e283e933b00
action_dit_adaln_norm1,1c23,35,8,even,10,4,3f5a3d8e3e4e3eab
action_dit_adaln_norm1,1c23,35,9,odd,10,4,3bb23d1e3e403f08
action_dit_adaln_norm1,1c23,35,10,even,10,4,be32bed33d543e17
action_dit_adaln_norm1,1c23,35,11,odd,10,4,be9a3f20bd0e3f26
action_dit_adaln_norm1,1c23,35,12,even,10,4,3e6ebda4bee2bee0
action_dit_adaln_norm1,1c23,35,13,odd,10,4,3e00be9a3e4a3d6c
action_dit_adaln_norm1,1c23,35,14,even,10,4,3e093f1abe083def
action_dit_adaln_norm1,1c23,35,15,odd,10,4,3dcb3ea9be773f1d
action_dit_adaln_norm1,1c23,35,0,even,11,4,3e9a3dbebdbd3e56
action_dit_adaln_norm1,1c23,35,1,odd,11,4,3e0ebee4beafbe76
action_dit_adaln_norm1,1c23,35,2,even,11,4,3d6bbe5cbe893eeb
action_dit_adaln_norm1,1c23,35,3,odd,11,4,be3cbeacbf07bf23
action_dit_adaln_norm1,1c23,35,4,even,11,4,3e8ebe6bbe3e3e75
action_dit_adaln_norm1,1c23,35,5,odd,11,4,3e3abd533eda3d22
action_dit_adaln_norm1,1c23,35,6,even,11,4,3edd3e58be2bbcf0
action_dit_adaln_norm1,1c23,35,7,odd,11,4,3e90bde6bcc03d26
action_dit_adaln_norm1,1c23,35,8,even,11,4,be9f3debbe30be98
action_dit_adaln_norm1,1c23,35,9,odd,11,4,3e463d3abcb0be58
action_dit_adaln_norm1,1c23,35,10,even,11,4,beea3e76bedc3dec
action_dit_adaln_norm1,1c23,35,11,odd,11,4,3e843eee3dd03d60
action_dit_adaln_norm1,1c23,35,12,even,11,4,3f013e2a3e973e08
action_dit_adaln_norm1,1c23,35,13,odd,11,4,3e103dacbca83eda
action_dit_adaln_norm1,1c23,35,14,even,11,4,3e843dd43c97beb8
action_dit_adaln_norm1,1c23,35,15,odd,11,4,be103dcebf1cbdab
action_dit_adaln_norm1,1c23,35,0,even,12,4,3f293ea6bef03e83
action_dit_adaln_norm1,1c23,35,1,odd,12,4,be81beedbe153ec6
action_dit_adaln_norm1,1c23,35,2,even,12,4,bef03c503e08be77
action_dit_adaln_norm1,1c23,35,3,odd,12,4,bd563dd1bddebed0
action_dit_adaln_norm1,1c23,35,4,even,12,4,3ebe3eaabf1a3ec7
action_dit_adaln_norm1,1c23,35,5,odd,12,4,bf143ed0bb20bed2
action_dit_adaln_norm1,1c23,35,6,even,12,4,bf0e3dc13e9a3d47
action_dit_adaln_norm1,1c23,35,7,odd,12,4,3d0cbdc33e1cbdaf
action_dit_adaln_norm1,1c23,35,8,even,12,4,3ef3bf163ddf3e8a
action_dit_adaln_norm1,1c23,35,9,odd,12,4,bdf23d143c063ecd
action_dit_adaln_norm1,1c23,35,10,even,12,4,be093ea83e663e82
action_dit_adaln_norm1,1c23,35,11,odd,12,4,3edc3e90be263e2f
action_dit_adaln_norm1,1c23,35,12,even,12,4,bea9be93beefbe59
action_dit_adaln_norm1,1c23,35,13,odd,12,4,3e9abe74be0bbe03
action_dit_adaln_norm1,1c23,35,14,even,12,4,3e9d3cf4be6fbd8a
action_dit_adaln_norm1,1c23,35,15,odd,12,4,3e25be0cbe8dbe60
action_dit_adaln_norm1,1c23,35,0,even,13,4,3d0a3e283e5bbe9d
action_dit_adaln_norm1,1c23,35,1,odd,13,4,be8abc8abda03edf
action_dit_adaln_norm1,1c23,35,2,even,13,4,3e8c3ebc3e4b3da6
action_dit_adaln_norm1,1c23,35,3,odd,13,4,3f11be383e9a3d8a
action_dit_adaln_norm1,1c23,35,4,even,13,4,bc9d3f23bdce3dee
action_dit_adaln_norm1,1c23,35,5,odd,13,4,3e7e3eb4bcb8bde7
action_dit_adaln_norm1,1c23,35,6,even,13,4,beb43ebfbf06bd94
action_dit_adaln_norm1,1c23,35,7,odd,13,4,be9d3e46be103e69
action_dit_adaln_norm1,1c23,35,8,even,13,4,be6abed2be6a3ea3
action_dit_adaln_norm1,1c23,35,9,odd,13,4,bdefbedabe343f24
action_dit_adaln_norm1,1c23,35,10,even,13,4,3f033e143d80be09
action_dit_adaln_norm1,1c23,35,11,odd,13,4,3e1fbe273db33de2
action_dit_adaln_norm1,1c23,35,12,even,13,4,be38be97bdc43e72
action_dit_adaln_norm1,1c23,35,13,odd,13,4,bde4bdcebe083cd0
action_dit_adaln_norm1,1c23,35,14,even,13,4,3f193e013ef4bebf
action_dit_adaln_norm1,1c23,35,15,odd,13,4,bdd6bd6cbe333d90
action_dit_adaln_norm1,1c23,35,0,even,14,4,3ea63f6abeb4be11
action_dit_adaln_norm1,1c23,35,1,odd,14,4,becdbe48be463e1a
action_dit_adaln_norm1,1c23,35,2,even,14,4,bf193dcabe973cec
action_dit_adaln_norm1,1c23,35,3,odd,14,4,bdbe3ed2be54be58
action_dit_adaln_norm1,1c23,35,4,even,14,4,bf113dd23e97be26
action_dit_adaln_norm1,1c23,35,5,odd,14,4,bdd23e26beb63e9a
action_dit_adaln_norm1,1c23,35,6,even,14,4,be04be8a3f3abde2
action_dit_adaln_norm1,1c23,35,7,odd,14,4,3c103d74bd96be0a
action_dit_adaln_norm1,1c23,35,8,even,14,4,3f2a3e4fbde43e80
action_dit_adaln_norm1,1c23,35,9,odd,14,4,bf283e9abf2bbe14
action_dit_adaln_norm1,1c23,35,10,even,14,4,bd403c9a3d5dbf02
action_dit_adaln_norm1,1c23,35,11,odd,14,4,be843e923f06be46
action_dit_adaln_norm1,1c23,35,12,even,14,4,3e1bbe0fbe10becd
action_dit_adaln_norm1,1c23,35,13,odd,14,4,3cf03e3c3d88bd20
action_dit_adaln_norm1,1c23,35,14,even,14,4,be6bbeac3e4d3d96
action_dit_adaln_norm1,1c23,35,15,odd,14,4,3e943f06bf2a3ee4
action_dit_adaln_norm1,1c23,35,0,even,15,4,3ec5be443f14be08
action_dit_adaln_norm1,1c23,35,1,odd,15,4,3e5fbe9abf28bf27
action_dit_adaln_norm1,1c23,35,2,even,15,4,3e38bd0cbc033e33
action_dit_adaln_norm1,1c23,35,3,odd,15,4,3ec8bde83ecb3e86
action_dit_adaln_norm1,1c23,35,4,even,15,4,3daebe9b3f1bbed2
action_dit_adaln_norm1,1c23,35,5,odd,15,4,3e083f203ccabe81
action_dit_adaln_norm1,1c23,35,6,even,15,4,bdc33e7c3d4cbef3
action_dit_adaln_norm1,1c23,35,7,odd,15,4,be33bd94bea2bdd4
action_dit_adaln_norm1,1c23,35,8,even,15,4,3e36bc40be96be3a
action_dit_adaln_norm1,1c23,35,9,odd,15,4,bee5bea7be5c3d8c
action_dit_adaln_norm1,1c23,35,10,even,15,4,3e00bdfe3d973eb0
action_dit_adaln_norm1,1c23,35,11,odd,15,4,3dcc3dde3e8e3eaa
action_dit_adaln_norm1,1c23,35,12,even,15,4,3f173ed63dd63e7d
action_dit_adaln_norm1,1c23,35,13,odd,15,4,3df6bf00bbd0bf10
action_dit_adaln_norm1,1c23,35,14,even,15,4,bedbbe0fbeaa3eee
action_dit_adaln_norm1,1c23,35,15,odd,15,4,be983dfebe143ef2
action_dit_adaln_norm1,1c23,35,0,even,16,4,bc383e24be963e34
action_dit_adaln_norm1,1c23,35,1,odd,16,4,3eb53da0bec43ebe
action_dit_adaln_norm1,1c23,35,2,even,16,4,3e693ce83e87bdce
action_dit_adaln_norm1,1c23,35,3,odd,16,4,be623dce3ea4bc20
action_dit_adaln_norm1,1c23,35,4,even,16,4,be943e0f3dae3e66
action_dit_adaln_norm1,1c23,35,5,odd,16,4,3e81bf22be53be84
action_dit_adaln_norm1,1c23,35,6,even,16,4,bc003eb6be983e91
action_dit_adaln_norm1,1c23,35,7,odd,16,4,3ac0bcd83d5abea0
action_dit_adaln_norm1,1c23,35,8,even,16,4,bf17bcb8bee9bd06
action_dit_adaln_norm1,1c23,35,9,odd,16,4,be80bde23e343e92
action_dit_adaln_norm1,1c23,35,10,even,16,4,3e61bec5bda4befe
action_dit_adaln_norm1,1c23,35,11,odd,16,4,3ee2bdd4be9f3e05
action_dit_adaln_norm1,1c23,35,12,even,16,4,3e04be07bebfbe4b
action_dit_adaln_norm1,1c23,35,13,odd,16,4,be2c3e863e65bda8
action_dit_adaln_norm1,1c23,35,14,even,16,4,3f2a3e6bbe5a3e9e
action_dit_adaln_norm1,1c23,35,15,odd,16,4,3e163e6439803c20
action_dit_adaln_norm1,1c23,35,0,even,17,4,3eb93ce03ef03e79
action_dit_adaln_norm1,1c23,35,1,odd,17,4,3dfe3e90bea33e88
action_dit_adaln_norm1,1c23,35,2,even,17,4,3f1cbdb63e96beca
action_dit_adaln_norm1,1c23,35,3,odd,17,4,be803eaa3e703d68
action_dit_adaln_norm1,1c23,35,4,even,17,4,3cb0be0bbe823eeb
action_dit_adaln_norm1,1c23,35,5,odd,17,4,3e8b3e55be4e3e42
action_dit_adaln_norm1,1c23,35,6,even,17,4,3e58be243f69bd8e
action_dit_adaln_norm1,1c23,35,7,odd,17,4,3e963df13e043e77
action_dit_adaln_norm1,1c23,35,8,even,17,4,3f283dd53ed8bf05
action_dit_adaln_norm1,1c23,35,9,odd,17,4,3e69bb80be7ebdd0
action_dit_adaln_norm1,1c23,35,10,even,17,4,3da6be92be48bf52
action_dit_adaln_norm1,1c23,35,11,odd,17,4,3d8a3dbcbe14be26
action_dit_adaln_norm1,1c23,35,12,even,17,4,be0cbeca3d683f33
action_dit_adaln_norm1,1c23,35,13,odd,17,4,3f41bd80bef23c9c
action_dit_adaln_norm1,1c23,35,14,even,17,4,beffbdb83dd93dd9
action_dit_adaln_norm1,1c23,35,15,odd,17,4,be2cbd0e3ef23e24
action_dit_adaln_norm1,1c23,35,0,even,18,4,bdbebdecbe053e87
action_dit_adaln_norm1,1c23,35,1,odd,18,4,3e5c3d893ebe3eca
action_dit_adaln_norm1,1c23,35,2,even,18,4,3e8cbf0dbd913db0
action_dit_adaln_norm1,1c23,35,3,odd,18,4,3d8dbf40bebb3e22
action_dit_adaln_norm1,1c23,35,4,even,18,4,3e91be80be4a3e5f
action_dit_adaln_norm1,1c23,35,5,odd,18,4,be13bda73d9abdd6
action_dit_adaln_norm1,1c23,35,6,even,18,4,3da0bdb03eb0bf04
action_dit_adaln_norm1,1c23,35,7,odd,18,4,3effbd91be54bc00
action_dit_adaln_norm1,1c23,35,8,even,18,4,bdbabed53eb8bd9a
action_dit_adaln_norm1,1c23,35,9,odd,18,4,bf0c3ed43e3abd04
action_dit_adaln_norm1,1c23,35,10,even,18,4,be463f253c3cbd24
action_dit_adaln_norm1,1c23,35,11,odd,18,4,3ead3f553e823d5c
action_dit_adaln_norm1,1c23,35,12,even,18,4,beee3f24bebb3f0e
action_dit_adaln_norm1,1c23,35,13,odd,18,4,3db93e97bdba3edc
action_dit_adaln_norm1,1c23,35,14,even,18,4,3e77be06be98bd50
action_dit_adaln_norm1,1c23,35,15,odd,18,4,bee03d20be67bec8
action_dit_adaln_norm1,1c23,35,0,even,19,4,3dd83c703e56be3e
action_dit_adaln_norm1,1c23,35,1,odd,19,4,bd28bce83ecf3f02
action_dit_adaln_norm1,1c23,35,2,even,19,4,3f243dfebe7e3de4
action_dit_adaln_norm1,1c23,35,3,odd,19,4,3d503f14be183f01
action_dit_adaln_norm1,1c23,35,4,even,19,4,3e583c80bf36be18
action_dit_adaln_norm1,1c23,35,5,odd,19,4,3ea23e9dbe253e4f
action_dit_adaln_norm1,1c23,35,6,even,19,4,3ef5be81be663d18
action_dit_adaln_norm1,1c23,35,7,odd,19,4,3f63bdc23ebd3eb0
action_dit_adaln_norm1,1c23,35,8,even,19,4,bf093ec7beee3dd5
action_dit_adaln_norm1,1c23,35,9,odd,19,4,3e0ebe6c3e17beae
action_dit_adaln_norm1,1c23,35,10,even,19,4,3e6c3d0b3e883ed4
action_dit_adaln_norm1,1c23,35,11,odd,19,4,bde63da63dc63e96
action_dit_adaln_norm1,1c23,35,12,even,19,4,bdfa3da83eb63ce2
action_dit_adaln_norm1,1c23,35,13,odd,19,4,be8bbe693f21bc78
action_dit_adaln_norm1,1c23,35,14,even,19,4,bcf83f02bdca3e2d
action_dit_adaln_norm1,1c23,35,15,odd,19,4,bcca3f0e3eedbe4f
action_dit_adaln_norm1,1c23,35,0,even,20,4,be8c3e3cbeb03e7c
action_dit_adaln_norm1,1c23,35,1,odd,20,4,3e1bbeef3d523e90
action_dit_adaln_norm1,1c23,35,2,even,20,4,bd1cbe68be463e5a
action_dit_adaln_norm1,1c23,35,3,odd,20,4,be1abea13eaa3e06
action_dit_adaln_norm1,1c23,35,4,even,20,4,3edb3dec3f58be00
action_dit_adaln_norm1,1c23,35,5,odd,20,4,3ed23f58bf01be76
action_dit_adaln_norm1,1c23,35,6,even,20,4,bf1c3e183e5d3ea2
action_dit_adaln_norm1,1c23,35,7,odd,20,4,be133e1a3e6e3e7a
action_dit_adaln_norm1,1c23,35,8,even,20,4,3f383e4fbd383e22
action_dit_adaln_norm1,1c23,35,9,odd,20,4,bdb13e81bea9beae
action_dit_adaln_norm1,1c23,35,10,even,20,4,3e36bef63e583e5c
action_dit_adaln_norm1,1c23,35,11,odd,20,4,be213e8ebd4dbe59
action_dit_adaln_norm1,1c23,35,12,even,20,4,3e51be943f103e27
action_dit_adaln_norm1,1c23,35,13,odd,20,4,be9a3d06be2fbf2b
action_dit_adaln_norm1,1c23,35,14,even,20,4,be10bd9e3ea4ba80
action_dit_adaln_norm1,1c23,35,15,odd,20,4,bf8ebe323f103ca8
action_dit_adaln_norm1,1c23,35,0,even,21,4,3eeabee93eb8be0f
action_dit_adaln_norm1,1c23,35,1,odd,21,4,3dfcbeb4bd603d04
action_dit_adaln_norm1,1c23,35,2,even,21,4,3ea0be14bb283edb
action_dit_adaln_norm1,1c23,35,3,odd,21,4,3e04bed8bf15bec2
action_dit_adaln_norm1,1c23,35,4,even,21,4,3cfebe22be223d30
action_dit_adaln_norm1,1c23,35,5,odd,21,4,be9b3e88be78be00
action_dit_adaln_norm1,1c23,35,6,even,21,4,bc90be563e793e9c
action_dit_adaln_norm1,1c23,35,7,odd,21,4,be74bee43eac3d9e
action_dit_adaln_norm1,1c23,35,8,even,21,4,bd913d2cbe16be85
action_dit_adaln_norm1,1c23,35,9,odd,21,4,bf11befa3df4bf37
action_dit_adaln_norm1,1c23,35,10,even,21,4,3e97be39be88bedc
action_dit_adaln_norm1,1c23,35,11,odd,21,4,3e8e3cc8bd00be32
action_dit_adaln_norm1,1c23,35,12,even,21,4,bdf0bde23c703e1b
action_dit_adaln_norm1,1c23,35,13,odd,21,4,bd373e663e823e29
action_dit_adaln_norm1,1c23,35,14,even,21,4,3e6f3deb3edebe41
action_dit_adaln_norm1,1c23,35,15,odd,21,4,3f3b3e833ee2be92
action_dit_adaln_norm1,1c23,35,0,even,22,4,3e223e923ca03e3a
action_dit_adaln_norm1,1c23,35,1,odd,22,4,be793e71bdc23d0c
action_dit_adaln_norm1,1c23,35,2,even,22,4,be1cbddfbc603f44
action_dit_adaln_norm1,1c23,35,3,odd,22,4,be89be4e3f093e66
action_dit_adaln_norm1,1c23,35,4,even,22,4,3d183ed33d883d66
action_dit_adaln_norm1,1c23,35,5,odd,22,4,3d9a3db4be5f3e9a
action_dit_adaln_norm1,1c23,35,6,even,22,4,3ed93e48bcd0be50
action_dit_adaln_norm1,1c23,35,7,odd,22,4,3f1f3e393f0e3e23
action_dit_adaln_norm1,1c23,35,8,even,22,4,bdce3e2ebe233e57
action_dit_adaln_norm1,1c23,35,9,odd,22,4,be143a80bda83e6a
action_dit_adaln_norm1,1c23,35,10,even,22,4,be923d543e68bc30
action_dit_adaln_norm1,1c23,35,11,odd,22,4,be403f2a3efa3e0e
action_dit_adaln_norm1,1c23,35,12,even,22,4,bdc8bdc03efabe72
action_dit_adaln_norm1,1c23,35,13,odd,22,4,be733eda3e1abcc4
action_dit_adaln_norm1,1c23,35,14,even,22,4,3e6dbe0d3e6ebe04
action_dit_adaln_norm1,1c23,35,15,odd,22,4,bd323e39bf06bc97
action_dit_adaln_norm1,1c23,35,0,even,23,4,be143ee63e36bde8
action_dit_adaln_norm1,1c23,35,1,odd,23,4,3f393e9bbee03eda
action_dit_adaln_norm1,1c23,35,2,even,23,4,becf3ea43e60be2e
action_dit_adaln_norm1,1c23,35,3,odd,23,4,bf09bf38bd49be8a
action_dit_adaln_norm1,1c23,35,4,even,23,4,be843d023e8b3dca
action_dit_adaln_norm1,1c23,35,5,odd,23,4,3e24bed43e5fbde6
action_dit_adaln_norm1,1c23,35,6,even,23,4,3ed13e02bf173b00
action_dit_adaln_norm1,1c23,35,7,odd,23,4,3e1dbe59bddebe7e
action_dit_adaln_norm1,1c23,35,8,even,23,4,bc603e3dbe433daa
action_dit_adaln_norm1,1c23,35,9,odd,23,4,be653eeabe1f3d92
action_dit_adaln_norm1,1c23,35,10,even,23,4,3f063d753ea0be2a
action_dit_adaln_norm1,1c23,35,11,odd,23,4,3db6bdabbd6fbe21
action_dit_adaln_norm1,1c23,35,12,even,23,4,3e9a3ca0be8dbe97
action_dit_adaln_norm1,1c23,35,13,odd,23,4,bf1d3f3abe833e90
action_dit_adaln_norm1,1c23,35,14,even,23,4,bdfcbe08be273eb9
action_dit_adaln_norm1,1c23,35,15,odd,23,4,3e9cbe66becebde6
action_dit_adaln_norm1,1c24,36,0,even,0,4,3e4dbdcabee03e22
action_dit_adaln_norm1,1c24,36,1,odd,0,4,3e893efe3f173e83
action_dit_adaln_norm1,1c24,36,2,even,0,4,3e40be83be1e3ea7
action_dit_adaln_norm1,1c24,36,3,odd,0,4,be60bf383dbc3da0
action_dit_adaln_norm1,1c24,36,4,even,0,4,befabd59bc263b80
action_dit_adaln_norm1,1c24,36,5,odd,0,4,bd8cbd22be323ebc
action_dit_adaln_norm1,1c24,36,6,even,0,4,3e94bf36bede3f85
action_dit_adaln_norm1,1c24,36,7,odd,0,4,3e723f04bd643d72
action_dit_adaln_norm1,1c24,36,8,even,0,4,bef4beadbe6e3d0a
action_dit_adaln_norm1,1c24,36,9,odd,0,4,be3e3dd23f18be52
action_dit_adaln_norm1,1c24,36,10,even,0,4,3d8abee2bae03e76
action_dit_adaln_norm1,1c24,36,11,odd,0,4,bd94be163e17be2a
action_dit_adaln_norm1,1c24,36,12,even,0,4,3e9f3e083d9f3dbd
action_dit_adaln_norm1,1c24,36,13,odd,0,4,be6e3e3cbe40bb30
action_dit_adaln_norm1,1c24,36,14,even,0,4,bf4ebeb0be113ea4
action_dit_adaln_norm1,1c24,36,15,odd,0,4,bdc6bf04bf0cbe90
action_dit_adaln_norm1,1c24,36,0,even,1,4,be8abe113db1be66
action_dit_adaln_norm1,1c24,36,1,odd,1,4,beadbe65bd7d3de5
action_dit_adaln_norm1,1c24,36,2,even,1,4,3e9e3c44be01bd12
action_dit_adaln_norm1,1c24,36,3,odd,1,4,3e99beebbf30be57
action_dit_adaln_norm1,1c24,36,4,even,1,4,3d0c3dcdbf0dbea2
action_dit_adaln_norm1,1c24,36,5,odd,1,4,3c40be463e1dbefa
action_dit_adaln_norm1,1c24,36,6,even,1,4,3f00be0f3e12be27
action_dit_adaln_norm1,1c24,36,7,odd,1,4,bd14bf22bf4ebe8b
action_dit_adaln_norm1,1c24,36,8,even,1,4,bc783ed93e383dcf
action_dit_adaln_norm1,1c24,36,9,odd,1,4,3e3abe0a3cac3ec4
action_dit_adaln_norm1,1c24,36,10,even,1,4,bcecbe55be04be28
action_dit_adaln_norm1,1c24,36,11,odd,1,4,bf523f14bcc83eec
action_dit_adaln_norm1,1c24,36,12,even,1,4,bd02be5dbf50bece
action_dit_adaln_norm1,1c24,36,13,odd,1,4,bf0a3e6c3e4a3e50
action_dit_adaln_norm1,1c24,36,14,even,1,4,be42be7b3dccbe24
action_dit_adaln_norm1,1c24,36,15,odd,1,4,be26be6ebd9f3c3a
action_dit_adaln_norm1,1c24,36,0,even,2,4,3dbf3f42bee5befe
action_dit_adaln_norm1,1c24,36,1,odd,2,4,be3abebebefe3ded
action_dit_adaln_norm1,1c24,36,2,even,2,4,3ea03d30be8e3de0
action_dit_adaln_norm1,1c24,36,3,odd,2,4,beaa3eadbe243de4
action_dit_adaln_norm1,1c24,36,4,even,2,4,3dcc3e51be8f3e87
action_dit_adaln_norm1,1c24,36,5,odd,2,4,bda6bf4e3e383e9c
action_dit_adaln_norm1,1c24,36,6,even,2,4,bef7be49bcd6be95
action_dit_adaln_norm1,1c24,36,7,odd,2,4,3d78be91bef03e34
action_dit_adaln_norm1,1c24,36,8,even,2,4,3e38bd0cbe783ecb
action_dit_adaln_norm1,1c24,36,9,odd,2,4,3ddf3e843dec3b60
action_dit_adaln_norm1,1c24,36,10,even,2,4,bee33e3ebdd8be1e
action_dit_adaln_norm1,1c24,36,11,odd,2,4,bd8cbde1be373e92
action_dit_adaln_norm1,1c24,36,12,even,2,4,bbdcbe6e3f1fbd78
action_dit_adaln_norm1,1c24,36,13,odd,2,4,3e003d28bebe3c60
action_dit_adaln_norm1,1c24,36,14,even,2,4,bdb43f03be8dbf1a
action_dit_adaln_norm1,1c24,36,15,odd,2,4,bf243cd83e71bd10
action_dit_adaln_norm1,1c24,36,0,even,3,4,3e233d9b3e2e3d72
action_dit_adaln_norm1,1c24,36,1,odd,3,4,3ee1be82bda93e21
action_dit_adaln_norm1,1c24,36,2,even,3,4,3ed03e92be68bea2
action_dit_adaln_norm1,1c24,36,3,odd,3,4,bea13f203e9abea7
action_dit_adaln_norm1,1c24,36,4,even,3,4,3dfc3d03becebe07
action_dit_adaln_norm1,1c24,36,5,odd,3,4,befb3f11bec6bea9
action_dit_adaln_norm1,1c24,36,6,even,3,4,be06be41be8a3e87
action_dit_adaln_norm1,1c24,36,7,odd,3,4,be813e8a3d7a3ea7
action_dit_adaln_norm1,1c24,36,8,even,3,4,3d0cbe293db0be80
action_dit_adaln_norm1,1c24,36,9,odd,3,4,bea4bf00bef23f20
action_dit_adaln_norm1,1c24,36,10,even,3,4,3dc23e673e3a3f20
action_dit_adaln_norm1,1c24,36,11,odd,3,4,bebbbc783f04be86
action_dit_adaln_norm1,1c24,36,12,even,3,4,be563e103e743f3c
action_dit_adaln_norm1,1c24,36,13,odd,3,4,be623e173dfdbe80
action_dit_adaln_norm1,1c24,36,14,even,3,4,3b40bd8ebebabd8c
action_dit_adaln_norm1,1c24,36,15,odd,3,4,be2a3e563e68bee9
action_dit_adaln_norm1,1c24,36,0,even,4,4,bdba3e843d30beda
action_dit_adaln_norm1,1c24,36,1,odd,4,4,bdffbe033daebd2b
action_dit_adaln_norm1,1c24,36,2,even,4,4,bdaa3e45bdbebec6
action_dit_adaln_norm1,1c24,36,3,odd,4,4,3e523d243d163ec9
action_dit_adaln_norm1,1c24,36,4,even,4,4,3e8bbee43e9fbe82
action_dit_adaln_norm1,1c24,36,5,odd,4,4,bed6bc303db0bea7
action_dit_adaln_norm1,1c24,36,6,even,4,4,3cc8bef6bf18beca
action_dit_adaln_norm1,1c24,36,7,odd,4,4,bdb6bc66be143b40
action_dit_adaln_norm1,1c24,36,8,even,4,4,be8bbe62bf433e5d
action_dit_adaln_norm1,1c24,36,9,odd,4,4,beafbee6be99bdf6
action_dit_adaln_norm1,1c24,36,10,even,4,4,3ea23be0bebe3ea2
action_dit_adaln_norm1,1c24,36,11,odd,4,4,bd923e78bf473f0a
action_dit_adaln_norm1,1c24,36,12,even,4,4,3d3cbdbcbe87bf2a
action_dit_adaln_norm1,1c24,36,13,odd,4,4,3e813e7abee63ea4
action_dit_adaln_norm1,1c24,36,14,even,4,4,be78becf3d7c3eb5
action_dit_adaln_norm1,1c24,36,15,odd,4,4,3e8abe9d3e9abf3e
action_dit_adaln_norm1,1c24,36,0,even,5,4,3de6bec73edc3e5c
action_dit_adaln_norm1,1c24,36,1,odd,5,4,3e25bdab3e96bea5
action_dit_adaln_norm1,1c24,36,2,even,5,4,bda9beb63eb4bdce
action_dit_adaln_norm1,1c24,36,3,odd,5,4,bf05be19be653d96
action_dit_adaln_norm1,1c24,36,4,even,5,4,be363e163d9cbe74
action_dit_adaln_norm1,1c24,36,5,odd,5,4,3dd5bf0cbd94be4c
action_dit_adaln_norm1,1c24,36,6,even,5,4,be31bdb43f023e7f
action_dit_adaln_norm1,1c24,36,7,odd,5,4,bd873f0abe503ebf
action_dit_adaln_norm1,1c24,36,8,even,5,4,3e583e90beeebdac
action_dit_adaln_norm1,1c24,36,9,odd,5,4,3ea0beac3ec2be05
action_dit_adaln_norm1,1c24,36,10,even,5,4,bea2bd10be89bd39
action_dit_adaln_norm1,1c24,36,11,odd,5,4,3ddd3e12beb5be9e
action_dit_adaln_norm1,1c24,36,12,even,5,4,bef1bccc3e243dca
action_dit_adaln_norm1,1c24,36,13,odd,5,4,bec6bee63e813ee8
action_dit_adaln_norm1,1c24,36,14,even,5,4,3eacbeaebe083f05
action_dit_adaln_norm1,1c24,36,15,odd,5,4,3f0d3e7ebf22bd70
action_dit_adaln_norm1,1c24,36,0,even,6,4,bee2bd943b403e7e
action_dit_adaln_norm1,1c24,36,1,odd,6,4,3ebb3e86bebabe98
action_dit_adaln_norm1,1c24,36,2,even,6,4,3dd0be073ea83dd9
action_dit_adaln_norm1,1c24,36,3,odd,6,4,be983e8b3eb8beea
action_dit_adaln_norm1,1c24,36,4,even,6,4,bd703ecbbe983e44
action_dit_adaln_norm1,1c24,36,5,odd,6,4,3c783f4c3e643df4
action_dit_adaln_norm1,1c24,36,6,even,6,4,bca33e89bec3be3a
action_dit_adaln_norm1,1c24,36,7,odd,6,4,bd943dd33dacbe90
action_dit_adaln_norm1,1c24,36,8,even,6,4,bf2eba803e5a3e80
action_dit_adaln_norm1,1c24,36,9,odd,6,4,be62be2c3e6dbe86
action_dit_adaln_norm1,1c24,36,10,even,6,4,be9ebe86beb0bde4
action_dit_adaln_norm1,1c24,36,11,odd,6,4,3d54beda3ecebdc8
action_dit_adaln_norm1,1c24,36,12,even,6,4,3da03f18be33bdae
action_dit_adaln_norm1,1c24,36,13,odd,6,4,be05be2d3eea3ec8
action_dit_adaln_norm1,1c24,36,14,even,6,4,3ef3bc823dc43e13
action_dit_adaln_norm1,1c24,36,15,odd,6,4,3e8fbdaabece3ee2
action_dit_adaln_norm1,1c24,36,0,even,7,4,3d503ee2bd4c3e9f
action_dit_adaln_norm1,1c24,36,1,odd,7,4,beaabea4be1a3e5e
action_dit_adaln_norm1,1c24,36,2,even,7,4,be08be84bdbebe62
action_dit_adaln_norm1,1c24,36,3,odd,7,4,3d84bf1f3d223c70
action_dit_adaln_norm1,1c24,36,4,even,7,4,3eb0be1ebf64beae
action_dit_adaln_norm1,1c24,36,5,odd,7,4,bdcebf2abd9bbebf
action_dit_adaln_norm1,1c24,36,6,even,7,4,be5cbe0a3d863e72
action_dit_adaln_norm1,1c24,36,7,odd,7,4,be32be0a3e99be78
action_dit_adaln_norm1,1c24,36,8,even,7,4,be453da23e563f01
action_dit_adaln_norm1,1c24,36,9,odd,7,4,bcec3e42be903e84
action_dit_adaln_norm1,1c24,36,10,even,7,4,3d92bda13e233eae
action_dit_adaln_norm1,1c24,36,11,odd,7,4,beafbe8abe623e92
action_dit_adaln_norm1,1c24,36,12,even,7,4,3db33d403db9bdd9
action_dit_adaln_norm1,1c24,36,13,odd,7,4,3f3ebd98bdcebe8a
action_dit_adaln_norm1,1c24,36,14,even,7,4,bdd1bd483e36bebe
action_dit_adaln_norm1,1c24,36,15,odd,7,4,bd86be813e1abe8c
action_dit_adaln_norm1,1c24,36,0,even,8,4,bd99bb603da63ef7
action_dit_adaln_norm1,1c24,36,1,odd,8,4,3e42bc98beb83ea8
action_dit_adaln_norm1,1c24,36,2,even,8,4,3e883c503dd6bd9b
action_dit_adaln_norm1,1c24,36,3,odd,8,4,bda4be84bf3a3ebc
action_dit_adaln_norm1,1c24,36,4,even,8,4,3e88bf1bbdbabde6
action_dit_adaln_norm1,1c24,36,5,odd,8,4,be9cbf26bf09be9f
action_dit_adaln_norm1,1c24,36,6,even,8,4,3c80bd18be0abf28
action_dit_adaln_norm1,1c24,36,7,odd,8,4,3f013dc6bebbbf5e
action_dit_adaln_norm1,1c24,36,8,even,8,4,3e0e3f2bbdc6bee3
action_dit_adaln_norm1,1c24,36,9,odd,8,4,3eb43e903e36be4a
action_dit_adaln_norm1,1c24,36,10,even,8,4,be463dc6be39be59
action_dit_adaln_norm1,1c24,36,11,odd,8,4,be5e3dfcbe3ebf1d
action_dit_adaln_norm1,1c24,36,12,even,8,4,3d173e063e653c68
action_dit_adaln_norm1,1c24,36,13,odd,8,4,be3a3eb93f56be43
action_dit_adaln_norm1,1c24,36,14,even,8,4,3cf83e1bbf113ee2
action_dit_adaln_norm1,1c24,36,15,odd,8,4,beccbf09bef4bd4c
action_dit_adaln_norm1,1c24,36,0,even,9,4,be063e193f4d3e44
action_dit_adaln_norm1,1c24,36,1,odd,9,4,be093e9fbed33f1c
action_dit_adaln_norm1,1c24,36,2,even,9,4,3f12bbf0be1fbeb4
action_dit_adaln_norm1,1c24,36,3,odd,9,4,3edd3cc83e973ebd
action_dit_adaln_norm1,1c24,36,4,even,9,4,3eb3be26beaa3ed8
action_dit_adaln_norm1,1c24,36,5,odd,9,4,3e8fbe38be6c3e33
action_dit_adaln_norm1,1c24,36,6,even,9,4,3edf3e97be503f34
action_dit_adaln_norm1,1c24,36,7,odd,9,4,3eb13e72bd083ed6
action_dit_adaln_norm1,1c24,36,8,even,9,4,be663e553e523e89
action_dit_adaln_norm1,1c24,36,9,odd,9,4,3e82be5b3ee3bf1a
action_dit_adaln_norm1,1c24,36,10,even,9,4,3e70bcc43eee3dce
action_dit_adaln_norm1,1c24,36,11,odd,9,4,3dfabe893e703e65
action_dit_adaln_norm1,1c24,36,12,even,9,4,bd403e06be8fbe92
action_dit_adaln_norm1,1c24,36,13,odd,9,4,3e5dbe91beb2bd9d
action_dit_adaln_norm1,1c24,36,14,even,9,4,bef63d8e3d20bebb
action_dit_adaln_norm1,1c24,36,15,odd,9,4,3c0e3ed4be8ebd04
action_dit_adaln_norm1,1c24,36,0,even,10,4,3e2f3e963e54bd36
action_dit_adaln_norm1,1c24,36,1,odd,10,4,beecbb803c30bd1e
action_dit_adaln_norm1,1c24,36,2,even,10,4,3ea8beaa3dc6be80
action_dit_adaln_norm1,1c24,36,3,odd,10,4,bce4be1b3ce83d68
action_dit_adaln_norm1,1c24,36,4,even,10,4,3e363efe3e74bf2b
action_dit_adaln_norm1,1c24,36,5,odd,10,4,be1f3d863f15be2e
action_dit_adaln_norm1,1c24,36,6,even,10,4,3ec63be03f1abe07
action_dit_adaln_norm1,1c24,36,7,odd,10,4,beb63e993de73d41
action_dit_adaln_norm1,1c24,36,8,even,10,4,3f43bdfa3e443eb4
action_dit_adaln_norm1,1c24,36,9,odd,10,4,3d1d3c203e8e3f09
action_dit_adaln_norm1,1c24,36,10,even,10,4,be82bf133dcebc00
action_dit_adaln_norm1,1c24,36,11,odd,10,4,beb93eff3e363f0e
action_dit_adaln_norm1,1c24,36,12,even,10,4,3ef63de0beedbef0
action_dit_adaln_norm1,1c24,36,13,odd,10,4,3d04bea13d6c3d9a
action_dit_adaln_norm1,1c24,36,14,even,10,4,3da63ea1be543e9b
action_dit_adaln_norm1,1c24,36,15,odd,10,4,3d6a3e70be343f07
action_dit_adaln_norm1,1c24,36,0,even,11,4,3f023d143da63d86
action_dit_adaln_norm1,1c24,36,1,odd,11,4,bbf0bf03be24be8d
action_dit_adaln_norm1,1c24,36,2,even,11,4,3dcabe76be9f3f3a
action_dit_adaln_norm1,1c24,36,3,odd,11,4,be03bf04bf1fbf0c
action_dit_adaln_norm1,1c24,36,4,even,11,4,3e59bdb7be5c3d63
action_dit_adaln_norm1,1c24,36,5,odd,11,4,3c7fbe3e3e8b3e92
action_dit_adaln_norm1,1c24,36,6,even,11,4,3ebf3d60be3abd74
action_dit_adaln_norm1,1c24,36,7,odd,11,4,3e8f3cd0be2a3e12
action_dit_adaln_norm1,1c24,36,8,even,11,4,be823e9cbe88bdad
action_dit_adaln_norm1,1c24,36,9,odd,11,4,3e66bd8a3e18be9e
action_dit_adaln_norm1,1c24,36,10,even,11,4,bf0c3eabbee23e32
action_dit_adaln_norm1,1c24,36,11,odd,11,4,3ec73e0e3d883de9
action_dit_adaln_norm1,1c24,36,12,even,11,4,3f163d6c3e6dbcfe
action_dit_adaln_norm1,1c24,36,13,odd,11,4,3d8c3d54bdbc3ee4
action_dit_adaln_norm1,1c24,36,14,even,11,4,3f003f07bd38be4c
action_dit_adaln_norm1,1c24,36,15,odd,11,4,bd8b3decbf42bd2f
action_dit_adaln_norm1,1c24,36,0,even,12,4,3ec03e66bece3e17
action_dit_adaln_norm1,1c24,36,1,odd,12,4,be59becdbe6a3f18
action_dit_adaln_norm1,1c24,36,2,even,12,4,bf103de83e72bea8
action_dit_adaln_norm1,1c24,36,3,odd,12,4,bdb83d8bbe86bee6
action_dit_adaln_norm1,1c24,36,4,even,12,4,3eb03e8ebf243e48
action_dit_adaln_norm1,1c24,36,5,odd,12,4,bedf3ef43d85beee
action_dit_adaln_norm1,1c24,36,6,even,12,4,bf0e3dea3eb03e62
action_dit_adaln_norm1,1c24,36,7,odd,12,4,3d60bd803d9f3d17
action_dit_adaln_norm1,1c24,36,8,even,12,4,3efcbe903da83e2c
action_dit_adaln_norm1,1c24,36,9,odd,12,4,3b603db43df63f02
action_dit_adaln_norm1,1c24,36,10,even,12,4,bb803ec43ed13e92
action_dit_adaln_norm1,1c24,36,11,odd,12,4,3eb43e383d9cbe11
action_dit_adaln_norm1,1c24,36,12,even,12,4,beb9bd97be59be6d
action_dit_adaln_norm1,1c24,36,13,odd,12,4,3d9cbe4b3ce6be01
action_dit_adaln_norm1,1c24,36,14,even,12,4,3e9c3d10bd60bd8e
action_dit_adaln_norm1,1c24,36,15,odd,12,4,3d2a3bd2bec6be83
action_dit_adaln_norm1,1c24,36,0,even,13,4,3e643d283e8abeff
action_dit_adaln_norm1,1c24,36,1,odd,13,4,befebe45bc203ed4
action_dit_adaln_norm1,1c24,36,2,even,13,4,3e4a3e6a3e363c90
action_dit_adaln_norm1,1c24,36,3,odd,13,4,3f3abdbe3ecebe35
action_dit_adaln_norm1,1c24,36,4,even,13,4,3c5c3f19bcae3d00
action_dit_adaln_norm1,1c24,36,5,odd,13,4,3e9e3e0fbcc8bce0
action_dit_adaln_norm1,1c24,36,6,even,13,4,bf0e3ee6bf163dfd
action_dit_adaln_norm1,1c24,36,7,odd,13,4,be2c3e3bbe3f3e7d
action_dit_adaln_norm1,1c24,36,8,even,13,4,bde6be53bd443e44
action_dit_adaln_norm1,1c24,36,9,odd,13,4,bd18bf12beb73f44
action_dit_adaln_norm1,1c24,36,10,even,13,4,3ee93e00be330000
action_dit_adaln_norm1,1c24,36,11,odd,13,4,3d4ebe633dd1bd8d
action_dit_adaln_norm1,1c24,36,12,even,13,4,beb4bdb4be213e37
action_dit_adaln_norm1,1c24,36,13,odd,13,4,bd82bdd2bdcc3d73
action_dit_adaln_norm1,1c24,36,14,even,13,4,3ef43dd33f07bed6
action_dit_adaln_norm1,1c24,36,15,odd,13,4,bd14bc26be713e1c
action_dit_adaln_norm1,1c24,36,0,even,14,4,3e633f59be79be38
action_dit_adaln_norm1,1c24,36,1,odd,14,4,bebcbec7be073e21
action_dit_adaln_norm1,1c24,36,2,even,14,4,bec03e4cbeeb3d01
action_dit_adaln_norm1,1c24,36,3,odd,14,4,bca03ee6be3abe80
action_dit_adaln_norm1,1c24,36,4,even,14,4,bf003e4f3dda3e34
action_dit_adaln_norm1,1c24,36,5,odd,14,4,bc303c90bec53e9e
action_dit_adaln_norm1,1c24,36,6,even,14,4,be9dbe893ed5bcc0
action_dit_adaln_norm1,1c24,36,7,odd,14,4,bd18bdbf3c60bebf
action_dit_adaln_norm1,1c24,36,8,even,14,4,3ef63db1be083e42
action_dit_adaln_norm1,1c24,36,9,odd,14,4,be583eeabf34be6a
action_dit_adaln_norm1,1c24,36,10,even,14,4,bd48bdb63dd0bed9
action_dit_adaln_norm1,1c24,36,11,odd,14,4,bd973e703e84beaf
action_dit_adaln_norm1,1c24,36,12,even,14,4,be093d9ebe48be88
action_dit_adaln_norm1,1c24,36,13,odd,14,4,3e643dec3e0ebc30
action_dit_adaln_norm1,1c24,36,14,even,14,4,be8ebe6a3edc3d38
action_dit_adaln_norm1,1c24,36,15,odd,14,4,3ee03e9abf553e93
action_dit_adaln_norm1,1c24,36,0,even,15,4,3e94beb03f03bba0
action_dit_adaln_norm1,1c24,36,1,odd,15,4,3d44be84bf19bf24
action_dit_adaln_norm1,1c24,36,2,even,15,4,3deebdc23cc63e3b
action_dit_adaln_norm1,1c24,36,3,odd,15,4,3e77beac3e5cbd50
action_dit_adaln_norm1,1c24,36,4,even,15,4,3e96bdb73f0cbf04
action_dit_adaln_norm1,1c24,36,5,odd,15,4,3d863ed73d8ebec0
action_dit_adaln_norm1,1c24,36,6,even,15,4,be1a3e573ddabe8d
action_dit_adaln_norm1,1c24,36,7,odd,15,4,3d08be26be56be1e
action_dit_adaln_norm1,1c24,36,8,even,15,4,3eb23db3bec0beaf
action_dit_adaln_norm1,1c24,36,9,odd,15,4,be2bbe91be823e32
action_dit_adaln_norm1,1c24,36,10,even,15,4,3e4abeb13dd33f14
action_dit_adaln_norm1,1c24,36,11,odd,15,4,3d363eae3e763ebe
action_dit_adaln_norm1,1c24,36,12,even,15,4,3eb53efdbe543e0c
action_dit_adaln_norm1,1c24,36,13,odd,15,4,3da0bf00be2dbf00
action_dit_adaln_norm1,1c24,36,14,even,15,4,be5a3cb4becc3f26
action_dit_adaln_norm1,1c24,36,15,odd,15,4,becf3dc0be7d3e44
action_dit_adaln_norm1,1c24,36,0,even,16,4,be08bcd8beb43d66
action_dit_adaln_norm1,1c24,36,1,odd,16,4,3e933e94bf083e25
action_dit_adaln_norm1,1c24,36,2,even,16,4,3e983e373e2d3bf0
action_dit_adaln_norm1,1c24,36,3,odd,16,4,be443d8c3edb3d68
action_dit_adaln_norm1,1c24,36,4,even,16,4,beaf3ebe3e793ea0
action_dit_adaln_norm1,1c24,36,5,odd,16,4,3e95bf2abe11be1a
action_dit_adaln_norm1,1c24,36,6,even,16,4,3e343eaebe783ec5
action_dit_adaln_norm1,1c24,36,7,odd,16,4,3e0abd6cbe01bda3
action_dit_adaln_norm1,1c24,36,8,even,16,4,bf4e3d4dbef7bc50
action_dit_adaln_norm1,1c24,36,9,odd,16,4,bf0cbe883e6e3e9c
action_dit_adaln_norm1,1c24,36,10,even,16,4,3ebabe86bbe0bf0c
action_dit_adaln_norm1,1c24,36,11,odd,16,4,3eb4be8dbf103dee
action_dit_adaln_norm1,1c24,36,12,even,16,4,3e4ebe9fbeaabe40
action_dit_adaln_norm1,1c24,36,13,odd,16,4,be653f143e55be7e
action_dit_adaln_norm1,1c24,36,14,even,16,4,3ec93ec2bdf23f08
action_dit_adaln_norm1,1c24,36,15,odd,16,4,3d043ec33e2d3e84
action_dit_adaln_norm1,1c24,36,0,even,17,4,3e8c3c603eba3eed
action_dit_adaln_norm1,1c24,36,1,odd,17,4,3dbc3eefbee8bcb0
action_dit_adaln_norm1,1c24,36,2,even,17,4,3ed03e5e3e64be0c
action_dit_adaln_norm1,1c24,36,3,odd,17,4,bdd03df5bd703ba0
action_dit_adaln_norm1,1c24,36,4,even,17,4,3b40be89bec93eac
action_dit_adaln_norm1,1c24,36,5,odd,17,4,3e503eb6be7f3b00
action_dit_adaln_norm1,1c24,36,6,even,17,4,3f0abe723f0fbd41
action_dit_adaln_norm1,1c24,36,7,odd,17,4,3e933e023e1c3e97
action_dit_adaln_norm1,1c24,36,8,even,17,4,3efe3d793e28bec0
action_dit_adaln_norm1,1c24,36,9,odd,17,4,3dbcbdd8bee2be58
action_dit_adaln_norm1,1c24,36,10,even,17,4,3e84bebabe57bf29
action_dit_adaln_norm1,1c24,36,11,odd,17,4,bddc3de4be5fbd75
action_dit_adaln_norm1,1c24,36,12,even,17,4,bde0be8b3e083f1e
action_dit_adaln_norm1,1c24,36,13,odd,17,4,3f103c00be9a3e78
action_dit_adaln_norm1,1c24,36,14,even,17,4,bf103bba3e4fbd24
action_dit_adaln_norm1,1c24,36,15,odd,17,4,beb6bcd83f0d3e08
action_dit_adaln_norm1,1c24,36,0,even,18,4,3dccbe2ebea63df4
action_dit_adaln_norm1,1c24,36,1,odd,18,4,bd9c3e223ec93e98
action_dit_adaln_norm1,1c24,36,2,even,18,4,3e72bf163c5dbdeb
action_dit_adaln_norm1,1c24,36,3,odd,18,4,3e17befc3dcc3c70
action_dit_adaln_norm1,1c24,36,4,even,18,4,3df6beacbe703e91
action_dit_adaln_norm1,1c24,36,5,odd,18,4,bddabe13bce8bdcf
action_dit_adaln_norm1,1c24,36,6,even,18,4,3e49be4e3e8ebf16
action_dit_adaln_norm1,1c24,36,7,odd,18,4,3ec8bcfc3c443e06
action_dit_adaln_norm1,1c24,36,8,even,18,4,bddcbef63ea5bdb6
action_dit_adaln_norm1,1c24,36,9,odd,18,4,bef23ee63c8cbdb4
action_dit_adaln_norm1,1c24,36,10,even,18,4,be4c3f803d73be09
action_dit_adaln_norm1,1c24,36,11,odd,18,4,3f133f703d9a3e18
action_dit_adaln_norm1,1c24,36,12,even,18,4,be9a3ed2be803ef0
action_dit_adaln_norm1,1c24,36,13,odd,18,4,3c503e3e3c543e10
action_dit_adaln_norm1,1c24,36,14,even,18,4,3edabed9be26be28
action_dit_adaln_norm1,1c24,36,15,odd,18,4,bd100000be28be85
action_dit_adaln_norm1,1c24,36,0,even,19,4,3e2f3e8a3e163da2
action_dit_adaln_norm1,1c24,36,1,odd,19,4,bd20be153eb63f00
action_dit_adaln_norm1,1c24,36,2,even,19,4,3f1e3d8cbf1d3d14
action_dit_adaln_norm1,1c24,36,3,odd,19,4,3c903f22be663f0a
action_dit_adaln_norm1,1c24,36,4,even,19,4,3e043d90bf0abed2
action_dit_adaln_norm1,1c24,36,5,odd,19,4,3ee93ea7bf043dae
action_dit_adaln_norm1,1c24,36,6,even,19,4,3ed0bb40be1cbcd8
action_dit_adaln_norm1,1c24,36,7,odd,19,4,3f4bbd603ee63ee8
action_dit_adaln_norm1,1c24,36,8,even,19,4,bf0a3f01be5a3e2d
action_dit_adaln_norm1,1c24,36,9,odd,19,4,3eb8beb83e75beaa
action_dit_adaln_norm1,1c24,36,10,even,19,4,3e533dae3e833e85
action_dit_adaln_norm1,1c24,36,11,odd,19,4,be103d193df83ed4
action_dit_adaln_norm1,1c24,36,12,even,19,4,bd56bd7e3e75bda9
action_dit_adaln_norm1,1c24,36,13,odd,19,4,bef6beb23f15be60
action_dit_adaln_norm1,1c24,36,14,even,19,4,be4b3e29bc7a3dae
action_dit_adaln_norm1,1c24,36,15,odd,19,4,3e4e3f273efdbe0c
action_dit_adaln_norm1,1c24,36,0,even,20,4,be52bdf2bea63ea5
action_dit_adaln_norm1,1c24,36,1,odd,20,4,3e26bedabcd83e96
action_dit_adaln_norm1,1c24,36,2,even,20,4,be26bc70bd9ebdbe
action_dit_adaln_norm1,1c24,36,3,odd,20,4,be9abe4f3e96bdae
action_dit_adaln_norm1,1c24,36,4,even,20,4,3f003dc13f64beac
action_dit_adaln_norm1,1c24,36,5,odd,20,4,3ec43f18bf1cbef8
action_dit_adaln_norm1,1c24,36,6,even,20,4,beacbdac3e913f03
action_dit_adaln_norm1,1c24,36,7,odd,20,4,bcd03d423e093e4b
action_dit_adaln_norm1,1c24,36,8,even,20,4,3f293e5cbe373ea7
action_dit_adaln_norm1,1c24,36,9,odd,20,4,bdbc3e95beacbe9d
action_dit_adaln_norm1,1c24,36,10,even,20,4,3db4beb83e843e81
action_dit_adaln_norm1,1c24,36,11,odd,20,4,3da23ed8be8abd70
action_dit_adaln_norm1,1c24,36,12,even,20,4,3e6cbefe3f083eaa
action_dit_adaln_norm1,1c24,36,13,odd,20,4,bdbebc00bedfbf23
action_dit_adaln_norm1,1c24,36,14,even,20,4,be473dc43ee53c90
action_dit_adaln_norm1,1c24,36,15,odd,20,4,bf51bd943f233e34
action_dit_adaln_norm1,1c24,36,0,even,21,4,3edcbe523e98bd61
action_dit_adaln_norm1,1c24,36,1,odd,21,4,3ce6be893df83e29
action_dit_adaln_norm1,1c24,36,2,even,21,4,3ed8bd5abc7c3ea9
action_dit_adaln_norm1,1c24,36,3,odd,21,4,3e24be8bbf0cbe98
action_dit_adaln_norm1,1c24,36,4,even,21,4,3defbe95beed3e28
action_dit_adaln_norm1,1c24,36,5,odd,21,4,be463ebfbe18be66
action_dit_adaln_norm1,1c24,36,6,even,21,4,be83be2e3e123ecd
action_dit_adaln_norm1,1c24,36,7,odd,21,4,3d30bee13eed3e36
action_dit_adaln_norm1,1c24,36,8,even,21,4,be183df43df2be34
action_dit_adaln_norm1,1c24,36,9,odd,21,4,beeabf243d96bf12
action_dit_adaln_norm1,1c24,36,10,even,21,4,3e95bed9be95befb
action_dit_adaln_norm1,1c24,36,11,odd,21,4,3e61be593d6cbea5
action_dit_adaln_norm1,1c24,36,12,even,21,4,3df6bdf6be213df2
action_dit_adaln_norm1,1c24,36,13,odd,21,4,3e5a3d123e143e2b
action_dit_adaln_norm1,1c24,36,14,even,21,4,3e8f3e363eb2bde8
action_dit_adaln_norm1,1c24,36,15,odd,21,4,3f063ea83e9cbec2
action_dit_adaln_norm1,1c24,36,0,even,22,4,3c603e66bdb83dd2
action_dit_adaln_norm1,1c24,36,1,odd,22,4,be903e0dbe8c3dce
action_dit_adaln_norm1,1c24,36,2,even,22,4,bc70be2e3d943f36
action_dit_adaln_norm1,1c24,36,3,odd,22,4,be2dbe983ef93e06
action_dit_adaln_norm1,1c24,36,4,even,22,4,3cd83e4f3e263e30
action_dit_adaln_norm1,1c24,36,5,odd,22,4,3ec3bd92bea93e63
action_dit_adaln_norm1,1c24,36,6,even,22,4,3f043e92be80be23
action_dit_adaln_norm1,1c24,36,7,odd,22,4,3ecf3e903ed83e12
action_dit_adaln_norm1,1c24,36,8,even,22,4,3d8d3e5fbe0e3e02
action_dit_adaln_norm1,1c24,36,9,odd,22,4,bbc0bd92be1b3e17
action_dit_adaln_norm1,1c24,36,10,even,22,4,bdb63c403e4ebe81
action_dit_adaln_norm1,1c24,36,11,odd,22,4,3d743f383f0f3d70
action_dit_adaln_norm1,1c24,36,12,even,22,4,bd84be933f26be38
action_dit_adaln_norm1,1c24,36,13,odd,22,4,bddb3eef3df3be03
action_dit_adaln_norm1,1c24,36,14,even,22,4,3e80be243e133df3
action_dit_adaln_norm1,1c24,36,15,odd,22,4,be683ddbbea8be96
action_dit_adaln_norm1,1c24,36,0,even,23,4,3c803ef03e8fbe24
action_dit_adaln_norm1,1c24,36,1,odd,23,4,3f013e31bea13f31
action_dit_adaln_norm1,1c24,36,2,even,23,4,be9d3ea23ef5bd1a
action_dit_adaln_norm1,1c24,36,3,odd,23,4,bebebf2b3c7cbe1e
action_dit_adaln_norm1,1c24,36,4,even,23,4,be663d3d3e0c3de0
action_dit_adaln_norm1,1c24,36,5,odd,23,4,3ed1be1d3e4ebd32
action_dit_adaln_norm1,1c24,36,6,even,23,4,3ee43e4ebf34bcb0
action_dit_adaln_norm1,1c24,36,7,odd,23,4,3ce03e103df6be70
action_dit_adaln_norm1,1c24,36,8,even,23,4,bd603e8abe51bd00
action_dit_adaln_norm1,1c24,36,9,odd,23,4,be8a3ef0be8e3e9c
action_dit_adaln_norm1,1c24,36,10,even,23,4,3e9c3d223efcbc8c
action_dit_adaln_norm1,1c24,36,11,odd,23,4,3d40be02bdcebe21
action_dit_adaln_norm1,1c24,36,12,even,23,4,3ead3e0cbd89be32
action_dit_adaln_norm1,1c24,36,13,odd,23,4,bf003f19bea43e70
action_dit_adaln_norm1,1c24,36,14,even,23,4,be2abe0ebe963eb3
action_dit_adaln_norm1,1c24,36,15,odd,23,4,3dbabea2be85be1b
action_dit_adaln_norm1,1c25,37,0,even,0,4,3e01be9abf0a3df4
action_dit_adaln_norm1,1c25,37,1,odd,0,4,3eba3ea03f403e70
action_dit_adaln_norm1,1c25,37,2,even,0,4,3ecdbef13cb43e86
action_dit_adaln_norm1,1c25,37,3,odd,0,4,be59bf12bdf43d1c
action_dit_adaln_norm1,1c25,37,4,even,0,4,bf1ebe743de03da7
action_dit_adaln_norm1,1c25,37,5,odd,0,4,3c10be0abe4b3ea2
action_dit_adaln_norm1,1c25,37,6,even,0,4,3e2abf2abf183f5c
action_dit_adaln_norm1,1c25,37,7,odd,0,4,3e243ef43e003dc2
action_dit_adaln_norm1,1c25,37,8,even,0,4,be5abebbbe363e75
action_dit_adaln_norm1,1c25,37,9,odd,0,4,bc903e113f0abdd8
action_dit_adaln_norm1,1c25,37,10,even,0,4,3ea9be873dec3e37
action_dit_adaln_norm1,1c25,37,11,odd,0,4,be63bd523db3be1c
action_dit_adaln_norm1,1c25,37,12,even,0,4,3e8d3ede3e4b3dcf
action_dit_adaln_norm1,1c25,37,13,odd,0,4,beea3de4bc48bd2e
action_dit_adaln_norm1,1c25,37,14,even,0,4,bf82bec8bde53e09
action_dit_adaln_norm1,1c25,37,15,odd,0,4,3ca8bf2cbf06be9a
action_dit_adaln_norm1,1c25,37,0,even,1,4,beacbe823e0fbe66
action_dit_adaln_norm1,1c25,37,1,odd,1,4,bea6be413c933e26
action_dit_adaln_norm1,1c25,37,2,even,1,4,3e563d063e5a3e31
action_dit_adaln_norm1,1c25,37,3,odd,1,4,3e0fbecabef7bef0
action_dit_adaln_norm1,1c25,37,4,even,1,4,3eb13ea1bea2bdb7
action_dit_adaln_norm1,1c25,37,5,odd,1,4,bc20bdca3e52bef5
action_dit_adaln_norm1,1c25,37,6,even,1,4,3f03bbc03e283e04
action_dit_adaln_norm1,1c25,37,7,odd,1,4,be3fbf0ebf1ebeac
action_dit_adaln_norm1,1c25,37,8,even,1,4,be273eec3b803d91
action_dit_adaln_norm1,1c25,37,9,odd,1,4,be74be453eb63f07
action_dit_adaln_norm1,1c25,37,10,even,1,4,be30be183e28be86
action_dit_adaln_norm1,1c25,37,11,odd,1,4,bf1e3ee6be073eca
action_dit_adaln_norm1,1c25,37,12,even,1,4,bdc6be38bf38beef
action_dit_adaln_norm1,1c25,37,13,odd,1,4,bf093e3a3eb23e47
action_dit_adaln_norm1,1c25,37,14,even,1,4,3cf0bc883e84be7e
action_dit_adaln_norm1,1c25,37,15,odd,1,4,be8cbe8f3e753c90
action_dit_adaln_norm1,1c25,37,0,even,2,4,3ddc3f49bf11bf0e
action_dit_adaln_norm1,1c25,37,1,odd,2,4,be20bf00bf053e82
action_dit_adaln_norm1,1c25,37,2,even,2,4,3e203eb0bea13dd4
action_dit_adaln_norm1,1c25,37,3,odd,2,4,be8a3eb6be933e20
action_dit_adaln_norm1,1c25,37,4,even,2,4,3d703f29beb63f05
action_dit_adaln_norm1,1c25,37,5,odd,2,4,3e07bf403e913e8c
action_dit_adaln_norm1,1c25,37,6,even,2,4,bee1bd9a3d3cbec8
action_dit_adaln_norm1,1c25,37,7,odd,2,4,3d8abe08bf103e56
action_dit_adaln_norm1,1c25,37,8,even,2,4,3eabbba0be803f0e
action_dit_adaln_norm1,1c25,37,9,odd,2,4,3e363e0f3dd2be1f
action_dit_adaln_norm1,1c25,37,10,even,2,4,bf433e323e32be06
action_dit_adaln_norm1,1c25,37,11,odd,2,4,bd2cbe9cbe703e26
action_dit_adaln_norm1,1c25,37,12,even,2,4,3e2fbe943f4e3e5c
action_dit_adaln_norm1,1c25,37,13,odd,2,4,3e763e91bed73ca4
action_dit_adaln_norm1,1c25,37,14,even,2,4,be593f0cbea2bea9
action_dit_adaln_norm1,1c25,37,15,odd,2,4,bea03d083e9fbd70
action_dit_adaln_norm1,1c25,37,0,even,3,4,3e37be1b3dd63e11
action_dit_adaln_norm1,1c25,37,1,odd,3,4,3ef0be00bded3dcf
action_dit_adaln_norm1,1c25,37,2,even,3,4,3f0c3ea8be64be94
action_dit_adaln_norm1,1c25,37,3,odd,3,4,bdf63f523e76bed2
action_dit_adaln_norm1,1c25,37,4,even,3,4,3db4be31becdbdae
action_dit_adaln_norm1,1c25,37,5,odd,3,4,bed73eccbf00bec0
action_dit_adaln_norm1,1c25,37,6,even,3,4,bd80be0ebe5a3e4a
action_dit_adaln_norm1,1c25,37,7,odd,3,4,bedc3eca3eaa3f04
action_dit_adaln_norm1,1c25,37,8,even,3,4,3dc2be843e46bec9
action_dit_adaln_norm1,1c25,37,9,odd,3,4,3e42beb5bef03f0e
action_dit_adaln_norm1,1c25,37,10,even,3,4,3e063e403d803f32
action_dit_adaln_norm1,1c25,37,11,odd,3,4,be8c3e573f13bda9
action_dit_adaln_norm1,1c25,37,12,even,3,4,be833de63e013f1b
action_dit_adaln_norm1,1c25,37,13,odd,3,4,be6a3e263d01be11
action_dit_adaln_norm1,1c25,37,14,even,3,4,3dc0bd54bf19be32
action_dit_adaln_norm1,1c25,37,15,odd,3,4,be743e603efdbef5
action_dit_adaln_norm1,1c25,37,0,even,4,4,3d893ed93e9abedc
action_dit_adaln_norm1,1c25,37,1,odd,4,4,bc10bdf43dabbd84
action_dit_adaln_norm1,1c25,37,2,even,4,4,bd783e84bb80bed4
action_dit_adaln_norm1,1c25,37,3,odd,4,4,3d78bce83ebd3ede
action_dit_adaln_norm1,1c25,37,4,even,4,4,3e11bf0e3e39be16
action_dit_adaln_norm1,1c25,37,5,odd,4,4,bec03d9a3e26be83
action_dit_adaln_norm1,1c25,37,6,even,4,4,bd98bf1abf2cbe7c
action_dit_adaln_norm1,1c25,37,7,odd,4,4,be143d64be70bd4c
action_dit_adaln_norm1,1c25,37,8,even,4,4,bee8be25bf383e59
action_dit_adaln_norm1,1c25,37,9,odd,4,4,bebabecfbe3fbe70
action_dit_adaln_norm1,1c25,37,10,even,4,4,3e9fbda8beae3e52
action_dit_adaln_norm1,1c25,37,11,odd,4,4,be063e49bf1f3e6e
action_dit_adaln_norm1,1c25,37,12,even,4,4,3d783e20be91bf2e
action_dit_adaln_norm1,1c25,37,13,odd,4,4,3e8d3cd6bf1c3e3a
action_dit_adaln_norm1,1c25,37,14,even,4,4,be2cbe483e1c3e62
action_dit_adaln_norm1,1c25,37,15,odd,4,4,3ecabe973e73bf34
action_dit_adaln_norm1,1c25,37,0,even,5,4,bddebf143e73bc18
action_dit_adaln_norm1,1c25,37,1,odd,5,4,3eaabda63d00bdf0
action_dit_adaln_norm1,1c25,37,2,even,5,4,be32beec3eb7be28
action_dit_adaln_norm1,1c25,37,3,odd,5,4,bf32be4c3c603c20
action_dit_adaln_norm1,1c25,37,4,even,5,4,be1f3e563e40be7e
action_dit_adaln_norm1,1c25,37,5,odd,5,4,ba82bf243d1cbe7d
action_dit_adaln_norm1,1c25,37,6,even,5,4,be7abd913f003e58
action_dit_adaln_norm1,1c25,37,7,odd,5,4,bd533f2fbe923f19
action_dit_adaln_norm1,1c25,37,8,even,5,4,3da8bd30beba3e84
action_dit_adaln_norm1,1c25,37,9,odd,5,4,3e70be8e3eb4beb2
action_dit_adaln_norm1,1c25,37,10,even,5,4,bebebe26be24bd3c
action_dit_adaln_norm1,1c25,37,11,odd,5,4,be463dd1be8cbe2e
action_dit_adaln_norm1,1c25,37,12,even,5,4,beafbe903d0c3eaa
action_dit_adaln_norm1,1c25,37,13,odd,5,4,beb4bf293e563eae
action_dit_adaln_norm1,1c25,37,14,even,5,4,3e95bebcbe543ed2
action_dit_adaln_norm1,1c25,37,15,odd,5,4,3f0ebe21bf153e16
action_dit_adaln_norm1,1c25,37,0,even,6,4,be58be403db53e4c
action_dit_adaln_norm1,1c25,37,1,odd,6,4,3ef43e33be83bea2
action_dit_adaln_norm1,1c25,37,2,even,6,4,3e363de13e92be00
action_dit_adaln_norm1,1c25,37,3,odd,6,4,be293e3a3e9cbf07
action_dit_adaln_norm1,1c25,37,4,even,6,4,3dbf3f24bea13e38
action_dit_adaln_norm1,1c25,37,5,odd,6,4,3de03f26be273d3c
action_dit_adaln_norm1,1c25,37,6,even,6,4,3d993df1beb7bd14
action_dit_adaln_norm1,1c25,37,7,odd,6,4,be03bd463e21be71
action_dit_adaln_norm1,1c25,37,8,even,6,4,bf14bdb63e8f3ea5
action_dit_adaln_norm1,1c25,37,9,odd,6,4,bd92be273e7cbe4f
action_dit_adaln_norm1,1c25,37,10,even,6,4,be22be64bc58bd92
action_dit_adaln_norm1,1c25,37,11,odd,6,4,3d8cbebc3f05be2f
action_dit_adaln_norm1,1c25,37,12,even,6,4,bc983f08bcc9bdc2
action_dit_adaln_norm1,1c25,37,13,odd,6,4,beb6be823f343eeb
action_dit_adaln_norm1,1c25,37,14,even,6,4,3f1fbe08bde83d0e
action_dit_adaln_norm1,1c25,37,15,odd,6,4,3e0cbd3ebea23ea2
action_dit_adaln_norm1,1c25,37,0,even,7,4,3d9a3e88bd393e68
action_dit_adaln_norm1,1c25,37,1,odd,7,4,bea1bec8be8e3ead
action_dit_adaln_norm1,1c25,37,2,even,7,4,3d8fbe8bbe4ebea2
action_dit_adaln_norm1,1c25,37,3,odd,7,4,3e2fbf533e4a3dbc
action_dit_adaln_norm1,1c25,37,4,even,7,4,3ed0bdc6bf3abea3
action_dit_adaln_norm1,1c25,37,5,odd,7,4,be02bf7abdbebe0d
action_dit_adaln_norm1,1c25,37,6,even,7,4,be74bcf43b803e06
action_dit_adaln_norm1,1c25,37,7,odd,7,4,be8ebe703f10be5a
action_dit_adaln_norm1,1c25,37,8,even,7,4,be923df23f133ee8
action_dit_adaln_norm1,1c25,37,9,odd,7,4,3dbe3deebed23dad
action_dit_adaln_norm1,1c25,37,10,even,7,4,3e873e023eb53eb2
action_dit_adaln_norm1,1c25,37,11,odd,7,4,bed1be88bdbb3e26
action_dit_adaln_norm1,1c25,37,12,even,7,4,bca0be4f3ec23d69
action_dit_adaln_norm1,1c25,37,13,odd,7,4,3f05be30be53bef0
action_dit_adaln_norm1,1c25,37,14,even,7,4,3d61bdca3e8fbe0d
action_dit_adaln_norm1,1c25,37,15,odd,7,4,bc78bdfa3d1ebe72
action_dit_adaln_norm1,1c25,37,0,even,8,4,bdb0bd503dc33f1b
action_dit_adaln_norm1,1c25,37,1,odd,8,4,3e09be5abeab3e4c
action_dit_adaln_norm1,1c25,37,2,even,8,4,3e82bc883e9abc90
action_dit_adaln_norm1,1c25,37,3,odd,8,4,be8ebe27bf0f3ef4
action_dit_adaln_norm1,1c25,37,4,even,8,4,3da4bf24be5bbe06
action_dit_adaln_norm1,1c25,37,5,odd,8,4,be80bf16bf00bed2
action_dit_adaln_norm1,1c25,37,6,even,8,4,bd1c3e9a3d8ebf01
action_dit_adaln_norm1,1c25,37,7,odd,8,4,3f143e17bf19bf6c
action_dit_adaln_norm1,1c25,37,8,even,8,4,3cd03f2e3c30beb6
action_dit_adaln_norm1,1c25,37,9,odd,8,4,3e983e9a3ec5beca
action_dit_adaln_norm1,1c25,37,10,even,8,4,be46be0abe67be68
action_dit_adaln_norm1,1c25,37,11,odd,8,4,be803dc8bebcbee1
action_dit_adaln_norm1,1c25,37,12,even,8,4,3da73da73ee7be19
action_dit_adaln_norm1,1c25,37,13,odd,8,4,be883e0b3f5ebd0c
action_dit_adaln_norm1,1c25,37,14,even,8,4,bdc63edfbed83e5a
action_dit_adaln_norm1,1c25,37,15,odd,8,4,becbbedfbe513de8
action_dit_adaln_norm1,1c25,37,0,even,9,4,3dc1bde63f363e30
action_dit_adaln_norm1,1c25,37,1,odd,9,4,bd2a3ebebee23f2c
action_dit_adaln_norm1,1c25,37,2,even,9,4,3ed03e5b3bbcbe81
action_dit_adaln_norm1,1c25,37,3,odd,9,4,3f023db13e913ea1
action_dit_adaln_norm1,1c25,37,4,even,9,4,3f3ebe66be933ec8
action_dit_adaln_norm1,1c25,37,5,odd,9,4,bc8abe283db7bd7c
action_dit_adaln_norm1,1c25,37,6,even,9,4,3f0a3ec0be1e3f17
action_dit_adaln_norm1,1c25,37,7,odd,9,4,3e1e3e06bd373f00
action_dit_adaln_norm1,1c25,37,8,even,9,4,bec03e313e483e5a
action_dit_adaln_norm1,1c25,37,9,odd,9,4,3e77be3e3f03bf61
action_dit_adaln_norm1,1c25,37,10,even,9,4,3da8bdd43f2e3c00
action_dit_adaln_norm1,1c25,37,11,odd,9,4,3ea8bf1c3e283e4b
action_dit_adaln_norm1,1c25,37,12,even,9,4,bd473d98bde0bee0
action_dit_adaln_norm1,1c25,37,13,odd,9,4,3e3ebe88bef6bd84
action_dit_adaln_norm1,1c25,37,14,even,9,4,beae3e053e0fbe2c
action_dit_adaln_norm1,1c25,37,15,odd,9,4,3bd03ed2be62bcb0
action_dit_adaln_norm1,1c25,37,0,even,10,4,3e533e373d18be0b
action_dit_adaln_norm1,1c25,37,1,odd,10,4,bf03bd68be863e48
action_dit_adaln_norm1,1c25,37,2,even,10,4,3e3cbe8d3e4abeb2
action_dit_adaln_norm1,1c25,37,3,odd,10,4,bea6be3bbe3cbe86
action_dit_adaln_norm1,1c25,37,4,even,10,4,3dda3f103eb4bf06
action_dit_adaln_norm1,1c25,37,5,odd,10,4,beaebcf03e9cbe78
action_dit_adaln_norm1,1c25,37,6,even,10,4,3ef73df33f24ba00
action_dit_adaln_norm1,1c25,37,7,odd,10,4,bef63e0c3e45bd99
action_dit_adaln_norm1,1c25,37,8,even,10,4,3f65bdfc3ea53e33
action_dit_adaln_norm1,1c25,37,9,odd,10,4,3d523cf83e033eb4
action_dit_adaln_norm1,1c25,37,10,even,10,4,bdfbbf123e22bdec
action_dit_adaln_norm1,1c25,37,11,odd,10,4,bef63eb5bdae3f13
action_dit_adaln_norm1,1c25,37,12,even,10,4,3ebf3e03be8fbee5
action_dit_adaln_norm1,1c25,37,13,odd,10,4,3d8fbd943db83cd2
action_dit_adaln_norm1,1c25,37,14,even,10,4,3cd23eb9bd343c69
action_dit_adaln_norm1,1c25,37,15,odd,10,4,3deebcc0be083f1e
action_dit_adaln_norm1,1c25,37,0,even,11,4,3f043e02bcf0bc00
action_dit_adaln_norm1,1c25,37,1,odd,11,4,bd86bf20be1bbe08
action_dit_adaln_norm1,1c25,37,2,even,11,4,bd66be05beb13f42
action_dit_adaln_norm1,1c25,37,3,odd,11,4,bca0bf08bf0cbf16
action_dit_adaln_norm1,1c25,37,4,even,11,4,3ea2be42be4bbd81
action_dit_adaln_norm1,1c25,37,5,odd,11,4,3daebeae3eb23e4e
action_dit_adaln_norm1,1c25,37,6,even,11,4,3f043d3cbe0a3d40
action_dit_adaln_norm1,1c25,37,7,odd,11,4,3e9abdeebeb23e18
action_dit_adaln_norm1,1c25,37,8,even,11,4,bed63e1dbed33c93
action_dit_adaln_norm1,1c25,37,9,odd,11,4,3eaf3dcb3ddabef6
action_dit_adaln_norm1,1c25,37,10,even,11,4,bf143eeebf2d3eb7
action_dit_adaln_norm1,1c25,37,11,odd,11,4,3f303e5c3e413f18
action_dit_adaln_norm1,1c25,37,12,even,11,4,3f203eac3e15bc40
action_dit_adaln_norm1,1c25,37,13,odd,11,4,3e183d00bda03e88
action_dit_adaln_norm1,1c25,37,14,even,11,4,3f203e84be00be44
action_dit_adaln_norm1,1c25,37,15,odd,11,4,bc8f3df0bf3bbddc
action_dit_adaln_norm1,1c25,37,0,even,12,4,3eb43e12bf063e37
action_dit_adaln_norm1,1c25,37,1,odd,12,4,be88befcbe1a3f2e
action_dit_adaln_norm1,1c25,37,2,even,12,4,beb93d5a3f03beaf
action_dit_adaln_norm1,1c25,37,3,odd,12,4,3cb0bc06be32be71
action_dit_adaln_norm1,1c25,37,4,even,12,4,3ea03ec2bf173e80
action_dit_adaln_norm1,1c25,37,5,odd,12,4,bf093eecbe02bf0e
action_dit_adaln_norm1,1c25,37,6,even,12,4,bed03cdc3ecc3e0f
action_dit_adaln_norm1,1c25,37,7,odd,12,4,bb00be363d9bbe4d
action_dit_adaln_norm1,1c25,37,8,even,12,4,3f18be83be5a3db0
action_dit_adaln_norm1,1c25,37,9,odd,12,4,3e333d94bc583ec1
action_dit_adaln_norm1,1c25,37,10,even,12,4,3dce3f093ece3ef7
action_dit_adaln_norm1,1c25,37,11,odd,12,4,3eb83eaa3e7abdf9
action_dit_adaln_norm1,1c25,37,12,even,12,4,bec23dfebd76bea4
action_dit_adaln_norm1,1c25,37,13,odd,12,4,3e24be62bcfbbe6b
action_dit_adaln_norm1,1c25,37,14,even,12,4,3f0d3e09bc283e0c
action_dit_adaln_norm1,1c25,37,15,odd,12,4,bd38be78be8fbdc0
action_dit_adaln_norm1,1c25,37,0,even,13,4,3d663e403f03bee6
action_dit_adaln_norm1,1c25,37,1,odd,13,4,bec6bde7be2f3ede
action_dit_adaln_norm1,1c25,37,2,even,13,4,3d383e7b3deabe84
action_dit_adaln_norm1,1c25,37,3,odd,13,4,3eb4bdc03eb5be38
action_dit_adaln_norm1,1c25,37,4,even,13,4,3df23f4abdae3c8c
action_dit_adaln_norm1,1c25,37,5,odd,13,4,3dcc3e42be30bd8a
action_dit_adaln_norm1,1c25,37,6,even,13,4,bf1e3e2abf103e9e
action_dit_adaln_norm1,1c25,37,7,odd,13,4,bdf83da43dfa3eac
action_dit_adaln_norm1,1c25,37,8,even,13,4,3d1cbddebe4c3e7d
action_dit_adaln_norm1,1c25,37,9,odd,13,4,3d70be80be813f66
action_dit_adaln_norm1,1c25,37,10,even,13,4,3f093ea6be46bd60
action_dit_adaln_norm1,1c25,37,11,odd,13,4,3e68be92bca6bc9a
action_dit_adaln_norm1,1c25,37,12,even,13,4,bea33df5be5a3ce0
action_dit_adaln_norm1,1c25,37,13,odd,13,4,3e8a3e52be4e3e86
action_dit_adaln_norm1,1c25,37,14,even,13,4,3ee23e213ee0becc
action_dit_adaln_norm1,1c25,37,15,odd,13,4,bd26baa0be863e78
action_dit_adaln_norm1,1c25,37,0,even,14,4,3e8d3f72beb9becc
action_dit_adaln_norm1,1c25,37,1,odd,14,4,be86bea6bec83e86
action_dit_adaln_norm1,1c25,37,2,even,14,4,be603d44befb3dd4
action_dit_adaln_norm1,1c25,37,3,odd,14,4,3da03f19be08bea9
action_dit_adaln_norm1,1c25,37,4,even,14,4,beee3e773e5d3e05
action_dit_adaln_norm1,1c25,37,5,odd,14,4,3dc9bde2bef43eaa
action_dit_adaln_norm1,1c25,37,6,even,14,4,be3fbea73eb0bd4b
action_dit_adaln_norm1,1c25,37,7,odd,14,4,3e36be343e0ebeb1
action_dit_adaln_norm1,1c25,37,8,even,14,4,3e373cbebea2bd04
action_dit_adaln_norm1,1c25,37,9,odd,14,4,be9f3e81bf26be89
action_dit_adaln_norm1,1c25,37,10,even,14,4,be6cbe863de0bd48
action_dit_adaln_norm1,1c25,37,11,odd,14,4,be1b3e443eb0beb2
action_dit_adaln_norm1,1c25,37,12,even,14,4,bec2bd56bea7be8d
action_dit_adaln_norm1,1c25,37,13,odd,14,4,3ea83ddd3e643e34
action_dit_adaln_norm1,1c25,37,14,even,14,4,bec0bdb83f11bdd7
action_dit_adaln_norm1,1c25,37,15,odd,14,4,3eb23ed8bf4a3e96
action_dit_adaln_norm1,1c25,37,0,even,15,4,3e5ebdc63f2bbbb0
action_dit_adaln_norm1,1c25,37,1,odd,15,4,bdb6becebf04bf52
action_dit_adaln_norm1,1c25,37,2,even,15,4,3e3c3db5bd4f3dc9
action_dit_adaln_norm1,1c25,37,3,odd,15,4,3eadbef13e6abe38
action_dit_adaln_norm1,1c25,37,4,even,15,4,3e82be363ef3bed6
action_dit_adaln_norm1,1c25,37,5,odd,15,4,3e0f3ecdbcccbec9
action_dit_adaln_norm1,1c25,37,6,even,15,4,bd963e843d70bee9
action_dit_adaln_norm1,1c25,37,7,odd,15,4,be28be46be7bbd04
action_dit_adaln_norm1,1c25,37,8,even,15,4,3e943e32bed7be5f
action_dit_adaln_norm1,1c25,37,9,odd,15,4,be58be42beca3dd4
action_dit_adaln_norm1,1c25,37,10,even,15,4,3e10beacbd933ed6
action_dit_adaln_norm1,1c25,37,11,odd,15,4,3dec3e7d3ec53e63
action_dit_adaln_norm1,1c25,37,12,even,15,4,3ef53f36be1d3c00
action_dit_adaln_norm1,1c25,37,13,odd,15,4,3e68be62bdf6be9f
action_dit_adaln_norm1,1c25,37,14,even,15,4,bd963d8ebee43ede
action_dit_adaln_norm1,1c25,37,15,odd,15,4,bec83bc0be743c50
action_dit_adaln_norm1,1c25,37,0,even,16,4,bd78bd08be893e2e
action_dit_adaln_norm1,1c25,37,1,odd,16,4,3e863e90bed13b10
action_dit_adaln_norm1,1c25,37,2,even,16,4,3e563dfe3c5abd01
action_dit_adaln_norm1,1c25,37,3,odd,16,4,be063dea3e42bce0
action_dit_adaln_norm1,1c25,37,4,even,16,4,bee23eaa3ea13ec0
action_dit_adaln_norm1,1c25,37,5,odd,16,4,3eb6bf4cbecebe22
action_dit_adaln_norm1,1c25,37,6,even,16,4,3e143ec7bede3f12
action_dit_adaln_norm1,1c25,37,7,odd,16,4,3ecabcd0be0ebe91
action_dit_adaln_norm1,1c25,37,8,even,16,4,beccbe67bedabe8e
action_dit_adaln_norm1,1c25,37,9,odd,16,4,bf2cbddf3d543eb3
action_dit_adaln_norm1,1c25,37,10,even,16,4,3e96be73be17bec5
action_dit_adaln_norm1,1c25,37,11,odd,16,4,3ea4be39bf293cf8
action_dit_adaln_norm1,1c25,37,12,even,16,4,3ec1be42be4f3cf8
action_dit_adaln_norm1,1c25,37,13,odd,16,4,bcb03f2a3cd2bea6
action_dit_adaln_norm1,1c25,37,14,even,16,4,3e303e843d6f3f1a
action_dit_adaln_norm1,1c25,37,15,odd,16,4,3e083eda3dcf3e80
action_dit_adaln_norm1,1c25,37,0,even,17,4,3ea6bdd63eb03f1b
action_dit_adaln_norm1,1c25,37,1,odd,17,4,bdd63f10bec13e2c
action_dit_adaln_norm1,1c25,37,2,even,17,4,3ef5bcb83e9bbc00
action_dit_adaln_norm1,1c25,37,3,odd,17,4,bde43e0a3dbfbdd8
action_dit_adaln_norm1,1c25,37,4,even,17,4,bdd7be2ebe9f3ed6
action_dit_adaln_norm1,1c25,37,5,odd,17,4,3ea13ef9beb53d70
action_dit_adaln_norm1,1c25,37,6,even,17,4,3eb8bea03ed33d46
action_dit_adaln_norm1,1c25,37,7,odd,17,4,3e5d3d9d3e973e62
action_dit_adaln_norm1,1c25,37,8,even,17,4,3f1e3e6fbd70bea9
action_dit_adaln_norm1,1c25,37,9,odd,17,4,3e00be75bedbbc88
action_dit_adaln_norm1,1c25,37,10,even,17,4,3e0ebef5be57bf74
action_dit_adaln_norm1,1c25,37,11,odd,17,4,bda43e02becebdd9
action_dit_adaln_norm1,1c25,37,12,even,17,4,bd1cbeb83e773f44
action_dit_adaln_norm1,1c25,37,13,odd,17,4,3f15bdacbe353da3
action_dit_adaln_norm1,1c25,37,14,even,17,4,bef23d8b3e49bc86
action_dit_adaln_norm1,1c25,37,15,odd,17,4,bed63e4c3f093e99
action_dit_adaln_norm1,1c25,37,0,even,18,4,bc30be15be983e8d
action_dit_adaln_norm1,1c25,37,1,odd,18,4,bd9c3e863ea13e2e
action_dit_adaln_norm1,1c25,37,2,even,18,4,3e7cbf0ebe2cbd7c
action_dit_adaln_norm1,1c25,37,3,odd,18,4,3ec2bede3e5cbd14
action_dit_adaln_norm1,1c25,37,4,even,18,4,3e96bf07be8e3e96
action_dit_adaln_norm1,1c25,37,5,odd,18,4,3c7ebb60bde2be12
action_dit_adaln_norm1,1c25,37,6,even,18,4,3dd0be543e95be97
action_dit_adaln_norm1,1c25,37,7,odd,18,4,3dde3dfb3d0f3dfc
action_dit_adaln_norm1,1c25,37,8,even,18,4,bea6befe3e86be40
action_dit_adaln_norm1,1c25,37,9,odd,18,4,bed83e3abda93d5c
action_dit_adaln_norm1,1c25,37,10,even,18,4,be603f5f3e26beb8
action_dit_adaln_norm1,1c25,37,11,odd,18,4,3f323f893c003e83
action_dit_adaln_norm1,1c25,37,12,even,18,4,bec83ecabdc43ef4
action_dit_adaln_norm1,1c25,37,13,odd,18,4,bdfa3e493ccc3e84
action_dit_adaln_norm1,1c25,37,14,even,18,4,3ea3beccbe723e17
action_dit_adaln_norm1,1c25,37,15,odd,18,4,bd8cbdd9beb4be96
action_dit_adaln_norm1,1c25,37,0,even,19,4,3e883e8c3df83da6
action_dit_adaln_norm1,1c25,37,1,odd,19,4,bc20bdf43f023e90
action_dit_adaln_norm1,1c25,37,2,even,19,4,3f563d70bf003e8f
action_dit_adaln_norm1,1c25,37,3,odd,19,4,bd403f2cbeb23f08
action_dit_adaln_norm1,1c25,37,4,even,19,4,3e093e12befdbe94
action_dit_adaln_norm1,1c25,37,5,odd,19,4,3e673ebebee43d4f
action_dit_adaln_norm1,1c25,37,6,even,19,4,3f17be86bd543e60
action_dit_adaln_norm1,1c25,37,7,odd,19,4,3f34bdb73f343f33
action_dit_adaln_norm1,1c25,37,8,even,19,4,bf183eb0bd8e3ede
action_dit_adaln_norm1,1c25,37,9,odd,19,4,3dfbbe9b3e76becb
action_dit_adaln_norm1,1c25,37,10,even,19,4,3ea23d3c3ec13eb7
action_dit_adaln_norm1,1c25,37,11,odd,19,4,beaf3d7d3e803efc
action_dit_adaln_norm1,1c25,37,12,even,19,4,bcc83dae3eb8be8c
action_dit_adaln_norm1,1c25,37,13,odd,19,4,bf11be5a3ebdbe84
action_dit_adaln_norm1,1c25,37,14,even,19,4,bcd63cd0bdfa3d84
action_dit_adaln_norm1,1c25,37,15,odd,19,4,3eec3f1c3ea4be02
action_dit_adaln_norm1,1c25,37,0,even,20,4,bdcabd8cbe8e3edd
action_dit_adaln_norm1,1c25,37,1,odd,20,4,3ebebf16be063dd2
action_dit_adaln_norm1,1c25,37,2,even,20,4,3d1ebdd2bddcbd72
action_dit_adaln_norm1,1c25,37,3,odd,20,4,be91be4f3ea4be06
action_dit_adaln_norm1,1c25,37,4,even,20,4,3f2abd803f4abe13
action_dit_adaln_norm1,1c25,37,5,odd,20,4,3f143f50bf4abeeb
action_dit_adaln_norm1,1c25,37,6,even,20,4,3c183d243eb83ece
action_dit_adaln_norm1,1c25,37,7,odd,20,4,3e663e873cd43e38
action_dit_adaln_norm1,1c25,37,8,even,20,4,3f0c3de0bedf3e24
action_dit_adaln_norm1,1c25,37,9,odd,20,4,bdb43e31beb2be87
action_dit_adaln_norm1,1c25,37,10,even,20,4,3e85beccbb903e12
action_dit_adaln_norm1,1c25,37,11,odd,20,4,3c883f18bdcf3d98
action_dit_adaln_norm1,1c25,37,12,even,20,4,3eb9bf453f123e37
action_dit_adaln_norm1,1c25,37,13,odd,20,4,be32be04bed0bf06
action_dit_adaln_norm1,1c25,37,14,even,20,4,be4dbe263f2abd48
action_dit_adaln_norm1,1c25,37,15,odd,20,4,bf76bc9c3f0a3cb8
action_dit_adaln_norm1,1c25,37,0,even,21,4,3e9bbeba3ec2bdd7
action_dit_adaln_norm1,1c25,37,1,odd,21,4,bd4cbe8f3eb63dbe
action_dit_adaln_norm1,1c25,37,2,even,21,4,3eddbdecbd393eeb
action_dit_adaln_norm1,1c25,37,3,odd,21,4,3eadbe9abf1cbeb3
action_dit_adaln_norm1,1c25,37,4,even,21,4,3dabbe8dbf1f3f07
action_dit_adaln_norm1,1c25,37,5,odd,21,4,bdf93e56becdbe24
action_dit_adaln_norm1,1c25,37,6,even,21,4,beacbef63e983f0a
action_dit_adaln_norm1,1c25,37,7,odd,21,4,3dacbe8e3f053b60
action_dit_adaln_norm1,1c25,37,8,even,21,4,be86be853e38bdb7
action_dit_adaln_norm1,1c25,37,9,odd,21,4,becabf133d60bf17
action_dit_adaln_norm1,1c25,37,10,even,21,4,3eb2bf35be10bf27
action_dit_adaln_norm1,1c25,37,11,odd,21,4,3e91bd883d40bea4
action_dit_adaln_norm1,1c25,37,12,even,21,4,3e30bd743d913d72
action_dit_adaln_norm1,1c25,37,13,odd,21,4,3e813dd73e233e9e
action_dit_adaln_norm1,1c25,37,14,even,21,4,3e843dc43eb1be8f
action_dit_adaln_norm1,1c25,37,15,odd,21,4,3f223e853e85be98
action_dit_adaln_norm1,1c25,37,0,even,22,4,3dff3eb7be043d00
action_dit_adaln_norm1,1c25,37,1,odd,22,4,bedf3db0bda03eb0
action_dit_adaln_norm1,1c25,37,2,even,22,4,3e41be8bbe193f1c
action_dit_adaln_norm1,1c25,37,3,odd,22,4,bc98bdbe3ea63e3e
action_dit_adaln_norm1,1c25,37,4,even,22,4,3e223e943e893e94
action_dit_adaln_norm1,1c25,37,5,odd,22,4,3d953d77be9e3e5c
action_dit_adaln_norm1,1c25,37,6,even,22,4,3f203e8cbe5ebd6e
action_dit_adaln_norm1,1c25,37,7,odd,22,4,3e4a3dec3ed9bc70
action_dit_adaln_norm1,1c25,37,8,even,22,4,3d903e323e603dd7
action_dit_adaln_norm1,1c25,37,9,odd,22,4,3e5e3e14beaa3e9f
action_dit_adaln_norm1,1c25,37,10,even,22,4,bdb03e2b3eb2be84
action_dit_adaln_norm1,1c25,37,11,odd,22,4,3d723f0e3f2e3e62
action_dit_adaln_norm1,1c25,37,12,even,22,4,3e5abe873f2abd87
action_dit_adaln_norm1,1c25,37,13,odd,22,4,bd943ef13dccbe4c
action_dit_adaln_norm1,1c25,37,14,even,22,4,3ce0be653e973e50
action_dit_adaln_norm1,1c25,37,15,odd,22,4,be0f3e84be67bedc
action_dit_adaln_norm1,1c25,37,0,even,23,4,be663f033ef8be92
action_dit_adaln_norm1,1c25,37,1,odd,23,4,3f1c3d32be9e3f13
action_dit_adaln_norm1,1c25,37,2,even,23,4,be993e923f12bdae
action_dit_adaln_norm1,1c25,37,3,odd,23,4,be8abf44be69bea4
action_dit_adaln_norm1,1c25,37,4,even,23,4,3d8a3e8c3debbba0
action_dit_adaln_norm1,1c25,37,5,odd,23,4,3ed4be3e3d673dca
action_dit_adaln_norm1,1c25,37,6,even,23,4,3f1a3dfcbf35bdec
action_dit_adaln_norm1,1c25,37,7,odd,23,4,3d843e283e7abe85
action_dit_adaln_norm1,1c25,37,8,even,23,4,3d3c3e76be823e22
action_dit_adaln_norm1,1c25,37,9,odd,23,4,bef23f2cbe243e87
action_dit_adaln_norm1,1c25,37,10,even,23,4,3ebd3d903eb43d87
action_dit_adaln_norm1,1c25,37,11,odd,23,4,3e76bd5cbeaabe8e
action_dit_adaln_norm1,1c25,37,12,even,23,4,3dc53e5abe7abe4a
action_dit_adaln_norm1,1c25,37,13,odd,23,4,bed93ed8be7e3efd
action_dit_adaln_norm1,1c25,37,14,even,23,4,be83be163c403e11
action_dit_adaln_norm1,1c25,37,15,odd,23,4,3e1abeaabee83bb8
action_dit_adaln_norm1,1c26,38,0,even,0,4,3e8cbe0ebe8c3dd0
action_dit_adaln_norm1,1c26,38,1,odd,0,4,3ee63f0a3efdbba0
action_dit_adaln_norm1,1c26,38,2,even,0,4,3e61bd8abcf43d4d
action_dit_adaln_norm1,1c26,38,3,odd,0,4,bec6bf033ed2bea0
action_dit_adaln_norm1,1c26,38,4,even,0,4,bea53c68bd41be45
action_dit_adaln_norm1,1c26,38,5,odd,0,4,bdf83e90be213efa
action_dit_adaln_norm1,1c26,38,6,even,0,4,3ebcbf1abee83f90
action_dit_adaln_norm1,1c26,38,7,odd,0,4,3e663ee6bdec3e97
action_dit_adaln_norm1,1c26,38,8,even,0,4,3e07bf1abe7abd2e
action_dit_adaln_norm1,1c26,38,9,odd,0,4,be42bd8d3f1fbea5
action_dit_adaln_norm1,1c26,38,10,even,0,4,3e98bf113d8c3e08
action_dit_adaln_norm1,1c26,38,11,odd,0,4,bdccbe2e3eee3d24
action_dit_adaln_norm1,1c26,38,12,even,0,4,3c403ed83e6c3cf0
action_dit_adaln_norm1,1c26,38,13,odd,0,4,be883e963df43cfe
action_dit_adaln_norm1,1c26,38,14,even,0,4,bf18be32bef93d00
action_dit_adaln_norm1,1c26,38,15,odd,0,4,be8abf3ebebbbea4
action_dit_adaln_norm1,1c26,38,0,even,1,4,be153d9a3e82be56
action_dit_adaln_norm1,1c26,38,1,odd,1,4,bf10be273d673e6f
action_dit_adaln_norm1,1c26,38,2,even,1,4,3eadbb30be80be0d
action_dit_adaln_norm1,1c26,38,3,odd,1,4,3ecabeb8bf46bd1f
action_dit_adaln_norm1,1c26,38,4,even,1,4,be4e3e35bec8bf1d
action_dit_adaln_norm1,1c26,38,5,odd,1,4,3dc8bd533e39bf06
action_dit_adaln_norm1,1c26,38,6,even,1,4,3eebbcd03dd83df4
action_dit_adaln_norm1,1c26,38,7,odd,1,4,be23bf52bedc3e20
action_dit_adaln_norm1,1c26,38,8,even,1,4,be0d3f08bdaa3e8a
action_dit_adaln_norm1,1c26,38,9,odd,1,4,be2bbe013e213f49
action_dit_adaln_norm1,1c26,38,10,even,1,4,3e18be093cb0be51
action_dit_adaln_norm1,1c26,38,11,odd,1,4,bf763eebbe853e81
action_dit_adaln_norm1,1c26,38,12,even,1,4,bdd1bedebf48bec4
action_dit_adaln_norm1,1c26,38,13,odd,1,4,bf183eec3e583ede
action_dit_adaln_norm1,1c26,38,14,even,1,4,bd08beba3d1ebe89
action_dit_adaln_norm1,1c26,38,15,odd,1,4,be8cbdd63eae3e8c
action_dit_adaln_norm1,1c26,38,0,even,2,4,3e293f24bf1bbebe
action_dit_adaln_norm1,1c26,38,1,odd,2,4,bebabeb3be323e83
action_dit_adaln_norm1,1c26,38,2,even,2,4,3eab3e45be863e30
action_dit_adaln_norm1,1c26,38,3,odd,2,4,be7e3ee0bdb53e1e
action_dit_adaln_norm1,1c26,38,4,even,2,4,bd343ec3be123f01
action_dit_adaln_norm1,1c26,38,5,odd,2,4,bdacbef63e7a3dba
action_dit_adaln_norm1,1c26,38,6,even,2,4,be973d3d3e0abe84
action_dit_adaln_norm1,1c26,38,7,odd,2,4,bdedbe4ebef2bd1e
action_dit_adaln_norm1,1c26,38,8,even,2,4,3eabbe44be893e96
action_dit_adaln_norm1,1c26,38,9,odd,2,4,00003e873de7be10
action_dit_adaln_norm1,1c26,38,10,even,2,4,bf193d9bbd92be6d
action_dit_adaln_norm1,1c26,38,11,odd,2,4,be84bec1bd283de8
action_dit_adaln_norm1,1c26,38,12,even,2,4,3c74be853f283de4
action_dit_adaln_norm1,1c26,38,13,odd,2,4,3eb23e85bf2a3b00
action_dit_adaln_norm1,1c26,38,14,even,2,4,be213f49be14bf0a
action_dit_adaln_norm1,1c26,38,15,odd,2,4,bec33e793e2ebdbc
action_dit_adaln_norm1,1c26,38,0,even,3,4,3e9ebe6e0000bd34
action_dit_adaln_norm1,1c26,38,1,odd,3,4,3eb7bcf0bd1c3eb3
action_dit_adaln_norm1,1c26,38,2,even,3,4,3ea23e943d2cbe4d
action_dit_adaln_norm1,1c26,38,3,odd,3,4,bda83f203cf2be4c
action_dit_adaln_norm1,1c26,38,4,even,3,4,3e46be16bedc3e9c
action_dit_adaln_norm1,1c26,38,5,odd,3,4,becc3f09be9abee5
action_dit_adaln_norm1,1c26,38,6,even,3,4,3e42be1dbdaa3e75
action_dit_adaln_norm1,1c26,38,7,odd,3,4,bed13e0c3e543f2c
action_dit_adaln_norm1,1c26,38,8,even,3,4,bd1cbeb23ea23d30
action_dit_adaln_norm1,1c26,38,9,odd,3,4,3e9cbec3bec23ecc
action_dit_adaln_norm1,1c26,38,10,even,3,4,3e5e3e4f3eeb3f64
action_dit_adaln_norm1,1c26,38,11,odd,3,4,3db93e1f3efdbe02
action_dit_adaln_norm1,1c26,38,12,even,3,4,bdf6bd8cbe0c3f03
action_dit_adaln_norm1,1c26,38,13,odd,3,4,be78bc703ea2be95
action_dit_adaln_norm1,1c26,38,14,even,3,4,3e93bebcbecfbe64
action_dit_adaln_norm1,1c26,38,15,odd,3,4,be18bda33e14bf09
action_dit_adaln_norm1,1c26,38,0,even,4,4,bd95bd603e80bf06
action_dit_adaln_norm1,1c26,38,1,odd,4,4,bb00be84bde83dcd
action_dit_adaln_norm1,1c26,38,2,even,4,4,3c203ece3cc6bf03
action_dit_adaln_norm1,1c26,38,3,odd,4,4,3eb03ddc3dbc3f20
action_dit_adaln_norm1,1c26,38,4,even,4,4,3e8bbf263e8abeaf
action_dit_adaln_norm1,1c26,38,5,odd,4,4,be9d3f0e3ed1be86
action_dit_adaln_norm1,1c26,38,6,even,4,4,3ca0bef8becabe9f
action_dit_adaln_norm1,1c26,38,7,odd,4,4,bcc0bd9cbe64bd60
action_dit_adaln_norm1,1c26,38,8,even,4,4,be2dbf0abede3ec9
action_dit_adaln_norm1,1c26,38,9,odd,4,4,bf1bbef6bf0dbe8f
action_dit_adaln_norm1,1c26,38,10,even,4,4,3eb5be07be9b3f3c
action_dit_adaln_norm1,1c26,38,11,odd,4,4,bd4c3de4bf463ead
action_dit_adaln_norm1,1c26,38,12,even,4,4,bc30bcd0bef6bf1c
action_dit_adaln_norm1,1c26,38,13,odd,4,4,3dd4bdf0bf123e38
action_dit_adaln_norm1,1c26,38,14,even,4,4,be7cbe4fbd1f3eed
action_dit_adaln_norm1,1c26,38,15,odd,4,4,3f01be343edabf02
action_dit_adaln_norm1,1c26,38,0,even,5,4,bd08bd343efc3e3a
action_dit_adaln_norm1,1c26,38,1,odd,5,4,3da6be013e7abcb0
action_dit_adaln_norm1,1c26,38,2,even,5,4,bdd8bf48bce0be85
action_dit_adaln_norm1,1c26,38,3,odd,5,4,be3cbe963e223d18
action_dit_adaln_norm1,1c26,38,4,even,5,4,bd4c3e843e4cbec1
action_dit_adaln_norm1,1c26,38,5,odd,5,4,bd9fbee8bc88be68
action_dit_adaln_norm1,1c26,38,6,even,5,4,bea3bd103f1a3d35
action_dit_adaln_norm1,1c26,38,7,odd,5,4,3e423e81be6e3e42
action_dit_adaln_norm1,1c26,38,8,even,5,4,3e28be35be603e6b
action_dit_adaln_norm1,1c26,38,9,odd,5,4,3f02be9e3f12bece
action_dit_adaln_norm1,1c26,38,10,even,5,4,beb1bd8ebe973e11
action_dit_adaln_norm1,1c26,38,11,odd,5,4,3e003d2cbec7be85
action_dit_adaln_norm1,1c26,38,12,even,5,4,bf01be363e423e1e
action_dit_adaln_norm1,1c26,38,13,odd,5,4,be53bebebe423ed7
action_dit_adaln_norm1,1c26,38,14,even,5,4,3ee8be65be783ee3
action_dit_adaln_norm1,1c26,38,15,odd,5,4,3f063c38bea4bda9
action_dit_adaln_norm1,1c26,38,0,even,6,4,bee9be9d3e4c3e6a
action_dit_adaln_norm1,1c26,38,1,odd,6,4,3e123da8be0bbedc
action_dit_adaln_norm1,1c26,38,2,even,6,4,3ea2bd863ecb3d6c
action_dit_adaln_norm1,1c26,38,3,odd,6,4,bed63e9ebde0bee6
action_dit_adaln_norm1,1c26,38,4,even,6,4,bc103efebdfebe06
action_dit_adaln_norm1,1c26,38,5,odd,6,4,be003f24bc603e9b
action_dit_adaln_norm1,1c26,38,6,even,6,4,3ea53f07bde6beab
action_dit_adaln_norm1,1c26,38,7,odd,6,4,be7c3e7fbd973bc0
action_dit_adaln_norm1,1c26,38,8,even,6,4,bee63d2c3e8a3ddd
action_dit_adaln_norm1,1c26,38,9,odd,6,4,3e4abc983f08be54
action_dit_adaln_norm1,1c26,38,10,even,6,4,bec8be9fbe36be56
action_dit_adaln_norm1,1c26,38,11,odd,6,4,3e8abea93eeebe76
action_dit_adaln_norm1,1c26,38,12,even,6,4,bdd43eee3e23be57
action_dit_adaln_norm1,1c26,38,13,odd,6,4,bd89bec93ef03e72
action_dit_adaln_norm1,1c26,38,14,even,6,4,3f103d72be943d2c
action_dit_adaln_norm1,1c26,38,15,odd,6,4,3eafbd71be4c3ea9
action_dit_adaln_norm1,1c26,38,0,even,7,4,3e203ec3be543d88
action_dit_adaln_norm1,1c26,38,1,odd,7,4,3de8bf06bee03eeb
action_dit_adaln_norm1,1c26,38,2,even,7,4,3d44be67bed9beb3
action_dit_adaln_norm1,1c26,38,3,odd,7,4,3d95bf5a3ed5be73
action_dit_adaln_norm1,1c26,38,4,even,7,4,3edabbe0bf5ebdf4
action_dit_adaln_norm1,1c26,38,5,odd,7,4,bde6bf093cc0be92
action_dit_adaln_norm1,1c26,38,6,even,7,4,beb0be1abd273e56
action_dit_adaln_norm1,1c26,38,7,odd,7,4,beaabe993e8ebf10
action_dit_adaln_norm1,1c26,38,8,even,7,4,be9bbd9a3f1b3f08
action_dit_adaln_norm1,1c26,38,9,odd,7,4,3d99bd10bea23d08
action_dit_adaln_norm1,1c26,38,10,even,7,4,3ea5bdac3e863e9e
action_dit_adaln_norm1,1c26,38,11,odd,7,4,be17be9abdc0bd46
action_dit_adaln_norm1,1c26,38,12,even,7,4,bc28bd50bdafbe5a
action_dit_adaln_norm1,1c26,38,13,odd,7,4,3ed2be98bebcbe97
action_dit_adaln_norm1,1c26,38,14,even,7,4,bea0bf0b3e40bdab
action_dit_adaln_norm1,1c26,38,15,odd,7,4,3d50be633e01bd8c
action_dit_adaln_norm1,1c26,38,0,even,8,4,bd9ebe473e943ed1
action_dit_adaln_norm1,1c26,38,1,odd,8,4,3e93bdf6bec63e75
action_dit_adaln_norm1,1c26,38,2,even,8,4,3e70be283da53e26
action_dit_adaln_norm1,1c26,38,3,odd,8,4,be41bdd8bf113e66
action_dit_adaln_norm1,1c26,38,4,even,8,4,3e8bbf23bcd63db0
action_dit_adaln_norm1,1c26,38,5,odd,8,4,bf1cbf7dbeeabea9
action_dit_adaln_norm1,1c26,38,6,even,8,4,be983e573c00bf33
action_dit_adaln_norm1,1c26,38,7,odd,8,4,3f163e06bf12bf46
action_dit_adaln_norm1,1c26,38,8,even,8,4,3d853ea6be29be70
action_dit_adaln_norm1,1c26,38,9,odd,8,4,3e7a3e853dd7bdd0
action_dit_adaln_norm1,1c26,38,10,even,8,4,bddb3deabe80bed4
action_dit_adaln_norm1,1c26,38,11,odd,8,4,be9a3f23bdadbf25
action_dit_adaln_norm1,1c26,38,12,even,8,4,bc9cbde43e693e8d
action_dit_adaln_norm1,1c26,38,13,odd,8,4,bd8c3daa3ebabe1c
action_dit_adaln_norm1,1c26,38,14,even,8,4,bc983ec6be853e90
action_dit_adaln_norm1,1c26,38,15,odd,8,4,bec9bed6beaf3e08
action_dit_adaln_norm1,1c26,38,0,even,9,4,3ea63d483efebe75
action_dit_adaln_norm1,1c26,38,1,odd,9,4,3e093e5ebf043f10
action_dit_adaln_norm1,1c26,38,2,even,9,4,3e9abda0bd4dbef1
action_dit_adaln_norm1,1c26,38,3,odd,9,4,3f103d703d973f0e
action_dit_adaln_norm1,1c26,38,4,even,9,4,3e88be1ebe963de8
action_dit_adaln_norm1,1c26,38,5,odd,9,4,be0cbe04be203e14
action_dit_adaln_norm1,1c26,38,6,even,9,4,3ee13e98bdd03ece
action_dit_adaln_norm1,1c26,38,7,odd,9,4,3d8e3e6ebe3a3f44
action_dit_adaln_norm1,1c26,38,8,even,9,4,beb7be383eb23e9e
action_dit_adaln_norm1,1c26,38,9,odd,9,4,3e66beb63ea2bf22
action_dit_adaln_norm1,1c26,38,10,even,9,4,3eb0be0a3e083eaa
action_dit_adaln_norm1,1c26,38,11,odd,9,4,3ed5bec83dfe3b80
action_dit_adaln_norm1,1c26,38,12,even,9,4,bda63d49beffbd90
action_dit_adaln_norm1,1c26,38,13,odd,9,4,3db6bf01bef8be66
action_dit_adaln_norm1,1c26,38,14,even,9,4,beae3d903e7ebd16
action_dit_adaln_norm1,1c26,38,15,odd,9,4,be923ea9bdb13c9a
action_dit_adaln_norm1,1c26,38,0,even,10,4,3ebd3d72bde2be72
action_dit_adaln_norm1,1c26,38,1,odd,10,4,bf1f3c60bdbfbdd0
action_dit_adaln_norm1,1c26,38,2,even,10,4,3ee63d243dbebe91
action_dit_adaln_norm1,1c26,38,3,odd,10,4,3d73bed43df63d08
action_dit_adaln_norm1,1c26,38,4,even,10,4,3ea93eac3e52bebe
action_dit_adaln_norm1,1c26,38,5,odd,10,4,bd81be323e75be84
action_dit_adaln_norm1,1c26,38,6,even,10,4,3ea8beba3f113d0e
action_dit_adaln_norm1,1c26,38,7,odd,10,4,bf2d3e023e423e4a
action_dit_adaln_norm1,1c26,38,8,even,10,4,3f5fbe0d3c983ee6
action_dit_adaln_norm1,1c26,38,9,odd,10,4,be753df03e143f10
action_dit_adaln_norm1,1c26,38,10,even,10,4,be20bf0e3cc03e36
action_dit_adaln_norm1,1c26,38,11,odd,10,4,bed43f073e393f46
action_dit_adaln_norm1,1c26,38,12,even,10,4,3ec53e92bf18bf24
action_dit_adaln_norm1,1c26,38,13,odd,10,4,3d62ba80bd603e86
action_dit_adaln_norm1,1c26,38,14,even,10,4,be773ee2bdc03e7c
action_dit_adaln_norm1,1c26,38,15,odd,10,4,3e673df2bdc83f2a
action_dit_adaln_norm1,1c26,38,0,even,11,4,3f0cbc203e813e61
action_dit_adaln_norm1,1c26,38,1,odd,11,4,3e44bef9be11be73
action_dit_adaln_norm1,1c26,38,2,even,11,4,3d83bed6beba3f87
action_dit_adaln_norm1,1c26,38,3,odd,11,4,3da6bf2fbeb7bf10
action_dit_adaln_norm1,1c26,38,4,even,11,4,3e9ebd00be92be18
action_dit_adaln_norm1,1c26,38,5,odd,11,4,3e3cbe113ec4bd9c
action_dit_adaln_norm1,1c26,38,6,even,11,4,3ed93e91be2c3e1a
action_dit_adaln_norm1,1c26,38,7,odd,11,4,3dcabe39bea33cb0
action_dit_adaln_norm1,1c26,38,8,even,11,4,bcf03e89bf3cbd1c
action_dit_adaln_norm1,1c26,38,9,odd,11,4,3cd73cc0bbf0be99
action_dit_adaln_norm1,1c26,38,10,even,11,4,bf4b3e6dbea43e8c
action_dit_adaln_norm1,1c26,38,11,odd,11,4,3e113cb8bc003eb7
action_dit_adaln_norm1,1c26,38,12,even,11,4,3f3c3e353ef63e80
action_dit_adaln_norm1,1c26,38,13,odd,11,4,3eb33de0be283eac
action_dit_adaln_norm1,1c26,38,14,even,11,4,3f143e8bbdb0bebc
action_dit_adaln_norm1,1c26,38,15,odd,11,4,bd2b3d8cbf623d06
action_dit_adaln_norm1,1c26,38,0,even,12,4,3ec53ebebeb33d96
action_dit_adaln_norm1,1c26,38,1,odd,12,4,3c90bed03bc03e34
action_dit_adaln_norm1,1c26,38,2,even,12,4,bed83d303ec5be5c
action_dit_adaln_norm1,1c26,38,3,odd,12,4,bea1bdf7be2dbeb7
action_dit_adaln_norm1,1c26,38,4,even,12,4,3e823ed6bed53e61
action_dit_adaln_norm1,1c26,38,5,odd,12,4,bf283f22bddfbedc
action_dit_adaln_norm1,1c26,38,6,even,12,4,befb3ebc3ebf3d49
action_dit_adaln_norm1,1c26,38,7,odd,12,4,3df13e673e68bea0
action_dit_adaln_norm1,1c26,38,8,even,12,4,3ebdbe8d3ddabed3
action_dit_adaln_norm1,1c26,38,9,odd,12,4,3e0b3da2be873ea4
action_dit_adaln_norm1,1c26,38,10,even,12,4,3e1c3f2f3d993ee5
action_dit_adaln_norm1,1c26,38,11,odd,12,4,3ebf3f213e303d0f
action_dit_adaln_norm1,1c26,38,12,even,12,4,be8f3e523ebebe12
action_dit_adaln_norm1,1c26,38,13,odd,12,4,3e0ebec53dcbbe36
action_dit_adaln_norm1,1c26,38,14,even,12,4,3ec6be7ebdbc3e65
action_dit_adaln_norm1,1c26,38,15,odd,12,4,3e41beedbebebe32
action_dit_adaln_norm1,1c26,38,0,even,13,4,3e6d3e723e60bee7
action_dit_adaln_norm1,1c26,38,1,odd,13,4,be413e07bed53ed1
action_dit_adaln_norm1,1c26,38,2,even,13,4,3e09bd003e86be28
action_dit_adaln_norm1,1c26,38,3,odd,13,4,3ee2be3e3cfdbe1f
action_dit_adaln_norm1,1c26,38,4,even,13,4,bd1a3ecabbc23c20
action_dit_adaln_norm1,1c26,38,5,odd,13,4,3d933dedba80bdb8
action_dit_adaln_norm1,1c26,38,6,even,13,4,bf173cb0bf333dba
action_dit_adaln_norm1,1c26,38,7,odd,13,4,be98be6d3da53ea8
action_dit_adaln_norm1,1c26,38,8,even,13,4,3e06beb73e02bc8c
action_dit_adaln_norm1,1c26,38,9,odd,13,4,3ec5be2dbec03f22
action_dit_adaln_norm1,1c26,38,10,even,13,4,3f143e283e19bdd0
action_dit_adaln_norm1,1c26,38,11,odd,13,4,3e44be88be103d7c
action_dit_adaln_norm1,1c26,38,12,even,13,4,beccbda23ca23e90
action_dit_adaln_norm1,1c26,38,13,odd,13,4,3eda3e9b3e2f3e46
action_dit_adaln_norm1,1c26,38,14,even,13,4,3efe3e943ee3bf39
action_dit_adaln_norm1,1c26,38,15,odd,13,4,3e193db6be443eca
action_dit_adaln_norm1,1c26,38,0,even,14,4,3ec83f9ebe74be1d
action_dit_adaln_norm1,1c26,38,1,odd,14,4,be72be98be243d73
action_dit_adaln_norm1,1c26,38,2,even,14,4,bef7bdd6bf20bdb0
action_dit_adaln_norm1,1c26,38,3,odd,14,4,3e133e823c6cbe6c
action_dit_adaln_norm1,1c26,38,4,even,14,4,bf413e493eca3d80
action_dit_adaln_norm1,1c26,38,5,odd,14,4,3e1a3df3bda83e89
action_dit_adaln_norm1,1c26,38,6,even,14,4,be01bee03e073dec
action_dit_adaln_norm1,1c26,38,7,odd,14,4,3e46be1a3e86be7a
action_dit_adaln_norm1,1c26,38,8,even,14,4,3ea83e6bbe56be96
action_dit_adaln_norm1,1c26,38,9,odd,14,4,bdfa3ed0bf503e7f
action_dit_adaln_norm1,1c26,38,10,even,14,4,bd30be0e3e84bea3
action_dit_adaln_norm1,1c26,38,11,odd,14,4,bdcf3e623e90bd94
action_dit_adaln_norm1,1c26,38,12,even,14,4,00003e06be83bed6
action_dit_adaln_norm1,1c26,38,13,odd,14,4,3eccbcc83e743e0a
action_dit_adaln_norm1,1c26,38,14,even,14,4,bebcbe953e0b3e84
action_dit_adaln_norm1,1c26,38,15,odd,14,4,3e593ef2bf253e8d
action_dit_adaln_norm1,1c26,38,0,even,15,4,3cc8be543f1b3ea1
action_dit_adaln_norm1,1c26,38,1,odd,15,4,3e943c70bed8bf35
action_dit_adaln_norm1,1c26,38,2,even,15,4,3e223e2b3e563db0
action_dit_adaln_norm1,1c26,38,3,odd,15,4,3e86bede3e88be58
action_dit_adaln_norm1,1c26,38,4,even,15,4,3ea23d683ea5bf16
action_dit_adaln_norm1,1c26,38,5,odd,15,4,be5b3e753e34bebb
action_dit_adaln_norm1,1c26,38,6,even,15,4,bd843e8a3c20becc
action_dit_adaln_norm1,1c26,38,7,odd,15,4,bca0be1d3e25be24
action_dit_adaln_norm1,1c26,38,8,even,15,4,3e86be8ebea2bee7
action_dit_adaln_norm1,1c26,38,9,odd,15,4,bec2bf0abe8f3e8e
action_dit_adaln_norm1,1c26,38,10,even,15,4,3e7ebe47be513ef6
action_dit_adaln_norm1,1c26,38,11,odd,15,4,3ec23e2e3ec23dbe
action_dit_adaln_norm1,1c26,38,12,even,15,4,3e5c3eecbe1e3e48
action_dit_adaln_norm1,1c26,38,13,odd,15,4,3d86beaabe68be5c
action_dit_adaln_norm1,1c26,38,14,even,15,4,bed63e3ebeb03f10
action_dit_adaln_norm1,1c26,38,15,odd,15,4,bee6bd2cbed13f0c
action_dit_adaln_norm1,1c26,38,0,even,16,4,3e063dacbece3eb9
action_dit_adaln_norm1,1c26,38,1,odd,16,4,3e313d0bbec03eb8
action_dit_adaln_norm1,1c26,38,2,even,16,4,3e423d863dde3d60
action_dit_adaln_norm1,1c26,38,3,odd,16,4,be4e3e473ed4be95
action_dit_adaln_norm1,1c26,38,4,even,16,4,bee63cc83ebe3d9d
action_dit_adaln_norm1,1c26,38,5,odd,16,4,3e52bf59bf24bed6
action_dit_adaln_norm1,1c26,38,6,even,16,4,3e903efabe943ed4
action_dit_adaln_norm1,1c26,38,7,odd,16,4,3ef0bf17bdd6bded
action_dit_adaln_norm1,1c26,38,8,even,16,4,be933d6fbe0b3da1
action_dit_adaln_norm1,1c26,38,9,odd,16,4,bf1cbe69bd9a3ead
action_dit_adaln_norm1,1c26,38,10,even,16,4,3e0dbec2be2bbdab
action_dit_adaln_norm1,1c26,38,11,odd,16,4,3e8ebcd8bf123eb9
action_dit_adaln_norm1,1c26,38,12,even,16,4,3ee4be14be603e96
action_dit_adaln_norm1,1c26,38,13,odd,16,4,3d9a3f30be16bec6
action_dit_adaln_norm1,1c26,38,14,even,16,4,3e9d3e6bbd123f18
action_dit_adaln_norm1,1c26,38,15,odd,16,4,3b003ebe3d933da4
action_dit_adaln_norm1,1c26,38,0,even,17,4,3ebcbcf83ece3e82
action_dit_adaln_norm1,1c26,38,1,odd,17,4,be263f12be38bdbd
action_dit_adaln_norm1,1c26,38,2,even,17,4,3ea73ea13bc0bdc3
action_dit_adaln_norm1,1c26,38,3,odd,17,4,be263eebbe08bd3a
action_dit_adaln_norm1,1c26,38,4,even,17,4,bdef3e03bf143ea0
action_dit_adaln_norm1,1c26,38,5,odd,17,4,3e3b3effbda83e5c
action_dit_adaln_norm1,1c26,38,6,even,17,4,3e95bece3ef03e16
action_dit_adaln_norm1,1c26,38,7,odd,17,4,3ee33de83de6bc00
action_dit_adaln_norm1,1c26,38,8,even,17,4,3f4cbdf93e1bbe8d
action_dit_adaln_norm1,1c26,38,9,odd,17,4,3edabe62beabbda8
action_dit_adaln_norm1,1c26,38,10,even,17,4,3f0abefabed6bf24
action_dit_adaln_norm1,1c26,38,11,odd,17,4,bd6abde7be443df8
action_dit_adaln_norm1,1c26,38,12,even,17,4,3d96be423e3f3f14
action_dit_adaln_norm1,1c26,38,13,odd,17,4,3f13be863dcdbcb8
action_dit_adaln_norm1,1c26,38,14,even,17,4,be1fbdb4bc703da3
action_dit_adaln_norm1,1c26,38,15,odd,17,4,bf463db63f063dfe
action_dit_adaln_norm1,1c26,38,0,even,18,4,3c30be95bdf23c1e
action_dit_adaln_norm1,1c26,38,1,odd,18,4,3df43ea43eee3e34
action_dit_adaln_norm1,1c26,38,2,even,18,4,3e70bea8be75bd90
action_dit_adaln_norm1,1c26,38,3,odd,18,4,bcb2be76bd94bd84
action_dit_adaln_norm1,1c26,38,4,even,18,4,3ec6be2cbed33e8e
action_dit_adaln_norm1,1c26,38,5,odd,18,4,3e60bea3bde2bdff
action_dit_adaln_norm1,1c26,38,6,even,18,4,3e78bf143e86beb0
action_dit_adaln_norm1,1c26,38,7,odd,18,4,3eb83e3a3e44bc00
action_dit_adaln_norm1,1c26,38,8,even,18,4,be10be813e94be14
action_dit_adaln_norm1,1c26,38,9,odd,18,4,bef43ea83dcabddc
action_dit_adaln_norm1,1c26,38,10,even,18,4,beb63f083e45be28
action_dit_adaln_norm1,1c26,38,11,odd,18,4,3f013f743ea03eca
action_dit_adaln_norm1,1c26,38,12,even,18,4,be8c3e36bc783eec
action_dit_adaln_norm1,1c26,38,13,odd,18,4,3d033f0d3be03e7a
action_dit_adaln_norm1,1c26,38,14,even,18,4,3f0dbf05be4abe20
action_dit_adaln_norm1,1c26,38,15,odd,18,4,3c403e72bf08bec1
action_dit_adaln_norm1,1c26,38,0,even,19,4,be543e3e3ee4bce2
action_dit_adaln_norm1,1c26,38,1,odd,19,4,bd98bdc13f173e81
action_dit_adaln_norm1,1c26,38,2,even,19,4,3f323e6ebcf63eab
action_dit_adaln_norm1,1c26,38,3,odd,19,4,be443f0abe993ebc
action_dit_adaln_norm1,1c26,38,4,even,19,4,3e76be36bee6bdee
action_dit_adaln_norm1,1c26,38,5,odd,19,4,3f183ecabeecbd22
action_dit_adaln_norm1,1c26,38,6,even,19,4,3f28be023e253e1e
action_dit_adaln_norm1,1c26,38,7,odd,19,4,3f36be483f053ecb
action_dit_adaln_norm1,1c26,38,8,even,19,4,bdfe3f14bf003e5a
action_dit_adaln_norm1,1c26,38,9,odd,19,4,3eafbee03e75bf24
action_dit_adaln_norm1,1c26,38,10,even,19,4,3af2be223eeb3e8d
action_dit_adaln_norm1,1c26,38,11,odd,19,4,3ecebdf43ebe3e8a
action_dit_adaln_norm1,1c26,38,12,even,19,4,bdd3bd8e3f03be5c
action_dit_adaln_norm1,1c26,38,13,odd,19,4,beefbe263f223d72
action_dit_adaln_norm1,1c26,38,14,even,19,4,bec13e48be063f05
action_dit_adaln_norm1,1c26,38,15,odd,19,4,3e043edc3e90be62
action_dit_adaln_norm1,1c26,38,0,even,20,4,bde8bd04befc3eac
action_dit_adaln_norm1,1c26,38,1,odd,20,4,3db0beaf3c20bd0d
action_dit_adaln_norm1,1c26,38,2,even,20,4,be66be7cbea73e3e
action_dit_adaln_norm1,1c26,38,3,odd,20,4,bee8beaebd83bba6
action_dit_adaln_norm1,1c26,38,4,even,20,4,3e0a3eb63f43be1e
action_dit_adaln_norm1,1c26,38,5,odd,20,4,3f103f38bf2fbe8e
action_dit_adaln_norm1,1c26,38,6,even,20,4,be7e3e043db63ee2
action_dit_adaln_norm1,1c26,38,7,odd,20,4,3d543e6c3e483ecc
action_dit_adaln_norm1,1c26,38,8,even,20,4,3f153eabbdfe3e04
action_dit_adaln_norm1,1c26,38,9,odd,20,4,be6e3e8cbf06bec2
action_dit_adaln_norm1,1c26,38,10,even,20,4,3d68be12be603f0a
action_dit_adaln_norm1,1c26,38,11,odd,20,4,3dae3ee0be90bd5c
action_dit_adaln_norm1,1c26,38,12,even,20,4,3e55bf283f353ed6
action_dit_adaln_norm1,1c26,38,13,odd,20,4,bda4bb80bef8bec8
action_dit_adaln_norm1,1c26,38,14,even,20,4,be20be4e3ee13dbc
action_dit_adaln_norm1,1c26,38,15,odd,20,4,bf523e943f183ba0
action_dit_adaln_norm1,1c26,38,0,even,21,4,3d5abeed3e2f3dc4
action_dit_adaln_norm1,1c26,38,1,odd,21,4,bd52bed13f3c3df6
action_dit_adaln_norm1,1c26,38,2,even,21,4,3ea0be0cbd883e9b
action_dit_adaln_norm1,1c26,38,3,odd,21,4,3e3bbeaabef8be80
action_dit_adaln_norm1,1c26,38,4,even,21,4,bd9cbe92be673d2c
action_dit_adaln_norm1,1c26,38,5,odd,21,4,be943d15bd7ebcd0
action_dit_adaln_norm1,1c26,38,6,even,21,4,be76bee33df93f11
action_dit_adaln_norm1,1c26,38,7,odd,21,4,bddabee53f17bca2
action_dit_adaln_norm1,1c26,38,8,even,21,4,3e22beb23dd4be80
action_dit_adaln_norm1,1c26,38,9,odd,21,4,bf0bbf443da9bf33
action_dit_adaln_norm1,1c26,38,10,even,21,4,3e0cbe82be76bec5
action_dit_adaln_norm1,1c26,38,11,odd,21,4,3e94bee4bdc0beb0
action_dit_adaln_norm1,1c26,38,12,even,21,4,3c80be7fbe1c3d97
action_dit_adaln_norm1,1c26,38,13,odd,21,4,3e41bcc4be043eea
action_dit_adaln_norm1,1c26,38,14,even,21,4,3e333d083d86bdd4
action_dit_adaln_norm1,1c26,38,15,odd,21,4,3f3c3f073e95bda2
action_dit_adaln_norm1,1c26,38,0,even,22,4,3dd63d2c3e36bdd0
action_dit_adaln_norm1,1c26,38,1,odd,22,4,bf183eb2be143e9c
action_dit_adaln_norm1,1c26,38,2,even,22,4,3d21be9ebe7e3f07
action_dit_adaln_norm1,1c26,38,3,odd,22,4,bdec3d863e1c3de3
action_dit_adaln_norm1,1c26,38,4,even,22,4,3dfa3eb43e8d3ca0
action_dit_adaln_norm1,1c26,38,5,odd,22,4,3e88be23be763e76
action_dit_adaln_norm1,1c26,38,6,even,22,4,3ec63d283e373dc1
action_dit_adaln_norm1,1c26,38,7,odd,22,4,3eed3e623eec3e51
action_dit_adaln_norm1,1c26,38,8,even,22,4,be283ed63d613e2a
action_dit_adaln_norm1,1c26,38,9,odd,22,4,3d6d3e53bdd83e9f
action_dit_adaln_norm1,1c26,38,10,even,22,4,be673e383ddabda8
action_dit_adaln_norm1,1c26,38,11,odd,22,4,3dac3f143f633d06
action_dit_adaln_norm1,1c26,38,12,even,22,4,3e1e3c003f06be61
action_dit_adaln_norm1,1c26,38,13,odd,22,4,3e1a3ee43e42be86
action_dit_adaln_norm1,1c26,38,14,even,22,4,3d0ebdf63dcf3dbf
action_dit_adaln_norm1,1c26,38,15,odd,22,4,be7ebdf6be8dbea0
action_dit_adaln_norm1,1c26,38,0,even,23,4,3b803f523d4ebea8
action_dit_adaln_norm1,1c26,38,1,odd,23,4,3f5c3ea8bf193ee7
action_dit_adaln_norm1,1c26,38,2,even,23,4,be8e3e673eba3ca8
action_dit_adaln_norm1,1c26,38,3,odd,23,4,beb4bf1cbe78beae
action_dit_adaln_norm1,1c26,38,4,even,23,4,bd903e243d5cbcc0
action_dit_adaln_norm1,1c26,38,5,odd,23,4,3ef0be303ea73eb8
action_dit_adaln_norm1,1c26,38,6,even,23,4,3ef03e9abf62bc90
action_dit_adaln_norm1,1c26,38,7,odd,23,4,bd6cbe48be96bd00
action_dit_adaln_norm1,1c26,38,8,even,23,4,be3e3ed0be543d10
action_dit_adaln_norm1,1c26,38,9,odd,23,4,3d203eb8bebe3ebd
action_dit_adaln_norm1,1c26,38,10,even,23,4,3e543edb3ece3e4d
action_dit_adaln_norm1,1c26,38,11,odd,23,4,be8abb00bdb0bef9
action_dit_adaln_norm1,1c26,38,12,even,23,4,3eb2bd783bccbe32
action_dit_adaln_norm1,1c26,38,13,odd,23,4,bf2f3d8bbe443e01
action_dit_adaln_norm1,1c26,38,14,even,23,4,be93bd903d0fbc90
action_dit_adaln_norm1,1c26,38,15,odd,23,4,bdb3be04be8fbcac
action_dit_adaln_norm1,1c27,39,0,even,0,4,3e5fbea8be933e13
action_dit_adaln_norm1,1c27,39,1,odd,0,4,3ef73f133f153d30
action_dit_adaln_norm1,1c27,39,2,even,0,4,3e95be2abe7d3cc6
action_dit_adaln_norm1,1c27,39,3,odd,0,4,beb4beee3ed3be79
action_dit_adaln_norm1,1c27,39,4,even,0,4,be9abec83d383c88
action_dit_adaln_norm1,1c27,39,5,odd,0,4,3e1f3d803dc03eee
action_dit_adaln_norm1,1c27,39,6,even,0,4,3e6cbf04bf153f42
action_dit_adaln_norm1,1c27,39,7,odd,0,4,3e9c3e50bdc33f00
action_dit_adaln_norm1,1c27,39,8,even,0,4,3df2bf1abda03d9b
action_dit_adaln_norm1,1c27,39,9,odd,0,4,bca83e4f3f17bea4
action_dit_adaln_norm1,1c27,39,10,even,0,4,3ea2bf093e8d3e68
action_dit_adaln_norm1,1c27,39,11,odd,0,4,bdf4be423f093ddc
action_dit_adaln_norm1,1c27,39,12,even,0,4,3e1a3efb3d9c3d44
action_dit_adaln_norm1,1c27,39,13,odd,0,4,be353e4e3e00bd35
action_dit_adaln_norm1,1c27,39,14,even,0,4,bf24be65be773cb8
action_dit_adaln_norm1,1c27,39,15,odd,0,4,be78bf2bbf1fbe0a
action_dit_adaln_norm1,1c27,39,0,even,1,4,bedebe5e3ea0bea6
action_dit_adaln_norm1,1c27,39,1,odd,1,4,beecbecc3cd43e99
action_dit_adaln_norm1,1c27,39,2,even,1,4,3dd1bdbebe47becc
action_dit_adaln_norm1,1c27,39,3,odd,1,4,3ec0be51bf1cbea5
action_dit_adaln_norm1,1c27,39,4,even,1,4,3e1a3e12bee8beb2
action_dit_adaln_norm1,1c27,39,5,odd,1,4,3e7abe0e3d04bf3a
action_dit_adaln_norm1,1c27,39,6,even,1,4,3f153e9a3e063e55
action_dit_adaln_norm1,1c27,39,7,odd,1,4,bd47bf5dbf16bc99
action_dit_adaln_norm1,1c27,39,8,even,1,4,be8d3ec5bdcf3e2d
action_dit_adaln_norm1,1c27,39,9,odd,1,4,beb0be6e3eaf3ec5
action_dit_adaln_norm1,1c27,39,10,even,1,4,3d8b3e993ea8be2b
action_dit_adaln_norm1,1c27,39,11,odd,1,4,bf683e68be6f3ddc
action_dit_adaln_norm1,1c27,39,12,even,1,4,bdbcbf0abf17bea3
action_dit_adaln_norm1,1c27,39,13,odd,1,4,bf253e93bc943eed
action_dit_adaln_norm1,1c27,39,14,even,1,4,bdf4be583ba0be16
action_dit_adaln_norm1,1c27,39,15,odd,1,4,beba3e233ef03e91
action_dit_adaln_norm1,1c27,39,0,even,2,4,bd3c3f40bf16bece
action_dit_adaln_norm1,1c27,39,1,odd,2,4,becebe88be7f3eb1
action_dit_adaln_norm1,1c27,39,2,even,2,4,bd51b900be923e76
action_dit_adaln_norm1,1c27,39,3,odd,2,4,be3e3f26beac3ea7
action_dit_adaln_norm1,1c27,39,4,even,2,4,bda23e9cbefe3eb1
action_dit_adaln_norm1,1c27,39,5,odd,2,4,3e7abeed3ee03e85
action_dit_adaln_norm1,1c27,39,6,even,2,4,bec8bde0bda2be82
action_dit_adaln_norm1,1c27,39,7,odd,2,4,3d26be21bf00bde8
action_dit_adaln_norm1,1c27,39,8,even,2,4,3ef2bddabe733eb1
action_dit_adaln_norm1,1c27,39,9,odd,2,4,bcd23e953d95be03
action_dit_adaln_norm1,1c27,39,10,even,2,4,bf553da4bce0be79
action_dit_adaln_norm1,1c27,39,11,odd,2,4,bd90beb5be833c20
action_dit_adaln_norm1,1c27,39,12,even,2,4,3d77bdd43f04bd5c
action_dit_adaln_norm1,1c27,39,13,odd,2,4,3ed43e93bf243dbe
action_dit_adaln_norm1,1c27,39,14,even,2,4,be2b3f34be65bf2b
action_dit_adaln_norm1,1c27,39,15,odd,2,4,3d483e84be0dbe8b
action_dit_adaln_norm1,1c27,39,0,even,3,4,3f08beb1bc10beaa
action_dit_adaln_norm1,1c27,39,1,odd,3,4,3ebf3e10bce43e4d
action_dit_adaln_norm1,1c27,39,2,even,3,4,3e4d3f1fbcc0bdc6
action_dit_adaln_norm1,1c27,39,3,odd,3,4,3e1e3ec63dabbf02
action_dit_adaln_norm1,1c27,39,4,even,3,4,bcf0be43bf063e77
action_dit_adaln_norm1,1c27,39,5,odd,3,4,bf313f1abed6befe
action_dit_adaln_norm1,1c27,39,6,even,3,4,be0ebe983dd03e6c
action_dit_adaln_norm1,1c27,39,7,odd,3,4,be7c3d203ede3f1a
action_dit_adaln_norm1,1c27,39,8,even,3,4,bc78beb13eb7bcc4
action_dit_adaln_norm1,1c27,39,9,odd,3,4,3e74bee5bef03f2a
action_dit_adaln_norm1,1c27,39,10,even,3,4,3e823e623e963f5a
action_dit_adaln_norm1,1c27,39,11,odd,3,4,3e0a3e223eb13d53
action_dit_adaln_norm1,1c27,39,12,even,3,4,be013dd2bdba3ee2
action_dit_adaln_norm1,1c27,39,13,odd,3,4,be4f3db0bdc6becb
action_dit_adaln_norm1,1c27,39,14,even,3,4,3f173d8fbeb6bc7c
action_dit_adaln_norm1,1c27,39,15,odd,3,4,be92be6a3e39beeb
action_dit_adaln_norm1,1c27,39,0,even,4,4,3c963dba3e8ebeac
action_dit_adaln_norm1,1c27,39,1,odd,4,4,3e06be6d3bd03e27
action_dit_adaln_norm1,1c27,39,2,even,4,4,3e513d383e5cbe92
action_dit_adaln_norm1,1c27,39,3,odd,4,4,3f173e1f3e963eda
action_dit_adaln_norm1,1c27,39,4,even,4,4,3e1fbefb3dc7bebd
action_dit_adaln_norm1,1c27,39,5,odd,4,4,be723ed23eb0beb4
action_dit_adaln_norm1,1c27,39,6,even,4,4,bd20beb4bf0abe26
action_dit_adaln_norm1,1c27,39,7,odd,4,4,be04bc70bebdbe47
action_dit_adaln_norm1,1c27,39,8,even,4,4,bd67beb8bf093ebf
action_dit_adaln_norm1,1c27,39,9,odd,4,4,bf09bf33bed0beb4
action_dit_adaln_norm1,1c27,39,10,even,4,4,3f07bdaebeec3f3b
action_dit_adaln_norm1,1c27,39,11,odd,4,4,be00bd70bf893efc
action_dit_adaln_norm1,1c27,39,12,even,4,4,3d663e57befebf0f
action_dit_adaln_norm1,1c27,39,13,odd,4,4,3edabef7bf283d7a
action_dit_adaln_norm1,1c27,39,14,even,4,4,be91bd5e3e023e76
action_dit_adaln_norm1,1c27,39,15,odd,4,4,3e92bf153f11bf06
action_dit_adaln_norm1,1c27,39,0,even,5,4,be94bd943f1dbd8c
action_dit_adaln_norm1,1c27,39,1,odd,5,4,3dfbbe313e873dc6
action_dit_adaln_norm1,1c27,39,2,even,5,4,3e42bf0abd89beae
action_dit_adaln_norm1,1c27,39,3,odd,5,4,bdc0bedf3d583e3f
action_dit_adaln_norm1,1c27,39,4,even,5,4,be5e3e8e3e80bed6
action_dit_adaln_norm1,1c27,39,5,odd,5,4,3e03bee23de0bd39
action_dit_adaln_norm1,1c27,39,6,even,5,4,bedabe863f4c3e58
action_dit_adaln_norm1,1c27,39,7,odd,5,4,3e553efcbe1c3f24
action_dit_adaln_norm1,1c27,39,8,even,5,4,be103e34be603e94
action_dit_adaln_norm1,1c27,39,9,odd,5,4,3f423c143ed4be87
action_dit_adaln_norm1,1c27,39,10,even,5,4,beeabdf2be7c3e54
action_dit_adaln_norm1,1c27,39,11,odd,5,4,be793ec2bedfbe9c
action_dit_adaln_norm1,1c27,39,12,even,5,4,bf0cbed3bd8a3ea8
action_dit_adaln_norm1,1c27,39,13,odd,5,4,bf0cbf28be903ec5
action_dit_adaln_norm1,1c27,39,14,even,5,4,3ea0be58bedcbd0a
action_dit_adaln_norm1,1c27,39,15,odd,5,4,3ed7be83bec1be70
action_dit_adaln_norm1,1c27,39,0,even,6,4,beacbde43dc83dd8
action_dit_adaln_norm1,1c27,39,1,odd,6,4,3ea23e16be8abea2
action_dit_adaln_norm1,1c27,39,2,even,6,4,3e2c3e573ee3bcd8
action_dit_adaln_norm1,1c27,39,3,odd,6,4,be343ef43dbebf01
action_dit_adaln_norm1,1c27,39,4,even,6,4,3ce03ef4bcb0be16
action_dit_adaln_norm1,1c27,39,5,odd,6,4,bd003f09bc203e9c
action_dit_adaln_norm1,1c27,39,6,even,6,4,3e803eb4bea6beee
action_dit_adaln_norm1,1c27,39,7,odd,6,4,be903d98bd81be21
action_dit_adaln_norm1,1c27,39,8,even,6,4,bf29be183dbc3e3f
action_dit_adaln_norm1,1c27,39,9,odd,6,4,3e573e4c3eabbee2
action_dit_adaln_norm1,1c27,39,10,even,6,4,befabe24be00be52
action_dit_adaln_norm1,1c27,39,11,odd,6,4,3d9cbef43efebecc
action_dit_adaln_norm1,1c27,39,12,even,6,4,3e703ee23d9ebe90
action_dit_adaln_norm1,1c27,39,13,odd,6,4,3d20bf053f273dc0
action_dit_adaln_norm1,1c27,39,14,even,6,4,3eeb3dfebe7cbe27
action_dit_adaln_norm1,1c27,39,15,odd,6,4,3e4e3ddabeec3eaf
action_dit_adaln_norm1,1c27,39,0,even,7,4,becd3defbe62bd36
action_dit_adaln_norm1,1c27,39,1,odd,7,4,3dd8befebea83f24
action_dit_adaln_norm1,1c27,39,2,even,7,4,3e24beb0bf02bed8
action_dit_adaln_norm1,1c27,39,3,odd,7,4,3dbcbf293e7ebe2e
action_dit_adaln_norm1,1c27,39,4,even,7,4,3f0e3e01bf38bef7
action_dit_adaln_norm1,1c27,39,5,odd,7,4,bdd1bf493e83bc00
action_dit_adaln_norm1,1c27,39,6,even,7,4,beeebdfa3d383d1c
action_dit_adaln_norm1,1c27,39,7,odd,7,4,bebfbefa3ee2bed7
action_dit_adaln_norm1,1c27,39,8,even,7,4,beacbd213f0e3e4c
action_dit_adaln_norm1,1c27,39,9,odd,7,4,bd023d93bed73d7c
action_dit_adaln_norm1,1c27,39,10,even,7,4,3e883d2e3e6a3e27
action_dit_adaln_norm1,1c27,39,11,odd,7,4,be70be653db9bea9
action_dit_adaln_norm1,1c27,39,12,even,7,4,bd28be2c3df3be96
action_dit_adaln_norm1,1c27,39,13,odd,7,4,3e89beb1bee8bf0a
action_dit_adaln_norm1,1c27,39,14,even,7,4,be80beee3eaabe46
action_dit_adaln_norm1,1c27,39,15,odd,7,4,3e4abdca3e3abdc4
action_dit_adaln_norm1,1c27,39,0,even,8,4,bd8abe373dcd3ef9
action_dit_adaln_norm1,1c27,39,1,odd,8,4,3eefbed1be943d94
action_dit_adaln_norm1,1c27,39,2,even,8,4,3dddbe863e16be06
action_dit_adaln_norm1,1c27,39,3,odd,8,4,bea63d9cbf373de6
action_dit_adaln_norm1,1c27,39,4,even,8,4,3d40bed33e2f3dc0
action_dit_adaln_norm1,1c27,39,5,odd,8,4,bf16bf4dbf2ebef8
action_dit_adaln_norm1,1c27,39,6,even,8,4,beae3ebb3e4dbeb4
action_dit_adaln_norm1,1c27,39,7,odd,8,4,3f103e6cbf1fbf1c
action_dit_adaln_norm1,1c27,39,8,even,8,4,3e7e3e8cbd34be9a
action_dit_adaln_norm1,1c27,39,9,odd,8,4,3dfa3e213e2bbe42
action_dit_adaln_norm1,1c27,39,10,even,8,4,bd6b3da9be2dbedc
action_dit_adaln_norm1,1c27,39,11,odd,8,4,bea23e9fbe54beaa
action_dit_adaln_norm1,1c27,39,12,even,8,4,3e74be9a3e773e0d
action_dit_adaln_norm1,1c27,39,13,odd,8,4,3d80be293ecdbe0b
action_dit_adaln_norm1,1c27,39,14,even,8,4,bda63edfbec93e91
action_dit_adaln_norm1,1c27,39,15,odd,8,4,beabbeb3bdbebe6c
action_dit_adaln_norm1,1c27,39,0,even,9,4,3e703d403eb6be82
action_dit_adaln_norm1,1c27,39,1,odd,9,4,be873db8be913f2f
action_dit_adaln_norm1,1c27,39,2,even,9,4,3e043d50bd28bf3d
action_dit_adaln_norm1,1c27,39,3,odd,9,4,3ef2bdbf3e823e44
action_dit_adaln_norm1,1c27,39,4,even,9,4,3e17be82be7a3e3e
action_dit_adaln_norm1,1c27,39,5,odd,9,4,beabbe533c68be76
action_dit_adaln_norm1,1c27,39,6,even,9,4,3ed53f053bd83ed4
action_dit_adaln_norm1,1c27,39,7,odd,9,4,3cfc3e0ebea63f49
action_dit_adaln_norm1,1c27,39,8,even,9,4,be993cb63e7a3e99
action_dit_adaln_norm1,1c27,39,9,odd,9,4,3e3cbe643e4dbee6
action_dit_adaln_norm1,1c27,39,10,even,9,4,3e47be013e8bbc40
action_dit_adaln_norm1,1c27,39,11,odd,9,4,3edfbea03e0f3e84
action_dit_adaln_norm1,1c27,39,12,even,9,4,3e6a3e26bf0bbe21
action_dit_adaln_norm1,1c27,39,13,odd,9,4,bb80be9cbebcbeae
action_dit_adaln_norm1,1c27,39,14,even,9,4,be663de43ea2bddb
action_dit_adaln_norm1,1c27,39,15,odd,9,4,be173ea53d5d3c30
action_dit_adaln_norm1,1c27,39,0,even,10,4,3eb9be32be19bdd4
action_dit_adaln_norm1,1c27,39,1,odd,10,4,bf06be1cbe80bda8
action_dit_adaln_norm1,1c27,39,2,even,10,4,3eb9bd9c3eaebb00
action_dit_adaln_norm1,1c27,39,3,odd,10,4,3d26bcfe3e43be0f
action_dit_adaln_norm1,1c27,39,4,even,10,4,3eff3f083f15bec3
action_dit_adaln_norm1,1c27,39,5,odd,10,4,be82be6ebcfabbf0
action_dit_adaln_norm1,1c27,39,6,even,10,4,bd13be423f3c3d68
action_dit_adaln_norm1,1c27,39,7,odd,10,4,bf3d3e0f3ed33dd4
action_dit_adaln_norm1,1c27,39,8,even,10,4,3f54bce03d7c3ead
action_dit_adaln_norm1,1c27,39,9,odd,10,4,be7cbd823da23f08
action_dit_adaln_norm1,1c27,39,10,even,10,4,3e3bbf233df23df8
action_dit_adaln_norm1,1c27,39,11,odd,10,4,bf083f083e303f80
action_dit_adaln_norm1,1c27,39,12,even,10,4,3f003e14bf32bf26
action_dit_adaln_norm1,1c27,39,13,odd,10,4,3e553df3bd403e90
action_dit_adaln_norm1,1c27,39,14,even,10,4,be223ef9be93bd18
action_dit_adaln_norm1,1c27,39,15,odd,10,4,3ea63e983d7d3f0f
action_dit_adaln_norm1,1c27,39,0,even,11,4,3f413e0f3ec43ebb
action_dit_adaln_norm1,1c27,39,1,odd,11,4,3d2dbe22be9cbe2d
action_dit_adaln_norm1,1c27,39,2,even,11,4,be64becbbe893f54
action_dit_adaln_norm1,1c27,39,3,odd,11,4,3e4ebef0bf06bf2e
action_dit_adaln_norm1,1c27,39,4,even,11,4,3ecebe5dbe42be1f
action_dit_adaln_norm1,1c27,39,5,odd,11,4,bd30be923ed1bd18
action_dit_adaln_norm1,1c27,39,6,even,11,4,3eb43f04be9c3e0a
action_dit_adaln_norm1,1c27,39,7,odd,11,4,3d9a3b80beb0bcca
action_dit_adaln_norm1,1c27,39,8,even,11,4,3db73e8abefcbd70
action_dit_adaln_norm1,1c27,39,9,odd,11,4,3e623e5c3d1cbdb0
action_dit_adaln_norm1,1c27,39,10,even,11,4,befd3eacbf0a3ede
action_dit_adaln_norm1,1c27,39,11,odd,11,4,3e69bd743e303e9a
action_dit_adaln_norm1,1c27,39,12,even,11,4,3ef33e003e883d58
action_dit_adaln_norm1,1c27,39,13,odd,11,4,3e743cf0bdeb3e78
action_dit_adaln_norm1,1c27,39,14,even,11,4,3f3d3e0abe14beac
action_dit_adaln_norm1,1c27,39,15,odd,11,4,be68be3abf56bdb6
action_dit_adaln_norm1,1c27,39,0,even,12,4,3f143ebebf153da0
action_dit_adaln_norm1,1c27,39,1,odd,12,4,3e54bedebb803e4c
action_dit_adaln_norm1,1c27,39,2,even,12,4,bf293dc73e50bdb4
action_dit_adaln_norm1,1c27,39,3,odd,12,4,befebe0fbea6be05
action_dit_adaln_norm1,1c27,39,4,even,12,4,3f053f15bed93de0
action_dit_adaln_norm1,1c27,39,5,odd,12,4,bea23f20bed6be93
action_dit_adaln_norm1,1c27,39,6,even,12,4,be663ee53e823ea0
action_dit_adaln_norm1,1c27,39,7,odd,12,4,3deabe123ef8beb4
action_dit_adaln_norm1,1c27,39,8,even,12,4,3ed0bea63e1cbe40
action_dit_adaln_norm1,1c27,39,9,odd,12,4,3e0fbd183dcc3f0c
action_dit_adaln_norm1,1c27,39,10,even,12,4,3cd03f2abd323ea4
action_dit_adaln_norm1,1c27,39,11,odd,12,4,3e743f093d2f3d28
action_dit_adaln_norm1,1c27,39,12,even,12,4,be97be0a3ee8bdb0
action_dit_adaln_norm1,1c27,39,13,odd,12,4,3ebbbec63e30bd6d
action_dit_adaln_norm1,1c27,39,14,even,12,4,3ec1bd783d243e40
action_dit_adaln_norm1,1c27,39,15,odd,12,4,3eacbf0abe97bf16
action_dit_adaln_norm1,1c27,39,0,even,13,4,3db03eae3ec2bf04
action_dit_adaln_norm1,1c27,39,1,odd,13,4,3b003e3cbe9b3ebb
action_dit_adaln_norm1,1c27,39,2,even,13,4,3e2dbc40bcdcbe3b
action_dit_adaln_norm1,1c27,39,3,odd,13,4,3e4abe7a3e26bdf4
action_dit_adaln_norm1,1c27,39,4,even,13,4,bdab3edd3dcf3d84
action_dit_adaln_norm1,1c27,39,5,odd,13,4,bd723ec4be4d3c50
action_dit_adaln_norm1,1c27,39,6,even,13,4,bef7bd00bf103e34
action_dit_adaln_norm1,1c27,39,7,odd,13,4,beb43ded3e3d3e96
action_dit_adaln_norm1,1c27,39,8,even,13,4,3da6be96be023e6e
action_dit_adaln_norm1,1c27,39,9,odd,13,4,3ebebd54be6a3f08
action_dit_adaln_norm1,1c27,39,10,even,13,4,3f0fbba03e263d40
action_dit_adaln_norm1,1c27,39,11,odd,13,4,3df0beb5bde23e89
action_dit_adaln_norm1,1c27,39,12,even,13,4,beea3dbb3d283e00
action_dit_adaln_norm1,1c27,39,13,odd,13,4,3f193e84be6f3e84
action_dit_adaln_norm1,1c27,39,14,even,13,4,3eec3e4f3ea4bf11
action_dit_adaln_norm1,1c27,39,15,odd,13,4,3dce3c88be6e3e23
action_dit_adaln_norm1,1c27,39,0,even,14,4,3d8e3f9cb980bee4
action_dit_adaln_norm1,1c27,39,1,odd,14,4,beac3d4bbde13a80
action_dit_adaln_norm1,1c27,39,2,even,14,4,bf08bd74becfbe5b
action_dit_adaln_norm1,1c27,39,3,odd,14,4,3d963ea23e5abecc
action_dit_adaln_norm1,1c27,39,4,even,14,4,bf743e2c3eecbdac
action_dit_adaln_norm1,1c27,39,5,odd,14,4,3ec03c603b003d84
action_dit_adaln_norm1,1c27,39,6,even,14,4,be14be773d8cbd07
action_dit_adaln_norm1,1c27,39,7,odd,14,4,3de6be603f04be9b
action_dit_adaln_norm1,1c27,39,8,even,14,4,3e8d3e43bea0be92
action_dit_adaln_norm1,1c27,39,9,odd,14,4,bdf83f3fbee43ce6
action_dit_adaln_norm1,1c27,39,10,even,14,4,be143bc03ebebeca
action_dit_adaln_norm1,1c27,39,11,odd,14,4,be2f3ede3ebbbd5b
action_dit_adaln_norm1,1c27,39,12,even,14,4,3be93efcbe8dbed9
action_dit_adaln_norm1,1c27,39,13,odd,14,4,3e20be083dea3d9e
action_dit_adaln_norm1,1c27,39,14,even,14,4,be37bf1a3e2a3e84
action_dit_adaln_norm1,1c27,39,15,odd,14,4,3e9c3ef8bf433eac
action_dit_adaln_norm1,1c27,39,0,even,15,4,bdd7bdf43f563f19
action_dit_adaln_norm1,1c27,39,1,odd,15,4,3dbebe16bf0abede
action_dit_adaln_norm1,1c27,39,2,even,15,4,3cf83e963e513ea6
action_dit_adaln_norm1,1c27,39,3,odd,15,4,3e70bf043f0ebea0
action_dit_adaln_norm1,1c27,39,4,even,15,4,3e753d9a3ef0bf27
action_dit_adaln_norm1,1c27,39,5,odd,15,4,3e303e283e27bf0a
action_dit_adaln_norm1,1c27,39,6,even,15,4,bea23eaf3d9abf28
action_dit_adaln_norm1,1c27,39,7,odd,15,4,be97bd593e003da4
action_dit_adaln_norm1,1c27,39,8,even,15,4,bd643cd0be73bea5
action_dit_adaln_norm1,1c27,39,9,odd,15,4,bed0bf32be723e5c
action_dit_adaln_norm1,1c27,39,10,even,15,4,3e41bd3cbe9f3ee2
action_dit_adaln_norm1,1c27,39,11,odd,15,4,3e9fbda53f0ebe89
action_dit_adaln_norm1,1c27,39,12,even,15,4,bdb03f2e3ce83c00
action_dit_adaln_norm1,1c27,39,13,odd,15,4,3e4fbe42bd92be3a
action_dit_adaln_norm1,1c27,39,14,even,15,4,bec83eddbe883eea
action_dit_adaln_norm1,1c27,39,15,odd,15,4,beea3e3cbec23ed3
action_dit_adaln_norm1,1c27,39,0,even,16,4,3d5cbe10beb03ef7
action_dit_adaln_norm1,1c27,39,1,odd,16,4,3ebebcb4bec53ed1
action_dit_adaln_norm1,1c27,39,2,even,16,4,3e883e083d9a3b2c
action_dit_adaln_norm1,1c27,39,3,odd,16,4,be8c3e0e3e8fbdbe
action_dit_adaln_norm1,1c27,39,4,even,16,4,bee93cb03f153e38
action_dit_adaln_norm1,1c27,39,5,odd,16,4,3edcbf1fbedfbebc
action_dit_adaln_norm1,1c27,39,6,even,16,4,3e2a3e5cbe333f0e
action_dit_adaln_norm1,1c27,39,7,odd,16,4,3f05be81bd93bea7
action_dit_adaln_norm1,1c27,39,8,even,16,4,be803c00be873d86
action_dit_adaln_norm1,1c27,39,9,odd,16,4,befe3e5abda83de4
action_dit_adaln_norm1,1c27,39,10,even,16,4,3e10be90be9abe06
action_dit_adaln_norm1,1c27,39,11,odd,16,4,3dbebeb8bec73eb4
action_dit_adaln_norm1,1c27,39,12,even,16,4,3f04be9abe043d0c
action_dit_adaln_norm1,1c27,39,13,odd,16,4,bdec3f20be3bbf1a
action_dit_adaln_norm1,1c27,39,14,even,16,4,3ea43e09bdf53f16
action_dit_adaln_norm1,1c27,39,15,odd,16,4,3e203d8c3dd03e3f
action_dit_adaln_norm1,1c27,39,0,even,17,4,3e653dae3ea83ea9
action_dit_adaln_norm1,1c27,39,1,odd,17,4,be8e3e9abde1bce1
action_dit_adaln_norm1,1c27,39,2,even,17,4,3f033f05bd84bebe
action_dit_adaln_norm1,1c27,39,3,odd,17,4,be543ea6bec63e46
action_dit_adaln_norm1,1c27,39,4,even,17,4,3d603e72bf263e93
action_dit_adaln_norm1,1c27,39,5,odd,17,4,3ee03ec1be603e9a
action_dit_adaln_norm1,1c27,39,6,even,17,4,3eb4bf003ed43e9e
action_dit_adaln_norm1,1c27,39,7,odd,17,4,3e943e6c3df1bd7c
action_dit_adaln_norm1,1c27,39,8,even,17,4,3f283e8c3d58be8d
action_dit_adaln_norm1,1c27,39,9,odd,17,4,3e95be9ebed0be9f
action_dit_adaln_norm1,1c27,39,10,even,17,4,3e99bf04bee1bf28
action_dit_adaln_norm1,1c27,39,11,odd,17,4,bd14bc8cbdb9bea2
action_dit_adaln_norm1,1c27,39,12,even,17,4,3cacbc403ee73f0a
action_dit_adaln_norm1,1c27,39,13,odd,17,4,3e83beaf3da43d9e
action_dit_adaln_norm1,1c27,39,14,even,17,4,beb8be9abd323dc6
action_dit_adaln_norm1,1c27,39,15,odd,17,4,bf10bcbe3f13bc88
action_dit_adaln_norm1,1c27,39,0,even,18,4,3e8cbe16be42bd50
action_dit_adaln_norm1,1c27,39,1,odd,18,4,bd14bd283e543dd3
action_dit_adaln_norm1,1c27,39,2,even,18,4,3e6cbe9abdb6bd64
action_dit_adaln_norm1,1c27,39,3,odd,18,4,3d84bdbabca83dc5
action_dit_adaln_norm1,1c27,39,4,even,18,4,3ef1be54beaa3e9a
action_dit_adaln_norm1,1c27,39,5,odd,18,4,3eaabe5ebe913e08
action_dit_adaln_norm1,1c27,39,6,even,18,4,3d9abef33f1ebeec
action_dit_adaln_norm1,1c27,39,7,odd,18,4,3ea93f003d99bdfc
action_dit_adaln_norm1,1c27,39,8,even,18,4,bdaebe393ce4bf03
action_dit_adaln_norm1,1c27,39,9,odd,18,4,bf063ea23e05beae
action_dit_adaln_norm1,1c27,39,10,even,18,4,be923ef43e75bd29
action_dit_adaln_norm1,1c27,39,11,odd,18,4,3ebc3f793e0d3f15
action_dit_adaln_norm1,1c27,39,12,even,18,4,bed83eb1be423e9a
action_dit_adaln_norm1,1c27,39,13,odd,18,4,3d483c18be083ec4
action_dit_adaln_norm1,1c27,39,14,even,18,4,3ee8beeabee9bd49
action_dit_adaln_norm1,1c27,39,15,odd,18,4,3e0a3e55bf4fbd05
action_dit_adaln_norm1,1c27,39,0,even,19,4,be1b3ce83e933d87
action_dit_adaln_norm1,1c27,39,1,odd,19,4,3c00bda43f183e88
action_dit_adaln_norm1,1c27,39,2,even,19,4,3f1e3ebcbe643ec6
action_dit_adaln_norm1,1c27,39,3,odd,19,4,be143f2ebe783e8e
action_dit_adaln_norm1,1c27,39,4,even,19,4,3ea7bd1cbeaabc58
action_dit_adaln_norm1,1c27,39,5,odd,19,4,3ed43ef4bf04be91
action_dit_adaln_norm1,1c27,39,6,even,19,4,3ebebdbabde8be22
action_dit_adaln_norm1,1c27,39,7,odd,19,4,3f3cbe553f1b3ee8
action_dit_adaln_norm1,1c27,39,8,even,19,4,be953ec2bf053ebe
action_dit_adaln_norm1,1c27,39,9,odd,19,4,3df0be96bd38bf18
action_dit_adaln_norm1,1c27,39,10,even,19,4,3e183d853e943ede
action_dit_adaln_norm1,1c27,39,11,odd,19,4,bde43df63e333e8f
action_dit_adaln_norm1,1c27,39,12,even,19,4,be50be253ed0bd8f
action_dit_adaln_norm1,1c27,39,13,odd,19,4,beffbd983f1c3e18
action_dit_adaln_norm1,1c27,39,14,even,19,4,bdf13ebabe0a3ec2
action_dit_adaln_norm1,1c27,39,15,odd,19,4,3e923e063e80be06
action_dit_adaln_norm1,1c27,39,0,even,20,4,bdc7bc94bea13ebb
action_dit_adaln_norm1,1c27,39,1,odd,20,4,bddcbee2be66bce2
action_dit_adaln_norm1,1c27,39,2,even,20,4,bc10be04be873ead
action_dit_adaln_norm1,1c27,39,3,odd,20,4,bed1beb63d803e26
action_dit_adaln_norm1,1c27,39,4,even,20,4,3e8e3f163f49be87
action_dit_adaln_norm1,1c27,39,5,odd,20,4,3f163f68bf28bd70
action_dit_adaln_norm1,1c27,39,6,even,20,4,bd303e373e333e9b
action_dit_adaln_norm1,1c27,39,7,odd,20,4,3e083ece3e603ef7
action_dit_adaln_norm1,1c27,39,8,even,20,4,3f343ea2bf0a3e9f
action_dit_adaln_norm1,1c27,39,9,odd,20,4,3e5c3e3ebf2bbe78
action_dit_adaln_norm1,1c27,39,10,even,20,4,3e2abecfbe973e66
action_dit_adaln_norm1,1c27,39,11,odd,20,4,3d643ed2be6f3e1c
action_dit_adaln_norm1,1c27,39,12,even,20,4,3e8dbe983f143e3e
action_dit_adaln_norm1,1c27,39,13,odd,20,4,be043c60be5cbf41
action_dit_adaln_norm1,1c27,39,14,even,20,4,be4cbe8c3ecc3c38
action_dit_adaln_norm1,1c27,39,15,odd,20,4,bf503e083f12bd8a
action_dit_adaln_norm1,1c27,39,0,even,21,4,3db2bf213e9ebde0
action_dit_adaln_norm1,1c27,39,1,odd,21,4,3e75bf083f483e22
action_dit_adaln_norm1,1c27,39,2,even,21,4,3f07bea13e883e3a
action_dit_adaln_norm1,1c27,39,3,odd,21,4,3e81bf06bf03be13
action_dit_adaln_norm1,1c27,39,4,even,21,4,bd88be97be0abe02
action_dit_adaln_norm1,1c27,39,5,odd,21,4,bf033e3abe52bd70
action_dit_adaln_norm1,1c27,39,6,even,21,4,beb4bebe3e213ef4
action_dit_adaln_norm1,1c27,39,7,odd,21,4,be32bf193f14bdff
action_dit_adaln_norm1,1c27,39,8,even,21,4,3e03be9b3e3ebdc4
action_dit_adaln_norm1,1c27,39,9,odd,21,4,bed3bf7e3e88bf3a
action_dit_adaln_norm1,1c27,39,10,even,21,4,3dd8bed0be48be90
action_dit_adaln_norm1,1c27,39,11,odd,21,4,3e88bea6be24be72
action_dit_adaln_norm1,1c27,39,12,even,21,4,3d42be00bd80bcea
action_dit_adaln_norm1,1c27,39,13,odd,21,4,3e6f3ec6be323ee9
action_dit_adaln_norm1,1c27,39,14,even,21,4,bd583e50bb80be41
action_dit_adaln_norm1,1c27,39,15,odd,21,4,3f6c3e483ecdbe90
action_dit_adaln_norm1,1c27,39,0,even,22,4,3eda3e383cf03de4
action_dit_adaln_norm1,1c27,39,1,odd,22,4,bf1e3dc1bed63f06
action_dit_adaln_norm1,1c27,39,2,even,22,4,3c60bdbc3db03eae
action_dit_adaln_norm1,1c27,39,3,odd,22,4,3cc83d843e4b3de3
action_dit_adaln_norm1,1c27,39,4,even,22,4,3e243f143dd53df4
action_dit_adaln_norm1,1c27,39,5,odd,22,4,3eaa3d98be563e91
action_dit_adaln_norm1,1c27,39,6,even,22,4,3e743d82bd90bcc4
action_dit_adaln_norm1,1c27,39,7,odd,22,4,3ed63e563edbbde6
action_dit_adaln_norm1,1c27,39,8,even,22,4,bdf03f0f3db8bc63
action_dit_adaln_norm1,1c27,39,9,odd,22,4,3d143e403dbb3e1c
action_dit_adaln_norm1,1c27,39,10,even,22,4,bd183da8bda8be5f
action_dit_adaln_norm1,1c27,39,11,odd,22,4,3e4a3ef93f823e0b
action_dit_adaln_norm1,1c27,39,12,even,22,4,3e663e033e97be8e
action_dit_adaln_norm1,1c27,39,13,odd,22,4,3e583ed33eb0be3a
action_dit_adaln_norm1,1c27,39,14,even,22,4,3e223dfcbca03b5a
action_dit_adaln_norm1,1c27,39,15,odd,22,4,be6c3e0bbe87bef2
action_dit_adaln_norm1,1c27,39,0,even,23,4,3de93ecc3e8fbd22
action_dit_adaln_norm1,1c27,39,1,odd,23,4,3f693ee6bf063ea3
action_dit_adaln_norm1,1c27,39,2,even,23,4,be473e603ee2bca0
action_dit_adaln_norm1,1c27,39,3,odd,23,4,beeabf32be66beb4
action_dit_adaln_norm1,1c27,39,4,even,23,4,be8e3dd63dedbe0c
action_dit_adaln_norm1,1c27,39,5,odd,23,4,3ee4be003dc43dd9
action_dit_adaln_norm1,1c27,39,6,even,23,4,3f0b3d9ebf4c3c60
action_dit_adaln_norm1,1c27,39,7,odd,23,4,3e51be14be6abedd
action_dit_adaln_norm1,1c27,39,8,even,23,4,3e0b3d74be283dfe
action_dit_adaln_norm1,1c27,39,9,odd,23,4,be003ed2be7c3f06
action_dit_adaln_norm1,1c27,39,10,even,23,4,3ed03f1a3e8c3e86
action_dit_adaln_norm1,1c27,39,11,odd,23,4,be21bea03c60bf38
action_dit_adaln_norm1,1c27,39,12,even,23,4,3efcbe92be0abd1a
action_dit_adaln_norm1,1c27,39,13,odd,23,4,bf303e32be5a3e08
action_dit_adaln_norm1,1c27,39,14,even,23,4,be5ebe163eb8be12
action_dit_adaln_norm1,1c27,39,15,odd,23,4,be36bdf4bea0bd24
action_dit_adaln_norm1,1c28,40,0,even,0,4,3dd8bed2bef83ec3
action_dit_adaln_norm1,1c28,40,1,odd,0,4,3e913f283f163e80
action_dit_adaln_norm1,1c28,40,2,even,0,4,3e87be2ebeb83db6
action_dit_adaln_norm1,1c28,40,3,odd,0,4,be93bf2e3e10bd8c
action_dit_adaln_norm1,1c28,40,4,even,0,4,bee4be563e413cc0
action_dit_adaln_norm1,1c28,40,5,odd,0,4,3e1b3d82be3a3f24
action_dit_adaln_norm1,1c28,40,6,even,0,4,3e62bf3abf2b3f2d
action_dit_adaln_norm1,1c28,40,7,odd,0,4,3eaa3e98be3a3e95
action_dit_adaln_norm1,1c28,40,8,even,0,4,3e28be2cbe7abe0a
action_dit_adaln_norm1,1c28,40,9,odd,0,4,3db83e363f27be72
action_dit_adaln_norm1,1c28,40,10,even,0,4,3ef3be523e103ead
action_dit_adaln_norm1,1c28,40,11,odd,0,4,bddabe4d3e7c3e9a
action_dit_adaln_norm1,1c28,40,12,even,0,4,3e563f2ebe033e44
action_dit_adaln_norm1,1c28,40,13,odd,0,4,be293ea13e5f3e08
action_dit_adaln_norm1,1c28,40,14,even,0,4,bf8ebe6fbe7f3d44
action_dit_adaln_norm1,1c28,40,15,odd,0,4,becfbf41becebeb4
action_dit_adaln_norm1,1c28,40,0,even,1,4,beebbdb93e59bea6
action_dit_adaln_norm1,1c28,40,1,odd,1,4,bf1abe913eb03e48
action_dit_adaln_norm1,1c28,40,2,even,1,4,3e353ce0bd793e4b
action_dit_adaln_norm1,1c28,40,3,odd,1,4,3eb0bf02beb8be9b
action_dit_adaln_norm1,1c28,40,4,even,1,4,3e66bcd2beac3d13
action_dit_adaln_norm1,1c28,40,5,odd,1,4,be26be023c3cbf1c
action_dit_adaln_norm1,1c28,40,6,even,1,4,3f253e7ebcc43dfe
action_dit_adaln_norm1,1c28,40,7,odd,1,4,bddcbf26bf0dbea8
action_dit_adaln_norm1,1c28,40,8,even,1,4,be7e3f2bbe373e66
action_dit_adaln_norm1,1c28,40,9,odd,1,4,bed1be1c3e5e3f16
action_dit_adaln_norm1,1c28,40,10,even,1,4,beb43de43ed8be3b
action_dit_adaln_norm1,1c28,40,11,odd,1,4,bf473ed0be023e83
action_dit_adaln_norm1,1c28,40,12,even,1,4,beaabef0bf01bf04
action_dit_adaln_norm1,1c28,40,13,odd,1,4,bf453edfbc903e47
action_dit_adaln_norm1,1c28,40,14,even,1,4,bdc0bed03d683d58
action_dit_adaln_norm1,1c28,40,15,odd,1,4,bf06bd773ece3e37
action_dit_adaln_norm1,1c28,40,0,even,2,4,be953f30beb2bd34
action_dit_adaln_norm1,1c28,40,1,odd,2,4,bea9beb3bf083e05
action_dit_adaln_norm1,1c28,40,2,even,2,4,be2a3e48bf0e3eb0
action_dit_adaln_norm1,1c28,40,3,odd,2,4,3cee3f3abe7cbcd8
action_dit_adaln_norm1,1c28,40,4,even,2,4,be923f0abef23ef3
action_dit_adaln_norm1,1c28,40,5,odd,2,4,3e1ebf0a3e9a3e3c
action_dit_adaln_norm1,1c28,40,6,even,2,4,bf26be80bed2be69
action_dit_adaln_norm1,1c28,40,7,odd,2,4,beb4be66bf183d6a
action_dit_adaln_norm1,1c28,40,8,even,2,4,3ebfbed6be2c3f14
action_dit_adaln_norm1,1c28,40,9,odd,2,4,3d513df33ec13d06
action_dit_adaln_norm1,1c28,40,10,even,2,4,bf663dbc3d50bf08
action_dit_adaln_norm1,1c28,40,11,odd,2,4,bcb4bf08be293e30
action_dit_adaln_norm1,1c28,40,12,even,2,4,be60bd303f463c90
action_dit_adaln_norm1,1c28,40,13,odd,2,4,3e953e91befe3d94
action_dit_adaln_norm1,1c28,40,14,even,2,4,bdf83ebbbeb1bf10
action_dit_adaln_norm1,1c28,40,15,odd,2,4,3e8a3e243dd60000
action_dit_adaln_norm1,1c28,40,0,even,3,4,3ea4bf08bdcfbeba
action_dit_adaln_norm1,1c28,40,1,odd,3,4,3edb3e233e223ee4
action_dit_adaln_norm1,1c28,40,2,even,3,4,3f0e3f063e7abe36
action_dit_adaln_norm1,1c28,40,3,odd,3,4,3ea43f343ea5bef6
action_dit_adaln_norm1,1c28,40,4,even,3,4,3e34be9dbeed3eb7
action_dit_adaln_norm1,1c28,40,5,odd,3,4,bf273ee8bef4bf02
action_dit_adaln_norm1,1c28,40,6,even,3,4,bda93d783e8b3ee2
action_dit_adaln_norm1,1c28,40,7,odd,3,4,bee6bdd33e443f33
action_dit_adaln_norm1,1c28,40,8,even,3,4,3e32bdf83e40bd42
action_dit_adaln_norm1,1c28,40,9,odd,3,4,3e2dbf18bef63f2a
action_dit_adaln_norm1,1c28,40,10,even,3,4,3c103e4a3e913f70
action_dit_adaln_norm1,1c28,40,11,odd,3,4,be543eb23e82bca8
action_dit_adaln_norm1,1c28,40,12,even,3,4,bdbd3ead3e613f00
action_dit_adaln_norm1,1c28,40,13,odd,3,4,beb53e06bd043c40
action_dit_adaln_norm1,1c28,40,14,even,3,4,3f22bea6bef5be1f
action_dit_adaln_norm1,1c28,40,15,odd,3,4,bde53be83ec7be92
action_dit_adaln_norm1,1c28,40,0,even,4,4,bd343d083e18bea8
action_dit_adaln_norm1,1c28,40,1,odd,4,4,bdcf3e453e5abe84
action_dit_adaln_norm1,1c28,40,2,even,4,4,3c603df43dbbbe4d
action_dit_adaln_norm1,1c28,40,3,odd,4,4,3e823eb23e2e3f02
action_dit_adaln_norm1,1c28,40,4,even,4,4,3eb2bf023e21bea2
action_dit_adaln_norm1,1c28,40,5,odd,4,4,becd3eae3e0abeb4
action_dit_adaln_norm1,1c28,40,6,even,4,4,be0abf0dbf40be86
action_dit_adaln_norm1,1c28,40,7,odd,4,4,be223e97be7bbe86
action_dit_adaln_norm1,1c28,40,8,even,4,4,bc34bf09bf2ebb00
action_dit_adaln_norm1,1c28,40,9,odd,4,4,bf33bf30be4abe0a
action_dit_adaln_norm1,1c28,40,10,even,4,4,3f14be88be9a3f14
action_dit_adaln_norm1,1c28,40,11,odd,4,4,beadbe46bf663eef
action_dit_adaln_norm1,1c28,40,12,even,4,4,3e3ebce0beacbe96
action_dit_adaln_norm1,1c28,40,13,odd,4,4,3f14bf40bf483d9a
action_dit_adaln_norm1,1c28,40,14,even,4,4,be08bdcc3ecb3ebe
action_dit_adaln_norm1,1c28,40,15,odd,4,4,bd9abf2c3ee4bf17
action_dit_adaln_norm1,1c28,40,0,even,5,4,be8abda23ebfbe71
action_dit_adaln_norm1,1c28,40,1,odd,5,4,3e99bebbbd103ea5
action_dit_adaln_norm1,1c28,40,2,even,5,4,3e0ebf243cacbe40
action_dit_adaln_norm1,1c28,40,3,odd,5,4,be88befe3ebd3e56
action_dit_adaln_norm1,1c28,40,4,even,5,4,be373d503e27be69
action_dit_adaln_norm1,1c28,40,5,odd,5,4,bc26bf3bbdecbe4b
action_dit_adaln_norm1,1c28,40,6,even,5,4,bf03bea23f213e58
action_dit_adaln_norm1,1c28,40,7,odd,5,4,3e483f02bf063eea
action_dit_adaln_norm1,1c28,40,8,even,5,4,bec63c40be9e3e68
action_dit_adaln_norm1,1c28,40,9,odd,5,4,3e59be7a3f11beac
action_dit_adaln_norm1,1c28,40,10,even,5,4,be6abf0bbe723d08
action_dit_adaln_norm1,1c28,40,11,odd,5,4,be663ec0be97be51
action_dit_adaln_norm1,1c28,40,12,even,5,4,beb9bec7be493e8d
action_dit_adaln_norm1,1c28,40,13,odd,5,4,be94befb3cac3f00
action_dit_adaln_norm1,1c28,40,14,even,5,4,3ec0bdb4be4cbe96
action_dit_adaln_norm1,1c28,40,15,odd,5,4,3f48be46beb93d44
action_dit_adaln_norm1,1c28,40,0,even,6,4,be9b3d983d623e82
action_dit_adaln_norm1,1c28,40,1,odd,6,4,3d783ea2be70bf0e
action_dit_adaln_norm1,1c28,40,2,even,6,4,3e8f3cd83ea73e21
action_dit_adaln_norm1,1c28,40,3,odd,6,4,be163ea63e76bf0a
action_dit_adaln_norm1,1c28,40,4,even,6,4,3c683f22be74be90
action_dit_adaln_norm1,1c28,40,5,odd,6,4,3e1c3f52bea0bc10
action_dit_adaln_norm1,1c28,40,6,even,6,4,3eae3f1abee9be96
action_dit_adaln_norm1,1c28,40,7,odd,6,4,bcbebd383eb7bea0
action_dit_adaln_norm1,1c28,40,8,even,6,4,bf253d143de23c43
action_dit_adaln_norm1,1c28,40,9,odd,6,4,bde43db03ea6be96
action_dit_adaln_norm1,1c28,40,10,even,6,4,bf19beccbf04be77
action_dit_adaln_norm1,1c28,40,11,odd,6,4,3e76bf113f36bee3
action_dit_adaln_norm1,1c28,40,12,even,6,4,3eac3f343ef8be90
action_dit_adaln_norm1,1c28,40,13,odd,6,4,be65bf2d3f003e3c
action_dit_adaln_norm1,1c28,40,14,even,6,4,3eb53cc2be5abe83
action_dit_adaln_norm1,1c28,40,15,odd,6,4,3e513e15bec63eac
action_dit_adaln_norm1,1c28,40,0,even,7,4,be593e9abe333e7a
action_dit_adaln_norm1,1c28,40,1,odd,7,4,3e59beddbe963eee
action_dit_adaln_norm1,1c28,40,2,even,7,4,3e27be84bf3fbede
action_dit_adaln_norm1,1c28,40,3,odd,7,4,3e0bbf3b3eb5be9a
action_dit_adaln_norm1,1c28,40,4,even,7,4,3ee2bd5cbf81bed2
action_dit_adaln_norm1,1c28,40,5,odd,7,4,bd9ebf693e92bdd4
action_dit_adaln_norm1,1c28,40,6,even,7,4,bed1bdcc3e293e91
action_dit_adaln_norm1,1c28,40,7,odd,7,4,bf0abf493e74bee8
action_dit_adaln_norm1,1c28,40,8,even,7,4,be993da03f103f28
action_dit_adaln_norm1,1c28,40,9,odd,7,4,be40bdbabe873dc5
action_dit_adaln_norm1,1c28,40,10,even,7,4,3f3bbe683ed63f01
action_dit_adaln_norm1,1c28,40,11,odd,7,4,be5cbe72bdf2be9c
action_dit_adaln_norm1,1c28,40,12,even,7,4,bdb4be9b3dd3beb7
action_dit_adaln_norm1,1c28,40,13,odd,7,4,3f22be97be8ebf24
action_dit_adaln_norm1,1c28,40,14,even,7,4,be6ebec03e91bdde
action_dit_adaln_norm1,1c28,40,15,odd,7,4,3ea9bdfcbda4bc90
action_dit_adaln_norm1,1c28,40,0,even,8,4,bdabbe173dad3f2e
action_dit_adaln_norm1,1c28,40,1,odd,8,4,3edfbe86beac3d96
action_dit_adaln_norm1,1c28,40,2,even,8,4,3e2cbe893e1fbe1e
action_dit_adaln_norm1,1c28,40,3,odd,8,4,be9f3e1abf543e80
action_dit_adaln_norm1,1c28,40,4,even,8,4,be3abf3e3d4f3d30
action_dit_adaln_norm1,1c28,40,5,odd,8,4,bf10bf26bf21bedd
action_dit_adaln_norm1,1c28,40,6,even,8,4,be9c3e773dd2bf25
action_dit_adaln_norm1,1c28,40,7,odd,8,4,3ed73e96bf09bf6b
action_dit_adaln_norm1,1c28,40,8,even,8,4,3dee3efabe65beb4
action_dit_adaln_norm1,1c28,40,9,odd,8,4,3ecd3e4a3e643d85
action_dit_adaln_norm1,1c28,40,10,even,8,4,bf013e83beacbe28
action_dit_adaln_norm1,1c28,40,11,odd,8,4,befe3f0bbf04bf2e
action_dit_adaln_norm1,1c28,40,12,even,8,4,3e1cbe483ea2bdb8
action_dit_adaln_norm1,1c28,40,13,odd,8,4,beafbcf83f60be67
action_dit_adaln_norm1,1c28,40,14,even,8,4,3b803eaebefd3e6a
action_dit_adaln_norm1,1c28,40,15,odd,8,4,be84beeabe92be0c
action_dit_adaln_norm1,1c28,40,0,even,9,4,3e043ebc3f5bbece
action_dit_adaln_norm1,1c28,40,1,odd,9,4,be7abdc4be8c3eec
action_dit_adaln_norm1,1c28,40,2,even,9,4,3e6e3e58bda7bee2
action_dit_adaln_norm1,1c28,40,3,odd,9,4,3f06bdcbbb403e96
action_dit_adaln_norm1,1c28,40,4,even,9,4,3e8ebe9ebebe3e46
action_dit_adaln_norm1,1c28,40,5,odd,9,4,be9abf0fbdb63eba
action_dit_adaln_norm1,1c28,40,6,even,9,4,3f453efcbdc83ec8
action_dit_adaln_norm1,1c28,40,7,odd,9,4,3e853ec5bf2b3f46
action_dit_adaln_norm1,1c28,40,8,even,9,4,beb8be2c3d833e93
action_dit_adaln_norm1,1c28,40,9,odd,9,4,3e17bea83ecebf38
action_dit_adaln_norm1,1c28,40,10,even,9,4,bda8be9e3ee43ca0
action_dit_adaln_norm1,1c28,40,11,odd,9,4,3ef9be903ec03dec
action_dit_adaln_norm1,1c28,40,12,even,9,4,bd24bcd0bf30be9d
action_dit_adaln_norm1,1c28,40,13,odd,9,4,3d3cbef1beb7be62
action_dit_adaln_norm1,1c28,40,14,even,9,4,beb23d163f2bbbb3
action_dit_adaln_norm1,1c28,40,15,odd,9,4,bd813f2cbe5d3dcd
action_dit_adaln_norm1,1c28,40,0,even,10,4,3dd03da4bdf2be20
action_dit_adaln_norm1,1c28,40,1,odd,10,4,bf78bea7bee93e75
action_dit_adaln_norm1,1c28,40,2,even,10,4,3e9cbe523ee5be54
action_dit_adaln_norm1,1c28,40,3,odd,10,4,3d00beaf3ea2be5e
action_dit_adaln_norm1,1c28,40,4,even,10,4,3ec03edb3f1cbe0a
action_dit_adaln_norm1,1c28,40,5,odd,10,4,be60be06be90befb
action_dit_adaln_norm1,1c28,40,6,even,10,4,bd3cbe0d3efe3de3
action_dit_adaln_norm1,1c28,40,7,odd,10,4,bf1e3e413cfa3bf0
action_dit_adaln_norm1,1c28,40,8,even,10,4,3f0ebe9b3e763eb6
action_dit_adaln_norm1,1c28,40,9,odd,10,4,be273d823dd93f6a
action_dit_adaln_norm1,1c28,40,10,even,10,4,3d30bf143e92bd0c
action_dit_adaln_norm1,1c28,40,11,odd,10,4,bf303f033e753f5a
action_dit_adaln_norm1,1c28,40,12,even,10,4,3ec83e62beb4bf4a
action_dit_adaln_norm1,1c28,40,13,odd,10,4,3e6e3ed4bce03ed8
action_dit_adaln_norm1,1c28,40,14,even,10,4,bd893f153d403d61
action_dit_adaln_norm1,1c28,40,15,odd,10,4,3df43dba3c483f06
action_dit_adaln_norm1,1c28,40,0,even,11,4,3f053dc63e463ea2
action_dit_adaln_norm1,1c28,40,1,odd,11,4,bcf8bdbabbc03dc9
action_dit_adaln_norm1,1c28,40,2,even,11,4,be46be1cbef73f5c
action_dit_adaln_norm1,1c28,40,3,odd,11,4,bc94bf1cbf28bf28
action_dit_adaln_norm1,1c28,40,4,even,11,4,3f12be5cbdbcbe05
action_dit_adaln_norm1,1c28,40,5,odd,11,4,3e0cbec63ea4bd34
action_dit_adaln_norm1,1c28,40,6,even,11,4,3e6d3ea7be8c3e18
action_dit_adaln_norm1,1c28,40,7,odd,11,4,3e16bd4cbef23e9a
action_dit_adaln_norm1,1c28,40,8,even,11,4,be803f30bf0c3dda
action_dit_adaln_norm1,1c28,40,9,odd,11,4,3ec43daf3e9fbe12
action_dit_adaln_norm1,1c28,40,10,even,11,4,bf0a3ee2bf023f06
action_dit_adaln_norm1,1c28,40,11,odd,11,4,3f02bd243ea43e59
action_dit_adaln_norm1,1c28,40,12,even,11,4,3f153e8d3ed13e82
action_dit_adaln_norm1,1c28,40,13,odd,11,4,3debbc80be163eda
action_dit_adaln_norm1,1c28,40,14,even,11,4,3ef03eb03d92be52
action_dit_adaln_norm1,1c28,40,15,odd,11,4,3e25be54bf70bdcd
action_dit_adaln_norm1,1c28,40,0,even,12,4,3f043e9ebe233e3f
action_dit_adaln_norm1,1c28,40,1,odd,12,4,3d00bf28bea03e5f
action_dit_adaln_norm1,1c28,40,2,even,12,4,bf183e403ea53e16
action_dit_adaln_norm1,1c28,40,3,odd,12,4,beb0be80bea9be2c
action_dit_adaln_norm1,1c28,40,4,even,12,4,3f1e3f01bf083e2f
action_dit_adaln_norm1,1c28,40,5,odd,12,4,bea43f28bed8bede
action_dit_adaln_norm1,1c28,40,6,even,12,4,be723eb93e753e27
action_dit_adaln_norm1,1c28,40,7,odd,12,4,3df6be763d92be38
action_dit_adaln_norm1,1c28,40,8,even,12,4,3f1c3d083d4abc00
action_dit_adaln_norm1,1c28,40,9,odd,12,4,3e783dac3d983ed0
action_dit_adaln_norm1,1c28,40,10,even,12,4,be4e3f22be623edb
action_dit_adaln_norm1,1c28,40,11,odd,12,4,bd9c3edd3e76bdca
action_dit_adaln_norm1,1c28,40,12,even,12,4,bf033dad3efc3cb0
action_dit_adaln_norm1,1c28,40,13,odd,12,4,3e24bf04bd6abe9c
action_dit_adaln_norm1,1c28,40,14,even,12,4,3e9cbef93e643e76
action_dit_adaln_norm1,1c28,40,15,odd,12,4,3e45bed0be2bbe1f
action_dit_adaln_norm1,1c28,40,0,even,13,4,3e3e3eb23ee2bf07
action_dit_adaln_norm1,1c28,40,1,odd,13,4,be1b3ea0bea63ef2
action_dit_adaln_norm1,1c28,40,2,even,13,4,3e39bd063e85be21
action_dit_adaln_norm1,1c28,40,3,odd,13,4,3f1cbe6a3f10be3a
action_dit_adaln_norm1,1c28,40,4,even,13,4,bdea3f3d3eaf3d87
action_dit_adaln_norm1,1c28,40,5,odd,13,4,3d9a3e93bea6be22
action_dit_adaln_norm1,1c28,40,6,even,13,4,beadbe29bf293eb0
action_dit_adaln_norm1,1c28,40,7,odd,13,4,be02bdbb3e5b3ea6
action_dit_adaln_norm1,1c28,40,8,even,13,4,3e75be073d383e1e
action_dit_adaln_norm1,1c28,40,9,odd,13,4,3e9ebdafbe3c3ebc
action_dit_adaln_norm1,1c28,40,10,even,13,4,3f07bdf23d9abb00
action_dit_adaln_norm1,1c28,40,11,odd,13,4,3d24be48bd74be3e
action_dit_adaln_norm1,1c28,40,12,even,13,4,bebabc983ce03e40
action_dit_adaln_norm1,1c28,40,13,odd,13,4,3eba3db3beaa3eb9
action_dit_adaln_norm1,1c28,40,14,even,13,4,3ef63e883f23bf1c
action_dit_adaln_norm1,1c28,40,15,odd,13,4,bd703ba0bec53e4f
action_dit_adaln_norm1,1c28,40,0,even,14,4,3e883f88bd81beb7
action_dit_adaln_norm1,1c28,40,1,odd,14,4,3c82be72be863e45
action_dit_adaln_norm1,1c28,40,2,even,14,4,bf2e3e8abf1abec6
action_dit_adaln_norm1,1c28,40,3,odd,14,4,3eb83e473ed5beb2
action_dit_adaln_norm1,1c28,40,4,even,14,4,bf64bd163e453f1c
action_dit_adaln_norm1,1c28,40,5,odd,14,4,3e5abe8ebeba0000
action_dit_adaln_norm1,1c28,40,6,even,14,4,be2abe7abc88bdc1
action_dit_adaln_norm1,1c28,40,7,odd,14,4,3e86be9d3f0cbeec
action_dit_adaln_norm1,1c28,40,8,even,14,4,3f10bdc1bf0abf00
action_dit_adaln_norm1,1c28,40,9,odd,14,4,3d883f76bf05bc70
action_dit_adaln_norm1,1c28,40,10,even,14,4,be1abdb43ec3be02
action_dit_adaln_norm1,1c28,40,11,odd,14,4,bdce3e9f3e72bec8
action_dit_adaln_norm1,1c28,40,12,even,14,4,bef03f17be1ebe8e
action_dit_adaln_norm1,1c28,40,13,odd,14,4,3e6cbdda3e8c3ee4
action_dit_adaln_norm1,1c28,40,14,even,14,4,bed2bf0a3e923e68
action_dit_adaln_norm1,1c28,40,15,odd,14,4,3eea3e9ebf493d90
action_dit_adaln_norm1,1c28,40,0,even,15,4,bd963dca3f3a3e8a
action_dit_adaln_norm1,1c28,40,1,odd,15,4,3e58be71bf0bbef2
action_dit_adaln_norm1,1c28,40,2,even,15,4,3dea3ecc3e443e00
action_dit_adaln_norm1,1c28,40,3,odd,15,4,3eb4bdbf3edbbf0e
action_dit_adaln_norm1,1c28,40,4,even,15,4,3e72ba803eeabf1a
action_dit_adaln_norm1,1c28,40,5,odd,15,4,bdb43ee23e54beab
action_dit_adaln_norm1,1c28,40,6,even,15,4,be8f3e2abe02be76
action_dit_adaln_norm1,1c28,40,7,odd,15,4,bea5bdf53e28bdc2
action_dit_adaln_norm1,1c28,40,8,even,15,4,3e62bd64bf10bee0
action_dit_adaln_norm1,1c28,40,9,odd,15,4,be64bf24be0c3e83
action_dit_adaln_norm1,1c28,40,10,even,15,4,3df3bebbbd8c3eed
action_dit_adaln_norm1,1c28,40,11,odd,15,4,3e123da23eda3d8e
action_dit_adaln_norm1,1c28,40,12,even,15,4,3e083ef1be103df8
action_dit_adaln_norm1,1c28,40,13,odd,15,4,3ebebe46bec93e91
action_dit_adaln_norm1,1c28,40,14,even,15,4,beab3e7fbef43eb4
action_dit_adaln_norm1,1c28,40,15,odd,15,4,be9d39e0bf143ea0
action_dit_adaln_norm1,1c28,40,0,even,16,4,3d98be03beb23f08
action_dit_adaln_norm1,1c28,40,1,odd,16,4,3ed6be0abf143eef
action_dit_adaln_norm1,1c28,40,2,even,16,4,3ea43f2b3df23e63
action_dit_adaln_norm1,1c28,40,3,odd,16,4,bec63dfe3f25be04
action_dit_adaln_norm1,1c28,40,4,even,16,4,bf2a3e1b3efc3f05
action_dit_adaln_norm1,1c28,40,5,odd,16,4,3e79bf28bf08be16
action_dit_adaln_norm1,1c28,40,6,even,16,4,3ef23ebf3dbf3ede
action_dit_adaln_norm1,1c28,40,7,odd,16,4,3ea8be99bebabe9a
action_dit_adaln_norm1,1c28,40,8,even,16,4,bdf8bc00be333ea5
action_dit_adaln_norm1,1c28,40,9,odd,16,4,bf2a3e763ac03e7a
action_dit_adaln_norm1,1c28,40,10,even,16,4,3f0ebeacbe46be70
action_dit_adaln_norm1,1c28,40,11,odd,16,4,3e3fbe5abf363dfb
action_dit_adaln_norm1,1c28,40,12,even,16,4,3ed8be9dbe203e17
action_dit_adaln_norm1,1c28,40,13,odd,16,4,be463f01be54bf11
action_dit_adaln_norm1,1c28,40,14,even,16,4,3e9f3e883dfc3ede
action_dit_adaln_norm1,1c28,40,15,odd,16,4,3ec43eb9bca83e26
action_dit_adaln_norm1,1c28,40,0,even,17,4,3db8bdc83ea83f11
action_dit_adaln_norm1,1c28,40,1,odd,17,4,be583e67be813e1d
action_dit_adaln_norm1,1c28,40,2,even,17,4,3ee13ea8be0abcf0
action_dit_adaln_norm1,1c28,40,3,odd,17,4,3dae3ea1bed33e0c
action_dit_adaln_norm1,1c28,40,4,even,17,4,bd863e28bf3b3ed1
action_dit_adaln_norm1,1c28,40,5,odd,17,4,3ef43ec2be9cbd90
action_dit_adaln_norm1,1c28,40,6,even,17,4,3f10bea93e563e1c
action_dit_adaln_norm1,1c28,40,7,odd,17,4,3e723e833e873e37
action_dit_adaln_norm1,1c28,40,8,even,17,4,3f383de0be9ebe58
action_dit_adaln_norm1,1c28,40,9,odd,17,4,3e8cbec6bf22be6d
action_dit_adaln_norm1,1c28,40,10,even,17,4,3f05bf00bee2bf1c
action_dit_adaln_norm1,1c28,40,11,odd,17,4,3da03d95be693dbe
action_dit_adaln_norm1,1c28,40,12,even,17,4,bca4be1a3eba3f38
action_dit_adaln_norm1,1c28,40,13,odd,17,4,3c003dc63e61bb80
action_dit_adaln_norm1,1c28,40,14,even,17,4,beb9bbb03bb03d00
action_dit_adaln_norm1,1c28,40,15,odd,17,4,bf093dd43f3b3db0
action_dit_adaln_norm1,1c28,40,0,even,18,4,3ecebeabbeb43dda
action_dit_adaln_norm1,1c28,40,1,odd,18,4,bdd53d883ba03e76
action_dit_adaln_norm1,1c28,40,2,even,18,4,3ecdbeeebeaa3e52
action_dit_adaln_norm1,1c28,40,3,odd,18,4,bd683dc23e25bd68
action_dit_adaln_norm1,1c28,40,4,even,18,4,3ed6bea8bebe3e2e
action_dit_adaln_norm1,1c28,40,5,odd,18,4,3e43be62be3e3ed9
action_dit_adaln_norm1,1c28,40,6,even,18,4,3e49be913edebef6
action_dit_adaln_norm1,1c28,40,7,odd,18,4,bd603f18bdb43e82
action_dit_adaln_norm1,1c28,40,8,even,18,4,be75bee53d28bf05
action_dit_adaln_norm1,1c28,40,9,odd,18,4,bf013dba3dafbdec
action_dit_adaln_norm1,1c28,40,10,even,18,4,beb33efd3ee4be5c
action_dit_adaln_norm1,1c28,40,11,odd,18,4,3eee3f93bce83f36
action_dit_adaln_norm1,1c28,40,12,even,18,4,bf233e953dac3ea6
action_dit_adaln_norm1,1c28,40,13,odd,18,4,bdfa3cc03ecd3e4e
action_dit_adaln_norm1,1c28,40,14,even,18,4,3f0dbeb9bebebd18
action_dit_adaln_norm1,1c28,40,15,odd,18,4,3ee63e4cbf04be98
action_dit_adaln_norm1,1c28,40,0,even,19,4,be0f3ca83ee73d92
action_dit_adaln_norm1,1c28,40,1,odd,19,4,3df03d293ea23d40
action_dit_adaln_norm1,1c28,40,2,even,19,4,3f343e9f3d183e9c
action_dit_adaln_norm1,1c28,40,3,odd,19,4,bd883ef7bd8cbdd0
action_dit_adaln_norm1,1c28,40,4,even,19,4,3e03bca4bf1fbdac
action_dit_adaln_norm1,1c28,40,5,odd,19,4,3efc3e5cbf0dbdd1
action_dit_adaln_norm1,1c28,40,6,even,19,4,3f3bbe10be0cbe68
action_dit_adaln_norm1,1c28,40,7,odd,19,4,3ef5be913f1c3d00
action_dit_adaln_norm1,1c28,40,8,even,19,4,bf103ef7bf0a3ef3
action_dit_adaln_norm1,1c28,40,9,odd,19,4,3e58be8e3ebcbf11
action_dit_adaln_norm1,1c28,40,10,even,19,4,3eb2be4e3dba3f0e
action_dit_adaln_norm1,1c28,40,11,odd,19,4,3db4ba603f113ef2
action_dit_adaln_norm1,1c28,40,12,even,19,4,be3d3e863f03bda4
action_dit_adaln_norm1,1c28,40,13,odd,19,4,bf433dd23f5e3bc0
action_dit_adaln_norm1,1c28,40,14,even,19,4,bd033d99beae3ecc
action_dit_adaln_norm1,1c28,40,15,odd,19,4,3ee93e883e6bbe82
action_dit_adaln_norm1,1c28,40,0,even,20,4,beccbe18bea53e27
action_dit_adaln_norm1,1c28,40,1,odd,20,4,3e34be16bca0beda
action_dit_adaln_norm1,1c28,40,2,even,20,4,3d0ebeb7bea4bd9a
action_dit_adaln_norm1,1c28,40,3,odd,20,4,bebebe17bc503d06
action_dit_adaln_norm1,1c28,40,4,even,20,4,3e9b3f123f14bf0e
action_dit_adaln_norm1,1c28,40,5,odd,20,4,3f3a3f41bf67be48
action_dit_adaln_norm1,1c28,40,6,even,20,4,3e323cc03e9c3eb2
action_dit_adaln_norm1,1c28,40,7,odd,20,4,3e823ef1bb8e3e93
action_dit_adaln_norm1,1c28,40,8,even,20,4,3f7e3e9fbe133e36
action_dit_adaln_norm1,1c28,40,9,odd,20,4,3e963e68bf24be69
action_dit_adaln_norm1,1c28,40,10,even,20,4,3e9d3ca8bd703ec9
action_dit_adaln_norm1,1c28,40,11,odd,20,4,3d803ef2be45bc60
action_dit_adaln_norm1,1c28,40,12,even,20,4,3f03bead3f053e4e
action_dit_adaln_norm1,1c28,40,13,odd,20,4,bda83d40bef8bf4c
action_dit_adaln_norm1,1c28,40,14,even,20,4,bd12be433e97be67
action_dit_adaln_norm1,1c28,40,15,odd,20,4,bf6cbdc43f14be33
action_dit_adaln_norm1,1c28,40,0,even,21,4,3e7cbf323e993db3
action_dit_adaln_norm1,1c28,40,1,odd,21,4,3ebbbf043f46be62
action_dit_adaln_norm1,1c28,40,2,even,21,4,3ed7bde53d8e3e80
action_dit_adaln_norm1,1c28,40,3,odd,21,4,bd42bf29bf51bef2
action_dit_adaln_norm1,1c28,40,4,even,21,4,beb3be1bbeb33dea
action_dit_adaln_norm1,1c28,40,5,odd,21,4,beea3ea2be793de4
action_dit_adaln_norm1,1c28,40,6,even,21,4,be82beb93ef23f00
action_dit_adaln_norm1,1c28,40,7,odd,21,4,bcd8bf033ef53cb1
action_dit_adaln_norm1,1c28,40,8,even,21,4,bc5cbe623ecd3dc4
action_dit_adaln_norm1,1c28,40,9,odd,21,4,bf20bf583e1cbf18
action_dit_adaln_norm1,1c28,40,10,even,21,4,be16bf03be84befc
action_dit_adaln_norm1,1c28,40,11,odd,21,4,3eb33d8e3bb0bd86
action_dit_adaln_norm1,1c28,40,12,even,21,4,3daabe073c883dc9
action_dit_adaln_norm1,1c28,40,13,odd,21,4,3ef63e08bcc63ed9
action_dit_adaln_norm1,1c28,40,14,even,21,4,3d683d98bd9bbe8a
action_dit_adaln_norm1,1c28,40,15,odd,21,4,3f5f3e683eecbe87
action_dit_adaln_norm1,1c28,40,0,even,22,4,3ed03eb33c983ccc
action_dit_adaln_norm1,1c28,40,1,odd,22,4,be553d8ebec03f32
action_dit_adaln_norm1,1c28,40,2,even,22,4,3e76be17be003e92
action_dit_adaln_norm1,1c28,40,3,odd,22,4,3ee4bd743e663d56
action_dit_adaln_norm1,1c28,40,4,even,22,4,3e263cc03eda3cfc
action_dit_adaln_norm1,1c28,40,5,odd,22,4,3f223deabee43bf0
action_dit_adaln_norm1,1c28,40,6,even,22,4,3e34bdd83e86be5e
action_dit_adaln_norm1,1c28,40,7,odd,22,4,3eabbd1c3f083dd6
action_dit_adaln_norm1,1c28,40,8,even,22,4,3c003e9ebe22be65
action_dit_adaln_norm1,1c28,40,9,odd,22,4,3e9a3db6be9d3ed3
action_dit_adaln_norm1,1c28,40,10,even,22,4,3de83bc03e26be66
action_dit_adaln_norm1,1c28,40,11,odd,22,4,3f033f113f543e2a
action_dit_adaln_norm1,1c28,40,12,even,22,4,be163d843eb3be3e
action_dit_adaln_norm1,1c28,40,13,odd,22,4,3d1e3e943ebabdfd
action_dit_adaln_norm1,1c28,40,14,even,22,4,bd3d3d083e91bd4e
action_dit_adaln_norm1,1c28,40,15,odd,22,4,beb23e3bbe76bec1
action_dit_adaln_norm1,1c28,40,0,even,23,4,bdde3ebd3ed6bdaa
action_dit_adaln_norm1,1c28,40,1,odd,23,4,3f713ed0beaa3f16
action_dit_adaln_norm1,1c28,40,2,even,23,4,bea43e1c3f193eaa
action_dit_adaln_norm1,1c28,40,3,odd,23,4,bee5bf45be9ebda3
action_dit_adaln_norm1,1c28,40,4,even,23,4,bc503e8ebd9d3d14
action_dit_adaln_norm1,1c28,40,5,odd,23,4,3ec0bdf23e463c91
action_dit_adaln_norm1,1c28,40,6,even,23,4,3f093e18bf7ebdf2
action_dit_adaln_norm1,1c28,40,7,odd,23,4,3ddcbd14be97be5e
action_dit_adaln_norm1,1c28,40,8,even,23,4,3e1c3e7fbea83dca
action_dit_adaln_norm1,1c28,40,9,odd,23,4,be283f19bf033f10
action_dit_adaln_norm1,1c28,40,10,even,23,4,3f1b3efe3eb83d00
action_dit_adaln_norm1,1c28,40,11,odd,23,4,be89bcdcbe00bf38
action_dit_adaln_norm1,1c28,40,12,even,23,4,3ec1be35be40bc58
action_dit_adaln_norm1,1c28,40,13,odd,23,4,bee23e3fbebe3ed1
action_dit_adaln_norm1,1c28,40,14,even,23,4,bde4befb3ee9bd78
action_dit_adaln_norm1,1c28,40,15,odd,23,4,bec73c70bed0be07
