# vtk DataFile Version 3.0
HBM2 temperature
ASCII
DATASET STRUCTURED_POINTS
DIMENSIONS 32 16 21
ORIGIN 0 0 0
SPACING 0.00025 0.00075 1
POINT_DATA 10752
SCALARS temperature_K float 1
LOOKUP_TABLE default
310.92923
310.96197
311.01965
311.08561
311.14862
311.20006
311.22987
311.22384
311.17517
311.08342
310.95457
310.80192
310.63452
310.45987
310.28784
310.13344
310.00229
309.89134
309.78816
309.66961
309.52397
309.34999
309.15709
308.96673
308.79107
308.63562
308.50257
308.39248
308.30522
308.24036
308.19742
308.17605
311.34257
311.45563
311.66643
311.86495
312.04435
312.21694
312.37915
312.44203
312.39332
312.23259
311.97128
311.69747
311.41385
311.10719
310.78348
310.55203
310.42756
310.4082
310.46591
310.42856
310.2664
309.97534
309.57648
309.23169
308.95607
308.7374
308.56411
308.42816
308.32426
308.2489
308.1998
308.17558
311.60912
311.74287
311.99047
312.23105
312.45278
312.6655
312.86153
312.94313
312.89433
312.71468
312.41917
312.10456
311.77746
311.42686
311.06334
310.80644
310.67432
310.66302
310.7359
310.70306
310.52637
310.20049
309.75236
309.35912
309.04233
308.79101
308.59281
308.43844
308.32133
308.23694
308.18224
308.15533
311.66793
311.80663
312.0632
312.31504
312.54869
312.77251
312.97732
313.06387
313.01537
312.83129
312.52739
312.20178
311.86241
311.49957
311.12519
310.86012
310.72298
310.70912
310.78021
310.74397
310.56069
310.22468
309.76379
309.35699
309.0273
308.76461
308.55693
308.39499
308.27214
308.18366
308.12634
308.09816
311.52455
311.6634
311.92028
312.17257
312.40682
312.63136
312.83701
312.92452
312.87708
312.69416
312.3915
312.06723
311.7293
311.36801
310.99529
310.73199
310.59672
310.58484
310.65796
310.62381
310.44264
310.10872
309.64987
309.24504
308.91722
308.65626
308.45013
308.28955
308.16782
308.08021
308.02347
307.99559
311.17161
311.30586
311.55448
311.79652
312.02015
312.23518
312.43391
312.51853
312.47302
312.29688
312.00512
311.69452
311.37172
311.02576
310.66727
310.4158
310.28953
310.28444
310.36383
310.33767
310.16773
309.84856
309.40701
309.02014
308.70941
308.46374
308.27067
308.12076
308.00737
307.92585
307.8731
307.84718
310.58642
310.70064
310.91359
311.11503
311.29806
311.47512
311.64266
311.71137
311.66864
311.51391
311.25866
310.9912
310.7144
310.41517
310.09968
309.87752
309.76354
309.7558
309.82597
309.80149
309.65225
309.37394
308.98757
308.65501
308.39123
308.1838
308.0208
307.89392
307.7976
307.7281
307.68299
307.66079
309.80378
309.83997
309.90353
309.97498
310.04328
310.10204
310.14393
310.15033
310.11221
310.02855
309.90592
309.75999
309.60015
309.43348
309.27025
309.12799
309.01318
308.92272
308.84315
308.74826
308.6251
308.47201
308.29875
308.12886
307.97439
307.83985
307.72636
307.63361
307.56081
307.5071
307.47173
307.45418
309.32813
309.37415
309.45783
309.52985
309.58411
309.63026
309.70618
309.73743
309.71083
309.62612
309.48985
309.34097
309.18317
309.01334
308.83518
308.68957
308.58161
308.50899
308.46127
308.38906
308.28225
308.13927
307.96698
307.81117
307.67809
307.56608
307.47304
307.39741
307.33809
307.29425
307.26534
307.25097
308.97727
309.02554
309.11287
309.18734
309.2431
309.29194
309.37444
309.41213
309.38998
309.30727
309.17112
309.02261
308.8656
308.69645
308.51902
308.37644
308.27454
308.21102
308.17467
308.11348
308.01646
307.88183
307.7169
307.56951
307.44593
307.34374
307.26008
307.19282
307.14046
307.10198
307.07668
307.06413
308.69496
308.74373
308.83195
308.90751
308.96457
309.01509
309.09975
309.1398
309.11998
309.03948
308.90552
308.75938
308.60508
308.43904
308.26526
308.12709
308.03044
307.97294
307.94318
307.88879
307.79851
307.67046
307.51193
307.37084
307.25345
307.15718
307.079
307.01658
306.96826
306.93291
306.90974
306.89827
308.45375
308.50254
308.59081
308.66646
308.72372
308.77459
308.85984
308.90077
308.88216
308.8033
308.67149
308.52812
308.37723
308.21524
308.0461
307.91304
307.82187
307.77012
307.74625
307.69778
307.61338
307.49108
307.33811
307.20234
307.08995
306.99831
306.92427
306.86543
306.82007
306.78699
306.76536
306.75466
308.23461
308.28283
308.37003
308.44424
308.49984
308.54899
308.63264
308.6723
308.65298
308.57424
308.44372
308.30317
308.1568
308.00084
307.83882
307.71335
307.6298
307.58543
307.56865
307.527
307.44919
307.33326
307.1864
307.05639
306.94934
306.86251
306.79268
306.73742
306.69495
306.66405
306.64387
306.63391
308.02121
308.06734
308.15069
308.21987
308.26965
308.31243
308.38937
308.42244
308.39703
308.31306
308.17938
308.04078
307.90235
307.75983
307.61471
307.5055
307.43588
307.40301
307.39591
307.36304
307.2938
307.18653
307.04833
306.92661
306.8271
306.74688
306.68266
306.63198
306.5931
306.56485
306.54641
306.53731
307.80047
307.83907
307.90915
307.96356
307.99835
308.0249
308.08236
308.09656
308.05256
307.94637
307.78513
307.64201
307.5225
307.42149
307.33686
307.27158
307.22844
307.20964
307.20973
307.18385
307.12476
307.03178
306.91083
306.80545
306.7198
306.65072
306.59516
306.55104
306.517
306.49211
306.47582
306.46775
307.58686
307.59558
307.60996
307.62352
307.63263
307.63584
307.63228
307.61399
307.57684
307.52079
307.4503
307.37541
307.30184
307.23249
307.16901
307.11235
307.06253
307.01826
306.97619
306.93025
306.87747
306.8177
306.75362
306.69113
306.63358
306.58256
306.53874
306.50234
306.47337
306.45176
306.43742
306.43027
311.39758
311.43144
311.49161
311.55946
311.62397
311.67667
311.70765
311.7011
311.65036
311.555
311.42079
311.26262
311.08937
310.90833
310.72912
310.56867
310.43233
310.31708
310.21089
310.08783
309.93659
309.75588
309.55472
309.35734
309.1755
309.01455
308.87671
308.7626
308.67212
308.60483
308.56029
308.53812
311.82392
311.94892
312.20755
312.42029
312.6065
312.7908
312.99146
313.06274
313.01196
312.83869
312.53474
312.24496
311.95015
311.62475
311.2485
311.00022
310.87123
310.86262
310.98163
310.95453
310.78626
310.47265
309.99993
309.63121
309.34492
309.11895
308.93981
308.79913
308.69152
308.61342
308.56252
308.5374
312.09815
312.24467
312.54209
312.79827
313.02798
313.25369
313.4899
313.58063
313.52977
313.33683
312.99695
312.66506
312.32555
311.95474
311.53657
311.26182
311.1249
311.12487
311.26082
311.23866
311.05539
310.70556
310.18074
309.76184
309.4332
309.17366
308.96889
308.80922
308.68799
308.60058
308.54388
308.516
312.15787
312.3095
312.61614
312.88391
313.12589
313.36302
313.60827
313.70411
313.65355
313.45607
313.10755
312.76435
312.41223
312.02883
311.59947
311.3163
311.17417
311.17149
311.30557
311.27989
311.08983
310.72956
310.19159
309.75873
309.41681
309.14556
308.93101
308.76354
308.63638
308.54474
308.48535
308.45614
312.00823
312.16002
312.46698
312.73522
312.97782
313.2157
313.46184
313.55867
313.50922
313.31294
312.96572
312.62392
312.27331
311.89153
311.46389
311.18257
311.0424
311.04177
311.17799
311.15448
310.96661
310.60851
310.07267
309.64187
309.3019
309.03244
308.81951
308.65346
308.52747
308.43673
308.37795
308.34906
311.6416
311.78865
312.08711
312.34482
312.57651
312.80463
313.04365
313.13752
313.09008
312.90082
312.56485
312.23715
311.90214
311.53618
311.12326
310.85418
310.72335
310.7298
310.87253
310.85734
310.6811
310.33826
309.8203
309.40804
309.08572
308.83206
308.63262
308.47761
308.36024
308.27582
308.22116
308.1943
311.03506
311.16126
311.42213
311.63789
311.82787
312.0168
312.22301
312.30036
312.25581
312.0888
311.79118
311.50806
311.2204
310.90277
310.53511
310.29655
310.1785
310.182
310.314
310.3003
310.14548
309.84515
309.38543
309.02945
308.7555
308.54122
308.3728
308.24155
308.14181
308.06981
308.02306
308.00005
310.22398
310.2615
310.32813
310.40173
310.47162
310.53164
310.5757
310.58218
310.54242
310.45543
310.32747
310.17633
310.01106
309.83838
309.66811
309.5203
309.401
309.30719
309.2259
309.12754
308.99969
308.84063
308.65958
308.48342
308.32361
308.18441
308.0669
307.9708
307.89534
307.83964
307.80295
307.78474
309.73013
309.78108
309.88449
309.96159
310.01475
310.05065
310.15415
310.19155
310.16408
310.0734
309.91837
309.76151
309.5976
309.41883
309.21935
309.06536
308.95329
308.88094
308.84718
308.77527
308.66436
308.51285
308.3183
308.1537
308.01556
307.89958
307.80322
307.72483
307.66331
307.61783
307.58783
307.57292
309.3647
309.41807
309.52562
309.60531
309.65992
309.69835
309.80919
309.8534
309.83055
309.74188
309.58671
309.43023
309.26721
309.08915
308.89017
308.7393
308.63355
308.57076
308.54915
308.48878
308.38803
308.24512
308.05788
307.90195
307.77367
307.6679
307.58127
307.51156
307.45727
307.41734
307.39108
307.37805
309.07044
309.12434
309.2328
309.31363
309.36958
309.40973
309.52282
309.56949
309.54905
309.4627
309.30982
309.15583
308.99566
308.82086
308.62569
308.47942
308.37914
308.32262
308.30787
308.25456
308.16083
308.02476
307.84417
307.6948
307.57296
307.47335
307.39241
307.32773
307.27763
307.24096
307.21691
307.20501
308.81901
308.87293
308.98144
309.06237
309.11853
309.15905
309.27276
309.32035
309.3012
309.21656
309.06593
308.91483
308.75821
308.58763
308.39729
308.25634
308.16175
308.1112
308.10257
308.05542
307.9678
307.83771
307.6629
307.51906
307.40242
307.30762
307.23098
307.17003
307.12301
307.08869
307.06625
307.05515
308.59073
308.64406
308.75148
308.83092
308.88538
308.92415
309.03621
309.08251
309.06265
308.97816
308.82889
308.68073
308.5288
308.36447
308.1815
308.04841
307.96172
307.91883
307.91755
307.87748
307.7967
307.67321
307.50475
307.3669
307.25579
307.16598
307.09372
307.03648
306.99245
306.9604
306.93947
306.92914
308.3688
308.41999
308.52345
308.59771
308.64618
308.67841
308.78358
308.82313
308.79702
308.7071
308.55427
308.40805
308.26433
308.11395
307.94876
307.83253
307.76022
307.7292
307.73794
307.70695
307.63504
307.52053
307.36103
307.23174
307.12844
307.04548
306.97903
306.92653
306.88623
306.85692
306.83779
306.82834
308.13997
308.18329
308.2727
308.33171
308.36487
308.38068
308.46528
308.48526
308.43963
308.32391
308.1285
307.9747
307.85045
307.74589
307.65789
307.59
307.54539
307.52881
307.5446
307.52075
307.45933
307.35965
307.21831
307.10596
307.01695
306.94545
306.88793
306.84222
306.8069
306.78109
306.76417
306.7558
307.91888
307.92792
307.94303
307.95692
307.966
307.96882
307.96547
307.94652
307.90795
307.8497
307.77606
307.69837
307.62216
307.55027
307.48437
307.42544
307.37354
307.32744
307.28391
307.23612
307.18123
307.11908
307.05225
306.98737
306.92771
306.87481
306.82935
306.79157
306.76149
306.73905
306.72415
306.71673
311.38658
311.42003
311.47966
311.54671
311.61042
311.66237
311.69287
311.686
311.63532
311.54041
311.40681
311.24954
311.07725
310.89721
310.71877
310.559
310.42298
310.30775
310.20168
310.07872
309.92795
309.74814
309.54789
309.35166
309.17078
309.01061
308.87338
308.75975
308.66963
308.6026
308.55822
308.53613
311.80867
311.93359
312.22398
312.43549
312.61917
312.8022
313.02873
313.09992
313.0492
312.87615
312.54646
312.25809
311.96596
311.64196
311.23411
310.98607
310.85715
310.84918
311.01595
310.98972
310.82205
310.50883
309.9898
309.62227
309.33837
309.11397
308.93586
308.79589
308.68877
308.611
308.56031
308.53529
312.08061
312.22677
312.55567
312.81012
313.03683
313.2608
313.52261
313.61302
313.56222
313.36974
313.00438
312.67437
312.33803
311.96912
311.51965
311.2454
311.10855
311.10892
311.29252
311.27104
311.08847
310.73942
310.16864
309.75149
309.42567
309.168
308.96447
308.80565
308.685
308.59798
308.54153
308.51376
312.13943
312.29065
312.62869
312.89463
313.1335
313.3688
313.63958
313.73504
313.68455
313.48757
313.11365
312.77243
312.42359
312.0422
311.58163
311.29902
311.157
311.15471
311.33644
311.31144
311.12212
310.76272
310.1789
309.74791
309.40892
309.13962
308.92638
308.75981
308.63327
308.54205
308.48292
308.45384
311.98987
312.14125
312.47961
312.74602
312.98551
313.22157
313.49322
313.58968
313.5403
313.34452
312.9719
312.63208
312.28474
311.90497
311.44613
311.16537
311.02531
311.02507
311.20892
311.18609
310.99896
310.64174
310.06004
309.63111
309.29406
309.02655
308.81493
308.64977
308.5244
308.43408
308.37556
308.34679
311.62434
311.77103
312.10097
312.35695
312.58563
312.81201
313.07662
313.17017
313.12279
312.93398
312.57254
312.24672
311.91487
311.55082
311.10659
310.83801
310.70725
310.71409
310.90447
310.88994
310.71439
310.37233
309.80839
309.39788
309.07836
308.82657
308.62836
308.47418
308.35739
308.27335
308.21893
308.19218
311.02042
311.14652
311.43914
311.65365
311.84109
312.02874
312.2608
312.33804
312.29354
312.12675
311.8034
311.5217
311.23673
310.92051
310.52127
310.28294
310.16496
310.16907
310.3488
310.33596
310.18172
309.88175
309.3757
309.0209
308.74932
308.53658
308.36917
308.2386
308.13934
308.06766
308.02111
307.99819
310.21413
310.25119
310.31727
310.39
310.45903
310.51818
310.56176
310.56782
310.52808
310.44156
310.31423
310.16407
309.99985
309.82825
309.65878
309.51169
309.39272
309.29885
309.21765
309.1193
308.99187
308.83369
308.6535
308.47847
308.3196
308.18113
308.06417
307.9685
307.89334
307.83786
307.80132
307.78318
309.72141
309.77234
309.88901
309.96576
310.01753
310.03934
310.16527
310.20293
310.17533
310.0847
309.91911
309.76294
309.60026
309.42228
309.21158
309.05797
308.94624
308.87429
308.85349
308.78199
308.67143
308.52027
308.31356
308.14954
308.01228
307.89693
307.80101
307.72295
307.66167
307.61636
307.58646
307.57161
309.35654
309.40985
309.53066
309.60996
309.66314
309.68736
309.82066
309.86505
309.84203
309.75345
309.58772
309.432
309.27029
309.09308
308.8829
308.73245
308.62704
308.5646
308.55595
308.49591
308.39549
308.25292
308.05349
307.89815
307.77073
307.66556
307.57935
307.50993
307.45585
307.41607
307.3899
307.37692
309.06266
309.11648
309.2382
309.31862
309.37314
309.39907
309.5346
309.58144
309.56083
309.47456
309.31114
309.15792
308.99906
308.82512
308.61877
308.47292
308.37297
308.31678
308.31496
308.26196
308.16855
308.03281
307.84002
307.69122
307.57022
307.4712
307.39066
307.32626
307.27636
307.23982
307.21586
307.204
308.81153
308.86537
308.98714
309.06767
309.12239
309.1487
309.28486
309.33262
309.31329
309.22874
309.06757
308.91723
308.76192
308.5922
308.39066
308.25011
308.15585
308.10561
308.1099
308.06304
307.97572
307.84594
307.65892
307.51564
307.39984
307.3056
307.22935
307.16867
307.12184
307.08765
307.06529
307.05423
308.58361
308.63686
308.75755
308.8366
308.88964
308.91421
309.04875
309.09523
309.07521
308.99082
308.83102
308.68363
308.53299
308.36949
308.17528
308.04256
307.95615
307.91354
307.92515
307.88535
307.80484
307.68165
307.50095
307.36364
307.25335
307.16409
307.0922
307.03522
306.99137
306.95944
306.93859
306.92829
308.36222
308.41335
308.53011
308.60403
308.65113
308.66922
308.79693
308.83674
308.81056
308.72084
308.55749
308.41208
308.2696
308.11992
307.94339
307.82737
307.75523
307.72442
307.746
307.71525
307.64357
307.5293
307.35752
307.22872
307.12619
307.04374
306.97764
306.92538
306.88524
306.85604
306.83698
306.82757
308.13435
308.17771
308.28052
308.33935
308.3713
308.37322
308.48047
308.50099
308.45559
308.3399
308.122
307.96861
307.8454
307.74155
307.65396
307.58625
307.5415
307.52501
307.55356
307.52995
307.4687
307.36914
307.2154
307.10338
307.01501
306.94395
306.88671
306.84119
306.80602
306.78029
306.76344
306.75509
307.91492
307.92382
307.93878
307.95245
307.96133
307.9639
307.96051
307.9415
307.90306
307.84514
307.77184
307.6946
307.61877
307.54719
307.48151
307.42273
307.37088
307.32477
307.28126
307.2335
307.17875
307.11684
307.05026
306.98569
306.92629
306.87361
306.82832
306.79067
306.76069
306.73832
306.72347
306.71607
311.32813
311.35946
311.41507
311.47807
311.53789
311.58609
311.61313
311.60458
311.55422
311.46164
311.3322
311.17943
311.0119
310.8369
310.66365
310.50739
310.37303
310.25771
310.1503
310.02761
309.87925
309.70406
309.51036
309.31991
309.14381
308.98747
308.85326
308.74199
308.65363
308.58787
308.54431
308.52263
311.72889
311.84075
312.08279
312.27568
312.44589
312.61242
312.79882
312.85923
312.80883
312.6472
312.35833
312.0872
311.80935
311.50484
311.14624
310.91201
310.78321
310.76002
310.86405
310.82376
310.65909
310.36619
309.91704
309.57375
309.30249
309.08577
308.91272
308.77622
308.67152
308.59541
308.54574
308.52122
311.98961
312.12128
312.39904
312.63233
312.84321
313.04833
313.26757
313.34594
313.29546
313.11567
312.79359
312.48319
312.1635
311.81666
311.41923
311.16025
311.02355
311.00732
311.12567
311.08897
310.90986
310.5833
310.08611
309.69613
309.38504
309.1365
308.93902
308.78435
308.66657
308.58149
308.52625
308.49906
312.04403
312.18052
312.46703
312.71131
312.93386
313.14984
313.37766
313.46089
313.41072
313.22665
312.8964
312.57527
312.24361
311.88481
311.47676
311.20974
311.06802
311.04912
311.16553
311.12533
310.93969
310.60319
310.09353
309.69028
309.36653
309.10679
308.89993
308.73777
308.61429
308.52515
308.4673
308.43884
311.89494
312.03159
312.31841
312.56317
312.78633
313.00306
313.23175
313.31597
313.26691
313.08404
312.75508
312.43536
312.1052
311.74801
311.34168
311.0765
310.93673
310.91987
311.03839
311.00036
310.81689
310.48255
309.975
309.57379
309.25197
308.99401
308.78875
308.62799
308.50567
308.41742
308.36018
308.33202
311.53493
311.66712
311.94592
312.18071
312.39354
312.60105
312.82306
312.90456
312.85749
312.68135
312.36318
312.05697
311.74179
311.39979
311.0076
310.75427
310.62364
310.61385
310.73893
310.70913
310.537
310.21736
309.72697
309.34357
309.03873
308.79601
308.6038
308.45373
308.33977
308.25764
308.20441
308.17824
310.94393
311.05693
311.30112
311.49695
311.67085
311.84192
312.03375
312.10012
312.05589
311.90052
311.61804
311.35362
311.08299
310.78632
310.43636
310.21183
310.09393
310.08272
310.19959
310.17255
310.02119
309.74145
309.3052
308.97453
308.71548
308.5103
308.34782
308.22063
308.12369
308.05358
308.00801
307.98556
310.16181
310.19641
310.25782
310.32613
310.39111
310.44635
310.48558
310.48938
310.44975
310.36572
310.24308
310.09787
309.9388
309.77273
309.60906
309.46577
309.34839
309.25403
309.17076
309.07218
308.94689
308.79332
308.61993
308.45071
308.29645
308.16155
308.04734
307.95374
307.88013
307.82573
307.78988
307.77209
309.67451
309.72007
309.81697
309.88709
309.93658
309.9653
310.06333
310.09368
310.06521
309.97913
309.8307
309.68219
309.52601
309.35643
309.16502
309.01785
308.90784
308.83294
308.7962
308.72177
308.61301
308.46845
308.28176
308.1255
307.99277
307.88049
307.78678
307.71035
307.65025
307.60578
307.57642
307.56183
309.31258
309.36023
309.46068
309.53305
309.58386
309.61491
309.71953
309.75612
309.73206
309.64819
309.50013
309.35246
309.19758
309.0292
308.83888
308.69514
308.59143
308.52573
308.50052
308.43719
308.33841
308.20252
308.02344
307.87596
307.75303
307.65078
307.56661
307.49866
307.44562
307.40657
307.38086
307.36811
309.02063
309.06876
309.17008
309.24352
309.29562
309.32834
309.43512
309.4741
309.45243
309.37088
309.22516
309.08003
308.92805
308.76298
308.57651
308.43737
308.33908
308.27955
308.26107
308.20468
308.11281
307.98368
307.81118
307.67019
307.55361
307.45743
307.37884
307.31583
307.26692
307.23106
307.20753
307.19587
308.77109
308.81924
308.92061
308.99417
309.04649
309.0796
309.18702
309.22693
309.20656
309.12674
308.98327
308.84101
308.69256
308.53166
308.34995
308.21605
308.12337
308.06971
308.05725
308.00692
307.92106
307.79782
307.63101
307.49547
307.38401
307.29255
307.21821
307.15886
307.11297
307.07943
307.05747
307.04661
308.54498
308.59258
308.69291
308.76505
308.81577
308.84722
308.95311
308.99184
308.97086
308.89128
308.74922
308.60991
308.46604
308.31123
308.13667
308.0104
307.92539
307.87921
307.87394
307.83053
307.75137
307.6346
307.474
307.34432
307.23828
307.15172
307.08166
307.02595
306.983
306.95168
306.93121
306.92109
308.32633
308.37189
308.46847
308.5357
308.58072
308.60596
308.70536
308.73778
308.71106
308.62665
308.48167
308.34451
308.20856
308.06692
307.90901
307.79866
307.72738
307.69263
307.69708
307.66253
307.59199
307.48392
307.33199
307.21059
307.11212
307.0322
306.96778
306.91669
306.87737
306.84872
306.83
306.82075
308.10321
308.14155
308.2252
308.2782
308.30878
308.31859
308.39904
308.41356
308.36932
308.26253
308.07707
307.93445
307.81684
307.71655
307.63142
307.56468
307.51899
307.49807
307.50972
307.48234
307.42193
307.32787
307.19292
307.08745
307.00252
306.93356
306.87772
306.83317
306.79867
306.77341
306.75684
306.74863
307.89217
307.90036
307.914
307.92653
307.93452
307.93637
307.93181
307.91244
307.87465
307.81843
307.74777
307.67287
307.59895
307.52887
307.4643
307.40623
307.35469
307.30849
307.2646
307.21692
307.16283
307.10219
307.0374
306.97442
306.91633
306.86471
306.82025
306.78326
306.75377
306.73176
306.71714
306.70985
311.27791
311.3074
311.35956
311.41909
311.47556
311.52055
311.54461
311.53462
311.48454
311.39395
311.26808
311.11919
310.95574
310.78508
310.61628
310.46304
310.33011
310.21471
310.10614
309.98369
309.83739
309.66617
309.4781
309.29263
309.12063
308.96758
308.83597
308.72671
308.63988
308.57522
308.53236
308.51102
311.66034
311.76098
311.96162
312.13851
312.29714
312.4495
312.60153
312.65268
312.60255
312.45074
312.19683
311.9405
311.67493
311.38717
311.07074
310.84836
310.71968
310.6834
310.73374
310.68138
310.51927
310.24383
309.85453
309.53206
309.27166
309.06154
308.89283
308.75932
308.6567
308.582
308.53322
308.50913
311.91142
312.03063
312.26461
312.47971
312.67699
312.86591
313.04868
313.11672
313.06652
312.89763
312.61261
312.31906
312.01368
311.68579
311.33294
311.08707
310.95051
310.92002
310.98252
310.93274
310.75661
310.44936
310.0152
309.64856
309.35013
309.10943
308.91714
308.76604
308.65073
308.56732
308.51311
308.48642
311.96205
312.08589
312.32826
312.55394
312.76246
312.96184
313.15287
313.22559
313.17571
313.00272
312.70987
312.40601
312.08911
311.74972
311.38664
311.13302
310.99155
310.95838
311.01888
310.96563
310.78315
310.46633
310.02017
309.64075
309.33011
309.07858
308.8772
308.71883
308.59798
308.51062
308.45388
308.42595
311.81336
311.93737
312.18005
312.4062
312.61532
312.81545
313.00735
313.08106
313.03227
312.86048
312.56893
312.26647
311.95107
311.61328
311.25193
311.00014
310.86061
310.82948
310.89207
310.84097
310.66066
310.34599
309.90193
309.52454
309.21581
308.96604
308.76626
308.60927
308.48958
308.4031
308.34696
308.31933
311.4581
311.57783
311.81282
312.02942
312.22864
312.41992
312.60546
312.6766
312.62979
312.46456
312.18344
311.89408
311.5932
311.27016
310.92254
310.68231
310.55179
310.52771
310.5969
310.55398
310.38478
310.08442
309.65701
309.2969
309.00468
308.76976
308.5827
308.43615
308.32463
308.24415
308.19193
308.16625
310.8782
310.97995
311.18268
311.36245
311.52471
311.68155
311.83891
311.89595
311.85196
311.70641
311.45891
311.20934
310.95103
310.67115
310.3634
310.15073
310.03289
310.00853
310.07159
310.03236
309.88347
309.6211
309.24461
308.93468
308.6864
308.48772
308.32948
308.20518
308.11024
308.04148
307.99675
307.9747
310.11685
310.14933
310.20674
310.27125
310.33275
310.38463
310.42012
310.42198
310.38244
310.30055
310.18195
310.04098
309.88634
309.72501
309.56634
309.4263
309.31029
309.21552
309.13047
309.0317
308.90824
308.75863
308.59108
308.42685
308.27655
308.14472
308.03287
307.94106
307.86877
307.81531
307.78006
307.76255
309.63421
309.67516
309.75512
309.81954
309.86708
309.90167
309.97583
309.99991
309.97069
309.88852
309.75478
309.61286
309.46225
309.29991
309.125
308.98337
308.87483
308.7974
308.74702
308.67009
308.56287
308.42398
308.25442
308.10483
307.97601
307.86637
307.77455
307.69951
307.64044
307.59669
307.56779
307.55342
309.2748
309.31759
309.40061
309.46702
309.51579
309.55265
309.63273
309.66262
309.63767
309.55785
309.42492
309.28416
309.13515
308.97436
308.80104
308.66308
308.56083
308.49232
308.45296
308.38679
308.28941
308.15927
307.99761
307.85689
307.73781
307.63808
307.55566
307.48896
307.43683
307.3984
307.3731
307.36053
308.98451
309.02776
309.1116
309.17904
309.22907
309.26756
309.34974
309.38196
309.35939
309.2819
309.15133
309.01316
308.86708
308.70964
308.5402
308.40683
308.30995
308.24755
308.21482
308.15551
308.06496
307.94152
307.7864
307.65211
307.53932
307.44559
307.36869
307.30687
307.2588
307.22353
307.20036
307.18888
308.73633
308.7796
308.86351
308.93107
308.98133
309.02022
309.10305
309.13622
309.11495
309.0392
308.91088
308.77557
308.633
308.4797
308.31497
308.18678
308.09545
308.03886
308.01207
307.95875
307.87414
307.75652
307.60703
307.47813
307.37041
307.28134
307.20863
307.15043
307.10535
307.07236
307.05075
307.04005
308.51179
308.55453
308.63742
308.70363
308.75235
308.78965
308.87103
308.9031
308.88129
308.80585
308.67899
308.54661
308.40857
308.26122
308.10349
307.98277
307.89896
307.8497
307.82999
307.78348
307.70548
307.59423
307.45085
307.32772
307.22533
307.14109
307.0726
307.01798
306.9758
306.945
306.92486
306.9149
308.29549
308.33627
308.41557
308.47704
308.52027
308.55161
308.62678
308.65285
308.62566
308.54582
308.41656
308.2865
308.15617
308.02142
307.87947
307.77398
307.70344
307.66531
307.65511
307.61728
307.54773
307.44498
307.31006
307.19502
307.10002
307.02227
306.95931
306.90922
306.87059
306.84242
306.824
306.8149
308.07645
308.11047
308.17773
308.22571
308.25511
308.27164
308.32916
308.33854
308.2953
308.19616
308.03846
307.90509
307.79229
307.69507
307.61205
307.54615
307.49965
307.47492
307.4721
307.44148
307.3818
307.29247
307.1736
307.07376
306.99179
306.92464
306.87
306.82627
306.79235
306.76748
306.75116
306.74308
307.87262
307.88019
307.8927
307.90424
307.91147
307.9127
307.90715
307.88747
307.85023
307.79548
307.72709
307.65419
307.58191
307.51312
307.44951
307.39205
307.34078
307.29449
307.25027
307.20266
307.14915
307.0896
307.02635
306.96473
306.90777
306.85705
306.81332
306.77688
306.74782
306.72611
306.71169
306.7045
311.21993
311.24747
311.29606
311.35182
311.40464
311.44614
311.46711
311.4556
311.40583
311.31741
311.19533
311.05069
310.89175
310.72584
310.56179
310.41188
310.28063
310.16536
310.05596
309.93399
309.79006
309.62319
309.44105
309.26103
309.0936
308.94425
308.8156
308.70864
308.62355
308.56013
308.51809
308.49714
311.58252
311.67264
311.84658
312.00783
312.15435
312.29276
312.4224
312.46486
312.41505
312.27257
312.04173
311.8001
311.54745
311.27621
310.98741
310.77639
310.64809
310.60023
310.61903
310.55615
310.39699
310.1382
309.78739
309.48515
309.23627
309.03339
308.86954
308.7394
308.63915
308.56606
308.51829
308.49468
311.82278
311.93019
312.13506
312.3322
312.51519
312.68798
312.84626
312.90449
312.85461
312.69619
312.43637
312.1597
311.86944
311.56043
311.23762
311.00444
310.86832
310.82508
310.85401
310.79273
310.62
310.33135
309.93888
309.59512
309.31018
309.07809
308.8916
308.74452
308.63201
308.5505
308.49748
308.47136
311.86911
311.98093
312.19382
312.40108
312.59483
312.77764
312.94381
313.00652
312.95697
312.79466
312.52738
312.24086
311.93959
311.61958
311.28699
311.04636
310.90548
310.85956
310.88643
310.82173
310.64286
310.34504
309.9411
309.58512
309.28845
309.04594
308.85069
308.69659
308.57873
308.4934
308.43792
308.4106
311.72091
311.83288
312.04608
312.2538
312.44816
312.6317
312.79875
312.86244
312.81398
312.65287
312.38687
312.10175
311.80198
311.48357
311.15271
310.9139
310.77495
310.73106
310.76002
310.69745
310.52073
310.22504
309.8232
309.46922
309.17445
308.93369
308.74002
308.5873
308.47058
308.38612
308.33125
308.30423
311.37106
311.47898
311.68486
311.88347
312.06838
312.24352
312.40453
312.46584
312.41935
312.26457
312.00865
311.73617
311.45041
311.14624
310.82866
310.6011
310.47099
310.43412
310.4697
310.41524
310.24939
309.96757
309.5818
309.24453
308.96574
308.73938
308.55807
308.4155
308.30674
308.22813
308.17708
308.15195
310.80369
310.89488
311.07084
311.23491
311.385
311.5278
311.66269
311.71096
311.66725
311.53102
311.30662
311.07179
310.82644
310.56314
310.28304
310.08173
309.96423
309.92819
309.95959
309.90971
309.76365
309.51782
309.17975
308.88994
308.65307
308.46151
308.308
308.18696
308.0943
308.02708
307.9833
307.96171
310.06505
310.0953
310.14861
310.20904
310.26672
310.31493
310.34662
310.34645
310.30703
310.22744
310.11305
309.97671
309.82693
309.67077
309.51734
309.38087
309.26648
309.17147
309.08498
308.98623
308.86487
308.71956
308.55808
308.39927
308.25335
308.12497
308.01578
307.926
307.85522
307.80283
307.76827
307.75109
309.58802
309.62465
309.69379
309.75263
309.7976
309.83218
309.89252
309.91087
309.88093
309.80249
309.67858
309.54327
309.3986
309.24354
309.08
308.94386
308.83703
308.7576
308.69963
308.62073
308.51527
308.38198
308.22398
308.08104
307.95644
307.84972
307.76004
307.68659
307.62868
307.58576
307.55739
307.54327
309.23158
309.2698
309.34155
309.40212
309.44824
309.48498
309.55062
309.57434
309.54853
309.47258
309.34987
309.21605
309.07329
308.92014
308.75865
308.62641
308.52583
308.45506
308.4076
308.33913
308.24336
308.11885
307.96898
307.83497
307.72004
307.62309
307.54263
307.47736
307.42625
307.38854
307.36369
307.35135
308.94323
308.98188
309.0544
309.11596
309.1633
309.20163
309.26931
309.29532
309.27185
309.19824
309.07793
308.94674
308.80694
308.65717
308.49958
308.37192
308.27668
308.21193
308.17101
308.10929
308.02026
307.90239
307.75899
307.63136
307.52264
307.4316
307.35659
307.29612
307.24901
307.2144
307.19166
307.18039
308.69663
308.73531
308.8079
308.86959
308.91717
308.95591
309.02426
309.05122
309.02907
308.9572
308.83915
308.71081
308.57449
308.42883
308.27589
308.15335
308.06359
308.00456
307.9695
307.91369
307.83052
307.71839
307.58055
307.45823
307.35451
307.26808
307.19719
307.14029
307.09613
307.06378
307.04257
307.03207
308.4739
308.51206
308.58369
308.64409
308.69019
308.72743
308.79441
308.82037
308.79777
308.72628
308.60972
308.4843
308.35243
308.21258
308.06647
307.95121
307.8688
307.81696
307.78884
307.73972
307.66303
307.55716
307.42532
307.30867
307.2102
307.1285
307.06177
307.00839
306.96708
306.93688
306.91711
306.90733
308.26028
308.29659
308.36477
308.42064
308.4615
308.49304
308.55412
308.57443
308.54683
308.47139
308.35293
308.22998
308.10559
307.97774
307.84652
307.74577
307.6761
307.63505
307.61621
307.57557
307.50714
307.40954
307.28594
307.17714
307.08586
307.0105
306.94916
306.9002
306.86238
306.83475
306.81666
306.80772
308.04584
308.07587
308.1329
308.17606
308.20376
308.22123
308.26596
308.27083
308.22866
308.1367
307.99644
307.87196
307.76423
307.67032
307.58959
307.52464
307.47743
307.4493
307.43794
307.40451
307.34566
307.26085
307.15236
307.05799
306.97917
306.914
306.8607
306.81791
306.78465
306.76024
306.7442
306.73625
307.84981
307.85674
307.86809
307.87858
307.88496
307.88547
307.87896
307.85899
307.82238
307.7692
307.70317
307.63244
307.56198
307.49463
307.43211
307.37537
307.32442
307.27812
307.23366
307.18619
307.13333
307.07499
307.01336
306.95323
306.89754
306.84784
306.80492
306.76913
306.74055
306.71919
306.70499
306.69791
311.16191
311.18751
311.23252
311.28451
311.33368
311.37169
311.38956
311.37654
311.32709
311.24083
311.12253
310.98214
310.82773
310.66657
310.50726
310.3607
310.23112
310.11598
310.00576
309.88427
309.7427
309.58019
309.40398
309.22942
309.06655
308.92091
308.7952
308.69054
308.6072
308.54503
308.5038
308.48325
311.50465
311.58426
311.73156
311.87718
312.0116
312.13604
312.24335
312.27714
312.22764
312.0945
311.88666
311.65973
311.42
311.16528
310.90404
310.70437
310.57646
310.51704
310.50439
310.431
310.27479
310.03263
309.72024
309.43822
309.20087
309.00523
308.84623
308.71947
308.62158
308.55011
308.50335
308.48023
311.7341
311.8297
312.00554
312.18472
312.35342
312.51009
312.64392
312.69234
312.64279
312.49483
312.26015
312.00036
311.72523
311.43508
311.14227
310.92176
310.78608
310.7301
310.72556
310.6528
310.48347
310.21341
309.86254
309.54166
309.2702
309.04673
308.86604
308.72298
308.61328
308.53368
308.48184
308.45628
311.77613
311.87593
312.05939
312.24823
312.42722
312.59346
312.73483
312.78754
312.73832
312.58668
312.34491
312.07574
311.79009
311.48945
311.18731
310.95966
310.81936
310.76071
310.75405
310.6779
310.50265
310.22381
309.86202
309.52946
309.24677
309.01328
308.82416
308.67433
308.55947
308.47616
308.42196
308.39524
311.62839
311.72835
311.91213
312.10142
312.28101
312.44799
312.59022
312.64391
312.59577
312.44533
312.20485
311.93707
311.65291
311.35388
311.05344
310.82762
310.68924
310.63261
310.62803
310.55401
310.38088
310.10417
309.74444
309.41388
309.13307
308.90132
308.71377
308.56531
308.45157
308.36914
308.31552
308.2891
311.28398
311.38008
311.55692
311.73755
311.90816
312.06715
312.20369
312.25518
312.20899
312.06467
311.83389
311.57828
311.30765
311.02235
310.73474
310.51984
310.39015
310.34051
310.34257
310.27658
310.11408
309.8508
309.50658
309.19213
308.92677
308.70897
308.53341
308.39483
308.28884
308.2121
308.16221
308.13764
310.72913
310.80977
310.95904
311.1074
311.24532
311.37409
311.48656
311.52607
311.48263
311.35572
311.15436
310.93428
310.7019
310.45516
310.20265
310.01269
309.89553
309.84783
309.84766
309.78715
309.64391
309.41462
309.11486
308.84517
308.61972
308.43528
308.28651
308.16873
308.07834
308.01266
307.96984
307.94872
310.01321
310.04124
310.09045
310.14679
310.20066
310.2452
310.27308
310.27089
310.23158
310.1543
310.04412
309.91241
309.7675
309.6165
309.46832
309.33542
309.22263
309.1274
309.03947
308.94073
308.82148
308.68047
308.52506
308.37167
308.23014
308.1052
307.99868
307.91093
307.84166
307.79034
307.75646
307.73963
309.5418
309.57411
309.63245
309.68571
309.72811
309.76266
309.80923
309.82185
309.7912
309.71648
309.60239
309.47368
309.33495
309.18717
309.03497
308.90433
308.7992
308.71778
308.65224
308.57138
308.46768
308.33999
308.19353
308.05723
307.93685
307.83306
307.74552
307.67365
307.61692
307.57482
307.54697
307.53312
309.18834
309.222
309.28248
309.33723
309.38069
309.41728
309.46853
309.4861
309.45942
309.38733
309.27483
309.14795
309.01142
308.86592
308.71623
308.58971
308.49082
308.41778
308.36226
308.29148
308.19732
308.07845
307.94033
307.81304
307.70225
307.60809
307.5296
307.46575
307.41567
307.37868
307.35428
307.34216
308.90192
308.93598
308.9972
309.05289
309.09754
309.13567
309.1889
309.2087
309.18434
309.1146
309.00453
308.88032
308.74679
308.60471
308.45894
308.337
308.24339
308.1763
308.12721
308.06308
307.97558
307.86327
307.73157
307.61058
307.50593
307.41761
307.34448
307.28535
307.23922
307.20527
307.18295
307.17188
308.65691
308.691
308.75229
308.80812
308.85302
308.89158
308.94548
308.96625
308.94323
308.87523
308.76743
308.64605
308.51599
308.37796
308.23679
308.1199
308.0317
307.97025
307.92695
307.86864
307.78692
307.68027
307.55406
307.43832
307.3386
307.25481
307.18575
307.13015
307.08691
307.05519
307.03438
307.02407
308.43598
308.46958
308.52995
308.58455
308.62805
308.66519
308.71782
308.73766
308.71427
308.64673
308.54046
308.422
308.2963
308.16395
308.02943
307.91964
307.83862
307.7842
307.7477
307.69597
307.62061
307.52011
307.39979
307.28961
307.19505
307.11591
307.05093
306.99879
306.95835
306.92875
306.90936
306.89976
308.22506
308.25689
308.31399
308.36426
308.40274
308.43445
308.4815
308.49604
308.46803
308.39699
308.28931
308.17346
308.05501
307.93407
307.81355
307.71754
307.64875
307.60478
307.57732
307.53388
307.46656
307.37412
307.2618
307.15926
307.07168
306.99872
306.939
306.89118
306.85415
306.82706
306.80932
306.80054
308.01522
308.04125
308.08807
308.12642
308.15243
308.1708
308.20279
308.20315
308.16206
308.07727
307.9544
307.83882
307.73615
307.64556
307.5671
307.50312
307.4552
307.42366
307.40379
307.36756
307.30955
307.22925
307.13111
307.04222
306.96654
306.90336
306.8514
306.80955
306.77695
306.75299
306.73724
306.72942
307.82699
307.83327
307.84347
307.8529
307.85843
307.85823
307.85075
307.8305
307.7945
307.7429
307.67923
307.61068
307.54203
307.47613
307.4147
307.35867
307.30806
307.26173
307.21703
307.1697
307.1175
307.06036
307.00035
306.94173
306.88729
306.83862
306.79652
306.76136
306.73327
306.71226
306.69829
306.69132
311.09703
311.1207
311.16225
311.21042
311.25581
311.29025
311.30513
311.29062
311.24153
311.15749
311.04297
310.907
310.75734
310.60114
310.44662
310.30357
310.17592
310.06128
309.9508
309.83016
309.69124
309.53325
309.36295
309.19404
309.03604
308.89441
308.77193
308.66981
308.58839
308.52762
308.48728
308.46718
311.41957
311.4904
311.61942
311.75115
311.87393
311.98584
312.07765
312.10419
312.05506
311.92989
311.73833
311.52477
311.2976
311.0578
310.81593
310.62613
310.49908
310.43106
310.3996
310.31866
310.16571
309.93789
309.65191
309.38773
309.16175
308.97363
308.81982
308.69672
308.60144
308.53175
308.48612
308.46354
311.63736
311.72295
311.87829
312.04128
312.19615
312.33813
312.45448
312.49457
312.44538
312.3065
312.09009
311.84585
311.5855
311.31261
311.04144
310.83209
310.69737
310.63178
310.60676
310.52563
310.36006
310.10622
309.78468
309.48427
309.22617
309.01165
308.83717
308.69848
308.59185
308.51435
308.46383
308.4389
311.67466
311.76423
311.9268
312.09897
312.26362
312.41471
312.53822
312.5824
312.53354
312.3912
312.16808
311.91495
311.64462
311.36176
311.08173
310.86558
310.7264
310.65816
310.631
310.54654
310.37528
310.11309
309.78118
309.46967
309.20086
308.97678
308.79421
308.64903
308.53745
308.45639
308.40358
308.37755
311.52747
311.6172
311.78007
311.95269
312.11794
312.26975
312.39413
312.43928
312.39151
312.25035
312.02852
311.77678
311.50794
311.22668
310.94836
310.73402
310.59675
310.53052
310.50542
310.42307
310.25393
309.99384
309.66399
309.35445
309.08751
308.86515
308.68414
308.54031
308.42984
308.34964
308.29742
308.27168
311.18906
311.27515
311.43147
311.5959
311.75265
311.89693
312.01597
312.0591
312.01327
311.87801
311.66549
311.42543
311.16958
310.90152
310.63555
310.43179
310.30303
310.24373
310.22527
310.15085
309.99205
309.74494
309.42999
309.13595
308.88389
308.67499
308.50558
308.37131
308.26836
308.19368
308.14509
308.12114
310.64781
310.71964
310.85056
310.98497
311.11119
311.22735
311.32422
311.3564
311.31327
311.19434
311.00928
310.80261
310.58283
310.35104
310.11795
309.93784
309.82148
309.76508
309.74597
309.67777
309.53766
309.32258
309.04912
308.79716
308.58294
308.40589
308.26217
308.14794
308.06003
307.99605
307.9543
307.93369
309.95544
309.98129
310.02661
310.07884
310.12876
310.16952
310.19382
310.18967
310.15053
310.07556
309.9695
309.84255
309.70271
309.55704
309.41405
309.28485
309.17391
309.07882
308.99009
308.89174
308.77483
308.63821
308.48874
308.34089
308.20399
308.08276
307.97914
307.89363
307.82603
307.7759
307.74278
307.72632
309.49069
309.5194
309.57037
309.61862
309.65798
309.69021
309.72811
309.73613
309.70491
309.63341
309.52639
309.40382
309.27097
309.12999
308.98625
308.86065
308.75744
308.67494
308.60535
308.52343
308.42168
308.29907
308.16104
308.03087
307.91477
307.81409
307.72886
307.65874
307.60329
307.56211
307.53485
307.52128
309.14067
309.17051
309.22327
309.27278
309.3131
309.34724
309.38934
309.40192
309.37452
309.30576
309.20065
309.0802
308.94982
308.81144
308.67059
308.5493
308.45229
308.37791
308.31791
308.24574
308.15336
308.03956
307.90999
307.78883
307.68221
307.59098
307.51461
307.45232
307.40338
307.36718
307.34329
307.33142
308.85645
308.88667
308.94012
308.99053
309.03201
309.06764
309.11166
309.12641
309.10132
309.0349
308.93226
308.8145
308.68717
308.55223
308.41532
308.29859
308.20682
308.1383
308.08462
308.01899
307.93317
307.82585
307.70263
307.58769
307.48713
307.40164
307.33054
307.27289
307.22782
307.19461
307.17276
307.16191
308.61323
308.64348
308.697
308.74757
308.78931
308.82539
308.87009
308.88583
308.86208
308.79742
308.69704
308.58211
308.4582
308.32727
308.1949
308.08316
307.99671
307.93374
307.88575
307.82586
307.74573
307.64398
307.52617
307.41639
307.32069
307.23967
307.17258
307.11839
307.07617
307.04515
307.02478
307.01468
308.39433
308.42411
308.47677
308.52617
308.56659
308.60134
308.64486
308.65977
308.63574
308.57161
308.4728
308.36076
308.24114
308.11575
307.98983
307.88499
307.80553
307.74944
307.7081
307.65464
307.58074
307.48502
307.37298
307.26865
307.17799
307.10153
307.03844
306.98764
306.94817
306.91923
306.90025
306.89086
308.18639
308.2145
308.26406
308.30935
308.345
308.37461
308.41288
308.42284
308.39457
308.32737
308.22756
308.11826
308.00563
307.89105
307.77831
307.68653
307.61878
307.57275
307.5402
307.4948
307.42873
307.34083
307.23653
307.1396
307.05572
306.98525
306.92727
306.88069
306.84453
306.81804
306.80067
306.79208
307.98153
308.0043
308.04439
308.07855
308.10243
308.1195
308.1439
308.14089
308.10091
308.02212
307.91087
307.803
307.70527
307.61807
307.54194
307.47903
307.43064
307.39654
307.37156
307.33333
307.27625
307.19986
307.10887
307.02483
306.95225
306.89114
306.84062
306.79979
306.76791
306.74445
306.72902
306.72136
307.80123
307.80689
307.816
307.82437
307.829
307.82802
307.81971
307.79924
307.76392
307.7139
307.65252
307.5862
307.51947
307.45512
307.39488
307.33965
307.28947
307.24323
307.19845
307.15137
307.09991
307.04402
306.98564
306.92857
306.87547
306.82791
306.78671
306.75226
306.72471
306.70409
306.69037
306.68352
311.03211
311.05386
311.09195
311.13629
311.1779
311.20879
311.22066
311.20467
311.15594
311.07412
310.96338
310.83183
310.68692
310.53567
310.38595
310.24641
310.12069
310.00654
309.89582
309.77603
309.63975
309.48628
309.32191
309.15864
309.00551
308.8679
308.74865
308.64906
308.56958
308.5102
308.47076
308.45109
311.33445
311.39651
311.50729
311.62514
311.7363
311.83568
311.91202
311.93131
311.88254
311.76534
311.59003
311.38984
311.17522
310.95033
310.72781
310.54787
310.42167
310.34506
310.29486
310.20639
310.0567
309.84319
309.58357
309.33723
309.12262
308.94202
308.79339
308.67397
308.58128
308.51338
308.46887
308.44683
311.54058
311.61618
311.75106
311.89787
312.03891
312.16621
312.2651
312.29687
312.24805
312.11824
311.92007
311.69137
311.4458
311.19014
310.94058
310.74239
310.60863
310.53344
310.48801
310.39852
310.23671
309.99907
309.70681
309.42685
309.18211
308.97656
308.80827
308.67396
308.57041
308.49501
308.4458
308.42151
311.57316
311.65251
311.79421
311.94972
312.10004
312.23598
312.34167
312.37732
312.32884
312.19577
311.99129
311.75419
311.49918
311.23409
310.97613
310.77146
310.63341
310.55559
310.50799
310.41524
310.24797
310.00241
309.70034
309.40986
309.15493
308.94026
308.76425
308.62372
308.51542
308.4366
308.3852
308.35984
311.42651
311.50601
311.64802
311.80397
311.95489
312.09155
312.19809
312.23471
312.18731
312.05543
311.85223
311.61651
311.36299
311.09949
310.84324
310.64038
310.50424
310.42841
310.38286
310.2922
310.12704
309.88356
309.58353
309.295
309.04193
308.82896
308.6545
308.5153
308.4081
308.33014
308.27931
308.25424
311.09411
311.17019
311.30603
311.45427
311.59716
311.72674
311.82831
311.8631
311.81761
311.69141
311.49713
311.27261
311.03153
310.7807
310.53633
310.3437
310.21588
310.14694
310.10802
310.02519
309.87009
309.63912
309.3534
309.07975
308.84099
308.64099
308.47773
308.34778
308.24786
308.17526
308.12795
308.10462
310.56646
310.62949
310.74211
310.86257
310.97709
311.08064
311.16195
311.18681
311.14399
311.03302
310.86423
310.67097
310.46379
310.24695
310.03322
309.86296
309.7474
309.68232
309.64433
309.56845
309.43146
309.23058
308.98337
308.74913
308.54614
308.37647
308.23781
308.12712
308.04171
307.97943
307.93875
307.91865
309.89763
309.92131
309.96274
310.01085
310.05684
310.09382
310.11452
310.10842
310.06945
309.99679
309.89486
309.77266
309.63789
309.49754
309.35975
309.23425
309.12517
309.03022
308.94068
308.84273
308.72816
308.59594
308.45239
308.31009
308.17783
308.0603
307.95959
307.87631
307.81038
307.76144
307.72909
307.71299
309.43956
309.46466
309.50828
309.55153
309.58785
309.61774
309.64701
309.65042
309.61864
309.55036
309.4504
309.33395
309.20699
309.0728
308.93751
308.81695
308.71567
308.63209
308.55845
308.47547
308.37569
308.25816
308.12854
308.00449
307.89268
307.79511
307.7122
307.64381
307.58965
307.54939
307.52272
307.50944
309.09298
309.119
309.16405
309.20833
309.24552
309.27719
309.31016
309.31775
309.28965
309.22421
309.12648
309.01244
308.88823
308.75695
308.62493
308.50886
308.41374
308.33803
308.27355
308.2
308.10941
308.00068
307.87965
307.76461
307.66217
307.57387
307.49962
307.43889
307.39108
307.35567
307.33229
307.32066
308.81096
308.83734
308.88303
308.92818
308.96648
308.99961
309.03443
309.04415
309.01831
308.95523
308.85999
308.74869
308.62754
308.49975
308.37168
308.26017
308.17023
308.10029
308.04202
307.9749
307.89077
307.78843
307.67368
307.56479
307.46831
307.38567
307.3166
307.26042
307.21641
307.18394
307.16256
307.15194
308.56953
308.59594
308.64172
308.68703
308.7256
308.75919
308.79471
308.80544
308.78095
308.71964
308.62666
308.51817
308.40042
308.27659
308.153
308.0464
307.9617
307.89723
307.84456
307.78308
307.70455
307.60771
307.49827
307.39446
307.30277
307.22452
307.15939
307.10662
307.06541
307.0351
307.01517
307.00529
308.35266
308.37863
308.42359
308.4678
308.50513
308.53748
308.57192
308.58191
308.55723
308.49651
308.40515
308.29953
308.18599
308.06754
307.95022
307.85032
307.77243
307.71466
307.6685
307.61332
307.54089
307.44994
307.34615
307.24768
307.16093
307.08714
307.02593
306.97649
306.93798
306.9097
306.89114
306.88194
308.14771
308.1721
308.21413
308.25445
308.28727
308.31476
308.34428
308.34967
308.32114
308.25778
308.16583
308.06306
307.95626
307.84803
307.74305
307.65551
307.58878
307.54072
307.50308
307.45574
307.39092
307.30755
307.21125
307.11994
307.03975
306.97178
306.91554
306.87019
306.8349
306.80901
306.79202
306.7836
307.94783
307.96733
308.00071
308.03067
308.05245
308.06819
308.08503
308.07865
308.03978
307.96698
307.86733
307.76718
307.67438
307.59056
307.51676
307.45492
307.40608
307.36941
307.33934
307.29911
307.24296
307.17048
307.08662
307.00743
306.93795
306.87891
306.82983
306.79002
306.75887
306.73591
306.72079
306.71329
307.77546
307.78049
307.78851
307.79582
307.79956
307.7978
307.78866
307.76797
307.73331
307.68489
307.62581
307.56171
307.49689
307.4341
307.37505
307.32063
307.27087
307.22471
307.17987
307.13303
307.08231
307.02767
306.97092
306.9154
306.86365
306.8172
306.7769
306.74315
306.71614
306.69591
306.68244
306.67571
310.96124
310.98116
311.016
311.05661
311.09447
311.12187
311.13092
311.11355
311.06521
310.98559
310.87853
310.75142
310.61133
310.46508
310.32008
310.18415
310.06062
309.94739
309.83704
309.71853
309.58512
309.43622
309.27761
309.12002
308.97191
308.83852
308.72271
308.62585
308.54845
308.49058
308.45213
308.43294
311.24379
311.29885
311.39645
311.50243
311.60299
311.69154
311.75657
311.77009
311.72171
311.6111
311.44796
311.25954
311.05656
310.84469
310.63664
310.46509
310.34029
310.25803
310.19671
310.10356
309.95739
309.75587
309.51545
309.28438
309.08051
308.90744
308.76418
308.64863
308.55872
308.49275
308.44945
308.42801
311.43774
311.50521
311.62493
311.75772
311.88603
312.00046
312.08627
312.11127
312.06286
311.94064
311.75643
311.54156
311.30979
311.06937
310.83631
310.64772
310.51552
310.43388
310.37607
310.28129
310.12355
309.89963
309.62917
309.36692
309.13487
308.9383
308.77643
308.64672
308.54647
308.47333
308.42554
308.40193
311.46526
311.53626
311.66241
311.80339
311.94048
312.06307
312.1553
312.18398
312.1359
312.01065
311.82053
311.59775
311.35709
311.10777
310.86681
310.67209
310.53578
310.45156
310.39158
310.29363
310.13068
309.89927
309.61957
309.34738
309.1057
308.90047
308.73126
308.59563
308.49084
308.41444
308.36455
308.33993
311.31921
311.39036
311.51681
311.65824
311.79591
311.91923
312.0123
312.04194
311.99494
311.87087
311.68203
311.46063
311.22145
310.97373
310.73447
310.54155
310.40713
310.32489
310.26695
310.17107
310.01021
309.78087
309.50318
309.23294
308.99309
308.78954
308.62185
308.48755
308.38384
308.30829
308.25897
308.23463
310.99329
311.06124
311.18192
311.31611
311.44626
311.56294
311.65139
311.67939
311.63429
311.51567
311.33535
311.12465
310.89737
310.66177
310.43389
310.25084
310.12454
310.04911
309.99775
309.90957
309.75848
309.54117
309.27718
309.02117
308.79503
308.60395
308.44704
308.32165
308.22497
308.15459
308.10868
308.08602
310.48002
310.536
310.63538
310.74391
310.84777
310.94041
311.01032
311.02932
310.98685
310.88245
310.72584
310.54438
310.34887
310.1451
309.94585
309.78397
309.66973
309.59889
309.54964
309.46893
309.33532
309.14629
308.91815
308.69903
308.50664
308.34434
308.2109
308.10395
308.0212
307.96076
307.92122
307.90168
309.83475
309.85641
309.89427
309.9384
309.98048
310.01376
310.03117
310.02329
309.98453
309.91412
309.81612
309.69862
309.56895
309.43388
309.30113
309.17936
309.07235
308.978
308.88834
308.79121
308.67919
308.55134
308.41344
308.27662
308.14908
308.03542
307.93779
307.8569
307.79278
307.74513
307.7136
307.69792
309.38439
309.4066
309.44492
309.4838
309.51688
309.54373
309.56712
309.56701
309.53484
309.46927
309.37475
309.26382
309.14245
309.01443
308.88588
308.76987
308.67069
308.58692
308.51139
308.42823
308.33057
308.21759
308.09455
307.97601
307.8684
307.77402
307.69355
307.62703
307.57426
307.53498
307.50895
307.49598
309.04171
309.06468
309.10415
309.14389
309.17777
309.20625
309.23298
309.23673
309.2081
309.14544
309.05338
308.94509
308.82669
308.70185
308.57683
308.46547
308.3724
308.29626
308.22954
308.1555
308.06684
307.96258
307.84814
307.73855
307.64016
307.55484
307.48282
307.42374
307.37715
307.34261
307.31978
307.30842
308.76215
308.78545
308.82553
308.8661
308.90105
308.93095
308.95947
308.9653
308.93892
308.87862
308.78906
308.68354
308.56824
308.44689
308.32584
308.219
308.13107
308.0606
307.99998
307.93225
307.84994
307.75198
307.64373
307.54019
307.44767
307.3679
307.30096
307.24635
307.20348
307.17181
307.15093
307.14056
308.52269
308.54603
308.5862
308.62694
308.66219
308.69256
308.72181
308.72865
308.70363
308.64511
308.55781
308.45508
308.34315
308.22571
308.10908
308.00707
307.92428
307.85919
307.80407
307.74188
307.66508
307.57251
307.46948
307.37095
307.28311
307.20767
307.14459
307.09332
307.0532
307.02365
307.0042
306.99455
308.30805
308.33097
308.37038
308.41009
308.44418
308.47341
308.50167
308.50788
308.48276
308.42489
308.33925
308.23937
308.13154
308.01935
307.90878
307.81327
307.7371
307.67853
307.62975
307.57371
307.50286
307.41605
307.31855
307.22523
307.14222
307.07113
307.01189
306.96387
306.92639
306.89883
306.88072
306.87174
308.10634
308.12778
308.16443
308.20048
308.23032
308.25498
308.27865
308.28062
308.25201
308.19189
308.10597
308.00901
307.90767
307.80512
307.70615
307.62231
307.55677
307.50753
307.46698
307.41855
307.35507
307.27559
307.18532
307.09889
307.02223
306.95677
306.90233
306.85829
306.82394
306.79869
306.78211
306.77389
307.9117
307.92866
307.95738
307.98382
308.00333
308.01704
308.02911
308.02038
307.98261
307.91464
307.82316
307.72948
307.64128
307.56077
307.48928
307.42863
307.37963
307.34125
307.30817
307.26672
307.21158
307.1424
307.06376
306.98873
306.92221
306.86524
306.81764
306.77892
306.74855
306.72613
306.71135
306.70401
307.74709
307.75154
307.75857
307.76485
307.76768
307.76515
307.7553
307.73448
307.70053
307.65366
307.59674
307.53483
307.47197
307.41081
307.35302
307.2995
307.25026
307.20433
307.15959
307.11311
307.06321
307.00983
306.95468
306.90073
306.85037
306.80509
306.76574
306.73276
306.70633
306.68652
306.67332
306.66674
310.89033
310.90843
310.94003
310.9769
311.01101
311.03492
311.04116
311.0224
310.97446
310.89703
310.79366
310.67098
310.53573
310.39446
310.2542
310.12187
310.00052
309.88822
309.77824
309.66101
309.53048
309.38615
309.23329
309.08138
308.93829
308.80912
308.69676
308.60263
308.52732
308.47096
308.43349
308.41478
311.15311
311.20117
311.28562
311.37974
311.46971
311.54744
311.60118
311.60892
311.56094
311.45692
311.30592
311.12925
310.93791
310.73907
310.54547
310.3823
310.25888
310.17098
310.09859
310.00077
309.85813
309.66858
309.44734
309.23152
309.03838
308.87284
308.73495
308.62328
308.53615
308.47211
308.43003
308.40917
311.33487
311.39422
311.49882
311.61758
311.73318
311.83475
311.90748
311.92573
311.87772
311.76308
311.59283
311.39177
311.17379
310.9486
310.73203
310.55304
310.42239
310.33432
310.26417
310.16412
310.01044
309.80023
309.55154
309.30698
309.08762
308.90002
308.74457
308.61948
308.52251
308.45163
308.40527
308.38235
311.35732
311.41998
311.5306
311.65708
311.78093
311.8902
311.96898
311.99069
311.94303
311.82558
311.6498
311.44133
311.21501
310.98147
310.75747
310.5727
310.43812
310.34752
310.27521
310.17207
310.01344
309.79618
309.5388
309.2849
309.05645
308.86066
308.69825
308.56753
308.46624
308.39226
308.34389
308.32
311.21188
311.27469
311.3856
311.51252
311.63696
311.74693
311.82655
311.84923
311.80264
311.68636
311.51185
311.30477
311.07993
310.84797
310.62567
310.44268
310.30999
310.22136
310.15107
310.04999
309.89343
309.67821
309.42284
309.17086
308.94423
308.75011
308.5892
308.45978
308.35958
308.28642
308.23862
308.21501
310.89245
310.95228
311.05781
311.17796
311.29537
311.39917
311.47453
311.49575
311.45103
311.33999
311.1736
310.97671
310.76322
310.54284
310.33143
310.15796
310.03318
309.95128
309.88752
309.79401
309.64692
309.44325
309.20096
308.96258
308.74907
308.5669
308.41634
308.29551
308.20207
308.13392
308.0894
308.06742
310.39354
310.44249
310.52867
310.62528
310.71847
310.80021
310.85874
310.87189
310.82977
310.73194
310.58749
310.41781
310.23398
310.04325
309.85848
309.70495
309.59205
309.51545
309.45498
309.36945
309.23923
309.06202
308.85293
308.64892
308.46712
308.3122
308.18397
308.08076
308.00068
307.94207
307.90369
307.8847
309.77185
309.79148
309.82577
309.86592
309.9041
309.93368
309.94781
309.93815
309.8996
309.83143
309.73736
309.62457
309.49999
309.37021
309.24248
309.12445
309.01952
308.92576
308.83598
308.73969
308.63021
308.50673
308.37447
308.24313
308.12032
308.01053
307.91598
307.83749
307.77517
307.7288
307.69811
307.68283
309.3292
309.34852
309.38154
309.41606
309.44592
309.4697
309.48725
309.48361
309.45105
309.3882
309.2991
309.19368
309.0779
308.95604
308.83423
308.72277
308.6257
308.54173
308.46433
308.381
308.28546
308.17701
308.06055
307.94753
307.84412
307.75293
307.67489
307.61023
307.55885
307.52057
307.49518
307.48252
308.99042
309.01034
309.04426
309.07946
309.11002
309.13531
309.15581
309.15572
309.12657
309.0667
308.98028
308.87774
308.76516
308.64674
308.52873
308.42206
308.33105
308.25449
308.18553
308.11101
308.02427
307.92448
307.81663
307.71248
307.61814
307.53581
307.46601
307.40859
307.36322
307.32954
307.30726
307.29617
308.71332
308.73354
308.76803
308.80402
308.83562
308.86228
308.88453
308.88647
308.85954
308.80202
308.71813
308.61839
308.50893
308.39402
308.27999
308.17782
308.09189
308.02091
307.95794
307.88961
307.80912
307.71553
307.61377
307.51559
307.42701
307.35013
307.28531
307.23226
307.19053
307.15966
307.13929
307.12917
308.47583
308.4961
308.53069
308.56686
308.59878
308.62593
308.64891
308.65188
308.62633
308.57059
308.48897
308.392
308.28588
308.17483
308.06515
307.96773
307.88685
307.82115
307.76358
307.70069
307.62561
307.53732
307.44069
307.34742
307.26345
307.19081
307.12978
307.08002
307.04099
307.01219
306.99322
306.98381
308.26342
308.2833
308.31717
308.35239
308.38323
308.40933
308.43143
308.43387
308.4083
308.3533
308.27335
308.17922
308.0771
307.97115
307.86733
307.77621
307.70176
307.6424
307.591
307.53411
307.46485
307.38218
307.29094
307.20276
307.1235
307.05512
306.99784
306.95125
306.9148
306.88795
306.87029
306.86153
308.06495
308.08345
308.11474
308.14652
308.17337
308.19521
308.21304
308.21159
308.1829
308.12601
308.04612
307.95496
307.85908
307.76221
307.66924
307.5891
307.52475
307.47433
307.43089
307.38136
307.31924
307.24364
307.15937
307.07784
307.0047
306.94175
306.88912
306.84638
306.81297
306.78837
306.77219
306.76417
307.87556
307.88999
307.91405
307.93697
307.95422
307.9659
307.9732
307.96214
307.92546
307.8623
307.77899
307.69177
307.60816
307.53096
307.46179
307.40232
307.35318
307.31308
307.27699
307.23433
307.18022
307.11432
307.0409
306.97003
306.90645
306.85156
306.80546
306.76781
306.73822
306.71634
306.70191
306.69473
307.71871
307.72258
307.72861
307.73386
307.73579
307.73247
307.72193
307.70098
307.66773
307.62241
307.56765
307.50794
307.44703
307.3875
307.33098
307.27835
307.22964
307.18393
307.1393
307.0932
307.0441
306.992
306.93843
306.88605
306.83708
306.79297
306.75458
306.72235
306.69651
306.67712
306.6642
306.65775
310.81433
310.83075
310.85935
310.89267
310.92316
310.94375
310.94738
310.92738
310.87987
310.80457
310.70473
310.58642
310.45595
310.31961
310.18397
310.05529
309.93636
309.82541
309.71639
309.60086
309.4734
309.33361
309.18631
309.03999
308.90197
308.77715
308.66838
308.57713
308.50404
308.44929
308.41286
308.39468
311.05823
311.10077
311.17532
311.25948
311.34008
311.40861
311.45377
311.45699
311.40944
311.31082
311.16934
311.00289
310.82206
310.63449
310.45226
310.2963
310.17479
310.0837
310.00506
309.90492
309.76602
309.5865
309.37996
309.17711
308.99389
308.8357
308.70324
308.59558
308.51137
308.44936
308.40857
308.38834
311.22752
311.28036
311.37334
311.48016
311.58442
311.67492
311.7375
311.75033
311.70276
311.59444
311.43529
311.24635
311.0409
310.82901
310.62563
310.45495
310.32645
310.23463
310.15733
310.05457
309.9052
309.7066
309.47486
309.24549
309.0379
308.85908
308.71011
308.58978
308.49625
308.42776
308.3829
308.36072
311.24465
311.30059
311.39921
311.51325
311.62526
311.72298
311.79124
311.80735
311.76013
311.6492
311.48492
311.28907
311.07582
310.85613
310.64579
310.46969
310.33745
310.24319
310.16377
310.05804
309.90398
309.69876
309.4589
309.22078
309.00466
308.81812
308.66257
308.53692
308.43931
308.36788
308.32112
308.29801
311.09986
311.15595
311.25486
311.36935
311.48193
311.58036
311.64945
311.66651
311.62036
311.5106
311.34759
311.15312
310.94134
310.72323
310.51458
310.34026
310.2099
310.11758
310.04017
309.93649
309.78448
309.58129
309.3434
309.10718
308.89285
308.70797
308.55391
308.42955
308.333
308.26239
308.21619
308.19336
310.78732
310.84063
310.93454
311.04272
311.14877
311.24148
311.30665
311.32244
311.27814
311.17339
311.01811
310.83333
310.63236
310.42527
310.22703
310.06185
309.93918
309.85347
309.78252
309.68623
309.54338
309.35125
309.12584
308.90257
308.70076
308.52729
308.38315
308.26702
308.17697
308.11117
308.06813
308.04686
310.30327
310.34667
310.4229
310.50948
310.59324
310.66572
310.71558
310.72413
310.68238
310.58994
310.45502
310.29558
310.12228
309.94285
309.76944
309.62309
309.51202
309.43212
309.36526
309.27725
309.1506
308.98328
308.78872
308.59753
308.42548
308.27774
308.15478
308.05543
307.97813
307.92146
307.8843
307.86591
309.70469
309.72248
309.75354
309.78996
309.82438
309.85044
309.86161
309.85038
309.81209
309.74606
309.65568
309.54745
309.42786
309.30321
309.1803
309.06598
308.96334
308.87062
308.78137
308.68634
308.57958
308.46036
308.33343
308.2074
308.08931
307.98347
307.89212
307.81614
307.75572
307.71073
307.68092
307.66607
309.27069
309.28772
309.31673
309.34746
309.37415
309.3948
309.4081
309.40181
309.36904
309.30849
309.22377
309.12328
309.01269
308.8964
308.78023
308.67292
308.57812
308.49469
308.4168
308.33401
308.24074
308.13638
308.02535
307.91727
307.81791
307.72993
307.65441
307.59169
307.54179
307.50456
307.47985
307.46753
308.93625
308.95376
308.98349
309.01479
309.0421
309.06415
309.08014
309.07714
309.04766
308.99013
308.90824
308.8108
308.70357
308.5909
308.47873
308.37628
308.28748
308.21125
308.1415
308.06724
307.98257
307.88673
307.78422
307.6849
307.5944
307.51505
307.44753
307.39184
307.34776
307.31499
307.29329
307.28249
308.66183
308.67963
308.70989
308.74195
308.77027
308.79365
308.81134
308.81033
308.78304
308.72786
308.64852
308.5539
308.44981
308.34067
308.23246
308.13449
308.0507
307.97996
307.91607
307.84788
307.76934
307.67959
307.58308
307.48961
307.40477
307.33074
307.26809
307.21667
307.17614
307.14612
307.12629
307.11643
308.42649
308.44434
308.47472
308.50697
308.53562
308.55952
308.57795
308.57799
308.55209
308.4987
308.42161
308.32975
308.22896
308.12362
308.01969
307.92638
307.84755
307.78198
307.7234
307.66054
307.58729
307.50275
307.41126
307.32261
307.24229
307.17241
307.11348
307.06527
307.02739
306.99939
306.98094
306.97177
308.21649
308.23397
308.26368
308.29506
308.32272
308.34566
308.36332
308.36292
308.3371
308.28451
308.20913
308.12006
308.02319
307.92278
307.82452
307.7373
307.66469
307.60528
307.5527
307.49568
307.42809
307.34902
307.26279
307.1791
307.10336
307.03764
306.98235
306.93725
306.90188
306.87579
306.85861
306.85008
308.02147
308.03766
308.06497
308.09313
308.11707
308.13604
308.14976
308.14581
308.11721
308.06305
307.98797
307.90188
307.81098
307.71915
307.63106
307.55418
307.49117
307.4403
307.39538
307.34547
307.28478
307.21252
307.13298
307.05568
306.98583
306.92534
306.87454
306.83315
306.80072
306.77681
306.76107
306.75326
307.83747
307.84996
307.87066
307.89065
307.90569
307.91529
307.91941
307.90679
307.87116
307.81185
307.73457
307.65272
307.57329
307.49924
307.43234
307.37415
307.32518
307.2841
307.24634
307.20311
307.15008
307.08697
307.01757
306.95026
306.88941
306.83656
306.79196
306.75543
306.72667
306.70536
306.69129
306.68429
307.68803
307.69137
307.69652
307.7008
307.70186
307.69779
307.68667
307.66569
307.63315
307.5893
307.53658
307.47899
307.42002
307.36215
307.30696
307.2553
307.20722
307.16188
307.11752
307.07191
307.02368
306.97285
306.92082
306.87
306.82243
306.77953
306.74214
306.71072
306.6855
306.66656
306.65394
306.64763
310.73831
310.75304
310.77865
310.80841
310.83529
310.85255
310.85359
310.83234
310.78527
310.71209
310.61579
310.50183
310.37616
310.24474
310.11372
309.98869
309.87217
309.76258
309.65453
309.5407
309.41631
309.28107
309.13932
308.99859
308.86565
308.74517
308.64
308.55162
308.48075
308.42761
308.39223
308.37456
310.96332
311.00035
311.06504
311.13923
311.21046
311.26981
311.3064
311.30509
311.25798
311.16477
311.03279
310.87655
310.70623
310.52992
310.35905
310.21028
310.09069
309.99642
309.91155
309.8091
309.67395
309.50445
309.31259
309.12269
308.9494
308.79855
308.67152
308.56786
308.48657
308.4266
308.3871
308.36751
311.12014
311.16649
311.24787
311.34276
311.43568
311.51512
311.56756
311.57499
311.52786
311.42584
311.27779
311.10096
310.90803
310.70943
310.51922
310.35686
310.2305
310.13494
310.05052
309.94507
309.8
309.61299
309.39818
309.184
308.98818
308.81813
308.67563
308.56007
308.46998
308.40388
308.36053
308.33908
311.13195
311.18118
311.26781
311.36944
311.4696
311.5558
311.61355
311.62405
311.57728
311.47287
311.32007
311.13683
310.93665
310.73079
310.5341
310.36666
310.23677
310.13885
310.05235
309.94405
309.79457
309.60138
309.379
309.15665
308.95285
308.77556
308.62689
308.5063
308.41236
308.34348
308.29834
308.27601
310.98782
311.0372
311.12412
311.22619
311.32692
311.41381
311.47239
311.48384
311.43814
311.33489
311.18335
311.00149
310.80277
310.5985
310.40348
310.23781
310.10979
310.0138
309.9293
309.82302
309.67557
309.48439
309.26397
309.0435
308.84147
308.66582
308.51861
308.3993
308.30641
308.23834
308.19375
308.1717
310.68216
310.72898
310.81127
310.9075
311.00219
311.08381
311.13882
311.14918
311.10531
311.00684
310.86265
310.68997
310.50151
310.30771
310.12262
309.96573
309.84516
309.75567
309.67754
309.5785
309.43988
309.25927
309.05072
308.84256
308.65245
308.48768
308.34995
308.23852
308.15186
308.08841
308.04685
308.0263
310.21298
310.25084
310.31715
310.3937
310.46804
310.53125
310.57246
310.57641
310.53504
310.44799
310.32257
310.17337
310.0106
309.84245
309.6804
309.54122
309.43199
309.34879
309.27556
309.18507
309.06202
308.90456
308.72452
308.54613
308.38383
308.24327
308.12558
308.03008
307.95557
307.90084
307.8649
307.8471
309.6375
309.65347
309.6813
309.71398
309.74465
309.76719
309.77541
309.7626
309.72456
309.66068
309.574
309.47031
309.35571
309.2362
309.1181
309.0075
308.90715
308.81548
308.72674
308.63299
308.52894
308.41399
308.29239
308.17167
308.05829
307.9564
307.86824
307.79478
307.73627
307.69265
307.66372
307.64931
309.21215
309.2269
309.25191
309.27886
309.30237
309.31989
309.32897
309.32001
309.28704
309.2288
309.14845
309.05288
308.94749
308.83676
308.72622
308.62305
308.53052
308.44763
308.36927
308.28703
308.19603
308.09575
307.99014
307.88702
307.7917
307.70692
307.63391
307.57315
307.52472
307.48855
307.46452
307.45253
308.88207
308.89718
308.92272
308.95011
308.97418
308.99299
309.00447
308.99857
308.96877
308.91357
308.83621
308.74386
308.64199
308.53507
308.42872
308.33049
308.24391
308.168
308.09748
308.02348
307.94086
307.84899
307.75181
307.65731
307.57066
307.49428
307.42903
307.37508
307.33228
307.30043
307.27932
307.26881
308.61033
308.62571
308.65176
308.67988
308.70493
308.72503
308.73816
308.73421
308.70657
308.65372
308.57892
308.4894
308.3907
308.28731
308.18492
308.09114
308.0095
307.93899
307.87421
307.80616
307.72955
307.64366
307.55238
307.46363
307.38252
307.31135
307.25086
307.20108
307.16175
307.13257
307.11328
307.10368
308.37714
308.39257
308.41874
308.44708
308.47247
308.4931
308.507
308.50411
308.47787
308.42682
308.35427
308.2675
308.17205
308.07241
307.97423
307.88502
307.80825
307.74281
307.68322
307.62039
307.54898
307.46818
307.38183
307.2978
307.22111
307.15401
307.09716
307.05052
307.01378
306.98659
306.96865
306.95973
308.16954
308.18464
308.2102
308.23772
308.26222
308.282
308.29522
308.29199
308.26592
308.21573
308.14491
308.0609
307.96928
307.87441
307.78171
307.69838
307.62762
307.56815
307.51439
307.45725
307.39135
307.31587
307.23464
307.15543
307.08321
307.02016
306.96686
306.92324
306.88895
306.86362
306.84692
306.83862
307.97798
307.99187
308.0152
308.03974
308.06078
308.07688
308.0865
308.08005
308.05153
308.0001
307.92982
307.84881
307.76289
307.67608
307.59288
307.51926
307.45757
307.40627
307.35987
307.30958
307.25032
307.1814
307.10659
307.03351
306.96695
306.90892
306.85996
306.81992
306.78847
306.76524
306.74993
306.74233
307.79937
307.80992
307.82727
307.84433
307.85717
307.86467
307.86562
307.85146
307.81687
307.76142
307.69015
307.61366
307.5384
307.46751
307.40288
307.34597
307.29716
307.25511
307.21568
307.1719
307.11996
307.05962
306.99424
306.93049
306.87237
306.82155
306.77846
306.74306
306.7151
306.69437
306.68067
306.67385
307.65733
307.66016
307.66441
307.66773
307.66791
307.66309
307.6514
307.63038
307.59856
307.55619
307.50549
307.45002
307.393
307.33679
307.28293
307.23224
307.18479
307.13981
307.09574
307.05062
307.00326
306.9537
306.90321
306.85394
306.80778
306.76609
306.7297
306.69908
306.67448
306.65599
306.64366
306.6375
310.658
310.6712
310.69407
310.72051
310.74397
310.75811
310.75678
310.73443
310.68781
310.61668
310.52375
310.41402
310.29303
310.16642
310.03988
309.91852
309.80462
309.69679
309.59021
309.47846
309.35731
309.22654
309.09014
308.95487
308.82697
308.71091
308.60942
308.52403
308.45547
308.40402
308.36975
308.35262
310.86525
310.89792
310.95496
311.02081
311.08393
311.13551
311.16541
311.16056
311.11391
311.02519
310.9009
310.75353
310.59257
310.42603
310.26447
310.12202
310.0048
309.90926
309.82135
309.71839
309.58714
309.42619
309.24605
309.06724
308.90302
308.75923
308.63761
308.53803
308.45974
308.40189
308.36375
308.34481
311.00951
311.05066
311.1229
311.20768
311.29068
311.36068
311.40504
311.40816
311.36151
311.26475
311.12581
310.95956
310.77784
310.59084
310.41154
310.25652
310.13282
310.03566
309.94762
309.84147
309.70089
309.52382
309.32269
309.12158
308.93656
308.77495
308.63889
308.52816
308.44162
308.378
308.33623
308.31554
311.01582
311.05965
311.13676
311.22782
311.31757
311.39386
311.44318
311.44919
311.4029
311.30397
311.16064
310.98846
310.80003
310.60631
310.42101
310.26125
310.13424
310.03482
309.94478
309.83593
309.69121
309.50839
309.30024
309.09155
308.89909
308.73072
308.58888
308.47345
308.3833
308.31707
308.27361
308.2521
310.8724
310.91638
310.99378
311.08527
311.17558
311.25257
311.30271
311.30966
311.26443
311.16665
311.02459
310.85378
310.66681
310.47466
310.29103
310.13303
310.00787
309.91038
309.82232
309.71547
309.57276
309.39193
309.18572
308.97888
308.78818
308.62142
308.48103
308.36686
308.27773
308.21231
308.16939
308.14815
310.57392
310.61553
310.68867
310.77477
310.85952
310.93167
310.97858
310.98461
310.94119
310.84798
310.71287
310.55077
310.37351
310.19129
310.0171
309.86751
309.74957
309.65842
309.57661
309.4768
309.3426
309.17185
308.97691
308.78175
308.60235
308.44594
308.31458
308.20792
308.12475
308.06374
308.02373
308.00393
310.11988
310.15337
310.21198
310.28015
310.3463
310.40168
310.43612
310.43645
310.39549
310.3129
310.19518
310.05484
309.90146
309.74308
309.59034
309.45742
309.35048
309.2659
309.18947
309.09831
308.97899
308.8299
308.66142
308.49393
308.34052
308.20684
308.09438
308.0028
307.93116
307.87844
307.84378
307.8266
309.5668
309.58113
309.60607
309.63528
309.66243
309.6817
309.68727
309.6731
309.63536
309.5735
309.49028
309.39093
309.28114
309.16656
309.05306
308.94612
308.84825
308.75804
308.67037
308.57827
308.47707
308.36627
308.24969
308.13406
308.02532
307.92741
307.84251
307.77165
307.71513
307.67294
307.64494
307.63099
309.1509
309.16381
309.18568
309.20936
309.22987
309.24446
309.25031
309.23936
309.20633
309.15008
309.0734
308.98225
308.88163
308.77592
308.67029
308.57094
308.48081
308.39903
308.32113
308.24
308.15138
308.05483
307.95389
307.85526
307.7638
307.6822
307.61175
307.553
307.5061
307.47103
307.44772
307.43609
308.82556
308.83877
308.86105
308.8851
308.90613
308.92191
308.92998
308.9219
308.89193
308.83874
308.76513
308.67729
308.58031
308.47852
308.37719
308.28282
308.19855
308.12358
308.05324
307.9801
307.89963
307.81131
307.71865
307.62845
307.54543
307.47196
307.40901
307.35683
307.31537
307.28447
307.26398
307.25376
308.55672
308.57017
308.59295
308.6177
308.63968
308.65672
308.6664
308.66022
308.6324
308.58155
308.51051
308.42551
308.33169
308.23344
308.13606
308.04609
307.9667
307.89702
307.83231
307.76499
307.69041
307.60794
307.52106
307.43649
307.35888
307.2905
307.23219
307.18407
307.14599
307.11769
307.09897
307.08965
308.32583
308.33934
308.36224
308.38722
308.40956
308.42716
308.43763
308.43253
308.40612
308.35707
308.28827
308.206
308.1154
308.02084
307.92758
307.8421
307.76747
307.70275
307.64312
307.58091
307.51141
307.43393
307.35187
307.27191
307.19863
307.13423
307.07947
307.03443
306.99887
306.97252
306.95511
306.94645
308.12078
308.13399
308.15634
308.18058
308.20212
308.21896
308.22886
308.22352
308.19736
308.14923
308.08219
308.00263
307.91575
307.82582
307.73784
307.65802
307.5892
307.53026
307.47628
307.41958
307.35543
307.28313
307.20603
307.13076
307.06182
307.00135
306.95005
306.90794
306.87477
306.85022
306.83402
306.82598
307.93283
307.94493
307.96522
307.9867
308.00504
308.01851
308.02511
308.01687
307.98857
307.93946
307.87312
307.79655
307.71512
307.63276
307.55367
307.48298
307.42275
307.37158
307.32466
307.27454
307.21677
307.15076
307.07982
307.01042
306.9469
306.89125
306.84411
306.80545
306.77501
306.75249
306.73764
306.73026
307.7597
307.76877
307.78361
307.79825
307.80905
307.81463
307.81339
307.79824
307.76464
307.71228
307.64564
307.57362
307.50209
307.43417
307.37175
307.3162
307.26785
307.22541
307.18521
307.14137
307.09057
307.03262
306.97048
306.90979
306.85418
306.80532
306.76375
306.72948
306.70237
306.68224
306.66892
306.66228
307.62464
307.627
307.63046
307.63289
307.63223
307.62673
307.61457
307.5936
307.56249
307.52152
307.47271
307.41926
307.36415
307.30961
307.25712
307.20747
307.16075
307.11627
307.07263
307.02812
306.98168
306.93338
306.88438
306.83662
306.79187
306.75141
306.71605
306.68627
306.66231
306.6443
306.63228
306.62627
310.57768
310.58934
310.60947
310.63259
310.65263
310.66365
310.65995
310.6365
310.59035
310.52125
310.4317
310.3262
310.20989
310.08808
309.96603
309.84834
309.73706
309.63098
309.52588
309.41621
309.2983
309.17201
309.04095
308.91113
308.78829
308.67663
308.57884
308.49644
308.43019
308.38043
308.34726
308.33068
310.76715
310.79549
310.84489
310.90241
310.95741
311.00124
311.02445
311.01607
310.96988
310.88564
310.76904
310.63052
310.47892
310.32215
310.16989
310.03374
309.9189
309.8221
309.73117
309.6277
309.50037
309.34794
309.17951
309.01178
308.85663
308.71991
308.60369
308.50818
308.4329
308.37718
308.34039
308.32211
310.89886
310.93482
310.99793
311.07262
311.14569
311.20626
311.24256
311.24138
311.1952
311.10371
310.97386
310.81818
310.64766
310.47226
310.30386
310.15617
310.03514
309.93638
309.84473
309.7379
309.60181
309.43467
309.24721
309.05917
308.88494
308.73176
308.60214
308.49624
308.41325
308.35212
308.31192
308.29199
310.89967
310.9381
311.00571
311.08621
311.16555
311.23195
311.27286
311.27437
311.22856
311.1351
311.00124
310.84012
310.66342
310.48183
310.3079
310.15582
310.0317
309.9308
309.83723
309.72784
309.58789
309.41543
309.22149
309.02644
308.84533
308.68587
308.55087
308.44059
308.35422
308.29065
308.24888
308.22818
310.75696
310.79554
310.86344
310.94436
311.02426
311.09135
311.13307
311.13552
311.09076
310.99845
310.86585
310.70609
310.53086
310.35083
310.17856
310.02824
309.90595
309.80696
309.71535
309.60794
309.46999
309.2995
309.10747
308.91426
308.73487
308.57701
308.44344
308.3344
308.24904
308.18626
308.14502
308.12459
310.46567
310.50208
310.56607
310.64206
310.71687
310.77957
310.81838
310.82009
310.77712
310.68916
310.56313
310.41159
310.24552
310.07488
309.91158
309.76929
309.65397
309.56118
309.4757
309.37514
309.24535
309.08446
308.9031
308.72093
308.55225
308.4042
308.2792
308.17731
308.09764
308.03906
308.0006
307.98155
310.02677
310.05589
310.10682
310.1666
310.22458
310.27214
310.29981
310.29653
310.25599
310.17785
310.06782
309.93634
309.79233
309.64372
309.50027
309.37362
309.26898
309.18301
309.1034
309.01157
308.89599
308.75526
308.59831
308.44172
308.29721
308.17041
308.06317
307.97551
307.90674
307.85603
307.82265
307.80609
309.49609
309.50877
309.53082
309.55658
309.58019
309.59619
309.59912
309.58359
309.54615
309.48631
309.40655
309.31154
309.20656
309.0969
308.98801
308.88473
308.78934
308.70058
308.61399
308.52355
308.4252
308.31854
308.20699
308.09645
307.99235
307.8984
307.81677
307.7485
307.69397
307.65322
307.62615
307.61265
309.08962
309.10072
309.11944
309.13986
309.15736
309.16902
309.17165
309.1587
309.12562
309.07137
308.99836
308.91161
308.81576
308.71508
308.61435
308.51882
308.43108
308.35042
308.27299
308.19297
308.10673
308.01392
307.91764
307.82349
307.7359
307.65747
307.58958
307.53283
307.48747
307.45351
307.43091
307.41964
308.76905
308.78035
308.79938
308.82008
308.83807
308.85083
308.8555
308.84523
308.81511
308.76391
308.69406
308.61073
308.51862
308.42197
308.32565
308.23513
308.15319
308.07914
308.00901
307.93671
307.8584
307.77364
307.68549
307.59958
307.52018
307.44963
307.38897
307.33857
307.29845
307.26851
307.24863
307.23872
308.5031
308.51464
308.53413
308.55551
308.57442
308.58842
308.59465
308.58625
308.55825
308.50938
308.4421
308.36162
308.27269
308.17958
308.08719
308.00103
307.92389
307.85504
307.79041
307.72381
307.65126
307.57223
307.48973
307.40934
307.33523
307.26964
307.21351
307.16706
307.13022
307.10281
307.08465
307.07561
308.2745
308.2861
308.30574
308.32737
308.34666
308.36122
308.36827
308.36096
308.33438
308.28733
308.22228
308.1445
308.05874
307.96927
307.88092
307.79916
307.72668
307.66269
307.60302
307.54142
307.47384
307.39968
307.32191
307.24602
307.17614
307.11443
307.06177
307.01832
306.98396
306.95844
306.94156
306.93317
308.07201
308.08334
308.10247
308.12344
308.14202
308.15593
308.16251
308.15506
308.12882
308.08274
308.01947
307.94437
307.86224
307.77722
307.69396
307.61766
307.55078
307.49236
307.43817
307.38191
307.31952
307.25039
307.17743
307.10609
307.04042
306.98253
306.93323
306.89263
306.86058
306.83682
306.82113
306.81332
307.88768
307.89799
307.91523
307.93366
307.94931
307.96013
307.96372
307.9537
307.92562
307.87883
307.81643
307.74429
307.66734
307.58942
307.51446
307.44669
307.38791
307.33689
307.28945
307.23951
307.18323
307.12012
307.05305
306.98732
306.92683
306.87357
306.82825
306.79096
306.76154
306.73974
306.72534
306.71818
307.72003
307.72761
307.73995
307.75216
307.76093
307.7646
307.76116
307.74503
307.71242
307.66315
307.60112
307.53357
307.46578
307.40082
307.34061
307.28642
307.23853
307.19571
307.15473
307.11084
307.06119
307.00562
306.94672
306.88908
306.83599
306.78909
306.74902
306.7159
306.68964
306.6701
306.65716
306.65071
307.59193
307.59383
307.5965
307.59803
307.59655
307.59035
307.57774
307.5568
307.52641
307.48684
307.43991
307.38849
307.33529
307.28243
307.2313
307.1827
307.1367
307.09272
307.04951
307.00561
306.9601
306.91305
306.86555
306.8193
306.77596
306.73672
306.7024
306.67345
306.65014
306.6326
306.62089
306.61503
310.49383
310.5041
310.52174
310.54177
310.55861
310.56674
310.56089
310.53647
310.49081
310.42368
310.33733
310.23589
310.12413
310.00696
309.88928
309.77524
309.66676
309.56278
309.45958
309.35231
309.23777
309.11589
308.98997
308.86544
308.74758
308.64034
308.5463
308.46696
308.4031
308.35509
308.32307
308.30705
310.6667
310.69159
310.73492
310.78547
310.83348
310.87078
310.88865
310.87749
310.83179
310.75132
310.64113
310.51032
310.36704
310.21878
310.07441
309.94393
309.83185
309.73524
309.64343
309.5408
309.4175
309.27249
309.11375
308.9556
308.80873
308.67875
308.56785
308.47644
308.40423
308.35068
308.31529
308.29769
310.7859
310.81769
310.87345
310.9396
311.00408
311.0566
311.08636
311.08175
311.03606
310.94903
310.82681
310.68038
310.51984
310.3546
310.19551
310.05441
309.93649
309.83777
309.74494
309.63892
309.50745
309.34897
309.17291
308.99622
308.83187
308.68672
308.56343
308.46238
308.38299
308.32441
308.28584
308.2667
310.78109
310.81516
310.87507
310.94659
311.01685
311.07478
311.10881
311.10671
311.0614
310.97259
310.84672
310.69531
310.52912
310.3582
310.19404
310.04891
309.92812
309.8274
309.73275
309.62435
309.48932
309.32594
309.14392
308.96079
308.79008
308.63914
308.51087
308.40576
308.32324
308.26239
308.22235
308.2025
310.63915
310.67335
310.73355
310.80548
310.8763
310.93492
310.96975
310.96858
310.92432
310.83665
310.71204
310.56198
310.39725
310.22789
310.06538
309.922
309.80303
309.7042
309.6115
309.50506
309.37199
309.21057
309.03044
308.84911
308.68011
308.53075
308.40388
308.29999
308.21848
308.1584
308.11889
308.0993
310.35526
310.38749
310.44411
310.51155
310.57774
310.63237
310.66462
310.66287
310.62037
310.53685
310.41845
310.27614
310.12004
309.95954
309.80552
309.6698
309.55755
309.46474
309.378
309.27819
309.15294
309.00063
308.83059
308.65969
308.50079
308.3607
308.24195
308.14484
308.06872
308.01264
307.97578
307.9575
309.93162
309.95727
310.0021
310.05486
310.10579
310.14676
310.16901
310.1629
310.12279
310.04839
309.94475
309.82098
309.68528
309.54518
309.4096
309.28856
309.18659
309.10068
309.02005
308.92888
308.81715
308.68365
308.53621
308.38901
308.25258
308.13232
308.03021
307.94648
307.88063
307.83199
307.79993
307.78402
309.42252
309.43375
309.4532
309.47579
309.49613
309.50911
309.50969
309.49299
309.4559
309.39796
309.32143
309.23054
309.13014
309.02519
308.92069
308.82102
308.72826
308.64132
308.55624
308.4678
308.37241
308.26976
308.16295
308.05728
307.9577
307.8677
307.78937
307.72374
307.67126
307.63199
307.60588
307.59286
309.02613
309.03575
309.05193
309.0695
309.08425
309.09325
309.09334
309.07889
309.04588
308.9934
308.92356
308.84076
308.74929
308.65318
308.55683
308.46487
308.37963
308.30052
308.2242
308.14573
308.06194
307.9726
307.88047
307.79044
307.70652
307.63121
307.56589
307.51119
307.4674
307.43458
307.41274
307.40182
308.71066
308.72044
308.73687
308.7547
308.76991
308.77996
308.78196
308.77005
308.73992
308.69046
308.62381
308.54449
308.45681
308.36478
308.27288
308.18593
308.10639
308.03372
307.96446
307.89346
307.81738
307.73586
307.65165
307.56961
307.49361
307.4259
307.36753
307.31893
307.28018
307.25123
307.23199
307.22239
308.44778
308.4578
308.47467
308.49316
308.50927
308.52053
308.52406
308.51399
308.48595
308.43881
308.37474
308.29826
308.21376
308.12525
308.03726
307.95461
307.8798
307.81223
307.74836
307.68291
307.61245
307.53655
307.45785
307.38119
307.31035
307.24747
307.1935
307.14874
307.11317
307.08668
307.06911
307.06035
308.22161
308.23169
308.24872
308.26747
308.28399
308.29584
308.3002
308.29124
308.26464
308.21931
308.15746
308.08366
308.00229
307.91735
307.83333
307.75498
307.68473
307.62189
307.56287
307.5023
307.4367
307.36555
307.29146
307.2192
307.15248
307.09339
307.04281
307.00097
306.96781
306.94316
306.92684
306.91871
308.0218
308.03164
308.04822
308.06639
308.08228
308.09358
308.09758
308.08857
308.06239
308.01809
307.95802
307.88686
307.80901
307.72838
307.64925
307.57615
307.51128
307.45383
307.40009
307.3447
307.28412
307.21783
307.14841
307.08055
307.01792
306.96252
306.91519
306.87612
306.84521
306.82226
306.80708
306.79953
307.84121
307.85012
307.86497
307.88082
307.89405
307.90254
307.90385
307.89256
307.86481
307.82001
307.76094
307.69268
307.61975
307.54579
307.47441
307.40931
307.35208
307.30164
307.25434
307.20499
307.15026
307.08973
307.02592
306.96341
306.90572
306.85473
306.81122
306.77532
306.74693
306.72586
306.71192
306.70499
307.67906
307.68551
307.69592
307.70612
307.71308
307.71507
307.71007
307.69334
307.66166
307.61492
307.55656
307.49277
307.42832
307.36612
307.30805
307.25529
307.2081
307.16535
307.12422
307.08065
307.03219
306.97872
306.92252
306.86755
306.81676
306.77174
306.73316
306.70119
306.67579
306.65687
306.64432
306.63807
307.55749
307.55898
307.56094
307.56166
307.5594
307.55258
307.5396
307.51878
307.4891
307.45084
307.40568
307.35617
307.30484
307.25364
307.20391
307.15639
307.11122
307.06785
307.02521
306.98201
306.93747
306.89167
306.8456
306.80084
306.75888
306.72088
306.68761
306.65951
306.63688
306.61983
306.60844
306.60274
310.40997
310.41884
310.43399
310.45094
310.46458
310.46982
310.46181
310.43644
310.39126
310.32609
310.24296
310.14558
310.03835
309.92582
309.8125
309.70213
309.59645
309.49457
309.39328
309.28841
309.17723
309.05977
308.93898
308.81974
308.70686
308.60404
308.51375
308.43747
308.376
308.32974
308.29886
308.28341
310.56624
310.58768
310.62496
310.66854
310.70957
310.74034
310.75287
310.73895
310.69374
310.61703
310.51324
310.39013
310.25516
310.11541
309.97893
309.8541
309.74479
309.64837
309.5557
309.45392
309.33464
309.19704
309.04799
308.89942
308.76083
308.63759
308.532
308.44469
308.37555
308.32418
308.29018
308.27327
310.67293
310.70055
310.74897
310.80659
310.86248
310.90697
310.93019
310.92215
310.87697
310.79439
310.67979
310.54259
310.39204
310.23695
310.08716
309.95265
309.83784
309.73917
309.64515
309.53997
309.41312
309.2633
309.09862
308.93328
308.77878
308.64167
308.5247
308.42851
308.35272
308.29669
308.25974
308.2414
310.66251
310.69221
310.74443
310.80697
310.86817
310.91764
310.94479
310.93908
310.89428
310.81012
310.69223
310.55053
310.39483
310.23458
310.08018
309.94199
309.82454
309.724
309.62829
309.52088
309.39076
309.23647
309.06636
308.89513
308.73483
308.5924
308.47086
308.37092
308.29225
308.23412
308.19582
308.17682
310.52133
310.55116
310.60366
310.66662
310.72836
310.77851
310.80646
310.80167
310.75791
310.67489
310.55825
310.4179
310.26366
310.10496
309.9522
309.81575
309.70011
309.60144
309.50766
309.4022
309.27402
309.12165
308.95341
308.78397
308.62535
308.48447
308.36432
308.26558
308.1879
308.13053
308.09276
308.07401
310.24484
310.27289
310.32216
310.38106
310.43862
310.4852
310.51089
310.50568
310.46367
310.38458
310.27378
310.1407
309.99456
309.84421
309.69947
309.5703
309.46111
309.3683
309.28031
309.18126
309.06056
308.91683
308.75808
308.59844
308.44933
308.31719
308.20469
308.11237
308.03979
307.98622
307.95095
307.93345
309.83646
309.85864
309.89739
309.94313
309.98703
310.0214
310.03824
310.02929
309.98962
309.91896
309.8217
309.70563
309.57824
309.44665
309.31893
309.20349
309.1042
309.01836
308.93671
308.84621
308.73833
308.61205
308.47411
308.33629
308.20794
308.09423
307.99725
307.91744
307.85452
307.80794
307.77721
307.76193
309.34894
309.35871
309.37557
309.39499
309.41206
309.42203
309.42025
309.40238
309.36564
309.30961
309.2363
309.14953
309.05372
308.95348
308.85336
308.7573
308.66717
308.58204
308.49849
308.41204
308.31961
308.22098
308.11891
308.01811
307.92304
307.83699
307.76195
307.69898
307.64853
307.61075
307.58561
307.57306
308.96262
308.97077
308.98441
308.99915
309.01114
309.01748
309.01504
308.99908
308.96615
308.91543
308.84876
308.76992
308.68283
308.59127
308.49931
308.41091
308.32817
308.25062
308.17541
308.09848
308.01716
307.93129
307.8433
307.75737
307.67713
307.60495
307.54219
307.48954
307.44732
307.41565
307.39455
307.384
308.65226
308.66053
308.67436
308.68931
308.70175
308.70909
308.70843
308.69487
308.66473
308.61702
308.55357
308.47825
308.395
308.30759
308.22012
308.13671
308.05959
307.98829
307.91991
307.85021
307.77635
307.69809
307.6178
307.53963
307.46704
307.40216
307.34609
307.29929
307.26191
307.23394
307.21534
307.20605
308.39246
308.40095
308.41521
308.4308
308.44412
308.45264
308.45348
308.44173
308.41366
308.36825
308.30737
308.2349
308.15482
308.07093
307.98733
307.90819
307.83571
307.76941
307.7063
307.64201
307.57365
307.50086
307.42597
307.35304
307.28547
307.22529
307.17348
307.13041
307.09612
307.07053
307.05355
307.04508
308.16871
308.17728
308.1917
308.20758
308.22132
308.23045
308.23214
308.22152
308.1949
308.15131
308.09264
308.02282
307.94583
307.86544
307.78573
307.7108
307.64277
307.5811
307.52271
307.46319
307.39956
307.33141
307.26101
307.19237
307.12882
307.07234
307.02383
306.98361
306.95166
306.92787
306.9121
306.90425
307.97158
307.97993
307.99396
308.00933
308.02255
308.03123
308.03266
308.02209
307.99596
307.95346
307.89659
307.82936
307.75578
307.67954
307.60453
307.53463
307.47179
307.4153
307.36201
307.30749
307.24872
307.18528
307.11939
307.05501
306.99541
306.9425
306.89714
306.8596
306.82983
306.80769
306.79303
306.78574
307.79474
307.80225
307.81471
307.82798
307.83878
307.84495
307.84399
307.83143
307.804
307.76121
307.70545
307.64107
307.57215
307.50215
307.43435
307.37192
307.31625
307.26639
307.21923
307.17047
307.11729
307.05933
306.99878
306.9395
306.8846
306.8359
306.79418
306.75967
306.73231
306.71197
306.69851
306.6918
307.63808
307.6434
307.65189
307.66008
307.66522
307.66555
307.65898
307.64167
307.61092
307.56669
307.51199
307.45196
307.39084
307.33142
307.27548
307.22415
307.17766
307.13499
307.0937
307.05046
307.00319
306.95182
306.89832
306.84601
306.79752
306.75439
306.71729
306.68647
306.66193
306.64363
306.63147
306.62541
307.52304
307.52412
307.52537
307.52528
307.52225
307.5148
307.50147
307.48074
307.45178
307.41484
307.37143
307.32385
307.27438
307.22484
307.1765
307.13009
307.08573
307.04298
307.00091
306.95841
306.91483
306.87028
306.82565
306.78237
306.7418
306.70504
306.67281
306.64557
306.62361
306.60705
306.59598
306.59044
310.32328
310.33088
310.34376
310.35785
310.36852
310.37108
310.36113
310.33492
310.29025
310.22695
310.14688
310.0534
309.95054
309.84251
309.73342
309.6267
309.52395
309.42446
309.32541
309.22321
309.11549
309.00235
308.88652
308.7724
308.66441
308.56599
308.47947
308.4063
308.34727
308.30281
308.2731
308.25824
310.46406
310.48273
310.51512
310.55284
310.58786
310.6131
310.6213
310.60519
310.5605
310.48702
310.38868
310.27232
310.14475
310.01251
309.88289
309.76325
309.65701
309.56186
309.46983
309.36986
309.25471
309.12369
308.98288
308.84271
308.71171
308.59488
308.49449
308.41127
308.34521
308.29606
308.2635
308.24728
310.55839
310.58262
310.62504
310.67542
310.72386
310.7615
310.77934
310.76854
310.72388
310.64512
310.53704
310.40798
310.26632
310.12021
309.97854
309.85008
309.73872
309.64133
309.54784
309.4446
309.32246
309.18033
309.02538
308.87002
308.72457
308.59509
308.4843
308.39293
308.32078
308.26734
308.23205
308.21452
310.5423
310.56842
310.61431
310.66919
310.7225
310.76468
310.78614
310.7775
310.73324
310.65309
310.54206
310.40893
310.26263
310.11186
309.96601
309.83423
309.72047
309.62137
309.52633
309.42106
309.29594
309.14976
308.98988
308.82916
308.67843
308.54412
308.42915
308.33436
308.25957
308.20421
308.16768
308.14954
310.40191
310.42817
310.47433
310.52962
310.58347
310.62633
310.64858
310.64086
310.59762
310.51861
310.40882
310.27704
310.13219
309.98296
309.83875
309.70869
309.59673
309.49949
309.40635
309.30301
309.17982
309.03553
308.87749
308.71855
308.56947
308.43668
308.32308
308.22948
308.15566
308.10105
308.06503
308.04715
310.13298
310.15763
310.20089
310.25252
310.30263
310.34233
310.36261
310.35462
310.3131
310.23782
310.13353
310.00856
309.87131
309.72991
309.59326
309.47011
309.36433
309.27273
309.18521
309.08803
308.97196
308.83583
308.68673
308.53698
308.39682
308.27223
308.16583
308.07826
308.00926
307.95823
307.92458
307.90788
309.73986
309.75926
309.79308
309.83291
309.87076
309.89954
309.91199
309.90079
309.86158
309.79411
309.70228
309.59295
309.47295
309.34885
309.22795
309.11764
309.02132
308.93662
308.85545
308.7666
308.66264
308.54275
308.41285
308.28323
308.16225
308.05474
307.96277
307.88687
307.82689
307.78241
307.75303
307.73841
309.27309
309.28156
309.2961
309.31262
309.32667
309.33387
309.33
309.31113
309.27477
309.22054
309.15026
309.06738
308.97594
308.88018
308.78426
308.69175
308.60437
308.52133
308.43968
308.35548
308.26608
308.17135
308.07379
307.97762
307.88694
307.80479
307.73305
307.67275
307.62439
307.58812
307.56397
307.55191
308.89733
308.90427
308.91581
308.92806
308.93754
308.9415
308.93701
308.9199
308.88716
308.83803
308.77416
308.69891
308.61584
308.52847
308.4405
308.35548
308.27531
308.19963
308.12599
308.05092
307.97213
307.88953
307.80531
307.72319
307.64644
307.57732
307.51711
307.46654
307.42592
307.39542
307.37508
307.36492
308.59236
308.59941
308.61111
308.62359
308.63351
308.63845
308.63567
308.62088
308.59084
308.54467
308.48402
308.41229
308.33306
308.24984
308.16635
308.08628
308.01162
307.94203
307.87501
307.80692
307.73534
307.6601
307.58333
307.50868
307.43929
307.37716
307.32336
307.27837
307.24238
307.21542
307.19748
307.18851
308.33579
308.34305
308.35517
308.36827
308.37907
308.38517
308.38386
308.37084
308.34284
308.29898
308.24088
308.17199
308.09593
308.01619
307.93654
307.86068
307.79059
307.72589
307.664
307.60121
307.53498
307.46507
307.39355
307.324
307.25949
307.20192
307.15225
307.11087
307.07787
307.05322
307.03684
307.02866
308.11457
308.12192
308.13422
308.14761
308.15885
308.16559
308.16515
308.15328
308.12674
308.0847
308.0288
307.96253
307.88951
307.81322
307.73737
307.66561
307.59986
307.53968
307.4824
307.42424
307.36263
307.29724
307.23009
307.16472
307.10413
307.05015
307.00369
306.96508
306.93436
306.91145
306.89625
306.88867
307.92022
307.92738
307.93934
307.95231
307.96312
307.9695
307.9689
307.95718
307.93122
307.8903
307.8362
307.77248
307.70277
307.63046
307.55913
307.4922
307.43142
307.37621
307.32385
307.27051
307.21359
307.15274
307.08995
307.0287
306.97191
306.92139
306.87797
306.84195
306.81334
306.79202
306.7779
306.77086
307.74722
307.75362
307.76417
307.77525
307.7839
307.78804
307.78534
307.77189
307.74487
307.70384
307.65091
307.58995
307.52465
307.45819
307.39358
307.33363
307.27958
307.23064
307.18408
307.13623
307.08462
307.02899
306.97127
306.91485
306.86253
306.81601
306.77605
306.74292
306.71661
306.69702
306.68403
306.67756
307.59604
307.60047
307.60746
307.61396
307.61752
307.61643
307.60873
307.5911
307.56121
307.51909
307.46736
307.41053
307.35241
307.29557
307.2417
307.19185
307.14625
307.10402
307.063
307.02037
306.97433
306.92484
306.87366
306.8237
306.77734
306.73599
306.70036
306.67068
306.64702
306.62934
306.6176
306.61173
307.48709
307.48781
307.48844
307.48761
307.48387
307.47586
307.46224
307.44167
307.41341
307.37772
307.33596
307.2902
307.24253
307.19463
307.14771
307.10243
307.05896
307.01694
306.97554
306.93382
306.89124
306.84792
306.80469
306.76284
306.72364
306.68811
306.65694
306.63058
306.60929
306.59324
306.58251
306.57713
310.23657
310.24292
310.25352
310.26476
310.27245
310.27234
310.26044
310.23339
310.18923
310.12781
310.05079
309.96121
309.86273
309.75918
309.65433
309.55125
309.45145
309.35433
309.25754
309.15801
309.05374
308.94493
308.83405
308.72505
308.62195
308.52793
308.44519
308.37512
308.31853
308.27586
308.24733
308.23305
310.36187
310.37778
310.40529
310.43714
310.46617
310.48588
310.48975
310.47147
310.42728
310.35703
310.26412
310.15452
310.03435
309.90961
309.78685
309.67239
309.56922
309.47535
309.38396
309.28583
309.17479
309.05034
308.91777
308.786
308.66258
308.55216
308.45697
308.37783
308.31488
308.26794
308.2368
308.22129
310.44385
310.46469
310.50111
310.54425
310.58527
310.61605
310.62851
310.61497
310.57083
310.49589
310.39432
310.27338
310.14062
310.00347
309.86991
309.7475
309.6396
309.54349
309.45054
309.34925
309.23183
309.09738
308.95216
308.80677
308.67035
308.54851
308.44389
308.35735
308.28883
308.23797
308.20435
308.18762
310.42207
310.44463
310.48419
310.53141
310.57684
310.61175
310.62752
310.61596
310.57223
310.49608
310.39191
310.26735
310.13045
309.98914
309.85185
309.72645
309.6164
309.51874
309.42438
309.32125
309.20114
309.06305
308.9134
308.7632
308.62203
308.49582
308.38743
308.29779
308.22688
308.17429
308.13954
308.12226
310.28248
310.30517
310.345
310.39263
310.43859
310.47417
310.49072
310.48008
310.43736
310.36235
310.25942
310.1362
310.00074
309.86096
309.7253
309.60162
309.49335
309.39754
309.30506
309.20383
309.08563
308.94941
308.80158
308.65312
308.51359
308.38888
308.28184
308.19336
308.12341
308.07155
308.0373
308.02028
310.02111
310.04237
310.07962
310.124
310.16665
310.19947
310.21435
310.20359
310.16257
310.09109
309.99329
309.87644
309.74806
309.61561
309.48705
309.36991
309.26754
309.17718
309.09013
308.99481
308.88338
308.75485
308.61539
308.47552
308.34431
308.22727
308.12696
308.04415
307.97872
307.93023
307.89821
307.8823
309.64326
309.65987
309.68877
309.72271
309.75451
309.77771
309.78576
309.77232
309.73357
309.66928
309.58287
309.48029
309.36767
309.25105
309.13697
309.03178
308.93843
308.85489
308.77421
308.68701
308.58697
308.47345
308.3516
308.23016
308.11656
308.01525
307.92828
307.85629
307.79926
307.75688
307.72884
307.71489
309.19724
309.20441
309.21662
309.23025
309.24127
309.24572
309.23975
309.21988
309.18389
309.13146
309.06421
308.98522
308.89816
308.80687
308.71515
308.62619
308.54155
308.46062
308.38085
308.29892
308.21256
308.12171
308.02865
307.93713
307.85084
307.77258
307.70414
307.64652
307.60024
307.56549
307.54233
307.53075
308.83203
308.83777
308.8472
308.85696
308.86393
308.86552
308.85898
308.84074
308.80817
308.76064
308.69957
308.6279
308.54886
308.46567
308.38169
308.30005
308.22245
308.14864
308.07657
308.00336
307.9271
307.84776
307.76731
307.68899
307.61575
307.54968
307.49203
307.44352
307.40452
307.37519
307.35561
307.34582
308.53246
308.53829
308.54787
308.55786
308.56528
308.56782
308.56291
308.54688
308.51695
308.47234
308.41447
308.34633
308.27113
308.19209
308.11258
308.03584
307.96365
307.89577
307.8301
307.76363
307.69434
307.62211
307.54885
307.47772
307.41153
307.35216
307.30063
307.25745
307.22285
307.1969
307.17961
307.17097
308.27911
308.28515
308.29513
308.30574
308.31402
308.3177
308.31423
308.29995
308.27204
308.22971
308.1744
308.10908
308.03703
307.96146
307.88575
307.81316
307.74545
307.68236
307.62171
307.5604
307.49631
307.42928
307.36113
307.29496
307.23351
307.17855
307.13102
307.09133
307.05962
307.0359
307.02012
307.01224
308.06043
308.06655
308.07673
308.08765
308.09639
308.10073
308.09816
308.08505
308.0586
308.01809
307.96497
307.90225
307.83319
307.76099
307.68901
307.62043
307.55695
307.49825
307.44208
307.38529
307.3257
307.26306
307.19917
307.13707
307.07942
307.02795
306.98354
306.94655
306.91705
306.89502
306.88039
306.87309
307.86886
307.87482
307.88472
307.89529
307.90369
307.90778
307.90515
307.89228
307.86649
307.82715
307.77583
307.71561
307.64975
307.58139
307.51372
307.44976
307.39105
307.33713
307.28569
307.23353
307.17846
307.12021
307.06052
307.00237
306.94841
306.90027
306.85879
306.8243
306.79684
306.77635
306.76276
306.75598
307.69969
307.70499
307.71363
307.72252
307.72901
307.73113
307.72669
307.71236
307.68574
307.64646
307.59639
307.53884
307.47715
307.41423
307.35281
307.29534
307.24291
307.19488
307.14893
307.10199
307.05196
306.99865
306.94376
306.8902
306.84046
306.79611
306.75792
306.72617
306.70091
306.68206
306.66955
306.66331
307.55399
307.55754
307.56302
307.56785
307.56982
307.56731
307.55848
307.54053
307.51152
307.47148
307.42274
307.36911
307.31398
307.25972
307.20791
307.15954
307.11484
307.07303
307.0323
306.99028
306.94547
306.89786
306.849
306.80138
306.75714
306.7176
306.68342
306.6549
306.63211
306.61506
306.60371
306.59805
307.45114
307.4515
307.4515
307.44992
307.44547
307.43691
307.423
307.40259
307.37504
307.34059
307.30047
307.25654
307.21067
307.16442
307.1189
307.07477
307.03219
306.99088
306.95016
306.90923
306.86765
306.82556
306.78372
306.74331
306.70548
306.67118
306.64107
306.61557
306.59498
306.57943
306.56903
306.56381
309.88676
309.88857
309.89096
309.8918
309.88856
309.8787
309.85979
309.82987
309.78777
309.73345
309.66793
309.59308
309.5112
309.42473
309.33608
309.24725
309.15941
309.07254
308.98564
308.89737
308.80697
308.71488
308.62282
308.53336
308.4491
308.37222
308.30433
308.24657
308.19969
308.16419
308.14038
308.12843
309.95501
309.96209
309.97382
309.98608
309.99472
309.99587
309.9857
309.96063
309.91852
309.8593
309.78496
309.69893
309.60488
309.50649
309.40768
309.31222
309.22202
309.13632
309.05173
308.96361
308.86897
308.76787
308.66354
308.56116
308.46528
308.37889
308.30368
308.24049
308.18974
308.15161
308.12617
308.11344
309.98911
309.99901
310.01586
310.03462
310.05018
310.05773
310.05255
310.03026
309.98824
309.92639
309.84711
309.75458
309.65326
309.54765
309.44248
309.3422
309.24893
309.16151
309.07554
308.98516
308.88648
308.77935
308.6675
308.55705
308.45343
308.36018
308.27924
308.2115
308.1573
308.11671
308.08969
308.0762
309.94493
309.95588
309.97463
309.9959
310.01417
310.02431
310.02125
310.00031
309.95873
309.89637
309.81577
309.7213
309.61774
309.50984
309.40263
309.30071
309.20628
309.11801
309.03127
308.93987
308.83967
308.73048
308.61611
308.50292
308.39655
308.30077
308.21762
308.14806
308.09244
308.05081
308.02312
308.0093
309.80861
309.81968
309.83869
309.86034
309.87913
309.88991
309.88761
309.86755
309.82696
309.76572
309.68632
309.59318
309.49103
309.38464
309.27902
309.17877
309.08606
308.99957
308.91464
308.82506
308.72668
308.61926
308.50661
308.39506
308.29023
308.19586
308.11397
308.04549
307.99077
307.94982
307.9226
307.90901
309.57733
309.58763
309.60526
309.62519
309.6423
309.65179
309.64894
309.62933
309.59034
309.53187
309.4563
309.36778
309.27079
309.16978
309.0695
308.97435
308.88643
308.80451
308.72417
308.63947
308.54644
308.44488
308.33844
308.23316
308.13439
308.0456
307.96865
307.90435
307.85299
307.81458
307.78904
307.77629
309.25924
309.26697
309.27999
309.29419
309.30542
309.30984
309.30364
309.28317
309.24629
309.19289
309.12492
309.04581
308.95924
308.86884
308.77853
308.69206
308.61129
308.53539
308.46088
308.38298
308.29858
308.2076
308.11313
308.02024
307.93331
307.85519
307.7874
307.73065
307.68521
307.65116
307.62849
307.61717
308.89186
308.89445
308.89839
308.90157
308.90158
308.89605
308.88269
308.85944
308.82504
308.77934
308.72331
308.65883
308.58816
308.5137
308.43784
308.36261
308.28913
308.21734
308.14609
308.07384
307.99962
307.92365
307.84749
307.77346
307.70392
307.64073
307.5852
307.53817
307.50015
307.47145
307.45224
307.44262
308.56952
308.57132
308.57374
308.57487
308.57284
308.56607
308.55287
308.53123
308.49968
308.4579
308.40676
308.34801
308.28363
308.21566
308.14621
308.07725
308.00996
307.94445
307.87985
307.81487
307.7487
307.68159
307.61486
307.55053
307.49048
307.43615
307.38849
307.34814
307.31551
307.29085
307.27433
307.26605
308.29207
308.29397
308.2966
308.29806
308.29659
308.29078
308.27906
308.25938
308.2302
308.19112
308.14302
308.08764
308.02696
307.96299
307.89782
307.83346
307.77112
307.71091
307.65192
307.59276
307.53256
307.47149
307.41081
307.35245
307.29819
307.24931
307.20659
307.17054
307.14146
307.11953
307.10485
307.0975
308.05188
308.05397
308.05698
308.05903
308.05838
308.05364
308.04329
308.02526
307.99801
307.96115
307.91554
307.86293
307.80531
307.74468
307.68314
307.62268
307.56449
307.50864
307.45418
307.39965
307.3441
307.28765
307.23148
307.17749
307.12737
307.08232
307.04307
307.01003
306.98343
306.96341
306.95003
306.94333
307.84347
307.84568
307.84894
307.85137
307.85128
307.84729
307.83792
307.82113
307.79539
307.76035
307.71687
307.66674
307.61192
307.5544
307.49624
307.43939
307.38499
307.33307
307.28261
307.2321
307.18055
307.12801
307.07563
307.02524
306.9785
306.93654
306.90004
306.86937
306.84472
306.82619
306.81382
306.80763
307.66313
307.6653
307.66849
307.67087
307.6708
307.66696
307.65793
307.64173
307.61693
307.58322
307.54154
307.4937
307.44166
307.38737
307.33279
307.27976
307.22931
307.18137
307.13489
307.0883
307.04059
306.99178
306.94298
306.89596
306.85235
306.81323
306.77924
306.75071
306.72781
306.7106
306.69913
306.69339
307.50931
307.51111
307.51364
307.51516
307.51414
307.50937
307.49957
307.48292
307.45811
307.425
307.38469
307.33912
307.29029
307.23999
307.18992
307.1416
307.0958
307.05233
307.0101
306.9676
306.92387
306.87894
306.83389
306.79045
306.75014
306.714
306.6826
306.65625
306.6351
306.61921
306.60861
306.60331
307.38497
307.38581
307.38659
307.38587
307.38236
307.37511
307.36303
307.34461
307.31883
307.28576
307.24676
307.20401
307.15953
307.11479
307.07086
307.02844
306.98784
306.94878
306.91041
306.87162
306.83172
306.79086
306.75002
306.7107
306.6742
306.64141
306.61286
306.58883
306.56949
306.55493
306.5452
306.54033
307.30465
307.30375
307.30153
307.29729
307.29027
307.27973
307.26497
307.24534
307.22052
307.19072
307.15669
307.11959
307.0806
307.04073
307.00077
306.96125
306.92241
306.88424
306.84651
306.80892
306.77135
306.73403
306.69753
306.66261
306.63008
306.60059
306.57464
306.55261
306.53474
306.52121
306.51213
306.50758
309.50891
309.50583
309.49938
309.48901
309.47401
309.45363
309.4272
309.39418
309.35431
309.30764
309.25451
309.19555
309.13157
309.06351
308.99232
308.91888
308.84396
308.76815
308.69197
308.61588
308.54044
308.46638
308.39463
308.32622
308.26229
308.20391
308.15205
308.10757
308.07118
308.04341
308.02468
308.01525
309.51571
309.51331
309.5081
309.49932
309.48603
309.46723
309.44201
309.40966
309.3698
309.32245
309.26805
309.20737
309.14144
309.07139
308.99834
308.92334
308.84718
308.77038
308.69324
308.616
308.53906
308.46309
308.38911
308.31836
308.25213
308.19165
308.13798
308.092
308.05442
308.02579
308.0065
307.99679
309.49815
309.49632
309.49214
309.48472
309.4729
309.45549
309.43137
309.39969
309.35996
309.31219
309.25687
309.19489
309.12741
309.05572
308.9811
308.90465
308.82722
308.74926
308.67096
308.59244
308.51399
308.43625
308.36028
308.28744
308.21913
308.1567
308.10129
308.05384
308.01508
307.98556
307.96568
307.95568
309.4298
309.42828
309.4247
309.41806
309.40715
309.39065
309.36737
309.33636
309.29711
309.24959
309.19431
309.13222
309.06454
308.9926
308.91774
308.84112
308.76357
308.68553
308.60715
308.52849
308.4498
308.3717
308.29528
308.22189
308.15302
308.09003
308.0341
307.9862
307.94707
307.91728
307.89722
307.88713
309.297
309.29561
309.29226
309.286
309.27557
309.25968
309.23713
309.20698
309.16869
309.12225
309.06817
309.00737
308.94107
308.87061
308.79731
308.7223
308.64642
308.57009
308.49343
308.4165
308.33952
308.2631
308.18829
308.11644
308.049
307.98731
307.93255
307.88565
307.84735
307.81819
307.79855
307.78867
309.09823
309.09676
309.09331
309.08698
309.07663
309.06106
309.03915
309.01005
308.97326
308.92878
308.87709
308.81906
308.75583
308.68866
308.6188
308.54733
308.47503
308.40233
308.32937
308.2562
308.18305
308.11051
308.03957
307.9715
307.90766
307.84932
307.79754
307.75323
307.71704
307.6895
307.67095
307.66162
308.84461
308.84281
308.83878
308.83178
308.8209
308.80515
308.78364
308.75564
308.72079
308.67908
308.63092
308.57708
308.51853
308.45634
308.3916
308.32529
308.25813
308.19056
308.12282
308.05503
307.9875
307.92077
307.85576
307.79356
307.73535
307.68222
307.63511
307.5948
307.56188
307.53682
307.51994
307.51146
308.56202
308.55968
308.55471
308.54663
308.5348
308.51853
308.4972
308.47033
308.43765
308.39919
308.35525
308.30641
308.25341
308.1971
308.13833
308.0779
308.01648
307.95457
307.89255
307.83077
307.76965
307.70974
307.65177
307.5966
307.54513
307.4982
307.45661
307.42099
307.3919
307.36973
307.35479
307.34727
308.28597
308.28353
308.27843
308.27027
308.25857
308.24279
308.22246
308.19718
308.16673
308.13114
308.09068
308.04584
307.99726
307.94568
307.89188
307.83658
307.78042
307.72388
307.66739
307.61131
307.55604
307.50211
307.45015
307.40089
307.35506
307.31339
307.27651
307.24497
307.21921
307.1996
307.18638
307.17973
308.03241
308.0301
308.02526
308.01755
308.00652
307.99172
307.9727
307.94911
307.92075
307.88764
307.85003
307.8084
307.76335
307.71559
307.66586
307.61484
307.56314
307.51123
307.45949
307.40824
307.35787
307.30882
307.26167
307.21707
307.17566
307.13808
307.10488
307.07652
307.0534
307.0358
307.02395
307.01798
307.80644
307.8043
307.79982
307.79267
307.78241
307.76862
307.75088
307.72884
307.70232
307.67134
307.63616
307.59723
307.55515
307.51061
307.46431
307.41692
307.369
307.321
307.27326
307.22606
307.17973
307.13467
307.09141
307.05053
307.01263
306.97827
306.94794
306.92207
306.90099
306.88496
306.87417
306.86875
307.60914
307.60714
307.60296
307.59628
307.58667
307.57373
307.55706
307.53633
307.51138
307.48222
307.44912
307.41253
307.37304
307.33132
307.28803
307.24383
307.19924
307.15466
307.11039
307.06669
307.02382
306.98215
306.94216
306.90439
306.86939
306.83768
306.80971
306.78587
306.76645
306.75169
306.74176
306.73677
307.44092
307.439
307.435
307.42859
307.4194
307.40703
307.39113
307.37139
307.34766
307.32001
307.2887
307.25417
307.21702
307.17787
307.13737
307.09611
307.05458
307.01314
306.97203
306.93148
306.89172
306.85307
306.81598
306.78095
306.74849
306.71909
306.69318
306.67109
306.6531
306.63944
306.63025
306.62563
307.30366
307.30173
307.2977
307.2913
307.28218
307.27002
307.25449
307.23534
307.21249
307.18601
307.15621
307.12353
307.08854
307.05182
307.01398
306.97552
306.93687
306.89834
306.86015
306.82248
306.78554
306.74964
306.71518
306.68264
306.65249
306.62518
306.6011
306.58058
306.56388
306.55118
306.54265
306.53835
307.20239
307.20032
307.19605
307.18936
307.17997
307.16762
307.15208
307.13317
307.11086
307.08528
307.05674
307.0257
306.99267
306.95819
306.92274
306.88676
306.8506
306.81452
306.77874
306.74345
306.70885
306.67526
306.64305
306.61265
306.58449
306.55899
306.5365
306.51732
306.50171
306.48984
306.48185
306.47783
307.14633
307.14407
307.13946
307.13236
307.12257
307.10991
307.09423
307.07544
307.05358
307.02878
307.00132
306.97158
306.94
306.90701
306.87306
306.83851
306.80372
306.76895
306.73445
306.70046
306.66724
306.63507
306.60431
306.57532
306.5485
306.5242
306.50275
306.48445
306.46953
306.45818
306.45053
306.44669
