sample,scenario,performance_per_cost,combined_cost_index,normalized_performance
0,hbm2_4hi_1stack,1.4776559438812717,0.6767475230894134,1.0
0,hbm2_8hi_1stack,1.0,1.0,1.0
0,hbm2_12hi_1stack,0.738407666003518,1.3542654634292972,1.0
0,hbm2_8hi_2stack,1.045706309271963,1.9125828947062884,2.0
0,hbm2_8hi_no_pim,0.405304552058751,1.1400235444763174,0.46205673203040337
1,hbm2_4hi_1stack,1.445029634416408,0.6920273302241733,1.0
1,hbm2_8hi_1stack,1.0,1.0,1.0
1,hbm2_12hi_1stack,0.7599641864539434,1.3158514806679034,1.0
1,hbm2_8hi_2stack,1.213776732084196,1.6477494971960513,2.0
1,hbm2_8hi_no_pim,0.48738937280218686,1.1181768877850367,0.5449875320194503
2,hbm2_4hi_1stack,1.6032274850822414,0.6237418016500026,1.0
2,hbm2_8hi_1stack,1.0,1.0,1.0
2,hbm2_12hi_1stack,0.6794012153476437,1.4718843260948666,1.0
2,hbm2_8hi_2stack,0.8853492544179167,2.2589955207167636,2.0
2,hbm2_8hi_no_pim,0.6536343567889212,1.0604853138614743,0.693169636009942
3,hbm2_4hi_1stack,1.7362944380771177,0.5759391829345852,1.0
3,hbm2_8hi_1stack,1.0,1.0,1.0
3,hbm2_12hi_1stack,0.6305856365330567,1.5858274309861764,1.0
3,hbm2_8hi_2stack,0.7821437150408083,2.5570748208283565,2.0
3,hbm2_8hi_no_pim,0.4404426067209552,1.0883082912852369,0.47933734072969836
4,hbm2_4hi_1stack,1.5201242410991551,0.6578409665231907,1.0
4,hbm2_8hi_1stack,1.0,1.0,1.0
4,hbm2_12hi_1stack,0.7234176114091085,1.3823274194999906,1.0
4,hbm2_8hi_2stack,1.081963781013239,1.8484907120708212,2.0
4,hbm2_8hi_no_pim,0.43850033665473975,1.1394547134209432,0.4996512754379136
5,hbm2_4hi_1stack,1.4506551255819107,0.6893437195135291,1.0
5,hbm2_8hi_1stack,1.0,1.0,1.0
5,hbm2_12hi_1stack,0.7558073631028599,1.3230884598618382,1.0
5,hbm2_8hi_2stack,1.184257477656807,1.6888219308162917,2.0
5,hbm2_8hi_no_pim,0.3678593369526923,1.1339931995957258,0.41714998651214574
6,hbm2_4hi_1stack,1.805995982184457,0.553711087878746,1.0
6,hbm2_8hi_1stack,1.0,1.0,1.0
6,hbm2_12hi_1stack,0.607625334922661,1.645750995763336,1.0
6,hbm2_8hi_2stack,0.7321246405348018,2.731775286977149,2.0
6,hbm2_8hi_no_pim,0.5262266340722245,1.0716594496070289,0.5639357450383995
7,hbm2_4hi_1stack,1.5600985961489684,0.6409851290607235,1.0
7,hbm2_8hi_1stack,1.0,1.0,1.0
7,hbm2_12hi_1stack,0.7023280795872379,1.423835994977882,1.0
7,hbm2_8hi_2stack,0.980956313014774,2.038826778996302,2.0
7,hbm2_8hi_no_pim,0.6755702116436517,1.0493420160310496,0.7089042078566724
8,hbm2_4hi_1stack,1.665177827712576,0.600536461246113,1.0
8,hbm2_8hi_1stack,1.0,1.0,1.0
8,hbm2_12hi_1stack,0.6561432366782249,1.524057468095802,1.0
8,hbm2_8hi_2stack,0.8115039153028569,2.4645598897124126,2.0
8,hbm2_8hi_no_pim,0.36128747581095083,1.133975717874929,0.409691224741944
9,hbm2_4hi_1stack,1.788543484703302,0.5591141666683537,1.0
9,hbm2_8hi_1stack,1.0,1.0,1.0
9,hbm2_12hi_1stack,0.6135100570371275,1.6299651302040246,1.0
9,hbm2_8hi_2stack,0.7466634577521414,2.678582940192461,2.0
9,hbm2_8hi_no_pim,0.3469993014912331,1.1624883644023465,0.40338265043930027
10,hbm2_4hi_1stack,1.3862901396426188,0.7213497170641326,1.0
10,hbm2_8hi_1stack,1.0,1.0,1.0
10,hbm2_12hi_1stack,0.7862625240027983,1.271839836533327,1.0
10,hbm2_8hi_2stack,1.1928390788204069,1.6766720972771876,2.0
10,hbm2_8hi_no_pim,0.3637260976281652,1.2128360266814073,0.44114011504767753
11,hbm2_4hi_1stack,1.4263475249013562,0.7010914118346848,1.0
11,hbm2_8hi_1stack,1.0,1.0,1.0
11,hbm2_12hi_1stack,0.7626097006533784,1.3112867553916945,1.0
11,hbm2_8hi_2stack,1.0563619360209258,1.893290482931961,2.0
11,hbm2_8hi_no_pim,0.3471684931507981,1.1560684961545,0.40135055778906703
12,hbm2_4hi_1stack,1.6544737541817887,0.6044217972466688,1.0
12,hbm2_8hi_1stack,1.0,1.0,1.0
12,hbm2_12hi_1stack,0.6618669069523888,1.5108777754194842,1.0
12,hbm2_8hi_2stack,0.8673007470616165,2.3060051623106834,2.0
12,hbm2_8hi_no_pim,0.5638099892627115,1.046815066289644,0.5902047912848088
13,hbm2_4hi_1stack,1.5440228008535177,0.6476588295504521,1.0
13,hbm2_8hi_1stack,1.0,1.0,1.0
13,hbm2_12hi_1stack,0.7102607387193943,1.4079336580014374,1.0
13,hbm2_8hi_2stack,0.9837300626761303,2.0330780524885235,2.0
13,hbm2_8hi_no_pim,0.41525769725416617,1.1081984021202245,0.46018791656519087
14,hbm2_4hi_1stack,1.569458476832923,0.6371624447293073,1.0
14,hbm2_8hi_1stack,1.0,1.0,1.0
14,hbm2_12hi_1stack,0.6987819670861497,1.4310615429443594,1.0
14,hbm2_8hi_2stack,1.023231414402736,1.9545920618234809,2.0
14,hbm2_8hi_no_pim,0.4764622749023786,1.0709707184893273,0.5102771448852598
15,hbm2_4hi_1stack,1.4578291222886164,0.6859514498037468,1.0
15,hbm2_8hi_1stack,1.0,1.0,1.0
15,hbm2_12hi_1stack,0.7483611040591751,1.3362533068272975,1.0
15,hbm2_8hi_2stack,1.046116027123837,1.911833819713809,2.0
15,hbm2_8hi_no_pim,0.44118884689465615,1.1159923645493686,0.49236338445877664
16,hbm2_4hi_1stack,1.649552845470355,0.6062248946712945,1.0
16,hbm2_8hi_1stack,1.0,1.0,1.0
16,hbm2_12hi_1stack,0.6631706700523771,1.5079074590572894,1.0
16,hbm2_8hi_2stack,0.9246089618228466,2.1630765897585973,2.0
16,hbm2_8hi_no_pim,0.6175307241571718,1.0303472759360932,0.636271099442185
17,hbm2_4hi_1stack,1.6442827764103813,0.6081678980929854,1.0
17,hbm2_8hi_1stack,1.0,1.0,1.0
17,hbm2_12hi_1stack,0.6679033520387176,1.4972226100491723,1.0
17,hbm2_8hi_2stack,0.8845509074697965,2.261034365699626,2.0
17,hbm2_8hi_no_pim,0.7416006351726044,0.9896691342661808,0.7339392585825212
18,hbm2_4hi_1stack,1.5894848765811778,0.6291346427597975,1.0
18,hbm2_8hi_1stack,1.0,1.0,1.0
18,hbm2_12hi_1stack,0.6843964706303838,1.4611413747924797,1.0
18,hbm2_8hi_2stack,0.8534224316160761,2.343505309806208,2.0
18,hbm2_8hi_no_pim,0.9389362971455524,0.962185262994648,0.9034306680042143
19,hbm2_4hi_1stack,1.4209184960612609,0.7037701337353036,1.0
19,hbm2_8hi_1stack,1.0,1.0,1.0
19,hbm2_12hi_1stack,0.7711136244953601,1.2968257442661968,1.0
19,hbm2_8hi_2stack,1.1664851195969705,1.7145525188448312,2.0
19,hbm2_8hi_no_pim,0.6106206957956405,1.0254866190609462,0.6261833528601138
20,hbm2_4hi_1stack,1.5625756256763805,0.6399690252221472,1.0
20,hbm2_8hi_1stack,1.0,1.0,1.0
20,hbm2_12hi_1stack,0.7015509772810719,1.4254131665179857,1.0
20,hbm2_8hi_2stack,0.9634177612950633,2.0759426287839275,2.0
20,hbm2_8hi_no_pim,0.3312023795580113,1.2098240273843561,0.4006965967161554
21,hbm2_4hi_1stack,1.5723936293209362,0.6359730676547363,1.0
21,hbm2_8hi_1stack,1.0,1.0,1.0
21,hbm2_12hi_1stack,0.6950132158347837,1.4388215608229769,1.0
21,hbm2_8hi_2stack,0.941146496077522,2.1250676789804044,2.0
21,hbm2_8hi_no_pim,0.5007148267871542,1.0952178159368624,0.5483917990010314
22,hbm2_4hi_1stack,1.7320668559916537,0.5773449197649324,1.0
22,hbm2_8hi_1stack,1.0,1.0,1.0
22,hbm2_12hi_1stack,0.6304692392137219,1.5861202066688165,1.0
22,hbm2_8hi_2stack,0.8014309158031494,2.495536371960035,2.0
22,hbm2_8hi_no_pim,0.5948668396222044,1.0554166091010722,0.6278323427407383
23,hbm2_4hi_1stack,1.4268464102602911,0.7008462808674523,1.0
23,hbm2_8hi_1stack,1.0,1.0,1.0
23,hbm2_12hi_1stack,0.7636451098898397,1.309508811160011,1.0
23,hbm2_8hi_2stack,1.158818448676284,1.725895891875553,2.0
23,hbm2_8hi_no_pim,0.5352397286231864,1.126669774706293,0.6030384244617428
24,hbm2_4hi_1stack,1.5464388855684803,0.6466469572978915,1.0
24,hbm2_8hi_1stack,1.0,1.0,1.0
24,hbm2_12hi_1stack,0.7081001035890272,1.4122297044322818,1.0
24,hbm2_8hi_2stack,0.9650111121260015,2.0725149947691586,2.0
24,hbm2_8hi_no_pim,0.6088085835809068,1.0115824159382456,0.615860057822715
25,hbm2_4hi_1stack,1.6592535265744273,0.6026806536699225,1.0
25,hbm2_8hi_1stack,1.0,1.0,1.0
25,hbm2_12hi_1stack,0.6591949179363088,1.5170019864998712,1.0
25,hbm2_8hi_2stack,0.9076372178392461,2.2035235672257603,2.0
25,hbm2_8hi_no_pim,0.3643402518375277,1.1648796892062254,0.4244125593258172
26,hbm2_4hi_1stack,1.730359617342199,0.5779145502343507,1.0
26,hbm2_8hi_1stack,1.0,1.0,1.0
26,hbm2_12hi_1stack,0.6326204100263455,1.5807267425316787,1.0
26,hbm2_8hi_2stack,0.7751000497063728,2.58031205230557,2.0
26,hbm2_8hi_no_pim,0.34570630753658593,1.1965129572587114,0.41364207637358996
27,hbm2_4hi_1stack,1.6344305248885669,0.6118338985795548,1.0
27,hbm2_8hi_1stack,1.0,1.0,1.0
27,hbm2_12hi_1stack,0.668088331033231,1.4968080619720623,1.0
27,hbm2_8hi_2stack,0.8257498967459088,2.4220408720383033,2.0
27,hbm2_8hi_no_pim,0.3471056700489787,1.2171594405257422,0.42248294316012774
28,hbm2_4hi_1stack,1.8055294216111437,0.5538541704336567,1.0
28,hbm2_8hi_1stack,1.0,1.0,1.0
28,hbm2_12hi_1stack,0.607327344435923,1.6465584979197436,1.0
28,hbm2_8hi_2stack,0.7064629169498371,2.83100492894238,2.0
28,hbm2_8hi_no_pim,0.40841227650545486,1.106782221096399,0.45202344651374393
29,hbm2_4hi_1stack,1.727277865703211,0.578945646126762,1.0
29,hbm2_8hi_1stack,1.0,1.0,1.0
29,hbm2_12hi_1stack,0.6341639412722533,1.5768793129325678,1.0
29,hbm2_8hi_2stack,0.7501647435655808,2.6660810404043684,2.0
29,hbm2_8hi_no_pim,1.013523455584658,0.9425620939895488,0.9553087906033987
30,hbm2_4hi_1stack,1.5175476642830508,0.6589578854990623,1.0
30,hbm2_8hi_1stack,1.0,1.0,1.0
30,hbm2_12hi_1stack,0.7176462434392561,1.393444206169865,1.0
30,hbm2_8hi_2stack,1.0653675241458755,1.877286433715385,2.0
30,hbm2_8hi_no_pim,0.7958953669057547,1.0381763932069137,0.8262797813843096
31,hbm2_4hi_1stack,1.5555740077593352,0.6428495172919547,1.0
31,hbm2_8hi_1stack,1.0,1.0,1.0
31,hbm2_12hi_1stack,0.7039861196485602,1.4204825522685223,1.0
31,hbm2_8hi_2stack,0.956147211523794,2.0917281103739636,2.0
31,hbm2_8hi_no_pim,0.6915833933877713,0.9883966608680692,0.6835587167362815
32,hbm2_4hi_1stack,1.4391778035175862,0.6948411777584648,1.0
32,hbm2_8hi_1stack,1.0,1.0,1.0
32,hbm2_12hi_1stack,0.7565497820025965,1.3217900841276933,1.0
32,hbm2_8hi_2stack,1.0912891344977427,1.832694871392158,2.0
32,hbm2_8hi_no_pim,0.44989727717808253,1.1291670681612236,0.5080091894448928
33,hbm2_4hi_1stack,1.5225676057822752,0.6567852857254329,1.0
33,hbm2_8hi_1stack,1.0,1.0,1.0
33,hbm2_12hi_1stack,0.7182188721145303,1.3923332271343263,1.0
33,hbm2_8hi_2stack,1.0287976444937792,1.9440168926359682,2.0
33,hbm2_8hi_no_pim,0.746442240021478,1.0123403865367346,0.7556536257906891
34,hbm2_4hi_1stack,1.4895023883431748,0.671365153776178,1.0
34,hbm2_8hi_1stack,1.0,1.0,1.0
34,hbm2_12hi_1stack,0.7349388013853629,1.360657510686598,1.0
34,hbm2_8hi_2stack,1.121905301963275,1.7826816545925095,2.0
34,hbm2_8hi_no_pim,0.643183789642858,1.0098402531899668,0.6495128809806261
35,hbm2_4hi_1stack,1.6107931031387956,0.6208121937270512,1.0
35,hbm2_8hi_1stack,1.0,1.0,1.0
35,hbm2_12hi_1stack,0.6816665460970183,1.46699292451074,1.0
35,hbm2_8hi_2stack,0.9165407550752762,2.1821179133880833,2.0
35,hbm2_8hi_no_pim,0.8605689842388132,0.9859464627704193,0.8484749459801906
36,hbm2_4hi_1stack,1.5388708281176884,0.6498271211126779,1.0
36,hbm2_8hi_1stack,1.0,1.0,1.0
36,hbm2_12hi_1stack,0.709987849471937,1.4084748080460296,1.0
36,hbm2_8hi_2stack,0.9635177872042042,2.0757271184409674,2.0
36,hbm2_8hi_no_pim,0.3489758294181632,1.1913346151779085,0.41574698544627886
37,hbm2_4hi_1stack,1.372640667675261,0.728522783529083,1.0
37,hbm2_8hi_1stack,1.0,1.0,1.0
37,hbm2_12hi_1stack,0.7937658112543035,1.2598174245119056,1.0
37,hbm2_8hi_2stack,1.2588696458399948,1.588726844442641,2.0
37,hbm2_8hi_no_pim,0.9102698511197518,0.9395626417569364,0.8552555460297672
38,hbm2_4hi_1stack,1.481266088554925,0.6750981526726015,1.0
38,hbm2_8hi_1stack,1.0,1.0,1.0
38,hbm2_12hi_1stack,0.7390625105359407,1.3530655198229944,1.0
38,hbm2_8hi_2stack,1.0452446221419394,1.9134276872925249,2.0
38,hbm2_8hi_no_pim,0.5356968799301475,1.0620562831909717,0.5689402372156126
39,hbm2_4hi_1stack,1.5710516471942135,0.6365163117240155,1.0
39,hbm2_8hi_1stack,1.0,1.0,1.0
39,hbm2_12hi_1stack,0.6946232186575297,1.4396293891998884,1.0
39,hbm2_8hi_2stack,1.005603927150772,1.988854603687458,2.0
39,hbm2_8hi_no_pim,0.5553729111617165,1.0948540493220313,0.60805228066917
40,hbm2_4hi_1stack,1.4156307562375903,0.7063988936336493,1.0
40,hbm2_8hi_1stack,1.0,1.0,1.0
40,hbm2_12hi_1stack,0.7690486983620177,1.3003077726155459,1.0
40,hbm2_8hi_2stack,1.1375130396555757,1.7582216029853814,2.0
40,hbm2_8hi_no_pim,0.6154478688398355,1.088414052128865,0.6698621087980395
41,hbm2_4hi_1stack,1.4397731717871276,0.6945538502837524,1.0
41,hbm2_8hi_1stack,1.0,1.0,1.0
41,hbm2_12hi_1stack,0.7595872969167938,1.316504375545845,1.0
41,hbm2_8hi_2stack,1.1973384183411513,1.6703715251790665,2.0
41,hbm2_8hi_no_pim,0.5005764481742729,1.0825519311174534,0.541900000642975
42,hbm2_4hi_1stack,1.469481930353595,0.6805119405308878,1.0
42,hbm2_8hi_1stack,1.0,1.0,1.0
42,hbm2_12hi_1stack,0.7439679178541322,1.3441439825582202,1.0
42,hbm2_8hi_2stack,1.1035301656130716,1.8123654996679588,2.0
42,hbm2_8hi_no_pim,0.5236202426643021,1.0552243161401111,0.5525368124825571
43,hbm2_4hi_1stack,1.5939205834715195,0.6273838297652351,1.0
43,hbm2_8hi_1stack,1.0,1.0,1.0
43,hbm2_12hi_1stack,0.6887340389831025,1.4519392732156429,1.0
43,hbm2_8hi_2stack,0.9444374853990194,2.1176626626112913,2.0
43,hbm2_8hi_no_pim,0.9321061502321856,0.9707238519144537,0.9048176725465396
44,hbm2_4hi_1stack,1.7277007921540555,0.5788039251595319,1.0
44,hbm2_8hi_1stack,1.0,1.0,1.0
44,hbm2_12hi_1stack,0.6326414979673501,1.580674051912429,1.0
44,hbm2_8hi_2stack,0.7662940518415453,2.609964145217665,2.0
44,hbm2_8hi_no_pim,0.36223698444780134,1.2159563072014354,0.4404643459409323
45,hbm2_4hi_1stack,1.6145673570671486,0.6193609672726778,1.0
45,hbm2_8hi_1stack,1.0,1.0,1.0
45,hbm2_12hi_1stack,0.6801207320447039,1.4703271829306193,1.0
45,hbm2_8hi_2stack,0.9545591558053261,2.095208021249007,2.0
45,hbm2_8hi_no_pim,0.7163876347974285,1.01431649346075,0.7266437936863681
46,hbm2_4hi_1stack,1.4135067517377664,0.7074603632211867,1.0
46,hbm2_8hi_1stack,1.0,1.0,1.0
46,hbm2_12hi_1stack,0.7706987678177953,1.297523807948289,1.0
46,hbm2_8hi_2stack,1.2380120889684534,1.615493110141159,2.0
46,hbm2_8hi_no_pim,0.46191729973239415,1.077743916854775,0.49782855987657165
47,hbm2_4hi_1stack,1.4545893366804055,0.6874792594603728,1.0
47,hbm2_8hi_1stack,1.0,1.0,1.0
47,hbm2_12hi_1stack,0.7528485928571612,1.3282883298019674,1.0
47,hbm2_8hi_2stack,1.092139289879082,1.831268244384316,2.0
47,hbm2_8hi_no_pim,0.46562641937334254,1.1085412946131932,0.5161661137382307
48,hbm2_4hi_1stack,1.7622008839722427,0.5674721929238071,1.0
48,hbm2_8hi_1stack,1.0,1.0,1.0
48,hbm2_12hi_1stack,0.6229799669532299,1.605188052660247,1.0
48,hbm2_8hi_2stack,0.7778283643391667,2.5712613369392554,2.0
48,hbm2_8hi_no_pim,0.40591446439363155,1.193094768076675,0.4842944237546876
49,hbm2_4hi_1stack,1.4855566269701732,0.673148355199036,1.0
49,hbm2_8hi_1stack,1.0,1.0,1.0
49,hbm2_12hi_1stack,0.7360580274460392,1.358588538827274,1.0
49,hbm2_8hi_2stack,1.0629856564037328,1.8814929326199483,2.0
49,hbm2_8hi_no_pim,0.47383543103480025,1.1207829229942015,0.5310666594134008
50,hbm2_4hi_1stack,1.7604963989046858,0.5680216106219599,1.0
50,hbm2_8hi_1stack,1.0,1.0,1.0
50,hbm2_12hi_1stack,0.6244488472151006,1.6014121964669674,1.0
50,hbm2_8hi_2stack,0.758226033851122,2.63773586069283,2.0
50,hbm2_8hi_no_pim,0.38342932565168597,1.1177537578885228,0.4285795696318342
51,hbm2_4hi_1stack,1.5842124349171955,0.63122847539842,1.0
51,hbm2_8hi_1stack,1.0,1.0,1.0
51,hbm2_12hi_1stack,0.6874433104689864,1.4546654026173906,1.0
51,hbm2_8hi_2stack,0.9037068282198079,2.213107102377168,2.0
51,hbm2_8hi_no_pim,0.37642931101833843,1.1992798667586357,0.45144409396211793
52,hbm2_4hi_1stack,1.511261009068605,0.6616990672023645,1.0
52,hbm2_8hi_1stack,1.0,1.0,1.0
52,hbm2_12hi_1stack,0.7201265969500378,1.3886447247405025,1.0
52,hbm2_8hi_2stack,1.0660449784593538,1.8760934485995104,2.0
52,hbm2_8hi_no_pim,0.45763884584308395,1.1140463218955368,0.5098308729680062
53,hbm2_4hi_1stack,1.4343553307390458,0.6971773162266243,1.0
53,hbm2_8hi_1stack,1.0,1.0,1.0
53,hbm2_12hi_1stack,0.7624225365967193,1.3116086579284139,1.0
53,hbm2_8hi_2stack,1.1440656371743276,1.7481514477960403,2.0
53,hbm2_8hi_no_pim,0.4057170617758723,1.148526664794278,0.46597686381157666
54,hbm2_4hi_1stack,1.3972282338445485,0.7157026860589886,1.0
54,hbm2_8hi_1stack,1.0,1.0,1.0
54,hbm2_12hi_1stack,0.7802649799124224,1.281615894272534,1.0
54,hbm2_8hi_2stack,1.212337888772599,1.6497051016238136,2.0
54,hbm2_8hi_no_pim,0.5864061573815481,1.0934496965551264,0.6412056348469115
55,hbm2_4hi_1stack,1.3859443054124478,0.7215297152235902,1.0
55,hbm2_8hi_1stack,1.0,1.0,1.0
55,hbm2_12hi_1stack,0.790455861895161,1.2650927752024579,1.0
55,hbm2_8hi_2stack,1.2742983077077963,1.5694912155989547,2.0
55,hbm2_8hi_no_pim,0.49231029083040195,1.140153196847751,0.5613091519313288
56,hbm2_4hi_1stack,1.6217919983420794,0.6166018829925644,1.0
56,hbm2_8hi_1stack,1.0,1.0,1.0
56,hbm2_12hi_1stack,0.675719724655876,1.479903521403449,1.0
56,hbm2_8hi_2stack,0.9004546605669768,2.2211001703746946,2.0
56,hbm2_8hi_no_pim,0.3888498305659092,1.1643176719262718,0.45274472945342464
57,hbm2_4hi_1stack,1.6449244965583152,0.6079306388179553,1.0
57,hbm2_8hi_1stack,1.0,1.0,1.0
57,hbm2_12hi_1stack,0.6649609644824142,1.5038476743944966,1.0
57,hbm2_8hi_2stack,0.8289564830684187,2.4126718842910937,2.0
57,hbm2_8hi_no_pim,0.5673909373994256,1.0456032314719004,0.5932657976527101
58,hbm2_4hi_1stack,1.5421988960171449,0.648424793055281,1.0
58,hbm2_8hi_1stack,1.0,1.0,1.0
58,hbm2_12hi_1stack,0.705309449640488,1.4178173857017262,1.0
58,hbm2_8hi_2stack,0.9569392439904177,2.0899968441674934,2.0
58,hbm2_8hi_no_pim,0.3927987506868319,1.1212018373991244,0.4404066809981565
59,hbm2_4hi_1stack,1.4570228867682133,0.686331017227928,1.0
59,hbm2_8hi_1stack,1.0,1.0,1.0
59,hbm2_12hi_1stack,0.753341123933672,1.3274199007992096,1.0
59,hbm2_8hi_2stack,1.1992267696210837,1.6677412901914577,2.0
59,hbm2_8hi_no_pim,0.3754285103254961,1.1496721327817419,0.43161969617298535
60,hbm2_4hi_1stack,1.7545087881815156,0.5699600975133693,1.0
60,hbm2_8hi_1stack,1.0,1.0,1.0
60,hbm2_12hi_1stack,0.6235810986631998,1.6036406525851203,1.0
60,hbm2_8hi_2stack,0.8135211894452415,2.4584485640304528,2.0
60,hbm2_8hi_no_pim,0.7323410669834892,1.0155629143803937,0.7437384283061994
61,hbm2_4hi_1stack,1.588771955760672,0.6294169508557445,1.0
61,hbm2_8hi_1stack,1.0,1.0,1.0
61,hbm2_12hi_1stack,0.6887640497130963,1.4518760095224896,1.0
61,hbm2_8hi_2stack,0.9226438631429699,2.1676836316745614,2.0
61,hbm2_8hi_no_pim,0.6605089602435971,1.0635045008793131,0.7024542520901808
62,hbm2_4hi_1stack,1.4666599998737964,0.6818212810644924,1.0
62,hbm2_8hi_1stack,1.0,1.0,1.0
62,hbm2_12hi_1stack,0.7446273851469788,1.3429535630127467,1.0
62,hbm2_8hi_2stack,1.058776279482564,1.8889731841909256,2.0
62,hbm2_8hi_no_pim,0.8837923929713674,1.0137235829011026,0.8959211911436739
63,hbm2_4hi_1stack,1.4792142137201305,0.6760346072426272,1.0
63,hbm2_8hi_1stack,1.0,1.0,1.0
63,hbm2_12hi_1stack,0.7376724958172652,1.3556151349957855,1.0
63,hbm2_8hi_2stack,1.134397444040187,1.7630505168249906,2.0
63,hbm2_8hi_no_pim,0.9863789342136369,0.9595973577827704,0.946526619043991
64,hbm2_4hi_1stack,1.6312665087232734,0.6130206159768827,1.0
64,hbm2_8hi_1stack,1.0,1.0,1.0
64,hbm2_12hi_1stack,0.6699961851524849,1.4925458116935535,1.0
64,hbm2_8hi_2stack,0.9108668384089152,2.195710630429319,2.0
64,hbm2_8hi_no_pim,0.3522721493556605,1.1719095522885852,0.4128310968351297
65,hbm2_4hi_1stack,1.4438071619213801,0.6926132702300954,1.0
65,hbm2_8hi_1stack,1.0,1.0,1.0
65,hbm2_12hi_1stack,0.7592108902491767,1.3171570809156796,1.0
65,hbm2_8hi_2stack,1.1698211322782914,1.7096630799487176,2.0
65,hbm2_8hi_no_pim,0.6417584253304888,1.0533413342465425,0.6759906760015771
66,hbm2_4hi_1stack,1.538194612397683,0.6501127958322748,1.0
66,hbm2_8hi_1stack,1.0,1.0,1.0
66,hbm2_12hi_1stack,0.7099334779315133,1.4085826786386164,1.0
66,hbm2_8hi_2stack,1.0330367813043848,1.9360394868754427,2.0
66,hbm2_8hi_no_pim,0.5932131543510296,1.1032175075520727,0.6544431375902459
67,hbm2_4hi_1stack,1.6920836609083407,0.5909873271060263,1.0
67,hbm2_8hi_1stack,1.0,1.0,1.0
67,hbm2_12hi_1stack,0.648169973715076,1.5428051908488778,1.0
67,hbm2_8hi_2stack,0.8375188303870056,2.3880060094599047,2.0
67,hbm2_8hi_no_pim,0.9468037540032477,0.9319035655282906,0.8823297942111971
68,hbm2_4hi_1stack,1.65842986384772,0.6029799763011394,1.0
68,hbm2_8hi_1stack,1.0,1.0,1.0
68,hbm2_12hi_1stack,0.6561232206849585,1.5241039616858125,1.0
68,hbm2_8hi_2stack,0.8459367823520242,2.364242862734073,2.0
68,hbm2_8hi_no_pim,0.6472957733281751,1.0546853303782862,0.6826933565450946
69,hbm2_4hi_1stack,1.6552817648247709,0.6041267542785144,1.0
69,hbm2_8hi_1stack,1.0,1.0,1.0
69,hbm2_12hi_1stack,0.6600896532756206,1.5149457275047602,1.0
69,hbm2_8hi_2stack,0.8933520881368441,2.238758969233684,2.0
69,hbm2_8hi_no_pim,0.9887708623727868,0.9494592481042791,0.9387976395358857
70,hbm2_4hi_1stack,1.4198091451061952,0.7043200161421729,1.0
70,hbm2_8hi_1stack,1.0,1.0,1.0
70,hbm2_12hi_1stack,0.7723719477858468,1.2947129978848828,1.0
70,hbm2_8hi_2stack,1.214822468528303,1.6463310910135707,2.0
70,hbm2_8hi_no_pim,0.8026969960961364,0.995887551576301,0.799395946099833
71,hbm2_4hi_1stack,1.7358758674243941,0.5760780587863982,1.0
71,hbm2_8hi_1stack,1.0,1.0,1.0
71,hbm2_12hi_1stack,0.6308501890173962,1.5851624005337726,1.0
71,hbm2_8hi_2stack,0.8096064940536047,2.470335915891972,2.0
71,hbm2_8hi_no_pim,0.7031844549866201,1.0539989279626545,0.7411556617159011
72,hbm2_4hi_1stack,1.6396316052617672,0.609893098419721,1.0
72,hbm2_8hi_1stack,1.0,1.0,1.0
72,hbm2_12hi_1stack,0.6653122529273167,1.5030536347408094,1.0
72,hbm2_8hi_2stack,0.8473813051213474,2.360212560641274,2.0
72,hbm2_8hi_no_pim,0.7598890155022502,0.9915276086345921,0.7534509383686406
73,hbm2_4hi_1stack,1.5018794414479562,0.6658324046542003,1.0
73,hbm2_8hi_1stack,1.0,1.0,1.0
73,hbm2_12hi_1stack,0.7281593864694867,1.373325701188231,1.0
73,hbm2_8hi_2stack,1.0424756807431517,1.9185099824815635,2.0
73,hbm2_8hi_no_pim,0.5765329267087026,1.0816639719436152,0.6236148954600125
74,hbm2_4hi_1stack,1.7977895734225864,0.5562386247998008,1.0
74,hbm2_8hi_1stack,1.0,1.0,1.0
74,hbm2_12hi_1stack,0.6081446538150886,1.64434562357274,1.0
74,hbm2_8hi_2stack,0.7738837318996213,2.5843675445802177,2.0
74,hbm2_8hi_no_pim,0.5447534521499072,1.039127681202409,0.5660683915595406
75,hbm2_4hi_1stack,1.4442680140122557,0.6923922639690296,1.0
75,hbm2_8hi_1stack,1.0,1.0,1.0
75,hbm2_12hi_1stack,0.7555992556474801,1.3234528654254571,1.0
75,hbm2_8hi_2stack,1.162958547553706,1.719751752293337,2.0
75,hbm2_8hi_no_pim,0.5106950065584183,1.0813657054195989,0.5522480660213106
76,hbm2_4hi_1stack,1.4828484890730613,0.6743777313521132,1.0
76,hbm2_8hi_1stack,1.0,1.0,1.0
76,hbm2_12hi_1stack,0.7401998959719241,1.350986409808858,1.0
76,hbm2_8hi_2stack,1.1227026851663686,1.7814155309547768,2.0
76,hbm2_8hi_no_pim,0.5154931602235082,1.091934878062762,0.5628849610508443
77,hbm2_4hi_1stack,1.5214626956313635,0.6572622535349305,1.0
77,hbm2_8hi_1stack,1.0,1.0,1.0
77,hbm2_12hi_1stack,0.7175793233848774,1.393574156070889,1.0
77,hbm2_8hi_2stack,0.9533374440097616,2.0978930520005057,2.0
77,hbm2_8hi_no_pim,0.3597888185601524,1.187552385352006,0.42726806970408904
78,hbm2_4hi_1stack,1.6655444582216656,0.6004042672434692,1.0
78,hbm2_8hi_1stack,1.0,1.0,1.0
78,hbm2_12hi_1stack,0.6569101339169173,1.5222782361985527,1.0
78,hbm2_8hi_2stack,0.8407518187891632,2.3788232809063286,2.0
78,hbm2_8hi_no_pim,0.4661376648266774,1.097686663476908,0.5116730980245128
79,hbm2_4hi_1stack,1.5520512205845038,0.644308632819089,1.0
79,hbm2_8hi_1stack,1.0,1.0,1.0
79,hbm2_12hi_1stack,0.7037417707341255,1.420975763534436,1.0
79,hbm2_8hi_2stack,0.9928583898386701,2.014385959235315,2.0
79,hbm2_8hi_no_pim,0.6899949356425844,1.0419385922063287,0.7189323518729308
80,hbm2_4hi_1stack,1.7500315844226737,0.5714182583338316,1.0
80,hbm2_8hi_1stack,1.0,1.0,1.0
80,hbm2_12hi_1stack,0.626573176658152,1.5959827794313375,1.0
80,hbm2_8hi_2stack,0.8033179122487525,2.4896743487286854,2.0
80,hbm2_8hi_no_pim,0.3897784728035508,1.1136123532223623,0.4340621223341808
81,hbm2_4hi_1stack,1.7003528868719064,0.5881132132752003,1.0
81,hbm2_8hi_1stack,1.0,1.0,1.0
81,hbm2_12hi_1stack,0.6457054012294557,1.5486938750952826,1.0
81,hbm2_8hi_2stack,0.8467721590127609,2.3619104368426216,2.0
81,hbm2_8hi_no_pim,0.3924658169120809,1.1197639739000045,0.43946908276538327
82,hbm2_4hi_1stack,1.460519400549605,0.6846879265168899,1.0
82,hbm2_8hi_1stack,1.0,1.0,1.0
82,hbm2_12hi_1stack,0.7499419034923381,1.3334366240147248,1.0
82,hbm2_8hi_2stack,1.1422802974200494,1.7508837406345827,2.0
82,hbm2_8hi_no_pim,0.3969351198142654,1.125925099924242,0.44691921444031774
83,hbm2_4hi_1stack,1.5183554762656526,0.6586072995629907,1.0
83,hbm2_8hi_1stack,1.0,1.0,1.0
83,hbm2_12hi_1stack,0.7203067446560633,1.3882974266435426,1.0
83,hbm2_8hi_2stack,1.0167102054325392,1.9671288724294251,2.0
83,hbm2_8hi_no_pim,0.4365587426855611,1.1299317410787744,0.4932815802058567
84,hbm2_4hi_1stack,1.7650013158277142,0.5665718155745626,1.0
84,hbm2_8hi_1stack,1.0,1.0,1.0
84,hbm2_12hi_1stack,0.6210858774923012,1.6100833012619833,1.0
84,hbm2_8hi_2stack,0.7595136010433521,2.6332642328624245,2.0
84,hbm2_8hi_no_pim,0.6881535399074029,1.0214049972204569,0.7028834645163684
85,hbm2_4hi_1stack,1.4417117921144824,0.6936199075776115,1.0
85,hbm2_8hi_1stack,1.0,1.0,1.0
85,hbm2_12hi_1stack,0.7588157784597828,1.3178429183823304,1.0
85,hbm2_8hi_2stack,1.1780140753191821,1.6977725834541504,2.0
85,hbm2_8hi_no_pim,0.6077579708189812,1.0290707418497587,0.6254259458957929
86,hbm2_4hi_1stack,1.5926288024272894,0.6278927007196672,1.0
86,hbm2_8hi_1stack,1.0,1.0,1.0
86,hbm2_12hi_1stack,0.6832982004020656,1.463489878081899,1.0
86,hbm2_8hi_2stack,0.9101327578315185,2.1974816122047933,2.0
86,hbm2_8hi_no_pim,0.6928686241012827,1.0599408189430917,0.7343997368498867
87,hbm2_4hi_1stack,1.548488788557352,0.6457909204054677,1.0
87,hbm2_8hi_1stack,1.0,1.0,1.0
87,hbm2_12hi_1stack,0.7070680731363296,1.4142909827116326,1.0
87,hbm2_8hi_2stack,0.9734544862944177,2.0545387875433834,2.0
87,hbm2_8hi_no_pim,0.37276421458378817,1.1554497168484847,0.43071030619208583
88,hbm2_4hi_1stack,1.7647396415665861,0.5666558264154393,1.0
88,hbm2_8hi_1stack,1.0,1.0,1.0
88,hbm2_12hi_1stack,0.6216543976256239,1.6086108355694855,1.0
88,hbm2_8hi_2stack,0.7673579365928598,2.6063456238951344,2.0
88,hbm2_8hi_no_pim,0.588861047754279,1.0397570123842366,0.6122724037224404
89,hbm2_4hi_1stack,1.6745687358460826,0.5971686790717169,1.0
89,hbm2_8hi_1stack,1.0,1.0,1.0
89,hbm2_12hi_1stack,0.6535924324498469,1.5300054748977445,1.0
89,hbm2_8hi_2stack,0.8425245611016011,2.373818037286651,2.0
89,hbm2_8hi_no_pim,0.4259197294718823,1.0895784597946125,0.46407296283411154
90,hbm2_4hi_1stack,1.5912016648828229,0.6284558532520393,1.0
90,hbm2_8hi_1stack,1.0,1.0,1.0
90,hbm2_12hi_1stack,0.685063559019984,1.4597185718512713,1.0
90,hbm2_8hi_2stack,0.8692994113270396,2.3007032720140415,2.0
90,hbm2_8hi_no_pim,0.5653409244685988,1.1053984210211325,0.6249269652462165
91,hbm2_4hi_1stack,1.5311907693393882,0.6530864866899875,1.0
91,hbm2_8hi_1stack,1.0,1.0,1.0
91,hbm2_12hi_1stack,0.7163228654507898,1.396018538889847,1.0
91,hbm2_8hi_2stack,1.007251725472717,1.9856009668897543,2.0
91,hbm2_8hi_no_pim,0.7992338372112199,0.9709177312105405,0.775990303931812
92,hbm2_4hi_1stack,1.5536182564477208,0.6436587597048812,1.0
92,hbm2_8hi_1stack,1.0,1.0,1.0
92,hbm2_12hi_1stack,0.7043489025563084,1.41975091658506,1.0
92,hbm2_8hi_2stack,0.9204797863689939,2.172779923706285,2.0
92,hbm2_8hi_no_pim,1.0069398140093038,0.9202829679404717,0.9266695605739086
93,hbm2_4hi_1stack,1.5379224412867547,0.6502278483974239,1.0
93,hbm2_8hi_1stack,1.0,1.0,1.0
93,hbm2_12hi_1stack,0.7122231852480684,1.404054263765225,1.0
93,hbm2_8hi_2stack,1.0489768917027986,1.9066196937412134,2.0
93,hbm2_8hi_no_pim,0.5202003568920583,1.1099765738796399,0.5774102098740128
94,hbm2_4hi_1stack,1.5982037789277765,0.6257024374394189,1.0
94,hbm2_8hi_1stack,1.0,1.0,1.0
94,hbm2_12hi_1stack,0.6837654068363682,1.4624898978536798,1.0
94,hbm2_8hi_2stack,0.8966180916670312,2.2306041095841747,2.0
94,hbm2_8hi_no_pim,0.512034295165669,1.1340969008699158,0.5806965072864969
95,hbm2_4hi_1stack,1.7083860065136562,0.5853478055821375,1.0
95,hbm2_8hi_1stack,1.0,1.0,1.0
95,hbm2_12hi_1stack,0.6397572447754762,1.5630928890081603,1.0
95,hbm2_8hi_2stack,0.8313680286534281,2.4056734575653724,2.0
95,hbm2_8hi_no_pim,0.3767293104775664,1.1431810258478927,0.43066979961871366
96,hbm2_4hi_1stack,1.7254051767823853,0.5795740116329348,1.0
96,hbm2_8hi_1stack,1.0,1.0,1.0
96,hbm2_12hi_1stack,0.6345296737301749,1.5759704256561473,1.0
96,hbm2_8hi_2stack,0.8246460462380732,2.4252829551826953,2.0
96,hbm2_8hi_no_pim,0.6530429209071857,1.0328533533919395,0.6744975707678539
97,hbm2_4hi_1stack,1.526555754294859,0.6550694248713611,1.0
97,hbm2_8hi_1stack,1.0,1.0,1.0
97,hbm2_12hi_1stack,0.7151867295710684,1.3982362348917572,1.0
97,hbm2_8hi_2stack,1.0240660780493214,1.9529989742553266,2.0
97,hbm2_8hi_no_pim,0.8687985624501949,0.9685240794841499,0.8414523279542278
98,hbm2_4hi_1stack,1.4930641871423616,0.6697635698529091,1.0
98,hbm2_8hi_1stack,1.0,1.0,1.0
98,hbm2_12hi_1stack,0.7298983959266977,1.3700537027902004,1.0
98,hbm2_8hi_2stack,1.0172566252054642,1.9660722284271606,2.0
98,hbm2_8hi_no_pim,0.36224939487890834,1.1797390045654434,0.42735974051887754
99,hbm2_4hi_1stack,1.3634087541056383,0.7334557571151689,1.0
99,hbm2_8hi_1stack,1.0,1.0,1.0
99,hbm2_12hi_1stack,0.7996359565592291,1.2505690768370668,1.0
99,hbm2_8hi_2stack,1.230350100979272,1.6255535708154456,2.0
99,hbm2_8hi_no_pim,0.4992677101296679,1.0792151198292885,0.5388172616144841
100,hbm2_4hi_1stack,1.566292760199361,0.6384502472403166,1.0
100,hbm2_8hi_1stack,1.0,1.0,1.0
100,hbm2_12hi_1stack,0.697247236567527,1.4342114927882572,1.0
100,hbm2_8hi_2stack,0.9795899275142963,2.0416706458742264,2.0
100,hbm2_8hi_no_pim,0.45819599458640126,1.1141894804359276,0.5105171571460455
101,hbm2_4hi_1stack,1.4628496900089658,0.68359723273679,1.0
101,hbm2_8hi_1stack,1.0,1.0,1.0
101,hbm2_12hi_1stack,0.7487902672631321,1.3354874438406534,1.0
101,hbm2_8hi_2stack,1.1760326835315458,1.700633007914488,2.0
101,hbm2_8hi_no_pim,0.6457563324599538,1.087674844469124,0.7023729184733322
102,hbm2_4hi_1stack,1.638934364001594,0.6101525613011232,1.0
102,hbm2_8hi_1stack,1.0,1.0,1.0
102,hbm2_12hi_1stack,0.6699881295556792,1.4925637573059347,1.0
102,hbm2_8hi_2stack,0.8863224642161616,2.2565150729523067,2.0
102,hbm2_8hi_no_pim,0.5127901865446187,1.1178718470696343,0.5732337129918152
103,hbm2_4hi_1stack,1.6128952927918951,0.6200030494657942,1.0
103,hbm2_8hi_1stack,1.0,1.0,1.0
103,hbm2_12hi_1stack,0.6814899135641846,1.4673731482979862,1.0
103,hbm2_8hi_2stack,0.9560091477457339,2.092030191045758,2.0
103,hbm2_8hi_no_pim,1.0057633192016326,0.9794741514172353,0.985119173601601
104,hbm2_4hi_1stack,1.6745920603818079,0.5971603614148269,1.0
104,hbm2_8hi_1stack,1.0,1.0,1.0
104,hbm2_12hi_1stack,0.6532597888626284,1.530784562357758,1.0
104,hbm2_8hi_2stack,0.8009582454898576,2.4970090654061763,2.0
104,hbm2_8hi_no_pim,0.5208540775666542,1.068818061795407,0.556698245663026
105,hbm2_4hi_1stack,1.519793367803375,0.6579841846825167,1.0
105,hbm2_8hi_1stack,1.0,1.0,1.0
105,hbm2_12hi_1stack,0.7216381098792058,1.3857361277211215,1.0
105,hbm2_8hi_2stack,1.0486535808858883,1.907207524443322,2.0
105,hbm2_8hi_no_pim,0.4270012771979029,1.137993043716171,0.4859244831091339
106,hbm2_4hi_1stack,1.5193851500661981,0.6581609672547023,1.0
106,hbm2_8hi_1stack,1.0,1.0,1.0
106,hbm2_12hi_1stack,0.7154422043442349,1.3977369435684706,1.0
106,hbm2_8hi_2stack,0.9989627705733392,2.002076612777202,2.0
106,hbm2_8hi_no_pim,0.34481627806812587,1.1905152103129408,0.4105090238036003
107,hbm2_4hi_1stack,1.75959971256153,0.5683110726042653,1.0
107,hbm2_8hi_1stack,1.0,1.0,1.0
107,hbm2_12hi_1stack,0.6220359542632272,1.6076241142434502,1.0
107,hbm2_8hi_2stack,0.7492205135283764,2.669441057588249,2.0
107,hbm2_8hi_no_pim,0.5096163590785064,1.091604104799063,0.5562993094428509
108,hbm2_4hi_1stack,1.5038147251738065,0.6649755340601702,1.0
108,hbm2_8hi_1stack,1.0,1.0,1.0
108,hbm2_12hi_1stack,0.7282346130311533,1.3731838367825848,1.0
108,hbm2_8hi_2stack,1.0384031429026224,1.926034232147497,2.0
108,hbm2_8hi_no_pim,0.39784182841456067,1.1353634587403632,0.45169507434034567
109,hbm2_4hi_1stack,1.7426336470114137,0.5738440788831218,1.0
109,hbm2_8hi_1stack,1.0,1.0,1.0
109,hbm2_12hi_1stack,0.627406449898794,1.5938631172205968,1.0
109,hbm2_8hi_2stack,0.8133923393638465,2.458838008683729,2.0
109,hbm2_8hi_no_pim,0.46488188906162325,1.113010277497744,0.5174183203481527
110,hbm2_4hi_1stack,1.4390808430518207,0.6948879938387106,1.0
110,hbm2_8hi_1stack,1.0,1.0,1.0
110,hbm2_12hi_1stack,0.7615498485281742,1.313111678680879,1.0
110,hbm2_8hi_2stack,1.189120457593512,1.6819153915218223,2.0
110,hbm2_8hi_no_pim,0.39714553876315695,1.1527188600010614,0.4577971526975736
111,hbm2_4hi_1stack,1.3679140972441095,0.7310400572774755,1.0
111,hbm2_8hi_1stack,1.0,1.0,1.0
111,hbm2_12hi_1stack,0.7942413560640694,1.2590631202529985,1.0
111,hbm2_8hi_2stack,1.2359368786837663,1.6182056175311612,2.0
111,hbm2_8hi_no_pim,0.9518131526448376,0.9946420783244525,0.9467134123232106
112,hbm2_4hi_1stack,1.4467281450635658,0.6912148653581786,1.0
112,hbm2_8hi_1stack,1.0,1.0,1.0
112,hbm2_12hi_1stack,0.7563516901653599,1.3221362667694598,1.0
112,hbm2_8hi_2stack,1.059120140717933,1.8883598971541458,2.0
112,hbm2_8hi_no_pim,0.6326794174650371,1.0333655561214659,0.6537891180753631
113,hbm2_4hi_1stack,1.7035241609647376,0.5870183839562811,1.0
113,hbm2_8hi_1stack,1.0,1.0,1.0
113,hbm2_12hi_1stack,0.6402164903004487,1.5619716379543858,1.0
113,hbm2_8hi_2stack,0.8136126178400781,2.458172299870988,2.0
113,hbm2_8hi_no_pim,0.41336756122615276,1.1235693913439084,0.46444713916818425
114,hbm2_4hi_1stack,1.3994188563281291,0.7145823392889346,1.0
114,hbm2_8hi_1stack,1.0,1.0,1.0
114,hbm2_12hi_1stack,0.778527431249084,1.284476255891949,1.0
114,hbm2_8hi_2stack,1.2204596136001125,1.6387269006799814,2.0
114,hbm2_8hi_no_pim,0.47837059642108154,1.098353787091408,0.5254201562122705
115,hbm2_4hi_1stack,1.4865582889053175,0.6726947792517354,1.0
115,hbm2_8hi_1stack,1.0,1.0,1.0
115,hbm2_12hi_1stack,0.7334526814562171,1.3634144714210772,1.0
115,hbm2_8hi_2stack,1.0921615286018433,1.8312309558828241,2.0
115,hbm2_8hi_no_pim,0.40689648975958703,1.110454957730349,0.45184022433660964
116,hbm2_4hi_1stack,1.703218143976825,0.5871238534748762,1.0
116,hbm2_8hi_1stack,1.0,1.0,1.0
116,hbm2_12hi_1stack,0.6439891980407793,1.5528210768788038,1.0
116,hbm2_8hi_2stack,0.8426096532819681,2.3735783137660382,2.0
116,hbm2_8hi_no_pim,0.38274533061503907,1.1574959538913334,0.44302617155770846
117,hbm2_4hi_1stack,1.5744813698317401,0.6351297761667811,1.0
117,hbm2_8hi_1stack,1.0,1.0,1.0
117,hbm2_12hi_1stack,0.6936046265120719,1.4417435550115891,1.0
117,hbm2_8hi_2stack,0.9417126199780104,2.1237901643993062,2.0
117,hbm2_8hi_no_pim,0.9816098762632988,0.988337431755114,0.970161784091524
118,hbm2_4hi_1stack,1.6411755565486585,0.6093193357711036,1.0
118,hbm2_8hi_1stack,1.0,1.0,1.0
118,hbm2_12hi_1stack,0.6672370999651382,1.4987176223448126,1.0
118,hbm2_8hi_2stack,0.8408061474103194,2.3786695734325853,2.0
118,hbm2_8hi_no_pim,0.47068113011910123,1.1202049196962154,0.5272593175675917
119,hbm2_4hi_1stack,1.7340065496331314,0.5766990904455193,1.0
119,hbm2_8hi_1stack,1.0,1.0,1.0
119,hbm2_12hi_1stack,0.629667837798172,1.5881389201913325,1.0
119,hbm2_8hi_2stack,0.7936046580232418,2.520146498360683,2.0
119,hbm2_8hi_no_pim,0.6756538271649335,1.022652642718391,0.6909591719130143
120,hbm2_4hi_1stack,1.6535610901992945,0.6047554008902541,1.0
120,hbm2_8hi_1stack,1.0,1.0,1.0
120,hbm2_12hi_1stack,0.6619661820121854,1.5106511890989502,1.0
120,hbm2_8hi_2stack,0.8920627230789515,2.241994815226677,2.0
120,hbm2_8hi_no_pim,0.8591525008946044,1.0183724657061828,0.8749372507536717
121,hbm2_4hi_1stack,1.695290233737629,0.5898694985078081,1.0
121,hbm2_8hi_1stack,1.0,1.0,1.0
121,hbm2_12hi_1stack,0.6438795705616599,1.5530854615059368,1.0
121,hbm2_8hi_2stack,0.8504190844797835,2.3517816527170665,2.0
121,hbm2_8hi_no_pim,0.37645654503744264,1.1633686680650184,0.4379577493845683
122,hbm2_4hi_1stack,1.5573739475647015,0.6421065419539868,1.0
122,hbm2_8hi_1stack,1.0,1.0,1.0
122,hbm2_12hi_1stack,0.6991977060963629,1.4302106418269351,1.0
122,hbm2_8hi_2stack,0.9876287508176623,2.025052428196517,2.0
122,hbm2_8hi_no_pim,0.813298881818188,1.007471290164603,0.8193752737547989
123,hbm2_4hi_1stack,1.594147016181409,0.6272947161394072,1.0
123,hbm2_8hi_1stack,1.0,1.0,1.0
123,hbm2_12hi_1stack,0.6881103855552175,1.453255205838998,1.0
123,hbm2_8hi_2stack,0.9170750781957913,2.1808465277834204,2.0
123,hbm2_8hi_no_pim,0.4591457373478681,1.104115454887036,0.506949904651285
124,hbm2_4hi_1stack,1.5255418843136348,0.6555047817975287,1.0
124,hbm2_8hi_1stack,1.0,1.0,1.0
124,hbm2_12hi_1stack,0.7147905049735939,1.3990113089665936,1.0
124,hbm2_8hi_2stack,0.9543632655110669,2.0956380785769126,2.0
124,hbm2_8hi_no_pim,1.0402119665498273,0.9331139459734837,0.9706362927561468
125,hbm2_4hi_1stack,1.4362687553206108,0.6962485233320941,1.0
125,hbm2_8hi_1stack,1.0,1.0,1.0
125,hbm2_12hi_1stack,0.7661750295769282,1.305184796419412,1.0
125,hbm2_8hi_2stack,1.204806317686114,1.6600178556841338,2.0
125,hbm2_8hi_no_pim,0.842453591919967,0.9607375049702133,0.8093767619543834
126,hbm2_4hi_1stack,1.665274285738106,0.6005016762489467,1.0
126,hbm2_8hi_1stack,1.0,1.0,1.0
126,hbm2_12hi_1stack,0.6564499159672227,1.52334546120946,1.0
126,hbm2_8hi_2stack,0.8635517108331356,2.3160164873860816,2.0
126,hbm2_8hi_no_pim,0.7984478399668532,0.9967962288586388,0.7958897958192852
127,hbm2_4hi_1stack,1.613300562529758,0.6198473013806778,1.0
127,hbm2_8hi_1stack,1.0,1.0,1.0
127,hbm2_12hi_1stack,0.6765504401012571,1.4780863934555024,1.0
127,hbm2_8hi_2stack,0.9108338181483614,2.1957902310498416,2.0
127,hbm2_8hi_no_pim,0.6375563914146615,1.0440781456316814,0.6656586948838462
128,hbm2_4hi_1stack,1.5182381528774993,0.6586581941078951,1.0
128,hbm2_8hi_1stack,1.0,1.0,1.0
128,hbm2_12hi_1stack,0.7236208629948734,1.3819391495447868,1.0
128,hbm2_8hi_2stack,1.0274115684882452,1.9466395564757382,2.0
128,hbm2_8hi_no_pim,0.392565405889906,1.1353387629837595,0.44569472231326335
129,hbm2_4hi_1stack,1.4127063462677563,0.7078611932634907,1.0
129,hbm2_8hi_1stack,1.0,1.0,1.0
129,hbm2_12hi_1stack,0.7740011551463303,1.2919877358722327,1.0
129,hbm2_8hi_2stack,1.2312089929987013,1.6244195838180573,2.0
129,hbm2_8hi_no_pim,0.36598296005375797,1.1481313012141263,0.42019649214871874
130,hbm2_4hi_1stack,1.4753980068355041,0.677783211965185,1.0
130,hbm2_8hi_1stack,1.0,1.0,1.0
130,hbm2_12hi_1stack,0.7381294683848981,1.3547758798847322,1.0
130,hbm2_8hi_2stack,1.0895154864846048,1.83567835869239,2.0
130,hbm2_8hi_no_pim,0.8915006835160156,0.9499272880709559,0.8468608266057723
131,hbm2_4hi_1stack,1.52029227143121,0.6577682586379233,1.0
131,hbm2_8hi_1stack,1.0,1.0,1.0
131,hbm2_12hi_1stack,0.7191948959491077,1.3904436831136284,1.0
131,hbm2_8hi_2stack,0.9706046178269712,2.0605712802785554,2.0
131,hbm2_8hi_no_pim,0.36282408834858604,1.1268660355159157,0.4088541420270475
132,hbm2_4hi_1stack,1.509377393148406,0.6625248294689924,1.0
132,hbm2_8hi_1stack,1.0,1.0,1.0
132,hbm2_12hi_1stack,0.7230631138780733,1.3830051357987336,1.0
132,hbm2_8hi_2stack,1.0836936670072232,1.8455399905798926,2.0
132,hbm2_8hi_no_pim,0.6552991310256607,1.081982129184363,0.7090219490398073
133,hbm2_4hi_1stack,1.7123920281406626,0.5839784252475252,1.0
133,hbm2_8hi_1stack,1.0,1.0,1.0
133,hbm2_12hi_1stack,0.6369882403132624,1.569887694485872,1.0
133,hbm2_8hi_2stack,0.834963401861256,2.3953145677304017,2.0
133,hbm2_8hi_no_pim,0.5054324675107059,1.0855738867312579,0.5486842882357672
134,hbm2_4hi_1stack,1.4806403767991616,0.6753834460206963,1.0
134,hbm2_8hi_1stack,1.0,1.0,1.0
134,hbm2_12hi_1stack,0.7409267130575148,1.3496611505251188,1.0
134,hbm2_8hi_2stack,1.0960714889382992,1.824698498395651,2.0
134,hbm2_8hi_no_pim,0.38957757823444433,1.1670809930361303,0.4546685868704661
135,hbm2_4hi_1stack,1.7577825936322773,0.5688985677879553,1.0
135,hbm2_8hi_1stack,1.0,1.0,1.0
135,hbm2_12hi_1stack,0.6220270106002855,1.607647229072822,1.0
135,hbm2_8hi_2stack,0.7710130236447476,2.593989905054472,2.0
135,hbm2_8hi_no_pim,0.3490472341372836,1.2283591557194367,0.42875536583107826
136,hbm2_4hi_1stack,1.5238899553344238,0.6562153628609921,1.0
136,hbm2_8hi_1stack,1.0,1.0,1.0
136,hbm2_12hi_1stack,0.7181779167058957,1.3924126274819928,1.0
136,hbm2_8hi_2stack,1.061746921160391,1.8836880617597511,2.0
136,hbm2_8hi_no_pim,1.0086954776991455,0.9529085533619791,0.9611945484370632
137,hbm2_4hi_1stack,1.6172548391785722,0.6183317407836076,1.0
137,hbm2_8hi_1stack,1.0,1.0,1.0
137,hbm2_12hi_1stack,0.6734023311833852,1.484996344225119,1.0
137,hbm2_8hi_2stack,0.9402138722867805,2.1271755915870676,2.0
137,hbm2_8hi_no_pim,0.3508957670417589,1.2161103761885548,0.4267279832601249
138,hbm2_4hi_1stack,1.7706429401933577,0.5647666038703422,1.0
138,hbm2_8hi_1stack,1.0,1.0,1.0
138,hbm2_12hi_1stack,0.6208679665745663,1.61064840487289,1.0
138,hbm2_8hi_2stack,0.7458671399072753,2.6814427033863377,2.0
138,hbm2_8hi_no_pim,0.426493185314806,1.1089566553236174,0.47296245630502304
139,hbm2_4hi_1stack,1.455102802452806,0.6872366669312585,1.0
139,hbm2_8hi_1stack,1.0,1.0,1.0
139,hbm2_12hi_1stack,0.750709622355492,1.3320729749837397,1.0
139,hbm2_8hi_2stack,1.1153040320139471,1.7932330042674762,2.0
139,hbm2_8hi_no_pim,0.6947683898768381,1.010880478867383,0.7023278026606188
140,hbm2_4hi_1stack,1.5915132787451314,0.6283328033483171,1.0
140,hbm2_8hi_1stack,1.0,1.0,1.0
140,hbm2_12hi_1stack,0.6865672672447884,1.4565215204811977,1.0
140,hbm2_8hi_2stack,0.8987723619795133,2.225257567550334,2.0
140,hbm2_8hi_no_pim,0.7994596748208124,0.9920062655271853,0.793069006458572
141,hbm2_4hi_1stack,1.6305188554860592,0.6133017086158743,1.0
141,hbm2_8hi_1stack,1.0,1.0,1.0
141,hbm2_12hi_1stack,0.6705387959027574,1.491338019679657,1.0
141,hbm2_8hi_2stack,0.8750993150993756,2.285454879795994,2.0
141,hbm2_8hi_no_pim,0.3587864594353192,1.1799722376488,0.42335806137798404
142,hbm2_4hi_1stack,1.7607043889511564,0.5679545108623801,1.0
142,hbm2_8hi_1stack,1.0,1.0,1.0
142,hbm2_12hi_1stack,0.6204288615964443,1.6117883320689979,1.0
142,hbm2_8hi_2stack,0.7825061036484485,2.5558906066993785,2.0
142,hbm2_8hi_no_pim,0.38238186009522046,1.1706219301347327,0.4476245911131763
143,hbm2_4hi_1stack,1.4683747418710444,0.6810250622574533,1.0
143,hbm2_8hi_1stack,1.0,1.0,1.0
143,hbm2_12hi_1stack,0.7447727117834513,1.342691514039733,1.0
143,hbm2_8hi_2stack,1.1595981971666467,1.724735347887557,2.0
143,hbm2_8hi_no_pim,0.7735786880784463,0.9967605217845573,0.7710726967704855
144,hbm2_4hi_1stack,1.604462874204633,0.6232615388472118,1.0
144,hbm2_8hi_1stack,1.0,1.0,1.0
144,hbm2_12hi_1stack,0.681926139480051,1.4664344745055105,1.0
144,hbm2_8hi_2stack,0.9652291504121915,2.072046828616728,2.0
144,hbm2_8hi_no_pim,0.44061037234983724,1.1051829487842957,0.48695507057853965
145,hbm2_4hi_1stack,1.7184246425621235,0.5819283401971167,1.0
145,hbm2_8hi_1stack,1.0,1.0,1.0
145,hbm2_12hi_1stack,0.6391825301644395,1.5644983284238616,1.0
145,hbm2_8hi_2stack,0.8354480285264133,2.3939250937340244,2.0
145,hbm2_8hi_no_pim,0.3360653901592645,1.2050716883089916,0.40498288710144487
146,hbm2_4hi_1stack,1.6907362316443058,0.5914583134161984,1.0
146,hbm2_8hi_1stack,1.0,1.0,1.0
146,hbm2_12hi_1stack,0.6441144570304133,1.5525191044621793,1.0
146,hbm2_8hi_2stack,0.8120916408934363,2.462776242592112,2.0
146,hbm2_8hi_no_pim,0.3809146715217754,1.1545921595643025,0.4398010932020536
147,hbm2_4hi_1stack,1.4266547167417738,0.7009404505974807,1.0
147,hbm2_8hi_1stack,1.0,1.0,1.0
147,hbm2_12hi_1stack,0.7678534714448808,1.302331808330938,1.0
147,hbm2_8hi_2stack,1.1664896097273794,1.7145459190737418,2.0
147,hbm2_8hi_no_pim,0.5161481408420948,1.1280806099489475,0.5822567095451656
148,hbm2_4hi_1stack,1.5143452515453677,0.6603513954162793,1.0
148,hbm2_8hi_1stack,1.0,1.0,1.0
148,hbm2_12hi_1stack,0.7250346871890568,1.3792443557107281,1.0
148,hbm2_8hi_2stack,1.0398428592136733,1.9233675379685689,2.0
148,hbm2_8hi_no_pim,0.36738423570255135,1.1319722670644234,0.41586876617194757
149,hbm2_4hi_1stack,1.461202170739055,0.6843679950832638,1.0
149,hbm2_8hi_1stack,1.0,1.0,1.0
149,hbm2_12hi_1stack,0.749901537492937,1.333508400773773,1.0
149,hbm2_8hi_2stack,1.1285579753812593,1.7721730240082194,2.0
149,hbm2_8hi_no_pim,0.47204533379536134,1.1359690700460183,0.5362288988510789
150,hbm2_4hi_1stack,1.6193093093260569,0.617547243284973,1.0
150,hbm2_8hi_1stack,1.0,1.0,1.0
150,hbm2_12hi_1stack,0.6770258078790168,1.4770485679604966,1.0
150,hbm2_8hi_2stack,0.9454008796130893,2.1155046955514907,2.0
150,hbm2_8hi_no_pim,0.6445180656213527,1.0138494161979932,0.6534442645592683
151,hbm2_4hi_1stack,1.7832753768519543,0.5607658878604137,1.0
151,hbm2_8hi_1stack,1.0,1.0,1.0
151,hbm2_12hi_1stack,0.6122294331161393,1.6333745911400848,1.0
151,hbm2_8hi_2stack,0.7366265169128221,2.715080103797967,2.0
151,hbm2_8hi_no_pim,0.6199792429842234,1.0887809826429298,0.6750216093945824
152,hbm2_4hi_1stack,1.4293647502304982,0.6996114881374687,1.0
152,hbm2_8hi_1stack,1.0,1.0,1.0
152,hbm2_12hi_1stack,0.7678654389877304,1.3023115108791592,1.0
152,hbm2_8hi_2stack,1.1856556680421255,1.6868303790953085,2.0
152,hbm2_8hi_no_pim,0.7614690893274815,1.0231218055839828,0.7790756295691239
153,hbm2_4hi_1stack,1.847566384071931,0.5412525409755816,1.0
153,hbm2_8hi_1stack,1.0,1.0,1.0
153,hbm2_12hi_1stack,0.5917362142162605,1.6899422005537963,1.0
153,hbm2_8hi_2stack,0.6496000398355867,3.078817545187033,2.0
153,hbm2_8hi_no_pim,0.43003266293233866,1.1250878984664316,0.48382454501046823
154,hbm2_4hi_1stack,1.7160730591236621,0.5827257730569261,1.0
154,hbm2_8hi_1stack,1.0,1.0,1.0
154,hbm2_12hi_1stack,0.6378104697636041,1.567863883405107,1.0
154,hbm2_8hi_2stack,0.8385816865512734,2.3849793431873545,2.0
154,hbm2_8hi_no_pim,0.9464748488340115,0.9358242597771582,0.8857341248077865
155,hbm2_4hi_1stack,1.449450033395119,0.6899168491221807,1.0
155,hbm2_8hi_1stack,1.0,1.0,1.0
155,hbm2_12hi_1stack,0.7560796273163594,1.322612015812958,1.0
155,hbm2_8hi_2stack,1.1437667016762691,1.7486083456257835,2.0
155,hbm2_8hi_no_pim,0.40328505194476283,1.1341854329131724,0.45740003122738204
156,hbm2_4hi_1stack,1.6407793871052558,0.6094664571355016,1.0
156,hbm2_8hi_1stack,1.0,1.0,1.0
156,hbm2_12hi_1stack,0.6688136762245529,1.4951847361211135,1.0
156,hbm2_8hi_2stack,0.9035513425391047,2.213487940131573,2.0
156,hbm2_8hi_no_pim,0.5415034817231182,1.1042429829128964,0.5979514199156551
157,hbm2_4hi_1stack,1.714301626438509,0.5833279188315986,1.0
157,hbm2_8hi_1stack,1.0,1.0,1.0
157,hbm2_12hi_1stack,0.6366070184098104,1.5708277965547945,1.0
157,hbm2_8hi_2stack,0.838126737152077,2.3862739504002994,2.0
157,hbm2_8hi_no_pim,0.6008396677166524,1.0968017782232247,0.6590020159786758
158,hbm2_4hi_1stack,1.5603006815718579,0.6409021106063948,1.0
158,hbm2_8hi_1stack,1.0,1.0,1.0
158,hbm2_12hi_1stack,0.6987765710280317,1.431072593817523,1.0
158,hbm2_8hi_2stack,0.9493517144382831,2.1067007828424993,2.0
158,hbm2_8hi_no_pim,0.6503978350282296,1.0342036403356485,0.6726438086526195
159,hbm2_4hi_1stack,1.3906194782687238,0.7191039789295686,1.0
159,hbm2_8hi_1stack,1.0,1.0,1.0
159,hbm2_12hi_1stack,0.787077969039075,1.2705221583331527,1.0
159,hbm2_8hi_2stack,1.2309584203427537,1.6247502490320598,2.0
159,hbm2_8hi_no_pim,0.6483748106145033,1.0127654589723165,0.6566516126580862
160,hbm2_4hi_1stack,1.540985461836698,0.6489353889219056,1.0
160,hbm2_8hi_1stack,1.0,1.0,1.0
160,hbm2_12hi_1stack,0.7108987522591559,1.4066700733713668,1.0
160,hbm2_8hi_2stack,1.0448521458217064,1.9141464254036955,2.0
160,hbm2_8hi_no_pim,0.7748260723594415,1.0181484435838202,0.7888879596209297
161,hbm2_4hi_1stack,1.413723106164125,0.7073520943668482,1.0
161,hbm2_8hi_1stack,1.0,1.0,1.0
161,hbm2_12hi_1stack,0.7756996118753486,1.2891588247445138,1.0
161,hbm2_8hi_2stack,1.2128726686463027,1.64897771357336,2.0
161,hbm2_8hi_no_pim,0.6274005071350738,1.042302449742148,0.6539410855563534
162,hbm2_4hi_1stack,1.6404929654741087,0.6095728668431054,1.0
162,hbm2_8hi_1stack,1.0,1.0,1.0
162,hbm2_12hi_1stack,0.6700912541069118,1.4923340572961006,1.0
162,hbm2_8hi_2stack,0.884964956504351,2.2599764943236673,2.0
162,hbm2_8hi_no_pim,0.47463167487045443,1.081280314781876,0.513209886809374
163,hbm2_4hi_1stack,1.651063615101284,0.6056701818473876,1.0
163,hbm2_8hi_1stack,1.0,1.0,1.0
163,hbm2_12hi_1stack,0.6604995583446615,1.5140055543809776,1.0
163,hbm2_8hi_2stack,0.8547822344482822,2.3397772197393607,2.0
163,hbm2_8hi_no_pim,0.436002182054094,1.0932470123457578,0.47665808290686945
164,hbm2_4hi_1stack,1.4207352901031733,0.7038608859553143,1.0
164,hbm2_8hi_1stack,1.0,1.0,1.0
164,hbm2_12hi_1stack,0.7680507791118284,1.3019972470523329,1.0
164,hbm2_8hi_2stack,1.1497595131831289,1.7394941960192751,2.0
164,hbm2_8hi_no_pim,0.6638794495240133,1.0176608077129987,0.6756040968266683
165,hbm2_4hi_1stack,1.6737114803588429,0.5974745418998981,1.0
165,hbm2_8hi_1stack,1.0,1.0,1.0
165,hbm2_12hi_1stack,0.6528738795201815,1.531689398777805,1.0
165,hbm2_8hi_2stack,0.8301704287710948,2.409143870567167,2.0
165,hbm2_8hi_no_pim,0.4238878423746309,1.1073298254198514,0.4693836504942975
166,hbm2_4hi_1stack,1.4228663658583713,0.7028066893665947,1.0
166,hbm2_8hi_1stack,1.0,1.0,1.0
166,hbm2_12hi_1stack,0.7660478487085406,1.3054014859331216,1.0
166,hbm2_8hi_2stack,1.1395003952187681,1.7551551613249137,2.0
166,hbm2_8hi_no_pim,0.3994982438174295,1.109744419259229,0.44334094658025514
167,hbm2_4hi_1stack,1.687334276375834,0.592650794807455,1.0
167,hbm2_8hi_1stack,1.0,1.0,1.0
167,hbm2_12hi_1stack,0.6460402725007798,1.5478911185042152,1.0
167,hbm2_8hi_2stack,0.8128650101496286,2.4604331285361254,2.0
167,hbm2_8hi_no_pim,0.48405880760833225,1.0697054136515605,0.5178003270243522
168,hbm2_4hi_1stack,1.7932823055499933,0.5576366849241305,1.0
168,hbm2_8hi_1stack,1.0,1.0,1.0
168,hbm2_12hi_1stack,0.6096352223224841,1.6403251705017483,1.0
168,hbm2_8hi_2stack,0.7006957227016349,2.8543059921769,2.0
168,hbm2_8hi_no_pim,0.6625205019995193,1.0647556074288578,0.70542241954057
169,hbm2_4hi_1stack,1.4181551951646847,0.7051414424948561,1.0
169,hbm2_8hi_1stack,1.0,1.0,1.0
169,hbm2_12hi_1stack,0.7738249484952593,1.2922819326832886,1.0
169,hbm2_8hi_2stack,1.2106794395133262,1.6519649501968647,2.0
169,hbm2_8hi_no_pim,0.9214968247127833,0.9912737549048278,0.9134556175659166
170,hbm2_4hi_1stack,1.5094453990663441,0.6624949803540706,1.0
170,hbm2_8hi_1stack,1.0,1.0,1.0
170,hbm2_12hi_1stack,0.7229744571162938,1.3831747306656856,1.0
170,hbm2_8hi_2stack,1.056805117736182,1.8924965127764215,2.0
170,hbm2_8hi_no_pim,0.5069844772333519,1.1267265196645566,0.5712328555570892
171,hbm2_4hi_1stack,1.6963780782925582,0.5894912300485055,1.0
171,hbm2_8hi_1stack,1.0,1.0,1.0
171,hbm2_12hi_1stack,0.6466443399218661,1.546445144978505,1.0
171,hbm2_8hi_2stack,0.8055691275483475,2.4827167918993602,2.0
171,hbm2_8hi_no_pim,0.6129703551649529,1.0254210092649292,0.6285526802427281
172,hbm2_4hi_1stack,1.6693656312745582,0.5990299436298455,1.0
172,hbm2_8hi_1stack,1.0,1.0,1.0
172,hbm2_12hi_1stack,0.6548621677456732,1.5270388934551598,1.0
172,hbm2_8hi_2stack,0.903611030717553,2.213341727813803,2.0
172,hbm2_8hi_no_pim,0.4066788077276879,1.1112058559979114,0.45190387265725546
173,hbm2_4hi_1stack,1.7798366557482148,0.5618493117165384,1.0
173,hbm2_8hi_1stack,1.0,1.0,1.0
173,hbm2_12hi_1stack,0.6148129872942376,1.6265108588563684,1.0
173,hbm2_8hi_2stack,0.7811345655229522,2.560378311592247,2.0
173,hbm2_8hi_no_pim,0.9168736022002703,0.9940585524750202,0.9114260458057581
174,hbm2_4hi_1stack,1.7803362009400605,0.5616916622107532,1.0
174,hbm2_8hi_1stack,1.0,1.0,1.0
174,hbm2_12hi_1stack,0.6147793051337994,1.6265999711593444,1.0
174,hbm2_8hi_2stack,0.7108547366063515,2.8135143468946677,2.0
174,hbm2_8hi_no_pim,0.40275603082212436,1.1651871009003387,0.46928613192375856
175,hbm2_4hi_1stack,1.607952124794838,0.6219090634477641,1.0
175,hbm2_8hi_1stack,1.0,1.0,1.0
175,hbm2_12hi_1stack,0.6808232761077209,1.4688099468587772,1.0
175,hbm2_8hi_2stack,0.9110158173576831,2.1953515645873356,2.0
175,hbm2_8hi_no_pim,0.5193332839154783,1.0605414710234575,0.5507744848751642
176,hbm2_4hi_1stack,1.622075832486472,0.6164939887348577,1.0
176,hbm2_8hi_1stack,1.0,1.0,1.0
176,hbm2_12hi_1stack,0.6739894169534927,1.4837028221008448,1.0
176,hbm2_8hi_2stack,0.868512957654439,2.3027865990639063,2.0
176,hbm2_8hi_no_pim,0.5654497786927403,1.0388658248546956,0.5874264507555387
177,hbm2_4hi_1stack,1.7101544310594965,0.5847425132129543,1.0
177,hbm2_8hi_1stack,1.0,1.0,1.0
177,hbm2_12hi_1stack,0.6385590258998949,1.5660259419099765,1.0
177,hbm2_8hi_2stack,0.8320816280168079,2.40361033420101,2.0
177,hbm2_8hi_no_pim,0.5560724165320691,1.0556248085114142,0.5870038382201448
178,hbm2_4hi_1stack,1.5026260592454805,0.6655015689679533,1.0
178,hbm2_8hi_1stack,1.0,1.0,1.0
178,hbm2_12hi_1stack,0.7307032011889504,1.3685447092237564,1.0
178,hbm2_8hi_2stack,1.0593554491769046,1.8879404467631284,2.0
178,hbm2_8hi_no_pim,0.3848517625033488,1.1565290528295566,0.44509224436778344
179,hbm2_4hi_1stack,1.7209293018774683,0.5810813953304405,1.0
179,hbm2_8hi_1stack,1.0,1.0,1.0
179,hbm2_12hi_1stack,0.6354765580247932,1.5736221696489154,1.0
179,hbm2_8hi_2stack,0.8388604835221489,2.384186690500117,2.0
179,hbm2_8hi_no_pim,0.7022950874486664,1.0278413109204476,0.7218479033362277
180,hbm2_4hi_1stack,1.8010470050031224,0.5552325937202657,1.0
180,hbm2_8hi_1stack,1.0,1.0,1.0
180,hbm2_12hi_1stack,0.6085477327132877,1.6432564715036773,1.0
180,hbm2_8hi_2stack,0.7644131004191012,2.61638634777906,2.0
180,hbm2_8hi_no_pim,0.9132819811503213,1.011086672676735,0.923407239536895
181,hbm2_4hi_1stack,1.5241441424468427,0.6561059234165425,1.0
181,hbm2_8hi_1stack,1.0,1.0,1.0
181,hbm2_12hi_1stack,0.7169922849359833,1.394715146885137,1.0
181,hbm2_8hi_2stack,1.0074286179337835,1.985252319019844,2.0
181,hbm2_8hi_no_pim,0.4480155245962645,1.1020999027584608,0.49375786609182387
182,hbm2_4hi_1stack,1.543282299415079,0.6479695907735163,1.0
182,hbm2_8hi_1stack,1.0,1.0,1.0
182,hbm2_12hi_1stack,0.7120811961287257,1.4043342324394508,1.0
182,hbm2_8hi_2stack,1.064099897251876,1.8795227827435765,2.0
182,hbm2_8hi_no_pim,0.3619392814723257,1.1425868950875915,0.4135470798276984
183,hbm2_4hi_1stack,1.6883998964459397,0.5922767480056041,1.0
183,hbm2_8hi_1stack,1.0,1.0,1.0
183,hbm2_12hi_1stack,0.6475243438539943,1.5443434822050226,1.0
183,hbm2_8hi_2stack,0.8487279423026742,2.356467721062444,2.0
183,hbm2_8hi_no_pim,0.6496332063141751,1.0295065643184036,0.6688016502996551
184,hbm2_4hi_1stack,1.5551291076796085,0.6430334272966501,1.0
184,hbm2_8hi_1stack,1.0,1.0,1.0
184,hbm2_12hi_1stack,0.7043076662925091,1.4198340410860808,1.0
184,hbm2_8hi_2stack,1.0051011978401367,1.9898493846169942,2.0
184,hbm2_8hi_no_pim,0.8795922077619998,0.9986887561644724,0.8784388479017937
185,hbm2_4hi_1stack,1.6821071792208762,0.5944924392173293,1.0
185,hbm2_8hi_1stack,1.0,1.0,1.0
185,hbm2_12hi_1stack,0.6472293381481492,1.545047390560504,1.0
185,hbm2_8hi_2stack,0.7986482313416161,2.504231426945356,2.0
185,hbm2_8hi_no_pim,0.7582342794342108,0.968347910858945,0.7342345804317556
186,hbm2_4hi_1stack,1.3882256696642858,0.7203439771012372,1.0
186,hbm2_8hi_1stack,1.0,1.0,1.0
186,hbm2_12hi_1stack,0.788247397454117,1.2686372365196537,1.0
186,hbm2_8hi_2stack,1.172255170486161,1.7061131828239702,2.0
186,hbm2_8hi_no_pim,0.5021928157130365,1.0882842893394782,0.5465285515596535
187,hbm2_4hi_1stack,1.483674283739447,0.6740023810883908,1.0
187,hbm2_8hi_1stack,1.0,1.0,1.0
187,hbm2_12hi_1stack,0.7373540666941217,1.356200562483413,1.0
187,hbm2_8hi_2stack,1.0259717051825492,1.9493714981585615,2.0
187,hbm2_8hi_no_pim,0.6969345073139139,0.998820169177262,0.6961122425007553
188,hbm2_4hi_1stack,1.604834655494849,0.6231171520231479,1.0
188,hbm2_8hi_1stack,1.0,1.0,1.0
188,hbm2_12hi_1stack,0.6820836339186479,1.4660958719312565,1.0
188,hbm2_8hi_2stack,0.9810624440558312,2.0386062193266286,2.0
188,hbm2_8hi_no_pim,0.9053076258873789,0.9833667980767217,0.8902494613433104
189,hbm2_4hi_1stack,1.497103181642205,0.667956632690526,1.0
189,hbm2_8hi_1stack,1.0,1.0,1.0
189,hbm2_12hi_1stack,0.7284317257900579,1.372812254869046,1.0
189,hbm2_8hi_2stack,1.0947499297584249,1.826901236194949,2.0
189,hbm2_8hi_no_pim,0.5207980364920518,1.1252309680254915,0.5860180787477267
190,hbm2_4hi_1stack,1.6373787878179322,0.6107322309535103,1.0
190,hbm2_8hi_1stack,1.0,1.0,1.0
190,hbm2_12hi_1stack,0.6662455670372772,1.5009480730159197,1.0
190,hbm2_8hi_2stack,0.898133275677791,2.2268409980586314,2.0
190,hbm2_8hi_no_pim,0.6766386765835254,1.0397676577348551,0.7035470118840643
191,hbm2_4hi_1stack,1.4435217394077806,0.6927502182338175,1.0
191,hbm2_8hi_1stack,1.0,1.0,1.0
191,hbm2_12hi_1stack,0.7573865045568594,1.320329836857988,1.0
191,hbm2_8hi_2stack,1.081715972718969,1.848914179359726,2.0
191,hbm2_8hi_no_pim,1.0775051508809141,0.9241664111662395,0.995794068302752
192,hbm2_4hi_1stack,1.3909465938359133,0.7189348638053947,1.0
192,hbm2_8hi_1stack,1.0,1.0,1.0
192,hbm2_12hi_1stack,0.7841226441642023,1.2753107022765575,1.0
192,hbm2_8hi_2stack,1.1949038981361306,1.6737747722805973,2.0
192,hbm2_8hi_no_pim,0.6027890415068388,1.0313647140542908,0.6216953474287608
193,hbm2_4hi_1stack,1.4350493326313323,0.696840155429627,1.0
193,hbm2_8hi_1stack,1.0,1.0,1.0
193,hbm2_12hi_1stack,0.7596974766767444,1.3163134414694202,1.0
193,hbm2_8hi_2stack,1.1063861968201574,1.8076870497373885,2.0
193,hbm2_8hi_no_pim,0.696343289960013,1.009053673735404,0.7026477549151489
194,hbm2_4hi_1stack,1.5732849536958655,0.6356127652850557,1.0
194,hbm2_8hi_1stack,1.0,1.0,1.0
194,hbm2_12hi_1stack,0.6969563371530312,1.434810111756584,1.0
194,hbm2_8hi_2stack,0.9659587509569889,2.070481786120341,2.0
194,hbm2_8hi_no_pim,0.329229955331128,1.2183266259211212,0.4011096206307346
195,hbm2_4hi_1stack,1.5352706491682115,0.6513509527077758,1.0
195,hbm2_8hi_1stack,1.0,1.0,1.0
195,hbm2_12hi_1stack,0.7143399379109626,1.399893729761814,1.0
195,hbm2_8hi_2stack,1.0341406293779838,1.933972946409583,2.0
195,hbm2_8hi_no_pim,0.9629740406030843,0.9308534043043795,0.8963876639521248
196,hbm2_4hi_1stack,1.7767934620944592,0.5628116161690588,1.0
196,hbm2_8hi_1stack,1.0,1.0,1.0
196,hbm2_12hi_1stack,0.6163033151132455,1.622577674787049,1.0
196,hbm2_8hi_2stack,0.7776635112095293,2.571806406204304,2.0
196,hbm2_8hi_no_pim,0.4768353534257808,1.129056593809355,0.5383740999467921
197,hbm2_4hi_1stack,1.5852590614310307,0.6308117230361636,1.0
197,hbm2_8hi_1stack,1.0,1.0,1.0
197,hbm2_12hi_1stack,0.6914502485014093,1.4462356506014933,1.0
197,hbm2_8hi_2stack,1.0073579359157052,1.985391615723925,2.0
197,hbm2_8hi_no_pim,0.3764705379497603,1.1281419882034718,0.42471222118267316
198,hbm2_4hi_1stack,1.6841618607103173,0.5937671570226848,1.0
198,hbm2_8hi_1stack,1.0,1.0,1.0
198,hbm2_12hi_1stack,0.64887379454311,1.5411317399620488,1.0
198,hbm2_8hi_2stack,0.8105209873262599,2.4675486893899983,2.0
198,hbm2_8hi_no_pim,0.5724213534559666,1.0405358927596873,0.5956249640530127
199,hbm2_4hi_1stack,1.605133276887426,0.6230012263773743,1.0
199,hbm2_8hi_1stack,1.0,1.0,1.0
199,hbm2_12hi_1stack,0.6810920058265729,1.4682304173962526,1.0
199,hbm2_8hi_2stack,0.8758335199571546,2.2835389996238544,2.0
199,hbm2_8hi_no_pim,0.7228575888628135,0.9907949158645405,0.7162036239393759
200,hbm2_4hi_1stack,1.6206582248543446,0.6170332428293906,1.0
200,hbm2_8hi_1stack,1.0,1.0,1.0
200,hbm2_12hi_1stack,0.6773509825267677,1.4763394839550288,1.0
200,hbm2_8hi_2stack,0.923878271635297,2.1647873550050374,2.0
200,hbm2_8hi_no_pim,0.6445515737596829,1.0071102713313707,0.6491345103361762
201,hbm2_4hi_1stack,1.5120525453264835,0.6613526779150914,1.0
201,hbm2_8hi_1stack,1.0,1.0,1.0
201,hbm2_12hi_1stack,0.7240483613897527,1.3811232140358418,1.0
201,hbm2_8hi_2stack,1.0021636561320109,1.9956820303375165,2.0
201,hbm2_8hi_no_pim,0.39773079911437065,1.124293179332184,0.44716602465462596
202,hbm2_4hi_1stack,1.4577781762456794,0.6859754222520821,1.0
202,hbm2_8hi_1stack,1.0,1.0,1.0
202,hbm2_12hi_1stack,0.7536003901412786,1.326963219608377,1.0
202,hbm2_8hi_2stack,1.1585899571144243,1.726236264796551,2.0
202,hbm2_8hi_no_pim,0.4096044654671521,1.1750626965230988,0.48131092769973427
203,hbm2_4hi_1stack,1.7327100768949217,0.5771305963615307,1.0
203,hbm2_8hi_1stack,1.0,1.0,1.0
203,hbm2_12hi_1stack,0.631267129481715,1.584115429582122,1.0
203,hbm2_8hi_2stack,0.7696873010502719,2.5984578377100838,2.0
203,hbm2_8hi_no_pim,0.530717567902662,1.097972308975674,0.5827131934440399
204,hbm2_4hi_1stack,1.6064273605400385,0.6224993576203945,1.0
204,hbm2_8hi_1stack,1.0,1.0,1.0
204,hbm2_12hi_1stack,0.6832757452574398,1.463537974150139,1.0
204,hbm2_8hi_2stack,0.9469471747302389,2.1120502319147305,2.0
204,hbm2_8hi_no_pim,0.3357707304756712,1.225182881335596,0.41138055103234067
205,hbm2_4hi_1stack,1.619746797457381,0.6173804458633678,1.0
205,hbm2_8hi_1stack,1.0,1.0,1.0
205,hbm2_12hi_1stack,0.6772352018874656,1.4765918800632094,1.0
205,hbm2_8hi_2stack,0.8939320943287178,2.2373064046904636,2.0
205,hbm2_8hi_no_pim,0.9325011711794979,0.9552504722258017,0.8907721841203285
206,hbm2_4hi_1stack,1.5444932055030123,0.6474615727910042,1.0
206,hbm2_8hi_1stack,1.0,1.0,1.0
206,hbm2_12hi_1stack,0.7040481804065841,1.4203573389288575,1.0
206,hbm2_8hi_2stack,0.9767506898047486,2.0476054134139368,2.0
206,hbm2_8hi_no_pim,0.9644371614114582,0.9372930987070648,0.9039602955275913
207,hbm2_4hi_1stack,1.5102192664809433,0.6621555042998245,1.0
207,hbm2_8hi_1stack,1.0,1.0,1.0
207,hbm2_12hi_1stack,0.7218072901385797,1.3854113329999898,1.0
207,hbm2_8hi_2stack,1.0707127793242097,1.8679145692669499,2.0
207,hbm2_8hi_no_pim,0.6056076296649762,1.076371677928731,0.6518589005089319
208,hbm2_4hi_1stack,1.5527988151417091,0.6439984306072126,1.0
208,hbm2_8hi_1stack,1.0,1.0,1.0
208,hbm2_12hi_1stack,0.7040493519669446,1.4203549754093807,1.0
208,hbm2_8hi_2stack,1.0098741788805283,1.9804447344292453,2.0
208,hbm2_8hi_no_pim,0.9413050799766121,1.0075961581021022,0.9484553821864264
209,hbm2_4hi_1stack,1.5394520991228935,0.6495817574121029,1.0
209,hbm2_8hi_1stack,1.0,1.0,1.0
209,hbm2_12hi_1stack,0.7123254928114326,1.4038526068373083,1.0
209,hbm2_8hi_2stack,0.9910722502461228,2.01801634492674,2.0
209,hbm2_8hi_no_pim,0.6260396632108824,1.017956593349076,0.6372812028635527
210,hbm2_4hi_1stack,1.4585105405916265,0.6856309722618545,1.0
210,hbm2_8hi_1stack,1.0,1.0,1.0
210,hbm2_12hi_1stack,0.7506398448110211,1.3321968010527834,1.0
210,hbm2_8hi_2stack,1.1301124503731317,1.7697353916768688,2.0
210,hbm2_8hi_no_pim,0.38402827448059446,1.198050000018222,0.4600850742484739
211,hbm2_4hi_1stack,1.6583459533060776,0.6030104864466914,1.0
211,hbm2_8hi_1stack,1.0,1.0,1.0
211,hbm2_12hi_1stack,0.6590195485946185,1.5174056704881271,1.0
211,hbm2_8hi_2stack,0.8903023337805216,2.2464278977090073,2.0
211,hbm2_8hi_no_pim,0.588085524591098,1.0694349403329355,0.6289192079017439
212,hbm2_4hi_1stack,1.7780638983093238,0.5624094842434247,1.0
212,hbm2_8hi_1stack,1.0,1.0,1.0
212,hbm2_12hi_1stack,0.6168612691933197,1.6211100452257563,1.0
212,hbm2_8hi_2stack,0.7481709256576421,2.6731859410895984,2.0
212,hbm2_8hi_no_pim,0.710063952028116,1.0374439298619524,0.7366515368453576
213,hbm2_4hi_1stack,1.4459588474544889,0.6915826143741444,1.0
213,hbm2_8hi_1stack,1.0,1.0,1.0
213,hbm2_12hi_1stack,0.7596318270160471,1.3164272012247784,1.0
213,hbm2_8hi_2stack,1.1481337845173303,1.7419572762078332,2.0
213,hbm2_8hi_no_pim,0.3289798646796434,1.2216077685407782,0.4018843583861464
214,hbm2_4hi_1stack,1.6348782868027643,0.6116663289691378,1.0
214,hbm2_8hi_1stack,1.0,1.0,1.0
214,hbm2_12hi_1stack,0.6690909480815166,1.4945651302970073,1.0
214,hbm2_8hi_2stack,0.9387044815329668,2.1305959855798995,2.0
214,hbm2_8hi_no_pim,0.38741553374739957,1.1155676700193333,0.4321882443118829
215,hbm2_4hi_1stack,1.6191141351760867,0.6176216847685324,1.0
215,hbm2_8hi_1stack,1.0,1.0,1.0
215,hbm2_12hi_1stack,0.6766715187004431,1.4778219156031773,1.0
215,hbm2_8hi_2stack,0.9287930441227252,2.1533322333276774,2.0
215,hbm2_8hi_no_pim,0.3538581357080561,1.1953386452722088,0.42298030455581714
216,hbm2_4hi_1stack,1.7289424020793362,0.5783882671842256,1.0
216,hbm2_8hi_1stack,1.0,1.0,1.0
216,hbm2_12hi_1stack,0.6331662812192641,1.5793639517163456,1.0
216,hbm2_8hi_2stack,0.7832655589228358,2.553412411941672,2.0
216,hbm2_8hi_no_pim,1.009586911486054,0.9774505165540825,0.9868212481382843
217,hbm2_4hi_1stack,1.7728908718133642,0.5640505097627193,1.0
217,hbm2_8hi_1stack,1.0,1.0,1.0
217,hbm2_12hi_1stack,0.6157590465210542,1.6240118690092322,1.0
217,hbm2_8hi_2stack,0.7870671600882555,2.541079213336427,2.0
217,hbm2_8hi_no_pim,0.5530076331088032,1.0881663016197047,0.601764270887473
218,hbm2_4hi_1stack,1.7602342887969338,0.5681061926611312,1.0
218,hbm2_8hi_1stack,1.0,1.0,1.0
218,hbm2_12hi_1stack,0.6228909889298464,1.6054173487371253,1.0
218,hbm2_8hi_2stack,0.7936912041131979,2.519871695232691,2.0
218,hbm2_8hi_no_pim,0.7122457350041964,1.0611277413869558,0.7557837080974952
219,hbm2_4hi_1stack,1.5062455932750445,0.6639023572681068,1.0
219,hbm2_8hi_1stack,1.0,1.0,1.0
219,hbm2_12hi_1stack,0.7220029079469706,1.3850359728377266,1.0
219,hbm2_8hi_2stack,1.0501540633442483,1.9044824657735817,2.0
219,hbm2_8hi_no_pim,0.44332321285871584,1.1021525822781693,0.48860982383608814
220,hbm2_4hi_1stack,1.6153010856063985,0.6190796309807413,1.0
220,hbm2_8hi_1stack,1.0,1.0,1.0
220,hbm2_12hi_1stack,0.6765883665123015,1.4780035387762145,1.0
220,hbm2_8hi_2stack,0.9000444000798098,2.222112597803679,2.0
220,hbm2_8hi_no_pim,0.4178533446949029,1.1101358231121587,0.4638739667530446
221,hbm2_4hi_1stack,1.4470703408666814,0.6910514103972849,1.0
221,hbm2_8hi_1stack,1.0,1.0,1.0
221,hbm2_12hi_1stack,0.754928137596908,1.324629392120959,1.0
221,hbm2_8hi_2stack,1.1240818789771772,1.7792298207136272,2.0
221,hbm2_8hi_no_pim,0.8073291156725286,1.0185388053757767,0.8222960330221796
222,hbm2_4hi_1stack,1.6614868825021936,0.6018705356818728,1.0
222,hbm2_8hi_1stack,1.0,1.0,1.0
222,hbm2_12hi_1stack,0.6590242076278339,1.5173949430469527,1.0
222,hbm2_8hi_2stack,0.833644564444094,2.3991039890407926,2.0
222,hbm2_8hi_no_pim,0.4081202289131313,1.1069325622733512,0.4517615707063991
223,hbm2_4hi_1stack,1.6668080065691802,0.5999491219497544,1.0
223,hbm2_8hi_1stack,1.0,1.0,1.0
223,hbm2_12hi_1stack,0.6566097212758681,1.522974710238656,1.0
223,hbm2_8hi_2stack,0.8789786757825053,2.2753680551118176,2.0
223,hbm2_8hi_no_pim,0.6995442220971821,1.0636221154469332,0.7440507053556842
224,hbm2_4hi_1stack,1.499662525367023,0.6668166891449547,1.0
224,hbm2_8hi_1stack,1.0,1.0,1.0
224,hbm2_12hi_1stack,0.7312385567289056,1.3675427680856458,1.0
224,hbm2_8hi_2stack,1.1188528868589704,1.7875451039990897,2.0
224,hbm2_8hi_no_pim,0.35516019308134295,1.197923479113883,0.4254547341387608
225,hbm2_4hi_1stack,1.5597777887773454,0.6411169637079296,1.0
225,hbm2_8hi_1stack,1.0,1.0,1.0
225,hbm2_12hi_1stack,0.698194174117486,1.4322663194146459,1.0
225,hbm2_8hi_2stack,0.9066371659732368,2.2059541292387723,2.0
225,hbm2_8hi_no_pim,0.7200467781810398,1.0321414458692724,0.7431901227252896
226,hbm2_4hi_1stack,1.4843072685698075,0.6737149518667668,1.0
226,hbm2_8hi_1stack,1.0,1.0,1.0
226,hbm2_12hi_1stack,0.735988457945263,1.358716959762937,1.0
226,hbm2_8hi_2stack,1.1009578302386502,1.8166000050760056,2.0
226,hbm2_8hi_no_pim,0.6116230164708363,1.014422947759805,0.6204444232860895
227,hbm2_4hi_1stack,1.5772265549632332,0.6340243238063609,1.0
227,hbm2_8hi_1stack,1.0,1.0,1.0
227,hbm2_12hi_1stack,0.6926039047653328,1.4438266852376738,1.0
227,hbm2_8hi_2stack,0.9013377405473703,2.2189240614571704,2.0
227,hbm2_8hi_no_pim,0.9680666041377798,0.9704277764090623,0.9394387220692976
228,hbm2_4hi_1stack,1.7050143390406034,0.5865053314230139,1.0
228,hbm2_8hi_1stack,1.0,1.0,1.0
228,hbm2_12hi_1stack,0.643433616818425,1.55416188066872,1.0
228,hbm2_8hi_2stack,0.7972257405802106,2.508699729821099,2.0
228,hbm2_8hi_no_pim,0.5900555667070969,1.0337644746797818,0.609978482948843
229,hbm2_4hi_1stack,1.3904975342881072,0.7191670429764335,1.0
229,hbm2_8hi_1stack,1.0,1.0,1.0
229,hbm2_12hi_1stack,0.7852860674879596,1.2734212937189702,1.0
229,hbm2_8hi_2stack,1.1928932888427317,1.6765959023378119,2.0
229,hbm2_8hi_no_pim,0.35093285041468836,1.1731747525325171,0.4117055599407829
230,hbm2_4hi_1stack,1.4338443297856727,0.6974257799307108,1.0
230,hbm2_8hi_1stack,1.0,1.0,1.0
230,hbm2_12hi_1stack,0.7639202478027497,1.3090371709301885,1.0
230,hbm2_8hi_2stack,1.1854342043988213,1.6871455139210159,2.0
230,hbm2_8hi_no_pim,0.3885922657455593,1.14859616262483,0.44633558526103756
231,hbm2_4hi_1stack,1.554861481334908,0.6431441076934145,1.0
231,hbm2_8hi_1stack,1.0,1.0,1.0
231,hbm2_12hi_1stack,0.7046222373109795,1.4192001714511002,1.0
231,hbm2_8hi_2stack,1.0130354560233452,1.9742645611348772,2.0
231,hbm2_8hi_no_pim,0.6883281638822444,1.0504776682623533,0.7230733645943271
232,hbm2_4hi_1stack,1.6813886253162391,0.5947464999722583,1.0
232,hbm2_8hi_1stack,1.0,1.0,1.0
232,hbm2_12hi_1stack,0.6517340767280894,1.5343681352681686,1.0
232,hbm2_8hi_2stack,0.8922092752081,2.241626550602175,2.0
232,hbm2_8hi_no_pim,0.49018406120863317,1.083557889804098,0.5311428069788294
233,hbm2_4hi_1stack,1.5359965040740338,0.6510431484366196,1.0
233,hbm2_8hi_1stack,1.0,1.0,1.0
233,hbm2_12hi_1stack,0.7139692343655638,1.4006205756030992,1.0
233,hbm2_8hi_2stack,1.0105058905640907,1.9792066713075251,2.0
233,hbm2_8hi_no_pim,0.35068214046201485,1.1872210098950697,0.41633720495147797
234,hbm2_4hi_1stack,1.4005204341542241,0.7140202853262195,1.0
234,hbm2_8hi_1stack,1.0,1.0,1.0
234,hbm2_12hi_1stack,0.7787621095602716,1.2840891816945876,1.0
234,hbm2_8hi_2stack,1.211401237004185,1.6509806486131984,2.0
234,hbm2_8hi_no_pim,0.9206307564441853,0.976412225569313,0.8989151258272271
235,hbm2_4hi_1stack,1.5461085059605466,0.6467851358069676,1.0
235,hbm2_8hi_1stack,1.0,1.0,1.0
235,hbm2_12hi_1stack,0.7090990013539904,1.4102403163599837,1.0
235,hbm2_8hi_2stack,0.9671934991208402,2.067838547113851,2.0
235,hbm2_8hi_no_pim,0.36099438111079585,1.1367759833269335,0.41036974256272274
236,hbm2_4hi_1stack,1.3955067585543102,0.7165855656879516,1.0
236,hbm2_8hi_1stack,1.0,1.0,1.0
236,hbm2_12hi_1stack,0.7818805605901499,1.2789677226982308,1.0
236,hbm2_8hi_2stack,1.1801359035166779,1.6947200691379827,2.0
236,hbm2_8hi_no_pim,0.8239582580305083,0.9641253296342058,0.7943990271284898
237,hbm2_4hi_1stack,1.531294443277978,0.6530422704723866,1.0
237,hbm2_8hi_1stack,1.0,1.0,1.0
237,hbm2_12hi_1stack,0.716779939846028,1.395128329365371,1.0
237,hbm2_8hi_2stack,0.9957086415902285,2.008619707071976,2.0
237,hbm2_8hi_no_pim,0.6652231092009485,1.0278288762457066,0.6837355207826858
238,hbm2_4hi_1stack,1.4718512456467476,0.6794164851629344,1.0
238,hbm2_8hi_1stack,1.0,1.0,1.0
238,hbm2_12hi_1stack,0.7439692442502231,1.344141586132107,1.0
238,hbm2_8hi_2stack,1.078566745895485,1.854312686359981,2.0
238,hbm2_8hi_no_pim,0.6202248929124694,1.037036479421219,0.6431958393953499
239,hbm2_4hi_1stack,1.4868244921496039,0.672574338988882,1.0
239,hbm2_8hi_1stack,1.0,1.0,1.0
239,hbm2_12hi_1stack,0.7371183192111284,1.3566343067829467,1.0
239,hbm2_8hi_2stack,1.1208774524759975,1.7843163814046192,2.0
239,hbm2_8hi_no_pim,0.5726732915884397,1.091938054423602,0.6253237598374409
240,hbm2_4hi_1stack,1.6469887083307715,0.6071687042794017,1.0
240,hbm2_8hi_1stack,1.0,1.0,1.0
240,hbm2_12hi_1stack,0.6623823641215846,1.509702030376587,1.0
240,hbm2_8hi_2stack,0.8176203926356934,2.446122941665838,2.0
240,hbm2_8hi_no_pim,0.4266074144354672,1.1071861718048213,0.47233383005235774
241,hbm2_4hi_1stack,1.6922309878310118,0.590935875297812,1.0
241,hbm2_8hi_1stack,1.0,1.0,1.0
241,hbm2_12hi_1stack,0.6477102530269879,1.543900216688917,1.0
241,hbm2_8hi_2stack,0.8042074168747125,2.486920610322573,2.0
241,hbm2_8hi_no_pim,0.927052784996399,0.969832388824405,0.8990858170393752
242,hbm2_4hi_1stack,1.5043263738132562,0.6647493638399361,1.0
242,hbm2_8hi_1stack,1.0,1.0,1.0
242,hbm2_12hi_1stack,0.7252458526908814,1.3788427693722034,1.0
242,hbm2_8hi_2stack,1.0643505574654883,1.8790801451380368,2.0
242,hbm2_8hi_no_pim,0.9079232769838435,1.0157653276679317,0.922236984942836
243,hbm2_4hi_1stack,1.574155231108916,0.6352613644688323,1.0
243,hbm2_8hi_1stack,1.0,1.0,1.0
243,hbm2_12hi_1stack,0.6928595824036173,1.443293887241732,1.0
243,hbm2_8hi_2stack,0.9264880025466676,2.1586895831381896,2.0
243,hbm2_8hi_no_pim,0.43776068702856213,1.1437339689571018,0.500681768028565
244,hbm2_4hi_1stack,1.559010378512133,0.6414325483544031,1.0
244,hbm2_8hi_1stack,1.0,1.0,1.0
244,hbm2_12hi_1stack,0.7031837034833293,1.422103491657081,1.0
244,hbm2_8hi_2stack,0.985239916880995,2.0299624139584833,2.0
244,hbm2_8hi_no_pim,0.46577374911548375,1.0904142727838375,0.5078863439235618
245,hbm2_4hi_1stack,1.4579291611754204,0.685904381797106,1.0
245,hbm2_8hi_1stack,1.0,1.0,1.0
245,hbm2_12hi_1stack,0.7514282043962001,1.3307991291111256,1.0
245,hbm2_8hi_2stack,1.086748963465072,1.8403514217515788,2.0
245,hbm2_8hi_no_pim,0.7480247479976274,1.040062644810048,0.7779925977857821
246,hbm2_4hi_1stack,1.6626495592379893,0.601449652720752,1.0
246,hbm2_8hi_1stack,1.0,1.0,1.0
246,hbm2_12hi_1stack,0.6580236780762398,1.5197021525479788,1.0
246,hbm2_8hi_2stack,0.8760686475503054,2.282926121819873,2.0
246,hbm2_8hi_no_pim,0.6710876360576445,1.0434456863208514,0.7002434989876066
247,hbm2_4hi_1stack,1.5760350570673094,0.6345036523875318,1.0
247,hbm2_8hi_1stack,1.0,1.0,1.0
247,hbm2_12hi_1stack,0.6928404453417942,1.4433337527035923,1.0
247,hbm2_8hi_2stack,0.9334577139441486,2.1425716131793258,2.0
247,hbm2_8hi_no_pim,0.4941237913288294,1.0586480451663858,0.5231031857604683
248,hbm2_4hi_1stack,1.777047749516831,0.562731080395501,1.0
248,hbm2_8hi_1stack,1.0,1.0,1.0
248,hbm2_12hi_1stack,0.6175091645686555,1.6194091640705013,1.0
248,hbm2_8hi_2stack,0.7855550804263568,2.5459704224871262,2.0
248,hbm2_8hi_no_pim,0.9618194188391291,0.9653786068453775,0.9285198905957491
249,hbm2_4hi_1stack,1.710091025396056,0.5847641939226017,1.0
249,hbm2_8hi_1stack,1.0,1.0,1.0
249,hbm2_12hi_1stack,0.6381083573078169,1.567131958934069,1.0
249,hbm2_8hi_2stack,0.78968372278035,2.5326595221670773,2.0
249,hbm2_8hi_no_pim,0.5487443720234815,1.0588340823278974,0.5810292435840814
250,hbm2_4hi_1stack,1.6517701285289688,0.6054111178839265,1.0
250,hbm2_8hi_1stack,1.0,1.0,1.0
250,hbm2_12hi_1stack,0.6641826081141595,1.5056100352271198,1.0
250,hbm2_8hi_2stack,0.9107011366553744,2.1961101392111644,2.0
250,hbm2_8hi_no_pim,0.3687693002591939,1.2183510359489425,0.4492904589969555
251,hbm2_4hi_1stack,1.8050021554073654,0.5540159589307044,1.0
251,hbm2_8hi_1stack,1.0,1.0,1.0
251,hbm2_12hi_1stack,0.6065328129755514,1.6487154175454457,1.0
251,hbm2_8hi_2stack,0.7546348076638789,2.650288563008901,2.0
251,hbm2_8hi_no_pim,0.3778980682490879,1.1261439729261826,0.42556763193915753
252,hbm2_4hi_1stack,1.6936479833031304,0.5904414670926451,1.0
252,hbm2_8hi_1stack,1.0,1.0,1.0
252,hbm2_12hi_1stack,0.6453857779218677,1.5494608561409344,1.0
252,hbm2_8hi_2stack,0.8631982932663361,2.316964729427365,2.0
252,hbm2_8hi_no_pim,0.4335674746810382,1.1039239950504094,0.47862553877380887
253,hbm2_4hi_1stack,1.6304053061608714,0.613344421918442,1.0
253,hbm2_8hi_1stack,1.0,1.0,1.0
253,hbm2_12hi_1stack,0.6695544260974945,1.4935305645405277,1.0
253,hbm2_8hi_2stack,0.8701955595414305,2.298333952719715,2.0
253,hbm2_8hi_no_pim,0.6609577054191924,1.0609858969931787,0.701266803958735
254,hbm2_4hi_1stack,1.6404851348223797,0.6095757765633597,1.0
254,hbm2_8hi_1stack,1.0,1.0,1.0
254,hbm2_12hi_1stack,0.666305493187359,1.5008130808232871,1.0
254,hbm2_8hi_2stack,0.8571919034619838,2.333199825992873,2.0
254,hbm2_8hi_no_pim,0.42550500295957633,1.1121622705205563,0.4732306102093784
255,hbm2_4hi_1stack,1.5417736269746654,0.6486036487485151,1.0
255,hbm2_8hi_1stack,1.0,1.0,1.0
255,hbm2_12hi_1stack,0.7098940548796913,1.4086609024630785,1.0
255,hbm2_8hi_2stack,1.0322860710033674,1.9374474345624255,2.0
255,hbm2_8hi_no_pim,0.5593712922458476,1.076773708335025,0.6023163006877164
256,hbm2_4hi_1stack,1.5086350744526973,0.6628508225309424,1.0
256,hbm2_8hi_1stack,1.0,1.0,1.0
256,hbm2_12hi_1stack,0.7274701683021119,1.3746268143667837,1.0
256,hbm2_8hi_2stack,1.0390590983410668,1.9248183315012064,2.0
256,hbm2_8hi_no_pim,0.8427183710045987,0.9876510979627847,0.8323117243961012
257,hbm2_4hi_1stack,1.444728732558183,0.6921714626864925,1.0
257,hbm2_8hi_1stack,1.0,1.0,1.0
257,hbm2_12hi_1stack,0.7546730700064662,1.3250770959555132,1.0
257,hbm2_8hi_2stack,1.0799858709089498,1.8518760790053093,2.0
257,hbm2_8hi_no_pim,0.5875394183777243,1.019501361407379,0.5989972369165895
258,hbm2_4hi_1stack,1.507966660353836,0.6631446346203407,1.0
258,hbm2_8hi_1stack,1.0,1.0,1.0
258,hbm2_12hi_1stack,0.7257570024415892,1.3778716521312278,1.0
258,hbm2_8hi_2stack,1.065626517191203,1.8768301724244203,2.0
258,hbm2_8hi_no_pim,0.38746608723273884,1.164094570494102,0.45104716839822534
259,hbm2_4hi_1stack,1.686917066524668,0.5927973697368346,1.0
259,hbm2_8hi_1stack,1.0,1.0,1.0
259,hbm2_12hi_1stack,0.6457164935135911,1.5486672712332568,1.0
259,hbm2_8hi_2stack,0.7830845955812996,2.554002481067016,2.0
259,hbm2_8hi_no_pim,0.9513093955340318,0.9828178963591253,0.9349638989054282
260,hbm2_4hi_1stack,1.7571663024371806,0.5690980976661145,1.0
260,hbm2_8hi_1stack,1.0,1.0,1.0
260,hbm2_12hi_1stack,0.6218830475605321,1.6080193919463017,1.0
260,hbm2_8hi_2stack,0.7197622330738599,2.778695391474876,2.0
260,hbm2_8hi_no_pim,0.8428918037373784,0.9532973999779081,0.803526564965532
261,hbm2_4hi_1stack,1.5745228410580416,0.6351130475363723,1.0
261,hbm2_8hi_1stack,1.0,1.0,1.0
261,hbm2_12hi_1stack,0.6928940245902246,1.4432221443840518,1.0
261,hbm2_8hi_2stack,0.9339554961025696,2.1414296594924203,2.0
261,hbm2_8hi_no_pim,0.5750934562645595,1.0900776780796273,0.6268965394836588
262,hbm2_4hi_1stack,1.4566937946808984,0.6864860711643649,1.0
262,hbm2_8hi_1stack,1.0,1.0,1.0
262,hbm2_12hi_1stack,0.7543963288936878,1.325563184362902,1.0
262,hbm2_8hi_2stack,1.167229661039249,1.7134588562625197,2.0
262,hbm2_8hi_no_pim,0.778174854987569,1.0375502964605428,0.8073955514904921
263,hbm2_4hi_1stack,1.4315929883268392,0.6985225606397671,1.0
263,hbm2_8hi_1stack,1.0,1.0,1.0
263,hbm2_12hi_1stack,0.7645500725126783,1.3079588060380667,1.0
263,hbm2_8hi_2stack,1.2100664971109407,1.6528017301322218,2.0
263,hbm2_8hi_no_pim,0.9778670814658441,0.9439573565176181,0.9230648252460966
264,hbm2_4hi_1stack,1.5682782216337317,0.6376419605943798,1.0
264,hbm2_8hi_1stack,1.0,1.0,1.0
264,hbm2_12hi_1stack,0.6946217192671469,1.439632496742312,1.0
264,hbm2_8hi_2stack,1.0032468093939204,1.9935273965219347,2.0
264,hbm2_8hi_no_pim,0.3545488577172144,1.1662779783233825,0.4135025249952974
265,hbm2_4hi_1stack,1.6901608911495156,0.5916596492301263,1.0
265,hbm2_8hi_1stack,1.0,1.0,1.0
265,hbm2_12hi_1stack,0.6479320909575377,1.5433716186555346,1.0
265,hbm2_8hi_2stack,0.8790034493261945,2.2753039268880144,2.0
265,hbm2_8hi_no_pim,0.6531001767717234,1.0042420092960376,0.6558706337928328
266,hbm2_4hi_1stack,1.4467979477399406,0.6911815167847807,1.0
266,hbm2_8hi_1stack,1.0,1.0,1.0
266,hbm2_12hi_1stack,0.7573421885846898,1.3204070961222767,1.0
266,hbm2_8hi_2stack,1.2099756172137168,1.6529258701968883,2.0
266,hbm2_8hi_no_pim,0.3638365906227488,1.1391791895892205,0.414475072448528
267,hbm2_4hi_1stack,1.4452722641680023,0.6919111538998975,1.0
267,hbm2_8hi_1stack,1.0,1.0,1.0
267,hbm2_12hi_1stack,0.7558789000683368,1.3229632417436086,1.0
267,hbm2_8hi_2stack,1.1674390597566862,1.7131515202316714,2.0
267,hbm2_8hi_no_pim,0.5460494557383822,1.038828638868843,0.5672518128597761
268,hbm2_4hi_1stack,1.576849349356528,0.6341759917699649,1.0
268,hbm2_8hi_1stack,1.0,1.0,1.0
268,hbm2_12hi_1stack,0.6928979604836111,1.4432139463970217,1.0
268,hbm2_8hi_2stack,0.9337647328831727,2.1418671422989246,2.0
268,hbm2_8hi_no_pim,0.42821138853871854,1.16719169117165,0.49980477476746743
269,hbm2_4hi_1stack,1.5697477628184064,0.6370450232109572,1.0
269,hbm2_8hi_1stack,1.0,1.0,1.0
269,hbm2_12hi_1stack,0.6968312217746101,1.43506773053784,1.0
269,hbm2_8hi_2stack,0.9762321942017509,2.0486929358392727,2.0
269,hbm2_8hi_no_pim,0.5464561436775067,1.0763022296525562,0.5881519658474381
270,hbm2_4hi_1stack,1.5003139274815027,0.6665271725355818,1.0
270,hbm2_8hi_1stack,1.0,1.0,1.0
270,hbm2_12hi_1stack,0.7265295359745665,1.3764065333677045,1.0
270,hbm2_8hi_2stack,1.0975769270658937,1.8221957392512942,2.0
270,hbm2_8hi_no_pim,0.6431587300453874,1.084131301470883,0.6972685110564661
271,hbm2_4hi_1stack,1.5477180784487792,0.6461125019630598,1.0
271,hbm2_8hi_1stack,1.0,1.0,1.0
271,hbm2_12hi_1stack,0.7068059155070819,1.4148155498706778,1.0
271,hbm2_8hi_2stack,1.0112768012151014,1.9776978939859953,2.0
271,hbm2_8hi_no_pim,0.45754858477274246,1.1186438994355994,0.5118339330514206
272,hbm2_4hi_1stack,1.5128796792853632,0.6609910977668552,1.0
272,hbm2_8hi_1stack,1.0,1.0,1.0
272,hbm2_12hi_1stack,0.7207590358361821,1.3874262413371745,1.0
272,hbm2_8hi_2stack,1.0241028840036943,1.9529287840505538,2.0
272,hbm2_8hi_no_pim,1.0069713103040523,0.9771067395159884,0.9839184537973351
273,hbm2_4hi_1stack,1.7692622265066411,0.5652073418051049,1.0
273,hbm2_8hi_1stack,1.0,1.0,1.0
273,hbm2_12hi_1stack,0.6197868603045039,1.6134578901990528,1.0
273,hbm2_8hi_2stack,0.7575280133075404,2.640166389712168,2.0
273,hbm2_8hi_no_pim,0.5385760670949492,1.1114762492906098,0.598614507012382
274,hbm2_4hi_1stack,1.4757125793236359,0.6776387312889415,1.0
274,hbm2_8hi_1stack,1.0,1.0,1.0
274,hbm2_12hi_1stack,0.7432683361188612,1.3454091226618363,1.0
274,hbm2_8hi_2stack,1.0959990983773011,1.8248190194327092,2.0
274,hbm2_8hi_no_pim,0.5381555554094738,1.0911851798368433,0.587227366509683
275,hbm2_4hi_1stack,1.3821539955925852,0.7235083812576613,1.0
275,hbm2_8hi_1stack,1.0,1.0,1.0
275,hbm2_12hi_1stack,0.7923354912917702,1.2620916404611229,1.0
275,hbm2_8hi_2stack,1.2385666393148294,1.614769796404651,2.0
275,hbm2_8hi_no_pim,0.4536611111699541,1.0867223972908784,0.4930036902882562
276,hbm2_4hi_1stack,1.6329898837635308,0.6123736649827327,1.0
276,hbm2_8hi_1stack,1.0,1.0,1.0
276,hbm2_12hi_1stack,0.6714611175834243,1.4892895118022333,1.0
276,hbm2_8hi_2stack,0.8782147169045524,2.277347397512774,2.0
276,hbm2_8hi_no_pim,0.4867839324175954,1.0611698807387033,0.5165604475090967
277,hbm2_4hi_1stack,1.5583042840928991,0.6417231924521773,1.0
277,hbm2_8hi_1stack,1.0,1.0,1.0
277,hbm2_12hi_1stack,0.7047569432976128,1.418928908058602,1.0
277,hbm2_8hi_2stack,1.0257202705318347,1.9498493472913454,2.0
277,hbm2_8hi_no_pim,0.3996697711548992,1.1231734125097292,0.4488984607450307
278,hbm2_4hi_1stack,1.5311001513612361,0.6531251395350869,1.0
278,hbm2_8hi_1stack,1.0,1.0,1.0
278,hbm2_12hi_1stack,0.7144684149261211,1.3996419983147945,1.0
278,hbm2_8hi_2stack,1.0297199330171976,1.9422756964020018,2.0
278,hbm2_8hi_no_pim,0.3495681097635985,1.1694592342726802,0.4088056539702861
279,hbm2_4hi_1stack,1.6479030555889447,0.6068318136849438,1.0
279,hbm2_8hi_1stack,1.0,1.0,1.0
279,hbm2_12hi_1stack,0.6627501341068752,1.5088642740866496,1.0
279,hbm2_8hi_2stack,0.8404302419493177,2.3797334985960803,2.0
279,hbm2_8hi_no_pim,0.3476054091708832,1.1514101280330118,0.40023638867841405
280,hbm2_4hi_1stack,1.3701755359460828,0.7298334948810169,1.0
280,hbm2_8hi_1stack,1.0,1.0,1.0
280,hbm2_12hi_1stack,0.7966589854419708,1.2552422281978275,1.0
280,hbm2_8hi_2stack,1.2185091828239532,1.6413499612410836,2.0
280,hbm2_8hi_no_pim,0.4652481330937856,1.0746107269033054,0.4999606344943187
281,hbm2_4hi_1stack,1.4487829057982184,0.6902345382443907,1.0
281,hbm2_8hi_1stack,1.0,1.0,1.0
281,hbm2_12hi_1stack,0.7524760410202452,1.3289459670292614,1.0
281,hbm2_8hi_2stack,1.153048995786018,1.7345316697809765,2.0
281,hbm2_8hi_no_pim,0.7675160483722825,1.0248626284546463,0.7865985147159409
282,hbm2_4hi_1stack,1.6244610111173552,0.6155887972418425,1.0
282,hbm2_8hi_1stack,1.0,1.0,1.0
282,hbm2_12hi_1stack,0.673024738769094,1.485829483517822,1.0
282,hbm2_8hi_2stack,0.8827754846360361,2.2655817190308474,2.0
282,hbm2_8hi_no_pim,0.8375716507569654,0.9863365258725156,0.8261275121769333
283,hbm2_4hi_1stack,1.3930087413456977,0.7178705849569639,1.0
283,hbm2_8hi_1stack,1.0,1.0,1.0
283,hbm2_12hi_1stack,0.7812931962928172,1.2799292311067492,1.0
283,hbm2_8hi_2stack,1.2429864337952217,1.6090280196328306,2.0
283,hbm2_8hi_no_pim,0.39921157764944354,1.1803957966463348,0.47122766822995504
284,hbm2_4hi_1stack,1.4969648734308594,0.6680183468220754,1.0
284,hbm2_8hi_1stack,1.0,1.0,1.0
284,hbm2_12hi_1stack,0.7309725571677463,1.3680404143688205,1.0
284,hbm2_8hi_2stack,1.0747759203640568,1.8608530039662072,2.0
284,hbm2_8hi_no_pim,0.4991632039582781,1.0811568169810242,0.5396737007455817
285,hbm2_4hi_1stack,1.7370868769867145,0.5756764461514311,1.0
285,hbm2_8hi_1stack,1.0,1.0,1.0
285,hbm2_12hi_1stack,0.6287288430184513,1.5905107759954524,1.0
285,hbm2_8hi_2stack,0.7530564578541322,2.655843368901037,2.0
285,hbm2_8hi_no_pim,0.4478254897279015,1.0889293581451984,0.4876503230904629
286,hbm2_4hi_1stack,1.6148222512209753,0.6192632032682822,1.0
286,hbm2_8hi_1stack,1.0,1.0,1.0
286,hbm2_12hi_1stack,0.6757135802865144,1.4799169783978332,1.0
286,hbm2_8hi_2stack,0.9406684041570865,2.126147738311843,2.0
286,hbm2_8hi_no_pim,0.705558932671998,1.061990151144404,0.7492966375496196
287,hbm2_4hi_1stack,1.7615877787052678,0.5676696966727257,1.0
287,hbm2_8hi_1stack,1.0,1.0,1.0
287,hbm2_12hi_1stack,0.6221501999815686,1.6073289055112823,1.0
287,hbm2_8hi_2stack,0.7318943723732356,2.7326347564537405,2.0
287,hbm2_8hi_no_pim,0.472655265133198,1.1006982697902128,0.5202508325393453
288,hbm2_4hi_1stack,1.5338529875902176,0.6519529629570724,1.0
288,hbm2_8hi_1stack,1.0,1.0,1.0
288,hbm2_12hi_1stack,0.7140010870701261,1.400558091729886,1.0
288,hbm2_8hi_2stack,1.0179949482944004,1.9646462915664757,2.0
288,hbm2_8hi_no_pim,0.3580082379802002,1.1567098005268832,0.41411163754105834
289,hbm2_4hi_1stack,1.6349482173176186,0.6116401665862251,1.0
289,hbm2_8hi_1stack,1.0,1.0,1.0
289,hbm2_12hi_1stack,0.6669475309425105,1.4993683215032367,1.0
289,hbm2_8hi_2stack,0.8434484598519991,2.3712177983595373,2.0
289,hbm2_8hi_no_pim,0.5283011524572352,1.1139623006764785,0.5885075672412967
290,hbm2_4hi_1stack,1.6793656010165452,0.5954629530310047,1.0
290,hbm2_8hi_1stack,1.0,1.0,1.0
290,hbm2_12hi_1stack,0.6489559665105229,1.5409365990994166,1.0
290,hbm2_8hi_2stack,0.8013589324911123,2.4957605373946232,2.0
290,hbm2_8hi_no_pim,0.6370866523194152,1.035263942089662,0.6595528391329037
291,hbm2_4hi_1stack,1.4741259656462513,0.6783680793259779,1.0
291,hbm2_8hi_1stack,1.0,1.0,1.0
291,hbm2_12hi_1stack,0.7436063673729819,1.3447975217490504,1.0
291,hbm2_8hi_2stack,1.0983778228396381,1.8208670626919583,2.0
291,hbm2_8hi_no_pim,0.5441352872114508,1.0442349571891498,0.5682050883463551
292,hbm2_4hi_1stack,1.54677386150544,0.6465069166779962,1.0
292,hbm2_8hi_1stack,1.0,1.0,1.0
292,hbm2_12hi_1stack,0.7099113812906275,1.4086265220624974,1.0
292,hbm2_8hi_2stack,1.0271741016511808,1.9470895895690934,2.0
292,hbm2_8hi_no_pim,0.7413959267595046,0.9831718935758943,0.7289196372015971
293,hbm2_4hi_1stack,1.6462565322914657,0.607438743831786,1.0
293,hbm2_8hi_1stack,1.0,1.0,1.0
293,hbm2_12hi_1stack,0.6634446473801979,1.5072847508059455,1.0
293,hbm2_8hi_2stack,0.8814436755778854,2.26900487848957,2.0
293,hbm2_8hi_no_pim,0.6603128819761771,1.0525724901978908,0.6950271744914107
294,hbm2_4hi_1stack,1.3790633857638586,0.7251298311035235,1.0
294,hbm2_8hi_1stack,1.0,1.0,1.0
294,hbm2_12hi_1stack,0.7951442832624208,1.257633389373147,1.0
294,hbm2_8hi_2stack,1.3014253653087176,1.5367765630767232,2.0
294,hbm2_8hi_no_pim,0.43157938322405753,1.1626696100142397,0.5017842331833011
295,hbm2_4hi_1stack,1.5069565386547348,0.663589144311158,1.0
295,hbm2_8hi_1stack,1.0,1.0,1.0
295,hbm2_12hi_1stack,0.7281513058271624,1.3733409416385294,1.0
295,hbm2_8hi_2stack,1.1117411545128397,1.7989799081211413,2.0
295,hbm2_8hi_no_pim,0.9165184373390352,0.994541770372228,0.911515869249952
296,hbm2_4hi_1stack,1.4215256964619636,0.703469520451794,1.0
296,hbm2_8hi_1stack,1.0,1.0,1.0
296,hbm2_12hi_1stack,0.7675254078279263,1.3028884644092367,1.0
296,hbm2_8hi_2stack,1.1763548976014109,1.7001671894068726,2.0
296,hbm2_8hi_no_pim,0.4372427230843742,1.1223197020676974,0.49072612270332355
297,hbm2_4hi_1stack,1.4973571321242034,0.667843347820012,1.0
297,hbm2_8hi_1stack,1.0,1.0,1.0
297,hbm2_12hi_1stack,0.727976893772964,1.3736699729811377,1.0
297,hbm2_8hi_2stack,1.0791959807997993,1.853231512702435,2.0
297,hbm2_8hi_no_pim,0.38698638370193333,1.1808873160862696,0.45698731201170734
298,hbm2_4hi_1stack,1.534853869265238,0.6515278229573203,1.0
298,hbm2_8hi_1stack,1.0,1.0,1.0
298,hbm2_12hi_1stack,0.7122732377650057,1.4039555987500425,1.0
298,hbm2_8hi_2stack,0.9755503146232002,2.0501249090083955,2.0
298,hbm2_8hi_no_pim,0.47500310702859755,1.0697634124452071,0.5081409446969885
299,hbm2_4hi_1stack,1.5777092181674264,0.633830358905769,1.0
299,hbm2_8hi_1stack,1.0,1.0,1.0
299,hbm2_12hi_1stack,0.6960677774051102,1.4366417071164062,1.0
299,hbm2_8hi_2stack,1.0066822601509935,1.9867241921001149,2.0
299,hbm2_8hi_no_pim,0.3706923925215449,1.148455269429722,0.42572363152887915
300,hbm2_4hi_1stack,1.6114867761499054,0.620544961832797,1.0
300,hbm2_8hi_1stack,1.0,1.0,1.0
300,hbm2_12hi_1stack,0.6753756074975814,1.480657561360892,1.0
300,hbm2_8hi_2stack,0.8574223747922665,2.3325726722311786,2.0
300,hbm2_8hi_no_pim,0.42048073133505487,1.1667413683018053,0.49059226382240567
301,hbm2_4hi_1stack,1.5326428401406151,0.6524677333880692,1.0
301,hbm2_8hi_1stack,1.0,1.0,1.0
301,hbm2_12hi_1stack,0.7130720860425253,1.4023827598551704,1.0
301,hbm2_8hi_2stack,0.9946877074259828,2.010681327484712,2.0
301,hbm2_8hi_no_pim,0.6017490689376372,1.0453498197728446,0.6290382807624362
302,hbm2_4hi_1stack,1.46739255345674,0.6814809013745489,1.0
302,hbm2_8hi_1stack,1.0,1.0,1.0
302,hbm2_12hi_1stack,0.7459825933881165,1.3405138522846531,1.0
302,hbm2_8hi_2stack,1.0959606236704187,1.8248830813847263,2.0
302,hbm2_8hi_no_pim,0.5557391161941703,1.0509733189826866,0.5840669834350921
303,hbm2_4hi_1stack,1.585645796445227,0.6306578696464529,1.0
303,hbm2_8hi_1stack,1.0,1.0,1.0
303,hbm2_12hi_1stack,0.6903093503989398,1.4486258942053811,1.0
303,hbm2_8hi_2stack,0.9298066743822391,2.15098477468856,2.0
303,hbm2_8hi_no_pim,0.9230847631390495,0.9589562907620237,0.8851979405187642
304,hbm2_4hi_1stack,1.4334807477252625,0.6976026720881066,1.0
304,hbm2_8hi_1stack,1.0,1.0,1.0
304,hbm2_12hi_1stack,0.7650586707712693,1.3070892968141674,1.0
304,hbm2_8hi_2stack,1.127354865169666,1.7740642824999042,2.0
304,hbm2_8hi_no_pim,1.0367114958850339,0.9306410572275542,0.9648062825704071
305,hbm2_4hi_1stack,1.3924644376191375,0.7181511950925076,1.0
305,hbm2_8hi_1stack,1.0,1.0,1.0
305,hbm2_12hi_1stack,0.7836544962413537,1.276072561053762,1.0
305,hbm2_8hi_2stack,1.1649694526357546,1.7167832130490468,2.0
305,hbm2_8hi_no_pim,0.3579117212294753,1.1979684546668024,0.4287669515884099
306,hbm2_4hi_1stack,1.6455623296633384,0.6076950000457215,1.0
306,hbm2_8hi_1stack,1.0,1.0,1.0
306,hbm2_12hi_1stack,0.6656655071523035,1.5022559968263476,1.0
306,hbm2_8hi_2stack,0.86807177319131,2.3039569558256217,2.0
306,hbm2_8hi_no_pim,0.5015801443896033,1.1022931877312592,0.5528883762619211
307,hbm2_4hi_1stack,1.7201476465931167,0.5813454455381061,1.0
307,hbm2_8hi_1stack,1.0,1.0,1.0
307,hbm2_12hi_1stack,0.6356335618426866,1.5732334792093479,1.0
307,hbm2_8hi_2stack,0.8044942652888168,2.4860338802812865,2.0
307,hbm2_8hi_no_pim,1.0727841249567103,0.9220386615882977,0.9891484387482583
308,hbm2_4hi_1stack,1.794886440293497,0.5571383111215,1.0
308,hbm2_8hi_1stack,1.0,1.0,1.0
308,hbm2_12hi_1stack,0.6106931657446298,1.637483528705747,1.0
308,hbm2_8hi_2stack,0.7717787531532452,2.5914162469861073,2.0
308,hbm2_8hi_no_pim,0.470703866488085,1.115311860465906,0.5249816050613215
309,hbm2_4hi_1stack,1.5153220112043062,0.6599257402756575,1.0
309,hbm2_8hi_1stack,1.0,1.0,1.0
309,hbm2_12hi_1stack,0.7218358681009999,1.3853564836432861,1.0
309,hbm2_8hi_2stack,1.075930292109068,1.8588564841682682,2.0
309,hbm2_8hi_no_pim,0.3919122302185069,1.1265527086598377,0.44150978450957684
310,hbm2_4hi_1stack,1.5914619206356693,0.6283530802927256,1.0
310,hbm2_8hi_1stack,1.0,1.0,1.0
310,hbm2_12hi_1stack,0.6841834271563962,1.4615963502012916,1.0
310,hbm2_8hi_2stack,0.9096190937804439,2.198722535262373,2.0
310,hbm2_8hi_no_pim,0.34967427049937927,1.148625724389765,0.40164486225281215
311,hbm2_4hi_1stack,1.7691199364135215,0.5652528013602441,1.0
311,hbm2_8hi_1stack,1.0,1.0,1.0
311,hbm2_12hi_1stack,0.6173703389227666,1.619773314255547,1.0
311,hbm2_8hi_2stack,0.7145268322448698,2.7990551365530747,2.0
311,hbm2_8hi_no_pim,0.6502611803757729,1.0036589284465487,0.6526404395063361
312,hbm2_4hi_1stack,1.8934053863707152,0.5281489147534342,1.0
312,hbm2_8hi_1stack,1.0,1.0,1.0
312,hbm2_12hi_1stack,0.5792688246361071,1.7263142041662496,1.0
312,hbm2_8hi_2stack,0.63422890707522,3.153435577736602,2.0
312,hbm2_8hi_no_pim,0.49343825181053863,1.0790428900788258,0.532441037309087
313,hbm2_4hi_1stack,1.3878800517798249,0.7205233613074808,1.0
313,hbm2_8hi_1stack,1.0,1.0,1.0
313,hbm2_12hi_1stack,0.7877787610372029,1.2693919276058967,1.0
313,hbm2_8hi_2stack,1.2819507242462655,1.5601223683351153,2.0
313,hbm2_8hi_no_pim,0.41061618850751813,1.1789256774160877,0.48408596819423777
314,hbm2_4hi_1stack,1.6608561178184325,0.6020991157942808,1.0
314,hbm2_8hi_1stack,1.0,1.0,1.0
314,hbm2_12hi_1stack,0.6567962710619282,1.5225421398680745,1.0
314,hbm2_8hi_2stack,0.8183036902655982,2.4440803870148216,2.0
314,hbm2_8hi_no_pim,0.6743119820284031,1.067058149188406,0.7195300955187935
315,hbm2_4hi_1stack,1.4400264329101842,0.6944316973259136,1.0
315,hbm2_8hi_1stack,1.0,1.0,1.0
315,hbm2_12hi_1stack,0.7603893825658428,1.3151156801080257,1.0
315,hbm2_8hi_2stack,1.1803289558075107,1.6944428840447443,2.0
315,hbm2_8hi_no_pim,0.7576477813813792,0.9853471036940058,0.7465460470043314
316,hbm2_4hi_1stack,1.5565288043960332,0.6424551843664863,1.0
316,hbm2_8hi_1stack,1.0,1.0,1.0
316,hbm2_12hi_1stack,0.7047245638004049,1.4189941026140025,1.0
316,hbm2_8hi_2stack,0.9998008296840891,2.000398419985256,2.0
316,hbm2_8hi_no_pim,0.4549203861445516,1.0841392517191393,0.49319704702653605
317,hbm2_4hi_1stack,1.389978556634828,0.719435559078713,1.0
317,hbm2_8hi_1stack,1.0,1.0,1.0
317,hbm2_12hi_1stack,0.7877861190464786,1.269380071345229,1.0
317,hbm2_8hi_2stack,1.2208651394040897,1.638182576804683,2.0
317,hbm2_8hi_no_pim,0.5853955544203704,1.1085947420732278,0.6489664336634647
318,hbm2_4hi_1stack,1.5462461137554904,0.6467275753219006,1.0
318,hbm2_8hi_1stack,1.0,1.0,1.0
318,hbm2_12hi_1stack,0.7077213813684096,1.4129854294729054,1.0
318,hbm2_8hi_2stack,1.0131260644672269,1.9740879937303173,2.0
318,hbm2_8hi_no_pim,0.3769458055189071,1.1482723582014147,0.4328364490173273
319,hbm2_4hi_1stack,1.4205624284578273,0.7039465355180533,1.0
319,hbm2_8hi_1stack,1.0,1.0,1.0
319,hbm2_12hi_1stack,0.7707095057216261,1.2975057302085382,1.0
319,hbm2_8hi_2stack,1.243414889367255,1.6084735811855637,2.0
319,hbm2_8hi_no_pim,0.3442785809569208,1.1784650161926271,0.4057202634821724
320,hbm2_4hi_1stack,1.6922786030742496,0.590919248274703,1.0
320,hbm2_8hi_1stack,1.0,1.0,1.0
320,hbm2_12hi_1stack,0.644810858626192,1.5508423696997902,1.0
320,hbm2_8hi_2stack,0.8606386112084231,2.323855767046983,2.0
320,hbm2_8hi_no_pim,0.367056776636751,1.1996128627782539,0.44032603062337095
321,hbm2_4hi_1stack,1.4305284461217191,0.6990423732649865,1.0
321,hbm2_8hi_1stack,1.0,1.0,1.0
321,hbm2_12hi_1stack,0.7629072677255226,1.3107752964280033,1.0
321,hbm2_8hi_2stack,1.1853087184281526,1.687324128225612,2.0
321,hbm2_8hi_no_pim,0.387624703545546,1.1476101204722111,0.4448420327339092
322,hbm2_4hi_1stack,1.6025972853169455,0.6239870796999573,1.0
322,hbm2_8hi_1stack,1.0,1.0,1.0
322,hbm2_12hi_1stack,0.682476189545693,1.4652525836332466,1.0
322,hbm2_8hi_2stack,0.9059223327068884,2.207694774478091,2.0
322,hbm2_8hi_no_pim,0.46458534539515417,1.0968678974075103,0.5095887509699247
323,hbm2_4hi_1stack,1.6201882087450725,0.6172122439864913,1.0
323,hbm2_8hi_1stack,1.0,1.0,1.0
323,hbm2_12hi_1stack,0.6736223531775892,1.484511307088954,1.0
323,hbm2_8hi_2stack,0.9426754389527773,2.1216209920795324,2.0
323,hbm2_8hi_no_pim,0.6356275616431593,1.0835484777356277,0.6887332768252541
324,hbm2_4hi_1stack,1.4993250177455166,0.6669667938334448,1.0
324,hbm2_8hi_1stack,1.0,1.0,1.0
324,hbm2_12hi_1stack,0.730186179143915,1.3695137330213782,1.0
324,hbm2_8hi_2stack,1.07250806673744,1.864787838924123,2.0
324,hbm2_8hi_no_pim,0.3523426835950857,1.2185089273687513,0.4293327054536752
325,hbm2_4hi_1stack,1.7995741796112112,0.5556870126998849,1.0
325,hbm2_8hi_1stack,1.0,1.0,1.0
325,hbm2_12hi_1stack,0.6072900987118164,1.6466594830398187,1.0
325,hbm2_8hi_2stack,0.7695612587257725,2.5988834252279913,2.0
325,hbm2_8hi_no_pim,1.0939398849127002,0.9062884180011107,0.9914250476858483
326,hbm2_4hi_1stack,1.4041056292151004,0.7121971304673163,1.0
326,hbm2_8hi_1stack,1.0,1.0,1.0
326,hbm2_12hi_1stack,0.7798674334068911,1.282269212898721,1.0
326,hbm2_8hi_2stack,1.2740713361821736,1.569770815183012,2.0
326,hbm2_8hi_no_pim,0.38287839973971144,1.1666920156375238,0.4467011719363935
327,hbm2_4hi_1stack,1.5139659743221905,0.6605168259793319,1.0
327,hbm2_8hi_1stack,1.0,1.0,1.0
327,hbm2_12hi_1stack,0.7217817758306571,1.3854603059895183,1.0
327,hbm2_8hi_2stack,1.0341117697783122,1.934026918994211,2.0
327,hbm2_8hi_no_pim,0.5205708925681749,1.055857389282423,0.5496486235634539
328,hbm2_4hi_1stack,1.3961605885596031,0.7162499845606474,1.0
328,hbm2_8hi_1stack,1.0,1.0,1.0
328,hbm2_12hi_1stack,0.779695563961062,1.2825518653969668,1.0
328,hbm2_8hi_2stack,1.1963418173913076,1.6717630119802345,2.0
328,hbm2_8hi_no_pim,0.6318616965632153,1.0538451409028506,0.6658843786457759
329,hbm2_4hi_1stack,1.617691259046313,0.61816492758299,1.0
329,hbm2_8hi_1stack,1.0,1.0,1.0
329,hbm2_12hi_1stack,0.6762634861290683,1.4787135791169197,1.0
329,hbm2_8hi_2stack,0.8907507171429037,2.245297097727892,2.0
329,hbm2_8hi_no_pim,0.35898328382125844,1.217685754554399,0.4371288308323051
330,hbm2_4hi_1stack,1.4503651082811964,0.6894815617738373,1.0
330,hbm2_8hi_1stack,1.0,1.0,1.0
330,hbm2_12hi_1stack,0.7503681233115568,1.3326792129531797,1.0
330,hbm2_8hi_2stack,1.1057326085109083,1.8087555568189337,2.0
330,hbm2_8hi_no_pim,0.6777366083171359,1.0298639908288367,0.6979765281722857
331,hbm2_4hi_1stack,1.523538926657269,0.6563665571670406,1.0
331,hbm2_8hi_1stack,1.0,1.0,1.0
331,hbm2_12hi_1stack,0.7200784668765773,1.3887375418093175,1.0
331,hbm2_8hi_2stack,1.0420743193676165,1.919248908478717,2.0
331,hbm2_8hi_no_pim,0.6715348085753344,1.0503166953930667,0.705324220984261
332,hbm2_4hi_1stack,1.7544505541263031,0.5699790157369177,1.0
332,hbm2_8hi_1stack,1.0,1.0,1.0
332,hbm2_12hi_1stack,0.6261079732211882,1.597168607924316,1.0
332,hbm2_8hi_2stack,0.8271239163168813,2.4180173738728836,2.0
332,hbm2_8hi_no_pim,0.4544660160377351,1.1020795792124292,0.5008577157212162
333,hbm2_4hi_1stack,1.6918975256719864,0.5910523449715555,1.0
333,hbm2_8hi_1stack,1.0,1.0,1.0
333,hbm2_12hi_1stack,0.6473032878106029,1.5448708802056852,1.0
333,hbm2_8hi_2stack,0.8088161414031871,2.47274985948014,2.0
333,hbm2_8hi_no_pim,0.6628688115818594,1.0104741094245897,0.6698117720485155
334,hbm2_4hi_1stack,1.6439425208547571,0.6082937738480397,1.0
334,hbm2_8hi_1stack,1.0,1.0,1.0
334,hbm2_12hi_1stack,0.663859618998379,1.5063425630689578,1.0
334,hbm2_8hi_2stack,0.8681036309985247,2.303872404841259,2.0
334,hbm2_8hi_no_pim,0.3647118535526954,1.1537178861958963,0.42077458875140306
335,hbm2_4hi_1stack,1.4506774901908805,0.6893330921322972,1.0
335,hbm2_8hi_1stack,1.0,1.0,1.0
335,hbm2_12hi_1stack,0.7540174387467341,1.3262292735060848,1.0
335,hbm2_8hi_2stack,1.0785001207254084,1.854427237944844,2.0
335,hbm2_8hi_no_pim,0.5845558202139628,1.0260892328107056,0.5998064330983779
336,hbm2_4hi_1stack,1.490807953586194,0.6707772101661135,1.0
336,hbm2_8hi_1stack,1.0,1.0,1.0
336,hbm2_12hi_1stack,0.7357792731790529,1.359103248015317,1.0
336,hbm2_8hi_2stack,1.0732821543780433,1.8634428904289204,2.0
336,hbm2_8hi_no_pim,0.3497799504937817,1.208543574744589,0.42272431174374026
337,hbm2_4hi_1stack,1.676716200811439,0.5964038514782971,1.0
337,hbm2_8hi_1stack,1.0,1.0,1.0
337,hbm2_12hi_1stack,0.6531331483491736,1.5310813767874891,1.0
337,hbm2_8hi_2stack,0.8287754267407677,2.41319896255271,2.0
337,hbm2_8hi_no_pim,0.9408013447722366,0.9470401777943572,0.8909766728222693
338,hbm2_4hi_1stack,1.462191122017137,0.6839051235795152,1.0
338,hbm2_8hi_1stack,1.0,1.0,1.0
338,hbm2_12hi_1stack,0.744417794877676,1.3433316705766305,1.0
338,hbm2_8hi_2stack,1.025288894760332,1.9506697187698625,2.0
338,hbm2_8hi_no_pim,0.649418179033287,1.0126920134391266,0.6576606032891906
339,hbm2_4hi_1stack,1.4279905067783387,0.7002847674779578,1.0
339,hbm2_8hi_1stack,1.0,1.0,1.0
339,hbm2_12hi_1stack,0.7628993928281683,1.3107888266798438,1.0
339,hbm2_8hi_2stack,1.0910553764829358,1.833087525261171,2.0
339,hbm2_8hi_no_pim,0.4278132731543029,1.1252638389292402,0.48140280609449454
340,hbm2_4hi_1stack,1.578394387109345,0.6335552179904729,1.0
340,hbm2_8hi_1stack,1.0,1.0,1.0
340,hbm2_12hi_1stack,0.6914539822614869,1.4462278411202067,1.0
340,hbm2_8hi_2stack,0.9072319843784011,2.204507815462789,2.0
340,hbm2_8hi_no_pim,0.80170773913439,0.9560315659308174,0.7664579052635061
341,hbm2_4hi_1stack,1.676523862639544,0.5964722735443713,1.0
341,hbm2_8hi_1stack,1.0,1.0,1.0
341,hbm2_12hi_1stack,0.6537149094143069,1.529718820236096,1.0
341,hbm2_8hi_2stack,0.8803898353652585,2.2717209123277016,2.0
341,hbm2_8hi_no_pim,0.468211175216402,1.1110036412248283,0.5201843205275787
342,hbm2_4hi_1stack,1.7517823871476805,0.5708471596339306,1.0
342,hbm2_8hi_1stack,1.0,1.0,1.0
342,hbm2_12hi_1stack,0.6252320266081943,1.599406232314866,1.0
342,hbm2_8hi_2stack,0.801694529755485,2.494715787333606,2.0
342,hbm2_8hi_no_pim,0.4004607824549355,1.116849405874288,0.44725438696074715
343,hbm2_4hi_1stack,1.738095105831596,0.5753425095352003,1.0
343,hbm2_8hi_1stack,1.0,1.0,1.0
343,hbm2_12hi_1stack,0.6288351498248136,1.5902418945228949,1.0
343,hbm2_8hi_2stack,0.8253507933054303,2.4232120647636886,2.0
343,hbm2_8hi_no_pim,0.4078633367299879,1.1035926759358852,0.45011499119798637
344,hbm2_4hi_1stack,1.6519785710591792,0.6053347286211116,1.0
344,hbm2_8hi_1stack,1.0,1.0,1.0
344,hbm2_12hi_1stack,0.6622270513278424,1.510056102351729,1.0
344,hbm2_8hi_2stack,0.9010634373303064,2.2195995499780246,2.0
344,hbm2_8hi_no_pim,0.8191950692124881,1.0353574569304094,0.8481597235897723
345,hbm2_4hi_1stack,1.555359267053706,0.6429382723223074,1.0
345,hbm2_8hi_1stack,1.0,1.0,1.0
345,hbm2_12hi_1stack,0.7057931300564652,1.4168457546760163,1.0
345,hbm2_8hi_2stack,0.9767397798315179,2.0476282847259366,2.0
345,hbm2_8hi_no_pim,0.5435847363454559,1.1182804984098471,0.6078802098883818
346,hbm2_4hi_1stack,1.4101384550025662,0.7091502231234309,1.0
346,hbm2_8hi_1stack,1.0,1.0,1.0
346,hbm2_12hi_1stack,0.7771226965070885,1.2867980879913452,1.0
346,hbm2_8hi_2stack,1.2120106510829427,1.6501505149422422,2.0
346,hbm2_8hi_no_pim,0.3619734729868107,1.1551531462562667,0.41813479618202215
347,hbm2_4hi_1stack,1.4335404895465125,0.6975735999729878,1.0
347,hbm2_8hi_1stack,1.0,1.0,1.0
347,hbm2_12hi_1stack,0.7601026290727192,1.3156118157622236,1.0
347,hbm2_8hi_2stack,1.1542754321225221,1.7326887017965287,2.0
347,hbm2_8hi_no_pim,1.0115192000484625,0.9876885985662056,0.9990659811186753
348,hbm2_4hi_1stack,1.669179869038775,0.5990966093880983,1.0
348,hbm2_8hi_1stack,1.0,1.0,1.0
348,hbm2_12hi_1stack,0.6541978602768641,1.5285895303552177,1.0
348,hbm2_8hi_2stack,0.8874742551217304,2.2535864995043378,2.0
348,hbm2_8hi_no_pim,0.612663856521713,1.0241219223676263,0.6274424865061803
349,hbm2_4hi_1stack,1.7515228485659933,0.5709317470900936,1.0
349,hbm2_8hi_1stack,1.0,1.0,1.0
349,hbm2_12hi_1stack,0.6255229779779747,1.5986622957201917,1.0
349,hbm2_8hi_2stack,0.7592006016616175,2.634349861713384,2.0
349,hbm2_8hi_no_pim,0.5014065748402302,1.0647689382139192,0.5338821463061099
350,hbm2_4hi_1stack,1.498713349114084,0.6672390024357344,1.0
350,hbm2_8hi_1stack,1.0,1.0,1.0
350,hbm2_12hi_1stack,0.726312704030945,1.3768174430243676,1.0
350,hbm2_8hi_2stack,1.074010010066771,1.8621800367350954,2.0
350,hbm2_8hi_no_pim,0.3579378120598996,1.173414422782967,0.4200093911304652
351,hbm2_4hi_1stack,1.7438253098121692,0.5734519360243211,1.0
351,hbm2_8hi_1stack,1.0,1.0,1.0
351,hbm2_12hi_1stack,0.6280991564263771,1.592105306572268,1.0
351,hbm2_8hi_2stack,0.7791767997885392,2.566811538206451,2.0
351,hbm2_8hi_no_pim,0.9468492398207877,0.9350163594204612,0.8853195291372642
352,hbm2_4hi_1stack,1.6137454483507765,0.6196764186210315,1.0
352,hbm2_8hi_1stack,1.0,1.0,1.0
352,hbm2_12hi_1stack,0.6776591695239326,1.4756680717572486,1.0
352,hbm2_8hi_2stack,0.9362282341890357,2.1362312382433193,2.0
352,hbm2_8hi_no_pim,0.4322075888589491,1.1789666205996276,0.5095583204345485
353,hbm2_4hi_1stack,1.617152254662383,0.6183709648345835,1.0
353,hbm2_8hi_1stack,1.0,1.0,1.0
353,hbm2_12hi_1stack,0.6793089420801307,1.4720842580665467,1.0
353,hbm2_8hi_2stack,0.9392636393853422,2.129327609561047,2.0
353,hbm2_8hi_no_pim,0.838011868416493,0.9714760325579097,0.8141084451656957
354,hbm2_4hi_1stack,1.6402917064578206,0.6096476596589526,1.0
354,hbm2_8hi_1stack,1.0,1.0,1.0
354,hbm2_12hi_1stack,0.6686427529203814,1.4955669460745278,1.0
354,hbm2_8hi_2stack,0.8471459092468813,2.360868391347146,2.0
354,hbm2_8hi_no_pim,1.057726529597289,0.9253657745333145,0.9787839293052303
355,hbm2_4hi_1stack,1.5765781082035037,0.6342850980846682,1.0
355,hbm2_8hi_1stack,1.0,1.0,1.0
355,hbm2_12hi_1stack,0.6958514600167878,1.437088311887532,1.0
355,hbm2_8hi_2stack,1.010768963056656,1.9786915438636148,2.0
355,hbm2_8hi_no_pim,0.3615697837869683,1.1928479238424443,0.43129776591444663
356,hbm2_4hi_1stack,1.646238676720339,0.607445332284511,1.0
356,hbm2_8hi_1stack,1.0,1.0,1.0
356,hbm2_12hi_1stack,0.6648127519615107,1.504182940308424,1.0
356,hbm2_8hi_2stack,0.9152698669476843,2.1851478697422446,2.0
356,hbm2_8hi_no_pim,0.7150687967308801,0.9942630472929735,0.7109664808617647
357,hbm2_4hi_1stack,1.512588853441262,0.6611181866935745,1.0
357,hbm2_8hi_1stack,1.0,1.0,1.0
357,hbm2_12hi_1stack,0.7243018415218576,1.3806398695588882,1.0
357,hbm2_8hi_2stack,1.0948984021417758,1.8266535014460865,2.0
357,hbm2_8hi_no_pim,0.5336036799656987,1.0542733812369953,0.5625641559179407
358,hbm2_4hi_1stack,1.8559026328453,0.5388213704222681,1.0
358,hbm2_8hi_1stack,1.0,1.0,1.0
358,hbm2_12hi_1stack,0.5901070056617991,1.6946079107779952,1.0
358,hbm2_8hi_2stack,0.6648054222531464,3.0083990488850656,2.0
358,hbm2_8hi_no_pim,0.7236651902296384,0.9883205438859456,0.7152131743990825
359,hbm2_4hi_1stack,1.7328516741770965,0.5770834370315532,1.0
359,hbm2_8hi_1stack,1.0,1.0,1.0
359,hbm2_12hi_1stack,0.6313031933115754,1.5840249353949598,1.0
359,hbm2_8hi_2stack,0.8289753135327559,2.4126170796049555,2.0
359,hbm2_8hi_no_pim,0.3901429336675843,1.1270530925898035,0.4397117999421094
360,hbm2_4hi_1stack,1.692201034690549,0.5909463352756246,1.0
360,hbm2_8hi_1stack,1.0,1.0,1.0
360,hbm2_12hi_1stack,0.6463852822210849,1.5470649278458777,1.0
360,hbm2_8hi_2stack,0.8413644504399711,2.3770911629961886,2.0
360,hbm2_8hi_no_pim,0.7951581720978651,0.961383480065113,0.7644519306936596
361,hbm2_4hi_1stack,1.5781781630951428,0.6336420205173714,1.0
361,hbm2_8hi_1stack,1.0,1.0,1.0
361,hbm2_12hi_1stack,0.6922715576865934,1.4445198403669244,1.0
361,hbm2_8hi_2stack,0.9894770280223518,2.0212697650973874,2.0
361,hbm2_8hi_no_pim,0.6139433253260713,1.0440824879650894,0.6410074745760048
362,hbm2_4hi_1stack,1.603128048580882,0.6237804902017765,1.0
362,hbm2_8hi_1stack,1.0,1.0,1.0
362,hbm2_12hi_1stack,0.6832639513943214,1.4635632363734725,1.0
362,hbm2_8hi_2stack,0.8745682893207651,2.2868425764136764,2.0
362,hbm2_8hi_no_pim,0.5764413098462986,1.0526966058067793,0.6068178103220125
363,hbm2_4hi_1stack,1.52161371853888,0.6571970190701512,1.0
363,hbm2_8hi_1stack,1.0,1.0,1.0
363,hbm2_12hi_1stack,0.7203456172972118,1.3882225087341704,1.0
363,hbm2_8hi_2stack,1.0475472881780172,1.9092216862864198,2.0
363,hbm2_8hi_no_pim,0.737364100684033,1.0238457113072479,0.754947072157273
364,hbm2_4hi_1stack,1.6293645686432352,0.6137361884778774,1.0
364,hbm2_8hi_1stack,1.0,1.0,1.0
364,hbm2_12hi_1stack,0.6725739834939554,1.4868252780238373,1.0
364,hbm2_8hi_2stack,0.902507515964614,2.21604802688249,2.0
364,hbm2_8hi_no_pim,0.41192430056030666,1.142579030566359,0.4706560680009207
365,hbm2_4hi_1stack,1.793272903563154,0.5576396085688041,1.0
365,hbm2_8hi_1stack,1.0,1.0,1.0
365,hbm2_12hi_1stack,0.6116208960458119,1.6349997301679788,1.0
365,hbm2_8hi_2stack,0.7339272675125863,2.72506566867091,2.0
365,hbm2_8hi_no_pim,0.489372021791466,1.0690985817989502,0.5231869344693413
366,hbm2_4hi_1stack,1.6256571597988436,0.6151358507372726,1.0
366,hbm2_8hi_1stack,1.0,1.0,1.0
366,hbm2_12hi_1stack,0.6722847747474539,1.4874648922038336,1.0
366,hbm2_8hi_2stack,0.9121525566592806,2.1926156818821116,2.0
366,hbm2_8hi_no_pim,0.4701903537671949,1.0828414969253712,0.5091416265131392
367,hbm2_4hi_1stack,1.6364022142233783,0.6110967042870881,1.0
367,hbm2_8hi_1stack,1.0,1.0,1.0
367,hbm2_12hi_1stack,0.6695306024448892,1.4935837082701722,1.0
367,hbm2_8hi_2stack,0.896571783398523,2.2307193211221183,2.0
367,hbm2_8hi_no_pim,0.4892718696613717,1.1377220727795148,0.5566554057038444
368,hbm2_4hi_1stack,1.7077035163437975,0.5855817420467725,1.0
368,hbm2_8hi_1stack,1.0,1.0,1.0
368,hbm2_12hi_1stack,0.6402664740299658,1.5618496994006248,1.0
368,hbm2_8hi_2stack,0.8409191008269439,2.3783500672457527,2.0
368,hbm2_8hi_no_pim,0.38382948075316453,1.1794167694713,0.4526949262177438
369,hbm2_4hi_1stack,1.529198318082239,0.6539374181722196,1.0
369,hbm2_8hi_1stack,1.0,1.0,1.0
369,hbm2_12hi_1stack,0.7155952465215668,1.397438013822611,1.0
369,hbm2_8hi_2stack,1.0480376019910702,1.908328476192442,2.0
369,hbm2_8hi_no_pim,0.5933114575456415,1.0257827070324421,0.608608633034532
370,hbm2_4hi_1stack,1.435407525897472,0.6966662651254818,1.0
370,hbm2_8hi_1stack,1.0,1.0,1.0
370,hbm2_12hi_1stack,0.7619775462146847,1.3123746296301666,1.0
370,hbm2_8hi_2stack,1.1347015920416461,1.7625779447453136,2.0
370,hbm2_8hi_no_pim,0.34187754603038195,1.1947803152463443,0.4084685622218263
371,hbm2_4hi_1stack,1.5409705960962958,0.6489416492003651,1.0
371,hbm2_8hi_1stack,1.0,1.0,1.0
371,hbm2_12hi_1stack,0.7102567387529943,1.4079415870882284,1.0
371,hbm2_8hi_2stack,1.058415554955213,1.8896169757110477,2.0
371,hbm2_8hi_no_pim,0.6171683226994119,1.0313772847901648,0.6365333889242196
372,hbm2_4hi_1stack,1.5292561161227827,0.6539127026906139,1.0
372,hbm2_8hi_1stack,1.0,1.0,1.0
372,hbm2_12hi_1stack,0.7169122074678753,1.3948709334047849,1.0
372,hbm2_8hi_2stack,1.0402660373181123,1.9225851159729845,2.0
372,hbm2_8hi_no_pim,0.5904163861291543,1.056582426266902,0.6238235777640778
373,hbm2_4hi_1stack,1.4585750381372136,0.6856006539623273,1.0
373,hbm2_8hi_1stack,1.0,1.0,1.0
373,hbm2_12hi_1stack,0.7473807533247868,1.3380060906725455,1.0
373,hbm2_8hi_2stack,1.0438588678324139,1.9159678205857706,2.0
373,hbm2_8hi_no_pim,0.4726220716467075,1.0717110608028215,0.50651430176332
374,hbm2_4hi_1stack,1.518073320894701,0.6587297110330836,1.0
374,hbm2_8hi_1stack,1.0,1.0,1.0
374,hbm2_12hi_1stack,0.723114654899111,1.3829065601491926,1.0
374,hbm2_8hi_2stack,1.0460450177402683,1.9119636020259672,2.0
374,hbm2_8hi_no_pim,0.42900301753596765,1.1047696044500237,0.47394949399107755
375,hbm2_4hi_1stack,1.4631913622666468,0.683437604805764,1.0
375,hbm2_8hi_1stack,1.0,1.0,1.0
375,hbm2_12hi_1stack,0.7454631232021707,1.3414479789482472,1.0
375,hbm2_8hi_2stack,1.0582564419302491,1.8899010870673463,2.0
375,hbm2_8hi_no_pim,0.6725183720815785,1.0336391856049592,0.6951413424227757
376,hbm2_4hi_1stack,1.5285204876142096,0.6542274101676252,1.0
376,hbm2_8hi_1stack,1.0,1.0,1.0
376,hbm2_12hi_1stack,0.7139683961433585,1.4006222199773797,1.0
376,hbm2_8hi_2stack,0.9702180979050714,2.06139218008659,2.0
376,hbm2_8hi_no_pim,0.7146306011774759,0.9932943353588642,0.7098385280236865
377,hbm2_4hi_1stack,1.6969789195878975,0.5892825116783683,1.0
377,hbm2_8hi_1stack,1.0,1.0,1.0
377,hbm2_12hi_1stack,0.6434800254052315,1.5540497925638797,1.0
377,hbm2_8hi_2stack,0.7816155544516372,2.5588027113958245,2.0
377,hbm2_8hi_no_pim,0.8281508785670393,0.979421284862165,0.8111085975458604
378,hbm2_4hi_1stack,1.524354853558468,0.656015230092646,1.0
378,hbm2_8hi_1stack,1.0,1.0,1.0
378,hbm2_12hi_1stack,0.7147814026965283,1.3990291244672544,1.0
378,hbm2_8hi_2stack,0.9948249549431416,2.010403930925022,2.0
378,hbm2_8hi_no_pim,0.42728754754364323,1.1456750477295516,0.4895326814263065
379,hbm2_4hi_1stack,1.5195106731281354,0.6581065981862131,1.0
379,hbm2_8hi_1stack,1.0,1.0,1.0
379,hbm2_12hi_1stack,0.7196762604840364,1.3895136673362336,1.0
379,hbm2_8hi_2stack,1.0307495907911488,1.9403354780523425,2.0
379,hbm2_8hi_no_pim,0.8238973982898499,0.9697183321421095,0.7989484109258564
380,hbm2_4hi_1stack,1.527889960635529,0.6544973956004319,1.0
380,hbm2_8hi_1stack,1.0,1.0,1.0
380,hbm2_12hi_1stack,0.7158881010243455,1.396866351835051,1.0
380,hbm2_8hi_2stack,0.9726455728552246,2.056247471655016,2.0
380,hbm2_8hi_no_pim,0.9671794420967668,0.973668199122991,0.941711865615138
381,hbm2_4hi_1stack,1.365810920082085,0.7321657670886833,1.0
381,hbm2_8hi_1stack,1.0,1.0,1.0
381,hbm2_12hi_1stack,0.7985846566696294,1.2522153933815123,1.0
381,hbm2_8hi_2stack,1.2517927655673216,1.5977085465049683,2.0
381,hbm2_8hi_no_pim,0.638810418104467,1.0166296708611704,0.649433625100231
382,hbm2_4hi_1stack,1.5523027529751692,0.6442042301885914,1.0
382,hbm2_8hi_1stack,1.0,1.0,1.0
382,hbm2_12hi_1stack,0.7033095163210049,1.4218490960153303,1.0
382,hbm2_8hi_2stack,1.0134718131195843,1.973414528267705,2.0
382,hbm2_8hi_no_pim,0.36663620707240396,1.1726767328355179,0.4299457494488731
383,hbm2_4hi_1stack,1.58404705056387,0.6312943795728997,1.0
383,hbm2_8hi_1stack,1.0,1.0,1.0
383,hbm2_12hi_1stack,0.6897511623371256,1.4497982092725141,1.0
383,hbm2_8hi_2stack,0.9824461027903514,2.035735084417948,2.0
383,hbm2_8hi_no_pim,0.8419017540326222,0.9718150187133788,0.8181727688500392
384,hbm2_4hi_1stack,1.720673444207732,0.5811677999484909,1.0
384,hbm2_8hi_1stack,1.0,1.0,1.0
384,hbm2_12hi_1stack,0.6378279984988521,1.5678207955021275,1.0
384,hbm2_8hi_2stack,0.8128361246109279,2.4605205642863375,2.0
384,hbm2_8hi_no_pim,0.38779924710267855,1.1864967068770529,0.4601225296167286
385,hbm2_4hi_1stack,1.713420219303043,0.5836279908070442,1.0
385,hbm2_8hi_1stack,1.0,1.0,1.0
385,hbm2_12hi_1stack,0.640027024924654,1.5624340239659773,1.0
385,hbm2_8hi_2stack,0.7866369660824056,2.542468872217335,2.0
385,hbm2_8hi_no_pim,0.47480290850283774,1.0868425896088922,0.5160360226310581
386,hbm2_4hi_1stack,1.616045690757514,0.6187943854058078,1.0
386,hbm2_8hi_1stack,1.0,1.0,1.0
386,hbm2_12hi_1stack,0.6787259439393956,1.473348718918709,1.0
386,hbm2_8hi_2stack,0.9138616311338561,2.1885151229278974,2.0
386,hbm2_8hi_no_pim,0.8280767621909044,1.024356863491732,0.8482461148482636
387,hbm2_4hi_1stack,1.6522788682093406,0.6052247106953267,1.0
387,hbm2_8hi_1stack,1.0,1.0,1.0
387,hbm2_12hi_1stack,0.6635538463104961,1.5070367017842152,1.0
387,hbm2_8hi_2stack,0.8577688755033668,2.3316304159746233,2.0
387,hbm2_8hi_no_pim,0.5813065973945128,1.0296478302685923,0.5985410767280783
388,hbm2_4hi_1stack,1.4579636705131283,0.6858881467520047,1.0
388,hbm2_8hi_1stack,1.0,1.0,1.0
388,hbm2_12hi_1stack,0.7520895650540648,1.3296288719656866,1.0
388,hbm2_8hi_2stack,1.0929028986856062,1.8299887413651532,2.0
388,hbm2_8hi_no_pim,0.5017962427738236,1.0569440580315843,0.5303705571423672
389,hbm2_4hi_1stack,1.437360263441248,0.6957198034721341,1.0
389,hbm2_8hi_1stack,1.0,1.0,1.0
389,hbm2_12hi_1stack,0.7630360686299144,1.310554036843332,1.0
389,hbm2_8hi_2stack,1.2190921759919824,1.6405650363333588,2.0
389,hbm2_8hi_no_pim,0.5442201759929014,1.0412723975446425,0.5666814474482957
390,hbm2_4hi_1stack,1.8201968526319907,0.5493911268740014,1.0
390,hbm2_8hi_1stack,1.0,1.0,1.0
390,hbm2_12hi_1stack,0.6032369302962706,1.6577234412834527,1.0
390,hbm2_8hi_2stack,0.7475159441285094,2.6755282154305053,2.0
390,hbm2_8hi_no_pim,0.6883890021094242,1.057001424037855,0.7276281555216593
391,hbm2_4hi_1stack,1.7680528780011664,0.565593943734606,1.0
391,hbm2_8hi_1stack,1.0,1.0,1.0
391,hbm2_12hi_1stack,0.6188506831489878,1.6158986767398473,1.0
391,hbm2_8hi_2stack,0.7334379310207068,2.7268837830852997,2.0
391,hbm2_8hi_no_pim,0.8250835473979631,0.991238127070137,0.8178542701991416
392,hbm2_4hi_1stack,1.624699297745764,0.6154985118707683,1.0
392,hbm2_8hi_1stack,1.0,1.0,1.0
392,hbm2_12hi_1stack,0.6740557839581708,1.4835567378827745,1.0
392,hbm2_8hi_2stack,0.9346217627369652,2.139903092073482,2.0
392,hbm2_8hi_no_pim,0.65392382374447,1.0216664630470287,0.6680920401072012
393,hbm2_4hi_1stack,1.4881703846887504,0.6719660667142957,1.0
393,hbm2_8hi_1stack,1.0,1.0,1.0
393,hbm2_12hi_1stack,0.7370872050215556,1.356691573517079,1.0
393,hbm2_8hi_2stack,1.1276858118970325,1.773543640347421,2.0
393,hbm2_8hi_no_pim,0.8311364235644467,0.992201843240949,0.8246550914453341
394,hbm2_4hi_1stack,1.7142607346974834,0.5833418334559652,1.0
394,hbm2_8hi_1stack,1.0,1.0,1.0
394,hbm2_12hi_1stack,0.6358630079023421,1.5726657905433357,1.0
394,hbm2_8hi_2stack,0.7855973760279927,2.545833350554286,2.0
394,hbm2_8hi_no_pim,0.5381986705724867,1.041016751183312,0.5602738315305477
395,hbm2_4hi_1stack,1.4582931451415064,0.6857331828868772,1.0
395,hbm2_8hi_1stack,1.0,1.0,1.0
395,hbm2_12hi_1stack,0.7505842742223844,1.3322954321631821,1.0
395,hbm2_8hi_2stack,1.094459587427154,1.8273858833852261,2.0
395,hbm2_8hi_no_pim,0.5908198713335298,1.0649744627210247,0.6292080750383308
396,hbm2_4hi_1stack,1.4895892689350962,0.6713259962693593,1.0
396,hbm2_8hi_1stack,1.0,1.0,1.0
396,hbm2_12hi_1stack,0.7320686983602444,1.365992019929131,1.0
396,hbm2_8hi_2stack,0.9954986836793932,2.0090433395732274,2.0
396,hbm2_8hi_no_pim,0.45978006356276435,1.1312055348173855,0.5201057527008883
397,hbm2_4hi_1stack,1.6938674847837116,0.5903649541556015,1.0
397,hbm2_8hi_1stack,1.0,1.0,1.0
397,hbm2_12hi_1stack,0.6466203297513424,1.5465025672554242,1.0
397,hbm2_8hi_2stack,0.7879070730482649,2.5383704099296565,2.0
397,hbm2_8hi_no_pim,0.5498402169590747,1.101224225472779,0.6054973670545418
398,hbm2_4hi_1stack,1.4579587663419153,0.6858904538905756,1.0
398,hbm2_8hi_1stack,1.0,1.0,1.0
398,hbm2_12hi_1stack,0.753609062823295,1.3269479486534232,1.0
398,hbm2_8hi_2stack,1.115553001189829,1.7928327904338348,2.0
398,hbm2_8hi_no_pim,0.414870944262846,1.1554768275164524,0.4793737625055882
399,hbm2_4hi_1stack,1.5396782303105911,0.6494863539106319,1.0
399,hbm2_8hi_1stack,1.0,1.0,1.0
399,hbm2_12hi_1stack,0.7128903509995554,1.4027402651724536,1.0
399,hbm2_8hi_2stack,1.0325216273749236,1.937005431145096,2.0
399,hbm2_8hi_no_pim,0.8163848060201998,0.974719465699285,0.7957461619290236
400,hbm2_4hi_1stack,1.6151542107436099,0.6191359272992295,1.0
400,hbm2_8hi_1stack,1.0,1.0,1.0
400,hbm2_12hi_1stack,0.6778580507703682,1.4752351157643193,1.0
400,hbm2_8hi_2stack,0.9051103377767066,2.209675347331417,2.0
400,hbm2_8hi_no_pim,0.36455945379781807,1.1929282963101568,0.43489328812279243
401,hbm2_4hi_1stack,1.6952650402882892,0.5898782645986402,1.0
401,hbm2_8hi_1stack,1.0,1.0,1.0
401,hbm2_12hi_1stack,0.6466081100706925,1.5465317932536784,1.0
401,hbm2_8hi_2stack,0.8558033469512313,2.3369854851876055,2.0
401,hbm2_8hi_no_pim,0.48694391785784386,1.0703205888270095,0.5211861008873384
402,hbm2_4hi_1stack,1.4410287349229367,0.6939486880207687,1.0
402,hbm2_8hi_1stack,1.0,1.0,1.0
402,hbm2_12hi_1stack,0.7607007214986318,1.3145774307009102,1.0
402,hbm2_8hi_2stack,1.1297743296093596,1.770265041064915,2.0
402,hbm2_8hi_no_pim,0.6968998422843677,0.9959445163997939,0.6940735764029973
403,hbm2_4hi_1stack,1.4397478132875559,0.6945660835674932,1.0
403,hbm2_8hi_1stack,1.0,1.0,1.0
403,hbm2_12hi_1stack,0.7634999189201601,1.309757833916117,1.0
403,hbm2_8hi_2stack,1.1317573122979177,1.767163311663703,2.0
403,hbm2_8hi_no_pim,0.36543003986527506,1.1248219311895395,0.41104372315592913
404,hbm2_4hi_1stack,1.6113725224062099,0.6205889613326239,1.0
404,hbm2_8hi_1stack,1.0,1.0,1.0
404,hbm2_12hi_1stack,0.6773965967843556,1.4762400708049954,1.0
404,hbm2_8hi_2stack,0.9325002171553405,2.144771618500149,2.0
404,hbm2_8hi_no_pim,0.9592440148230796,0.9511445205616547,0.9123796885805349
405,hbm2_4hi_1stack,1.3994591014443731,0.7145617895999291,1.0
405,hbm2_8hi_1stack,1.0,1.0,1.0
405,hbm2_12hi_1stack,0.780535816235578,1.2811711893284654,1.0
405,hbm2_8hi_2stack,1.2752750160173338,1.5682891728295378,2.0
405,hbm2_8hi_no_pim,0.6908910859483856,1.069483892676721,0.7388968880157264
406,hbm2_4hi_1stack,1.3998396663782253,0.7143675265234326,1.0
406,hbm2_8hi_1stack,1.0,1.0,1.0
406,hbm2_12hi_1stack,0.7795507290306635,1.282790154328321,1.0
406,hbm2_8hi_2stack,1.2224980622482828,1.6359944132114386,2.0
406,hbm2_8hi_no_pim,0.5787719193689411,1.108901490906742,0.6418010442831755
407,hbm2_4hi_1stack,1.8489171549678005,0.5408571159141067,1.0
407,hbm2_8hi_1stack,1.0,1.0,1.0
407,hbm2_12hi_1stack,0.5938468939436016,1.683935725182005,1.0
407,hbm2_8hi_2stack,0.7283900816684841,2.7457814848586453,2.0
407,hbm2_8hi_no_pim,0.4767113065988338,1.1239620184768355,0.5358054023955549
408,hbm2_4hi_1stack,1.5377090017588833,0.6503181023562757,1.0
408,hbm2_8hi_1stack,1.0,1.0,1.0
408,hbm2_12hi_1stack,0.712129557349867,1.4042388631099931,1.0
408,hbm2_8hi_2stack,1.0053700122738372,1.9893173414598035,2.0
408,hbm2_8hi_no_pim,0.5076056632087181,1.0941362470822467,0.5553897553408818
409,hbm2_4hi_1stack,1.8616517226320652,0.5371574005185925,1.0
409,hbm2_8hi_1stack,1.0,1.0,1.0
409,hbm2_12hi_1stack,0.5885850024347691,1.6989899434463194,1.0
409,hbm2_8hi_2stack,0.7038462154034625,2.841529806128956,2.0
409,hbm2_8hi_no_pim,0.7226188063832083,1.0310663319621178,0.7450679221043784
410,hbm2_4hi_1stack,1.5803929279920634,0.6327540336886536,1.0
410,hbm2_8hi_1stack,1.0,1.0,1.0
410,hbm2_12hi_1stack,0.6923143137884629,1.4444306293883022,1.0
410,hbm2_8hi_2stack,0.9649407117883663,2.072666201733072,2.0
410,hbm2_8hi_no_pim,0.6168201634043565,1.0265572128292084,0.6332011877612331
411,hbm2_4hi_1stack,1.8463475494205437,0.5416098395526017,1.0
411,hbm2_8hi_1stack,1.0,1.0,1.0
411,hbm2_12hi_1stack,0.5949341060025752,1.6808584176138515,1.0
411,hbm2_8hi_2stack,0.7429254421810175,2.6920601805324766,2.0
411,hbm2_8hi_no_pim,0.933943165834802,0.9903501186509263,0.9249307250977178
412,hbm2_4hi_1stack,1.6149290847510627,0.619222236717687,1.0
412,hbm2_8hi_1stack,1.0,1.0,1.0
412,hbm2_12hi_1stack,0.6743261968874829,1.48296181375682,1.0
412,hbm2_8hi_2stack,0.8724472831336003,2.292402118345223,2.0
412,hbm2_8hi_no_pim,0.7025832963045241,1.002032789378977,0.7040115001670987
413,hbm2_4hi_1stack,1.6897124643692707,0.5918166676797736,1.0
413,hbm2_8hi_1stack,1.0,1.0,1.0
413,hbm2_12hi_1stack,0.6494220709186918,1.539830635237528,1.0
413,hbm2_8hi_2stack,0.8261771430730422,2.420788346383943,2.0
413,hbm2_8hi_no_pim,0.8020939579441833,1.021965146121623,0.8197120689336982
414,hbm2_4hi_1stack,1.613918582754827,0.6196099423386536,1.0
414,hbm2_8hi_1stack,1.0,1.0,1.0
414,hbm2_12hi_1stack,0.6772959088288071,1.4764595311511906,1.0
414,hbm2_8hi_2stack,0.8896970846168749,2.2479561129069547,2.0
414,hbm2_8hi_no_pim,1.0457073490826827,0.9315263888866255,0.9741039907231974
415,hbm2_4hi_1stack,1.708793196776112,0.5852083223918764,1.0
415,hbm2_8hi_1stack,1.0,1.0,1.0
415,hbm2_12hi_1stack,0.6389558487890639,1.5650533630691068,1.0
415,hbm2_8hi_2stack,0.833425508529938,2.3997345647936292,2.0
415,hbm2_8hi_no_pim,0.6862803619453917,1.0065558724927863,0.6907795284926089
416,hbm2_4hi_1stack,1.5474881027879086,0.646208522184067,1.0
416,hbm2_8hi_1stack,1.0,1.0,1.0
416,hbm2_12hi_1stack,0.7098875211942175,1.4086738675413495,1.0
416,hbm2_8hi_2stack,1.0317285058756036,1.9384944669166113,2.0
416,hbm2_8hi_no_pim,0.38540608907689033,1.1434642381299844,0.4406980800169633
417,hbm2_4hi_1stack,1.629420880981061,0.6137149779238794,1.0
417,hbm2_8hi_1stack,1.0,1.0,1.0
417,hbm2_12hi_1stack,0.6744909305000599,1.4825996240729453,1.0
417,hbm2_8hi_2stack,0.8927150001341709,2.240356664444318,2.0
417,hbm2_8hi_no_pim,1.0567467114296571,0.916200461779701,0.9681918249960324
418,hbm2_4hi_1stack,1.7758445659286606,0.5631123461962786,1.0
418,hbm2_8hi_1stack,1.0,1.0,1.0
418,hbm2_12hi_1stack,0.6164436946324595,1.6222081736049343,1.0
418,hbm2_8hi_2stack,0.7950837945851574,2.515458136137109,2.0
418,hbm2_8hi_no_pim,0.6035661089182514,1.0884274302076804,0.6569379088903412
419,hbm2_4hi_1stack,1.6219070829537412,0.616558131171637,1.0
419,hbm2_8hi_1stack,1.0,1.0,1.0
419,hbm2_12hi_1stack,0.674722062356807,1.482091746795704,1.0
419,hbm2_8hi_2stack,0.9593876767745144,2.0846630078927535,2.0
419,hbm2_8hi_no_pim,0.5095096253853111,1.0954192957962074,0.5581266750409669
420,hbm2_4hi_1stack,1.68657655093945,0.5929170540423938,1.0
420,hbm2_8hi_1stack,1.0,1.0,1.0
420,hbm2_12hi_1stack,0.6477312955785363,1.5438500607058467,1.0
420,hbm2_8hi_2stack,0.8651529997642525,2.3117298333878336,2.0
420,hbm2_8hi_no_pim,0.5807802872120236,1.0873515103298963,0.6315123224698248
421,hbm2_4hi_1stack,1.4577774256280018,0.6859757754646296,1.0
421,hbm2_8hi_1stack,1.0,1.0,1.0
421,hbm2_12hi_1stack,0.7507448394108045,1.3320104881237873,1.0
421,hbm2_8hi_2stack,1.103722461551356,1.8120497404654299,2.0
421,hbm2_8hi_no_pim,0.3931396983407053,1.1787004735894824,0.4633939486210156
422,hbm2_4hi_1stack,1.689618822203133,0.5918494673822803,1.0
422,hbm2_8hi_1stack,1.0,1.0,1.0
422,hbm2_12hi_1stack,0.6493177482997364,1.540078032086045,1.0
422,hbm2_8hi_2stack,0.8813503544710561,2.269245130332197,2.0
422,hbm2_8hi_no_pim,0.425158337356205,1.1263516166529572,0.4788777806146449
423,hbm2_4hi_1stack,1.8045037044405083,0.5541689925818428,1.0
423,hbm2_8hi_1stack,1.0,1.0,1.0
423,hbm2_12hi_1stack,0.6076388596909752,1.645714364793204,1.0
423,hbm2_8hi_2stack,0.7653732528718263,2.613104119454944,2.0
423,hbm2_8hi_no_pim,0.358147489039092,1.151007859259278,0.412230574657971
424,hbm2_4hi_1stack,1.4362949359310753,0.6962358321981773,1.0
424,hbm2_8hi_1stack,1.0,1.0,1.0
424,hbm2_12hi_1stack,0.7594641891063972,1.3167177785915392,1.0
424,hbm2_8hi_2stack,1.1011416487201506,1.8162967519433908,2.0
424,hbm2_8hi_no_pim,0.4752770336985949,1.129410482398359,0.5367828639023913
425,hbm2_4hi_1stack,1.5302020082498147,0.6535084875125481,1.0
425,hbm2_8hi_1stack,1.0,1.0,1.0
425,hbm2_12hi_1stack,0.717940410741978,1.3928732594485365,1.0
425,hbm2_8hi_2stack,1.06637658067931,1.8755100554871034,2.0
425,hbm2_8hi_no_pim,0.37367441883168395,1.1419450051686169,0.4267156361441272
426,hbm2_4hi_1stack,1.5142727511192973,0.6603830117532229,1.0
426,hbm2_8hi_1stack,1.0,1.0,1.0
426,hbm2_12hi_1stack,0.7253450007757445,1.3786542940676734,1.0
426,hbm2_8hi_2stack,1.0235338983498663,1.954014423190463,2.0
426,hbm2_8hi_no_pim,0.4480090193024434,1.0991884771523515,0.4924463516775712
427,hbm2_4hi_1stack,1.6224124037682608,0.616366096362042,1.0
427,hbm2_8hi_1stack,1.0,1.0,1.0
427,hbm2_12hi_1stack,0.6763113663124471,1.4786088920144111,1.0
427,hbm2_8hi_2stack,0.9223515603962071,2.1683705930316592,2.0
427,hbm2_8hi_no_pim,0.5108056873963868,1.0952867986807404,0.5594787260963034
428,hbm2_4hi_1stack,1.50504102598353,0.6644337149191727,1.0
428,hbm2_8hi_1stack,1.0,1.0,1.0
428,hbm2_12hi_1stack,0.7261788504986293,1.3770712260669007,1.0
428,hbm2_8hi_2stack,1.0742917282799176,1.8616917056619835,2.0
428,hbm2_8hi_no_pim,0.37759056204348534,1.1714498680392929,0.4423284140787233
429,hbm2_4hi_1stack,1.5374605325155022,0.6504232003691561,1.0
429,hbm2_8hi_1stack,1.0,1.0,1.0
429,hbm2_12hi_1stack,0.7093508521776115,1.4097396188784925,1.0
429,hbm2_8hi_2stack,0.9688562503333383,2.064289722352406,2.0
429,hbm2_8hi_no_pim,0.33732576977457324,1.1927661543316852,0.40235076117099317
430,hbm2_4hi_1stack,1.432604095405068,0.698029555553693,1.0
430,hbm2_8hi_1stack,1.0,1.0,1.0
430,hbm2_12hi_1stack,0.7649564704515749,1.3072639275927327,1.0
430,hbm2_8hi_2stack,1.1633692870053465,1.7191445763092494,2.0
430,hbm2_8hi_no_pim,0.35624176743193936,1.1999013522693445,0.42745497847640535
431,hbm2_4hi_1stack,1.6581876552761456,0.6030680525320069,1.0
431,hbm2_8hi_1stack,1.0,1.0,1.0
431,hbm2_12hi_1stack,0.6608615802110802,1.5131761778020119,1.0
431,hbm2_8hi_2stack,0.8424467990673564,2.3740371525111503,2.0
431,hbm2_8hi_no_pim,1.0342111580247098,0.9211421004225941,0.9526554383833645
432,hbm2_4hi_1stack,1.6739475446769745,0.5973902845282839,1.0
432,hbm2_8hi_1stack,1.0,1.0,1.0
432,hbm2_12hi_1stack,0.6509912875573846,1.5361188684293268,1.0
432,hbm2_8hi_2stack,0.8324042660479974,2.4026787002130496,2.0
432,hbm2_8hi_no_pim,0.8040117673853894,0.9794806143387357,0.7875139398542138
433,hbm2_4hi_1stack,1.718005457812584,0.5820703278051456,1.0
433,hbm2_8hi_1stack,1.0,1.0,1.0
433,hbm2_12hi_1stack,0.6389874151670104,1.564976048454151,1.0
433,hbm2_8hi_2stack,0.8025586821245703,2.492029610477215,2.0
433,hbm2_8hi_no_pim,0.7102096375735544,1.0118262028744525,0.7186087208308906
434,hbm2_4hi_1stack,1.7288608244652386,0.5784155588749108,1.0
434,hbm2_8hi_1stack,1.0,1.0,1.0
434,hbm2_12hi_1stack,0.6335758469042373,1.5783429953748638,1.0
434,hbm2_8hi_2stack,0.7807315152517594,2.5617000991116234,2.0
434,hbm2_8hi_no_pim,0.6812287173593697,1.0584072187508637,0.7210173920735488
435,hbm2_4hi_1stack,1.454849358132055,0.6873563880757688,1.0
435,hbm2_8hi_1stack,1.0,1.0,1.0
435,hbm2_12hi_1stack,0.7523753293795604,1.3291238574032471,1.0
435,hbm2_8hi_2stack,1.1634548957636313,1.7190180790698413,2.0
435,hbm2_8hi_no_pim,0.5671432468843409,1.0385751192295092,0.5890208652531154
436,hbm2_4hi_1stack,1.4491041529057231,0.6900815224321966,1.0
436,hbm2_8hi_1stack,1.0,1.0,1.0
436,hbm2_12hi_1stack,0.7544426241823564,1.3254818430808728,1.0
436,hbm2_8hi_2stack,1.1307697471425424,1.7687066753014964,2.0
436,hbm2_8hi_no_pim,0.46332733109974283,1.1224123576320395,0.5200443220550229
437,hbm2_4hi_1stack,1.6209724201304163,0.6169136424415811,1.0
437,hbm2_8hi_1stack,1.0,1.0,1.0
437,hbm2_12hi_1stack,0.6763685289207376,1.4784839288659277,1.0
437,hbm2_8hi_2stack,0.9427008212195521,2.1215638673281756,2.0
437,hbm2_8hi_no_pim,0.430536282650785,1.1693328281543294,0.5034402090150941
438,hbm2_4hi_1stack,1.6540583648171603,0.6045735877709129,1.0
438,hbm2_8hi_1stack,1.0,1.0,1.0
438,hbm2_12hi_1stack,0.6600468420100284,1.515043988324705,1.0
438,hbm2_8hi_2stack,0.8817299147197049,2.2682682833050807,2.0
438,hbm2_8hi_no_pim,0.38964478384876416,1.2015143760849627,0.46816380936080804
439,hbm2_4hi_1stack,1.49353977812338,0.6695502956449486,1.0
439,hbm2_8hi_1stack,1.0,1.0,1.0
439,hbm2_12hi_1stack,0.7330780129208783,1.364111298353632,1.0
439,hbm2_8hi_2stack,1.1329731966260406,1.7652668271022993,2.0
439,hbm2_8hi_no_pim,0.35169508294068474,1.2058162685074412,0.4240796525639515
440,hbm2_4hi_1stack,1.4185394492023415,0.7049504337452932,1.0
440,hbm2_8hi_1stack,1.0,1.0,1.0
440,hbm2_12hi_1stack,0.7695092738657452,1.2995294975151503,1.0
440,hbm2_8hi_2stack,1.0882318574997665,1.8378436416987811,2.0
440,hbm2_8hi_no_pim,0.786117396191973,1.0353703391490603,0.8139226351062593
441,hbm2_4hi_1stack,1.8847737927524877,0.530567648937658,1.0
441,hbm2_8hi_1stack,1.0,1.0,1.0
441,hbm2_12hi_1stack,0.5824603845778912,1.7168549595432137,1.0
441,hbm2_8hi_2stack,0.7061748616965537,2.832159722019967,2.0
441,hbm2_8hi_no_pim,0.7147281378141788,1.0279607616420061,0.7347124809144359
442,hbm2_4hi_1stack,1.5531266893664797,0.6438624787317897,1.0
442,hbm2_8hi_1stack,1.0,1.0,1.0
442,hbm2_12hi_1stack,0.7026954309827458,1.4230916495379267,1.0
442,hbm2_8hi_2stack,0.9669937185834745,2.068265761777389,2.0
442,hbm2_8hi_no_pim,0.6068832724930169,1.0954727379378155,0.6648240801265866
443,hbm2_4hi_1stack,1.5712998125588924,0.6364157826579769,1.0
443,hbm2_8hi_1stack,1.0,1.0,1.0
443,hbm2_12hi_1stack,0.695488235756117,1.4378388426841262,1.0
443,hbm2_8hi_2stack,0.9801682788790897,2.040465951711046,2.0
443,hbm2_8hi_no_pim,0.6598667550938119,1.0063242472603966,0.6640399156119408
444,hbm2_4hi_1stack,1.6081996185738254,0.6218133547916237,1.0
444,hbm2_8hi_1stack,1.0,1.0,1.0
444,hbm2_12hi_1stack,0.6819223511073487,1.4664426211813364,1.0
444,hbm2_8hi_2stack,0.9088453519606376,2.2005944088127114,2.0
444,hbm2_8hi_no_pim,0.7625516895354123,0.9959201357342723,0.7594405821465064
445,hbm2_4hi_1stack,1.5227031874653876,0.6567268054810786,1.0
445,hbm2_8hi_1stack,1.0,1.0,1.0
445,hbm2_12hi_1stack,0.7163107711993202,1.396042109384588,1.0
445,hbm2_8hi_2stack,0.9826323286678096,2.035349277294258,2.0
445,hbm2_8hi_no_pim,0.8583622091774443,0.9552423398802733,0.8199439251594625
446,hbm2_4hi_1stack,1.5626369341981778,0.6399439166674511,1.0
446,hbm2_8hi_1stack,1.0,1.0,1.0
446,hbm2_12hi_1stack,0.7011745330075693,1.426178437643292,1.0
446,hbm2_8hi_2stack,0.9444728906157609,2.117583278325834,2.0
446,hbm2_8hi_no_pim,0.9468892483278878,0.9758771596351146,0.9240475901472478
447,hbm2_4hi_1stack,1.4440124998320618,0.6925147809428933,1.0
447,hbm2_8hi_1stack,1.0,1.0,1.0
447,hbm2_12hi_1stack,0.7583570509801936,1.318640076870753,1.0
447,hbm2_8hi_2stack,1.1497491431093214,1.7395098852531472,2.0
447,hbm2_8hi_no_pim,0.3645186436151601,1.1385549396971335,0.41502450229973953
448,hbm2_4hi_1stack,1.7328408771709105,0.577087032730109,1.0
448,hbm2_8hi_1stack,1.0,1.0,1.0
448,hbm2_12hi_1stack,0.6320252693137195,1.5822152191570495,1.0
448,hbm2_8hi_2stack,0.7964612475878848,2.511107735695969,2.0
448,hbm2_8hi_no_pim,0.537925372744009,1.075765845354578,0.5786817433476353
449,hbm2_4hi_1stack,1.5787525599753647,0.6334114828074162,1.0
449,hbm2_8hi_1stack,1.0,1.0,1.0
449,hbm2_12hi_1stack,0.6934660194325987,1.4420317246664958,1.0
449,hbm2_8hi_2stack,0.965423181660459,2.071630387577956,2.0
449,hbm2_8hi_no_pim,0.3635275945870717,1.1448440844729066,0.41618241620567403
450,hbm2_4hi_1stack,1.7279332034388717,0.5787260746016312,1.0
450,hbm2_8hi_1stack,1.0,1.0,1.0
450,hbm2_12hi_1stack,0.6342116787429056,1.576760620337577,1.0
450,hbm2_8hi_2stack,0.7992265656616199,2.5024193212901396,2.0
450,hbm2_8hi_no_pim,0.40861269559494195,1.1077940792303755,0.45265872487844044
451,hbm2_4hi_1stack,1.7015568963372034,0.5876970685803189,1.0
451,hbm2_8hi_1stack,1.0,1.0,1.0
451,hbm2_12hi_1stack,0.6425169532534878,1.5563791662404227,1.0
451,hbm2_8hi_2stack,0.8513048020698197,2.349334803630028,2.0
451,hbm2_8hi_no_pim,0.44906645528575106,1.1330844103345765,0.5088301996884937
452,hbm2_4hi_1stack,1.4076783329847193,0.7103895659739867,1.0
452,hbm2_8hi_1stack,1.0,1.0,1.0
452,hbm2_12hi_1stack,0.7801147586398047,1.2818626861304143,1.0
452,hbm2_8hi_2stack,1.1873314247740272,1.6844496475620863,2.0
452,hbm2_8hi_no_pim,0.3799144927901327,1.1490564208645533,0.43654318732000197
453,hbm2_4hi_1stack,1.797563877262176,0.556308464277261,1.0
453,hbm2_8hi_1stack,1.0,1.0,1.0
453,hbm2_12hi_1stack,0.6104945840556651,1.638016169376565,1.0
453,hbm2_8hi_2stack,0.7671832112710485,2.6069392168872594,2.0
453,hbm2_8hi_no_pim,0.37080216567537966,1.1464229522232239,0.42509611346433374
454,hbm2_4hi_1stack,1.4178387071773195,0.7052988431884705,1.0
454,hbm2_8hi_1stack,1.0,1.0,1.0
454,hbm2_12hi_1stack,0.7730073379533725,1.2936487804211758,1.0
454,hbm2_8hi_2stack,1.172132325099652,1.7062919921007762,2.0
454,hbm2_8hi_no_pim,0.8725495265410691,0.9477670004967212,0.8269736475546633
455,hbm2_4hi_1stack,1.6695769400734586,0.598954127837919,1.0
455,hbm2_8hi_1stack,1.0,1.0,1.0
455,hbm2_12hi_1stack,0.654890073470533,1.5269738243253361,1.0
455,hbm2_8hi_2stack,0.8838378513311312,2.262858506215635,2.0
455,hbm2_8hi_no_pim,0.9453137129585066,0.9958521136147859,0.9413926590787698
456,hbm2_4hi_1stack,1.4560049759865024,0.6868108395869043,1.0
456,hbm2_8hi_1stack,1.0,1.0,1.0
456,hbm2_12hi_1stack,0.7496726032403997,1.3339156262047995,1.0
456,hbm2_8hi_2stack,1.0546603204602751,1.8963451655478605,2.0
456,hbm2_8hi_no_pim,0.39838047810212557,1.1251543469521694,0.4482395266774901
457,hbm2_4hi_1stack,1.5966174346013744,0.6263241139225495,1.0
457,hbm2_8hi_1stack,1.0,1.0,1.0
457,hbm2_12hi_1stack,0.6844291739019223,1.4610715587984253,1.0
457,hbm2_8hi_2stack,0.8986681208899059,2.225515686502266,2.0
457,hbm2_8hi_no_pim,0.9513762957501536,0.996293763314407,0.9478502700210408
458,hbm2_4hi_1stack,1.4408543290276588,0.6940326859237995,1.0
458,hbm2_8hi_1stack,1.0,1.0,1.0
458,hbm2_12hi_1stack,0.7578959631615648,1.319442309507096,1.0
458,hbm2_8hi_2stack,1.1516396148508767,1.7366543962270486,2.0
458,hbm2_8hi_no_pim,0.3986893860069562,1.1261711323744252,0.44899247730511815
459,hbm2_4hi_1stack,1.49595506246172,0.6684692776495678,1.0
459,hbm2_8hi_1stack,1.0,1.0,1.0
459,hbm2_12hi_1stack,0.7295404955295044,1.3707258282820813,1.0
459,hbm2_8hi_2stack,1.1018967943737956,1.8150520177677743,2.0
459,hbm2_8hi_no_pim,0.7393289037307169,0.9796659415783833,0.7242953466094667
460,hbm2_4hi_1stack,1.5008065956007213,0.666308372398733,1.0
460,hbm2_8hi_1stack,1.0,1.0,1.0
460,hbm2_12hi_1stack,0.7259897269150449,1.3774299593043962,1.0
460,hbm2_8hi_2stack,1.0399643297058025,1.9231428837235058,2.0
460,hbm2_8hi_no_pim,0.36103236286720913,1.1245513148219917,0.40599941835561043
461,hbm2_4hi_1stack,1.527264649799837,0.654765367699082,1.0
461,hbm2_8hi_1stack,1.0,1.0,1.0
461,hbm2_12hi_1stack,0.7168830717420018,1.3949276240685018,1.0
461,hbm2_8hi_2stack,1.054315478684149,1.8969654154144866,2.0
461,hbm2_8hi_no_pim,0.39573369811154135,1.1155863728942144,0.4414751209082684
462,hbm2_4hi_1stack,1.4363072829949515,0.6962298470803723,1.0
462,hbm2_8hi_1stack,1.0,1.0,1.0
462,hbm2_12hi_1stack,0.7615017166871487,1.3131946758444861,1.0
462,hbm2_8hi_2stack,1.1977700472688282,1.6697695893802216,2.0
462,hbm2_8hi_no_pim,0.42504033759464505,1.1537940336080863,0.49040900555946826
463,hbm2_4hi_1stack,1.6054647999542233,0.6228725787251848,1.0
463,hbm2_8hi_1stack,1.0,1.0,1.0
463,hbm2_12hi_1stack,0.68303932249812,1.4640445536029185,1.0
463,hbm2_8hi_2stack,0.9363730895107272,2.135900766910162,2.0
463,hbm2_8hi_no_pim,0.43742843066449005,1.14479250081346,0.5007647870673088
464,hbm2_4hi_1stack,1.6536344209648963,0.6047285828850246,1.0
464,hbm2_8hi_1stack,1.0,1.0,1.0
464,hbm2_12hi_1stack,0.6638229538849375,1.5064257632967195,1.0
464,hbm2_8hi_2stack,0.8463078070078426,2.363206369407232,2.0
464,hbm2_8hi_no_pim,0.43097602188036804,1.1554611735460623,0.4979760600121035
465,hbm2_4hi_1stack,1.6376403645358286,0.6106346800284439,1.0
465,hbm2_8hi_1stack,1.0,1.0,1.0
465,hbm2_12hi_1stack,0.6708567144748879,1.4906312755366076,1.0
465,hbm2_8hi_2stack,0.9153485017107414,2.184960150436799,2.0
465,hbm2_8hi_no_pim,0.6474345911105274,1.056537291098425,0.684038789055333
466,hbm2_4hi_1stack,1.4541880343976454,0.687668978389181,1.0
466,hbm2_8hi_1stack,1.0,1.0,1.0
466,hbm2_12hi_1stack,0.7537567668874956,1.3266879236511826,1.0
466,hbm2_8hi_2stack,1.1411956555817326,1.7525478564676849,2.0
466,hbm2_8hi_no_pim,0.8564305723819934,1.0232938359364618,0.8763801256260296
467,hbm2_4hi_1stack,1.5043954739104934,0.6647188304818689,1.0
467,hbm2_8hi_1stack,1.0,1.0,1.0
467,hbm2_12hi_1stack,0.7299417657681476,1.369972300389825,1.0
467,hbm2_8hi_2stack,1.055245948672906,1.895292753803255,2.0
467,hbm2_8hi_no_pim,0.585907307430872,1.0503240019070066,0.6153925078873523
468,hbm2_4hi_1stack,1.863178683361323,0.5367171752930965,1.0
468,hbm2_8hi_1stack,1.0,1.0,1.0
468,hbm2_12hi_1stack,0.5888250091129783,1.698297430515777,1.0
468,hbm2_8hi_2stack,0.6679316114301019,2.9943185286856226,2.0
468,hbm2_8hi_no_pim,1.04155141525872,0.9245141357760072,0.9629290065441926
469,hbm2_4hi_1stack,1.5048684239756527,0.6645099226403723,1.0
469,hbm2_8hi_1stack,1.0,1.0,1.0
469,hbm2_12hi_1stack,0.7279321840832503,1.3737543439700894,1.0
469,hbm2_8hi_2stack,1.0845027016789495,1.844163225138806,2.0
469,hbm2_8hi_no_pim,0.6144712910726766,1.0312020130655175,0.6336440323251117
470,hbm2_4hi_1stack,1.5002440458105015,0.6665582195060494,1.0
470,hbm2_8hi_1stack,1.0,1.0,1.0
470,hbm2_12hi_1stack,0.7323707485846195,1.365428646532649,1.0
470,hbm2_8hi_2stack,1.1194298264742695,1.7866238264341716,2.0
470,hbm2_8hi_no_pim,0.4141067640630764,1.1423139949467784,0.47303995199137583
471,hbm2_4hi_1stack,1.7229327322491945,0.5804057124705935,1.0
471,hbm2_8hi_1stack,1.0,1.0,1.0
471,hbm2_12hi_1stack,0.634645019190484,1.5756839961897777,1.0
471,hbm2_8hi_2stack,0.8153303495192378,2.4529934414673837,2.0
471,hbm2_8hi_no_pim,0.951740209952136,0.9319707673502557,0.8869940537871858
472,hbm2_4hi_1stack,1.420942146878211,0.7037584198603618,1.0
472,hbm2_8hi_1stack,1.0,1.0,1.0
472,hbm2_12hi_1stack,0.769943144055736,1.298797200443167,1.0
472,hbm2_8hi_2stack,1.2003327619463708,1.6662046254214937,2.0
472,hbm2_8hi_no_pim,0.5643203877376621,1.0957494700277435,0.6183537657893939
473,hbm2_4hi_1stack,1.6496102880174532,0.6062037847750255,1.0
473,hbm2_8hi_1stack,1.0,1.0,1.0
473,hbm2_12hi_1stack,0.6651961555764245,1.5033159641962328,1.0
473,hbm2_8hi_2stack,0.9000235394185361,2.222164101721282,2.0
473,hbm2_8hi_no_pim,0.6468526824559996,1.0780755166895786,0.6973560398607916
474,hbm2_4hi_1stack,1.7713855137771242,0.5645298509118439,1.0
474,hbm2_8hi_1stack,1.0,1.0,1.0
474,hbm2_12hi_1stack,0.6201767484062128,1.6124435535029196,1.0
474,hbm2_8hi_2stack,0.7891724593996088,2.5343002992293617,2.0
474,hbm2_8hi_no_pim,0.9786974093054241,0.9314992015901278,0.9116558553663291
475,hbm2_4hi_1stack,1.373335040311563,0.7281544347496836,1.0
475,hbm2_8hi_1stack,1.0,1.0,1.0
475,hbm2_12hi_1stack,0.7937155420597953,1.2598972138114741,1.0
475,hbm2_8hi_2stack,1.209451827790304,1.6536417193680593,2.0
475,hbm2_8hi_no_pim,0.3773828835080722,1.1162328932344487,0.42124718791537435
476,hbm2_4hi_1stack,1.4051947547550296,0.7116451272082438,1.0
476,hbm2_8hi_1stack,1.0,1.0,1.0
476,hbm2_12hi_1stack,0.7788083112532155,1.2840130049342373,1.0
476,hbm2_8hi_2stack,1.2725318176833211,1.5716699356414163,2.0
476,hbm2_8hi_no_pim,0.6585197662947322,1.0122940019649986,0.6666156095955501
477,hbm2_4hi_1stack,1.4904822438624878,0.6709237926971643,1.0
477,hbm2_8hi_1stack,1.0,1.0,1.0
477,hbm2_12hi_1stack,0.7347273414109904,1.3610491180028401,1.0
477,hbm2_8hi_2stack,1.0574971096807322,1.8912581241983892,2.0
477,hbm2_8hi_no_pim,0.608446174266031,1.0494170342138922,0.6385137796770473
478,hbm2_4hi_1stack,1.626787242777691,0.614708533300599,1.0
478,hbm2_8hi_1stack,1.0,1.0,1.0
478,hbm2_12hi_1stack,0.6750211312343812,1.4814351043667986,1.0
478,hbm2_8hi_2stack,0.9351183788994627,2.1387666472279077,2.0
478,hbm2_8hi_no_pim,0.45475893877937446,1.1072688129773538,0.5035403903330791
479,hbm2_4hi_1stack,1.6074145943862803,0.6221170340821781,1.0
479,hbm2_8hi_1stack,1.0,1.0,1.0
479,hbm2_12hi_1stack,0.6809814545819155,1.46846877146448,1.0
479,hbm2_8hi_2stack,0.9505208878292108,2.104109468406926,2.0
479,hbm2_8hi_no_pim,0.34517285608019116,1.2073697055420982,0.41675124960666543
480,hbm2_4hi_1stack,1.3967090812973373,0.7159687105858488,1.0
480,hbm2_8hi_1stack,1.0,1.0,1.0
480,hbm2_12hi_1stack,0.7847960108581156,1.2742164666542775,1.0
480,hbm2_8hi_2stack,1.283256384884678,1.5585350079358717,2.0
480,hbm2_8hi_no_pim,0.7018473991839098,1.0479111355517492,0.7354737050628527
481,hbm2_4hi_1stack,1.7674794244359713,0.565777449046749,1.0
481,hbm2_8hi_1stack,1.0,1.0,1.0
481,hbm2_12hi_1stack,0.6207237759500467,1.6110225493931714,1.0
481,hbm2_8hi_2stack,0.7569863124507143,2.642055697843566,2.0
481,hbm2_8hi_no_pim,0.7421093708078659,1.0005036391723483,0.7424831261571715
482,hbm2_4hi_1stack,1.585899111746167,0.630557134809756,1.0
482,hbm2_8hi_1stack,1.0,1.0,1.0
482,hbm2_12hi_1stack,0.688207099843981,1.453050978734023,1.0
482,hbm2_8hi_2stack,0.9663830293582314,2.069572766947477,2.0
482,hbm2_8hi_no_pim,1.014060895511687,0.9565546564308753,0.9700046715061674
483,hbm2_4hi_1stack,1.374559360319034,0.7275058676024736,1.0
483,hbm2_8hi_1stack,1.0,1.0,1.0
483,hbm2_12hi_1stack,0.7929785708428031,1.2610681256331655,1.0
483,hbm2_8hi_2stack,1.246405267223157,1.6046145283514108,2.0
483,hbm2_8hi_no_pim,0.5928812654779347,1.0423824302586362,0.6180090143637053
484,hbm2_4hi_1stack,1.6530271962835315,0.6049507244939952,1.0
484,hbm2_8hi_1stack,1.0,1.0,1.0
484,hbm2_12hi_1stack,0.6611982621111878,1.5124056690757588,1.0
484,hbm2_8hi_2stack,0.8125857312525221,2.4612787587559457,2.0
484,hbm2_8hi_no_pim,0.367884562966395,1.1890339172558062,0.4374272230018729
485,hbm2_4hi_1stack,1.5902167802340588,0.6288450810164469,1.0
485,hbm2_8hi_1stack,1.0,1.0,1.0
485,hbm2_12hi_1stack,0.6855719682036527,1.4586360679539114,1.0
485,hbm2_8hi_2stack,0.9683902321008309,2.065283120071533,2.0
485,hbm2_8hi_no_pim,0.5771718511113167,1.080168363949153,0.6234427741324152
486,hbm2_4hi_1stack,1.6591275810391521,0.6027264035799318,1.0
486,hbm2_8hi_1stack,1.0,1.0,1.0
486,hbm2_12hi_1stack,0.658527628256636,1.5185391729840805,1.0
486,hbm2_8hi_2stack,0.8768252928567916,2.2809560995711973,2.0
486,hbm2_8hi_no_pim,0.49096941644747405,1.0869702024159826,0.5336691259759677
487,hbm2_4hi_1stack,1.4872244850886274,0.6723934483504739,1.0
487,hbm2_8hi_1stack,1.0,1.0,1.0
487,hbm2_12hi_1stack,0.7360353268063868,1.358630440116156,1.0
487,hbm2_8hi_2stack,1.1197730001951172,1.7860762847929945,2.0
487,hbm2_8hi_no_pim,0.6615890639125805,1.0213407983931129,0.6757079027446272
488,hbm2_4hi_1stack,1.7847812094883804,0.5602927656811542,1.0
488,hbm2_8hi_1stack,1.0,1.0,1.0
488,hbm2_12hi_1stack,0.6132454642508743,1.6306684000045162,1.0
488,hbm2_8hi_2stack,0.7495730623961362,2.6681855316500624,2.0
488,hbm2_8hi_no_pim,0.6008888479299599,1.095726523520961,0.6584098483648103
489,hbm2_4hi_1stack,1.5300440129129538,0.6535759700769413,1.0
489,hbm2_8hi_1stack,1.0,1.0,1.0
489,hbm2_12hi_1stack,0.7137140132358379,1.4011214316308547,1.0
489,hbm2_8hi_2stack,0.9829029808368833,2.034788823508419,2.0
489,hbm2_8hi_no_pim,0.9620196357320865,0.9425579831244635,0.9067592875817665
490,hbm2_4hi_1stack,1.446434711707403,0.6913550897984039,1.0
490,hbm2_8hi_1stack,1.0,1.0,1.0
490,hbm2_12hi_1stack,0.7560315912109303,1.3226960508334145,1.0
490,hbm2_8hi_2stack,1.2016627585593969,1.6643604753114616,2.0
490,hbm2_8hi_no_pim,0.4893580565857965,1.146360112969126,0.5609805570300457
491,hbm2_4hi_1stack,1.388080278723732,0.7204194277001387,1.0
491,hbm2_8hi_1stack,1.0,1.0,1.0
491,hbm2_12hi_1stack,0.7861174129816172,1.2720746080501646,1.0
491,hbm2_8hi_2stack,1.222409805143635,1.6361125308259425,2.0
491,hbm2_8hi_no_pim,1.0562679996182867,0.9297244629713719,0.9820381986989568
492,hbm2_4hi_1stack,1.7301834247065633,0.5779734019643603,1.0
492,hbm2_8hi_1stack,1.0,1.0,1.0
492,hbm2_12hi_1stack,0.6326153998017373,1.5807392616641986,1.0
492,hbm2_8hi_2stack,0.8039895559930897,2.4875945030524624,2.0
492,hbm2_8hi_no_pim,0.8790975642591247,0.9569948720074207,0.8412918609901964
493,hbm2_4hi_1stack,1.387274251301819,0.7208380023355868,1.0
493,hbm2_8hi_1stack,1.0,1.0,1.0
493,hbm2_12hi_1stack,0.7888088799589704,1.2677342071149282,1.0
493,hbm2_8hi_2stack,1.217242248440728,1.6430583169142996,2.0
493,hbm2_8hi_no_pim,0.35639921068706765,1.1809239496842787,0.4208803635489313
494,hbm2_4hi_1stack,1.5299739100605292,0.6536059166920289,1.0
494,hbm2_8hi_1stack,1.0,1.0,1.0
494,hbm2_12hi_1stack,0.7148856756394919,1.3988250626304166,1.0
494,hbm2_8hi_2stack,1.0278793102652772,1.9457537281140873,2.0
494,hbm2_8hi_no_pim,0.5183215104258502,1.051912133521272,0.5452286858820243
495,hbm2_4hi_1stack,1.6774883084714007,0.5961293410809181,1.0
495,hbm2_8hi_1stack,1.0,1.0,1.0
495,hbm2_12hi_1stack,0.6516261875488134,1.5346221792614647,1.0
495,hbm2_8hi_2stack,0.8036764205424839,2.488563741424682,2.0
495,hbm2_8hi_no_pim,0.4281069246032488,1.0996082840478758,0.47074992075199174
496,hbm2_4hi_1stack,1.4716045587793962,0.6795303765771407,1.0
496,hbm2_8hi_1stack,1.0,1.0,1.0
496,hbm2_12hi_1stack,0.743785313011398,1.344473979932803,1.0
496,hbm2_8hi_2stack,1.1517793248802568,1.7364437412591405,2.0
496,hbm2_8hi_no_pim,0.36733243206860516,1.178918077989028,0.4330548447973552
497,hbm2_4hi_1stack,1.4529365019583622,0.6882613236381184,1.0
497,hbm2_8hi_1stack,1.0,1.0,1.0
497,hbm2_12hi_1stack,0.7536485035015826,1.3268785055020016,1.0
497,hbm2_8hi_2stack,1.0961264538535678,1.8246069994650282,2.0
497,hbm2_8hi_no_pim,0.5876480282414198,1.0423785919264839,0.6125517242266658
498,hbm2_4hi_1stack,1.731790386425658,0.5774370892911339,1.0
498,hbm2_8hi_1stack,1.0,1.0,1.0
498,hbm2_12hi_1stack,0.6326033223838389,1.5807694405266484,1.0
498,hbm2_8hi_2stack,0.8019549484284327,2.4939056787657967,2.0
498,hbm2_8hi_no_pim,0.6753399397171265,1.0427966606058867,0.7042422339108003
499,hbm2_4hi_1stack,1.5021214859077383,0.665725115699078,1.0
499,hbm2_8hi_1stack,1.0,1.0,1.0
499,hbm2_12hi_1stack,0.728142891172654,1.373356812410168,1.0
499,hbm2_8hi_2stack,1.027339684770946,1.946775764284738,2.0
499,hbm2_8hi_no_pim,0.45754125710394655,1.0748182922107583,0.4917737125764273
500,hbm2_4hi_1stack,1.6527123336430654,0.6050659752721184,1.0
500,hbm2_8hi_1stack,1.0,1.0,1.0
500,hbm2_12hi_1stack,0.6607324918990727,1.5134718093336186,1.0
500,hbm2_8hi_2stack,0.8724348624710215,2.292434754768218,2.0
500,hbm2_8hi_no_pim,0.5567917369526834,1.0762663601918745,0.5992562161149761
501,hbm2_4hi_1stack,1.7435100961368009,0.5735556118750098,1.0
501,hbm2_8hi_1stack,1.0,1.0,1.0
501,hbm2_12hi_1stack,0.6272758617208924,1.5941949324441753,1.0
501,hbm2_8hi_2stack,0.7434585251616552,2.690129889310404,2.0
501,hbm2_8hi_no_pim,0.5600609464910841,1.0423047594446422,0.583754190106728
502,hbm2_4hi_1stack,1.5265473853983864,0.655073016118021,1.0
502,hbm2_8hi_1stack,1.0,1.0,1.0
502,hbm2_12hi_1stack,0.7193714773505123,1.3901023761507185,1.0
502,hbm2_8hi_2stack,1.084498833596885,1.8441698027159084,2.0
502,hbm2_8hi_no_pim,0.7986962829391789,0.9760218265525541,0.779545004935033
503,hbm2_4hi_1stack,1.6419371778729535,0.6090366997447791,1.0
503,hbm2_8hi_1stack,1.0,1.0,1.0
503,hbm2_12hi_1stack,0.6683542230026621,1.4962125854571235,1.0
503,hbm2_8hi_2stack,0.8720338747238938,2.2934888861206755,2.0
503,hbm2_8hi_no_pim,0.3909774310108097,1.1748564488956743,0.45934235619571334
504,hbm2_4hi_1stack,1.428348795462217,0.7001091072271306,1.0
504,hbm2_8hi_1stack,1.0,1.0,1.0
504,hbm2_12hi_1stack,0.7673014792914808,1.3032686981437738,1.0
504,hbm2_8hi_2stack,1.238512413785899,1.6148404955315523,2.0
504,hbm2_8hi_no_pim,0.41856501770912824,1.1339009665164832,0.4746112781303694
505,hbm2_4hi_1stack,1.5774277329516313,0.6339434632157966,1.0
505,hbm2_8hi_1stack,1.0,1.0,1.0
505,hbm2_12hi_1stack,0.6948076277112488,1.4392472968295973,1.0
505,hbm2_8hi_2stack,0.9991028144579379,2.0017959824135794,2.0
505,hbm2_8hi_no_pim,0.37973076876821993,1.1235695919617508,0.4266539449202308
506,hbm2_4hi_1stack,1.8131159542396083,0.5515367054499192,1.0
506,hbm2_8hi_1stack,1.0,1.0,1.0
506,hbm2_12hi_1stack,0.6043164521752474,1.6547621637645025,1.0
506,hbm2_8hi_2stack,0.7104693354369471,2.8150405657831468,2.0
506,hbm2_8hi_no_pim,0.6377436722684906,1.0384623090820528,0.6622727665064047
507,hbm2_4hi_1stack,1.6499542255050998,0.6060774199319805,1.0
507,hbm2_8hi_1stack,1.0,1.0,1.0
507,hbm2_12hi_1stack,0.663004969901716,1.5082843197212237,1.0
507,hbm2_8hi_2stack,0.9133230359597823,2.1898057108548272,2.0
507,hbm2_8hi_no_pim,0.3523654237613256,1.224597962991529,0.4315059801667662
508,hbm2_4hi_1stack,1.8306122158828404,0.5462653375323047,1.0
508,hbm2_8hi_1stack,1.0,1.0,1.0
508,hbm2_12hi_1stack,0.5972855436510137,1.6742410905968406,1.0
508,hbm2_8hi_2stack,0.664328341880181,3.0105594988460123,2.0
508,hbm2_8hi_no_pim,0.6076058604996971,1.0531523902579167,0.6399015643199744
509,hbm2_4hi_1stack,1.4599463605697358,0.6849566717024834,1.0
509,hbm2_8hi_1stack,1.0,1.0,1.0
509,hbm2_12hi_1stack,0.7523263554733643,1.329210378879787,1.0
509,hbm2_8hi_2stack,1.161190731690418,1.7223699306387634,2.0
509,hbm2_8hi_no_pim,0.6776028195554202,1.02675480574406,0.6957319513642529
510,hbm2_4hi_1stack,1.4144657612853788,0.706980704213909,1.0
510,hbm2_8hi_1stack,1.0,1.0,1.0
510,hbm2_12hi_1stack,0.7734216379472414,1.2929558095298783,1.0
510,hbm2_8hi_2stack,1.1646771517260446,1.7172140769105086,2.0
510,hbm2_8hi_no_pim,0.5262027665909847,1.082736367548579,0.5697388720927357
511,hbm2_4hi_1stack,1.5030160360778273,0.6653288960306337,1.0
511,hbm2_8hi_1stack,1.0,1.0,1.0
511,hbm2_12hi_1stack,0.7291032532299151,1.3715478508291068,1.0
511,hbm2_8hi_2stack,1.071127511478331,1.8671913274262495,2.0
511,hbm2_8hi_no_pim,0.9723805985213964,0.9323162723964559,0.9065662549641029
512,hbm2_4hi_1stack,1.5998782442420132,0.6250475644624931,1.0
512,hbm2_8hi_1stack,1.0,1.0,1.0
512,hbm2_12hi_1stack,0.6832583751109679,1.4635751809666295,1.0
512,hbm2_8hi_2stack,0.8965799057861765,2.2306991123633053,2.0
512,hbm2_8hi_no_pim,0.6030356804457824,1.0417460857821617,0.6282100596913762
513,hbm2_4hi_1stack,1.690378153766632,0.5915836038058835,1.0
513,hbm2_8hi_1stack,1.0,1.0,1.0
513,hbm2_12hi_1stack,0.6473819332448839,1.5446832057664666,1.0
513,hbm2_8hi_2stack,0.8801016081568341,2.2724648852631115,2.0
513,hbm2_8hi_no_pim,0.3733054397339932,1.2151044164872649,0.45360508851949566
514,hbm2_4hi_1stack,1.581552225187227,0.6322902172146849,1.0
514,hbm2_8hi_1stack,1.0,1.0,1.0
514,hbm2_12hi_1stack,0.6922474911516986,1.4445700602486702,1.0
514,hbm2_8hi_2stack,0.9825626364760781,2.0354936425965886,2.0
514,hbm2_8hi_no_pim,0.583261648580758,1.0540500622690836,0.6147869770057164
515,hbm2_4hi_1stack,1.6500813144921376,0.6060307399504007,1.0
515,hbm2_8hi_1stack,1.0,1.0,1.0
515,hbm2_12hi_1stack,0.6610633275266672,1.5127143775187866,1.0
515,hbm2_8hi_2stack,0.8264294835416014,2.4200491872932104,2.0
515,hbm2_8hi_no_pim,0.6923908934886129,1.0445674230978703,0.7232489713878324
516,hbm2_4hi_1stack,1.7013282868647874,0.5877760381230144,1.0
516,hbm2_8hi_1stack,1.0,1.0,1.0
516,hbm2_12hi_1stack,0.6431558997447024,1.5548329734624917,1.0
516,hbm2_8hi_2stack,0.8661720444155006,2.3090101012779916,2.0
516,hbm2_8hi_no_pim,0.39199278799449333,1.1554463678424451,0.4529266431086709
517,hbm2_4hi_1stack,1.6473658881704718,0.6070296873213624,1.0
517,hbm2_8hi_1stack,1.0,1.0,1.0
517,hbm2_12hi_1stack,0.6659124708346211,1.5016988625346668,1.0
517,hbm2_8hi_2stack,0.881634808255305,2.2685129730277587,2.0
517,hbm2_8hi_no_pim,0.9651761940725455,0.9938366493756644,0.9592274747742147
518,hbm2_4hi_1stack,1.5301153675229453,0.6535454915526193,1.0
518,hbm2_8hi_1stack,1.0,1.0,1.0
518,hbm2_12hi_1stack,0.7167707345293461,1.3951462466678846,1.0
518,hbm2_8hi_2stack,1.0089618221451577,1.9822355574840207,2.0
518,hbm2_8hi_no_pim,0.5347779182163003,1.0710066534815144,0.5727507085446507
519,hbm2_4hi_1stack,1.3954685896724586,0.7166051657491752,1.0
519,hbm2_8hi_1stack,1.0,1.0,1.0
519,hbm2_12hi_1stack,0.7843599029798533,1.2749249371377995,1.0
519,hbm2_8hi_2stack,1.2317324978056785,1.6237291811030268,2.0
519,hbm2_8hi_no_pim,0.5335109013174504,1.1154323253529383,0.5950953052576657
520,hbm2_4hi_1stack,1.6462995018640847,0.6074228892541802,1.0
520,hbm2_8hi_1stack,1.0,1.0,1.0
520,hbm2_12hi_1stack,0.6651292577039056,1.5034671658439782,1.0
520,hbm2_8hi_2stack,0.8973813133118845,2.2287069836776294,2.0
520,hbm2_8hi_no_pim,0.6407222417978783,1.0280976206440222,0.6587250122861026
521,hbm2_4hi_1stack,1.5848509165137494,0.6309741752869311,1.0
521,hbm2_8hi_1stack,1.0,1.0,1.0
521,hbm2_12hi_1stack,0.6924821277043892,1.4440805906645517,1.0
521,hbm2_8hi_2stack,0.920701596645546,2.172256469725625,2.0
521,hbm2_8hi_no_pim,0.5007480437935032,1.0626373202520303,0.5321135593781746
522,hbm2_4hi_1stack,1.4320502659989425,0.6982995106686698,1.0
522,hbm2_8hi_1stack,1.0,1.0,1.0
522,hbm2_12hi_1stack,0.7627832123925021,1.310988474514872,1.0
522,hbm2_8hi_2stack,1.1650636007252453,1.7166444808292112,2.0
522,hbm2_8hi_no_pim,0.9301009171056471,0.9725140287098273,0.904536190001118
523,hbm2_4hi_1stack,1.4687634655103854,0.6808448218396465,1.0
523,hbm2_8hi_1stack,1.0,1.0,1.0
523,hbm2_12hi_1stack,0.7464038596477466,1.3397572735917176,1.0
523,hbm2_8hi_2stack,1.1583832534407397,1.7265442970272669,2.0
523,hbm2_8hi_no_pim,0.3640605384312196,1.1994383897440972,0.43666818598531104
524,hbm2_4hi_1stack,1.7037730884372055,0.5869326184258815,1.0
524,hbm2_8hi_1stack,1.0,1.0,1.0
524,hbm2_12hi_1stack,0.6440674744401244,1.5526323555917507,1.0
524,hbm2_8hi_2stack,0.8406183291676355,2.379201036432744,2.0
524,hbm2_8hi_no_pim,0.663804670280065,1.0059582809923375,0.6677598050296195
525,hbm2_4hi_1stack,1.5092573372598914,0.6625775308904804,1.0
525,hbm2_8hi_1stack,1.0,1.0,1.0
525,hbm2_12hi_1stack,0.7228382115173018,1.383435441107784,1.0
525,hbm2_8hi_2stack,1.069902204578229,1.8693297307378005,2.0
525,hbm2_8hi_no_pim,0.3212227383548372,1.247819908201522,0.4008281278861745
526,hbm2_4hi_1stack,1.4048048394829105,0.7118426502346663,1.0
526,hbm2_8hi_1stack,1.0,1.0,1.0
526,hbm2_12hi_1stack,0.7805732227618196,1.2811097932130004,1.0
526,hbm2_8hi_2stack,1.2492836837633117,1.600917410507795,2.0
526,hbm2_8hi_no_pim,0.3886390416612647,1.1131441510972262,0.432611276113268
527,hbm2_4hi_1stack,1.5024972456166064,0.6655586244283678,1.0
527,hbm2_8hi_1stack,1.0,1.0,1.0
527,hbm2_12hi_1stack,0.7283014760383981,1.3730577692077575,1.0
527,hbm2_8hi_2stack,1.0590652807547045,1.8884577148773798,2.0
527,hbm2_8hi_no_pim,0.9915548991863274,0.9795545870712121,0.9712821498309003
528,hbm2_4hi_1stack,1.4971705008766036,0.6679265984832676,1.0
528,hbm2_8hi_1stack,1.0,1.0,1.0
528,hbm2_12hi_1stack,0.727417787980613,1.3747257992908084,1.0
528,hbm2_8hi_2stack,1.0041442545529766,1.9917456988192963,2.0
528,hbm2_8hi_no_pim,0.4038267127664905,1.1087178269114826,0.44772987542727083
529,hbm2_4hi_1stack,1.5774423839532885,0.6339375752627249,1.0
529,hbm2_8hi_1stack,1.0,1.0,1.0
529,hbm2_12hi_1stack,0.6929461918968629,1.443113493794679,1.0
529,hbm2_8hi_2stack,0.9879972867239277,2.024297057162721,2.0
529,hbm2_8hi_no_pim,0.39482923978942036,1.1563021486598166,0.45654189832222875
530,hbm2_4hi_1stack,1.5259928328707524,0.6553110725420408,1.0
530,hbm2_8hi_1stack,1.0,1.0,1.0
530,hbm2_12hi_1stack,0.7132941950746345,1.401946079058398,1.0
530,hbm2_8hi_2stack,0.9803777991466812,2.0400298759731155,2.0
530,hbm2_8hi_no_pim,0.8795835078562075,0.9733905018913431,0.856178232167502
531,hbm2_4hi_1stack,1.70134381154346,0.5877706746955511,1.0
531,hbm2_8hi_1stack,1.0,1.0,1.0
531,hbm2_12hi_1stack,0.6427659465910474,1.5557762593111344,1.0
531,hbm2_8hi_2stack,0.8253918958709927,2.4230913945302373,2.0
531,hbm2_8hi_no_pim,0.3854107130806335,1.1367247406236485,0.43810589286015855
532,hbm2_4hi_1stack,1.7773949697585798,0.5626211489367656,1.0
532,hbm2_8hi_1stack,1.0,1.0,1.0
532,hbm2_12hi_1stack,0.6162001383398907,1.6228493597779892,1.0
532,hbm2_8hi_2stack,0.7875065022369222,2.539661570182563,2.0
532,hbm2_8hi_no_pim,0.34990459657117157,1.155744586642341,0.4044003433284038
533,hbm2_4hi_1stack,1.538860891120506,0.6498313172881144,1.0
533,hbm2_8hi_1stack,1.0,1.0,1.0
533,hbm2_12hi_1stack,0.7070744141438844,1.4142782994216891,1.0
533,hbm2_8hi_2stack,1.0118888207633783,1.9765017252499948,2.0
533,hbm2_8hi_no_pim,0.42358499990056514,1.1498337021334504,0.487052308603864
534,hbm2_4hi_1stack,1.6984619422985066,0.5887679759528276,1.0
534,hbm2_8hi_1stack,1.0,1.0,1.0
534,hbm2_12hi_1stack,0.6442876513282955,1.5521017637670849,1.0
534,hbm2_8hi_2stack,0.8428822792411994,2.372810592008756,2.0
534,hbm2_8hi_no_pim,0.4108598954602167,1.1015929659907666,0.45260037084667637
535,hbm2_4hi_1stack,1.5369999271676598,0.6506181180130385,1.0
535,hbm2_8hi_1stack,1.0,1.0,1.0
535,hbm2_12hi_1stack,0.71028670012575,1.4078821971789122,1.0
535,hbm2_8hi_2stack,0.9901757024242063,2.0198435440331273,2.0
535,hbm2_8hi_no_pim,0.34363731669490377,1.1798488816393526,0.40544010379203027
536,hbm2_4hi_1stack,1.6601555730549356,0.6023531867919161,1.0
536,hbm2_8hi_1stack,1.0,1.0,1.0
536,hbm2_12hi_1stack,0.6551589586514446,1.5263471357521596,1.0
536,hbm2_8hi_2stack,0.8464222098017958,2.3628869574066753,2.0
536,hbm2_8hi_no_pim,0.36966754031482174,1.1677419694915334,0.43167630158432074
537,hbm2_4hi_1stack,1.5260676519187615,0.6552789443788262,1.0
537,hbm2_8hi_1stack,1.0,1.0,1.0
537,hbm2_12hi_1stack,0.7204981428753866,1.3879286295023172,1.0
537,hbm2_8hi_2stack,1.0278682154692333,1.9457747305543227,2.0
537,hbm2_8hi_no_pim,0.9477419312244363,0.9824461603611934,0.9311054213447496
538,hbm2_4hi_1stack,1.6144894379321804,0.6193908591193935,1.0
538,hbm2_8hi_1stack,1.0,1.0,1.0
538,hbm2_12hi_1stack,0.6780473899014836,1.4748231685476945,1.0
538,hbm2_8hi_2stack,0.908873916880973,2.200525246519889,2.0
538,hbm2_8hi_no_pim,0.5153740908142582,1.0682662797793716,0.5505567626888237
539,hbm2_4hi_1stack,1.5151510917043685,0.6600001844536286,1.0
539,hbm2_8hi_1stack,1.0,1.0,1.0
539,hbm2_12hi_1stack,0.7216378651134231,1.3857365977363527,1.0
539,hbm2_8hi_2stack,1.0087990828134223,1.9825553314563238,2.0
539,hbm2_8hi_no_pim,0.4811744214273313,1.0843243147214556,0.5217491247756839
540,hbm2_4hi_1stack,1.3996941745287896,0.7144417817818327,1.0
540,hbm2_8hi_1stack,1.0,1.0,1.0
540,hbm2_12hi_1stack,0.783841768703484,1.2757676867029595,1.0
540,hbm2_8hi_2stack,1.2915441623159367,1.5485339629530697,2.0
540,hbm2_8hi_no_pim,0.4381870310014424,1.1030163774296895,0.48332747157188205
541,hbm2_4hi_1stack,1.546511380574998,0.6466166447661037,1.0
541,hbm2_8hi_1stack,1.0,1.0,1.0
541,hbm2_12hi_1stack,0.7082415565490899,1.4119476480206898,1.0
541,hbm2_8hi_2stack,0.9847610054352735,2.0309496303785726,2.0
541,hbm2_8hi_no_pim,0.9621917708288966,0.9833782393680547,0.9461984495321512
542,hbm2_4hi_1stack,1.4339257966109435,0.6973861564967176,1.0
542,hbm2_8hi_1stack,1.0,1.0,1.0
542,hbm2_12hi_1stack,0.7590742231002552,1.3173942278210182,1.0
542,hbm2_8hi_2stack,1.0844413768048085,1.8442675120833067,2.0
542,hbm2_8hi_no_pim,0.6704619270880045,1.0175794419854927,0.6822482736387296
543,hbm2_4hi_1stack,1.7060297914615794,0.5861562353745805,1.0
543,hbm2_8hi_1stack,1.0,1.0,1.0
543,hbm2_12hi_1stack,0.6379957605282778,1.5674085344579294,1.0
543,hbm2_8hi_2stack,0.7644735190204556,2.616179567034139,2.0
543,hbm2_8hi_no_pim,1.0180611728363398,0.9488169323138399,0.9659536789184058
544,hbm2_4hi_1stack,1.589728094117299,0.6290383894582002,1.0
544,hbm2_8hi_1stack,1.0,1.0,1.0
544,hbm2_12hi_1stack,0.6880197386135624,1.4534466729328335,1.0
544,hbm2_8hi_2stack,0.9288516192852668,2.1531964400718393,2.0
544,hbm2_8hi_no_pim,0.4405347035836103,1.1012519197859003,0.4851396880537634
545,hbm2_4hi_1stack,1.8979973267362475,0.5268711319628553,1.0
545,hbm2_8hi_1stack,1.0,1.0,1.0
545,hbm2_12hi_1stack,0.5788127536623047,1.7276744399164148,1.0
545,hbm2_8hi_2stack,0.6917136439166025,2.8913698863530484,2.0
545,hbm2_8hi_no_pim,0.5575396000165822,1.0355335296014476,0.5773509498977507
546,hbm2_4hi_1stack,1.5124370907224551,0.6611845253823575,1.0
546,hbm2_8hi_1stack,1.0,1.0,1.0
546,hbm2_12hi_1stack,0.7233133874692974,1.3825266023331375,1.0
546,hbm2_8hi_2stack,1.0831682089659092,1.8464352844230738,2.0
546,hbm2_8hi_no_pim,0.7280618563784576,1.025480527750426,0.7466132567139355
547,hbm2_4hi_1stack,1.4984908596745707,0.6673380711959573,1.0
547,hbm2_8hi_1stack,1.0,1.0,1.0
547,hbm2_12hi_1stack,0.7300027046290545,1.369857938414273,1.0
547,hbm2_8hi_2stack,1.1101762686644039,1.8015157200271426,2.0
547,hbm2_8hi_no_pim,0.5692122298064771,1.0794640437349052,0.614444135330262
548,hbm2_4hi_1stack,1.8062565309818162,0.5536312161907788,1.0
548,hbm2_8hi_1stack,1.0,1.0,1.0
548,hbm2_12hi_1stack,0.6067158651589576,1.648217983780601,1.0
548,hbm2_8hi_2stack,0.7211657230979774,2.77328765905348,2.0
548,hbm2_8hi_no_pim,0.3791078486150242,1.1547157474186733,0.43776180276578297
549,hbm2_4hi_1stack,1.6689773242823587,0.5991693149156407,1.0
549,hbm2_8hi_1stack,1.0,1.0,1.0
549,hbm2_12hi_1stack,0.656297051455142,1.5237002783766889,1.0
549,hbm2_8hi_2stack,0.8741916151463771,2.2878279376599995,2.0
549,hbm2_8hi_no_pim,0.6144367499966312,1.0302673146102255,0.6330341004168637
550,hbm2_4hi_1stack,1.4884634867163709,0.671833745956411,1.0
550,hbm2_8hi_1stack,1.0,1.0,1.0
550,hbm2_12hi_1stack,0.7372177859861246,1.3564512671955817,1.0
550,hbm2_8hi_2stack,1.1175516116250488,1.7896265185388347,2.0
550,hbm2_8hi_no_pim,0.47243113594125247,1.069326377952488,0.505183075428039
551,hbm2_4hi_1stack,1.5912956616416047,0.6284187307897169,1.0
551,hbm2_8hi_1stack,1.0,1.0,1.0
551,hbm2_12hi_1stack,0.6845889293367563,1.460730603646805,1.0
551,hbm2_8hi_2stack,0.9622183788755191,2.0785302421029077,2.0
551,hbm2_8hi_no_pim,1.0624601820173785,0.9124668086488158,0.9694596516018372
552,hbm2_4hi_1stack,1.5766737203847423,0.6342466339554251,1.0
552,hbm2_8hi_1stack,1.0,1.0,1.0
552,hbm2_12hi_1stack,0.6930735941888297,1.442848217540874,1.0
552,hbm2_8hi_2stack,0.9790226681344044,2.0428536183039956,2.0
552,hbm2_8hi_no_pim,0.37614938265035064,1.1707942411823902,0.44039353103134177
553,hbm2_4hi_1stack,1.4865802481732486,0.6726848424286734,1.0
553,hbm2_8hi_1stack,1.0,1.0,1.0
553,hbm2_12hi_1stack,0.7378863373756149,1.3552222738757098,1.0
553,hbm2_8hi_2stack,1.1261546942714566,1.7759549466637532,2.0
553,hbm2_8hi_no_pim,0.36557990047490996,1.1516880792630575,0.42103401339512875
554,hbm2_4hi_1stack,1.6650197186748503,0.6005934877431219,1.0
554,hbm2_8hi_1stack,1.0,1.0,1.0
554,hbm2_12hi_1stack,0.6542327764658384,1.5285079500326995,1.0
554,hbm2_8hi_2stack,0.7916752996008025,2.526288240909484,2.0
554,hbm2_8hi_no_pim,0.48166987640791203,1.108286622889107,0.5338282806715384
555,hbm2_4hi_1stack,1.542810105840162,0.6481679088143086,1.0
555,hbm2_8hi_1stack,1.0,1.0,1.0
555,hbm2_12hi_1stack,0.7074427237490559,1.4135419963054423,1.0
555,hbm2_8hi_2stack,0.9645511186998516,2.073503375016414,2.0
555,hbm2_8hi_no_pim,0.4272264238636857,1.0915582832610344,0.4663425417963958
556,hbm2_4hi_1stack,1.5812915735407966,0.6323944405526806,1.0
556,hbm2_8hi_1stack,1.0,1.0,1.0
556,hbm2_12hi_1stack,0.6911054625741104,1.4469571637813026,1.0
556,hbm2_8hi_2stack,0.9956011003180375,2.0088366709931464,2.0
556,hbm2_8hi_no_pim,0.7155540441218574,0.99087840840866,0.7090270523698462
557,hbm2_4hi_1stack,1.4294276254585556,0.6995807148187746,1.0
557,hbm2_8hi_1stack,1.0,1.0,1.0
557,hbm2_12hi_1stack,0.7627722504589542,1.3110073149597505,1.0
557,hbm2_8hi_2stack,1.1562991228209674,1.729656245972665,2.0
557,hbm2_8hi_no_pim,0.9609221488253672,0.9757640554716212,0.937633292930345
558,hbm2_4hi_1stack,1.4036495778438474,0.7124285261682654,1.0
558,hbm2_8hi_1stack,1.0,1.0,1.0
558,hbm2_12hi_1stack,0.7789245281802443,1.2838214279068108,1.0
558,hbm2_8hi_2stack,1.261683264373127,1.5851839019151204,2.0
558,hbm2_8hi_no_pim,0.4149303905678088,1.1640448404972943,0.482997580305985
559,hbm2_4hi_1stack,1.4041572188120273,0.7121709639081867,1.0
559,hbm2_8hi_1stack,1.0,1.0,1.0
559,hbm2_12hi_1stack,0.7752345219248862,1.289932235624682,1.0
559,hbm2_8hi_2stack,1.2289507125829229,1.62740456514854,2.0
559,hbm2_8hi_no_pim,0.5224417901696808,1.0777624747601517,0.5630681566913991
560,hbm2_4hi_1stack,1.3952707202692511,0.7167067906413358,1.0
560,hbm2_8hi_1stack,1.0,1.0,1.0
560,hbm2_12hi_1stack,0.7822320126695038,1.2783930902895737,1.0
560,hbm2_8hi_2stack,1.1531419145983617,1.734391903269424,2.0
560,hbm2_8hi_no_pim,1.0170854471806052,0.9719439512627046,0.9885500483045122
561,hbm2_4hi_1stack,1.403478390902238,0.7125154234523993,1.0
561,hbm2_8hi_1stack,1.0,1.0,1.0
561,hbm2_12hi_1stack,0.7777471862970211,1.2857648572940008,1.0
561,hbm2_8hi_2stack,1.166160627364911,1.7150296049003606,2.0
561,hbm2_8hi_no_pim,0.45380554229575887,1.0836260326780418,0.4917554994052605
562,hbm2_4hi_1stack,1.3742575088593216,0.727665662041776,1.0
562,hbm2_8hi_1stack,1.0,1.0,1.0
562,hbm2_12hi_1stack,0.791885175970114,1.2628093445175697,1.0
562,hbm2_8hi_2stack,1.2269876568776288,1.6300082472626423,2.0
562,hbm2_8hi_no_pim,0.37998040553303036,1.1556794510393038,0.43913554647210457
563,hbm2_4hi_1stack,1.5056002339150674,0.6641869318787653,1.0
563,hbm2_8hi_1stack,1.0,1.0,1.0
563,hbm2_12hi_1stack,0.7269423384645155,1.3756249252344426,1.0
563,hbm2_8hi_2stack,1.0937989566657682,1.8284895846825528,2.0
563,hbm2_8hi_no_pim,0.6272825892410568,1.066365043395907,0.6689122254975366
564,hbm2_4hi_1stack,1.4883773388026906,0.6718726319794948,1.0
564,hbm2_8hi_1stack,1.0,1.0,1.0
564,hbm2_12hi_1stack,0.7347462774452193,1.361014040761244,1.0
564,hbm2_8hi_2stack,1.04119109566883,1.920876972843549,2.0
564,hbm2_8hi_no_pim,0.4787146133317814,1.1446855048881686,0.5479776788590346
565,hbm2_4hi_1stack,1.3920453416242473,0.718367405211955,1.0
565,hbm2_8hi_1stack,1.0,1.0,1.0
565,hbm2_12hi_1stack,0.7848589754887091,1.2741142437433792,1.0
565,hbm2_8hi_2stack,1.1332174847461316,1.7648862878673715,2.0
565,hbm2_8hi_no_pim,0.6521496486342726,0.9979989531206261,0.6508446666149882
566,hbm2_4hi_1stack,1.5222609153860736,0.6569176084681787,1.0
566,hbm2_8hi_1stack,1.0,1.0,1.0
566,hbm2_12hi_1stack,0.7175835510660376,1.3935659457555938,1.0
566,hbm2_8hi_2stack,1.0274859814320054,1.9464985762750784,2.0
566,hbm2_8hi_no_pim,0.4495359795560363,1.083293172262402,0.48697925733934483
567,hbm2_4hi_1stack,1.3945563531541043,0.7170739265848053,1.0
567,hbm2_8hi_1stack,1.0,1.0,1.0
567,hbm2_12hi_1stack,0.7857307165338152,1.2727006580720372,1.0
567,hbm2_8hi_2stack,1.2949434164159044,1.5444690282572537,2.0
567,hbm2_8hi_no_pim,0.46152737842782854,1.1205417576547223,0.5171606998292951
568,hbm2_4hi_1stack,1.6940068267288289,0.5903163931936602,1.0
568,hbm2_8hi_1stack,1.0,1.0,1.0
568,hbm2_12hi_1stack,0.6439931654870583,1.5528115104198197,1.0
568,hbm2_8hi_2stack,0.8637411728750575,2.315508468055054,2.0
568,hbm2_8hi_no_pim,0.5694048219924083,1.0814674232094483,0.6157927656031644
569,hbm2_4hi_1stack,1.4762087153424674,0.6774109850503144,1.0
569,hbm2_8hi_1stack,1.0,1.0,1.0
569,hbm2_12hi_1stack,0.7403099759235826,1.3507855256879904,1.0
569,hbm2_8hi_2stack,1.0679329918258653,1.872776677289988,2.0
569,hbm2_8hi_no_pim,0.49525697712417716,1.1387045242746365,0.5639513605298807
570,hbm2_4hi_1stack,1.455218780975862,0.6871818953088313,1.0
570,hbm2_8hi_1stack,1.0,1.0,1.0
570,hbm2_12hi_1stack,0.7504680296697173,1.3325017994971782,1.0
570,hbm2_8hi_2stack,1.0720608439601211,1.8655657570815978,2.0
570,hbm2_8hi_no_pim,0.4620787675713122,1.0678885509049993,0.4934486255056966
571,hbm2_4hi_1stack,1.700044783140276,0.5882197986295558,1.0
571,hbm2_8hi_1stack,1.0,1.0,1.0
571,hbm2_12hi_1stack,0.6441337195014147,1.5524726772168362,1.0
571,hbm2_8hi_2stack,0.8551190592102649,2.3388555996484004,2.0
571,hbm2_8hi_no_pim,0.3670562383201487,1.1572197272052032,0.42476471997781057
572,hbm2_4hi_1stack,1.603090724877551,0.623795013271244,1.0
572,hbm2_8hi_1stack,1.0,1.0,1.0
572,hbm2_12hi_1stack,0.6824141970068448,1.465385691543533,1.0
572,hbm2_8hi_2stack,0.9516918369549755,2.10152059977648,2.0
572,hbm2_8hi_no_pim,0.40417830729229076,1.1731061790524813,0.4741440697235588
573,hbm2_4hi_1stack,1.4017930109554613,0.7133720828857611,1.0
573,hbm2_8hi_1stack,1.0,1.0,1.0
573,hbm2_12hi_1stack,0.7761088195869351,1.2884791085510734,1.0
573,hbm2_8hi_2stack,1.2043936450878967,1.660586643043969,2.0
573,hbm2_8hi_no_pim,0.422797396397828,1.118216789215151,0.4727791470885047
574,hbm2_4hi_1stack,1.6842695976923066,0.5937291757626837,1.0
574,hbm2_8hi_1stack,1.0,1.0,1.0
574,hbm2_12hi_1stack,0.6510948863953491,1.5358744491702143,1.0
574,hbm2_8hi_2stack,0.8403921710665981,2.379841303687617,2.0
574,hbm2_8hi_no_pim,0.6104937225688383,1.0352715501703342,0.6320267825330992
575,hbm2_4hi_1stack,1.6913062471589178,0.5912589761196799,1.0
575,hbm2_8hi_1stack,1.0,1.0,1.0
575,hbm2_12hi_1stack,0.6439200733609624,1.552987771883654,1.0
575,hbm2_8hi_2stack,0.799311397458508,2.5021537367779363,2.0
575,hbm2_8hi_no_pim,0.7127940540177794,0.9922611603298522,0.7072778551159011
576,hbm2_4hi_1stack,1.611967727954867,0.6203598140694283,1.0
576,hbm2_8hi_1stack,1.0,1.0,1.0
576,hbm2_12hi_1stack,0.6818469874636542,1.466604705140396,1.0
576,hbm2_8hi_2stack,0.963287286606684,2.076223809664595,2.0
576,hbm2_8hi_no_pim,0.8308201692561404,0.99278880750238,0.8248289650847291
577,hbm2_4hi_1stack,1.6354898092787806,0.6114376221280038,1.0
577,hbm2_8hi_1stack,1.0,1.0,1.0
577,hbm2_12hi_1stack,0.6687333259822634,1.495364386889435,1.0
577,hbm2_8hi_2stack,0.9108944530427897,2.1956440653679654,2.0
577,hbm2_8hi_no_pim,0.7826360017147163,0.983647009106489,0.7698375623057416
578,hbm2_4hi_1stack,1.8437562430488994,0.5423710448548043,1.0
578,hbm2_8hi_1stack,1.0,1.0,1.0
578,hbm2_12hi_1stack,0.5939455970879721,1.6836558851565748,1.0
578,hbm2_8hi_2stack,0.7367712138344393,2.7145468802876196,2.0
578,hbm2_8hi_no_pim,0.5095272920591989,1.1191367274102733,0.5702307061613504
579,hbm2_4hi_1stack,1.4022440019753588,0.7131426474930807,1.0
579,hbm2_8hi_1stack,1.0,1.0,1.0
579,hbm2_12hi_1stack,0.7811540706009262,1.280157190028748,1.0
579,hbm2_8hi_2stack,1.2326549989377178,1.6225140057222562,2.0
579,hbm2_8hi_no_pim,0.6156648734843616,1.0282630038994791,0.6330654122044225
580,hbm2_4hi_1stack,1.4672410323836806,0.6815512774853355,1.0
580,hbm2_8hi_1stack,1.0,1.0,1.0
580,hbm2_12hi_1stack,0.7457653860758857,1.3409042825946396,1.0
580,hbm2_8hi_2stack,1.1223230516071745,1.7820181071180763,2.0
580,hbm2_8hi_no_pim,0.5635715911367257,1.0630899975833128,0.5991273214595655
581,hbm2_4hi_1stack,1.5943862897131786,0.627200576454966,1.0
581,hbm2_8hi_1stack,1.0,1.0,1.0
581,hbm2_12hi_1stack,0.6824493373882204,1.4653102365474737,1.0
581,hbm2_8hi_2stack,0.932291853641239,2.145250966409959,2.0
581,hbm2_8hi_no_pim,1.005583493586562,0.9759133030231969,0.9813623086916674
582,hbm2_4hi_1stack,1.7648269879290197,0.566627780989158,1.0
582,hbm2_8hi_1stack,1.0,1.0,1.0
582,hbm2_12hi_1stack,0.6187744825026458,1.6160976709244377,1.0
582,hbm2_8hi_2stack,0.7372207289333181,2.7128917046239223,2.0
582,hbm2_8hi_no_pim,0.36708108055484756,1.1661296934117593,0.4280641479246817
583,hbm2_4hi_1stack,1.5251575496368805,0.6556699668424987,1.0
583,hbm2_8hi_1stack,1.0,1.0,1.0
583,hbm2_12hi_1stack,0.7174686606197195,1.3937891017236095,1.0
583,hbm2_8hi_2stack,1.0680772633797766,1.8725237101961034,2.0
583,hbm2_8hi_no_pim,0.8633390889954103,0.9996565951290348,0.8630426141469547
584,hbm2_4hi_1stack,1.6972497165746958,0.5891884913777743,1.0
584,hbm2_8hi_1stack,1.0,1.0,1.0
584,hbm2_12hi_1stack,0.6464430204386203,1.546926748967738,1.0
584,hbm2_8hi_2stack,0.8304652827737637,2.4082885118568433,2.0
584,hbm2_8hi_no_pim,0.45064224829463007,1.121689509772186,0.5054806825722393
585,hbm2_4hi_1stack,1.5950656623459223,0.6269334382944856,1.0
585,hbm2_8hi_1stack,1.0,1.0,1.0
585,hbm2_12hi_1stack,0.6843101233524121,1.4613257438031662,1.0
585,hbm2_8hi_2stack,0.903337682691012,2.214011480227492,2.0
585,hbm2_8hi_no_pim,0.37124320845081366,1.172593126468778,0.4353172344776398
586,hbm2_4hi_1stack,1.5494892327743512,0.6453739586234529,1.0
586,hbm2_8hi_1stack,1.0,1.0,1.0
586,hbm2_12hi_1stack,0.7062190608420565,1.4159912347985275,1.0
586,hbm2_8hi_2stack,0.9790281655845592,2.0428421472489893,2.0
586,hbm2_8hi_no_pim,0.9153075334817419,0.93576068366279,0.8565088032925768
587,hbm2_4hi_1stack,1.7586279892842205,0.568625090748732,1.0
587,hbm2_8hi_1stack,1.0,1.0,1.0
587,hbm2_12hi_1stack,0.6223642519918471,1.606776091010285,1.0
587,hbm2_8hi_2stack,0.7341076564730429,2.724396050585861,2.0
587,hbm2_8hi_no_pim,0.4166191682329697,1.1159840959542586,0.46494036581768583
588,hbm2_4hi_1stack,1.5425112256971543,0.6482934991594888,1.0
588,hbm2_8hi_1stack,1.0,1.0,1.0
588,hbm2_12hi_1stack,0.7076975768984329,1.4130329573581648,1.0
588,hbm2_8hi_2stack,0.9691629011878519,2.06363656465668,2.0
588,hbm2_8hi_no_pim,0.47086636612030963,1.143867017352652,0.5386085057857204
589,hbm2_4hi_1stack,1.6192507959308902,0.6175695590287548,1.0
589,hbm2_8hi_1stack,1.0,1.0,1.0
589,hbm2_12hi_1stack,0.6781881043673857,1.4745171635424077,1.0
589,hbm2_8hi_2stack,0.9148102874939132,2.186245637310137,2.0
589,hbm2_8hi_no_pim,0.4542928292993763,1.1061162492157883,0.5025006803902545
590,hbm2_4hi_1stack,1.4886425298737083,0.6717529426522812,1.0
590,hbm2_8hi_1stack,1.0,1.0,1.0
590,hbm2_12hi_1stack,0.7334026443940858,1.3635074916128351,1.0
590,hbm2_8hi_2stack,1.0902493896718952,1.8344426687566315,2.0
590,hbm2_8hi_no_pim,0.6935892728339803,1.035383684149965,0.7181310165937418
591,hbm2_4hi_1stack,1.6250508028462467,0.6153653770383783,1.0
591,hbm2_8hi_1stack,1.0,1.0,1.0
591,hbm2_12hi_1stack,0.6748819064456916,1.4817407170782864,1.0
591,hbm2_8hi_2stack,0.9120690390842672,2.1928164582892036,2.0
591,hbm2_8hi_no_pim,0.7937547121613202,0.991072005164332,0.7866680741903568
592,hbm2_4hi_1stack,1.6103461658722071,0.6209844946340297,1.0
592,hbm2_8hi_1stack,1.0,1.0,1.0
592,hbm2_12hi_1stack,0.6827904393076205,1.4645782108695662,1.0
592,hbm2_8hi_2stack,0.9838933642488308,2.0327406126241456,2.0
592,hbm2_8hi_no_pim,0.38297956917799997,1.1513911025037806,0.4409592683922803
593,hbm2_4hi_1stack,1.5747623771059667,0.6350164409171107,1.0
593,hbm2_8hi_1stack,1.0,1.0,1.0
593,hbm2_12hi_1stack,0.6962722009057722,1.436219913274021,1.0
593,hbm2_8hi_2stack,0.9529720449633223,2.0986974492803463,2.0
593,hbm2_8hi_no_pim,0.4513654744731215,1.1521261310667756,0.5200299578018369
594,hbm2_4hi_1stack,1.7009099857440089,0.5879205886151476,1.0
594,hbm2_8hi_1stack,1.0,1.0,1.0
594,hbm2_12hi_1stack,0.6449634727479514,1.5504754024896463,1.0
594,hbm2_8hi_2stack,0.8730599671787049,2.290793387839101,2.0
594,hbm2_8hi_no_pim,0.6962252399286819,1.0124461195520096,0.7048905424999609
595,hbm2_4hi_1stack,1.6598321527736637,0.6024705560311923,1.0
595,hbm2_8hi_1stack,1.0,1.0,1.0
595,hbm2_12hi_1stack,0.6608311350112647,1.5132458914529712,1.0
595,hbm2_8hi_2stack,0.8572696317083146,2.3329882758293,2.0
595,hbm2_8hi_no_pim,0.5161863355572738,1.076584377463868,0.5557181447212828
596,hbm2_4hi_1stack,1.5791522556389743,0.6332511614564795,1.0
596,hbm2_8hi_1stack,1.0,1.0,1.0
596,hbm2_12hi_1stack,0.6934235611241834,1.4421200202352407,1.0
596,hbm2_8hi_2stack,0.9433495868001613,2.1201048137244576,2.0
596,hbm2_8hi_no_pim,0.40337446982491115,1.1678727121933534,0.471090036103975
597,hbm2_4hi_1stack,1.5381020923407596,0.6501519014762868,1.0
597,hbm2_8hi_1stack,1.0,1.0,1.0
597,hbm2_12hi_1stack,0.7097813827628069,1.4088845161132912,1.0
597,hbm2_8hi_2stack,1.025088180051209,1.9510516645505447,2.0
597,hbm2_8hi_no_pim,0.44324603925274136,1.1027844174037318,0.48880482516384605
598,hbm2_4hi_1stack,1.4991432733062382,0.6670476516861404,1.0
598,hbm2_8hi_1stack,1.0,1.0,1.0
598,hbm2_12hi_1stack,0.7297910249121317,1.370255272898707,1.0
598,hbm2_8hi_2stack,1.0217456046343365,1.957434405324173,2.0
598,hbm2_8hi_no_pim,0.8626939394193924,1.0234868480852577,0.8829559009186082
599,hbm2_4hi_1stack,1.6266122947864905,0.6147746474099166,1.0
599,hbm2_8hi_1stack,1.0,1.0,1.0
599,hbm2_12hi_1stack,0.6727718924834354,1.4863878993348723,1.0
599,hbm2_8hi_2stack,0.9248019680591705,2.162625155520902,2.0
599,hbm2_8hi_no_pim,0.35194119073407226,1.1784893646747931,0.414758950271087
600,hbm2_4hi_1stack,1.525796690571058,0.6553953132679369,1.0
600,hbm2_8hi_1stack,1.0,1.0,1.0
600,hbm2_12hi_1stack,0.7160782961875362,1.3964953348315232,1.0
600,hbm2_8hi_2stack,1.0530540077270438,1.8992378219203443,2.0
600,hbm2_8hi_no_pim,1.0035378511926067,0.9520714960865119,0.9554397833643885
601,hbm2_4hi_1stack,1.599979955959542,0.6250078298013919,1.0
601,hbm2_8hi_1stack,1.0,1.0,1.0
601,hbm2_12hi_1stack,0.6826200771218944,1.4649437271406704,1.0
601,hbm2_8hi_2stack,0.9111394801223991,2.19505360445069,2.0
601,hbm2_8hi_no_pim,0.49563664185677586,1.1019376088011694,0.5461606559618972
602,hbm2_4hi_1stack,1.6541247590468615,0.6045493210416724,1.0
602,hbm2_8hi_1stack,1.0,1.0,1.0
602,hbm2_12hi_1stack,0.6631441130259018,1.507967846441458,1.0
602,hbm2_8hi_2stack,0.8979908583913921,2.2271941649636413,2.0
602,hbm2_8hi_no_pim,0.7473211086454066,1.0097625737039775,0.7546168860490955
603,hbm2_4hi_1stack,1.4284353733966457,0.700066673385525,1.0
603,hbm2_8hi_1stack,1.0,1.0,1.0
603,hbm2_12hi_1stack,0.7649134444346636,1.307337460565993,1.0
603,hbm2_8hi_2stack,1.1105359796875618,1.800932195427545,2.0
603,hbm2_8hi_no_pim,0.42799201799898867,1.1534278610473667,0.49365791786591956
604,hbm2_4hi_1stack,1.8414903607687307,0.5430384113346918,1.0
604,hbm2_8hi_1stack,1.0,1.0,1.0
604,hbm2_12hi_1stack,0.5969797828430334,1.67509860256513,1.0
604,hbm2_8hi_2stack,0.7337688709677577,2.725653920644286,2.0
604,hbm2_8hi_no_pim,0.6438391039823415,1.0575349555002438,0.6808823581792823
605,hbm2_4hi_1stack,1.5540111698310204,0.6434960181841792,1.0
605,hbm2_8hi_1stack,1.0,1.0,1.0
605,hbm2_12hi_1stack,0.7030900220027145,1.4222929762984733,1.0
605,hbm2_8hi_2stack,0.9654848273687506,2.0714981150461247,2.0
605,hbm2_8hi_no_pim,0.42072918969558065,1.1089845513252568,0.46658217166399235
606,hbm2_4hi_1stack,1.6662231807472767,0.600159697425116,1.0
606,hbm2_8hi_1stack,1.0,1.0,1.0
606,hbm2_12hi_1stack,0.6594384643452643,1.5164417213558639,1.0
606,hbm2_8hi_2stack,0.8952151542976391,2.2340998031575374,2.0
606,hbm2_8hi_no_pim,0.6430747161610245,1.0323517793808663,0.6638793275036792
607,hbm2_4hi_1stack,1.490617534469572,0.6708628986816826,1.0
607,hbm2_8hi_1stack,1.0,1.0,1.0
607,hbm2_12hi_1stack,0.7347907568039596,1.3609316539984697,1.0
607,hbm2_8hi_2stack,1.0546076630522985,1.8964398515856593,2.0
607,hbm2_8hi_no_pim,0.601902300741659,1.0175706555608415,0.6124781187492687
608,hbm2_4hi_1stack,1.6901971206960238,0.5916469669456067,1.0
608,hbm2_8hi_1stack,1.0,1.0,1.0
608,hbm2_12hi_1stack,0.646715678752272,1.5462745575139452,1.0
608,hbm2_8hi_2stack,0.8081985180662634,2.4746395288935954,2.0
608,hbm2_8hi_no_pim,1.0679051973506115,0.9081886714899827,0.9698594024590996
609,hbm2_4hi_1stack,1.743025924267431,0.573714932220693,1.0
609,hbm2_8hi_1stack,1.0,1.0,1.0
609,hbm2_12hi_1stack,0.6284934233595367,1.591106545959732,1.0
609,hbm2_8hi_2stack,0.8147868175324157,2.454629796364411,2.0
609,hbm2_8hi_no_pim,0.5327390370889035,1.0539985717840252,0.5615061842253011
610,hbm2_4hi_1stack,1.407840771856178,0.7103076001141397,1.0
610,hbm2_8hi_1stack,1.0,1.0,1.0
610,hbm2_12hi_1stack,0.7776845524034346,1.2858684114394447,1.0
610,hbm2_8hi_2stack,1.2397592683403311,1.61321641311656,2.0
610,hbm2_8hi_no_pim,0.8287873261083107,0.9728961284257834,0.8063239808591327
611,hbm2_4hi_1stack,1.5108010117504769,0.6619005363528043,1.0
611,hbm2_8hi_1stack,1.0,1.0,1.0
611,hbm2_12hi_1stack,0.7237161147223002,1.3817572659463493,1.0
611,hbm2_8hi_2stack,1.0510232537744018,1.9029074692854442,2.0
611,hbm2_8hi_no_pim,0.7890359605636112,1.0433018721476979,0.8232026948478727
612,hbm2_4hi_1stack,1.5838210619374686,0.6313844562571433,1.0
612,hbm2_8hi_1stack,1.0,1.0,1.0
612,hbm2_12hi_1stack,0.6932781633401813,1.4424224689005742,1.0
612,hbm2_8hi_2stack,0.9616987964258508,2.0796532213963363,2.0
612,hbm2_8hi_no_pim,0.751860279629209,1.0158652126211183,0.7637887028268998
613,hbm2_4hi_1stack,1.7665355617931908,0.566079744799992,1.0
613,hbm2_8hi_1stack,1.0,1.0,1.0
613,hbm2_12hi_1stack,0.6180979257321725,1.6178666168721445,1.0
613,hbm2_8hi_2stack,0.7594239920415031,2.6335749475382633,2.0
613,hbm2_8hi_no_pim,0.37479094227504955,1.1661290049967115,0.4370545885969835
614,hbm2_4hi_1stack,1.3826386306193952,0.7232547810066753,1.0
614,hbm2_8hi_1stack,1.0,1.0,1.0
614,hbm2_12hi_1stack,0.792090537512775,1.2624819419508237,1.0
614,hbm2_8hi_2stack,1.316599298345108,1.5190650659725313,2.0
614,hbm2_8hi_no_pim,0.7335139481494174,1.0226412831866916,0.7501216451708566
615,hbm2_4hi_1stack,1.5335720701731126,0.6520723867167965,1.0
615,hbm2_8hi_1stack,1.0,1.0,1.0
615,hbm2_12hi_1stack,0.7115236606728625,1.4054346401556566,1.0
615,hbm2_8hi_2stack,0.9567378065223241,2.090436884970462,2.0
615,hbm2_8hi_no_pim,0.3754131138731835,1.1595746404783904,0.4353195265503698
616,hbm2_4hi_1stack,1.8465246772527812,0.5415578856426538,1.0
616,hbm2_8hi_1stack,1.0,1.0,1.0
616,hbm2_12hi_1stack,0.5945541429666362,1.6819326075339711,1.0
616,hbm2_8hi_2stack,0.709012386342965,2.8208251908205106,2.0
616,hbm2_8hi_no_pim,0.3363480306592883,1.1988231988904658,0.4032218220554765
617,hbm2_4hi_1stack,1.6413107693088396,0.6092691394580337,1.0
617,hbm2_8hi_1stack,1.0,1.0,1.0
617,hbm2_12hi_1stack,0.6687902945264512,1.4952370095443261,1.0
617,hbm2_8hi_2stack,0.8731626914462562,2.290523884715362,2.0
617,hbm2_8hi_no_pim,0.44010699575928397,1.1388715948586723,0.5012253561688347
618,hbm2_4hi_1stack,1.4181186558221976,0.7051596112175955,1.0
618,hbm2_8hi_1stack,1.0,1.0,1.0
618,hbm2_12hi_1stack,0.7703421621298036,1.2981244558070792,1.0
618,hbm2_8hi_2stack,1.1958354763738523,1.672470870378111,2.0
618,hbm2_8hi_no_pim,0.46105203638013686,1.1045231536708493,0.5092426492289559
619,hbm2_4hi_1stack,1.7205800485841776,0.5811993465941181,1.0
619,hbm2_8hi_1stack,1.0,1.0,1.0
619,hbm2_12hi_1stack,0.6361843062880556,1.5718715317495016,1.0
619,hbm2_8hi_2stack,0.8315212661083212,2.40523012641683,2.0
619,hbm2_8hi_no_pim,1.0354123869611913,0.9279854258240599,0.9608476048176873
620,hbm2_4hi_1stack,1.4750523541664557,0.6779420385828235,1.0
620,hbm2_8hi_1stack,1.0,1.0,1.0
620,hbm2_12hi_1stack,0.7431375987131629,1.345645815433948,1.0
620,hbm2_8hi_2stack,1.055820032114587,1.8942622219379734,2.0
620,hbm2_8hi_no_pim,0.3444687485366627,1.1669441688291282,0.40197579744872586
621,hbm2_4hi_1stack,1.8591095156788409,0.5378919270578081,1.0
621,hbm2_8hi_1stack,1.0,1.0,1.0
621,hbm2_12hi_1stack,0.5891237587780541,1.697436209454827,1.0
621,hbm2_8hi_2stack,0.6603923100028453,3.0285028606577553,2.0
621,hbm2_8hi_no_pim,0.37603556955678136,1.1620859740457261,0.43698566112423165
622,hbm2_4hi_1stack,1.4194008059523107,0.7045226378669524,1.0
622,hbm2_8hi_1stack,1.0,1.0,1.0
622,hbm2_12hi_1stack,0.7682450125184442,1.301668066443831,1.0
622,hbm2_8hi_2stack,1.1229039231164253,1.7810962797683942,2.0
622,hbm2_8hi_no_pim,0.7030027008466051,1.0281986313713178,0.7228264148608193
623,hbm2_4hi_1stack,1.5566730002904512,0.6423956732167998,1.0
623,hbm2_8hi_1stack,1.0,1.0,1.0
623,hbm2_12hi_1stack,0.7014520797445756,1.4256141351297107,1.0
623,hbm2_8hi_2stack,1.0309639304530294,1.9399320780516092,2.0
623,hbm2_8hi_no_pim,0.5732616939633401,1.0518719077324472,0.6029978716591529
624,hbm2_4hi_1stack,1.4204965552778566,0.7039791798751632,1.0
624,hbm2_8hi_1stack,1.0,1.0,1.0
624,hbm2_12hi_1stack,0.7711078153901031,1.2968355138432885,1.0
624,hbm2_8hi_2stack,1.20402603629192,1.6610936472432674,2.0
624,hbm2_8hi_no_pim,0.6278261927661517,1.0768017759199975,0.6760443593396829
625,hbm2_4hi_1stack,1.521852169445898,0.6570940463712038,1.0
625,hbm2_8hi_1stack,1.0,1.0,1.0
625,hbm2_12hi_1stack,0.7190156307988445,1.3907903488676245,1.0
625,hbm2_8hi_2stack,1.01338327151055,1.973586949998492,2.0
625,hbm2_8hi_no_pim,0.42405315459699994,1.1513335874093702,0.4882266397344242
626,hbm2_4hi_1stack,1.5930430887665399,0.6277294111198707,1.0
626,hbm2_8hi_1stack,1.0,1.0,1.0
626,hbm2_12hi_1stack,0.6899458209151429,1.4493891689547476,1.0
626,hbm2_8hi_2stack,1.006132467442858,1.9878098209901844,2.0
626,hbm2_8hi_no_pim,0.41832125209605814,1.1030039789007735,0.46141000552070566
627,hbm2_4hi_1stack,1.4582255647513611,0.6857649626863508,1.0
627,hbm2_8hi_1stack,1.0,1.0,1.0
627,hbm2_12hi_1stack,0.7534478343069093,1.3272318991000778,1.0
627,hbm2_8hi_2stack,1.1566592014034456,1.7291177881724171,2.0
627,hbm2_8hi_no_pim,0.4276652169360745,1.1206500520098266,0.47926304760220567
628,hbm2_4hi_1stack,1.5040980515807114,0.6648502728589161,1.0
628,hbm2_8hi_1stack,1.0,1.0,1.0
628,hbm2_12hi_1stack,0.7309901118198816,1.3680075610193798,1.0
628,hbm2_8hi_2stack,1.1006909129004576,1.817040530233643,2.0
628,hbm2_8hi_no_pim,0.3491599438335781,1.1957366427449723,0.4175033390205858
629,hbm2_4hi_1stack,1.5432654643090713,0.6479766593155155,1.0
629,hbm2_8hi_1stack,1.0,1.0,1.0
629,hbm2_12hi_1stack,0.7084509317619241,1.4115303617612454,1.0
629,hbm2_8hi_2stack,0.9362509163290781,2.1361794847066724,2.0
629,hbm2_8hi_no_pim,0.49749350756385685,1.0969707084737788,0.5457358054534293
630,hbm2_4hi_1stack,1.6284793462331264,0.6140698083234051,1.0
630,hbm2_8hi_1stack,1.0,1.0,1.0
630,hbm2_12hi_1stack,0.6723403744216787,1.487341885217233,1.0
630,hbm2_8hi_2stack,0.8585885754189088,2.3294043937449227,2.0
630,hbm2_8hi_no_pim,0.4676763351900294,1.1395610491346697,0.5329457351846073
631,hbm2_4hi_1stack,1.5827122119611954,0.6318268049254919,1.0
631,hbm2_8hi_1stack,1.0,1.0,1.0
631,hbm2_12hi_1stack,0.6886828369164133,1.4520472217334666,1.0
631,hbm2_8hi_2stack,0.8832495720219475,2.26436565989109,2.0
631,hbm2_8hi_no_pim,0.39415747109154087,1.1395188332775492,0.449149861585862
632,hbm2_4hi_1stack,1.4701316851219655,0.6802111743595525,1.0
632,hbm2_8hi_1stack,1.0,1.0,1.0
632,hbm2_12hi_1stack,0.7414780445731698,1.348657599936958,1.0
632,hbm2_8hi_2stack,1.1357395831022705,1.7609670647711368,2.0
632,hbm2_8hi_no_pim,0.44467037331692916,1.1489448651501277,0.5109017421068761
633,hbm2_4hi_1stack,1.3819644837998293,0.7236075975342107,1.0
633,hbm2_8hi_1stack,1.0,1.0,1.0
633,hbm2_12hi_1stack,0.7916712654306497,1.2631505571394266,1.0
633,hbm2_8hi_2stack,1.2914511140493408,1.5486455338824299,2.0
633,hbm2_8hi_no_pim,0.7876842537322963,1.0152116322240112,0.7996662169087168
634,hbm2_4hi_1stack,1.423264124018728,0.7026102767042286,1.0
634,hbm2_8hi_1stack,1.0,1.0,1.0
634,hbm2_12hi_1stack,0.7690848266347688,1.3002466897905536,1.0
634,hbm2_8hi_2stack,1.104987463788405,1.809975285278876,2.0
634,hbm2_8hi_no_pim,0.5000037890118955,1.0608594977992132,0.5304337685088631
635,hbm2_4hi_1stack,1.4325914920246396,0.6980356965450977,1.0
635,hbm2_8hi_1stack,1.0,1.0,1.0
635,hbm2_12hi_1stack,0.7677056563182237,1.3025825611287243,1.0
635,hbm2_8hi_2stack,1.185438916945259,1.687138806910247,2.0
635,hbm2_8hi_no_pim,0.39047598145077844,1.1992850854072445,0.46829202076367443
636,hbm2_4hi_1stack,1.7449489861515581,0.5730826562474329,1.0
636,hbm2_8hi_1stack,1.0,1.0,1.0
636,hbm2_12hi_1stack,0.6292954068558682,1.5890788159352272,1.0
636,hbm2_8hi_2stack,0.8286568989985745,2.413544136803766,2.0
636,hbm2_8hi_no_pim,1.0249489047564644,0.9409256786338818,0.9644007437730301
637,hbm2_4hi_1stack,1.424484232057128,0.7020084726075758,1.0
637,hbm2_8hi_1stack,1.0,1.0,1.0
637,hbm2_12hi_1stack,0.7697404416118308,1.299139224003883,1.0
637,hbm2_8hi_2stack,1.1628649375168616,1.7198901914359248,2.0
637,hbm2_8hi_no_pim,0.45141944778429094,1.1543105204603799,0.5210782177178221
638,hbm2_4hi_1stack,1.5642702685823349,0.6392757185791679,1.0
638,hbm2_8hi_1stack,1.0,1.0,1.0
638,hbm2_12hi_1stack,0.6997606442053046,1.429060076871953,1.0
638,hbm2_8hi_2stack,1.0186453998408351,1.963391775305227,2.0
638,hbm2_8hi_no_pim,0.6169699614968129,1.0654181653864234,0.6573310044764668
639,hbm2_4hi_1stack,1.5084974534981137,0.6629112947330875,1.0
639,hbm2_8hi_1stack,1.0,1.0,1.0
639,hbm2_12hi_1stack,0.7234185048680277,1.3823257122548014,1.0
639,hbm2_8hi_2stack,0.9977567395086344,2.0044966080459057,2.0
639,hbm2_8hi_no_pim,0.48971858523541645,1.1294313951549595,0.5531035449557493
640,hbm2_4hi_1stack,1.5509517986878039,0.6447653633375703,1.0
640,hbm2_8hi_1stack,1.0,1.0,1.0
640,hbm2_12hi_1stack,0.7048963940153918,1.4186481992106268,1.0
640,hbm2_8hi_2stack,1.0035888339626386,1.9928479994173147,2.0
640,hbm2_8hi_no_pim,0.7084865625376627,0.9923349625060423,0.7030559864718463
641,hbm2_4hi_1stack,1.4830195432525932,0.6742999473943388,1.0
641,hbm2_8hi_1stack,1.0,1.0,1.0
641,hbm2_12hi_1stack,0.739436452021687,1.3523812590871176,1.0
641,hbm2_8hi_2stack,1.1586741568998142,1.7261108207947473,2.0
641,hbm2_8hi_no_pim,0.5962558759348944,1.063158939265582,0.6339147645898128
642,hbm2_4hi_1stack,1.617376751263658,0.6182851331445806,1.0
642,hbm2_8hi_1stack,1.0,1.0,1.0
642,hbm2_12hi_1stack,0.6791134230312893,1.472508076097807,1.0
642,hbm2_8hi_2stack,0.9084542759221873,2.2015417319377644,2.0
642,hbm2_8hi_no_pim,0.35885696106985826,1.1781373902935441,0.4227828036035148
643,hbm2_4hi_1stack,1.478957244713099,0.6761520683405481,1.0
643,hbm2_8hi_1stack,1.0,1.0,1.0
643,hbm2_12hi_1stack,0.742297531863587,1.3471686986341365,1.0
643,hbm2_8hi_2stack,1.142796919082282,1.7500922225149953,2.0
643,hbm2_8hi_no_pim,0.6712326404526162,1.0260722915286267,0.6887332135380266
644,hbm2_4hi_1stack,1.4568200395290745,0.6864265817782517,1.0
644,hbm2_8hi_1stack,1.0,1.0,1.0
644,hbm2_12hi_1stack,0.7532029627283113,1.3276633915216172,1.0
644,hbm2_8hi_2stack,1.1888402049831035,1.6823118797773375,2.0
644,hbm2_8hi_no_pim,0.5673069744963335,1.1060303385043873,0.6274587250380795
645,hbm2_4hi_1stack,1.3939532026867498,0.7173841977424839,1.0
645,hbm2_8hi_1stack,1.0,1.0,1.0
645,hbm2_12hi_1stack,0.782761061338452,1.2775290562998736,1.0
645,hbm2_8hi_2stack,1.1661271035029728,1.7150789086302216,2.0
645,hbm2_8hi_no_pim,0.8887379386568155,0.966958515221878,0.8593727175849468
646,hbm2_4hi_1stack,1.449701623146234,0.6897971168920518,1.0
646,hbm2_8hi_1stack,1.0,1.0,1.0
646,hbm2_12hi_1stack,0.7526901023309713,1.3285680214249478,1.0
646,hbm2_8hi_2stack,1.1303484379889361,1.7693659165472089,2.0
646,hbm2_8hi_no_pim,0.7328716018830927,1.0296070345210264,0.7545697566995254
647,hbm2_4hi_1stack,1.4761801882523509,0.6774240759753724,1.0
647,hbm2_8hi_1stack,1.0,1.0,1.0
647,hbm2_12hi_1stack,0.7401523257796475,1.3510732388047813,1.0
647,hbm2_8hi_2stack,1.0954508737953144,1.8257322604260402,2.0
647,hbm2_8hi_no_pim,0.6894829139424852,1.0025395767045495,0.6912339086889184
648,hbm2_4hi_1stack,1.7254425088004375,0.5795614718540928,1.0
648,hbm2_8hi_1stack,1.0,1.0,1.0
648,hbm2_12hi_1stack,0.6322498751946594,1.5816531394207336,1.0
648,hbm2_8hi_2stack,0.7450717526573808,2.6843052268010146,2.0
648,hbm2_8hi_no_pim,0.8466964990179189,0.9568750331673705,0.8101827405804677
649,hbm2_4hi_1stack,1.6965536444791682,0.5894302271278866,1.0
649,hbm2_8hi_1stack,1.0,1.0,1.0
649,hbm2_12hi_1stack,0.6452219565959114,1.5498542629823715,1.0
649,hbm2_8hi_2stack,0.8784688035562832,2.276688701867898,2.0
649,hbm2_8hi_no_pim,0.6321106373601256,1.0301470156850057,0.6511668866592802
650,hbm2_4hi_1stack,1.6862267729446874,0.5930400442247056,1.0
650,hbm2_8hi_1stack,1.0,1.0,1.0
650,hbm2_12hi_1stack,0.6478395274557148,1.5435921360453855,1.0
650,hbm2_8hi_2stack,0.8279447891069506,2.415620010311639,2.0
650,hbm2_8hi_no_pim,0.9910950720019807,0.960163467853628,0.9516132813060629
651,hbm2_4hi_1stack,1.4320778311385736,0.698286069553182,1.0
651,hbm2_8hi_1stack,1.0,1.0,1.0
651,hbm2_12hi_1stack,0.7678870046500302,1.3022749362137687,1.0
651,hbm2_8hi_2stack,1.2255485089818638,1.6319223477016989,2.0
651,hbm2_8hi_no_pim,0.9389021601269648,0.9658353863119351,0.9068249305353374
652,hbm2_4hi_1stack,1.6556910737988364,0.6039774060662105,1.0
652,hbm2_8hi_1stack,1.0,1.0,1.0
652,hbm2_12hi_1stack,0.66095499733187,1.5129623106516783,1.0
652,hbm2_8hi_2stack,0.8790348743566593,2.2752225859795874,2.0
652,hbm2_8hi_no_pim,0.96101299109053,0.9247844416653287,0.8887298623987833
653,hbm2_4hi_1stack,1.5234994709213598,0.6563835558113024,1.0
653,hbm2_8hi_1stack,1.0,1.0,1.0
653,hbm2_12hi_1stack,0.7172811517882955,1.394153460615606,1.0
653,hbm2_8hi_2stack,1.0163260032316181,1.9678725070898386,2.0
653,hbm2_8hi_no_pim,0.37364906925590624,1.1821815677972838,0.4417210424989431
654,hbm2_4hi_1stack,1.4021403804569448,0.713195350435674,1.0
654,hbm2_8hi_1stack,1.0,1.0,1.0
654,hbm2_12hi_1stack,0.7792410208705278,1.2832999973266956,1.0
654,hbm2_8hi_2stack,1.252211544093668,1.5971742230244093,2.0
654,hbm2_8hi_no_pim,0.6737269566410493,1.0136466518141223,0.682921073836118
655,hbm2_4hi_1stack,1.3827562406805196,0.7231932647129857,1.0
655,hbm2_8hi_1stack,1.0,1.0,1.0
655,hbm2_12hi_1stack,0.7904299782404081,1.2651342023060916,1.0
655,hbm2_8hi_2stack,1.1819239573734626,1.6921562402749764,2.0
655,hbm2_8hi_no_pim,0.38792042066469734,1.181144708655673,0.4581901522475901
656,hbm2_4hi_1stack,1.3926497951443295,0.718055611314949,1.0
656,hbm2_8hi_1stack,1.0,1.0,1.0
656,hbm2_12hi_1stack,0.7892648132781693,1.267001877160282,1.0
656,hbm2_8hi_2stack,1.2332875014164482,1.6216818849643508,2.0
656,hbm2_8hi_no_pim,0.5436544766992941,1.1043302022835197,0.6003740582256726
657,hbm2_4hi_1stack,1.7798630966660742,0.5618409651130675,1.0
657,hbm2_8hi_1stack,1.0,1.0,1.0
657,hbm2_12hi_1stack,0.6158613579006519,1.6237420763153574,1.0
657,hbm2_8hi_2stack,0.7796322550394139,2.5653120263718323,2.0
657,hbm2_8hi_no_pim,0.6499474590146761,1.012921740121555,0.6583459111727287
658,hbm2_4hi_1stack,1.4110254209636977,0.7087044536143248,1.0
658,hbm2_8hi_1stack,1.0,1.0,1.0
658,hbm2_12hi_1stack,0.7721229298312234,1.2951305567606801,1.0
658,hbm2_8hi_2stack,1.2232817032712893,1.6349463861444322,2.0
658,hbm2_8hi_no_pim,0.51175083232813,1.0920736182003472,0.5588695830776201
659,hbm2_4hi_1stack,1.8733117807283421,0.5338139706841543,1.0
659,hbm2_8hi_1stack,1.0,1.0,1.0
659,hbm2_12hi_1stack,0.585726914538408,1.707280261806079,1.0
659,hbm2_8hi_2stack,0.6821102558095767,2.93207730416875,2.0
659,hbm2_8hi_no_pim,0.32530806050865624,1.2398365536944007,0.4033288246300619
660,hbm2_4hi_1stack,1.8366504803820678,0.5444694081325565,1.0
660,hbm2_8hi_1stack,1.0,1.0,1.0
660,hbm2_12hi_1stack,0.5971402594179117,1.6746484334765726,1.0
660,hbm2_8hi_2stack,0.6879436284116596,2.907214948145747,2.0
660,hbm2_8hi_no_pim,0.38995203424426295,1.1550884715086527,0.4504290991968955
661,hbm2_4hi_1stack,1.6496800413073531,0.6061781527086374,1.0
661,hbm2_8hi_1stack,1.0,1.0,1.0
661,hbm2_12hi_1stack,0.6623463858826542,1.5097840364409671,1.0
661,hbm2_8hi_2stack,0.9151289436418376,2.1854843668705537,2.0
661,hbm2_8hi_no_pim,0.4228394278174923,1.1020090773364033,0.46597288771060735
662,hbm2_4hi_1stack,1.8084214672255172,0.5529684413303285,1.0
662,hbm2_8hi_1stack,1.0,1.0,1.0
662,hbm2_12hi_1stack,0.6071731481473863,1.6469766541079944,1.0
662,hbm2_8hi_2stack,0.771274012080057,2.5931121348250525,2.0
662,hbm2_8hi_no_pim,0.5108705894622076,1.0862209583596865,0.5549183412834171
663,hbm2_4hi_1stack,1.707449561924952,0.5856688374868395,1.0
663,hbm2_8hi_1stack,1.0,1.0,1.0
663,hbm2_12hi_1stack,0.640322734530944,1.561712471028427,1.0
663,hbm2_8hi_2stack,0.83311767348037,2.4006212611538413,2.0
663,hbm2_8hi_no_pim,0.7035262325371621,1.0035845411897373,0.7060480512957522
664,hbm2_4hi_1stack,1.666710077940178,0.5999843723485857,1.0
664,hbm2_8hi_1stack,1.0,1.0,1.0
664,hbm2_12hi_1stack,0.6536466124616251,1.5298786545133498,1.0
664,hbm2_8hi_2stack,0.8023375946467461,2.492716299652594,2.0
664,hbm2_8hi_no_pim,0.6099462058903066,1.0924391342419377,0.6663291050969612
665,hbm2_4hi_1stack,1.8126619275508522,0.5516748516647741,1.0
665,hbm2_8hi_1stack,1.0,1.0,1.0
665,hbm2_12hi_1stack,0.6041739763096554,1.655152388568741,1.0
665,hbm2_8hi_2stack,0.7071861611861188,2.8281096403887855,2.0
665,hbm2_8hi_no_pim,0.39198043203549376,1.1769622038502707,0.46134615315467603
666,hbm2_4hi_1stack,1.6530883871976876,0.6049283315668306,1.0
666,hbm2_8hi_1stack,1.0,1.0,1.0
666,hbm2_12hi_1stack,0.6640989890150929,1.5057996120172878,1.0
666,hbm2_8hi_2stack,0.9108254357969221,2.1958104389674955,2.0
666,hbm2_8hi_no_pim,0.5078275000291469,1.0787201773043442,0.5478037708714631
667,hbm2_4hi_1stack,1.5804437603379062,0.6327336822072019,1.0
667,hbm2_8hi_1stack,1.0,1.0,1.0
667,hbm2_12hi_1stack,0.6917793665128908,1.4455475956745896,1.0
667,hbm2_8hi_2stack,0.9655180478015668,2.0714268413251244,2.0
667,hbm2_8hi_no_pim,0.6582824678885715,1.036981628665139,0.6826268256727979
668,hbm2_4hi_1stack,1.3932244491339976,0.7177594397095037,1.0
668,hbm2_8hi_1stack,1.0,1.0,1.0
668,hbm2_12hi_1stack,0.7861518353523601,1.272018909110339,1.0
668,hbm2_8hi_2stack,1.1751014798136408,1.7019806666545767,2.0
668,hbm2_8hi_no_pim,0.36277990548259853,1.1397073819173253,0.41346293628978714
669,hbm2_4hi_1stack,1.5184418811553975,0.6585698224018229,1.0
669,hbm2_8hi_1stack,1.0,1.0,1.0
669,hbm2_12hi_1stack,0.7199775322625035,1.3889322307843912,1.0
669,hbm2_8hi_2stack,0.963182825468573,2.0764489846743603,2.0
669,hbm2_8hi_no_pim,0.514534089123856,1.1354056714371252,0.5842049229389614
670,hbm2_4hi_1stack,1.5470046818244727,0.6464104548285153,1.0
670,hbm2_8hi_1stack,1.0,1.0,1.0
670,hbm2_12hi_1stack,0.7081020540526282,1.412225814452555,1.0
670,hbm2_8hi_2stack,0.9862949792795398,2.027790916527774,2.0
670,hbm2_8hi_no_pim,0.7349027275295379,1.0018809113139484,0.7362850143843997
671,hbm2_4hi_1stack,1.4390526672651518,0.6949015993281541,1.0
671,hbm2_8hi_1stack,1.0,1.0,1.0
671,hbm2_12hi_1stack,0.7605404984430925,1.31485437270876,1.0
671,hbm2_8hi_2stack,1.146392220380193,1.7446036046342968,2.0
671,hbm2_8hi_no_pim,0.7290173984098751,1.0295357779840602,0.7505494944358263
672,hbm2_4hi_1stack,1.4699400562206384,0.6802998501660668,1.0
672,hbm2_8hi_1stack,1.0,1.0,1.0
672,hbm2_12hi_1stack,0.7437477263208979,1.3445419254546256,1.0
672,hbm2_8hi_2stack,1.1019876057078963,1.8149024450372444,2.0
672,hbm2_8hi_no_pim,0.5515729264987631,1.082812380396282,0.5972499935042691
673,hbm2_4hi_1stack,1.5580611201195893,0.6418233451093657,1.0
673,hbm2_8hi_1stack,1.0,1.0,1.0
673,hbm2_12hi_1stack,0.7037804779540751,1.420897611293581,1.0
673,hbm2_8hi_2stack,0.9703609557405466,2.0610886991775836,2.0
673,hbm2_8hi_no_pim,0.7137262564763522,0.9947113293766273,0.709951593390596
674,hbm2_4hi_1stack,1.661832103663344,0.601745505936249,1.0
674,hbm2_8hi_1stack,1.0,1.0,1.0
674,hbm2_12hi_1stack,0.656282528714403,1.5237339960259308,1.0
674,hbm2_8hi_2stack,0.8099810069217761,2.4691937007272937,2.0
674,hbm2_8hi_no_pim,0.3744158674320302,1.1886496435397114,0.44504928735869453
675,hbm2_4hi_1stack,1.5876394155773579,0.6298659444886243,1.0
675,hbm2_8hi_1stack,1.0,1.0,1.0
675,hbm2_12hi_1stack,0.6900896708782881,1.449087042162628,1.0
675,hbm2_8hi_2stack,0.9621161888503462,2.078751010717161,2.0
675,hbm2_8hi_no_pim,0.606509169570444,1.0240893922333003,0.6211196068493197
676,hbm2_4hi_1stack,1.4623669814914033,0.6838228793843145,1.0
676,hbm2_8hi_1stack,1.0,1.0,1.0
676,hbm2_12hi_1stack,0.7493847571824079,1.33442799632044,1.0
676,hbm2_8hi_2stack,1.066637365088232,1.8750515080957817,2.0
676,hbm2_8hi_no_pim,0.5788055432510731,1.1000139566538105,0.6366941757647712
677,hbm2_4hi_1stack,1.8010741038619464,0.555224239722149,1.0
677,hbm2_8hi_1stack,1.0,1.0,1.0
677,hbm2_12hi_1stack,0.6081745323803804,1.6442648397097854,1.0
677,hbm2_8hi_2stack,0.7258938837524911,2.7552236556410254,2.0
677,hbm2_8hi_no_pim,0.4199991682563918,1.1530643408174284,0.4842860640894246
678,hbm2_4hi_1stack,1.709119577637413,0.5850965684813824,1.0
678,hbm2_8hi_1stack,1.0,1.0,1.0
678,hbm2_12hi_1stack,0.6408067218069559,1.5605329438183573,1.0
678,hbm2_8hi_2stack,0.7965795737947223,2.510734728575149,2.0
678,hbm2_8hi_no_pim,0.4403978989206343,1.139638382788861,0.5018943493095239
679,hbm2_4hi_1stack,1.4749124145238575,0.6780063617017067,1.0
679,hbm2_8hi_1stack,1.0,1.0,1.0
679,hbm2_12hi_1stack,0.7419827442489794,1.3477402375606198,1.0
679,hbm2_8hi_2stack,1.0922711215133563,1.8310472195117393,2.0
679,hbm2_8hi_no_pim,0.6483002077093166,1.0515108219707217,0.6816946842922131
680,hbm2_4hi_1stack,1.5354463162762948,0.6512764330472728,1.0
680,hbm2_8hi_1stack,1.0,1.0,1.0
680,hbm2_12hi_1stack,0.7131632878241306,1.4022034183097274,1.0
680,hbm2_8hi_2stack,1.0477826681846902,1.9087927875969262,2.0
680,hbm2_8hi_no_pim,0.3381237705769332,1.227800622048423,0.4151485758437169
681,hbm2_4hi_1stack,1.710461732602985,0.5846374583769246,1.0
681,hbm2_8hi_1stack,1.0,1.0,1.0
681,hbm2_12hi_1stack,0.6375408085415406,1.5685270442336594,1.0
681,hbm2_8hi_2stack,0.7770757256029203,2.573751738864617,2.0
681,hbm2_8hi_no_pim,0.4069104195209269,1.1795081783903179,0.4799541676971685
682,hbm2_4hi_1stack,1.6271386130813397,0.6145757908764043,1.0
682,hbm2_8hi_1stack,1.0,1.0,1.0
682,hbm2_12hi_1stack,0.6714068411796069,1.4894099056886012,1.0
682,hbm2_8hi_2stack,0.89494490262401,2.2347744471597406,2.0
682,hbm2_8hi_no_pim,0.5238207311440469,1.0532734563110986,0.551726471979497
683,hbm2_4hi_1stack,1.3907265462144462,0.7190486172296036,1.0
683,hbm2_8hi_1stack,1.0,1.0,1.0
683,hbm2_12hi_1stack,0.7876141913650697,1.2696571633210791,1.0
683,hbm2_8hi_2stack,1.2817148325037113,1.5604094992746438,2.0
683,hbm2_8hi_no_pim,0.49378326992087707,1.0918695033634351,0.5391468936976811
684,hbm2_4hi_1stack,1.6729697795858682,0.5977394285314245,1.0
684,hbm2_8hi_1stack,1.0,1.0,1.0
684,hbm2_12hi_1stack,0.6524552687467069,1.5326721200686868,1.0
684,hbm2_8hi_2stack,0.8195564561515905,2.440344389929456,2.0
684,hbm2_8hi_no_pim,0.5631152283617549,1.0398106238374554,0.5855331968952074
685,hbm2_4hi_1stack,1.6614232974019085,0.6018935701478212,1.0
685,hbm2_8hi_1stack,1.0,1.0,1.0
685,hbm2_12hi_1stack,0.6558476928094881,1.5247442523068873,1.0
685,hbm2_8hi_2stack,0.8776146228630529,2.278904598780927,2.0
685,hbm2_8hi_no_pim,0.35425921964352597,1.1552597471031882,0.4092614164943526
686,hbm2_4hi_1stack,1.701278854345581,0.587793116599138,1.0
686,hbm2_8hi_1stack,1.0,1.0,1.0
686,hbm2_12hi_1stack,0.6399646908150339,1.5625862088210511,1.0
686,hbm2_8hi_2stack,0.7609919330405129,2.6281487531793926,2.0
686,hbm2_8hi_no_pim,0.4833865939659406,1.0762903994744428,0.5202643503201925
687,hbm2_4hi_1stack,1.5027664883846634,0.6654393797900754,1.0
687,hbm2_8hi_1stack,1.0,1.0,1.0
687,hbm2_12hi_1stack,0.7278673819986607,1.3738766494166652,1.0
687,hbm2_8hi_2stack,1.0541964620845263,1.8971795788853998,2.0
687,hbm2_8hi_no_pim,0.8416969522370333,0.9760568014038788,0.8215440349518721
688,hbm2_4hi_1stack,1.4176189361193752,0.7054081844712264,1.0
688,hbm2_8hi_1stack,1.0,1.0,1.0
688,hbm2_12hi_1stack,0.774086552754931,1.2918452031508048,1.0
688,hbm2_8hi_2stack,1.1528581793484936,1.7348187624693314,2.0
688,hbm2_8hi_no_pim,0.41296338093821283,1.1152063546166602,0.4605393866462755
689,hbm2_4hi_1stack,1.5738075275139567,0.6354017136896252,1.0
689,hbm2_8hi_1stack,1.0,1.0,1.0
689,hbm2_12hi_1stack,0.6946711650254945,1.4395300256392531,1.0
689,hbm2_8hi_2stack,0.9357383301480676,2.1373496580860674,2.0
689,hbm2_8hi_no_pim,0.6552392086105074,1.078395029190295,0.706606705496154
690,hbm2_4hi_1stack,1.4777515928742215,0.6767037199093818,1.0
690,hbm2_8hi_1stack,1.0,1.0,1.0
690,hbm2_12hi_1stack,0.740485551899847,1.3504652419406735,1.0
690,hbm2_8hi_2stack,1.114328874892707,1.794802275219306,2.0
690,hbm2_8hi_no_pim,0.7314352036405357,1.0138674706900963,0.7415783598887254
691,hbm2_4hi_1stack,1.5784911127330667,0.6335163954572778,1.0
691,hbm2_8hi_1stack,1.0,1.0,1.0
691,hbm2_12hi_1stack,0.6950657928493713,1.4387127237273083,1.0
691,hbm2_8hi_2stack,1.0088054324447244,1.9825428528405413,2.0
691,hbm2_8hi_no_pim,0.6851264574784404,1.0270965199265543,0.7036910001857145
692,hbm2_4hi_1stack,1.5249275379582925,0.655768864492334,1.0
692,hbm2_8hi_1stack,1.0,1.0,1.0
692,hbm2_12hi_1stack,0.717508072454822,1.3937125426041324,1.0
692,hbm2_8hi_2stack,1.0180428054405493,1.9645539355631685,2.0
692,hbm2_8hi_no_pim,0.8477345011142038,0.9583583873735664,0.8124334694087432
693,hbm2_4hi_1stack,1.515826503943526,0.6597061058098878,1.0
693,hbm2_8hi_1stack,1.0,1.0,1.0
693,hbm2_12hi_1stack,0.7236168478514713,1.3819468175307863,1.0
693,hbm2_8hi_2stack,1.0378370525587084,1.9270847914604243,2.0
693,hbm2_8hi_no_pim,0.7602918979417422,1.0452516758803314,0.794696380481844
694,hbm2_4hi_1stack,1.6470706618339603,0.607138493309408,1.0
694,hbm2_8hi_1stack,1.0,1.0,1.0
694,hbm2_12hi_1stack,0.6634111100729722,1.5073609483115298,1.0
694,hbm2_8hi_2stack,0.8793147736433594,2.2744983479729166,2.0
694,hbm2_8hi_no_pim,0.42884804932773973,1.139591286506809,0.4887115002493344
695,hbm2_4hi_1stack,1.6359119270479112,0.6112798516021289,1.0
695,hbm2_8hi_1stack,1.0,1.0,1.0
695,hbm2_12hi_1stack,0.6643642210113613,1.5051984564697065,1.0
695,hbm2_8hi_2stack,0.8978216472604235,2.22761392098611,2.0
695,hbm2_8hi_no_pim,0.47204043930744155,1.1257242666159981,0.5313873773524632
696,hbm2_4hi_1stack,1.511676238920968,0.6615173105544071,1.0
696,hbm2_8hi_1stack,1.0,1.0,1.0
696,hbm2_12hi_1stack,0.7219518641298434,1.3851338983732433,1.0
696,hbm2_8hi_2stack,1.0478091130091385,1.9087446130873238,2.0
696,hbm2_8hi_no_pim,0.46579476770352934,1.152017667286118,0.5366038017238991
697,hbm2_4hi_1stack,1.5357811914537165,0.6511344230316007,1.0
697,hbm2_8hi_1stack,1.0,1.0,1.0
697,hbm2_12hi_1stack,0.7099619697949714,1.4085261500539081,1.0
697,hbm2_8hi_2stack,0.9643519383104069,2.0739316431551957,2.0
697,hbm2_8hi_no_pim,0.7468855075959653,1.0034872331328182,0.7494900714844757
698,hbm2_4hi_1stack,1.6747900398054352,0.5970897701995963,1.0
698,hbm2_8hi_1stack,1.0,1.0,1.0
698,hbm2_12hi_1stack,0.6552302102229468,1.5261811564819985,1.0
698,hbm2_8hi_2stack,0.8712954587096867,2.295432599823058,2.0
698,hbm2_8hi_no_pim,1.021353887148063,0.9664893413219369,0.9871276456463312
699,hbm2_4hi_1stack,1.4150899657318579,0.7066688508972776,1.0
699,hbm2_8hi_1stack,1.0,1.0,1.0
699,hbm2_12hi_1stack,0.7741275719924322,1.2917767512481468,1.0
699,hbm2_8hi_2stack,1.2024737521444686,1.6632379679250697,2.0
699,hbm2_8hi_no_pim,0.42049343215206764,1.147162489471891,0.4823742924341456
700,hbm2_4hi_1stack,1.666765212264502,0.599964525682282,1.0
700,hbm2_8hi_1stack,1.0,1.0,1.0
700,hbm2_12hi_1stack,0.6536116537650908,1.5299604807220923,1.0
700,hbm2_8hi_2stack,0.890301269239554,2.246430583782374,2.0
700,hbm2_8hi_no_pim,0.48846855125641797,1.144549923816999,0.559076643127533
701,hbm2_4hi_1stack,1.6641728251391155,0.6008991283200443,1.0
701,hbm2_8hi_1stack,1.0,1.0,1.0
701,hbm2_12hi_1stack,0.6545938107917522,1.52766491756234,1.0
701,hbm2_8hi_2stack,0.8561065964638966,2.33615767973392,2.0
701,hbm2_8hi_no_pim,0.7366880391466226,0.9843921820008104,0.7251899463094422
702,hbm2_4hi_1stack,1.4688040618813323,0.6808260039253569,1.0
702,hbm2_8hi_1stack,1.0,1.0,1.0
702,hbm2_12hi_1stack,0.7422401266767737,1.3472728892700703,1.0
702,hbm2_8hi_2stack,1.1138643749386379,1.7955507375933257,2.0
702,hbm2_8hi_no_pim,0.44840496905735416,1.1062775022452935,0.4960603291631479
703,hbm2_4hi_1stack,1.585635186258261,0.6306620896574406,1.0
703,hbm2_8hi_1stack,1.0,1.0,1.0
703,hbm2_12hi_1stack,0.6927521091210331,1.4435177992728225,1.0
703,hbm2_8hi_2stack,0.9739440799487653,2.053505987843995,2.0
703,hbm2_8hi_no_pim,0.4245660059645217,1.1031869497349824,0.46837567708116506
704,hbm2_4hi_1stack,1.7640648726344774,0.5668725768041551,1.0
704,hbm2_8hi_1stack,1.0,1.0,1.0
704,hbm2_12hi_1stack,0.6229283184134561,1.605321142803256,1.0
704,hbm2_8hi_2stack,0.7751928597434434,2.5800031242056547,2.0
704,hbm2_8hi_no_pim,0.41255563454980426,1.1036489744162399,0.45531660296053256
705,hbm2_4hi_1stack,1.6312548182567823,0.6130250092187535,1.0
705,hbm2_8hi_1stack,1.0,1.0,1.0
705,hbm2_12hi_1stack,0.6707504357878601,1.490867462240863,1.0
705,hbm2_8hi_2stack,0.9309582592397214,2.148324030803835,2.0
705,hbm2_8hi_no_pim,0.35062725534321015,1.180028343777944,0.4137500994060545
706,hbm2_4hi_1stack,1.6691273592923763,0.599115456608385,1.0
706,hbm2_8hi_1stack,1.0,1.0,1.0
706,hbm2_12hi_1stack,0.6559093936082219,1.5246008210050201,1.0
706,hbm2_8hi_2stack,0.8553794898744242,2.3381435066833482,2.0
706,hbm2_8hi_no_pim,0.787793265080654,1.0167188459431602,0.8009642593145966
707,hbm2_4hi_1stack,1.5375756693242153,0.6503744953505366,1.0
707,hbm2_8hi_1stack,1.0,1.0,1.0
707,hbm2_12hi_1stack,0.7083858263598141,1.4116600908557209,1.0
707,hbm2_8hi_2stack,0.9791367645415641,2.042615569579198,2.0
707,hbm2_8hi_no_pim,0.36296639013010856,1.1647454993809732,0.42276346933060244
708,hbm2_4hi_1stack,1.691580478641909,0.5911631238514016,1.0
708,hbm2_8hi_1stack,1.0,1.0,1.0
708,hbm2_12hi_1stack,0.6470228506833368,1.5455404688472367,1.0
708,hbm2_8hi_2stack,0.8052957670535501,2.483559558890622,2.0
708,hbm2_8hi_no_pim,0.5884893712576282,1.0223971473246671,0.601669854404686
709,hbm2_4hi_1stack,1.458327619793377,0.6857169722546193,1.0
709,hbm2_8hi_1stack,1.0,1.0,1.0
709,hbm2_12hi_1stack,0.7497982658964775,1.3336920682316797,1.0
709,hbm2_8hi_2stack,1.1405584276781928,1.7535270017436562,2.0
709,hbm2_8hi_no_pim,0.4936942211130457,1.062228443940723,0.5244160442754378
710,hbm2_4hi_1stack,1.6972507475910206,0.5891881334678108,1.0
710,hbm2_8hi_1stack,1.0,1.0,1.0
710,hbm2_12hi_1stack,0.6439845655200629,1.5528322471400064,1.0
710,hbm2_8hi_2stack,0.824894745693917,2.4245517509237646,2.0
710,hbm2_8hi_no_pim,0.960659501140621,0.9450921955846039,0.9079117971421998
711,hbm2_4hi_1stack,1.7731383093739137,0.5639717977516909,1.0
711,hbm2_8hi_1stack,1.0,1.0,1.0
711,hbm2_12hi_1stack,0.6192380221049237,1.6148879175745443,1.0
711,hbm2_8hi_2stack,0.7949520845811744,2.515874904653798,2.0
711,hbm2_8hi_no_pim,0.45644598080803456,1.10656963634909,0.5050892629957505
712,hbm2_4hi_1stack,1.4009363046332006,0.7138083271115059,1.0
712,hbm2_8hi_1stack,1.0,1.0,1.0
712,hbm2_12hi_1stack,0.7803088796963692,1.2815437912088303,1.0
712,hbm2_8hi_2stack,1.2087962233251939,1.6545385908787325,2.0
712,hbm2_8hi_no_pim,0.5654796459173161,1.068233555193856,0.6040643325480175
713,hbm2_4hi_1stack,1.461694399513018,0.6841375326697309,1.0
713,hbm2_8hi_1stack,1.0,1.0,1.0
713,hbm2_12hi_1stack,0.747532643072551,1.337734223738703,1.0
713,hbm2_8hi_2stack,1.0554230258728643,1.8949747645935089,2.0
713,hbm2_8hi_no_pim,0.3857592118777467,1.1500723331287137,0.4436509968301339
714,hbm2_4hi_1stack,1.622008396291937,0.6165196199268103,1.0
714,hbm2_8hi_1stack,1.0,1.0,1.0
714,hbm2_12hi_1stack,0.6749960624427888,1.48149012363277,1.0
714,hbm2_8hi_2stack,0.8584943903206692,2.329659951829097,2.0
714,hbm2_8hi_no_pim,0.8882293137816039,0.9869419961294176,0.8766308119642789
715,hbm2_4hi_1stack,1.6417452282347553,0.6091079071234606,1.0
715,hbm2_8hi_1stack,1.0,1.0,1.0
715,hbm2_12hi_1stack,0.6669074753906212,1.499458376012774,1.0
715,hbm2_8hi_2stack,0.9114824208948948,2.194227726341005,2.0
715,hbm2_8hi_no_pim,0.8171764332818471,0.9870983887248774,0.8066335405964535
716,hbm2_4hi_1stack,1.7231188609610941,0.5803430179170784,1.0
716,hbm2_8hi_1stack,1.0,1.0,1.0
716,hbm2_12hi_1stack,0.634613816174418,1.5757614702248441,1.0
716,hbm2_8hi_2stack,0.8182449784147413,2.4442557580674404,2.0
716,hbm2_8hi_no_pim,0.6240435076206533,1.0916609329443272,0.6812439177270128
717,hbm2_4hi_1stack,1.517752416124924,0.6588689890233661,1.0
717,hbm2_8hi_1stack,1.0,1.0,1.0
717,hbm2_12hi_1stack,0.7196695700482131,1.3895265850034575,1.0
717,hbm2_8hi_2stack,0.9671090370488391,2.0680191409471855,2.0
717,hbm2_8hi_no_pim,0.5792236681666076,1.0367366329101273,0.6005023954369016
718,hbm2_4hi_1stack,1.6311670402878646,0.6130579979249227,1.0
718,hbm2_8hi_1stack,1.0,1.0,1.0
718,hbm2_12hi_1stack,0.6703762503053422,1.4916996232257946,1.0
718,hbm2_8hi_2stack,0.8726474888549988,2.2918761877424307,2.0
718,hbm2_8hi_no_pim,0.38582883423303044,1.1701255842123366,0.4514681900628895
719,hbm2_4hi_1stack,1.728403382398678,0.5785686432829125,1.0
719,hbm2_8hi_1stack,1.0,1.0,1.0
719,hbm2_12hi_1stack,0.633730810681743,1.577957049183452,1.0
719,hbm2_8hi_2stack,0.8002958794594129,2.4990757185342103,2.0
719,hbm2_8hi_no_pim,0.5650672159060105,1.034182394652126,0.5843825664850879
720,hbm2_4hi_1stack,1.7022693116256,0.587451111977716,1.0
720,hbm2_8hi_1stack,1.0,1.0,1.0
720,hbm2_12hi_1stack,0.6426659096750605,1.5560184303312616,1.0
720,hbm2_8hi_2stack,0.8051343136237629,2.4840575866135484,2.0
720,hbm2_8hi_no_pim,0.5248732660933569,1.0666352265686765,0.559848315099329
721,hbm2_4hi_1stack,1.3990307744495452,0.7147805597010218,1.0
721,hbm2_8hi_1stack,1.0,1.0,1.0
721,hbm2_12hi_1stack,0.7840824112142969,1.275376141203467,1.0
721,hbm2_8hi_2stack,1.2747998757536319,1.5688737016997643,2.0
721,hbm2_8hi_no_pim,0.7101920844988336,1.050495842417253,0.7460538320836672
722,hbm2_4hi_1stack,1.5925424760249776,0.6279267366833586,1.0
722,hbm2_8hi_1stack,1.0,1.0,1.0
722,hbm2_12hi_1stack,0.6898105025381999,1.4496734919524115,1.0
722,hbm2_8hi_2stack,0.9547901054593582,2.094701221309559,2.0
722,hbm2_8hi_no_pim,0.36843550677996695,1.1686033416979962,0.43055496442326413
723,hbm2_4hi_1stack,1.7302821745697499,0.5779404161339516,1.0
723,hbm2_8hi_1stack,1.0,1.0,1.0
723,hbm2_12hi_1stack,0.6336188220658662,1.5782359443483318,1.0
723,hbm2_8hi_2stack,0.7901880742401535,2.5310430076070234,2.0
723,hbm2_8hi_no_pim,0.7303219237856639,1.030660001583008,0.7527135951250378
724,hbm2_4hi_1stack,1.5226016104095137,0.6567706175819973,1.0
724,hbm2_8hi_1stack,1.0,1.0,1.0
724,hbm2_12hi_1stack,0.718381736621425,1.392017570912974,1.0
724,hbm2_8hi_2stack,1.0316408053528818,1.93865925971771,2.0
724,hbm2_8hi_no_pim,0.37704032746290456,1.195110178527282,0.4506047330661767
725,hbm2_4hi_1stack,1.4726500057758691,0.6790479720761265,1.0
725,hbm2_8hi_1stack,1.0,1.0,1.0
725,hbm2_12hi_1stack,0.7429145871258344,1.3460497577100619,1.0
725,hbm2_8hi_2stack,1.098414173020282,1.8208068041407823,2.0
725,hbm2_8hi_no_pim,0.5988037567844987,1.0471445897476581,0.6270341142374604
726,hbm2_4hi_1stack,1.414421191258868,0.7070029819830235,1.0
726,hbm2_8hi_1stack,1.0,1.0,1.0
726,hbm2_12hi_1stack,0.7742327364326291,1.291601288531948,1.0
726,hbm2_8hi_2stack,1.2234618631811378,1.6347056334063212,2.0
726,hbm2_8hi_no_pim,0.650626735910149,1.0202650709999577,0.6638117329078388
727,hbm2_4hi_1stack,1.4362143048989089,0.6962749198284772,1.0
727,hbm2_8hi_1stack,1.0,1.0,1.0
727,hbm2_12hi_1stack,0.757849412568633,1.3195233557160502,1.0
727,hbm2_8hi_2stack,1.068298215982543,1.872136422282186,2.0
727,hbm2_8hi_no_pim,0.40382173495846135,1.1287279642421233,0.45580488481638637
728,hbm2_4hi_1stack,1.411797253637491,0.7083170033257278,1.0
728,hbm2_8hi_1stack,1.0,1.0,1.0
728,hbm2_12hi_1stack,0.7752109046393266,1.2899715342178506,1.0
728,hbm2_8hi_2stack,1.1658670526416308,1.7154614631817446,2.0
728,hbm2_8hi_no_pim,0.4995321308206002,1.1408337944463718,0.5698831362519468
729,hbm2_4hi_1stack,1.4729539913652765,0.678907831379786,1.0
729,hbm2_8hi_1stack,1.0,1.0,1.0
729,hbm2_12hi_1stack,0.7444304810439234,1.3433087782726045,1.0
729,hbm2_8hi_2stack,1.071925898943733,1.865800613615907,2.0
729,hbm2_8hi_no_pim,0.42775500836550845,1.087862560508986,0.46533865867104474
730,hbm2_4hi_1stack,1.6210826297158536,0.616871701459957,1.0
730,hbm2_8hi_1stack,1.0,1.0,1.0
730,hbm2_12hi_1stack,0.674075576291726,1.483513177411461,1.0
730,hbm2_8hi_2stack,0.8876543028064168,2.2531293924636877,2.0
730,hbm2_8hi_no_pim,0.407224867737503,1.1770151868745546,0.4793098538000229
731,hbm2_4hi_1stack,1.618960261086222,0.6176803866260818,1.0
731,hbm2_8hi_1stack,1.0,1.0,1.0
731,hbm2_12hi_1stack,0.6761760137905116,1.4789048703372276,1.0
731,hbm2_8hi_2stack,0.9533785257395306,2.097802652360573,2.0
731,hbm2_8hi_no_pim,0.37377929735886284,1.177796845930265,0.4402360775032993
732,hbm2_4hi_1stack,1.389261420982324,0.7198069311482905,1.0
732,hbm2_8hi_1stack,1.0,1.0,1.0
732,hbm2_12hi_1stack,0.7849762858454575,1.2739238344288981,1.0
732,hbm2_8hi_2stack,1.1594443024951244,1.7249642744338813,2.0
732,hbm2_8hi_no_pim,0.41879094060405503,1.142651125336049,0.47853193956176593
733,hbm2_4hi_1stack,1.5125483145530951,0.6611359057944968,1.0
733,hbm2_8hi_1stack,1.0,1.0,1.0
733,hbm2_12hi_1stack,0.7220645210343815,1.3849177890190016,1.0
733,hbm2_8hi_2stack,1.0201573468675078,1.9604818865846472,2.0
733,hbm2_8hi_no_pim,0.6971636418427799,0.9941451645690846,0.6930818634513728
734,hbm2_4hi_1stack,1.7214851371167632,0.5808937750545173,1.0
734,hbm2_8hi_1stack,1.0,1.0,1.0
734,hbm2_12hi_1stack,0.6380276341105922,1.5673302323244913,1.0
734,hbm2_8hi_2stack,0.7915079768613418,2.5268222917106047,2.0
734,hbm2_8hi_no_pim,0.5523685632705395,1.0909932241466709,0.6026303597597903
735,hbm2_4hi_1stack,1.4587244476323564,0.685530431482856,1.0
735,hbm2_8hi_1stack,1.0,1.0,1.0
735,hbm2_12hi_1stack,0.753348598703831,1.3274067300590238,1.0
735,hbm2_8hi_2stack,1.1680032186099487,1.7123240485417652,2.0
735,hbm2_8hi_no_pim,0.3880570120199307,1.1616807487403369,0.450798360277251
736,hbm2_4hi_1stack,1.3910671597253073,0.7188725526361136,1.0
736,hbm2_8hi_1stack,1.0,1.0,1.0
736,hbm2_12hi_1stack,0.7877906669963151,1.2693727431587833,1.0
736,hbm2_8hi_2stack,1.3029510502843002,1.5349770811141412,2.0
736,hbm2_8hi_no_pim,0.3949372788100505,1.1700957658834763,0.462114437725182
737,hbm2_4hi_1stack,1.724829881327243,0.5797673213027292,1.0
737,hbm2_8hi_1stack,1.0,1.0,1.0
737,hbm2_12hi_1stack,0.6346399183256322,1.575696660617088,1.0
737,hbm2_8hi_2stack,0.775131659387101,2.580206827807041,2.0
737,hbm2_8hi_no_pim,0.8526268231037919,0.9855849982854047,0.8403362059868408
738,hbm2_4hi_1stack,1.6608643539731736,0.6020961300107186,1.0
738,hbm2_8hi_1stack,1.0,1.0,1.0
738,hbm2_12hi_1stack,0.6594832397171995,1.5163387631030947,1.0
738,hbm2_8hi_2stack,0.904048861082865,2.2122698076345237,2.0
738,hbm2_8hi_no_pim,0.9831762299499353,0.9630389186886069,0.9468369733713268
739,hbm2_4hi_1stack,1.399368907319682,0.7146078455575923,1.0
739,hbm2_8hi_1stack,1.0,1.0,1.0
739,hbm2_12hi_1stack,0.780494837004421,1.2812384561543686,1.0
739,hbm2_8hi_2stack,1.258727448549277,1.5889063214638426,2.0
739,hbm2_8hi_no_pim,0.3578108392026365,1.2070048144671779,0.4318794055861235
740,hbm2_4hi_1stack,1.6927857571414109,0.5907422104547295,1.0
740,hbm2_8hi_1stack,1.0,1.0,1.0
740,hbm2_12hi_1stack,0.6466482080826168,1.546435894356083,1.0
740,hbm2_8hi_2stack,0.8790753088428381,2.2751179334483638,2.0
740,hbm2_8hi_no_pim,0.4321987583843915,1.1121787612615155,0.4806822797187176
741,hbm2_4hi_1stack,1.4770154392040424,0.6770409932470955,1.0
741,hbm2_8hi_1stack,1.0,1.0,1.0
741,hbm2_12hi_1stack,0.741122838160552,1.3493039864781047,1.0
741,hbm2_8hi_2stack,1.047946262694698,1.9084948066489429,2.0
741,hbm2_8hi_no_pim,0.42838576971083675,1.1417239887720627,0.48909830972744683
742,hbm2_4hi_1stack,1.4766983518708123,0.6771863723780225,1.0
742,hbm2_8hi_1stack,1.0,1.0,1.0
742,hbm2_12hi_1stack,0.7434387281853893,1.345100762292589,1.0
742,hbm2_8hi_2stack,1.159397546161436,1.7250338390154891,2.0
742,hbm2_8hi_no_pim,0.5307501262755395,1.0732943038637026,0.5696510873064774
743,hbm2_4hi_1stack,1.5341797677119142,0.6518140970477055,1.0
743,hbm2_8hi_1stack,1.0,1.0,1.0
743,hbm2_12hi_1stack,0.7120612513728546,1.4043735676839588,1.0
743,hbm2_8hi_2stack,0.9720508287232138,2.0575055757392797,2.0
743,hbm2_8hi_no_pim,0.7467816624067358,1.049008345254659,0.7833801959478134
744,hbm2_4hi_1stack,1.7134197530200215,0.583628149633171,1.0
744,hbm2_8hi_1stack,1.0,1.0,1.0
744,hbm2_12hi_1stack,0.6385940976856666,1.5659399352798706,1.0
744,hbm2_8hi_2stack,0.803859487960082,2.487997006884014,2.0
744,hbm2_8hi_no_pim,0.42888724709115156,1.166095803786659,0.5001236191306038
745,hbm2_4hi_1stack,1.4803317463140564,0.6755242549448421,1.0
745,hbm2_8hi_1stack,1.0,1.0,1.0
745,hbm2_12hi_1stack,0.7375614952222445,1.3558191506440784,1.0
745,hbm2_8hi_2stack,1.0138353763524404,1.9727068581839842,2.0
745,hbm2_8hi_no_pim,0.5611682906403578,1.0935210963806454,0.6136493644350968
746,hbm2_4hi_1stack,1.647274006414273,0.60706354626257,1.0
746,hbm2_8hi_1stack,1.0,1.0,1.0
746,hbm2_12hi_1stack,0.6613805188560647,1.5119888951818803,1.0
746,hbm2_8hi_2stack,0.8606284769480983,2.3238831314207298,2.0
746,hbm2_8hi_no_pim,0.48035164598225194,1.063898451418005,0.5110453722966076
747,hbm2_4hi_1stack,1.5642545111039576,0.6392821583070005,1.0
747,hbm2_8hi_1stack,1.0,1.0,1.0
747,hbm2_12hi_1stack,0.6977569519011084,1.4331637933171433,1.0
747,hbm2_8hi_2stack,0.9308932146777459,2.1484741412497614,2.0
747,hbm2_8hi_no_pim,0.33314579264272776,1.2220015111234628,0.4071046620338371
748,hbm2_4hi_1stack,1.7411895734384777,0.5743200024022734,1.0
748,hbm2_8hi_1stack,1.0,1.0,1.0
748,hbm2_12hi_1stack,0.6290746136263763,1.5896365523882448,1.0
748,hbm2_8hi_2stack,0.7966357667123424,2.51055762692385,2.0
748,hbm2_8hi_no_pim,0.6834502239310181,1.0558763986955253,0.7216389611319337
749,hbm2_4hi_1stack,1.5277074692621462,0.6545755781916686,1.0
749,hbm2_8hi_1stack,1.0,1.0,1.0
749,hbm2_12hi_1stack,0.7157517241473718,1.3971325059555177,1.0
749,hbm2_8hi_2stack,1.0561312558101026,1.8937040154785547,2.0
749,hbm2_8hi_no_pim,0.3594795278633229,1.1753724360496083,0.42252232837467685
750,hbm2_4hi_1stack,1.6643368163138086,0.6008399202601375,1.0
750,hbm2_8hi_1stack,1.0,1.0,1.0
750,hbm2_12hi_1stack,0.6594868531999359,1.5163304547283083,1.0
750,hbm2_8hi_2stack,0.8947307200083399,2.235309412402156,2.0
750,hbm2_8hi_no_pim,1.0054677706695838,0.9896567343055096,0.9950679503703014
751,hbm2_4hi_1stack,1.7673121420495137,0.5658310018966551,1.0
751,hbm2_8hi_1stack,1.0,1.0,1.0
751,hbm2_12hi_1stack,0.6207465575856227,1.6109634242507498,1.0
751,hbm2_8hi_2stack,0.7766326762144861,2.5752199994320755,2.0
751,hbm2_8hi_no_pim,0.5827893826666072,1.1080712372865242,0.6457721523288371
752,hbm2_4hi_1stack,1.4488763200485537,0.6901900363493336,1.0
752,hbm2_8hi_1stack,1.0,1.0,1.0
752,hbm2_12hi_1stack,0.7557941828191838,1.3231115331820966,1.0
752,hbm2_8hi_2stack,1.1709477799985724,1.7080180979568862,2.0
752,hbm2_8hi_no_pim,0.5906324849445004,1.0623424876585985,0.6274539833479202
753,hbm2_4hi_1stack,1.7513638898174937,0.5709835664729893,1.0
753,hbm2_8hi_1stack,1.0,1.0,1.0
753,hbm2_12hi_1stack,0.6247992065424585,1.6005141964469582,1.0
753,hbm2_8hi_2stack,0.7462823579296523,2.6799507971063794,2.0
753,hbm2_8hi_no_pim,0.7625034979439179,0.9845451158432903,0.7507190947141087
754,hbm2_4hi_1stack,1.718459874060537,0.5819164096262003,1.0
754,hbm2_8hi_1stack,1.0,1.0,1.0
754,hbm2_12hi_1stack,0.6391829912345655,1.5644971998840673,1.0
754,hbm2_8hi_2stack,0.8541291352113145,2.3415663013359134,2.0
754,hbm2_8hi_no_pim,0.40134602770728584,1.1333456667061612,0.4548637813517833
755,hbm2_4hi_1stack,1.5891821953759837,0.62925446994667,1.0
755,hbm2_8hi_1stack,1.0,1.0,1.0
755,hbm2_12hi_1stack,0.6859466200576343,1.4578393868548816,1.0
755,hbm2_8hi_2stack,0.9506547904690307,2.103813098141805,2.0
755,hbm2_8hi_no_pim,0.5142157737396107,1.0707091538135851,0.5505755359783365
756,hbm2_4hi_1stack,1.6721936573215126,0.5980168598425261,1.0
756,hbm2_8hi_1stack,1.0,1.0,1.0
756,hbm2_12hi_1stack,0.6514772810816059,1.5349729438603972,1.0
756,hbm2_8hi_2stack,0.8105629353166455,2.4674209896097734,2.0
756,hbm2_8hi_no_pim,0.9033364390309606,0.9853172075005793,0.8900729375395035
757,hbm2_4hi_1stack,1.4296582121762986,0.699467880842477,1.0
757,hbm2_8hi_1stack,1.0,1.0,1.0
757,hbm2_12hi_1stack,0.7661078227332493,1.305299293815186,1.0
757,hbm2_8hi_2stack,1.159360122081868,1.725089523010841,2.0
757,hbm2_8hi_no_pim,0.5870893129365268,1.086973256470624,0.6381503823217177
758,hbm2_4hi_1stack,1.4653305148946896,0.6824398931403323,1.0
758,hbm2_8hi_1stack,1.0,1.0,1.0
758,hbm2_12hi_1stack,0.7490412825315184,1.3350399014328316,1.0
758,hbm2_8hi_2stack,1.1324996228269681,1.7660050031695023,2.0
758,hbm2_8hi_no_pim,0.47366914187366693,1.0707831283901499,0.5071969255573628
759,hbm2_4hi_1stack,1.4731523566498121,0.6788164139886811,1.0
759,hbm2_8hi_1stack,1.0,1.0,1.0
759,hbm2_12hi_1stack,0.7454711344784534,1.3414335629502545,1.0
759,hbm2_8hi_2stack,1.1725074541647111,1.7057460853626647,2.0
759,hbm2_8hi_no_pim,0.5686338139449595,1.0349246076287986,0.5884931267814545
760,hbm2_4hi_1stack,1.435010838154505,0.6968588483178633,1.0
760,hbm2_8hi_1stack,1.0,1.0,1.0
760,hbm2_12hi_1stack,0.7602781614878109,1.3153080683562846,1.0
760,hbm2_8hi_2stack,1.1352046291067095,1.7617969031484628,2.0
760,hbm2_8hi_no_pim,0.6859530262356024,1.0161463266834387,0.6970286478866958
761,hbm2_4hi_1stack,1.4801040842884365,0.6756281606240904,1.0
761,hbm2_8hi_1stack,1.0,1.0,1.0
761,hbm2_12hi_1stack,0.7373596333230892,1.3561903239715722,1.0
761,hbm2_8hi_2stack,1.0857422046999363,1.842057894905849,2.0
761,hbm2_8hi_no_pim,0.44847548971587375,1.1481260986741595,0.5149064143584693
762,hbm2_4hi_1stack,1.565300895378875,0.6388548060965326,1.0
762,hbm2_8hi_1stack,1.0,1.0,1.0
762,hbm2_12hi_1stack,0.6952009153264698,1.4384330888436692,1.0
762,hbm2_8hi_2stack,0.9358515815566413,2.1370910082486754,2.0
762,hbm2_8hi_no_pim,0.35140396784403644,1.2003040744582978,0.4217916143840096
763,hbm2_4hi_1stack,1.5351527411950991,0.651400979958197,1.0
763,hbm2_8hi_1stack,1.0,1.0,1.0
763,hbm2_12hi_1stack,0.7093244255183319,1.4097921402738385,1.0
763,hbm2_8hi_2stack,0.9553610130709698,2.0934494632255087,2.0
763,hbm2_8hi_no_pim,0.8934717097875116,0.9957395405551615,0.8896651098028513
764,hbm2_4hi_1stack,1.5919678042544747,0.6281534069517846,1.0
764,hbm2_8hi_1stack,1.0,1.0,1.0
764,hbm2_12hi_1stack,0.6898603231215538,1.4495687989056874,1.0
764,hbm2_8hi_2stack,0.9650541464925253,2.072422575737299,2.0
764,hbm2_8hi_no_pim,0.5844924786754173,1.1011177895566988,0.6435950661315915
765,hbm2_4hi_1stack,1.6424645373184006,0.6088411513789321,1.0
765,hbm2_8hi_1stack,1.0,1.0,1.0
765,hbm2_12hi_1stack,0.6624580857569186,1.5095294653357716,1.0
765,hbm2_8hi_2stack,0.8236975802149018,2.428075604493341,2.0
765,hbm2_8hi_no_pim,0.9342375216706711,0.9662680589290502,0.9027238766434058
766,hbm2_4hi_1stack,1.4870946766735735,0.6724521415387369,1.0
766,hbm2_8hi_1stack,1.0,1.0,1.0
766,hbm2_12hi_1stack,0.7324973229972673,1.3651927025591746,1.0
766,hbm2_8hi_2stack,1.0811019247015978,1.8499643320420813,2.0
766,hbm2_8hi_no_pim,0.47808231835202053,1.1021164408256756,0.5269023831238164
767,hbm2_4hi_1stack,1.8527734669773923,0.5397313907087606,1.0
767,hbm2_8hi_1stack,1.0,1.0,1.0
767,hbm2_12hi_1stack,0.5913977068994111,1.6909094985214186,1.0
767,hbm2_8hi_2stack,0.7338079879243081,2.725508624752527,2.0
767,hbm2_8hi_no_pim,0.9554313325018712,0.9628880648535247,0.9199734268531513
768,hbm2_4hi_1stack,1.5449361799708365,0.6472759282644781,1.0
768,hbm2_8hi_1stack,1.0,1.0,1.0
768,hbm2_12hi_1stack,0.705288025493055,1.4178604539626443,1.0
768,hbm2_8hi_2stack,1.0038479514733563,1.9923335970000067,2.0
768,hbm2_8hi_no_pim,0.7173893617380439,1.0476263901529361,0.7515560273717459
769,hbm2_4hi_1stack,1.5161128168769296,0.6595815224752994,1.0
769,hbm2_8hi_1stack,1.0,1.0,1.0
769,hbm2_12hi_1stack,0.717917004624114,1.3929186710427324,1.0
769,hbm2_8hi_2stack,1.0620263262920207,1.8831924882529407,2.0
769,hbm2_8hi_no_pim,0.9376806386645307,0.970782405918505,0.9102838663859534
770,hbm2_4hi_1stack,1.4464445742429815,0.6913503758160696,1.0
770,hbm2_8hi_1stack,1.0,1.0,1.0
770,hbm2_12hi_1stack,0.7583889588188237,1.318584597483435,1.0
770,hbm2_8hi_2stack,1.1134412104572944,1.79623313850454,2.0
770,hbm2_8hi_no_pim,0.6465082444699894,1.0313774568100957,0.6667940289882174
771,hbm2_4hi_1stack,1.5361641455872905,0.6509721001317149,1.0
771,hbm2_8hi_1stack,1.0,1.0,1.0
771,hbm2_12hi_1stack,0.7137472385049195,1.4010562087703369,1.0
771,hbm2_8hi_2stack,1.071892457797658,1.86585882329022,2.0
771,hbm2_8hi_no_pim,0.3881257522176773,1.1728010971547558,0.45519430803490685
772,hbm2_4hi_1stack,1.448357539954437,0.6904372521383486,1.0
772,hbm2_8hi_1stack,1.0,1.0,1.0
772,hbm2_12hi_1stack,0.7536472179772149,1.3268807688085078,1.0
772,hbm2_8hi_2stack,1.0602872458117962,1.8862812958470738,2.0
772,hbm2_8hi_no_pim,0.8802581238757051,0.9912935074568465,0.8725941630841311
773,hbm2_4hi_1stack,1.463306894368487,0.6833836455281417,1.0
773,hbm2_8hi_1stack,1.0,1.0,1.0
773,hbm2_12hi_1stack,0.7511979815949027,1.3312069847110803,1.0
773,hbm2_8hi_2stack,1.1343904606242647,1.7630613703322071,2.0
773,hbm2_8hi_no_pim,0.9518013662912683,0.9586172201569071,0.9124131798956817
774,hbm2_4hi_1stack,1.3831275480834997,0.7229991199189316,1.0
774,hbm2_8hi_1stack,1.0,1.0,1.0
774,hbm2_12hi_1stack,0.7875670329205646,1.2697331886679692,1.0
774,hbm2_8hi_2stack,1.2482066659615358,1.6022987655328154,2.0
774,hbm2_8hi_no_pim,0.3924400608242822,1.1266043940515051,0.44212469692647627
775,hbm2_4hi_1stack,1.6176269533449001,0.6181895015610477,1.0
775,hbm2_8hi_1stack,1.0,1.0,1.0
775,hbm2_12hi_1stack,0.6760988738144451,1.4790736070275563,1.0
775,hbm2_8hi_2stack,0.9237360066597278,2.1651207548270124,2.0
775,hbm2_8hi_no_pim,0.5069436621445824,1.114557903473164,0.5650180652588738
776,hbm2_4hi_1stack,1.5058136780774058,0.6640927855541735,1.0
776,hbm2_8hi_1stack,1.0,1.0,1.0
776,hbm2_12hi_1stack,0.7284953348187932,1.3726923869028498,1.0
776,hbm2_8hi_2stack,1.0408442905721025,1.9215170012612504,2.0
776,hbm2_8hi_no_pim,1.0535770370064879,0.936476229759499,0.9866498513770199
777,hbm2_4hi_1stack,1.4720134121751118,0.6793416362438953,1.0
777,hbm2_8hi_1stack,1.0,1.0,1.0
777,hbm2_12hi_1stack,0.7433003613920199,1.3453511553892485,1.0
777,hbm2_8hi_2stack,1.0546555775429567,1.8963536936479521,2.0
777,hbm2_8hi_no_pim,0.5414633581709707,1.0863321015502356,0.5882090277943185
778,hbm2_4hi_1stack,1.8238660815382186,0.5482858692983733,1.0
778,hbm2_8hi_1stack,1.0,1.0,1.0
778,hbm2_12hi_1stack,0.6010260724666857,1.6638213312375547,1.0
778,hbm2_8hi_2stack,0.7608163874044283,2.6287551544770515,2.0
778,hbm2_8hi_no_pim,0.5086937963842338,1.0846916054846423,0.5517758907000924
779,hbm2_4hi_1stack,1.5408105777655523,0.6490090439605994,1.0
779,hbm2_8hi_1stack,1.0,1.0,1.0
779,hbm2_12hi_1stack,0.7127574271664046,1.4030018655512855,1.0
779,hbm2_8hi_2stack,0.9783335221040119,2.0442926208832994,2.0
779,hbm2_8hi_no_pim,0.633697132403419,1.0759866265861449,0.6818496397720684
780,hbm2_4hi_1stack,1.861417256799771,0.5372250613595595,1.0
780,hbm2_8hi_1stack,1.0,1.0,1.0
780,hbm2_12hi_1stack,0.5902246703376456,1.6942700809641476,1.0
780,hbm2_8hi_2stack,0.7024725195926179,2.8470864613463487,2.0
780,hbm2_8hi_no_pim,0.8902150051835883,0.9673075877731595,0.8611117292636075
781,hbm2_4hi_1stack,1.6158002257548116,0.6188883898273104,1.0
781,hbm2_8hi_1stack,1.0,1.0,1.0
781,hbm2_12hi_1stack,0.6770965400848762,1.47689426957439,1.0
781,hbm2_8hi_2stack,0.9411462235312057,2.12506829437826,2.0
781,hbm2_8hi_no_pim,0.49092160946282354,1.0894564888861693,0.534837732963715
782,hbm2_4hi_1stack,1.7623183632548651,0.5674343642161668,1.0
782,hbm2_8hi_1stack,1.0,1.0,1.0
782,hbm2_12hi_1stack,0.6226041905671936,1.606156873260037,1.0
782,hbm2_8hi_2stack,0.8104628780572671,2.4677256098319167,2.0
782,hbm2_8hi_no_pim,0.6396304518664504,1.0564315899842136,0.6757258152675952
783,hbm2_4hi_1stack,1.5429922293973704,0.6480914037982933,1.0
783,hbm2_8hi_1stack,1.0,1.0,1.0
783,hbm2_12hi_1stack,0.7066887522885662,1.415050114723864,1.0
783,hbm2_8hi_2stack,0.989640904017994,2.020935060262662,2.0
783,hbm2_8hi_no_pim,0.7167054116379804,1.025377781249228,0.7348938047946669
784,hbm2_4hi_1stack,1.5452924643678683,0.6471266915865466,1.0
784,hbm2_8hi_1stack,1.0,1.0,1.0
784,hbm2_12hi_1stack,0.7102790069542292,1.4078974462276914,1.0
784,hbm2_8hi_2stack,1.0644320201913307,1.8789363360569535,2.0
784,hbm2_8hi_no_pim,0.3369505163028568,1.2247283379507232,0.4126728458032358
785,hbm2_4hi_1stack,1.7724838714773323,0.5641800278648057,1.0
785,hbm2_8hi_1stack,1.0,1.0,1.0
785,hbm2_12hi_1stack,0.6185690468009378,1.6166344002689983,1.0
785,hbm2_8hi_2stack,0.7808079536426024,2.56144931755582,2.0
785,hbm2_8hi_no_pim,0.6809535654181338,1.0411077342519384,0.7089460236232523
786,hbm2_4hi_1stack,1.4709042844036742,0.6798538902926743,1.0
786,hbm2_8hi_1stack,1.0,1.0,1.0
786,hbm2_12hi_1stack,0.7414449216407456,1.348717849179002,1.0
786,hbm2_8hi_2stack,1.030604598612716,1.9406084571058342,2.0
786,hbm2_8hi_no_pim,0.34140419634084346,1.2125998552442834,0.41398667906269765
787,hbm2_4hi_1stack,1.4387662202726406,0.6950399487489385,1.0
787,hbm2_8hi_1stack,1.0,1.0,1.0
787,hbm2_12hi_1stack,0.7635676782879537,1.3096416053678006,1.0
787,hbm2_8hi_2stack,1.2099741244022113,1.652927909502281,2.0
787,hbm2_8hi_no_pim,0.39249865665301825,1.1971623178433792,0.46988460154914
788,hbm2_4hi_1stack,1.556529643207062,0.6424548381485414,1.0
788,hbm2_8hi_1stack,1.0,1.0,1.0
788,hbm2_12hi_1stack,0.7009537817191992,1.4266275838434639,1.0
788,hbm2_8hi_2stack,0.9589590101605588,2.0855948782056277,2.0
788,hbm2_8hi_no_pim,0.44086033349570464,1.1530351790353799,0.5083274735618171
789,hbm2_4hi_1stack,1.5045589109145123,0.664646623502547,1.0
789,hbm2_8hi_1stack,1.0,1.0,1.0
789,hbm2_12hi_1stack,0.7270263690648275,1.3754659288167193,1.0
789,hbm2_8hi_2stack,1.028519912814238,1.9445418363632812,2.0
789,hbm2_8hi_no_pim,0.6017724421896127,1.0788904726442565,0.6492465545782398
790,hbm2_4hi_1stack,1.6706973830231668,0.598552442926843,1.0
790,hbm2_8hi_1stack,1.0,1.0,1.0
790,hbm2_12hi_1stack,0.6563709240659875,1.523528790406118,1.0
790,hbm2_8hi_2stack,0.8221394254560377,2.4326774000536555,2.0
790,hbm2_8hi_no_pim,0.4926871808441091,1.0815541007198837,0.5328678408140651
791,hbm2_4hi_1stack,1.7392749587034184,0.5749522207491979,1.0
791,hbm2_8hi_1stack,1.0,1.0,1.0
791,hbm2_12hi_1stack,0.6267628402805077,1.595499821834444,1.0
791,hbm2_8hi_2stack,0.7374011119928443,2.7122280770569382,2.0
791,hbm2_8hi_no_pim,0.4258435574084729,1.1085090681894678,0.47205144501735447
792,hbm2_4hi_1stack,1.626678613846527,0.6147495832845242,1.0
792,hbm2_8hi_1stack,1.0,1.0,1.0
792,hbm2_12hi_1stack,0.6728030370894337,1.4863190932163897,1.0
792,hbm2_8hi_2stack,0.8874463049125072,2.2536574764342263,2.0
792,hbm2_8hi_no_pim,0.7650912153658382,1.0346051139852765,0.7915672840827068
793,hbm2_4hi_1stack,1.792298621160196,0.5579427379979108,1.0
793,hbm2_8hi_1stack,1.0,1.0,1.0
793,hbm2_12hi_1stack,0.6108033703563888,1.6371880846311055,1.0
793,hbm2_8hi_2stack,0.7423986158802196,2.6939705398409375,2.0
793,hbm2_8hi_no_pim,0.4391652528558972,1.141891733630811,0.5014791719340339
794,hbm2_4hi_1stack,1.7809985487181652,0.5614827708420808,1.0
794,hbm2_8hi_1stack,1.0,1.0,1.0
794,hbm2_12hi_1stack,0.61472317485137,1.626748495762802,1.0
794,hbm2_8hi_2stack,0.793264914868208,2.521225838321965,2.0
794,hbm2_8hi_no_pim,0.7049182224104374,1.0626046612605526,0.7490493889408338
795,hbm2_4hi_1stack,1.7400269605362604,0.5747037388959819,1.0
795,hbm2_8hi_1stack,1.0,1.0,1.0
795,hbm2_12hi_1stack,0.6282961014193928,1.5916062470241108,1.0
795,hbm2_8hi_2stack,0.7646045697256391,2.6157311624721973,2.0
795,hbm2_8hi_no_pim,0.9288293757008745,1.008835276721777,0.9370358402625071
796,hbm2_4hi_1stack,1.6736609158842588,0.5974925927404249,1.0
796,hbm2_8hi_1stack,1.0,1.0,1.0
796,hbm2_12hi_1stack,0.6549325062500266,1.5268748923850797,1.0
796,hbm2_8hi_2stack,0.8646261750963175,2.313138391602827,2.0
796,hbm2_8hi_no_pim,0.9804279582993451,0.9969625555146884,0.9774499628041635
797,hbm2_4hi_1stack,1.4737871089025538,0.6785240513771651,1.0
797,hbm2_8hi_1stack,1.0,1.0,1.0
797,hbm2_12hi_1stack,0.7415748393293627,1.3484815651301518,1.0
797,hbm2_8hi_2stack,1.1307587342306393,1.7687239014437388,2.0
797,hbm2_8hi_no_pim,0.4903269728081969,1.0785822251523094,0.5288579573836609
798,hbm2_4hi_1stack,1.6561734269052646,0.6038015003468603,1.0
798,hbm2_8hi_1stack,1.0,1.0,1.0
798,hbm2_12hi_1stack,0.6610672683915536,1.5127053596725573,1.0
798,hbm2_8hi_2stack,0.8358514511669106,2.3927696688303306,2.0
798,hbm2_8hi_no_pim,0.4579866501398763,1.1341465388915406,0.5194239741146716
799,hbm2_4hi_1stack,1.4924622936228396,0.6700336780854781,1.0
799,hbm2_8hi_1stack,1.0,1.0,1.0
799,hbm2_12hi_1stack,0.7306544525299647,1.3686360173915304,1.0
799,hbm2_8hi_2stack,1.0091004788168754,1.98196318600989,2.0
799,hbm2_8hi_no_pim,0.456650217755352,1.0816185002225387,0.49392132365483954
800,hbm2_4hi_1stack,1.7308724858880347,0.5777433104709293,1.0
800,hbm2_8hi_1stack,1.0,1.0,1.0
800,hbm2_12hi_1stack,0.63245743218494,1.5811340797203013,1.0
800,hbm2_8hi_2stack,0.8306752078534221,2.4076798983423044,2.0
800,hbm2_8hi_no_pim,0.35663930459688126,1.186245278165092,0.4230616910861324
801,hbm2_4hi_1stack,1.8552991969375638,0.5389966220276723,1.0
801,hbm2_8hi_1stack,1.0,1.0,1.0
801,hbm2_12hi_1stack,0.5916752097778184,1.690116441375857,1.0
801,hbm2_8hi_2stack,0.6976927429417146,2.866591375979212,2.0
801,hbm2_8hi_no_pim,0.7342913590382368,1.0546484894338923,0.7744192726140363
802,hbm2_4hi_1stack,1.4760718120937608,0.6774738138123049,1.0
802,hbm2_8hi_1stack,1.0,1.0,1.0
802,hbm2_12hi_1stack,0.7412257685329184,1.349116615278047,1.0
802,hbm2_8hi_2stack,1.0964982595192032,1.8239883033439266,2.0
802,hbm2_8hi_no_pim,0.8702989488058538,0.9753447904409926,0.8488415458440617
803,hbm2_4hi_1stack,1.5936794848598625,0.6274787430597648,1.0
803,hbm2_8hi_1stack,1.0,1.0,1.0
803,hbm2_12hi_1stack,0.6841523437942377,1.4616627554823594,1.0
803,hbm2_8hi_2stack,0.9410075100169415,2.1253815497859234,2.0
803,hbm2_8hi_no_pim,1.0159163851727129,0.9592973026979833,0.974565848062869
804,hbm2_4hi_1stack,1.6695290253267256,0.5989713175572379,1.0
804,hbm2_8hi_1stack,1.0,1.0,1.0
804,hbm2_12hi_1stack,0.6553949195485529,1.5257976071722021,1.0
804,hbm2_8hi_2stack,0.8712232702046613,2.295622796588267,2.0
804,hbm2_8hi_no_pim,0.3685781941048468,1.1881115337749368,0.4379120035139059
805,hbm2_4hi_1stack,1.5770663846079724,0.6340887167210658,1.0
805,hbm2_8hi_1stack,1.0,1.0,1.0
805,hbm2_12hi_1stack,0.6938642674634918,1.4412040609262469,1.0
805,hbm2_8hi_2stack,0.9934074696559553,2.01327256044557,2.0
805,hbm2_8hi_no_pim,0.38092475961513894,1.1926720282923744,0.4543183056769729
806,hbm2_4hi_1stack,1.5772249166888777,0.6340249823717814,1.0
806,hbm2_8hi_1stack,1.0,1.0,1.0
806,hbm2_12hi_1stack,0.6938969977965715,1.4411360809679827,1.0
806,hbm2_8hi_2stack,1.0032180831591173,1.9935844793606916,2.0
806,hbm2_8hi_no_pim,0.5841563301845076,1.0314257810511047,0.6025138991165028
807,hbm2_4hi_1stack,1.4901493165246065,0.671073689670405,1.0
807,hbm2_8hi_1stack,1.0,1.0,1.0
807,hbm2_12hi_1stack,0.7346457878336112,1.3612002090815614,1.0
807,hbm2_8hi_2stack,1.131821080502416,1.7670637474893105,2.0
807,hbm2_8hi_no_pim,0.6295885509709395,1.095287383434288,0.6895803966331452
808,hbm2_4hi_1stack,1.4615361566404454,0.6842116053417702,1.0
808,hbm2_8hi_1stack,1.0,1.0,1.0
808,hbm2_12hi_1stack,0.7507243415894231,1.3320468574161508,1.0
808,hbm2_8hi_2stack,1.108931635138508,1.803537690355633,2.0
808,hbm2_8hi_no_pim,0.36548712634282426,1.1887065601677185,0.43445694474056296
809,hbm2_4hi_1stack,1.4083953396132536,0.7100279103980852,1.0
809,hbm2_8hi_1stack,1.0,1.0,1.0
809,hbm2_12hi_1stack,0.7750380749662147,1.2902591915159676,1.0
809,hbm2_8hi_2stack,1.166749446443831,1.7141640873247097,2.0
809,hbm2_8hi_no_pim,0.5766254971257887,1.0587765298445309,0.6105175428667201
810,hbm2_4hi_1stack,1.4876284360370478,0.6722108664875616,1.0
810,hbm2_8hi_1stack,1.0,1.0,1.0
810,hbm2_12hi_1stack,0.7353528467279764,1.3598913833673136,1.0
810,hbm2_8hi_2stack,1.0119643460729288,1.9763542142183999,2.0
810,hbm2_8hi_no_pim,0.37238353911243266,1.1247495929194327,0.41883823402660625
811,hbm2_4hi_1stack,1.5394319689048086,0.6495902515987281,1.0
811,hbm2_8hi_1stack,1.0,1.0,1.0
811,hbm2_12hi_1stack,0.708988819178077,1.410459478273986,1.0
811,hbm2_8hi_2stack,0.9917997465324006,2.0165361072056527,2.0
811,hbm2_8hi_no_pim,0.8168510204003738,1.000989269701757,0.8176591063657053
812,hbm2_4hi_1stack,1.4092268353278719,0.7096089677907242,1.0
812,hbm2_8hi_1stack,1.0,1.0,1.0
812,hbm2_12hi_1stack,0.7741365319049435,1.291761800130097,1.0
812,hbm2_8hi_2stack,1.2018725289321468,1.6640699840081896,2.0
812,hbm2_8hi_no_pim,0.3745111280079609,1.1272442563772618,0.42216551799634333
813,hbm2_4hi_1stack,1.5921062301822184,0.6280987920545659,1.0
813,hbm2_8hi_1stack,1.0,1.0,1.0
813,hbm2_12hi_1stack,0.6868798026446288,1.455858792396856,1.0
813,hbm2_8hi_2stack,0.9102499426060198,2.1971987103608672,2.0
813,hbm2_8hi_no_pim,0.8334082881191902,0.9936135697504338,0.8280857842177066
814,hbm2_4hi_1stack,1.4345206358851192,0.697096977892539,1.0
814,hbm2_8hi_1stack,1.0,1.0,1.0
814,hbm2_12hi_1stack,0.759927252640915,1.3159154333849448,1.0
814,hbm2_8hi_2stack,1.181973982577102,1.6920846224037227,2.0
814,hbm2_8hi_no_pim,0.3636243686655762,1.1809279942492015,0.4294141963483711
815,hbm2_4hi_1stack,1.7812559356883533,0.5614016380041184,1.0
815,hbm2_8hi_1stack,1.0,1.0,1.0
815,hbm2_12hi_1stack,0.6151744349936928,1.6255551972185784,1.0
815,hbm2_8hi_2stack,0.7525649443227236,2.6575779473755783,2.0
815,hbm2_8hi_no_pim,0.7619723005138684,1.0065004530757564,0.766925465698385
816,hbm2_4hi_1stack,1.7360280381677164,0.5760275629277543,1.0
816,hbm2_8hi_1stack,1.0,1.0,1.0
816,hbm2_12hi_1stack,0.631495788395854,1.5835418357107849,1.0
816,hbm2_8hi_2stack,0.7820131428721747,2.5575017737609986,2.0
816,hbm2_8hi_no_pim,0.662770923003781,1.0005332161624358,0.6631243231719192
817,hbm2_4hi_1stack,1.6157995769901288,0.6188886383191009,1.0
817,hbm2_8hi_1stack,1.0,1.0,1.0
817,hbm2_12hi_1stack,0.6753541146305719,1.4807046826789734,1.0
817,hbm2_8hi_2stack,0.9523864743440098,2.0999878241420546,2.0
817,hbm2_8hi_no_pim,0.5732439781898161,1.0358548671100698,0.5937975648494597
818,hbm2_4hi_1stack,1.4792370484860635,0.6760241713952863,1.0
818,hbm2_8hi_1stack,1.0,1.0,1.0
818,hbm2_12hi_1stack,0.739879126431489,1.351572120736937,1.0
818,hbm2_8hi_2stack,1.088436431787884,1.8374982144935796,2.0
818,hbm2_8hi_no_pim,0.3327563439885163,1.2320010066136575,0.40995615075093256
819,hbm2_4hi_1stack,1.6476351349313751,0.6069304901304199,1.0
819,hbm2_8hi_1stack,1.0,1.0,1.0
819,hbm2_12hi_1stack,0.6645832372452883,1.504702411913098,1.0
819,hbm2_8hi_2stack,0.8864285760346338,2.2562449520150145,2.0
819,hbm2_8hi_no_pim,0.5382623347302168,1.063502412550769,0.5724432915707951
820,hbm2_4hi_1stack,1.4358813152555903,0.6964363902332678,1.0
820,hbm2_8hi_1stack,1.0,1.0,1.0
820,hbm2_12hi_1stack,0.7595954494799705,1.3164902458073093,1.0
820,hbm2_8hi_2stack,1.11019060483948,1.801492456594132,2.0
820,hbm2_8hi_no_pim,0.7470189942274127,0.9944201080726012,0.7428507089719095
821,hbm2_4hi_1stack,1.4088960793211514,0.7097755573866245,1.0
821,hbm2_8hi_1stack,1.0,1.0,1.0
821,hbm2_12hi_1stack,0.7791692597825116,1.2834181885963116,1.0
821,hbm2_8hi_2stack,1.2352448526534534,1.6191121911609356,2.0
821,hbm2_8hi_no_pim,0.37507753584116515,1.1688535078179438,0.43841069347165645
822,hbm2_4hi_1stack,1.579798096909181,0.6329922804416999,1.0
822,hbm2_8hi_1stack,1.0,1.0,1.0
822,hbm2_12hi_1stack,0.6889008453879145,1.451587709167214,1.0
822,hbm2_8hi_2stack,0.9314981846693376,2.1470787951239627,2.0
822,hbm2_8hi_no_pim,0.3468919448081851,1.1757473858213074,0.40785729727069286
823,hbm2_4hi_1stack,1.7570326609541582,0.5691413837788019,1.0
823,hbm2_8hi_1stack,1.0,1.0,1.0
823,hbm2_12hi_1stack,0.6214200440088838,1.6092174844390825,1.0
823,hbm2_8hi_2stack,0.7311814288646152,2.73529923087026,2.0
823,hbm2_8hi_no_pim,0.5789621228908726,1.07950984760236,0.6249953130494647
824,hbm2_4hi_1stack,1.7762694475800342,0.5629776503572623,1.0
824,hbm2_8hi_1stack,1.0,1.0,1.0
824,hbm2_12hi_1stack,0.6183984337202785,1.6170804217339467,1.0
824,hbm2_8hi_2stack,0.8101457581500577,2.4686915655362274,2.0
824,hbm2_8hi_no_pim,0.9923909945911032,0.9855233946312807,0.978024541790937
825,hbm2_4hi_1stack,1.5582184223227344,0.6417585530206769,1.0
825,hbm2_8hi_1stack,1.0,1.0,1.0
825,hbm2_12hi_1stack,0.7003833218390368,1.4277895672533183,1.0
825,hbm2_8hi_2stack,1.0137515130097658,1.9728700518158766,2.0
825,hbm2_8hi_no_pim,0.47319374277616355,1.1201646354851187,0.5300548963907002
826,hbm2_4hi_1stack,1.6137200594979977,0.6196861680650384,1.0
826,hbm2_8hi_1stack,1.0,1.0,1.0
826,hbm2_12hi_1stack,0.6762841281811776,1.478668444710414,1.0
826,hbm2_8hi_2stack,0.9127219339916341,2.191247876835106,2.0
826,hbm2_8hi_no_pim,0.4310191208869421,1.1708938184322275,0.5046776242726135
827,hbm2_4hi_1stack,1.5223786925929077,0.6568667867367515,1.0
827,hbm2_8hi_1stack,1.0,1.0,1.0
827,hbm2_12hi_1stack,0.7212293752078407,1.3865214512537352,1.0
827,hbm2_8hi_2stack,1.07988196326129,1.8520542689313135,2.0
827,hbm2_8hi_no_pim,0.3602755666131769,1.1483747589393303,0.41373136696113766
828,hbm2_4hi_1stack,1.7818058679704325,0.5612283683514023,1.0
828,hbm2_8hi_1stack,1.0,1.0,1.0
828,hbm2_12hi_1stack,0.6159289746974879,1.623563821609704,1.0
828,hbm2_8hi_2stack,0.7600692529900313,2.631339173545323,2.0
828,hbm2_8hi_no_pim,0.5952463711937572,1.0951739717754028,0.6518983325251628
829,hbm2_4hi_1stack,1.7244474310514335,0.5798959028807726,1.0
829,hbm2_8hi_1stack,1.0,1.0,1.0
829,hbm2_12hi_1stack,0.6369354188627963,1.5700178862488605,1.0
829,hbm2_8hi_2stack,0.8590839232165073,2.3280612591512293,2.0
829,hbm2_8hi_no_pim,0.37279071342271664,1.1442860473713161,0.42657921195921344
830,hbm2_4hi_1stack,1.7531601549502336,0.570398544124103,1.0
830,hbm2_8hi_1stack,1.0,1.0,1.0
830,hbm2_12hi_1stack,0.6265567497616988,1.5960246224788648,1.0
830,hbm2_8hi_2stack,0.7994707560311867,2.501654982264269,2.0
830,hbm2_8hi_no_pim,0.39953275103377256,1.142605645200921,0.45650837677384265
831,hbm2_4hi_1stack,1.5287426369016452,0.6541323410896251,1.0
831,hbm2_8hi_1stack,1.0,1.0,1.0
831,hbm2_12hi_1stack,0.7159957899290751,1.3966562570138266,1.0
831,hbm2_8hi_2stack,1.0238094202001835,1.9534885697857163,2.0
831,hbm2_8hi_no_pim,0.6617892968473965,1.0277561973426257,0.6801580511699303
832,hbm2_4hi_1stack,1.6606112661215326,0.6021878933385573,1.0
832,hbm2_8hi_1stack,1.0,1.0,1.0
832,hbm2_12hi_1stack,0.6604038664941347,1.514224932250425,1.0
832,hbm2_8hi_2stack,0.8912124577109498,2.2441338007515457,2.0
832,hbm2_8hi_no_pim,0.5213248102493526,1.083609727390901,0.5649126355164141
833,hbm2_4hi_1stack,1.561926832303446,0.6402348556399748,1.0
833,hbm2_8hi_1stack,1.0,1.0,1.0
833,hbm2_12hi_1stack,0.7010062257813093,1.4265208541984715,1.0
833,hbm2_8hi_2stack,0.9627337719685934,2.077417514823864,2.0
833,hbm2_8hi_no_pim,0.5474872439106453,1.0570425445420417,0.5787173094076179
834,hbm2_4hi_1stack,1.7532235248933818,0.5703779271732123,1.0
834,hbm2_8hi_1stack,1.0,1.0,1.0
834,hbm2_12hi_1stack,0.6242424182407599,1.601941762974391,1.0
834,hbm2_8hi_2stack,0.76232489019542,2.62355332447207,2.0
834,hbm2_8hi_no_pim,0.623202006321293,1.042931833480183,0.6499572110811946
835,hbm2_4hi_1stack,1.5602445288514768,0.6409251764760986,1.0
835,hbm2_8hi_1stack,1.0,1.0,1.0
835,hbm2_12hi_1stack,0.6988418844103504,1.4309388465514663,1.0
835,hbm2_8hi_2stack,0.9404283782563232,2.1266903958260603,2.0
835,hbm2_8hi_no_pim,0.3657576588816158,1.1664026629143451,0.42662070730083335
836,hbm2_4hi_1stack,1.619416279615263,0.6175064512983516,1.0
836,hbm2_8hi_1stack,1.0,1.0,1.0
836,hbm2_12hi_1stack,0.6741869341074751,1.4832681403472374,1.0
836,hbm2_8hi_2stack,0.9056914210847946,2.208257639897366,2.0
836,hbm2_8hi_no_pim,0.6348306202704247,1.0727850899631577,0.6810368240781748
837,hbm2_4hi_1stack,1.847267675827053,0.5413400629945431,1.0
837,hbm2_8hi_1stack,1.0,1.0,1.0
837,hbm2_12hi_1stack,0.5953115916705348,1.6797925892789154,1.0
837,hbm2_8hi_2stack,0.7150465943630628,2.7970205239303687,2.0
837,hbm2_8hi_no_pim,0.4729152563018035,1.1455879569383884,0.5417660222717774
838,hbm2_4hi_1stack,1.7425589407443836,0.5738686804894081,1.0
838,hbm2_8hi_1stack,1.0,1.0,1.0
838,hbm2_12hi_1stack,0.6292216727509569,1.5892650290127492,1.0
838,hbm2_8hi_2stack,0.7795541933392474,2.56556890731731,2.0
838,hbm2_8hi_no_pim,0.6061421820403481,1.0384877017396268,0.6294712015545235
839,hbm2_4hi_1stack,1.6290058786498192,0.6138713267436685,1.0
839,hbm2_8hi_1stack,1.0,1.0,1.0
839,hbm2_12hi_1stack,0.6722895910472206,1.4874542359674308,1.0
839,hbm2_8hi_2stack,0.9497576726599364,2.1058003084078334,2.0
839,hbm2_8hi_no_pim,0.6113229423167396,1.0822365584166223,0.6615960371739915
840,hbm2_4hi_1stack,1.743843982160311,0.5734457957421046,1.0
840,hbm2_8hi_1stack,1.0,1.0,1.0
840,hbm2_12hi_1stack,0.6297983658759894,1.5878097724326348,1.0
840,hbm2_8hi_2stack,0.764715501009033,2.6153517188562594,2.0
840,hbm2_8hi_no_pim,0.6326839061829755,1.0454290010520078,0.6614261040225503
841,hbm2_4hi_1stack,1.5457360826503634,0.6469409695640742,1.0
841,hbm2_8hi_1stack,1.0,1.0,1.0
841,hbm2_12hi_1stack,0.7108181769114217,1.4068295275524652,1.0
841,hbm2_8hi_2stack,0.9799919615303605,2.040833066504739,2.0
841,hbm2_8hi_no_pim,0.8385850654576824,1.0248170079348244,0.859396237681171
842,hbm2_4hi_1stack,1.6198273655206261,0.6173497381794087,1.0
842,hbm2_8hi_1stack,1.0,1.0,1.0
842,hbm2_12hi_1stack,0.6715059888263272,1.4891899947874208,1.0
842,hbm2_8hi_2stack,0.8760804901813908,2.2828952618108227,2.0
842,hbm2_8hi_no_pim,0.438913537622983,1.1110514713975792,0.487655531792332
843,hbm2_4hi_1stack,1.5027637137280276,0.6654406084368507,1.0
843,hbm2_8hi_1stack,1.0,1.0,1.0
843,hbm2_12hi_1stack,0.7287923407288177,1.3721329713755843,1.0
843,hbm2_8hi_2stack,1.013238523078544,1.9738688911307456,2.0
843,hbm2_8hi_no_pim,0.5223487717440533,1.0870307010072147,0.5678091515191958
844,hbm2_4hi_1stack,1.4724466121281454,0.679141771092595,1.0
844,hbm2_8hi_1stack,1.0,1.0,1.0
844,hbm2_12hi_1stack,0.7453106472803182,1.3417224128610776,1.0
844,hbm2_8hi_2stack,1.132744774696021,1.7656227993077365,2.0
844,hbm2_8hi_no_pim,0.3740676258345607,1.1401257124122866,0.42648411839500117
845,hbm2_4hi_1stack,1.3847656020586274,0.7221438765617624,1.0
845,hbm2_8hi_1stack,1.0,1.0,1.0
845,hbm2_12hi_1stack,0.7905816639294073,1.264891466151297,1.0
845,hbm2_8hi_2stack,1.241460297904266,1.6110060091138154,2.0
845,hbm2_8hi_no_pim,0.6032685447939755,1.0427343449444144,0.6290488308813161
846,hbm2_4hi_1stack,1.599146650700624,0.6253335174493698,1.0
846,hbm2_8hi_1stack,1.0,1.0,1.0
846,hbm2_12hi_1stack,0.6801831471864324,1.4701922623876897,1.0
846,hbm2_8hi_2stack,0.9401880985438243,2.1272339046810167,2.0
846,hbm2_8hi_no_pim,0.6495500820342879,1.0668483010465681,0.692971401462939
847,hbm2_4hi_1stack,1.7858525902668063,0.5599566310512785,1.0
847,hbm2_8hi_1stack,1.0,1.0,1.0
847,hbm2_12hi_1stack,0.6139215146450541,1.628872707903325,1.0
847,hbm2_8hi_2stack,0.7453342278217169,2.683359928129314,2.0
847,hbm2_8hi_no_pim,1.0352257543231749,0.9340759754522876,0.9669795062827499
848,hbm2_4hi_1stack,1.3764587838616538,0.7265019568508263,1.0
848,hbm2_8hi_1stack,1.0,1.0,1.0
848,hbm2_12hi_1stack,0.7923286916565039,1.2621024715251978,1.0
848,hbm2_8hi_2stack,1.2975036700486005,1.541421458888888,2.0
848,hbm2_8hi_no_pim,0.38424602835564176,1.1531140601430823,0.44307949785102796
849,hbm2_4hi_1stack,1.5343372625301614,0.6517471904129959,1.0
849,hbm2_8hi_1stack,1.0,1.0,1.0
849,hbm2_12hi_1stack,0.7129293256714136,1.4026635796728273,1.0
849,hbm2_8hi_2stack,1.0384889143964628,1.9258751559830922,2.0
849,hbm2_8hi_no_pim,0.3594682882882992,1.140321311140414,0.40990934981431365
850,hbm2_4hi_1stack,1.390335532992298,0.7192508400096681,1.0
850,hbm2_8hi_1stack,1.0,1.0,1.0
850,hbm2_12hi_1stack,0.7839120479695171,1.275653311605801,1.0
850,hbm2_8hi_2stack,1.2003898842754375,1.6661253366086235,2.0
850,hbm2_8hi_no_pim,0.7298400784962523,1.0058024609879859,0.7340749470791954
851,hbm2_4hi_1stack,1.7411065566514827,0.574347386252575,1.0
851,hbm2_8hi_1stack,1.0,1.0,1.0
851,hbm2_12hi_1stack,0.6262098620116198,1.5969087372524393,1.0
851,hbm2_8hi_2stack,0.7892480706579519,2.534057509108273,2.0
851,hbm2_8hi_no_pim,0.5362033751128795,1.0741819586016588,0.5759799916875729
852,hbm2_4hi_1stack,1.6753576075539751,0.5968874916561854,1.0
852,hbm2_8hi_1stack,1.0,1.0,1.0
852,hbm2_12hi_1stack,0.6498744176240585,1.5387588322925543,1.0
852,hbm2_8hi_2stack,0.8159397485742982,2.4511613798624534,2.0
852,hbm2_8hi_no_pim,0.4976840873833856,1.0957973879938645,0.5453609230008242
853,hbm2_4hi_1stack,1.5387331879994892,0.6498852483321702,1.0
853,hbm2_8hi_1stack,1.0,1.0,1.0
853,hbm2_12hi_1stack,0.7089659040117807,1.4105050670862491,1.0
853,hbm2_8hi_2stack,1.0162748261173298,1.9679716043355955,2.0
853,hbm2_8hi_no_pim,0.4976377218886793,1.1017612556725649,0.5482779613381059
854,hbm2_4hi_1stack,1.7789896436873205,0.5621168192566288,1.0
854,hbm2_8hi_1stack,1.0,1.0,1.0
854,hbm2_12hi_1stack,0.6152527459598899,1.625348292334469,1.0
854,hbm2_8hi_2stack,0.793468838722367,2.5205778757743955,2.0
854,hbm2_8hi_no_pim,0.44552391268736996,1.1660196799776767,0.5194896500941295
855,hbm2_4hi_1stack,1.4201254903812135,0.7041631227473872,1.0
855,hbm2_8hi_1stack,1.0,1.0,1.0
855,hbm2_12hi_1stack,0.7712681086808925,1.2965659914427292,1.0
855,hbm2_8hi_2stack,1.1779191924738097,1.6979093411320476,2.0
855,hbm2_8hi_no_pim,0.6085780566536352,1.024530568984995,0.6235068226551314
856,hbm2_4hi_1stack,1.7597993526792173,0.5682466006579352,1.0
856,hbm2_8hi_1stack,1.0,1.0,1.0
856,hbm2_12hi_1stack,0.6227111909153911,1.6058808876230264,1.0
856,hbm2_8hi_2stack,0.7590344286545749,2.6349265915975595,2.0
856,hbm2_8hi_no_pim,0.4012763638344641,1.1518966019072439,0.46222887992661404
857,hbm2_4hi_1stack,1.6044046274905903,0.6232841658927869,1.0
857,hbm2_8hi_1stack,1.0,1.0,1.0
857,hbm2_12hi_1stack,0.6829579027270742,1.4642190916994529,1.0
857,hbm2_8hi_2stack,0.9657182128905356,2.0709974952359116,2.0
857,hbm2_8hi_no_pim,0.47890036368612154,1.0683632688972327,0.5116395580237784
858,hbm2_4hi_1stack,1.5036149796127207,0.6650638717749177,1.0
858,hbm2_8hi_1stack,1.0,1.0,1.0
858,hbm2_12hi_1stack,0.7280945084175352,1.3734480736208727,1.0
858,hbm2_8hi_2stack,1.0730908604577771,1.8637750759957143,2.0
858,hbm2_8hi_no_pim,0.773337434847655,1.0421466139037223,0.8059309891314742
859,hbm2_4hi_1stack,1.7145246839729908,0.5832520285929889,1.0
859,hbm2_8hi_1stack,1.0,1.0,1.0
859,hbm2_12hi_1stack,0.6383384468561837,1.5665670851019535,1.0
859,hbm2_8hi_2stack,0.7820831062782878,2.557272985370358,2.0
859,hbm2_8hi_no_pim,0.398286606525223,1.1384911237085689,0.45344576622097377
860,hbm2_4hi_1stack,1.60172178382962,0.6243281511780782,1.0
860,hbm2_8hi_1stack,1.0,1.0,1.0
860,hbm2_12hi_1stack,0.683929518109579,1.462138968301965,1.0
860,hbm2_8hi_2stack,0.9268092576475299,2.157941327729605,2.0
860,hbm2_8hi_no_pim,0.6024937994869071,1.0529995975063136,0.6344257283597627
861,hbm2_4hi_1stack,1.6168172381017725,0.6184990958990838,1.0
861,hbm2_8hi_1stack,1.0,1.0,1.0
861,hbm2_12hi_1stack,0.6773667221228933,1.4763051790704476,1.0
861,hbm2_8hi_2stack,0.8965437051141704,2.230789183607407,2.0
861,hbm2_8hi_no_pim,0.6887785989535989,1.0311325142902987,0.7102220085283738
862,hbm2_4hi_1stack,1.5031644519520564,0.6652632043695343,1.0
862,hbm2_8hi_1stack,1.0,1.0,1.0
862,hbm2_12hi_1stack,0.727788808727541,1.3740249753886575,1.0
862,hbm2_8hi_2stack,1.110817432213146,1.800475885596505,2.0
862,hbm2_8hi_no_pim,0.37633231184489857,1.1945106036572304,0.44953293699757085
863,hbm2_4hi_1stack,1.4295513896884169,0.6995201482179375,1.0
863,hbm2_8hi_1stack,1.0,1.0,1.0
863,hbm2_12hi_1stack,0.7680439975888568,1.3020087431700913,1.0
863,hbm2_8hi_2stack,1.182049734260521,1.6919761851231927,2.0
863,hbm2_8hi_no_pim,0.486199116900686,1.077785647256332,0.524018429904263
864,hbm2_4hi_1stack,1.4962390373585686,0.6683424072168179,1.0
864,hbm2_8hi_1stack,1.0,1.0,1.0
864,hbm2_12hi_1stack,0.7327763238071514,1.3646729124714123,1.0
864,hbm2_8hi_2stack,1.123210991592334,1.7806093556515816,2.0
864,hbm2_8hi_no_pim,0.5438979295481794,1.0517994447843009,0.5720715403181059
865,hbm2_4hi_1stack,1.636479657089642,0.6110677854550456,1.0
865,hbm2_8hi_1stack,1.0,1.0,1.0
865,hbm2_12hi_1stack,0.6666700054145225,1.4999924878549462,1.0
865,hbm2_8hi_2stack,0.9238444934867736,2.1648665052400764,2.0
865,hbm2_8hi_no_pim,0.8541774557677929,0.9515391693376954,0.8127833067282718
866,hbm2_4hi_1stack,1.577247697306454,0.6340158249764769,1.0
866,hbm2_8hi_1stack,1.0,1.0,1.0
866,hbm2_12hi_1stack,0.6916795586813436,1.4457561849976537,1.0
866,hbm2_8hi_2stack,0.9941480333816778,2.0117728274297666,2.0
866,hbm2_8hi_no_pim,0.47585542748660625,1.1151087270442135,0.5306305400016695
867,hbm2_4hi_1stack,1.6592246343202985,0.6026911482119177,1.0
867,hbm2_8hi_1stack,1.0,1.0,1.0
867,hbm2_12hi_1stack,0.6575121854856089,1.5208843608905058,1.0
867,hbm2_8hi_2stack,0.8421697305309421,2.374818195779975,2.0
867,hbm2_8hi_no_pim,0.949817434181857,0.9633631070416849,0.9150190745157949
868,hbm2_4hi_1stack,1.5732030758103468,0.6356458459661392,1.0
868,hbm2_8hi_1stack,1.0,1.0,1.0
868,hbm2_12hi_1stack,0.6958271900808947,1.4371384364611322,1.0
868,hbm2_8hi_2stack,0.9414110726385333,2.1244704445577787,2.0
868,hbm2_8hi_no_pim,0.5409240949505828,1.049577643783488,0.5677418370439484
869,hbm2_4hi_1stack,1.4445275896879726,0.692267843922598,1.0
869,hbm2_8hi_1stack,1.0,1.0,1.0
869,hbm2_12hi_1stack,0.7593728463766094,1.3168761627065766,1.0
869,hbm2_8hi_2stack,1.1781219217330996,1.6976171677188217,2.0
869,hbm2_8hi_no_pim,0.34952338909219166,1.1595103380730145,0.40527598305071294
870,hbm2_4hi_1stack,1.8547846156665648,0.539146158294301,1.0
870,hbm2_8hi_1stack,1.0,1.0,1.0
870,hbm2_12hi_1stack,0.5930357354291238,1.6862390244938523,1.0
870,hbm2_8hi_2stack,0.6822474425585255,2.9314877202026786,2.0
870,hbm2_8hi_no_pim,0.5189974545243188,1.0884584427457071,0.564907161140526
871,hbm2_4hi_1stack,1.408988792897387,0.7097288530901945,1.0
871,hbm2_8hi_1stack,1.0,1.0,1.0
871,hbm2_12hi_1stack,0.7747482717713164,1.2907418272953197,1.0
871,hbm2_8hi_2stack,1.1212401963415295,1.783739118991414,2.0
871,hbm2_8hi_no_pim,0.3401713187458093,1.227615618205251,0.4175996237578321
872,hbm2_4hi_1stack,1.7489509748708327,0.5717713157018904,1.0
872,hbm2_8hi_1stack,1.0,1.0,1.0
872,hbm2_12hi_1stack,0.6250452450510463,1.5998841810536961,1.0
872,hbm2_8hi_2stack,0.8081299776672016,2.4748494119390605,2.0
872,hbm2_8hi_no_pim,0.43588859075371084,1.0994647876501829,0.47924415687216615
873,hbm2_4hi_1stack,1.4408786841404104,0.6940209547180394,1.0
873,hbm2_8hi_1stack,1.0,1.0,1.0
873,hbm2_12hi_1stack,0.7604711206208589,1.3149743269456262,1.0
873,hbm2_8hi_2stack,1.1094850140705368,1.8026381380874135,2.0
873,hbm2_8hi_no_pim,0.5506447012710229,1.1046768626417856,0.6082844610303969
874,hbm2_4hi_1stack,1.5334138830869695,0.6521396545509714,1.0
874,hbm2_8hi_1stack,1.0,1.0,1.0
874,hbm2_12hi_1stack,0.7159005203778972,1.396842119170604,1.0
874,hbm2_8hi_2stack,1.0791456383483171,1.853317966480496,2.0
874,hbm2_8hi_no_pim,0.38068789157213534,1.149452334490987,0.4375825856800427
875,hbm2_4hi_1stack,1.457292695446642,0.6862039473089601,1.0
875,hbm2_8hi_1stack,1.0,1.0,1.0
875,hbm2_12hi_1stack,0.748252149071334,1.3364478822294246,1.0
875,hbm2_8hi_2stack,1.0819192389485284,1.8485668134931361,2.0
875,hbm2_8hi_no_pim,0.6041654728594138,1.1029455433328896,0.6663616157258984
876,hbm2_4hi_1stack,1.6280826811945046,0.6142194199045912,1.0
876,hbm2_8hi_1stack,1.0,1.0,1.0
876,hbm2_12hi_1stack,0.6715649855479522,1.4890591700281497,1.0
876,hbm2_8hi_2stack,0.8959801811824748,2.232192231484952,2.0
876,hbm2_8hi_no_pim,0.7470533465129977,1.0482947652946235,0.7831321125454059
877,hbm2_4hi_1stack,1.7793766390908876,0.5619945648555419,1.0
877,hbm2_8hi_1stack,1.0,1.0,1.0
877,hbm2_12hi_1stack,0.6150496389670255,1.6258850288563664,1.0
877,hbm2_8hi_2stack,0.7638105361332626,2.6184503949433067,2.0
877,hbm2_8hi_no_pim,0.3772853112801033,1.182579079877149,0.44616971626478824
878,hbm2_4hi_1stack,1.8175384441511122,0.550194689536294,1.0
878,hbm2_8hi_1stack,1.0,1.0,1.0
878,hbm2_12hi_1stack,0.6026530289773673,1.6593295842167834,1.0
878,hbm2_8hi_2stack,0.7344576331954424,2.7230978474530896,2.0
878,hbm2_8hi_no_pim,0.5329297177556548,1.109980996101961,0.5915418589667587
879,hbm2_4hi_1stack,1.433919983060442,0.69738898391365,1.0
879,hbm2_8hi_1stack,1.0,1.0,1.0
879,hbm2_12hi_1stack,0.762650384074469,1.3112168050811013,1.0
879,hbm2_8hi_2stack,1.1453133226897012,1.7462470403322623,2.0
879,hbm2_8hi_no_pim,0.618609244439341,1.0611079167597641,0.6564111666553608
880,hbm2_4hi_1stack,1.7140795565794338,0.5834034926567646,1.0
880,hbm2_8hi_1stack,1.0,1.0,1.0
880,hbm2_12hi_1stack,0.6377802795914541,1.5679381003134412,1.0
880,hbm2_8hi_2stack,0.8043355275573668,2.486524505604853,2.0
880,hbm2_8hi_no_pim,0.4696055163686484,1.1080614012874803,0.5203517465197753
881,hbm2_4hi_1stack,1.6753485190299084,0.5968907296847337,1.0
881,hbm2_8hi_1stack,1.0,1.0,1.0
881,hbm2_12hi_1stack,0.6511623237217691,1.5357153870396278,1.0
881,hbm2_8hi_2stack,0.8856932684599401,2.2581180993704932,2.0
881,hbm2_8hi_no_pim,0.4736564708630447,1.102214742583756,0.5220711451054412
882,hbm2_4hi_1stack,1.6435865199323714,0.6084255303098659,1.0
882,hbm2_8hi_1stack,1.0,1.0,1.0
882,hbm2_12hi_1stack,0.6644115938380466,1.50509113518533,1.0
882,hbm2_8hi_2stack,0.9170051977837257,2.18101271926672,2.0
882,hbm2_8hi_no_pim,1.0384986883487048,0.9337715029577262,0.9697204810389973
883,hbm2_4hi_1stack,1.4338680482828552,0.6974142433800385,1.0
883,hbm2_8hi_1stack,1.0,1.0,1.0
883,hbm2_12hi_1stack,0.7637452628937548,1.3093370899756545,1.0
883,hbm2_8hi_2stack,1.132706184320687,1.7656829526356401,2.0
883,hbm2_8hi_no_pim,0.3872424124969231,1.112648451747828,0.4308646707157952
884,hbm2_4hi_1stack,1.3988107611230287,0.7148929846644551,1.0
884,hbm2_8hi_1stack,1.0,1.0,1.0
884,hbm2_12hi_1stack,0.7837076251401237,1.2759860538822805,1.0
884,hbm2_8hi_2stack,1.2804207652203041,1.561986539366915,2.0
884,hbm2_8hi_no_pim,0.5103795673706603,1.1100869734639567,0.5665657092603398
885,hbm2_4hi_1stack,1.3767257840705662,0.7263610601112584,1.0
885,hbm2_8hi_1stack,1.0,1.0,1.0
885,hbm2_12hi_1stack,0.7962436667006371,1.2558969594617435,1.0
885,hbm2_8hi_2stack,1.2668323250830753,1.5787408960130895,2.0
885,hbm2_8hi_no_pim,1.0355878676144459,0.9272924483866987,0.9602928092797599
886,hbm2_4hi_1stack,1.7065275189020017,0.5859852764890723,1.0
886,hbm2_8hi_1stack,1.0,1.0,1.0
886,hbm2_12hi_1stack,0.6394327060693965,1.5638862236919608,1.0
886,hbm2_8hi_2stack,0.7789030583681696,2.567713630743822,2.0
886,hbm2_8hi_no_pim,0.3746282244782601,1.1792760110366516,0.44179007818446586
887,hbm2_4hi_1stack,1.738157307419904,0.5753219203642654,1.0
887,hbm2_8hi_1stack,1.0,1.0,1.0
887,hbm2_12hi_1stack,0.6314982083123926,1.5835357675398427,1.0
887,hbm2_8hi_2stack,0.8051751785193679,2.4839315137331837,2.0
887,hbm2_8hi_no_pim,0.48248983324746253,1.0785194334028887,0.5203746615767075
888,hbm2_4hi_1stack,1.5891864863484897,0.6292527708926867,1.0
888,hbm2_8hi_1stack,1.0,1.0,1.0
888,hbm2_12hi_1stack,0.6888780617411764,1.4516357183337296,1.0
888,hbm2_8hi_2stack,0.9146597721243057,2.186605403400416,2.0
888,hbm2_8hi_no_pim,0.7037001569304342,1.0466180750813683,0.7365053036809878
889,hbm2_4hi_1stack,1.7153480711346494,0.582972060789115,1.0
889,hbm2_8hi_1stack,1.0,1.0,1.0
889,hbm2_12hi_1stack,0.6391198973776482,1.5646516469023528,1.0
889,hbm2_8hi_2stack,0.8047231354631126,2.48532683088453,2.0
889,hbm2_8hi_no_pim,0.6947663058386968,0.9862697545689941,0.6852269939423382
890,hbm2_4hi_1stack,1.8071304828211312,0.5533634729235982,1.0
890,hbm2_8hi_1stack,1.0,1.0,1.0
890,hbm2_12hi_1stack,0.6072243391114414,1.6468378086809103,1.0
890,hbm2_8hi_2stack,0.7278221330326645,2.747924127652546,2.0
890,hbm2_8hi_no_pim,0.3797779155477121,1.1701016186933957,0.4443787537263817
891,hbm2_4hi_1stack,1.4178399297034978,0.7052982350476774,1.0
891,hbm2_8hi_1stack,1.0,1.0,1.0
891,hbm2_12hi_1stack,0.7685257691571635,1.30119254309025,1.0
891,hbm2_8hi_2stack,1.1442247917655346,1.7479082907424226,2.0
891,hbm2_8hi_no_pim,0.7124514723941169,1.0579600297654297,0.7537451809405041
892,hbm2_4hi_1stack,1.7961874230613057,0.5567347745346444,1.0
892,hbm2_8hi_1stack,1.0,1.0,1.0
892,hbm2_12hi_1stack,0.6119993675681988,1.6339886166443855,1.0
892,hbm2_8hi_2stack,0.7888689425084044,2.5352753698738653,2.0
892,hbm2_8hi_no_pim,1.0267461188199742,0.918677023089477,0.9432480679062084
893,hbm2_4hi_1stack,1.5997711532499483,0.6250894060494163,1.0
893,hbm2_8hi_1stack,1.0,1.0,1.0
893,hbm2_12hi_1stack,0.6824217042250468,1.4653695710566428,1.0
893,hbm2_8hi_2stack,0.9236593725852746,2.1653003903398975,2.0
893,hbm2_8hi_no_pim,0.85149135919278,0.9812328075210812,0.8355112569606729
894,hbm2_4hi_1stack,1.8554956530176883,0.5389395541690698,1.0
894,hbm2_8hi_1stack,1.0,1.0,1.0
894,hbm2_12hi_1stack,0.5906041400514495,1.693181493636138,1.0
894,hbm2_8hi_2stack,0.6862013055043019,2.9145966117481565,2.0
894,hbm2_8hi_no_pim,0.5966982718814725,1.088325556693733,0.6494019789235921
895,hbm2_4hi_1stack,1.6517910164207859,0.6054034620958701,1.0
895,hbm2_8hi_1stack,1.0,1.0,1.0
895,hbm2_12hi_1stack,0.6633205146007157,1.5075668217527505,1.0
895,hbm2_8hi_2stack,0.8993676822665823,2.223784598263092,2.0
895,hbm2_8hi_no_pim,0.4482302728382225,1.1085447208849857,0.49688330269564834
896,hbm2_4hi_1stack,1.747193887348551,0.5723463247216066,1.0
896,hbm2_8hi_1stack,1.0,1.0,1.0
896,hbm2_12hi_1stack,0.6276558817213015,1.593229712525869,1.0
896,hbm2_8hi_2stack,0.7604003844255282,2.63019330469036,2.0
896,hbm2_8hi_no_pim,0.40461296663445384,1.1069781515370765,0.44789771389294053
897,hbm2_4hi_1stack,1.5461023727720733,0.6467877015200857,1.0
897,hbm2_8hi_1stack,1.0,1.0,1.0
897,hbm2_12hi_1stack,0.7057565383470941,1.4169192145807592,1.0
897,hbm2_8hi_2stack,0.9664348704086356,2.06946175188644,2.0
897,hbm2_8hi_no_pim,0.5312329279171657,1.1080174123708197,0.5886153341569521
898,hbm2_4hi_1stack,1.7331180486628368,0.5769947412246593,1.0
898,hbm2_8hi_1stack,1.0,1.0,1.0
898,hbm2_12hi_1stack,0.6288723752840991,1.5901477617747806,1.0
898,hbm2_8hi_2stack,0.761386304472379,2.626787464197886,2.0
898,hbm2_8hi_no_pim,0.4854379538005114,1.1115875842388503,0.5396068023629611
899,hbm2_4hi_1stack,1.4523939439913942,0.6885184313367843,1.0
899,hbm2_8hi_1stack,1.0,1.0,1.0
899,hbm2_12hi_1stack,0.754140162203318,1.3260134522982712,1.0
899,hbm2_8hi_2stack,1.0797890166821589,1.8522136909165372,2.0
899,hbm2_8hi_no_pim,0.5787465997447577,1.0553033816294528,0.6107532438171902
900,hbm2_4hi_1stack,1.6586510186326966,0.6028995784926154,1.0
900,hbm2_8hi_1stack,1.0,1.0,1.0
900,hbm2_12hi_1stack,0.6577874111177106,1.5202480058120948,1.0
900,hbm2_8hi_2stack,0.881710519812813,2.268318178198214,2.0
900,hbm2_8hi_no_pim,0.7507504291012168,0.9722676249941317,0.7299303366655653
901,hbm2_4hi_1stack,1.5093193722353664,0.6625502980982463,1.0
901,hbm2_8hi_1stack,1.0,1.0,1.0
901,hbm2_12hi_1stack,0.7238994128710684,1.3814073919937093,1.0
901,hbm2_8hi_2stack,1.0031380138701786,1.9937436049141994,2.0
901,hbm2_8hi_no_pim,0.7180155348638827,1.0038407817538477,0.7207732758291671
902,hbm2_4hi_1stack,1.450758417018687,0.689294639458307,1.0
902,hbm2_8hi_1stack,1.0,1.0,1.0
902,hbm2_12hi_1stack,0.7509062142046777,1.3317242301146088,1.0
902,hbm2_8hi_2stack,1.140579637913412,1.753494393130514,2.0
902,hbm2_8hi_no_pim,0.6755260500799977,1.033716347277596,0.6983023209795576
903,hbm2_4hi_1stack,1.467289022376823,0.6815289862798307,1.0
903,hbm2_8hi_1stack,1.0,1.0,1.0
903,hbm2_12hi_1stack,0.744476770709244,1.3432252547615764,1.0
903,hbm2_8hi_2stack,1.0303283315542509,1.9411288021003936,2.0
903,hbm2_8hi_no_pim,0.5146262980928985,1.0774898265621866,0.5545046006764573
904,hbm2_4hi_1stack,1.3987465486614132,0.7149258033608663,1.0
904,hbm2_8hi_1stack,1.0,1.0,1.0
904,hbm2_12hi_1stack,0.7786039588111615,1.2843500070650613,1.0
904,hbm2_8hi_2stack,1.1799261957708962,1.6950212709645918,2.0
904,hbm2_8hi_no_pim,0.3823791862624541,1.1622260948040135,0.4444110683841485
905,hbm2_4hi_1stack,1.405817524890425,0.7113298719746319,1.0
905,hbm2_8hi_1stack,1.0,1.0,1.0
905,hbm2_12hi_1stack,0.7764662800048362,1.287885933686356,1.0
905,hbm2_8hi_2stack,1.1587491413893076,1.7259991214337007,2.0
905,hbm2_8hi_no_pim,0.44679844626127735,1.1195773261057427,0.5002254097734012
906,hbm2_4hi_1stack,1.6959981972172617,0.5896232682562795,1.0
906,hbm2_8hi_1stack,1.0,1.0,1.0
906,hbm2_12hi_1stack,0.6419147945639166,1.5578391532155724,1.0
906,hbm2_8hi_2stack,0.7942914927848597,2.5179672930750074,2.0
906,hbm2_8hi_no_pim,0.7753463060311353,1.039574643847201,0.8060303599505605
907,hbm2_4hi_1stack,1.5300117211674773,0.6535897641600737,1.0
907,hbm2_8hi_1stack,1.0,1.0,1.0
907,hbm2_12hi_1stack,0.7141521111887614,1.4002619110590075,1.0
907,hbm2_8hi_2stack,1.0477917411070226,1.9087762591895807,2.0
907,hbm2_8hi_no_pim,0.40963424312726554,1.1268622652480096,0.4616013711335444
908,hbm2_4hi_1stack,1.6592391023331126,0.6026858929456677,1.0
908,hbm2_8hi_1stack,1.0,1.0,1.0
908,hbm2_12hi_1stack,0.6600581905649471,1.5150179397729995,1.0
908,hbm2_8hi_2stack,0.8583089697566189,2.330163228478339,2.0
908,hbm2_8hi_no_pim,0.4105996945804864,1.1315530584590054,0.4646153402048829
909,hbm2_4hi_1stack,1.4657782308170366,0.6822314446862756,1.0
909,hbm2_8hi_1stack,1.0,1.0,1.0
909,hbm2_12hi_1stack,0.7435557647079201,1.3448890419036899,1.0
909,hbm2_8hi_2stack,1.057762650706556,1.8907833422403937,2.0
909,hbm2_8hi_no_pim,0.6819997441392898,1.0295267581742646,0.702136985659401
910,hbm2_4hi_1stack,1.4968673735121243,0.6680618588497147,1.0
910,hbm2_8hi_1stack,1.0,1.0,1.0
910,hbm2_12hi_1stack,0.7327993283719945,1.364630071675455,1.0
910,hbm2_8hi_2stack,1.0963980096285884,1.824155080943199,2.0
910,hbm2_8hi_no_pim,0.5508170484732795,1.0444283599311253,0.5752889465590504
911,hbm2_4hi_1stack,1.4304883235443648,0.6990619801231717,1.0
911,hbm2_8hi_1stack,1.0,1.0,1.0
911,hbm2_12hi_1stack,0.7657307471312493,1.3059420739553977,1.0
911,hbm2_8hi_2stack,1.1361520797709832,1.760327719862243,2.0
911,hbm2_8hi_no_pim,0.3618845005277722,1.135592081630683,0.4109531732642129
912,hbm2_4hi_1stack,1.4422509711388827,0.6933606009017582,1.0
912,hbm2_8hi_1stack,1.0,1.0,1.0
912,hbm2_12hi_1stack,0.7592281197378314,1.317127190106327,1.0
912,hbm2_8hi_2stack,1.1932594863943329,1.676081374423757,2.0
912,hbm2_8hi_no_pim,0.5180569027130192,1.1185829809117296,0.5794896345186269
913,hbm2_4hi_1stack,1.7552792415457437,0.5697099221200693,1.0
913,hbm2_8hi_1stack,1.0,1.0,1.0
913,hbm2_12hi_1stack,0.6259911913570557,1.597466567911521,1.0
913,hbm2_8hi_2stack,0.8165761411284722,2.4492510854359377,2.0
913,hbm2_8hi_no_pim,0.38112010838181987,1.192983657549124,0.454670060862862
914,hbm2_4hi_1stack,1.616451479912876,0.6186390451100322,1.0
914,hbm2_8hi_1stack,1.0,1.0,1.0
914,hbm2_12hi_1stack,0.6724806291651004,1.4870316803645662,1.0
914,hbm2_8hi_2stack,0.9228446834225662,2.1672119219266386,2.0
914,hbm2_8hi_no_pim,0.5921909255296606,1.0546952577840634,0.6245809608588885
915,hbm2_4hi_1stack,1.7743774326708412,0.5635779522368997,1.0
915,hbm2_8hi_1stack,1.0,1.0,1.0
915,hbm2_12hi_1stack,0.6190218385350408,1.6154518915949252,1.0
915,hbm2_8hi_2stack,0.7658787369580166,2.611379456679752,2.0
915,hbm2_8hi_no_pim,0.3890815084109856,1.1509357843528838,0.4478078310602009
916,hbm2_4hi_1stack,1.404820184906007,0.7118348744874473,1.0
916,hbm2_8hi_1stack,1.0,1.0,1.0
916,hbm2_12hi_1stack,0.7749543602379018,1.2903985722372242,1.0
916,hbm2_8hi_2stack,1.109810105343268,1.8021101000710327,2.0
916,hbm2_8hi_no_pim,0.43758851600046794,1.1591369972261365,0.5072250384574236
917,hbm2_4hi_1stack,1.5453227132614373,0.6471140244159604,1.0
917,hbm2_8hi_1stack,1.0,1.0,1.0
917,hbm2_12hi_1stack,0.705587637252943,1.4172583917332928,1.0
917,hbm2_8hi_2stack,0.9434182502334212,2.11995050923083,2.0
917,hbm2_8hi_no_pim,0.519339205757106,1.0675367420860056,0.5544136837514747
918,hbm2_4hi_1stack,1.654750760897721,0.6043206165123555,1.0
918,hbm2_8hi_1stack,1.0,1.0,1.0
918,hbm2_12hi_1stack,0.6592161686406307,1.5169530839361836,1.0
918,hbm2_8hi_2stack,0.886259941835416,2.2566742617950935,2.0
918,hbm2_8hi_no_pim,0.5355436196913766,1.0959071756594199,0.586906095698399
919,hbm2_4hi_1stack,1.6278327696500603,0.6143137173820212,1.0
919,hbm2_8hi_1stack,1.0,1.0,1.0
919,hbm2_12hi_1stack,0.6759131002136799,1.4794801279689132,1.0
919,hbm2_8hi_2stack,0.8989215411368314,2.224888278314787,2.0
919,hbm2_8hi_no_pim,0.78199481616055,1.0425608810903038,0.8152772045443931
920,hbm2_4hi_1stack,1.4824372211454349,0.6745648218595928,1.0
920,hbm2_8hi_1stack,1.0,1.0,1.0
920,hbm2_12hi_1stack,0.7413362181742233,1.3489156141093694,1.0
920,hbm2_8hi_2stack,1.0875717302825763,1.8389591640823117,2.0
920,hbm2_8hi_no_pim,0.37958817795467437,1.1587797319745585,0.4398590871110286
921,hbm2_4hi_1stack,1.6905847911234768,0.5915112955295492,1.0
921,hbm2_8hi_1stack,1.0,1.0,1.0
921,hbm2_12hi_1stack,0.6467274184735596,1.5462464887606793,1.0
921,hbm2_8hi_2stack,0.816383084070697,2.4498302806906325,2.0
921,hbm2_8hi_no_pim,0.5823860279268114,1.0364630618388815,0.6036216056772072
922,hbm2_4hi_1stack,1.6728849694091779,0.5977697321012906,1.0
922,hbm2_8hi_1stack,1.0,1.0,1.0
922,hbm2_12hi_1stack,0.6507733276720277,1.5366333521646316,1.0
922,hbm2_8hi_2stack,0.8649596595502568,2.3122465630823954,2.0
922,hbm2_8hi_no_pim,0.6806633111976467,1.0315084037724072,0.7021099256399257
923,hbm2_4hi_1stack,1.4415961735187042,0.6936755371368398,1.0
923,hbm2_8hi_1stack,1.0,1.0,1.0
923,hbm2_12hi_1stack,0.7592461012040415,1.3170959961653563,1.0
923,hbm2_8hi_2stack,1.1698180905439979,1.7096675253756286,2.0
923,hbm2_8hi_no_pim,0.5441942775771327,1.0787368630595837,0.5870424278885324
924,hbm2_4hi_1stack,1.695028354975125,0.5899606322601461,1.0
924,hbm2_8hi_1stack,1.0,1.0,1.0
924,hbm2_12hi_1stack,0.6478111310025075,1.543659798578128,1.0
924,hbm2_8hi_2stack,0.873161630096709,2.290526668903769,2.0
924,hbm2_8hi_no_pim,0.4920337002553073,1.0669855200337572,0.5249928335410429
925,hbm2_4hi_1stack,1.5249332865161591,0.6557663924331967,1.0
925,hbm2_8hi_1stack,1.0,1.0,1.0
925,hbm2_12hi_1stack,0.718088718141163,1.392585588294145,1.0
925,hbm2_8hi_2stack,1.0663824514004632,1.8754997303016676,2.0
925,hbm2_8hi_no_pim,0.43823119107736014,1.1248984588552302,0.49296559146521435
926,hbm2_4hi_1stack,1.8414568871997306,0.5430482825588611,1.0
926,hbm2_8hi_1stack,1.0,1.0,1.0
926,hbm2_12hi_1stack,0.5942556375833448,1.682777472783755,1.0
926,hbm2_8hi_2stack,0.7230945124744165,2.765890164421295,2.0
926,hbm2_8hi_no_pim,0.6351393280649019,1.0394998309380077,0.6602272241455454
927,hbm2_4hi_1stack,1.8044917834632421,0.5541726535771562,1.0
927,hbm2_8hi_1stack,1.0,1.0,1.0
927,hbm2_12hi_1stack,0.6056787033882995,1.6510403856133302,1.0
927,hbm2_8hi_2stack,0.7172357207947235,2.7884835375794257,2.0
927,hbm2_8hi_no_pim,0.45666945984611385,1.1354477238835607,0.5185242987494051
928,hbm2_4hi_1stack,1.557830402457658,0.641918400374254,1.0
928,hbm2_8hi_1stack,1.0,1.0,1.0
928,hbm2_12hi_1stack,0.7004814009136369,1.427589652909701,1.0
928,hbm2_8hi_2stack,1.0183313778162801,1.9639972248413082,2.0
928,hbm2_8hi_no_pim,0.6425287260073036,1.0209449184893848,0.6559864378006148
929,hbm2_4hi_1stack,1.557966330077173,0.6418623950303635,1.0
929,hbm2_8hi_1stack,1.0,1.0,1.0
929,hbm2_12hi_1stack,0.6999151666827067,1.428744578774546,1.0
929,hbm2_8hi_2stack,0.9856553420453543,2.0291068436252346,2.0
929,hbm2_8hi_no_pim,0.9214109594498042,0.9631561052215343,0.8874625910121104
930,hbm2_4hi_1stack,1.627144155435469,0.6145736975175209,1.0
930,hbm2_8hi_1stack,1.0,1.0,1.0
930,hbm2_12hi_1stack,0.6725715561043435,1.4868306441506112,1.0
930,hbm2_8hi_2stack,0.9333386540557655,2.142844926982423,2.0
930,hbm2_8hi_no_pim,0.4756374942822813,1.0839114085177783,0.5155489063713743
931,hbm2_4hi_1stack,1.4143043499316417,0.7070613903212088,1.0
931,hbm2_8hi_1stack,1.0,1.0,1.0
931,hbm2_12hi_1stack,0.7774888642290868,1.286192054971157,1.0
931,hbm2_8hi_2stack,1.2275033930953374,1.6293233984117097,2.0
931,hbm2_8hi_no_pim,0.6918845613615954,1.0490107719317214,0.7257943578015676
932,hbm2_4hi_1stack,1.546807535477105,0.6464928422342829,1.0
932,hbm2_8hi_1stack,1.0,1.0,1.0
932,hbm2_12hi_1stack,0.7049636455778581,1.4185128641354277,1.0
932,hbm2_8hi_2stack,1.0048229484135096,1.990400401541138,2.0
932,hbm2_8hi_no_pim,0.5933085683998632,1.0665287561611598,0.6327806494752646
933,hbm2_4hi_1stack,1.6320658738217446,0.6127203662792968,1.0
933,hbm2_8hi_1stack,1.0,1.0,1.0
933,hbm2_12hi_1stack,0.6662712059996897,1.5008903146273227,1.0
933,hbm2_8hi_2stack,0.9189943967850349,2.176291832677873,2.0
933,hbm2_8hi_no_pim,0.43060325698287377,1.1058126751289854,0.4761665395234856
934,hbm2_4hi_1stack,1.9259412054123803,0.519226649904861,1.0
934,hbm2_8hi_1stack,1.0,1.0,1.0
934,hbm2_12hi_1stack,0.5700816034460259,1.7541348360571645,1.0
934,hbm2_8hi_2stack,0.652091338592547,3.067054999253227,2.0
934,hbm2_8hi_no_pim,0.6655833929983771,1.0762237803631298,0.7163166753596322
935,hbm2_4hi_1stack,1.8091669717143293,0.5527405793023187,1.0
935,hbm2_8hi_1stack,1.0,1.0,1.0
935,hbm2_12hi_1stack,0.6048759509281052,1.6532315402284175,1.0
935,hbm2_8hi_2stack,0.7353773672650503,2.7196920778759086,2.0
935,hbm2_8hi_no_pim,0.4195405456576633,1.0945810789061945,0.45922114311085865
936,hbm2_4hi_1stack,1.5480774712236351,0.6459625041953343,1.0
936,hbm2_8hi_1stack,1.0,1.0,1.0
936,hbm2_12hi_1stack,0.7083672369336143,1.4116971365429152,1.0
936,hbm2_8hi_2stack,1.0591552838371978,1.8882972407541887,2.0
936,hbm2_8hi_no_pim,0.9535263274286421,0.9298848615760378,0.8866696969900905
937,hbm2_4hi_1stack,1.580352230915421,0.6327703283088661,1.0
937,hbm2_8hi_1stack,1.0,1.0,1.0
937,hbm2_12hi_1stack,0.6899075960809842,1.4494694734200548,1.0
937,hbm2_8hi_2stack,0.9340003156757842,2.141326899395023,2.0
937,hbm2_8hi_no_pim,0.3974651197538328,1.1789075708822108,0.46857463883939804
938,hbm2_4hi_1stack,1.450506258573874,0.6894144675964321,1.0
938,hbm2_8hi_1stack,1.0,1.0,1.0
938,hbm2_12hi_1stack,0.7567940915199397,1.3213633816717667,1.0
938,hbm2_8hi_2stack,1.1607601159476666,1.723008890917278,2.0
938,hbm2_8hi_no_pim,0.4077966591641343,1.1565264193903124,0.4716276100624279
939,hbm2_4hi_1stack,1.4930203628525187,0.6697832292718572,1.0
939,hbm2_8hi_1stack,1.0,1.0,1.0
939,hbm2_12hi_1stack,0.7326541732409396,1.364900435326042,1.0
939,hbm2_8hi_2stack,1.049196647694428,1.906220349059376,2.0
939,hbm2_8hi_no_pim,0.6704738783173396,1.0425810335072414,0.6990233489957004
940,hbm2_4hi_1stack,1.5056842479650367,0.6641498716291417,1.0
940,hbm2_8hi_1stack,1.0,1.0,1.0
940,hbm2_12hi_1stack,0.7226556372863421,1.3837849570441587,1.0
940,hbm2_8hi_2stack,1.0031524205780662,1.993714971895797,2.0
940,hbm2_8hi_no_pim,0.33302562620855286,1.203059234708939,0.40064955500492677
941,hbm2_4hi_1stack,1.6678464816197467,0.5995755670682829,1.0
941,hbm2_8hi_1stack,1.0,1.0,1.0
941,hbm2_12hi_1stack,0.6566361445496111,1.522913425190603,1.0
941,hbm2_8hi_2stack,0.8570924207317028,2.333470640532083,2.0
941,hbm2_8hi_no_pim,0.4279416927198616,1.089183039472114,0.46610683359346033
942,hbm2_4hi_1stack,1.6067148382340821,0.6223879783789674,1.0
942,hbm2_8hi_1stack,1.0,1.0,1.0
942,hbm2_12hi_1stack,0.6814650459622076,1.4674266947735095,1.0
942,hbm2_8hi_2stack,0.9313834673493742,2.1473432480950123,2.0
942,hbm2_8hi_no_pim,0.3409948761800517,1.2069864012170677,0.4115761784340202
943,hbm2_4hi_1stack,1.5377330530654651,0.6503079308898926,1.0
943,hbm2_8hi_1stack,1.0,1.0,1.0
943,hbm2_12hi_1stack,0.7135938939228311,1.4013572825051963,1.0
943,hbm2_8hi_2stack,0.9829360148096334,2.0347204394452296,2.0
943,hbm2_8hi_no_pim,0.37887880329853313,1.1143677731228385,0.4222103283152323
944,hbm2_4hi_1stack,1.4597898378110958,0.6850301146769628,1.0
944,hbm2_8hi_1stack,1.0,1.0,1.0
944,hbm2_12hi_1stack,0.7489706243833645,1.3351658495596015,1.0
944,hbm2_8hi_2stack,1.0734282487841569,1.863189274425511,2.0
944,hbm2_8hi_no_pim,0.5439110795796168,1.062872838379194,0.578108312978679
945,hbm2_4hi_1stack,1.590841684855963,0.628598061969027,1.0
945,hbm2_8hi_1stack,1.0,1.0,1.0
945,hbm2_12hi_1stack,0.6876503715978928,1.4542273825524163,1.0
945,hbm2_8hi_2stack,0.9419661749613628,2.1232184903900984,2.0
945,hbm2_8hi_no_pim,0.4071619341888838,1.1234581834147839,0.4574294069394932
946,hbm2_4hi_1stack,1.7077330980354788,0.5855715984836084,1.0
946,hbm2_8hi_1stack,1.0,1.0,1.0
946,hbm2_12hi_1stack,0.638920599051709,1.5651397082582843,1.0
946,hbm2_8hi_2stack,0.7804139763857856,2.5627424168673922,2.0
946,hbm2_8hi_no_pim,0.8372582115736855,1.0290434867302745,0.8615751093313392
947,hbm2_4hi_1stack,1.778004458117381,0.5624282860678753,1.0
947,hbm2_8hi_1stack,1.0,1.0,1.0
947,hbm2_12hi_1stack,0.6166156467714704,1.621755797531066,1.0
947,hbm2_8hi_2stack,0.7233101121654667,2.7650657254221738,2.0
947,hbm2_8hi_no_pim,0.4250185899767188,1.141438189453284,0.4851324498270136
948,hbm2_4hi_1stack,1.4516034304792897,0.6888933843796583,1.0
948,hbm2_8hi_1stack,1.0,1.0,1.0
948,hbm2_12hi_1stack,0.7533325317879599,1.3274350407071887,1.0
948,hbm2_8hi_2stack,1.1464605674512827,1.7444995988359515,2.0
948,hbm2_8hi_no_pim,0.8341565144062016,1.0169844164088417,0.8483241759970246
949,hbm2_4hi_1stack,1.4109675123318963,0.7087335401134126,1.0
949,hbm2_8hi_1stack,1.0,1.0,1.0
949,hbm2_12hi_1stack,0.7777392460361822,1.285777984197904,1.0
949,hbm2_8hi_2stack,1.2251394460416765,1.6324672317602975,2.0
949,hbm2_8hi_no_pim,0.46927228646695873,1.1534224734983107,0.5412692014009274
950,hbm2_4hi_1stack,1.6591425774429525,0.6027209557488339,1.0
950,hbm2_8hi_1stack,1.0,1.0,1.0
950,hbm2_12hi_1stack,0.6606981163761266,1.5135505538973164,1.0
950,hbm2_8hi_2stack,0.8430761280417585,2.3722650108068746,2.0
950,hbm2_8hi_no_pim,0.8621448454549048,1.0101027542363779,0.8708548829446956
951,hbm2_4hi_1stack,1.6057533100680426,0.6227606654957639,1.0
951,hbm2_8hi_1stack,1.0,1.0,1.0
951,hbm2_12hi_1stack,0.6804323772918245,1.4696537574829704,1.0
951,hbm2_8hi_2stack,0.9488890649582881,2.1077279461408036,2.0
951,hbm2_8hi_no_pim,0.3563436048503029,1.2095684302827892,0.4310219747600914
952,hbm2_4hi_1stack,1.5290887971513212,0.653984256416626,1.0
952,hbm2_8hi_1stack,1.0,1.0,1.0
952,hbm2_12hi_1stack,0.7147841411180618,1.399023764623268,1.0
952,hbm2_8hi_2stack,0.9874493620765562,2.0254203170419807,2.0
952,hbm2_8hi_no_pim,0.6228645165045129,1.014797317671447,0.6320812406215025
953,hbm2_4hi_1stack,1.422703237951527,0.7028872735538619,1.0
953,hbm2_8hi_1stack,1.0,1.0,1.0
953,hbm2_12hi_1stack,0.7679521800487428,1.3021644133317376,1.0
953,hbm2_8hi_2stack,1.1772854321397055,1.6988233655155474,2.0
953,hbm2_8hi_no_pim,0.994490364351159,0.9362771318021303,0.9311185859395588
954,hbm2_4hi_1stack,1.4086428784433949,0.7099031381928675,1.0
954,hbm2_8hi_1stack,1.0,1.0,1.0
954,hbm2_12hi_1stack,0.777466553945525,1.2862289637093087,1.0
954,hbm2_8hi_2stack,1.192736149406412,1.6768167888558911,2.0
954,hbm2_8hi_no_pim,0.8972804878267812,0.9650172000899646,0.8658911040579579
955,hbm2_4hi_1stack,1.7335810684450765,0.576840632493145,1.0
955,hbm2_8hi_1stack,1.0,1.0,1.0
955,hbm2_12hi_1stack,0.632250104937209,1.5816525646908568,1.0
955,hbm2_8hi_2stack,0.8203234894085302,2.4380625763161317,2.0
955,hbm2_8hi_no_pim,0.964367267218437,0.9875130731972591,0.9523252837417211
956,hbm2_4hi_1stack,1.6156290829418407,0.6189539483772699,1.0
956,hbm2_8hi_1stack,1.0,1.0,1.0
956,hbm2_12hi_1stack,0.6755230166452874,1.4803344599064836,1.0
956,hbm2_8hi_2stack,0.9326436333884794,2.1444418086398156,2.0
956,hbm2_8hi_no_pim,0.7626095909948275,0.9879317396970315,0.7534062199411616
957,hbm2_4hi_1stack,1.7780497246539693,0.5624139674691114,1.0
957,hbm2_8hi_1stack,1.0,1.0,1.0
957,hbm2_12hi_1stack,0.6176558628613122,1.6190245412185764,1.0
957,hbm2_8hi_2stack,0.7354885020188019,2.719281123376246,2.0
957,hbm2_8hi_no_pim,0.7313306597195366,1.0204620657503691,0.7462951957639786
958,hbm2_4hi_1stack,1.4444100363695898,0.6923241841447051,1.0
958,hbm2_8hi_1stack,1.0,1.0,1.0
958,hbm2_12hi_1stack,0.7557492926983745,1.3231901235785977,1.0
958,hbm2_8hi_2stack,1.1731450172020368,1.7048190723854593,2.0
958,hbm2_8hi_no_pim,0.9828088273344079,0.9257897860582297,0.9098743739940611
959,hbm2_4hi_1stack,1.825611920425289,0.547761541657245,1.0
959,hbm2_8hi_1stack,1.0,1.0,1.0
959,hbm2_12hi_1stack,0.6002022975420506,1.6661049184503318,1.0
959,hbm2_8hi_2stack,0.6906782203065442,2.8957044557049136,2.0
959,hbm2_8hi_no_pim,0.7766956210210811,0.9825981387913418,0.7631796716226997
960,hbm2_4hi_1stack,1.7322762894539603,0.5772751183445541,1.0
960,hbm2_8hi_1stack,1.0,1.0,1.0
960,hbm2_12hi_1stack,0.6320780187162022,1.582083177059495,1.0
960,hbm2_8hi_2stack,0.8406705214249882,2.3790533259211673,2.0
960,hbm2_8hi_no_pim,0.5851690191407036,1.0936101431888294,0.6399467748121318
961,hbm2_4hi_1stack,1.7400347248561585,0.5747011744737829,1.0
961,hbm2_8hi_1stack,1.0,1.0,1.0
961,hbm2_12hi_1stack,0.6319458221664008,1.582414132546769,1.0
961,hbm2_8hi_2stack,0.7778462865722541,2.571202092914048,2.0
961,hbm2_8hi_no_pim,0.7088558206599421,1.0611161390303046,0.7521783515478357
962,hbm2_4hi_1stack,1.8170564973609522,0.5503406203672672,1.0
962,hbm2_8hi_1stack,1.0,1.0,1.0
962,hbm2_12hi_1stack,0.6051340318234922,1.652526460934003,1.0
962,hbm2_8hi_2stack,0.7569826444340075,2.6420685001244526,2.0
962,hbm2_8hi_no_pim,0.8342802135804068,1.003060146007447,0.836833232845087
963,hbm2_4hi_1stack,1.408649205727719,0.7098999494933818,1.0
963,hbm2_8hi_1stack,1.0,1.0,1.0
963,hbm2_12hi_1stack,0.7784773187347478,1.2845589408119058,1.0
963,hbm2_8hi_2stack,1.2099933243398977,1.652901681165129,2.0
963,hbm2_8hi_no_pim,0.4834309446709872,1.1334341346564882,0.547937134439329
964,hbm2_4hi_1stack,1.6539218282251484,0.604623497274425,1.0
964,hbm2_8hi_1stack,1.0,1.0,1.0
964,hbm2_12hi_1stack,0.6634782221060145,1.5072084760006095,1.0
964,hbm2_8hi_2stack,0.8439564033998223,2.369790657364685,2.0
964,hbm2_8hi_no_pim,0.33292599803526274,1.204001777470566,0.4008434934006185
965,hbm2_4hi_1stack,1.7639082868614309,0.5669228992508033,1.0
965,hbm2_8hi_1stack,1.0,1.0,1.0
965,hbm2_12hi_1stack,0.6187969189095677,1.6160390742768747,1.0
965,hbm2_8hi_2stack,0.7686092904294843,2.60210229684114,2.0
965,hbm2_8hi_no_pim,0.44993938097088465,1.0980294649274123,0.4940466977372316
966,hbm2_4hi_1stack,1.5680797396311197,0.6377226710647019,1.0
966,hbm2_8hi_1stack,1.0,1.0,1.0
966,hbm2_12hi_1stack,0.6955150490915227,1.4377834114534165,1.0
966,hbm2_8hi_2stack,0.9506878721260684,2.1037398904935065,2.0
966,hbm2_8hi_no_pim,0.5176834573335614,1.0640612582688804,0.5508469109953336
967,hbm2_4hi_1stack,1.6817879770825148,0.594605273451147,1.0
967,hbm2_8hi_1stack,1.0,1.0,1.0
967,hbm2_12hi_1stack,0.6520876250955742,1.533536232731657,1.0
967,hbm2_8hi_2stack,0.8126504009713009,2.4610828932214246,2.0
967,hbm2_8hi_no_pim,0.9906843769672327,0.988244942949271,0.979038825596717
968,hbm2_4hi_1stack,1.4280423797409465,0.7002593299656867,1.0
968,hbm2_8hi_1stack,1.0,1.0,1.0
968,hbm2_12hi_1stack,0.7623459527823662,1.3117404196221647,1.0
968,hbm2_8hi_2stack,1.1717037276463342,1.7069161365710683,2.0
968,hbm2_8hi_no_pim,0.4610606207797685,1.1258719940737765,0.5190952405062113
969,hbm2_4hi_1stack,1.4946488509730351,0.6690534698829009,1.0
969,hbm2_8hi_1stack,1.0,1.0,1.0
969,hbm2_12hi_1stack,0.7321341766730887,1.3658698526329256,1.0
969,hbm2_8hi_2stack,1.0749531618233743,1.860546181014555,2.0
969,hbm2_8hi_no_pim,0.8478647735968758,0.9566402046143465,0.8111015304990119
970,hbm2_4hi_1stack,1.6839603529791112,0.5938382089761733,1.0
970,hbm2_8hi_1stack,1.0,1.0,1.0
970,hbm2_12hi_1stack,0.6487387767018732,1.5414524858278178,1.0
970,hbm2_8hi_2stack,0.8538157226941454,2.3424258266047904,2.0
970,hbm2_8hi_no_pim,0.36091207788537594,1.133998735496565,0.4092738399474541
971,hbm2_4hi_1stack,1.4328434205417293,0.6979129649923088,1.0
971,hbm2_8hi_1stack,1.0,1.0,1.0
971,hbm2_12hi_1stack,0.7633911404310161,1.3099444662606288,1.0
971,hbm2_8hi_2stack,1.1110587434109211,1.8000848396728804,2.0
971,hbm2_8hi_no_pim,0.36015077344064234,1.1913465059490393,0.4290643655533533
972,hbm2_4hi_1stack,1.869674656293819,0.5348524122278364,1.0
972,hbm2_8hi_1stack,1.0,1.0,1.0
972,hbm2_12hi_1stack,0.5857660889365315,1.707166083676024,1.0
972,hbm2_8hi_2stack,0.686069539604595,2.91515638655619,2.0
972,hbm2_8hi_no_pim,0.37636120467197764,1.126683486138643,0.4240399541271631
973,hbm2_4hi_1stack,1.482892652782563,0.6743576469433289,1.0
973,hbm2_8hi_1stack,1.0,1.0,1.0
973,hbm2_12hi_1stack,0.7391259524050608,1.3529493812875524,1.0
973,hbm2_8hi_2stack,1.05349731348941,1.8984386332942507,2.0
973,hbm2_8hi_no_pim,0.7619188072507337,0.9823479016312987,0.7484693415161802
974,hbm2_4hi_1stack,1.671953385984318,0.5981027990270653,1.0
974,hbm2_8hi_1stack,1.0,1.0,1.0
974,hbm2_12hi_1stack,0.652812559122272,1.5318332743851206,1.0
974,hbm2_8hi_2stack,0.8709952477430255,2.2962237798455485,2.0
974,hbm2_8hi_no_pim,0.3713841388453368,1.207237106604043,0.44834871321827857
975,hbm2_4hi_1stack,1.703088229699551,0.5871686402156712,1.0
975,hbm2_8hi_1stack,1.0,1.0,1.0
975,hbm2_12hi_1stack,0.6396268332595798,1.5634115831318944,1.0
975,hbm2_8hi_2stack,0.7633754068343699,2.6199429299062307,2.0
975,hbm2_8hi_no_pim,1.0262054989124194,0.9506547315749504,0.9755671131093242
976,hbm2_4hi_1stack,1.7061917661508075,0.5861005895345598,1.0
976,hbm2_8hi_1stack,1.0,1.0,1.0
976,hbm2_12hi_1stack,0.6399687888926942,1.5625762027086505,1.0
976,hbm2_8hi_2stack,0.7926341640998714,2.5232321423733146,2.0
976,hbm2_8hi_no_pim,0.34967817082524505,1.1578814924962122,0.40488588232848016
977,hbm2_4hi_1stack,1.5024866536787458,0.6655633163539668,1.0
977,hbm2_8hi_1stack,1.0,1.0,1.0
977,hbm2_12hi_1stack,0.7310033412355724,1.367982803347736,1.0
977,hbm2_8hi_2stack,1.0413342930682472,1.9206128265564797,2.0
977,hbm2_8hi_no_pim,0.7736332421713272,0.9674377802446926,0.7484420265297336
978,hbm2_4hi_1stack,1.489886521040346,0.6711920578365445,1.0
978,hbm2_8hi_1stack,1.0,1.0,1.0
978,hbm2_12hi_1stack,0.735514470731188,1.3595925570381806,1.0
978,hbm2_8hi_2stack,1.1224863143423256,1.7817589171871704,2.0
978,hbm2_8hi_no_pim,0.42244963414354464,1.1083789460353446,0.46823428024503894
979,hbm2_4hi_1stack,1.5909849266453588,0.6285414671454689,1.0
979,hbm2_8hi_1stack,1.0,1.0,1.0
979,hbm2_12hi_1stack,0.6872215222181619,1.4551348694264918,1.0
979,hbm2_8hi_2stack,0.9297723967539135,2.1510640743719,2.0
979,hbm2_8hi_no_pim,0.5546853802423162,1.06299507552165,0.589627827661436
980,hbm2_4hi_1stack,1.5010934217291234,0.6661810554389684,1.0
980,hbm2_8hi_1stack,1.0,1.0,1.0
980,hbm2_12hi_1stack,0.7284442856750847,1.3727885847484567,1.0
980,hbm2_8hi_2stack,1.0576224736905817,1.891033946187797,2.0
980,hbm2_8hi_no_pim,0.33831451653898637,1.2029180484939488,0.40696463801225125
981,hbm2_4hi_1stack,1.7204121023385623,0.58125608314467,1.0
981,hbm2_8hi_1stack,1.0,1.0,1.0
981,hbm2_12hi_1stack,0.6355361298170472,1.5734746666375548,1.0
981,hbm2_8hi_2stack,0.7886462665043068,2.535991210438423,2.0
981,hbm2_8hi_no_pim,0.958691249888269,0.9823061497541459,0.9417283104807352
982,hbm2_4hi_1stack,1.6618360032583954,0.6017440939053431,1.0
982,hbm2_8hi_1stack,1.0,1.0,1.0
982,hbm2_12hi_1stack,0.658406391261785,1.5188187922714074,1.0
982,hbm2_8hi_2stack,0.8690063318938152,2.3014792028516338,2.0
982,hbm2_8hi_no_pim,0.6535798369183767,1.0170679489173597,0.6647351041883159
983,hbm2_4hi_1stack,1.7278600609745116,0.578750572795809,1.0
983,hbm2_8hi_1stack,1.0,1.0,1.0
983,hbm2_12hi_1stack,0.6335302214256935,1.5784566642292213,1.0
983,hbm2_8hi_2stack,0.7852179442049572,2.5470635442813583,2.0
983,hbm2_8hi_no_pim,0.4326866686875637,1.1075912123114735,0.4792399519226716
984,hbm2_4hi_1stack,1.764946833377341,0.5665893051783518,1.0
984,hbm2_8hi_1stack,1.0,1.0,1.0
984,hbm2_12hi_1stack,0.6188160817730667,1.6159890304316973,1.0
984,hbm2_8hi_2stack,0.7128459181433179,2.805655400551651,2.0
984,hbm2_8hi_no_pim,0.7339869209783217,0.9771443972511797,0.7172112074896115
985,hbm2_4hi_1stack,1.7247743108797582,0.5797860008072178,1.0
985,hbm2_8hi_1stack,1.0,1.0,1.0
985,hbm2_12hi_1stack,0.6338255441193983,1.5777212030628143,1.0
985,hbm2_8hi_2stack,0.7673029952006473,2.606532246726088,2.0
985,hbm2_8hi_no_pim,0.9134417929567161,0.9899371780271806,0.9042499908116598
986,hbm2_4hi_1stack,1.4266817359493287,0.7009271758389686,1.0
986,hbm2_8hi_1stack,1.0,1.0,1.0
986,hbm2_12hi_1stack,0.7640876410516697,1.3087503923288524,1.0
986,hbm2_8hi_2stack,1.2242814575715748,1.6336112808300656,2.0
986,hbm2_8hi_no_pim,0.8319306978515494,0.9952222164629208,0.8279559130593634
987,hbm2_4hi_1stack,1.4876446003617885,0.6722035624347404,1.0
987,hbm2_8hi_1stack,1.0,1.0,1.0
987,hbm2_12hi_1stack,0.7325031024646619,1.3651819311553606,1.0
987,hbm2_8hi_2stack,1.1119444503172167,1.7986510022415578,2.0
987,hbm2_8hi_no_pim,0.7461134816193468,1.0527099537784304,0.7854410887489662
988,hbm2_4hi_1stack,1.4182285079754433,0.7051049914569303,1.0
988,hbm2_8hi_1stack,1.0,1.0,1.0
988,hbm2_12hi_1stack,0.7721998996510738,1.2950014632893114,1.0
988,hbm2_8hi_2stack,1.2190336300019802,1.6406438270261265,2.0
988,hbm2_8hi_no_pim,0.5936444701574987,1.0547537045659263,0.6261487040936982
989,hbm2_4hi_1stack,1.8013256600878103,0.5551467023188091,1.0
989,hbm2_8hi_1stack,1.0,1.0,1.0
989,hbm2_12hi_1stack,0.6077444304536405,1.6454284891653668,1.0
989,hbm2_8hi_2stack,0.7699909407013209,2.597433157042557,2.0
989,hbm2_8hi_no_pim,0.3778774131805111,1.2070127809814133,0.45610286735307126
990,hbm2_4hi_1stack,1.7717806365441875,0.5644039557574544,1.0
990,hbm2_8hi_1stack,1.0,1.0,1.0
990,hbm2_12hi_1stack,0.6206267352312368,1.611274447639472,1.0
990,hbm2_8hi_2stack,0.7561255708310823,2.645063303178247,2.0
990,hbm2_8hi_no_pim,0.422013281034148,1.1804247256295737,0.49815491147677027
991,hbm2_4hi_1stack,1.5177059885044748,0.6588891442573706,1.0
991,hbm2_8hi_1stack,1.0,1.0,1.0
991,hbm2_12hi_1stack,0.7234262637449665,1.382310886562636,1.0
991,hbm2_8hi_2stack,1.099658216173842,1.8187469257118936,2.0
991,hbm2_8hi_no_pim,0.4524646702087643,1.1131903166076447,0.5036792894834679
992,hbm2_4hi_1stack,1.5635665853076206,0.639563424670691,1.0
992,hbm2_8hi_1stack,1.0,1.0,1.0
992,hbm2_12hi_1stack,0.6994224145069041,1.4297511478882248,1.0
992,hbm2_8hi_2stack,0.9391464742486539,2.129593258176326,2.0
992,hbm2_8hi_no_pim,0.9829879806716859,0.9850224134776512,0.9682651931407468
993,hbm2_4hi_1stack,1.5380458822709326,0.6501756622003336,1.0
993,hbm2_8hi_1stack,1.0,1.0,1.0
993,hbm2_12hi_1stack,0.7096158849288035,1.4092130985770297,1.0
993,hbm2_8hi_2stack,0.9541227161256215,2.096166421989555,2.0
993,hbm2_8hi_no_pim,0.8161936936286662,1.013248620085495,0.8270071337917294
994,hbm2_4hi_1stack,1.6305843604886023,0.6132770706204684,1.0
994,hbm2_8hi_1stack,1.0,1.0,1.0
994,hbm2_12hi_1stack,0.6701519926386763,1.4921988011444545,1.0
994,hbm2_8hi_2stack,0.9042837344685632,2.2116952055710435,2.0
994,hbm2_8hi_no_pim,0.48343330719142347,1.0730259332275585,0.5187364756023621
995,hbm2_4hi_1stack,1.4860191983795474,0.6729388160600249,1.0
995,hbm2_8hi_1stack,1.0,1.0,1.0
995,hbm2_12hi_1stack,0.73913262229843,1.352937172344482,1.0
995,hbm2_8hi_2stack,1.0954853126515767,1.8256748647401608,2.0
995,hbm2_8hi_no_pim,0.3951604744895653,1.1304923441665273,0.4467258911276659
996,hbm2_4hi_1stack,1.4192516493367253,0.7045966798540211,1.0
996,hbm2_8hi_1stack,1.0,1.0,1.0
996,hbm2_12hi_1stack,0.7708951301670343,1.2971933027820843,1.0
996,hbm2_8hi_2stack,1.1238428296561012,1.7796082754845757,2.0
996,hbm2_8hi_no_pim,0.6447630681855877,1.0019947926449357,0.6460492368117305
997,hbm2_4hi_1stack,1.4214681116768477,0.7034980185523408,1.0
997,hbm2_8hi_1stack,1.0,1.0,1.0
997,hbm2_12hi_1stack,0.7712229368214526,1.296641933552233,1.0
997,hbm2_8hi_2stack,1.1469410764379493,1.743768743736507,2.0
997,hbm2_8hi_no_pim,0.4524547007194215,1.103385923083591,0.4992321476068088
998,hbm2_4hi_1stack,1.5800230049017463,0.6329021773086051,1.0
998,hbm2_8hi_1stack,1.0,1.0,1.0
998,hbm2_12hi_1stack,0.6947210678716172,1.4394266220594847,1.0
998,hbm2_8hi_2stack,0.9272227141233531,2.15697908338118,2.0
998,hbm2_8hi_no_pim,0.49914188160810696,1.0692130395200836,0.5336890083859778
999,hbm2_4hi_1stack,1.5361865758682396,0.6509625951097825,1.0
999,hbm2_8hi_1stack,1.0,1.0,1.0
999,hbm2_12hi_1stack,0.7132555250304476,1.4020220873260136,1.0
999,hbm2_8hi_2stack,1.0226604846362068,1.9556832693222366,2.0
999,hbm2_8hi_no_pim,0.3301640999103698,1.2393648306695384,0.409193773778576
1000,hbm2_4hi_1stack,1.3811660983649556,0.7240258801485313,1.0
1000,hbm2_8hi_1stack,1.0,1.0,1.0
1000,hbm2_12hi_1stack,0.7909305891138037,1.26433344943764,1.0
1000,hbm2_8hi_2stack,1.2502311860250603,1.599704136607508,2.0
1000,hbm2_8hi_no_pim,0.39004103150812497,1.1793840050141189,0.4600081538598906
1001,hbm2_4hi_1stack,1.681784072880585,0.5946066538061482,1.0
1001,hbm2_8hi_1stack,1.0,1.0,1.0
1001,hbm2_12hi_1stack,0.6523379418717146,1.5329477803035023,1.0
1001,hbm2_8hi_2stack,0.8395646222915059,2.3821870847073146,2.0
1001,hbm2_8hi_no_pim,0.43065664850241,1.0862277523976838,0.4677912033578921
1002,hbm2_4hi_1stack,1.6624443593372007,0.6015238912409012,1.0
1002,hbm2_8hi_1stack,1.0,1.0,1.0
1002,hbm2_12hi_1stack,0.6565073990550886,1.5232120787051302,1.0
1002,hbm2_8hi_2stack,0.8771245654965085,2.2801778432324173,2.0
1002,hbm2_8hi_no_pim,0.46786587621280856,1.108090939493616,0.5184379383296549
1003,hbm2_4hi_1stack,1.5017259406830878,0.6659004635327346,1.0
1003,hbm2_8hi_1stack,1.0,1.0,1.0
1003,hbm2_12hi_1stack,0.7303001670437826,1.369299974348833,1.0
1003,hbm2_8hi_2stack,1.044127816262961,1.9154743019472484,2.0
1003,hbm2_8hi_no_pim,0.7899377057883114,0.9607283316701494,0.7589155342053496
1004,hbm2_4hi_1stack,1.4394756176098167,0.6946974215933259,1.0
1004,hbm2_8hi_1stack,1.0,1.0,1.0
1004,hbm2_12hi_1stack,0.758419092379438,1.318532207387652,1.0
1004,hbm2_8hi_2stack,1.0810973029832676,1.8499722406864192,2.0
1004,hbm2_8hi_no_pim,0.5632239079804066,1.0415905007752415,0.5866486723619002
1005,hbm2_4hi_1stack,1.4624891914422795,0.6837657371086747,1.0
1005,hbm2_8hi_1stack,1.0,1.0,1.0
1005,hbm2_12hi_1stack,0.7462323357599298,1.3400652210837856,1.0
1005,hbm2_8hi_2stack,1.0782441245833951,1.854867515065521,2.0
1005,hbm2_8hi_no_pim,0.46895971413217136,1.1024314242986772,0.5169959255894302
1006,hbm2_4hi_1stack,1.7121244694255167,0.5840696852697504,1.0
1006,hbm2_8hi_1stack,1.0,1.0,1.0
1006,hbm2_12hi_1stack,0.6381633447439893,1.5669969267839539,1.0
1006,hbm2_8hi_2stack,0.7724085924038967,2.5893031481894613,2.0
1006,hbm2_8hi_no_pim,0.5318846754659118,1.0792036517285848,0.5740118840612852
1007,hbm2_4hi_1stack,1.6534628465300794,0.6047913335933601,1.0
1007,hbm2_8hi_1stack,1.0,1.0,1.0
1007,hbm2_12hi_1stack,0.6632129294255216,1.5078113764552286,1.0
1007,hbm2_8hi_2stack,0.9264253856712211,2.158835488462942,2.0
1007,hbm2_8hi_no_pim,0.8850539140155532,0.949615746525635,0.8404611332733147
1008,hbm2_4hi_1stack,1.7070472329297703,0.5858068720709739,1.0
1008,hbm2_8hi_1stack,1.0,1.0,1.0
1008,hbm2_12hi_1stack,0.6429989258623573,1.5552125513411257,1.0
1008,hbm2_8hi_2stack,0.8314532117591542,2.405426994224345,2.0
1008,hbm2_8hi_no_pim,0.42043067037292065,1.1634451400519135,0.48914802017414255
1009,hbm2_4hi_1stack,1.448110930019024,0.6905548320023127,1.0
1009,hbm2_8hi_1stack,1.0,1.0,1.0
1009,hbm2_12hi_1stack,0.7544910326645322,1.325396799572869,1.0
1009,hbm2_8hi_2stack,1.1106516332559428,1.8007446620655283,2.0
1009,hbm2_8hi_no_pim,0.8062921753104906,1.0369247000107984,0.8360642720048845
1010,hbm2_4hi_1stack,1.4017366388146502,0.713400771806628,1.0
1010,hbm2_8hi_1stack,1.0,1.0,1.0
1010,hbm2_12hi_1stack,0.7829988048244229,1.2771411576090934,1.0
1010,hbm2_8hi_2stack,1.263978021559413,1.5823059941600341,2.0
1010,hbm2_8hi_no_pim,0.42845991418858304,1.0916917591075772,0.46774615742761577
1011,hbm2_4hi_1stack,1.5505031129166726,0.6449519460292384,1.0
1011,hbm2_8hi_1stack,1.0,1.0,1.0
1011,hbm2_12hi_1stack,0.704416389938316,1.4196148957970265,1.0
1011,hbm2_8hi_2stack,0.9301191630267168,2.150262116406424,2.0
1011,hbm2_8hi_no_pim,0.7419491026895931,1.0049465281566976,0.7456191748168838
1012,hbm2_4hi_1stack,1.4717851114874498,0.6794470145097178,1.0
1012,hbm2_8hi_1stack,1.0,1.0,1.0
1012,hbm2_12hi_1stack,0.7431722395102514,1.3455830920958478,1.0
1012,hbm2_8hi_2stack,1.1204866015197488,1.784938791135335,2.0
1012,hbm2_8hi_no_pim,0.4329315569389109,1.1748434150872051,0.5086267888531308
1013,hbm2_4hi_1stack,1.6606166419171182,0.602185943918723,1.0
1013,hbm2_8hi_1stack,1.0,1.0,1.0
1013,hbm2_12hi_1stack,0.6561332525686495,1.524080659050842,1.0
1013,hbm2_8hi_2stack,0.8430447578994388,2.3723532840454085,2.0
1013,hbm2_8hi_no_pim,0.7271581488554201,0.9944936143569848,0.723154135664361
1014,hbm2_4hi_1stack,1.4918067942251738,0.6703280906555917,1.0
1014,hbm2_8hi_1stack,1.0,1.0,1.0
1014,hbm2_12hi_1stack,0.7324694564061982,1.3652446409252594,1.0
1014,hbm2_8hi_2stack,1.077328905419021,1.8564432736742653,2.0
1014,hbm2_8hi_no_pim,0.45038109202879,1.099005775802521,0.49497142145188694
1015,hbm2_4hi_1stack,1.586459950767729,0.6303342227555597,1.0
1015,hbm2_8hi_1stack,1.0,1.0,1.0
1015,hbm2_12hi_1stack,0.689397363815019,1.4505422452823924,1.0
1015,hbm2_8hi_2stack,0.9512249778410093,2.10255202143597,2.0
1015,hbm2_8hi_no_pim,0.32568921236735665,1.2326552121904828,0.4014625051788352
1016,hbm2_4hi_1stack,1.5322455397504426,0.6526369136390963,1.0
1016,hbm2_8hi_1stack,1.0,1.0,1.0
1016,hbm2_12hi_1stack,0.713446432935003,1.40164692657606,1.0
1016,hbm2_8hi_2stack,1.014066217484774,1.9722577929483478,2.0
1016,hbm2_8hi_no_pim,0.4939076052745749,1.0576616787551196,0.5223871469446278
1017,hbm2_4hi_1stack,1.529910027613498,0.6536332084572953,1.0
1017,hbm2_8hi_1stack,1.0,1.0,1.0
1017,hbm2_12hi_1stack,0.7153583825285298,1.397900722803256,1.0
1017,hbm2_8hi_2stack,1.0705890978314618,1.86813036304135,2.0
1017,hbm2_8hi_no_pim,0.7590594630401093,0.9776703970082596,0.7421099665833001
1018,hbm2_4hi_1stack,1.6342882167278636,0.6118871749575349,1.0
1018,hbm2_8hi_1stack,1.0,1.0,1.0
1018,hbm2_12hi_1stack,0.6663740721866545,1.5006586266458088,1.0
1018,hbm2_8hi_2stack,0.8776904028965093,2.2787078375241445,2.0
1018,hbm2_8hi_no_pim,0.33163206806955703,1.2092204408033063,0.40101627553558183
1019,hbm2_4hi_1stack,1.7368192389756305,0.5757651559581964,1.0
1019,hbm2_8hi_1stack,1.0,1.0,1.0
1019,hbm2_12hi_1stack,0.6293307335693257,1.5889896149332776,1.0
1019,hbm2_8hi_2stack,0.7980926127987193,2.5059748303977902,2.0
1019,hbm2_8hi_no_pim,0.8017436444780348,0.9776231526133308,0.7838031493023179
1020,hbm2_4hi_1stack,1.4628991894699561,0.6835741021651152,1.0
1020,hbm2_8hi_1stack,1.0,1.0,1.0
1020,hbm2_12hi_1stack,0.7469742612268246,1.3387342133551,1.0
1020,hbm2_8hi_2stack,1.0634003220317412,1.8807592574156682,2.0
1020,hbm2_8hi_no_pim,1.0000692127021285,0.9681321797343061,0.9681991867784829
1021,hbm2_4hi_1stack,1.4525480578408814,0.6884453802419696,1.0
1021,hbm2_8hi_1stack,1.0,1.0,1.0
1021,hbm2_12hi_1stack,0.7534726108799322,1.3271882554989813,1.0
1021,hbm2_8hi_2stack,1.1706986146010194,1.7083816236355684,2.0
1021,hbm2_8hi_no_pim,0.4446860793743417,1.1240280654882275,0.49983963354868566
1022,hbm2_4hi_1stack,1.4903065681556396,0.6710028804594018,1.0
1022,hbm2_8hi_1stack,1.0,1.0,1.0
1022,hbm2_12hi_1stack,0.7350456002888253,1.360459813115084,1.0
1022,hbm2_8hi_2stack,1.0970290698959977,1.8231057452193198,2.0
1022,hbm2_8hi_no_pim,0.3669546556995729,1.2169917800438173,0.4465807996351893
1023,hbm2_4hi_1stack,1.4591970620885941,0.6853083973241207,1.0
1023,hbm2_8hi_1stack,1.0,1.0,1.0
1023,hbm2_12hi_1stack,0.7471096918381323,1.3384915373533377,1.0
1023,hbm2_8hi_2stack,1.0739551705460155,1.8622751254907304,2.0
1023,hbm2_8hi_no_pim,0.630903380952647,1.013125006212256,0.6391839917469838
1024,hbm2_4hi_1stack,1.7456749741401385,0.5728443237221561,1.0
1024,hbm2_8hi_1stack,1.0,1.0,1.0
1024,hbm2_12hi_1stack,0.628730034627757,1.5905077615578767,1.0
1024,hbm2_8hi_2stack,0.7987142901340627,2.5040243109514213,2.0
1024,hbm2_8hi_no_pim,0.42345461038382815,1.0960579686657597,0.46413080007944935
1025,hbm2_4hi_1stack,1.4663756114517916,0.6819535132679584,1.0
1025,hbm2_8hi_1stack,1.0,1.0,1.0
1025,hbm2_12hi_1stack,0.7433176523558879,1.345319859996029,1.0
1025,hbm2_8hi_2stack,1.089638650384902,1.8354708685246466,2.0
1025,hbm2_8hi_no_pim,1.0144173881493366,0.9269277587542234,0.9402916360385776
1026,hbm2_4hi_1stack,1.40320836404971,0.7126525365869143,1.0
1026,hbm2_8hi_1stack,1.0,1.0,1.0
1026,hbm2_12hi_1stack,0.7768175454443197,1.2873035706576705,1.0
1026,hbm2_8hi_2stack,1.2348966473882974,1.6195687341364413,2.0
1026,hbm2_8hi_no_pim,0.4249242551712686,1.1777220467078109,0.5004426634960986
1027,hbm2_4hi_1stack,1.7913395848421112,0.5582414459334019,1.0
1027,hbm2_8hi_1stack,1.0,1.0,1.0
1027,hbm2_12hi_1stack,0.612199450524185,1.6334545859911629,1.0
1027,hbm2_8hi_2stack,0.7461683029171414,2.6803604390336733,2.0
1027,hbm2_8hi_no_pim,0.3821038892106965,1.1274493758004274,0.4308027913815154
1028,hbm2_4hi_1stack,1.5481826920341608,0.6459186019487776,1.0
1028,hbm2_8hi_1stack,1.0,1.0,1.0
1028,hbm2_12hi_1stack,0.7027010878585729,1.4230801933826835,1.0
1028,hbm2_8hi_2stack,1.0074701529377046,1.9851704729595765,2.0
1028,hbm2_8hi_no_pim,0.7680135327595051,1.0169361976953222,0.781020761783003
1029,hbm2_4hi_1stack,1.5661290804999812,0.6385169731225178,1.0
1029,hbm2_8hi_1stack,1.0,1.0,1.0
1029,hbm2_12hi_1stack,0.6988207356157315,1.4309821518374082,1.0
1029,hbm2_8hi_2stack,0.9173043189370774,2.180301519039496,2.0
1029,hbm2_8hi_no_pim,0.5587818433721989,1.0693874437827398,0.5975542871160031
1030,hbm2_4hi_1stack,1.445508299582011,0.6917981725107798,1.0
1030,hbm2_8hi_1stack,1.0,1.0,1.0
1030,hbm2_12hi_1stack,0.7521497442104655,1.329522488968874,1.0
1030,hbm2_8hi_2stack,1.114530983014645,1.7944768072667565,2.0
1030,hbm2_8hi_no_pim,0.4191050720919584,1.105346299174929,0.463256240402288
1031,hbm2_4hi_1stack,1.4798885849719514,0.6757265446567068,1.0
1031,hbm2_8hi_1stack,1.0,1.0,1.0
1031,hbm2_12hi_1stack,0.738737286278499,1.3536611980662998,1.0
1031,hbm2_8hi_2stack,1.0323480943399987,1.9373310329774387,2.0
1031,hbm2_8hi_no_pim,0.5387585747859539,1.085242869007348,0.5846839014030184
1032,hbm2_4hi_1stack,1.8093235407017159,0.5526927481483863,1.0
1032,hbm2_8hi_1stack,1.0,1.0,1.0
1032,hbm2_12hi_1stack,0.6059849777104788,1.650205923879799,1.0
1032,hbm2_8hi_2stack,0.763455225180456,2.619669017953561,2.0
1032,hbm2_8hi_no_pim,0.46565440243400735,1.077194395175464,0.5016003123906926
1033,hbm2_4hi_1stack,1.468833886424863,0.6808121798129242,1.0
1033,hbm2_8hi_1stack,1.0,1.0,1.0
1033,hbm2_12hi_1stack,0.7448778663433893,1.342501966005524,1.0
1033,hbm2_8hi_2stack,1.100154228946431,1.8179269300408103,2.0
1033,hbm2_8hi_no_pim,0.3815127811132393,1.1343095724604821,0.43275359963276794
1034,hbm2_4hi_1stack,1.4230995152066959,0.7026915470874547,1.0
1034,hbm2_8hi_1stack,1.0,1.0,1.0
1034,hbm2_12hi_1stack,0.7698851169820233,1.2988950921925015,1.0
1034,hbm2_8hi_2stack,1.1552587814931892,1.7312138475285772,2.0
1034,hbm2_8hi_no_pim,0.5146943898318371,1.137313557462095,0.585368907505429
1035,hbm2_4hi_1stack,1.447458818500352,0.6908659418967482,1.0
1035,hbm2_8hi_1stack,1.0,1.0,1.0
1035,hbm2_12hi_1stack,0.7562199250290467,1.322366638199317,1.0
1035,hbm2_8hi_2stack,1.121340774130681,1.7835791278975828,2.0
1035,hbm2_8hi_no_pim,0.43071888867284536,1.1302196549971841,0.48680695375659383
1036,hbm2_4hi_1stack,1.5301533343222515,0.6535292755107635,1.0
1036,hbm2_8hi_1stack,1.0,1.0,1.0
1036,hbm2_12hi_1stack,0.7149542571052449,1.3986908813563368,1.0
1036,hbm2_8hi_2stack,0.9845634580266625,2.0313571295938133,2.0
1036,hbm2_8hi_no_pim,0.4116865907638444,1.1148173959055414,0.45895537304457934
1037,hbm2_4hi_1stack,1.5539158605421939,0.6435354869542801,1.0
1037,hbm2_8hi_1stack,1.0,1.0,1.0
1037,hbm2_12hi_1stack,0.7045461881188506,1.4193533608776108,1.0
1037,hbm2_8hi_2stack,1.003397559679044,1.9932278892921946,2.0
1037,hbm2_8hi_no_pim,0.6075836245597854,1.0727530468990085,0.6517871844924531
1038,hbm2_4hi_1stack,1.4805525781298312,0.6754234971264282,1.0
1038,hbm2_8hi_1stack,1.0,1.0,1.0
1038,hbm2_12hi_1stack,0.739234699764462,1.3527503515711914,1.0
1038,hbm2_8hi_2stack,1.075089199334813,1.8603107549005742,2.0
1038,hbm2_8hi_no_pim,0.5256195439375242,1.0705387882648492,0.5626961096551998
1039,hbm2_4hi_1stack,1.552737833662294,0.6440237226920631,1.0
1039,hbm2_8hi_1stack,1.0,1.0,1.0
1039,hbm2_12hi_1stack,0.7047162453857456,1.4190108523078289,1.0
1039,hbm2_8hi_2stack,0.9527142282561816,2.099265383766481,2.0
1039,hbm2_8hi_no_pim,0.3577031678200931,1.2018603644188282,0.42990925963002635
1040,hbm2_4hi_1stack,1.4497897944537432,0.6897551657664851,1.0
1040,hbm2_8hi_1stack,1.0,1.0,1.0
1040,hbm2_12hi_1stack,0.755246469881949,1.3240710680267171,1.0
1040,hbm2_8hi_2stack,1.1909322330799887,1.679356679118173,2.0
1040,hbm2_8hi_no_pim,0.7606746249308954,1.0049996313007306,0.7644777175953714
1041,hbm2_4hi_1stack,1.5087500044202398,0.6628003294583354,1.0
1041,hbm2_8hi_1stack,1.0,1.0,1.0
1041,hbm2_12hi_1stack,0.725380467514954,1.3785868861700286,1.0
1041,hbm2_8hi_2stack,1.0631548010868532,1.8811935928384265,2.0
1041,hbm2_8hi_no_pim,0.34793544378274527,1.1559930665361253,0.4022109606150233
1042,hbm2_4hi_1stack,1.4377086661070098,0.6955512083736506,1.0
1042,hbm2_8hi_1stack,1.0,1.0,1.0
1042,hbm2_12hi_1stack,0.7611338250174822,1.3138294044112826,1.0
1042,hbm2_8hi_2stack,1.195435235967438,1.6730308257824158,2.0
1042,hbm2_8hi_no_pim,0.38493791394710414,1.1486522338065024,0.4421597947321564
1043,hbm2_4hi_1stack,1.4080707830198544,0.7101915699545479,1.0
1043,hbm2_8hi_1stack,1.0,1.0,1.0
1043,hbm2_12hi_1stack,0.77887788085844,1.2838983165086808,1.0
1043,hbm2_8hi_2stack,1.267315818593524,1.5781385907576013,2.0
1043,hbm2_8hi_no_pim,0.6349223439227617,1.0299452076775801,0.6539352253706647
1044,hbm2_4hi_1stack,1.594012681695831,0.627347581034377,1.0
1044,hbm2_8hi_1stack,1.0,1.0,1.0
1044,hbm2_12hi_1stack,0.689379918250257,1.4505789529496889,1.0
1044,hbm2_8hi_2stack,0.9242192570392394,2.163988669103317,2.0
1044,hbm2_8hi_no_pim,0.5221436074831578,1.0520236482719634,0.5493074228663157
1045,hbm2_4hi_1stack,1.6543205716258458,0.6044777639543056,1.0
1045,hbm2_8hi_1stack,1.0,1.0,1.0
1045,hbm2_12hi_1stack,0.6612562298601309,1.5122730869568068,1.0
1045,hbm2_8hi_2stack,0.8358532092437819,2.39276463604112,2.0
1045,hbm2_8hi_no_pim,0.8128986589382166,0.9966310924837342,0.8101600785361571
1046,hbm2_4hi_1stack,1.6034030884858335,0.6236734899546349,1.0
1046,hbm2_8hi_1stack,1.0,1.0,1.0
1046,hbm2_12hi_1stack,0.6819113130550362,1.4664663583888824,1.0
1046,hbm2_8hi_2stack,0.9072659798584878,2.204425212011094,2.0
1046,hbm2_8hi_no_pim,0.8441250516449577,1.0253708736917595,0.8655412417102919
1047,hbm2_4hi_1stack,1.614881534507031,0.6192404697383986,1.0
1047,hbm2_8hi_1stack,1.0,1.0,1.0
1047,hbm2_12hi_1stack,0.6807029770712766,1.4690695261867346,1.0
1047,hbm2_8hi_2stack,0.9562768467783533,2.0914445505377395,2.0
1047,hbm2_8hi_no_pim,0.643733726410272,1.0508314676496806,0.6764556564993042
1048,hbm2_4hi_1stack,1.8619578036399074,0.5370690990124042,1.0
1048,hbm2_8hi_1stack,1.0,1.0,1.0
1048,hbm2_12hi_1stack,0.5890589467717781,1.6976229721665441,1.0
1048,hbm2_8hi_2stack,0.6811008054670542,2.9364228965028625,2.0
1048,hbm2_8hi_no_pim,0.6529027756768176,1.0084125088237632,0.6583953260382583
1049,hbm2_4hi_1stack,1.8475278974914076,0.5412638160202129,1.0
1049,hbm2_8hi_1stack,1.0,1.0,1.0
1049,hbm2_12hi_1stack,0.5929305213918782,1.6865382433890301,1.0
1049,hbm2_8hi_2stack,0.7144007895520865,2.79954897761795,2.0
1049,hbm2_8hi_no_pim,0.6266586690098298,1.0889479468992451,0.6823986710248677
1050,hbm2_4hi_1stack,1.558568173364332,0.6416145389658482,1.0
1050,hbm2_8hi_1stack,1.0,1.0,1.0
1050,hbm2_12hi_1stack,0.7016528490914932,1.4252062131505767,1.0
1050,hbm2_8hi_2stack,0.9841817435143806,2.0321449906785194,2.0
1050,hbm2_8hi_no_pim,0.3547599254424998,1.2180019386446466,0.432098276942395
1051,hbm2_4hi_1stack,1.578703119443073,0.6334313194698539,1.0
1051,hbm2_8hi_1stack,1.0,1.0,1.0
1051,hbm2_12hi_1stack,0.6948300015577984,1.4392009524027678,1.0
1051,hbm2_8hi_2stack,0.9176716517315647,2.179428770874831,2.0
1051,hbm2_8hi_no_pim,0.4927346482856363,1.0880097288906734,0.5361000910962964
1052,hbm2_4hi_1stack,1.808462843174296,0.5529557899264077,1.0
1052,hbm2_8hi_1stack,1.0,1.0,1.0
1052,hbm2_12hi_1stack,0.6078903494336962,1.6450335178566147,1.0
1052,hbm2_8hi_2stack,0.7627393974840151,2.6221275662398367,2.0
1052,hbm2_8hi_no_pim,0.33688784856799386,1.2130722753581142,0.4086693090028761
1053,hbm2_4hi_1stack,1.4158435479046636,0.7062927266786792,1.0
1053,hbm2_8hi_1stack,1.0,1.0,1.0
1053,hbm2_12hi_1stack,0.7700192703920737,1.298668797588437,1.0
1053,hbm2_8hi_2stack,1.2378058482990169,1.6157622802868352,2.0
1053,hbm2_8hi_no_pim,0.6409391707453039,1.0205547869998828,0.6541135388798551
1054,hbm2_4hi_1stack,1.7577769607796865,0.5689003908416436,1.0
1054,hbm2_8hi_1stack,1.0,1.0,1.0
1054,hbm2_12hi_1stack,0.6246347403014674,1.6009356116141893,1.0
1054,hbm2_8hi_2stack,0.8186964744245077,2.4429077960863026,2.0
1054,hbm2_8hi_no_pim,0.6198048753407802,1.024671526146844,0.6350964075286917
1055,hbm2_4hi_1stack,1.738616372160392,0.5751700122077001,1.0
1055,hbm2_8hi_1stack,1.0,1.0,1.0
1055,hbm2_12hi_1stack,0.6273077225991303,1.5941139634893864,1.0
1055,hbm2_8hi_2stack,0.771016171250163,2.593979315319811,2.0
1055,hbm2_8hi_no_pim,0.5146201738563343,1.1271264568433594,0.5800420131788037
1056,hbm2_4hi_1stack,1.4608832032076495,0.6845174191915603,1.0
1056,hbm2_8hi_1stack,1.0,1.0,1.0
1056,hbm2_12hi_1stack,0.7504296842754594,1.3325698875644838,1.0
1056,hbm2_8hi_2stack,1.1052398969068284,1.8095618929404245,2.0
1056,hbm2_8hi_no_pim,0.9646310500831972,0.9551610059202188,0.9213779641393436
1057,hbm2_4hi_1stack,1.7840364901555992,0.5605266515108009,1.0
1057,hbm2_8hi_1stack,1.0,1.0,1.0
1057,hbm2_12hi_1stack,0.6121665546206734,1.63354236269841,1.0
1057,hbm2_8hi_2stack,0.7443640700404492,2.6868572523809737,2.0
1057,hbm2_8hi_no_pim,0.46096517934731973,1.1360623915355845,0.5236852040639457
1058,hbm2_4hi_1stack,1.476768796003936,0.6771540695510029,1.0
1058,hbm2_8hi_1stack,1.0,1.0,1.0
1058,hbm2_12hi_1stack,0.7398237709992976,1.3516732486836374,1.0
1058,hbm2_8hi_2stack,1.0616756017480145,1.8838146009073438,2.0
1058,hbm2_8hi_no_pim,0.7204919711497735,0.9922178952340424,0.7148850271472547
1059,hbm2_4hi_1stack,1.5651005694197835,0.6389365766895871,1.0
1059,hbm2_8hi_1stack,1.0,1.0,1.0
1059,hbm2_12hi_1stack,0.699770118658836,1.4290407282845659,1.0
1059,hbm2_8hi_2stack,0.9964286551177853,2.0071682902009527,2.0
1059,hbm2_8hi_no_pim,0.43605680607626407,1.1084352217696958,0.483340722547329
1060,hbm2_4hi_1stack,1.477079894018889,0.6770114494478469,1.0
1060,hbm2_8hi_1stack,1.0,1.0,1.0
1060,hbm2_12hi_1stack,0.7399550767684752,1.3514333929124327,1.0
1060,hbm2_8hi_2stack,1.1288033527667525,1.77178779199929,2.0
1060,hbm2_8hi_no_pim,0.6003989853196745,1.0636221835896558,0.6385976797907259
1061,hbm2_4hi_1stack,1.4385882058122832,0.6951259547101325,1.0
1061,hbm2_8hi_1stack,1.0,1.0,1.0
1061,hbm2_12hi_1stack,0.7564366147777153,1.3219878314508318,1.0
1061,hbm2_8hi_2stack,1.1734902163386423,1.7043175751734143,2.0
1061,hbm2_8hi_no_pim,1.0756012340461263,0.9282110252230573,0.9983849241851405
1062,hbm2_4hi_1stack,1.478876648415294,0.6761889174946136,1.0
1062,hbm2_8hi_1stack,1.0,1.0,1.0
1062,hbm2_12hi_1stack,0.7423281919933171,1.3471130569819483,1.0
1062,hbm2_8hi_2stack,1.127210516276213,1.7742914665195668,2.0
1062,hbm2_8hi_no_pim,0.40793982137183576,1.1585895312352836,0.4726348064154005
1063,hbm2_4hi_1stack,1.8180643169036963,0.5500355464338451,1.0
1063,hbm2_8hi_1stack,1.0,1.0,1.0
1063,hbm2_12hi_1stack,0.6036722527912474,1.6565280172746397,1.0
1063,hbm2_8hi_2stack,0.7434179001746872,2.690276894772164,2.0
1063,hbm2_8hi_no_pim,0.9821665289730254,0.9887388105161751,0.9711061655855895
1064,hbm2_4hi_1stack,1.4510827338720638,0.6891405821717717,1.0
1064,hbm2_8hi_1stack,1.0,1.0,1.0
1064,hbm2_12hi_1stack,0.7543717759677195,1.3256063281492536,1.0
1064,hbm2_8hi_2stack,1.1304441894116328,1.76921604687176,2.0
1064,hbm2_8hi_no_pim,0.359043143690959,1.1719713376597938,0.4207882733890708
1065,hbm2_4hi_1stack,1.4500214837857426,0.6896449543555602,1.0
1065,hbm2_8hi_1stack,1.0,1.0,1.0
1065,hbm2_12hi_1stack,0.7538010309232772,1.3266100190592354,1.0
1065,hbm2_8hi_2stack,1.0674665082641035,1.8735950819219302,2.0
1065,hbm2_8hi_no_pim,0.34856837211554276,1.1835776738181536,0.4125577430350947
1066,hbm2_4hi_1stack,1.7751121411309967,0.5633446906418312,1.0
1066,hbm2_8hi_1stack,1.0,1.0,1.0
1066,hbm2_12hi_1stack,0.6185472178289081,1.6166914524488296,1.0
1066,hbm2_8hi_2stack,0.802194281608066,2.493161626620962,2.0
1066,hbm2_8hi_no_pim,0.6662149935831962,1.0496507056881477,0.6992930381546267
1067,hbm2_4hi_1stack,1.7213019042766315,0.5809556112820574,1.0
1067,hbm2_8hi_1stack,1.0,1.0,1.0
1067,hbm2_12hi_1stack,0.6372083118486909,1.5693455050810077,1.0
1067,hbm2_8hi_2stack,0.7889303812694852,2.5350779327090383,2.0
1067,hbm2_8hi_no_pim,0.4206537462016719,1.121244704715252,0.47165578544725817
1068,hbm2_4hi_1stack,1.5666961841914728,0.6382858464138479,1.0
1068,hbm2_8hi_1stack,1.0,1.0,1.0
1068,hbm2_12hi_1stack,0.6950509579338023,1.4387434310898992,1.0
1068,hbm2_8hi_2stack,0.8999551032414652,2.2223330839465043,2.0
1068,hbm2_8hi_no_pim,1.07019025441219,0.9061647360836866,0.9697686694487556
1069,hbm2_4hi_1stack,1.7910165639790268,0.5583421282147953,1.0
1069,hbm2_8hi_1stack,1.0,1.0,1.0
1069,hbm2_12hi_1stack,0.6124260621533196,1.6328501704907066,1.0
1069,hbm2_8hi_2stack,0.7887135465292355,2.5357748815157004,2.0
1069,hbm2_8hi_no_pim,0.9479561419450622,0.9883359846517409,0.9368991669559384
1070,hbm2_4hi_1stack,1.6912535791407632,0.591277388756834,1.0
1070,hbm2_8hi_1stack,1.0,1.0,1.0
1070,hbm2_12hi_1stack,0.6448470405756788,1.5507553529396105,1.0
1070,hbm2_8hi_2stack,0.843251978948869,2.371770301082532,2.0
1070,hbm2_8hi_no_pim,1.0084123000481953,0.9465147044077339,0.9544770701012405
1071,hbm2_4hi_1stack,1.5299098270665366,0.6536332941382627,1.0
1071,hbm2_8hi_1stack,1.0,1.0,1.0
1071,hbm2_12hi_1stack,0.7163581322629534,1.395949811920234,1.0
1071,hbm2_8hi_2stack,1.0216446420290681,1.9576278460461942,2.0
1071,hbm2_8hi_no_pim,0.42981103173905744,1.0989062645690695,0.47232203535894535
1072,hbm2_4hi_1stack,1.4374190659823103,0.6956913426750849,1.0
1072,hbm2_8hi_1stack,1.0,1.0,1.0
1072,hbm2_12hi_1stack,0.7600663217262761,1.3156746607701053,1.0
1072,hbm2_8hi_2stack,1.1210106885894997,1.784104309046758,2.0
1072,hbm2_8hi_no_pim,0.6143231862406651,1.0224550453262047,0.6281178412326377
1073,hbm2_4hi_1stack,1.7000172355567693,0.5882293303176376,1.0
1073,hbm2_8hi_1stack,1.0,1.0,1.0
1073,hbm2_12hi_1stack,0.6446694687457035,1.5511825027880455,1.0
1073,hbm2_8hi_2stack,0.8174322962265949,2.446685810228366,2.0
1073,hbm2_8hi_no_pim,0.8645924670135083,0.9749354606569968,0.842921855108384
1074,hbm2_4hi_1stack,1.5245679498915488,0.6559235356293144,1.0
1074,hbm2_8hi_1stack,1.0,1.0,1.0
1074,hbm2_12hi_1stack,0.716803101992666,1.3950832484123814,1.0
1074,hbm2_8hi_2stack,0.9855195850177325,2.029386356602963,2.0
1074,hbm2_8hi_no_pim,0.959022892623031,0.96532184469459,0.925765747811206
1075,hbm2_4hi_1stack,1.4181134159478084,0.7051622167551679,1.0
1075,hbm2_8hi_1stack,1.0,1.0,1.0
1075,hbm2_12hi_1stack,0.7681044413384966,1.30190628537104,1.0
1075,hbm2_8hi_2stack,1.1821545946893033,1.6918261020891643,2.0
1075,hbm2_8hi_no_pim,0.8576546112273864,0.947413043369406,0.8125531653827429
1076,hbm2_4hi_1stack,1.530522412776693,0.6533716799258023,1.0
1076,hbm2_8hi_1stack,1.0,1.0,1.0
1076,hbm2_12hi_1stack,0.7108878720842178,1.4066916025281855,1.0
1076,hbm2_8hi_2stack,0.9956266607418423,2.0087850987334934,2.0
1076,hbm2_8hi_no_pim,0.6945460845077737,1.0676507726315319,0.7415326637529298
1077,hbm2_4hi_1stack,1.8659683866786694,0.5359147599386451,1.0
1077,hbm2_8hi_1stack,1.0,1.0,1.0
1077,hbm2_12hi_1stack,0.587552615422311,1.7019752337945722,1.0
1077,hbm2_8hi_2stack,0.7068673227517871,2.8293852829610713,2.0
1077,hbm2_8hi_no_pim,0.5710512380836776,1.0639178801521647,0.6075516226802554
1078,hbm2_4hi_1stack,1.4166845591124364,0.7058734377866782,1.0
1078,hbm2_8hi_1stack,1.0,1.0,1.0
1078,hbm2_12hi_1stack,0.7727229206290765,1.2941249357349156,1.0
1078,hbm2_8hi_2stack,1.237307477283564,1.6164130878695429,2.0
1078,hbm2_8hi_no_pim,0.6341682186134505,1.0815436786700399,0.6858806280548173
1079,hbm2_4hi_1stack,1.5379701286713192,0.650207686974986,1.0
1079,hbm2_8hi_1stack,1.0,1.0,1.0
1079,hbm2_12hi_1stack,0.7117284478911008,1.4050302513031019,1.0
1079,hbm2_8hi_2stack,0.9953317822363116,2.0093802244578183,2.0
1079,hbm2_8hi_no_pim,0.5888106088067038,1.041096580123216,0.6130087111689281
1080,hbm2_4hi_1stack,1.4724716764272217,0.6791302107938549,1.0
1080,hbm2_8hi_1stack,1.0,1.0,1.0
1080,hbm2_12hi_1stack,0.7420911736514018,1.3475433147649203,1.0
1080,hbm2_8hi_2stack,1.1511446795989553,1.7374010716852513,2.0
1080,hbm2_8hi_no_pim,0.7626799199160644,0.9969605591379128,0.7603617994027781
1081,hbm2_4hi_1stack,1.7335144283767872,0.5768628075027741,1.0
1081,hbm2_8hi_1stack,1.0,1.0,1.0
1081,hbm2_12hi_1stack,0.6308678117488262,1.585118120431448,1.0
1081,hbm2_8hi_2stack,0.7342262878872234,2.723955860740304,2.0
1081,hbm2_8hi_no_pim,0.5983185117299646,1.0363924566532121,0.6200927922329118
1082,hbm2_4hi_1stack,1.6123249233469374,0.6202223791989486,1.0
1082,hbm2_8hi_1stack,1.0,1.0,1.0
1082,hbm2_12hi_1stack,0.6819693630997768,1.4663415310251893,1.0
1082,hbm2_8hi_2stack,0.9853301917458671,2.0297764310421464,2.0
1082,hbm2_8hi_no_pim,0.9908550117625389,0.9689550314045048,0.9600939490396818
1083,hbm2_4hi_1stack,1.4348927314030344,0.696916207124558,1.0
1083,hbm2_8hi_1stack,1.0,1.0,1.0
1083,hbm2_12hi_1stack,0.7662144817908298,1.3051175927434266,1.0
1083,hbm2_8hi_2stack,1.1575593329743668,1.7277732061137365,2.0
1083,hbm2_8hi_no_pim,0.3887677937776938,1.1099932956741736,0.43152964466727983
1084,hbm2_4hi_1stack,1.4010153508731866,0.7137680535596896,1.0
1084,hbm2_8hi_1stack,1.0,1.0,1.0
1084,hbm2_12hi_1stack,0.7817260800829018,1.2792204654269055,1.0
1084,hbm2_8hi_2stack,1.1634134471228397,1.7190793220983194,2.0
1084,hbm2_8hi_no_pim,0.5575408767310096,1.09783312975605,0.6120868456685363
1085,hbm2_4hi_1stack,1.7927665021713852,0.5577971246053558,1.0
1085,hbm2_8hi_1stack,1.0,1.0,1.0
1085,hbm2_12hi_1stack,0.6104872182071108,1.6380359329009655,1.0
1085,hbm2_8hi_2stack,0.6980120155988777,2.865280189029479,2.0
1085,hbm2_8hi_no_pim,0.8961970626111614,0.9344731922236497,0.83747212995971
1086,hbm2_4hi_1stack,1.4332941631538105,0.6976934851946979,1.0
1086,hbm2_8hi_1stack,1.0,1.0,1.0
1086,hbm2_12hi_1stack,0.7632019645864938,1.3102691638664798,1.0
1086,hbm2_8hi_2stack,1.0890197466576184,1.8365139898870801,2.0
1086,hbm2_8hi_no_pim,0.33782063286397496,1.1850736901871415,0.40034234400946633
1087,hbm2_4hi_1stack,1.5221261776265118,0.6569757584481756,1.0
1087,hbm2_8hi_1stack,1.0,1.0,1.0
1087,hbm2_12hi_1stack,0.7163977538995924,1.3958726064629123,1.0
1087,hbm2_8hi_2stack,1.0023271779564102,1.9953564504533239,2.0
1087,hbm2_8hi_no_pim,0.5816044091156232,1.0270283187810363,0.5973241984896565
1088,hbm2_4hi_1stack,1.3855824141475486,0.7217181668801922,1.0
1088,hbm2_8hi_1stack,1.0,1.0,1.0
1088,hbm2_12hi_1stack,0.7853531740147577,1.2733124829533176,1.0
1088,hbm2_8hi_2stack,1.177398957745015,1.6986595638155242,2.0
1088,hbm2_8hi_no_pim,1.0117742263685923,0.9273537083552669,0.9382725808411954
1089,hbm2_4hi_1stack,1.6656146470951467,0.6003789662536967,1.0
1089,hbm2_8hi_1stack,1.0,1.0,1.0
1089,hbm2_12hi_1stack,0.65816259267136,1.519381397750342,1.0
1089,hbm2_8hi_2stack,0.8368297090947331,2.3899725096561917,2.0
1089,hbm2_8hi_no_pim,0.34463514314682325,1.1907328033835083,0.41036837014369354
1090,hbm2_4hi_1stack,1.6206966048878775,0.6170186307443901,1.0
1090,hbm2_8hi_1stack,1.0,1.0,1.0
1090,hbm2_12hi_1stack,0.6740753757495761,1.4835136187670313,1.0
1090,hbm2_8hi_2stack,0.92181840079959,2.169624731145733,2.0
1090,hbm2_8hi_no_pim,0.6487915525511057,1.056103593285979,0.6851910899428117
1091,hbm2_4hi_1stack,1.4614648863117232,0.6842449718540176,1.0
1091,hbm2_8hi_1stack,1.0,1.0,1.0
1091,hbm2_12hi_1stack,0.7509596427657458,1.3316294818680954,1.0
1091,hbm2_8hi_2stack,1.189373956748551,1.681556913746032,2.0
1091,hbm2_8hi_no_pim,0.7567832046712338,0.9742940846199168,0.737329399650887
1092,hbm2_4hi_1stack,1.6795207977727828,0.5954079290510143,1.0
1092,hbm2_8hi_1stack,1.0,1.0,1.0
1092,hbm2_12hi_1stack,0.6529747729665301,1.5314527320204108,1.0
1092,hbm2_8hi_2stack,0.8311365666983458,2.406343409898224,2.0
1092,hbm2_8hi_no_pim,0.9740418924201489,0.9711100190239058,0.945901840678212
1093,hbm2_4hi_1stack,1.6874760033902358,0.5926010195054287,1.0
1093,hbm2_8hi_1stack,1.0,1.0,1.0
1093,hbm2_12hi_1stack,0.6482600316123144,1.5425908605114194,1.0
1093,hbm2_8hi_2stack,0.8315085790257866,2.4052668252001,2.0
1093,hbm2_8hi_no_pim,0.3502298650620128,1.1959534899414879,0.4188586294026506
1094,hbm2_4hi_1stack,1.5514352453479237,0.6445644463721982,1.0
1094,hbm2_8hi_1stack,1.0,1.0,1.0
1094,hbm2_12hi_1stack,0.7055407601734334,1.4173525562919764,1.0
1094,hbm2_8hi_2stack,0.9456432182970848,2.114962558079359,2.0
1094,hbm2_8hi_no_pim,0.8624170065137257,0.9559258495488135,0.8244067096169778
1095,hbm2_4hi_1stack,1.4357978485479235,0.6964768759135123,1.0
1095,hbm2_8hi_1stack,1.0,1.0,1.0
1095,hbm2_12hi_1stack,0.7626617754444327,1.311197220310748,1.0
1095,hbm2_8hi_2stack,1.1830440970255487,1.690554058828805,2.0
1095,hbm2_8hi_no_pim,0.495500926111666,1.11143673393358,0.5507179309786142
1096,hbm2_4hi_1stack,1.387137987020158,0.7209088132235456,1.0
1096,hbm2_8hi_1stack,1.0,1.0,1.0
1096,hbm2_12hi_1stack,0.7855082834648286,1.2730610498326786,1.0
1096,hbm2_8hi_2stack,1.2468997969589368,1.6039781262919433,2.0
1096,hbm2_8hi_no_pim,0.48459118168598647,1.0859246891496925,0.5262295283370371
1097,hbm2_4hi_1stack,1.6153879800019944,0.6190463296617853,1.0
1097,hbm2_8hi_1stack,1.0,1.0,1.0
1097,hbm2_12hi_1stack,0.6767984686224919,1.4775447143598444,1.0
1097,hbm2_8hi_2stack,0.9518315703842454,2.1012120864961634,2.0
1097,hbm2_8hi_no_pim,0.6985544778972999,1.0236654814186161,0.7150861059138695
1098,hbm2_4hi_1stack,1.3931380619144291,0.7178039473171921,1.0
1098,hbm2_8hi_1stack,1.0,1.0,1.0
1098,hbm2_12hi_1stack,0.785335567831263,1.2733410289330735,1.0
1098,hbm2_8hi_2stack,1.2521362154509137,1.59727030918898,2.0
1098,hbm2_8hi_no_pim,0.5300045467678953,1.083372400515345,0.5741922981159822
1099,hbm2_4hi_1stack,1.3656563901287808,0.7322486148259449,1.0
1099,hbm2_8hi_1stack,1.0,1.0,1.0
1099,hbm2_12hi_1stack,0.7993171535448307,1.2510678590659243,1.0
1099,hbm2_8hi_2stack,1.2305065399345496,1.6253469080354337,2.0
1099,hbm2_8hi_no_pim,0.5509726556504457,1.112844931274087,0.6131471271112214
1100,hbm2_4hi_1stack,1.6602964720925617,0.6023020688224711,1.0
1100,hbm2_8hi_1stack,1.0,1.0,1.0
1100,hbm2_12hi_1stack,0.6609285350810209,1.5130228866233073,1.0
1100,hbm2_8hi_2stack,0.8410807484854428,2.3778929711581855,2.0
1100,hbm2_8hi_no_pim,0.3641933727645193,1.14212742758131,0.41595523997770156
1101,hbm2_4hi_1stack,1.7493560623230717,0.571638914191112,1.0
1101,hbm2_8hi_1stack,1.0,1.0,1.0
1101,hbm2_12hi_1stack,0.625446232900883,1.5988584588029233,1.0
1101,hbm2_8hi_2stack,0.7687576913123353,2.6015999873586027,2.0
1101,hbm2_8hi_no_pim,0.4146702589765024,1.131631813757145,0.4692540572767245
1102,hbm2_4hi_1stack,1.7035510792744806,0.5870091083068002,1.0
1102,hbm2_8hi_1stack,1.0,1.0,1.0
1102,hbm2_12hi_1stack,0.6412739643579156,1.5593959143519318,1.0
1102,hbm2_8hi_2stack,0.8482137780187842,2.357896148152063,2.0
1102,hbm2_8hi_no_pim,0.6340836382973715,1.0450009870275296,0.6626180278787602
1103,hbm2_4hi_1stack,1.5816121228726983,0.6322662715708639,1.0
1103,hbm2_8hi_1stack,1.0,1.0,1.0
1103,hbm2_12hi_1stack,0.6913572420746025,1.4464302087864622,1.0
1103,hbm2_8hi_2stack,0.9090004900171809,2.200218835924058,2.0
1103,hbm2_8hi_no_pim,0.4005785691991884,1.1049465479654248,0.44261790722557226
1104,hbm2_4hi_1stack,1.5371347846561112,0.6505610373157489,1.0
1104,hbm2_8hi_1stack,1.0,1.0,1.0
1104,hbm2_12hi_1stack,0.7113322466065504,1.4058128318666208,1.0
1104,hbm2_8hi_2stack,0.9956170249885329,2.0088045401021897,2.0
1104,hbm2_8hi_no_pim,0.5727269786865115,1.1084341335828292,0.6348301323998948
1105,hbm2_4hi_1stack,1.5377857272478477,0.6502856557198545,1.0
1105,hbm2_8hi_1stack,1.0,1.0,1.0
1105,hbm2_12hi_1stack,0.7088905148247701,1.4106550716751924,1.0
1105,hbm2_8hi_2stack,1.0315874331807926,1.9387595618853246,2.0
1105,hbm2_8hi_no_pim,0.871853033971654,0.9806465756383576,0.8549796922242151
1106,hbm2_4hi_1stack,1.6077115430963653,0.6220021273679818,1.0
1106,hbm2_8hi_1stack,1.0,1.0,1.0
1106,hbm2_12hi_1stack,0.6812854130830271,1.4678136076254602,1.0
1106,hbm2_8hi_2stack,0.9494057129384461,2.1065809619050273,2.0
1106,hbm2_8hi_no_pim,0.8540939225047126,0.9653261731954322,0.8244792177609502
1107,hbm2_4hi_1stack,1.6031808484358598,0.6237599463439499,1.0
1107,hbm2_8hi_1stack,1.0,1.0,1.0
1107,hbm2_12hi_1stack,0.6822993980641389,1.4656322471297212,1.0
1107,hbm2_8hi_2stack,0.9119636130184422,2.1930699552587907,2.0
1107,hbm2_8hi_no_pim,0.3817778344057161,1.1926104200044365,0.4553122234389853
1108,hbm2_4hi_1stack,1.4469492764412932,0.6911092297993023,1.0
1108,hbm2_8hi_1stack,1.0,1.0,1.0
1108,hbm2_12hi_1stack,0.7587616155847043,1.3179369903014881,1.0
1108,hbm2_8hi_2stack,1.122826033525134,1.7812198330679607,2.0
1108,hbm2_8hi_no_pim,0.7212297627082094,1.0126854242402303,0.7303788682228437
1109,hbm2_4hi_1stack,1.5947683029337114,0.6270503358766382,1.0
1109,hbm2_8hi_1stack,1.0,1.0,1.0
1109,hbm2_12hi_1stack,0.6893025825703488,1.450741699343542,1.0
1109,hbm2_8hi_2stack,0.9531999881180279,2.0981955779801735,2.0
1109,hbm2_8hi_no_pim,0.7776947455179697,1.028236773370827,0.7996543357988436
1110,hbm2_4hi_1stack,1.3780529409920357,0.7256615259498796,1.0
1110,hbm2_8hi_1stack,1.0,1.0,1.0
1110,hbm2_12hi_1stack,0.7919550539238742,1.2626979208546396,1.0
1110,hbm2_8hi_2stack,1.2362156333189331,1.6178407278595035,2.0
1110,hbm2_8hi_no_pim,0.6500712751883085,1.0289161747407574,0.6688688497756007
1111,hbm2_4hi_1stack,1.5177919926459893,0.6588518089733002,1.0
1111,hbm2_8hi_1stack,1.0,1.0,1.0
1111,hbm2_12hi_1stack,0.717291885060754,1.3941325990538718,1.0
1111,hbm2_8hi_2stack,1.0687609514135001,1.8713258538823678,2.0
1111,hbm2_8hi_no_pim,0.3354194563319328,1.2073625425559043,0.4049728876196415
1112,hbm2_4hi_1stack,1.4161306734911354,0.7061495232885087,1.0
1112,hbm2_8hi_1stack,1.0,1.0,1.0
1112,hbm2_12hi_1stack,0.7717657154375043,1.295730012356292,1.0
1112,hbm2_8hi_2stack,1.203287006788397,1.662113850408848,2.0
1112,hbm2_8hi_no_pim,0.3507162363194793,1.1920762404480905,0.4180804924558289
1113,hbm2_4hi_1stack,1.627223693347109,0.6145436574507193,1.0
1113,hbm2_8hi_1stack,1.0,1.0,1.0
1113,hbm2_12hi_1stack,0.6726385592962933,1.4866825372696273,1.0
1113,hbm2_8hi_2stack,0.8768993934185493,2.280763352113973,2.0
1113,hbm2_8hi_no_pim,0.46083020961633164,1.1289832297151068,0.5202695784029358
1114,hbm2_4hi_1stack,1.9406363913286275,0.5152948818585047,1.0
1114,hbm2_8hi_1stack,1.0,1.0,1.0
1114,hbm2_12hi_1stack,0.5664311968671444,1.7654394841436472,1.0
1114,hbm2_8hi_2stack,0.635962695940512,3.1448385459814454,2.0
1114,hbm2_8hi_no_pim,0.5433927242387112,1.1225015875321842,0.6099591956113917
1115,hbm2_4hi_1stack,1.7386561028563918,0.5751568687776304,1.0
1115,hbm2_8hi_1stack,1.0,1.0,1.0
1115,hbm2_12hi_1stack,0.6285918297857092,1.5908574572801975,1.0
1115,hbm2_8hi_2stack,0.7853219259289203,2.5467262965239312,2.0
1115,hbm2_8hi_no_pim,0.38233467319876147,1.1419085042916572,0.43659121481123725
1116,hbm2_4hi_1stack,1.4837777041933438,0.6739554026009916,1.0
1116,hbm2_8hi_1stack,1.0,1.0,1.0
1116,hbm2_12hi_1stack,0.7339174067027965,1.3625511411326356,1.0
1116,hbm2_8hi_2stack,1.0928429128953692,1.8300891888489408,2.0
1116,hbm2_8hi_no_pim,0.5820755914984136,1.098963183337723,0.6396796449762846
1117,hbm2_4hi_1stack,1.7741239495451315,0.5636584750780184,1.0
1117,hbm2_8hi_1stack,1.0,1.0,1.0
1117,hbm2_12hi_1stack,0.6183066313790637,1.6173205158249913,1.0
1117,hbm2_8hi_2stack,0.7845839764747566,2.549121649139808,2.0
1117,hbm2_8hi_no_pim,0.43191855075021235,1.0902725986708413,0.47090896074057764
1118,hbm2_4hi_1stack,1.5747498167748681,0.6350215058592787,1.0
1118,hbm2_8hi_1stack,1.0,1.0,1.0
1118,hbm2_12hi_1stack,0.6930479069704462,1.4429016954561602,1.0
1118,hbm2_8hi_2stack,0.9383790349413714,2.131334914281154,2.0
1118,hbm2_8hi_no_pim,0.45099884896116954,1.1255863847185579,0.5076381639144337
1119,hbm2_4hi_1stack,1.793586798192157,0.557542016370743,1.0
1119,hbm2_8hi_1stack,1.0,1.0,1.0
1119,hbm2_12hi_1stack,0.6107939386644244,1.6372133655854906,1.0
1119,hbm2_8hi_2stack,0.7621714074614346,2.6240816441296357,2.0
1119,hbm2_8hi_no_pim,0.641400460329121,1.0492715272201896,0.6730032405692694
1120,hbm2_4hi_1stack,1.5552566248811286,0.642980704278583,1.0
1120,hbm2_8hi_1stack,1.0,1.0,1.0
1120,hbm2_12hi_1stack,0.7043934275598291,1.4196611735351021,1.0
1120,hbm2_8hi_2stack,1.022864338983031,1.9552935064570467,2.0
1120,hbm2_8hi_no_pim,0.7018633828834735,0.9997067878373749,0.7016575880031108
1121,hbm2_4hi_1stack,1.908391368875508,0.5240015315041147,1.0
1121,hbm2_8hi_1stack,1.0,1.0,1.0
1121,hbm2_12hi_1stack,0.5760247888229548,1.7360363987865752,1.0
1121,hbm2_8hi_2stack,0.6634541178878963,3.014526469994628,2.0
1121,hbm2_8hi_no_pim,0.6364543263578789,1.0148326268603494,0.6458946158944003
1122,hbm2_4hi_1stack,1.4058009149590407,0.7113382765362163,1.0
1122,hbm2_8hi_1stack,1.0,1.0,1.0
1122,hbm2_12hi_1stack,0.7795312229000813,1.282822253456008,1.0
1122,hbm2_8hi_2stack,1.213533131351012,1.6480802611243286,2.0
1122,hbm2_8hi_no_pim,0.4401593090875544,1.1272672431391961,0.4961771708971808
1123,hbm2_4hi_1stack,1.6074296766064327,0.6221111968712536,1.0
1123,hbm2_8hi_1stack,1.0,1.0,1.0
1123,hbm2_12hi_1stack,0.6803837703872453,1.4697587501695446,1.0
1123,hbm2_8hi_2stack,0.9128451263652309,2.1909521585152185,2.0
1123,hbm2_8hi_no_pim,0.7426327204938267,1.0545819361423026,0.7831670522210051
1124,hbm2_4hi_1stack,1.551295685629677,0.6446224335330992,1.0
1124,hbm2_8hi_1stack,1.0,1.0,1.0
1124,hbm2_12hi_1stack,0.7026569144890373,1.4231696570255579,1.0
1124,hbm2_8hi_2stack,0.9828819589049638,2.034832343680634,2.0
1124,hbm2_8hi_no_pim,0.5793498916607559,1.0969805725901804,0.635535575884075
1125,hbm2_4hi_1stack,1.3976487654897147,0.7154873418069492,1.0
1125,hbm2_8hi_1stack,1.0,1.0,1.0
1125,hbm2_12hi_1stack,0.7823187974307578,1.2782512746518901,1.0
1125,hbm2_8hi_2stack,1.165689030149828,1.7157234461946826,2.0
1125,hbm2_8hi_no_pim,0.9332407008577285,0.9731026666991446,0.9081390146768342
1126,hbm2_4hi_1stack,1.394406240015004,0.7171511223223155,1.0
1126,hbm2_8hi_1stack,1.0,1.0,1.0
1126,hbm2_12hi_1stack,0.7843871885381103,1.2748805878175227,1.0
1126,hbm2_8hi_2stack,1.2495415994161498,1.6005869680005076,2.0
1126,hbm2_8hi_no_pim,0.5795840400301753,1.0589671211140583,0.6137604423144098
1127,hbm2_4hi_1stack,1.591216901571049,0.628449835476656,1.0
1127,hbm2_8hi_1stack,1.0,1.0,1.0
1127,hbm2_12hi_1stack,0.6865495572313249,1.45655909244591,1.0
1127,hbm2_8hi_2stack,0.9394863030037844,2.1288229467587496,2.0
1127,hbm2_8hi_no_pim,0.8537430298943711,1.0132050646787012,0.8650167618231166
1128,hbm2_4hi_1stack,1.5345914271258596,0.6516392456804627,1.0
1128,hbm2_8hi_1stack,1.0,1.0,1.0
1128,hbm2_12hi_1stack,0.711755051649141,1.404977734521158,1.0
1128,hbm2_8hi_2stack,0.9759984409392217,2.049183601231332,2.0
1128,hbm2_8hi_no_pim,0.6968191868576601,1.0634445606226213,0.7410285740012565
1129,hbm2_4hi_1stack,1.4463393578787294,0.6914006692500216,1.0
1129,hbm2_8hi_1stack,1.0,1.0,1.0
1129,hbm2_12hi_1stack,0.7520437970994733,1.3297097906489739,1.0
1129,hbm2_8hi_2stack,1.135449111426902,1.76141755704633,2.0
1129,hbm2_8hi_no_pim,0.6848135325272381,1.0532244256810936,0.7212623394946412
1130,hbm2_4hi_1stack,1.6641708892346398,0.6008998273367856,1.0
1130,hbm2_8hi_1stack,1.0,1.0,1.0
1130,hbm2_12hi_1stack,0.6558003804642046,1.5248542541133563,1.0
1130,hbm2_8hi_2stack,0.81632430171654,2.450006689491499,2.0
1130,hbm2_8hi_no_pim,0.7814045732452061,1.025733677290191,0.8015129863661776
1131,hbm2_4hi_1stack,1.7194461866468986,0.5815826094273444,1.0
1131,hbm2_8hi_1stack,1.0,1.0,1.0
1131,hbm2_12hi_1stack,0.6360551001322443,1.5721908365990411,1.0
1131,hbm2_8hi_2stack,0.7892416082564754,2.53407825826394,2.0
1131,hbm2_8hi_no_pim,0.725639844515881,0.9875252967111596,0.7165877027609852
1132,hbm2_4hi_1stack,1.661451508640001,0.6018833500705421,1.0
1132,hbm2_8hi_1stack,1.0,1.0,1.0
1132,hbm2_12hi_1stack,0.65736352108532,1.5212283126830348,1.0
1132,hbm2_8hi_2stack,0.8998536498582846,2.2225836393673286,2.0
1132,hbm2_8hi_no_pim,0.4782554880863728,1.0973883949834558,0.5248320224631339
1133,hbm2_4hi_1stack,1.7044822668821236,0.5866884152624374,1.0
1133,hbm2_8hi_1stack,1.0,1.0,1.0
1133,hbm2_12hi_1stack,0.6430752704786791,1.555027919602072,1.0
1133,hbm2_8hi_2stack,0.849500682386844,2.3543241829784005,2.0
1133,hbm2_8hi_no_pim,0.3371968573995264,1.2077147819565552,0.40723762911070466
1134,hbm2_4hi_1stack,1.5338611959723678,0.6519494740631112,1.0
1134,hbm2_8hi_1stack,1.0,1.0,1.0
1134,hbm2_12hi_1stack,0.7131263795470035,1.4022759901761397,1.0
1134,hbm2_8hi_2stack,1.0639444163196683,1.879797449304991,2.0
1134,hbm2_8hi_no_pim,0.6058208766992742,1.0536039170794578,0.6382952487388666
1135,hbm2_4hi_1stack,1.5270269473643097,0.6548672908006158,1.0
1135,hbm2_8hi_1stack,1.0,1.0,1.0
1135,hbm2_12hi_1stack,0.7152120179306393,1.3981867962640684,1.0
1135,hbm2_8hi_2stack,1.0658113121338308,1.87650475954872,2.0
1135,hbm2_8hi_no_pim,0.5115012731169233,1.1322518873225254,0.5791482818545108
1136,hbm2_4hi_1stack,1.5058597612101894,0.6640724626284897,1.0
1136,hbm2_8hi_1stack,1.0,1.0,1.0
1136,hbm2_12hi_1stack,0.7232635438233569,1.382621879036987,1.0
1136,hbm2_8hi_2stack,1.092284610418423,1.8310246074362042,2.0
1136,hbm2_8hi_no_pim,0.497294927804337,1.1296439242449698,0.5617661937520102
1137,hbm2_4hi_1stack,1.4955694989438015,0.6686416115775417,1.0
1137,hbm2_8hi_1stack,1.0,1.0,1.0
1137,hbm2_12hi_1stack,0.7334227279951604,1.3634701541545338,1.0
1137,hbm2_8hi_2stack,1.1282276029633544,1.7726919592703507,2.0
1137,hbm2_8hi_no_pim,0.6396321549317237,1.0543149205987956,0.6743737246392768
1138,hbm2_4hi_1stack,1.5414722891514911,0.6487304423425305,1.0
1138,hbm2_8hi_1stack,1.0,1.0,1.0
1138,hbm2_12hi_1stack,0.7097859894435616,1.4088753721159701,1.0
1138,hbm2_8hi_2stack,1.0343978680183634,1.9334919974569151,2.0
1138,hbm2_8hi_no_pim,0.6189986550458038,1.037530506029027,0.6422299878009599
1139,hbm2_4hi_1stack,1.4739828281747929,0.6784339551894797,1.0
1139,hbm2_8hi_1stack,1.0,1.0,1.0
1139,hbm2_12hi_1stack,0.7420458288435277,1.3476256602082002,1.0
1139,hbm2_8hi_2stack,1.0691115591871303,1.8707121654550674,2.0
1139,hbm2_8hi_no_pim,0.7367274991436585,0.9917158239963536,0.7306243188740262
1140,hbm2_4hi_1stack,1.4698809085623532,0.680327225270291,1.0
1140,hbm2_8hi_1stack,1.0,1.0,1.0
1140,hbm2_12hi_1stack,0.7434324665913354,1.3451120914654642,1.0
1140,hbm2_8hi_2stack,1.1594340731232786,1.7249794933250568,2.0
1140,hbm2_8hi_no_pim,0.6283529931529088,1.0625090897604323,0.6676307668031404
1141,hbm2_4hi_1stack,1.5266723646272269,0.6550193893397511,1.0
1141,hbm2_8hi_1stack,1.0,1.0,1.0
1141,hbm2_12hi_1stack,0.720633788949693,1.3876673774310204,1.0
1141,hbm2_8hi_2stack,1.0605440509466386,1.88582454280405,2.0
1141,hbm2_8hi_no_pim,0.4613536540731862,1.1111462023739314,0.5126313606747572
1142,hbm2_4hi_1stack,1.5037203288972696,0.6650172780023096,1.0
1142,hbm2_8hi_1stack,1.0,1.0,1.0
1142,hbm2_12hi_1stack,0.7262429132546007,1.3769497529670596,1.0
1142,hbm2_8hi_2stack,1.067936288606106,1.8727708959215577,2.0
1142,hbm2_8hi_no_pim,0.45377738417627755,1.1093863269336959,0.5034144254769012
1143,hbm2_4hi_1stack,1.6512213832456777,0.605612312283879,1.0
1143,hbm2_8hi_1stack,1.0,1.0,1.0
1143,hbm2_12hi_1stack,0.6651669338945713,1.5033820068970831,1.0
1143,hbm2_8hi_2stack,0.9060084492213886,2.2074849320873033,2.0
1143,hbm2_8hi_no_pim,0.38737958106267295,1.124359959272527,0.4355540899866356
1144,hbm2_4hi_1stack,1.4877857614569365,0.6721397837688237,1.0
1144,hbm2_8hi_1stack,1.0,1.0,1.0
1144,hbm2_12hi_1stack,0.7373058725634183,1.3562892107766122,1.0
1144,hbm2_8hi_2stack,1.0850838072898217,1.843175602256322,2.0
1144,hbm2_8hi_no_pim,0.47470184080157457,1.1416486138705177,0.5419426985529008
1145,hbm2_4hi_1stack,1.641728679244976,0.6091140470664713,1.0
1145,hbm2_8hi_1stack,1.0,1.0,1.0
1145,hbm2_12hi_1stack,0.6637796925223609,1.506523943509032,1.0
1145,hbm2_8hi_2stack,0.8294403019675366,2.4112645542491107,2.0
1145,hbm2_8hi_no_pim,0.41708170612612366,1.1702184613995141,0.48807671242079675
1146,hbm2_4hi_1stack,1.7135851295213465,0.5835718242252305,1.0
1146,hbm2_8hi_1stack,1.0,1.0,1.0
1146,hbm2_12hi_1stack,0.6394605477765466,1.5638181330765075,1.0
1146,hbm2_8hi_2stack,0.8482467768860834,2.3578044202443142,2.0
1146,hbm2_8hi_no_pim,0.3517294217010442,1.2254025974319487,0.4310101469456968
1147,hbm2_4hi_1stack,1.5229820399667233,0.6566065611790469,1.0
1147,hbm2_8hi_1stack,1.0,1.0,1.0
1147,hbm2_12hi_1stack,0.7213364419294481,1.3863156522706324,1.0
1147,hbm2_8hi_2stack,1.0334674707014782,1.9352326577269787,2.0
1147,hbm2_8hi_no_pim,0.37497194360475183,1.152314496724191,0.43208560648060135
1148,hbm2_4hi_1stack,1.6867575192268431,0.5928534413520022,1.0
1148,hbm2_8hi_1stack,1.0,1.0,1.0
1148,hbm2_12hi_1stack,0.6484056045942167,1.5422445347705116,1.0
1148,hbm2_8hi_2stack,0.8626145957814493,2.3185325286412346,2.0
1148,hbm2_8hi_no_pim,0.6915479883809448,0.9999054615901584,0.691482610533794
1149,hbm2_4hi_1stack,1.3891398450113928,0.719869927848624,1.0
1149,hbm2_8hi_1stack,1.0,1.0,1.0
1149,hbm2_12hi_1stack,0.7859382148821038,1.272364647836862,1.0
1149,hbm2_8hi_2stack,1.1987983948050667,1.6683372355743058,2.0
1149,hbm2_8hi_no_pim,0.3326771114889112,1.2407605323461022,0.4127726299503451
1150,hbm2_4hi_1stack,1.432435799123117,0.6981115667537506,1.0
1150,hbm2_8hi_1stack,1.0,1.0,1.0
1150,hbm2_12hi_1stack,0.7658149014740233,1.305798565782962,1.0
1150,hbm2_8hi_2stack,1.1446365973907793,1.7472794462094239,2.0
1150,hbm2_8hi_no_pim,0.6532212414029751,1.053193307512387,0.6879682397705467
1151,hbm2_4hi_1stack,1.4902466383555726,0.6710298646292938,1.0
1151,hbm2_8hi_1stack,1.0,1.0,1.0
1151,hbm2_12hi_1stack,0.7331103215125107,1.3640511811876528,1.0
1151,hbm2_8hi_2stack,1.0412423142133242,1.9207824852095385,2.0
1151,hbm2_8hi_no_pim,0.782069098043478,1.0038632419885878,0.7850904202210166
1152,hbm2_4hi_1stack,1.3845556453356593,0.7222533838700061,1.0
1152,hbm2_8hi_1stack,1.0,1.0,1.0
1152,hbm2_12hi_1stack,0.7900112690589435,1.2658047285720289,1.0
1152,hbm2_8hi_2stack,1.3135225411806595,1.5226232799951043,2.0
1152,hbm2_8hi_no_pim,0.7291855811400456,1.0114849977002554,0.7375602758624984
1153,hbm2_4hi_1stack,1.4023950957672964,0.7130658136342577,1.0
1153,hbm2_8hi_1stack,1.0,1.0,1.0
1153,hbm2_12hi_1stack,0.7795893401058439,1.2827266209979618,1.0
1153,hbm2_8hi_2stack,1.2081204575802438,1.6554640619246026,2.0
1153,hbm2_8hi_no_pim,0.3788273862657801,1.1371785975810398,0.4307943958390107
1154,hbm2_4hi_1stack,1.4694793018661318,0.6805131577764129,1.0
1154,hbm2_8hi_1stack,1.0,1.0,1.0
1154,hbm2_12hi_1stack,0.7419864056577279,1.3477335869968643,1.0
1154,hbm2_8hi_2stack,1.1483192215277094,1.7416759752041993,2.0
1154,hbm2_8hi_no_pim,0.4052700006502417,1.108513577622935,0.4492472983240486
1155,hbm2_4hi_1stack,1.6843147444155593,0.5937132613221825,1.0
1155,hbm2_8hi_1stack,1.0,1.0,1.0
1155,hbm2_12hi_1stack,0.6476607262488093,1.544018279125719,1.0
1155,hbm2_8hi_2stack,0.8088323652368549,2.4727002602255275,2.0
1155,hbm2_8hi_no_pim,0.497677889453286,1.062592212003248,0.5288286494192751
1156,hbm2_4hi_1stack,1.5937568227262295,0.6274482943322758,1.0
1156,hbm2_8hi_1stack,1.0,1.0,1.0
1156,hbm2_12hi_1stack,0.6867739379561927,1.4560832098200371,1.0
1156,hbm2_8hi_2stack,0.9091120302016705,2.1999488880994513,2.0
1156,hbm2_8hi_no_pim,0.3745670773270972,1.1172807286406217,0.41849657708080723
1157,hbm2_4hi_1stack,1.5880964932568857,0.629684659745825,1.0
1157,hbm2_8hi_1stack,1.0,1.0,1.0
1157,hbm2_12hi_1stack,0.6865693265929661,1.4565171516799378,1.0
1157,hbm2_8hi_2stack,0.9108474628985692,2.1957573374969344,2.0
1157,hbm2_8hi_no_pim,0.48935622153623487,1.1378304234659165,0.5568043967762549
1158,hbm2_4hi_1stack,1.4216198567440597,0.7034229264990031,1.0
1158,hbm2_8hi_1stack,1.0,1.0,1.0
1158,hbm2_12hi_1stack,0.771225355854645,1.2966378664921292,1.0
1158,hbm2_8hi_2stack,1.2130102939860905,1.6487906243794281,2.0
1158,hbm2_8hi_no_pim,0.46133782427886827,1.0872313753225178,0.501580957179012
1159,hbm2_4hi_1stack,1.600856935905876,0.6246654385978161,1.0
1159,hbm2_8hi_1stack,1.0,1.0,1.0
1159,hbm2_12hi_1stack,0.6863991385390621,1.4568782853201254,1.0
1159,hbm2_8hi_2stack,0.9385652104233564,2.130912138856995,2.0
1159,hbm2_8hi_no_pim,0.7352294342332931,0.9970193916497662,0.7330380032422796
1160,hbm2_4hi_1stack,1.655155364754807,0.6041728899257376,1.0
1160,hbm2_8hi_1stack,1.0,1.0,1.0
1160,hbm2_12hi_1stack,0.6620208859343385,1.5105263613981863,1.0
1160,hbm2_8hi_2stack,0.8612461226256052,2.322216550482429,2.0
1160,hbm2_8hi_no_pim,0.43284602635615005,1.1360600299509334,0.4917390696663103
1161,hbm2_4hi_1stack,1.4830995379664937,0.6742635773261174,1.0
1161,hbm2_8hi_1stack,1.0,1.0,1.0
1161,hbm2_12hi_1stack,0.73677150554707,1.357272902753584,1.0
1161,hbm2_8hi_2stack,1.078531689735538,1.8543729581932,2.0
1161,hbm2_8hi_no_pim,0.4651647053438456,1.1188150508433798,0.5204332734598204
1162,hbm2_4hi_1stack,1.6211458779560983,0.6168476345020696,1.0
1162,hbm2_8hi_1stack,1.0,1.0,1.0
1162,hbm2_12hi_1stack,0.6761014433878431,1.4790679856992315,1.0
1162,hbm2_8hi_2stack,0.933366507687847,2.1427809799544204,2.0
1162,hbm2_8hi_no_pim,0.4966552765620342,1.111027303653772,0.5517975727641352
1163,hbm2_4hi_1stack,1.3885255171757944,0.7201884211922588,1.0
1163,hbm2_8hi_1stack,1.0,1.0,1.0
1163,hbm2_12hi_1stack,0.7871093525657779,1.2704715002308795,1.0
1163,hbm2_8hi_2stack,1.2005421863769656,1.6659139701168382,2.0
1163,hbm2_8hi_no_pim,0.5861363049697795,1.0272154267576363,0.6020882546476761
1164,hbm2_4hi_1stack,1.4188742670476875,0.7047840835684073,1.0
1164,hbm2_8hi_1stack,1.0,1.0,1.0
1164,hbm2_12hi_1stack,0.7711626788811169,1.2967432519567779,1.0
1164,hbm2_8hi_2stack,1.213613940842063,1.6479705223329135,2.0
1164,hbm2_8hi_no_pim,0.49436181973203736,1.1164645935896202,0.5519374681533542
1165,hbm2_4hi_1stack,1.4574706642688002,0.6861201563200525,1.0
1165,hbm2_8hi_1stack,1.0,1.0,1.0
1165,hbm2_12hi_1stack,0.7522394494991165,1.3293639421142516,1.0
1165,hbm2_8hi_2stack,1.0915897824309782,1.8321901067505284,2.0
1165,hbm2_8hi_no_pim,0.3679941434202692,1.1972926203010676,0.440596672231101
1166,hbm2_4hi_1stack,1.420146678281704,0.7041526169747075,1.0
1166,hbm2_8hi_1stack,1.0,1.0,1.0
1166,hbm2_12hi_1stack,0.772327135771029,1.2947881198058395,1.0
1166,hbm2_8hi_2stack,1.1325308199940622,1.765956356057918,2.0
1166,hbm2_8hi_no_pim,0.790046286041715,1.015416600458243,0.8022261139771389
1167,hbm2_4hi_1stack,1.520683588508711,0.6575989953180662,1.0
1167,hbm2_8hi_1stack,1.0,1.0,1.0
1167,hbm2_12hi_1stack,0.7166109009263119,1.3954574214645232,1.0
1167,hbm2_8hi_2stack,1.020101533215274,1.9605891520387864,2.0
1167,hbm2_8hi_no_pim,0.39723134656403314,1.1853481000116148,0.47085742191473196
1168,hbm2_4hi_1stack,1.6971921798977423,0.5892084655140534,1.0
1168,hbm2_8hi_1stack,1.0,1.0,1.0
1168,hbm2_12hi_1stack,0.6454098504347159,1.549403064310918,1.0
1168,hbm2_8hi_2stack,0.8156945475688109,2.451898208662824,2.0
1168,hbm2_8hi_no_pim,0.9508595935967102,0.9500183716803821,0.9033340828054165
1169,hbm2_4hi_1stack,1.7541365363504466,0.570081050863088,1.0
1169,hbm2_8hi_1stack,1.0,1.0,1.0
1169,hbm2_12hi_1stack,0.6257103861506067,1.5981834761478657,1.0
1169,hbm2_8hi_2stack,0.7640937663394649,2.617479801702056,2.0
1169,hbm2_8hi_no_pim,0.6100749308477773,1.012679181066208,0.6178101813599506
1170,hbm2_4hi_1stack,1.8141085645611978,0.5512349258115559,1.0
1170,hbm2_8hi_1stack,1.0,1.0,1.0
1170,hbm2_12hi_1stack,0.603683105559531,1.6564982368905916,1.0
1170,hbm2_8hi_2stack,0.6973381130085974,2.8680491754153445,2.0
1170,hbm2_8hi_no_pim,0.33520422393119415,1.1958529437734555,0.4008549579534151
1171,hbm2_4hi_1stack,1.596586095246426,0.6263364080254341,1.0
1171,hbm2_8hi_1stack,1.0,1.0,1.0
1171,hbm2_12hi_1stack,0.684228068248633,1.4615009912698036,1.0
1171,hbm2_8hi_2stack,0.891672863005585,2.2429750674014546,2.0
1171,hbm2_8hi_no_pim,0.8086167655976789,0.998586288759478,0.8074736149868789
1172,hbm2_4hi_1stack,1.4995274146256448,0.6668767708055866,1.0
1172,hbm2_8hi_1stack,1.0,1.0,1.0
1172,hbm2_12hi_1stack,0.7284000605559019,1.3728719341906945,1.0
1172,hbm2_8hi_2stack,1.0632957099556446,1.880944295433516,2.0
1172,hbm2_8hi_no_pim,0.6806397926340421,1.0514982442353653,0.7156915469114183
1173,hbm2_4hi_1stack,1.5179576181142793,0.6587799211695218,1.0
1173,hbm2_8hi_1stack,1.0,1.0,1.0
1173,hbm2_12hi_1stack,0.7208760141738879,1.3872011002418823,1.0
1173,hbm2_8hi_2stack,1.0036343278383633,1.9927576653417367,2.0
1173,hbm2_8hi_no_pim,0.5205693166323222,1.074778170260611,0.5594965376239038
1174,hbm2_4hi_1stack,1.712516019772235,0.5839361433436402,1.0
1174,hbm2_8hi_1stack,1.0,1.0,1.0
1174,hbm2_12hi_1stack,0.641456714202644,1.5589516453078824,1.0
1174,hbm2_8hi_2stack,0.8061279461527677,2.4809957396278928,2.0
1174,hbm2_8hi_no_pim,0.45630387172883,1.0771219450697127,0.4914949138593981
1175,hbm2_4hi_1stack,1.404877475596196,0.7118058459693251,1.0
1175,hbm2_8hi_1stack,1.0,1.0,1.0
1175,hbm2_12hi_1stack,0.7790178949787439,1.2836675594304363,1.0
1175,hbm2_8hi_2stack,1.1841938187107055,1.6889127171576575,2.0
1175,hbm2_8hi_no_pim,0.5018628200505065,1.0550426902761967,0.5294866998156852
1176,hbm2_4hi_1stack,1.3991257938145643,0.7147320165355603,1.0
1176,hbm2_8hi_1stack,1.0,1.0,1.0
1176,hbm2_12hi_1stack,0.7802273031925749,1.2816777827540098,1.0
1176,hbm2_8hi_2stack,1.1832306509387716,1.6902875178336583,2.0
1176,hbm2_8hi_no_pim,0.8874398487752014,0.9878022429672738,0.8766150731186823
1177,hbm2_4hi_1stack,1.769484070714478,0.5651364804862145,1.0
1177,hbm2_8hi_1stack,1.0,1.0,1.0
1177,hbm2_12hi_1stack,0.6175363281691363,1.6193379310408944,1.0
1177,hbm2_8hi_2stack,0.7947883498336553,2.51639320130773,2.0
1177,hbm2_8hi_no_pim,0.3791262217789368,1.1770486141794716,0.44624999394399656
1178,hbm2_4hi_1stack,1.8212920037548803,0.5490607755035121,1.0
1178,hbm2_8hi_1stack,1.0,1.0,1.0
1178,hbm2_12hi_1stack,0.6003195751504543,1.6657794304798013,1.0
1178,hbm2_8hi_2stack,0.7414475755821043,2.6974260431424524,2.0
1178,hbm2_8hi_no_pim,0.996961736748798,0.9399235187795864,0.9370677836935378
1179,hbm2_4hi_1stack,1.4494533020738913,0.6899152932827781,1.0
1179,hbm2_8hi_1stack,1.0,1.0,1.0
1179,hbm2_12hi_1stack,0.7564334302444453,1.3219933969296478,1.0
1179,hbm2_8hi_2stack,1.1032870833397006,1.8127648099947913,2.0
1179,hbm2_8hi_no_pim,0.8947135295607258,0.9798743491044053,0.8767068374132213
1180,hbm2_4hi_1stack,1.4422723597502716,0.6933503185023592,1.0
1180,hbm2_8hi_1stack,1.0,1.0,1.0
1180,hbm2_12hi_1stack,0.7534961104906348,1.3271468639019988,1.0
1180,hbm2_8hi_2stack,1.0510691700969368,1.9028243401103149,2.0
1180,hbm2_8hi_no_pim,0.590233604864869,1.0364240955208017,0.611732330068054
1181,hbm2_4hi_1stack,1.5764037599324823,0.6343552492178972,1.0
1181,hbm2_8hi_1stack,1.0,1.0,1.0
1181,hbm2_12hi_1stack,0.6945873959653305,1.4397036367327256,1.0
1181,hbm2_8hi_2stack,0.9802027480750148,2.0403941979633586,2.0
1181,hbm2_8hi_no_pim,0.664633959679354,1.039092372385376,0.6906160779311062
1182,hbm2_4hi_1stack,1.4486589780335566,0.6902935854216175,1.0
1182,hbm2_8hi_1stack,1.0,1.0,1.0
1182,hbm2_12hi_1stack,0.7586401991692194,1.3181479192574974,1.0
1182,hbm2_8hi_2stack,1.1311672667328745,1.76808510891281,2.0
1182,hbm2_8hi_no_pim,0.729889719509769,0.9770727539897515,0.7131553583502173
1183,hbm2_4hi_1stack,1.4156480851481499,0.7063902466235797,1.0
1183,hbm2_8hi_1stack,1.0,1.0,1.0
1183,hbm2_12hi_1stack,0.7767264652362658,1.287454521967162,1.0
1183,hbm2_8hi_2stack,1.1856565717998089,1.6868290933217112,2.0
1183,hbm2_8hi_no_pim,0.9407881013533164,0.9975021039552588,0.9384381104760063
1184,hbm2_4hi_1stack,1.606192033488965,0.6225905614958153,1.0
1184,hbm2_8hi_1stack,1.0,1.0,1.0
1184,hbm2_12hi_1stack,0.6774820697280414,1.4760538244228745,1.0
1184,hbm2_8hi_2stack,0.8798479925774415,2.2731199217050735,2.0
1184,hbm2_8hi_no_pim,0.3607383992658927,1.1584968868693688,0.4179143125237761
1185,hbm2_4hi_1stack,1.4951088580221854,0.6688476191110636,1.0
1185,hbm2_8hi_1stack,1.0,1.0,1.0
1185,hbm2_12hi_1stack,0.7322374446234956,1.3656772230682406,1.0
1185,hbm2_8hi_2stack,1.0355143148150243,1.9314073899183746,2.0
1185,hbm2_8hi_no_pim,0.4481968607553022,1.131571824425276,0.5071669394265587
1186,hbm2_4hi_1stack,1.6386454767378036,0.6102601289882351,1.0
1186,hbm2_8hi_1stack,1.0,1.0,1.0
1186,hbm2_12hi_1stack,0.6677700941645073,1.4975213905785467,1.0
1186,hbm2_8hi_2stack,0.9145130568584633,2.1869562003525713,2.0
1186,hbm2_8hi_no_pim,0.8446777810834946,0.9536531020283154,0.805529586144669
1187,hbm2_4hi_1stack,1.6671482942638802,0.5998266641549991,1.0
1187,hbm2_8hi_1stack,1.0,1.0,1.0
1187,hbm2_12hi_1stack,0.6520788200161926,1.5335569402103382,1.0
1187,hbm2_8hi_2stack,0.8583184146829315,2.3301375873880246,2.0
1187,hbm2_8hi_no_pim,0.5607574359211861,1.1014260670114202,0.6176328571940805
1188,hbm2_4hi_1stack,1.492162151899028,0.6701684523544116,1.0
1188,hbm2_8hi_1stack,1.0,1.0,1.0
1188,hbm2_12hi_1stack,0.7290869351055906,1.3715785482497695,1.0
1188,hbm2_8hi_2stack,1.0075150356278648,1.985082037761984,2.0
1188,hbm2_8hi_no_pim,0.7938472914562256,1.0075492731418778,0.7998402614923685
1189,hbm2_4hi_1stack,1.5653737869839746,0.6388250578328085,1.0
1189,hbm2_8hi_1stack,1.0,1.0,1.0
1189,hbm2_12hi_1stack,0.6996181857269234,1.4293510666263933,1.0
1189,hbm2_8hi_2stack,1.023565399232312,1.9539542871418158,2.0
1189,hbm2_8hi_no_pim,0.5414346318054174,1.1265253683094536,0.6099398480100913
1190,hbm2_4hi_1stack,1.4572876945392976,0.686206302123574,1.0
1190,hbm2_8hi_1stack,1.0,1.0,1.0
1190,hbm2_12hi_1stack,0.7514085723907258,1.3308338988179773,1.0
1190,hbm2_8hi_2stack,1.1548024663476484,1.7318979291112013,2.0
1190,hbm2_8hi_no_pim,0.6537054138596222,1.0685394445205219,0.6985100198056186
1191,hbm2_4hi_1stack,1.4513102535808324,0.6890325466472037,1.0
1191,hbm2_8hi_1stack,1.0,1.0,1.0
1191,hbm2_12hi_1stack,0.7535138759718656,1.3271155739636806,1.0
1191,hbm2_8hi_2stack,1.0962999892121144,1.8243181790390732,2.0
1191,hbm2_8hi_no_pim,0.4153983514507998,1.1805574490652007,0.4904016181346459
1192,hbm2_4hi_1stack,1.5797728326321765,0.6330024034745717,1.0
1192,hbm2_8hi_1stack,1.0,1.0,1.0
1192,hbm2_12hi_1stack,0.6906754005232647,1.4478581389208114,1.0
1192,hbm2_8hi_2stack,0.8988290676197707,2.2251171797283873,2.0
1192,hbm2_8hi_no_pim,0.41853609107265927,1.1502291273520704,0.48141240279985154
1193,hbm2_4hi_1stack,1.5323360221586249,0.6525983762956149,1.0
1193,hbm2_8hi_1stack,1.0,1.0,1.0
1193,hbm2_12hi_1stack,0.7127899256867635,1.4029378979178382,1.0
1193,hbm2_8hi_2stack,0.9888180156572026,2.022616870173761,2.0
1193,hbm2_8hi_no_pim,0.4585656086853821,1.0912727753639966,0.5004201644765773
1194,hbm2_4hi_1stack,1.532081927821836,0.6527066091182878,1.0
1194,hbm2_8hi_1stack,1.0,1.0,1.0
1194,hbm2_12hi_1stack,0.7130235173161092,1.402478285378438,1.0
1194,hbm2_8hi_2stack,0.986648420965337,2.0270645120408743,2.0
1194,hbm2_8hi_no_pim,0.44750642099387206,1.1024935981632353,0.4933729642826856
1195,hbm2_4hi_1stack,1.512565566577716,0.661128365008711,1.0
1195,hbm2_8hi_1stack,1.0,1.0,1.0
1195,hbm2_12hi_1stack,0.7229745250056544,1.3831746007816512,1.0
1195,hbm2_8hi_2stack,1.0811235869854046,1.8499272646310327,2.0
1195,hbm2_8hi_no_pim,0.7753783297291046,1.033153965022409,0.8010851957520773
1196,hbm2_4hi_1stack,1.440626387562345,0.6941424984531068,1.0
1196,hbm2_8hi_1stack,1.0,1.0,1.0
1196,hbm2_12hi_1stack,0.7558160817422193,1.3230731975097916,1.0
1196,hbm2_8hi_2stack,1.065783660605444,1.8765534450620605,2.0
1196,hbm2_8hi_no_pim,0.4090484485014092,1.1405565138226437,0.46654287240732845
1197,hbm2_4hi_1stack,1.7238366848362845,0.5801013569304401,1.0
1197,hbm2_8hi_1stack,1.0,1.0,1.0
1197,hbm2_12hi_1stack,0.6327598276195872,1.5803784569604444,1.0
1197,hbm2_8hi_2stack,0.8329276153020584,2.4011690370893835,2.0
1197,hbm2_8hi_no_pim,0.951632874862787,0.9802395104268832,0.9328281433616258
1198,hbm2_4hi_1stack,1.7332472097455907,0.5769517437427647,1.0
1198,hbm2_8hi_1stack,1.0,1.0,1.0
1198,hbm2_12hi_1stack,0.6304109059016907,1.5862669738710784,1.0
1198,hbm2_8hi_2stack,0.7390027902197318,2.7063497275907835,2.0
1198,hbm2_8hi_no_pim,0.5728651404173549,1.105287874187883,0.6331808932482413
1199,hbm2_4hi_1stack,1.3907164737167705,0.7190538250600008,1.0
1199,hbm2_8hi_1stack,1.0,1.0,1.0
1199,hbm2_12hi_1stack,0.7826289300959515,1.277744741530828,1.0
1199,hbm2_8hi_2stack,1.2346718083950283,1.6198636644986941,2.0
1199,hbm2_8hi_no_pim,0.6914069916708908,1.0063575378439127,0.6958026377859843
1200,hbm2_4hi_1stack,1.6649292386513,0.6006261267956736,1.0
1200,hbm2_8hi_1stack,1.0,1.0,1.0
1200,hbm2_12hi_1stack,0.6584030259804574,1.5188265553774685,1.0
1200,hbm2_8hi_2stack,0.8967689871338852,2.230228775408583,2.0
1200,hbm2_8hi_no_pim,0.4910250410840617,1.1144760489932442,0.5472356477441105
1201,hbm2_4hi_1stack,1.589396014350874,0.629169817321085,1.0
1201,hbm2_8hi_1stack,1.0,1.0,1.0
1201,hbm2_12hi_1stack,0.6903398343895466,1.448561925858269,1.0
1201,hbm2_8hi_2stack,0.9786262407212168,2.0436811489195943,2.0
1201,hbm2_8hi_no_pim,0.3562078004185541,1.1711218548829054,0.41716273994993686
1202,hbm2_4hi_1stack,1.4524737644324623,0.6884805939271053,1.0
1202,hbm2_8hi_1stack,1.0,1.0,1.0
1202,hbm2_12hi_1stack,0.7513403636049073,1.3309547156524795,1.0
1202,hbm2_8hi_2stack,1.0675898511502255,1.8733786180574796,2.0
1202,hbm2_8hi_no_pim,0.6909509224177813,1.0119981496011776,0.6992410549520215
1203,hbm2_4hi_1stack,1.6923681833156743,0.5908879698038331,1.0
1203,hbm2_8hi_1stack,1.0,1.0,1.0
1203,hbm2_12hi_1stack,0.6485571604313455,1.5418841406899513,1.0
1203,hbm2_8hi_2stack,0.8555516021525623,2.3376731397241417,2.0
1203,hbm2_8hi_no_pim,0.6461073711374425,1.0501235434843006,0.6784925620501773
1204,hbm2_4hi_1stack,1.5434930602743555,0.6478811118348988,1.0
1204,hbm2_8hi_1stack,1.0,1.0,1.0
1204,hbm2_12hi_1stack,0.7077261256093422,1.4129759575273755,1.0
1204,hbm2_8hi_2stack,0.995027195500427,2.0099953137402884,2.0
1204,hbm2_8hi_no_pim,0.8228899453916227,0.957546612684424,0.787955479821819
1205,hbm2_4hi_1stack,1.7655846813178517,0.5663846150123987,1.0
1205,hbm2_8hi_1stack,1.0,1.0,1.0
1205,hbm2_12hi_1stack,0.62062636969675,1.6112753966426197,1.0
1205,hbm2_8hi_2stack,0.7539846348649147,2.652573948484141,2.0
1205,hbm2_8hi_no_pim,0.778905857605164,0.9829251909397084,0.7656061888106132
1206,hbm2_4hi_1stack,1.7051586004336887,0.5864557113606094,1.0
1206,hbm2_8hi_1stack,1.0,1.0,1.0
1206,hbm2_12hi_1stack,0.6393693003112092,1.564041313077209,1.0
1206,hbm2_8hi_2stack,0.7770086525866179,2.5739739105119526,2.0
1206,hbm2_8hi_no_pim,0.48788333768222997,1.0674231074347187,0.5207779483743881
1207,hbm2_4hi_1stack,1.6796764114065874,0.5953527674789362,1.0
1207,hbm2_8hi_1stack,1.0,1.0,1.0
1207,hbm2_12hi_1stack,0.6501097752158869,1.53820175933814,1.0
1207,hbm2_8hi_2stack,0.8489125378593418,2.3559553084741744,2.0
1207,hbm2_8hi_no_pim,0.6318649988129091,1.010183168413487,0.6382993865104087
1208,hbm2_4hi_1stack,1.4788180237370407,0.6762157236040134,1.0
1208,hbm2_8hi_1stack,1.0,1.0,1.0
1208,hbm2_12hi_1stack,0.7426097664491753,1.3466022737373204,1.0
1208,hbm2_8hi_2stack,1.0919868824702437,1.8315238324801941,2.0
1208,hbm2_8hi_no_pim,0.4286302749422988,1.098223198794281,0.4707317116472035
1209,hbm2_4hi_1stack,1.776473353570124,0.5629130310287687,1.0
1209,hbm2_8hi_1stack,1.0,1.0,1.0
1209,hbm2_12hi_1stack,0.618283153364774,1.6173819302011956,1.0
1209,hbm2_8hi_2stack,0.7543486641770689,2.6512938843496623,2.0
1209,hbm2_8hi_no_pim,0.6213975442495713,1.0588997662381678,0.6579977143468426
1210,hbm2_4hi_1stack,1.7697612820716657,0.565047958801206,1.0
1210,hbm2_8hi_1stack,1.0,1.0,1.0
1210,hbm2_12hi_1stack,0.6195865732086537,1.6139794553992655,1.0
1210,hbm2_8hi_2stack,0.7798426999085578,2.5646197627220393,2.0
1210,hbm2_8hi_no_pim,0.6218450605164252,1.064511732576054,0.6619613627642009
1211,hbm2_4hi_1stack,1.6959651804079763,0.5896347469583326,1.0
1211,hbm2_8hi_1stack,1.0,1.0,1.0
1211,hbm2_12hi_1stack,0.6448060180016735,1.5508540120315761,1.0
1211,hbm2_8hi_2stack,0.8504682209374418,2.3516457767175227,2.0
1211,hbm2_8hi_no_pim,0.5668392148879737,1.0420598438741444,0.5906803837679045
1212,hbm2_4hi_1stack,1.5490009434390635,0.6455773989264451,1.0
1212,hbm2_8hi_1stack,1.0,1.0,1.0
1212,hbm2_12hi_1stack,0.706146196609553,1.4161373449313168,1.0
1212,hbm2_8hi_2stack,0.9724521684255953,2.056656424796717,2.0
1212,hbm2_8hi_no_pim,0.4412696032136583,1.130653936086339,0.4989232137487798
1213,hbm2_4hi_1stack,1.496793668014248,0.6680947557231923,1.0
1213,hbm2_8hi_1stack,1.0,1.0,1.0
1213,hbm2_12hi_1stack,0.7323016684105336,1.3655574514400708,1.0
1213,hbm2_8hi_2stack,1.1267142070180944,1.7750730287613044,2.0
1213,hbm2_8hi_no_pim,0.45584333324782117,1.112351499155201,0.5070580151181178
1214,hbm2_4hi_1stack,1.6697125253404081,0.5989054911090924,1.0
1214,hbm2_8hi_1stack,1.0,1.0,1.0
1214,hbm2_12hi_1stack,0.6559575481563188,1.524488898421356,1.0
1214,hbm2_8hi_2stack,0.8770601867759652,2.2803452147929693,2.0
1214,hbm2_8hi_no_pim,0.6930539754009883,1.0657358659592169,0.7386124786304501
1215,hbm2_4hi_1stack,1.4895862237819282,0.6713273686575109,1.0
1215,hbm2_8hi_1stack,1.0,1.0,1.0
1215,hbm2_12hi_1stack,0.7349436614662782,1.3606485128464278,1.0
1215,hbm2_8hi_2stack,1.0626946333930567,1.8820081866925775,2.0
1215,hbm2_8hi_no_pim,0.3503146606602414,1.1670642551386048,0.4088397185075778
1216,hbm2_4hi_1stack,1.662780990810866,0.6014021122002023,1.0
1216,hbm2_8hi_1stack,1.0,1.0,1.0
1216,hbm2_12hi_1stack,0.6600605711872262,1.5150124755995311,1.0
1216,hbm2_8hi_2stack,0.8633201193164118,2.316637774622496,2.0
1216,hbm2_8hi_no_pim,0.46022304260579366,1.0916972522293582,0.5024242310253798
1217,hbm2_4hi_1stack,1.6847543857700538,0.5935583301912155,1.0
1217,hbm2_8hi_1stack,1.0,1.0,1.0
1217,hbm2_12hi_1stack,0.6483481008702291,1.5423813205556935,1.0
1217,hbm2_8hi_2stack,0.8299695436056918,2.4097269778253154,2.0
1217,hbm2_8hi_no_pim,0.3943119544735302,1.1759272937397334,0.4636821895132833
1218,hbm2_4hi_1stack,1.5998742293818204,0.625049133009907,1.0
1218,hbm2_8hi_1stack,1.0,1.0,1.0
1218,hbm2_12hi_1stack,0.6827271255409724,1.4647140308181401,1.0
1218,hbm2_8hi_2stack,0.9020329521659424,2.2172139002213194,2.0
1218,hbm2_8hi_no_pim,0.9740898411288976,0.9773378739982894,0.9520148944122483
1219,hbm2_4hi_1stack,1.5021328896069897,0.6657200617327771,1.0
1219,hbm2_8hi_1stack,1.0,1.0,1.0
1219,hbm2_12hi_1stack,0.731945377389196,1.366222167516022,1.0
1219,hbm2_8hi_2stack,1.0724637103868098,1.864864965247777,2.0
1219,hbm2_8hi_no_pim,0.4013897023317743,1.1785602360183964,0.4730619423154898
1220,hbm2_4hi_1stack,1.6765128930703408,0.5964761763141677,1.0
1220,hbm2_8hi_1stack,1.0,1.0,1.0
1220,hbm2_12hi_1stack,0.6521903206279186,1.5332947582497325,1.0
1220,hbm2_8hi_2stack,0.8177708909737162,2.4456727698128367,2.0
1220,hbm2_8hi_no_pim,0.6959641548423481,1.063653561215493,0.7402647517763943
1221,hbm2_4hi_1stack,1.54512396400136,0.6471972626780901,1.0
1221,hbm2_8hi_1stack,1.0,1.0,1.0
1221,hbm2_12hi_1stack,0.7089778360152983,1.4104813284719129,1.0
1221,hbm2_8hi_2stack,1.0069474367311446,1.9862009942570626,2.0
1221,hbm2_8hi_no_pim,0.35842199956207854,1.1272906445704043,0.4040457669145487
1222,hbm2_4hi_1stack,1.6961688645493085,0.5895639407729085,1.0
1222,hbm2_8hi_1stack,1.0,1.0,1.0
1222,hbm2_12hi_1stack,0.6444987586811668,1.5515933685369587,1.0
1222,hbm2_8hi_2stack,0.8513134747312762,2.34931087004269,2.0
1222,hbm2_8hi_no_pim,0.6566224095472212,1.0637850181535249,0.6985050818602019
1223,hbm2_4hi_1stack,1.782275729041289,0.5610804118046954,1.0
1223,hbm2_8hi_1stack,1.0,1.0,1.0
1223,hbm2_12hi_1stack,0.6135780570684226,1.6297844886726218,1.0
1223,hbm2_8hi_2stack,0.7389059489808414,2.7067044226109713,2.0
1223,hbm2_8hi_no_pim,0.6686026520810118,1.0325004703052167,0.6903325527209598
1224,hbm2_4hi_1stack,1.4020418869073252,0.7132454524635039,1.0
1224,hbm2_8hi_1stack,1.0,1.0,1.0
1224,hbm2_12hi_1stack,0.7771427891915922,1.286764818393581,1.0
1224,hbm2_8hi_2stack,1.1900777054679235,1.6805625303379876,2.0
1224,hbm2_8hi_no_pim,0.3986591400406349,1.177729515908593,0.4695126360125929
1225,hbm2_4hi_1stack,1.368509795947936,0.7307218428110136,1.0
1225,hbm2_8hi_1stack,1.0,1.0,1.0
1225,hbm2_12hi_1stack,0.7972109804688751,1.2543730888049933,1.0
1225,hbm2_8hi_2stack,1.3270394707660342,1.507114177128054,2.0
1225,hbm2_8hi_no_pim,0.5720550360330048,1.0520678228587161,0.6018406963146078
1226,hbm2_4hi_1stack,1.4044476410141737,0.7120236958622995,1.0
1226,hbm2_8hi_1stack,1.0,1.0,1.0
1226,hbm2_12hi_1stack,0.7812312167374011,1.2800307752373579,1.0
1226,hbm2_8hi_2stack,1.2373857396798964,1.6163108526831633,2.0
1226,hbm2_8hi_no_pim,0.9868019883464679,0.9822422193969376,0.9692785751387456
1227,hbm2_4hi_1stack,1.4250526409806399,0.701728463386347,1.0
1227,hbm2_8hi_1stack,1.0,1.0,1.0
1227,hbm2_12hi_1stack,0.7659643698113842,1.3055437555747484,1.0
1227,hbm2_8hi_2stack,1.1255962925125031,1.7768359875597086,2.0
1227,hbm2_8hi_no_pim,0.6702560210736256,1.0032456357042272,0.6724314279465954
1228,hbm2_4hi_1stack,1.5988448617530409,0.6254515518807484,1.0
1228,hbm2_8hi_1stack,1.0,1.0,1.0
1228,hbm2_12hi_1stack,0.6842159211045016,1.461526937849884,1.0
1228,hbm2_8hi_2stack,0.8866321443459632,2.255726924355228,2.0
1228,hbm2_8hi_no_pim,0.5345657339185116,1.0845549054896058,0.5797658890279731
1229,hbm2_4hi_1stack,1.6912657866744527,0.5912731209245986,1.0
1229,hbm2_8hi_1stack,1.0,1.0,1.0
1229,hbm2_12hi_1stack,0.6472576739092247,1.5449797512022174,1.0
1229,hbm2_8hi_2stack,0.8168867721600857,2.4483197282181712,2.0
1229,hbm2_8hi_no_pim,0.3433140461594164,1.2067436514250636,0.414292045647927
1230,hbm2_4hi_1stack,1.5892786880055823,0.6292162649301741,1.0
1230,hbm2_8hi_1stack,1.0,1.0,1.0
1230,hbm2_12hi_1stack,0.6910290100089632,1.4471172490819584,1.0
1230,hbm2_8hi_2stack,0.9284558877877938,2.1541141871213125,2.0
1230,hbm2_8hi_no_pim,0.6638990895545384,1.0699177137819729,0.7103173960781249
1231,hbm2_4hi_1stack,1.6226509601193146,0.6162754804190725,1.0
1231,hbm2_8hi_1stack,1.0,1.0,1.0
1231,hbm2_12hi_1stack,0.6744497643644174,1.4826901169464741,1.0
1231,hbm2_8hi_2stack,0.8815345891781415,2.268770873601918,2.0
1231,hbm2_8hi_no_pim,0.4868167916101647,1.1129985423006843,0.5418263794296093
1232,hbm2_4hi_1stack,1.4922483566684341,0.6701297378089136,1.0
1232,hbm2_8hi_1stack,1.0,1.0,1.0
1232,hbm2_12hi_1stack,0.7316979374455217,1.36668418595133,1.0
1232,hbm2_8hi_2stack,1.0845000022241154,1.8441678154894958,2.0
1232,hbm2_8hi_no_pim,0.6858041386940292,1.0056853577580462,0.6897031805744536
1233,hbm2_4hi_1stack,1.4330684810951897,0.6978033591498524,1.0
1233,hbm2_8hi_1stack,1.0,1.0,1.0
1233,hbm2_12hi_1stack,0.7630412671958317,1.3105451080974808,1.0
1233,hbm2_8hi_2stack,1.209012609112277,1.654242466063699,2.0
1233,hbm2_8hi_no_pim,0.6064964165242179,1.067493020661237,0.6474306916956531
1234,hbm2_4hi_1stack,1.4140396441302099,0.7071937510034311,1.0
1234,hbm2_8hi_1stack,1.0,1.0,1.0
1234,hbm2_12hi_1stack,0.7738037285116788,1.2923173708704963,1.0
1234,hbm2_8hi_2stack,1.1613033704944258,1.7222028720613276,2.0
1234,hbm2_8hi_no_pim,0.360692430495826,1.1655589294315032,0.42040828314276185
1235,hbm2_4hi_1stack,1.3965285626152615,0.7160612584445194,1.0
1235,hbm2_8hi_1stack,1.0,1.0,1.0
1235,hbm2_12hi_1stack,0.7805761478937031,1.2811049923808042,1.0
1235,hbm2_8hi_2stack,1.1789287165483662,1.696455410684662,2.0
1235,hbm2_8hi_no_pim,0.39291504210561845,1.1315771923362423,0.44461370017255214
1236,hbm2_4hi_1stack,1.733785320882029,0.5767726764991122,1.0
1236,hbm2_8hi_1stack,1.0,1.0,1.0
1236,hbm2_12hi_1stack,0.63275530154281,1.5803897613528624,1.0
1236,hbm2_8hi_2stack,0.8080663131301601,2.475044396112387,2.0
1236,hbm2_8hi_no_pim,0.5555067753255644,1.0841049539699164,0.6022276470942977
1237,hbm2_4hi_1stack,1.5681447499664103,0.6376962330941834,1.0
1237,hbm2_8hi_1stack,1.0,1.0,1.0
1237,hbm2_12hi_1stack,0.6964076774567863,1.4359405164111683,1.0
1237,hbm2_8hi_2stack,0.9183910471235487,2.1777215776047796,2.0
1237,hbm2_8hi_no_pim,0.7872547094662117,1.0297915300763512,0.8107082318210234
1238,hbm2_4hi_1stack,1.7827937302380115,0.5609173865932854,1.0
1238,hbm2_8hi_1stack,1.0,1.0,1.0
1238,hbm2_12hi_1stack,0.6122563948762888,1.63330266268931,1.0
1238,hbm2_8hi_2stack,0.7418725241639784,2.6958809429609416,2.0
1238,hbm2_8hi_no_pim,0.6117368137287337,1.0162381513846708,0.621670288717637
1239,hbm2_4hi_1stack,1.8575456486734265,0.5383447780753888,1.0
1239,hbm2_8hi_1stack,1.0,1.0,1.0
1239,hbm2_12hi_1stack,0.5890580080843313,1.697625677396507,1.0
1239,hbm2_8hi_2stack,0.7028392405892405,2.845600934750394,2.0
1239,hbm2_8hi_no_pim,0.6781464391474546,1.077982232477912,0.7310298124191197
1240,hbm2_4hi_1stack,1.4092691742418677,0.70958764888756,1.0
1240,hbm2_8hi_1stack,1.0,1.0,1.0
1240,hbm2_12hi_1stack,0.7766429819938265,1.2875929135840036,1.0
1240,hbm2_8hi_2stack,1.2455668156267397,1.605694672424014,2.0
1240,hbm2_8hi_no_pim,0.6542892532882053,1.0260459245868496,0.6713308218373361
1241,hbm2_4hi_1stack,1.62327704387096,0.6160377883588758,1.0
1241,hbm2_8hi_1stack,1.0,1.0,1.0
1241,hbm2_12hi_1stack,0.6766894198655556,1.4777828212515567,1.0
1241,hbm2_8hi_2stack,0.953720450318111,2.0970505553623235,2.0
1241,hbm2_8hi_no_pim,0.3938539561068292,1.1475346627326437,0.4519610666869677
1242,hbm2_4hi_1stack,1.37737347833733,0.7260194970554615,1.0
1242,hbm2_8hi_1stack,1.0,1.0,1.0
1242,hbm2_12hi_1stack,0.7888634938526374,1.2676464404712378,1.0
1242,hbm2_8hi_2stack,1.1642229328722882,1.7178840439654817,2.0
1242,hbm2_8hi_no_pim,0.46904575929397324,1.0819042010807445,0.5074625774792573
1243,hbm2_4hi_1stack,1.557883772198005,0.6418964096333762,1.0
1243,hbm2_8hi_1stack,1.0,1.0,1.0
1243,hbm2_12hi_1stack,0.6995553205687179,1.4294795144821848,1.0
1243,hbm2_8hi_2stack,0.9315236576846786,2.1470200820997305,2.0
1243,hbm2_8hi_no_pim,0.4813293684560171,1.1152138720390539,0.5367851887219472
1244,hbm2_4hi_1stack,1.6707933875152579,0.5985180498512525,1.0
1244,hbm2_8hi_1stack,1.0,1.0,1.0
1244,hbm2_12hi_1stack,0.6545088232063574,1.527863283952574,1.0
1244,hbm2_8hi_2stack,0.875008430551025,2.2856922632625682,2.0
1244,hbm2_8hi_no_pim,0.9040105323172148,0.9443941209879824,0.8537422320315942
1245,hbm2_4hi_1stack,1.4371108184206896,0.6958405623158194,1.0
1245,hbm2_8hi_1stack,1.0,1.0,1.0
1245,hbm2_12hi_1stack,0.7614343380983334,1.3133108791724306,1.0
1245,hbm2_8hi_2stack,1.1187793243688902,1.787662639482734,2.0
1245,hbm2_8hi_no_pim,0.7192761870119391,1.0410340662058497,0.7487910136900782
1246,hbm2_4hi_1stack,1.3993548097092228,0.7146150447775241,1.0
1246,hbm2_8hi_1stack,1.0,1.0,1.0
1246,hbm2_12hi_1stack,0.7791230250206594,1.283494349269788,1.0
1246,hbm2_8hi_2stack,1.171878810619607,1.7066611170676778,2.0
1246,hbm2_8hi_no_pim,0.4782227279208638,1.1438989841721368,0.5470384926767042
1247,hbm2_4hi_1stack,1.3932588635148366,0.7177417105944369,1.0
1247,hbm2_8hi_1stack,1.0,1.0,1.0
1247,hbm2_12hi_1stack,0.7794482148999418,1.2829588687022275,1.0
1247,hbm2_8hi_2stack,1.243120728292896,1.6088541961217888,2.0
1247,hbm2_8hi_no_pim,0.6751347015527901,1.004736820413496,0.678332693388965
1248,hbm2_4hi_1stack,1.834564156784249,0.545088595731026,1.0
1248,hbm2_8hi_1stack,1.0,1.0,1.0
1248,hbm2_12hi_1stack,0.5985128617370139,1.670807870523924,1.0
1248,hbm2_8hi_2stack,0.7083499891575049,2.8234630205595876,2.0
1248,hbm2_8hi_no_pim,0.3814369873640238,1.1310205503368231,0.4314130713672781
1249,hbm2_4hi_1stack,1.6777822663849435,0.596024895503672,1.0
1249,hbm2_8hi_1stack,1.0,1.0,1.0
1249,hbm2_12hi_1stack,0.6512335432738433,1.535547439667893,1.0
1249,hbm2_8hi_2stack,0.8821540795119387,2.2671776353474686,2.0
1249,hbm2_8hi_no_pim,0.704462169666917,1.0423579862903867,0.7343017685917643
1250,hbm2_4hi_1stack,1.524401510108521,0.6559951517817708,1.0
1250,hbm2_8hi_1stack,1.0,1.0,1.0
1250,hbm2_12hi_1stack,0.7165457524219143,1.395584296773813,1.0
1250,hbm2_8hi_2stack,1.0295171670498726,1.9426582324324804,2.0
1250,hbm2_8hi_no_pim,0.9211105481576175,0.9495292217837171,0.8746213819688756
1251,hbm2_4hi_1stack,1.52919945673305,0.653936931246614,1.0
1251,hbm2_8hi_1stack,1.0,1.0,1.0
1251,hbm2_12hi_1stack,0.7131897515621636,1.4021513879155023,1.0
1251,hbm2_8hi_2stack,1.0383686580032694,1.9260981969986453,2.0
1251,hbm2_8hi_no_pim,0.5088956499649498,1.096745205032555,0.5581288639609843
1252,hbm2_4hi_1stack,1.833537025681522,0.5453939495049477,1.0
1252,hbm2_8hi_1stack,1.0,1.0,1.0
1252,hbm2_12hi_1stack,0.598343563495079,1.6712806170400534,1.0
1252,hbm2_8hi_2stack,0.722948119391266,2.7664502422165955,2.0
1252,hbm2_8hi_no_pim,1.019526065624074,0.9567365319564481,0.9754178322643788
1253,hbm2_4hi_1stack,1.4755384422657414,0.677718703461541,1.0
1253,hbm2_8hi_1stack,1.0,1.0,1.0
1253,hbm2_12hi_1stack,0.7395203431347547,1.352227845093615,1.0
1253,hbm2_8hi_2stack,1.1144924709700583,1.7945388166321057,2.0
1253,hbm2_8hi_no_pim,0.993052481775722,0.971821469801616,0.9650697224294247
1254,hbm2_4hi_1stack,1.720757258080813,0.5811394926878387,1.0
1254,hbm2_8hi_1stack,1.0,1.0,1.0
1254,hbm2_12hi_1stack,0.6376330648612629,1.5683001009641515,1.0
1254,hbm2_8hi_2stack,0.8241687250740186,2.4266875691265524,2.0
1254,hbm2_8hi_no_pim,0.9148322513108966,0.9391176091396249,0.8591350766149097
1255,hbm2_4hi_1stack,1.5014392757243042,0.6660276017607129,1.0
1255,hbm2_8hi_1stack,1.0,1.0,1.0
1255,hbm2_12hi_1stack,0.7299689188378735,1.3699213407497155,1.0
1255,hbm2_8hi_2stack,1.0511905783583502,1.9026045715929174,2.0
1255,hbm2_8hi_no_pim,0.5281769062502031,1.0903852755859555,0.5759163214797651
1256,hbm2_4hi_1stack,1.4695738990037872,0.6804693528361467,1.0
1256,hbm2_8hi_1stack,1.0,1.0,1.0
1256,hbm2_12hi_1stack,0.7454471744953607,1.3414766789839425,1.0
1256,hbm2_8hi_2stack,1.0945676567006613,1.8272054612216204,2.0
1256,hbm2_8hi_no_pim,0.7072991814115955,0.9893784375538339,0.6997865589881102
1257,hbm2_4hi_1stack,1.4126510119264029,0.70788892058791,1.0
1257,hbm2_8hi_1stack,1.0,1.0,1.0
1257,hbm2_12hi_1stack,0.7724991790086937,1.2944997576350123,1.0
1257,hbm2_8hi_2stack,1.1622645886683196,1.72077857270996,2.0
1257,hbm2_8hi_no_pim,0.5023482999296139,1.1070965251732818,0.5561480572787811
1258,hbm2_4hi_1stack,1.4753294170983435,0.6778147228751024,1.0
1258,hbm2_8hi_1stack,1.0,1.0,1.0
1258,hbm2_12hi_1stack,0.7435496776818179,1.344900051759451,1.0
1258,hbm2_8hi_2stack,1.0771835839684942,1.8566937240462964,2.0
1258,hbm2_8hi_no_pim,0.38689796391998404,1.1277048895115083,0.43630672565461315
1259,hbm2_4hi_1stack,1.4679635881674644,0.6812158067546841,1.0
1259,hbm2_8hi_1stack,1.0,1.0,1.0
1259,hbm2_12hi_1stack,0.7447868498570839,1.3426660261145704,1.0
1259,hbm2_8hi_2stack,1.0872897067066798,1.8394361573217244,2.0
1259,hbm2_8hi_no_pim,0.44358662656593434,1.158266694518759,0.5137916156852519
1260,hbm2_4hi_1stack,1.4084930704546317,0.7099786438262143,1.0
1260,hbm2_8hi_1stack,1.0,1.0,1.0
1260,hbm2_12hi_1stack,0.7774034392514177,1.2863333881863532,1.0
1260,hbm2_8hi_2stack,1.1624698528184767,1.7204747247000705,2.0
1260,hbm2_8hi_no_pim,0.9634984721447366,0.9319855334024594,0.897966637494267
1261,hbm2_4hi_1stack,1.6948519300511868,0.5900220439727727,1.0
1261,hbm2_8hi_1stack,1.0,1.0,1.0
1261,hbm2_12hi_1stack,0.642920429054929,1.5554024336572503,1.0
1261,hbm2_8hi_2stack,0.8415795024875996,2.376483735747199,2.0
1261,hbm2_8hi_no_pim,0.4144852452693991,1.125274512992287,0.46640968251301174
1262,hbm2_4hi_1stack,1.3824040849494403,0.723377492071411,1.0
1262,hbm2_8hi_1stack,1.0,1.0,1.0
1262,hbm2_12hi_1stack,0.7882864907348609,1.2685743213330656,1.0
1262,hbm2_8hi_2stack,1.1708664483227755,1.7081367416966544,2.0
1262,hbm2_8hi_no_pim,0.3349840791237274,1.2142794221799909,0.40676427403785603
1263,hbm2_4hi_1stack,1.602283384703512,0.6241093239477365,1.0
1263,hbm2_8hi_1stack,1.0,1.0,1.0
1263,hbm2_12hi_1stack,0.6847339084147607,1.4604213223719522,1.0
1263,hbm2_8hi_2stack,0.9648964725029551,2.0727612308623864,2.0
1263,hbm2_8hi_no_pim,0.38575846398085595,1.1603652896651422,0.4476207317979262
1264,hbm2_4hi_1stack,1.531044495177535,0.6531488817926504,1.0
1264,hbm2_8hi_1stack,1.0,1.0,1.0
1264,hbm2_12hi_1stack,0.7165932766526204,1.3954917420817017,1.0
1264,hbm2_8hi_2stack,1.024945083883858,1.9513240576961783,2.0
1264,hbm2_8hi_no_pim,0.4272592810848171,1.1091585227964167,0.4738982730590947
1265,hbm2_4hi_1stack,1.487283715225306,0.6723666707051329,1.0
1265,hbm2_8hi_1stack,1.0,1.0,1.0
1265,hbm2_12hi_1stack,0.7351802461907283,1.3602106492678658,1.0
1265,hbm2_8hi_2stack,1.065583412415059,1.8769060935991497,2.0
1265,hbm2_8hi_no_pim,0.5976376175871009,1.1001352009619452,0.6574821805266033
1266,hbm2_4hi_1stack,1.605020674549655,0.6230449338483351,1.0
1266,hbm2_8hi_1stack,1.0,1.0,1.0
1266,hbm2_12hi_1stack,0.6825912172594055,1.4650056647593364,1.0
1266,hbm2_8hi_2stack,0.9077113354058474,2.203343642399022,2.0
1266,hbm2_8hi_no_pim,0.35235125339227985,1.2070252989346815,0.4252968769558263
1267,hbm2_4hi_1stack,1.430559730835149,0.6990270860037479,1.0
1267,hbm2_8hi_1stack,1.0,1.0,1.0
1267,hbm2_12hi_1stack,0.765059326830827,1.3070881759489013,1.0
1267,hbm2_8hi_2stack,1.1143926732490483,1.7946995237943681,2.0
1267,hbm2_8hi_no_pim,0.3588969398321489,1.1572519310896934,0.41533417668293576
1268,hbm2_4hi_1stack,1.4805232318185475,0.6754368850880414,1.0
1268,hbm2_8hi_1stack,1.0,1.0,1.0
1268,hbm2_12hi_1stack,0.7353104058885099,1.359969873935965,1.0
1268,hbm2_8hi_2stack,1.0534762235027457,1.898476638941237,2.0
1268,hbm2_8hi_no_pim,0.3923878877071352,1.1317314088225259,0.4440776969596912
1269,hbm2_4hi_1stack,1.3929710624579512,0.7178900028515032,1.0
1269,hbm2_8hi_1stack,1.0,1.0,1.0
1269,hbm2_12hi_1stack,0.7822232478520753,1.2784074146938522,1.0
1269,hbm2_8hi_2stack,1.2155930028668336,1.6452875224546657,2.0
1269,hbm2_8hi_no_pim,0.7117532992058296,1.0284535823029561,0.7320052302841833
1270,hbm2_4hi_1stack,1.4408348361928778,0.6940420753861719,1.0
1270,hbm2_8hi_1stack,1.0,1.0,1.0
1270,hbm2_12hi_1stack,0.7591974204413522,1.3171804501372772,1.0
1270,hbm2_8hi_2stack,1.1355885563519563,1.7612012632682201,2.0
1270,hbm2_8hi_no_pim,0.6770517644204511,1.0716178999895913,0.7255407899724914
1271,hbm2_4hi_1stack,1.5697753384938156,0.6370338324715246,1.0
1271,hbm2_8hi_1stack,1.0,1.0,1.0
1271,hbm2_12hi_1stack,0.6984212772428898,1.4318005945460768,1.0
1271,hbm2_8hi_2stack,1.0018194295815763,1.9963677494609258,2.0
1271,hbm2_8hi_no_pim,0.8106666153503629,1.0315870342206637,0.8362731694709844
1272,hbm2_4hi_1stack,1.8687221994713024,0.5351250176633634,1.0
1272,hbm2_8hi_1stack,1.0,1.0,1.0
1272,hbm2_12hi_1stack,0.5857102531096519,1.7073288280182937,1.0
1272,hbm2_8hi_2stack,0.662496239253081,3.0188850615285947,2.0
1272,hbm2_8hi_no_pim,1.0613539245583645,0.9245304902950605,0.9812540642485313
1273,hbm2_4hi_1stack,1.7393868283155465,0.5749152423836726,1.0
1273,hbm2_8hi_1stack,1.0,1.0,1.0
1273,hbm2_12hi_1stack,0.6272931534128927,1.594150987555553,1.0
1273,hbm2_8hi_2stack,0.7321359182927352,2.731733206948502,2.0
1273,hbm2_8hi_no_pim,0.3632468067318381,1.1636916249100395,0.42270726676915577
1274,hbm2_4hi_1stack,1.4596552914103984,0.6850932585828162,1.0
1274,hbm2_8hi_1stack,1.0,1.0,1.0
1274,hbm2_12hi_1stack,0.7469051478819829,1.338858090395714,1.0
1274,hbm2_8hi_2stack,1.0703038768439372,1.8686281936093774,2.0
1274,hbm2_8hi_no_pim,0.35987384242413967,1.217019002402754,0.4379733046978724
1275,hbm2_4hi_1stack,1.4466881743463302,0.6912339630147587,1.0
1275,hbm2_8hi_1stack,1.0,1.0,1.0
1275,hbm2_12hi_1stack,0.7568291398305048,1.321302190113814,1.0
1275,hbm2_8hi_2stack,1.1295983675237666,1.7705408023776383,2.0
1275,hbm2_8hi_no_pim,0.7336867453445648,1.0562329141872207,0.7749440891358269
1276,hbm2_4hi_1stack,1.5655850440193766,0.6387388560078908,1.0
1276,hbm2_8hi_1stack,1.0,1.0,1.0
1276,hbm2_12hi_1stack,0.6992110494970483,1.4301833483886062,1.0
1276,hbm2_8hi_2stack,1.0152367426767275,1.9699838628051325,2.0
1276,hbm2_8hi_no_pim,0.4480436805493813,1.1092707236979067,0.4970017377712859
1277,hbm2_4hi_1stack,1.499700844146488,0.6667996513458799,1.0
1277,hbm2_8hi_1stack,1.0,1.0,1.0
1277,hbm2_12hi_1stack,0.7303745912783957,1.3691604444366983,1.0
1277,hbm2_8hi_2stack,1.0500633868877531,1.904646924151628,2.0
1277,hbm2_8hi_no_pim,0.3892916711642179,1.1310908828720778,0.44032426003188185
1278,hbm2_4hi_1stack,1.651818809290348,0.6053932758094809,1.0
1278,hbm2_8hi_1stack,1.0,1.0,1.0
1278,hbm2_12hi_1stack,0.6599774036204825,1.5152033910770772,1.0
1278,hbm2_8hi_2stack,0.8573068475283699,2.3328870004550106,2.0
1278,hbm2_8hi_no_pim,0.6166450932248456,1.0448553878717044,0.6443049480606294
1279,hbm2_4hi_1stack,1.611045076604304,0.6207150963818838,1.0
1279,hbm2_8hi_1stack,1.0,1.0,1.0
1279,hbm2_12hi_1stack,0.6815272659813845,1.4672927260804771,1.0
1279,hbm2_8hi_2stack,0.9470217831142372,2.1118838401193822,2.0
1279,hbm2_8hi_no_pim,0.5389105264192304,1.097093706665204,0.5912353469901699
1280,hbm2_4hi_1stack,1.5838573055200083,0.6313700082165434,1.0
1280,hbm2_8hi_1stack,1.0,1.0,1.0
1280,hbm2_12hi_1stack,0.6909208856814851,1.4473437128965305,1.0
1280,hbm2_8hi_2stack,0.9425314385060916,2.121945134445586,2.0
1280,hbm2_8hi_no_pim,0.43738446636413386,1.1647976205515573,0.5094643856871558
1281,hbm2_4hi_1stack,1.522151232360248,0.656964944573477,1.0
1281,hbm2_8hi_1stack,1.0,1.0,1.0
1281,hbm2_12hi_1stack,0.7159482208681947,1.3967490537057972,1.0
1281,hbm2_8hi_2stack,1.061937817815273,1.8833494451818324,2.0
1281,hbm2_8hi_no_pim,0.5658944378201147,1.0867831961441907,0.6150045658143642
1282,hbm2_4hi_1stack,1.3993082245215582,0.7146388354445019,1.0
1282,hbm2_8hi_1stack,1.0,1.0,1.0
1282,hbm2_12hi_1stack,0.7829129513269247,1.277281207706609,1.0
1282,hbm2_8hi_2stack,1.290160918874945,1.5501942205349497,2.0
1282,hbm2_8hi_no_pim,0.7128047007650294,0.9915758809254969,0.7067999490889193
1283,hbm2_4hi_1stack,1.4057805241603303,0.711348594473734,1.0
1283,hbm2_8hi_1stack,1.0,1.0,1.0
1283,hbm2_12hi_1stack,0.7802182110561169,1.2816927185618785,1.0
1283,hbm2_8hi_2stack,1.2481354819225894,1.6023901483188843,2.0
1283,hbm2_8hi_no_pim,0.9782005976886998,0.9727468318498566,0.9515415323153189
1284,hbm2_4hi_1stack,1.398892740827857,0.7148510895897604,1.0
1284,hbm2_8hi_1stack,1.0,1.0,1.0
1284,hbm2_12hi_1stack,0.7846949827356801,1.274380519821476,1.0
1284,hbm2_8hi_2stack,1.2347405866242984,1.6197734339225633,2.0
1284,hbm2_8hi_no_pim,0.3314717992661318,1.2251810831686927,0.4061129780647548
1285,hbm2_4hi_1stack,1.557250521333873,0.6421574347224771,1.0
1285,hbm2_8hi_1stack,1.0,1.0,1.0
1285,hbm2_12hi_1stack,0.699722004753346,1.4291389912090915,1.0
1285,hbm2_8hi_2stack,0.9887486184354101,2.0227588314255125,2.0
1285,hbm2_8hi_no_pim,0.35904959392327773,1.2086448641191871,0.43396344765944933
1286,hbm2_4hi_1stack,1.5041278869387864,0.6648370851199417,1.0
1286,hbm2_8hi_1stack,1.0,1.0,1.0
1286,hbm2_12hi_1stack,0.7266077253447983,1.3762584199410601,1.0
1286,hbm2_8hi_2stack,1.1026344063540154,1.8138378309935246,2.0
1286,hbm2_8hi_no_pim,0.4486113089771033,1.100449282769112,0.4936739932059658
1287,hbm2_4hi_1stack,1.5885394595551388,0.6295090713579404,1.0
1287,hbm2_8hi_1stack,1.0,1.0,1.0
1287,hbm2_12hi_1stack,0.6896906081826772,1.4499255001238636,1.0
1287,hbm2_8hi_2stack,0.9246098186803515,2.163074585185022,2.0
1287,hbm2_8hi_no_pim,0.35963845161701696,1.1394560076706373,0.4097921942843758
1288,hbm2_4hi_1stack,1.4078557736216588,0.7103000312507407,1.0
1288,hbm2_8hi_1stack,1.0,1.0,1.0
1288,hbm2_12hi_1stack,0.7788340946759565,1.2839704974858122,1.0
1288,hbm2_8hi_2stack,1.2333356834732472,1.6216185315969436,2.0
1288,hbm2_8hi_no_pim,0.4400030112143779,1.117365521883342,0.49164419425579536
1289,hbm2_4hi_1stack,1.3899419428404705,0.7194545104210689,1.0
1289,hbm2_8hi_1stack,1.0,1.0,1.0
1289,hbm2_12hi_1stack,0.7824279101841095,1.2780730173143933,1.0
1289,hbm2_8hi_2stack,1.1810092228867966,1.6934668766695198,2.0
1289,hbm2_8hi_no_pim,0.8573568743471673,0.970626029102275,0.8321728984711292
1290,hbm2_4hi_1stack,1.4540178536652977,0.6877494643406156,1.0
1290,hbm2_8hi_1stack,1.0,1.0,1.0
1290,hbm2_12hi_1stack,0.7506211173256406,1.3322300384551689,1.0
1290,hbm2_8hi_2stack,1.0717966490405362,1.8660256138982934,2.0
1290,hbm2_8hi_no_pim,0.6759043150999666,1.0310263911898685,0.6968751867871783
1291,hbm2_4hi_1stack,1.6040538951908785,0.6234204492742449,1.0
1291,hbm2_8hi_1stack,1.0,1.0,1.0
1291,hbm2_12hi_1stack,0.6838018666623172,1.4624119189394247,1.0
1291,hbm2_8hi_2stack,0.9606777546289691,2.0818635493151767,2.0
1291,hbm2_8hi_no_pim,0.9268722455654298,0.98774890722772,0.9155170476969563
1292,hbm2_4hi_1stack,1.5521050951951143,0.6442862684335757,1.0
1292,hbm2_8hi_1stack,1.0,1.0,1.0
1292,hbm2_12hi_1stack,0.7042128410969074,1.4200252276603815,1.0
1292,hbm2_8hi_2stack,1.0377545342539398,1.9272380259343658,2.0
1292,hbm2_8hi_no_pim,0.4906423797669087,1.0672360105177339,0.5236312159733626
1293,hbm2_4hi_1stack,1.749336274585123,0.5716453803241246,1.0
1293,hbm2_8hi_1stack,1.0,1.0,1.0
1293,hbm2_12hi_1stack,0.6238713078650037,1.6028946793885652,1.0
1293,hbm2_8hi_2stack,0.7531812786740187,2.6554032297789116,2.0
1293,hbm2_8hi_no_pim,0.4126917558834176,1.1354469771579192,0.46858960671582045
1294,hbm2_4hi_1stack,1.4794054295492132,0.6759472285462059,1.0
1294,hbm2_8hi_1stack,1.0,1.0,1.0
1294,hbm2_12hi_1stack,0.7372116129674239,1.3564626253984258,1.0
1294,hbm2_8hi_2stack,1.0575658472359102,1.8911351999757438,2.0
1294,hbm2_8hi_no_pim,0.8972542955014134,1.001672651422838,0.8987550891754315
1295,hbm2_4hi_1stack,1.521910134966714,0.6570690194016424,1.0
1295,hbm2_8hi_1stack,1.0,1.0,1.0
1295,hbm2_12hi_1stack,0.7200321276606535,1.3888269170001446,1.0
1295,hbm2_8hi_2stack,1.07985240672228,1.8521049613351157,2.0
1295,hbm2_8hi_no_pim,0.7848712675293811,1.0406074751197991,0.8167429079978257
1296,hbm2_4hi_1stack,1.4258403298848867,0.7013408016595615,1.0
1296,hbm2_8hi_1stack,1.0,1.0,1.0
1296,hbm2_12hi_1stack,0.7668066904319997,1.304109643900766,1.0
1296,hbm2_8hi_2stack,1.1170203143941453,1.7904777327928627,2.0
1296,hbm2_8hi_no_pim,0.4214524931166973,1.096786959600864,0.46224359854166647
1297,hbm2_4hi_1stack,1.688780006766885,0.592143438454407,1.0
1297,hbm2_8hi_1stack,1.0,1.0,1.0
1297,hbm2_12hi_1stack,0.6470470871500801,1.5454825774805687,1.0
1297,hbm2_8hi_2stack,0.867817861058222,2.3046310634367315,2.0
1297,hbm2_8hi_no_pim,0.41845272272122586,1.1457250127169454,0.47943175106121694
1298,hbm2_4hi_1stack,1.640941608248163,0.6094062061523203,1.0
1298,hbm2_8hi_1stack,1.0,1.0,1.0
1298,hbm2_12hi_1stack,0.6666621887650255,1.5000100753463672,1.0
1298,hbm2_8hi_2stack,0.9124170317632972,2.1919801257270346,2.0
1298,hbm2_8hi_no_pim,0.5193586653869824,1.0511151710853595,0.545905772422902
1299,hbm2_4hi_1stack,1.6864773337913521,0.592951935945626,1.0
1299,hbm2_8hi_1stack,1.0,1.0,1.0
1299,hbm2_12hi_1stack,0.6502873529884788,1.5377817135830367,1.0
1299,hbm2_8hi_2stack,0.887202969987777,2.2542755915566355,2.0
1299,hbm2_8hi_no_pim,0.594393389141322,1.0279245644077024,0.6109915656199114
1300,hbm2_4hi_1stack,1.415411920291369,0.706508109522029,1.0
1300,hbm2_8hi_1stack,1.0,1.0,1.0
1300,hbm2_12hi_1stack,0.7732911293039606,1.2931740221824348,1.0
1300,hbm2_8hi_2stack,1.1834040110963968,1.6900399028959228,2.0
1300,hbm2_8hi_no_pim,0.4801636906147074,1.1179799498321132,0.5368133787446329
1301,hbm2_4hi_1stack,1.6723712032439753,0.5979533718711815,1.0
1301,hbm2_8hi_1stack,1.0,1.0,1.0
1301,hbm2_12hi_1stack,0.6558063444850036,1.5248403868146279,1.0
1301,hbm2_8hi_2stack,0.8338207052835344,2.3985971892121762,2.0
1301,hbm2_8hi_no_pim,0.3702541188678146,1.1409125523465655,0.422427571774307
1302,hbm2_4hi_1stack,1.5289323852222807,0.6540511599239995,1.0
1302,hbm2_8hi_1stack,1.0,1.0,1.0
1302,hbm2_12hi_1stack,0.7152733374325675,1.3980669314327339,1.0
1302,hbm2_8hi_2stack,0.9782591835437474,2.0444479680272387,2.0
1302,hbm2_8hi_no_pim,0.8463338877074696,0.9548936406537469,0.8081588472416251
1303,hbm2_4hi_1stack,1.6777126224421763,0.5960496372402215,1.0
1303,hbm2_8hi_1stack,1.0,1.0,1.0
1303,hbm2_12hi_1stack,0.6543587115891074,1.5282137798265176,1.0
1303,hbm2_8hi_2stack,0.8364820939736533,2.3909657055528006,2.0
1303,hbm2_8hi_no_pim,0.6972144283140908,1.0060864806655003,0.7014580104517323
1304,hbm2_4hi_1stack,1.5429161902652921,0.6481233435161879,1.0
1304,hbm2_8hi_1stack,1.0,1.0,1.0
1304,hbm2_12hi_1stack,0.7110248861132237,1.406420533979397,1.0
1304,hbm2_8hi_2stack,0.9693183115760265,2.063305702693448,2.0
1304,hbm2_8hi_no_pim,0.4863876936986345,1.0866255609511855,0.5285213005050321
1305,hbm2_4hi_1stack,1.5590940093522356,0.641398141485692,1.0
1305,hbm2_8hi_1stack,1.0,1.0,1.0
1305,hbm2_12hi_1stack,0.7000968554840958,1.4283737916641979,1.0
1305,hbm2_8hi_2stack,0.9232778865469836,2.16619506341683,2.0
1305,hbm2_8hi_no_pim,0.36724351980952286,1.1719016771940365,0.4303732968034212
1306,hbm2_4hi_1stack,1.3988077663577068,0.7148945152083731,1.0
1306,hbm2_8hi_1stack,1.0,1.0,1.0
1306,hbm2_12hi_1stack,0.7813285340517776,1.2798713427426565,1.0
1306,hbm2_8hi_2stack,1.2347383626320383,1.6197763514342314,2.0
1306,hbm2_8hi_no_pim,0.7463933825963222,1.0392081110173683,0.7756580572037878
1307,hbm2_4hi_1stack,1.4873602658158545,0.6723320657295325,1.0
1307,hbm2_8hi_1stack,1.0,1.0,1.0
1307,hbm2_12hi_1stack,0.7325633715292156,1.3650696156327258,1.0
1307,hbm2_8hi_2stack,1.0824528840357968,1.8476554772002989,2.0
1307,hbm2_8hi_no_pim,0.5815594532611736,1.052291898082566,0.6119703009200597
1308,hbm2_4hi_1stack,1.5278185501756125,0.6545279869033248,1.0
1308,hbm2_8hi_1stack,1.0,1.0,1.0
1308,hbm2_12hi_1stack,0.7194726268885815,1.389906943818811,1.0
1308,hbm2_8hi_2stack,1.0225705600180175,1.9558552516559449,2.0
1308,hbm2_8hi_no_pim,0.9631563193027357,0.9810239302520476,0.9448793978094658
1309,hbm2_4hi_1stack,1.5579857908047603,0.6418543775572312,1.0
1309,hbm2_8hi_1stack,1.0,1.0,1.0
1309,hbm2_12hi_1stack,0.7023138013650544,1.4238649419338576,1.0
1309,hbm2_8hi_2stack,0.9875645356769355,2.025184104681403,2.0
1309,hbm2_8hi_no_pim,0.45822161175052384,1.0970905082495381,0.5027105809263047
1310,hbm2_4hi_1stack,1.5774586382772235,0.6339310430935429,1.0
1310,hbm2_8hi_1stack,1.0,1.0,1.0
1310,hbm2_12hi_1stack,0.6949156500810425,1.439023570534608,1.0
1310,hbm2_8hi_2stack,1.0134719794897356,1.9734142043147194,2.0
1310,hbm2_8hi_no_pim,0.33160132674125176,1.2243872551424477,0.4060084382503152
1311,hbm2_4hi_1stack,1.4900952283230817,0.6710980486296682,1.0
1311,hbm2_8hi_1stack,1.0,1.0,1.0
1311,hbm2_12hi_1stack,0.7352594500670332,1.3600641241793363,1.0
1311,hbm2_8hi_2stack,1.0219847252607943,1.956976411256667,2.0
1311,hbm2_8hi_no_pim,0.45442310537114833,1.1367992802793185,0.5165878591282144
1312,hbm2_4hi_1stack,1.753712233271907,0.570218979504007,1.0
1312,hbm2_8hi_1stack,1.0,1.0,1.0
1312,hbm2_12hi_1stack,0.6252994880124929,1.5992336778948728,1.0
1312,hbm2_8hi_2stack,0.8253510959206213,2.4232111762923636,2.0
1312,hbm2_8hi_no_pim,0.3347358615913008,1.1978625983805464,0.40096756893690655
1313,hbm2_4hi_1stack,1.4727316276666629,0.6790103378063252,1.0
1313,hbm2_8hi_1stack,1.0,1.0,1.0
1313,hbm2_12hi_1stack,0.7429968622525119,1.3459007040330462,1.0
1313,hbm2_8hi_2stack,1.0373353697136778,1.9280167806791686,2.0
1313,hbm2_8hi_no_pim,0.8354922395623214,0.9691803498621027,0.8097426610460824
1314,hbm2_4hi_1stack,1.7253636624604014,0.5795879568797577,1.0
1314,hbm2_8hi_1stack,1.0,1.0,1.0
1314,hbm2_12hi_1stack,0.634339423081451,1.5764430896353059,1.0
1314,hbm2_8hi_2stack,0.8055992740121429,2.4826238857432905,2.0
1314,hbm2_8hi_no_pim,0.7421740053592583,0.9773752131650769,0.725382476693584
1315,hbm2_4hi_1stack,1.757113728929078,0.5691151252966864,1.0
1315,hbm2_8hi_1stack,1.0,1.0,1.0
1315,hbm2_12hi_1stack,0.6237702310501477,1.6031544152346786,1.0
1315,hbm2_8hi_2stack,0.8052981841118894,2.4835521046227975,2.0
1315,hbm2_8hi_no_pim,0.3490750476396165,1.167040300514752,0.4073846484995394
1316,hbm2_4hi_1stack,1.4479377371811823,0.6906374316528147,1.0
1316,hbm2_8hi_1stack,1.0,1.0,1.0
1316,hbm2_12hi_1stack,0.7571877598503974,1.3206763936564117,1.0
1316,hbm2_8hi_2stack,1.1898432451518708,1.6808936875922016,2.0
1316,hbm2_8hi_no_pim,0.5887348042835935,1.0661368107146623,0.6276718465956312
1317,hbm2_4hi_1stack,1.3830823513935186,0.7230227462540132,1.0
1317,hbm2_8hi_1stack,1.0,1.0,1.0
1317,hbm2_12hi_1stack,0.7879222168166972,1.2691608113807518,1.0
1317,hbm2_8hi_2stack,1.2684307974980111,1.576751371809179,2.0
1317,hbm2_8hi_no_pim,0.6253204429812623,1.0147636288950337,0.6345524419419157
1318,hbm2_4hi_1stack,1.5525465425059086,0.6441030736417966,1.0
1318,hbm2_8hi_1stack,1.0,1.0,1.0
1318,hbm2_12hi_1stack,0.7064609432155946,1.4155064191493802,1.0
1318,hbm2_8hi_2stack,1.036297925499835,1.9299469301121537,2.0
1318,hbm2_8hi_no_pim,0.37762104084732145,1.1212069938114058,0.42339135200835937
1319,hbm2_4hi_1stack,1.5631801746952634,0.6397215216697247,1.0
1319,hbm2_8hi_1stack,1.0,1.0,1.0
1319,hbm2_12hi_1stack,0.6975085792573446,1.4336741220656037,1.0
1319,hbm2_8hi_2stack,0.9258789219250788,2.160109656499814,2.0
1319,hbm2_8hi_no_pim,0.41396838551030896,1.1169873813425744,0.4623974628897733
1320,hbm2_4hi_1stack,1.6304582046445415,0.6133245226105084,1.0
1320,hbm2_8hi_1stack,1.0,1.0,1.0
1320,hbm2_12hi_1stack,0.6713100447542724,1.4896246642131534,1.0
1320,hbm2_8hi_2stack,0.8896438454402658,2.2480906379004315,2.0
1320,hbm2_8hi_no_pim,0.9868939391341411,0.9243915787384515,0.9122764464436179
1321,hbm2_4hi_1stack,1.4868763029393453,0.6725509028714364,1.0
1321,hbm2_8hi_1stack,1.0,1.0,1.0
1321,hbm2_12hi_1stack,0.7401525035888756,1.3510729142320905,1.0
1321,hbm2_8hi_2stack,1.1319036766774266,1.7669348030309173,2.0
1321,hbm2_8hi_no_pim,0.7992252982687454,1.0303478871073037,0.8234800973939065
1322,hbm2_4hi_1stack,1.439326789821684,0.694769253981501,1.0
1322,hbm2_8hi_1stack,1.0,1.0,1.0
1322,hbm2_12hi_1stack,0.7606667003818077,1.3146362256926216,1.0
1322,hbm2_8hi_2stack,1.167048358592532,1.7137250442749545,2.0
1322,hbm2_8hi_no_pim,0.9876465082006334,0.921825628973658,0.910437863625686
1323,hbm2_4hi_1stack,1.3989544400793696,0.7148195619174453,1.0
1323,hbm2_8hi_1stack,1.0,1.0,1.0
1323,hbm2_12hi_1stack,0.7817990659125322,1.2791010422003755,1.0
1323,hbm2_8hi_2stack,1.1668743854348382,1.7139805492042708,2.0
1323,hbm2_8hi_no_pim,0.7018057883113453,1.0460710029195144,0.7341386848335694
1324,hbm2_4hi_1stack,1.636307362482387,0.6111321276969222,1.0
1324,hbm2_8hi_1stack,1.0,1.0,1.0
1324,hbm2_12hi_1stack,0.6660638204716856,1.5013576316032768,1.0
1324,hbm2_8hi_2stack,0.8943995242714632,2.2361371464604796,2.0
1324,hbm2_8hi_no_pim,0.8591159219792404,1.0116906422721925,0.8691595388934445
1325,hbm2_4hi_1stack,1.7818707748480556,0.561207924904247,1.0
1325,hbm2_8hi_1stack,1.0,1.0,1.0
1325,hbm2_12hi_1stack,0.6157642953635306,1.623998025753713,1.0
1325,hbm2_8hi_2stack,0.7284903472764153,2.745403569830869,2.0
1325,hbm2_8hi_no_pim,0.37743176012865715,1.17225917178663,0.4424478425343896
1326,hbm2_4hi_1stack,1.581483503950705,0.6323176925348253,1.0
1326,hbm2_8hi_1stack,1.0,1.0,1.0
1326,hbm2_12hi_1stack,0.6906499977181977,1.4479113926067437,1.0
1326,hbm2_8hi_2stack,0.9128686243826131,2.1908957615370235,2.0
1326,hbm2_8hi_no_pim,0.6885781482757289,1.025831758315384,0.7063653325832422
1327,hbm2_4hi_1stack,1.4543038022304844,0.6876142374559477,1.0
1327,hbm2_8hi_1stack,1.0,1.0,1.0
1327,hbm2_12hi_1stack,0.753676381211128,1.3268294256389457,1.0
1327,hbm2_8hi_2stack,1.1884911210548825,1.682806008870169,2.0
1327,hbm2_8hi_no_pim,0.4834158799285946,1.0939051901340404,0.5288111400471037
1328,hbm2_4hi_1stack,1.7415198606688804,0.5742110799792552,1.0
1328,hbm2_8hi_1stack,1.0,1.0,1.0
1328,hbm2_12hi_1stack,0.6276740304422219,1.593183645491051,1.0
1328,hbm2_8hi_2stack,0.7721093614792498,2.590306632428714,2.0
1328,hbm2_8hi_no_pim,0.409077772028653,1.1687868362573672,0.47812471495258185
1329,hbm2_4hi_1stack,1.5384737224328136,0.6499948523129038,1.0
1329,hbm2_8hi_1stack,1.0,1.0,1.0
1329,hbm2_12hi_1stack,0.7118848105496346,1.4047216420138482,1.0
1329,hbm2_8hi_2stack,0.9879517807644067,2.0243902981302817,2.0
1329,hbm2_8hi_no_pim,0.43877619088053643,1.1638295884560481,0.5106607136568071
1330,hbm2_4hi_1stack,1.578892621083561,0.6333552938601492,1.0
1330,hbm2_8hi_1stack,1.0,1.0,1.0
1330,hbm2_12hi_1stack,0.6913921496999995,1.4463571801240553,1.0
1330,hbm2_8hi_2stack,0.904560429151993,2.211018673318442,2.0
1330,hbm2_8hi_no_pim,0.7580683553089703,0.969930453291656,0.7352735834908897
1331,hbm2_4hi_1stack,1.5055897798476536,0.6641915436628344,1.0
1331,hbm2_8hi_1stack,1.0,1.0,1.0
1331,hbm2_12hi_1stack,0.7266525049724943,1.3761736086464775,1.0
1331,hbm2_8hi_2stack,1.0483455470924705,1.9077679163582004,2.0
1331,hbm2_8hi_no_pim,0.5732480308613201,1.0746454288592693,0.6160383759676951
1332,hbm2_4hi_1stack,1.6162877349588258,0.6187017189890849,1.0
1332,hbm2_8hi_1stack,1.0,1.0,1.0
1332,hbm2_12hi_1stack,0.6760978906497758,1.4790757578594609,1.0
1332,hbm2_8hi_2stack,0.8778127791276056,2.2783901619519082,2.0
1332,hbm2_8hi_no_pim,0.3521407866190527,1.1526275141690867,0.4058871595182655
1333,hbm2_4hi_1stack,1.4761464701122176,0.6774395496972461,1.0
1333,hbm2_8hi_1stack,1.0,1.0,1.0
1333,hbm2_12hi_1stack,0.7390381740748961,1.3531100761496757,1.0
1333,hbm2_8hi_2stack,1.108678185518834,1.8039499884847556,2.0
1333,hbm2_8hi_no_pim,0.7895493104571666,0.9774925018341177,0.7717785308001783
1334,hbm2_4hi_1stack,1.4020940798097057,0.713218901926839,1.0
1334,hbm2_8hi_1stack,1.0,1.0,1.0
1334,hbm2_12hi_1stack,0.7826493125827663,1.2777114653049013,1.0
1334,hbm2_8hi_2stack,1.2474622126892636,1.6032549761073922,2.0
1334,hbm2_8hi_no_pim,0.7134678454034308,1.0294284055039986,0.7344640664720271
1335,hbm2_4hi_1stack,1.5597962382334956,0.6411093804999316,1.0
1335,hbm2_8hi_1stack,1.0,1.0,1.0
1335,hbm2_12hi_1stack,0.7000794918113089,1.4284092188055812,1.0
1335,hbm2_8hi_2stack,1.0066687913523078,1.9867507736216807,2.0
1335,hbm2_8hi_no_pim,0.5434485296133819,1.0977432065729003,0.5965669315051215
1336,hbm2_4hi_1stack,1.8485036140166453,0.5409781146313708,1.0
1336,hbm2_8hi_1stack,1.0,1.0,1.0
1336,hbm2_12hi_1stack,0.5943689566239938,1.6824566439000852,1.0
1336,hbm2_8hi_2stack,0.7310042524603382,2.735962196209677,2.0
1336,hbm2_8hi_no_pim,0.38963962909351835,1.1203396394894072,0.4365287215894187
1337,hbm2_4hi_1stack,1.6696534074534524,0.5989266967239598,1.0
1337,hbm2_8hi_1stack,1.0,1.0,1.0
1337,hbm2_12hi_1stack,0.6580520485490889,1.5196366339180276,1.0
1337,hbm2_8hi_2stack,0.8805021290467205,2.2714311913877014,2.0
1337,hbm2_8hi_no_pim,0.5242858636149555,1.0841060631324548,0.5683814835596086
1338,hbm2_4hi_1stack,1.6459295654156594,0.6075594126334697,1.0
1338,hbm2_8hi_1stack,1.0,1.0,1.0
1338,hbm2_12hi_1stack,0.666360573128448,1.5006890268209783,1.0
1338,hbm2_8hi_2stack,0.9302847241543681,2.1498794380591453,2.0
1338,hbm2_8hi_no_pim,0.9484778174972142,0.9914979552272801,0.9404138166269213
1339,hbm2_4hi_1stack,1.6698713247050392,0.5988485371330254,1.0
1339,hbm2_8hi_1stack,1.0,1.0,1.0
1339,hbm2_12hi_1stack,0.6534040573336727,1.5304465724940115,1.0
1339,hbm2_8hi_2stack,0.8070261584258864,2.4782344154754816,2.0
1339,hbm2_8hi_no_pim,0.4666043341896035,1.0856986656516472,0.5065917030169278
1340,hbm2_4hi_1stack,1.5157395065306087,0.6597439703138107,1.0
1340,hbm2_8hi_1stack,1.0,1.0,1.0
1340,hbm2_12hi_1stack,0.7215250097376099,1.3859533439646956,1.0
1340,hbm2_8hi_2stack,1.0190501678747714,1.9626119135734001,2.0
1340,hbm2_8hi_no_pim,0.44658028483913453,1.090910051278548,0.4871789214338488
1341,hbm2_4hi_1stack,1.468129985913841,0.681138597804436,1.0
1341,hbm2_8hi_1stack,1.0,1.0,1.0
1341,hbm2_12hi_1stack,0.7459092107081698,1.3406457322743006,1.0
1341,hbm2_8hi_2stack,1.142683826857296,1.7502654303776801,2.0
1341,hbm2_8hi_no_pim,0.6926856696748624,0.9933428510536758,0.6880743579988525
1342,hbm2_4hi_1stack,1.596967575419551,0.6261867901339717,1.0
1342,hbm2_8hi_1stack,1.0,1.0,1.0
1342,hbm2_12hi_1stack,0.6844667296818453,1.4609913917434982,1.0
1342,hbm2_8hi_2stack,0.9731260389125035,2.0552322310017086,2.0
1342,hbm2_8hi_no_pim,0.5126828481274553,1.0643672327608893,0.545682824345391
1343,hbm2_4hi_1stack,1.6305733360396346,0.6132812170403925,1.0
1343,hbm2_8hi_1stack,1.0,1.0,1.0
1343,hbm2_12hi_1stack,0.6683959577892887,1.4961191616231304,1.0
1343,hbm2_8hi_2stack,0.8409758454799549,2.378189588618418,2.0
1343,hbm2_8hi_no_pim,0.8705686502271881,1.021732575570655,0.8894883492076936
1344,hbm2_4hi_1stack,1.5734083072586147,0.6355629339102212,1.0
1344,hbm2_8hi_1stack,1.0,1.0,1.0
1344,hbm2_12hi_1stack,0.6951737713806067,1.4384892542968244,1.0
1344,hbm2_8hi_2stack,0.9933283778038091,2.0134328633818788,2.0
1344,hbm2_8hi_no_pim,1.0446751519173176,0.9458810551369686,0.9881384349709254
1345,hbm2_4hi_1stack,1.6802009360880745,0.5951669104102802,1.0
1345,hbm2_8hi_1stack,1.0,1.0,1.0
1345,hbm2_12hi_1stack,0.6510946591456468,1.5358749852320701,1.0
1345,hbm2_8hi_2stack,0.8084961755626341,2.473728460877624,2.0
1345,hbm2_8hi_no_pim,0.5294673293647277,1.1129325351309474,0.5892614171388987
1346,hbm2_4hi_1stack,1.6417488959539446,0.6091065463570458,1.0
1346,hbm2_8hi_1stack,1.0,1.0,1.0
1346,hbm2_12hi_1stack,0.6668991829065337,1.4994770208620132,1.0
1346,hbm2_8hi_2stack,0.9324830645434147,2.1448110706217376,2.0
1346,hbm2_8hi_no_pim,0.4641570827019915,1.1227495962595426,0.5211321772046681
1347,hbm2_4hi_1stack,1.500024670675777,0.6666557021022124,1.0
1347,hbm2_8hi_1stack,1.0,1.0,1.0
1347,hbm2_12hi_1stack,0.7304651581100102,1.3689906888747143,1.0
1347,hbm2_8hi_2stack,1.0260834684396782,1.949159168348473,2.0
1347,hbm2_8hi_no_pim,0.5503978487320194,1.0951786255387446,0.6027839594738148
1348,hbm2_4hi_1stack,1.5032820584071496,0.6652111587492648,1.0
1348,hbm2_8hi_1stack,1.0,1.0,1.0
1348,hbm2_12hi_1stack,0.7283290737770125,1.3730057415038235,1.0
1348,hbm2_8hi_2stack,1.0848132366940004,1.843635321131458,2.0
1348,hbm2_8hi_no_pim,0.37392540591342843,1.1944225260483319,0.44662492788476504
1349,hbm2_4hi_1stack,1.4921378422194715,0.6701793706354608,1.0
1349,hbm2_8hi_1stack,1.0,1.0,1.0
1349,hbm2_12hi_1stack,0.7349253134029873,1.3606824826452293,1.0
1349,hbm2_8hi_2stack,1.1164744113537168,1.7913531914941203,2.0
1349,hbm2_8hi_no_pim,0.867517274082524,1.0011526367445982,0.8685172063692052
1350,hbm2_4hi_1stack,1.683213782309889,0.5941015992797369,1.0
1350,hbm2_8hi_1stack,1.0,1.0,1.0
1350,hbm2_12hi_1stack,0.6494818572840655,1.5396888901280388,1.0
1350,hbm2_8hi_2stack,0.7993597593242391,2.502002354597829,2.0
1350,hbm2_8hi_no_pim,0.4790862086700842,1.1158428332280539,0.5345849124429134
1351,hbm2_4hi_1stack,1.5455407068699132,0.6470227510378794,1.0
1351,hbm2_8hi_1stack,1.0,1.0,1.0
1351,hbm2_12hi_1stack,0.7113274305787732,1.4058223498935611,1.0
1351,hbm2_8hi_2stack,1.045936180461302,1.912162555766945,2.0
1351,hbm2_8hi_no_pim,0.5537631576769855,1.1177032471394424,0.6189428794817576
1352,hbm2_4hi_1stack,1.6952930609399777,0.5898685147956287,1.0
1352,hbm2_8hi_1stack,1.0,1.0,1.0
1352,hbm2_12hi_1stack,0.6431496179950988,1.5548481597755073,1.0
1352,hbm2_8hi_2stack,0.8290549723308269,2.4123852660543696,2.0
1352,hbm2_8hi_no_pim,0.870944198348379,0.948238947482099,0.8258632099575074
1353,hbm2_4hi_1stack,1.4025300606918507,0.7129971955871751,1.0
1353,hbm2_8hi_1stack,1.0,1.0,1.0
1353,hbm2_12hi_1stack,0.7816945679757149,1.2792720340754207,1.0
1353,hbm2_8hi_2stack,1.2447848185287103,1.6067033998405653,2.0
1353,hbm2_8hi_no_pim,0.44705459071358483,1.103370619128077,0.4932669005396972
1354,hbm2_4hi_1stack,1.4337604936287924,0.6974665604497433,1.0
1354,hbm2_8hi_1stack,1.0,1.0,1.0
1354,hbm2_12hi_1stack,0.7628955116629055,1.3107954952051966,1.0
1354,hbm2_8hi_2stack,1.195642551343827,1.6727407348894752,2.0
1354,hbm2_8hi_no_pim,0.48295315767378466,1.079928709233952,0.5215549801871115
1355,hbm2_4hi_1stack,1.7180361459994111,0.582059930653137,1.0
1355,hbm2_8hi_1stack,1.0,1.0,1.0
1355,hbm2_12hi_1stack,0.6352459064399766,1.5741935364907202,1.0
1355,hbm2_8hi_2stack,0.8164943778369977,2.4494963520731963,2.0
1355,hbm2_8hi_no_pim,0.39433093760626514,1.1147331666142255,0.4395737747717885
1356,hbm2_4hi_1stack,1.5270757083671704,0.654846380255274,1.0
1356,hbm2_8hi_1stack,1.0,1.0,1.0
1356,hbm2_12hi_1stack,0.7183039142934002,1.3921683845809274,1.0
1356,hbm2_8hi_2stack,0.9978795538829783,2.0042499039263215,2.0
1356,hbm2_8hi_no_pim,0.7714647554147073,0.9708684575667811,0.7489907971566109
1357,hbm2_4hi_1stack,1.5640769528396552,0.6393547313541402,1.0
1357,hbm2_8hi_1stack,1.0,1.0,1.0
1357,hbm2_12hi_1stack,0.701118756646898,1.426291894945875,1.0
1357,hbm2_8hi_2stack,0.9496625297991985,2.1060112800521784,2.0
1357,hbm2_8hi_no_pim,0.32900628520847686,1.2267587841764802,0.4036113504287714
1358,hbm2_4hi_1stack,1.6220204162960241,0.6165150511998837,1.0
1358,hbm2_8hi_1stack,1.0,1.0,1.0
1358,hbm2_12hi_1stack,0.6730889911662091,1.4856876477319552,1.0
1358,hbm2_8hi_2stack,0.8686316843558258,2.302471848563978,2.0
1358,hbm2_8hi_no_pim,0.4881507663247498,1.1080842149027639,0.5409121586571429
1359,hbm2_4hi_1stack,1.6506208650421879,0.6058326422369811,1.0
1359,hbm2_8hi_1stack,1.0,1.0,1.0
1359,hbm2_12hi_1stack,0.6620032686280746,1.5105665596974842,1.0
1359,hbm2_8hi_2stack,0.8418159617089338,2.375816200894893,2.0
1359,hbm2_8hi_no_pim,0.6517937448855406,1.0145403649562408,0.6612710638123713
1360,hbm2_4hi_1stack,1.6461406885920067,0.6074814910597526,1.0
1360,hbm2_8hi_1stack,1.0,1.0,1.0
1360,hbm2_12hi_1stack,0.6635820305425637,1.5069726936131338,1.0
1360,hbm2_8hi_2stack,0.8450522408962933,2.3667175864520837,2.0
1360,hbm2_8hi_no_pim,0.49567188887942565,1.096622813865991,0.5435651015372266
1361,hbm2_4hi_1stack,1.5552885640176881,0.6429675001382105,1.0
1361,hbm2_8hi_1stack,1.0,1.0,1.0
1361,hbm2_12hi_1stack,0.7022510865084653,1.4239921008480283,1.0
1361,hbm2_8hi_2stack,1.0092624101401935,1.9816451895024865,2.0
1361,hbm2_8hi_no_pim,0.5781833675543454,1.0853090014105276,0.6275076132725826
1362,hbm2_4hi_1stack,1.588421660145294,0.6295557565668862,1.0
1362,hbm2_8hi_1stack,1.0,1.0,1.0
1362,hbm2_12hi_1stack,0.690465553324525,1.4482981738699297,1.0
1362,hbm2_8hi_2stack,1.0048728162999094,1.9903016257960846,2.0
1362,hbm2_8hi_no_pim,0.4660278701742046,1.160046436938991,0.5406139703098527
1363,hbm2_4hi_1stack,1.8262934921169995,0.5475571173616908,1.0
1363,hbm2_8hi_1stack,1.0,1.0,1.0
1363,hbm2_12hi_1stack,0.5987184856421266,1.6702340481896065,1.0
1363,hbm2_8hi_2stack,0.7289102955256177,2.743821856100686,2.0
1363,hbm2_8hi_no_pim,0.783866760085595,0.999136155634085,0.783189621201267
1364,hbm2_4hi_1stack,1.7147612782393653,0.5831715543674698,1.0
1364,hbm2_8hi_1stack,1.0,1.0,1.0
1364,hbm2_12hi_1stack,0.6397464156523708,1.5631193478126277,1.0
1364,hbm2_8hi_2stack,0.8600231045707784,2.325518918469246,2.0
1364,hbm2_8hi_no_pim,0.3350517997507636,1.1959604171997598,0.4007086902134536
1365,hbm2_4hi_1stack,1.6889701071890009,0.5920767903135523,1.0
1365,hbm2_8hi_1stack,1.0,1.0,1.0
1365,hbm2_12hi_1stack,0.648311388933304,1.542468661001537,1.0
1365,hbm2_8hi_2stack,0.8634271622701627,2.3163505706045977,2.0
1365,hbm2_8hi_no_pim,0.5125201684091331,1.107995108898489,0.5678698398091493
1366,hbm2_4hi_1stack,1.8450136339342094,0.5420014148446443,1.0
1366,hbm2_8hi_1stack,1.0,1.0,1.0
1366,hbm2_12hi_1stack,0.5935020245944245,1.6849142185881505,1.0
1366,hbm2_8hi_2stack,0.7110912005324124,2.8125787500992114,2.0
1366,hbm2_8hi_no_pim,0.6511877985221521,1.051717900956344,0.6848658645901005
1367,hbm2_4hi_1stack,1.4695232010117427,0.6804928287702544,1.0
1367,hbm2_8hi_1stack,1.0,1.0,1.0
1367,hbm2_12hi_1stack,0.7436445803498852,1.3447284178814285,1.0
1367,hbm2_8hi_2stack,1.1179302552001718,1.7890203710802055,2.0
1367,hbm2_8hi_no_pim,0.536761193909498,1.0874503084401916,0.5837011258756091
1368,hbm2_4hi_1stack,1.6849522121830984,0.5934886418555194,1.0
1368,hbm2_8hi_1stack,1.0,1.0,1.0
1368,hbm2_12hi_1stack,0.6474578934935867,1.5445019823669897,1.0
1368,hbm2_8hi_2stack,0.8160220013898448,2.450914309410297,2.0
1368,hbm2_8hi_no_pim,0.7916520978021233,1.028938108774862,0.8145610123201688
1369,hbm2_4hi_1stack,1.5495629804977675,0.6453432436019922,1.0
1369,hbm2_8hi_1stack,1.0,1.0,1.0
1369,hbm2_12hi_1stack,0.7018665203230264,1.4247723335482092,1.0
1369,hbm2_8hi_2stack,0.9411628576616619,2.1250307358803346,2.0
1369,hbm2_8hi_no_pim,0.5000512325126788,1.055817936904477,0.5279630606580774
1370,hbm2_4hi_1stack,1.5138835940571775,0.6605527690012283,1.0
1370,hbm2_8hi_1stack,1.0,1.0,1.0
1370,hbm2_12hi_1stack,0.722814939541035,1.3834799826287056,1.0
1370,hbm2_8hi_2stack,1.1007563862498346,1.8169324520694332,2.0
1370,hbm2_8hi_no_pim,0.38785046124933226,1.1465663348905042,0.4446962818402384
1371,hbm2_4hi_1stack,1.5782919568058627,0.6335963353851171,1.0
1371,hbm2_8hi_1stack,1.0,1.0,1.0
1371,hbm2_12hi_1stack,0.6959680025650163,1.4368476658617382,1.0
1371,hbm2_8hi_2stack,1.0174930132864295,1.9656154625967832,2.0
1371,hbm2_8hi_no_pim,0.624698410993761,1.0661194974868295,0.6660031560094894
1372,hbm2_4hi_1stack,1.648860066675595,0.6064796038248315,1.0
1372,hbm2_8hi_1stack,1.0,1.0,1.0
1372,hbm2_12hi_1stack,0.6639431101273557,1.5061531398498627,1.0
1372,hbm2_8hi_2stack,0.9277289962865075,2.1558019723492037,2.0
1372,hbm2_8hi_no_pim,0.5435767283532856,1.081083204253736,0.5876516712459326
1373,hbm2_4hi_1stack,1.631233384960229,0.6130330639501845,1.0
1373,hbm2_8hi_1stack,1.0,1.0,1.0
1373,hbm2_12hi_1stack,0.6705416284232955,1.4913317199282459,1.0
1373,hbm2_8hi_2stack,0.8804994884392229,2.2714380033828396,2.0
1373,hbm2_8hi_no_pim,0.815211212917917,0.9860387527986454,0.8038298476530538
1374,hbm2_4hi_1stack,1.6956388489515462,0.5897482241683267,1.0
1374,hbm2_8hi_1stack,1.0,1.0,1.0
1374,hbm2_12hi_1stack,0.6462560024372933,1.547374409256695,1.0
1374,hbm2_8hi_2stack,0.8383109677453774,2.3857495332298524,2.0
1374,hbm2_8hi_no_pim,0.8522621422284112,1.0040289823812654,0.855695891383669
1375,hbm2_4hi_1stack,1.5463269340298862,0.6466937734790001,1.0
1375,hbm2_8hi_1stack,1.0,1.0,1.0
1375,hbm2_12hi_1stack,0.7060190603247386,1.416392355668192,1.0
1375,hbm2_8hi_2stack,1.0436585642347402,1.916335541659158,2.0
1375,hbm2_8hi_no_pim,0.9347689532051828,0.9699079165955508,0.9066398079014427
1376,hbm2_4hi_1stack,1.4109305727154313,0.7087520954878966,1.0
1376,hbm2_8hi_1stack,1.0,1.0,1.0
1376,hbm2_12hi_1stack,0.7752529990528347,1.2899014917991287,1.0
1376,hbm2_8hi_2stack,1.17378784262235,1.7038854274822066,2.0
1376,hbm2_8hi_no_pim,0.7065462439790635,1.0439505371202047,0.7375993309022065
1377,hbm2_4hi_1stack,1.405690292408435,0.7113942561890025,1.0
1377,hbm2_8hi_1stack,1.0,1.0,1.0
1377,hbm2_12hi_1stack,0.7790767895745352,1.2835705201102372,1.0
1377,hbm2_8hi_2stack,1.2761398232625374,1.5672263834591929,2.0
1377,hbm2_8hi_no_pim,0.5404775951194123,1.0538807575799631,0.5695989373994428
1378,hbm2_4hi_1stack,1.7083400283179448,0.5853635596097422,1.0
1378,hbm2_8hi_1stack,1.0,1.0,1.0
1378,hbm2_12hi_1stack,0.6409965148810297,1.5600708846062947,1.0
1378,hbm2_8hi_2stack,0.7961947953303977,2.511948095779825,2.0
1378,hbm2_8hi_no_pim,0.7365949150369319,1.0118239278669114,0.7453043601794623
1379,hbm2_4hi_1stack,1.5349163210405896,0.6515013139752495,1.0
1379,hbm2_8hi_1stack,1.0,1.0,1.0
1379,hbm2_12hi_1stack,0.7135630393517989,1.4014178774007138,1.0
1379,hbm2_8hi_2stack,0.9767114496950426,2.0476876774859734,2.0
1379,hbm2_8hi_no_pim,0.4511365811830286,1.105986987986233,0.49895118859302445
1380,hbm2_4hi_1stack,1.6557539325371895,0.603954476778837,1.0
1380,hbm2_8hi_1stack,1.0,1.0,1.0
1380,hbm2_12hi_1stack,0.659524509320636,1.5162438785331593,1.0
1380,hbm2_8hi_2stack,0.8627168573290132,2.318257702987323,2.0
1380,hbm2_8hi_no_pim,0.6061138068775234,1.057421797638629,0.6409179512420237
1381,hbm2_4hi_1stack,1.6670842930773457,0.5998496921556709,1.0
1381,hbm2_8hi_1stack,1.0,1.0,1.0
1381,hbm2_12hi_1stack,0.6569711324516099,1.522136895525857,1.0
1381,hbm2_8hi_2stack,0.8703071688137154,2.298039211518996,2.0
1381,hbm2_8hi_no_pim,0.6135420305772871,1.080532482276573,0.662952093280685
1382,hbm2_4hi_1stack,1.5962170291119144,0.6264812251479167,1.0
1382,hbm2_8hi_1stack,1.0,1.0,1.0
1382,hbm2_12hi_1stack,0.6876896424355836,1.4541443382196508,1.0
1382,hbm2_8hi_2stack,0.957796232273543,2.088126819263586,2.0
1382,hbm2_8hi_no_pim,0.6733684636096252,1.0449300249975753,0.7036229255121845
1383,hbm2_4hi_1stack,1.6920277759253572,0.5910068464763278,1.0
1383,hbm2_8hi_1stack,1.0,1.0,1.0
1383,hbm2_12hi_1stack,0.6469693677117158,1.5456682339334369,1.0
1383,hbm2_8hi_2stack,0.865330032521985,2.3112568902422637,2.0
1383,hbm2_8hi_no_pim,0.5480200312486823,1.120019005701398,0.6137928505035981
1384,hbm2_4hi_1stack,1.6024134127381164,0.6240586805194389,1.0
1384,hbm2_8hi_1stack,1.0,1.0,1.0
1384,hbm2_12hi_1stack,0.6839449021816318,1.4621060801977217,1.0
1384,hbm2_8hi_2stack,0.8877165272207526,2.2529714595509054,2.0
1384,hbm2_8hi_no_pim,0.4614926241282173,1.0779089214396755,0.4974470167264123
1385,hbm2_4hi_1stack,1.6265556361572076,0.6147960621639317,1.0
1385,hbm2_8hi_1stack,1.0,1.0,1.0
1385,hbm2_12hi_1stack,0.6734954004172407,1.4847911349958511,1.0
1385,hbm2_8hi_2stack,0.9105597144450096,2.1964512247491745,2.0
1385,hbm2_8hi_no_pim,0.6530098713911926,1.0460244877835898,0.6830643162396001
1386,hbm2_4hi_1stack,1.6609091748973996,0.6020798819789611,1.0
1386,hbm2_8hi_1stack,1.0,1.0,1.0
1386,hbm2_12hi_1stack,0.6566846931347567,1.5228008364659602,1.0
1386,hbm2_8hi_2stack,0.8582002649512575,2.330458380962621,2.0
1386,hbm2_8hi_no_pim,0.6437166934151026,1.0126859937626158,0.6518828793726583
1387,hbm2_4hi_1stack,1.6995351540723205,0.5883961844530619,1.0
1387,hbm2_8hi_1stack,1.0,1.0,1.0
1387,hbm2_12hi_1stack,0.6432164996852457,1.5546864865707646,1.0
1387,hbm2_8hi_2stack,0.8155092853779452,2.4524552152378085,2.0
1387,hbm2_8hi_no_pim,0.5919380398845788,1.0906629955838125,0.645604915780525
1388,hbm2_4hi_1stack,1.6545304355278263,0.6044010908031324,1.0
1388,hbm2_8hi_1stack,1.0,1.0,1.0
1388,hbm2_12hi_1stack,0.6593363765283298,1.5166765183886877,1.0
1388,hbm2_8hi_2stack,0.8280891861576146,2.415198789492862,2.0
1388,hbm2_8hi_no_pim,0.8992209310218129,0.9404928205531224,0.8457108297171095
1389,hbm2_4hi_1stack,1.3943208704799674,0.717195031051762,1.0
1389,hbm2_8hi_1stack,1.0,1.0,1.0
1389,hbm2_12hi_1stack,0.7863011891708438,1.2717772957389293,1.0
1389,hbm2_8hi_2stack,1.3067598393906614,1.5305031113694116,2.0
1389,hbm2_8hi_no_pim,0.34642349211989876,1.1940264089811163,0.4136387982826208
1390,hbm2_4hi_1stack,1.7476940403109074,0.5721825313440471,1.0
1390,hbm2_8hi_1stack,1.0,1.0,1.0
1390,hbm2_12hi_1stack,0.6275652093541253,1.5934599067866995,1.0
1390,hbm2_8hi_2stack,0.7889370976529562,2.5350563510701782,2.0
1390,hbm2_8hi_no_pim,0.4195505198223973,1.1210976646191857,0.470357107962655
1391,hbm2_4hi_1stack,1.5304663942941432,0.6533955947861264,1.0
1391,hbm2_8hi_1stack,1.0,1.0,1.0
1391,hbm2_12hi_1stack,0.7172117496936437,1.3942883680128624,1.0
1391,hbm2_8hi_2stack,1.03468314104809,1.932958913367512,2.0
1391,hbm2_8hi_no_pim,0.42607401907994247,1.110111545977697,0.47298968802176566
1392,hbm2_4hi_1stack,1.521281761811238,0.6573404250961374,1.0
1392,hbm2_8hi_1stack,1.0,1.0,1.0
1392,hbm2_12hi_1stack,0.7190086933888332,1.3908037680139833,1.0
1392,hbm2_8hi_2stack,1.0612832727319317,1.884510998511872,2.0
1392,hbm2_8hi_no_pim,0.40172154007588046,1.114128973361686,0.4475696070220161
1393,hbm2_4hi_1stack,1.6189516376278028,0.6176836767435916,1.0
1393,hbm2_8hi_1stack,1.0,1.0,1.0
1393,hbm2_12hi_1stack,0.673161094520842,1.4855285133669272,1.0
1393,hbm2_8hi_2stack,0.9264348146515805,2.158813516471931,2.0
1393,hbm2_8hi_no_pim,0.9924533718461135,0.994355151861167,0.9868511232771694
1394,hbm2_4hi_1stack,1.7630042790823544,0.5672135977574037,1.0
1394,hbm2_8hi_1stack,1.0,1.0,1.0
1394,hbm2_12hi_1stack,0.6230035068040953,1.6051274014970383,1.0
1394,hbm2_8hi_2stack,0.8000710979173157,2.499777838752391,2.0
1394,hbm2_8hi_no_pim,0.4404919230463582,1.1046526903064067,0.48659058785140225
1395,hbm2_4hi_1stack,1.4089886897455834,0.7097289050493136,1.0
1395,hbm2_8hi_1stack,1.0,1.0,1.0
1395,hbm2_12hi_1stack,0.7767757691675823,1.2873728039581254,1.0
1395,hbm2_8hi_2stack,1.14697843864736,1.7437119414019802,2.0
1395,hbm2_8hi_no_pim,0.5520066137177656,1.0525615066422374,0.5810209130112509
1396,hbm2_4hi_1stack,1.8113097382405832,0.5520866911317722,1.0
1396,hbm2_8hi_1stack,1.0,1.0,1.0
1396,hbm2_12hi_1stack,0.6035553723051271,1.6568488093822327,1.0
1396,hbm2_8hi_2stack,0.6911276170902436,2.8938215613786578,2.0
1396,hbm2_8hi_no_pim,0.4022827718200368,1.1026798266433298,0.44358909709211636
1397,hbm2_4hi_1stack,1.7692688478110625,0.5652052265754857,1.0
1397,hbm2_8hi_1stack,1.0,1.0,1.0
1397,hbm2_12hi_1stack,0.6175905481368772,1.6191957649234765,1.0
1397,hbm2_8hi_2stack,0.7719793732324524,2.5907427961780214,2.0
1397,hbm2_8hi_no_pim,0.33700683772716333,1.2362547909821295,0.41662631773394276
1398,hbm2_4hi_1stack,1.6760037345809242,0.596657381703296,1.0
1398,hbm2_8hi_1stack,1.0,1.0,1.0
1398,hbm2_12hi_1stack,0.6497943773061517,1.5389483734003568,1.0
1398,hbm2_8hi_2stack,0.8798940657741329,2.273000896125371,2.0
1398,hbm2_8hi_no_pim,0.5616601037486044,1.0608259953867687,0.595823638628149
1399,hbm2_4hi_1stack,1.4629594330079596,0.6835459531122619,1.0
1399,hbm2_8hi_1stack,1.0,1.0,1.0
1399,hbm2_12hi_1stack,0.7473573816537178,1.3380479333558548,1.0
1399,hbm2_8hi_2stack,1.1430567655931758,1.749694381067876,2.0
1399,hbm2_8hi_no_pim,0.6576282225620175,1.0408437754039146,0.684488241983616
1400,hbm2_4hi_1stack,1.4687336583482873,0.6808586392202538,1.0
1400,hbm2_8hi_1stack,1.0,1.0,1.0
1400,hbm2_12hi_1stack,0.7440715779560919,1.3439567235546397,1.0
1400,hbm2_8hi_2stack,1.073611091083028,1.8628719623066274,2.0
1400,hbm2_8hi_no_pim,0.5444303449439454,1.0725584483266335,0.5839333659950119
1401,hbm2_4hi_1stack,1.6306902690974792,0.6132372400513921,1.0
1401,hbm2_8hi_1stack,1.0,1.0,1.0
1401,hbm2_12hi_1stack,0.6703727032751523,1.4917075160047994,1.0
1401,hbm2_8hi_2stack,0.8778612409379329,2.278264384771266,2.0
1401,hbm2_8hi_no_pim,0.6630188217480926,1.0237732859909434,0.6787809578148883
1402,hbm2_4hi_1stack,1.4417616724813105,0.6935959105355972,1.0
1402,hbm2_8hi_1stack,1.0,1.0,1.0
1402,hbm2_12hi_1stack,0.7574265722235068,1.3202599917565512,1.0
1402,hbm2_8hi_2stack,1.1042790542288272,1.8111364082665673,2.0
1402,hbm2_8hi_no_pim,0.9693893008118654,0.9456129200557867,0.9166670474115454
1403,hbm2_4hi_1stack,1.4581689246196665,0.6857916000787285,1.0
1403,hbm2_8hi_1stack,1.0,1.0,1.0
1403,hbm2_12hi_1stack,0.7465198549827157,1.3395491001684787,1.0
1403,hbm2_8hi_2stack,1.1436337914675612,1.7488115644375217,2.0
1403,hbm2_8hi_no_pim,0.40989843635412265,1.1071891418291502,0.4538350979840316
1404,hbm2_4hi_1stack,1.7372249250635574,0.5756307001889317,1.0
1404,hbm2_8hi_1stack,1.0,1.0,1.0
1404,hbm2_12hi_1stack,0.6286120632123647,1.5908062516168557,1.0
1404,hbm2_8hi_2stack,0.8241304930763608,2.4268001448827445,2.0
1404,hbm2_8hi_no_pim,0.6578601877061616,1.0725881806208617,0.7056130618346504
1405,hbm2_4hi_1stack,1.5865664296716588,0.6302919192655241,1.0
1405,hbm2_8hi_1stack,1.0,1.0,1.0
1405,hbm2_12hi_1stack,0.6895893809635045,1.4501383397215095,1.0
1405,hbm2_8hi_2stack,0.9745078635821649,2.0523179696552254,2.0
1405,hbm2_8hi_no_pim,0.8015130728802239,1.008525233208409,0.8083461587461163
1406,hbm2_4hi_1stack,1.7937662654200872,0.5574862340082013,1.0
1406,hbm2_8hi_1stack,1.0,1.0,1.0
1406,hbm2_12hi_1stack,0.6112808512195038,1.6359092518684373,1.0
1406,hbm2_8hi_2stack,0.7402480593949141,2.7017970187383122,2.0
1406,hbm2_8hi_no_pim,0.6032630699433842,1.020266623995861,0.6154891757525156
1407,hbm2_4hi_1stack,1.6750902072507896,0.596982774820964,1.0
1407,hbm2_8hi_1stack,1.0,1.0,1.0
1407,hbm2_12hi_1stack,0.653682664108435,1.5297942792530852,1.0
1407,hbm2_8hi_2stack,0.8926582041289984,2.240499208710548,2.0
1407,hbm2_8hi_no_pim,0.4486711626128859,1.1559472359341303,0.5186401902657182
1408,hbm2_4hi_1stack,1.4890482843065693,0.6715698950391573,1.0
1408,hbm2_8hi_1stack,1.0,1.0,1.0
1408,hbm2_12hi_1stack,0.7376812891116119,1.355598975818267,1.0
1408,hbm2_8hi_2stack,1.0848620233144664,1.8435524122133131,2.0
1408,hbm2_8hi_no_pim,0.5445734487166042,1.0440238137865252,0.5685476488159898
1409,hbm2_4hi_1stack,1.6103908893383598,0.62096724877204,1.0
1409,hbm2_8hi_1stack,1.0,1.0,1.0
1409,hbm2_12hi_1stack,0.677261297696774,1.4765349849471596,1.0
1409,hbm2_8hi_2stack,0.9050094905763936,2.209921576320946,2.0
1409,hbm2_8hi_no_pim,0.3505720057949747,1.1507488477291916,0.4034203317146786
1410,hbm2_4hi_1stack,1.7182264214055036,0.5819954736710446,1.0
1410,hbm2_8hi_1stack,1.0,1.0,1.0
1410,hbm2_12hi_1stack,0.6384649758868489,1.5662566276418954,1.0
1410,hbm2_8hi_2stack,0.8162034329855034,2.450369502471233,2.0
1410,hbm2_8hi_no_pim,0.6033390926742622,1.0326540192339637,0.6230405390110498
1411,hbm2_4hi_1stack,1.4111514749601188,0.708641147137136,1.0
1411,hbm2_8hi_1stack,1.0,1.0,1.0
1411,hbm2_12hi_1stack,0.7755566927722618,1.2893963901277876,1.0
1411,hbm2_8hi_2stack,1.2379426395193356,1.6155837404361106,2.0
1411,hbm2_8hi_no_pim,0.7779181347155497,1.0039481215219175,0.7809894500455101
1412,hbm2_4hi_1stack,1.4833813722408977,0.6741354709674771,1.0
1412,hbm2_8hi_1stack,1.0,1.0,1.0
1412,hbm2_12hi_1stack,0.7391781296520392,1.3528538790382503,1.0
1412,hbm2_8hi_2stack,1.1385502996265269,1.7566198003338547,2.0
1412,hbm2_8hi_no_pim,0.7890276355304578,1.045023107501449,0.8245521115865597
1413,hbm2_4hi_1stack,1.5557022757837913,0.6427965141956109,1.0
1413,hbm2_8hi_1stack,1.0,1.0,1.0
1413,hbm2_12hi_1stack,0.7040727982706526,1.4203076762178646,1.0
1413,hbm2_8hi_2stack,0.989463708446819,2.0212969742361144,2.0
1413,hbm2_8hi_no_pim,0.9587814853089789,0.9948695242647023,0.9538624801631485
1414,hbm2_4hi_1stack,1.6324960452339168,0.6125589111958383,1.0
1414,hbm2_8hi_1stack,1.0,1.0,1.0
1414,hbm2_12hi_1stack,0.6719281883745657,1.488254276724213,1.0
1414,hbm2_8hi_2stack,0.9042758160181822,2.211714572669481,2.0
1414,hbm2_8hi_no_pim,0.43688020330028515,1.1593411910178553,0.5064932152262753
1415,hbm2_4hi_1stack,1.5426093050768799,0.6482522805410943,1.0
1415,hbm2_8hi_1stack,1.0,1.0,1.0
1415,hbm2_12hi_1stack,0.7114009664776174,1.4056770332367305,1.0
1415,hbm2_8hi_2stack,1.0267652240421776,1.9478649579953475,2.0
1415,hbm2_8hi_no_pim,0.3839940908206109,1.1395482677434758,0.43757980101835814
1416,hbm2_4hi_1stack,1.3871151248573543,0.720920695102965,1.0
1416,hbm2_8hi_1stack,1.0,1.0,1.0
1416,hbm2_12hi_1stack,0.7892315778924707,1.2670552319641797,1.0
1416,hbm2_8hi_2stack,1.218263041624758,1.6416815840794652,2.0
1416,hbm2_8hi_no_pim,1.0023006091878173,0.9535842820772604,0.9557781068379655
1417,hbm2_4hi_1stack,1.7832385438883969,0.5607774705337373,1.0
1417,hbm2_8hi_1stack,1.0,1.0,1.0
1417,hbm2_12hi_1stack,0.6146927228531047,1.6268290852029064,1.0
1417,hbm2_8hi_2stack,0.7873396798601014,2.5401996764031636,2.0
1417,hbm2_8hi_no_pim,0.8734864234497212,0.945542853480525,0.8259188453051476
1418,hbm2_4hi_1stack,1.478271246569509,0.6764658396222006,1.0
1418,hbm2_8hi_1stack,1.0,1.0,1.0
1418,hbm2_12hi_1stack,0.7404960421189896,1.3504461106077201,1.0
1418,hbm2_8hi_2stack,1.0787866309160201,1.8539347287811294,2.0
1418,hbm2_8hi_no_pim,0.7786086224565366,1.0184181019583411,0.7929491154505847
1419,hbm2_4hi_1stack,1.5632995181390383,0.6396726848546632,1.0
1419,hbm2_8hi_1stack,1.0,1.0,1.0
1419,hbm2_12hi_1stack,0.7009312687817875,1.4266734051371277,1.0
1419,hbm2_8hi_2stack,0.9844571464417762,2.0315764959691784,2.0
1419,hbm2_8hi_no_pim,0.8863003133128745,0.9526839715616688,0.8443641024832608
1420,hbm2_4hi_1stack,1.7091841725308548,0.5850744560308334,1.0
1420,hbm2_8hi_1stack,1.0,1.0,1.0
1420,hbm2_12hi_1stack,0.6413118279759119,1.5593038462368116,1.0
1420,hbm2_8hi_2stack,0.8460797156572639,2.3638434570510074,2.0
1420,hbm2_8hi_no_pim,0.7683796258029,0.9839981678994238,0.7560841440412984
1421,hbm2_4hi_1stack,1.7944486500429444,0.5572742357247549,1.0
1421,hbm2_8hi_1stack,1.0,1.0,1.0
1421,hbm2_12hi_1stack,0.6104325908164558,1.6381825201411613,1.0
1421,hbm2_8hi_2stack,0.7698186358035963,2.5980145283339953,2.0
1421,hbm2_8hi_no_pim,0.33834494688371425,1.2125852141063214,0.41027207985878056
1422,hbm2_4hi_1stack,1.6573734761170782,0.6033643076893064,1.0
1422,hbm2_8hi_1stack,1.0,1.0,1.0
1422,hbm2_12hi_1stack,0.6611840383857328,1.512438204711474,1.0
1422,hbm2_8hi_2stack,0.9008940876034289,2.220016789454605,2.0
1422,hbm2_8hi_no_pim,0.325264960075033,1.2432290761221028,0.4043788558089759
1423,hbm2_4hi_1stack,1.4653378088261795,0.6824364961967766,1.0
1423,hbm2_8hi_1stack,1.0,1.0,1.0
1423,hbm2_12hi_1stack,0.7437189883089016,1.3445938798387285,1.0
1423,hbm2_8hi_2stack,1.1392916553218557,1.755476739127866,2.0
1423,hbm2_8hi_no_pim,0.3782683797609775,1.1354009628486692,0.4294862825958199
1424,hbm2_4hi_1stack,1.5397214321565211,0.6494681304782569,1.0
1424,hbm2_8hi_1stack,1.0,1.0,1.0
1424,hbm2_12hi_1stack,0.7094283748764786,1.4095855697541193,1.0
1424,hbm2_8hi_2stack,0.9826778247093333,2.0352550446445465,2.0
1424,hbm2_8hi_no_pim,0.38626117408006283,1.1845506970857755,0.45754594301370854
1425,hbm2_4hi_1stack,1.4440163041148075,0.6925129565022518,1.0
1425,hbm2_8hi_1stack,1.0,1.0,1.0
1425,hbm2_12hi_1stack,0.7574626589125969,1.320197092534682,1.0
1425,hbm2_8hi_2stack,1.1971363617786017,1.6706534559092108,2.0
1425,hbm2_8hi_no_pim,0.7294994709890006,0.9915136161454255,0.723308658456479
1426,hbm2_4hi_1stack,1.5242558024224109,0.6560578601116416,1.0
1426,hbm2_8hi_1stack,1.0,1.0,1.0
1426,hbm2_12hi_1stack,0.7197520867791306,1.3893672812745435,1.0
1426,hbm2_8hi_2stack,1.06093893858082,1.8851226279575792,2.0
1426,hbm2_8hi_no_pim,0.7589410028730413,1.0444440973636626,0.7926714506980065
1427,hbm2_4hi_1stack,1.569237998752797,0.6372519661101647,1.0
1427,hbm2_8hi_1stack,1.0,1.0,1.0
1427,hbm2_12hi_1stack,0.6999048737934919,1.4287655900722471,1.0
1427,hbm2_8hi_2stack,0.9580023672446467,2.087677513524616,2.0
1427,hbm2_8hi_no_pim,0.9012091283989925,0.959685239690181,0.8648770983985662
1428,hbm2_4hi_1stack,1.5444962965904412,0.6474602769896917,1.0
1428,hbm2_8hi_1stack,1.0,1.0,1.0
1428,hbm2_12hi_1stack,0.7116561398557439,1.4051730098228405,1.0
1428,hbm2_8hi_2stack,1.0701650412629167,1.8688706161058786,2.0
1428,hbm2_8hi_no_pim,0.39053946438548814,1.1431925645924688,0.4464618118654153
1429,hbm2_4hi_1stack,1.4478386889608459,0.6906846789111071,1.0
1429,hbm2_8hi_1stack,1.0,1.0,1.0
1429,hbm2_12hi_1stack,0.7524299408798352,1.3290273893549145,1.0
1429,hbm2_8hi_2stack,1.1285340562447839,1.7722105849911465,2.0
1429,hbm2_8hi_no_pim,0.4662980500163008,1.1131203673996048,0.5190458567518641
1430,hbm2_4hi_1stack,1.4071011917841776,0.710680941668466,1.0
1430,hbm2_8hi_1stack,1.0,1.0,1.0
1430,hbm2_12hi_1stack,0.7794271598871216,1.2829935258412373,1.0
1430,hbm2_8hi_2stack,1.2247597335284706,1.6329733459134075,2.0
1430,hbm2_8hi_no_pim,0.7375735179514495,1.038318080655558,0.7658359195017169
1431,hbm2_4hi_1stack,1.7825984593700106,0.5609788310674355,1.0
1431,hbm2_8hi_1stack,1.0,1.0,1.0
1431,hbm2_12hi_1stack,0.61654162756336,1.6219504982203872,1.0
1431,hbm2_8hi_2stack,0.744715552591123,2.6855891394255273,2.0
1431,hbm2_8hi_no_pim,0.4884664898604618,1.142680579011808,0.5581611714616179
1432,hbm2_4hi_1stack,1.561388173305588,0.64045572849634,1.0
1432,hbm2_8hi_1stack,1.0,1.0,1.0
1432,hbm2_12hi_1stack,0.7011829834360273,1.4261612498062504,1.0
1432,hbm2_8hi_2stack,1.022207246029693,1.9565504038130288,2.0
1432,hbm2_8hi_no_pim,0.4264039495788319,1.118828532496391,0.47707290515794953
1433,hbm2_4hi_1stack,1.75033538383786,0.571319079322591,1.0
1433,hbm2_8hi_1stack,1.0,1.0,1.0
1433,hbm2_12hi_1stack,0.6252469915689077,1.5993679513606922,1.0
1433,hbm2_8hi_2stack,0.8128308961819789,2.460536391264628,2.0
1433,hbm2_8hi_no_pim,0.43868928452652883,1.1312908999569584,0.496285195493491
1434,hbm2_4hi_1stack,1.6080670833467883,0.621864604005668,1.0
1434,hbm2_8hi_1stack,1.0,1.0,1.0
1434,hbm2_12hi_1stack,0.6779272166895223,1.4750846040423553,1.0
1434,hbm2_8hi_2stack,0.8425576815724231,2.3737247238284036,2.0
1434,hbm2_8hi_no_pim,0.4829822705172342,1.1174594452612474,0.5397131000832063
1435,hbm2_4hi_1stack,1.6740157649349718,0.5973659394055023,1.0
1435,hbm2_8hi_1stack,1.0,1.0,1.0
1435,hbm2_12hi_1stack,0.6545990671349851,1.527652650616732,1.0
1435,hbm2_8hi_2stack,0.8737950435093912,2.2888662677319305,2.0
1435,hbm2_8hi_no_pim,0.5694764484562356,1.0830029054030912,0.6167446482367368
1436,hbm2_4hi_1stack,1.7789915817331892,0.5621162068826353,1.0
1436,hbm2_8hi_1stack,1.0,1.0,1.0
1436,hbm2_12hi_1stack,0.61433825767154,1.6277677444185097,1.0
1436,hbm2_8hi_2stack,0.7287852730504198,2.7442925563365947,2.0
1436,hbm2_8hi_no_pim,0.494700924174358,1.114513882954728,0.5513510479028563
1437,hbm2_4hi_1stack,1.7389994232171766,0.5750433189621099,1.0
1437,hbm2_8hi_1stack,1.0,1.0,1.0
1437,hbm2_12hi_1stack,0.629244733476553,1.5892067852122314,1.0
1437,hbm2_8hi_2stack,0.7640802662790576,2.6175260483295344,2.0
1437,hbm2_8hi_no_pim,0.4185751717632702,1.1780912731375668,0.4931197570063667
1438,hbm2_4hi_1stack,1.7364594296914395,0.5758844594357699,1.0
1438,hbm2_8hi_1stack,1.0,1.0,1.0
1438,hbm2_12hi_1stack,0.6297212879576213,1.5880041204312876,1.0
1438,hbm2_8hi_2stack,0.759800985453671,2.632268236406427,2.0
1438,hbm2_8hi_no_pim,0.7077604762345141,0.9968409436926737,0.7055246210379892
1439,hbm2_4hi_1stack,1.6190851873443055,0.6176327273058707,1.0
1439,hbm2_8hi_1stack,1.0,1.0,1.0
1439,hbm2_12hi_1stack,0.6752183108666125,1.4810024904634838,1.0
1439,hbm2_8hi_2stack,0.9125550792856053,2.1916485321255372,2.0
1439,hbm2_8hi_no_pim,0.7426214826152281,0.9890825014691714,0.7345139136698146
1440,hbm2_4hi_1stack,1.4435446366068252,0.6927392299766949,1.0
1440,hbm2_8hi_1stack,1.0,1.0,1.0
1440,hbm2_12hi_1stack,0.7601863202755519,1.3154669760928093,1.0
1440,hbm2_8hi_2stack,1.1862777327320615,1.685945832763709,2.0
1440,hbm2_8hi_no_pim,0.3381909886105005,1.2087289549219138,0.40878124022717915
1441,hbm2_4hi_1stack,1.4678662195287753,0.6812609941531504,1.0
1441,hbm2_8hi_1stack,1.0,1.0,1.0
1441,hbm2_12hi_1stack,0.7436573452127231,1.3447053356461505,1.0
1441,hbm2_8hi_2stack,1.1490524082817972,1.7405646475173773,2.0
1441,hbm2_8hi_no_pim,1.017705715332956,0.9489529698342858,0.9657548609825349
1442,hbm2_4hi_1stack,1.5859720944405262,0.6305281180579435,1.0
1442,hbm2_8hi_1stack,1.0,1.0,1.0
1442,hbm2_12hi_1stack,0.6886220015562655,1.4521755008408523,1.0
1442,hbm2_8hi_2stack,0.9458436860152386,2.1145143003764555,2.0
1442,hbm2_8hi_no_pim,0.6487934456354826,1.0346165308895785,0.6712524239872794
1443,hbm2_4hi_1stack,1.749598272521531,0.5715597778676326,1.0
1443,hbm2_8hi_1stack,1.0,1.0,1.0
1443,hbm2_12hi_1stack,0.6280273809588436,1.5922872637706424,1.0
1443,hbm2_8hi_2stack,0.8121640893018984,2.462556552727066,2.0
1443,hbm2_8hi_no_pim,0.4390976802840962,1.0922599278668013,0.4796088005935867
1444,hbm2_4hi_1stack,1.627255794892948,0.6145315340946669,1.0
1444,hbm2_8hi_1stack,1.0,1.0,1.0
1444,hbm2_12hi_1stack,0.6736160001692234,1.4845253078145169,1.0
1444,hbm2_8hi_2stack,0.8790513331102979,2.275179986273967,2.0
1444,hbm2_8hi_no_pim,0.7734150716737074,1.0488972574199438,0.8112329475258009
1445,hbm2_4hi_1stack,1.440617875693208,0.6941465997836602,1.0
1445,hbm2_8hi_1stack,1.0,1.0,1.0
1445,hbm2_12hi_1stack,0.7593056120678193,1.3169927682698102,1.0
1445,hbm2_8hi_2stack,1.2045462618183935,1.660376245724911,2.0
1445,hbm2_8hi_no_pim,0.4921184479929399,1.0969068057607283,0.5398080748438628
1446,hbm2_4hi_1stack,1.6192609318591646,0.6175656932893723,1.0
1446,hbm2_8hi_1stack,1.0,1.0,1.0
1446,hbm2_12hi_1stack,0.6762657303026572,1.4787086720370382,1.0
1446,hbm2_8hi_2stack,0.8846826193564985,2.2606977420385657,2.0
1446,hbm2_8hi_no_pim,0.36124003616263545,1.137062909005372,0.41075264636829206
1447,hbm2_4hi_1stack,1.7290497240024953,0.5783523666891125,1.0
1447,hbm2_8hi_1stack,1.0,1.0,1.0
1447,hbm2_12hi_1stack,0.630385637629811,1.5863305575296784,1.0
1447,hbm2_8hi_2stack,0.7779051841542439,2.571007419335359,2.0
1447,hbm2_8hi_no_pim,0.769266726440791,1.011156275954076,0.7778488783232531
1448,hbm2_4hi_1stack,1.7915047055987003,0.5581899935148713,1.0
1448,hbm2_8hi_1stack,1.0,1.0,1.0
1448,hbm2_12hi_1stack,0.610991089664722,1.6366850792353524,1.0
1448,hbm2_8hi_2stack,0.7082654934660477,2.8237998581754633,2.0
1448,hbm2_8hi_no_pim,0.5207974267552178,1.0881825968246426,0.5667226962660845
1449,hbm2_4hi_1stack,1.5839286605670095,0.6313415653720309,1.0
1449,hbm2_8hi_1stack,1.0,1.0,1.0
1449,hbm2_12hi_1stack,0.6938360481405402,1.4412626767951449,1.0
1449,hbm2_8hi_2stack,0.9558886754283273,2.092293853260489,2.0
1449,hbm2_8hi_no_pim,0.5977826866464844,1.104708091603764,0.6603753709590086
1450,hbm2_4hi_1stack,1.6569475696637885,0.6035193981442093,1.0
1450,hbm2_8hi_1stack,1.0,1.0,1.0
1450,hbm2_12hi_1stack,0.6613513576420695,1.512055563876548,1.0
1450,hbm2_8hi_2stack,0.9209184632625121,2.171744926162796,2.0
1450,hbm2_8hi_no_pim,0.45877509874578043,1.0976651921361886,0.503581456912086
1451,hbm2_4hi_1stack,1.6053049622459785,0.62293459717517,1.0
1451,hbm2_8hi_1stack,1.0,1.0,1.0
1451,hbm2_12hi_1stack,0.682601177569559,1.4649842878392885,1.0
1451,hbm2_8hi_2stack,0.973247589041621,2.0549755504346487,2.0
1451,hbm2_8hi_no_pim,0.3677442940155191,1.1764770193584766,0.43264271090946516
1452,hbm2_4hi_1stack,1.7631762230106756,0.567158283414502,1.0
1452,hbm2_8hi_1stack,1.0,1.0,1.0
1452,hbm2_12hi_1stack,0.6205076949305647,1.611583559994209,1.0
1452,hbm2_8hi_2stack,0.7838224551063689,2.55159824392705,2.0
1452,hbm2_8hi_no_pim,0.6464596872072452,1.0595776723875283,0.6849742506634225
1453,hbm2_4hi_1stack,1.5223399774226452,0.6568834917499978,1.0
1453,hbm2_8hi_1stack,1.0,1.0,1.0
1453,hbm2_12hi_1stack,0.7185997887137074,1.3915951767673054,1.0
1453,hbm2_8hi_2stack,1.0175054736914544,1.9655913916060905,2.0
1453,hbm2_8hi_no_pim,1.0449533960105837,0.946159102439478,0.9886921672604583
1454,hbm2_4hi_1stack,1.6533084215183147,0.6048478233006583,1.0
1454,hbm2_8hi_1stack,1.0,1.0,1.0
1454,hbm2_12hi_1stack,0.6613933785175677,1.511959497147337,1.0
1454,hbm2_8hi_2stack,0.8981348393536375,2.2268371210712012,2.0
1454,hbm2_8hi_no_pim,0.6809453744764231,1.0391747452272386,0.7076212360352035
1455,hbm2_4hi_1stack,1.4437772006289449,0.692627643354096,1.0
1455,hbm2_8hi_1stack,1.0,1.0,1.0
1455,hbm2_12hi_1stack,0.7554671220521322,1.32368434152849,1.0
1455,hbm2_8hi_2stack,1.0933658944051978,1.8292138160098916,2.0
1455,hbm2_8hi_no_pim,0.5373518229763208,1.1007161229994966,0.5914718152732076
1456,hbm2_4hi_1stack,1.683382267101884,0.5940421373937858,1.0
1456,hbm2_8hi_1stack,1.0,1.0,1.0
1456,hbm2_12hi_1stack,0.6513984281379056,1.5351587550780719,1.0
1456,hbm2_8hi_2stack,0.8764837052496796,2.281845045174308,2.0
1456,hbm2_8hi_no_pim,0.45963554607062,1.1575516997241992,0.5320519076077067
1457,hbm2_4hi_1stack,1.4097837170682532,0.7093286636049195,1.0
1457,hbm2_8hi_1stack,1.0,1.0,1.0
1457,hbm2_12hi_1stack,0.7742835669950823,1.2915164968319046,1.0
1457,hbm2_8hi_2stack,1.2126857518520304,1.649231878040599,2.0
1457,hbm2_8hi_no_pim,0.7502648782820779,1.0034231871302923,0.7528331753577234
1458,hbm2_4hi_1stack,1.6731211812197724,0.59768533876964,1.0
1458,hbm2_8hi_1stack,1.0,1.0,1.0
1458,hbm2_12hi_1stack,0.6547285592544857,1.5273505116970332,1.0
1458,hbm2_8hi_2stack,0.832918865667987,2.4011942608552075,2.0
1458,hbm2_8hi_no_pim,0.591006460787388,1.024603927389523,0.60554754083534
1459,hbm2_4hi_1stack,1.4716980040437444,0.6794872298884196,1.0
1459,hbm2_8hi_1stack,1.0,1.0,1.0
1459,hbm2_12hi_1stack,0.7433264008941747,1.3453040263295684,1.0
1459,hbm2_8hi_2stack,1.155380261721522,1.7310318223889254,2.0
1459,hbm2_8hi_no_pim,0.49963593242645443,1.115271842775186,0.5572298870739502
1460,hbm2_4hi_1stack,1.641893886748063,0.6090527579590428,1.0
1460,hbm2_8hi_1stack,1.0,1.0,1.0
1460,hbm2_12hi_1stack,0.663038149175081,1.508208843253062,1.0
1460,hbm2_8hi_2stack,0.9099607609986728,2.197896970639723,2.0
1460,hbm2_8hi_no_pim,0.674144337566154,1.0164493722238999,0.685233588707414
1461,hbm2_4hi_1stack,1.4647406597089312,0.6827147136058317,1.0
1461,hbm2_8hi_1stack,1.0,1.0,1.0
1461,hbm2_12hi_1stack,0.7460853527611089,1.3403292214479283,1.0
1461,hbm2_8hi_2stack,1.0775796023491564,1.856011375530809,2.0
1461,hbm2_8hi_no_pim,0.3930166251521701,1.1833391273038656,0.46507195022347947
1462,hbm2_4hi_1stack,1.4682979708185517,0.6810606701598291,1.0
1462,hbm2_8hi_1stack,1.0,1.0,1.0
1462,hbm2_12hi_1stack,0.7463552325240773,1.3398445625123157,1.0
1462,hbm2_8hi_2stack,1.1228560830040353,1.7811721646903278,2.0
1462,hbm2_8hi_no_pim,0.4873435861497254,1.1514543479554866,0.5611538912203206
1463,hbm2_4hi_1stack,1.537510043839811,0.6504022552610962,1.0
1463,hbm2_8hi_1stack,1.0,1.0,1.0
1463,hbm2_12hi_1stack,0.7125534514280454,1.4034034892342127,1.0
1463,hbm2_8hi_2stack,1.0037483395413738,1.99253131608051,2.0
1463,hbm2_8hi_no_pim,0.5060717587499575,1.0941098754457999,0.5536981089325529
1464,hbm2_4hi_1stack,1.419385907149125,0.7045300329975285,1.0
1464,hbm2_8hi_1stack,1.0,1.0,1.0
1464,hbm2_12hi_1stack,0.7717999504174201,1.2956725372412374,1.0
1464,hbm2_8hi_2stack,1.2300694113362594,1.6259245060222602,2.0
1464,hbm2_8hi_no_pim,0.7676707087160695,0.9698478468529557,0.7445237839403624
1465,hbm2_4hi_1stack,1.7531235742463132,0.5704104460690461,1.0
1465,hbm2_8hi_1stack,1.0,1.0,1.0
1465,hbm2_12hi_1stack,0.6253661956734932,1.5990630880248364,1.0
1465,hbm2_8hi_2stack,0.7797322415746084,2.564983071574873,2.0
1465,hbm2_8hi_no_pim,0.4507151676607792,1.104609593181285,0.49786429799040793
1466,hbm2_4hi_1stack,1.7884210498930184,0.5591524434695169,1.0
1466,hbm2_8hi_1stack,1.0,1.0,1.0
1466,hbm2_12hi_1stack,0.6119316508218599,1.6341694348657105,1.0
1466,hbm2_8hi_2stack,0.7276820763292537,2.748453019605586,2.0
1466,hbm2_8hi_no_pim,0.3517918157421068,1.162854908472125,0.4090828396960302
1467,hbm2_4hi_1stack,1.4550025905130979,0.6872839997125751,1.0
1467,hbm2_8hi_1stack,1.0,1.0,1.0
1467,hbm2_12hi_1stack,0.7526956545917115,1.3285582212407419,1.0
1467,hbm2_8hi_2stack,1.0929271017888036,1.829948215875132,2.0
1467,hbm2_8hi_no_pim,0.7440151960119558,1.0416263497303382,0.7749858327658355
1468,hbm2_4hi_1stack,1.4981403747922677,0.6674941926844873,1.0
1468,hbm2_8hi_1stack,1.0,1.0,1.0
1468,hbm2_12hi_1stack,0.7306587106516655,1.3686280412754024,1.0
1468,hbm2_8hi_2stack,1.0363324188489946,1.9298826936450617,2.0
1468,hbm2_8hi_no_pim,1.06353319463202,0.9104246447047485,0.9682668308545628
1469,hbm2_4hi_1stack,1.402213892204537,0.7131579608213814,1.0
1469,hbm2_8hi_1stack,1.0,1.0,1.0
1469,hbm2_12hi_1stack,0.7793160499698899,1.2831764468839524,1.0
1469,hbm2_8hi_2stack,1.1711571779422045,1.7077127115543307,2.0
1469,hbm2_8hi_no_pim,0.34419154503164756,1.1679370892249927,0.40199407124011544
1470,hbm2_4hi_1stack,1.7060957686537543,0.5861335678647628,1.0
1470,hbm2_8hi_1stack,1.0,1.0,1.0
1470,hbm2_12hi_1stack,0.6419889725243784,1.55765915428092,1.0
1470,hbm2_8hi_2stack,0.8254220999369536,2.4230027281226922,2.0
1470,hbm2_8hi_no_pim,0.6098982394206823,1.0166771479050452,0.6200696025665277
1471,hbm2_4hi_1stack,1.59863507819304,0.625533627805987,1.0
1471,hbm2_8hi_1stack,1.0,1.0,1.0
1471,hbm2_12hi_1stack,0.6841205873165594,1.4617306050128782,1.0
1471,hbm2_8hi_2stack,0.9636582543997811,2.0754245510465834,2.0
1471,hbm2_8hi_no_pim,0.39971771262207545,1.1386553348177322,0.4551407058982674
1472,hbm2_4hi_1stack,1.667816292799975,0.5995864198695248,1.0
1472,hbm2_8hi_1stack,1.0,1.0,1.0
1472,hbm2_12hi_1stack,0.6572750344072068,1.5214331104206555,1.0
1472,hbm2_8hi_2stack,0.8762591895558941,2.2824297009810994,2.0
1472,hbm2_8hi_no_pim,0.46596375370537335,1.1433931964085908,0.5327797857597322
1473,hbm2_4hi_1stack,1.5449982789542134,0.6472499119396335,1.0
1473,hbm2_8hi_1stack,1.0,1.0,1.0
1473,hbm2_12hi_1stack,0.7040879681576886,1.4202770750600846,1.0
1473,hbm2_8hi_2stack,0.9756595942903614,2.0498952828467645,2.0
1473,hbm2_8hi_no_pim,0.5907564977724643,1.0703694495816907,0.6323277073575199
1474,hbm2_4hi_1stack,1.3851893283370198,0.7219229743854175,1.0
1474,hbm2_8hi_1stack,1.0,1.0,1.0
1474,hbm2_12hi_1stack,0.7906552169144709,1.2647737959694951,1.0
1474,hbm2_8hi_2stack,1.2895348428814104,1.5509468480363708,2.0
1474,hbm2_8hi_no_pim,0.9983226106413522,0.9232818858387566,0.9217331826284184
1475,hbm2_4hi_1stack,1.7556519075701174,0.569588991808766,1.0
1475,hbm2_8hi_1stack,1.0,1.0,1.0
1475,hbm2_12hi_1stack,0.623285819011207,1.6044003721862625,1.0
1475,hbm2_8hi_2stack,0.8028248899166608,2.4912032812131857,2.0
1475,hbm2_8hi_no_pim,0.41752966595901364,1.1571132841360239,0.4831291230020513
1476,hbm2_4hi_1stack,1.8177282666796746,0.5501372335627671,1.0
1476,hbm2_8hi_1stack,1.0,1.0,1.0
1476,hbm2_12hi_1stack,0.6050928969328911,1.652638801527539,1.0
1476,hbm2_8hi_2stack,0.7421945879122356,2.6947111075357233,2.0
1476,hbm2_8hi_no_pim,1.0003125517677427,0.947735822975435,0.9480320394822591
1477,hbm2_4hi_1stack,1.52966132165427,0.6537394819648956,1.0
1477,hbm2_8hi_1stack,1.0,1.0,1.0
1477,hbm2_12hi_1stack,0.7153044244628649,1.3980061716393244,1.0
1477,hbm2_8hi_2stack,1.0609113976633058,1.8851715651326488,2.0
1477,hbm2_8hi_no_pim,0.8806525576241568,0.9665289462912772,0.8511761885691945
1478,hbm2_4hi_1stack,1.4065830403611186,0.7109427394654676,1.0
1478,hbm2_8hi_1stack,1.0,1.0,1.0
1478,hbm2_12hi_1stack,0.7784399810700483,1.2846205543366285,1.0
1478,hbm2_8hi_2stack,1.2671218278373784,1.5783801968066788,2.0
1478,hbm2_8hi_no_pim,0.39003198061242617,1.1267116600020814,0.4394535803297263
1479,hbm2_4hi_1stack,1.8155532369443896,0.550796297046634,1.0
1479,hbm2_8hi_1stack,1.0,1.0,1.0
1479,hbm2_12hi_1stack,0.6022982743411927,1.6603069319662627,1.0
1479,hbm2_8hi_2stack,0.7477377105637499,2.6747346987383027,2.0
1479,hbm2_8hi_no_pim,0.33326668190320147,1.2003293221808826,0.4000297703943416
1480,hbm2_4hi_1stack,1.4473689913892038,0.6909088186559716,1.0
1480,hbm2_8hi_1stack,1.0,1.0,1.0
1480,hbm2_12hi_1stack,0.7556257410411118,1.3234064771565166,1.0
1480,hbm2_8hi_2stack,1.1045136965615077,1.810751651361369,2.0
1480,hbm2_8hi_no_pim,0.7007624601683216,1.035113812826119,0.7253689020302427
1481,hbm2_4hi_1stack,1.8794951343404045,0.5320577753721841,1.0
1481,hbm2_8hi_1stack,1.0,1.0,1.0
1481,hbm2_12hi_1stack,0.584256127041536,1.7115781139748458,1.0
1481,hbm2_8hi_2stack,0.6751146588743485,2.962459744741282,2.0
1481,hbm2_8hi_no_pim,0.6621859549810747,0.9970322230414882,0.6602207347616317
1482,hbm2_4hi_1stack,1.5133030066897555,0.6608061938550099,1.0
1482,hbm2_8hi_1stack,1.0,1.0,1.0
1482,hbm2_12hi_1stack,0.7226367146197782,1.383821192265548,1.0
1482,hbm2_8hi_2stack,1.0817666348224817,1.848827589629071,2.0
1482,hbm2_8hi_no_pim,0.837411363968053,1.0078876657442257,0.8440165848974492
1483,hbm2_4hi_1stack,1.4632544478806218,0.6834081396085283,1.0
1483,hbm2_8hi_1stack,1.0,1.0,1.0
1483,hbm2_12hi_1stack,0.7490934367048675,1.3349469518766939,1.0
1483,hbm2_8hi_2stack,1.12144654526456,1.7834109066056116,2.0
1483,hbm2_8hi_no_pim,0.6811322809337175,1.0217075624971752,0.6959180024909296
1484,hbm2_4hi_1stack,1.8467041457647175,0.5415052553455451,1.0
1484,hbm2_8hi_1stack,1.0,1.0,1.0
1484,hbm2_12hi_1stack,0.5946693016278868,1.6816068985947892,1.0
1484,hbm2_8hi_2stack,0.7253810411204062,2.757171592065389,2.0
1484,hbm2_8hi_no_pim,0.8068871778071149,1.0086413016264966,0.8138597332890988
1485,hbm2_4hi_1stack,1.6319381702709437,0.6127683132958244,1.0
1485,hbm2_8hi_1stack,1.0,1.0,1.0
1485,hbm2_12hi_1stack,0.6666825184832391,1.499964334260762,1.0
1485,hbm2_8hi_2stack,0.886503203529854,2.2560550171014104,2.0
1485,hbm2_8hi_no_pim,0.44257891540412825,1.121750550578784,0.4964631420291419
1486,hbm2_4hi_1stack,1.6107960868475275,0.6208110437846232,1.0
1486,hbm2_8hi_1stack,1.0,1.0,1.0
1486,hbm2_12hi_1stack,0.6803527984552817,1.4698256584972775,1.0
1486,hbm2_8hi_2stack,0.8862000970065804,2.256826654336452,2.0
1486,hbm2_8hi_no_pim,0.3674453275326807,1.1733077453877958,0.4311264488006498
1487,hbm2_4hi_1stack,1.5891014948590687,0.6292864258419731,1.0
1487,hbm2_8hi_1stack,1.0,1.0,1.0
1487,hbm2_12hi_1stack,0.6885492607598126,1.4523289138332705,1.0
1487,hbm2_8hi_2stack,0.9858129547827178,2.028782428042669,2.0
1487,hbm2_8hi_no_pim,0.699558582557419,1.0087613322831097,0.7056876477507058
1488,hbm2_4hi_1stack,1.7194192840054332,0.581591709074283,1.0
1488,hbm2_8hi_1stack,1.0,1.0,1.0
1488,hbm2_12hi_1stack,0.6370125550518801,1.5698277719480067,1.0
1488,hbm2_8hi_2stack,0.8272450847270464,2.4176632015407016,2.0
1488,hbm2_8hi_no_pim,0.9786193776694184,0.9517777870157056,0.9314281856088861
1489,hbm2_4hi_1stack,1.802532775039639,0.5547749332757677,1.0
1489,hbm2_8hi_1stack,1.0,1.0,1.0
1489,hbm2_12hi_1stack,0.608366609632557,1.6437457022895832,1.0
1489,hbm2_8hi_2stack,0.7237790315001142,2.763274304665573,2.0
1489,hbm2_8hi_no_pim,0.7131694631950795,0.9980849975149455,0.7118037419007959
1490,hbm2_4hi_1stack,1.6619128623133574,0.6017162648395508,1.0
1490,hbm2_8hi_1stack,1.0,1.0,1.0
1490,hbm2_12hi_1stack,0.6579257573294175,1.5199283336452643,1.0
1490,hbm2_8hi_2stack,0.8840855686204465,2.2622244621873646,2.0
1490,hbm2_8hi_no_pim,0.43842335429043167,1.1305652664360941,0.49566621635516794
1491,hbm2_4hi_1stack,1.5621805508996491,0.6401308731081736,1.0
1491,hbm2_8hi_1stack,1.0,1.0,1.0
1491,hbm2_12hi_1stack,0.7024160401866485,1.4236576939989531,1.0
1491,hbm2_8hi_2stack,0.9862858674620818,2.0278096503059655,2.0
1491,hbm2_8hi_no_pim,0.676519467960782,1.0092783094321003,0.6827964249213619
1492,hbm2_4hi_1stack,1.574007035260441,0.6353211755718337,1.0
1492,hbm2_8hi_1stack,1.0,1.0,1.0
1492,hbm2_12hi_1stack,0.6910913645611434,1.4469866811821903,1.0
1492,hbm2_8hi_2stack,0.9694699214811123,2.0629830340115043,2.0
1492,hbm2_8hi_no_pim,1.0138222533253054,0.9241609561068685,0.936934942955534
1493,hbm2_4hi_1stack,1.4496555269886366,0.6898190510660803,1.0
1493,hbm2_8hi_1stack,1.0,1.0,1.0
1493,hbm2_12hi_1stack,0.7525673598585261,1.328784708637893,1.0
1493,hbm2_8hi_2stack,1.1628520555444322,1.7199092442276556,2.0
1493,hbm2_8hi_no_pim,0.35467661042961024,1.2110301461181083,0.4295240673532463
1494,hbm2_4hi_1stack,1.5416285950140678,0.6486646675043509,1.0
1494,hbm2_8hi_1stack,1.0,1.0,1.0
1494,hbm2_12hi_1stack,0.7117890092370784,1.4049107067160769,1.0
1494,hbm2_8hi_2stack,0.9773812026773109,2.046284494239771,2.0
1494,hbm2_8hi_no_pim,0.5572983270088181,1.10844398894108,0.6177339806198447
1495,hbm2_4hi_1stack,1.4607977796040963,0.6845574479658771,1.0
1495,hbm2_8hi_1stack,1.0,1.0,1.0
1495,hbm2_12hi_1stack,0.7486247763590629,1.335782666536233,1.0
1495,hbm2_8hi_2stack,1.0783802732762933,1.854633332566143,2.0
1495,hbm2_8hi_no_pim,0.5803517878847078,1.0631563312855785,0.6170046776625322
1496,hbm2_4hi_1stack,1.709926501440617,0.5848204581644285,1.0
1496,hbm2_8hi_1stack,1.0,1.0,1.0
1496,hbm2_12hi_1stack,0.6390802702719204,1.564748665413365,1.0
1496,hbm2_8hi_2stack,0.8389715980592839,2.3838709255789072,2.0
1496,hbm2_8hi_no_pim,0.6130594415154375,1.0385926128159173,0.6367190071749852
1497,hbm2_4hi_1stack,1.7699533375399985,0.564986646139422,1.0
1497,hbm2_8hi_1stack,1.0,1.0,1.0
1497,hbm2_12hi_1stack,0.618689182819874,1.6163204849358768,1.0
1497,hbm2_8hi_2stack,0.7750220137651822,2.580571860512293,2.0
1497,hbm2_8hi_no_pim,0.952632150013236,0.975559287552796,0.9293491415668007
1498,hbm2_4hi_1stack,1.5642388864954144,0.6392885438620193,1.0
1498,hbm2_8hi_1stack,1.0,1.0,1.0
1498,hbm2_12hi_1stack,0.6970588846173983,1.4345990303945126,1.0
1498,hbm2_8hi_2stack,0.9115893545328158,2.1939703333031884,2.0
1498,hbm2_8hi_no_pim,0.3588415364384576,1.1743862269412109,0.42141855804774725
1499,hbm2_4hi_1stack,1.4548345097604172,0.6873634033912768,1.0
1499,hbm2_8hi_1stack,1.0,1.0,1.0
1499,hbm2_12hi_1stack,0.7528937493204549,1.3282086627795457,1.0
1499,hbm2_8hi_2stack,1.0824311480821613,1.8476925793789067,2.0
1499,hbm2_8hi_no_pim,0.9755865330501746,0.9959727432873879,0.9716575956362143
1500,hbm2_4hi_1stack,1.7296644211707308,0.5781468288069114,1.0
1500,hbm2_8hi_1stack,1.0,1.0,1.0
1500,hbm2_12hi_1stack,0.6343519870883229,1.5764118665254008,1.0
1500,hbm2_8hi_2stack,0.7821038414742489,2.55720518675633,2.0
1500,hbm2_8hi_no_pim,0.4914094243587632,1.1394222198410724,0.5599228171536855
1501,hbm2_4hi_1stack,1.4927494451284093,0.6699047876142254,1.0
1501,hbm2_8hi_1stack,1.0,1.0,1.0
1501,hbm2_12hi_1stack,0.7334425618070425,1.3634332830865694,1.0
1501,hbm2_8hi_2stack,1.0361789915176471,1.930168451949296,2.0
1501,hbm2_8hi_no_pim,0.6040513548034057,1.0197492935242123,0.6159809423131162
1502,hbm2_4hi_1stack,1.6184373062286737,0.6178799735716838,1.0
1502,hbm2_8hi_1stack,1.0,1.0,1.0
1502,hbm2_12hi_1stack,0.672993539303629,1.4858983654356273,1.0
1502,hbm2_8hi_2stack,0.8655989637507799,2.3105388104136324,2.0
1502,hbm2_8hi_no_pim,0.5183531005775096,1.0984508266268511,0.5693853918139568
1503,hbm2_4hi_1stack,1.689317140449462,0.5919551610859395,1.0
1503,hbm2_8hi_1stack,1.0,1.0,1.0
1503,hbm2_12hi_1stack,0.6483085422684494,1.542475433843541,1.0
1503,hbm2_8hi_2stack,0.8103093097704293,2.4681932885192013,2.0
1503,hbm2_8hi_no_pim,0.3987278886481034,1.1812192124150336,0.4709850425968219
1504,hbm2_4hi_1stack,1.468561281091848,0.6809385572636905,1.0
1504,hbm2_8hi_1stack,1.0,1.0,1.0
1504,hbm2_12hi_1stack,0.7433799226661515,1.3452071673034616,1.0
1504,hbm2_8hi_2stack,1.134578655612267,1.7627689275722491,2.0
1504,hbm2_8hi_no_pim,0.5010673630033469,1.0862409185164736,0.5442798726273829
1505,hbm2_4hi_1stack,1.420343685376646,0.7040549483168368,1.0
1505,hbm2_8hi_1stack,1.0,1.0,1.0
1505,hbm2_12hi_1stack,0.7742615058503166,1.2915532961977372,1.0
1505,hbm2_8hi_2stack,1.2265635231067564,1.6305718883064535,2.0
1505,hbm2_8hi_no_pim,0.9311771869367794,0.9806714021661329,0.9131788375784068
1506,hbm2_4hi_1stack,1.4924965689862046,0.6700182906814061,1.0
1506,hbm2_8hi_1stack,1.0,1.0,1.0
1506,hbm2_12hi_1stack,0.7329504011958847,1.3643487995482315,1.0
1506,hbm2_8hi_2stack,1.0792662185236672,1.8531109059781452,2.0
1506,hbm2_8hi_no_pim,0.5562046667101126,1.0502085865756274,0.5841309168723953
1507,hbm2_4hi_1stack,1.5737132253063602,0.6354397891047313,1.0
1507,hbm2_8hi_1stack,1.0,1.0,1.0
1507,hbm2_12hi_1stack,0.6974382281730598,1.433818737781984,1.0
1507,hbm2_8hi_2stack,0.9992590621137,2.0014829745646394,2.0
1507,hbm2_8hi_no_pim,0.5620362979492034,1.1119844291711405,0.6249756119485059
1508,hbm2_4hi_1stack,1.893576133839138,0.5281012905314487,1.0
1508,hbm2_8hi_1stack,1.0,1.0,1.0
1508,hbm2_12hi_1stack,0.5793122102816323,1.7261849176523496,1.0
1508,hbm2_8hi_2stack,0.6466614645462125,3.0928083853016934,2.0
1508,hbm2_8hi_no_pim,0.4435002102366953,1.1043648888575646,0.4897860603863545
1509,hbm2_4hi_1stack,1.4811479605410942,0.6751519946965184,1.0
1509,hbm2_8hi_1stack,1.0,1.0,1.0
1509,hbm2_12hi_1stack,0.7383306371954735,1.3544067516938882,1.0
1509,hbm2_8hi_2stack,1.1103872331923188,1.8011734467173945,2.0
1509,hbm2_8hi_no_pim,0.45614069158832865,1.122866725569688,0.5121852047628795
1510,hbm2_4hi_1stack,1.5281827000883865,0.6543720197474833,1.0
1510,hbm2_8hi_1stack,1.0,1.0,1.0
1510,hbm2_12hi_1stack,0.7140175961886421,1.4005257088031229,1.0
1510,hbm2_8hi_2stack,1.0136228494721056,1.9731204767548398,2.0
1510,hbm2_8hi_no_pim,0.6707570164481438,1.008364270657155,0.6763674096789017
1511,hbm2_4hi_1stack,1.5715844825081302,0.6363005050826638,1.0
1511,hbm2_8hi_1stack,1.0,1.0,1.0
1511,hbm2_12hi_1stack,0.6934194529019237,1.4421285641974029,1.0
1511,hbm2_8hi_2stack,0.9788317663109896,2.0432520365962152,2.0
1511,hbm2_8hi_no_pim,0.41022611320126673,1.1563904822013045,0.4743815728563798
1512,hbm2_4hi_1stack,1.4029874831215234,0.7127647338485787,1.0
1512,hbm2_8hi_1stack,1.0,1.0,1.0
1512,hbm2_12hi_1stack,0.7806665776357407,1.2809565935671456,1.0
1512,hbm2_8hi_2stack,1.2909055999407701,1.5492999643752143,2.0
1512,hbm2_8hi_no_pim,0.8054057118460954,1.0335836964042338,0.8324542127549704
1513,hbm2_4hi_1stack,1.4610888619801954,0.6844210684384471,1.0
1513,hbm2_8hi_1stack,1.0,1.0,1.0
1513,hbm2_12hi_1stack,0.7524473778270195,1.3289965909481718,1.0
1513,hbm2_8hi_2stack,1.1033483790321819,1.8126641032040391,2.0
1513,hbm2_8hi_no_pim,0.9525540590247187,0.9903810181059367,0.9433914587778434
1514,hbm2_4hi_1stack,1.4430137467892639,0.6929940911685846,1.0
1514,hbm2_8hi_1stack,1.0,1.0,1.0
1514,hbm2_12hi_1stack,0.7576629025967466,1.3198481759799625,1.0
1514,hbm2_8hi_2stack,1.1859271710093657,1.686444200698902,2.0
1514,hbm2_8hi_no_pim,0.43847882367053825,1.0896494861423833,0.4777882248969187
1515,hbm2_4hi_1stack,1.3976455260592924,0.715489000146935,1.0
1515,hbm2_8hi_1stack,1.0,1.0,1.0
1515,hbm2_12hi_1stack,0.7809703926466169,1.2804582727023972,1.0
1515,hbm2_8hi_2stack,1.1462395640435743,1.7448359511729172,2.0
1515,hbm2_8hi_no_pim,0.5986213904100701,1.0444884971290658,0.6252531564187259
1516,hbm2_4hi_1stack,1.578889445678932,0.6333565676411207,1.0
1516,hbm2_8hi_1stack,1.0,1.0,1.0
1516,hbm2_12hi_1stack,0.69615589548536,1.4364598597600036,1.0
1516,hbm2_8hi_2stack,0.985656981891888,2.0291034677816246,2.0
1516,hbm2_8hi_no_pim,0.8244991562316597,0.988758076672235,0.8152301999334964
1517,hbm2_4hi_1stack,1.4721888804153613,0.6792606664152099,1.0
1517,hbm2_8hi_1stack,1.0,1.0,1.0
1517,hbm2_12hi_1stack,0.7452429292623962,1.3418443312031816,1.0
1517,hbm2_8hi_2stack,1.1753542601747045,1.7016146261321419,2.0
1517,hbm2_8hi_no_pim,0.49497440738289583,1.1483408612444632,0.5683993372680424
1518,hbm2_4hi_1stack,1.6141017193220157,0.6195396411696025,1.0
1518,hbm2_8hi_1stack,1.0,1.0,1.0
1518,hbm2_12hi_1stack,0.6772461092218485,1.476568098927868,1.0
1518,hbm2_8hi_2stack,0.8512823892670924,2.3493966575790326,2.0
1518,hbm2_8hi_no_pim,0.4512565733879129,1.0996365207728405,0.49621820833615854
1519,hbm2_4hi_1stack,1.381146026910023,0.724036402028579,1.0
1519,hbm2_8hi_1stack,1.0,1.0,1.0
1519,hbm2_12hi_1stack,0.7890888218641563,1.2672844580887406,1.0
1519,hbm2_8hi_2stack,1.274062721290047,1.5697814295789991,2.0
1519,hbm2_8hi_no_pim,0.43697084107704626,1.1585757696784003,0.5062638285278568
1520,hbm2_4hi_1stack,1.444717775055153,0.6921767124806257,1.0
1520,hbm2_8hi_1stack,1.0,1.0,1.0
1520,hbm2_12hi_1stack,0.7570495672121796,1.3209174713387402,1.0
1520,hbm2_8hi_2stack,1.1027569550487135,1.8136362603232472,2.0
1520,hbm2_8hi_no_pim,0.9780740216470488,0.9582361979322114,0.9372259317993354
1521,hbm2_4hi_1stack,1.6674670168292693,0.5997120122360953,1.0
1521,hbm2_8hi_1stack,1.0,1.0,1.0
1521,hbm2_12hi_1stack,0.6541276721428217,1.5287535485605641,1.0
1521,hbm2_8hi_2stack,0.8837972108899805,2.2629625612712756,2.0
1521,hbm2_8hi_no_pim,0.7597435476011726,0.9829531964171753,0.7467923485718969
1522,hbm2_4hi_1stack,1.5160126327736227,0.6596251102277748,1.0
1522,hbm2_8hi_1stack,1.0,1.0,1.0
1522,hbm2_12hi_1stack,0.7211658994444818,1.3866434904510954,1.0
1522,hbm2_8hi_2stack,1.0601840350710754,1.8864649285781017,2.0
1522,hbm2_8hi_no_pim,0.4330321601789516,1.1182370788633926,0.48423261785241556
1523,hbm2_4hi_1stack,1.7864046268754947,0.5597835926729807,1.0
1523,hbm2_8hi_1stack,1.0,1.0,1.0
1523,hbm2_12hi_1stack,0.6117349553564393,1.634694880918372,1.0
1523,hbm2_8hi_2stack,0.7550458856753526,2.6488456369921085,2.0
1523,hbm2_8hi_no_pim,0.48956195373687245,1.1119423319263886,0.5443646604606167
1524,hbm2_4hi_1stack,1.6905537554162524,0.5915221546763401,1.0
1524,hbm2_8hi_1stack,1.0,1.0,1.0
1524,hbm2_12hi_1stack,0.6491530056573691,1.5404688744949173,1.0
1524,hbm2_8hi_2stack,0.8159873779362264,2.451018305035976,2.0
1524,hbm2_8hi_no_pim,0.5447074933622773,1.0707179117171852,0.5832280697895601
1525,hbm2_4hi_1stack,1.4682966986721937,0.6810612602373332,1.0
1525,hbm2_8hi_1stack,1.0,1.0,1.0
1525,hbm2_12hi_1stack,0.7451215061574427,1.342062994741561,1.0
1525,hbm2_8hi_2stack,1.1118204887050034,1.7988515415195367,2.0
1525,hbm2_8hi_no_pim,0.6895508853663213,1.0261320899532167,0.7075702911300342
1526,hbm2_4hi_1stack,1.6761770401310372,0.5965956913010954,1.0
1526,hbm2_8hi_1stack,1.0,1.0,1.0
1526,hbm2_12hi_1stack,0.6513186323312777,1.5353468338847918,1.0
1526,hbm2_8hi_2stack,0.867752541808689,2.30480454235412,2.0
1526,hbm2_8hi_no_pim,0.34278587306381714,1.222736237774735,0.4191367087923797
1527,hbm2_4hi_1stack,1.624301579379922,0.6156492197598863,1.0
1527,hbm2_8hi_1stack,1.0,1.0,1.0
1527,hbm2_12hi_1stack,0.6759113630912634,1.479483930298975,1.0
1527,hbm2_8hi_2stack,0.9683561510047499,2.065355807287261,2.0
1527,hbm2_8hi_no_pim,0.5018320774607372,1.057895132252414,0.5308857119538303
1528,hbm2_4hi_1stack,1.6384953692628856,0.6103160367489306,1.0
1528,hbm2_8hi_1stack,1.0,1.0,1.0
1528,hbm2_12hi_1stack,0.6655186113022522,1.502587580598613,1.0
1528,hbm2_8hi_2stack,0.8921305569869895,2.241824343238102,2.0
1528,hbm2_8hi_no_pim,0.8289185036579105,0.9828180694638396,0.8146760835079223
1529,hbm2_4hi_1stack,1.5564395067223025,0.6424920439766365,1.0
1529,hbm2_8hi_1stack,1.0,1.0,1.0
1529,hbm2_12hi_1stack,0.7038719172860806,1.420713023834934,1.0
1529,hbm2_8hi_2stack,1.010939762925615,1.9783572408034367,2.0
1529,hbm2_8hi_no_pim,0.3961023700611872,1.1300441211092647,0.447613154645091
1530,hbm2_4hi_1stack,1.6232217644561036,0.6160587677525826,1.0
1530,hbm2_8hi_1stack,1.0,1.0,1.0
1530,hbm2_12hi_1stack,0.672580502907203,1.486810866026504,1.0
1530,hbm2_8hi_2stack,0.8790299802144389,2.2752352536509632,2.0
1530,hbm2_8hi_no_pim,0.4088552502636555,1.1232084567679947,0.45922967469013276
1531,hbm2_4hi_1stack,1.8492024806073617,0.5407736635046881,1.0
1531,hbm2_8hi_1stack,1.0,1.0,1.0
1531,hbm2_12hi_1stack,0.592391564572661,1.6880726529611867,1.0
1531,hbm2_8hi_2stack,0.6788576406807662,2.9461257856571774,2.0
1531,hbm2_8hi_no_pim,0.5965549193806203,1.0539991226077159,0.6287683616144906
1532,hbm2_4hi_1stack,1.7517969710522883,0.5708424072678406,1.0
1532,hbm2_8hi_1stack,1.0,1.0,1.0
1532,hbm2_12hi_1stack,0.627528614941181,1.593552829608784,1.0
1532,hbm2_8hi_2stack,0.7923585502631436,2.52410982292776,2.0
1532,hbm2_8hi_no_pim,0.8277007088437509,1.0248819018904536,0.84829547667586
1533,hbm2_4hi_1stack,1.8536079336462925,0.5394884116798462,1.0
1533,hbm2_8hi_1stack,1.0,1.0,1.0
1533,hbm2_12hi_1stack,0.5907355722905585,1.6928047791713838,1.0
1533,hbm2_8hi_2stack,0.6634772394516242,3.014421416555353,2.0
1533,hbm2_8hi_no_pim,0.46582289176486746,1.0749741096965122,0.5007475483511932
1534,hbm2_4hi_1stack,1.682897953582029,0.5942130940687826,1.0
1534,hbm2_8hi_1stack,1.0,1.0,1.0
1534,hbm2_12hi_1stack,0.6488631490672901,1.541157024308519,1.0
1534,hbm2_8hi_2stack,0.8498253759853653,2.3534246640740952,2.0
1534,hbm2_8hi_no_pim,0.8689187490365978,0.9805945832949773,0.8520570186287356
1535,hbm2_4hi_1stack,1.4779485766407756,0.6766135275646036,1.0
1535,hbm2_8hi_1stack,1.0,1.0,1.0
1535,hbm2_12hi_1stack,0.7401011421795979,1.3511666757532625,1.0
1535,hbm2_8hi_2stack,1.1300854728209855,1.7697776390377649,2.0
1535,hbm2_8hi_no_pim,0.5227928362523826,1.1299482398269498,0.5907288451175186
1536,hbm2_4hi_1stack,1.7441553307903164,0.573343430110022,1.0
1536,hbm2_8hi_1stack,1.0,1.0,1.0
1536,hbm2_12hi_1stack,0.6290548142786293,1.589686585813278,1.0
1536,hbm2_8hi_2stack,0.8376036237631748,2.3877642637390055,2.0
1536,hbm2_8hi_no_pim,0.378664579532318,1.1801447761225965,0.4468790254377246
1537,hbm2_4hi_1stack,1.5743509348529083,0.6351823966703015,1.0
1537,hbm2_8hi_1stack,1.0,1.0,1.0
1537,hbm2_12hi_1stack,0.6964132859468699,1.4359289522174497,1.0
1537,hbm2_8hi_2stack,1.0235713360585397,1.9539429539922335,2.0
1537,hbm2_8hi_no_pim,0.4756351450252901,1.075965433753633,0.5117669751256084
1538,hbm2_4hi_1stack,1.7236866005074596,0.5801518673438643,1.0
1538,hbm2_8hi_1stack,1.0,1.0,1.0
1538,hbm2_12hi_1stack,0.6344820686307657,1.5760886704931387,1.0
1538,hbm2_8hi_2stack,0.7782683404595772,2.5698077334341716,2.0
1538,hbm2_8hi_no_pim,0.37989649756031363,1.1438765005680211,0.43455467620733934
1539,hbm2_4hi_1stack,1.51384158414799,0.6605710996919226,1.0
1539,hbm2_8hi_1stack,1.0,1.0,1.0
1539,hbm2_12hi_1stack,0.724510851359258,1.3802415769534655,1.0
1539,hbm2_8hi_2stack,1.0951180059634975,1.8262872029397204,2.0
1539,hbm2_8hi_no_pim,0.5004383518963779,1.1125444876247887,0.5567599297983494
1540,hbm2_4hi_1stack,1.7243261687875018,0.5799366837326213,1.0
1540,hbm2_8hi_1stack,1.0,1.0,1.0
1540,hbm2_12hi_1stack,0.6324591724716347,1.5811297290416784,1.0
1540,hbm2_8hi_2stack,0.8079506640036415,2.4753986711136435,2.0
1540,hbm2_8hi_no_pim,0.35100097304588224,1.173165869374524,0.41178236169467625
1541,hbm2_4hi_1stack,1.4955162519756449,0.6686654181651016,1.0
1541,hbm2_8hi_1stack,1.0,1.0,1.0
1541,hbm2_12hi_1stack,0.7306592076985029,1.3686271102363732,1.0
1541,hbm2_8hi_2stack,1.0231102161330785,1.9548236040093014,2.0
1541,hbm2_8hi_no_pim,0.6328638116582251,1.0664764824433437,0.6749343717229507
1542,hbm2_4hi_1stack,1.7515713880014219,0.5709159254656586,1.0
1542,hbm2_8hi_1stack,1.0,1.0,1.0
1542,hbm2_12hi_1stack,0.6248441656286012,1.600399035484291,1.0
1542,hbm2_8hi_2stack,0.7734428770354447,2.5858406087672146,2.0
1542,hbm2_8hi_no_pim,0.40979186530935663,1.1272021702808397,0.46191827994014034
1543,hbm2_4hi_1stack,1.7507485352403,0.5711842562602769,1.0
1543,hbm2_8hi_1stack,1.0,1.0,1.0
1543,hbm2_12hi_1stack,0.6266262764827054,1.5958475370887188,1.0
1543,hbm2_8hi_2stack,0.7416077928022364,2.696843290228663,2.0
1543,hbm2_8hi_no_pim,1.083538455299111,0.9196306152856126,0.9964551363323437
1544,hbm2_4hi_1stack,1.6131380251991658,0.6199097562507307,1.0
1544,hbm2_8hi_1stack,1.0,1.0,1.0
1544,hbm2_12hi_1stack,0.6742459459844052,1.483138320601974,1.0
1544,hbm2_8hi_2stack,0.9028177129579846,2.215286620205109,2.0
1544,hbm2_8hi_no_pim,0.7112558640268886,1.0369580121598898,0.7375424668983872
1545,hbm2_4hi_1stack,1.408400515089465,0.7100253012449925,1.0
1545,hbm2_8hi_1stack,1.0,1.0,1.0
1545,hbm2_12hi_1stack,0.7747016214453369,1.2908195520932702,1.0
1545,hbm2_8hi_2stack,1.1459874798197507,1.7452197648045638,2.0
1545,hbm2_8hi_no_pim,0.617920172865559,1.0121080987121491,0.6254020113148434
1546,hbm2_4hi_1stack,1.6775681782759002,0.5961009590845586,1.0
1546,hbm2_8hi_1stack,1.0,1.0,1.0
1546,hbm2_12hi_1stack,0.6540150571545704,1.5290167849509606,1.0
1546,hbm2_8hi_2stack,0.8716951653240295,2.294380053440532,2.0
1546,hbm2_8hi_no_pim,0.522952118450131,1.0662401478074253,0.5575925440724738
1547,hbm2_4hi_1stack,1.7204442584747652,0.5812452191194706,1.0
1547,hbm2_8hi_1stack,1.0,1.0,1.0
1547,hbm2_12hi_1stack,0.6357710241613252,1.5728933247927521,1.0
1547,hbm2_8hi_2stack,0.79907340343478,2.5028989719881714,2.0
1547,hbm2_8hi_no_pim,0.5765461620814165,1.0326430815983898,0.5953664054954787
1548,hbm2_4hi_1stack,1.6997026830265516,0.5883381899588251,1.0
1548,hbm2_8hi_1stack,1.0,1.0,1.0
1548,hbm2_12hi_1stack,0.6453353037714078,1.5495820454202553,1.0
1548,hbm2_8hi_2stack,0.8797772625827934,2.2733026699604952,2.0
1548,hbm2_8hi_no_pim,0.6806671509653476,0.998524751983567,0.6796629981010349
1549,hbm2_4hi_1stack,1.6956850979357176,0.5897321390730942,1.0
1549,hbm2_8hi_1stack,1.0,1.0,1.0
1549,hbm2_12hi_1stack,0.6460344597301267,1.5479050458356947,1.0
1549,hbm2_8hi_2stack,0.8044679217136584,2.486115289394818,2.0
1549,hbm2_8hi_no_pim,0.8233633087490677,0.9910362018067792,0.8159828462097385
1550,hbm2_4hi_1stack,1.4614952640151515,0.6842307495767792,1.0
1550,hbm2_8hi_1stack,1.0,1.0,1.0
1550,hbm2_12hi_1stack,0.7522661482533325,1.3293167615236634,1.0
1550,hbm2_8hi_2stack,1.1243915068367212,1.7787398675988315,2.0
1550,hbm2_8hi_no_pim,0.5564794814129599,1.0555410378042527,0.587386929327408
1551,hbm2_4hi_1stack,1.7240297562034435,0.5800363922964653,1.0
1551,hbm2_8hi_1stack,1.0,1.0,1.0
1551,hbm2_12hi_1stack,0.6370643993129206,1.569700019461939,1.0
1551,hbm2_8hi_2stack,0.7909583137347866,2.5285782642024452,2.0
1551,hbm2_8hi_no_pim,0.47327065195558926,1.0997457442847804,0.5204773853830428
1552,hbm2_4hi_1stack,1.4320421559114382,0.6983034653498308,1.0
1552,hbm2_8hi_1stack,1.0,1.0,1.0
1552,hbm2_12hi_1stack,0.7640180068090147,1.3088696746514967,1.0
1552,hbm2_8hi_2stack,1.177296903020168,1.698806813191573,2.0
1552,hbm2_8hi_no_pim,0.8938862026607317,0.9862357609474229,0.8815825392815091
1553,hbm2_4hi_1stack,1.6573900232389749,0.6033582837947448,1.0
1553,hbm2_8hi_1stack,1.0,1.0,1.0
1553,hbm2_12hi_1stack,0.6594348106529662,1.5164501234167627,1.0
1553,hbm2_8hi_2stack,0.8374175542579886,2.3882948116273273,2.0
1553,hbm2_8hi_no_pim,0.8379504098186966,0.9723590314230386,0.8147886488718461
1554,hbm2_4hi_1stack,1.738690294549634,0.5751455582024894,1.0
1554,hbm2_8hi_1stack,1.0,1.0,1.0
1554,hbm2_12hi_1stack,0.6300838584763632,1.5870903317824223,1.0
1554,hbm2_8hi_2stack,0.7892782990091775,2.533960457940761,2.0
1554,hbm2_8hi_no_pim,0.3430513675546467,1.1723798005140313,0.40218649385978233
1555,hbm2_4hi_1stack,1.6810183348709606,0.5948775092192927,1.0
1555,hbm2_8hi_1stack,1.0,1.0,1.0
1555,hbm2_12hi_1stack,0.6532983515866505,1.5306942036074687,1.0
1555,hbm2_8hi_2stack,0.8490485915457904,2.3555777842570476,2.0
1555,hbm2_8hi_no_pim,0.8839577725245181,0.9399916424938312,0.8309129184905102
1556,hbm2_4hi_1stack,1.5394601730104855,0.6495783506009472,1.0
1556,hbm2_8hi_1stack,1.0,1.0,1.0
1556,hbm2_12hi_1stack,0.7128703132421264,1.4027796941802935,1.0
1556,hbm2_8hi_2stack,1.0416771853684867,1.9199806121245833,2.0
1556,hbm2_8hi_no_pim,0.85159082510185,0.9732595738566036,0.8288189235388199
1557,hbm2_4hi_1stack,1.5055910952870868,0.6641909633567005,1.0
1557,hbm2_8hi_1stack,1.0,1.0,1.0
1557,hbm2_12hi_1stack,0.7252360065624938,1.3788614891583293,1.0
1557,hbm2_8hi_2stack,1.0264589927778236,1.9484460792608582,2.0
1557,hbm2_8hi_no_pim,0.3985717457386969,1.1885089003573555,0.4737060672414101
1558,hbm2_4hi_1stack,1.393649824739769,0.7175403621829652,1.0
1558,hbm2_8hi_1stack,1.0,1.0,1.0
1558,hbm2_12hi_1stack,0.7863012918583633,1.271777129650361,1.0
1558,hbm2_8hi_2stack,1.3088219489334185,1.5280917328975376,2.0
1558,hbm2_8hi_no_pim,0.44093023367354317,1.0868023278053947,0.4792040043561833
1559,hbm2_4hi_1stack,1.6606414196076078,0.6021769589706425,1.0
1559,hbm2_8hi_1stack,1.0,1.0,1.0
1559,hbm2_12hi_1stack,0.657876875327573,1.5200412683635909,1.0
1559,hbm2_8hi_2stack,0.8616935600803004,2.3210107312553454,2.0
1559,hbm2_8hi_no_pim,0.42894546597899597,1.1209869140447872,0.48084225420129795
1560,hbm2_4hi_1stack,1.3895248709003378,0.7196704578249495,1.0
1560,hbm2_8hi_1stack,1.0,1.0,1.0
1560,hbm2_12hi_1stack,0.7866659977080361,1.2711875216591486,1.0
1560,hbm2_8hi_2stack,1.2554147723900042,1.5930989852799697,2.0
1560,hbm2_8hi_no_pim,0.3775845034945857,1.2026779597068937,0.45411256027980884
1561,hbm2_4hi_1stack,1.7282046253774457,0.5786351831928448,1.0
1561,hbm2_8hi_1stack,1.0,1.0,1.0
1561,hbm2_12hi_1stack,0.6330528076116252,1.5796470499400979,1.0
1561,hbm2_8hi_2stack,0.7985453707911356,2.5045539967485606,2.0
1561,hbm2_8hi_no_pim,0.7482597006596575,1.0025721594969603,0.750184343954902
1562,hbm2_4hi_1stack,1.4148407023393146,0.7067933501959535,1.0
1562,hbm2_8hi_1stack,1.0,1.0,1.0
1562,hbm2_12hi_1stack,0.7741820766435212,1.2916858064391208,1.0
1562,hbm2_8hi_2stack,1.2031749238921037,1.662268686194255,2.0
1562,hbm2_8hi_no_pim,0.4726154493979081,1.153009842455484,0.5449302648523098
1563,hbm2_4hi_1stack,1.4958579355946506,0.6685126817223245,1.0
1563,hbm2_8hi_1stack,1.0,1.0,1.0
1563,hbm2_12hi_1stack,0.7325650800224256,1.365066432008181,1.0
1563,hbm2_8hi_2stack,1.1101279765003718,1.8015940885526636,2.0
1563,hbm2_8hi_no_pim,0.47646850394496715,1.0843318790319496,0.5166499881821881
1564,hbm2_4hi_1stack,1.4304627494884543,0.6990744780719446,1.0
1564,hbm2_8hi_1stack,1.0,1.0,1.0
1564,hbm2_12hi_1stack,0.7625213188901714,1.311438743057666,1.0
1564,hbm2_8hi_2stack,1.1979786882180685,1.6694787809413343,2.0
1564,hbm2_8hi_no_pim,0.5090147329386181,1.0568512509830863,0.5379528572750001
1565,hbm2_4hi_1stack,1.666675328625114,0.5999968817111653,1.0
1565,hbm2_8hi_1stack,1.0,1.0,1.0
1565,hbm2_12hi_1stack,0.6554356419266752,1.5257028089904696,1.0
1565,hbm2_8hi_2stack,0.9016045097903892,2.2182675200515276,2.0
1565,hbm2_8hi_no_pim,0.32382927266760253,1.2406558209728054,0.40176067213645084
1566,hbm2_4hi_1stack,1.8362290938123274,0.5445943555571424,1.0
1566,hbm2_8hi_1stack,1.0,1.0,1.0
1566,hbm2_12hi_1stack,0.59652616434947,1.676372403699225,1.0
1566,hbm2_8hi_2stack,0.7015889002640864,2.850672237327552,2.0
1566,hbm2_8hi_no_pim,0.8373142446370824,0.957508373473893,0.8017354004689741
1567,hbm2_4hi_1stack,1.6251526486755963,0.615326813031958,1.0
1567,hbm2_8hi_1stack,1.0,1.0,1.0
1567,hbm2_12hi_1stack,0.6732724905388905,1.4852827258686825,1.0
1567,hbm2_8hi_2stack,0.870647879127219,2.2971399206817114,2.0
1567,hbm2_8hi_no_pim,0.8976674259948769,0.9902455296900056,0.8889111557397608
1568,hbm2_4hi_1stack,1.4930840757531594,0.6697546482742895,1.0
1568,hbm2_8hi_1stack,1.0,1.0,1.0
1568,hbm2_12hi_1stack,0.7287557982619128,1.3722017751145257,1.0
1568,hbm2_8hi_2stack,1.0386586163292346,1.9255604955825434,2.0
1568,hbm2_8hi_no_pim,0.5125744816080724,1.0785112428470034,0.5528173412107806
1569,hbm2_4hi_1stack,1.7565438675358542,0.5692997587375017,1.0
1569,hbm2_8hi_1stack,1.0,1.0,1.0
1569,hbm2_12hi_1stack,0.6262583594883733,1.5967850725648722,1.0
1569,hbm2_8hi_2stack,0.8177836889720094,2.445634495980336,2.0
1569,hbm2_8hi_no_pim,0.49661989325876366,1.1144331171447401,0.5534496556804521
1570,hbm2_4hi_1stack,1.3995275928290936,0.714526819709597,1.0
1570,hbm2_8hi_1stack,1.0,1.0,1.0
1570,hbm2_12hi_1stack,0.782276369116781,1.2783206031508239,1.0
1570,hbm2_8hi_2stack,1.182450425715541,1.6914028330530069,2.0
1570,hbm2_8hi_no_pim,0.41007909229734574,1.1102532326340306,0.45529163785875715
1571,hbm2_4hi_1stack,1.6655118583945991,0.6004160192314142,1.0
1571,hbm2_8hi_1stack,1.0,1.0,1.0
1571,hbm2_12hi_1stack,0.6587427738353315,1.5180432176550507,1.0
1571,hbm2_8hi_2stack,0.9012814975320973,2.2190625298271742,2.0
1571,hbm2_8hi_no_pim,0.6819556893373048,1.021904954333954,0.6968938975700185
1572,hbm2_4hi_1stack,1.837078191344547,0.544342644048322,1.0
1572,hbm2_8hi_1stack,1.0,1.0,1.0
1572,hbm2_12hi_1stack,0.5953210699728051,1.6797658447494241,1.0
1572,hbm2_8hi_2stack,0.6907544347606902,2.895384957887232,2.0
1572,hbm2_8hi_no_pim,0.414052050737155,1.1538399090598326,0.4777497805685961
1573,hbm2_4hi_1stack,1.4683184849937112,0.6810511549231657,1.0
1573,hbm2_8hi_1stack,1.0,1.0,1.0
1573,hbm2_12hi_1stack,0.7458101745325884,1.3408237566974957,1.0
1573,hbm2_8hi_2stack,1.149238303226861,1.7402831026292358,2.0
1573,hbm2_8hi_no_pim,0.3638626603334124,1.208572511016061,0.4397544090641363
1574,hbm2_4hi_1stack,1.4576208723151582,0.6860494515365213,1.0
1574,hbm2_8hi_1stack,1.0,1.0,1.0
1574,hbm2_12hi_1stack,0.7538684142511826,1.3264914421348981,1.0
1574,hbm2_8hi_2stack,1.154071860042609,1.7329943387807403,2.0
1574,hbm2_8hi_no_pim,0.7868948780464734,0.998938789041231,0.7860598165784913
1575,hbm2_4hi_1stack,1.691504229725464,0.5911897720541336,1.0
1575,hbm2_8hi_1stack,1.0,1.0,1.0
1575,hbm2_12hi_1stack,0.6484436221359042,1.5421541146570408,1.0
1575,hbm2_8hi_2stack,0.8609743215810249,2.3229496511897807,2.0
1575,hbm2_8hi_no_pim,0.5671039580515195,1.1051495322610938,0.6267346739840517
1576,hbm2_4hi_1stack,1.4686788431052353,0.6808840507879141,1.0
1576,hbm2_8hi_1stack,1.0,1.0,1.0
1576,hbm2_12hi_1stack,0.7444638940700312,1.343248487892323,1.0
1576,hbm2_8hi_2stack,1.1625609679911808,1.720339883297348,2.0
1576,hbm2_8hi_no_pim,0.6560282103215637,1.025475867489785,0.6727410980772767
1577,hbm2_4hi_1stack,1.5019121422733501,0.6658179076216554,1.0
1577,hbm2_8hi_1stack,1.0,1.0,1.0
1577,hbm2_12hi_1stack,0.7280908960098945,1.3734548879545534,1.0
1577,hbm2_8hi_2stack,1.0251246061737298,1.9509823371277621,2.0
1577,hbm2_8hi_no_pim,0.6424519833613879,1.0433558257426128,0.6703060196000001
1578,hbm2_4hi_1stack,1.4986379184944871,0.6672725864327439,1.0
1578,hbm2_8hi_1stack,1.0,1.0,1.0
1578,hbm2_12hi_1stack,0.7267619814138933,1.3759663075034974,1.0
1578,hbm2_8hi_2stack,1.022733212868128,1.9555441974855292,2.0
1578,hbm2_8hi_no_pim,0.672853907179569,1.061268762608806,0.7140788334889616
1579,hbm2_4hi_1stack,1.6135199169039398,0.619763034545507,1.0
1579,hbm2_8hi_1stack,1.0,1.0,1.0
1579,hbm2_12hi_1stack,0.6778822729998344,1.4751824023582991,1.0
1579,hbm2_8hi_2stack,0.891436290744419,2.24357031541743,2.0
1579,hbm2_8hi_no_pim,0.34211167007244586,1.200580710493949,0.4107326719238485
1580,hbm2_4hi_1stack,1.5641115420886624,0.6393405924648017,1.0
1580,hbm2_8hi_1stack,1.0,1.0,1.0
1580,hbm2_12hi_1stack,0.6993940067567587,1.4298092210386766,1.0
1580,hbm2_8hi_2stack,0.9931446528509376,2.013805334659726,2.0
1580,hbm2_8hi_no_pim,0.8543226560348345,1.0016143512691558,0.8557018328988728
1581,hbm2_4hi_1stack,1.5802961853517123,0.632792769652506,1.0
1581,hbm2_8hi_1stack,1.0,1.0,1.0
1581,hbm2_12hi_1stack,0.6900827537206738,1.449101567324159,1.0
1581,hbm2_8hi_2stack,0.9181095922084274,2.178389178125441,2.0
1581,hbm2_8hi_no_pim,0.4722609782181078,1.0877133031486237,0.5136845485658182
1582,hbm2_4hi_1stack,1.745662692223175,0.5728483540691689,1.0
1582,hbm2_8hi_1stack,1.0,1.0,1.0
1582,hbm2_12hi_1stack,0.6257170095594433,1.5981665588795213,1.0
1582,hbm2_8hi_2stack,0.7938021956584346,2.5195193600353565,2.0
1582,hbm2_8hi_no_pim,0.580794176770088,1.088378263267395,0.6321237574288449
1583,hbm2_4hi_1stack,1.5159861402609405,0.6596366374615233,1.0
1583,hbm2_8hi_1stack,1.0,1.0,1.0
1583,hbm2_12hi_1stack,0.7223743813192348,1.384323732762715,1.0
1583,hbm2_8hi_2stack,1.0082668964116557,1.9836017696483403,2.0
1583,hbm2_8hi_no_pim,0.35141721751917215,1.1908794524922373,0.41849554359557717
1584,hbm2_4hi_1stack,1.4142078673168161,0.707109628726154,1.0
1584,hbm2_8hi_1stack,1.0,1.0,1.0
1584,hbm2_12hi_1stack,0.7749934649822163,1.2903334610995034,1.0
1584,hbm2_8hi_2stack,1.1642751479112312,1.7178070008520765,2.0
1584,hbm2_8hi_no_pim,0.8768918401596598,0.9629659947752836,0.8444170231696757
1585,hbm2_4hi_1stack,1.452729415939648,0.6883594350247147,1.0
1585,hbm2_8hi_1stack,1.0,1.0,1.0
1585,hbm2_12hi_1stack,0.755412463808717,1.3237801173654142,1.0
1585,hbm2_8hi_2stack,1.1429247932691156,1.7498964164382036,2.0
1585,hbm2_8hi_no_pim,0.4724818807664637,1.141957947884576,0.5395544389727158
1586,hbm2_4hi_1stack,1.6261491685747214,0.6149497348244348,1.0
1586,hbm2_8hi_1stack,1.0,1.0,1.0
1586,hbm2_12hi_1stack,0.6724015060270696,1.4872066630376375,1.0
1586,hbm2_8hi_2stack,0.9435293490058416,2.1197008891215927,2.0
1586,hbm2_8hi_no_pim,0.3804838665585946,1.1533721638425243,0.43883950047985654
1587,hbm2_4hi_1stack,1.4740944256479194,0.6783825938154965,1.0
1587,hbm2_8hi_1stack,1.0,1.0,1.0
1587,hbm2_12hi_1stack,0.7440284234915808,1.3440346745184737,1.0
1587,hbm2_8hi_2stack,1.1133308827311985,1.7964111397805156,2.0
1587,hbm2_8hi_no_pim,0.5383137058481988,1.121318533419197,0.6036211351611553
1588,hbm2_4hi_1stack,1.7842809633559253,0.560449850969195,1.0
1588,hbm2_8hi_1stack,1.0,1.0,1.0
1588,hbm2_12hi_1stack,0.6142510015378579,1.6279989735407332,1.0
1588,hbm2_8hi_2stack,0.7890041461453048,2.534840925451456,2.0
1588,hbm2_8hi_no_pim,0.6482974990616847,1.0239460003217893,0.663821631182831
1589,hbm2_4hi_1stack,1.5500333911778772,0.6451473921088213,1.0
1589,hbm2_8hi_1stack,1.0,1.0,1.0
1589,hbm2_12hi_1stack,0.7040421993651632,1.420369405273864,1.0
1589,hbm2_8hi_2stack,0.9517246785982085,2.1014480815458016,2.0
1589,hbm2_8hi_no_pim,0.47588588715123564,1.1511812231071594,0.5478308976301951
1590,hbm2_4hi_1stack,1.4269087627858335,0.7008156555487433,1.0
1590,hbm2_8hi_1stack,1.0,1.0,1.0
1590,hbm2_12hi_1stack,0.7669041583045807,1.3039439011658662,1.0
1590,hbm2_8hi_2stack,1.157126310263793,1.7284197777371901,2.0
1590,hbm2_8hi_no_pim,0.347290494331492,1.1716060624860742,0.4068876486025616
1591,hbm2_4hi_1stack,1.7391300433032915,0.5750001294328784,1.0
1591,hbm2_8hi_1stack,1.0,1.0,1.0
1591,hbm2_12hi_1stack,0.6297532462010527,1.58792353359421,1.0
1591,hbm2_8hi_2stack,0.7541089467648175,2.6521366820804158,2.0
1591,hbm2_8hi_no_pim,1.0157213669200575,0.9442335418269558,0.959078183796243
1592,hbm2_4hi_1stack,1.4613565873666476,0.6842956802227111,1.0
1592,hbm2_8hi_1stack,1.0,1.0,1.0
1592,hbm2_12hi_1stack,0.7490941929738008,1.3349456041437697,1.0
1592,hbm2_8hi_2stack,1.0803897781908263,1.8511837490253868,2.0
1592,hbm2_8hi_no_pim,0.9724926576777112,0.9264138123073722,0.9009306304401367
1593,hbm2_4hi_1stack,1.4076363336094064,0.7104107617312199,1.0
1593,hbm2_8hi_1stack,1.0,1.0,1.0
1593,hbm2_12hi_1stack,0.7740638638566583,1.2918830689468548,1.0
1593,hbm2_8hi_2stack,1.2270797432887732,1.6298859230123666,2.0
1593,hbm2_8hi_no_pim,0.5135566790681496,1.0922218066611786,0.5609178038347294
1594,hbm2_4hi_1stack,1.5861566906334266,0.6304547374828733,1.0
1594,hbm2_8hi_1stack,1.0,1.0,1.0
1594,hbm2_12hi_1stack,0.6878157020264791,1.4538778295606614,1.0
1594,hbm2_8hi_2stack,0.915589870864289,2.1843841480160333,2.0
1594,hbm2_8hi_no_pim,0.3487085254661027,1.1500147717747617,0.40101995532981377
1595,hbm2_4hi_1stack,1.752053917096485,0.5707586908382399,1.0
1595,hbm2_8hi_1stack,1.0,1.0,1.0
1595,hbm2_12hi_1stack,0.6240596187205916,1.6024110036956696,1.0
1595,hbm2_8hi_2stack,0.7439225757612766,2.6884518163107827,2.0
1595,hbm2_8hi_no_pim,0.7368449719390971,0.9799353321907193,0.7220604223502004
1596,hbm2_4hi_1stack,1.6456225053731688,0.6076727783771014,1.0
1596,hbm2_8hi_1stack,1.0,1.0,1.0
1596,hbm2_12hi_1stack,0.6614467949974446,1.5118373957861015,1.0
1596,hbm2_8hi_2stack,0.8322161183884133,2.403221898505163,2.0
1596,hbm2_8hi_no_pim,0.4146967816647265,1.1159944851290118,0.4627993213385847
1597,hbm2_4hi_1stack,1.7062709328429684,0.5860733959370754,1.0
1597,hbm2_8hi_1stack,1.0,1.0,1.0
1597,hbm2_12hi_1stack,0.6415466729983389,1.558733046383656,1.0
1597,hbm2_8hi_2stack,0.8134646506062375,2.458619435410614,2.0
1597,hbm2_8hi_no_pim,0.5466664279676033,1.0590732419712492,0.5789597861444921
1598,hbm2_4hi_1stack,1.6746213727711083,0.5971499087851918,1.0
1598,hbm2_8hi_1stack,1.0,1.0,1.0
1598,hbm2_12hi_1stack,0.6553347319739203,1.5259377402261596,1.0
1598,hbm2_8hi_2stack,0.8835403876968666,2.2636203481466417,2.0
1598,hbm2_8hi_no_pim,0.5200384534596341,1.129235386311058,0.5872458238890951
1599,hbm2_4hi_1stack,1.7210104260042682,0.5810540046068959,1.0
1599,hbm2_8hi_1stack,1.0,1.0,1.0
1599,hbm2_12hi_1stack,0.6364525197430724,1.5712091145521538,1.0
1599,hbm2_8hi_2stack,0.8398895859990196,2.3812653869509157,2.0
1599,hbm2_8hi_no_pim,0.37666006424079584,1.1935627031296563,0.4495674044362343
1600,hbm2_4hi_1stack,1.453335294348606,0.6880724660637972,1.0
1600,hbm2_8hi_1stack,1.0,1.0,1.0
1600,hbm2_12hi_1stack,0.7562068156445076,1.3223895623682125,1.0
1600,hbm2_8hi_2stack,1.156190610742054,1.7298185795821166,2.0
1600,hbm2_8hi_no_pim,0.48716560521124563,1.1197291517624413,0.5454935298910244
1601,hbm2_4hi_1stack,1.406068229231624,0.7112030406564775,1.0
1601,hbm2_8hi_1stack,1.0,1.0,1.0
1601,hbm2_12hi_1stack,0.7803503119093296,1.2814757484407746,1.0
1601,hbm2_8hi_2stack,1.1883522367844064,1.6830026805956562,2.0
1601,hbm2_8hi_no_pim,0.6398387477286372,1.078017495252212,0.6897573641917374
1602,hbm2_4hi_1stack,1.497444512088726,0.6678043773422626,1.0
1602,hbm2_8hi_1stack,1.0,1.0,1.0
1602,hbm2_12hi_1stack,0.7278153663390833,1.3739748379180388,1.0
1602,hbm2_8hi_2stack,1.0315942801159652,1.9387466938796645,2.0
1602,hbm2_8hi_no_pim,0.7661952820774145,1.0053426113207489,0.7702887656653457
1603,hbm2_4hi_1stack,1.6265806300602075,0.6147866152586516,1.0
1603,hbm2_8hi_1stack,1.0,1.0,1.0
1603,hbm2_12hi_1stack,0.6736403381212471,1.4844716733991248,1.0
1603,hbm2_8hi_2stack,0.8715234106315779,2.294832216326392,2.0
1603,hbm2_8hi_no_pim,0.4505246503838463,1.1587045714047222,0.522024971930277
1604,hbm2_4hi_1stack,1.6334021923443416,0.6122190876729199,1.0
1604,hbm2_8hi_1stack,1.0,1.0,1.0
1604,hbm2_12hi_1stack,0.6676675905142059,1.4977512975129548,1.0
1604,hbm2_8hi_2stack,0.8554654337989238,2.3379086062173937,2.0
1604,hbm2_8hi_no_pim,0.879007579400324,0.985911948773804,0.8666240755935177
1605,hbm2_4hi_1stack,1.5494834776704571,0.6453763556765587,1.0
1605,hbm2_8hi_1stack,1.0,1.0,1.0
1605,hbm2_12hi_1stack,0.7081757811695711,1.412078789744085,1.0
1605,hbm2_8hi_2stack,1.0628775402459263,1.8816843185314127,2.0
1605,hbm2_8hi_no_pim,0.5566118335749267,1.0805455815071234,0.6014444573839655
1606,hbm2_4hi_1stack,1.4074802407607543,0.7104895479452642,1.0
1606,hbm2_8hi_1stack,1.0,1.0,1.0
1606,hbm2_12hi_1stack,0.7780437093592515,1.285274834782146,1.0
1606,hbm2_8hi_2stack,1.13424579861314,1.7632862316487583,2.0
1606,hbm2_8hi_no_pim,0.7944215718888437,1.0351352581250686,0.8223337788772809
1607,hbm2_4hi_1stack,1.7355693841518456,0.5761797881037695,1.0
1607,hbm2_8hi_1stack,1.0,1.0,1.0
1607,hbm2_12hi_1stack,0.6300946220096638,1.5870632204581216,1.0
1607,hbm2_8hi_2stack,0.7941616985225676,2.5183788184707656,2.0
1607,hbm2_8hi_no_pim,0.4504349425580351,1.0821694958702273,0.48744695471036364
1608,hbm2_4hi_1stack,1.887837621033965,0.5297065747912694,1.0
1608,hbm2_8hi_1stack,1.0,1.0,1.0
1608,hbm2_12hi_1stack,0.5823341718556886,1.717227063652063,1.0
1608,hbm2_8hi_2stack,0.6687400846969107,2.990698547562688,2.0
1608,hbm2_8hi_no_pim,0.3667800891125802,1.2009615204729027,0.44048877349983107
1609,hbm2_4hi_1stack,1.5128077313406076,0.6610225339831045,1.0
1609,hbm2_8hi_1stack,1.0,1.0,1.0
1609,hbm2_12hi_1stack,0.7180724989113242,1.3926170428697777,1.0
1609,hbm2_8hi_2stack,1.005019042666274,1.990012044641545,2.0
1609,hbm2_8hi_no_pim,1.0307569198972253,0.9373489746263607,0.9661789419546899
1610,hbm2_4hi_1stack,1.5252849749673865,0.6556151908736805,1.0
1610,hbm2_8hi_1stack,1.0,1.0,1.0
1610,hbm2_12hi_1stack,0.7182360990016526,1.392299832032947,1.0
1610,hbm2_8hi_2stack,0.9882768451388239,2.0237244349472325,2.0
1610,hbm2_8hi_no_pim,0.40541710035184,1.107577973665826,0.44903105049716574
1611,hbm2_4hi_1stack,1.5490641785407921,0.6455510454976715,1.0
1611,hbm2_8hi_1stack,1.0,1.0,1.0
1611,hbm2_12hi_1stack,0.7066319824032413,1.4151637979914522,1.0
1611,hbm2_8hi_2stack,0.9377332063267082,2.1328027913551306,2.0
1611,hbm2_8hi_no_pim,0.39903744605494595,1.1377803246125724,0.45401695490496824
1612,hbm2_4hi_1stack,1.4186247059004626,0.7049080675394389,1.0
1612,hbm2_8hi_1stack,1.0,1.0,1.0
1612,hbm2_12hi_1stack,0.7702271648677931,1.298318269742728,1.0
1612,hbm2_8hi_2stack,1.1361550942247174,1.7603230493498319,2.0
1612,hbm2_8hi_no_pim,0.3561697010420549,1.1545249552896164,0.4112068081710945
1613,hbm2_4hi_1stack,1.7596061824802933,0.5683089829739215,1.0
1613,hbm2_8hi_1stack,1.0,1.0,1.0
1613,hbm2_12hi_1stack,0.6227303455942608,1.6058314920332288,1.0
1613,hbm2_8hi_2stack,0.7694344299825961,2.5993118088636065,2.0
1613,hbm2_8hi_no_pim,0.7570277833781484,0.9863734970207716,0.7467121420325873
1614,hbm2_4hi_1stack,1.5329311336572935,0.652345025842213,1.0
1614,hbm2_8hi_1stack,1.0,1.0,1.0
1614,hbm2_12hi_1stack,0.7119662799329936,1.4045609015276883,1.0
1614,hbm2_8hi_2stack,1.024762394881579,1.9516719290144513,2.0
1614,hbm2_8hi_no_pim,0.8909506701479467,0.9458199111803481,0.8426788837054026
1615,hbm2_4hi_1stack,1.4109750486956874,0.7087297545937508,1.0
1615,hbm2_8hi_1stack,1.0,1.0,1.0
1615,hbm2_12hi_1stack,0.7762361861109438,1.2882676920927192,1.0
1615,hbm2_8hi_2stack,1.1874913227414727,1.6842228332100557,2.0
1615,hbm2_8hi_no_pim,0.6631041011162744,1.0791256819425235,0.7155726653159836
1616,hbm2_4hi_1stack,1.5638632754412933,0.6394420891543849,1.0
1616,hbm2_8hi_1stack,1.0,1.0,1.0
1616,hbm2_12hi_1stack,0.7025678183658198,1.4233501362559,1.0
1616,hbm2_8hi_2stack,0.9750299952050727,2.0512189469405513,2.0
1616,hbm2_8hi_no_pim,0.5047967738159418,1.1165247431763847,0.563618088241112
1617,hbm2_4hi_1stack,1.541007011005951,0.6489263143243014,1.0
1617,hbm2_8hi_1stack,1.0,1.0,1.0
1617,hbm2_12hi_1stack,0.707449571016099,1.4135283149069062,1.0
1617,hbm2_8hi_2stack,0.9459364804709303,2.114306870799939,2.0
1617,hbm2_8hi_no_pim,0.878169881140789,0.9498275202690992,0.8341099205789652
1618,hbm2_4hi_1stack,1.5942854196835388,0.6272402592745892,1.0
1618,hbm2_8hi_1stack,1.0,1.0,1.0
1618,hbm2_12hi_1stack,0.6885304512569113,1.4523685890355345,1.0
1618,hbm2_8hi_2stack,0.9998654712140257,2.000269093772807,2.0
1618,hbm2_8hi_no_pim,0.4706318424453564,1.102274376797251,0.5187654208323972
1619,hbm2_4hi_1stack,1.4528462422534762,0.6883040826460225,1.0
1619,hbm2_8hi_1stack,1.0,1.0,1.0
1619,hbm2_12hi_1stack,0.7563477553599902,1.322143145019372,1.0
1619,hbm2_8hi_2stack,1.1668441279683919,1.7140249944799628,2.0
1619,hbm2_8hi_no_pim,0.3433778005362801,1.23214859279183,0.42309247372673126
1620,hbm2_4hi_1stack,1.5866522556622373,0.630257825198515,1.0
1620,hbm2_8hi_1stack,1.0,1.0,1.0
1620,hbm2_12hi_1stack,0.6910076784062773,1.4471619220011778,1.0
1620,hbm2_8hi_2stack,0.9742694303796045,2.0528202339477493,2.0
1620,hbm2_8hi_no_pim,0.6786536003158681,1.0283030351336857,0.6978615570092104
1621,hbm2_4hi_1stack,1.6131101547504278,0.6199204667177332,1.0
1621,hbm2_8hi_1stack,1.0,1.0,1.0
1621,hbm2_12hi_1stack,0.6788245938588321,1.473134605090574,1.0
1621,hbm2_8hi_2stack,0.9658116711269816,2.070797092010961,2.0
1621,hbm2_8hi_no_pim,0.6267824639595883,1.018155958294061,0.6381623002346872
1622,hbm2_4hi_1stack,1.4378551223453215,0.6954803613098898,1.0
1622,hbm2_8hi_1stack,1.0,1.0,1.0
1622,hbm2_12hi_1stack,0.7609036620731003,1.3142268198256215,1.0
1622,hbm2_8hi_2stack,1.144859810329858,1.746938779712914,2.0
1622,hbm2_8hi_no_pim,0.34859313840017636,1.2173983061427047,0.4243766962213441
1623,hbm2_4hi_1stack,1.5905524514880114,0.6287123691296498,1.0
1623,hbm2_8hi_1stack,1.0,1.0,1.0
1623,hbm2_12hi_1stack,0.6902841370956078,1.4486788066831893,1.0
1623,hbm2_8hi_2stack,0.9548444472369295,2.094582008396737,2.0
1623,hbm2_8hi_no_pim,0.3927331790275889,1.113382901592369,0.43726240641733227
1624,hbm2_4hi_1stack,1.5585012156003741,0.6416421046003321,1.0
1624,hbm2_8hi_1stack,1.0,1.0,1.0
1624,hbm2_12hi_1stack,0.7046581788061519,1.4191277843311534,1.0
1624,hbm2_8hi_2stack,1.0235475354272467,1.953988389181324,2.0
1624,hbm2_8hi_no_pim,0.3481128492733295,1.1619560440780912,0.4044918292343908
1625,hbm2_4hi_1stack,1.472855971700934,0.6789530132027409,1.0
1625,hbm2_8hi_1stack,1.0,1.0,1.0
1625,hbm2_12hi_1stack,0.7441377052412695,1.3438372937651009,1.0
1625,hbm2_8hi_2stack,1.1565514461628212,1.7292788890935655,2.0
1625,hbm2_8hi_no_pim,0.4822688613583726,1.1395797417475864,0.5495838244796768
1626,hbm2_4hi_1stack,1.3919366514109832,0.718423499364225,1.0
1626,hbm2_8hi_1stack,1.0,1.0,1.0
1626,hbm2_12hi_1stack,0.783368814265712,1.2765379241415762,1.0
1626,hbm2_8hi_2stack,1.166801058948186,1.7140882626579905,2.0
1626,hbm2_8hi_no_pim,0.37311760119013665,1.1276564156939413,0.4207484567903909
1627,hbm2_4hi_1stack,1.764927303698504,0.5665955747324233,1.0
1627,hbm2_8hi_1stack,1.0,1.0,1.0
1627,hbm2_12hi_1stack,0.6219368073643515,1.6078803958199668,1.0
1627,hbm2_8hi_2stack,0.7790991799446,2.5670672636854985,2.0
1627,hbm2_8hi_no_pim,0.6302603967129115,1.0618334606818611,0.6692315781723934
1628,hbm2_4hi_1stack,1.6269049233443136,0.6146640689637662,1.0
1628,hbm2_8hi_1stack,1.0,1.0,1.0
1628,hbm2_12hi_1stack,0.6690643725988383,1.4946244949730512,1.0
1628,hbm2_8hi_2stack,0.8365081158754958,2.3908913279422097,2.0
1628,hbm2_8hi_no_pim,0.5782462275699419,1.073086402248249,0.6205081639566512
1629,hbm2_4hi_1stack,1.5553777906797206,0.6429306153092149,1.0
1629,hbm2_8hi_1stack,1.0,1.0,1.0
1629,hbm2_12hi_1stack,0.7004056560283171,1.4277440386054943,1.0
1629,hbm2_8hi_2stack,0.9873815050772262,2.0255595124232895,2.0
1629,hbm2_8hi_no_pim,0.5082155846751755,1.0891928479154949,0.5535447800273927
1630,hbm2_4hi_1stack,1.6520459785903872,0.6053100294782672,1.0
1630,hbm2_8hi_1stack,1.0,1.0,1.0
1630,hbm2_12hi_1stack,0.6615451342820556,1.5116126597851163,1.0
1630,hbm2_8hi_2stack,0.8578873946807378,2.331308295705054,2.0
1630,hbm2_8hi_no_pim,0.9395285164882129,0.932812019013361,0.8764034923859977
1631,hbm2_4hi_1stack,1.689728349593368,0.5918111039805004,1.0
1631,hbm2_8hi_1stack,1.0,1.0,1.0
1631,hbm2_12hi_1stack,0.647021579129429,1.5455435062081009,1.0
1631,hbm2_8hi_2stack,0.8315074809404014,2.405270001585651,2.0
1631,hbm2_8hi_no_pim,0.6791675609656102,1.0356515296758593,0.7033809234202566
1632,hbm2_4hi_1stack,1.5630042113600502,0.6397935416500565,1.0
1632,hbm2_8hi_1stack,1.0,1.0,1.0
1632,hbm2_12hi_1stack,0.6998868583386301,1.4288023672479997,1.0
1632,hbm2_8hi_2stack,1.0201183574612909,1.9605568171298118,2.0
1632,hbm2_8hi_no_pim,0.4946798869429107,1.0991954004197129,0.543749856407791
1633,hbm2_4hi_1stack,1.6785956501012427,0.5957360844701856,1.0
1633,hbm2_8hi_1stack,1.0,1.0,1.0
1633,hbm2_12hi_1stack,0.6521738871627671,1.5333333941817633,1.0
1633,hbm2_8hi_2stack,0.8936654999659758,2.237973828100274,2.0
1633,hbm2_8hi_no_pim,0.6419551383308738,1.0224372029000808,0.656358816022353
1634,hbm2_4hi_1stack,1.513019131648871,0.6609301753575392,1.0
1634,hbm2_8hi_1stack,1.0,1.0,1.0
1634,hbm2_12hi_1stack,0.7236666206871147,1.3818517690514858,1.0
1634,hbm2_8hi_2stack,0.9899866747862409,2.020229212107165,2.0
1634,hbm2_8hi_no_pim,0.5362136812080994,1.127841839903206,0.604764224795014
1635,hbm2_4hi_1stack,1.635555366747151,0.6114131140597426,1.0
1635,hbm2_8hi_1stack,1.0,1.0,1.0
1635,hbm2_12hi_1stack,0.6663801014956339,1.5006450489076495,1.0
1635,hbm2_8hi_2stack,0.9202497010996702,2.173323172623758,2.0
1635,hbm2_8hi_no_pim,0.9504083297482019,0.9881221170174574,0.939119490821819
1636,hbm2_4hi_1stack,1.4753588757618015,0.6778011888691489,1.0
1636,hbm2_8hi_1stack,1.0,1.0,1.0
1636,hbm2_12hi_1stack,0.738707601320082,1.353715594929556,1.0
1636,hbm2_8hi_2stack,1.0136595164707558,1.9730491032761888,2.0
1636,hbm2_8hi_no_pim,0.923368654254198,0.9732643380713185,0.8986817820785162
1637,hbm2_4hi_1stack,1.7618391785693797,0.5675886949068779,1.0
1637,hbm2_8hi_1stack,1.0,1.0,1.0
1637,hbm2_12hi_1stack,0.6236855057068735,1.6033721977659536,1.0
1637,hbm2_8hi_2stack,0.8006051434266847,2.498110356173536,2.0
1637,hbm2_8hi_no_pim,0.7141941153793792,1.0025441590130562,0.7160111387750933
1638,hbm2_4hi_1stack,1.6856434478593993,0.5932452686064192,1.0
1638,hbm2_8hi_1stack,1.0,1.0,1.0
1638,hbm2_12hi_1stack,0.6493812797267621,1.5399273604264763,1.0
1638,hbm2_8hi_2stack,0.8289696651697148,2.412633518490137,2.0
1638,hbm2_8hi_no_pim,0.4551971418821922,1.07750166725624,0.49047567930833735
1639,hbm2_4hi_1stack,1.5527768974959373,0.6440075207279521,1.0
1639,hbm2_8hi_1stack,1.0,1.0,1.0
1639,hbm2_12hi_1stack,0.704086832693464,1.4202793655074173,1.0
1639,hbm2_8hi_2stack,1.0355431689006145,1.93135357372238,2.0
1639,hbm2_8hi_no_pim,0.422988955188699,1.1800255055214137,0.49913775567651913
1640,hbm2_4hi_1stack,1.748752167928593,0.5718363175409273,1.0
1640,hbm2_8hi_1stack,1.0,1.0,1.0
1640,hbm2_12hi_1stack,0.625843040035767,1.5978447246818468,1.0
1640,hbm2_8hi_2stack,0.7517575528387241,2.660432199780058,2.0
1640,hbm2_8hi_no_pim,0.9419186617509546,0.9410157644264605,0.8863603095151232
1641,hbm2_4hi_1stack,1.5344205621883993,0.6517118087715107,1.0
1641,hbm2_8hi_1stack,1.0,1.0,1.0
1641,hbm2_12hi_1stack,0.7140444212338936,1.4004730941976484,1.0
1641,hbm2_8hi_2stack,1.0416274567701391,1.9200722744017964,2.0
1641,hbm2_8hi_no_pim,1.0484443842709994,0.9369388385489492,0.9823282636820383
1642,hbm2_4hi_1stack,1.4907363698047942,0.6708094202672106,1.0
1642,hbm2_8hi_1stack,1.0,1.0,1.0
1642,hbm2_12hi_1stack,0.7361167579393754,1.3584801449152137,1.0
1642,hbm2_8hi_2stack,1.118500000543146,1.7881090737852443,2.0
1642,hbm2_8hi_no_pim,0.6740870956694789,1.0513580854583764,0.7087069183352608
1643,hbm2_4hi_1stack,1.4574569806264122,0.6861265981039124,1.0
1643,hbm2_8hi_1stack,1.0,1.0,1.0
1643,hbm2_12hi_1stack,0.7514643140028485,1.33073518112027,1.0
1643,hbm2_8hi_2stack,1.1331763529000478,1.7649503494152163,2.0
1643,hbm2_8hi_no_pim,0.8870977073557159,0.9972542542857976,0.8846619626276652
1644,hbm2_4hi_1stack,1.7163404205622643,0.5826349994556471,1.0
1644,hbm2_8hi_1stack,1.0,1.0,1.0
1644,hbm2_12hi_1stack,0.6403819517745128,1.5615680567339185,1.0
1644,hbm2_8hi_2stack,0.8221679117615792,2.4325931131449714,2.0
1644,hbm2_8hi_no_pim,0.4462028613179706,1.1173981147098444,0.4985862360148385
1645,hbm2_4hi_1stack,1.6059904538493035,0.6226687074030604,1.0
1645,hbm2_8hi_1stack,1.0,1.0,1.0
1645,hbm2_12hi_1stack,0.683146089936555,1.4638157412170385,1.0
1645,hbm2_8hi_2stack,0.9785923981115514,2.0437518254377616,2.0
1645,hbm2_8hi_no_pim,0.38475773619083614,1.1592085903276874,0.4460144729874514
1646,hbm2_4hi_1stack,1.4183790078684302,0.7050301749056629,1.0
1646,hbm2_8hi_1stack,1.0,1.0,1.0
1646,hbm2_12hi_1stack,0.7729579649886957,1.2937314126967108,1.0
1646,hbm2_8hi_2stack,1.168853104118509,1.7110789995363025,2.0
1646,hbm2_8hi_no_pim,0.6427163908286971,1.0749508832656867,0.6908885520106423
1647,hbm2_4hi_1stack,1.7124757982160235,0.5839498584690965,1.0
1647,hbm2_8hi_1stack,1.0,1.0,1.0
1647,hbm2_12hi_1stack,0.6389687505614214,1.565021762208814,1.0
1647,hbm2_8hi_2stack,0.820069413453143,2.4388179429573076,2.0
1647,hbm2_8hi_no_pim,0.3772790347723324,1.176277526634743,0.4437848498731423
1648,hbm2_4hi_1stack,1.4344650335770177,0.6971239985588042,1.0
1648,hbm2_8hi_1stack,1.0,1.0,1.0
1648,hbm2_12hi_1stack,0.765221673716241,1.3068108684684479,1.0
1648,hbm2_8hi_2stack,1.1450218506913659,1.7466915577134159,2.0
1648,hbm2_8hi_no_pim,0.9082315200838476,0.950452828580868,0.8632312172699943
1649,hbm2_4hi_1stack,1.3946742230505211,0.7170133235937606,1.0
1649,hbm2_8hi_1stack,1.0,1.0,1.0
1649,hbm2_12hi_1stack,0.7820915569239845,1.2786226767784876,1.0
1649,hbm2_8hi_2stack,1.166849794023223,1.7140166714210308,2.0
1649,hbm2_8hi_no_pim,0.5478577526888597,1.0436119214421729,0.5717508819606116
1650,hbm2_4hi_1stack,1.4219150196468548,0.70327690908586,1.0
1650,hbm2_8hi_1stack,1.0,1.0,1.0
1650,hbm2_12hi_1stack,0.7677744080428256,1.3024659190570742,1.0
1650,hbm2_8hi_2stack,1.1995612776517237,1.667276226117623,2.0
1650,hbm2_8hi_no_pim,0.433904678555055,1.1346123564752755,0.49231360982099787
1651,hbm2_4hi_1stack,1.6282436626201757,0.6141586931717555,1.0
1651,hbm2_8hi_1stack,1.0,1.0,1.0
1651,hbm2_12hi_1stack,0.6717170930736103,1.4887219788084427,1.0
1651,hbm2_8hi_2stack,0.8670188549988562,2.3067549090413246,2.0
1651,hbm2_8hi_no_pim,0.762549933558853,0.9964206473818303,0.7598204984576841
1652,hbm2_4hi_1stack,1.5975939270465487,0.6259412877518176,1.0
1652,hbm2_8hi_1stack,1.0,1.0,1.0
1652,hbm2_12hi_1stack,0.6868264498976817,1.4559718836526645,1.0
1652,hbm2_8hi_2stack,0.9567268134013348,2.0904609048111054,2.0
1652,hbm2_8hi_no_pim,0.8246956893548415,0.9947586542852647,0.8203731741374808
1653,hbm2_4hi_1stack,1.6505717710204,0.6058506619083822,1.0
1653,hbm2_8hi_1stack,1.0,1.0,1.0
1653,hbm2_12hi_1stack,0.6596794709974887,1.5158877060217126,1.0
1653,hbm2_8hi_2stack,0.867978861106577,2.3042035810068247,2.0
1653,hbm2_8hi_no_pim,0.43420660889863955,1.1513035349293717,0.4999036037146989
1654,hbm2_4hi_1stack,1.6330291003481454,0.6123589590576249,1.0
1654,hbm2_8hi_1stack,1.0,1.0,1.0
1654,hbm2_12hi_1stack,0.6693454979730267,1.4939967520933384,1.0
1654,hbm2_8hi_2stack,0.896121817468704,2.23183942295864,2.0
1654,hbm2_8hi_no_pim,0.5188729645888881,1.0640804963827586,0.5521226017193376
1655,hbm2_4hi_1stack,1.4750072479480691,0.6779627702786768,1.0
1655,hbm2_8hi_1stack,1.0,1.0,1.0
1655,hbm2_12hi_1stack,0.7411703522220108,1.3492174869138036,1.0
1655,hbm2_8hi_2stack,1.1084411346332859,1.8043357806832705,2.0
1655,hbm2_8hi_no_pim,0.5299374553815169,1.0536425089116854,0.5583646300544558
1656,hbm2_4hi_1stack,1.504981305169425,0.664460081042285,1.0
1656,hbm2_8hi_1stack,1.0,1.0,1.0
1656,hbm2_12hi_1stack,0.7232619745910052,1.382624878855945,1.0
1656,hbm2_8hi_2stack,1.0559289264554095,1.894066873149968,2.0
1656,hbm2_8hi_no_pim,0.45568612444100426,1.1046458555124086,0.503371788778267
1657,hbm2_4hi_1stack,1.7618871978194246,0.5675732255944854,1.0
1657,hbm2_8hi_1stack,1.0,1.0,1.0
1657,hbm2_12hi_1stack,0.6215676554030974,1.6088353235682489,1.0
1657,hbm2_8hi_2stack,0.7398564809996306,2.7032269789645844,2.0
1657,hbm2_8hi_no_pim,1.0749287733916604,0.9066693813231137,0.9746050059374302
1658,hbm2_4hi_1stack,1.5785915330890796,0.6334760950118248,1.0
1658,hbm2_8hi_1stack,1.0,1.0,1.0
1658,hbm2_12hi_1stack,0.6948060818483893,1.4392504989877244,1.0
1658,hbm2_8hi_2stack,0.9600701171857153,2.08318118041489,2.0
1658,hbm2_8hi_no_pim,0.9629634234570957,0.9301129484176897,0.8956647490100715
1659,hbm2_4hi_1stack,1.7338412097068865,0.5767540847463503,1.0
1659,hbm2_8hi_1stack,1.0,1.0,1.0
1659,hbm2_12hi_1stack,0.6332327163091402,1.5791982540456837,1.0
1659,hbm2_8hi_2stack,0.7929173198349625,2.522331080390928,2.0
1659,hbm2_8hi_no_pim,0.3493195214179683,1.1700686611867395,0.4087278247519147
1660,hbm2_4hi_1stack,1.5908237722990923,0.62860513993626,1.0
1660,hbm2_8hi_1stack,1.0,1.0,1.0
1660,hbm2_12hi_1stack,0.6899222051826146,1.4494387809061913,1.0
1660,hbm2_8hi_2stack,0.9800811183005989,2.040647414438387,2.0
1660,hbm2_8hi_no_pim,0.6769106020775844,0.9984364487878061,0.675852217685159
1661,hbm2_4hi_1stack,1.7987923411584112,0.555928540009241,1.0
1661,hbm2_8hi_1stack,1.0,1.0,1.0
1661,hbm2_12hi_1stack,0.6100101847276893,1.6393168918096073,1.0
1661,hbm2_8hi_2stack,0.7158159147349946,2.7940144369945012,2.0
1661,hbm2_8hi_no_pim,0.5296828430466631,1.0762498235120466,0.5700710663463303
1662,hbm2_4hi_1stack,1.4379480307474461,0.6954354250759671,1.0
1662,hbm2_8hi_1stack,1.0,1.0,1.0
1662,hbm2_12hi_1stack,0.7609559761209264,1.3141364696255258,1.0
1662,hbm2_8hi_2stack,1.142965209289697,1.7498345389208416,2.0
1662,hbm2_8hi_no_pim,0.7033467307048634,1.070078621920301,0.7526363003248092
1663,hbm2_4hi_1stack,1.4756484228234439,0.6776681928657788,1.0
1663,hbm2_8hi_1stack,1.0,1.0,1.0
1663,hbm2_12hi_1stack,0.7381861203855699,1.3546719077807632,1.0
1663,hbm2_8hi_2stack,0.9990144183171543,2.001973108024819,2.0
1663,hbm2_8hi_no_pim,0.46012389525706093,1.0770243732094924,0.4955646498879462
1664,hbm2_4hi_1stack,1.6930872559422234,0.590637013237388,1.0
1664,hbm2_8hi_1stack,1.0,1.0,1.0
1664,hbm2_12hi_1stack,0.6447829151852011,1.5509095797191987,1.0
1664,hbm2_8hi_2stack,0.8530836145269248,2.344436073958699,2.0
1664,hbm2_8hi_no_pim,0.7891803540839892,1.0077657986842183,0.7953089698393456
1665,hbm2_4hi_1stack,1.5906680885571913,0.6286666635193805,1.0
1665,hbm2_8hi_1stack,1.0,1.0,1.0
1665,hbm2_12hi_1stack,0.6883392607790823,1.4527719933745622,1.0
1665,hbm2_8hi_2stack,0.9001825844949746,2.221771487749956,2.0
1665,hbm2_8hi_no_pim,0.8423976769522682,0.9679579654029726,0.8154055414429081
1666,hbm2_4hi_1stack,1.518014450670955,0.6587552572757163,1.0
1666,hbm2_8hi_1stack,1.0,1.0,1.0
1666,hbm2_12hi_1stack,0.7237599400363008,1.381673597394523,1.0
1666,hbm2_8hi_2stack,1.08579561255222,1.841967288207119,2.0
1666,hbm2_8hi_no_pim,1.007784825748505,0.9730752104777046,0.9806504314314634
1667,hbm2_4hi_1stack,1.3943013393165402,0.7172050774118749,1.0
1667,hbm2_8hi_1stack,1.0,1.0,1.0
1667,hbm2_12hi_1stack,0.7816656692240492,1.2793193296984486,1.0
1667,hbm2_8hi_2stack,1.2508081976951915,1.5989661753778963,2.0
1667,hbm2_8hi_no_pim,0.43859032532989417,1.1080257108800118,0.48596935700875166
1668,hbm2_4hi_1stack,1.5698877816128027,0.636988204961162,1.0
1668,hbm2_8hi_1stack,1.0,1.0,1.0
1668,hbm2_12hi_1stack,0.6939396689022411,1.4410474639415305,1.0
1668,hbm2_8hi_2stack,0.9512540859706224,2.1024876838865594,2.0
1668,hbm2_8hi_no_pim,0.41447746751891795,1.104741552533221,0.45789048095688706
1669,hbm2_4hi_1stack,1.608816608116841,0.6215748861335565,1.0
1669,hbm2_8hi_1stack,1.0,1.0,1.0
1669,hbm2_12hi_1stack,0.6820939891597203,1.466073614329767,1.0
1669,hbm2_8hi_2stack,0.9720126637762581,2.0575863613031777,2.0
1669,hbm2_8hi_no_pim,0.4722613121197945,1.119251162240279,0.5285790224711991
1670,hbm2_4hi_1stack,1.7060001605525832,0.5861664161134043,1.0
1670,hbm2_8hi_1stack,1.0,1.0,1.0
1670,hbm2_12hi_1stack,0.643062227369355,1.5550594599387517,1.0
1670,hbm2_8hi_2stack,0.8681941796024246,2.303632121694098,2.0
1670,hbm2_8hi_no_pim,0.885183492581951,0.9625653572251938,0.8520469647469903
1671,hbm2_4hi_1stack,1.7722521715080148,0.5642537873992824,1.0
1671,hbm2_8hi_1stack,1.0,1.0,1.0
1671,hbm2_12hi_1stack,0.6187405817693605,1.616186216750781,1.0
1671,hbm2_8hi_2stack,0.7384017322471751,2.7085526924664816,2.0
1671,hbm2_8hi_no_pim,0.6066813940791544,1.041833717130423,0.6320611319073525
1672,hbm2_4hi_1stack,1.5720362060820292,0.6361176645494002,1.0
1672,hbm2_8hi_1stack,1.0,1.0,1.0
1672,hbm2_12hi_1stack,0.6935242178878455,1.4419107137246603,1.0
1672,hbm2_8hi_2stack,0.9083859748927345,2.2017072646197198,2.0
1672,hbm2_8hi_no_pim,0.9533570420102465,1.001297140560462,0.9545936800980401
1673,hbm2_4hi_1stack,1.3996423621601184,0.714468229195824,1.0
1673,hbm2_8hi_1stack,1.0,1.0,1.0
1673,hbm2_12hi_1stack,0.7801154909483645,1.2818614828226627,1.0
1673,hbm2_8hi_2stack,1.2369031450440418,1.616941478412028,2.0
1673,hbm2_8hi_no_pim,0.4456517031489953,1.1375908212533972,0.5069692869782407
1674,hbm2_4hi_1stack,1.6039535498306317,0.6234594512450777,1.0
1674,hbm2_8hi_1stack,1.0,1.0,1.0
1674,hbm2_12hi_1stack,0.6827599943021888,1.4646435179935295,1.0
1674,hbm2_8hi_2stack,0.8770774065988439,2.2803004443537747,2.0
1674,hbm2_8hi_no_pim,0.8297158104316451,0.9646609138013233,0.8003944118863964
1675,hbm2_4hi_1stack,1.5573568616123055,0.6421135865833068,1.0
1675,hbm2_8hi_1stack,1.0,1.0,1.0
1675,hbm2_12hi_1stack,0.7029298190524078,1.42261712747947,1.0
1675,hbm2_8hi_2stack,1.0192400175772878,1.9622463458155401,2.0
1675,hbm2_8hi_no_pim,0.653371480765936,1.029235565112909,0.6724731652347863
1676,hbm2_4hi_1stack,1.607297397084043,0.622162396215037,1.0
1676,hbm2_8hi_1stack,1.0,1.0,1.0
1676,hbm2_12hi_1stack,0.6791248435611423,1.4724833136073734,1.0
1676,hbm2_8hi_2stack,0.8584111842181076,2.3298857665999773,2.0
1676,hbm2_8hi_no_pim,0.6169800742355019,1.0578260806443625,0.6526576137642088
1677,hbm2_4hi_1stack,1.4389533778991752,0.694949548302925,1.0
1677,hbm2_8hi_1stack,1.0,1.0,1.0
1677,hbm2_12hi_1stack,0.757810767871461,1.3195906450482358,1.0
1677,hbm2_8hi_2stack,1.1684891471165304,1.7116119605692368,2.0
1677,hbm2_8hi_no_pim,0.7539545880913562,1.042150344593498,0.7857340337872557
1678,hbm2_4hi_1stack,1.457344548697976,0.6861795317335371,1.0
1678,hbm2_8hi_1stack,1.0,1.0,1.0
1678,hbm2_12hi_1stack,0.7508214728240886,1.3318745350191814,1.0
1678,hbm2_8hi_2stack,1.1536704450511408,1.7335973271910787,2.0
1678,hbm2_8hi_no_pim,0.5436550260247361,1.1130672638889672,0.6051246123168383
1679,hbm2_4hi_1stack,1.4838581239515136,0.6739188766490697,1.0
1679,hbm2_8hi_1stack,1.0,1.0,1.0
1679,hbm2_12hi_1stack,0.7388427686321599,1.3534679399398166,1.0
1679,hbm2_8hi_2stack,1.0622482192826244,1.8827991082448452,2.0
1679,hbm2_8hi_no_pim,0.5878523726227727,1.021324167415346,0.600387835032089
1680,hbm2_4hi_1stack,1.567621548083181,0.63790906754424,1.0
1680,hbm2_8hi_1stack,1.0,1.0,1.0
1680,hbm2_12hi_1stack,0.6982518664901601,1.4321479798208203,1.0
1680,hbm2_8hi_2stack,0.9860000622477061,2.028397437867051,2.0
1680,hbm2_8hi_no_pim,1.087882715414621,0.9048524127390197,0.9843732998199961
1681,hbm2_4hi_1stack,1.609890163759084,0.621160388771496,1.0
1681,hbm2_8hi_1stack,1.0,1.0,1.0
1681,hbm2_12hi_1stack,0.6785943048879756,1.4736345306715817,1.0
1681,hbm2_8hi_2stack,0.9214315430103492,2.1705356357412398,2.0
1681,hbm2_8hi_no_pim,0.6882001231240122,1.0383539180344763,0.7145952942376271
1682,hbm2_4hi_1stack,1.7050764627972717,0.5864839623435099,1.0
1682,hbm2_8hi_1stack,1.0,1.0,1.0
1682,hbm2_12hi_1stack,0.6419603116306722,1.5577286973704887,1.0
1682,hbm2_8hi_2stack,0.7989011219249539,2.5034387173984634,2.0
1682,hbm2_8hi_no_pim,0.3628126216063467,1.1376488558274143,0.4127533638502049
1683,hbm2_4hi_1stack,1.8242392821626887,0.5481737016508442,1.0
1683,hbm2_8hi_1stack,1.0,1.0,1.0
1683,hbm2_12hi_1stack,0.6006594650197252,1.6648368305778063,1.0
1683,hbm2_8hi_2stack,0.7589025407062805,2.6353845095032615,2.0
1683,hbm2_8hi_no_pim,0.6072698502659692,1.0943285113650736,0.6645527112384493
1684,hbm2_4hi_1stack,1.7797312692462335,0.561882581533519,1.0
1684,hbm2_8hi_1stack,1.0,1.0,1.0
1684,hbm2_12hi_1stack,0.617144487253684,1.620366090362465,1.0
1684,hbm2_8hi_2stack,0.8017568099957826,2.4945219985228695,2.0
1684,hbm2_8hi_no_pim,0.44131399355657175,1.08462670228971,0.47866094150556676
1685,hbm2_4hi_1stack,1.430808713547205,0.6989054445446025,1.0
1685,hbm2_8hi_1stack,1.0,1.0,1.0
1685,hbm2_12hi_1stack,0.7659998250552437,1.3054833268765829,1.0
1685,hbm2_8hi_2stack,1.1629320599567374,1.719790922329893,2.0
1685,hbm2_8hi_no_pim,0.5933322036271637,1.051910917034087,0.6241326224233054
1686,hbm2_4hi_1stack,1.6518436886153578,0.6053841576488636,1.0
1686,hbm2_8hi_1stack,1.0,1.0,1.0
1686,hbm2_12hi_1stack,0.660967352833318,1.5129340287585715,1.0
1686,hbm2_8hi_2stack,0.8444633051403958,2.368368155046703,2.0
1686,hbm2_8hi_no_pim,0.5293675511537882,1.0563856855232674,0.5592163034193679
1687,hbm2_4hi_1stack,1.505354306701784,0.6642954389860483,1.0
1687,hbm2_8hi_1stack,1.0,1.0,1.0
1687,hbm2_12hi_1stack,0.7255244811165144,1.3783132423885869,1.0
1687,hbm2_8hi_2stack,1.090921447129508,1.8333125682536624,2.0
1687,hbm2_8hi_no_pim,0.4859991997645531,1.0812901839122548,0.5255061640946223
1688,hbm2_4hi_1stack,1.70697795647015,0.5858306466170743,1.0
1688,hbm2_8hi_1stack,1.0,1.0,1.0
1688,hbm2_12hi_1stack,0.6421540401429068,1.557258753331922,1.0
1688,hbm2_8hi_2stack,0.8614926102112377,2.3215521251071447,2.0
1688,hbm2_8hi_no_pim,0.9050697737136902,0.9496745987684708,0.8595217742090194
1689,hbm2_4hi_1stack,1.54725282143901,0.6463067871932902,1.0
1689,hbm2_8hi_1stack,1.0,1.0,1.0
1689,hbm2_12hi_1stack,0.7078648108634681,1.4126991265184936,1.0
1689,hbm2_8hi_2stack,0.992972131142325,2.0141552187362803,2.0
1689,hbm2_8hi_no_pim,0.8926965295311241,0.9597393018386611,0.8567559440059968
1690,hbm2_4hi_1stack,1.5835328861403253,0.6314993573877598,1.0
1690,hbm2_8hi_1stack,1.0,1.0,1.0
1690,hbm2_12hi_1stack,0.6926438739980705,1.4437433687644017,1.0
1690,hbm2_8hi_2stack,0.9753309105249379,2.050586091774298,2.0
1690,hbm2_8hi_no_pim,0.6638384314807817,1.0121103912492622,0.6718777746123105
1691,hbm2_4hi_1stack,1.6736232683908063,0.5975060330999717,1.0
1691,hbm2_8hi_1stack,1.0,1.0,1.0
1691,hbm2_12hi_1stack,0.6540989047309524,1.5288207834736025,1.0
1691,hbm2_8hi_2stack,0.8363517396219422,2.3913383630959673,2.0
1691,hbm2_8hi_no_pim,0.5898118841412728,1.035780801720665,0.6109158262202234
1692,hbm2_4hi_1stack,1.428731199397951,0.6999217210496889,1.0
1692,hbm2_8hi_1stack,1.0,1.0,1.0
1692,hbm2_12hi_1stack,0.7657308134992262,1.3059419607658385,1.0
1692,hbm2_8hi_2stack,1.135365210855609,1.7615477212771071,2.0
1692,hbm2_8hi_no_pim,0.4630600090576322,1.123588458249355,0.5202888816539973
1693,hbm2_4hi_1stack,1.6021356675466607,0.6241668669241308,1.0
1693,hbm2_8hi_1stack,1.0,1.0,1.0
1693,hbm2_12hi_1stack,0.679138762962086,1.4724531340818587,1.0
1693,hbm2_8hi_2stack,0.8519920050803761,2.34743986806698,2.0
1693,hbm2_8hi_no_pim,0.5302125243367772,1.0864569968096973,0.5760531068618235
1694,hbm2_4hi_1stack,1.7572660154479358,0.5690658051820885,1.0
1694,hbm2_8hi_1stack,1.0,1.0,1.0
1694,hbm2_12hi_1stack,0.6241850146007125,1.6020890867424846,1.0
1694,hbm2_8hi_2stack,0.7701630443907638,2.5968527243242328,2.0
1694,hbm2_8hi_no_pim,0.39763840399708783,1.1089649860543525,0.44096706714330547
1695,hbm2_4hi_1stack,1.710236216956795,0.5847145500049147,1.0
1695,hbm2_8hi_1stack,1.0,1.0,1.0
1695,hbm2_12hi_1stack,0.6397396460103492,1.5631358885389806,1.0
1695,hbm2_8hi_2stack,0.795654911481004,2.5136525535640453,2.0
1695,hbm2_8hi_no_pim,0.60742036099475,1.0439552256817661,0.6341196600459742
1696,hbm2_4hi_1stack,1.6289759670223647,0.6138825987886847,1.0
1696,hbm2_8hi_1stack,1.0,1.0,1.0
1696,hbm2_12hi_1stack,0.6710900975177367,1.4901128830522943,1.0
1696,hbm2_8hi_2stack,0.8796037880979181,2.2737510081952474,2.0
1696,hbm2_8hi_no_pim,0.3317233277401556,1.2091216243254452,0.401093848863819
1697,hbm2_4hi_1stack,1.4864515189140755,0.6727430980934704,1.0
1697,hbm2_8hi_1stack,1.0,1.0,1.0
1697,hbm2_12hi_1stack,0.7395722904073523,1.3521328651310145,1.0
1697,hbm2_8hi_2stack,1.1073433389499687,1.8061245592505095,2.0
1697,hbm2_8hi_no_pim,0.9403158541886052,0.9457648737119163,0.8893177050859989
1698,hbm2_4hi_1stack,1.4324177958837738,0.6981203409184257,1.0
1698,hbm2_8hi_1stack,1.0,1.0,1.0
1698,hbm2_12hi_1stack,0.7646607494724154,1.3077694921440117,1.0
1698,hbm2_8hi_2stack,1.2018536225329597,1.6640961615482852,2.0
1698,hbm2_8hi_no_pim,0.4169191587346831,1.1527914131344545,0.4806208261605833
1699,hbm2_4hi_1stack,1.8100807020051732,0.5524615553838118,1.0
1699,hbm2_8hi_1stack,1.0,1.0,1.0
1699,hbm2_12hi_1stack,0.6058779603479513,1.650497402852725,1.0
1699,hbm2_8hi_2stack,0.7302393126357636,2.7388281696052443,2.0
1699,hbm2_8hi_no_pim,0.4799724484612391,1.0833396411057539,0.5199731800566487
1700,hbm2_4hi_1stack,1.4477750890946117,0.6907150202628264,1.0
1700,hbm2_8hi_1stack,1.0,1.0,1.0
1700,hbm2_12hi_1stack,0.7556794707324345,1.3233123814131942,1.0
1700,hbm2_8hi_2stack,1.0913352598168038,1.83261741248581,2.0
1700,hbm2_8hi_no_pim,0.6019841986757747,1.0962171061926425,0.6599053762460545
1701,hbm2_4hi_1stack,1.5782437566684266,0.6336156856472774,1.0
1701,hbm2_8hi_1stack,1.0,1.0,1.0
1701,hbm2_12hi_1stack,0.6905867972880227,1.4480439011099866,1.0
1701,hbm2_8hi_2stack,0.9905658365043488,2.0190480292131694,2.0
1701,hbm2_8hi_no_pim,0.3736558899457856,1.183538342499204,0.4422360726515001
1702,hbm2_4hi_1stack,1.627757697895043,0.6143420493683818,1.0
1702,hbm2_8hi_1stack,1.0,1.0,1.0
1702,hbm2_12hi_1stack,0.6737347694624858,1.484263608360027,1.0
1702,hbm2_8hi_2stack,0.936819654618411,2.1348826213671273,2.0
1702,hbm2_8hi_no_pim,0.4671396910344817,1.0963818533114968,0.5121634802117451
1703,hbm2_4hi_1stack,1.5276937214383635,0.6545814687635647,1.0
1703,hbm2_8hi_1stack,1.0,1.0,1.0
1703,hbm2_12hi_1stack,0.7181419405083717,1.3924823820930183,1.0
1703,hbm2_8hi_2stack,1.0753753747731405,1.8598156949817795,2.0
1703,hbm2_8hi_no_pim,0.9915067048806481,0.9782489617259555,0.9699404045938174
1704,hbm2_4hi_1stack,1.5494229740955616,0.6454015570433412,1.0
1704,hbm2_8hi_1stack,1.0,1.0,1.0
1704,hbm2_12hi_1stack,0.7054397224153569,1.4175555589301059,1.0
1704,hbm2_8hi_2stack,1.048175037501297,1.9080782583486446,2.0
1704,hbm2_8hi_no_pim,0.7276071385443007,1.0241304227038026,0.745164606359679
1705,hbm2_4hi_1stack,1.535439974181712,0.6512791231275152,1.0
1705,hbm2_8hi_1stack,1.0,1.0,1.0
1705,hbm2_12hi_1stack,0.7117961220650976,1.4048966677406887,1.0
1705,hbm2_8hi_2stack,1.0229872027328277,1.9550586699981793,2.0
1705,hbm2_8hi_no_pim,0.44603135148893397,1.078888346214572,0.4812180271677464
1706,hbm2_4hi_1stack,1.7520358934609188,0.57076456237699,1.0
1706,hbm2_8hi_1stack,1.0,1.0,1.0
1706,hbm2_12hi_1stack,0.6260695475421083,1.5972666358328853,1.0
1706,hbm2_8hi_2stack,0.7654489108107729,2.612845836937145,2.0
1706,hbm2_8hi_no_pim,0.4803182937516687,1.0792183980865002,0.5183683395543169
1707,hbm2_4hi_1stack,1.6273495313840844,0.6144961366409621,1.0
1707,hbm2_8hi_1stack,1.0,1.0,1.0
1707,hbm2_12hi_1stack,0.6731620740737277,1.4855263516976975,1.0
1707,hbm2_8hi_2stack,0.9072105964122489,2.2045597878920415,2.0
1707,hbm2_8hi_no_pim,0.42570044100302235,1.138233882157304,0.48454666559894644
1708,hbm2_4hi_1stack,1.7321854527696587,0.577305390944752,1.0
1708,hbm2_8hi_1stack,1.0,1.0,1.0
1708,hbm2_12hi_1stack,0.6317875460113939,1.5828105607861502,1.0
1708,hbm2_8hi_2stack,0.7945082569213878,2.5172803209745482,2.0
1708,hbm2_8hi_no_pim,0.5265272617043852,1.065724719047421,0.5611331180507139
1709,hbm2_4hi_1stack,1.5661273723999714,0.6385176695223556,1.0
1709,hbm2_8hi_1stack,1.0,1.0,1.0
1709,hbm2_12hi_1stack,0.6962045084817482,1.4363595578844432,1.0
1709,hbm2_8hi_2stack,0.9703175323865652,2.06118093638982,2.0
1709,hbm2_8hi_no_pim,0.6277589006412766,1.0309285308657188,0.64717456117599
1710,hbm2_4hi_1stack,1.7907980624649713,0.558410253484156,1.0
1710,hbm2_8hi_1stack,1.0,1.0,1.0
1710,hbm2_12hi_1stack,0.6110227024688939,1.636600401195254,1.0
1710,hbm2_8hi_2stack,0.7815014419266701,2.5591763401860286,2.0
1710,hbm2_8hi_no_pim,0.38530643163655925,1.191399306647701,0.45905381549869656
1711,hbm2_4hi_1stack,1.3917789115856118,0.7185049232142267,1.0
1711,hbm2_8hi_1stack,1.0,1.0,1.0
1711,hbm2_12hi_1stack,0.7852619631231372,1.2734603825999777,1.0
1711,hbm2_8hi_2stack,1.2854139255480181,1.5559190391899078,2.0
1711,hbm2_8hi_no_pim,0.7253302471404923,1.0108079245452697,0.7331695617219885
1712,hbm2_4hi_1stack,1.6719030889244124,0.5981207921825967,1.0
1712,hbm2_8hi_1stack,1.0,1.0,1.0
1712,hbm2_12hi_1stack,0.6568197638129142,1.522487682457795,1.0
1712,hbm2_8hi_2stack,0.8934308303262185,2.238561657056025,2.0
1712,hbm2_8hi_no_pim,0.47171300023652835,1.0749243773199717,0.5070558030529859
1713,hbm2_4hi_1stack,1.502590260370823,0.6655174243930018,1.0
1713,hbm2_8hi_1stack,1.0,1.0,1.0
1713,hbm2_12hi_1stack,0.7313920515786713,1.3672557663725666,1.0
1713,hbm2_8hi_2stack,1.0865510290855913,1.8406866741299208,2.0
1713,hbm2_8hi_no_pim,0.4921407845989232,1.0628312308321877,0.5230625958379921
1714,hbm2_4hi_1stack,1.7126287859476557,0.5838976947048488,1.0
1714,hbm2_8hi_1stack,1.0,1.0,1.0
1714,hbm2_12hi_1stack,0.6398750541341868,1.5628051031823662,1.0
1714,hbm2_8hi_2stack,0.8466892176766317,2.362141808641576,2.0
1714,hbm2_8hi_no_pim,0.7578201694234921,1.0444967759432193,0.7915407237075817
1715,hbm2_4hi_1stack,1.4397730946739045,0.6945538874835627,1.0
1715,hbm2_8hi_1stack,1.0,1.0,1.0
1715,hbm2_12hi_1stack,0.7573403826517892,1.3204102447284674,1.0
1715,hbm2_8hi_2stack,1.1340311087805912,1.7636200493217278,2.0
1715,hbm2_8hi_no_pim,0.3643530665272452,1.1496541668276068,0.41888002112946365
1716,hbm2_4hi_1stack,1.4681777538808483,0.6811164365872527,1.0
1716,hbm2_8hi_1stack,1.0,1.0,1.0
1716,hbm2_12hi_1stack,0.740640298082572,1.3501830815699318,1.0
1716,hbm2_8hi_2stack,1.1102295518577117,1.801429259970124,2.0
1716,hbm2_8hi_no_pim,0.9182825144068814,0.9455443528356555,0.8682768458051532
1717,hbm2_4hi_1stack,1.6523301278075218,0.6052059350433202,1.0
1717,hbm2_8hi_1stack,1.0,1.0,1.0
1717,hbm2_12hi_1stack,0.6632670205644582,1.5076884105423678,1.0
1717,hbm2_8hi_2stack,0.835218804271941,2.394582102043784,2.0
1717,hbm2_8hi_no_pim,0.41622290046138155,1.1558635665991224,0.48109688622752395
1718,hbm2_4hi_1stack,1.572549748640141,0.6359099296316367,1.0
1718,hbm2_8hi_1stack,1.0,1.0,1.0
1718,hbm2_12hi_1stack,0.6959683435170054,1.4368469619560589,1.0
1718,hbm2_8hi_2stack,0.9327202675599123,2.14426561699168,2.0
1718,hbm2_8hi_no_pim,0.5318915793843154,1.0921684380730448,0.5809151954803726
1719,hbm2_4hi_1stack,1.6432290531405702,0.608557886734525,1.0
1719,hbm2_8hi_1stack,1.0,1.0,1.0
1719,hbm2_12hi_1stack,0.6661858931426713,1.501082521100216,1.0
1719,hbm2_8hi_2stack,0.846123773441315,2.363720371389275,2.0
1719,hbm2_8hi_no_pim,0.5135999246544637,1.1286256659064215,0.5796620569726321
1720,hbm2_4hi_1stack,1.5635555959579008,0.6395679198009953,1.0
1720,hbm2_8hi_1stack,1.0,1.0,1.0
1720,hbm2_12hi_1stack,0.7023449541557442,1.4238017858362106,1.0
1720,hbm2_8hi_2stack,1.006124219892046,1.9878261157599346,2.0
1720,hbm2_8hi_no_pim,0.4255370695217581,1.0939703820453024,0.46552495051915616
1721,hbm2_4hi_1stack,1.4420088214750504,0.6934770336405338,1.0
1721,hbm2_8hi_1stack,1.0,1.0,1.0
1721,hbm2_12hi_1stack,0.7586953999255548,1.3180520141523497,1.0
1721,hbm2_8hi_2stack,1.1057390564235106,1.8087450093957587,2.0
1721,hbm2_8hi_no_pim,0.6112910074001445,1.0233585675249173,0.6255698896738755
1722,hbm2_4hi_1stack,1.722863146278808,0.5804291548982798,1.0
1722,hbm2_8hi_1stack,1.0,1.0,1.0
1722,hbm2_12hi_1stack,0.6344631458465683,1.5761356771411734,1.0
1722,hbm2_8hi_2stack,0.7704088900548137,2.596024041022816,2.0
1722,hbm2_8hi_no_pim,0.33777023573095827,1.2140383809684012,0.4100660301261278
1723,hbm2_4hi_1stack,1.667809871293244,0.5995887284349657,1.0
1723,hbm2_8hi_1stack,1.0,1.0,1.0
1723,hbm2_12hi_1stack,0.6547260225497787,1.52735642934365,1.0
1723,hbm2_8hi_2stack,0.8720233505855064,2.293516565418955,2.0
1723,hbm2_8hi_no_pim,0.5718624432013345,1.0657644344837425,0.6094706533809615
1724,hbm2_4hi_1stack,1.5323995949306253,0.6525713027516638,1.0
1724,hbm2_8hi_1stack,1.0,1.0,1.0
1724,hbm2_12hi_1stack,0.7139829071849018,1.400593753627533,1.0
1724,hbm2_8hi_2stack,1.0374159241431153,1.9278670718805089,2.0
1724,hbm2_8hi_no_pim,0.7420248394020175,0.9850354166651999,0.7309207468562943
1725,hbm2_4hi_1stack,1.580699859029706,0.6326311692175631,1.0
1725,hbm2_8hi_1stack,1.0,1.0,1.0
1725,hbm2_12hi_1stack,0.6892705790231064,1.4508090587839773,1.0
1725,hbm2_8hi_2stack,0.9651024318872431,2.072318889601211,2.0
1725,hbm2_8hi_no_pim,0.48970029621105265,1.1201966367071168,0.5485606248101
1726,hbm2_4hi_1stack,1.415074218145451,0.7066767150281111,1.0
1726,hbm2_8hi_1stack,1.0,1.0,1.0
1726,hbm2_12hi_1stack,0.7728320703688775,1.2939421620051221,1.0
1726,hbm2_8hi_2stack,1.186315797139621,1.6858917371093678,2.0
1726,hbm2_8hi_no_pim,0.7061081472932687,1.0181698681180094,0.7189380392066392
1727,hbm2_4hi_1stack,1.7060993478585482,0.586132338222375,1.0
1727,hbm2_8hi_1stack,1.0,1.0,1.0
1727,hbm2_12hi_1stack,0.6420997108395581,1.557390516018891,1.0
1727,hbm2_8hi_2stack,0.8263931320173947,2.4201556408359672,2.0
1727,hbm2_8hi_no_pim,0.5033010024895598,1.1242544535529906,0.5658383935265724
1728,hbm2_4hi_1stack,1.4706833566975386,0.6799560187078805,1.0
1728,hbm2_8hi_1stack,1.0,1.0,1.0
1728,hbm2_12hi_1stack,0.742948291116651,1.345988693906275,1.0
1728,hbm2_8hi_2stack,1.0773903808776997,1.8563373457731203,2.0
1728,hbm2_8hi_no_pim,0.6281927611259135,1.0196149486404165,0.6405147298716797
1729,hbm2_4hi_1stack,1.4855797279435003,0.6731378876476107,1.0
1729,hbm2_8hi_1stack,1.0,1.0,1.0
1729,hbm2_12hi_1stack,0.7330403800653211,1.3641813291525497,1.0
1729,hbm2_8hi_2stack,1.1181530411018172,1.7886639185180047,2.0
1729,hbm2_8hi_no_pim,0.6503030984529223,1.0039064260542359,0.6528434594198691
1730,hbm2_4hi_1stack,1.7875284561051141,0.5594316535687059,1.0
1730,hbm2_8hi_1stack,1.0,1.0,1.0
1730,hbm2_12hi_1stack,0.6135770870483584,1.629787065241545,1.0
1730,hbm2_8hi_2stack,0.7457607112360969,2.6818253762456914,2.0
1730,hbm2_8hi_no_pim,0.7887091158278978,1.0138937738021345,0.7996672618788921
1731,hbm2_4hi_1stack,1.7359796373305303,0.576043623148559,1.0
1731,hbm2_8hi_1stack,1.0,1.0,1.0
1731,hbm2_12hi_1stack,0.6285643341589916,1.590927047011,1.0
1731,hbm2_8hi_2stack,0.8074822059609972,2.4768347651943223,2.0
1731,hbm2_8hi_no_pim,0.6397124673801815,1.0253530382499991,0.6559311220346725
1732,hbm2_4hi_1stack,1.412404421985072,0.7080125100391177,1.0
1732,hbm2_8hi_1stack,1.0,1.0,1.0
1732,hbm2_12hi_1stack,0.7735457989310713,1.292748278617576,1.0
1732,hbm2_8hi_2stack,1.2225722259673792,1.6358951704611717,2.0
1732,hbm2_8hi_no_pim,0.7098014918066101,1.02587383443153,0.7281667780848673
1733,hbm2_4hi_1stack,1.6392734408121337,0.6100263538123188,1.0
1733,hbm2_8hi_1stack,1.0,1.0,1.0
1733,hbm2_12hi_1stack,0.6653281287535977,1.5030177694025424,1.0
1733,hbm2_8hi_2stack,0.8482965301591847,2.3576661331205675,2.0
1733,hbm2_8hi_no_pim,0.7874148752306135,0.9902190015019982,0.7797131715186786
1734,hbm2_4hi_1stack,1.7924024445372848,0.557910419642478,1.0
1734,hbm2_8hi_1stack,1.0,1.0,1.0
1734,hbm2_12hi_1stack,0.6122540544992778,1.633308906084475,1.0
1734,hbm2_8hi_2stack,0.792263529835525,2.5244125529988777,2.0
1734,hbm2_8hi_no_pim,0.862989460934621,0.9490647897821447,0.8190329113261224
1735,hbm2_4hi_1stack,1.7526092423037563,0.5705778423749083,1.0
1735,hbm2_8hi_1stack,1.0,1.0,1.0
1735,hbm2_12hi_1stack,0.6226707057519496,1.6059852997137227,1.0
1735,hbm2_8hi_2stack,0.7963457502466899,2.51147193211045,2.0
1735,hbm2_8hi_no_pim,0.4864787617010675,1.0958550207678512,0.5331101935070419
1736,hbm2_4hi_1stack,1.5489583876099948,0.6455951354141771,1.0
1736,hbm2_8hi_1stack,1.0,1.0,1.0
1736,hbm2_12hi_1stack,0.7041997228029256,1.4200516808210328,1.0
1736,hbm2_8hi_2stack,0.9651001570616919,2.072323774238236,2.0
1736,hbm2_8hi_no_pim,1.0674716932130452,0.9155609632541619,0.9773354116846869
1737,hbm2_4hi_1stack,1.6230582671233726,0.61612082588529,1.0
1737,hbm2_8hi_1stack,1.0,1.0,1.0
1737,hbm2_12hi_1stack,0.6735821015748603,1.4846000178181136,1.0
1737,hbm2_8hi_2stack,0.9463100947780488,2.1134721176878997,2.0
1737,hbm2_8hi_no_pim,0.6445231546473098,1.0217530115723639,0.6585434742890092
1738,hbm2_4hi_1stack,1.399068290228091,0.7147613929817317,1.0
1738,hbm2_8hi_1stack,1.0,1.0,1.0
1738,hbm2_12hi_1stack,0.7844730434607818,1.2747410613223868,1.0
1738,hbm2_8hi_2stack,1.1927701364972645,1.6767690092185559,2.0
1738,hbm2_8hi_no_pim,0.3928359136954385,1.1929494262413214,0.4686333778499586
1739,hbm2_4hi_1stack,1.7668268960200493,0.5659864032252384,1.0
1739,hbm2_8hi_1stack,1.0,1.0,1.0
1739,hbm2_12hi_1stack,0.6210703502972653,1.6101235544755375,1.0
1739,hbm2_8hi_2stack,0.7749406384159856,2.580842842476415,2.0
1739,hbm2_8hi_no_pim,0.5926063646851634,1.0859228773165228,0.6435248086549973
1740,hbm2_4hi_1stack,1.785964779138939,0.5599214562798526,1.0
1740,hbm2_8hi_1stack,1.0,1.0,1.0
1740,hbm2_12hi_1stack,0.611622474627564,1.634995510276059,1.0
1740,hbm2_8hi_2stack,0.7275519218872807,2.748944700485389,2.0
1740,hbm2_8hi_no_pim,0.5860227668729447,1.0815611885989798,0.6338194802851649
1741,hbm2_4hi_1stack,1.533428368884477,0.6521334940004208,1.0
1741,hbm2_8hi_1stack,1.0,1.0,1.0
1741,hbm2_12hi_1stack,0.7165386891382086,1.3955980537529862,1.0
1741,hbm2_8hi_2stack,1.0468410152165706,1.9105097822196426,2.0
1741,hbm2_8hi_no_pim,0.6704690384650248,1.0777136414208033,0.7225736289040465
1742,hbm2_4hi_1stack,1.5460902610264622,0.6467927683187731,1.0
1742,hbm2_8hi_1stack,1.0,1.0,1.0
1742,hbm2_12hi_1stack,0.7110632493356914,1.4063446549013,1.0
1742,hbm2_8hi_2stack,0.9952164474599777,2.0096130898001756,2.0
1742,hbm2_8hi_no_pim,0.6108993459936752,1.0519528218006846,0.6426372908542394
1743,hbm2_4hi_1stack,1.759194235835096,0.5684420626385785,1.0
1743,hbm2_8hi_1stack,1.0,1.0,1.0
1743,hbm2_12hi_1stack,0.6242198194501916,1.601999758483787,1.0
1743,hbm2_8hi_2stack,0.7786784826840886,2.5684541752149634,2.0
1743,hbm2_8hi_no_pim,0.6319033461769089,1.0294926777560358,0.6505398679386653
1744,hbm2_4hi_1stack,1.599084000980392,0.6253580170815942,1.0
1744,hbm2_8hi_1stack,1.0,1.0,1.0
1744,hbm2_12hi_1stack,0.6828847634903136,1.4643759144498536,1.0
1744,hbm2_8hi_2stack,0.8790428283137246,2.2752019987884062,2.0
1744,hbm2_8hi_no_pim,0.5990308966778931,1.0873905707030544,0.6513805486073366
1745,hbm2_4hi_1stack,1.7332583891034468,0.576948022456862,1.0
1745,hbm2_8hi_1stack,1.0,1.0,1.0
1745,hbm2_12hi_1stack,0.6322458927812616,1.5816631019949865,1.0
1745,hbm2_8hi_2stack,0.8188809524811861,2.442357456160211,2.0
1745,hbm2_8hi_no_pim,0.9146834999306862,0.9504141169962057,0.8693281109176221
1746,hbm2_4hi_1stack,1.663364131647159,0.6011912731397799,1.0
1746,hbm2_8hi_1stack,1.0,1.0,1.0
1746,hbm2_12hi_1stack,0.6576122684722412,1.5206528952435618,1.0
1746,hbm2_8hi_2stack,0.8900246707405407,2.247128720977936,2.0
1746,hbm2_8hi_no_pim,0.849069836552093,1.005728458251664,0.8539336976635288
1747,hbm2_4hi_1stack,1.4236810361291832,0.7024045236416714,1.0
1747,hbm2_8hi_1stack,1.0,1.0,1.0
1747,hbm2_12hi_1stack,0.7673187622934945,1.3032393434653256,1.0
1747,hbm2_8hi_2stack,1.108745748752793,1.8038400618444417,2.0
1747,hbm2_8hi_no_pim,0.4365909823660926,1.111039888752618,0.48506999647841975
1748,hbm2_4hi_1stack,1.5158230863851885,0.6597075931761395,1.0
1748,hbm2_8hi_1stack,1.0,1.0,1.0
1748,hbm2_12hi_1stack,0.7173472971946683,1.394024908033671,1.0
1748,hbm2_8hi_2stack,0.9546130152024465,2.0950898093253594,2.0
1748,hbm2_8hi_no_pim,0.48581417719925984,1.063482398451727,0.5166548263697212
1749,hbm2_4hi_1stack,1.399715218444777,0.7144310405591643,1.0
1749,hbm2_8hi_1stack,1.0,1.0,1.0
1749,hbm2_12hi_1stack,0.7766418611238565,1.2875947718719776,1.0
1749,hbm2_8hi_2stack,1.1116781858081788,1.7990818076060566,2.0
1749,hbm2_8hi_no_pim,0.5302191805257197,1.042977068683626,0.5530064466645495
1750,hbm2_4hi_1stack,1.7393065533637415,0.5749417766902818,1.0
1750,hbm2_8hi_1stack,1.0,1.0,1.0
1750,hbm2_12hi_1stack,0.6295907185482631,1.5883334530500104,1.0
1750,hbm2_8hi_2stack,0.7918072470233298,2.5258672581220667,2.0
1750,hbm2_8hi_no_pim,1.02488878054607,0.9142473240526142,0.9370018250657914
1751,hbm2_4hi_1stack,1.7896666912360182,0.5587632629567232,1.0
1751,hbm2_8hi_1stack,1.0,1.0,1.0
1751,hbm2_12hi_1stack,0.6119537962922919,1.6341102973113397,1.0
1751,hbm2_8hi_2stack,0.7601026696308076,2.6312234911257812,2.0
1751,hbm2_8hi_no_pim,0.46447069430507376,1.0989076614649367,0.5104104044977841
1752,hbm2_4hi_1stack,1.6629880074146512,0.6013272468240108,1.0
1752,hbm2_8hi_1stack,1.0,1.0,1.0
1752,hbm2_12hi_1stack,0.6577429174466368,1.5203508444940887,1.0
1752,hbm2_8hi_2stack,0.866651025156038,2.3077339574367963,2.0
1752,hbm2_8hi_no_pim,0.4786313108725176,1.069342046232977,0.5118205853595901
1753,hbm2_4hi_1stack,1.679128142222491,0.5955471621578575,1.0
1753,hbm2_8hi_1stack,1.0,1.0,1.0
1753,hbm2_12hi_1stack,0.6517003615346041,1.534447514568245,1.0
1753,hbm2_8hi_2stack,0.8360101523682247,2.3923154453740296,2.0
1753,hbm2_8hi_no_pim,0.37003104169346135,1.1942963430708344,0.44192671991719235
1754,hbm2_4hi_1stack,1.6596332342102282,0.6025427663093715,1.0
1754,hbm2_8hi_1stack,1.0,1.0,1.0
1754,hbm2_12hi_1stack,0.661872077370228,1.51086597273182,1.0
1754,hbm2_8hi_2stack,0.8459311441496357,2.364258620612061,2.0
1754,hbm2_8hi_no_pim,0.9133280661284626,0.9344396159025776,0.8534499273061247
1755,hbm2_4hi_1stack,1.687434429899888,0.5926156194758501,1.0
1755,hbm2_8hi_1stack,1.0,1.0,1.0
1755,hbm2_12hi_1stack,0.6478303431314933,1.5436140196307926,1.0
1755,hbm2_8hi_2stack,0.8484627003650206,2.357204387581884,2.0
1755,hbm2_8hi_no_pim,0.6050150582979871,1.080495189106201,0.6537158598277827
1756,hbm2_4hi_1stack,1.658256937561468,0.6030428562358613,1.0
1756,hbm2_8hi_1stack,1.0,1.0,1.0
1756,hbm2_12hi_1stack,0.6595224579205557,1.5162485947073803,1.0
1756,hbm2_8hi_2stack,0.8561721889247335,2.3359787036668402,2.0
1756,hbm2_8hi_no_pim,0.5045907009522853,1.0952433458084208,0.5526496075747972
1757,hbm2_4hi_1stack,1.5639585485543723,0.6394031356677189,1.0
1757,hbm2_8hi_1stack,1.0,1.0,1.0
1757,hbm2_12hi_1stack,0.695301367162756,1.4382252750064277,1.0
1757,hbm2_8hi_2stack,0.9055038907073786,2.208714971326741,2.0
1757,hbm2_8hi_no_pim,0.4274435376757505,1.130965269566709,0.48342379581200284
1758,hbm2_4hi_1stack,1.5592534577514623,0.6413325524652422,1.0
1758,hbm2_8hi_1stack,1.0,1.0,1.0
1758,hbm2_12hi_1stack,0.7007480931620275,1.427046337704096,1.0
1758,hbm2_8hi_2stack,0.9294556204157619,2.151797198348604,2.0
1758,hbm2_8hi_no_pim,0.465990609353247,1.094775128402994,0.5101549291892904
1759,hbm2_4hi_1stack,1.7266259314461492,0.5791642426929393,1.0
1759,hbm2_8hi_1stack,1.0,1.0,1.0
1759,hbm2_12hi_1stack,0.6362557873466411,1.5716949376134883,1.0
1759,hbm2_8hi_2stack,0.856775296958676,2.3343343430879333,2.0
1759,hbm2_8hi_no_pim,0.6286494523744816,1.0547128664531045,0.6630446659080639
1760,hbm2_4hi_1stack,1.7237703721819486,0.5801236731631487,1.0
1760,hbm2_8hi_1stack,1.0,1.0,1.0
1760,hbm2_12hi_1stack,0.6337437910539045,1.5779247293879093,1.0
1760,hbm2_8hi_2stack,0.7853977370312402,2.5464804718688,2.0
1760,hbm2_8hi_no_pim,0.6094646054033989,1.0177345522222991,0.6202731872755683
1761,hbm2_4hi_1stack,1.572785256067629,0.635814709059684,1.0
1761,hbm2_8hi_1stack,1.0,1.0,1.0
1761,hbm2_12hi_1stack,0.6938196916984283,1.44129665382091,1.0
1761,hbm2_8hi_2stack,0.9540794129732989,2.096261561463933,2.0
1761,hbm2_8hi_no_pim,0.9520130297277377,0.9641489231248035,0.9178823374127798
1762,hbm2_4hi_1stack,1.4776900389942025,0.6767319083240592,1.0
1762,hbm2_8hi_1stack,1.0,1.0,1.0
1762,hbm2_12hi_1stack,0.7389464229787238,1.35327808472089,1.0
1762,hbm2_8hi_2stack,1.0430818397442345,1.9173950919233753,2.0
1762,hbm2_8hi_no_pim,0.5680676230711648,1.0746732654322284,0.6104870874722129
1763,hbm2_4hi_1stack,1.37141060136448,0.7291762211879167,1.0
1763,hbm2_8hi_1stack,1.0,1.0,1.0
1763,hbm2_12hi_1stack,0.7923881120179707,1.2620078277718039,1.0
1763,hbm2_8hi_2stack,1.2260158717597713,1.6313002515451,2.0
1763,hbm2_8hi_no_pim,0.48862104061131223,1.1423911688113109,0.558196361689756
1764,hbm2_4hi_1stack,1.534732109984702,0.6515795124726802,1.0
1764,hbm2_8hi_1stack,1.0,1.0,1.0
1764,hbm2_12hi_1stack,0.7104637438060478,1.4075313606333637,1.0
1764,hbm2_8hi_2stack,0.9963160175326032,2.0073952087541866,2.0
1764,hbm2_8hi_no_pim,1.0942151356041978,0.9081171025228691,0.9936754784815525
1765,hbm2_4hi_1stack,1.7615748314028608,0.5676738689571493,1.0
1765,hbm2_8hi_1stack,1.0,1.0,1.0
1765,hbm2_12hi_1stack,0.6220831176968273,1.607502231699126,1.0
1765,hbm2_8hi_2stack,0.7830309648595151,2.55417740773358,2.0
1765,hbm2_8hi_no_pim,0.3839404295818118,1.1151678214260867,0.4281580124141449
1766,hbm2_4hi_1stack,1.4677195198807498,0.6813290866917465,1.0
1766,hbm2_8hi_1stack,1.0,1.0,1.0
1766,hbm2_12hi_1stack,0.7479306457321223,1.3370223639133494,1.0
1766,hbm2_8hi_2stack,1.1395799455978977,1.7550326396369411,2.0
1766,hbm2_8hi_no_pim,0.39542272054399424,1.1291181994692638,0.44647899024987264
1767,hbm2_4hi_1stack,1.4446931589422638,0.6921885064729959,1.0
1767,hbm2_8hi_1stack,1.0,1.0,1.0
1767,hbm2_12hi_1stack,0.7604150084059792,1.315071360961498,1.0
1767,hbm2_8hi_2stack,1.127949940843719,1.7731283344932647,2.0
1767,hbm2_8hi_no_pim,0.4221779561229284,1.148252405093724,0.4847668534957052
1768,hbm2_4hi_1stack,1.4359166137474562,0.6964192700509254,1.0
1768,hbm2_8hi_1stack,1.0,1.0,1.0
1768,hbm2_12hi_1stack,0.7591047246451164,1.3173412936765778,1.0
1768,hbm2_8hi_2stack,1.160751929619437,1.723021042623395,2.0
1768,hbm2_8hi_no_pim,0.3608091638504202,1.1763469636349544,0.4244367643471086
1769,hbm2_4hi_1stack,1.703867970714734,0.5868999342598844,1.0
1769,hbm2_8hi_1stack,1.0,1.0,1.0
1769,hbm2_12hi_1stack,0.6440128384677496,1.5527640759138022,1.0
1769,hbm2_8hi_2stack,0.8660220244405178,2.3094100883774566,2.0
1769,hbm2_8hi_no_pim,0.37874951469166984,1.203507466659084,0.45582786892492905
1770,hbm2_4hi_1stack,1.540759129893364,0.649030715183372,1.0
1770,hbm2_8hi_1stack,1.0,1.0,1.0
1770,hbm2_12hi_1stack,0.7060943775737407,1.4162412727830642,1.0
1770,hbm2_8hi_2stack,1.0037878202383588,1.992452946405627,2.0
1770,hbm2_8hi_no_pim,1.0516058456404382,0.9285642212520802,0.9764835631212488
1771,hbm2_4hi_1stack,1.822447611294555,0.5487126180212453,1.0
1771,hbm2_8hi_1stack,1.0,1.0,1.0
1771,hbm2_12hi_1stack,0.6027835908706602,1.6589701762710571,1.0
1771,hbm2_8hi_2stack,0.707597447134324,2.826465821915745,2.0
1771,hbm2_8hi_no_pim,0.5316793871825672,1.0548216604641125,0.5608269340224573
1772,hbm2_4hi_1stack,1.5146936815706324,0.6601994925885406,1.0
1772,hbm2_8hi_1stack,1.0,1.0,1.0
1772,hbm2_12hi_1stack,0.7236718188567836,1.3818418431434076,1.0
1772,hbm2_8hi_2stack,1.0679574583616482,1.8727337726244233,2.0
1772,hbm2_8hi_no_pim,0.9120907461085137,0.9970947759191144,0.9094409181089663
1773,hbm2_4hi_1stack,1.6984674072447876,0.5887660815477028,1.0
1773,hbm2_8hi_1stack,1.0,1.0,1.0
1773,hbm2_12hi_1stack,0.6406921022285925,1.5608121225805434,1.0
1773,hbm2_8hi_2stack,0.798123403669912,2.505878152180036,2.0
1773,hbm2_8hi_no_pim,0.5640026717150802,1.0954787121805438,0.6178529204768222
1774,hbm2_4hi_1stack,1.4624318144978798,0.6837925639243194,1.0
1774,hbm2_8hi_1stack,1.0,1.0,1.0
1774,hbm2_12hi_1stack,0.7478755350254406,1.3371208886596122,1.0
1774,hbm2_8hi_2stack,1.0813031808378535,1.8496200098572626,2.0
1774,hbm2_8hi_no_pim,0.67997821092443,1.0680358463683939,0.7262411040167399
1775,hbm2_4hi_1stack,1.6652089103092211,0.6005252517020851,1.0
1775,hbm2_8hi_1stack,1.0,1.0,1.0
1775,hbm2_12hi_1stack,0.657690407650155,1.5204722288300876,1.0
1775,hbm2_8hi_2stack,0.8435240676148685,2.371005258516404,2.0
1775,hbm2_8hi_no_pim,0.4324598245663518,1.1749686528924776,0.5081267375008436
1776,hbm2_4hi_1stack,1.4423622743556308,0.6933070961293312,1.0
1776,hbm2_8hi_1stack,1.0,1.0,1.0
1776,hbm2_12hi_1stack,0.7579254393923355,1.3193909955070873,1.0
1776,hbm2_8hi_2stack,1.1755760599943357,1.7012935768780768,2.0
1776,hbm2_8hi_no_pim,0.6678731941321718,1.057586063702112,0.7063333824344
1777,hbm2_4hi_1stack,1.4411142776310462,0.6939074961104645,1.0
1777,hbm2_8hi_1stack,1.0,1.0,1.0
1777,hbm2_12hi_1stack,0.7604984675717272,1.314927041461374,1.0
1777,hbm2_8hi_2stack,1.1360363132200733,1.7605071041532452,2.0
1777,hbm2_8hi_no_pim,0.5251617766157248,1.0682255084913006,0.5609912058655275
1778,hbm2_4hi_1stack,1.3874165011770259,0.7207640958224455,1.0
1778,hbm2_8hi_1stack,1.0,1.0,1.0
1778,hbm2_12hi_1stack,0.7859223143055488,1.272390389988625,1.0
1778,hbm2_8hi_2stack,1.2807737061845303,1.5615561049875626,2.0
1778,hbm2_8hi_no_pim,0.7408799798483438,1.0016045421004558,0.7420687529673953
1779,hbm2_4hi_1stack,1.4887731112270433,0.6716940227217043,1.0
1779,hbm2_8hi_1stack,1.0,1.0,1.0
1779,hbm2_12hi_1stack,0.7331202307837305,1.3640327438938167,1.0
1779,hbm2_8hi_2stack,1.086526794649546,1.840727729724411,2.0
1779,hbm2_8hi_no_pim,0.8828011982984529,0.9432122087822271,0.8326688681626807
1780,hbm2_4hi_1stack,1.5644668805404292,0.639195378590923,1.0
1780,hbm2_8hi_1stack,1.0,1.0,1.0
1780,hbm2_12hi_1stack,0.69692386362214,1.4348769674820356,1.0
1780,hbm2_8hi_2stack,0.9484315651001102,2.1087446618132044,2.0
1780,hbm2_8hi_no_pim,0.6692937962154358,1.054495515984618,0.7057673069854998
1781,hbm2_4hi_1stack,1.502903175042469,0.6653788591349153,1.0
1781,hbm2_8hi_1stack,1.0,1.0,1.0
1781,hbm2_12hi_1stack,0.728518297937807,1.3726491192200216,1.0
1781,hbm2_8hi_2stack,1.0144164030946807,1.9715769519288122,2.0
1781,hbm2_8hi_no_pim,0.9347215161486786,0.9926218036563424,0.9278249572758924
1782,hbm2_4hi_1stack,1.5225279668750988,0.6568023850835677,1.0
1782,hbm2_8hi_1stack,1.0,1.0,1.0
1782,hbm2_12hi_1stack,0.7194217283728238,1.390005278630913,1.0
1782,hbm2_8hi_2stack,1.049153469501907,1.9062988000692733,2.0
1782,hbm2_8hi_no_pim,0.874531500563324,1.0153864866218358,0.8879874677971156
1783,hbm2_4hi_1stack,1.6856990295527392,0.5932257078331039,1.0
1783,hbm2_8hi_1stack,1.0,1.0,1.0
1783,hbm2_12hi_1stack,0.6513275110754192,1.5353259043962093,1.0
1783,hbm2_8hi_2stack,0.8891547703293644,2.249327188852793,2.0
1783,hbm2_8hi_no_pim,0.77163972521209,0.9728538172110611,0.750692652184276
1784,hbm2_4hi_1stack,1.85868698697539,0.5380142041168983,1.0
1784,hbm2_8hi_1stack,1.0,1.0,1.0
1784,hbm2_12hi_1stack,0.5909760800810949,1.6921158634081737,1.0
1784,hbm2_8hi_2stack,0.6931588039036278,2.8853416976552846,2.0
1784,hbm2_8hi_no_pim,0.4780424713602122,1.1209519116346538,0.5358626221137841
1785,hbm2_4hi_1stack,1.6970577272956042,0.5892551466670372,1.0
1785,hbm2_8hi_1stack,1.0,1.0,1.0
1785,hbm2_12hi_1stack,0.6450443144527949,1.550281085491501,1.0
1785,hbm2_8hi_2stack,0.8715526846653133,2.2947551366536425,2.0
1785,hbm2_8hi_no_pim,0.7900377330291354,1.0068813556269982,0.7954742636288563
1786,hbm2_4hi_1stack,1.77047286068616,0.5648208578653064,1.0
1786,hbm2_8hi_1stack,1.0,1.0,1.0
1786,hbm2_12hi_1stack,0.6177758065656547,1.618710200969523,1.0
1786,hbm2_8hi_2stack,0.7848783001842189,2.548165746881497,2.0
1786,hbm2_8hi_no_pim,0.7654784724236048,1.0235452168165147,0.783501829025193
1787,hbm2_4hi_1stack,1.5017601978919712,0.6658852734302756,1.0
1787,hbm2_8hi_1stack,1.0,1.0,1.0
1787,hbm2_12hi_1stack,0.7285394774554972,1.372609214661377,1.0
1787,hbm2_8hi_2stack,1.0575410994636385,1.8911794548829883,2.0
1787,hbm2_8hi_no_pim,0.45379484749837623,1.1544619738212878,0.5238888953529057
1788,hbm2_4hi_1stack,1.835216820027724,0.544894744363172,1.0
1788,hbm2_8hi_1stack,1.0,1.0,1.0
1788,hbm2_12hi_1stack,0.5986042147479381,1.670552888474203,1.0
1788,hbm2_8hi_2stack,0.7072522181020576,2.8278454967127398,2.0
1788,hbm2_8hi_no_pim,0.39973911774583376,1.124911396041953,0.44967108899604447
1789,hbm2_4hi_1stack,1.6072336829062208,0.6221870600619737,1.0
1789,hbm2_8hi_1stack,1.0,1.0,1.0
1789,hbm2_12hi_1stack,0.6791982746674119,1.4723241169740566,1.0
1789,hbm2_8hi_2stack,0.9330607417503551,2.1434831737193694,2.0
1789,hbm2_8hi_no_pim,0.7803128916637915,0.9732155528486964,0.7594126422555418
1790,hbm2_4hi_1stack,1.5398741345894118,0.6494037256276387,1.0
1790,hbm2_8hi_1stack,1.0,1.0,1.0
1790,hbm2_12hi_1stack,0.710408774531115,1.4076402711382914,1.0
1790,hbm2_8hi_2stack,0.9781356280118263,2.044706217342508,2.0
1790,hbm2_8hi_no_pim,0.6985487844372742,1.0223180783809636,0.7141390509612721
1791,hbm2_4hi_1stack,1.4629285985741352,0.6835603603447664,1.0
1791,hbm2_8hi_1stack,1.0,1.0,1.0
1791,hbm2_12hi_1stack,0.7494030246391432,1.3343954682882762,1.0
1791,hbm2_8hi_2stack,1.1084140710571135,1.8043798362218242,2.0
1791,hbm2_8hi_no_pim,0.48514292096445105,1.1083676911800842,0.5377167392017307
1792,hbm2_4hi_1stack,1.6438530567050231,0.608326879292011,1.0
1792,hbm2_8hi_1stack,1.0,1.0,1.0
1792,hbm2_12hi_1stack,0.6621015641906987,1.5103423010672419,1.0
1792,hbm2_8hi_2stack,0.8525245990355458,2.345973362249704,2.0
1792,hbm2_8hi_no_pim,0.7015309930941483,1.042578981024445,0.7314014679371642
1793,hbm2_4hi_1stack,1.5969457307527997,0.6261953557611506,1.0
1793,hbm2_8hi_1stack,1.0,1.0,1.0
1793,hbm2_12hi_1stack,0.6827771552583408,1.4646067055679863,1.0
1793,hbm2_8hi_2stack,0.9010508561546473,2.2196305417601647,2.0
1793,hbm2_8hi_no_pim,0.3623408852711151,1.1492609444358344,0.416424228014398
1794,hbm2_4hi_1stack,1.667049865039741,0.5998620802960569,1.0
1794,hbm2_8hi_1stack,1.0,1.0,1.0
1794,hbm2_12hi_1stack,0.659126685896748,1.5171590248079405,1.0
1794,hbm2_8hi_2stack,0.9023744507414905,2.2163748079930445,2.0
1794,hbm2_8hi_no_pim,0.6260964913633092,1.085155498342605,0.6794120500959083
1795,hbm2_4hi_1stack,1.4767702398379505,0.6771534074994173,1.0
1795,hbm2_8hi_1stack,1.0,1.0,1.0
1795,hbm2_12hi_1stack,0.7385864157445614,1.3539377094986376,1.0
1795,hbm2_8hi_2stack,1.0770607307180753,1.8569055049167025,2.0
1795,hbm2_8hi_no_pim,0.4357999767627531,1.1051566483016744,0.4816272416490718
1796,hbm2_4hi_1stack,1.467465618378776,0.6814469705292163,1.0
1796,hbm2_8hi_1stack,1.0,1.0,1.0
1796,hbm2_12hi_1stack,0.7410554720800527,1.34942664574505,1.0
1796,hbm2_8hi_2stack,1.0166307896648363,1.9672825379008654,2.0
1796,hbm2_8hi_no_pim,0.43575751955899245,1.1506614790994756,0.5014093919844689
1797,hbm2_4hi_1stack,1.595680317489973,0.6266919438932566,1.0
1797,hbm2_8hi_1stack,1.0,1.0,1.0
1797,hbm2_12hi_1stack,0.6852576641675834,1.4593050939674639,1.0
1797,hbm2_8hi_2stack,0.9641181874636658,2.0744344687257263,2.0
1797,hbm2_8hi_no_pim,0.9107616406347807,0.9951465342105803,0.906341290169644
1798,hbm2_4hi_1stack,1.8203515275280435,0.549344445222597,1.0
1798,hbm2_8hi_1stack,1.0,1.0,1.0
1798,hbm2_12hi_1stack,0.6005823056163168,1.6650507193577762,1.0
1798,hbm2_8hi_2stack,0.7151247570479565,2.796714811351272,2.0
1798,hbm2_8hi_no_pim,0.39933287702406717,1.1021210053212298,0.44011315188358396
1799,hbm2_4hi_1stack,1.6585977008561503,0.6029189594823451,1.0
1799,hbm2_8hi_1stack,1.0,1.0,1.0
1799,hbm2_12hi_1stack,0.658997461807261,1.517456527461517,1.0
1799,hbm2_8hi_2stack,0.8523915629428265,2.3463395075088846,2.0
1799,hbm2_8hi_no_pim,0.39284160085532,1.1136801528993292,0.43749989410577
1800,hbm2_4hi_1stack,1.498475095026561,0.6673450918997587,1.0
1800,hbm2_8hi_1stack,1.0,1.0,1.0
1800,hbm2_12hi_1stack,0.731355226256826,1.3673246106657826,1.0
1800,hbm2_8hi_2stack,1.0522313154811411,1.9007227503825848,2.0
1800,hbm2_8hi_no_pim,0.9125172598600185,0.9917507929001426,0.9049897160012388
1801,hbm2_4hi_1stack,1.3901850249717114,0.7193287095150149,1.0
1801,hbm2_8hi_1stack,1.0,1.0,1.0
1801,hbm2_12hi_1stack,0.787174513716216,1.2703663324655219,1.0
1801,hbm2_8hi_2stack,1.293720186169765,1.5459293449855436,2.0
1801,hbm2_8hi_no_pim,0.6257714153104961,1.0560257700624607,0.6608307407363425
1802,hbm2_4hi_1stack,1.715937819581775,0.5827716998764733,1.0
1802,hbm2_8hi_1stack,1.0,1.0,1.0
1802,hbm2_12hi_1stack,0.6374947490072252,1.5686403716380513,1.0
1802,hbm2_8hi_2stack,0.7760425378139002,2.577178315036659,2.0
1802,hbm2_8hi_no_pim,0.9772013752273225,0.9398947339179026,0.9184664265534928
1803,hbm2_4hi_1stack,1.3869543360437364,0.7210042710219883,1.0
1803,hbm2_8hi_1stack,1.0,1.0,1.0
1803,hbm2_12hi_1stack,0.7879903779429839,1.269051029037256,1.0
1803,hbm2_8hi_2stack,1.2472750762956122,1.603495522367022,2.0
1803,hbm2_8hi_no_pim,0.8838689102543611,0.9871723121978524,0.8725309158155937
1804,hbm2_4hi_1stack,1.5987436603626242,0.6254911433226148,1.0
1804,hbm2_8hi_1stack,1.0,1.0,1.0
1804,hbm2_12hi_1stack,0.6851986314356607,1.4594308192133316,1.0
1804,hbm2_8hi_2stack,0.9565067800618624,2.090941791202619,2.0
1804,hbm2_8hi_no_pim,0.47934528647790886,1.1212035927968937,0.5374436573892877
1805,hbm2_4hi_1stack,1.5856403661886673,0.6306600294262533,1.0
1805,hbm2_8hi_1stack,1.0,1.0,1.0
1805,hbm2_12hi_1stack,0.6916615801139533,1.4457937649728168,1.0
1805,hbm2_8hi_2stack,0.9669933342492975,2.0682665838153405,2.0
1805,hbm2_8hi_no_pim,0.3933984541432772,1.1198313593946136,0.4405399256870057
1806,hbm2_4hi_1stack,1.4868479618346457,0.6725637224979505,1.0
1806,hbm2_8hi_1stack,1.0,1.0,1.0
1806,hbm2_12hi_1stack,0.7368694627294112,1.3570924710272787,1.0
1806,hbm2_8hi_2stack,1.0806567326753027,1.8507264513577282,2.0
1806,hbm2_8hi_no_pim,0.5411001865113194,1.0574296235916476,0.5721753665480348
1807,hbm2_4hi_1stack,1.4789858548979626,0.6761389885429239,1.0
1807,hbm2_8hi_1stack,1.0,1.0,1.0
1807,hbm2_12hi_1stack,0.739733535699862,1.3518381305423715,1.0
1807,hbm2_8hi_2stack,1.066131440318733,1.8759412998851959,2.0
1807,hbm2_8hi_no_pim,0.7421038207925391,0.9823614379516781,0.7290141765031931
1808,hbm2_4hi_1stack,1.7545114362924141,0.569959237263892,1.0
1808,hbm2_8hi_1stack,1.0,1.0,1.0
1808,hbm2_12hi_1stack,0.6242109602843433,1.6020224949982864,1.0
1808,hbm2_8hi_2stack,0.7597930299081868,2.6322957980302606,2.0
1808,hbm2_8hi_no_pim,0.6050440880867881,1.0954877673014962,0.6628183971771653
1809,hbm2_4hi_1stack,1.4766989204949597,0.6771861116176751,1.0
1809,hbm2_8hi_1stack,1.0,1.0,1.0
1809,hbm2_12hi_1stack,0.7395511314004067,1.352171550473339,1.0
1809,hbm2_8hi_2stack,1.0957801476361806,1.8251836413667508,2.0
1809,hbm2_8hi_no_pim,0.3654199156063431,1.1400586385966474,0.4166001315022693
1810,hbm2_4hi_1stack,1.701559823210111,0.5876960576757333,1.0
1810,hbm2_8hi_1stack,1.0,1.0,1.0
1810,hbm2_12hi_1stack,0.6458530852817801,1.5483397428746641,1.0
1810,hbm2_8hi_2stack,0.8387886325180139,2.3843909209833596,2.0
1810,hbm2_8hi_no_pim,0.5127093656532827,1.098475232575531,0.5631985396796427
1811,hbm2_4hi_1stack,1.5830041545728357,0.6317102814362758,1.0
1811,hbm2_8hi_1stack,1.0,1.0,1.0
1811,hbm2_12hi_1stack,0.6911167176155334,1.4469335996532755,1.0
1811,hbm2_8hi_2stack,0.9284071230766597,2.154227332263647,2.0
1811,hbm2_8hi_no_pim,0.7508047115118021,1.042826550358118,0.7829590872984745
1812,hbm2_4hi_1stack,1.6626525060897677,0.6014485867235143,1.0
1812,hbm2_8hi_1stack,1.0,1.0,1.0
1812,hbm2_12hi_1stack,0.6588260101000458,1.517851427644979,1.0
1812,hbm2_8hi_2stack,0.8763223621675488,2.282265164445968,2.0
1812,hbm2_8hi_no_pim,0.43459194755720854,1.0909406472033059,0.47411402053740626
1813,hbm2_4hi_1stack,1.4351092909838963,0.6968110416973262,1.0
1813,hbm2_8hi_1stack,1.0,1.0,1.0
1813,hbm2_12hi_1stack,0.7599193424685282,1.31592913104645,1.0
1813,hbm2_8hi_2stack,1.0986309305201858,1.8204475629072532,2.0
1813,hbm2_8hi_no_pim,0.5247044028572634,1.0924154650400557,0.5731952042558821
1814,hbm2_4hi_1stack,1.7077666580691273,0.5855600911723162,1.0
1814,hbm2_8hi_1stack,1.0,1.0,1.0
1814,hbm2_12hi_1stack,0.6424366491618586,1.556573712450292,1.0
1814,hbm2_8hi_2stack,0.8256612697681209,2.4223008553637024,2.0
1814,hbm2_8hi_no_pim,0.8427128124711553,1.0202569386471674,0.8597835942105653
1815,hbm2_4hi_1stack,1.4091659265241991,0.7096396394330695,1.0
1815,hbm2_8hi_1stack,1.0,1.0,1.0
1815,hbm2_12hi_1stack,0.7770382088557933,1.2869380020224785,1.0
1815,hbm2_8hi_2stack,1.1633640474498317,1.7191523189874465,2.0
1815,hbm2_8hi_no_pim,0.8139705939833185,1.0081263665427507,0.8205852173850474
1816,hbm2_4hi_1stack,1.7740150030467423,0.5636930906912131,1.0
1816,hbm2_8hi_1stack,1.0,1.0,1.0
1816,hbm2_12hi_1stack,0.6159029510638975,1.6236324217518712,1.0
1816,hbm2_8hi_2stack,0.72510113444106,2.758235927380928,2.0
1816,hbm2_8hi_no_pim,0.9341174494997915,0.9687982664242256,0.9049713657120171
1817,hbm2_4hi_1stack,1.4085243390686397,0.7099628826160229,1.0
1817,hbm2_8hi_1stack,1.0,1.0,1.0
1817,hbm2_12hi_1stack,0.779139701475692,1.2834668777704412,1.0
1817,hbm2_8hi_2stack,1.2183470038258855,1.6415684478392012,2.0
1817,hbm2_8hi_no_pim,0.3385104766486288,1.2386452184607173,0.4192943832996824
1818,hbm2_4hi_1stack,1.4383437051361834,0.69524411754235,1.0
1818,hbm2_8hi_1stack,1.0,1.0,1.0
1818,hbm2_12hi_1stack,0.7574099546062164,1.3202889583355266,1.0
1818,hbm2_8hi_2stack,1.1190502906429596,1.7872297757510822,2.0
1818,hbm2_8hi_no_pim,0.7411660605200233,1.0284505702137596,0.7622526575649039
1819,hbm2_4hi_1stack,1.7569573933826683,0.5691657656391433,1.0
1819,hbm2_8hi_1stack,1.0,1.0,1.0
1819,hbm2_12hi_1stack,0.6226300031636607,1.606090286235606,1.0
1819,hbm2_8hi_2stack,0.8085004108015164,2.4737155025280404,2.0
1819,hbm2_8hi_no_pim,0.4034722457452005,1.121621165687684,0.4525430105953595
1820,hbm2_4hi_1stack,1.4776194963597948,0.6767642159998298,1.0
1820,hbm2_8hi_1stack,1.0,1.0,1.0
1820,hbm2_12hi_1stack,0.7396593269925262,1.3519737580624118,1.0
1820,hbm2_8hi_2stack,1.0240318198078777,1.953064310418818,2.0
1820,hbm2_8hi_no_pim,0.6984198308160234,1.023753369398519,0.7150096550526476
1821,hbm2_4hi_1stack,1.6867915872118526,0.5928414675418967,1.0
1821,hbm2_8hi_1stack,1.0,1.0,1.0
1821,hbm2_12hi_1stack,0.6480439928678919,1.543105114784787,1.0
1821,hbm2_8hi_2stack,0.7854115019609348,2.546435842875493,2.0
1821,hbm2_8hi_no_pim,0.3785215325595854,1.1412521865532417,0.43198852669111093
1822,hbm2_4hi_1stack,1.6284767396545867,0.6140707912181221,1.0
1822,hbm2_8hi_1stack,1.0,1.0,1.0
1822,hbm2_12hi_1stack,0.6755076145963035,1.4803682125739168,1.0
1822,hbm2_8hi_2stack,0.9383908890774624,2.13130799039003,2.0
1822,hbm2_8hi_no_pim,0.5505437097426623,1.062721125788403,0.5850744310134459
1823,hbm2_4hi_1stack,1.640011218865518,0.6097519263872796,1.0
1823,hbm2_8hi_1stack,1.0,1.0,1.0
1823,hbm2_12hi_1stack,0.6671631924384406,1.498883648459474,1.0
1823,hbm2_8hi_2stack,0.8476303979102391,2.3595189659677502,2.0
1823,hbm2_8hi_no_pim,0.6667614980277563,1.0357279986965753,0.6905835519602186
1824,hbm2_4hi_1stack,1.7977703741168254,0.5562445651554699,1.0
1824,hbm2_8hi_1stack,1.0,1.0,1.0
1824,hbm2_12hi_1stack,0.6086220487362168,1.6430558210575286,1.0
1824,hbm2_8hi_2stack,0.6934426873105762,2.884160488816646,2.0
1824,hbm2_8hi_no_pim,0.4199795929823417,1.140772363620701,0.47910111295892593
1825,hbm2_4hi_1stack,1.763740153807582,0.5669769426302331,1.0
1825,hbm2_8hi_1stack,1.0,1.0,1.0
1825,hbm2_12hi_1stack,0.621008043257345,1.6102851015499668,1.0
1825,hbm2_8hi_2stack,0.8099879864680357,2.4691724240516564,2.0
1825,hbm2_8hi_no_pim,0.7647617998138738,0.9912197257594514,0.7580469814828125
1826,hbm2_4hi_1stack,1.6288642398865014,0.6139247062540213,1.0
1826,hbm2_8hi_1stack,1.0,1.0,1.0
1826,hbm2_12hi_1stack,0.6727738755209967,1.4863835181257583,1.0
1826,hbm2_8hi_2stack,0.9343097695996067,2.140617667796719,2.0
1826,hbm2_8hi_no_pim,0.4965282740381409,1.0833079798418577,0.5378930414826227
1827,hbm2_4hi_1stack,1.5367086318768985,0.6507414478297192,1.0
1827,hbm2_8hi_1stack,1.0,1.0,1.0
1827,hbm2_12hi_1stack,0.708038941273588,1.4123516966471445,1.0
1827,hbm2_8hi_2stack,0.9908469387436879,2.0184752274007476,2.0
1827,hbm2_8hi_no_pim,0.9379290173502837,0.9522094918138244,0.8931049129685533
1828,hbm2_4hi_1stack,1.3919776363743086,0.7184023463226789,1.0
1828,hbm2_8hi_1stack,1.0,1.0,1.0
1828,hbm2_12hi_1stack,0.7873673779474476,1.270055158504096,1.0
1828,hbm2_8hi_2stack,1.28431243114043,1.5572534778193041,2.0
1828,hbm2_8hi_no_pim,0.39078818023939915,1.1368069628868556,0.44425072431003243
1829,hbm2_4hi_1stack,1.4839747943288408,0.6738658930202863,1.0
1829,hbm2_8hi_1stack,1.0,1.0,1.0
1829,hbm2_12hi_1stack,0.7382076559477349,1.3546323882487614,1.0
1829,hbm2_8hi_2stack,1.0816553189969402,1.849017857051427,2.0
1829,hbm2_8hi_no_pim,1.0439753031147783,0.913084250455601,0.9532374071387163
1830,hbm2_4hi_1stack,1.8225003119516596,0.5486967510744241,1.0
1830,hbm2_8hi_1stack,1.0,1.0,1.0
1830,hbm2_12hi_1stack,0.6004208855815392,1.6654983595906185,1.0
1830,hbm2_8hi_2stack,0.7506861976358682,2.664229083069049,2.0
1830,hbm2_8hi_no_pim,0.7808518964025685,0.9728441030556827,0.7596471627750856
1831,hbm2_4hi_1stack,1.5105911137551307,0.6619925080282855,1.0
1831,hbm2_8hi_1stack,1.0,1.0,1.0
1831,hbm2_12hi_1stack,0.723638498583616,1.381905470697467,1.0
1831,hbm2_8hi_2stack,1.0053488186578519,1.989359277976787,2.0
1831,hbm2_8hi_no_pim,0.4024565565985274,1.150201419566014,0.4629061027132761
1832,hbm2_4hi_1stack,1.501433658838334,0.6660300933800196,1.0
1832,hbm2_8hi_1stack,1.0,1.0,1.0
1832,hbm2_12hi_1stack,0.7285577687069427,1.3725747537835165,1.0
1832,hbm2_8hi_2stack,1.0496781961142754,1.9053458549521647,2.0
1832,hbm2_8hi_no_pim,0.9471168391606196,0.957400524029946,0.9067701581299633
1833,hbm2_4hi_1stack,1.6498056059444812,0.6061320172490987,1.0
1833,hbm2_8hi_1stack,1.0,1.0,1.0
1833,hbm2_12hi_1stack,0.6641052867227452,1.5057853325258745,1.0
1833,hbm2_8hi_2stack,0.9141951742056128,2.18771664566912,2.0
1833,hbm2_8hi_no_pim,0.3404630965391732,1.185497454591864,0.4036181343296539
1834,hbm2_4hi_1stack,1.7685780806349292,0.5654259831383834,1.0
1834,hbm2_8hi_1stack,1.0,1.0,1.0
1834,hbm2_12hi_1stack,0.6203338449218041,1.6120352100505728,1.0
1834,hbm2_8hi_2stack,0.7669830138604931,2.607619678476714,2.0
1834,hbm2_8hi_no_pim,0.6739018387684305,1.0708079336925058,0.7216194354832032
1835,hbm2_4hi_1stack,1.6551423201216064,0.6041776515789459,1.0
1835,hbm2_8hi_1stack,1.0,1.0,1.0
1835,hbm2_12hi_1stack,0.6611954603746318,1.5124120777136043,1.0
1835,hbm2_8hi_2stack,0.84729927646431,2.3604410573154126,2.0
1835,hbm2_8hi_no_pim,0.5843968583962175,1.0280860966848824,0.6008102850634751
1836,hbm2_4hi_1stack,1.415095074861707,0.7066662995048067,1.0
1836,hbm2_8hi_1stack,1.0,1.0,1.0
1836,hbm2_12hi_1stack,0.7741786949729749,1.2916914486195052,1.0
1836,hbm2_8hi_2stack,1.2345843707737378,1.6199783889589996,2.0
1836,hbm2_8hi_no_pim,0.9198850507280791,0.9718605035639004,0.893999948621495
1837,hbm2_4hi_1stack,1.7692164890243034,0.5652219534487185,1.0
1837,hbm2_8hi_1stack,1.0,1.0,1.0
1837,hbm2_12hi_1stack,0.6184495336767082,1.6169468089901506,1.0
1837,hbm2_8hi_2stack,0.7327990441421915,2.7292612019454574,2.0
1837,hbm2_8hi_no_pim,0.5763224815565593,1.0678252482185264,0.61541169692205
1838,hbm2_4hi_1stack,1.5216195442995597,0.6571945028875963,1.0
1838,hbm2_8hi_1stack,1.0,1.0,1.0
1838,hbm2_12hi_1stack,0.7206588814688365,1.3876190604378793,1.0
1838,hbm2_8hi_2stack,1.0595879164176036,1.8875262439400662,2.0
1838,hbm2_8hi_no_pim,0.5966881231346913,1.077831580212093,0.6431293026520523
1839,hbm2_4hi_1stack,1.6708341527446393,0.5985034471298806,1.0
1839,hbm2_8hi_1stack,1.0,1.0,1.0
1839,hbm2_12hi_1stack,0.656902028790751,1.5222970186906504,1.0
1839,hbm2_8hi_2stack,0.8891224146687898,2.2494090431237495,2.0
1839,hbm2_8hi_no_pim,0.5843193320909096,1.0418411620894297,0.6087679319769126
1840,hbm2_4hi_1stack,1.4100853660842219,0.7091769222291694,1.0
1840,hbm2_8hi_1stack,1.0,1.0,1.0
1840,hbm2_12hi_1stack,0.7719014624741036,1.2955021445286468,1.0
1840,hbm2_8hi_2stack,1.1138037171131498,1.7956485234074888,2.0
1840,hbm2_8hi_no_pim,0.501372374647232,1.069924856583805,0.5364307660395216
1841,hbm2_4hi_1stack,1.6390442285833269,0.6101116629807658,1.0
1841,hbm2_8hi_1stack,1.0,1.0,1.0
1841,hbm2_12hi_1stack,0.6676148801037101,1.4978695499487007,1.0
1841,hbm2_8hi_2stack,0.9132716600878171,2.1899288978349407,2.0
1841,hbm2_8hi_no_pim,0.7402538001050402,1.0033215928423305,0.742712621828977
1842,hbm2_4hi_1stack,1.614875205680398,0.6192428965919186,1.0
1842,hbm2_8hi_1stack,1.0,1.0,1.0
1842,hbm2_12hi_1stack,0.6748051587793771,1.4819092400076674,1.0
1842,hbm2_8hi_2stack,0.8739560152060105,2.2884446873777238,2.0
1842,hbm2_8hi_no_pim,0.5223576749369294,1.06632949642691,0.5570053964702275
1843,hbm2_4hi_1stack,1.4246814754543842,0.7019112813838354,1.0
1843,hbm2_8hi_1stack,1.0,1.0,1.0
1843,hbm2_12hi_1stack,0.7683382954694917,1.301510032620399,1.0
1843,hbm2_8hi_2stack,1.0943115780562072,1.8276330435546884,2.0
1843,hbm2_8hi_no_pim,1.03936305456629,0.9096811200747813,0.9454889476422087
1844,hbm2_4hi_1stack,1.8179361914228138,0.5500743121337756,1.0
1844,hbm2_8hi_1stack,1.0,1.0,1.0
1844,hbm2_12hi_1stack,0.604106970171143,1.6553359742177793,1.0
1844,hbm2_8hi_2stack,0.7017591455237783,2.849980670372656,2.0
1844,hbm2_8hi_no_pim,0.41067150997292495,1.1336879895660867,0.4655733585132744
1845,hbm2_4hi_1stack,1.8974375955125347,0.5270265553739493,1.0
1845,hbm2_8hi_1stack,1.0,1.0,1.0
1845,hbm2_12hi_1stack,0.5784977792466891,1.7286151060116162,1.0
1845,hbm2_8hi_2stack,0.6570675318225171,3.043827161041686,2.0
1845,hbm2_8hi_no_pim,0.4135844175752048,1.1671321252503022,0.4827076602549572
1846,hbm2_4hi_1stack,1.8433850738566087,0.5424802523261545,1.0
1846,hbm2_8hi_1stack,1.0,1.0,1.0
1846,hbm2_12hi_1stack,0.5945666339972517,1.6818972724335928,1.0
1846,hbm2_8hi_2stack,0.6665920175916705,3.0003359584559646,2.0
1846,hbm2_8hi_no_pim,0.4691287962921067,1.0722431806817323,0.5030201526856409
1847,hbm2_4hi_1stack,1.4038126108195275,0.712345787673337,1.0
1847,hbm2_8hi_1stack,1.0,1.0,1.0
1847,hbm2_12hi_1stack,0.7793029042415927,1.2831980922401243,1.0
1847,hbm2_8hi_2stack,1.2065440523364703,1.6576270017882924,2.0
1847,hbm2_8hi_no_pim,0.5069409613081538,1.0599810511404328,0.5373478130335584
1848,hbm2_4hi_1stack,1.5744994459270722,0.6351224845374243,1.0
1848,hbm2_8hi_1stack,1.0,1.0,1.0
1848,hbm2_12hi_1stack,0.6945040487302694,1.4398764151602215,1.0
1848,hbm2_8hi_2stack,0.9181328913550031,2.178333897883073,2.0
1848,hbm2_8hi_no_pim,0.5055159492161864,1.0766996615945355,0.5442888514517082
1849,hbm2_4hi_1stack,1.4296355247090238,0.6994789809826052,1.0
1849,hbm2_8hi_1stack,1.0,1.0,1.0
1849,hbm2_12hi_1stack,0.7651603607582718,1.3069155843475775,1.0
1849,hbm2_8hi_2stack,1.145845626028222,1.7454358201221953,2.0
1849,hbm2_8hi_no_pim,0.6795359251391461,1.001561385892058,0.680596942945805
1850,hbm2_4hi_1stack,1.4330985330574277,0.6977887262689199,1.0
1850,hbm2_8hi_1stack,1.0,1.0,1.0
1850,hbm2_12hi_1stack,0.7615644859772555,1.3130864403646385,1.0
1850,hbm2_8hi_2stack,1.1727364620327292,1.7054129932426227,2.0
1850,hbm2_8hi_no_pim,0.34348392179361803,1.194506602395734,0.41029381239925666
1851,hbm2_4hi_1stack,1.815535740801526,0.5508016050174359,1.0
1851,hbm2_8hi_1stack,1.0,1.0,1.0
1851,hbm2_12hi_1stack,0.6031811570888953,1.65787672285098,1.0
1851,hbm2_8hi_2stack,0.7010757358197867,2.8527588359071454,2.0
1851,hbm2_8hi_no_pim,0.3629414215650699,1.1414537214673774,0.4142808363201093
1852,hbm2_4hi_1stack,1.4535570436568035,0.6879674962629867,1.0
1852,hbm2_8hi_1stack,1.0,1.0,1.0
1852,hbm2_12hi_1stack,0.7526747941459497,1.328595042344532,1.0
1852,hbm2_8hi_2stack,1.0992642125845902,1.8193988097707645,2.0
1852,hbm2_8hi_no_pim,0.3627849066719397,1.2017176541381123,0.4359650270025174
1853,hbm2_4hi_1stack,1.8487366857496823,0.5409099130818024,1.0
1853,hbm2_8hi_1stack,1.0,1.0,1.0
1853,hbm2_12hi_1stack,0.5941157166529089,1.6831737857967064,1.0
1853,hbm2_8hi_2stack,0.744752571084585,2.6854556501730436,2.0
1853,hbm2_8hi_no_pim,0.6917857181660263,1.0164518328042853,0.7031668611376862
1854,hbm2_4hi_1stack,1.5497961796264026,0.6452461382638472,1.0
1854,hbm2_8hi_1stack,1.0,1.0,1.0
1854,hbm2_12hi_1stack,0.703987150444905,1.4204804723609246,1.0
1854,hbm2_8hi_2stack,1.0166536138873452,1.9672383717327926,2.0
1854,hbm2_8hi_no_pim,0.4315155261521118,1.1532562492434393,0.4976479771804937
1855,hbm2_4hi_1stack,1.416875406045944,0.7057783597152604,1.0
1855,hbm2_8hi_1stack,1.0,1.0,1.0
1855,hbm2_12hi_1stack,0.7724309236138917,1.2946141453288855,1.0
1855,hbm2_8hi_2stack,1.2484139027691883,1.6020327838096562,2.0
1855,hbm2_8hi_no_pim,0.36105044459680175,1.1700638265291055,0.42245206477496866
1856,hbm2_4hi_1stack,1.5038224927081532,0.6649720993327835,1.0
1856,hbm2_8hi_1stack,1.0,1.0,1.0
1856,hbm2_12hi_1stack,0.7265464660638663,1.3763744601464982,1.0
1856,hbm2_8hi_2stack,1.0652154259611915,1.877554484526274,2.0
1856,hbm2_8hi_no_pim,0.467984732483508,1.1473047432031278,0.5369211033249757
1857,hbm2_4hi_1stack,1.6451319156977777,0.6078539905876502,1.0
1857,hbm2_8hi_1stack,1.0,1.0,1.0
1857,hbm2_12hi_1stack,0.6676297403132757,1.4978362101286324,1.0
1857,hbm2_8hi_2stack,0.9421548059051233,2.12279339601586,2.0
1857,hbm2_8hi_no_pim,0.4680286665409004,1.1177006864840966,0.5231159618870007
1858,hbm2_4hi_1stack,1.4033905341507462,0.7125600292046607,1.0
1858,hbm2_8hi_1stack,1.0,1.0,1.0
1858,hbm2_12hi_1stack,0.7794080236098185,1.2830250263122933,1.0
1858,hbm2_8hi_2stack,1.1849657352958416,1.6878125167903482,2.0
1858,hbm2_8hi_no_pim,0.4102533275730399,1.1324973980198467,0.4646108260054515
1859,hbm2_4hi_1stack,1.4343809521624982,0.6971648629970876,1.0
1859,hbm2_8hi_1stack,1.0,1.0,1.0
1859,hbm2_12hi_1stack,0.7629782408694447,1.310653366550086,1.0
1859,hbm2_8hi_2stack,1.1528007682495163,1.7349051588826778,2.0
1859,hbm2_8hi_no_pim,0.6652149024009081,1.035214716123838,0.6886402563503027
1860,hbm2_4hi_1stack,1.4116806921002747,0.7083754885902823,1.0
1860,hbm2_8hi_1stack,1.0,1.0,1.0
1860,hbm2_12hi_1stack,0.7751837311356637,1.2900167532347135,1.0
1860,hbm2_8hi_2stack,1.1393601685036117,1.7553711769884996,2.0
1860,hbm2_8hi_no_pim,0.3597956407270037,1.1312614596530075,0.4070229417056193
1861,hbm2_4hi_1stack,1.6146848032807588,0.6193159172416647,1.0
1861,hbm2_8hi_1stack,1.0,1.0,1.0
1861,hbm2_12hi_1stack,0.6804565018255974,1.4696016531800329,1.0
1861,hbm2_8hi_2stack,0.9669366043365487,2.0683879284643223,2.0
1861,hbm2_8hi_no_pim,0.6882410136281848,1.002945103567937,0.6902679546930218
1862,hbm2_4hi_1stack,1.531500843136375,0.6529542601831616,1.0
1862,hbm2_8hi_1stack,1.0,1.0,1.0
1862,hbm2_12hi_1stack,0.710484379105645,1.4074904803097799,1.0
1862,hbm2_8hi_2stack,0.9595684739125847,2.084270226016405,2.0
1862,hbm2_8hi_no_pim,0.3894195832279507,1.1498016513144131,0.4477552798496683
1863,hbm2_4hi_1stack,1.6128807187225083,0.620008651843799,1.0
1863,hbm2_8hi_1stack,1.0,1.0,1.0
1863,hbm2_12hi_1stack,0.6764555848575602,1.4782936565015836,1.0
1863,hbm2_8hi_2stack,0.8935048905590467,2.238376108661972,2.0
1863,hbm2_8hi_no_pim,0.42044768954202905,1.1133278346614381,0.4680961157862318
1864,hbm2_4hi_1stack,1.514824623972659,0.6601424245253416,1.0
1864,hbm2_8hi_1stack,1.0,1.0,1.0
1864,hbm2_12hi_1stack,0.7228025186811348,1.3835037567725346,1.0
1864,hbm2_8hi_2stack,0.9933423309859966,2.0134045812935306,2.0
1864,hbm2_8hi_no_pim,0.7637949879580009,0.9948891535152683,0.7598913490287401
1865,hbm2_4hi_1stack,1.7887217612172412,0.5590584414422795,1.0
1865,hbm2_8hi_1stack,1.0,1.0,1.0
1865,hbm2_12hi_1stack,0.6115355439283754,1.635227927351877,1.0
1865,hbm2_8hi_2stack,0.7302535528637623,2.7387747613918485,2.0
1865,hbm2_8hi_no_pim,0.5642999507370452,1.1166833236623999,0.6301443445315721
1866,hbm2_4hi_1stack,1.489912778682017,0.6711802290095157,1.0
1866,hbm2_8hi_1stack,1.0,1.0,1.0
1866,hbm2_12hi_1stack,0.7310979557467016,1.367805766846465,1.0
1866,hbm2_8hi_2stack,1.0674028892355316,1.873706751377064,2.0
1866,hbm2_8hi_no_pim,0.4890430575026812,1.1266141263258551,0.5509628169641081
1867,hbm2_4hi_1stack,1.6634826371394147,0.6011484446387949,1.0
1867,hbm2_8hi_1stack,1.0,1.0,1.0
1867,hbm2_12hi_1stack,0.6570900344141338,1.521861461331714,1.0
1867,hbm2_8hi_2stack,0.8854259615020361,2.258799817217016,2.0
1867,hbm2_8hi_no_pim,0.5138940975239401,1.0835201019910217,0.5568145849617236
1868,hbm2_4hi_1stack,1.3878531183572966,0.7205373441705626,1.0
1868,hbm2_8hi_1stack,1.0,1.0,1.0
1868,hbm2_12hi_1stack,0.786634302928284,1.2712387398788128,1.0
1868,hbm2_8hi_2stack,1.2118296280635177,1.6503970143030458,2.0
1868,hbm2_8hi_no_pim,0.4197949943667324,1.143031076153419,0.4798387241748246
1869,hbm2_4hi_1stack,1.4612586108673795,0.6843415618310137,1.0
1869,hbm2_8hi_1stack,1.0,1.0,1.0
1869,hbm2_12hi_1stack,0.7479364772014427,1.3370119394921136,1.0
1869,hbm2_8hi_2stack,1.1442117561886211,1.7479282040083355,2.0
1869,hbm2_8hi_no_pim,0.3499668351959507,1.1991173598077347,0.419651307440437
1870,hbm2_4hi_1stack,1.4183020742138401,0.7050684182030097,1.0
1870,hbm2_8hi_1stack,1.0,1.0,1.0
1870,hbm2_12hi_1stack,0.7723170939793692,1.2948049548502067,1.0
1870,hbm2_8hi_2stack,1.2324395689386325,1.6227976205943992,2.0
1870,hbm2_8hi_no_pim,0.7052872178358613,0.990925057309086,0.6988867767533667
1871,hbm2_4hi_1stack,1.4057676717794667,0.7113550980541239,1.0
1871,hbm2_8hi_1stack,1.0,1.0,1.0
1871,hbm2_12hi_1stack,0.7773815066927136,1.2863696799971394,1.0
1871,hbm2_8hi_2stack,1.2404362687228967,1.6123359582666184,2.0
1871,hbm2_8hi_no_pim,0.8396404615229118,0.999008170204327,0.8388076810955207
1872,hbm2_4hi_1stack,1.590996559635482,0.628536871399089,1.0
1872,hbm2_8hi_1stack,1.0,1.0,1.0
1872,hbm2_12hi_1stack,0.6836039545668535,1.46283530590987,1.0
1872,hbm2_8hi_2stack,0.900832533859141,2.220168482850033,2.0
1872,hbm2_8hi_no_pim,0.7529453874570032,1.022301060429909,0.769736868043103
1873,hbm2_4hi_1stack,1.4453049739396948,0.6918954947440213,1.0
1873,hbm2_8hi_1stack,1.0,1.0,1.0
1873,hbm2_12hi_1stack,0.753566188566887,1.3270234455473309,1.0
1873,hbm2_8hi_2stack,1.0673021665512785,1.873883575503742,2.0
1873,hbm2_8hi_no_pim,0.4695876207129481,1.1172862301693975,0.5246637824805866
1874,hbm2_4hi_1stack,1.580167781373093,0.6328441902106409,1.0
1874,hbm2_8hi_1stack,1.0,1.0,1.0
1874,hbm2_12hi_1stack,0.6904672630422608,1.4482945876302813,1.0
1874,hbm2_8hi_2stack,0.8926711691166529,2.2404666681227194,2.0
1874,hbm2_8hi_no_pim,0.366554148976487,1.1364643526461518,0.4165757236263244
1875,hbm2_4hi_1stack,1.4791106854757272,0.6760819253214775,1.0
1875,hbm2_8hi_1stack,1.0,1.0,1.0
1875,hbm2_12hi_1stack,0.7410121717857819,1.3495054981216805,1.0
1875,hbm2_8hi_2stack,1.1549839799097334,1.7316257496110967,2.0
1875,hbm2_8hi_no_pim,0.6641414607050246,1.0118757182995883,0.6720286176034346
1876,hbm2_4hi_1stack,1.8156053436545756,0.5507804895457793,1.0
1876,hbm2_8hi_1stack,1.0,1.0,1.0
1876,hbm2_12hi_1stack,0.6029330695886672,1.6585588856192937,1.0
1876,hbm2_8hi_2stack,0.737570556387067,2.711604988405241,2.0
1876,hbm2_8hi_no_pim,0.6762875475729926,1.0286541116473569,0.6956659664668663
1877,hbm2_4hi_1stack,1.6625537927389793,0.6014842974509396,1.0
1877,hbm2_8hi_1stack,1.0,1.0,1.0
1877,hbm2_12hi_1stack,0.6597893442352537,1.5156352686463532,1.0
1877,hbm2_8hi_2stack,0.9121195943293865,2.1926949189929976,2.0
1877,hbm2_8hi_no_pim,0.45660327692214403,1.0942822448595777,0.4996528588806032
1878,hbm2_4hi_1stack,1.5453563946035993,0.647099920440366,1.0
1878,hbm2_8hi_1stack,1.0,1.0,1.0
1878,hbm2_12hi_1stack,0.7102491414039768,1.4079566474705785,1.0
1878,hbm2_8hi_2stack,1.0165665500371044,1.9674068558787428,2.0
1878,hbm2_8hi_no_pim,0.8693785872407276,1.0068056069265034,0.8752952361758068
1879,hbm2_4hi_1stack,1.596982723642211,0.6261808504222997,1.0
1879,hbm2_8hi_1stack,1.0,1.0,1.0
1879,hbm2_12hi_1stack,0.6847739477070919,1.4603359303437522,1.0
1879,hbm2_8hi_2stack,0.9082180084610018,2.2021144497993936,2.0
1879,hbm2_8hi_no_pim,0.5965115085935693,1.0906853292603877,0.6506063511579877
1880,hbm2_4hi_1stack,1.6526576210747934,0.605086006470994,1.0
1880,hbm2_8hi_1stack,1.0,1.0,1.0
1880,hbm2_12hi_1stack,0.6609879402523045,1.5128869062547372,1.0
1880,hbm2_8hi_2stack,0.9199693767093932,2.1739854071596723,2.0
1880,hbm2_8hi_no_pim,0.6100985900401638,1.0293184625350795,0.6279857426949611
1881,hbm2_4hi_1stack,1.6905694197422985,0.5915166738035725,1.0
1881,hbm2_8hi_1stack,1.0,1.0,1.0
1881,hbm2_12hi_1stack,0.6491261486108685,1.540532610094359,1.0
1881,hbm2_8hi_2stack,0.8539380665093808,2.3420902269591344,2.0
1881,hbm2_8hi_no_pim,0.44144551426098355,1.1280029775786746,0.49795185452513874
1882,hbm2_4hi_1stack,1.7758432429460134,0.5631127657084543,1.0
1882,hbm2_8hi_1stack,1.0,1.0,1.0
1882,hbm2_12hi_1stack,0.616014808944026,1.6233375975395823,1.0
1882,hbm2_8hi_2stack,0.7349073780334496,2.7214313800357153,2.0
1882,hbm2_8hi_no_pim,0.44306920400985206,1.0965156588489002,0.4858323201505207
1883,hbm2_4hi_1stack,1.3854384326152889,0.7217931713589772,1.0
1883,hbm2_8hi_1stack,1.0,1.0,1.0
1883,hbm2_12hi_1stack,0.7914825551363176,1.263451725512471,1.0
1883,hbm2_8hi_2stack,1.299566421091115,1.5389748207873832,2.0
1883,hbm2_8hi_no_pim,0.5535587511537325,1.0907001847806073,0.6037666321702982
1884,hbm2_4hi_1stack,1.7156800335720128,0.5828592630515256,1.0
1884,hbm2_8hi_1stack,1.0,1.0,1.0
1884,hbm2_12hi_1stack,0.6361149519832886,1.572042909669369,1.0
1884,hbm2_8hi_2stack,0.7716925934117533,2.591705579494731,2.0
1884,hbm2_8hi_no_pim,0.7345609412563138,1.0165839119073854,0.7467428351967146
1885,hbm2_4hi_1stack,1.789248256735332,0.5588939356155099,1.0
1885,hbm2_8hi_1stack,1.0,1.0,1.0
1885,hbm2_12hi_1stack,0.6108274522981834,1.6371235383046225,1.0
1885,hbm2_8hi_2stack,0.7654328619559979,2.6129006205575913,2.0
1885,hbm2_8hi_no_pim,0.5380753267569853,1.0430451806873189,0.5612368764206279
1886,hbm2_4hi_1stack,1.816105957528899,0.5506286656097198,1.0
1886,hbm2_8hi_1stack,1.0,1.0,1.0
1886,hbm2_12hi_1stack,0.6031455527661584,1.6579745890751902,1.0
1886,hbm2_8hi_2stack,0.7358122979507866,2.718084497323482,2.0
1886,hbm2_8hi_no_pim,0.6314628439756395,1.0127629050880358,0.6395221443199217
1887,hbm2_4hi_1stack,1.7111769788965312,0.5843930886943439,1.0
1887,hbm2_8hi_1stack,1.0,1.0,1.0
1887,hbm2_12hi_1stack,0.641094163416043,1.559833261734193,1.0
1887,hbm2_8hi_2stack,0.8041432812883759,2.487118958198166,2.0
1887,hbm2_8hi_no_pim,0.44336499921305544,1.1439546880918747,0.5071894693856251
1888,hbm2_4hi_1stack,1.4085325017790822,0.7099587682477507,1.0
1888,hbm2_8hi_1stack,1.0,1.0,1.0
1888,hbm2_12hi_1stack,0.7771648098055023,1.286728358493568,1.0
1888,hbm2_8hi_2stack,1.2132264530334766,1.6484968614056537,2.0
1888,hbm2_8hi_no_pim,0.42586230075013237,1.098515633728,0.4678163951893958
1889,hbm2_4hi_1stack,1.6709567056363595,0.5984595511223402,1.0
1889,hbm2_8hi_1stack,1.0,1.0,1.0
1889,hbm2_12hi_1stack,0.6525459456418049,1.5324591420401215,1.0
1889,hbm2_8hi_2stack,0.8554671754794512,2.337903846373871,2.0
1889,hbm2_8hi_no_pim,0.456303692335062,1.0887862887503672,0.4968172037205816
1890,hbm2_4hi_1stack,1.650794868417994,0.6057687839545624,1.0
1890,hbm2_8hi_1stack,1.0,1.0,1.0
1890,hbm2_12hi_1stack,0.6608947555394286,1.5131002199946202,1.0
1890,hbm2_8hi_2stack,0.8784446531442094,2.2767512931422798,2.0
1890,hbm2_8hi_no_pim,0.38720897692818357,1.1136361730318958,0.431209923229898
1891,hbm2_4hi_1stack,1.5557694228135845,0.6427687710891732,1.0
1891,hbm2_8hi_1stack,1.0,1.0,1.0
1891,hbm2_12hi_1stack,0.704091988262317,1.4202689658037115,1.0
1891,hbm2_8hi_2stack,0.9991555464951891,2.001690334418446,2.0
1891,hbm2_8hi_no_pim,0.8167523122288082,1.0260567987963822,0.8380342628950341
1892,hbm2_4hi_1stack,1.6472155417827505,0.6070850927728126,1.0
1892,hbm2_8hi_1stack,1.0,1.0,1.0
1892,hbm2_12hi_1stack,0.6611442292225214,1.5125292724341846,1.0
1892,hbm2_8hi_2stack,0.8295098146695626,2.411062490920261,2.0
1892,hbm2_8hi_no_pim,0.9242721961760523,0.9458772286895273,0.8742480234737874
1893,hbm2_4hi_1stack,1.6694011690239323,0.5990171916464401,1.0
1893,hbm2_8hi_1stack,1.0,1.0,1.0
1893,hbm2_12hi_1stack,0.6565375743323535,1.523142069997929,1.0
1893,hbm2_8hi_2stack,0.8432592844187624,2.371749753551246,2.0
1893,hbm2_8hi_no_pim,0.5105876263649608,1.0780508284814345,0.5504394136151152
1894,hbm2_4hi_1stack,1.4850799783570847,0.6733644076908778,1.0
1894,hbm2_8hi_1stack,1.0,1.0,1.0
1894,hbm2_12hi_1stack,0.7364781771997774,1.3578134844431915,1.0
1894,hbm2_8hi_2stack,1.1114263131074442,1.7994895175805103,2.0
1894,hbm2_8hi_no_pim,0.537936637599229,1.0951707321156774,0.5891324612313935
1895,hbm2_4hi_1stack,1.4646936629131537,0.6827366194860728,1.0
1895,hbm2_8hi_1stack,1.0,1.0,1.0
1895,hbm2_12hi_1stack,0.746073601818829,1.3403503321416708,1.0
1895,hbm2_8hi_2stack,1.1299795659671354,1.7699435106936865,2.0
1895,hbm2_8hi_no_pim,0.385270556896651,1.1552731068763384,0.44509271325397115
1896,hbm2_4hi_1stack,1.5104958450188088,0.6620342606685872,1.0
1896,hbm2_8hi_1stack,1.0,1.0,1.0
1896,hbm2_12hi_1stack,0.7248952407909172,1.379509677714151,1.0
1896,hbm2_8hi_2stack,1.091975548714214,1.8315428421039026,2.0
1896,hbm2_8hi_no_pim,0.9237241932613351,1.003383134136924,0.9268492761126601
1897,hbm2_4hi_1stack,1.6129788031864225,0.6199709494163907,1.0
1897,hbm2_8hi_1stack,1.0,1.0,1.0
1897,hbm2_12hi_1stack,0.6774979636395246,1.476019196615724,1.0
1897,hbm2_8hi_2stack,0.9266526219146116,2.158306093029427,2.0
1897,hbm2_8hi_no_pim,0.60372413337533,1.0284504939818737,0.6209003831986368
1898,hbm2_4hi_1stack,1.6666353342963658,0.6000112798653633,1.0
1898,hbm2_8hi_1stack,1.0,1.0,1.0
1898,hbm2_12hi_1stack,0.6550253378361024,1.5266585004231021,1.0
1898,hbm2_8hi_2stack,0.8146547483564391,2.4550277329567987,2.0
1898,hbm2_8hi_no_pim,0.5019176818299375,1.0918063278381933,0.5479969010758027
1899,hbm2_4hi_1stack,1.3972432955579204,0.7156949710756703,1.0
1899,hbm2_8hi_1stack,1.0,1.0,1.0
1899,hbm2_12hi_1stack,0.781117173568115,1.2802176598320532,1.0
1899,hbm2_8hi_2stack,1.2001779928212768,1.6664194910777936,2.0
1899,hbm2_8hi_no_pim,0.9804076676021983,0.9212893499948878,0.9032391428152333
1900,hbm2_4hi_1stack,1.5369393264981264,0.6506437715264091,1.0
1900,hbm2_8hi_1stack,1.0,1.0,1.0
1900,hbm2_12hi_1stack,0.7116217051085018,1.405241004906573,1.0
1900,hbm2_8hi_2stack,0.970417839835647,2.0609678819782684,2.0
1900,hbm2_8hi_no_pim,0.9784327037102767,0.9298772799322607,0.9098223411228796
1901,hbm2_4hi_1stack,1.6612140477148223,0.601969385808895,1.0
1901,hbm2_8hi_1stack,1.0,1.0,1.0
1901,hbm2_12hi_1stack,0.6550492346733038,1.5266028064268107,1.0
1901,hbm2_8hi_2stack,0.8695594585202095,2.3000152323149248,2.0
1901,hbm2_8hi_no_pim,0.6535074512182405,1.0121867124727535,0.6614715586250391
1902,hbm2_4hi_1stack,1.6603789780515443,0.6022721398059981,1.0
1902,hbm2_8hi_1stack,1.0,1.0,1.0
1902,hbm2_12hi_1stack,0.6596768100509237,1.5158938206768326,1.0
1902,hbm2_8hi_2stack,0.8823048279133333,2.2667902710336922,2.0
1902,hbm2_8hi_no_pim,0.942037175611462,0.9632054035855706,0.9073752979274493
1903,hbm2_4hi_1stack,1.3945105286785617,0.7170974900760341,1.0
1903,hbm2_8hi_1stack,1.0,1.0,1.0
1903,hbm2_12hi_1stack,0.7831458788649079,1.2769013117318584,1.0
1903,hbm2_8hi_2stack,1.1823761179821166,1.6915091311327128,2.0
1903,hbm2_8hi_no_pim,0.7798692434341972,0.9892671271564908,0.7714990060098542
1904,hbm2_4hi_1stack,1.6988310688824693,0.5886400468634138,1.0
1904,hbm2_8hi_1stack,1.0,1.0,1.0
1904,hbm2_12hi_1stack,0.6465252137160128,1.5467300869092657,1.0
1904,hbm2_8hi_2stack,0.8700573524626253,2.2986990390221584,2.0
1904,hbm2_8hi_no_pim,0.8114017418806821,0.9648525815608441,0.7828830653365418
1905,hbm2_4hi_1stack,1.5236847054453277,0.6563037591873246,1.0
1905,hbm2_8hi_1stack,1.0,1.0,1.0
1905,hbm2_12hi_1stack,0.718457500797651,1.3918707771716112,1.0
1905,hbm2_8hi_2stack,1.062551703699876,1.882261345999321,2.0
1905,hbm2_8hi_no_pim,0.4663947547179886,1.1180311165800854,0.5214438483844478
1906,hbm2_4hi_1stack,1.4073550469409413,0.7105527508311585,1.0
1906,hbm2_8hi_1stack,1.0,1.0,1.0
1906,hbm2_12hi_1stack,0.7785611513075634,1.2844206242766398,1.0
1906,hbm2_8hi_2stack,1.2077461879152054,1.6559770753260434,2.0
1906,hbm2_8hi_no_pim,0.46557522686963554,1.0861059082653401,0.5056640046450873
1907,hbm2_4hi_1stack,1.7168820469580115,0.5824511950438354,1.0
1907,hbm2_8hi_1stack,1.0,1.0,1.0
1907,hbm2_12hi_1stack,0.6340100238915867,1.5772621288571238,1.0
1907,hbm2_8hi_2stack,0.8212775531862997,2.43523032163807,2.0
1907,hbm2_8hi_no_pim,0.7373388160598999,0.9934101978599736,0.7324798991519039
1908,hbm2_4hi_1stack,1.4941960489883643,0.6692562202108909,1.0
1908,hbm2_8hi_1stack,1.0,1.0,1.0
1908,hbm2_12hi_1stack,0.7323171867812757,1.3655285142156226,1.0
1908,hbm2_8hi_2stack,1.0613638470935465,1.8843679342167416,2.0
1908,hbm2_8hi_no_pim,0.3871097866370204,1.1730855547217092,0.45411289879529154
1909,hbm2_4hi_1stack,1.716517396662364,0.5825749287157957,1.0
1909,hbm2_8hi_1stack,1.0,1.0,1.0
1909,hbm2_12hi_1stack,0.637149374742418,1.5694906714838615,1.0
1909,hbm2_8hi_2stack,0.8280685570895081,2.415258957579058,2.0
1909,hbm2_8hi_no_pim,0.46970551583285663,1.1402988423873182,0.5356046559671446
1910,hbm2_4hi_1stack,1.4413053036187211,0.6938155278338844,1.0
1910,hbm2_8hi_1stack,1.0,1.0,1.0
1910,hbm2_12hi_1stack,0.7605330601847096,1.3148672324081894,1.0
1910,hbm2_8hi_2stack,1.115676177029398,1.792634853354317,2.0
1910,hbm2_8hi_no_pim,0.37310044214885524,1.1277300952885108,0.42075659717671404
1911,hbm2_4hi_1stack,1.4744392396998611,0.6782239464839266,1.0
1911,hbm2_8hi_1stack,1.0,1.0,1.0
1911,hbm2_12hi_1stack,0.743694026984917,1.344639009747326,1.0
1911,hbm2_8hi_2stack,1.1587393071759184,1.7260137699776523,2.0
1911,hbm2_8hi_no_pim,0.9713160145911641,0.9310384899459994,0.9043325954853237
1912,hbm2_4hi_1stack,1.4353907791855556,0.696674393134532,1.0
1912,hbm2_8hi_1stack,1.0,1.0,1.0
1912,hbm2_12hi_1stack,0.7628611903271291,1.310854468256776,1.0
1912,hbm2_8hi_2stack,1.189204344345388,1.6817967488177352,2.0
1912,hbm2_8hi_no_pim,0.45103496919764624,1.140361277167651,0.5143428135215
1913,hbm2_4hi_1stack,1.5718617007880775,0.6361882852025941,1.0
1913,hbm2_8hi_1stack,1.0,1.0,1.0
1913,hbm2_12hi_1stack,0.6953233162817156,1.4381798748639147,1.0
1913,hbm2_8hi_2stack,0.9417344801192563,2.1237408656277834,2.0
1913,hbm2_8hi_no_pim,0.42061621132578375,1.1084463155681272,0.4662304897122898
1914,hbm2_4hi_1stack,1.4859432843485438,0.6729731952309421,1.0
1914,hbm2_8hi_1stack,1.0,1.0,1.0
1914,hbm2_12hi_1stack,0.7381016289573589,1.3548269787896259,1.0
1914,hbm2_8hi_2stack,1.0854877722317924,1.842489663322458,2.0
1914,hbm2_8hi_no_pim,0.4578867744864825,1.0725850214777801,0.4911224958469753
1915,hbm2_4hi_1stack,1.6106589317166593,0.6208639087445957,1.0
1915,hbm2_8hi_1stack,1.0,1.0,1.0
1915,hbm2_12hi_1stack,0.6774611991917349,1.4760992971893883,1.0
1915,hbm2_8hi_2stack,0.9290645781545096,2.1527028874276883,2.0
1915,hbm2_8hi_no_pim,0.79091345104572,1.0421154381874693,0.824223117604874
1916,hbm2_4hi_1stack,1.4175785854218093,0.7054282635783778,1.0
1916,hbm2_8hi_1stack,1.0,1.0,1.0
1916,hbm2_12hi_1stack,0.7707250723337968,1.2974795240174897,1.0
1916,hbm2_8hi_2stack,1.2160789033939303,1.6446301259056793,2.0
1916,hbm2_8hi_no_pim,0.3566259507744468,1.18557377881093,0.4228063760817016
1917,hbm2_4hi_1stack,1.537435445599516,0.6504338135706599,1.0
1917,hbm2_8hi_1stack,1.0,1.0,1.0
1917,hbm2_12hi_1stack,0.7120158335638245,1.4044631493582662,1.0
1917,hbm2_8hi_2stack,1.0618238975316054,1.8835515047733888,2.0
1917,hbm2_8hi_no_pim,0.37846137580691064,1.134568497631707,0.42939035456087543
1918,hbm2_4hi_1stack,1.4298897935273989,0.699354596785461,1.0
1918,hbm2_8hi_1stack,1.0,1.0,1.0
1918,hbm2_12hi_1stack,0.7664058772059656,1.3047916642362305,1.0
1918,hbm2_8hi_2stack,1.2051861818053486,1.6594946326085764,2.0
1918,hbm2_8hi_no_pim,0.6425541204432877,1.0490614852072562,0.6740787799182776
1919,hbm2_4hi_1stack,1.7971706171304604,0.5564301967036933,1.0
1919,hbm2_8hi_1stack,1.0,1.0,1.0
1919,hbm2_12hi_1stack,0.6084920197630286,1.6434069265024058,1.0
1919,hbm2_8hi_2stack,0.7521587866861904,2.659013010818451,2.0
1919,hbm2_8hi_no_pim,0.42133433162310896,1.1497567028492506,0.4844319719241785
1920,hbm2_4hi_1stack,1.5669420890927253,0.6381856783099175,1.0
1920,hbm2_8hi_1stack,1.0,1.0,1.0
1920,hbm2_12hi_1stack,0.6951665264619904,1.4385042460105808,1.0
1920,hbm2_8hi_2stack,0.9899762773348196,2.0202504300247797,2.0
1920,hbm2_8hi_no_pim,0.5930345296058304,1.0488495366938806,0.6220039916205486
1921,hbm2_4hi_1stack,1.6603262019376428,0.6022912839856256,1.0
1921,hbm2_8hi_1stack,1.0,1.0,1.0
1921,hbm2_12hi_1stack,0.6582845759431555,1.5190998491302226,1.0
1921,hbm2_8hi_2stack,0.8320110257689421,2.403814298195875,2.0
1921,hbm2_8hi_no_pim,0.3638004831969819,1.1393036404566281,0.4144792149062018
1922,hbm2_4hi_1stack,1.5608421755709094,0.640679766123202,1.0
1922,hbm2_8hi_1stack,1.0,1.0,1.0
1922,hbm2_12hi_1stack,0.6986834424169276,1.4312633437265097,1.0
1922,hbm2_8hi_2stack,0.8961726773614227,2.2317127608582608,2.0
1922,hbm2_8hi_no_pim,0.4097926353282849,1.1396550525335343,0.467022247342912
1923,hbm2_4hi_1stack,1.6551277101350454,0.6041829847186885,1.0
1923,hbm2_8hi_1stack,1.0,1.0,1.0
1923,hbm2_12hi_1stack,0.657868781168391,1.5200599703545372,1.0
1923,hbm2_8hi_2stack,0.8632752206186882,2.3167582622916583,2.0
1923,hbm2_8hi_no_pim,0.3867118699409232,1.1866909365280576,0.45890747110671054
1924,hbm2_4hi_1stack,1.751280788288394,0.5710106607046979,1.0
1924,hbm2_8hi_1stack,1.0,1.0,1.0
1924,hbm2_12hi_1stack,0.6233798202497169,1.60415844003326,1.0
1924,hbm2_8hi_2stack,0.7705566757182042,2.595526147555444,2.0
1924,hbm2_8hi_no_pim,0.6540606337629576,1.0413136699042065,0.6810822788835765
1925,hbm2_4hi_1stack,1.5855487223331044,0.630696481233651,1.0
1925,hbm2_8hi_1stack,1.0,1.0,1.0
1925,hbm2_12hi_1stack,0.6909269286768576,1.4473310541174378,1.0
1925,hbm2_8hi_2stack,0.9468738723009699,2.11221373670377,2.0
1925,hbm2_8hi_no_pim,0.35418902849911865,1.178758041517496,0.41750316556060574
1926,hbm2_4hi_1stack,1.5715306022054754,0.6363223207977031,1.0
1926,hbm2_8hi_1stack,1.0,1.0,1.0
1926,hbm2_12hi_1stack,0.6989557889008383,1.4307056553213142,1.0
1926,hbm2_8hi_2stack,0.9511648712229535,2.1026848872462187,2.0
1926,hbm2_8hi_no_pim,0.9608648834928132,1.0000977741965549,0.9609588312847945
1927,hbm2_4hi_1stack,1.6085682257465976,0.6216708648064101,1.0
1927,hbm2_8hi_1stack,1.0,1.0,1.0
1927,hbm2_12hi_1stack,0.6780166235399582,1.4748900916012218,1.0
1927,hbm2_8hi_2stack,0.9142506052422585,2.1875840043551724,2.0
1927,hbm2_8hi_no_pim,0.6494533466929686,1.0085002511405068,0.6549738632439015
1928,hbm2_4hi_1stack,1.7880528005904963,0.5592676008615375,1.0
1928,hbm2_8hi_1stack,1.0,1.0,1.0
1928,hbm2_12hi_1stack,0.6117711845209011,1.6345980740873471,1.0
1928,hbm2_8hi_2stack,0.7259933853867004,2.7548460361449436,2.0
1928,hbm2_8hi_no_pim,0.9817896329907653,0.9480383210695146,0.9307741953040201
1929,hbm2_4hi_1stack,1.7639985190720422,0.566893899959765,1.0
1929,hbm2_8hi_1stack,1.0,1.0,1.0
1929,hbm2_12hi_1stack,0.6223580724932476,1.6067920449619455,1.0
1929,hbm2_8hi_2stack,0.7520180629380879,2.659510587001227,2.0
1929,hbm2_8hi_no_pim,0.38455242273223145,1.1239300834531094,0.4322100365735323
1930,hbm2_4hi_1stack,1.5849258323633513,0.6309443505686678,1.0
1930,hbm2_8hi_1stack,1.0,1.0,1.0
1930,hbm2_12hi_1stack,0.6909484199243531,1.4472860363577975,1.0
1930,hbm2_8hi_2stack,0.9630347682655328,2.076768218453926,2.0
1930,hbm2_8hi_no_pim,0.5554701435229519,1.0376042880376382,0.5763582027962971
1931,hbm2_4hi_1stack,1.517384973018776,0.6590285377681976,1.0
1931,hbm2_8hi_1stack,1.0,1.0,1.0
1931,hbm2_12hi_1stack,0.7237663622540059,1.3816613373488749,1.0
1931,hbm2_8hi_2stack,1.080690404445976,1.8506687870753464,2.0
1931,hbm2_8hi_no_pim,0.9060951836865359,0.9875308596369928,0.8947969556589037
1932,hbm2_4hi_1stack,1.6796535146408673,0.5953608832318096,1.0
1932,hbm2_8hi_1stack,1.0,1.0,1.0
1932,hbm2_12hi_1stack,0.6478854327498572,1.5434827663212658,1.0
1932,hbm2_8hi_2stack,0.8248207370976088,2.4247692984024978,2.0
1932,hbm2_8hi_no_pim,0.7637026826991504,0.9700415173361734,0.74082330911919
1933,hbm2_4hi_1stack,1.7143509606634912,0.5833111322858758,1.0
1933,hbm2_8hi_1stack,1.0,1.0,1.0
1933,hbm2_12hi_1stack,0.6367967318613826,1.5703598180803464,1.0
1933,hbm2_8hi_2stack,0.7706855613442581,2.5950920846519123,2.0
1933,hbm2_8hi_no_pim,0.8623846355557809,1.0052476019072443,0.8669100868141016
1934,hbm2_4hi_1stack,1.6826808058183487,0.5942897764936849,1.0
1934,hbm2_8hi_1stack,1.0,1.0,1.0
1934,hbm2_12hi_1stack,0.6483533481977714,1.5423688375786155,1.0
1934,hbm2_8hi_2stack,0.857287998262709,2.3329382938440673,2.0
1934,hbm2_8hi_no_pim,0.561941918822148,1.0589673078260629,0.5950781209297019
1935,hbm2_4hi_1stack,1.698472509643511,0.5887643128294658,1.0
1935,hbm2_8hi_1stack,1.0,1.0,1.0
1935,hbm2_12hi_1stack,0.6446257626057315,1.5512876741968253,1.0
1935,hbm2_8hi_2stack,0.7914438792072177,2.5270269346240726,2.0
1935,hbm2_8hi_no_pim,0.513471337952136,1.0743893019832456,0.5516681123707985
1936,hbm2_4hi_1stack,1.6112529619689913,0.62063501113939,1.0
1936,hbm2_8hi_1stack,1.0,1.0,1.0
1936,hbm2_12hi_1stack,0.677309834650007,1.4764291744216882,1.0
1936,hbm2_8hi_2stack,0.9339433573479236,2.141457492325133,2.0
1936,hbm2_8hi_no_pim,0.417908403034652,1.1042959516821163,0.4614945576451044
1937,hbm2_4hi_1stack,1.7007937327183875,0.5879607742919506,1.0
1937,hbm2_8hi_1stack,1.0,1.0,1.0
1937,hbm2_12hi_1stack,0.6438969456138492,1.5530435527173767,1.0
1937,hbm2_8hi_2stack,0.850015756993713,2.3528975593034716,2.0
1937,hbm2_8hi_no_pim,0.4169710146035599,1.1273951555247244,0.4700911018582825
1938,hbm2_4hi_1stack,1.4962979688733173,0.6683160846318466,1.0
1938,hbm2_8hi_1stack,1.0,1.0,1.0
1938,hbm2_12hi_1stack,0.729014172676599,1.371715444609901,1.0
1938,hbm2_8hi_2stack,0.9873277535603224,2.0256697867430167,2.0
1938,hbm2_8hi_no_pim,0.5252758663383834,1.0849579953680009,0.5699022509576824
1939,hbm2_4hi_1stack,1.4232619666122608,0.7026113417337104,1.0
1939,hbm2_8hi_1stack,1.0,1.0,1.0
1939,hbm2_12hi_1stack,0.7676307640241167,1.3027096448789317,1.0
1939,hbm2_8hi_2stack,1.113248880073852,1.7965434646269949,2.0
1939,hbm2_8hi_no_pim,0.5374655360589687,1.0621837156557374,0.5708871401280181
1940,hbm2_4hi_1stack,1.427336627946743,0.7006055757418089,1.0
1940,hbm2_8hi_1stack,1.0,1.0,1.0
1940,hbm2_12hi_1stack,0.76505620422997,1.3070935108702257,1.0
1940,hbm2_8hi_2stack,1.204752784420645,1.6600916186815726,2.0
1940,hbm2_8hi_no_pim,0.7966593616668174,1.0066791614757673,0.8019803781845718
1941,hbm2_4hi_1stack,1.6380549068393462,0.6104801468038189,1.0
1941,hbm2_8hi_1stack,1.0,1.0,1.0
1941,hbm2_12hi_1stack,0.6699232697493172,1.4927082625062364,1.0
1941,hbm2_8hi_2stack,0.9104307223504607,2.196762423434697,2.0
1941,hbm2_8hi_no_pim,0.5420851045968464,1.1036322364052729,0.5982625963082039
1942,hbm2_4hi_1stack,1.553610090552989,0.6436621428250777,1.0
1942,hbm2_8hi_1stack,1.0,1.0,1.0
1942,hbm2_12hi_1stack,0.7065115061444517,1.4154051155616174,1.0
1942,hbm2_8hi_2stack,0.9755878544785566,2.050046021810084,2.0
1942,hbm2_8hi_no_pim,0.8418103693674627,1.0144681997518092,0.8539898499446155
1943,hbm2_4hi_1stack,1.4998386390124165,0.666738390376754,1.0
1943,hbm2_8hi_1stack,1.0,1.0,1.0
1943,hbm2_12hi_1stack,0.7278000532348815,1.3740037467093615,1.0
1943,hbm2_8hi_2stack,1.007640721984785,1.9848344319198716,2.0
1943,hbm2_8hi_no_pim,0.4387166250307664,1.1077794985353122,0.486001282875687
1944,hbm2_4hi_1stack,1.6350895972494783,0.6115872804048073,1.0
1944,hbm2_8hi_1stack,1.0,1.0,1.0
1944,hbm2_12hi_1stack,0.6673706266456018,1.4984177607970102,1.0
1944,hbm2_8hi_2stack,0.8734342255554335,2.2898118043498488,2.0
1944,hbm2_8hi_no_pim,0.6455238328382599,1.0028415121487328,0.6473580966515664
1945,hbm2_4hi_1stack,1.6654182175053418,0.6004497786135167,1.0
1945,hbm2_8hi_1stack,1.0,1.0,1.0
1945,hbm2_12hi_1stack,0.6565881244890951,1.5230248045959114,1.0
1945,hbm2_8hi_2stack,0.9045535646733315,2.2110354523032316,2.0
1945,hbm2_8hi_no_pim,0.6401814087940725,1.0438666191025172,0.668264002810155
1946,hbm2_4hi_1stack,1.4448202352853787,0.6921276263842481,1.0
1946,hbm2_8hi_1stack,1.0,1.0,1.0
1946,hbm2_12hi_1stack,0.7560342852031395,1.3226913376439127,1.0
1946,hbm2_8hi_2stack,1.1630336475200913,1.719640703658533,2.0
1946,hbm2_8hi_no_pim,0.35131441529878654,1.2146038190880872,0.42670783052260447
1947,hbm2_4hi_1stack,1.4426515573489953,0.6931680729874868,1.0
1947,hbm2_8hi_1stack,1.0,1.0,1.0
1947,hbm2_12hi_1stack,0.757624673071586,1.319914775142906,1.0
1947,hbm2_8hi_2stack,1.091848159398196,1.8317565338960304,2.0
1947,hbm2_8hi_no_pim,0.4032819860229134,1.1367748810106615,0.4584408316749406
1948,hbm2_4hi_1stack,1.742997432367835,0.5737243104492217,1.0
1948,hbm2_8hi_1stack,1.0,1.0,1.0
1948,hbm2_12hi_1stack,0.6297940470961643,1.587820660755322,1.0
1948,hbm2_8hi_2stack,0.8293850889597152,2.4114250745797334,2.0
1948,hbm2_8hi_no_pim,0.5686985200011525,1.0425288469376037,0.5928846123119232
1949,hbm2_4hi_1stack,1.4055934666719077,0.7114432613063782,1.0
1949,hbm2_8hi_1stack,1.0,1.0,1.0
1949,hbm2_12hi_1stack,0.778497368504513,1.2845258577058414,1.0
1949,hbm2_8hi_2stack,1.211276327756637,1.6511509010533798,2.0
1949,hbm2_8hi_no_pim,0.34150248902741936,1.2201503293870628,0.41668437447330753
1950,hbm2_4hi_1stack,1.5520417073164259,0.6443125821206575,1.0
1950,hbm2_8hi_1stack,1.0,1.0,1.0
1950,hbm2_12hi_1stack,0.7057717207035019,1.4168887342258714,1.0
1950,hbm2_8hi_2stack,1.0495495570064313,1.905579385602794,2.0
1950,hbm2_8hi_no_pim,0.9583345092422771,0.9300092065821024,0.8912599165806586
1951,hbm2_4hi_1stack,1.7784137780878566,0.5622988374928112,1.0
1951,hbm2_8hi_1stack,1.0,1.0,1.0
1951,hbm2_12hi_1stack,0.6150834282564379,1.6257957117047939,1.0
1951,hbm2_8hi_2stack,0.7623135345223451,2.623592405785071,2.0
1951,hbm2_8hi_no_pim,0.40245243182990365,1.195754017769038,0.48123411232152713
1952,hbm2_4hi_1stack,1.510437347410825,0.6620599005408526,1.0
1952,hbm2_8hi_1stack,1.0,1.0,1.0
1952,hbm2_12hi_1stack,0.7225637140392085,1.3839609996603524,1.0
1952,hbm2_8hi_2stack,1.0313669040978313,1.939174111612067,2.0
1952,hbm2_8hi_no_pim,0.35014619246799406,1.1800059900296336,0.41317460449830196
1953,hbm2_4hi_1stack,1.5854647158433293,0.630729898942019,1.0
1953,hbm2_8hi_1stack,1.0,1.0,1.0
1953,hbm2_12hi_1stack,0.6926182707656193,1.443796737984693,1.0
1953,hbm2_8hi_2stack,0.9412791175109189,2.1247682677681414,2.0
1953,hbm2_8hi_no_pim,0.382570584011674,1.1499227956549307,0.4399266355020437
1954,hbm2_4hi_1stack,1.4972759208872244,0.6678795711931579,1.0
1954,hbm2_8hi_1stack,1.0,1.0,1.0
1954,hbm2_12hi_1stack,0.730877143486763,1.3682190076834864,1.0
1954,hbm2_8hi_2stack,1.1011954393194763,1.8162080304618522,2.0
1954,hbm2_8hi_no_pim,1.0442161164886241,0.9465266360674676,0.9883783680674122
1955,hbm2_4hi_1stack,1.8102466623687652,0.5524109066393572,1.0
1955,hbm2_8hi_1stack,1.0,1.0,1.0
1955,hbm2_12hi_1stack,0.6067310726610284,1.6481766717734678,1.0
1955,hbm2_8hi_2stack,0.7532703048648676,2.655089397635008,2.0
1955,hbm2_8hi_no_pim,0.6039465541022396,1.0590894362950494,0.6396334155364785
1956,hbm2_4hi_1stack,1.526034840451652,0.6552930336138562,1.0
1956,hbm2_8hi_1stack,1.0,1.0,1.0
1956,hbm2_12hi_1stack,0.7166128020342488,1.3954537194441683,1.0
1956,hbm2_8hi_2stack,1.0136785814266667,1.973011994773698,2.0
1956,hbm2_8hi_no_pim,0.41761789481933087,1.096337114466002,0.4578499977555915
1957,hbm2_4hi_1stack,1.4522521155351498,0.6885856727648859,1.0
1957,hbm2_8hi_1stack,1.0,1.0,1.0
1957,hbm2_12hi_1stack,0.7530703218241429,1.3278972375086109,1.0
1957,hbm2_8hi_2stack,1.1346237079706858,1.7626989335319547,2.0
1957,hbm2_8hi_no_pim,0.8821755221936399,0.9824469506583482,0.8666906517245775
1958,hbm2_4hi_1stack,1.4592523718779555,0.6852824221988895,1.0
1958,hbm2_8hi_1stack,1.0,1.0,1.0
1958,hbm2_12hi_1stack,0.7532492358906326,1.327581831288036,1.0
1958,hbm2_8hi_2stack,1.143138269523808,1.7495696306564308,2.0
1958,hbm2_8hi_no_pim,1.0042543114019271,0.959649263427464,0.9637319102307144
1959,hbm2_4hi_1stack,1.7561538312157727,0.5694261984485193,1.0
1959,hbm2_8hi_1stack,1.0,1.0,1.0
1959,hbm2_12hi_1stack,0.6242289584531493,1.601976304460495,1.0
1959,hbm2_8hi_2stack,0.7348636255152009,2.721593409386446,2.0
1959,hbm2_8hi_no_pim,0.4324102493026917,1.0951094041433735,0.4735365304593583
1960,hbm2_4hi_1stack,1.6736158677978912,0.5975086752229346,1.0
1960,hbm2_8hi_1stack,1.0,1.0,1.0
1960,hbm2_12hi_1stack,0.6519837607963471,1.533780532782869,1.0
1960,hbm2_8hi_2stack,0.839251683447378,2.3830753508704783,2.0
1960,hbm2_8hi_no_pim,0.5021261895350156,1.1038087926640507,0.554251303035646
1961,hbm2_4hi_1stack,1.5461499636129779,0.6467677932503018,1.0
1961,hbm2_8hi_1stack,1.0,1.0,1.0
1961,hbm2_12hi_1stack,0.7080786635564533,1.4122724655722838,1.0
1961,hbm2_8hi_2stack,0.9577018885048033,2.0883325218481796,2.0
1961,hbm2_8hi_no_pim,0.44741974273549023,1.1403391417996078,0.5102102454551902
1962,hbm2_4hi_1stack,1.536221379019576,0.6509478475284629,1.0
1962,hbm2_8hi_1stack,1.0,1.0,1.0
1962,hbm2_12hi_1stack,0.7135795410216084,1.401385469331608,1.0
1962,hbm2_8hi_2stack,1.0009346776986532,1.9981323902159087,2.0
1962,hbm2_8hi_no_pim,0.3604433196842283,1.1671974114393728,0.4207085097060456
1963,hbm2_4hi_1stack,1.7106956488789158,0.5845575165023295,1.0
1963,hbm2_8hi_1stack,1.0,1.0,1.0
1963,hbm2_12hi_1stack,0.6376551461885532,1.568245792380545,1.0
1963,hbm2_8hi_2stack,0.7564605540929892,2.643891990373561,2.0
1963,hbm2_8hi_no_pim,0.3923578227054437,1.1202280648685825,0.4395302444653696
1964,hbm2_4hi_1stack,1.7731314877105335,0.5639739674868667,1.0
1964,hbm2_8hi_1stack,1.0,1.0,1.0
1964,hbm2_12hi_1stack,0.6178408665505213,1.6185397472703908,1.0
1964,hbm2_8hi_2stack,0.7318584807928861,2.7327687694938314,2.0
1964,hbm2_8hi_no_pim,0.6194353401776164,1.0736844061289719,0.6650780653539017
1965,hbm2_4hi_1stack,1.5297889487115786,0.6536849418622234,1.0
1965,hbm2_8hi_1stack,1.0,1.0,1.0
1965,hbm2_12hi_1stack,0.7160250370252299,1.3965992085340502,1.0
1965,hbm2_8hi_2stack,1.0604903743341128,1.8859199936216395,2.0
1965,hbm2_8hi_no_pim,0.5062967816652381,1.0546760260645123,0.5339790776959453
1966,hbm2_4hi_1stack,1.821998975534023,0.5488477290207602,1.0
1966,hbm2_8hi_1stack,1.0,1.0,1.0
1966,hbm2_12hi_1stack,0.6000830652211075,1.6664359618806082,1.0
1966,hbm2_8hi_2stack,0.726929171092477,2.751299685764802,2.0
1966,hbm2_8hi_no_pim,0.776540669952782,1.0362433833335847,0.8046851311279993
1967,hbm2_4hi_1stack,1.450368183293481,0.6894800999627628,1.0
1967,hbm2_8hi_1stack,1.0,1.0,1.0
1967,hbm2_12hi_1stack,0.7547762879274786,1.3248958876886223,1.0
1967,hbm2_8hi_2stack,1.176735645673931,1.699617078272984,2.0
1967,hbm2_8hi_no_pim,0.7106572409280655,0.9983811582058124,0.7095067992851091
1968,hbm2_4hi_1stack,1.7041716063924857,0.5867953651198735,1.0
1968,hbm2_8hi_1stack,1.0,1.0,1.0
1968,hbm2_12hi_1stack,0.6423170264067166,1.5568636030003005,1.0
1968,hbm2_8hi_2stack,0.8277478171209824,2.4161948345043873,2.0
1968,hbm2_8hi_no_pim,0.8121794691942279,1.0332908234733413,0.839217592531845
1969,hbm2_4hi_1stack,1.642300996454543,0.6089017799775042,1.0
1969,hbm2_8hi_1stack,1.0,1.0,1.0
1969,hbm2_12hi_1stack,0.6631438032840647,1.507968550784511,1.0
1969,hbm2_8hi_2stack,0.8850557873131947,2.259744559234502,2.0
1969,hbm2_8hi_no_pim,0.8004047271915747,0.9871952394050086,0.7901557362807873
1970,hbm2_4hi_1stack,1.707060796707112,0.5858022174306744,1.0
1970,hbm2_8hi_1stack,1.0,1.0,1.0
1970,hbm2_12hi_1stack,0.6382879372784461,1.5666910521039048,1.0
1970,hbm2_8hi_2stack,0.7820232706701105,2.557468652161992,2.0
1970,hbm2_8hi_no_pim,0.4793659843706896,1.1050575383937804,0.5297269946783857
1971,hbm2_4hi_1stack,1.509872797854769,0.6623074482968383,1.0
1971,hbm2_8hi_1stack,1.0,1.0,1.0
1971,hbm2_12hi_1stack,0.7217263132565244,1.385566774596132,1.0
1971,hbm2_8hi_2stack,0.9651548712628994,2.0722062951234053,2.0
1971,hbm2_8hi_no_pim,0.4521945029560293,1.1581355150171588,0.5237025135689092
1972,hbm2_4hi_1stack,1.4349227713241746,0.6969016172746221,1.0
1972,hbm2_8hi_1stack,1.0,1.0,1.0
1972,hbm2_12hi_1stack,0.7615997467953726,1.3130256466178698,1.0
1972,hbm2_8hi_2stack,1.1763637940063,1.7001543316703682,2.0
1972,hbm2_8hi_no_pim,0.6506465127303467,1.0720720609620837,0.6975399478606155
1973,hbm2_4hi_1stack,1.423819183331333,0.7023363722774711,1.0
1973,hbm2_8hi_1stack,1.0,1.0,1.0
1973,hbm2_12hi_1stack,0.7669978340751071,1.3037846465444862,1.0
1973,hbm2_8hi_2stack,1.2071360163584208,1.656814122764243,2.0
1973,hbm2_8hi_no_pim,0.674109921343565,1.047695445735917,0.7062618945170503
1974,hbm2_4hi_1stack,1.6481129431019106,0.6067545335320902,1.0
1974,hbm2_8hi_1stack,1.0,1.0,1.0
1974,hbm2_12hi_1stack,0.6664954012845443,1.5003854461301434,1.0
1974,hbm2_8hi_2stack,0.9194690810020327,2.1751683023646757,2.0
1974,hbm2_8hi_no_pim,0.6583106151918212,1.0424153820434432,0.6862331114384365
1975,hbm2_4hi_1stack,1.7749715505772308,0.5633893116060336,1.0
1975,hbm2_8hi_1stack,1.0,1.0,1.0
1975,hbm2_12hi_1stack,0.6194618259808513,1.6143044785957672,1.0
1975,hbm2_8hi_2stack,0.7863198037454525,2.5434943778262515,2.0
1975,hbm2_8hi_no_pim,0.7911112430261747,1.0383458570920732,0.8214470816951888
1976,hbm2_4hi_1stack,1.6446930464107696,0.6080161901227163,1.0
1976,hbm2_8hi_1stack,1.0,1.0,1.0
1976,hbm2_12hi_1stack,0.6629042837119649,1.5085134076980937,1.0
1976,hbm2_8hi_2stack,0.8386077576068727,2.384905197761802,2.0
1976,hbm2_8hi_no_pim,0.8877645771688966,0.975784580478961,0.8662669854968339
1977,hbm2_4hi_1stack,1.598270514275067,0.625676311405628,1.0
1977,hbm2_8hi_1stack,1.0,1.0,1.0
1977,hbm2_12hi_1stack,0.6820824129352346,1.4660984963630084,1.0
1977,hbm2_8hi_2stack,0.8648700478660764,2.3124861416286397,2.0
1977,hbm2_8hi_no_pim,0.4013714541085416,1.1273639104270907,0.452491692037613
1978,hbm2_4hi_1stack,1.4319316502293549,0.698357355143193,1.0
1978,hbm2_8hi_1stack,1.0,1.0,1.0
1978,hbm2_12hi_1stack,0.759663135187652,1.3163729470075969,1.0
1978,hbm2_8hi_2stack,1.1212183804681732,1.7837738257241955,2.0
1978,hbm2_8hi_no_pim,0.6245950367279552,1.053768205608986,0.6581783910850961
1979,hbm2_4hi_1stack,1.8267188663537217,0.547429611868016,1.0
1979,hbm2_8hi_1stack,1.0,1.0,1.0
1979,hbm2_12hi_1stack,0.5995549995129689,1.66790369659551,1.0
1979,hbm2_8hi_2stack,0.737368329793446,2.71234865831605,2.0
1979,hbm2_8hi_no_pim,0.5944470485772473,1.0401207419173095,0.6182967051967214
1980,hbm2_4hi_1stack,1.7118232673089966,0.5841724546553279,1.0
1980,hbm2_8hi_1stack,1.0,1.0,1.0
1980,hbm2_12hi_1stack,0.6385272501264656,1.5661038738784316,1.0
1980,hbm2_8hi_2stack,0.8425911546725896,2.3736304243273847,2.0
1980,hbm2_8hi_no_pim,0.40709532176568275,1.1278953949158812,0.45916093871131247
1981,hbm2_4hi_1stack,1.6844684330628217,0.5936590917181678,1.0
1981,hbm2_8hi_1stack,1.0,1.0,1.0
1981,hbm2_12hi_1stack,0.6495711020889542,1.5394773517234717,1.0
1981,hbm2_8hi_2stack,0.855280488108342,2.3384141551311193,2.0
1981,hbm2_8hi_no_pim,0.5316514818800531,1.0474560702650333,0.5568815719606619
1982,hbm2_4hi_1stack,1.5122866235351493,0.6612503109115528,1.0
1982,hbm2_8hi_1stack,1.0,1.0,1.0
1982,hbm2_12hi_1stack,0.7212821759840407,1.38641995226862,1.0
1982,hbm2_8hi_2stack,0.9606647416129259,2.081891749916899,2.0
1982,hbm2_8hi_no_pim,0.36475464844932237,1.1375842897056647,0.41493915767306183
1983,hbm2_4hi_1stack,1.786097360584853,0.559879893486071,1.0
1983,hbm2_8hi_1stack,1.0,1.0,1.0
1983,hbm2_12hi_1stack,0.6129754156828185,1.6313867969501825,1.0
1983,hbm2_8hi_2stack,0.7682575001171484,2.6032938171056297,2.0
1983,hbm2_8hi_no_pim,0.6480929952649445,1.072925189616779,0.6953552998339468
1984,hbm2_4hi_1stack,1.7383323283155176,0.5752639951009955,1.0
1984,hbm2_8hi_1stack,1.0,1.0,1.0
1984,hbm2_12hi_1stack,0.6305423841721246,1.585936211588627,1.0
1984,hbm2_8hi_2stack,0.7651897635543593,2.6137307309364175,2.0
1984,hbm2_8hi_no_pim,0.40927348699790755,1.1693966732993273,0.47860305416496857
1985,hbm2_4hi_1stack,1.419168292515547,0.7046380653188423,1.0
1985,hbm2_8hi_1stack,1.0,1.0,1.0
1985,hbm2_12hi_1stack,0.7727921492889881,1.2940090047758066,1.0
1985,hbm2_8hi_2stack,1.2376452536919593,1.6159719386745899,2.0
1985,hbm2_8hi_no_pim,0.3237340179623978,1.2372765249744657,0.40054850076053683
1986,hbm2_4hi_1stack,1.4287064038702804,0.6999338683518599,1.0
1986,hbm2_8hi_1stack,1.0,1.0,1.0
1986,hbm2_12hi_1stack,0.7629803758357,1.3106496990891674,1.0
1986,hbm2_8hi_2stack,1.1700497993811576,1.7093289542528918,2.0
1986,hbm2_8hi_no_pim,0.7018022557232718,1.040643736553817,0.730326121717763
1987,hbm2_4hi_1stack,1.8432552516884924,0.542518459710863,1.0
1987,hbm2_8hi_1stack,1.0,1.0,1.0
1987,hbm2_12hi_1stack,0.593725392862432,1.6842803289562236,1.0
1987,hbm2_8hi_2stack,0.7110905907105038,2.8125811621296384,2.0
1987,hbm2_8hi_no_pim,0.44406587038418593,1.1256502483986803,0.4998628573033351
1988,hbm2_4hi_1stack,1.4652634745247177,0.6824711168920432,1.0
1988,hbm2_8hi_1stack,1.0,1.0,1.0
1988,hbm2_12hi_1stack,0.7449281659535752,1.34241131655951,1.0
1988,hbm2_8hi_2stack,1.0410564282384303,1.9211254507925153,2.0
1988,hbm2_8hi_no_pim,0.7275043520665604,1.0151552761468392,0.7385298814201564
1989,hbm2_4hi_1stack,1.416755066766134,0.7058383085811626,1.0
1989,hbm2_8hi_1stack,1.0,1.0,1.0
1989,hbm2_12hi_1stack,0.7718569887179816,1.2955767902820357,1.0
1989,hbm2_8hi_2stack,1.189402300255611,1.681516842173742,2.0
1989,hbm2_8hi_no_pim,0.9782858418042926,0.9782489610798402,0.957007108384166
1990,hbm2_4hi_1stack,1.4195226302559858,0.7044621753016137,1.0
1990,hbm2_8hi_1stack,1.0,1.0,1.0
1990,hbm2_12hi_1stack,0.7702281559964681,1.2983165990683228,1.0
1990,hbm2_8hi_2stack,1.188717275336503,1.6824858538661673,2.0
1990,hbm2_8hi_no_pim,0.49570848726470584,1.0846988146504515,0.5376944085481948
1991,hbm2_4hi_1stack,1.3641247984966882,0.7330707579702633,1.0
1991,hbm2_8hi_1stack,1.0,1.0,1.0
1991,hbm2_12hi_1stack,0.7977001763035225,1.25360383475646,1.0
1991,hbm2_8hi_2stack,1.2713560835587896,1.5731233962412676,2.0
1991,hbm2_8hi_no_pim,0.756120315158262,1.0502457338617115,0.7941121352811374
1992,hbm2_4hi_1stack,1.6826259144007154,0.5943091636955802,1.0
1992,hbm2_8hi_1stack,1.0,1.0,1.0
1992,hbm2_12hi_1stack,0.6525595933285675,1.5324270920594592,1.0
1992,hbm2_8hi_2stack,0.893579842396126,2.238188357782354,2.0
1992,hbm2_8hi_no_pim,0.6207495228282357,1.050720678603407,0.6522343598688248
1993,hbm2_4hi_1stack,1.3876884755404555,0.7206228325925496,1.0
1993,hbm2_8hi_1stack,1.0,1.0,1.0
1993,hbm2_12hi_1stack,0.7865754743487351,1.2713338167935824,1.0
1993,hbm2_8hi_2stack,1.2809904068690554,1.5612919419812976,2.0
1993,hbm2_8hi_no_pim,0.37282648922901557,1.200247832808158,0.4474841857106
1994,hbm2_4hi_1stack,1.503320854324698,0.6651939917704439,1.0
1994,hbm2_8hi_1stack,1.0,1.0,1.0
1994,hbm2_12hi_1stack,0.7244507463110472,1.3803560905859624,1.0
1994,hbm2_8hi_2stack,1.054234719126717,1.8971107322823844,2.0
1994,hbm2_8hi_no_pim,1.099021476710026,0.909108612502847,0.9991298898026816
1995,hbm2_4hi_1stack,1.4659191085472525,0.6821658808929879,1.0
1995,hbm2_8hi_1stack,1.0,1.0,1.0
1995,hbm2_12hi_1stack,0.7499729179218876,1.3333814809885625,1.0
1995,hbm2_8hi_2stack,1.1629794441246337,1.7197208515627598,2.0
1995,hbm2_8hi_no_pim,0.4471505901529531,1.1252174499666479,0.5031416468029876
1996,hbm2_4hi_1stack,1.578316134905656,0.6335866293730661,1.0
1996,hbm2_8hi_1stack,1.0,1.0,1.0
1996,hbm2_12hi_1stack,0.6942475061510321,1.4404084870885399,1.0
1996,hbm2_8hi_2stack,0.9317899273064986,2.1464065465714457,2.0
1996,hbm2_8hi_no_pim,0.508491308108271,1.1296860367681705,0.5744355305878953
1997,hbm2_4hi_1stack,1.6059604384901842,0.6226803450651204,1.0
1997,hbm2_8hi_1stack,1.0,1.0,1.0
1997,hbm2_12hi_1stack,0.6783271428699411,1.4742149278725454,1.0
1997,hbm2_8hi_2stack,0.9002318420495341,2.2216499201435185,2.0
1997,hbm2_8hi_no_pim,0.4500443646235739,1.0851336172354114,0.4883582693003911
1998,hbm2_4hi_1stack,1.6397979699209364,0.6098312221036689,1.0
1998,hbm2_8hi_1stack,1.0,1.0,1.0
1998,hbm2_12hi_1stack,0.6677060886702072,1.4976649411593417,1.0
1998,hbm2_8hi_2stack,0.8845462762825933,2.2610462037161336,2.0
1998,hbm2_8hi_no_pim,0.3567211007522633,1.1907934669671276,0.4247811563051177
1999,hbm2_4hi_1stack,1.536222239901835,0.6509474827443588,1.0
1999,hbm2_8hi_1stack,1.0,1.0,1.0
1999,hbm2_12hi_1stack,0.7143660944897576,1.3998424725270016,1.0
1999,hbm2_8hi_2stack,1.0135051577885466,1.973349602249653,2.0
1999,hbm2_8hi_no_pim,0.5218806205960621,1.0907499514816075,0.569241261594346
