0000000000000000
0000800000008000
0000000100010000
0000007f007f0000
0000008000800000
00003f003f000000
00003f803f800000
0000400040000000
0000404040400000
00007f7f7f7f0000
0000ff7fff7f8000
00007f807f807fc0
0000ff80ff807fc0
00007fc07fc07fc0
00007f817fc07fc0
0000ffc17fc07fc0
8000000000008000
8000800080000000
8000000100018000
8000007f007f8000
8000008000808000
80003f003f008000
80003f803f808000
8000400040008000
8000404040408000
80007f7f7f7f8000
8000ff7fff7f0000
80007f807f807fc0
8000ff80ff807fc0
80007fc07fc07fc0
80007f817fc07fc0
8000ffc17fc07fc0
0001000000010000
0001800000018000
0001000100020000
0001007f00800000
0001008000810000
00013f003f000000
00013f803f800001
0001400040000002
0001404040400003
00017f7f7f7f3cff
0001ff7fff7fbcff
00017f807f807f80
0001ff80ff80ff80
00017fc07fc07fc0
00017f817fc07fc0
0001ffc17fc07fc0
007f0000007f0000
007f8000007f8000
007f000100800000
007f007f00fe0000
007f008000ff0000
007f3f003f000040
007f3f803f80007f
007f4000400000fe
007f40404040013e
007f7f7f7f7f407d
007fff7fff7fc07d
007f7f807f807f80
007fff80ff80ff80
007f7fc07fc07fc0
007f7f817fc07fc0
007fffc17fc07fc0
0080000000800000
0080800000808000
0080000100810000
0080007f00ff0000
0080008001000000
00803f003f000040
00803f803f800080
0080400040000100
0080404040400140
00807f7f7f7f407f
0080ff7fff7fc07f
00807f807f807f80
0080ff80ff80ff80
00807fc07fc07fc0
00807f817fc07fc0
0080ffc17fc07fc0
3f0000003f000000
3f0080003f008000
3f0000013f000000
3f00007f3f000040
3f0000803f000040
3f003f003f803e80
3f003f803fc03f00
3f00400040203f80
3f00404040603fc0
3f007f7f7f7f7eff
3f00ff7fff7ffeff
3f007f807f807f80
3f00ff80ff80ff80
3f007fc07fc07fc0
3f007f817fc07fc0
3f00ffc17fc07fc0
3f8000003f800000
3f8080003f808000
3f8000013f800001
3f80007f3f80007f
3f8000803f800080
3f803f003fc03f00
3f803f8040003f80
3f80400040404000
3f80404040804040
3f807f7f7f7f7f7f
3f80ff7fff7fff7f
3f807f807f807f80
3f80ff80ff80ff80
3f807fc07fc07fc0
3f807f817fc07fc0
3f80ffc17fc07fc0
4000000040000000
4000800040008000
4000000140000002
4000007f400000fe
4000008040000100
40003f0040203f80
40003f8040404000
4000400040804080
4000404040a040c0
40007f7f7f7f7f80
4000ff7fff7fff80
40007f807f807f80
4000ff80ff80ff80
40007fc07fc07fc0
40007f817fc07fc0
4000ffc17fc07fc0
4040000040400000
4040800040408000
4040000140400003
4040007f4040013e
4040008040400140
40403f0040603fc0
40403f8040804040
4040400040a040c0
4040404040c04110
40407f7f7f7f7f80
4040ff7fff7fff80
40407f807f807f80
4040ff80ff80ff80
40407fc07fc07fc0
40407f817fc07fc0
4040ffc17fc07fc0
7f7f00007f7f0000
7f7f80007f7f8000
7f7f00017f7f3cff
7f7f007f7f7f407d
7f7f00807f7f407f
7f7f3f007f7f7eff
7f7f3f807f7f7f7f
7f7f40007f7f7f80
7f7f40407f7f7f80
7f7f7f7f7f807f80
7f7fff7f0000ff80
7f7f7f807f807f80
7f7fff80ff80ff80
7f7f7fc07fc07fc0
7f7f7f817fc07fc0
7f7fffc17fc07fc0
ff7f0000ff7f8000
ff7f8000ff7f0000
ff7f0001ff7fbcff
ff7f007fff7fc07d
ff7f0080ff7fc07f
ff7f3f00ff7ffeff
ff7f3f80ff7fff7f
ff7f4000ff7fff80
ff7f4040ff7fff80
ff7f7f7f0000ff80
ff7fff7fff807f80
ff7f7f807f80ff80
ff7fff80ff807f80
ff7f7fc07fc07fc0
ff7f7f817fc07fc0
ff7fffc17fc07fc0
7f8000007f807fc0
7f8080007f807fc0
7f8000017f807f80
7f80007f7f807f80
7f8000807f807f80
7f803f007f807f80
7f803f807f807f80
7f8040007f807f80
7f8040407f807f80
7f807f7f7f807f80
7f80ff7f7f80ff80
7f807f807f807f80
7f80ff807fc0ff80
7f807fc07fc07fc0
7f807f817fc07fc0
7f80ffc17fc07fc0
ff800000ff807fc0
ff808000ff807fc0
ff800001ff80ff80
ff80007fff80ff80
ff800080ff80ff80
ff803f00ff80ff80
ff803f80ff80ff80
ff804000ff80ff80
ff804040ff80ff80
ff807f7fff80ff80
ff80ff7fff807f80
ff807f807fc0ff80
ff80ff80ff807f80
ff807fc07fc07fc0
ff807f817fc07fc0
ff80ffc17fc07fc0
7fc000007fc07fc0
7fc080007fc07fc0
7fc000017fc07fc0
7fc0007f7fc07fc0
7fc000807fc07fc0
7fc03f007fc07fc0
7fc03f807fc07fc0
7fc040007fc07fc0
7fc040407fc07fc0
7fc07f7f7fc07fc0
7fc0ff7f7fc07fc0
7fc07f807fc07fc0
7fc0ff807fc07fc0
7fc07fc07fc07fc0
7fc07f817fc07fc0
7fc0ffc17fc07fc0
7f8100007fc07fc0
7f8180007fc07fc0
7f8100017fc07fc0
7f81007f7fc07fc0
7f8100807fc07fc0
7f813f007fc07fc0
7f813f807fc07fc0
7f8140007fc07fc0
7f8140407fc07fc0
7f817f7f7fc07fc0
7f81ff7f7fc07fc0
7f817f807fc07fc0
7f81ff807fc07fc0
7f817fc07fc07fc0
7f817f817fc07fc0
7f81ffc17fc07fc0
ffc100007fc07fc0
ffc180007fc07fc0
ffc100017fc07fc0
ffc1007f7fc07fc0
ffc100807fc07fc0
ffc13f007fc07fc0
ffc13f807fc07fc0
ffc140007fc07fc0
ffc140407fc07fc0
ffc17f7f7fc07fc0
ffc1ff7f7fc07fc0
ffc17f807fc07fc0
ffc1ff807fc07fc0
ffc17fc07fc07fc0
ffc17f817fc07fc0
ffc1ffc17fc07fc0
2a1c2f262f2619ca
ba409a8fba401556
f7686d8bf768ff80
405aecc9ecc9edab
b51871667166e709
7188de8a7188ff80
7bbc3c6d7bbc78ae
f68c76f87658ff80
217c2a9e2a9e0c9c
1640fbf7fbf7d2b9
2095fe02fe02df17
4b1b89d04b1b957c
a854b1a2b1a21a86
76a2402276a2774d
da72a024da723b1b
022a6cf56cf52fa3
30b4a03430b4917d
93492b192b19800f
4ca11ebf4ca12bf0
506a6f946f947f80
9a3a55d955d9b09e
f958332df958ed12
8aa8b13bb13b0000
f97e17c2f97ed1c0
09ba482048201268
cb0a9d47cb0a28d7
937f95f896000000
27c89e4b27c8869f
e9b3a1cfe9b34c11
c206281ec206aaa5
2f2e36d436d42690
e827ad39e82755f1
60fedbde60fefd5c
dedef60bf60b7f80
082156e256e21f8e
b1c71160b1c783ae
e5ec95c3e5ec3c34
de89263fde89c54c
6c83f3eaf3eaff80
25ab2bac2bac11e6
2ad28a112ad28000
a7aeb955b9552191
0f5ab5f5b5f585d1
b8619917b8611205
0776485048501048
292f4a4a4a4a340a
4f5e5a395a396a20
ca0115d1ca01a053
eed68882eed637d9
e338a246e338460e
4f8e900b4f8ea01a
abc01f83abc08bc4
bd24b2febd2430a3
8069657c657ca64f
b3ae8561b3ae0000
260ec832c832aec5
dfb087bfdfb02803
19336ce26ce2469e
10bc010b10bc0000
6579058265792b7d
44fee9d2e9d2ef50
4b0711e54b071d72
d22fb732d22f49f3
441899a444189e43
c0d53e56c0cebfb2
6dfd1b936dfd4a11
c647328bc647b958
3be2a6323be2a29d
39e17bfe7bfe765f
0a7c4aa74aa715a4
c927a4d8c9272e8d
d57d1832d57dae30
99576cd36cd3c6b1
e6bcb500e6bc5c3c
7a2856fe7a287f80
8d03f3f4f3f4417a
02067e2e7e2e40b6
4508363045083bbb
3cbc6fa76fa76cf5
2fc44c904c903cdc
60df59dd60df7b41
4b3634604b36401f
12348e8c12338000
f90b79a4793dff80
da37dc11dc1c76cf
336112c6336106ae
dbe9134adbe9afb8
f906ad8bf9066712
e1475a70e147fc3b
80253da23da28003
7053228b70535365
96f351765176a8ea
2b1f089c2b1f0000
d0d51610d0d5a770
dd93b8e2dd935702
341590d134158573
0b5b6bd36bd337b5
c9635dec5dece7d1
555b76a476a47f80
ffc4cef77fc07fc0
4cb63c564cb64998
cdae75427542ff80
b20f1344b20f85db
30873df33df32f00
19cc1b151b2e0000
d88aed40ed407f80
f62e8abef62e4181
95f250f750f7a769
f2b7f76df76d7f80
312e707870786229
5daf753275327f80
e9419d4fe941471c
4c41fdb8fdb8ff80
a697300130019718
ed96a784ed96559b
ea09126eea09bcff
ac7c0a36ac7c8000
d2a4630e630ef636
969c944996a20000
d8633953d863d23b
af2166376637d5e6
28c02d352d351688
8057022f02248000
dc58b756dc585435
ccdca916ccdc3681
796edfdd796eff80
86539e659e650000
55d0537e55d869ce
e9a0a4dee9a04f0b
d37bba02d37b4dff
48bce901e901f23d
b168bbd8bbd82dc4
efd63581efd6e5d8
39234934493442e5
b1e861c961c9d436
5629c27c5629d926
7c9864ef7c987f80
752b914b752bc708
4b01e2d5e2d5ee57
6b737b477b477f80
dd77a7c4dd7745bd
8171b203b2030000
33a9f142f142e580
1001641364133494
56e59ea356e5b612
619d3b1c619d5d3f
6a6cf93df93dff80
75755d5d75757f80
183bd384d384ac41
d03a5e315e31ef01
b16af625f6256817
d0db487ed0dbd9d9
6838ca5f6838f320
c69b607f607fe79a
71f75b9e71f77f80
580ce981e981ff80
ed627cc97cc9ff80
ae9a6a946a94d9b2
7ef378e77ef37f80
ee4dc19eee4d707d
92d2d02ad02a238b
dd80da2bdd81782b
b7428685b7420006
21c1e4d2e4d2c71e
1921048c19210000
69fe99e269fec460
99db070499db8000
ef84b0e8ef8460ef
d98f1cb8d98fb6ce
4c32fa95fa95ff80
237e325332531651
9189e78de78d3997
dceecfe6dcee6d56
3c1792f33c178f8f
6ac263096ac27f80
ec2d29e4ec2dd69a
892469516951b306
26a060616061478d
e260456ee260e850
4ce4e4d5e4d5f23e
7ec2f0907ec2ff80
d8b332dcd8b3cc1a
bee50efdbee58e62
0d467d087d084ad2
dfc77db27db2ff80
da492889da49c357
542d331d542d47d4
60eb95e960ebb756
626bb8f8626bdbe4
70152f0e70155fa5
8c96ef64ef643c86
3cfa36613cfa33dc
6cf893ae6cf8c129
5a6faea25a6fc997
b0d39d22b0d30e86
179eefb7efb7c7e2
76505c7876507f80
a11f0e95a11f8000
72b89d9172b8d0d0
d5b5547bd596eab1
9ba2611d611dbd47
3e80ebaaebaaeaaa
457f3000457f35ff
e8eee754e9047f80
f1c1214ff1c1d39c
5b167cc67cc67f80
2c7bc486c486b183
dd7b691b691bff80
c63cae86c63c3545
1d1fc937c937a6e3
c1ad9b4fc1ad1d8c
0bc7e91de91db574
9a10446c446c9f05
ef38a62fef3855fc
872d690b690bb0bc
a59bb482b4821a9d
076369bf69bf31a9
00741d9d1d9d0000
c6a3915fc6a3188e
61efe861e861ff80
7b733d597b73794e
f94ef48df94e7f80
ec66958eec66427f
8b596ccd6ccdb8ae
5803ef0fef0fff80
5197532453376541
b9040772b90480fa
a6a6995aa6a6008d
dc2cd0d2dc2c6d8d
0742d229d2299a00
116ebfd0bfd091c1
46d0c5a146a8cd03
4f8539274f85492e
be63f588f5887471
fdf4ee37fdf47f80
fe3882a4fe38416c
30297e5c7e5c6f11
3b66294e3b662539
03ee71f071f0365f
bbc548004800c445
465721374657281a
afb08453afb00000
832bceefceef12a0
4bc601124bc60d62
54280b8c54282038
03bba7cda7cd8000
2dad002a2dad0000
3ee1f06df06defd0
f4f4aac5f4f4603c
4e50f090f090ff6a
92ecdea1dea13214
bc1565366536e1d4
f534f087f5347f80
7f0dce2f7f0dff80
8a9ae355e3552e80
50a21c6b50a22d95
70ecda8470ecff80
d8384243d838db0c
6d86ef5cef4bff80
09c08fbb8fbb8000
2fdea12b2fde9194
1767b035b0358823
2f3c6202620251bf
9fcc72da72dad32e
fc978e6afc974b8a
2bb51aeb2bb50726
86f7bd87bd870502
253458c858c83e8d
de583475de58d34f
e70e0b97e70eb328
8bba1add1add8000
6a23b16b6a23dc16
4ec34a974ec459e6
4ed7772a772a7f80
852e5e975e97a44d
b6db195ab6db90ba
0cd743e443e4113f
6c84e2346c84ff80
6ec5f5edf5edff80
8438fe0afe0a42c6
4ba4a75b4ba4b38c
e4716eef6eefff80
fce4cc98fce47f80
a876ebe4ebe454db
d982dafbdb0e74ff
e9653972e965e358
de14b101de144f95
81a79fe79fe70000
59f4447859f45eec
5009643e643e74cb
0640c5c0c5c08c90
4c2c9a894c2ca738
c169b823c1693a14
a87dabc8abca14c6
2f58bec0bec0aea2
bac8d5f7d5f75141
84a5da5dda5d1f8e
4236123542361501
b3c270877087e4cd
f39d32c2f39de6ee
216f1a3b216f0000
676f855d676fad4e
fa6c4621fa6cff80
e4c6ba3ae4c65f90
de46dba5de4b7a7f
faa6fb80fbaa7f80
1933b0e9b0e98aa3
c398336ec398b78d
e4f4e289e4fd7f80
740d1c8e740d511c
61a91add61a93d12
3d2059de59de578b
5bfd79fb79fb7f80
9f182f8c2f8c8f26
744907df74493caf
8eea4c7b4c7b9be5
ddfc73e673e6ff80
28b8eb72eb72d4ae
78d3508c78d37f80
647d0a87647d2f85
61f3b12761f3d39f
57a30fd257a32806
021455c255c21860
847ce254e2542751
330e320f3332259f
0bb1f63ef63ec283
815855b155b19795
0dbdb00bb00b8006
431454b254b2584e
72c8f3d2f3a0ff80
dd24722e722eff80
194fd958d958b32f
2e6e522152214116
c0bff7e2f7e27929
cad8e223e2236d8a
66744e776674756b
63c647b663c66c0d
44c5780878087d51
70cbad5370cbdea7
71c124c371c15713
0d085737573724c2
fde56707fde5ff80
6c74a8836c74d57a
d1379871d1372a2c
34f56d2f6d2f62a7
180092e018008000
95cfb4aab4aa0b09
6c683bf76c6868e0
5d2d29205d2d46d8
157559c959c92fc0
daacd477daac6fa6
8a1334433443800e
62acaef562acd225
208a5d545d543e65
6851c0236851e905
2e420f212e420004
f82cd667f82c7f80
91f565826582b7f9
3d2bd987d987d734
b1fa9199b1fa0415
3a3f02793a3f0001
06cedaa4daa4a204
96d3749b749bcc00
ece97e797e79ff80
38e3371438f63083
021efff57fc07fc0
56bcec9fec9fff80
71ec0aab71ec3d1e
5c1e8bab5c1ea853
a5cca110a5cc0766
a7b82cc82cc89510
5b3b61d561d57d9c
99cf39113911936a
431048e348e34c7f
f9107578f90fff80
d580e069e0697669
3978c66ac66ac063
096b421942190c0c
9e24bb08bb0819ae
5f512c995f514c7a
d2bf61f661f6f538
7828f8f8f8a4ff80
d8413be7d841d4ae
e357cdcfe35771ae
521cde76de76f116
5b9a55f35b9a7212
4d05da34da34e7bb
91fc0b0591fc8000
b75a23d9b75a9bb9
c76236e1c762bec7
174a589058903063
52f3c36052f3d6d5
f74d15b6f74dcd92
1827f4fbf4fbcda4
a0e144d044d0a637
97458ccc97450000
edffe7f7edff7f80
5f5eb4485f5ed42d
3cddc014c012bd80
73bf98f373bfcd35
9844909a98440000
3338d3dbd3dbc79d
4ac805564ac810a7
13d5fd03fd03d15a
529e0658529e1985
4987fb35fb35ff80
7a05f1547a05ff80
99c660f860f8bb40
5616db91db91f22a
403b0bf9403b0cb6
a5e4bce7bce7234e
5f2a278b5f2a4739
9bd5d02cd02c2c8f
38dd630763075c69
2ffa9f142ffa8f91
4a4dae3c4a4db917
4d8df1e4f1e4ff80
1c01733073304fb1
ee532025ee53cf08
c9f5f719f7197f80
d827a950d8274208
96a625f325f38001
1fea93401fea8000
4048164040481716
96fce766e7663ee2
bac34eec4eecca34
8f787cc07cc0ccba
4aaddb73db73e6a4
aa3828abaa239376
ab8cc7e3c7e333f8
784f71c9784f7f80
5c515a245c5b7706
c21d90e5c21d138c
2e55b9f0b9f0a8c8
968f683c683cbf52
6610cbb96610f250
261144b144b12b49
f3be5f69f3beff80
1f0b7c947c945c21
a58c2efd2efd950a
6ffffc7cfc7cff80
44247d957d957f80
72bcdf5672bcff80
517d2e50517d404e
69489d036948c6cd
2f83667166715677
d5eddd03dd037373
66a34b2866a37256
5c5695725c56b24a
ef700a96ef70ba8d
274240db40db28a6
a2eac6cec6ce2a3c
caebf23af23a7dab
1c88c8eac8eaa5f9
8f2ac85ec85e1813
8df9fab6fab64931
b4d82180b4d896d8
d3821e9dd382b29f
8a40256725678000
30a9a6c130a997ff
4f59a6cf4f59b6af
5020782b782b7f80
471baf40471bb6e8
6fefb08e6fefe105
85663bcd3bcd81b8
1e460e1d1e460000
9e3d78c878c8d794
71042ab371045c39
f5d1c8eaf5d17f3f
0c58eee7eee7bbc3
2abee40ce40ccf50
022fad34ad348000
527fab92527fbe91
4929f1d6f1d6fb8d
69e6466169e670ca
c33eb3fdc33e37bc
1fcf5159515931af
3048125430480326
1fa5f96cf96cd998
64f71a4c64f73fc5
bb13470b470bc2a0
c700bc82c7004402
53f6883453f69cad
58776c636c637f80
18273a253a2512d7
e6b1581ae6b1ff55
376beb1aeb1ae30d
9ad77bdd7bddd73a
c1bd2036c1bda286
f71af706f7907f80
6f4cef6bedf8ff80
1c7d138f1c7d0000
5f47263c5f474612
a5909c50a590026a
f6a5d7f6f6a57f80
f18db8f5f18d6b07
578b136f578b2b82
2db273f373f36229
a9c82d202d1e977a
d340b44bd3404818
d7cd6a336a33ff80
ff39e467ff397f80
0357673467342b17
d44d94b0d44d298d
527cd557d553e854
c7b3b7dac7b34018
5e6848bf5e6867ad
2247ef6aef6ad236
371c905f371c8808
8cd868726872b5cc
6d70701e70227f80
ef88bc4fef886c5c
3c1ed140d140cded
1530538553852937
2f37f021f021dfe6
d0d98568d0d916c5
d998111cd998ab39
5a8a932e5a8aae3c
c3b876707670faac
6fbb0d736fbb3db2
5d2080125d209cb4
d8cb5c895c88f5d9
60ebe3c0e3bcff80
34208ae834208024
a73551c051c0b988
3e9d05c93e9d04f7
0f59ff12ff12cef8
a345e978e9784d3f
ed83bfa0ed836da4
d03c710b710bff80
ffd1fe0a7fc07fc0
8cc8276227628000
90a59063910b0000
506422f6506433db
d8c3c49bd8c35dec
a690b58eb58e1ca0
6fa9c0566fa9f08d
54d19b0c54d1b065
76cabcae76caf409
82f32d202d208000
0bf6dc3cdc3ca8b5
2f50234d2f501327
ae4b9474ae4b0341
9749f63df63d4e14
169d670767073e26
651efd55fd55ff80
6a09be876a09e910
38dde82be82be194
a92000cda9208000
7e93da8a7e93ff80
d0370d86d0379e40
3b75648064806075
0858883807008000
4d3c7a1e7a1e7f80
91386dd56dd5bf99
cd75c1a0cd754f99
b3adb745b7462b85
f9cd3ee2f9cdf935
1dbcb9b4b9b49804
55e68b4e55e6a1b9
c70a5d535d53e4e3
baf49bc9baf41740
00ffc1d0c1d0834f
3bce910a3bce8d5e
401088a440108938
9ab692e59ab60000
ec41996aec414630
c1a1f576f576779b
91d3bf6dbf6d11c3
6070640264037f80
d7780f4fd778a749
bd0d19d9bd0d976f
19c36efb6efb493f
13b6f3d8f3d8c81a
4305ed8fed8ff115
bd7f8b97bd7f0996
873b8aa58aa60000
ff5cda74ff5c7f80
4456830e445687ed
84c1a4a1a4a10000
6168215c61684347
fc55192bfc55d60e
a9841373a9848002
340f1917340f0da9
9992bff3bff31a0b
b1258b2bb1250001
c7734b314b30d328
584392235843aaf8
9bf60e109bf68000
e422140ce422b8b1
f68b2d05f68be410
3a86ce2cce2cc934
8b0b3fa93fa98b38
9a6e75ef75efd0de
1d9ae258e258c082
38d695f938d68f50
9559ce51ce512431
a410cc8fcc8f3121
a0dedb67db673cc8
b632e72ee72e5df2
edd6a4ffedd65355
a11d06c0a11d8000
732ae8e4732aff80
8457a562a5620000
1227f664f664c915
8fc72f362f368023
6b8a90636b8abc75
14f9dd28dd28b2a3
b84d1bfcb84d94ca
570653c857086b51
94ed267f267f8000
0aec132513250000
ce420d7fce429c41
3c71e9f4e9f4e6e6
84f090f490f40000
41537f007f007f80
49f131b649f13c2b
cc5aad51cc5a3a32
7147954e7147c720
641e747a747a7f80
f01857bef018ff80
4f46dda6dda6ed80
5b3a43895b3a5f47
019e337f337f0000
d2aca6f7d2ac3a26
f911f1e1f9117f80
425100b742510395
da6eaadcda6e45cd
1e704f034f032df6
b91870597059ea01
43935e985e9862af
ee719cdcee714bcf
060655d155d11c5b
2220d8e3d8e3bb8e
0018b842b8428000
ab3a3e8b3e8baa4a
dc1bd91bdc1d75bc
cbf3cb64cc3257d8
93d978f878f8cd52
3d278c223d2789d3
b36fdc78dc785068
62851c4962853f51
678a5bbd678a7f80
9f5793909f570000
9ed7cdb4cdb42d17
5c7800b95c781db3
97558e8097550000
31c2ddd7ddd7d023
7b02da647b02ff80
1e516a356a354914
68d31fbc68d3491b
760926dd76095d6d
ee21b43aee2162ea
0834cb8dcb8d9446
d3e5823ed3e516aa
d93c779a779aff80
ce81626b626bf16d
954270a870a8c67f
dfd28ad8dfd22b31
c6a0e425e4256b4e
cfcd0081cfcd90cf
27ef151b27ef0002
2fb98bf12fb98000
9ca1dba8dba838d3
aea743f343f3b31f
5814624c624c7aec
b652b90eb9112fe9
dd319b58dd313915
edd7fa58fa587f80
6a87c87e6a87f386
836ca928a9280000
5d5142b95d516097
f4109cfaf410518d
0028964a964a8000
26e3ef27ef27d694
15c5cb99cb99a1eb
0a8487780a828000
94684205420596f1
d41d787e787eff80
73c0c8f073c0fd34
7dd106cd7dd14527
162bf04af04ac707
7749d9687749ff80
f5e232d2f5e2e939
26f7eacdeacdd246
6b2b8fba6b2bbb78
9c195c0e5c0eb8aa
694a30ed694a5abb
1c3754a654a6316d
63c23eee63c26334
14eed89fd89fae14
0560897189708000
4d8a10b14d8a1ebf
8b08467d467d9206
57cd54f057d16d40
543eb292543ec759
179f69a469a441cc
a7abf2c0f2c05b00
4c05526d526d5ef6
d98daffed98d4a0c
ffd7302a7fc07fc0
e5cbc484e5cb6ad1
53e7a9ad53e7be1c
7fc6d04e7fc07fc0
ed5137f1ed51e5c5
f8994d1bf899ff80
00c9342634260000
a1ed53515351b5c1
9064bb63bb630c4a
3b65b2933b65ae83
310b527d527d4409
edab0de2edabbc17
423752c052c05589
d825c710d8255fba
c5423762c542bd2b
cb76edfdedfd79f3
2f725f565f564f4a
9a0f1d951d948000
e310f30ff30f7f80
f0029078f00240fc
77a5b06177a5e891
dbfe01a1dbfe9e20
d7e7e9ace9ac7f80
c7a00da8c7a095d2
026f5fc15fc122b4
c34f2488c34fa85c
88ac073088968000
3ea599753ea5989e
b2d5ead7ead75e33
f9953366f995ed86
f991e738f9917f80
a825769b769bdf48
d96cb86bd96c5259
dd0ccc13dd0c69a1
44d896a144d89c08
600b8c18600baca5
1bb99fd79fd68000
820a7a027a02bc8c
e7052015e705c79b
d741a1d9d74139a4
8369115211528000
a9e51578a9e58037
06f8c532c5328cac
5a540ec35a5429a1
00c97a617a613bb1
5a3b14b05a3b2f81
1d47e75ae75ac529
1c482ad12ad107a3
7cb55b397cb57f80
d23c1d4cd23cb016
2f9082012f908000
d346322dd346c606
b6d470267026e789
44a7e5b9e5b9eaf1
c9d1c9e5ca5b543b
31f99bc631f98e41
ff1caee8ff1c6e8d
053b13e313e30000
1519582a582a2dcb
3f8fcb4ccb4ccb64
04f2d7e7d7e79d5a
6fa39f6f6fa3cf98
1c3c56c356c3338f
ff1dd922ff1d7f80
fb915c50fb91ff80
ec0a1097ec0abd23
50ba9b0350baac3e
fad4b011fad46b70
326f672067205a15
2a24a4d02a248f85
4274506f506f5364
4da51e0a4da52c32
7223077c72233a20
ff0249dfff02ff80
a91a4a724a72b412
1257d59fd59fa886
39aac887c887c2b3
f90f01d6f90fbb6f
2592216e25920788
51cb07a151cb19ff
57f2c73657f2dfac
bba32836bba3a468
d5e6ddcaddca7435
f8f16843f8f1ff80
208785fc20878000
b50cc576c5763b07
6aaface56aafd81d
7aaeadfb7aaee92b
a92cdc32dc3245ef
ebe02452ebe0d0b8
3a2e84bb3a2e8020
f0f8f37ff3837f80
2cde03a62cde0000
8ac9a7b4a7b40000
cd319354cd312113
16d5b3d7b3d78b33
ea1a2a56ea1ad501
7e153f0e7e157da5
c75d3431c75dbc19
0a677af57af545dd
b356dd9ddd9d5183
2bdd440744073069
7bd3ee4d7bd3ff80
d2ddc76dd2dd5acd
489ca93f489cb269
f0b3da38f0b37f80
20f462056205437e
086d674b674b303c
457cea9dea9df09b
c1601b0ac1609cf2
0ea4168816880000
f2fb74557436ff80
c7abfd2cfd2c7f80
a157dd79dd793f51
7564cfd57564ff80
c26ebce1c26e3fd1
5dcdcd475dcdeb9f
57326a526a527f80
5c25d78f5c25f438
61aec2f361aee525
98975f685f68b889
b71b41304130b8d5
db2dfc6cfc6c7f80
8a5968dc68dcb3ba
7a10f8647a02ff80
7b6c12057b6c4df5
a719deaedeae4650
bd8bd14bd14b4f5c
607e7b857b857f80
2ab3a9152aa09450
1f0f227322750208
4526204e45262606
acfc3ecd3ecdac4a
3425e6e6e6e6db94
50b0c4a150b0d5dd
a2e836e036e09a4b
f16f24e2f16fd6d3
da13d1d3da136c72
64dd839a64dda905
d338f7ccf7cc7f80
03b62ca72ca70000
e194801ce1942182
b9effaf9faf97568
f36f7a977a97ff80
3402ce86ce86c308
0945008209450000
25d0140a25d00000
f698b479f6986b94
633eaf77633ed337
ea90c9cbea9074e4
c0f1384ec0f1b9c2
33ac818233ac8000
df2b6f916f91ff80
b22c71e071e0e496
ef97ecf2ef9b7f80
374c612561255903
729416a2729449bb
977510a297758000
c0aa3881c0aab9ab
b21bc11fc11f33c1
d9c7a5fad9c74042
d36dca28d36d5e1c
1d3e493a493a270a
57c04daf57c06603
be0c048bbe0c8318
bd9f2d09bd9fab2a
e7b778357835ff80
a1a115dba1a18000
85b6e28ee28e28ca
2aeb5cd05cd0483f
fbe7eedcfbe77f80
8ca8f1e2f1e23f14
193bb3c1b3c18d8d
50ba07af50ba18fe
64d80ffd64d83555
3c014971497145f3
321eb7a9b7a9aa51
17cc0c2317cc0000
8ef72bfe2bfe8000
78db41e878db7b46
9d5a5d625d62bb40
4f75d4c7d4c7e4be
2e5e463946393520
594780c159479a96
db66e393e3937f80
6ba6e3a26ba6ff80
b18faa60b18f1c7a
2bfefc3bfc3be8ba
cfe5465acfe5d6c3
f263a4ccf26357b5
cd7b4d71cb20db6c
ab17433c433caede
ddd24a5cddd2e8b4
8a753d933d93888d
1e1a00511e1a0000
7d6b154a7d6b5339
ed7a3f8aed7aed87
a515c0b0c0b0264d
0a6b90b290b28000
d212fbb3fbb37f80
5e466a636a637f80
7cd0e65f7cd0ff80
b0f0d638d63847ac
1bfd1b1f1c260000
4ea2f2b7f2b7ff80
51522f5751524130
d8168c1ed81624b9
307761ad61ad52a7
b9abcc89cc8946b7
118f0933118f0000
bd018445bd0101c7
afad2e65af909e9b
02dcf439f439b79f
5944a5085944bed0
5890c3ba5890dcd1
0e1880990e188000
1e60e46be46bc34e
5241ed5aed5aff80
1f0369fb69fb4980
2229eeeaeeead19a
2a1f1a852a1f0525
c7c2ddaeddae6604
829c500350039320
233299f323328003
6eea039d6eea3310
7e83ef8b7e83ff80
f546b7f5f5466dbd
a69bcf86cf8636a2
f3222b24f322ded0
ea00f82ef82e7f80
551e7ac57ac57f80
75c07b7a7b7a7f80
a372ce80ce803272
ffc122887fc07fc0
6f93e4a06f93ff80
41110f9b41111130
5c795ff35ff57cec
e8e7c5e5e8e76f4f
2d0387a52d038000
b78545644564bd6d
68f4f484f484ff80
04a5de31de31a364
6ed267bd6ed27f80
db592e21db59ca08
ff440830ff44c807
0507fbe6fbe6c173
ac0892c7ac08001a
b8bd77bb77bbf10a
49faaf0f49fab98c
3f9e585b585b5887
ff6cf10aff6c7f80
2f54050b2f540000
5c86d1165c86ee1d
f90bfb96fb9a7f80
b738d32cd32c4af7
7053ecf37051ff80
e5a37a2a7a2aff80
a9ae51e451e4bc1b
5d4e99655d4eb738
ee38d2aaee387f80
596cab77596cc564
c2eda7f8c2ed2b66
5ff4e137e118ff80
286f404b404b293e
d3d7d1cdd3e4662c
5f9a6c0a6c0a7f80
5467b9a75467ce97
afe3e2afe2af531b
d9179261d9172c05
9603a925a925002a
32ec824532ec8000
03a60c3a0c3a0000
44d2dc36dc36e195
6aa6a05c6aa6cb8f
b656e850e8505f2e
0a0f56b756b7214c
d36b7f907fc07fc0
68c0041268c02d5b
1723bddebdde958d
61cb68fd68fd7f80
38c3561d561d4f6f
3c0c61a561a55e34
307334573458254c
b36fcfc7cfc743ba
e00e9179e00e320a
3b53a65f3b53a238
85abb131b1310000
47219b9c4721a344
954e327632768846
95d4af5eaf5e05b8
4d09bdd14d09cb60
72f7256972f758e1
8305a8c1a8c10000
20ca43a543a52502
567032195670490f
7ce9c26b7ce9ff80
3ca17fa07fc07fc0
86646a146a14b104
cac3945bcac31fa7
686eb502686eddf2
06e7968096808000
3ff930753ff930ee
140ced06ed06c193
f9fa6848f9faff80
a9588f8aa9580000
bfee61926192e208
823bfb87fb873e45
a0be76ec76ecd82f
45d0f954f954ff80
8c1e53c553c5a073
0f30d953d953a911
79d90ccd79d9472e
2c2df943f943e604
ea2a86e6ea2a3199
2a036ae76ae7556c
87f906eb87be8000
43c187e043c18c29
14fac25fc25f97da
ed61e696ed617f80
618ea715618ec925
2d54716571655f3e
d63ba748d63b3e12
3fcffdcbfdcbfe24
15e6155716290000
fdddd3f4fddd7f80
ecff8284ecff3003
4e3ad1b2d1b1e081
b09b148eb09b85ac
86a6baeebaee021a
45dfd25ed25ed8c1
bf8829a8bf88a9b2
90004060406090e0
9cc11fe61fe38001
a660f15af15a583f
c30822c7c308a653
0373dd96dd96a18e
e34e713c713cff80
364c45f845f83cc6
0eb1935a935a8000
a0e9cc37cc372da7
cc899988cc892692
f44334c9f443e999
509d1b1c509d2c3f
7ed51cf47ed55c4b
9cdbe543e54342a7
6890194768904260
7b63c42f7b63ff80
3c795fb85fb85cb3
a279c363c363265d
3330a5c633309988
d595b73ed5954d5d
098c252325230000
7435c2d57435f797
0f9c9b189b188000
5168f301f301ff80
c7dd7eaf7eafff80
290eec1aec1ad5ab
c7110bfcc711938f
25aef600f600dc2e
84254237423786ec
3a663e413e42392d
4fb153c353c46407
5f83979c5f83b7a0
8dc52fff2fff8006
a700d9d5d9d54155
4425a6334425aae7
bb0d5f7a5f7adb0a
b523ff14ff1474bc
0c28f645f645c301
cfe3a0b6cfe33121
05024b764b7610fa
58a01be558a0350f
9ecf656d656dc4c0
835a60eb60eba4c8
8b500aef8ab18000
80679dbc9dbc0000
ac1a2cbc2c5e9962
94f1aacdaacd0060
01a7303130310000
6325f0d3f0d3ff80
55e5c64e55e5dcb8
50402db950403e8b
e2cc5434e2ccf78f
58952d745895468e
19f1088619f10000
63889ec56388c2d1
bb41effaeffa6bbc
339ed712d712cb34
6518c6516518ebf8
cee11475cee1a3d7
78121e13781256a8
0059777e777e3831
055e9a849a848000
280681b528068000
60b2ac0360b2cd36
c8f5b0cbc8f53a42
44451ec344452396
f66b0a84f66bc172
65c83fb265c8660b
d1436c7d6c7dfe41
41edf843f843fab5
621a04e5621a278a
8565d3cdd3cd19b7
ffad0f597fc07fc0
4ce81e9f4ce82c10
29c702b029c70000
71772b0671775d01
4057e532e532e615
8a7376b376b3c1aa
ac6ac17cc17c2e66
a58d45f045f0ac04
89b93df73df78832
f6c88ab9f6c84211
52f4a00352f4b37a
e8e8451ae8e8ee8c
3396486148613c84
cbbdee71ee717ab2
0169b2d8b2d88000
d776356fd776cd66
f240f365f38a7f80
98179e7e9e7e0000
ba16fb89fb897621
c5738672c5730c66
6044fcd4fcd4ff80
e091c2b0e09163c7
3231235b32311617
61d1202d61d1428d
bb8a5abb5abbd6ca
c5da3a5bc5dac0ba
f40c416ef40cf602
49b6392549b6436b
edb377b077b0ff80
2d76ca83ca83b87c
fffd44a57fc07fc0
75d3c33475d3f994
3d311e463d311c09
9d4d5ff75ff7bdc6
3ee9e1f8e1f8e162
99ca27ac27ac8208
31f2c687c687b8ff
a3860159a3868000
869dca36ca36115f
685e6fc26fc27f80
467120a246712799
4d99e49ce49cf2ba
65010a4765012fc9
71c6aed571c6e125
6bfbe7ed6bfaff80
01b3f512f512b74c
a5d9bae9bae92146
cbe0f3e8f3e87f80
0dfde3dce3dcb259
76466b2d76467f80
4fffa8224fffb8a1
5688e5b4e5b4fcbf
ff37371aff37f6dc
60e6a75960e6c8c3
9707c2ddc2dd1a69
dbfa5b18dbaef794
4fc239f04fc24a36
3fe1589558955903
2e4a88bd2e4a8000
7d406dcf7d407f80
7aac624f7aac7f80
1497844014978000
c62486bfc6240d75
676b8994676bb188
af78a2f1af7812e9
c193ca32ca324c4c
e12206f6e122a89c
34bccd5ccd5cc2a2
49e275bc75bc7f80
2cd113232cd10085
497e1c84497e2683
4867ac3a4867b528
c26f9c08c26f1efe
88c8dbe7dbe72534
c6bf75947594fcdd
d2a8bbfbd2a84f25
46b4ea06ea06f13c
9b4ab6a2b6a21280
53bd0d2153bd216e
6511180665113d98
f5b40176f5b4b7ad
abd418ccabd48529
9adf5e605e60b9c3
b58c333db586a94f
cbb043a1cbb0cfdd
7d1931217d196ec0
799a0455799a3e80
4a55e8f4e8f4f3cb
77609c137760d401
8dc536f236f2853a
9be464ae64aec11b
a1cd8e90a1cd0000
db43ed66ed667f80
f03120b2f031d176
9960b738b7381121
26590fde26590000
d64204cad6429b99
0588dabadabaa0c6
c016a6a7c0162744
1716aaa5aaa58241
f1875f01f187ff80
35b4666566655ca1
a283f761f7615a66
b89378447844f161
5dfa118c5dfa3009
155235f235f20bc7
2cce2fad2fb01d0b
340403e534040000
c9f24f934f93da0b
f095d1f6f0957f80
f4c9ff34ff347f80
524367c867c87a98
0af16f416f413ab6
1e1f2cb32cb30b5e
16f5e0aae0aab823
64853baa648560b1
5a733a665a73555a
c6dd0d2fc6dd9497
e6de3421e6dedb8c
375edb35db35d31d
79c5949379c5cee2
1db13582358213b4
21785b255b253d20
71683804716869ef
9a71588f588fb387
57b2c28057b2dab2
486c26dc486c2fcb
c94e82d7c94e0cad
dff36ab26ab2ff80
dd43a2a0dd434074
59162fb859164958
43012cf84301307a
b1cc325631e0a4ab
3c051d4f3c0519d7
702b4be5702b7c99
c962d80cd80c61f7
6613e0d46613ff80
1a2788341a278000
4c195b155b1567b2
bdfcd528d52853a5
4882cdd7cdd7d6da
fb07698bfb07ff80
8a602b4a2b4a8000
0020d1b9d1b991b9
ae1765a265a2d43f
4ea9e7fae7faf725
bae6ab87bae626f3
39cdb51439cdaf6d
61d4a4f561d4c74b
4bc138254bc14479
fef0b87afef077ea
8086d49cd49c15a3
eb12b83eeb1263d9
f0fcab59f0fc5cd6
e7fdd896e7fd7f80
fe2d5595fe2dff80
069e70ad70ad37d6
a6a90c05a6a98000
bdf6e4fae4fa6370
3070faf7faf7ebe8
7adb053e7adb40a3
bafc2339bafc9eb6
d5920bd2d592a1f0
f7762376f776db6c
8b9301bd8b938000
5e3dc8f55e3de7b5
410bda7dda7ddc09
61e9dc9961e9ff0b
0463177d177d0000
ab89f7ddf7dd63ed
3aa999433aa99481
22be5fc75fc74314
eb0b23fdeb0bcf89
d5b2cb7ed5b261b1
1af4f8f4f8f4d469
a0500200a0508000
ea23ec10ec1a7f80
0e9f7a077a074928
a06428b328b3899f
d0f9fc38fc387f80
6928c7b16928f168
c31e9466c31e180e
1f2e86e81f2e8000
a7a6def1def1471c
2c3df64cf64ce317
d77f1a74d77fb273
cced66706670f3de
bf7e7f7b7f7bff79
b365ab61b3651f49
0c8fd46bd46ba183
a7af50b850b8b8fc
c701136ac7019aec
29a7693169315367
2c9281172c928000
6dfb844d6dfbb2c9
c7c230ccc7c2b91b
08060f9d0f9d0000
de3a1c68de3abb29
7299776f776f7f80
4eba9fe24ebaaf24
db006d106d10ff80
2fd8b235b22ea299
8130188218828000
5e566ef36ef37f80
f035aed9f0355f99
f6586c56f658ff80
6aefdb5a6aefff80
5896b8e55896d206
df95f6bdf6bd7f80
c9d51350c9d59dad
1d0f3c2d3c2d19c1
4e383dc44e384c8d
bcc8ae48bcc82b9c
cc552c3ecc55b91e
efecc132efec71a4
49ee30ac49ee3b20
aec1e75ce75c56a6
3cb0bc043c5cb936
01bc6bcc6bcc2e16
218e8104218e8000
9a0eff947fc07fc0
798d0ef6798d4907
838413fc13fc8000
49f343ed49f34e61
eba5334deba5df84
a2777b127b12de0d
17f9b05ab05a88d4
c036ab0bc0362bc6
52e6621562157586
8a7077c677c6c2ba
09a5707070703a9b
dbb8b030dbb84c7d
a93dc4e3c4e32ea8
a08386eda0830000
869d91ef91ef0000
c79c331bc79cbb3d
58ebf1a0f1a0ff80
7d41f2767d41ff80
70b8b13170b8e27e
76be924d76bec998
1340493649361d08
7271477f72717a70
9ac611ce9ac68000
c3eb0465c3eb88d2
4583321045833813
2244230c233d05d6
3b8510253b850c2b
bb4b960bbb4b11dc
0ba9b873b87384a0
51649d8b5164af78
0c66bac8bac887b4
a6be622e622ec981
c2df80f2c2df0453
19fd2d202d20079e
95b5a85ca85c000a
a7b5e375e3754bad
983873327332cc00
667d78b078b07f80
2924ad3cad3b96f1
7c72786e7c737f80
b0d937d737d7a936
7c53e2ad7c53ff80
27b24c994c9934d5
62af449162af67c6
3c8fc762c762c47c
8273ae30ae300000
6e9e41d76e9e7105
6243cc056243eecb
ba9cd811d8115331
ba86878bba860292
dc1fbd6bdc1f5a12
71520c5071523e2b
255adaaddaadc093
6e58709b70a27f80
9c8f50a850a8adbc
ee2f75167516ff80
ebd91971ebd9c5cc
2592dc73dc73c28b
cfe9f372f3727f80
05aa243b243b0000
8588a6eaa6ea0000
298845e045e02fee
1806d17fd17faa05
ae174ec64ec6bd6a
af2d896faf2d0000
e84434d8e844dda5
9359075093598000
dbc6ab6bdbc647b6
7c7992bc7c79cfb7
7759539577597f80
aa34fc08fc0866bf
bb5362456245de22
1d6616831d660000
85e8a3eba3eb0000
ac3273657365e01f
d957bdb1d9575795
e0cbf777f7777f80
a0bb68da68daca1f
b0f913aab0f98525
29a00c1a29a00000
82db363836388000
f8c75376f8c7ff80
3101c358c358b4da
d3384178d338d532
96d13c7d3c7d93cf
4857e144e144ea25
fa14c5d9fa147f80
9339c037c0371404
d63666f366f3fdad
92fecd4bcd4b20c9
3288c81fc81fbb29
a3b815ada3b88000
d2c68d57d2c620a6
2fef98aa2fef891f
71df26da71df593e
0aa8441444140f42
14d5662a662a3b8d
cb058620cb0511a6
c3df2151c3dfa5b6
6cc1d6456cc1ff80
41040aea41040c71
60d8fefcfefcff80
4dcf55b855b86415
f83e9105f83e49c5
b5c1b2b8b5c4290b
034eb86cb86c8000
6ee9478e6ee97701
9cb2fd47fd475a8a
ba716e276e27e91d
18825d395d39363c
49d21e0649d2285c
b25dd3a7d3a74690
4950353b49503f18
6669ae716669d55b
865f439343938a80
923bb719b71909e0
242e50805080352e
93fd41914191960f
5bcbf626f626ff80
8c0483cb8c040000
e5f866fe66c0ff80
4e7104d24e7113c6
48b9d848d848e191
abe474467446e0b0
1731bb0fbb0f92c6
642a804b642aa4c7
3e733c733e813b67
82367ae77ae7bda4
740540c77405754f
f62e4dd1f62eff80
4bcc059c4bcc11f9
de9158b9de91f7d2
345de0aee0aed596
00e717b117b10000
369943e443e43b08
7b387b0c7ba27f80
ae09e0e6e0e64f76
8390995399530000
0585775177513d59
69ebab4669ebd5b6
fac34be2fac3ff80
50040f7850042000
2208138522080000
43a73d7543a741a0
9c29dfcadfca3c85
394808d2394802a4
24277128712855db
eb344ba2eb34f764
6ab2372b6ab2626e
6f971d636f974d86
c950923ec9501c1a
6a60158d6a604077
47a1220147a12a22
8090b14db14d0000
226ca55ca558884b
fa39c29dfa397d63
1f8f3d493d491d61
b2ee2602b2ee9972
77e21fe377e25848
06449fcb9fcb8000
6d6409fb6d6437e0
05b4985198518000
6b4f2c306b4f580e
cf30f8e6f8e67f80
7bad40fa7bad7d29
4369cb45cb45cf33
430d3caa430d403b
15f6a0bba0bb8000
ace0367a367aa3db
761ed809761eff80
d00cd2bcd2c0634e
e699c5bae6996cde
7a4b86637a4bc134
6c9c8f736c9cbc94
8517527c527c9815
7f38f9047f38ff80
d314ca29d3145dc3
80eeec47ec472db9
fcd593a0fcd55105
dc97822adc971f49
f4df8dfbf4df435b
c24cfc54fc547f29
3ae3da41da41d5ab
3380cd40cd40c140
19f1310931090b81
a5478df8a5470000
032b81a603168000
2464e867e867cd4e
17454ae64ae622b1
6d3ff9c2f9c2ff80
343be4d9e4d9d99f
08b15db25db226f6
7297c4347297f754
1b1fe14de14dbcff
668f0892668f2fa3
c5db6e466e46f4a9
01f921b221b20000
5c05709570957f80
5236df5ddf5df21d
b5be6ed06ed0e51a
19a7d593d593afc0
ad308aadad300000
42a8296842a82c98
0fdf50ac50ac2116
df6e0631df6ea625
fe0446b7fe04ff80
569038db56904ff6
ffb724fa7fc07fc0
04c9a0bba0bb8000
ab0657945794c31b
c7a887b5c7a80fee
ccbd4415ccbdd15c
83ab23b623b68000
d72a31ead72ac99b
014b003d016a0000
2c048d762c048000
17b0222522250000
8d6d82e78d6d0000
dcef8d39dcef2aad
cd93a5cbcd9333e9
b9868f61b986096c
1f4a504050403018
ee6ff2fcf2fc7f80
092c402e402e09ea
3b62ba1d3b3bb60b
0927aaabaaab8000
c26b5e825e82e16f
1e33bb8ebb8e9a47
85e9361b361b8001
ea31a9aeea315471
2e9067096709561a
47bd93bc47bd9c0b
57b13d1f57b1555c
8ba860dd60ddad11
e6a703bbe6a7aaf4
233ac0b4c0b4a483
f620bd87f6207429
cf918c79cf911c8d
ae5e6e966e96dd82
cdcc96ffcdcc254b
556da1a8556db79c
27b20e4327b20000
efe39793efe34802
b34272137213e5df
5a98be175a98d933
2ddc811b2ddc8000
bbaff788f78873ba
2401ec38ec38d0b9
cd050b6ecd0598f7
c48537cec485bcd6
6716c49a6716ec34
655bb4a4655bda8c
c3797bc77bc7ff80
6c30592b6c307f80
3898f7ccf7ccf0f2
8ed3da51da5129ac
78e7d90678e7ff80
1fffd413d413b492
78c38e0a78c3c752
674804ac67482c86
4819167e48191f18
dc4b8935dc4b2610
97e4cd41cd4125ac
b1d40905b1d48000
b6b5517c517cc8b2
f2ebb761f2eb6acf
5085b2525085c35a
d343b7e9d3434bb1
a93aeaf3eaf354b1
4d3e861f4d3e93ec
64caa27d64cac7c8
6864c3226864ec10
46bdfa06fa06ff80
f87e94ebf87e4de9
e5cabf6be5ca65b9
a4da28de28dd8e3d
5943e729e729ff80
5889ac795889c585
1fc5c7dbc7dba829
153862d462d43898
b0f859be59becb38
2d2432e432e42092
adffc5d2c5d23451
bfc9d882d88258cc
05f5206e206e0000
54bbc16954bbd6aa
04541ae81ae80000
604571e371e37f80
24724d464d46323b
1f4bde46de46be1d
46a85f4c5f4c6686
4167142541671615
2859ec18ec18d501
535bc801535bdbdd
ecb495d4ecb44315
559dcc21559de245
2f1ebb2abb2aaad2
abe751395139bda7
4616570f570f5da8
ee5f9b2fee5f4a18
f867a7d3f86760be
81ba4f984f9891dd
0b20ad67ad678000
a8846c106c10d514
c3cfe5c1e5c16a1c
b8152e8bb815a722
f8ad5829f8adff80
1a98c039c0399b5c
331b02e8331b0000
f46947e2f469fcce
d3161f82d316b318
8a2e87188a300000
bca13b88bc7eb8ab
41cedadcdadcdd31
c5261fdbc526a58e
680793b06807bc3a
2c2d556155614218
25fa776777675de2
a6acf714f7145e47
2f7d0c2c2f7d0000
de09ed70ed707f80
be3f61686168e02d
c3962dadc396b1cb
580107e658012068
3cf186623cf183d5
bb10e781e7816311
0ec708210ec70000
c021575f575fd80c
eb098b86eb09370f
412e410d419e42c0
38f9357738fb2ef0
7cb3af067cb3ec3b
debacfd9deba6f1e
3fc932083fc93256
0e707600760044f0
b54b40444044b61b
274102af27410000
a4becce4cce43229
0d61a11ea11e8000
0d2883390d288000
9152ad9ead9e0020
dc4467046704ff80
9eb462f462f4c22c
e229275ce229ca11
cd8122b0cd81b0b1
badd6b5f6b5fe6c1
7baab93b7baaf578
87ad02e587ad8000
c5c358e658e6df2f
3d49fd0efd0efadf
94b878f878f8ce32
50996aec6aec7c0d
c04b4e4f4e4fcf24
3b82b53b3b82b13e
e4ebf89ff89f7f80
95911248958f8000
9f9429e429e48a04
fdbe74b3fdbeff80
743899757438ce30
12628c0612628000
c626856dc6260c1a
c4e186a6c4e10c12
fa3f26aafa3fe17e
b29ed2d4d2d44603
7afa84bb7afac037
fd33d2b7fd337f80
5fcaec04ec04ff80
2fbafed0fed0ef17
e00726fbe007c784
0aae3e983e9809cf
e0bcd19ae0bc72e2
269af98cf98ce0a8
6e57c3816e57f259
dc3789b1dc37267d
d48d6bc66bc6ff80
bf56c0c1c0dc40a1
2030731b731b53d5
d4fc70257025ff80
e8da86d3e8da3034
70207c137c137f80
578d47cf578d5fe4
eef86dc3eec7ff80
b0265f945f94d040
7e794d847e797f80
fe2dbf6dfe2d7e20
cdb3525a525ae098
b7fb53b553b5cc31
915748d148d19ab0
8093e922e9222a3a
6abca7cb6abcd315
f56178f178efff80
1da3b299b29990c3
79983be679987609
f5ba7317f5b5ff80
0085f3a5f3a5b4ab
f6cc0830f6ccbf8c
fd26b3f7fd2671a0
210a13e2210a0000
6aa33c3c6aa3676f
4e0683a44e06922c
17eecac2cac2a334
48c7c73e48afd094
dd2e45ffdd2ee3ad
3d9c73c873c871f4
8e50c3acc3ac128c
6ebbd1706ebbff80
8758be83be83065d
5f9feebbeebbff80
786593a87865cc96
4fbca2264fbcb274
87b7a6f6a6f60000
3fbff8bcf8bcf90c
327b87ef327b8000
c44768766876ed3f
e1f7d0e9e1f77361
35a6f365f365e994
9bdba647a64702aa
822a3a2e3a2e8001
90edd34bd34b24bc
f9de065df9dec0c0
dae283f5dae21f58
cb20634e634eef01
f56454fbf564ff80
d6c99844d6c92f9a
714e9adc714eccb1
151af281f281c81b
06e8c155c15588c1
57c8bc6357c8d4b1
90081cc41cc48000
9b351fa31fa38000
f8517d7f7d7fff80
bcbc77117711f455
d210c1bdd2105455
3cffd0ffd0ffce7e
177b27f527f5003c
e0775840e077f939
7f81159c7fc07fc0
c93d457bc93ccf39
dd36694f694fff80
3ce360dd60dd5e44
93030f1893028000
b8ddb774b8fc30d3
aea9720a720ae136
096091e191e18000
2326098923260000
7738313f77386909
e9e7f029f0297f80
89fa0d6f0d6d8000
e14e125ce14eb431
465d85fc465d8cda
ebcb8849ebcb349f
6ff7c1136ff7f18e
970ba1b0a1b00000
e77051c8e770f9bc
af4369ac69acd983
5c5202625c521f39
881f7cbd7cbdc56b
b9e9ef87ef8769f6
32edb2b331e8a626
7e8466b57e847f80
dd905bb4dd85f9ca
ca5e9d80ca5e285e
13b809e213b80000
4ff1743574357f80
e6cba892e6cb4fe8
a77ae572e5724d6c
7dd5c8b67dd5ff80
78a04d2a78a07f80
673d3164673d5928
65a47c2f7c2f7f80
a3d18412a3d10000
ed9575187518ff80
9a88ebc2ebc246ce
9585723c723cc843
719226427192585d
9f52a4f3a4f304c7
6ebd04956ebd33dc
4e82aacd4e82b9d0
c024e0a0e0a0614d
22c243b343b32708
5e80eaeceaecff80
51d9ceb351d6e118
8c0aa801a8010000
9b1cf0d4f0d44c81
3f9202db3f9202fa
80548f868f860000
90086a476a47bad3
90460d3d90438000
7e5d033e7e5d4224
0158f6f0f6f0b8ca
162d5caa5caa3366
ca65c59fca65508e
749eca2b749eff53
e224ce25e22470d3
94f51eaa1eaa8000
69ee3ee869ee6958
d5a6b4f8d5a64b21
4934395d4934431b
7fc7b9f67fc07fc0
3a85ffd57fc07fc0
c79361146114e92a
5a0ac8925a0ae31d
fdc816f6fdc8d540
a9789cf0a97806e8
7aca469f7aca7f80
21fb77cb77cb5a47
e49b182ae49bbd4e
b03730482e88a10f
db09d94ddb1674db
359eb59133d0abb3
f09b26a0f09bd7c2
062975f575f53ca2
36dc5c015c01535e
1a7f646c646c3f6b
97671d1e1d1e8000
cd8fefb9efb97dcf
84f0c5dfc5df0b51
6a3e91896a3ebc4b
e1b85a65e1b8fca5
4256379442563a77
6ef7643d6ef77f80
56e7482756e75f97
827400cf825a8000
27347afd7afd62b2
5966317c59664b62
3f8db89f3f8db8af
45d60e9f45d61505
320d9d72320d9005
d35b377ad35bcb56
a98455c655c6bfcc
0248f8cef8cebba1
3622965b36228d0b
2e3d57d757d7469f
ef2dfc6afc6a7f80
651dd9be651dff69
6aafaf506aafda8e
990527142714809a
f2e858ccf2e8ff80
47eb79ef79ef7f80
f20035a4f200e824
b3ef97ebb3ef0c5b
c51b8dacc51b1350
9caea4a6a4a601e2
a19770bd70bdd2df
591bfd5afd5aff80
f831a26af8315b22
b315e001e0015396
872c114611468000
9f8726a226a286ab
de07a62bde0744b4
8eed0df68eb08000
c3aa82c4c3aa0702
f9b21af2f9b2d528
5ebfcad55ebfea1f
73b5ef2d73b5ff80
d0664195d066d286
2242f0f9f0f9d3bd
ba151e9cba159936
7504667975047f80
22eef635f635d9a8
eafae833eb007f80
17e89a119a0a8000
f5f390ecf5f34760
7ff0703b7fc07fc0
93869ccb9ccb0000
3b638bde3b6387c5
3171199431710b8b
6ee0e7ce6ee0ff80
1e439cad1e2d8000
c2e0d031d031539b
7e9088037e90c713
8ef736b336b3862d
8451f975f9753e48
a18ac2f2c2f22502
e8ba9b63e8ba44a5
b1bf98ecb1bf0b30
c257f66bf66b7945
84677d9e7d9ec28f
c3ff239ec3ffa81d
1951c1bcc1bc9b99
e26d3609e26dd8fe
170c46af46af1e3f
c519d518d5185ab6
ad66e004e0044ded
42a4334942a43681
413a6c366c366e04
7a03e6f77a03ff80
64780b7a64783072
67b1178667b13fb9
03a65ec45ec422fe
e5addc4fe5ad7f80
e64f9dd5e64f44ac
e461b771e4615c54
9f56c3ccc3cc23ab
4de500964de50f06
2423a82ca82b8cdb
2868cda4cda4b695
5387ce985387e2a0
5075b0005075c0f5
64aee09a64adff80
3d2a51ef51ef4f9f
705fc7f5705ff8d5
0d5f944094408000
dcbd4c68dcbde9ab
d6db1ff3d6dbb750
614cadb4614ccf8f
dbb4f97ff97f7f80
bba49f79bba41ba0
82caea79ea792dc4
872a6d996d99b54b
08f474ac74ac3e24
b2d5799d799ded03
6433b3736433d82a
c6c83b5bc6c8c2ab
868dc8e3c8e30ffa
becf67a867a8e708
58746ccf6ccf7f80
0a9a295129510000
00da45154515067e
d3ac3903d3accd30
f0b89df1f0b84f2d
8cf6334f334f80c7
b12d0dadb12d801d
6b6830c96b685cb6
5ae605865ae620f1
cbbc4747cbbcd392
6c3e6ec36ec97f80
cf8248bfcf82d8c2
9d0496029d040000
faecf78efaee7f80
81187cf27cf2be90
16bf9e939e938000
97ab80d497ab0000
958964f064f0bb00
5808b0485808c8d4
bbd2c422c4224085
5b9bdb225b14f744
0f3c5f875f872f46
89df72e772e7bd49
af9e78d378d3e902
4ca678f178f17f80
d2432797d243ba66
58dd0fa858dd2911
dc83e73ae73a7f80
cf265a155a15e9c1
3bf2ca7bca7bc6ed
8dad47e947e9961d
7b6442087b647df2
e18ccd75e18c6f86
991c527f527fac1b
d3f65d4f5d4ff1c7
f1d88240f1d834a2
0b2a998999898000
3cc21d803cc21ac2
7ca9c8b47ca9ff80
52a48de852a4a115
c8377a2d7a2dff80
8e9c92fe92ff0000
585ab6f3585acfcf
902805c390288000
79834e2a79837f80
33a10eb033a102dd
c11cba31c11c3bd8
1b4bfd87fd87d956
2d76ec4aec4ada42
a96c5c8f5c8fc684
b5c21c7db5c292c0
175b6ca76ca7448f
c2f39b5bc2f31ed0
c5649fe4c56425cb
c7f1b3a4c7f13c1a
ff49cbf2ff497f80
04b115e015e00000
6633fa66fa66ff80
e202d76ce20279f0
62212ba662214e51
800eec82ec822be4
54b053c554e16907
d0fbdedadeda7056
8ffb5ea75ea7af24
9fd2e018e0184079
1ff31f56202f0033
bcd157fd57fdd54f
f5fd7971796fff80
1322e3f1e3f1b799
b5f9dff4dff4566d
0b81fddbfddbc9dd
d38ebd34d38e5148
5ef698c65ef6b83e
2e322eb22f061d78
67651f5a67654743
082dd3b0d3b09c6e
0e0549194919179f
b77160736073d865
b474fa99fa996f92
98de81a998de0000
29bb5f065f064944
3f90966e3f909686
05f1081c08240000
1e1e404440441ef2
d7f7a631d7f73eab
7c9dc8097c9dff80
2b67e87be87bd462
ee8f0502ee8fb411
12f2ba38ba388dae
bdb4f055f0556e96
1fbe21a821b401f9
c2178424c21706c1
3f1382643f138203
0f7e92b792b58000
53c9a26853c9b6b6
037ec157c1578555
e4a2b3e3e4a25910
0a5c14bf14bf0000
5ab8ca095ab8e545
3b9a4e3f4e3f4a66
e44bcc25e44b7103
e02ad4c1e02a7580
7605b9b57605f03c
29dbd452d452beb4
bb529fa6bb521b88
f83ed3d6f83e7f80
e7ca1ac0e7cac318
0d20317931790013
fc55893cfc55461c
f868f050f8687f80
891577e777e7c186
01a212b412b40000
6eb0ce566eb0fd93
56f0ae7356f0c5e4
b2445d8a5d8ad053
14be2ad82ad80050
aa9633dc33dc9f01
615e0c0f615e2df8
20c361b061b04306
4cbb437f4cbb50ba
c6171c07c617a29f
65afa84f65afce8e
c9ef12a9c9ef9d1e
3751992b3751910c
4993935249939d71
488f6c5f6c5f7579
967d0bae967d8000
a6499fa5a6490682
50bf1a9350bf2bdb
b5eb1aeab5eb9157
8183a5a9a5a90000
a8e1e2b7e2b74c21
b5e284bcb5e20000
730de200730dff80
7994daf07994ff80
ecab791d791dff80
ba06942dba060eb5
7c63d7c57c63ff80
837afdcbfdcb41c6
7b95915d7b95cd81
510fd740d740e8d6
5ffa736373637f80
985ea310a3100000
773ed98d773eff80
fac39f8cfac35ad5
e4ea76877687ff80
7308abb87308df44
afd41ffdafd49052
6abdfedbfedbff80
91224fa14fa1a14c
a335dd9cdd9c415d
d8c822e3d8c8bc31
d2aaaf38d2aa4274
d4c9c0dfd4c9562f
068fd662d6629d7c
0252483f483f0b1d
24ba36b136b11c01
5b7bc4fa5b7be0f5
9d91da3dda3d3856
18d63c733c7315cb
5ecf12675ecf31bb
2b692c1e2c581810
332bd330d330c6eb
419848e348e34b07
e3eb44dae3ebe948
120c5469546926ff
de0767036703ff80
2cd6fd28fd28ea8c
4bea06154bea1288
050fce98ce98942a
6d9c9fcc6d9ccdf9
54afd8b8d8b7edfc
46f04593470a4d0a
39e0b27e39e0acde
d130d6ebd6eb68a2
ef2ecfa9ef2e7f66
4a3c218b4a3c2c4c
5d4434575d445225
f78354cef783ff80
151a0f64151a0000
2f3025af2f301571
33893d863d86318f
2cef7680768063ef
715cc145715cf329
cfac197dcfaca9aa
1156cba6cba69d8b
5c49325c5c494f2d
92a164ba64bab7ea
5fe9860e5fe9a681
f2873c4df287ef58
64843db6648462bc
65c0b7cb65c0de18
488ab7c3488ac0d2
edfe609bedfeff80
521a9004521aa29f
51f2e8a8e8a8fb1f
d1974d67d197df88
781c3ff6781c7896
4aeef04cf04cfbbe
911711250f608000
de258c3bde252af1
a9d92f582f5899b7
f96d8b5ff96d454e
be8f3cabbe84bbbf
8c7812ef12ef8000
f37fff02ff027f80
bf9b28dfbf9ba907
ee5993f5ee5942d0
d9040ee7d904a86e
18900b2f18900000
eff6bf9eeff67018
5369aa425369be31
8c23269126918000
429889af42988cd0
101ea5bfa5bf8000
2f4ceba2eba2db81
a63cf612f6125cd6
aa67c390c3902e82
a41e3d5c3d5ca208
e6f05e57e6f0ff80
7b6d31267b6d6d1a
41f710ea41f71362
590511ce59052b56
388c613761375a48
bf8243bb43bac3be
fe9059ddfe90ff80
9823f4baf4ba4d6d
62310bde62312e99
a6f1b178b17818e9
10cb583958392993
9fc6b239b239128f
121bb4c3b4c3876c
2a39d71ed71ec1e4
6294203862944355
f01d8285f01d3323
e08365966596ff80
54d2e30ee30ef869
8527645b645baa0f
3e9e0a7d3e9e099c
6e1c58206e1c7f80
8a8d291c291c8000
0f163c893c890c21
6b2242f26b226e99
c361ad42c361312b
26a5d6d2d6d2be07
1e17b8f4b8f49790
c18ee80be80b6a1a
d4f23458d4f2c9cc
3a13e637e637e0d2
7cb1893d7cb1c683
01cf7b4f7b4f3da7
efac24c9efacd507
42684f904f905282
4451192b44511e0c
1ac3b6cab6ca921a
9fef40ff40ffa16e
b24da4bbb24d1796
15d4820615d48000
55bc880a55bc9e4b
e569ebb5ebb57f80
ba4bbbb4bbcd368f
21f62f482f4811c0
64399f1c6439c3e1
16fa539353932b10
3eaed7bfd7bfd702
ec93c5aeec9372c8
88ab222522258000
6471054564712a39
3ae6ca79ca79c5e0
72e3950d72e3c87a
bcd0bb20bce43882
b6fb3516b6e8ac93
584b35b1584b4e8c
16c2dce6dce6b42e
efea8934efea39a5
a96aa978a9f11363
06bd8c598c598000
fc4074d0fc40ff80
2e5b823f2e5b8000
ecb32558ecb3d297
2cf2d9d1d9d1c746
3f24b7733f24b71c
6908168969084012
90d85b7c5b7cacd5
3194ba88ba88ac9d
0fecaef5aef5801c
5af66ae96ae97f80
0a2aa5f1a5f18000
88d4926492640000
a61cec2aec2a52cf
b56c8334b56c0000
b72fc55cc55c3d16
cf2b02d6cf2b928f
6769690a69197f80
00568d338d338000
5263717071707f80
3a68ebe8ebe8e6d2
3778ade13778a5da
ef9e5da7ef9eff80
73f7186973f74ce1
0365238923890000
a5da8097a5da0000
2fc04aec4aec3b31
aedc83cdaedc0000
65c3135265c339a0
c32895c9c3281984
99a1be24be24184e
ed0e5d1fed0eff80
0d6f594059402733
535d3b4f535d4f33
9a5cf261f2614d41
bfbb8e68bfbb0ea9
a4103b683b68a002
c1748916c1740b0f
22cc54d254d23827
59cece7459cee8c4
5fedde865fccfef8
00c90db40db40000
7303510d73037f80
57dc5b1e5b207388
e02bf95df95d7f80
207efe64fe64df62
f5bdcaa7f5bd7f80
159759a759a72fc5
817a6f2e6f2eb12a
d49035d4d490caee
a695a4c9a6a20bea
9d7d54f354f3b2f0
c315d2afd2af564c
03c9949394938000
84b074f974f9ba2b
c612016cc6128807
c654d3dbd3db5ab5
693a693569b87f80
e7ecf7fef7fe7f80
955394c4959a0000
24ab6d506d50528b
0af202010af20000
103b3ef03ef00faf
659ebe4b659ee47b
a834878ba8340000
f097b47af0976593
a74b65086508ccd8
9677b3bfb3bf0ab8
498dd35cd35cdd72
627a2b2d627a4e29
78ba751178bb7f80
a53c54025402b9bf
81d43b733b738003
eaaea929eaae5466
a19e0e9aa19e8000
e71bb68ce71b5e2a
e40f70947094ff80
00fba160a1608000
b2234fe74fe7c293
e8db26a5e8dbd00d
37a9d62dd62dce64
00829f049f048000
db3dd52fdb3d7101
71bd836c71bdb5ae
52d37b3d7b3d7f80
d142ebbeebbe7d90
f6d44c57f6d4ff80
a17dfc95fc955e93
655a5ff9655a7f80
bfa4c062c09a4091
5224583458346ae7
21bd100021bd0000
e8127eef7eefff80
103a4ebc4ebc1f89
026b3c343c340015
f3a7cbdbf3a77f80
7f6813d27f6853be
d29940f3d299d411
c153f0bcf0bc729b
0f083f433f430ecf
7a7d745e7a7d7f80
ff6b5c60ff6bff80
984152725272ab36
fd6fbc98fd6f7a8e
68d384c868d3ae25
dd4c87ffdd4c25cb
83cbf90cf90c3d5e
942f11a7942a8000
f2081e2af208d0b5
bd4889b4bd48078d
55e29d6255e2b3c8
117a77a877a849a4
e51b6473e4bcff80
bc84eba7eba768ac
abc9d5bcd5bc4214
4fa3e6c7e6c7f6fd
8c3d7fd57fc07fc0
4087bdc74084bed2
dae2695b695bff80
8a4fa0e7a0e70000
881fd398d3981c3d
77a38ea877a3c6d6
14e1212721270000
1ffce836e836c8b3
c4249b03c4241fa8
6ab0edceedcbff80
cd9c6ea36ea3fcc7
1b46338833880f52
2fb2374b374b278d
7800d1a37800ff80
3dcb6382638261ce
216ed88fd88fba85
37096c9f6c9f642a
b44716d0b4478ba2
3a2724f53a271fa0
ec3d2eb6ec3ddb86
65063ff36506657e
09028c638c618000
3bfc8e833bfc8b01
d2832172d283b478
8d72299c299c8000
8172a22aa22a0000
2c61c4a6c4a6b192
c912c70fc91b50a3
282266a866a84f55
8409c9abc9ab0e37
35c1471247123d5c
2f35a9272f3598ec
79797f547f547f80
22c9ece3ece3d032
a27426692668895e
da4e23beda4ebe99
69bbb1a869bbdbf5
1ed3ca64ca64a9bc
d60d3955d60dcfeb
ae2275ce75cee482
7881365a78816f5c
64fd57e564fd7d62
a62fd094d094374a
5fecb89d5fecd911
0c7e290d290d0000
fe282638fe28e4f2
e13c5995e13cfb5b
365471d471d468b0
28df086e28df0000
e9b84b69e9b8f5a7
aba4afccafcd1c03
9fd8273c273c879f
44f30c7944f311ec
593925d659393f9b
2869f2bef2bedbad
30ea142a30ea059b
d81ce0b7e0b7795f
37c8368f37ec2edf
8d6f6c8a6c8aba81
772a003c772a379f
55c585c655c59c18
354e866b354e8000
00ec1eb01eb00000
0b3840b540b50c82
832789f889f80000
8fdcb131b1310198
d463033ad4639825
048d7b077b074015
809663666366a487
8e7e6c2d6c2dbb2c
3a6827fb3a6822e3
0e7faf2baf2b8005
e824f2bbf2bb7f80
b51980a7b5190000
9b97ce3bce3b2a5d
2ce685252ce68000
7e0355b57e037f80
5e7f47835e7f6682
bb294ba64ba6c75b
97c9dda2dda235fe
c2c7bc7cc2c73fc4
792db2c2792dec83
8e47fccefcce4ba0
1a6a601060103b04
73fdde6a73fdff80
f5e9e8ddf5e97f80
47dfafce47dfb833
4bda85704bda91cc
1f80349134911491
bcea87babcea052a
ca8c08ddca8c93f2
cd7a72257225ff80
ae4d9d31ae4d0c0e
0cf26cf56cf53a68
b7be8d5cb7be05a3
d69a36aad69acdcd
8fa40aab8fa48000
3dc7afb03dc7ae09
c5e13707c5e1bd6d
fcf24765fcf2ff80
4b2ff788f788ff80
fe6b7981fe6bff80
ea918cc9ea9137e4
52ec788178817f80
dc4f4b47dc4fe821
fac38bd6fac34723
947eee97ee974396
ecd09bd0ecd04929
926f2e132e138109
aceee6bde6bd5430
a5ae446c446caaa0
32b29c6c32b28fa4
81b56ee36ee3b120
0c8fd2dbd2db9ff5
02cda31fa31f8000
80357ead7eadbf0f
5ac7f49cf49cff80
12ee36fc36fc0a6a
51215c025c026da4
11b2a9b7a9b78000
3bf9f86af86af4e4
d96dc279d96d5c67
4b7bbcaf4b7bc8ac
8ab621ce21ce8000
1a89528652862d8f
99c0adb9adb9080b
daae58c5daa2f406
ca1a5d3b5d3be7e1
99309bc39bc80000
3c54c27dc27dbf52
5db8da2a5db7f874
1770d6e0d6e0aed2
48dcb4d948dcbe3a
e03e0102e03ea1c1
48905bfc5bfc650e
95eb212e212e8000
5242814852429418
54a3597b597b6ea0
ef43fe88fe887f80
d880f719f7197f80
3700bbaabbaab32a
a02532933293933d
76c57905790b7f80
0502812c05018000
0ab4636963692ea4
ae48717c717ce045
0eef72167216418c
d059965ad0592739
d9b4816dd9b41ba7
55dc3ad855dc513a
dc5255c7dc52f2a3
9ead489d489da7d4
5fdc6a116a117f80
53463bbc53464f91
8ccd03cd8ccd8000
9b49d762d7623331
73a4a2da73a4d70c
83ecfaf7faf73f64
9d742ef72ef78ceb
8ee971477147c0b5
d6510469d6519b3e
777a72a7777a7f80
f311cdd6f3117f80
64f523af64f54927
bb9ee087e0875ca7
8a9d62896289ada8
33c875e475e46a32
6cb360826cb37f80
8d4ade2ede2e2c09
153d356c356c0b2e
d4c1820dd4c11755
3177ad7b31769f72
8d4e2a0d2a0d8000
2d67d84fd84fc63b
9774b3e8b3e80bdd
18af8cb918af8000
653f6d046d047f80
3668b0ed3668a7d7
6df24dd86df27c4c
e3099b37e3093ec4
950d86e1950d0000
0b35d790d790a34c
5270c9435270dc37
7938eac97938ff80
930fe91fe91f3cb2
a2d19ce8a2d1005f
902b3beb3beb8c9d
cb7461036103ecfa
c63673ee73eefaa9
696095026960bee4
db148110db141ca6
4467254f44672a3b
a99dc6b1c6b130d9
3a057c187c18769e
33e891c633e88633
5b53927c5b53ae50
27dd030827dd0000
61d85d5e61d87f80
82d79aea9aea0000
6ad564ac6ad57f80
f4c2336df4c2e8b4
35afcff4cff4c627
27ece577e577cde4
de103badde10da43
2f409f772f408f39
1327c5e9c5e99998
e16da84ce16d4a3d
d71d3779d71dcf19
ed17ebdded337f80
6b0451026b047c86
2408cad8cad8af66
5622962f5622acdd
bf1f567d567dd61d
9a38e67de67d4136
8217f43df43d36df
8361952895280000
838b8a9e8a9e0000
ed606176ed60ff80
7e6016597e60553e
e13bb774e13b5932
c076325ec076b355
5d18606560677e08
a2f75a555a55bdce
4739801b4739871c
70f4a87170f4d9e6
ee55f120f1237f80
3f5c31a03f5c318a
89a6a98ea98e0000
3be7afc53be7ac32
03b7083108310000
99b0f1e1f1e14c1b
cf809764cf802764
67c8a11467c8c967
52e5e5e2e5e2f94a
7511717875127f80
f6b12005f6b1d738
387ab351387aac4c
54375a865a866f40
18ec409d409d1a11
b7f641e341e3ba5a
56900e3f56902557
58be90a358bea9f2
d02808f8d02899a3
bb8c88a3bb8c04b2
b00ae4b0e4b0553e
6bef6eab6eaf7f80
66f8cd9666f8f511
8ce400948ce48000
4887fd0bfd0bff80
1a73cf67cf67aa5b
e9ad30bce9addafe
b4201100b42085a0
2a90fb47fb47e660
7c74f4fc7c74ff80
4f07b4ba4f07c444
4f2a63bf63bf737e
c073ed35ed356e2c
cb42c561cb42512b
79de97f879ded257
dc961808dc96b51f
b44bf057f057652a
555b3549555b4b2c
68942fb5689458d1
4ff1ca824ff1daf5
3c0063a763a76027
344bb962b962ae33
97b26db06db0c5f5
9eb67bb67bb6db01
fc5903bdfc59c0a0
a68a432f432faa3d
f28203cdf282b6d0
0ef5e4bce4bcb434
dc7ad9c2dc8076bd
64b0bd0d64b0e242
145caa38aa388014
5a6060c960c97bb0
105ec8f9c8f999d8
817453675367955c
be035d5f5d5fdbe4
5ea26f0d6f0d7f80
aa2e8251aa2e0000
a26adf3ddf3d422d
18656c606c604548
98914cc94cc9a5e4
30d67376737664ce
30541b9730540c7a
fbba554bfbbaff80
a0cd984ca0cd0000
f9025853f902ff80
888afb86fb864490
c5041c06c504a18a
ff26fdf4ff447f80
2cea50e650e63e52
09c19ef99ef98000
2fc9f92cf92ce987
e1b0b602e1b05833
42daf046f046f3a9
c614219ec614a837
3121916d31218315
3194b460b45ba682
d7d2eee6eee67f80
425c73cb73cb76ae
821d3db83db88071
00650ccb0ccb0000
2f26085d2f260000
df5313f3df53b3c8
47d084d747d08d2f
c7089822c7081fac
ab898b4aab890000
f2d5c74bf2d57aa9
7f9fc1a67fc07fc0
37a36e716e716699
5f84ce3d5f84ee43
397849c249c243bc
849479267926be40
2722479d479d2f47
7041c95f7041fa28
feb03c89feb0fbbc
20f6e3fae3fac570
2aff99fc2aff857b
68a1db0668a1ff80
62310af162312da7
2376785178515c49
912c4c644c649e19
b68e4a0f4a0fc11f
84caf6abf6ab3c07
42b88af342b88e2f
d010809fd0101133
11928a7411928000
ceb7584d584de793
f8af0dc5f8afc707
2c79b3ecb3eca0e6
43817bff7bff7f80
79daed2979daff80
4c7ecd16ccadda15
5d260c795d262a21
075f86b807038000
98a5ed36ed36466b
323844ee44ee37ab
091638f738f70291
2655683a683a4f1b
d6a99ca2d6a933d6
0ddf07690ddf0000
2305dcb1dcb1c038
df9e99dedf9e3a09
b1261951b1268b08
33ccaf6133cca3b3
21abe709e709c937
e435c257e4356718
57f46fb66fb67f80
0a3582010a358000
0629f47df47dbb27
23c7b65bb65b9aaa
c3c38027c3c303ee
927abcc4bcc40fbf
81b90ba10ba18000
44e8b40444e8b96f
81784b214b218d1c
6c2098926c20c536
9e7a45134513a410
066f6b686b683259
5fac10e25fac3118
bd832648bd83a44d
614dbb3e614ddd18
f004eccaf0067f80
5bd16c446c447f80
3734c118c118b8d6
7dd70ee17dd74d3d
107f027e107f0000
3b52cdbecdbec99c
1822361d361d0ec7
4e89cae34e88d9f3
5f12e9f3e9f3ff80
d581ac3dd581423e
e4c9b733e4c95c8d
58b8064358b81f8c
fd605e02fd60ff80
698cc93d698cf34f
0bd60c440c980000
4aa1cebaceb9d9ea
5d00e4efe4efff80
94fd273627368001
0861abb2abb28000
c17976897689f885
ba056c396c39e6c0
0b517c6b7c6b4840
de491cf5de49bbc0
dc3833c8dc38d090
b9d408e1b9d4833a
05eb1cfd1cfd0000
f95263e9f952ff80
624f8892624fab6c
8b1b369436948233
0225488848880b2f
0573055305e30000
dcf54f56dcf5eccd
f78970c8f789ff80
5d712dca5d714bbe
edfb8024edfb2e0d
1455ba5dba5d8f38
d38ac2e5d38a56f7
61bf8e3961bfb08a
ca4c1f21ca4caa00
9af5e008e0083b82
1f39777477745730
468613b146861ab9
9c80ac2cac2c092c
65cda35e65cdc9b2
3b3d6f9d6f9d6b68
35bced40ed40e38d
991ea2faa2fa0001
545e50aa545f6593
70971d4c70974e71
bb12e7c0e7c0635b
4356bd2e4356c111
79be713379be7f80
76448b9a7644c26c
8876fddffddf46d6
23abf183f183d5af
35e3947e35e38ae1
207c52e652e633e2
82c3915591550000
b93df144f1446b11
92ae0bc292ae8000
a922f7abf7ab6158
2892af2baf2b9843
d9d21628d9d2b08a
e4b94b5ce4b9f09f
8144334733478000
076fddcbddcba5be
73fa435873fa77d3
fdbf860bfdbf444f
469b4ca94ca953cd
7ff80b9d7fc07fc0
d92e7b037b03ff80
c1841a93c1849c98
d75f5d865d86f569
0f11aceaacea8001
5e96fdb6fdb6ff80
8e6e82da8e6e0000
5c3586665c35a323
2b00981d2b00839d
549992745499a792
9c4e6d1b6d1bc9f9
72686b0172687f80
b7f53f153f15b78f
b891fa52fa52736e
e944e894e9877f80
5301b1a65301c527
1aab536453642e98
4f3c97ba4f3ca789
9c1303169c138000
f9189929f91852c9
c4cea7d2c4ce2d29
9bad84739bad0000
fa27065bfa27c10f
81b9220322038000
05533da63da60389
96e99a009a020000
271b315b315b1905
4a6ccf35cf35da27
0381433343330734
ed239b0bed2348b1
7fbc84b77fc07fc0
fbda3d31fbdaf997
4d52858e4d529369
aae1ad62ad6918c7
6133235f6133451c
565cad6e565cc44d
56f115bc56f12d31
63851fda638543e3
8445357935798000
c4f10a32c4f18fa8
be49dd0cdd0c5bdc
02eb3c913c910043
07d5116111610000
cb748e46cb741a3d
8ffac2cdc2cd1348
98a053115311ac35
c7bb75d375d3fe1a
68089d7e6808c607
98598e4d98590000
41292ed64129308d
aa0573047304dd89
926c76877687c979
f0e013a6f0e0c511
597a2a91597a448e
382986293829800e
bdf827c5bdf8a63f
70f795f170f7c769
dc97e2c2e2c27f80
748e3553748e6a6a
dd2dc944dd2d6704
b9f41d2bb9f497a3
ac00a278ac000ef8
e88ad418e88a7d24
69254bc969257582
c2ec0f68c2ec92d6
18b4e287e287bbbe
94234b704b70a019
ef581457ef58c435
4169d924d924db15
e72f4c31e72ff3f2
b2040be3b2048007
7f1eae747f1eee17
18716ac96ac943bd
c6f8a8f6c6f8306e
63141e56631441f7
5ec26279627b7f80
0ca8961e961e8000
375ed740d740cf26
c965103ac9659a26
351061d161d1576b
ee504f9eee50fe80
5dfa682368237f80
1cd260a360a33e06
c09a0ccbc09a8df4
8a34c77cc77c1231
67c620f467c6493d
0d3da4cca4cc8000
bede7f177f17fe83
5720733b733b7f80
80c1e7ffe7ff2940
75c31cdd75c35328
48c5f792f792ff80
1d3e24fb24fb02ba
f39122e0f391d6fe
d2cf80a7d2cf1407
c1b7ce08ce085042
aade03c7aade8000
16bbb6d7b6d78e1d
c63dd1afd1af5881
cda28a60cda2188e
e9b739e9e9b7e427
c4bedd7cdd7c62bb
920153865386a607
82325abc5abc9d83
04b2b000b0008000
a1727d897d89df82
a9a7a4d8a9a70f0d
4aeaa19c4aeaad0f
4805725272527ada
3ebb753c753c7489
f9d18fa7f9d14a08
7aeadb5a7aeaff80
7d6f4bbe7d6f7f80
7eb6c5137eb6ff80
25db43144314297d
74b1d32774b1ff80
96c873067306ca51
86398b208b200000
4ccaa6ef4ccab43d
a688936fa6880000
dcfd877adcfd24f7
0a5d4a664a661547
e241b460e2415729
f0956216f095ff80
d428fa57fa577f80
986470817081c966
22f7c489c489a804
8e70a404a4040000
cfe553455343e3b0
e8e9a07fe8e949e8
29b4183129b40279
e6dd10a5e6ddb80e
a6d8540e540ebb70
3a70d863d863d355
7f07f7c27f07ff80
d176e757e757794f
42d75de15de1613d
9bcae853e85344a6
3d5f9ea93d5f9c93
38bfa33a38bf9c8b
17e4eb96eb96c406
602bb7f1602bd8a1
94e3292429248009
8fda9f0f9f0f0000
057ac3f5c3f589ef
0f9bd785d785a7a1
7c94552e7c947f80
f4ef2a48f4efdfbb
114f224922490000
9e4a207320668018
bd8e1c5ebd8e9a76
7d2f166f7d2f5423
78fd302978fd69a7
37f475d875d86e4e
24b4472e472e2c75
851dae26ae260000
f56cc912f56c7f07
c57f5a165a16e015
f7e3ac44f7e364ae
cdafafaacdaf3de8
5f9ecc345f9eec5e
64df713c713c7f80
bc15e022e0225cbd
f587edf7f5877f80
2db8b5a6b5a6a3ef
2abbc8b7c8b7b406
f6d93461f6d9ebbf
6805603c68057f80
6437a1246437c5ea
c241c7c8c7c84a97
f34bd44af34b7f80
ce09ace2ce093b72
a6a868326832cf6a
9023e887e887392c
eab00b59eab0b695
1fc516991fc50000
e515660165b8ff80
c7ca0b20c7ca937c
5a0058605a0e72e0
3d7c6cd06cd06acd
540ad1a05405e62c
8780908e908e0000
1c183607360712a0
95094cee4ceea27f
3eb72be53eb72b24
32cfab6e32cf9ec0
6256b1176256d3fc
4a7fd9abd9abe4aa
22fda11722ea8495
39e00a5239e004b8
b5e8fc83fc8372ed
3488fb7afb7af085
a28b4f9d4f9db2aa
865d2e1d2e1d8000
d43b3930d43bce01
01e48e098e098000
852006d306bf8000
6dc532196dc5606b
aa77afbaafba1ab3
63625c5163627f80
6d2a24466d2a5203
568f5afd5afe720d
d699753b753bff80
3ff49eea3ff49f5f
ab2994acab290072
4c2d1d384c2d29f9
b1aae408e4085635
1450fc74fc74d146
2047ea5fea5fcb2d
4796ec7dec7df494
433ea90b433eacce
dd48df76df817d40
3b0cc7a1c7a1c330
97e4260e260e8008
eeb4cb2deeb47a73
6f5f2e306f5f5e19
c24aa129c24a2405
f65c00b7f65cb79d
195e91ed195e8000
33bfcb36cb36bf88
21aa842121aa8000
607ea637607ec736
a133a82da82d09f2
31a69ebe31a690f6
c3ff8f39c3ff13b8
0417c7f6c7f68c91
0841aa7daa7d8000
b6aa3cc23cc2b401
9891090498918000
a466c678c6782b5f
4db9b0254db9be6e
00be0a480a480000
c1e9a5b8c1e92827
135e49f449f41dd4
cd660302cd6690ea
919634c434c486e6
eff53df3eff5ee69
d050a551d050362a
0231a03da03d8000
9a9067196719c22c
0cdb8cf18b308000
1f8007421f800000
e1ea947ae1ea36e5
644c1998644c3e72
3452f72df72dec0e
65276ff56ff57f80
271212b727120000
30a1612d612d525a
9d46fbf1fbf159ba
df760972df76a969
be3d2e9ebe3dad69
4060399b40603a88
24c8909824c88000
df3d1d5adf3dbd21
7b80dd467b80ff80
ce09fb02fb027f80
e1f36e8a6e8aff80
e9a8ec23ec287f80
3c47ea00ea00e6c7
fb4e4ce3fb4eff80
3f81921f3f819220
bf7c85e1bf7c05dd
fdd038fafdd0f74b
b68cec70ec706383
902b03df902b8000
e309f31df31d7f80
123267ea67ea3aa3
868e2cf32cf38000
5098df9cdf9cf0b9
22465c4a5c4a3f1c
9652dd3edd3e341c
e51ecf91e51e7533
ae1d82f8ae1d0000
76d20a0276d24155
19bbb04fb04f8a97
a6def282f28259e1
1f28eebaeebace74
1632f0baf0bac781
af3d428f428fb253
f5aa908ff5aa46be
1fd42afa2afa0b4f
ad962a24ad959840
4c82cd3accf2da3d
9006f98ef98e4a15
7620ac767620e31a
eda070567051ff80
62f6be8462f6e1fe
f6729debf67254de
07647ce07ce044c8
b27cfd9bfd9b7099
b5fc2926b5fc9fa3
25eb8c3f25eb8000
968dfdaafdaa54bb
3ae528723ae523d8
588a8f6b588aa87d
badab749badc32ab
4455b6ca4455bba8
bea3db4ddb4d5a83
5145389a51454a6d
007c99f499f48000
5b8d53d55b8d6feb
eeea9818eeea478b
3dd803d53dd80234
5442210d544235d6
035b8ddf8ddf8000
95feab21ab2101a0
982e4fd94fd9a893
a297f9bcf9bc5cde
a7c05dc55dc5c614
16a0b2f9b2f98a1c
1fa8fe47fe47de83
ed1f61d2ed1fff80
e332a1b4e332457a
c32838e5c328bc96
d940614d614dfb1a
aafb7b607b60e6dc
05721a461a460000
c5670d29c5679318
543cf854f854ff80
0f88e5fbe5fbb605
0bca68be68be3516
27623a1a3a1a2208
ff74e2aeff747f80
157abc69bc699264
6d3121ec6d314fa3
ebea3f0bebeaeb7e
761e780a78147f80
712eb1b6712ee377
877d82e5877d0000
3b600dc93b6009b0
e76d4d35e76df528
60767eaf7eaf7f80
d94b0e85d94ba853
45283bbe45284179
ce2978227822ff80
17b814d617bb0000
12afd928d928ac66
ea0cfaf3faf37f80
52bb493f52bb5c8c
4519efe1efe1f586
81daa9efa9ef0000
d13ea8ccd13e3a97
6c0dd44b6c0dff80
1a12b8f9b8f9938e
996efaa9faa9549d
804820b320b38000
738f19fe738f4e0e
54dc70db70db7f80
f906cea0f9067f80
79a9a45179a9de8a
7be3053d7be341a8
b55a55915591cb77
f7cd6a6bf7cdff80
8ba258975897a4bf
5f265cbc5f2c7c74
d37ce1bfe1bf75bc
122a6cd86cd83f8f
65a0526d65a07894
3c302cd93c302995
19a4490a490a2331
08d509e10a0b0000
7596164c75964c6f
cac5d10fd10f5c5c
e05c0f84e05cb063
80a0b064b0640000
03defedcfedcc33f
fed1f0f0fed17f80
7522013a752236eb
66b8af5f66b8d6a0
37b76bdd6bdd641e
beea51cc51ccd13a
e0ab3e9fe0abdfd4
900333c033c08444
b366638d638dd77d
96acad88ad8804b7
450da5d0450dab65
774e11e1774e49b5
842fba7bba7b0015
69fb737973797f80
009612ee12ee0000
d7ad75487548ff80
70ebf140f095ff80
48cb55f455f45f41
771681c37716b965
782b2633782b5eef
16e5029016e50000
2122591759173abf
989a0835989a8000
c4957ee67ee6ff80
ac2d4bac4bacb868
a839ba00ba0022b9
b829a585b8291e30
faec1eeefaecda5b
c463fc38fc387f80
940b8282940b0000
ef6b0342ef6bb332
02128c5c8c5c8000
7fe23ee37fc07fc0
1f5b90461f5b8000
ea789d40ea78483a
0858995999598000
6f00d7316f00ff80
f8322149f832da0c
d372878fd3721b87
aec9b671b67125bd
f04afa34fa347f80
a18d9f18a1920127
8cdb100a10088000
9b119a8f9b580000
75c1f55e7524ff80
38ea5f265f265898
6ca3d19c6ca3fec7
aac6afe8afe81b33
317c97bd317c89ba
875b0a1f0a1c8000
27f966fd66fd4f76
219a5aa95aa93ccb
2abdf8fff8ffe43c
19720e3519720000
816e25ae25ae8000
b8273e983e98b746
fc0f96ecfc0f5384
0887685568553161
5441d993d993ee5e
822dc24fc24f050c
f771d1a1f7717f80
bf45dbccdbcc5b9d
b7c69fc4b7c61818
90d0e5dde5dd3734
daf1e363e3637ed6
c79ae239e2396a5f
123ce97fe97fbc3b
e11df4fef4fe7f80
4a9ea9a14a9eb4c7
4bba05574bba119c
bedf5e6b5e6bddcd
6592362065925c36
b5db91a4b5db080c
46880d4f4688145c
3940276039402128
3f256cd26cd26c87
abdd46b946b9b320
46ada83846adaf79
8723bcc4bcc4047a
d247e558e5587828
600fd21c600ff2ae
af49f6e9f6e966b7
c51167c067c0ed5a
18552b792b79044f
f59a48e7f59aff0b
6157c0c06157e2a1
7b8f08787b8f448b
c041ebffebff6cc0
f5f7be38f5f774b2
0332544a544a180c
74d6eb6d74d6ff80
443f41aa4444467e
3369af683368a353
4e3336644e33451f
99a190a099a10000
e9161a4de916c3f0
1167249124910000
dde04763dde0e5c7
ab1073057305de96
7d1ad7867d1aff80
accfa0d5accf0e2c
18cba0c7a0c78000
7d33ce477d33ff80
b0ee7f067f06f079
a8edd894d8944209
3cb784ec3cb78229
9728ff8b7fc07fc0
6464a9fd6464cee1
4a0bc0884a0bcb14
241cf1bdf1bdd666
a27218aea2728000
0acff470f470bfc2
4d08e44de44df1da
52055a4e5a4e6cd6
679fbcff679fe51e
2db9419341932fd4
27b97bf17bf1642e
570bedf0edf0ff80
673c496a673c712c
9070278f278f8000
d0bed477d47865b7
0ce5214721470000
64a0392e64a05e5a
192cf042f042ca02
048510f510f50000
3e3aa6253e3aa4f0
2091591e591e3a33
ac622f732f6f9c57
b30821dab3089568
81943d313d31801a
73c1ed4073c1ff80
38fa8e5938fa87d4
4543a7004543acc3
90341b131b138000
845ae358e3582838
5deef4c8f4c8ff80
7e964cc57e967f80
ac2dba44ba442704
4d0cf256f256ff80
100617bd17bd0000
ed9e0be9ed9eba10
a76567386738cf25
df78ad99df784d94
893d553f553f9f0d
6dd9e7096dd9ff80
d3de6fcd6fcdff80
0d7ca87da87d8000
679745fa67976e13
33c6cc0bcc0bc057
fb3e5853fb3eff80
8295933e933e0000
26e4a2a726e38a15
8ec6916d91730000
0c138df38de18000
ad712000ad718df1
79da6f4979da7f80
88e092dc92dc0000
403b8c76403b8d34
097f8e848e848000
ab26e23fe23f4df8
43fcbdc143fcc23e
ea1e3350ea1ede00
44fe923844fe97b7
b73391dbb7330999
c6cc474746c2ce9f
6a65772d772d7f80
dc7c5c5edaf0f95b
d4415b915b91f05b
02cbf56cf56cb8bb
ddf1b64cddf154c0
9db8eac2eac2490b
34ed6289628957fe
f5e64348f5e6f9b4
5b45687268727f80
434582914345865f
3494c304c304b819
fdd3d7d1fdd37f80
8fea1fe61fe68000
b9dd64b464b4df1b
53e24e5353e262ba
c03161106110e1c7
08f46ace6ace3444
06c7e804e804af4d
fcc12ccefcc1ea1b
cdbd79557955ff80
aecad74ad74a469f
295a6a926a925479
88c44b5f4b5f94ab
226cd0a1d0a1b394
9b1090b19b100000
db03d788db04730b
fd10e672fd107f80
2a05093a2a050000
d0b7b11cd0b7425f
df518a2edf512a0e
b611f10cf10c679f
f4184f84f418ff80
4936107449361a2d
cae5d004d0045b6c
6e645df46e647f80
6f5b230f6f5b52f5
dc05b157dc054ddf
c20b4de94de9d07d
d2210a85d2219d27
3863ceebceebc7d0
9be20a5f9be28000
a398ca09ca092e23
ba8576217621f127
e5f3b204e5f3587b
12dce80fe80fbb76
318c2ec5318f20d7
0ef5ea90ea90ba0a
e86e557be86efe69
f9909a55f9905470
5f3b1d6e5f3b3d2e
ad40cb5ccb5c3925
57143b33571452cf
dcfcb985dcfc5703
06d26fa96fa9370b
2430c308c308a7bb
5e6092645e60b148
aa87e851e851535c
511649be51165b5f
350a076c350a0001
ae0ec6eac6ea3582
d687bd97d687549f
fcc820fafcc8de43
dfedc076dfed60e4
e85a1b5ce85ac43b
9da87a457a45d881
a604359f359f9c24
5095fb84fb84ff80
4dfe39db4dfe4859
0320ed3ced3cb0eb
f46ed207f46e7f80
afa58b7fafa50000
4d951ddc4d952c00
18c705c318c70000
71627c147c147f80
02f5e581e581a8f7
abc23f743f74abb9
e8d7117be8d7bad3
109ba3c4a3c48000
c5532914c553aef4
bc2ceed0eed06b8c
7e8e3c8c7e8e7b9b
f494aeacf49463c7
dbe9dc1fdc8a7891
6247e6ade6adff80
dc0970e370e3ff80
5022c5ca5022d680
d8905c455c44f55e
1f8a70a570a550b2
c0e0e420e420658c
286dffa87fc07fc0
b9d90180b9d98000
2f5b8f7e2f5b801b
0dfaa0dda0dd8000
80225e535e539e60
533daf0e533dc2d2
ca8e43d1ca8ecee8
9542cbe7cbe721af
1b75b551b5519148
c328036dc328871c
e4fe2d2fe4fed2ae
a5c79d61a5c703af
ad3b66176617d3dd
e9cddbd5e9cd7f80
4c520ad84c5217b1
6958983e6958c220
ec203837ec20e4e5
51cf286751cf3abb
7d1927fc7d196597
4ae9f036f036fba6
b1f8ead1ead15d4a
a4d21219a4d28000
7dbd3c5d7dbd7aa3
9afc35e735e79163
cfbf8396cfbf13e0
94b1d30ed30e2844
321dc7dec7deba88
5342dc54dc54f021
99f762266226bca0
5da65fe25fec7e13
477e1e39477e2638
8ebdefaaefaa3efb
38c141c741c73b16
6d7f29fc6d7f57fb
a50c596b596bbf01
79a23da679a277d2
2febf7e4f7e4e851
f4246601f424ff80
c51f1cf9c51fa29b
e97fe3cee97f7f80
8b95705b705bbc7f
f0588cbdf0583d9f
9f353701370196b6
b0fa8107b0fa0000
960fada7ada7043b
1878f035f035c92f
28e80c2828e80000
723fd6e2723fff80
51871f625187316e
d010e178e178720c
209bf98ef98edaac
eb16b8cdeb166470
20b4a905a9058a3b
dc2615fbdc26b2a3
7c3c708a7c3c7f80
e1acc3dce1ac6614
cfa4556e556ee598
12d6ab3aab3a800a
614bd617614bf7ef
8b2dabd2abd20000
f77d67f1f77dff80
6681299366815094
b440e228e22856fc
6b3b710371037f80
fe0fd2acfe0f7f80
9454f1fbf1fb46d0
15f1d077d077a6e9
a694e6d5e6d54df6
7fddb9f77fc07fc0
700e2aa4700e5b36
407921314079222c
fef7d058fef77f80
862369216921afcd
39406f9f6f9f696e
d75cdb51db527334
50e2cc6d50e2ddd1
39c2321339c22c5f
9416b1f4b1f4068f
549cbf04549cd421
0bbf910791078000
6a0e69bc6a6c7f80
a2896d346d34d041
849e64986498a9bc
48aa52af52af5be8
9072db60db602c54
d412e76be76b7c06
5de54c915de56b02
c27bd288d2885585
d8acb4b3d8ac4df1
32042124320413a9
28c525c828c80f1a
88bd390e390e8252
47174975497e5111
a3595be85be8bfc5
2ddde5cde5cdd431
36c9a36736c99ab5
eab6698fea92ff80
940aa1dba1db0000
166e6a686a684158
4d2a44744d2a5222
628ef46bf46bff80
ce337d377d37ff80
56111eef56113587
0560df89df89a570
ce31b991ce314849
3df2f6b6f6b6f52c
fb350807fb35c3bf
a03e40274027a0f8
53411b4353412f13
8522813585230000
78be6d0d78be7f80
445df6f7f6f7fbd5
b63b87f8b63b000b
00074508450803ee
f56619fef566cfe4
8ba7b0aab0aa0001
ee23755d755dff80
a08503d0a0858000
d3c729f2d3c7be3c
959c78c578c5cef0
b95466e666e6e0be
36f3eb3eeb3ee2b4
f98efeb7feb77f80
8df0447a447a92ea
4d2633f54d26419f
c68f430ac68eca1a
f62ea07cf62e572b
b13083e7b1300000
3bf70a0f3bf7068a
f4e9b5e1f4e96b4d
9e9eea0fea0f4931
4bae1e804bae2aae
6432e0536431ff80
f5e2a156f5e257bd
a4b24bff4bffb131
d8e1e65be65b7f80
2ad1012e2ad10000
19cbdc4edc4eb6a3
d5922ae7d592c104
44ed8b3844ed90aa
bacf0a48bacf85a2
eb02da22eb027f80
74be527374be7f80
066a617d617d2867
b649e6c0e6c05d97
fabe9254fabe4d9d
269b47b047b02ed5
428c0809428c0b16
23b1d2b3d2b3b6f8
c4cc11e4c4cc9736
99c8b6c3b6c31118
6a34368c6a346145
8abb36de36de8222
4bbd16864bbd22c6
f7bda95ff7bd61a5
c79d5e415e41e66d
7b5272787b527f80
c9f18892c9f11309
a9250b1fa9258000
3cd3632063206084
473c96e8473c9eaa
2f63a6362f639621
f345a4e3f34558af
882d962696260000
e7ac7f787f78ff80
687f5d0b687f7f80
668893066688ba0e
ca1eec36ec3676e1
a731774e774edf0e
4821e816e816f0bd
3397ae5b3397a281
5e78591c5e787817
cb2c12f2cb2c9ea3
b8853c083c07b50d
adcde243e243509c
426f9978426f9c68
e422bce8e4226193
aa512938aa239416
103117dd17dd0000
035c7ec07ec042a5
9bf5eed9eed94b50
7e5a92707e5ad14c
d49958235822ed43
3e9478257825773f
506a7a147a147f80
8d5f487b487b965b
ea592f17ea59da00
e0ee49cbe0eeeb3d
d3888547d3881953
9bc1d6f4d6f43338
f138314cf138e313
d43341fbd433d6b0
34da392839282e8f
ad8d9c18ad8d0a27
5901e1a5e1a5fb26
9cd71c5a9c548000
d5bcc090d5bc56d4
d6a669cf69cfff80
0bb587d90bb48000
115736fe36fe08d5
179bb93db93d9165
36bc523752374986
d8e52064d8e5b9cc
2a4190322a418000
7f43057d7f434541
f648125ff648c92e
5bc0e5bae5baff80
38c82c7438c825bf
6b59e5096b59ff80
46ba241c46ba2b63
2c320b3c2c320000
fd3bb11bfd3b6ee2
0aedd049d0499bba
6f4056736f407f80
a72f4f574f57b713
38410de2384106aa
3c294e2e4e2e4ae6
26cc3c3c3c3c2396
0c8ad3b7d3b7a0c5
950703ab95078000
d1803394d180c594
e88bfa9cfa9c7f80
64a0fe24fe24ff80
9e60d5afd5af3499
57a4a3ab57a4bbdb
08ce349334930004
5e73975d5e73b652
11dece59ce59a0bc
85a169836983afa5
308ed791d791c8a1
e8ffdb8ee8ff7f80
c378cbdecbde4fd7
24b89a8624b88030
6dea80576deaae9f
e47be7a7e7a97f80
c7c4578e578edfd9
64a71edf64a74411
8c99ff4dff4d4c75
c2dc6c966c96f001
b6afad98b6af24d0
6cb030bf6cb05e03
240aa8c9a8c98d59
fe97f5defe977f80
2adb750575056064
2a5883d02a588000
ce6a8469ce6a1355
f0cd4f85f0cdff80
9782a521a5210001
7320a64f7320da01
9a74566f566fb164
671c5796671c7f37
7774725077747f80
7b4a2eb17b4a6a8c
d33cb439d33c4808
58fa3afa58fa5474
84bbef11ef113454
e7fcd164e7fc79e0
3b72ee94ee94ea8c
0c7f12be12be0000
1398789678964cb2
a3e1e2fbe2fb475d
7af2e5e87af2ff80
295466666666503e
cc2e504e504ddd0c
1d9596ee1d958000
06e91d201d200000
6e6e358b6e6e6481
db464f51db46eb22
70ac4f2270ac7f80
53d0cbca53d0e024
7607726576087f80
96e77ed67ed6d641
00bdd62bd62b977c
1ec02e772e770db9
c16253195319d507
0769438d438d0b80
176c0a1e176c0000
eb729199eb723d91
9c593ee53ee59bc2
19e4aa62aa6284c9
865544b444b48b96
29d9887329d98000
1c12561e561e32b4
bad540674067bbc0
6897c9276897f245
4e6c144e4e6c233e
293d1d72293d0733
a239d754d7543a19
3020697969795a1c
0012e4e7e4e7a482
11ab20a920a90000
66e1e922e91bff80
c6eefe0cfe0c7f80
053ae570e570ab2e
aae1bed4bed42a3a
f706f7a2f7e57f80
2e3afa51fa51e918
bbe755b455b4d222
e9221a72e922c419
03de496649660dc7
e85c8333e85c2c1a
ca875cba5cbae7c4
6fc566776fc57f80
3512a454351299f2
009a18e118e10000
263e730c730c59d0
980b40e340e39977
494823e649482db4
79c898cb79c8d31f
861ee584e5842c23
e43c1f5ee43cc423
d01466ed66edf789
2bd74757475733b5
7a52e27e7a52ff80
f8b55cd8f8b5ff80
55af3a8e55af50c2
3a6a759e759e7090
5e8facc15e8fcbd8
62fbdae362fbfe5f
90d350cf50cfa22b
e2d75eb0e2d6ff80
b1d98ef0b1d9014b
f567a78cf5675d7d
34dcebd7ebd7e139
34696adb6adb5fc7
824869b969b9ac91
3ca78bda3ca7890e
812240784078821d
e179c089e1796285
6f4b2d346f4b5d0f
0860ba25ba258310
a8d5fc37fc376598
3c4660f360f35dbc
93ad1fc31fc38000
06f43a923a92020b
14387f9c7fc07fc0
61bc65cb65cc7f80
38b9387b391b31b5
e5cfe421e5e37f80
9e7c20a020988027
79af8a3379afc475
ef33bb35ef336afd
2d86604c604c4e56
1e8a715e715e506f
e336cd9ce336715e
c2871b6ac2879e77
8f7743f343f393ea
13e6d1a0d1a0a610
34bb542f542f4980
21b7e449e449c690
b78c4b994b99c3a7
a9d1d01ed01e3a81
4ad2a6d04ad2b22b
b50eea14ea145fa4
96cddb22db223282
d37910fcd379a4f5
c89dcb46cb4b5473
f8e92fd4f8e9e941
578f0c39578f244f
a6613d1b3d1ba408
8746163616368000
d0ee4929d0eeda9d
ee9142e3ee91f201
6fb5e90a6fb5ff80
1269d517d517a809
e396e711e7127f80
02ad8feb8feb8000
656b536f656b795b
75470d07754742d2
a471e6dce6dc4bcf
3fa59b473fa59b80
4514008145140615
4bbb95e14bbba224
95a9cea8cea824de
88eb078488ca8000
debbe281e2827f80
d8ef1c54d8efb5c6
bd58fb37fb37791a
e7cdf90ff90f7f80
1a31669b669b4156
a0f5c5a8c5a82721
b976d4f5d4f54eeb
4eacab3b4eacba7b
d0923518d092c62d
9facefdcefdc5014
ea119cdaea114777
04ca97b197b18000
abb2f1d5f1d55e14
1fd35a685a683abf
7fc95c5e7fc07fc0
59f5d47959f5eeee
10cd339a339a04f7
0fcae7cee7ceb823
6826936c6826bc19
bc06154dbc0691d7
14c37c457c455196
d0f31aa4d0f3ac1c
d8912068d891b983
5822806d5822990a
ebcafdb2fdb27f80
a1d1570c570cb965
bd7044874487c27d
f6a81df1f6a8d51e
7f6588ae7f65c89c
91966cc16cc1bee2
da1e6a056a05ff80
c238d542d542580b
c1cb59805980dbcb
51f4c90751f4db81
98d51cb51cb48000
4004a89c4004a921
b14e6df96df9dfc8
e5613fe8e561e5cc
456283c3456289ac
171d981397d88000
3d5f56eb56eb54cd
caf4753c753cff80
6738cbed6738f3aa
0903e913e913b296
af1c6c0b6c0bdba9
0226492349230bd3
3eedf3bcf3bcf32e
6f9e57cc6f9e7f80
a6c6ea33ea33518a
8380b57eb57e0000
6341fc13fc13ff80
be2a9509be2a13b6
8aa281688aa20000
db894944db89e552
416fdd98dd98df8e
2fa493762fa4839e
b7545db75db7d598
46a98c9546a993c5
e10a6e1b6e1bff80
b27567356735da2d
bf0f1840bf0f97d6
2d0b5dc35dc34b54
2ecb22042ecb1151
e15ca854e15c4a36
d65695f1d6562cc9
45ef7043704376b6
5ec7e6b7e6b7ff80
aec4ae81af221dc6
993de7cfe7cf4199
c63b9806c63b1ec4
6359ff08ff08ff80
f730b9a1f730715d
29cc020b29cc0000
5b6e48d75b6e64c8
2acfc485c485afd7
49e4c2c949e4cd33
416ead26416eaf1a
328d0d19328d0054
60b58b0c60b5ac46
b6c00d7cb6c084bd
1794cd01cd01a515
2b6881e62b688000
1196b5beb5be87df
37fd116037fd09dd
a3f4e3bfe3bf4836
f1e379a279a2ff80
f6be6f6cf6beff80
af0eba74ba742a07
d26c4421d26cd714
9c71264c264c8340
45e97fbf7fc07fc0
da79eb6aeb6a7f80
3d57464846484428
aad1c1cdc1cd2d27
db94899bdb9425b3
6ce645de6ce67347
84c4297c297c8000
bb15c41ec41e3fb8
7e13ddfd7e13ff80
83e61eb61eb68000
832ab234b2340000
6e2405ca6e243481
70be512070be7f80
6588337865885984
07279c1b9c1b8000
77a74f5177a77f80
779ee1de779eff80
0dffc8cbc8cb974a
68ca0b4968ca349f
1a05cce0cce0a769
0a69b90eb90e8401
9a2ef5b2f5b25072
a1ec8f54a1ec0000
5cd6005a5cd61d96
4b44f7b6f7b6ff80
e4fa6c216c21ff80
45ad772377237d5c
0d6d465446541444
abe357205720c38e
046ad8bad8ba9daa
3f7ae1b5e1b5e1b1
38bad25cd25ccba0
3b1028373b1023ce
961a0f83961a8000
0441579d579d1c6d
05e9c696c6968d09
084ece35ce359712
2d3ce3dfe3dfd1a4
9acf27b727b78314
9952a8eda8ed02c2
9d831e371deb8000
2b6f598e598e4585
bb7d0d2cbb7d892a
b06da907b06d19fa
5939cca35939e66c
f1451cddf145ceaa
5e31f572f572ff80
c69531f8c695b910
1203bef4bef4917a
3ae15cb85cb85822
d24f021bd24f94fb
422f24a0422f275b
cb775e475e47ea40
f3a54ff5f3a5ff80
f6a9a9e0f6a96114
a179991aa1790000
bbb5f43df43d7086
8857f89ff89f4186
db4936a6db49d282
424542f0432945b9
9f2e8f159f2e0000
810fcbb1cbb10d46
4dda519d519e6006
5bb4fda5fda5ff80
8d773df63df68bed
3416490749073d9e
91fd013a91fd8000
8cf4d4b8d4b8222f
7e9054d67e907f80
bbd764446444e0a5
8a83f714f7144217
777b5ae0777b7f80
240d584e584e3ce3
a0c63297329793ea
be4b7f4b7f4bfe21
1d57df31df31bd15
14ba765176514b98
5d8a37755d8a5584
1b1c80ba1b1c8000
9a1335ad35ad9047
75305fca75307f80
f3c608fff3c6bd45
899d70237023ba48
f18c0011f18cb115
2b8221632b820d67
c54630a4c546b67e
2ca21dbd2ca20aef
64171d5964174200
a381a87ba87b0c7d
d910125cd910abf8
2755ec6bec6bd444
b99a6f8c6f8ce9a8
97883bb13bb193bc
6b74ae9e6b74da97
534b30de534b44b0
07092bca2bca0000
1911f8a7f8a7d23d
be4762806280e147
7582c5597582fb5c
99f72b0a2b0a8585
6d9763956d977f80
a7a32b912b9093b9
7d89fbc77d79ff80
28dffb4afb4ae4b0
7d6a739a7d6a7f80
1c7fb8a4b8a495a3
a00a4e3c4e3caecb
627ce84fe84fff80
180e79a679a65238
6e018e146e01bc95
a06d7d9c7d9cde90
65d5e37265cdff80
5c1ddbf25b10f894
51c1476e51c159b3
576c0f94576c2788
95f5445244529ac9
62942f726294528c
a898ff69ff69688a
7f7428e57f7468da
65779bfb6577c1f2
ffa716927fc07fc0
82d0c1d4c1d4052c
bd6cd4acd4ac529f
4a9c13e34a9c1f0a
738810f0738844ff
936a3ad93ad98ec6
ebdd8641ebdd32a7
3ddd33673ddd31c7
df81c3fedf816400
8e36912d91300000
9601326d326d88ef
d84e0aa2d84ea382
8e9a0acb8e998000
a85a07bda85a8000
fb6854e1fb68ff80
444fd0d5d0d5d5ac
31f4ad2031f49f98
f8c22b20f8c2e472
7623558f76237f80
4fd0f6d6f6d6ff80
9d85ea73ea73487c
7335ffc77fc07fc0
5a9f0a805a9f259f
ac8b643f643fd14f
dc36be55dc365b17
4f19e6a1e6a1f640
20222cb12cb10d60
3b8b67b567b563c5
4f45df72df72ef3a
a9452c742c71963c
7548688775487f80
0d0f6dba6dba3b50
9912dafedafe3491
3219a0b232199355
dfc447bedfc4e811
56bd8ff556bda735
c2f4381ac2f4bb93
f87ca415f87c5d13
53799e5e5379b258
d81170f870f8ff80
cc097cc37cc3ff80
e2151803e215ba98
c6f7eb06eb067281
873da19da19d0000
3113bf9fbf9fb137
5aa6b6f65aa6d220
6e91c4ec6e91f406
4785d263d263da6c
81aac145c1450383
ff2f6b15ff2fff80
56f5a4e356f5bc59
b65d6da86da8e491
2819826128198000
442f7a417a417f04
6d922b3c6d925956
7fd7ff097fc07fc0
9a2e06c19a2e8000
e48a15fbe48abb07
fbe82ed7fbe8eb43
d3ccf92cf92c7f80
23235df55df5419c
0b26f186f186bd2e
b624945ab6240b0c
ada1bc46bc462a79
dc37f40af40a7f80
372862bd62bd5a78
4a557f097f097f80
6a9f33b26a9f5edd
961bd656d6562d02
47481bf1474823bc
0d6b0a970d700000
460f3069460f3702
41ca638f638f65e2
d12f0b88d12f9d3a
cec9dcf7dcf76c42
a3efc037c03724ab
bf4b3026bf4bb004
f63d4699f63dfd62
5debf504f504ff80
e46b2c18e46bd10c
8cf2d2f0d2f02063
4d83e352e352f157
8c83f495f4954198
b16961426142d331
4475637c637c6871
296e453c453c2f2f
02d0fba6fba6bf07
1e27a57fa57f8426
f5f917baf5f9ce35
775fe842775fff80
8ac9c6e8c6e81236
9036922a92350000
985fd3fdd3fd2cdc
d33a1a4bd33aae13
df7c510fdf7cf10d
7dfe606c7dfe7f80
43eea20443eea675
9d1145154515a2a9
e9f8eaa9eae77f80
88fbbae6bae60462
3d1b7af87af87896
e25aaadbe25a4dba
5cb2ae835cb2cbb6
89d29be89be80000
e5a575e275e2ff80
bf99deb9deb95edd
0dd8b27cb27c80d5
60e50bd860e52d41
5d09c7115d09e49b
149c097f149c0000
ee3c5cbaee3cff80
e43ebcb7e43e6188
fe49eb48fe497f80
904380f990430000
627c2a18627c4d16
e3268515e32628c1
ada0df08df084d2a
bf1274fd74fdf490
411c30ba411c3263
0dfab70cb70c8589
87e5822887e50000
fadb1ad6fadbd637
aa614e6e4e6eb951
cd9c4f574f44dd83
26dc682568254f8e
ff51a88dff516866
65473c5665476226
d654c7bdd6545e9d
6f04d7b66f04ff80
e6881232e688b93d
a173ff1bff1b6113
00058cbf8cbf8000
cf414914cf41d8df
a28fa26da3030584
e8b2b8ace8b261ef
b48555845584ca89
11cf5596559627f3
8b9d86dc8b9d0000
b9f93caf3cabb72a
cbc9aee1cbc93b31
292cd847d847c206
7ec4f9b67ec4ff80
1b5ac051c0519c32
c7c5edb2edb27609
d9c10337d9c19d8a
79d85d3979d87f80
daddefa6efa67f80
8241801482440000
eefb9bbbeefb4b37
d367a815d3673c06
91f7ee0cee0c4087
ac13ad94ada61a2a
7bb5564f7bb57f80
3782794e794e7151
f1770e73f177c06a
5ebcb8fc5ebcd839
030a93fc93fc8000
ad1f45e745e7b38f
0f7332553255024a
6dd5a0496dd5cea7
d2d86dee6deeff80
9836f3b7f3b74c82
cb0fb977cb0f450a
52b1e1f9e1f9f52c
00f384df84de8000
fb2ae14cfb2a7f80
23546be36be34fbc
c1529580c1521752
d42af14bf14b7f80
9e3f7bfc7bfcdabc
c8950c48c8959569
d75d180fd75daff7
7248a2e07248d5af
c8cc2784c8ccb0d2
06fbd3f6d3f69b71
4e840ac94e8419cf
cafab7bccafa4338
ce82abadce823ab0
a21865696569c80a
f56915e5f569cbd0
0ed894c194c18000
48e5400f48e54980
3e68c2b4c2b4c1a3
58fa25ea58fa3f65
099e6a426a42346f
9a171cba1cb58000
77e41f6477e457cb
2da515bf2da503f6
daf3e327e3277e9f
5dd8d2e15dd8f13e
06748bab8bab8000
d948b099d9484a6f
e2b2e4a5e4b07f80
00a4471b471b0847
5dbd16425dbd348f
e640d11be64077e8
c91d65546554ef02
4a9c91b54a9c9cdd
066e21c621c60000
5f8496c75f84b6cd
798a527f798a7f80
36ccfc65fc65f3b6
b54a53725372c93f
5b12786878687f80
f960b3c3f9606dab
0d9e77ef77ef4614
60bffbb0fbb0ff80
141c293329330003
9ffb54515451b4cd
22a192b522a18000
4991176249912180
f5653098f565e688
5a3351a25a336c63
f21d3118f21de3ba
f96f3a4ff96ff441
6911523469117bcc
6f89b4cf6f89e4de
d851ce1fd8516702
1b8564ad64ad40b4
88b8872b88cd0000
5fb931785fb951b3
23bb9c8123bb80bc
f6827d7b7d7bff80
4c33531353135fce
53a8f38af38aff80
8555179b179b8000
9fbb10a29fbb8000
10e1cc83cc839de6
bad844d644d6c035
146efc61fc61d151
b25e74537453e737
27b87ddd7ddd661f
7b1ff4977b1fff80
a2839a56a2830002
7ae90fc77ae94b35
7b2d040f7b2d3fc1
3402ae6f3402a2f3
1c80311931190e19
27b5fdaffdafe5f7
d1d2e713e7137971
41b7402841cc4270
bc2f020ebc2f800c
1fe599ca1fe58000
a16ad8f8d8f83ae3
441103084411079a
d49ebed7d49e5405
3d40a7763d40a538
9e4d5dbf5dbfbc99
85fd0ec80ec88000
e3ebb0c9e3eb5539
2d3a00412d3a0000
392039d53a123385
9e63a160a1640063
668b33a6668b5ab4
63a7f005f005ff80
1ebdd711d711b656
a8a65a6d5a6dc39a
e998efc9efc97f80
80b630c230c28000
a197fda6fda65fc4
089f088709130000
b94485eab944002d
c19b92dbc19b1505
06bc5c7c5c7c23b9
e0f9e971e9717f80
73142a5b73145dfd
301075ef75ef6686
5ac46d7d6d7d7f80
f20c965df20c48f2
726ff0507262ff80
f3fa2a92f3fadf0f
dab11f00dab1ba31
6fef72d872dc7f80
80f7b6aab6aa0000
348291fb348286ff
e74e5183e74ef953
b43e4bb64bb6c087
a446659b659bca70
e6e17ff57fc07fc0
ecbd91b0ecbd3f02
0f7e0ca30f820000
4fe55967596769cf
ef4e2698ef4ed675
963541c841c8988d
0e5ec8c3c8c397a9
e336745f745fff80
013e20af20af0000
f8912345f891dc5f
5fa13dea5fa15e13
7d7adc317d7aff80
a0b612b4a0b68000
48b0e2cde2cdec0d
6725299a67255147
9755672d672dbf10
1a35dbbadbbab684
66eeeb71eb71ff80
ec07fe71fe717f80
643e8352643ea81c
dc480ce6dc48a9b4
bdf23b00bdeeb972
d90347efd903e175
fac6d8c2fac67f80
4ef81c2a4ef82ba5
9dafc2d1c2d1210f
5d70f2ebf2ebff80
985b0b01985b8000
aa4760616061cb2f
f4a4df15f4a47f80
4e4496bc4e44a590
6d7e15156d7e4314
8fefe562e56235d3
a481053aa4818000
d8c04194d8c0dade
b6294c174c17c2c7
b96f7ca47ca4f699
57374dad57376577
5bd30e1f5bd32a83
375f13b9375f0ba1
f707c7a8f7077f31
0a7c0fcd0fcd0000
00e6875f875f8000
bbc6d01bd01b4c70
05be41294129077b
c76e6d686d68f558
d69df1bcf1bc7f80
834750c050c09495
6edc632a6edc7f80
d18640abd186d2b3
838073f973f9b7f9
a2e3e10ee10e447c
ffdf41d97fc07fc0
f5544d4df554ff80
cd7dac3ccd7d3a3a
77dfb60277dfee62
8873110311038000
271b266f27570e11
3eb525d13eb52514
3d1e7f057f057ca4
c7e7898cc7e711fd
374f2188374f195c
2a0e891e2a0e8000
aa7df17df17d5c7a
1a99763e763e5163
80ddbe93be93003f
58f48eb458f4a82c
b78f3bf63bf5b409
0cad0fb60fb90000
3de812543de810c0
900bf13af13a41ca
1972e1e9e1e9bbdc
2fea239b2fea140e
b8ece636e6365fa8
20f3f6f3f6f3d867
765d6a74765d7f80
1062d7e2d7e2a8c8
fa1caf3dfa1c69e6
06eee482e482abf2
df81cc2ddf816c2e
34c4dc43dc43d195
8599027485978000
033f92d392d38000
0733b717b717800d
c50f7b317b31ff80
c4861fdbc486a4e5
194d57df57df31b3
45ceda48da48e0a1
2b8bf1a6f1a6ddb4
9cbfc4fec4fe223e
5af59a965af5b610
a1bb19b4a1bb8000
06b3cc6bcc6b93a4
27ef620362034a75
ead1910bead13c63
fb7e020cfb7ebe0b
78c3678978c37f80
a274eabeeabe4db5
ca4c1416ca4c9eef
8862181c181c8000
68c2de3568c2ff80
09509cd29cd28000
cda4c9cbcda55802
3a2151cb51cb4c7f
5c7ea8f65c7ec5f4
a5f2decfdecf4544
649c6d4b6d4b7f80
596051d059606bb6
5cb1029e5cb11fda
fe7e5607fe7eff80
d5edb0f5d5ed4763
cf7d9a20cf7d2a1e
3afdcd51cd51c8cf
8bd8612c612cad91
01d55a6e5a6e1cc6
646605eb64662ad3
91f2f824f8244a9b
f2d74262f2d7f5be
d769bff2d76957dc
39bb47004700413b
de9e7de77de7ff80
cb4af2eef2ee7ebc
613d340d613d55d0
f23cf5b2f5b37f80
666193846661ba68
0a5581750a558000
09a64a274a271459
39e5185139e512bb
d33056925691ea49
f3048b18f3043e9d
ddd61f43ddd6bda3
a47f470d470dac0c
54a75bda5bda710e
e1a5d065e1a57294
3d8cfdfffdfffc0b
ac7fd2cbd2cb3fca
8d49e43ae43a3212
e3645d5ee364ff80
d7d14837d7d1e095
b6a0ffe27fc07fc0
e7a30827e7a3b055
43fbff70ff70ff80
4658bc1b4658c303
522bfab5fab5ff80
04b5a8e3a8e38000
cb4fb2a3cb4f3e84
322a8caa322a801c
ee9f3c77ee9feb99
eaa074007400ff80
99934a824a82a495
464e52a252a25982
4514e5ffe5ffeb93
2f6c8b1c2f6c8000
fa97dbfbfa977f80
fd257f027eefff80
26e3d8c5d8c5c02f
b017b002b08c2099
b0df61216121d28c
a323807ea3230000
c6d226b1c6d2ae11
f667388df667ef7e
4c7844644c78515d
fee02346fee0e2ad
8b8376177617c21b
f23ffdd4fdd47f80
0d8b05440d8b0000
062522e622e60000
800ef612f6123580
c4b7afedc4b73529
688c3c0b688c6518
3ae4093c3ae404a7
29284d684d683718
391b9cfe391b969a
7c02f3d57c02ff80
8750385038508054
622f643f644a7f80
a972a897a99f128f
e8bf68a2e768ff80
953231643164871f
05b030b130b10000
ef1b6a50ef1bff80
2e86bb6abb6aaa75
a314a1b3a32a054f
6074468160746776
feddc47bfedd7f80
cc6f051ccc6f9212
3d8f2a983d8f28aa
1c07c7b7c7b7a441
81bad9e7d9e71c28
ae43991fae4307f2
f8a4e763f8a47f80
3cc6c175c175bebd
1d21c9f0c9f0a797
3cba964f3cba9396
f0aa02fbf0aab427
2979143c29790006
6d82a7216d82d524
e725602de725ff80
8e0f0c6c8e008000
c34c2f3dc34cb317
aa431cf2aa4387b8
e1419c5be1413e25
8c988bff8cd80000
14d2fd52fd52d2ac
a3f3923ba3f30000
bfeda527bfed259b
8c933f943f948caa
b5dba3a5b5db1a0d
7091ffba7fc07fc0
9691cabfcabf21d8
d30dad02d30d408f
af370cffaf378001
64b0425864b06794
e5183be3e518e187
23affca5fca5e0e2
1cbdb7e4b7e49528
02ec302530250000
2568ed7ded7dd365
8114562c562c97c7
de08a23bde0840c7
f34edba8f34e7f80
b88254b754b7cdba
82109f209f200000
38b07e5d7e5d7798
6e7506d66e7535cd
808964956495a59f
21ad565d565d3895
8add2ef22ef28000
4f0b11264f0b20b4
bcac3b9bbc85b8d0
3ec301023ec30063
15e6476b476b1dd3
6ebdf5e7f5e7ff80
0588a033a0338000
5a15cf165a15e9af
014ac3edc3ed85bb
e0040a8ce004ab10
554fc061554fd636
caa91c8ccaa9a7b9
23bcaea7aea792f5
fe504034fe50ff12
0788558055801d88
8cd9311b311b8008
61d1b48d61d1d6e6
52eee13ae13af4ad
d5fcc2dcd5fc5959
c2403721c240b9f2
5857af295857c80e
913c57495749a914
dd433f72dd43dd38
3dbd92c93dbd9114
75cc921975ccc874
f76d9a74f76d5262
9c9b85d69c9b0000
9478e5fce5fc3af4
369131b1369128c9
e685549ee685fba4
dea795d4dea7350a
f7005699f700ff80
a9cd16cca9cd8123
6c1329316c1355cb
767eeee7767eff80
60ff9b2260ffbca1
f4de6c51f4deff80
1644fe90fe90d55c
41334da34da34f64
dfe328addfe3c919
206d31cc31cc12bd
12113f1c3f1c11b1
02567d977d97407c
d602855ed6021be1
6a08799a799a7f80
c1dd2037c1dda29e
642fb429642fd8e7
92fabef7bef71271
cab7e144e1446c8c
86af313731378000
a1e18c18a1e10000
7585b8267585ee2c
bdd067ab67abe60b
d9ec4a72d9ece4df
89bba882a8820000
e7bd8299e7bd2ae2
721689387216bbd8
90f3782f782fc9a6
fc9f1c55fc9fd984
db7ec8fddb7e64fb
aa522384aa528e59
559659b359b46fd2
293b18fe293b02ba
59aa686568657f80
519cd56ad569e78f
79e2f18579e2ff80
22565c8a5c8a3f67
edb28e6eedb23ca5
963542cc42cc9990
4de2a97d4de2b7df
91f9014691f98000
f5f3aa2af5f360a1
b7c55e235e23d67b
efab7a127a12ff80
7c6729a97c676698
dcd123b3dcd1c112
f9d71f84f9d7d9de
84a87b007b00c028
cf7958b058b0e8ab
19920fbc19920000
e3536c696c69ff80
36b7d216d216c956
734ba901734bdccd
92539f609f600000
4fd494834fd4a4d9
616c19ad616c3b9f
91b99c0b9c0b0000
3e92146e3e921388
53d5b9c953d5ce27
b05b7c327c32ed18
0dde7d027d024b61
853a75997599bb5e
fb67c528fb677f80
ebcfa43bebcf5097
d534eb97eb977f80
b33a07b0b33a8000
8fdde5cce5cc3630
f7f09e5af7f056cc
bdf5f2e4f2e4715a
d4a9650a650afa36
6849797b797b7f80
41ba34e741ba3728
f72079a779a2ff80
35f0cb76cb76c1e7
050d6dc76dc7335b
f51dd096f51d7f80
6de9113d6de93fac
90704d544d549e47
e1ec9e65e1ec40d3
8f7f86e28f7f0000
00e7c3b2c3b28521
4f50bf844f50cf56
9e0b3e833e839d0e
1fade124e124c15e
9618b830b8300ed1
3a82440144013f03
5abe03635abe1ea8
cdd25e675e67ecbd
4407f67bf67bfb04
5bb0c1095bb0dd3c
25c5389138911edf
0308a035a0358000
1d14ee6cee6ccc08
9e258b889e250000
eb065f17eb06ff80
b52555185518cac4
6fda3acb6fda6b2d
b7d40c07b7d48460
03cf594759471da1
2e1ad741d741c5e8
10696b9e6b9e3c90
2dc889012dc88000
0722d723d7239ece
2debcbb9cbb9ba2a
22ff34b634b61835
d452140ad452a8e2
4f185e685e686e0a
174bb550b5508d25
cc6dc4dccc6d51cc
681b02fa681b2b97
abca017cabca8000
46ba75ee75ee7d2d
1af0b602b6029174
d51f75457545ff80
ca24ee3bee3b78f0
30bfd6ffd6ffc83e
e0b2d6a9e0b277eb
2cc6a8ca2cc5961c
ab48e6a3e6a3527f
b705f031f03167b8
677981166779a912
37d64bca4bca4429
907e52f252f2a3f0
62b42dfc62b45131
dd7e21e4dd7ebfe2
c2ca8895c2ca0beb
221bd05dd05db306
6d007e9e7e9e7f80
5aa2fc66fc66ff80
b540b7edb7f32db2
8f64144c144c8000
a3760fb7a3768000
0ff50a910ff50000
cbb978277827ff80
6b5cb83b6b5ce421
2670554a554a3c3d
7b0fc5887b0fff80
b0c161666166d2ad
2d9689c32d968000
c1c947e547e5ca34
009b279a279a0000
3f81e555e555e557
4a6ce8efe8eff3dc
a03091cda0300000
9e8f347434749388
3e89a6333e89a540
72ecb64772ece9b7
a1befc27fc275e78
b92e8d94b92e0749
2d404b594b593923
90e56bb16bb1bd1e
063afe7dfe7dc538
e6abd61de6ab7d52
3730565a565a4e16
cc41bf43cc414c13
c1dedeb8deb86120
70349c047034ccba
ed5dd804ed5d7f80
5892bca15892d5b8
f5f1462cf5f1fca2
c829c656c8364f0d
2929b5e8b5e89f99
332c08cb332c0001
dfabd5bfdfab75ff
eddf2beceddfda4e
f98bcbe4f98b7f80
bd3b74797479f236
7e73cee27e73ff80
c90fb621c90f3fb4
ff442b31ff44eb08
c20044a544a1c725
4572a4cd4572aac2
2ced28c22cee1634
3b662a493b662635
d7d764436443fca4
b74a6cc36cc3e49a
1f7fab27ab278b26
6e99f2ecf2ebff80
d081b284d0814385
4b521ee04b522ab8
9d3784329d370000
8f05a172a1720000
9cec6e916e91cc06
6aeb641c6aeb7f80
b481d593d5934a94
8b0b150915098000
cc32f25df25d7f1a
ae9a2ed42de89dff
8cbef421f421416f
0355a03da03d8000
2d9b11922d9b002c
7ecddac27ecdff80
3aabd7b5d7b5d2f2
6e993db86e996cdc
fd72c36cfd727f80
3304a3ac33049731
e0a7cd66e0a76e96
b9eec3e7c3e73e57
ef96b2a8ef9662c5
e40d86f9e40d2b89
d2d26beb6bebff41
090a446b446b0dfd
f104e1f8f1047f80
c40c0193c40c8621
31e072a172a1650d
1a77b4f6b4f68fed
aeb3df2adf2a4e6e
1313e3f6e3f6b78d
24ab360a360a1b38
8b9607a08b958000
ae351f86ae358e3d
3ad299663ad294bd
1747b1acb1ac8986
284c319031901a66
9f2680b29f260000
51adda35da35ec75
7578b7bd7578edb7
2fa5c6edc6edb719
b36a55955595c988
d7752656d775be4d
b22c8151b22c0000
acae90daacae0005
594c1bad594c358a
7c63e6ec7c63ff80
d7f4052fd7f49da7
2090743074305546
7a17e0097a17ff80
60d7fc84fc84ff80
dc581cfadc58b9d3
f2509bb0f2504e8f
f9420ea9f942c880
f81a017bf81aba17
aebd47894789b6ca
198e375d375d1175
3430c057c057b514
ea25e858ea327f80
ef4a93dbef4a43ad
3dc36277627760bc
a71fa3e2a7210b8c
4171356d4171375f
5c16e2d2e2d2ff76
bb8fba4cbba83664
4fa6230a4fa63333
13ca2a942a94000f
499a4e794e795896
51d63b5a51d64db6
3bebdbffdbffd86a
ad61f80bf80b65f4
9b615ff85ff8bbda
c3a9110ec3a9953b
495f827a495f8c5a
f206846bf20636f6
f52258caf522ff80
689ac60f689aef2c
35a4733373336965
17a7811d17a78000
23627e097e0961f2
451c6fc36fc3756e
79de437679de7dd5
77c4e82877c4ff80
ef0713d2ef07c35d
b9a0cb00cb004520
543c21ca543c3694
09b59be59be58000
3467e5c4e5c4dab1
5065a8c35065b9ae
aeb256535653c593
f046a43ef0465513
17ad9c6e9c6e8000
2fc94db54db53e0e
15393eca3eca1492
a10e4dd14dd1af68
351cea34ea34dfdb
e35c3cdfe35ce0c0
71af59b471af7f80
d095a222d095333d
9c79275a275a8454
656f613965707f80
944b34cd34cd89a3
1d67f133f133cf22
11f2344a344a06bf
ce1d59b659b6e85f
8194c52ac52a0745
497a0797497a1193
1ed89eff9d9c8007
f88c597bf88cff80
4e92c0d14e92cfee
532a711671167f80
b0567d887d88ee63
2260263f26400927
08e8cbf6cbf6955f
afd68294afd60000
be0643dc43dcc266
5fabb3615fabd396
b4c0abe1b4c02129
f8668da6f8664695
cc0763586358efe4
4299ae7d4299b197
0d9b1017101c0000
183a3bb73bb71485
e4c9e427e50e7f80
8287aedbaedb0000
feba8b8bfeba4aca
c838e550e5506e16
a6513019301996fa
80037fc27fc07fc0
7f8c6a0c7fc07fc0
0303edf2edf2b178
ba808635ba800135
0c542c682c680000
7ce7d8d87ce7ff80
7973361079737009
360eff65ff65f5fe
03e07d3e7d3e41a6
2c4853b253b2408b
414777f677f679bf
eac1a284eac14dc7
beee61326132e0a5
0d8fe550e550b368
4697cb77cb77d292
38e98e8338e987ee
9315ab4eab4e000f
8e14bc5bbc5b0afd
2abd453445343085
c8fa02b1c8fa8c2d
60d82fd660d85135
5057fba2fba2ff80
d97f845ad97f1e59
b1df686d686ddace
54c90ad354c92026
56b2ef43ef43ff80
07d8eb29eb29b38f
4a1a44e54a1a4f8a
b763c5eac5ea3dcf
f7ea7643f7d2ff80
ea168b72ea16360e
34fa06ac34fa0000
89a2815c89a20000
50e04d0050e15e60
ff60ada5ff606d90
103ecf29cf299ffb
6ea522b96ea551ee
83bc56f056f09b30
5332dda7dda7f168
76fbc64076fbfdbc
577e740474047f80
400d33fa400d348a
9472200320038000
0664f120f120b80e
f9cdaf40f9cd699a
4e4b39f04e4b48be
702626af70265763
280aae0fae0f969a
1be29cda9ca28000
31bd6d096d095f4a
6b3b7cf67cf67f80
9ff12130211281a6
716152c971617f80
ffc475a67fc07fc0
a84e9f47a84e0820
5e10202d5e103ec3
d30587f5d3051b7f
491bc9cfc982d37b
b45fc7cec7ce3cb3
5817354c58174df1
cedf31e7cedfc149
4fde2da04fde3e0b
bf6d281fbf6da813
77f35a1377f37f80
611213e061123580
6b71948f6b71c087
f6d66d06f6d6ff80
b093ee78ee785f8e
034bf54cf54cb922
10e904f710e90000
4079c992c992ca8e
c040c544c5444613
fc9f385dfc9ff589
70d4bdea70d4ef42
465c2e05465c34e5
bb211817bb2193be
7dcf10bb7dcf4f17
708b32a4708b63b2
aab361366136cc7f
008ee24ee24ea365
7964a51e7964df0d
364f99d2364f90aa
940d2a932a938014
5359fb83fb83ff80
e1e2b2cae1e25532
aad279137913e471
e372be06e37261fd
1e2321dd21de008d
82ba43c843c88711
4c2af164f164fe17
56c57c6d7c6d7f80
1e99591559153832
1f36046f1f360000
d5119135d51126cd
96812fdb2fdb86dd
5d2ea1275d2ebee3
d13a2ca3d13abe6d
64b66d6b6d6b7f80
3177530d530d4508
49fdae4a49fdb8c8
2c20c3efc3efb095
914317ce17ce8000
4cf15d545d546ac8
50f19a4850f1abbc
44f84ea44ea4541f
21921d0e21920014
68cc683169127f80
e3d42621e3d4ca85
0dd10abe0dd40000
4be024a94be03114
1900cce6cce6a666
3bcef246f246ee9f
413f66646664682a
1c9e81501c9e8000
bcfa90c9bcfa0e44
b0069cc3b0060d4c
775e5735775e7f80
5318c39a5318d737
8ba938f638f68522
cb8750a750a7dcb0
938ac5f2c5f21a02
ca31cca1cca7575f
5ab624c65ab6400d
c2172c46c217aeea
bcf22ecabcf2ac3f
610388be6103aa42
63daa2fd63dac757
f568717df567ff80
d9fa8dfed9fa2878
315ac17ac17ab355
093b82b2093b8000
182fda20da20b2db
55d7eb0ceb0cff80
76a9a39076a9dabe
467a1160467a185b
746723a674675896
32a82e6332a82195
9b7f6e416e41ca40
f29c1fa5f29cd2c9
0ea06892689237b6
aad9bda7bda7290e
e05b2a49e05bcb2c
5e0394a25e03b326
f52a4bd4f52aff80
3e1413f93e141290
8480ae44ae440000
5dd3e976e976ff80
e054f76cf76c7f80
a4e7412c412ca69b
b86231dbb862aac1
adcdac2fade31a8c
f50a9c9ef50a522a
520a2355520a35e6
c7a279ff79ffff80
7418231f741857bd
287f447d447d2d7c
030eb680b6808000
f6631d9ef663d48c
5d0c1d8f5d0c3b1c
e9a648d7e9a6f30b
53b423bc53b43804
11866f0d6f0d4114
0b54f393f393bf73
33872bd433871fe0
e624943ce6243af1
b4f945b945b9bb34
331d24da331d1886
c24bec37ec376f11
d2a4c93dd2a45c72
5fa913b25fa933eb
8da23a853a8588a8
e5b44c80e5b4f2b4
465eea55ea55f139
1ecee2f6e2f6c246
989be836e836415c
b0606f9c6f9ce088
711380b37113b24e
e6f0b11be6f05891
15ddc1bfc1bf9825
890076247624bfa4
29b81cbf29b80709
8c1707bf8c178000
ccd8606e606eedc9
8c40180e180e8000
2b2390032b238000
63a3130d63a33734
134e803e134e8000
42bfa6f042bfaa33
a4c2ba3eba3e1f90
d3a1ee91ee917f80
157c3e803e80147c
81f119ac19ac8000
52e7830052e79667
68891fe9688948f9
5b91e63ae63aff80
fdd18af0fdd14944
61425215614273e2
6d6d4ba06d6d7994
294b628962894c59
ed1c4bd7ed1cf983
afd39d61afd30db9
c9dc39d6c9dcc438
c01525b0c015a64d
1eede65de65dc5cd
3bb57fe27fc07fc0
a12300eba1238000
a2e41a29a2e48002
f22d8e66f22d411b
a11b5b035b03bc9f
351007aa35100001
cae42b3fcae4b6aa
f3722d44f372e139
6e92a2276e92d13e
3416b41131a0a8aa
0ecec3fec3fe934c
3992458c458c3fa0
999392cc99930000
45633a5145634039
41b5c3b3c3a8c5fd
b80884d6b8080002
30418d2230418004
17a979f779f75223
355d2a80355d205d
0e4204470e420000
98568a6698560000
b4dbd2efd2ef484c
ef12b7acef126744
fce6e22afce67f80
7c8f8b517c8fc869
ebfa532bebfaff80
b4352aa9b4359f6f
c4b72696c4b7abd6
0f914c474c471c61
9e24b28db28d1135
8b06dfe8dfe82b73
9426c05dc05d150f
0ac645e945e91134
b5d2a59cb5d21c00
c83438d3c834c194
070bee55ee55b5e7
c53cd6abd6ab5c7b
8542592959299f00
e715e28be7157f80
4340956043409928
309fa4d8309f9606
f051eae5f0517f80
113ca5e4a5e48000
7be251da7be27f80
db7b671e671eff80
11951e2a1e2a0000
ce59f861f8617f80
05a6008805a60000
d13f39b5d13fcb87
530923d653093765
093cf8b2f8b2c283
746dce1b746dff80
a2ef5df75df7c167
78cf9e2578cfd785
9c9434b634b691d2
e807959be8073e23
2738088527380000
28e3d19dd19dbb0b
0431d780d7809c31
203d6f4c6f4c5017
dbe4076bdbe4a3d1
1e2e2517251703cd
d02cb712d02c47c4
d64bf72ff72f7f80
0f1c98cf98cf8000
72ae1aaf72ae4dee
15a3a329a3298000
6a98e2f46a98ff80
a54465986598cb69
b49da996b49d1eb8
a85142d142d1abab
c1a53ec7c1a2c100
b2a5177db2a58aa3
98e6f89cf89c520c
a6ae5adb5adbc215
b6859bc4b68512cc
4b581dec4b5829c7
e7a6405de7a6e88f
158ad906d906af10
586af3cdf3cdff80
6403071564032b98
93ff40bb40bb953a
176f02f6176f0000
71ba2eb371ba6102
c3d067c267c2ec1e
612f3e42612f6005
d1eda5fcd1ed3869
dea2cd53dea26c86
3f4054ec54ec54b1
28257fca7fc07fc0
5af52a635af545d9
941e73367336c7e1
fefc27a9fefce726
214021ec222603b1
8e9f0f830f368000
ee42e4c2ee427f80
d2b50af4d2b59e2d
4d3bee32ee32fc02
0820ec1cec1cb4c3
90eda341a3410000
1dbdfeb0feb0dd02
41a54de44de45013
a9a32dd32dd29806
4ca00a8e4ca017b2
51e7a64f51e7b8bb
cb2694a8cb26205a
6c2976a976a97f80
5e07a2795e07c103
7ea68ee67ea6ce15
ee4a8dfcee4a3cc7
8864201820188000
fe9f36fcfe9ff61d
1f30a798a7988751
9707b736b7360ec0
0d88d94cd94ca759
bc8150595059cd5b
fcb46fa3fcb4ff80
3e890f773e890e84
9e10d542d54233da
0e9193bd93bd8000
b21bb86eb86e2b10
69e86a116a827f80
ff00f357ff007f80
f378f52af53a7f80
044edfe8dfe8a4bb
525d5d0a5d0a6fee
0e94afb5afb5800d
8ef40bca8ef18000
6a240b606a243610
5de310585de32ec0
b6e6c8f9c8f94060
ec3713bbec37c086
858c2a8c2a8c8000
3b402a223b4025f3
3bfa65916591620e
42a665c365c368fd
fe00dbf1fe007f80
ad72b107b1081eff
90acc0b2c0b211ef
44f7bb9744f7c112
25eb0ce225eb0000
84d2f303f3033857
9cf9b95ab95a16d4
814537bb37bb8000
e0c1c024e0c16177
37922a2a37922242
419e01e7419e040f
15c93ecb3ecb151f
f67f28fef67fdffd
c592f449f4497a65
a9420b2fa9428000
bf5bb27fbf5b325a
95ff3af13af19170
972064326432bbde
3adfe967e967e4c9
12b2a18fa18f8000
fd43c4d5fd437f80
e31ae2f2e38a7f80
6d51cd656d51fb3b
0b45b8c4b8c48497
7c0ddf2b7c0dff80
5daf6e526e527f80
cbdf66f966f9f359
7450b7d07450eca9
753904be75393a89
e15ca4bfe15c46a4
6e921a5b6e92497a
0e2689f20e268000
7595c7ec7595fe09
d93bdea1dea1786b
fbd00238fbd0be96
0cf83dcd3dcd0b47
2542ad19ad1992e8
95dd9a2c9a2c0000
7d20a25d7d20e00a
25cbe6eae6eacd3a
9a80b2f4b2f40df4
a744f2eaf2ea5ab3
a5ee6dfc6dfcd46a
4d0e2bc64d0e395c
dad5e267e2677dc0
c3e7457e4561c9e5
8a360e890e898000
a2d8d4d3d4d33832
a604d063d06336ea
6804070c68042f90
1f64dd1edd1ebd0d
61b7f9d4f9d4ff80
41d315b241d31813
4d959fcc4d95aded
76c1ea0576c1ff80
f4e5a663f4e55bcb
ce8a059bce8a94a7
1c8947cd47cd24db
0ba2209020900000
d2295ba45ba4ee59
1593371c371c0d33
20b41d6a20b6000a
e010fa42fa427f80
38e05b995b995506
eb17b18aeb175d23
c20fc830c8304ac5
e3dc57aae3dcfc12
cd96b3efcd96420c
73aa8bd473aac00d
b90b51305130cabf
3bccedcfedcfea25
7a68b82a7a68f31a
003a95f895f88000
cce28394cce21103
60e0f0b9f0b9ff80
64fc8e7a64fcb3f6
7dca25387dca6391
80dc07f607f68000
3c1e84b83c1e8163
d9b326e9d9b3c123
6a0ca2c16a0ccd53
abb8263dabb89288
7d8be3cf7d8bff80
571eb62e571ecdd7
bcd404d5bcd48230
4ba7a1b94ba7adf1
207188d920718000
c580013ec580873e
c025646f646fe51a
a1aaf905f9055b31
eff41e7eeff4cef2
bbaed454d4545090
41edb23741edb4a9
499ef259f259fc86
dfbf458adfbfe5ce
801bbc20bc200000
336014eb336008ce
21bda2f3a2c48533
779c4c62779c7f80
5771a9015771c0f3
1988986919568000
19568ac219568000
fc841eb7fc84dbbd
5d60327c5d60505c
31e71f6331e711cd
c7ce1fa4c7cea804
0b371ebd1ebd0000
6565b77d6565dd62
d01b7c637c63ff80
549ce223e223f747
e7f7528ee7f7fb09
9379286128618000
67d4301b67d45880
4ab371dc71dc7d1a
1dc21bbe1dce0000
1500589458942e14
d4ffb6aed4ff4c2d
af09a1f3af091182
c20661ba61bae443
a32e90baa32e0000
fc114ce4fc11ff80
000bcd70cd708ca5
095968dc68dc32ba
5b018c815b01a802
0aa7cb09cb099633
667fe253667eff80
ea63072cea63b219
624198d06241bb9d
46662d1846663409
442c4bb94bb95079
1c19e82be82bc4cc
745233cf745268aa
09c9428942890cd7
05474de94de913b5
d5ff98a9d5ff2f28
05caf978f978bfc4
aee32ff62fbd9f5a
187f42bf42bf1bbe
4423a7034423aba7
e03b1de0e03bbea4
d5848875d5841e7d
2efc6335633552b2
d158b048d1584229
9676269726978002
6d5f7b307b307f80
14eeeedeeedec44e
14025e595e5932dc
3085eafceafcdc03
99651f0e1f0e8000
a6f85b5b5b5bc2d4
ee7eef61ef907f80
0c5d861f0c5d8000
354e09cc354e0029
a634af9faf9f1660
59875ef65ef67902
b6ff2ddeb6ffa55d
7cb2bdc37cb2fb08
524a00ce524a13a3
b5822613b5829c15
03e47e207e20428e
226657b657b63aa4
fea7add6fea76d0c
61c5192561c53b7e
a0aa17cda0aa8000
fc577f807f80ff80
875762216221aa07
54ad95bc54adaafe
202b8f0d202b8000
5d26b6d95d26d48d
352073b173b1695d
dffe2b6ddffecbeb
7ef98b737ef9caec
57a148f357a16119
6873f34df34dff80
4e6ec26b4e6ed15a
c01bd911d91159b0
d0050caed0059d35
d02cde6ade6a6f1d
2740452345232cf4
2fd9e9f8e9f8da52
9e7b26dc26dc85d8
4aab5e7b5e7b69a8
50d34a4750d35ba4
47ca087f47ca10c9
fe208c56fe204b06
5b57b69d5b57d284
51b2245751b23695
43d7e6c2e6c2eb23
2b5cb539b539a11f
21d6562356233888
1d29d2edd2edb09c
3c4e664866486321
88d1b147b1470000
67e6d87667e6ff80
cec43985cec4c8cc
313796a131378866
778fbc44778ff45b
2c2f797479746627
e83210c0e832b986
740ecdcb740eff80
0118b6a0b6a08000
415d77ad77ad7995
0eff750375034482
809b073707378000
8c7a7f4b7f4bcc46
29e40e5929e40000
26a5741374135b3d
8ce27b937b93c902
f1120433f112b5cc
7ccc6c4f7ccc7f80
f077d4cdf0777f80
fdc1fc3efdd97f80
cdbf57785778e5b9
ef639890ef63487f
96bd01f496bd8000
93e0bce6bce61149
8f80a6dda6dd0000
37478d7937478542
b8c4a163b8c41aae
0952d33bd33b9d19
ffaed1237fc07fc0
2e5b10502e5b0016
335c8dac335c8194
1ca876fa76fa5424
6a3340c66a336b8a
46a705ed46a70d1b
1819c089c0899924
a70ecbe8cbe83381
a289b639b6391946
b1cb8688b1cb0000
552b360c552b4bbb
1df58a721df58000
f81689d6f816427b
78f8c15578f8face
6068f366f366ff80
1e3790bd1e378000
c0f5a9b8c0f52b30
e4952cf0e495d20c
7b451c187b4557ea
eebc9744eebc4690
4eb961246124706d
0ccf7bf57bf54946
a04b80cfa04b0000
31125d105d104ea4
1f03427e427e2202
6e57c80b6e57f6e9
82bd69da69daad21
fc83d16dfc837f80
cc6d3aebcc6dc7da
fc1044f6fc10ff80
174520c720c70000
6d1c65b16d1c7f80
880374ed74edbd73
d6b1bc8ed6b153c4
9aa096489aa00000
bcc39049bcc30d99
198ebb02bb029510
12d93a3a3a3a0d9e
09d145f445f41047
27a93add3add2312
0c88c6e5c6e593f3
0401f807f807bc88
f9cb3401f9cbee4d
066f038e06730000
692bb221692bdbd7
e0984449e098e56f
d5da13a3d5daaa0b
afed0fb9afed8056
aad79107aad70000
c532ad8cc5323343
cfceac1dcfce3c7d
70f1e98b70f1ff80
c00a6b846b84ec0e
993c8f15993c0000
100dc54ec54e95e3
d2ba4d5dd2bae0a1
fb5c5e70fb5cff80
5e5eb2da5e5ed1bd
ce3bf058f0587f1e
8d7cb491b491028f
53c6e9cce9ccfe1e
8c8d6b7f6b7fb88c
06b200a706b20000
fc7c631bfc7cff80
1340b196b1968561
d240f5ddf5dd7f80
44dd2ccd44dd3231
c78be437e4376c47
8202d2abd2ab152e
699abdff699ae819
00ddf077f077b1d5
9e2cc72ac72a25e4
2c593e303e302b15
20d4caddcaddac37
f628a8fef6285fa7
a2579608a2570000
34e9da51da51cfbe
7541a4357541da08
39cd7e447e44789d
2f66a3d82f6693c2
07b1434d434d0b8e
cce13f12cce1cc80
c15d81b5c15d039c
3215e835e835dad3
1374958395778000
aeaef6abf6ab65e8
ae7f8ec6ae7f0003
e6d95587e6d9fce5
a341d0d5d0d534a1
6758bb346758e318
cfa88b2fcfa81b66
cc6dea64ea647753
2f6adb75db75cb60
f87bae59f87b6755
e07bd6e5e07b77e1
12e6b1f8b1f8855f
fa031ab7fa03d53b
dfc0bba2dfc05bf3
b53fe91fe91f5eed
de5b3eb1de5bdd97
5a87fa09fa09ff80
1ef85ab55ab53a2f
0f70b68db68d8684
bba309fbbba38620
c056a0bbc056219c
c082bf8ac0a4408c
39b5a72839b5a16e
81ed06f306f38000
bbeb981fbbeb1492
97ef70a470a4c919
d1b5dd58dd586f99
306ea08b306e9181
2ab3365d365d219b
b67aebeeebee62e8
0a7f01a20a7f0000
913b5f145f14b0d8
f0f04ee1f0f0ff80
dfd7e6d1e6d17f80
b6ed93f3b6ed0b61
0b2e6ef46ef43aa6
5b98eb36eb36ff80
832333ed33ed8000
b4a8b42db4fe2963
1d55e743e743c522
7d2215357d2252e5
980e348034808d0e
3f56cb44cb44cb24
a983f7d7f7d761dc
50bd8a9450bd9bdb
d9a4924cd9a42c83
7ef36ba47ef37f80
ef391a9aef39ca5f
6d4d802c6d4dad8d
271378d278d26071
315652b252b24495
541245b354125a4c
81bf086908698000
aa8b716e716edc81
aac42e532e5199a2
7581643b75817f80
fef09534fef054a9
c2e8208bc2e8a3fc
56bc888556bc9fc3
fd799897fd795693
f52c43dcf52cf994
6d5d12086d5d3feb
bd0d7e1f7e1ffbaf
4a28d86bd86be31a
f7931876f793d08d
34b06fc06fc06504
86a9a116a1160000
00fb97a197a18000
60f58bec60f5ad62
42005471547156f1
8a18d27dd27d1d16
9db20bd99db28000
654e92ea654eb8bc
c576cfa6cfa655a0
853893ed93ed0000
e340ade8e34051ae
fad7f6eafad87f80
936b67626762bb4f
e458878ee4582c70
b8aadd7cdd7c56a7
0cfdfb62fb62c8df
f731153cf731cd02
438cd4d9d4d9d8ed
98ad748f748fcdc1
ed69247fed69d268
857c994899480000
b811b720b8392fb5
396892d039688cbc
fc9b5f82fc9bff80
13bc7e1d7e1d5267
e91471ec71ecff80
ec2fb864ec2f651c
658ff143f143ff80
d8c2dde9dde97731
d7b162506250fa90
c98883a5c9880daf
281a9e09281a86a5
bcfa1e68bcfa9be3
cd543a4acd54c827
7a41cf337a41ff80
7907ac8c7907e614
75d439ec75d47043
1ed3273127310692
e6019cb4e6014335
96561eb91eb98000
64019a656401bee7
cfb23d8fcfb2cdc7
62e6ec4fec4fff80
b032530f530fc3c7
cbf28d2dcbf219a4
7b09eb887b09ff80
3288c114c114b41d
04060e7b0e7b0000
c67e640d640deb0c
7b5a56157b5a7f80
a2c843664366a6b4
da843191da84cc96
2e601a282e600913
5838aaf15838c3ad
e96d5cfde96dff80
32d1586558654bbb
1fbc0bb31fbc0000
7d0bd7b27d0bff80
edf55c1cedf5ff80
1c9b0dd41c9b0000
bb0172167216ed97
c8f69c80c8f625f6
dd2a19fadd2ab7a6
2312890c23128000
be0257df57dfd662
994a75407540cf18
c77d362ac77dbe28
5c9294935c92b1a8
2845b962b962a22e
4ab57c247c247f80
75226e5675227f80
d7cac950d7ca61a4
1bfe80da1bfe8000
eba8a6eeeba8531c
befa7ec97ec9fe44
9c3b7df37df3dab2
621e5730621e79d9
9198ac9aac9a000b
94c5ad40ad400294
a8c006c6a8c08000
e0d7c138e0d7629b
d087cd05d0885e0c
2eb774e374e36422
c38446cf46cdcad5
086068af68af3199
2938765c765c601e
5ebb09b95ebb2907
88bdb07fb07f0000
789139b0789172c7
5acd7ee27ee27f80
32fc16ac32fc0a29
814e60ce60cea2a6
991b239223928001
3edb612e612e6095
c63cd3acd3ac5a7d
eeac2a99eeacd9ce
2047e9e8e9e8cab4
2905e576e576cf00
e6f4a6a8e6f44e20
0db04c4e4c4e1a8e
e8f1e01ce8f17f80
949070817081c591
2f837f867fc07fc0
aaca3cff3cffa849
6d67fbf3fbf3ff80
8ce9bc37bc3709a7
bb3515e2bb3591a0
77c6827e77c6bac4
ebae94ecebae4120
3590a20735909818
81a97d087d08bf34
c088f1f1f1f17300
775f9e03775fd5e4
4cdfbba24cdfc90d
c73a2237c73aaa05
1f09b715b715969f
33afdcb0dcb0d0f1
e9ae2cd4e9aed710
1b1706971b170000
079e9d789d788000
f1996f3af193ff80
d37cf03bf03b7f80
35af8bd935af8214
9ca159965996b6bd
06471d001d000000
b3ced1ead1ea463c
3367c81ac81abc0b
1914008f19140000
b87fc786c7864085
22122dc42dc41060
50eea41550eeb58b
7e7bfa587e7aff80
a3a41761a3a48000
eb220b65eb22b711
8d8c912391240000
12f96475647537ee
0b21d9abd9aba557
65d93a4865d960aa
1472ba8aba8a8f82
ea9d742b742bff80
161f36c636c60d76
a2879128a2870000
fbfdbec5fbfd7b43
f9229a16f92253be
338c6295629556a3
7983746a79837f80
89fc0a810a048000
e2afa9c7e2af4d08
7d0fa0487d0fdddf
1548603c603c3613
3a8105723a81007a
0aef380c380c0383
8b471bfd1bfd8000
f17b6862f17bff80
64fecef964fef477
16cfeffbeffbc74b
34a7ab1434a7a041
c5a065bc65bcebeb
4b65ce3fce3bda2b
2bd63f083f082b63
68581faa6858488f
b1df4a094a09bc6f
97b7bf61bf6117a1
9966d773d773315a
16d87b397b39529c
0be505b20be50000
c9d575907590ff80
20a030dd30dd120a
d9307d367d36ff80
8a36b91fb91f03e2
8375c67ec67e0a73
a686a9f5a9f71100
a61d25dda53a8c88
4fb42bd34fb43c14
cc3a72567256ff1b
6546b0266546d600
2ee50d6f2ee50001
f5c600e6f5c6b732
383b5be65be654a8
2987028e29870000
02e423bf23bf0000
28ebb955b955a2c4
eb505eaaeb50ff80
b578285cb5789e55
957e0cf0957e8000
76c4560f76c47f80
fe2b1d81fe2bdc2c
afbe2026afbe9076
4e1b2c764e1b3b15
5469079754691c89
405a4cf14cf14dcd
2e31d59ad59ac455
0daaf072f072bea1
703041e9703072a0
282885cf28288000
1333360a360a09c1
51d75779577969d1
bbccb335bbcc2f90
5df2b3b55df2d22b
b7c5ff16ff167767
8ac7764a764ac19d
4594cac9cac9d0e8
4eaa068a4eaa15b7
8fe02df42df48007
561f8961561fa00c
62d7752475247f80
ea32882dea3232f1
fc4684f0fc4641ba
2245c8fdc8fdabc3
ea24c1e2ea246c91
9dc4618c618cbfd6
3b2ccce4cce4c899
b0431699b0438769
8f8401248f848000
2ca6620462044f2b
821069226922abb6
b41ec68cc68c3b2d
8af855635563a0dc
4244bb3b4244be0f
e5545900e554fed4
94b960216021b569
12691095127c0000
4a1baf444a1bb9ed
4d2ed804d804e5b3
2253b669b6699940
01d389fd89fd8000
a76cfa7afa7a6266
a94b73017301dccd
d3d69d27d3d6318c
d77827b7d778bfb1
15091c261c260000
10967eac7eac4fca
46f1c1b146f1c927
2277c0f3c0f3a3ea
7438281e74385ce3
f08e41cef08ef2e5
d52ebc7dd52e522c
836dfdd0fdd041c1
cc99d813d8136530
7f40fb257f3fff80
e4d7d1ace4d77710
414ccaf3caf3ccc2
6ba4740274027f80
3b98c73ec73ec362
1978c036c0369a30
a8b4336933699ca4
d140bcfed1404ebe
7113c04c7113f1ea
2ea18e6c2ea18002
a6a9915da6a90000
8ea7545c545ca390
875f8fa78fa70000
caa93c90caa9c7be
f1ca670df1caff80
0a22e2dfe2dfad8d
e480a7e0e4804ce0
95a8b02db02d0663
863bbc18bc1802de
6a8a3b406a8a664f
210ad603d603b78d
941c44ba44ba9963
a32c602c602cc3e7
ed190e75ed19bc12
e3fbadcee3fb524a
e92116c7e921c07a
f8211996f821d23d
104d8012104d8000
e319d53de31978e2
7838c77a7838ff80
d998018dd9989ba7
1a5417861a580000
bafdc653c65341d1
4652014346520820
a3aff0f3f0f35526
30606f396f396022
6a1801da6a182c81
efdab0ddefda613c
b03edb7ddb7d4c3c
0d0819c819c80000
17b84d7b4d7b25b4
8b0be8aae8aa3439
3746055d37460001
0afe74f074f0406e
4c72df4bdf4bec40
7ddf1e8a7ddf5cf0
dd8bf3c9f3c97f80
abb2cc8fcc8f38c7
9524736e736ec918
19f9c9dbc9dba455
909c383e383e8968
5091901b5091a130
7b10e41f7b10ff80
e0339696e0333752
0576525052501848
1d74937a1d748000
315f793379336b1c
ef562e4cef56de2b
8e60ffb77fc07fc0
03cb93b193b18000
398a0c2e398a063c
a2b72e792e7991b2
34c91ea734c91403
d42eba0ed42e4ec1
5df29bdb5df2ba4f
e127fe19fe197f80
d56f398bd56fcf82
eec6bdcaeec66d1c
789bdcb3789bff80
dab1b168dab14ca0
f4710468f471b95a
c67dbd7cc67d4479
e3e6e0cee3e97f80
bb1849bc49bcc55f
34201c3a342010e8
8f057df77df7cd80
42fe77c577c57b43
f74d0465f74dbc37
8a5500f88a558000
073f5cfe5cfe24be
4f6dc9b14f6dd9a4
4d6f07ae4d6f15a2
00c0293229320000
35f368be68be5f34
f57ada72f57a7f80
a5b6704a704ad690
88fe08e287608000
69220944692232f8
b9617c1c7c1cf609
4114285b411429fd
631cc175631ce515
1a4fd008d008aadc
6de57f0d7f0d7f80
ea21b4e3ea215f8f
a722702c702cd7da
b3a5d330d3304763
e38e8e9ce38e32ad
a0a91779a0a98000
8e2ede8cde8c2d3e
613e4acf613e6c9a
efa970747020ff80
946669f669f6bedd
6231a6e76231c9a0
0e9b0b3b0e9c0000
5f706ede6ede7f80
88f78e3b8e3b0000
ef1a0bd9ef1abb83
f82d23acf82ddc68
820c72067206b493
61720e356172302b
f2c285c4f2c23915
2abe729f729f5dec
129ab45cb45c8784
1d2485751d248000
748e798f798f7f80
13c26b006b003f42
3fffb58d3fffb60c
0f0cbe4fbe4f8de2
2232b75fb75f9a1b
56c9c84056c9df97
c98b0cefc98b9702
3e3d099f3e3d086b
624430c062445393
bc2a71d271d2ee8b
eaa71070eaa7bb9d
d6323519d632cbd5
7ec7618c7ec77f80
b06ba58bb06b167f
c0db23f8c0dba554
3939e33ee33edd09
39870d7739870782
e05b17b0e05bb897
62f2a82e62f2cba4
624a301d624a52f8
2c0d37d837d8246e
137cda25da25ae22
b6bb38af38a3b000
6d7808bf6d7836b9
0e96040f0e960000
e7b10dbee7b1b603
f892b386f8926c99
0173880388038000
9ce1f630f630539b
7c8237a67c8274a9
18dc526b526b2bca
b9989eb5b99818d7
895dbb97bb970582
20f68c7820f68000
8a3e2afb2afb8000
3d68d70dd70dd500
a8b30065a8b38000
88f90c7a0c788000
e2398099e239235d
be2c1054be2c8f0e
fbb647b8fbb6ff80
fb9f59dffb9fff80
4082b5cf4082b6d2
fb065c71fb06ff80
f574f285f5787f80
f5b284e0f5b23b1c
341dd5b3d5b3ca5c
1bb13c5e3c5e1899
6633bd366633e3ff
112554565456260a
0189aa49aa498000
4296c1624274c484
9d12cf17cf172cac
b6dc21c4b6dc9928
1616848016168000
1b287b457b455701
65f103a265f12a19
f72e0909f72ec0ba
9bafb5adb5ad11ed
2687ee3fee3fd549
63f4044963f428c0
13b2980f980f8000
a86daa35aa441328
efb89a1defb84a62
3f17effdeffdef95
9abf3875387593b7
a3059feda3070376
0502cccdcccd9250
52e5ae4652e5c1b1
f7de26e4f7dedf46
144ad9f0d9f0aebd
a20c48e348e3ab78
dfdcc6c5dfdc6729
4682598559856087
f5c0e238f5c07f80
4899cd61cd61d686
de5da502de5d43e0
5acfca9f5acfe601
d23da2e1d23d35a6
c15e10bec15e92a5
cadce72ee72e7296
aac5c6a9c6a93202
eed63940eed6e8a0
5214c6b65214d952
56adfc40fc40ff80
0260f5f4f5f4b8d6
767ae00b767aff80
a4f25e075e07c37f
caf1315acaf1bccd
ec232decec23da96
10178dba10118000
49da966649daa0c4
3905f459f459ede1
75d5095475d53fb0
8dde01458dde8000
ad35196bad358726
a3acac2eac2e106a
39d5b45f39d5aeba
fa079667fa0750f4
5713e315e315faab
1755d39bd39bab81
dabc5bc45b95f710
43b9bb1f43b9bf66
fb13ae11fb1369a7
a9a3582a582ac258
8b7e54b954b9a0b8
5867737473747f80
ab2a9f51ab2a0b0b
46850fc6468516ce
7a3726df7a37619f
66e2f3edf3edff80
67aadc7b67aaff80
e6b97c107c10ff80
6e5884366e58b31a
276256cd56cd3eb5
d1ea370cd1eac980
424e326d424e353f
087f39f839f802f7
9579b7d0b7d00dca
15b64fa24fa225e6
035cc9bac9ba8da0
f82fdf66f82f7f80
cc429faccc422c82
9fdef7fbf7fb585a
f8036d1df803ff80
af28ca59ca593a0e
cab92cd5cab9b81a
76f7249776f75c12
59b9a6fc59b9c136
0606a295a2958000
1ccca0eaa0e98006
461d9b33461da1dc
40c3677f677f68c2
56fd828c56fd9a0a
7f83195e7fc07fc0
324ef78cf78cea61
d28c366dd28cc982
50f95474547665ed
0860799b799b4288
43998feb4399940c
60a5dc8d60a4fdb6
e1a40bbee1a4adf3
80d1a62fa62f0000
fc5cb053fc5c6d35
321d2ca8321d1f4e
cbc88842cbc81498
e5fa79647964ff80
2a9da67e2a9d919c
7fe5b4e87fc07fc0
b10f413b413bb2d1
f71959b5f719ff80
e815d551e8157df3
5e693b495e695a37
6af0dbda6af0ff80
5d66ea7fea7fff80
ced1a9cbced13926
c7178557c7170cfe
b24ce526e5265804
19f4950b19f48000
41f5cd9dcd9dd016
5532c6105532dbc8
8f04e06be06b2ff2
9306e114e114349b
e72745e0e727ed92
112bf1fbf1fbc3a8
e0d8fbddfbdd7f80
e093bd33e0935e4e
855e753e753ebb25
fe59f382fe597f80
049a809004998000
ebdee1c9ebde7f80
00cf992b992b8000
d22ceceeecee7f80
44e493ef44e49955
ddbe204dddbebe98
a599c25fc25f2885
c83635e5c836bea3
f3abd58bf3ab7f80
c159255dc159a73b
e1cd868de1cd28e2
0eebf3f1f3f1c35d
e3a5501be3a5f448
49bee191e191ebd7
8f8848bf48bf98cb
ae5a26b6ae5a959b
3e872a083e87290f
2993426642662c84
2d5c189f2d5c0689
bd045c545c54d9db
199bddcfddcfb7fb
b224d0aad0aa435a
23980c1023980000
fadc1bbefadcd723
08cbed25ed25b683
f3650c09f365bff5
6b393b226b3966ea
ddf943c6ddf9e241
bbe5ce68ce684ad0
40ed256840ed26d7
2bd8cbf0cbf0b84a
e35f3c4ce35fe032
025b42d542d505b6
92134ac04ac09d5c
0fc2dd83dd83adc7
f735a26af7355a25
9401d010d0102491
c1059e15c1051f9b
506712ae5067239d
bb1e40d140d1bc81
4d6765b865b873a6
4e1a91114e1a9fae
117e0f3211850000
c67f9f81c67f2680
5fe6716b716b7f80
f5b4b167f5b467a2
1e4e83241e4e8000
bf68c24bc24f4238
cfbe3ca2cfbeccf0
82168f748f740000
4cc7eba3eba3f8fd
8c4ddb76db762845
cd9db82bcd9d4652
7794c7e57794ff80
076f7c397c39442d
2f6053a053a0438c
54f609af54f61f28
238b1e67238b027b
1be294761be28000
9a7978f678f6d3ef
b3d02106b3d0955a
d9da576cd9d3f1c9
c718a729c7182ec9
5351dc30dc30f010
7e7f9eaf7e7fddae
6e5dd6ac6e5dff80
81fc2db32db38000
255316fa25530001
44320be54432109f
17b7b14cb14c8992
10889f7d9f7d8000
74a5e56574a5ff80
5949ced05949e8a3
3db0455f455f4399
6c7b60096c7b7f80
e1b293a2e1b235e1
fb0791cbfb074d56
05fc7d5e7d5e43db
815b71127112b2fa
c3bdc2ddc3f44723
cfd03771cfd0c7c4
286f270328880ff5
516359fe59fe6be1
38aeb0d638aeaa11
234e6f266f265306
b19a24e5b19a970a
933b0cb8933b8000
f8ed2a53f8ede3c3
58104f775810680b
d15f2ccad15fbeb0
35252a763525201f
5c669aa45c66b793
d91808acd918a24c
33f136fd37002b6e
928849f349f39d01
f1453dd9f145efa7
7ed044417ed07f80
ce17516b5169e00b
bd501138bd508f16
e0bd8bb2e0bd2d03
435e918c435e9573
84b2e2d0e2d02811
f85d66a9f85dff80
358b14d3358b0ae5
299c9a82299c849e
2621105526210000
b0d71c2db0d78d91
d946544ad946ee1c
06450a0f0a100000
f48f5d80f48fff80
948d685f685fbd76
d2672b49d267be35
785ef673784fff80
86451ebb1ebb8000
bba5444a444ac082
f38e0722f38ebb34
218a62c362c344d2
74af449874af79d0
d0df3ed4d0dfd039
9f96060c9f968000
cab75f805f80eab7
6bb7a5916bb7d1cf
487eeeb0eeb0f7af
9705030897058000
5e7514b95e7533b1
a3829db3a38201b6
3ea1da0fda0fd934
b61b76a076a0ed42
994a65146514beea
99fe957e99fe0000
05e842a242a20913
b0884ac44ac4bbd0
cfa127a1cfa1b7cb
ac340bf5ac348000
1a1b07e51a1b0000
a18c95f3a18c0000
bd5206c5bd5284a2
f2f99011f2f9438d
ec2c0fc5ec2cbc84
d95ad464d95a6e42
8becd1add1ad1e1f
fbc7f8f0fbcb7f80
45b6e282e282e8b9
123443ff43ff16b3
ba9650475047cb69
ec5154cfec51ff80
7d253caf7d257a62
35555dfa5dfa53d0
c140e2bae2ba648c
055ccfdccfdc95bd
f703939ff7034b23
f1cb777b777bff80
dba2a22adba23e57
b5a1cda6cda643d1
b7c25d6a5d6ad5b1
289c488a488a31a8
585063c463c47c9f
c68352dc52dcd9e1
484bad6e484bb63d
fdaf5482fdafff80
395ab7a43946b18c
8257555155519830
67ec781b781b7f80
aa7f2e642e639963
a1dce7b1e7b14a18
38a2f1c3f1c3eaf7
d1bb55635562e7a6
26a5aa9aaa9991c7
a8def767f76760c8
90a02ef42ef4804c
a84730483048991b
9fb401599fb48000
56fcc67456fcddf0
60823be660825cea
284006de28400000
a09336f436f4980c
da527db47db4ff80
9eabe046e0463f84
0627df3bdf3ba5f4
0dfa19db19db0000
873e31b031b08000
a00faf15af150fa6
c5104471c4a8ca08
af55e6a2e6a25687
f073d543f0737f80
1d698aee1d698000
800d20e820e88000
bc030020bc038000
41315a685a685c20
04f65d3a5d3a22b3
b67476b676b6edad
6b67ce9a6b67fa8b
fb3efbbbfc0d7f80
0665527a527a1960
17ecc1f1c1f19a5e
4e634f0b4f445df7
abb93b4b3b4ba793
4b50bf5a4b50cb31
01ca215a215a0000
e01120a0e011c135
d4a54daad4a5e2db
c43459025902ddb7
96f0466346639dd5
3436b0de3434a59e
80440be90be98000
a3bddfd6dfd6441e
e4e4abd5e4e4513e
2e261d9c2e260c4a
758416f875844d00
b196df26df265143
aeb97a367a36e984
8bb18db28dbd0000
6445741074107f80
39c676c576c57118
e51d2db3e51dd35c
570583b157059b38
4c5b5a485a48672b
9ba63df13df19a1c
3309c94cc94cbcda
5270e0d2e0d2f3c5
bb2fcf8fcf8f4b44
27abff48ff48e786
a109faf7faf75c84
e8116cfd6cfdff80
24a6f95ef95ede90
e0b03ecfe0b0e00e
69d03a6769d064bc
06c87af67af64240
76237e7c7e7c7f80
ff27ea1fff277f80
ff797e51ff45ff80
9e927b587b58da76
07e2c1c7c1c78a30
ad734fe94fe9bddd
c2c2b938c2c23c8b
415ca968415cab47
b13b413a413ab308
0f80689f689f389f
d00f528c5288e31c
3d7cab0a3d7ca908
96a1a394a3940000
792b97a3792bd15a
b398172ab3988b4a
63e1418263e165e5
ea52409fea52eb82
323a2233323a1502
feb29c3efeb25b84
2208829222088000
bf0dcb19cb194aa9
72b09a8772b0cdba
08279f529f528000
8d6eb039b0390005
f94bad04f94b66d1
9e1777c977c9d66d
4b17ca064aebd59e
17e88b9317e88000
9b9a6dd26dd2c9fd
a734b1e7b1e719a2
e76e5fc5e76eff80
31f03d323d322fa7
90a140da40da9209
a6796fd46fd4d6ce
d72d2b2bd72dc2e7
d92575717571ff80
83bb2c4c2c4c8000
8f6687408f660000
ae5f78377837e71f
95ca594d594dafa2
9d2aebb9ebb94976
1df9a640a64084bb
0fb3af02af028017
d32210d9d322a489
6d098bc76d09b955
2f1bcc3acc3abbe1
7e22cc1b7e22ff80
c07d46494649c747
46222223462228ce
74ef50ca74ef7f80
d7addc36dc367476
adad89deadad0000
d260b028d2604313
3e7df189f189f087
17ddcae5cae5a346
89b6209520958000
6fb5e4456fb5ff80
3c2ff4f0f4f0f1a4
ff0c78e5ff0cff80
3384663666365a3c
510d8c69510d9e00
53a0cd7753a0e19a
f732371ff732eedd
c77c52655265da61
28d8d210d210bb73
7071312b70716221
ad738bdead730000
efc33280efc3e2c3
3a56584558455325
dccb72227222ff80
f3a0cea3f3a07f80
2a45b34fb34f9e1f
fd7ff71bfd7f7f80
467ac6554514cd50
7c9939ea7c99770c
17a115dc17af0000
c7fd568b568bdf09
c37c944fc37c184c
49b27d2a7d2a7f80
e85cc6b3e85c6f9a
4c47ac8b4c47b958
c9a252e152e1dd0e
4322f820f820fbca
f379f307f3c07f80
28297ba77ba7645c
395d394239d03327
37c7e1fce1fcda44
bd5234e5bd52b2bc
4f5938654f594842
af88b6fbb6fb2705
7adbd7487adbff80
1c7be7e4e7e4c4e0
edb9bcceedb96b15
46abf4e4f4e4fc18
b7f33102b7f3a977
021807e707e70000
ff6a70eeff6aff80
8cd93788378884e7
46cbd2b9d2b9da13
30d45376537644cc
93fc8f8d93fd0000
cc5a6b836b83f85f
66c27b5a7b5a7f80
7d4de5097d4dff80
8257135513558000
90a8189918998000
983c1edd1edd8000
46ea184546ea1fb4
f402750d74d9ff80
adf91931adf987ac
94d2b6fbb6fb0c4e
85bb45df45df8c23
b9550372b9558002
c4228a9dc4220f47
0a1cfd78fd78c817
5ef489175ef4a890
32fbd310d310c68d
4bd94d0a4d25596a
6bd03e176bd06a75
91fff7ebf7eb4a6a
87475d405d40a515
1b16f5ccf5ccd16f
17622cac2cac0498
6363be596363e240
61e9d0fc61e9f365
677e4c2e677e742d
d28f8fe1d28f22fb
ed2d0ff6ed2dbda6
693a707e707e7f80
91e879507950cbbc
06ab66c866c82e06
0cf51e791e790000
52d143ac52d1570c
35ddd47fd47fcadc
39ab283239ab226e
f5af26d0f5afdd0e
3f9efdcafdcafdf9
ea8d8d21ea8d3831
996844a044a09e91
45fe7fe47fc07fc0
a7c9870ea7c90000
9598eb15eb154131
8a0be653e65330e5
f7e97cd77cd7ff80
af88cba9cba93bb4
185ac828c828a10f
670df4f6f4f6ff80
5c327c407c407f80
acfde647e64753c5
a575a619a6560c12
6d9a309e6d9a5ebe
391f39b73a033363
5f60a3d35f60c3b9
99a107a999a18000
9d18fabefabe5862
c00b863fc00b06cf
0e3eda86da86a947
cc6171c771c7feaf
4681343046813b31
846eeae4eae42fd4
4a68f405f405fef1
a110a43ba43d05d2
ffc9a99d7fc07fc0
8cd55bf15bf1a949
cb23290bcb23b4b1
7250b6187250e8f7
1d007e107e105b90
457b2e53457b344f
f24a4ed6f24aff80
4f361b204f362ae4
f31fb5b2f31f695d
d1f2c440d1f256b6
15716a606a604053
c1ed1b53c1ed9dc3
00afc506c5068637
8cbd265e265e8000
64fbb97864fbdef3
5e4584665e45a331
e425abc0e4255078
8240e3bae3ba268c
c4156d1d6d1df1b7
7ee663d87ee67f80
ad5988caad590000
4cd5a19f4cd5af04
7cd36a347cd37f80
a1b54eb64eb6b101
f65c9b3af65c5220
f65cb7e0f65c6ec0
73d5566173d57f80
50b3bdea50b3cf24
10fe0d2c10ff0000
9aad06469aad8000
2631c09ac09aa755
2086deaddeadbfb5
f9d7f850f9f17f80
0dfd6477647732f4
f9b4b3e8f9b46e23
b6d5e403e4035b5a
da7f35ecda7fd0eb
25b33f373f372580
c634ab46c634320b
3a775ab05ab055aa
9db4308530858ebb
4574e323e323e91b
39ad8c6239ad8699
e12974fe74feff80
f1244096f124f240
da9439c3da94d4e1
aeca4f974f97beee
8a667b207b20c610
2041e860e860c929
9f5e532f532fb318
ea99be08ea996923
7adfc6907adfff80
d6758aa2d675219b
542abb2b542acfe3
d5992538d599bb5c
56d6261356d63d76
b055a7dfb05518ba
49b9fdb2fdb2ff80
6196bfbb6196e1db
9a1706c19a178000
d0e4a5d1d0e4373a
7961c71d7961ff80
011ec072c0728215
7d5428f87d5466cd
5140a9575140bb21
d313f42ef42e7f80
a8a2236ba8a28c95
9895253c253c8007
88c685df88c90000
9da2354535459379
aa657eee7eeee9d5
9dc39b8a9dcc0000
60e172b472b47f80
fd7e1b60fd7ed95e
9f673dc73dc79db4
6e48b93e6e48e814
226d9e67226c8156
9e51226f226e8143
72959cee7295d00b
aadd17ffaadd835c
e5decc3ae5de72a1
4786230947862b0f
c6309a4ec630210e
1165a955a9558000
f3c7a43df3c75893
e1e82995e1e8cc07
84672a5a2a5a8000
d16d824bd16d143c
e4c332dfe4c3d82a
2cfbc49ec49eb21b
4300200e4300238e
401258b158b1594a
8a03e115e1152b98
56c869e269e27f80
91d71d471d478000
5969c1385969db27
83ef79747974bde4
55e0a85c55e0bec0
84f1cc03cc031177
c7471a29c747a203
4ac41e694ac429b2
4a941f974a942aaf
41ad3aab41ad3ce7
36e2d5dad5dacd40
f9724bb6f972ff80
2cfe9cf92cfe8a77
dc0218a1dc02b524
6e4604ab6e463384
1f1fb2c6b2c69276
1a7edf3ddf3dba3c
8d0deac8eac8385c
f3a53fc0f3a5f3f8
2fb0004a2fb00000
6b2af604f604ff80
8f49cbc4cbc41b9a
e09934e8e099d60b
76dc90f376dcc851
bf519744bf511720
8bca150015008000
5b9a5bf85c497815
bcef6ac06ac0e833
a2c9b1fdb1fd1547
290eacb7acb6964b
a374f34ff34f5745
2cc5a1832cc58eca
ccbdb49accbd41e3
3680f3b7f3b7eab7
0309828202908000
c9beeb6eeb6e75b1
ea9591f0ea953d0c
3534221c353417db
1927d1d1d1d1ab88
606d14cd606d35be
3558565256524c31
641f2b3e641f4fec
edbe20c1edbecf0f
8292206220628000
744092257440c6f8
2a77d0f4d0f4bbeb
b514a1fdb5141792
46c26e0e6e0e7557
93da633f633fb7a3
7afc73257afc7f80
0f063447344703d0
ac47a922ac4a15fc
6d1ca3cf6d1cd17c
53c2e6cde6cdfb1b
10f043f143f11562
5eb6f944f944ff80
10d4848d10d48000
812cca07ca070bb5
20a7971220a78000
493e723072307c03
ef485069ef48ff80
791c6c1b791c7f80
4ec71c614ec72baf
d70975847584ff80
40d10e6b40d10fc0
2e1fa1ec2e1f9093
ed2801d3ed28af8a
33081a3d33080dc9
fea17b43fe9fff80
7ebc83717ebcc2b1
76dd0c4a76dd43ae
c415b92cc4153dc8
ed669680ed664466
d60db917d60d4fa6
7809320378096a8c
65aedd5f65aeff80
222d0c50222d0000
0ff1d41cd41ca493
759bbe11759bf430
8430fd61fd61421b
36f4828336f48000
8a4cc89ec89e137c
944e342734278906
059e871b87078000
ab021aedab028671
8c5c175c175c8000
ad6fa80aad6f1601
53d21abe53d22f1c
f6227e0b7e0bff80
ff092976ff09e904
8682056a864a8000
84b978257825bd6e
6b6b71e871e87f80
02436a5d6a5d2d28
4c39dc74dc74e930
7e60c8947e60ff80
7e3698c97e36d78f
b32807d9b3288000
d3b24f7cd3b2e3af
2623ad41ad4193f6
1abc2e8b2e8b09cc
e229da52e2297d0b
af65ca33ca333a20
51d949a351d95c0a
bb1aca84ca84461f
da0a1d75da0ab804
59eccdbf59ece830
9c889b919cac0000
8bfd0d200d008000
096a6bec6bec35d8
5a53f76ff76fff80
8ae5752a752ac098
53737ac87ac87f80
97e716b297ba8000
4ea6ca184ea6d945
3c49dc2edc2ed909
d3e9ed8fed8f7f80
5795349957954cb2
88d5dde8dde82741
255a2d952d95137e
2ead59695969489d
425d187c425d1b5a
da18a7f2da184290
de8a4207de8ae112
f8c6c31bf8c67c70
0c9bdfbadfbaace1
d5d69addd5d63139
47986fea6fea780b
f1db283ef1dbdaa3
63d87e467e467f80
b5b33ed53ed5b515
44ae691469146e49
f137743f743cff80
bc5f979fbc5f148b
3088cfc7cfc7c0d3
36ac504a504a4788
044d27a127a10000
92ed31b331b38526
4871882e48719124
66e9a6a366e9ce14
e141162ce141b802
bc4e2dd4bc4eaaab
977de3c0e3c03bbe
f816d8fcf8167f80
b7f699f9b7f6126f
cda82206cda8b030
50216d8f6d8f7e34
ad793abe3abea8b9
4b97718171817d98
9b8ce022e0223c31
d996bfc7d99659e9
370fd270d270ca06
637456ee63747ae3
0d741cd41cd40000
70501c5870504d30
5f8fb6e35f8fd6fe
848cf8a2f8a23db1
136d7603760349f3
037ae298e298a694
9ce9c09ac09a1e0c
3612f06ef06ee708
62e759ac62e77d1b
18f2accaacca863f
305f54fd54fd45dc
dbb3f425f4257f80
0b6904050b690000
1ba563b663b63feb
a4c06f436f43d492
6c4d47446c4d741d
a2a2818ca2a20000
3f45f556f556f525
a23a1d1da23a8039
b7e569946994e204
cab7aa5bcab7359d
1012eb04eb04bb97
0caf3a373a37077a
e8b4d872e8b47f80
7fe758857fc07fc0
61679c6c6167be55
d18aa5bcd18a37cb
e7fcce01e7fc767e
f42bfb29fb297f80
aa779db2aa7708ac
da74d8e3da8873d8
139f6e076e074228
eb222357eb22cf08
465cabb9465cb29f
f12cb91af12c6acf
c71de954e9547102
173656aa56aa2e72
fb4d4b9dfb4dff80
8942fb99fb994568
6b7046ac6b7072a1
1693d0c9d0c9a7e7
974ae4f5e4f53cc1
1a9a2cfd2cfd0818
08a1df09df09a82c
aa54b0fbb0fb1bd0
5da3f2b2f2b2ff80
f818a8e8f818618a
aac92758aac792aa
50d4697c697c7ad1
92c58b9592c50000
01f0f84ff84fbac2
45d78d0f45d79370
5fd1aca95fd1cd0a
a2585d285d28c00e
3faabe653f8dbe98
cbc7d757d75763a7
7b8e525b7b8e7f80
2c704aa94aa9379e
d0e80793d0e89905
d858f861f8617f80
c62cb962c62c4018
a6dfc7c5c7c52f2c
206e0772206e0000
aab374f174f1e029
ed24de6ded247f80
c9a68510c9a60f3b
2b13388d388d2422
019430f530f50000
bca349704970c699
441f7ef17ef17f80
fb29ac0efb2967bb
e64e034de64eaa25
a82f0040a82f8000
c3d50035c3d58430
1e269b631e228000
5d4a32dd5d4a50ae
07857be57be543ee
c6eb3362c6ebbacf
19c56a3d6a3d4491
f42aa353f42a580c
aefbd5e7d5e74562
4b893f344b894b41
1f2011ed1f200000
f67da31ff67d5a1d
e9d89033e9d83a97
fdcf9891fdcf56ea
c3b518dac3b59d1a
7d059fa77d05dd2e
30386bdb6bdb5c9d
6ff0c9566ff0f9c9
f96b6818f96bff80
abc9042eabc98000
6f939dfc6f93ce11
f55eef2df55e7f80
2c603a3e3a3e2726
e5eaa3d4e5ea4a42
f3725a34f372ff80
3d2b19f13d2b17a1
8a1a212221228000
2f8b88d12f8b8000
2aa15a1b5a1b4543
b5251b72b525911c
466a733773377a27
b66a0635b66a8001
838d544454449858
ede725a5ede7d415
8d77a578a5780000
4072b4b44072b5aa
f9f8adcbf9f86845
1242c9c4c9c49c95
e33675d375d3ff80
ef21667eef21ff80
8666f6fff6ff3de5
f1e27c1a7c1aff80
fe51f09afe517f80
ab8140854085ac86
6082d98a6082fa8c
a00b98ada00b0000
7e21784e7e217f80
f4d7603df4d7ff80
8cce034b8cce8000
8c1e507c507c9d1c
f70850def708ff80
7fc6af7d7fc07fc0
cfc73448cfc7c49b
21c0c9a4c9a4abf6
8c2dd14ed14e1e0b
49fee0cae0caeb48
09f8e5a7e5a7b022
5317f872f872ff80
707d774877487f80
20a92eea2eea101a
60e500b360e52220
4571820f45718807
15c4feeefeeed536
5bd484ab5bd4a10e
c1cead45c1ce2f9f
87238822884b0000
cb4264306430f005
288bbd11bd11a61d
3481135234810854
7d9f53b57d9f7f80
460bcc18cc18d2a5
5ce54bd15ce5693b
230e7457745757ef
0849266326630000
1a939dc99dc78000
62f9e853e853ff80
ddf171f771f7ff80
5246266652463932
f4f39265f4f347d9
d60f3af1d60fd187
4393297343932d8c
4c24bfcb4c24cc82
8ed3f9b5f9b54915
bf81db1edb1e5b1f
94b0ff1bff1b5455
abe3a8d9abe61540
79da63ac79da7f80
fb5bc6a1fb5b7f80
e7681c02e768c3ec
389416d438940ff5
237dc813c813ac11
81c8d767d76719b4
e73d3311e73ddad6
ff5aca2dff5a7f80
e4ca1912e4cabe66
6904a4826904ce06
0ab339a139a104e1
a5018d63a5010000
94432a462a468013
21bb2e872e8710c5
d0f4d670d67067e5
81bec124c1240373
3c3bb92a3c38b5f8
e01833d6e018d47e
bef16bc56bc5eb39
f138b40bf13865c8
0c1cbf29bf298bce
1160c366c3669549
0cc67f097f094c54
0b05611461142c9a
06c4d841d8419f94
76657e9a7e9a7f80
7aa250b07aa27f80
ac540733ac548000
d3bd765f765fff80
5ebbb3015ebbd23c
d5119c3fd51131d8
766eaa4d766ee13f
91c4ba3bba3b0c8f
0fa14bde4bde1c0c
13bf1b9d1b9d0000
4c6eefb2efb2fca5
287798662877815e
869d513151319859
165a433243321a18
263f386a386a1f2f
68ad001168ad2838
ec972e83ec97db9b
e3128877e3122c0d
6af0f703f703ff80
6b8903c76b892fd5
7013d6817013ff80
c51ea7f8c51e2d99
686962b768697f80
01cac4b4c4b4870e
da7b3ce3da7bd7df
809070fb70fbb20d
f2ae39d8f2aeed13
bc0b9d8dbc0b1a19
8affcdc3cdc31942
1a0d3a823a82150f
018dffe57fc07fc0
8edf3f3c3f3c8ea4
4e03b4874e03c30a
3b9c36f23b9c3313
e490b046e490555f
30fd9a1430fd8b92
ae80dc07dc074b07
88b20db60db68000
bee83e86be44bdf3
9c01434543459fc7
bd79a0f9bd791ef2
c5c6fa66fa667f80
20cc95b420cc8000
0041e0a8e0a8a12b
2fd13a3d3a3d2a9a
4e5e34d74e5e43ba
d791b9ecd7915206
5a4e3dc95a4e58a2
024b62496249251f
1bf3f433f433d0aa
d69bf674f6747f80
4fd12a5b4fd13ab3
cffc761d761dff80
a2c588c5a2c50000
05248a538a538000
b78f23e4b78f9bff
48e13eee48e14851
96bf358535858cc6
089a97c097c08000
8afa68bf68bfb43b
249f396a396a1e91
5a0eb8ec5a0ed383
f5864b7af586ff80
0242d987d9879c4d
7f8fe3e87fc07fc0
9e6895b19e680000
56e0111e56e0288a
42d164416441679e
91a8c597c59717c6
25421c8225420245
0331c315c31586ce
ad824b364b36b939
0f461e711e710000
f19d7060f181ff80
e326b526e32658d7
f0608561f0603645
33873471349a287e
fec5d26efec57f80
00a782c382b98000
e89dd8cce89d7f80
54d780ae54d79612
81f240ca40ca833f
758bfff97fc07fc0
eb1375c175c1ff80
b1d265256525d787
6c020ace6c023751
b6b7ec8cec8c63c8
c93a4615c938cfd9
8a361e9f1e9f8000
dbeccd23dbec6996
7cb9c1567cb9fe9b
14fa24c024c00000
5425e902e902fda8
8688957295720000
57ddd4e457d9ed45
fb18cfc9fb187f80
37f52a7437f522ea
a07f21a5218582a4
1e8564746474437e
82a6831d83700000
3c02b7343c02b3b7
c02231dcc022b28b
ff1dbe3dff1d7de8
09fdd963d963a3e0
5f9a81a65f9aa1c8
9df4293d293d87b4
6a1415ba6a144057
a7c6294a2931919c
4cb06a856a8577b7
c4c2fbeffbef7f80
9b1286d99b120000
c61013bcc6109a54
11668c4c11668000
ec9af3a9f3a97f80
c505664f664febd7
c2283806c228bab0
53a3982053a3ac4c
f3c3f226f3d87f80
d922083fd922a1f2
d5183babd518d14b
03f3967496748000
91b8f9e1f9e14c22
bcf090abbcf00e20
b26cc02fc02f3321
6a8bc5e36a8bf0f7
00d2fcaefcaebe0f
8d2f1bb51bb58000
bccad20ad20a4f5a
8d2f5dd55dd5ab92
0c844bdb4bdb18e2
f177d3aff1777f80
4897e69ae69aefb6
cf0ac8accf0a5839
755279bc79bc7f80
e2a6d9eae2a67d18
fb4228b9fb42e48c
eaa808f6eaa8b421
9090da54da542b6e
fc013d2efc01f9af
c1b93f23c1b4c16c
3939e968e968e328
6c8b98fb6c8bc608
7a06c56b7a06ff80
568b0902568b200d
3c6d840b3c6d8101
1d1ae62ee62ec3d1
70c204a070c235f2
7f4432de7f4472aa
27cd427342732ac3
c8c3fe84fe847f80
b5363082b536a639
ab619576ab610158
fa44f293fa447f80
ad425e2f5e2fcc05
15a960036003362d
3416002134160000
210575f775f75780
eeef6f056d58ff80
444a8868444a8d37
8e0fe6e2e6e2357c
2ac6103e2ac60000
721be9a2721bff80
dd21f230f2307f80
f3896bfef389ff80
6a4336446a436115
f14af580f5807f80
c9ce4c664c60d6b9
c986c09cc9864aa3
5e46cbef5e46eab9
4557877e45578d55
d3bcc4e9d3bc592b
cfbb9f09cfbb2f48
3bca28f73bca2543
4da6777677767f80
65a45e3065a47f80
b7079abbb7071245
4a440b944a441663
c81f6f296f29f7d2
3a53f535f535f015
c4f9e011e011658d
f69429d6f694e0f7
3960b0423960aa2a
8aa447a347a392d1
5626c1005626d7a6
cd8c1b61cd8ca976
f3275e51f327ff80
2002b4a4b4a49527
4a5b2f494a5b3a2c
8ac8085a8ac18000
44a9d6e7d6e7dc18
afe8e767e76757d1
4f45866f4f459638
68e0c39968e0ed06
c9a71c94c9a7a6c1
ee33b000ee335eb3
7491a0137491d527
7bb1a2987bb1ded2
9ade3a613a6195c3
32f6b10432e6a47e
bc5a826bbc5a0019
9cc0680a680ac54f
28b6881328b68000
56344fdc5634669b
bcb2903abcb20d81
47dd67fc67fc705a
36d9f095f095e7fd
85fefed6fed64554
899f0ffd0ffd8000
1591a20da20d8000
490c061a490c0fa8
da911de7da91b903
e0a63950e0a6da87
8f183411341183ac
aad18f4daad10000
22ff60ba60ba4439
aa8fac32ac441747
38b32d3638b3267f
2a1d07e42a1d0000
ff2d35d0ff2df58d
a8a688a4a8a60000
40c91b9340c91ce7
c5cb91eac5cb183a
e41e0368e41ea80f
42e047a147a14b0d
2b71c272c272ae64
7d74f09f7d74ff80
459e7e557e557f80
0e193f7f3f7f0e18
c833e6d5e6d56f95
888d238123818000
9b70b053b0530c46
630721a16307452a
f761d3bcf7617f80
9949534e534ead22
2ebbdccddccdcc16
749275f8760e7f80
e32a2797e32acb49
6dfc8e896dfcbd07
32e1cb84cb84bee8
5d4fc2215d4fe002
7f4cad627f4ced34
a6683ff23ff2a6db
63c2493463c26d88
2bfc9aaf2bfc872c
7eae7c667eb57f80
e7702abfe770d2b3
8d8c32ed32ed8102
047773bb73bb38b4
a1bc744a744ad694
b0b8c2b8c2b83404
97a861756175b9a1
a03f68366836c908
0e9a978897888000
5a6ddcbedcb7f7b0
123258f458f42baa
252b5d0f5d0f42bf
08a28b648b5f8000
d30b6fe06fe0ff80
5c40b1d05c40ce9c
50ff6bf16bf17d70
9ee4aa7aaa7a09df
bc5e9955bc5e1639
cc059f39cc052bc0
ee614c66ee61fb4a
733db435733de806
4a83b6bb4a83c1bf
9b205a655a65b60f
ee54a97dee545852
5f8ec99b5f8ee9ac
a4b0a699a6a40bd2
11fdb8cab8ca8b48
25ed5a915a914106
21f188e721f18000
9d9382fd9d930000
dbadf65cf65c7f80
afa6f627f6276659
908fe5cfe5cf36e7
e4cb1b11e4cbc066
44349d8a4434a242
04ed11fb11fb0000
2d272cb62d811a6d
870af627f6273db4
bd61d401d40151e3
e92eb99be92e6353
ae96160fae968528
0db379ce79ce4810
1600456445641be4
cfb6c306cfb6533f
281c97a7281c8066
1e29f7b1f7b1d66a
c480794c794cfe4c
c1ecc1ccc25c443c
937572dc72dcc6d3
d3f5cb16d3f55f90
bcf432bfbcf4b036
c263b1e2c26334c8
1e32dd26dd26bbe7
5124597559756b1d
287fb9efb9efa2ee
df0f72227222ff80
de448c4ade442b1b
503710c050372189
695089b76950b395
89bd9fcf9fcf0000
094ce407e407add7
315982e231598000
c8e6daaddaad641b
73671da373675193
6d3f64346d3f7f80
5ab9c7f65ab9e332
23991c8b239900a6
eb630e98eb63ba87
e4bfdf7be4bf7f80
5d5bfad9fad9ff80
2bead25ed25ebecb
ee8fe0d0ee8f7f80
244424aa25060982
5b8dd6165b8df225
0642225722570000
59fd511359fd6b91
f5f70328f5f7b9a2
0a742a7f2a7f0000
01d06a946a942cf0
3a937a0f7a0f7524
773c87f9773cbfb7
ac21528c528cbf30
0630345134510000
4f06ca104f06d997
b2cbc0a4c0a43402
159a4efe4efe2519
72f5261772f55991
8fa84bbc4bbc9bf7
7ddac3057ddaff80
f18a8d0af18a3f15
9d10126e9d108000
e0ee1bc5e0eebd37
361adae6dae6d18a
0be48d3c8d208000
ea6d5238ea6dfd2a
a59fd517d5173b3c
6121629262a67f80
855f130d130d8000
58cd2e6458cd47b7
a1b0b9afb9af1bf1
3b2e25263b2e20e2
0c7e6ab16ab137b0
3c6fdeebdeebdbdb
e6a6d793e6a67ebf
2feb6eaa6eaa5f1c
b09b6fc86fc8e0f2
23856e586e585260
21e93e9d3e9d210f
6e19abe06e19da86
cb714b824998d775
7e8c2de87e8c6cfe
ec19ca4dec1976f5
d19fe2d5e2d57504
bd095a3c5a3cd7c9
2171df68df68c15a
fbc274f0fbc2ff80
e1614fefe161f1d2
27e1455e455e2dc3
12327a687a684d21
4ddb9c7f4ddbaada
52962e93529641ac
9c68c1dbc1db1ec6
2135634b634b4510
fe89ae20fe896d2b
6580ed3ced3cff80
0f116a076a073999
a9844f5c4f5cb963
3e2c7eba7eba7d7a
38e821d438e81b40
c552b3dbc55239b4
dba52efcdba5cb22
b0e2f917f9176a85
a35677d277d2dbb0
2a9ffd5afd5ae887
aeafbf36bf362e79
4ce033134ce04081
1e3f3f563f561e20
7e9447367e947f80
d74f3d13d74fd4ee
052a669a669a2c4d
4e37e169e169f027
6477f3e7f3e7ff80
3c60c75dc75dc441
cc37a16fcc372e2b
f5ea085ff5eabecc
efbcab95efbc5bdb
e408f8edf8ed7f80
1e95523c523c315b
c7271c21c727a3d2
d7d2cdcbd7d26627
16a42a872a8701ad
a2b2e78be78b4ac1
eec7c321eec7727a
31499eab31499086
f69bcbf2f69b7f80
c949bab2c949448c
aaf80df0aaf88000
c6764ad84ad8d1d0
85421a2e1a2e8000
36e3d487d487cbef
0cbf3479347901ba
f33f73417000ff80
54fa973d54faacb9
35df11f635df0856
b6583b3d3b3db21f
c40869456945edd1
1be095521be08000
e0350874e035a92d
0244c103c10383c9
9c7f8d379c7f0000
3ca6ce2fce2fcb63
2789b0bcb0bc98c9
cde28a0fcde2187c
c371015fc3718552
7888b80a7888f113
42a07fbc7fc07fc0
01ecdb93db939e08
93625fd45fd4b3bb
3dc01b123dc0195b
70a4f7b6f7b6ff80
3dfc510051004f7c
e7491b7ae749c344
98b939f139f1932e
5798a4a95798bcc9
534448da53445ca7
5826472758265fd9
875b7d4b7d4bc52e
9cee33143314908a
2f9c503d503d4066
846e681b681bad10
4acadd69dd69e8b8
a2997ba07ba0debf
498509ad498513b4
4d652dab4d653b99
3231b422b417a6e0
bd850511bd858317
66c45daa66c47f80
59a7a2ee59a7bd1b
15671a591a590000
a29d16dea29d8000
e7bbe389e7bc7f80
4b67e508e508f0f5
c7743990c774c189
b2b055165516c84e
1e3181ff1e318000
af6f87c3af6f0000
f47c792e792eff80
1e7749dc49dc28d4
1df2bd68bd689bdb
808afba0fba03cac
ffe3fa3a7fc07fc0
c4d6d4ddd4dd5a39
af34b956b9562916
9e88c946c9462852
e621fb2ffb2f7f80
d0c7e000e0007147
81ca63446344a59b
bedb998dbedb18f1
85b76dfb6dfbb433
ee5fd2deee5f7f80
d6176d486d48ff80
d5b20580d5b29bb2
8c0c2ba32ba38000
0964f17ff17fbb63
9113e6dde6dd387e
ae6eaae4ae7019d4
734a9624734aca01
8649401b401b86f3
4618ef2bef2bf5cb
58d3fc04fc04ff80
be83c7a8c7a846ac
e85a8ef9e85a37d4
82d62f222f228000
336f64956495588b
847be7dfe7df2cdb
82cbba7fba7f0003
3d5a62b362b36098
7039aa417039db0b
408c0420408c052f
3f5df4e2f4e2f4c3
e76e1fdfe76ec7cf
a43753ed53edb8a9
41692d9141692f84
437bb4fb437bb8f6
ba526ed76ed7e9b0
3cfc99b53cfc9732
729b642e729b7f80
eec64967eec6f8b3
7f0245317f027f80
da472154da47bc25
6947d7ca6947ff80
08f44b8a4b8a1504
2d90c4a5c4a5b2ba
89091aec1aec8000
57d2989f57d2b102
1d1502e11d150000
57067e567e567f80
cdc53b6ccdc5c9b6
0338ca8eca8e8e4c
1c75371837181411
a58c2831282d8e42
5cab8f095cabac37
bdaa8422bdaa0257
3e8dc39ec39ec2ae
9faf0b769faf8000
87b6d285d2851abd
1d761ab91d7c0000
7ab34e547ab37f80
4606f8c2f8c2ff4b
7022656470227f80
6e31785e785e7f80
6b948a336b94b64f
71ba995f71bacba2
d96897afd968319f
77859a437785d24b
afa4e7c8e7c85800
8bfdc72dc72d13ab
a89ae1ade1ad4ad0
110f45c045c01756
77f499fb77f4d26f
36f3e3a3e3a3db1b
e4a6c3dce4a6690f
8e9c3b983b988ab9
8c921fe11fe18000
d5c4a706d5c43d4d
65eccbc765ecf237
3348b0053346a3d0
e2765af6e276fdec
9c9f63616361c08c
7d44088c7d444656
7637eb9b7637ff80
8795630b630bab22
11efea35ea35bca9
aa0530bc30bc9b43
dbaee510e5107f80
3601045f36010000
88c1749b749bbdea
40f178fd78fd7a6e
616fe97fe97fff80
71e47f4d7f4d7f80
59776ed96ed97f80
f3a1da6df3a17f80
e26dec92ec927f80
0322de3ede3ea1f0
6f61de6d6f61ff80
341f670267025ba1
7c90de8a7c90ff80
eb5ddc4ceb5d7f80
86afd28bd28b19be
d49ffbc6fbc67f80
b0eb65496549d6b9
43ca0ea543ca1302
e5f8c72de5f86da8
d273f423f4237f80
3909e59fe59fdf2a
7449d3a37449ff80
0017505450541018
09030f750f750000
0109e1d5e1d5a364
89c6d09ed09e1af4
bf018f63bf010ee5
9692c128c1281840
e4b8ba6fe4b85fac
c25cf543f5437828
2e02102a2e02000b
503cd898d898e95f
f20d6023f20dff80
3ab9139b3ab90ee0
091f0acc0ae00000
24f1bbcbbbcba13f
4355e6c3e6c3eaa2
91e134b734b78721
ad934dd04dd0bbef
1f86f498f498d49f
09fad7a2d7a2a21e
f901f629f9047f80
1cbf437d437d20bd
26b2f39bf39bdad8
5ccde158e158fead
2f9e0c172f9e0000
7d5ce8d57d5cff80
0635408840880740
686ec194686eea8a
91c2811691c20000
7f45bdd37f45fda2
c9c52e88c9c5b8d1
2b6f2b512be01743
80a71aac1aac8000
8cf8c10ec10e0e8a
1941eb5beb5bc525
0820a2bba2bb8000
db7b8656db7b2252
67fa5b5367fa7f80
c4fede56de5663d4
a5753ad63ad6a0cd
6179ea60ea60ff80
d55cf657f6577f80
51665b885b886d74
2f497e147e146de8
c653c75cc7884e35
e1e9c5f1e1e9685b
fdc8d2fdfdc87f80
4113039e41130535
7403ca947403ff17
71af186071af4a99
b3bea9fdb3be1e3c
930845ab45ab9936
715caf4a715ce12e
d30b97d2d30b2b64
8a29d58bd58b2038
cc4e533a533ae016
6029441d602964cf
e8736cdb6cdbff80
66cde51166bbff80
5dfdf356f356ff80
964e53415341aa1b
bb4be5b9e5b96193
868f967396730000
06199fea9fea8000
9df37f947fc07fc0
7bcb5f1c7bcb7f80
5363e7b9e7b9fba4
c23f1579c23f983a
678fa5c8678fcddf
c06b2970c06baa5c
76d58a8276d5c1d8
74c662b574c67f80
6e549b686e54ca40
8204f992f9923c17
15510f2e15510000
d04eb7c3d04e489d
6e4481b86e44b08d
2a81313e313e1c3f
b8f2d3cbd3cb4d40
0cbe8be00c868000
316a11d7316a03c5
ad9e50bb50bbbee7
3b66f84cf84cf437
b062d7d9d7d948c0
08a925b325b30000
242c423d423d26fe
cda5cd16cdf05b41
1b3010561b300000
b88d7f367f36f848
fa7b933efa7b4e3a
cda2cceacddc5b14
8219b92db92d0000
19730e0819730000
c2a7d10dd10d5438
04bb8429044d8000
e70f5907e70fff80
b678ae29b6782524
75e592c375e5c92e
10bb610d610d324e
474389bd47439190
123c5508550827c8
7d63179b7d635589
5416506f5417650c
e30cc60fe30c699c
ee754f90ee75fe8a
4d1fa9e44d1fb78e
618b40dc618b62ef
a673331a331a9a12
35eaef2bef2be59c
8f5d678c678cb772
985f411341139a00
ec4071db71dbff80
12abb510b5108840
fd70aac4fd7068b8
076c5aba5aba22ab
0b5df00df00dbbf3
8e5adcd2dcd22bb3
eca14ccceca1fa00
bd5a019abd5a8021
23004a0b4a0b2d8b
f6700558f670bc4a
c35a1bc9c35a9fab
e5d13326e5d1d988
f2019882f2014b03
995dbcf8bcf816d6
0d94dd52dd52ab73
ab1ba6caab1b1275
39c61fba39c61a10
62503f07625061db
c47a54835483d980
a7749b82a7740378
206fb4b2b4b295a6
faaa2f3ffaaaea7e
d630e2ade2ad796e
40591a1440591afb
4983b91c4983c320
d5b29df7d5b2342c
15fe0d8a15fe0000
60105343601073db
fc9dcb5dfc9d7f80
55b02dfb55b0442d
b6d569956995e0f8
8f078a538f070000
aa838ddbaa830000
62d8f25cf25cff80
774f9568774fcd3c
97385d625d62b522
9fe5bf9abf9a200a
ba3f03f3ba3f800b
bc83658e658ee291
ddefa959ddef47cb
9d95d9fbd9fb3812
a6b8b7bcb7bc1f07
f73d6cc4f73dff80
631d721f721f7f80
b541e51ce51c5aeb
506bd63ad63ae72b
fb447c5f7c2eff80
dc1fa525dc1f41cd
3194658065805794
2ae6c6aac6aab219
02f36efc6efc326f
2c7869656965565e
890ee627e6272fb9
0fdcc5e9c5e99648
64ee99b364eebf26
b83cea1bea1b62e4
f3fe1f11f3fed390
9fb2522e522eb272
48045e255e2566aa
f1df22f5f1dfd555
fb5a3793fb5af37a
ca560e17ca5698fc
0ac9e2efe2efae3c
6ba1c0e16ba1ed0e
0ba17b387b384767
a60c69ae69aed03e
77b3fc3ffc3fff80
1e0deaefeaefc984
e7b2f1f2f1f27f80
1646da57da57b126
5ca3abc25ca3c8f7
5c2d55195c2d71cf
d8f2de32de3277a8
562fc1c8562fd889
671a1fd9671a4783
5af6bb215af6d69b
d3a2969ed3a22ac8
5f3009985f302951
8429822984340000
fb0313d7fb03cf5c
fdb4eaeffdb47f80
e44f9171e44f3643
53051c8353053008
93252ab02ab08007
f1ce76b776b7ff80
099c5c945c9426b4
5b5c4a345b5c661b
4f34b4f84f34c4ae
2eadcc7ccc7cbbaa
3be0ae343be0aa9e
8049170617068000
162bbc26bc2692de
a1e10e7da1e18000
8d01213621368000
815f999299920000
da7b78f078f0ff80
bb672a4abb67a636
9b8d07929b8d8000
305dda99da99cb84
1bac17701bac0000
5508158b55082b14
9be8b64cb64c12b9
ac08ffc57fc07fc0
54d8b8bf54d8ce21
1100520a520a238a
c80f23e5c80fac80
366cf019f019e70d
78adc48878adfdb8
dfc3c444dfc36495
5764c5085764dcf2
fc60012efc60be18
cf4101dbcf4191a5
89f123d723d78000
e53ceea6eea67f80
b5e44a2f4a2fc09c
bf999ea9bf991eca
62fc0a8a62fc2e08
38a177e677e67111
dcb2928adcb22fc0
ca1bc2ddca1b4d86
0a4a6a496a49351f
ecaf9198ecaf3ed0
9f8313339f838000
897f84f6897f0000
268a5a795a794186
1a10f270f270cd07
a157a799a7990980
8be0de8ade8a2af2
ea816455ea81ff80
dabc5511dabcf055
819237b137b18000
45279e044527a3ac
67215fdc67217f80
36fb0c0c36fb0389
6e6fe2d66e6fff80
5950bf285950d908
8df4c2c2c2c21139
088bcca7cca795b5
e4888c99e48831a3
80a02ad12ad18000
5d1e713e713e7f80
fc24bee7fc247b94
477c42aa477c4aa7
2e922a8a2e93199d
51dca17051dcb3ce
3883320438832b07
ba910fcaba918ae5
a0932ea32ea38fbb
fd968b0afd964922
f62a1507f62acbb3
8e05efd3efd33e5b
a84bbd13bd1325e9
55f5b94755f5cfbe
6bb5bcc26bb5e909
5d0131415d014ec3
7b4d153d7b4d5117
f0add4eaf0ad7f80
e6098610e6092c9a
8b0988528b0c0000
5a1d39645a1d540c
c226fde2fde27f80
d72001f9d720999c
5e95e501e501ff80
c96b8ebbc96b18ac
34f9308834fa2604
27cd4bbd4bbd3417
ae7bf28ff28f618c
cc22a664cc223310
f158d5f3f1587f80
6c04324c6c045ed2
759b8adf759bc107
0168e9b8e9b8aba7
1e77ba9dba9d9997
002591e491e48000
7b77d6397b77ff80
e2fa1309e2fab686
0170f607f607b7fd
3f995bb85bb85bdc
3154afef3136a1c6
4d513f1c4d514cff
5a1096db5a10b176
64f43b7664f460ea
e0bf2d30e0bfce83
4f0d30e44f0d407b
75f5068975f53d03
c120938dc1201530
d65314a9d653ab8b
9eab81969eab0000
9c820b0c9c828000
3fc2f25af25af2a5
68568f346856b816
1ed601271ed60000
d565b30fd5654900
80ff16c416c48000
9f2efacdfacd5a8b
afdf0fb1afdf804d
2384753c753c5942
c20a6f206f20f1ac
708780bd7087b1c7
099892ea92ea8000
9f5516e89f558000
0f666e4e6e4e3e39
7a1432487a146ce7
1e1d1bc81e230000
963a2c912c918353
6f9e0b056f9e3b24
c14245444543c715
106faaf3aaf38000
d123d6dbd6db688b
fbb359f9fbb3ff80
912d64656465b61b
db4676947694ff80
9eb8f4a1f4a153e7
475f61886188696d
b92161986198db3f
2e50831d2e508000
807b1b1a1b1a8000
98a3dfecdfec3916
fb1f32fdfb1fee9d
0a80274327430000
08c7211621160000
57ca86bc57ca9f14
7b2338167b2373bf
1b3f1bdb1c1d0000
6358d4e56358f8c1
197af763f763d15e
f6145d27f614ff80
23ae638d638d47c0
c78ab1bcc78a39cb
1013dc68dc68ad05
a8d892bba8d80000
a43481aaa4340000
15c8f779f779cdc3
2b801a652b800665
c68afbacfbac7f80
311a394439442aec
5101649164917612
f1b0746f746aff80
1635b38db38d8a47
373192ff37318ab0
adb1249fadb192dc
9788b46fb46f0c7e
88db2bc82bc88000
ba9e925bba9e0d87
cc4e0dc0cc4e9a9a
d77fe74ee74e7f4d
5484cd025484e206
790fa0ab790fda3f
c857df01df0167d9
8b722abf2abf8000
02bad9b5d9b59d04
8a4a9adb9adb0000
d31c881fd31c1bc2
ff0f8ce0ff0f4c7a
2e4cea7aea7ad947
a58dc03ac03a264d
36e9f554f554ecc1
35ccd3afd3afca0b
06af37943794000d
0958e4abe4abae90
076cb82ab82a804e
1489b4bdb4bd89ca
1191046b11910000
cbacc8a5cbaf54de
afe0c2d6c2d6333b
cea5c28ccea551b4
5711469057115e23
c32579b179b1fd64
bd1594ebbd151289
bdb8df60df605da1
217cdb0cdb0cbd0a
a3fa1cdfa3fa815a
7e9789967e97c8b1
d6eeee1fee1f7f80
ec02f3b9f3b97f80
6aed8f756aedbae3
dd5e64f764f7ff80
7bad09f77bad4627
71135dbe71137f80
5381cce55381e0e7
1751cd41cd41a51e
b2c501f0b2c58000
acefd310d3104086
60807e947e947f80
2407e926e926cdaf
328001d632800000
cc4272537253ff20
5c49a8f45c49c5c0
afb169c569c5da08
d7bb4591d7bbddd4
d039ff817fc07fc0
04b5d35dd35d989c
bde452db52dbd143
e27a23f5e27ac6ef
f4885a6af488ff80
9e80344d344d934d
8b402c1a2c1a8000
995419f219888000
e1fa129ee1fab51a
0b86634d634d2f57
730b6e10730b7f80
3377ee5eee5ee256
5bcca16f5bccbdbe
7a9e8b117a9ec633
714f5761714f7f80
c27850545054d34d
324e9274324e8544
e1ebae28e1eb509a
70f6f573f573ff80
8f3cf883f8834840
471e72cb72cb7a7b
a5e162a062a0c90d
d7202528d720bcd2
962d63766376ba26
a4c7cf0fcf0f345e
0d0aec20ec20b9ac
986098a5990a0000
da15dd05dd07779b
2cf226e52cf21458
69c9edc2edc1ff80
5c8a623e623e7f4d
30d7861230d78000
e34ea547e34e4920
ad2b963cad2b03fb
f2f410b8f2f4c42f
8ce871fa71fabf63
82e82b9d2b9d8000
e5c68a4ee5c6309f
b82269906990e236
a9f98a9ca9f90000
acb2f035f0355d7c
1fbb5f4e5f4e3f96
4cd22e654cd23bbc
23161ba123160018
417a46e646e648e1
95b8b058b058069b
c0c81db8c0c89f10
cb25d26ad26a5e17
ff937ca47fc07fc0
c31d7cbb7cbbff80
096f7e997e99488f
67db926067dbbac0
1815a2ada2ad8000
69259d946925c73f
00b66acf6acf2c13
27acc832c832b06f
8ac81f5c1f5c8000
1ee2b690b69095fe
5dc0cfc35dc0ee12
1734401d401d17dd
db8e3e0fdb8eda1f
16fc2dd92dd90556
9bea46d346d3a341
fa15fe2cfe2d7f80
5c237da67da67f80
5357395653574d34
2d79332433242120
70aed25970aeff80
aa4d0d2faa4d8000
3fd0e090e090e0ea
17a6f572f572cd9d
067cb4b9b4b98000
cc1370597059fcf9
8966a925a9250000
c0692db4c069aea4
d3e4e17ae17a75df
f0bb4536f0bbf685
bafefb4efb4e76cc
873635ad35ad8002
eab79794eab742d4
32da8c3432da8026
bccc477e477ec4ca
aebd66536653d59c
850a4f764f769505
67d061df67d07f80
dd12bc26dd1259bd
ca97d432d4325f52
e1d456c4e1d4f922
d1a0e14fe14f7381
57aa34f957aa4d25
2628105726280000
16469aaf9aaf8000
98e628b828b88225
1d93f249f249d067
243f60a160a14570
94faf030f03045ac
aefd742b742be3a9
c5289eb2c528246a
f896bb31f896744f
f0e3c055f0e371bd
4b09cfbecfbedb4b
386a800b386a8000
31b11bab31b10dec
c8a8357bc8a8bea5
8cde411b411b8e86
7c3ce44a7c3cff80
d1b821a5d1b8b3ed
86b5fc32fc32437c
f5655d13f565ff80
07b0da79da79a2ab
18ee7bbc7bbc552f
83b0184218428000
8a498c298c360000
e8ab98f4e8ab4223
2720d4c3d4c3bc74
a3c32ef32ef39339
350868b568b55e40
bb47441d441dbff4
46e2fd88fd88ff80
5e4961c461c67f80
7d63c8f77d63ff80
bded0797bded860c
1e82ba1aba1a991c
bf7a08fbbf7a88f5
8fd90b1f8fd98000
dddbecf8ecf87f80
950cd92ad92a2eba
ffaa76677fc07fc0
204e72577257532d
ffe36f457fc07fc0
69552bf3695555ca
e2210488e221a72b
db803cffdb80d8ff
beb95e9e5e9edde4
d8a03c0dd8a0d530
7d3df7517d3dff80
4621f59ff59ffc48
e011f86bf86b7f80
c3c116c1c3c19b12
ef62708a705cff80
4f24a03e4f24aff3
ddbf615d615cff80
075ced9ced9cb586
83b1c0cfc0cf050f
5a04f9faf9faff80
03be316531650000
529091645290a480
87daf9a6f9a6420d
4175b8734175ba69
cb724cd64cb8d8ca
655b90a7655bb68f
2e32bccebcceab8f
9e717c787c78db69
215e1aa1215e0001
de8f67a967a9ff80
d03061216121f1dd
d58267fe67fefe01
e7531409e753bbe2
691ef623f623ff80
5a80c6235a80e123
a92f47584758b114
b338a9eab3381da8
c40817a8c4089c32
1281c219c219951a
d0934677d093d78e
7638a2dc7638d99e
60c7c15460c7e2a5
1ece2d572d570cad
9a28f8b9f8b95373
66a8757d757d7f80
7eb4075f7eb4469d
6451c8d66451edaf
6ac9638e6ac97f80
1900d0a6d0a6aa26
62dbbad162dbde33
5384644264427848
a11674ae74aed64c
8dd0934393430000
9e2ff8c7f8c75788
2b073c9b3c9b2823
f75e532af75eff80
e46c5049e46cf539
d47350c3d471e5b9
c268426f3fe0c559
049da7ffa7ff8000
ffab2de37fc07fc0
10e63532353206a0
a88bd9e1d9e142f4
7a0280487a02ba92
191fbae3bae3948d
f7898766f7893f76
610c435e610c64f3
dd42b39cdd42516c
b49b15e3b49b8b09
233569bd69bd4d86
b868107cb8688964
2dc8a0ef2dc88f3b
131e151b15250000
582f68dd68dd7f80
a41f0510a41f8000
5080dfe2dfe2f0e2
3aba065f3aba01a2
f35bc14bf35b752e
467032af467039a4
d0bea5d1d0be371b
8fceb6f0b6f00741
9fa6a7e8a7e80816
f7414197f741f964
353eb3a63529a976
542593735425a81d
0e43517a517a203e
45703f464570453a
379669236923613f
95b932b132b18900
0f755d975d972d91
4966817949668b60
b0619584b0610668
b1c6d263d26344b0
f44e05faf44ebac9
d687e2eee2ee79fb
854b41584158872b
659c3583659c5ba0
97f138bf38bf9134
58833d4a5883564f
484358f358f361b9
6c6c18326c6c4524
b5468046b5460000
5d6fb6955d6fd48b
f7d27fb87fc07fc0
2281f779f779da7b
8f7726e826e88000
7b69c0417b69fc30
2e4eddbfddbfcc9a
c99bf9dbf9db7f80
92c6a2e5a2e50000
2db0e0fde0fdcf2e
11d020fa20fa0000
ce5f8feace5f1ecc
f0618550f0613637
fc87e7fbfc877f80
2b6ababcbabca6ac
60dd622662427f80
fea0493ffea0ff80
591958c1597a7267
86d3f04df04d37a9
c00a9aa7c00a1b34
af40a8e7af4018ad
38daa43238da9d98
83718daa8daa0000
241fd689d689bb2a
5446c2bb5446d791
1a6d9e6f9e6e8000
94dd74d674d6ca39
8b17d286d2861e1e
2b74becdbecdaac3
f025c00af02570b2
d5f2846dd5f21ae0
d05d72d172d1ff80
e5453165e545d730
bce62e09bce6ab76
9b89425b425b9e6a
9465347334738959
9e91b78db78d16a0
dc83ae12dc834b15
6cbfd92b6cbfff80
5551d820d81dee03
5f17548d5f177426
61fdd5b461fdf832
64278db16427b267
98ef95ac98f20000
28a9250b28aa0e38
a37b341e341e981b
4aa717964aa722c4
cbc5fa51fa517f80
e7b3db47e7b37f80
a1a1027ba1a18000
21fb900821fb8000
369027dd36901ef9
6260dfbd625aff80
0d77a9faa9fa8000
8df4e380e38031f4
214a0000214a0000
3965432f432f3d1d
927a015a927a8000
33e5239233e51803
34f7695869585ed0
71dcdacd71dcff80
3e1f20a43e1f1f4c
4c3bab924c3bb855
e1f78170e1f723e8
72e0c77c72e0fadc
8beb15be15be8000
9fd8d381d38133da
25d6c3d7c3d7aa34
c15e0be8c15e8dc9
c718862fc7180dd0
859b23f223f28000
28e412be28e40000
caeb1d02caeba86f
7e89dc427e89ff80
90e64d0f4d0f9e80
5a053b415a0555c9
b696ec15ec15632f
c2ab1026c2ab935e
b7153eeb3eebb689
96bc35e935e98d2b
b35fa5f5b35f19d5
a176268026808876
4239ede0ede0f0a2
2810273d283f0fd5
8c7cc13cc13c0e39
61684ffb616871e3
71aed59671aeff80
19d4ff76ff76d9cc
a050b279b279134a
bf157c2c7c2cfbc8
e4c66106e4c5ff80
25dcef40ef40d5a5
e982abb2e98255b5
bbb7fe19fe197a5b
d90406a0d904a025
68dc1c1968dc4583
9f9f01399f9f8000
ebb5e81aebb67f80
d5e19a2ed5e13099
8f2ee00fe00f2fc2
974e15ae97388000
a9e28d47a9e20000
1bc010651bc00000
9691458645869c98
e05cdbb9e05c7c9f
9e12ce31ce312cca
5d1c6dd36dd37f80
4055259440552676
85e83f753f7585de
0b43251025100000
4fc134644fc144ac
581562cd62cd7b6f
3ecbff45ff45fe9c
0865de3cde3ca728
37b993d137b98c17
01c82a202a200000
044b0ee10ee10000
d067a987d0673a74
03ae575957591b93
075050405040181c
9ca8f865f8655596
79b29f3779b2d97e
d7c64587d7c6ddd1
23fc720372035681
8774b9dab9da01d0
dd5e0785dd5ea567
13c8890913c88000
e8d30955e8d3b2b0
95044c7c4c7ca202
5d24f343f343ff80
706c82d9706cb3c8
1ea0dcd4dcd4bc04
1a45ff54ff54da23
b2c168e768e7dc2e
71b26f9071bb7f80
6d4d200e6d4d4de3
e54f3382e54fd952
df3de94ae94a7f80
843ac7cfc7cf0c96
40f8ebfdebfded75
7af2aa3d7af2e5b3
d0e07db77db7ff80
1dce17771dce0000
dda5620061ffff80
9b70d6fdd6fd32ed
9208bf5bbf5b11e9
a28c44034403a70f
5451ef98ef98ff80
19ba465046502097
a13240fe40fea2b1
78ff02e778ff3c66
6d7faaa76d7fd8a6
a68f68d168d1cfe9
db2460736073fc1c
b889391e38b3b229
23bafc92fc92e0d4
a1470624a1478000
da59aaf6da5945d1
f1a18818f1a13a3f
36f6012836f60000
f8423f8bf842f853
9d0a1d441c688000
303cdb9ddb9dcc67
0488403d403d0549
4702fc8efc8eff80
df892214df89c21e
8a6c09528a388000
fb09db5efb097f80
86efac13ac130000
1e413b2d3b2d1a02
f3735f73f373ff80
0e1d8ea88e338000
bda9e29be29b60cd
fc499228fc494f04
612e1da3612e3f5e
ca3b9566ca3b2028
c502b6d6c5023c59
edfc8bbcedfc3a39
928f0df1928f8000
e7b09340e7b03b84
5677e0e0e0e0f7d8
913a6ff76ff7c1b3
ee38c9beee387889
b7074b8a4b8ac312
388dc311c311bc20
8b2fa053a0530000
b38319e1b3838de6
dcd9439ddcd9e105
7b24a5c27b24e179
2a607c8a7c8a6772
5fd0432a5fd0638a
fff842147fc07fc0
1b9718631b990000
3895e5b7e5b7ded5
0b17afe1afe18000
57a356bc57d26eef
d362aeaed362429a
10fe294329430000
bf1b4b204b20cac2
e41e6df76df7ff80
e107e797e7977f80
cf8432fecf84c303
399a09cc399a03f5
4e72ab7e4e72ba70
20d6801f20d68000
38f7861138f78023
d8bc5a2f5a18f381
b6d474317431eb93
ba461e97ba46996a
32143acb3acb2d6b
731699a27316cd3e
138b7d007d00510b
5129d2efd2dae49e
1d122f282f280cc0
693c72e372e37f80
a38e5f6e5f6ec384
9fa420191f8e8062
ca8e179bca8ea2ac
502e5dbf5dbf6e82
c390af8bc390339c
5ddbb8c95ddbd72c
36f451245124489c
f1bdb141f1bd638e
04a02ea72ea70000
74a4db8d74a4ff80
a0676ee46ee4cfce
857397de97de0000
9500aa8aaa8a0045
8950ab5cab5c0000
0954cbb9cbb99599
e28ac3e0e28a66f2
a3eee512e5124988
47f3742974297ca0
98b86cb66cb6c603
dec49d73dec43cba
e948fa7afa7a7f80
329e8553329e8000
51a58dec51a5a018
424db25f424db533
982f383b383b9100
12d642c142c11621
c4f9e464e46469de
cd9aeb6deb6d798f
63fc371563fc5b93
30e5ce08ce08bf73
060f2a5d2a5d0000
e9ab86c4e9ab3103
a9078fa5a9070000
7b5c3a317b5c7618
baceba66bb2035b9
1741fe21fe21d5f3
c004c710c7104794
3edb11983edb1102
7e68cade7e68ff80
32328fe7323282a1
9c64b5fdb5fd12e1
a49177737773dc8a
adc08155adc00000
928efd0dfd0d501c
0417dfc7dfc7a46b
1cfe5f695f693ce7
03db35f935f90000
1d2fe2cae2cac08a
ebfdc2a8ebfd6f26
1ff09ad01ff08000
e6dbbc5de6db63bd
1ad1522c522c2d8c
7e979bbf7e97dae1
b459fc17fc177100
999259a559a5b3bc
86e959d659d6a143
36824fb04fb046b3
b6e22c5ab6e2a3c0
5df2a9465df2c7bb
75f1e37775f1ff80
875770187018b7ff
3499471147113c2d
ca72fa81fa817f80
27924caa4caa34c2
a047b548b548161b
bb5f8b50bb5f0735
7e4bab047e4be9d1
c7272e58c727b60d
662b770c770c7f80
fbd6eeecfbd67f80
e33c45c9e33ce994
1de67c1d7c1d5a8d
7c2cdac57c2cff80
837837bb37bb8000
ed22c134ed226ee4
169ec607c6079d27
1b0f419841981d2a
658a47ff658a6e09
b513fd57fd5772f7
d2d8bc51d2d84fb0
f1716b5df171ff80
522292fa5222a59e
40c9af5340c9b0a6
e33fb9e5e33f5dab
fd91d42cfd917f80
92a96fc06fc0c2fe
6b571fe86b574bc3
b2e60f10b2e68281
b0051d11b0058d97
6937542a69377df3
d1e0a27fd1e034df
ea435b10ea43ff80
e0111949e011b9e4
3b5885e63b5881c2
f07a4ef1f07aff80
e9fa0c6ce9fab6e6
03d9608b608b24ec
d57a58a958a7eea5
f1768377f176356d
cc3e0b14cc3e97dc
fd45db4dfd457f80
d2170c2bd2179eca
444d867c444d8b4a
615cd0e5615cf2c5
4de1887c4de196dd
0648fd07fd07c3d3
83eef702f7023b72
85c7447d447d8ac5
a43455135513b9cf
760eb8f0760eef85
ddee4dbeddeeec31
31df62c762c7552d
01c229a629a60000
0381ae07ae078000
bbfb1d72bbfb99ed
33a1067b33a10000
5a9012c75a902de0
ea37c02eea376af9
b3e51b70b3e58fd7
b4c19bcdb4c1111b
0494a43aa43a8000
c65d5a035a03e0e2
cfce2a5acfcebaaf
5cd333335cd35094
1cecc1cec1ce9f3e
06843ea53ea505aa
c9337f2d7f2dff80
9cf3b8cbb8cb1641
919cc12dc12d1353
5daeef3eef3eff80
49f4d8f6d8f6e36a
8c1d4e9c4e9c9b3f
3a97731b731b6e37
1bb37dec7dec5a25
08a63b1e3b1e044d
0450360b360b0000
b53f1806b53f8dc8
55866b756b757f80
a3149003a3140000
840301a283fc8000
dbc48d0cdbc42956
96b459865986b0bc
7140beb47140f087
e76435efe764ddd5
a62d05caa62d8000
bf2087e0bf20078c
abf05f4d5f4dcbc0
e7f90b1de7f9b399
dde6f7c2f7c27f80
bc9fe5a0e5a062c7
ebf484eaebf4315f
be826e446e44ed47
cbde8fc4cbde1c2a
b0f9095cb0f98000
9c0b7b437b43d7d4
ca8d44b7ca8dcfca
f0b17cca7ccaff80
36c665b965b95d0f
b5c4eb0ceb0c6156
aa46e1d6e1d64ca6
f9ff6b50f9ffff80
eb5077c877c8ff80
33b52dc733b5220d
80c309e509e58000
2c54aa692c459741
7f2f18507f2f580e
8f33acf1acf10001
2102c42cc42ca5af
4630544b544b5b0c
70c99de270c9cf31
d666e4e5e4e57bce
3f61be763f24be58
857eaf4eaf4e0000
8b2884328b280000
de9b161dde9bb53e
7d27b8247d27f5d6
370516b137050e38
6da096f46da0c518
7a7a1f567a7a5a51
fe062c63fe06eaee
29d5befabefaa950
b21e48214821bac7
5e8b38125e8b571f
3674448744873b81
53d2e636e636fa95
15481c991c990000
48d26059605969b2
38133bb83bb93453
29fcb966b966a3e2
0934fb94fb94c550
9e1959c659c6b86d
7dc23f727dc27db7
e5ab8c9be5ab32cf
9341800b93410000
e1e14212e1e1e480
843a9d619d610000
8b6b0bf90b848000
c366e0dee0de64c7
f2dd0934f2ddbc9b
2ec9b908b908a856
e91462bfe914ff80
a0a94e994e99afca
100c255625560000
7d2b7df87e277f80
168cdea4dea4b5b3
9986faa1faa154a9
03f3fcacfcacc123
8cd59a489a480000
8889a741a7410000
4852530f530f5beb
35463a113a112fe0
e671dad8e6717f80
5a18984a5a18b2f0
2814e92ae92ad1c5
aed79cb3aed70c16
e8a0b3a2e8a05cca
900c17ce17ce8000
4fa5cc324fa4dc65
0f8667076707370d
236dafdfafdf93ce
48315e925e92674a
4b34c7184b33d2d6
86b265656565ac9f
3c3ed067d067cd2b
a8d8c662c6622fbf
b806d155d15549df
2cb1e54ce54cd28d
4efd37cf4efd474d
beae5e8a5e8addbc
19c5236623660003
038b17b617b60000
d3a5360bd3a5ca33
1dae02141dae0000
c6bb5c665c66e3a8
6224c7fd6224eaa2
64ebabfc64ebd167
5c00fcb8fcb8ff80
1d31cff3cff3ada8
de335fff5fe9feb2
fce4632dfce4ff80
3bc4b7803bc4b3c4
fb667ddc7dd5ff80
7b9ed3dc7b9eff80
8f72e4cbe4cb34c0
a9b85f2f5f2fc97c
9a9676387638d158
88eb160316038000
e0922216e092c32b
38cb113938cb0a93
f4335e94f433ff80
25c046ae46ae2d02
6b1de5ad6b1dff80
56275b755b757220
ef9a588eef9aff80
902be625e62536dc
8bba062e8bba8000
11bc060211bc0000
19fe4b944b942613
b74ca0bbb74c1895
4594415245944773
84a039d239d28010
67a7889f67a7b0cf
2acee418e418cf75
b1eb185fb1eb8acd
197df2aff2afccad
4e4113924e41225c
80faa575a5750000
c1fbdf93df936210
fe935cbffe93ff80
ae11fd55fd556bf1
bacce501e501604e
25f33f533f5325c8
78b1f39378b1ff80
0ad99e899e898000
66d4fffd7fc07fc0
9b4959d459d4b5a6
5e4832bc5e485193
408b378f408b389b
48d50f5a48d518b5
f5c4805ef5c43690
75c011d875c04822
52d7384352d74ba4
433c9488433c9848
151f9153151e8000
95fd341734178a95
437b4edc4edc52d8
e658c1a4e658688a
09201a441a440000
47a7af4c47a7b785
2f92a88d2f9298a1
1b92ae85ae858a98
3a738bc63a7386bc
88f0330233028000
59f04c7659f066e7
954620aa20aa8000
a5c10d0ea5c18000
c6ffb6f6c6ff3e75
05d1c0b7c0b78715
3b9c03ae3b9c0035
b36514abb3658899
77bffd5cfd5cff80
8636676b676bae27
30687cc57cc56db3
9eae8c9f9eae0000
50db09fa50db1b56
45716cf86cf872e9
bdcdd767d76755b9
c069ecc6ecc66db4
2b4c98a52b4c8483
9fedc772c77227e0
6208a9a96208cc34
aebe041daebe8000
fc205042fc20ff80
044d8ffc8ffc8000
c053d580d5805653
26f7e835e835cfaf
76c1968176c1cdc3
f2289ddcf2285090
71259cd17125ce87
88bcdfaadfaa28fa
10ee7f157f15508b
5195c7175195d930
14a42bb42bb400e7
96ffdc59dc5933d8
280910ad28090000
d6939b7bd6933290
62f0168662f039fb
48c239e248c2432b
2ea809182ea80000
f5abe5dff5ab7f80
1a95a9c2a9c284e2
9762078897628000
598c9bca598cb5dd
dd954005dd95de1b
a1752fab2fab91a4
648f735373537f80
ddcda7e0ddcd4633
3e4fa8f43e4fa7c5
869fded7ded72606
e8f936c8e8f9e043
6bf52c446bf558bc
b0695ab45ab4cba4
db0e3c1fdb0ed7b0
cbcdbce8cbcd493a
74b899fb74b8cf34
34944cdc4cdc41fe
737a960b737aca08
ea119b39ea1145d2
56fbc43e56fbdbba
d11bc230d11b53d5
0d03db7fdb7fa902
47aa77d377d37f80
5204daa3daa3ed28
ff43acbcff436c8f
202fbd66bd669e1d
9beec2eec2ee1f5d
4899bd504899c679
43c034bb43c0390c
a715ec48ec4853e9
0fdc82600fdc8000
16b931d931d9091d
c9f65ac65ac6e53e
7695cbbf7695ff80
98f9d4e3d4e32e5d
1bf882311bf88000
83cdd5c9d5c91a21
867d6f946f94b692
8cd6f540f54042a0
aac7334d334d9e9f
d73fdf58df587721
f42e15d9f42eca93
39fe5a445a4454c2
db4764bd64bdff80
45ef988945ef9f00
aae69beaaae60752
4090e20fe20fe321
f1130999f113bb30
56710e5f56712552
dd5e64316431ff80
6bb1841f6bb1b05c
67415cf567417f80
8cbe185118518000
5cdc62bd62bd7f80
90d79a559a550000
9f33da07da0739bd
5de827475de845b4
b161d65bd65b4840
a82c9aa0a82c0357
5d8068f368f37f80
43ae92b943ae96fb
6fc838606fc868af
570b636e636e7b01
b4e28226b4e20000
9f51bba4bba41b86
300f02fb300f0000
3b11cc0dcc0dc7a0
a89e016da89e8000
e22d4cdce22def95
5da023155da0413a
3627588258824f2a
352f6ee36ee3649b
b24334313425a707
6398566a63987a8b
12080fc9120e0000
3fa382853fa382a9
f5261908f526ceb0
64d800e964d82645
675f0e77675f3657
7433eadb7433ff80
6844535768447c25
4850bd174850c5f5
c682882cc6820f2f
835ed507d50718ea
6164146161643648
9e3375117511d3cb
8c54e9b8e9b83698
709434a9709465c3
b856d060d060493b
6657b9776657e04f
782d9c9d782dd554
38e5a6ad38e5a01b
fd01e58ffd017f80
15b08d4b15b08000
c3e569136913ed83
8f7b8e2d8f930000
ac554dbe4dbeba9e
cbd03d1bcbd0c97c
abe5bcadbcad291b
76bfe5cb76bfff80
3a323f783f783a2c
372b8d33372b84ef
e63a37b1e63ade81
b878d741d741503b
08272b8e2b8e0000
56f3e265e265f9d9
36983a163a173132
1a238f711a238000
9794f7b1f7b14fcd
ec2fc47eec2f712e
ea39a685ea395140
4ea430054ea43f2a
14df18e918ea0000
17309c8c9c8c8000
8ac95e925e92a9e5
21eb25ea25eb0857
37ff42e942e93b68
359ea09f359e96c4
4500ed69ed69f2e9
1ecdda21da21b981
6c06586b6c067f80
97e43b463b4693b0
53a1439853a157bf
51b5523852896482
9e8b5ff95ff9bf07
bd3363b763b7e180
7ff11af07fc07fc0
4276146e42761765
6875237568754c6a
63d0871663d0ab74
7086e20b7086ff80
c6b56b2c6b2cf273
71885d5c71887f80
0b31ab0cab0c8000
4ee8b06a4ee8bfd4
5e6b2b3b5e6b4a2c
f289770e770eff80
a77df619f6195e17
0d209c569c568000
90eb24fc24fc8000
08c8c491c4918de3
ba249096ba240b40
26424f9c4f9c366c
f32896baf3284a74
213e1612213e0000
69ce331f69ce5d80
dd3e6f0e6f0eff80
0c1fff3eff3ecbec
ce1726b4ce17b554
193eed58ed58c720
ebe9e5ebebe97f80
8387f946f9463d51
547f9513547faa12
d9ff8d90d9ff280f
6170ad086170ceff
940838d238d28d5f
9ece2dbb2dbb8d16
26fbf980f980e0fb
8d64df02df022ce8
6ae5b39b6ae5df0b
d09de52fe52f7657
251f9df0251f8395
c58ead7fc58e338d
2c7cc213c213af11
9a812ae52ae585e7
df657b1f7b1fff80
830745a945a98932
bee750c350c3d030
49a1dc7ddc7de69f
69b2866169b2b09c
9b6b686a686ac457
1945ae08ae0887d1
be8db0b0be8d2fc2
452d8c98452d924d
cac4092dcac49484
79b5959879b5cfd7
ca935c585c58e778
6b1cdd5a6b1cff80
9473806194730000
0ea0cd3dcd3d9c6c
2b60e4f8e4f8d0d9
44dcb71544dcbc80
04e3ab47ab478000
52c7a36b52c7b6b7
ab5f9cbdab5f08a5
6c6f57116c6f7f80
9ee906dc9ee98000
8d05987998790000
13b690ce13b38000
2ea01f062ea00e28
77706ff677707f80
644ed0d1644ef5a8
5f01a9c55f01c947
cad6c635cad65197
fda7b86dfda7769b
b5f7a16ab5f717e2
5799140057992c19
b1f8d5fbd5fb4873
ef19eea7ef6c7f80
c12a56e056e0d895
d886de24de24772c
a6f9bfadbfad2728
87b78917892e0000
cfe28a0bcfe21a75
ed5629ceed56d7ac
71f4c67871f4f8ec
77a9682577a97f80
84299f5d9f5d0000
6da8d09b6da8fecb
c11eb139c11e32e4
565d3bfc565d52da
6422790279027f80
143f35e735e70aac
4d73a95d4d73b752
d7114422d711dbb8
052f2dd72dd70000
af1651925192c12b
0014ff78ff78bf1b
493d740874087dc9
bb3072667266ee1e
5915d4f05915ee8c
9ade221022108002
39aa216c39aa1b9d
c4ae42cdc4a1c80b
418a3163418a3375
232aa213230585c3
d66e9ef4d66e35e3
8bf8318931898004
7722610977227f80
5275245a52753751
c3b8ebb0ebb06ffd
609263ad63af7f80
8d7c478247829580
c6ae5b295b29e266
1523df88df88b52d
a4438b02a4430000
6691387066915f88
8a39353835388042
d655adafd6554492
6b4da5b66b4dd192
a237efa3efa35269
19713b433b431538
7cd08f267cd0cc87
9c30df6ddf6d3c23
1ade658c658c40f3
77d5759577de7f80
cf0c9129cf0c20b9
dc8bcde7dc8b6afb
afe5d357d35743c0
117fdd36dd36af35
673a301a673a57e0
bbbd0e6fbbbd8ab0
8b342fe22fe28000
c7182b8cc718b326
ce126cba6cbafb54
1f4aa056a0248054
b71ff718f7186ebd
7c5b6e837c5b7f80
77c9362277c96e7e
902918cf18cf8000
c8de228bc8deabf1
5e5f5b155e617a02
140624d124d10000
1a55ae7fae7f8954
607c3c71607c5d6d
ad42e1c0e1c04f92
ef008c29ef003ba9
44309f704430a425
c35c3f8ac35bc36d
215369b869b84b98
76ead35176eaff80
7c32cd567c32ff80
83b70a8b0a8b8000
7dd710b17dd74f15
f8cbd37af8cb7f80
e7b4a52fe7b44d76
8206349f349f8000
a0d88d24a0d80000
c1ee8f72c1ee11e1
20f8fefffeffe077
8c4161336133ae07
bc320292bc328019
1c0bdb5fdb5fb7f2
a9eb45ca45cab039
695a8f36695ab91b
68d879dc79dc7f80
57b682ef57b69b2a
763221927632584b
c8df2f25c8dfb890
c3bcece2ece27126
e60c1201e60cb88d
a6682319a6668a0b
6b98f093f093ff80
bb673fd23fd2bbbd
df3992a0df393267
2b4190982b418000
ba2db5f8ba2d30a8
2d58afadafa69d92
a3aa13d5a3aa8000
60abc7d960abe911
703a1020703a40e8
7725a8427725dffa
cf9ca61acf9c363c
1854409140911970
c02eb4fcc02e35ab
5e331df55e333cab
b630bbedbbed32a3
1db301c41db30000
7065b5c77065e6b2
94be7a297a29cf7b
b44bc72cc72c3c08
184e282428240104
91e2fc2bfc2b4e97
9f55545f545fb43a
cd0e60036003ed91
a4f1de28de28439e
091ab5dbb5db8021
a3d2137da3d28000
9f7720822046807d
898ba5baa5ba0000
dd2bc99cdd2b6750
8042ff74ff743ffc
ab04058dab048000
f43b02baf43bb788
e2a5d320e2a5764e
cd44785a785aff80
ecb059beecb0ff80
015105be05be0000
2e203e2b3e2b2cd6
ced80af7ced89a50
b807487d487dc105
b14f3b213b21ad02
2041b6fcb6fc97be
186e43c843c81cba
6c2f947a6c2fc12b
9a14191099e08000
7ac3422e7ac37d85
c008a6b4c008273f
0cd5fa77fa77c7ce
c6f18f63c6f116d6
e7c00304e7c0ab46
12546506650637de
a57e0ca0a57e8000
485938c8485941aa
ee055b4cee05ff80
f9e99e3ff9e958ae
b52cd562d5624b18
9b655b5e5b5eb747
1e888b6f1e888000
98e0d5a7d5a72f12
c399cdb3cdb351d6
9bafd008d0082c3a
16c174e574e54c2d
c095be10c09a3f28
ab2ab1c5b1c51d83
dad34928dad3e48a
bc4ae015e0155ceb
efdaaa0aefda5a6b
8e7a6eaa6eaabda6
36b9032a36b90000
d5e3fec5fec57f80
9bf40e539bf48000
e438914ce4383613
72dcd9e672dcff80
c07148e148e1c9d4
333a298d333a1d4d
7a29b11c7a29ebce
82bf61e861e8a52d
348974f374f36a02
d5d9fb62fb627f80
33bf5f0d5f0d5352
2462066824620000
4d93908e4d939ea3
7d65b7727d65f558
f081137af081c47c
9bb491bf9bb40000
30195414541444b1
2ba351ba51ba3ded
90c2010e90c28000
69b30abf69b33506
21f961d361d3444d
ed2028efed20d695
07d376bc76bc3f1b
5a92fbc3fbc3ff80
f815ea52f8157f80
c7d45b1d5b1de382
936961ab61abb59c
c9e30aa8c9e39515
f8c427eaf8c4e133
6cc0e2186cc0ff80
55787ee37ee37f80
a94338573857a224
5be5745574557f80
327cfe58fe58f155
0c9f93b493b48000
21f8ca6eca6eace7
1b2fc2a5c2a59e62
3cf897c53cf8953f
f671a835f6715f2a
f6fc4428f6fcfba5
ba13054eba13803b
f2fc956ef2fc48ea
9320d109d10924ab
726b0684726b3972
1b2a86f51b2a8000
4b807dbe7dbe7f80
2780100127800000
5858b29c5858cb84
fd9610affd96cecd
c0ab55355535d672
18e8cb1ccb1ca48d
aa862af72a629601
49688db4496897a3
f1039673f10347f9
793a2766793a6127
5809177858093005
77e0a90c77e0e175
ab558c75ab550000
1344434043401713
6ac398a56ac3c3fb
b3bf944cb3bf0898
d4fa75497549ff80
5486386c54864d77
cc79cb2ecc925829
1c2ff0baf0bacd7e
059aac95ac958000
87766eda6edab6d1
98d7717f717fcad6
a03459225922b9e4
d9536b3d6b3dff80
5d8f30395d8f4e4f
d34d90ccd34d24a3
786fcf81786fff80
d1c055bc55bbe80d
81e3863586350000
a4d90240a4d98000
f60fa1aff60f5844
97e94b894b89a3f9
bd098942bd0906d0
50b76f5b6f5b7f80
7a27621e7a277f80
7a95b1bf7a95ecde
83ffa05da05d0000
7f1466e77f147f80
99cd94c899cd0000
c3fca6e6c3fc2b62
c6edfd70fd707f80
4e5ca40b4e5cb2ef
7a6a2a377a6a6527
adf856c856c8c542
309312af309303c9
bd9886b8bd9804da
3c78f8d8f8d8f5d1
38bd5894589451db
2518aa5caa5c9003
bd6e248bbd6ea281
ccd07dd07dd0ff80
071eeb31eb31b2da
e74c6d026d02ff80
7a7607027a7641fa
0330757e757e392f
430c603e603e63d0
c3331a3cc3339e03
4037d299d299d35b
cc0fdfe3dfe36c7e
584aebb4ebb4ff80
3a3c55b955b95088
98e892e798e80000
e2de895ae2de2cbd
c4032de5c403b26a
f4fc9980f4fc4efc
1610bc93bc939325
07656908690830f3
38b12c6638b1259f
66b0bfe166b0e71b
e36e9163e36e3553
2068d6c5d6c5b7b3
3ddab8143ddab67c
22b441454145248b
039a7a827a823e9c
7f04d1427f04ff80
1411aa0faa0f800a
349bdf65df65d48b
867bcaaecaae11ab
6991e5f16990ff80
a9d08bb8a9d00000
ac6c38513851a541
bbbf723a723aee8b
212b26d826d80890
2546a26f25428839
fd78ccc8fd787f80
1725a1eca1ec8000
4ae655ab55ab611a
19b8ce02ce02a83b
d14121d9d141b3a4
bd3f9936bd3f1708
4a09cfd7cfd7da66
cff9181fcff9a89b
211e0b72211e0000
e5665958e566ff42
01aae5c2e5c2a801
3d3800ec3d38000b
84dd3b7b3b7b80d9
66fbe844e825ff80
a5bc86b2a5bc0000
4d9fcf0aceecdd2b
f2ce73147234ff80
9bb58a869bb50000
ae362d25ae0d9beb
a07040864086a17b
285d0a9f285d0000
4c0c8b5a4c0c97ee
8c73704e704ebd44
3eb0b40d3eb0b342
ff9941f27fc07fc0
de92502dde92ef45
5c7944395c796134
be5a1738be5a961d
c5dd96a0c5dd1d0a
4d2923af4d293167
3b5700c03b570001
a62146914691ad36
2f6104682f610000
3d29c3eec3eec19d
5393183253932c4c
a1c0e43ee43e468e
925b966c966d0000
785ef425785dff80
8451d9d4d9d41ead
5b63718571857f80
f63e6271f63eff80
7da2be027da2fc25
a5658eeca5650000
7a7586f47a75c1ea
94e1051a94e18000
7d0df5a17d0dff80
a6871f8ea6878696
1fb3c351c351a392
a068a2a4a2ab0395
253c9c26253c81f4
5e1f9cbf5e1fbb6d
a4b628dd28dc8e1d
084db75fb75f8059
766e24b1766e5ba5
1acbe4e7e4e7c037
1783bce6bce694eb
da5c5db35db1f89a
6ba04b826ba077a2
028dbcf4bcf48043
8386931a931a0000
3ef586633ef585d9
0f4fa9f1a9f18000
24fe581858183d97
5be1deeadee6fb4e
9f43d6e3d6e336ad
9bc3f9adf9ad5604
1207ceb6ceb6a140
f838a4bbf8385d86
f17e79927992ff80
30d594dd30d58638
511d5037514b61e0
dec77e0a7e0aff80
06371ada1ada0000
f86e762cf863ff80
17a035fd35fd0e1e
03eaac2cac2c8000
82c0d117d1171462
8a95f71cf71c4236
c8558990c8551270
a41b3dc73dc7a271
f4198c24f41940c4
fa132459fa13def9
5efb2d9a5efb4d17
45f897d745f89e50
6eaab3286eaae25f
9f24fdbbfdbb5d70
e6f46f586f58ff80
d646ae26d6464500
9e13e1d6e1d64076
a04490f7a0440000
4305ce47ce47d1cf
7593bfed7593f608
66b2118666b238ba
f2091528f209c7b4
578329d1578341d6
582e4bf8582e64a9
b625dbebdbeb5297
7561604475617f80
1cbac154c1549e9a
1b0669f469f4457f
7e33c4987e33ff80
b7998a4fb7990277
d0e23345d0e2c4ae
b75e9aa8b75e1292
3dee6fae6fae6e22
06c27ed27ed2461f
b0506ade6adedbb4
c81fc635c82a4ee1
5a2f700a700a7f80
fc40de1bfc407f80
aa83c6a5c6a531a9
3c91429f429f3fb4
57e79f2f57e7b79e
b38e8fb8b38e03cc
c315c071c319440c
9e29aa77aa770923
a62f2be82be8929f
b883beefbeef37f5
ba1548894889c31f
2e2e400640062eb6
325d85d1325d8000
7d25644e7d257f80
2794f769f769df87
b5a1113eb5a1876f
0af156e056e02253
aa112490aa118f23
aa2f05c6aa2f8000
7a502a7d7a50654e
e178d54fe1787749
cd611775cd61a557
cb7470127012fc0b
fec6fa0bfec67f80
f1cd8cb4f1cd3f10
9d89d632d632343f
6fa36e386fba7f80
2474de04de04c2fc
d3c7739c739cff80
739d1343739d476f
e42de7efe7f07f80
ed99b8afed9966d1
9a2213b79a228000
70aae19c70aaff80
94a5ca83ca831fa9
dbc394e8dbc33131
09aab25cb25c8001
96c23ff13ff19737
b59a9fafb59a15d3
35168b8f35168128
18fd086618fd0000
db2cf08bf08b7f80
06a067fd67fd2f1e
9866df97df973888
ec3d18a6ec3dc575
991a22cd22cd8000
bf6963706370e35a
69517a977a977f80
560510f45605277e
173e9de29de28000
c5a0edfbedfb741d
38e1a53838e19ea2
f35b4a2ef35bfe15
98e1950a98e20000
263f6e716e715534
08a4140214020000
bc3c14d3bc3c919b
0ab91c3f1c3f0000
35b2f557f557eb95
ed2b6f156f0aff80
21d3d98ad98abbe3
82a45c325c329f64
3a55fa0dfa0df4eb
15ab205f205f0000
ed13efa4efa97f80
b925432d432dbcdf
6de7745c745c7f80
878af7b4f7b43fc2
33daf807f807ec66
4e77e277e277f16e
a735f9e4f9e461a1
77c86a5d77c87f80
7185eb247185ff80
25a462d462d44908
9abbf7e9f7e9532a
ab1370fc70fcdc91
b3f3e221e2215699
518fa73f518fb955
748ac326748af833
4f7efb1dfb1dff80
9843d6ecd6ec2fb4
e0635417e063f506
3e20eaaeeaaee95a
7e04e6a77e04ff80
2eaceb5aeb5ada92
0869ca11ca119304
01a3a70da70d8000
3a6a56835683516f
974c648d648dbc61
9832955498350000
72ba413372ba7482
3f1cf061f061f009
4802191b4802219d
44ccbceb44ccc23b
3a80459a459a409a
e57537b4e575ddac
2809715c715c59eb
1fbe825a1fbe8000
27ba653265324d81
dffd2be8dffdcc65
713e3189713e634b
b55ba284b55b1862
f853a293f8535b72
aee9aaddaeea1a49
453c1913453c1ed8
2ca5f01df01ddd4a
2c0eb9c1b9c1a656
df4a2ddedf4acdaf
b55a2253b55a9834
d57a0f42d57aa53d
936eb0aab0aa049e
4dbfd0c9d0c6df16
ac9e071aac9e8000
028d03f6040d0000
c36fc7c3c7c34bb6
3a9beaa0eaa0e5c2
615cc3a7615ce590
fe5a947cfe5a5357
5ab0b1645ab0cc9d
e933af68e9335922
8c9880c28c980000
ac9256985698c3ad
88e3cb52cb5214ba
138d03b1138d0000
b3c9d045d045449b
cc63dbe3dbe368c9
b15e5b795b79cd58
ce02634a634af1cd
455d4701470f4cdf
af3469df69dfd99d
544b6d9f6d9f7f80
8006c024c024000f
7b3b621b7b3b7f80
bc44bc23bcb438fa
8fb5f461f461449f
581a76c476c47f80
6136194b61363b10
4fd40cfc4fd41d51
22fc49d749d72d54
bc64b547bc643231
0b7b72e772e73ee2
3214bd39bd39afd6
90318f4090610000
8d55191719178000
dad64db1dad6e914
b145c619c61937eb
1f9631e531e51206
1fce4879487928c8
6a90469d6a9071b1
1e78a974a974886c
081568746874310e
854c234723478000
e167b1fae16753e2
9f93076e9f938000
fb17a036fb175bd7
2f32ad812f229d33
3fa316f83fa3171e
5a58e2a5e2a5fd8b
35e81df635e8145f
d1b31077d1b3a2ad
a32518a4a3258000
ecb7a9ebecb75728
35881a2835881032
1086b5d0b5d086da
70f4f4cbf4caff80
d8f49bc2d8f43539
82ccec39ec392f93
0e5c8ffb8fe08000
2d4f1e492d4f0c23
37ab033137ab0000
9c22c5ecc5ec2295
890033a433a48001
aa97d757d757427e
0b68fa76fa76c65f
ec61d55aec617f80
29d0f772f772e1c5
9243035f92438000
9b949e679e6c0000
2b7abb14bb14a711
eba43e01eba4ea25
482cfb4ffb4fff80
6a5bdbab6a5bff80
8bbc8d358d4c0000
9291112392798000
e3db2a02e3dbce5e
ca50cfcecfce5aa7
36ef748274826bf3
f9f570c3f9f5ff80
d8d11bf9d8d1b54b
400102ca4001034c
2957144529570005
c19836b5c198b8d7
b77b64cf64cfdccb
e07cc2cce07c63c9
a6310ed4a6318000
9774258625868002
aed1019caed18000
806cd9dad9da1ab8
0398fd72fd72c190
4d8b1ffb4d8b2e08
f541105ff541c628
25c818cd25c80014
c71e47be475ecf6b
36bd8c6536bd83a9
fb4a1699fb4ad271
2f16090c2f160000
75e4fbfdfbfdff80
e378c459e3786852
e17e1347e17eb545
9c2d2b062b0687b5
ec03b7b4ec036438
4ddc710971097f6b
c7109b95c7102328
16c7570757072e52
e4b6720e720eff80
39fd28a139fd231f
fb8fa8cdfb8f64e5
4c46b9d04c46c6a1
6a84b7f56a84e2fd
d1a60458d1a6968c
044d4b204b201000
f19e98c7f19e4af6
46a8d7a2d7a2ded5
c1937a2e7a2efc48
7e6727d67e6766c1
3a8129993a81249a
a5f20a04a5f28000
15b9d1c4d1c4a80e
2f4787e32f478000
8c8180a18c810000
162b8978162b8000
f4518b8ef4514068
9102195319538000
b3190b12b319800b
8e17f5daf5da4481
4a75f48af48aff80
f79ea865f79e608d
abc5ccb6ccb6390c
b49c59ff59ffcf1b
a05209c3a0528000
912533a633a68556
4a54d557d557e032
b5908a80b5900090
0a0f0aba0b010000
e7fb2f5ce7fbd7d8
75c6feb6feb6ff80
e66c405be66ce74a
e824cb54e8247408
0a4cfe9bfe9bc977
dca3f37df37d7f80
b9181154b9188afc
6cb94ae46cb97825
e4ac064be4acab88
67e7184e67e740ba
880f5fea5feaa883
d06cc34fd06c543f
a47dbd14bd142212
773ad97b773aff80
8ee163e563e5b349
697defeaefeaff80
7320b9df7320ed8b
6aeeb4eb6aeee05a
19b37dc67dc6580a
5ccc89655ccca6b6
8397d741d7411b64
fc24fb83fc667f80
063a75a075a03c68
800c238923898000
e78e21c3e78ec9d8
adcc9de1adcc0c33
da34efb2efb27f80
c667f05bf05b7746
efa967b8efa9ff80
d9035c4f5c4df5d4
a2db43e743e7a746
3604ab1c3604a1a1
aeed30092fd79f7e
92541b331b338000
0dea10d910dd0000
83f567c867c8ac3f
0b90ebdeebdeb7fa
9fb156da56dab717
775a6a6c775a7f80
10f6ae95ae958048
444b8c1e444b90fb
aa14c776c776320e
82588b1a8b1a0000
f4a5a56df4a55a99
170b0153170b0000
8578656c656cab65
740f9166740fc600
c6c93b66c6c9c2b5
2046828c20468000
3d66db44db44d930
62207bc17bc17f80
3261cb45cb45be2d
15151d6b1d6b0000
d2373ca9d237cf72
da163608da16d09f
ac4fc31dc31d2ffe
cb14bee0cb144a82
a24a8230a24a0000
ffbc19717fc07fc0
5fae51885fae71b9
2a8891b02a888001
721b8683721bb91f
c94902f8c9498cc3
239a0907239a0000
20a3883420a38000
1e9d403d403d1f68
557f14e0557f2adf
4808463a48144ec6
2f37f589f589e544
e9a0d320e9a07d48
51119ed35111b06f
130606ba13060000
5c49ce735c49eb3f
64bc6f506f507f80
425f272f425f2a18
2f865fba5fba4fc3
36e1196936e110cd
c6ce5adb5adbe230
8c098a028c110000
49cd8ede49cd9932
5327436e5327571b
9d3e61896189bf4b
9bcdbf05bf051b55
b283b4d4b4dc27d9
9bad18ac9baa8000
989d8025989d0000
3d5287c33d5285a0
2fc123b72fc1140a
beef37c8beefb73b
4d416ddd6ddd7ba7
7b008c507b00c7d0
5d7ac55a5d7ae355
1d0558855885360a
c4b6d2dbd2db581c
c331e698e6986a52
a2e71d95a2e78106
8847018f88478000
6471f72ff72fff80
43b3a41e43b3a85d
826c25bd25bd8000
ca5a58ba58bae39e
0ce683570ce68000
909518a518a58000
143cc22fc22f9701
9970808f99700000
cd01eceeecee7a70
b4c0f25df25d67a6
d9b50bfcd9b5a632
5a24b7f45a24d29c
f6539cd7f65353b1
a567e1e4e1e447ce
7337ed7d7337ff80
1c3bceffceffabba
bfc0d25bd25b52a4
0a8de525e525b036
ccf10912ccf19689
e12fe99ae99a7f80
078afd2cfd2cc539
635d666c666f7f80
e6a9cff1e6a9771f
9b5611d79b568000
8921108d108d8000
6742158f67423d59
33a6e0d7e0d7d50b
c4acf322f322785a
347c63ec63ec58e8
99ae7af47af4d526
7ba4d4777ba4ff80
5156123051562413
f0789683f078477e
66eee48e66e5ff80
9d969c949dbb0000
e37b59fbe37bfdf6
a3401bfba340802f
cf19e7bbe7bb7760
138cc664c6649a79
d871c290d8715b88
2a5b579957994283
bb71c78bc78b4383
280d9760280d803e
51430e645143202e
dfd3d4bedfd3751d
c6764015c676c70f
f39fbee7f39f730f
0137d195d1959355
6c00265a6c0052da
ec94b31fec946038
a290ff05ff056216
0028117a117a0000
01ca328a328a0000
c1e973e473e4f650
c8df1d58c8dfa6bc
07bc5d7b5d7b25b8
eb64d6c0eb647f80
0de785df0de78000
dda8ce37dda86c70
7b2b7e287e2b7f80
88e6e4d1e4d12e3c
781839ce78187275
36ed59d159d15141
d6a488f3d6a4201c
d7894975d789e183
ca1f9438ca1f1ee5
2f58415341533132
e76cb2e4e76c5ad2
fe9e6f21fe9eff80
6019d8736019f911
14fe47c647c61d44
7cfb17277cfb54a4
f46f714df46cff80
76b2fba0fba0ff80
8f819cd89cd80000
21926fd26fd251f0
f3f62e22f3f6e29c
6847ab876847d452
1867d753d753b03e
f6fcbd41f6fc74be
a17c7d3c7d3cdf39
ca0e78427842ff80
dd50be0fdd505be8
bf332954bf33a914
e349a6ade3494a88
ea83b349ea835e4e
c0f731ddc0f7b355
bc8561f061f0def9
592b4a8c592b643b
0c74cc6ccc6c9961
60a2193060a23a5f
646087dc6460acc0
eaff1291eaffbe10
f461396bf461ee4f
2438629462944755
8cb874967496c1d8
4c18ed42ed42f9e6
c5d64f964f96d5fb
82e544d044d0883a
4dd061bb61bb7018
02aaacc2acc28000
91fbb3dab3da0656
523f06b0523f1983
440f3b0e440f3f9f
c22ca293c22c2546
96a5cbcccbcc2303
793bbf3d793bf90a
9755f751f7514f2e
207f4fc24fc230c1
97a03a523a529283
bed76b196b19ea80
337f572157214b20
0d6632fe32fe00e4
de2ee226e2277f80
210de47de47dc60b
50be7b277b277f80
9bbf4c184c18a863
f1961768f196c988
24b835ba35ba1b06
63ac541963ac784e
60046bd26bd27f80
53b7865153b79a95
2122494d494d2b02
19e5456a456a1fd1
9b46170e9b458000
2595ce19ce19b432
15abef6aef6ac59c
02ad75547554388f
3763369137962e81
7d27be987d27fc46
a9d753e553e5be40
b5b69023b5b60668
6bcfa91f6bcfd581
0cea7d987d984b0b
d58262356235f838
5c34f8c7f8c7ff80
79a49ab579a4d4e8
e276f831f8317f80
d0c90b2ed0c99c89
2dc2c3d7c3d7b223
970500fc97058000
2bd069d969d95630
31a3e216e216d43f
55fbe03ae03af6b6
28bdeb44eb44d491
c0f2cfe2cfe25156
a6321fc9a632868c
c162d83ad83a5a24
29da822f29da8000
8c29d8e9d8e9259a
f8f94dfaf8f9ff80
efa50697efa5b6c3
61aa2a5361aa4c8c
7208def87208ff80
f4cf4cd5f4cfff80
a49839cb39cb9ef1
a5b233cd33cd9a0f
4fe837794fe847e2
1d6d91f91d6d8000
e56bf511f5117f80
668c741174117f80
ee64736c736cff80
eb744256eb74ee4c
e35483dde35427b7
00dc5b7b5b7b1cd8
c9bdd540d5405f8e
7e5307087e5345e0
537ab440537ac83c
8c2546ec46ec9398
e9a63a64e9a6e494
46b6fed0fed0ff80
da61f32ef32e7f80
f6efa101f6ef5871
9fc3d614d6143661
9530d5bed5be2b83
230196a123018000
ce92b513ce924428
b04bc2bfc2bf3397
3bebae783bebaae4
e4de9bc2e4de4128
2c2e79a479a4665f
c158f3f0f3f075ca
065e550355031be3
e24d93dde24d36b1
a581d0b4d0b436b5
40e991f040e9935a
56045176560467fe
531495e75314a986
fb142377fb14df0f
969a0e25969a8000
721bbb03721bed9f
47d7c20447d7ca5e
c40267ea67eaec6e
7230e5807230ff80
3757181437570ff9
1397c8f9c8f99d13
ef00d785ef007f80
7198e6cd7198ff80
400dc1a7c195c238
561590745615a70e
b31cf2f4f2f46695
fed3dd1cfed37f80
5cd56f7f6f7f7f80
6988e4716988ff80
fdb7fe6ffea57f80
f5e297eaf5e24e4f
afe53af63af6ab5c
a6a5047ea6a58000
ce1875997599ff80
0bcb216c216c0000
86ebc8a5c8a51017
4a3aa54f4a3ab016
f5357279f531ff80
737a6c9f737a7f80
b996e429e4295e46
ee521d0aee52cbe2
827ff6b6f6b639b5
5c9ac7385c9ae45d
9163dd57dd572f3f
7295a8477295db68
2134d685d685b83b
a0af39a239a29add
b817872ab8170032
9171390f390f8b07
093ce176e176ab35
9d44c6d1c6d124a0
201cd610d610b6b0
45fa006145fa06bd
a485c572c5722a7b
1aaa336333630e97
ec720dbdec72bab3
fc9838a8fc98f5c8
d0f3d355d35d64ca
ea07dd1bea077f80
fab0f09afab07f80
be9958f758f7d814
c5b3dcefdcef6327
0f11766776674603
2376b4bdb4bd98b6
e7ba6742e732ff80
f5b80bdaf5b8c21d
93e5fb87fb874ff2
4aa048f04aaf5416
1a33c5a2c5a2a063
0d6a534253422131
22f544904490280a
7d5447fd7d547f80
1076fcc1fcc1cdb9
5113e60de60df7a2
3387d774d774cb81
5cae681d681d7f80
ed78e7f2ed787f80
2e13338d338d2222
42badfe5dfe5e326
c88b6da56da5f6b3
741d1251741d4700
7b3662037b367f80
b5cd838ab5cd0000
13eb4269426916d6
cb638e34cb631a20
5f90fcb9fcb9ff80
a66402dfa6648000
fc688098fc683d8a
5f9f0c845f9f2ca4
007023ee23ee0000
077f164716470000
ab61889fab610000
263d8974263d8000
ba8422a0ba849da5
69de978069dec1de
a7d4d288d2883ae1
16a78de316a78000
0ff092e292de8000
f9d4c403f9d47e59
10ec5660566027ce
3ac1b8b73ab6b40a
5a6279b879b87f80
23bbc4acc4aca8fb
b558f87af87a6e53
6679f295f295ff80
39c040d540d53b20
2d9cb984b984a7a1
a356ec98ec98507e
3bb5d808d808d440
bd491163bd498f32
fb9d6e98fb9dff80
8171d5cdd5cd17c1
1adbd8c7d8c7b42a
b20875457545e7d1
dfab9836dfab3873
bfefe442e44264b5
10ab0b5f10ab0000
bc5f11a1bc5f8e8c
f7d40b80f7d4c3d4
176e20d520d50000
6421bfb06421e45d
696efa7afa7aff80
1188270b270b0000
718a615a718a7f80
13caffc07fc07fc0
f14f7df27df2ff80
71f358d171f37f80
8677764c764cbd45
0e559e449e448000
0374b168b1688000
c290d859d8595b74
69391bb169394580
5fdb74b974b97f80
aa0a63cd63cdce5d
0fa491a4919a8000
a903dc66dc6645eb
1ca007db1ca00000
5d43cff85d43edbd
07c232d932d90000
651ff4c1f4c1ff80
b74fffc87fc07fc0
4940b2044940bbc6
3f45cfc7cfc7cf99
77d6d98a77d6ff80
25e4704b704b56b5
624695e26246b8af
7ffd619b7fc07fc0
9586adcdadcd03d7
7c8d01ea7c8d3f01
d5c3cdc5d5c36416
860fcda2cda21435
ff341c5cff34dc1b
6b4b0bfc6b4b37c8
a8804e3d4e3db73d
d4683aded468cfc9
c5994ebf4ebfd4e4
d9f565996599ff80
cc3eee9cee9c7b68
97bc2e8b2e8b86cc
b5a77c7d7c7df2a5
83532ef42ef48000
77e6439a77e67c0a
98d7463b463b9f9d
5021474d50215801
9ad2f44cf44c4fa7
42729a5542729d49
3cfb6ede6ede6c5a
b74a780f780fefe2
79857dfb7dfc7f80
fc353191fc35ee4d
9366bdd8bdd811c2
0e887f3e7f3e4e4a
2995c2ebc2ebad09
21de6b616b614dc3
b25189a6b2510001
61f216be61f23934
b518f00ff00f65aa
f0ff7c637c63ff80
c9113bb2c911c54a
db21443cdb21dfec
ff4a03e9ff4ac3b8
aaf174be74bee033
35972c2635972244
4f0bdb7fdb7feb0a
670ea50e670ecc9e
86d6b45cb45c0000
92fe7a427a42cdc0
d108459cd108d726
86c8d33cd33c1a93
ce7853105310e20c
8727246c246c8000
78bb88f778bbc234
3cf234f93cf2326b
d8397eed7eedff80
eca73a45eca7e781
d3248ed3d3242287
0e331e7f1e7f0000
ec064bf2ec06f87d
bdbe9edcbdbe1d23
84caaa28aa280000
9b64ccaaccaa2897
3ddb6f116f116d78
3f1b4fe24fe24f89
fa98caa4fa987f80
8111934193410000
ba5f0a4cba5f8532
4280bdfa4280c0fa
2556422a422a280e
feee2267feeee1d7
a3a3f216f216563f
8e576d586d58bc35
46e7264646e72db3
22b465df65df491d
e9f84f45e9f8f9bf
a7ab78577857e090
faa41164faa4cc92
64dc8f9164dcb4f9
577b899e577ba19b
e3d118a7e3d1bd08
4f680a524f681a3e
088d2f552f550000
e6274b3ce627f1f5
0539376337630001
299deeeeeeeed912
efd989e5efd93a42
31f459d459d44c4a
a3c794e2a3c70000
e37393a0e3733798
d04955005500e5c9
e6b14abce6b1f202
fe07cb16fe077f80
989961b361b3bad6
ff7a1e07ff7ade04
b9cc76b876b8f113
b5ff71667166e7e5
11f4d15dd15da3d3
b8ebb18eb8eb2b02
4809f64af64afed8
9b05d855d85533dd
157424c724c70000
7c44d1247c44ff80
6c48a1e16c48ceb0
5d7a00415d7a1dfe
c879947ec8791d77
2e07f68bf68be513
1d0b5520552032ae
9f7c93729f7c0000
c26016cdc26099b3
f3aa2765f3aadb98
f4ebe6f1f4eb7f80
3d8745934593439b
4a1ae13ee13eebe5
9718a61ea61e0003
81fcab9eab9e0000
c123d964d9645b11
f7d346d9f7d3ff33
15f1ce80ce80a4f1
82de237423748000
2f7a748b748b6488
0a5734b134b10025
d736d7f1d8266fab
788c845c788cbd71
9c6febdcebdc48cd
be04cc2acc2a4aaf
cce148e4cce0d648
f5c8e74df5c87f80
fb185273fb18ff80
42838e884283918b
5b3dbe6c5b3dda2e
dbc8045fdbc8a0ae
9ac09c6f9c840000
ad16861ead160000
145734d534d509b3
8a58ef02ef0239db
3aa84c7b4c7b47a5
6c3eb0b26c3edd84
b9ab5cb05cb0d6eb
7c18f2227c18ff80
595e8cae595ea697
afed9583afed05f3
f1ee8bf7f1ee3e66
57aff092f092ff80
6dd3ff4eff4eff80
ca0a45d6ca0ad067
8616cf65cf651606
b6b631ceb6b6a912
34f9d256d256c7d0
a8c810d1a8c88000
2e773f363f362e30
0ae2a0b8a0b88000
f7c1201af7c1d868
ed7383f7ed7331ea
3edce36fe36fe2cd
7c94ac207c94e939
999175bf75bfcfd8
2c48015a2c480000
d3170992d3179d2c
2fd156b156b14711
5842327958424b3d
6fe40fdb6fe44043
d7b2cda8d7b265ea
fff00ab17fc07fc0
147414f515380000
a51670b770b7d656
816aa4c6a4c60000
96d6d0afd0af2812
ee7158d7ee71ff80
6bbc2f2d6bbc5b7e
1e883b963b961a9f
2f9a772777276749
0f43400840080fcf
77e7f41e77e6ff80
f10df79df79d7f80
4892740974097d1c
7995c1807995fb95
227a584358433b3e
c5a236c3c5a2bcf7
4b83be954b83ca98
ef3154ebef31ff80
1281f27ef27ec580
4ca16a3a6a3a776a
f87ea4d5f87e5dd3
b3625ae05ae0cec6
7bd032ca7bd06f24
3b0c1ca43b0c1833
a18849824982ab8a
f76a5095f76aff80
1b433b143b1416e1
61896c5f6c5f7f80
0aff6557655730d6
6a39c2f46a39edb0
2c766e276e275b20
4c83d18dd18dde90
e21943c1e219e667
30a3b7e6b7e6a912
e384b75fe3845b66
8994eac2eac234e0
e79ee0dbe79e7f80
b2f94b154b15be91
6b013d3c6b0168bd
bf1dfdeffdef7d93
8fa88ce98fac0000
a391ccfaccfa310e
07dad22ed22e9a94
4dcd14924dcd22ea
46086ecd6ecd755a
c649291bc649aff3
4a3621084a362bc1
1409d236d236a6c3
5895ea85ea85ff80
be4e2597be4ea473
ee919930ee914847
a4d4e7cde7cd4d2a
10c9952595258000
8195036303508000
d97bb65fd97b505b
e6835a8de683ff80
92a427c927c98000
f9aa49bff9aaff80
5247690069007bc7
2d4f3811381125ea
07bdb615b6158007
25085d695d6942f8
9569a55da55d0000
6c7cf009f008ff80
489316cb48931fe9
0912f898f898c22d
53952bc053953fe0
6bfea57a6bfed1f8
04ed991c991c8000
6a820d6f6a823873
2bbcbce1bce1a925
5e4be204e203ff80
7062d3d47062ff80
c002a719c002279b
a795d511d5113d29
f8444ac4f844ff80
3d3ee149e149df15
493e4524493f4ef3
8aa17c587c58c788
5b2f18f65b2f34a8
837c5cbe5cbea0bb
60e4521c60e4738b
4896737473747c8f
5ed750495ed76fa9
1b404806480623c9
523dbea2523dd16f
7ff74a227fc07fc0
1643869416438000
57ebdab1daadf322
772df56d771eff80
139e970b970a8000
bf9558a858a8d8c4
832cacf5acf50000
ea68a7bdea6852ab
399449244924433e
c9b49f57c9b42997
5303ee23ee23ff80
bada68626862e3c0
a6541383a6548000
211e06ed211e0000
c014bad4c0143b75
18b2953018b18000
1d344c064c0629bc
ad13c200c2002f93
d39a26bdd39abae3
360d771077106d9f
15cc430343031951
58c1306558c149ad
bb4bd819d81953f3
972d7ab37ab3d272
77d2fdeafdeaff80
1ed5d265d265b1bf
ef2064e5ef20ff80
98625f2a5f2ab816
7977b2d17977ecca
91d07de87de8d03c
093ceeadeeadb87e
8c6c72717271bf5e
1b21632f632f3edc
16bb214f214f0000
76fa9ba476fad320
c8b2b4e7c8b23e21
c43074de74def999
434a89c0434a8d98
d690db5bdb5b7276
e824f6f7f6f77f80
939ec098c09814bc
3b5cf191f191ed79
b844460f460fbedb
a889369236929f9c
409b4a724a724b93
70a78fdb70a7c10f
6bf4db366bf4ff80
785ca364785cdc44
7cbc42d47cbc7f80
788710bf788749c9
bcbfecd6ecd66a20
28cbc17fc17faaca
53d5bf1153d5d371
941842dc42dc9783
4c46ab964c46b868
070e108b108b0000
a0babdbabdba1f07
05b994ad94ad8000
7d3608c47d36468b
b6659acdb66511b7
4f402fe44f403fab
51f7a82351f7ba9d
b44b1ae7b44b8fb7
996f320632068bfa
0c27114211420000
c817593e593ee1e0
e89acad2e89a73fd
79cda5fe79cde04b
9ebd57a257a2b6ef
af3fc9bcc9bc398c
66bc2ddc66bc5522
a299b1e5b1e51509
031d1e9d1e9d0000
28d512c828d50000
cf4bf949f9497f80
2e8a32d532d621e6
7ea4e8597ea4ff80
01ecdd40dd409fb1
c9add3a8d3a85de3
6025c16e6025e219
57ecce2b57ece69e
0a4b9c079c078000
ffe8a9a47fc07fc0
f2c3c02bf2c37382
c2ce73bb73bbf716
ceb19de9ceb12d21
2939e938e938d305
e6b93dc8e6b9e511
84676c506c50b13c
2de8f1adf1ade01d
aa5b799d799de486
a8a7836aa8a70000
5c2ce91de91dff80
658c693669377f80
53151a4453152de4
86f3cbdfcbdf1354
9f855eeb5eebbef4
eab962dceab9ff80
258f49a249a22fb5
5d07530f5d077097
f10f2f3ff10fe0d5
0200420042000480
cb792906cb79b502
0a822fd42fd40000
a802e0f0e0f04974
c0fb540a540ad587
5d797f9e7fc07fc0
52f3684568457bbb
161804b516180000
6ba29a576ba2c688
f6ad1044f6adc784
2fc0cb43cb43bb92
d02424f8d024b59f
9cfe06579cfe8000
e0c8f5a3f5a37f80
6608b0136608d69c
960cd796d7962e24
cc90d49dd49d61b1
09c5253125310000
78df9c9578dfd602
44c7babb44c7c011
2a48776577656233
f5dd3c6af5ddf2ca
9b924dd24dd2a9f0
ef82a25fef825262
627a3353627a564e
8f6adff9dff92fe4
4b7e61d561d56dd3
953d4a9e4a9ea069
d5ab8de4d5ab2418
b44145404540ba11
fd858191fd853f97
b08694a2b08605aa
712d327d712d642b
a966e450e4504e3b
5b2a27435b2a4301
7d6f837e7d6fc16d
787cab17787ce415
d0fd3a10d0fdcb8e
3b1101963b110001
b4380d51b4388216
d5a630d7d5a6c70b
319a14c2319a06e9
cdd49dfacdd42c4f
a5ac21e4a5ab8819
32049256320484dd
f980794af858ff80
5b5002205b501e02
ad178c35ad170000
de30abb6de304a7a
0f88b873b8738881
bb551cecbb5598c4
8e246f896f89be30
6e6fe2da6e6fff80
054444cf44cf0a9e
0537cf49cf499510
c15d99dac15d1bbc
64d741eb64d76745
7d4db4607d4df233
36e6afdb36e6a745
57475971597d713b
4eca46aa4eca5606
afb891edafb8022a
8210d1d6d1d61471
2060f554f554d63a
c8d837f5c8d8c14f
45ff2d5d45ff33dc
b84ae2e5e2e55bb5
d65ae1a3e1a3788b
b90b3052b90ba9e4
a9ec9346a9ec0003
e55de03ae55d7f80
cbc4c810cbc5545c
d061b581d0614663
3c47df3adf3adc11
1e82be9abe9a9d9c
e9ae6ad76aacff80
0599338d338d0000
2e9be75de75dd686
abf8f6e7f6e76360
9fad29ab29ab89e7
8d4bd2cdd2cd20a3
4ce8e54ee54ef2bb
dccecfc4dcce6d1e
6573ce5b6573f450
f55f1c0ef55fd1f7
e23dc52ce23d67fe
1e86f430f430d338
3a2799063a2793af
7fe894807fc07fc0
ec785ee7ec78ff80
3ec0e4a3e4a3e3f4
abb566656665d2a2
436c5c485c486038
1d4c43e143e121b3
90512c3b2c3b8001
f03620f6f036d1af
4b104a494b4255e2
6975145c69753e53
fb0e5b09fb0eff80
b2fe83d6b2fe0000
e024b747e02457ff
9769f227f2274a18
d53ecd89d53e634b
a80e51ed51edba83
77fbad7d77fbe5f8
a6e1afd5afd5173b
a6f8aa4daa4f11c7
e72abe2ee72a65e7
8f3b83d28f3b0000
39aa9a3239aa946c
e0d5ae79e0d54fcf
7d01a0f57d01de77
9a6ce648e6484138
9203f83df83d4ac1
5d1de45ae45aff80
49f2c42649f2ce9d
6500915d6500b6dd
ebdeebccec557f80
8122e8a8e8a82a55
fda590f3fda54f1d
14674c164c162107
626a02ea626a25d6
bedd2806bedda767
f67a1debf67ad4e5
47f91b4a47f923c4
97b5905197b50000
ff1edd44ff1e7f80
bec7eaaeeaae6a07
7b0bb04b7b0bebdc
8907276427648000
f8ffb897f8ff7216
35199cf835199294
c06015a7c0609692
7570384375706e37
35d867e667e65e42
6f82b5ec6f82e5f0
60b40c7260b42daa
9b751ddb1dd38000
f4caa7b7f4ca5d10
cc6b1968cc6ba655
916ed3c9d3c925bb
9bc2d805d805344a
4a4fe002e002ead2
951163016301b892
347b80c7347b8000
46bfd085d085d7c6
19e95a025a02346d
15a5502650262656
61a95d6961a97f80
ea0c968eea0c411b
9963c6a4c6a42091
c8c9e0f3e0f36a3f
9e16808d9e160000
4e1aa3474e1ab1ef
678e3da4678e65b6
97d3023d97d38000
db2407f3db24a39c
7c715fb57c717f80
a20a0199a20a8000
a3d791d9a3d70000
438e972e438e9b41
bd084eb54eb5cc40
e15c39dde15cdbbe
6da6789d789d7f80
c83cc73fc86c500c
e5a3bdb5e5a363e6
9713f15ff15f4900
7e6d3c057e6d7af6
6d5bcf006d5bfcdb
e2c3304ee2c3d39d
e6e65961e6e6ff80
438af0b5f0b5f4c3
70dbdc6970dbff80
9b87ffa47fc07fc0
3574eb4ceb4ce142
1d1cb730b73094d6
074ab1e9b1e98000
237945724572296b
f3b4a9f7f3b45e2e
4333ec85ec85f03a
db29cc75db296822
8fc363d963d9b425
e6ddecf2ecf27f80
3db4d0afd0afcef6
488e4210488e4b20
e528ea1fea1f7f80
136924b624b60000
adb265346534d37a
53d50d6653d521bf
9cb44c684c68a9a3
43473f8c4348435a
aafb70597059dbd5
d650475bd650de32
0432ac8bac8b8000
68ec891568ecb289
1d8a8d111d8a8000
fc692365fc69e050
19199f0f9f0f8000
da179ebeda173960
a913b1fab1fa1b90
e4c55af4e4c5ff80
f8370d2ef837c5f9
6818a9a76818d246
4a478c564a479726
8e1b45f745f79496
47ec192747ec219a
718ab954718aeb65
3e2ece3cce3ccd00
9e67e2e9e2e941d2
e6401938e640c00a
74fc9cb374fcd230
1662f47cf47ccb5e
b6653e2b3e2bb519
d26d1ba8d26dae9c
701f5e39701f7f80
695dd346695dfd2b
ebf1c0ecebf16d5e
f8b20c1cf8b2c559
a54bf9d7f9d75faa
134eaf57af57832d
e8b182a5e8b12be4
774049ce77407f80
0532ec95ec95b24f
be6d71287128f01c
0f9b8db30f908000
db4277117711ff80
dd90dd24dde27b38
855b45f745f78bd3
d85cc08bd85c596f
523b5eee5eee71ae
059e6e786e783499
fe6b68fbfe6bff80
6d77494e6d777747
55f7763a763a7f80
d4726c736c73ff80
a66b275a271f8e48
abc3a5a2abc311f7
0390dccddccda0e7
0747521d521d19f4
3283bc5ebc5eaf63
7520bbd47520f184
9fbaefeeefee502d
62a0cd7062a0f096
9cddf6edf6ed544d
a024332b332b93db
0636084c08570000
0be709690bee0000
7629a78a7629de36
d02f2dfdd02fbead
700de627700dff80
6f511c156f514bf3
a20bae1fae1f10ad
36e00f6a36e006cd
48c40ced48c41635
06b1e4b6e4b6abfc
3dfea74e3dfea5cc
f7a94baef7a9ff80
a102371f371f98a1
552892a45528a857
ae270c63ae278000
d5c7395ad5c7cfa9
44853b3144854038
f4838ff5f48344fb
beb11124beb19063
572abdc4572ad582
4bc511974bc51de8
ce6d0e6bce6d9d5a
d2da5e495e49f1ab
376dead0ead0e2c1
2fa916a82fa906de
89ac6d956d95b7c8
a1f41822a1f48000
dec66dbc6dbcff80
fbe70f91fbe7cc03
3ac2d41bd41bcf6b
d96e3ea4d96ed898
6ccbdb4a6ccbff80
fca2f161fca27f80
629e6b7c6b7c7f80
1b6079487948552f
6ba758256ba77f80
f51a64a3f51aff80
58d6e419e419fd80
3f51506050605037
847ec20ec20e070d
dc47f5edf5ed7f80
c56ede7ede7e646c
b82030bbb820a96a
b7073232b707a9bc
63076cbd6cbd7f80
3dd251dc51dc5034
74f63e6274f673d9
ab42c1eec1ee2db4
40aed2c5d2c5d406
6f75da366f75ff80
0a6a398739870477
5916907b5916aa13
5af84eba5af86a34
122a694a694a3c06
b6a41150b6a48885
1b429a411b128000
c318a1acc318254c
cdc0f1e6f1e67f80
3aa52dc63aa528ff
2ffd5ec05ec04f3e
2562cbc4cbc4b1ad
9cd2b5ccb5cc1327
a1fab9a9b9a91c25
6170084c61702a3f
793e0407793e3dc8
9e255f125f12bdbc
e2b2e242e30a7f80
5f3ddb6c5f3cfb2e
e50dd684e50d7c11
8137be7abe7a0059
c142bd3fc1433f11
0111dbd5dbd59d71
2dde2c082def1a6c
72f8688872f87f80
559d6a336a337f80
7e96ab1d7e96ea38
3d0708d63d070662
9fe709cd9fe78000
8ab3111e111e8000
2bff36dd36dd235c
14b5b3b2b3b288fc
d55e8d1fd55e230a
c354db02db025ed7
736f3a56736f6e48
124ede1dde1db0fd
79226abe79227f80
601932016019529a
cd7fa3f0cd7f31ef
339f283f339f1c6d
351f2935351f1ee1
385b3ade3ae533be
b458fd82fd82725b
8664bb27bb270215
22f7a415a3ec8790
c5793593c579bb8f
b4d041544154b6ac
ef826b16ef82ff80
b44612f3b44687bc
667463bd667a7f80
14e278d478d44e3b
e25b9772e25b3a4f
5a972c0b5a974724
4f5657f757f767ce
2c8f593159314646
4e8fca8b4e8ed99b
d13cad6dd13c3f2e
a0290050a0298000
d55836aad558cc8f
31da7770777069cc
cda01cbfcda0aaef
cc708716cc70140d
4ba8bcb84ba8c8f2
1eb6993c1eb68000
b211035ab2118000
4ecccbcb4ec9db22
0068c903c90389d5
e7189704e7183e9d
cd24a7aecd24355f
19cadeeedeeeb93c
99cc4b1b4b1ba577
b92e8d0db92e06c0
121fa9bea9be8000
240fe782e782cc11
96d74251425199b0
95755d5b5d5bb352
5c18add85c18ca80
2824f673f673df1c
e776cbf2e77673e9
2b503c063c0627da
893fa401a4010000
e0acb997e0ac5acb
cb68c526cb685116
0de8479a479a160c
28a0405440542984
30694ac14ac13bb0
003bac48ac488000
9149a3bba3bb0000
d35b2236d35bb61c
6e26dc316e26ff80
b3210632b3218000
b729ff59ff59770f
674e72dc72dc7f80
054fde33de33a411
ac19e395e3955032
042be37fe37fa82a
26f3bfdcbfdca751
fe8c0b5dfe8cca72
96b1d13ed13e2883
9b517f037f03dad6
e8d9a2eee8d94c4a
1d7a164a1d7a0000
6988246769884e75
773fcf06773fff80
70ac611b70ac7f80
e3bd9a6ae3bd3ead
d90899b7d9083342
4d0a08c64d0a1655
9f92382838289840
74637ed77ed77f80
3423c0a4c0a4b551
4d226637663773e8
b6edb147b6ed28b8
11906f896f89419a
728e04e5728e37fe
33d78b6c33d78032
84960723071e8000
10d337a137a10905
3a01dbc9dbc9d64b
eadfdb86eadf7f80
e13ec63fe13e680e
dd4c9069dd4c2e3a
e855df99e8557f80
a4e6e20de20d477d
6f515b146f517f80
4d4e840e4d4e91e5
fbaef4c8fbae7f80
b450c267c267373c
5da5e24fe24fff80
16bb234a234a0000
f0077b327b32ff80
59012040590139c2
7745ccab7745ff80
739bad03739be11f
6adab4b56adae01a
94b3e253e2533794
b42d4b654b65c01b
0e9d1b8b1b8b0000
c97f5ecc5ecce8cb
cd91627c627cf08f
f131719270e6ff80
8bb1121d121d8000
361c1fc0361c166a
5c4cb8725c4cd541
8f94be5cbe5c0e7e
738996557389ca64
176d0c70176d0000
9231be18be1810d2
bfd065b065b0e60f
f1483ea5f148f081
91f2647b647bb6ed
3a77f15bf15bec53
ec774847ec77f540
5b3e97615b3eb327
213c581b581b39e4
0860b331b3318000
063196f896f88000
b63dc77dc77d3e3b
7668d9987668ff80
0b7a03040b7a0000
d8ea30b6d8eaca26
623506726235292b
e69f355ae69fdc87
0a8c06cf0a8d0000
739810d873984500
320aa857320a9ae8
d589d32fd58e693b
8a128b498b6e0000
d38f3960d38fcd7a
2b533b843b84275a
7a8f4eff7a8f7f80
3700e3f6e3f6db76
0b78a65ba65b8000
0172e65be65ba84f
9722ebadebad435b
55aab70455aacd2f
4450469f46a64b81
4a58773e773e7f80
14381e3e1e3e0000
8e7a504950499f44
8545559555959b65
747e0ad3747e3fd1
675ced2ced2cff80
6e6ce6ad6e6cff80
085d289028900000
3b62e81fe81fe40c
5e9913b15e9932d4
37c2fda6fda6f5fc
2977510051003af7
d45e4b3dd45ee024
421d72e372e3758b
f2516b4ff251ff80
561024e856103b82
fb7bb649fb7b7245
a9262813a90191bf
10edbc0fbc0f8d84
c48110e2c48195e4
1b9b183c1b9c0000
23c20de523c20000
e9fad494e9fa7f11
b09aada3b09d1ec4
d1124eddd10be07c
e4b96d246d24ff80
72716ccd72717f80
14bb66d666d63c1c
e41ca7e2e41c4c8a
1077a6baa6ba8000
229aee5bee5bd184
34c56d906d9062de
e3067be27be2ff80
8c31ee13ee133acb
25d32e812e8114d5
9c0b48e648e6a57a
831b5ffe5ffea39a
9eb3da9fda9f39de
5c39806a5c399d19
7e43fe6efd2cff80
934b1a2f1a2f8000
474179ea79ea7f80
7260f50af506ff80
756b8286756bb876
4af95aa05aa0661c
3c90944f3c909169
1959be61be61983f
a17fc7a1c7a129a0
d5e4b663d5e44cca
83c3ce83ce8312c8
f5d7cd18f5d77f80
d611c2fdd611598f
1d18c222c2229fc0
3e9717953e9716b0
fc67f30bfc677f80
788c2701788c600d
6b5aa7316b5ad317
891841ca41ca8b70
a3f016a9a3f08000
db548c55db542830
e7bdca78e7bd72b7
9e625c7e5c7ebb60
775d15b8775d4d9f
81de75637563b7c5
e6769822e6763f1c
72772b1c72775e17
313dcfa4cfa4c172
d74365d165d1fd9f
82d2126212628000
58c5c5b458c5df0b
d9713415d971ce0c
a3c0ae50ae50129c
d99c3fb7d99cd9df
4c19fec0fec0ff80
dc5f4ee9dc5febcb
d691db73db73728a
57c9274a57c93f9f
ec500bd4ec50b8ac
0fc02f6b2f6b002c
112fcbc8cbc89d89
2074010620740000
732f03f3732f37a6
4bdb37fa4bdb4456
8428eb12eb122fc0
e93599e9e93543a5
88a174397439bd69
648ed114648ef624
4804118348041a07
d6f3b2aed6f34a25
4bc3a6214bc3b275
8578cbc8cbc811c2
84f94a4b4a4b8fc5
9b08dc8bdc8b3814
5142dc19dc19ede8
6f96c0736f96f08e
1ccfe4c1e4c1c21c
f6afc226f6af7963
4f35f7fef7feff80
bef6a561bef624d8
dfcd4559dfcde5ae
e7b9ca28e7b97273
717ed4e7717eff80
f41d58a4f41dff80
d5e8bbdad5e85246
2909f25af25adbe9
142439e739e70e94
67e46abe6ac27f80
54af63e963e9791f
59a8713a713a7f80
4e5d36214e5d450b
72b022d472b05612
f59ae1aff59a7f80
573474c174c17f80
fea0b7aafea076d4
1f20eba5eba5cb4e
3e17342d3e1732cc
17ffdb43db43b3c2
3ca831103ca82e3d
2c5912bd2c590028
bfaa203dbfaaa07b
f95d47f1f95dff80
20da3e453e451fa8
1a4ea117a1178000
fccda63efccd6398
e31d79827982ff80
6c82737a737a7f80
7312718173227f80
9b27f91ef91e54ce
7b4ff63b7b4fff80
9b8900989b898000
aace632f632fce8d
649ea00b649ec52c
a3db7bb17bb1e017
88c018f118f18000
102d194e194e0000
81b5853e853f0000
e831ed59ed597f80
5be496df5be4b347
9ab01f281f288000
1d6a48e148e126ce
fb004953fb00ff80
6572fefcfefcff80
f48980d2f48935e1
02179a559a558000
c6b3e717e7176e53
5d71dbb35d5bf9a9
ee8e58f3ee8eff80
a1589ea1a15d0088
9015298f298f8000
41636bd76bd76dbf
3c5ede7ade7adb59
2d398aed2d398000
8404cb9acb9a101f
4f4f705270527f80
666b7a6d7a6d7f80
19897ae67ae654f6
be771c9cbe779b97
18e48ac418e48000
ad1dae33ae5a1bdc
577851bb577869b5
77e1507c77e17f80
dfdb092adfdba991
153aa410a4108000
2e22c59fc59fb449
ca0886deca08116c
2b04f609f609e18d
26be959626be8001
c3f9b0e8c3f93562
1555376237620d3c
e4cdd34fe4cd78a6
e2088631e20828bc
67196e0f6e0f7f80
200eb944b94499d9
d5006bac6bacff80
4c0150bb50bb5d3c
5ca7f318f318ff80
b24e9c03b24e0ed3
a9835fc55fc5c9ca
de4baa32de4b490d
07dc0edd0edd0000
3fd7dad2dad2db30
1c1473967396502d
4c8a03ab4c8a10b8
362c943d362c8afe
53f2f9ccf9ccff80
d991809ad9911aae
1fbb40154015205a
8b94afc2afc20000
91dccf31cf312198
0a06c323c3238dab
68c0286868c051ae
8dfd825f8dfd0000
80d5f5aaf5aa370d
8a2d106110618000
e1a0e162e2087f80
8081b2aab2aa0000
ddd52001ddd5be57
0f0da1e4a1e48000
b62a9acdb62a1188
7f15a9f17f15e98c
a169e035e0354225
43bc273943bc2b88
c3203096c320b43c
2414d474d474b90d
73e27fa97fc07fc0
a11561196119c2b2
1e029ea99e508001
f056fb56fb567f80
58e36c246c247f80
ff5b57ceff5bff80
78b4dfce78b4ff80
e2415447e241f716
6e3e4bab6e3e7a7e
6c063e936c066b1a
b92453dc53dccd8d
70b5795179517f80
c1d277927792f9f0
f4073fd0f407f45b
7de0375a7de075bf
06caefceefceb723
61b8112961b83373
e69f4093e69fe7b7
17158eeb17158000
bf1604afbf16844d
cd5ba44ccd5b322f
17c9096617c90000
424f91bb424f9497
9f088f779f080000
1d196306630640a0
26ce412041202881
b01f68336833d8de
7f9ef3777fc07fc0
1ee74964496428ce
0603689668962f1a
8c6828f528f58000
959f1204959e8000
37d0421942193a79
05f194b394b38000
001875f175f135b5
c10f3528c10fb6bc
bc53b22cbc532f0e
7e94c9d87e94ff80
6616139f66163a3a
492648fc499252a3
1497db6cdb6cb08b
4042e79ee79ee86f
b0f38d8cb0f30011
5309ad055309c08e
413c171e413c18e8
87e13a823a8282e5
378f071d378f0016
cdf6e4e1e4e17358
e30d07d2e30dab67
3686a67f36869d85
caf40b70caf496e5
5b17f429f429ff80
f3fe57bbf3feff80
08a2da01da01a323
868ddbc5dbc522d9
e8a0ef1bef1b7f80
6d67275b6d675546
8ffaa992a9920000
eac3fef9fef97f80
23de1a4823de000b
62bcf102f102ff80
abb9088dabb98000
73f8ee2d73f8ff80
58f956fd59047076
0530c8ccc8cc8e8c
2b9d38db38db2506
e78e81eee78e2a04
da67ae56da674941
3ce081fa3ce0801b
a9ccfcb7fcb76712
a1885b145b14bd1d
cc12af71cc123c09
1aabff34ff34da70
a899b01ab01a1938
7e99f6b87e99ff80
d3c7872bd3c71b85
f2c372fe71ecff80
672c3e17672c65cb
cb84263ecb84b244
4d68765176517f80
dd388f9edd382d63
2011c782c782a813
a3386db36db3d181
4e8045684e805468
9c1ea070a0710001
8378052b051c8000
59cfc6b159cfe10f
af9eecf3ecf35d16
be772ef1be77ade9
e0812298e081c399
48c88c9c48c895f4
1ec2e86de86dc7b4
c295946dc295178a
208dbdb8bdb89ecb
030a519d519d1529
b2f780ceb2f70000
ba7a54c854c8cfc3
789e00b4789e39de
1b355fde5fde3b9d
2685ac1bac1b9321
f5cc1f8ff5ccd5e4
5839a7235839bfec
807f199c199c8000
71a3068a71a338b0
95ccba36ba361091
fecfebddfecf7f80
21fe004e21fe0000
62a33bb962a35eec
1638d20dd20da8cb
e08f43e9e08fe502
1c1c37c737c71473
ef8d64feef8dff80
39925a4b5a4b5468
de45b7d7de4556a5
c3bfe045e0456493
9ee116e49ee18000
2a8a904e2a8a8000
f3ae595cf3aeff80
47b21f4747b2278a
e2dd63e463adff80
867c7f5d7f5dc65a
fd3ce355fd3c7f80
c5a4a5e1c5a42c10
edf9dfbbedf97f80
e6d82fefe6d8d74a
1abefe78fe78d9b8
97365e8a5e8ab644
013d2f2c2f2c0000
700b3768700b67fc
57d9c4ee57d9dd4a
da312831da31c2f5
fecc3734feccf68f
be127f0e7f0efda2
e8d91788e8d9c0e7
6d28b0f86d28dea3
e63b5dc1e63bff80
1dcca93ea93e8797
bcce35f8bcceb348
84dda9fda9fd0000
fe0e7215fe0eff80
841fb23fb23f0000
c5e7b6e1c5e73d4b
de3e110fde3eafd4
3be048f148f14553
5edb52085edb7169
dafa3302daface7e
249b5dc45dc442ed
a538467a467aac34
736ff3667110ff80
c816a3f8c8162c91
50198147501991ee
642ea2ff642ec7ad
8718f4e2f4e23c86
98360e5e98368000
aa84830aaa840000
78ac253478ac5e72
3ff00f153ff00f8c
3f4eb7f43f4eb7c4
24658f9d24658000
66eb980966ebbf7c
5d50f068f068ff80
1c9174507450516c
ec76aaa9ec7657a2
8aaa97bd97bd0000
b3872745b3879b50
d4a387eed4a31d18
10453c073c070cd0
19c6c179c1799bc1
2bd1521452143e72
62612d2462615010
230905b323090000
9b8333b733b78fbb
de8b4b17de8bea24
9fc167be67bec80f
724fe6b2724fff80
44b389af44b38ef5
5c30f329f329ff80
3a3e3b883ba0364a
950c6d9b6d9bc32a
48769d2f4876a628
31138f43311380e0
f2e253f3f2e2ff80
b49fc114c1143638
a365ee5aee5a5243
b627ef2eef2e65e3
b416d948d9484dea
52d0d05752c9e3af
e7284ff1e728f79e
6992266e69925088
9958a809a80901e7
930bc4cdc4cd185f
3039b34db34aa414
d8f21f07d8f2b87f
474747f5482c4fbe
b389401e401eb429
70a664af70a67f80
89a294d994d90000
6941555069417f1d
e78d5f33e78dff80
f76afcddfcdd7f80
b4d367e167e1dd39
21f8904a21f88000
2e657a8d7a8d697c
d9154aacd915e448
c02ea610c02e26c4
eb907b4d7b4dff80
2170caa4caa4ac9a
e39215b4e392b9cd
c41d40e6c41bc58d
30163123314821bf
4be1de2fde2fea9a
1d6f598c598c3783
a813858aa8130000
a7d65a615a61c2bc
724f699c724f7f80
a3c8d8fdd8fd3d46
9ce10a599ce18000
9c25f8e0f8e05590
0926dd8ddd8da737
ede1eae0ede47f80
f8610106f861b9ec
b7e9e1fbe1fb5a64
4110486448644a00
29afc47dc47daead
455d67df67df6dc1
267faf17af179616
0cd6340c340c016a
5936f6ddf6ddff80
9f1b63956395c334
a9b7a2ada9b70cf7
674fb290674fda69
bc57d945d9455625
8d16933493340000
5dc943955dc961ea
c3daaa98c3da2f01
c7c7590d590de15b
dbfa4e30dbfaeaac
f0bfa3aff0bf5503
43070b4b43070ed6
67cc618767cc7f80
f700c381f7007b01
b5b4df20df205561
ec9baca3ec9b59c5
404e0b3a404e0c16
b761daa4daa45290
877d658d658dad8b
ddd8b268ddd850c4
5ce0168d5ce033f7
fafab40efafa6f8b
c5383e85c538c43f
c42214b6c4229966
ee77e8fbee777f80
99d725082508801d
e7a865c2e79cff80
0ba8421242120e40
ff185feaff18ff80
c5c1bb60c5c141a9
57d3e7e7e7e7ff80
1bc0ee07ee07ca4a
ef323f46ef32ef0a
97cf6c296c29c489
be3259145914d7ce
efc87a727a72ff80
464abf17464ac5ee
8426cdf6cdf612a0
88494d344d34960d
26d0e0d7e0d7c82f
4b47453d4b475113
cae47eb77eb7ff80
d143a642d1433814
c0c363af63afe505
bf38c227c22a41f0
308d433443343446
4f447c637c637f80
2ae85b9b5b9b470c
53e05b2a5b2a6f95
b2861b39b2868e42
c2b98249c2b90591
36d0ba03ba01b155
c01593afc015144c
fe1dfc1cfe277f80
06e7cef0cef09659
40df3fc34108412a
5a0048625a0062e2
ae92e684e6845597
a70c8d98a70c0000
4024648a648a6531
28e89efe28e88866
d2b628c3d2b6bc0b
dab571587158ff80
3542a7dd35429da7
3064e0f4e0f4d1d9
02264e754e75111f
901301ab90138000
3be28e2e3be28a9a
be1f14edbe1f9393
7424abb27424e064
c3962c7bc396b093
7775bb257775f31e
5ad1022c5ad11d8c
8d98ec4eec4e3a75
36bfda6ada6ad1af
36aa5bd05bd0530a
df1f0507df1fa4a8
ca41d998d9986465
c35f55555555d93a
d6e32519d6e3bc88
e2d15aece2d1fe41
527edf5fdf5ff25d
aefd42e642e6b263
2867d7ead7eac0d3
0a2fc377c3778e29
64ebe0de64eaff80
245638e338e31dbe
3ce4dc8fdc8fd9ff
731ad590731aff80
97ae9f319f310000
fabc6d68fabcff80
9d8d223022308061
b710f353f3536aed
f4c89077f4c845c1
a8073e0e3e0ea696
7aaf6c807aaf7f80
a280302c302c932c
8f225ebb5ebbae6d
f4c6f4b4f53d7f80
eef8da94eef87f80
0112cac6cac68c62
e74b6a7c6a79ff80
e8b35b7fe8b3ff80
ae12978cae120620
d257ef08ef087f80
6e84aaf46e84d9fc
7a7276837a737f80
20c2ddf6ddf6bf3a
4434aec54434b38b
c2ce1cf9c2cea048
cab3d6edd6ed6226
c1eb68a668a6eb18
f7e5b5f2f7e56e58
5f62abc15f62cbaa
47643efa476446df
7775f4457772ff80
669543c266956ae2
646847a864686c98
eff801b3eff8b22d
93c3c971c9711db8
46a0d395d395daba
c8708450c8700d43
5654a28b5654b966
15d9c56ec56e9bca
820ef035f03532c9
020eb9a4b9a48000
084441fa41fa0abf
f2564a3cf256fd1d
11689a6f9a6f8000
dce11c05dce1b96a
365ec5aec5aebc97
2c3479d679d66696
c14fe32ce32c650b
16296b326b3241eb
61fc370d61fc598b
a4a9b821b8211d55
d5494596d549db6c
8cc6db0edb0e285c
59b4ad0c59b4c745
d8b719aad8b7b2f3
346775f675f66ade
619722f661974511
efe27d347d34ff80
9d7b67a167a1c59e
96fc4b3b4b3ba2b8
5ca492b55ca4afe8
6de325226de35390
7f0788f37f07c880
ab0b6f926f92db1f
8bd2145914598000
bf43105bbf439027
be3e5b255b25d9f5
c8121964c812a202
4a8022c94a802dc9
3b44fac2fac2f695
8ccff126f1263e86
419e9703419e9922
b0cd33b533b2a511
1a07d88cd88cb314
46a61b3d46a62275
55854c985585629e
583b80d5583b999c
560f7bfd7bfd7f80
b4d43a1b3a1baf80
fb79d455fb797f80
9345953f954b0000
b4d8620f620fd771
8ddce218e2183083
279e3a323a32225c
787f74c378807f80
e2191a6de219bd0e
db6114c1db61b0aa
5abea5795abec0b9
0221c0edc0ed8395
e5da5b2ee5daff80
fd1d599dfd1dff80
2bf8ee6fee6fdae8
ca82773a773aff80
574031bd5740498e
6e08fdadfdadff80
c08e1421c08e9533
4200731273127592
7544ebd77544ff80
552f8119552f96d1
954c4f3d4f3da517
2e1b28782e1b1716
1e7b54105410330d
10b160e560e5321e
f42b3807f42becb4
01234c944c940e3c
c8abab10c8ab3440
0631217e217e0000
1bf57f037f035b7b
8c2a05198c2a8000
0960a542a5428000
f7ad30fef7ade92c
004830db30db0000
93a7f072f072449e
f5b4ad7ef5b463b3
d7c98bcbd7c9241f
2c7c03502c7c0000
9a417cc67cc6d795
d57ebc4fd57e524d
d0ea0a6ed0ea9bda
a7cf60536053c8ab
15fcdfe9dfe9b665
8bd2eb2aeb2a378b
a80d4bdf4bdfb476
40f90e3740f90fb2
31be0fd031be021a
821af736f73639db
77090c44770943d2
111dbbb0bbb08d58
50d3803450d3912b
d6b1d6ddd7476e19
fbd63abafbd6f71b
67b403f067b42c29
49ae033e49ae0d81
638984cd6389a8db
143c35d835d80a9f
f69f53e0f69fff80
28e6a52628e58e95
9761d97ed97e315f
d7fa3abdd7fad339
3d9b997c3d9b9799
0357bbc4bbc48029
613f5422613f75f2
7f7709b57f7749af
b81b85e1b81b0009
da99caffda996618
300b206e300b1101
83a3e188e18825ad
550895715508ab00
fb557cca7cafff80
b8de56635663cfc5
e84757bfe847ff80
04f5dfa9dfa9a522
f467c336f4677824
383b6e516e516719
b0a5d632d6324765
93f62ffc2ffc8472
a838ca92ca923352
ac5ccb3dcb3d3822
5b29bd885b29d934
ef906aceef90ff80
28faae00ae00977a
3d8a8e343d8a8c42
8b20ac4fac4f0000
186ddbcbdbcbb4bc
bc2f73f973f9f0aa
cd5c40b6cd5cce9c
cc297c7f7c7fff80
d09877cb77cbff80
05dfdbe8dbe8a24a
fcb442cdfcb4ff80
91d033e933e9863d
e51e9cf7e51e4298
26aac5e7c5e7ad19
25ecbabebabea12f
a3ceb1f6b1f61646
e65f159ee65fbc8a
d1b03fb5d1b0d1f9
bc095daf5dafda3b
a45a3b063b069fe4
54e4221c54e4378b
e779a05ce7794856
1141a2dea2de8000
e0068124e00621ac
7e999fb07e99ded2
91aebf33bf331173
0c404bd84bd818a2
c8e374de74defe45
5bbeb7435bbed391
b6bfb7d8b8042f21
b5701b20b5709116
da887edf7edfff80
ae7f35783578a477
10631231123f0000
44aba84344abad82
1d2ea6aca6ac846a
2af54aeb4aeb3661
0d394ab94ab91886
f6ce86d4f6ce3e2b
0b54019a0b540000
7fe163f17fc07fc0
c3f9366ec3f9bae7
ba31b6d3ba333192
1fb251d951d93217
6682fd20fd20ff80
5b9ceafceafcff80
067a1fb01fb00000
a2a48541a2a40000
cdb38a1ccdb3185a
1bb5dcb5dcb5b900
e00b8d9ce00b2e29
67bdcae567bdf329
5227345c52274710
d4392ee4d439c3a5
1eb871b271b25100
b1c7afeeb1d62239
1be34e9b4e9b2b09
5acb6b406b407f80
44ec852c44ec8a9f
069437c537c5000e
d6fec9b6d6fe6135
44e5422244ea4791
663ffeaafeaaff80
f9eb5a00f9ebff80
86ce75db75dbbd30
2ee31e512ee30db9
221d339733971639
cd4479bd79bdff80
981b2c472c4784f1
0315fe35fe35c1d3
14beaf5caf5c84a3
d222f0c7f0c77f80
749274df75387f80
4b678ce04b6798ca
48b36ea76ea777ea
91e3338c338c85f8
5fb738b45fb75901
c85a38ddc85ac1bc
0b36296329630000
f8a9d71af8a97f80
d80477357735ff80
e01965a765a7ff80
6dcb4bdd6dcb7a2f
c244cd50cd50501f
e857701b701bff80
2d9add42dd42cb69
8c21679a679ab442
46adc2b446acc9f3
6d2f9a906d2fc845
e2579853e2573b31
6492dc4f6492ff80
eeca4326eecaf283
782770a178277f80
6c9636d56c9663fa
e6adf29bf29b7f80
82c30b750b758000
0deed4a6d4a6a31a
cdc29ac7cdc22917
1004357935790600
f95f7fea7fc07fc0
cf607b967b96ff80
fd4c84e3fd4c42b5
48f0012748f00a9d
8db5a2bda2bd0000
7c3ae1337c3aff80
7159307a71596254
eacd73d373d3ff80
fdd05034fdd0ff80
c1acde53de53608e
208ec482c482a590
ce512c94ce51bb72
86c4a03ca03c0000
3f3d912a3f3d90fb
3035cb04cb04bbbb
4b6784e94b6790d2
fb51a865fb51643b
5f3b974f5f3bb717
d4cdcebdd4cd6417
69c2a8ea69c2d331
26a8898026a88000
4007cb7dcb7dcc05
9ab2b0dab0da0c18
9adcd3b4d3b42f1b
2b2ceeeceeecda9f
346dfeeafeeaf3d9
356f5f325f325526
802a315631568000
47b0355a47b03d96
f8099d9df8095628
ae930503ae938000
9fdcca20ca202a8a
5bfe03945bfe2013
f877cfc5f8777f80
5aea1c9b5aea380e
a5bda1b2a5be0803
feeaf1fffeea7f80
b837588c588cd148
390c3fef3fef3983
a32a595a595abd11
b36519abb3658d99
6fbf59a36fbf7f80
24fdbd4dbd4da2cb
1333053e13330000
002ff77bf77bb7b8
4224291042242bb8
b313e2fae2fa5690
337a893c337a8001
8ddec36fc36f11cf
ca9ab5e6ca9a410a
5b998f3a5b99ab5e
b6cd7f547f54f6aa
c64e4215c64dc8f0
1a35cf98cf98aa57
799b1dfb799b5818
bad16c4c6c4ce7a7
597061c361c37bb7
20ed68076807497a
bdf54d1c4d1ccb95
066776f476f43ddc
5d35eb54eb54ff80
3aadbf07bf07ba36
fb6a3762fb6af34f
5ffb1aaf5ffb3b2c
67902c0167905411
9f8ac595c59525a1
5e833b515e835a56
ac5de77ce77c545a
18397e9f7e9f5766
280c3025302518b4
0d19493e493e16e3
67794b0867797304
653e1f58653e4520
d25441ced254d4ab
d467bba0d4675090
3a32a2223a329ce1
1498ae60ae608385
c423a526c42329d3
8cf999d399d30000
ebd776e176e1ff80
0e79b884b8848780
f6ad07aaf6adbee6
d07efda8fda87f80
b7ac1510b7ac8d42
64efeac1eac1ff80
01274d854d850f2e
2f3c6c046c045bc2
828d181618168000
d242e9fbe9fb7cbe
005988ff88ff8000
c5551b57c555a133
14943cf33cf3120c
14d344e144e11a39
c8bcb6d5c8bc401c
5928feebfeebff80
16b9de30de30b57e
f71f016df71fb913
526decceecceff80
7e6a5f7a7e6a7f80
6361a1d46361c5ba
9bd7ea2dea2d4691
2e681abf2e6809ad
845d63ab63aba894
59ca436d59ca5dbb
0df9f314f314c190
821116f416f48000
3d60ba4b3d5db832
edbbca6bedbb78ac
ae999428ae990349
479435e947943e07
b9f47ea87ea8f920
816b53a253a29595
ee6444ecee64f3d2
308f44ed44ed3604
e209c86ce2096afd
ec915e32ec91ff80
1853064b18530000
b1b153045304c537
3cb1d79ad79ad4d5
74aa7668767d7f80
4037671f671f67e3
b0ddba4bba4b2baf
69c5b15469c5dba3
88af5a3f5a3fa383
65667c6b7c6b7f80
45f4a7f545f4ae6a
28dce631e631cf98
b9f6235db9f69dd4
91ae8a9491ae0000
241929d429d40e7d
579d4de4579d660c
4c8db2f14c8dc005
c8851a26c885a32c
a44f6ad96ad9cfaf
8e6143474347922f
0f37dfebdfebafa8
69e4083669e432a2
5014c6555014d6f6
69caeb31eb18ff80
d05f2d91d05fbe7d
6ad8798879887f80
efbefae0fae07f80
f6b1a003f6b15735
0bd26a576a5736b0
6efb653c6efb7f80
80471bd41bd48000
93ef5c7a5c7ab0e9
43ba6a966a966eda
0bc869216921357c
f2faf2bef35c7f80
bc4c38e5bc4ab5b6
da6acc10da6a6704
c9096b946b94f51e
b1c921e3b1c99432
04a9350f350f0000
a493536f536fb889
23c61fb723c7040e
047598c898c88000
ed6bdeaaed6b7f80
05b69dbe9dbe8000
052d87f887f38000
56933f305693564a
67986ac26ac47f80
bb47ecd2ecd268a3
fdd9429ffdd9ff80
bf2b7efc7efcfea8
649a9658649abb82
f79a1f38f79ad75d
a9e185afa9e10000
9d4aa721a72104fe
ff8d070f7fc07fc0
28800d3d28800000
30dcf0b3f0b3e21a
987c57fc57fcb0f8
a0872d832d838e8a
0f0ecc94cc949c24
88fda7a0a7a00000
bcc439c8bcc1b719
78953fb6789578d4
f1b5b870f1b56aaa
bfa5813cbfa50172
bdf64ea04ea0cd1a
bcf71eeebcf79c66
0b4167d867d833a3
be25d98bd98b5833
3adc02bd3adc0005
9c0234e234e29166
07123b5d3b5d02fc
a96512b1a9658001
d426714a714aff80
a6ae1c49a6ae8389
95d5ab79ab7901cf
6004d1c16004f247
87438f3d8f3d0000
f97ec37af97e7d78
e5efa367e5ef49d8
f7f3141ff7f3cc97
ef39ca38ef397a05
bedc89f8bedc0955
4121295141212b03
a12805a2a1288000
65b0565a65b07c96
876941ed41ed89d8
6476eefeeefeff80
577a3391577a4b8e
9913e299e2993c30
7c41d6f67c41ff80
b2281247b2288503
b136874fb1360000
e52947c7e529ed83
f78df17cf78d7f80
06f7ec81ec81b3f9
5bded1ab5bdeee14
4d8792ce4d87a0d9
b7fe0a82b7fe8301
b6dc50d450d4c836
ebba6c126b54ff80
d0d17dab7dabff80
a722cd86cd86352a
a99a1ab6a99a84db
eaaf17baeaafc2fe
2ae1fed1fed1ea38
1aa3d020d020ab4c
bda3ce1fce1f4c4a
1a389b7a9b4c8000
a6b9914da6b90000
92b306be92b38000
f5347aea7aeaff80
7a37042b7a373ef4
fe589ec4fe585da5
5d7d9e6b5d7dbc68
bff21fe7bff2a05a
6b22d2386b22fde9
9584ba4dba4d1053
577525d057753dc7
854297de97de0000
630f4078630f640b
f1ad6d55f1adff80
1319589158912c2d
22c045a645a628f9
3e277c477c477b02
f89a2e50f89ae77a
f79e8581f79e3d9f
a1a8b392b39215c0
ffb002827fc07fc0
fbb61a71fbb6d6ab
f34264a7f342ff80
594fb9c6594fd3a0
aea5f5b9f5b964ee
39c16d696d6967b0
c7161ba9c716a346
cc71c719cc715410
a64e8618a64e0000
007ed4edd4ed95e9
878a39ab39ab81b8
35d809db35d8005c
6fc52c716fc55cb9
acc54d294d29ba82
8aa847544754928b
a90c3a633a63a3f8
34abef2fef2fe46a
0e12829b0e128000
5a9042735a905d89
c2fad77cd77c5af6
d1cc7e057e05ff80
1611c96bc96ba005
4c2be336e336eff3
3697f637f637ed58
f9aaf98cfa1b7f80
7fe346fc7fc07fc0
2efc7e547e546dd1
1b36b40fb40f8fcb
ab1fdfbadfba4b67
5316a3565316b6fb
112ec416c41695cc
3d3204e63d3202a0
dcfe2a36dcfec7b5
130148e048e01c62
d9838c6fd9832675
f38e9c4df38e5063
5bc8783778377f80
c793b8ffc7934112
8803aed8aed80000
469048f94901500c
7911722379117f80
c522f41ff41f79c9
187bba33ba339330
14a8ec5bec5bc190
62c550be62c57412
42c5a9c942c5ad1b
909aa3f6a3f60000
cf0f0a4ccf0f99e4
ce2e2ef7ce2ebda8
2a8f530153013e10
6809b2496809dad7
c2568d99c2561080
db8bfd30fd307f80
a593ff897fc07fc0
622c1915622c3bc8
247a05d5247a0000
08c2586f586f21b5
186c97b718108000
6b22eb58ea58ff80
9a030b559a038000
83ddbbd9bbd9005e
8f40c503c50314c4
088cd23bd23b9b4d
bcbce49ce49c61e5
91233040304081f4
cffde03ae03a70b8
0ac2ce96ce9699e3
e370f3daf3da7f80
a22af6f2f6f259a1
cc5398b2cc532593
edbda2c3edbd5110
c14e5a265a26dc06
bd33e3f6e3f661ac
4ab493314ab49e79
a65bc6e2c6e22dc1
0b56d753d753a330
0ac005570ac00000
1e6f714d714d503f
ee4c42ebee4cf1bb
c874a8fbc87431ef
8744aa58aa580000
2a0c07912a0c0000
edfa2737edfad5b3
c90da465c90d2dfc
0444eabceabcaf90
c4664c594c59d143
87267d947d94c540
9154895a91540000
2891a00328918914
cd14d7b9d7b96556
8e71032c8e718000
bc8179ee79eef6f0
ccff0c67ccff99e6
3cf391c03cf38f36
3aad72da72da6e13
0b44f9e1f9e1c5ac
e86b1823e86bc116
83b61a291a298000
268aaf3aaf3a9649
a261e89ee89e4b8b
b6c6d406d4064b4f
f1171d3ff117cee1
6228d5186228f7c8
5a1b9ee65a1bb98b
accdec8bec8b59df
7c0c4eff7c0c7f80
b23b07f9b23b8000
348c512451244633
8015b7b8b7b80000
b3e230feb3dea560
d5155ba65ba6f141
ff454cbdff45ff80
1a295e145e1438c3
8e3d4911491197d6
b8ccab48b8cc249f
4d88841c4d889226
340970907090651a
302021ce30201281
e4a49424e4a43952
a8d62830a87c9193
836edd0add0a2100
ea261426ea26bed7
146be6f9e6f9bbe5
86a164236423ab4d
fa16228afa16dd22
25cb0b0225cb0000
25d3e033e033c694
78f5828a78f5bc04
82569e019e010000
4038a74b4038a812
755e8532755ebb1a
088d642564252d36
14fe14fc157d0000
fd968815fd96462f
b30582abb3050000
4b68f6f4f6f4ff80
e7060331e706aab9
253963ee63ee49ac
e813741e741eff80
77d0b14c77d0e9a6
6da375ee75ee7f80
7d58d10c7d58ff80
9f4783059f470000
5cea86ad5ceaa41e
9a82209620968000
0281087808780000
97c36fc56fc5c816
937729b329b38003
370278c078c07043
d7103dbfd710d557
56fb3a7356fb51ee
a8b09f21a8b0085d
0292ce7bce7b918f
72fa907972fac3f3
66f1b1b966f1d92e
e6adbd1ce6ad6453
df74e955e9557f80
0ff9b440b44084bb
b791d212d2124a25
bd3d0b81bd3d893e
9d3d404640469e12
3a20f3f5f3f5ee99
52c1889352c19bde
6c51fe43fe43ff80
fe003a44fe00f8c4
7e4f19c77e4f58a1
bd6b7de87de8fbd5
9e47aa00aa0008c7
3865b8d4b843b1be
e1e51567e1e5b7cf
ebc96911ebc4ff80
7cbe69a27cbe7f80
a2e54a564a56adbf
f860256bf860de4e
0b77726672663e5e
25ea49ab49ab301c
10ac03d410ac0000
52aac92552aadc5b
f65edd0df65e7f80
8c498bc78c960000
301ceebbeebbdf64
d4039bb4d4033038
6886595c68867f80
b677eceeecee63e6
e882b69de8825f9f
4098b7294098b849
05ee089c08a00000
509f0275509f1398
9983e0ade0ad3ab1
0560bb02bb0280e4
b3a59a32b3a50e65
2c9327132c931429
496ef97ff97fff80
3e01f04ff04feed1
666864a8667d7f80
d422e8cee8ce7d82
e02bac6ae02b4d1c
4fe492a34fe4a311
b267268db267997e
ecebf49df49d7f80
178a4a7e4a7e2289
a0e17a317a31db9c
fc1c8e51fc1c4aff
341fac76341fa119
439934d3439938fc
f8d73a65f8d7f3c0
0ce3518a518a1ef5
1cf1cc8dcc8daa05
2867eac7eac7d3b4
2afe870a2afe8000
2b4a9f112b4a8ae5
1e51fb46fb46da22
b0ae53675367c49d
84c859fb59fb9f44
73046e2d73047f80
5ff9512a5ff971a5
82b686f286f30000
4b5fe30ae30aeef0
d3182f1ad318c2b7
fd13a2a0fd136038
4e7ed5fbd5fbe4f9
1e7292171e728000
5cd4b9a25cd4d706
c28deb2feb2f6e41
c31a1dd2c31aa17d
afe122cfafe19336
139f1b4a1b4a0000
37be33cd37bf2c18
a0f22d7b2d7b8eed
05ae4b6d4b6d11a1
fbaf2c5bfbafe896
a5188917a5180000
daf0dddcdde0794e
7dabb9f87dabf826
96e90f9e96e98000
be2931e9be29b09a
89c1af0baf0b0000
0c9baf83af838001
92569f949f940000
e0e08704e0e02867
b4d7ed1eed1e6285
6b093e386b0969c5
80aa94f294f20000
1c3f8dd61c3f8000
7f14bd197f14fcb1
0393772677263b3f
6ca1d64c6ca1ff80
977420c920c98000
919bc1b4c1b413da
8f65eec7eec73eb2
4d3397fc4d33a5b0
7294ecee7294ff80
f1f269f6f1f2ff80
c6af7c847c84ff80
8ff93ada3ada8b54
0fc985a70fc98000
831fe5bde5bd296b
3956117b39560b52
5d8cfbf2fbf2ff80
c1cd75d975d9f82e
8d9b478f478f95ad
000b5e0d5e0d1d42
c638eee5eee575a5
3b5bb5ce3b5bb1b0
e834fa10fa107f80
0b0d3d963d960925
342eefd5efd5e491
05acb529b5298000
80e94742474288b1
7b2c62537b2c7f80
b23474807480e734
4dc992724dc9a0be
02b07ff57fc07fc0
3c16c667c667c307
3ad35df25df25947
fa26e1fcfa267f80
acd6f971f97166c9
0e28ad5aad5a8000
e322fd59fd597f80
fbd11852fbd1d4ab
6a9324976a934fad
13d442b742b71718
c47b48a048a0cd9d
2d92273d2d921558
9d16c0f2c0f21e8e
33aef58af58ae9bc
a691775b775bde78
0cec924b924b8000
a7ac0109a7ac8000
753484de7534ba9c
80848ca58ca50000
0e42c4eec4ee93b4
fac135e2fac1f12a
9d0b2fc72fc78d58
fcd18d9efcd14b01
6c08772e772e7f80
c987a6e7c98730f4
fafe3161fafeecdf
6170981d6170ba13
7bbe32b07bbe6f03
dd91abdadd9149f7
11f4fa00fa00cc74
b8fa46814681bffc
61917a2b7a2b7f80
c4e3d9d6d9d65f3e
9a08d97fd97f3407
3112113d311202d8
f126b749f1266902
f393fa95fa957f80
16e2a850a850802e
3901891039018291
732d497b732d7d2a
392fc8fdc8fdc2ad
1a03bbe6bbe6966b
99c9f0adf0ad4b08
dfb86a2b6a2bff80
b129bbc5bbc52d82
19b375a475a44fe5
9d43ae51ae510c1f
8735abd1abd10000
f47b2d93f47be290
62aa65b365b67f80
2c13558b558b4220
6d7712c66d7740bf
f6a5032ef6a5ba60
9b66d172d1722d59
3d8ffbb2fbb2f9c7
05c5eca4eca4b2fc
028736fa36fa0000
4d1e9a054d1ea7a4
0eb8741274124352
1e79e0c6e0c6bfc1
1e74c340c340a237
6436e2766427ff80
893148dc48dc9298
49c31cf749c3273c
511f2041511f31f0
412929a441292b59
59dde4b1e4b1ff19
b87d68af68afe1ad
b06ecd68cd683e58
7aa271717aa27f80
9972f4dcf4dc4ed0
3f63bc603f60bc47
c1c7c3b7c3c3460e
69d0044b69d02ea5
7e8afae17e89ff80
b096a766b0961887
0fbb8e3e0fa38000
c56fa23ac56f282e
b12c51415141c302
bc4efd71fd717a42
8c09dc18dc1828a3
f527bb56f527710c
0c2057cf57cf2481
c7359051c7351814
1665e103e103b7ea
646a5c66646a7f80
9739830397390000
110a966896688000
e0923ca2e092ddb9
606ee74fe74fff80
d8119d89d811361b
4133db0ddb0ddcc5
7813324878136ae6
1745838417458000
eb47a3e9eb474fb5
447f6b006b006fff
3fff35273fff35a6
13afabd6abd68049
45820e4a4582144d
f0d3859df0d33701
ecaa0461ecaab195
bf8fd046d046505d
803e0d410d418000
957230343034862a
76d6f8acf89fff80
d64c1f78d64cb646
d506fc2afc2a7f80
f9ff4384f9fffe03
13aeffeb7fc07fc0
3dbb3b783dc339b5
c1af1114c1af934a
eda68129eda62f5b
5101d703d703e884
01eec71ec71e8993
0e4c63f963f932c6
73eb168173eb4aed
20df53de53de3541
ae30f14ff14f600e
2ba9e042e042cc80
2f096534653454c1
5208e20fe20ff498
141bcfe7cfe7a48c
30defdaefdaeef17
56010e8456012505
fe1b2b99fe1bea39
3596f0c6f0c6e6e8
94dd4b004b00a05d
66db092c66db3093
61742dee61744fe3
89de70c070c0bb26
e651d5a6e6517c88
0e659e639e638000
dfebcabcdfeb6b2d
526126885261396f
ff83cc1a7fc07fc0
2a2b8ad12a2b8000
7e15b08d7e15ef24
f26cce22f26c7f80
119fa037a0378000
ecc01df7ecc0cb39
cd534684cd53d45a
3aebe093e093dc07
60afbf5c60afe096
22a76f676f675297
fe6a7c91fe58ff80
4801b34c4801bbce
2ac0789e789e63ed
51efe5bde5bdf830
ccd54525ccd5d289
09c1747874783ebb
290f0870290f0000
816bed0ced0c2f01
04e6a079a0798000
09f9d426d4269ea1
57242efa572446a0
a92df80af80a61bb
60fd2cc460fd4e42
fd16adb0fd166b4e
286a45ce45ce2ebc
8f5e9c609c600000
f50c0dbff50cc351
af27634c634cd305
20e3182320e30000
b8a549594959c28c
003cd19ed19e9214
18acd1bcd1bcaafd
20f50b4020f50000
fc45c845fc457f80
e1c95475e1c9f6c0
68faf87af87aff80
f292c0d1f29273ee
9ecc380c380c975f
8229317e317e8000
29fefd80fd80e7fe
974fba3bba3b1217
18b904a618b90000
1694560b560b2d21
3d75b32a3d75b123
2269634963494637
d47afd6ffd6f7f80
522b0f0e522b21be
597df5d0f5d0ff80
8941058189408000
c7a0a0c6c7a028f8
ab7d18a6ab7d84a4
77671207776749f4
a80f3d883d88a618
39091f043909188d
a6c7fc99fc9963ee
a3b551115111b54d
8427b278b2780000
d20978237823ff80
b8af9687b8af0fb9
9a2b230f230f8003
40c23da340c53ef7
163cc143c143980f
2f2db0acb096a068
54466afb6afb7f80
a63cc59ec59e2c68
aaed9c5aaaed07ca
4c500da24c501a84
7fa1336f7fc07fc0
570bceb7570be647
b50663436343d8cc
908192cd92d50000
bb38958fbb38114e
a1aee854e8544a90
6d4e8df66d4ebbc6
b06429aab0649a97
d84a2905d84ac1d2
e717dd71e7177f80
23bfc82ac82aac7e
c0c557465746d898
9ce45f3e5f3ebca9
f8fd318ef8fdeb0c
79633a07796373ef
8ade9aff9aff0000
8887814e88870000
558375ca75ca7f80
d545c2f5d54558bd
01d45774577419ca
7a6f10d77a6f4bc9
7bf29e7b7bf2daed
ed49089ded49b677
1edb39c939c9192c
25830a1625830000
9d7abcaebcae1aaa
d79069e669e6ff80
a781ca1cca1c321d
af4bbd37bd372d11
6c61965f6c61c344
002b52c252c21302
436a625d625d664a
102f1113113f0000
7de43afc7de47960
0624b5beb5be8000
d1c79c07d1c72e52
b4135c055c05d099
a154a9fda9fd0bd2
637bf9eef9eeff80
01ab465d465d0894
18b94a6b4a6b23aa
6cec23a36cec5116
27a61bd327a60409
a5064db14db1b339
90de5bad5badad16
44bf2f0044bf343f
d1d724f7d1d7b74f
1ddc79e579e55845
1692c1fcc1fc9910
e13171967196ff80
4444a9754444ae3c
5ff26a956a957f80
66d4583b66d47f80
4867dc5bdc5be546
6ecaab536ecadaa6
bd1bf591f5917330
fc84a4d2fc8461d9
aee30014aee38000
bee6125cbee691c6
ba3fdd0edd0e57d4
1f9d55265526354c
1a05d226d226acac
4b721ed64b722aca
9d8dee62ee624c79
653a5828653a7df4
a44b1344a44b8000
eb4121aaeb41cd80
6e4bacb06e4bdb8c
fe49fb38fe4c7f80
5791776f776f7f80
e3424f1fe342f2f1
0c45f337f337c00d
0f42bfbfbfbf8f91
099f89ca88ac8000
f9a63270f9a6ec9c
4b643fa94b644b97
436639a843663d97
7ddceb457ddcff80
6f7ab1fb6f7ae1f5
175faa26aa268211
e77249c9e772f1be
17595f205f203708
285791f128578000
13da73fb73fb4856
9357348734878863
f005eccbf0077f80
c282bb41c2823e44
bfd493d5bfd41430
3fe26038603860a2
97819e0a9e0a0000
44b0f30ff30ff845
fa145421fa14ff80
6f9860466f987f80
b96cac6cb96c265a
23c2ef74ef74d3b9
6980c6586980f058
3017ccbcccbcbd5e
7f1ff7f37f1fff80
dbd328bedbd3c51d
caf97bdc7bdcff80
9a819aa19b110000
c9de50d050d0db34
9e63f801f80156e5
de518cb4de512b93
96544109410997e3
039b70107010342e
e0c2e776e7767f80
0e4fca89ca89995e
5e95d4ff5e95f414
99128dd999120000
58f90dd758f92751
4a21095e4a21140c
b245aac2b2451d95
75fb85c775fbbc43
50c09a2e50c0ab82
9f447ac37ac3da95
a415a53ea56309dd
6b57ff4eff4eff80
d88ea86ad88e4182
6156123461563416
8d3ad4b5d4b52284
036c7d827d824170
fc6f6dddfc6fff80
5903863f59039fc3
5166ea40ea40fc2c
b4e1432b432bb896
b626c3d5c3d53a8a
bfd63b41bfd6bba1
05bbfc7bfc7bc2b7
cdbb59625962e7a5
6535448365356a39
81cdc132c132038f
f5562b81f556e158
b0bf49c049c0bb0f
d38d57425741eb56
d46eb227d46e471b
8e389a9c9a9c0000
5306744774477f80
b6f2b200b6f22972
8c89aedbaedb0000
04e4a0f1a0f18000
4ea3d550d550e484
3f591e003f591dd9
16466e216e2144f9
4972110f49721b07
f2ff4938f2fffcb7
4560636c636c694e
98cba44da44d0003
8cc98d1f8d820000
cb25e542e54270fa
4ecd0fb74ecd1f13
4945375b49454129
0dd16f946f943df2
b8ea4bf14bf1c55c
5e1342fe5e136192
3b0fad373b0fa8cc
5760e304e304fae7
6ae85fe16ae87f80
2c18ead5ead5d77d
12bad9e0d9e0ad23
230fb59ab59a992c
834ccfb9cfb91393
32256308630855af
0508e326e326a8b0
ac16e7eae7ea5489
62ca589262ca7be6
d52866186618fbc8
4628ae8e4628b53a
3e4494ab3e449383
32c20e2132c20174
a53aab75ab751132
653684856536aa3d
e955b253e9555c30
f547987ef5474e45
9476777a777acc70
be991d7abe999c95
b46b6fb66fb6e4a7
4cad2e794cad3ba8
55a0900955a0a62b
2a73c406c406aefe
c18b3d0bc18bbf17
3998957739988f93
607654e9607675e0
a2fbefbfefbf533b
8ad9be50be5009b0
8abda472a4720000
ecf8abefecf85968
73557f127f127f80
dce450d4dce4ee3d
4f369aff4f36aab5
9604f0bef0be4744
ee1dc05dee1d6f08
7938863c7938c007
b072e57be57b566d
057d5d685d682365
ff2c03d2ff2cc38d
8045276c276c8000
c6aa53285328da5f
9bfdf92cf92c55aa
c1e756285628d898
385e0d9b385e0686
1078d8dcd8dca9d5
11f32ed42ed40149
7dc417f67dc4563c
e375297fe375cd74
bfe6edadedad6e1b
b86753d953d9ccc4
399650e350e34b05
ace61206ace6801e
44c6bae144c6c02e
6e272e096e275cb3
5bdfd6535bdff2b8
cef4f399f3997f80
706324d0706355b8
d7f08eb7d7f0272c
9e6466a466a4c592
648cb2ed648cd802
ac352d9c2d859a5d
038d2ebd2ebd0000
0acb7e2c7e2c4988
4c9ac0334c9acd57
3cff39683d0036e7
cc344b52cbffd814
c4fbef1fef1f749c
43b64aca4aca4f10
77e7af1177e7e783
44128f6044129400
65a64e2b65a6745e
306614b03066059e
01eb57da57da1a48
ee9bc5b6ee9b74dc
9eff0a689eff8000
288cc1f9c1f9ab08
168fc8cec8ce9fe6
9f6c48654865a853
a57a479c479cad98
ae777d3b7d3bec34
916d31de31de83ce
d3cf3197d3cfc5f4
7a60704e7a607f80
af8161fe61fed200
236793c623678000
250057c057c03d40
2236ad8ead8e904a
1382737073704774
544903325449180c
a2379c39a2370011
f73a1357f73acb1c
52a514ff52a52824
989ad087d08729a2
04a58bb58bb58000
cab8cc14cc2b5755
9b2b6c536c53c80d
931d796a796acd10
3c1d0c443c1d08f0
1e4a4cab4cab2b87
580cb8a7580cd137
3cf1ec08ec08e980
b091360d360da720
da786daf6dafff80
2619e9c1e9c1d067
df9ac30cdf9a6328
53b1e54be54bf98c
e2e97ce87ce8ff80
c99b0d49c99b9773
4ecd67c667c6771f
7bfe68967bfe7f80
f2ac5218f2acff80
55b0e8b9e8b9fefe
b9a440954095babf
e6f92701e6f9ce7b
1cb2f9a1f9a1d6e0
765915e376594cc0
de7375557555ff80
9458d5a2d5a22a89
1e3ae2d8e2d8c19d
f0509335f0504413
49199f384919a8dc
d09b8cb3d09b1dd9
4af87bc17bc17f80
7c6e9c997c6ed98e
b1bf2275b1bf94b7
c6c775a175a1fcfa
c321b943c3213cf5
d9dd565bd9dbf0bd
debb77b877b8ff80
288131a431a41aa5
7280d51a7280ff80
de613ff3de61ded6
8fec1c921c928000
aa6d7d0b7d0be801
df52992adf52390b
4bc0dcd4dcd4e91f
e8baf04ef04e7f80
811f355935598000
5a452da15a454878
730b15e0730b4973
8a4a78b878b8c391
3d3b86513d3b8419
c76155115511dcff
82f4f5cbf5cb3941
2544e3c7e3c7c998
73869c9f7386d0a6
8af37a247a24c59c
e68c7d167d16ff80
e0f4dc37e0f47dae
82db184e184e8000
129226e326e30000
1b8463da63da3fe1
24303fbf3fbf2483
e5c212f9e5c2b93d
88c36ec86ec8b818
65861b336586413b
c404cd08cd08518c
b035efc4efc4608b
f1676ec1f161ff80
7f8c79927fc07fc0
56239dfe5623b4a2
0b6184920b618000
2b371fdc2b370b9d
3a921bf23a92170a
9d8e18bf9d8e8000
4990112149901b35
0ef6f2ccf2ccc244
5850f6e7f6e7ff80
99759a599a8b0000
1424929314128000
d71bf2e8f2e87f80
4dda06124dda1479
cf09345bcf09c3ea
67455d0167457f80
3c6f3c0e3cbe3905
3b6219843b621569
afc33e4e3e4eae9d
a6ca4ae14ae1b232
5b2e93f45b2eafa6
f4be3975f4beeeb6
9a2edc81dc81372f
a907332033209ca9
9fd53c813c819cd7
898d61d661d6abec
205301c420530000
097838dd38dd02d6
63e6a08763e6c4f3
533387b253339b79
861f6b006b00b19f
3bbc7f217f217b6c
379d2fbc379d27e7
e82d9373e82d3c24
ed6788ceed6736ba
52ac27a252ac3ada
481a4386481a4c21
6408a3066408c78e
445192d2445197ab
620c66aa66aa7f80
66c5cbf066c5f339
5416d602d5f1ea98
25c87aab7aab6106
1b56d0f0d0f0acc9
5b72c26c5b72de5f
12ea386038600bcd
f84368fbf843ff80
8a70fd3dfd3d4831
d36d43cdd36dd7be
258f7a4d7a4d6065
e7ab71257125ff80
2955f1c3f1c3dba2
10d55a2c5a2c2b8f
3297869d32978000
9bf92b572b5787d1
54f4efa0efa0ff80
3ff303833ff303f9
891dea43ea4333ef
feabfe57ff0b7f80
1ac2fefffeffda41
511811df51182384
b16273597359e540
c485052fc4858a36
c88359b659b6e2ba
c1bb7d587d58ff80
fba4eadbfba47f80
71cfe5c971cfff80
7b5b2bc97b5b67ac
d898861cd8981f39
9e2c93289e2c0000
8b81eb9aeb9a379b
ea67c366ea676e50
43b1411d43b64559
80fee808e8082987
f1ea779a779aff80
191be5fee5febf9a
39174f654f654907
f18fcc77f18f7e8a
9a55311431148bf6
297d38b738b722b5
84e85187518796f5
78ff1ab578ff5434
5293818d529394a2
20a87e6e7e6e5f9c
6bc2f133f133ff80
6de7beb06de7ed1f
8348292929298000
96e879fd79fdd165
674b1229674b3a06
d6ab6c036c03ff80
1eba0d4c1eba0000
0a3ebcdcbcdc87a3
266ef50af50adc00
1590752c752c4b42
90a33088308881ad
6b7713896b773f84
180d342c342c0cbd
84dff9c5f9c53f2c
071e5e965e962639
5d278d545d27ab0a
902178a378a3c94d
1c2a9a741c1b8000
4e7781764e77906d
953ed95cd95c2f23
ed1c2c43ed1cd9ee
02394f9a4f9a125f
35da0a1535da007f
5fafbc725fafdca5
d352a9aad3523d8b
7166b6ad7166e89b
1f2e9fd79f808025
c52208f7c5228e9c
11d2dc60dc60aeb8
0d3588730d358000
760d1d4d760d53e2
1531ae88ae88843c
1536c30ec30e98ca
68ee5d0268ee7f80
a81cbc28bc2824cd
dddfe1e8e1e97f80
af4e052aaf4e8000
e52c0fa0e52cb557
6295aaf36295ce0d
3423c2a9c2a9b757
68c7e06768c7ff80
ee8230dcee82dfdf
8e6cd52ed52e2420
38fd67a867a86126
40bd744d744d7597
6aae8fa26aaebadc
7c6346827c637f80
6e585b5f6e587f80
6237e75de75dff80
2276c8f6c8f6abec
a98483c9a9840000
89bc3c013c01863d
7fec4b307fc07fc0
a20656465646b8cf
6ec24b1f6ec27a71
ac1161126112cda5
131f8f58131e8000
3dba06783dba04b4
a6749004a6740000
acb2a05aacb20d98
ba2c47554755c20f
5748d4af5743ec89
2ee190102ee18020
7c4a8f247c4acc01
c877c3bac8774cb3
f7fa55e7f7faff80
c202093bc2028bbe
c430c17ac434462c
ddcf789f789fff80
305c13d5305c04b7
e6caec3fec3f7f80
4722c29b4722ca44
147fd834d834ad33
e413a312e41347a8
e4b794a8e4b739f0
cf06dc0fdc0f6b96
e4242320e424c7cd
0c8796b596b58000
2da5f379f379e1a0
f675fcaefcae7f80
ba178cbdba17075f
be0e9b5ebe0e19f6
ce4803b8ce489290
f96f91f6f96f4be6
d615ee7dee7d7f80
0d73db52db52a947
048cc3e7c3e788fd
2440860c24408000
15fca2c0a2c08000
237b235123e6074d
5ca6d90d5ca5f637
59e1b9b859e1d422
a71e80b2a71e0000
0a5315dc15dc0000
a92b53e253e2bd97
648fa842648fcd59
903fc53ec53e160e
36bd1de536bd1529
94909bbb9bbb0000
6b13824a6b13ade8
1d0e5af85af8388a
212e08f6212e0000
f44543acf445f884
6e5217686e52463e
66d3885266d3afad
fd7eca79fd7e7f80
bf21b260bf21320d
aa7bbe1dbe1d291a
bbd89dfdbbd81a55
7b6507a17b654390
e8e05908e8e0ff80
328749a649a63caf
3fd595b73fd59618
f19a27a0f19ad9c0
0497a7f4a7f48000
f0e477777777ff80
bd0ec727c72744b9
d7a0b171d7a04997
a6c12b8b2b8b92d2
32d1688268825bd4
97cc72d272d2cb27
ba219d51ba211803
9ed7353c353c949e
fc163516fc16f1b0
6d25933b6d25c0f1
fa8fc10ffa8f7c20
a032666a666ac723
f144017df144b342
d595aa4ad595406b
981b0c02981b8000
e2e9cc80e2e96fe9
157aa734a7348001
d4339caed4333173
206c280f280f0904
6d969e096d96cc21
051f912a912a8000
7055cf817055ff80
3d6a435943594146
09b5eaabeaabb4f2
eda32e81eda3dca4
b970a072b9701a63
1a6ee77fe77fc26d
a7da57515751bfb2
27fcc511c511ad8f
3651741474146af2
6cc0a8bc6cc0d60d
3d6114c93d6112b1
17dd612d612d3995
fc9f03bcfc9fc0ea
a88681afa8860000
e7a62b84e7a6d3ab
cc87bb37cc874841
b6551f07b65595e1
32717f227f227219
189b138d189b0000
5587621c621c7825
64a347e364a36d11
f4055623f405ff80
6e771f096e774e04
3f9f14893f9f14aa
45d0e354e354e9ac
0dc38a650dc18000
1a99615c615c3c83
c3f70d7fc3f791f6
b6a268a368a3dfce
63e6a07a63e6c4e1
4e206826682676d0
05e0755075503bb6
8fecfbcffbcf4c3f
66e0574866e07eaf
e3c93d28e3c9e184
7067eddf7060ff80
05902c7c2c7c0000
40a4f1a3f1a3f2d1
1e03e81be81bc69f
29e5df6edf6ec9d5
698ecd06698ef715
a8791a3aa8798335
dfb06c686c68ff80
350abcc8bcc8b258
aed77e3d7e3ded9f
fa3f3822fa3ff2f2
f966e203f9667f80
2eef6360636052d1
6b01e12e6b01ff80
3137be2cbe2caff6
be799df8be791cf1
8c168a768c250000
2215e9dee9decc81
ebcf918debcf3de4
7b920f3f7b924b5a
203873c873c85490
eaef2fffeaefdb6e
d1ae04c2d1ae9704
f4a9347cf4a9e9a6
8b34eaa7eaa7366b
a4136a8a6a8acf1e
329b5e635e635189
83194b584b588f01
759bab87759be1a3
28dd8ad828dd8000
7c0201bd7c023e40
dc73d7a0dc737498
26f49d9b26f48514
d6af8062d6af1786
2419adf1adf19290
f0f82b83f0f8dcfe
e99af8e4f8e47f80
1d83517551752f7b
6fbc80d16fbcb119
431131b043113547
8b9ed647d6472276
2655b2f7b2f799ce
fd9303f5fd93c20d
deffcd54deff6cd3
bbad56d056d0d30d
8e1e352c352c83d4
d7bc0abdd7bca30b
8374fc9cfc9c4095
22b5015022b50000
86d239ac39ac810d
408edc79dc79dd8a
106b46804680176b
7a5f3ab77a5f759f
7ea7a0c17ea7dffc
dff3a7a6dff3481e
85691fd01fd08000
8acc976d976d0000
d7d4c26fd7d45ac6
e68e42d6e68ee9ed
26d32918291f107b
b289f0f5f0f56403
b4a15f2c5f2cd458
f4f7076cf4f7bce4
e517f671f6717f80
9865f97af97a5260
1ebced87ed87ccc6
d988ff36ff367f80
0126b4ebb4eb8000
aaf8c8dbc8db3454
15732a4b2a4b0060
1ef923b823b80333
f218acdbf2185f82
3d55cfa7cfa7cd8b
6a2469e06a8a7f80
5333299d53333d5c
982e27be27be8081
a5cbd025d0253683
e7a0a95fe7a0518b
88f90ebe0ebe8000
662c6e996e997f80
c5d1ed81ed8173d3
2c9289452c928000
790ba566790bdefa
3b2296413b2291f4
064f3a0b3a0b00e1
fe65e176fe657f80
dd8e58e0dd8ef6f8
01c0c692c69288db
d1a8f993f9937f80
d3a9d7ddd7de6c12
950063076307b887
8f9145bc45bc95d5
256da757a7488d47
451394b145139a4b
b4741249b4748740
1a1ceb1beb1bc5bd
5b2b98a05b2bb456
799ec067799efa8f
1f2cdf67df67bf1b
9a86379237929299
f4c36f2ef4c3ff80
39a0ed3aed3ae768
3ab8af543ab8aa98
8bcaaeefaeef0000
f86fe175f86f7f80
da7882ccda781dc6
699e68e869d87f80
4531a5994531ab54
ba459156ba450c25
41d51f5b41d521b6
e541bba8e541617d
9b183cee3cee988d
503b213b503b3209
e9956428e995ff80
9242cd8ecd8e2057
31785c935c934e8e
4dbe769f769f7f80
7d75e29a7d75ff80
7e5459ac7e547f80
03fa3d313d3101ad
35da511f511f4787
2035986c20358000
be47d495d4955368
f921c196f9217b3d
3bbfdc2ddc2dd881
e71e51d6e71ef984
54554c845455615c
a0ee03c3a0ee8000
2de3b694b694a503
ca4b7bc37bc3ff80
234573767376573d
1b60116e1b600000
1c1915b01c190000
a358ebb8ebb84f9b
c03aa345c03a240f
e18eaf90e18e51a0
303854fa54fa45b4
48e8d79dd79de10e
4687fca3fca3ff80
33b5dcfcdcfcd132
45b92cb145b93300
1731266b266b0005
f833addff833669c
fc3dec46fc3d7f80
464a471b474e4df5
f6677b2a7b2aff80
544e0ffd544e24cc
3593d937d937cf52
b22e1d14b22e8fc9
80db934893480000
40bd603160316183
b51f46764676bc19
f8f13da9f8f1f71f
74a50a2374a53f52
4e83f903f903ff80
d110a4ebd1103684
37115261526149ff
21a3aeafaeaf90df
519b955e519ba786
f6a46c7cf6a4ff80
68f96ffd6ffd7f80
1509605b605b35ea
40c4a1f540c4a33c
124bd6d2d6d2a9a7
f81a33c3f81aec6b
73bb34fd73bb6939
9844af26af2607fe
dd0177f777f7ff80
89247c647c64c612
f0ec5f1ff0ecff80
03444214421405e3
5fb798e85fb7b926
0d0fc5c2c5c29359
d35970217021ff80
f37bc900f37b7cfb
5a76894e5a76a446
471f878c471f8f2e
a08e6cf06cf0ce05
7f693ff77f697f80
2b3b9f472b3b8b11
bde1f613f6137481
4311a5df4311a97d
c49b4c814c81d19c
8121e9f7e9f72b9b
adccefffefff5e4b
ef4aee2aef747f80
a49c2b2f2b2f9055
80cd819b81ce0000
2f3f7d127d126cda
e0233e27e023ded5
caa6c458caa64f8c
0f01d69fd69fa620
3dcca35f3dcca1b2
2bc5b9a4b9a4a5fc
03bb7e867e8642c4
8e384b424b429a0b
adc300f7adc38000
858d63386338a94b
5527223a552737f3
b9ccbe32be32388e
531402095314159e
84fceab3eab33030
335e9fde335e93c1
5b1415365b1430d2
7967e4977967ff80
464a48b548bb4f8f
bf8125f5bf81a5f7
cff9afc1cff9403c
8b9aa2f3a2f30000
233ecff2cff2b3b4
60b6c5f460b6e72d
518111db518123dd
bf4144924492c45c
17eef5acf5acce20
e550a8d2e5504eab
0a778cc08cb88000
847f409140918590
6552293165524f11
4492625462546772
b55cbf11bf1134f9
9f2e91319f2e0000
cc8c4190cc8cce9e
c6c45fbc5fbce710
ae06b830b83026b8
8a45ae7cae7c0000
aeaf73817381e2b0
6a9a88746a9ab393
ab0e5db25db2c945
90c8a6c1a6c10000
2b1c849e2b1c8000
d7eaaed6d7ea4744
0fee99a299a28000
5d59a3995d59c182
59f5330e59f54d88
b8abbf43bf433882
9bf60b139bf68000
d799e50ee50e7d2a
cd9c4aadcd99d8d3
788a509c788a7f80
ffed14be7fc07fc0
a76e333533359b28
5d945cab5dbf7ac6
57e1bfc757e1d82f
59dc35f159dc504f
f5e23b61f5e2f1c7
f06873497345ff80
4ce895ed4ce8a357
d1aebbaad1ae4de7
4af46628662871a0
691ac735691af0da
1bd5391539151578
8df169ea69eab85c
2a64493949393425
1000780f780f488f
b6e50b8cb6e582fa
a4bee6d6e6d64c1f
098ca433a4338000
a0b7a338a33e0484
9213da5cda5c2cfd
2bbd537b537b3fb9
b774dacbdacb52c1
228f516751673481
e69cde66e69c7f80
96f7250a250a8001
36c4437043703ab8
e9c456d5e9c4ff80
ac3666736673d32d
a1af9821a1af0000
d65dc240d65d5926
a7292b432b429301
c2c08d8bc2c010d0
c42fdf55df556412
a3a4532f532fb760
f36e25ebf36ed9da
eca98e6beca93b9b
ba1cd7a2d7a25245
203a0bde203a0000
a7d03d613d61a5b7
eb9c70817081ff80
6ae3db986ae3ff80
c07b6e6a6e6aef65
07795b045b042300
9f2618599f268000
aa9cdb31db314658
fdc0f746fdc07f80
4339334a43393712
78b2d82c78b2ff80
032dcf3fcf3f9301
e7156083e715ff80
f086961ef0864725
7ff4b0fb7fc07fc0
5048370a504847d8
8bd5c46dc46d10c5
2d4b27022d4b14ce
20e8be1fbe1f9f90
9c3c97719c3c0000
6656509966567780
32750a8632750002
ebdd34b2ebdde11a
36ade7bee7bedf00
848d3f093f098417
c77fce51ce515650
61f309fd61f32c70
fcdc7fdb7fc07fc0
4b73736b736b7f5f
87423efc3efc86bf
9025d9e3d9e32a92
ee668227ee663116
c231ba80c2313d31
7697bb087697f220
c2c94212c280c565
a9981532a998801a
9bde23b423b4804e
ffbc8d127fc07fc0
6b63f7d8f7d8ff80
dbf24b02dbf2e776
b51baed2b51b247e
9a894b4e4b4ea65c
ceb08a89ceb019bc
09481ff51ff50000
79e6477279e67f80
b6d511bbb6d5891c
9e719e8b9f020002
ee53e43aee537f80
7c55df307c55ff80
147c244024400000
13bcbd2fbd2f9181
da1cf264f2647f80
3e28c3c2c3c2c27f
20e67dc57dc55f31
22c3c73ec73eaa91
21d96c856c854ee1
88c0eaf5eaf53438
e208bf33e20861be
72f0624372f07f80
e6204b1fe620f1c7
87885c435c43a44f
83185e9c5e9ca239
aac6f5abf5ab6104
b868f802f80270ec
266e875d266e8000
342a8d18342a81ca
727baaad727bddaa
9350caafcaaf1e8e
4f57b4494f57c429
5ca7f2e4f2e4ff80
a9cba7eba9da123a
298e772e772e6141
da619f83da613a66
4c3d718371837e41
9386389838988c9f
8ddcd104d1041f63
2f3e8b772f3e8000
03e5f772f772bbd8
7b17b1e87b17ed89
5f7ec76b5f7ee769
c9c48de3c9c4182e
2acbafc4afc49b1b
da67a477da673f5f
c57d36cfc57dbccd
81f8ff69ff6941e2
087df4ccf4ccbdca
9777170e96d28000
4321695469546d05
1691b681b6818d92
1ffdd3cfd3cfb44d
4553c6a9c68fcc8b
61cbf486f486ff80
7c483e927c487b64
e661e992e9947f80
30295aad5aad4b64
fa84f736fa857f80
33a96b046b045f2e
d9135bf35beef58c
e91bda15e91b7f80
05f1766f766f3ce1
c2a9ba08c2a93d34
d39197b5d3912bcd
fc5e00c6fc5ebdac
33da062233da0000
e0ddf783f7837f80
b93442524252bc14
beb2c6c3c6c34608
2d8f7a7e7a7e688e
17a7748c748c4cb7
88c764166416ad69
726a28a9726a5b9a
7cdb13437cdb50a7
1eb2a436a436837d
63486eae6eae7f80
abe435d335d3a23c
d354d016d35663f8
8d6136f636f684d8
999f94c8999f0000
4b252dee4b253999
b00776fc76fce785
9bb3fc77fc7758ad
c02761bd61bde277
f44b2701f44bdbcd
e36343b9e363e7a4
03592add2add0000
8e6acc0ccc0c1b00
12bed662d662a9a8
f324f18cf3367f80
5ee7b8b95ee7d827
a97b8fe0a97b0000
2b3a763176316201
58038d2e5803a5b2
bbd786cfbbd7032e
4025553c553c55f2
c4e9a53fc4e92aae
931eb2bcb2bc0668
da17d15dda176c02
a1a3f0def0de530d
1ee103d81ee10000
bf6b7b967b96fb8a
805bd449d449150f
4636ca1dca1cd0df
27fe080427fe0000
15ff374f374f0dce
5469b8675469cd52
069997a797a78000
7832ec957832ff80
e50b9f69e50b44fd
28e6952828e68009
5780b0485780c848
69b805ec69b8302a
0a06be7bbe7b8903
2d2c1c3f2d2c0a00
aabbf66bf66b61ac
a333054ea3338000
07add662d6629e99
ab16dfa8dfa84b45
f85a3a14f85af2fc
dee662526250ff80
352a7aa87aa8705f
c3cb467e4678cac9
5686dfb9dfb9f6c2
c57f8b31c57f1130
80a1e7e3e7e3290f
146ea539a5398000
c2c82086c2c8a3d1
871e82bc871e0000
d8dae3b5e3b57d1a
802cc4f1c4f10526
2ba105572ba10000
9102e977e9773afb
bf862780bf86a786
f58478de78dcff80
7fe0a6327fc07fc0
7af7b5937af7f10e
404e1175404e1245
37780ab7377802b1
81623d963d968021
89e7cdaecdae181d
b68a0abfb68a81ce
0181459c459c079d
c8ecb343c8ec3cb4
ce341314ce34a1d0
a36c52505250b640
c8bd6b5d6b5df4a3
23376ea66ea6526d
394a3d463d47371c
3c5fe743e743e42a
b394a3e9b3941807
1cb1653465344279
205b19d2205b0000
6e2dff947fc07fc0
a92f302a302a99e8
04e9011604ea0000
8a8544cb44cb8fd3
874d41ed41ed89be
9bd46ce56ce5c93e
8d2992d592d50000
5f8bb0f75f8bd106
600950116009709b
785239ed785272c2
b49f0cdab49f8207
b8abac51b8ab258c
3ace3ac73b4a3620
fbe50003fbe5ba2c
c29d40d8c290c404
866d50a950a9979c
963f171416c88000
cc41ac19cc4138e7
604acfb6604af090
82e8b18eb18e0000
cdd494d8cdd42333
02e5daa4daa49e13
1486c9e6c9e69ef1
3b105cd65cd65871
60d3e107dfecff80
fb7157ecfb71ff80
c7582182c758a95b
2ab2c244c244ad88
20b8923c20b88000
10abc088c08891b6
2734dddcdddcc59b
e7d3ad1ae7d3557e
f25637aef256ea91
f0692f4bf069e039
ef0eb348ef0e62de
6d79d8b46d79ff80
ae39c7ecc7ec36ab
06da230223020000
e4f536f8e4f5dc6d
0aed4882488213f1
4e54db52db52ea2e
d7c5584857cbf09a
036da42aa42a8000
1bc6440e440e205c
d40fdc04dc047093
3e7887a13e78869c
fadaeb06fada7f80
9eaadc79dc793ba5
cec9845fcec913af
47d88b4647d893a7
537977df77df7f80
c0a60dc1c0a68efa
b5812b48b581a14a
5e6988cb5e69a7b9
a7182f212f2196bf
65f28d2465f2b39b
9ba4ed6bed6b4997
981003d298108000
7bc6ba7f7bc6f6c5
2a3fb7c5b7c5a293
fbebdde8fbeb7f80
7348406873487435
8d2ecbc6cbc61987
70a1566170a17f80
db61932edb612f19
21eebeb3beb3a126
2101cbdacbdaad5c
48912e6b48913785
cb2bad07cb2b38b4
c03155af55afd672
a7eae2f1e2f14b5c
3115e12ee12ed2cb
9df357ab57abb622
11af7d497d494f89
0172316831680000
25516b486b485123
cb6c77f577f5ff80
c587bf25c587452e
8c52498149819654
5358d4f2d4d7e8cc
377bf2b8f2b8eab4
916ad744d7442933
2d6a8e072d6a8000
de9908c7de99a7ee
4f1adb96db96eb34
5558447c55585a55
922c81be922c0000
f8c600e9f8c6ba34
68ae4c4668ae7587
e3629220e362360d
aa32f44cf44c5f0e
e58e9232e58e3845
869e312031208000
71f2784a784a7f80
027b14ae14ae0000
e240bbd2e2405e9e
56a60a8a56a621b3
33d166a966a95b0a
d1bc61926192f3d6
c65f4c074c07d2eb
8904adb9adb90000
06b75a4c5a4c2192
c0130063c01380e3
2afc39ab39ab2528
82c187e187e10000
98a104c998a18000
14a27f437f435477
0ec2555b555b24a6
387fcb4bcb4bc44a
f9475307f947ff80
f9316b68f931ff80
f55ade80f55a7f80
4da04dff4e505c1f
a5ea37ee37ee9e5a
45a5dceadceae317
337fdeaadeaad2a9
072f0e5c0e5c0000
e26679fa79faff80
5a5665cc65cc7f80
127578c578c54bbd
5e51f261f261ff80
c31d0ff7c31d9397
ea8127b8ea81d2b9
509799235097aa40
a123a2aea2c2045e
a7e16be26be2d447
a0b16d076d07ce3b
8ebe79597959c8a1
ae3a859cae3a0000
80ed239b239b8000
23cb145323cb0000
cc0a30eecc0abd80
7838eb167838ff80
8873545954599d4e
d85f89e1d85f22c4
cf788a8ecf781a8a
c54157e157e1ddaa
13174acc4acc1e71
06f7785378533fcc
8079e6c8e6c827bd
496cf148f148fb38
da56e52be52b7f80
30b1c0a7c0a7b1e7
7da157997da17f80
558673ef73ef7f80
c5c9c228c5ca4884
2537722a722a57f3
f7e1ec0af7e17f80
a9439a35a943040a
025cfcf2fcf2bfd0
6b1541616b156d03
e101ebe8ebe87f80
176a3ee93ee916d5
526ebd72526ed061
2ff9684e684e58c8
91db1d421d428000
1c3fb5c0b5c0928f
853a761e761ebbe6
736cd00b736cff80
a6bce7dbe7db4f21
8ef5210021008000
d12f15cbd12fa78b
64eeee59ee59ff80
6a59586c6a597f80
d76f0964d76fa155
3a9443f343f33f0c
97a9ba3cba3c1278
69baafa369bad9ed
988549134913a219
28e8cabfcabfb42d
5756b9e05756d1bb
6972249969724e91
5562c7b95562dda3
6dedec776dceff80
7e2ed39e7e2eff80
d4af2f82d4afc4b2
296690c129668000
082ee188e188aa39
14e37ea57ea55412
d366868ed3661a7f
a424252324f489d1
72ba3d6a72ba70aa
8dc01af01af08000
ff68a025ff686016
a8ae4ce24ce2b61a
e10bfbe4fbe47f80
76164a9976167f80
85ce870c87260000
6859c0066859e8e3
3d77284c3d772645
f04fca7df04f7b4d
70018fd37001c055
7199cd017199ff1a
83c2911291120000
dc7f0cb6dc7fa9b5
c8f197acc8f12122
6ceb2f336ceb5ca4
6fcb82df6fcbb331
a48842774277a783
ca96f68bf68b7f80
55e63cfb55e65362
0954c88fc88f926d
9718a615a6150003
c1d587b8c1d50a19
32ad0d0d32ad005f
8b4ab9fcb9fc05c7
a29b03f9a29b8000
2cda29fb2cde1756
9565f14af14a4735
e885693968edff80
01221e681e680000
75f8f3a775eeff80
6afb83216afbae9e
d26ba2e5d26b35d2
68f4e47868f4ff80
6f07b1096f07e090
d477f66bf66b7f80
de50066bde50a53f
bf7c1638bf7c9635
d9ab73047304ff80
402090de4020918b
be57ce88ce884d64
2d29c1fec1feafa8
af160fb7af16801b
a7643d7a3d7aa55f
0bb1f39bf39bbfd6
11912fdf2fdf01fd
23e6d9e8d9e8be50
0edd9f1f9f1f8000
7bf766f17bf77f80
6f95e2576f95ff80
6793700b700b7f80
f4f5df48f4f57f80
3b4ffe68fe68fa3c
1c07300230020c89
0ba4796779674594
711ff6a5f6a5ff80
873957a357a39f6c
2f27f64ff64fe607
c7db2949c7dbb1ac
5e26c54a5e26e403
d1da845ed1da16bd
33ff2fcf3400244e
140f4240424016d6
27a4fcaefcaee4df
0358327232720000
302cdb40db40cc01
0ac19b749b748000
9b699b3d9bd30000
26db1bac26db0313
cf9c25c5cf9cb5f0
6fc39c996fc3cce9
3f94f7dff7dff801
9852235623568000
f8b53dbef8b5f706
ce3f73e873e8ff80
aac9d331d3313e8b
8df5adf8adf80000
5438799679967f80
52f31f1152f3328a
9fdd648a648ac4ee
ab97a4eeab97110c
1b5315151b530000
a4242e562e569309
97ce9c799c790000
89818e878e870000
d3003e48d300d1c8
248e0489248e0000
b4d97c857c85f1e1
ed3518c7ed35c68d
9c8dff03ff035c10
3da5b8d63da5b70a
2db9b987b987a7c3
d6f3acbdd6f34433
4fb434e74fb44522
ab760bffab768000
d04164756475f539
079081ac07908000
5ee9ddf25eacfd5c
9588ac24ac24022e
d3482ca4d348c080
d771cac7d77162bb
2663f2cef2ced9b7
074d168216820000
3d11b8983d11b62c
97a59a5f9a640000
4f82a2b54f82b2b8
d1b83262d1b8c4a2
405b9a15405b9aff
d35b1379d35ba755
3a0d1b2b3a0d15bc
d6752702d675bdf9
b3eaccecccec4158
7ddd9dc27ddddc27
08181e191e190000
adfcbb1fbb1f299d
0de0761976194486
de8d7a927a92ff80
2a09221a2a090ca5
fc0393f4fc03507a
027ee843e843ab41
bc485d6d5d6dda39
2898843428988000
61fff1c3f1c3ff80
59875cae5cb076b8
eed070317017ff80
d8ee4a5fd8eee3cf
5958340959584de7
f6a640b2f6a6f7e7
7510862c7510bbc2
78ea74d778eb7f80
33a730d233aa2509
d04f06dad04f97b0
5e6545b85e6564a5
b1e624eeb1e69756
22df961922df8000
1d2600cd1d260000
144f6c246c244105
6a5125626a515039
c8cce60be60b6f5e
f70d417bf70df90a
e76e616ce76eff80
d410b799d4104c2c
e509d59de5097b28
2987d468d468be75
c331d9c6d9c65d89
b1558659b1550000
ef156386ef15ff80
dbb9307fdbb9ccb8
33eabf7cbf7cb3e6
194d1fcc1fcc0000
8612d50cd50c1ba0
1b8adf26df26bb33
60161f5960163ffe
d088f45df45d7f80
ba4f02e6ba4f8003
ae269b02ae2609a9
319866116611582c
1e3c4b184b1829df
17e481f617e48000
246c1947246c0006
b796c646c6463e68
2954c927c927b30a
c65eb62cc65e3d15
5c47e994e994ff80
6f5a0bbe6f5a3ba2
3137ac6d31379e29
9e17f6aef6ae554d
8823b328b3280000
d898a6d7d8983fff
ed454b03ed45f8ca
ca4488c9ca44139a
49341a19493423d7
b326f01ff01f63ce
ef2b2b05ef2bdab2
7ae690e97ae6cc51
f3778421f377381b
3eea85b63eea8526
5469be0d5469d300
8828edb7edb73670
0a2ab406b406800b
4ddacf7ecf63ddd8
d04937c7d049c89c
ff6ee410ff6e7f80
25f3c774c774ade8
642aea88ea88ff80
27d5cc7ccc7cb4d2
0b8c37693769037f
ce4e9505ce4e23d6
9e92fd16fd165c2b
c6ca5e995e99e5f1
88c8b292b2920000
2f6f04122f6f0000
6557c8b26557ee95
da2909a3da29a457
d155e987e9877b61
b5f9b970b9722fe9
16d3b879b8798fcd
5ee6004f5ee61f8e
328a632b632b5638
289835be35be1ee2
2fe15f4f5f4f4fb6
b7876a176a17e21f
cc14ef5def5d7c00
1bb41e2b1e310000
a373c900c9002cf3
4aa9d475d475dfa2
594c455f594c5f32
98092ea02ea0872b
efc51ec9efc5cf1b
4704e90de90df091
b1eb685c685cdaca
7c53c8667c53ff80
dd8476d176d1ff80
10b4277427740000
25e40e9425e40000
ae9482bdae940000
e8267ab67ab6ff80
7f98574b7fc07fc0
584c82dc584c9baf
3b778d6f3b778967
a9e25d305d30c79b
7d84c0947d84fe99
30905b2e5b2e4c44
0274266526650000
c9eb4307c9ebcd78
2629d9fed9fec0a8
41346b4e6b4e6d11
4ca552bf52bf5ff6
004c9aa69aa68000
fb6909cafb69c5b8
de132613de13c4a9
f7d22b61f7d2e3b9
28dcbbb0bbb0a517
307a65fb65fb56f5
dff5de60e0087ed6
6d04604f6d047f80
f24e98bbf24e4b96
5f65a9975f65c987
58fee5fbe5fbff79
e13aee2fee2f7f80
eb034375eb03eefb
5ad151b05ad16d10
416c92e9416c94d7
a171f4e6f4e656d9
68c03dd368c0671e
9d05625b625bbfe4
512a5cf25cf26ea1
28a826d528b5100c
73eb6ee073eb7f80
64e706bc64e72c2a
8e670aba8e668000
2ab839ec39ec252a
c29fad06c29f3026
93a79d8b9d8b0000
49ff3e6a49ff48e9
e9325f33e932ff80
5e39375a5e39561e
fd23ffd67fc07fc0
aae38397aae30000
004dc22ec22e82d1
f093dca8f0937f80
8f30b05bb05b004b
29825f335f334936
4073bedc4058bfd1
13f153f253f22864
aba3cbbccbbc37ef
ad0cff25ff256cb4
bea84e174e17cd46
4f96f04af04aff80
ac4e10e8ac4e8003
245e9a3d245e8014
c025e71ce71c67c9
b8912a13b891a327
ef25c4c8ef257481
2ad6a5c52ad69125
330873df73df676d
bd8789f3bd870800
1b35e112e112bcce
9e0c9edb9f100002
6fd4ed2b6fcfff80
e1a462cf62a6ff80
25cb302d302d1689
839582b883c30000
f0d680d3f0d63230
bb42df7edf7e5b40
a5552c4b2c4b9229
a184bf5dbf5d2164
f02554a2f025ff80
e624da80e6247f80
d569fc40fc407f80
50fb6eb96eb97f80
a563b90bb90b1ef7
ff5afa8aff5a7f80
fa30487ffa30ff80
4b2feabeeabef682
91be37eb37eb8a2e
7f28afc97f28ef84
397ff2c0f2c0ecbf
f767c13af7677928
b232d843d8434b08
6c09db686c09ff80
4ae469a169a1750f
ffb061bc7fc07fc0
d7c44b06d7c4e34d
8bbbba9eba9e06e7
743bdb0f743bff80
0d5822c622c60000
b58b55f455f4cc04
1664970996a08000
f104f61ef61e7f80
2a85824e2a858000
8cfecc2dcc2d19ac
05131d661d660000
d1cff1fdf1fd7f80
5536ef5fef5fff80
7d0e0ea27d0e4c34
f04e491bf04ef9f9
e29eefbfefbf7f80
4d7ee1fee1feeffc
371b0282371b0000
19c00a3519c00000
82f47e037e03c17a
a25239d739d79cb0
c77fae7ec77f367d
ec7c5287ec7cff80
abe61c80abe688e6
1a3db930b9309402
6227419762276445
5ce1e75ae75aff80
0e9007110e900000
1c198d861c198000
e9cb97e9e9cb4239
56c6196f56c630b9
03a34c2a4c2a1058
5a6932095a694cf9
02c7e6a8e6a8aa03
b6979891b6970fab
c6d62665c6d6adbf
5090ab535090bc6d
7dcefa517dccff80
3237bbedbbedaea9
a6fbbda5bda52522
cde1917bcde11fdd
8edd09268edd8000
b6dd3c8d3c8db3f3
108c0cbf108d0000
08afd444d4449d86
0d6cdb86db86a977
601f446e601f6514
32fe857132fe8000
720ccd23720cff80
4efc20994efc3017
631d9fc0631dc36c
1861f8cef8ced1b5
ef38bc9bef386c5f
49e3cda6cda5d813
f8a12d6bf8a1e694
d7060223d70699ab
18c8571357133066
d448913dd4482614
08e2768976893ff2
50c65aa95aa96c03
12274f854f85222e
8d2fa51fa51f0000
b7e212dab7e28b40
db182678db18c213
25e6368836881cf4
bcfd8081bcfd0004
984b8119984b0000
d26bfeb6feb67f80
7bd336b07bd37311
7513db3a7513ff80
2dc6f933f933e78a
a46ee48fe48f4985
b3a9b46bb4a0289b
8032fe1ffe1f3e78
6ac3e56c6ac3ff80
835267576757ab30
4fc376e276e27f80
d398c444d3985869
f7a0298df7a0e1b0
9720fcfbfcfb549d
46713dc6467144ba
dd99e3a1e3a17f80
e2eb1e9ee2ebc211
6ea17d507d507f80
85823bc33bc381c6
993cc5dac5da1fa0
a7fa6c496c49d4c4
3db7c08bc088bec7
a7e82fd52fd59841
b65fb2b1b660299a
51db5c0e5c0e6e73
f8279269f8274b18
68d880d568d8aa34
a700f7cbf7cb5f4b
8e1fdcb2dcb22b5d
d78cadd8d78c45ec
3937cdd5cdd5c798
e1c0f161f1617f80
8513bfe7bfe70585
d2cbd6a4d6a56a02
a6f570217021d79a
806d3bc73bc78001
877e299129918000
bb4d1ce9bb4d98bb
fc52f4a1fc527f80
a7efc4dfc4df2d50
47847ce07ce07f80
87b462776277aaae
94a53a4e3a4e8f85
55b18cb755b1a2fd
1b5bc080c0809c5b
7b9d929e7b9dcec2
42ba443944504786
32fb076432fb0000
b4d84ff84ff8c551
b262be1dbe1d310b
a19e65e365e3c80c
1e68673067304620
963bc7b7c7b71e86
471f472647a24ece
42845fea5fea62f1
7062468b70627775
8dfbf815f8154692
7a3f8f087a3fc9cb
c9882b84c988b58c
8e4492cb92cb0000
5e4226725e424537
1383eb7ceb7cbf81
abc9a095abc90cea
f6968110f6963829
2654102626540000
21ccbfe2bfe2a234
a12ddbcfdbcf3d8c
ff7e64b2ff7eff80
bbb00e47bbb08a89
d0d2e4fde4fd7650
f0119213f01142a7
2c3793ff2c3780b6
c0df35c2c0dfb729
134a327932790644
44df28ce44df2e33
452e87bc452e8d80
999ebac2bac214ef
043c572d572d1bfe
33b797c233b78c0b
06205cbe5cbe236e
87c168dc68dcb126
fa531aacfa53d58e
46198b37461991db
72db674372db7f80
65a40ac365a430fa
efea5e9befeaff80
a2e153e053e0b745
5d779f6e5d77bd66
f0277b597b59ff80
a930685d685dd218
4788763f763f7e4b
039b4c424c42106b
8ce036c936c98430
e5ecb8f5e5ec5f62
aa229b81aa220623
37877ddc7ddc75e8
d7d58fa0d7d52805
4bbf61e061e06e27
8d0a7f3f7f3fccce
635c94e8635cb8c7
98ca4f654f65a8b5
d0398ee3d0391fa4
5fa7227b5fa742a4
d7432b2ad743c301
b854dad6dad653b1
57e422c757e43b31
c23e2a12c23eacd9
5e96550c5e967424
c565686f686fee56
f4c38eeaf4c34432
cc241943cc24a5fa
ecef689feceeff80
bfa17bd87bd8fc08
ba64f5c3f5c370ae
44e6857f44e68ae5
7eef48ae7eef7f80
f3b542fcf3b5f732
9a59870f9a590000
dbd3ddfade047a4e
44d7fe21fe21ff80
4526c3de450ac990
1a6d3fa83fa81a9c
d1bbf76df76d7f80
6ffaa7246ffad7a0
6d53748474847f80
367819e6367810df
c5bcf7ccf7cc7e16
44e6e4b7e4b7ea24
43ba899943ba8dde
dc011ca8dc01b929
2a9117e32a910301
cfdf3ab3cfdfcb1c
465746e747294dc2
c5a9c887c88a4eb2
5a63ca785a63e55c
84f50da80da88000
249b953e249b8000
ac5f80d6ac5f0000
c21bba50c21b3cfc
eb3e1611eb3ec1d7
770156b077017f80
13d1a193a1938000
6513093765132ed2
f4619181f4614663
738f4369738f7782
61b2560361b27836
b00b9fd4b00b1066
0b7ac1b2c1b28dae
bbb655155515d154
44add4dad4dada13
b8e2f00af00a6974
82d32d3f2d3f8000
93ee8ad993ee0000
2677c834c834af2e
cab4ad31cab43879
290a9bb3290a8541
efeb8f46efeb3fb6
63d4604163d67f80
61137c457c457f80
0a1a9a869a868000
35a8691d691d5f4e
ad0ef63df63d63d2
0ef7d9c0d9c0a939
bffc8c3bbffc0cb8
e12391b0e1233360
f2f49ebcf2f45233
6466c0f56466e5dc
4755c3494754cb27
4326afcc4326b384
cf1572af72afff80
9ae9f4e6f4e65051
0743e85de85db028
d6b4b0f5d6b4482c
4bd168ab68ab750c
a7108b4da7100000
708d2caf708d5dc1
72553f4e7255722b
1be27de57de55a4a
2fac15982fac05cc
8b56a3b5a3b50000
cd12bc99cd124a2f
f9c8565ff9c8ff80
0b86731b731b3f22
d77c52bed77ceabb
9977826c99770000
747f0e94747f4393
5e8a50265e8a6f33
e77b9968e77b4163
6d5202fc6d5230cf
9a20a515a515002f
fea15b75fea1ff80
5f8bf07df07dff80
2e388a862e388000
b19eeb8ceb8c5dad
1a487b7e7b7e5646
e62c7c6e7c6eff80
db3653f0db36efab
c40bdd0ddd0d6199
4c56f615f615ff80
0bcaf865f865c4b5
a80984d0a8090000
89e0757d757dbfdd
fb123243fb12edde
87f8ff32ff3247ac
ff3d03f2ff3dc3b3
465e670367036de3
87e06fa46fa4b810
9b0c56275627b1b7
00209e829e828000
28b5be73be73a7ac
9337d019d01923db
4cf5648c648c7206
5aa538d95aa5540c
042eabe6abe68000
b2e9bcefbcef305a
f59cb066f59c668c
c0feab01c0fe2c80
f7432c4bf743e41b
45a5416e45a54799
622e1157622e3412
eb114cb5eb11f84d
8f9b251825188000
c92b7b707b70ff80
a3e73b4d3b4d9fb9
b6057c127c12f298
0612e2a6e2a6a93d
69eced3ced3aff80
5bf816ef5bf83368
33635e6f5e6f5254
1a11a8f0a8f08388
c5559863c5551e3d
8ff33563356385d7
3e9df5cff5cff4fe
ad84dc6ddc6d4a74
9f4a89da9f4a0000
6d5781c26d57afa3
875d64bc64bcaca2
9e14cfd6cfd62e77
b9783fff3fffb9f7
016bd919d9199b0c
7872127778724b69
3f7a4b014b014afc
41c3493f493f4b91
9b1cfca1fca15844
1e22d655d655b507
f165556ff165ff80
a9bd07dda9bd8000
bffbed2ded2d6daa
443014c244301985
c6ff707f707ff7fe
ed9b927fed9b409a
e7a6e41ee7a77f80
e766d4c9e7667cb5
6c3ba46e6c3bd12e
6e4ceff0efd6ff80
74b0eb9a74b0ff80
825af5abf5ab3892
087ce628e628af25
3ed75c8b5c8b5be9
53cacdc353cae21a
586750de586769c8
b7be5b955b95d3dd
f32ae763f32a7f80
f6d12684f6d1ddd8
c78661426142e94b
d544cf04d54464ca
af2c071aaf2c8000
3bc981843bc98003
2f080f392f08000c
5a18b1475a18cbec
71765b2071767f80
e653cbece65372c3
4a24fd8bfd8bff80
067382ea06718000
1f8216151f820000
10d2e734e734b894
207583a920758000
7b447ade7b9a7f80
ab431b99ab438769
63141a6d63143e09
5470855154709a44
6c0f0fd46c0f3c6d
54865f225f22742a
7f5fa57c7f5fe55c
5b87d8825b85f489
828fef09ef093219
0543828f053f8000
5374cd385374e12f
e7c98dfae7c93644
bf7bf4c5f4c574c1
1b8c94991b8c8000
04a3cfd5cfd59508
f12f4ffaf12fff80
acc770d170d1de22
2d41eb0eeb0ed8d6
77ec2f6177ec67cf
f8e78734f8e740a2
e4e1d376e4e178d8
de90bd77de905c8b
d740a32cd7403b01
64d61fc664d64526
55a599e555a5b014
a2c80dcfa2c88000
44f42cf244f43267
cc32a6d3cc323393
8ce791ca91ca0000
24b2881324b28000
d8c564e664e6fe31
d0ca763f763fff80
7ac315db7ac35127
545fc1d3545fd6b8
a03bed40ed404e0c
44d6589558955df9
664e276f664e4e40
bec414dbbec49428
cca9b284cca93fae
779117b677914fce
8d3ee916e91636df
7c2f964c7c2fd30b
f44db7d1f44d6ca7
53cec21f53ced680
f4556e60f455ff80
4a4e60e160e16bb5
1c08190d1c0a0000
5f07a29f5f07c228
d90076597659ff80
48b4567e567e5fb3
6ffbe35b6ffbff80
13d4798879884de1
d9890426d9899e32
4105b5424105b6ca
f41580def4153581
afbfdf34df344f86
2528e598e598cb48
1606759375934c1a
4336b74d4336bb12
4e4278ca78ca7f80
984652ce52ceab9f
5a5863b763b77e9a
f52f40c5f52ff687
fef8eb86fef87f80
ca76be46ca76493e
4cda3d564cda4ab6
17a8345c345c0c90
ee4690a9ee463f83
25ff6080608046ff
553e4162553e5728
dd35abd9dd354999
9dbd6b506b50c99a
3af44bec4bec4761
3d16cc80cc80ca16
adb4226fadb490a8
318f0dbd318f0035
459e84f5459e8b17
5c71d7725c71f464
0f0aefc7efc7bf57
1375454c454c1943
e0a8151ae0a8b64a
1e110c211e110000
686ad8a1686aff80
0e571a2a1a2a0000
7aeead637aeee8d3
d2548c0dd2541eea
e0b03056e0b0d193
7593e71b7593ff80
b7ee95d2b7ee0e43
538b84a9538b98b8
347df74ff74fec4d
4ce416d14ce4243a
542151bb5427666b
d8552f36d855c817
a11134f034f09688
67195bbe67197f80
a0295ef55ef5bfa2
df6ac26adf6a6256
7822b31b7822ebc4
cd2d437ccd2dd12a
a150ef1def1d50ff
6557835c6557a939
8e8e57e957e9a701
95e636ef36ef8d57
ec120eacec12bb44
d062b845d062492e
20cd04d620cd0000
2fcac53bc53bb594
f1cab1ccf1ca6421
8279c234c234052f
b4c0a868b4c01dae
3c9a392f3c9b3653
d838c347d8385c0f
15e734e734e70b50
217c593559353b32
e22c5580e22cf82c
06bfa0aba0ab8000
c1014da44da4cf25
5a7e57c85a8272c6
81f07f587f58c1ca
b99092beb9900cd6
5d0835ad5d085338
ac45bb87bb872850
4615e0f4e0f4e78e
191a83d7191a8000
64c55e7664c57f80
79677aa97ac67f80
0d84efb3efb3bdb9
da8d6b116b11ff80
4e7c5a755a756971
5527826555279815
91e0fa3cfa3c4ca4
ae3cafc7afde1e92
7b6c9a8f7b6cd684
c29ea0d7c29e2405
73da64b473da7f80
cea5ef4bef4b7e83
3174a88931749a83
d1afe89fe89f7ad9
1b3493f21b348000
af609c51af600c37
ce352790ce35b64c
42d6e76fe76feac8
0fd8b2a1b2a18308
1682eb33eb33c236
13ce459a459a19f8
32109522321087b6
1c7bced9ced9abd5
b360f1f2f1f265d4
08d1605c605c29b4
de3de412e4127f80
a4d28201a4d20000
4bb00e244bb01a62
6ea624006ea65326
c936484fc902d213
585132d158514bab
25a09b8125a081a1
8cee4fdc4fdc9d4d
f3ad02bdf3adb6ff
1aec82561aec8000
5cf9f472f472ff80
0da439a339a307d1
070242b742b70a3a
84256ec86ec8b381
4c9090bc4c909dd4
eafaa479eafa4ff3
005c09dc09dc0000
5c5562bb62bb7f80
23a0e282e282c6a2
569b11be569b28e6
87fab99cb99c0218
7963e0117963ff80
964430bf30bf8792
837de716e7162b14
2e9504132e950000
38c5efefefefe938
270a9c37270a83c5
09fe945994598000
2a4ab84eb84ea323
be84217fbe84a083
58bad956d8f2f29b
52c848ba52c85c11
b5587b427b42f124
97c23cf73cf7953b
b3fa7ce77ce7f162
484c2667484c2f38
191c4f6f4f6f2912
b84dd09ed09e497d
2d0df88cf88ce61a
ef3ac844ef3a780e
a0118850a0110000
f4233931f423ede1
b145193eb1458b12
9719bab8bab8125c
714075bd75bd7f80
4a840ecd4a8419d3
75ddf1ee75dcff80
4403ddf9ddf9e27f
d5a93c77d5a9d2a3
53575195536a657a
74e8af3374e8e4a2
9635407a407a9731
8c7f049d8c7f8000
9b48fec2fec25a98
b5feb796b7a62e15
4de225814de233e4
fc7fb4c3fc7f71c2
4c52a3574c52b030
b4357b307b30eff9
6a5b02b76a5b2d9d
b8901903b8909213
f2df2f34f2dfe29d
bd74ed3ded3d6b34
313ec513c513b6da
7395eee97395ff80
bcc134debcc1b227
143861b861b83684
907e5f275f27b026
61fdcbc761fdee45
0c89b223b2238016
c9192d82c919b71b
c2c0f09ff09f73ee
2582fc5efc5ee261
3cd5488e488e45ec
42af487448744ba7
dbf45689dbf4f303
d0af582f582fe96f
4ce6c1dc4ce6cf46
4f68c1a94f68d199
f0907fc77fc07fc0
b8d52ec1b8d5a821
81bf4abe4abe8d0e
5bf4a95e5bf4c5d4
80abef9bef9b30cf
10cf881210cf8000
047787c487c28000
8ca3013b8ca38000
6cae99d86caec713
ccffa09dccff2e1c
75f33fb975f37630
695d1704695d40e4
dce9589fdce8f611
c8163cd9c816c57e
81d308d208d28000
ed6967bced69ff80
0c87327a327a0021
ede9c753ede975c0
19ee609b609b3b10
b482f07ef07e6581
b8cc1e37b8cc9792
e7a63c51e7a6e488
b0809130b0800230
ab8408b4ab848000
96cab6e6b6e60e35
288c0b23288c0000
ba26095fba268411
5136b1f35136c3ad
16cb0ad316cb0000
e7b6e07de7b67f80
a8b3357f357f9eb2
664b82ed664ba9bc
60005e0b60097e8b
246ceff5eff5d4e2
290a86b9290a8000
97bc90ba97bc0000
36d44a314a314193
41b96c516c516e97
a257e0bee0be43a0
b84c8d97b84c0671
8c9881668c980000
c0670d68c0678e51
fd44270cfd44e4d6
c848aa93c8483366
2e5a9e5d2e5a8d3c
358e2555358e1b6c
aa8d0d9eaa8d8000
4a3f90d84a3f9ba1
a9ce9bcfa9ce0627
535a715571557f80
0dbfe317e317b161
40a9e815e815e945
77a8897177a8c19e
2c52e370e370d045
9908fcb4fcb4563f
abba76d376d3e319
0b0e4bd14bd11768
c9ae1391c9ae9dc5
729417ff72944b13
3743d033d033c808
acd6d8cfd8cf462d
12a52f382f38026d
a5a0d1bad1ba37e8
9e7dc226c2262124
6d85c3926d85f198
50581d8750582e64
7415279074155c28
02d3089208920000
b6de51f751f7c956
e4baa38ce4ba48cb
eea40f54eea4be88
12d46d966d9640f8
82928b8c8b8c0000
3f00e669e669e5e9
e744ff3eff3e7f80
827d0ec40ec48000
a3b073f273f2d826
3cea43f143f1415c
9b501ac99ad78000
7d7229137d72670b
a3de9eeba3de034c
a8df45874587aeeb
79705e3179707f80
c3611d24c361a110
b6375aba5abad185
8b0c227722778000
ffd918847fc07fc0
b213409e409eb335
768d28e8768d6000
a5122ce42ce49282
aad9b945b94524a7
c1d4efe9efe97241
d9661e20d966b810
30283b643b642c16
7be970807be97f80
c7a72451c7a7ac88
e1f01211e1f0b488
5f2a1b795f2a3b25
9b5bdcbddcbd38a2
d13ffcfffcff7f80
6ea094eb6ea0c413
07edf79cf79cc010
3a8a76927692719d
4546c53143a8cb09
ef82a636ef825639
0dbdf109f109bf4a
a6eb9290a6eb0000
43e7d680d680dae7
8f655c375c37ac24
4c1bd3e7d3e7e08c
b2f745cc45ccb945
7d456f9f7d457f80
2a036a746a7454fa
d58d085bd58d9e71
d3a70fdfd3a7a411
88de95fb95fb0000
0c5751f751f71ecf
178f8dc1178f8000
01c3215421540000
59eb3d7859eb57e4
efb772bd72baff80
c24aeaafeaaf6d8a
5b66e72be72bff80
0d0a346f346f0201
7d981b387d98595a
de0c63116311ff80
bae82d58bae8a8c4
8f380ee98e878000
5e52d0275e52ef09
7f2e35697f2e751e
c6b93888c6b9bfc5
9a5179ed79edd4c1
af41cccfcccf3c9c
51f47f6d7f6d7f80
840a31bc31bc8000
56279fb35627b66a
a9bd0814a9bd8000
9c43cf7ecf7e2c41
c13dcc42cc424e0f
d826ddeeddee769a
1ff05b915b913c08
f0dc7025f08aff80
9614261726178001
2ca528e82ca61616
6f0c34176f0c63a5
1dab5bcb5bcb3a08
a151ce30ce303010
bab23aec39e8b624
907bbab5bab50bb1
7a473c237a4776fd
e72e2290e72eca44
1214065b12140000
7aef1f9d7aef5b13
9806bb00bb001386
67c42bd267c45421
b51317c6b5138d63
ee513969ee51e83e
acf63f353f35acae
317d2661317d185e
20ec991920ec8000
5dd1df46df2cfda2
cfb7ae5dcfb73e9e
d5fffe82fe827f80
83fe0fff0fff8000
f3bb16b2f3bbcb02
d7ce61f461f4fa44
0573947694768000
8107b144b1440000
aa5cf0bcf0bc5ba2
bdcc64f264f2e341
587a187a587a3174
6a37a1206a37cbe5
417fa653417fa852
764bd173764bff80
eb4ce22deb4c7f80
8143fb24fb243cfa
8045e81fe81f28ab
f85663b4f856ff80
d610d7ebd7fd6e84
2204508250823306
ea899165ea893c75
33b2e192e192d5cb
79b0729479b07f80
5355e514e514f8f6
5631c4455631db08
9badffa77fc07fc0
ac3c56fa56fac3b8
e6732f98e673d690
3edb94833edb93e0
821cf8bdf8bd3b66
09c0a185a1858000
821256d756d79975
0cf6a2cba2cb8000
64ee664466627f80
a58caa06aa061013
96cf3d1b3d1b947b
db3cede8ede87f80
64dddc1064ddff80
a1f6a4a7a4ab0720
096b585b585b2249
64ee32e964ee5859
ebd5dcd1ebd57f80
9fed48134813a888
5ba9b6475ba9d283
5f8be18ae181ff80
c3704208c34ec5ff
a1bc68cd68cdcb17
31e839c339c32c31
9e2017959e208000
04566e256e25330a
745d1be7745d50c7
630d178e630d3b1c
815145d545d587ae
3704044b37040000
0dc0ce7dce7d9cbe
a5128167a5120000
0b9a008e0b9a0000
83807d577d57c157
09bb99bc99bc8000
32abb2e1b1d8a616
2efb3acd3acd2a49
443f99ea443f9eaf
89f3ac1bac1b0000
9804d109d109298d
a9b4afdcafdc1a1b
e4676273e458ff80
b9b0eb80eb8065b0
a9c0326032609ca8
75097190750a7f80
57c46b9c6b9c7f80
e229ebfdebfd7f80
30a20dde30a20012
7aac89647aacc499
f4af0242f4afb785
9e1ea009a013000b
2f1cc30fc30fb2ae
e9fc0caae9fcb727
946df381f381486f
0681cc5ccc5c935e
c4c544b8c2d0ca0e
5e65d9495e65f834
e901e13ce9017f80
b2de36aa36a9aa13
db69b71bdb69530d
a29c9286a29c0000
9e6757fa57fab6e2
7bbeeeaf7bbeff80
aa981d6caa98888c
4674806946748748
7e6142d57e617f80
ba710ed9ba7189cc
baff1304baff8e83
a1e2d511d5113780
4f5594864f55a45f
81b4846284680000
5a76455a5a766051
1149fdb8fdb8cf90
2cae836b2cae8000
fecfbd14fecf7c6f
4313c0af430ec449
371450a150a1483a
8943195a195a8000
1ce0e139e139bea2
15aad2e7d2e7a919
ca5f0c04ca5f96e6
492679ae79ae7f80
8128cf27cf2710db
5a92cc695a92e785
baeed3d4d3d44f45
d88d19f1d88db305
26b7cf17cf17b658
83f0dc27dc27209d
9734093997348000
eb8ac65ceb8a726d
11ae224422440000
54bf302e54bf4582
2819ea0dea0dd2a9
e6be9749e6be3e95
26118ceb26118000
d80f3684d80fcf13
ae292a1dae2898cf
d9e8f345f3457f80
b9bc3839b9a5b288
09c8dbe6dbe6a634
a8f5ce61ce6137d7
d48d8cd4d48d21ea
1a00de1cde1cb89c
ae22031fae228000
816504b204b08000
309da5f2309d9714
eb6a4f18eb6afb0b
951cd44ad44a29f6
47c3a87547c3b0bb
23a16e276e275252
70334afa70337baf
d6e19252d6e129b9
ab59dcf7dcf748d1
628b873b628baa4b
d11e1d06d11eaea5
91b932eb32eb852a
eb4918e9eb49c4b7
5463dd89dd89f273
dbdbb083dbdb4ce0
80fdfcb9fcb93e37
90b26c146c14bd4e
0661726372633948
d80bfe7afe7a7f80
1610cbe0cbe0a27c
22daa3c6a3908729
476b12dd476b1acb
0de024e324e30000
9c84570b570bb40f
6e4ece586e4efd2e
53eabbdd53ead04a
7be6c39e7be6ff80
4efe5f705f706eee
e83f5ac3e83fff80
3688846836888000
89c32c6a2c6a8000
51b5f0d3f0d3ff80
d7a53399d7a5cbc5
beb1d43ed43e5383
e9966b346b21ff80
9b4b6e3b6e3bca14
86a0374c374c8008
844611df11df8000
cd61a257cd61303d
2f888f3a2f888019
3045adff303d9ec4
accbf610f6106364
dc9bbe02dc9b5b1d
dcb5afd6dcb54d17
696f4844696f7237
b4a5c179c17936a0
f903f643f9067f80
104772e572e543b2
3714f2d7f2d7ea79
1184510551052309
a328c408c40827b2
f8012034f801d8b5
48f9db82db82e4fd
03815a665a661e68
612ef2fdf2fdff80
a2b6c40bc40b2746
612a1fa3612a4158
054656c856c81c9b
f635c06bf6357726
a562a8e6a8e80ecb
493d661266126fd8
cab93101cab9bc3a
b9878c22b987062b
daef03fcdaef9f6b
35034b684b6840ed
885c6a4f6a4fb332
30070c0930070001
2e8999982e8988a3
96215a8c5a8cb130
4f0ca8434f0cb7d5
59b8629c629c7ce0
ea5f51f3ea5ffcd4
60cfbc4f60cfdda7
708991617089c271
dfc006c3dfc0a712
0edd750275024460
5efe84d35efea451
597b776077607f80
5c248b4f5c24a805
e797da0fe7977f80
78e2dda578e2ff80
e0d6a107e0d64262
c9c3a1b1c9c32c07
ad28050dad288000
1933032a19330000
cfba0563cfba95a5
08a3330b330b0000
838f65c665c6a9dd
f59a487cf59afe98
170bcd9acd9aa527
dfd03170dfd0d1c3
9380f846f8464c46
7c0fecaf7c0fff80
7709b70b7709ee95
ada20b64ada28000
0dbd6a3c6a3c388b
15b0bc65bc65929d
f9b2a37af9b25dae
aa951027aa958000
4445a84d4445ad1e
8c53511e511e9e02
c9ad8837c9ad1277
7225798979897f80
13a7065713a70000
9cfabfb6bfb61d32
0dc587310dc58000
fde89aa1fde85912
f04a0984f04aba50
def0c476def063e7
0d6de497e497b28c
379df33af33aeb64
8dbffb87fb8749c9
4a260fbc4a261a74
da9273677367ff80
d218645d645df703
ed319bcaed31498c
92d255af55afa910
b59708e4b5978011
cdf74604cdf7d47f
cd0dd207d2075f95
25115d555d5542f1
8cf39c119c110000
f340b0dbf34064a4
0a954a4b4a4b156c
3e22013a3e22003b
493677cc77cc7f80
35d2a3db35d29a34
da6736d3da67d1be
93db8f8893dc0000
a0b6a51aa51a065b
a054ce4dce4d2f2a
4c08963d4c08a2c9
1ae3dee6dee6ba4c
182d64b364b33d72
ff2166d3ff21ff80
b5b68d83b5b603ba
73a5a09573a5d4c0
d0a74e54d0a0df8a
0fd2753875384597
f0353528f035e5ee
baaf7c887c88f7ba
ac5f22abac5f8f95
6412cee96412f385
b245daa6daa64d7f
d24b9da6d24b3084
441a9e06441aa2a1
9224d2a9d2a92559
42c44fc24fc25315
f25933cef259e6af
9470bc41bc411135
21b13e133e13204b
143c5ad35ad32f9b
1334b301b30186b5
c1ced1fed1fe544c
c446fea2fea27f80
d0729ab8d0722bae
dcc7402bdcc7dd85
2451017524510000
776aba17776af20a
085004d708520000
0edbc5eec5ee954c
e3fc148ce3fcb90a
cd99d43dd43d6262
0a1ff673f673c117
b7176cbd6cbde45f
f2100f87f210c218
4972eee6eee6f8d9
6fba36716fba66af
20533a883a881b60
5daeb9ea5daed81f
d17ecbb0d17e5daf
48a9549e549e5dd1
16436f846f844649
354259fc59fc4fbf
015ed205d20593e7
bd3fb96abd40372f
29b7695a695a539c
b60067856785de05
f34d80fff34d34cc
24f3927324f38000
229db0e1b0e1940a
83da346c346c8000
659a1eae659a44d1
a49b87b7a49b0000
5d1867a367a37f80
5123b6045123c7a8
4b01a58f4b01b110
fd6fd6affd6f7f80
e32c44a0e32ce857
27df022b27df0000
5234b45f5234c71d
ed52e60bed527f80
494fceadceadd88c
087d610761072a05
75d3051b75d33b80
3d6d859f3d6d8393
0f61faf9faf9cadb
06200ef20ef20000
41af4f534f535190
e99ef342f3427f80
a8b32a352a1f937d
350065fc65fc5b7c
46a2534253425a76
f2749b3df2744e34
fa1a078bfa1ac227
424f66c066c0699b
c6cd4110c6cdc867
09cb6d7d6d7d37c9
321f619c619c5442
ce07c6aece075538
6b4d776977697f80
2886229a28860ba1
147739ac39ac0ea6
089a363b363b001c
ffab79587fc07fc0
478ba5c8478badd9
a7120253a7128000
4b054d0c4d145891
ae2cda61da614917
ca7c61206120ec1e
812720b820b88000
bd11ccf0ccf04a88
96573d823d82945a
3cc9fb86fb86f8d2
faf36066faf3ff80
bb369828bb3613ef
d4a6399dd4a6cecc
edbb8ed0edbb3d18
4da11a8f4da128b4
af950cf5af958001
8f3d80458f3d0000
af709e4faf700e42
625c35d2625c58b4
a8eb0553a8eb8000
753aa6ae753adc7d
5c101c165c1038a9
b687f10af10a6812
83f89c8f9c8f0000
dc3a48d9dc3ae59e
1faf24f524f50527
bbb7bd08bd1f3942
b86c1a26b86c9319
749686db7496bc00
e6a1a7fee6a14f20
15db1a3b1a3b0000
6ae2c3a06ae2ef0d
4deca1564decafc5
a3475d495d49c11c
5262ba555262cd3c
62f1e9ede9edff80
34a03ca53ca531ce
ebe95465ebe9ff80
4ec87c127c127f80
c8aeb172c8ae3aa4
11534c0b4c0b1de5
9f4fd261d2613236
bd57f923f9237709
63d42b7063d44fc7
7c33736b7c337f80
a71e86fca71e0000
dbb62705dbb6c33d
c36f96fcc36f1aeb
f56e09cef56ebfc0
73237f977fc07fc0
8242278b278b8000
1e2b7fc97fc07fc0
262e761e761e5cd7
7fa081ba7fc07fc0
2500444d444d29cd
8f4c79aa79aac987
ff306169ff30ff80
cf149c6ccf142c08
aca9e532e532526b
b9a70eccb9a78905
13393c523c521018
11f8b837b8378ab1
233f7ae67ae65eac
8a3580b88a350000
46c79b4246c7a297
831cd0a8d0a8144d
57b20ed157b22711
0e13f1fff1ffc092
d7afab0ed7af4342
5afd8ff65afdab73
1f55b03bb03b901c
faaf7e6e7e6dff80
76e91d0576e95472
72aade2072aaff80
4f72b3f44f72c3e7
14aee628e628bb64
facf62b4facfff80
72ea5a2c72ea7f80
c7373bf5c737c3af
6cfb2a986cfb5815
96b03d473d479489
d6b8d6d5d7466e19
c42a64e264e2e996
1df96e4c6e4c4cc6
eb0e84aaeb0e303d
1451702e702e450e
82a8f8b8f8b83bf2
ef1ade9eef1a7f80
07561d261d260000
4cc1481d4cc1556d
e51d4668e51dec0e
8ce8160716078000
03c999be99be8000
9235f7d9f7d94a99
4f85be134f85ce19
82ba74177417b75b
9f0314ef9f038000
720111c672014448
abb9e033e0334c81
18cfad32ad328690
1534efd4efd4c595
417a7f3e7f3e7f80
dc56d5c0dc5672a0
a2c8bf04bf04224e
3437ea05ea05debe
eab76070eab7ff80
223c455b455b2821
2a87cdaecdaeb8b8
d1871c4fd187ae5a
c806fd7efd7e7f80
c584a6b5c5842cbb
22bbb56bb56b98ac
b2bfa6adb2bf1a01
f7dd1710f7ddcf79
82c7343734378000
e8102b05e810d396
55da6f416f417f80
91311ded1ded8000
370da2cc370d9a61
8f05d231d23121b8
202b7f987fc07fc0
4005f52ef52ef5b5
8d542ddf2ddf8000
0bbb85560bbb8000
f3c1645af3c1ff80
dbe775d175d1ff80
33223509351328ad
6df4c42f6df4f2a7
952bfa6ffa6f5020
9fe1c5dcc5dc2641
11b820d920d90000
13367ee97ee952a6
09ae882f09988000
f65831f9f658e8d2
297a0d68297a0000
44626d486d487231
1f13238223820315
e75c4dd9e75cf5ba
124145384538180b
2b62127a2b620007
3db459d759d75817
b181e70be70b590c
5f9fda7a5f9ffa9b
c996c746c99c5168
4506b3594506b8e3
d92e9dced92e378c
60f8f52af52aff80
15c08c4b15c08000
d729463bd729ddf7
4dfe6864686476e2
9dd5c4cec4ce232b
a78fe317e3174b29
d721f9f4f9f47f80
16cca8dda8dd8058
2d45645a645a5228
94a2964096540000
b963137ab9638d5e
0ab13c4f3c4f078f
9fbb25e625e68628
3760ff5cff5cf740
829f3f0c3f0c822e
fd6caa44fd6c6835
8025bb00bb000000
2f1383052f138000
5c2007bd5c20246c
6f9f8b2b6f9fbb54
4be339744be345d8
ee45bff9ee456ec0
1c301c591cc40000
1c03f935f935d5b9
9aa1fa7efa7e55a0
4785c9a8c9a0d1af
90e56b586b58bcc1
003d8af58af58000
55bf494155bf5f90
77dc86b577dcbf1c
420af1b0f1b0f43e
941bf0fdf0fd4599
2a46260b2a4710d7
e3d55c35e3d5ff80
43b1518d518d55c3
a29d24e224d8880b
64886ced6ced7f80
2b6187852b618000
2a740d982a740000
462933d546293a8d
dd68110edd68af01
daf20ffcdaf2ab6e
2609a1c326098851
316f2b47316f1d3a
e892afb1e89258ca
98b3f404f4044d39
927cdfa8dfa832a5
48cbb1e848cbbb38
47fc89ec47fc9268
d3020c82d302a004
455ae94fe94fef30
182b981516b08000
2441947924418000
5fece3bee3bdff80
2e2d29732e2d1824
302e7daf7daf6e6e
45a17d0b7d0b7f80
43adbb8a43adbfbb
b36765d265d2d9bd
0934607260722a2a
321951fc51fc4497
d6a7ea5eea5e7f80
f7e20440f7e2bcaa
16892b102b10021a
be4975a175a1f47d
5c9deb67eb67ff80
804d98b398b30000
5436fb7dfb7dff80
0ddb843a0ddb8000
166806fd16680000
21a2209921c802c2
f1339bfef1334db2
63a24b2563a26f51
f1a9820df1a9343a
495faa58495fb43c
4c67b6004c67c2e7
498e42f8498e4d0a
bf69aa2cbf692a1d
4e1c22844e1c3121
592fef05ef05ff80
1785913e17858000
9819f4fbf4fb4d96
5c64ffba7fc07fc0
38cd14dc38cd0e30
3db55b285b28596e
3bd2adc23bd2aa1f
f8190c96f819c533
18f7d566d566aede
75471aa27547507c
c64ab840c64a3f18
c556b150c556372e
2239a663a6628924
7573b5a27573eb9a
221c1bfd221c000a
e2c6b431e2c65789
b6641bd6b66492bf
fc40a9fefc4066be
d1fd59455945ebc3
3722e1eae1ead994
c276fcd2fcd27f80
fc022f93fc02ec15
fa440ee7fa44c9b1
747c3e53747c7350
0c30f60cf60cc2c0
ba4033a0ba40ae70
e04a20ffe04ac1c9
633c5ce7633c7f80
8ada0f220f228000
4ef900d24ef9104c
7d4cb34b7d4cf122
eb5996adeb594293
e2c14b18e2c1ee65
35fb088735fb0011
2bf01e8c2bf00b03
c98f0bc0c98f95d6
74a7d1df74a7ff80
efbde19defbd7f80
d78d2aa4d78dc2b5
ce9fcfb6cfde5ee2
c617959ac6171c36
9c49ffab7fc07fc0
ab20b984b9842525
b984331db984ad22
d222d6fdd6fd69a0
718852dd71887f80
3270177c32700a6c
464faf53464fb62b
55735f6c5f6c7560
e828ef24ef247f80
b5be609e609ed6eb
0c1c909590958000
f5a22556f5a2db87
2b5f2f282f291b12
d2f29cb0d2f23026
0a23d290d2909d37
c5c1b9c7c5c14016
c0d51701c0d59857
3e3590073e358ebf
b71a6a8e6a8ee22b
3307f5f3f5f3e980
b9d04c674c67c6bc
9295bf09bf09121f
80ab62f462f4a423
8b6ce805e80533f5
2ac8ab29aa8a9684
d2e0db92db926f00
cc3c1d4acc3caa14
a022e32de32d43db
1494b354b3548875
9f2adc27dc273bde
0592c738c7388d52
67f2d16367f2f9d7
e26ad345e26a7634
b1766b1f6b1fdd19
8f8108b98f818000
fbde4e53fbdeff80
e6cd86b0e6cd2e0d
8b4bf4d7f4d740aa
6cf0fa21fa21ff80
1c677607760752f4
6eebbe8b6eebedff
8b66fa73fa73465a
9e55fdfefdfe5cd3
59d3df7cdf7cf9d0
11b3baa4baa48ce5
0aec79b579b54527
2546a2e3253f88b0
baddb9d3bb093536
e64411f5e644b8bc
563791c75637a88e
e7c908abe7c9b106
4957103449571a17
b77a0416b77a8000
36804de94de944e9
54ac304b54ac4588
f51e5e38f51eff80
74f0c53074f0faa5
259d6b486b485175
3cb1bc4e3c14b98e
603a9ca9603abd76
5d637fdb7fc07fc0
0d02450b450b128d
56bb5f6a5f6a76ab
17e5cee1cee1a749
93615bd25bd2afb9
b0c548554855b9a4
3b9cdee9dee9db0e
409bdd0edd0ede2c
d5182f59d518c501
bbf78933bbf705ad
8e18437543759211
6177b08a6177d285
adde8d44adde0000
16abada1ada184d7
2bed01a62bed0000
27b9f6abf6abdef7
b1079c09b1070d90
f3913b43f391ef5d
03e396eb96eb8000
54bee27de27df7bc
32afe290e290d5c5
a50e05fea50e8000
9e2a777e777ed629
121dab4fab4f8004
cabda6bbcabd320a
8eda9eb79eb70000
cad763be63beef20
5367a4ee5367b8d7
634bb06d634bd43c
46ab400146ab472c
e6a6cd69e6a67497
b300c944c9443cc4
4cbda13d4cbdae8c
62d66d106d107f80
23417de27de261aa
4757284b4757302a
aa8fdb2fdb2f4644
62456e856e857f80
39001a72390013f2
32f1d76bd76bcadd
2961d3f7d3f7bdd9
52dec5a852ded912
d56d785d785dff80
4a8e94f74a8ea009
950a74567456c9e7
2491731573155829
869d319b319b8000
cfc48b7dcfc41bc2
8dba1da61da68000
9e80e867e8674767
fb7e7db27daaff80
39a317c339a311f8
2c8c040c2c8c0000
ef9703f3ef97b40f
febd71f8febdff80
4580be674580c467
d60a2380d60aba0a
12eee164e164b4d4
9d4e854e9d4e0000
f9ebe7f3f9eb7f80
3195264131951861
5133bb015133ccb4
7e1a1bd27e1a5a7d
fe2b2549fe2be406
2af339223922249a
c2a8f1c3f1c37500
f275e280f2757f80
865bb748b7480005
3a274a4d4a4d4506
d9b63091d9b6cace
7cef02097cef3f80
00f9a291a2918000
058cc72dc72d8d3d
2477dddedddec2d6
c36c78517851fc41
2aa94ec34ec33a01
b41149fe49febe90
3420de12de12d2b6
616a2fe7616a51d3
f1ada2e3f1ad5519
b7791a61b779925b
f0653f96f065f086
dc6204fadc62a1dd
370491e53704896c
e225c17be2256422
6dd4e7036dd4ff80
6dc585966dc5b3e7
ad844de94de9bbf0
903b5c7e5c7ead3a
d00635bcd006c645
a67f52f152f1b9f0
7523e8ed7523ff80
d4d8ef77ef777f80
70af925f70afc398
389b72d772d76c02
be8571217121f027
5d8d8dc75d8dabdb
8cf8165e165e8000
0e229cf49cf48000
092e61ca61ca2b89
4635947746359b2f
214156c056c03891
7e30c7787e30ff80
02a465fa65fa2920
f89ed391f89e7f80
465ddda2dda2e48c
5f46b0655f46d031
88d3c47ac47a0dce
9bb0e517e5174150
4515398e45153f25
932e3ed63ed69291
45163eb645164455
e06d1b54e06dbc44
5348d9a2d9a2ed7d
5c92ab635c92c881
7d4da90f7d4de6e5
2e878d692e878000
2a480a742a480000
aa3313e9aa33800a
e832356ce832de24
0e29c061c0618f15
7791ea327791ff80
fbbb0891fbbbc4d4
e6d10d42e6d1b49e
c4648321c464080f
c16eef38ef38712b
05d061106110276a
225557e957e93ac2
3703788f788f7012
80368ecf8ecf0000
b2a840894089b3b4
079966d266d22efb
cee2333ecee2c2a8
81687f9a7fc07fc0
2296019122960000
878fec65ec653480
97e7befcbefc1763
edd8c505edd87360
26c86d6a6d6a54b7
287892da28788000
8ef1988f988f0000
947ced6ded6d4269
573b0706573b1ec4
4cff0db44cff1b33
97758bc197750000
f2316dd0f231ff80
c129690a690aeab6
5ef1595a5ef178cd
1d7093f51d708000
71d47e577e577f80
8fbd55bb55bba60a
355092f0355088c3
1fd7887d1fd78000
d801a59fd8013e20
7719b1d27719e97b
1d05d51ad51ab2a0
4866aee94866b7d1
1e3f7301730151c0
55828b195582a11b
e92763bde927ff80
8d5055b655b6a394
a9b5f961f961639f
0dd2996599658000
9c545b555b55b830
e120dcb9e1207e67
6c628cc56c62b9ae
6df4d6316df4ff80
3b7ff56bf56bf16a
5724e949e949ff80
0e3f937693768000
b7b9929db7b90ae3
a0c6e19ee19e42f4
cdb88f1dcdb81d62
77403e4177407611
617620f0617642e7
0f92c9dfc9df99fe
815349f849f88bcc
42bbb70b42bbba4b
e3c65e98e3c6ff80
726c7c087c087f80
ea70a09bea704b91
ef4f79537953ff80
a742cf1ecf1e36ef
0bdc199b199b0000
d2f63634d2f6c9ad
a8fd9ea0a8fd081e
9020319131918235
24fae73ae73accb6
847fd271d2711770
fb49ba80fb497649
400e3148400e31de
ecbc937aecbc40b8
d22f4fcad229e28a
a3c1e1cbe1cb4619
c2ee6f2d6f2df2a1
e37fb076e37f5475
619b763376337f80
abe5fdc0fdc06a2c
c231ec7eec7e6f30
e8789eb3e87847ad
b2e0d582d58248e4
2e9d9a862e9d89a4
0a8d172617260000
8023153b153b8000
8bb2b395b3950034
908b4bb34bb39cc2
ca653588ca65c073
fabf48d3fabfff80
92e50f9092e38000
d0c7fc8cfc8c7f80
57b6d57157aeedab
144de5bce5bcba97
8f8d8a498f8d0000
8a2b346434648013
11342a322a320000
53b24da253b261e1
dac2c78cdac262d4
8e04cea7cea71d2c
7ff9bb7b7fc07fc0
0efcbd2cbd2c8ca9
cfd60d10cfd69d71
5c32cab45c32e77a
a97c811fa97c0000
a8b299b4a8b202fa
ca779137ca771c31
c40bb7a3c40b3c31
c63468626862ef1f
fa9c2860fa9ce388
b251397a397aac4c
cfdcad50cfdc3db3
c0df8b96c0df0d03
4ba9689c689c74ce
7dcfce4a7dcfff80
716277a277a27f80
a80d4c4e4c4eb4e3
bee9d509d5095479
25c5341534151a65
40179d5240179df8
55ea305f55ea46cc
5040158250402643
6af6a7566af6d2ce
7cef82897cefc000
241ba1f624138695
fc73900efc734d07
88a91d581d588000
398525c839851fd0
919d4cb84cb89ee2
6c0f8d186c0fb9aa
2d6a458d458d3381
cc7afd61fd617f80
62313f23623161e1
b54c602d602dd60a
6971edabedabff80
04d2a07da07d8000
a391379a379a9bae
3e39aea03e39ad67
52c574bc74bc7f80
2e49711271125fe5
e35ccbc1e35c6fa6
a0379fd2a0900096
c4719ea4c471239a
703e64d2703e7f80
e48efd51fd517f80
bf1721bfbf17a161
4588a2f34588a901
129cf2cff2cfc5fc
444a37a7444a3c84
b8930fceb89388ed
deb9e7bee7be7f80
1c4521e921e9000b
73f1782578257f80
3a1c548854884f26
51c2af7251c2c1b7
847cb979b9790008
74a0434174a07871
7f5d85307f5dc518
2a3128dd2a4d1399
0591fa10fa10c023
cc930175cc938e8d
603bb7cb603bd894
1b77583b583b3434
c44552fa52fad7c0
eda61945eda6c77f
570a3e6e570a5600
1976519851982b92
bea73da7be7abcda
ed159f55ed154cf8
975dd04fd04f2833
013d66df66df28a5
53f3251753f3398f
ea10f9b4f9b47f80
c74bf1b9f1b97993
3b6b551155115105
868a276f276f8000
1b294d5f4d5f2913
4e455ccd5ccd6b9e
4b0b95af4b0ba13e
264accfdccfdb3c8
00a352de52de140d
c8038be0c8031465
846fa737a7370000
c657c57fc68b4c56
b968fdc1fdc177af
77477f107f107f80
54f0c57254f0dae3
4f1ee9d8e9d8f985
26f2234826f40abd
b144319330c4a361
8e7d52985298a196
fa61d692fa617f80
4cc7b2bc4cc7c012
163e23d123d10000
44ce7c5d7c5d7f80
d6404d99d640e466
3399983f33998c64
496233fa49623ddd
dfead6c1dfea7730
34d68cd634d68233
8733c529c5290cec
b51e0976b51e8013
483fd946d946e214
42e2bcab42e2c017
05b48a0c8a0c8000
2e1d87ef2e1d8000
54a5a8d554a5be09
f5413f3ef541f50f
ff6e9070ff6e505f
ae241ca4ae248b52
1939f0aaf0aaca76
99fb1f3f1f3f8000
8c70445644569149
e5b33e2de5b3e472
d7fe8a07d7fe2286
9c35cc34cc3428ff
618dcfe5618df1fc
4bafbd644bafc99c
16db736973694ac7
e2d83c98e2d8e000
03ded61bd61b9a86
58eec7ba58eee12d
4cb2c1dc4cb2cf19
64f5899864f5af11
c85ef24ef24e7b33
d7e877c677c6ff80
8e2e35cb35cb848a
257ddaeedaeec0eb
9eafd882d88237b2
6839485368397118
252cb41cb41c99d2
e98bdda9e98b7f80
9957e7f7e7f741cf
4721bfca4721c77e
3a993ef03ef13a0f
086a1da81da80000
0396d6cad6ca9aed
340144b144b13932
2871b447b4479d3b
6783bb476783e34c
5f881bae5f883bb9
b2ac0b35b2ac8008
a28a4ab14ab1adbf
5d96cd9e5d96ebb9
71c884d771c8b728
b8e06b466b46e4ad
bbde04d0bbde8134
122ceccaeccabf88
01233c003c000003
1567fbebfbebd1d4
eac4cce6eac47830
46e29bb946e2a323
29583a943a94247a
86002bc92bc98000
8fcc33a233a28401
0b41716171613d2a
9fb22668266886a1
bd7ab2ebbd7a30e5
f9a29e97f9a258bf
0416c2a1c2a1873d
5a94a3425a94be60
3b1bb5453b1bb0ef
222668b468b44b69
84f73f773f7784ee
cfaa2a3acfaaba77
0d4097e197e18000
b221bae8bae82d92
d3d1f844f8447f80
ed9f73017301ff80
0478107a107a0000
27ed326932691ad8
c2e2c806c8064b6d
cab5b839cab54383
8ef94d9b4d9b9d17
fcc9b717fcc9746d
91ccb5cdb5cd0823
090b5bd65bd62568
0339d167d1679527
6e8423c86e8452ce
ad67ee17ee175c08
1f8e743574355449
35c13fa53fa535f9
73e7d01a73e7ff80
52fd511953086497
b0ac11d3b0ac830e
fc7ba43ffc7b613b
79eed74d79eeff80
2b8ec044c044ac59
a903ff66ff6668eb
632a8f51632ab30b
0c99148d148d0000
d7bf5d8d5d8df5d2
aa0e9775aa0e0208
e1cc68666866ff80
376378c078c070aa
86f8f156f15638cf
e0e01204e0e0b367
8828098509608000
fa8dc345fa8d7e59
57c2e697e697fee5
932bc952c9521d0c
c5e970747074f6de
312df6f1f6f1e8a3
2663350235021be7
b16072f772f7e4d8
94abe330e330386b
d929c84fd9296209
a73a19d9a73a819e
d929b9e3d9295396
d8ecbd7cd8ec56e8
23fb4fa74fa73424
fdcf7387fdcfff80
6eb3d7406eb3ff80
49b4d80ed80ee248
2754ce01ce01b5d6
c6add3e1d3e15b18
22f6209a23000414
6a8644426a866f4b
2e4ee970e970d841
7658bdb27658f496
150de2c9e2c9b85d
0c4537c337c30496
7ed3b07f7ed3efd2
6f51016e6f513142
2dd4bb7cbb7ca9d1
4ad4e4d7e4d7f032
8a3c099c89dc8000
09e3bca1bca1870f
4e1b34db4e1b4385
ff33dd35ff337f80
7cc9a5c07cc9e317
d099e7b8e7b878dc
8ab14c8e4c8e97c4
b4742459b474994f
28d9752475245e8b
7daa32af7daa70e8
749d4762749d7c8b
8e0fab7aab7a0000
35f4d95ed95ecfd4
545ed1e45457e6c6
1ed0359f359f1501
39bf5d7d5d7d57bd
1a4dabfbabfb86c9
037c04c204e20000
f1a12212f1a1d438
d415e024e02474bf
6e3ca7b26e3cd683
682281586822aa09
370625bb37061d44
5d0a777477747f80
39c2696b696b63b2
74ca5dda74ca7f80
abc6f24af24a5e9c
5f921fb15f923fca
22fb873522fb8000
83c0b9d1b9d10005
d3dca0b6d3dc351c
d216255fd216b803
db8c0ac4db8ca6d6
0500fb99fb99c119
7c5d6b857c5d7f80
8bfba077a0770000
f3fc3129f3fce5a6
94711d201d208000
3a9a7e5f7e5f7986
bf44a553bf442522
4ccc99314ccca68d
b791549f549fccb4
dc4605cfdc46a2a0
0802429e429e0b20
1905a840a84081c8
52e5067652e519dc
0a09520552051c8e
ec31c4bfec317184
667d9b67667dc264
4df240604df24ed4
a058108ea0588000
28097059705958e8
d7f14659d7f1decc
8f62c618c6181606
fb9592bafb954ed9
e5f47c587c58ff80
9e3447724772a62a
dad8ca09dad86567
2eecb2abb2aaa21e
c088e227e2276331
909275877587c69a
627b733573357f80
f1ea7ef17ef1ff80
fce7c803fce77f80
516c45bb516c57ac
12a8510d510d2439
9eb644be44bea407
a9140b57a9148000
07ca804d07ca8000
7896cc007896ff80
3308b8ecb8ecac7b
a49701d0a4978000
b1251146b12582ff
7a8309c67a8344cb
927bfb62fb624e5e
fb5f5991fb5fff80
e46f5499e46ff98f
ebcc75157515ff80
ac252af7ac06979f
73bea67573bedab6
c8c185d4c8c10f20
438bb5fd438bba09
e07bc201e07b62fd
ea402144ea40cc13
0f5430103010003c
7e441c7e7e445b42
af0e4efc4efcbe8c
d58d5ded5dedf403
6d5d07b76d5d359e
43323b8343323f36
c2484e124e12d0e4
49bf760176017f80
dd75c42edd756227
f73ece7ef73e7f80
a5b942d442d4a919
bb3d8bacbb3d077e
7ed4c5f47ed4ff80
bc13c565c5654203
1fec79fd79fd5a69
0f33e9c8e9c8b98c
7c2c76587c2c7f80
ba196d996d99e837
0ea2171417140000
0bf2e9cde9cdb642
996eeca8eca8469c
c574f769f7697d5e
50a9711c711c7f80
10d764026402355a
671adf17671aff80
768bc581768bfc8c
52ebafcf52ebc33e
aed332383236a198
3e08d72dd72dd5b8
0593f0b9f0b9b6d4
7ea6d3d97ea6ff80
de0eef17ef177f80
ac6c8fc5ac6c0001
ef2dcc4def2d7c0b
7e10e7987e10ff80
ecb7de1cecb77f80
c98e9e5dc98e2875
0e38355d355d041f
80c5f931f9313a88
7f5e20357f5e601d
eda96adceda6ff80
dbcd4ceadbcde93b
b4ce2b38b4cea094
b263f602f60268e7
5a163be55a165686
44b855f255f25b2e
681f60a6681f7f80
854d59c559c59f9e
44277a3c7a3c7ef5
eb2aa0cfeb2a4c89
f28b1ae1f28bcdf4
9ac9c7f9c7f92344
8fe2d7bdd7bd2827
3c45b0823c45ad48
973259495949b10c
d8093ae9d809d379
a2655fc35fc3c2ae
6d87455b6d877367
c970af96c970398d
88b8eba8eba834f2
919b7d2e7d2ecf53
069d2add2add0000
de4b409ede4bdf7b
c2e64c4b4c4bcfb6
dca8f4a0f4a07f80
c9a71aa9c9a7a4dc
f2a479b079b0ff80
747d4187747d7685
94262c062c0680ae
e4cc1456e4ccb9ab
760220b97602573c
c749c6efc7a04ebc
625600176256221a
d7bf221bd7bfba67
48879b7f4887a486
c2e03866c2e0bbc9
cf87d9fcd9fc6a05
81aa62056205a431
0521b0d8b0d88000
1166581558152a06
e384b158e384555f
6841d3886841fc4d
c47f40a1c47ec5a0
8a4481b28a440000
826a918f918f0000
ab65d88fd88f4480
f040c2d5f04073a0
d24fde6ede6e7140
73c3c5bc73c3fa0f
e60f81c6e60f285d
147fd1d1d1d1a6d0
1eb3271e271e065d
6207aae96207cd76
3baaa1793baa9da5
5210d47bd472e70d
7231effd7229ff80
0a1924ca24ca0000
3880e2bce2bcdbbc
ff77ec7cff777f80
883cdca5dca52572
ffd53d027fc07fc0
9baac0aac0aa1ce2
89db68c968c9b32c
83e771297129b598
df9752efdf97f30d
435f7bdd7bdd7f80
c211425f419cc4fd
6bbaabcb6bbad813
8c13416941698e06
3461b01f3460a50c
4f49134b4f49231f
d3609ac4d3602eac
6fd7056c6fd735c6
a4b6971fa4b60000
b6b038f338e8b027
419991204199933f
dd7b6dc16dc1ff80
927e259025908000
636ab561636ad94e
9d55f242f2425021
4518cc7acc7ad214
c2914b6f4b6fce87
163e008a163e0000
9744045297448000
6a3a0fe26a3a3aa4
a0650777a0658000
769a911d769ac83d
4ff3618a618a7203
038758d758d71ce3
bac78ad0bac70622
9e20e949e94947fb
e3491594e349b968
a79c3cb13cb1a4d8
1de40f631de40000
79374a8379377f80
6ca16b616cbd7f80
d64723c6d647ba9a
aee232853284a1eb
c499d40ed40e592a
73f3e4f773f3ff80
8ccc6c316c31b98d
e4716b2b6b2bff80
8a7cd9c2d9c224bf
c6f97daf7dafff80
bb55f801f80173d7
6053eddaeddaff80
b765a94cb7652136
73991dbd739951e2
88a3a94ea94e0000
4f6498144f64a804
af9426d2af9496f3
01809f1c9f1c8000
167060ee60ee37df
a6617d3f7d3fe428
e0546ed76ed7ff80
b63b77c077c0ee8c
bc86af04bc862c0a
1753d70fd70faeec
970a9f449f440000
24fa2dbd2dbd1339
f7cff158f7cf7f80
711bddc4711bff80
8eef8e608f300000
af1c4d404d40bcea
c9654834c938d221
24f76a4d6a4d4fc6
139012ae13bc0000
a9bb07f0a9bb8000
f524f193f5257f80
f42019eff420ce95
bd74a494bd74228d
4a84040f4a840f13
c544c3bec55c4991
03fa0ddb0ddb0000
9ac747fe47fea345
85d3d6e5d6e51d3d
fcac4a3efcacff80
6140438a6140654f
0b562fb82fb80000
f3509d1df35050ff
a4333ec03ec0a386
8a550fe00fe08000
14a7f9c7f9c7cf02
f39e19d4f39ece03
b521fe29fe2973d5
52fd71f171f17f80
675399ab6753c18d
5cd55c785d2879ce
7424fa22fa22ff80
ad974fb34fb3bdd3
8813463c463c8ed8
199f718471844ba4
5e10e39ce39cff80
509aa0fc509ab218
ca75246bca75af61
c90defe3efe3797a
536e7b367b367f80
54394b3154396000
a85bb732b7322018
5806259a58063e21
8767e930e930311f
5a8387915a83a294
e35b6322e264ff80
579fa9c1579fc1f0
2f02339033902312
d0338c11d0331ccb
95d6eb42eb4241a2
5161143a51612623
682d92e9682dbb9d
0267813b02388000
632b4a3b632b6dfa
fef2a7cefef26743
7ea9846b7ea9c39b
a551b092b092166e
f792ed93f7927f80
2daee86fe86fd6a2
993d405140519a1a
bdb052fd52fdd12e
5aa654a75aa66fd9
b9f72ac9b9f7a542
0e7969b169b138ac
50eea79250eeb908
0fa3c439c439946c
80be7e147e14bf5c
2ef2cf30cf30bea6
17b64d1b4d1b255c
e3f569e369e3ff80
42eca37242eca6df
ba60e6bbe6bb61a4
2393356035601981
62e1910a62e1b473
f5004ab9f500ff80
08e5f737f737c0a4
6e325d736e327f80
f7b1c357f7b17b95
9169a671a6710000
f030d097f0307f80
3132fe6efe6ef025
ecfd569cecfdff80
e9050bfbe905b582
01e92f972f970000
c1d583afc1d50612
55315c1a5c1a71d5
5f55b0d75f55d0b3
5d43600c600f7dd5
e72c01b9e72ca979
e07f8190e07f228f
83093c053c058024
ee05613bee05ff80
5af74f575af76acf
85134fbf4fbf955b
0e1d133613360000
3a45141c3a450ef0
2f1d49aa49aa3951
25efebb7ebb7d22b
135d0c98135d0000
7594b13d7594e75b
90e99e599e590000
5cc318c85cc33618
7171192d71714b23
4394d6ffd6ffdb13
68bc0f2268bc386e
d129fe94fe947f80
f061a81ef061590b
80b9e213e2132354
3ec031803ec030c0
6de02cd16de05b37
d795a975d795418f
4080c8f5c8f5c9f5
d88ccaf6d88c6407
8a868e6b8e6c0000
cd2b6e606e60fc16
80f2e7a8e7a8291f
5524345755244a0a
47aad087d087d8b3
6ff0aad66ff0db49
271efc92fc92e434
ba71cfefcfef4ae1
73223fc87322737d
81d99e0e9e0e0000
0294ce8bce8b91a1
a2161f68a2128208
cc2363386338efea
bc6b5c555c55d944
e7fae61ce8077f80
f3c79125f3c74580
25ecc681c681acee
4ad1a4134ad1af70
8db6df85df852dbd
7b57b3d27b57efb0
efe898feefe84966
a2184d844d84b01d
870b89c889cc0000
1f0dc4fac4faa48a
d7543928d754d10b
143d66fb66fb3bb9
4f9ebc574f9ecc85
66a3426566a36992
da108f69da102a03
ab361759ab36831a
742e6e7c742e7f80
5b3f4c905b3f6857
0d7fe60de60db40c
c611830ec61109a1
ef31dc43ef317f80
5bb77fd67fc07fc0
06c0e981e981b0c2
6f3375d875d87f80
e712c950e71270ed
64bbd27564bbf7b3
7922362579226fd1
903f40644064912a
c03b6c076c07ecc5
648558d064857dd8
e5caaca3e5ca5301
6474c6816474eb76
cf6e5fee5feeefdd
bb3557065706d2bd
2d207717771764bd
9318cc1bcc1b1fb8
aa3bfd8cfd8c684d
e0362175e036c22e
4d2e47f54d2e55a7
33d4b05733d2a4b2
d74b3f0ad74bd6db
1d2f15a81d2f0000
b59dad7fb59d239c
cc34590f590fe5c9
3267151532670806
cf9f2059cf9fb087
c2f7bba2c2f73f1c
951248bb48bb9e55
239c07c6239c0000
bc57d9ffd9ff56d6
6ff806306ff836aa
2556346734671a41
635b713b713b7f80
83b3e2c1e2c12707
0c22418241820e25
c26504ffc26587e4
7378e3c67378ff80
6517054465172ae7
bce21bafbce2991a
0318ac7eac7e8000
6963ac226963d610
af160622af168000
9ca77dc07dc0dafa
6faef29af297ff80
6f12ec206f10ff80
4ee37b657b657f80
c3e02075c3e0a4d6
e01da66fe01d4713
f1d72ae8f1d7dd43
93b4a65da65d0000
6b1068386b137f80
388e82ac388e8000
0d83106f10730000
c2cbbae9c2cb3e39
1e95b911b9119829
26e38b2b26e38000
0e28aa4caa4c8000
a7e13eae3eaea719
ad8caba2ad9619b1
fafbde9ffafb7f80
d0ba0444d0ba958e
ff9465987fc07fc0
d1f40909d1f49b83
ffa15e0e7fc07fc0
977d560d560dae0b
51dac05d51dad2bc
f9b47d537d52ff80
05a42fd42fd40000
afdc7ab57ab5eb1c
2af4b509b509a083
8dd7f82cf82c4690
f85d3bfef85df4db
a17d288c288c8a8a
12e2cbfdcbfd9f5f
12f2012c12f20000
249c721d721d573f
e157aeb8e157509b
b7370b9bb737835e
8488ba11ba110013
5a1427725a14420c
06745bb85bb822af
6b07c6506b07f1db
9fe229b429b48a1f
6ee96a796ee97f80
60355f0d60587f80
03b4f287f287b6be
83dd5b9c5b9ca007
ac390e76ac398000
4c490d174c4919ed
7634ad697634e424
f8bcbac0f8bc740d
f21d9a54f21d4d02
81ddfa9efa9e3d08
03b20a9e0a9e0000
68c42bda68c45527
a0a47b8a7b8adcb1
980250445044a8c7
861558bf58bf9f5e
060ed044d04496d9
27cc2d022d02154f
c3ee680f680fec85
a9afbf78bf7829aa
72f7926472f7c5dc
b54ad8bdd8bd4e95
b6baf4def4de6c21
8307cd97cd97111f
d8020b80d802a402
8548e80fe80f2ddf
ea45b732ea456209
c0b36e4e6e4eef90
2cc5601260124d61
f1e8bcc4f1e86f32
d7c95270d7c9eabc
2b2ace7bce7bba27
d7c05710d770ef58
2ae03ee93ee92a4c
476ef7f8f7f8ff80
27740fb127740000
d486ae16d486431d
6c83def26c83ff80
91410cc891418000
008c8be18be18000
b827df23df2357d5
b23282cfb2320000
6768f35ff35fff80
46bd043446bd0b85
509962d862d87401
a86d8d77a86d0000
a97c5bc75bc7c5c4
b7a3b798b81e2fc2
3183a2463183944b
e3838e7fe3833282
72f3084b72f33bc1
d499c2a1d49957c0
6c72f7a9f7a9ff80
267c9b9f267c829d
574d400e574d57e3
d9b109d5d9b1a413
ecdf6c49ec75ff80
8b99cdf9cdf91a15
c3684c5e4c5ed049
3c12d178d178ce0d
8c477eba7ebacb91
98b2a467a4670003
39c9f39af39aedf2
b33ecd46cd464113
863e02b2863d8000
ae3d49414941b80e
75468f8b7546c557
fd911eb2fd91dcca
3813e611e611dea7
6a487af07af07f80
95c7b66eb66e0cb9
173c97ed978f8000
64fc89d664fcaf53
110a11bb12000000
947b13ad94248000
119dd4c3d4c3a6ef
ca9c4e6f4e6ed992
16b9f991f991d0d2
e5e69ff3e5e6465a
f6ddc906f6dd7f80
2bf9a8092bf89485
2253fa24fa24dd07
d17e0c70d17e9e6e
58e1806158e199ab
bb82f771f7717375
a6576ee36ee3d5bf
5eb8695c695c7f80
7ea6f75f7ea6ff80
c69dac6cc69d3391
04e66f306f30349e
f10e437df10ef50c
6f9da02d6f9dd054
6dca26176dca546e
6eafe4366eafff80
cf8b1577cf8ba586
3fc9f85ef85ef8ae
118ef317f317c528
24c4e63ce63ccb90
d15ce5a9e5a97791
1936bbafbbaf9579
081d627b627b2b1a
974f0f93974f8000
acef20dbacef8e4c
e05fac04e05f4ce6
7ed73ac97ed77a29
ff57c1f2ff577f80
eb794c5eeb79f858
fc6038e8fc60f5cb
a7a111b4a7a18000
b656aec1b65625a1
b907efd1efd1695c
31b1a16e31b193a5
6803dcf56803ff80
5ddd2e465ddd4cab
703da034703dd105
8a035ed25ed2a957
19e49a2899588000
491f4b834b885523
671b1353671b3b00
b51f8e6ab51f0411
5032fc9ffc9fff80
531e106a531e2410
798c2c98798c66a6
7773696f77737f80
e48e51e6e48ef6ff
d2ac1903d2acac30
fcbb7a49fcb5ff80
e8588ee0e85837bd
58392ab158394380
f715425af715f9fe
6ae792806ae7bde7
ecc569f0ecc1ff80
5fe22dc05fe24e2a
663742596637691b
2b9945a345a331c3
d7bc2c49d7bcc494
48f4a40c48f4ad85
80c67db17db1bf09
4a1737f14a17428e
cb0653a253a2df2a
ba3ffdcffdcf789a
9d9212f39d928000
d2f22611d2f2b989
0eeefd97fd97cd0c
41fe60c960c96347
58b09d1058b0b646
88ff2cef2cef8000
63370b8463372f3d
6d21dd406d21ff80
cb6de90de90d7503
67025b6a67027f80
99a3cfc2cfc229f7
b1742c42b1749e39
443e18c8443e1d94
dec8bf15dec85e69
5b553dbd5b55599d
5cdb41cc5cdb5f2f
0fe970bc70bc412b
d6c29b93d6c232df
0a81e7ace7acb2ad
79e8c58c79e8ff80
af268d3daf260001
0c1db772b7728414
f6739da2f673549a
87125dba5dbaa554
f2449deef24450b6
2668f827f827df17
58411026584128fa
777581727775b968
b3c5ac70b3c520b9
75953fc8759575e9
b4ed3d3e3d3eb2b0
bf035db75db7dd3b
899168656865b282
5ee4e6cee6ceff80
6d913fb26d916dca
c3c3ea0bea0b6e54
530a76fb76fb7f80
cfb902a8cfb992f3
a786a4b0a7890cb8
e50de084e50d7f80
a8bff535f5355e87
e466039ee466a88e
c52bc89ec89f4e53
74d9d63774d9ff80
5c3ceb7deb7dff80
ceff6db76db7fd36
e37f32f9e37fd6f8
4f152cec4f153c89
c70c29b5c70cb146
832f5a6a5a6a9e20
a2d5a8b1a8b10c13
6f1ff179f16fff80
165e0c93165e0000
db5c9ebadb5c3aa0
5c3140805c315d31
4ec42f384ec43e8d
0a44ccc2ccc29795
f5c2b657f5c26ca3
356589863565801e
a1d357c057c0ba1e
51a17df47df47f80
9f1439953995992c
057fde09de09a408
435ccc28cc28d010
2cf58e792cf58000
3fa4503c503c5071
16729a1e9a1d8000
1eaf831e1eaf8000
e02e23e0e02ec498
920dc197c1971426
44347fb47fc07fc0
1671439043901a88
522c08e4522c1b99
e558a21fe5584806
a7b00ecfa7b08000
09bb6d9c6d9c37e4
50554a7b50555b51
071bb270b2708000
2e5182562e518000
7e4848ef7e487f80
4f9043f94f90540c
d008b3acd0084437
1308b48fb48f8818
2826636663664c15
596af082f082ff80
287c73f673f65cf2
56e4aadc56e4c244
b1baccf7ccf73f33
c0f972a772a7f422
43c5cc44cc44d097
0772a7e2a7e28000
2c89adb2ad909abf
670025e567004d65
33092d2c330920b8
9c7f8dbd9c7f0000
44732ebd447333b3
d848ec16ec167f80
f84e96fff84e4fcd
0759f781f781bf5b
338a43f243f23802
88bc1a7d1a7d8000
33bd4565456539a9
5616719771977f80
e4e423cbe4e4c935
d95fa39ad95f3d86
caed4741caebd2b3
e4aeae47e4ae5387
0400d529d52999a9
e7574ed3e757f6b1
4f15a99c4f15b936
61406aa36aa37f80
b6ab1d68b6ab949b
ad36a167ad360f24
11e7db93db93ae05
694a031a694a2cf3
7ba68a1c7ba6c64a
806745a545a58685
000fc0c7c0c7805d
a5f174d474d4db48
0295260926090000
6a60dba96a60ff80
f5492f34f549e50d
c5ac649d649dead3
354a70357035660f
3dd4a6513dd4a4ad
2bd4683a683a549a
62e74ce662e77050
8a25c306c3060dad
371dbc77bc77b417
749119eb74914f05
b19892edb198050d
1169d333d333a523
027755f255f218e9
65efae1565efd48b
3d1f98ac3d1f9656
a9df0566a9df8000
fb305998fb30ff80
fe3fc177fe3f7f80
4c6be942e942f632
b91c8027b91c0000
661892bf6618b963
5eaa8c365eaaab72
864648ae48ae8f87
eb7087d3eb7033c6
f2f217d6f2f2cb4a
57c7360f57c74e5e
0f0dc31cc31c92ac
561ba0c2561bb76b
c836d009d00958c3
8988c92fc92f133a
4a3ba75b4a3bb220
1c7cc786c786a484
9ef3e63ae63a45b1
d3ae9a5ad3ae2e94
6f22fa34fa34ff80
511b5f665f66710b
2d596df66df65bd1
557d7b7c7b7c7f80
efd6924cefd642ab
9e4b90ca9e4b0000
3f370f0b3f370ec7
1f9db352b3529381
8cc32c012c018000
d1870d1ed1879f27
0de4fadbfadbc943
861daa8eaa8e0000
aa78ab63ab90165c
a892c17bc17b2a8f
cde95b2c5b2ce99d
d876dde3dde376da
61f99bd561f9be4f
8b78a24aa24a0000
035b869286908000
c03747b047b0c87c
1224dd7fdd7fb023
2901ec9dec9dd61e
851ccd09cd0912a7
89d7ca98ca9814ff
32cfe581e581d8d1
901584fa90150000
53412bca53413f98
87250c880c888000
2633d788d788be3e
e59f57e6e59ffe0f
3ef6049f3ef60419
b166d9b5d9b54ba3
18451b161b190000
8618a3e4a3e40000
44a9ec38ec38f173
44a90b0744a91032
7caa37867caa74b2
331fed32ed32e0dd
788db281788deb8e
95f7fd45fd4553be
d4c3496ad4c3deb2
254d63566356492b
d471434ed471d842
b0fffaf6faf66c75
b9951043b9958a63
9abcfd27fd275875
52b798db52b7ac1d
8d9989ed8d9a0000
4b6410744b641c59
ce028cd2ce021b55
d5d96fed6fedff80
0354b57db57d8000
8053d574d574161e
72ff256c72ff58eb
777d2e20777d661e
066e70c970c937bb
4e18901f4e189ebd
6766029867662a89
4bafcf39cf38db7d
fd796323fd79ff80
d0713b95d071cc8c
bb1a258dbb1aa12a
2863919328638000
7d0c41147d0c7ea2
55bd663466347c85
258d29cf29d00fe4
c6c078407840ff80
4cac05694cac129d
c6f07c207c20ff80
68dbd89268dbff80
873c358135818001
794d823a794dbc15
5c24d6ac5c24f35c
3f3b0f003f3b0ebb
a97e5a465a46c444
a27a1cfba27a803d
920b9fe49fe40000
18897b947b94549e
f99085c8f9903fe1
f163b819f1636a08
0e80db64db64aa64
4f2772d672d67f80
6bc8cf2f6bc8fb89
2dce0f1e2dce0002
124de065e065b337
dd5acc53dd5a6a34
392e7c207c2075da
f9cc62e4f9ccff80
1d6860cc60cc3eb9
45a00e6d45a01494
19f6de26de26b8a0
b8a40c74b8a4859c
ae15da09da09489f
80c9215921598000
a8c12dd42dd49720
3c1ff91af91af5bf
821c182d182d8000
320d687168715b05
ac1ef9edf9ed6692
705a981d705ac906
398e15ae398e0fc1
d8dba6c5d8db4029
2da7dfb1dfb1cde7
56d250cf56d2682a
eb688a34eb683623
3298266732981989
8517b560b5600000
98c1af1daf1d086d
962f675a675abe15
d5552efdd555c4d3
5bd159f55be07648
3bc98bc93bc9881e
c2c5497a497accc0
f757fb94fb947f80
a2992d652d659089
e81ada53e81a7f80
d4531501d453a9d5
410b64006400658b
1bd8d0b0d0b0ad14
d1262e65d126c014
d9eb25c1d9ebc031
93efa269a2690000
623bce70623bf12f
6df8b6a46df8e51f
7a5c96e67a5cd1c6
a6ff0ee6a6ff8000
6f5d786478647f80
f87367bdf873ff80
7becb4507becf0c0
1b56f524f524d109
8a6b99de99de0000
c855c593c85a4e75
012c66686668281c
563ed495562beb5d
fa937ba37b7cff80
91f73630363088aa
3ef3979b3ef39713
b16232d632baa4bd
eaea0251eaeaadbf
a99c89fca99c0000
416aa3a5416aa597
6bed14e16bed4150
604fbc0d604fdce4
883e11f111f18000
0327f114f114b4c1
84478e9b8e9b0000
da649e70da643956
c9a18473c9a10e99
f2072f76f207e202
1728b3a0b3a08b52
598faf71598fc987
763bcc12763bff80
1e2865a765a7445b
50d59af750d5ac4e
9fe986e79fe90000
ee599e5aee594d39
2be6bef4bef4ab5b
a0c3d01dd01d316f
3123289231231a3a
b2ed57e557e5cb54
613abf93613ae156
7bc993707bc9cfbc
34868b513486806d
e5d199ffe5d14050
a4254ac94ac9af82
726d5f0c726d7f80
7fb8d1f07fc07fc0
ea2ef8b6f8b67f80
af0a738a738ae315
adba48e248e2b724
bc6c2908bc6ca5fb
ab74e13ae13a4d31
70e2075070e238b8
3411073634110000
9f9358ca58cab8e8
244520c424470597
1daf685968594694
f7422aecf742e2b3
b6b1bb8abb8a32bf
1c12f644f644d2e0
45f821ba45f82834
9f9513f79f958000
c15e47cb47cbc9b0
79220c9179224638
a4530474a4538000
44ac524852485786
d65269b469b4ff80
9623cc58cc58230a
3795756e756e6d8b
403ae898e898e95d
306083c230608000
7dff746f7dff7f80
a0112dbc2dbc8e55
b68d5c8b5c8bd399
4885ba0f4885c315
f9a66d05f9a6ff80
2c4a779277926466
8fd892ed92f00000
8d3c63326332b103
06897d387d384445
6d6b49b66d6b77a7
fa1bf4d3fa1b7f80
34d5703b703b659c
972de0b0e0b0386e
e6424ce3e642f3ac
eee57dc37dc3ff80
9c0c3c813c81990d
aa55c161c1612c3b
11e23650365008b8
0c2992b592b58000
db471f52db47bb23
e21c466be21ce90f
411720b141172251
8efcf5f8f5f84574
8de5d8bcd8bc2728
c4afa8e0c4af2e19
39b162d262d25d11
dcfc01a1dcfc9f1e
c87ed25cd25c5b5a
6cf1c59e6cf1f315
ea0007a8ea00b228
19bfac1fac1f866d
2638437c437c2a35
c4e8cf50cf5054bc
fbb9f5d4fbb97f80
3511046935110000
cf7f3f37cf7fcf36
fef4bdf0fef47d65
9027e42ae42a34de
ea7b9b20ea7b461d
cc31206ecc31ad25
c7b8a7e3c7b83023
d9bbca08d9bb6447
e12869b669b6ff80
cc338cf6cc3319ac
ad6c6d876d87db79
8fe4719c719cc20b
7a61f9ad7a0aff80
8d7d930793070000
4082b79c4082b89e
eaa8ff7eff7e7f80
49786ff06ff079e8
e4a89c8be4a841b6
92c3dc2ddc2d2f84
7ae912b17ae94e21
f8e71eeef8e7d857
d906da23da4473ab
6685971f6685be25
d3b2785d785dff80
69f4915669f4bbcc
398321e239831be7
ced51033ced59f95
5c610b085c6127ef
93bd00bb93bd8000
7352b81b7352ebfe
c0a53d72c0a3be9c
889fef8bef8b38ad
223435b635b61880
6f6f9f1b6f6fcf11
dbd1c523dbd16185
e339593ee339fd09
ff6d492fff6dff80
0b48686168613430
d36b11f7d36ba5e3
77d813b377d84c17
f90c6b15f90cff80
5d01d7565d01f4d8
eb32d338eb327f00
2e06d603d603c489
1016405d405d1101
c55e0045c55e85ef
589d55e658a16f0d
8dde57b257b2a61a
b05d1e8cb05d8f72
14deced9ced9a43c
7783861c7783be20
b910ca02ca024392
6e9b91976e9bc0b7
ddc083e7ddc0222d
2c9814672c980189
e5224e56e522f407
f70e463bf70efdcf
1166740c740c45fc
e6bd59f4e6bdff80
1628448744871b31
c036615f615fe21f
6d43236c6d435134
4f8f3f2d4f8f4f41
9b5cb553b5531135
144bfa4cfa4ccf22
3e0d62b162b16143
049115c415c40000
d9a7fe9dfe9d7f80
b091d0a5d0a541bb
d80f4655d80fdeee
445cfc77fc77ff80
85e6ec1bec1b328b
8cfea32aa32a0000
ae652484ae65936c
55b83d6055b853a1
c70ad687d6875e12
181ece4ace4aa6f9
25439f4325438515
05b78ca88ca88000
7c7e1b777c7e5875
06678e208e208000
8d962b2f2b2f8000
1cfe37c337c31541
7b696dd57b697f80
976862406240ba2e
73648cdc7364c0c4
7797738177987f80
78f0d56b78f0ff80
7fd242707fc07fc0
60b21b5460b23c93
2deb3004300b1e72
54b2de5bde5bf398
dcc7f96ef96e7f80
8b41ab03ab030000
7c5119107c5155eb
add67e307e30ec93
a12399a8a1230000
ea9bd038ea9b7b5f
91c1115b91278000
18da1e5b1e5b0000
b59d74b974b9eae3
18ab12a818ab0000
03c69e119e118000
5039772977297f80
a9dbe0bae0ba4b1f
41a7514651465381
b8d93383b8d9acde
71f7ec5671f7ff80
3fd98f533fd98fb3
318f5392539245a3
e0bb72297229ff80
9168f3b1f3b145a0
2d3516ff2d3504b4
183a1bb01bb10000
9028ecf5ecf53da1
72bd9bb772bdcf07
99a792d999a70000
8c48667d667db346
dd575e355dfefc18
bf4d801abf4d0015
a403b604b6041a87
22dd56345634399b
8fb853d053d0a416
160fe104e104b793
7a4d27537a4d6229
77da6cdb77da7f80
93d352255225a688
48f65f3f5f3f68b8
9d5760286028be0d
b834fb81fb817435
0cc28a810cba8000
94afef8fef8f44c4
a6bfcf92cf9236da
2674a392266f8a8b
2adc12e02adc0006
03a82ad42ad40000
f36b1951f36bcd40
eb572604eb57d1de
6540146a65403a30
0ee138fd38fd085e
7989e0a47989ff80
aded83eeaded0000
682c0df1682c36a2
1925d522d522aed1
c97d3ccdc97dc6cb
ffd61fc17fc07fc0
75471e9275475463
fdc58080fdc53ec5
7a45ca0a7a45ff80
e4ded8d1e4de7e35
05142f212f210000
9626e99ce99c404a
9cdf80ab9cdf0000
3dd17bcf7bcf7a29
b211018eb2118000
db99bdafdb9959d1
2f653db53db52da2
7059192d70594a13
38d9cadfcadfc43d
802777387738b760
1d27ffab7fc07fc0
3f2d17ee3f2d17a1
2bf9b844b844a4bf
156b9871986d8000
48b6f9e1f9e1ff80
a635c0b1c0b1277a
a70a277626d88f05
e9f188c6e9f1333a
23b842d042d02716
ad81c23ec23e303f
8358760d760db9ee
5d322c245d3249e4
f4dcfaacfaac7f80
ab6f04ffab6f8000
8396b4a1b4a10000
f8f0151ff8f0ce95
51a5089451a51abf
b1d7e957e9575bb5
b44eb86eb86f2d40
6982727172717f80
ad0933da33daa169
d96531f3d965cbd9
77f074df77f37f80
d20162196219f49a
e09bbe06e09b5f22
5edb65e765e77f80
3943a6953943a063
7ab3f5cf7ab3ff80
36d3938436d38ada
91aad24ad24a2486
7deee0cc7deeff80
f8aed85cf8ae7f80
924adb7ddb7d2e48
5b55a3df5b55bfba
a2d070a370a3d404
30f57b6e7b6e6ce4
70b567b270b57f80
4c0771df71df7e6b
425ad774d774da50
034a1e1c1e1c0000
cceda98ecced3703
408eab6f408eac85
b210668c668cd91e
30e8159d30e8070e
8e33eb43eb433a08
fb73ca3bfb737f80
292a57fa57fa41a6
fa5afef8fef87f80
355e569756974c83
eedb929feedb4208
e23d79de79deff80
55512a4955514024
ccef12d5ccefa047
9eafd784d78436b4
ab493fb53fb5ab8e
3dd9d0a2d0a2cf09
94d5c2fac2fa1850
17f379247924519c
843c670c670cabce
4247b12b4247b405
eb8abfe0eb8a6bf2
81a81caa1caa8000
7ff4b77b7fc07fc0
3083d1f9d1f9c2ff
40c059b559b55b08
6c65a25a6c65cf43
3cacbff9bff6bd27
13c7fe76fe76d2bf
0da74e994e991cc8
2e064a7e4a7e3905
7211e5957211ff80
dcc3ea24ea247f80
bb5fb98bbb703572
f7b990a7f7b948f1
4a6fc02b4a6fcb20
abd6e701e7015358
d88069356935ff80
b543c57fc57f3b42
384f5b095b0953de
521c28a8521c3b4d
a4b8f2e6f2e65825
d42bef71ef717f80
192e520452042bb3
7f35f3f67f35ff80
aac5091baac58000
acd607f1acd68000
74bee07974beff80
221ae3cde3cdc677
b1faa578b1fa17f2
e3fda885e3fd4d03
59e7721c721c7f80
374cdca2dca2d481
110c2f6c2f6c0101
6954a5af6954cf91
9d469d0f9daa0000
2a1d7ed17ed16980
ce41284dce41b71b
ba542cc8ba54a7a6
06aee850e850af8d
71466fdb71617f80
05ee537f537f19ed
f67e9266f67e4964
5c5e07815c5e2460
533196805331aa31
adb311d6adb3804b
486bef49ef49f839
81c777487748b99b
d8c10335d8c19c88
dd5f94b3dd5f329c
ca5f5a4a5a4ae530
9fc173d073d0d41d
af9f395b395ba988
cab2a9a1cab234e0
245197cc24518001
a0c414e9a0c48000
88049cb49cb40000
99e7bce9bce91752
25a3b99eb99e9fc9
b0b0185cb0b08997
f4c1cad1f4c17f80
90d581ec90d50000
3e65fa50fa50f93a
1e059f5c9f3b8004
bc6273947394f083
2ee7840d2ee78000
7439c1707439f62d
7a49ed2b7a49ff80
a1f6e32de32d45a6
b7325d955d95d54f
5a8df4a1f4a1ff80
1790e56ee56ebd86
9c5a0c069c5a8000
5d1eb13c5d1ecee8
2220b8b2b8b29b5e
06c46b7a6b7a32bf
22f81c8722f80041
8516650f650faaa8
22d4852022d48000
c5083de0c508c36e
716725a071675790
bcc19d98bcc11ae5
cdb5655a655af39a
24f015b424f00000
2440966624408000
f366dde4f3667f80
819c49f349f38c14
22db392b392b1c92
605fccb8605feda0
eb1a4cb4eb1af859
69da651a69da7f80
9400188f188f8000
77bf4f0377bf7f80
fb8abdc0fb8a79cf
26ba112e26ba0000
2c8574537453615b
f0c5bce5f0c56e30
d3c76ce86ce8ff80
4b7f5afe5afe66fd
a4418584a4410000
179d2f912f9107b2
e2839ae6e2833deb
890a0e1e0e1e8000
c046eabdeabd6b92
1859059418590000
06afe09be09ba7d4
4711611d611d68b2
ca394982c9f0d43c
4de9f2a8f2a8ff80
dfe0c176dfe061d7
1fbb6479647944b6
d8b75d825d82f6ba
a8ac08eba8ac8000
629da2a7629dc5cd
e5cbe4e5e6027f80
e6e94289e6e9e9f9
7034c8d47034f995
857cec76ec763272
f199371ff199e93e
60dbc40d60dbe571
35e11b2935e11195
453b9566453b9b28
434c0395434c076d
433a58f458f45cb1
2ebf7ad47ad46a1e
1ac815711ac80000
eadcc5b5eadc711c
a8e8dd0add0a467a
8da6db85db8529ac
1a4c24912491001d
aa9f4fe94fe9bb11
f688eee3f6887f80
b5875f3b5f3bd545
94a1a09da09d0000
773d2ad9773d62a0
875137d537d5802b
c2bafbcbfbcb7f13
c0a4c4a2c4a345d0
adb99725adb9056e
88e1b4c5b4c50005
f7803b1ef780f31e
d1f811ebd1f8a464
1015876f10158000
58e80a7e58e823e6
299587a029958000
4fde9a3c4fdeaaa3
8f64142314238000
3e5236e13e5235b9
1467fc8ffc8fd181
40ec25de40ec274d
6e2ca2466e2cd105
3a2ae2c1e2c1dd80
a2359523a2350000
fc2378d0fc21ff80
e4d79a6be4d73fc5
d7b067f467f4ff80
f491d292f4917f80
5e7fbb865e7fda85
7fc965b37fc07fc0
c8a1c72cc8b65058
0738de6ade6aa628
ff3425dbff34e59a
1bb5d53ed53eb186
af5d27fcaf5d97da
6cd908d96cd93638
da748cd7da7427cd
c123897ac1230b1f
f2951530f295c84d
25c7eacdeacdd11f
15fd7bcc7bcc524a
b0d813ffb0d88557
d55cb4dcd55c4abd
cb3548d9cb2ed499
2ddb611461144f7d
494d87a7494d9186
9e0847874787a60f
b9d4bbe0bbed363a
ea52dec2ea527f80
3d6405e43d6403cb
2af18d5c2af18000
9e8039c839c898c8
f8215b29f821ff80
f4896768f489ff80
73f36f2173f37f80
203803a120380000
ef50373eef50e71a
75b3fac5fac5ff80
da849f02da843a06
d0b6b870d0b649ab
2696bac5bac5a1e7
0c85d3f7d3f7a100
2e1ce8c6e8c6d771
754a74db759c7f80
793540dc79357a9c
0207f837f837bac1
fdf3bccefdf37b44
7e13f1337e13ff80
9402c93bc93b1dbe
68d9b33168d9dc96
4d2885c84d289383
232148e948e92c93
eb019adaeb01465c
b05aa482b05a155d
0014a42ea42e8000
ad2dfd09fd096ab9
854015fb15fb8000
4dfac5e94dfad464
fef68107fef64082
8c950bb58c508000
13d6c87cc87c9cd3
ebc335eeebc3e235
57ac305657ac4890
f35de4dcf35d7f80
1db5bbf7bbf79a2f
9bc13b983b9897e5
1ec5075f1ec50000
879d59f859f8a218
4c26412c4c264ddf
36f56edd6edd6654
96c5faa0faa051f6
35a2c2bfc2bfb8f2
475ef253f253fa37
12edd987d987acfa
be0738d8be07b764
1e50d3eed3eeb2c1
a656f40ff40f5aef
2af99f742af98aed
a430d651d6513b10
28f34b7f4b7f34f2
9530924695330000
1aafeab2eab2c5f3
461f308d461f372f
45b47c307c307f80
743530d974356599
1ae988601ae98000
c5708a02c5700ff4
331e3611361329b3
925e69446944bc2a
c7090fe9c7099779
895533b633b68002
ffcb36667fc07fc0
634587f56345abbd
aaa7caedcaed361b
fd21471cfd21ff80
2831e8c8e8c8d18a
7b34a2d77b34de97
b7d0ad8db7d025e5
99b537293729916f
a16a64b564b5c6a5
93d94a734a739ece
d46d9521d46d2a15
4b470e064b4719d0
a963647b647bce5f
8270bb0ebb0e0004
7c23b6d67c23f388
ee94555bee94ff80
1d5219bd1d530000
a8679f2da867081c
2da31ffe2da30e22
d6a8c0a4d6a857d7
62d6279962d64b00
2c7f4c694c693968
f96eb6abf96e709f
28ec629c629c4c10
d3642b3bd364bf27
d3d423aed3d4b810
365540654065373f
3fdf52e052e05343
2fd2dd08dd08cd5f
3331028e33310000
9378ddc9ddc931c3
81e06b726b72add4
1e686cfb6cfb4be3
3b4b46af46af428b
ace1736b736be0cf
e98add27e98a7f80
c1c5711d711df372
3284ed01ed01e005
ec9cd31bec9c7f80
16d2abd6abd68330
3d7a50ab50ab4ea7
cac752c252c2de17
08141eb91eb90000
906aa97fa97f0000
f9556546f955ff80
0b0ea0a4a0a48000
ca0c3086ca0cbb13
b0254dc94dc9be82
776d94dd776dcccd
47b81c7447b824af
c01f53a753a7d44f
ca2afcb6fcb67f80
cbc5f745f7457f80
f8be3016f8bee95f
926cafc6afc602b7
96bf54df54dfac26
13506506650638da
2c70b6deb6dea3d0
e67cb2ece67c59e8
44b2964b44b29b8d
57550e3457552616
51d4106751d422bf
9edbab28ab280a90
b700afccb700274c
3df8a8d13df8a74a
f2896764f289ff80
9718190118ef8000
12eadd9cdd9cb10f
3f0024ea3f00246a
bd112feabd11ad85
dc0be81de81d7f80
75adc6b175adfcef
beee5ff35ff3df62
20acc228c228a362
372c7b477b477306
242a30a030a01554
d0ccd4b0d4b1660c
d74ff52df52d7f80
7c629fcc7c62dcb4
257be6d9e6d9ccd5
6c25a9736c25d61d
8bd090a190a10000
b86986cdb869002f
cae54e564e54d9bf
073fd509d5099ccc
79c6dc8479c6ff80
064c94db94db8000
8c00643e643eb0be
c8ffbd77c8ff46f6
abceab0eac0a1765
93a9f3f0f3f0481e
4aef5755575562c7
827a7b377b37be33
469de5d1e5d1ed00
a068f524f5245615
086caf74af748000
87e3286128618000
8f6f34e434e484d5
8e9d439a439a92bd
8b512c412c418000
4e14150d4e1423a3
fc0e54c3fc0eff80
4d0c4e194e3c5ba7
9c99606b606bbd8c
2261519c519c3489
fa42ccfcfa427f80
bca3013abca38007
c4c31c96c4c3a1e5
d684bf6ad6845671
866b9ea29ea20000
609d767c767c7f80
591132e659114c82
c45e26eac45eabcb
41339203413393b7
f53aba97f53a705b
3491297a34911e8e
6edfb7ab6edfe715
dd54b6f2dd5454c8
2ff75270527042e8
6a8e9cc76a8ec7dd
08608d8c8d8c8000
4175d1ebd1ebd3e1
9291dd75dd75308b
b2e87bae7baeef1e
2769f1d3f1d3d9c0
4c1b1fc04c1b2c68
1fdd07341fdd0000
43811e7243812274
0ac3f184f184bcc9
6af22e5a6af259ce
94f1a3efa3ef0000
ab60ad23ad31190f
6bf583df6bf5b055
0d33f272f272c029
e1b125f2e1b1c827
a9dbbdd8bdd82839
9514265326538000
051ce863e863ae0a
e620cf52e6207603
332876ff76ff6aa7
bead51bb51bbd0fd
e4e1c1f1e4e16754
71c2579871c27f80
d17c074ad17c9947
c5bb1271c5bb98b0
a7312bf32bf393a8
d3aefc57fc577f80
5582899c55829f9e
c0e650ba50bad227
36c5c8fcc8fcc042
c46a4fd84fd8d4c5
14a021f521f50000
a39942294229a64a
0460721a721a3707
82f7245924598000
575c643764377c1d
6d6dd8026d6dff80
1d2c31b731b70f76
3833454745473e0b
a5a319e7a5a3804a
b854ae01b85426d6
0a7075db75db40cd
97257b067b06d2ad
b3afa51eb3af1958
c53fa222c53f27f2
d2150c37d2159ed5
447d1963447d1e60
5eed255f5eed44ce
3323f954f954ed07
8b262d762d768000
0b49db9bdb9ba773
1b1ea31aa31a800c
d68e4a56d68ee16d
538179d879d87f80
fdc18d11fdc14b5b
88abff25ff25485c
8611db2ddb2d21c4
232557f157f13b9b
6605174e66053dd6
15e42db22db2041f
d15e57105710e8fa
e482f2cbf2cb7f80
0a06169e169e0000
88de4761476190c3
e72675ec75ecff80
fce90ee2fce9cc4e
4842f227f227fafd
c66a0f90c66a9684
66e37af97af97f80
de865f425efefe4b
69bc7b7a7b7a7f80
3293e621e621d939
410076b676b67836
c46f79de79defecf
3a4bc9d5c9d5c4a9
22185f4e5f4e41f5
1d9700e71d970000
ab7167146714d30b
be9e60696069df90
c165333bc165b527
08a014f814f80000
72e8736773ae7f80
18e7ecb0ecb0c61f
6356e4b2e497ff80
5cba4f975cba6cdb
ffcf37f67fc07fc0
5e3023385e3041fd
0780346034600000
075a79ab79ab4192
7f2cce677f2cff80
ce5364646464f33c
4cd69e9a4cd6ac01
43f1318343f135f7
44b5fa3dfa3dff80
1ca2ad8bad8b8ab0
67e944f067e96d5a
02f6a9d9a9d98000
24c8d4e7d4e7ba34
904cbd6cbd6c0e3c
3975fcb8fcb8f6b0
25150fdf25150000
719cef717194ff80
3ed2920b3ed29164
a6f1ebb9ebb9532e
d663d258d6646940
d755e456e4567c32
eff1ef9af0467f80
c6e960b560b5e825
c515200dc515a5a4
fe083ea3fe08fd2d
c3fb88d0c3fb0d4c
9aeda4caa4ca005e
07b7b7f5b7f58058
3b5551de51de4db9
9605b1deb1de0867
02c9cd27cd279083
a40c0083a40c8000
da6e2ad0da6ec5c1
375af4abf4abec92
fd265030fd26ff80
60b8c47c60b8e5b5
7980688a79807f80
b05c2e1bb0529f05
24b83b5b3b5b209d
aef9d333d33342ae
d23a7c827c82ff80
58b59e1a58b5b75a
7a4189c57a41c495
607f06d6607f27d5
64f841a964f86724
d322c982d3225d25
7c41a0fa7c41ddbc
5cae34965cae51cc
43b40bf143b41029
33413b2a3b2a2f00
d1c6b3e6d1c64632
7af8cb947af8ff80
82c60dfe0dfe8000
182a8a24182a8000
bdd01ea6bdd09d07
720dcd1a720dff80
24f7b0c1b0c1963a
2df934c534c52340
a36b7c0c7c0ce001
1fce1df81fde0006
146ba0b9a0b98000
53b455ce55d96a11
6eb956766eb97f80
c7f054f654f6dd67
60ec481e60ec6992
948c9d329d320000
760cfb1bfb1bff80
da7e8fc5da7e2ac3
ade63eb33eb3ad21
1ba990881ba98000
6b75c9856b75f57f
7241a0ce7241d39b
663e844d663eab18
c6192a48c619b0ef
139c796879684d8d
38e3727272726bd7
0fd78b190fd78000
f2affdd3fdd37f80
35588da33558838a
de44c22cde446104
b3d31c50b3d390ab
005a66a466a42767
aeab23e4aeab9318
ec30a056ec304d13
486e00ec486e09db
ccf2bd54ccf24ac8
61364b4661366d0d
053e0af00af00000
6a30d9246a30ff80
74213d39742171e9
4321c01a431fc3c2
5a0b1e035a0b388e
5c682f9a5c684c8c
12f4c4cdc4cd9843
974b6a626a62c233
fbc3441afbc3ff80
69e32c8669e356ee
39545e765e76584c
be399076be390f32
985c44e244e29dc2
6f6510ee6f6540d5
cef5966fcef525e5
f8b90510f8b9be50
129f07de129f0000
341d5dd45dd45282
8c06da10da102697
9d830e719d838000
8af2ab87ab870000
fe5981c9fe5940aa
0153d635d6359815
f92587cef9254185
f3158df3f315418d
6df47f577f577f80
e25475ee75eeff80
f368fd21fd217f80
b880dd02dd025602
f790d29df7907f80
496ecdbacdbad7ad
8dd3bfcdbfcd0e29
afc5f0c6f0c66118
dede668d668dff80
dafb1d28dafbb8a5
5877d6a25863ef9c
9b4e2b642b648737
80ad98e898e80000
f62a081cf62abecf
bf190072bf198044
24278d2224278000
03ce139913990000
36007a577a5770d7
9a1af1bdf1bd4c63
5c3f8ba95c3fa87c
1be7335633560fc1
5ec38a315ec3a987
869b6e8b6e8bb5a8
bbc1c526c526417a
97b43db43db495fd
62a9719171917f80
80ee4d4e4d4e8ec0
b0a4312c30b4a25c
feca5540fecaff80
3943b2443943ac15
7d0a01bb7d0a3f4a
fc1788e0fc174584
f9d27c8b7c88ff80
3da6e9f1e9f1e81c
3fb7b6043fb7b63d
c5fe467d45fcccfb
ef78242def78d428
f935d8cdf9357f80
d6ec821dd6ec1991
b44606e6b4468000
ed9b6a01ed9aff80
befb8235befb01b1
f62d14aff62dcb6d
ef2d7f457f45ff80
d52372947294ff80
43ab91ae43ab95e8
e8747f847fc07fc0
f0bb0732f0bbb882
d54cd6a1d6ba6c80
c1ba35eac1bab82a
a1849199a1840000
794687067946c0cf
5a59be985a59d981
b47cd8ecd8ec4de8
3fd6308a3fd630e7
977e10a3977e8000
8376526c526c9663
288c5e4f5e4f4762
69714e866971787c
8cc50cc18a008000
6c88840f6c88b118
4b381a684b382627
1caa9ec09eb58000
4de75a6a5a6a68d3
b8a805c0b8a88010
4fafad454fafbd87
c90f89ffc90f138e
478328074783300a
328fdae3dae3cdfe
8ff84bfd4bfd9c75
221aec62ec62cf08
98fac595c5951f12
1373a887a8878001
475b70f770f778d3
7027675e70277f80
24e578ae78ae5e1c
fc49c5a8fc497f80
52fd2cfc52fd4079
a64433fd33fd9ac2
c646f14ff14f7820
a088771c771cd826
a0867f447f44e04d
280f0218280f0000
a6784e6b4e6bb564
5463bcac5463d199
4d554f1d4f2a5d03
3957df77df77d94f
17a6068917a60000
8a3020e920e98000
ed53c807ed5375df
82365e595e59a11a
d806cc73d80664fe
b5c1eddbeddb6425
3bb8883e3bb88489
da9f43fada9fdf1b
6baea0de6baecd17
174f459845981d76
efd76b4aefd7ff80
5a0c6bff6bff7f80
867b1f911f918000
917d4c064c069e04
bbbb31b1bbbbae01
b3c02505b3c09948
f4b9559af4b9ff80
36ed2ac136ed2233
0187317231720000
f823f820f8a27f80
537d4a87537d5e85
1b3bb159b1598d1f
4ecdca524ecdd9a8
894433f133f18003
973a2b2e2b2e82fd
72226f2572257f80
dc3a6f796f79ff80
7679a2ab7679d9a6
13d05d1b5d1b317c
730a28fe730a5c89
81f2a6bfa6bf0000
90d2b063b06301ba
8c875e855e85ab8c
e5720d11e572b309
eb9074627462ff80
8a3cc995c995145b
794b0fac794b4988
ad13eb0beb0b58a0
34b539aa39aa2ef0
be265a2a5a2ad8dc
7564986f7564ce55
f9bb9d5df9bb57a1
d1ace6d9e6d97912
112b5efb5efb30a8
2f4bc6d0c6d0b6a5
859a4da14da193c2
11f3139513a40000
c7b7e810e810704e
22f1df52df52c2c6
42d9af3b42d9b29f
7870498578707f80
a118b40fb40f15aa
a5ecca3aca3a30ab
673f639567407f80
c95ba96ec95b334c
2ad4f297f297ddfa
f05b59b1f05bff80
30667f8a7fc07fc0
0dbc7896789646dc
85a6ce39ce391470
00dc4b954b950d00
20f3195520f30000
2fc4aacc2fc49b1c
f69fc2c5f69f79f5
3ea9ab593ea9aa8f
0d22ef6eef6ebd17
bdc34d714d71cbb8
771287a67712bf3d
61bb3e6d61bb60ad
d7a24f36d7a2e766
31cb91c931cb841f
5e7cf0bef0beff80
1872e786e786c07d
25818dfc25818000
6eacc7546eacf68e
75eca63575ecdca7
50e01cbb50e02e24
1931639d639d3d59
7aa271ad7aa27f80
fa04cac7fa047f80
9529428842889834
23e18b3d23e18000
25be55c755c73c14
2c5673f573f560cd
a4c6eee8eee85433
c32551325132d4e5
7eb233697eb272a2
da495ec25ec2f998
f7ba9f6cf7ba57ab
c9601c7cc960a65c
bc0a745e745ef0ef
296d1534296d0015
7d919a407d91d85a
18eee0e4e0e4ba54
fecb0c6efecbcbbd
201e997f201e8000
0ddff1fbf1fbc05b
06b23bbc3bbc0303
9d398f559d390000
809be7f0e7f02911
bc5bc657c6574338
d313f521f5217f80
74bb583074bb7f80
6e7d961f6e7dc51d
4aa294074aa29f2b
26858f2d26858000
d4aae855e8557d8d
1126d9d3d9d3ab89
e0b9ca19e0b96b5d
1a5cdf51df51ba34
6e4d74e874e87f80
5d0dbf015d0ddc8e
9b00557c557cb0fc
35f4a0c035f49737
a13442844284a43a
376e818f376e8000
99d0283528358293
91c997bb97bb0000
67f6d9bc67f6ff80
021da723a7238000
ac5b03aeac5b8000
3bc1e7a2e7a2e3f4
baa982cebaa90004
f4e66c67f4e6ff80
9fc6ba4eba4e1a9f
89756b686b68b55e
057bb644b6448000
f56077757767ff80
e5422561e542cb2b
9d0ce815e81545a3
81692d132d138000
d0a28f95d0a220bd
dd3cf45cf45c7f80
92ad70287028c363
ac6f4f0e4f0ebc05
a5dbf46af46a5ac8
fd69d700fd697f80
d98654dfd986eee9
e6c0d42ee6c07b82
bd40d015d0154de0
84fbf828f8283da5
045d707970793557
c363548d548dd87a
d7e53a97d7e5d307
b3e9e817e8175c89
44940f8a449414a0
9cd2bc0fbc0f196b
130f2abd2abd0007
0c75a21da21d8000
9bd4772f772fd391
32d0261c32d0197e
8c204ac54ac59776
a7a26d676d67d592
80f233e133e18000
53e6f35df35dff80
35a5de5bde5bd48d
e6f5bddce6f56553
c4a979de79deff13
202a1bd3202a0001
c95de7b0e7b07198
4cb6cf04cefddc3c
ed8f7df77df7ff80
8dfe4e0e4e0e9c8d
a912ee47ee4757e3
e8be39ebe8bee32e
2b6971be71be5dad
90788aa690780000
81b3606e606ea2a6
a6582789275c8e67
03578cca8cca8000
add81648add884a9
96ee8e2996ee0000
08670c0f0c100000
972128af28af806e
580564a564a57d2b
62cab43f62cad797
7f0281257f02c0a8
c5b60e24c5b69469
4cc999174cc9a66d
3537f23cf23ce806
07caf053f053b8a6
08e3ded1ded1a839
2b4c7fff7fc07fc0
af9f2c84af9d9ca4
0583403040300634
709c9777709cc897
66394c9066397350
6e7c3ba16e7c6a9e
e0a10b0ee0a1ac33
7926492b79267f80
6dd4e2bf6dd4ff80
95fe52505250a8ce
6ecad6cc6ecaff80
13983b903b900fab
067384dc06588000
8dbacd86cd861bc3
73fd2bd773fd6054
58ecc1b158ecdb23
b51367de67dedd7f
f1211c3ef121cdef
9bba672a672ac377
fa53aefbfa5369cf
81b6194519458000
921cc3fec3fe169b
59a65ee65ee67915
8794cdeccdec1608
445c672967296c11
fbc50481fbc5c0c7
c8e60751c8e690bc
ae1639223922a7be
5769e87be87bff80
c793615f615fe980
2da019bf2da007ef
208c5f9e5f9e40ad
ca5e4b5b4b24d63e
fed4163ffed4d59e
04741a421a420000
1ad9edc8edc8c92a
207f8816207f8000
9ddb1cd09da78000
5eeee3cee3ceff80
002a817e81698000
6e53a0756e53cf4a
c618b9afc6184050
4956761676167f80
26bb085526bb0000
ffea425b7fc07fc0
5fe7daa95fe7fb18
8527fa11fa113fbd
9298b3dfb3df0704
1e3d5cdd5cdd3ba3
3e62b9383e62b822
3d2b927c3d2b9028
60d5c45360d5e5b0
2319677167714b10
bae43fb13fb1bb1e
0347a730a7308000
da410cfada41a7bc
37ecc53dc53dbdae
c41cb8cfc41c3d7c
21003d0a3d0a1e8a
9831fd80fd805631
03fc269a269a0000
9fa664546454c489
df5170477047ff80
bb698f89bb690b79
c54038e7c540bead
03f53d5b3d5b01d2
c2fc0d9dc2fc911b
475d9dc3475da5a8
52c92e4352c94199
c873b7d4c87340c9
ae82f9c0f9c068c3
e76ed1b7e76e79aa
a612320d320d98a1
27bcd08dd08db8cf
7082d2a77082ff80
e60dcfc1e60d7655
87c1154615468000
8f63d510d51024ff
64196f296f297f80
1cb04b794b7928ab
0ae8b35eb35e800d
708b4a6a708b7b7e
a17d450e450ea70c
d748e778e7787f42
c5677caa7caaff80
65afc02265afe65d
b9efdbc2dbc25635
65ec176665ec3dd4
6985a93e6985d345
043b7b087b083fc7
de5be207e2087f80
f2005584f200ff80
f8b57540f8b4ff80
b898a5c5b8981eea
883f41fe41fe8abe
74d1a2e574d1d83b
afc475367536e58b
f31ba7c1f31b5b6a
41460224414603fe
ffa308e37fc07fc0
620ceedeeedeff80
12760b8312760000
5834709170917f80
39afa18339af9bb3
6ead117b6ead40aa
b163d02fd02f421b
c16efba3fba37d98
01557e727e724049
27e9ed76ed76d5e0
76429f937642d65f
dfb0d3e2dfb0741b
01fef405f405b684
654f32a7654f5887
0f00125112530000
436733aa43673799
172078767876501a
9ecbc389c38922d9
97b281f997b20000
8c7307078c738000
2f59c9c5c9c5b9a7
43fc8bf643fc9072
308c78de78de69f3
ab6465c065c0d1ab
17f2d179d179a9eb
f7c820edf7c8d939
33325ad05ad04e91
a86c3a303a30a322
fc167e967e91ff80
cb61f738f7387f80
cde6a09bcde62f0b
57993b6257995387
2477acaaacaa91a4
eb19dc0aeb197f80
85ee712b712bb79f
5a53cf9e5a53ea82
bf862100bf86a106
08ead1c2d1c29b31
f56bf818f81c7f80
a2bd72937293d5d9
f7fae59bf7fa7f80
95b1f401f4014a32
a05e3a763a769b55
fc1e3f49fc1efbf8
aff4e86fe86f58e4
b04d23cfb04d94a6
fa8e4af7fa8eff80
7bad2b707bad67a2
8931355f355f8013
e9087f677f67ff80
9dc282829dc20000
d11d8208d11d13a7
8135465946598819
3f342bed3f342ba7
a224e5a5e5a54853
c52c1300c52c98ac
9717932a97180000
7fd442647fc07fc0
f2c36938f2c3ff80
d1258f65d1252114
dbe45565dbe4f1cc
900b5fea5feab07e
d3beeb37eb377f80
9fae33ea33ea941f
3a05dbafdbafd636
abfcbea6bea62b23
eacbb1e3eacb5d34
8aef2f262f268000
7533c37f7533f932
dd8dad06dd8d4b14
581fcf6c581fe813
ec1ccee7ec1c7b8d
52ec54cd54dc683d
0ef3a5ada5ad8000
eac3f13cf13c7f80
eec069b1eec0ff80
1214f91bf91bcbb3
31639c7c31638e5f
c84802aac8488b85
448f0d13448f1224
afad5b125b12cb45
4e2670ed70ed7f80
d0b2269fd0b2b7dd
7dbd85097dbdc34a
ba426a606a60e52a
4059433f43424422
61e9ea52ea52ff80
a9604ac84ac8b4af
dacf870ddacf2264
04407d6d7d6d4232
f8919fc9f89158e4
0d6c9d0f9d0f8000
9bddd7f1d7f13450
39425fdb5fdb59a6
dbce8607dbce2259
a44ac397c397286e
47bc605160516899
c7cf11d5c7cf9a2c
98a4bf46bf46187e
cb6b29edcb6bb5da
f8ca61adf8caff80
a3e10b3ea3e18000
80ed52d152d19441
2e81cb5dcb5dba5f
532692d75326a68b
281fb218b2189abd
0eb6288328830000
97ba66a566a5bef0
c9f50ef7c9f5996c
a9ebcf65cf6539d2
e0bcc7bbe0bc6909
dfd334bbdfd3d51a
f6b85735f6b8ff80
2b63a07d2b638c60
7ca132fc7ca1701e
6322c9f06322ed98
82499d5e9d5e0000
928c73247324c633
e23d3b34e23dde05
1ba58bc91ba58000
b6bae136e1365884
7131a8047131d9b7
34ae1f1d34ae1455
6f8282dd6f82b2e0
5b09ff50ff50ff80
853a9adb9adb0000
28d17e697e6967be
fbbd19b8fbbdd608
4e8abc654e8acb77
47b6911947b6995a
23901ae423900010
ec85e2fdec857f80
221ad652d652b8fd
17281ed41ed40000
c99b1275c99b9c94
df44cb50df446b1f
221f41fb41fb249c
faf66b55faf6ff80
047b1ee51ee50000
ae2c2790ae2c9642
e7b146c3e7b1ef07
e250e4f7e4fe7f80
267e5da15da144a0
dbcebc4adbce58a3
774c19b3774c518f
eb96a2b0eb964ece
9f32b20eb20e11c5
489585a848958ec4
b70ff778f7786f0b
e519661265d8ff80
3d4e00203d4e0002
8a8cc327c3270e37
4e94d5b3d5b3e4cf
aa6519ebaa6584d2
838fca8bca8b0e9b
d1698e37d1692027
00ab8eea8eea8000
e3574447e357e827
a38aa248a3a30658
a73b66576657ce1d
ab55c38fc38f2f6e
2db76973697357ae
502dbc9e502dcd56
f830ef13f8307f80
2845d935d935c20b
3971084439710239
9476235223528000
972e1c121c128000
2767f255f255da40
0476ecc7ecc7b1bf
0d353fc23fc20d89
fc0069ccfc00ff80
d81eb00fd81e48b1
a8fee7c2e7c25140
4f1896864f18a61f
bc535f085f08dbe0
afe5d64cd64c46b6
3d9d616261625f8b
accbd362d36240b3
dc4b3af4dc4bd7c1
2311ce09ce09b19b
2579681868184e14
210433f833f81580
d574bd1fd5745318
2eb724512eb71395
2e7286c32e728000
07091f361f360000
d3930316d393972c
4dcbbfb34dcbce0e
0b9c86db0b9c8000
996d9db19db10000
43ff713e713e75bd
33c6bfddbfddb42b
537aa9d0537abdcb
ceb445f6ceb4d52d
af756c1f6c1fdc18
70feee9870f4ff80
a0a766b966b9c7f1
a8e057035703c065
ae6dba77ba772965
67d86bbf6bc07f80
6ae103d06ae12f37
63012c1063014f91
9dc2325e325e90a8
0a33f9a1f9a1c461
220866066606488e
5a0953ce5a096e5c
ceac9ce4ceac2c19
69282d6c6928571b
21e5898521e58000
acd39804acd3055a
3232607f607f5331
dba57f977fc07fc0
285bc8a8c8a8b190
196cd380d380ad6c
70de470d70de7875
c7240631c7248de3
b63dd972d9725033
67ca016267ca29b2
fcc83b9efcc8f8f7
a3efcd9acd9a3210
c3859d9fc38521a5
11a25a655a652c91
c935a719c93530d8
e120c8f0e1206a96
3fd5771077107770
37cb3f643f6437b5
a720fa8dfa8d6230
e3adac1ae3ad5050
e22450c9e224f381
61c07f937fc07fc0
5b0f41985b0f5d2a
7a884d097a887f80
f4bc2c57f4bce19e
88001a711a718000
68feb87668fee1f4
7be01f537be05bb9
827e98a898a80000
10009f8e9f8e8000
ed71153eed71c333
dbe38b5fdbe327c6
49ad13aa49ad1de6
2863150228630004
7023ce307023fee0
ec7f5432ec7fff80
69c0c32c69c0ed81
a9e93d8a3d8aa7fb
a88d6dca6dcad6df
43acc2284397c662
806b545a545a9536
012fe2dbe2dba496
f9ecc42df9ec7e9f
22019e50220080d2
c5c29debc5c22432
f6b20715f6b2be4f
42ec959942ec990d
c26ee317e317660c
31c846374637388f
c23080b5c2300379
306ad748d748c837
c536c5e7c6214ba4
abda90deabda0001
674b4190674b6964
e18c249ee18cc6ad
b7ce228cb7ce9ae1
969a8696969a0000
17aedc76dc76b4a7
16c55bed5bed3336
b144a469b1441632
7f7573ba7f757f80
f8bf606bf8bfff80
fcc66e60fcc6ff80
d41037e6d410cc81
5e67db1e5e65fa0f
f8699b09f86953f9
4fc1ccda4fbedd24
20cd46c446c4281d
198de714e714c123
304555865586464e
7574ad847574e37c
7114cdf97114ff80
ea3d09bcea3db48b
51a5aa3051a5bc63
9255d760d7602a3a
c69db8e8c69d400e
ac5b085fac5b8000
74364b8c74367f80
c909dbd3dbd36562
e1878df8e1873003
59689b395968b528
1bdfeb08eb08c76d
5c483a1c5c4856f4
bad7de69de6959c4
e5cef354f3547f80
0397541854181833
66f668ff69077f80
f8900cf7f890c60b
d964e0c7e0c77ab1
473148b548cb507a
daecf064f0647f80
153dbb6cbb6c912e
a834a98da9a41246
a59335e835e89c05
09f5fa8efa8ec508
2cb6d305d305c03d
6940a9356940d308
0577a003a0038000
8d142ecf2ecf8000
537fc652537fda51
7f44ffc67fc07fc0
5756e813e813ff80
f93d6d45f93dff80
9972d32bd32b2d22
af1730192fe69fb4
68364d9b6836765c
ee667e507e50ff80
b35d706b706be44b
2d1022332d100fc9
09209a5b9a5b8000
39d0ba2fb98eb48e
c84c4ce34ce3d5b5
a268dc3edc3e3f2c
25b2d837d837be7e
d00d3cf8d00dcd89
a6db8225a6db0000
c25ff0ccf0cc73b2
1cef5f1c5f1c3c92
c38236b9c382babc
d9cf2e8dd9cfc8e4
9c6f19739c6b8000
ff460eeeff46ceb8
fa39e23ffa397f80
c9b102f3c9b18d28
847ab098b0980000
437ab53c437ab938
6603c14d6603e7d2
fdb9b56dfdb973ab
cc8551315131de38
0db3b8d0b8d08711
b035971ab03507da
ef13c743ef1376e0
88b29bc19bc10000
ddab8908ddab2736
9ffa6b806b80cbfa
06d956a456a41e0b
925597a797a70000
d71610b6d716a855
f028c046f0287102
7cdf206b7cdf5dcd
00b760a560a521ec
598d02e3598d1cfa
8b56e7f8e7f833cf
5ee2a5185ee2c486
cf3413b8cf34a381
723d450f723d77d3
b66446024602bce8
0b14b1b5b1b58002
5a06caef5a06e57a
acf845f145f1b369
00b6145814580000
27689f3527688724
5fd44a7a5fd46acf
3d274421442141d2
1cd873e873e85144
7418da737418ff80
c6648822c6640f10
d42402f5d424979d
21e8f124f124d395
144ede52de52b329
9ee5351c351c948c
76d3dd5176d3ff80
03fe15c315c30000
5fdd2b985fdd4c03
11f8c602c602987c
9b6e325632568e47
ff14b404ff147399
c569dd47dd476335
003b382538250000
994df77cf77c514a
fdc55e60fdc5ff80
ef3aa28aef3a5249
414a2dbd414a2f95
b9aaa2aeb9aa1ce7
af2c24faaf2c94a8
8d2259695969a713
fa004c5cfa00ff80
0d8b9db39db38000
737720b3737754ad
3a7687e53a7682dc
a82fda67da67431e
3340ea1dea1dddec
9be903bb9be98000
5533662766277bea
cf918e7ccf911e8f
d96dbb79d96d5567
cee0847ecee013de
d4ab431ed4abd853
72da88b572dabc1a
74bfc7c274bffd11
ef99a2cfef9952f7
298e50d050d03ae7
95c9e0b7e0b73710
428aa308428aa613
2a7701ae2a770000
c24c74df74dff7b2
5627b0b45627c76b
fa8d6988fa8dff80
e0e7d7c4e0e77931
26572d212d211407
28e0102628e00000
8bd14c304c309890
12f3035112f30000
601431f36014528c
0848f4d6f4d6bda7
6864669c68787f80
2f9389d22f938000
c19e6e4c6e4cf07c
f54f5b68f54fff80
7bdce4297bdcff80
ad54122bad548047
e5861f72e586c57d
c660472146d2ce0d
579ccb6f579ce392
c26c287bc26cab67
2f5419a12f540985
16b3552f552f2c75
ec7cce02ec7c7b00
a18be01fe01f422d
71120cba71123e54
15ff69a269a24021
d5b5ece0ece07f80
9573ff14ff14550c
8f5acbe8cbe81bc6
ea1e09a6ea1eb44d
1416aa68aa688011
f282dd2df2827f80
fbdb1d8dfbdbd9f1
f45950b3f459ff80
092ad2f1d2f19ca0
5217b2055217c49d
81cd178417848000
7aefb3f57aefef65
ec599e53ec594b33
e7c3aa40e7c35292
660fd741660ffdd8
a4431634a4438000
4c29606d606d6d1c
b8c66ba26ba2e4fb
3a1538a53a2a3340
a893b335b3351c50
0f6fbd6ebd6e8d5e
83e556ce56ce9b38
23fe2122240205a1
16f2a168a1688000
6ada00cb6ada2c2d
4fca56465646669c
b52d25f4b52d9ba5
fb724ed1fb72ff80
29fba57129fb8fec
e78be9bee9c77f80
f8a2a877f8a2619c
386c3469386d2d57
a85dcf07cf0737e9
3016a311301693aa
8ab2527d527d9db0
59f9409659f95b12
87112e202e208000
7f8ec71a7fc07fc0
c46afb44fb447f80
dcbec4e3dcbe6228
eabb9db4eabb4903
d9238eeed9232898
baa7eba4eba466d6
88e865c565c5af33
bafb73a173a1ef1e
ef9efe6dfe6d7f80
90839cf99cf90000
998a411641169b22
c28dee11ee117120
83454e0b4e0b91d6
86a8b888b888002d
20c6b0b6b0b6920d
29cea1e329ce8c37
19846cf16cf146f9
5e0cbb715e0cda04
476c6ec36ec376b4
5422c5345422d9e4
cc3dda7cda7c673a
8b2b0b1689a88000
bd610c79bd618a5b
160762fd62fd3985
d22b0b61d22b9e16
3e4a784d784d7722
5856d3935856ec76
2289015922890000
8ecd41134113906b
50e6f2d5f2d5ff80
66b5224a66b5498f
c65d6b8b6b8bf270
5b09b1255b09ccb1
4bd702764bd70ecf
5dbbe3b4e3b4ff80
87edbd29bd29059c
c89a45b6c897cedb
1ad7100e1ad70000
2ad808722ad80000
0b5d240f240f0000
504851d751f062a8
f6319217f63148d1
dbe5abf0dbe54857
7ce7ffc37fc07fc0
d8087be47be4ff80
9cd032c732c79022
4c1a931b4c1a9fba
a845991ca84501f0
0fe500060fe50000
7fdce2067fc07fc0
70a6118370a642aa
5419ed95ed95ff80
f6e04525f6e0fc90
55a7dec6dec6f501
e24dd0a9e24d7387
fa51c5c6fa517f80
6ce3a29c6ce3d00a
76252d2d762563df
b30b34e034cfa873
f21a803ff21a3298
0b487a857a854650
23a4236c240d0797
26130ffa26130000
0fa2d2dad2daa30a
5853055158531e2c
51ed845d51ed96cd
b7c6c83bc83b4091
9ec8a5e2a5e20531
8087b35fb35f0000
4d9df304f304ff80
bb729331bb720f27
8e44b856b8560724
621dd6d4621df982
0a951edf1edf0000
de28ee06ee067f80
943a16c716c18000
b6776d416d41e43a
93e63041304184ad
cb69ff827fc07fc0
7c5e4f5d7c5e7f80
695e42d9695e6cbc
a108fb9dfb9d5d27
2480378b378b1c8b
2999155429990020
9afda713a7130291
5953fa14fa14ff80
3521baa5baa5b050
8c51cb0acb0a17e1
dd68f19ff19f7f80
08483a023a0202cb
3f5aa7fe3f5aa7d8
df5e45b7df5ee59f
bb25eb22eb2266d1
17c8e0eae0eab937
e87a43e2e87aecdd
46920b9b469212b1
56c2598c598f70d4
7442d6a67442ff80
4e847aa17aa17f80
af3d2515af3d94dc
b3802694b3809a94
9a82ccbfccbf27c2
ece2350cece2e277
8c31bd5cbd5c0a18
36bbcb0acb0ac24a
13c49a419a418000
573f9888573fb04b
c6a0b2afc6a039db
1b460b131b460000
bea186e5bea10610
1a6f655165514043
9613190319018000
7507f886f885ff80
29a9650e650e4f3b
fe42f4ecfe427f80
77fb111277fb498f
914a4cb24cb29e8c
4d0dfb1dfb1dff80
81c49d169d160000
e19201f6e192a40c
99429cf19cf30000
25d6377d377d1dd3
c4ca71857185f6d2
0fd1248f248f0000
6c8b1e036c8b4b0e
d3a72ee1d3a7c313
955bca3aca3a201f
a3c47a207a20de75
9e135cef5cefbb89
80696d826d82ae55
996a9e649e640000
b5a010f9b5a0871c
a5f2686e686ecee1
9038de99de992f5c
ac5bbeb0beb02b97
ed7c8ebded7c3cba
cde0f4baf4ba7f80
539c0a8a539c1ea8
4750d94ad94ae124
c05963016301e3db
36a323f236a31b1a
c0d253315331d491
5425865654259b0a
251edc33dc33c1dd
5d4df273f273ff80
e4f4f637f6377f80
9cf36f8f6f8fcd08
5f2583105f25a2ba
6805981f6805c0a5
ef6ec6dfef6e76cf
dab45840daaef387
a63ca365a6400a28
850306f706e78000
bf390b58bf398b1c
cd599e77cd592c51
4314528b528b5621
6a4cc4b76a4cef92
547f66d066d07bcf
252811ef25280000
9d989d769e0a0000
6f57052a6f57350f
71ef900f71efc286
3a6e11d83a6e0cc9
c48c88d6c48c0dea
90d035ca35ca8724
80fc4e2a4e2a8fa7
79fc625f79fc7f80
d54353cfd529e99e
28d6219128d60af2
9f73883c9f730000
a8a41089a8a48000
1c8b6d526d524a64
c3981045c398946a
bc0ccef3cef34b85
1221c2f3c2f39599
cce806f8cce89461
2703af00af009683
d2d82f2dd2d8c292
29623bb83bb825a2
a20ee673e6734907
778472f877847f80
7eb8bf867eb8fec1
5b40176d5b403332
41311d5a41311f17
a9be60d660d6cb1f
80b169496949aa8b
856c66fe66feacea
978f3a2d3a2d9241
159543c843c819e9
50228a3950229aea
39ab5f1f5f1f5954
f580acb5f58062b5
3820645864585d07
ec746678ec74ff80
b12929d9b1299b8f
2fa090892fa080ab
bf073a64bf07b9f0
c21ddb83db835e21
24f76db56db5532f
1e33ba77ba77992d
f9e3ee55f9e37f80
d396f200f2007f80
8859146a146a8000
b7d7b6f2b80a2f4b
13182f732f730310
5f0f79e879e87f80
68384810683870cf
8e06cba6cba61a2e
37eed874d874d0e3
c0e68370c0e604d8
79c471c779c47f80
2f59ed9bed9bdd83
c82916c8c8299f84
89024c8d4c8d960f
31845d4e5d4e4f54
b6e9ddbdddbd552c
4a8d4b384b7e564b
87ae5bd45bd4a410
af18c8ddc8dd3883
1cc895101cc88000
5c9828555c98457d
8577b8edb8ed000e
44bc94ca44bc9a14
b7928098b7920000
7b07fbb3fb5fff80
908f1c301c308000
9ca93eaa3eaa9be0
73aa7d037d037f80
bd00715b715beedb
b29dacc2b29d1fee
c0db219fc0dba308
ea9da515ea9d5037
1bf182b01bf18000
da101c48da10b6e1
79f2d33279f2ff80
9fdd621c621cc287
53ce21fa53ce3649
b7edd5c4d5c44e35
240bc242c242a6d3
cbee8c48cbee18ba
207c4cfc4cfc2df8
12aa35583558088f
fd6a3791fd6af585
33f588ee33f58002
e8723ebce872e7b2
2d96c4ccc4ccb2ef
1202ce6dce6da0f1
a0d9b8f8b8f81a52
934308df93438000
0dfe3240324000be
856eeafeeafe30ec
4e6c94714e6ca35e
a80956135613be9d
ba5f2853ba5fa338
be40df1adf1a5de7
461551d951d9587d
0c34272927290000
7a20de5c7a20ff80
b85a480b480bc0ed
7261a3347261d61e
80f4bcf3bcf30007
6d56fadefadeff80
799084267990be3b
4d10bf454d10ccde
f9222f91f922e938
a2f8a2eca3720665
db648521db64210f
7e141f3e7e145ddc
b39188cab3910001
0ab45965596524a1
4ee9e8c4e8c4f832
4a5d797e797e7f80
5139d31bd30fe4e0
0ab2af4baf4b8000
c65cbc0ac65c42ed
d5b5e84ce84c7e90
2421e031e031c4df
236a748a748a587c
6ead48296ead7764
2de6ec9fec9fdb0f
eb8fecd2ecf67f80
1cf5520452042f7d
63558cfc6355b0d2
027f0a230a230000
c99bdbe9dbe9660d
602a4926602a69dc
1eab9baf1ea88000
87ff4d024d029581
0f53ac80ac808000
36c04d904d9044d8
040a2dc32dc30000
8d70e30ee30e3105
4e2727484e273602
b2cd9de7b2cd1139
93978b3393970000
c7125a1f5a1fe1b5
cd433693cd43c460
b21276567656e8f4
a0c64e5d4e5dafab
1b9fb27bb27b8e9c
b7fb713a713ae9b6
12dd179817980000
40c2356240c236ab
cb3777c777c7ff80
09a7b0f7b0f78000
2d44b4ffb4ffa2c3
5db6880f5db6a64b
696983576969ad44
75c1edf375c1ff80
abe12ed72ed39b3d
81ec39a239a28000
1d94faeefaeed90a
aa7464316431cf29
481b0cec481b158f
ca4d72a872a8fd87
b2bd55ac55acc8fe
31cc4395439535ed
07e2b30bb30b8000
7194694f71947f80
f97dc800f97d7f80
48300ff0483018a5
d36b940dd36b2801
7de1d4797de1ff80
4a5445374a545018
66167a267a267f80
fd1a9b60fd1a5907
f5f230bbf5f2e731
0b2cedf3edf3b9a3
985d361d361d8f08
0b67eb06eb06b6f2
8ee918b318b38000
386bbdedbdedb6da
bd3cb2b4bd3c3084
bcd70edebcd78c3a
00a370ab70ab31da
51215b0e5b0e6cb3
f2cb6d54f2cbff80
6e4fbf846e4fee55
38d084bd38d08005
1bf0b72cb72c93a1
bdbe8c8abdbe0acd
9ab6246524658029
2901cca5cca5b626
3e5eaf003e5eadde
9d9570a270a2cebd
b5b9d3d8d3d84a1c
979daba8aba803ce
94feb5d1b5d10b4f
75ec7b207b207f80
9ceb2746274684b6
0a723b7a3b7a066c
6360f79df79dff80
ecdf64faecdfff80
984115c8983b8000
83c847ab47ab8c06
862553c353c39a7b
3de1c97bc97bc7dd
fbffeee0fbff7f80
9ee673a973a9d318
a2c1ad23ad231076
e5f94773e5f9edec
4844284d4844311d
66fc7d1d7d1d7f80
659116ec65913d06
dd797b1e7b1eff80
f06bb2adf06b639f
2fa16e2d6e2d5e5a
8f438dc68f5c0000
dbec5d935d84fa08
f88a5998f88aff80
ba5d330dba5dadf3
1a3bc62cc62ca0fb
57560c3557562417
7da106047da14426
0476c864c8648d5b
6749e7456480ff80
3453473447343c14
5266217a52663461
ce09c3f7ce095284
0b4dfb96fb96c770
0c09ab7bab7b8000
49986cbe6cbe76e2
9019175017508000
8b332e402e408000
f0f88f37f0f840b1
19d31d471d490000
020fa374a3748000
a7094dab4dabb537
afbfb2bab2bd230b
db40373fdb40d30f
6c69582b6c697f80
5268dc29dc29ef19
757227c075725db6
af50cc6acc6a3c3e
c1008168c10002e8
8ace3a033a038553
872a431643168ac7
28eb03c328eb0000
3b45bb043a82b6cb
800e282e282e8000
07b46d8f6d8f35c9
7153c97b7153fb4f
01dde70ae70aa96e
af7f2034af7f9033
98b6d007d0072940
e3db1522e3dbb98b
c330a66fc3302a24
ac47c52cc52c3206
b9a9b097b9a92ac7
6a52d4c06a52ff80
9326335e335e8710
ef79900bef794007
d081207cd081b17e
85b99a449a440000
3f4a9e8e3f4a9e60
dfc75f71df1dff80
5ac8c56b5ac8e0b8
974a3a333a33920d
7e2179b87e217f80
09e1145d145d0000
c6ecafb2c6ec3724
5b1cb9755b1cd515
b7bebf37bf373788
6da28dd36da2bc06
d700e5bde5bd7d3d
a110532f532fb4c5
9d4fc732c7322510
ef4bac8bef4b5c5c
91b7ffc57fc07fc0
f1a4a4d3f1a45707
2ee5bb07bb07aa72
1df07de97de95c5a
04ab360b360b0000
e37f34c4e37fd8c3
bc848238bc840018
c2e193a2c2e1170e
10ad5e595e592f93
78cf99b878cfd315
ff1695b6ff165555
d8f6a8f2d8f64269
9136957c957d0000
741dd421741dff80
dd1f69cc69ccff80
bcde0239bcde8028
ebec59bcebecff80
5183e4e6e4e6f6eb
8c5519b319b38000
c0f2a85cc0f229d0
0b61945294528000
7ca54f697ca57f80
5bf0a3865bf0bffb
7ed5ba867ed5f9df
413c0432413c0603
b1391301b13984ba
33885e105e105219
3de5dbe8dbe8da50
41fee368e368e5e6
90235c885c88ad2d
b7f8c035c03538af
d5bf626a626af8af
5313336e53134709
3e0afd13fd13fb9e
5e9197e55e91b702
3162fbf9fbf9eddc
546885e354689ace
72b43a4472b46d8a
d19e0e92d19ea0b4
375eb1f9375ea9d8
6b21892d6b21b4da
294090ab29408000
65c0b68f65c0dcd6
70108dd17010be6b
66cd129d66cd39fb
284bf867f867e137
06a159b659b620e5
50e5f39ef39eff80
7d63dde17d63ff80
39317c827c827634
b09de104e1045222
1e9861836183409c
17bae076e076b8b3
ababd062d0623c97
223c60e960e943ab
41887dcf7dcf7f80
193e59c359c33391
23c3a3d6a2188823
aef92fec2fae9f66
287eeb69eb69d467
9186dfdddfdd31e7
7ff9e37e7fc07fc0
e84e12d5e84ebbab
af8e99e2af8e09fb
fe3e6f6efe3eff80
12728f83126e8000
e97befa0efa07f80
fb9a8315fb9a3f33
50465128515a6202
bf372dd3bf37ad97
9db2a710a7100548
1a1029972997042a
cf3e7c117c11ff80
0b901b441b440000
368d549554954ba4
1aa5c7bdc7bda2f4
d2eaabf7d2ea3f62
553751cd55396793
00587001700130b1
f7ac5a9cf7acff80
fcddae16fcdd6b81
c05c2576c05ca653
69b14c8c69b176c2
81ff5eef5eefa16e
7017cb597017fc00
3339fdbafdbaf186
a12886f9a1280000
144075ed75ed4ab2
628861dc62bf7f80
0aa7ccceccce9806
6d00feaefeaeff80
bf872d3dbf87ad47
8e9b66376637b55e
819ef3e3f3e3360c
169da1a3a1a38000
276a11e8276a0000
5f20ea3eea3eff80
08d6e9e6e9e6b340
02f2cd75cd7590e8
594dbd05594dd6d5
0377178417840000
0375958995898000
36ce254636ce1c9f
dccd69e469e4ff80
1c2ba567a567821a
2402c363c363a7e7
67341f5b6734471a
17842cf72cf704ff
11e285a511e28000
1b7f07451b7f0000
b7b29573b7b20da9
8845eac7eac73399
1aa8ff53ff53da8a
4d8672da72da7f80
7409572574097f80
a1c6ef94ef9451e5
4aaf6bdc6bdc7716
b9e0c7edc7ed424f
f1ac2d06f1acdf34
7783961b7783ce1f
726b7d167d167f80
7825596b78257f80
202f2fb52fb51077
5a074c165a07669e
2bda8ad72bda8000
62b1527462b175a9
9b53eb95eb954776
3259d76fd76fca4b
b7f6ffcf7fc07fc0
2a473ef53ef529be
28c6180428c6014c
79b41baa79b455ef
cce16a7a6a7af7dc
682e2e9c682e5754
897684df89760000
a12ebc55bc551e11
7f5a1d0d7f5a5cf0
df3a175edf3ab721
72148b497214bde8
f8f7a48ff8f75e0a
9d466b616b61c92e
56ef959d56efad13
439b757475747994
0ce30aa10ced0000
4dc404544dc412a2
b11d3c7d3c7dae1b
6399c78c6399eba7
a8c5fa49fa49639b
66fcaa4c66fcd1c9
b3264a5a4a5abe0d
0bad691e691e3556
b3d74bab4babc010
62767cfa7cfa7f80
f6cbf2b5f6cc7f80
2c1c07cf2c1c0000
66a6357266a65c9d
eaa1c919eaa17440
9c72cf60cf602c54
6b669da66b66c995
6ed51cc26ed54c21
c3b30637c3b38a80
4f375f235f236ee9
c584bab7c58440bd
baaa2c1cbaaaa74f
37a1c0cbc0cbb8ff
54b248cd54b25e0f
4caf7e137e137f80
f6ce85b0f6ce3d0e
f3e6b8e3f3e66d4c
1082b62bb62b872e
5d94157b5d943391
61e1a42b61e1c696
89f2d387d3871dff
22f941e141e1255b
7b40a5b87b40e18a
2230ccd0ccd0af8f
8285d2bfd2bf15c6
88be91bd91bd0000
9b7a76607660d25b
ef884bd8ef88fbe6
f0f29905f0f24a7b
59a3de2dde2df85c
c9d43465c9d4bebe
4f8ab9d04f8ac9e0
75fe183475fe4eb3
210ea2f8a2e6848a
0de093c193c18000
2aa9625362534d8b
2bd350ab50ab3d0d
e9f924c0e9f9cf3b
d36048e1d360dcc5
5b1840c65b185c6b
efe8caf2efe87b5b
f944b53ff9446f12
a94bca60ca603432
bbbc653c653ce18a
563823e156383aa2
93585e945e94b27a
bd17b120bd172ebd
c8abffdf7fc07fc0
fdf873fbfdf8ff80
a1dac86ec86e2acb
5cc634ba5cc65210
d3f2859ed3f21a15
1860a46da46d8002
99de4c4a4c4aa6af
edfd4cffedfdfb7c
3bc8fe99fe99faef
32a4cc0bcc0bbf32
48bdc74848a4d094
aae399b2aae3051e
c87753f253f2dce9
9a7f9cb29cba0000
61c436d061c4591f
8c0a93f593f50000
1f48ab89ab898b56
ca180eaaca18994a
83224bef4bef8f97
ae658c08ae650000
337daae9337d9ee6
386427ba386420a6
4153795e795e7b37
649498596494bd7b
9b3e9a3d9b6d0000
f934fc6cfc6f7f80
792c2637792c5ff6
94959229949a0000
a3ea26e226de8b4f
f33b414ef33bf516
f08651f4f086ff80
80f7fa59fa593bd1
78e5744278e57f80
cba71768cba7a397
0f10f2eaf2eac284
79bb3f7c79bb79b8
605cb634605cd71b
ddc2fe93fe937f80
e877f3d3f3d37f80
59bbf8aff8afff80
61174a5461176bfa
fbd1e8b2fbd17f80
850a475f475f8cf0
1a3f7a4e7a4e551a
b96b0223b96b8000
aac5a7b3aac8130a
4c32da26da26e6e7
80575c7e5c7e9d2d
811317e117e18000
fe3cef30fe3c7f80
38d7eb06eb06e461
892419ca19ca8000
bfeeb7dbbfee384c
013e00c1018f0000
67d4587b67d47f80
5f73a7e25f73c7d7
ee1f10d9ee1fbf87
1456874814568000
8fa7f584f58445ac
039c6ac96ac92ef5
ef311d5def31cd19
96f75af95af9b270
eeccaafaeecc5a47
911c58b758b7aa5f
1fde63336333439b
300a00e0300a0000
8fbc24d524d58000
35bc16f535bc0d34
5c1505fe5c152294
b861c315c3153c03
22bcf4dbf4dbd821
bd2a4d784d78cb25
3212f2edf2ede587
f59cf820f8257f80
8125835983630000
933a477a477a9b36
d34373b173b1ff80
80058e6a8e6a0000
ef3cfadcfadc7f80
b99fb2f8b99f2d1a
d1edb1a3d1ed4417
5b63e277e277fe5b
3a7e02673a7e0002
361ce925e925dfc9
542da26a542db71e
a5f383daa5f30000
b1a2c387c38735ab
3ac64f9d4f9d4af3
655636b065565c93
7f943d957fc07fc0
b0bee7c5e7c55912
ca96443cca96cf5c
b32578767876ec1f
2ee3a64e2ee395b7
7249142e72494709
05c85c735c7322be
7b1f20bd7b1f5c6b
0cb38fb68fb38000
6a057c4d7c4d7f80
f03eabc8f03e5c94
ff890e737fc07fc0
5799b9f65799d213
e66dcacbe66d71bc
154f0e94154f0000
042427bb27bb0000
13fc182b182b0000
38880e8e38880797
2026b9e3b9e39a93
cc8857675767e475
9eadd1aed1ae30eb
302c717671766225
a90bc2f9c2f92c87
48d0f3a9f3a9fd09
f56b28d1f56bdec0
8e9f540a540aa32b
f55b6bc7f55bff80
3918b6f23910b090
d6814990d681e091
41b3df6bdf6be1a4
c5ca2858c5caaeaa
8ffd108a10168000
a1549431a1540000
652973d773d77f80
9c7e285928598557
1dd5e1fde1fdc053
f11f0afdf11fbc9d
fe8dabb5fe8d6ac7
557bcfb1557be5ae
a9b8a113a9b80b53
e69a8cf4e69a3413
7bf17a3b7c047f80
138fc354c354976d
83b2159515958000
19cc9fda9fda8000
a4304cc04cc0b184
0694d549d5499c68
68cef1cff1cfff80
9fc468e168e1c92c
14e3dc3fdc3fb1a9
ae85db17db174a1d
b568619f619fd790
ecf13bc4ecf1e939
e8cbd260e8cb7bb2
4740a1484740a916
037e8f118f118000
a8b6bf5abf5a289b
c1deb24dc1de34b2
d404d4d5d50c695c
427275b875b878ae
475e70a170a1788c
1bc595421bc58000
725f383e725f6b26
73565cd073567f80
2694cd3ecd3eb45c
511612df51162483
72ee2d6072ee60d0
d98f512dd98feb41
08d8511651161a7d
fe86d124fe867f80
6d684a106d687802
4c09ff1dff1dff80
09d28c288c218000
d8f64256d8f6dbce
394dc59cc59cbf7a
2e293dfc3dfc2ca6
d3cabf3fd3ca5397
707799dd7077cad5
2defc776c776b5e6
b9afea90ea9064c5
4662843a46628b24
ed0b4306ed0bf092
de6ee7c5e7c57f80
997cf88af88a5288
71c35be871c37f80
66a8da2166a8ff80
c68ddf81df81668e
e74cc56be74c6d3b
861c0d9b0d9b8000
4c24dc18dc18e8c3
f47044faf470f9ea
a653451e451eac02
540812c35408274f
d5f8dcf1dcf17369
96d960696069b7c6
7781d6677781ff80
b329f347f3476703
011fafeeafee8000
2f2d2c342f301bf3
8f30156415648000
b76f49464946c139
e55457aae554fd8d
8c28396139618614
da80edd8edd87f80
a9c2cca9cca93700
a405cbf4cbf4307e
6ec4a05b6ec4cfa8
a67ff143f1435842
65a7617d65a77f80
ae439e2fae430d05
c25ecc7bcc7b4f5a
42b22cc042b23006
16bf242324230000
5f94d0c55f94f0e4
2a009c312a0086b1
72bfaf4f72bfe29a
d8b6c8d9d8b6621a
b6a1d8e5d8e55010
72b2b9ce72b2ed0f
d3ecb6d2d3ec4b42
1649275727570005
2ba5f524f524e153
3fe9a63d3fe9a6ac
f89f76abf894ff80
ba6bafa1ba6b2a94
d0d38bbdd0d31d1c
d8f6011ad8f69a94
68d20dd468d2372e
eab59c54eab54796
6ba74f216ba77b52
863777907790be4e
6dc259e36dc27f80
6a2f708770877f80
34371406343708c0
32af67a367a35adf
448c017f448c068b
92d9745f745fc7bd
da6e8521da6e2016
e44405a4e444aa7b
b7c89551b7c80da3
addb23beaddb9223
c3a1144cc3a19880
c53deb5aeb5a7121
a3992a032a038e1d
822e7df27df2c0a4
afd033563354a3ae
5dba9e565dbabc9b
aec4c12bc12b3083
54b8377a54b84cb4
5946be765946d83e
8f74c0e1c0e110d6
09a3a270a2708000
72fac9b172fafd2d
f1f8111df1f8c398
c742ac74c7423439
6aa7ede3ede0ff80
c06bccc1ccc14db1
a1315c605c60be1b
7678b2fe7678e9f6
26155d465d4643e6
08e691a091a08000
dd831733dd83b537
cf330c20cf339be0
d3936dd66dd6ff80
8af3d864d86423d8
17d3e2f6e2f6bb4b
2e1f5f245f244dcc
c9663b2fc966c51d
d786bb6cd7865377
5f1a8a9c5f1aaa3c
469447bc47e14ed9
cddf0d07cddf9b6b
02483e413e410117
627c9af0627cbdec
db9cc838db9c6460
534a2926534a3d03
1d4a1b7c1d5a0000
11871ab91ab90000
b237a336b2371602
df01800adf011e21
d6c4860ed6c41d59
c3d5ba19c3d53e7f
b6063a033a02b089
0afe09b90b160000
d1262cecd126be99
5b73ea5aea5aff80
d1fd7fe47fc07fc0
37e7c58cc58cbdfd
bdb42952bdb4a794
86952d612d618000
b5ba6bcd6bcde215
95fbe64be64b3cc7
b9ee50d650d6cb47
614da6e9614dc8bb
e0d44bd0e0d4ed2c
e5920440e592aa5b
aac59776aac502bd
05f3b8dcb8dc801a
4be4ec9bec9bf90a
82b0e5c7e5c72909
d8d102f9d8d19c4b
f850a82af850610a
c97dcc61cc65565e
656f922a656fb81f
04f2572e572e1ca4
b659bf44bf443626
0377459845980993
0c829d729d728000
c519bad4c519407d
1fe0d056d056b0bb
7ac300087ac339c3
b3032de1b303a166
b940da3cda3c540d
43f291f943f2966b
3ea9e336e336e270
b926397a38a8b322
8076005380238000
22021e9d2203011f
76691da576695496
b98ad25cd25c4c6d
74d9609174d97f80
b12c5ed05ed0d08c
83623d413d41812a
55af9e8a55afb4bd
44f76175617566ec
bbd22b54bbd2a7ae
14768e6a14768000
d1731bd2d173adc7
894065ba65baaf8c
750453c375047f80
49c8262549c83081
39f07b5d7b5d75cf
9e7c355635569453
fc874bb4fc87ff80
5cd83ffb5cd85d54
3180bb31bb31ad31
9c9c46424642a36c
89dbec0cec0c3670
0d3a49ed49ed17ac
593183b259319d76
05a8fb71fb71c19e
914c9db19db10000
c5901b34c590a14a
c75b521e521eda07
9c7c285c285c8559
1f4d5ff65ff63fc5
f83422b9f834db82
2f6f4bc54bc53bb8
f0f9d851f0f97f80
e1404d6ae140ef30
5a3a7e0b7e0b7f80
30af3889388929bb
99633b963b969585
6ce259196ce27f80
38f8a13838f89ab2
3f8fc600c600c60f
82a6833683840000
60ad187f60ad39ac
7dea36507dea74be
f9ad93dcf9ad4e15
0ee5b939b93988a5
d3a04749d3a0db7b
12a033b733b706e5
933e5bbc5bbcaf8c
2651deeedeeec5c2
01588c308c308000
de86a0d5de863fdf
95f960886088b704
d330274ad330bb0b
9cf06c986c98ca0e
0de7702b702b3e9a
30d6c436c436b598
0ee661d361d3313e
6df3bfb16df3ee28
ae4df55ef55e6432
4e4e9d874e4eac59
3f6e0f403f6e0f32
2cfcc005c005ad83
d164bd6bd1644f51
e906ec9eec9f7f80
3ff813d93ff81452
594e3b76594e5546
ec989dadec984acd
60c410be60c43211
00b76bc26bc22d0b
c3e19fc2c3e1242b
e35e67316730ff80
076d7b2a7b2a431d
be93545b545bd37c
0a3553c753c71e8d
63f1ae2063f1d297
57850be1578523ea
20bd7a937a935bd9
0bca68f368f33540
52b57e4f7e4f7f80
e8d76ab66aa9ff80
2612f777f777de0d
0eff8b700efd8000
c724a8a2c7243050
cec4fc17fc177f80
5e7baf1f5e7bce1c
5592911d5592a733
05c5ddffddffa444
50de756f756f7f80
900e4bae4bae9c41
b94da211b94d1be8
11455cad5cad2e85
cd1c42dbcd1cd085
ef27d5a8ef277f80
273aa5af27248d7e
cfd42091cfd4b0f0
c34759265926dd01
951ca63ea63e0000
1ea9dc05dc05bb30
0f78243d243d0000
fb8f96eafb8f5303
d2ba95e8d2ba2929
893c15b815b88000
592b5625592e6fdc
518203eb518215ef
b289fbc1fbc16ecf
a3f0335f335f97d1
4ac96771677172bd
1b7563b963b93fb1
e822e6a7e8377f80
186c0696186c0000
254edbaddbadc18b
bc230bb5bc238866
d408b8c2d4084d4e
41b787f941b78a32
af94f696f69666ad
7283f257713cff80
339a9efb339a9317
1dec1d5b1e2d0000
37892bbb378923c8
fedf2b08fedfea6d
d8748dc5d87426bc
924d16c316c38000
c843fa92fa927f80
7fc1a37f7fc07fc0
8d7164ad64adb2a3
fe6f21cefe6fe0c0
f3797030f376ff80
6bcdb6436bcde29c
77b2737677b27f80
52bb947f52bba7ba
f109af40f10960ce
47de2a1547de3281
2986dc43dc43c64c
c62db026c62d36e0
11f0420142011472
fa64e06ffa647f80
d8fa5b1f5b17f49b
3bee86433bee82b5
7684b92b7684f030
1130da16da16abce
ab701f82ab708b74
74dda05274ddd5b5
d9b6aa17d9b64457
7dcab2f87dcaf144
94cc802194cc0000
96e52b342b3482a1
0808a855a8558000
f4af2a96f4afdfcd
6a3dcf126a3df9d8
5d8160ca60cc7ecc
eb07e9ceeb217f80
eca9cf92eca97cc1
525ecc8d525edf75
036d5d865d862178
d1d2db8bdb8b6de4
11e1bfe0bfe09245
fec6be27fec67d81
912cffce7fc07fc0
9fd6c1f6c1f6224e
f78efff67fc07fc0
2a69537a537a3e64
f4f1ef3af4f17f80
782da68c782ddf3d
d15a3a0ed15acbf2
581510a558152940
d6b7ad21d6b74466
e539ef9fef9f7f80
a738c926c92630ef
89d693d793d70000
b1cbb6eab6ea293a
2e5c8c322e5c8000
c4c13a24c4c1bf77
fb426bdafb42ff80
d43948c9d439dd91
c1904b124b12cd24
bb6ba0d0bb6b1cbf
498c767e767e7f80
42e1989142e19bff
e377ecd8ecd87f80
ed814753ed81f555
e0bb4544e0bbe68f
87f1e964e96431d7
bd0b6b956b95e922
4b7345b04b7351a7
9e3952d952d9b19d
561a4a49561a60f2
95273a573a57900c
1585236123610000
0e923d8d3d8d0ca1
6a8eb4026a8edf10
fb9525bdfb95e1dc
f5723ef6f572f4e9
4b9ef776f776ff80
4852f214f214faf3
c9ae8dedc9ae1821
54c1fbbdfbbdff80
6db748496db77690
6c99d8366c99ff80
3d4bea96ea96e86e
ab29f052f0525c0b
31ac4f9c4f9c41d2
ef612dd9ef61ddbf
b0079e47b0070ed2
4d74cc0b4d51da04
b1a1e3d2e3d25604
1693cdcbcdcba4e9
63895c6963897f80
a63aeedceedc55a0
012ff3c3f3c3b585
bc1d3d6b3d44ba10
4066ce73ce73cf5a
300f98fb300f898c
680491c06804ba46
7a8a58a57a8a7f80
6c6c01106c6c2e05
3daa33423daa3181
fec9ad69fec96cb7
8ca4588d588da5b5
0a9206400a920000
841f8fcc8fcc0000
de63b897de635786
0c7e86840c7e8000
87450f450f458000
39577f007f0078d7
3f3be04de04de016
82feba90ba900004
ab6946c946c9b2b7
041d558d558d1a2d
4fb01d194fb02d52
ce93f6faf6fa7f80
f3c6379af3c6ebee
fc62acdcfc6269c2
24aa5e245e24435a
2e39500550053ec0
089aaa26aa268000
727f60b1727f7f80
a12653ec53ecb599
503d47f5503d58b5
fc091afdfc09d787
318888e931888000
9979034299798000
45560aec455610c5
7a34c3967a34fe53
8e8976b376b3c5c0
25f4e3abe3abca23
cbdc0068cbdc8cb3
6ee023e36ee05347
2b04b827b827a3ac
045fb5b2b5b28000
2d2186252d218000
d05d4e18d054df03
5646251d56463bf3
03e0181c181c0000
9fcdf316f3165370
9146e33ce33c3511
38e7ef50ef50e8bc
5e46d0ff5e46efc5
4d3dd63ed63ee40c
a1ba8ca0a1ba0000
672f76f276f27f80
bf4d1aa2bf4d9a82
8786aa15aa150000
e28e2be7e28ecf00
4aa21f124aa22a39
2900565856583fd8
a71f88efa71f0000
31100dc73110001c
def016e6def0b658
ad2a60756075ce23
a6b98f59a6b90000
6a3708316a3732fd
032a7aef7aef3e9f
d85e1a47d85eb32d
1bfa05d51bfa0000
874256a856a89e7f
b86e63fc63fcdcea
71cbe0c171cbff80
5517ae465517c3ea
7a2064407a207f80
a699c152c152287b
1ccb499b499b26f6
1375b406b4068800
9b1cba21ba2115c4
14f9366636660be0
4d385b3d5b3d6908
2d4f8dc92d4f8000
33d659e559e54e3f
8219956b956b0000
71cd0b9971cd3df5
19fb351135110f8e
13a7067c13a70000
c35d9deec35d21cd
7a6cdbd47a6cff80
6041ba4f6041db1c
67abd0d167abf90c
14a877e877e84d18
96f6ae87ae870602
02bf2d9e2d9e0000
ffd475e77fc07fc0
413348c048c04a86
905771517151c230
d734871fd7341ee0
db41baa7db41567c
c20c45084506c795
b100630c630cd48c
aef157ac57acc722
7ab64c217ab67f80
34070c9134070119
7bf8b8677bf8f4e0
80f92b392b398000
af9001bbaf908000
176bb535b5358d26
90105c6b5c6bad04
f45ff330f4867f80
b2634d594d59c040
c6e23570c6e2bcd4
c439252cc439a9f9
ec0942d0ec09ef5f
a8171831a81780d1
33f451cd51cd4643
050e634b634b28e1
dfb51d01dfb5bd36
37d7d107d107c963
fc0324c6fc03e14b
a35eca39ca392e20
106a174a174a0000
d9cd94d7d9cd2f2c
764b826a764bb93a
486e1f81486e2870
4e9a522052216140
d5f516e2d5f5ad58
7f1be3027f1bff80
c4c4b423c4c4397a
7e730aee7e7349e2
e2ce9aa0e2ce3e01
ee4ef722f7227f80
ced49fbcced42f1c
04a91a9a1a9a0000
f7d17355f7d1ff80
41789fdc4178a1d5
6c2f7aed7aed7f80
b736b333b7372aff
e41cb985e41c5e22
f6970bf1f697c30e
a32bf3cef3ce578a
d76e0ba3d76ea398
8e295bb05bb0aa68
3c040c953c04091a
a53cfa35fa356005
c5153d8ec515c325
dd38d41cdd3871e0
cad800b2cad88c16
4e2f1ea04e2f2d5b
02fcbfebbfeb8367
be7a4f014f01cdfc
db08b13cdb084cc8
68cc90f168ccba40
3062ad67305e9e4c
6ca349c16ca376f6
db803208db80ce08
1311085813110000
835bef12ef1232fa
82b7aeecaeec0000
c4b411a2c4b496e4
732bfd5cfd5cff80
ca1a50b450b4db59
5f1f664866487f80
28f324f328f40e67
235b54af54af3896
34fbb74cb744acc8
6f6b7ec17ec17f80
6151a1d36151c3ac
c0bfa607c0bf2749
1eb943e143e12323
e7a67abe7abeff80
dd6b09d8dd6ba7c6
b844688b688be155
715ceb34715cff80
8e5f4f194f199e05
a052b020b0201103
a71fe387e3874b28
5c7b013e5c7b1e3a
ddd708d4ddd7a732
feb9e5d6feb97f80
79a75ef079a77f80
2e3456a356a34565
6a819c706a81c772
dc225096dc22ed3e
df07caf3df076a80
1823db67db67b413
3a9cfbccfbccf6f9
a8d978a578a5e20c
98c9236223628001
f6270ad9f627c18e
9e8d6e706e70cd84
011b78c778c73a71
e8128d4de81235ea
0abe985d985d8000
9e1d2efa2efa8d99
f3aab573f3aa69a1
5f91b3345f91d34c
a4786efa6efad3f2
949bb61bb61b0b3c
8c80fde8fde84ae8
1740582658262ff9
8eadc242c2421183
5b4141415b415d12
6726739173917f80
f99c1d4af99cd776
48dd6ad16ad17434
9e002444244482c4
1a1b629462943d33
b1764aec4aecbce3
aff492ccaff40342
cdeffd31fd317f80
11ff07ce11ff0000
030f841b83ee8000
ca55975bca552236
5b78eab6eab6ff80
c103c812c8124995
93aee914e9143d49
c7cce7f6e7f67044
04c97da17da142fd
f7e7593af7e7ff80
322b596659664c1a
a9b89a91a9b804d0
b377b872b8722c69
05feaecbaecb8000
6f9da8356f9dd85e
626180ab6261a396
fbbc227afbbcdeb8
285e36a636a61f90
b1aaacadb1aa1ee6
36146add6add6180
5af5050e5af52088
ac6a8e54ac6a0000
30ab151330ab0644
c5a8f2dff2df7912
5a95a6645a95c185
492291a649229b52
ac91f69ff69f63b4
e95bd375e95b7d52
430d699269926d21
c5061630c5069bb8
02510fa10fa10000
592777e477e47f80
4e8780374e878ee8
054efae6fae6c0b9
3f41bd203f37bcf1
e1c6e7a7e7a77f80
8e0362106210b093
bca818e3bca89615
7efcd0517efcff80
c06803acc068849c
50c2359c50c246ec
62b756e862b77a26
095779727972434b
ac763d3e3d3eaa37
fa109368fa104e02
1956867219568000
d5ac3276d5acc8a5
3a81f64bf64bf14d
e40d3fcce40de461
ffb3ac747fc07fc0
ef437ab07ab0ff80
c00f8d67c00f0e01
eed03badeed0eb0d
cf7fe56ce56c756b
ecb3eddcee047f80
bc96f7f2f7f2750e
cbbc5b3b5b3be789
1bac03171bac0000
4ba0734573457f76
6226ade56226d094
cba20c88cba298ac
cfc3bf4dcfc34f9c
1c5e99c41c588000
4a6b7dfa7dfa7f80
655687866556ad60
92660c1992668000
0c26f863f863c513
c0b01cd6c0b09e13
b09bbad5bad52c01
2aa327312aa41261
36fa3afa3afb3274
feb0d3e9feb07f80
54f32b9054f34109
17c5fa50fa50d2a0
1953d8eed8eeb2c4
4ad039ef4ad04542
5bc1d5165bc1f162
c54aba43c54a401a
37e1169c37e10f09
48c4d5d1d5d1df20
5897e608e608ff20
2c151ceb2c150989
d8ed79687968ff80
1f58e77ce77cc755
94ff1f5b1f5b8000
1cd362ba62ba4019
208b3fa03fa020ae
74b4097c74b43eb1
d8305673d821ef27
8f1f58bc58bca86a
73b2227f73b256b1
7ba7ba447ba7f680
ccc946c0ccc9d417
918c53545354a568
a8908b5ba8900000
218d326d326d1483
91c1131012f08000
58a6fb0dfb0dff80
ef896426ef89ff80
a42649794979ae21
18def282f282cbe1
d76b9215d76b2a09
153e0e34153e0000
5dc14e235dc16c76
d5b4b799d5b44dd7
23aaeb65eb65cf98
1e7ce38ce38cc28a
5b5505195b5520ff
cec829e9cec8b936
a7120f8da7128000
7fd7f37f7fc07fc0
e91e34d5e91ede83
096d1d581d580000
43116326632666bc
8a0872ad72adbd38
de2e39d7de2ed892
e854772a772aff80
42d208ec42d20c42
58b1337d58b14caf
a03de8b2e8b24983
45ee5f2f5f2f65a3
0a346aa76aa7356b
0446e675e675ab3d
0fc40b000fc40000
b18145c745c7b7c9
cdd594cacdd52328
27cffe34fe34e692
60a2371e60a25848
3420ce22ce22c2ca
6e0359d56e037f80
7a9270527a927f80
918ca6d2a6d20000
eaf3ab98eaf35710
56cd583958536f94
679c8399679cabba
a0547bf47bf4dcca
8d30b20db20d0030
706bba01706beaed
f2ad4888f2adfbb8
e474e05de4757f80
5be07d677d677f80
91b60b6091b68000
0fb9938c938b8000
55c2c94655c2df96
839f10d210d28000
3289ee69ee69e179
3831630163015bb2
d7faf722f7227f80
f4a8db11f4a87f80
3bd3c34ac34abfa6
30fe7fa57fc07fc0
6e398b336e39ba01
a5ada7a9a7b40de4
1cfe311631160e95
64e4f0caf0caff80
de69ca9ade69698c
d8d13f56d8d1d8af
f3d7facdfacd7f80
15d16ef26ef24546
174ad3c8d3c8ab9e
ff709f59ff705f4b
995f0eaa995f8000
a376cddfcddf31d6
1bb348b448b424fc
3e1083333e1081c9
ae1cc5bec5be3468
def8f021f0217f80
fbaed282fbae7f80
b24ccacbcacb3da2
04c7833804b08000
9f5d378437849764
897f050f897e8000
bd03a6debd032463
680008bb6800313b
6c97daee6c97ff80
12a203c612a20000
ec09eeb3eeb77f80
f98dacf4f98d6706
3141497949793b3c
fbafd3b9fbaf7f80
7731ca1e7731ff80
785813ba78584c9d
b80dc1b0c1b03a42
445e8384445e8865
c5be1fdfc5bea626
7bb186e77bb1c320
fed08089fed03fdf
08d5e1f4e1f4ab4b
32aad179d179c4a5
82f1912791270000
c16eebdfebdf6dcf
3db4a0983db49ed6
2193c5f4c5f4a80c
d25b8befd25b1ecc
232206c323220000
37ee885a37ee80cb
3a4fc137c137bc14
7541b7a97541ed7f
ca3df73df73d7f80
4db742054db7503e
f07aa7acf07a58a8
1bdd91d91bdd8000
d406be90d4065317
59f0517859f06be8
8081c3c4c3c404c6
05df1b791b790000
d9a039bdd9a0d3ec
28df250f28e00e79
eeaa881eeeaa3752
d8210ecdd821a781
51c802b351c8150c
5443fadbfadbff80
58c7947358c7adbd
a499357a357a9a95
256681f625668000
2f04146d2f0403f4
e163cb98e1636d87
4d22e003e003eda6
713e3362713e6528
9e451aa39e448000
c5b6bc40c5b64288
bd069449bd0611d2
d6d51723d6d5ae88
bba3114cbba38d82
cb371117cb379cd8
fef365c0fef3ff80
7d44305e7d446e2a
36dafd3dfd3df4a1
f7325a89f732ff80
62b8511f62b87465
141600f314160000
7d26ceb87d26ff80
5696f911f911ff80
7569f7b4f7adff80
0c8ac87bc87b9587
16bc817216bc8000
de91b746de915660
968d1a571a568000
2a9f1e092a9f092a
3c8d97b63c8d94c8
7f0c4a8d7f0c7f80
68e96b8c6b907f80
7d61ec0d7d61ff80
2d45727d727d6043
2caef470f470e1a3
ab970069ab978000
b7ac6b386b38e377
7dd004107dd0426a
f02e93adf02e446b
6385b6356385da3c
67c8ffec7fc07fc0
db6c2461db6cc04f
62c3fe20fe20ff80
4afb1b494afb26c5
5930f843f843ff80
7ef54f657ef57f80
77d83b1777d8737f
1ef9439543952311
5eafb9e85eafd91f
406d464a464a473b
d9f703d1d9f79e4a
5cf178c478c47f80
8046526f526f9303
fdb3dffdfdb37f80
b205afa4b20a222a
d1ecb1dfd1ec444e
69f18dfc69f1b86d
237f424a424a2649
1b87c588c588a18f
b4b9d3dad3da491e
8e3e46b346b39585
0d2cac38ac388000
2ce2cc55cc55b9bc
6432a1b66432c67d
f39f770f770eff80
4cc9891b4cc99673
0bd80d5c0d770000
881cf108f10839a6
85da4381438189dc
088c277d277d0000
57cc596d598371bd
7c3ddcfe7c3dff80
9c16b918b91815b2
4da2faa8faa8ff80
d72acebcd72a667a
bff56b426b42ebba
d128dd4bdd4b6f05
cb26fbc3fbc37f80
6ee30b146ee33a83
287c44f744f72df3
0fd5a8a5a8a58000
145b733273324818
3f11267c3f11260f
525c6da06da07f80
910514a114a08000
fde029a8fde0e813
118d461246121821
2a8ccbd1cbd1b6e5
b90c151db90c8eac
0a807f0e7f0e4a0e
b386b48cb4ae2893
bc27d978d9785622
befba3e3befb235f
7751bb1e7751f301
06c8112f112f0000
bd376c096c09e9c4
c7e4e3d8e3d86c40
f2891d26f289d032
cf9d3a62cf9dca8b
6a68d4346a68ff23
9d085a155a15b79e
1eea53fb53fb3365
f1ef2a6af1efdcda
cb14e4c5e4c57064
e3d0881be3d02c7c
ef82e2aaef827f80
0115c0f9c0f98291
571c2c39571c43e1
f1dc1ebef1dcd123
6d94c4bf6d94f2dd
decdc22edecd618b
63fa26e163fa4b5c
9a67fea4fea45994
80d3abdfabdf0000
ede1b336ede161a0
e8dfc9f5e8df7355
9b3251ef51efada6
219b8839219b8000
ae0c8e53ae0c0001
a5a83274327498a0
1f77bbf9bbf99bf0
caab38bbcaabc3fa
a1040164a1048000
cb6d4af4cae6d6e2
a19d75037503d721
4bf600584bf60ca9
efa29da8efa24dd5
c2868692c2860999
4ccdd75fd75fe4b3
c0ff1e52c0ff9fd1
ee589f98ee584e80
780a1732780a4fc0
289e5ad75ad74405
64dafd3ffd3fff80
ab07379a379aa322
b7b233f6b7b1ac2b
7ec68bb07ec6cb08
b332f008f00863bd
779dd162779dff80
9288915e92a40000
6a24571a6a247f80
48e4c5ef48e0cf55
74f4499174f47f0a
2b22225f2b220e0d
9c9403799c948000
66dfb00566dfd768
29d92f132f131979
81421c461c468000
aa2bdda2dda24858
1484fccafccad1d0
e02c1b44e02cbc04
9e5389b69e530000
317e416b416b3369
824a923b923b0000
ad20fc72fc726a17
cf89a0a6cf8930b2
7ea1abc07ea1eaf2
a20fd108d1083398
04f95a055a051f81
0f8fc73cc73c9752
30f28c1d30f28002
807f6cf06cf0adee
bff9e002e002607d
d6a7b711d6a74e3d
7b88ff8b7fc07fc0
e6c8cccfe6c87422
12cf5c905c902fe9
37f5095137f501c8
9d6661946194bf85
1243248e248e0000
bcc264fb64fbe23e
a64551655165b830
9f47cc7fcc7f2c46
6213b9526213dbf1
746a889e746abd90
b2e8bd90bd903102
fdec202ffdecdea1
72a2d34772a2ff80
9952aa9caa9c0480
6300094063002cc0
ea174a94ea17f52f
69088eaf6908b83a
20f5218921c60303
cd54d8cfd8cf66ab
461f638863886a29
9c48235123518052
e83b2efae83bd7b7
e58afd47fd477f80
bb2afb1dfb1d76d1
27b2e102e102c935
364fdc2edc2ed30d
d16ebff4d16e51e3
8430b2a5b2a50000
912e854f912e0000
9a9897019a990000
2d147efa7efa6c91
1783c733c7339f37
a22c7a307a30dcec
01d6bc5cbc5c800b
8e8c61fe61feb10b
d333f5bff5bf7f80
8f91eb83eb833b94
51640b1251641d02
8b0e03b38b0e8000
4828d1bdd1bdda78
0b70054d0b700000
91034a2a4a2a9bae
4d0930794d093e05
2e92ac232e8d9b3a
9a0fdfd0dfd03a68
79d8666c79d87f80
7e0cec157e0cff80
00e02a762a760000
e74757b8e747ff80
a7718b87a7710000
3498338c34bb28a6
8a55021c8a558000
5d9b969e5d9bb4bf
31c7a53731c7978e
65a9d18665a9f7b1
cff2c970cff259e3
3d25b23a3d25aff0
1ddbe023e023be8b
451ff849f849fdfa
7497867d7497bb95
b05d9e62b05d0f43
0ef2ebb4ebb4bb2a
2feb3df53df52e61
6a938c686a93b785
7375b72a7375eb23
58ccf3c8f3c8ff80
79f76d3679f77f80
71a282ba71a2b4eb
a46a06e3a46a8000
84709bba9bba0000
633908ba63392c86
68c09af668c0c438
71e3490571e37b6c
b31e14a9b31e8851
ded3491cded3e881
0a4b90e590e58000
30c36b7c6b7c5cc0
92e2e0f8e0f8345b
3667964436678d31
cd15459fcd15d339
3181e692e692d893
c084f14cf14c7252
eac418edeac4c435
992456f956f9b0a0
7a4a37c47a4a729b
21f4918021f48000
198bb604b604900f
3a32b82b3a27b2ee
0cc3a796a7968000
458fe053e053e66c
56b1736773677f80
dbdc43c3dbdce028
1104d426d426a5ab
c22dda74da745d25
98ff195318a78000
96cf19b319b08000
aa7ce518e5185016
3d3a83d03d3a8197
8b2dbde7bde7099c
73aa064173aa3a80
a6baad1dad1d1464
0701439943990b1a
431b3bbe431b3f66
537d181e537d2c1c
d8af6e836e83ff80
58500c7b5850254c
be87c257c2584163
9ad18a799ad10000
d5a279f079f0ff80
e2ecbc31e2ec5fa3
a6db3ae43ae4a243
3cbfff79ff79fcba
548c9274548ca785
6f7c5ff16f7c7f80
dc67c7a8dc676498
f422f0b9f4237f80
d2941500d294a814
3ea8e864e864e796
cdecd139d13b5fab
39ec5f485f4859b8
4d23bee74d23cc93
c1d3ecceecce6f2a
004db403b4038000
9b0d35df35df9176
33e6bf1bbf1bb38b
6448de116448ff80
5f5e03c95f5e23ae
eec95aa9eec9ff80
4db80c374db81a84
77ceddd977ceff80
dbbf7fcb7fc07fc0
5677737b737b7f80
824cc8f9c8f90bc6
6bb736fb6bb76333
adfad4ead4ea4365
7a3c08c87a3c4393
28852ad22ada13da
963f447b447b9b3b
7c7cc2837c7cff80
8056eb07eb072bb5
22d38fc022d38000
18661b5f1b630000
603d914a603db215
5a2886185a28a0c8
a85a319b319b9a84
678343bd67836bc1
13b1509c509c24d8
278476fe76fe5f03
cbc0d4ddd4dd6126
6441efe9efe9ff80
83b0e319e3192752
4e73b5114e73c40a
4c14abcc4c14b86c
abacd6e2d6e24318
43b47c927c927f80
f6c07445f6baff80
0244d2ffd2ff95c3
1238a6f1a6f18000
10b981bc10b98000
b3abf2d6f2d6670f
fc70eb4ffc707f80
b5009087b5000607
