00007f80
000160b5
0002607f
00036051
00046035
00056022
00066014
00076009
00085fff
00095ff2
000a5fe5
000b5fda
000c5fd1
000d5fc9
000e5fc1
000f5fbb
00105fb5
00115faf
00125fab
00135fa6
00145fa2
00155f9e
00165f9a
00175f97
00185f94
00195f91
001a5f8e
001b5f8b
001c5f89
001d5f86
001e5f84
001f5f82
00205f7f
00215f7c
00225f78
00235f74
00245f72
00255f6e
00265f6a
00275f68
00285f65
00295f62
002a5f60
002b5f5d
002c5f5a
002d5f58
002e5f55
002f5f53
00305f51
00315f4f
00325f4c
00335f4b
00345f49
00355f47
00365f45
00375f43
00385f41
00395f40
003a5f3e
003b5f3c
003c5f3b
003d5f39
003e5f38
003f5f37
00405f35
00415f33
00425f32
00435f31
00445f2f
00455f2e
00465f2d
00475f2c
00485f2b
00495f29
004a5f28
004b5f27
004c5f26
004d5f25
004e5f24
004f5f23
00505f22
00515f21
00525f20
00535f1f
00545f1e
00555f1d
00565f1c
00575f1b
00585f1a
00595f19
005a5f19
005b5f18
005c5f17
005d5f16
005e5f15
005f5f14
00605f14
00615f13
00625f12
00635f12
00645f11
00655f10
00665f0f
00675f0f
00685f0e
00695f0d
006a5f0d
006b5f0c
006c5f0b
006d5f0b
006e5f0a
006f5f09
00705f09
00715f08
00725f08
00735f07
00745f06
00755f06
00765f05
00775f05
00785f04
00795f04
007a5f03
007b5f03
007c5f02
007d5f01
007e5f01
007f5f00
00805eff
00815eff
00825efe
00835efc
00845efc
00855efb
00865efa
00875efa
00885ef8
00895ef7
008a5ef7
008b5ef5
008c5ef4
008d5ef4
008e5ef3
008f5ef2
00905ef2
00915ef0
00925eef
00935eef
00945eee
00955eed
00965eed
00975eec
00985eea
00995eea
009a5ee9
009b5ee8
009c5ee8
009d5ee7
009e5ee6
009f5ee6
00a05ee5
00a15ee4
00a25ee4
00a35ee3
00a45ee2
00a55ee2
00a65ee1
00a75ee0
00a85ee0
00a95edf
00aa5ede
00ab5ede
00ac5edd
00ad5edc
00ae5edc
00af5edb
00b05eda
00b15eda
00b25ed9
00b35ed8
00b45ed8
00b55ed7
00b65ed6
00b75ed6
00b85ed5
00b95ed5
00ba5ed5
00bb5ed4
00bc5ed3
00bd5ed3
00be5ed2
00bf5ed1
00c05ed1
00c15ed0
00c25ed0
00c35ed0
00c45ecf
00c55ece
00c65ece
00c75ecd
00c85ecc
00c95ecc
00ca5ecc
00cb5ecb
00cc5ecb
00cd5eca
00ce5ec9
00cf5ec9
00d05ec9
00d15ec8
00d25ec8
00d35ec7
00d45ec7
00d55ec7
00d65ec6
00d75ec5
00d85ec5
00d95ec5
00da5ec4
00db5ec4
00dc5ec3
00dd5ec2
00de5ec2
00df5ec2
00e05ec1
00e15ec1
00e25ec1
00e35ec0
00e45ec0
00e55ebf
00e65ebf
00e75ebf
00e85ebe
00e95ebd
00ea5ebd
00eb5ebd
00ec5ebc
00ed5ebc
00ee5ebc
00ef5ebb
00f05ebb
00f15eba
00f25eba
00f35eba
00f45eb9
00f55eb9
00f65eb9
00f75eb8
00f85eb8
00f95eb8
00fa5eb7
00fb5eb7
00fc5eb7
00fd5eb6
00fe5eb5
00ff5eb5
01005eb5
01015eb4
01025eb3
01035eb3
01045eb2
01055eb1
01065eb1
01075eb0
01085eaf
01095eaf
010a5eae
010b5ead
010c5ead
010d5ead
010e5eac
010f5eab
01105eab
01115eaa
01125ea9
01135ea9
01145ea8
01155ea8
01165ea7
01175ea6
01185ea6
01195ea6
011a5ea5
011b5ea4
011c5ea4
011d5ea3
011e5ea3
011f5ea2
01205ea2
01215ea1
01225ea1
01235ea0
01245ea0
01255e9f
01265e9f
01275e9e
01285e9e
01295e9d
012a5e9d
012b5e9d
012c5e9c
012d5e9c
012e5e9b
012f5e9b
01305e9a
01315e9a
01325e99
01335e99
01345e99
01355e98
01365e98
01375e97
01385e97
01395e97
013a5e96
013b5e96
013c5e95
013d5e95
013e5e94
013f5e94
01405e94
01415e93
01425e93
01435e93
01445e92
01455e92
01465e92
01475e91
01485e91
01495e90
014a5e90
014b5e90
014c5e8f
014d5e8f
014e5e8f
014f5e8e
01505e8e
01515e8e
01525e8d
01535e8d
01545e8d
01555e8c
01565e8c
01575e8c
01585e8b
01595e8b
015a5e8b
015b5e8a
015c5e8a
015d5e8a
015e5e89
015f5e89
01605e89
01615e89
01625e88
01635e88
01645e88
01655e87
01665e87
01675e87
01685e86
01695e86
016a5e86
016b5e85
016c5e85
016d5e85
016e5e85
016f5e84
01705e84
01715e84
01725e84
01735e83
01745e83
01755e83
01765e83
01775e82
01785e82
01795e82
017a5e81
017b5e81
017c5e81
017d5e81
017e5e80
017f5e80
01805e7f
01815e7f
01825e7e
01835e7c
01845e7c
01855e7b
01865e7a
01875e7a
01885e78
01895e77
018a5e77
018b5e75
018c5e74
018d5e74
018e5e73
018f5e72
01905e72
01915e70
01925e6f
01935e6f
01945e6e
01955e6d
01965e6d
01975e6c
01985e6a
01995e6a
019a5e69
019b5e68
019c5e68
019d5e67
019e5e66
019f5e66
01a05e65
01a15e64
01a25e64
01a35e63
01a45e62
01a55e62
01a65e61
01a75e60
01a85e60
01a95e5f
01aa5e5e
01ab5e5e
01ac5e5d
01ad5e5c
01ae5e5c
01af5e5b
01b05e5a
01b15e5a
01b25e59
01b35e58
01b45e58
01b55e57
01b65e56
01b75e56
01b85e55
01b95e55
01ba5e55
01bb5e54
01bc5e53
01bd5e53
01be5e52
01bf5e51
01c05e51
01c15e50
01c25e50
01c35e50
01c45e4f
01c55e4e
01c65e4e
01c75e4d
01c85e4c
01c95e4c
01ca5e4c
01cb5e4b
01cc5e4b
01cd5e4a
01ce5e49
01cf5e49
01d05e49
01d15e48
01d25e48
01d35e47
01d45e47
01d55e47
01d65e46
01d75e45
01d85e45
01d95e45
01da5e44
01db5e44
01dc5e43
01dd5e42
01de5e42
01df5e42
01e05e41
01e15e41
01e25e41
01e35e40
01e45e40
01e55e3f
01e65e3f
01e75e3f
01e85e3e
01e95e3d
01ea5e3d
01eb5e3d
01ec5e3c
01ed5e3c
01ee5e3c
01ef5e3b
01f05e3b
01f15e3a
01f25e3a
01f35e3a
01f45e39
01f55e39
01f65e39
01f75e38
01f85e38
01f95e38
01fa5e37
01fb5e37
01fc5e37
01fd5e36
01fe5e35
01ff5e35
02005e35
02015e34
02025e33
02035e33
02045e32
02055e31
02065e31
02075e30
02085e2f
02095e2f
020a5e2e
020b5e2d
020c5e2d
020d5e2d
020e5e2c
020f5e2b
02105e2b
02115e2a
02125e29
02135e29
02145e28
02155e28
02165e27
02175e26
02185e26
02195e26
021a5e25
021b5e24
021c5e24
021d5e23
021e5e23
021f5e22
02205e22
02215e21
02225e21
02235e20
02245e20
02255e1f
02265e1f
02275e1e
02285e1e
02295e1d
022a5e1d
022b5e1d
022c5e1c
022d5e1c
022e5e1b
022f5e1b
02305e1a
02315e1a
02325e19
02335e19
02345e19
02355e18
02365e18
02375e17
02385e17
02395e17
023a5e16
023b5e16
023c5e15
023d5e15
023e5e14
023f5e14
02405e14
02415e13
02425e13
02435e13
02445e12
02455e12
02465e12
02475e11
02485e11
02495e10
024a5e10
024b5e10
024c5e0f
024d5e0f
024e5e0f
024f5e0e
02505e0e
02515e0e
02525e0d
02535e0d
02545e0d
02555e0c
02565e0c
02575e0c
02585e0b
02595e0b
025a5e0b
025b5e0a
025c5e0a
025d5e0a
025e5e09
025f5e09
02605e09
02615e09
02625e08
02635e08
02645e08
02655e07
02665e07
02675e07
02685e06
02695e06
026a5e06
026b5e05
026c5e05
026d5e05
026e5e05
026f5e04
02705e04
02715e04
02725e04
02735e03
02745e03
02755e03
02765e03
02775e02
02785e02
02795e02
027a5e01
027b5e01
027c5e01
027d5e01
027e5e00
027f5e00
02805dff
02815dff
02825dfe
02835dfc
02845dfc
02855dfb
02865dfa
02875dfa
02885df8
02895df7
028a5df7
028b5df5
028c5df4
028d5df4
028e5df3
028f5df2
02905df2
02915df0
02925def
02935def
02945dee
02955ded
02965ded
02975dec
02985dea
02995dea
029a5de9
029b5de8
029c5de8
029d5de7
029e5de6
029f5de6
02a05de5
02a15de4
02a25de4
02a35de3
02a45de2
02a55de2
02a65de1
02a75de0
02a85de0
02a95ddf
02aa5dde
02ab5dde
02ac5ddd
02ad5ddc
02ae5ddc
02af5ddb
02b05dda
02b15dda
02b25dd9
02b35dd8
02b45dd8
02b55dd7
02b65dd6
02b75dd6
02b85dd5
02b95dd5
02ba5dd5
02bb5dd4
02bc5dd3
02bd5dd3
02be5dd2
02bf5dd1
02c05dd1
02c15dd0
02c25dd0
02c35dd0
02c45dcf
02c55dce
02c65dce
02c75dcd
02c85dcc
02c95dcc
02ca5dcc
02cb5dcb
02cc5dcb
02cd5dca
02ce5dc9
02cf5dc9
02d05dc9
02d15dc8
02d25dc8
02d35dc7
02d45dc7
02d55dc7
02d65dc6
02d75dc5
02d85dc5
02d95dc5
02da5dc4
02db5dc4
02dc5dc3
02dd5dc2
02de5dc2
02df5dc2
02e05dc1
02e15dc1
02e25dc1
02e35dc0
02e45dc0
02e55dbf
02e65dbf
02e75dbf
02e85dbe
02e95dbd
02ea5dbd
02eb5dbd
02ec5dbc
02ed5dbc
02ee5dbc
02ef5dbb
02f05dbb
02f15dba
02f25dba
02f35dba
02f45db9
02f55db9
02f65db9
02f75db8
02f85db8
02f95db8
02fa5db7
02fb5db7
02fc5db7
02fd5db6
02fe5db5
02ff5db5
03005db5
03015db4
03025db3
03035db3
03045db2
03055db1
03065db1
03075db0
03085daf
03095daf
030a5dae
030b5dad
030c5dad
030d5dad
030e5dac
030f5dab
03105dab
03115daa
03125da9
03135da9
03145da8
03155da8
03165da7
03175da6
03185da6
03195da6
031a5da5
031b5da4
031c5da4
031d5da3
031e5da3
031f5da2
03205da2
03215da1
03225da1
03235da0
03245da0
03255d9f
03265d9f
03275d9e
03285d9e
03295d9d
032a5d9d
032b5d9d
032c5d9c
032d5d9c
032e5d9b
032f5d9b
03305d9a
03315d9a
03325d99
03335d99
03345d99
03355d98
03365d98
03375d97
03385d97
03395d97
033a5d96
033b5d96
033c5d95
033d5d95
033e5d94
033f5d94
03405d94
03415d93
03425d93
03435d93
03445d92
03455d92
03465d92
03475d91
03485d91
03495d90
034a5d90
034b5d90
034c5d8f
034d5d8f
034e5d8f
034f5d8e
03505d8e
03515d8e
03525d8d
03535d8d
03545d8d
03555d8c
03565d8c
03575d8c
03585d8b
03595d8b
035a5d8b
035b5d8a
035c5d8a
035d5d8a
035e5d89
035f5d89
03605d89
03615d89
03625d88
03635d88
03645d88
03655d87
03665d87
03675d87
03685d86
03695d86
036a5d86
036b5d85
036c5d85
036d5d85
036e5d85
036f5d84
03705d84
03715d84
03725d84
03735d83
03745d83
03755d83
03765d83
03775d82
03785d82
03795d82
037a5d81
037b5d81
037c5d81
037d5d81
037e5d80
037f5d80
03805d7f
03815d7f
03825d7e
03835d7c
03845d7c
03855d7b
03865d7a
03875d7a
03885d78
03895d77
038a5d77
038b5d75
038c5d74
038d5d74
038e5d73
038f5d72
03905d72
03915d70
03925d6f
03935d6f
03945d6e
03955d6d
03965d6d
03975d6c
03985d6a
03995d6a
039a5d69
039b5d68
039c5d68
039d5d67
039e5d66
039f5d66
03a05d65
03a15d64
03a25d64
03a35d63
03a45d62
03a55d62
03a65d61
03a75d60
03a85d60
03a95d5f
03aa5d5e
03ab5d5e
03ac5d5d
03ad5d5c
03ae5d5c
03af5d5b
03b05d5a
03b15d5a
03b25d59
03b35d58
03b45d58
03b55d57
03b65d56
03b75d56
03b85d55
03b95d55
03ba5d55
03bb5d54
03bc5d53
03bd5d53
03be5d52
03bf5d51
03c05d51
03c15d50
03c25d50
03c35d50
03c45d4f
03c55d4e
03c65d4e
03c75d4d
03c85d4c
03c95d4c
03ca5d4c
03cb5d4b
03cc5d4b
03cd5d4a
03ce5d49
03cf5d49
03d05d49
03d15d48
03d25d48
03d35d47
03d45d47
03d55d47
03d65d46
03d75d45
03d85d45
03d95d45
03da5d44
03db5d44
03dc5d43
03dd5d42
03de5d42
03df5d42
03e05d41
03e15d41
03e25d41
03e35d40
03e45d40
03e55d3f
03e65d3f
03e75d3f
03e85d3e
03e95d3d
03ea5d3d
03eb5d3d
03ec5d3c
03ed5d3c
03ee5d3c
03ef5d3b
03f05d3b
03f15d3a
03f25d3a
03f35d3a
03f45d39
03f55d39
03f65d39
03f75d38
03f85d38
03f95d38
03fa5d37
03fb5d37
03fc5d37
03fd5d36
03fe5d35
03ff5d35
04005d35
04015d34
04025d33
04035d33
04045d32
04055d31
04065d31
04075d30
04085d2f
04095d2f
040a5d2e
040b5d2d
040c5d2d
040d5d2d
040e5d2c
040f5d2b
04105d2b
04115d2a
04125d29
04135d29
04145d28
04155d28
04165d27
04175d26
04185d26
04195d26
041a5d25
041b5d24
041c5d24
041d5d23
041e5d23
041f5d22
04205d22
04215d21
04225d21
04235d20
04245d20
04255d1f
04265d1f
04275d1e
04285d1e
04295d1d
042a5d1d
042b5d1d
042c5d1c
042d5d1c
042e5d1b
042f5d1b
04305d1a
04315d1a
04325d19
04335d19
04345d19
04355d18
04365d18
04375d17
04385d17
04395d17
043a5d16
043b5d16
043c5d15
043d5d15
043e5d14
043f5d14
04405d14
04415d13
04425d13
04435d13
04445d12
04455d12
04465d12
04475d11
04485d11
04495d10
044a5d10
044b5d10
044c5d0f
044d5d0f
044e5d0f
044f5d0e
04505d0e
04515d0e
04525d0d
04535d0d
04545d0d
04555d0c
04565d0c
04575d0c
04585d0b
04595d0b
045a5d0b
045b5d0a
045c5d0a
045d5d0a
045e5d09
045f5d09
04605d09
04615d09
04625d08
04635d08
04645d08
04655d07
04665d07
04675d07
04685d06
04695d06
046a5d06
046b5d05
046c5d05
046d5d05
046e5d05
046f5d04
04705d04
04715d04
04725d04
04735d03
04745d03
04755d03
04765d03
04775d02
04785d02
04795d02
047a5d01
047b5d01
047c5d01
047d5d01
047e5d00
047f5d00
04805cff
04815cff
04825cfe
04835cfc
04845cfc
04855cfb
04865cfa
04875cfa
04885cf8
04895cf7
048a5cf7
048b5cf5
048c5cf4
048d5cf4
048e5cf3
048f5cf2
04905cf2
04915cf0
04925cef
04935cef
04945cee
04955ced
04965ced
04975cec
04985cea
04995cea
049a5ce9
049b5ce8
049c5ce8
049d5ce7
049e5ce6
049f5ce6
04a05ce5
04a15ce4
04a25ce4
04a35ce3
04a45ce2
04a55ce2
04a65ce1
04a75ce0
04a85ce0
04a95cdf
04aa5cde
04ab5cde
04ac5cdd
04ad5cdc
04ae5cdc
04af5cdb
04b05cda
04b15cda
04b25cd9
04b35cd8
04b45cd8
04b55cd7
04b65cd6
04b75cd6
04b85cd5
04b95cd5
04ba5cd5
04bb5cd4
04bc5cd3
04bd5cd3
04be5cd2
04bf5cd1
04c05cd1
04c15cd0
04c25cd0
04c35cd0
04c45ccf
04c55cce
04c65cce
04c75ccd
04c85ccc
04c95ccc
04ca5ccc
04cb5ccb
04cc5ccb
04cd5cca
04ce5cc9
04cf5cc9
04d05cc9
04d15cc8
04d25cc8
04d35cc7
04d45cc7
04d55cc7
04d65cc6
04d75cc5
04d85cc5
04d95cc5
04da5cc4
04db5cc4
04dc5cc3
04dd5cc2
04de5cc2
04df5cc2
04e05cc1
04e15cc1
04e25cc1
04e35cc0
04e45cc0
04e55cbf
04e65cbf
04e75cbf
04e85cbe
04e95cbd
04ea5cbd
04eb5cbd
04ec5cbc
04ed5cbc
04ee5cbc
04ef5cbb
04f05cbb
04f15cba
04f25cba
04f35cba
04f45cb9
04f55cb9
04f65cb9
04f75cb8
04f85cb8
04f95cb8
04fa5cb7
04fb5cb7
04fc5cb7
04fd5cb6
04fe5cb5
04ff5cb5
05005cb5
05015cb4
05025cb3
05035cb3
05045cb2
05055cb1
05065cb1
05075cb0
05085caf
05095caf
050a5cae
050b5cad
050c5cad
050d5cad
050e5cac
050f5cab
05105cab
05115caa
05125ca9
05135ca9
05145ca8
05155ca8
05165ca7
05175ca6
05185ca6
05195ca6
051a5ca5
051b5ca4
051c5ca4
051d5ca3
051e5ca3
051f5ca2
05205ca2
05215ca1
05225ca1
05235ca0
05245ca0
05255c9f
05265c9f
05275c9e
05285c9e
05295c9d
052a5c9d
052b5c9d
052c5c9c
052d5c9c
052e5c9b
052f5c9b
05305c9a
05315c9a
05325c99
05335c99
05345c99
05355c98
05365c98
05375c97
05385c97
05395c97
053a5c96
053b5c96
053c5c95
053d5c95
053e5c94
053f5c94
05405c94
05415c93
05425c93
05435c93
05445c92
05455c92
05465c92
05475c91
05485c91
05495c90
054a5c90
054b5c90
054c5c8f
054d5c8f
054e5c8f
054f5c8e
05505c8e
05515c8e
05525c8d
05535c8d
05545c8d
05555c8c
05565c8c
05575c8c
05585c8b
05595c8b
055a5c8b
055b5c8a
055c5c8a
055d5c8a
055e5c89
055f5c89
05605c89
05615c89
05625c88
05635c88
05645c88
05655c87
05665c87
05675c87
05685c86
05695c86
056a5c86
056b5c85
056c5c85
056d5c85
056e5c85
056f5c84
05705c84
05715c84
05725c84
05735c83
05745c83
05755c83
05765c83
05775c82
05785c82
05795c82
057a5c81
057b5c81
057c5c81
057d5c81
057e5c80
057f5c80
05805c7f
05815c7f
05825c7e
05835c7c
05845c7c
05855c7b
05865c7a
05875c7a
05885c78
05895c77
058a5c77
058b5c75
058c5c74
058d5c74
058e5c73
058f5c72
05905c72
05915c70
05925c6f
05935c6f
05945c6e
05955c6d
05965c6d
05975c6c
05985c6a
05995c6a
059a5c69
059b5c68
059c5c68
059d5c67
059e5c66
059f5c66
05a05c65
05a15c64
05a25c64
05a35c63
05a45c62
05a55c62
05a65c61
05a75c60
05a85c60
05a95c5f
05aa5c5e
05ab5c5e
05ac5c5d
05ad5c5c
05ae5c5c
05af5c5b
05b05c5a
05b15c5a
05b25c59
05b35c58
05b45c58
05b55c57
05b65c56
05b75c56
05b85c55
05b95c55
05ba5c55
05bb5c54
05bc5c53
05bd5c53
05be5c52
05bf5c51
05c05c51
05c15c50
05c25c50
05c35c50
05c45c4f
05c55c4e
05c65c4e
05c75c4d
05c85c4c
05c95c4c
05ca5c4c
05cb5c4b
05cc5c4b
05cd5c4a
05ce5c49
05cf5c49
05d05c49
05d15c48
05d25c48
05d35c47
05d45c47
05d55c47
05d65c46
05d75c45
05d85c45
05d95c45
05da5c44
05db5c44
05dc5c43
05dd5c42
05de5c42
05df5c42
05e05c41
05e15c41
05e25c41
05e35c40
05e45c40
05e55c3f
05e65c3f
05e75c3f
05e85c3e
05e95c3d
05ea5c3d
05eb5c3d
05ec5c3c
05ed5c3c
05ee5c3c
05ef5c3b
05f05c3b
05f15c3a
05f25c3a
05f35c3a
05f45c39
05f55c39
05f65c39
05f75c38
05f85c38
05f95c38
05fa5c37
05fb5c37
05fc5c37
05fd5c36
05fe5c35
05ff5c35
06005c35
06015c34
06025c33
06035c33
06045c32
06055c31
06065c31
06075c30
06085c2f
06095c2f
060a5c2e
060b5c2d
060c5c2d
060d5c2d
060e5c2c
060f5c2b
06105c2b
06115c2a
06125c29
06135c29
06145c28
06155c28
06165c27
06175c26
06185c26
06195c26
061a5c25
061b5c24
061c5c24
061d5c23
061e5c23
061f5c22
06205c22
06215c21
06225c21
06235c20
06245c20
06255c1f
06265c1f
06275c1e
06285c1e
06295c1d
062a5c1d
062b5c1d
062c5c1c
062d5c1c
062e5c1b
062f5c1b
06305c1a
06315c1a
06325c19
06335c19
06345c19
06355c18
06365c18
06375c17
06385c17
06395c17
063a5c16
063b5c16
063c5c15
063d5c15
063e5c14
063f5c14
06405c14
06415c13
06425c13
06435c13
06445c12
06455c12
06465c12
06475c11
06485c11
06495c10
064a5c10
064b5c10
064c5c0f
064d5c0f
064e5c0f
064f5c0e
06505c0e
06515c0e
06525c0d
06535c0d
06545c0d
06555c0c
06565c0c
06575c0c
06585c0b
06595c0b
065a5c0b
065b5c0a
065c5c0a
065d5c0a
065e5c09
065f5c09
06605c09
06615c09
06625c08
06635c08
06645c08
06655c07
06665c07
06675c07
06685c06
06695c06
066a5c06
066b5c05
066c5c05
066d5c05
066e5c05
066f5c04
06705c04
06715c04
06725c04
06735c03
06745c03
06755c03
06765c03
06775c02
06785c02
06795c02
067a5c01
067b5c01
067c5c01
067d5c01
067e5c00
067f5c00
06805bff
06815bff
06825bfe
06835bfc
06845bfc
06855bfb
06865bfa
06875bfa
06885bf8
06895bf7
068a5bf7
068b5bf5
068c5bf4
068d5bf4
068e5bf3
068f5bf2
06905bf2
06915bf0
06925bef
06935bef
06945bee
06955bed
06965bed
06975bec
06985bea
06995bea
069a5be9
069b5be8
069c5be8
069d5be7
069e5be6
069f5be6
06a05be5
06a15be4
06a25be4
06a35be3
06a45be2
06a55be2
06a65be1
06a75be0
06a85be0
06a95bdf
06aa5bde
06ab5bde
06ac5bdd
06ad5bdc
06ae5bdc
06af5bdb
06b05bda
06b15bda
06b25bd9
06b35bd8
06b45bd8
06b55bd7
06b65bd6
06b75bd6
06b85bd5
06b95bd5
06ba5bd5
06bb5bd4
06bc5bd3
06bd5bd3
06be5bd2
06bf5bd1
06c05bd1
06c15bd0
06c25bd0
06c35bd0
06c45bcf
06c55bce
06c65bce
06c75bcd
06c85bcc
06c95bcc
06ca5bcc
06cb5bcb
06cc5bcb
06cd5bca
06ce5bc9
06cf5bc9
06d05bc9
06d15bc8
06d25bc8
06d35bc7
06d45bc7
06d55bc7
06d65bc6
06d75bc5
06d85bc5
06d95bc5
06da5bc4
06db5bc4
06dc5bc3
06dd5bc2
06de5bc2
06df5bc2
06e05bc1
06e15bc1
06e25bc1
06e35bc0
06e45bc0
06e55bbf
06e65bbf
06e75bbf
06e85bbe
06e95bbd
06ea5bbd
06eb5bbd
06ec5bbc
06ed5bbc
06ee5bbc
06ef5bbb
06f05bbb
06f15bba
06f25bba
06f35bba
06f45bb9
06f55bb9
06f65bb9
06f75bb8
06f85bb8
06f95bb8
06fa5bb7
06fb5bb7
06fc5bb7
06fd5bb6
06fe5bb5
06ff5bb5
07005bb5
07015bb4
07025bb3
07035bb3
07045bb2
07055bb1
07065bb1
07075bb0
07085baf
07095baf
070a5bae
070b5bad
070c5bad
070d5bad
070e5bac
070f5bab
07105bab
07115baa
07125ba9
07135ba9
07145ba8
07155ba8
07165ba7
07175ba6
07185ba6
07195ba6
071a5ba5
071b5ba4
071c5ba4
071d5ba3
071e5ba3
071f5ba2
07205ba2
07215ba1
07225ba1
07235ba0
07245ba0
07255b9f
07265b9f
07275b9e
07285b9e
07295b9d
072a5b9d
072b5b9d
072c5b9c
072d5b9c
072e5b9b
072f5b9b
07305b9a
07315b9a
07325b99
07335b99
07345b99
07355b98
07365b98
07375b97
07385b97
07395b97
073a5b96
073b5b96
073c5b95
073d5b95
073e5b94
073f5b94
07405b94
07415b93
07425b93
07435b93
07445b92
07455b92
07465b92
07475b91
07485b91
07495b90
074a5b90
074b5b90
074c5b8f
074d5b8f
074e5b8f
074f5b8e
07505b8e
07515b8e
07525b8d
07535b8d
07545b8d
07555b8c
07565b8c
07575b8c
07585b8b
07595b8b
075a5b8b
075b5b8a
075c5b8a
075d5b8a
075e5b89
075f5b89
07605b89
07615b89
07625b88
07635b88
07645b88
07655b87
07665b87
07675b87
07685b86
07695b86
076a5b86
076b5b85
076c5b85
076d5b85
076e5b85
076f5b84
07705b84
07715b84
07725b84
07735b83
07745b83
07755b83
07765b83
07775b82
07785b82
07795b82
077a5b81
077b5b81
077c5b81
077d5b81
077e5b80
077f5b80
07805b7f
07815b7f
07825b7e
07835b7c
07845b7c
07855b7b
07865b7a
07875b7a
07885b78
07895b77
078a5b77
078b5b75
078c5b74
078d5b74
078e5b73
078f5b72
07905b72
07915b70
07925b6f
07935b6f
07945b6e
07955b6d
07965b6d
07975b6c
07985b6a
07995b6a
079a5b69
079b5b68
079c5b68
079d5b67
079e5b66
079f5b66
07a05b65
07a15b64
07a25b64
07a35b63
07a45b62
07a55b62
07a65b61
07a75b60
07a85b60
07a95b5f
07aa5b5e
07ab5b5e
07ac5b5d
07ad5b5c
07ae5b5c
07af5b5b
07b05b5a
07b15b5a
07b25b59
07b35b58
07b45b58
07b55b57
07b65b56
07b75b56
07b85b55
07b95b55
07ba5b55
07bb5b54
07bc5b53
07bd5b53
07be5b52
07bf5b51
07c05b51
07c15b50
07c25b50
07c35b50
07c45b4f
07c55b4e
07c65b4e
07c75b4d
07c85b4c
07c95b4c
07ca5b4c
07cb5b4b
07cc5b4b
07cd5b4a
07ce5b49
07cf5b49
07d05b49
07d15b48
07d25b48
07d35b47
07d45b47
07d55b47
07d65b46
07d75b45
07d85b45
07d95b45
07da5b44
07db5b44
07dc5b43
07dd5b42
07de5b42
07df5b42
07e05b41
07e15b41
07e25b41
07e35b40
07e45b40
07e55b3f
07e65b3f
07e75b3f
07e85b3e
07e95b3d
07ea5b3d
07eb5b3d
07ec5b3c
07ed5b3c
07ee5b3c
07ef5b3b
07f05b3b
07f15b3a
07f25b3a
07f35b3a
07f45b39
07f55b39
07f65b39
07f75b38
07f85b38
07f95b38
07fa5b37
07fb5b37
07fc5b37
07fd5b36
07fe5b35
07ff5b35
08005b35
08015b34
08025b33
08035b33
08045b32
08055b31
08065b31
08075b30
08085b2f
08095b2f
080a5b2e
080b5b2d
080c5b2d
080d5b2d
080e5b2c
080f5b2b
08105b2b
08115b2a
08125b29
08135b29
08145b28
08155b28
08165b27
08175b26
08185b26
08195b26
081a5b25
081b5b24
081c5b24
081d5b23
081e5b23
081f5b22
08205b22
08215b21
08225b21
08235b20
08245b20
08255b1f
08265b1f
08275b1e
08285b1e
08295b1d
082a5b1d
082b5b1d
082c5b1c
082d5b1c
082e5b1b
082f5b1b
08305b1a
08315b1a
08325b19
08335b19
08345b19
08355b18
08365b18
08375b17
08385b17
08395b17
083a5b16
083b5b16
083c5b15
083d5b15
083e5b14
083f5b14
08405b14
08415b13
08425b13
08435b13
08445b12
08455b12
08465b12
08475b11
08485b11
08495b10
084a5b10
084b5b10
084c5b0f
084d5b0f
084e5b0f
084f5b0e
08505b0e
08515b0e
08525b0d
08535b0d
08545b0d
08555b0c
08565b0c
08575b0c
08585b0b
08595b0b
085a5b0b
085b5b0a
085c5b0a
085d5b0a
085e5b09
085f5b09
08605b09
08615b09
08625b08
08635b08
08645b08
08655b07
08665b07
08675b07
08685b06
08695b06
086a5b06
086b5b05
086c5b05
086d5b05
086e5b05
086f5b04
08705b04
08715b04
08725b04
08735b03
08745b03
08755b03
08765b03
08775b02
08785b02
08795b02
087a5b01
087b5b01
087c5b01
087d5b01
087e5b00
087f5b00
08805aff
08815aff
08825afe
08835afc
08845afc
08855afb
08865afa
08875afa
08885af8
08895af7
088a5af7
088b5af5
088c5af4
088d5af4
088e5af3
088f5af2
08905af2
08915af0
08925aef
08935aef
08945aee
08955aed
08965aed
08975aec
08985aea
08995aea
089a5ae9
089b5ae8
089c5ae8
089d5ae7
089e5ae6
089f5ae6
08a05ae5
08a15ae4
08a25ae4
08a35ae3
08a45ae2
08a55ae2
08a65ae1
08a75ae0
08a85ae0
08a95adf
08aa5ade
08ab5ade
08ac5add
08ad5adc
08ae5adc
08af5adb
08b05ada
08b15ada
08b25ad9
08b35ad8
08b45ad8
08b55ad7
08b65ad6
08b75ad6
08b85ad5
08b95ad5
08ba5ad5
08bb5ad4
08bc5ad3
08bd5ad3
08be5ad2
08bf5ad1
08c05ad1
08c15ad0
08c25ad0
08c35ad0
08c45acf
08c55ace
08c65ace
08c75acd
08c85acc
08c95acc
08ca5acc
08cb5acb
08cc5acb
08cd5aca
08ce5ac9
08cf5ac9
08d05ac9
08d15ac8
08d25ac8
08d35ac7
08d45ac7
08d55ac7
08d65ac6
08d75ac5
08d85ac5
08d95ac5
08da5ac4
08db5ac4
08dc5ac3
08dd5ac2
08de5ac2
08df5ac2
08e05ac1
08e15ac1
08e25ac1
08e35ac0
08e45ac0
08e55abf
08e65abf
08e75abf
08e85abe
08e95abd
08ea5abd
08eb5abd
08ec5abc
08ed5abc
08ee5abc
08ef5abb
08f05abb
08f15aba
08f25aba
08f35aba
08f45ab9
08f55ab9
08f65ab9
08f75ab8
08f85ab8
08f95ab8
08fa5ab7
08fb5ab7
08fc5ab7
08fd5ab6
08fe5ab5
08ff5ab5
09005ab5
09015ab4
09025ab3
09035ab3
09045ab2
09055ab1
09065ab1
09075ab0
09085aaf
09095aaf
090a5aae
090b5aad
090c5aad
090d5aad
090e5aac
090f5aab
09105aab
09115aaa
09125aa9
09135aa9
09145aa8
09155aa8
09165aa7
09175aa6
09185aa6
09195aa6
091a5aa5
091b5aa4
091c5aa4
091d5aa3
091e5aa3
091f5aa2
09205aa2
09215aa1
09225aa1
09235aa0
09245aa0
09255a9f
09265a9f
09275a9e
09285a9e
09295a9d
092a5a9d
092b5a9d
092c5a9c
092d5a9c
092e5a9b
092f5a9b
09305a9a
09315a9a
09325a99
09335a99
09345a99
09355a98
09365a98
09375a97
09385a97
09395a97
093a5a96
093b5a96
093c5a95
093d5a95
093e5a94
093f5a94
09405a94
09415a93
09425a93
09435a93
09445a92
09455a92
09465a92
09475a91
09485a91
09495a90
094a5a90
094b5a90
094c5a8f
094d5a8f
094e5a8f
094f5a8e
09505a8e
09515a8e
09525a8d
09535a8d
09545a8d
09555a8c
09565a8c
09575a8c
09585a8b
09595a8b
095a5a8b
095b5a8a
095c5a8a
095d5a8a
095e5a89
095f5a89
09605a89
09615a89
09625a88
09635a88
09645a88
09655a87
09665a87
09675a87
09685a86
09695a86
096a5a86
096b5a85
096c5a85
096d5a85
096e5a85
096f5a84
09705a84
09715a84
09725a84
09735a83
09745a83
09755a83
09765a83
09775a82
09785a82
09795a82
097a5a81
097b5a81
097c5a81
097d5a81
097e5a80
097f5a80
09805a7f
09815a7f
09825a7e
09835a7c
09845a7c
09855a7b
09865a7a
09875a7a
09885a78
09895a77
098a5a77
098b5a75
098c5a74
098d5a74
098e5a73
098f5a72
09905a72
09915a70
09925a6f
09935a6f
09945a6e
09955a6d
09965a6d
09975a6c
09985a6a
09995a6a
099a5a69
099b5a68
099c5a68
099d5a67
099e5a66
099f5a66
09a05a65
09a15a64
09a25a64
09a35a63
09a45a62
09a55a62
09a65a61
09a75a60
09a85a60
09a95a5f
09aa5a5e
09ab5a5e
09ac5a5d
09ad5a5c
09ae5a5c
09af5a5b
09b05a5a
09b15a5a
09b25a59
09b35a58
09b45a58
09b55a57
09b65a56
09b75a56
09b85a55
09b95a55
09ba5a55
09bb5a54
09bc5a53
09bd5a53
09be5a52
09bf5a51
09c05a51
09c15a50
09c25a50
09c35a50
09c45a4f
09c55a4e
09c65a4e
09c75a4d
09c85a4c
09c95a4c
09ca5a4c
09cb5a4b
09cc5a4b
09cd5a4a
09ce5a49
09cf5a49
09d05a49
09d15a48
09d25a48
09d35a47
09d45a47
09d55a47
09d65a46
09d75a45
09d85a45
09d95a45
09da5a44
09db5a44
09dc5a43
09dd5a42
09de5a42
09df5a42
09e05a41
09e15a41
09e25a41
09e35a40
09e45a40
09e55a3f
09e65a3f
09e75a3f
09e85a3e
09e95a3d
09ea5a3d
09eb5a3d
09ec5a3c
09ed5a3c
09ee5a3c
09ef5a3b
09f05a3b
09f15a3a
09f25a3a
09f35a3a
09f45a39
09f55a39
09f65a39
09f75a38
09f85a38
09f95a38
09fa5a37
09fb5a37
09fc5a37
09fd5a36
09fe5a35
09ff5a35
0a005a35
0a015a34
0a025a33
0a035a33
0a045a32
0a055a31
0a065a31
0a075a30
0a085a2f
0a095a2f
0a0a5a2e
0a0b5a2d
0a0c5a2d
0a0d5a2d
0a0e5a2c
0a0f5a2b
0a105a2b
0a115a2a
0a125a29
0a135a29
0a145a28
0a155a28
0a165a27
0a175a26
0a185a26
0a195a26
0a1a5a25
0a1b5a24
0a1c5a24
0a1d5a23
0a1e5a23
0a1f5a22
0a205a22
0a215a21
0a225a21
0a235a20
0a245a20
0a255a1f
0a265a1f
0a275a1e
0a285a1e
0a295a1d
0a2a5a1d
0a2b5a1d
0a2c5a1c
0a2d5a1c
0a2e5a1b
0a2f5a1b
0a305a1a
0a315a1a
0a325a19
0a335a19
0a345a19
0a355a18
0a365a18
0a375a17
0a385a17
0a395a17
0a3a5a16
0a3b5a16
0a3c5a15
0a3d5a15
0a3e5a14
0a3f5a14
0a405a14
0a415a13
0a425a13
0a435a13
0a445a12
0a455a12
0a465a12
0a475a11
0a485a11
0a495a10
0a4a5a10
0a4b5a10
0a4c5a0f
0a4d5a0f
0a4e5a0f
0a4f5a0e
0a505a0e
0a515a0e
0a525a0d
0a535a0d
0a545a0d
0a555a0c
0a565a0c
0a575a0c
0a585a0b
0a595a0b
0a5a5a0b
0a5b5a0a
0a5c5a0a
0a5d5a0a
0a5e5a09
0a5f5a09
0a605a09
0a615a09
0a625a08
0a635a08
0a645a08
0a655a07
0a665a07
0a675a07
0a685a06
0a695a06
0a6a5a06
0a6b5a05
0a6c5a05
0a6d5a05
0a6e5a05
0a6f5a04
0a705a04
0a715a04
0a725a04
0a735a03
0a745a03
0a755a03
0a765a03
0a775a02
0a785a02
0a795a02
0a7a5a01
0a7b5a01
0a7c5a01
0a7d5a01
0a7e5a00
0a7f5a00
0a8059ff
0a8159ff
0a8259fe
0a8359fc
0a8459fc
0a8559fb
0a8659fa
0a8759fa
0a8859f8
0a8959f7
0a8a59f7
0a8b59f5
0a8c59f4
0a8d59f4
0a8e59f3
0a8f59f2
0a9059f2
0a9159f0
0a9259ef
0a9359ef
0a9459ee
0a9559ed
0a9659ed
0a9759ec
0a9859ea
0a9959ea
0a9a59e9
0a9b59e8
0a9c59e8
0a9d59e7
0a9e59e6
0a9f59e6
0aa059e5
0aa159e4
0aa259e4
0aa359e3
0aa459e2
0aa559e2
0aa659e1
0aa759e0
0aa859e0
0aa959df
0aaa59de
0aab59de
0aac59dd
0aad59dc
0aae59dc
0aaf59db
0ab059da
0ab159da
0ab259d9
0ab359d8
0ab459d8
0ab559d7
0ab659d6
0ab759d6
0ab859d5
0ab959d5
0aba59d5
0abb59d4
0abc59d3
0abd59d3
0abe59d2
0abf59d1
0ac059d1
0ac159d0
0ac259d0
0ac359d0
0ac459cf
0ac559ce
0ac659ce
0ac759cd
0ac859cc
0ac959cc
0aca59cc
0acb59cb
0acc59cb
0acd59ca
0ace59c9
0acf59c9
0ad059c9
0ad159c8
0ad259c8
0ad359c7
0ad459c7
0ad559c7
0ad659c6
0ad759c5
0ad859c5
0ad959c5
0ada59c4
0adb59c4
0adc59c3
0add59c2
0ade59c2
0adf59c2
0ae059c1
0ae159c1
0ae259c1
0ae359c0
0ae459c0
0ae559bf
0ae659bf
0ae759bf
0ae859be
0ae959bd
0aea59bd
0aeb59bd
0aec59bc
0aed59bc
0aee59bc
0aef59bb
0af059bb
0af159ba
0af259ba
0af359ba
0af459b9
0af559b9
0af659b9
0af759b8
0af859b8
0af959b8
0afa59b7
0afb59b7
0afc59b7
0afd59b6
0afe59b5
0aff59b5
0b0059b5
0b0159b4
0b0259b3
0b0359b3
0b0459b2
0b0559b1
0b0659b1
0b0759b0
0b0859af
0b0959af
0b0a59ae
0b0b59ad
0b0c59ad
0b0d59ad
0b0e59ac
0b0f59ab
0b1059ab
0b1159aa
0b1259a9
0b1359a9
0b1459a8
0b1559a8
0b1659a7
0b1759a6
0b1859a6
0b1959a6
0b1a59a5
0b1b59a4
0b1c59a4
0b1d59a3
0b1e59a3
0b1f59a2
0b2059a2
0b2159a1
0b2259a1
0b2359a0
0b2459a0
0b25599f
0b26599f
0b27599e
0b28599e
0b29599d
0b2a599d
0b2b599d
0b2c599c
0b2d599c
0b2e599b
0b2f599b
0b30599a
0b31599a
0b325999
0b335999
0b345999
0b355998
0b365998
0b375997
0b385997
0b395997
0b3a5996
0b3b5996
0b3c5995
0b3d5995
0b3e5994
0b3f5994
0b405994
0b415993
0b425993
0b435993
0b445992
0b455992
0b465992
0b475991
0b485991
0b495990
0b4a5990
0b4b5990
0b4c598f
0b4d598f
0b4e598f
0b4f598e
0b50598e
0b51598e
0b52598d
0b53598d
0b54598d
0b55598c
0b56598c
0b57598c
0b58598b
0b59598b
0b5a598b
0b5b598a
0b5c598a
0b5d598a
0b5e5989
0b5f5989
0b605989
0b615989
0b625988
0b635988
0b645988
0b655987
0b665987
0b675987
0b685986
0b695986
0b6a5986
0b6b5985
0b6c5985
0b6d5985
0b6e5985
0b6f5984
0b705984
0b715984
0b725984
0b735983
0b745983
0b755983
0b765983
0b775982
0b785982
0b795982
0b7a5981
0b7b5981
0b7c5981
0b7d5981
0b7e5980
0b7f5980
0b80597f
0b81597f
0b82597e
0b83597c
0b84597c
0b85597b
0b86597a
0b87597a
0b885978
0b895977
0b8a5977
0b8b5975
0b8c5974
0b8d5974
0b8e5973
0b8f5972
0b905972
0b915970
0b92596f
0b93596f
0b94596e
0b95596d
0b96596d
0b97596c
0b98596a
0b99596a
0b9a5969
0b9b5968
0b9c5968
0b9d5967
0b9e5966
0b9f5966
0ba05965
0ba15964
0ba25964
0ba35963
0ba45962
0ba55962
0ba65961
0ba75960
0ba85960
0ba9595f
0baa595e
0bab595e
0bac595d
0bad595c
0bae595c
0baf595b
0bb0595a
0bb1595a
0bb25959
0bb35958
0bb45958
0bb55957
0bb65956
0bb75956
0bb85955
0bb95955
0bba5955
0bbb5954
0bbc5953
0bbd5953
0bbe5952
0bbf5951
0bc05951
0bc15950
0bc25950
0bc35950
0bc4594f
0bc5594e
0bc6594e
0bc7594d
0bc8594c
0bc9594c
0bca594c
0bcb594b
0bcc594b
0bcd594a
0bce5949
0bcf5949
0bd05949
0bd15948
0bd25948
0bd35947
0bd45947
0bd55947
0bd65946
0bd75945
0bd85945
0bd95945
0bda5944
0bdb5944
0bdc5943
0bdd5942
0bde5942
0bdf5942
0be05941
0be15941
0be25941
0be35940
0be45940
0be5593f
0be6593f
0be7593f
0be8593e
0be9593d
0bea593d
0beb593d
0bec593c
0bed593c
0bee593c
0bef593b
0bf0593b
0bf1593a
0bf2593a
0bf3593a
0bf45939
0bf55939
0bf65939
0bf75938
0bf85938
0bf95938
0bfa5937
0bfb5937
0bfc5937
0bfd5936
0bfe5935
0bff5935
0c005935
0c015934
0c025933
0c035933
0c045932
0c055931
0c065931
0c075930
0c08592f
0c09592f
0c0a592e
0c0b592d
0c0c592d
0c0d592d
0c0e592c
0c0f592b
0c10592b
0c11592a
0c125929
0c135929
0c145928
0c155928
0c165927
0c175926
0c185926
0c195926
0c1a5925
0c1b5924
0c1c5924
0c1d5923
0c1e5923
0c1f5922
0c205922
0c215921
0c225921
0c235920
0c245920
0c25591f
0c26591f
0c27591e
0c28591e
0c29591d
0c2a591d
0c2b591d
0c2c591c
0c2d591c
0c2e591b
0c2f591b
0c30591a
0c31591a
0c325919
0c335919
0c345919
0c355918
0c365918
0c375917
0c385917
0c395917
0c3a5916
0c3b5916
0c3c5915
0c3d5915
0c3e5914
0c3f5914
0c405914
0c415913
0c425913
0c435913
0c445912
0c455912
0c465912
0c475911
0c485911
0c495910
0c4a5910
0c4b5910
0c4c590f
0c4d590f
0c4e590f
0c4f590e
0c50590e
0c51590e
0c52590d
0c53590d
0c54590d
0c55590c
0c56590c
0c57590c
0c58590b
0c59590b
0c5a590b
0c5b590a
0c5c590a
0c5d590a
0c5e5909
0c5f5909
0c605909
0c615909
0c625908
0c635908
0c645908
0c655907
0c665907
0c675907
0c685906
0c695906
0c6a5906
0c6b5905
0c6c5905
0c6d5905
0c6e5905
0c6f5904
0c705904
0c715904
0c725904
0c735903
0c745903
0c755903
0c765903
0c775902
0c785902
0c795902
0c7a5901
0c7b5901
0c7c5901
0c7d5901
0c7e5900
0c7f5900
0c8058ff
0c8158ff
0c8258fe
0c8358fc
0c8458fc
0c8558fb
0c8658fa
0c8758fa
0c8858f8
0c8958f7
0c8a58f7
0c8b58f5
0c8c58f4
0c8d58f4
0c8e58f3
0c8f58f2
0c9058f2
0c9158f0
0c9258ef
0c9358ef
0c9458ee
0c9558ed
0c9658ed
0c9758ec
0c9858ea
0c9958ea
0c9a58e9
0c9b58e8
0c9c58e8
0c9d58e7
0c9e58e6
0c9f58e6
0ca058e5
0ca158e4
0ca258e4
0ca358e3
0ca458e2
0ca558e2
0ca658e1
0ca758e0
0ca858e0
0ca958df
0caa58de
0cab58de
0cac58dd
0cad58dc
0cae58dc
0caf58db
0cb058da
0cb158da
0cb258d9
0cb358d8
0cb458d8
0cb558d7
0cb658d6
0cb758d6
0cb858d5
0cb958d5
0cba58d5
0cbb58d4
0cbc58d3
0cbd58d3
0cbe58d2
0cbf58d1
0cc058d1
0cc158d0
0cc258d0
0cc358d0
0cc458cf
0cc558ce
0cc658ce
0cc758cd
0cc858cc
0cc958cc
0cca58cc
0ccb58cb
0ccc58cb
0ccd58ca
0cce58c9
0ccf58c9
0cd058c9
0cd158c8
0cd258c8
0cd358c7
0cd458c7
0cd558c7
0cd658c6
0cd758c5
0cd858c5
0cd958c5
0cda58c4
0cdb58c4
0cdc58c3
0cdd58c2
0cde58c2
0cdf58c2
0ce058c1
0ce158c1
0ce258c1
0ce358c0
0ce458c0
0ce558bf
0ce658bf
0ce758bf
0ce858be
0ce958bd
0cea58bd
0ceb58bd
0cec58bc
0ced58bc
0cee58bc
0cef58bb
0cf058bb
0cf158ba
0cf258ba
0cf358ba
0cf458b9
0cf558b9
0cf658b9
0cf758b8
0cf858b8
0cf958b8
0cfa58b7
0cfb58b7
0cfc58b7
0cfd58b6
0cfe58b5
0cff58b5
0d0058b5
0d0158b4
0d0258b3
0d0358b3
0d0458b2
0d0558b1
0d0658b1
0d0758b0
0d0858af
0d0958af
0d0a58ae
0d0b58ad
0d0c58ad
0d0d58ad
0d0e58ac
0d0f58ab
0d1058ab
0d1158aa
0d1258a9
0d1358a9
0d1458a8
0d1558a8
0d1658a7
0d1758a6
0d1858a6
0d1958a6
0d1a58a5
0d1b58a4
0d1c58a4
0d1d58a3
0d1e58a3
0d1f58a2
0d2058a2
0d2158a1
0d2258a1
0d2358a0
0d2458a0
0d25589f
0d26589f
0d27589e
0d28589e
0d29589d
0d2a589d
0d2b589d
0d2c589c
0d2d589c
0d2e589b
0d2f589b
0d30589a
0d31589a
0d325899
0d335899
0d345899
0d355898
0d365898
0d375897
0d385897
0d395897
0d3a5896
0d3b5896
0d3c5895
0d3d5895
0d3e5894
0d3f5894
0d405894
0d415893
0d425893
0d435893
0d445892
0d455892
0d465892
0d475891
0d485891
0d495890
0d4a5890
0d4b5890
0d4c588f
0d4d588f
0d4e588f
0d4f588e
0d50588e
0d51588e
0d52588d
0d53588d
0d54588d
0d55588c
0d56588c
0d57588c
0d58588b
0d59588b
0d5a588b
0d5b588a
0d5c588a
0d5d588a
0d5e5889
0d5f5889
0d605889
0d615889
0d625888
0d635888
0d645888
0d655887
0d665887
0d675887
0d685886
0d695886
0d6a5886
0d6b5885
0d6c5885
0d6d5885
0d6e5885
0d6f5884
0d705884
0d715884
0d725884
0d735883
0d745883
0d755883
0d765883
0d775882
0d785882
0d795882
0d7a5881
0d7b5881
0d7c5881
0d7d5881
0d7e5880
0d7f5880
0d80587f
0d81587f
0d82587e
0d83587c
0d84587c
0d85587b
0d86587a
0d87587a
0d885878
0d895877
0d8a5877
0d8b5875
0d8c5874
0d8d5874
0d8e5873
0d8f5872
0d905872
0d915870
0d92586f
0d93586f
0d94586e
0d95586d
0d96586d
0d97586c
0d98586a
0d99586a
0d9a5869
0d9b5868
0d9c5868
0d9d5867
0d9e5866
0d9f5866
0da05865
0da15864
0da25864
0da35863
0da45862
0da55862
0da65861
0da75860
0da85860
0da9585f
0daa585e
0dab585e
0dac585d
0dad585c
0dae585c
0daf585b
0db0585a
0db1585a
0db25859
0db35858
0db45858
0db55857
0db65856
0db75856
0db85855
0db95855
0dba5855
0dbb5854
0dbc5853
0dbd5853
0dbe5852
0dbf5851
0dc05851
0dc15850
0dc25850
0dc35850
0dc4584f
0dc5584e
0dc6584e
0dc7584d
0dc8584c
0dc9584c
0dca584c
0dcb584b
0dcc584b
0dcd584a
0dce5849
0dcf5849
0dd05849
0dd15848
0dd25848
0dd35847
0dd45847
0dd55847
0dd65846
0dd75845
0dd85845
0dd95845
0dda5844
0ddb5844
0ddc5843
0ddd5842
0dde5842
0ddf5842
0de05841
0de15841
0de25841
0de35840
0de45840
0de5583f
0de6583f
0de7583f
0de8583e
0de9583d
0dea583d
0deb583d
0dec583c
0ded583c
0dee583c
0def583b
0df0583b
0df1583a
0df2583a
0df3583a
0df45839
0df55839
0df65839
0df75838
0df85838
0df95838
0dfa5837
0dfb5837
0dfc5837
0dfd5836
0dfe5835
0dff5835
0e005835
0e015834
0e025833
0e035833
0e045832
0e055831
0e065831
0e075830
0e08582f
0e09582f
0e0a582e
0e0b582d
0e0c582d
0e0d582d
0e0e582c
0e0f582b
0e10582b
0e11582a
0e125829
0e135829
0e145828
0e155828
0e165827
0e175826
0e185826
0e195826
0e1a5825
0e1b5824
0e1c5824
0e1d5823
0e1e5823
0e1f5822
0e205822
0e215821
0e225821
0e235820
0e245820
0e25581f
0e26581f
0e27581e
0e28581e
0e29581d
0e2a581d
0e2b581d
0e2c581c
0e2d581c
0e2e581b
0e2f581b
0e30581a
0e31581a
0e325819
0e335819
0e345819
0e355818
0e365818
0e375817
0e385817
0e395817
0e3a5816
0e3b5816
0e3c5815
0e3d5815
0e3e5814
0e3f5814
0e405814
0e415813
0e425813
0e435813
0e445812
0e455812
0e465812
0e475811
0e485811
0e495810
0e4a5810
0e4b5810
0e4c580f
0e4d580f
0e4e580f
0e4f580e
0e50580e
0e51580e
0e52580d
0e53580d
0e54580d
0e55580c
0e56580c
0e57580c
0e58580b
0e59580b
0e5a580b
0e5b580a
0e5c580a
0e5d580a
0e5e5809
0e5f5809
0e605809
0e615809
0e625808
0e635808
0e645808
0e655807
0e665807
0e675807
0e685806
0e695806
0e6a5806
0e6b5805
0e6c5805
0e6d5805
0e6e5805
0e6f5804
0e705804
0e715804
0e725804
0e735803
0e745803
0e755803
0e765803
0e775802
0e785802
0e795802
0e7a5801
0e7b5801
0e7c5801
0e7d5801
0e7e5800
0e7f5800
0e8057ff
0e8157ff
0e8257fe
0e8357fc
0e8457fc
0e8557fb
0e8657fa
0e8757fa
0e8857f8
0e8957f7
0e8a57f7
0e8b57f5
0e8c57f4
0e8d57f4
0e8e57f3
0e8f57f2
0e9057f2
0e9157f0
0e9257ef
0e9357ef
0e9457ee
0e9557ed
0e9657ed
0e9757ec
0e9857ea
0e9957ea
0e9a57e9
0e9b57e8
0e9c57e8
0e9d57e7
0e9e57e6
0e9f57e6
0ea057e5
0ea157e4
0ea257e4
0ea357e3
0ea457e2
0ea557e2
0ea657e1
0ea757e0
0ea857e0
0ea957df
0eaa57de
0eab57de
0eac57dd
0ead57dc
0eae57dc
0eaf57db
0eb057da
0eb157da
0eb257d9
0eb357d8
0eb457d8
0eb557d7
0eb657d6
0eb757d6
0eb857d5
0eb957d5
0eba57d5
0ebb57d4
0ebc57d3
0ebd57d3
0ebe57d2
0ebf57d1
0ec057d1
0ec157d0
0ec257d0
0ec357d0
0ec457cf
0ec557ce
0ec657ce
0ec757cd
0ec857cc
0ec957cc
0eca57cc
0ecb57cb
0ecc57cb
0ecd57ca
0ece57c9
0ecf57c9
0ed057c9
0ed157c8
0ed257c8
0ed357c7
0ed457c7
0ed557c7
0ed657c6
0ed757c5
0ed857c5
0ed957c5
0eda57c4
0edb57c4
0edc57c3
0edd57c2
0ede57c2
0edf57c2
0ee057c1
0ee157c1
0ee257c1
0ee357c0
0ee457c0
0ee557bf
0ee657bf
0ee757bf
0ee857be
0ee957bd
0eea57bd
0eeb57bd
0eec57bc
0eed57bc
0eee57bc
0eef57bb
0ef057bb
0ef157ba
0ef257ba
0ef357ba
0ef457b9
0ef557b9
0ef657b9
0ef757b8
0ef857b8
0ef957b8
0efa57b7
0efb57b7
0efc57b7
0efd57b6
0efe57b5
0eff57b5
0f0057b5
0f0157b4
0f0257b3
0f0357b3
0f0457b2
0f0557b1
0f0657b1
0f0757b0
0f0857af
0f0957af
0f0a57ae
0f0b57ad
0f0c57ad
0f0d57ad
0f0e57ac
0f0f57ab
0f1057ab
0f1157aa
0f1257a9
0f1357a9
0f1457a8
0f1557a8
0f1657a7
0f1757a6
0f1857a6
0f1957a6
0f1a57a5
0f1b57a4
0f1c57a4
0f1d57a3
0f1e57a3
0f1f57a2
0f2057a2
0f2157a1
0f2257a1
0f2357a0
0f2457a0
0f25579f
0f26579f
0f27579e
0f28579e
0f29579d
0f2a579d
0f2b579d
0f2c579c
0f2d579c
0f2e579b
0f2f579b
0f30579a
0f31579a
0f325799
0f335799
0f345799
0f355798
0f365798
0f375797
0f385797
0f395797
0f3a5796
0f3b5796
0f3c5795
0f3d5795
0f3e5794
0f3f5794
0f405794
0f415793
0f425793
0f435793
0f445792
0f455792
0f465792
0f475791
0f485791
0f495790
0f4a5790
0f4b5790
0f4c578f
0f4d578f
0f4e578f
0f4f578e
0f50578e
0f51578e
0f52578d
0f53578d
0f54578d
0f55578c
0f56578c
0f57578c
0f58578b
0f59578b
0f5a578b
0f5b578a
0f5c578a
0f5d578a
0f5e5789
0f5f5789
0f605789
0f615789
0f625788
0f635788
0f645788
0f655787
0f665787
0f675787
0f685786
0f695786
0f6a5786
0f6b5785
0f6c5785
0f6d5785
0f6e5785
0f6f5784
0f705784
0f715784
0f725784
0f735783
0f745783
0f755783
0f765783
0f775782
0f785782
0f795782
0f7a5781
0f7b5781
0f7c5781
0f7d5781
0f7e5780
0f7f5780
0f80577f
0f81577f
0f82577e
0f83577c
0f84577c
0f85577b
0f86577a
0f87577a
0f885778
0f895777
0f8a5777
0f8b5775
0f8c5774
0f8d5774
0f8e5773
0f8f5772
0f905772
0f915770
0f92576f
0f93576f
0f94576e
0f95576d
0f96576d
0f97576c
0f98576a
0f99576a
0f9a5769
0f9b5768
0f9c5768
0f9d5767
0f9e5766
0f9f5766
0fa05765
0fa15764
0fa25764
0fa35763
0fa45762
0fa55762
0fa65761
0fa75760
0fa85760
0fa9575f
0faa575e
0fab575e
0fac575d
0fad575c
0fae575c
0faf575b
0fb0575a
0fb1575a
0fb25759
0fb35758
0fb45758
0fb55757
0fb65756
0fb75756
0fb85755
0fb95755
0fba5755
0fbb5754
0fbc5753
0fbd5753
0fbe5752
0fbf5751
0fc05751
0fc15750
0fc25750
0fc35750
0fc4574f
0fc5574e
0fc6574e
0fc7574d
0fc8574c
0fc9574c
0fca574c
0fcb574b
0fcc574b
0fcd574a
0fce5749
0fcf5749
0fd05749
0fd15748
0fd25748
0fd35747
0fd45747
0fd55747
0fd65746
0fd75745
0fd85745
0fd95745
0fda5744
0fdb5744
0fdc5743
0fdd5742
0fde5742
0fdf5742
0fe05741
0fe15741
0fe25741
0fe35740
0fe45740
0fe5573f
0fe6573f
0fe7573f
0fe8573e
0fe9573d
0fea573d
0feb573d
0fec573c
0fed573c
0fee573c
0fef573b
0ff0573b
0ff1573a
0ff2573a
0ff3573a
0ff45739
0ff55739
0ff65739
0ff75738
0ff85738
0ff95738
0ffa5737
0ffb5737
0ffc5737
0ffd5736
0ffe5735
0fff5735
10005735
10015734
10025733
10035733
10045732
10055731
10065731
10075730
1008572f
1009572f
100a572e
100b572d
100c572d
100d572d
100e572c
100f572b
1010572b
1011572a
10125729
10135729
10145728
10155728
10165727
10175726
10185726
10195726
101a5725
101b5724
101c5724
101d5723
101e5723
101f5722
10205722
10215721
10225721
10235720
10245720
1025571f
1026571f
1027571e
1028571e
1029571d
102a571d
102b571d
102c571c
102d571c
102e571b
102f571b
1030571a
1031571a
10325719
10335719
10345719
10355718
10365718
10375717
10385717
10395717
103a5716
103b5716
103c5715
103d5715
103e5714
103f5714
10405714
10415713
10425713
10435713
10445712
10455712
10465712
10475711
10485711
10495710
104a5710
104b5710
104c570f
104d570f
104e570f
104f570e
1050570e
1051570e
1052570d
1053570d
1054570d
1055570c
1056570c
1057570c
1058570b
1059570b
105a570b
105b570a
105c570a
105d570a
105e5709
105f5709
10605709
10615709
10625708
10635708
10645708
10655707
10665707
10675707
10685706
10695706
106a5706
106b5705
106c5705
106d5705
106e5705
106f5704
10705704
10715704
10725704
10735703
10745703
10755703
10765703
10775702
10785702
10795702
107a5701
107b5701
107c5701
107d5701
107e5700
107f5700
108056ff
108156ff
108256fe
108356fc
108456fc
108556fb
108656fa
108756fa
108856f8
108956f7
108a56f7
108b56f5
108c56f4
108d56f4
108e56f3
108f56f2
109056f2
109156f0
109256ef
109356ef
109456ee
109556ed
109656ed
109756ec
109856ea
109956ea
109a56e9
109b56e8
109c56e8
109d56e7
109e56e6
109f56e6
10a056e5
10a156e4
10a256e4
10a356e3
10a456e2
10a556e2
10a656e1
10a756e0
10a856e0
10a956df
10aa56de
10ab56de
10ac56dd
10ad56dc
10ae56dc
10af56db
10b056da
10b156da
10b256d9
10b356d8
10b456d8
10b556d7
10b656d6
10b756d6
10b856d5
10b956d5
10ba56d5
10bb56d4
10bc56d3
10bd56d3
10be56d2
10bf56d1
10c056d1
10c156d0
10c256d0
10c356d0
10c456cf
10c556ce
10c656ce
10c756cd
10c856cc
10c956cc
10ca56cc
10cb56cb
10cc56cb
10cd56ca
10ce56c9
10cf56c9
10d056c9
10d156c8
10d256c8
10d356c7
10d456c7
10d556c7
10d656c6
10d756c5
10d856c5
10d956c5
10da56c4
10db56c4
10dc56c3
10dd56c2
10de56c2
10df56c2
10e056c1
10e156c1
10e256c1
10e356c0
10e456c0
10e556bf
10e656bf
10e756bf
10e856be
10e956bd
10ea56bd
10eb56bd
10ec56bc
10ed56bc
10ee56bc
10ef56bb
10f056bb
10f156ba
10f256ba
10f356ba
10f456b9
10f556b9
10f656b9
10f756b8
10f856b8
10f956b8
10fa56b7
10fb56b7
10fc56b7
10fd56b6
10fe56b5
10ff56b5
110056b5
110156b4
110256b3
110356b3
110456b2
110556b1
110656b1
110756b0
110856af
110956af
110a56ae
110b56ad
110c56ad
110d56ad
110e56ac
110f56ab
111056ab
111156aa
111256a9
111356a9
111456a8
111556a8
111656a7
111756a6
111856a6
111956a6
111a56a5
111b56a4
111c56a4
111d56a3
111e56a3
111f56a2
112056a2
112156a1
112256a1
112356a0
112456a0
1125569f
1126569f
1127569e
1128569e
1129569d
112a569d
112b569d
112c569c
112d569c
112e569b
112f569b
1130569a
1131569a
11325699
11335699
11345699
11355698
11365698
11375697
11385697
11395697
113a5696
113b5696
113c5695
113d5695
113e5694
113f5694
11405694
11415693
11425693
11435693
11445692
11455692
11465692
11475691
11485691
11495690
114a5690
114b5690
114c568f
114d568f
114e568f
114f568e
1150568e
1151568e
1152568d
1153568d
1154568d
1155568c
1156568c
1157568c
1158568b
1159568b
115a568b
115b568a
115c568a
115d568a
115e5689
115f5689
11605689
11615689
11625688
11635688
11645688
11655687
11665687
11675687
11685686
11695686
116a5686
116b5685
116c5685
116d5685
116e5685
116f5684
11705684
11715684
11725684
11735683
11745683
11755683
11765683
11775682
11785682
11795682
117a5681
117b5681
117c5681
117d5681
117e5680
117f5680
1180567f
1181567f
1182567e
1183567c
1184567c
1185567b
1186567a
1187567a
11885678
11895677
118a5677
118b5675
118c5674
118d5674
118e5673
118f5672
11905672
11915670
1192566f
1193566f
1194566e
1195566d
1196566d
1197566c
1198566a
1199566a
119a5669
119b5668
119c5668
119d5667
119e5666
119f5666
11a05665
11a15664
11a25664
11a35663
11a45662
11a55662
11a65661
11a75660
11a85660
11a9565f
11aa565e
11ab565e
11ac565d
11ad565c
11ae565c
11af565b
11b0565a
11b1565a
11b25659
11b35658
11b45658
11b55657
11b65656
11b75656
11b85655
11b95655
11ba5655
11bb5654
11bc5653
11bd5653
11be5652
11bf5651
11c05651
11c15650
11c25650
11c35650
11c4564f
11c5564e
11c6564e
11c7564d
11c8564c
11c9564c
11ca564c
11cb564b
11cc564b
11cd564a
11ce5649
11cf5649
11d05649
11d15648
11d25648
11d35647
11d45647
11d55647
11d65646
11d75645
11d85645
11d95645
11da5644
11db5644
11dc5643
11dd5642
11de5642
11df5642
11e05641
11e15641
11e25641
11e35640
11e45640
11e5563f
11e6563f
11e7563f
11e8563e
11e9563d
11ea563d
11eb563d
11ec563c
11ed563c
11ee563c
11ef563b
11f0563b
11f1563a
11f2563a
11f3563a
11f45639
11f55639
11f65639
11f75638
11f85638
11f95638
11fa5637
11fb5637
11fc5637
11fd5636
11fe5635
11ff5635
12005635
12015634
12025633
12035633
12045632
12055631
12065631
12075630
1208562f
1209562f
120a562e
120b562d
120c562d
120d562d
120e562c
120f562b
1210562b
1211562a
12125629
12135629
12145628
12155628
12165627
12175626
12185626
12195626
121a5625
121b5624
121c5624
121d5623
121e5623
121f5622
12205622
12215621
12225621
12235620
12245620
1225561f
1226561f
1227561e
1228561e
1229561d
122a561d
122b561d
122c561c
122d561c
122e561b
122f561b
1230561a
1231561a
12325619
12335619
12345619
12355618
12365618
12375617
12385617
12395617
123a5616
123b5616
123c5615
123d5615
123e5614
123f5614
12405614
12415613
12425613
12435613
12445612
12455612
12465612
12475611
12485611
12495610
124a5610
124b5610
124c560f
124d560f
124e560f
124f560e
1250560e
1251560e
1252560d
1253560d
1254560d
1255560c
1256560c
1257560c
1258560b
1259560b
125a560b
125b560a
125c560a
125d560a
125e5609
125f5609
12605609
12615609
12625608
12635608
12645608
12655607
12665607
12675607
12685606
12695606
126a5606
126b5605
126c5605
126d5605
126e5605
126f5604
12705604
12715604
12725604
12735603
12745603
12755603
12765603
12775602
12785602
12795602
127a5601
127b5601
127c5601
127d5601
127e5600
127f5600
128055ff
128155ff
128255fe
128355fc
128455fc
128555fb
128655fa
128755fa
128855f8
128955f7
128a55f7
128b55f5
128c55f4
128d55f4
128e55f3
128f55f2
129055f2
129155f0
129255ef
129355ef
129455ee
129555ed
129655ed
129755ec
129855ea
129955ea
129a55e9
129b55e8
129c55e8
129d55e7
129e55e6
129f55e6
12a055e5
12a155e4
12a255e4
12a355e3
12a455e2
12a555e2
12a655e1
12a755e0
12a855e0
12a955df
12aa55de
12ab55de
12ac55dd
12ad55dc
12ae55dc
12af55db
12b055da
12b155da
12b255d9
12b355d8
12b455d8
12b555d7
12b655d6
12b755d6
12b855d5
12b955d5
12ba55d5
12bb55d4
12bc55d3
12bd55d3
12be55d2
12bf55d1
12c055d1
12c155d0
12c255d0
12c355d0
12c455cf
12c555ce
12c655ce
12c755cd
12c855cc
12c955cc
12ca55cc
12cb55cb
12cc55cb
12cd55ca
12ce55c9
12cf55c9
12d055c9
12d155c8
12d255c8
12d355c7
12d455c7
12d555c7
12d655c6
12d755c5
12d855c5
12d955c5
12da55c4
12db55c4
12dc55c3
12dd55c2
12de55c2
12df55c2
12e055c1
12e155c1
12e255c1
12e355c0
12e455c0
12e555bf
12e655bf
12e755bf
12e855be
12e955bd
12ea55bd
12eb55bd
12ec55bc
12ed55bc
12ee55bc
12ef55bb
12f055bb
12f155ba
12f255ba
12f355ba
12f455b9
12f555b9
12f655b9
12f755b8
12f855b8
12f955b8
12fa55b7
12fb55b7
12fc55b7
12fd55b6
12fe55b5
12ff55b5
130055b5
130155b4
130255b3
130355b3
130455b2
130555b1
130655b1
130755b0
130855af
130955af
130a55ae
130b55ad
130c55ad
130d55ad
130e55ac
130f55ab
131055ab
131155aa
131255a9
131355a9
131455a8
131555a8
131655a7
131755a6
131855a6
131955a6
131a55a5
131b55a4
131c55a4
131d55a3
131e55a3
131f55a2
132055a2
132155a1
132255a1
132355a0
132455a0
1325559f
1326559f
1327559e
1328559e
1329559d
132a559d
132b559d
132c559c
132d559c
132e559b
132f559b
1330559a
1331559a
13325599
13335599
13345599
13355598
13365598
13375597
13385597
13395597
133a5596
133b5596
133c5595
133d5595
133e5594
133f5594
13405594
13415593
13425593
13435593
13445592
13455592
13465592
13475591
13485591
13495590
134a5590
134b5590
134c558f
134d558f
134e558f
134f558e
1350558e
1351558e
1352558d
1353558d
1354558d
1355558c
1356558c
1357558c
1358558b
1359558b
135a558b
135b558a
135c558a
135d558a
135e5589
135f5589
13605589
13615589
13625588
13635588
13645588
13655587
13665587
13675587
13685586
13695586
136a5586
136b5585
136c5585
136d5585
136e5585
136f5584
13705584
13715584
13725584
13735583
13745583
13755583
13765583
13775582
13785582
13795582
137a5581
137b5581
137c5581
137d5581
137e5580
137f5580
1380557f
1381557f
1382557e
1383557c
1384557c
1385557b
1386557a
1387557a
13885578
13895577
138a5577
138b5575
138c5574
138d5574
138e5573
138f5572
13905572
13915570
1392556f
1393556f
1394556e
1395556d
1396556d
1397556c
1398556a
1399556a
139a5569
139b5568
139c5568
139d5567
139e5566
139f5566
13a05565
13a15564
13a25564
13a35563
13a45562
13a55562
13a65561
13a75560
13a85560
13a9555f
13aa555e
13ab555e
13ac555d
13ad555c
13ae555c
13af555b
13b0555a
13b1555a
13b25559
13b35558
13b45558
13b55557
13b65556
13b75556
13b85555
13b95555
13ba5555
13bb5554
13bc5553
13bd5553
13be5552
13bf5551
13c05551
13c15550
13c25550
13c35550
13c4554f
13c5554e
13c6554e
13c7554d
13c8554c
13c9554c
13ca554c
13cb554b
13cc554b
13cd554a
13ce5549
13cf5549
13d05549
13d15548
13d25548
13d35547
13d45547
13d55547
13d65546
13d75545
13d85545
13d95545
13da5544
13db5544
13dc5543
13dd5542
13de5542
13df5542
13e05541
13e15541
13e25541
13e35540
13e45540
13e5553f
13e6553f
13e7553f
13e8553e
13e9553d
13ea553d
13eb553d
13ec553c
13ed553c
13ee553c
13ef553b
13f0553b
13f1553a
13f2553a
13f3553a
13f45539
13f55539
13f65539
13f75538
13f85538
13f95538
13fa5537
13fb5537
13fc5537
13fd5536
13fe5535
13ff5535
14005535
14015534
14025533
14035533
14045532
14055531
14065531
14075530
1408552f
1409552f
140a552e
140b552d
140c552d
140d552d
140e552c
140f552b
1410552b
1411552a
14125529
14135529
14145528
14155528
14165527
14175526
14185526
14195526
141a5525
141b5524
141c5524
141d5523
141e5523
141f5522
14205522
14215521
14225521
14235520
14245520
1425551f
1426551f
1427551e
1428551e
1429551d
142a551d
142b551d
142c551c
142d551c
142e551b
142f551b
1430551a
1431551a
14325519
14335519
14345519
14355518
14365518
14375517
14385517
14395517
143a5516
143b5516
143c5515
143d5515
143e5514
143f5514
14405514
14415513
14425513
14435513
14445512
14455512
14465512
14475511
14485511
14495510
144a5510
144b5510
144c550f
144d550f
144e550f
144f550e
1450550e
1451550e
1452550d
1453550d
1454550d
1455550c
1456550c
1457550c
1458550b
1459550b
145a550b
145b550a
145c550a
145d550a
145e5509
145f5509
14605509
14615509
14625508
14635508
14645508
14655507
14665507
14675507
14685506
14695506
146a5506
146b5505
146c5505
146d5505
146e5505
146f5504
14705504
14715504
14725504
14735503
14745503
14755503
14765503
14775502
14785502
14795502
147a5501
147b5501
147c5501
147d5501
147e5500
147f5500
148054ff
148154ff
148254fe
148354fc
148454fc
148554fb
148654fa
148754fa
148854f8
148954f7
148a54f7
148b54f5
148c54f4
148d54f4
148e54f3
148f54f2
149054f2
149154f0
149254ef
149354ef
149454ee
149554ed
149654ed
149754ec
149854ea
149954ea
149a54e9
149b54e8
149c54e8
149d54e7
149e54e6
149f54e6
14a054e5
14a154e4
14a254e4
14a354e3
14a454e2
14a554e2
14a654e1
14a754e0
14a854e0
14a954df
14aa54de
14ab54de
14ac54dd
14ad54dc
14ae54dc
14af54db
14b054da
14b154da
14b254d9
14b354d8
14b454d8
14b554d7
14b654d6
14b754d6
14b854d5
14b954d5
14ba54d5
14bb54d4
14bc54d3
14bd54d3
14be54d2
14bf54d1
14c054d1
14c154d0
14c254d0
14c354d0
14c454cf
14c554ce
14c654ce
14c754cd
14c854cc
14c954cc
14ca54cc
14cb54cb
14cc54cb
14cd54ca
14ce54c9
14cf54c9
14d054c9
14d154c8
14d254c8
14d354c7
14d454c7
14d554c7
14d654c6
14d754c5
14d854c5
14d954c5
14da54c4
14db54c4
14dc54c3
14dd54c2
14de54c2
14df54c2
14e054c1
14e154c1
14e254c1
14e354c0
14e454c0
14e554bf
14e654bf
14e754bf
14e854be
14e954bd
14ea54bd
14eb54bd
14ec54bc
14ed54bc
14ee54bc
14ef54bb
14f054bb
14f154ba
14f254ba
14f354ba
14f454b9
14f554b9
14f654b9
14f754b8
14f854b8
14f954b8
14fa54b7
14fb54b7
14fc54b7
14fd54b6
14fe54b5
14ff54b5
150054b5
150154b4
150254b3
150354b3
150454b2
150554b1
150654b1
150754b0
150854af
150954af
150a54ae
150b54ad
150c54ad
150d54ad
150e54ac
150f54ab
151054ab
151154aa
151254a9
151354a9
151454a8
151554a8
151654a7
151754a6
151854a6
151954a6
151a54a5
151b54a4
151c54a4
151d54a3
151e54a3
151f54a2
152054a2
152154a1
152254a1
152354a0
152454a0
1525549f
1526549f
1527549e
1528549e
1529549d
152a549d
152b549d
152c549c
152d549c
152e549b
152f549b
1530549a
1531549a
15325499
15335499
15345499
15355498
15365498
15375497
15385497
15395497
153a5496
153b5496
153c5495
153d5495
153e5494
153f5494
15405494
15415493
15425493
15435493
15445492
15455492
15465492
15475491
15485491
15495490
154a5490
154b5490
154c548f
154d548f
154e548f
154f548e
1550548e
1551548e
1552548d
1553548d
1554548d
1555548c
1556548c
1557548c
1558548b
1559548b
155a548b
155b548a
155c548a
155d548a
155e5489
155f5489
15605489
15615489
15625488
15635488
15645488
15655487
15665487
15675487
15685486
15695486
156a5486
156b5485
156c5485
156d5485
156e5485
156f5484
15705484
15715484
15725484
15735483
15745483
15755483
15765483
15775482
15785482
15795482
157a5481
157b5481
157c5481
157d5481
157e5480
157f5480
1580547f
1581547f
1582547e
1583547c
1584547c
1585547b
1586547a
1587547a
15885478
15895477
158a5477
158b5475
158c5474
158d5474
158e5473
158f5472
15905472
15915470
1592546f
1593546f
1594546e
1595546d
1596546d
1597546c
1598546a
1599546a
159a5469
159b5468
159c5468
159d5467
159e5466
159f5466
15a05465
15a15464
15a25464
15a35463
15a45462
15a55462
15a65461
15a75460
15a85460
15a9545f
15aa545e
15ab545e
15ac545d
15ad545c
15ae545c
15af545b
15b0545a
15b1545a
15b25459
15b35458
15b45458
15b55457
15b65456
15b75456
15b85455
15b95455
15ba5455
15bb5454
15bc5453
15bd5453
15be5452
15bf5451
15c05451
15c15450
15c25450
15c35450
15c4544f
15c5544e
15c6544e
15c7544d
15c8544c
15c9544c
15ca544c
15cb544b
15cc544b
15cd544a
15ce5449
15cf5449
15d05449
15d15448
15d25448
15d35447
15d45447
15d55447
15d65446
15d75445
15d85445
15d95445
15da5444
15db5444
15dc5443
15dd5442
15de5442
15df5442
15e05441
15e15441
15e25441
15e35440
15e45440
15e5543f
15e6543f
15e7543f
15e8543e
15e9543d
15ea543d
15eb543d
15ec543c
15ed543c
15ee543c
15ef543b
15f0543b
15f1543a
15f2543a
15f3543a
15f45439
15f55439
15f65439
15f75438
15f85438
15f95438
15fa5437
15fb5437
15fc5437
15fd5436
15fe5435
15ff5435
16005435
16015434
16025433
16035433
16045432
16055431
16065431
16075430
1608542f
1609542f
160a542e
160b542d
160c542d
160d542d
160e542c
160f542b
1610542b
1611542a
16125429
16135429
16145428
16155428
16165427
16175426
16185426
16195426
161a5425
161b5424
161c5424
161d5423
161e5423
161f5422
16205422
16215421
16225421
16235420
16245420
1625541f
1626541f
1627541e
1628541e
1629541d
162a541d
162b541d
162c541c
162d541c
162e541b
162f541b
1630541a
1631541a
16325419
16335419
16345419
16355418
16365418
16375417
16385417
16395417
163a5416
163b5416
163c5415
163d5415
163e5414
163f5414
16405414
16415413
16425413
16435413
16445412
16455412
16465412
16475411
16485411
16495410
164a5410
164b5410
164c540f
164d540f
164e540f
164f540e
1650540e
1651540e
1652540d
1653540d
1654540d
1655540c
1656540c
1657540c
1658540b
1659540b
165a540b
165b540a
165c540a
165d540a
165e5409
165f5409
16605409
16615409
16625408
16635408
16645408
16655407
16665407
16675407
16685406
16695406
166a5406
166b5405
166c5405
166d5405
166e5405
166f5404
16705404
16715404
16725404
16735403
16745403
16755403
16765403
16775402
16785402
16795402
167a5401
167b5401
167c5401
167d5401
167e5400
167f5400
168053ff
168153ff
168253fe
168353fc
168453fc
168553fb
168653fa
168753fa
168853f8
168953f7
168a53f7
168b53f5
168c53f4
168d53f4
168e53f3
168f53f2
169053f2
169153f0
169253ef
169353ef
169453ee
169553ed
169653ed
169753ec
169853ea
169953ea
169a53e9
169b53e8
169c53e8
169d53e7
169e53e6
169f53e6
16a053e5
16a153e4
16a253e4
16a353e3
16a453e2
16a553e2
16a653e1
16a753e0
16a853e0
16a953df
16aa53de
16ab53de
16ac53dd
16ad53dc
16ae53dc
16af53db
16b053da
16b153da
16b253d9
16b353d8
16b453d8
16b553d7
16b653d6
16b753d6
16b853d5
16b953d5
16ba53d5
16bb53d4
16bc53d3
16bd53d3
16be53d2
16bf53d1
16c053d1
16c153d0
16c253d0
16c353d0
16c453cf
16c553ce
16c653ce
16c753cd
16c853cc
16c953cc
16ca53cc
16cb53cb
16cc53cb
16cd53ca
16ce53c9
16cf53c9
16d053c9
16d153c8
16d253c8
16d353c7
16d453c7
16d553c7
16d653c6
16d753c5
16d853c5
16d953c5
16da53c4
16db53c4
16dc53c3
16dd53c2
16de53c2
16df53c2
16e053c1
16e153c1
16e253c1
16e353c0
16e453c0
16e553bf
16e653bf
16e753bf
16e853be
16e953bd
16ea53bd
16eb53bd
16ec53bc
16ed53bc
16ee53bc
16ef53bb
16f053bb
16f153ba
16f253ba
16f353ba
16f453b9
16f553b9
16f653b9
16f753b8
16f853b8
16f953b8
16fa53b7
16fb53b7
16fc53b7
16fd53b6
16fe53b5
16ff53b5
170053b5
170153b4
170253b3
170353b3
170453b2
170553b1
170653b1
170753b0
170853af
170953af
170a53ae
170b53ad
170c53ad
170d53ad
170e53ac
170f53ab
171053ab
171153aa
171253a9
171353a9
171453a8
171553a8
171653a7
171753a6
171853a6
171953a6
171a53a5
171b53a4
171c53a4
171d53a3
171e53a3
171f53a2
172053a2
172153a1
172253a1
172353a0
172453a0
1725539f
1726539f
1727539e
1728539e
1729539d
172a539d
172b539d
172c539c
172d539c
172e539b
172f539b
1730539a
1731539a
17325399
17335399
17345399
17355398
17365398
17375397
17385397
17395397
173a5396
173b5396
173c5395
173d5395
173e5394
173f5394
17405394
17415393
17425393
17435393
17445392
17455392
17465392
17475391
17485391
17495390
174a5390
174b5390
174c538f
174d538f
174e538f
174f538e
1750538e
1751538e
1752538d
1753538d
1754538d
1755538c
1756538c
1757538c
1758538b
1759538b
175a538b
175b538a
175c538a
175d538a
175e5389
175f5389
17605389
17615389
17625388
17635388
17645388
17655387
17665387
17675387
17685386
17695386
176a5386
176b5385
176c5385
176d5385
176e5385
176f5384
17705384
17715384
17725384
17735383
17745383
17755383
17765383
17775382
17785382
17795382
177a5381
177b5381
177c5381
177d5381
177e5380
177f5380
1780537f
1781537f
1782537e
1783537c
1784537c
1785537b
1786537a
1787537a
17885378
17895377
178a5377
178b5375
178c5374
178d5374
178e5373
178f5372
17905372
17915370
1792536f
1793536f
1794536e
1795536d
1796536d
1797536c
1798536a
1799536a
179a5369
179b5368
179c5368
179d5367
179e5366
179f5366
17a05365
17a15364
17a25364
17a35363
17a45362
17a55362
17a65361
17a75360
17a85360
17a9535f
17aa535e
17ab535e
17ac535d
17ad535c
17ae535c
17af535b
17b0535a
17b1535a
17b25359
17b35358
17b45358
17b55357
17b65356
17b75356
17b85355
17b95355
17ba5355
17bb5354
17bc5353
17bd5353
17be5352
17bf5351
17c05351
17c15350
17c25350
17c35350
17c4534f
17c5534e
17c6534e
17c7534d
17c8534c
17c9534c
17ca534c
17cb534b
17cc534b
17cd534a
17ce5349
17cf5349
17d05349
17d15348
17d25348
17d35347
17d45347
17d55347
17d65346
17d75345
17d85345
17d95345
17da5344
17db5344
17dc5343
17dd5342
17de5342
17df5342
17e05341
17e15341
17e25341
17e35340
17e45340
17e5533f
17e6533f
17e7533f
17e8533e
17e9533d
17ea533d
17eb533d
17ec533c
17ed533c
17ee533c
17ef533b
17f0533b
17f1533a
17f2533a
17f3533a
17f45339
17f55339
17f65339
17f75338
17f85338
17f95338
17fa5337
17fb5337
17fc5337
17fd5336
17fe5335
17ff5335
18005335
18015334
18025333
18035333
18045332
18055331
18065331
18075330
1808532f
1809532f
180a532e
180b532d
180c532d
180d532d
180e532c
180f532b
1810532b
1811532a
18125329
18135329
18145328
18155328
18165327
18175326
18185326
18195326
181a5325
181b5324
181c5324
181d5323
181e5323
181f5322
18205322
18215321
18225321
18235320
18245320
1825531f
1826531f
1827531e
1828531e
1829531d
182a531d
182b531d
182c531c
182d531c
182e531b
182f531b
1830531a
1831531a
18325319
18335319
18345319
18355318
18365318
18375317
18385317
18395317
183a5316
183b5316
183c5315
183d5315
183e5314
183f5314
18405314
18415313
18425313
18435313
18445312
18455312
18465312
18475311
18485311
18495310
184a5310
184b5310
184c530f
184d530f
184e530f
184f530e
1850530e
1851530e
1852530d
1853530d
1854530d
1855530c
1856530c
1857530c
1858530b
1859530b
185a530b
185b530a
185c530a
185d530a
185e5309
185f5309
18605309
18615309
18625308
18635308
18645308
18655307
18665307
18675307
18685306
18695306
186a5306
186b5305
186c5305
186d5305
186e5305
186f5304
18705304
18715304
18725304
18735303
18745303
18755303
18765303
18775302
18785302
18795302
187a5301
187b5301
187c5301
187d5301
187e5300
187f5300
188052ff
188152ff
188252fe
188352fc
188452fc
188552fb
188652fa
188752fa
188852f8
188952f7
188a52f7
188b52f5
188c52f4
188d52f4
188e52f3
188f52f2
189052f2
189152f0
189252ef
189352ef
189452ee
189552ed
189652ed
189752ec
189852ea
189952ea
189a52e9
189b52e8
189c52e8
189d52e7
189e52e6
189f52e6
18a052e5
18a152e4
18a252e4
18a352e3
18a452e2
18a552e2
18a652e1
18a752e0
18a852e0
18a952df
18aa52de
18ab52de
18ac52dd
18ad52dc
18ae52dc
18af52db
18b052da
18b152da
18b252d9
18b352d8
18b452d8
18b552d7
18b652d6
18b752d6
18b852d5
18b952d5
18ba52d5
18bb52d4
18bc52d3
18bd52d3
18be52d2
18bf52d1
18c052d1
18c152d0
18c252d0
18c352d0
18c452cf
18c552ce
18c652ce
18c752cd
18c852cc
18c952cc
18ca52cc
18cb52cb
18cc52cb
18cd52ca
18ce52c9
18cf52c9
18d052c9
18d152c8
18d252c8
18d352c7
18d452c7
18d552c7
18d652c6
18d752c5
18d852c5
18d952c5
18da52c4
18db52c4
18dc52c3
18dd52c2
18de52c2
18df52c2
18e052c1
18e152c1
18e252c1
18e352c0
18e452c0
18e552bf
18e652bf
18e752bf
18e852be
18e952bd
18ea52bd
18eb52bd
18ec52bc
18ed52bc
18ee52bc
18ef52bb
18f052bb
18f152ba
18f252ba
18f352ba
18f452b9
18f552b9
18f652b9
18f752b8
18f852b8
18f952b8
18fa52b7
18fb52b7
18fc52b7
18fd52b6
18fe52b5
18ff52b5
190052b5
190152b4
190252b3
190352b3
190452b2
190552b1
190652b1
190752b0
190852af
190952af
190a52ae
190b52ad
190c52ad
190d52ad
190e52ac
190f52ab
191052ab
191152aa
191252a9
191352a9
191452a8
191552a8
191652a7
191752a6
191852a6
191952a6
191a52a5
191b52a4
191c52a4
191d52a3
191e52a3
191f52a2
192052a2
192152a1
192252a1
192352a0
192452a0
1925529f
1926529f
1927529e
1928529e
1929529d
192a529d
192b529d
192c529c
192d529c
192e529b
192f529b
1930529a
1931529a
19325299
19335299
19345299
19355298
19365298
19375297
19385297
19395297
193a5296
193b5296
193c5295
193d5295
193e5294
193f5294
19405294
19415293
19425293
19435293
19445292
19455292
19465292
19475291
19485291
19495290
194a5290
194b5290
194c528f
194d528f
194e528f
194f528e
1950528e
1951528e
1952528d
1953528d
1954528d
1955528c
1956528c
1957528c
1958528b
1959528b
195a528b
195b528a
195c528a
195d528a
195e5289
195f5289
19605289
19615289
19625288
19635288
19645288
19655287
19665287
19675287
19685286
19695286
196a5286
196b5285
196c5285
196d5285
196e5285
196f5284
19705284
19715284
19725284
19735283
19745283
19755283
19765283
19775282
19785282
19795282
197a5281
197b5281
197c5281
197d5281
197e5280
197f5280
1980527f
1981527f
1982527e
1983527c
1984527c
1985527b
1986527a
1987527a
19885278
19895277
198a5277
198b5275
198c5274
198d5274
198e5273
198f5272
19905272
19915270
1992526f
1993526f
1994526e
1995526d
1996526d
1997526c
1998526a
1999526a
199a5269
199b5268
199c5268
199d5267
199e5266
199f5266
19a05265
19a15264
19a25264
19a35263
19a45262
19a55262
19a65261
19a75260
19a85260
19a9525f
19aa525e
19ab525e
19ac525d
19ad525c
19ae525c
19af525b
19b0525a
19b1525a
19b25259
19b35258
19b45258
19b55257
19b65256
19b75256
19b85255
19b95255
19ba5255
19bb5254
19bc5253
19bd5253
19be5252
19bf5251
19c05251
19c15250
19c25250
19c35250
19c4524f
19c5524e
19c6524e
19c7524d
19c8524c
19c9524c
19ca524c
19cb524b
19cc524b
19cd524a
19ce5249
19cf5249
19d05249
19d15248
19d25248
19d35247
19d45247
19d55247
19d65246
19d75245
19d85245
19d95245
19da5244
19db5244
19dc5243
19dd5242
19de5242
19df5242
19e05241
19e15241
19e25241
19e35240
19e45240
19e5523f
19e6523f
19e7523f
19e8523e
19e9523d
19ea523d
19eb523d
19ec523c
19ed523c
19ee523c
19ef523b
19f0523b
19f1523a
19f2523a
19f3523a
19f45239
19f55239
19f65239
19f75238
19f85238
19f95238
19fa5237
19fb5237
19fc5237
19fd5236
19fe5235
19ff5235
1a005235
1a015234
1a025233
1a035233
1a045232
1a055231
1a065231
1a075230
1a08522f
1a09522f
1a0a522e
1a0b522d
1a0c522d
1a0d522d
1a0e522c
1a0f522b
1a10522b
1a11522a
1a125229
1a135229
1a145228
1a155228
1a165227
1a175226
1a185226
1a195226
1a1a5225
1a1b5224
1a1c5224
1a1d5223
1a1e5223
1a1f5222
1a205222
1a215221
1a225221
1a235220
1a245220
1a25521f
1a26521f
1a27521e
1a28521e
1a29521d
1a2a521d
1a2b521d
1a2c521c
1a2d521c
1a2e521b
1a2f521b
1a30521a
1a31521a
1a325219
1a335219
1a345219
1a355218
1a365218
1a375217
1a385217
1a395217
1a3a5216
1a3b5216
1a3c5215
1a3d5215
1a3e5214
1a3f5214
1a405214
1a415213
1a425213
1a435213
1a445212
1a455212
1a465212
1a475211
1a485211
1a495210
1a4a5210
1a4b5210
1a4c520f
1a4d520f
1a4e520f
1a4f520e
1a50520e
1a51520e
1a52520d
1a53520d
1a54520d
1a55520c
1a56520c
1a57520c
1a58520b
1a59520b
1a5a520b
1a5b520a
1a5c520a
1a5d520a
1a5e5209
1a5f5209
1a605209
1a615209
1a625208
1a635208
1a645208
1a655207
1a665207
1a675207
1a685206
1a695206
1a6a5206
1a6b5205
1a6c5205
1a6d5205
1a6e5205
1a6f5204
1a705204
1a715204
1a725204
1a735203
1a745203
1a755203
1a765203
1a775202
1a785202
1a795202
1a7a5201
1a7b5201
1a7c5201
1a7d5201
1a7e5200
1a7f5200
1a8051ff
1a8151ff
1a8251fe
1a8351fc
1a8451fc
1a8551fb
1a8651fa
1a8751fa
1a8851f8
1a8951f7
1a8a51f7
1a8b51f5
1a8c51f4
1a8d51f4
1a8e51f3
1a8f51f2
1a9051f2
1a9151f0
1a9251ef
1a9351ef
1a9451ee
1a9551ed
1a9651ed
1a9751ec
1a9851ea
1a9951ea
1a9a51e9
1a9b51e8
1a9c51e8
1a9d51e7
1a9e51e6
1a9f51e6
1aa051e5
1aa151e4
1aa251e4
1aa351e3
1aa451e2
1aa551e2
1aa651e1
1aa751e0
1aa851e0
1aa951df
1aaa51de
1aab51de
1aac51dd
1aad51dc
1aae51dc
1aaf51db
1ab051da
1ab151da
1ab251d9
1ab351d8
1ab451d8
1ab551d7
1ab651d6
1ab751d6
1ab851d5
1ab951d5
1aba51d5
1abb51d4
1abc51d3
1abd51d3
1abe51d2
1abf51d1
1ac051d1
1ac151d0
1ac251d0
1ac351d0
1ac451cf
1ac551ce
1ac651ce
1ac751cd
1ac851cc
1ac951cc
1aca51cc
1acb51cb
1acc51cb
1acd51ca
1ace51c9
1acf51c9
1ad051c9
1ad151c8
1ad251c8
1ad351c7
1ad451c7
1ad551c7
1ad651c6
1ad751c5
1ad851c5
1ad951c5
1ada51c4
1adb51c4
1adc51c3
1add51c2
1ade51c2
1adf51c2
1ae051c1
1ae151c1
1ae251c1
1ae351c0
1ae451c0
1ae551bf
1ae651bf
1ae751bf
1ae851be
1ae951bd
1aea51bd
1aeb51bd
1aec51bc
1aed51bc
1aee51bc
1aef51bb
1af051bb
1af151ba
1af251ba
1af351ba
1af451b9
1af551b9
1af651b9
1af751b8
1af851b8
1af951b8
1afa51b7
1afb51b7
1afc51b7
1afd51b6
1afe51b5
1aff51b5
1b0051b5
1b0151b4
1b0251b3
1b0351b3
1b0451b2
1b0551b1
1b0651b1
1b0751b0
1b0851af
1b0951af
1b0a51ae
1b0b51ad
1b0c51ad
1b0d51ad
1b0e51ac
1b0f51ab
1b1051ab
1b1151aa
1b1251a9
1b1351a9
1b1451a8
1b1551a8
1b1651a7
1b1751a6
1b1851a6
1b1951a6
1b1a51a5
1b1b51a4
1b1c51a4
1b1d51a3
1b1e51a3
1b1f51a2
1b2051a2
1b2151a1
1b2251a1
1b2351a0
1b2451a0
1b25519f
1b26519f
1b27519e
1b28519e
1b29519d
1b2a519d
1b2b519d
1b2c519c
1b2d519c
1b2e519b
1b2f519b
1b30519a
1b31519a
1b325199
1b335199
1b345199
1b355198
1b365198
1b375197
1b385197
1b395197
1b3a5196
1b3b5196
1b3c5195
1b3d5195
1b3e5194
1b3f5194
1b405194
1b415193
1b425193
1b435193
1b445192
1b455192
1b465192
1b475191
1b485191
1b495190
1b4a5190
1b4b5190
1b4c518f
1b4d518f
1b4e518f
1b4f518e
1b50518e
1b51518e
1b52518d
1b53518d
1b54518d
1b55518c
1b56518c
1b57518c
1b58518b
1b59518b
1b5a518b
1b5b518a
1b5c518a
1b5d518a
1b5e5189
1b5f5189
1b605189
1b615189
1b625188
1b635188
1b645188
1b655187
1b665187
1b675187
1b685186
1b695186
1b6a5186
1b6b5185
1b6c5185
1b6d5185
1b6e5185
1b6f5184
1b705184
1b715184
1b725184
1b735183
1b745183
1b755183
1b765183
1b775182
1b785182
1b795182
1b7a5181
1b7b5181
1b7c5181
1b7d5181
1b7e5180
1b7f5180
1b80517f
1b81517f
1b82517e
1b83517c
1b84517c
1b85517b
1b86517a
1b87517a
1b885178
1b895177
1b8a5177
1b8b5175
1b8c5174
1b8d5174
1b8e5173
1b8f5172
1b905172
1b915170
1b92516f
1b93516f
1b94516e
1b95516d
1b96516d
1b97516c
1b98516a
1b99516a
1b9a5169
1b9b5168
1b9c5168
1b9d5167
1b9e5166
1b9f5166
1ba05165
1ba15164
1ba25164
1ba35163
1ba45162
1ba55162
1ba65161
1ba75160
1ba85160
1ba9515f
1baa515e
1bab515e
1bac515d
1bad515c
1bae515c
1baf515b
1bb0515a
1bb1515a
1bb25159
1bb35158
1bb45158
1bb55157
1bb65156
1bb75156
1bb85155
1bb95155
1bba5155
1bbb5154
1bbc5153
1bbd5153
1bbe5152
1bbf5151
1bc05151
1bc15150
1bc25150
1bc35150
1bc4514f
1bc5514e
1bc6514e
1bc7514d
1bc8514c
1bc9514c
1bca514c
1bcb514b
1bcc514b
1bcd514a
1bce5149
1bcf5149
1bd05149
1bd15148
1bd25148
1bd35147
1bd45147
1bd55147
1bd65146
1bd75145
1bd85145
1bd95145
1bda5144
1bdb5144
1bdc5143
1bdd5142
1bde5142
1bdf5142
1be05141
1be15141
1be25141
1be35140
1be45140
1be5513f
1be6513f
1be7513f
1be8513e
1be9513d
1bea513d
1beb513d
1bec513c
1bed513c
1bee513c
1bef513b
1bf0513b
1bf1513a
1bf2513a
1bf3513a
1bf45139
1bf55139
1bf65139
1bf75138
1bf85138
1bf95138
1bfa5137
1bfb5137
1bfc5137
1bfd5136
1bfe5135
1bff5135
1c005135
1c015134
1c025133
1c035133
1c045132
1c055131
1c065131
1c075130
1c08512f
1c09512f
1c0a512e
1c0b512d
1c0c512d
1c0d512d
1c0e512c
1c0f512b
1c10512b
1c11512a
1c125129
1c135129
1c145128
1c155128
1c165127
1c175126
1c185126
1c195126
1c1a5125
1c1b5124
1c1c5124
1c1d5123
1c1e5123
1c1f5122
1c205122
1c215121
1c225121
1c235120
1c245120
1c25511f
1c26511f
1c27511e
1c28511e
1c29511d
1c2a511d
1c2b511d
1c2c511c
1c2d511c
1c2e511b
1c2f511b
1c30511a
1c31511a
1c325119
1c335119
1c345119
1c355118
1c365118
1c375117
1c385117
1c395117
1c3a5116
1c3b5116
1c3c5115
1c3d5115
1c3e5114
1c3f5114
1c405114
1c415113
1c425113
1c435113
1c445112
1c455112
1c465112
1c475111
1c485111
1c495110
1c4a5110
1c4b5110
1c4c510f
1c4d510f
1c4e510f
1c4f510e
1c50510e
1c51510e
1c52510d
1c53510d
1c54510d
1c55510c
1c56510c
1c57510c
1c58510b
1c59510b
1c5a510b
1c5b510a
1c5c510a
1c5d510a
1c5e5109
1c5f5109
1c605109
1c615109
1c625108
1c635108
1c645108
1c655107
1c665107
1c675107
1c685106
1c695106
1c6a5106
1c6b5105
1c6c5105
1c6d5105
1c6e5105
1c6f5104
1c705104
1c715104
1c725104
1c735103
1c745103
1c755103
1c765103
1c775102
1c785102
1c795102
1c7a5101
1c7b5101
1c7c5101
1c7d5101
1c7e5100
1c7f5100
1c8050ff
1c8150ff
1c8250fe
1c8350fc
1c8450fc
1c8550fb
1c8650fa
1c8750fa
1c8850f8
1c8950f7
1c8a50f7
1c8b50f5
1c8c50f4
1c8d50f4
1c8e50f3
1c8f50f2
1c9050f2
1c9150f0
1c9250ef
1c9350ef
1c9450ee
1c9550ed
1c9650ed
1c9750ec
1c9850ea
1c9950ea
1c9a50e9
1c9b50e8
1c9c50e8
1c9d50e7
1c9e50e6
1c9f50e6
1ca050e5
1ca150e4
1ca250e4
1ca350e3
1ca450e2
1ca550e2
1ca650e1
1ca750e0
1ca850e0
1ca950df
1caa50de
1cab50de
1cac50dd
1cad50dc
1cae50dc
1caf50db
1cb050da
1cb150da
1cb250d9
1cb350d8
1cb450d8
1cb550d7
1cb650d6
1cb750d6
1cb850d5
1cb950d5
1cba50d5
1cbb50d4
1cbc50d3
1cbd50d3
1cbe50d2
1cbf50d1
1cc050d1
1cc150d0
1cc250d0
1cc350d0
1cc450cf
1cc550ce
1cc650ce
1cc750cd
1cc850cc
1cc950cc
1cca50cc
1ccb50cb
1ccc50cb
1ccd50ca
1cce50c9
1ccf50c9
1cd050c9
1cd150c8
1cd250c8
1cd350c7
1cd450c7
1cd550c7
1cd650c6
1cd750c5
1cd850c5
1cd950c5
1cda50c4
1cdb50c4
1cdc50c3
1cdd50c2
1cde50c2
1cdf50c2
1ce050c1
1ce150c1
1ce250c1
1ce350c0
1ce450c0
1ce550bf
1ce650bf
1ce750bf
1ce850be
1ce950bd
1cea50bd
1ceb50bd
1cec50bc
1ced50bc
1cee50bc
1cef50bb
1cf050bb
1cf150ba
1cf250ba
1cf350ba
1cf450b9
1cf550b9
1cf650b9
1cf750b8
1cf850b8
1cf950b8
1cfa50b7
1cfb50b7
1cfc50b7
1cfd50b6
1cfe50b5
1cff50b5
1d0050b5
1d0150b4
1d0250b3
1d0350b3
1d0450b2
1d0550b1
1d0650b1
1d0750b0
1d0850af
1d0950af
1d0a50ae
1d0b50ad
1d0c50ad
1d0d50ad
1d0e50ac
1d0f50ab
1d1050ab
1d1150aa
1d1250a9
1d1350a9
1d1450a8
1d1550a8
1d1650a7
1d1750a6
1d1850a6
1d1950a6
1d1a50a5
1d1b50a4
1d1c50a4
1d1d50a3
1d1e50a3
1d1f50a2
1d2050a2
1d2150a1
1d2250a1
1d2350a0
1d2450a0
1d25509f
1d26509f
1d27509e
1d28509e
1d29509d
1d2a509d
1d2b509d
1d2c509c
1d2d509c
1d2e509b
1d2f509b
1d30509a
1d31509a
1d325099
1d335099
1d345099
1d355098
1d365098
1d375097
1d385097
1d395097
1d3a5096
1d3b5096
1d3c5095
1d3d5095
1d3e5094
1d3f5094
1d405094
1d415093
1d425093
1d435093
1d445092
1d455092
1d465092
1d475091
1d485091
1d495090
1d4a5090
1d4b5090
1d4c508f
1d4d508f
1d4e508f
1d4f508e
1d50508e
1d51508e
1d52508d
1d53508d
1d54508d
1d55508c
1d56508c
1d57508c
1d58508b
1d59508b
1d5a508b
1d5b508a
1d5c508a
1d5d508a
1d5e5089
1d5f5089
1d605089
1d615089
1d625088
1d635088
1d645088
1d655087
1d665087
1d675087
1d685086
1d695086
1d6a5086
1d6b5085
1d6c5085
1d6d5085
1d6e5085
1d6f5084
1d705084
1d715084
1d725084
1d735083
1d745083
1d755083
1d765083
1d775082
1d785082
1d795082
1d7a5081
1d7b5081
1d7c5081
1d7d5081
1d7e5080
1d7f5080
1d80507f
1d81507f
1d82507e
1d83507c
1d84507c
1d85507b
1d86507a
1d87507a
1d885078
1d895077
1d8a5077
1d8b5075
1d8c5074
1d8d5074
1d8e5073
1d8f5072
1d905072
1d915070
1d92506f
1d93506f
1d94506e
1d95506d
1d96506d
1d97506c
1d98506a
1d99506a
1d9a5069
1d9b5068
1d9c5068
1d9d5067
1d9e5066
1d9f5066
1da05065
1da15064
1da25064
1da35063
1da45062
1da55062
1da65061
1da75060
1da85060
1da9505f
1daa505e
1dab505e
1dac505d
1dad505c
1dae505c
1daf505b
1db0505a
1db1505a
1db25059
1db35058
1db45058
1db55057
1db65056
1db75056
1db85055
1db95055
1dba5055
1dbb5054
1dbc5053
1dbd5053
1dbe5052
1dbf5051
1dc05051
1dc15050
1dc25050
1dc35050
1dc4504f
1dc5504e
1dc6504e
1dc7504d
1dc8504c
1dc9504c
1dca504c
1dcb504b
1dcc504b
1dcd504a
1dce5049
1dcf5049
1dd05049
1dd15048
1dd25048
1dd35047
1dd45047
1dd55047
1dd65046
1dd75045
1dd85045
1dd95045
1dda5044
1ddb5044
1ddc5043
1ddd5042
1dde5042
1ddf5042
1de05041
1de15041
1de25041
1de35040
1de45040
1de5503f
1de6503f
1de7503f
1de8503e
1de9503d
1dea503d
1deb503d
1dec503c
1ded503c
1dee503c
1def503b
1df0503b
1df1503a
1df2503a
1df3503a
1df45039
1df55039
1df65039
1df75038
1df85038
1df95038
1dfa5037
1dfb5037
1dfc5037
1dfd5036
1dfe5035
1dff5035
1e005035
1e015034
1e025033
1e035033
1e045032
1e055031
1e065031
1e075030
1e08502f
1e09502f
1e0a502e
1e0b502d
1e0c502d
1e0d502d
1e0e502c
1e0f502b
1e10502b
1e11502a
1e125029
1e135029
1e145028
1e155028
1e165027
1e175026
1e185026
1e195026
1e1a5025
1e1b5024
1e1c5024
1e1d5023
1e1e5023
1e1f5022
1e205022
1e215021
1e225021
1e235020
1e245020
1e25501f
1e26501f
1e27501e
1e28501e
1e29501d
1e2a501d
1e2b501d
1e2c501c
1e2d501c
1e2e501b
1e2f501b
1e30501a
1e31501a
1e325019
1e335019
1e345019
1e355018
1e365018
1e375017
1e385017
1e395017
1e3a5016
1e3b5016
1e3c5015
1e3d5015
1e3e5014
1e3f5014
1e405014
1e415013
1e425013
1e435013
1e445012
1e455012
1e465012
1e475011
1e485011
1e495010
1e4a5010
1e4b5010
1e4c500f
1e4d500f
1e4e500f
1e4f500e
1e50500e
1e51500e
1e52500d
1e53500d
1e54500d
1e55500c
1e56500c
1e57500c
1e58500b
1e59500b
1e5a500b
1e5b500a
1e5c500a
1e5d500a
1e5e5009
1e5f5009
1e605009
1e615009
1e625008
1e635008
1e645008
1e655007
1e665007
1e675007
1e685006
1e695006
1e6a5006
1e6b5005
1e6c5005
1e6d5005
1e6e5005
1e6f5004
1e705004
1e715004
1e725004
1e735003
1e745003
1e755003
1e765003
1e775002
1e785002
1e795002
1e7a5001
1e7b5001
1e7c5001
1e7d5001
1e7e5000
1e7f5000
1e804fff
1e814fff
1e824ffe
1e834ffc
1e844ffc
1e854ffb
1e864ffa
1e874ffa
1e884ff8
1e894ff7
1e8a4ff7
1e8b4ff5
1e8c4ff4
1e8d4ff4
1e8e4ff3
1e8f4ff2
1e904ff2
1e914ff0
1e924fef
1e934fef
1e944fee
1e954fed
1e964fed
1e974fec
1e984fea
1e994fea
1e9a4fe9
1e9b4fe8
1e9c4fe8
1e9d4fe7
1e9e4fe6
1e9f4fe6
1ea04fe5
1ea14fe4
1ea24fe4
1ea34fe3
1ea44fe2
1ea54fe2
1ea64fe1
1ea74fe0
1ea84fe0
1ea94fdf
1eaa4fde
1eab4fde
1eac4fdd
1ead4fdc
1eae4fdc
1eaf4fdb
1eb04fda
1eb14fda
1eb24fd9
1eb34fd8
1eb44fd8
1eb54fd7
1eb64fd6
1eb74fd6
1eb84fd5
1eb94fd5
1eba4fd5
1ebb4fd4
1ebc4fd3
1ebd4fd3
1ebe4fd2
1ebf4fd1
1ec04fd1
1ec14fd0
1ec24fd0
1ec34fd0
1ec44fcf
1ec54fce
1ec64fce
1ec74fcd
1ec84fcc
1ec94fcc
1eca4fcc
1ecb4fcb
1ecc4fcb
1ecd4fca
1ece4fc9
1ecf4fc9
1ed04fc9
1ed14fc8
1ed24fc8
1ed34fc7
1ed44fc7
1ed54fc7
1ed64fc6
1ed74fc5
1ed84fc5
1ed94fc5
1eda4fc4
1edb4fc4
1edc4fc3
1edd4fc2
1ede4fc2
1edf4fc2
1ee04fc1
1ee14fc1
1ee24fc1
1ee34fc0
1ee44fc0
1ee54fbf
1ee64fbf
1ee74fbf
1ee84fbe
1ee94fbd
1eea4fbd
1eeb4fbd
1eec4fbc
1eed4fbc
1eee4fbc
1eef4fbb
1ef04fbb
1ef14fba
1ef24fba
1ef34fba
1ef44fb9
1ef54fb9
1ef64fb9
1ef74fb8
1ef84fb8
1ef94fb8
1efa4fb7
1efb4fb7
1efc4fb7
1efd4fb6
1efe4fb5
1eff4fb5
1f004fb5
1f014fb4
1f024fb3
1f034fb3
1f044fb2
1f054fb1
1f064fb1
1f074fb0
1f084faf
1f094faf
1f0a4fae
1f0b4fad
1f0c4fad
1f0d4fad
1f0e4fac
1f0f4fab
1f104fab
1f114faa
1f124fa9
1f134fa9
1f144fa8
1f154fa8
1f164fa7
1f174fa6
1f184fa6
1f194fa6
1f1a4fa5
1f1b4fa4
1f1c4fa4
1f1d4fa3
1f1e4fa3
1f1f4fa2
1f204fa2
1f214fa1
1f224fa1
1f234fa0
1f244fa0
1f254f9f
1f264f9f
1f274f9e
1f284f9e
1f294f9d
1f2a4f9d
1f2b4f9d
1f2c4f9c
1f2d4f9c
1f2e4f9b
1f2f4f9b
1f304f9a
1f314f9a
1f324f99
1f334f99
1f344f99
1f354f98
1f364f98
1f374f97
1f384f97
1f394f97
1f3a4f96
1f3b4f96
1f3c4f95
1f3d4f95
1f3e4f94
1f3f4f94
1f404f94
1f414f93
1f424f93
1f434f93
1f444f92
1f454f92
1f464f92
1f474f91
1f484f91
1f494f90
1f4a4f90
1f4b4f90
1f4c4f8f
1f4d4f8f
1f4e4f8f
1f4f4f8e
1f504f8e
1f514f8e
1f524f8d
1f534f8d
1f544f8d
1f554f8c
1f564f8c
1f574f8c
1f584f8b
1f594f8b
1f5a4f8b
1f5b4f8a
1f5c4f8a
1f5d4f8a
1f5e4f89
1f5f4f89
1f604f89
1f614f89
1f624f88
1f634f88
1f644f88
1f654f87
1f664f87
1f674f87
1f684f86
1f694f86
1f6a4f86
1f6b4f85
1f6c4f85
1f6d4f85
1f6e4f85
1f6f4f84
1f704f84
1f714f84
1f724f84
1f734f83
1f744f83
1f754f83
1f764f83
1f774f82
1f784f82
1f794f82
1f7a4f81
1f7b4f81
1f7c4f81
1f7d4f81
1f7e4f80
1f7f4f80
1f804f7f
1f814f7f
1f824f7e
1f834f7c
1f844f7c
1f854f7b
1f864f7a
1f874f7a
1f884f78
1f894f77
1f8a4f77
1f8b4f75
1f8c4f74
1f8d4f74
1f8e4f73
1f8f4f72
1f904f72
1f914f70
1f924f6f
1f934f6f
1f944f6e
1f954f6d
1f964f6d
1f974f6c
1f984f6a
1f994f6a
1f9a4f69
1f9b4f68
1f9c4f68
1f9d4f67
1f9e4f66
1f9f4f66
1fa04f65
1fa14f64
1fa24f64
1fa34f63
1fa44f62
1fa54f62
1fa64f61
1fa74f60
1fa84f60
1fa94f5f
1faa4f5e
1fab4f5e
1fac4f5d
1fad4f5c
1fae4f5c
1faf4f5b
1fb04f5a
1fb14f5a
1fb24f59
1fb34f58
1fb44f58
1fb54f57
1fb64f56
1fb74f56
1fb84f55
1fb94f55
1fba4f55
1fbb4f54
1fbc4f53
1fbd4f53
1fbe4f52
1fbf4f51
1fc04f51
1fc14f50
1fc24f50
1fc34f50
1fc44f4f
1fc54f4e
1fc64f4e
1fc74f4d
1fc84f4c
1fc94f4c
1fca4f4c
1fcb4f4b
1fcc4f4b
1fcd4f4a
1fce4f49
1fcf4f49
1fd04f49
1fd14f48
1fd24f48
1fd34f47
1fd44f47
1fd54f47
1fd64f46
1fd74f45
1fd84f45
1fd94f45
1fda4f44
1fdb4f44
1fdc4f43
1fdd4f42
1fde4f42
1fdf4f42
1fe04f41
1fe14f41
1fe24f41
1fe34f40
1fe44f40
1fe54f3f
1fe64f3f
1fe74f3f
1fe84f3e
1fe94f3d
1fea4f3d
1feb4f3d
1fec4f3c
1fed4f3c
1fee4f3c
1fef4f3b
1ff04f3b
1ff14f3a
1ff24f3a
1ff34f3a
1ff44f39
1ff54f39
1ff64f39
1ff74f38
1ff84f38
1ff94f38
1ffa4f37
1ffb4f37
1ffc4f37
1ffd4f36
1ffe4f35
1fff4f35
20004f35
20014f34
20024f33
20034f33
20044f32
20054f31
20064f31
20074f30
20084f2f
20094f2f
200a4f2e
200b4f2d
200c4f2d
200d4f2d
200e4f2c
200f4f2b
20104f2b
20114f2a
20124f29
20134f29
20144f28
20154f28
20164f27
20174f26
20184f26
20194f26
201a4f25
201b4f24
201c4f24
201d4f23
201e4f23
201f4f22
20204f22
20214f21
20224f21
20234f20
20244f20
20254f1f
20264f1f
20274f1e
20284f1e
20294f1d
202a4f1d
202b4f1d
202c4f1c
202d4f1c
202e4f1b
202f4f1b
20304f1a
20314f1a
20324f19
20334f19
20344f19
20354f18
20364f18
20374f17
20384f17
20394f17
203a4f16
203b4f16
203c4f15
203d4f15
203e4f14
203f4f14
20404f14
20414f13
20424f13
20434f13
20444f12
20454f12
20464f12
20474f11
20484f11
20494f10
204a4f10
204b4f10
204c4f0f
204d4f0f
204e4f0f
204f4f0e
20504f0e
20514f0e
20524f0d
20534f0d
20544f0d
20554f0c
20564f0c
20574f0c
20584f0b
20594f0b
205a4f0b
205b4f0a
205c4f0a
205d4f0a
205e4f09
205f4f09
20604f09
20614f09
20624f08
20634f08
20644f08
20654f07
20664f07
20674f07
20684f06
20694f06
206a4f06
206b4f05
206c4f05
206d4f05
206e4f05
206f4f04
20704f04
20714f04
20724f04
20734f03
20744f03
20754f03
20764f03
20774f02
20784f02
20794f02
207a4f01
207b4f01
207c4f01
207d4f01
207e4f00
207f4f00
20804eff
20814eff
20824efe
20834efc
20844efc
20854efb
20864efa
20874efa
20884ef8
20894ef7
208a4ef7
208b4ef5
208c4ef4
208d4ef4
208e4ef3
208f4ef2
20904ef2
20914ef0
20924eef
20934eef
20944eee
20954eed
20964eed
20974eec
20984eea
20994eea
209a4ee9
209b4ee8
209c4ee8
209d4ee7
209e4ee6
209f4ee6
20a04ee5
20a14ee4
20a24ee4
20a34ee3
20a44ee2
20a54ee2
20a64ee1
20a74ee0
20a84ee0
20a94edf
20aa4ede
20ab4ede
20ac4edd
20ad4edc
20ae4edc
20af4edb
20b04eda
20b14eda
20b24ed9
20b34ed8
20b44ed8
20b54ed7
20b64ed6
20b74ed6
20b84ed5
20b94ed5
20ba4ed5
20bb4ed4
20bc4ed3
20bd4ed3
20be4ed2
20bf4ed1
20c04ed1
20c14ed0
20c24ed0
20c34ed0
20c44ecf
20c54ece
20c64ece
20c74ecd
20c84ecc
20c94ecc
20ca4ecc
20cb4ecb
20cc4ecb
20cd4eca
20ce4ec9
20cf4ec9
20d04ec9
20d14ec8
20d24ec8
20d34ec7
20d44ec7
20d54ec7
20d64ec6
20d74ec5
20d84ec5
20d94ec5
20da4ec4
20db4ec4
20dc4ec3
20dd4ec2
20de4ec2
20df4ec2
20e04ec1
20e14ec1
20e24ec1
20e34ec0
20e44ec0
20e54ebf
20e64ebf
20e74ebf
20e84ebe
20e94ebd
20ea4ebd
20eb4ebd
20ec4ebc
20ed4ebc
20ee4ebc
20ef4ebb
20f04ebb
20f14eba
20f24eba
20f34eba
20f44eb9
20f54eb9
20f64eb9
20f74eb8
20f84eb8
20f94eb8
20fa4eb7
20fb4eb7
20fc4eb7
20fd4eb6
20fe4eb5
20ff4eb5
21004eb5
21014eb4
21024eb3
21034eb3
21044eb2
21054eb1
21064eb1
21074eb0
21084eaf
21094eaf
210a4eae
210b4ead
210c4ead
210d4ead
210e4eac
210f4eab
21104eab
21114eaa
21124ea9
21134ea9
21144ea8
21154ea8
21164ea7
21174ea6
21184ea6
21194ea6
211a4ea5
211b4ea4
211c4ea4
211d4ea3
211e4ea3
211f4ea2
21204ea2
21214ea1
21224ea1
21234ea0
21244ea0
21254e9f
21264e9f
21274e9e
21284e9e
21294e9d
212a4e9d
212b4e9d
212c4e9c
212d4e9c
212e4e9b
212f4e9b
21304e9a
21314e9a
21324e99
21334e99
21344e99
21354e98
21364e98
21374e97
21384e97
21394e97
213a4e96
213b4e96
213c4e95
213d4e95
213e4e94
213f4e94
21404e94
21414e93
21424e93
21434e93
21444e92
21454e92
21464e92
21474e91
21484e91
21494e90
214a4e90
214b4e90
214c4e8f
214d4e8f
214e4e8f
214f4e8e
21504e8e
21514e8e
21524e8d
21534e8d
21544e8d
21554e8c
21564e8c
21574e8c
21584e8b
21594e8b
215a4e8b
215b4e8a
215c4e8a
215d4e8a
215e4e89
215f4e89
21604e89
21614e89
21624e88
21634e88
21644e88
21654e87
21664e87
21674e87
21684e86
21694e86
216a4e86
216b4e85
216c4e85
216d4e85
216e4e85
216f4e84
21704e84
21714e84
21724e84
21734e83
21744e83
21754e83
21764e83
21774e82
21784e82
21794e82
217a4e81
217b4e81
217c4e81
217d4e81
217e4e80
217f4e80
21804e7f
21814e7f
21824e7e
21834e7c
21844e7c
21854e7b
21864e7a
21874e7a
21884e78
21894e77
218a4e77
218b4e75
218c4e74
218d4e74
218e4e73
218f4e72
21904e72
21914e70
21924e6f
21934e6f
21944e6e
21954e6d
21964e6d
21974e6c
21984e6a
21994e6a
219a4e69
219b4e68
219c4e68
219d4e67
219e4e66
219f4e66
21a04e65
21a14e64
21a24e64
21a34e63
21a44e62
21a54e62
21a64e61
21a74e60
21a84e60
21a94e5f
21aa4e5e
21ab4e5e
21ac4e5d
21ad4e5c
21ae4e5c
21af4e5b
21b04e5a
21b14e5a
21b24e59
21b34e58
21b44e58
21b54e57
21b64e56
21b74e56
21b84e55
21b94e55
21ba4e55
21bb4e54
21bc4e53
21bd4e53
21be4e52
21bf4e51
21c04e51
21c14e50
21c24e50
21c34e50
21c44e4f
21c54e4e
21c64e4e
21c74e4d
21c84e4c
21c94e4c
21ca4e4c
21cb4e4b
21cc4e4b
21cd4e4a
21ce4e49
21cf4e49
21d04e49
21d14e48
21d24e48
21d34e47
21d44e47
21d54e47
21d64e46
21d74e45
21d84e45
21d94e45
21da4e44
21db4e44
21dc4e43
21dd4e42
21de4e42
21df4e42
21e04e41
21e14e41
21e24e41
21e34e40
21e44e40
21e54e3f
21e64e3f
21e74e3f
21e84e3e
21e94e3d
21ea4e3d
21eb4e3d
21ec4e3c
21ed4e3c
21ee4e3c
21ef4e3b
21f04e3b
21f14e3a
21f24e3a
21f34e3a
21f44e39
21f54e39
21f64e39
21f74e38
21f84e38
21f94e38
21fa4e37
21fb4e37
21fc4e37
21fd4e36
21fe4e35
21ff4e35
22004e35
22014e34
22024e33
22034e33
22044e32
22054e31
22064e31
22074e30
22084e2f
22094e2f
220a4e2e
220b4e2d
220c4e2d
220d4e2d
220e4e2c
220f4e2b
22104e2b
22114e2a
22124e29
22134e29
22144e28
22154e28
22164e27
22174e26
22184e26
22194e26
221a4e25
221b4e24
221c4e24
221d4e23
221e4e23
221f4e22
22204e22
22214e21
22224e21
22234e20
22244e20
22254e1f
22264e1f
22274e1e
22284e1e
22294e1d
222a4e1d
222b4e1d
222c4e1c
222d4e1c
222e4e1b
222f4e1b
22304e1a
22314e1a
22324e19
22334e19
22344e19
22354e18
22364e18
22374e17
22384e17
22394e17
223a4e16
223b4e16
223c4e15
223d4e15
223e4e14
223f4e14
22404e14
22414e13
22424e13
22434e13
22444e12
22454e12
22464e12
22474e11
22484e11
22494e10
224a4e10
224b4e10
224c4e0f
224d4e0f
224e4e0f
224f4e0e
22504e0e
22514e0e
22524e0d
22534e0d
22544e0d
22554e0c
22564e0c
22574e0c
22584e0b
22594e0b
225a4e0b
225b4e0a
225c4e0a
225d4e0a
225e4e09
225f4e09
22604e09
22614e09
22624e08
22634e08
22644e08
22654e07
22664e07
22674e07
22684e06
22694e06
226a4e06
226b4e05
226c4e05
226d4e05
226e4e05
226f4e04
22704e04
22714e04
22724e04
22734e03
22744e03
22754e03
22764e03
22774e02
22784e02
22794e02
227a4e01
227b4e01
227c4e01
227d4e01
227e4e00
227f4e00
22804dff
22814dff
22824dfe
22834dfc
22844dfc
22854dfb
22864dfa
22874dfa
22884df8
22894df7
228a4df7
228b4df5
228c4df4
228d4df4
228e4df3
228f4df2
22904df2
22914df0
22924def
22934def
22944dee
22954ded
22964ded
22974dec
22984dea
22994dea
229a4de9
229b4de8
229c4de8
229d4de7
229e4de6
229f4de6
22a04de5
22a14de4
22a24de4
22a34de3
22a44de2
22a54de2
22a64de1
22a74de0
22a84de0
22a94ddf
22aa4dde
22ab4dde
22ac4ddd
22ad4ddc
22ae4ddc
22af4ddb
22b04dda
22b14dda
22b24dd9
22b34dd8
22b44dd8
22b54dd7
22b64dd6
22b74dd6
22b84dd5
22b94dd5
22ba4dd5
22bb4dd4
22bc4dd3
22bd4dd3
22be4dd2
22bf4dd1
22c04dd1
22c14dd0
22c24dd0
22c34dd0
22c44dcf
22c54dce
22c64dce
22c74dcd
22c84dcc
22c94dcc
22ca4dcc
22cb4dcb
22cc4dcb
22cd4dca
22ce4dc9
22cf4dc9
22d04dc9
22d14dc8
22d24dc8
22d34dc7
22d44dc7
22d54dc7
22d64dc6
22d74dc5
22d84dc5
22d94dc5
22da4dc4
22db4dc4
22dc4dc3
22dd4dc2
22de4dc2
22df4dc2
22e04dc1
22e14dc1
22e24dc1
22e34dc0
22e44dc0
22e54dbf
22e64dbf
22e74dbf
22e84dbe
22e94dbd
22ea4dbd
22eb4dbd
22ec4dbc
22ed4dbc
22ee4dbc
22ef4dbb
22f04dbb
22f14dba
22f24dba
22f34dba
22f44db9
22f54db9
22f64db9
22f74db8
22f84db8
22f94db8
22fa4db7
22fb4db7
22fc4db7
22fd4db6
22fe4db5
22ff4db5
23004db5
23014db4
23024db3
23034db3
23044db2
23054db1
23064db1
23074db0
23084daf
23094daf
230a4dae
230b4dad
230c4dad
230d4dad
230e4dac
230f4dab
23104dab
23114daa
23124da9
23134da9
23144da8
23154da8
23164da7
23174da6
23184da6
23194da6
231a4da5
231b4da4
231c4da4
231d4da3
231e4da3
231f4da2
23204da2
23214da1
23224da1
23234da0
23244da0
23254d9f
23264d9f
23274d9e
23284d9e
23294d9d
232a4d9d
232b4d9d
232c4d9c
232d4d9c
232e4d9b
232f4d9b
23304d9a
23314d9a
23324d99
23334d99
23344d99
23354d98
23364d98
23374d97
23384d97
23394d97
233a4d96
233b4d96
233c4d95
233d4d95
233e4d94
233f4d94
23404d94
23414d93
23424d93
23434d93
23444d92
23454d92
23464d92
23474d91
23484d91
23494d90
234a4d90
234b4d90
234c4d8f
234d4d8f
234e4d8f
234f4d8e
23504d8e
23514d8e
23524d8d
23534d8d
23544d8d
23554d8c
23564d8c
23574d8c
23584d8b
23594d8b
235a4d8b
235b4d8a
235c4d8a
235d4d8a
235e4d89
235f4d89
23604d89
23614d89
23624d88
23634d88
23644d88
23654d87
23664d87
23674d87
23684d86
23694d86
236a4d86
236b4d85
236c4d85
236d4d85
236e4d85
236f4d84
23704d84
23714d84
23724d84
23734d83
23744d83
23754d83
23764d83
23774d82
23784d82
23794d82
237a4d81
237b4d81
237c4d81
237d4d81
237e4d80
237f4d80
23804d7f
23814d7f
23824d7e
23834d7c
23844d7c
23854d7b
23864d7a
23874d7a
23884d78
23894d77
238a4d77
238b4d75
238c4d74
238d4d74
238e4d73
238f4d72
23904d72
23914d70
23924d6f
23934d6f
23944d6e
23954d6d
23964d6d
23974d6c
23984d6a
23994d6a
239a4d69
239b4d68
239c4d68
239d4d67
239e4d66
239f4d66
23a04d65
23a14d64
23a24d64
23a34d63
23a44d62
23a54d62
23a64d61
23a74d60
23a84d60
23a94d5f
23aa4d5e
23ab4d5e
23ac4d5d
23ad4d5c
23ae4d5c
23af4d5b
23b04d5a
23b14d5a
23b24d59
23b34d58
23b44d58
23b54d57
23b64d56
23b74d56
23b84d55
23b94d55
23ba4d55
23bb4d54
23bc4d53
23bd4d53
23be4d52
23bf4d51
23c04d51
23c14d50
23c24d50
23c34d50
23c44d4f
23c54d4e
23c64d4e
23c74d4d
23c84d4c
23c94d4c
23ca4d4c
23cb4d4b
23cc4d4b
23cd4d4a
23ce4d49
23cf4d49
23d04d49
23d14d48
23d24d48
23d34d47
23d44d47
23d54d47
23d64d46
23d74d45
23d84d45
23d94d45
23da4d44
23db4d44
23dc4d43
23dd4d42
23de4d42
23df4d42
23e04d41
23e14d41
23e24d41
23e34d40
23e44d40
23e54d3f
23e64d3f
23e74d3f
23e84d3e
23e94d3d
23ea4d3d
23eb4d3d
23ec4d3c
23ed4d3c
23ee4d3c
23ef4d3b
23f04d3b
23f14d3a
23f24d3a
23f34d3a
23f44d39
23f54d39
23f64d39
23f74d38
23f84d38
23f94d38
23fa4d37
23fb4d37
23fc4d37
23fd4d36
23fe4d35
23ff4d35
24004d35
24014d34
24024d33
24034d33
24044d32
24054d31
24064d31
24074d30
24084d2f
24094d2f
240a4d2e
240b4d2d
240c4d2d
240d4d2d
240e4d2c
240f4d2b
24104d2b
24114d2a
24124d29
24134d29
24144d28
24154d28
24164d27
24174d26
24184d26
24194d26
241a4d25
241b4d24
241c4d24
241d4d23
241e4d23
241f4d22
24204d22
24214d21
24224d21
24234d20
24244d20
24254d1f
24264d1f
24274d1e
24284d1e
24294d1d
242a4d1d
242b4d1d
242c4d1c
242d4d1c
242e4d1b
242f4d1b
24304d1a
24314d1a
24324d19
24334d19
24344d19
24354d18
24364d18
24374d17
24384d17
24394d17
243a4d16
243b4d16
243c4d15
243d4d15
243e4d14
243f4d14
24404d14
24414d13
24424d13
24434d13
24444d12
24454d12
24464d12
24474d11
24484d11
24494d10
244a4d10
244b4d10
244c4d0f
244d4d0f
244e4d0f
244f4d0e
24504d0e
24514d0e
24524d0d
24534d0d
24544d0d
24554d0c
24564d0c
24574d0c
24584d0b
24594d0b
245a4d0b
245b4d0a
245c4d0a
245d4d0a
245e4d09
245f4d09
24604d09
24614d09
24624d08
24634d08
24644d08
24654d07
24664d07
24674d07
24684d06
24694d06
246a4d06
246b4d05
246c4d05
246d4d05
246e4d05
246f4d04
24704d04
24714d04
24724d04
24734d03
24744d03
24754d03
24764d03
24774d02
24784d02
24794d02
247a4d01
247b4d01
247c4d01
247d4d01
247e4d00
247f4d00
24804cff
24814cff
24824cfe
24834cfc
24844cfc
24854cfb
24864cfa
24874cfa
24884cf8
24894cf7
248a4cf7
248b4cf5
248c4cf4
248d4cf4
248e4cf3
248f4cf2
24904cf2
24914cf0
24924cef
24934cef
24944cee
24954ced
24964ced
24974cec
24984cea
24994cea
249a4ce9
249b4ce8
249c4ce8
249d4ce7
249e4ce6
249f4ce6
24a04ce5
24a14ce4
24a24ce4
24a34ce3
24a44ce2
24a54ce2
24a64ce1
24a74ce0
24a84ce0
24a94cdf
24aa4cde
24ab4cde
24ac4cdd
24ad4cdc
24ae4cdc
24af4cdb
24b04cda
24b14cda
24b24cd9
24b34cd8
24b44cd8
24b54cd7
24b64cd6
24b74cd6
24b84cd5
24b94cd5
24ba4cd5
24bb4cd4
24bc4cd3
24bd4cd3
24be4cd2
24bf4cd1
24c04cd1
24c14cd0
24c24cd0
24c34cd0
24c44ccf
24c54cce
24c64cce
24c74ccd
24c84ccc
24c94ccc
24ca4ccc
24cb4ccb
24cc4ccb
24cd4cca
24ce4cc9
24cf4cc9
24d04cc9
24d14cc8
24d24cc8
24d34cc7
24d44cc7
24d54cc7
24d64cc6
24d74cc5
24d84cc5
24d94cc5
24da4cc4
24db4cc4
24dc4cc3
24dd4cc2
24de4cc2
24df4cc2
24e04cc1
24e14cc1
24e24cc1
24e34cc0
24e44cc0
24e54cbf
24e64cbf
24e74cbf
24e84cbe
24e94cbd
24ea4cbd
24eb4cbd
24ec4cbc
24ed4cbc
24ee4cbc
24ef4cbb
24f04cbb
24f14cba
24f24cba
24f34cba
24f44cb9
24f54cb9
24f64cb9
24f74cb8
24f84cb8
24f94cb8
24fa4cb7
24fb4cb7
24fc4cb7
24fd4cb6
24fe4cb5
24ff4cb5
25004cb5
25014cb4
25024cb3
25034cb3
25044cb2
25054cb1
25064cb1
25074cb0
25084caf
25094caf
250a4cae
250b4cad
250c4cad
250d4cad
250e4cac
250f4cab
25104cab
25114caa
25124ca9
25134ca9
25144ca8
25154ca8
25164ca7
25174ca6
25184ca6
25194ca6
251a4ca5
251b4ca4
251c4ca4
251d4ca3
251e4ca3
251f4ca2
25204ca2
25214ca1
25224ca1
25234ca0
25244ca0
25254c9f
25264c9f
25274c9e
25284c9e
25294c9d
252a4c9d
252b4c9d
252c4c9c
252d4c9c
252e4c9b
252f4c9b
25304c9a
25314c9a
25324c99
25334c99
25344c99
25354c98
25364c98
25374c97
25384c97
25394c97
253a4c96
253b4c96
253c4c95
253d4c95
253e4c94
253f4c94
25404c94
25414c93
25424c93
25434c93
25444c92
25454c92
25464c92
25474c91
25484c91
25494c90
254a4c90
254b4c90
254c4c8f
254d4c8f
254e4c8f
254f4c8e
25504c8e
25514c8e
25524c8d
25534c8d
25544c8d
25554c8c
25564c8c
25574c8c
25584c8b
25594c8b
255a4c8b
255b4c8a
255c4c8a
255d4c8a
255e4c89
255f4c89
25604c89
25614c89
25624c88
25634c88
25644c88
25654c87
25664c87
25674c87
25684c86
25694c86
256a4c86
256b4c85
256c4c85
256d4c85
256e4c85
256f4c84
25704c84
25714c84
25724c84
25734c83
25744c83
25754c83
25764c83
25774c82
25784c82
25794c82
257a4c81
257b4c81
257c4c81
257d4c81
257e4c80
257f4c80
25804c7f
25814c7f
25824c7e
25834c7c
25844c7c
25854c7b
25864c7a
25874c7a
25884c78
25894c77
258a4c77
258b4c75
258c4c74
258d4c74
258e4c73
258f4c72
25904c72
25914c70
25924c6f
25934c6f
25944c6e
25954c6d
25964c6d
25974c6c
25984c6a
25994c6a
259a4c69
259b4c68
259c4c68
259d4c67
259e4c66
259f4c66
25a04c65
25a14c64
25a24c64
25a34c63
25a44c62
25a54c62
25a64c61
25a74c60
25a84c60
25a94c5f
25aa4c5e
25ab4c5e
25ac4c5d
25ad4c5c
25ae4c5c
25af4c5b
25b04c5a
25b14c5a
25b24c59
25b34c58
25b44c58
25b54c57
25b64c56
25b74c56
25b84c55
25b94c55
25ba4c55
25bb4c54
25bc4c53
25bd4c53
25be4c52
25bf4c51
25c04c51
25c14c50
25c24c50
25c34c50
25c44c4f
25c54c4e
25c64c4e
25c74c4d
25c84c4c
25c94c4c
25ca4c4c
25cb4c4b
25cc4c4b
25cd4c4a
25ce4c49
25cf4c49
25d04c49
25d14c48
25d24c48
25d34c47
25d44c47
25d54c47
25d64c46
25d74c45
25d84c45
25d94c45
25da4c44
25db4c44
25dc4c43
25dd4c42
25de4c42
25df4c42
25e04c41
25e14c41
25e24c41
25e34c40
25e44c40
25e54c3f
25e64c3f
25e74c3f
25e84c3e
25e94c3d
25ea4c3d
25eb4c3d
25ec4c3c
25ed4c3c
25ee4c3c
25ef4c3b
25f04c3b
25f14c3a
25f24c3a
25f34c3a
25f44c39
25f54c39
25f64c39
25f74c38
25f84c38
25f94c38
25fa4c37
25fb4c37
25fc4c37
25fd4c36
25fe4c35
25ff4c35
26004c35
26014c34
26024c33
26034c33
26044c32
26054c31
26064c31
26074c30
26084c2f
26094c2f
260a4c2e
260b4c2d
260c4c2d
260d4c2d
260e4c2c
260f4c2b
26104c2b
26114c2a
26124c29
26134c29
26144c28
26154c28
26164c27
26174c26
26184c26
26194c26
261a4c25
261b4c24
261c4c24
261d4c23
261e4c23
261f4c22
26204c22
26214c21
26224c21
26234c20
26244c20
26254c1f
26264c1f
26274c1e
26284c1e
26294c1d
262a4c1d
262b4c1d
262c4c1c
262d4c1c
262e4c1b
262f4c1b
26304c1a
26314c1a
26324c19
26334c19
26344c19
26354c18
26364c18
26374c17
26384c17
26394c17
263a4c16
263b4c16
263c4c15
263d4c15
263e4c14
263f4c14
26404c14
26414c13
26424c13
26434c13
26444c12
26454c12
26464c12
26474c11
26484c11
26494c10
264a4c10
264b4c10
264c4c0f
264d4c0f
264e4c0f
264f4c0e
26504c0e
26514c0e
26524c0d
26534c0d
26544c0d
26554c0c
26564c0c
26574c0c
26584c0b
26594c0b
265a4c0b
265b4c0a
265c4c0a
265d4c0a
265e4c09
265f4c09
26604c09
26614c09
26624c08
26634c08
26644c08
26654c07
26664c07
26674c07
26684c06
26694c06
266a4c06
266b4c05
266c4c05
266d4c05
266e4c05
266f4c04
26704c04
26714c04
26724c04
26734c03
26744c03
26754c03
26764c03
26774c02
26784c02
26794c02
267a4c01
267b4c01
267c4c01
267d4c01
267e4c00
267f4c00
26804bff
26814bff
26824bfe
26834bfc
26844bfc
26854bfb
26864bfa
26874bfa
26884bf8
26894bf7
268a4bf7
268b4bf5
268c4bf4
268d4bf4
268e4bf3
268f4bf2
26904bf2
26914bf0
26924bef
26934bef
26944bee
26954bed
26964bed
26974bec
26984bea
26994bea
269a4be9
269b4be8
269c4be8
269d4be7
269e4be6
269f4be6
26a04be5
26a14be4
26a24be4
26a34be3
26a44be2
26a54be2
26a64be1
26a74be0
26a84be0
26a94bdf
26aa4bde
26ab4bde
26ac4bdd
26ad4bdc
26ae4bdc
26af4bdb
26b04bda
26b14bda
26b24bd9
26b34bd8
26b44bd8
26b54bd7
26b64bd6
26b74bd6
26b84bd5
26b94bd5
26ba4bd5
26bb4bd4
26bc4bd3
26bd4bd3
26be4bd2
26bf4bd1
26c04bd1
26c14bd0
26c24bd0
26c34bd0
26c44bcf
26c54bce
26c64bce
26c74bcd
26c84bcc
26c94bcc
26ca4bcc
26cb4bcb
26cc4bcb
26cd4bca
26ce4bc9
26cf4bc9
26d04bc9
26d14bc8
26d24bc8
26d34bc7
26d44bc7
26d54bc7
26d64bc6
26d74bc5
26d84bc5
26d94bc5
26da4bc4
26db4bc4
26dc4bc3
26dd4bc2
26de4bc2
26df4bc2
26e04bc1
26e14bc1
26e24bc1
26e34bc0
26e44bc0
26e54bbf
26e64bbf
26e74bbf
26e84bbe
26e94bbd
26ea4bbd
26eb4bbd
26ec4bbc
26ed4bbc
26ee4bbc
26ef4bbb
26f04bbb
26f14bba
26f24bba
26f34bba
26f44bb9
26f54bb9
26f64bb9
26f74bb8
26f84bb8
26f94bb8
26fa4bb7
26fb4bb7
26fc4bb7
26fd4bb6
26fe4bb5
26ff4bb5
27004bb5
27014bb4
27024bb3
27034bb3
27044bb2
27054bb1
27064bb1
27074bb0
27084baf
27094baf
270a4bae
270b4bad
270c4bad
270d4bad
270e4bac
270f4bab
27104bab
27114baa
27124ba9
27134ba9
27144ba8
27154ba8
27164ba7
27174ba6
27184ba6
27194ba6
271a4ba5
271b4ba4
271c4ba4
271d4ba3
271e4ba3
271f4ba2
27204ba2
27214ba1
27224ba1
27234ba0
27244ba0
27254b9f
27264b9f
27274b9e
27284b9e
27294b9d
272a4b9d
272b4b9d
272c4b9c
272d4b9c
272e4b9b
272f4b9b
27304b9a
27314b9a
27324b99
27334b99
27344b99
27354b98
27364b98
27374b97
27384b97
27394b97
273a4b96
273b4b96
273c4b95
273d4b95
273e4b94
273f4b94
27404b94
27414b93
27424b93
27434b93
27444b92
27454b92
27464b92
27474b91
27484b91
27494b90
274a4b90
274b4b90
274c4b8f
274d4b8f
274e4b8f
274f4b8e
27504b8e
27514b8e
27524b8d
27534b8d
27544b8d
27554b8c
27564b8c
27574b8c
27584b8b
27594b8b
275a4b8b
275b4b8a
275c4b8a
275d4b8a
275e4b89
275f4b89
27604b89
27614b89
27624b88
27634b88
27644b88
27654b87
27664b87
27674b87
27684b86
27694b86
276a4b86
276b4b85
276c4b85
276d4b85
276e4b85
276f4b84
27704b84
27714b84
27724b84
27734b83
27744b83
27754b83
27764b83
27774b82
27784b82
27794b82
277a4b81
277b4b81
277c4b81
277d4b81
277e4b80
277f4b80
27804b7f
27814b7f
27824b7e
27834b7c
27844b7c
27854b7b
27864b7a
27874b7a
27884b78
27894b77
278a4b77
278b4b75
278c4b74
278d4b74
278e4b73
278f4b72
27904b72
27914b70
27924b6f
27934b6f
27944b6e
27954b6d
27964b6d
27974b6c
27984b6a
27994b6a
279a4b69
279b4b68
279c4b68
279d4b67
279e4b66
279f4b66
27a04b65
27a14b64
27a24b64
27a34b63
27a44b62
27a54b62
27a64b61
27a74b60
27a84b60
27a94b5f
27aa4b5e
27ab4b5e
27ac4b5d
27ad4b5c
27ae4b5c
27af4b5b
27b04b5a
27b14b5a
27b24b59
27b34b58
27b44b58
27b54b57
27b64b56
27b74b56
27b84b55
27b94b55
27ba4b55
27bb4b54
27bc4b53
27bd4b53
27be4b52
27bf4b51
27c04b51
27c14b50
27c24b50
27c34b50
27c44b4f
27c54b4e
27c64b4e
27c74b4d
27c84b4c
27c94b4c
27ca4b4c
27cb4b4b
27cc4b4b
27cd4b4a
27ce4b49
27cf4b49
27d04b49
27d14b48
27d24b48
27d34b47
27d44b47
27d54b47
27d64b46
27d74b45
27d84b45
27d94b45
27da4b44
27db4b44
27dc4b43
27dd4b42
27de4b42
27df4b42
27e04b41
27e14b41
27e24b41
27e34b40
27e44b40
27e54b3f
27e64b3f
27e74b3f
27e84b3e
27e94b3d
27ea4b3d
27eb4b3d
27ec4b3c
27ed4b3c
27ee4b3c
27ef4b3b
27f04b3b
27f14b3a
27f24b3a
27f34b3a
27f44b39
27f54b39
27f64b39
27f74b38
27f84b38
27f94b38
27fa4b37
27fb4b37
27fc4b37
27fd4b36
27fe4b35
27ff4b35
28004b35
28014b34
28024b33
28034b33
28044b32
28054b31
28064b31
28074b30
28084b2f
28094b2f
280a4b2e
280b4b2d
280c4b2d
280d4b2d
280e4b2c
280f4b2b
28104b2b
28114b2a
28124b29
28134b29
28144b28
28154b28
28164b27
28174b26
28184b26
28194b26
281a4b25
281b4b24
281c4b24
281d4b23
281e4b23
281f4b22
28204b22
28214b21
28224b21
28234b20
28244b20
28254b1f
28264b1f
28274b1e
28284b1e
28294b1d
282a4b1d
282b4b1d
282c4b1c
282d4b1c
282e4b1b
282f4b1b
28304b1a
28314b1a
28324b19
28334b19
28344b19
28354b18
28364b18
28374b17
28384b17
28394b17
283a4b16
283b4b16
283c4b15
283d4b15
283e4b14
283f4b14
28404b14
28414b13
28424b13
28434b13
28444b12
28454b12
28464b12
28474b11
28484b11
28494b10
284a4b10
284b4b10
284c4b0f
284d4b0f
284e4b0f
284f4b0e
28504b0e
28514b0e
28524b0d
28534b0d
28544b0d
28554b0c
28564b0c
28574b0c
28584b0b
28594b0b
285a4b0b
285b4b0a
285c4b0a
285d4b0a
285e4b09
285f4b09
28604b09
28614b09
28624b08
28634b08
28644b08
28654b07
28664b07
28674b07
28684b06
28694b06
286a4b06
286b4b05
286c4b05
286d4b05
286e4b05
286f4b04
28704b04
28714b04
28724b04
28734b03
28744b03
28754b03
28764b03
28774b02
28784b02
28794b02
287a4b01
287b4b01
287c4b01
287d4b01
287e4b00
287f4b00
28804aff
28814aff
28824afe
28834afc
28844afc
28854afb
28864afa
28874afa
28884af8
28894af7
288a4af7
288b4af5
288c4af4
288d4af4
288e4af3
288f4af2
28904af2
28914af0
28924aef
28934aef
28944aee
28954aed
28964aed
28974aec
28984aea
28994aea
289a4ae9
289b4ae8
289c4ae8
289d4ae7
289e4ae6
289f4ae6
28a04ae5
28a14ae4
28a24ae4
28a34ae3
28a44ae2
28a54ae2
28a64ae1
28a74ae0
28a84ae0
28a94adf
28aa4ade
28ab4ade
28ac4add
28ad4adc
28ae4adc
28af4adb
28b04ada
28b14ada
28b24ad9
28b34ad8
28b44ad8
28b54ad7
28b64ad6
28b74ad6
28b84ad5
28b94ad5
28ba4ad5
28bb4ad4
28bc4ad3
28bd4ad3
28be4ad2
28bf4ad1
28c04ad1
28c14ad0
28c24ad0
28c34ad0
28c44acf
28c54ace
28c64ace
28c74acd
28c84acc
28c94acc
28ca4acc
28cb4acb
28cc4acb
28cd4aca
28ce4ac9
28cf4ac9
28d04ac9
28d14ac8
28d24ac8
28d34ac7
28d44ac7
28d54ac7
28d64ac6
28d74ac5
28d84ac5
28d94ac5
28da4ac4
28db4ac4
28dc4ac3
28dd4ac2
28de4ac2
28df4ac2
28e04ac1
28e14ac1
28e24ac1
28e34ac0
28e44ac0
28e54abf
28e64abf
28e74abf
28e84abe
28e94abd
28ea4abd
28eb4abd
28ec4abc
28ed4abc
28ee4abc
28ef4abb
28f04abb
28f14aba
28f24aba
28f34aba
28f44ab9
28f54ab9
28f64ab9
28f74ab8
28f84ab8
28f94ab8
28fa4ab7
28fb4ab7
28fc4ab7
28fd4ab6
28fe4ab5
28ff4ab5
29004ab5
29014ab4
29024ab3
29034ab3
29044ab2
29054ab1
29064ab1
29074ab0
29084aaf
29094aaf
290a4aae
290b4aad
290c4aad
290d4aad
290e4aac
290f4aab
29104aab
29114aaa
29124aa9
29134aa9
29144aa8
29154aa8
29164aa7
29174aa6
29184aa6
29194aa6
291a4aa5
291b4aa4
291c4aa4
291d4aa3
291e4aa3
291f4aa2
29204aa2
29214aa1
29224aa1
29234aa0
29244aa0
29254a9f
29264a9f
29274a9e
29284a9e
29294a9d
292a4a9d
292b4a9d
292c4a9c
292d4a9c
292e4a9b
292f4a9b
29304a9a
29314a9a
29324a99
29334a99
29344a99
29354a98
29364a98
29374a97
29384a97
29394a97
293a4a96
293b4a96
293c4a95
293d4a95
293e4a94
293f4a94
29404a94
29414a93
29424a93
29434a93
29444a92
29454a92
29464a92
29474a91
29484a91
29494a90
294a4a90
294b4a90
294c4a8f
294d4a8f
294e4a8f
294f4a8e
29504a8e
29514a8e
29524a8d
29534a8d
29544a8d
29554a8c
29564a8c
29574a8c
29584a8b
29594a8b
295a4a8b
295b4a8a
295c4a8a
295d4a8a
295e4a89
295f4a89
29604a89
29614a89
29624a88
29634a88
29644a88
29654a87
29664a87
29674a87
29684a86
29694a86
296a4a86
296b4a85
296c4a85
296d4a85
296e4a85
296f4a84
29704a84
29714a84
29724a84
29734a83
29744a83
29754a83
29764a83
29774a82
29784a82
29794a82
297a4a81
297b4a81
297c4a81
297d4a81
297e4a80
297f4a80
29804a7f
29814a7f
29824a7e
29834a7c
29844a7c
29854a7b
29864a7a
29874a7a
29884a78
29894a77
298a4a77
298b4a75
298c4a74
298d4a74
298e4a73
298f4a72
29904a72
29914a70
29924a6f
29934a6f
29944a6e
29954a6d
29964a6d
29974a6c
29984a6a
29994a6a
299a4a69
299b4a68
299c4a68
299d4a67
299e4a66
299f4a66
29a04a65
29a14a64
29a24a64
29a34a63
29a44a62
29a54a62
29a64a61
29a74a60
29a84a60
29a94a5f
29aa4a5e
29ab4a5e
29ac4a5d
29ad4a5c
29ae4a5c
29af4a5b
29b04a5a
29b14a5a
29b24a59
29b34a58
29b44a58
29b54a57
29b64a56
29b74a56
29b84a55
29b94a55
29ba4a55
29bb4a54
29bc4a53
29bd4a53
29be4a52
29bf4a51
29c04a51
29c14a50
29c24a50
29c34a50
29c44a4f
29c54a4e
29c64a4e
29c74a4d
29c84a4c
29c94a4c
29ca4a4c
29cb4a4b
29cc4a4b
29cd4a4a
29ce4a49
29cf4a49
29d04a49
29d14a48
29d24a48
29d34a47
29d44a47
29d54a47
29d64a46
29d74a45
29d84a45
29d94a45
29da4a44
29db4a44
29dc4a43
29dd4a42
29de4a42
29df4a42
29e04a41
29e14a41
29e24a41
29e34a40
29e44a40
29e54a3f
29e64a3f
29e74a3f
29e84a3e
29e94a3d
29ea4a3d
29eb4a3d
29ec4a3c
29ed4a3c
29ee4a3c
29ef4a3b
29f04a3b
29f14a3a
29f24a3a
29f34a3a
29f44a39
29f54a39
29f64a39
29f74a38
29f84a38
29f94a38
29fa4a37
29fb4a37
29fc4a37
29fd4a36
29fe4a35
29ff4a35
2a004a35
2a014a34
2a024a33
2a034a33
2a044a32
2a054a31
2a064a31
2a074a30
2a084a2f
2a094a2f
2a0a4a2e
2a0b4a2d
2a0c4a2d
2a0d4a2d
2a0e4a2c
2a0f4a2b
2a104a2b
2a114a2a
2a124a29
2a134a29
2a144a28
2a154a28
2a164a27
2a174a26
2a184a26
2a194a26
2a1a4a25
2a1b4a24
2a1c4a24
2a1d4a23
2a1e4a23
2a1f4a22
2a204a22
2a214a21
2a224a21
2a234a20
2a244a20
2a254a1f
2a264a1f
2a274a1e
2a284a1e
2a294a1d
2a2a4a1d
2a2b4a1d
2a2c4a1c
2a2d4a1c
2a2e4a1b
2a2f4a1b
2a304a1a
2a314a1a
2a324a19
2a334a19
2a344a19
2a354a18
2a364a18
2a374a17
2a384a17
2a394a17
2a3a4a16
2a3b4a16
2a3c4a15
2a3d4a15
2a3e4a14
2a3f4a14
2a404a14
2a414a13
2a424a13
2a434a13
2a444a12
2a454a12
2a464a12
2a474a11
2a484a11
2a494a10
2a4a4a10
2a4b4a10
2a4c4a0f
2a4d4a0f
2a4e4a0f
2a4f4a0e
2a504a0e
2a514a0e
2a524a0d
2a534a0d
2a544a0d
2a554a0c
2a564a0c
2a574a0c
2a584a0b
2a594a0b
2a5a4a0b
2a5b4a0a
2a5c4a0a
2a5d4a0a
2a5e4a09
2a5f4a09
2a604a09
2a614a09
2a624a08
2a634a08
2a644a08
2a654a07
2a664a07
2a674a07
2a684a06
2a694a06
2a6a4a06
2a6b4a05
2a6c4a05
2a6d4a05
2a6e4a05
2a6f4a04
2a704a04
2a714a04
2a724a04
2a734a03
2a744a03
2a754a03
2a764a03
2a774a02
2a784a02
2a794a02
2a7a4a01
2a7b4a01
2a7c4a01
2a7d4a01
2a7e4a00
2a7f4a00
2a8049ff
2a8149ff
2a8249fe
2a8349fc
2a8449fc
2a8549fb
2a8649fa
2a8749fa
2a8849f8
2a8949f7
2a8a49f7
2a8b49f5
2a8c49f4
2a8d49f4
2a8e49f3
2a8f49f2
2a9049f2
2a9149f0
2a9249ef
2a9349ef
2a9449ee
2a9549ed
2a9649ed
2a9749ec
2a9849ea
2a9949ea
2a9a49e9
2a9b49e8
2a9c49e8
2a9d49e7
2a9e49e6
2a9f49e6
2aa049e5
2aa149e4
2aa249e4
2aa349e3
2aa449e2
2aa549e2
2aa649e1
2aa749e0
2aa849e0
2aa949df
2aaa49de
2aab49de
2aac49dd
2aad49dc
2aae49dc
2aaf49db
2ab049da
2ab149da
2ab249d9
2ab349d8
2ab449d8
2ab549d7
2ab649d6
2ab749d6
2ab849d5
2ab949d5
2aba49d5
2abb49d4
2abc49d3
2abd49d3
2abe49d2
2abf49d1
2ac049d1
2ac149d0
2ac249d0
2ac349d0
2ac449cf
2ac549ce
2ac649ce
2ac749cd
2ac849cc
2ac949cc
2aca49cc
2acb49cb
2acc49cb
2acd49ca
2ace49c9
2acf49c9
2ad049c9
2ad149c8
2ad249c8
2ad349c7
2ad449c7
2ad549c7
2ad649c6
2ad749c5
2ad849c5
2ad949c5
2ada49c4
2adb49c4
2adc49c3
2add49c2
2ade49c2
2adf49c2
2ae049c1
2ae149c1
2ae249c1
2ae349c0
2ae449c0
2ae549bf
2ae649bf
2ae749bf
2ae849be
2ae949bd
2aea49bd
2aeb49bd
2aec49bc
2aed49bc
2aee49bc
2aef49bb
2af049bb
2af149ba
2af249ba
2af349ba
2af449b9
2af549b9
2af649b9
2af749b8
2af849b8
2af949b8
2afa49b7
2afb49b7
2afc49b7
2afd49b6
2afe49b5
2aff49b5
2b0049b5
2b0149b4
2b0249b3
2b0349b3
2b0449b2
2b0549b1
2b0649b1
2b0749b0
2b0849af
2b0949af
2b0a49ae
2b0b49ad
2b0c49ad
2b0d49ad
2b0e49ac
2b0f49ab
2b1049ab
2b1149aa
2b1249a9
2b1349a9
2b1449a8
2b1549a8
2b1649a7
2b1749a6
2b1849a6
2b1949a6
2b1a49a5
2b1b49a4
2b1c49a4
2b1d49a3
2b1e49a3
2b1f49a2
2b2049a2
2b2149a1
2b2249a1
2b2349a0
2b2449a0
2b25499f
2b26499f
2b27499e
2b28499e
2b29499d
2b2a499d
2b2b499d
2b2c499c
2b2d499c
2b2e499b
2b2f499b
2b30499a
2b31499a
2b324999
2b334999
2b344999
2b354998
2b364998
2b374997
2b384997
2b394997
2b3a4996
2b3b4996
2b3c4995
2b3d4995
2b3e4994
2b3f4994
2b404994
2b414993
2b424993
2b434993
2b444992
2b454992
2b464992
2b474991
2b484991
2b494990
2b4a4990
2b4b4990
2b4c498f
2b4d498f
2b4e498f
2b4f498e
2b50498e
2b51498e
2b52498d
2b53498d
2b54498d
2b55498c
2b56498c
2b57498c
2b58498b
2b59498b
2b5a498b
2b5b498a
2b5c498a
2b5d498a
2b5e4989
2b5f4989
2b604989
2b614989
2b624988
2b634988
2b644988
2b654987
2b664987
2b674987
2b684986
2b694986
2b6a4986
2b6b4985
2b6c4985
2b6d4985
2b6e4985
2b6f4984
2b704984
2b714984
2b724984
2b734983
2b744983
2b754983
2b764983
2b774982
2b784982
2b794982
2b7a4981
2b7b4981
2b7c4981
2b7d4981
2b7e4980
2b7f4980
2b80497f
2b81497f
2b82497e
2b83497c
2b84497c
2b85497b
2b86497a
2b87497a
2b884978
2b894977
2b8a4977
2b8b4975
2b8c4974
2b8d4974
2b8e4973
2b8f4972
2b904972
2b914970
2b92496f
2b93496f
2b94496e
2b95496d
2b96496d
2b97496c
2b98496a
2b99496a
2b9a4969
2b9b4968
2b9c4968
2b9d4967
2b9e4966
2b9f4966
2ba04965
2ba14964
2ba24964
2ba34963
2ba44962
2ba54962
2ba64961
2ba74960
2ba84960
2ba9495f
2baa495e
2bab495e
2bac495d
2bad495c
2bae495c
2baf495b
2bb0495a
2bb1495a
2bb24959
2bb34958
2bb44958
2bb54957
2bb64956
2bb74956
2bb84955
2bb94955
2bba4955
2bbb4954
2bbc4953
2bbd4953
2bbe4952
2bbf4951
2bc04951
2bc14950
2bc24950
2bc34950
2bc4494f
2bc5494e
2bc6494e
2bc7494d
2bc8494c
2bc9494c
2bca494c
2bcb494b
2bcc494b
2bcd494a
2bce4949
2bcf4949
2bd04949
2bd14948
2bd24948
2bd34947
2bd44947
2bd54947
2bd64946
2bd74945
2bd84945
2bd94945
2bda4944
2bdb4944
2bdc4943
2bdd4942
2bde4942
2bdf4942
2be04941
2be14941
2be24941
2be34940
2be44940
2be5493f
2be6493f
2be7493f
2be8493e
2be9493d
2bea493d
2beb493d
2bec493c
2bed493c
2bee493c
2bef493b
2bf0493b
2bf1493a
2bf2493a
2bf3493a
2bf44939
2bf54939
2bf64939
2bf74938
2bf84938
2bf94938
2bfa4937
2bfb4937
2bfc4937
2bfd4936
2bfe4935
2bff4935
2c004935
2c014934
2c024933
2c034933
2c044932
2c054931
2c064931
2c074930
2c08492f
2c09492f
2c0a492e
2c0b492d
2c0c492d
2c0d492d
2c0e492c
2c0f492b
2c10492b
2c11492a
2c124929
2c134929
2c144928
2c154928
2c164927
2c174926
2c184926
2c194926
2c1a4925
2c1b4924
2c1c4924
2c1d4923
2c1e4923
2c1f4922
2c204922
2c214921
2c224921
2c234920
2c244920
2c25491f
2c26491f
2c27491e
2c28491e
2c29491d
2c2a491d
2c2b491d
2c2c491c
2c2d491c
2c2e491b
2c2f491b
2c30491a
2c31491a
2c324919
2c334919
2c344919
2c354918
2c364918
2c374917
2c384917
2c394917
2c3a4916
2c3b4916
2c3c4915
2c3d4915
2c3e4914
2c3f4914
2c404914
2c414913
2c424913
2c434913
2c444912
2c454912
2c464912
2c474911
2c484911
2c494910
2c4a4910
2c4b4910
2c4c490f
2c4d490f
2c4e490f
2c4f490e
2c50490e
2c51490e
2c52490d
2c53490d
2c54490d
2c55490c
2c56490c
2c57490c
2c58490b
2c59490b
2c5a490b
2c5b490a
2c5c490a
2c5d490a
2c5e4909
2c5f4909
2c604909
2c614909
2c624908
2c634908
2c644908
2c654907
2c664907
2c674907
2c684906
2c694906
2c6a4906
2c6b4905
2c6c4905
2c6d4905
2c6e4905
2c6f4904
2c704904
2c714904
2c724904
2c734903
2c744903
2c754903
2c764903
2c774902
2c784902
2c794902
2c7a4901
2c7b4901
2c7c4901
2c7d4901
2c7e4900
2c7f4900
2c8048ff
2c8148ff
2c8248fe
2c8348fc
2c8448fc
2c8548fb
2c8648fa
2c8748fa
2c8848f8
2c8948f7
2c8a48f7
2c8b48f5
2c8c48f4
2c8d48f4
2c8e48f3
2c8f48f2
2c9048f2
2c9148f0
2c9248ef
2c9348ef
2c9448ee
2c9548ed
2c9648ed
2c9748ec
2c9848ea
2c9948ea
2c9a48e9
2c9b48e8
2c9c48e8
2c9d48e7
2c9e48e6
2c9f48e6
2ca048e5
2ca148e4
2ca248e4
2ca348e3
2ca448e2
2ca548e2
2ca648e1
2ca748e0
2ca848e0
2ca948df
2caa48de
2cab48de
2cac48dd
2cad48dc
2cae48dc
2caf48db
2cb048da
2cb148da
2cb248d9
2cb348d8
2cb448d8
2cb548d7
2cb648d6
2cb748d6
2cb848d5
2cb948d5
2cba48d5
2cbb48d4
2cbc48d3
2cbd48d3
2cbe48d2
2cbf48d1
2cc048d1
2cc148d0
2cc248d0
2cc348d0
2cc448cf
2cc548ce
2cc648ce
2cc748cd
2cc848cc
2cc948cc
2cca48cc
2ccb48cb
2ccc48cb
2ccd48ca
2cce48c9
2ccf48c9
2cd048c9
2cd148c8
2cd248c8
2cd348c7
2cd448c7
2cd548c7
2cd648c6
2cd748c5
2cd848c5
2cd948c5
2cda48c4
2cdb48c4
2cdc48c3
2cdd48c2
2cde48c2
2cdf48c2
2ce048c1
2ce148c1
2ce248c1
2ce348c0
2ce448c0
2ce548bf
2ce648bf
2ce748bf
2ce848be
2ce948bd
2cea48bd
2ceb48bd
2cec48bc
2ced48bc
2cee48bc
2cef48bb
2cf048bb
2cf148ba
2cf248ba
2cf348ba
2cf448b9
2cf548b9
2cf648b9
2cf748b8
2cf848b8
2cf948b8
2cfa48b7
2cfb48b7
2cfc48b7
2cfd48b6
2cfe48b5
2cff48b5
2d0048b5
2d0148b4
2d0248b3
2d0348b3
2d0448b2
2d0548b1
2d0648b1
2d0748b0
2d0848af
2d0948af
2d0a48ae
2d0b48ad
2d0c48ad
2d0d48ad
2d0e48ac
2d0f48ab
2d1048ab
2d1148aa
2d1248a9
2d1348a9
2d1448a8
2d1548a8
2d1648a7
2d1748a6
2d1848a6
2d1948a6
2d1a48a5
2d1b48a4
2d1c48a4
2d1d48a3
2d1e48a3
2d1f48a2
2d2048a2
2d2148a1
2d2248a1
2d2348a0
2d2448a0
2d25489f
2d26489f
2d27489e
2d28489e
2d29489d
2d2a489d
2d2b489d
2d2c489c
2d2d489c
2d2e489b
2d2f489b
2d30489a
2d31489a
2d324899
2d334899
2d344899
2d354898
2d364898
2d374897
2d384897
2d394897
2d3a4896
2d3b4896
2d3c4895
2d3d4895
2d3e4894
2d3f4894
2d404894
2d414893
2d424893
2d434893
2d444892
2d454892
2d464892
2d474891
2d484891
2d494890
2d4a4890
2d4b4890
2d4c488f
2d4d488f
2d4e488f
2d4f488e
2d50488e
2d51488e
2d52488d
2d53488d
2d54488d
2d55488c
2d56488c
2d57488c
2d58488b
2d59488b
2d5a488b
2d5b488a
2d5c488a
2d5d488a
2d5e4889
2d5f4889
2d604889
2d614889
2d624888
2d634888
2d644888
2d654887
2d664887
2d674887
2d684886
2d694886
2d6a4886
2d6b4885
2d6c4885
2d6d4885
2d6e4885
2d6f4884
2d704884
2d714884
2d724884
2d734883
2d744883
2d754883
2d764883
2d774882
2d784882
2d794882
2d7a4881
2d7b4881
2d7c4881
2d7d4881
2d7e4880
2d7f4880
2d80487f
2d81487f
2d82487e
2d83487c
2d84487c
2d85487b
2d86487a
2d87487a
2d884878
2d894877
2d8a4877
2d8b4875
2d8c4874
2d8d4874
2d8e4873
2d8f4872
2d904872
2d914870
2d92486f
2d93486f
2d94486e
2d95486d
2d96486d
2d97486c
2d98486a
2d99486a
2d9a4869
2d9b4868
2d9c4868
2d9d4867
2d9e4866
2d9f4866
2da04865
2da14864
2da24864
2da34863
2da44862
2da54862
2da64861
2da74860
2da84860
2da9485f
2daa485e
2dab485e
2dac485d
2dad485c
2dae485c
2daf485b
2db0485a
2db1485a
2db24859
2db34858
2db44858
2db54857
2db64856
2db74856
2db84855
2db94855
2dba4855
2dbb4854
2dbc4853
2dbd4853
2dbe4852
2dbf4851
2dc04851
2dc14850
2dc24850
2dc34850
2dc4484f
2dc5484e
2dc6484e
2dc7484d
2dc8484c
2dc9484c
2dca484c
2dcb484b
2dcc484b
2dcd484a
2dce4849
2dcf4849
2dd04849
2dd14848
2dd24848
2dd34847
2dd44847
2dd54847
2dd64846
2dd74845
2dd84845
2dd94845
2dda4844
2ddb4844
2ddc4843
2ddd4842
2dde4842
2ddf4842
2de04841
2de14841
2de24841
2de34840
2de44840
2de5483f
2de6483f
2de7483f
2de8483e
2de9483d
2dea483d
2deb483d
2dec483c
2ded483c
2dee483c
2def483b
2df0483b
2df1483a
2df2483a
2df3483a
2df44839
2df54839
2df64839
2df74838
2df84838
2df94838
2dfa4837
2dfb4837
2dfc4837
2dfd4836
2dfe4835
2dff4835
2e004835
2e014834
2e024833
2e034833
2e044832
2e054831
2e064831
2e074830
2e08482f
2e09482f
2e0a482e
2e0b482d
2e0c482d
2e0d482d
2e0e482c
2e0f482b
2e10482b
2e11482a
2e124829
2e134829
2e144828
2e154828
2e164827
2e174826
2e184826
2e194826
2e1a4825
2e1b4824
2e1c4824
2e1d4823
2e1e4823
2e1f4822
2e204822
2e214821
2e224821
2e234820
2e244820
2e25481f
2e26481f
2e27481e
2e28481e
2e29481d
2e2a481d
2e2b481d
2e2c481c
2e2d481c
2e2e481b
2e2f481b
2e30481a
2e31481a
2e324819
2e334819
2e344819
2e354818
2e364818
2e374817
2e384817
2e394817
2e3a4816
2e3b4816
2e3c4815
2e3d4815
2e3e4814
2e3f4814
2e404814
2e414813
2e424813
2e434813
2e444812
2e454812
2e464812
2e474811
2e484811
2e494810
2e4a4810
2e4b4810
2e4c480f
2e4d480f
2e4e480f
2e4f480e
2e50480e
2e51480e
2e52480d
2e53480d
2e54480d
2e55480c
2e56480c
2e57480c
2e58480b
2e59480b
2e5a480b
2e5b480a
2e5c480a
2e5d480a
2e5e4809
2e5f4809
2e604809
2e614809
2e624808
2e634808
2e644808
2e654807
2e664807
2e674807
2e684806
2e694806
2e6a4806
2e6b4805
2e6c4805
2e6d4805
2e6e4805
2e6f4804
2e704804
2e714804
2e724804
2e734803
2e744803
2e754803
2e764803
2e774802
2e784802
2e794802
2e7a4801
2e7b4801
2e7c4801
2e7d4801
2e7e4800
2e7f4800
2e8047ff
2e8147ff
2e8247fe
2e8347fc
2e8447fc
2e8547fb
2e8647fa
2e8747fa
2e8847f8
2e8947f7
2e8a47f7
2e8b47f5
2e8c47f4
2e8d47f4
2e8e47f3
2e8f47f2
2e9047f2
2e9147f0
2e9247ef
2e9347ef
2e9447ee
2e9547ed
2e9647ed
2e9747ec
2e9847ea
2e9947ea
2e9a47e9
2e9b47e8
2e9c47e8
2e9d47e7
2e9e47e6
2e9f47e6
2ea047e5
2ea147e4
2ea247e4
2ea347e3
2ea447e2
2ea547e2
2ea647e1
2ea747e0
2ea847e0
2ea947df
2eaa47de
2eab47de
2eac47dd
2ead47dc
2eae47dc
2eaf47db
2eb047da
2eb147da
2eb247d9
2eb347d8
2eb447d8
2eb547d7
2eb647d6
2eb747d6
2eb847d5
2eb947d5
2eba47d5
2ebb47d4
2ebc47d3
2ebd47d3
2ebe47d2
2ebf47d1
2ec047d1
2ec147d0
2ec247d0
2ec347d0
2ec447cf
2ec547ce
2ec647ce
2ec747cd
2ec847cc
2ec947cc
2eca47cc
2ecb47cb
2ecc47cb
2ecd47ca
2ece47c9
2ecf47c9
2ed047c9
2ed147c8
2ed247c8
2ed347c7
2ed447c7
2ed547c7
2ed647c6
2ed747c5
2ed847c5
2ed947c5
2eda47c4
2edb47c4
2edc47c3
2edd47c2
2ede47c2
2edf47c2
2ee047c1
2ee147c1
2ee247c1
2ee347c0
2ee447c0
2ee547bf
2ee647bf
2ee747bf
2ee847be
2ee947bd
2eea47bd
2eeb47bd
2eec47bc
2eed47bc
2eee47bc
2eef47bb
2ef047bb
2ef147ba
2ef247ba
2ef347ba
2ef447b9
2ef547b9
2ef647b9
2ef747b8
2ef847b8
2ef947b8
2efa47b7
2efb47b7
2efc47b7
2efd47b6
2efe47b5
2eff47b5
2f0047b5
2f0147b4
2f0247b3
2f0347b3
2f0447b2
2f0547b1
2f0647b1
2f0747b0
2f0847af
2f0947af
2f0a47ae
2f0b47ad
2f0c47ad
2f0d47ad
2f0e47ac
2f0f47ab
2f1047ab
2f1147aa
2f1247a9
2f1347a9
2f1447a8
2f1547a8
2f1647a7
2f1747a6
2f1847a6
2f1947a6
2f1a47a5
2f1b47a4
2f1c47a4
2f1d47a3
2f1e47a3
2f1f47a2
2f2047a2
2f2147a1
2f2247a1
2f2347a0
2f2447a0
2f25479f
2f26479f
2f27479e
2f28479e
2f29479d
2f2a479d
2f2b479d
2f2c479c
2f2d479c
2f2e479b
2f2f479b
2f30479a
2f31479a
2f324799
2f334799
2f344799
2f354798
2f364798
2f374797
2f384797
2f394797
2f3a4796
2f3b4796
2f3c4795
2f3d4795
2f3e4794
2f3f4794
2f404794
2f414793
2f424793
2f434793
2f444792
2f454792
2f464792
2f474791
2f484791
2f494790
2f4a4790
2f4b4790
2f4c478f
2f4d478f
2f4e478f
2f4f478e
2f50478e
2f51478e
2f52478d
2f53478d
2f54478d
2f55478c
2f56478c
2f57478c
2f58478b
2f59478b
2f5a478b
2f5b478a
2f5c478a
2f5d478a
2f5e4789
2f5f4789
2f604789
2f614789
2f624788
2f634788
2f644788
2f654787
2f664787
2f674787
2f684786
2f694786
2f6a4786
2f6b4785
2f6c4785
2f6d4785
2f6e4785
2f6f4784
2f704784
2f714784
2f724784
2f734783
2f744783
2f754783
2f764783
2f774782
2f784782
2f794782
2f7a4781
2f7b4781
2f7c4781
2f7d4781
2f7e4780
2f7f4780
2f80477f
2f81477f
2f82477e
2f83477c
2f84477c
2f85477b
2f86477a
2f87477a
2f884778
2f894777
2f8a4777
2f8b4775
2f8c4774
2f8d4774
2f8e4773
2f8f4772
2f904772
2f914770
2f92476f
2f93476f
2f94476e
2f95476d
2f96476d
2f97476c
2f98476a
2f99476a
2f9a4769
2f9b4768
2f9c4768
2f9d4767
2f9e4766
2f9f4766
2fa04765
2fa14764
2fa24764
2fa34763
2fa44762
2fa54762
2fa64761
2fa74760
2fa84760
2fa9475f
2faa475e
2fab475e
2fac475d
2fad475c
2fae475c
2faf475b
2fb0475a
2fb1475a
2fb24759
2fb34758
2fb44758
2fb54757
2fb64756
2fb74756
2fb84755
2fb94755
2fba4755
2fbb4754
2fbc4753
2fbd4753
2fbe4752
2fbf4751
2fc04751
2fc14750
2fc24750
2fc34750
2fc4474f
2fc5474e
2fc6474e
2fc7474d
2fc8474c
2fc9474c
2fca474c
2fcb474b
2fcc474b
2fcd474a
2fce4749
2fcf4749
2fd04749
2fd14748
2fd24748
2fd34747
2fd44747
2fd54747
2fd64746
2fd74745
2fd84745
2fd94745
2fda4744
2fdb4744
2fdc4743
2fdd4742
2fde4742
2fdf4742
2fe04741
2fe14741
2fe24741
2fe34740
2fe44740
2fe5473f
2fe6473f
2fe7473f
2fe8473e
2fe9473d
2fea473d
2feb473d
2fec473c
2fed473c
2fee473c
2fef473b
2ff0473b
2ff1473a
2ff2473a
2ff3473a
2ff44739
2ff54739
2ff64739
2ff74738
2ff84738
2ff94738
2ffa4737
2ffb4737
2ffc4737
2ffd4736
2ffe4735
2fff4735
30004735
30014734
30024733
30034733
30044732
30054731
30064731
30074730
3008472f
3009472f
300a472e
300b472d
300c472d
300d472d
300e472c
300f472b
3010472b
3011472a
30124729
30134729
30144728
30154728
30164727
30174726
30184726
30194726
301a4725
301b4724
301c4724
301d4723
301e4723
301f4722
30204722
30214721
30224721
30234720
30244720
3025471f
3026471f
3027471e
3028471e
3029471d
302a471d
302b471d
302c471c
302d471c
302e471b
302f471b
3030471a
3031471a
30324719
30334719
30344719
30354718
30364718
30374717
30384717
30394717
303a4716
303b4716
303c4715
303d4715
303e4714
303f4714
30404714
30414713
30424713
30434713
30444712
30454712
30464712
30474711
30484711
30494710
304a4710
304b4710
304c470f
304d470f
304e470f
304f470e
3050470e
3051470e
3052470d
3053470d
3054470d
3055470c
3056470c
3057470c
3058470b
3059470b
305a470b
305b470a
305c470a
305d470a
305e4709
305f4709
30604709
30614709
30624708
30634708
30644708
30654707
30664707
30674707
30684706
30694706
306a4706
306b4705
306c4705
306d4705
306e4705
306f4704
30704704
30714704
30724704
30734703
30744703
30754703
30764703
30774702
30784702
30794702
307a4701
307b4701
307c4701
307d4701
307e4700
307f4700
308046ff
308146ff
308246fe
308346fc
308446fc
308546fb
308646fa
308746fa
308846f8
308946f7
308a46f7
308b46f5
308c46f4
308d46f4
308e46f3
308f46f2
309046f2
309146f0
309246ef
309346ef
309446ee
309546ed
309646ed
309746ec
309846ea
309946ea
309a46e9
309b46e8
309c46e8
309d46e7
309e46e6
309f46e6
30a046e5
30a146e4
30a246e4
30a346e3
30a446e2
30a546e2
30a646e1
30a746e0
30a846e0
30a946df
30aa46de
30ab46de
30ac46dd
30ad46dc
30ae46dc
30af46db
30b046da
30b146da
30b246d9
30b346d8
30b446d8
30b546d7
30b646d6
30b746d6
30b846d5
30b946d5
30ba46d5
30bb46d4
30bc46d3
30bd46d3
30be46d2
30bf46d1
30c046d1
30c146d0
30c246d0
30c346d0
30c446cf
30c546ce
30c646ce
30c746cd
30c846cc
30c946cc
30ca46cc
30cb46cb
30cc46cb
30cd46ca
30ce46c9
30cf46c9
30d046c9
30d146c8
30d246c8
30d346c7
30d446c7
30d546c7
30d646c6
30d746c5
30d846c5
30d946c5
30da46c4
30db46c4
30dc46c3
30dd46c2
30de46c2
30df46c2
30e046c1
30e146c1
30e246c1
30e346c0
30e446c0
30e546bf
30e646bf
30e746bf
30e846be
30e946bd
30ea46bd
30eb46bd
30ec46bc
30ed46bc
30ee46bc
30ef46bb
30f046bb
30f146ba
30f246ba
30f346ba
30f446b9
30f546b9
30f646b9
30f746b8
30f846b8
30f946b8
30fa46b7
30fb46b7
30fc46b7
30fd46b6
30fe46b5
30ff46b5
310046b5
310146b4
310246b3
310346b3
310446b2
310546b1
310646b1
310746b0
310846af
310946af
310a46ae
310b46ad
310c46ad
310d46ad
310e46ac
310f46ab
311046ab
311146aa
311246a9
311346a9
311446a8
311546a8
311646a7
311746a6
311846a6
311946a6
311a46a5
311b46a4
311c46a4
311d46a3
311e46a3
311f46a2
312046a2
312146a1
312246a1
312346a0
312446a0
3125469f
3126469f
3127469e
3128469e
3129469d
312a469d
312b469d
312c469c
312d469c
312e469b
312f469b
3130469a
3131469a
31324699
31334699
31344699
31354698
31364698
31374697
31384697
31394697
313a4696
313b4696
313c4695
313d4695
313e4694
313f4694
31404694
31414693
31424693
31434693
31444692
31454692
31464692
31474691
31484691
31494690
314a4690
314b4690
314c468f
314d468f
314e468f
314f468e
3150468e
3151468e
3152468d
3153468d
3154468d
3155468c
3156468c
3157468c
3158468b
3159468b
315a468b
315b468a
315c468a
315d468a
315e4689
315f4689
31604689
31614689
31624688
31634688
31644688
31654687
31664687
31674687
31684686
31694686
316a4686
316b4685
316c4685
316d4685
316e4685
316f4684
31704684
31714684
31724684
31734683
31744683
31754683
31764683
31774682
31784682
31794682
317a4681
317b4681
317c4681
317d4681
317e4680
317f4680
3180467f
3181467f
3182467e
3183467c
3184467c
3185467b
3186467a
3187467a
31884678
31894677
318a4677
318b4675
318c4674
318d4674
318e4673
318f4672
31904672
31914670
3192466f
3193466f
3194466e
3195466d
3196466d
3197466c
3198466a
3199466a
319a4669
319b4668
319c4668
319d4667
319e4666
319f4666
31a04665
31a14664
31a24664
31a34663
31a44662
31a54662
31a64661
31a74660
31a84660
31a9465f
31aa465e
31ab465e
31ac465d
31ad465c
31ae465c
31af465b
31b0465a
31b1465a
31b24659
31b34658
31b44658
31b54657
31b64656
31b74656
31b84655
31b94655
31ba4655
31bb4654
31bc4653
31bd4653
31be4652
31bf4651
31c04651
31c14650
31c24650
31c34650
31c4464f
31c5464e
31c6464e
31c7464d
31c8464c
31c9464c
31ca464c
31cb464b
31cc464b
31cd464a
31ce4649
31cf4649
31d04649
31d14648
31d24648
31d34647
31d44647
31d54647
31d64646
31d74645
31d84645
31d94645
31da4644
31db4644
31dc4643
31dd4642
31de4642
31df4642
31e04641
31e14641
31e24641
31e34640
31e44640
31e5463f
31e6463f
31e7463f
31e8463e
31e9463d
31ea463d
31eb463d
31ec463c
31ed463c
31ee463c
31ef463b
31f0463b
31f1463a
31f2463a
31f3463a
31f44639
31f54639
31f64639
31f74638
31f84638
31f94638
31fa4637
31fb4637
31fc4637
31fd4636
31fe4635
31ff4635
32004635
32014634
32024633
32034633
32044632
32054631
32064631
32074630
3208462f
3209462f
320a462e
320b462d
320c462d
320d462d
320e462c
320f462b
3210462b
3211462a
32124629
32134629
32144628
32154628
32164627
32174626
32184626
32194626
321a4625
321b4624
321c4624
321d4623
321e4623
321f4622
32204622
32214621
32224621
32234620
32244620
3225461f
3226461f
3227461e
3228461e
3229461d
322a461d
322b461d
322c461c
322d461c
322e461b
322f461b
3230461a
3231461a
32324619
32334619
32344619
32354618
32364618
32374617
32384617
32394617
323a4616
323b4616
323c4615
323d4615
323e4614
323f4614
32404614
32414613
32424613
32434613
32444612
32454612
32464612
32474611
32484611
32494610
324a4610
324b4610
324c460f
324d460f
324e460f
324f460e
3250460e
3251460e
3252460d
3253460d
3254460d
3255460c
3256460c
3257460c
3258460b
3259460b
325a460b
325b460a
325c460a
325d460a
325e4609
325f4609
32604609
32614609
32624608
32634608
32644608
32654607
32664607
32674607
32684606
32694606
326a4606
326b4605
326c4605
326d4605
326e4605
326f4604
32704604
32714604
32724604
32734603
32744603
32754603
32764603
32774602
32784602
32794602
327a4601
327b4601
327c4601
327d4601
327e4600
327f4600
328045ff
328145ff
328245fe
328345fc
328445fc
328545fb
328645fa
328745fa
328845f8
328945f7
328a45f7
328b45f5
328c45f4
328d45f4
328e45f3
328f45f2
329045f2
329145f0
329245ef
329345ef
329445ee
329545ed
329645ed
329745ec
329845ea
329945ea
329a45e9
329b45e8
329c45e8
329d45e7
329e45e6
329f45e6
32a045e5
32a145e4
32a245e4
32a345e3
32a445e2
32a545e2
32a645e1
32a745e0
32a845e0
32a945df
32aa45de
32ab45de
32ac45dd
32ad45dc
32ae45dc
32af45db
32b045da
32b145da
32b245d9
32b345d8
32b445d8
32b545d7
32b645d6
32b745d6
32b845d5
32b945d5
32ba45d5
32bb45d4
32bc45d3
32bd45d3
32be45d2
32bf45d1
32c045d1
32c145d0
32c245d0
32c345d0
32c445cf
32c545ce
32c645ce
32c745cd
32c845cc
32c945cc
32ca45cc
32cb45cb
32cc45cb
32cd45ca
32ce45c9
32cf45c9
32d045c9
32d145c8
32d245c8
32d345c7
32d445c7
32d545c7
32d645c6
32d745c5
32d845c5
32d945c5
32da45c4
32db45c4
32dc45c3
32dd45c2
32de45c2
32df45c2
32e045c1
32e145c1
32e245c1
32e345c0
32e445c0
32e545bf
32e645bf
32e745bf
32e845be
32e945bd
32ea45bd
32eb45bd
32ec45bc
32ed45bc
32ee45bc
32ef45bb
32f045bb
32f145ba
32f245ba
32f345ba
32f445b9
32f545b9
32f645b9
32f745b8
32f845b8
32f945b8
32fa45b7
32fb45b7
32fc45b7
32fd45b6
32fe45b5
32ff45b5
330045b5
330145b4
330245b3
330345b3
330445b2
330545b1
330645b1
330745b0
330845af
330945af
330a45ae
330b45ad
330c45ad
330d45ad
330e45ac
330f45ab
331045ab
331145aa
331245a9
331345a9
331445a8
331545a8
331645a7
331745a6
331845a6
331945a6
331a45a5
331b45a4
331c45a4
331d45a3
331e45a3
331f45a2
332045a2
332145a1
332245a1
332345a0
332445a0
3325459f
3326459f
3327459e
3328459e
3329459d
332a459d
332b459d
332c459c
332d459c
332e459b
332f459b
3330459a
3331459a
33324599
33334599
33344599
33354598
33364598
33374597
33384597
33394597
333a4596
333b4596
333c4595
333d4595
333e4594
333f4594
33404594
33414593
33424593
33434593
33444592
33454592
33464592
33474591
33484591
33494590
334a4590
334b4590
334c458f
334d458f
334e458f
334f458e
3350458e
3351458e
3352458d
3353458d
3354458d
3355458c
3356458c
3357458c
3358458b
3359458b
335a458b
335b458a
335c458a
335d458a
335e4589
335f4589
33604589
33614589
33624588
33634588
33644588
33654587
33664587
33674587
33684586
33694586
336a4586
336b4585
336c4585
336d4585
336e4585
336f4584
33704584
33714584
33724584
33734583
33744583
33754583
33764583
33774582
33784582
33794582
337a4581
337b4581
337c4581
337d4581
337e4580
337f4580
3380457f
3381457f
3382457e
3383457c
3384457c
3385457b
3386457a
3387457a
33884578
33894577
338a4577
338b4575
338c4574
338d4574
338e4573
338f4572
33904572
33914570
3392456f
3393456f
3394456e
3395456d
3396456d
3397456c
3398456a
3399456a
339a4569
339b4568
339c4568
339d4567
339e4566
339f4566
33a04565
33a14564
33a24564
33a34563
33a44562
33a54562
33a64561
33a74560
33a84560
33a9455f
33aa455e
33ab455e
33ac455d
33ad455c
33ae455c
33af455b
33b0455a
33b1455a
33b24559
33b34558
33b44558
33b54557
33b64556
33b74556
33b84555
33b94555
33ba4555
33bb4554
33bc4553
33bd4553
33be4552
33bf4551
33c04551
33c14550
33c24550
33c34550
33c4454f
33c5454e
33c6454e
33c7454d
33c8454c
33c9454c
33ca454c
33cb454b
33cc454b
33cd454a
33ce4549
33cf4549
33d04549
33d14548
33d24548
33d34547
33d44547
33d54547
33d64546
33d74545
33d84545
33d94545
33da4544
33db4544
33dc4543
33dd4542
33de4542
33df4542
33e04541
33e14541
33e24541
33e34540
33e44540
33e5453f
33e6453f
33e7453f
33e8453e
33e9453d
33ea453d
33eb453d
33ec453c
33ed453c
33ee453c
33ef453b
33f0453b
33f1453a
33f2453a
33f3453a
33f44539
33f54539
33f64539
33f74538
33f84538
33f94538
33fa4537
33fb4537
33fc4537
33fd4536
33fe4535
33ff4535
34004535
34014534
34024533
34034533
34044532
34054531
34064531
34074530
3408452f
3409452f
340a452e
340b452d
340c452d
340d452d
340e452c
340f452b
3410452b
3411452a
34124529
34134529
34144528
34154528
34164527
34174526
34184526
34194526
341a4525
341b4524
341c4524
341d4523
341e4523
341f4522
34204522
34214521
34224521
34234520
34244520
3425451f
3426451f
3427451e
3428451e
3429451d
342a451d
342b451d
342c451c
342d451c
342e451b
342f451b
3430451a
3431451a
34324519
34334519
34344519
34354518
34364518
34374517
34384517
34394517
343a4516
343b4516
343c4515
343d4515
343e4514
343f4514
34404514
34414513
34424513
34434513
34444512
34454512
34464512
34474511
34484511
34494510
344a4510
344b4510
344c450f
344d450f
344e450f
344f450e
3450450e
3451450e
3452450d
3453450d
3454450d
3455450c
3456450c
3457450c
3458450b
3459450b
345a450b
345b450a
345c450a
345d450a
345e4509
345f4509
34604509
34614509
34624508
34634508
34644508
34654507
34664507
34674507
34684506
34694506
346a4506
346b4505
346c4505
346d4505
346e4505
346f4504
34704504
34714504
34724504
34734503
34744503
34754503
34764503
34774502
34784502
34794502
347a4501
347b4501
347c4501
347d4501
347e4500
347f4500
348044ff
348144ff
348244fe
348344fc
348444fc
348544fb
348644fa
348744fa
348844f8
348944f7
348a44f7
348b44f5
348c44f4
348d44f4
348e44f3
348f44f2
349044f2
349144f0
349244ef
349344ef
349444ee
349544ed
349644ed
349744ec
349844ea
349944ea
349a44e9
349b44e8
349c44e8
349d44e7
349e44e6
349f44e6
34a044e5
34a144e4
34a244e4
34a344e3
34a444e2
34a544e2
34a644e1
34a744e0
34a844e0
34a944df
34aa44de
34ab44de
34ac44dd
34ad44dc
34ae44dc
34af44db
34b044da
34b144da
34b244d9
34b344d8
34b444d8
34b544d7
34b644d6
34b744d6
34b844d5
34b944d5
34ba44d5
34bb44d4
34bc44d3
34bd44d3
34be44d2
34bf44d1
34c044d1
34c144d0
34c244d0
34c344d0
34c444cf
34c544ce
34c644ce
34c744cd
34c844cc
34c944cc
34ca44cc
34cb44cb
34cc44cb
34cd44ca
34ce44c9
34cf44c9
34d044c9
34d144c8
34d244c8
34d344c7
34d444c7
34d544c7
34d644c6
34d744c5
34d844c5
34d944c5
34da44c4
34db44c4
34dc44c3
34dd44c2
34de44c2
34df44c2
34e044c1
34e144c1
34e244c1
34e344c0
34e444c0
34e544bf
34e644bf
34e744bf
34e844be
34e944bd
34ea44bd
34eb44bd
34ec44bc
34ed44bc
34ee44bc
34ef44bb
34f044bb
34f144ba
34f244ba
34f344ba
34f444b9
34f544b9
34f644b9
34f744b8
34f844b8
34f944b8
34fa44b7
34fb44b7
34fc44b7
34fd44b6
34fe44b5
34ff44b5
350044b5
350144b4
350244b3
350344b3
350444b2
350544b1
350644b1
350744b0
350844af
350944af
350a44ae
350b44ad
350c44ad
350d44ad
350e44ac
350f44ab
351044ab
351144aa
351244a9
351344a9
351444a8
351544a8
351644a7
351744a6
351844a6
351944a6
351a44a5
351b44a4
351c44a4
351d44a3
351e44a3
351f44a2
352044a2
352144a1
352244a1
352344a0
352444a0
3525449f
3526449f
3527449e
3528449e
3529449d
352a449d
352b449d
352c449c
352d449c
352e449b
352f449b
3530449a
3531449a
35324499
35334499
35344499
35354498
35364498
35374497
35384497
35394497
353a4496
353b4496
353c4495
353d4495
353e4494
353f4494
35404494
35414493
35424493
35434493
35444492
35454492
35464492
35474491
35484491
35494490
354a4490
354b4490
354c448f
354d448f
354e448f
354f448e
3550448e
3551448e
3552448d
3553448d
3554448d
3555448c
3556448c
3557448c
3558448b
3559448b
355a448b
355b448a
355c448a
355d448a
355e4489
355f4489
35604489
35614489
35624488
35634488
35644488
35654487
35664487
35674487
35684486
35694486
356a4486
356b4485
356c4485
356d4485
356e4485
356f4484
35704484
35714484
35724484
35734483
35744483
35754483
35764483
35774482
35784482
35794482
357a4481
357b4481
357c4481
357d4481
357e4480
357f4480
3580447f
3581447f
3582447e
3583447c
3584447c
3585447b
3586447a
3587447a
35884478
35894477
358a4477
358b4475
358c4474
358d4474
358e4473
358f4472
35904472
35914470
3592446f
3593446f
3594446e
3595446d
3596446d
3597446c
3598446a
3599446a
359a4469
359b4468
359c4468
359d4467
359e4466
359f4466
35a04465
35a14464
35a24464
35a34463
35a44462
35a54462
35a64461
35a74460
35a84460
35a9445f
35aa445e
35ab445e
35ac445d
35ad445c
35ae445c
35af445b
35b0445a
35b1445a
35b24459
35b34458
35b44458
35b54457
35b64456
35b74456
35b84455
35b94455
35ba4455
35bb4454
35bc4453
35bd4453
35be4452
35bf4451
35c04451
35c14450
35c24450
35c34450
35c4444f
35c5444e
35c6444e
35c7444d
35c8444c
35c9444c
35ca444c
35cb444b
35cc444b
35cd444a
35ce4449
35cf4449
35d04449
35d14448
35d24448
35d34447
35d44447
35d54447
35d64446
35d74445
35d84445
35d94445
35da4444
35db4444
35dc4443
35dd4442
35de4442
35df4442
35e04441
35e14441
35e24441
35e34440
35e44440
35e5443f
35e6443f
35e7443f
35e8443e
35e9443d
35ea443d
35eb443d
35ec443c
35ed443c
35ee443c
35ef443b
35f0443b
35f1443a
35f2443a
35f3443a
35f44439
35f54439
35f64439
35f74438
35f84438
35f94438
35fa4437
35fb4437
35fc4437
35fd4436
35fe4435
35ff4435
36004435
36014434
36024433
36034433
36044432
36054431
36064431
36074430
3608442f
3609442f
360a442e
360b442d
360c442d
360d442d
360e442c
360f442b
3610442b
3611442a
36124429
36134429
36144428
36154428
36164427
36174426
36184426
36194426
361a4425
361b4424
361c4424
361d4423
361e4423
361f4422
36204422
36214421
36224421
36234420
36244420
3625441f
3626441f
3627441e
3628441e
3629441d
362a441d
362b441d
362c441c
362d441c
362e441b
362f441b
3630441a
3631441a
36324419
36334419
36344419
36354418
36364418
36374417
36384417
36394417
363a4416
363b4416
363c4415
363d4415
363e4414
363f4414
36404414
36414413
36424413
36434413
36444412
36454412
36464412
36474411
36484411
36494410
364a4410
364b4410
364c440f
364d440f
364e440f
364f440e
3650440e
3651440e
3652440d
3653440d
3654440d
3655440c
3656440c
3657440c
3658440b
3659440b
365a440b
365b440a
365c440a
365d440a
365e4409
365f4409
36604409
36614409
36624408
36634408
36644408
36654407
36664407
36674407
36684406
36694406
366a4406
366b4405
366c4405
366d4405
366e4405
366f4404
36704404
36714404
36724404
36734403
36744403
36754403
36764403
36774402
36784402
36794402
367a4401
367b4401
367c4401
367d4401
367e4400
367f4400
368043ff
368143ff
368243fe
368343fc
368443fc
368543fb
368643fa
368743fa
368843f8
368943f7
368a43f7
368b43f5
368c43f4
368d43f4
368e43f3
368f43f2
369043f2
369143f0
369243ef
369343ef
369443ee
369543ed
369643ed
369743ec
369843ea
369943ea
369a43e9
369b43e8
369c43e8
369d43e7
369e43e6
369f43e6
36a043e5
36a143e4
36a243e4
36a343e3
36a443e2
36a543e2
36a643e1
36a743e0
36a843e0
36a943df
36aa43de
36ab43de
36ac43dd
36ad43dc
36ae43dc
36af43db
36b043da
36b143da
36b243d9
36b343d8
36b443d8
36b543d7
36b643d6
36b743d6
36b843d5
36b943d5
36ba43d5
36bb43d4
36bc43d3
36bd43d3
36be43d2
36bf43d1
36c043d1
36c143d0
36c243d0
36c343d0
36c443cf
36c543ce
36c643ce
36c743cd
36c843cc
36c943cc
36ca43cc
36cb43cb
36cc43cb
36cd43ca
36ce43c9
36cf43c9
36d043c9
36d143c8
36d243c8
36d343c7
36d443c7
36d543c7
36d643c6
36d743c5
36d843c5
36d943c5
36da43c4
36db43c4
36dc43c3
36dd43c2
36de43c2
36df43c2
36e043c1
36e143c1
36e243c1
36e343c0
36e443c0
36e543bf
36e643bf
36e743bf
36e843be
36e943bd
36ea43bd
36eb43bd
36ec43bc
36ed43bc
36ee43bc
36ef43bb
36f043bb
36f143ba
36f243ba
36f343ba
36f443b9
36f543b9
36f643b9
36f743b8
36f843b8
36f943b8
36fa43b7
36fb43b7
36fc43b7
36fd43b6
36fe43b5
36ff43b5
370043b5
370143b4
370243b3
370343b3
370443b2
370543b1
370643b1
370743b0
370843af
370943af
370a43ae
370b43ad
370c43ad
370d43ad
370e43ac
370f43ab
371043ab
371143aa
371243a9
371343a9
371443a8
371543a8
371643a7
371743a6
371843a6
371943a6
371a43a5
371b43a4
371c43a4
371d43a3
371e43a3
371f43a2
372043a2
372143a1
372243a1
372343a0
372443a0
3725439f
3726439f
3727439e
3728439e
3729439d
372a439d
372b439d
372c439c
372d439c
372e439b
372f439b
3730439a
3731439a
37324399
37334399
37344399
37354398
37364398
37374397
37384397
37394397
373a4396
373b4396
373c4395
373d4395
373e4394
373f4394
37404394
37414393
37424393
37434393
37444392
37454392
37464392
37474391
37484391
37494390
374a4390
374b4390
374c438f
374d438f
374e438f
374f438e
3750438e
3751438e
3752438d
3753438d
3754438d
3755438c
3756438c
3757438c
3758438b
3759438b
375a438b
375b438a
375c438a
375d438a
375e4389
375f4389
37604389
37614389
37624388
37634388
37644388
37654387
37664387
37674387
37684386
37694386
376a4386
376b4385
376c4385
376d4385
376e4385
376f4384
37704384
37714384
37724384
37734383
37744383
37754383
37764383
37774382
37784382
37794382
377a4381
377b4381
377c4381
377d4381
377e4380
377f4380
3780437f
3781437f
3782437e
3783437c
3784437c
3785437b
3786437a
3787437a
37884378
37894377
378a4377
378b4375
378c4374
378d4374
378e4373
378f4372
37904372
37914370
3792436f
3793436f
3794436e
3795436d
3796436d
3797436c
3798436a
3799436a
379a4369
379b4368
379c4368
379d4367
379e4366
379f4366
37a04365
37a14364
37a24364
37a34363
37a44362
37a54362
37a64361
37a74360
37a84360
37a9435f
37aa435e
37ab435e
37ac435d
37ad435c
37ae435c
37af435b
37b0435a
37b1435a
37b24359
37b34358
37b44358
37b54357
37b64356
37b74356
37b84355
37b94355
37ba4355
37bb4354
37bc4353
37bd4353
37be4352
37bf4351
37c04351
37c14350
37c24350
37c34350
37c4434f
37c5434e
37c6434e
37c7434d
37c8434c
37c9434c
37ca434c
37cb434b
37cc434b
37cd434a
37ce4349
37cf4349
37d04349
37d14348
37d24348
37d34347
37d44347
37d54347
37d64346
37d74345
37d84345
37d94345
37da4344
37db4344
37dc4343
37dd4342
37de4342
37df4342
37e04341
37e14341
37e24341
37e34340
37e44340
37e5433f
37e6433f
37e7433f
37e8433e
37e9433d
37ea433d
37eb433d
37ec433c
37ed433c
37ee433c
37ef433b
37f0433b
37f1433a
37f2433a
37f3433a
37f44339
37f54339
37f64339
37f74338
37f84338
37f94338
37fa4337
37fb4337
37fc4337
37fd4336
37fe4335
37ff4335
38004335
38014334
38024333
38034333
38044332
38054331
38064331
38074330
3808432f
3809432f
380a432e
380b432d
380c432d
380d432d
380e432c
380f432b
3810432b
3811432a
38124329
38134329
38144328
38154328
38164327
38174326
38184326
38194326
381a4325
381b4324
381c4324
381d4323
381e4323
381f4322
38204322
38214321
38224321
38234320
38244320
3825431f
3826431f
3827431e
3828431e
3829431d
382a431d
382b431d
382c431c
382d431c
382e431b
382f431b
3830431a
3831431a
38324319
38334319
38344319
38354318
38364318
38374317
38384317
38394317
383a4316
383b4316
383c4315
383d4315
383e4314
383f4314
38404314
38414313
38424313
38434313
38444312
38454312
38464312
38474311
38484311
38494310
384a4310
384b4310
384c430f
384d430f
384e430f
384f430e
3850430e
3851430e
3852430d
3853430d
3854430d
3855430c
3856430c
3857430c
3858430b
3859430b
385a430b
385b430a
385c430a
385d430a
385e4309
385f4309
38604309
38614309
38624308
38634308
38644308
38654307
38664307
38674307
38684306
38694306
386a4306
386b4305
386c4305
386d4305
386e4305
386f4304
38704304
38714304
38724304
38734303
38744303
38754303
38764303
38774302
38784302
38794302
387a4301
387b4301
387c4301
387d4301
387e4300
387f4300
388042ff
388142ff
388242fe
388342fc
388442fc
388542fb
388642fa
388742fa
388842f8
388942f7
388a42f7
388b42f5
388c42f4
388d42f4
388e42f3
388f42f2
389042f2
389142f0
389242ef
389342ef
389442ee
389542ed
389642ed
389742ec
389842ea
389942ea
389a42e9
389b42e8
389c42e8
389d42e7
389e42e6
389f42e6
38a042e5
38a142e4
38a242e4
38a342e3
38a442e2
38a542e2
38a642e1
38a742e0
38a842e0
38a942df
38aa42de
38ab42de
38ac42dd
38ad42dc
38ae42dc
38af42db
38b042da
38b142da
38b242d9
38b342d8
38b442d8
38b542d7
38b642d6
38b742d6
38b842d5
38b942d5
38ba42d5
38bb42d4
38bc42d3
38bd42d3
38be42d2
38bf42d1
38c042d1
38c142d0
38c242d0
38c342d0
38c442cf
38c542ce
38c642ce
38c742cd
38c842cc
38c942cc
38ca42cc
38cb42cb
38cc42cb
38cd42ca
38ce42c9
38cf42c9
38d042c9
38d142c8
38d242c8
38d342c7
38d442c7
38d542c7
38d642c6
38d742c5
38d842c5
38d942c5
38da42c4
38db42c4
38dc42c3
38dd42c2
38de42c2
38df42c2
38e042c1
38e142c1
38e242c1
38e342c0
38e442c0
38e542bf
38e642bf
38e742bf
38e842be
38e942bd
38ea42bd
38eb42bd
38ec42bc
38ed42bc
38ee42bc
38ef42bb
38f042bb
38f142ba
38f242ba
38f342ba
38f442b9
38f542b9
38f642b9
38f742b8
38f842b8
38f942b8
38fa42b7
38fb42b7
38fc42b7
38fd42b6
38fe42b5
38ff42b5
390042b5
390142b4
390242b3
390342b3
390442b2
390542b1
390642b1
390742b0
390842af
390942af
390a42ae
390b42ad
390c42ad
390d42ad
390e42ac
390f42ab
391042ab
391142aa
391242a9
391342a9
391442a8
391542a8
391642a7
391742a6
391842a6
391942a6
391a42a5
391b42a4
391c42a4
391d42a3
391e42a3
391f42a2
392042a2
392142a1
392242a1
392342a0
392442a0
3925429f
3926429f
3927429e
3928429e
3929429d
392a429d
392b429d
392c429c
392d429c
392e429b
392f429b
3930429a
3931429a
39324299
39334299
39344299
39354298
39364298
39374297
39384297
39394297
393a4296
393b4296
393c4295
393d4295
393e4294
393f4294
39404294
39414293
39424293
39434293
39444292
39454292
39464292
39474291
39484291
39494290
394a4290
394b4290
394c428f
394d428f
394e428f
394f428e
3950428e
3951428e
3952428d
3953428d
3954428d
3955428c
3956428c
3957428c
3958428b
3959428b
395a428b
395b428a
395c428a
395d428a
395e4289
395f4289
39604289
39614289
39624288
39634288
39644288
39654287
39664287
39674287
39684286
39694286
396a4286
396b4285
396c4285
396d4285
396e4285
396f4284
39704284
39714284
39724284
39734283
39744283
39754283
39764283
39774282
39784282
39794282
397a4281
397b4281
397c4281
397d4281
397e4280
397f4280
3980427f
3981427f
3982427e
3983427c
3984427c
3985427b
3986427a
3987427a
39884278
39894277
398a4277
398b4275
398c4274
398d4274
398e4273
398f4272
39904272
39914270
3992426f
3993426f
3994426e
3995426d
3996426d
3997426c
3998426a
3999426a
399a4269
399b4268
399c4268
399d4267
399e4266
399f4266
39a04265
39a14264
39a24264
39a34263
39a44262
39a54262
39a64261
39a74260
39a84260
39a9425f
39aa425e
39ab425e
39ac425d
39ad425c
39ae425c
39af425b
39b0425a
39b1425a
39b24259
39b34258
39b44258
39b54257
39b64256
39b74256
39b84255
39b94255
39ba4255
39bb4254
39bc4253
39bd4253
39be4252
39bf4251
39c04251
39c14250
39c24250
39c34250
39c4424f
39c5424e
39c6424e
39c7424d
39c8424c
39c9424c
39ca424c
39cb424b
39cc424b
39cd424a
39ce4249
39cf4249
39d04249
39d14248
39d24248
39d34247
39d44247
39d54247
39d64246
39d74245
39d84245
39d94245
39da4244
39db4244
39dc4243
39dd4242
39de4242
39df4242
39e04241
39e14241
39e24241
39e34240
39e44240
39e5423f
39e6423f
39e7423f
39e8423e
39e9423d
39ea423d
39eb423d
39ec423c
39ed423c
39ee423c
39ef423b
39f0423b
39f1423a
39f2423a
39f3423a
39f44239
39f54239
39f64239
39f74238
39f84238
39f94238
39fa4237
39fb4237
39fc4237
39fd4236
39fe4235
39ff4235
3a004235
3a014234
3a024233
3a034233
3a044232
3a054231
3a064231
3a074230
3a08422f
3a09422f
3a0a422e
3a0b422d
3a0c422d
3a0d422d
3a0e422c
3a0f422b
3a10422b
3a11422a
3a124229
3a134229
3a144228
3a154228
3a164227
3a174226
3a184226
3a194226
3a1a4225
3a1b4224
3a1c4224
3a1d4223
3a1e4223
3a1f4222
3a204222
3a214221
3a224221
3a234220
3a244220
3a25421f
3a26421f
3a27421e
3a28421e
3a29421d
3a2a421d
3a2b421d
3a2c421c
3a2d421c
3a2e421b
3a2f421b
3a30421a
3a31421a
3a324219
3a334219
3a344219
3a354218
3a364218
3a374217
3a384217
3a394217
3a3a4216
3a3b4216
3a3c4215
3a3d4215
3a3e4214
3a3f4214
3a404214
3a414213
3a424213
3a434213
3a444212
3a454212
3a464212
3a474211
3a484211
3a494210
3a4a4210
3a4b4210
3a4c420f
3a4d420f
3a4e420f
3a4f420e
3a50420e
3a51420e
3a52420d
3a53420d
3a54420d
3a55420c
3a56420c
3a57420c
3a58420b
3a59420b
3a5a420b
3a5b420a
3a5c420a
3a5d420a
3a5e4209
3a5f4209
3a604209
3a614209
3a624208
3a634208
3a644208
3a654207
3a664207
3a674207
3a684206
3a694206
3a6a4206
3a6b4205
3a6c4205
3a6d4205
3a6e4205
3a6f4204
3a704204
3a714204
3a724204
3a734203
3a744203
3a754203
3a764203
3a774202
3a784202
3a794202
3a7a4201
3a7b4201
3a7c4201
3a7d4201
3a7e4200
3a7f4200
3a8041ff
3a8141ff
3a8241fe
3a8341fc
3a8441fc
3a8541fb
3a8641fa
3a8741fa
3a8841f8
3a8941f7
3a8a41f7
3a8b41f5
3a8c41f4
3a8d41f4
3a8e41f3
3a8f41f2
3a9041f2
3a9141f0
3a9241ef
3a9341ef
3a9441ee
3a9541ed
3a9641ed
3a9741ec
3a9841ea
3a9941ea
3a9a41e9
3a9b41e8
3a9c41e8
3a9d41e7
3a9e41e6
3a9f41e6
3aa041e5
3aa141e4
3aa241e4
3aa341e3
3aa441e2
3aa541e2
3aa641e1
3aa741e0
3aa841e0
3aa941df
3aaa41de
3aab41de
3aac41dd
3aad41dc
3aae41dc
3aaf41db
3ab041da
3ab141da
3ab241d9
3ab341d8
3ab441d8
3ab541d7
3ab641d6
3ab741d6
3ab841d5
3ab941d5
3aba41d5
3abb41d4
3abc41d3
3abd41d3
3abe41d2
3abf41d1
3ac041d1
3ac141d0
3ac241d0
3ac341d0
3ac441cf
3ac541ce
3ac641ce
3ac741cd
3ac841cc
3ac941cc
3aca41cc
3acb41cb
3acc41cb
3acd41ca
3ace41c9
3acf41c9
3ad041c9
3ad141c8
3ad241c8
3ad341c7
3ad441c7
3ad541c7
3ad641c6
3ad741c5
3ad841c5
3ad941c5
3ada41c4
3adb41c4
3adc41c3
3add41c2
3ade41c2
3adf41c2
3ae041c1
3ae141c1
3ae241c1
3ae341c0
3ae441c0
3ae541bf
3ae641bf
3ae741bf
3ae841be
3ae941bd
3aea41bd
3aeb41bd
3aec41bc
3aed41bc
3aee41bc
3aef41bb
3af041bb
3af141ba
3af241ba
3af341ba
3af441b9
3af541b9
3af641b9
3af741b8
3af841b8
3af941b8
3afa41b7
3afb41b7
3afc41b7
3afd41b6
3afe41b5
3aff41b5
3b0041b5
3b0141b4
3b0241b3
3b0341b3
3b0441b2
3b0541b1
3b0641b1
3b0741b0
3b0841af
3b0941af
3b0a41ae
3b0b41ad
3b0c41ad
3b0d41ad
3b0e41ac
3b0f41ab
3b1041ab
3b1141aa
3b1241a9
3b1341a9
3b1441a8
3b1541a8
3b1641a7
3b1741a6
3b1841a6
3b1941a6
3b1a41a5
3b1b41a4
3b1c41a4
3b1d41a3
3b1e41a3
3b1f41a2
3b2041a2
3b2141a1
3b2241a1
3b2341a0
3b2441a0
3b25419f
3b26419f
3b27419e
3b28419e
3b29419d
3b2a419d
3b2b419d
3b2c419c
3b2d419c
3b2e419b
3b2f419b
3b30419a
3b31419a
3b324199
3b334199
3b344199
3b354198
3b364198
3b374197
3b384197
3b394197
3b3a4196
3b3b4196
3b3c4195
3b3d4195
3b3e4194
3b3f4194
3b404194
3b414193
3b424193
3b434193
3b444192
3b454192
3b464192
3b474191
3b484191
3b494190
3b4a4190
3b4b4190
3b4c418f
3b4d418f
3b4e418f
3b4f418e
3b50418e
3b51418e
3b52418d
3b53418d
3b54418d
3b55418c
3b56418c
3b57418c
3b58418b
3b59418b
3b5a418b
3b5b418a
3b5c418a
3b5d418a
3b5e4189
3b5f4189
3b604189
3b614189
3b624188
3b634188
3b644188
3b654187
3b664187
3b674187
3b684186
3b694186
3b6a4186
3b6b4185
3b6c4185
3b6d4185
3b6e4185
3b6f4184
3b704184
3b714184
3b724184
3b734183
3b744183
3b754183
3b764183
3b774182
3b784182
3b794182
3b7a4181
3b7b4181
3b7c4181
3b7d4181
3b7e4180
3b7f4180
3b80417f
3b81417f
3b82417e
3b83417c
3b84417c
3b85417b
3b86417a
3b87417a
3b884178
3b894177
3b8a4177
3b8b4175
3b8c4174
3b8d4174
3b8e4173
3b8f4172
3b904172
3b914170
3b92416f
3b93416f
3b94416e
3b95416d
3b96416d
3b97416c
3b98416a
3b99416a
3b9a4169
3b9b4168
3b9c4168
3b9d4167
3b9e4166
3b9f4166
3ba04165
3ba14164
3ba24164
3ba34163
3ba44162
3ba54162
3ba64161
3ba74160
3ba84160
3ba9415f
3baa415e
3bab415e
3bac415d
3bad415c
3bae415c
3baf415b
3bb0415a
3bb1415a
3bb24159
3bb34158
3bb44158
3bb54157
3bb64156
3bb74156
3bb84155
3bb94155
3bba4155
3bbb4154
3bbc4153
3bbd4153
3bbe4152
3bbf4151
3bc04151
3bc14150
3bc24150
3bc34150
3bc4414f
3bc5414e
3bc6414e
3bc7414d
3bc8414c
3bc9414c
3bca414c
3bcb414b
3bcc414b
3bcd414a
3bce4149
3bcf4149
3bd04149
3bd14148
3bd24148
3bd34147
3bd44147
3bd54147
3bd64146
3bd74145
3bd84145
3bd94145
3bda4144
3bdb4144
3bdc4143
3bdd4142
3bde4142
3bdf4142
3be04141
3be14141
3be24141
3be34140
3be44140
3be5413f
3be6413f
3be7413f
3be8413e
3be9413d
3bea413d
3beb413d
3bec413c
3bed413c
3bee413c
3bef413b
3bf0413b
3bf1413a
3bf2413a
3bf3413a
3bf44139
3bf54139
3bf64139
3bf74138
3bf84138
3bf94138
3bfa4137
3bfb4137
3bfc4137
3bfd4136
3bfe4135
3bff4135
3c004135
3c014134
3c024133
3c034133
3c044132
3c054131
3c064131
3c074130
3c08412f
3c09412f
3c0a412e
3c0b412d
3c0c412d
3c0d412d
3c0e412c
3c0f412b
3c10412b
3c11412a
3c124129
3c134129
3c144128
3c154128
3c164127
3c174126
3c184126
3c194126
3c1a4125
3c1b4124
3c1c4124
3c1d4123
3c1e4123
3c1f4122
3c204122
3c214121
3c224121
3c234120
3c244120
3c25411f
3c26411f
3c27411e
3c28411e
3c29411d
3c2a411d
3c2b411d
3c2c411c
3c2d411c
3c2e411b
3c2f411b
3c30411a
3c31411a
3c324119
3c334119
3c344119
3c354118
3c364118
3c374117
3c384117
3c394117
3c3a4116
3c3b4116
3c3c4115
3c3d4115
3c3e4114
3c3f4114
3c404114
3c414113
3c424113
3c434113
3c444112
3c454112
3c464112
3c474111
3c484111
3c494110
3c4a4110
3c4b4110
3c4c410f
3c4d410f
3c4e410f
3c4f410e
3c50410e
3c51410e
3c52410d
3c53410d
3c54410d
3c55410c
3c56410c
3c57410c
3c58410b
3c59410b
3c5a410b
3c5b410a
3c5c410a
3c5d410a
3c5e4109
3c5f4109
3c604109
3c614109
3c624108
3c634108
3c644108
3c654107
3c664107
3c674107
3c684106
3c694106
3c6a4106
3c6b4105
3c6c4105
3c6d4105
3c6e4105
3c6f4104
3c704104
3c714104
3c724104
3c734103
3c744103
3c754103
3c764103
3c774102
3c784102
3c794102
3c7a4101
3c7b4101
3c7c4101
3c7d4101
3c7e4100
3c7f4100
3c8040ff
3c8140ff
3c8240fe
3c8340fc
3c8440fc
3c8540fb
3c8640fa
3c8740fa
3c8840f8
3c8940f7
3c8a40f7
3c8b40f5
3c8c40f4
3c8d40f4
3c8e40f3
3c8f40f2
3c9040f2
3c9140f0
3c9240ef
3c9340ef
3c9440ee
3c9540ed
3c9640ed
3c9740ec
3c9840ea
3c9940ea
3c9a40e9
3c9b40e8
3c9c40e8
3c9d40e7
3c9e40e6
3c9f40e6
3ca040e5
3ca140e4
3ca240e4
3ca340e3
3ca440e2
3ca540e2
3ca640e1
3ca740e0
3ca840e0
3ca940df
3caa40de
3cab40de
3cac40dd
3cad40dc
3cae40dc
3caf40db
3cb040da
3cb140da
3cb240d9
3cb340d8
3cb440d8
3cb540d7
3cb640d6
3cb740d6
3cb840d5
3cb940d5
3cba40d5
3cbb40d4
3cbc40d3
3cbd40d3
3cbe40d2
3cbf40d1
3cc040d1
3cc140d0
3cc240d0
3cc340d0
3cc440cf
3cc540ce
3cc640ce
3cc740cd
3cc840cc
3cc940cc
3cca40cc
3ccb40cb
3ccc40cb
3ccd40ca
3cce40c9
3ccf40c9
3cd040c9
3cd140c8
3cd240c8
3cd340c7
3cd440c7
3cd540c7
3cd640c6
3cd740c5
3cd840c5
3cd940c5
3cda40c4
3cdb40c4
3cdc40c3
3cdd40c2
3cde40c2
3cdf40c2
3ce040c1
3ce140c1
3ce240c1
3ce340c0
3ce440c0
3ce540bf
3ce640bf
3ce740bf
3ce840be
3ce940bd
3cea40bd
3ceb40bd
3cec40bc
3ced40bc
3cee40bc
3cef40bb
3cf040bb
3cf140ba
3cf240ba
3cf340ba
3cf440b9
3cf540b9
3cf640b9
3cf740b8
3cf840b8
3cf940b8
3cfa40b7
3cfb40b7
3cfc40b7
3cfd40b6
3cfe40b5
3cff40b5
3d0040b5
3d0140b4
3d0240b3
3d0340b3
3d0440b2
3d0540b1
3d0640b1
3d0740b0
3d0840af
3d0940af
3d0a40ae
3d0b40ad
3d0c40ad
3d0d40ad
3d0e40ac
3d0f40ab
3d1040ab
3d1140aa
3d1240a9
3d1340a9
3d1440a8
3d1540a8
3d1640a7
3d1740a6
3d1840a6
3d1940a6
3d1a40a5
3d1b40a4
3d1c40a4
3d1d40a3
3d1e40a3
3d1f40a2
3d2040a2
3d2140a1
3d2240a1
3d2340a0
3d2440a0
3d25409f
3d26409f
3d27409e
3d28409e
3d29409d
3d2a409d
3d2b409d
3d2c409c
3d2d409c
3d2e409b
3d2f409b
3d30409a
3d31409a
3d324099
3d334099
3d344099
3d354098
3d364098
3d374097
3d384097
3d394097
3d3a4096
3d3b4096
3d3c4095
3d3d4095
3d3e4094
3d3f4094
3d404094
3d414093
3d424093
3d434093
3d444092
3d454092
3d464092
3d474091
3d484091
3d494090
3d4a4090
3d4b4090
3d4c408f
3d4d408f
3d4e408f
3d4f408e
3d50408e
3d51408e
3d52408d
3d53408d
3d54408d
3d55408c
3d56408c
3d57408c
3d58408b
3d59408b
3d5a408b
3d5b408a
3d5c408a
3d5d408a
3d5e4089
3d5f4089
3d604089
3d614089
3d624088
3d634088
3d644088
3d654087
3d664087
3d674087
3d684086
3d694086
3d6a4086
3d6b4085
3d6c4085
3d6d4085
3d6e4085
3d6f4084
3d704084
3d714084
3d724084
3d734083
3d744083
3d754083
3d764083
3d774082
3d784082
3d794082
3d7a4081
3d7b4081
3d7c4081
3d7d4081
3d7e4080
3d7f4080
3d80407f
3d81407f
3d82407e
3d83407c
3d84407c
3d85407b
3d86407a
3d87407a
3d884078
3d894077
3d8a4077
3d8b4075
3d8c4074
3d8d4074
3d8e4073
3d8f4072
3d904072
3d914070
3d92406f
3d93406f
3d94406e
3d95406d
3d96406d
3d97406c
3d98406a
3d99406a
3d9a4069
3d9b4068
3d9c4068
3d9d4067
3d9e4066
3d9f4066
3da04065
3da14064
3da24064
3da34063
3da44062
3da54062
3da64061
3da74060
3da84060
3da9405f
3daa405e
3dab405e
3dac405d
3dad405c
3dae405c
3daf405b
3db0405a
3db1405a
3db24059
3db34058
3db44058
3db54057
3db64056
3db74056
3db84055
3db94055
3dba4055
3dbb4054
3dbc4053
3dbd4053
3dbe4052
3dbf4051
3dc04051
3dc14050
3dc24050
3dc34050
3dc4404f
3dc5404e
3dc6404e
3dc7404d
3dc8404c
3dc9404c
3dca404c
3dcb404b
3dcc404b
3dcd404a
3dce4049
3dcf4049
3dd04049
3dd14048
3dd24048
3dd34047
3dd44047
3dd54047
3dd64046
3dd74045
3dd84045
3dd94045
3dda4044
3ddb4044
3ddc4043
3ddd4042
3dde4042
3ddf4042
3de04041
3de14041
3de24041
3de34040
3de44040
3de5403f
3de6403f
3de7403f
3de8403e
3de9403d
3dea403d
3deb403d
3dec403c
3ded403c
3dee403c
3def403b
3df0403b
3df1403a
3df2403a
3df3403a
3df44039
3df54039
3df64039
3df74038
3df84038
3df94038
3dfa4037
3dfb4037
3dfc4037
3dfd4036
3dfe4035
3dff4035
3e004035
3e014034
3e024033
3e034033
3e044032
3e054031
3e064031
3e074030
3e08402f
3e09402f
3e0a402e
3e0b402d
3e0c402d
3e0d402d
3e0e402c
3e0f402b
3e10402b
3e11402a
3e124029
3e134029
3e144028
3e154028
3e164027
3e174026
3e184026
3e194026
3e1a4025
3e1b4024
3e1c4024
3e1d4023
3e1e4023
3e1f4022
3e204022
3e214021
3e224021
3e234020
3e244020
3e25401f
3e26401f
3e27401e
3e28401e
3e29401d
3e2a401d
3e2b401d
3e2c401c
3e2d401c
3e2e401b
3e2f401b
3e30401a
3e31401a
3e324019
3e334019
3e344019
3e354018
3e364018
3e374017
3e384017
3e394017
3e3a4016
3e3b4016
3e3c4015
3e3d4015
3e3e4014
3e3f4014
3e404014
3e414013
3e424013
3e434013
3e444012
3e454012
3e464012
3e474011
3e484011
3e494010
3e4a4010
3e4b4010
3e4c400f
3e4d400f
3e4e400f
3e4f400e
3e50400e
3e51400e
3e52400d
3e53400d
3e54400d
3e55400c
3e56400c
3e57400c
3e58400b
3e59400b
3e5a400b
3e5b400a
3e5c400a
3e5d400a
3e5e4009
3e5f4009
3e604009
3e614009
3e624008
3e634008
3e644008
3e654007
3e664007
3e674007
3e684006
3e694006
3e6a4006
3e6b4005
3e6c4005
3e6d4005
3e6e4005
3e6f4004
3e704004
3e714004
3e724004
3e734003
3e744003
3e754003
3e764003
3e774002
3e784002
3e794002
3e7a4001
3e7b4001
3e7c4001
3e7d4001
3e7e4000
3e7f4000
3e803fff
3e813fff
3e823ffe
3e833ffc
3e843ffc
3e853ffb
3e863ffa
3e873ffa
3e883ff8
3e893ff7
3e8a3ff7
3e8b3ff5
3e8c3ff4
3e8d3ff4
3e8e3ff3
3e8f3ff2
3e903ff2
3e913ff0
3e923fef
3e933fef
3e943fee
3e953fed
3e963fed
3e973fec
3e983fea
3e993fea
3e9a3fe9
3e9b3fe8
3e9c3fe8
3e9d3fe7
3e9e3fe6
3e9f3fe6
3ea03fe5
3ea13fe4
3ea23fe4
3ea33fe3
3ea43fe2
3ea53fe2
3ea63fe1
3ea73fe0
3ea83fe0
3ea93fdf
3eaa3fde
3eab3fde
3eac3fdd
3ead3fdc
3eae3fdc
3eaf3fdb
3eb03fda
3eb13fda
3eb23fd9
3eb33fd8
3eb43fd8
3eb53fd7
3eb63fd6
3eb73fd6
3eb83fd5
3eb93fd5
3eba3fd5
3ebb3fd4
3ebc3fd3
3ebd3fd3
3ebe3fd2
3ebf3fd1
3ec03fd1
3ec13fd0
3ec23fd0
3ec33fd0
3ec43fcf
3ec53fce
3ec63fce
3ec73fcd
3ec83fcc
3ec93fcc
3eca3fcc
3ecb3fcb
3ecc3fcb
3ecd3fca
3ece3fc9
3ecf3fc9
3ed03fc9
3ed13fc8
3ed23fc8
3ed33fc7
3ed43fc7
3ed53fc7
3ed63fc6
3ed73fc5
3ed83fc5
3ed93fc5
3eda3fc4
3edb3fc4
3edc3fc3
3edd3fc2
3ede3fc2
3edf3fc2
3ee03fc1
3ee13fc1
3ee23fc1
3ee33fc0
3ee43fc0
3ee53fbf
3ee63fbf
3ee73fbf
3ee83fbe
3ee93fbd
3eea3fbd
3eeb3fbd
3eec3fbc
3eed3fbc
3eee3fbc
3eef3fbb
3ef03fbb
3ef13fba
3ef23fba
3ef33fba
3ef43fb9
3ef53fb9
3ef63fb9
3ef73fb8
3ef83fb8
3ef93fb8
3efa3fb7
3efb3fb7
3efc3fb7
3efd3fb6
3efe3fb5
3eff3fb5
3f003fb5
3f013fb4
3f023fb3
3f033fb3
3f043fb2
3f053fb1
3f063fb1
3f073fb0
3f083faf
3f093faf
3f0a3fae
3f0b3fad
3f0c3fad
3f0d3fad
3f0e3fac
3f0f3fab
3f103fab
3f113faa
3f123fa9
3f133fa9
3f143fa8
3f153fa8
3f163fa7
3f173fa6
3f183fa6
3f193fa6
3f1a3fa5
3f1b3fa4
3f1c3fa4
3f1d3fa3
3f1e3fa3
3f1f3fa2
3f203fa2
3f213fa1
3f223fa1
3f233fa0
3f243fa0
3f253f9f
3f263f9f
3f273f9e
3f283f9e
3f293f9d
3f2a3f9d
3f2b3f9d
3f2c3f9c
3f2d3f9c
3f2e3f9b
3f2f3f9b
3f303f9a
3f313f9a
3f323f99
3f333f99
3f343f99
3f353f98
3f363f98
3f373f97
3f383f97
3f393f97
3f3a3f96
3f3b3f96
3f3c3f95
3f3d3f95
3f3e3f94
3f3f3f94
3f403f94
3f413f93
3f423f93
3f433f93
3f443f92
3f453f92
3f463f92
3f473f91
3f483f91
3f493f90
3f4a3f90
3f4b3f90
3f4c3f8f
3f4d3f8f
3f4e3f8f
3f4f3f8e
3f503f8e
3f513f8e
3f523f8d
3f533f8d
3f543f8d
3f553f8c
3f563f8c
3f573f8c
3f583f8b
3f593f8b
3f5a3f8b
3f5b3f8a
3f5c3f8a
3f5d3f8a
3f5e3f89
3f5f3f89
3f603f89
3f613f89
3f623f88
3f633f88
3f643f88
3f653f87
3f663f87
3f673f87
3f683f86
3f693f86
3f6a3f86
3f6b3f85
3f6c3f85
3f6d3f85
3f6e3f85
3f6f3f84
3f703f84
3f713f84
3f723f84
3f733f83
3f743f83
3f753f83
3f763f83
3f773f82
3f783f82
3f793f82
3f7a3f81
3f7b3f81
3f7c3f81
3f7d3f81
3f7e3f80
3f7f3f80
3f803f7f
3f813f7f
3f823f7e
3f833f7c
3f843f7c
3f853f7b
3f863f7a
3f873f7a
3f883f78
3f893f77
3f8a3f77
3f8b3f75
3f8c3f74
3f8d3f74
3f8e3f73
3f8f3f72
3f903f72
3f913f70
3f923f6f
3f933f6f
3f943f6e
3f953f6d
3f963f6d
3f973f6c
3f983f6a
3f993f6a
3f9a3f69
3f9b3f68
3f9c3f68
3f9d3f67
3f9e3f66
3f9f3f66
3fa03f65
3fa13f64
3fa23f64
3fa33f63
3fa43f62
3fa53f62
3fa63f61
3fa73f60
3fa83f60
3fa93f5f
3faa3f5e
3fab3f5e
3fac3f5d
3fad3f5c
3fae3f5c
3faf3f5b
3fb03f5a
3fb13f5a
3fb23f59
3fb33f58
3fb43f58
3fb53f57
3fb63f56
3fb73f56
3fb83f55
3fb93f55
3fba3f55
3fbb3f54
3fbc3f53
3fbd3f53
3fbe3f52
3fbf3f51
3fc03f51
3fc13f50
3fc23f50
3fc33f50
3fc43f4f
3fc53f4e
3fc63f4e
3fc73f4d
3fc83f4c
3fc93f4c
3fca3f4c
3fcb3f4b
3fcc3f4b
3fcd3f4a
3fce3f49
3fcf3f49
3fd03f49
3fd13f48
3fd23f48
3fd33f47
3fd43f47
3fd53f47
3fd63f46
3fd73f45
3fd83f45
3fd93f45
3fda3f44
3fdb3f44
3fdc3f43
3fdd3f42
3fde3f42
3fdf3f42
3fe03f41
3fe13f41
3fe23f41
3fe33f40
3fe43f40
3fe53f3f
3fe63f3f
3fe73f3f
3fe83f3e
3fe93f3d
3fea3f3d
3feb3f3d
3fec3f3c
3fed3f3c
3fee3f3c
3fef3f3b
3ff03f3b
3ff13f3a
3ff23f3a
3ff33f3a
3ff43f39
3ff53f39
3ff63f39
3ff73f38
3ff83f38
3ff93f38
3ffa3f37
3ffb3f37
3ffc3f37
3ffd3f36
3ffe3f35
3fff3f35
40003f35
40013f34
40023f33
40033f33
40043f32
40053f31
40063f31
40073f30
40083f2f
40093f2f
400a3f2e
400b3f2d
400c3f2d
400d3f2d
400e3f2c
400f3f2b
40103f2b
40113f2a
40123f29
40133f29
40143f28
40153f28
40163f27
40173f26
40183f26
40193f26
401a3f25
401b3f24
401c3f24
401d3f23
401e3f23
401f3f22
40203f22
40213f21
40223f21
40233f20
40243f20
40253f1f
40263f1f
40273f1e
40283f1e
40293f1d
402a3f1d
402b3f1d
402c3f1c
402d3f1c
402e3f1b
402f3f1b
40303f1a
40313f1a
40323f19
40333f19
40343f19
40353f18
40363f18
40373f17
40383f17
40393f17
403a3f16
403b3f16
403c3f15
403d3f15
403e3f14
403f3f14
40403f14
40413f13
40423f13
40433f13
40443f12
40453f12
40463f12
40473f11
40483f11
40493f10
404a3f10
404b3f10
404c3f0f
404d3f0f
404e3f0f
404f3f0e
40503f0e
40513f0e
40523f0d
40533f0d
40543f0d
40553f0c
40563f0c
40573f0c
40583f0b
40593f0b
405a3f0b
405b3f0a
405c3f0a
405d3f0a
405e3f09
405f3f09
40603f09
40613f09
40623f08
40633f08
40643f08
40653f07
40663f07
40673f07
40683f06
40693f06
406a3f06
406b3f05
406c3f05
406d3f05
406e3f05
406f3f04
40703f04
40713f04
40723f04
40733f03
40743f03
40753f03
40763f03
40773f02
40783f02
40793f02
407a3f01
407b3f01
407c3f01
407d3f01
407e3f00
407f3f00
40803eff
40813eff
40823efe
40833efc
40843efc
40853efb
40863efa
40873efa
40883ef8
40893ef7
408a3ef7
408b3ef5
408c3ef4
408d3ef4
408e3ef3
408f3ef2
40903ef2
40913ef0
40923eef
40933eef
40943eee
40953eed
40963eed
40973eec
40983eea
40993eea
409a3ee9
409b3ee8
409c3ee8
409d3ee7
409e3ee6
409f3ee6
40a03ee5
40a13ee4
40a23ee4
40a33ee3
40a43ee2
40a53ee2
40a63ee1
40a73ee0
40a83ee0
40a93edf
40aa3ede
40ab3ede
40ac3edd
40ad3edc
40ae3edc
40af3edb
40b03eda
40b13eda
40b23ed9
40b33ed8
40b43ed8
40b53ed7
40b63ed6
40b73ed6
40b83ed5
40b93ed5
40ba3ed5
40bb3ed4
40bc3ed3
40bd3ed3
40be3ed2
40bf3ed1
40c03ed1
40c13ed0
40c23ed0
40c33ed0
40c43ecf
40c53ece
40c63ece
40c73ecd
40c83ecc
40c93ecc
40ca3ecc
40cb3ecb
40cc3ecb
40cd3eca
40ce3ec9
40cf3ec9
40d03ec9
40d13ec8
40d23ec8
40d33ec7
40d43ec7
40d53ec7
40d63ec6
40d73ec5
40d83ec5
40d93ec5
40da3ec4
40db3ec4
40dc3ec3
40dd3ec2
40de3ec2
40df3ec2
40e03ec1
40e13ec1
40e23ec1
40e33ec0
40e43ec0
40e53ebf
40e63ebf
40e73ebf
40e83ebe
40e93ebd
40ea3ebd
40eb3ebd
40ec3ebc
40ed3ebc
40ee3ebc
40ef3ebb
40f03ebb
40f13eba
40f23eba
40f33eba
40f43eb9
40f53eb9
40f63eb9
40f73eb8
40f83eb8
40f93eb8
40fa3eb7
40fb3eb7
40fc3eb7
40fd3eb6
40fe3eb5
40ff3eb5
41003eb5
41013eb4
41023eb3
41033eb3
41043eb2
41053eb1
41063eb1
41073eb0
41083eaf
41093eaf
410a3eae
410b3ead
410c3ead
410d3ead
410e3eac
410f3eab
41103eab
41113eaa
41123ea9
41133ea9
41143ea8
41153ea8
41163ea7
41173ea6
41183ea6
41193ea6
411a3ea5
411b3ea4
411c3ea4
411d3ea3
411e3ea3
411f3ea2
41203ea2
41213ea1
41223ea1
41233ea0
41243ea0
41253e9f
41263e9f
41273e9e
41283e9e
41293e9d
412a3e9d
412b3e9d
412c3e9c
412d3e9c
412e3e9b
412f3e9b
41303e9a
41313e9a
41323e99
41333e99
41343e99
41353e98
41363e98
41373e97
41383e97
41393e97
413a3e96
413b3e96
413c3e95
413d3e95
413e3e94
413f3e94
41403e94
41413e93
41423e93
41433e93
41443e92
41453e92
41463e92
41473e91
41483e91
41493e90
414a3e90
414b3e90
414c3e8f
414d3e8f
414e3e8f
414f3e8e
41503e8e
41513e8e
41523e8d
41533e8d
41543e8d
41553e8c
41563e8c
41573e8c
41583e8b
41593e8b
415a3e8b
415b3e8a
415c3e8a
415d3e8a
415e3e89
415f3e89
41603e89
41613e89
41623e88
41633e88
41643e88
41653e87
41663e87
41673e87
41683e86
41693e86
416a3e86
416b3e85
416c3e85
416d3e85
416e3e85
416f3e84
41703e84
41713e84
41723e84
41733e83
41743e83
41753e83
41763e83
41773e82
41783e82
41793e82
417a3e81
417b3e81
417c3e81
417d3e81
417e3e80
417f3e80
41803e7f
41813e7f
41823e7e
41833e7c
41843e7c
41853e7b
41863e7a
41873e7a
41883e78
41893e77
418a3e77
418b3e75
418c3e74
418d3e74
418e3e73
418f3e72
41903e72
41913e70
41923e6f
41933e6f
41943e6e
41953e6d
41963e6d
41973e6c
41983e6a
41993e6a
419a3e69
419b3e68
419c3e68
419d3e67
419e3e66
419f3e66
41a03e65
41a13e64
41a23e64
41a33e63
41a43e62
41a53e62
41a63e61
41a73e60
41a83e60
41a93e5f
41aa3e5e
41ab3e5e
41ac3e5d
41ad3e5c
41ae3e5c
41af3e5b
41b03e5a
41b13e5a
41b23e59
41b33e58
41b43e58
41b53e57
41b63e56
41b73e56
41b83e55
41b93e55
41ba3e55
41bb3e54
41bc3e53
41bd3e53
41be3e52
41bf3e51
41c03e51
41c13e50
41c23e50
41c33e50
41c43e4f
41c53e4e
41c63e4e
41c73e4d
41c83e4c
41c93e4c
41ca3e4c
41cb3e4b
41cc3e4b
41cd3e4a
41ce3e49
41cf3e49
41d03e49
41d13e48
41d23e48
41d33e47
41d43e47
41d53e47
41d63e46
41d73e45
41d83e45
41d93e45
41da3e44
41db3e44
41dc3e43
41dd3e42
41de3e42
41df3e42
41e03e41
41e13e41
41e23e41
41e33e40
41e43e40
41e53e3f
41e63e3f
41e73e3f
41e83e3e
41e93e3d
41ea3e3d
41eb3e3d
41ec3e3c
41ed3e3c
41ee3e3c
41ef3e3b
41f03e3b
41f13e3a
41f23e3a
41f33e3a
41f43e39
41f53e39
41f63e39
41f73e38
41f83e38
41f93e38
41fa3e37
41fb3e37
41fc3e37
41fd3e36
41fe3e35
41ff3e35
42003e35
42013e34
42023e33
42033e33
42043e32
42053e31
42063e31
42073e30
42083e2f
42093e2f
420a3e2e
420b3e2d
420c3e2d
420d3e2d
420e3e2c
420f3e2b
42103e2b
42113e2a
42123e29
42133e29
42143e28
42153e28
42163e27
42173e26
42183e26
42193e26
421a3e25
421b3e24
421c3e24
421d3e23
421e3e23
421f3e22
42203e22
42213e21
42223e21
42233e20
42243e20
42253e1f
42263e1f
42273e1e
42283e1e
42293e1d
422a3e1d
422b3e1d
422c3e1c
422d3e1c
422e3e1b
422f3e1b
42303e1a
42313e1a
42323e19
42333e19
42343e19
42353e18
42363e18
42373e17
42383e17
42393e17
423a3e16
423b3e16
423c3e15
423d3e15
423e3e14
423f3e14
42403e14
42413e13
42423e13
42433e13
42443e12
42453e12
42463e12
42473e11
42483e11
42493e10
424a3e10
424b3e10
424c3e0f
424d3e0f
424e3e0f
424f3e0e
42503e0e
42513e0e
42523e0d
42533e0d
42543e0d
42553e0c
42563e0c
42573e0c
42583e0b
42593e0b
425a3e0b
425b3e0a
425c3e0a
425d3e0a
425e3e09
425f3e09
42603e09
42613e09
42623e08
42633e08
42643e08
42653e07
42663e07
42673e07
42683e06
42693e06
426a3e06
426b3e05
426c3e05
426d3e05
426e3e05
426f3e04
42703e04
42713e04
42723e04
42733e03
42743e03
42753e03
42763e03
42773e02
42783e02
42793e02
427a3e01
427b3e01
427c3e01
427d3e01
427e3e00
427f3e00
42803dff
42813dff
42823dfe
42833dfc
42843dfc
42853dfb
42863dfa
42873dfa
42883df8
42893df7
428a3df7
428b3df5
428c3df4
428d3df4
428e3df3
428f3df2
42903df2
42913df0
42923def
42933def
42943dee
42953ded
42963ded
42973dec
42983dea
42993dea
429a3de9
429b3de8
429c3de8
429d3de7
429e3de6
429f3de6
42a03de5
42a13de4
42a23de4
42a33de3
42a43de2
42a53de2
42a63de1
42a73de0
42a83de0
42a93ddf
42aa3dde
42ab3dde
42ac3ddd
42ad3ddc
42ae3ddc
42af3ddb
42b03dda
42b13dda
42b23dd9
42b33dd8
42b43dd8
42b53dd7
42b63dd6
42b73dd6
42b83dd5
42b93dd5
42ba3dd5
42bb3dd4
42bc3dd3
42bd3dd3
42be3dd2
42bf3dd1
42c03dd1
42c13dd0
42c23dd0
42c33dd0
42c43dcf
42c53dce
42c63dce
42c73dcd
42c83dcc
42c93dcc
42ca3dcc
42cb3dcb
42cc3dcb
42cd3dca
42ce3dc9
42cf3dc9
42d03dc9
42d13dc8
42d23dc8
42d33dc7
42d43dc7
42d53dc7
42d63dc6
42d73dc5
42d83dc5
42d93dc5
42da3dc4
42db3dc4
42dc3dc3
42dd3dc2
42de3dc2
42df3dc2
42e03dc1
42e13dc1
42e23dc1
42e33dc0
42e43dc0
42e53dbf
42e63dbf
42e73dbf
42e83dbe
42e93dbd
42ea3dbd
42eb3dbd
42ec3dbc
42ed3dbc
42ee3dbc
42ef3dbb
42f03dbb
42f13dba
42f23dba
42f33dba
42f43db9
42f53db9
42f63db9
42f73db8
42f83db8
42f93db8
42fa3db7
42fb3db7
42fc3db7
42fd3db6
42fe3db5
42ff3db5
43003db5
43013db4
43023db3
43033db3
43043db2
43053db1
43063db1
43073db0
43083daf
43093daf
430a3dae
430b3dad
430c3dad
430d3dad
430e3dac
430f3dab
43103dab
43113daa
43123da9
43133da9
43143da8
43153da8
43163da7
43173da6
43183da6
43193da6
431a3da5
431b3da4
431c3da4
431d3da3
431e3da3
431f3da2
43203da2
43213da1
43223da1
43233da0
43243da0
43253d9f
43263d9f
43273d9e
43283d9e
43293d9d
432a3d9d
432b3d9d
432c3d9c
432d3d9c
432e3d9b
432f3d9b
43303d9a
43313d9a
43323d99
43333d99
43343d99
43353d98
43363d98
43373d97
43383d97
43393d97
433a3d96
433b3d96
433c3d95
433d3d95
433e3d94
433f3d94
43403d94
43413d93
43423d93
43433d93
43443d92
43453d92
43463d92
43473d91
43483d91
43493d90
434a3d90
434b3d90
434c3d8f
434d3d8f
434e3d8f
434f3d8e
43503d8e
43513d8e
43523d8d
43533d8d
43543d8d
43553d8c
43563d8c
43573d8c
43583d8b
43593d8b
435a3d8b
435b3d8a
435c3d8a
435d3d8a
435e3d89
435f3d89
43603d89
43613d89
43623d88
43633d88
43643d88
43653d87
43663d87
43673d87
43683d86
43693d86
436a3d86
436b3d85
436c3d85
436d3d85
436e3d85
436f3d84
43703d84
43713d84
43723d84
43733d83
43743d83
43753d83
43763d83
43773d82
43783d82
43793d82
437a3d81
437b3d81
437c3d81
437d3d81
437e3d80
437f3d80
43803d7f
43813d7f
43823d7e
43833d7c
43843d7c
43853d7b
43863d7a
43873d7a
43883d78
43893d77
438a3d77
438b3d75
438c3d74
438d3d74
438e3d73
438f3d72
43903d72
43913d70
43923d6f
43933d6f
43943d6e
43953d6d
43963d6d
43973d6c
43983d6a
43993d6a
439a3d69
439b3d68
439c3d68
439d3d67
439e3d66
439f3d66
43a03d65
43a13d64
43a23d64
43a33d63
43a43d62
43a53d62
43a63d61
43a73d60
43a83d60
43a93d5f
43aa3d5e
43ab3d5e
43ac3d5d
43ad3d5c
43ae3d5c
43af3d5b
43b03d5a
43b13d5a
43b23d59
43b33d58
43b43d58
43b53d57
43b63d56
43b73d56
43b83d55
43b93d55
43ba3d55
43bb3d54
43bc3d53
43bd3d53
43be3d52
43bf3d51
43c03d51
43c13d50
43c23d50
43c33d50
43c43d4f
43c53d4e
43c63d4e
43c73d4d
43c83d4c
43c93d4c
43ca3d4c
43cb3d4b
43cc3d4b
43cd3d4a
43ce3d49
43cf3d49
43d03d49
43d13d48
43d23d48
43d33d47
43d43d47
43d53d47
43d63d46
43d73d45
43d83d45
43d93d45
43da3d44
43db3d44
43dc3d43
43dd3d42
43de3d42
43df3d42
43e03d41
43e13d41
43e23d41
43e33d40
43e43d40
43e53d3f
43e63d3f
43e73d3f
43e83d3e
43e93d3d
43ea3d3d
43eb3d3d
43ec3d3c
43ed3d3c
43ee3d3c
43ef3d3b
43f03d3b
43f13d3a
43f23d3a
43f33d3a
43f43d39
43f53d39
43f63d39
43f73d38
43f83d38
43f93d38
43fa3d37
43fb3d37
43fc3d37
43fd3d36
43fe3d35
43ff3d35
44003d35
44013d34
44023d33
44033d33
44043d32
44053d31
44063d31
44073d30
44083d2f
44093d2f
440a3d2e
440b3d2d
440c3d2d
440d3d2d
440e3d2c
440f3d2b
44103d2b
44113d2a
44123d29
44133d29
44143d28
44153d28
44163d27
44173d26
44183d26
44193d26
441a3d25
441b3d24
441c3d24
441d3d23
441e3d23
441f3d22
44203d22
44213d21
44223d21
44233d20
44243d20
44253d1f
44263d1f
44273d1e
44283d1e
44293d1d
442a3d1d
442b3d1d
442c3d1c
442d3d1c
442e3d1b
442f3d1b
44303d1a
44313d1a
44323d19
44333d19
44343d19
44353d18
44363d18
44373d17
44383d17
44393d17
443a3d16
443b3d16
443c3d15
443d3d15
443e3d14
443f3d14
44403d14
44413d13
44423d13
44433d13
44443d12
44453d12
44463d12
44473d11
44483d11
44493d10
444a3d10
444b3d10
444c3d0f
444d3d0f
444e3d0f
444f3d0e
44503d0e
44513d0e
44523d0d
44533d0d
44543d0d
44553d0c
44563d0c
44573d0c
44583d0b
44593d0b
445a3d0b
445b3d0a
445c3d0a
445d3d0a
445e3d09
445f3d09
44603d09
44613d09
44623d08
44633d08
44643d08
44653d07
44663d07
44673d07
44683d06
44693d06
446a3d06
446b3d05
446c3d05
446d3d05
446e3d05
446f3d04
44703d04
44713d04
44723d04
44733d03
44743d03
44753d03
44763d03
44773d02
44783d02
44793d02
447a3d01
447b3d01
447c3d01
447d3d01
447e3d00
447f3d00
44803cff
44813cff
44823cfe
44833cfc
44843cfc
44853cfb
44863cfa
44873cfa
44883cf8
44893cf7
448a3cf7
448b3cf5
448c3cf4
448d3cf4
448e3cf3
448f3cf2
44903cf2
44913cf0
44923cef
44933cef
44943cee
44953ced
44963ced
44973cec
44983cea
44993cea
449a3ce9
449b3ce8
449c3ce8
449d3ce7
449e3ce6
449f3ce6
44a03ce5
44a13ce4
44a23ce4
44a33ce3
44a43ce2
44a53ce2
44a63ce1
44a73ce0
44a83ce0
44a93cdf
44aa3cde
44ab3cde
44ac3cdd
44ad3cdc
44ae3cdc
44af3cdb
44b03cda
44b13cda
44b23cd9
44b33cd8
44b43cd8
44b53cd7
44b63cd6
44b73cd6
44b83cd5
44b93cd5
44ba3cd5
44bb3cd4
44bc3cd3
44bd3cd3
44be3cd2
44bf3cd1
44c03cd1
44c13cd0
44c23cd0
44c33cd0
44c43ccf
44c53cce
44c63cce
44c73ccd
44c83ccc
44c93ccc
44ca3ccc
44cb3ccb
44cc3ccb
44cd3cca
44ce3cc9
44cf3cc9
44d03cc9
44d13cc8
44d23cc8
44d33cc7
44d43cc7
44d53cc7
44d63cc6
44d73cc5
44d83cc5
44d93cc5
44da3cc4
44db3cc4
44dc3cc3
44dd3cc2
44de3cc2
44df3cc2
44e03cc1
44e13cc1
44e23cc1
44e33cc0
44e43cc0
44e53cbf
44e63cbf
44e73cbf
44e83cbe
44e93cbd
44ea3cbd
44eb3cbd
44ec3cbc
44ed3cbc
44ee3cbc
44ef3cbb
44f03cbb
44f13cba
44f23cba
44f33cba
44f43cb9
44f53cb9
44f63cb9
44f73cb8
44f83cb8
44f93cb8
44fa3cb7
44fb3cb7
44fc3cb7
44fd3cb6
44fe3cb5
44ff3cb5
45003cb5
45013cb4
45023cb3
45033cb3
45043cb2
45053cb1
45063cb1
45073cb0
45083caf
45093caf
450a3cae
450b3cad
450c3cad
450d3cad
450e3cac
450f3cab
45103cab
45113caa
45123ca9
45133ca9
45143ca8
45153ca8
45163ca7
45173ca6
45183ca6
45193ca6
451a3ca5
451b3ca4
451c3ca4
451d3ca3
451e3ca3
451f3ca2
45203ca2
45213ca1
45223ca1
45233ca0
45243ca0
45253c9f
45263c9f
45273c9e
45283c9e
45293c9d
452a3c9d
452b3c9d
452c3c9c
452d3c9c
452e3c9b
452f3c9b
45303c9a
45313c9a
45323c99
45333c99
45343c99
45353c98
45363c98
45373c97
45383c97
45393c97
453a3c96
453b3c96
453c3c95
453d3c95
453e3c94
453f3c94
45403c94
45413c93
45423c93
45433c93
45443c92
45453c92
45463c92
45473c91
45483c91
45493c90
454a3c90
454b3c90
454c3c8f
454d3c8f
454e3c8f
454f3c8e
45503c8e
45513c8e
45523c8d
45533c8d
45543c8d
45553c8c
45563c8c
45573c8c
45583c8b
45593c8b
455a3c8b
455b3c8a
455c3c8a
455d3c8a
455e3c89
455f3c89
45603c89
45613c89
45623c88
45633c88
45643c88
45653c87
45663c87
45673c87
45683c86
45693c86
456a3c86
456b3c85
456c3c85
456d3c85
456e3c85
456f3c84
45703c84
45713c84
45723c84
45733c83
45743c83
45753c83
45763c83
45773c82
45783c82
45793c82
457a3c81
457b3c81
457c3c81
457d3c81
457e3c80
457f3c80
45803c7f
45813c7f
45823c7e
45833c7c
45843c7c
45853c7b
45863c7a
45873c7a
45883c78
45893c77
458a3c77
458b3c75
458c3c74
458d3c74
458e3c73
458f3c72
45903c72
45913c70
45923c6f
45933c6f
45943c6e
45953c6d
45963c6d
45973c6c
45983c6a
45993c6a
459a3c69
459b3c68
459c3c68
459d3c67
459e3c66
459f3c66
45a03c65
45a13c64
45a23c64
45a33c63
45a43c62
45a53c62
45a63c61
45a73c60
45a83c60
45a93c5f
45aa3c5e
45ab3c5e
45ac3c5d
45ad3c5c
45ae3c5c
45af3c5b
45b03c5a
45b13c5a
45b23c59
45b33c58
45b43c58
45b53c57
45b63c56
45b73c56
45b83c55
45b93c55
45ba3c55
45bb3c54
45bc3c53
45bd3c53
45be3c52
45bf3c51
45c03c51
45c13c50
45c23c50
45c33c50
45c43c4f
45c53c4e
45c63c4e
45c73c4d
45c83c4c
45c93c4c
45ca3c4c
45cb3c4b
45cc3c4b
45cd3c4a
45ce3c49
45cf3c49
45d03c49
45d13c48
45d23c48
45d33c47
45d43c47
45d53c47
45d63c46
45d73c45
45d83c45
45d93c45
45da3c44
45db3c44
45dc3c43
45dd3c42
45de3c42
45df3c42
45e03c41
45e13c41
45e23c41
45e33c40
45e43c40
45e53c3f
45e63c3f
45e73c3f
45e83c3e
45e93c3d
45ea3c3d
45eb3c3d
45ec3c3c
45ed3c3c
45ee3c3c
45ef3c3b
45f03c3b
45f13c3a
45f23c3a
45f33c3a
45f43c39
45f53c39
45f63c39
45f73c38
45f83c38
45f93c38
45fa3c37
45fb3c37
45fc3c37
45fd3c36
45fe3c35
45ff3c35
46003c35
46013c34
46023c33
46033c33
46043c32
46053c31
46063c31
46073c30
46083c2f
46093c2f
460a3c2e
460b3c2d
460c3c2d
460d3c2d
460e3c2c
460f3c2b
46103c2b
46113c2a
46123c29
46133c29
46143c28
46153c28
46163c27
46173c26
46183c26
46193c26
461a3c25
461b3c24
461c3c24
461d3c23
461e3c23
461f3c22
46203c22
46213c21
46223c21
46233c20
46243c20
46253c1f
46263c1f
46273c1e
46283c1e
46293c1d
462a3c1d
462b3c1d
462c3c1c
462d3c1c
462e3c1b
462f3c1b
46303c1a
46313c1a
46323c19
46333c19
46343c19
46353c18
46363c18
46373c17
46383c17
46393c17
463a3c16
463b3c16
463c3c15
463d3c15
463e3c14
463f3c14
46403c14
46413c13
46423c13
46433c13
46443c12
46453c12
46463c12
46473c11
46483c11
46493c10
464a3c10
464b3c10
464c3c0f
464d3c0f
464e3c0f
464f3c0e
46503c0e
46513c0e
46523c0d
46533c0d
46543c0d
46553c0c
46563c0c
46573c0c
46583c0b
46593c0b
465a3c0b
465b3c0a
465c3c0a
465d3c0a
465e3c09
465f3c09
46603c09
46613c09
46623c08
46633c08
46643c08
46653c07
46663c07
46673c07
46683c06
46693c06
466a3c06
466b3c05
466c3c05
466d3c05
466e3c05
466f3c04
46703c04
46713c04
46723c04
46733c03
46743c03
46753c03
46763c03
46773c02
46783c02
46793c02
467a3c01
467b3c01
467c3c01
467d3c01
467e3c00
467f3c00
46803bff
46813bff
46823bfe
46833bfc
46843bfc
46853bfb
46863bfa
46873bfa
46883bf8
46893bf7
468a3bf7
468b3bf5
468c3bf4
468d3bf4
468e3bf3
468f3bf2
46903bf2
46913bf0
46923bef
46933bef
46943bee
46953bed
46963bed
46973bec
46983bea
46993bea
469a3be9
469b3be8
469c3be8
469d3be7
469e3be6
469f3be6
46a03be5
46a13be4
46a23be4
46a33be3
46a43be2
46a53be2
46a63be1
46a73be0
46a83be0
46a93bdf
46aa3bde
46ab3bde
46ac3bdd
46ad3bdc
46ae3bdc
46af3bdb
46b03bda
46b13bda
46b23bd9
46b33bd8
46b43bd8
46b53bd7
46b63bd6
46b73bd6
46b83bd5
46b93bd5
46ba3bd5
46bb3bd4
46bc3bd3
46bd3bd3
46be3bd2
46bf3bd1
46c03bd1
46c13bd0
46c23bd0
46c33bd0
46c43bcf
46c53bce
46c63bce
46c73bcd
46c83bcc
46c93bcc
46ca3bcc
46cb3bcb
46cc3bcb
46cd3bca
46ce3bc9
46cf3bc9
46d03bc9
46d13bc8
46d23bc8
46d33bc7
46d43bc7
46d53bc7
46d63bc6
46d73bc5
46d83bc5
46d93bc5
46da3bc4
46db3bc4
46dc3bc3
46dd3bc2
46de3bc2
46df3bc2
46e03bc1
46e13bc1
46e23bc1
46e33bc0
46e43bc0
46e53bbf
46e63bbf
46e73bbf
46e83bbe
46e93bbd
46ea3bbd
46eb3bbd
46ec3bbc
46ed3bbc
46ee3bbc
46ef3bbb
46f03bbb
46f13bba
46f23bba
46f33bba
46f43bb9
46f53bb9
46f63bb9
46f73bb8
46f83bb8
46f93bb8
46fa3bb7
46fb3bb7
46fc3bb7
46fd3bb6
46fe3bb5
46ff3bb5
47003bb5
47013bb4
47023bb3
47033bb3
47043bb2
47053bb1
47063bb1
47073bb0
47083baf
47093baf
470a3bae
470b3bad
470c3bad
470d3bad
470e3bac
470f3bab
47103bab
47113baa
47123ba9
47133ba9
47143ba8
47153ba8
47163ba7
47173ba6
47183ba6
47193ba6
471a3ba5
471b3ba4
471c3ba4
471d3ba3
471e3ba3
471f3ba2
47203ba2
47213ba1
47223ba1
47233ba0
47243ba0
47253b9f
47263b9f
47273b9e
47283b9e
47293b9d
472a3b9d
472b3b9d
472c3b9c
472d3b9c
472e3b9b
472f3b9b
47303b9a
47313b9a
47323b99
47333b99
47343b99
47353b98
47363b98
47373b97
47383b97
47393b97
473a3b96
473b3b96
473c3b95
473d3b95
473e3b94
473f3b94
47403b94
47413b93
47423b93
47433b93
47443b92
47453b92
47463b92
47473b91
47483b91
47493b90
474a3b90
474b3b90
474c3b8f
474d3b8f
474e3b8f
474f3b8e
47503b8e
47513b8e
47523b8d
47533b8d
47543b8d
47553b8c
47563b8c
47573b8c
47583b8b
47593b8b
475a3b8b
475b3b8a
475c3b8a
475d3b8a
475e3b89
475f3b89
47603b89
47613b89
47623b88
47633b88
47643b88
47653b87
47663b87
47673b87
47683b86
47693b86
476a3b86
476b3b85
476c3b85
476d3b85
476e3b85
476f3b84
47703b84
47713b84
47723b84
47733b83
47743b83
47753b83
47763b83
47773b82
47783b82
47793b82
477a3b81
477b3b81
477c3b81
477d3b81
477e3b80
477f3b80
47803b7f
47813b7f
47823b7e
47833b7c
47843b7c
47853b7b
47863b7a
47873b7a
47883b78
47893b77
478a3b77
478b3b75
478c3b74
478d3b74
478e3b73
478f3b72
47903b72
47913b70
47923b6f
47933b6f
47943b6e
47953b6d
47963b6d
47973b6c
47983b6a
47993b6a
479a3b69
479b3b68
479c3b68
479d3b67
479e3b66
479f3b66
47a03b65
47a13b64
47a23b64
47a33b63
47a43b62
47a53b62
47a63b61
47a73b60
47a83b60
47a93b5f
47aa3b5e
47ab3b5e
47ac3b5d
47ad3b5c
47ae3b5c
47af3b5b
47b03b5a
47b13b5a
47b23b59
47b33b58
47b43b58
47b53b57
47b63b56
47b73b56
47b83b55
47b93b55
47ba3b55
47bb3b54
47bc3b53
47bd3b53
47be3b52
47bf3b51
47c03b51
47c13b50
47c23b50
47c33b50
47c43b4f
47c53b4e
47c63b4e
47c73b4d
47c83b4c
47c93b4c
47ca3b4c
47cb3b4b
47cc3b4b
47cd3b4a
47ce3b49
47cf3b49
47d03b49
47d13b48
47d23b48
47d33b47
47d43b47
47d53b47
47d63b46
47d73b45
47d83b45
47d93b45
47da3b44
47db3b44
47dc3b43
47dd3b42
47de3b42
47df3b42
47e03b41
47e13b41
47e23b41
47e33b40
47e43b40
47e53b3f
47e63b3f
47e73b3f
47e83b3e
47e93b3d
47ea3b3d
47eb3b3d
47ec3b3c
47ed3b3c
47ee3b3c
47ef3b3b
47f03b3b
47f13b3a
47f23b3a
47f33b3a
47f43b39
47f53b39
47f63b39
47f73b38
47f83b38
47f93b38
47fa3b37
47fb3b37
47fc3b37
47fd3b36
47fe3b35
47ff3b35
48003b35
48013b34
48023b33
48033b33
48043b32
48053b31
48063b31
48073b30
48083b2f
48093b2f
480a3b2e
480b3b2d
480c3b2d
480d3b2d
480e3b2c
480f3b2b
48103b2b
48113b2a
48123b29
48133b29
48143b28
48153b28
48163b27
48173b26
48183b26
48193b26
481a3b25
481b3b24
481c3b24
481d3b23
481e3b23
481f3b22
48203b22
48213b21
48223b21
48233b20
48243b20
48253b1f
48263b1f
48273b1e
48283b1e
48293b1d
482a3b1d
482b3b1d
482c3b1c
482d3b1c
482e3b1b
482f3b1b
48303b1a
48313b1a
48323b19
48333b19
48343b19
48353b18
48363b18
48373b17
48383b17
48393b17
483a3b16
483b3b16
483c3b15
483d3b15
483e3b14
483f3b14
48403b14
48413b13
48423b13
48433b13
48443b12
48453b12
48463b12
48473b11
48483b11
48493b10
484a3b10
484b3b10
484c3b0f
484d3b0f
484e3b0f
484f3b0e
48503b0e
48513b0e
48523b0d
48533b0d
48543b0d
48553b0c
48563b0c
48573b0c
48583b0b
48593b0b
485a3b0b
485b3b0a
485c3b0a
485d3b0a
485e3b09
485f3b09
48603b09
48613b09
48623b08
48633b08
48643b08
48653b07
48663b07
48673b07
48683b06
48693b06
486a3b06
486b3b05
486c3b05
486d3b05
486e3b05
486f3b04
48703b04
48713b04
48723b04
48733b03
48743b03
48753b03
48763b03
48773b02
48783b02
48793b02
487a3b01
487b3b01
487c3b01
487d3b01
487e3b00
487f3b00
48803aff
48813aff
48823afe
48833afc
48843afc
48853afb
48863afa
48873afa
48883af8
48893af7
488a3af7
488b3af5
488c3af4
488d3af4
488e3af3
488f3af2
48903af2
48913af0
48923aef
48933aef
48943aee
48953aed
48963aed
48973aec
48983aea
48993aea
489a3ae9
489b3ae8
489c3ae8
489d3ae7
489e3ae6
489f3ae6
48a03ae5
48a13ae4
48a23ae4
48a33ae3
48a43ae2
48a53ae2
48a63ae1
48a73ae0
48a83ae0
48a93adf
48aa3ade
48ab3ade
48ac3add
48ad3adc
48ae3adc
48af3adb
48b03ada
48b13ada
48b23ad9
48b33ad8
48b43ad8
48b53ad7
48b63ad6
48b73ad6
48b83ad5
48b93ad5
48ba3ad5
48bb3ad4
48bc3ad3
48bd3ad3
48be3ad2
48bf3ad1
48c03ad1
48c13ad0
48c23ad0
48c33ad0
48c43acf
48c53ace
48c63ace
48c73acd
48c83acc
48c93acc
48ca3acc
48cb3acb
48cc3acb
48cd3aca
48ce3ac9
48cf3ac9
48d03ac9
48d13ac8
48d23ac8
48d33ac7
48d43ac7
48d53ac7
48d63ac6
48d73ac5
48d83ac5
48d93ac5
48da3ac4
48db3ac4
48dc3ac3
48dd3ac2
48de3ac2
48df3ac2
48e03ac1
48e13ac1
48e23ac1
48e33ac0
48e43ac0
48e53abf
48e63abf
48e73abf
48e83abe
48e93abd
48ea3abd
48eb3abd
48ec3abc
48ed3abc
48ee3abc
48ef3abb
48f03abb
48f13aba
48f23aba
48f33aba
48f43ab9
48f53ab9
48f63ab9
48f73ab8
48f83ab8
48f93ab8
48fa3ab7
48fb3ab7
48fc3ab7
48fd3ab6
48fe3ab5
48ff3ab5
49003ab5
49013ab4
49023ab3
49033ab3
49043ab2
49053ab1
49063ab1
49073ab0
49083aaf
49093aaf
490a3aae
490b3aad
490c3aad
490d3aad
490e3aac
490f3aab
49103aab
49113aaa
49123aa9
49133aa9
49143aa8
49153aa8
49163aa7
49173aa6
49183aa6
49193aa6
491a3aa5
491b3aa4
491c3aa4
491d3aa3
491e3aa3
491f3aa2
49203aa2
49213aa1
49223aa1
49233aa0
49243aa0
49253a9f
49263a9f
49273a9e
49283a9e
49293a9d
492a3a9d
492b3a9d
492c3a9c
492d3a9c
492e3a9b
492f3a9b
49303a9a
49313a9a
49323a99
49333a99
49343a99
49353a98
49363a98
49373a97
49383a97
49393a97
493a3a96
493b3a96
493c3a95
493d3a95
493e3a94
493f3a94
49403a94
49413a93
49423a93
49433a93
49443a92
49453a92
49463a92
49473a91
49483a91
49493a90
494a3a90
494b3a90
494c3a8f
494d3a8f
494e3a8f
494f3a8e
49503a8e
49513a8e
49523a8d
49533a8d
49543a8d
49553a8c
49563a8c
49573a8c
49583a8b
49593a8b
495a3a8b
495b3a8a
495c3a8a
495d3a8a
495e3a89
495f3a89
49603a89
49613a89
49623a88
49633a88
49643a88
49653a87
49663a87
49673a87
49683a86
49693a86
496a3a86
496b3a85
496c3a85
496d3a85
496e3a85
496f3a84
49703a84
49713a84
49723a84
49733a83
49743a83
49753a83
49763a83
49773a82
49783a82
49793a82
497a3a81
497b3a81
497c3a81
497d3a81
497e3a80
497f3a80
49803a7f
49813a7f
49823a7e
49833a7c
49843a7c
49853a7b
49863a7a
49873a7a
49883a78
49893a77
498a3a77
498b3a75
498c3a74
498d3a74
498e3a73
498f3a72
49903a72
49913a70
49923a6f
49933a6f
49943a6e
49953a6d
49963a6d
49973a6c
49983a6a
49993a6a
499a3a69
499b3a68
499c3a68
499d3a67
499e3a66
499f3a66
49a03a65
49a13a64
49a23a64
49a33a63
49a43a62
49a53a62
49a63a61
49a73a60
49a83a60
49a93a5f
49aa3a5e
49ab3a5e
49ac3a5d
49ad3a5c
49ae3a5c
49af3a5b
49b03a5a
49b13a5a
49b23a59
49b33a58
49b43a58
49b53a57
49b63a56
49b73a56
49b83a55
49b93a55
49ba3a55
49bb3a54
49bc3a53
49bd3a53
49be3a52
49bf3a51
49c03a51
49c13a50
49c23a50
49c33a50
49c43a4f
49c53a4e
49c63a4e
49c73a4d
49c83a4c
49c93a4c
49ca3a4c
49cb3a4b
49cc3a4b
49cd3a4a
49ce3a49
49cf3a49
49d03a49
49d13a48
49d23a48
49d33a47
49d43a47
49d53a47
49d63a46
49d73a45
49d83a45
49d93a45
49da3a44
49db3a44
49dc3a43
49dd3a42
49de3a42
49df3a42
49e03a41
49e13a41
49e23a41
49e33a40
49e43a40
49e53a3f
49e63a3f
49e73a3f
49e83a3e
49e93a3d
49ea3a3d
49eb3a3d
49ec3a3c
49ed3a3c
49ee3a3c
49ef3a3b
49f03a3b
49f13a3a
49f23a3a
49f33a3a
49f43a39
49f53a39
49f63a39
49f73a38
49f83a38
49f93a38
49fa3a37
49fb3a37
49fc3a37
49fd3a36
49fe3a35
49ff3a35
4a003a35
4a013a34
4a023a33
4a033a33
4a043a32
4a053a31
4a063a31
4a073a30
4a083a2f
4a093a2f
4a0a3a2e
4a0b3a2d
4a0c3a2d
4a0d3a2d
4a0e3a2c
4a0f3a2b
4a103a2b
4a113a2a
4a123a29
4a133a29
4a143a28
4a153a28
4a163a27
4a173a26
4a183a26
4a193a26
4a1a3a25
4a1b3a24
4a1c3a24
4a1d3a23
4a1e3a23
4a1f3a22
4a203a22
4a213a21
4a223a21
4a233a20
4a243a20
4a253a1f
4a263a1f
4a273a1e
4a283a1e
4a293a1d
4a2a3a1d
4a2b3a1d
4a2c3a1c
4a2d3a1c
4a2e3a1b
4a2f3a1b
4a303a1a
4a313a1a
4a323a19
4a333a19
4a343a19
4a353a18
4a363a18
4a373a17
4a383a17
4a393a17
4a3a3a16
4a3b3a16
4a3c3a15
4a3d3a15
4a3e3a14
4a3f3a14
4a403a14
4a413a13
4a423a13
4a433a13
4a443a12
4a453a12
4a463a12
4a473a11
4a483a11
4a493a10
4a4a3a10
4a4b3a10
4a4c3a0f
4a4d3a0f
4a4e3a0f
4a4f3a0e
4a503a0e
4a513a0e
4a523a0d
4a533a0d
4a543a0d
4a553a0c
4a563a0c
4a573a0c
4a583a0b
4a593a0b
4a5a3a0b
4a5b3a0a
4a5c3a0a
4a5d3a0a
4a5e3a09
4a5f3a09
4a603a09
4a613a09
4a623a08
4a633a08
4a643a08
4a653a07
4a663a07
4a673a07
4a683a06
4a693a06
4a6a3a06
4a6b3a05
4a6c3a05
4a6d3a05
4a6e3a05
4a6f3a04
4a703a04
4a713a04
4a723a04
4a733a03
4a743a03
4a753a03
4a763a03
4a773a02
4a783a02
4a793a02
4a7a3a01
4a7b3a01
4a7c3a01
4a7d3a01
4a7e3a00
4a7f3a00
4a8039ff
4a8139ff
4a8239fe
4a8339fc
4a8439fc
4a8539fb
4a8639fa
4a8739fa
4a8839f8
4a8939f7
4a8a39f7
4a8b39f5
4a8c39f4
4a8d39f4
4a8e39f3
4a8f39f2
4a9039f2
4a9139f0
4a9239ef
4a9339ef
4a9439ee
4a9539ed
4a9639ed
4a9739ec
4a9839ea
4a9939ea
4a9a39e9
4a9b39e8
4a9c39e8
4a9d39e7
4a9e39e6
4a9f39e6
4aa039e5
4aa139e4
4aa239e4
4aa339e3
4aa439e2
4aa539e2
4aa639e1
4aa739e0
4aa839e0
4aa939df
4aaa39de
4aab39de
4aac39dd
4aad39dc
4aae39dc
4aaf39db
4ab039da
4ab139da
4ab239d9
4ab339d8
4ab439d8
4ab539d7
4ab639d6
4ab739d6
4ab839d5
4ab939d5
4aba39d5
4abb39d4
4abc39d3
4abd39d3
4abe39d2
4abf39d1
4ac039d1
4ac139d0
4ac239d0
4ac339d0
4ac439cf
4ac539ce
4ac639ce
4ac739cd
4ac839cc
4ac939cc
4aca39cc
4acb39cb
4acc39cb
4acd39ca
4ace39c9
4acf39c9
4ad039c9
4ad139c8
4ad239c8
4ad339c7
4ad439c7
4ad539c7
4ad639c6
4ad739c5
4ad839c5
4ad939c5
4ada39c4
4adb39c4
4adc39c3
4add39c2
4ade39c2
4adf39c2
4ae039c1
4ae139c1
4ae239c1
4ae339c0
4ae439c0
4ae539bf
4ae639bf
4ae739bf
4ae839be
4ae939bd
4aea39bd
4aeb39bd
4aec39bc
4aed39bc
4aee39bc
4aef39bb
4af039bb
4af139ba
4af239ba
4af339ba
4af439b9
4af539b9
4af639b9
4af739b8
4af839b8
4af939b8
4afa39b7
4afb39b7
4afc39b7
4afd39b6
4afe39b5
4aff39b5
4b0039b5
4b0139b4
4b0239b3
4b0339b3
4b0439b2
4b0539b1
4b0639b1
4b0739b0
4b0839af
4b0939af
4b0a39ae
4b0b39ad
4b0c39ad
4b0d39ad
4b0e39ac
4b0f39ab
4b1039ab
4b1139aa
4b1239a9
4b1339a9
4b1439a8
4b1539a8
4b1639a7
4b1739a6
4b1839a6
4b1939a6
4b1a39a5
4b1b39a4
4b1c39a4
4b1d39a3
4b1e39a3
4b1f39a2
4b2039a2
4b2139a1
4b2239a1
4b2339a0
4b2439a0
4b25399f
4b26399f
4b27399e
4b28399e
4b29399d
4b2a399d
4b2b399d
4b2c399c
4b2d399c
4b2e399b
4b2f399b
4b30399a
4b31399a
4b323999
4b333999
4b343999
4b353998
4b363998
4b373997
4b383997
4b393997
4b3a3996
4b3b3996
4b3c3995
4b3d3995
4b3e3994
4b3f3994
4b403994
4b413993
4b423993
4b433993
4b443992
4b453992
4b463992
4b473991
4b483991
4b493990
4b4a3990
4b4b3990
4b4c398f
4b4d398f
4b4e398f
4b4f398e
4b50398e
4b51398e
4b52398d
4b53398d
4b54398d
4b55398c
4b56398c
4b57398c
4b58398b
4b59398b
4b5a398b
4b5b398a
4b5c398a
4b5d398a
4b5e3989
4b5f3989
4b603989
4b613989
4b623988
4b633988
4b643988
4b653987
4b663987
4b673987
4b683986
4b693986
4b6a3986
4b6b3985
4b6c3985
4b6d3985
4b6e3985
4b6f3984
4b703984
4b713984
4b723984
4b733983
4b743983
4b753983
4b763983
4b773982
4b783982
4b793982
4b7a3981
4b7b3981
4b7c3981
4b7d3981
4b7e3980
4b7f3980
4b80397f
4b81397f
4b82397e
4b83397c
4b84397c
4b85397b
4b86397a
4b87397a
4b883978
4b893977
4b8a3977
4b8b3975
4b8c3974
4b8d3974
4b8e3973
4b8f3972
4b903972
4b913970
4b92396f
4b93396f
4b94396e
4b95396d
4b96396d
4b97396c
4b98396a
4b99396a
4b9a3969
4b9b3968
4b9c3968
4b9d3967
4b9e3966
4b9f3966
4ba03965
4ba13964
4ba23964
4ba33963
4ba43962
4ba53962
4ba63961
4ba73960
4ba83960
4ba9395f
4baa395e
4bab395e
4bac395d
4bad395c
4bae395c
4baf395b
4bb0395a
4bb1395a
4bb23959
4bb33958
4bb43958
4bb53957
4bb63956
4bb73956
4bb83955
4bb93955
4bba3955
4bbb3954
4bbc3953
4bbd3953
4bbe3952
4bbf3951
4bc03951
4bc13950
4bc23950
4bc33950
4bc4394f
4bc5394e
4bc6394e
4bc7394d
4bc8394c
4bc9394c
4bca394c
4bcb394b
4bcc394b
4bcd394a
4bce3949
4bcf3949
4bd03949
4bd13948
4bd23948
4bd33947
4bd43947
4bd53947
4bd63946
4bd73945
4bd83945
4bd93945
4bda3944
4bdb3944
4bdc3943
4bdd3942
4bde3942
4bdf3942
4be03941
4be13941
4be23941
4be33940
4be43940
4be5393f
4be6393f
4be7393f
4be8393e
4be9393d
4bea393d
4beb393d
4bec393c
4bed393c
4bee393c
4bef393b
4bf0393b
4bf1393a
4bf2393a
4bf3393a
4bf43939
4bf53939
4bf63939
4bf73938
4bf83938
4bf93938
4bfa3937
4bfb3937
4bfc3937
4bfd3936
4bfe3935
4bff3935
4c003935
4c013934
4c023933
4c033933
4c043932
4c053931
4c063931
4c073930
4c08392f
4c09392f
4c0a392e
4c0b392d
4c0c392d
4c0d392d
4c0e392c
4c0f392b
4c10392b
4c11392a
4c123929
4c133929
4c143928
4c153928
4c163927
4c173926
4c183926
4c193926
4c1a3925
4c1b3924
4c1c3924
4c1d3923
4c1e3923
4c1f3922
4c203922
4c213921
4c223921
4c233920
4c243920
4c25391f
4c26391f
4c27391e
4c28391e
4c29391d
4c2a391d
4c2b391d
4c2c391c
4c2d391c
4c2e391b
4c2f391b
4c30391a
4c31391a
4c323919
4c333919
4c343919
4c353918
4c363918
4c373917
4c383917
4c393917
4c3a3916
4c3b3916
4c3c3915
4c3d3915
4c3e3914
4c3f3914
4c403914
4c413913
4c423913
4c433913
4c443912
4c453912
4c463912
4c473911
4c483911
4c493910
4c4a3910
4c4b3910
4c4c390f
4c4d390f
4c4e390f
4c4f390e
4c50390e
4c51390e
4c52390d
4c53390d
4c54390d
4c55390c
4c56390c
4c57390c
4c58390b
4c59390b
4c5a390b
4c5b390a
4c5c390a
4c5d390a
4c5e3909
4c5f3909
4c603909
4c613909
4c623908
4c633908
4c643908
4c653907
4c663907
4c673907
4c683906
4c693906
4c6a3906
4c6b3905
4c6c3905
4c6d3905
4c6e3905
4c6f3904
4c703904
4c713904
4c723904
4c733903
4c743903
4c753903
4c763903
4c773902
4c783902
4c793902
4c7a3901
4c7b3901
4c7c3901
4c7d3901
4c7e3900
4c7f3900
4c8038ff
4c8138ff
4c8238fe
4c8338fc
4c8438fc
4c8538fb
4c8638fa
4c8738fa
4c8838f8
4c8938f7
4c8a38f7
4c8b38f5
4c8c38f4
4c8d38f4
4c8e38f3
4c8f38f2
4c9038f2
4c9138f0
4c9238ef
4c9338ef
4c9438ee
4c9538ed
4c9638ed
4c9738ec
4c9838ea
4c9938ea
4c9a38e9
4c9b38e8
4c9c38e8
4c9d38e7
4c9e38e6
4c9f38e6
4ca038e5
4ca138e4
4ca238e4
4ca338e3
4ca438e2
4ca538e2
4ca638e1
4ca738e0
4ca838e0
4ca938df
4caa38de
4cab38de
4cac38dd
4cad38dc
4cae38dc
4caf38db
4cb038da
4cb138da
4cb238d9
4cb338d8
4cb438d8
4cb538d7
4cb638d6
4cb738d6
4cb838d5
4cb938d5
4cba38d5
4cbb38d4
4cbc38d3
4cbd38d3
4cbe38d2
4cbf38d1
4cc038d1
4cc138d0
4cc238d0
4cc338d0
4cc438cf
4cc538ce
4cc638ce
4cc738cd
4cc838cc
4cc938cc
4cca38cc
4ccb38cb
4ccc38cb
4ccd38ca
4cce38c9
4ccf38c9
4cd038c9
4cd138c8
4cd238c8
4cd338c7
4cd438c7
4cd538c7
4cd638c6
4cd738c5
4cd838c5
4cd938c5
4cda38c4
4cdb38c4
4cdc38c3
4cdd38c2
4cde38c2
4cdf38c2
4ce038c1
4ce138c1
4ce238c1
4ce338c0
4ce438c0
4ce538bf
4ce638bf
4ce738bf
4ce838be
4ce938bd
4cea38bd
4ceb38bd
4cec38bc
4ced38bc
4cee38bc
4cef38bb
4cf038bb
4cf138ba
4cf238ba
4cf338ba
4cf438b9
4cf538b9
4cf638b9
4cf738b8
4cf838b8
4cf938b8
4cfa38b7
4cfb38b7
4cfc38b7
4cfd38b6
4cfe38b5
4cff38b5
4d0038b5
4d0138b4
4d0238b3
4d0338b3
4d0438b2
4d0538b1
4d0638b1
4d0738b0
4d0838af
4d0938af
4d0a38ae
4d0b38ad
4d0c38ad
4d0d38ad
4d0e38ac
4d0f38ab
4d1038ab
4d1138aa
4d1238a9
4d1338a9
4d1438a8
4d1538a8
4d1638a7
4d1738a6
4d1838a6
4d1938a6
4d1a38a5
4d1b38a4
4d1c38a4
4d1d38a3
4d1e38a3
4d1f38a2
4d2038a2
4d2138a1
4d2238a1
4d2338a0
4d2438a0
4d25389f
4d26389f
4d27389e
4d28389e
4d29389d
4d2a389d
4d2b389d
4d2c389c
4d2d389c
4d2e389b
4d2f389b
4d30389a
4d31389a
4d323899
4d333899
4d343899
4d353898
4d363898
4d373897
4d383897
4d393897
4d3a3896
4d3b3896
4d3c3895
4d3d3895
4d3e3894
4d3f3894
4d403894
4d413893
4d423893
4d433893
4d443892
4d453892
4d463892
4d473891
4d483891
4d493890
4d4a3890
4d4b3890
4d4c388f
4d4d388f
4d4e388f
4d4f388e
4d50388e
4d51388e
4d52388d
4d53388d
4d54388d
4d55388c
4d56388c
4d57388c
4d58388b
4d59388b
4d5a388b
4d5b388a
4d5c388a
4d5d388a
4d5e3889
4d5f3889
4d603889
4d613889
4d623888
4d633888
4d643888
4d653887
4d663887
4d673887
4d683886
4d693886
4d6a3886
4d6b3885
4d6c3885
4d6d3885
4d6e3885
4d6f3884
4d703884
4d713884
4d723884
4d733883
4d743883
4d753883
4d763883
4d773882
4d783882
4d793882
4d7a3881
4d7b3881
4d7c3881
4d7d3881
4d7e3880
4d7f3880
4d80387f
4d81387f
4d82387e
4d83387c
4d84387c
4d85387b
4d86387a
4d87387a
4d883878
4d893877
4d8a3877
4d8b3875
4d8c3874
4d8d3874
4d8e3873
4d8f3872
4d903872
4d913870
4d92386f
4d93386f
4d94386e
4d95386d
4d96386d
4d97386c
4d98386a
4d99386a
4d9a3869
4d9b3868
4d9c3868
4d9d3867
4d9e3866
4d9f3866
4da03865
4da13864
4da23864
4da33863
4da43862
4da53862
4da63861
4da73860
4da83860
4da9385f
4daa385e
4dab385e
4dac385d
4dad385c
4dae385c
4daf385b
4db0385a
4db1385a
4db23859
4db33858
4db43858
4db53857
4db63856
4db73856
4db83855
4db93855
4dba3855
4dbb3854
4dbc3853
4dbd3853
4dbe3852
4dbf3851
4dc03851
4dc13850
4dc23850
4dc33850
4dc4384f
4dc5384e
4dc6384e
4dc7384d
4dc8384c
4dc9384c
4dca384c
4dcb384b
4dcc384b
4dcd384a
4dce3849
4dcf3849
4dd03849
4dd13848
4dd23848
4dd33847
4dd43847
4dd53847
4dd63846
4dd73845
4dd83845
4dd93845
4dda3844
4ddb3844
4ddc3843
4ddd3842
4dde3842
4ddf3842
4de03841
4de13841
4de23841
4de33840
4de43840
4de5383f
4de6383f
4de7383f
4de8383e
4de9383d
4dea383d
4deb383d
4dec383c
4ded383c
4dee383c
4def383b
4df0383b
4df1383a
4df2383a
4df3383a
4df43839
4df53839
4df63839
4df73838
4df83838
4df93838
4dfa3837
4dfb3837
4dfc3837
4dfd3836
4dfe3835
4dff3835
4e003835
4e013834
4e023833
4e033833
4e043832
4e053831
4e063831
4e073830
4e08382f
4e09382f
4e0a382e
4e0b382d
4e0c382d
4e0d382d
4e0e382c
4e0f382b
4e10382b
4e11382a
4e123829
4e133829
4e143828
4e153828
4e163827
4e173826
4e183826
4e193826
4e1a3825
4e1b3824
4e1c3824
4e1d3823
4e1e3823
4e1f3822
4e203822
4e213821
4e223821
4e233820
4e243820
4e25381f
4e26381f
4e27381e
4e28381e
4e29381d
4e2a381d
4e2b381d
4e2c381c
4e2d381c
4e2e381b
4e2f381b
4e30381a
4e31381a
4e323819
4e333819
4e343819
4e353818
4e363818
4e373817
4e383817
4e393817
4e3a3816
4e3b3816
4e3c3815
4e3d3815
4e3e3814
4e3f3814
4e403814
4e413813
4e423813
4e433813
4e443812
4e453812
4e463812
4e473811
4e483811
4e493810
4e4a3810
4e4b3810
4e4c380f
4e4d380f
4e4e380f
4e4f380e
4e50380e
4e51380e
4e52380d
4e53380d
4e54380d
4e55380c
4e56380c
4e57380c
4e58380b
4e59380b
4e5a380b
4e5b380a
4e5c380a
4e5d380a
4e5e3809
4e5f3809
4e603809
4e613809
4e623808
4e633808
4e643808
4e653807
4e663807
4e673807
4e683806
4e693806
4e6a3806
4e6b3805
4e6c3805
4e6d3805
4e6e3805
4e6f3804
4e703804
4e713804
4e723804
4e733803
4e743803
4e753803
4e763803
4e773802
4e783802
4e793802
4e7a3801
4e7b3801
4e7c3801
4e7d3801
4e7e3800
4e7f3800
4e8037ff
4e8137ff
4e8237fe
4e8337fc
4e8437fc
4e8537fb
4e8637fa
4e8737fa
4e8837f8
4e8937f7
4e8a37f7
4e8b37f5
4e8c37f4
4e8d37f4
4e8e37f3
4e8f37f2
4e9037f2
4e9137f0
4e9237ef
4e9337ef
4e9437ee
4e9537ed
4e9637ed
4e9737ec
4e9837ea
4e9937ea
4e9a37e9
4e9b37e8
4e9c37e8
4e9d37e7
4e9e37e6
4e9f37e6
4ea037e5
4ea137e4
4ea237e4
4ea337e3
4ea437e2
4ea537e2
4ea637e1
4ea737e0
4ea837e0
4ea937df
4eaa37de
4eab37de
4eac37dd
4ead37dc
4eae37dc
4eaf37db
4eb037da
4eb137da
4eb237d9
4eb337d8
4eb437d8
4eb537d7
4eb637d6
4eb737d6
4eb837d5
4eb937d5
4eba37d5
4ebb37d4
4ebc37d3
4ebd37d3
4ebe37d2
4ebf37d1
4ec037d1
4ec137d0
4ec237d0
4ec337d0
4ec437cf
4ec537ce
4ec637ce
4ec737cd
4ec837cc
4ec937cc
4eca37cc
4ecb37cb
4ecc37cb
4ecd37ca
4ece37c9
4ecf37c9
4ed037c9
4ed137c8
4ed237c8
4ed337c7
4ed437c7
4ed537c7
4ed637c6
4ed737c5
4ed837c5
4ed937c5
4eda37c4
4edb37c4
4edc37c3
4edd37c2
4ede37c2
4edf37c2
4ee037c1
4ee137c1
4ee237c1
4ee337c0
4ee437c0
4ee537bf
4ee637bf
4ee737bf
4ee837be
4ee937bd
4eea37bd
4eeb37bd
4eec37bc
4eed37bc
4eee37bc
4eef37bb
4ef037bb
4ef137ba
4ef237ba
4ef337ba
4ef437b9
4ef537b9
4ef637b9
4ef737b8
4ef837b8
4ef937b8
4efa37b7
4efb37b7
4efc37b7
4efd37b6
4efe37b5
4eff37b5
4f0037b5
4f0137b4
4f0237b3
4f0337b3
4f0437b2
4f0537b1
4f0637b1
4f0737b0
4f0837af
4f0937af
4f0a37ae
4f0b37ad
4f0c37ad
4f0d37ad
4f0e37ac
4f0f37ab
4f1037ab
4f1137aa
4f1237a9
4f1337a9
4f1437a8
4f1537a8
4f1637a7
4f1737a6
4f1837a6
4f1937a6
4f1a37a5
4f1b37a4
4f1c37a4
4f1d37a3
4f1e37a3
4f1f37a2
4f2037a2
4f2137a1
4f2237a1
4f2337a0
4f2437a0
4f25379f
4f26379f
4f27379e
4f28379e
4f29379d
4f2a379d
4f2b379d
4f2c379c
4f2d379c
4f2e379b
4f2f379b
4f30379a
4f31379a
4f323799
4f333799
4f343799
4f353798
4f363798
4f373797
4f383797
4f393797
4f3a3796
4f3b3796
4f3c3795
4f3d3795
4f3e3794
4f3f3794
4f403794
4f413793
4f423793
4f433793
4f443792
4f453792
4f463792
4f473791
4f483791
4f493790
4f4a3790
4f4b3790
4f4c378f
4f4d378f
4f4e378f
4f4f378e
4f50378e
4f51378e
4f52378d
4f53378d
4f54378d
4f55378c
4f56378c
4f57378c
4f58378b
4f59378b
4f5a378b
4f5b378a
4f5c378a
4f5d378a
4f5e3789
4f5f3789
4f603789
4f613789
4f623788
4f633788
4f643788
4f653787
4f663787
4f673787
4f683786
4f693786
4f6a3786
4f6b3785
4f6c3785
4f6d3785
4f6e3785
4f6f3784
4f703784
4f713784
4f723784
4f733783
4f743783
4f753783
4f763783
4f773782
4f783782
4f793782
4f7a3781
4f7b3781
4f7c3781
4f7d3781
4f7e3780
4f7f3780
4f80377f
4f81377f
4f82377e
4f83377c
4f84377c
4f85377b
4f86377a
4f87377a
4f883778
4f893777
4f8a3777
4f8b3775
4f8c3774
4f8d3774
4f8e3773
4f8f3772
4f903772
4f913770
4f92376f
4f93376f
4f94376e
4f95376d
4f96376d
4f97376c
4f98376a
4f99376a
4f9a3769
4f9b3768
4f9c3768
4f9d3767
4f9e3766
4f9f3766
4fa03765
4fa13764
4fa23764
4fa33763
4fa43762
4fa53762
4fa63761
4fa73760
4fa83760
4fa9375f
4faa375e
4fab375e
4fac375d
4fad375c
4fae375c
4faf375b
4fb0375a
4fb1375a
4fb23759
4fb33758
4fb43758
4fb53757
4fb63756
4fb73756
4fb83755
4fb93755
4fba3755
4fbb3754
4fbc3753
4fbd3753
4fbe3752
4fbf3751
4fc03751
4fc13750
4fc23750
4fc33750
4fc4374f
4fc5374e
4fc6374e
4fc7374d
4fc8374c
4fc9374c
4fca374c
4fcb374b
4fcc374b
4fcd374a
4fce3749
4fcf3749
4fd03749
4fd13748
4fd23748
4fd33747
4fd43747
4fd53747
4fd63746
4fd73745
4fd83745
4fd93745
4fda3744
4fdb3744
4fdc3743
4fdd3742
4fde3742
4fdf3742
4fe03741
4fe13741
4fe23741
4fe33740
4fe43740
4fe5373f
4fe6373f
4fe7373f
4fe8373e
4fe9373d
4fea373d
4feb373d
4fec373c
4fed373c
4fee373c
4fef373b
4ff0373b
4ff1373a
4ff2373a
4ff3373a
4ff43739
4ff53739
4ff63739
4ff73738
4ff83738
4ff93738
4ffa3737
4ffb3737
4ffc3737
4ffd3736
4ffe3735
4fff3735
50003735
50013734
50023733
50033733
50043732
50053731
50063731
50073730
5008372f
5009372f
500a372e
500b372d
500c372d
500d372d
500e372c
500f372b
5010372b
5011372a
50123729
50133729
50143728
50153728
50163727
50173726
50183726
50193726
501a3725
501b3724
501c3724
501d3723
501e3723
501f3722
50203722
50213721
50223721
50233720
50243720
5025371f
5026371f
5027371e
5028371e
5029371d
502a371d
502b371d
502c371c
502d371c
502e371b
502f371b
5030371a
5031371a
50323719
50333719
50343719
50353718
50363718
50373717
50383717
50393717
503a3716
503b3716
503c3715
503d3715
503e3714
503f3714
50403714
50413713
50423713
50433713
50443712
50453712
50463712
50473711
50483711
50493710
504a3710
504b3710
504c370f
504d370f
504e370f
504f370e
5050370e
5051370e
5052370d
5053370d
5054370d
5055370c
5056370c
5057370c
5058370b
5059370b
505a370b
505b370a
505c370a
505d370a
505e3709
505f3709
50603709
50613709
50623708
50633708
50643708
50653707
50663707
50673707
50683706
50693706
506a3706
506b3705
506c3705
506d3705
506e3705
506f3704
50703704
50713704
50723704
50733703
50743703
50753703
50763703
50773702
50783702
50793702
507a3701
507b3701
507c3701
507d3701
507e3700
507f3700
508036ff
508136ff
508236fe
508336fc
508436fc
508536fb
508636fa
508736fa
508836f8
508936f7
508a36f7
508b36f5
508c36f4
508d36f4
508e36f3
508f36f2
509036f2
509136f0
509236ef
509336ef
509436ee
509536ed
509636ed
509736ec
509836ea
509936ea
509a36e9
509b36e8
509c36e8
509d36e7
509e36e6
509f36e6
50a036e5
50a136e4
50a236e4
50a336e3
50a436e2
50a536e2
50a636e1
50a736e0
50a836e0
50a936df
50aa36de
50ab36de
50ac36dd
50ad36dc
50ae36dc
50af36db
50b036da
50b136da
50b236d9
50b336d8
50b436d8
50b536d7
50b636d6
50b736d6
50b836d5
50b936d5
50ba36d5
50bb36d4
50bc36d3
50bd36d3
50be36d2
50bf36d1
50c036d1
50c136d0
50c236d0
50c336d0
50c436cf
50c536ce
50c636ce
50c736cd
50c836cc
50c936cc
50ca36cc
50cb36cb
50cc36cb
50cd36ca
50ce36c9
50cf36c9
50d036c9
50d136c8
50d236c8
50d336c7
50d436c7
50d536c7
50d636c6
50d736c5
50d836c5
50d936c5
50da36c4
50db36c4
50dc36c3
50dd36c2
50de36c2
50df36c2
50e036c1
50e136c1
50e236c1
50e336c0
50e436c0
50e536bf
50e636bf
50e736bf
50e836be
50e936bd
50ea36bd
50eb36bd
50ec36bc
50ed36bc
50ee36bc
50ef36bb
50f036bb
50f136ba
50f236ba
50f336ba
50f436b9
50f536b9
50f636b9
50f736b8
50f836b8
50f936b8
50fa36b7
50fb36b7
50fc36b7
50fd36b6
50fe36b5
50ff36b5
510036b5
510136b4
510236b3
510336b3
510436b2
510536b1
510636b1
510736b0
510836af
510936af
510a36ae
510b36ad
510c36ad
510d36ad
510e36ac
510f36ab
511036ab
511136aa
511236a9
511336a9
511436a8
511536a8
511636a7
511736a6
511836a6
511936a6
511a36a5
511b36a4
511c36a4
511d36a3
511e36a3
511f36a2
512036a2
512136a1
512236a1
512336a0
512436a0
5125369f
5126369f
5127369e
5128369e
5129369d
512a369d
512b369d
512c369c
512d369c
512e369b
512f369b
5130369a
5131369a
51323699
51333699
51343699
51353698
51363698
51373697
51383697
51393697
513a3696
513b3696
513c3695
513d3695
513e3694
513f3694
51403694
51413693
51423693
51433693
51443692
51453692
51463692
51473691
51483691
51493690
514a3690
514b3690
514c368f
514d368f
514e368f
514f368e
5150368e
5151368e
5152368d
5153368d
5154368d
5155368c
5156368c
5157368c
5158368b
5159368b
515a368b
515b368a
515c368a
515d368a
515e3689
515f3689
51603689
51613689
51623688
51633688
51643688
51653687
51663687
51673687
51683686
51693686
516a3686
516b3685
516c3685
516d3685
516e3685
516f3684
51703684
51713684
51723684
51733683
51743683
51753683
51763683
51773682
51783682
51793682
517a3681
517b3681
517c3681
517d3681
517e3680
517f3680
5180367f
5181367f
5182367e
5183367c
5184367c
5185367b
5186367a
5187367a
51883678
51893677
518a3677
518b3675
518c3674
518d3674
518e3673
518f3672
51903672
51913670
5192366f
5193366f
5194366e
5195366d
5196366d
5197366c
5198366a
5199366a
519a3669
519b3668
519c3668
519d3667
519e3666
519f3666
51a03665
51a13664
51a23664
51a33663
51a43662
51a53662
51a63661
51a73660
51a83660
51a9365f
51aa365e
51ab365e
51ac365d
51ad365c
51ae365c
51af365b
51b0365a
51b1365a
51b23659
51b33658
51b43658
51b53657
51b63656
51b73656
51b83655
51b93655
51ba3655
51bb3654
51bc3653
51bd3653
51be3652
51bf3651
51c03651
51c13650
51c23650
51c33650
51c4364f
51c5364e
51c6364e
51c7364d
51c8364c
51c9364c
51ca364c
51cb364b
51cc364b
51cd364a
51ce3649
51cf3649
51d03649
51d13648
51d23648
51d33647
51d43647
51d53647
51d63646
51d73645
51d83645
51d93645
51da3644
51db3644
51dc3643
51dd3642
51de3642
51df3642
51e03641
51e13641
51e23641
51e33640
51e43640
51e5363f
51e6363f
51e7363f
51e8363e
51e9363d
51ea363d
51eb363d
51ec363c
51ed363c
51ee363c
51ef363b
51f0363b
51f1363a
51f2363a
51f3363a
51f43639
51f53639
51f63639
51f73638
51f83638
51f93638
51fa3637
51fb3637
51fc3637
51fd3636
51fe3635
51ff3635
52003635
52013634
52023633
52033633
52043632
52053631
52063631
52073630
5208362f
5209362f
520a362e
520b362d
520c362d
520d362d
520e362c
520f362b
5210362b
5211362a
52123629
52133629
52143628
52153628
52163627
52173626
52183626
52193626
521a3625
521b3624
521c3624
521d3623
521e3623
521f3622
52203622
52213621
52223621
52233620
52243620
5225361f
5226361f
5227361e
5228361e
5229361d
522a361d
522b361d
522c361c
522d361c
522e361b
522f361b
5230361a
5231361a
52323619
52333619
52343619
52353618
52363618
52373617
52383617
52393617
523a3616
523b3616
523c3615
523d3615
523e3614
523f3614
52403614
52413613
52423613
52433613
52443612
52453612
52463612
52473611
52483611
52493610
524a3610
524b3610
524c360f
524d360f
524e360f
524f360e
5250360e
5251360e
5252360d
5253360d
5254360d
5255360c
5256360c
5257360c
5258360b
5259360b
525a360b
525b360a
525c360a
525d360a
525e3609
525f3609
52603609
52613609
52623608
52633608
52643608
52653607
52663607
52673607
52683606
52693606
526a3606
526b3605
526c3605
526d3605
526e3605
526f3604
52703604
52713604
52723604
52733603
52743603
52753603
52763603
52773602
52783602
52793602
527a3601
527b3601
527c3601
527d3601
527e3600
527f3600
528035ff
528135ff
528235fe
528335fc
528435fc
528535fb
528635fa
528735fa
528835f8
528935f7
528a35f7
528b35f5
528c35f4
528d35f4
528e35f3
528f35f2
529035f2
529135f0
529235ef
529335ef
529435ee
529535ed
529635ed
529735ec
529835ea
529935ea
529a35e9
529b35e8
529c35e8
529d35e7
529e35e6
529f35e6
52a035e5
52a135e4
52a235e4
52a335e3
52a435e2
52a535e2
52a635e1
52a735e0
52a835e0
52a935df
52aa35de
52ab35de
52ac35dd
52ad35dc
52ae35dc
52af35db
52b035da
52b135da
52b235d9
52b335d8
52b435d8
52b535d7
52b635d6
52b735d6
52b835d5
52b935d5
52ba35d5
52bb35d4
52bc35d3
52bd35d3
52be35d2
52bf35d1
52c035d1
52c135d0
52c235d0
52c335d0
52c435cf
52c535ce
52c635ce
52c735cd
52c835cc
52c935cc
52ca35cc
52cb35cb
52cc35cb
52cd35ca
52ce35c9
52cf35c9
52d035c9
52d135c8
52d235c8
52d335c7
52d435c7
52d535c7
52d635c6
52d735c5
52d835c5
52d935c5
52da35c4
52db35c4
52dc35c3
52dd35c2
52de35c2
52df35c2
52e035c1
52e135c1
52e235c1
52e335c0
52e435c0
52e535bf
52e635bf
52e735bf
52e835be
52e935bd
52ea35bd
52eb35bd
52ec35bc
52ed35bc
52ee35bc
52ef35bb
52f035bb
52f135ba
52f235ba
52f335ba
52f435b9
52f535b9
52f635b9
52f735b8
52f835b8
52f935b8
52fa35b7
52fb35b7
52fc35b7
52fd35b6
52fe35b5
52ff35b5
530035b5
530135b4
530235b3
530335b3
530435b2
530535b1
530635b1
530735b0
530835af
530935af
530a35ae
530b35ad
530c35ad
530d35ad
530e35ac
530f35ab
531035ab
531135aa
531235a9
531335a9
531435a8
531535a8
531635a7
531735a6
531835a6
531935a6
531a35a5
531b35a4
531c35a4
531d35a3
531e35a3
531f35a2
532035a2
532135a1
532235a1
532335a0
532435a0
5325359f
5326359f
5327359e
5328359e
5329359d
532a359d
532b359d
532c359c
532d359c
532e359b
532f359b
5330359a
5331359a
53323599
53333599
53343599
53353598
53363598
53373597
53383597
53393597
533a3596
533b3596
533c3595
533d3595
533e3594
533f3594
53403594
53413593
53423593
53433593
53443592
53453592
53463592
53473591
53483591
53493590
534a3590
534b3590
534c358f
534d358f
534e358f
534f358e
5350358e
5351358e
5352358d
5353358d
5354358d
5355358c
5356358c
5357358c
5358358b
5359358b
535a358b
535b358a
535c358a
535d358a
535e3589
535f3589
53603589
53613589
53623588
53633588
53643588
53653587
53663587
53673587
53683586
53693586
536a3586
536b3585
536c3585
536d3585
536e3585
536f3584
53703584
53713584
53723584
53733583
53743583
53753583
53763583
53773582
53783582
53793582
537a3581
537b3581
537c3581
537d3581
537e3580
537f3580
5380357f
5381357f
5382357e
5383357c
5384357c
5385357b
5386357a
5387357a
53883578
53893577
538a3577
538b3575
538c3574
538d3574
538e3573
538f3572
53903572
53913570
5392356f
5393356f
5394356e
5395356d
5396356d
5397356c
5398356a
5399356a
539a3569
539b3568
539c3568
539d3567
539e3566
539f3566
53a03565
53a13564
53a23564
53a33563
53a43562
53a53562
53a63561
53a73560
53a83560
53a9355f
53aa355e
53ab355e
53ac355d
53ad355c
53ae355c
53af355b
53b0355a
53b1355a
53b23559
53b33558
53b43558
53b53557
53b63556
53b73556
53b83555
53b93555
53ba3555
53bb3554
53bc3553
53bd3553
53be3552
53bf3551
53c03551
53c13550
53c23550
53c33550
53c4354f
53c5354e
53c6354e
53c7354d
53c8354c
53c9354c
53ca354c
53cb354b
53cc354b
53cd354a
53ce3549
53cf3549
53d03549
53d13548
53d23548
53d33547
53d43547
53d53547
53d63546
53d73545
53d83545
53d93545
53da3544
53db3544
53dc3543
53dd3542
53de3542
53df3542
53e03541
53e13541
53e23541
53e33540
53e43540
53e5353f
53e6353f
53e7353f
53e8353e
53e9353d
53ea353d
53eb353d
53ec353c
53ed353c
53ee353c
53ef353b
53f0353b
53f1353a
53f2353a
53f3353a
53f43539
53f53539
53f63539
53f73538
53f83538
53f93538
53fa3537
53fb3537
53fc3537
53fd3536
53fe3535
53ff3535
54003535
54013534
54023533
54033533
54043532
54053531
54063531
54073530
5408352f
5409352f
540a352e
540b352d
540c352d
540d352d
540e352c
540f352b
5410352b
5411352a
54123529
54133529
54143528
54153528
54163527
54173526
54183526
54193526
541a3525
541b3524
541c3524
541d3523
541e3523
541f3522
54203522
54213521
54223521
54233520
54243520
5425351f
5426351f
5427351e
5428351e
5429351d
542a351d
542b351d
542c351c
542d351c
542e351b
542f351b
5430351a
5431351a
54323519
54333519
54343519
54353518
54363518
54373517
54383517
54393517
543a3516
543b3516
543c3515
543d3515
543e3514
543f3514
54403514
54413513
54423513
54433513
54443512
54453512
54463512
54473511
54483511
54493510
544a3510
544b3510
544c350f
544d350f
544e350f
544f350e
5450350e
5451350e
5452350d
5453350d
5454350d
5455350c
5456350c
5457350c
5458350b
5459350b
545a350b
545b350a
545c350a
545d350a
545e3509
545f3509
54603509
54613509
54623508
54633508
54643508
54653507
54663507
54673507
54683506
54693506
546a3506
546b3505
546c3505
546d3505
546e3505
546f3504
54703504
54713504
54723504
54733503
54743503
54753503
54763503
54773502
54783502
54793502
547a3501
547b3501
547c3501
547d3501
547e3500
547f3500
548034ff
548134ff
548234fe
548334fc
548434fc
548534fb
548634fa
548734fa
548834f8
548934f7
548a34f7
548b34f5
548c34f4
548d34f4
548e34f3
548f34f2
549034f2
549134f0
549234ef
549334ef
549434ee
549534ed
549634ed
549734ec
549834ea
549934ea
549a34e9
549b34e8
549c34e8
549d34e7
549e34e6
549f34e6
54a034e5
54a134e4
54a234e4
54a334e3
54a434e2
54a534e2
54a634e1
54a734e0
54a834e0
54a934df
54aa34de
54ab34de
54ac34dd
54ad34dc
54ae34dc
54af34db
54b034da
54b134da
54b234d9
54b334d8
54b434d8
54b534d7
54b634d6
54b734d6
54b834d5
54b934d5
54ba34d5
54bb34d4
54bc34d3
54bd34d3
54be34d2
54bf34d1
54c034d1
54c134d0
54c234d0
54c334d0
54c434cf
54c534ce
54c634ce
54c734cd
54c834cc
54c934cc
54ca34cc
54cb34cb
54cc34cb
54cd34ca
54ce34c9
54cf34c9
54d034c9
54d134c8
54d234c8
54d334c7
54d434c7
54d534c7
54d634c6
54d734c5
54d834c5
54d934c5
54da34c4
54db34c4
54dc34c3
54dd34c2
54de34c2
54df34c2
54e034c1
54e134c1
54e234c1
54e334c0
54e434c0
54e534bf
54e634bf
54e734bf
54e834be
54e934bd
54ea34bd
54eb34bd
54ec34bc
54ed34bc
54ee34bc
54ef34bb
54f034bb
54f134ba
54f234ba
54f334ba
54f434b9
54f534b9
54f634b9
54f734b8
54f834b8
54f934b8
54fa34b7
54fb34b7
54fc34b7
54fd34b6
54fe34b5
54ff34b5
550034b5
550134b4
550234b3
550334b3
550434b2
550534b1
550634b1
550734b0
550834af
550934af
550a34ae
550b34ad
550c34ad
550d34ad
550e34ac
550f34ab
551034ab
551134aa
551234a9
551334a9
551434a8
551534a8
551634a7
551734a6
551834a6
551934a6
551a34a5
551b34a4
551c34a4
551d34a3
551e34a3
551f34a2
552034a2
552134a1
552234a1
552334a0
552434a0
5525349f
5526349f
5527349e
5528349e
5529349d
552a349d
552b349d
552c349c
552d349c
552e349b
552f349b
5530349a
5531349a
55323499
55333499
55343499
55353498
55363498
55373497
55383497
55393497
553a3496
553b3496
553c3495
553d3495
553e3494
553f3494
55403494
55413493
55423493
55433493
55443492
55453492
55463492
55473491
55483491
55493490
554a3490
554b3490
554c348f
554d348f
554e348f
554f348e
5550348e
5551348e
5552348d
5553348d
5554348d
5555348c
5556348c
5557348c
5558348b
5559348b
555a348b
555b348a
555c348a
555d348a
555e3489
555f3489
55603489
55613489
55623488
55633488
55643488
55653487
55663487
55673487
55683486
55693486
556a3486
556b3485
556c3485
556d3485
556e3485
556f3484
55703484
55713484
55723484
55733483
55743483
55753483
55763483
55773482
55783482
55793482
557a3481
557b3481
557c3481
557d3481
557e3480
557f3480
5580347f
5581347f
5582347e
5583347c
5584347c
5585347b
5586347a
5587347a
55883478
55893477
558a3477
558b3475
558c3474
558d3474
558e3473
558f3472
55903472
55913470
5592346f
5593346f
5594346e
5595346d
5596346d
5597346c
5598346a
5599346a
559a3469
559b3468
559c3468
559d3467
559e3466
559f3466
55a03465
55a13464
55a23464
55a33463
55a43462
55a53462
55a63461
55a73460
55a83460
55a9345f
55aa345e
55ab345e
55ac345d
55ad345c
55ae345c
55af345b
55b0345a
55b1345a
55b23459
55b33458
55b43458
55b53457
55b63456
55b73456
55b83455
55b93455
55ba3455
55bb3454
55bc3453
55bd3453
55be3452
55bf3451
55c03451
55c13450
55c23450
55c33450
55c4344f
55c5344e
55c6344e
55c7344d
55c8344c
55c9344c
55ca344c
55cb344b
55cc344b
55cd344a
55ce3449
55cf3449
55d03449
55d13448
55d23448
55d33447
55d43447
55d53447
55d63446
55d73445
55d83445
55d93445
55da3444
55db3444
55dc3443
55dd3442
55de3442
55df3442
55e03441
55e13441
55e23441
55e33440
55e43440
55e5343f
55e6343f
55e7343f
55e8343e
55e9343d
55ea343d
55eb343d
55ec343c
55ed343c
55ee343c
55ef343b
55f0343b
55f1343a
55f2343a
55f3343a
55f43439
55f53439
55f63439
55f73438
55f83438
55f93438
55fa3437
55fb3437
55fc3437
55fd3436
55fe3435
55ff3435
56003435
56013434
56023433
56033433
56043432
56053431
56063431
56073430
5608342f
5609342f
560a342e
560b342d
560c342d
560d342d
560e342c
560f342b
5610342b
5611342a
56123429
56133429
56143428
56153428
56163427
56173426
56183426
56193426
561a3425
561b3424
561c3424
561d3423
561e3423
561f3422
56203422
56213421
56223421
56233420
56243420
5625341f
5626341f
5627341e
5628341e
5629341d
562a341d
562b341d
562c341c
562d341c
562e341b
562f341b
5630341a
5631341a
56323419
56333419
56343419
56353418
56363418
56373417
56383417
56393417
563a3416
563b3416
563c3415
563d3415
563e3414
563f3414
56403414
56413413
56423413
56433413
56443412
56453412
56463412
56473411
56483411
56493410
564a3410
564b3410
564c340f
564d340f
564e340f
564f340e
5650340e
5651340e
5652340d
5653340d
5654340d
5655340c
5656340c
5657340c
5658340b
5659340b
565a340b
565b340a
565c340a
565d340a
565e3409
565f3409
56603409
56613409
56623408
56633408
56643408
56653407
56663407
56673407
56683406
56693406
566a3406
566b3405
566c3405
566d3405
566e3405
566f3404
56703404
56713404
56723404
56733403
56743403
56753403
56763403
56773402
56783402
56793402
567a3401
567b3401
567c3401
567d3401
567e3400
567f3400
568033ff
568133ff
568233fe
568333fc
568433fc
568533fb
568633fa
568733fa
568833f8
568933f7
568a33f7
568b33f5
568c33f4
568d33f4
568e33f3
568f33f2
569033f2
569133f0
569233ef
569333ef
569433ee
569533ed
569633ed
569733ec
569833ea
569933ea
569a33e9
569b33e8
569c33e8
569d33e7
569e33e6
569f33e6
56a033e5
56a133e4
56a233e4
56a333e3
56a433e2
56a533e2
56a633e1
56a733e0
56a833e0
56a933df
56aa33de
56ab33de
56ac33dd
56ad33dc
56ae33dc
56af33db
56b033da
56b133da
56b233d9
56b333d8
56b433d8
56b533d7
56b633d6
56b733d6
56b833d5
56b933d5
56ba33d5
56bb33d4
56bc33d3
56bd33d3
56be33d2
56bf33d1
56c033d1
56c133d0
56c233d0
56c333d0
56c433cf
56c533ce
56c633ce
56c733cd
56c833cc
56c933cc
56ca33cc
56cb33cb
56cc33cb
56cd33ca
56ce33c9
56cf33c9
56d033c9
56d133c8
56d233c8
56d333c7
56d433c7
56d533c7
56d633c6
56d733c5
56d833c5
56d933c5
56da33c4
56db33c4
56dc33c3
56dd33c2
56de33c2
56df33c2
56e033c1
56e133c1
56e233c1
56e333c0
56e433c0
56e533bf
56e633bf
56e733bf
56e833be
56e933bd
56ea33bd
56eb33bd
56ec33bc
56ed33bc
56ee33bc
56ef33bb
56f033bb
56f133ba
56f233ba
56f333ba
56f433b9
56f533b9
56f633b9
56f733b8
56f833b8
56f933b8
56fa33b7
56fb33b7
56fc33b7
56fd33b6
56fe33b5
56ff33b5
570033b5
570133b4
570233b3
570333b3
570433b2
570533b1
570633b1
570733b0
570833af
570933af
570a33ae
570b33ad
570c33ad
570d33ad
570e33ac
570f33ab
571033ab
571133aa
571233a9
571333a9
571433a8
571533a8
571633a7
571733a6
571833a6
571933a6
571a33a5
571b33a4
571c33a4
571d33a3
571e33a3
571f33a2
572033a2
572133a1
572233a1
572333a0
572433a0
5725339f
5726339f
5727339e
5728339e
5729339d
572a339d
572b339d
572c339c
572d339c
572e339b
572f339b
5730339a
5731339a
57323399
57333399
57343399
57353398
57363398
57373397
57383397
57393397
573a3396
573b3396
573c3395
573d3395
573e3394
573f3394
57403394
57413393
57423393
57433393
57443392
57453392
57463392
57473391
57483391
57493390
574a3390
574b3390
574c338f
574d338f
574e338f
574f338e
5750338e
5751338e
5752338d
5753338d
5754338d
5755338c
5756338c
5757338c
5758338b
5759338b
575a338b
575b338a
575c338a
575d338a
575e3389
575f3389
57603389
57613389
57623388
57633388
57643388
57653387
57663387
57673387
57683386
57693386
576a3386
576b3385
576c3385
576d3385
576e3385
576f3384
57703384
57713384
57723384
57733383
57743383
57753383
57763383
57773382
57783382
57793382
577a3381
577b3381
577c3381
577d3381
577e3380
577f3380
5780337f
5781337f
5782337e
5783337c
5784337c
5785337b
5786337a
5787337a
57883378
57893377
578a3377
578b3375
578c3374
578d3374
578e3373
578f3372
57903372
57913370
5792336f
5793336f
5794336e
5795336d
5796336d
5797336c
5798336a
5799336a
579a3369
579b3368
579c3368
579d3367
579e3366
579f3366
57a03365
57a13364
57a23364
57a33363
57a43362
57a53362
57a63361
57a73360
57a83360
57a9335f
57aa335e
57ab335e
57ac335d
57ad335c
57ae335c
57af335b
57b0335a
57b1335a
57b23359
57b33358
57b43358
57b53357
57b63356
57b73356
57b83355
57b93355
57ba3355
57bb3354
57bc3353
57bd3353
57be3352
57bf3351
57c03351
57c13350
57c23350
57c33350
57c4334f
57c5334e
57c6334e
57c7334d
57c8334c
57c9334c
57ca334c
57cb334b
57cc334b
57cd334a
57ce3349
57cf3349
57d03349
57d13348
57d23348
57d33347
57d43347
57d53347
57d63346
57d73345
57d83345
57d93345
57da3344
57db3344
57dc3343
57dd3342
57de3342
57df3342
57e03341
57e13341
57e23341
57e33340
57e43340
57e5333f
57e6333f
57e7333f
57e8333e
57e9333d
57ea333d
57eb333d
57ec333c
57ed333c
57ee333c
57ef333b
57f0333b
57f1333a
57f2333a
57f3333a
57f43339
57f53339
57f63339
57f73338
57f83338
57f93338
57fa3337
57fb3337
57fc3337
57fd3336
57fe3335
57ff3335
58003335
58013334
58023333
58033333
58043332
58053331
58063331
58073330
5808332f
5809332f
580a332e
580b332d
580c332d
580d332d
580e332c
580f332b
5810332b
5811332a
58123329
58133329
58143328
58153328
58163327
58173326
58183326
58193326
581a3325
581b3324
581c3324
581d3323
581e3323
581f3322
58203322
58213321
58223321
58233320
58243320
5825331f
5826331f
5827331e
5828331e
5829331d
582a331d
582b331d
582c331c
582d331c
582e331b
582f331b
5830331a
5831331a
58323319
58333319
58343319
58353318
58363318
58373317
58383317
58393317
583a3316
583b3316
583c3315
583d3315
583e3314
583f3314
58403314
58413313
58423313
58433313
58443312
58453312
58463312
58473311
58483311
58493310
584a3310
584b3310
584c330f
584d330f
584e330f
584f330e
5850330e
5851330e
5852330d
5853330d
5854330d
5855330c
5856330c
5857330c
5858330b
5859330b
585a330b
585b330a
585c330a
585d330a
585e3309
585f3309
58603309
58613309
58623308
58633308
58643308
58653307
58663307
58673307
58683306
58693306
586a3306
586b3305
586c3305
586d3305
586e3305
586f3304
58703304
58713304
58723304
58733303
58743303
58753303
58763303
58773302
58783302
58793302
587a3301
587b3301
587c3301
587d3301
587e3300
587f3300
588032ff
588132ff
588232fe
588332fc
588432fc
588532fb
588632fa
588732fa
588832f8
588932f7
588a32f7
588b32f5
588c32f4
588d32f4
588e32f3
588f32f2
589032f2
589132f0
589232ef
589332ef
589432ee
589532ed
589632ed
589732ec
589832ea
589932ea
589a32e9
589b32e8
589c32e8
589d32e7
589e32e6
589f32e6
58a032e5
58a132e4
58a232e4
58a332e3
58a432e2
58a532e2
58a632e1
58a732e0
58a832e0
58a932df
58aa32de
58ab32de
58ac32dd
58ad32dc
58ae32dc
58af32db
58b032da
58b132da
58b232d9
58b332d8
58b432d8
58b532d7
58b632d6
58b732d6
58b832d5
58b932d5
58ba32d5
58bb32d4
58bc32d3
58bd32d3
58be32d2
58bf32d1
58c032d1
58c132d0
58c232d0
58c332d0
58c432cf
58c532ce
58c632ce
58c732cd
58c832cc
58c932cc
58ca32cc
58cb32cb
58cc32cb
58cd32ca
58ce32c9
58cf32c9
58d032c9
58d132c8
58d232c8
58d332c7
58d432c7
58d532c7
58d632c6
58d732c5
58d832c5
58d932c5
58da32c4
58db32c4
58dc32c3
58dd32c2
58de32c2
58df32c2
58e032c1
58e132c1
58e232c1
58e332c0
58e432c0
58e532bf
58e632bf
58e732bf
58e832be
58e932bd
58ea32bd
58eb32bd
58ec32bc
58ed32bc
58ee32bc
58ef32bb
58f032bb
58f132ba
58f232ba
58f332ba
58f432b9
58f532b9
58f632b9
58f732b8
58f832b8
58f932b8
58fa32b7
58fb32b7
58fc32b7
58fd32b6
58fe32b5
58ff32b5
590032b5
590132b4
590232b3
590332b3
590432b2
590532b1
590632b1
590732b0
590832af
590932af
590a32ae
590b32ad
590c32ad
590d32ad
590e32ac
590f32ab
591032ab
591132aa
591232a9
591332a9
591432a8
591532a8
591632a7
591732a6
591832a6
591932a6
591a32a5
591b32a4
591c32a4
591d32a3
591e32a3
591f32a2
592032a2
592132a1
592232a1
592332a0
592432a0
5925329f
5926329f
5927329e
5928329e
5929329d
592a329d
592b329d
592c329c
592d329c
592e329b
592f329b
5930329a
5931329a
59323299
59333299
59343299
59353298
59363298
59373297
59383297
59393297
593a3296
593b3296
593c3295
593d3295
593e3294
593f3294
59403294
59413293
59423293
59433293
59443292
59453292
59463292
59473291
59483291
59493290
594a3290
594b3290
594c328f
594d328f
594e328f
594f328e
5950328e
5951328e
5952328d
5953328d
5954328d
5955328c
5956328c
5957328c
5958328b
5959328b
595a328b
595b328a
595c328a
595d328a
595e3289
595f3289
59603289
59613289
59623288
59633288
59643288
59653287
59663287
59673287
59683286
59693286
596a3286
596b3285
596c3285
596d3285
596e3285
596f3284
59703284
59713284
59723284
59733283
59743283
59753283
59763283
59773282
59783282
59793282
597a3281
597b3281
597c3281
597d3281
597e3280
597f3280
5980327f
5981327f
5982327e
5983327c
5984327c
5985327b
5986327a
5987327a
59883278
59893277
598a3277
598b3275
598c3274
598d3274
598e3273
598f3272
59903272
59913270
5992326f
5993326f
5994326e
5995326d
5996326d
5997326c
5998326a
5999326a
599a3269
599b3268
599c3268
599d3267
599e3266
599f3266
59a03265
59a13264
59a23264
59a33263
59a43262
59a53262
59a63261
59a73260
59a83260
59a9325f
59aa325e
59ab325e
59ac325d
59ad325c
59ae325c
59af325b
59b0325a
59b1325a
59b23259
59b33258
59b43258
59b53257
59b63256
59b73256
59b83255
59b93255
59ba3255
59bb3254
59bc3253
59bd3253
59be3252
59bf3251
59c03251
59c13250
59c23250
59c33250
59c4324f
59c5324e
59c6324e
59c7324d
59c8324c
59c9324c
59ca324c
59cb324b
59cc324b
59cd324a
59ce3249
59cf3249
59d03249
59d13248
59d23248
59d33247
59d43247
59d53247
59d63246
59d73245
59d83245
59d93245
59da3244
59db3244
59dc3243
59dd3242
59de3242
59df3242
59e03241
59e13241
59e23241
59e33240
59e43240
59e5323f
59e6323f
59e7323f
59e8323e
59e9323d
59ea323d
59eb323d
59ec323c
59ed323c
59ee323c
59ef323b
59f0323b
59f1323a
59f2323a
59f3323a
59f43239
59f53239
59f63239
59f73238
59f83238
59f93238
59fa3237
59fb3237
59fc3237
59fd3236
59fe3235
59ff3235
5a003235
5a013234
5a023233
5a033233
5a043232
5a053231
5a063231
5a073230
5a08322f
5a09322f
5a0a322e
5a0b322d
5a0c322d
5a0d322d
5a0e322c
5a0f322b
5a10322b
5a11322a
5a123229
5a133229
5a143228
5a153228
5a163227
5a173226
5a183226
5a193226
5a1a3225
5a1b3224
5a1c3224
5a1d3223
5a1e3223
5a1f3222
5a203222
5a213221
5a223221
5a233220
5a243220
5a25321f
5a26321f
5a27321e
5a28321e
5a29321d
5a2a321d
5a2b321d
5a2c321c
5a2d321c
5a2e321b
5a2f321b
5a30321a
5a31321a
5a323219
5a333219
5a343219
5a353218
5a363218
5a373217
5a383217
5a393217
5a3a3216
5a3b3216
5a3c3215
5a3d3215
5a3e3214
5a3f3214
5a403214
5a413213
5a423213
5a433213
5a443212
5a453212
5a463212
5a473211
5a483211
5a493210
5a4a3210
5a4b3210
5a4c320f
5a4d320f
5a4e320f
5a4f320e
5a50320e
5a51320e
5a52320d
5a53320d
5a54320d
5a55320c
5a56320c
5a57320c
5a58320b
5a59320b
5a5a320b
5a5b320a
5a5c320a
5a5d320a
5a5e3209
5a5f3209
5a603209
5a613209
5a623208
5a633208
5a643208
5a653207
5a663207
5a673207
5a683206
5a693206
5a6a3206
5a6b3205
5a6c3205
5a6d3205
5a6e3205
5a6f3204
5a703204
5a713204
5a723204
5a733203
5a743203
5a753203
5a763203
5a773202
5a783202
5a793202
5a7a3201
5a7b3201
5a7c3201
5a7d3201
5a7e3200
5a7f3200
5a8031ff
5a8131ff
5a8231fe
5a8331fc
5a8431fc
5a8531fb
5a8631fa
5a8731fa
5a8831f8
5a8931f7
5a8a31f7
5a8b31f5
5a8c31f4
5a8d31f4
5a8e31f3
5a8f31f2
5a9031f2
5a9131f0
5a9231ef
5a9331ef
5a9431ee
5a9531ed
5a9631ed
5a9731ec
5a9831ea
5a9931ea
5a9a31e9
5a9b31e8
5a9c31e8
5a9d31e7
5a9e31e6
5a9f31e6
5aa031e5
5aa131e4
5aa231e4
5aa331e3
5aa431e2
5aa531e2
5aa631e1
5aa731e0
5aa831e0
5aa931df
5aaa31de
5aab31de
5aac31dd
5aad31dc
5aae31dc
5aaf31db
5ab031da
5ab131da
5ab231d9
5ab331d8
5ab431d8
5ab531d7
5ab631d6
5ab731d6
5ab831d5
5ab931d5
5aba31d5
5abb31d4
5abc31d3
5abd31d3
5abe31d2
5abf31d1
5ac031d1
5ac131d0
5ac231d0
5ac331d0
5ac431cf
5ac531ce
5ac631ce
5ac731cd
5ac831cc
5ac931cc
5aca31cc
5acb31cb
5acc31cb
5acd31ca
5ace31c9
5acf31c9
5ad031c9
5ad131c8
5ad231c8
5ad331c7
5ad431c7
5ad531c7
5ad631c6
5ad731c5
5ad831c5
5ad931c5
5ada31c4
5adb31c4
5adc31c3
5add31c2
5ade31c2
5adf31c2
5ae031c1
5ae131c1
5ae231c1
5ae331c0
5ae431c0
5ae531bf
5ae631bf
5ae731bf
5ae831be
5ae931bd
5aea31bd
5aeb31bd
5aec31bc
5aed31bc
5aee31bc
5aef31bb
5af031bb
5af131ba
5af231ba
5af331ba
5af431b9
5af531b9
5af631b9
5af731b8
5af831b8
5af931b8
5afa31b7
5afb31b7
5afc31b7
5afd31b6
5afe31b5
5aff31b5
5b0031b5
5b0131b4
5b0231b3
5b0331b3
5b0431b2
5b0531b1
5b0631b1
5b0731b0
5b0831af
5b0931af
5b0a31ae
5b0b31ad
5b0c31ad
5b0d31ad
5b0e31ac
5b0f31ab
5b1031ab
5b1131aa
5b1231a9
5b1331a9
5b1431a8
5b1531a8
5b1631a7
5b1731a6
5b1831a6
5b1931a6
5b1a31a5
5b1b31a4
5b1c31a4
5b1d31a3
5b1e31a3
5b1f31a2
5b2031a2
5b2131a1
5b2231a1
5b2331a0
5b2431a0
5b25319f
5b26319f
5b27319e
5b28319e
5b29319d
5b2a319d
5b2b319d
5b2c319c
5b2d319c
5b2e319b
5b2f319b
5b30319a
5b31319a
5b323199
5b333199
5b343199
5b353198
5b363198
5b373197
5b383197
5b393197
5b3a3196
5b3b3196
5b3c3195
5b3d3195
5b3e3194
5b3f3194
5b403194
5b413193
5b423193
5b433193
5b443192
5b453192
5b463192
5b473191
5b483191
5b493190
5b4a3190
5b4b3190
5b4c318f
5b4d318f
5b4e318f
5b4f318e
5b50318e
5b51318e
5b52318d
5b53318d
5b54318d
5b55318c
5b56318c
5b57318c
5b58318b
5b59318b
5b5a318b
5b5b318a
5b5c318a
5b5d318a
5b5e3189
5b5f3189
5b603189
5b613189
5b623188
5b633188
5b643188
5b653187
5b663187
5b673187
5b683186
5b693186
5b6a3186
5b6b3185
5b6c3185
5b6d3185
5b6e3185
5b6f3184
5b703184
5b713184
5b723184
5b733183
5b743183
5b753183
5b763183
5b773182
5b783182
5b793182
5b7a3181
5b7b3181
5b7c3181
5b7d3181
5b7e3180
5b7f3180
5b80317f
5b81317f
5b82317e
5b83317c
5b84317c
5b85317b
5b86317a
5b87317a
5b883178
5b893177
5b8a3177
5b8b3175
5b8c3174
5b8d3174
5b8e3173
5b8f3172
5b903172
5b913170
5b92316f
5b93316f
5b94316e
5b95316d
5b96316d
5b97316c
5b98316a
5b99316a
5b9a3169
5b9b3168
5b9c3168
5b9d3167
5b9e3166
5b9f3166
5ba03165
5ba13164
5ba23164
5ba33163
5ba43162
5ba53162
5ba63161
5ba73160
5ba83160
5ba9315f
5baa315e
5bab315e
5bac315d
5bad315c
5bae315c
5baf315b
5bb0315a
5bb1315a
5bb23159
5bb33158
5bb43158
5bb53157
5bb63156
5bb73156
5bb83155
5bb93155
5bba3155
5bbb3154
5bbc3153
5bbd3153
5bbe3152
5bbf3151
5bc03151
5bc13150
5bc23150
5bc33150
5bc4314f
5bc5314e
5bc6314e
5bc7314d
5bc8314c
5bc9314c
5bca314c
5bcb314b
5bcc314b
5bcd314a
5bce3149
5bcf3149
5bd03149
5bd13148
5bd23148
5bd33147
5bd43147
5bd53147
5bd63146
5bd73145
5bd83145
5bd93145
5bda3144
5bdb3144
5bdc3143
5bdd3142
5bde3142
5bdf3142
5be03141
5be13141
5be23141
5be33140
5be43140
5be5313f
5be6313f
5be7313f
5be8313e
5be9313d
5bea313d
5beb313d
5bec313c
5bed313c
5bee313c
5bef313b
5bf0313b
5bf1313a
5bf2313a
5bf3313a
5bf43139
5bf53139
5bf63139
5bf73138
5bf83138
5bf93138
5bfa3137
5bfb3137
5bfc3137
5bfd3136
5bfe3135
5bff3135
5c003135
5c013134
5c023133
5c033133
5c043132
5c053131
5c063131
5c073130
5c08312f
5c09312f
5c0a312e
5c0b312d
5c0c312d
5c0d312d
5c0e312c
5c0f312b
5c10312b
5c11312a
5c123129
5c133129
5c143128
5c153128
5c163127
5c173126
5c183126
5c193126
5c1a3125
5c1b3124
5c1c3124
5c1d3123
5c1e3123
5c1f3122
5c203122
5c213121
5c223121
5c233120
5c243120
5c25311f
5c26311f
5c27311e
5c28311e
5c29311d
5c2a311d
5c2b311d
5c2c311c
5c2d311c
5c2e311b
5c2f311b
5c30311a
5c31311a
5c323119
5c333119
5c343119
5c353118
5c363118
5c373117
5c383117
5c393117
5c3a3116
5c3b3116
5c3c3115
5c3d3115
5c3e3114
5c3f3114
5c403114
5c413113
5c423113
5c433113
5c443112
5c453112
5c463112
5c473111
5c483111
5c493110
5c4a3110
5c4b3110
5c4c310f
5c4d310f
5c4e310f
5c4f310e
5c50310e
5c51310e
5c52310d
5c53310d
5c54310d
5c55310c
5c56310c
5c57310c
5c58310b
5c59310b
5c5a310b
5c5b310a
5c5c310a
5c5d310a
5c5e3109
5c5f3109
5c603109
5c613109
5c623108
5c633108
5c643108
5c653107
5c663107
5c673107
5c683106
5c693106
5c6a3106
5c6b3105
5c6c3105
5c6d3105
5c6e3105
5c6f3104
5c703104
5c713104
5c723104
5c733103
5c743103
5c753103
5c763103
5c773102
5c783102
5c793102
5c7a3101
5c7b3101
5c7c3101
5c7d3101
5c7e3100
5c7f3100
5c8030ff
5c8130ff
5c8230fe
5c8330fc
5c8430fc
5c8530fb
5c8630fa
5c8730fa
5c8830f8
5c8930f7
5c8a30f7
5c8b30f5
5c8c30f4
5c8d30f4
5c8e30f3
5c8f30f2
5c9030f2
5c9130f0
5c9230ef
5c9330ef
5c9430ee
5c9530ed
5c9630ed
5c9730ec
5c9830ea
5c9930ea
5c9a30e9
5c9b30e8
5c9c30e8
5c9d30e7
5c9e30e6
5c9f30e6
5ca030e5
5ca130e4
5ca230e4
5ca330e3
5ca430e2
5ca530e2
5ca630e1
5ca730e0
5ca830e0
5ca930df
5caa30de
5cab30de
5cac30dd
5cad30dc
5cae30dc
5caf30db
5cb030da
5cb130da
5cb230d9
5cb330d8
5cb430d8
5cb530d7
5cb630d6
5cb730d6
5cb830d5
5cb930d5
5cba30d5
5cbb30d4
5cbc30d3
5cbd30d3
5cbe30d2
5cbf30d1
5cc030d1
5cc130d0
5cc230d0
5cc330d0
5cc430cf
5cc530ce
5cc630ce
5cc730cd
5cc830cc
5cc930cc
5cca30cc
5ccb30cb
5ccc30cb
5ccd30ca
5cce30c9
5ccf30c9
5cd030c9
5cd130c8
5cd230c8
5cd330c7
5cd430c7
5cd530c7
5cd630c6
5cd730c5
5cd830c5
5cd930c5
5cda30c4
5cdb30c4
5cdc30c3
5cdd30c2
5cde30c2
5cdf30c2
5ce030c1
5ce130c1
5ce230c1
5ce330c0
5ce430c0
5ce530bf
5ce630bf
5ce730bf
5ce830be
5ce930bd
5cea30bd
5ceb30bd
5cec30bc
5ced30bc
5cee30bc
5cef30bb
5cf030bb
5cf130ba
5cf230ba
5cf330ba
5cf430b9
5cf530b9
5cf630b9
5cf730b8
5cf830b8
5cf930b8
5cfa30b7
5cfb30b7
5cfc30b7
5cfd30b6
5cfe30b5
5cff30b5
5d0030b5
5d0130b4
5d0230b3
5d0330b3
5d0430b2
5d0530b1
5d0630b1
5d0730b0
5d0830af
5d0930af
5d0a30ae
5d0b30ad
5d0c30ad
5d0d30ad
5d0e30ac
5d0f30ab
5d1030ab
5d1130aa
5d1230a9
5d1330a9
5d1430a8
5d1530a8
5d1630a7
5d1730a6
5d1830a6
5d1930a6
5d1a30a5
5d1b30a4
5d1c30a4
5d1d30a3
5d1e30a3
5d1f30a2
5d2030a2
5d2130a1
5d2230a1
5d2330a0
5d2430a0
5d25309f
5d26309f
5d27309e
5d28309e
5d29309d
5d2a309d
5d2b309d
5d2c309c
5d2d309c
5d2e309b
5d2f309b
5d30309a
5d31309a
5d323099
5d333099
5d343099
5d353098
5d363098
5d373097
5d383097
5d393097
5d3a3096
5d3b3096
5d3c3095
5d3d3095
5d3e3094
5d3f3094
5d403094
5d413093
5d423093
5d433093
5d443092
5d453092
5d463092
5d473091
5d483091
5d493090
5d4a3090
5d4b3090
5d4c308f
5d4d308f
5d4e308f
5d4f308e
5d50308e
5d51308e
5d52308d
5d53308d
5d54308d
5d55308c
5d56308c
5d57308c
5d58308b
5d59308b
5d5a308b
5d5b308a
5d5c308a
5d5d308a
5d5e3089
5d5f3089
5d603089
5d613089
5d623088
5d633088
5d643088
5d653087
5d663087
5d673087
5d683086
5d693086
5d6a3086
5d6b3085
5d6c3085
5d6d3085
5d6e3085
5d6f3084
5d703084
5d713084
5d723084
5d733083
5d743083
5d753083
5d763083
5d773082
5d783082
5d793082
5d7a3081
5d7b3081
5d7c3081
5d7d3081
5d7e3080
5d7f3080
5d80307f
5d81307f
5d82307e
5d83307c
5d84307c
5d85307b
5d86307a
5d87307a
5d883078
5d893077
5d8a3077
5d8b3075
5d8c3074
5d8d3074
5d8e3073
5d8f3072
5d903072
5d913070
5d92306f
5d93306f
5d94306e
5d95306d
5d96306d
5d97306c
5d98306a
5d99306a
5d9a3069
5d9b3068
5d9c3068
5d9d3067
5d9e3066
5d9f3066
5da03065
5da13064
5da23064
5da33063
5da43062
5da53062
5da63061
5da73060
5da83060
5da9305f
5daa305e
5dab305e
5dac305d
5dad305c
5dae305c
5daf305b
5db0305a
5db1305a
5db23059
5db33058
5db43058
5db53057
5db63056
5db73056
5db83055
5db93055
5dba3055
5dbb3054
5dbc3053
5dbd3053
5dbe3052
5dbf3051
5dc03051
5dc13050
5dc23050
5dc33050
5dc4304f
5dc5304e
5dc6304e
5dc7304d
5dc8304c
5dc9304c
5dca304c
5dcb304b
5dcc304b
5dcd304a
5dce3049
5dcf3049
5dd03049
5dd13048
5dd23048
5dd33047
5dd43047
5dd53047
5dd63046
5dd73045
5dd83045
5dd93045
5dda3044
5ddb3044
5ddc3043
5ddd3042
5dde3042
5ddf3042
5de03041
5de13041
5de23041
5de33040
5de43040
5de5303f
5de6303f
5de7303f
5de8303e
5de9303d
5dea303d
5deb303d
5dec303c
5ded303c
5dee303c
5def303b
5df0303b
5df1303a
5df2303a
5df3303a
5df43039
5df53039
5df63039
5df73038
5df83038
5df93038
5dfa3037
5dfb3037
5dfc3037
5dfd3036
5dfe3035
5dff3035
5e003035
5e013034
5e023033
5e033033
5e043032
5e053031
5e063031
5e073030
5e08302f
5e09302f
5e0a302e
5e0b302d
5e0c302d
5e0d302d
5e0e302c
5e0f302b
5e10302b
5e11302a
5e123029
5e133029
5e143028
5e153028
5e163027
5e173026
5e183026
5e193026
5e1a3025
5e1b3024
5e1c3024
5e1d3023
5e1e3023
5e1f3022
5e203022
5e213021
5e223021
5e233020
5e243020
5e25301f
5e26301f
5e27301e
5e28301e
5e29301d
5e2a301d
5e2b301d
5e2c301c
5e2d301c
5e2e301b
5e2f301b
5e30301a
5e31301a
5e323019
5e333019
5e343019
5e353018
5e363018
5e373017
5e383017
5e393017
5e3a3016
5e3b3016
5e3c3015
5e3d3015
5e3e3014
5e3f3014
5e403014
5e413013
5e423013
5e433013
5e443012
5e453012
5e463012
5e473011
5e483011
5e493010
5e4a3010
5e4b3010
5e4c300f
5e4d300f
5e4e300f
5e4f300e
5e50300e
5e51300e
5e52300d
5e53300d
5e54300d
5e55300c
5e56300c
5e57300c
5e58300b
5e59300b
5e5a300b
5e5b300a
5e5c300a
5e5d300a
5e5e3009
5e5f3009
5e603009
5e613009
5e623008
5e633008
5e643008
5e653007
5e663007
5e673007
5e683006
5e693006
5e6a3006
5e6b3005
5e6c3005
5e6d3005
5e6e3005
5e6f3004
5e703004
5e713004
5e723004
5e733003
5e743003
5e753003
5e763003
5e773002
5e783002
5e793002
5e7a3001
5e7b3001
5e7c3001
5e7d3001
5e7e3000
5e7f3000
5e802fff
5e812fff
5e822ffe
5e832ffc
5e842ffc
5e852ffb
5e862ffa
5e872ffa
5e882ff8
5e892ff7
5e8a2ff7
5e8b2ff5
5e8c2ff4
5e8d2ff4
5e8e2ff3
5e8f2ff2
5e902ff2
5e912ff0
5e922fef
5e932fef
5e942fee
5e952fed
5e962fed
5e972fec
5e982fea
5e992fea
5e9a2fe9
5e9b2fe8
5e9c2fe8
5e9d2fe7
5e9e2fe6
5e9f2fe6
5ea02fe5
5ea12fe4
5ea22fe4
5ea32fe3
5ea42fe2
5ea52fe2
5ea62fe1
5ea72fe0
5ea82fe0
5ea92fdf
5eaa2fde
5eab2fde
5eac2fdd
5ead2fdc
5eae2fdc
5eaf2fdb
5eb02fda
5eb12fda
5eb22fd9
5eb32fd8
5eb42fd8
5eb52fd7
5eb62fd6
5eb72fd6
5eb82fd5
5eb92fd5
5eba2fd5
5ebb2fd4
5ebc2fd3
5ebd2fd3
5ebe2fd2
5ebf2fd1
5ec02fd1
5ec12fd0
5ec22fd0
5ec32fd0
5ec42fcf
5ec52fce
5ec62fce
5ec72fcd
5ec82fcc
5ec92fcc
5eca2fcc
5ecb2fcb
5ecc2fcb
5ecd2fca
5ece2fc9
5ecf2fc9
5ed02fc9
5ed12fc8
5ed22fc8
5ed32fc7
5ed42fc7
5ed52fc7
5ed62fc6
5ed72fc5
5ed82fc5
5ed92fc5
5eda2fc4
5edb2fc4
5edc2fc3
5edd2fc2
5ede2fc2
5edf2fc2
5ee02fc1
5ee12fc1
5ee22fc1
5ee32fc0
5ee42fc0
5ee52fbf
5ee62fbf
5ee72fbf
5ee82fbe
5ee92fbd
5eea2fbd
5eeb2fbd
5eec2fbc
5eed2fbc
5eee2fbc
5eef2fbb
5ef02fbb
5ef12fba
5ef22fba
5ef32fba
5ef42fb9
5ef52fb9
5ef62fb9
5ef72fb8
5ef82fb8
5ef92fb8
5efa2fb7
5efb2fb7
5efc2fb7
5efd2fb6
5efe2fb5
5eff2fb5
5f002fb5
5f012fb4
5f022fb3
5f032fb3
5f042fb2
5f052fb1
5f062fb1
5f072fb0
5f082faf
5f092faf
5f0a2fae
5f0b2fad
5f0c2fad
5f0d2fad
5f0e2fac
5f0f2fab
5f102fab
5f112faa
5f122fa9
5f132fa9
5f142fa8
5f152fa8
5f162fa7
5f172fa6
5f182fa6
5f192fa6
5f1a2fa5
5f1b2fa4
5f1c2fa4
5f1d2fa3
5f1e2fa3
5f1f2fa2
5f202fa2
5f212fa1
5f222fa1
5f232fa0
5f242fa0
5f252f9f
5f262f9f
5f272f9e
5f282f9e
5f292f9d
5f2a2f9d
5f2b2f9d
5f2c2f9c
5f2d2f9c
5f2e2f9b
5f2f2f9b
5f302f9a
5f312f9a
5f322f99
5f332f99
5f342f99
5f352f98
5f362f98
5f372f97
5f382f97
5f392f97
5f3a2f96
5f3b2f96
5f3c2f95
5f3d2f95
5f3e2f94
5f3f2f94
5f402f94
5f412f93
5f422f93
5f432f93
5f442f92
5f452f92
5f462f92
5f472f91
5f482f91
5f492f90
5f4a2f90
5f4b2f90
5f4c2f8f
5f4d2f8f
5f4e2f8f
5f4f2f8e
5f502f8e
5f512f8e
5f522f8d
5f532f8d
5f542f8d
5f552f8c
5f562f8c
5f572f8c
5f582f8b
5f592f8b
5f5a2f8b
5f5b2f8a
5f5c2f8a
5f5d2f8a
5f5e2f89
5f5f2f89
5f602f89
5f612f89
5f622f88
5f632f88
5f642f88
5f652f87
5f662f87
5f672f87
5f682f86
5f692f86
5f6a2f86
5f6b2f85
5f6c2f85
5f6d2f85
5f6e2f85
5f6f2f84
5f702f84
5f712f84
5f722f84
5f732f83
5f742f83
5f752f83
5f762f83
5f772f82
5f782f82
5f792f82
5f7a2f81
5f7b2f81
5f7c2f81
5f7d2f81
5f7e2f80
5f7f2f80
5f802f7f
5f812f7f
5f822f7e
5f832f7c
5f842f7c
5f852f7b
5f862f7a
5f872f7a
5f882f78
5f892f77
5f8a2f77
5f8b2f75
5f8c2f74
5f8d2f74
5f8e2f73
5f8f2f72
5f902f72
5f912f70
5f922f6f
5f932f6f
5f942f6e
5f952f6d
5f962f6d
5f972f6c
5f982f6a
5f992f6a
5f9a2f69
5f9b2f68
5f9c2f68
5f9d2f67
5f9e2f66
5f9f2f66
5fa02f65
5fa12f64
5fa22f64
5fa32f63
5fa42f62
5fa52f62
5fa62f61
5fa72f60
5fa82f60
5fa92f5f
5faa2f5e
5fab2f5e
5fac2f5d
5fad2f5c
5fae2f5c
5faf2f5b
5fb02f5a
5fb12f5a
5fb22f59
5fb32f58
5fb42f58
5fb52f57
5fb62f56
5fb72f56
5fb82f55
5fb92f55
5fba2f55
5fbb2f54
5fbc2f53
5fbd2f53
5fbe2f52
5fbf2f51
5fc02f51
5fc12f50
5fc22f50
5fc32f50
5fc42f4f
5fc52f4e
5fc62f4e
5fc72f4d
5fc82f4c
5fc92f4c
5fca2f4c
5fcb2f4b
5fcc2f4b
5fcd2f4a
5fce2f49
5fcf2f49
5fd02f49
5fd12f48
5fd22f48
5fd32f47
5fd42f47
5fd52f47
5fd62f46
5fd72f45
5fd82f45
5fd92f45
5fda2f44
5fdb2f44
5fdc2f43
5fdd2f42
5fde2f42
5fdf2f42
5fe02f41
5fe12f41
5fe22f41
5fe32f40
5fe42f40
5fe52f3f
5fe62f3f
5fe72f3f
5fe82f3e
5fe92f3d
5fea2f3d
5feb2f3d
5fec2f3c
5fed2f3c
5fee2f3c
5fef2f3b
5ff02f3b
5ff12f3a
5ff22f3a
5ff32f3a
5ff42f39
5ff52f39
5ff62f39
5ff72f38
5ff82f38
5ff92f38
5ffa2f37
5ffb2f37
5ffc2f37
5ffd2f36
5ffe2f35
5fff2f35
60002f35
60012f34
60022f33
60032f33
60042f32
60052f31
60062f31
60072f30
60082f2f
60092f2f
600a2f2e
600b2f2d
600c2f2d
600d2f2d
600e2f2c
600f2f2b
60102f2b
60112f2a
60122f29
60132f29
60142f28
60152f28
60162f27
60172f26
60182f26
60192f26
601a2f25
601b2f24
601c2f24
601d2f23
601e2f23
601f2f22
60202f22
60212f21
60222f21
60232f20
60242f20
60252f1f
60262f1f
60272f1e
60282f1e
60292f1d
602a2f1d
602b2f1d
602c2f1c
602d2f1c
602e2f1b
602f2f1b
60302f1a
60312f1a
60322f19
60332f19
60342f19
60352f18
60362f18
60372f17
60382f17
60392f17
603a2f16
603b2f16
603c2f15
603d2f15
603e2f14
603f2f14
60402f14
60412f13
60422f13
60432f13
60442f12
60452f12
60462f12
60472f11
60482f11
60492f10
604a2f10
604b2f10
604c2f0f
604d2f0f
604e2f0f
604f2f0e
60502f0e
60512f0e
60522f0d
60532f0d
60542f0d
60552f0c
60562f0c
60572f0c
60582f0b
60592f0b
605a2f0b
605b2f0a
605c2f0a
605d2f0a
605e2f09
605f2f09
60602f09
60612f09
60622f08
60632f08
60642f08
60652f07
60662f07
60672f07
60682f06
60692f06
606a2f06
606b2f05
606c2f05
606d2f05
606e2f05
606f2f04
60702f04
60712f04
60722f04
60732f03
60742f03
60752f03
60762f03
60772f02
60782f02
60792f02
607a2f01
607b2f01
607c2f01
607d2f01
607e2f00
607f2f00
60802eff
60812eff
60822efe
60832efc
60842efc
60852efb
60862efa
60872efa
60882ef8
60892ef7
608a2ef7
608b2ef5
608c2ef4
608d2ef4
608e2ef3
608f2ef2
60902ef2
60912ef0
60922eef
60932eef
60942eee
60952eed
60962eed
60972eec
60982eea
60992eea
609a2ee9
609b2ee8
609c2ee8
609d2ee7
609e2ee6
609f2ee6
60a02ee5
60a12ee4
60a22ee4
60a32ee3
60a42ee2
60a52ee2
60a62ee1
60a72ee0
60a82ee0
60a92edf
60aa2ede
60ab2ede
60ac2edd
60ad2edc
60ae2edc
60af2edb
60b02eda
60b12eda
60b22ed9
60b32ed8
60b42ed8
60b52ed7
60b62ed6
60b72ed6
60b82ed5
60b92ed5
60ba2ed5
60bb2ed4
60bc2ed3
60bd2ed3
60be2ed2
60bf2ed1
60c02ed1
60c12ed0
60c22ed0
60c32ed0
60c42ecf
60c52ece
60c62ece
60c72ecd
60c82ecc
60c92ecc
60ca2ecc
60cb2ecb
60cc2ecb
60cd2eca
60ce2ec9
60cf2ec9
60d02ec9
60d12ec8
60d22ec8
60d32ec7
60d42ec7
60d52ec7
60d62ec6
60d72ec5
60d82ec5
60d92ec5
60da2ec4
60db2ec4
60dc2ec3
60dd2ec2
60de2ec2
60df2ec2
60e02ec1
60e12ec1
60e22ec1
60e32ec0
60e42ec0
60e52ebf
60e62ebf
60e72ebf
60e82ebe
60e92ebd
60ea2ebd
60eb2ebd
60ec2ebc
60ed2ebc
60ee2ebc
60ef2ebb
60f02ebb
60f12eba
60f22eba
60f32eba
60f42eb9
60f52eb9
60f62eb9
60f72eb8
60f82eb8
60f92eb8
60fa2eb7
60fb2eb7
60fc2eb7
60fd2eb6
60fe2eb5
60ff2eb5
61002eb5
61012eb4
61022eb3
61032eb3
61042eb2
61052eb1
61062eb1
61072eb0
61082eaf
61092eaf
610a2eae
610b2ead
610c2ead
610d2ead
610e2eac
610f2eab
61102eab
61112eaa
61122ea9
61132ea9
61142ea8
61152ea8
61162ea7
61172ea6
61182ea6
61192ea6
611a2ea5
611b2ea4
611c2ea4
611d2ea3
611e2ea3
611f2ea2
61202ea2
61212ea1
61222ea1
61232ea0
61242ea0
61252e9f
61262e9f
61272e9e
61282e9e
61292e9d
612a2e9d
612b2e9d
612c2e9c
612d2e9c
612e2e9b
612f2e9b
61302e9a
61312e9a
61322e99
61332e99
61342e99
61352e98
61362e98
61372e97
61382e97
61392e97
613a2e96
613b2e96
613c2e95
613d2e95
613e2e94
613f2e94
61402e94
61412e93
61422e93
61432e93
61442e92
61452e92
61462e92
61472e91
61482e91
61492e90
614a2e90
614b2e90
614c2e8f
614d2e8f
614e2e8f
614f2e8e
61502e8e
61512e8e
61522e8d
61532e8d
61542e8d
61552e8c
61562e8c
61572e8c
61582e8b
61592e8b
615a2e8b
615b2e8a
615c2e8a
615d2e8a
615e2e89
615f2e89
61602e89
61612e89
61622e88
61632e88
61642e88
61652e87
61662e87
61672e87
61682e86
61692e86
616a2e86
616b2e85
616c2e85
616d2e85
616e2e85
616f2e84
61702e84
61712e84
61722e84
61732e83
61742e83
61752e83
61762e83
61772e82
61782e82
61792e82
617a2e81
617b2e81
617c2e81
617d2e81
617e2e80
617f2e80
61802e7f
61812e7f
61822e7e
61832e7c
61842e7c
61852e7b
61862e7a
61872e7a
61882e78
61892e77
618a2e77
618b2e75
618c2e74
618d2e74
618e2e73
618f2e72
61902e72
61912e70
61922e6f
61932e6f
61942e6e
61952e6d
61962e6d
61972e6c
61982e6a
61992e6a
619a2e69
619b2e68
619c2e68
619d2e67
619e2e66
619f2e66
61a02e65
61a12e64
61a22e64
61a32e63
61a42e62
61a52e62
61a62e61
61a72e60
61a82e60
61a92e5f
61aa2e5e
61ab2e5e
61ac2e5d
61ad2e5c
61ae2e5c
61af2e5b
61b02e5a
61b12e5a
61b22e59
61b32e58
61b42e58
61b52e57
61b62e56
61b72e56
61b82e55
61b92e55
61ba2e55
61bb2e54
61bc2e53
61bd2e53
61be2e52
61bf2e51
61c02e51
61c12e50
61c22e50
61c32e50
61c42e4f
61c52e4e
61c62e4e
61c72e4d
61c82e4c
61c92e4c
61ca2e4c
61cb2e4b
61cc2e4b
61cd2e4a
61ce2e49
61cf2e49
61d02e49
61d12e48
61d22e48
61d32e47
61d42e47
61d52e47
61d62e46
61d72e45
61d82e45
61d92e45
61da2e44
61db2e44
61dc2e43
61dd2e42
61de2e42
61df2e42
61e02e41
61e12e41
61e22e41
61e32e40
61e42e40
61e52e3f
61e62e3f
61e72e3f
61e82e3e
61e92e3d
61ea2e3d
61eb2e3d
61ec2e3c
61ed2e3c
61ee2e3c
61ef2e3b
61f02e3b
61f12e3a
61f22e3a
61f32e3a
61f42e39
61f52e39
61f62e39
61f72e38
61f82e38
61f92e38
61fa2e37
61fb2e37
61fc2e37
61fd2e36
61fe2e35
61ff2e35
62002e35
62012e34
62022e33
62032e33
62042e32
62052e31
62062e31
62072e30
62082e2f
62092e2f
620a2e2e
620b2e2d
620c2e2d
620d2e2d
620e2e2c
620f2e2b
62102e2b
62112e2a
62122e29
62132e29
62142e28
62152e28
62162e27
62172e26
62182e26
62192e26
621a2e25
621b2e24
621c2e24
621d2e23
621e2e23
621f2e22
62202e22
62212e21
62222e21
62232e20
62242e20
62252e1f
62262e1f
62272e1e
62282e1e
62292e1d
622a2e1d
622b2e1d
622c2e1c
622d2e1c
622e2e1b
622f2e1b
62302e1a
62312e1a
62322e19
62332e19
62342e19
62352e18
62362e18
62372e17
62382e17
62392e17
623a2e16
623b2e16
623c2e15
623d2e15
623e2e14
623f2e14
62402e14
62412e13
62422e13
62432e13
62442e12
62452e12
62462e12
62472e11
62482e11
62492e10
624a2e10
624b2e10
624c2e0f
624d2e0f
624e2e0f
624f2e0e
62502e0e
62512e0e
62522e0d
62532e0d
62542e0d
62552e0c
62562e0c
62572e0c
62582e0b
62592e0b
625a2e0b
625b2e0a
625c2e0a
625d2e0a
625e2e09
625f2e09
62602e09
62612e09
62622e08
62632e08
62642e08
62652e07
62662e07
62672e07
62682e06
62692e06
626a2e06
626b2e05
626c2e05
626d2e05
626e2e05
626f2e04
62702e04
62712e04
62722e04
62732e03
62742e03
62752e03
62762e03
62772e02
62782e02
62792e02
627a2e01
627b2e01
627c2e01
627d2e01
627e2e00
627f2e00
62802dff
62812dff
62822dfe
62832dfc
62842dfc
62852dfb
62862dfa
62872dfa
62882df8
62892df7
628a2df7
628b2df5
628c2df4
628d2df4
628e2df3
628f2df2
62902df2
62912df0
62922def
62932def
62942dee
62952ded
62962ded
62972dec
62982dea
62992dea
629a2de9
629b2de8
629c2de8
629d2de7
629e2de6
629f2de6
62a02de5
62a12de4
62a22de4
62a32de3
62a42de2
62a52de2
62a62de1
62a72de0
62a82de0
62a92ddf
62aa2dde
62ab2dde
62ac2ddd
62ad2ddc
62ae2ddc
62af2ddb
62b02dda
62b12dda
62b22dd9
62b32dd8
62b42dd8
62b52dd7
62b62dd6
62b72dd6
62b82dd5
62b92dd5
62ba2dd5
62bb2dd4
62bc2dd3
62bd2dd3
62be2dd2
62bf2dd1
62c02dd1
62c12dd0
62c22dd0
62c32dd0
62c42dcf
62c52dce
62c62dce
62c72dcd
62c82dcc
62c92dcc
62ca2dcc
62cb2dcb
62cc2dcb
62cd2dca
62ce2dc9
62cf2dc9
62d02dc9
62d12dc8
62d22dc8
62d32dc7
62d42dc7
62d52dc7
62d62dc6
62d72dc5
62d82dc5
62d92dc5
62da2dc4
62db2dc4
62dc2dc3
62dd2dc2
62de2dc2
62df2dc2
62e02dc1
62e12dc1
62e22dc1
62e32dc0
62e42dc0
62e52dbf
62e62dbf
62e72dbf
62e82dbe
62e92dbd
62ea2dbd
62eb2dbd
62ec2dbc
62ed2dbc
62ee2dbc
62ef2dbb
62f02dbb
62f12dba
62f22dba
62f32dba
62f42db9
62f52db9
62f62db9
62f72db8
62f82db8
62f92db8
62fa2db7
62fb2db7
62fc2db7
62fd2db6
62fe2db5
62ff2db5
63002db5
63012db4
63022db3
63032db3
63042db2
63052db1
63062db1
63072db0
63082daf
63092daf
630a2dae
630b2dad
630c2dad
630d2dad
630e2dac
630f2dab
63102dab
63112daa
63122da9
63132da9
63142da8
63152da8
63162da7
63172da6
63182da6
63192da6
631a2da5
631b2da4
631c2da4
631d2da3
631e2da3
631f2da2
63202da2
63212da1
63222da1
63232da0
63242da0
63252d9f
63262d9f
63272d9e
63282d9e
63292d9d
632a2d9d
632b2d9d
632c2d9c
632d2d9c
632e2d9b
632f2d9b
63302d9a
63312d9a
63322d99
63332d99
63342d99
63352d98
63362d98
63372d97
63382d97
63392d97
633a2d96
633b2d96
633c2d95
633d2d95
633e2d94
633f2d94
63402d94
63412d93
63422d93
63432d93
63442d92
63452d92
63462d92
63472d91
63482d91
63492d90
634a2d90
634b2d90
634c2d8f
634d2d8f
634e2d8f
634f2d8e
63502d8e
63512d8e
63522d8d
63532d8d
63542d8d
63552d8c
63562d8c
63572d8c
63582d8b
63592d8b
635a2d8b
635b2d8a
635c2d8a
635d2d8a
635e2d89
635f2d89
63602d89
63612d89
63622d88
63632d88
63642d88
63652d87
63662d87
63672d87
63682d86
63692d86
636a2d86
636b2d85
636c2d85
636d2d85
636e2d85
636f2d84
63702d84
63712d84
63722d84
63732d83
63742d83
63752d83
63762d83
63772d82
63782d82
63792d82
637a2d81
637b2d81
637c2d81
637d2d81
637e2d80
637f2d80
63802d7f
63812d7f
63822d7e
63832d7c
63842d7c
63852d7b
63862d7a
63872d7a
63882d78
63892d77
638a2d77
638b2d75
638c2d74
638d2d74
638e2d73
638f2d72
63902d72
63912d70
63922d6f
63932d6f
63942d6e
63952d6d
63962d6d
63972d6c
63982d6a
63992d6a
639a2d69
639b2d68
639c2d68
639d2d67
639e2d66
639f2d66
63a02d65
63a12d64
63a22d64
63a32d63
63a42d62
63a52d62
63a62d61
63a72d60
63a82d60
63a92d5f
63aa2d5e
63ab2d5e
63ac2d5d
63ad2d5c
63ae2d5c
63af2d5b
63b02d5a
63b12d5a
63b22d59
63b32d58
63b42d58
63b52d57
63b62d56
63b72d56
63b82d55
63b92d55
63ba2d55
63bb2d54
63bc2d53
63bd2d53
63be2d52
63bf2d51
63c02d51
63c12d50
63c22d50
63c32d50
63c42d4f
63c52d4e
63c62d4e
63c72d4d
63c82d4c
63c92d4c
63ca2d4c
63cb2d4b
63cc2d4b
63cd2d4a
63ce2d49
63cf2d49
63d02d49
63d12d48
63d22d48
63d32d47
63d42d47
63d52d47
63d62d46
63d72d45
63d82d45
63d92d45
63da2d44
63db2d44
63dc2d43
63dd2d42
63de2d42
63df2d42
63e02d41
63e12d41
63e22d41
63e32d40
63e42d40
63e52d3f
63e62d3f
63e72d3f
63e82d3e
63e92d3d
63ea2d3d
63eb2d3d
63ec2d3c
63ed2d3c
63ee2d3c
63ef2d3b
63f02d3b
63f12d3a
63f22d3a
63f32d3a
63f42d39
63f52d39
63f62d39
63f72d38
63f82d38
63f92d38
63fa2d37
63fb2d37
63fc2d37
63fd2d36
63fe2d35
63ff2d35
64002d35
64012d34
64022d33
64032d33
64042d32
64052d31
64062d31
64072d30
64082d2f
64092d2f
640a2d2e
640b2d2d
640c2d2d
640d2d2d
640e2d2c
640f2d2b
64102d2b
64112d2a
64122d29
64132d29
64142d28
64152d28
64162d27
64172d26
64182d26
64192d26
641a2d25
641b2d24
641c2d24
641d2d23
641e2d23
641f2d22
64202d22
64212d21
64222d21
64232d20
64242d20
64252d1f
64262d1f
64272d1e
64282d1e
64292d1d
642a2d1d
642b2d1d
642c2d1c
642d2d1c
642e2d1b
642f2d1b
64302d1a
64312d1a
64322d19
64332d19
64342d19
64352d18
64362d18
64372d17
64382d17
64392d17
643a2d16
643b2d16
643c2d15
643d2d15
643e2d14
643f2d14
64402d14
64412d13
64422d13
64432d13
64442d12
64452d12
64462d12
64472d11
64482d11
64492d10
644a2d10
644b2d10
644c2d0f
644d2d0f
644e2d0f
644f2d0e
64502d0e
64512d0e
64522d0d
64532d0d
64542d0d
64552d0c
64562d0c
64572d0c
64582d0b
64592d0b
645a2d0b
645b2d0a
645c2d0a
645d2d0a
645e2d09
645f2d09
64602d09
64612d09
64622d08
64632d08
64642d08
64652d07
64662d07
64672d07
64682d06
64692d06
646a2d06
646b2d05
646c2d05
646d2d05
646e2d05
646f2d04
64702d04
64712d04
64722d04
64732d03
64742d03
64752d03
64762d03
64772d02
64782d02
64792d02
647a2d01
647b2d01
647c2d01
647d2d01
647e2d00
647f2d00
64802cff
64812cff
64822cfe
64832cfc
64842cfc
64852cfb
64862cfa
64872cfa
64882cf8
64892cf7
648a2cf7
648b2cf5
648c2cf4
648d2cf4
648e2cf3
648f2cf2
64902cf2
64912cf0
64922cef
64932cef
64942cee
64952ced
64962ced
64972cec
64982cea
64992cea
649a2ce9
649b2ce8
649c2ce8
649d2ce7
649e2ce6
649f2ce6
64a02ce5
64a12ce4
64a22ce4
64a32ce3
64a42ce2
64a52ce2
64a62ce1
64a72ce0
64a82ce0
64a92cdf
64aa2cde
64ab2cde
64ac2cdd
64ad2cdc
64ae2cdc
64af2cdb
64b02cda
64b12cda
64b22cd9
64b32cd8
64b42cd8
64b52cd7
64b62cd6
64b72cd6
64b82cd5
64b92cd5
64ba2cd5
64bb2cd4
64bc2cd3
64bd2cd3
64be2cd2
64bf2cd1
64c02cd1
64c12cd0
64c22cd0
64c32cd0
64c42ccf
64c52cce
64c62cce
64c72ccd
64c82ccc
64c92ccc
64ca2ccc
64cb2ccb
64cc2ccb
64cd2cca
64ce2cc9
64cf2cc9
64d02cc9
64d12cc8
64d22cc8
64d32cc7
64d42cc7
64d52cc7
64d62cc6
64d72cc5
64d82cc5
64d92cc5
64da2cc4
64db2cc4
64dc2cc3
64dd2cc2
64de2cc2
64df2cc2
64e02cc1
64e12cc1
64e22cc1
64e32cc0
64e42cc0
64e52cbf
64e62cbf
64e72cbf
64e82cbe
64e92cbd
64ea2cbd
64eb2cbd
64ec2cbc
64ed2cbc
64ee2cbc
64ef2cbb
64f02cbb
64f12cba
64f22cba
64f32cba
64f42cb9
64f52cb9
64f62cb9
64f72cb8
64f82cb8
64f92cb8
64fa2cb7
64fb2cb7
64fc2cb7
64fd2cb6
64fe2cb5
64ff2cb5
65002cb5
65012cb4
65022cb3
65032cb3
65042cb2
65052cb1
65062cb1
65072cb0
65082caf
65092caf
650a2cae
650b2cad
650c2cad
650d2cad
650e2cac
650f2cab
65102cab
65112caa
65122ca9
65132ca9
65142ca8
65152ca8
65162ca7
65172ca6
65182ca6
65192ca6
651a2ca5
651b2ca4
651c2ca4
651d2ca3
651e2ca3
651f2ca2
65202ca2
65212ca1
65222ca1
65232ca0
65242ca0
65252c9f
65262c9f
65272c9e
65282c9e
65292c9d
652a2c9d
652b2c9d
652c2c9c
652d2c9c
652e2c9b
652f2c9b
65302c9a
65312c9a
65322c99
65332c99
65342c99
65352c98
65362c98
65372c97
65382c97
65392c97
653a2c96
653b2c96
653c2c95
653d2c95
653e2c94
653f2c94
65402c94
65412c93
65422c93
65432c93
65442c92
65452c92
65462c92
65472c91
65482c91
65492c90
654a2c90
654b2c90
654c2c8f
654d2c8f
654e2c8f
654f2c8e
65502c8e
65512c8e
65522c8d
65532c8d
65542c8d
65552c8c
65562c8c
65572c8c
65582c8b
65592c8b
655a2c8b
655b2c8a
655c2c8a
655d2c8a
655e2c89
655f2c89
65602c89
65612c89
65622c88
65632c88
65642c88
65652c87
65662c87
65672c87
65682c86
65692c86
656a2c86
656b2c85
656c2c85
656d2c85
656e2c85
656f2c84
65702c84
65712c84
65722c84
65732c83
65742c83
65752c83
65762c83
65772c82
65782c82
65792c82
657a2c81
657b2c81
657c2c81
657d2c81
657e2c80
657f2c80
65802c7f
65812c7f
65822c7e
65832c7c
65842c7c
65852c7b
65862c7a
65872c7a
65882c78
65892c77
658a2c77
658b2c75
658c2c74
658d2c74
658e2c73
658f2c72
65902c72
65912c70
65922c6f
65932c6f
65942c6e
65952c6d
65962c6d
65972c6c
65982c6a
65992c6a
659a2c69
659b2c68
659c2c68
659d2c67
659e2c66
659f2c66
65a02c65
65a12c64
65a22c64
65a32c63
65a42c62
65a52c62
65a62c61
65a72c60
65a82c60
65a92c5f
65aa2c5e
65ab2c5e
65ac2c5d
65ad2c5c
65ae2c5c
65af2c5b
65b02c5a
65b12c5a
65b22c59
65b32c58
65b42c58
65b52c57
65b62c56
65b72c56
65b82c55
65b92c55
65ba2c55
65bb2c54
65bc2c53
65bd2c53
65be2c52
65bf2c51
65c02c51
65c12c50
65c22c50
65c32c50
65c42c4f
65c52c4e
65c62c4e
65c72c4d
65c82c4c
65c92c4c
65ca2c4c
65cb2c4b
65cc2c4b
65cd2c4a
65ce2c49
65cf2c49
65d02c49
65d12c48
65d22c48
65d32c47
65d42c47
65d52c47
65d62c46
65d72c45
65d82c45
65d92c45
65da2c44
65db2c44
65dc2c43
65dd2c42
65de2c42
65df2c42
65e02c41
65e12c41
65e22c41
65e32c40
65e42c40
65e52c3f
65e62c3f
65e72c3f
65e82c3e
65e92c3d
65ea2c3d
65eb2c3d
65ec2c3c
65ed2c3c
65ee2c3c
65ef2c3b
65f02c3b
65f12c3a
65f22c3a
65f32c3a
65f42c39
65f52c39
65f62c39
65f72c38
65f82c38
65f92c38
65fa2c37
65fb2c37
65fc2c37
65fd2c36
65fe2c35
65ff2c35
66002c35
66012c34
66022c33
66032c33
66042c32
66052c31
66062c31
66072c30
66082c2f
66092c2f
660a2c2e
660b2c2d
660c2c2d
660d2c2d
660e2c2c
660f2c2b
66102c2b
66112c2a
66122c29
66132c29
66142c28
66152c28
66162c27
66172c26
66182c26
66192c26
661a2c25
661b2c24
661c2c24
661d2c23
661e2c23
661f2c22
66202c22
66212c21
66222c21
66232c20
66242c20
66252c1f
66262c1f
66272c1e
66282c1e
66292c1d
662a2c1d
662b2c1d
662c2c1c
662d2c1c
662e2c1b
662f2c1b
66302c1a
66312c1a
66322c19
66332c19
66342c19
66352c18
66362c18
66372c17
66382c17
66392c17
663a2c16
663b2c16
663c2c15
663d2c15
663e2c14
663f2c14
66402c14
66412c13
66422c13
66432c13
66442c12
66452c12
66462c12
66472c11
66482c11
66492c10
664a2c10
664b2c10
664c2c0f
664d2c0f
664e2c0f
664f2c0e
66502c0e
66512c0e
66522c0d
66532c0d
66542c0d
66552c0c
66562c0c
66572c0c
66582c0b
66592c0b
665a2c0b
665b2c0a
665c2c0a
665d2c0a
665e2c09
665f2c09
66602c09
66612c09
66622c08
66632c08
66642c08
66652c07
66662c07
66672c07
66682c06
66692c06
666a2c06
666b2c05
666c2c05
666d2c05
666e2c05
666f2c04
66702c04
66712c04
66722c04
66732c03
66742c03
66752c03
66762c03
66772c02
66782c02
66792c02
667a2c01
667b2c01
667c2c01
667d2c01
667e2c00
667f2c00
66802bff
66812bff
66822bfe
66832bfc
66842bfc
66852bfb
66862bfa
66872bfa
66882bf8
66892bf7
668a2bf7
668b2bf5
668c2bf4
668d2bf4
668e2bf3
668f2bf2
66902bf2
66912bf0
66922bef
66932bef
66942bee
66952bed
66962bed
66972bec
66982bea
66992bea
669a2be9
669b2be8
669c2be8
669d2be7
669e2be6
669f2be6
66a02be5
66a12be4
66a22be4
66a32be3
66a42be2
66a52be2
66a62be1
66a72be0
66a82be0
66a92bdf
66aa2bde
66ab2bde
66ac2bdd
66ad2bdc
66ae2bdc
66af2bdb
66b02bda
66b12bda
66b22bd9
66b32bd8
66b42bd8
66b52bd7
66b62bd6
66b72bd6
66b82bd5
66b92bd5
66ba2bd5
66bb2bd4
66bc2bd3
66bd2bd3
66be2bd2
66bf2bd1
66c02bd1
66c12bd0
66c22bd0
66c32bd0
66c42bcf
66c52bce
66c62bce
66c72bcd
66c82bcc
66c92bcc
66ca2bcc
66cb2bcb
66cc2bcb
66cd2bca
66ce2bc9
66cf2bc9
66d02bc9
66d12bc8
66d22bc8
66d32bc7
66d42bc7
66d52bc7
66d62bc6
66d72bc5
66d82bc5
66d92bc5
66da2bc4
66db2bc4
66dc2bc3
66dd2bc2
66de2bc2
66df2bc2
66e02bc1
66e12bc1
66e22bc1
66e32bc0
66e42bc0
66e52bbf
66e62bbf
66e72bbf
66e82bbe
66e92bbd
66ea2bbd
66eb2bbd
66ec2bbc
66ed2bbc
66ee2bbc
66ef2bbb
66f02bbb
66f12bba
66f22bba
66f32bba
66f42bb9
66f52bb9
66f62bb9
66f72bb8
66f82bb8
66f92bb8
66fa2bb7
66fb2bb7
66fc2bb7
66fd2bb6
66fe2bb5
66ff2bb5
67002bb5
67012bb4
67022bb3
67032bb3
67042bb2
67052bb1
67062bb1
67072bb0
67082baf
67092baf
670a2bae
670b2bad
670c2bad
670d2bad
670e2bac
670f2bab
67102bab
67112baa
67122ba9
67132ba9
67142ba8
67152ba8
67162ba7
67172ba6
67182ba6
67192ba6
671a2ba5
671b2ba4
671c2ba4
671d2ba3
671e2ba3
671f2ba2
67202ba2
67212ba1
67222ba1
67232ba0
67242ba0
67252b9f
67262b9f
67272b9e
67282b9e
67292b9d
672a2b9d
672b2b9d
672c2b9c
672d2b9c
672e2b9b
672f2b9b
67302b9a
67312b9a
67322b99
67332b99
67342b99
67352b98
67362b98
67372b97
67382b97
67392b97
673a2b96
673b2b96
673c2b95
673d2b95
673e2b94
673f2b94
67402b94
67412b93
67422b93
67432b93
67442b92
67452b92
67462b92
67472b91
67482b91
67492b90
674a2b90
674b2b90
674c2b8f
674d2b8f
674e2b8f
674f2b8e
67502b8e
67512b8e
67522b8d
67532b8d
67542b8d
67552b8c
67562b8c
67572b8c
67582b8b
67592b8b
675a2b8b
675b2b8a
675c2b8a
675d2b8a
675e2b89
675f2b89
67602b89
67612b89
67622b88
67632b88
67642b88
67652b87
67662b87
67672b87
67682b86
67692b86
676a2b86
676b2b85
676c2b85
676d2b85
676e2b85
676f2b84
67702b84
67712b84
67722b84
67732b83
67742b83
67752b83
67762b83
67772b82
67782b82
67792b82
677a2b81
677b2b81
677c2b81
677d2b81
677e2b80
677f2b80
67802b7f
67812b7f
67822b7e
67832b7c
67842b7c
67852b7b
67862b7a
67872b7a
67882b78
67892b77
678a2b77
678b2b75
678c2b74
678d2b74
678e2b73
678f2b72
67902b72
67912b70
67922b6f
67932b6f
67942b6e
67952b6d
67962b6d
67972b6c
67982b6a
67992b6a
679a2b69
679b2b68
679c2b68
679d2b67
679e2b66
679f2b66
67a02b65
67a12b64
67a22b64
67a32b63
67a42b62
67a52b62
67a62b61
67a72b60
67a82b60
67a92b5f
67aa2b5e
67ab2b5e
67ac2b5d
67ad2b5c
67ae2b5c
67af2b5b
67b02b5a
67b12b5a
67b22b59
67b32b58
67b42b58
67b52b57
67b62b56
67b72b56
67b82b55
67b92b55
67ba2b55
67bb2b54
67bc2b53
67bd2b53
67be2b52
67bf2b51
67c02b51
67c12b50
67c22b50
67c32b50
67c42b4f
67c52b4e
67c62b4e
67c72b4d
67c82b4c
67c92b4c
67ca2b4c
67cb2b4b
67cc2b4b
67cd2b4a
67ce2b49
67cf2b49
67d02b49
67d12b48
67d22b48
67d32b47
67d42b47
67d52b47
67d62b46
67d72b45
67d82b45
67d92b45
67da2b44
67db2b44
67dc2b43
67dd2b42
67de2b42
67df2b42
67e02b41
67e12b41
67e22b41
67e32b40
67e42b40
67e52b3f
67e62b3f
67e72b3f
67e82b3e
67e92b3d
67ea2b3d
67eb2b3d
67ec2b3c
67ed2b3c
67ee2b3c
67ef2b3b
67f02b3b
67f12b3a
67f22b3a
67f32b3a
67f42b39
67f52b39
67f62b39
67f72b38
67f82b38
67f92b38
67fa2b37
67fb2b37
67fc2b37
67fd2b36
67fe2b35
67ff2b35
68002b35
68012b34
68022b33
68032b33
68042b32
68052b31
68062b31
68072b30
68082b2f
68092b2f
680a2b2e
680b2b2d
680c2b2d
680d2b2d
680e2b2c
680f2b2b
68102b2b
68112b2a
68122b29
68132b29
68142b28
68152b28
68162b27
68172b26
68182b26
68192b26
681a2b25
681b2b24
681c2b24
681d2b23
681e2b23
681f2b22
68202b22
68212b21
68222b21
68232b20
68242b20
68252b1f
68262b1f
68272b1e
68282b1e
68292b1d
682a2b1d
682b2b1d
682c2b1c
682d2b1c
682e2b1b
682f2b1b
68302b1a
68312b1a
68322b19
68332b19
68342b19
68352b18
68362b18
68372b17
68382b17
68392b17
683a2b16
683b2b16
683c2b15
683d2b15
683e2b14
683f2b14
68402b14
68412b13
68422b13
68432b13
68442b12
68452b12
68462b12
68472b11
68482b11
68492b10
684a2b10
684b2b10
684c2b0f
684d2b0f
684e2b0f
684f2b0e
68502b0e
68512b0e
68522b0d
68532b0d
68542b0d
68552b0c
68562b0c
68572b0c
68582b0b
68592b0b
685a2b0b
685b2b0a
685c2b0a
685d2b0a
685e2b09
685f2b09
68602b09
68612b09
68622b08
68632b08
68642b08
68652b07
68662b07
68672b07
68682b06
68692b06
686a2b06
686b2b05
686c2b05
686d2b05
686e2b05
686f2b04
68702b04
68712b04
68722b04
68732b03
68742b03
68752b03
68762b03
68772b02
68782b02
68792b02
687a2b01
687b2b01
687c2b01
687d2b01
687e2b00
687f2b00
68802aff
68812aff
68822afe
68832afc
68842afc
68852afb
68862afa
68872afa
68882af8
68892af7
688a2af7
688b2af5
688c2af4
688d2af4
688e2af3
688f2af2
68902af2
68912af0
68922aef
68932aef
68942aee
68952aed
68962aed
68972aec
68982aea
68992aea
689a2ae9
689b2ae8
689c2ae8
689d2ae7
689e2ae6
689f2ae6
68a02ae5
68a12ae4
68a22ae4
68a32ae3
68a42ae2
68a52ae2
68a62ae1
68a72ae0
68a82ae0
68a92adf
68aa2ade
68ab2ade
68ac2add
68ad2adc
68ae2adc
68af2adb
68b02ada
68b12ada
68b22ad9
68b32ad8
68b42ad8
68b52ad7
68b62ad6
68b72ad6
68b82ad5
68b92ad5
68ba2ad5
68bb2ad4
68bc2ad3
68bd2ad3
68be2ad2
68bf2ad1
68c02ad1
68c12ad0
68c22ad0
68c32ad0
68c42acf
68c52ace
68c62ace
68c72acd
68c82acc
68c92acc
68ca2acc
68cb2acb
68cc2acb
68cd2aca
68ce2ac9
68cf2ac9
68d02ac9
68d12ac8
68d22ac8
68d32ac7
68d42ac7
68d52ac7
68d62ac6
68d72ac5
68d82ac5
68d92ac5
68da2ac4
68db2ac4
68dc2ac3
68dd2ac2
68de2ac2
68df2ac2
68e02ac1
68e12ac1
68e22ac1
68e32ac0
68e42ac0
68e52abf
68e62abf
68e72abf
68e82abe
68e92abd
68ea2abd
68eb2abd
68ec2abc
68ed2abc
68ee2abc
68ef2abb
68f02abb
68f12aba
68f22aba
68f32aba
68f42ab9
68f52ab9
68f62ab9
68f72ab8
68f82ab8
68f92ab8
68fa2ab7
68fb2ab7
68fc2ab7
68fd2ab6
68fe2ab5
68ff2ab5
69002ab5
69012ab4
69022ab3
69032ab3
69042ab2
69052ab1
69062ab1
69072ab0
69082aaf
69092aaf
690a2aae
690b2aad
690c2aad
690d2aad
690e2aac
690f2aab
69102aab
69112aaa
69122aa9
69132aa9
69142aa8
69152aa8
69162aa7
69172aa6
69182aa6
69192aa6
691a2aa5
691b2aa4
691c2aa4
691d2aa3
691e2aa3
691f2aa2
69202aa2
69212aa1
69222aa1
69232aa0
69242aa0
69252a9f
69262a9f
69272a9e
69282a9e
69292a9d
692a2a9d
692b2a9d
692c2a9c
692d2a9c
692e2a9b
692f2a9b
69302a9a
69312a9a
69322a99
69332a99
69342a99
69352a98
69362a98
69372a97
69382a97
69392a97
693a2a96
693b2a96
693c2a95
693d2a95
693e2a94
693f2a94
69402a94
69412a93
69422a93
69432a93
69442a92
69452a92
69462a92
69472a91
69482a91
69492a90
694a2a90
694b2a90
694c2a8f
694d2a8f
694e2a8f
694f2a8e
69502a8e
69512a8e
69522a8d
69532a8d
69542a8d
69552a8c
69562a8c
69572a8c
69582a8b
69592a8b
695a2a8b
695b2a8a
695c2a8a
695d2a8a
695e2a89
695f2a89
69602a89
69612a89
69622a88
69632a88
69642a88
69652a87
69662a87
69672a87
69682a86
69692a86
696a2a86
696b2a85
696c2a85
696d2a85
696e2a85
696f2a84
69702a84
69712a84
69722a84
69732a83
69742a83
69752a83
69762a83
69772a82
69782a82
69792a82
697a2a81
697b2a81
697c2a81
697d2a81
697e2a80
697f2a80
69802a7f
69812a7f
69822a7e
69832a7c
69842a7c
69852a7b
69862a7a
69872a7a
69882a78
69892a77
698a2a77
698b2a75
698c2a74
698d2a74
698e2a73
698f2a72
69902a72
69912a70
69922a6f
69932a6f
69942a6e
69952a6d
69962a6d
69972a6c
69982a6a
69992a6a
699a2a69
699b2a68
699c2a68
699d2a67
699e2a66
699f2a66
69a02a65
69a12a64
69a22a64
69a32a63
69a42a62
69a52a62
69a62a61
69a72a60
69a82a60
69a92a5f
69aa2a5e
69ab2a5e
69ac2a5d
69ad2a5c
69ae2a5c
69af2a5b
69b02a5a
69b12a5a
69b22a59
69b32a58
69b42a58
69b52a57
69b62a56
69b72a56
69b82a55
69b92a55
69ba2a55
69bb2a54
69bc2a53
69bd2a53
69be2a52
69bf2a51
69c02a51
69c12a50
69c22a50
69c32a50
69c42a4f
69c52a4e
69c62a4e
69c72a4d
69c82a4c
69c92a4c
69ca2a4c
69cb2a4b
69cc2a4b
69cd2a4a
69ce2a49
69cf2a49
69d02a49
69d12a48
69d22a48
69d32a47
69d42a47
69d52a47
69d62a46
69d72a45
69d82a45
69d92a45
69da2a44
69db2a44
69dc2a43
69dd2a42
69de2a42
69df2a42
69e02a41
69e12a41
69e22a41
69e32a40
69e42a40
69e52a3f
69e62a3f
69e72a3f
69e82a3e
69e92a3d
69ea2a3d
69eb2a3d
69ec2a3c
69ed2a3c
69ee2a3c
69ef2a3b
69f02a3b
69f12a3a
69f22a3a
69f32a3a
69f42a39
69f52a39
69f62a39
69f72a38
69f82a38
69f92a38
69fa2a37
69fb2a37
69fc2a37
69fd2a36
69fe2a35
69ff2a35
6a002a35
6a012a34
6a022a33
6a032a33
6a042a32
6a052a31
6a062a31
6a072a30
6a082a2f
6a092a2f
6a0a2a2e
6a0b2a2d
6a0c2a2d
6a0d2a2d
6a0e2a2c
6a0f2a2b
6a102a2b
6a112a2a
6a122a29
6a132a29
6a142a28
6a152a28
6a162a27
6a172a26
6a182a26
6a192a26
6a1a2a25
6a1b2a24
6a1c2a24
6a1d2a23
6a1e2a23
6a1f2a22
6a202a22
6a212a21
6a222a21
6a232a20
6a242a20
6a252a1f
6a262a1f
6a272a1e
6a282a1e
6a292a1d
6a2a2a1d
6a2b2a1d
6a2c2a1c
6a2d2a1c
6a2e2a1b
6a2f2a1b
6a302a1a
6a312a1a
6a322a19
6a332a19
6a342a19
6a352a18
6a362a18
6a372a17
6a382a17
6a392a17
6a3a2a16
6a3b2a16
6a3c2a15
6a3d2a15
6a3e2a14
6a3f2a14
6a402a14
6a412a13
6a422a13
6a432a13
6a442a12
6a452a12
6a462a12
6a472a11
6a482a11
6a492a10
6a4a2a10
6a4b2a10
6a4c2a0f
6a4d2a0f
6a4e2a0f
6a4f2a0e
6a502a0e
6a512a0e
6a522a0d
6a532a0d
6a542a0d
6a552a0c
6a562a0c
6a572a0c
6a582a0b
6a592a0b
6a5a2a0b
6a5b2a0a
6a5c2a0a
6a5d2a0a
6a5e2a09
6a5f2a09
6a602a09
6a612a09
6a622a08
6a632a08
6a642a08
6a652a07
6a662a07
6a672a07
6a682a06
6a692a06
6a6a2a06
6a6b2a05
6a6c2a05
6a6d2a05
6a6e2a05
6a6f2a04
6a702a04
6a712a04
6a722a04
6a732a03
6a742a03
6a752a03
6a762a03
6a772a02
6a782a02
6a792a02
6a7a2a01
6a7b2a01
6a7c2a01
6a7d2a01
6a7e2a00
6a7f2a00
6a8029ff
6a8129ff
6a8229fe
6a8329fc
6a8429fc
6a8529fb
6a8629fa
6a8729fa
6a8829f8
6a8929f7
6a8a29f7
6a8b29f5
6a8c29f4
6a8d29f4
6a8e29f3
6a8f29f2
6a9029f2
6a9129f0
6a9229ef
6a9329ef
6a9429ee
6a9529ed
6a9629ed
6a9729ec
6a9829ea
6a9929ea
6a9a29e9
6a9b29e8
6a9c29e8
6a9d29e7
6a9e29e6
6a9f29e6
6aa029e5
6aa129e4
6aa229e4
6aa329e3
6aa429e2
6aa529e2
6aa629e1
6aa729e0
6aa829e0
6aa929df
6aaa29de
6aab29de
6aac29dd
6aad29dc
6aae29dc
6aaf29db
6ab029da
6ab129da
6ab229d9
6ab329d8
6ab429d8
6ab529d7
6ab629d6
6ab729d6
6ab829d5
6ab929d5
6aba29d5
6abb29d4
6abc29d3
6abd29d3
6abe29d2
6abf29d1
6ac029d1
6ac129d0
6ac229d0
6ac329d0
6ac429cf
6ac529ce
6ac629ce
6ac729cd
6ac829cc
6ac929cc
6aca29cc
6acb29cb
6acc29cb
6acd29ca
6ace29c9
6acf29c9
6ad029c9
6ad129c8
6ad229c8
6ad329c7
6ad429c7
6ad529c7
6ad629c6
6ad729c5
6ad829c5
6ad929c5
6ada29c4
6adb29c4
6adc29c3
6add29c2
6ade29c2
6adf29c2
6ae029c1
6ae129c1
6ae229c1
6ae329c0
6ae429c0
6ae529bf
6ae629bf
6ae729bf
6ae829be
6ae929bd
6aea29bd
6aeb29bd
6aec29bc
6aed29bc
6aee29bc
6aef29bb
6af029bb
6af129ba
6af229ba
6af329ba
6af429b9
6af529b9
6af629b9
6af729b8
6af829b8
6af929b8
6afa29b7
6afb29b7
6afc29b7
6afd29b6
6afe29b5
6aff29b5
6b0029b5
6b0129b4
6b0229b3
6b0329b3
6b0429b2
6b0529b1
6b0629b1
6b0729b0
6b0829af
6b0929af
6b0a29ae
6b0b29ad
6b0c29ad
6b0d29ad
6b0e29ac
6b0f29ab
6b1029ab
6b1129aa
6b1229a9
6b1329a9
6b1429a8
6b1529a8
6b1629a7
6b1729a6
6b1829a6
6b1929a6
6b1a29a5
6b1b29a4
6b1c29a4
6b1d29a3
6b1e29a3
6b1f29a2
6b2029a2
6b2129a1
6b2229a1
6b2329a0
6b2429a0
6b25299f
6b26299f
6b27299e
6b28299e
6b29299d
6b2a299d
6b2b299d
6b2c299c
6b2d299c
6b2e299b
6b2f299b
6b30299a
6b31299a
6b322999
6b332999
6b342999
6b352998
6b362998
6b372997
6b382997
6b392997
6b3a2996
6b3b2996
6b3c2995
6b3d2995
6b3e2994
6b3f2994
6b402994
6b412993
6b422993
6b432993
6b442992
6b452992
6b462992
6b472991
6b482991
6b492990
6b4a2990
6b4b2990
6b4c298f
6b4d298f
6b4e298f
6b4f298e
6b50298e
6b51298e
6b52298d
6b53298d
6b54298d
6b55298c
6b56298c
6b57298c
6b58298b
6b59298b
6b5a298b
6b5b298a
6b5c298a
6b5d298a
6b5e2989
6b5f2989
6b602989
6b612989
6b622988
6b632988
6b642988
6b652987
6b662987
6b672987
6b682986
6b692986
6b6a2986
6b6b2985
6b6c2985
6b6d2985
6b6e2985
6b6f2984
6b702984
6b712984
6b722984
6b732983
6b742983
6b752983
6b762983
6b772982
6b782982
6b792982
6b7a2981
6b7b2981
6b7c2981
6b7d2981
6b7e2980
6b7f2980
6b80297f
6b81297f
6b82297e
6b83297c
6b84297c
6b85297b
6b86297a
6b87297a
6b882978
6b892977
6b8a2977
6b8b2975
6b8c2974
6b8d2974
6b8e2973
6b8f2972
6b902972
6b912970
6b92296f
6b93296f
6b94296e
6b95296d
6b96296d
6b97296c
6b98296a
6b99296a
6b9a2969
6b9b2968
6b9c2968
6b9d2967
6b9e2966
6b9f2966
6ba02965
6ba12964
6ba22964
6ba32963
6ba42962
6ba52962
6ba62961
6ba72960
6ba82960
6ba9295f
6baa295e
6bab295e
6bac295d
6bad295c
6bae295c
6baf295b
6bb0295a
6bb1295a
6bb22959
6bb32958
6bb42958
6bb52957
6bb62956
6bb72956
6bb82955
6bb92955
6bba2955
6bbb2954
6bbc2953
6bbd2953
6bbe2952
6bbf2951
6bc02951
6bc12950
6bc22950
6bc32950
6bc4294f
6bc5294e
6bc6294e
6bc7294d
6bc8294c
6bc9294c
6bca294c
6bcb294b
6bcc294b
6bcd294a
6bce2949
6bcf2949
6bd02949
6bd12948
6bd22948
6bd32947
6bd42947
6bd52947
6bd62946
6bd72945
6bd82945
6bd92945
6bda2944
6bdb2944
6bdc2943
6bdd2942
6bde2942
6bdf2942
6be02941
6be12941
6be22941
6be32940
6be42940
6be5293f
6be6293f
6be7293f
6be8293e
6be9293d
6bea293d
6beb293d
6bec293c
6bed293c
6bee293c
6bef293b
6bf0293b
6bf1293a
6bf2293a
6bf3293a
6bf42939
6bf52939
6bf62939
6bf72938
6bf82938
6bf92938
6bfa2937
6bfb2937
6bfc2937
6bfd2936
6bfe2935
6bff2935
6c002935
6c012934
6c022933
6c032933
6c042932
6c052931
6c062931
6c072930
6c08292f
6c09292f
6c0a292e
6c0b292d
6c0c292d
6c0d292d
6c0e292c
6c0f292b
6c10292b
6c11292a
6c122929
6c132929
6c142928
6c152928
6c162927
6c172926
6c182926
6c192926
6c1a2925
6c1b2924
6c1c2924
6c1d2923
6c1e2923
6c1f2922
6c202922
6c212921
6c222921
6c232920
6c242920
6c25291f
6c26291f
6c27291e
6c28291e
6c29291d
6c2a291d
6c2b291d
6c2c291c
6c2d291c
6c2e291b
6c2f291b
6c30291a
6c31291a
6c322919
6c332919
6c342919
6c352918
6c362918
6c372917
6c382917
6c392917
6c3a2916
6c3b2916
6c3c2915
6c3d2915
6c3e2914
6c3f2914
6c402914
6c412913
6c422913
6c432913
6c442912
6c452912
6c462912
6c472911
6c482911
6c492910
6c4a2910
6c4b2910
6c4c290f
6c4d290f
6c4e290f
6c4f290e
6c50290e
6c51290e
6c52290d
6c53290d
6c54290d
6c55290c
6c56290c
6c57290c
6c58290b
6c59290b
6c5a290b
6c5b290a
6c5c290a
6c5d290a
6c5e2909
6c5f2909
6c602909
6c612909
6c622908
6c632908
6c642908
6c652907
6c662907
6c672907
6c682906
6c692906
6c6a2906
6c6b2905
6c6c2905
6c6d2905
6c6e2905
6c6f2904
6c702904
6c712904
6c722904
6c732903
6c742903
6c752903
6c762903
6c772902
6c782902
6c792902
6c7a2901
6c7b2901
6c7c2901
6c7d2901
6c7e2900
6c7f2900
6c8028ff
6c8128ff
6c8228fe
6c8328fc
6c8428fc
6c8528fb
6c8628fa
6c8728fa
6c8828f8
6c8928f7
6c8a28f7
6c8b28f5
6c8c28f4
6c8d28f4
6c8e28f3
6c8f28f2
6c9028f2
6c9128f0
6c9228ef
6c9328ef
6c9428ee
6c9528ed
6c9628ed
6c9728ec
6c9828ea
6c9928ea
6c9a28e9
6c9b28e8
6c9c28e8
6c9d28e7
6c9e28e6
6c9f28e6
6ca028e5
6ca128e4
6ca228e4
6ca328e3
6ca428e2
6ca528e2
6ca628e1
6ca728e0
6ca828e0
6ca928df
6caa28de
6cab28de
6cac28dd
6cad28dc
6cae28dc
6caf28db
6cb028da
6cb128da
6cb228d9
6cb328d8
6cb428d8
6cb528d7
6cb628d6
6cb728d6
6cb828d5
6cb928d5
6cba28d5
6cbb28d4
6cbc28d3
6cbd28d3
6cbe28d2
6cbf28d1
6cc028d1
6cc128d0
6cc228d0
6cc328d0
6cc428cf
6cc528ce
6cc628ce
6cc728cd
6cc828cc
6cc928cc
6cca28cc
6ccb28cb
6ccc28cb
6ccd28ca
6cce28c9
6ccf28c9
6cd028c9
6cd128c8
6cd228c8
6cd328c7
6cd428c7
6cd528c7
6cd628c6
6cd728c5
6cd828c5
6cd928c5
6cda28c4
6cdb28c4
6cdc28c3
6cdd28c2
6cde28c2
6cdf28c2
6ce028c1
6ce128c1
6ce228c1
6ce328c0
6ce428c0
6ce528bf
6ce628bf
6ce728bf
6ce828be
6ce928bd
6cea28bd
6ceb28bd
6cec28bc
6ced28bc
6cee28bc
6cef28bb
6cf028bb
6cf128ba
6cf228ba
6cf328ba
6cf428b9
6cf528b9
6cf628b9
6cf728b8
6cf828b8
6cf928b8
6cfa28b7
6cfb28b7
6cfc28b7
6cfd28b6
6cfe28b5
6cff28b5
6d0028b5
6d0128b4
6d0228b3
6d0328b3
6d0428b2
6d0528b1
6d0628b1
6d0728b0
6d0828af
6d0928af
6d0a28ae
6d0b28ad
6d0c28ad
6d0d28ad
6d0e28ac
6d0f28ab
6d1028ab
6d1128aa
6d1228a9
6d1328a9
6d1428a8
6d1528a8
6d1628a7
6d1728a6
6d1828a6
6d1928a6
6d1a28a5
6d1b28a4
6d1c28a4
6d1d28a3
6d1e28a3
6d1f28a2
6d2028a2
6d2128a1
6d2228a1
6d2328a0
6d2428a0
6d25289f
6d26289f
6d27289e
6d28289e
6d29289d
6d2a289d
6d2b289d
6d2c289c
6d2d289c
6d2e289b
6d2f289b
6d30289a
6d31289a
6d322899
6d332899
6d342899
6d352898
6d362898
6d372897
6d382897
6d392897
6d3a2896
6d3b2896
6d3c2895
6d3d2895
6d3e2894
6d3f2894
6d402894
6d412893
6d422893
6d432893
6d442892
6d452892
6d462892
6d472891
6d482891
6d492890
6d4a2890
6d4b2890
6d4c288f
6d4d288f
6d4e288f
6d4f288e
6d50288e
6d51288e
6d52288d
6d53288d
6d54288d
6d55288c
6d56288c
6d57288c
6d58288b
6d59288b
6d5a288b
6d5b288a
6d5c288a
6d5d288a
6d5e2889
6d5f2889
6d602889
6d612889
6d622888
6d632888
6d642888
6d652887
6d662887
6d672887
6d682886
6d692886
6d6a2886
6d6b2885
6d6c2885
6d6d2885
6d6e2885
6d6f2884
6d702884
6d712884
6d722884
6d732883
6d742883
6d752883
6d762883
6d772882
6d782882
6d792882
6d7a2881
6d7b2881
6d7c2881
6d7d2881
6d7e2880
6d7f2880
6d80287f
6d81287f
6d82287e
6d83287c
6d84287c
6d85287b
6d86287a
6d87287a
6d882878
6d892877
6d8a2877
6d8b2875
6d8c2874
6d8d2874
6d8e2873
6d8f2872
6d902872
6d912870
6d92286f
6d93286f
6d94286e
6d95286d
6d96286d
6d97286c
6d98286a
6d99286a
6d9a2869
6d9b2868
6d9c2868
6d9d2867
6d9e2866
6d9f2866
6da02865
6da12864
6da22864
6da32863
6da42862
6da52862
6da62861
6da72860
6da82860
6da9285f
6daa285e
6dab285e
6dac285d
6dad285c
6dae285c
6daf285b
6db0285a
6db1285a
6db22859
6db32858
6db42858
6db52857
6db62856
6db72856
6db82855
6db92855
6dba2855
6dbb2854
6dbc2853
6dbd2853
6dbe2852
6dbf2851
6dc02851
6dc12850
6dc22850
6dc32850
6dc4284f
6dc5284e
6dc6284e
6dc7284d
6dc8284c
6dc9284c
6dca284c
6dcb284b
6dcc284b
6dcd284a
6dce2849
6dcf2849
6dd02849
6dd12848
6dd22848
6dd32847
6dd42847
6dd52847
6dd62846
6dd72845
6dd82845
6dd92845
6dda2844
6ddb2844
6ddc2843
6ddd2842
6dde2842
6ddf2842
6de02841
6de12841
6de22841
6de32840
6de42840
6de5283f
6de6283f
6de7283f
6de8283e
6de9283d
6dea283d
6deb283d
6dec283c
6ded283c
6dee283c
6def283b
6df0283b
6df1283a
6df2283a
6df3283a
6df42839
6df52839
6df62839
6df72838
6df82838
6df92838
6dfa2837
6dfb2837
6dfc2837
6dfd2836
6dfe2835
6dff2835
6e002835
6e012834
6e022833
6e032833
6e042832
6e052831
6e062831
6e072830
6e08282f
6e09282f
6e0a282e
6e0b282d
6e0c282d
6e0d282d
6e0e282c
6e0f282b
6e10282b
6e11282a
6e122829
6e132829
6e142828
6e152828
6e162827
6e172826
6e182826
6e192826
6e1a2825
6e1b2824
6e1c2824
6e1d2823
6e1e2823
6e1f2822
6e202822
6e212821
6e222821
6e232820
6e242820
6e25281f
6e26281f
6e27281e
6e28281e
6e29281d
6e2a281d
6e2b281d
6e2c281c
6e2d281c
6e2e281b
6e2f281b
6e30281a
6e31281a
6e322819
6e332819
6e342819
6e352818
6e362818
6e372817
6e382817
6e392817
6e3a2816
6e3b2816
6e3c2815
6e3d2815
6e3e2814
6e3f2814
6e402814
6e412813
6e422813
6e432813
6e442812
6e452812
6e462812
6e472811
6e482811
6e492810
6e4a2810
6e4b2810
6e4c280f
6e4d280f
6e4e280f
6e4f280e
6e50280e
6e51280e
6e52280d
6e53280d
6e54280d
6e55280c
6e56280c
6e57280c
6e58280b
6e59280b
6e5a280b
6e5b280a
6e5c280a
6e5d280a
6e5e2809
6e5f2809
6e602809
6e612809
6e622808
6e632808
6e642808
6e652807
6e662807
6e672807
6e682806
6e692806
6e6a2806
6e6b2805
6e6c2805
6e6d2805
6e6e2805
6e6f2804
6e702804
6e712804
6e722804
6e732803
6e742803
6e752803
6e762803
6e772802
6e782802
6e792802
6e7a2801
6e7b2801
6e7c2801
6e7d2801
6e7e2800
6e7f2800
6e8027ff
6e8127ff
6e8227fe
6e8327fc
6e8427fc
6e8527fb
6e8627fa
6e8727fa
6e8827f8
6e8927f7
6e8a27f7
6e8b27f5
6e8c27f4
6e8d27f4
6e8e27f3
6e8f27f2
6e9027f2
6e9127f0
6e9227ef
6e9327ef
6e9427ee
6e9527ed
6e9627ed
6e9727ec
6e9827ea
6e9927ea
6e9a27e9
6e9b27e8
6e9c27e8
6e9d27e7
6e9e27e6
6e9f27e6
6ea027e5
6ea127e4
6ea227e4
6ea327e3
6ea427e2
6ea527e2
6ea627e1
6ea727e0
6ea827e0
6ea927df
6eaa27de
6eab27de
6eac27dd
6ead27dc
6eae27dc
6eaf27db
6eb027da
6eb127da
6eb227d9
6eb327d8
6eb427d8
6eb527d7
6eb627d6
6eb727d6
6eb827d5
6eb927d5
6eba27d5
6ebb27d4
6ebc27d3
6ebd27d3
6ebe27d2
6ebf27d1
6ec027d1
6ec127d0
6ec227d0
6ec327d0
6ec427cf
6ec527ce
6ec627ce
6ec727cd
6ec827cc
6ec927cc
6eca27cc
6ecb27cb
6ecc27cb
6ecd27ca
6ece27c9
6ecf27c9
6ed027c9
6ed127c8
6ed227c8
6ed327c7
6ed427c7
6ed527c7
6ed627c6
6ed727c5
6ed827c5
6ed927c5
6eda27c4
6edb27c4
6edc27c3
6edd27c2
6ede27c2
6edf27c2
6ee027c1
6ee127c1
6ee227c1
6ee327c0
6ee427c0
6ee527bf
6ee627bf
6ee727bf
6ee827be
6ee927bd
6eea27bd
6eeb27bd
6eec27bc
6eed27bc
6eee27bc
6eef27bb
6ef027bb
6ef127ba
6ef227ba
6ef327ba
6ef427b9
6ef527b9
6ef627b9
6ef727b8
6ef827b8
6ef927b8
6efa27b7
6efb27b7
6efc27b7
6efd27b6
6efe27b5
6eff27b5
6f0027b5
6f0127b4
6f0227b3
6f0327b3
6f0427b2
6f0527b1
6f0627b1
6f0727b0
6f0827af
6f0927af
6f0a27ae
6f0b27ad
6f0c27ad
6f0d27ad
6f0e27ac
6f0f27ab
6f1027ab
6f1127aa
6f1227a9
6f1327a9
6f1427a8
6f1527a8
6f1627a7
6f1727a6
6f1827a6
6f1927a6
6f1a27a5
6f1b27a4
6f1c27a4
6f1d27a3
6f1e27a3
6f1f27a2
6f2027a2
6f2127a1
6f2227a1
6f2327a0
6f2427a0
6f25279f
6f26279f
6f27279e
6f28279e
6f29279d
6f2a279d
6f2b279d
6f2c279c
6f2d279c
6f2e279b
6f2f279b
6f30279a
6f31279a
6f322799
6f332799
6f342799
6f352798
6f362798
6f372797
6f382797
6f392797
6f3a2796
6f3b2796
6f3c2795
6f3d2795
6f3e2794
6f3f2794
6f402794
6f412793
6f422793
6f432793
6f442792
6f452792
6f462792
6f472791
6f482791
6f492790
6f4a2790
6f4b2790
6f4c278f
6f4d278f
6f4e278f
6f4f278e
6f50278e
6f51278e
6f52278d
6f53278d
6f54278d
6f55278c
6f56278c
6f57278c
6f58278b
6f59278b
6f5a278b
6f5b278a
6f5c278a
6f5d278a
6f5e2789
6f5f2789
6f602789
6f612789
6f622788
6f632788
6f642788
6f652787
6f662787
6f672787
6f682786
6f692786
6f6a2786
6f6b2785
6f6c2785
6f6d2785
6f6e2785
6f6f2784
6f702784
6f712784
6f722784
6f732783
6f742783
6f752783
6f762783
6f772782
6f782782
6f792782
6f7a2781
6f7b2781
6f7c2781
6f7d2781
6f7e2780
6f7f2780
6f80277f
6f81277f
6f82277e
6f83277c
6f84277c
6f85277b
6f86277a
6f87277a
6f882778
6f892777
6f8a2777
6f8b2775
6f8c2774
6f8d2774
6f8e2773
6f8f2772
6f902772
6f912770
6f92276f
6f93276f
6f94276e
6f95276d
6f96276d
6f97276c
6f98276a
6f99276a
6f9a2769
6f9b2768
6f9c2768
6f9d2767
6f9e2766
6f9f2766
6fa02765
6fa12764
6fa22764
6fa32763
6fa42762
6fa52762
6fa62761
6fa72760
6fa82760
6fa9275f
6faa275e
6fab275e
6fac275d
6fad275c
6fae275c
6faf275b
6fb0275a
6fb1275a
6fb22759
6fb32758
6fb42758
6fb52757
6fb62756
6fb72756
6fb82755
6fb92755
6fba2755
6fbb2754
6fbc2753
6fbd2753
6fbe2752
6fbf2751
6fc02751
6fc12750
6fc22750
6fc32750
6fc4274f
6fc5274e
6fc6274e
6fc7274d
6fc8274c
6fc9274c
6fca274c
6fcb274b
6fcc274b
6fcd274a
6fce2749
6fcf2749
6fd02749
6fd12748
6fd22748
6fd32747
6fd42747
6fd52747
6fd62746
6fd72745
6fd82745
6fd92745
6fda2744
6fdb2744
6fdc2743
6fdd2742
6fde2742
6fdf2742
6fe02741
6fe12741
6fe22741
6fe32740
6fe42740
6fe5273f
6fe6273f
6fe7273f
6fe8273e
6fe9273d
6fea273d
6feb273d
6fec273c
6fed273c
6fee273c
6fef273b
6ff0273b
6ff1273a
6ff2273a
6ff3273a
6ff42739
6ff52739
6ff62739
6ff72738
6ff82738
6ff92738
6ffa2737
6ffb2737
6ffc2737
6ffd2736
6ffe2735
6fff2735
70002735
70012734
70022733
70032733
70042732
70052731
70062731
70072730
7008272f
7009272f
700a272e
700b272d
700c272d
700d272d
700e272c
700f272b
7010272b
7011272a
70122729
70132729
70142728
70152728
70162727
70172726
70182726
70192726
701a2725
701b2724
701c2724
701d2723
701e2723
701f2722
70202722
70212721
70222721
70232720
70242720
7025271f
7026271f
7027271e
7028271e
7029271d
702a271d
702b271d
702c271c
702d271c
702e271b
702f271b
7030271a
7031271a
70322719
70332719
70342719
70352718
70362718
70372717
70382717
70392717
703a2716
703b2716
703c2715
703d2715
703e2714
703f2714
70402714
70412713
70422713
70432713
70442712
70452712
70462712
70472711
70482711
70492710
704a2710
704b2710
704c270f
704d270f
704e270f
704f270e
7050270e
7051270e
7052270d
7053270d
7054270d
7055270c
7056270c
7057270c
7058270b
7059270b
705a270b
705b270a
705c270a
705d270a
705e2709
705f2709
70602709
70612709
70622708
70632708
70642708
70652707
70662707
70672707
70682706
70692706
706a2706
706b2705
706c2705
706d2705
706e2705
706f2704
70702704
70712704
70722704
70732703
70742703
70752703
70762703
70772702
70782702
70792702
707a2701
707b2701
707c2701
707d2701
707e2700
707f2700
708026ff
708126ff
708226fe
708326fc
708426fc
708526fb
708626fa
708726fa
708826f8
708926f7
708a26f7
708b26f5
708c26f4
708d26f4
708e26f3
708f26f2
709026f2
709126f0
709226ef
709326ef
709426ee
709526ed
709626ed
709726ec
709826ea
709926ea
709a26e9
709b26e8
709c26e8
709d26e7
709e26e6
709f26e6
70a026e5
70a126e4
70a226e4
70a326e3
70a426e2
70a526e2
70a626e1
70a726e0
70a826e0
70a926df
70aa26de
70ab26de
70ac26dd
70ad26dc
70ae26dc
70af26db
70b026da
70b126da
70b226d9
70b326d8
70b426d8
70b526d7
70b626d6
70b726d6
70b826d5
70b926d5
70ba26d5
70bb26d4
70bc26d3
70bd26d3
70be26d2
70bf26d1
70c026d1
70c126d0
70c226d0
70c326d0
70c426cf
70c526ce
70c626ce
70c726cd
70c826cc
70c926cc
70ca26cc
70cb26cb
70cc26cb
70cd26ca
70ce26c9
70cf26c9
70d026c9
70d126c8
70d226c8
70d326c7
70d426c7
70d526c7
70d626c6
70d726c5
70d826c5
70d926c5
70da26c4
70db26c4
70dc26c3
70dd26c2
70de26c2
70df26c2
70e026c1
70e126c1
70e226c1
70e326c0
70e426c0
70e526bf
70e626bf
70e726bf
70e826be
70e926bd
70ea26bd
70eb26bd
70ec26bc
70ed26bc
70ee26bc
70ef26bb
70f026bb
70f126ba
70f226ba
70f326ba
70f426b9
70f526b9
70f626b9
70f726b8
70f826b8
70f926b8
70fa26b7
70fb26b7
70fc26b7
70fd26b6
70fe26b5
70ff26b5
710026b5
710126b4
710226b3
710326b3
710426b2
710526b1
710626b1
710726b0
710826af
710926af
710a26ae
710b26ad
710c26ad
710d26ad
710e26ac
710f26ab
711026ab
711126aa
711226a9
711326a9
711426a8
711526a8
711626a7
711726a6
711826a6
711926a6
711a26a5
711b26a4
711c26a4
711d26a3
711e26a3
711f26a2
712026a2
712126a1
712226a1
712326a0
712426a0
7125269f
7126269f
7127269e
7128269e
7129269d
712a269d
712b269d
712c269c
712d269c
712e269b
712f269b
7130269a
7131269a
71322699
71332699
71342699
71352698
71362698
71372697
71382697
71392697
713a2696
713b2696
713c2695
713d2695
713e2694
713f2694
71402694
71412693
71422693
71432693
71442692
71452692
71462692
71472691
71482691
71492690
714a2690
714b2690
714c268f
714d268f
714e268f
714f268e
7150268e
7151268e
7152268d
7153268d
7154268d
7155268c
7156268c
7157268c
7158268b
7159268b
715a268b
715b268a
715c268a
715d268a
715e2689
715f2689
71602689
71612689
71622688
71632688
71642688
71652687
71662687
71672687
71682686
71692686
716a2686
716b2685
716c2685
716d2685
716e2685
716f2684
71702684
71712684
71722684
71732683
71742683
71752683
71762683
71772682
71782682
71792682
717a2681
717b2681
717c2681
717d2681
717e2680
717f2680
7180267f
7181267f
7182267e
7183267c
7184267c
7185267b
7186267a
7187267a
71882678
71892677
718a2677
718b2675
718c2674
718d2674
718e2673
718f2672
71902672
71912670
7192266f
7193266f
7194266e
7195266d
7196266d
7197266c
7198266a
7199266a
719a2669
719b2668
719c2668
719d2667
719e2666
719f2666
71a02665
71a12664
71a22664
71a32663
71a42662
71a52662
71a62661
71a72660
71a82660
71a9265f
71aa265e
71ab265e
71ac265d
71ad265c
71ae265c
71af265b
71b0265a
71b1265a
71b22659
71b32658
71b42658
71b52657
71b62656
71b72656
71b82655
71b92655
71ba2655
71bb2654
71bc2653
71bd2653
71be2652
71bf2651
71c02651
71c12650
71c22650
71c32650
71c4264f
71c5264e
71c6264e
71c7264d
71c8264c
71c9264c
71ca264c
71cb264b
71cc264b
71cd264a
71ce2649
71cf2649
71d02649
71d12648
71d22648
71d32647
71d42647
71d52647
71d62646
71d72645
71d82645
71d92645
71da2644
71db2644
71dc2643
71dd2642
71de2642
71df2642
71e02641
71e12641
71e22641
71e32640
71e42640
71e5263f
71e6263f
71e7263f
71e8263e
71e9263d
71ea263d
71eb263d
71ec263c
71ed263c
71ee263c
71ef263b
71f0263b
71f1263a
71f2263a
71f3263a
71f42639
71f52639
71f62639
71f72638
71f82638
71f92638
71fa2637
71fb2637
71fc2637
71fd2636
71fe2635
71ff2635
72002635
72012634
72022633
72032633
72042632
72052631
72062631
72072630
7208262f
7209262f
720a262e
720b262d
720c262d
720d262d
720e262c
720f262b
7210262b
7211262a
72122629
72132629
72142628
72152628
72162627
72172626
72182626
72192626
721a2625
721b2624
721c2624
721d2623
721e2623
721f2622
72202622
72212621
72222621
72232620
72242620
7225261f
7226261f
7227261e
7228261e
7229261d
722a261d
722b261d
722c261c
722d261c
722e261b
722f261b
7230261a
7231261a
72322619
72332619
72342619
72352618
72362618
72372617
72382617
72392617
723a2616
723b2616
723c2615
723d2615
723e2614
723f2614
72402614
72412613
72422613
72432613
72442612
72452612
72462612
72472611
72482611
72492610
724a2610
724b2610
724c260f
724d260f
724e260f
724f260e
7250260e
7251260e
7252260d
7253260d
7254260d
7255260c
7256260c
7257260c
7258260b
7259260b
725a260b
725b260a
725c260a
725d260a
725e2609
725f2609
72602609
72612609
72622608
72632608
72642608
72652607
72662607
72672607
72682606
72692606
726a2606
726b2605
726c2605
726d2605
726e2605
726f2604
72702604
72712604
72722604
72732603
72742603
72752603
72762603
72772602
72782602
72792602
727a2601
727b2601
727c2601
727d2601
727e2600
727f2600
728025ff
728125ff
728225fe
728325fc
728425fc
728525fb
728625fa
728725fa
728825f8
728925f7
728a25f7
728b25f5
728c25f4
728d25f4
728e25f3
728f25f2
729025f2
729125f0
729225ef
729325ef
729425ee
729525ed
729625ed
729725ec
729825ea
729925ea
729a25e9
729b25e8
729c25e8
729d25e7
729e25e6
729f25e6
72a025e5
72a125e4
72a225e4
72a325e3
72a425e2
72a525e2
72a625e1
72a725e0
72a825e0
72a925df
72aa25de
72ab25de
72ac25dd
72ad25dc
72ae25dc
72af25db
72b025da
72b125da
72b225d9
72b325d8
72b425d8
72b525d7
72b625d6
72b725d6
72b825d5
72b925d5
72ba25d5
72bb25d4
72bc25d3
72bd25d3
72be25d2
72bf25d1
72c025d1
72c125d0
72c225d0
72c325d0
72c425cf
72c525ce
72c625ce
72c725cd
72c825cc
72c925cc
72ca25cc
72cb25cb
72cc25cb
72cd25ca
72ce25c9
72cf25c9
72d025c9
72d125c8
72d225c8
72d325c7
72d425c7
72d525c7
72d625c6
72d725c5
72d825c5
72d925c5
72da25c4
72db25c4
72dc25c3
72dd25c2
72de25c2
72df25c2
72e025c1
72e125c1
72e225c1
72e325c0
72e425c0
72e525bf
72e625bf
72e725bf
72e825be
72e925bd
72ea25bd
72eb25bd
72ec25bc
72ed25bc
72ee25bc
72ef25bb
72f025bb
72f125ba
72f225ba
72f325ba
72f425b9
72f525b9
72f625b9
72f725b8
72f825b8
72f925b8
72fa25b7
72fb25b7
72fc25b7
72fd25b6
72fe25b5
72ff25b5
730025b5
730125b4
730225b3
730325b3
730425b2
730525b1
730625b1
730725b0
730825af
730925af
730a25ae
730b25ad
730c25ad
730d25ad
730e25ac
730f25ab
731025ab
731125aa
731225a9
731325a9
731425a8
731525a8
731625a7
731725a6
731825a6
731925a6
731a25a5
731b25a4
731c25a4
731d25a3
731e25a3
731f25a2
732025a2
732125a1
732225a1
732325a0
732425a0
7325259f
7326259f
7327259e
7328259e
7329259d
732a259d
732b259d
732c259c
732d259c
732e259b
732f259b
7330259a
7331259a
73322599
73332599
73342599
73352598
73362598
73372597
73382597
73392597
733a2596
733b2596
733c2595
733d2595
733e2594
733f2594
73402594
73412593
73422593
73432593
73442592
73452592
73462592
73472591
73482591
73492590
734a2590
734b2590
734c258f
734d258f
734e258f
734f258e
7350258e
7351258e
7352258d
7353258d
7354258d
7355258c
7356258c
7357258c
7358258b
7359258b
735a258b
735b258a
735c258a
735d258a
735e2589
735f2589
73602589
73612589
73622588
73632588
73642588
73652587
73662587
73672587
73682586
73692586
736a2586
736b2585
736c2585
736d2585
736e2585
736f2584
73702584
73712584
73722584
73732583
73742583
73752583
73762583
73772582
73782582
73792582
737a2581
737b2581
737c2581
737d2581
737e2580
737f2580
7380257f
7381257f
7382257e
7383257c
7384257c
7385257b
7386257a
7387257a
73882578
73892577
738a2577
738b2575
738c2574
738d2574
738e2573
738f2572
73902572
73912570
7392256f
7393256f
7394256e
7395256d
7396256d
7397256c
7398256a
7399256a
739a2569
739b2568
739c2568
739d2567
739e2566
739f2566
73a02565
73a12564
73a22564
73a32563
73a42562
73a52562
73a62561
73a72560
73a82560
73a9255f
73aa255e
73ab255e
73ac255d
73ad255c
73ae255c
73af255b
73b0255a
73b1255a
73b22559
73b32558
73b42558
73b52557
73b62556
73b72556
73b82555
73b92555
73ba2555
73bb2554
73bc2553
73bd2553
73be2552
73bf2551
73c02551
73c12550
73c22550
73c32550
73c4254f
73c5254e
73c6254e
73c7254d
73c8254c
73c9254c
73ca254c
73cb254b
73cc254b
73cd254a
73ce2549
73cf2549
73d02549
73d12548
73d22548
73d32547
73d42547
73d52547
73d62546
73d72545
73d82545
73d92545
73da2544
73db2544
73dc2543
73dd2542
73de2542
73df2542
73e02541
73e12541
73e22541
73e32540
73e42540
73e5253f
73e6253f
73e7253f
73e8253e
73e9253d
73ea253d
73eb253d
73ec253c
73ed253c
73ee253c
73ef253b
73f0253b
73f1253a
73f2253a
73f3253a
73f42539
73f52539
73f62539
73f72538
73f82538
73f92538
73fa2537
73fb2537
73fc2537
73fd2536
73fe2535
73ff2535
74002535
74012534
74022533
74032533
74042532
74052531
74062531
74072530
7408252f
7409252f
740a252e
740b252d
740c252d
740d252d
740e252c
740f252b
7410252b
7411252a
74122529
74132529
74142528
74152528
74162527
74172526
74182526
74192526
741a2525
741b2524
741c2524
741d2523
741e2523
741f2522
74202522
74212521
74222521
74232520
74242520
7425251f
7426251f
7427251e
7428251e
7429251d
742a251d
742b251d
742c251c
742d251c
742e251b
742f251b
7430251a
7431251a
74322519
74332519
74342519
74352518
74362518
74372517
74382517
74392517
743a2516
743b2516
743c2515
743d2515
743e2514
743f2514
74402514
74412513
74422513
74432513
74442512
74452512
74462512
74472511
74482511
74492510
744a2510
744b2510
744c250f
744d250f
744e250f
744f250e
7450250e
7451250e
7452250d
7453250d
7454250d
7455250c
7456250c
7457250c
7458250b
7459250b
745a250b
745b250a
745c250a
745d250a
745e2509
745f2509
74602509
74612509
74622508
74632508
74642508
74652507
74662507
74672507
74682506
74692506
746a2506
746b2505
746c2505
746d2505
746e2505
746f2504
74702504
74712504
74722504
74732503
74742503
74752503
74762503
74772502
74782502
74792502
747a2501
747b2501
747c2501
747d2501
747e2500
747f2500
748024ff
748124ff
748224fe
748324fc
748424fc
748524fb
748624fa
748724fa
748824f8
748924f7
748a24f7
748b24f5
748c24f4
748d24f4
748e24f3
748f24f2
749024f2
749124f0
749224ef
749324ef
749424ee
749524ed
749624ed
749724ec
749824ea
749924ea
749a24e9
749b24e8
749c24e8
749d24e7
749e24e6
749f24e6
74a024e5
74a124e4
74a224e4
74a324e3
74a424e2
74a524e2
74a624e1
74a724e0
74a824e0
74a924df
74aa24de
74ab24de
74ac24dd
74ad24dc
74ae24dc
74af24db
74b024da
74b124da
74b224d9
74b324d8
74b424d8
74b524d7
74b624d6
74b724d6
74b824d5
74b924d5
74ba24d5
74bb24d4
74bc24d3
74bd24d3
74be24d2
74bf24d1
74c024d1
74c124d0
74c224d0
74c324d0
74c424cf
74c524ce
74c624ce
74c724cd
74c824cc
74c924cc
74ca24cc
74cb24cb
74cc24cb
74cd24ca
74ce24c9
74cf24c9
74d024c9
74d124c8
74d224c8
74d324c7
74d424c7
74d524c7
74d624c6
74d724c5
74d824c5
74d924c5
74da24c4
74db24c4
74dc24c3
74dd24c2
74de24c2
74df24c2
74e024c1
74e124c1
74e224c1
74e324c0
74e424c0
74e524bf
74e624bf
74e724bf
74e824be
74e924bd
74ea24bd
74eb24bd
74ec24bc
74ed24bc
74ee24bc
74ef24bb
74f024bb
74f124ba
74f224ba
74f324ba
74f424b9
74f524b9
74f624b9
74f724b8
74f824b8
74f924b8
74fa24b7
74fb24b7
74fc24b7
74fd24b6
74fe24b5
74ff24b5
750024b5
750124b4
750224b3
750324b3
750424b2
750524b1
750624b1
750724b0
750824af
750924af
750a24ae
750b24ad
750c24ad
750d24ad
750e24ac
750f24ab
751024ab
751124aa
751224a9
751324a9
751424a8
751524a8
751624a7
751724a6
751824a6
751924a6
751a24a5
751b24a4
751c24a4
751d24a3
751e24a3
751f24a2
752024a2
752124a1
752224a1
752324a0
752424a0
7525249f
7526249f
7527249e
7528249e
7529249d
752a249d
752b249d
752c249c
752d249c
752e249b
752f249b
7530249a
7531249a
75322499
75332499
75342499
75352498
75362498
75372497
75382497
75392497
753a2496
753b2496
753c2495
753d2495
753e2494
753f2494
75402494
75412493
75422493
75432493
75442492
75452492
75462492
75472491
75482491
75492490
754a2490
754b2490
754c248f
754d248f
754e248f
754f248e
7550248e
7551248e
7552248d
7553248d
7554248d
7555248c
7556248c
7557248c
7558248b
7559248b
755a248b
755b248a
755c248a
755d248a
755e2489
755f2489
75602489
75612489
75622488
75632488
75642488
75652487
75662487
75672487
75682486
75692486
756a2486
756b2485
756c2485
756d2485
756e2485
756f2484
75702484
75712484
75722484
75732483
75742483
75752483
75762483
75772482
75782482
75792482
757a2481
757b2481
757c2481
757d2481
757e2480
757f2480
7580247f
7581247f
7582247e
7583247c
7584247c
7585247b
7586247a
7587247a
75882478
75892477
758a2477
758b2475
758c2474
758d2474
758e2473
758f2472
75902472
75912470
7592246f
7593246f
7594246e
7595246d
7596246d
7597246c
7598246a
7599246a
759a2469
759b2468
759c2468
759d2467
759e2466
759f2466
75a02465
75a12464
75a22464
75a32463
75a42462
75a52462
75a62461
75a72460
75a82460
75a9245f
75aa245e
75ab245e
75ac245d
75ad245c
75ae245c
75af245b
75b0245a
75b1245a
75b22459
75b32458
75b42458
75b52457
75b62456
75b72456
75b82455
75b92455
75ba2455
75bb2454
75bc2453
75bd2453
75be2452
75bf2451
75c02451
75c12450
75c22450
75c32450
75c4244f
75c5244e
75c6244e
75c7244d
75c8244c
75c9244c
75ca244c
75cb244b
75cc244b
75cd244a
75ce2449
75cf2449
75d02449
75d12448
75d22448
75d32447
75d42447
75d52447
75d62446
75d72445
75d82445
75d92445
75da2444
75db2444
75dc2443
75dd2442
75de2442
75df2442
75e02441
75e12441
75e22441
75e32440
75e42440
75e5243f
75e6243f
75e7243f
75e8243e
75e9243d
75ea243d
75eb243d
75ec243c
75ed243c
75ee243c
75ef243b
75f0243b
75f1243a
75f2243a
75f3243a
75f42439
75f52439
75f62439
75f72438
75f82438
75f92438
75fa2437
75fb2437
75fc2437
75fd2436
75fe2435
75ff2435
76002435
76012434
76022433
76032433
76042432
76052431
76062431
76072430
7608242f
7609242f
760a242e
760b242d
760c242d
760d242d
760e242c
760f242b
7610242b
7611242a
76122429
76132429
76142428
76152428
76162427
76172426
76182426
76192426
761a2425
761b2424
761c2424
761d2423
761e2423
761f2422
76202422
76212421
76222421
76232420
76242420
7625241f
7626241f
7627241e
7628241e
7629241d
762a241d
762b241d
762c241c
762d241c
762e241b
762f241b
7630241a
7631241a
76322419
76332419
76342419
76352418
76362418
76372417
76382417
76392417
763a2416
763b2416
763c2415
763d2415
763e2414
763f2414
76402414
76412413
76422413
76432413
76442412
76452412
76462412
76472411
76482411
76492410
764a2410
764b2410
764c240f
764d240f
764e240f
764f240e
7650240e
7651240e
7652240d
7653240d
7654240d
7655240c
7656240c
7657240c
7658240b
7659240b
765a240b
765b240a
765c240a
765d240a
765e2409
765f2409
76602409
76612409
76622408
76632408
76642408
76652407
76662407
76672407
76682406
76692406
766a2406
766b2405
766c2405
766d2405
766e2405
766f2404
76702404
76712404
76722404
76732403
76742403
76752403
76762403
76772402
76782402
76792402
767a2401
767b2401
767c2401
767d2401
767e2400
767f2400
768023ff
768123ff
768223fe
768323fc
768423fc
768523fb
768623fa
768723fa
768823f8
768923f7
768a23f7
768b23f5
768c23f4
768d23f4
768e23f3
768f23f2
769023f2
769123f0
769223ef
769323ef
769423ee
769523ed
769623ed
769723ec
769823ea
769923ea
769a23e9
769b23e8
769c23e8
769d23e7
769e23e6
769f23e6
76a023e5
76a123e4
76a223e4
76a323e3
76a423e2
76a523e2
76a623e1
76a723e0
76a823e0
76a923df
76aa23de
76ab23de
76ac23dd
76ad23dc
76ae23dc
76af23db
76b023da
76b123da
76b223d9
76b323d8
76b423d8
76b523d7
76b623d6
76b723d6
76b823d5
76b923d5
76ba23d5
76bb23d4
76bc23d3
76bd23d3
76be23d2
76bf23d1
76c023d1
76c123d0
76c223d0
76c323d0
76c423cf
76c523ce
76c623ce
76c723cd
76c823cc
76c923cc
76ca23cc
76cb23cb
76cc23cb
76cd23ca
76ce23c9
76cf23c9
76d023c9
76d123c8
76d223c8
76d323c7
76d423c7
76d523c7
76d623c6
76d723c5
76d823c5
76d923c5
76da23c4
76db23c4
76dc23c3
76dd23c2
76de23c2
76df23c2
76e023c1
76e123c1
76e223c1
76e323c0
76e423c0
76e523bf
76e623bf
76e723bf
76e823be
76e923bd
76ea23bd
76eb23bd
76ec23bc
76ed23bc
76ee23bc
76ef23bb
76f023bb
76f123ba
76f223ba
76f323ba
76f423b9
76f523b9
76f623b9
76f723b8
76f823b8
76f923b8
76fa23b7
76fb23b7
76fc23b7
76fd23b6
76fe23b5
76ff23b5
770023b5
770123b4
770223b3
770323b3
770423b2
770523b1
770623b1
770723b0
770823af
770923af
770a23ae
770b23ad
770c23ad
770d23ad
770e23ac
770f23ab
771023ab
771123aa
771223a9
771323a9
771423a8
771523a8
771623a7
771723a6
771823a6
771923a6
771a23a5
771b23a4
771c23a4
771d23a3
771e23a3
771f23a2
772023a2
772123a1
772223a1
772323a0
772423a0
7725239f
7726239f
7727239e
7728239e
7729239d
772a239d
772b239d
772c239c
772d239c
772e239b
772f239b
7730239a
7731239a
77322399
77332399
77342399
77352398
77362398
77372397
77382397
77392397
773a2396
773b2396
773c2395
773d2395
773e2394
773f2394
77402394
77412393
77422393
77432393
77442392
77452392
77462392
77472391
77482391
77492390
774a2390
774b2390
774c238f
774d238f
774e238f
774f238e
7750238e
7751238e
7752238d
7753238d
7754238d
7755238c
7756238c
7757238c
7758238b
7759238b
775a238b
775b238a
775c238a
775d238a
775e2389
775f2389
77602389
77612389
77622388
77632388
77642388
77652387
77662387
77672387
77682386
77692386
776a2386
776b2385
776c2385
776d2385
776e2385
776f2384
77702384
77712384
77722384
77732383
77742383
77752383
77762383
77772382
77782382
77792382
777a2381
777b2381
777c2381
777d2381
777e2380
777f2380
7780237f
7781237f
7782237e
7783237c
7784237c
7785237b
7786237a
7787237a
77882378
77892377
778a2377
778b2375
778c2374
778d2374
778e2373
778f2372
77902372
77912370
7792236f
7793236f
7794236e
7795236d
7796236d
7797236c
7798236a
7799236a
779a2369
779b2368
779c2368
779d2367
779e2366
779f2366
77a02365
77a12364
77a22364
77a32363
77a42362
77a52362
77a62361
77a72360
77a82360
77a9235f
77aa235e
77ab235e
77ac235d
77ad235c
77ae235c
77af235b
77b0235a
77b1235a
77b22359
77b32358
77b42358
77b52357
77b62356
77b72356
77b82355
77b92355
77ba2355
77bb2354
77bc2353
77bd2353
77be2352
77bf2351
77c02351
77c12350
77c22350
77c32350
77c4234f
77c5234e
77c6234e
77c7234d
77c8234c
77c9234c
77ca234c
77cb234b
77cc234b
77cd234a
77ce2349
77cf2349
77d02349
77d12348
77d22348
77d32347
77d42347
77d52347
77d62346
77d72345
77d82345
77d92345
77da2344
77db2344
77dc2343
77dd2342
77de2342
77df2342
77e02341
77e12341
77e22341
77e32340
77e42340
77e5233f
77e6233f
77e7233f
77e8233e
77e9233d
77ea233d
77eb233d
77ec233c
77ed233c
77ee233c
77ef233b
77f0233b
77f1233a
77f2233a
77f3233a
77f42339
77f52339
77f62339
77f72338
77f82338
77f92338
77fa2337
77fb2337
77fc2337
77fd2336
77fe2335
77ff2335
78002335
78012334
78022333
78032333
78042332
78052331
78062331
78072330
7808232f
7809232f
780a232e
780b232d
780c232d
780d232d
780e232c
780f232b
7810232b
7811232a
78122329
78132329
78142328
78152328
78162327
78172326
78182326
78192326
781a2325
781b2324
781c2324
781d2323
781e2323
781f2322
78202322
78212321
78222321
78232320
78242320
7825231f
7826231f
7827231e
7828231e
7829231d
782a231d
782b231d
782c231c
782d231c
782e231b
782f231b
7830231a
7831231a
78322319
78332319
78342319
78352318
78362318
78372317
78382317
78392317
783a2316
783b2316
783c2315
783d2315
783e2314
783f2314
78402314
78412313
78422313
78432313
78442312
78452312
78462312
78472311
78482311
78492310
784a2310
784b2310
784c230f
784d230f
784e230f
784f230e
7850230e
7851230e
7852230d
7853230d
7854230d
7855230c
7856230c
7857230c
7858230b
7859230b
785a230b
785b230a
785c230a
785d230a
785e2309
785f2309
78602309
78612309
78622308
78632308
78642308
78652307
78662307
78672307
78682306
78692306
786a2306
786b2305
786c2305
786d2305
786e2305
786f2304
78702304
78712304
78722304
78732303
78742303
78752303
78762303
78772302
78782302
78792302
787a2301
787b2301
787c2301
787d2301
787e2300
787f2300
788022ff
788122ff
788222fe
788322fc
788422fc
788522fb
788622fa
788722fa
788822f8
788922f7
788a22f7
788b22f5
788c22f4
788d22f4
788e22f3
788f22f2
789022f2
789122f0
789222ef
789322ef
789422ee
789522ed
789622ed
789722ec
789822ea
789922ea
789a22e9
789b22e8
789c22e8
789d22e7
789e22e6
789f22e6
78a022e5
78a122e4
78a222e4
78a322e3
78a422e2
78a522e2
78a622e1
78a722e0
78a822e0
78a922df
78aa22de
78ab22de
78ac22dd
78ad22dc
78ae22dc
78af22db
78b022da
78b122da
78b222d9
78b322d8
78b422d8
78b522d7
78b622d6
78b722d6
78b822d5
78b922d5
78ba22d5
78bb22d4
78bc22d3
78bd22d3
78be22d2
78bf22d1
78c022d1
78c122d0
78c222d0
78c322d0
78c422cf
78c522ce
78c622ce
78c722cd
78c822cc
78c922cc
78ca22cc
78cb22cb
78cc22cb
78cd22ca
78ce22c9
78cf22c9
78d022c9
78d122c8
78d222c8
78d322c7
78d422c7
78d522c7
78d622c6
78d722c5
78d822c5
78d922c5
78da22c4
78db22c4
78dc22c3
78dd22c2
78de22c2
78df22c2
78e022c1
78e122c1
78e222c1
78e322c0
78e422c0
78e522bf
78e622bf
78e722bf
78e822be
78e922bd
78ea22bd
78eb22bd
78ec22bc
78ed22bc
78ee22bc
78ef22bb
78f022bb
78f122ba
78f222ba
78f322ba
78f422b9
78f522b9
78f622b9
78f722b8
78f822b8
78f922b8
78fa22b7
78fb22b7
78fc22b7
78fd22b6
78fe22b5
78ff22b5
790022b5
790122b4
790222b3
790322b3
790422b2
790522b1
790622b1
790722b0
790822af
790922af
790a22ae
790b22ad
790c22ad
790d22ad
790e22ac
790f22ab
791022ab
791122aa
791222a9
791322a9
791422a8
791522a8
791622a7
791722a6
791822a6
791922a6
791a22a5
791b22a4
791c22a4
791d22a3
791e22a3
791f22a2
792022a2
792122a1
792222a1
792322a0
792422a0
7925229f
7926229f
7927229e
7928229e
7929229d
792a229d
792b229d
792c229c
792d229c
792e229b
792f229b
7930229a
7931229a
79322299
79332299
79342299
79352298
79362298
79372297
79382297
79392297
793a2296
793b2296
793c2295
793d2295
793e2294
793f2294
79402294
79412293
79422293
79432293
79442292
79452292
79462292
79472291
79482291
79492290
794a2290
794b2290
794c228f
794d228f
794e228f
794f228e
7950228e
7951228e
7952228d
7953228d
7954228d
7955228c
7956228c
7957228c
7958228b
7959228b
795a228b
795b228a
795c228a
795d228a
795e2289
795f2289
79602289
79612289
79622288
79632288
79642288
79652287
79662287
79672287
79682286
79692286
796a2286
796b2285
796c2285
796d2285
796e2285
796f2284
79702284
79712284
79722284
79732283
79742283
79752283
79762283
79772282
79782282
79792282
797a2281
797b2281
797c2281
797d2281
797e2280
797f2280
7980227f
7981227f
7982227e
7983227c
7984227c
7985227b
7986227a
7987227a
79882278
79892277
798a2277
798b2275
798c2274
798d2274
798e2273
798f2272
79902272
79912270
7992226f
7993226f
7994226e
7995226d
7996226d
7997226c
7998226a
7999226a
799a2269
799b2268
799c2268
799d2267
799e2266
799f2266
79a02265
79a12264
79a22264
79a32263
79a42262
79a52262
79a62261
79a72260
79a82260
79a9225f
79aa225e
79ab225e
79ac225d
79ad225c
79ae225c
79af225b
79b0225a
79b1225a
79b22259
79b32258
79b42258
79b52257
79b62256
79b72256
79b82255
79b92255
79ba2255
79bb2254
79bc2253
79bd2253
79be2252
79bf2251
79c02251
79c12250
79c22250
79c32250
79c4224f
79c5224e
79c6224e
79c7224d
79c8224c
79c9224c
79ca224c
79cb224b
79cc224b
79cd224a
79ce2249
79cf2249
79d02249
79d12248
79d22248
79d32247
79d42247
79d52247
79d62246
79d72245
79d82245
79d92245
79da2244
79db2244
79dc2243
79dd2242
79de2242
79df2242
79e02241
79e12241
79e22241
79e32240
79e42240
79e5223f
79e6223f
79e7223f
79e8223e
79e9223d
79ea223d
79eb223d
79ec223c
79ed223c
79ee223c
79ef223b
79f0223b
79f1223a
79f2223a
79f3223a
79f42239
79f52239
79f62239
79f72238
79f82238
79f92238
79fa2237
79fb2237
79fc2237
79fd2236
79fe2235
79ff2235
7a002235
7a012234
7a022233
7a032233
7a042232
7a052231
7a062231
7a072230
7a08222f
7a09222f
7a0a222e
7a0b222d
7a0c222d
7a0d222d
7a0e222c
7a0f222b
7a10222b
7a11222a
7a122229
7a132229
7a142228
7a152228
7a162227
7a172226
7a182226
7a192226
7a1a2225
7a1b2224
7a1c2224
7a1d2223
7a1e2223
7a1f2222
7a202222
7a212221
7a222221
7a232220
7a242220
7a25221f
7a26221f
7a27221e
7a28221e
7a29221d
7a2a221d
7a2b221d
7a2c221c
7a2d221c
7a2e221b
7a2f221b
7a30221a
7a31221a
7a322219
7a332219
7a342219
7a352218
7a362218
7a372217
7a382217
7a392217
7a3a2216
7a3b2216
7a3c2215
7a3d2215
7a3e2214
7a3f2214
7a402214
7a412213
7a422213
7a432213
7a442212
7a452212
7a462212
7a472211
7a482211
7a492210
7a4a2210
7a4b2210
7a4c220f
7a4d220f
7a4e220f
7a4f220e
7a50220e
7a51220e
7a52220d
7a53220d
7a54220d
7a55220c
7a56220c
7a57220c
7a58220b
7a59220b
7a5a220b
7a5b220a
7a5c220a
7a5d220a
7a5e2209
7a5f2209
7a602209
7a612209
7a622208
7a632208
7a642208
7a652207
7a662207
7a672207
7a682206
7a692206
7a6a2206
7a6b2205
7a6c2205
7a6d2205
7a6e2205
7a6f2204
7a702204
7a712204
7a722204
7a732203
7a742203
7a752203
7a762203
7a772202
7a782202
7a792202
7a7a2201
7a7b2201
7a7c2201
7a7d2201
7a7e2200
7a7f2200
7a8021ff
7a8121ff
7a8221fe
7a8321fc
7a8421fc
7a8521fb
7a8621fa
7a8721fa
7a8821f8
7a8921f7
7a8a21f7
7a8b21f5
7a8c21f4
7a8d21f4
7a8e21f3
7a8f21f2
7a9021f2
7a9121f0
7a9221ef
7a9321ef
7a9421ee
7a9521ed
7a9621ed
7a9721ec
7a9821ea
7a9921ea
7a9a21e9
7a9b21e8
7a9c21e8
7a9d21e7
7a9e21e6
7a9f21e6
7aa021e5
7aa121e4
7aa221e4
7aa321e3
7aa421e2
7aa521e2
7aa621e1
7aa721e0
7aa821e0
7aa921df
7aaa21de
7aab21de
7aac21dd
7aad21dc
7aae21dc
7aaf21db
7ab021da
7ab121da
7ab221d9
7ab321d8
7ab421d8
7ab521d7
7ab621d6
7ab721d6
7ab821d5
7ab921d5
7aba21d5
7abb21d4
7abc21d3
7abd21d3
7abe21d2
7abf21d1
7ac021d1
7ac121d0
7ac221d0
7ac321d0
7ac421cf
7ac521ce
7ac621ce
7ac721cd
7ac821cc
7ac921cc
7aca21cc
7acb21cb
7acc21cb
7acd21ca
7ace21c9
7acf21c9
7ad021c9
7ad121c8
7ad221c8
7ad321c7
7ad421c7
7ad521c7
7ad621c6
7ad721c5
7ad821c5
7ad921c5
7ada21c4
7adb21c4
7adc21c3
7add21c2
7ade21c2
7adf21c2
7ae021c1
7ae121c1
7ae221c1
7ae321c0
7ae421c0
7ae521bf
7ae621bf
7ae721bf
7ae821be
7ae921bd
7aea21bd
7aeb21bd
7aec21bc
7aed21bc
7aee21bc
7aef21bb
7af021bb
7af121ba
7af221ba
7af321ba
7af421b9
7af521b9
7af621b9
7af721b8
7af821b8
7af921b8
7afa21b7
7afb21b7
7afc21b7
7afd21b6
7afe21b5
7aff21b5
7b0021b5
7b0121b4
7b0221b3
7b0321b3
7b0421b2
7b0521b1
7b0621b1
7b0721b0
7b0821af
7b0921af
7b0a21ae
7b0b21ad
7b0c21ad
7b0d21ad
7b0e21ac
7b0f21ab
7b1021ab
7b1121aa
7b1221a9
7b1321a9
7b1421a8
7b1521a8
7b1621a7
7b1721a6
7b1821a6
7b1921a6
7b1a21a5
7b1b21a4
7b1c21a4
7b1d21a3
7b1e21a3
7b1f21a2
7b2021a2
7b2121a1
7b2221a1
7b2321a0
7b2421a0
7b25219f
7b26219f
7b27219e
7b28219e
7b29219d
7b2a219d
7b2b219d
7b2c219c
7b2d219c
7b2e219b
7b2f219b
7b30219a
7b31219a
7b322199
7b332199
7b342199
7b352198
7b362198
7b372197
7b382197
7b392197
7b3a2196
7b3b2196
7b3c2195
7b3d2195
7b3e2194
7b3f2194
7b402194
7b412193
7b422193
7b432193
7b442192
7b452192
7b462192
7b472191
7b482191
7b492190
7b4a2190
7b4b2190
7b4c218f
7b4d218f
7b4e218f
7b4f218e
7b50218e
7b51218e
7b52218d
7b53218d
7b54218d
7b55218c
7b56218c
7b57218c
7b58218b
7b59218b
7b5a218b
7b5b218a
7b5c218a
7b5d218a
7b5e2189
7b5f2189
7b602189
7b612189
7b622188
7b632188
7b642188
7b652187
7b662187
7b672187
7b682186
7b692186
7b6a2186
7b6b2185
7b6c2185
7b6d2185
7b6e2185
7b6f2184
7b702184
7b712184
7b722184
7b732183
7b742183
7b752183
7b762183
7b772182
7b782182
7b792182
7b7a2181
7b7b2181
7b7c2181
7b7d2181
7b7e2180
7b7f2180
7b80217f
7b81217f
7b82217e
7b83217c
7b84217c
7b85217b
7b86217a
7b87217a
7b882178
7b892177
7b8a2177
7b8b2175
7b8c2174
7b8d2174
7b8e2173
7b8f2172
7b902172
7b912170
7b92216f
7b93216f
7b94216e
7b95216d
7b96216d
7b97216c
7b98216a
7b99216a
7b9a2169
7b9b2168
7b9c2168
7b9d2167
7b9e2166
7b9f2166
7ba02165
7ba12164
7ba22164
7ba32163
7ba42162
7ba52162
7ba62161
7ba72160
7ba82160
7ba9215f
7baa215e
7bab215e
7bac215d
7bad215c
7bae215c
7baf215b
7bb0215a
7bb1215a
7bb22159
7bb32158
7bb42158
7bb52157
7bb62156
7bb72156
7bb82155
7bb92155
7bba2155
7bbb2154
7bbc2153
7bbd2153
7bbe2152
7bbf2151
7bc02151
7bc12150
7bc22150
7bc32150
7bc4214f
7bc5214e
7bc6214e
7bc7214d
7bc8214c
7bc9214c
7bca214c
7bcb214b
7bcc214b
7bcd214a
7bce2149
7bcf2149
7bd02149
7bd12148
7bd22148
7bd32147
7bd42147
7bd52147
7bd62146
7bd72145
7bd82145
7bd92145
7bda2144
7bdb2144
7bdc2143
7bdd2142
7bde2142
7bdf2142
7be02141
7be12141
7be22141
7be32140
7be42140
7be5213f
7be6213f
7be7213f
7be8213e
7be9213d
7bea213d
7beb213d
7bec213c
7bed213c
7bee213c
7bef213b
7bf0213b
7bf1213a
7bf2213a
7bf3213a
7bf42139
7bf52139
7bf62139
7bf72138
7bf82138
7bf92138
7bfa2137
7bfb2137
7bfc2137
7bfd2136
7bfe2135
7bff2135
7c002135
7c012134
7c022133
7c032133
7c042132
7c052131
7c062131
7c072130
7c08212f
7c09212f
7c0a212e
7c0b212d
7c0c212d
7c0d212d
7c0e212c
7c0f212b
7c10212b
7c11212a
7c122129
7c132129
7c142128
7c152128
7c162127
7c172126
7c182126
7c192126
7c1a2125
7c1b2124
7c1c2124
7c1d2123
7c1e2123
7c1f2122
7c202122
7c212121
7c222121
7c232120
7c242120
7c25211f
7c26211f
7c27211e
7c28211e
7c29211d
7c2a211d
7c2b211d
7c2c211c
7c2d211c
7c2e211b
7c2f211b
7c30211a
7c31211a
7c322119
7c332119
7c342119
7c352118
7c362118
7c372117
7c382117
7c392117
7c3a2116
7c3b2116
7c3c2115
7c3d2115
7c3e2114
7c3f2114
7c402114
7c412113
7c422113
7c432113
7c442112
7c452112
7c462112
7c472111
7c482111
7c492110
7c4a2110
7c4b2110
7c4c210f
7c4d210f
7c4e210f
7c4f210e
7c50210e
7c51210e
7c52210d
7c53210d
7c54210d
7c55210c
7c56210c
7c57210c
7c58210b
7c59210b
7c5a210b
7c5b210a
7c5c210a
7c5d210a
7c5e2109
7c5f2109
7c602109
7c612109
7c622108
7c632108
7c642108
7c652107
7c662107
7c672107
7c682106
7c692106
7c6a2106
7c6b2105
7c6c2105
7c6d2105
7c6e2105
7c6f2104
7c702104
7c712104
7c722104
7c732103
7c742103
7c752103
7c762103
7c772102
7c782102
7c792102
7c7a2101
7c7b2101
7c7c2101
7c7d2101
7c7e2100
7c7f2100
7c8020ff
7c8120ff
7c8220fe
7c8320fc
7c8420fc
7c8520fb
7c8620fa
7c8720fa
7c8820f8
7c8920f7
7c8a20f7
7c8b20f5
7c8c20f4
7c8d20f4
7c8e20f3
7c8f20f2
7c9020f2
7c9120f0
7c9220ef
7c9320ef
7c9420ee
7c9520ed
7c9620ed
7c9720ec
7c9820ea
7c9920ea
7c9a20e9
7c9b20e8
7c9c20e8
7c9d20e7
7c9e20e6
7c9f20e6
7ca020e5
7ca120e4
7ca220e4
7ca320e3
7ca420e2
7ca520e2
7ca620e1
7ca720e0
7ca820e0
7ca920df
7caa20de
7cab20de
7cac20dd
7cad20dc
7cae20dc
7caf20db
7cb020da
7cb120da
7cb220d9
7cb320d8
7cb420d8
7cb520d7
7cb620d6
7cb720d6
7cb820d5
7cb920d5
7cba20d5
7cbb20d4
7cbc20d3
7cbd20d3
7cbe20d2
7cbf20d1
7cc020d1
7cc120d0
7cc220d0
7cc320d0
7cc420cf
7cc520ce
7cc620ce
7cc720cd
7cc820cc
7cc920cc
7cca20cc
7ccb20cb
7ccc20cb
7ccd20ca
7cce20c9
7ccf20c9
7cd020c9
7cd120c8
7cd220c8
7cd320c7
7cd420c7
7cd520c7
7cd620c6
7cd720c5
7cd820c5
7cd920c5
7cda20c4
7cdb20c4
7cdc20c3
7cdd20c2
7cde20c2
7cdf20c2
7ce020c1
7ce120c1
7ce220c1
7ce320c0
7ce420c0
7ce520bf
7ce620bf
7ce720bf
7ce820be
7ce920bd
7cea20bd
7ceb20bd
7cec20bc
7ced20bc
7cee20bc
7cef20bb
7cf020bb
7cf120ba
7cf220ba
7cf320ba
7cf420b9
7cf520b9
7cf620b9
7cf720b8
7cf820b8
7cf920b8
7cfa20b7
7cfb20b7
7cfc20b7
7cfd20b6
7cfe20b5
7cff20b5
7d0020b5
7d0120b4
7d0220b3
7d0320b3
7d0420b2
7d0520b1
7d0620b1
7d0720b0
7d0820af
7d0920af
7d0a20ae
7d0b20ad
7d0c20ad
7d0d20ad
7d0e20ac
7d0f20ab
7d1020ab
7d1120aa
7d1220a9
7d1320a9
7d1420a8
7d1520a8
7d1620a7
7d1720a6
7d1820a6
7d1920a6
7d1a20a5
7d1b20a4
7d1c20a4
7d1d20a3
7d1e20a3
7d1f20a2
7d2020a2
7d2120a1
7d2220a1
7d2320a0
7d2420a0
7d25209f
7d26209f
7d27209e
7d28209e
7d29209d
7d2a209d
7d2b209d
7d2c209c
7d2d209c
7d2e209b
7d2f209b
7d30209a
7d31209a
7d322099
7d332099
7d342099
7d352098
7d362098
7d372097
7d382097
7d392097
7d3a2096
7d3b2096
7d3c2095
7d3d2095
7d3e2094
7d3f2094
7d402094
7d412093
7d422093
7d432093
7d442092
7d452092
7d462092
7d472091
7d482091
7d492090
7d4a2090
7d4b2090
7d4c208f
7d4d208f
7d4e208f
7d4f208e
7d50208e
7d51208e
7d52208d
7d53208d
7d54208d
7d55208c
7d56208c
7d57208c
7d58208b
7d59208b
7d5a208b
7d5b208a
7d5c208a
7d5d208a
7d5e2089
7d5f2089
7d602089
7d612089
7d622088
7d632088
7d642088
7d652087
7d662087
7d672087
7d682086
7d692086
7d6a2086
7d6b2085
7d6c2085
7d6d2085
7d6e2085
7d6f2084
7d702084
7d712084
7d722084
7d732083
7d742083
7d752083
7d762083
7d772082
7d782082
7d792082
7d7a2081
7d7b2081
7d7c2081
7d7d2081
7d7e2080
7d7f2080
7d80207f
7d81207f
7d82207e
7d83207c
7d84207c
7d85207b
7d86207a
7d87207a
7d882078
7d892077
7d8a2077
7d8b2075
7d8c2074
7d8d2074
7d8e2073
7d8f2072
7d902072
7d912070
7d92206f
7d93206f
7d94206e
7d95206d
7d96206d
7d97206c
7d98206a
7d99206a
7d9a2069
7d9b2068
7d9c2068
7d9d2067
7d9e2066
7d9f2066
7da02065
7da12064
7da22064
7da32063
7da42062
7da52062
7da62061
7da72060
7da82060
7da9205f
7daa205e
7dab205e
7dac205d
7dad205c
7dae205c
7daf205b
7db0205a
7db1205a
7db22059
7db32058
7db42058
7db52057
7db62056
7db72056
7db82055
7db92055
7dba2055
7dbb2054
7dbc2053
7dbd2053
7dbe2052
7dbf2051
7dc02051
7dc12050
7dc22050
7dc32050
7dc4204f
7dc5204e
7dc6204e
7dc7204d
7dc8204c
7dc9204c
7dca204c
7dcb204b
7dcc204b
7dcd204a
7dce2049
7dcf2049
7dd02049
7dd12048
7dd22048
7dd32047
7dd42047
7dd52047
7dd62046
7dd72045
7dd82045
7dd92045
7dda2044
7ddb2044
7ddc2043
7ddd2042
7dde2042
7ddf2042
7de02041
7de12041
7de22041
7de32040
7de42040
7de5203f
7de6203f
7de7203f
7de8203e
7de9203d
7dea203d
7deb203d
7dec203c
7ded203c
7dee203c
7def203b
7df0203b
7df1203a
7df2203a
7df3203a
7df42039
7df52039
7df62039
7df72038
7df82038
7df92038
7dfa2037
7dfb2037
7dfc2037
7dfd2036
7dfe2035
7dff2035
7e002035
7e012034
7e022033
7e032033
7e042032
7e052031
7e062031
7e072030
7e08202f
7e09202f
7e0a202e
7e0b202d
7e0c202d
7e0d202d
7e0e202c
7e0f202b
7e10202b
7e11202a
7e122029
7e132029
7e142028
7e152028
7e162027
7e172026
7e182026
7e192026
7e1a2025
7e1b2024
7e1c2024
7e1d2023
7e1e2023
7e1f2022
7e202022
7e212021
7e222021
7e232020
7e242020
7e25201f
7e26201f
7e27201e
7e28201e
7e29201d
7e2a201d
7e2b201d
7e2c201c
7e2d201c
7e2e201b
7e2f201b
7e30201a
7e31201a
7e322019
7e332019
7e342019
7e352018
7e362018
7e372017
7e382017
7e392017
7e3a2016
7e3b2016
7e3c2015
7e3d2015
7e3e2014
7e3f2014
7e402014
7e412013
7e422013
7e432013
7e442012
7e452012
7e462012
7e472011
7e482011
7e492010
7e4a2010
7e4b2010
7e4c200f
7e4d200f
7e4e200f
7e4f200e
7e50200e
7e51200e
7e52200d
7e53200d
7e54200d
7e55200c
7e56200c
7e57200c
7e58200b
7e59200b
7e5a200b
7e5b200a
7e5c200a
7e5d200a
7e5e2009
7e5f2009
7e602009
7e612009
7e622008
7e632008
7e642008
7e652007
7e662007
7e672007
7e682006
7e692006
7e6a2006
7e6b2005
7e6c2005
7e6d2005
7e6e2005
7e6f2004
7e702004
7e712004
7e722004
7e732003
7e742003
7e752003
7e762003
7e772002
7e782002
7e792002
7e7a2001
7e7b2001
7e7c2001
7e7d2001
7e7e2000
7e7f2000
7e801fff
7e811fff
7e821ffe
7e831ffc
7e841ffc
7e851ffb
7e861ffa
7e871ffa
7e881ff8
7e891ff7
7e8a1ff7
7e8b1ff5
7e8c1ff4
7e8d1ff4
7e8e1ff3
7e8f1ff2
7e901ff2
7e911ff0
7e921fef
7e931fef
7e941fee
7e951fed
7e961fed
7e971fec
7e981fea
7e991fea
7e9a1fe9
7e9b1fe8
7e9c1fe8
7e9d1fe7
7e9e1fe6
7e9f1fe6
7ea01fe5
7ea11fe4
7ea21fe4
7ea31fe3
7ea41fe2
7ea51fe2
7ea61fe1
7ea71fe0
7ea81fe0
7ea91fdf
7eaa1fde
7eab1fde
7eac1fdd
7ead1fdc
7eae1fdc
7eaf1fdb
7eb01fda
7eb11fda
7eb21fd9
7eb31fd8
7eb41fd8
7eb51fd7
7eb61fd6
7eb71fd6
7eb81fd5
7eb91fd5
7eba1fd5
7ebb1fd4
7ebc1fd3
7ebd1fd3
7ebe1fd2
7ebf1fd1
7ec01fd1
7ec11fd0
7ec21fd0
7ec31fd0
7ec41fcf
7ec51fce
7ec61fce
7ec71fcd
7ec81fcc
7ec91fcc
7eca1fcc
7ecb1fcb
7ecc1fcb
7ecd1fca
7ece1fc9
7ecf1fc9
7ed01fc9
7ed11fc8
7ed21fc8
7ed31fc7
7ed41fc7
7ed51fc7
7ed61fc6
7ed71fc5
7ed81fc5
7ed91fc5
7eda1fc4
7edb1fc4
7edc1fc3
7edd1fc2
7ede1fc2
7edf1fc2
7ee01fc1
7ee11fc1
7ee21fc1
7ee31fc0
7ee41fc0
7ee51fbf
7ee61fbf
7ee71fbf
7ee81fbe
7ee91fbd
7eea1fbd
7eeb1fbd
7eec1fbc
7eed1fbc
7eee1fbc
7eef1fbb
7ef01fbb
7ef11fba
7ef21fba
7ef31fba
7ef41fb9
7ef51fb9
7ef61fb9
7ef71fb8
7ef81fb8
7ef91fb8
7efa1fb7
7efb1fb7
7efc1fb7
7efd1fb6
7efe1fb5
7eff1fb5
7f001fb5
7f011fb4
7f021fb3
7f031fb3
7f041fb2
7f051fb1
7f061fb1
7f071fb0
7f081faf
7f091faf
7f0a1fae
7f0b1fad
7f0c1fad
7f0d1fad
7f0e1fac
7f0f1fab
7f101fab
7f111faa
7f121fa9
7f131fa9
7f141fa8
7f151fa8
7f161fa7
7f171fa6
7f181fa6
7f191fa6
7f1a1fa5
7f1b1fa4
7f1c1fa4
7f1d1fa3
7f1e1fa3
7f1f1fa2
7f201fa2
7f211fa1
7f221fa1
7f231fa0
7f241fa0
7f251f9f
7f261f9f
7f271f9e
7f281f9e
7f291f9d
7f2a1f9d
7f2b1f9d
7f2c1f9c
7f2d1f9c
7f2e1f9b
7f2f1f9b
7f301f9a
7f311f9a
7f321f99
7f331f99
7f341f99
7f351f98
7f361f98
7f371f97
7f381f97
7f391f97
7f3a1f96
7f3b1f96
7f3c1f95
7f3d1f95
7f3e1f94
7f3f1f94
7f401f94
7f411f93
7f421f93
7f431f93
7f441f92
7f451f92
7f461f92
7f471f91
7f481f91
7f491f90
7f4a1f90
7f4b1f90
7f4c1f8f
7f4d1f8f
7f4e1f8f
7f4f1f8e
7f501f8e
7f511f8e
7f521f8d
7f531f8d
7f541f8d
7f551f8c
7f561f8c
7f571f8c
7f581f8b
7f591f8b
7f5a1f8b
7f5b1f8a
7f5c1f8a
7f5d1f8a
7f5e1f89
7f5f1f89
7f601f89
7f611f89
7f621f88
7f631f88
7f641f88
7f651f87
7f661f87
7f671f87
7f681f86
7f691f86
7f6a1f86
7f6b1f85
7f6c1f85
7f6d1f85
7f6e1f85
7f6f1f84
7f701f84
7f711f84
7f721f84
7f731f83
7f741f83
7f751f83
7f761f83
7f771f82
7f781f82
7f791f82
7f7a1f81
7f7b1f81
7f7c1f81
7f7d1f81
7f7e1f80
7f7f1f80
7f800000
7f817fc0
7f827fc0
7f837fc0
7f847fc0
7f857fc0
7f867fc0
7f877fc0
7f887fc0
7f897fc0
7f8a7fc0
7f8b7fc0
7f8c7fc0
7f8d7fc0
7f8e7fc0
7f8f7fc0
7f907fc0
7f917fc0
7f927fc0
7f937fc0
7f947fc0
7f957fc0
7f967fc0
7f977fc0
7f987fc0
7f997fc0
7f9a7fc0
7f9b7fc0
7f9c7fc0
7f9d7fc0
7f9e7fc0
7f9f7fc0
7fa07fc0
7fa17fc0
7fa27fc0
7fa37fc0
7fa47fc0
7fa57fc0
7fa67fc0
7fa77fc0
7fa87fc0
7fa97fc0
7faa7fc0
7fab7fc0
7fac7fc0
7fad7fc0
7fae7fc0
7faf7fc0
7fb07fc0
7fb17fc0
7fb27fc0
7fb37fc0
7fb47fc0
7fb57fc0
7fb67fc0
7fb77fc0
7fb87fc0
7fb97fc0
7fba7fc0
7fbb7fc0
7fbc7fc0
7fbd7fc0
7fbe7fc0
7fbf7fc0
7fc07fc0
7fc17fc0
7fc27fc0
7fc37fc0
7fc47fc0
7fc57fc0
7fc67fc0
7fc77fc0
7fc87fc0
7fc97fc0
7fca7fc0
7fcb7fc0
7fcc7fc0
7fcd7fc0
7fce7fc0
7fcf7fc0
7fd07fc0
7fd17fc0
7fd27fc0
7fd37fc0
7fd47fc0
7fd57fc0
7fd67fc0
7fd77fc0
7fd87fc0
7fd97fc0
7fda7fc0
7fdb7fc0
7fdc7fc0
7fdd7fc0
7fde7fc0
7fdf7fc0
7fe07fc0
7fe17fc0
7fe27fc0
7fe37fc0
7fe47fc0
7fe57fc0
7fe67fc0
7fe77fc0
7fe87fc0
7fe97fc0
7fea7fc0
7feb7fc0
7fec7fc0
7fed7fc0
7fee7fc0
7fef7fc0
7ff07fc0
7ff17fc0
7ff27fc0
7ff37fc0
7ff47fc0
7ff57fc0
7ff67fc0
7ff77fc0
7ff87fc0
7ff97fc0
7ffa7fc0
7ffb7fc0
7ffc7fc0
7ffd7fc0
7ffe7fc0
7fff7fc0
80007fc0
80017fc0
80027fc0
80037fc0
80047fc0
80057fc0
80067fc0
80077fc0
80087fc0
80097fc0
800a7fc0
800b7fc0
800c7fc0
800d7fc0
800e7fc0
800f7fc0
80107fc0
80117fc0
80127fc0
80137fc0
80147fc0
80157fc0
80167fc0
80177fc0
80187fc0
80197fc0
801a7fc0
801b7fc0
801c7fc0
801d7fc0
801e7fc0
801f7fc0
80207fc0
80217fc0
80227fc0
80237fc0
80247fc0
80257fc0
80267fc0
80277fc0
80287fc0
80297fc0
802a7fc0
802b7fc0
802c7fc0
802d7fc0
802e7fc0
802f7fc0
80307fc0
80317fc0
80327fc0
80337fc0
80347fc0
80357fc0
80367fc0
80377fc0
80387fc0
80397fc0
803a7fc0
803b7fc0
803c7fc0
803d7fc0
803e7fc0
803f7fc0
80407fc0
80417fc0
80427fc0
80437fc0
80447fc0
80457fc0
80467fc0
80477fc0
80487fc0
80497fc0
804a7fc0
804b7fc0
804c7fc0
804d7fc0
804e7fc0
804f7fc0
80507fc0
80517fc0
80527fc0
80537fc0
80547fc0
80557fc0
80567fc0
80577fc0
80587fc0
80597fc0
805a7fc0
805b7fc0
805c7fc0
805d7fc0
805e7fc0
805f7fc0
80607fc0
80617fc0
80627fc0
80637fc0
80647fc0
80657fc0
80667fc0
80677fc0
80687fc0
80697fc0
806a7fc0
806b7fc0
806c7fc0
806d7fc0
806e7fc0
806f7fc0
80707fc0
80717fc0
80727fc0
80737fc0
80747fc0
80757fc0
80767fc0
80777fc0
80787fc0
80797fc0
807a7fc0
807b7fc0
807c7fc0
807d7fc0
807e7fc0
807f7fc0
80807fc0
80817fc0
80827fc0
80837fc0
80847fc0
80857fc0
80867fc0
80877fc0
80887fc0
80897fc0
808a7fc0
808b7fc0
808c7fc0
808d7fc0
808e7fc0
808f7fc0
80907fc0
80917fc0
80927fc0
80937fc0
80947fc0
80957fc0
80967fc0
80977fc0
80987fc0
80997fc0
809a7fc0
809b7fc0
809c7fc0
809d7fc0
809e7fc0
809f7fc0
80a07fc0
80a17fc0
80a27fc0
80a37fc0
80a47fc0
80a57fc0
80a67fc0
80a77fc0
80a87fc0
80a97fc0
80aa7fc0
80ab7fc0
80ac7fc0
80ad7fc0
80ae7fc0
80af7fc0
80b07fc0
80b17fc0
80b27fc0
80b37fc0
80b47fc0
80b57fc0
80b67fc0
80b77fc0
80b87fc0
80b97fc0
80ba7fc0
80bb7fc0
80bc7fc0
80bd7fc0
80be7fc0
80bf7fc0
80c07fc0
80c17fc0
80c27fc0
80c37fc0
80c47fc0
80c57fc0
80c67fc0
80c77fc0
80c87fc0
80c97fc0
80ca7fc0
80cb7fc0
80cc7fc0
80cd7fc0
80ce7fc0
80cf7fc0
80d07fc0
80d17fc0
80d27fc0
80d37fc0
80d47fc0
80d57fc0
80d67fc0
80d77fc0
80d87fc0
80d97fc0
80da7fc0
80db7fc0
80dc7fc0
80dd7fc0
80de7fc0
80df7fc0
80e07fc0
80e17fc0
80e27fc0
80e37fc0
80e47fc0
80e57fc0
80e67fc0
80e77fc0
80e87fc0
80e97fc0
80ea7fc0
80eb7fc0
80ec7fc0
80ed7fc0
80ee7fc0
80ef7fc0
80f07fc0
80f17fc0
80f27fc0
80f37fc0
80f47fc0
80f57fc0
80f67fc0
80f77fc0
80f87fc0
80f97fc0
80fa7fc0
80fb7fc0
80fc7fc0
80fd7fc0
80fe7fc0
80ff7fc0
81007fc0
81017fc0
81027fc0
81037fc0
81047fc0
81057fc0
81067fc0
81077fc0
81087fc0
81097fc0
810a7fc0
810b7fc0
810c7fc0
810d7fc0
810e7fc0
810f7fc0
81107fc0
81117fc0
81127fc0
81137fc0
81147fc0
81157fc0
81167fc0
81177fc0
81187fc0
81197fc0
811a7fc0
811b7fc0
811c7fc0
811d7fc0
811e7fc0
811f7fc0
81207fc0
81217fc0
81227fc0
81237fc0
81247fc0
81257fc0
81267fc0
81277fc0
81287fc0
81297fc0
812a7fc0
812b7fc0
812c7fc0
812d7fc0
812e7fc0
812f7fc0
81307fc0
81317fc0
81327fc0
81337fc0
81347fc0
81357fc0
81367fc0
81377fc0
81387fc0
81397fc0
813a7fc0
813b7fc0
813c7fc0
813d7fc0
813e7fc0
813f7fc0
81407fc0
81417fc0
81427fc0
81437fc0
81447fc0
81457fc0
81467fc0
81477fc0
81487fc0
81497fc0
814a7fc0
814b7fc0
814c7fc0
814d7fc0
814e7fc0
814f7fc0
81507fc0
81517fc0
81527fc0
81537fc0
81547fc0
81557fc0
81567fc0
81577fc0
81587fc0
81597fc0
815a7fc0
815b7fc0
815c7fc0
815d7fc0
815e7fc0
815f7fc0
81607fc0
81617fc0
81627fc0
81637fc0
81647fc0
81657fc0
81667fc0
81677fc0
81687fc0
81697fc0
816a7fc0
816b7fc0
816c7fc0
816d7fc0
816e7fc0
816f7fc0
81707fc0
81717fc0
81727fc0
81737fc0
81747fc0
81757fc0
81767fc0
81777fc0
81787fc0
81797fc0
817a7fc0
817b7fc0
817c7fc0
817d7fc0
817e7fc0
817f7fc0
81807fc0
81817fc0
81827fc0
81837fc0
81847fc0
81857fc0
81867fc0
81877fc0
81887fc0
81897fc0
818a7fc0
818b7fc0
818c7fc0
818d7fc0
818e7fc0
818f7fc0
81907fc0
81917fc0
81927fc0
81937fc0
81947fc0
81957fc0
81967fc0
81977fc0
81987fc0
81997fc0
819a7fc0
819b7fc0
819c7fc0
819d7fc0
819e7fc0
819f7fc0
81a07fc0
81a17fc0
81a27fc0
81a37fc0
81a47fc0
81a57fc0
81a67fc0
81a77fc0
81a87fc0
81a97fc0
81aa7fc0
81ab7fc0
81ac7fc0
81ad7fc0
81ae7fc0
81af7fc0
81b07fc0
81b17fc0
81b27fc0
81b37fc0
81b47fc0
81b57fc0
81b67fc0
81b77fc0
81b87fc0
81b97fc0
81ba7fc0
81bb7fc0
81bc7fc0
81bd7fc0
81be7fc0
81bf7fc0
81c07fc0
81c17fc0
81c27fc0
81c37fc0
81c47fc0
81c57fc0
81c67fc0
81c77fc0
81c87fc0
81c97fc0
81ca7fc0
81cb7fc0
81cc7fc0
81cd7fc0
81ce7fc0
81cf7fc0
81d07fc0
81d17fc0
81d27fc0
81d37fc0
81d47fc0
81d57fc0
81d67fc0
81d77fc0
81d87fc0
81d97fc0
81da7fc0
81db7fc0
81dc7fc0
81dd7fc0
81de7fc0
81df7fc0
81e07fc0
81e17fc0
81e27fc0
81e37fc0
81e47fc0
81e57fc0
81e67fc0
81e77fc0
81e87fc0
81e97fc0
81ea7fc0
81eb7fc0
81ec7fc0
81ed7fc0
81ee7fc0
81ef7fc0
81f07fc0
81f17fc0
81f27fc0
81f37fc0
81f47fc0
81f57fc0
81f67fc0
81f77fc0
81f87fc0
81f97fc0
81fa7fc0
81fb7fc0
81fc7fc0
81fd7fc0
81fe7fc0
81ff7fc0
82007fc0
82017fc0
82027fc0
82037fc0
82047fc0
82057fc0
82067fc0
82077fc0
82087fc0
82097fc0
820a7fc0
820b7fc0
820c7fc0
820d7fc0
820e7fc0
820f7fc0
82107fc0
82117fc0
82127fc0
82137fc0
82147fc0
82157fc0
82167fc0
82177fc0
82187fc0
82197fc0
821a7fc0
821b7fc0
821c7fc0
821d7fc0
821e7fc0
821f7fc0
82207fc0
82217fc0
82227fc0
82237fc0
82247fc0
82257fc0
82267fc0
82277fc0
82287fc0
82297fc0
822a7fc0
822b7fc0
822c7fc0
822d7fc0
822e7fc0
822f7fc0
82307fc0
82317fc0
82327fc0
82337fc0
82347fc0
82357fc0
82367fc0
82377fc0
82387fc0
82397fc0
823a7fc0
823b7fc0
823c7fc0
823d7fc0
823e7fc0
823f7fc0
82407fc0
82417fc0
82427fc0
82437fc0
82447fc0
82457fc0
82467fc0
82477fc0
82487fc0
82497fc0
824a7fc0
824b7fc0
824c7fc0
824d7fc0
824e7fc0
824f7fc0
82507fc0
82517fc0
82527fc0
82537fc0
82547fc0
82557fc0
82567fc0
82577fc0
82587fc0
82597fc0
825a7fc0
825b7fc0
825c7fc0
825d7fc0
825e7fc0
825f7fc0
82607fc0
82617fc0
82627fc0
82637fc0
82647fc0
82657fc0
82667fc0
82677fc0
82687fc0
82697fc0
826a7fc0
826b7fc0
826c7fc0
826d7fc0
826e7fc0
826f7fc0
82707fc0
82717fc0
82727fc0
82737fc0
82747fc0
82757fc0
82767fc0
82777fc0
82787fc0
82797fc0
827a7fc0
827b7fc0
827c7fc0
827d7fc0
827e7fc0
827f7fc0
82807fc0
82817fc0
82827fc0
82837fc0
82847fc0
82857fc0
82867fc0
82877fc0
82887fc0
82897fc0
828a7fc0
828b7fc0
828c7fc0
828d7fc0
828e7fc0
828f7fc0
82907fc0
82917fc0
82927fc0
82937fc0
82947fc0
82957fc0
82967fc0
82977fc0
82987fc0
82997fc0
829a7fc0
829b7fc0
829c7fc0
829d7fc0
829e7fc0
829f7fc0
82a07fc0
82a17fc0
82a27fc0
82a37fc0
82a47fc0
82a57fc0
82a67fc0
82a77fc0
82a87fc0
82a97fc0
82aa7fc0
82ab7fc0
82ac7fc0
82ad7fc0
82ae7fc0
82af7fc0
82b07fc0
82b17fc0
82b27fc0
82b37fc0
82b47fc0
82b57fc0
82b67fc0
82b77fc0
82b87fc0
82b97fc0
82ba7fc0
82bb7fc0
82bc7fc0
82bd7fc0
82be7fc0
82bf7fc0
82c07fc0
82c17fc0
82c27fc0
82c37fc0
82c47fc0
82c57fc0
82c67fc0
82c77fc0
82c87fc0
82c97fc0
82ca7fc0
82cb7fc0
82cc7fc0
82cd7fc0
82ce7fc0
82cf7fc0
82d07fc0
82d17fc0
82d27fc0
82d37fc0
82d47fc0
82d57fc0
82d67fc0
82d77fc0
82d87fc0
82d97fc0
82da7fc0
82db7fc0
82dc7fc0
82dd7fc0
82de7fc0
82df7fc0
82e07fc0
82e17fc0
82e27fc0
82e37fc0
82e47fc0
82e57fc0
82e67fc0
82e77fc0
82e87fc0
82e97fc0
82ea7fc0
82eb7fc0
82ec7fc0
82ed7fc0
82ee7fc0
82ef7fc0
82f07fc0
82f17fc0
82f27fc0
82f37fc0
82f47fc0
82f57fc0
82f67fc0
82f77fc0
82f87fc0
82f97fc0
82fa7fc0
82fb7fc0
82fc7fc0
82fd7fc0
82fe7fc0
82ff7fc0
83007fc0
83017fc0
83027fc0
83037fc0
83047fc0
83057fc0
83067fc0
83077fc0
83087fc0
83097fc0
830a7fc0
830b7fc0
830c7fc0
830d7fc0
830e7fc0
830f7fc0
83107fc0
83117fc0
83127fc0
83137fc0
83147fc0
83157fc0
83167fc0
83177fc0
83187fc0
83197fc0
831a7fc0
831b7fc0
831c7fc0
831d7fc0
831e7fc0
831f7fc0
83207fc0
83217fc0
83227fc0
83237fc0
83247fc0
83257fc0
83267fc0
83277fc0
83287fc0
83297fc0
832a7fc0
832b7fc0
832c7fc0
832d7fc0
832e7fc0
832f7fc0
83307fc0
83317fc0
83327fc0
83337fc0
83347fc0
83357fc0
83367fc0
83377fc0
83387fc0
83397fc0
833a7fc0
833b7fc0
833c7fc0
833d7fc0
833e7fc0
833f7fc0
83407fc0
83417fc0
83427fc0
83437fc0
83447fc0
83457fc0
83467fc0
83477fc0
83487fc0
83497fc0
834a7fc0
834b7fc0
834c7fc0
834d7fc0
834e7fc0
834f7fc0
83507fc0
83517fc0
83527fc0
83537fc0
83547fc0
83557fc0
83567fc0
83577fc0
83587fc0
83597fc0
835a7fc0
835b7fc0
835c7fc0
835d7fc0
835e7fc0
835f7fc0
83607fc0
83617fc0
83627fc0
83637fc0
83647fc0
83657fc0
83667fc0
83677fc0
83687fc0
83697fc0
836a7fc0
836b7fc0
836c7fc0
836d7fc0
836e7fc0
836f7fc0
83707fc0
83717fc0
83727fc0
83737fc0
83747fc0
83757fc0
83767fc0
83777fc0
83787fc0
83797fc0
837a7fc0
837b7fc0
837c7fc0
837d7fc0
837e7fc0
837f7fc0
83807fc0
83817fc0
83827fc0
83837fc0
83847fc0
83857fc0
83867fc0
83877fc0
83887fc0
83897fc0
838a7fc0
838b7fc0
838c7fc0
838d7fc0
838e7fc0
838f7fc0
83907fc0
83917fc0
83927fc0
83937fc0
83947fc0
83957fc0
83967fc0
83977fc0
83987fc0
83997fc0
839a7fc0
839b7fc0
839c7fc0
839d7fc0
839e7fc0
839f7fc0
83a07fc0
83a17fc0
83a27fc0
83a37fc0
83a47fc0
83a57fc0
83a67fc0
83a77fc0
83a87fc0
83a97fc0
83aa7fc0
83ab7fc0
83ac7fc0
83ad7fc0
83ae7fc0
83af7fc0
83b07fc0
83b17fc0
83b27fc0
83b37fc0
83b47fc0
83b57fc0
83b67fc0
83b77fc0
83b87fc0
83b97fc0
83ba7fc0
83bb7fc0
83bc7fc0
83bd7fc0
83be7fc0
83bf7fc0
83c07fc0
83c17fc0
83c27fc0
83c37fc0
83c47fc0
83c57fc0
83c67fc0
83c77fc0
83c87fc0
83c97fc0
83ca7fc0
83cb7fc0
83cc7fc0
83cd7fc0
83ce7fc0
83cf7fc0
83d07fc0
83d17fc0
83d27fc0
83d37fc0
83d47fc0
83d57fc0
83d67fc0
83d77fc0
83d87fc0
83d97fc0
83da7fc0
83db7fc0
83dc7fc0
83dd7fc0
83de7fc0
83df7fc0
83e07fc0
83e17fc0
83e27fc0
83e37fc0
83e47fc0
83e57fc0
83e67fc0
83e77fc0
83e87fc0
83e97fc0
83ea7fc0
83eb7fc0
83ec7fc0
83ed7fc0
83ee7fc0
83ef7fc0
83f07fc0
83f17fc0
83f27fc0
83f37fc0
83f47fc0
83f57fc0
83f67fc0
83f77fc0
83f87fc0
83f97fc0
83fa7fc0
83fb7fc0
83fc7fc0
83fd7fc0
83fe7fc0
83ff7fc0
84007fc0
84017fc0
84027fc0
84037fc0
84047fc0
84057fc0
84067fc0
84077fc0
84087fc0
84097fc0
840a7fc0
840b7fc0
840c7fc0
840d7fc0
840e7fc0
840f7fc0
84107fc0
84117fc0
84127fc0
84137fc0
84147fc0
84157fc0
84167fc0
84177fc0
84187fc0
84197fc0
841a7fc0
841b7fc0
841c7fc0
841d7fc0
841e7fc0
841f7fc0
84207fc0
84217fc0
84227fc0
84237fc0
84247fc0
84257fc0
84267fc0
84277fc0
84287fc0
84297fc0
842a7fc0
842b7fc0
842c7fc0
842d7fc0
842e7fc0
842f7fc0
84307fc0
84317fc0
84327fc0
84337fc0
84347fc0
84357fc0
84367fc0
84377fc0
84387fc0
84397fc0
843a7fc0
843b7fc0
843c7fc0
843d7fc0
843e7fc0
843f7fc0
84407fc0
84417fc0
84427fc0
84437fc0
84447fc0
84457fc0
84467fc0
84477fc0
84487fc0
84497fc0
844a7fc0
844b7fc0
844c7fc0
844d7fc0
844e7fc0
844f7fc0
84507fc0
84517fc0
84527fc0
84537fc0
84547fc0
84557fc0
84567fc0
84577fc0
84587fc0
84597fc0
845a7fc0
845b7fc0
845c7fc0
845d7fc0
845e7fc0
845f7fc0
84607fc0
84617fc0
84627fc0
84637fc0
84647fc0
84657fc0
84667fc0
84677fc0
84687fc0
84697fc0
846a7fc0
846b7fc0
846c7fc0
846d7fc0
846e7fc0
846f7fc0
84707fc0
84717fc0
84727fc0
84737fc0
84747fc0
84757fc0
84767fc0
84777fc0
84787fc0
84797fc0
847a7fc0
847b7fc0
847c7fc0
847d7fc0
847e7fc0
847f7fc0
84807fc0
84817fc0
84827fc0
84837fc0
84847fc0
84857fc0
84867fc0
84877fc0
84887fc0
84897fc0
848a7fc0
848b7fc0
848c7fc0
848d7fc0
848e7fc0
848f7fc0
84907fc0
84917fc0
84927fc0
84937fc0
84947fc0
84957fc0
84967fc0
84977fc0
84987fc0
84997fc0
849a7fc0
849b7fc0
849c7fc0
849d7fc0
849e7fc0
849f7fc0
84a07fc0
84a17fc0
84a27fc0
84a37fc0
84a47fc0
84a57fc0
84a67fc0
84a77fc0
84a87fc0
84a97fc0
84aa7fc0
84ab7fc0
84ac7fc0
84ad7fc0
84ae7fc0
84af7fc0
84b07fc0
84b17fc0
84b27fc0
84b37fc0
84b47fc0
84b57fc0
84b67fc0
84b77fc0
84b87fc0
84b97fc0
84ba7fc0
84bb7fc0
84bc7fc0
84bd7fc0
84be7fc0
84bf7fc0
84c07fc0
84c17fc0
84c27fc0
84c37fc0
84c47fc0
84c57fc0
84c67fc0
84c77fc0
84c87fc0
84c97fc0
84ca7fc0
84cb7fc0
84cc7fc0
84cd7fc0
84ce7fc0
84cf7fc0
84d07fc0
84d17fc0
84d27fc0
84d37fc0
84d47fc0
84d57fc0
84d67fc0
84d77fc0
84d87fc0
84d97fc0
84da7fc0
84db7fc0
84dc7fc0
84dd7fc0
84de7fc0
84df7fc0
84e07fc0
84e17fc0
84e27fc0
84e37fc0
84e47fc0
84e57fc0
84e67fc0
84e77fc0
84e87fc0
84e97fc0
84ea7fc0
84eb7fc0
84ec7fc0
84ed7fc0
84ee7fc0
84ef7fc0
84f07fc0
84f17fc0
84f27fc0
84f37fc0
84f47fc0
84f57fc0
84f67fc0
84f77fc0
84f87fc0
84f97fc0
84fa7fc0
84fb7fc0
84fc7fc0
84fd7fc0
84fe7fc0
84ff7fc0
85007fc0
85017fc0
85027fc0
85037fc0
85047fc0
85057fc0
85067fc0
85077fc0
85087fc0
85097fc0
850a7fc0
850b7fc0
850c7fc0
850d7fc0
850e7fc0
850f7fc0
85107fc0
85117fc0
85127fc0
85137fc0
85147fc0
85157fc0
85167fc0
85177fc0
85187fc0
85197fc0
851a7fc0
851b7fc0
851c7fc0
851d7fc0
851e7fc0
851f7fc0
85207fc0
85217fc0
85227fc0
85237fc0
85247fc0
85257fc0
85267fc0
85277fc0
85287fc0
85297fc0
852a7fc0
852b7fc0
852c7fc0
852d7fc0
852e7fc0
852f7fc0
85307fc0
85317fc0
85327fc0
85337fc0
85347fc0
85357fc0
85367fc0
85377fc0
85387fc0
85397fc0
853a7fc0
853b7fc0
853c7fc0
853d7fc0
853e7fc0
853f7fc0
85407fc0
85417fc0
85427fc0
85437fc0
85447fc0
85457fc0
85467fc0
85477fc0
85487fc0
85497fc0
854a7fc0
854b7fc0
854c7fc0
854d7fc0
854e7fc0
854f7fc0
85507fc0
85517fc0
85527fc0
85537fc0
85547fc0
85557fc0
85567fc0
85577fc0
85587fc0
85597fc0
855a7fc0
855b7fc0
855c7fc0
855d7fc0
855e7fc0
855f7fc0
85607fc0
85617fc0
85627fc0
85637fc0
85647fc0
85657fc0
85667fc0
85677fc0
85687fc0
85697fc0
856a7fc0
856b7fc0
856c7fc0
856d7fc0
856e7fc0
856f7fc0
85707fc0
85717fc0
85727fc0
85737fc0
85747fc0
85757fc0
85767fc0
85777fc0
85787fc0
85797fc0
857a7fc0
857b7fc0
857c7fc0
857d7fc0
857e7fc0
857f7fc0
85807fc0
85817fc0
85827fc0
85837fc0
85847fc0
85857fc0
85867fc0
85877fc0
85887fc0
85897fc0
858a7fc0
858b7fc0
858c7fc0
858d7fc0
858e7fc0
858f7fc0
85907fc0
85917fc0
85927fc0
85937fc0
85947fc0
85957fc0
85967fc0
85977fc0
85987fc0
85997fc0
859a7fc0
859b7fc0
859c7fc0
859d7fc0
859e7fc0
859f7fc0
85a07fc0
85a17fc0
85a27fc0
85a37fc0
85a47fc0
85a57fc0
85a67fc0
85a77fc0
85a87fc0
85a97fc0
85aa7fc0
85ab7fc0
85ac7fc0
85ad7fc0
85ae7fc0
85af7fc0
85b07fc0
85b17fc0
85b27fc0
85b37fc0
85b47fc0
85b57fc0
85b67fc0
85b77fc0
85b87fc0
85b97fc0
85ba7fc0
85bb7fc0
85bc7fc0
85bd7fc0
85be7fc0
85bf7fc0
85c07fc0
85c17fc0
85c27fc0
85c37fc0
85c47fc0
85c57fc0
85c67fc0
85c77fc0
85c87fc0
85c97fc0
85ca7fc0
85cb7fc0
85cc7fc0
85cd7fc0
85ce7fc0
85cf7fc0
85d07fc0
85d17fc0
85d27fc0
85d37fc0
85d47fc0
85d57fc0
85d67fc0
85d77fc0
85d87fc0
85d97fc0
85da7fc0
85db7fc0
85dc7fc0
85dd7fc0
85de7fc0
85df7fc0
85e07fc0
85e17fc0
85e27fc0
85e37fc0
85e47fc0
85e57fc0
85e67fc0
85e77fc0
85e87fc0
85e97fc0
85ea7fc0
85eb7fc0
85ec7fc0
85ed7fc0
85ee7fc0
85ef7fc0
85f07fc0
85f17fc0
85f27fc0
85f37fc0
85f47fc0
85f57fc0
85f67fc0
85f77fc0
85f87fc0
85f97fc0
85fa7fc0
85fb7fc0
85fc7fc0
85fd7fc0
85fe7fc0
85ff7fc0
86007fc0
86017fc0
86027fc0
86037fc0
86047fc0
86057fc0
86067fc0
86077fc0
86087fc0
86097fc0
860a7fc0
860b7fc0
860c7fc0
860d7fc0
860e7fc0
860f7fc0
86107fc0
86117fc0
86127fc0
86137fc0
86147fc0
86157fc0
86167fc0
86177fc0
86187fc0
86197fc0
861a7fc0
861b7fc0
861c7fc0
861d7fc0
861e7fc0
861f7fc0
86207fc0
86217fc0
86227fc0
86237fc0
86247fc0
86257fc0
86267fc0
86277fc0
86287fc0
86297fc0
862a7fc0
862b7fc0
862c7fc0
862d7fc0
862e7fc0
862f7fc0
86307fc0
86317fc0
86327fc0
86337fc0
86347fc0
86357fc0
86367fc0
86377fc0
86387fc0
86397fc0
863a7fc0
863b7fc0
863c7fc0
863d7fc0
863e7fc0
863f7fc0
86407fc0
86417fc0
86427fc0
86437fc0
86447fc0
86457fc0
86467fc0
86477fc0
86487fc0
86497fc0
864a7fc0
864b7fc0
864c7fc0
864d7fc0
864e7fc0
864f7fc0
86507fc0
86517fc0
86527fc0
86537fc0
86547fc0
86557fc0
86567fc0
86577fc0
86587fc0
86597fc0
865a7fc0
865b7fc0
865c7fc0
865d7fc0
865e7fc0
865f7fc0
86607fc0
86617fc0
86627fc0
86637fc0
86647fc0
86657fc0
86667fc0
86677fc0
86687fc0
86697fc0
866a7fc0
866b7fc0
866c7fc0
866d7fc0
866e7fc0
866f7fc0
86707fc0
86717fc0
86727fc0
86737fc0
86747fc0
86757fc0
86767fc0
86777fc0
86787fc0
86797fc0
867a7fc0
867b7fc0
867c7fc0
867d7fc0
867e7fc0
867f7fc0
86807fc0
86817fc0
86827fc0
86837fc0
86847fc0
86857fc0
86867fc0
86877fc0
86887fc0
86897fc0
868a7fc0
868b7fc0
868c7fc0
868d7fc0
868e7fc0
868f7fc0
86907fc0
86917fc0
86927fc0
86937fc0
86947fc0
86957fc0
86967fc0
86977fc0
86987fc0
86997fc0
869a7fc0
869b7fc0
869c7fc0
869d7fc0
869e7fc0
869f7fc0
86a07fc0
86a17fc0
86a27fc0
86a37fc0
86a47fc0
86a57fc0
86a67fc0
86a77fc0
86a87fc0
86a97fc0
86aa7fc0
86ab7fc0
86ac7fc0
86ad7fc0
86ae7fc0
86af7fc0
86b07fc0
86b17fc0
86b27fc0
86b37fc0
86b47fc0
86b57fc0
86b67fc0
86b77fc0
86b87fc0
86b97fc0
86ba7fc0
86bb7fc0
86bc7fc0
86bd7fc0
86be7fc0
86bf7fc0
86c07fc0
86c17fc0
86c27fc0
86c37fc0
86c47fc0
86c57fc0
86c67fc0
86c77fc0
86c87fc0
86c97fc0
86ca7fc0
86cb7fc0
86cc7fc0
86cd7fc0
86ce7fc0
86cf7fc0
86d07fc0
86d17fc0
86d27fc0
86d37fc0
86d47fc0
86d57fc0
86d67fc0
86d77fc0
86d87fc0
86d97fc0
86da7fc0
86db7fc0
86dc7fc0
86dd7fc0
86de7fc0
86df7fc0
86e07fc0
86e17fc0
86e27fc0
86e37fc0
86e47fc0
86e57fc0
86e67fc0
86e77fc0
86e87fc0
86e97fc0
86ea7fc0
86eb7fc0
86ec7fc0
86ed7fc0
86ee7fc0
86ef7fc0
86f07fc0
86f17fc0
86f27fc0
86f37fc0
86f47fc0
86f57fc0
86f67fc0
86f77fc0
86f87fc0
86f97fc0
86fa7fc0
86fb7fc0
86fc7fc0
86fd7fc0
86fe7fc0
86ff7fc0
87007fc0
87017fc0
87027fc0
87037fc0
87047fc0
87057fc0
87067fc0
87077fc0
87087fc0
87097fc0
870a7fc0
870b7fc0
870c7fc0
870d7fc0
870e7fc0
870f7fc0
87107fc0
87117fc0
87127fc0
87137fc0
87147fc0
87157fc0
87167fc0
87177fc0
87187fc0
87197fc0
871a7fc0
871b7fc0
871c7fc0
871d7fc0
871e7fc0
871f7fc0
87207fc0
87217fc0
87227fc0
87237fc0
87247fc0
87257fc0
87267fc0
87277fc0
87287fc0
87297fc0
872a7fc0
872b7fc0
872c7fc0
872d7fc0
872e7fc0
872f7fc0
87307fc0
87317fc0
87327fc0
87337fc0
87347fc0
87357fc0
87367fc0
87377fc0
87387fc0
87397fc0
873a7fc0
873b7fc0
873c7fc0
873d7fc0
873e7fc0
873f7fc0
87407fc0
87417fc0
87427fc0
87437fc0
87447fc0
87457fc0
87467fc0
87477fc0
87487fc0
87497fc0
874a7fc0
874b7fc0
874c7fc0
874d7fc0
874e7fc0
874f7fc0
87507fc0
87517fc0
87527fc0
87537fc0
87547fc0
87557fc0
87567fc0
87577fc0
87587fc0
87597fc0
875a7fc0
875b7fc0
875c7fc0
875d7fc0
875e7fc0
875f7fc0
87607fc0
87617fc0
87627fc0
87637fc0
87647fc0
87657fc0
87667fc0
87677fc0
87687fc0
87697fc0
876a7fc0
876b7fc0
876c7fc0
876d7fc0
876e7fc0
876f7fc0
87707fc0
87717fc0
87727fc0
87737fc0
87747fc0
87757fc0
87767fc0
87777fc0
87787fc0
87797fc0
877a7fc0
877b7fc0
877c7fc0
877d7fc0
877e7fc0
877f7fc0
87807fc0
87817fc0
87827fc0
87837fc0
87847fc0
87857fc0
87867fc0
87877fc0
87887fc0
87897fc0
878a7fc0
878b7fc0
878c7fc0
878d7fc0
878e7fc0
878f7fc0
87907fc0
87917fc0
87927fc0
87937fc0
87947fc0
87957fc0
87967fc0
87977fc0
87987fc0
87997fc0
879a7fc0
879b7fc0
879c7fc0
879d7fc0
879e7fc0
879f7fc0
87a07fc0
87a17fc0
87a27fc0
87a37fc0
87a47fc0
87a57fc0
87a67fc0
87a77fc0
87a87fc0
87a97fc0
87aa7fc0
87ab7fc0
87ac7fc0
87ad7fc0
87ae7fc0
87af7fc0
87b07fc0
87b17fc0
87b27fc0
87b37fc0
87b47fc0
87b57fc0
87b67fc0
87b77fc0
87b87fc0
87b97fc0
87ba7fc0
87bb7fc0
87bc7fc0
87bd7fc0
87be7fc0
87bf7fc0
87c07fc0
87c17fc0
87c27fc0
87c37fc0
87c47fc0
87c57fc0
87c67fc0
87c77fc0
87c87fc0
87c97fc0
87ca7fc0
87cb7fc0
87cc7fc0
87cd7fc0
87ce7fc0
87cf7fc0
87d07fc0
87d17fc0
87d27fc0
87d37fc0
87d47fc0
87d57fc0
87d67fc0
87d77fc0
87d87fc0
87d97fc0
87da7fc0
87db7fc0
87dc7fc0
87dd7fc0
87de7fc0
87df7fc0
87e07fc0
87e17fc0
87e27fc0
87e37fc0
87e47fc0
87e57fc0
87e67fc0
87e77fc0
87e87fc0
87e97fc0
87ea7fc0
87eb7fc0
87ec7fc0
87ed7fc0
87ee7fc0
87ef7fc0
87f07fc0
87f17fc0
87f27fc0
87f37fc0
87f47fc0
87f57fc0
87f67fc0
87f77fc0
87f87fc0
87f97fc0
87fa7fc0
87fb7fc0
87fc7fc0
87fd7fc0
87fe7fc0
87ff7fc0
88007fc0
88017fc0
88027fc0
88037fc0
88047fc0
88057fc0
88067fc0
88077fc0
88087fc0
88097fc0
880a7fc0
880b7fc0
880c7fc0
880d7fc0
880e7fc0
880f7fc0
88107fc0
88117fc0
88127fc0
88137fc0
88147fc0
88157fc0
88167fc0
88177fc0
88187fc0
88197fc0
881a7fc0
881b7fc0
881c7fc0
881d7fc0
881e7fc0
881f7fc0
88207fc0
88217fc0
88227fc0
88237fc0
88247fc0
88257fc0
88267fc0
88277fc0
88287fc0
88297fc0
882a7fc0
882b7fc0
882c7fc0
882d7fc0
882e7fc0
882f7fc0
88307fc0
88317fc0
88327fc0
88337fc0
88347fc0
88357fc0
88367fc0
88377fc0
88387fc0
88397fc0
883a7fc0
883b7fc0
883c7fc0
883d7fc0
883e7fc0
883f7fc0
88407fc0
88417fc0
88427fc0
88437fc0
88447fc0
88457fc0
88467fc0
88477fc0
88487fc0
88497fc0
884a7fc0
884b7fc0
884c7fc0
884d7fc0
884e7fc0
884f7fc0
88507fc0
88517fc0
88527fc0
88537fc0
88547fc0
88557fc0
88567fc0
88577fc0
88587fc0
88597fc0
885a7fc0
885b7fc0
885c7fc0
885d7fc0
885e7fc0
885f7fc0
88607fc0
88617fc0
88627fc0
88637fc0
88647fc0
88657fc0
88667fc0
88677fc0
88687fc0
88697fc0
886a7fc0
886b7fc0
886c7fc0
886d7fc0
886e7fc0
886f7fc0
88707fc0
88717fc0
88727fc0
88737fc0
88747fc0
88757fc0
88767fc0
88777fc0
88787fc0
88797fc0
887a7fc0
887b7fc0
887c7fc0
887d7fc0
887e7fc0
887f7fc0
88807fc0
88817fc0
88827fc0
88837fc0
88847fc0
88857fc0
88867fc0
88877fc0
88887fc0
88897fc0
888a7fc0
888b7fc0
888c7fc0
888d7fc0
888e7fc0
888f7fc0
88907fc0
88917fc0
88927fc0
88937fc0
88947fc0
88957fc0
88967fc0
88977fc0
88987fc0
88997fc0
889a7fc0
889b7fc0
889c7fc0
889d7fc0
889e7fc0
889f7fc0
88a07fc0
88a17fc0
88a27fc0
88a37fc0
88a47fc0
88a57fc0
88a67fc0
88a77fc0
88a87fc0
88a97fc0
88aa7fc0
88ab7fc0
88ac7fc0
88ad7fc0
88ae7fc0
88af7fc0
88b07fc0
88b17fc0
88b27fc0
88b37fc0
88b47fc0
88b57fc0
88b67fc0
88b77fc0
88b87fc0
88b97fc0
88ba7fc0
88bb7fc0
88bc7fc0
88bd7fc0
88be7fc0
88bf7fc0
88c07fc0
88c17fc0
88c27fc0
88c37fc0
88c47fc0
88c57fc0
88c67fc0
88c77fc0
88c87fc0
88c97fc0
88ca7fc0
88cb7fc0
88cc7fc0
88cd7fc0
88ce7fc0
88cf7fc0
88d07fc0
88d17fc0
88d27fc0
88d37fc0
88d47fc0
88d57fc0
88d67fc0
88d77fc0
88d87fc0
88d97fc0
88da7fc0
88db7fc0
88dc7fc0
88dd7fc0
88de7fc0
88df7fc0
88e07fc0
88e17fc0
88e27fc0
88e37fc0
88e47fc0
88e57fc0
88e67fc0
88e77fc0
88e87fc0
88e97fc0
88ea7fc0
88eb7fc0
88ec7fc0
88ed7fc0
88ee7fc0
88ef7fc0
88f07fc0
88f17fc0
88f27fc0
88f37fc0
88f47fc0
88f57fc0
88f67fc0
88f77fc0
88f87fc0
88f97fc0
88fa7fc0
88fb7fc0
88fc7fc0
88fd7fc0
88fe7fc0
88ff7fc0
89007fc0
89017fc0
89027fc0
89037fc0
89047fc0
89057fc0
89067fc0
89077fc0
89087fc0
89097fc0
890a7fc0
890b7fc0
890c7fc0
890d7fc0
890e7fc0
890f7fc0
89107fc0
89117fc0
89127fc0
89137fc0
89147fc0
89157fc0
89167fc0
89177fc0
89187fc0
89197fc0
891a7fc0
891b7fc0
891c7fc0
891d7fc0
891e7fc0
891f7fc0
89207fc0
89217fc0
89227fc0
89237fc0
89247fc0
89257fc0
89267fc0
89277fc0
89287fc0
89297fc0
892a7fc0
892b7fc0
892c7fc0
892d7fc0
892e7fc0
892f7fc0
89307fc0
89317fc0
89327fc0
89337fc0
89347fc0
89357fc0
89367fc0
89377fc0
89387fc0
89397fc0
893a7fc0
893b7fc0
893c7fc0
893d7fc0
893e7fc0
893f7fc0
89407fc0
89417fc0
89427fc0
89437fc0
89447fc0
89457fc0
89467fc0
89477fc0
89487fc0
89497fc0
894a7fc0
894b7fc0
894c7fc0
894d7fc0
894e7fc0
894f7fc0
89507fc0
89517fc0
89527fc0
89537fc0
89547fc0
89557fc0
89567fc0
89577fc0
89587fc0
89597fc0
895a7fc0
895b7fc0
895c7fc0
895d7fc0
895e7fc0
895f7fc0
89607fc0
89617fc0
89627fc0
89637fc0
89647fc0
89657fc0
89667fc0
89677fc0
89687fc0
89697fc0
896a7fc0
896b7fc0
896c7fc0
896d7fc0
896e7fc0
896f7fc0
89707fc0
89717fc0
89727fc0
89737fc0
89747fc0
89757fc0
89767fc0
89777fc0
89787fc0
89797fc0
897a7fc0
897b7fc0
897c7fc0
897d7fc0
897e7fc0
897f7fc0
89807fc0
89817fc0
89827fc0
89837fc0
89847fc0
89857fc0
89867fc0
89877fc0
89887fc0
89897fc0
898a7fc0
898b7fc0
898c7fc0
898d7fc0
898e7fc0
898f7fc0
89907fc0
89917fc0
89927fc0
89937fc0
89947fc0
89957fc0
89967fc0
89977fc0
89987fc0
89997fc0
899a7fc0
899b7fc0
899c7fc0
899d7fc0
899e7fc0
899f7fc0
89a07fc0
89a17fc0
89a27fc0
89a37fc0
89a47fc0
89a57fc0
89a67fc0
89a77fc0
89a87fc0
89a97fc0
89aa7fc0
89ab7fc0
89ac7fc0
89ad7fc0
89ae7fc0
89af7fc0
89b07fc0
89b17fc0
89b27fc0
89b37fc0
89b47fc0
89b57fc0
89b67fc0
89b77fc0
89b87fc0
89b97fc0
89ba7fc0
89bb7fc0
89bc7fc0
89bd7fc0
89be7fc0
89bf7fc0
89c07fc0
89c17fc0
89c27fc0
89c37fc0
89c47fc0
89c57fc0
89c67fc0
89c77fc0
89c87fc0
89c97fc0
89ca7fc0
89cb7fc0
89cc7fc0
89cd7fc0
89ce7fc0
89cf7fc0
89d07fc0
89d17fc0
89d27fc0
89d37fc0
89d47fc0
89d57fc0
89d67fc0
89d77fc0
89d87fc0
89d97fc0
89da7fc0
89db7fc0
89dc7fc0
89dd7fc0
89de7fc0
89df7fc0
89e07fc0
89e17fc0
89e27fc0
89e37fc0
89e47fc0
89e57fc0
89e67fc0
89e77fc0
89e87fc0
89e97fc0
89ea7fc0
89eb7fc0
89ec7fc0
89ed7fc0
89ee7fc0
89ef7fc0
89f07fc0
89f17fc0
89f27fc0
89f37fc0
89f47fc0
89f57fc0
89f67fc0
89f77fc0
89f87fc0
89f97fc0
89fa7fc0
89fb7fc0
89fc7fc0
89fd7fc0
89fe7fc0
89ff7fc0
8a007fc0
8a017fc0
8a027fc0
8a037fc0
8a047fc0
8a057fc0
8a067fc0
8a077fc0
8a087fc0
8a097fc0
8a0a7fc0
8a0b7fc0
8a0c7fc0
8a0d7fc0
8a0e7fc0
8a0f7fc0
8a107fc0
8a117fc0
8a127fc0
8a137fc0
8a147fc0
8a157fc0
8a167fc0
8a177fc0
8a187fc0
8a197fc0
8a1a7fc0
8a1b7fc0
8a1c7fc0
8a1d7fc0
8a1e7fc0
8a1f7fc0
8a207fc0
8a217fc0
8a227fc0
8a237fc0
8a247fc0
8a257fc0
8a267fc0
8a277fc0
8a287fc0
8a297fc0
8a2a7fc0
8a2b7fc0
8a2c7fc0
8a2d7fc0
8a2e7fc0
8a2f7fc0
8a307fc0
8a317fc0
8a327fc0
8a337fc0
8a347fc0
8a357fc0
8a367fc0
8a377fc0
8a387fc0
8a397fc0
8a3a7fc0
8a3b7fc0
8a3c7fc0
8a3d7fc0
8a3e7fc0
8a3f7fc0
8a407fc0
8a417fc0
8a427fc0
8a437fc0
8a447fc0
8a457fc0
8a467fc0
8a477fc0
8a487fc0
8a497fc0
8a4a7fc0
8a4b7fc0
8a4c7fc0
8a4d7fc0
8a4e7fc0
8a4f7fc0
8a507fc0
8a517fc0
8a527fc0
8a537fc0
8a547fc0
8a557fc0
8a567fc0
8a577fc0
8a587fc0
8a597fc0
8a5a7fc0
8a5b7fc0
8a5c7fc0
8a5d7fc0
8a5e7fc0
8a5f7fc0
8a607fc0
8a617fc0
8a627fc0
8a637fc0
8a647fc0
8a657fc0
8a667fc0
8a677fc0
8a687fc0
8a697fc0
8a6a7fc0
8a6b7fc0
8a6c7fc0
8a6d7fc0
8a6e7fc0
8a6f7fc0
8a707fc0
8a717fc0
8a727fc0
8a737fc0
8a747fc0
8a757fc0
8a767fc0
8a777fc0
8a787fc0
8a797fc0
8a7a7fc0
8a7b7fc0
8a7c7fc0
8a7d7fc0
8a7e7fc0
8a7f7fc0
8a807fc0
8a817fc0
8a827fc0
8a837fc0
8a847fc0
8a857fc0
8a867fc0
8a877fc0
8a887fc0
8a897fc0
8a8a7fc0
8a8b7fc0
8a8c7fc0
8a8d7fc0
8a8e7fc0
8a8f7fc0
8a907fc0
8a917fc0
8a927fc0
8a937fc0
8a947fc0
8a957fc0
8a967fc0
8a977fc0
8a987fc0
8a997fc0
8a9a7fc0
8a9b7fc0
8a9c7fc0
8a9d7fc0
8a9e7fc0
8a9f7fc0
8aa07fc0
8aa17fc0
8aa27fc0
8aa37fc0
8aa47fc0
8aa57fc0
8aa67fc0
8aa77fc0
8aa87fc0
8aa97fc0
8aaa7fc0
8aab7fc0
8aac7fc0
8aad7fc0
8aae7fc0
8aaf7fc0
8ab07fc0
8ab17fc0
8ab27fc0
8ab37fc0
8ab47fc0
8ab57fc0
8ab67fc0
8ab77fc0
8ab87fc0
8ab97fc0
8aba7fc0
8abb7fc0
8abc7fc0
8abd7fc0
8abe7fc0
8abf7fc0
8ac07fc0
8ac17fc0
8ac27fc0
8ac37fc0
8ac47fc0
8ac57fc0
8ac67fc0
8ac77fc0
8ac87fc0
8ac97fc0
8aca7fc0
8acb7fc0
8acc7fc0
8acd7fc0
8ace7fc0
8acf7fc0
8ad07fc0
8ad17fc0
8ad27fc0
8ad37fc0
8ad47fc0
8ad57fc0
8ad67fc0
8ad77fc0
8ad87fc0
8ad97fc0
8ada7fc0
8adb7fc0
8adc7fc0
8add7fc0
8ade7fc0
8adf7fc0
8ae07fc0
8ae17fc0
8ae27fc0
8ae37fc0
8ae47fc0
8ae57fc0
8ae67fc0
8ae77fc0
8ae87fc0
8ae97fc0
8aea7fc0
8aeb7fc0
8aec7fc0
8aed7fc0
8aee7fc0
8aef7fc0
8af07fc0
8af17fc0
8af27fc0
8af37fc0
8af47fc0
8af57fc0
8af67fc0
8af77fc0
8af87fc0
8af97fc0
8afa7fc0
8afb7fc0
8afc7fc0
8afd7fc0
8afe7fc0
8aff7fc0
8b007fc0
8b017fc0
8b027fc0
8b037fc0
8b047fc0
8b057fc0
8b067fc0
8b077fc0
8b087fc0
8b097fc0
8b0a7fc0
8b0b7fc0
8b0c7fc0
8b0d7fc0
8b0e7fc0
8b0f7fc0
8b107fc0
8b117fc0
8b127fc0
8b137fc0
8b147fc0
8b157fc0
8b167fc0
8b177fc0
8b187fc0
8b197fc0
8b1a7fc0
8b1b7fc0
8b1c7fc0
8b1d7fc0
8b1e7fc0
8b1f7fc0
8b207fc0
8b217fc0
8b227fc0
8b237fc0
8b247fc0
8b257fc0
8b267fc0
8b277fc0
8b287fc0
8b297fc0
8b2a7fc0
8b2b7fc0
8b2c7fc0
8b2d7fc0
8b2e7fc0
8b2f7fc0
8b307fc0
8b317fc0
8b327fc0
8b337fc0
8b347fc0
8b357fc0
8b367fc0
8b377fc0
8b387fc0
8b397fc0
8b3a7fc0
8b3b7fc0
8b3c7fc0
8b3d7fc0
8b3e7fc0
8b3f7fc0
8b407fc0
8b417fc0
8b427fc0
8b437fc0
8b447fc0
8b457fc0
8b467fc0
8b477fc0
8b487fc0
8b497fc0
8b4a7fc0
8b4b7fc0
8b4c7fc0
8b4d7fc0
8b4e7fc0
8b4f7fc0
8b507fc0
8b517fc0
8b527fc0
8b537fc0
8b547fc0
8b557fc0
8b567fc0
8b577fc0
8b587fc0
8b597fc0
8b5a7fc0
8b5b7fc0
8b5c7fc0
8b5d7fc0
8b5e7fc0
8b5f7fc0
8b607fc0
8b617fc0
8b627fc0
8b637fc0
8b647fc0
8b657fc0
8b667fc0
8b677fc0
8b687fc0
8b697fc0
8b6a7fc0
8b6b7fc0
8b6c7fc0
8b6d7fc0
8b6e7fc0
8b6f7fc0
8b707fc0
8b717fc0
8b727fc0
8b737fc0
8b747fc0
8b757fc0
8b767fc0
8b777fc0
8b787fc0
8b797fc0
8b7a7fc0
8b7b7fc0
8b7c7fc0
8b7d7fc0
8b7e7fc0
8b7f7fc0
8b807fc0
8b817fc0
8b827fc0
8b837fc0
8b847fc0
8b857fc0
8b867fc0
8b877fc0
8b887fc0
8b897fc0
8b8a7fc0
8b8b7fc0
8b8c7fc0
8b8d7fc0
8b8e7fc0
8b8f7fc0
8b907fc0
8b917fc0
8b927fc0
8b937fc0
8b947fc0
8b957fc0
8b967fc0
8b977fc0
8b987fc0
8b997fc0
8b9a7fc0
8b9b7fc0
8b9c7fc0
8b9d7fc0
8b9e7fc0
8b9f7fc0
8ba07fc0
8ba17fc0
8ba27fc0
8ba37fc0
8ba47fc0
8ba57fc0
8ba67fc0
8ba77fc0
8ba87fc0
8ba97fc0
8baa7fc0
8bab7fc0
8bac7fc0
8bad7fc0
8bae7fc0
8baf7fc0
8bb07fc0
8bb17fc0
8bb27fc0
8bb37fc0
8bb47fc0
8bb57fc0
8bb67fc0
8bb77fc0
8bb87fc0
8bb97fc0
8bba7fc0
8bbb7fc0
8bbc7fc0
8bbd7fc0
8bbe7fc0
8bbf7fc0
8bc07fc0
8bc17fc0
8bc27fc0
8bc37fc0
8bc47fc0
8bc57fc0
8bc67fc0
8bc77fc0
8bc87fc0
8bc97fc0
8bca7fc0
8bcb7fc0
8bcc7fc0
8bcd7fc0
8bce7fc0
8bcf7fc0
8bd07fc0
8bd17fc0
8bd27fc0
8bd37fc0
8bd47fc0
8bd57fc0
8bd67fc0
8bd77fc0
8bd87fc0
8bd97fc0
8bda7fc0
8bdb7fc0
8bdc7fc0
8bdd7fc0
8bde7fc0
8bdf7fc0
8be07fc0
8be17fc0
8be27fc0
8be37fc0
8be47fc0
8be57fc0
8be67fc0
8be77fc0
8be87fc0
8be97fc0
8bea7fc0
8beb7fc0
8bec7fc0
8bed7fc0
8bee7fc0
8bef7fc0
8bf07fc0
8bf17fc0
8bf27fc0
8bf37fc0
8bf47fc0
8bf57fc0
8bf67fc0
8bf77fc0
8bf87fc0
8bf97fc0
8bfa7fc0
8bfb7fc0
8bfc7fc0
8bfd7fc0
8bfe7fc0
8bff7fc0
8c007fc0
8c017fc0
8c027fc0
8c037fc0
8c047fc0
8c057fc0
8c067fc0
8c077fc0
8c087fc0
8c097fc0
8c0a7fc0
8c0b7fc0
8c0c7fc0
8c0d7fc0
8c0e7fc0
8c0f7fc0
8c107fc0
8c117fc0
8c127fc0
8c137fc0
8c147fc0
8c157fc0
8c167fc0
8c177fc0
8c187fc0
8c197fc0
8c1a7fc0
8c1b7fc0
8c1c7fc0
8c1d7fc0
8c1e7fc0
8c1f7fc0
8c207fc0
8c217fc0
8c227fc0
8c237fc0
8c247fc0
8c257fc0
8c267fc0
8c277fc0
8c287fc0
8c297fc0
8c2a7fc0
8c2b7fc0
8c2c7fc0
8c2d7fc0
8c2e7fc0
8c2f7fc0
8c307fc0
8c317fc0
8c327fc0
8c337fc0
8c347fc0
8c357fc0
8c367fc0
8c377fc0
8c387fc0
8c397fc0
8c3a7fc0
8c3b7fc0
8c3c7fc0
8c3d7fc0
8c3e7fc0
8c3f7fc0
8c407fc0
8c417fc0
8c427fc0
8c437fc0
8c447fc0
8c457fc0
8c467fc0
8c477fc0
8c487fc0
8c497fc0
8c4a7fc0
8c4b7fc0
8c4c7fc0
8c4d7fc0
8c4e7fc0
8c4f7fc0
8c507fc0
8c517fc0
8c527fc0
8c537fc0
8c547fc0
8c557fc0
8c567fc0
8c577fc0
8c587fc0
8c597fc0
8c5a7fc0
8c5b7fc0
8c5c7fc0
8c5d7fc0
8c5e7fc0
8c5f7fc0
8c607fc0
8c617fc0
8c627fc0
8c637fc0
8c647fc0
8c657fc0
8c667fc0
8c677fc0
8c687fc0
8c697fc0
8c6a7fc0
8c6b7fc0
8c6c7fc0
8c6d7fc0
8c6e7fc0
8c6f7fc0
8c707fc0
8c717fc0
8c727fc0
8c737fc0
8c747fc0
8c757fc0
8c767fc0
8c777fc0
8c787fc0
8c797fc0
8c7a7fc0
8c7b7fc0
8c7c7fc0
8c7d7fc0
8c7e7fc0
8c7f7fc0
8c807fc0
8c817fc0
8c827fc0
8c837fc0
8c847fc0
8c857fc0
8c867fc0
8c877fc0
8c887fc0
8c897fc0
8c8a7fc0
8c8b7fc0
8c8c7fc0
8c8d7fc0
8c8e7fc0
8c8f7fc0
8c907fc0
8c917fc0
8c927fc0
8c937fc0
8c947fc0
8c957fc0
8c967fc0
8c977fc0
8c987fc0
8c997fc0
8c9a7fc0
8c9b7fc0
8c9c7fc0
8c9d7fc0
8c9e7fc0
8c9f7fc0
8ca07fc0
8ca17fc0
8ca27fc0
8ca37fc0
8ca47fc0
8ca57fc0
8ca67fc0
8ca77fc0
8ca87fc0
8ca97fc0
8caa7fc0
8cab7fc0
8cac7fc0
8cad7fc0
8cae7fc0
8caf7fc0
8cb07fc0
8cb17fc0
8cb27fc0
8cb37fc0
8cb47fc0
8cb57fc0
8cb67fc0
8cb77fc0
8cb87fc0
8cb97fc0
8cba7fc0
8cbb7fc0
8cbc7fc0
8cbd7fc0
8cbe7fc0
8cbf7fc0
8cc07fc0
8cc17fc0
8cc27fc0
8cc37fc0
8cc47fc0
8cc57fc0
8cc67fc0
8cc77fc0
8cc87fc0
8cc97fc0
8cca7fc0
8ccb7fc0
8ccc7fc0
8ccd7fc0
8cce7fc0
8ccf7fc0
8cd07fc0
8cd17fc0
8cd27fc0
8cd37fc0
8cd47fc0
8cd57fc0
8cd67fc0
8cd77fc0
8cd87fc0
8cd97fc0
8cda7fc0
8cdb7fc0
8cdc7fc0
8cdd7fc0
8cde7fc0
8cdf7fc0
8ce07fc0
8ce17fc0
8ce27fc0
8ce37fc0
8ce47fc0
8ce57fc0
8ce67fc0
8ce77fc0
8ce87fc0
8ce97fc0
8cea7fc0
8ceb7fc0
8cec7fc0
8ced7fc0
8cee7fc0
8cef7fc0
8cf07fc0
8cf17fc0
8cf27fc0
8cf37fc0
8cf47fc0
8cf57fc0
8cf67fc0
8cf77fc0
8cf87fc0
8cf97fc0
8cfa7fc0
8cfb7fc0
8cfc7fc0
8cfd7fc0
8cfe7fc0
8cff7fc0
8d007fc0
8d017fc0
8d027fc0
8d037fc0
8d047fc0
8d057fc0
8d067fc0
8d077fc0
8d087fc0
8d097fc0
8d0a7fc0
8d0b7fc0
8d0c7fc0
8d0d7fc0
8d0e7fc0
8d0f7fc0
8d107fc0
8d117fc0
8d127fc0
8d137fc0
8d147fc0
8d157fc0
8d167fc0
8d177fc0
8d187fc0
8d197fc0
8d1a7fc0
8d1b7fc0
8d1c7fc0
8d1d7fc0
8d1e7fc0
8d1f7fc0
8d207fc0
8d217fc0
8d227fc0
8d237fc0
8d247fc0
8d257fc0
8d267fc0
8d277fc0
8d287fc0
8d297fc0
8d2a7fc0
8d2b7fc0
8d2c7fc0
8d2d7fc0
8d2e7fc0
8d2f7fc0
8d307fc0
8d317fc0
8d327fc0
8d337fc0
8d347fc0
8d357fc0
8d367fc0
8d377fc0
8d387fc0
8d397fc0
8d3a7fc0
8d3b7fc0
8d3c7fc0
8d3d7fc0
8d3e7fc0
8d3f7fc0
8d407fc0
8d417fc0
8d427fc0
8d437fc0
8d447fc0
8d457fc0
8d467fc0
8d477fc0
8d487fc0
8d497fc0
8d4a7fc0
8d4b7fc0
8d4c7fc0
8d4d7fc0
8d4e7fc0
8d4f7fc0
8d507fc0
8d517fc0
8d527fc0
8d537fc0
8d547fc0
8d557fc0
8d567fc0
8d577fc0
8d587fc0
8d597fc0
8d5a7fc0
8d5b7fc0
8d5c7fc0
8d5d7fc0
8d5e7fc0
8d5f7fc0
8d607fc0
8d617fc0
8d627fc0
8d637fc0
8d647fc0
8d657fc0
8d667fc0
8d677fc0
8d687fc0
8d697fc0
8d6a7fc0
8d6b7fc0
8d6c7fc0
8d6d7fc0
8d6e7fc0
8d6f7fc0
8d707fc0
8d717fc0
8d727fc0
8d737fc0
8d747fc0
8d757fc0
8d767fc0
8d777fc0
8d787fc0
8d797fc0
8d7a7fc0
8d7b7fc0
8d7c7fc0
8d7d7fc0
8d7e7fc0
8d7f7fc0
8d807fc0
8d817fc0
8d827fc0
8d837fc0
8d847fc0
8d857fc0
8d867fc0
8d877fc0
8d887fc0
8d897fc0
8d8a7fc0
8d8b7fc0
8d8c7fc0
8d8d7fc0
8d8e7fc0
8d8f7fc0
8d907fc0
8d917fc0
8d927fc0
8d937fc0
8d947fc0
8d957fc0
8d967fc0
8d977fc0
8d987fc0
8d997fc0
8d9a7fc0
8d9b7fc0
8d9c7fc0
8d9d7fc0
8d9e7fc0
8d9f7fc0
8da07fc0
8da17fc0
8da27fc0
8da37fc0
8da47fc0
8da57fc0
8da67fc0
8da77fc0
8da87fc0
8da97fc0
8daa7fc0
8dab7fc0
8dac7fc0
8dad7fc0
8dae7fc0
8daf7fc0
8db07fc0
8db17fc0
8db27fc0
8db37fc0
8db47fc0
8db57fc0
8db67fc0
8db77fc0
8db87fc0
8db97fc0
8dba7fc0
8dbb7fc0
8dbc7fc0
8dbd7fc0
8dbe7fc0
8dbf7fc0
8dc07fc0
8dc17fc0
8dc27fc0
8dc37fc0
8dc47fc0
8dc57fc0
8dc67fc0
8dc77fc0
8dc87fc0
8dc97fc0
8dca7fc0
8dcb7fc0
8dcc7fc0
8dcd7fc0
8dce7fc0
8dcf7fc0
8dd07fc0
8dd17fc0
8dd27fc0
8dd37fc0
8dd47fc0
8dd57fc0
8dd67fc0
8dd77fc0
8dd87fc0
8dd97fc0
8dda7fc0
8ddb7fc0
8ddc7fc0
8ddd7fc0
8dde7fc0
8ddf7fc0
8de07fc0
8de17fc0
8de27fc0
8de37fc0
8de47fc0
8de57fc0
8de67fc0
8de77fc0
8de87fc0
8de97fc0
8dea7fc0
8deb7fc0
8dec7fc0
8ded7fc0
8dee7fc0
8def7fc0
8df07fc0
8df17fc0
8df27fc0
8df37fc0
8df47fc0
8df57fc0
8df67fc0
8df77fc0
8df87fc0
8df97fc0
8dfa7fc0
8dfb7fc0
8dfc7fc0
8dfd7fc0
8dfe7fc0
8dff7fc0
8e007fc0
8e017fc0
8e027fc0
8e037fc0
8e047fc0
8e057fc0
8e067fc0
8e077fc0
8e087fc0
8e097fc0
8e0a7fc0
8e0b7fc0
8e0c7fc0
8e0d7fc0
8e0e7fc0
8e0f7fc0
8e107fc0
8e117fc0
8e127fc0
8e137fc0
8e147fc0
8e157fc0
8e167fc0
8e177fc0
8e187fc0
8e197fc0
8e1a7fc0
8e1b7fc0
8e1c7fc0
8e1d7fc0
8e1e7fc0
8e1f7fc0
8e207fc0
8e217fc0
8e227fc0
8e237fc0
8e247fc0
8e257fc0
8e267fc0
8e277fc0
8e287fc0
8e297fc0
8e2a7fc0
8e2b7fc0
8e2c7fc0
8e2d7fc0
8e2e7fc0
8e2f7fc0
8e307fc0
8e317fc0
8e327fc0
8e337fc0
8e347fc0
8e357fc0
8e367fc0
8e377fc0
8e387fc0
8e397fc0
8e3a7fc0
8e3b7fc0
8e3c7fc0
8e3d7fc0
8e3e7fc0
8e3f7fc0
8e407fc0
8e417fc0
8e427fc0
8e437fc0
8e447fc0
8e457fc0
8e467fc0
8e477fc0
8e487fc0
8e497fc0
8e4a7fc0
8e4b7fc0
8e4c7fc0
8e4d7fc0
8e4e7fc0
8e4f7fc0
8e507fc0
8e517fc0
8e527fc0
8e537fc0
8e547fc0
8e557fc0
8e567fc0
8e577fc0
8e587fc0
8e597fc0
8e5a7fc0
8e5b7fc0
8e5c7fc0
8e5d7fc0
8e5e7fc0
8e5f7fc0
8e607fc0
8e617fc0
8e627fc0
8e637fc0
8e647fc0
8e657fc0
8e667fc0
8e677fc0
8e687fc0
8e697fc0
8e6a7fc0
8e6b7fc0
8e6c7fc0
8e6d7fc0
8e6e7fc0
8e6f7fc0
8e707fc0
8e717fc0
8e727fc0
8e737fc0
8e747fc0
8e757fc0
8e767fc0
8e777fc0
8e787fc0
8e797fc0
8e7a7fc0
8e7b7fc0
8e7c7fc0
8e7d7fc0
8e7e7fc0
8e7f7fc0
8e807fc0
8e817fc0
8e827fc0
8e837fc0
8e847fc0
8e857fc0
8e867fc0
8e877fc0
8e887fc0
8e897fc0
8e8a7fc0
8e8b7fc0
8e8c7fc0
8e8d7fc0
8e8e7fc0
8e8f7fc0
8e907fc0
8e917fc0
8e927fc0
8e937fc0
8e947fc0
8e957fc0
8e967fc0
8e977fc0
8e987fc0
8e997fc0
8e9a7fc0
8e9b7fc0
8e9c7fc0
8e9d7fc0
8e9e7fc0
8e9f7fc0
8ea07fc0
8ea17fc0
8ea27fc0
8ea37fc0
8ea47fc0
8ea57fc0
8ea67fc0
8ea77fc0
8ea87fc0
8ea97fc0
8eaa7fc0
8eab7fc0
8eac7fc0
8ead7fc0
8eae7fc0
8eaf7fc0
8eb07fc0
8eb17fc0
8eb27fc0
8eb37fc0
8eb47fc0
8eb57fc0
8eb67fc0
8eb77fc0
8eb87fc0
8eb97fc0
8eba7fc0
8ebb7fc0
8ebc7fc0
8ebd7fc0
8ebe7fc0
8ebf7fc0
8ec07fc0
8ec17fc0
8ec27fc0
8ec37fc0
8ec47fc0
8ec57fc0
8ec67fc0
8ec77fc0
8ec87fc0
8ec97fc0
8eca7fc0
8ecb7fc0
8ecc7fc0
8ecd7fc0
8ece7fc0
8ecf7fc0
8ed07fc0
8ed17fc0
8ed27fc0
8ed37fc0
8ed47fc0
8ed57fc0
8ed67fc0
8ed77fc0
8ed87fc0
8ed97fc0
8eda7fc0
8edb7fc0
8edc7fc0
8edd7fc0
8ede7fc0
8edf7fc0
8ee07fc0
8ee17fc0
8ee27fc0
8ee37fc0
8ee47fc0
8ee57fc0
8ee67fc0
8ee77fc0
8ee87fc0
8ee97fc0
8eea7fc0
8eeb7fc0
8eec7fc0
8eed7fc0
8eee7fc0
8eef7fc0
8ef07fc0
8ef17fc0
8ef27fc0
8ef37fc0
8ef47fc0
8ef57fc0
8ef67fc0
8ef77fc0
8ef87fc0
8ef97fc0
8efa7fc0
8efb7fc0
8efc7fc0
8efd7fc0
8efe7fc0
8eff7fc0
8f007fc0
8f017fc0
8f027fc0
8f037fc0
8f047fc0
8f057fc0
8f067fc0
8f077fc0
8f087fc0
8f097fc0
8f0a7fc0
8f0b7fc0
8f0c7fc0
8f0d7fc0
8f0e7fc0
8f0f7fc0
8f107fc0
8f117fc0
8f127fc0
8f137fc0
8f147fc0
8f157fc0
8f167fc0
8f177fc0
8f187fc0
8f197fc0
8f1a7fc0
8f1b7fc0
8f1c7fc0
8f1d7fc0
8f1e7fc0
8f1f7fc0
8f207fc0
8f217fc0
8f227fc0
8f237fc0
8f247fc0
8f257fc0
8f267fc0
8f277fc0
8f287fc0
8f297fc0
8f2a7fc0
8f2b7fc0
8f2c7fc0
8f2d7fc0
8f2e7fc0
8f2f7fc0
8f307fc0
8f317fc0
8f327fc0
8f337fc0
8f347fc0
8f357fc0
8f367fc0
8f377fc0
8f387fc0
8f397fc0
8f3a7fc0
8f3b7fc0
8f3c7fc0
8f3d7fc0
8f3e7fc0
8f3f7fc0
8f407fc0
8f417fc0
8f427fc0
8f437fc0
8f447fc0
8f457fc0
8f467fc0
8f477fc0
8f487fc0
8f497fc0
8f4a7fc0
8f4b7fc0
8f4c7fc0
8f4d7fc0
8f4e7fc0
8f4f7fc0
8f507fc0
8f517fc0
8f527fc0
8f537fc0
8f547fc0
8f557fc0
8f567fc0
8f577fc0
8f587fc0
8f597fc0
8f5a7fc0
8f5b7fc0
8f5c7fc0
8f5d7fc0
8f5e7fc0
8f5f7fc0
8f607fc0
8f617fc0
8f627fc0
8f637fc0
8f647fc0
8f657fc0
8f667fc0
8f677fc0
8f687fc0
8f697fc0
8f6a7fc0
8f6b7fc0
8f6c7fc0
8f6d7fc0
8f6e7fc0
8f6f7fc0
8f707fc0
8f717fc0
8f727fc0
8f737fc0
8f747fc0
8f757fc0
8f767fc0
8f777fc0
8f787fc0
8f797fc0
8f7a7fc0
8f7b7fc0
8f7c7fc0
8f7d7fc0
8f7e7fc0
8f7f7fc0
8f807fc0
8f817fc0
8f827fc0
8f837fc0
8f847fc0
8f857fc0
8f867fc0
8f877fc0
8f887fc0
8f897fc0
8f8a7fc0
8f8b7fc0
8f8c7fc0
8f8d7fc0
8f8e7fc0
8f8f7fc0
8f907fc0
8f917fc0
8f927fc0
8f937fc0
8f947fc0
8f957fc0
8f967fc0
8f977fc0
8f987fc0
8f997fc0
8f9a7fc0
8f9b7fc0
8f9c7fc0
8f9d7fc0
8f9e7fc0
8f9f7fc0
8fa07fc0
8fa17fc0
8fa27fc0
8fa37fc0
8fa47fc0
8fa57fc0
8fa67fc0
8fa77fc0
8fa87fc0
8fa97fc0
8faa7fc0
8fab7fc0
8fac7fc0
8fad7fc0
8fae7fc0
8faf7fc0
8fb07fc0
8fb17fc0
8fb27fc0
8fb37fc0
8fb47fc0
8fb57fc0
8fb67fc0
8fb77fc0
8fb87fc0
8fb97fc0
8fba7fc0
8fbb7fc0
8fbc7fc0
8fbd7fc0
8fbe7fc0
8fbf7fc0
8fc07fc0
8fc17fc0
8fc27fc0
8fc37fc0
8fc47fc0
8fc57fc0
8fc67fc0
8fc77fc0
8fc87fc0
8fc97fc0
8fca7fc0
8fcb7fc0
8fcc7fc0
8fcd7fc0
8fce7fc0
8fcf7fc0
8fd07fc0
8fd17fc0
8fd27fc0
8fd37fc0
8fd47fc0
8fd57fc0
8fd67fc0
8fd77fc0
8fd87fc0
8fd97fc0
8fda7fc0
8fdb7fc0
8fdc7fc0
8fdd7fc0
8fde7fc0
8fdf7fc0
8fe07fc0
8fe17fc0
8fe27fc0
8fe37fc0
8fe47fc0
8fe57fc0
8fe67fc0
8fe77fc0
8fe87fc0
8fe97fc0
8fea7fc0
8feb7fc0
8fec7fc0
8fed7fc0
8fee7fc0
8fef7fc0
8ff07fc0
8ff17fc0
8ff27fc0
8ff37fc0
8ff47fc0
8ff57fc0
8ff67fc0
8ff77fc0
8ff87fc0
8ff97fc0
8ffa7fc0
8ffb7fc0
8ffc7fc0
8ffd7fc0
8ffe7fc0
8fff7fc0
90007fc0
90017fc0
90027fc0
90037fc0
90047fc0
90057fc0
90067fc0
90077fc0
90087fc0
90097fc0
900a7fc0
900b7fc0
900c7fc0
900d7fc0
900e7fc0
900f7fc0
90107fc0
90117fc0
90127fc0
90137fc0
90147fc0
90157fc0
90167fc0
90177fc0
90187fc0
90197fc0
901a7fc0
901b7fc0
901c7fc0
901d7fc0
901e7fc0
901f7fc0
90207fc0
90217fc0
90227fc0
90237fc0
90247fc0
90257fc0
90267fc0
90277fc0
90287fc0
90297fc0
902a7fc0
902b7fc0
902c7fc0
902d7fc0
902e7fc0
902f7fc0
90307fc0
90317fc0
90327fc0
90337fc0
90347fc0
90357fc0
90367fc0
90377fc0
90387fc0
90397fc0
903a7fc0
903b7fc0
903c7fc0
903d7fc0
903e7fc0
903f7fc0
90407fc0
90417fc0
90427fc0
90437fc0
90447fc0
90457fc0
90467fc0
90477fc0
90487fc0
90497fc0
904a7fc0
904b7fc0
904c7fc0
904d7fc0
904e7fc0
904f7fc0
90507fc0
90517fc0
90527fc0
90537fc0
90547fc0
90557fc0
90567fc0
90577fc0
90587fc0
90597fc0
905a7fc0
905b7fc0
905c7fc0
905d7fc0
905e7fc0
905f7fc0
90607fc0
90617fc0
90627fc0
90637fc0
90647fc0
90657fc0
90667fc0
90677fc0
90687fc0
90697fc0
906a7fc0
906b7fc0
906c7fc0
906d7fc0
906e7fc0
906f7fc0
90707fc0
90717fc0
90727fc0
90737fc0
90747fc0
90757fc0
90767fc0
90777fc0
90787fc0
90797fc0
907a7fc0
907b7fc0
907c7fc0
907d7fc0
907e7fc0
907f7fc0
90807fc0
90817fc0
90827fc0
90837fc0
90847fc0
90857fc0
90867fc0
90877fc0
90887fc0
90897fc0
908a7fc0
908b7fc0
908c7fc0
908d7fc0
908e7fc0
908f7fc0
90907fc0
90917fc0
90927fc0
90937fc0
90947fc0
90957fc0
90967fc0
90977fc0
90987fc0
90997fc0
909a7fc0
909b7fc0
909c7fc0
909d7fc0
909e7fc0
909f7fc0
90a07fc0
90a17fc0
90a27fc0
90a37fc0
90a47fc0
90a57fc0
90a67fc0
90a77fc0
90a87fc0
90a97fc0
90aa7fc0
90ab7fc0
90ac7fc0
90ad7fc0
90ae7fc0
90af7fc0
90b07fc0
90b17fc0
90b27fc0
90b37fc0
90b47fc0
90b57fc0
90b67fc0
90b77fc0
90b87fc0
90b97fc0
90ba7fc0
90bb7fc0
90bc7fc0
90bd7fc0
90be7fc0
90bf7fc0
90c07fc0
90c17fc0
90c27fc0
90c37fc0
90c47fc0
90c57fc0
90c67fc0
90c77fc0
90c87fc0
90c97fc0
90ca7fc0
90cb7fc0
90cc7fc0
90cd7fc0
90ce7fc0
90cf7fc0
90d07fc0
90d17fc0
90d27fc0
90d37fc0
90d47fc0
90d57fc0
90d67fc0
90d77fc0
90d87fc0
90d97fc0
90da7fc0
90db7fc0
90dc7fc0
90dd7fc0
90de7fc0
90df7fc0
90e07fc0
90e17fc0
90e27fc0
90e37fc0
90e47fc0
90e57fc0
90e67fc0
90e77fc0
90e87fc0
90e97fc0
90ea7fc0
90eb7fc0
90ec7fc0
90ed7fc0
90ee7fc0
90ef7fc0
90f07fc0
90f17fc0
90f27fc0
90f37fc0
90f47fc0
90f57fc0
90f67fc0
90f77fc0
90f87fc0
90f97fc0
90fa7fc0
90fb7fc0
90fc7fc0
90fd7fc0
90fe7fc0
90ff7fc0
91007fc0
91017fc0
91027fc0
91037fc0
91047fc0
91057fc0
91067fc0
91077fc0
91087fc0
91097fc0
910a7fc0
910b7fc0
910c7fc0
910d7fc0
910e7fc0
910f7fc0
91107fc0
91117fc0
91127fc0
91137fc0
91147fc0
91157fc0
91167fc0
91177fc0
91187fc0
91197fc0
911a7fc0
911b7fc0
911c7fc0
911d7fc0
911e7fc0
911f7fc0
91207fc0
91217fc0
91227fc0
91237fc0
91247fc0
91257fc0
91267fc0
91277fc0
91287fc0
91297fc0
912a7fc0
912b7fc0
912c7fc0
912d7fc0
912e7fc0
912f7fc0
91307fc0
91317fc0
91327fc0
91337fc0
91347fc0
91357fc0
91367fc0
91377fc0
91387fc0
91397fc0
913a7fc0
913b7fc0
913c7fc0
913d7fc0
913e7fc0
913f7fc0
91407fc0
91417fc0
91427fc0
91437fc0
91447fc0
91457fc0
91467fc0
91477fc0
91487fc0
91497fc0
914a7fc0
914b7fc0
914c7fc0
914d7fc0
914e7fc0
914f7fc0
91507fc0
91517fc0
91527fc0
91537fc0
91547fc0
91557fc0
91567fc0
91577fc0
91587fc0
91597fc0
915a7fc0
915b7fc0
915c7fc0
915d7fc0
915e7fc0
915f7fc0
91607fc0
91617fc0
91627fc0
91637fc0
91647fc0
91657fc0
91667fc0
91677fc0
91687fc0
91697fc0
916a7fc0
916b7fc0
916c7fc0
916d7fc0
916e7fc0
916f7fc0
91707fc0
91717fc0
91727fc0
91737fc0
91747fc0
91757fc0
91767fc0
91777fc0
91787fc0
91797fc0
917a7fc0
917b7fc0
917c7fc0
917d7fc0
917e7fc0
917f7fc0
91807fc0
91817fc0
91827fc0
91837fc0
91847fc0
91857fc0
91867fc0
91877fc0
91887fc0
91897fc0
918a7fc0
918b7fc0
918c7fc0
918d7fc0
918e7fc0
918f7fc0
91907fc0
91917fc0
91927fc0
91937fc0
91947fc0
91957fc0
91967fc0
91977fc0
91987fc0
91997fc0
919a7fc0
919b7fc0
919c7fc0
919d7fc0
919e7fc0
919f7fc0
91a07fc0
91a17fc0
91a27fc0
91a37fc0
91a47fc0
91a57fc0
91a67fc0
91a77fc0
91a87fc0
91a97fc0
91aa7fc0
91ab7fc0
91ac7fc0
91ad7fc0
91ae7fc0
91af7fc0
91b07fc0
91b17fc0
91b27fc0
91b37fc0
91b47fc0
91b57fc0
91b67fc0
91b77fc0
91b87fc0
91b97fc0
91ba7fc0
91bb7fc0
91bc7fc0
91bd7fc0
91be7fc0
91bf7fc0
91c07fc0
91c17fc0
91c27fc0
91c37fc0
91c47fc0
91c57fc0
91c67fc0
91c77fc0
91c87fc0
91c97fc0
91ca7fc0
91cb7fc0
91cc7fc0
91cd7fc0
91ce7fc0
91cf7fc0
91d07fc0
91d17fc0
91d27fc0
91d37fc0
91d47fc0
91d57fc0
91d67fc0
91d77fc0
91d87fc0
91d97fc0
91da7fc0
91db7fc0
91dc7fc0
91dd7fc0
91de7fc0
91df7fc0
91e07fc0
91e17fc0
91e27fc0
91e37fc0
91e47fc0
91e57fc0
91e67fc0
91e77fc0
91e87fc0
91e97fc0
91ea7fc0
91eb7fc0
91ec7fc0
91ed7fc0
91ee7fc0
91ef7fc0
91f07fc0
91f17fc0
91f27fc0
91f37fc0
91f47fc0
91f57fc0
91f67fc0
91f77fc0
91f87fc0
91f97fc0
91fa7fc0
91fb7fc0
91fc7fc0
91fd7fc0
91fe7fc0
91ff7fc0
92007fc0
92017fc0
92027fc0
92037fc0
92047fc0
92057fc0
92067fc0
92077fc0
92087fc0
92097fc0
920a7fc0
920b7fc0
920c7fc0
920d7fc0
920e7fc0
920f7fc0
92107fc0
92117fc0
92127fc0
92137fc0
92147fc0
92157fc0
92167fc0
92177fc0
92187fc0
92197fc0
921a7fc0
921b7fc0
921c7fc0
921d7fc0
921e7fc0
921f7fc0
92207fc0
92217fc0
92227fc0
92237fc0
92247fc0
92257fc0
92267fc0
92277fc0
92287fc0
92297fc0
922a7fc0
922b7fc0
922c7fc0
922d7fc0
922e7fc0
922f7fc0
92307fc0
92317fc0
92327fc0
92337fc0
92347fc0
92357fc0
92367fc0
92377fc0
92387fc0
92397fc0
923a7fc0
923b7fc0
923c7fc0
923d7fc0
923e7fc0
923f7fc0
92407fc0
92417fc0
92427fc0
92437fc0
92447fc0
92457fc0
92467fc0
92477fc0
92487fc0
92497fc0
924a7fc0
924b7fc0
924c7fc0
924d7fc0
924e7fc0
924f7fc0
92507fc0
92517fc0
92527fc0
92537fc0
92547fc0
92557fc0
92567fc0
92577fc0
92587fc0
92597fc0
925a7fc0
925b7fc0
925c7fc0
925d7fc0
925e7fc0
925f7fc0
92607fc0
92617fc0
92627fc0
92637fc0
92647fc0
92657fc0
92667fc0
92677fc0
92687fc0
92697fc0
926a7fc0
926b7fc0
926c7fc0
926d7fc0
926e7fc0
926f7fc0
92707fc0
92717fc0
92727fc0
92737fc0
92747fc0
92757fc0
92767fc0
92777fc0
92787fc0
92797fc0
927a7fc0
927b7fc0
927c7fc0
927d7fc0
927e7fc0
927f7fc0
92807fc0
92817fc0
92827fc0
92837fc0
92847fc0
92857fc0
92867fc0
92877fc0
92887fc0
92897fc0
928a7fc0
928b7fc0
928c7fc0
928d7fc0
928e7fc0
928f7fc0
92907fc0
92917fc0
92927fc0
92937fc0
92947fc0
92957fc0
92967fc0
92977fc0
92987fc0
92997fc0
929a7fc0
929b7fc0
929c7fc0
929d7fc0
929e7fc0
929f7fc0
92a07fc0
92a17fc0
92a27fc0
92a37fc0
92a47fc0
92a57fc0
92a67fc0
92a77fc0
92a87fc0
92a97fc0
92aa7fc0
92ab7fc0
92ac7fc0
92ad7fc0
92ae7fc0
92af7fc0
92b07fc0
92b17fc0
92b27fc0
92b37fc0
92b47fc0
92b57fc0
92b67fc0
92b77fc0
92b87fc0
92b97fc0
92ba7fc0
92bb7fc0
92bc7fc0
92bd7fc0
92be7fc0
92bf7fc0
92c07fc0
92c17fc0
92c27fc0
92c37fc0
92c47fc0
92c57fc0
92c67fc0
92c77fc0
92c87fc0
92c97fc0
92ca7fc0
92cb7fc0
92cc7fc0
92cd7fc0
92ce7fc0
92cf7fc0
92d07fc0
92d17fc0
92d27fc0
92d37fc0
92d47fc0
92d57fc0
92d67fc0
92d77fc0
92d87fc0
92d97fc0
92da7fc0
92db7fc0
92dc7fc0
92dd7fc0
92de7fc0
92df7fc0
92e07fc0
92e17fc0
92e27fc0
92e37fc0
92e47fc0
92e57fc0
92e67fc0
92e77fc0
92e87fc0
92e97fc0
92ea7fc0
92eb7fc0
92ec7fc0
92ed7fc0
92ee7fc0
92ef7fc0
92f07fc0
92f17fc0
92f27fc0
92f37fc0
92f47fc0
92f57fc0
92f67fc0
92f77fc0
92f87fc0
92f97fc0
92fa7fc0
92fb7fc0
92fc7fc0
92fd7fc0
92fe7fc0
92ff7fc0
93007fc0
93017fc0
93027fc0
93037fc0
93047fc0
93057fc0
93067fc0
93077fc0
93087fc0
93097fc0
930a7fc0
930b7fc0
930c7fc0
930d7fc0
930e7fc0
930f7fc0
93107fc0
93117fc0
93127fc0
93137fc0
93147fc0
93157fc0
93167fc0
93177fc0
93187fc0
93197fc0
931a7fc0
931b7fc0
931c7fc0
931d7fc0
931e7fc0
931f7fc0
93207fc0
93217fc0
93227fc0
93237fc0
93247fc0
93257fc0
93267fc0
93277fc0
93287fc0
93297fc0
932a7fc0
932b7fc0
932c7fc0
932d7fc0
932e7fc0
932f7fc0
93307fc0
93317fc0
93327fc0
93337fc0
93347fc0
93357fc0
93367fc0
93377fc0
93387fc0
93397fc0
933a7fc0
933b7fc0
933c7fc0
933d7fc0
933e7fc0
933f7fc0
93407fc0
93417fc0
93427fc0
93437fc0
93447fc0
93457fc0
93467fc0
93477fc0
93487fc0
93497fc0
934a7fc0
934b7fc0
934c7fc0
934d7fc0
934e7fc0
934f7fc0
93507fc0
93517fc0
93527fc0
93537fc0
93547fc0
93557fc0
93567fc0
93577fc0
93587fc0
93597fc0
935a7fc0
935b7fc0
935c7fc0
935d7fc0
935e7fc0
935f7fc0
93607fc0
93617fc0
93627fc0
93637fc0
93647fc0
93657fc0
93667fc0
93677fc0
93687fc0
93697fc0
936a7fc0
936b7fc0
936c7fc0
936d7fc0
936e7fc0
936f7fc0
93707fc0
93717fc0
93727fc0
93737fc0
93747fc0
93757fc0
93767fc0
93777fc0
93787fc0
93797fc0
937a7fc0
937b7fc0
937c7fc0
937d7fc0
937e7fc0
937f7fc0
93807fc0
93817fc0
93827fc0
93837fc0
93847fc0
93857fc0
93867fc0
93877fc0
93887fc0
93897fc0
938a7fc0
938b7fc0
938c7fc0
938d7fc0
938e7fc0
938f7fc0
93907fc0
93917fc0
93927fc0
93937fc0
93947fc0
93957fc0
93967fc0
93977fc0
93987fc0
93997fc0
939a7fc0
939b7fc0
939c7fc0
939d7fc0
939e7fc0
939f7fc0
93a07fc0
93a17fc0
93a27fc0
93a37fc0
93a47fc0
93a57fc0
93a67fc0
93a77fc0
93a87fc0
93a97fc0
93aa7fc0
93ab7fc0
93ac7fc0
93ad7fc0
93ae7fc0
93af7fc0
93b07fc0
93b17fc0
93b27fc0
93b37fc0
93b47fc0
93b57fc0
93b67fc0
93b77fc0
93b87fc0
93b97fc0
93ba7fc0
93bb7fc0
93bc7fc0
93bd7fc0
93be7fc0
93bf7fc0
93c07fc0
93c17fc0
93c27fc0
93c37fc0
93c47fc0
93c57fc0
93c67fc0
93c77fc0
93c87fc0
93c97fc0
93ca7fc0
93cb7fc0
93cc7fc0
93cd7fc0
93ce7fc0
93cf7fc0
93d07fc0
93d17fc0
93d27fc0
93d37fc0
93d47fc0
93d57fc0
93d67fc0
93d77fc0
93d87fc0
93d97fc0
93da7fc0
93db7fc0
93dc7fc0
93dd7fc0
93de7fc0
93df7fc0
93e07fc0
93e17fc0
93e27fc0
93e37fc0
93e47fc0
93e57fc0
93e67fc0
93e77fc0
93e87fc0
93e97fc0
93ea7fc0
93eb7fc0
93ec7fc0
93ed7fc0
93ee7fc0
93ef7fc0
93f07fc0
93f17fc0
93f27fc0
93f37fc0
93f47fc0
93f57fc0
93f67fc0
93f77fc0
93f87fc0
93f97fc0
93fa7fc0
93fb7fc0
93fc7fc0
93fd7fc0
93fe7fc0
93ff7fc0
94007fc0
94017fc0
94027fc0
94037fc0
94047fc0
94057fc0
94067fc0
94077fc0
94087fc0
94097fc0
940a7fc0
940b7fc0
940c7fc0
940d7fc0
940e7fc0
940f7fc0
94107fc0
94117fc0
94127fc0
94137fc0
94147fc0
94157fc0
94167fc0
94177fc0
94187fc0
94197fc0
941a7fc0
941b7fc0
941c7fc0
941d7fc0
941e7fc0
941f7fc0
94207fc0
94217fc0
94227fc0
94237fc0
94247fc0
94257fc0
94267fc0
94277fc0
94287fc0
94297fc0
942a7fc0
942b7fc0
942c7fc0
942d7fc0
942e7fc0
942f7fc0
94307fc0
94317fc0
94327fc0
94337fc0
94347fc0
94357fc0
94367fc0
94377fc0
94387fc0
94397fc0
943a7fc0
943b7fc0
943c7fc0
943d7fc0
943e7fc0
943f7fc0
94407fc0
94417fc0
94427fc0
94437fc0
94447fc0
94457fc0
94467fc0
94477fc0
94487fc0
94497fc0
944a7fc0
944b7fc0
944c7fc0
944d7fc0
944e7fc0
944f7fc0
94507fc0
94517fc0
94527fc0
94537fc0
94547fc0
94557fc0
94567fc0
94577fc0
94587fc0
94597fc0
945a7fc0
945b7fc0
945c7fc0
945d7fc0
945e7fc0
945f7fc0
94607fc0
94617fc0
94627fc0
94637fc0
94647fc0
94657fc0
94667fc0
94677fc0
94687fc0
94697fc0
946a7fc0
946b7fc0
946c7fc0
946d7fc0
946e7fc0
946f7fc0
94707fc0
94717fc0
94727fc0
94737fc0
94747fc0
94757fc0
94767fc0
94777fc0
94787fc0
94797fc0
947a7fc0
947b7fc0
947c7fc0
947d7fc0
947e7fc0
947f7fc0
94807fc0
94817fc0
94827fc0
94837fc0
94847fc0
94857fc0
94867fc0
94877fc0
94887fc0
94897fc0
948a7fc0
948b7fc0
948c7fc0
948d7fc0
948e7fc0
948f7fc0
94907fc0
94917fc0
94927fc0
94937fc0
94947fc0
94957fc0
94967fc0
94977fc0
94987fc0
94997fc0
949a7fc0
949b7fc0
949c7fc0
949d7fc0
949e7fc0
949f7fc0
94a07fc0
94a17fc0
94a27fc0
94a37fc0
94a47fc0
94a57fc0
94a67fc0
94a77fc0
94a87fc0
94a97fc0
94aa7fc0
94ab7fc0
94ac7fc0
94ad7fc0
94ae7fc0
94af7fc0
94b07fc0
94b17fc0
94b27fc0
94b37fc0
94b47fc0
94b57fc0
94b67fc0
94b77fc0
94b87fc0
94b97fc0
94ba7fc0
94bb7fc0
94bc7fc0
94bd7fc0
94be7fc0
94bf7fc0
94c07fc0
94c17fc0
94c27fc0
94c37fc0
94c47fc0
94c57fc0
94c67fc0
94c77fc0
94c87fc0
94c97fc0
94ca7fc0
94cb7fc0
94cc7fc0
94cd7fc0
94ce7fc0
94cf7fc0
94d07fc0
94d17fc0
94d27fc0
94d37fc0
94d47fc0
94d57fc0
94d67fc0
94d77fc0
94d87fc0
94d97fc0
94da7fc0
94db7fc0
94dc7fc0
94dd7fc0
94de7fc0
94df7fc0
94e07fc0
94e17fc0
94e27fc0
94e37fc0
94e47fc0
94e57fc0
94e67fc0
94e77fc0
94e87fc0
94e97fc0
94ea7fc0
94eb7fc0
94ec7fc0
94ed7fc0
94ee7fc0
94ef7fc0
94f07fc0
94f17fc0
94f27fc0
94f37fc0
94f47fc0
94f57fc0
94f67fc0
94f77fc0
94f87fc0
94f97fc0
94fa7fc0
94fb7fc0
94fc7fc0
94fd7fc0
94fe7fc0
94ff7fc0
95007fc0
95017fc0
95027fc0
95037fc0
95047fc0
95057fc0
95067fc0
95077fc0
95087fc0
95097fc0
950a7fc0
950b7fc0
950c7fc0
950d7fc0
950e7fc0
950f7fc0
95107fc0
95117fc0
95127fc0
95137fc0
95147fc0
95157fc0
95167fc0
95177fc0
95187fc0
95197fc0
951a7fc0
951b7fc0
951c7fc0
951d7fc0
951e7fc0
951f7fc0
95207fc0
95217fc0
95227fc0
95237fc0
95247fc0
95257fc0
95267fc0
95277fc0
95287fc0
95297fc0
952a7fc0
952b7fc0
952c7fc0
952d7fc0
952e7fc0
952f7fc0
95307fc0
95317fc0
95327fc0
95337fc0
95347fc0
95357fc0
95367fc0
95377fc0
95387fc0
95397fc0
953a7fc0
953b7fc0
953c7fc0
953d7fc0
953e7fc0
953f7fc0
95407fc0
95417fc0
95427fc0
95437fc0
95447fc0
95457fc0
95467fc0
95477fc0
95487fc0
95497fc0
954a7fc0
954b7fc0
954c7fc0
954d7fc0
954e7fc0
954f7fc0
95507fc0
95517fc0
95527fc0
95537fc0
95547fc0
95557fc0
95567fc0
95577fc0
95587fc0
95597fc0
955a7fc0
955b7fc0
955c7fc0
955d7fc0
955e7fc0
955f7fc0
95607fc0
95617fc0
95627fc0
95637fc0
95647fc0
95657fc0
95667fc0
95677fc0
95687fc0
95697fc0
956a7fc0
956b7fc0
956c7fc0
956d7fc0
956e7fc0
956f7fc0
95707fc0
95717fc0
95727fc0
95737fc0
95747fc0
95757fc0
95767fc0
95777fc0
95787fc0
95797fc0
957a7fc0
957b7fc0
957c7fc0
957d7fc0
957e7fc0
957f7fc0
95807fc0
95817fc0
95827fc0
95837fc0
95847fc0
95857fc0
95867fc0
95877fc0
95887fc0
95897fc0
958a7fc0
958b7fc0
958c7fc0
958d7fc0
958e7fc0
958f7fc0
95907fc0
95917fc0
95927fc0
95937fc0
95947fc0
95957fc0
95967fc0
95977fc0
95987fc0
95997fc0
959a7fc0
959b7fc0
959c7fc0
959d7fc0
959e7fc0
959f7fc0
95a07fc0
95a17fc0
95a27fc0
95a37fc0
95a47fc0
95a57fc0
95a67fc0
95a77fc0
95a87fc0
95a97fc0
95aa7fc0
95ab7fc0
95ac7fc0
95ad7fc0
95ae7fc0
95af7fc0
95b07fc0
95b17fc0
95b27fc0
95b37fc0
95b47fc0
95b57fc0
95b67fc0
95b77fc0
95b87fc0
95b97fc0
95ba7fc0
95bb7fc0
95bc7fc0
95bd7fc0
95be7fc0
95bf7fc0
95c07fc0
95c17fc0
95c27fc0
95c37fc0
95c47fc0
95c57fc0
95c67fc0
95c77fc0
95c87fc0
95c97fc0
95ca7fc0
95cb7fc0
95cc7fc0
95cd7fc0
95ce7fc0
95cf7fc0
95d07fc0
95d17fc0
95d27fc0
95d37fc0
95d47fc0
95d57fc0
95d67fc0
95d77fc0
95d87fc0
95d97fc0
95da7fc0
95db7fc0
95dc7fc0
95dd7fc0
95de7fc0
95df7fc0
95e07fc0
95e17fc0
95e27fc0
95e37fc0
95e47fc0
95e57fc0
95e67fc0
95e77fc0
95e87fc0
95e97fc0
95ea7fc0
95eb7fc0
95ec7fc0
95ed7fc0
95ee7fc0
95ef7fc0
95f07fc0
95f17fc0
95f27fc0
95f37fc0
95f47fc0
95f57fc0
95f67fc0
95f77fc0
95f87fc0
95f97fc0
95fa7fc0
95fb7fc0
95fc7fc0
95fd7fc0
95fe7fc0
95ff7fc0
96007fc0
96017fc0
96027fc0
96037fc0
96047fc0
96057fc0
96067fc0
96077fc0
96087fc0
96097fc0
960a7fc0
960b7fc0
960c7fc0
960d7fc0
960e7fc0
960f7fc0
96107fc0
96117fc0
96127fc0
96137fc0
96147fc0
96157fc0
96167fc0
96177fc0
96187fc0
96197fc0
961a7fc0
961b7fc0
961c7fc0
961d7fc0
961e7fc0
961f7fc0
96207fc0
96217fc0
96227fc0
96237fc0
96247fc0
96257fc0
96267fc0
96277fc0
96287fc0
96297fc0
962a7fc0
962b7fc0
962c7fc0
962d7fc0
962e7fc0
962f7fc0
96307fc0
96317fc0
96327fc0
96337fc0
96347fc0
96357fc0
96367fc0
96377fc0
96387fc0
96397fc0
963a7fc0
963b7fc0
963c7fc0
963d7fc0
963e7fc0
963f7fc0
96407fc0
96417fc0
96427fc0
96437fc0
96447fc0
96457fc0
96467fc0
96477fc0
96487fc0
96497fc0
964a7fc0
964b7fc0
964c7fc0
964d7fc0
964e7fc0
964f7fc0
96507fc0
96517fc0
96527fc0
96537fc0
96547fc0
96557fc0
96567fc0
96577fc0
96587fc0
96597fc0
965a7fc0
965b7fc0
965c7fc0
965d7fc0
965e7fc0
965f7fc0
96607fc0
96617fc0
96627fc0
96637fc0
96647fc0
96657fc0
96667fc0
96677fc0
96687fc0
96697fc0
966a7fc0
966b7fc0
966c7fc0
966d7fc0
966e7fc0
966f7fc0
96707fc0
96717fc0
96727fc0
96737fc0
96747fc0
96757fc0
96767fc0
96777fc0
96787fc0
96797fc0
967a7fc0
967b7fc0
967c7fc0
967d7fc0
967e7fc0
967f7fc0
96807fc0
96817fc0
96827fc0
96837fc0
96847fc0
96857fc0
96867fc0
96877fc0
96887fc0
96897fc0
968a7fc0
968b7fc0
968c7fc0
968d7fc0
968e7fc0
968f7fc0
96907fc0
96917fc0
96927fc0
96937fc0
96947fc0
96957fc0
96967fc0
96977fc0
96987fc0
96997fc0
969a7fc0
969b7fc0
969c7fc0
969d7fc0
969e7fc0
969f7fc0
96a07fc0
96a17fc0
96a27fc0
96a37fc0
96a47fc0
96a57fc0
96a67fc0
96a77fc0
96a87fc0
96a97fc0
96aa7fc0
96ab7fc0
96ac7fc0
96ad7fc0
96ae7fc0
96af7fc0
96b07fc0
96b17fc0
96b27fc0
96b37fc0
96b47fc0
96b57fc0
96b67fc0
96b77fc0
96b87fc0
96b97fc0
96ba7fc0
96bb7fc0
96bc7fc0
96bd7fc0
96be7fc0
96bf7fc0
96c07fc0
96c17fc0
96c27fc0
96c37fc0
96c47fc0
96c57fc0
96c67fc0
96c77fc0
96c87fc0
96c97fc0
96ca7fc0
96cb7fc0
96cc7fc0
96cd7fc0
96ce7fc0
96cf7fc0
96d07fc0
96d17fc0
96d27fc0
96d37fc0
96d47fc0
96d57fc0
96d67fc0
96d77fc0
96d87fc0
96d97fc0
96da7fc0
96db7fc0
96dc7fc0
96dd7fc0
96de7fc0
96df7fc0
96e07fc0
96e17fc0
96e27fc0
96e37fc0
96e47fc0
96e57fc0
96e67fc0
96e77fc0
96e87fc0
96e97fc0
96ea7fc0
96eb7fc0
96ec7fc0
96ed7fc0
96ee7fc0
96ef7fc0
96f07fc0
96f17fc0
96f27fc0
96f37fc0
96f47fc0
96f57fc0
96f67fc0
96f77fc0
96f87fc0
96f97fc0
96fa7fc0
96fb7fc0
96fc7fc0
96fd7fc0
96fe7fc0
96ff7fc0
97007fc0
97017fc0
97027fc0
97037fc0
97047fc0
97057fc0
97067fc0
97077fc0
97087fc0
97097fc0
970a7fc0
970b7fc0
970c7fc0
970d7fc0
970e7fc0
970f7fc0
97107fc0
97117fc0
97127fc0
97137fc0
97147fc0
97157fc0
97167fc0
97177fc0
97187fc0
97197fc0
971a7fc0
971b7fc0
971c7fc0
971d7fc0
971e7fc0
971f7fc0
97207fc0
97217fc0
97227fc0
97237fc0
97247fc0
97257fc0
97267fc0
97277fc0
97287fc0
97297fc0
972a7fc0
972b7fc0
972c7fc0
972d7fc0
972e7fc0
972f7fc0
97307fc0
97317fc0
97327fc0
97337fc0
97347fc0
97357fc0
97367fc0
97377fc0
97387fc0
97397fc0
973a7fc0
973b7fc0
973c7fc0
973d7fc0
973e7fc0
973f7fc0
97407fc0
97417fc0
97427fc0
97437fc0
97447fc0
97457fc0
97467fc0
97477fc0
97487fc0
97497fc0
974a7fc0
974b7fc0
974c7fc0
974d7fc0
974e7fc0
974f7fc0
97507fc0
97517fc0
97527fc0
97537fc0
97547fc0
97557fc0
97567fc0
97577fc0
97587fc0
97597fc0
975a7fc0
975b7fc0
975c7fc0
975d7fc0
975e7fc0
975f7fc0
97607fc0
97617fc0
97627fc0
97637fc0
97647fc0
97657fc0
97667fc0
97677fc0
97687fc0
97697fc0
976a7fc0
976b7fc0
976c7fc0
976d7fc0
976e7fc0
976f7fc0
97707fc0
97717fc0
97727fc0
97737fc0
97747fc0
97757fc0
97767fc0
97777fc0
97787fc0
97797fc0
977a7fc0
977b7fc0
977c7fc0
977d7fc0
977e7fc0
977f7fc0
97807fc0
97817fc0
97827fc0
97837fc0
97847fc0
97857fc0
97867fc0
97877fc0
97887fc0
97897fc0
978a7fc0
978b7fc0
978c7fc0
978d7fc0
978e7fc0
978f7fc0
97907fc0
97917fc0
97927fc0
97937fc0
97947fc0
97957fc0
97967fc0
97977fc0
97987fc0
97997fc0
979a7fc0
979b7fc0
979c7fc0
979d7fc0
979e7fc0
979f7fc0
97a07fc0
97a17fc0
97a27fc0
97a37fc0
97a47fc0
97a57fc0
97a67fc0
97a77fc0
97a87fc0
97a97fc0
97aa7fc0
97ab7fc0
97ac7fc0
97ad7fc0
97ae7fc0
97af7fc0
97b07fc0
97b17fc0
97b27fc0
97b37fc0
97b47fc0
97b57fc0
97b67fc0
97b77fc0
97b87fc0
97b97fc0
97ba7fc0
97bb7fc0
97bc7fc0
97bd7fc0
97be7fc0
97bf7fc0
97c07fc0
97c17fc0
97c27fc0
97c37fc0
97c47fc0
97c57fc0
97c67fc0
97c77fc0
97c87fc0
97c97fc0
97ca7fc0
97cb7fc0
97cc7fc0
97cd7fc0
97ce7fc0
97cf7fc0
97d07fc0
97d17fc0
97d27fc0
97d37fc0
97d47fc0
97d57fc0
97d67fc0
97d77fc0
97d87fc0
97d97fc0
97da7fc0
97db7fc0
97dc7fc0
97dd7fc0
97de7fc0
97df7fc0
97e07fc0
97e17fc0
97e27fc0
97e37fc0
97e47fc0
97e57fc0
97e67fc0
97e77fc0
97e87fc0
97e97fc0
97ea7fc0
97eb7fc0
97ec7fc0
97ed7fc0
97ee7fc0
97ef7fc0
97f07fc0
97f17fc0
97f27fc0
97f37fc0
97f47fc0
97f57fc0
97f67fc0
97f77fc0
97f87fc0
97f97fc0
97fa7fc0
97fb7fc0
97fc7fc0
97fd7fc0
97fe7fc0
97ff7fc0
98007fc0
98017fc0
98027fc0
98037fc0
98047fc0
98057fc0
98067fc0
98077fc0
98087fc0
98097fc0
980a7fc0
980b7fc0
980c7fc0
980d7fc0
980e7fc0
980f7fc0
98107fc0
98117fc0
98127fc0
98137fc0
98147fc0
98157fc0
98167fc0
98177fc0
98187fc0
98197fc0
981a7fc0
981b7fc0
981c7fc0
981d7fc0
981e7fc0
981f7fc0
98207fc0
98217fc0
98227fc0
98237fc0
98247fc0
98257fc0
98267fc0
98277fc0
98287fc0
98297fc0
982a7fc0
982b7fc0
982c7fc0
982d7fc0
982e7fc0
982f7fc0
98307fc0
98317fc0
98327fc0
98337fc0
98347fc0
98357fc0
98367fc0
98377fc0
98387fc0
98397fc0
983a7fc0
983b7fc0
983c7fc0
983d7fc0
983e7fc0
983f7fc0
98407fc0
98417fc0
98427fc0
98437fc0
98447fc0
98457fc0
98467fc0
98477fc0
98487fc0
98497fc0
984a7fc0
984b7fc0
984c7fc0
984d7fc0
984e7fc0
984f7fc0
98507fc0
98517fc0
98527fc0
98537fc0
98547fc0
98557fc0
98567fc0
98577fc0
98587fc0
98597fc0
985a7fc0
985b7fc0
985c7fc0
985d7fc0
985e7fc0
985f7fc0
98607fc0
98617fc0
98627fc0
98637fc0
98647fc0
98657fc0
98667fc0
98677fc0
98687fc0
98697fc0
986a7fc0
986b7fc0
986c7fc0
986d7fc0
986e7fc0
986f7fc0
98707fc0
98717fc0
98727fc0
98737fc0
98747fc0
98757fc0
98767fc0
98777fc0
98787fc0
98797fc0
987a7fc0
987b7fc0
987c7fc0
987d7fc0
987e7fc0
987f7fc0
98807fc0
98817fc0
98827fc0
98837fc0
98847fc0
98857fc0
98867fc0
98877fc0
98887fc0
98897fc0
988a7fc0
988b7fc0
988c7fc0
988d7fc0
988e7fc0
988f7fc0
98907fc0
98917fc0
98927fc0
98937fc0
98947fc0
98957fc0
98967fc0
98977fc0
98987fc0
98997fc0
989a7fc0
989b7fc0
989c7fc0
989d7fc0
989e7fc0
989f7fc0
98a07fc0
98a17fc0
98a27fc0
98a37fc0
98a47fc0
98a57fc0
98a67fc0
98a77fc0
98a87fc0
98a97fc0
98aa7fc0
98ab7fc0
98ac7fc0
98ad7fc0
98ae7fc0
98af7fc0
98b07fc0
98b17fc0
98b27fc0
98b37fc0
98b47fc0
98b57fc0
98b67fc0
98b77fc0
98b87fc0
98b97fc0
98ba7fc0
98bb7fc0
98bc7fc0
98bd7fc0
98be7fc0
98bf7fc0
98c07fc0
98c17fc0
98c27fc0
98c37fc0
98c47fc0
98c57fc0
98c67fc0
98c77fc0
98c87fc0
98c97fc0
98ca7fc0
98cb7fc0
98cc7fc0
98cd7fc0
98ce7fc0
98cf7fc0
98d07fc0
98d17fc0
98d27fc0
98d37fc0
98d47fc0
98d57fc0
98d67fc0
98d77fc0
98d87fc0
98d97fc0
98da7fc0
98db7fc0
98dc7fc0
98dd7fc0
98de7fc0
98df7fc0
98e07fc0
98e17fc0
98e27fc0
98e37fc0
98e47fc0
98e57fc0
98e67fc0
98e77fc0
98e87fc0
98e97fc0
98ea7fc0
98eb7fc0
98ec7fc0
98ed7fc0
98ee7fc0
98ef7fc0
98f07fc0
98f17fc0
98f27fc0
98f37fc0
98f47fc0
98f57fc0
98f67fc0
98f77fc0
98f87fc0
98f97fc0
98fa7fc0
98fb7fc0
98fc7fc0
98fd7fc0
98fe7fc0
98ff7fc0
99007fc0
99017fc0
99027fc0
99037fc0
99047fc0
99057fc0
99067fc0
99077fc0
99087fc0
99097fc0
990a7fc0
990b7fc0
990c7fc0
990d7fc0
990e7fc0
990f7fc0
99107fc0
99117fc0
99127fc0
99137fc0
99147fc0
99157fc0
99167fc0
99177fc0
99187fc0
99197fc0
991a7fc0
991b7fc0
991c7fc0
991d7fc0
991e7fc0
991f7fc0
99207fc0
99217fc0
99227fc0
99237fc0
99247fc0
99257fc0
99267fc0
99277fc0
99287fc0
99297fc0
992a7fc0
992b7fc0
992c7fc0
992d7fc0
992e7fc0
992f7fc0
99307fc0
99317fc0
99327fc0
99337fc0
99347fc0
99357fc0
99367fc0
99377fc0
99387fc0
99397fc0
993a7fc0
993b7fc0
993c7fc0
993d7fc0
993e7fc0
993f7fc0
99407fc0
99417fc0
99427fc0
99437fc0
99447fc0
99457fc0
99467fc0
99477fc0
99487fc0
99497fc0
994a7fc0
994b7fc0
994c7fc0
994d7fc0
994e7fc0
994f7fc0
99507fc0
99517fc0
99527fc0
99537fc0
99547fc0
99557fc0
99567fc0
99577fc0
99587fc0
99597fc0
995a7fc0
995b7fc0
995c7fc0
995d7fc0
995e7fc0
995f7fc0
99607fc0
99617fc0
99627fc0
99637fc0
99647fc0
99657fc0
99667fc0
99677fc0
99687fc0
99697fc0
996a7fc0
996b7fc0
996c7fc0
996d7fc0
996e7fc0
996f7fc0
99707fc0
99717fc0
99727fc0
99737fc0
99747fc0
99757fc0
99767fc0
99777fc0
99787fc0
99797fc0
997a7fc0
997b7fc0
997c7fc0
997d7fc0
997e7fc0
997f7fc0
99807fc0
99817fc0
99827fc0
99837fc0
99847fc0
99857fc0
99867fc0
99877fc0
99887fc0
99897fc0
998a7fc0
998b7fc0
998c7fc0
998d7fc0
998e7fc0
998f7fc0
99907fc0
99917fc0
99927fc0
99937fc0
99947fc0
99957fc0
99967fc0
99977fc0
99987fc0
99997fc0
999a7fc0
999b7fc0
999c7fc0
999d7fc0
999e7fc0
999f7fc0
99a07fc0
99a17fc0
99a27fc0
99a37fc0
99a47fc0
99a57fc0
99a67fc0
99a77fc0
99a87fc0
99a97fc0
99aa7fc0
99ab7fc0
99ac7fc0
99ad7fc0
99ae7fc0
99af7fc0
99b07fc0
99b17fc0
99b27fc0
99b37fc0
99b47fc0
99b57fc0
99b67fc0
99b77fc0
99b87fc0
99b97fc0
99ba7fc0
99bb7fc0
99bc7fc0
99bd7fc0
99be7fc0
99bf7fc0
99c07fc0
99c17fc0
99c27fc0
99c37fc0
99c47fc0
99c57fc0
99c67fc0
99c77fc0
99c87fc0
99c97fc0
99ca7fc0
99cb7fc0
99cc7fc0
99cd7fc0
99ce7fc0
99cf7fc0
99d07fc0
99d17fc0
99d27fc0
99d37fc0
99d47fc0
99d57fc0
99d67fc0
99d77fc0
99d87fc0
99d97fc0
99da7fc0
99db7fc0
99dc7fc0
99dd7fc0
99de7fc0
99df7fc0
99e07fc0
99e17fc0
99e27fc0
99e37fc0
99e47fc0
99e57fc0
99e67fc0
99e77fc0
99e87fc0
99e97fc0
99ea7fc0
99eb7fc0
99ec7fc0
99ed7fc0
99ee7fc0
99ef7fc0
99f07fc0
99f17fc0
99f27fc0
99f37fc0
99f47fc0
99f57fc0
99f67fc0
99f77fc0
99f87fc0
99f97fc0
99fa7fc0
99fb7fc0
99fc7fc0
99fd7fc0
99fe7fc0
99ff7fc0
9a007fc0
9a017fc0
9a027fc0
9a037fc0
9a047fc0
9a057fc0
9a067fc0
9a077fc0
9a087fc0
9a097fc0
9a0a7fc0
9a0b7fc0
9a0c7fc0
9a0d7fc0
9a0e7fc0
9a0f7fc0
9a107fc0
9a117fc0
9a127fc0
9a137fc0
9a147fc0
9a157fc0
9a167fc0
9a177fc0
9a187fc0
9a197fc0
9a1a7fc0
9a1b7fc0
9a1c7fc0
9a1d7fc0
9a1e7fc0
9a1f7fc0
9a207fc0
9a217fc0
9a227fc0
9a237fc0
9a247fc0
9a257fc0
9a267fc0
9a277fc0
9a287fc0
9a297fc0
9a2a7fc0
9a2b7fc0
9a2c7fc0
9a2d7fc0
9a2e7fc0
9a2f7fc0
9a307fc0
9a317fc0
9a327fc0
9a337fc0
9a347fc0
9a357fc0
9a367fc0
9a377fc0
9a387fc0
9a397fc0
9a3a7fc0
9a3b7fc0
9a3c7fc0
9a3d7fc0
9a3e7fc0
9a3f7fc0
9a407fc0
9a417fc0
9a427fc0
9a437fc0
9a447fc0
9a457fc0
9a467fc0
9a477fc0
9a487fc0
9a497fc0
9a4a7fc0
9a4b7fc0
9a4c7fc0
9a4d7fc0
9a4e7fc0
9a4f7fc0
9a507fc0
9a517fc0
9a527fc0
9a537fc0
9a547fc0
9a557fc0
9a567fc0
9a577fc0
9a587fc0
9a597fc0
9a5a7fc0
9a5b7fc0
9a5c7fc0
9a5d7fc0
9a5e7fc0
9a5f7fc0
9a607fc0
9a617fc0
9a627fc0
9a637fc0
9a647fc0
9a657fc0
9a667fc0
9a677fc0
9a687fc0
9a697fc0
9a6a7fc0
9a6b7fc0
9a6c7fc0
9a6d7fc0
9a6e7fc0
9a6f7fc0
9a707fc0
9a717fc0
9a727fc0
9a737fc0
9a747fc0
9a757fc0
9a767fc0
9a777fc0
9a787fc0
9a797fc0
9a7a7fc0
9a7b7fc0
9a7c7fc0
9a7d7fc0
9a7e7fc0
9a7f7fc0
9a807fc0
9a817fc0
9a827fc0
9a837fc0
9a847fc0
9a857fc0
9a867fc0
9a877fc0
9a887fc0
9a897fc0
9a8a7fc0
9a8b7fc0
9a8c7fc0
9a8d7fc0
9a8e7fc0
9a8f7fc0
9a907fc0
9a917fc0
9a927fc0
9a937fc0
9a947fc0
9a957fc0
9a967fc0
9a977fc0
9a987fc0
9a997fc0
9a9a7fc0
9a9b7fc0
9a9c7fc0
9a9d7fc0
9a9e7fc0
9a9f7fc0
9aa07fc0
9aa17fc0
9aa27fc0
9aa37fc0
9aa47fc0
9aa57fc0
9aa67fc0
9aa77fc0
9aa87fc0
9aa97fc0
9aaa7fc0
9aab7fc0
9aac7fc0
9aad7fc0
9aae7fc0
9aaf7fc0
9ab07fc0
9ab17fc0
9ab27fc0
9ab37fc0
9ab47fc0
9ab57fc0
9ab67fc0
9ab77fc0
9ab87fc0
9ab97fc0
9aba7fc0
9abb7fc0
9abc7fc0
9abd7fc0
9abe7fc0
9abf7fc0
9ac07fc0
9ac17fc0
9ac27fc0
9ac37fc0
9ac47fc0
9ac57fc0
9ac67fc0
9ac77fc0
9ac87fc0
9ac97fc0
9aca7fc0
9acb7fc0
9acc7fc0
9acd7fc0
9ace7fc0
9acf7fc0
9ad07fc0
9ad17fc0
9ad27fc0
9ad37fc0
9ad47fc0
9ad57fc0
9ad67fc0
9ad77fc0
9ad87fc0
9ad97fc0
9ada7fc0
9adb7fc0
9adc7fc0
9add7fc0
9ade7fc0
9adf7fc0
9ae07fc0
9ae17fc0
9ae27fc0
9ae37fc0
9ae47fc0
9ae57fc0
9ae67fc0
9ae77fc0
9ae87fc0
9ae97fc0
9aea7fc0
9aeb7fc0
9aec7fc0
9aed7fc0
9aee7fc0
9aef7fc0
9af07fc0
9af17fc0
9af27fc0
9af37fc0
9af47fc0
9af57fc0
9af67fc0
9af77fc0
9af87fc0
9af97fc0
9afa7fc0
9afb7fc0
9afc7fc0
9afd7fc0
9afe7fc0
9aff7fc0
9b007fc0
9b017fc0
9b027fc0
9b037fc0
9b047fc0
9b057fc0
9b067fc0
9b077fc0
9b087fc0
9b097fc0
9b0a7fc0
9b0b7fc0
9b0c7fc0
9b0d7fc0
9b0e7fc0
9b0f7fc0
9b107fc0
9b117fc0
9b127fc0
9b137fc0
9b147fc0
9b157fc0
9b167fc0
9b177fc0
9b187fc0
9b197fc0
9b1a7fc0
9b1b7fc0
9b1c7fc0
9b1d7fc0
9b1e7fc0
9b1f7fc0
9b207fc0
9b217fc0
9b227fc0
9b237fc0
9b247fc0
9b257fc0
9b267fc0
9b277fc0
9b287fc0
9b297fc0
9b2a7fc0
9b2b7fc0
9b2c7fc0
9b2d7fc0
9b2e7fc0
9b2f7fc0
9b307fc0
9b317fc0
9b327fc0
9b337fc0
9b347fc0
9b357fc0
9b367fc0
9b377fc0
9b387fc0
9b397fc0
9b3a7fc0
9b3b7fc0
9b3c7fc0
9b3d7fc0
9b3e7fc0
9b3f7fc0
9b407fc0
9b417fc0
9b427fc0
9b437fc0
9b447fc0
9b457fc0
9b467fc0
9b477fc0
9b487fc0
9b497fc0
9b4a7fc0
9b4b7fc0
9b4c7fc0
9b4d7fc0
9b4e7fc0
9b4f7fc0
9b507fc0
9b517fc0
9b527fc0
9b537fc0
9b547fc0
9b557fc0
9b567fc0
9b577fc0
9b587fc0
9b597fc0
9b5a7fc0
9b5b7fc0
9b5c7fc0
9b5d7fc0
9b5e7fc0
9b5f7fc0
9b607fc0
9b617fc0
9b627fc0
9b637fc0
9b647fc0
9b657fc0
9b667fc0
9b677fc0
9b687fc0
9b697fc0
9b6a7fc0
9b6b7fc0
9b6c7fc0
9b6d7fc0
9b6e7fc0
9b6f7fc0
9b707fc0
9b717fc0
9b727fc0
9b737fc0
9b747fc0
9b757fc0
9b767fc0
9b777fc0
9b787fc0
9b797fc0
9b7a7fc0
9b7b7fc0
9b7c7fc0
9b7d7fc0
9b7e7fc0
9b7f7fc0
9b807fc0
9b817fc0
9b827fc0
9b837fc0
9b847fc0
9b857fc0
9b867fc0
9b877fc0
9b887fc0
9b897fc0
9b8a7fc0
9b8b7fc0
9b8c7fc0
9b8d7fc0
9b8e7fc0
9b8f7fc0
9b907fc0
9b917fc0
9b927fc0
9b937fc0
9b947fc0
9b957fc0
9b967fc0
9b977fc0
9b987fc0
9b997fc0
9b9a7fc0
9b9b7fc0
9b9c7fc0
9b9d7fc0
9b9e7fc0
9b9f7fc0
9ba07fc0
9ba17fc0
9ba27fc0
9ba37fc0
9ba47fc0
9ba57fc0
9ba67fc0
9ba77fc0
9ba87fc0
9ba97fc0
9baa7fc0
9bab7fc0
9bac7fc0
9bad7fc0
9bae7fc0
9baf7fc0
9bb07fc0
9bb17fc0
9bb27fc0
9bb37fc0
9bb47fc0
9bb57fc0
9bb67fc0
9bb77fc0
9bb87fc0
9bb97fc0
9bba7fc0
9bbb7fc0
9bbc7fc0
9bbd7fc0
9bbe7fc0
9bbf7fc0
9bc07fc0
9bc17fc0
9bc27fc0
9bc37fc0
9bc47fc0
9bc57fc0
9bc67fc0
9bc77fc0
9bc87fc0
9bc97fc0
9bca7fc0
9bcb7fc0
9bcc7fc0
9bcd7fc0
9bce7fc0
9bcf7fc0
9bd07fc0
9bd17fc0
9bd27fc0
9bd37fc0
9bd47fc0
9bd57fc0
9bd67fc0
9bd77fc0
9bd87fc0
9bd97fc0
9bda7fc0
9bdb7fc0
9bdc7fc0
9bdd7fc0
9bde7fc0
9bdf7fc0
9be07fc0
9be17fc0
9be27fc0
9be37fc0
9be47fc0
9be57fc0
9be67fc0
9be77fc0
9be87fc0
9be97fc0
9bea7fc0
9beb7fc0
9bec7fc0
9bed7fc0
9bee7fc0
9bef7fc0
9bf07fc0
9bf17fc0
9bf27fc0
9bf37fc0
9bf47fc0
9bf57fc0
9bf67fc0
9bf77fc0
9bf87fc0
9bf97fc0
9bfa7fc0
9bfb7fc0
9bfc7fc0
9bfd7fc0
9bfe7fc0
9bff7fc0
9c007fc0
9c017fc0
9c027fc0
9c037fc0
9c047fc0
9c057fc0
9c067fc0
9c077fc0
9c087fc0
9c097fc0
9c0a7fc0
9c0b7fc0
9c0c7fc0
9c0d7fc0
9c0e7fc0
9c0f7fc0
9c107fc0
9c117fc0
9c127fc0
9c137fc0
9c147fc0
9c157fc0
9c167fc0
9c177fc0
9c187fc0
9c197fc0
9c1a7fc0
9c1b7fc0
9c1c7fc0
9c1d7fc0
9c1e7fc0
9c1f7fc0
9c207fc0
9c217fc0
9c227fc0
9c237fc0
9c247fc0
9c257fc0
9c267fc0
9c277fc0
9c287fc0
9c297fc0
9c2a7fc0
9c2b7fc0
9c2c7fc0
9c2d7fc0
9c2e7fc0
9c2f7fc0
9c307fc0
9c317fc0
9c327fc0
9c337fc0
9c347fc0
9c357fc0
9c367fc0
9c377fc0
9c387fc0
9c397fc0
9c3a7fc0
9c3b7fc0
9c3c7fc0
9c3d7fc0
9c3e7fc0
9c3f7fc0
9c407fc0
9c417fc0
9c427fc0
9c437fc0
9c447fc0
9c457fc0
9c467fc0
9c477fc0
9c487fc0
9c497fc0
9c4a7fc0
9c4b7fc0
9c4c7fc0
9c4d7fc0
9c4e7fc0
9c4f7fc0
9c507fc0
9c517fc0
9c527fc0
9c537fc0
9c547fc0
9c557fc0
9c567fc0
9c577fc0
9c587fc0
9c597fc0
9c5a7fc0
9c5b7fc0
9c5c7fc0
9c5d7fc0
9c5e7fc0
9c5f7fc0
9c607fc0
9c617fc0
9c627fc0
9c637fc0
9c647fc0
9c657fc0
9c667fc0
9c677fc0
9c687fc0
9c697fc0
9c6a7fc0
9c6b7fc0
9c6c7fc0
9c6d7fc0
9c6e7fc0
9c6f7fc0
9c707fc0
9c717fc0
9c727fc0
9c737fc0
9c747fc0
9c757fc0
9c767fc0
9c777fc0
9c787fc0
9c797fc0
9c7a7fc0
9c7b7fc0
9c7c7fc0
9c7d7fc0
9c7e7fc0
9c7f7fc0
9c807fc0
9c817fc0
9c827fc0
9c837fc0
9c847fc0
9c857fc0
9c867fc0
9c877fc0
9c887fc0
9c897fc0
9c8a7fc0
9c8b7fc0
9c8c7fc0
9c8d7fc0
9c8e7fc0
9c8f7fc0
9c907fc0
9c917fc0
9c927fc0
9c937fc0
9c947fc0
9c957fc0
9c967fc0
9c977fc0
9c987fc0
9c997fc0
9c9a7fc0
9c9b7fc0
9c9c7fc0
9c9d7fc0
9c9e7fc0
9c9f7fc0
9ca07fc0
9ca17fc0
9ca27fc0
9ca37fc0
9ca47fc0
9ca57fc0
9ca67fc0
9ca77fc0
9ca87fc0
9ca97fc0
9caa7fc0
9cab7fc0
9cac7fc0
9cad7fc0
9cae7fc0
9caf7fc0
9cb07fc0
9cb17fc0
9cb27fc0
9cb37fc0
9cb47fc0
9cb57fc0
9cb67fc0
9cb77fc0
9cb87fc0
9cb97fc0
9cba7fc0
9cbb7fc0
9cbc7fc0
9cbd7fc0
9cbe7fc0
9cbf7fc0
9cc07fc0
9cc17fc0
9cc27fc0
9cc37fc0
9cc47fc0
9cc57fc0
9cc67fc0
9cc77fc0
9cc87fc0
9cc97fc0
9cca7fc0
9ccb7fc0
9ccc7fc0
9ccd7fc0
9cce7fc0
9ccf7fc0
9cd07fc0
9cd17fc0
9cd27fc0
9cd37fc0
9cd47fc0
9cd57fc0
9cd67fc0
9cd77fc0
9cd87fc0
9cd97fc0
9cda7fc0
9cdb7fc0
9cdc7fc0
9cdd7fc0
9cde7fc0
9cdf7fc0
9ce07fc0
9ce17fc0
9ce27fc0
9ce37fc0
9ce47fc0
9ce57fc0
9ce67fc0
9ce77fc0
9ce87fc0
9ce97fc0
9cea7fc0
9ceb7fc0
9cec7fc0
9ced7fc0
9cee7fc0
9cef7fc0
9cf07fc0
9cf17fc0
9cf27fc0
9cf37fc0
9cf47fc0
9cf57fc0
9cf67fc0
9cf77fc0
9cf87fc0
9cf97fc0
9cfa7fc0
9cfb7fc0
9cfc7fc0
9cfd7fc0
9cfe7fc0
9cff7fc0
9d007fc0
9d017fc0
9d027fc0
9d037fc0
9d047fc0
9d057fc0
9d067fc0
9d077fc0
9d087fc0
9d097fc0
9d0a7fc0
9d0b7fc0
9d0c7fc0
9d0d7fc0
9d0e7fc0
9d0f7fc0
9d107fc0
9d117fc0
9d127fc0
9d137fc0
9d147fc0
9d157fc0
9d167fc0
9d177fc0
9d187fc0
9d197fc0
9d1a7fc0
9d1b7fc0
9d1c7fc0
9d1d7fc0
9d1e7fc0
9d1f7fc0
9d207fc0
9d217fc0
9d227fc0
9d237fc0
9d247fc0
9d257fc0
9d267fc0
9d277fc0
9d287fc0
9d297fc0
9d2a7fc0
9d2b7fc0
9d2c7fc0
9d2d7fc0
9d2e7fc0
9d2f7fc0
9d307fc0
9d317fc0
9d327fc0
9d337fc0
9d347fc0
9d357fc0
9d367fc0
9d377fc0
9d387fc0
9d397fc0
9d3a7fc0
9d3b7fc0
9d3c7fc0
9d3d7fc0
9d3e7fc0
9d3f7fc0
9d407fc0
9d417fc0
9d427fc0
9d437fc0
9d447fc0
9d457fc0
9d467fc0
9d477fc0
9d487fc0
9d497fc0
9d4a7fc0
9d4b7fc0
9d4c7fc0
9d4d7fc0
9d4e7fc0
9d4f7fc0
9d507fc0
9d517fc0
9d527fc0
9d537fc0
9d547fc0
9d557fc0
9d567fc0
9d577fc0
9d587fc0
9d597fc0
9d5a7fc0
9d5b7fc0
9d5c7fc0
9d5d7fc0
9d5e7fc0
9d5f7fc0
9d607fc0
9d617fc0
9d627fc0
9d637fc0
9d647fc0
9d657fc0
9d667fc0
9d677fc0
9d687fc0
9d697fc0
9d6a7fc0
9d6b7fc0
9d6c7fc0
9d6d7fc0
9d6e7fc0
9d6f7fc0
9d707fc0
9d717fc0
9d727fc0
9d737fc0
9d747fc0
9d757fc0
9d767fc0
9d777fc0
9d787fc0
9d797fc0
9d7a7fc0
9d7b7fc0
9d7c7fc0
9d7d7fc0
9d7e7fc0
9d7f7fc0
9d807fc0
9d817fc0
9d827fc0
9d837fc0
9d847fc0
9d857fc0
9d867fc0
9d877fc0
9d887fc0
9d897fc0
9d8a7fc0
9d8b7fc0
9d8c7fc0
9d8d7fc0
9d8e7fc0
9d8f7fc0
9d907fc0
9d917fc0
9d927fc0
9d937fc0
9d947fc0
9d957fc0
9d967fc0
9d977fc0
9d987fc0
9d997fc0
9d9a7fc0
9d9b7fc0
9d9c7fc0
9d9d7fc0
9d9e7fc0
9d9f7fc0
9da07fc0
9da17fc0
9da27fc0
9da37fc0
9da47fc0
9da57fc0
9da67fc0
9da77fc0
9da87fc0
9da97fc0
9daa7fc0
9dab7fc0
9dac7fc0
9dad7fc0
9dae7fc0
9daf7fc0
9db07fc0
9db17fc0
9db27fc0
9db37fc0
9db47fc0
9db57fc0
9db67fc0
9db77fc0
9db87fc0
9db97fc0
9dba7fc0
9dbb7fc0
9dbc7fc0
9dbd7fc0
9dbe7fc0
9dbf7fc0
9dc07fc0
9dc17fc0
9dc27fc0
9dc37fc0
9dc47fc0
9dc57fc0
9dc67fc0
9dc77fc0
9dc87fc0
9dc97fc0
9dca7fc0
9dcb7fc0
9dcc7fc0
9dcd7fc0
9dce7fc0
9dcf7fc0
9dd07fc0
9dd17fc0
9dd27fc0
9dd37fc0
9dd47fc0
9dd57fc0
9dd67fc0
9dd77fc0
9dd87fc0
9dd97fc0
9dda7fc0
9ddb7fc0
9ddc7fc0
9ddd7fc0
9dde7fc0
9ddf7fc0
9de07fc0
9de17fc0
9de27fc0
9de37fc0
9de47fc0
9de57fc0
9de67fc0
9de77fc0
9de87fc0
9de97fc0
9dea7fc0
9deb7fc0
9dec7fc0
9ded7fc0
9dee7fc0
9def7fc0
9df07fc0
9df17fc0
9df27fc0
9df37fc0
9df47fc0
9df57fc0
9df67fc0
9df77fc0
9df87fc0
9df97fc0
9dfa7fc0
9dfb7fc0
9dfc7fc0
9dfd7fc0
9dfe7fc0
9dff7fc0
9e007fc0
9e017fc0
9e027fc0
9e037fc0
9e047fc0
9e057fc0
9e067fc0
9e077fc0
9e087fc0
9e097fc0
9e0a7fc0
9e0b7fc0
9e0c7fc0
9e0d7fc0
9e0e7fc0
9e0f7fc0
9e107fc0
9e117fc0
9e127fc0
9e137fc0
9e147fc0
9e157fc0
9e167fc0
9e177fc0
9e187fc0
9e197fc0
9e1a7fc0
9e1b7fc0
9e1c7fc0
9e1d7fc0
9e1e7fc0
9e1f7fc0
9e207fc0
9e217fc0
9e227fc0
9e237fc0
9e247fc0
9e257fc0
9e267fc0
9e277fc0
9e287fc0
9e297fc0
9e2a7fc0
9e2b7fc0
9e2c7fc0
9e2d7fc0
9e2e7fc0
9e2f7fc0
9e307fc0
9e317fc0
9e327fc0
9e337fc0
9e347fc0
9e357fc0
9e367fc0
9e377fc0
9e387fc0
9e397fc0
9e3a7fc0
9e3b7fc0
9e3c7fc0
9e3d7fc0
9e3e7fc0
9e3f7fc0
9e407fc0
9e417fc0
9e427fc0
9e437fc0
9e447fc0
9e457fc0
9e467fc0
9e477fc0
9e487fc0
9e497fc0
9e4a7fc0
9e4b7fc0
9e4c7fc0
9e4d7fc0
9e4e7fc0
9e4f7fc0
9e507fc0
9e517fc0
9e527fc0
9e537fc0
9e547fc0
9e557fc0
9e567fc0
9e577fc0
9e587fc0
9e597fc0
9e5a7fc0
9e5b7fc0
9e5c7fc0
9e5d7fc0
9e5e7fc0
9e5f7fc0
9e607fc0
9e617fc0
9e627fc0
9e637fc0
9e647fc0
9e657fc0
9e667fc0
9e677fc0
9e687fc0
9e697fc0
9e6a7fc0
9e6b7fc0
9e6c7fc0
9e6d7fc0
9e6e7fc0
9e6f7fc0
9e707fc0
9e717fc0
9e727fc0
9e737fc0
9e747fc0
9e757fc0
9e767fc0
9e777fc0
9e787fc0
9e797fc0
9e7a7fc0
9e7b7fc0
9e7c7fc0
9e7d7fc0
9e7e7fc0
9e7f7fc0
9e807fc0
9e817fc0
9e827fc0
9e837fc0
9e847fc0
9e857fc0
9e867fc0
9e877fc0
9e887fc0
9e897fc0
9e8a7fc0
9e8b7fc0
9e8c7fc0
9e8d7fc0
9e8e7fc0
9e8f7fc0
9e907fc0
9e917fc0
9e927fc0
9e937fc0
9e947fc0
9e957fc0
9e967fc0
9e977fc0
9e987fc0
9e997fc0
9e9a7fc0
9e9b7fc0
9e9c7fc0
9e9d7fc0
9e9e7fc0
9e9f7fc0
9ea07fc0
9ea17fc0
9ea27fc0
9ea37fc0
9ea47fc0
9ea57fc0
9ea67fc0
9ea77fc0
9ea87fc0
9ea97fc0
9eaa7fc0
9eab7fc0
9eac7fc0
9ead7fc0
9eae7fc0
9eaf7fc0
9eb07fc0
9eb17fc0
9eb27fc0
9eb37fc0
9eb47fc0
9eb57fc0
9eb67fc0
9eb77fc0
9eb87fc0
9eb97fc0
9eba7fc0
9ebb7fc0
9ebc7fc0
9ebd7fc0
9ebe7fc0
9ebf7fc0
9ec07fc0
9ec17fc0
9ec27fc0
9ec37fc0
9ec47fc0
9ec57fc0
9ec67fc0
9ec77fc0
9ec87fc0
9ec97fc0
9eca7fc0
9ecb7fc0
9ecc7fc0
9ecd7fc0
9ece7fc0
9ecf7fc0
9ed07fc0
9ed17fc0
9ed27fc0
9ed37fc0
9ed47fc0
9ed57fc0
9ed67fc0
9ed77fc0
9ed87fc0
9ed97fc0
9eda7fc0
9edb7fc0
9edc7fc0
9edd7fc0
9ede7fc0
9edf7fc0
9ee07fc0
9ee17fc0
9ee27fc0
9ee37fc0
9ee47fc0
9ee57fc0
9ee67fc0
9ee77fc0
9ee87fc0
9ee97fc0
9eea7fc0
9eeb7fc0
9eec7fc0
9eed7fc0
9eee7fc0
9eef7fc0
9ef07fc0
9ef17fc0
9ef27fc0
9ef37fc0
9ef47fc0
9ef57fc0
9ef67fc0
9ef77fc0
9ef87fc0
9ef97fc0
9efa7fc0
9efb7fc0
9efc7fc0
9efd7fc0
9efe7fc0
9eff7fc0
9f007fc0
9f017fc0
9f027fc0
9f037fc0
9f047fc0
9f057fc0
9f067fc0
9f077fc0
9f087fc0
9f097fc0
9f0a7fc0
9f0b7fc0
9f0c7fc0
9f0d7fc0
9f0e7fc0
9f0f7fc0
9f107fc0
9f117fc0
9f127fc0
9f137fc0
9f147fc0
9f157fc0
9f167fc0
9f177fc0
9f187fc0
9f197fc0
9f1a7fc0
9f1b7fc0
9f1c7fc0
9f1d7fc0
9f1e7fc0
9f1f7fc0
9f207fc0
9f217fc0
9f227fc0
9f237fc0
9f247fc0
9f257fc0
9f267fc0
9f277fc0
9f287fc0
9f297fc0
9f2a7fc0
9f2b7fc0
9f2c7fc0
9f2d7fc0
9f2e7fc0
9f2f7fc0
9f307fc0
9f317fc0
9f327fc0
9f337fc0
9f347fc0
9f357fc0
9f367fc0
9f377fc0
9f387fc0
9f397fc0
9f3a7fc0
9f3b7fc0
9f3c7fc0
9f3d7fc0
9f3e7fc0
9f3f7fc0
9f407fc0
9f417fc0
9f427fc0
9f437fc0
9f447fc0
9f457fc0
9f467fc0
9f477fc0
9f487fc0
9f497fc0
9f4a7fc0
9f4b7fc0
9f4c7fc0
9f4d7fc0
9f4e7fc0
9f4f7fc0
9f507fc0
9f517fc0
9f527fc0
9f537fc0
9f547fc0
9f557fc0
9f567fc0
9f577fc0
9f587fc0
9f597fc0
9f5a7fc0
9f5b7fc0
9f5c7fc0
9f5d7fc0
9f5e7fc0
9f5f7fc0
9f607fc0
9f617fc0
9f627fc0
9f637fc0
9f647fc0
9f657fc0
9f667fc0
9f677fc0
9f687fc0
9f697fc0
9f6a7fc0
9f6b7fc0
9f6c7fc0
9f6d7fc0
9f6e7fc0
9f6f7fc0
9f707fc0
9f717fc0
9f727fc0
9f737fc0
9f747fc0
9f757fc0
9f767fc0
9f777fc0
9f787fc0
9f797fc0
9f7a7fc0
9f7b7fc0
9f7c7fc0
9f7d7fc0
9f7e7fc0
9f7f7fc0
9f807fc0
9f817fc0
9f827fc0
9f837fc0
9f847fc0
9f857fc0
9f867fc0
9f877fc0
9f887fc0
9f897fc0
9f8a7fc0
9f8b7fc0
9f8c7fc0
9f8d7fc0
9f8e7fc0
9f8f7fc0
9f907fc0
9f917fc0
9f927fc0
9f937fc0
9f947fc0
9f957fc0
9f967fc0
9f977fc0
9f987fc0
9f997fc0
9f9a7fc0
9f9b7fc0
9f9c7fc0
9f9d7fc0
9f9e7fc0
9f9f7fc0
9fa07fc0
9fa17fc0
9fa27fc0
9fa37fc0
9fa47fc0
9fa57fc0
9fa67fc0
9fa77fc0
9fa87fc0
9fa97fc0
9faa7fc0
9fab7fc0
9fac7fc0
9fad7fc0
9fae7fc0
9faf7fc0
9fb07fc0
9fb17fc0
9fb27fc0
9fb37fc0
9fb47fc0
9fb57fc0
9fb67fc0
9fb77fc0
9fb87fc0
9fb97fc0
9fba7fc0
9fbb7fc0
9fbc7fc0
9fbd7fc0
9fbe7fc0
9fbf7fc0
9fc07fc0
9fc17fc0
9fc27fc0
9fc37fc0
9fc47fc0
9fc57fc0
9fc67fc0
9fc77fc0
9fc87fc0
9fc97fc0
9fca7fc0
9fcb7fc0
9fcc7fc0
9fcd7fc0
9fce7fc0
9fcf7fc0
9fd07fc0
9fd17fc0
9fd27fc0
9fd37fc0
9fd47fc0
9fd57fc0
9fd67fc0
9fd77fc0
9fd87fc0
9fd97fc0
9fda7fc0
9fdb7fc0
9fdc7fc0
9fdd7fc0
9fde7fc0
9fdf7fc0
9fe07fc0
9fe17fc0
9fe27fc0
9fe37fc0
9fe47fc0
9fe57fc0
9fe67fc0
9fe77fc0
9fe87fc0
9fe97fc0
9fea7fc0
9feb7fc0
9fec7fc0
9fed7fc0
9fee7fc0
9fef7fc0
9ff07fc0
9ff17fc0
9ff27fc0
9ff37fc0
9ff47fc0
9ff57fc0
9ff67fc0
9ff77fc0
9ff87fc0
9ff97fc0
9ffa7fc0
9ffb7fc0
9ffc7fc0
9ffd7fc0
9ffe7fc0
9fff7fc0
a0007fc0
a0017fc0
a0027fc0
a0037fc0
a0047fc0
a0057fc0
a0067fc0
a0077fc0
a0087fc0
a0097fc0
a00a7fc0
a00b7fc0
a00c7fc0
a00d7fc0
a00e7fc0
a00f7fc0
a0107fc0
a0117fc0
a0127fc0
a0137fc0
a0147fc0
a0157fc0
a0167fc0
a0177fc0
a0187fc0
a0197fc0
a01a7fc0
a01b7fc0
a01c7fc0
a01d7fc0
a01e7fc0
a01f7fc0
a0207fc0
a0217fc0
a0227fc0
a0237fc0
a0247fc0
a0257fc0
a0267fc0
a0277fc0
a0287fc0
a0297fc0
a02a7fc0
a02b7fc0
a02c7fc0
a02d7fc0
a02e7fc0
a02f7fc0
a0307fc0
a0317fc0
a0327fc0
a0337fc0
a0347fc0
a0357fc0
a0367fc0
a0377fc0
a0387fc0
a0397fc0
a03a7fc0
a03b7fc0
a03c7fc0
a03d7fc0
a03e7fc0
a03f7fc0
a0407fc0
a0417fc0
a0427fc0
a0437fc0
a0447fc0
a0457fc0
a0467fc0
a0477fc0
a0487fc0
a0497fc0
a04a7fc0
a04b7fc0
a04c7fc0
a04d7fc0
a04e7fc0
a04f7fc0
a0507fc0
a0517fc0
a0527fc0
a0537fc0
a0547fc0
a0557fc0
a0567fc0
a0577fc0
a0587fc0
a0597fc0
a05a7fc0
a05b7fc0
a05c7fc0
a05d7fc0
a05e7fc0
a05f7fc0
a0607fc0
a0617fc0
a0627fc0
a0637fc0
a0647fc0
a0657fc0
a0667fc0
a0677fc0
a0687fc0
a0697fc0
a06a7fc0
a06b7fc0
a06c7fc0
a06d7fc0
a06e7fc0
a06f7fc0
a0707fc0
a0717fc0
a0727fc0
a0737fc0
a0747fc0
a0757fc0
a0767fc0
a0777fc0
a0787fc0
a0797fc0
a07a7fc0
a07b7fc0
a07c7fc0
a07d7fc0
a07e7fc0
a07f7fc0
a0807fc0
a0817fc0
a0827fc0
a0837fc0
a0847fc0
a0857fc0
a0867fc0
a0877fc0
a0887fc0
a0897fc0
a08a7fc0
a08b7fc0
a08c7fc0
a08d7fc0
a08e7fc0
a08f7fc0
a0907fc0
a0917fc0
a0927fc0
a0937fc0
a0947fc0
a0957fc0
a0967fc0
a0977fc0
a0987fc0
a0997fc0
a09a7fc0
a09b7fc0
a09c7fc0
a09d7fc0
a09e7fc0
a09f7fc0
a0a07fc0
a0a17fc0
a0a27fc0
a0a37fc0
a0a47fc0
a0a57fc0
a0a67fc0
a0a77fc0
a0a87fc0
a0a97fc0
a0aa7fc0
a0ab7fc0
a0ac7fc0
a0ad7fc0
a0ae7fc0
a0af7fc0
a0b07fc0
a0b17fc0
a0b27fc0
a0b37fc0
a0b47fc0
a0b57fc0
a0b67fc0
a0b77fc0
a0b87fc0
a0b97fc0
a0ba7fc0
a0bb7fc0
a0bc7fc0
a0bd7fc0
a0be7fc0
a0bf7fc0
a0c07fc0
a0c17fc0
a0c27fc0
a0c37fc0
a0c47fc0
a0c57fc0
a0c67fc0
a0c77fc0
a0c87fc0
a0c97fc0
a0ca7fc0
a0cb7fc0
a0cc7fc0
a0cd7fc0
a0ce7fc0
a0cf7fc0
a0d07fc0
a0d17fc0
a0d27fc0
a0d37fc0
a0d47fc0
a0d57fc0
a0d67fc0
a0d77fc0
a0d87fc0
a0d97fc0
a0da7fc0
a0db7fc0
a0dc7fc0
a0dd7fc0
a0de7fc0
a0df7fc0
a0e07fc0
a0e17fc0
a0e27fc0
a0e37fc0
a0e47fc0
a0e57fc0
a0e67fc0
a0e77fc0
a0e87fc0
a0e97fc0
a0ea7fc0
a0eb7fc0
a0ec7fc0
a0ed7fc0
a0ee7fc0
a0ef7fc0
a0f07fc0
a0f17fc0
a0f27fc0
a0f37fc0
a0f47fc0
a0f57fc0
a0f67fc0
a0f77fc0
a0f87fc0
a0f97fc0
a0fa7fc0
a0fb7fc0
a0fc7fc0
a0fd7fc0
a0fe7fc0
a0ff7fc0
a1007fc0
a1017fc0
a1027fc0
a1037fc0
a1047fc0
a1057fc0
a1067fc0
a1077fc0
a1087fc0
a1097fc0
a10a7fc0
a10b7fc0
a10c7fc0
a10d7fc0
a10e7fc0
a10f7fc0
a1107fc0
a1117fc0
a1127fc0
a1137fc0
a1147fc0
a1157fc0
a1167fc0
a1177fc0
a1187fc0
a1197fc0
a11a7fc0
a11b7fc0
a11c7fc0
a11d7fc0
a11e7fc0
a11f7fc0
a1207fc0
a1217fc0
a1227fc0
a1237fc0
a1247fc0
a1257fc0
a1267fc0
a1277fc0
a1287fc0
a1297fc0
a12a7fc0
a12b7fc0
a12c7fc0
a12d7fc0
a12e7fc0
a12f7fc0
a1307fc0
a1317fc0
a1327fc0
a1337fc0
a1347fc0
a1357fc0
a1367fc0
a1377fc0
a1387fc0
a1397fc0
a13a7fc0
a13b7fc0
a13c7fc0
a13d7fc0
a13e7fc0
a13f7fc0
a1407fc0
a1417fc0
a1427fc0
a1437fc0
a1447fc0
a1457fc0
a1467fc0
a1477fc0
a1487fc0
a1497fc0
a14a7fc0
a14b7fc0
a14c7fc0
a14d7fc0
a14e7fc0
a14f7fc0
a1507fc0
a1517fc0
a1527fc0
a1537fc0
a1547fc0
a1557fc0
a1567fc0
a1577fc0
a1587fc0
a1597fc0
a15a7fc0
a15b7fc0
a15c7fc0
a15d7fc0
a15e7fc0
a15f7fc0
a1607fc0
a1617fc0
a1627fc0
a1637fc0
a1647fc0
a1657fc0
a1667fc0
a1677fc0
a1687fc0
a1697fc0
a16a7fc0
a16b7fc0
a16c7fc0
a16d7fc0
a16e7fc0
a16f7fc0
a1707fc0
a1717fc0
a1727fc0
a1737fc0
a1747fc0
a1757fc0
a1767fc0
a1777fc0
a1787fc0
a1797fc0
a17a7fc0
a17b7fc0
a17c7fc0
a17d7fc0
a17e7fc0
a17f7fc0
a1807fc0
a1817fc0
a1827fc0
a1837fc0
a1847fc0
a1857fc0
a1867fc0
a1877fc0
a1887fc0
a1897fc0
a18a7fc0
a18b7fc0
a18c7fc0
a18d7fc0
a18e7fc0
a18f7fc0
a1907fc0
a1917fc0
a1927fc0
a1937fc0
a1947fc0
a1957fc0
a1967fc0
a1977fc0
a1987fc0
a1997fc0
a19a7fc0
a19b7fc0
a19c7fc0
a19d7fc0
a19e7fc0
a19f7fc0
a1a07fc0
a1a17fc0
a1a27fc0
a1a37fc0
a1a47fc0
a1a57fc0
a1a67fc0
a1a77fc0
a1a87fc0
a1a97fc0
a1aa7fc0
a1ab7fc0
a1ac7fc0
a1ad7fc0
a1ae7fc0
a1af7fc0
a1b07fc0
a1b17fc0
a1b27fc0
a1b37fc0
a1b47fc0
a1b57fc0
a1b67fc0
a1b77fc0
a1b87fc0
a1b97fc0
a1ba7fc0
a1bb7fc0
a1bc7fc0
a1bd7fc0
a1be7fc0
a1bf7fc0
a1c07fc0
a1c17fc0
a1c27fc0
a1c37fc0
a1c47fc0
a1c57fc0
a1c67fc0
a1c77fc0
a1c87fc0
a1c97fc0
a1ca7fc0
a1cb7fc0
a1cc7fc0
a1cd7fc0
a1ce7fc0
a1cf7fc0
a1d07fc0
a1d17fc0
a1d27fc0
a1d37fc0
a1d47fc0
a1d57fc0
a1d67fc0
a1d77fc0
a1d87fc0
a1d97fc0
a1da7fc0
a1db7fc0
a1dc7fc0
a1dd7fc0
a1de7fc0
a1df7fc0
a1e07fc0
a1e17fc0
a1e27fc0
a1e37fc0
a1e47fc0
a1e57fc0
a1e67fc0
a1e77fc0
a1e87fc0
a1e97fc0
a1ea7fc0
a1eb7fc0
a1ec7fc0
a1ed7fc0
a1ee7fc0
a1ef7fc0
a1f07fc0
a1f17fc0
a1f27fc0
a1f37fc0
a1f47fc0
a1f57fc0
a1f67fc0
a1f77fc0
a1f87fc0
a1f97fc0
a1fa7fc0
a1fb7fc0
a1fc7fc0
a1fd7fc0
a1fe7fc0
a1ff7fc0
a2007fc0
a2017fc0
a2027fc0
a2037fc0
a2047fc0
a2057fc0
a2067fc0
a2077fc0
a2087fc0
a2097fc0
a20a7fc0
a20b7fc0
a20c7fc0
a20d7fc0
a20e7fc0
a20f7fc0
a2107fc0
a2117fc0
a2127fc0
a2137fc0
a2147fc0
a2157fc0
a2167fc0
a2177fc0
a2187fc0
a2197fc0
a21a7fc0
a21b7fc0
a21c7fc0
a21d7fc0
a21e7fc0
a21f7fc0
a2207fc0
a2217fc0
a2227fc0
a2237fc0
a2247fc0
a2257fc0
a2267fc0
a2277fc0
a2287fc0
a2297fc0
a22a7fc0
a22b7fc0
a22c7fc0
a22d7fc0
a22e7fc0
a22f7fc0
a2307fc0
a2317fc0
a2327fc0
a2337fc0
a2347fc0
a2357fc0
a2367fc0
a2377fc0
a2387fc0
a2397fc0
a23a7fc0
a23b7fc0
a23c7fc0
a23d7fc0
a23e7fc0
a23f7fc0
a2407fc0
a2417fc0
a2427fc0
a2437fc0
a2447fc0
a2457fc0
a2467fc0
a2477fc0
a2487fc0
a2497fc0
a24a7fc0
a24b7fc0
a24c7fc0
a24d7fc0
a24e7fc0
a24f7fc0
a2507fc0
a2517fc0
a2527fc0
a2537fc0
a2547fc0
a2557fc0
a2567fc0
a2577fc0
a2587fc0
a2597fc0
a25a7fc0
a25b7fc0
a25c7fc0
a25d7fc0
a25e7fc0
a25f7fc0
a2607fc0
a2617fc0
a2627fc0
a2637fc0
a2647fc0
a2657fc0
a2667fc0
a2677fc0
a2687fc0
a2697fc0
a26a7fc0
a26b7fc0
a26c7fc0
a26d7fc0
a26e7fc0
a26f7fc0
a2707fc0
a2717fc0
a2727fc0
a2737fc0
a2747fc0
a2757fc0
a2767fc0
a2777fc0
a2787fc0
a2797fc0
a27a7fc0
a27b7fc0
a27c7fc0
a27d7fc0
a27e7fc0
a27f7fc0
a2807fc0
a2817fc0
a2827fc0
a2837fc0
a2847fc0
a2857fc0
a2867fc0
a2877fc0
a2887fc0
a2897fc0
a28a7fc0
a28b7fc0
a28c7fc0
a28d7fc0
a28e7fc0
a28f7fc0
a2907fc0
a2917fc0
a2927fc0
a2937fc0
a2947fc0
a2957fc0
a2967fc0
a2977fc0
a2987fc0
a2997fc0
a29a7fc0
a29b7fc0
a29c7fc0
a29d7fc0
a29e7fc0
a29f7fc0
a2a07fc0
a2a17fc0
a2a27fc0
a2a37fc0
a2a47fc0
a2a57fc0
a2a67fc0
a2a77fc0
a2a87fc0
a2a97fc0
a2aa7fc0
a2ab7fc0
a2ac7fc0
a2ad7fc0
a2ae7fc0
a2af7fc0
a2b07fc0
a2b17fc0
a2b27fc0
a2b37fc0
a2b47fc0
a2b57fc0
a2b67fc0
a2b77fc0
a2b87fc0
a2b97fc0
a2ba7fc0
a2bb7fc0
a2bc7fc0
a2bd7fc0
a2be7fc0
a2bf7fc0
a2c07fc0
a2c17fc0
a2c27fc0
a2c37fc0
a2c47fc0
a2c57fc0
a2c67fc0
a2c77fc0
a2c87fc0
a2c97fc0
a2ca7fc0
a2cb7fc0
a2cc7fc0
a2cd7fc0
a2ce7fc0
a2cf7fc0
a2d07fc0
a2d17fc0
a2d27fc0
a2d37fc0
a2d47fc0
a2d57fc0
a2d67fc0
a2d77fc0
a2d87fc0
a2d97fc0
a2da7fc0
a2db7fc0
a2dc7fc0
a2dd7fc0
a2de7fc0
a2df7fc0
a2e07fc0
a2e17fc0
a2e27fc0
a2e37fc0
a2e47fc0
a2e57fc0
a2e67fc0
a2e77fc0
a2e87fc0
a2e97fc0
a2ea7fc0
a2eb7fc0
a2ec7fc0
a2ed7fc0
a2ee7fc0
a2ef7fc0
a2f07fc0
a2f17fc0
a2f27fc0
a2f37fc0
a2f47fc0
a2f57fc0
a2f67fc0
a2f77fc0
a2f87fc0
a2f97fc0
a2fa7fc0
a2fb7fc0
a2fc7fc0
a2fd7fc0
a2fe7fc0
a2ff7fc0
a3007fc0
a3017fc0
a3027fc0
a3037fc0
a3047fc0
a3057fc0
a3067fc0
a3077fc0
a3087fc0
a3097fc0
a30a7fc0
a30b7fc0
a30c7fc0
a30d7fc0
a30e7fc0
a30f7fc0
a3107fc0
a3117fc0
a3127fc0
a3137fc0
a3147fc0
a3157fc0
a3167fc0
a3177fc0
a3187fc0
a3197fc0
a31a7fc0
a31b7fc0
a31c7fc0
a31d7fc0
a31e7fc0
a31f7fc0
a3207fc0
a3217fc0
a3227fc0
a3237fc0
a3247fc0
a3257fc0
a3267fc0
a3277fc0
a3287fc0
a3297fc0
a32a7fc0
a32b7fc0
a32c7fc0
a32d7fc0
a32e7fc0
a32f7fc0
a3307fc0
a3317fc0
a3327fc0
a3337fc0
a3347fc0
a3357fc0
a3367fc0
a3377fc0
a3387fc0
a3397fc0
a33a7fc0
a33b7fc0
a33c7fc0
a33d7fc0
a33e7fc0
a33f7fc0
a3407fc0
a3417fc0
a3427fc0
a3437fc0
a3447fc0
a3457fc0
a3467fc0
a3477fc0
a3487fc0
a3497fc0
a34a7fc0
a34b7fc0
a34c7fc0
a34d7fc0
a34e7fc0
a34f7fc0
a3507fc0
a3517fc0
a3527fc0
a3537fc0
a3547fc0
a3557fc0
a3567fc0
a3577fc0
a3587fc0
a3597fc0
a35a7fc0
a35b7fc0
a35c7fc0
a35d7fc0
a35e7fc0
a35f7fc0
a3607fc0
a3617fc0
a3627fc0
a3637fc0
a3647fc0
a3657fc0
a3667fc0
a3677fc0
a3687fc0
a3697fc0
a36a7fc0
a36b7fc0
a36c7fc0
a36d7fc0
a36e7fc0
a36f7fc0
a3707fc0
a3717fc0
a3727fc0
a3737fc0
a3747fc0
a3757fc0
a3767fc0
a3777fc0
a3787fc0
a3797fc0
a37a7fc0
a37b7fc0
a37c7fc0
a37d7fc0
a37e7fc0
a37f7fc0
a3807fc0
a3817fc0
a3827fc0
a3837fc0
a3847fc0
a3857fc0
a3867fc0
a3877fc0
a3887fc0
a3897fc0
a38a7fc0
a38b7fc0
a38c7fc0
a38d7fc0
a38e7fc0
a38f7fc0
a3907fc0
a3917fc0
a3927fc0
a3937fc0
a3947fc0
a3957fc0
a3967fc0
a3977fc0
a3987fc0
a3997fc0
a39a7fc0
a39b7fc0
a39c7fc0
a39d7fc0
a39e7fc0
a39f7fc0
a3a07fc0
a3a17fc0
a3a27fc0
a3a37fc0
a3a47fc0
a3a57fc0
a3a67fc0
a3a77fc0
a3a87fc0
a3a97fc0
a3aa7fc0
a3ab7fc0
a3ac7fc0
a3ad7fc0
a3ae7fc0
a3af7fc0
a3b07fc0
a3b17fc0
a3b27fc0
a3b37fc0
a3b47fc0
a3b57fc0
a3b67fc0
a3b77fc0
a3b87fc0
a3b97fc0
a3ba7fc0
a3bb7fc0
a3bc7fc0
a3bd7fc0
a3be7fc0
a3bf7fc0
a3c07fc0
a3c17fc0
a3c27fc0
a3c37fc0
a3c47fc0
a3c57fc0
a3c67fc0
a3c77fc0
a3c87fc0
a3c97fc0
a3ca7fc0
a3cb7fc0
a3cc7fc0
a3cd7fc0
a3ce7fc0
a3cf7fc0
a3d07fc0
a3d17fc0
a3d27fc0
a3d37fc0
a3d47fc0
a3d57fc0
a3d67fc0
a3d77fc0
a3d87fc0
a3d97fc0
a3da7fc0
a3db7fc0
a3dc7fc0
a3dd7fc0
a3de7fc0
a3df7fc0
a3e07fc0
a3e17fc0
a3e27fc0
a3e37fc0
a3e47fc0
a3e57fc0
a3e67fc0
a3e77fc0
a3e87fc0
a3e97fc0
a3ea7fc0
a3eb7fc0
a3ec7fc0
a3ed7fc0
a3ee7fc0
a3ef7fc0
a3f07fc0
a3f17fc0
a3f27fc0
a3f37fc0
a3f47fc0
a3f57fc0
a3f67fc0
a3f77fc0
a3f87fc0
a3f97fc0
a3fa7fc0
a3fb7fc0
a3fc7fc0
a3fd7fc0
a3fe7fc0
a3ff7fc0
a4007fc0
a4017fc0
a4027fc0
a4037fc0
a4047fc0
a4057fc0
a4067fc0
a4077fc0
a4087fc0
a4097fc0
a40a7fc0
a40b7fc0
a40c7fc0
a40d7fc0
a40e7fc0
a40f7fc0
a4107fc0
a4117fc0
a4127fc0
a4137fc0
a4147fc0
a4157fc0
a4167fc0
a4177fc0
a4187fc0
a4197fc0
a41a7fc0
a41b7fc0
a41c7fc0
a41d7fc0
a41e7fc0
a41f7fc0
a4207fc0
a4217fc0
a4227fc0
a4237fc0
a4247fc0
a4257fc0
a4267fc0
a4277fc0
a4287fc0
a4297fc0
a42a7fc0
a42b7fc0
a42c7fc0
a42d7fc0
a42e7fc0
a42f7fc0
a4307fc0
a4317fc0
a4327fc0
a4337fc0
a4347fc0
a4357fc0
a4367fc0
a4377fc0
a4387fc0
a4397fc0
a43a7fc0
a43b7fc0
a43c7fc0
a43d7fc0
a43e7fc0
a43f7fc0
a4407fc0
a4417fc0
a4427fc0
a4437fc0
a4447fc0
a4457fc0
a4467fc0
a4477fc0
a4487fc0
a4497fc0
a44a7fc0
a44b7fc0
a44c7fc0
a44d7fc0
a44e7fc0
a44f7fc0
a4507fc0
a4517fc0
a4527fc0
a4537fc0
a4547fc0
a4557fc0
a4567fc0
a4577fc0
a4587fc0
a4597fc0
a45a7fc0
a45b7fc0
a45c7fc0
a45d7fc0
a45e7fc0
a45f7fc0
a4607fc0
a4617fc0
a4627fc0
a4637fc0
a4647fc0
a4657fc0
a4667fc0
a4677fc0
a4687fc0
a4697fc0
a46a7fc0
a46b7fc0
a46c7fc0
a46d7fc0
a46e7fc0
a46f7fc0
a4707fc0
a4717fc0
a4727fc0
a4737fc0
a4747fc0
a4757fc0
a4767fc0
a4777fc0
a4787fc0
a4797fc0
a47a7fc0
a47b7fc0
a47c7fc0
a47d7fc0
a47e7fc0
a47f7fc0
a4807fc0
a4817fc0
a4827fc0
a4837fc0
a4847fc0
a4857fc0
a4867fc0
a4877fc0
a4887fc0
a4897fc0
a48a7fc0
a48b7fc0
a48c7fc0
a48d7fc0
a48e7fc0
a48f7fc0
a4907fc0
a4917fc0
a4927fc0
a4937fc0
a4947fc0
a4957fc0
a4967fc0
a4977fc0
a4987fc0
a4997fc0
a49a7fc0
a49b7fc0
a49c7fc0
a49d7fc0
a49e7fc0
a49f7fc0
a4a07fc0
a4a17fc0
a4a27fc0
a4a37fc0
a4a47fc0
a4a57fc0
a4a67fc0
a4a77fc0
a4a87fc0
a4a97fc0
a4aa7fc0
a4ab7fc0
a4ac7fc0
a4ad7fc0
a4ae7fc0
a4af7fc0
a4b07fc0
a4b17fc0
a4b27fc0
a4b37fc0
a4b47fc0
a4b57fc0
a4b67fc0
a4b77fc0
a4b87fc0
a4b97fc0
a4ba7fc0
a4bb7fc0
a4bc7fc0
a4bd7fc0
a4be7fc0
a4bf7fc0
a4c07fc0
a4c17fc0
a4c27fc0
a4c37fc0
a4c47fc0
a4c57fc0
a4c67fc0
a4c77fc0
a4c87fc0
a4c97fc0
a4ca7fc0
a4cb7fc0
a4cc7fc0
a4cd7fc0
a4ce7fc0
a4cf7fc0
a4d07fc0
a4d17fc0
a4d27fc0
a4d37fc0
a4d47fc0
a4d57fc0
a4d67fc0
a4d77fc0
a4d87fc0
a4d97fc0
a4da7fc0
a4db7fc0
a4dc7fc0
a4dd7fc0
a4de7fc0
a4df7fc0
a4e07fc0
a4e17fc0
a4e27fc0
a4e37fc0
a4e47fc0
a4e57fc0
a4e67fc0
a4e77fc0
a4e87fc0
a4e97fc0
a4ea7fc0
a4eb7fc0
a4ec7fc0
a4ed7fc0
a4ee7fc0
a4ef7fc0
a4f07fc0
a4f17fc0
a4f27fc0
a4f37fc0
a4f47fc0
a4f57fc0
a4f67fc0
a4f77fc0
a4f87fc0
a4f97fc0
a4fa7fc0
a4fb7fc0
a4fc7fc0
a4fd7fc0
a4fe7fc0
a4ff7fc0
a5007fc0
a5017fc0
a5027fc0
a5037fc0
a5047fc0
a5057fc0
a5067fc0
a5077fc0
a5087fc0
a5097fc0
a50a7fc0
a50b7fc0
a50c7fc0
a50d7fc0
a50e7fc0
a50f7fc0
a5107fc0
a5117fc0
a5127fc0
a5137fc0
a5147fc0
a5157fc0
a5167fc0
a5177fc0
a5187fc0
a5197fc0
a51a7fc0
a51b7fc0
a51c7fc0
a51d7fc0
a51e7fc0
a51f7fc0
a5207fc0
a5217fc0
a5227fc0
a5237fc0
a5247fc0
a5257fc0
a5267fc0
a5277fc0
a5287fc0
a5297fc0
a52a7fc0
a52b7fc0
a52c7fc0
a52d7fc0
a52e7fc0
a52f7fc0
a5307fc0
a5317fc0
a5327fc0
a5337fc0
a5347fc0
a5357fc0
a5367fc0
a5377fc0
a5387fc0
a5397fc0
a53a7fc0
a53b7fc0
a53c7fc0
a53d7fc0
a53e7fc0
a53f7fc0
a5407fc0
a5417fc0
a5427fc0
a5437fc0
a5447fc0
a5457fc0
a5467fc0
a5477fc0
a5487fc0
a5497fc0
a54a7fc0
a54b7fc0
a54c7fc0
a54d7fc0
a54e7fc0
a54f7fc0
a5507fc0
a5517fc0
a5527fc0
a5537fc0
a5547fc0
a5557fc0
a5567fc0
a5577fc0
a5587fc0
a5597fc0
a55a7fc0
a55b7fc0
a55c7fc0
a55d7fc0
a55e7fc0
a55f7fc0
a5607fc0
a5617fc0
a5627fc0
a5637fc0
a5647fc0
a5657fc0
a5667fc0
a5677fc0
a5687fc0
a5697fc0
a56a7fc0
a56b7fc0
a56c7fc0
a56d7fc0
a56e7fc0
a56f7fc0
a5707fc0
a5717fc0
a5727fc0
a5737fc0
a5747fc0
a5757fc0
a5767fc0
a5777fc0
a5787fc0
a5797fc0
a57a7fc0
a57b7fc0
a57c7fc0
a57d7fc0
a57e7fc0
a57f7fc0
a5807fc0
a5817fc0
a5827fc0
a5837fc0
a5847fc0
a5857fc0
a5867fc0
a5877fc0
a5887fc0
a5897fc0
a58a7fc0
a58b7fc0
a58c7fc0
a58d7fc0
a58e7fc0
a58f7fc0
a5907fc0
a5917fc0
a5927fc0
a5937fc0
a5947fc0
a5957fc0
a5967fc0
a5977fc0
a5987fc0
a5997fc0
a59a7fc0
a59b7fc0
a59c7fc0
a59d7fc0
a59e7fc0
a59f7fc0
a5a07fc0
a5a17fc0
a5a27fc0
a5a37fc0
a5a47fc0
a5a57fc0
a5a67fc0
a5a77fc0
a5a87fc0
a5a97fc0
a5aa7fc0
a5ab7fc0
a5ac7fc0
a5ad7fc0
a5ae7fc0
a5af7fc0
a5b07fc0
a5b17fc0
a5b27fc0
a5b37fc0
a5b47fc0
a5b57fc0
a5b67fc0
a5b77fc0
a5b87fc0
a5b97fc0
a5ba7fc0
a5bb7fc0
a5bc7fc0
a5bd7fc0
a5be7fc0
a5bf7fc0
a5c07fc0
a5c17fc0
a5c27fc0
a5c37fc0
a5c47fc0
a5c57fc0
a5c67fc0
a5c77fc0
a5c87fc0
a5c97fc0
a5ca7fc0
a5cb7fc0
a5cc7fc0
a5cd7fc0
a5ce7fc0
a5cf7fc0
a5d07fc0
a5d17fc0
a5d27fc0
a5d37fc0
a5d47fc0
a5d57fc0
a5d67fc0
a5d77fc0
a5d87fc0
a5d97fc0
a5da7fc0
a5db7fc0
a5dc7fc0
a5dd7fc0
a5de7fc0
a5df7fc0
a5e07fc0
a5e17fc0
a5e27fc0
a5e37fc0
a5e47fc0
a5e57fc0
a5e67fc0
a5e77fc0
a5e87fc0
a5e97fc0
a5ea7fc0
a5eb7fc0
a5ec7fc0
a5ed7fc0
a5ee7fc0
a5ef7fc0
a5f07fc0
a5f17fc0
a5f27fc0
a5f37fc0
a5f47fc0
a5f57fc0
a5f67fc0
a5f77fc0
a5f87fc0
a5f97fc0
a5fa7fc0
a5fb7fc0
a5fc7fc0
a5fd7fc0
a5fe7fc0
a5ff7fc0
a6007fc0
a6017fc0
a6027fc0
a6037fc0
a6047fc0
a6057fc0
a6067fc0
a6077fc0
a6087fc0
a6097fc0
a60a7fc0
a60b7fc0
a60c7fc0
a60d7fc0
a60e7fc0
a60f7fc0
a6107fc0
a6117fc0
a6127fc0
a6137fc0
a6147fc0
a6157fc0
a6167fc0
a6177fc0
a6187fc0
a6197fc0
a61a7fc0
a61b7fc0
a61c7fc0
a61d7fc0
a61e7fc0
a61f7fc0
a6207fc0
a6217fc0
a6227fc0
a6237fc0
a6247fc0
a6257fc0
a6267fc0
a6277fc0
a6287fc0
a6297fc0
a62a7fc0
a62b7fc0
a62c7fc0
a62d7fc0
a62e7fc0
a62f7fc0
a6307fc0
a6317fc0
a6327fc0
a6337fc0
a6347fc0
a6357fc0
a6367fc0
a6377fc0
a6387fc0
a6397fc0
a63a7fc0
a63b7fc0
a63c7fc0
a63d7fc0
a63e7fc0
a63f7fc0
a6407fc0
a6417fc0
a6427fc0
a6437fc0
a6447fc0
a6457fc0
a6467fc0
a6477fc0
a6487fc0
a6497fc0
a64a7fc0
a64b7fc0
a64c7fc0
a64d7fc0
a64e7fc0
a64f7fc0
a6507fc0
a6517fc0
a6527fc0
a6537fc0
a6547fc0
a6557fc0
a6567fc0
a6577fc0
a6587fc0
a6597fc0
a65a7fc0
a65b7fc0
a65c7fc0
a65d7fc0
a65e7fc0
a65f7fc0
a6607fc0
a6617fc0
a6627fc0
a6637fc0
a6647fc0
a6657fc0
a6667fc0
a6677fc0
a6687fc0
a6697fc0
a66a7fc0
a66b7fc0
a66c7fc0
a66d7fc0
a66e7fc0
a66f7fc0
a6707fc0
a6717fc0
a6727fc0
a6737fc0
a6747fc0
a6757fc0
a6767fc0
a6777fc0
a6787fc0
a6797fc0
a67a7fc0
a67b7fc0
a67c7fc0
a67d7fc0
a67e7fc0
a67f7fc0
a6807fc0
a6817fc0
a6827fc0
a6837fc0
a6847fc0
a6857fc0
a6867fc0
a6877fc0
a6887fc0
a6897fc0
a68a7fc0
a68b7fc0
a68c7fc0
a68d7fc0
a68e7fc0
a68f7fc0
a6907fc0
a6917fc0
a6927fc0
a6937fc0
a6947fc0
a6957fc0
a6967fc0
a6977fc0
a6987fc0
a6997fc0
a69a7fc0
a69b7fc0
a69c7fc0
a69d7fc0
a69e7fc0
a69f7fc0
a6a07fc0
a6a17fc0
a6a27fc0
a6a37fc0
a6a47fc0
a6a57fc0
a6a67fc0
a6a77fc0
a6a87fc0
a6a97fc0
a6aa7fc0
a6ab7fc0
a6ac7fc0
a6ad7fc0
a6ae7fc0
a6af7fc0
a6b07fc0
a6b17fc0
a6b27fc0
a6b37fc0
a6b47fc0
a6b57fc0
a6b67fc0
a6b77fc0
a6b87fc0
a6b97fc0
a6ba7fc0
a6bb7fc0
a6bc7fc0
a6bd7fc0
a6be7fc0
a6bf7fc0
a6c07fc0
a6c17fc0
a6c27fc0
a6c37fc0
a6c47fc0
a6c57fc0
a6c67fc0
a6c77fc0
a6c87fc0
a6c97fc0
a6ca7fc0
a6cb7fc0
a6cc7fc0
a6cd7fc0
a6ce7fc0
a6cf7fc0
a6d07fc0
a6d17fc0
a6d27fc0
a6d37fc0
a6d47fc0
a6d57fc0
a6d67fc0
a6d77fc0
a6d87fc0
a6d97fc0
a6da7fc0
a6db7fc0
a6dc7fc0
a6dd7fc0
a6de7fc0
a6df7fc0
a6e07fc0
a6e17fc0
a6e27fc0
a6e37fc0
a6e47fc0
a6e57fc0
a6e67fc0
a6e77fc0
a6e87fc0
a6e97fc0
a6ea7fc0
a6eb7fc0
a6ec7fc0
a6ed7fc0
a6ee7fc0
a6ef7fc0
a6f07fc0
a6f17fc0
a6f27fc0
a6f37fc0
a6f47fc0
a6f57fc0
a6f67fc0
a6f77fc0
a6f87fc0
a6f97fc0
a6fa7fc0
a6fb7fc0
a6fc7fc0
a6fd7fc0
a6fe7fc0
a6ff7fc0
a7007fc0
a7017fc0
a7027fc0
a7037fc0
a7047fc0
a7057fc0
a7067fc0
a7077fc0
a7087fc0
a7097fc0
a70a7fc0
a70b7fc0
a70c7fc0
a70d7fc0
a70e7fc0
a70f7fc0
a7107fc0
a7117fc0
a7127fc0
a7137fc0
a7147fc0
a7157fc0
a7167fc0
a7177fc0
a7187fc0
a7197fc0
a71a7fc0
a71b7fc0
a71c7fc0
a71d7fc0
a71e7fc0
a71f7fc0
a7207fc0
a7217fc0
a7227fc0
a7237fc0
a7247fc0
a7257fc0
a7267fc0
a7277fc0
a7287fc0
a7297fc0
a72a7fc0
a72b7fc0
a72c7fc0
a72d7fc0
a72e7fc0
a72f7fc0
a7307fc0
a7317fc0
a7327fc0
a7337fc0
a7347fc0
a7357fc0
a7367fc0
a7377fc0
a7387fc0
a7397fc0
a73a7fc0
a73b7fc0
a73c7fc0
a73d7fc0
a73e7fc0
a73f7fc0
a7407fc0
a7417fc0
a7427fc0
a7437fc0
a7447fc0
a7457fc0
a7467fc0
a7477fc0
a7487fc0
a7497fc0
a74a7fc0
a74b7fc0
a74c7fc0
a74d7fc0
a74e7fc0
a74f7fc0
a7507fc0
a7517fc0
a7527fc0
a7537fc0
a7547fc0
a7557fc0
a7567fc0
a7577fc0
a7587fc0
a7597fc0
a75a7fc0
a75b7fc0
a75c7fc0
a75d7fc0
a75e7fc0
a75f7fc0
a7607fc0
a7617fc0
a7627fc0
a7637fc0
a7647fc0
a7657fc0
a7667fc0
a7677fc0
a7687fc0
a7697fc0
a76a7fc0
a76b7fc0
a76c7fc0
a76d7fc0
a76e7fc0
a76f7fc0
a7707fc0
a7717fc0
a7727fc0
a7737fc0
a7747fc0
a7757fc0
a7767fc0
a7777fc0
a7787fc0
a7797fc0
a77a7fc0
a77b7fc0
a77c7fc0
a77d7fc0
a77e7fc0
a77f7fc0
a7807fc0
a7817fc0
a7827fc0
a7837fc0
a7847fc0
a7857fc0
a7867fc0
a7877fc0
a7887fc0
a7897fc0
a78a7fc0
a78b7fc0
a78c7fc0
a78d7fc0
a78e7fc0
a78f7fc0
a7907fc0
a7917fc0
a7927fc0
a7937fc0
a7947fc0
a7957fc0
a7967fc0
a7977fc0
a7987fc0
a7997fc0
a79a7fc0
a79b7fc0
a79c7fc0
a79d7fc0
a79e7fc0
a79f7fc0
a7a07fc0
a7a17fc0
a7a27fc0
a7a37fc0
a7a47fc0
a7a57fc0
a7a67fc0
a7a77fc0
a7a87fc0
a7a97fc0
a7aa7fc0
a7ab7fc0
a7ac7fc0
a7ad7fc0
a7ae7fc0
a7af7fc0
a7b07fc0
a7b17fc0
a7b27fc0
a7b37fc0
a7b47fc0
a7b57fc0
a7b67fc0
a7b77fc0
a7b87fc0
a7b97fc0
a7ba7fc0
a7bb7fc0
a7bc7fc0
a7bd7fc0
a7be7fc0
a7bf7fc0
a7c07fc0
a7c17fc0
a7c27fc0
a7c37fc0
a7c47fc0
a7c57fc0
a7c67fc0
a7c77fc0
a7c87fc0
a7c97fc0
a7ca7fc0
a7cb7fc0
a7cc7fc0
a7cd7fc0
a7ce7fc0
a7cf7fc0
a7d07fc0
a7d17fc0
a7d27fc0
a7d37fc0
a7d47fc0
a7d57fc0
a7d67fc0
a7d77fc0
a7d87fc0
a7d97fc0
a7da7fc0
a7db7fc0
a7dc7fc0
a7dd7fc0
a7de7fc0
a7df7fc0
a7e07fc0
a7e17fc0
a7e27fc0
a7e37fc0
a7e47fc0
a7e57fc0
a7e67fc0
a7e77fc0
a7e87fc0
a7e97fc0
a7ea7fc0
a7eb7fc0
a7ec7fc0
a7ed7fc0
a7ee7fc0
a7ef7fc0
a7f07fc0
a7f17fc0
a7f27fc0
a7f37fc0
a7f47fc0
a7f57fc0
a7f67fc0
a7f77fc0
a7f87fc0
a7f97fc0
a7fa7fc0
a7fb7fc0
a7fc7fc0
a7fd7fc0
a7fe7fc0
a7ff7fc0
a8007fc0
a8017fc0
a8027fc0
a8037fc0
a8047fc0
a8057fc0
a8067fc0
a8077fc0
a8087fc0
a8097fc0
a80a7fc0
a80b7fc0
a80c7fc0
a80d7fc0
a80e7fc0
a80f7fc0
a8107fc0
a8117fc0
a8127fc0
a8137fc0
a8147fc0
a8157fc0
a8167fc0
a8177fc0
a8187fc0
a8197fc0
a81a7fc0
a81b7fc0
a81c7fc0
a81d7fc0
a81e7fc0
a81f7fc0
a8207fc0
a8217fc0
a8227fc0
a8237fc0
a8247fc0
a8257fc0
a8267fc0
a8277fc0
a8287fc0
a8297fc0
a82a7fc0
a82b7fc0
a82c7fc0
a82d7fc0
a82e7fc0
a82f7fc0
a8307fc0
a8317fc0
a8327fc0
a8337fc0
a8347fc0
a8357fc0
a8367fc0
a8377fc0
a8387fc0
a8397fc0
a83a7fc0
a83b7fc0
a83c7fc0
a83d7fc0
a83e7fc0
a83f7fc0
a8407fc0
a8417fc0
a8427fc0
a8437fc0
a8447fc0
a8457fc0
a8467fc0
a8477fc0
a8487fc0
a8497fc0
a84a7fc0
a84b7fc0
a84c7fc0
a84d7fc0
a84e7fc0
a84f7fc0
a8507fc0
a8517fc0
a8527fc0
a8537fc0
a8547fc0
a8557fc0
a8567fc0
a8577fc0
a8587fc0
a8597fc0
a85a7fc0
a85b7fc0
a85c7fc0
a85d7fc0
a85e7fc0
a85f7fc0
a8607fc0
a8617fc0
a8627fc0
a8637fc0
a8647fc0
a8657fc0
a8667fc0
a8677fc0
a8687fc0
a8697fc0
a86a7fc0
a86b7fc0
a86c7fc0
a86d7fc0
a86e7fc0
a86f7fc0
a8707fc0
a8717fc0
a8727fc0
a8737fc0
a8747fc0
a8757fc0
a8767fc0
a8777fc0
a8787fc0
a8797fc0
a87a7fc0
a87b7fc0
a87c7fc0
a87d7fc0
a87e7fc0
a87f7fc0
a8807fc0
a8817fc0
a8827fc0
a8837fc0
a8847fc0
a8857fc0
a8867fc0
a8877fc0
a8887fc0
a8897fc0
a88a7fc0
a88b7fc0
a88c7fc0
a88d7fc0
a88e7fc0
a88f7fc0
a8907fc0
a8917fc0
a8927fc0
a8937fc0
a8947fc0
a8957fc0
a8967fc0
a8977fc0
a8987fc0
a8997fc0
a89a7fc0
a89b7fc0
a89c7fc0
a89d7fc0
a89e7fc0
a89f7fc0
a8a07fc0
a8a17fc0
a8a27fc0
a8a37fc0
a8a47fc0
a8a57fc0
a8a67fc0
a8a77fc0
a8a87fc0
a8a97fc0
a8aa7fc0
a8ab7fc0
a8ac7fc0
a8ad7fc0
a8ae7fc0
a8af7fc0
a8b07fc0
a8b17fc0
a8b27fc0
a8b37fc0
a8b47fc0
a8b57fc0
a8b67fc0
a8b77fc0
a8b87fc0
a8b97fc0
a8ba7fc0
a8bb7fc0
a8bc7fc0
a8bd7fc0
a8be7fc0
a8bf7fc0
a8c07fc0
a8c17fc0
a8c27fc0
a8c37fc0
a8c47fc0
a8c57fc0
a8c67fc0
a8c77fc0
a8c87fc0
a8c97fc0
a8ca7fc0
a8cb7fc0
a8cc7fc0
a8cd7fc0
a8ce7fc0
a8cf7fc0
a8d07fc0
a8d17fc0
a8d27fc0
a8d37fc0
a8d47fc0
a8d57fc0
a8d67fc0
a8d77fc0
a8d87fc0
a8d97fc0
a8da7fc0
a8db7fc0
a8dc7fc0
a8dd7fc0
a8de7fc0
a8df7fc0
a8e07fc0
a8e17fc0
a8e27fc0
a8e37fc0
a8e47fc0
a8e57fc0
a8e67fc0
a8e77fc0
a8e87fc0
a8e97fc0
a8ea7fc0
a8eb7fc0
a8ec7fc0
a8ed7fc0
a8ee7fc0
a8ef7fc0
a8f07fc0
a8f17fc0
a8f27fc0
a8f37fc0
a8f47fc0
a8f57fc0
a8f67fc0
a8f77fc0
a8f87fc0
a8f97fc0
a8fa7fc0
a8fb7fc0
a8fc7fc0
a8fd7fc0
a8fe7fc0
a8ff7fc0
a9007fc0
a9017fc0
a9027fc0
a9037fc0
a9047fc0
a9057fc0
a9067fc0
a9077fc0
a9087fc0
a9097fc0
a90a7fc0
a90b7fc0
a90c7fc0
a90d7fc0
a90e7fc0
a90f7fc0
a9107fc0
a9117fc0
a9127fc0
a9137fc0
a9147fc0
a9157fc0
a9167fc0
a9177fc0
a9187fc0
a9197fc0
a91a7fc0
a91b7fc0
a91c7fc0
a91d7fc0
a91e7fc0
a91f7fc0
a9207fc0
a9217fc0
a9227fc0
a9237fc0
a9247fc0
a9257fc0
a9267fc0
a9277fc0
a9287fc0
a9297fc0
a92a7fc0
a92b7fc0
a92c7fc0
a92d7fc0
a92e7fc0
a92f7fc0
a9307fc0
a9317fc0
a9327fc0
a9337fc0
a9347fc0
a9357fc0
a9367fc0
a9377fc0
a9387fc0
a9397fc0
a93a7fc0
a93b7fc0
a93c7fc0
a93d7fc0
a93e7fc0
a93f7fc0
a9407fc0
a9417fc0
a9427fc0
a9437fc0
a9447fc0
a9457fc0
a9467fc0
a9477fc0
a9487fc0
a9497fc0
a94a7fc0
a94b7fc0
a94c7fc0
a94d7fc0
a94e7fc0
a94f7fc0
a9507fc0
a9517fc0
a9527fc0
a9537fc0
a9547fc0
a9557fc0
a9567fc0
a9577fc0
a9587fc0
a9597fc0
a95a7fc0
a95b7fc0
a95c7fc0
a95d7fc0
a95e7fc0
a95f7fc0
a9607fc0
a9617fc0
a9627fc0
a9637fc0
a9647fc0
a9657fc0
a9667fc0
a9677fc0
a9687fc0
a9697fc0
a96a7fc0
a96b7fc0
a96c7fc0
a96d7fc0
a96e7fc0
a96f7fc0
a9707fc0
a9717fc0
a9727fc0
a9737fc0
a9747fc0
a9757fc0
a9767fc0
a9777fc0
a9787fc0
a9797fc0
a97a7fc0
a97b7fc0
a97c7fc0
a97d7fc0
a97e7fc0
a97f7fc0
a9807fc0
a9817fc0
a9827fc0
a9837fc0
a9847fc0
a9857fc0
a9867fc0
a9877fc0
a9887fc0
a9897fc0
a98a7fc0
a98b7fc0
a98c7fc0
a98d7fc0
a98e7fc0
a98f7fc0
a9907fc0
a9917fc0
a9927fc0
a9937fc0
a9947fc0
a9957fc0
a9967fc0
a9977fc0
a9987fc0
a9997fc0
a99a7fc0
a99b7fc0
a99c7fc0
a99d7fc0
a99e7fc0
a99f7fc0
a9a07fc0
a9a17fc0
a9a27fc0
a9a37fc0
a9a47fc0
a9a57fc0
a9a67fc0
a9a77fc0
a9a87fc0
a9a97fc0
a9aa7fc0
a9ab7fc0
a9ac7fc0
a9ad7fc0
a9ae7fc0
a9af7fc0
a9b07fc0
a9b17fc0
a9b27fc0
a9b37fc0
a9b47fc0
a9b57fc0
a9b67fc0
a9b77fc0
a9b87fc0
a9b97fc0
a9ba7fc0
a9bb7fc0
a9bc7fc0
a9bd7fc0
a9be7fc0
a9bf7fc0
a9c07fc0
a9c17fc0
a9c27fc0
a9c37fc0
a9c47fc0
a9c57fc0
a9c67fc0
a9c77fc0
a9c87fc0
a9c97fc0
a9ca7fc0
a9cb7fc0
a9cc7fc0
a9cd7fc0
a9ce7fc0
a9cf7fc0
a9d07fc0
a9d17fc0
a9d27fc0
a9d37fc0
a9d47fc0
a9d57fc0
a9d67fc0
a9d77fc0
a9d87fc0
a9d97fc0
a9da7fc0
a9db7fc0
a9dc7fc0
a9dd7fc0
a9de7fc0
a9df7fc0
a9e07fc0
a9e17fc0
a9e27fc0
a9e37fc0
a9e47fc0
a9e57fc0
a9e67fc0
a9e77fc0
a9e87fc0
a9e97fc0
a9ea7fc0
a9eb7fc0
a9ec7fc0
a9ed7fc0
a9ee7fc0
a9ef7fc0
a9f07fc0
a9f17fc0
a9f27fc0
a9f37fc0
a9f47fc0
a9f57fc0
a9f67fc0
a9f77fc0
a9f87fc0
a9f97fc0
a9fa7fc0
a9fb7fc0
a9fc7fc0
a9fd7fc0
a9fe7fc0
a9ff7fc0
aa007fc0
aa017fc0
aa027fc0
aa037fc0
aa047fc0
aa057fc0
aa067fc0
aa077fc0
aa087fc0
aa097fc0
aa0a7fc0
aa0b7fc0
aa0c7fc0
aa0d7fc0
aa0e7fc0
aa0f7fc0
aa107fc0
aa117fc0
aa127fc0
aa137fc0
aa147fc0
aa157fc0
aa167fc0
aa177fc0
aa187fc0
aa197fc0
aa1a7fc0
aa1b7fc0
aa1c7fc0
aa1d7fc0
aa1e7fc0
aa1f7fc0
aa207fc0
aa217fc0
aa227fc0
aa237fc0
aa247fc0
aa257fc0
aa267fc0
aa277fc0
aa287fc0
aa297fc0
aa2a7fc0
aa2b7fc0
aa2c7fc0
aa2d7fc0
aa2e7fc0
aa2f7fc0
aa307fc0
aa317fc0
aa327fc0
aa337fc0
aa347fc0
aa357fc0
aa367fc0
aa377fc0
aa387fc0
aa397fc0
aa3a7fc0
aa3b7fc0
aa3c7fc0
aa3d7fc0
aa3e7fc0
aa3f7fc0
aa407fc0
aa417fc0
aa427fc0
aa437fc0
aa447fc0
aa457fc0
aa467fc0
aa477fc0
aa487fc0
aa497fc0
aa4a7fc0
aa4b7fc0
aa4c7fc0
aa4d7fc0
aa4e7fc0
aa4f7fc0
aa507fc0
aa517fc0
aa527fc0
aa537fc0
aa547fc0
aa557fc0
aa567fc0
aa577fc0
aa587fc0
aa597fc0
aa5a7fc0
aa5b7fc0
aa5c7fc0
aa5d7fc0
aa5e7fc0
aa5f7fc0
aa607fc0
aa617fc0
aa627fc0
aa637fc0
aa647fc0
aa657fc0
aa667fc0
aa677fc0
aa687fc0
aa697fc0
aa6a7fc0
aa6b7fc0
aa6c7fc0
aa6d7fc0
aa6e7fc0
aa6f7fc0
aa707fc0
aa717fc0
aa727fc0
aa737fc0
aa747fc0
aa757fc0
aa767fc0
aa777fc0
aa787fc0
aa797fc0
aa7a7fc0
aa7b7fc0
aa7c7fc0
aa7d7fc0
aa7e7fc0
aa7f7fc0
aa807fc0
aa817fc0
aa827fc0
aa837fc0
aa847fc0
aa857fc0
aa867fc0
aa877fc0
aa887fc0
aa897fc0
aa8a7fc0
aa8b7fc0
aa8c7fc0
aa8d7fc0
aa8e7fc0
aa8f7fc0
aa907fc0
aa917fc0
aa927fc0
aa937fc0
aa947fc0
aa957fc0
aa967fc0
aa977fc0
aa987fc0
aa997fc0
aa9a7fc0
aa9b7fc0
aa9c7fc0
aa9d7fc0
aa9e7fc0
aa9f7fc0
aaa07fc0
aaa17fc0
aaa27fc0
aaa37fc0
aaa47fc0
aaa57fc0
aaa67fc0
aaa77fc0
aaa87fc0
aaa97fc0
aaaa7fc0
aaab7fc0
aaac7fc0
aaad7fc0
aaae7fc0
aaaf7fc0
aab07fc0
aab17fc0
aab27fc0
aab37fc0
aab47fc0
aab57fc0
aab67fc0
aab77fc0
aab87fc0
aab97fc0
aaba7fc0
aabb7fc0
aabc7fc0
aabd7fc0
aabe7fc0
aabf7fc0
aac07fc0
aac17fc0
aac27fc0
aac37fc0
aac47fc0
aac57fc0
aac67fc0
aac77fc0
aac87fc0
aac97fc0
aaca7fc0
aacb7fc0
aacc7fc0
aacd7fc0
aace7fc0
aacf7fc0
aad07fc0
aad17fc0
aad27fc0
aad37fc0
aad47fc0
aad57fc0
aad67fc0
aad77fc0
aad87fc0
aad97fc0
aada7fc0
aadb7fc0
aadc7fc0
aadd7fc0
aade7fc0
aadf7fc0
aae07fc0
aae17fc0
aae27fc0
aae37fc0
aae47fc0
aae57fc0
aae67fc0
aae77fc0
aae87fc0
aae97fc0
aaea7fc0
aaeb7fc0
aaec7fc0
aaed7fc0
aaee7fc0
aaef7fc0
aaf07fc0
aaf17fc0
aaf27fc0
aaf37fc0
aaf47fc0
aaf57fc0
aaf67fc0
aaf77fc0
aaf87fc0
aaf97fc0
aafa7fc0
aafb7fc0
aafc7fc0
aafd7fc0
aafe7fc0
aaff7fc0
ab007fc0
ab017fc0
ab027fc0
ab037fc0
ab047fc0
ab057fc0
ab067fc0
ab077fc0
ab087fc0
ab097fc0
ab0a7fc0
ab0b7fc0
ab0c7fc0
ab0d7fc0
ab0e7fc0
ab0f7fc0
ab107fc0
ab117fc0
ab127fc0
ab137fc0
ab147fc0
ab157fc0
ab167fc0
ab177fc0
ab187fc0
ab197fc0
ab1a7fc0
ab1b7fc0
ab1c7fc0
ab1d7fc0
ab1e7fc0
ab1f7fc0
ab207fc0
ab217fc0
ab227fc0
ab237fc0
ab247fc0
ab257fc0
ab267fc0
ab277fc0
ab287fc0
ab297fc0
ab2a7fc0
ab2b7fc0
ab2c7fc0
ab2d7fc0
ab2e7fc0
ab2f7fc0
ab307fc0
ab317fc0
ab327fc0
ab337fc0
ab347fc0
ab357fc0
ab367fc0
ab377fc0
ab387fc0
ab397fc0
ab3a7fc0
ab3b7fc0
ab3c7fc0
ab3d7fc0
ab3e7fc0
ab3f7fc0
ab407fc0
ab417fc0
ab427fc0
ab437fc0
ab447fc0
ab457fc0
ab467fc0
ab477fc0
ab487fc0
ab497fc0
ab4a7fc0
ab4b7fc0
ab4c7fc0
ab4d7fc0
ab4e7fc0
ab4f7fc0
ab507fc0
ab517fc0
ab527fc0
ab537fc0
ab547fc0
ab557fc0
ab567fc0
ab577fc0
ab587fc0
ab597fc0
ab5a7fc0
ab5b7fc0
ab5c7fc0
ab5d7fc0
ab5e7fc0
ab5f7fc0
ab607fc0
ab617fc0
ab627fc0
ab637fc0
ab647fc0
ab657fc0
ab667fc0
ab677fc0
ab687fc0
ab697fc0
ab6a7fc0
ab6b7fc0
ab6c7fc0
ab6d7fc0
ab6e7fc0
ab6f7fc0
ab707fc0
ab717fc0
ab727fc0
ab737fc0
ab747fc0
ab757fc0
ab767fc0
ab777fc0
ab787fc0
ab797fc0
ab7a7fc0
ab7b7fc0
ab7c7fc0
ab7d7fc0
ab7e7fc0
ab7f7fc0
ab807fc0
ab817fc0
ab827fc0
ab837fc0
ab847fc0
ab857fc0
ab867fc0
ab877fc0
ab887fc0
ab897fc0
ab8a7fc0
ab8b7fc0
ab8c7fc0
ab8d7fc0
ab8e7fc0
ab8f7fc0
ab907fc0
ab917fc0
ab927fc0
ab937fc0
ab947fc0
ab957fc0
ab967fc0
ab977fc0
ab987fc0
ab997fc0
ab9a7fc0
ab9b7fc0
ab9c7fc0
ab9d7fc0
ab9e7fc0
ab9f7fc0
aba07fc0
aba17fc0
aba27fc0
aba37fc0
aba47fc0
aba57fc0
aba67fc0
aba77fc0
aba87fc0
aba97fc0
abaa7fc0
abab7fc0
abac7fc0
abad7fc0
abae7fc0
abaf7fc0
abb07fc0
abb17fc0
abb27fc0
abb37fc0
abb47fc0
abb57fc0
abb67fc0
abb77fc0
abb87fc0
abb97fc0
abba7fc0
abbb7fc0
abbc7fc0
abbd7fc0
abbe7fc0
abbf7fc0
abc07fc0
abc17fc0
abc27fc0
abc37fc0
abc47fc0
abc57fc0
abc67fc0
abc77fc0
abc87fc0
abc97fc0
abca7fc0
abcb7fc0
abcc7fc0
abcd7fc0
abce7fc0
abcf7fc0
abd07fc0
abd17fc0
abd27fc0
abd37fc0
abd47fc0
abd57fc0
abd67fc0
abd77fc0
abd87fc0
abd97fc0
abda7fc0
abdb7fc0
abdc7fc0
abdd7fc0
abde7fc0
abdf7fc0
abe07fc0
abe17fc0
abe27fc0
abe37fc0
abe47fc0
abe57fc0
abe67fc0
abe77fc0
abe87fc0
abe97fc0
abea7fc0
abeb7fc0
abec7fc0
abed7fc0
abee7fc0
abef7fc0
abf07fc0
abf17fc0
abf27fc0
abf37fc0
abf47fc0
abf57fc0
abf67fc0
abf77fc0
abf87fc0
abf97fc0
abfa7fc0
abfb7fc0
abfc7fc0
abfd7fc0
abfe7fc0
abff7fc0
ac007fc0
ac017fc0
ac027fc0
ac037fc0
ac047fc0
ac057fc0
ac067fc0
ac077fc0
ac087fc0
ac097fc0
ac0a7fc0
ac0b7fc0
ac0c7fc0
ac0d7fc0
ac0e7fc0
ac0f7fc0
ac107fc0
ac117fc0
ac127fc0
ac137fc0
ac147fc0
ac157fc0
ac167fc0
ac177fc0
ac187fc0
ac197fc0
ac1a7fc0
ac1b7fc0
ac1c7fc0
ac1d7fc0
ac1e7fc0
ac1f7fc0
ac207fc0
ac217fc0
ac227fc0
ac237fc0
ac247fc0
ac257fc0
ac267fc0
ac277fc0
ac287fc0
ac297fc0
ac2a7fc0
ac2b7fc0
ac2c7fc0
ac2d7fc0
ac2e7fc0
ac2f7fc0
ac307fc0
ac317fc0
ac327fc0
ac337fc0
ac347fc0
ac357fc0
ac367fc0
ac377fc0
ac387fc0
ac397fc0
ac3a7fc0
ac3b7fc0
ac3c7fc0
ac3d7fc0
ac3e7fc0
ac3f7fc0
ac407fc0
ac417fc0
ac427fc0
ac437fc0
ac447fc0
ac457fc0
ac467fc0
ac477fc0
ac487fc0
ac497fc0
ac4a7fc0
ac4b7fc0
ac4c7fc0
ac4d7fc0
ac4e7fc0
ac4f7fc0
ac507fc0
ac517fc0
ac527fc0
ac537fc0
ac547fc0
ac557fc0
ac567fc0
ac577fc0
ac587fc0
ac597fc0
ac5a7fc0
ac5b7fc0
ac5c7fc0
ac5d7fc0
ac5e7fc0
ac5f7fc0
ac607fc0
ac617fc0
ac627fc0
ac637fc0
ac647fc0
ac657fc0
ac667fc0
ac677fc0
ac687fc0
ac697fc0
ac6a7fc0
ac6b7fc0
ac6c7fc0
ac6d7fc0
ac6e7fc0
ac6f7fc0
ac707fc0
ac717fc0
ac727fc0
ac737fc0
ac747fc0
ac757fc0
ac767fc0
ac777fc0
ac787fc0
ac797fc0
ac7a7fc0
ac7b7fc0
ac7c7fc0
ac7d7fc0
ac7e7fc0
ac7f7fc0
ac807fc0
ac817fc0
ac827fc0
ac837fc0
ac847fc0
ac857fc0
ac867fc0
ac877fc0
ac887fc0
ac897fc0
ac8a7fc0
ac8b7fc0
ac8c7fc0
ac8d7fc0
ac8e7fc0
ac8f7fc0
ac907fc0
ac917fc0
ac927fc0
ac937fc0
ac947fc0
ac957fc0
ac967fc0
ac977fc0
ac987fc0
ac997fc0
ac9a7fc0
ac9b7fc0
ac9c7fc0
ac9d7fc0
ac9e7fc0
ac9f7fc0
aca07fc0
aca17fc0
aca27fc0
aca37fc0
aca47fc0
aca57fc0
aca67fc0
aca77fc0
aca87fc0
aca97fc0
acaa7fc0
acab7fc0
acac7fc0
acad7fc0
acae7fc0
acaf7fc0
acb07fc0
acb17fc0
acb27fc0
acb37fc0
acb47fc0
acb57fc0
acb67fc0
acb77fc0
acb87fc0
acb97fc0
acba7fc0
acbb7fc0
acbc7fc0
acbd7fc0
acbe7fc0
acbf7fc0
acc07fc0
acc17fc0
acc27fc0
acc37fc0
acc47fc0
acc57fc0
acc67fc0
acc77fc0
acc87fc0
acc97fc0
acca7fc0
accb7fc0
accc7fc0
accd7fc0
acce7fc0
accf7fc0
acd07fc0
acd17fc0
acd27fc0
acd37fc0
acd47fc0
acd57fc0
acd67fc0
acd77fc0
acd87fc0
acd97fc0
acda7fc0
acdb7fc0
acdc7fc0
acdd7fc0
acde7fc0
acdf7fc0
ace07fc0
ace17fc0
ace27fc0
ace37fc0
ace47fc0
ace57fc0
ace67fc0
ace77fc0
ace87fc0
ace97fc0
acea7fc0
aceb7fc0
acec7fc0
aced7fc0
acee7fc0
acef7fc0
acf07fc0
acf17fc0
acf27fc0
acf37fc0
acf47fc0
acf57fc0
acf67fc0
acf77fc0
acf87fc0
acf97fc0
acfa7fc0
acfb7fc0
acfc7fc0
acfd7fc0
acfe7fc0
acff7fc0
ad007fc0
ad017fc0
ad027fc0
ad037fc0
ad047fc0
ad057fc0
ad067fc0
ad077fc0
ad087fc0
ad097fc0
ad0a7fc0
ad0b7fc0
ad0c7fc0
ad0d7fc0
ad0e7fc0
ad0f7fc0
ad107fc0
ad117fc0
ad127fc0
ad137fc0
ad147fc0
ad157fc0
ad167fc0
ad177fc0
ad187fc0
ad197fc0
ad1a7fc0
ad1b7fc0
ad1c7fc0
ad1d7fc0
ad1e7fc0
ad1f7fc0
ad207fc0
ad217fc0
ad227fc0
ad237fc0
ad247fc0
ad257fc0
ad267fc0
ad277fc0
ad287fc0
ad297fc0
ad2a7fc0
ad2b7fc0
ad2c7fc0
ad2d7fc0
ad2e7fc0
ad2f7fc0
ad307fc0
ad317fc0
ad327fc0
ad337fc0
ad347fc0
ad357fc0
ad367fc0
ad377fc0
ad387fc0
ad397fc0
ad3a7fc0
ad3b7fc0
ad3c7fc0
ad3d7fc0
ad3e7fc0
ad3f7fc0
ad407fc0
ad417fc0
ad427fc0
ad437fc0
ad447fc0
ad457fc0
ad467fc0
ad477fc0
ad487fc0
ad497fc0
ad4a7fc0
ad4b7fc0
ad4c7fc0
ad4d7fc0
ad4e7fc0
ad4f7fc0
ad507fc0
ad517fc0
ad527fc0
ad537fc0
ad547fc0
ad557fc0
ad567fc0
ad577fc0
ad587fc0
ad597fc0
ad5a7fc0
ad5b7fc0
ad5c7fc0
ad5d7fc0
ad5e7fc0
ad5f7fc0
ad607fc0
ad617fc0
ad627fc0
ad637fc0
ad647fc0
ad657fc0
ad667fc0
ad677fc0
ad687fc0
ad697fc0
ad6a7fc0
ad6b7fc0
ad6c7fc0
ad6d7fc0
ad6e7fc0
ad6f7fc0
ad707fc0
ad717fc0
ad727fc0
ad737fc0
ad747fc0
ad757fc0
ad767fc0
ad777fc0
ad787fc0
ad797fc0
ad7a7fc0
ad7b7fc0
ad7c7fc0
ad7d7fc0
ad7e7fc0
ad7f7fc0
ad807fc0
ad817fc0
ad827fc0
ad837fc0
ad847fc0
ad857fc0
ad867fc0
ad877fc0
ad887fc0
ad897fc0
ad8a7fc0
ad8b7fc0
ad8c7fc0
ad8d7fc0
ad8e7fc0
ad8f7fc0
ad907fc0
ad917fc0
ad927fc0
ad937fc0
ad947fc0
ad957fc0
ad967fc0
ad977fc0
ad987fc0
ad997fc0
ad9a7fc0
ad9b7fc0
ad9c7fc0
ad9d7fc0
ad9e7fc0
ad9f7fc0
ada07fc0
ada17fc0
ada27fc0
ada37fc0
ada47fc0
ada57fc0
ada67fc0
ada77fc0
ada87fc0
ada97fc0
adaa7fc0
adab7fc0
adac7fc0
adad7fc0
adae7fc0
adaf7fc0
adb07fc0
adb17fc0
adb27fc0
adb37fc0
adb47fc0
adb57fc0
adb67fc0
adb77fc0
adb87fc0
adb97fc0
adba7fc0
adbb7fc0
adbc7fc0
adbd7fc0
adbe7fc0
adbf7fc0
adc07fc0
adc17fc0
adc27fc0
adc37fc0
adc47fc0
adc57fc0
adc67fc0
adc77fc0
adc87fc0
adc97fc0
adca7fc0
adcb7fc0
adcc7fc0
adcd7fc0
adce7fc0
adcf7fc0
add07fc0
add17fc0
add27fc0
add37fc0
add47fc0
add57fc0
add67fc0
add77fc0
add87fc0
add97fc0
adda7fc0
addb7fc0
addc7fc0
addd7fc0
adde7fc0
addf7fc0
ade07fc0
ade17fc0
ade27fc0
ade37fc0
ade47fc0
ade57fc0
ade67fc0
ade77fc0
ade87fc0
ade97fc0
adea7fc0
adeb7fc0
adec7fc0
aded7fc0
adee7fc0
adef7fc0
adf07fc0
adf17fc0
adf27fc0
adf37fc0
adf47fc0
adf57fc0
adf67fc0
adf77fc0
adf87fc0
adf97fc0
adfa7fc0
adfb7fc0
adfc7fc0
adfd7fc0
adfe7fc0
adff7fc0
ae007fc0
ae017fc0
ae027fc0
ae037fc0
ae047fc0
ae057fc0
ae067fc0
ae077fc0
ae087fc0
ae097fc0
ae0a7fc0
ae0b7fc0
ae0c7fc0
ae0d7fc0
ae0e7fc0
ae0f7fc0
ae107fc0
ae117fc0
ae127fc0
ae137fc0
ae147fc0
ae157fc0
ae167fc0
ae177fc0
ae187fc0
ae197fc0
ae1a7fc0
ae1b7fc0
ae1c7fc0
ae1d7fc0
ae1e7fc0
ae1f7fc0
ae207fc0
ae217fc0
ae227fc0
ae237fc0
ae247fc0
ae257fc0
ae267fc0
ae277fc0
ae287fc0
ae297fc0
ae2a7fc0
ae2b7fc0
ae2c7fc0
ae2d7fc0
ae2e7fc0
ae2f7fc0
ae307fc0
ae317fc0
ae327fc0
ae337fc0
ae347fc0
ae357fc0
ae367fc0
ae377fc0
ae387fc0
ae397fc0
ae3a7fc0
ae3b7fc0
ae3c7fc0
ae3d7fc0
ae3e7fc0
ae3f7fc0
ae407fc0
ae417fc0
ae427fc0
ae437fc0
ae447fc0
ae457fc0
ae467fc0
ae477fc0
ae487fc0
ae497fc0
ae4a7fc0
ae4b7fc0
ae4c7fc0
ae4d7fc0
ae4e7fc0
ae4f7fc0
ae507fc0
ae517fc0
ae527fc0
ae537fc0
ae547fc0
ae557fc0
ae567fc0
ae577fc0
ae587fc0
ae597fc0
ae5a7fc0
ae5b7fc0
ae5c7fc0
ae5d7fc0
ae5e7fc0
ae5f7fc0
ae607fc0
ae617fc0
ae627fc0
ae637fc0
ae647fc0
ae657fc0
ae667fc0
ae677fc0
ae687fc0
ae697fc0
ae6a7fc0
ae6b7fc0
ae6c7fc0
ae6d7fc0
ae6e7fc0
ae6f7fc0
ae707fc0
ae717fc0
ae727fc0
ae737fc0
ae747fc0
ae757fc0
ae767fc0
ae777fc0
ae787fc0
ae797fc0
ae7a7fc0
ae7b7fc0
ae7c7fc0
ae7d7fc0
ae7e7fc0
ae7f7fc0
ae807fc0
ae817fc0
ae827fc0
ae837fc0
ae847fc0
ae857fc0
ae867fc0
ae877fc0
ae887fc0
ae897fc0
ae8a7fc0
ae8b7fc0
ae8c7fc0
ae8d7fc0
ae8e7fc0
ae8f7fc0
ae907fc0
ae917fc0
ae927fc0
ae937fc0
ae947fc0
ae957fc0
ae967fc0
ae977fc0
ae987fc0
ae997fc0
ae9a7fc0
ae9b7fc0
ae9c7fc0
ae9d7fc0
ae9e7fc0
ae9f7fc0
aea07fc0
aea17fc0
aea27fc0
aea37fc0
aea47fc0
aea57fc0
aea67fc0
aea77fc0
aea87fc0
aea97fc0
aeaa7fc0
aeab7fc0
aeac7fc0
aead7fc0
aeae7fc0
aeaf7fc0
aeb07fc0
aeb17fc0
aeb27fc0
aeb37fc0
aeb47fc0
aeb57fc0
aeb67fc0
aeb77fc0
aeb87fc0
aeb97fc0
aeba7fc0
aebb7fc0
aebc7fc0
aebd7fc0
aebe7fc0
aebf7fc0
aec07fc0
aec17fc0
aec27fc0
aec37fc0
aec47fc0
aec57fc0
aec67fc0
aec77fc0
aec87fc0
aec97fc0
aeca7fc0
aecb7fc0
aecc7fc0
aecd7fc0
aece7fc0
aecf7fc0
aed07fc0
aed17fc0
aed27fc0
aed37fc0
aed47fc0
aed57fc0
aed67fc0
aed77fc0
aed87fc0
aed97fc0
aeda7fc0
aedb7fc0
aedc7fc0
aedd7fc0
aede7fc0
aedf7fc0
aee07fc0
aee17fc0
aee27fc0
aee37fc0
aee47fc0
aee57fc0
aee67fc0
aee77fc0
aee87fc0
aee97fc0
aeea7fc0
aeeb7fc0
aeec7fc0
aeed7fc0
aeee7fc0
aeef7fc0
aef07fc0
aef17fc0
aef27fc0
aef37fc0
aef47fc0
aef57fc0
aef67fc0
aef77fc0
aef87fc0
aef97fc0
aefa7fc0
aefb7fc0
aefc7fc0
aefd7fc0
aefe7fc0
aeff7fc0
af007fc0
af017fc0
af027fc0
af037fc0
af047fc0
af057fc0
af067fc0
af077fc0
af087fc0
af097fc0
af0a7fc0
af0b7fc0
af0c7fc0
af0d7fc0
af0e7fc0
af0f7fc0
af107fc0
af117fc0
af127fc0
af137fc0
af147fc0
af157fc0
af167fc0
af177fc0
af187fc0
af197fc0
af1a7fc0
af1b7fc0
af1c7fc0
af1d7fc0
af1e7fc0
af1f7fc0
af207fc0
af217fc0
af227fc0
af237fc0
af247fc0
af257fc0
af267fc0
af277fc0
af287fc0
af297fc0
af2a7fc0
af2b7fc0
af2c7fc0
af2d7fc0
af2e7fc0
af2f7fc0
af307fc0
af317fc0
af327fc0
af337fc0
af347fc0
af357fc0
af367fc0
af377fc0
af387fc0
af397fc0
af3a7fc0
af3b7fc0
af3c7fc0
af3d7fc0
af3e7fc0
af3f7fc0
af407fc0
af417fc0
af427fc0
af437fc0
af447fc0
af457fc0
af467fc0
af477fc0
af487fc0
af497fc0
af4a7fc0
af4b7fc0
af4c7fc0
af4d7fc0
af4e7fc0
af4f7fc0
af507fc0
af517fc0
af527fc0
af537fc0
af547fc0
af557fc0
af567fc0
af577fc0
af587fc0
af597fc0
af5a7fc0
af5b7fc0
af5c7fc0
af5d7fc0
af5e7fc0
af5f7fc0
af607fc0
af617fc0
af627fc0
af637fc0
af647fc0
af657fc0
af667fc0
af677fc0
af687fc0
af697fc0
af6a7fc0
af6b7fc0
af6c7fc0
af6d7fc0
af6e7fc0
af6f7fc0
af707fc0
af717fc0
af727fc0
af737fc0
af747fc0
af757fc0
af767fc0
af777fc0
af787fc0
af797fc0
af7a7fc0
af7b7fc0
af7c7fc0
af7d7fc0
af7e7fc0
af7f7fc0
af807fc0
af817fc0
af827fc0
af837fc0
af847fc0
af857fc0
af867fc0
af877fc0
af887fc0
af897fc0
af8a7fc0
af8b7fc0
af8c7fc0
af8d7fc0
af8e7fc0
af8f7fc0
af907fc0
af917fc0
af927fc0
af937fc0
af947fc0
af957fc0
af967fc0
af977fc0
af987fc0
af997fc0
af9a7fc0
af9b7fc0
af9c7fc0
af9d7fc0
af9e7fc0
af9f7fc0
afa07fc0
afa17fc0
afa27fc0
afa37fc0
afa47fc0
afa57fc0
afa67fc0
afa77fc0
afa87fc0
afa97fc0
afaa7fc0
afab7fc0
afac7fc0
afad7fc0
afae7fc0
afaf7fc0
afb07fc0
afb17fc0
afb27fc0
afb37fc0
afb47fc0
afb57fc0
afb67fc0
afb77fc0
afb87fc0
afb97fc0
afba7fc0
afbb7fc0
afbc7fc0
afbd7fc0
afbe7fc0
afbf7fc0
afc07fc0
afc17fc0
afc27fc0
afc37fc0
afc47fc0
afc57fc0
afc67fc0
afc77fc0
afc87fc0
afc97fc0
afca7fc0
afcb7fc0
afcc7fc0
afcd7fc0
afce7fc0
afcf7fc0
afd07fc0
afd17fc0
afd27fc0
afd37fc0
afd47fc0
afd57fc0
afd67fc0
afd77fc0
afd87fc0
afd97fc0
afda7fc0
afdb7fc0
afdc7fc0
afdd7fc0
afde7fc0
afdf7fc0
afe07fc0
afe17fc0
afe27fc0
afe37fc0
afe47fc0
afe57fc0
afe67fc0
afe77fc0
afe87fc0
afe97fc0
afea7fc0
afeb7fc0
afec7fc0
afed7fc0
afee7fc0
afef7fc0
aff07fc0
aff17fc0
aff27fc0
aff37fc0
aff47fc0
aff57fc0
aff67fc0
aff77fc0
aff87fc0
aff97fc0
affa7fc0
affb7fc0
affc7fc0
affd7fc0
affe7fc0
afff7fc0
b0007fc0
b0017fc0
b0027fc0
b0037fc0
b0047fc0
b0057fc0
b0067fc0
b0077fc0
b0087fc0
b0097fc0
b00a7fc0
b00b7fc0
b00c7fc0
b00d7fc0
b00e7fc0
b00f7fc0
b0107fc0
b0117fc0
b0127fc0
b0137fc0
b0147fc0
b0157fc0
b0167fc0
b0177fc0
b0187fc0
b0197fc0
b01a7fc0
b01b7fc0
b01c7fc0
b01d7fc0
b01e7fc0
b01f7fc0
b0207fc0
b0217fc0
b0227fc0
b0237fc0
b0247fc0
b0257fc0
b0267fc0
b0277fc0
b0287fc0
b0297fc0
b02a7fc0
b02b7fc0
b02c7fc0
b02d7fc0
b02e7fc0
b02f7fc0
b0307fc0
b0317fc0
b0327fc0
b0337fc0
b0347fc0
b0357fc0
b0367fc0
b0377fc0
b0387fc0
b0397fc0
b03a7fc0
b03b7fc0
b03c7fc0
b03d7fc0
b03e7fc0
b03f7fc0
b0407fc0
b0417fc0
b0427fc0
b0437fc0
b0447fc0
b0457fc0
b0467fc0
b0477fc0
b0487fc0
b0497fc0
b04a7fc0
b04b7fc0
b04c7fc0
b04d7fc0
b04e7fc0
b04f7fc0
b0507fc0
b0517fc0
b0527fc0
b0537fc0
b0547fc0
b0557fc0
b0567fc0
b0577fc0
b0587fc0
b0597fc0
b05a7fc0
b05b7fc0
b05c7fc0
b05d7fc0
b05e7fc0
b05f7fc0
b0607fc0
b0617fc0
b0627fc0
b0637fc0
b0647fc0
b0657fc0
b0667fc0
b0677fc0
b0687fc0
b0697fc0
b06a7fc0
b06b7fc0
b06c7fc0
b06d7fc0
b06e7fc0
b06f7fc0
b0707fc0
b0717fc0
b0727fc0
b0737fc0
b0747fc0
b0757fc0
b0767fc0
b0777fc0
b0787fc0
b0797fc0
b07a7fc0
b07b7fc0
b07c7fc0
b07d7fc0
b07e7fc0
b07f7fc0
b0807fc0
b0817fc0
b0827fc0
b0837fc0
b0847fc0
b0857fc0
b0867fc0
b0877fc0
b0887fc0
b0897fc0
b08a7fc0
b08b7fc0
b08c7fc0
b08d7fc0
b08e7fc0
b08f7fc0
b0907fc0
b0917fc0
b0927fc0
b0937fc0
b0947fc0
b0957fc0
b0967fc0
b0977fc0
b0987fc0
b0997fc0
b09a7fc0
b09b7fc0
b09c7fc0
b09d7fc0
b09e7fc0
b09f7fc0
b0a07fc0
b0a17fc0
b0a27fc0
b0a37fc0
b0a47fc0
b0a57fc0
b0a67fc0
b0a77fc0
b0a87fc0
b0a97fc0
b0aa7fc0
b0ab7fc0
b0ac7fc0
b0ad7fc0
b0ae7fc0
b0af7fc0
b0b07fc0
b0b17fc0
b0b27fc0
b0b37fc0
b0b47fc0
b0b57fc0
b0b67fc0
b0b77fc0
b0b87fc0
b0b97fc0
b0ba7fc0
b0bb7fc0
b0bc7fc0
b0bd7fc0
b0be7fc0
b0bf7fc0
b0c07fc0
b0c17fc0
b0c27fc0
b0c37fc0
b0c47fc0
b0c57fc0
b0c67fc0
b0c77fc0
b0c87fc0
b0c97fc0
b0ca7fc0
b0cb7fc0
b0cc7fc0
b0cd7fc0
b0ce7fc0
b0cf7fc0
b0d07fc0
b0d17fc0
b0d27fc0
b0d37fc0
b0d47fc0
b0d57fc0
b0d67fc0
b0d77fc0
b0d87fc0
b0d97fc0
b0da7fc0
b0db7fc0
b0dc7fc0
b0dd7fc0
b0de7fc0
b0df7fc0
b0e07fc0
b0e17fc0
b0e27fc0
b0e37fc0
b0e47fc0
b0e57fc0
b0e67fc0
b0e77fc0
b0e87fc0
b0e97fc0
b0ea7fc0
b0eb7fc0
b0ec7fc0
b0ed7fc0
b0ee7fc0
b0ef7fc0
b0f07fc0
b0f17fc0
b0f27fc0
b0f37fc0
b0f47fc0
b0f57fc0
b0f67fc0
b0f77fc0
b0f87fc0
b0f97fc0
b0fa7fc0
b0fb7fc0
b0fc7fc0
b0fd7fc0
b0fe7fc0
b0ff7fc0
b1007fc0
b1017fc0
b1027fc0
b1037fc0
b1047fc0
b1057fc0
b1067fc0
b1077fc0
b1087fc0
b1097fc0
b10a7fc0
b10b7fc0
b10c7fc0
b10d7fc0
b10e7fc0
b10f7fc0
b1107fc0
b1117fc0
b1127fc0
b1137fc0
b1147fc0
b1157fc0
b1167fc0
b1177fc0
b1187fc0
b1197fc0
b11a7fc0
b11b7fc0
b11c7fc0
b11d7fc0
b11e7fc0
b11f7fc0
b1207fc0
b1217fc0
b1227fc0
b1237fc0
b1247fc0
b1257fc0
b1267fc0
b1277fc0
b1287fc0
b1297fc0
b12a7fc0
b12b7fc0
b12c7fc0
b12d7fc0
b12e7fc0
b12f7fc0
b1307fc0
b1317fc0
b1327fc0
b1337fc0
b1347fc0
b1357fc0
b1367fc0
b1377fc0
b1387fc0
b1397fc0
b13a7fc0
b13b7fc0
b13c7fc0
b13d7fc0
b13e7fc0
b13f7fc0
b1407fc0
b1417fc0
b1427fc0
b1437fc0
b1447fc0
b1457fc0
b1467fc0
b1477fc0
b1487fc0
b1497fc0
b14a7fc0
b14b7fc0
b14c7fc0
b14d7fc0
b14e7fc0
b14f7fc0
b1507fc0
b1517fc0
b1527fc0
b1537fc0
b1547fc0
b1557fc0
b1567fc0
b1577fc0
b1587fc0
b1597fc0
b15a7fc0
b15b7fc0
b15c7fc0
b15d7fc0
b15e7fc0
b15f7fc0
b1607fc0
b1617fc0
b1627fc0
b1637fc0
b1647fc0
b1657fc0
b1667fc0
b1677fc0
b1687fc0
b1697fc0
b16a7fc0
b16b7fc0
b16c7fc0
b16d7fc0
b16e7fc0
b16f7fc0
b1707fc0
b1717fc0
b1727fc0
b1737fc0
b1747fc0
b1757fc0
b1767fc0
b1777fc0
b1787fc0
b1797fc0
b17a7fc0
b17b7fc0
b17c7fc0
b17d7fc0
b17e7fc0
b17f7fc0
b1807fc0
b1817fc0
b1827fc0
b1837fc0
b1847fc0
b1857fc0
b1867fc0
b1877fc0
b1887fc0
b1897fc0
b18a7fc0
b18b7fc0
b18c7fc0
b18d7fc0
b18e7fc0
b18f7fc0
b1907fc0
b1917fc0
b1927fc0
b1937fc0
b1947fc0
b1957fc0
b1967fc0
b1977fc0
b1987fc0
b1997fc0
b19a7fc0
b19b7fc0
b19c7fc0
b19d7fc0
b19e7fc0
b19f7fc0
b1a07fc0
b1a17fc0
b1a27fc0
b1a37fc0
b1a47fc0
b1a57fc0
b1a67fc0
b1a77fc0
b1a87fc0
b1a97fc0
b1aa7fc0
b1ab7fc0
b1ac7fc0
b1ad7fc0
b1ae7fc0
b1af7fc0
b1b07fc0
b1b17fc0
b1b27fc0
b1b37fc0
b1b47fc0
b1b57fc0
b1b67fc0
b1b77fc0
b1b87fc0
b1b97fc0
b1ba7fc0
b1bb7fc0
b1bc7fc0
b1bd7fc0
b1be7fc0
b1bf7fc0
b1c07fc0
b1c17fc0
b1c27fc0
b1c37fc0
b1c47fc0
b1c57fc0
b1c67fc0
b1c77fc0
b1c87fc0
b1c97fc0
b1ca7fc0
b1cb7fc0
b1cc7fc0
b1cd7fc0
b1ce7fc0
b1cf7fc0
b1d07fc0
b1d17fc0
b1d27fc0
b1d37fc0
b1d47fc0
b1d57fc0
b1d67fc0
b1d77fc0
b1d87fc0
b1d97fc0
b1da7fc0
b1db7fc0
b1dc7fc0
b1dd7fc0
b1de7fc0
b1df7fc0
b1e07fc0
b1e17fc0
b1e27fc0
b1e37fc0
b1e47fc0
b1e57fc0
b1e67fc0
b1e77fc0
b1e87fc0
b1e97fc0
b1ea7fc0
b1eb7fc0
b1ec7fc0
b1ed7fc0
b1ee7fc0
b1ef7fc0
b1f07fc0
b1f17fc0
b1f27fc0
b1f37fc0
b1f47fc0
b1f57fc0
b1f67fc0
b1f77fc0
b1f87fc0
b1f97fc0
b1fa7fc0
b1fb7fc0
b1fc7fc0
b1fd7fc0
b1fe7fc0
b1ff7fc0
b2007fc0
b2017fc0
b2027fc0
b2037fc0
b2047fc0
b2057fc0
b2067fc0
b2077fc0
b2087fc0
b2097fc0
b20a7fc0
b20b7fc0
b20c7fc0
b20d7fc0
b20e7fc0
b20f7fc0
b2107fc0
b2117fc0
b2127fc0
b2137fc0
b2147fc0
b2157fc0
b2167fc0
b2177fc0
b2187fc0
b2197fc0
b21a7fc0
b21b7fc0
b21c7fc0
b21d7fc0
b21e7fc0
b21f7fc0
b2207fc0
b2217fc0
b2227fc0
b2237fc0
b2247fc0
b2257fc0
b2267fc0
b2277fc0
b2287fc0
b2297fc0
b22a7fc0
b22b7fc0
b22c7fc0
b22d7fc0
b22e7fc0
b22f7fc0
b2307fc0
b2317fc0
b2327fc0
b2337fc0
b2347fc0
b2357fc0
b2367fc0
b2377fc0
b2387fc0
b2397fc0
b23a7fc0
b23b7fc0
b23c7fc0
b23d7fc0
b23e7fc0
b23f7fc0
b2407fc0
b2417fc0
b2427fc0
b2437fc0
b2447fc0
b2457fc0
b2467fc0
b2477fc0
b2487fc0
b2497fc0
b24a7fc0
b24b7fc0
b24c7fc0
b24d7fc0
b24e7fc0
b24f7fc0
b2507fc0
b2517fc0
b2527fc0
b2537fc0
b2547fc0
b2557fc0
b2567fc0
b2577fc0
b2587fc0
b2597fc0
b25a7fc0
b25b7fc0
b25c7fc0
b25d7fc0
b25e7fc0
b25f7fc0
b2607fc0
b2617fc0
b2627fc0
b2637fc0
b2647fc0
b2657fc0
b2667fc0
b2677fc0
b2687fc0
b2697fc0
b26a7fc0
b26b7fc0
b26c7fc0
b26d7fc0
b26e7fc0
b26f7fc0
b2707fc0
b2717fc0
b2727fc0
b2737fc0
b2747fc0
b2757fc0
b2767fc0
b2777fc0
b2787fc0
b2797fc0
b27a7fc0
b27b7fc0
b27c7fc0
b27d7fc0
b27e7fc0
b27f7fc0
b2807fc0
b2817fc0
b2827fc0
b2837fc0
b2847fc0
b2857fc0
b2867fc0
b2877fc0
b2887fc0
b2897fc0
b28a7fc0
b28b7fc0
b28c7fc0
b28d7fc0
b28e7fc0
b28f7fc0
b2907fc0
b2917fc0
b2927fc0
b2937fc0
b2947fc0
b2957fc0
b2967fc0
b2977fc0
b2987fc0
b2997fc0
b29a7fc0
b29b7fc0
b29c7fc0
b29d7fc0
b29e7fc0
b29f7fc0
b2a07fc0
b2a17fc0
b2a27fc0
b2a37fc0
b2a47fc0
b2a57fc0
b2a67fc0
b2a77fc0
b2a87fc0
b2a97fc0
b2aa7fc0
b2ab7fc0
b2ac7fc0
b2ad7fc0
b2ae7fc0
b2af7fc0
b2b07fc0
b2b17fc0
b2b27fc0
b2b37fc0
b2b47fc0
b2b57fc0
b2b67fc0
b2b77fc0
b2b87fc0
b2b97fc0
b2ba7fc0
b2bb7fc0
b2bc7fc0
b2bd7fc0
b2be7fc0
b2bf7fc0
b2c07fc0
b2c17fc0
b2c27fc0
b2c37fc0
b2c47fc0
b2c57fc0
b2c67fc0
b2c77fc0
b2c87fc0
b2c97fc0
b2ca7fc0
b2cb7fc0
b2cc7fc0
b2cd7fc0
b2ce7fc0
b2cf7fc0
b2d07fc0
b2d17fc0
b2d27fc0
b2d37fc0
b2d47fc0
b2d57fc0
b2d67fc0
b2d77fc0
b2d87fc0
b2d97fc0
b2da7fc0
b2db7fc0
b2dc7fc0
b2dd7fc0
b2de7fc0
b2df7fc0
b2e07fc0
b2e17fc0
b2e27fc0
b2e37fc0
b2e47fc0
b2e57fc0
b2e67fc0
b2e77fc0
b2e87fc0
b2e97fc0
b2ea7fc0
b2eb7fc0
b2ec7fc0
b2ed7fc0
b2ee7fc0
b2ef7fc0
b2f07fc0
b2f17fc0
b2f27fc0
b2f37fc0
b2f47fc0
b2f57fc0
b2f67fc0
b2f77fc0
b2f87fc0
b2f97fc0
b2fa7fc0
b2fb7fc0
b2fc7fc0
b2fd7fc0
b2fe7fc0
b2ff7fc0
b3007fc0
b3017fc0
b3027fc0
b3037fc0
b3047fc0
b3057fc0
b3067fc0
b3077fc0
b3087fc0
b3097fc0
b30a7fc0
b30b7fc0
b30c7fc0
b30d7fc0
b30e7fc0
b30f7fc0
b3107fc0
b3117fc0
b3127fc0
b3137fc0
b3147fc0
b3157fc0
b3167fc0
b3177fc0
b3187fc0
b3197fc0
b31a7fc0
b31b7fc0
b31c7fc0
b31d7fc0
b31e7fc0
b31f7fc0
b3207fc0
b3217fc0
b3227fc0
b3237fc0
b3247fc0
b3257fc0
b3267fc0
b3277fc0
b3287fc0
b3297fc0
b32a7fc0
b32b7fc0
b32c7fc0
b32d7fc0
b32e7fc0
b32f7fc0
b3307fc0
b3317fc0
b3327fc0
b3337fc0
b3347fc0
b3357fc0
b3367fc0
b3377fc0
b3387fc0
b3397fc0
b33a7fc0
b33b7fc0
b33c7fc0
b33d7fc0
b33e7fc0
b33f7fc0
b3407fc0
b3417fc0
b3427fc0
b3437fc0
b3447fc0
b3457fc0
b3467fc0
b3477fc0
b3487fc0
b3497fc0
b34a7fc0
b34b7fc0
b34c7fc0
b34d7fc0
b34e7fc0
b34f7fc0
b3507fc0
b3517fc0
b3527fc0
b3537fc0
b3547fc0
b3557fc0
b3567fc0
b3577fc0
b3587fc0
b3597fc0
b35a7fc0
b35b7fc0
b35c7fc0
b35d7fc0
b35e7fc0
b35f7fc0
b3607fc0
b3617fc0
b3627fc0
b3637fc0
b3647fc0
b3657fc0
b3667fc0
b3677fc0
b3687fc0
b3697fc0
b36a7fc0
b36b7fc0
b36c7fc0
b36d7fc0
b36e7fc0
b36f7fc0
b3707fc0
b3717fc0
b3727fc0
b3737fc0
b3747fc0
b3757fc0
b3767fc0
b3777fc0
b3787fc0
b3797fc0
b37a7fc0
b37b7fc0
b37c7fc0
b37d7fc0
b37e7fc0
b37f7fc0
b3807fc0
b3817fc0
b3827fc0
b3837fc0
b3847fc0
b3857fc0
b3867fc0
b3877fc0
b3887fc0
b3897fc0
b38a7fc0
b38b7fc0
b38c7fc0
b38d7fc0
b38e7fc0
b38f7fc0
b3907fc0
b3917fc0
b3927fc0
b3937fc0
b3947fc0
b3957fc0
b3967fc0
b3977fc0
b3987fc0
b3997fc0
b39a7fc0
b39b7fc0
b39c7fc0
b39d7fc0
b39e7fc0
b39f7fc0
b3a07fc0
b3a17fc0
b3a27fc0
b3a37fc0
b3a47fc0
b3a57fc0
b3a67fc0
b3a77fc0
b3a87fc0
b3a97fc0
b3aa7fc0
b3ab7fc0
b3ac7fc0
b3ad7fc0
b3ae7fc0
b3af7fc0
b3b07fc0
b3b17fc0
b3b27fc0
b3b37fc0
b3b47fc0
b3b57fc0
b3b67fc0
b3b77fc0
b3b87fc0
b3b97fc0
b3ba7fc0
b3bb7fc0
b3bc7fc0
b3bd7fc0
b3be7fc0
b3bf7fc0
b3c07fc0
b3c17fc0
b3c27fc0
b3c37fc0
b3c47fc0
b3c57fc0
b3c67fc0
b3c77fc0
b3c87fc0
b3c97fc0
b3ca7fc0
b3cb7fc0
b3cc7fc0
b3cd7fc0
b3ce7fc0
b3cf7fc0
b3d07fc0
b3d17fc0
b3d27fc0
b3d37fc0
b3d47fc0
b3d57fc0
b3d67fc0
b3d77fc0
b3d87fc0
b3d97fc0
b3da7fc0
b3db7fc0
b3dc7fc0
b3dd7fc0
b3de7fc0
b3df7fc0
b3e07fc0
b3e17fc0
b3e27fc0
b3e37fc0
b3e47fc0
b3e57fc0
b3e67fc0
b3e77fc0
b3e87fc0
b3e97fc0
b3ea7fc0
b3eb7fc0
b3ec7fc0
b3ed7fc0
b3ee7fc0
b3ef7fc0
b3f07fc0
b3f17fc0
b3f27fc0
b3f37fc0
b3f47fc0
b3f57fc0
b3f67fc0
b3f77fc0
b3f87fc0
b3f97fc0
b3fa7fc0
b3fb7fc0
b3fc7fc0
b3fd7fc0
b3fe7fc0
b3ff7fc0
b4007fc0
b4017fc0
b4027fc0
b4037fc0
b4047fc0
b4057fc0
b4067fc0
b4077fc0
b4087fc0
b4097fc0
b40a7fc0
b40b7fc0
b40c7fc0
b40d7fc0
b40e7fc0
b40f7fc0
b4107fc0
b4117fc0
b4127fc0
b4137fc0
b4147fc0
b4157fc0
b4167fc0
b4177fc0
b4187fc0
b4197fc0
b41a7fc0
b41b7fc0
b41c7fc0
b41d7fc0
b41e7fc0
b41f7fc0
b4207fc0
b4217fc0
b4227fc0
b4237fc0
b4247fc0
b4257fc0
b4267fc0
b4277fc0
b4287fc0
b4297fc0
b42a7fc0
b42b7fc0
b42c7fc0
b42d7fc0
b42e7fc0
b42f7fc0
b4307fc0
b4317fc0
b4327fc0
b4337fc0
b4347fc0
b4357fc0
b4367fc0
b4377fc0
b4387fc0
b4397fc0
b43a7fc0
b43b7fc0
b43c7fc0
b43d7fc0
b43e7fc0
b43f7fc0
b4407fc0
b4417fc0
b4427fc0
b4437fc0
b4447fc0
b4457fc0
b4467fc0
b4477fc0
b4487fc0
b4497fc0
b44a7fc0
b44b7fc0
b44c7fc0
b44d7fc0
b44e7fc0
b44f7fc0
b4507fc0
b4517fc0
b4527fc0
b4537fc0
b4547fc0
b4557fc0
b4567fc0
b4577fc0
b4587fc0
b4597fc0
b45a7fc0
b45b7fc0
b45c7fc0
b45d7fc0
b45e7fc0
b45f7fc0
b4607fc0
b4617fc0
b4627fc0
b4637fc0
b4647fc0
b4657fc0
b4667fc0
b4677fc0
b4687fc0
b4697fc0
b46a7fc0
b46b7fc0
b46c7fc0
b46d7fc0
b46e7fc0
b46f7fc0
b4707fc0
b4717fc0
b4727fc0
b4737fc0
b4747fc0
b4757fc0
b4767fc0
b4777fc0
b4787fc0
b4797fc0
b47a7fc0
b47b7fc0
b47c7fc0
b47d7fc0
b47e7fc0
b47f7fc0
b4807fc0
b4817fc0
b4827fc0
b4837fc0
b4847fc0
b4857fc0
b4867fc0
b4877fc0
b4887fc0
b4897fc0
b48a7fc0
b48b7fc0
b48c7fc0
b48d7fc0
b48e7fc0
b48f7fc0
b4907fc0
b4917fc0
b4927fc0
b4937fc0
b4947fc0
b4957fc0
b4967fc0
b4977fc0
b4987fc0
b4997fc0
b49a7fc0
b49b7fc0
b49c7fc0
b49d7fc0
b49e7fc0
b49f7fc0
b4a07fc0
b4a17fc0
b4a27fc0
b4a37fc0
b4a47fc0
b4a57fc0
b4a67fc0
b4a77fc0
b4a87fc0
b4a97fc0
b4aa7fc0
b4ab7fc0
b4ac7fc0
b4ad7fc0
b4ae7fc0
b4af7fc0
b4b07fc0
b4b17fc0
b4b27fc0
b4b37fc0
b4b47fc0
b4b57fc0
b4b67fc0
b4b77fc0
b4b87fc0
b4b97fc0
b4ba7fc0
b4bb7fc0
b4bc7fc0
b4bd7fc0
b4be7fc0
b4bf7fc0
b4c07fc0
b4c17fc0
b4c27fc0
b4c37fc0
b4c47fc0
b4c57fc0
b4c67fc0
b4c77fc0
b4c87fc0
b4c97fc0
b4ca7fc0
b4cb7fc0
b4cc7fc0
b4cd7fc0
b4ce7fc0
b4cf7fc0
b4d07fc0
b4d17fc0
b4d27fc0
b4d37fc0
b4d47fc0
b4d57fc0
b4d67fc0
b4d77fc0
b4d87fc0
b4d97fc0
b4da7fc0
b4db7fc0
b4dc7fc0
b4dd7fc0
b4de7fc0
b4df7fc0
b4e07fc0
b4e17fc0
b4e27fc0
b4e37fc0
b4e47fc0
b4e57fc0
b4e67fc0
b4e77fc0
b4e87fc0
b4e97fc0
b4ea7fc0
b4eb7fc0
b4ec7fc0
b4ed7fc0
b4ee7fc0
b4ef7fc0
b4f07fc0
b4f17fc0
b4f27fc0
b4f37fc0
b4f47fc0
b4f57fc0
b4f67fc0
b4f77fc0
b4f87fc0
b4f97fc0
b4fa7fc0
b4fb7fc0
b4fc7fc0
b4fd7fc0
b4fe7fc0
b4ff7fc0
b5007fc0
b5017fc0
b5027fc0
b5037fc0
b5047fc0
b5057fc0
b5067fc0
b5077fc0
b5087fc0
b5097fc0
b50a7fc0
b50b7fc0
b50c7fc0
b50d7fc0
b50e7fc0
b50f7fc0
b5107fc0
b5117fc0
b5127fc0
b5137fc0
b5147fc0
b5157fc0
b5167fc0
b5177fc0
b5187fc0
b5197fc0
b51a7fc0
b51b7fc0
b51c7fc0
b51d7fc0
b51e7fc0
b51f7fc0
b5207fc0
b5217fc0
b5227fc0
b5237fc0
b5247fc0
b5257fc0
b5267fc0
b5277fc0
b5287fc0
b5297fc0
b52a7fc0
b52b7fc0
b52c7fc0
b52d7fc0
b52e7fc0
b52f7fc0
b5307fc0
b5317fc0
b5327fc0
b5337fc0
b5347fc0
b5357fc0
b5367fc0
b5377fc0
b5387fc0
b5397fc0
b53a7fc0
b53b7fc0
b53c7fc0
b53d7fc0
b53e7fc0
b53f7fc0
b5407fc0
b5417fc0
b5427fc0
b5437fc0
b5447fc0
b5457fc0
b5467fc0
b5477fc0
b5487fc0
b5497fc0
b54a7fc0
b54b7fc0
b54c7fc0
b54d7fc0
b54e7fc0
b54f7fc0
b5507fc0
b5517fc0
b5527fc0
b5537fc0
b5547fc0
b5557fc0
b5567fc0
b5577fc0
b5587fc0
b5597fc0
b55a7fc0
b55b7fc0
b55c7fc0
b55d7fc0
b55e7fc0
b55f7fc0
b5607fc0
b5617fc0
b5627fc0
b5637fc0
b5647fc0
b5657fc0
b5667fc0
b5677fc0
b5687fc0
b5697fc0
b56a7fc0
b56b7fc0
b56c7fc0
b56d7fc0
b56e7fc0
b56f7fc0
b5707fc0
b5717fc0
b5727fc0
b5737fc0
b5747fc0
b5757fc0
b5767fc0
b5777fc0
b5787fc0
b5797fc0
b57a7fc0
b57b7fc0
b57c7fc0
b57d7fc0
b57e7fc0
b57f7fc0
b5807fc0
b5817fc0
b5827fc0
b5837fc0
b5847fc0
b5857fc0
b5867fc0
b5877fc0
b5887fc0
b5897fc0
b58a7fc0
b58b7fc0
b58c7fc0
b58d7fc0
b58e7fc0
b58f7fc0
b5907fc0
b5917fc0
b5927fc0
b5937fc0
b5947fc0
b5957fc0
b5967fc0
b5977fc0
b5987fc0
b5997fc0
b59a7fc0
b59b7fc0
b59c7fc0
b59d7fc0
b59e7fc0
b59f7fc0
b5a07fc0
b5a17fc0
b5a27fc0
b5a37fc0
b5a47fc0
b5a57fc0
b5a67fc0
b5a77fc0
b5a87fc0
b5a97fc0
b5aa7fc0
b5ab7fc0
b5ac7fc0
b5ad7fc0
b5ae7fc0
b5af7fc0
b5b07fc0
b5b17fc0
b5b27fc0
b5b37fc0
b5b47fc0
b5b57fc0
b5b67fc0
b5b77fc0
b5b87fc0
b5b97fc0
b5ba7fc0
b5bb7fc0
b5bc7fc0
b5bd7fc0
b5be7fc0
b5bf7fc0
b5c07fc0
b5c17fc0
b5c27fc0
b5c37fc0
b5c47fc0
b5c57fc0
b5c67fc0
b5c77fc0
b5c87fc0
b5c97fc0
b5ca7fc0
b5cb7fc0
b5cc7fc0
b5cd7fc0
b5ce7fc0
b5cf7fc0
b5d07fc0
b5d17fc0
b5d27fc0
b5d37fc0
b5d47fc0
b5d57fc0
b5d67fc0
b5d77fc0
b5d87fc0
b5d97fc0
b5da7fc0
b5db7fc0
b5dc7fc0
b5dd7fc0
b5de7fc0
b5df7fc0
b5e07fc0
b5e17fc0
b5e27fc0
b5e37fc0
b5e47fc0
b5e57fc0
b5e67fc0
b5e77fc0
b5e87fc0
b5e97fc0
b5ea7fc0
b5eb7fc0
b5ec7fc0
b5ed7fc0
b5ee7fc0
b5ef7fc0
b5f07fc0
b5f17fc0
b5f27fc0
b5f37fc0
b5f47fc0
b5f57fc0
b5f67fc0
b5f77fc0
b5f87fc0
b5f97fc0
b5fa7fc0
b5fb7fc0
b5fc7fc0
b5fd7fc0
b5fe7fc0
b5ff7fc0
b6007fc0
b6017fc0
b6027fc0
b6037fc0
b6047fc0
b6057fc0
b6067fc0
b6077fc0
b6087fc0
b6097fc0
b60a7fc0
b60b7fc0
b60c7fc0
b60d7fc0
b60e7fc0
b60f7fc0
b6107fc0
b6117fc0
b6127fc0
b6137fc0
b6147fc0
b6157fc0
b6167fc0
b6177fc0
b6187fc0
b6197fc0
b61a7fc0
b61b7fc0
b61c7fc0
b61d7fc0
b61e7fc0
b61f7fc0
b6207fc0
b6217fc0
b6227fc0
b6237fc0
b6247fc0
b6257fc0
b6267fc0
b6277fc0
b6287fc0
b6297fc0
b62a7fc0
b62b7fc0
b62c7fc0
b62d7fc0
b62e7fc0
b62f7fc0
b6307fc0
b6317fc0
b6327fc0
b6337fc0
b6347fc0
b6357fc0
b6367fc0
b6377fc0
b6387fc0
b6397fc0
b63a7fc0
b63b7fc0
b63c7fc0
b63d7fc0
b63e7fc0
b63f7fc0
b6407fc0
b6417fc0
b6427fc0
b6437fc0
b6447fc0
b6457fc0
b6467fc0
b6477fc0
b6487fc0
b6497fc0
b64a7fc0
b64b7fc0
b64c7fc0
b64d7fc0
b64e7fc0
b64f7fc0
b6507fc0
b6517fc0
b6527fc0
b6537fc0
b6547fc0
b6557fc0
b6567fc0
b6577fc0
b6587fc0
b6597fc0
b65a7fc0
b65b7fc0
b65c7fc0
b65d7fc0
b65e7fc0
b65f7fc0
b6607fc0
b6617fc0
b6627fc0
b6637fc0
b6647fc0
b6657fc0
b6667fc0
b6677fc0
b6687fc0
b6697fc0
b66a7fc0
b66b7fc0
b66c7fc0
b66d7fc0
b66e7fc0
b66f7fc0
b6707fc0
b6717fc0
b6727fc0
b6737fc0
b6747fc0
b6757fc0
b6767fc0
b6777fc0
b6787fc0
b6797fc0
b67a7fc0
b67b7fc0
b67c7fc0
b67d7fc0
b67e7fc0
b67f7fc0
b6807fc0
b6817fc0
b6827fc0
b6837fc0
b6847fc0
b6857fc0
b6867fc0
b6877fc0
b6887fc0
b6897fc0
b68a7fc0
b68b7fc0
b68c7fc0
b68d7fc0
b68e7fc0
b68f7fc0
b6907fc0
b6917fc0
b6927fc0
b6937fc0
b6947fc0
b6957fc0
b6967fc0
b6977fc0
b6987fc0
b6997fc0
b69a7fc0
b69b7fc0
b69c7fc0
b69d7fc0
b69e7fc0
b69f7fc0
b6a07fc0
b6a17fc0
b6a27fc0
b6a37fc0
b6a47fc0
b6a57fc0
b6a67fc0
b6a77fc0
b6a87fc0
b6a97fc0
b6aa7fc0
b6ab7fc0
b6ac7fc0
b6ad7fc0
b6ae7fc0
b6af7fc0
b6b07fc0
b6b17fc0
b6b27fc0
b6b37fc0
b6b47fc0
b6b57fc0
b6b67fc0
b6b77fc0
b6b87fc0
b6b97fc0
b6ba7fc0
b6bb7fc0
b6bc7fc0
b6bd7fc0
b6be7fc0
b6bf7fc0
b6c07fc0
b6c17fc0
b6c27fc0
b6c37fc0
b6c47fc0
b6c57fc0
b6c67fc0
b6c77fc0
b6c87fc0
b6c97fc0
b6ca7fc0
b6cb7fc0
b6cc7fc0
b6cd7fc0
b6ce7fc0
b6cf7fc0
b6d07fc0
b6d17fc0
b6d27fc0
b6d37fc0
b6d47fc0
b6d57fc0
b6d67fc0
b6d77fc0
b6d87fc0
b6d97fc0
b6da7fc0
b6db7fc0
b6dc7fc0
b6dd7fc0
b6de7fc0
b6df7fc0
b6e07fc0
b6e17fc0
b6e27fc0
b6e37fc0
b6e47fc0
b6e57fc0
b6e67fc0
b6e77fc0
b6e87fc0
b6e97fc0
b6ea7fc0
b6eb7fc0
b6ec7fc0
b6ed7fc0
b6ee7fc0
b6ef7fc0
b6f07fc0
b6f17fc0
b6f27fc0
b6f37fc0
b6f47fc0
b6f57fc0
b6f67fc0
b6f77fc0
b6f87fc0
b6f97fc0
b6fa7fc0
b6fb7fc0
b6fc7fc0
b6fd7fc0
b6fe7fc0
b6ff7fc0
b7007fc0
b7017fc0
b7027fc0
b7037fc0
b7047fc0
b7057fc0
b7067fc0
b7077fc0
b7087fc0
b7097fc0
b70a7fc0
b70b7fc0
b70c7fc0
b70d7fc0
b70e7fc0
b70f7fc0
b7107fc0
b7117fc0
b7127fc0
b7137fc0
b7147fc0
b7157fc0
b7167fc0
b7177fc0
b7187fc0
b7197fc0
b71a7fc0
b71b7fc0
b71c7fc0
b71d7fc0
b71e7fc0
b71f7fc0
b7207fc0
b7217fc0
b7227fc0
b7237fc0
b7247fc0
b7257fc0
b7267fc0
b7277fc0
b7287fc0
b7297fc0
b72a7fc0
b72b7fc0
b72c7fc0
b72d7fc0
b72e7fc0
b72f7fc0
b7307fc0
b7317fc0
b7327fc0
b7337fc0
b7347fc0
b7357fc0
b7367fc0
b7377fc0
b7387fc0
b7397fc0
b73a7fc0
b73b7fc0
b73c7fc0
b73d7fc0
b73e7fc0
b73f7fc0
b7407fc0
b7417fc0
b7427fc0
b7437fc0
b7447fc0
b7457fc0
b7467fc0
b7477fc0
b7487fc0
b7497fc0
b74a7fc0
b74b7fc0
b74c7fc0
b74d7fc0
b74e7fc0
b74f7fc0
b7507fc0
b7517fc0
b7527fc0
b7537fc0
b7547fc0
b7557fc0
b7567fc0
b7577fc0
b7587fc0
b7597fc0
b75a7fc0
b75b7fc0
b75c7fc0
b75d7fc0
b75e7fc0
b75f7fc0
b7607fc0
b7617fc0
b7627fc0
b7637fc0
b7647fc0
b7657fc0
b7667fc0
b7677fc0
b7687fc0
b7697fc0
b76a7fc0
b76b7fc0
b76c7fc0
b76d7fc0
b76e7fc0
b76f7fc0
b7707fc0
b7717fc0
b7727fc0
b7737fc0
b7747fc0
b7757fc0
b7767fc0
b7777fc0
b7787fc0
b7797fc0
b77a7fc0
b77b7fc0
b77c7fc0
b77d7fc0
b77e7fc0
b77f7fc0
b7807fc0
b7817fc0
b7827fc0
b7837fc0
b7847fc0
b7857fc0
b7867fc0
b7877fc0
b7887fc0
b7897fc0
b78a7fc0
b78b7fc0
b78c7fc0
b78d7fc0
b78e7fc0
b78f7fc0
b7907fc0
b7917fc0
b7927fc0
b7937fc0
b7947fc0
b7957fc0
b7967fc0
b7977fc0
b7987fc0
b7997fc0
b79a7fc0
b79b7fc0
b79c7fc0
b79d7fc0
b79e7fc0
b79f7fc0
b7a07fc0
b7a17fc0
b7a27fc0
b7a37fc0
b7a47fc0
b7a57fc0
b7a67fc0
b7a77fc0
b7a87fc0
b7a97fc0
b7aa7fc0
b7ab7fc0
b7ac7fc0
b7ad7fc0
b7ae7fc0
b7af7fc0
b7b07fc0
b7b17fc0
b7b27fc0
b7b37fc0
b7b47fc0
b7b57fc0
b7b67fc0
b7b77fc0
b7b87fc0
b7b97fc0
b7ba7fc0
b7bb7fc0
b7bc7fc0
b7bd7fc0
b7be7fc0
b7bf7fc0
b7c07fc0
b7c17fc0
b7c27fc0
b7c37fc0
b7c47fc0
b7c57fc0
b7c67fc0
b7c77fc0
b7c87fc0
b7c97fc0
b7ca7fc0
b7cb7fc0
b7cc7fc0
b7cd7fc0
b7ce7fc0
b7cf7fc0
b7d07fc0
b7d17fc0
b7d27fc0
b7d37fc0
b7d47fc0
b7d57fc0
b7d67fc0
b7d77fc0
b7d87fc0
b7d97fc0
b7da7fc0
b7db7fc0
b7dc7fc0
b7dd7fc0
b7de7fc0
b7df7fc0
b7e07fc0
b7e17fc0
b7e27fc0
b7e37fc0
b7e47fc0
b7e57fc0
b7e67fc0
b7e77fc0
b7e87fc0
b7e97fc0
b7ea7fc0
b7eb7fc0
b7ec7fc0
b7ed7fc0
b7ee7fc0
b7ef7fc0
b7f07fc0
b7f17fc0
b7f27fc0
b7f37fc0
b7f47fc0
b7f57fc0
b7f67fc0
b7f77fc0
b7f87fc0
b7f97fc0
b7fa7fc0
b7fb7fc0
b7fc7fc0
b7fd7fc0
b7fe7fc0
b7ff7fc0
b8007fc0
b8017fc0
b8027fc0
b8037fc0
b8047fc0
b8057fc0
b8067fc0
b8077fc0
b8087fc0
b8097fc0
b80a7fc0
b80b7fc0
b80c7fc0
b80d7fc0
b80e7fc0
b80f7fc0
b8107fc0
b8117fc0
b8127fc0
b8137fc0
b8147fc0
b8157fc0
b8167fc0
b8177fc0
b8187fc0
b8197fc0
b81a7fc0
b81b7fc0
b81c7fc0
b81d7fc0
b81e7fc0
b81f7fc0
b8207fc0
b8217fc0
b8227fc0
b8237fc0
b8247fc0
b8257fc0
b8267fc0
b8277fc0
b8287fc0
b8297fc0
b82a7fc0
b82b7fc0
b82c7fc0
b82d7fc0
b82e7fc0
b82f7fc0
b8307fc0
b8317fc0
b8327fc0
b8337fc0
b8347fc0
b8357fc0
b8367fc0
b8377fc0
b8387fc0
b8397fc0
b83a7fc0
b83b7fc0
b83c7fc0
b83d7fc0
b83e7fc0
b83f7fc0
b8407fc0
b8417fc0
b8427fc0
b8437fc0
b8447fc0
b8457fc0
b8467fc0
b8477fc0
b8487fc0
b8497fc0
b84a7fc0
b84b7fc0
b84c7fc0
b84d7fc0
b84e7fc0
b84f7fc0
b8507fc0
b8517fc0
b8527fc0
b8537fc0
b8547fc0
b8557fc0
b8567fc0
b8577fc0
b8587fc0
b8597fc0
b85a7fc0
b85b7fc0
b85c7fc0
b85d7fc0
b85e7fc0
b85f7fc0
b8607fc0
b8617fc0
b8627fc0
b8637fc0
b8647fc0
b8657fc0
b8667fc0
b8677fc0
b8687fc0
b8697fc0
b86a7fc0
b86b7fc0
b86c7fc0
b86d7fc0
b86e7fc0
b86f7fc0
b8707fc0
b8717fc0
b8727fc0
b8737fc0
b8747fc0
b8757fc0
b8767fc0
b8777fc0
b8787fc0
b8797fc0
b87a7fc0
b87b7fc0
b87c7fc0
b87d7fc0
b87e7fc0
b87f7fc0
b8807fc0
b8817fc0
b8827fc0
b8837fc0
b8847fc0
b8857fc0
b8867fc0
b8877fc0
b8887fc0
b8897fc0
b88a7fc0
b88b7fc0
b88c7fc0
b88d7fc0
b88e7fc0
b88f7fc0
b8907fc0
b8917fc0
b8927fc0
b8937fc0
b8947fc0
b8957fc0
b8967fc0
b8977fc0
b8987fc0
b8997fc0
b89a7fc0
b89b7fc0
b89c7fc0
b89d7fc0
b89e7fc0
b89f7fc0
b8a07fc0
b8a17fc0
b8a27fc0
b8a37fc0
b8a47fc0
b8a57fc0
b8a67fc0
b8a77fc0
b8a87fc0
b8a97fc0
b8aa7fc0
b8ab7fc0
b8ac7fc0
b8ad7fc0
b8ae7fc0
b8af7fc0
b8b07fc0
b8b17fc0
b8b27fc0
b8b37fc0
b8b47fc0
b8b57fc0
b8b67fc0
b8b77fc0
b8b87fc0
b8b97fc0
b8ba7fc0
b8bb7fc0
b8bc7fc0
b8bd7fc0
b8be7fc0
b8bf7fc0
b8c07fc0
b8c17fc0
b8c27fc0
b8c37fc0
b8c47fc0
b8c57fc0
b8c67fc0
b8c77fc0
b8c87fc0
b8c97fc0
b8ca7fc0
b8cb7fc0
b8cc7fc0
b8cd7fc0
b8ce7fc0
b8cf7fc0
b8d07fc0
b8d17fc0
b8d27fc0
b8d37fc0
b8d47fc0
b8d57fc0
b8d67fc0
b8d77fc0
b8d87fc0
b8d97fc0
b8da7fc0
b8db7fc0
b8dc7fc0
b8dd7fc0
b8de7fc0
b8df7fc0
b8e07fc0
b8e17fc0
b8e27fc0
b8e37fc0
b8e47fc0
b8e57fc0
b8e67fc0
b8e77fc0
b8e87fc0
b8e97fc0
b8ea7fc0
b8eb7fc0
b8ec7fc0
b8ed7fc0
b8ee7fc0
b8ef7fc0
b8f07fc0
b8f17fc0
b8f27fc0
b8f37fc0
b8f47fc0
b8f57fc0
b8f67fc0
b8f77fc0
b8f87fc0
b8f97fc0
b8fa7fc0
b8fb7fc0
b8fc7fc0
b8fd7fc0
b8fe7fc0
b8ff7fc0
b9007fc0
b9017fc0
b9027fc0
b9037fc0
b9047fc0
b9057fc0
b9067fc0
b9077fc0
b9087fc0
b9097fc0
b90a7fc0
b90b7fc0
b90c7fc0
b90d7fc0
b90e7fc0
b90f7fc0
b9107fc0
b9117fc0
b9127fc0
b9137fc0
b9147fc0
b9157fc0
b9167fc0
b9177fc0
b9187fc0
b9197fc0
b91a7fc0
b91b7fc0
b91c7fc0
b91d7fc0
b91e7fc0
b91f7fc0
b9207fc0
b9217fc0
b9227fc0
b9237fc0
b9247fc0
b9257fc0
b9267fc0
b9277fc0
b9287fc0
b9297fc0
b92a7fc0
b92b7fc0
b92c7fc0
b92d7fc0
b92e7fc0
b92f7fc0
b9307fc0
b9317fc0
b9327fc0
b9337fc0
b9347fc0
b9357fc0
b9367fc0
b9377fc0
b9387fc0
b9397fc0
b93a7fc0
b93b7fc0
b93c7fc0
b93d7fc0
b93e7fc0
b93f7fc0
b9407fc0
b9417fc0
b9427fc0
b9437fc0
b9447fc0
b9457fc0
b9467fc0
b9477fc0
b9487fc0
b9497fc0
b94a7fc0
b94b7fc0
b94c7fc0
b94d7fc0
b94e7fc0
b94f7fc0
b9507fc0
b9517fc0
b9527fc0
b9537fc0
b9547fc0
b9557fc0
b9567fc0
b9577fc0
b9587fc0
b9597fc0
b95a7fc0
b95b7fc0
b95c7fc0
b95d7fc0
b95e7fc0
b95f7fc0
b9607fc0
b9617fc0
b9627fc0
b9637fc0
b9647fc0
b9657fc0
b9667fc0
b9677fc0
b9687fc0
b9697fc0
b96a7fc0
b96b7fc0
b96c7fc0
b96d7fc0
b96e7fc0
b96f7fc0
b9707fc0
b9717fc0
b9727fc0
b9737fc0
b9747fc0
b9757fc0
b9767fc0
b9777fc0
b9787fc0
b9797fc0
b97a7fc0
b97b7fc0
b97c7fc0
b97d7fc0
b97e7fc0
b97f7fc0
b9807fc0
b9817fc0
b9827fc0
b9837fc0
b9847fc0
b9857fc0
b9867fc0
b9877fc0
b9887fc0
b9897fc0
b98a7fc0
b98b7fc0
b98c7fc0
b98d7fc0
b98e7fc0
b98f7fc0
b9907fc0
b9917fc0
b9927fc0
b9937fc0
b9947fc0
b9957fc0
b9967fc0
b9977fc0
b9987fc0
b9997fc0
b99a7fc0
b99b7fc0
b99c7fc0
b99d7fc0
b99e7fc0
b99f7fc0
b9a07fc0
b9a17fc0
b9a27fc0
b9a37fc0
b9a47fc0
b9a57fc0
b9a67fc0
b9a77fc0
b9a87fc0
b9a97fc0
b9aa7fc0
b9ab7fc0
b9ac7fc0
b9ad7fc0
b9ae7fc0
b9af7fc0
b9b07fc0
b9b17fc0
b9b27fc0
b9b37fc0
b9b47fc0
b9b57fc0
b9b67fc0
b9b77fc0
b9b87fc0
b9b97fc0
b9ba7fc0
b9bb7fc0
b9bc7fc0
b9bd7fc0
b9be7fc0
b9bf7fc0
b9c07fc0
b9c17fc0
b9c27fc0
b9c37fc0
b9c47fc0
b9c57fc0
b9c67fc0
b9c77fc0
b9c87fc0
b9c97fc0
b9ca7fc0
b9cb7fc0
b9cc7fc0
b9cd7fc0
b9ce7fc0
b9cf7fc0
b9d07fc0
b9d17fc0
b9d27fc0
b9d37fc0
b9d47fc0
b9d57fc0
b9d67fc0
b9d77fc0
b9d87fc0
b9d97fc0
b9da7fc0
b9db7fc0
b9dc7fc0
b9dd7fc0
b9de7fc0
b9df7fc0
b9e07fc0
b9e17fc0
b9e27fc0
b9e37fc0
b9e47fc0
b9e57fc0
b9e67fc0
b9e77fc0
b9e87fc0
b9e97fc0
b9ea7fc0
b9eb7fc0
b9ec7fc0
b9ed7fc0
b9ee7fc0
b9ef7fc0
b9f07fc0
b9f17fc0
b9f27fc0
b9f37fc0
b9f47fc0
b9f57fc0
b9f67fc0
b9f77fc0
b9f87fc0
b9f97fc0
b9fa7fc0
b9fb7fc0
b9fc7fc0
b9fd7fc0
b9fe7fc0
b9ff7fc0
ba007fc0
ba017fc0
ba027fc0
ba037fc0
ba047fc0
ba057fc0
ba067fc0
ba077fc0
ba087fc0
ba097fc0
ba0a7fc0
ba0b7fc0
ba0c7fc0
ba0d7fc0
ba0e7fc0
ba0f7fc0
ba107fc0
ba117fc0
ba127fc0
ba137fc0
ba147fc0
ba157fc0
ba167fc0
ba177fc0
ba187fc0
ba197fc0
ba1a7fc0
ba1b7fc0
ba1c7fc0
ba1d7fc0
ba1e7fc0
ba1f7fc0
ba207fc0
ba217fc0
ba227fc0
ba237fc0
ba247fc0
ba257fc0
ba267fc0
ba277fc0
ba287fc0
ba297fc0
ba2a7fc0
ba2b7fc0
ba2c7fc0
ba2d7fc0
ba2e7fc0
ba2f7fc0
ba307fc0
ba317fc0
ba327fc0
ba337fc0
ba347fc0
ba357fc0
ba367fc0
ba377fc0
ba387fc0
ba397fc0
ba3a7fc0
ba3b7fc0
ba3c7fc0
ba3d7fc0
ba3e7fc0
ba3f7fc0
ba407fc0
ba417fc0
ba427fc0
ba437fc0
ba447fc0
ba457fc0
ba467fc0
ba477fc0
ba487fc0
ba497fc0
ba4a7fc0
ba4b7fc0
ba4c7fc0
ba4d7fc0
ba4e7fc0
ba4f7fc0
ba507fc0
ba517fc0
ba527fc0
ba537fc0
ba547fc0
ba557fc0
ba567fc0
ba577fc0
ba587fc0
ba597fc0
ba5a7fc0
ba5b7fc0
ba5c7fc0
ba5d7fc0
ba5e7fc0
ba5f7fc0
ba607fc0
ba617fc0
ba627fc0
ba637fc0
ba647fc0
ba657fc0
ba667fc0
ba677fc0
ba687fc0
ba697fc0
ba6a7fc0
ba6b7fc0
ba6c7fc0
ba6d7fc0
ba6e7fc0
ba6f7fc0
ba707fc0
ba717fc0
ba727fc0
ba737fc0
ba747fc0
ba757fc0
ba767fc0
ba777fc0
ba787fc0
ba797fc0
ba7a7fc0
ba7b7fc0
ba7c7fc0
ba7d7fc0
ba7e7fc0
ba7f7fc0
ba807fc0
ba817fc0
ba827fc0
ba837fc0
ba847fc0
ba857fc0
ba867fc0
ba877fc0
ba887fc0
ba897fc0
ba8a7fc0
ba8b7fc0
ba8c7fc0
ba8d7fc0
ba8e7fc0
ba8f7fc0
ba907fc0
ba917fc0
ba927fc0
ba937fc0
ba947fc0
ba957fc0
ba967fc0
ba977fc0
ba987fc0
ba997fc0
ba9a7fc0
ba9b7fc0
ba9c7fc0
ba9d7fc0
ba9e7fc0
ba9f7fc0
baa07fc0
baa17fc0
baa27fc0
baa37fc0
baa47fc0
baa57fc0
baa67fc0
baa77fc0
baa87fc0
baa97fc0
baaa7fc0
baab7fc0
baac7fc0
baad7fc0
baae7fc0
baaf7fc0
bab07fc0
bab17fc0
bab27fc0
bab37fc0
bab47fc0
bab57fc0
bab67fc0
bab77fc0
bab87fc0
bab97fc0
baba7fc0
babb7fc0
babc7fc0
babd7fc0
babe7fc0
babf7fc0
bac07fc0
bac17fc0
bac27fc0
bac37fc0
bac47fc0
bac57fc0
bac67fc0
bac77fc0
bac87fc0
bac97fc0
baca7fc0
bacb7fc0
bacc7fc0
bacd7fc0
bace7fc0
bacf7fc0
bad07fc0
bad17fc0
bad27fc0
bad37fc0
bad47fc0
bad57fc0
bad67fc0
bad77fc0
bad87fc0
bad97fc0
bada7fc0
badb7fc0
badc7fc0
badd7fc0
bade7fc0
badf7fc0
bae07fc0
bae17fc0
bae27fc0
bae37fc0
bae47fc0
bae57fc0
bae67fc0
bae77fc0
bae87fc0
bae97fc0
baea7fc0
baeb7fc0
baec7fc0
baed7fc0
baee7fc0
baef7fc0
baf07fc0
baf17fc0
baf27fc0
baf37fc0
baf47fc0
baf57fc0
baf67fc0
baf77fc0
baf87fc0
baf97fc0
bafa7fc0
bafb7fc0
bafc7fc0
bafd7fc0
bafe7fc0
baff7fc0
bb007fc0
bb017fc0
bb027fc0
bb037fc0
bb047fc0
bb057fc0
bb067fc0
bb077fc0
bb087fc0
bb097fc0
bb0a7fc0
bb0b7fc0
bb0c7fc0
bb0d7fc0
bb0e7fc0
bb0f7fc0
bb107fc0
bb117fc0
bb127fc0
bb137fc0
bb147fc0
bb157fc0
bb167fc0
bb177fc0
bb187fc0
bb197fc0
bb1a7fc0
bb1b7fc0
bb1c7fc0
bb1d7fc0
bb1e7fc0
bb1f7fc0
bb207fc0
bb217fc0
bb227fc0
bb237fc0
bb247fc0
bb257fc0
bb267fc0
bb277fc0
bb287fc0
bb297fc0
bb2a7fc0
bb2b7fc0
bb2c7fc0
bb2d7fc0
bb2e7fc0
bb2f7fc0
bb307fc0
bb317fc0
bb327fc0
bb337fc0
bb347fc0
bb357fc0
bb367fc0
bb377fc0
bb387fc0
bb397fc0
bb3a7fc0
bb3b7fc0
bb3c7fc0
bb3d7fc0
bb3e7fc0
bb3f7fc0
bb407fc0
bb417fc0
bb427fc0
bb437fc0
bb447fc0
bb457fc0
bb467fc0
bb477fc0
bb487fc0
bb497fc0
bb4a7fc0
bb4b7fc0
bb4c7fc0
bb4d7fc0
bb4e7fc0
bb4f7fc0
bb507fc0
bb517fc0
bb527fc0
bb537fc0
bb547fc0
bb557fc0
bb567fc0
bb577fc0
bb587fc0
bb597fc0
bb5a7fc0
bb5b7fc0
bb5c7fc0
bb5d7fc0
bb5e7fc0
bb5f7fc0
bb607fc0
bb617fc0
bb627fc0
bb637fc0
bb647fc0
bb657fc0
bb667fc0
bb677fc0
bb687fc0
bb697fc0
bb6a7fc0
bb6b7fc0
bb6c7fc0
bb6d7fc0
bb6e7fc0
bb6f7fc0
bb707fc0
bb717fc0
bb727fc0
bb737fc0
bb747fc0
bb757fc0
bb767fc0
bb777fc0
bb787fc0
bb797fc0
bb7a7fc0
bb7b7fc0
bb7c7fc0
bb7d7fc0
bb7e7fc0
bb7f7fc0
bb807fc0
bb817fc0
bb827fc0
bb837fc0
bb847fc0
bb857fc0
bb867fc0
bb877fc0
bb887fc0
bb897fc0
bb8a7fc0
bb8b7fc0
bb8c7fc0
bb8d7fc0
bb8e7fc0
bb8f7fc0
bb907fc0
bb917fc0
bb927fc0
bb937fc0
bb947fc0
bb957fc0
bb967fc0
bb977fc0
bb987fc0
bb997fc0
bb9a7fc0
bb9b7fc0
bb9c7fc0
bb9d7fc0
bb9e7fc0
bb9f7fc0
bba07fc0
bba17fc0
bba27fc0
bba37fc0
bba47fc0
bba57fc0
bba67fc0
bba77fc0
bba87fc0
bba97fc0
bbaa7fc0
bbab7fc0
bbac7fc0
bbad7fc0
bbae7fc0
bbaf7fc0
bbb07fc0
bbb17fc0
bbb27fc0
bbb37fc0
bbb47fc0
bbb57fc0
bbb67fc0
bbb77fc0
bbb87fc0
bbb97fc0
bbba7fc0
bbbb7fc0
bbbc7fc0
bbbd7fc0
bbbe7fc0
bbbf7fc0
bbc07fc0
bbc17fc0
bbc27fc0
bbc37fc0
bbc47fc0
bbc57fc0
bbc67fc0
bbc77fc0
bbc87fc0
bbc97fc0
bbca7fc0
bbcb7fc0
bbcc7fc0
bbcd7fc0
bbce7fc0
bbcf7fc0
bbd07fc0
bbd17fc0
bbd27fc0
bbd37fc0
bbd47fc0
bbd57fc0
bbd67fc0
bbd77fc0
bbd87fc0
bbd97fc0
bbda7fc0
bbdb7fc0
bbdc7fc0
bbdd7fc0
bbde7fc0
bbdf7fc0
bbe07fc0
bbe17fc0
bbe27fc0
bbe37fc0
bbe47fc0
bbe57fc0
bbe67fc0
bbe77fc0
bbe87fc0
bbe97fc0
bbea7fc0
bbeb7fc0
bbec7fc0
bbed7fc0
bbee7fc0
bbef7fc0
bbf07fc0
bbf17fc0
bbf27fc0
bbf37fc0
bbf47fc0
bbf57fc0
bbf67fc0
bbf77fc0
bbf87fc0
bbf97fc0
bbfa7fc0
bbfb7fc0
bbfc7fc0
bbfd7fc0
bbfe7fc0
bbff7fc0
bc007fc0
bc017fc0
bc027fc0
bc037fc0
bc047fc0
bc057fc0
bc067fc0
bc077fc0
bc087fc0
bc097fc0
bc0a7fc0
bc0b7fc0
bc0c7fc0
bc0d7fc0
bc0e7fc0
bc0f7fc0
bc107fc0
bc117fc0
bc127fc0
bc137fc0
bc147fc0
bc157fc0
bc167fc0
bc177fc0
bc187fc0
bc197fc0
bc1a7fc0
bc1b7fc0
bc1c7fc0
bc1d7fc0
bc1e7fc0
bc1f7fc0
bc207fc0
bc217fc0
bc227fc0
bc237fc0
bc247fc0
bc257fc0
bc267fc0
bc277fc0
bc287fc0
bc297fc0
bc2a7fc0
bc2b7fc0
bc2c7fc0
bc2d7fc0
bc2e7fc0
bc2f7fc0
bc307fc0
bc317fc0
bc327fc0
bc337fc0
bc347fc0
bc357fc0
bc367fc0
bc377fc0
bc387fc0
bc397fc0
bc3a7fc0
bc3b7fc0
bc3c7fc0
bc3d7fc0
bc3e7fc0
bc3f7fc0
bc407fc0
bc417fc0
bc427fc0
bc437fc0
bc447fc0
bc457fc0
bc467fc0
bc477fc0
bc487fc0
bc497fc0
bc4a7fc0
bc4b7fc0
bc4c7fc0
bc4d7fc0
bc4e7fc0
bc4f7fc0
bc507fc0
bc517fc0
bc527fc0
bc537fc0
bc547fc0
bc557fc0
bc567fc0
bc577fc0
bc587fc0
bc597fc0
bc5a7fc0
bc5b7fc0
bc5c7fc0
bc5d7fc0
bc5e7fc0
bc5f7fc0
bc607fc0
bc617fc0
bc627fc0
bc637fc0
bc647fc0
bc657fc0
bc667fc0
bc677fc0
bc687fc0
bc697fc0
bc6a7fc0
bc6b7fc0
bc6c7fc0
bc6d7fc0
bc6e7fc0
bc6f7fc0
bc707fc0
bc717fc0
bc727fc0
bc737fc0
bc747fc0
bc757fc0
bc767fc0
bc777fc0
bc787fc0
bc797fc0
bc7a7fc0
bc7b7fc0
bc7c7fc0
bc7d7fc0
bc7e7fc0
bc7f7fc0
bc807fc0
bc817fc0
bc827fc0
bc837fc0
bc847fc0
bc857fc0
bc867fc0
bc877fc0
bc887fc0
bc897fc0
bc8a7fc0
bc8b7fc0
bc8c7fc0
bc8d7fc0
bc8e7fc0
bc8f7fc0
bc907fc0
bc917fc0
bc927fc0
bc937fc0
bc947fc0
bc957fc0
bc967fc0
bc977fc0
bc987fc0
bc997fc0
bc9a7fc0
bc9b7fc0
bc9c7fc0
bc9d7fc0
bc9e7fc0
bc9f7fc0
bca07fc0
bca17fc0
bca27fc0
bca37fc0
bca47fc0
bca57fc0
bca67fc0
bca77fc0
bca87fc0
bca97fc0
bcaa7fc0
bcab7fc0
bcac7fc0
bcad7fc0
bcae7fc0
bcaf7fc0
bcb07fc0
bcb17fc0
bcb27fc0
bcb37fc0
bcb47fc0
bcb57fc0
bcb67fc0
bcb77fc0
bcb87fc0
bcb97fc0
bcba7fc0
bcbb7fc0
bcbc7fc0
bcbd7fc0
bcbe7fc0
bcbf7fc0
bcc07fc0
bcc17fc0
bcc27fc0
bcc37fc0
bcc47fc0
bcc57fc0
bcc67fc0
bcc77fc0
bcc87fc0
bcc97fc0
bcca7fc0
bccb7fc0
bccc7fc0
bccd7fc0
bcce7fc0
bccf7fc0
bcd07fc0
bcd17fc0
bcd27fc0
bcd37fc0
bcd47fc0
bcd57fc0
bcd67fc0
bcd77fc0
bcd87fc0
bcd97fc0
bcda7fc0
bcdb7fc0
bcdc7fc0
bcdd7fc0
bcde7fc0
bcdf7fc0
bce07fc0
bce17fc0
bce27fc0
bce37fc0
bce47fc0
bce57fc0
bce67fc0
bce77fc0
bce87fc0
bce97fc0
bcea7fc0
bceb7fc0
bcec7fc0
bced7fc0
bcee7fc0
bcef7fc0
bcf07fc0
bcf17fc0
bcf27fc0
bcf37fc0
bcf47fc0
bcf57fc0
bcf67fc0
bcf77fc0
bcf87fc0
bcf97fc0
bcfa7fc0
bcfb7fc0
bcfc7fc0
bcfd7fc0
bcfe7fc0
bcff7fc0
bd007fc0
bd017fc0
bd027fc0
bd037fc0
bd047fc0
bd057fc0
bd067fc0
bd077fc0
bd087fc0
bd097fc0
bd0a7fc0
bd0b7fc0
bd0c7fc0
bd0d7fc0
bd0e7fc0
bd0f7fc0
bd107fc0
bd117fc0
bd127fc0
bd137fc0
bd147fc0
bd157fc0
bd167fc0
bd177fc0
bd187fc0
bd197fc0
bd1a7fc0
bd1b7fc0
bd1c7fc0
bd1d7fc0
bd1e7fc0
bd1f7fc0
bd207fc0
bd217fc0
bd227fc0
bd237fc0
bd247fc0
bd257fc0
bd267fc0
bd277fc0
bd287fc0
bd297fc0
bd2a7fc0
bd2b7fc0
bd2c7fc0
bd2d7fc0
bd2e7fc0
bd2f7fc0
bd307fc0
bd317fc0
bd327fc0
bd337fc0
bd347fc0
bd357fc0
bd367fc0
bd377fc0
bd387fc0
bd397fc0
bd3a7fc0
bd3b7fc0
bd3c7fc0
bd3d7fc0
bd3e7fc0
bd3f7fc0
bd407fc0
bd417fc0
bd427fc0
bd437fc0
bd447fc0
bd457fc0
bd467fc0
bd477fc0
bd487fc0
bd497fc0
bd4a7fc0
bd4b7fc0
bd4c7fc0
bd4d7fc0
bd4e7fc0
bd4f7fc0
bd507fc0
bd517fc0
bd527fc0
bd537fc0
bd547fc0
bd557fc0
bd567fc0
bd577fc0
bd587fc0
bd597fc0
bd5a7fc0
bd5b7fc0
bd5c7fc0
bd5d7fc0
bd5e7fc0
bd5f7fc0
bd607fc0
bd617fc0
bd627fc0
bd637fc0
bd647fc0
bd657fc0
bd667fc0
bd677fc0
bd687fc0
bd697fc0
bd6a7fc0
bd6b7fc0
bd6c7fc0
bd6d7fc0
bd6e7fc0
bd6f7fc0
bd707fc0
bd717fc0
bd727fc0
bd737fc0
bd747fc0
bd757fc0
bd767fc0
bd777fc0
bd787fc0
bd797fc0
bd7a7fc0
bd7b7fc0
bd7c7fc0
bd7d7fc0
bd7e7fc0
bd7f7fc0
bd807fc0
bd817fc0
bd827fc0
bd837fc0
bd847fc0
bd857fc0
bd867fc0
bd877fc0
bd887fc0
bd897fc0
bd8a7fc0
bd8b7fc0
bd8c7fc0
bd8d7fc0
bd8e7fc0
bd8f7fc0
bd907fc0
bd917fc0
bd927fc0
bd937fc0
bd947fc0
bd957fc0
bd967fc0
bd977fc0
bd987fc0
bd997fc0
bd9a7fc0
bd9b7fc0
bd9c7fc0
bd9d7fc0
bd9e7fc0
bd9f7fc0
bda07fc0
bda17fc0
bda27fc0
bda37fc0
bda47fc0
bda57fc0
bda67fc0
bda77fc0
bda87fc0
bda97fc0
bdaa7fc0
bdab7fc0
bdac7fc0
bdad7fc0
bdae7fc0
bdaf7fc0
bdb07fc0
bdb17fc0
bdb27fc0
bdb37fc0
bdb47fc0
bdb57fc0
bdb67fc0
bdb77fc0
bdb87fc0
bdb97fc0
bdba7fc0
bdbb7fc0
bdbc7fc0
bdbd7fc0
bdbe7fc0
bdbf7fc0
bdc07fc0
bdc17fc0
bdc27fc0
bdc37fc0
bdc47fc0
bdc57fc0
bdc67fc0
bdc77fc0
bdc87fc0
bdc97fc0
bdca7fc0
bdcb7fc0
bdcc7fc0
bdcd7fc0
bdce7fc0
bdcf7fc0
bdd07fc0
bdd17fc0
bdd27fc0
bdd37fc0
bdd47fc0
bdd57fc0
bdd67fc0
bdd77fc0
bdd87fc0
bdd97fc0
bdda7fc0
bddb7fc0
bddc7fc0
bddd7fc0
bdde7fc0
bddf7fc0
bde07fc0
bde17fc0
bde27fc0
bde37fc0
bde47fc0
bde57fc0
bde67fc0
bde77fc0
bde87fc0
bde97fc0
bdea7fc0
bdeb7fc0
bdec7fc0
bded7fc0
bdee7fc0
bdef7fc0
bdf07fc0
bdf17fc0
bdf27fc0
bdf37fc0
bdf47fc0
bdf57fc0
bdf67fc0
bdf77fc0
bdf87fc0
bdf97fc0
bdfa7fc0
bdfb7fc0
bdfc7fc0
bdfd7fc0
bdfe7fc0
bdff7fc0
be007fc0
be017fc0
be027fc0
be037fc0
be047fc0
be057fc0
be067fc0
be077fc0
be087fc0
be097fc0
be0a7fc0
be0b7fc0
be0c7fc0
be0d7fc0
be0e7fc0
be0f7fc0
be107fc0
be117fc0
be127fc0
be137fc0
be147fc0
be157fc0
be167fc0
be177fc0
be187fc0
be197fc0
be1a7fc0
be1b7fc0
be1c7fc0
be1d7fc0
be1e7fc0
be1f7fc0
be207fc0
be217fc0
be227fc0
be237fc0
be247fc0
be257fc0
be267fc0
be277fc0
be287fc0
be297fc0
be2a7fc0
be2b7fc0
be2c7fc0
be2d7fc0
be2e7fc0
be2f7fc0
be307fc0
be317fc0
be327fc0
be337fc0
be347fc0
be357fc0
be367fc0
be377fc0
be387fc0
be397fc0
be3a7fc0
be3b7fc0
be3c7fc0
be3d7fc0
be3e7fc0
be3f7fc0
be407fc0
be417fc0
be427fc0
be437fc0
be447fc0
be457fc0
be467fc0
be477fc0
be487fc0
be497fc0
be4a7fc0
be4b7fc0
be4c7fc0
be4d7fc0
be4e7fc0
be4f7fc0
be507fc0
be517fc0
be527fc0
be537fc0
be547fc0
be557fc0
be567fc0
be577fc0
be587fc0
be597fc0
be5a7fc0
be5b7fc0
be5c7fc0
be5d7fc0
be5e7fc0
be5f7fc0
be607fc0
be617fc0
be627fc0
be637fc0
be647fc0
be657fc0
be667fc0
be677fc0
be687fc0
be697fc0
be6a7fc0
be6b7fc0
be6c7fc0
be6d7fc0
be6e7fc0
be6f7fc0
be707fc0
be717fc0
be727fc0
be737fc0
be747fc0
be757fc0
be767fc0
be777fc0
be787fc0
be797fc0
be7a7fc0
be7b7fc0
be7c7fc0
be7d7fc0
be7e7fc0
be7f7fc0
be807fc0
be817fc0
be827fc0
be837fc0
be847fc0
be857fc0
be867fc0
be877fc0
be887fc0
be897fc0
be8a7fc0
be8b7fc0
be8c7fc0
be8d7fc0
be8e7fc0
be8f7fc0
be907fc0
be917fc0
be927fc0
be937fc0
be947fc0
be957fc0
be967fc0
be977fc0
be987fc0
be997fc0
be9a7fc0
be9b7fc0
be9c7fc0
be9d7fc0
be9e7fc0
be9f7fc0
bea07fc0
bea17fc0
bea27fc0
bea37fc0
bea47fc0
bea57fc0
bea67fc0
bea77fc0
bea87fc0
bea97fc0
beaa7fc0
beab7fc0
beac7fc0
bead7fc0
beae7fc0
beaf7fc0
beb07fc0
beb17fc0
beb27fc0
beb37fc0
beb47fc0
beb57fc0
beb67fc0
beb77fc0
beb87fc0
beb97fc0
beba7fc0
bebb7fc0
bebc7fc0
bebd7fc0
bebe7fc0
bebf7fc0
bec07fc0
bec17fc0
bec27fc0
bec37fc0
bec47fc0
bec57fc0
bec67fc0
bec77fc0
bec87fc0
bec97fc0
beca7fc0
becb7fc0
becc7fc0
becd7fc0
bece7fc0
becf7fc0
bed07fc0
bed17fc0
bed27fc0
bed37fc0
bed47fc0
bed57fc0
bed67fc0
bed77fc0
bed87fc0
bed97fc0
beda7fc0
bedb7fc0
bedc7fc0
bedd7fc0
bede7fc0
bedf7fc0
bee07fc0
bee17fc0
bee27fc0
bee37fc0
bee47fc0
bee57fc0
bee67fc0
bee77fc0
bee87fc0
bee97fc0
beea7fc0
beeb7fc0
beec7fc0
beed7fc0
beee7fc0
beef7fc0
bef07fc0
bef17fc0
bef27fc0
bef37fc0
bef47fc0
bef57fc0
bef67fc0
bef77fc0
bef87fc0
bef97fc0
befa7fc0
befb7fc0
befc7fc0
befd7fc0
befe7fc0
beff7fc0
bf007fc0
bf017fc0
bf027fc0
bf037fc0
bf047fc0
bf057fc0
bf067fc0
bf077fc0
bf087fc0
bf097fc0
bf0a7fc0
bf0b7fc0
bf0c7fc0
bf0d7fc0
bf0e7fc0
bf0f7fc0
bf107fc0
bf117fc0
bf127fc0
bf137fc0
bf147fc0
bf157fc0
bf167fc0
bf177fc0
bf187fc0
bf197fc0
bf1a7fc0
bf1b7fc0
bf1c7fc0
bf1d7fc0
bf1e7fc0
bf1f7fc0
bf207fc0
bf217fc0
bf227fc0
bf237fc0
bf247fc0
bf257fc0
bf267fc0
bf277fc0
bf287fc0
bf297fc0
bf2a7fc0
bf2b7fc0
bf2c7fc0
bf2d7fc0
bf2e7fc0
bf2f7fc0
bf307fc0
bf317fc0
bf327fc0
bf337fc0
bf347fc0
bf357fc0
bf367fc0
bf377fc0
bf387fc0
bf397fc0
bf3a7fc0
bf3b7fc0
bf3c7fc0
bf3d7fc0
bf3e7fc0
bf3f7fc0
bf407fc0
bf417fc0
bf427fc0
bf437fc0
bf447fc0
bf457fc0
bf467fc0
bf477fc0
bf487fc0
bf497fc0
bf4a7fc0
bf4b7fc0
bf4c7fc0
bf4d7fc0
bf4e7fc0
bf4f7fc0
bf507fc0
bf517fc0
bf527fc0
bf537fc0
bf547fc0
bf557fc0
bf567fc0
bf577fc0
bf587fc0
bf597fc0
bf5a7fc0
bf5b7fc0
bf5c7fc0
bf5d7fc0
bf5e7fc0
bf5f7fc0
bf607fc0
bf617fc0
bf627fc0
bf637fc0
bf647fc0
bf657fc0
bf667fc0
bf677fc0
bf687fc0
bf697fc0
bf6a7fc0
bf6b7fc0
bf6c7fc0
bf6d7fc0
bf6e7fc0
bf6f7fc0
bf707fc0
bf717fc0
bf727fc0
bf737fc0
bf747fc0
bf757fc0
bf767fc0
bf777fc0
bf787fc0
bf797fc0
bf7a7fc0
bf7b7fc0
bf7c7fc0
bf7d7fc0
bf7e7fc0
bf7f7fc0
bf807fc0
bf817fc0
bf827fc0
bf837fc0
bf847fc0
bf857fc0
bf867fc0
bf877fc0
bf887fc0
bf897fc0
bf8a7fc0
bf8b7fc0
bf8c7fc0
bf8d7fc0
bf8e7fc0
bf8f7fc0
bf907fc0
bf917fc0
bf927fc0
bf937fc0
bf947fc0
bf957fc0
bf967fc0
bf977fc0
bf987fc0
bf997fc0
bf9a7fc0
bf9b7fc0
bf9c7fc0
bf9d7fc0
bf9e7fc0
bf9f7fc0
bfa07fc0
bfa17fc0
bfa27fc0
bfa37fc0
bfa47fc0
bfa57fc0
bfa67fc0
bfa77fc0
bfa87fc0
bfa97fc0
bfaa7fc0
bfab7fc0
bfac7fc0
bfad7fc0
bfae7fc0
bfaf7fc0
bfb07fc0
bfb17fc0
bfb27fc0
bfb37fc0
bfb47fc0
bfb57fc0
bfb67fc0
bfb77fc0
bfb87fc0
bfb97fc0
bfba7fc0
bfbb7fc0
bfbc7fc0
bfbd7fc0
bfbe7fc0
bfbf7fc0
bfc07fc0
bfc17fc0
bfc27fc0
bfc37fc0
bfc47fc0
bfc57fc0
bfc67fc0
bfc77fc0
bfc87fc0
bfc97fc0
bfca7fc0
bfcb7fc0
bfcc7fc0
bfcd7fc0
bfce7fc0
bfcf7fc0
bfd07fc0
bfd17fc0
bfd27fc0
bfd37fc0
bfd47fc0
bfd57fc0
bfd67fc0
bfd77fc0
bfd87fc0
bfd97fc0
bfda7fc0
bfdb7fc0
bfdc7fc0
bfdd7fc0
bfde7fc0
bfdf7fc0
bfe07fc0
bfe17fc0
bfe27fc0
bfe37fc0
bfe47fc0
bfe57fc0
bfe67fc0
bfe77fc0
bfe87fc0
bfe97fc0
bfea7fc0
bfeb7fc0
bfec7fc0
bfed7fc0
bfee7fc0
bfef7fc0
bff07fc0
bff17fc0
bff27fc0
bff37fc0
bff47fc0
bff57fc0
bff67fc0
bff77fc0
bff87fc0
bff97fc0
bffa7fc0
bffb7fc0
bffc7fc0
bffd7fc0
bffe7fc0
bfff7fc0
c0007fc0
c0017fc0
c0027fc0
c0037fc0
c0047fc0
c0057fc0
c0067fc0
c0077fc0
c0087fc0
c0097fc0
c00a7fc0
c00b7fc0
c00c7fc0
c00d7fc0
c00e7fc0
c00f7fc0
c0107fc0
c0117fc0
c0127fc0
c0137fc0
c0147fc0
c0157fc0
c0167fc0
c0177fc0
c0187fc0
c0197fc0
c01a7fc0
c01b7fc0
c01c7fc0
c01d7fc0
c01e7fc0
c01f7fc0
c0207fc0
c0217fc0
c0227fc0
c0237fc0
c0247fc0
c0257fc0
c0267fc0
c0277fc0
c0287fc0
c0297fc0
c02a7fc0
c02b7fc0
c02c7fc0
c02d7fc0
c02e7fc0
c02f7fc0
c0307fc0
c0317fc0
c0327fc0
c0337fc0
c0347fc0
c0357fc0
c0367fc0
c0377fc0
c0387fc0
c0397fc0
c03a7fc0
c03b7fc0
c03c7fc0
c03d7fc0
c03e7fc0
c03f7fc0
c0407fc0
c0417fc0
c0427fc0
c0437fc0
c0447fc0
c0457fc0
c0467fc0
c0477fc0
c0487fc0
c0497fc0
c04a7fc0
c04b7fc0
c04c7fc0
c04d7fc0
c04e7fc0
c04f7fc0
c0507fc0
c0517fc0
c0527fc0
c0537fc0
c0547fc0
c0557fc0
c0567fc0
c0577fc0
c0587fc0
c0597fc0
c05a7fc0
c05b7fc0
c05c7fc0
c05d7fc0
c05e7fc0
c05f7fc0
c0607fc0
c0617fc0
c0627fc0
c0637fc0
c0647fc0
c0657fc0
c0667fc0
c0677fc0
c0687fc0
c0697fc0
c06a7fc0
c06b7fc0
c06c7fc0
c06d7fc0
c06e7fc0
c06f7fc0
c0707fc0
c0717fc0
c0727fc0
c0737fc0
c0747fc0
c0757fc0
c0767fc0
c0777fc0
c0787fc0
c0797fc0
c07a7fc0
c07b7fc0
c07c7fc0
c07d7fc0
c07e7fc0
c07f7fc0
c0807fc0
c0817fc0
c0827fc0
c0837fc0
c0847fc0
c0857fc0
c0867fc0
c0877fc0
c0887fc0
c0897fc0
c08a7fc0
c08b7fc0
c08c7fc0
c08d7fc0
c08e7fc0
c08f7fc0
c0907fc0
c0917fc0
c0927fc0
c0937fc0
c0947fc0
c0957fc0
c0967fc0
c0977fc0
c0987fc0
c0997fc0
c09a7fc0
c09b7fc0
c09c7fc0
c09d7fc0
c09e7fc0
c09f7fc0
c0a07fc0
c0a17fc0
c0a27fc0
c0a37fc0
c0a47fc0
c0a57fc0
c0a67fc0
c0a77fc0
c0a87fc0
c0a97fc0
c0aa7fc0
c0ab7fc0
c0ac7fc0
c0ad7fc0
c0ae7fc0
c0af7fc0
c0b07fc0
c0b17fc0
c0b27fc0
c0b37fc0
c0b47fc0
c0b57fc0
c0b67fc0
c0b77fc0
c0b87fc0
c0b97fc0
c0ba7fc0
c0bb7fc0
c0bc7fc0
c0bd7fc0
c0be7fc0
c0bf7fc0
c0c07fc0
c0c17fc0
c0c27fc0
c0c37fc0
c0c47fc0
c0c57fc0
c0c67fc0
c0c77fc0
c0c87fc0
c0c97fc0
c0ca7fc0
c0cb7fc0
c0cc7fc0
c0cd7fc0
c0ce7fc0
c0cf7fc0
c0d07fc0
c0d17fc0
c0d27fc0
c0d37fc0
c0d47fc0
c0d57fc0
c0d67fc0
c0d77fc0
c0d87fc0
c0d97fc0
c0da7fc0
c0db7fc0
c0dc7fc0
c0dd7fc0
c0de7fc0
c0df7fc0
c0e07fc0
c0e17fc0
c0e27fc0
c0e37fc0
c0e47fc0
c0e57fc0
c0e67fc0
c0e77fc0
c0e87fc0
c0e97fc0
c0ea7fc0
c0eb7fc0
c0ec7fc0
c0ed7fc0
c0ee7fc0
c0ef7fc0
c0f07fc0
c0f17fc0
c0f27fc0
c0f37fc0
c0f47fc0
c0f57fc0
c0f67fc0
c0f77fc0
c0f87fc0
c0f97fc0
c0fa7fc0
c0fb7fc0
c0fc7fc0
c0fd7fc0
c0fe7fc0
c0ff7fc0
c1007fc0
c1017fc0
c1027fc0
c1037fc0
c1047fc0
c1057fc0
c1067fc0
c1077fc0
c1087fc0
c1097fc0
c10a7fc0
c10b7fc0
c10c7fc0
c10d7fc0
c10e7fc0
c10f7fc0
c1107fc0
c1117fc0
c1127fc0
c1137fc0
c1147fc0
c1157fc0
c1167fc0
c1177fc0
c1187fc0
c1197fc0
c11a7fc0
c11b7fc0
c11c7fc0
c11d7fc0
c11e7fc0
c11f7fc0
c1207fc0
c1217fc0
c1227fc0
c1237fc0
c1247fc0
c1257fc0
c1267fc0
c1277fc0
c1287fc0
c1297fc0
c12a7fc0
c12b7fc0
c12c7fc0
c12d7fc0
c12e7fc0
c12f7fc0
c1307fc0
c1317fc0
c1327fc0
c1337fc0
c1347fc0
c1357fc0
c1367fc0
c1377fc0
c1387fc0
c1397fc0
c13a7fc0
c13b7fc0
c13c7fc0
c13d7fc0
c13e7fc0
c13f7fc0
c1407fc0
c1417fc0
c1427fc0
c1437fc0
c1447fc0
c1457fc0
c1467fc0
c1477fc0
c1487fc0
c1497fc0
c14a7fc0
c14b7fc0
c14c7fc0
c14d7fc0
c14e7fc0
c14f7fc0
c1507fc0
c1517fc0
c1527fc0
c1537fc0
c1547fc0
c1557fc0
c1567fc0
c1577fc0
c1587fc0
c1597fc0
c15a7fc0
c15b7fc0
c15c7fc0
c15d7fc0
c15e7fc0
c15f7fc0
c1607fc0
c1617fc0
c1627fc0
c1637fc0
c1647fc0
c1657fc0
c1667fc0
c1677fc0
c1687fc0
c1697fc0
c16a7fc0
c16b7fc0
c16c7fc0
c16d7fc0
c16e7fc0
c16f7fc0
c1707fc0
c1717fc0
c1727fc0
c1737fc0
c1747fc0
c1757fc0
c1767fc0
c1777fc0
c1787fc0
c1797fc0
c17a7fc0
c17b7fc0
c17c7fc0
c17d7fc0
c17e7fc0
c17f7fc0
c1807fc0
c1817fc0
c1827fc0
c1837fc0
c1847fc0
c1857fc0
c1867fc0
c1877fc0
c1887fc0
c1897fc0
c18a7fc0
c18b7fc0
c18c7fc0
c18d7fc0
c18e7fc0
c18f7fc0
c1907fc0
c1917fc0
c1927fc0
c1937fc0
c1947fc0
c1957fc0
c1967fc0
c1977fc0
c1987fc0
c1997fc0
c19a7fc0
c19b7fc0
c19c7fc0
c19d7fc0
c19e7fc0
c19f7fc0
c1a07fc0
c1a17fc0
c1a27fc0
c1a37fc0
c1a47fc0
c1a57fc0
c1a67fc0
c1a77fc0
c1a87fc0
c1a97fc0
c1aa7fc0
c1ab7fc0
c1ac7fc0
c1ad7fc0
c1ae7fc0
c1af7fc0
c1b07fc0
c1b17fc0
c1b27fc0
c1b37fc0
c1b47fc0
c1b57fc0
c1b67fc0
c1b77fc0
c1b87fc0
c1b97fc0
c1ba7fc0
c1bb7fc0
c1bc7fc0
c1bd7fc0
c1be7fc0
c1bf7fc0
c1c07fc0
c1c17fc0
c1c27fc0
c1c37fc0
c1c47fc0
c1c57fc0
c1c67fc0
c1c77fc0
c1c87fc0
c1c97fc0
c1ca7fc0
c1cb7fc0
c1cc7fc0
c1cd7fc0
c1ce7fc0
c1cf7fc0
c1d07fc0
c1d17fc0
c1d27fc0
c1d37fc0
c1d47fc0
c1d57fc0
c1d67fc0
c1d77fc0
c1d87fc0
c1d97fc0
c1da7fc0
c1db7fc0
c1dc7fc0
c1dd7fc0
c1de7fc0
c1df7fc0
c1e07fc0
c1e17fc0
c1e27fc0
c1e37fc0
c1e47fc0
c1e57fc0
c1e67fc0
c1e77fc0
c1e87fc0
c1e97fc0
c1ea7fc0
c1eb7fc0
c1ec7fc0
c1ed7fc0
c1ee7fc0
c1ef7fc0
c1f07fc0
c1f17fc0
c1f27fc0
c1f37fc0
c1f47fc0
c1f57fc0
c1f67fc0
c1f77fc0
c1f87fc0
c1f97fc0
c1fa7fc0
c1fb7fc0
c1fc7fc0
c1fd7fc0
c1fe7fc0
c1ff7fc0
c2007fc0
c2017fc0
c2027fc0
c2037fc0
c2047fc0
c2057fc0
c2067fc0
c2077fc0
c2087fc0
c2097fc0
c20a7fc0
c20b7fc0
c20c7fc0
c20d7fc0
c20e7fc0
c20f7fc0
c2107fc0
c2117fc0
c2127fc0
c2137fc0
c2147fc0
c2157fc0
c2167fc0
c2177fc0
c2187fc0
c2197fc0
c21a7fc0
c21b7fc0
c21c7fc0
c21d7fc0
c21e7fc0
c21f7fc0
c2207fc0
c2217fc0
c2227fc0
c2237fc0
c2247fc0
c2257fc0
c2267fc0
c2277fc0
c2287fc0
c2297fc0
c22a7fc0
c22b7fc0
c22c7fc0
c22d7fc0
c22e7fc0
c22f7fc0
c2307fc0
c2317fc0
c2327fc0
c2337fc0
c2347fc0
c2357fc0
c2367fc0
c2377fc0
c2387fc0
c2397fc0
c23a7fc0
c23b7fc0
c23c7fc0
c23d7fc0
c23e7fc0
c23f7fc0
c2407fc0
c2417fc0
c2427fc0
c2437fc0
c2447fc0
c2457fc0
c2467fc0
c2477fc0
c2487fc0
c2497fc0
c24a7fc0
c24b7fc0
c24c7fc0
c24d7fc0
c24e7fc0
c24f7fc0
c2507fc0
c2517fc0
c2527fc0
c2537fc0
c2547fc0
c2557fc0
c2567fc0
c2577fc0
c2587fc0
c2597fc0
c25a7fc0
c25b7fc0
c25c7fc0
c25d7fc0
c25e7fc0
c25f7fc0
c2607fc0
c2617fc0
c2627fc0
c2637fc0
c2647fc0
c2657fc0
c2667fc0
c2677fc0
c2687fc0
c2697fc0
c26a7fc0
c26b7fc0
c26c7fc0
c26d7fc0
c26e7fc0
c26f7fc0
c2707fc0
c2717fc0
c2727fc0
c2737fc0
c2747fc0
c2757fc0
c2767fc0
c2777fc0
c2787fc0
c2797fc0
c27a7fc0
c27b7fc0
c27c7fc0
c27d7fc0
c27e7fc0
c27f7fc0
c2807fc0
c2817fc0
c2827fc0
c2837fc0
c2847fc0
c2857fc0
c2867fc0
c2877fc0
c2887fc0
c2897fc0
c28a7fc0
c28b7fc0
c28c7fc0
c28d7fc0
c28e7fc0
c28f7fc0
c2907fc0
c2917fc0
c2927fc0
c2937fc0
c2947fc0
c2957fc0
c2967fc0
c2977fc0
c2987fc0
c2997fc0
c29a7fc0
c29b7fc0
c29c7fc0
c29d7fc0
c29e7fc0
c29f7fc0
c2a07fc0
c2a17fc0
c2a27fc0
c2a37fc0
c2a47fc0
c2a57fc0
c2a67fc0
c2a77fc0
c2a87fc0
c2a97fc0
c2aa7fc0
c2ab7fc0
c2ac7fc0
c2ad7fc0
c2ae7fc0
c2af7fc0
c2b07fc0
c2b17fc0
c2b27fc0
c2b37fc0
c2b47fc0
c2b57fc0
c2b67fc0
c2b77fc0
c2b87fc0
c2b97fc0
c2ba7fc0
c2bb7fc0
c2bc7fc0
c2bd7fc0
c2be7fc0
c2bf7fc0
c2c07fc0
c2c17fc0
c2c27fc0
c2c37fc0
c2c47fc0
c2c57fc0
c2c67fc0
c2c77fc0
c2c87fc0
c2c97fc0
c2ca7fc0
c2cb7fc0
c2cc7fc0
c2cd7fc0
c2ce7fc0
c2cf7fc0
c2d07fc0
c2d17fc0
c2d27fc0
c2d37fc0
c2d47fc0
c2d57fc0
c2d67fc0
c2d77fc0
c2d87fc0
c2d97fc0
c2da7fc0
c2db7fc0
c2dc7fc0
c2dd7fc0
c2de7fc0
c2df7fc0
c2e07fc0
c2e17fc0
c2e27fc0
c2e37fc0
c2e47fc0
c2e57fc0
c2e67fc0
c2e77fc0
c2e87fc0
c2e97fc0
c2ea7fc0
c2eb7fc0
c2ec7fc0
c2ed7fc0
c2ee7fc0
c2ef7fc0
c2f07fc0
c2f17fc0
c2f27fc0
c2f37fc0
c2f47fc0
c2f57fc0
c2f67fc0
c2f77fc0
c2f87fc0
c2f97fc0
c2fa7fc0
c2fb7fc0
c2fc7fc0
c2fd7fc0
c2fe7fc0
c2ff7fc0
c3007fc0
c3017fc0
c3027fc0
c3037fc0
c3047fc0
c3057fc0
c3067fc0
c3077fc0
c3087fc0
c3097fc0
c30a7fc0
c30b7fc0
c30c7fc0
c30d7fc0
c30e7fc0
c30f7fc0
c3107fc0
c3117fc0
c3127fc0
c3137fc0
c3147fc0
c3157fc0
c3167fc0
c3177fc0
c3187fc0
c3197fc0
c31a7fc0
c31b7fc0
c31c7fc0
c31d7fc0
c31e7fc0
c31f7fc0
c3207fc0
c3217fc0
c3227fc0
c3237fc0
c3247fc0
c3257fc0
c3267fc0
c3277fc0
c3287fc0
c3297fc0
c32a7fc0
c32b7fc0
c32c7fc0
c32d7fc0
c32e7fc0
c32f7fc0
c3307fc0
c3317fc0
c3327fc0
c3337fc0
c3347fc0
c3357fc0
c3367fc0
c3377fc0
c3387fc0
c3397fc0
c33a7fc0
c33b7fc0
c33c7fc0
c33d7fc0
c33e7fc0
c33f7fc0
c3407fc0
c3417fc0
c3427fc0
c3437fc0
c3447fc0
c3457fc0
c3467fc0
c3477fc0
c3487fc0
c3497fc0
c34a7fc0
c34b7fc0
c34c7fc0
c34d7fc0
c34e7fc0
c34f7fc0
c3507fc0
c3517fc0
c3527fc0
c3537fc0
c3547fc0
c3557fc0
c3567fc0
c3577fc0
c3587fc0
c3597fc0
c35a7fc0
c35b7fc0
c35c7fc0
c35d7fc0
c35e7fc0
c35f7fc0
c3607fc0
c3617fc0
c3627fc0
c3637fc0
c3647fc0
c3657fc0
c3667fc0
c3677fc0
c3687fc0
c3697fc0
c36a7fc0
c36b7fc0
c36c7fc0
c36d7fc0
c36e7fc0
c36f7fc0
c3707fc0
c3717fc0
c3727fc0
c3737fc0
c3747fc0
c3757fc0
c3767fc0
c3777fc0
c3787fc0
c3797fc0
c37a7fc0
c37b7fc0
c37c7fc0
c37d7fc0
c37e7fc0
c37f7fc0
c3807fc0
c3817fc0
c3827fc0
c3837fc0
c3847fc0
c3857fc0
c3867fc0
c3877fc0
c3887fc0
c3897fc0
c38a7fc0
c38b7fc0
c38c7fc0
c38d7fc0
c38e7fc0
c38f7fc0
c3907fc0
c3917fc0
c3927fc0
c3937fc0
c3947fc0
c3957fc0
c3967fc0
c3977fc0
c3987fc0
c3997fc0
c39a7fc0
c39b7fc0
c39c7fc0
c39d7fc0
c39e7fc0
c39f7fc0
c3a07fc0
c3a17fc0
c3a27fc0
c3a37fc0
c3a47fc0
c3a57fc0
c3a67fc0
c3a77fc0
c3a87fc0
c3a97fc0
c3aa7fc0
c3ab7fc0
c3ac7fc0
c3ad7fc0
c3ae7fc0
c3af7fc0
c3b07fc0
c3b17fc0
c3b27fc0
c3b37fc0
c3b47fc0
c3b57fc0
c3b67fc0
c3b77fc0
c3b87fc0
c3b97fc0
c3ba7fc0
c3bb7fc0
c3bc7fc0
c3bd7fc0
c3be7fc0
c3bf7fc0
c3c07fc0
c3c17fc0
c3c27fc0
c3c37fc0
c3c47fc0
c3c57fc0
c3c67fc0
c3c77fc0
c3c87fc0
c3c97fc0
c3ca7fc0
c3cb7fc0
c3cc7fc0
c3cd7fc0
c3ce7fc0
c3cf7fc0
c3d07fc0
c3d17fc0
c3d27fc0
c3d37fc0
c3d47fc0
c3d57fc0
c3d67fc0
c3d77fc0
c3d87fc0
c3d97fc0
c3da7fc0
c3db7fc0
c3dc7fc0
c3dd7fc0
c3de7fc0
c3df7fc0
c3e07fc0
c3e17fc0
c3e27fc0
c3e37fc0
c3e47fc0
c3e57fc0
c3e67fc0
c3e77fc0
c3e87fc0
c3e97fc0
c3ea7fc0
c3eb7fc0
c3ec7fc0
c3ed7fc0
c3ee7fc0
c3ef7fc0
c3f07fc0
c3f17fc0
c3f27fc0
c3f37fc0
c3f47fc0
c3f57fc0
c3f67fc0
c3f77fc0
c3f87fc0
c3f97fc0
c3fa7fc0
c3fb7fc0
c3fc7fc0
c3fd7fc0
c3fe7fc0
c3ff7fc0
c4007fc0
c4017fc0
c4027fc0
c4037fc0
c4047fc0
c4057fc0
c4067fc0
c4077fc0
c4087fc0
c4097fc0
c40a7fc0
c40b7fc0
c40c7fc0
c40d7fc0
c40e7fc0
c40f7fc0
c4107fc0
c4117fc0
c4127fc0
c4137fc0
c4147fc0
c4157fc0
c4167fc0
c4177fc0
c4187fc0
c4197fc0
c41a7fc0
c41b7fc0
c41c7fc0
c41d7fc0
c41e7fc0
c41f7fc0
c4207fc0
c4217fc0
c4227fc0
c4237fc0
c4247fc0
c4257fc0
c4267fc0
c4277fc0
c4287fc0
c4297fc0
c42a7fc0
c42b7fc0
c42c7fc0
c42d7fc0
c42e7fc0
c42f7fc0
c4307fc0
c4317fc0
c4327fc0
c4337fc0
c4347fc0
c4357fc0
c4367fc0
c4377fc0
c4387fc0
c4397fc0
c43a7fc0
c43b7fc0
c43c7fc0
c43d7fc0
c43e7fc0
c43f7fc0
c4407fc0
c4417fc0
c4427fc0
c4437fc0
c4447fc0
c4457fc0
c4467fc0
c4477fc0
c4487fc0
c4497fc0
c44a7fc0
c44b7fc0
c44c7fc0
c44d7fc0
c44e7fc0
c44f7fc0
c4507fc0
c4517fc0
c4527fc0
c4537fc0
c4547fc0
c4557fc0
c4567fc0
c4577fc0
c4587fc0
c4597fc0
c45a7fc0
c45b7fc0
c45c7fc0
c45d7fc0
c45e7fc0
c45f7fc0
c4607fc0
c4617fc0
c4627fc0
c4637fc0
c4647fc0
c4657fc0
c4667fc0
c4677fc0
c4687fc0
c4697fc0
c46a7fc0
c46b7fc0
c46c7fc0
c46d7fc0
c46e7fc0
c46f7fc0
c4707fc0
c4717fc0
c4727fc0
c4737fc0
c4747fc0
c4757fc0
c4767fc0
c4777fc0
c4787fc0
c4797fc0
c47a7fc0
c47b7fc0
c47c7fc0
c47d7fc0
c47e7fc0
c47f7fc0
c4807fc0
c4817fc0
c4827fc0
c4837fc0
c4847fc0
c4857fc0
c4867fc0
c4877fc0
c4887fc0
c4897fc0
c48a7fc0
c48b7fc0
c48c7fc0
c48d7fc0
c48e7fc0
c48f7fc0
c4907fc0
c4917fc0
c4927fc0
c4937fc0
c4947fc0
c4957fc0
c4967fc0
c4977fc0
c4987fc0
c4997fc0
c49a7fc0
c49b7fc0
c49c7fc0
c49d7fc0
c49e7fc0
c49f7fc0
c4a07fc0
c4a17fc0
c4a27fc0
c4a37fc0
c4a47fc0
c4a57fc0
c4a67fc0
c4a77fc0
c4a87fc0
c4a97fc0
c4aa7fc0
c4ab7fc0
c4ac7fc0
c4ad7fc0
c4ae7fc0
c4af7fc0
c4b07fc0
c4b17fc0
c4b27fc0
c4b37fc0
c4b47fc0
c4b57fc0
c4b67fc0
c4b77fc0
c4b87fc0
c4b97fc0
c4ba7fc0
c4bb7fc0
c4bc7fc0
c4bd7fc0
c4be7fc0
c4bf7fc0
c4c07fc0
c4c17fc0
c4c27fc0
c4c37fc0
c4c47fc0
c4c57fc0
c4c67fc0
c4c77fc0
c4c87fc0
c4c97fc0
c4ca7fc0
c4cb7fc0
c4cc7fc0
c4cd7fc0
c4ce7fc0
c4cf7fc0
c4d07fc0
c4d17fc0
c4d27fc0
c4d37fc0
c4d47fc0
c4d57fc0
c4d67fc0
c4d77fc0
c4d87fc0
c4d97fc0
c4da7fc0
c4db7fc0
c4dc7fc0
c4dd7fc0
c4de7fc0
c4df7fc0
c4e07fc0
c4e17fc0
c4e27fc0
c4e37fc0
c4e47fc0
c4e57fc0
c4e67fc0
c4e77fc0
c4e87fc0
c4e97fc0
c4ea7fc0
c4eb7fc0
c4ec7fc0
c4ed7fc0
c4ee7fc0
c4ef7fc0
c4f07fc0
c4f17fc0
c4f27fc0
c4f37fc0
c4f47fc0
c4f57fc0
c4f67fc0
c4f77fc0
c4f87fc0
c4f97fc0
c4fa7fc0
c4fb7fc0
c4fc7fc0
c4fd7fc0
c4fe7fc0
c4ff7fc0
c5007fc0
c5017fc0
c5027fc0
c5037fc0
c5047fc0
c5057fc0
c5067fc0
c5077fc0
c5087fc0
c5097fc0
c50a7fc0
c50b7fc0
c50c7fc0
c50d7fc0
c50e7fc0
c50f7fc0
c5107fc0
c5117fc0
c5127fc0
c5137fc0
c5147fc0
c5157fc0
c5167fc0
c5177fc0
c5187fc0
c5197fc0
c51a7fc0
c51b7fc0
c51c7fc0
c51d7fc0
c51e7fc0
c51f7fc0
c5207fc0
c5217fc0
c5227fc0
c5237fc0
c5247fc0
c5257fc0
c5267fc0
c5277fc0
c5287fc0
c5297fc0
c52a7fc0
c52b7fc0
c52c7fc0
c52d7fc0
c52e7fc0
c52f7fc0
c5307fc0
c5317fc0
c5327fc0
c5337fc0
c5347fc0
c5357fc0
c5367fc0
c5377fc0
c5387fc0
c5397fc0
c53a7fc0
c53b7fc0
c53c7fc0
c53d7fc0
c53e7fc0
c53f7fc0
c5407fc0
c5417fc0
c5427fc0
c5437fc0
c5447fc0
c5457fc0
c5467fc0
c5477fc0
c5487fc0
c5497fc0
c54a7fc0
c54b7fc0
c54c7fc0
c54d7fc0
c54e7fc0
c54f7fc0
c5507fc0
c5517fc0
c5527fc0
c5537fc0
c5547fc0
c5557fc0
c5567fc0
c5577fc0
c5587fc0
c5597fc0
c55a7fc0
c55b7fc0
c55c7fc0
c55d7fc0
c55e7fc0
c55f7fc0
c5607fc0
c5617fc0
c5627fc0
c5637fc0
c5647fc0
c5657fc0
c5667fc0
c5677fc0
c5687fc0
c5697fc0
c56a7fc0
c56b7fc0
c56c7fc0
c56d7fc0
c56e7fc0
c56f7fc0
c5707fc0
c5717fc0
c5727fc0
c5737fc0
c5747fc0
c5757fc0
c5767fc0
c5777fc0
c5787fc0
c5797fc0
c57a7fc0
c57b7fc0
c57c7fc0
c57d7fc0
c57e7fc0
c57f7fc0
c5807fc0
c5817fc0
c5827fc0
c5837fc0
c5847fc0
c5857fc0
c5867fc0
c5877fc0
c5887fc0
c5897fc0
c58a7fc0
c58b7fc0
c58c7fc0
c58d7fc0
c58e7fc0
c58f7fc0
c5907fc0
c5917fc0
c5927fc0
c5937fc0
c5947fc0
c5957fc0
c5967fc0
c5977fc0
c5987fc0
c5997fc0
c59a7fc0
c59b7fc0
c59c7fc0
c59d7fc0
c59e7fc0
c59f7fc0
c5a07fc0
c5a17fc0
c5a27fc0
c5a37fc0
c5a47fc0
c5a57fc0
c5a67fc0
c5a77fc0
c5a87fc0
c5a97fc0
c5aa7fc0
c5ab7fc0
c5ac7fc0
c5ad7fc0
c5ae7fc0
c5af7fc0
c5b07fc0
c5b17fc0
c5b27fc0
c5b37fc0
c5b47fc0
c5b57fc0
c5b67fc0
c5b77fc0
c5b87fc0
c5b97fc0
c5ba7fc0
c5bb7fc0
c5bc7fc0
c5bd7fc0
c5be7fc0
c5bf7fc0
c5c07fc0
c5c17fc0
c5c27fc0
c5c37fc0
c5c47fc0
c5c57fc0
c5c67fc0
c5c77fc0
c5c87fc0
c5c97fc0
c5ca7fc0
c5cb7fc0
c5cc7fc0
c5cd7fc0
c5ce7fc0
c5cf7fc0
c5d07fc0
c5d17fc0
c5d27fc0
c5d37fc0
c5d47fc0
c5d57fc0
c5d67fc0
c5d77fc0
c5d87fc0
c5d97fc0
c5da7fc0
c5db7fc0
c5dc7fc0
c5dd7fc0
c5de7fc0
c5df7fc0
c5e07fc0
c5e17fc0
c5e27fc0
c5e37fc0
c5e47fc0
c5e57fc0
c5e67fc0
c5e77fc0
c5e87fc0
c5e97fc0
c5ea7fc0
c5eb7fc0
c5ec7fc0
c5ed7fc0
c5ee7fc0
c5ef7fc0
c5f07fc0
c5f17fc0
c5f27fc0
c5f37fc0
c5f47fc0
c5f57fc0
c5f67fc0
c5f77fc0
c5f87fc0
c5f97fc0
c5fa7fc0
c5fb7fc0
c5fc7fc0
c5fd7fc0
c5fe7fc0
c5ff7fc0
c6007fc0
c6017fc0
c6027fc0
c6037fc0
c6047fc0
c6057fc0
c6067fc0
c6077fc0
c6087fc0
c6097fc0
c60a7fc0
c60b7fc0
c60c7fc0
c60d7fc0
c60e7fc0
c60f7fc0
c6107fc0
c6117fc0
c6127fc0
c6137fc0
c6147fc0
c6157fc0
c6167fc0
c6177fc0
c6187fc0
c6197fc0
c61a7fc0
c61b7fc0
c61c7fc0
c61d7fc0
c61e7fc0
c61f7fc0
c6207fc0
c6217fc0
c6227fc0
c6237fc0
c6247fc0
c6257fc0
c6267fc0
c6277fc0
c6287fc0
c6297fc0
c62a7fc0
c62b7fc0
c62c7fc0
c62d7fc0
c62e7fc0
c62f7fc0
c6307fc0
c6317fc0
c6327fc0
c6337fc0
c6347fc0
c6357fc0
c6367fc0
c6377fc0
c6387fc0
c6397fc0
c63a7fc0
c63b7fc0
c63c7fc0
c63d7fc0
c63e7fc0
c63f7fc0
c6407fc0
c6417fc0
c6427fc0
c6437fc0
c6447fc0
c6457fc0
c6467fc0
c6477fc0
c6487fc0
c6497fc0
c64a7fc0
c64b7fc0
c64c7fc0
c64d7fc0
c64e7fc0
c64f7fc0
c6507fc0
c6517fc0
c6527fc0
c6537fc0
c6547fc0
c6557fc0
c6567fc0
c6577fc0
c6587fc0
c6597fc0
c65a7fc0
c65b7fc0
c65c7fc0
c65d7fc0
c65e7fc0
c65f7fc0
c6607fc0
c6617fc0
c6627fc0
c6637fc0
c6647fc0
c6657fc0
c6667fc0
c6677fc0
c6687fc0
c6697fc0
c66a7fc0
c66b7fc0
c66c7fc0
c66d7fc0
c66e7fc0
c66f7fc0
c6707fc0
c6717fc0
c6727fc0
c6737fc0
c6747fc0
c6757fc0
c6767fc0
c6777fc0
c6787fc0
c6797fc0
c67a7fc0
c67b7fc0
c67c7fc0
c67d7fc0
c67e7fc0
c67f7fc0
c6807fc0
c6817fc0
c6827fc0
c6837fc0
c6847fc0
c6857fc0
c6867fc0
c6877fc0
c6887fc0
c6897fc0
c68a7fc0
c68b7fc0
c68c7fc0
c68d7fc0
c68e7fc0
c68f7fc0
c6907fc0
c6917fc0
c6927fc0
c6937fc0
c6947fc0
c6957fc0
c6967fc0
c6977fc0
c6987fc0
c6997fc0
c69a7fc0
c69b7fc0
c69c7fc0
c69d7fc0
c69e7fc0
c69f7fc0
c6a07fc0
c6a17fc0
c6a27fc0
c6a37fc0
c6a47fc0
c6a57fc0
c6a67fc0
c6a77fc0
c6a87fc0
c6a97fc0
c6aa7fc0
c6ab7fc0
c6ac7fc0
c6ad7fc0
c6ae7fc0
c6af7fc0
c6b07fc0
c6b17fc0
c6b27fc0
c6b37fc0
c6b47fc0
c6b57fc0
c6b67fc0
c6b77fc0
c6b87fc0
c6b97fc0
c6ba7fc0
c6bb7fc0
c6bc7fc0
c6bd7fc0
c6be7fc0
c6bf7fc0
c6c07fc0
c6c17fc0
c6c27fc0
c6c37fc0
c6c47fc0
c6c57fc0
c6c67fc0
c6c77fc0
c6c87fc0
c6c97fc0
c6ca7fc0
c6cb7fc0
c6cc7fc0
c6cd7fc0
c6ce7fc0
c6cf7fc0
c6d07fc0
c6d17fc0
c6d27fc0
c6d37fc0
c6d47fc0
c6d57fc0
c6d67fc0
c6d77fc0
c6d87fc0
c6d97fc0
c6da7fc0
c6db7fc0
c6dc7fc0
c6dd7fc0
c6de7fc0
c6df7fc0
c6e07fc0
c6e17fc0
c6e27fc0
c6e37fc0
c6e47fc0
c6e57fc0
c6e67fc0
c6e77fc0
c6e87fc0
c6e97fc0
c6ea7fc0
c6eb7fc0
c6ec7fc0
c6ed7fc0
c6ee7fc0
c6ef7fc0
c6f07fc0
c6f17fc0
c6f27fc0
c6f37fc0
c6f47fc0
c6f57fc0
c6f67fc0
c6f77fc0
c6f87fc0
c6f97fc0
c6fa7fc0
c6fb7fc0
c6fc7fc0
c6fd7fc0
c6fe7fc0
c6ff7fc0
c7007fc0
c7017fc0
c7027fc0
c7037fc0
c7047fc0
c7057fc0
c7067fc0
c7077fc0
c7087fc0
c7097fc0
c70a7fc0
c70b7fc0
c70c7fc0
c70d7fc0
c70e7fc0
c70f7fc0
c7107fc0
c7117fc0
c7127fc0
c7137fc0
c7147fc0
c7157fc0
c7167fc0
c7177fc0
c7187fc0
c7197fc0
c71a7fc0
c71b7fc0
c71c7fc0
c71d7fc0
c71e7fc0
c71f7fc0
c7207fc0
c7217fc0
c7227fc0
c7237fc0
c7247fc0
c7257fc0
c7267fc0
c7277fc0
c7287fc0
c7297fc0
c72a7fc0
c72b7fc0
c72c7fc0
c72d7fc0
c72e7fc0
c72f7fc0
c7307fc0
c7317fc0
c7327fc0
c7337fc0
c7347fc0
c7357fc0
c7367fc0
c7377fc0
c7387fc0
c7397fc0
c73a7fc0
c73b7fc0
c73c7fc0
c73d7fc0
c73e7fc0
c73f7fc0
c7407fc0
c7417fc0
c7427fc0
c7437fc0
c7447fc0
c7457fc0
c7467fc0
c7477fc0
c7487fc0
c7497fc0
c74a7fc0
c74b7fc0
c74c7fc0
c74d7fc0
c74e7fc0
c74f7fc0
c7507fc0
c7517fc0
c7527fc0
c7537fc0
c7547fc0
c7557fc0
c7567fc0
c7577fc0
c7587fc0
c7597fc0
c75a7fc0
c75b7fc0
c75c7fc0
c75d7fc0
c75e7fc0
c75f7fc0
c7607fc0
c7617fc0
c7627fc0
c7637fc0
c7647fc0
c7657fc0
c7667fc0
c7677fc0
c7687fc0
c7697fc0
c76a7fc0
c76b7fc0
c76c7fc0
c76d7fc0
c76e7fc0
c76f7fc0
c7707fc0
c7717fc0
c7727fc0
c7737fc0
c7747fc0
c7757fc0
c7767fc0
c7777fc0
c7787fc0
c7797fc0
c77a7fc0
c77b7fc0
c77c7fc0
c77d7fc0
c77e7fc0
c77f7fc0
c7807fc0
c7817fc0
c7827fc0
c7837fc0
c7847fc0
c7857fc0
c7867fc0
c7877fc0
c7887fc0
c7897fc0
c78a7fc0
c78b7fc0
c78c7fc0
c78d7fc0
c78e7fc0
c78f7fc0
c7907fc0
c7917fc0
c7927fc0
c7937fc0
c7947fc0
c7957fc0
c7967fc0
c7977fc0
c7987fc0
c7997fc0
c79a7fc0
c79b7fc0
c79c7fc0
c79d7fc0
c79e7fc0
c79f7fc0
c7a07fc0
c7a17fc0
c7a27fc0
c7a37fc0
c7a47fc0
c7a57fc0
c7a67fc0
c7a77fc0
c7a87fc0
c7a97fc0
c7aa7fc0
c7ab7fc0
c7ac7fc0
c7ad7fc0
c7ae7fc0
c7af7fc0
c7b07fc0
c7b17fc0
c7b27fc0
c7b37fc0
c7b47fc0
c7b57fc0
c7b67fc0
c7b77fc0
c7b87fc0
c7b97fc0
c7ba7fc0
c7bb7fc0
c7bc7fc0
c7bd7fc0
c7be7fc0
c7bf7fc0
c7c07fc0
c7c17fc0
c7c27fc0
c7c37fc0
c7c47fc0
c7c57fc0
c7c67fc0
c7c77fc0
c7c87fc0
c7c97fc0
c7ca7fc0
c7cb7fc0
c7cc7fc0
c7cd7fc0
c7ce7fc0
c7cf7fc0
c7d07fc0
c7d17fc0
c7d27fc0
c7d37fc0
c7d47fc0
c7d57fc0
c7d67fc0
c7d77fc0
c7d87fc0
c7d97fc0
c7da7fc0
c7db7fc0
c7dc7fc0
c7dd7fc0
c7de7fc0
c7df7fc0
c7e07fc0
c7e17fc0
c7e27fc0
c7e37fc0
c7e47fc0
c7e57fc0
c7e67fc0
c7e77fc0
c7e87fc0
c7e97fc0
c7ea7fc0
c7eb7fc0
c7ec7fc0
c7ed7fc0
c7ee7fc0
c7ef7fc0
c7f07fc0
c7f17fc0
c7f27fc0
c7f37fc0
c7f47fc0
c7f57fc0
c7f67fc0
c7f77fc0
c7f87fc0
c7f97fc0
c7fa7fc0
c7fb7fc0
c7fc7fc0
c7fd7fc0
c7fe7fc0
c7ff7fc0
c8007fc0
c8017fc0
c8027fc0
c8037fc0
c8047fc0
c8057fc0
c8067fc0
c8077fc0
c8087fc0
c8097fc0
c80a7fc0
c80b7fc0
c80c7fc0
c80d7fc0
c80e7fc0
c80f7fc0
c8107fc0
c8117fc0
c8127fc0
c8137fc0
c8147fc0
c8157fc0
c8167fc0
c8177fc0
c8187fc0
c8197fc0
c81a7fc0
c81b7fc0
c81c7fc0
c81d7fc0
c81e7fc0
c81f7fc0
c8207fc0
c8217fc0
c8227fc0
c8237fc0
c8247fc0
c8257fc0
c8267fc0
c8277fc0
c8287fc0
c8297fc0
c82a7fc0
c82b7fc0
c82c7fc0
c82d7fc0
c82e7fc0
c82f7fc0
c8307fc0
c8317fc0
c8327fc0
c8337fc0
c8347fc0
c8357fc0
c8367fc0
c8377fc0
c8387fc0
c8397fc0
c83a7fc0
c83b7fc0
c83c7fc0
c83d7fc0
c83e7fc0
c83f7fc0
c8407fc0
c8417fc0
c8427fc0
c8437fc0
c8447fc0
c8457fc0
c8467fc0
c8477fc0
c8487fc0
c8497fc0
c84a7fc0
c84b7fc0
c84c7fc0
c84d7fc0
c84e7fc0
c84f7fc0
c8507fc0
c8517fc0
c8527fc0
c8537fc0
c8547fc0
c8557fc0
c8567fc0
c8577fc0
c8587fc0
c8597fc0
c85a7fc0
c85b7fc0
c85c7fc0
c85d7fc0
c85e7fc0
c85f7fc0
c8607fc0
c8617fc0
c8627fc0
c8637fc0
c8647fc0
c8657fc0
c8667fc0
c8677fc0
c8687fc0
c8697fc0
c86a7fc0
c86b7fc0
c86c7fc0
c86d7fc0
c86e7fc0
c86f7fc0
c8707fc0
c8717fc0
c8727fc0
c8737fc0
c8747fc0
c8757fc0
c8767fc0
c8777fc0
c8787fc0
c8797fc0
c87a7fc0
c87b7fc0
c87c7fc0
c87d7fc0
c87e7fc0
c87f7fc0
c8807fc0
c8817fc0
c8827fc0
c8837fc0
c8847fc0
c8857fc0
c8867fc0
c8877fc0
c8887fc0
c8897fc0
c88a7fc0
c88b7fc0
c88c7fc0
c88d7fc0
c88e7fc0
c88f7fc0
c8907fc0
c8917fc0
c8927fc0
c8937fc0
c8947fc0
c8957fc0
c8967fc0
c8977fc0
c8987fc0
c8997fc0
c89a7fc0
c89b7fc0
c89c7fc0
c89d7fc0
c89e7fc0
c89f7fc0
c8a07fc0
c8a17fc0
c8a27fc0
c8a37fc0
c8a47fc0
c8a57fc0
c8a67fc0
c8a77fc0
c8a87fc0
c8a97fc0
c8aa7fc0
c8ab7fc0
c8ac7fc0
c8ad7fc0
c8ae7fc0
c8af7fc0
c8b07fc0
c8b17fc0
c8b27fc0
c8b37fc0
c8b47fc0
c8b57fc0
c8b67fc0
c8b77fc0
c8b87fc0
c8b97fc0
c8ba7fc0
c8bb7fc0
c8bc7fc0
c8bd7fc0
c8be7fc0
c8bf7fc0
c8c07fc0
c8c17fc0
c8c27fc0
c8c37fc0
c8c47fc0
c8c57fc0
c8c67fc0
c8c77fc0
c8c87fc0
c8c97fc0
c8ca7fc0
c8cb7fc0
c8cc7fc0
c8cd7fc0
c8ce7fc0
c8cf7fc0
c8d07fc0
c8d17fc0
c8d27fc0
c8d37fc0
c8d47fc0
c8d57fc0
c8d67fc0
c8d77fc0
c8d87fc0
c8d97fc0
c8da7fc0
c8db7fc0
c8dc7fc0
c8dd7fc0
c8de7fc0
c8df7fc0
c8e07fc0
c8e17fc0
c8e27fc0
c8e37fc0
c8e47fc0
c8e57fc0
c8e67fc0
c8e77fc0
c8e87fc0
c8e97fc0
c8ea7fc0
c8eb7fc0
c8ec7fc0
c8ed7fc0
c8ee7fc0
c8ef7fc0
c8f07fc0
c8f17fc0
c8f27fc0
c8f37fc0
c8f47fc0
c8f57fc0
c8f67fc0
c8f77fc0
c8f87fc0
c8f97fc0
c8fa7fc0
c8fb7fc0
c8fc7fc0
c8fd7fc0
c8fe7fc0
c8ff7fc0
c9007fc0
c9017fc0
c9027fc0
c9037fc0
c9047fc0
c9057fc0
c9067fc0
c9077fc0
c9087fc0
c9097fc0
c90a7fc0
c90b7fc0
c90c7fc0
c90d7fc0
c90e7fc0
c90f7fc0
c9107fc0
c9117fc0
c9127fc0
c9137fc0
c9147fc0
c9157fc0
c9167fc0
c9177fc0
c9187fc0
c9197fc0
c91a7fc0
c91b7fc0
c91c7fc0
c91d7fc0
c91e7fc0
c91f7fc0
c9207fc0
c9217fc0
c9227fc0
c9237fc0
c9247fc0
c9257fc0
c9267fc0
c9277fc0
c9287fc0
c9297fc0
c92a7fc0
c92b7fc0
c92c7fc0
c92d7fc0
c92e7fc0
c92f7fc0
c9307fc0
c9317fc0
c9327fc0
c9337fc0
c9347fc0
c9357fc0
c9367fc0
c9377fc0
c9387fc0
c9397fc0
c93a7fc0
c93b7fc0
c93c7fc0
c93d7fc0
c93e7fc0
c93f7fc0
c9407fc0
c9417fc0
c9427fc0
c9437fc0
c9447fc0
c9457fc0
c9467fc0
c9477fc0
c9487fc0
c9497fc0
c94a7fc0
c94b7fc0
c94c7fc0
c94d7fc0
c94e7fc0
c94f7fc0
c9507fc0
c9517fc0
c9527fc0
c9537fc0
c9547fc0
c9557fc0
c9567fc0
c9577fc0
c9587fc0
c9597fc0
c95a7fc0
c95b7fc0
c95c7fc0
c95d7fc0
c95e7fc0
c95f7fc0
c9607fc0
c9617fc0
c9627fc0
c9637fc0
c9647fc0
c9657fc0
c9667fc0
c9677fc0
c9687fc0
c9697fc0
c96a7fc0
c96b7fc0
c96c7fc0
c96d7fc0
c96e7fc0
c96f7fc0
c9707fc0
c9717fc0
c9727fc0
c9737fc0
c9747fc0
c9757fc0
c9767fc0
c9777fc0
c9787fc0
c9797fc0
c97a7fc0
c97b7fc0
c97c7fc0
c97d7fc0
c97e7fc0
c97f7fc0
c9807fc0
c9817fc0
c9827fc0
c9837fc0
c9847fc0
c9857fc0
c9867fc0
c9877fc0
c9887fc0
c9897fc0
c98a7fc0
c98b7fc0
c98c7fc0
c98d7fc0
c98e7fc0
c98f7fc0
c9907fc0
c9917fc0
c9927fc0
c9937fc0
c9947fc0
c9957fc0
c9967fc0
c9977fc0
c9987fc0
c9997fc0
c99a7fc0
c99b7fc0
c99c7fc0
c99d7fc0
c99e7fc0
c99f7fc0
c9a07fc0
c9a17fc0
c9a27fc0
c9a37fc0
c9a47fc0
c9a57fc0
c9a67fc0
c9a77fc0
c9a87fc0
c9a97fc0
c9aa7fc0
c9ab7fc0
c9ac7fc0
c9ad7fc0
c9ae7fc0
c9af7fc0
c9b07fc0
c9b17fc0
c9b27fc0
c9b37fc0
c9b47fc0
c9b57fc0
c9b67fc0
c9b77fc0
c9b87fc0
c9b97fc0
c9ba7fc0
c9bb7fc0
c9bc7fc0
c9bd7fc0
c9be7fc0
c9bf7fc0
c9c07fc0
c9c17fc0
c9c27fc0
c9c37fc0
c9c47fc0
c9c57fc0
c9c67fc0
c9c77fc0
c9c87fc0
c9c97fc0
c9ca7fc0
c9cb7fc0
c9cc7fc0
c9cd7fc0
c9ce7fc0
c9cf7fc0
c9d07fc0
c9d17fc0
c9d27fc0
c9d37fc0
c9d47fc0
c9d57fc0
c9d67fc0
c9d77fc0
c9d87fc0
c9d97fc0
c9da7fc0
c9db7fc0
c9dc7fc0
c9dd7fc0
c9de7fc0
c9df7fc0
c9e07fc0
c9e17fc0
c9e27fc0
c9e37fc0
c9e47fc0
c9e57fc0
c9e67fc0
c9e77fc0
c9e87fc0
c9e97fc0
c9ea7fc0
c9eb7fc0
c9ec7fc0
c9ed7fc0
c9ee7fc0
c9ef7fc0
c9f07fc0
c9f17fc0
c9f27fc0
c9f37fc0
c9f47fc0
c9f57fc0
c9f67fc0
c9f77fc0
c9f87fc0
c9f97fc0
c9fa7fc0
c9fb7fc0
c9fc7fc0
c9fd7fc0
c9fe7fc0
c9ff7fc0
ca007fc0
ca017fc0
ca027fc0
ca037fc0
ca047fc0
ca057fc0
ca067fc0
ca077fc0
ca087fc0
ca097fc0
ca0a7fc0
ca0b7fc0
ca0c7fc0
ca0d7fc0
ca0e7fc0
ca0f7fc0
ca107fc0
ca117fc0
ca127fc0
ca137fc0
ca147fc0
ca157fc0
ca167fc0
ca177fc0
ca187fc0
ca197fc0
ca1a7fc0
ca1b7fc0
ca1c7fc0
ca1d7fc0
ca1e7fc0
ca1f7fc0
ca207fc0
ca217fc0
ca227fc0
ca237fc0
ca247fc0
ca257fc0
ca267fc0
ca277fc0
ca287fc0
ca297fc0
ca2a7fc0
ca2b7fc0
ca2c7fc0
ca2d7fc0
ca2e7fc0
ca2f7fc0
ca307fc0
ca317fc0
ca327fc0
ca337fc0
ca347fc0
ca357fc0
ca367fc0
ca377fc0
ca387fc0
ca397fc0
ca3a7fc0
ca3b7fc0
ca3c7fc0
ca3d7fc0
ca3e7fc0
ca3f7fc0
ca407fc0
ca417fc0
ca427fc0
ca437fc0
ca447fc0
ca457fc0
ca467fc0
ca477fc0
ca487fc0
ca497fc0
ca4a7fc0
ca4b7fc0
ca4c7fc0
ca4d7fc0
ca4e7fc0
ca4f7fc0
ca507fc0
ca517fc0
ca527fc0
ca537fc0
ca547fc0
ca557fc0
ca567fc0
ca577fc0
ca587fc0
ca597fc0
ca5a7fc0
ca5b7fc0
ca5c7fc0
ca5d7fc0
ca5e7fc0
ca5f7fc0
ca607fc0
ca617fc0
ca627fc0
ca637fc0
ca647fc0
ca657fc0
ca667fc0
ca677fc0
ca687fc0
ca697fc0
ca6a7fc0
ca6b7fc0
ca6c7fc0
ca6d7fc0
ca6e7fc0
ca6f7fc0
ca707fc0
ca717fc0
ca727fc0
ca737fc0
ca747fc0
ca757fc0
ca767fc0
ca777fc0
ca787fc0
ca797fc0
ca7a7fc0
ca7b7fc0
ca7c7fc0
ca7d7fc0
ca7e7fc0
ca7f7fc0
ca807fc0
ca817fc0
ca827fc0
ca837fc0
ca847fc0
ca857fc0
ca867fc0
ca877fc0
ca887fc0
ca897fc0
ca8a7fc0
ca8b7fc0
ca8c7fc0
ca8d7fc0
ca8e7fc0
ca8f7fc0
ca907fc0
ca917fc0
ca927fc0
ca937fc0
ca947fc0
ca957fc0
ca967fc0
ca977fc0
ca987fc0
ca997fc0
ca9a7fc0
ca9b7fc0
ca9c7fc0
ca9d7fc0
ca9e7fc0
ca9f7fc0
caa07fc0
caa17fc0
caa27fc0
caa37fc0
caa47fc0
caa57fc0
caa67fc0
caa77fc0
caa87fc0
caa97fc0
caaa7fc0
caab7fc0
caac7fc0
caad7fc0
caae7fc0
caaf7fc0
cab07fc0
cab17fc0
cab27fc0
cab37fc0
cab47fc0
cab57fc0
cab67fc0
cab77fc0
cab87fc0
cab97fc0
caba7fc0
cabb7fc0
cabc7fc0
cabd7fc0
cabe7fc0
cabf7fc0
cac07fc0
cac17fc0
cac27fc0
cac37fc0
cac47fc0
cac57fc0
cac67fc0
cac77fc0
cac87fc0
cac97fc0
caca7fc0
cacb7fc0
cacc7fc0
cacd7fc0
cace7fc0
cacf7fc0
cad07fc0
cad17fc0
cad27fc0
cad37fc0
cad47fc0
cad57fc0
cad67fc0
cad77fc0
cad87fc0
cad97fc0
cada7fc0
cadb7fc0
cadc7fc0
cadd7fc0
cade7fc0
cadf7fc0
cae07fc0
cae17fc0
cae27fc0
cae37fc0
cae47fc0
cae57fc0
cae67fc0
cae77fc0
cae87fc0
cae97fc0
caea7fc0
caeb7fc0
caec7fc0
caed7fc0
caee7fc0
caef7fc0
caf07fc0
caf17fc0
caf27fc0
caf37fc0
caf47fc0
caf57fc0
caf67fc0
caf77fc0
caf87fc0
caf97fc0
cafa7fc0
cafb7fc0
cafc7fc0
cafd7fc0
cafe7fc0
caff7fc0
cb007fc0
cb017fc0
cb027fc0
cb037fc0
cb047fc0
cb057fc0
cb067fc0
cb077fc0
cb087fc0
cb097fc0
cb0a7fc0
cb0b7fc0
cb0c7fc0
cb0d7fc0
cb0e7fc0
cb0f7fc0
cb107fc0
cb117fc0
cb127fc0
cb137fc0
cb147fc0
cb157fc0
cb167fc0
cb177fc0
cb187fc0
cb197fc0
cb1a7fc0
cb1b7fc0
cb1c7fc0
cb1d7fc0
cb1e7fc0
cb1f7fc0
cb207fc0
cb217fc0
cb227fc0
cb237fc0
cb247fc0
cb257fc0
cb267fc0
cb277fc0
cb287fc0
cb297fc0
cb2a7fc0
cb2b7fc0
cb2c7fc0
cb2d7fc0
cb2e7fc0
cb2f7fc0
cb307fc0
cb317fc0
cb327fc0
cb337fc0
cb347fc0
cb357fc0
cb367fc0
cb377fc0
cb387fc0
cb397fc0
cb3a7fc0
cb3b7fc0
cb3c7fc0
cb3d7fc0
cb3e7fc0
cb3f7fc0
cb407fc0
cb417fc0
cb427fc0
cb437fc0
cb447fc0
cb457fc0
cb467fc0
cb477fc0
cb487fc0
cb497fc0
cb4a7fc0
cb4b7fc0
cb4c7fc0
cb4d7fc0
cb4e7fc0
cb4f7fc0
cb507fc0
cb517fc0
cb527fc0
cb537fc0
cb547fc0
cb557fc0
cb567fc0
cb577fc0
cb587fc0
cb597fc0
cb5a7fc0
cb5b7fc0
cb5c7fc0
cb5d7fc0
cb5e7fc0
cb5f7fc0
cb607fc0
cb617fc0
cb627fc0
cb637fc0
cb647fc0
cb657fc0
cb667fc0
cb677fc0
cb687fc0
cb697fc0
cb6a7fc0
cb6b7fc0
cb6c7fc0
cb6d7fc0
cb6e7fc0
cb6f7fc0
cb707fc0
cb717fc0
cb727fc0
cb737fc0
cb747fc0
cb757fc0
cb767fc0
cb777fc0
cb787fc0
cb797fc0
cb7a7fc0
cb7b7fc0
cb7c7fc0
cb7d7fc0
cb7e7fc0
cb7f7fc0
cb807fc0
cb817fc0
cb827fc0
cb837fc0
cb847fc0
cb857fc0
cb867fc0
cb877fc0
cb887fc0
cb897fc0
cb8a7fc0
cb8b7fc0
cb8c7fc0
cb8d7fc0
cb8e7fc0
cb8f7fc0
cb907fc0
cb917fc0
cb927fc0
cb937fc0
cb947fc0
cb957fc0
cb967fc0
cb977fc0
cb987fc0
cb997fc0
cb9a7fc0
cb9b7fc0
cb9c7fc0
cb9d7fc0
cb9e7fc0
cb9f7fc0
cba07fc0
cba17fc0
cba27fc0
cba37fc0
cba47fc0
cba57fc0
cba67fc0
cba77fc0
cba87fc0
cba97fc0
cbaa7fc0
cbab7fc0
cbac7fc0
cbad7fc0
cbae7fc0
cbaf7fc0
cbb07fc0
cbb17fc0
cbb27fc0
cbb37fc0
cbb47fc0
cbb57fc0
cbb67fc0
cbb77fc0
cbb87fc0
cbb97fc0
cbba7fc0
cbbb7fc0
cbbc7fc0
cbbd7fc0
cbbe7fc0
cbbf7fc0
cbc07fc0
cbc17fc0
cbc27fc0
cbc37fc0
cbc47fc0
cbc57fc0
cbc67fc0
cbc77fc0
cbc87fc0
cbc97fc0
cbca7fc0
cbcb7fc0
cbcc7fc0
cbcd7fc0
cbce7fc0
cbcf7fc0
cbd07fc0
cbd17fc0
cbd27fc0
cbd37fc0
cbd47fc0
cbd57fc0
cbd67fc0
cbd77fc0
cbd87fc0
cbd97fc0
cbda7fc0
cbdb7fc0
cbdc7fc0
cbdd7fc0
cbde7fc0
cbdf7fc0
cbe07fc0
cbe17fc0
cbe27fc0
cbe37fc0
cbe47fc0
cbe57fc0
cbe67fc0
cbe77fc0
cbe87fc0
cbe97fc0
cbea7fc0
cbeb7fc0
cbec7fc0
cbed7fc0
cbee7fc0
cbef7fc0
cbf07fc0
cbf17fc0
cbf27fc0
cbf37fc0
cbf47fc0
cbf57fc0
cbf67fc0
cbf77fc0
cbf87fc0
cbf97fc0
cbfa7fc0
cbfb7fc0
cbfc7fc0
cbfd7fc0
cbfe7fc0
cbff7fc0
cc007fc0
cc017fc0
cc027fc0
cc037fc0
cc047fc0
cc057fc0
cc067fc0
cc077fc0
cc087fc0
cc097fc0
cc0a7fc0
cc0b7fc0
cc0c7fc0
cc0d7fc0
cc0e7fc0
cc0f7fc0
cc107fc0
cc117fc0
cc127fc0
cc137fc0
cc147fc0
cc157fc0
cc167fc0
cc177fc0
cc187fc0
cc197fc0
cc1a7fc0
cc1b7fc0
cc1c7fc0
cc1d7fc0
cc1e7fc0
cc1f7fc0
cc207fc0
cc217fc0
cc227fc0
cc237fc0
cc247fc0
cc257fc0
cc267fc0
cc277fc0
cc287fc0
cc297fc0
cc2a7fc0
cc2b7fc0
cc2c7fc0
cc2d7fc0
cc2e7fc0
cc2f7fc0
cc307fc0
cc317fc0
cc327fc0
cc337fc0
cc347fc0
cc357fc0
cc367fc0
cc377fc0
cc387fc0
cc397fc0
cc3a7fc0
cc3b7fc0
cc3c7fc0
cc3d7fc0
cc3e7fc0
cc3f7fc0
cc407fc0
cc417fc0
cc427fc0
cc437fc0
cc447fc0
cc457fc0
cc467fc0
cc477fc0
cc487fc0
cc497fc0
cc4a7fc0
cc4b7fc0
cc4c7fc0
cc4d7fc0
cc4e7fc0
cc4f7fc0
cc507fc0
cc517fc0
cc527fc0
cc537fc0
cc547fc0
cc557fc0
cc567fc0
cc577fc0
cc587fc0
cc597fc0
cc5a7fc0
cc5b7fc0
cc5c7fc0
cc5d7fc0
cc5e7fc0
cc5f7fc0
cc607fc0
cc617fc0
cc627fc0
cc637fc0
cc647fc0
cc657fc0
cc667fc0
cc677fc0
cc687fc0
cc697fc0
cc6a7fc0
cc6b7fc0
cc6c7fc0
cc6d7fc0
cc6e7fc0
cc6f7fc0
cc707fc0
cc717fc0
cc727fc0
cc737fc0
cc747fc0
cc757fc0
cc767fc0
cc777fc0
cc787fc0
cc797fc0
cc7a7fc0
cc7b7fc0
cc7c7fc0
cc7d7fc0
cc7e7fc0
cc7f7fc0
cc807fc0
cc817fc0
cc827fc0
cc837fc0
cc847fc0
cc857fc0
cc867fc0
cc877fc0
cc887fc0
cc897fc0
cc8a7fc0
cc8b7fc0
cc8c7fc0
cc8d7fc0
cc8e7fc0
cc8f7fc0
cc907fc0
cc917fc0
cc927fc0
cc937fc0
cc947fc0
cc957fc0
cc967fc0
cc977fc0
cc987fc0
cc997fc0
cc9a7fc0
cc9b7fc0
cc9c7fc0
cc9d7fc0
cc9e7fc0
cc9f7fc0
cca07fc0
cca17fc0
cca27fc0
cca37fc0
cca47fc0
cca57fc0
cca67fc0
cca77fc0
cca87fc0
cca97fc0
ccaa7fc0
ccab7fc0
ccac7fc0
ccad7fc0
ccae7fc0
ccaf7fc0
ccb07fc0
ccb17fc0
ccb27fc0
ccb37fc0
ccb47fc0
ccb57fc0
ccb67fc0
ccb77fc0
ccb87fc0
ccb97fc0
ccba7fc0
ccbb7fc0
ccbc7fc0
ccbd7fc0
ccbe7fc0
ccbf7fc0
ccc07fc0
ccc17fc0
ccc27fc0
ccc37fc0
ccc47fc0
ccc57fc0
ccc67fc0
ccc77fc0
ccc87fc0
ccc97fc0
ccca7fc0
cccb7fc0
cccc7fc0
cccd7fc0
ccce7fc0
cccf7fc0
ccd07fc0
ccd17fc0
ccd27fc0
ccd37fc0
ccd47fc0
ccd57fc0
ccd67fc0
ccd77fc0
ccd87fc0
ccd97fc0
ccda7fc0
ccdb7fc0
ccdc7fc0
ccdd7fc0
ccde7fc0
ccdf7fc0
cce07fc0
cce17fc0
cce27fc0
cce37fc0
cce47fc0
cce57fc0
cce67fc0
cce77fc0
cce87fc0
cce97fc0
ccea7fc0
cceb7fc0
ccec7fc0
cced7fc0
ccee7fc0
ccef7fc0
ccf07fc0
ccf17fc0
ccf27fc0
ccf37fc0
ccf47fc0
ccf57fc0
ccf67fc0
ccf77fc0
ccf87fc0
ccf97fc0
ccfa7fc0
ccfb7fc0
ccfc7fc0
ccfd7fc0
ccfe7fc0
ccff7fc0
cd007fc0
cd017fc0
cd027fc0
cd037fc0
cd047fc0
cd057fc0
cd067fc0
cd077fc0
cd087fc0
cd097fc0
cd0a7fc0
cd0b7fc0
cd0c7fc0
cd0d7fc0
cd0e7fc0
cd0f7fc0
cd107fc0
cd117fc0
cd127fc0
cd137fc0
cd147fc0
cd157fc0
cd167fc0
cd177fc0
cd187fc0
cd197fc0
cd1a7fc0
cd1b7fc0
cd1c7fc0
cd1d7fc0
cd1e7fc0
cd1f7fc0
cd207fc0
cd217fc0
cd227fc0
cd237fc0
cd247fc0
cd257fc0
cd267fc0
cd277fc0
cd287fc0
cd297fc0
cd2a7fc0
cd2b7fc0
cd2c7fc0
cd2d7fc0
cd2e7fc0
cd2f7fc0
cd307fc0
cd317fc0
cd327fc0
cd337fc0
cd347fc0
cd357fc0
cd367fc0
cd377fc0
cd387fc0
cd397fc0
cd3a7fc0
cd3b7fc0
cd3c7fc0
cd3d7fc0
cd3e7fc0
cd3f7fc0
cd407fc0
cd417fc0
cd427fc0
cd437fc0
cd447fc0
cd457fc0
cd467fc0
cd477fc0
cd487fc0
cd497fc0
cd4a7fc0
cd4b7fc0
cd4c7fc0
cd4d7fc0
cd4e7fc0
cd4f7fc0
cd507fc0
cd517fc0
cd527fc0
cd537fc0
cd547fc0
cd557fc0
cd567fc0
cd577fc0
cd587fc0
cd597fc0
cd5a7fc0
cd5b7fc0
cd5c7fc0
cd5d7fc0
cd5e7fc0
cd5f7fc0
cd607fc0
cd617fc0
cd627fc0
cd637fc0
cd647fc0
cd657fc0
cd667fc0
cd677fc0
cd687fc0
cd697fc0
cd6a7fc0
cd6b7fc0
cd6c7fc0
cd6d7fc0
cd6e7fc0
cd6f7fc0
cd707fc0
cd717fc0
cd727fc0
cd737fc0
cd747fc0
cd757fc0
cd767fc0
cd777fc0
cd787fc0
cd797fc0
cd7a7fc0
cd7b7fc0
cd7c7fc0
cd7d7fc0
cd7e7fc0
cd7f7fc0
cd807fc0
cd817fc0
cd827fc0
cd837fc0
cd847fc0
cd857fc0
cd867fc0
cd877fc0
cd887fc0
cd897fc0
cd8a7fc0
cd8b7fc0
cd8c7fc0
cd8d7fc0
cd8e7fc0
cd8f7fc0
cd907fc0
cd917fc0
cd927fc0
cd937fc0
cd947fc0
cd957fc0
cd967fc0
cd977fc0
cd987fc0
cd997fc0
cd9a7fc0
cd9b7fc0
cd9c7fc0
cd9d7fc0
cd9e7fc0
cd9f7fc0
cda07fc0
cda17fc0
cda27fc0
cda37fc0
cda47fc0
cda57fc0
cda67fc0
cda77fc0
cda87fc0
cda97fc0
cdaa7fc0
cdab7fc0
cdac7fc0
cdad7fc0
cdae7fc0
cdaf7fc0
cdb07fc0
cdb17fc0
cdb27fc0
cdb37fc0
cdb47fc0
cdb57fc0
cdb67fc0
cdb77fc0
cdb87fc0
cdb97fc0
cdba7fc0
cdbb7fc0
cdbc7fc0
cdbd7fc0
cdbe7fc0
cdbf7fc0
cdc07fc0
cdc17fc0
cdc27fc0
cdc37fc0
cdc47fc0
cdc57fc0
cdc67fc0
cdc77fc0
cdc87fc0
cdc97fc0
cdca7fc0
cdcb7fc0
cdcc7fc0
cdcd7fc0
cdce7fc0
cdcf7fc0
cdd07fc0
cdd17fc0
cdd27fc0
cdd37fc0
cdd47fc0
cdd57fc0
cdd67fc0
cdd77fc0
cdd87fc0
cdd97fc0
cdda7fc0
cddb7fc0
cddc7fc0
cddd7fc0
cdde7fc0
cddf7fc0
cde07fc0
cde17fc0
cde27fc0
cde37fc0
cde47fc0
cde57fc0
cde67fc0
cde77fc0
cde87fc0
cde97fc0
cdea7fc0
cdeb7fc0
cdec7fc0
cded7fc0
cdee7fc0
cdef7fc0
cdf07fc0
cdf17fc0
cdf27fc0
cdf37fc0
cdf47fc0
cdf57fc0
cdf67fc0
cdf77fc0
cdf87fc0
cdf97fc0
cdfa7fc0
cdfb7fc0
cdfc7fc0
cdfd7fc0
cdfe7fc0
cdff7fc0
ce007fc0
ce017fc0
ce027fc0
ce037fc0
ce047fc0
ce057fc0
ce067fc0
ce077fc0
ce087fc0
ce097fc0
ce0a7fc0
ce0b7fc0
ce0c7fc0
ce0d7fc0
ce0e7fc0
ce0f7fc0
ce107fc0
ce117fc0
ce127fc0
ce137fc0
ce147fc0
ce157fc0
ce167fc0
ce177fc0
ce187fc0
ce197fc0
ce1a7fc0
ce1b7fc0
ce1c7fc0
ce1d7fc0
ce1e7fc0
ce1f7fc0
ce207fc0
ce217fc0
ce227fc0
ce237fc0
ce247fc0
ce257fc0
ce267fc0
ce277fc0
ce287fc0
ce297fc0
ce2a7fc0
ce2b7fc0
ce2c7fc0
ce2d7fc0
ce2e7fc0
ce2f7fc0
ce307fc0
ce317fc0
ce327fc0
ce337fc0
ce347fc0
ce357fc0
ce367fc0
ce377fc0
ce387fc0
ce397fc0
ce3a7fc0
ce3b7fc0
ce3c7fc0
ce3d7fc0
ce3e7fc0
ce3f7fc0
ce407fc0
ce417fc0
ce427fc0
ce437fc0
ce447fc0
ce457fc0
ce467fc0
ce477fc0
ce487fc0
ce497fc0
ce4a7fc0
ce4b7fc0
ce4c7fc0
ce4d7fc0
ce4e7fc0
ce4f7fc0
ce507fc0
ce517fc0
ce527fc0
ce537fc0
ce547fc0
ce557fc0
ce567fc0
ce577fc0
ce587fc0
ce597fc0
ce5a7fc0
ce5b7fc0
ce5c7fc0
ce5d7fc0
ce5e7fc0
ce5f7fc0
ce607fc0
ce617fc0
ce627fc0
ce637fc0
ce647fc0
ce657fc0
ce667fc0
ce677fc0
ce687fc0
ce697fc0
ce6a7fc0
ce6b7fc0
ce6c7fc0
ce6d7fc0
ce6e7fc0
ce6f7fc0
ce707fc0
ce717fc0
ce727fc0
ce737fc0
ce747fc0
ce757fc0
ce767fc0
ce777fc0
ce787fc0
ce797fc0
ce7a7fc0
ce7b7fc0
ce7c7fc0
ce7d7fc0
ce7e7fc0
ce7f7fc0
ce807fc0
ce817fc0
ce827fc0
ce837fc0
ce847fc0
ce857fc0
ce867fc0
ce877fc0
ce887fc0
ce897fc0
ce8a7fc0
ce8b7fc0
ce8c7fc0
ce8d7fc0
ce8e7fc0
ce8f7fc0
ce907fc0
ce917fc0
ce927fc0
ce937fc0
ce947fc0
ce957fc0
ce967fc0
ce977fc0
ce987fc0
ce997fc0
ce9a7fc0
ce9b7fc0
ce9c7fc0
ce9d7fc0
ce9e7fc0
ce9f7fc0
cea07fc0
cea17fc0
cea27fc0
cea37fc0
cea47fc0
cea57fc0
cea67fc0
cea77fc0
cea87fc0
cea97fc0
ceaa7fc0
ceab7fc0
ceac7fc0
cead7fc0
ceae7fc0
ceaf7fc0
ceb07fc0
ceb17fc0
ceb27fc0
ceb37fc0
ceb47fc0
ceb57fc0
ceb67fc0
ceb77fc0
ceb87fc0
ceb97fc0
ceba7fc0
cebb7fc0
cebc7fc0
cebd7fc0
cebe7fc0
cebf7fc0
cec07fc0
cec17fc0
cec27fc0
cec37fc0
cec47fc0
cec57fc0
cec67fc0
cec77fc0
cec87fc0
cec97fc0
ceca7fc0
cecb7fc0
cecc7fc0
cecd7fc0
cece7fc0
cecf7fc0
ced07fc0
ced17fc0
ced27fc0
ced37fc0
ced47fc0
ced57fc0
ced67fc0
ced77fc0
ced87fc0
ced97fc0
ceda7fc0
cedb7fc0
cedc7fc0
cedd7fc0
cede7fc0
cedf7fc0
cee07fc0
cee17fc0
cee27fc0
cee37fc0
cee47fc0
cee57fc0
cee67fc0
cee77fc0
cee87fc0
cee97fc0
ceea7fc0
ceeb7fc0
ceec7fc0
ceed7fc0
ceee7fc0
ceef7fc0
cef07fc0
cef17fc0
cef27fc0
cef37fc0
cef47fc0
cef57fc0
cef67fc0
cef77fc0
cef87fc0
cef97fc0
cefa7fc0
cefb7fc0
cefc7fc0
cefd7fc0
cefe7fc0
ceff7fc0
cf007fc0
cf017fc0
cf027fc0
cf037fc0
cf047fc0
cf057fc0
cf067fc0
cf077fc0
cf087fc0
cf097fc0
cf0a7fc0
cf0b7fc0
cf0c7fc0
cf0d7fc0
cf0e7fc0
cf0f7fc0
cf107fc0
cf117fc0
cf127fc0
cf137fc0
cf147fc0
cf157fc0
cf167fc0
cf177fc0
cf187fc0
cf197fc0
cf1a7fc0
cf1b7fc0
cf1c7fc0
cf1d7fc0
cf1e7fc0
cf1f7fc0
cf207fc0
cf217fc0
cf227fc0
cf237fc0
cf247fc0
cf257fc0
cf267fc0
cf277fc0
cf287fc0
cf297fc0
cf2a7fc0
cf2b7fc0
cf2c7fc0
cf2d7fc0
cf2e7fc0
cf2f7fc0
cf307fc0
cf317fc0
cf327fc0
cf337fc0
cf347fc0
cf357fc0
cf367fc0
cf377fc0
cf387fc0
cf397fc0
cf3a7fc0
cf3b7fc0
cf3c7fc0
cf3d7fc0
cf3e7fc0
cf3f7fc0
cf407fc0
cf417fc0
cf427fc0
cf437fc0
cf447fc0
cf457fc0
cf467fc0
cf477fc0
cf487fc0
cf497fc0
cf4a7fc0
cf4b7fc0
cf4c7fc0
cf4d7fc0
cf4e7fc0
cf4f7fc0
cf507fc0
cf517fc0
cf527fc0
cf537fc0
cf547fc0
cf557fc0
cf567fc0
cf577fc0
cf587fc0
cf597fc0
cf5a7fc0
cf5b7fc0
cf5c7fc0
cf5d7fc0
cf5e7fc0
cf5f7fc0
cf607fc0
cf617fc0
cf627fc0
cf637fc0
cf647fc0
cf657fc0
cf667fc0
cf677fc0
cf687fc0
cf697fc0
cf6a7fc0
cf6b7fc0
cf6c7fc0
cf6d7fc0
cf6e7fc0
cf6f7fc0
cf707fc0
cf717fc0
cf727fc0
cf737fc0
cf747fc0
cf757fc0
cf767fc0
cf777fc0
cf787fc0
cf797fc0
cf7a7fc0
cf7b7fc0
cf7c7fc0
cf7d7fc0
cf7e7fc0
cf7f7fc0
cf807fc0
cf817fc0
cf827fc0
cf837fc0
cf847fc0
cf857fc0
cf867fc0
cf877fc0
cf887fc0
cf897fc0
cf8a7fc0
cf8b7fc0
cf8c7fc0
cf8d7fc0
cf8e7fc0
cf8f7fc0
cf907fc0
cf917fc0
cf927fc0
cf937fc0
cf947fc0
cf957fc0
cf967fc0
cf977fc0
cf987fc0
cf997fc0
cf9a7fc0
cf9b7fc0
cf9c7fc0
cf9d7fc0
cf9e7fc0
cf9f7fc0
cfa07fc0
cfa17fc0
cfa27fc0
cfa37fc0
cfa47fc0
cfa57fc0
cfa67fc0
cfa77fc0
cfa87fc0
cfa97fc0
cfaa7fc0
cfab7fc0
cfac7fc0
cfad7fc0
cfae7fc0
cfaf7fc0
cfb07fc0
cfb17fc0
cfb27fc0
cfb37fc0
cfb47fc0
cfb57fc0
cfb67fc0
cfb77fc0
cfb87fc0
cfb97fc0
cfba7fc0
cfbb7fc0
cfbc7fc0
cfbd7fc0
cfbe7fc0
cfbf7fc0
cfc07fc0
cfc17fc0
cfc27fc0
cfc37fc0
cfc47fc0
cfc57fc0
cfc67fc0
cfc77fc0
cfc87fc0
cfc97fc0
cfca7fc0
cfcb7fc0
cfcc7fc0
cfcd7fc0
cfce7fc0
cfcf7fc0
cfd07fc0
cfd17fc0
cfd27fc0
cfd37fc0
cfd47fc0
cfd57fc0
cfd67fc0
cfd77fc0
cfd87fc0
cfd97fc0
cfda7fc0
cfdb7fc0
cfdc7fc0
cfdd7fc0
cfde7fc0
cfdf7fc0
cfe07fc0
cfe17fc0
cfe27fc0
cfe37fc0
cfe47fc0
cfe57fc0
cfe67fc0
cfe77fc0
cfe87fc0
cfe97fc0
cfea7fc0
cfeb7fc0
cfec7fc0
cfed7fc0
cfee7fc0
cfef7fc0
cff07fc0
cff17fc0
cff27fc0
cff37fc0
cff47fc0
cff57fc0
cff67fc0
cff77fc0
cff87fc0
cff97fc0
cffa7fc0
cffb7fc0
cffc7fc0
cffd7fc0
cffe7fc0
cfff7fc0
d0007fc0
d0017fc0
d0027fc0
d0037fc0
d0047fc0
d0057fc0
d0067fc0
d0077fc0
d0087fc0
d0097fc0
d00a7fc0
d00b7fc0
d00c7fc0
d00d7fc0
d00e7fc0
d00f7fc0
d0107fc0
d0117fc0
d0127fc0
d0137fc0
d0147fc0
d0157fc0
d0167fc0
d0177fc0
d0187fc0
d0197fc0
d01a7fc0
d01b7fc0
d01c7fc0
d01d7fc0
d01e7fc0
d01f7fc0
d0207fc0
d0217fc0
d0227fc0
d0237fc0
d0247fc0
d0257fc0
d0267fc0
d0277fc0
d0287fc0
d0297fc0
d02a7fc0
d02b7fc0
d02c7fc0
d02d7fc0
d02e7fc0
d02f7fc0
d0307fc0
d0317fc0
d0327fc0
d0337fc0
d0347fc0
d0357fc0
d0367fc0
d0377fc0
d0387fc0
d0397fc0
d03a7fc0
d03b7fc0
d03c7fc0
d03d7fc0
d03e7fc0
d03f7fc0
d0407fc0
d0417fc0
d0427fc0
d0437fc0
d0447fc0
d0457fc0
d0467fc0
d0477fc0
d0487fc0
d0497fc0
d04a7fc0
d04b7fc0
d04c7fc0
d04d7fc0
d04e7fc0
d04f7fc0
d0507fc0
d0517fc0
d0527fc0
d0537fc0
d0547fc0
d0557fc0
d0567fc0
d0577fc0
d0587fc0
d0597fc0
d05a7fc0
d05b7fc0
d05c7fc0
d05d7fc0
d05e7fc0
d05f7fc0
d0607fc0
d0617fc0
d0627fc0
d0637fc0
d0647fc0
d0657fc0
d0667fc0
d0677fc0
d0687fc0
d0697fc0
d06a7fc0
d06b7fc0
d06c7fc0
d06d7fc0
d06e7fc0
d06f7fc0
d0707fc0
d0717fc0
d0727fc0
d0737fc0
d0747fc0
d0757fc0
d0767fc0
d0777fc0
d0787fc0
d0797fc0
d07a7fc0
d07b7fc0
d07c7fc0
d07d7fc0
d07e7fc0
d07f7fc0
d0807fc0
d0817fc0
d0827fc0
d0837fc0
d0847fc0
d0857fc0
d0867fc0
d0877fc0
d0887fc0
d0897fc0
d08a7fc0
d08b7fc0
d08c7fc0
d08d7fc0
d08e7fc0
d08f7fc0
d0907fc0
d0917fc0
d0927fc0
d0937fc0
d0947fc0
d0957fc0
d0967fc0
d0977fc0
d0987fc0
d0997fc0
d09a7fc0
d09b7fc0
d09c7fc0
d09d7fc0
d09e7fc0
d09f7fc0
d0a07fc0
d0a17fc0
d0a27fc0
d0a37fc0
d0a47fc0
d0a57fc0
d0a67fc0
d0a77fc0
d0a87fc0
d0a97fc0
d0aa7fc0
d0ab7fc0
d0ac7fc0
d0ad7fc0
d0ae7fc0
d0af7fc0
d0b07fc0
d0b17fc0
d0b27fc0
d0b37fc0
d0b47fc0
d0b57fc0
d0b67fc0
d0b77fc0
d0b87fc0
d0b97fc0
d0ba7fc0
d0bb7fc0
d0bc7fc0
d0bd7fc0
d0be7fc0
d0bf7fc0
d0c07fc0
d0c17fc0
d0c27fc0
d0c37fc0
d0c47fc0
d0c57fc0
d0c67fc0
d0c77fc0
d0c87fc0
d0c97fc0
d0ca7fc0
d0cb7fc0
d0cc7fc0
d0cd7fc0
d0ce7fc0
d0cf7fc0
d0d07fc0
d0d17fc0
d0d27fc0
d0d37fc0
d0d47fc0
d0d57fc0
d0d67fc0
d0d77fc0
d0d87fc0
d0d97fc0
d0da7fc0
d0db7fc0
d0dc7fc0
d0dd7fc0
d0de7fc0
d0df7fc0
d0e07fc0
d0e17fc0
d0e27fc0
d0e37fc0
d0e47fc0
d0e57fc0
d0e67fc0
d0e77fc0
d0e87fc0
d0e97fc0
d0ea7fc0
d0eb7fc0
d0ec7fc0
d0ed7fc0
d0ee7fc0
d0ef7fc0
d0f07fc0
d0f17fc0
d0f27fc0
d0f37fc0
d0f47fc0
d0f57fc0
d0f67fc0
d0f77fc0
d0f87fc0
d0f97fc0
d0fa7fc0
d0fb7fc0
d0fc7fc0
d0fd7fc0
d0fe7fc0
d0ff7fc0
d1007fc0
d1017fc0
d1027fc0
d1037fc0
d1047fc0
d1057fc0
d1067fc0
d1077fc0
d1087fc0
d1097fc0
d10a7fc0
d10b7fc0
d10c7fc0
d10d7fc0
d10e7fc0
d10f7fc0
d1107fc0
d1117fc0
d1127fc0
d1137fc0
d1147fc0
d1157fc0
d1167fc0
d1177fc0
d1187fc0
d1197fc0
d11a7fc0
d11b7fc0
d11c7fc0
d11d7fc0
d11e7fc0
d11f7fc0
d1207fc0
d1217fc0
d1227fc0
d1237fc0
d1247fc0
d1257fc0
d1267fc0
d1277fc0
d1287fc0
d1297fc0
d12a7fc0
d12b7fc0
d12c7fc0
d12d7fc0
d12e7fc0
d12f7fc0
d1307fc0
d1317fc0
d1327fc0
d1337fc0
d1347fc0
d1357fc0
d1367fc0
d1377fc0
d1387fc0
d1397fc0
d13a7fc0
d13b7fc0
d13c7fc0
d13d7fc0
d13e7fc0
d13f7fc0
d1407fc0
d1417fc0
d1427fc0
d1437fc0
d1447fc0
d1457fc0
d1467fc0
d1477fc0
d1487fc0
d1497fc0
d14a7fc0
d14b7fc0
d14c7fc0
d14d7fc0
d14e7fc0
d14f7fc0
d1507fc0
d1517fc0
d1527fc0
d1537fc0
d1547fc0
d1557fc0
d1567fc0
d1577fc0
d1587fc0
d1597fc0
d15a7fc0
d15b7fc0
d15c7fc0
d15d7fc0
d15e7fc0
d15f7fc0
d1607fc0
d1617fc0
d1627fc0
d1637fc0
d1647fc0
d1657fc0
d1667fc0
d1677fc0
d1687fc0
d1697fc0
d16a7fc0
d16b7fc0
d16c7fc0
d16d7fc0
d16e7fc0
d16f7fc0
d1707fc0
d1717fc0
d1727fc0
d1737fc0
d1747fc0
d1757fc0
d1767fc0
d1777fc0
d1787fc0
d1797fc0
d17a7fc0
d17b7fc0
d17c7fc0
d17d7fc0
d17e7fc0
d17f7fc0
d1807fc0
d1817fc0
d1827fc0
d1837fc0
d1847fc0
d1857fc0
d1867fc0
d1877fc0
d1887fc0
d1897fc0
d18a7fc0
d18b7fc0
d18c7fc0
d18d7fc0
d18e7fc0
d18f7fc0
d1907fc0
d1917fc0
d1927fc0
d1937fc0
d1947fc0
d1957fc0
d1967fc0
d1977fc0
d1987fc0
d1997fc0
d19a7fc0
d19b7fc0
d19c7fc0
d19d7fc0
d19e7fc0
d19f7fc0
d1a07fc0
d1a17fc0
d1a27fc0
d1a37fc0
d1a47fc0
d1a57fc0
d1a67fc0
d1a77fc0
d1a87fc0
d1a97fc0
d1aa7fc0
d1ab7fc0
d1ac7fc0
d1ad7fc0
d1ae7fc0
d1af7fc0
d1b07fc0
d1b17fc0
d1b27fc0
d1b37fc0
d1b47fc0
d1b57fc0
d1b67fc0
d1b77fc0
d1b87fc0
d1b97fc0
d1ba7fc0
d1bb7fc0
d1bc7fc0
d1bd7fc0
d1be7fc0
d1bf7fc0
d1c07fc0
d1c17fc0
d1c27fc0
d1c37fc0
d1c47fc0
d1c57fc0
d1c67fc0
d1c77fc0
d1c87fc0
d1c97fc0
d1ca7fc0
d1cb7fc0
d1cc7fc0
d1cd7fc0
d1ce7fc0
d1cf7fc0
d1d07fc0
d1d17fc0
d1d27fc0
d1d37fc0
d1d47fc0
d1d57fc0
d1d67fc0
d1d77fc0
d1d87fc0
d1d97fc0
d1da7fc0
d1db7fc0
d1dc7fc0
d1dd7fc0
d1de7fc0
d1df7fc0
d1e07fc0
d1e17fc0
d1e27fc0
d1e37fc0
d1e47fc0
d1e57fc0
d1e67fc0
d1e77fc0
d1e87fc0
d1e97fc0
d1ea7fc0
d1eb7fc0
d1ec7fc0
d1ed7fc0
d1ee7fc0
d1ef7fc0
d1f07fc0
d1f17fc0
d1f27fc0
d1f37fc0
d1f47fc0
d1f57fc0
d1f67fc0
d1f77fc0
d1f87fc0
d1f97fc0
d1fa7fc0
d1fb7fc0
d1fc7fc0
d1fd7fc0
d1fe7fc0
d1ff7fc0
d2007fc0
d2017fc0
d2027fc0
d2037fc0
d2047fc0
d2057fc0
d2067fc0
d2077fc0
d2087fc0
d2097fc0
d20a7fc0
d20b7fc0
d20c7fc0
d20d7fc0
d20e7fc0
d20f7fc0
d2107fc0
d2117fc0
d2127fc0
d2137fc0
d2147fc0
d2157fc0
d2167fc0
d2177fc0
d2187fc0
d2197fc0
d21a7fc0
d21b7fc0
d21c7fc0
d21d7fc0
d21e7fc0
d21f7fc0
d2207fc0
d2217fc0
d2227fc0
d2237fc0
d2247fc0
d2257fc0
d2267fc0
d2277fc0
d2287fc0
d2297fc0
d22a7fc0
d22b7fc0
d22c7fc0
d22d7fc0
d22e7fc0
d22f7fc0
d2307fc0
d2317fc0
d2327fc0
d2337fc0
d2347fc0
d2357fc0
d2367fc0
d2377fc0
d2387fc0
d2397fc0
d23a7fc0
d23b7fc0
d23c7fc0
d23d7fc0
d23e7fc0
d23f7fc0
d2407fc0
d2417fc0
d2427fc0
d2437fc0
d2447fc0
d2457fc0
d2467fc0
d2477fc0
d2487fc0
d2497fc0
d24a7fc0
d24b7fc0
d24c7fc0
d24d7fc0
d24e7fc0
d24f7fc0
d2507fc0
d2517fc0
d2527fc0
d2537fc0
d2547fc0
d2557fc0
d2567fc0
d2577fc0
d2587fc0
d2597fc0
d25a7fc0
d25b7fc0
d25c7fc0
d25d7fc0
d25e7fc0
d25f7fc0
d2607fc0
d2617fc0
d2627fc0
d2637fc0
d2647fc0
d2657fc0
d2667fc0
d2677fc0
d2687fc0
d2697fc0
d26a7fc0
d26b7fc0
d26c7fc0
d26d7fc0
d26e7fc0
d26f7fc0
d2707fc0
d2717fc0
d2727fc0
d2737fc0
d2747fc0
d2757fc0
d2767fc0
d2777fc0
d2787fc0
d2797fc0
d27a7fc0
d27b7fc0
d27c7fc0
d27d7fc0
d27e7fc0
d27f7fc0
d2807fc0
d2817fc0
d2827fc0
d2837fc0
d2847fc0
d2857fc0
d2867fc0
d2877fc0
d2887fc0
d2897fc0
d28a7fc0
d28b7fc0
d28c7fc0
d28d7fc0
d28e7fc0
d28f7fc0
d2907fc0
d2917fc0
d2927fc0
d2937fc0
d2947fc0
d2957fc0
d2967fc0
d2977fc0
d2987fc0
d2997fc0
d29a7fc0
d29b7fc0
d29c7fc0
d29d7fc0
d29e7fc0
d29f7fc0
d2a07fc0
d2a17fc0
d2a27fc0
d2a37fc0
d2a47fc0
d2a57fc0
d2a67fc0
d2a77fc0
d2a87fc0
d2a97fc0
d2aa7fc0
d2ab7fc0
d2ac7fc0
d2ad7fc0
d2ae7fc0
d2af7fc0
d2b07fc0
d2b17fc0
d2b27fc0
d2b37fc0
d2b47fc0
d2b57fc0
d2b67fc0
d2b77fc0
d2b87fc0
d2b97fc0
d2ba7fc0
d2bb7fc0
d2bc7fc0
d2bd7fc0
d2be7fc0
d2bf7fc0
d2c07fc0
d2c17fc0
d2c27fc0
d2c37fc0
d2c47fc0
d2c57fc0
d2c67fc0
d2c77fc0
d2c87fc0
d2c97fc0
d2ca7fc0
d2cb7fc0
d2cc7fc0
d2cd7fc0
d2ce7fc0
d2cf7fc0
d2d07fc0
d2d17fc0
d2d27fc0
d2d37fc0
d2d47fc0
d2d57fc0
d2d67fc0
d2d77fc0
d2d87fc0
d2d97fc0
d2da7fc0
d2db7fc0
d2dc7fc0
d2dd7fc0
d2de7fc0
d2df7fc0
d2e07fc0
d2e17fc0
d2e27fc0
d2e37fc0
d2e47fc0
d2e57fc0
d2e67fc0
d2e77fc0
d2e87fc0
d2e97fc0
d2ea7fc0
d2eb7fc0
d2ec7fc0
d2ed7fc0
d2ee7fc0
d2ef7fc0
d2f07fc0
d2f17fc0
d2f27fc0
d2f37fc0
d2f47fc0
d2f57fc0
d2f67fc0
d2f77fc0
d2f87fc0
d2f97fc0
d2fa7fc0
d2fb7fc0
d2fc7fc0
d2fd7fc0
d2fe7fc0
d2ff7fc0
d3007fc0
d3017fc0
d3027fc0
d3037fc0
d3047fc0
d3057fc0
d3067fc0
d3077fc0
d3087fc0
d3097fc0
d30a7fc0
d30b7fc0
d30c7fc0
d30d7fc0
d30e7fc0
d30f7fc0
d3107fc0
d3117fc0
d3127fc0
d3137fc0
d3147fc0
d3157fc0
d3167fc0
d3177fc0
d3187fc0
d3197fc0
d31a7fc0
d31b7fc0
d31c7fc0
d31d7fc0
d31e7fc0
d31f7fc0
d3207fc0
d3217fc0
d3227fc0
d3237fc0
d3247fc0
d3257fc0
d3267fc0
d3277fc0
d3287fc0
d3297fc0
d32a7fc0
d32b7fc0
d32c7fc0
d32d7fc0
d32e7fc0
d32f7fc0
d3307fc0
d3317fc0
d3327fc0
d3337fc0
d3347fc0
d3357fc0
d3367fc0
d3377fc0
d3387fc0
d3397fc0
d33a7fc0
d33b7fc0
d33c7fc0
d33d7fc0
d33e7fc0
d33f7fc0
d3407fc0
d3417fc0
d3427fc0
d3437fc0
d3447fc0
d3457fc0
d3467fc0
d3477fc0
d3487fc0
d3497fc0
d34a7fc0
d34b7fc0
d34c7fc0
d34d7fc0
d34e7fc0
d34f7fc0
d3507fc0
d3517fc0
d3527fc0
d3537fc0
d3547fc0
d3557fc0
d3567fc0
d3577fc0
d3587fc0
d3597fc0
d35a7fc0
d35b7fc0
d35c7fc0
d35d7fc0
d35e7fc0
d35f7fc0
d3607fc0
d3617fc0
d3627fc0
d3637fc0
d3647fc0
d3657fc0
d3667fc0
d3677fc0
d3687fc0
d3697fc0
d36a7fc0
d36b7fc0
d36c7fc0
d36d7fc0
d36e7fc0
d36f7fc0
d3707fc0
d3717fc0
d3727fc0
d3737fc0
d3747fc0
d3757fc0
d3767fc0
d3777fc0
d3787fc0
d3797fc0
d37a7fc0
d37b7fc0
d37c7fc0
d37d7fc0
d37e7fc0
d37f7fc0
d3807fc0
d3817fc0
d3827fc0
d3837fc0
d3847fc0
d3857fc0
d3867fc0
d3877fc0
d3887fc0
d3897fc0
d38a7fc0
d38b7fc0
d38c7fc0
d38d7fc0
d38e7fc0
d38f7fc0
d3907fc0
d3917fc0
d3927fc0
d3937fc0
d3947fc0
d3957fc0
d3967fc0
d3977fc0
d3987fc0
d3997fc0
d39a7fc0
d39b7fc0
d39c7fc0
d39d7fc0
d39e7fc0
d39f7fc0
d3a07fc0
d3a17fc0
d3a27fc0
d3a37fc0
d3a47fc0
d3a57fc0
d3a67fc0
d3a77fc0
d3a87fc0
d3a97fc0
d3aa7fc0
d3ab7fc0
d3ac7fc0
d3ad7fc0
d3ae7fc0
d3af7fc0
d3b07fc0
d3b17fc0
d3b27fc0
d3b37fc0
d3b47fc0
d3b57fc0
d3b67fc0
d3b77fc0
d3b87fc0
d3b97fc0
d3ba7fc0
d3bb7fc0
d3bc7fc0
d3bd7fc0
d3be7fc0
d3bf7fc0
d3c07fc0
d3c17fc0
d3c27fc0
d3c37fc0
d3c47fc0
d3c57fc0
d3c67fc0
d3c77fc0
d3c87fc0
d3c97fc0
d3ca7fc0
d3cb7fc0
d3cc7fc0
d3cd7fc0
d3ce7fc0
d3cf7fc0
d3d07fc0
d3d17fc0
d3d27fc0
d3d37fc0
d3d47fc0
d3d57fc0
d3d67fc0
d3d77fc0
d3d87fc0
d3d97fc0
d3da7fc0
d3db7fc0
d3dc7fc0
d3dd7fc0
d3de7fc0
d3df7fc0
d3e07fc0
d3e17fc0
d3e27fc0
d3e37fc0
d3e47fc0
d3e57fc0
d3e67fc0
d3e77fc0
d3e87fc0
d3e97fc0
d3ea7fc0
d3eb7fc0
d3ec7fc0
d3ed7fc0
d3ee7fc0
d3ef7fc0
d3f07fc0
d3f17fc0
d3f27fc0
d3f37fc0
d3f47fc0
d3f57fc0
d3f67fc0
d3f77fc0
d3f87fc0
d3f97fc0
d3fa7fc0
d3fb7fc0
d3fc7fc0
d3fd7fc0
d3fe7fc0
d3ff7fc0
d4007fc0
d4017fc0
d4027fc0
d4037fc0
d4047fc0
d4057fc0
d4067fc0
d4077fc0
d4087fc0
d4097fc0
d40a7fc0
d40b7fc0
d40c7fc0
d40d7fc0
d40e7fc0
d40f7fc0
d4107fc0
d4117fc0
d4127fc0
d4137fc0
d4147fc0
d4157fc0
d4167fc0
d4177fc0
d4187fc0
d4197fc0
d41a7fc0
d41b7fc0
d41c7fc0
d41d7fc0
d41e7fc0
d41f7fc0
d4207fc0
d4217fc0
d4227fc0
d4237fc0
d4247fc0
d4257fc0
d4267fc0
d4277fc0
d4287fc0
d4297fc0
d42a7fc0
d42b7fc0
d42c7fc0
d42d7fc0
d42e7fc0
d42f7fc0
d4307fc0
d4317fc0
d4327fc0
d4337fc0
d4347fc0
d4357fc0
d4367fc0
d4377fc0
d4387fc0
d4397fc0
d43a7fc0
d43b7fc0
d43c7fc0
d43d7fc0
d43e7fc0
d43f7fc0
d4407fc0
d4417fc0
d4427fc0
d4437fc0
d4447fc0
d4457fc0
d4467fc0
d4477fc0
d4487fc0
d4497fc0
d44a7fc0
d44b7fc0
d44c7fc0
d44d7fc0
d44e7fc0
d44f7fc0
d4507fc0
d4517fc0
d4527fc0
d4537fc0
d4547fc0
d4557fc0
d4567fc0
d4577fc0
d4587fc0
d4597fc0
d45a7fc0
d45b7fc0
d45c7fc0
d45d7fc0
d45e7fc0
d45f7fc0
d4607fc0
d4617fc0
d4627fc0
d4637fc0
d4647fc0
d4657fc0
d4667fc0
d4677fc0
d4687fc0
d4697fc0
d46a7fc0
d46b7fc0
d46c7fc0
d46d7fc0
d46e7fc0
d46f7fc0
d4707fc0
d4717fc0
d4727fc0
d4737fc0
d4747fc0
d4757fc0
d4767fc0
d4777fc0
d4787fc0
d4797fc0
d47a7fc0
d47b7fc0
d47c7fc0
d47d7fc0
d47e7fc0
d47f7fc0
d4807fc0
d4817fc0
d4827fc0
d4837fc0
d4847fc0
d4857fc0
d4867fc0
d4877fc0
d4887fc0
d4897fc0
d48a7fc0
d48b7fc0
d48c7fc0
d48d7fc0
d48e7fc0
d48f7fc0
d4907fc0
d4917fc0
d4927fc0
d4937fc0
d4947fc0
d4957fc0
d4967fc0
d4977fc0
d4987fc0
d4997fc0
d49a7fc0
d49b7fc0
d49c7fc0
d49d7fc0
d49e7fc0
d49f7fc0
d4a07fc0
d4a17fc0
d4a27fc0
d4a37fc0
d4a47fc0
d4a57fc0
d4a67fc0
d4a77fc0
d4a87fc0
d4a97fc0
d4aa7fc0
d4ab7fc0
d4ac7fc0
d4ad7fc0
d4ae7fc0
d4af7fc0
d4b07fc0
d4b17fc0
d4b27fc0
d4b37fc0
d4b47fc0
d4b57fc0
d4b67fc0
d4b77fc0
d4b87fc0
d4b97fc0
d4ba7fc0
d4bb7fc0
d4bc7fc0
d4bd7fc0
d4be7fc0
d4bf7fc0
d4c07fc0
d4c17fc0
d4c27fc0
d4c37fc0
d4c47fc0
d4c57fc0
d4c67fc0
d4c77fc0
d4c87fc0
d4c97fc0
d4ca7fc0
d4cb7fc0
d4cc7fc0
d4cd7fc0
d4ce7fc0
d4cf7fc0
d4d07fc0
d4d17fc0
d4d27fc0
d4d37fc0
d4d47fc0
d4d57fc0
d4d67fc0
d4d77fc0
d4d87fc0
d4d97fc0
d4da7fc0
d4db7fc0
d4dc7fc0
d4dd7fc0
d4de7fc0
d4df7fc0
d4e07fc0
d4e17fc0
d4e27fc0
d4e37fc0
d4e47fc0
d4e57fc0
d4e67fc0
d4e77fc0
d4e87fc0
d4e97fc0
d4ea7fc0
d4eb7fc0
d4ec7fc0
d4ed7fc0
d4ee7fc0
d4ef7fc0
d4f07fc0
d4f17fc0
d4f27fc0
d4f37fc0
d4f47fc0
d4f57fc0
d4f67fc0
d4f77fc0
d4f87fc0
d4f97fc0
d4fa7fc0
d4fb7fc0
d4fc7fc0
d4fd7fc0
d4fe7fc0
d4ff7fc0
d5007fc0
d5017fc0
d5027fc0
d5037fc0
d5047fc0
d5057fc0
d5067fc0
d5077fc0
d5087fc0
d5097fc0
d50a7fc0
d50b7fc0
d50c7fc0
d50d7fc0
d50e7fc0
d50f7fc0
d5107fc0
d5117fc0
d5127fc0
d5137fc0
d5147fc0
d5157fc0
d5167fc0
d5177fc0
d5187fc0
d5197fc0
d51a7fc0
d51b7fc0
d51c7fc0
d51d7fc0
d51e7fc0
d51f7fc0
d5207fc0
d5217fc0
d5227fc0
d5237fc0
d5247fc0
d5257fc0
d5267fc0
d5277fc0
d5287fc0
d5297fc0
d52a7fc0
d52b7fc0
d52c7fc0
d52d7fc0
d52e7fc0
d52f7fc0
d5307fc0
d5317fc0
d5327fc0
d5337fc0
d5347fc0
d5357fc0
d5367fc0
d5377fc0
d5387fc0
d5397fc0
d53a7fc0
d53b7fc0
d53c7fc0
d53d7fc0
d53e7fc0
d53f7fc0
d5407fc0
d5417fc0
d5427fc0
d5437fc0
d5447fc0
d5457fc0
d5467fc0
d5477fc0
d5487fc0
d5497fc0
d54a7fc0
d54b7fc0
d54c7fc0
d54d7fc0
d54e7fc0
d54f7fc0
d5507fc0
d5517fc0
d5527fc0
d5537fc0
d5547fc0
d5557fc0
d5567fc0
d5577fc0
d5587fc0
d5597fc0
d55a7fc0
d55b7fc0
d55c7fc0
d55d7fc0
d55e7fc0
d55f7fc0
d5607fc0
d5617fc0
d5627fc0
d5637fc0
d5647fc0
d5657fc0
d5667fc0
d5677fc0
d5687fc0
d5697fc0
d56a7fc0
d56b7fc0
d56c7fc0
d56d7fc0
d56e7fc0
d56f7fc0
d5707fc0
d5717fc0
d5727fc0
d5737fc0
d5747fc0
d5757fc0
d5767fc0
d5777fc0
d5787fc0
d5797fc0
d57a7fc0
d57b7fc0
d57c7fc0
d57d7fc0
d57e7fc0
d57f7fc0
d5807fc0
d5817fc0
d5827fc0
d5837fc0
d5847fc0
d5857fc0
d5867fc0
d5877fc0
d5887fc0
d5897fc0
d58a7fc0
d58b7fc0
d58c7fc0
d58d7fc0
d58e7fc0
d58f7fc0
d5907fc0
d5917fc0
d5927fc0
d5937fc0
d5947fc0
d5957fc0
d5967fc0
d5977fc0
d5987fc0
d5997fc0
d59a7fc0
d59b7fc0
d59c7fc0
d59d7fc0
d59e7fc0
d59f7fc0
d5a07fc0
d5a17fc0
d5a27fc0
d5a37fc0
d5a47fc0
d5a57fc0
d5a67fc0
d5a77fc0
d5a87fc0
d5a97fc0
d5aa7fc0
d5ab7fc0
d5ac7fc0
d5ad7fc0
d5ae7fc0
d5af7fc0
d5b07fc0
d5b17fc0
d5b27fc0
d5b37fc0
d5b47fc0
d5b57fc0
d5b67fc0
d5b77fc0
d5b87fc0
d5b97fc0
d5ba7fc0
d5bb7fc0
d5bc7fc0
d5bd7fc0
d5be7fc0
d5bf7fc0
d5c07fc0
d5c17fc0
d5c27fc0
d5c37fc0
d5c47fc0
d5c57fc0
d5c67fc0
d5c77fc0
d5c87fc0
d5c97fc0
d5ca7fc0
d5cb7fc0
d5cc7fc0
d5cd7fc0
d5ce7fc0
d5cf7fc0
d5d07fc0
d5d17fc0
d5d27fc0
d5d37fc0
d5d47fc0
d5d57fc0
d5d67fc0
d5d77fc0
d5d87fc0
d5d97fc0
d5da7fc0
d5db7fc0
d5dc7fc0
d5dd7fc0
d5de7fc0
d5df7fc0
d5e07fc0
d5e17fc0
d5e27fc0
d5e37fc0
d5e47fc0
d5e57fc0
d5e67fc0
d5e77fc0
d5e87fc0
d5e97fc0
d5ea7fc0
d5eb7fc0
d5ec7fc0
d5ed7fc0
d5ee7fc0
d5ef7fc0
d5f07fc0
d5f17fc0
d5f27fc0
d5f37fc0
d5f47fc0
d5f57fc0
d5f67fc0
d5f77fc0
d5f87fc0
d5f97fc0
d5fa7fc0
d5fb7fc0
d5fc7fc0
d5fd7fc0
d5fe7fc0
d5ff7fc0
d6007fc0
d6017fc0
d6027fc0
d6037fc0
d6047fc0
d6057fc0
d6067fc0
d6077fc0
d6087fc0
d6097fc0
d60a7fc0
d60b7fc0
d60c7fc0
d60d7fc0
d60e7fc0
d60f7fc0
d6107fc0
d6117fc0
d6127fc0
d6137fc0
d6147fc0
d6157fc0
d6167fc0
d6177fc0
d6187fc0
d6197fc0
d61a7fc0
d61b7fc0
d61c7fc0
d61d7fc0
d61e7fc0
d61f7fc0
d6207fc0
d6217fc0
d6227fc0
d6237fc0
d6247fc0
d6257fc0
d6267fc0
d6277fc0
d6287fc0
d6297fc0
d62a7fc0
d62b7fc0
d62c7fc0
d62d7fc0
d62e7fc0
d62f7fc0
d6307fc0
d6317fc0
d6327fc0
d6337fc0
d6347fc0
d6357fc0
d6367fc0
d6377fc0
d6387fc0
d6397fc0
d63a7fc0
d63b7fc0
d63c7fc0
d63d7fc0
d63e7fc0
d63f7fc0
d6407fc0
d6417fc0
d6427fc0
d6437fc0
d6447fc0
d6457fc0
d6467fc0
d6477fc0
d6487fc0
d6497fc0
d64a7fc0
d64b7fc0
d64c7fc0
d64d7fc0
d64e7fc0
d64f7fc0
d6507fc0
d6517fc0
d6527fc0
d6537fc0
d6547fc0
d6557fc0
d6567fc0
d6577fc0
d6587fc0
d6597fc0
d65a7fc0
d65b7fc0
d65c7fc0
d65d7fc0
d65e7fc0
d65f7fc0
d6607fc0
d6617fc0
d6627fc0
d6637fc0
d6647fc0
d6657fc0
d6667fc0
d6677fc0
d6687fc0
d6697fc0
d66a7fc0
d66b7fc0
d66c7fc0
d66d7fc0
d66e7fc0
d66f7fc0
d6707fc0
d6717fc0
d6727fc0
d6737fc0
d6747fc0
d6757fc0
d6767fc0
d6777fc0
d6787fc0
d6797fc0
d67a7fc0
d67b7fc0
d67c7fc0
d67d7fc0
d67e7fc0
d67f7fc0
d6807fc0
d6817fc0
d6827fc0
d6837fc0
d6847fc0
d6857fc0
d6867fc0
d6877fc0
d6887fc0
d6897fc0
d68a7fc0
d68b7fc0
d68c7fc0
d68d7fc0
d68e7fc0
d68f7fc0
d6907fc0
d6917fc0
d6927fc0
d6937fc0
d6947fc0
d6957fc0
d6967fc0
d6977fc0
d6987fc0
d6997fc0
d69a7fc0
d69b7fc0
d69c7fc0
d69d7fc0
d69e7fc0
d69f7fc0
d6a07fc0
d6a17fc0
d6a27fc0
d6a37fc0
d6a47fc0
d6a57fc0
d6a67fc0
d6a77fc0
d6a87fc0
d6a97fc0
d6aa7fc0
d6ab7fc0
d6ac7fc0
d6ad7fc0
d6ae7fc0
d6af7fc0
d6b07fc0
d6b17fc0
d6b27fc0
d6b37fc0
d6b47fc0
d6b57fc0
d6b67fc0
d6b77fc0
d6b87fc0
d6b97fc0
d6ba7fc0
d6bb7fc0
d6bc7fc0
d6bd7fc0
d6be7fc0
d6bf7fc0
d6c07fc0
d6c17fc0
d6c27fc0
d6c37fc0
d6c47fc0
d6c57fc0
d6c67fc0
d6c77fc0
d6c87fc0
d6c97fc0
d6ca7fc0
d6cb7fc0
d6cc7fc0
d6cd7fc0
d6ce7fc0
d6cf7fc0
d6d07fc0
d6d17fc0
d6d27fc0
d6d37fc0
d6d47fc0
d6d57fc0
d6d67fc0
d6d77fc0
d6d87fc0
d6d97fc0
d6da7fc0
d6db7fc0
d6dc7fc0
d6dd7fc0
d6de7fc0
d6df7fc0
d6e07fc0
d6e17fc0
d6e27fc0
d6e37fc0
d6e47fc0
d6e57fc0
d6e67fc0
d6e77fc0
d6e87fc0
d6e97fc0
d6ea7fc0
d6eb7fc0
d6ec7fc0
d6ed7fc0
d6ee7fc0
d6ef7fc0
d6f07fc0
d6f17fc0
d6f27fc0
d6f37fc0
d6f47fc0
d6f57fc0
d6f67fc0
d6f77fc0
d6f87fc0
d6f97fc0
d6fa7fc0
d6fb7fc0
d6fc7fc0
d6fd7fc0
d6fe7fc0
d6ff7fc0
d7007fc0
d7017fc0
d7027fc0
d7037fc0
d7047fc0
d7057fc0
d7067fc0
d7077fc0
d7087fc0
d7097fc0
d70a7fc0
d70b7fc0
d70c7fc0
d70d7fc0
d70e7fc0
d70f7fc0
d7107fc0
d7117fc0
d7127fc0
d7137fc0
d7147fc0
d7157fc0
d7167fc0
d7177fc0
d7187fc0
d7197fc0
d71a7fc0
d71b7fc0
d71c7fc0
d71d7fc0
d71e7fc0
d71f7fc0
d7207fc0
d7217fc0
d7227fc0
d7237fc0
d7247fc0
d7257fc0
d7267fc0
d7277fc0
d7287fc0
d7297fc0
d72a7fc0
d72b7fc0
d72c7fc0
d72d7fc0
d72e7fc0
d72f7fc0
d7307fc0
d7317fc0
d7327fc0
d7337fc0
d7347fc0
d7357fc0
d7367fc0
d7377fc0
d7387fc0
d7397fc0
d73a7fc0
d73b7fc0
d73c7fc0
d73d7fc0
d73e7fc0
d73f7fc0
d7407fc0
d7417fc0
d7427fc0
d7437fc0
d7447fc0
d7457fc0
d7467fc0
d7477fc0
d7487fc0
d7497fc0
d74a7fc0
d74b7fc0
d74c7fc0
d74d7fc0
d74e7fc0
d74f7fc0
d7507fc0
d7517fc0
d7527fc0
d7537fc0
d7547fc0
d7557fc0
d7567fc0
d7577fc0
d7587fc0
d7597fc0
d75a7fc0
d75b7fc0
d75c7fc0
d75d7fc0
d75e7fc0
d75f7fc0
d7607fc0
d7617fc0
d7627fc0
d7637fc0
d7647fc0
d7657fc0
d7667fc0
d7677fc0
d7687fc0
d7697fc0
d76a7fc0
d76b7fc0
d76c7fc0
d76d7fc0
d76e7fc0
d76f7fc0
d7707fc0
d7717fc0
d7727fc0
d7737fc0
d7747fc0
d7757fc0
d7767fc0
d7777fc0
d7787fc0
d7797fc0
d77a7fc0
d77b7fc0
d77c7fc0
d77d7fc0
d77e7fc0
d77f7fc0
d7807fc0
d7817fc0
d7827fc0
d7837fc0
d7847fc0
d7857fc0
d7867fc0
d7877fc0
d7887fc0
d7897fc0
d78a7fc0
d78b7fc0
d78c7fc0
d78d7fc0
d78e7fc0
d78f7fc0
d7907fc0
d7917fc0
d7927fc0
d7937fc0
d7947fc0
d7957fc0
d7967fc0
d7977fc0
d7987fc0
d7997fc0
d79a7fc0
d79b7fc0
d79c7fc0
d79d7fc0
d79e7fc0
d79f7fc0
d7a07fc0
d7a17fc0
d7a27fc0
d7a37fc0
d7a47fc0
d7a57fc0
d7a67fc0
d7a77fc0
d7a87fc0
d7a97fc0
d7aa7fc0
d7ab7fc0
d7ac7fc0
d7ad7fc0
d7ae7fc0
d7af7fc0
d7b07fc0
d7b17fc0
d7b27fc0
d7b37fc0
d7b47fc0
d7b57fc0
d7b67fc0
d7b77fc0
d7b87fc0
d7b97fc0
d7ba7fc0
d7bb7fc0
d7bc7fc0
d7bd7fc0
d7be7fc0
d7bf7fc0
d7c07fc0
d7c17fc0
d7c27fc0
d7c37fc0
d7c47fc0
d7c57fc0
d7c67fc0
d7c77fc0
d7c87fc0
d7c97fc0
d7ca7fc0
d7cb7fc0
d7cc7fc0
d7cd7fc0
d7ce7fc0
d7cf7fc0
d7d07fc0
d7d17fc0
d7d27fc0
d7d37fc0
d7d47fc0
d7d57fc0
d7d67fc0
d7d77fc0
d7d87fc0
d7d97fc0
d7da7fc0
d7db7fc0
d7dc7fc0
d7dd7fc0
d7de7fc0
d7df7fc0
d7e07fc0
d7e17fc0
d7e27fc0
d7e37fc0
d7e47fc0
d7e57fc0
d7e67fc0
d7e77fc0
d7e87fc0
d7e97fc0
d7ea7fc0
d7eb7fc0
d7ec7fc0
d7ed7fc0
d7ee7fc0
d7ef7fc0
d7f07fc0
d7f17fc0
d7f27fc0
d7f37fc0
d7f47fc0
d7f57fc0
d7f67fc0
d7f77fc0
d7f87fc0
d7f97fc0
d7fa7fc0
d7fb7fc0
d7fc7fc0
d7fd7fc0
d7fe7fc0
d7ff7fc0
d8007fc0
d8017fc0
d8027fc0
d8037fc0
d8047fc0
d8057fc0
d8067fc0
d8077fc0
d8087fc0
d8097fc0
d80a7fc0
d80b7fc0
d80c7fc0
d80d7fc0
d80e7fc0
d80f7fc0
d8107fc0
d8117fc0
d8127fc0
d8137fc0
d8147fc0
d8157fc0
d8167fc0
d8177fc0
d8187fc0
d8197fc0
d81a7fc0
d81b7fc0
d81c7fc0
d81d7fc0
d81e7fc0
d81f7fc0
d8207fc0
d8217fc0
d8227fc0
d8237fc0
d8247fc0
d8257fc0
d8267fc0
d8277fc0
d8287fc0
d8297fc0
d82a7fc0
d82b7fc0
d82c7fc0
d82d7fc0
d82e7fc0
d82f7fc0
d8307fc0
d8317fc0
d8327fc0
d8337fc0
d8347fc0
d8357fc0
d8367fc0
d8377fc0
d8387fc0
d8397fc0
d83a7fc0
d83b7fc0
d83c7fc0
d83d7fc0
d83e7fc0
d83f7fc0
d8407fc0
d8417fc0
d8427fc0
d8437fc0
d8447fc0
d8457fc0
d8467fc0
d8477fc0
d8487fc0
d8497fc0
d84a7fc0
d84b7fc0
d84c7fc0
d84d7fc0
d84e7fc0
d84f7fc0
d8507fc0
d8517fc0
d8527fc0
d8537fc0
d8547fc0
d8557fc0
d8567fc0
d8577fc0
d8587fc0
d8597fc0
d85a7fc0
d85b7fc0
d85c7fc0
d85d7fc0
d85e7fc0
d85f7fc0
d8607fc0
d8617fc0
d8627fc0
d8637fc0
d8647fc0
d8657fc0
d8667fc0
d8677fc0
d8687fc0
d8697fc0
d86a7fc0
d86b7fc0
d86c7fc0
d86d7fc0
d86e7fc0
d86f7fc0
d8707fc0
d8717fc0
d8727fc0
d8737fc0
d8747fc0
d8757fc0
d8767fc0
d8777fc0
d8787fc0
d8797fc0
d87a7fc0
d87b7fc0
d87c7fc0
d87d7fc0
d87e7fc0
d87f7fc0
d8807fc0
d8817fc0
d8827fc0
d8837fc0
d8847fc0
d8857fc0
d8867fc0
d8877fc0
d8887fc0
d8897fc0
d88a7fc0
d88b7fc0
d88c7fc0
d88d7fc0
d88e7fc0
d88f7fc0
d8907fc0
d8917fc0
d8927fc0
d8937fc0
d8947fc0
d8957fc0
d8967fc0
d8977fc0
d8987fc0
d8997fc0
d89a7fc0
d89b7fc0
d89c7fc0
d89d7fc0
d89e7fc0
d89f7fc0
d8a07fc0
d8a17fc0
d8a27fc0
d8a37fc0
d8a47fc0
d8a57fc0
d8a67fc0
d8a77fc0
d8a87fc0
d8a97fc0
d8aa7fc0
d8ab7fc0
d8ac7fc0
d8ad7fc0
d8ae7fc0
d8af7fc0
d8b07fc0
d8b17fc0
d8b27fc0
d8b37fc0
d8b47fc0
d8b57fc0
d8b67fc0
d8b77fc0
d8b87fc0
d8b97fc0
d8ba7fc0
d8bb7fc0
d8bc7fc0
d8bd7fc0
d8be7fc0
d8bf7fc0
d8c07fc0
d8c17fc0
d8c27fc0
d8c37fc0
d8c47fc0
d8c57fc0
d8c67fc0
d8c77fc0
d8c87fc0
d8c97fc0
d8ca7fc0
d8cb7fc0
d8cc7fc0
d8cd7fc0
d8ce7fc0
d8cf7fc0
d8d07fc0
d8d17fc0
d8d27fc0
d8d37fc0
d8d47fc0
d8d57fc0
d8d67fc0
d8d77fc0
d8d87fc0
d8d97fc0
d8da7fc0
d8db7fc0
d8dc7fc0
d8dd7fc0
d8de7fc0
d8df7fc0
d8e07fc0
d8e17fc0
d8e27fc0
d8e37fc0
d8e47fc0
d8e57fc0
d8e67fc0
d8e77fc0
d8e87fc0
d8e97fc0
d8ea7fc0
d8eb7fc0
d8ec7fc0
d8ed7fc0
d8ee7fc0
d8ef7fc0
d8f07fc0
d8f17fc0
d8f27fc0
d8f37fc0
d8f47fc0
d8f57fc0
d8f67fc0
d8f77fc0
d8f87fc0
d8f97fc0
d8fa7fc0
d8fb7fc0
d8fc7fc0
d8fd7fc0
d8fe7fc0
d8ff7fc0
d9007fc0
d9017fc0
d9027fc0
d9037fc0
d9047fc0
d9057fc0
d9067fc0
d9077fc0
d9087fc0
d9097fc0
d90a7fc0
d90b7fc0
d90c7fc0
d90d7fc0
d90e7fc0
d90f7fc0
d9107fc0
d9117fc0
d9127fc0
d9137fc0
d9147fc0
d9157fc0
d9167fc0
d9177fc0
d9187fc0
d9197fc0
d91a7fc0
d91b7fc0
d91c7fc0
d91d7fc0
d91e7fc0
d91f7fc0
d9207fc0
d9217fc0
d9227fc0
d9237fc0
d9247fc0
d9257fc0
d9267fc0
d9277fc0
d9287fc0
d9297fc0
d92a7fc0
d92b7fc0
d92c7fc0
d92d7fc0
d92e7fc0
d92f7fc0
d9307fc0
d9317fc0
d9327fc0
d9337fc0
d9347fc0
d9357fc0
d9367fc0
d9377fc0
d9387fc0
d9397fc0
d93a7fc0
d93b7fc0
d93c7fc0
d93d7fc0
d93e7fc0
d93f7fc0
d9407fc0
d9417fc0
d9427fc0
d9437fc0
d9447fc0
d9457fc0
d9467fc0
d9477fc0
d9487fc0
d9497fc0
d94a7fc0
d94b7fc0
d94c7fc0
d94d7fc0
d94e7fc0
d94f7fc0
d9507fc0
d9517fc0
d9527fc0
d9537fc0
d9547fc0
d9557fc0
d9567fc0
d9577fc0
d9587fc0
d9597fc0
d95a7fc0
d95b7fc0
d95c7fc0
d95d7fc0
d95e7fc0
d95f7fc0
d9607fc0
d9617fc0
d9627fc0
d9637fc0
d9647fc0
d9657fc0
d9667fc0
d9677fc0
d9687fc0
d9697fc0
d96a7fc0
d96b7fc0
d96c7fc0
d96d7fc0
d96e7fc0
d96f7fc0
d9707fc0
d9717fc0
d9727fc0
d9737fc0
d9747fc0
d9757fc0
d9767fc0
d9777fc0
d9787fc0
d9797fc0
d97a7fc0
d97b7fc0
d97c7fc0
d97d7fc0
d97e7fc0
d97f7fc0
d9807fc0
d9817fc0
d9827fc0
d9837fc0
d9847fc0
d9857fc0
d9867fc0
d9877fc0
d9887fc0
d9897fc0
d98a7fc0
d98b7fc0
d98c7fc0
d98d7fc0
d98e7fc0
d98f7fc0
d9907fc0
d9917fc0
d9927fc0
d9937fc0
d9947fc0
d9957fc0
d9967fc0
d9977fc0
d9987fc0
d9997fc0
d99a7fc0
d99b7fc0
d99c7fc0
d99d7fc0
d99e7fc0
d99f7fc0
d9a07fc0
d9a17fc0
d9a27fc0
d9a37fc0
d9a47fc0
d9a57fc0
d9a67fc0
d9a77fc0
d9a87fc0
d9a97fc0
d9aa7fc0
d9ab7fc0
d9ac7fc0
d9ad7fc0
d9ae7fc0
d9af7fc0
d9b07fc0
d9b17fc0
d9b27fc0
d9b37fc0
d9b47fc0
d9b57fc0
d9b67fc0
d9b77fc0
d9b87fc0
d9b97fc0
d9ba7fc0
d9bb7fc0
d9bc7fc0
d9bd7fc0
d9be7fc0
d9bf7fc0
d9c07fc0
d9c17fc0
d9c27fc0
d9c37fc0
d9c47fc0
d9c57fc0
d9c67fc0
d9c77fc0
d9c87fc0
d9c97fc0
d9ca7fc0
d9cb7fc0
d9cc7fc0
d9cd7fc0
d9ce7fc0
d9cf7fc0
d9d07fc0
d9d17fc0
d9d27fc0
d9d37fc0
d9d47fc0
d9d57fc0
d9d67fc0
d9d77fc0
d9d87fc0
d9d97fc0
d9da7fc0
d9db7fc0
d9dc7fc0
d9dd7fc0
d9de7fc0
d9df7fc0
d9e07fc0
d9e17fc0
d9e27fc0
d9e37fc0
d9e47fc0
d9e57fc0
d9e67fc0
d9e77fc0
d9e87fc0
d9e97fc0
d9ea7fc0
d9eb7fc0
d9ec7fc0
d9ed7fc0
d9ee7fc0
d9ef7fc0
d9f07fc0
d9f17fc0
d9f27fc0
d9f37fc0
d9f47fc0
d9f57fc0
d9f67fc0
d9f77fc0
d9f87fc0
d9f97fc0
d9fa7fc0
d9fb7fc0
d9fc7fc0
d9fd7fc0
d9fe7fc0
d9ff7fc0
da007fc0
da017fc0
da027fc0
da037fc0
da047fc0
da057fc0
da067fc0
da077fc0
da087fc0
da097fc0
da0a7fc0
da0b7fc0
da0c7fc0
da0d7fc0
da0e7fc0
da0f7fc0
da107fc0
da117fc0
da127fc0
da137fc0
da147fc0
da157fc0
da167fc0
da177fc0
da187fc0
da197fc0
da1a7fc0
da1b7fc0
da1c7fc0
da1d7fc0
da1e7fc0
da1f7fc0
da207fc0
da217fc0
da227fc0
da237fc0
da247fc0
da257fc0
da267fc0
da277fc0
da287fc0
da297fc0
da2a7fc0
da2b7fc0
da2c7fc0
da2d7fc0
da2e7fc0
da2f7fc0
da307fc0
da317fc0
da327fc0
da337fc0
da347fc0
da357fc0
da367fc0
da377fc0
da387fc0
da397fc0
da3a7fc0
da3b7fc0
da3c7fc0
da3d7fc0
da3e7fc0
da3f7fc0
da407fc0
da417fc0
da427fc0
da437fc0
da447fc0
da457fc0
da467fc0
da477fc0
da487fc0
da497fc0
da4a7fc0
da4b7fc0
da4c7fc0
da4d7fc0
da4e7fc0
da4f7fc0
da507fc0
da517fc0
da527fc0
da537fc0
da547fc0
da557fc0
da567fc0
da577fc0
da587fc0
da597fc0
da5a7fc0
da5b7fc0
da5c7fc0
da5d7fc0
da5e7fc0
da5f7fc0
da607fc0
da617fc0
da627fc0
da637fc0
da647fc0
da657fc0
da667fc0
da677fc0
da687fc0
da697fc0
da6a7fc0
da6b7fc0
da6c7fc0
da6d7fc0
da6e7fc0
da6f7fc0
da707fc0
da717fc0
da727fc0
da737fc0
da747fc0
da757fc0
da767fc0
da777fc0
da787fc0
da797fc0
da7a7fc0
da7b7fc0
da7c7fc0
da7d7fc0
da7e7fc0
da7f7fc0
da807fc0
da817fc0
da827fc0
da837fc0
da847fc0
da857fc0
da867fc0
da877fc0
da887fc0
da897fc0
da8a7fc0
da8b7fc0
da8c7fc0
da8d7fc0
da8e7fc0
da8f7fc0
da907fc0
da917fc0
da927fc0
da937fc0
da947fc0
da957fc0
da967fc0
da977fc0
da987fc0
da997fc0
da9a7fc0
da9b7fc0
da9c7fc0
da9d7fc0
da9e7fc0
da9f7fc0
daa07fc0
daa17fc0
daa27fc0
daa37fc0
daa47fc0
daa57fc0
daa67fc0
daa77fc0
daa87fc0
daa97fc0
daaa7fc0
daab7fc0
daac7fc0
daad7fc0
daae7fc0
daaf7fc0
dab07fc0
dab17fc0
dab27fc0
dab37fc0
dab47fc0
dab57fc0
dab67fc0
dab77fc0
dab87fc0
dab97fc0
daba7fc0
dabb7fc0
dabc7fc0
dabd7fc0
dabe7fc0
dabf7fc0
dac07fc0
dac17fc0
dac27fc0
dac37fc0
dac47fc0
dac57fc0
dac67fc0
dac77fc0
dac87fc0
dac97fc0
daca7fc0
dacb7fc0
dacc7fc0
dacd7fc0
dace7fc0
dacf7fc0
dad07fc0
dad17fc0
dad27fc0
dad37fc0
dad47fc0
dad57fc0
dad67fc0
dad77fc0
dad87fc0
dad97fc0
dada7fc0
dadb7fc0
dadc7fc0
dadd7fc0
dade7fc0
dadf7fc0
dae07fc0
dae17fc0
dae27fc0
dae37fc0
dae47fc0
dae57fc0
dae67fc0
dae77fc0
dae87fc0
dae97fc0
daea7fc0
daeb7fc0
daec7fc0
daed7fc0
daee7fc0
daef7fc0
daf07fc0
daf17fc0
daf27fc0
daf37fc0
daf47fc0
daf57fc0
daf67fc0
daf77fc0
daf87fc0
daf97fc0
dafa7fc0
dafb7fc0
dafc7fc0
dafd7fc0
dafe7fc0
daff7fc0
db007fc0
db017fc0
db027fc0
db037fc0
db047fc0
db057fc0
db067fc0
db077fc0
db087fc0
db097fc0
db0a7fc0
db0b7fc0
db0c7fc0
db0d7fc0
db0e7fc0
db0f7fc0
db107fc0
db117fc0
db127fc0
db137fc0
db147fc0
db157fc0
db167fc0
db177fc0
db187fc0
db197fc0
db1a7fc0
db1b7fc0
db1c7fc0
db1d7fc0
db1e7fc0
db1f7fc0
db207fc0
db217fc0
db227fc0
db237fc0
db247fc0
db257fc0
db267fc0
db277fc0
db287fc0
db297fc0
db2a7fc0
db2b7fc0
db2c7fc0
db2d7fc0
db2e7fc0
db2f7fc0
db307fc0
db317fc0
db327fc0
db337fc0
db347fc0
db357fc0
db367fc0
db377fc0
db387fc0
db397fc0
db3a7fc0
db3b7fc0
db3c7fc0
db3d7fc0
db3e7fc0
db3f7fc0
db407fc0
db417fc0
db427fc0
db437fc0
db447fc0
db457fc0
db467fc0
db477fc0
db487fc0
db497fc0
db4a7fc0
db4b7fc0
db4c7fc0
db4d7fc0
db4e7fc0
db4f7fc0
db507fc0
db517fc0
db527fc0
db537fc0
db547fc0
db557fc0
db567fc0
db577fc0
db587fc0
db597fc0
db5a7fc0
db5b7fc0
db5c7fc0
db5d7fc0
db5e7fc0
db5f7fc0
db607fc0
db617fc0
db627fc0
db637fc0
db647fc0
db657fc0
db667fc0
db677fc0
db687fc0
db697fc0
db6a7fc0
db6b7fc0
db6c7fc0
db6d7fc0
db6e7fc0
db6f7fc0
db707fc0
db717fc0
db727fc0
db737fc0
db747fc0
db757fc0
db767fc0
db777fc0
db787fc0
db797fc0
db7a7fc0
db7b7fc0
db7c7fc0
db7d7fc0
db7e7fc0
db7f7fc0
db807fc0
db817fc0
db827fc0
db837fc0
db847fc0
db857fc0
db867fc0
db877fc0
db887fc0
db897fc0
db8a7fc0
db8b7fc0
db8c7fc0
db8d7fc0
db8e7fc0
db8f7fc0
db907fc0
db917fc0
db927fc0
db937fc0
db947fc0
db957fc0
db967fc0
db977fc0
db987fc0
db997fc0
db9a7fc0
db9b7fc0
db9c7fc0
db9d7fc0
db9e7fc0
db9f7fc0
dba07fc0
dba17fc0
dba27fc0
dba37fc0
dba47fc0
dba57fc0
dba67fc0
dba77fc0
dba87fc0
dba97fc0
dbaa7fc0
dbab7fc0
dbac7fc0
dbad7fc0
dbae7fc0
dbaf7fc0
dbb07fc0
dbb17fc0
dbb27fc0
dbb37fc0
dbb47fc0
dbb57fc0
dbb67fc0
dbb77fc0
dbb87fc0
dbb97fc0
dbba7fc0
dbbb7fc0
dbbc7fc0
dbbd7fc0
dbbe7fc0
dbbf7fc0
dbc07fc0
dbc17fc0
dbc27fc0
dbc37fc0
dbc47fc0
dbc57fc0
dbc67fc0
dbc77fc0
dbc87fc0
dbc97fc0
dbca7fc0
dbcb7fc0
dbcc7fc0
dbcd7fc0
dbce7fc0
dbcf7fc0
dbd07fc0
dbd17fc0
dbd27fc0
dbd37fc0
dbd47fc0
dbd57fc0
dbd67fc0
dbd77fc0
dbd87fc0
dbd97fc0
dbda7fc0
dbdb7fc0
dbdc7fc0
dbdd7fc0
dbde7fc0
dbdf7fc0
dbe07fc0
dbe17fc0
dbe27fc0
dbe37fc0
dbe47fc0
dbe57fc0
dbe67fc0
dbe77fc0
dbe87fc0
dbe97fc0
dbea7fc0
dbeb7fc0
dbec7fc0
dbed7fc0
dbee7fc0
dbef7fc0
dbf07fc0
dbf17fc0
dbf27fc0
dbf37fc0
dbf47fc0
dbf57fc0
dbf67fc0
dbf77fc0
dbf87fc0
dbf97fc0
dbfa7fc0
dbfb7fc0
dbfc7fc0
dbfd7fc0
dbfe7fc0
dbff7fc0
dc007fc0
dc017fc0
dc027fc0
dc037fc0
dc047fc0
dc057fc0
dc067fc0
dc077fc0
dc087fc0
dc097fc0
dc0a7fc0
dc0b7fc0
dc0c7fc0
dc0d7fc0
dc0e7fc0
dc0f7fc0
dc107fc0
dc117fc0
dc127fc0
dc137fc0
dc147fc0
dc157fc0
dc167fc0
dc177fc0
dc187fc0
dc197fc0
dc1a7fc0
dc1b7fc0
dc1c7fc0
dc1d7fc0
dc1e7fc0
dc1f7fc0
dc207fc0
dc217fc0
dc227fc0
dc237fc0
dc247fc0
dc257fc0
dc267fc0
dc277fc0
dc287fc0
dc297fc0
dc2a7fc0
dc2b7fc0
dc2c7fc0
dc2d7fc0
dc2e7fc0
dc2f7fc0
dc307fc0
dc317fc0
dc327fc0
dc337fc0
dc347fc0
dc357fc0
dc367fc0
dc377fc0
dc387fc0
dc397fc0
dc3a7fc0
dc3b7fc0
dc3c7fc0
dc3d7fc0
dc3e7fc0
dc3f7fc0
dc407fc0
dc417fc0
dc427fc0
dc437fc0
dc447fc0
dc457fc0
dc467fc0
dc477fc0
dc487fc0
dc497fc0
dc4a7fc0
dc4b7fc0
dc4c7fc0
dc4d7fc0
dc4e7fc0
dc4f7fc0
dc507fc0
dc517fc0
dc527fc0
dc537fc0
dc547fc0
dc557fc0
dc567fc0
dc577fc0
dc587fc0
dc597fc0
dc5a7fc0
dc5b7fc0
dc5c7fc0
dc5d7fc0
dc5e7fc0
dc5f7fc0
dc607fc0
dc617fc0
dc627fc0
dc637fc0
dc647fc0
dc657fc0
dc667fc0
dc677fc0
dc687fc0
dc697fc0
dc6a7fc0
dc6b7fc0
dc6c7fc0
dc6d7fc0
dc6e7fc0
dc6f7fc0
dc707fc0
dc717fc0
dc727fc0
dc737fc0
dc747fc0
dc757fc0
dc767fc0
dc777fc0
dc787fc0
dc797fc0
dc7a7fc0
dc7b7fc0
dc7c7fc0
dc7d7fc0
dc7e7fc0
dc7f7fc0
dc807fc0
dc817fc0
dc827fc0
dc837fc0
dc847fc0
dc857fc0
dc867fc0
dc877fc0
dc887fc0
dc897fc0
dc8a7fc0
dc8b7fc0
dc8c7fc0
dc8d7fc0
dc8e7fc0
dc8f7fc0
dc907fc0
dc917fc0
dc927fc0
dc937fc0
dc947fc0
dc957fc0
dc967fc0
dc977fc0
dc987fc0
dc997fc0
dc9a7fc0
dc9b7fc0
dc9c7fc0
dc9d7fc0
dc9e7fc0
dc9f7fc0
dca07fc0
dca17fc0
dca27fc0
dca37fc0
dca47fc0
dca57fc0
dca67fc0
dca77fc0
dca87fc0
dca97fc0
dcaa7fc0
dcab7fc0
dcac7fc0
dcad7fc0
dcae7fc0
dcaf7fc0
dcb07fc0
dcb17fc0
dcb27fc0
dcb37fc0
dcb47fc0
dcb57fc0
dcb67fc0
dcb77fc0
dcb87fc0
dcb97fc0
dcba7fc0
dcbb7fc0
dcbc7fc0
dcbd7fc0
dcbe7fc0
dcbf7fc0
dcc07fc0
dcc17fc0
dcc27fc0
dcc37fc0
dcc47fc0
dcc57fc0
dcc67fc0
dcc77fc0
dcc87fc0
dcc97fc0
dcca7fc0
dccb7fc0
dccc7fc0
dccd7fc0
dcce7fc0
dccf7fc0
dcd07fc0
dcd17fc0
dcd27fc0
dcd37fc0
dcd47fc0
dcd57fc0
dcd67fc0
dcd77fc0
dcd87fc0
dcd97fc0
dcda7fc0
dcdb7fc0
dcdc7fc0
dcdd7fc0
dcde7fc0
dcdf7fc0
dce07fc0
dce17fc0
dce27fc0
dce37fc0
dce47fc0
dce57fc0
dce67fc0
dce77fc0
dce87fc0
dce97fc0
dcea7fc0
dceb7fc0
dcec7fc0
dced7fc0
dcee7fc0
dcef7fc0
dcf07fc0
dcf17fc0
dcf27fc0
dcf37fc0
dcf47fc0
dcf57fc0
dcf67fc0
dcf77fc0
dcf87fc0
dcf97fc0
dcfa7fc0
dcfb7fc0
dcfc7fc0
dcfd7fc0
dcfe7fc0
dcff7fc0
dd007fc0
dd017fc0
dd027fc0
dd037fc0
dd047fc0
dd057fc0
dd067fc0
dd077fc0
dd087fc0
dd097fc0
dd0a7fc0
dd0b7fc0
dd0c7fc0
dd0d7fc0
dd0e7fc0
dd0f7fc0
dd107fc0
dd117fc0
dd127fc0
dd137fc0
dd147fc0
dd157fc0
dd167fc0
dd177fc0
dd187fc0
dd197fc0
dd1a7fc0
dd1b7fc0
dd1c7fc0
dd1d7fc0
dd1e7fc0
dd1f7fc0
dd207fc0
dd217fc0
dd227fc0
dd237fc0
dd247fc0
dd257fc0
dd267fc0
dd277fc0
dd287fc0
dd297fc0
dd2a7fc0
dd2b7fc0
dd2c7fc0
dd2d7fc0
dd2e7fc0
dd2f7fc0
dd307fc0
dd317fc0
dd327fc0
dd337fc0
dd347fc0
dd357fc0
dd367fc0
dd377fc0
dd387fc0
dd397fc0
dd3a7fc0
dd3b7fc0
dd3c7fc0
dd3d7fc0
dd3e7fc0
dd3f7fc0
dd407fc0
dd417fc0
dd427fc0
dd437fc0
dd447fc0
dd457fc0
dd467fc0
dd477fc0
dd487fc0
dd497fc0
dd4a7fc0
dd4b7fc0
dd4c7fc0
dd4d7fc0
dd4e7fc0
dd4f7fc0
dd507fc0
dd517fc0
dd527fc0
dd537fc0
dd547fc0
dd557fc0
dd567fc0
dd577fc0
dd587fc0
dd597fc0
dd5a7fc0
dd5b7fc0
dd5c7fc0
dd5d7fc0
dd5e7fc0
dd5f7fc0
dd607fc0
dd617fc0
dd627fc0
dd637fc0
dd647fc0
dd657fc0
dd667fc0
dd677fc0
dd687fc0
dd697fc0
dd6a7fc0
dd6b7fc0
dd6c7fc0
dd6d7fc0
dd6e7fc0
dd6f7fc0
dd707fc0
dd717fc0
dd727fc0
dd737fc0
dd747fc0
dd757fc0
dd767fc0
dd777fc0
dd787fc0
dd797fc0
dd7a7fc0
dd7b7fc0
dd7c7fc0
dd7d7fc0
dd7e7fc0
dd7f7fc0
dd807fc0
dd817fc0
dd827fc0
dd837fc0
dd847fc0
dd857fc0
dd867fc0
dd877fc0
dd887fc0
dd897fc0
dd8a7fc0
dd8b7fc0
dd8c7fc0
dd8d7fc0
dd8e7fc0
dd8f7fc0
dd907fc0
dd917fc0
dd927fc0
dd937fc0
dd947fc0
dd957fc0
dd967fc0
dd977fc0
dd987fc0
dd997fc0
dd9a7fc0
dd9b7fc0
dd9c7fc0
dd9d7fc0
dd9e7fc0
dd9f7fc0
dda07fc0
dda17fc0
dda27fc0
dda37fc0
dda47fc0
dda57fc0
dda67fc0
dda77fc0
dda87fc0
dda97fc0
ddaa7fc0
ddab7fc0
ddac7fc0
ddad7fc0
ddae7fc0
ddaf7fc0
ddb07fc0
ddb17fc0
ddb27fc0
ddb37fc0
ddb47fc0
ddb57fc0
ddb67fc0
ddb77fc0
ddb87fc0
ddb97fc0
ddba7fc0
ddbb7fc0
ddbc7fc0
ddbd7fc0
ddbe7fc0
ddbf7fc0
ddc07fc0
ddc17fc0
ddc27fc0
ddc37fc0
ddc47fc0
ddc57fc0
ddc67fc0
ddc77fc0
ddc87fc0
ddc97fc0
ddca7fc0
ddcb7fc0
ddcc7fc0
ddcd7fc0
ddce7fc0
ddcf7fc0
ddd07fc0
ddd17fc0
ddd27fc0
ddd37fc0
ddd47fc0
ddd57fc0
ddd67fc0
ddd77fc0
ddd87fc0
ddd97fc0
ddda7fc0
dddb7fc0
dddc7fc0
dddd7fc0
ddde7fc0
dddf7fc0
dde07fc0
dde17fc0
dde27fc0
dde37fc0
dde47fc0
dde57fc0
dde67fc0
dde77fc0
dde87fc0
dde97fc0
ddea7fc0
ddeb7fc0
ddec7fc0
dded7fc0
ddee7fc0
ddef7fc0
ddf07fc0
ddf17fc0
ddf27fc0
ddf37fc0
ddf47fc0
ddf57fc0
ddf67fc0
ddf77fc0
ddf87fc0
ddf97fc0
ddfa7fc0
ddfb7fc0
ddfc7fc0
ddfd7fc0
ddfe7fc0
ddff7fc0
de007fc0
de017fc0
de027fc0
de037fc0
de047fc0
de057fc0
de067fc0
de077fc0
de087fc0
de097fc0
de0a7fc0
de0b7fc0
de0c7fc0
de0d7fc0
de0e7fc0
de0f7fc0
de107fc0
de117fc0
de127fc0
de137fc0
de147fc0
de157fc0
de167fc0
de177fc0
de187fc0
de197fc0
de1a7fc0
de1b7fc0
de1c7fc0
de1d7fc0
de1e7fc0
de1f7fc0
de207fc0
de217fc0
de227fc0
de237fc0
de247fc0
de257fc0
de267fc0
de277fc0
de287fc0
de297fc0
de2a7fc0
de2b7fc0
de2c7fc0
de2d7fc0
de2e7fc0
de2f7fc0
de307fc0
de317fc0
de327fc0
de337fc0
de347fc0
de357fc0
de367fc0
de377fc0
de387fc0
de397fc0
de3a7fc0
de3b7fc0
de3c7fc0
de3d7fc0
de3e7fc0
de3f7fc0
de407fc0
de417fc0
de427fc0
de437fc0
de447fc0
de457fc0
de467fc0
de477fc0
de487fc0
de497fc0
de4a7fc0
de4b7fc0
de4c7fc0
de4d7fc0
de4e7fc0
de4f7fc0
de507fc0
de517fc0
de527fc0
de537fc0
de547fc0
de557fc0
de567fc0
de577fc0
de587fc0
de597fc0
de5a7fc0
de5b7fc0
de5c7fc0
de5d7fc0
de5e7fc0
de5f7fc0
de607fc0
de617fc0
de627fc0
de637fc0
de647fc0
de657fc0
de667fc0
de677fc0
de687fc0
de697fc0
de6a7fc0
de6b7fc0
de6c7fc0
de6d7fc0
de6e7fc0
de6f7fc0
de707fc0
de717fc0
de727fc0
de737fc0
de747fc0
de757fc0
de767fc0
de777fc0
de787fc0
de797fc0
de7a7fc0
de7b7fc0
de7c7fc0
de7d7fc0
de7e7fc0
de7f7fc0
de807fc0
de817fc0
de827fc0
de837fc0
de847fc0
de857fc0
de867fc0
de877fc0
de887fc0
de897fc0
de8a7fc0
de8b7fc0
de8c7fc0
de8d7fc0
de8e7fc0
de8f7fc0
de907fc0
de917fc0
de927fc0
de937fc0
de947fc0
de957fc0
de967fc0
de977fc0
de987fc0
de997fc0
de9a7fc0
de9b7fc0
de9c7fc0
de9d7fc0
de9e7fc0
de9f7fc0
dea07fc0
dea17fc0
dea27fc0
dea37fc0
dea47fc0
dea57fc0
dea67fc0
dea77fc0
dea87fc0
dea97fc0
deaa7fc0
deab7fc0
deac7fc0
dead7fc0
deae7fc0
deaf7fc0
deb07fc0
deb17fc0
deb27fc0
deb37fc0
deb47fc0
deb57fc0
deb67fc0
deb77fc0
deb87fc0
deb97fc0
deba7fc0
debb7fc0
debc7fc0
debd7fc0
debe7fc0
debf7fc0
dec07fc0
dec17fc0
dec27fc0
dec37fc0
dec47fc0
dec57fc0
dec67fc0
dec77fc0
dec87fc0
dec97fc0
deca7fc0
decb7fc0
decc7fc0
decd7fc0
dece7fc0
decf7fc0
ded07fc0
ded17fc0
ded27fc0
ded37fc0
ded47fc0
ded57fc0
ded67fc0
ded77fc0
ded87fc0
ded97fc0
deda7fc0
dedb7fc0
dedc7fc0
dedd7fc0
dede7fc0
dedf7fc0
dee07fc0
dee17fc0
dee27fc0
dee37fc0
dee47fc0
dee57fc0
dee67fc0
dee77fc0
dee87fc0
dee97fc0
deea7fc0
deeb7fc0
deec7fc0
deed7fc0
deee7fc0
deef7fc0
def07fc0
def17fc0
def27fc0
def37fc0
def47fc0
def57fc0
def67fc0
def77fc0
def87fc0
def97fc0
defa7fc0
defb7fc0
defc7fc0
defd7fc0
defe7fc0
deff7fc0
df007fc0
df017fc0
df027fc0
df037fc0
df047fc0
df057fc0
df067fc0
df077fc0
df087fc0
df097fc0
df0a7fc0
df0b7fc0
df0c7fc0
df0d7fc0
df0e7fc0
df0f7fc0
df107fc0
df117fc0
df127fc0
df137fc0
df147fc0
df157fc0
df167fc0
df177fc0
df187fc0
df197fc0
df1a7fc0
df1b7fc0
df1c7fc0
df1d7fc0
df1e7fc0
df1f7fc0
df207fc0
df217fc0
df227fc0
df237fc0
df247fc0
df257fc0
df267fc0
df277fc0
df287fc0
df297fc0
df2a7fc0
df2b7fc0
df2c7fc0
df2d7fc0
df2e7fc0
df2f7fc0
df307fc0
df317fc0
df327fc0
df337fc0
df347fc0
df357fc0
df367fc0
df377fc0
df387fc0
df397fc0
df3a7fc0
df3b7fc0
df3c7fc0
df3d7fc0
df3e7fc0
df3f7fc0
df407fc0
df417fc0
df427fc0
df437fc0
df447fc0
df457fc0
df467fc0
df477fc0
df487fc0
df497fc0
df4a7fc0
df4b7fc0
df4c7fc0
df4d7fc0
df4e7fc0
df4f7fc0
df507fc0
df517fc0
df527fc0
df537fc0
df547fc0
df557fc0
df567fc0
df577fc0
df587fc0
df597fc0
df5a7fc0
df5b7fc0
df5c7fc0
df5d7fc0
df5e7fc0
df5f7fc0
df607fc0
df617fc0
df627fc0
df637fc0
df647fc0
df657fc0
df667fc0
df677fc0
df687fc0
df697fc0
df6a7fc0
df6b7fc0
df6c7fc0
df6d7fc0
df6e7fc0
df6f7fc0
df707fc0
df717fc0
df727fc0
df737fc0
df747fc0
df757fc0
df767fc0
df777fc0
df787fc0
df797fc0
df7a7fc0
df7b7fc0
df7c7fc0
df7d7fc0
df7e7fc0
df7f7fc0
df807fc0
df817fc0
df827fc0
df837fc0
df847fc0
df857fc0
df867fc0
df877fc0
df887fc0
df897fc0
df8a7fc0
df8b7fc0
df8c7fc0
df8d7fc0
df8e7fc0
df8f7fc0
df907fc0
df917fc0
df927fc0
df937fc0
df947fc0
df957fc0
df967fc0
df977fc0
df987fc0
df997fc0
df9a7fc0
df9b7fc0
df9c7fc0
df9d7fc0
df9e7fc0
df9f7fc0
dfa07fc0
dfa17fc0
dfa27fc0
dfa37fc0
dfa47fc0
dfa57fc0
dfa67fc0
dfa77fc0
dfa87fc0
dfa97fc0
dfaa7fc0
dfab7fc0
dfac7fc0
dfad7fc0
dfae7fc0
dfaf7fc0
dfb07fc0
dfb17fc0
dfb27fc0
dfb37fc0
dfb47fc0
dfb57fc0
dfb67fc0
dfb77fc0
dfb87fc0
dfb97fc0
dfba7fc0
dfbb7fc0
dfbc7fc0
dfbd7fc0
dfbe7fc0
dfbf7fc0
dfc07fc0
dfc17fc0
dfc27fc0
dfc37fc0
dfc47fc0
dfc57fc0
dfc67fc0
dfc77fc0
dfc87fc0
dfc97fc0
dfca7fc0
dfcb7fc0
dfcc7fc0
dfcd7fc0
dfce7fc0
dfcf7fc0
dfd07fc0
dfd17fc0
dfd27fc0
dfd37fc0
dfd47fc0
dfd57fc0
dfd67fc0
dfd77fc0
dfd87fc0
dfd97fc0
dfda7fc0
dfdb7fc0
dfdc7fc0
dfdd7fc0
dfde7fc0
dfdf7fc0
dfe07fc0
dfe17fc0
dfe27fc0
dfe37fc0
dfe47fc0
dfe57fc0
dfe67fc0
dfe77fc0
dfe87fc0
dfe97fc0
dfea7fc0
dfeb7fc0
dfec7fc0
dfed7fc0
dfee7fc0
dfef7fc0
dff07fc0
dff17fc0
dff27fc0
dff37fc0
dff47fc0
dff57fc0
dff67fc0
dff77fc0
dff87fc0
dff97fc0
dffa7fc0
dffb7fc0
dffc7fc0
dffd7fc0
dffe7fc0
dfff7fc0
e0007fc0
e0017fc0
e0027fc0
e0037fc0
e0047fc0
e0057fc0
e0067fc0
e0077fc0
e0087fc0
e0097fc0
e00a7fc0
e00b7fc0
e00c7fc0
e00d7fc0
e00e7fc0
e00f7fc0
e0107fc0
e0117fc0
e0127fc0
e0137fc0
e0147fc0
e0157fc0
e0167fc0
e0177fc0
e0187fc0
e0197fc0
e01a7fc0
e01b7fc0
e01c7fc0
e01d7fc0
e01e7fc0
e01f7fc0
e0207fc0
e0217fc0
e0227fc0
e0237fc0
e0247fc0
e0257fc0
e0267fc0
e0277fc0
e0287fc0
e0297fc0
e02a7fc0
e02b7fc0
e02c7fc0
e02d7fc0
e02e7fc0
e02f7fc0
e0307fc0
e0317fc0
e0327fc0
e0337fc0
e0347fc0
e0357fc0
e0367fc0
e0377fc0
e0387fc0
e0397fc0
e03a7fc0
e03b7fc0
e03c7fc0
e03d7fc0
e03e7fc0
e03f7fc0
e0407fc0
e0417fc0
e0427fc0
e0437fc0
e0447fc0
e0457fc0
e0467fc0
e0477fc0
e0487fc0
e0497fc0
e04a7fc0
e04b7fc0
e04c7fc0
e04d7fc0
e04e7fc0
e04f7fc0
e0507fc0
e0517fc0
e0527fc0
e0537fc0
e0547fc0
e0557fc0
e0567fc0
e0577fc0
e0587fc0
e0597fc0
e05a7fc0
e05b7fc0
e05c7fc0
e05d7fc0
e05e7fc0
e05f7fc0
e0607fc0
e0617fc0
e0627fc0
e0637fc0
e0647fc0
e0657fc0
e0667fc0
e0677fc0
e0687fc0
e0697fc0
e06a7fc0
e06b7fc0
e06c7fc0
e06d7fc0
e06e7fc0
e06f7fc0
e0707fc0
e0717fc0
e0727fc0
e0737fc0
e0747fc0
e0757fc0
e0767fc0
e0777fc0
e0787fc0
e0797fc0
e07a7fc0
e07b7fc0
e07c7fc0
e07d7fc0
e07e7fc0
e07f7fc0
e0807fc0
e0817fc0
e0827fc0
e0837fc0
e0847fc0
e0857fc0
e0867fc0
e0877fc0
e0887fc0
e0897fc0
e08a7fc0
e08b7fc0
e08c7fc0
e08d7fc0
e08e7fc0
e08f7fc0
e0907fc0
e0917fc0
e0927fc0
e0937fc0
e0947fc0
e0957fc0
e0967fc0
e0977fc0
e0987fc0
e0997fc0
e09a7fc0
e09b7fc0
e09c7fc0
e09d7fc0
e09e7fc0
e09f7fc0
e0a07fc0
e0a17fc0
e0a27fc0
e0a37fc0
e0a47fc0
e0a57fc0
e0a67fc0
e0a77fc0
e0a87fc0
e0a97fc0
e0aa7fc0
e0ab7fc0
e0ac7fc0
e0ad7fc0
e0ae7fc0
e0af7fc0
e0b07fc0
e0b17fc0
e0b27fc0
e0b37fc0
e0b47fc0
e0b57fc0
e0b67fc0
e0b77fc0
e0b87fc0
e0b97fc0
e0ba7fc0
e0bb7fc0
e0bc7fc0
e0bd7fc0
e0be7fc0
e0bf7fc0
e0c07fc0
e0c17fc0
e0c27fc0
e0c37fc0
e0c47fc0
e0c57fc0
e0c67fc0
e0c77fc0
e0c87fc0
e0c97fc0
e0ca7fc0
e0cb7fc0
e0cc7fc0
e0cd7fc0
e0ce7fc0
e0cf7fc0
e0d07fc0
e0d17fc0
e0d27fc0
e0d37fc0
e0d47fc0
e0d57fc0
e0d67fc0
e0d77fc0
e0d87fc0
e0d97fc0
e0da7fc0
e0db7fc0
e0dc7fc0
e0dd7fc0
e0de7fc0
e0df7fc0
e0e07fc0
e0e17fc0
e0e27fc0
e0e37fc0
e0e47fc0
e0e57fc0
e0e67fc0
e0e77fc0
e0e87fc0
e0e97fc0
e0ea7fc0
e0eb7fc0
e0ec7fc0
e0ed7fc0
e0ee7fc0
e0ef7fc0
e0f07fc0
e0f17fc0
e0f27fc0
e0f37fc0
e0f47fc0
e0f57fc0
e0f67fc0
e0f77fc0
e0f87fc0
e0f97fc0
e0fa7fc0
e0fb7fc0
e0fc7fc0
e0fd7fc0
e0fe7fc0
e0ff7fc0
e1007fc0
e1017fc0
e1027fc0
e1037fc0
e1047fc0
e1057fc0
e1067fc0
e1077fc0
e1087fc0
e1097fc0
e10a7fc0
e10b7fc0
e10c7fc0
e10d7fc0
e10e7fc0
e10f7fc0
e1107fc0
e1117fc0
e1127fc0
e1137fc0
e1147fc0
e1157fc0
e1167fc0
e1177fc0
e1187fc0
e1197fc0
e11a7fc0
e11b7fc0
e11c7fc0
e11d7fc0
e11e7fc0
e11f7fc0
e1207fc0
e1217fc0
e1227fc0
e1237fc0
e1247fc0
e1257fc0
e1267fc0
e1277fc0
e1287fc0
e1297fc0
e12a7fc0
e12b7fc0
e12c7fc0
e12d7fc0
e12e7fc0
e12f7fc0
e1307fc0
e1317fc0
e1327fc0
e1337fc0
e1347fc0
e1357fc0
e1367fc0
e1377fc0
e1387fc0
e1397fc0
e13a7fc0
e13b7fc0
e13c7fc0
e13d7fc0
e13e7fc0
e13f7fc0
e1407fc0
e1417fc0
e1427fc0
e1437fc0
e1447fc0
e1457fc0
e1467fc0
e1477fc0
e1487fc0
e1497fc0
e14a7fc0
e14b7fc0
e14c7fc0
e14d7fc0
e14e7fc0
e14f7fc0
e1507fc0
e1517fc0
e1527fc0
e1537fc0
e1547fc0
e1557fc0
e1567fc0
e1577fc0
e1587fc0
e1597fc0
e15a7fc0
e15b7fc0
e15c7fc0
e15d7fc0
e15e7fc0
e15f7fc0
e1607fc0
e1617fc0
e1627fc0
e1637fc0
e1647fc0
e1657fc0
e1667fc0
e1677fc0
e1687fc0
e1697fc0
e16a7fc0
e16b7fc0
e16c7fc0
e16d7fc0
e16e7fc0
e16f7fc0
e1707fc0
e1717fc0
e1727fc0
e1737fc0
e1747fc0
e1757fc0
e1767fc0
e1777fc0
e1787fc0
e1797fc0
e17a7fc0
e17b7fc0
e17c7fc0
e17d7fc0
e17e7fc0
e17f7fc0
e1807fc0
e1817fc0
e1827fc0
e1837fc0
e1847fc0
e1857fc0
e1867fc0
e1877fc0
e1887fc0
e1897fc0
e18a7fc0
e18b7fc0
e18c7fc0
e18d7fc0
e18e7fc0
e18f7fc0
e1907fc0
e1917fc0
e1927fc0
e1937fc0
e1947fc0
e1957fc0
e1967fc0
e1977fc0
e1987fc0
e1997fc0
e19a7fc0
e19b7fc0
e19c7fc0
e19d7fc0
e19e7fc0
e19f7fc0
e1a07fc0
e1a17fc0
e1a27fc0
e1a37fc0
e1a47fc0
e1a57fc0
e1a67fc0
e1a77fc0
e1a87fc0
e1a97fc0
e1aa7fc0
e1ab7fc0
e1ac7fc0
e1ad7fc0
e1ae7fc0
e1af7fc0
e1b07fc0
e1b17fc0
e1b27fc0
e1b37fc0
e1b47fc0
e1b57fc0
e1b67fc0
e1b77fc0
e1b87fc0
e1b97fc0
e1ba7fc0
e1bb7fc0
e1bc7fc0
e1bd7fc0
e1be7fc0
e1bf7fc0
e1c07fc0
e1c17fc0
e1c27fc0
e1c37fc0
e1c47fc0
e1c57fc0
e1c67fc0
e1c77fc0
e1c87fc0
e1c97fc0
e1ca7fc0
e1cb7fc0
e1cc7fc0
e1cd7fc0
e1ce7fc0
e1cf7fc0
e1d07fc0
e1d17fc0
e1d27fc0
e1d37fc0
e1d47fc0
e1d57fc0
e1d67fc0
e1d77fc0
e1d87fc0
e1d97fc0
e1da7fc0
e1db7fc0
e1dc7fc0
e1dd7fc0
e1de7fc0
e1df7fc0
e1e07fc0
e1e17fc0
e1e27fc0
e1e37fc0
e1e47fc0
e1e57fc0
e1e67fc0
e1e77fc0
e1e87fc0
e1e97fc0
e1ea7fc0
e1eb7fc0
e1ec7fc0
e1ed7fc0
e1ee7fc0
e1ef7fc0
e1f07fc0
e1f17fc0
e1f27fc0
e1f37fc0
e1f47fc0
e1f57fc0
e1f67fc0
e1f77fc0
e1f87fc0
e1f97fc0
e1fa7fc0
e1fb7fc0
e1fc7fc0
e1fd7fc0
e1fe7fc0
e1ff7fc0
e2007fc0
e2017fc0
e2027fc0
e2037fc0
e2047fc0
e2057fc0
e2067fc0
e2077fc0
e2087fc0
e2097fc0
e20a7fc0
e20b7fc0
e20c7fc0
e20d7fc0
e20e7fc0
e20f7fc0
e2107fc0
e2117fc0
e2127fc0
e2137fc0
e2147fc0
e2157fc0
e2167fc0
e2177fc0
e2187fc0
e2197fc0
e21a7fc0
e21b7fc0
e21c7fc0
e21d7fc0
e21e7fc0
e21f7fc0
e2207fc0
e2217fc0
e2227fc0
e2237fc0
e2247fc0
e2257fc0
e2267fc0
e2277fc0
e2287fc0
e2297fc0
e22a7fc0
e22b7fc0
e22c7fc0
e22d7fc0
e22e7fc0
e22f7fc0
e2307fc0
e2317fc0
e2327fc0
e2337fc0
e2347fc0
e2357fc0
e2367fc0
e2377fc0
e2387fc0
e2397fc0
e23a7fc0
e23b7fc0
e23c7fc0
e23d7fc0
e23e7fc0
e23f7fc0
e2407fc0
e2417fc0
e2427fc0
e2437fc0
e2447fc0
e2457fc0
e2467fc0
e2477fc0
e2487fc0
e2497fc0
e24a7fc0
e24b7fc0
e24c7fc0
e24d7fc0
e24e7fc0
e24f7fc0
e2507fc0
e2517fc0
e2527fc0
e2537fc0
e2547fc0
e2557fc0
e2567fc0
e2577fc0
e2587fc0
e2597fc0
e25a7fc0
e25b7fc0
e25c7fc0
e25d7fc0
e25e7fc0
e25f7fc0
e2607fc0
e2617fc0
e2627fc0
e2637fc0
e2647fc0
e2657fc0
e2667fc0
e2677fc0
e2687fc0
e2697fc0
e26a7fc0
e26b7fc0
e26c7fc0
e26d7fc0
e26e7fc0
e26f7fc0
e2707fc0
e2717fc0
e2727fc0
e2737fc0
e2747fc0
e2757fc0
e2767fc0
e2777fc0
e2787fc0
e2797fc0
e27a7fc0
e27b7fc0
e27c7fc0
e27d7fc0
e27e7fc0
e27f7fc0
e2807fc0
e2817fc0
e2827fc0
e2837fc0
e2847fc0
e2857fc0
e2867fc0
e2877fc0
e2887fc0
e2897fc0
e28a7fc0
e28b7fc0
e28c7fc0
e28d7fc0
e28e7fc0
e28f7fc0
e2907fc0
e2917fc0
e2927fc0
e2937fc0
e2947fc0
e2957fc0
e2967fc0
e2977fc0
e2987fc0
e2997fc0
e29a7fc0
e29b7fc0
e29c7fc0
e29d7fc0
e29e7fc0
e29f7fc0
e2a07fc0
e2a17fc0
e2a27fc0
e2a37fc0
e2a47fc0
e2a57fc0
e2a67fc0
e2a77fc0
e2a87fc0
e2a97fc0
e2aa7fc0
e2ab7fc0
e2ac7fc0
e2ad7fc0
e2ae7fc0
e2af7fc0
e2b07fc0
e2b17fc0
e2b27fc0
e2b37fc0
e2b47fc0
e2b57fc0
e2b67fc0
e2b77fc0
e2b87fc0
e2b97fc0
e2ba7fc0
e2bb7fc0
e2bc7fc0
e2bd7fc0
e2be7fc0
e2bf7fc0
e2c07fc0
e2c17fc0
e2c27fc0
e2c37fc0
e2c47fc0
e2c57fc0
e2c67fc0
e2c77fc0
e2c87fc0
e2c97fc0
e2ca7fc0
e2cb7fc0
e2cc7fc0
e2cd7fc0
e2ce7fc0
e2cf7fc0
e2d07fc0
e2d17fc0
e2d27fc0
e2d37fc0
e2d47fc0
e2d57fc0
e2d67fc0
e2d77fc0
e2d87fc0
e2d97fc0
e2da7fc0
e2db7fc0
e2dc7fc0
e2dd7fc0
e2de7fc0
e2df7fc0
e2e07fc0
e2e17fc0
e2e27fc0
e2e37fc0
e2e47fc0
e2e57fc0
e2e67fc0
e2e77fc0
e2e87fc0
e2e97fc0
e2ea7fc0
e2eb7fc0
e2ec7fc0
e2ed7fc0
e2ee7fc0
e2ef7fc0
e2f07fc0
e2f17fc0
e2f27fc0
e2f37fc0
e2f47fc0
e2f57fc0
e2f67fc0
e2f77fc0
e2f87fc0
e2f97fc0
e2fa7fc0
e2fb7fc0
e2fc7fc0
e2fd7fc0
e2fe7fc0
e2ff7fc0
e3007fc0
e3017fc0
e3027fc0
e3037fc0
e3047fc0
e3057fc0
e3067fc0
e3077fc0
e3087fc0
e3097fc0
e30a7fc0
e30b7fc0
e30c7fc0
e30d7fc0
e30e7fc0
e30f7fc0
e3107fc0
e3117fc0
e3127fc0
e3137fc0
e3147fc0
e3157fc0
e3167fc0
e3177fc0
e3187fc0
e3197fc0
e31a7fc0
e31b7fc0
e31c7fc0
e31d7fc0
e31e7fc0
e31f7fc0
e3207fc0
e3217fc0
e3227fc0
e3237fc0
e3247fc0
e3257fc0
e3267fc0
e3277fc0
e3287fc0
e3297fc0
e32a7fc0
e32b7fc0
e32c7fc0
e32d7fc0
e32e7fc0
e32f7fc0
e3307fc0
e3317fc0
e3327fc0
e3337fc0
e3347fc0
e3357fc0
e3367fc0
e3377fc0
e3387fc0
e3397fc0
e33a7fc0
e33b7fc0
e33c7fc0
e33d7fc0
e33e7fc0
e33f7fc0
e3407fc0
e3417fc0
e3427fc0
e3437fc0
e3447fc0
e3457fc0
e3467fc0
e3477fc0
e3487fc0
e3497fc0
e34a7fc0
e34b7fc0
e34c7fc0
e34d7fc0
e34e7fc0
e34f7fc0
e3507fc0
e3517fc0
e3527fc0
e3537fc0
e3547fc0
e3557fc0
e3567fc0
e3577fc0
e3587fc0
e3597fc0
e35a7fc0
e35b7fc0
e35c7fc0
e35d7fc0
e35e7fc0
e35f7fc0
e3607fc0
e3617fc0
e3627fc0
e3637fc0
e3647fc0
e3657fc0
e3667fc0
e3677fc0
e3687fc0
e3697fc0
e36a7fc0
e36b7fc0
e36c7fc0
e36d7fc0
e36e7fc0
e36f7fc0
e3707fc0
e3717fc0
e3727fc0
e3737fc0
e3747fc0
e3757fc0
e3767fc0
e3777fc0
e3787fc0
e3797fc0
e37a7fc0
e37b7fc0
e37c7fc0
e37d7fc0
e37e7fc0
e37f7fc0
e3807fc0
e3817fc0
e3827fc0
e3837fc0
e3847fc0
e3857fc0
e3867fc0
e3877fc0
e3887fc0
e3897fc0
e38a7fc0
e38b7fc0
e38c7fc0
e38d7fc0
e38e7fc0
e38f7fc0
e3907fc0
e3917fc0
e3927fc0
e3937fc0
e3947fc0
e3957fc0
e3967fc0
e3977fc0
e3987fc0
e3997fc0
e39a7fc0
e39b7fc0
e39c7fc0
e39d7fc0
e39e7fc0
e39f7fc0
e3a07fc0
e3a17fc0
e3a27fc0
e3a37fc0
e3a47fc0
e3a57fc0
e3a67fc0
e3a77fc0
e3a87fc0
e3a97fc0
e3aa7fc0
e3ab7fc0
e3ac7fc0
e3ad7fc0
e3ae7fc0
e3af7fc0
e3b07fc0
e3b17fc0
e3b27fc0
e3b37fc0
e3b47fc0
e3b57fc0
e3b67fc0
e3b77fc0
e3b87fc0
e3b97fc0
e3ba7fc0
e3bb7fc0
e3bc7fc0
e3bd7fc0
e3be7fc0
e3bf7fc0
e3c07fc0
e3c17fc0
e3c27fc0
e3c37fc0
e3c47fc0
e3c57fc0
e3c67fc0
e3c77fc0
e3c87fc0
e3c97fc0
e3ca7fc0
e3cb7fc0
e3cc7fc0
e3cd7fc0
e3ce7fc0
e3cf7fc0
e3d07fc0
e3d17fc0
e3d27fc0
e3d37fc0
e3d47fc0
e3d57fc0
e3d67fc0
e3d77fc0
e3d87fc0
e3d97fc0
e3da7fc0
e3db7fc0
e3dc7fc0
e3dd7fc0
e3de7fc0
e3df7fc0
e3e07fc0
e3e17fc0
e3e27fc0
e3e37fc0
e3e47fc0
e3e57fc0
e3e67fc0
e3e77fc0
e3e87fc0
e3e97fc0
e3ea7fc0
e3eb7fc0
e3ec7fc0
e3ed7fc0
e3ee7fc0
e3ef7fc0
e3f07fc0
e3f17fc0
e3f27fc0
e3f37fc0
e3f47fc0
e3f57fc0
e3f67fc0
e3f77fc0
e3f87fc0
e3f97fc0
e3fa7fc0
e3fb7fc0
e3fc7fc0
e3fd7fc0
e3fe7fc0
e3ff7fc0
e4007fc0
e4017fc0
e4027fc0
e4037fc0
e4047fc0
e4057fc0
e4067fc0
e4077fc0
e4087fc0
e4097fc0
e40a7fc0
e40b7fc0
e40c7fc0
e40d7fc0
e40e7fc0
e40f7fc0
e4107fc0
e4117fc0
e4127fc0
e4137fc0
e4147fc0
e4157fc0
e4167fc0
e4177fc0
e4187fc0
e4197fc0
e41a7fc0
e41b7fc0
e41c7fc0
e41d7fc0
e41e7fc0
e41f7fc0
e4207fc0
e4217fc0
e4227fc0
e4237fc0
e4247fc0
e4257fc0
e4267fc0
e4277fc0
e4287fc0
e4297fc0
e42a7fc0
e42b7fc0
e42c7fc0
e42d7fc0
e42e7fc0
e42f7fc0
e4307fc0
e4317fc0
e4327fc0
e4337fc0
e4347fc0
e4357fc0
e4367fc0
e4377fc0
e4387fc0
e4397fc0
e43a7fc0
e43b7fc0
e43c7fc0
e43d7fc0
e43e7fc0
e43f7fc0
e4407fc0
e4417fc0
e4427fc0
e4437fc0
e4447fc0
e4457fc0
e4467fc0
e4477fc0
e4487fc0
e4497fc0
e44a7fc0
e44b7fc0
e44c7fc0
e44d7fc0
e44e7fc0
e44f7fc0
e4507fc0
e4517fc0
e4527fc0
e4537fc0
e4547fc0
e4557fc0
e4567fc0
e4577fc0
e4587fc0
e4597fc0
e45a7fc0
e45b7fc0
e45c7fc0
e45d7fc0
e45e7fc0
e45f7fc0
e4607fc0
e4617fc0
e4627fc0
e4637fc0
e4647fc0
e4657fc0
e4667fc0
e4677fc0
e4687fc0
e4697fc0
e46a7fc0
e46b7fc0
e46c7fc0
e46d7fc0
e46e7fc0
e46f7fc0
e4707fc0
e4717fc0
e4727fc0
e4737fc0
e4747fc0
e4757fc0
e4767fc0
e4777fc0
e4787fc0
e4797fc0
e47a7fc0
e47b7fc0
e47c7fc0
e47d7fc0
e47e7fc0
e47f7fc0
e4807fc0
e4817fc0
e4827fc0
e4837fc0
e4847fc0
e4857fc0
e4867fc0
e4877fc0
e4887fc0
e4897fc0
e48a7fc0
e48b7fc0
e48c7fc0
e48d7fc0
e48e7fc0
e48f7fc0
e4907fc0
e4917fc0
e4927fc0
e4937fc0
e4947fc0
e4957fc0
e4967fc0
e4977fc0
e4987fc0
e4997fc0
e49a7fc0
e49b7fc0
e49c7fc0
e49d7fc0
e49e7fc0
e49f7fc0
e4a07fc0
e4a17fc0
e4a27fc0
e4a37fc0
e4a47fc0
e4a57fc0
e4a67fc0
e4a77fc0
e4a87fc0
e4a97fc0
e4aa7fc0
e4ab7fc0
e4ac7fc0
e4ad7fc0
e4ae7fc0
e4af7fc0
e4b07fc0
e4b17fc0
e4b27fc0
e4b37fc0
e4b47fc0
e4b57fc0
e4b67fc0
e4b77fc0
e4b87fc0
e4b97fc0
e4ba7fc0
e4bb7fc0
e4bc7fc0
e4bd7fc0
e4be7fc0
e4bf7fc0
e4c07fc0
e4c17fc0
e4c27fc0
e4c37fc0
e4c47fc0
e4c57fc0
e4c67fc0
e4c77fc0
e4c87fc0
e4c97fc0
e4ca7fc0
e4cb7fc0
e4cc7fc0
e4cd7fc0
e4ce7fc0
e4cf7fc0
e4d07fc0
e4d17fc0
e4d27fc0
e4d37fc0
e4d47fc0
e4d57fc0
e4d67fc0
e4d77fc0
e4d87fc0
e4d97fc0
e4da7fc0
e4db7fc0
e4dc7fc0
e4dd7fc0
e4de7fc0
e4df7fc0
e4e07fc0
e4e17fc0
e4e27fc0
e4e37fc0
e4e47fc0
e4e57fc0
e4e67fc0
e4e77fc0
e4e87fc0
e4e97fc0
e4ea7fc0
e4eb7fc0
e4ec7fc0
e4ed7fc0
e4ee7fc0
e4ef7fc0
e4f07fc0
e4f17fc0
e4f27fc0
e4f37fc0
e4f47fc0
e4f57fc0
e4f67fc0
e4f77fc0
e4f87fc0
e4f97fc0
e4fa7fc0
e4fb7fc0
e4fc7fc0
e4fd7fc0
e4fe7fc0
e4ff7fc0
e5007fc0
e5017fc0
e5027fc0
e5037fc0
e5047fc0
e5057fc0
e5067fc0
e5077fc0
e5087fc0
e5097fc0
e50a7fc0
e50b7fc0
e50c7fc0
e50d7fc0
e50e7fc0
e50f7fc0
e5107fc0
e5117fc0
e5127fc0
e5137fc0
e5147fc0
e5157fc0
e5167fc0
e5177fc0
e5187fc0
e5197fc0
e51a7fc0
e51b7fc0
e51c7fc0
e51d7fc0
e51e7fc0
e51f7fc0
e5207fc0
e5217fc0
e5227fc0
e5237fc0
e5247fc0
e5257fc0
e5267fc0
e5277fc0
e5287fc0
e5297fc0
e52a7fc0
e52b7fc0
e52c7fc0
e52d7fc0
e52e7fc0
e52f7fc0
e5307fc0
e5317fc0
e5327fc0
e5337fc0
e5347fc0
e5357fc0
e5367fc0
e5377fc0
e5387fc0
e5397fc0
e53a7fc0
e53b7fc0
e53c7fc0
e53d7fc0
e53e7fc0
e53f7fc0
e5407fc0
e5417fc0
e5427fc0
e5437fc0
e5447fc0
e5457fc0
e5467fc0
e5477fc0
e5487fc0
e5497fc0
e54a7fc0
e54b7fc0
e54c7fc0
e54d7fc0
e54e7fc0
e54f7fc0
e5507fc0
e5517fc0
e5527fc0
e5537fc0
e5547fc0
e5557fc0
e5567fc0
e5577fc0
e5587fc0
e5597fc0
e55a7fc0
e55b7fc0
e55c7fc0
e55d7fc0
e55e7fc0
e55f7fc0
e5607fc0
e5617fc0
e5627fc0
e5637fc0
e5647fc0
e5657fc0
e5667fc0
e5677fc0
e5687fc0
e5697fc0
e56a7fc0
e56b7fc0
e56c7fc0
e56d7fc0
e56e7fc0
e56f7fc0
e5707fc0
e5717fc0
e5727fc0
e5737fc0
e5747fc0
e5757fc0
e5767fc0
e5777fc0
e5787fc0
e5797fc0
e57a7fc0
e57b7fc0
e57c7fc0
e57d7fc0
e57e7fc0
e57f7fc0
e5807fc0
e5817fc0
e5827fc0
e5837fc0
e5847fc0
e5857fc0
e5867fc0
e5877fc0
e5887fc0
e5897fc0
e58a7fc0
e58b7fc0
e58c7fc0
e58d7fc0
e58e7fc0
e58f7fc0
e5907fc0
e5917fc0
e5927fc0
e5937fc0
e5947fc0
e5957fc0
e5967fc0
e5977fc0
e5987fc0
e5997fc0
e59a7fc0
e59b7fc0
e59c7fc0
e59d7fc0
e59e7fc0
e59f7fc0
e5a07fc0
e5a17fc0
e5a27fc0
e5a37fc0
e5a47fc0
e5a57fc0
e5a67fc0
e5a77fc0
e5a87fc0
e5a97fc0
e5aa7fc0
e5ab7fc0
e5ac7fc0
e5ad7fc0
e5ae7fc0
e5af7fc0
e5b07fc0
e5b17fc0
e5b27fc0
e5b37fc0
e5b47fc0
e5b57fc0
e5b67fc0
e5b77fc0
e5b87fc0
e5b97fc0
e5ba7fc0
e5bb7fc0
e5bc7fc0
e5bd7fc0
e5be7fc0
e5bf7fc0
e5c07fc0
e5c17fc0
e5c27fc0
e5c37fc0
e5c47fc0
e5c57fc0
e5c67fc0
e5c77fc0
e5c87fc0
e5c97fc0
e5ca7fc0
e5cb7fc0
e5cc7fc0
e5cd7fc0
e5ce7fc0
e5cf7fc0
e5d07fc0
e5d17fc0
e5d27fc0
e5d37fc0
e5d47fc0
e5d57fc0
e5d67fc0
e5d77fc0
e5d87fc0
e5d97fc0
e5da7fc0
e5db7fc0
e5dc7fc0
e5dd7fc0
e5de7fc0
e5df7fc0
e5e07fc0
e5e17fc0
e5e27fc0
e5e37fc0
e5e47fc0
e5e57fc0
e5e67fc0
e5e77fc0
e5e87fc0
e5e97fc0
e5ea7fc0
e5eb7fc0
e5ec7fc0
e5ed7fc0
e5ee7fc0
e5ef7fc0
e5f07fc0
e5f17fc0
e5f27fc0
e5f37fc0
e5f47fc0
e5f57fc0
e5f67fc0
e5f77fc0
e5f87fc0
e5f97fc0
e5fa7fc0
e5fb7fc0
e5fc7fc0
e5fd7fc0
e5fe7fc0
e5ff7fc0
e6007fc0
e6017fc0
e6027fc0
e6037fc0
e6047fc0
e6057fc0
e6067fc0
e6077fc0
e6087fc0
e6097fc0
e60a7fc0
e60b7fc0
e60c7fc0
e60d7fc0
e60e7fc0
e60f7fc0
e6107fc0
e6117fc0
e6127fc0
e6137fc0
e6147fc0
e6157fc0
e6167fc0
e6177fc0
e6187fc0
e6197fc0
e61a7fc0
e61b7fc0
e61c7fc0
e61d7fc0
e61e7fc0
e61f7fc0
e6207fc0
e6217fc0
e6227fc0
e6237fc0
e6247fc0
e6257fc0
e6267fc0
e6277fc0
e6287fc0
e6297fc0
e62a7fc0
e62b7fc0
e62c7fc0
e62d7fc0
e62e7fc0
e62f7fc0
e6307fc0
e6317fc0
e6327fc0
e6337fc0
e6347fc0
e6357fc0
e6367fc0
e6377fc0
e6387fc0
e6397fc0
e63a7fc0
e63b7fc0
e63c7fc0
e63d7fc0
e63e7fc0
e63f7fc0
e6407fc0
e6417fc0
e6427fc0
e6437fc0
e6447fc0
e6457fc0
e6467fc0
e6477fc0
e6487fc0
e6497fc0
e64a7fc0
e64b7fc0
e64c7fc0
e64d7fc0
e64e7fc0
e64f7fc0
e6507fc0
e6517fc0
e6527fc0
e6537fc0
e6547fc0
e6557fc0
e6567fc0
e6577fc0
e6587fc0
e6597fc0
e65a7fc0
e65b7fc0
e65c7fc0
e65d7fc0
e65e7fc0
e65f7fc0
e6607fc0
e6617fc0
e6627fc0
e6637fc0
e6647fc0
e6657fc0
e6667fc0
e6677fc0
e6687fc0
e6697fc0
e66a7fc0
e66b7fc0
e66c7fc0
e66d7fc0
e66e7fc0
e66f7fc0
e6707fc0
e6717fc0
e6727fc0
e6737fc0
e6747fc0
e6757fc0
e6767fc0
e6777fc0
e6787fc0
e6797fc0
e67a7fc0
e67b7fc0
e67c7fc0
e67d7fc0
e67e7fc0
e67f7fc0
e6807fc0
e6817fc0
e6827fc0
e6837fc0
e6847fc0
e6857fc0
e6867fc0
e6877fc0
e6887fc0
e6897fc0
e68a7fc0
e68b7fc0
e68c7fc0
e68d7fc0
e68e7fc0
e68f7fc0
e6907fc0
e6917fc0
e6927fc0
e6937fc0
e6947fc0
e6957fc0
e6967fc0
e6977fc0
e6987fc0
e6997fc0
e69a7fc0
e69b7fc0
e69c7fc0
e69d7fc0
e69e7fc0
e69f7fc0
e6a07fc0
e6a17fc0
e6a27fc0
e6a37fc0
e6a47fc0
e6a57fc0
e6a67fc0
e6a77fc0
e6a87fc0
e6a97fc0
e6aa7fc0
e6ab7fc0
e6ac7fc0
e6ad7fc0
e6ae7fc0
e6af7fc0
e6b07fc0
e6b17fc0
e6b27fc0
e6b37fc0
e6b47fc0
e6b57fc0
e6b67fc0
e6b77fc0
e6b87fc0
e6b97fc0
e6ba7fc0
e6bb7fc0
e6bc7fc0
e6bd7fc0
e6be7fc0
e6bf7fc0
e6c07fc0
e6c17fc0
e6c27fc0
e6c37fc0
e6c47fc0
e6c57fc0
e6c67fc0
e6c77fc0
e6c87fc0
e6c97fc0
e6ca7fc0
e6cb7fc0
e6cc7fc0
e6cd7fc0
e6ce7fc0
e6cf7fc0
e6d07fc0
e6d17fc0
e6d27fc0
e6d37fc0
e6d47fc0
e6d57fc0
e6d67fc0
e6d77fc0
e6d87fc0
e6d97fc0
e6da7fc0
e6db7fc0
e6dc7fc0
e6dd7fc0
e6de7fc0
e6df7fc0
e6e07fc0
e6e17fc0
e6e27fc0
e6e37fc0
e6e47fc0
e6e57fc0
e6e67fc0
e6e77fc0
e6e87fc0
e6e97fc0
e6ea7fc0
e6eb7fc0
e6ec7fc0
e6ed7fc0
e6ee7fc0
e6ef7fc0
e6f07fc0
e6f17fc0
e6f27fc0
e6f37fc0
e6f47fc0
e6f57fc0
e6f67fc0
e6f77fc0
e6f87fc0
e6f97fc0
e6fa7fc0
e6fb7fc0
e6fc7fc0
e6fd7fc0
e6fe7fc0
e6ff7fc0
e7007fc0
e7017fc0
e7027fc0
e7037fc0
e7047fc0
e7057fc0
e7067fc0
e7077fc0
e7087fc0
e7097fc0
e70a7fc0
e70b7fc0
e70c7fc0
e70d7fc0
e70e7fc0
e70f7fc0
e7107fc0
e7117fc0
e7127fc0
e7137fc0
e7147fc0
e7157fc0
e7167fc0
e7177fc0
e7187fc0
e7197fc0
e71a7fc0
e71b7fc0
e71c7fc0
e71d7fc0
e71e7fc0
e71f7fc0
e7207fc0
e7217fc0
e7227fc0
e7237fc0
e7247fc0
e7257fc0
e7267fc0
e7277fc0
e7287fc0
e7297fc0
e72a7fc0
e72b7fc0
e72c7fc0
e72d7fc0
e72e7fc0
e72f7fc0
e7307fc0
e7317fc0
e7327fc0
e7337fc0
e7347fc0
e7357fc0
e7367fc0
e7377fc0
e7387fc0
e7397fc0
e73a7fc0
e73b7fc0
e73c7fc0
e73d7fc0
e73e7fc0
e73f7fc0
e7407fc0
e7417fc0
e7427fc0
e7437fc0
e7447fc0
e7457fc0
e7467fc0
e7477fc0
e7487fc0
e7497fc0
e74a7fc0
e74b7fc0
e74c7fc0
e74d7fc0
e74e7fc0
e74f7fc0
e7507fc0
e7517fc0
e7527fc0
e7537fc0
e7547fc0
e7557fc0
e7567fc0
e7577fc0
e7587fc0
e7597fc0
e75a7fc0
e75b7fc0
e75c7fc0
e75d7fc0
e75e7fc0
e75f7fc0
e7607fc0
e7617fc0
e7627fc0
e7637fc0
e7647fc0
e7657fc0
e7667fc0
e7677fc0
e7687fc0
e7697fc0
e76a7fc0
e76b7fc0
e76c7fc0
e76d7fc0
e76e7fc0
e76f7fc0
e7707fc0
e7717fc0
e7727fc0
e7737fc0
e7747fc0
e7757fc0
e7767fc0
e7777fc0
e7787fc0
e7797fc0
e77a7fc0
e77b7fc0
e77c7fc0
e77d7fc0
e77e7fc0
e77f7fc0
e7807fc0
e7817fc0
e7827fc0
e7837fc0
e7847fc0
e7857fc0
e7867fc0
e7877fc0
e7887fc0
e7897fc0
e78a7fc0
e78b7fc0
e78c7fc0
e78d7fc0
e78e7fc0
e78f7fc0
e7907fc0
e7917fc0
e7927fc0
e7937fc0
e7947fc0
e7957fc0
e7967fc0
e7977fc0
e7987fc0
e7997fc0
e79a7fc0
e79b7fc0
e79c7fc0
e79d7fc0
e79e7fc0
e79f7fc0
e7a07fc0
e7a17fc0
e7a27fc0
e7a37fc0
e7a47fc0
e7a57fc0
e7a67fc0
e7a77fc0
e7a87fc0
e7a97fc0
e7aa7fc0
e7ab7fc0
e7ac7fc0
e7ad7fc0
e7ae7fc0
e7af7fc0
e7b07fc0
e7b17fc0
e7b27fc0
e7b37fc0
e7b47fc0
e7b57fc0
e7b67fc0
e7b77fc0
e7b87fc0
e7b97fc0
e7ba7fc0
e7bb7fc0
e7bc7fc0
e7bd7fc0
e7be7fc0
e7bf7fc0
e7c07fc0
e7c17fc0
e7c27fc0
e7c37fc0
e7c47fc0
e7c57fc0
e7c67fc0
e7c77fc0
e7c87fc0
e7c97fc0
e7ca7fc0
e7cb7fc0
e7cc7fc0
e7cd7fc0
e7ce7fc0
e7cf7fc0
e7d07fc0
e7d17fc0
e7d27fc0
e7d37fc0
e7d47fc0
e7d57fc0
e7d67fc0
e7d77fc0
e7d87fc0
e7d97fc0
e7da7fc0
e7db7fc0
e7dc7fc0
e7dd7fc0
e7de7fc0
e7df7fc0
e7e07fc0
e7e17fc0
e7e27fc0
e7e37fc0
e7e47fc0
e7e57fc0
e7e67fc0
e7e77fc0
e7e87fc0
e7e97fc0
e7ea7fc0
e7eb7fc0
e7ec7fc0
e7ed7fc0
e7ee7fc0
e7ef7fc0
e7f07fc0
e7f17fc0
e7f27fc0
e7f37fc0
e7f47fc0
e7f57fc0
e7f67fc0
e7f77fc0
e7f87fc0
e7f97fc0
e7fa7fc0
e7fb7fc0
e7fc7fc0
e7fd7fc0
e7fe7fc0
e7ff7fc0
e8007fc0
e8017fc0
e8027fc0
e8037fc0
e8047fc0
e8057fc0
e8067fc0
e8077fc0
e8087fc0
e8097fc0
e80a7fc0
e80b7fc0
e80c7fc0
e80d7fc0
e80e7fc0
e80f7fc0
e8107fc0
e8117fc0
e8127fc0
e8137fc0
e8147fc0
e8157fc0
e8167fc0
e8177fc0
e8187fc0
e8197fc0
e81a7fc0
e81b7fc0
e81c7fc0
e81d7fc0
e81e7fc0
e81f7fc0
e8207fc0
e8217fc0
e8227fc0
e8237fc0
e8247fc0
e8257fc0
e8267fc0
e8277fc0
e8287fc0
e8297fc0
e82a7fc0
e82b7fc0
e82c7fc0
e82d7fc0
e82e7fc0
e82f7fc0
e8307fc0
e8317fc0
e8327fc0
e8337fc0
e8347fc0
e8357fc0
e8367fc0
e8377fc0
e8387fc0
e8397fc0
e83a7fc0
e83b7fc0
e83c7fc0
e83d7fc0
e83e7fc0
e83f7fc0
e8407fc0
e8417fc0
e8427fc0
e8437fc0
e8447fc0
e8457fc0
e8467fc0
e8477fc0
e8487fc0
e8497fc0
e84a7fc0
e84b7fc0
e84c7fc0
e84d7fc0
e84e7fc0
e84f7fc0
e8507fc0
e8517fc0
e8527fc0
e8537fc0
e8547fc0
e8557fc0
e8567fc0
e8577fc0
e8587fc0
e8597fc0
e85a7fc0
e85b7fc0
e85c7fc0
e85d7fc0
e85e7fc0
e85f7fc0
e8607fc0
e8617fc0
e8627fc0
e8637fc0
e8647fc0
e8657fc0
e8667fc0
e8677fc0
e8687fc0
e8697fc0
e86a7fc0
e86b7fc0
e86c7fc0
e86d7fc0
e86e7fc0
e86f7fc0
e8707fc0
e8717fc0
e8727fc0
e8737fc0
e8747fc0
e8757fc0
e8767fc0
e8777fc0
e8787fc0
e8797fc0
e87a7fc0
e87b7fc0
e87c7fc0
e87d7fc0
e87e7fc0
e87f7fc0
e8807fc0
e8817fc0
e8827fc0
e8837fc0
e8847fc0
e8857fc0
e8867fc0
e8877fc0
e8887fc0
e8897fc0
e88a7fc0
e88b7fc0
e88c7fc0
e88d7fc0
e88e7fc0
e88f7fc0
e8907fc0
e8917fc0
e8927fc0
e8937fc0
e8947fc0
e8957fc0
e8967fc0
e8977fc0
e8987fc0
e8997fc0
e89a7fc0
e89b7fc0
e89c7fc0
e89d7fc0
e89e7fc0
e89f7fc0
e8a07fc0
e8a17fc0
e8a27fc0
e8a37fc0
e8a47fc0
e8a57fc0
e8a67fc0
e8a77fc0
e8a87fc0
e8a97fc0
e8aa7fc0
e8ab7fc0
e8ac7fc0
e8ad7fc0
e8ae7fc0
e8af7fc0
e8b07fc0
e8b17fc0
e8b27fc0
e8b37fc0
e8b47fc0
e8b57fc0
e8b67fc0
e8b77fc0
e8b87fc0
e8b97fc0
e8ba7fc0
e8bb7fc0
e8bc7fc0
e8bd7fc0
e8be7fc0
e8bf7fc0
e8c07fc0
e8c17fc0
e8c27fc0
e8c37fc0
e8c47fc0
e8c57fc0
e8c67fc0
e8c77fc0
e8c87fc0
e8c97fc0
e8ca7fc0
e8cb7fc0
e8cc7fc0
e8cd7fc0
e8ce7fc0
e8cf7fc0
e8d07fc0
e8d17fc0
e8d27fc0
e8d37fc0
e8d47fc0
e8d57fc0
e8d67fc0
e8d77fc0
e8d87fc0
e8d97fc0
e8da7fc0
e8db7fc0
e8dc7fc0
e8dd7fc0
e8de7fc0
e8df7fc0
e8e07fc0
e8e17fc0
e8e27fc0
e8e37fc0
e8e47fc0
e8e57fc0
e8e67fc0
e8e77fc0
e8e87fc0
e8e97fc0
e8ea7fc0
e8eb7fc0
e8ec7fc0
e8ed7fc0
e8ee7fc0
e8ef7fc0
e8f07fc0
e8f17fc0
e8f27fc0
e8f37fc0
e8f47fc0
e8f57fc0
e8f67fc0
e8f77fc0
e8f87fc0
e8f97fc0
e8fa7fc0
e8fb7fc0
e8fc7fc0
e8fd7fc0
e8fe7fc0
e8ff7fc0
e9007fc0
e9017fc0
e9027fc0
e9037fc0
e9047fc0
e9057fc0
e9067fc0
e9077fc0
e9087fc0
e9097fc0
e90a7fc0
e90b7fc0
e90c7fc0
e90d7fc0
e90e7fc0
e90f7fc0
e9107fc0
e9117fc0
e9127fc0
e9137fc0
e9147fc0
e9157fc0
e9167fc0
e9177fc0
e9187fc0
e9197fc0
e91a7fc0
e91b7fc0
e91c7fc0
e91d7fc0
e91e7fc0
e91f7fc0
e9207fc0
e9217fc0
e9227fc0
e9237fc0
e9247fc0
e9257fc0
e9267fc0
e9277fc0
e9287fc0
e9297fc0
e92a7fc0
e92b7fc0
e92c7fc0
e92d7fc0
e92e7fc0
e92f7fc0
e9307fc0
e9317fc0
e9327fc0
e9337fc0
e9347fc0
e9357fc0
e9367fc0
e9377fc0
e9387fc0
e9397fc0
e93a7fc0
e93b7fc0
e93c7fc0
e93d7fc0
e93e7fc0
e93f7fc0
e9407fc0
e9417fc0
e9427fc0
e9437fc0
e9447fc0
e9457fc0
e9467fc0
e9477fc0
e9487fc0
e9497fc0
e94a7fc0
e94b7fc0
e94c7fc0
e94d7fc0
e94e7fc0
e94f7fc0
e9507fc0
e9517fc0
e9527fc0
e9537fc0
e9547fc0
e9557fc0
e9567fc0
e9577fc0
e9587fc0
e9597fc0
e95a7fc0
e95b7fc0
e95c7fc0
e95d7fc0
e95e7fc0
e95f7fc0
e9607fc0
e9617fc0
e9627fc0
e9637fc0
e9647fc0
e9657fc0
e9667fc0
e9677fc0
e9687fc0
e9697fc0
e96a7fc0
e96b7fc0
e96c7fc0
e96d7fc0
e96e7fc0
e96f7fc0
e9707fc0
e9717fc0
e9727fc0
e9737fc0
e9747fc0
e9757fc0
e9767fc0
e9777fc0
e9787fc0
e9797fc0
e97a7fc0
e97b7fc0
e97c7fc0
e97d7fc0
e97e7fc0
e97f7fc0
e9807fc0
e9817fc0
e9827fc0
e9837fc0
e9847fc0
e9857fc0
e9867fc0
e9877fc0
e9887fc0
e9897fc0
e98a7fc0
e98b7fc0
e98c7fc0
e98d7fc0
e98e7fc0
e98f7fc0
e9907fc0
e9917fc0
e9927fc0
e9937fc0
e9947fc0
e9957fc0
e9967fc0
e9977fc0
e9987fc0
e9997fc0
e99a7fc0
e99b7fc0
e99c7fc0
e99d7fc0
e99e7fc0
e99f7fc0
e9a07fc0
e9a17fc0
e9a27fc0
e9a37fc0
e9a47fc0
e9a57fc0
e9a67fc0
e9a77fc0
e9a87fc0
e9a97fc0
e9aa7fc0
e9ab7fc0
e9ac7fc0
e9ad7fc0
e9ae7fc0
e9af7fc0
e9b07fc0
e9b17fc0
e9b27fc0
e9b37fc0
e9b47fc0
e9b57fc0
e9b67fc0
e9b77fc0
e9b87fc0
e9b97fc0
e9ba7fc0
e9bb7fc0
e9bc7fc0
e9bd7fc0
e9be7fc0
e9bf7fc0
e9c07fc0
e9c17fc0
e9c27fc0
e9c37fc0
e9c47fc0
e9c57fc0
e9c67fc0
e9c77fc0
e9c87fc0
e9c97fc0
e9ca7fc0
e9cb7fc0
e9cc7fc0
e9cd7fc0
e9ce7fc0
e9cf7fc0
e9d07fc0
e9d17fc0
e9d27fc0
e9d37fc0
e9d47fc0
e9d57fc0
e9d67fc0
e9d77fc0
e9d87fc0
e9d97fc0
e9da7fc0
e9db7fc0
e9dc7fc0
e9dd7fc0
e9de7fc0
e9df7fc0
e9e07fc0
e9e17fc0
e9e27fc0
e9e37fc0
e9e47fc0
e9e57fc0
e9e67fc0
e9e77fc0
e9e87fc0
e9e97fc0
e9ea7fc0
e9eb7fc0
e9ec7fc0
e9ed7fc0
e9ee7fc0
e9ef7fc0
e9f07fc0
e9f17fc0
e9f27fc0
e9f37fc0
e9f47fc0
e9f57fc0
e9f67fc0
e9f77fc0
e9f87fc0
e9f97fc0
e9fa7fc0
e9fb7fc0
e9fc7fc0
e9fd7fc0
e9fe7fc0
e9ff7fc0
ea007fc0
ea017fc0
ea027fc0
ea037fc0
ea047fc0
ea057fc0
ea067fc0
ea077fc0
ea087fc0
ea097fc0
ea0a7fc0
ea0b7fc0
ea0c7fc0
ea0d7fc0
ea0e7fc0
ea0f7fc0
ea107fc0
ea117fc0
ea127fc0
ea137fc0
ea147fc0
ea157fc0
ea167fc0
ea177fc0
ea187fc0
ea197fc0
ea1a7fc0
ea1b7fc0
ea1c7fc0
ea1d7fc0
ea1e7fc0
ea1f7fc0
ea207fc0
ea217fc0
ea227fc0
ea237fc0
ea247fc0
ea257fc0
ea267fc0
ea277fc0
ea287fc0
ea297fc0
ea2a7fc0
ea2b7fc0
ea2c7fc0
ea2d7fc0
ea2e7fc0
ea2f7fc0
ea307fc0
ea317fc0
ea327fc0
ea337fc0
ea347fc0
ea357fc0
ea367fc0
ea377fc0
ea387fc0
ea397fc0
ea3a7fc0
ea3b7fc0
ea3c7fc0
ea3d7fc0
ea3e7fc0
ea3f7fc0
ea407fc0
ea417fc0
ea427fc0
ea437fc0
ea447fc0
ea457fc0
ea467fc0
ea477fc0
ea487fc0
ea497fc0
ea4a7fc0
ea4b7fc0
ea4c7fc0
ea4d7fc0
ea4e7fc0
ea4f7fc0
ea507fc0
ea517fc0
ea527fc0
ea537fc0
ea547fc0
ea557fc0
ea567fc0
ea577fc0
ea587fc0
ea597fc0
ea5a7fc0
ea5b7fc0
ea5c7fc0
ea5d7fc0
ea5e7fc0
ea5f7fc0
ea607fc0
ea617fc0
ea627fc0
ea637fc0
ea647fc0
ea657fc0
ea667fc0
ea677fc0
ea687fc0
ea697fc0
ea6a7fc0
ea6b7fc0
ea6c7fc0
ea6d7fc0
ea6e7fc0
ea6f7fc0
ea707fc0
ea717fc0
ea727fc0
ea737fc0
ea747fc0
ea757fc0
ea767fc0
ea777fc0
ea787fc0
ea797fc0
ea7a7fc0
ea7b7fc0
ea7c7fc0
ea7d7fc0
ea7e7fc0
ea7f7fc0
ea807fc0
ea817fc0
ea827fc0
ea837fc0
ea847fc0
ea857fc0
ea867fc0
ea877fc0
ea887fc0
ea897fc0
ea8a7fc0
ea8b7fc0
ea8c7fc0
ea8d7fc0
ea8e7fc0
ea8f7fc0
ea907fc0
ea917fc0
ea927fc0
ea937fc0
ea947fc0
ea957fc0
ea967fc0
ea977fc0
ea987fc0
ea997fc0
ea9a7fc0
ea9b7fc0
ea9c7fc0
ea9d7fc0
ea9e7fc0
ea9f7fc0
eaa07fc0
eaa17fc0
eaa27fc0
eaa37fc0
eaa47fc0
eaa57fc0
eaa67fc0
eaa77fc0
eaa87fc0
eaa97fc0
eaaa7fc0
eaab7fc0
eaac7fc0
eaad7fc0
eaae7fc0
eaaf7fc0
eab07fc0
eab17fc0
eab27fc0
eab37fc0
eab47fc0
eab57fc0
eab67fc0
eab77fc0
eab87fc0
eab97fc0
eaba7fc0
eabb7fc0
eabc7fc0
eabd7fc0
eabe7fc0
eabf7fc0
eac07fc0
eac17fc0
eac27fc0
eac37fc0
eac47fc0
eac57fc0
eac67fc0
eac77fc0
eac87fc0
eac97fc0
eaca7fc0
eacb7fc0
eacc7fc0
eacd7fc0
eace7fc0
eacf7fc0
ead07fc0
ead17fc0
ead27fc0
ead37fc0
ead47fc0
ead57fc0
ead67fc0
ead77fc0
ead87fc0
ead97fc0
eada7fc0
eadb7fc0
eadc7fc0
eadd7fc0
eade7fc0
eadf7fc0
eae07fc0
eae17fc0
eae27fc0
eae37fc0
eae47fc0
eae57fc0
eae67fc0
eae77fc0
eae87fc0
eae97fc0
eaea7fc0
eaeb7fc0
eaec7fc0
eaed7fc0
eaee7fc0
eaef7fc0
eaf07fc0
eaf17fc0
eaf27fc0
eaf37fc0
eaf47fc0
eaf57fc0
eaf67fc0
eaf77fc0
eaf87fc0
eaf97fc0
eafa7fc0
eafb7fc0
eafc7fc0
eafd7fc0
eafe7fc0
eaff7fc0
eb007fc0
eb017fc0
eb027fc0
eb037fc0
eb047fc0
eb057fc0
eb067fc0
eb077fc0
eb087fc0
eb097fc0
eb0a7fc0
eb0b7fc0
eb0c7fc0
eb0d7fc0
eb0e7fc0
eb0f7fc0
eb107fc0
eb117fc0
eb127fc0
eb137fc0
eb147fc0
eb157fc0
eb167fc0
eb177fc0
eb187fc0
eb197fc0
eb1a7fc0
eb1b7fc0
eb1c7fc0
eb1d7fc0
eb1e7fc0
eb1f7fc0
eb207fc0
eb217fc0
eb227fc0
eb237fc0
eb247fc0
eb257fc0
eb267fc0
eb277fc0
eb287fc0
eb297fc0
eb2a7fc0
eb2b7fc0
eb2c7fc0
eb2d7fc0
eb2e7fc0
eb2f7fc0
eb307fc0
eb317fc0
eb327fc0
eb337fc0
eb347fc0
eb357fc0
eb367fc0
eb377fc0
eb387fc0
eb397fc0
eb3a7fc0
eb3b7fc0
eb3c7fc0
eb3d7fc0
eb3e7fc0
eb3f7fc0
eb407fc0
eb417fc0
eb427fc0
eb437fc0
eb447fc0
eb457fc0
eb467fc0
eb477fc0
eb487fc0
eb497fc0
eb4a7fc0
eb4b7fc0
eb4c7fc0
eb4d7fc0
eb4e7fc0
eb4f7fc0
eb507fc0
eb517fc0
eb527fc0
eb537fc0
eb547fc0
eb557fc0
eb567fc0
eb577fc0
eb587fc0
eb597fc0
eb5a7fc0
eb5b7fc0
eb5c7fc0
eb5d7fc0
eb5e7fc0
eb5f7fc0
eb607fc0
eb617fc0
eb627fc0
eb637fc0
eb647fc0
eb657fc0
eb667fc0
eb677fc0
eb687fc0
eb697fc0
eb6a7fc0
eb6b7fc0
eb6c7fc0
eb6d7fc0
eb6e7fc0
eb6f7fc0
eb707fc0
eb717fc0
eb727fc0
eb737fc0
eb747fc0
eb757fc0
eb767fc0
eb777fc0
eb787fc0
eb797fc0
eb7a7fc0
eb7b7fc0
eb7c7fc0
eb7d7fc0
eb7e7fc0
eb7f7fc0
eb807fc0
eb817fc0
eb827fc0
eb837fc0
eb847fc0
eb857fc0
eb867fc0
eb877fc0
eb887fc0
eb897fc0
eb8a7fc0
eb8b7fc0
eb8c7fc0
eb8d7fc0
eb8e7fc0
eb8f7fc0
eb907fc0
eb917fc0
eb927fc0
eb937fc0
eb947fc0
eb957fc0
eb967fc0
eb977fc0
eb987fc0
eb997fc0
eb9a7fc0
eb9b7fc0
eb9c7fc0
eb9d7fc0
eb9e7fc0
eb9f7fc0
eba07fc0
eba17fc0
eba27fc0
eba37fc0
eba47fc0
eba57fc0
eba67fc0
eba77fc0
eba87fc0
eba97fc0
ebaa7fc0
ebab7fc0
ebac7fc0
ebad7fc0
ebae7fc0
ebaf7fc0
ebb07fc0
ebb17fc0
ebb27fc0
ebb37fc0
ebb47fc0
ebb57fc0
ebb67fc0
ebb77fc0
ebb87fc0
ebb97fc0
ebba7fc0
ebbb7fc0
ebbc7fc0
ebbd7fc0
ebbe7fc0
ebbf7fc0
ebc07fc0
ebc17fc0
ebc27fc0
ebc37fc0
ebc47fc0
ebc57fc0
ebc67fc0
ebc77fc0
ebc87fc0
ebc97fc0
ebca7fc0
ebcb7fc0
ebcc7fc0
ebcd7fc0
ebce7fc0
ebcf7fc0
ebd07fc0
ebd17fc0
ebd27fc0
ebd37fc0
ebd47fc0
ebd57fc0
ebd67fc0
ebd77fc0
ebd87fc0
ebd97fc0
ebda7fc0
ebdb7fc0
ebdc7fc0
ebdd7fc0
ebde7fc0
ebdf7fc0
ebe07fc0
ebe17fc0
ebe27fc0
ebe37fc0
ebe47fc0
ebe57fc0
ebe67fc0
ebe77fc0
ebe87fc0
ebe97fc0
ebea7fc0
ebeb7fc0
ebec7fc0
ebed7fc0
ebee7fc0
ebef7fc0
ebf07fc0
ebf17fc0
ebf27fc0
ebf37fc0
ebf47fc0
ebf57fc0
ebf67fc0
ebf77fc0
ebf87fc0
ebf97fc0
ebfa7fc0
ebfb7fc0
ebfc7fc0
ebfd7fc0
ebfe7fc0
ebff7fc0
ec007fc0
ec017fc0
ec027fc0
ec037fc0
ec047fc0
ec057fc0
ec067fc0
ec077fc0
ec087fc0
ec097fc0
ec0a7fc0
ec0b7fc0
ec0c7fc0
ec0d7fc0
ec0e7fc0
ec0f7fc0
ec107fc0
ec117fc0
ec127fc0
ec137fc0
ec147fc0
ec157fc0
ec167fc0
ec177fc0
ec187fc0
ec197fc0
ec1a7fc0
ec1b7fc0
ec1c7fc0
ec1d7fc0
ec1e7fc0
ec1f7fc0
ec207fc0
ec217fc0
ec227fc0
ec237fc0
ec247fc0
ec257fc0
ec267fc0
ec277fc0
ec287fc0
ec297fc0
ec2a7fc0
ec2b7fc0
ec2c7fc0
ec2d7fc0
ec2e7fc0
ec2f7fc0
ec307fc0
ec317fc0
ec327fc0
ec337fc0
ec347fc0
ec357fc0
ec367fc0
ec377fc0
ec387fc0
ec397fc0
ec3a7fc0
ec3b7fc0
ec3c7fc0
ec3d7fc0
ec3e7fc0
ec3f7fc0
ec407fc0
ec417fc0
ec427fc0
ec437fc0
ec447fc0
ec457fc0
ec467fc0
ec477fc0
ec487fc0
ec497fc0
ec4a7fc0
ec4b7fc0
ec4c7fc0
ec4d7fc0
ec4e7fc0
ec4f7fc0
ec507fc0
ec517fc0
ec527fc0
ec537fc0
ec547fc0
ec557fc0
ec567fc0
ec577fc0
ec587fc0
ec597fc0
ec5a7fc0
ec5b7fc0
ec5c7fc0
ec5d7fc0
ec5e7fc0
ec5f7fc0
ec607fc0
ec617fc0
ec627fc0
ec637fc0
ec647fc0
ec657fc0
ec667fc0
ec677fc0
ec687fc0
ec697fc0
ec6a7fc0
ec6b7fc0
ec6c7fc0
ec6d7fc0
ec6e7fc0
ec6f7fc0
ec707fc0
ec717fc0
ec727fc0
ec737fc0
ec747fc0
ec757fc0
ec767fc0
ec777fc0
ec787fc0
ec797fc0
ec7a7fc0
ec7b7fc0
ec7c7fc0
ec7d7fc0
ec7e7fc0
ec7f7fc0
ec807fc0
ec817fc0
ec827fc0
ec837fc0
ec847fc0
ec857fc0
ec867fc0
ec877fc0
ec887fc0
ec897fc0
ec8a7fc0
ec8b7fc0
ec8c7fc0
ec8d7fc0
ec8e7fc0
ec8f7fc0
ec907fc0
ec917fc0
ec927fc0
ec937fc0
ec947fc0
ec957fc0
ec967fc0
ec977fc0
ec987fc0
ec997fc0
ec9a7fc0
ec9b7fc0
ec9c7fc0
ec9d7fc0
ec9e7fc0
ec9f7fc0
eca07fc0
eca17fc0
eca27fc0
eca37fc0
eca47fc0
eca57fc0
eca67fc0
eca77fc0
eca87fc0
eca97fc0
ecaa7fc0
ecab7fc0
ecac7fc0
ecad7fc0
ecae7fc0
ecaf7fc0
ecb07fc0
ecb17fc0
ecb27fc0
ecb37fc0
ecb47fc0
ecb57fc0
ecb67fc0
ecb77fc0
ecb87fc0
ecb97fc0
ecba7fc0
ecbb7fc0
ecbc7fc0
ecbd7fc0
ecbe7fc0
ecbf7fc0
ecc07fc0
ecc17fc0
ecc27fc0
ecc37fc0
ecc47fc0
ecc57fc0
ecc67fc0
ecc77fc0
ecc87fc0
ecc97fc0
ecca7fc0
eccb7fc0
eccc7fc0
eccd7fc0
ecce7fc0
eccf7fc0
ecd07fc0
ecd17fc0
ecd27fc0
ecd37fc0
ecd47fc0
ecd57fc0
ecd67fc0
ecd77fc0
ecd87fc0
ecd97fc0
ecda7fc0
ecdb7fc0
ecdc7fc0
ecdd7fc0
ecde7fc0
ecdf7fc0
ece07fc0
ece17fc0
ece27fc0
ece37fc0
ece47fc0
ece57fc0
ece67fc0
ece77fc0
ece87fc0
ece97fc0
ecea7fc0
eceb7fc0
ecec7fc0
eced7fc0
ecee7fc0
ecef7fc0
ecf07fc0
ecf17fc0
ecf27fc0
ecf37fc0
ecf47fc0
ecf57fc0
ecf67fc0
ecf77fc0
ecf87fc0
ecf97fc0
ecfa7fc0
ecfb7fc0
ecfc7fc0
ecfd7fc0
ecfe7fc0
ecff7fc0
ed007fc0
ed017fc0
ed027fc0
ed037fc0
ed047fc0
ed057fc0
ed067fc0
ed077fc0
ed087fc0
ed097fc0
ed0a7fc0
ed0b7fc0
ed0c7fc0
ed0d7fc0
ed0e7fc0
ed0f7fc0
ed107fc0
ed117fc0
ed127fc0
ed137fc0
ed147fc0
ed157fc0
ed167fc0
ed177fc0
ed187fc0
ed197fc0
ed1a7fc0
ed1b7fc0
ed1c7fc0
ed1d7fc0
ed1e7fc0
ed1f7fc0
ed207fc0
ed217fc0
ed227fc0
ed237fc0
ed247fc0
ed257fc0
ed267fc0
ed277fc0
ed287fc0
ed297fc0
ed2a7fc0
ed2b7fc0
ed2c7fc0
ed2d7fc0
ed2e7fc0
ed2f7fc0
ed307fc0
ed317fc0
ed327fc0
ed337fc0
ed347fc0
ed357fc0
ed367fc0
ed377fc0
ed387fc0
ed397fc0
ed3a7fc0
ed3b7fc0
ed3c7fc0
ed3d7fc0
ed3e7fc0
ed3f7fc0
ed407fc0
ed417fc0
ed427fc0
ed437fc0
ed447fc0
ed457fc0
ed467fc0
ed477fc0
ed487fc0
ed497fc0
ed4a7fc0
ed4b7fc0
ed4c7fc0
ed4d7fc0
ed4e7fc0
ed4f7fc0
ed507fc0
ed517fc0
ed527fc0
ed537fc0
ed547fc0
ed557fc0
ed567fc0
ed577fc0
ed587fc0
ed597fc0
ed5a7fc0
ed5b7fc0
ed5c7fc0
ed5d7fc0
ed5e7fc0
ed5f7fc0
ed607fc0
ed617fc0
ed627fc0
ed637fc0
ed647fc0
ed657fc0
ed667fc0
ed677fc0
ed687fc0
ed697fc0
ed6a7fc0
ed6b7fc0
ed6c7fc0
ed6d7fc0
ed6e7fc0
ed6f7fc0
ed707fc0
ed717fc0
ed727fc0
ed737fc0
ed747fc0
ed757fc0
ed767fc0
ed777fc0
ed787fc0
ed797fc0
ed7a7fc0
ed7b7fc0
ed7c7fc0
ed7d7fc0
ed7e7fc0
ed7f7fc0
ed807fc0
ed817fc0
ed827fc0
ed837fc0
ed847fc0
ed857fc0
ed867fc0
ed877fc0
ed887fc0
ed897fc0
ed8a7fc0
ed8b7fc0
ed8c7fc0
ed8d7fc0
ed8e7fc0
ed8f7fc0
ed907fc0
ed917fc0
ed927fc0
ed937fc0
ed947fc0
ed957fc0
ed967fc0
ed977fc0
ed987fc0
ed997fc0
ed9a7fc0
ed9b7fc0
ed9c7fc0
ed9d7fc0
ed9e7fc0
ed9f7fc0
eda07fc0
eda17fc0
eda27fc0
eda37fc0
eda47fc0
eda57fc0
eda67fc0
eda77fc0
eda87fc0
eda97fc0
edaa7fc0
edab7fc0
edac7fc0
edad7fc0
edae7fc0
edaf7fc0
edb07fc0
edb17fc0
edb27fc0
edb37fc0
edb47fc0
edb57fc0
edb67fc0
edb77fc0
edb87fc0
edb97fc0
edba7fc0
edbb7fc0
edbc7fc0
edbd7fc0
edbe7fc0
edbf7fc0
edc07fc0
edc17fc0
edc27fc0
edc37fc0
edc47fc0
edc57fc0
edc67fc0
edc77fc0
edc87fc0
edc97fc0
edca7fc0
edcb7fc0
edcc7fc0
edcd7fc0
edce7fc0
edcf7fc0
edd07fc0
edd17fc0
edd27fc0
edd37fc0
edd47fc0
edd57fc0
edd67fc0
edd77fc0
edd87fc0
edd97fc0
edda7fc0
eddb7fc0
eddc7fc0
eddd7fc0
edde7fc0
eddf7fc0
ede07fc0
ede17fc0
ede27fc0
ede37fc0
ede47fc0
ede57fc0
ede67fc0
ede77fc0
ede87fc0
ede97fc0
edea7fc0
edeb7fc0
edec7fc0
eded7fc0
edee7fc0
edef7fc0
edf07fc0
edf17fc0
edf27fc0
edf37fc0
edf47fc0
edf57fc0
edf67fc0
edf77fc0
edf87fc0
edf97fc0
edfa7fc0
edfb7fc0
edfc7fc0
edfd7fc0
edfe7fc0
edff7fc0
ee007fc0
ee017fc0
ee027fc0
ee037fc0
ee047fc0
ee057fc0
ee067fc0
ee077fc0
ee087fc0
ee097fc0
ee0a7fc0
ee0b7fc0
ee0c7fc0
ee0d7fc0
ee0e7fc0
ee0f7fc0
ee107fc0
ee117fc0
ee127fc0
ee137fc0
ee147fc0
ee157fc0
ee167fc0
ee177fc0
ee187fc0
ee197fc0
ee1a7fc0
ee1b7fc0
ee1c7fc0
ee1d7fc0
ee1e7fc0
ee1f7fc0
ee207fc0
ee217fc0
ee227fc0
ee237fc0
ee247fc0
ee257fc0
ee267fc0
ee277fc0
ee287fc0
ee297fc0
ee2a7fc0
ee2b7fc0
ee2c7fc0
ee2d7fc0
ee2e7fc0
ee2f7fc0
ee307fc0
ee317fc0
ee327fc0
ee337fc0
ee347fc0
ee357fc0
ee367fc0
ee377fc0
ee387fc0
ee397fc0
ee3a7fc0
ee3b7fc0
ee3c7fc0
ee3d7fc0
ee3e7fc0
ee3f7fc0
ee407fc0
ee417fc0
ee427fc0
ee437fc0
ee447fc0
ee457fc0
ee467fc0
ee477fc0
ee487fc0
ee497fc0
ee4a7fc0
ee4b7fc0
ee4c7fc0
ee4d7fc0
ee4e7fc0
ee4f7fc0
ee507fc0
ee517fc0
ee527fc0
ee537fc0
ee547fc0
ee557fc0
ee567fc0
ee577fc0
ee587fc0
ee597fc0
ee5a7fc0
ee5b7fc0
ee5c7fc0
ee5d7fc0
ee5e7fc0
ee5f7fc0
ee607fc0
ee617fc0
ee627fc0
ee637fc0
ee647fc0
ee657fc0
ee667fc0
ee677fc0
ee687fc0
ee697fc0
ee6a7fc0
ee6b7fc0
ee6c7fc0
ee6d7fc0
ee6e7fc0
ee6f7fc0
ee707fc0
ee717fc0
ee727fc0
ee737fc0
ee747fc0
ee757fc0
ee767fc0
ee777fc0
ee787fc0
ee797fc0
ee7a7fc0
ee7b7fc0
ee7c7fc0
ee7d7fc0
ee7e7fc0
ee7f7fc0
ee807fc0
ee817fc0
ee827fc0
ee837fc0
ee847fc0
ee857fc0
ee867fc0
ee877fc0
ee887fc0
ee897fc0
ee8a7fc0
ee8b7fc0
ee8c7fc0
ee8d7fc0
ee8e7fc0
ee8f7fc0
ee907fc0
ee917fc0
ee927fc0
ee937fc0
ee947fc0
ee957fc0
ee967fc0
ee977fc0
ee987fc0
ee997fc0
ee9a7fc0
ee9b7fc0
ee9c7fc0
ee9d7fc0
ee9e7fc0
ee9f7fc0
eea07fc0
eea17fc0
eea27fc0
eea37fc0
eea47fc0
eea57fc0
eea67fc0
eea77fc0
eea87fc0
eea97fc0
eeaa7fc0
eeab7fc0
eeac7fc0
eead7fc0
eeae7fc0
eeaf7fc0
eeb07fc0
eeb17fc0
eeb27fc0
eeb37fc0
eeb47fc0
eeb57fc0
eeb67fc0
eeb77fc0
eeb87fc0
eeb97fc0
eeba7fc0
eebb7fc0
eebc7fc0
eebd7fc0
eebe7fc0
eebf7fc0
eec07fc0
eec17fc0
eec27fc0
eec37fc0
eec47fc0
eec57fc0
eec67fc0
eec77fc0
eec87fc0
eec97fc0
eeca7fc0
eecb7fc0
eecc7fc0
eecd7fc0
eece7fc0
eecf7fc0
eed07fc0
eed17fc0
eed27fc0
eed37fc0
eed47fc0
eed57fc0
eed67fc0
eed77fc0
eed87fc0
eed97fc0
eeda7fc0
eedb7fc0
eedc7fc0
eedd7fc0
eede7fc0
eedf7fc0
eee07fc0
eee17fc0
eee27fc0
eee37fc0
eee47fc0
eee57fc0
eee67fc0
eee77fc0
eee87fc0
eee97fc0
eeea7fc0
eeeb7fc0
eeec7fc0
eeed7fc0
eeee7fc0
eeef7fc0
eef07fc0
eef17fc0
eef27fc0
eef37fc0
eef47fc0
eef57fc0
eef67fc0
eef77fc0
eef87fc0
eef97fc0
eefa7fc0
eefb7fc0
eefc7fc0
eefd7fc0
eefe7fc0
eeff7fc0
ef007fc0
ef017fc0
ef027fc0
ef037fc0
ef047fc0
ef057fc0
ef067fc0
ef077fc0
ef087fc0
ef097fc0
ef0a7fc0
ef0b7fc0
ef0c7fc0
ef0d7fc0
ef0e7fc0
ef0f7fc0
ef107fc0
ef117fc0
ef127fc0
ef137fc0
ef147fc0
ef157fc0
ef167fc0
ef177fc0
ef187fc0
ef197fc0
ef1a7fc0
ef1b7fc0
ef1c7fc0
ef1d7fc0
ef1e7fc0
ef1f7fc0
ef207fc0
ef217fc0
ef227fc0
ef237fc0
ef247fc0
ef257fc0
ef267fc0
ef277fc0
ef287fc0
ef297fc0
ef2a7fc0
ef2b7fc0
ef2c7fc0
ef2d7fc0
ef2e7fc0
ef2f7fc0
ef307fc0
ef317fc0
ef327fc0
ef337fc0
ef347fc0
ef357fc0
ef367fc0
ef377fc0
ef387fc0
ef397fc0
ef3a7fc0
ef3b7fc0
ef3c7fc0
ef3d7fc0
ef3e7fc0
ef3f7fc0
ef407fc0
ef417fc0
ef427fc0
ef437fc0
ef447fc0
ef457fc0
ef467fc0
ef477fc0
ef487fc0
ef497fc0
ef4a7fc0
ef4b7fc0
ef4c7fc0
ef4d7fc0
ef4e7fc0
ef4f7fc0
ef507fc0
ef517fc0
ef527fc0
ef537fc0
ef547fc0
ef557fc0
ef567fc0
ef577fc0
ef587fc0
ef597fc0
ef5a7fc0
ef5b7fc0
ef5c7fc0
ef5d7fc0
ef5e7fc0
ef5f7fc0
ef607fc0
ef617fc0
ef627fc0
ef637fc0
ef647fc0
ef657fc0
ef667fc0
ef677fc0
ef687fc0
ef697fc0
ef6a7fc0
ef6b7fc0
ef6c7fc0
ef6d7fc0
ef6e7fc0
ef6f7fc0
ef707fc0
ef717fc0
ef727fc0
ef737fc0
ef747fc0
ef757fc0
ef767fc0
ef777fc0
ef787fc0
ef797fc0
ef7a7fc0
ef7b7fc0
ef7c7fc0
ef7d7fc0
ef7e7fc0
ef7f7fc0
ef807fc0
ef817fc0
ef827fc0
ef837fc0
ef847fc0
ef857fc0
ef867fc0
ef877fc0
ef887fc0
ef897fc0
ef8a7fc0
ef8b7fc0
ef8c7fc0
ef8d7fc0
ef8e7fc0
ef8f7fc0
ef907fc0
ef917fc0
ef927fc0
ef937fc0
ef947fc0
ef957fc0
ef967fc0
ef977fc0
ef987fc0
ef997fc0
ef9a7fc0
ef9b7fc0
ef9c7fc0
ef9d7fc0
ef9e7fc0
ef9f7fc0
efa07fc0
efa17fc0
efa27fc0
efa37fc0
efa47fc0
efa57fc0
efa67fc0
efa77fc0
efa87fc0
efa97fc0
efaa7fc0
efab7fc0
efac7fc0
efad7fc0
efae7fc0
efaf7fc0
efb07fc0
efb17fc0
efb27fc0
efb37fc0
efb47fc0
efb57fc0
efb67fc0
efb77fc0
efb87fc0
efb97fc0
efba7fc0
efbb7fc0
efbc7fc0
efbd7fc0
efbe7fc0
efbf7fc0
efc07fc0
efc17fc0
efc27fc0
efc37fc0
efc47fc0
efc57fc0
efc67fc0
efc77fc0
efc87fc0
efc97fc0
efca7fc0
efcb7fc0
efcc7fc0
efcd7fc0
efce7fc0
efcf7fc0
efd07fc0
efd17fc0
efd27fc0
efd37fc0
efd47fc0
efd57fc0
efd67fc0
efd77fc0
efd87fc0
efd97fc0
efda7fc0
efdb7fc0
efdc7fc0
efdd7fc0
efde7fc0
efdf7fc0
efe07fc0
efe17fc0
efe27fc0
efe37fc0
efe47fc0
efe57fc0
efe67fc0
efe77fc0
efe87fc0
efe97fc0
efea7fc0
efeb7fc0
efec7fc0
efed7fc0
efee7fc0
efef7fc0
eff07fc0
eff17fc0
eff27fc0
eff37fc0
eff47fc0
eff57fc0
eff67fc0
eff77fc0
eff87fc0
eff97fc0
effa7fc0
effb7fc0
effc7fc0
effd7fc0
effe7fc0
efff7fc0
f0007fc0
f0017fc0
f0027fc0
f0037fc0
f0047fc0
f0057fc0
f0067fc0
f0077fc0
f0087fc0
f0097fc0
f00a7fc0
f00b7fc0
f00c7fc0
f00d7fc0
f00e7fc0
f00f7fc0
f0107fc0
f0117fc0
f0127fc0
f0137fc0
f0147fc0
f0157fc0
f0167fc0
f0177fc0
f0187fc0
f0197fc0
f01a7fc0
f01b7fc0
f01c7fc0
f01d7fc0
f01e7fc0
f01f7fc0
f0207fc0
f0217fc0
f0227fc0
f0237fc0
f0247fc0
f0257fc0
f0267fc0
f0277fc0
f0287fc0
f0297fc0
f02a7fc0
f02b7fc0
f02c7fc0
f02d7fc0
f02e7fc0
f02f7fc0
f0307fc0
f0317fc0
f0327fc0
f0337fc0
f0347fc0
f0357fc0
f0367fc0
f0377fc0
f0387fc0
f0397fc0
f03a7fc0
f03b7fc0
f03c7fc0
f03d7fc0
f03e7fc0
f03f7fc0
f0407fc0
f0417fc0
f0427fc0
f0437fc0
f0447fc0
f0457fc0
f0467fc0
f0477fc0
f0487fc0
f0497fc0
f04a7fc0
f04b7fc0
f04c7fc0
f04d7fc0
f04e7fc0
f04f7fc0
f0507fc0
f0517fc0
f0527fc0
f0537fc0
f0547fc0
f0557fc0
f0567fc0
f0577fc0
f0587fc0
f0597fc0
f05a7fc0
f05b7fc0
f05c7fc0
f05d7fc0
f05e7fc0
f05f7fc0
f0607fc0
f0617fc0
f0627fc0
f0637fc0
f0647fc0
f0657fc0
f0667fc0
f0677fc0
f0687fc0
f0697fc0
f06a7fc0
f06b7fc0
f06c7fc0
f06d7fc0
f06e7fc0
f06f7fc0
f0707fc0
f0717fc0
f0727fc0
f0737fc0
f0747fc0
f0757fc0
f0767fc0
f0777fc0
f0787fc0
f0797fc0
f07a7fc0
f07b7fc0
f07c7fc0
f07d7fc0
f07e7fc0
f07f7fc0
f0807fc0
f0817fc0
f0827fc0
f0837fc0
f0847fc0
f0857fc0
f0867fc0
f0877fc0
f0887fc0
f0897fc0
f08a7fc0
f08b7fc0
f08c7fc0
f08d7fc0
f08e7fc0
f08f7fc0
f0907fc0
f0917fc0
f0927fc0
f0937fc0
f0947fc0
f0957fc0
f0967fc0
f0977fc0
f0987fc0
f0997fc0
f09a7fc0
f09b7fc0
f09c7fc0
f09d7fc0
f09e7fc0
f09f7fc0
f0a07fc0
f0a17fc0
f0a27fc0
f0a37fc0
f0a47fc0
f0a57fc0
f0a67fc0
f0a77fc0
f0a87fc0
f0a97fc0
f0aa7fc0
f0ab7fc0
f0ac7fc0
f0ad7fc0
f0ae7fc0
f0af7fc0
f0b07fc0
f0b17fc0
f0b27fc0
f0b37fc0
f0b47fc0
f0b57fc0
f0b67fc0
f0b77fc0
f0b87fc0
f0b97fc0
f0ba7fc0
f0bb7fc0
f0bc7fc0
f0bd7fc0
f0be7fc0
f0bf7fc0
f0c07fc0
f0c17fc0
f0c27fc0
f0c37fc0
f0c47fc0
f0c57fc0
f0c67fc0
f0c77fc0
f0c87fc0
f0c97fc0
f0ca7fc0
f0cb7fc0
f0cc7fc0
f0cd7fc0
f0ce7fc0
f0cf7fc0
f0d07fc0
f0d17fc0
f0d27fc0
f0d37fc0
f0d47fc0
f0d57fc0
f0d67fc0
f0d77fc0
f0d87fc0
f0d97fc0
f0da7fc0
f0db7fc0
f0dc7fc0
f0dd7fc0
f0de7fc0
f0df7fc0
f0e07fc0
f0e17fc0
f0e27fc0
f0e37fc0
f0e47fc0
f0e57fc0
f0e67fc0
f0e77fc0
f0e87fc0
f0e97fc0
f0ea7fc0
f0eb7fc0
f0ec7fc0
f0ed7fc0
f0ee7fc0
f0ef7fc0
f0f07fc0
f0f17fc0
f0f27fc0
f0f37fc0
f0f47fc0
f0f57fc0
f0f67fc0
f0f77fc0
f0f87fc0
f0f97fc0
f0fa7fc0
f0fb7fc0
f0fc7fc0
f0fd7fc0
f0fe7fc0
f0ff7fc0
f1007fc0
f1017fc0
f1027fc0
f1037fc0
f1047fc0
f1057fc0
f1067fc0
f1077fc0
f1087fc0
f1097fc0
f10a7fc0
f10b7fc0
f10c7fc0
f10d7fc0
f10e7fc0
f10f7fc0
f1107fc0
f1117fc0
f1127fc0
f1137fc0
f1147fc0
f1157fc0
f1167fc0
f1177fc0
f1187fc0
f1197fc0
f11a7fc0
f11b7fc0
f11c7fc0
f11d7fc0
f11e7fc0
f11f7fc0
f1207fc0
f1217fc0
f1227fc0
f1237fc0
f1247fc0
f1257fc0
f1267fc0
f1277fc0
f1287fc0
f1297fc0
f12a7fc0
f12b7fc0
f12c7fc0
f12d7fc0
f12e7fc0
f12f7fc0
f1307fc0
f1317fc0
f1327fc0
f1337fc0
f1347fc0
f1357fc0
f1367fc0
f1377fc0
f1387fc0
f1397fc0
f13a7fc0
f13b7fc0
f13c7fc0
f13d7fc0
f13e7fc0
f13f7fc0
f1407fc0
f1417fc0
f1427fc0
f1437fc0
f1447fc0
f1457fc0
f1467fc0
f1477fc0
f1487fc0
f1497fc0
f14a7fc0
f14b7fc0
f14c7fc0
f14d7fc0
f14e7fc0
f14f7fc0
f1507fc0
f1517fc0
f1527fc0
f1537fc0
f1547fc0
f1557fc0
f1567fc0
f1577fc0
f1587fc0
f1597fc0
f15a7fc0
f15b7fc0
f15c7fc0
f15d7fc0
f15e7fc0
f15f7fc0
f1607fc0
f1617fc0
f1627fc0
f1637fc0
f1647fc0
f1657fc0
f1667fc0
f1677fc0
f1687fc0
f1697fc0
f16a7fc0
f16b7fc0
f16c7fc0
f16d7fc0
f16e7fc0
f16f7fc0
f1707fc0
f1717fc0
f1727fc0
f1737fc0
f1747fc0
f1757fc0
f1767fc0
f1777fc0
f1787fc0
f1797fc0
f17a7fc0
f17b7fc0
f17c7fc0
f17d7fc0
f17e7fc0
f17f7fc0
f1807fc0
f1817fc0
f1827fc0
f1837fc0
f1847fc0
f1857fc0
f1867fc0
f1877fc0
f1887fc0
f1897fc0
f18a7fc0
f18b7fc0
f18c7fc0
f18d7fc0
f18e7fc0
f18f7fc0
f1907fc0
f1917fc0
f1927fc0
f1937fc0
f1947fc0
f1957fc0
f1967fc0
f1977fc0
f1987fc0
f1997fc0
f19a7fc0
f19b7fc0
f19c7fc0
f19d7fc0
f19e7fc0
f19f7fc0
f1a07fc0
f1a17fc0
f1a27fc0
f1a37fc0
f1a47fc0
f1a57fc0
f1a67fc0
f1a77fc0
f1a87fc0
f1a97fc0
f1aa7fc0
f1ab7fc0
f1ac7fc0
f1ad7fc0
f1ae7fc0
f1af7fc0
f1b07fc0
f1b17fc0
f1b27fc0
f1b37fc0
f1b47fc0
f1b57fc0
f1b67fc0
f1b77fc0
f1b87fc0
f1b97fc0
f1ba7fc0
f1bb7fc0
f1bc7fc0
f1bd7fc0
f1be7fc0
f1bf7fc0
f1c07fc0
f1c17fc0
f1c27fc0
f1c37fc0
f1c47fc0
f1c57fc0
f1c67fc0
f1c77fc0
f1c87fc0
f1c97fc0
f1ca7fc0
f1cb7fc0
f1cc7fc0
f1cd7fc0
f1ce7fc0
f1cf7fc0
f1d07fc0
f1d17fc0
f1d27fc0
f1d37fc0
f1d47fc0
f1d57fc0
f1d67fc0
f1d77fc0
f1d87fc0
f1d97fc0
f1da7fc0
f1db7fc0
f1dc7fc0
f1dd7fc0
f1de7fc0
f1df7fc0
f1e07fc0
f1e17fc0
f1e27fc0
f1e37fc0
f1e47fc0
f1e57fc0
f1e67fc0
f1e77fc0
f1e87fc0
f1e97fc0
f1ea7fc0
f1eb7fc0
f1ec7fc0
f1ed7fc0
f1ee7fc0
f1ef7fc0
f1f07fc0
f1f17fc0
f1f27fc0
f1f37fc0
f1f47fc0
f1f57fc0
f1f67fc0
f1f77fc0
f1f87fc0
f1f97fc0
f1fa7fc0
f1fb7fc0
f1fc7fc0
f1fd7fc0
f1fe7fc0
f1ff7fc0
f2007fc0
f2017fc0
f2027fc0
f2037fc0
f2047fc0
f2057fc0
f2067fc0
f2077fc0
f2087fc0
f2097fc0
f20a7fc0
f20b7fc0
f20c7fc0
f20d7fc0
f20e7fc0
f20f7fc0
f2107fc0
f2117fc0
f2127fc0
f2137fc0
f2147fc0
f2157fc0
f2167fc0
f2177fc0
f2187fc0
f2197fc0
f21a7fc0
f21b7fc0
f21c7fc0
f21d7fc0
f21e7fc0
f21f7fc0
f2207fc0
f2217fc0
f2227fc0
f2237fc0
f2247fc0
f2257fc0
f2267fc0
f2277fc0
f2287fc0
f2297fc0
f22a7fc0
f22b7fc0
f22c7fc0
f22d7fc0
f22e7fc0
f22f7fc0
f2307fc0
f2317fc0
f2327fc0
f2337fc0
f2347fc0
f2357fc0
f2367fc0
f2377fc0
f2387fc0
f2397fc0
f23a7fc0
f23b7fc0
f23c7fc0
f23d7fc0
f23e7fc0
f23f7fc0
f2407fc0
f2417fc0
f2427fc0
f2437fc0
f2447fc0
f2457fc0
f2467fc0
f2477fc0
f2487fc0
f2497fc0
f24a7fc0
f24b7fc0
f24c7fc0
f24d7fc0
f24e7fc0
f24f7fc0
f2507fc0
f2517fc0
f2527fc0
f2537fc0
f2547fc0
f2557fc0
f2567fc0
f2577fc0
f2587fc0
f2597fc0
f25a7fc0
f25b7fc0
f25c7fc0
f25d7fc0
f25e7fc0
f25f7fc0
f2607fc0
f2617fc0
f2627fc0
f2637fc0
f2647fc0
f2657fc0
f2667fc0
f2677fc0
f2687fc0
f2697fc0
f26a7fc0
f26b7fc0
f26c7fc0
f26d7fc0
f26e7fc0
f26f7fc0
f2707fc0
f2717fc0
f2727fc0
f2737fc0
f2747fc0
f2757fc0
f2767fc0
f2777fc0
f2787fc0
f2797fc0
f27a7fc0
f27b7fc0
f27c7fc0
f27d7fc0
f27e7fc0
f27f7fc0
f2807fc0
f2817fc0
f2827fc0
f2837fc0
f2847fc0
f2857fc0
f2867fc0
f2877fc0
f2887fc0
f2897fc0
f28a7fc0
f28b7fc0
f28c7fc0
f28d7fc0
f28e7fc0
f28f7fc0
f2907fc0
f2917fc0
f2927fc0
f2937fc0
f2947fc0
f2957fc0
f2967fc0
f2977fc0
f2987fc0
f2997fc0
f29a7fc0
f29b7fc0
f29c7fc0
f29d7fc0
f29e7fc0
f29f7fc0
f2a07fc0
f2a17fc0
f2a27fc0
f2a37fc0
f2a47fc0
f2a57fc0
f2a67fc0
f2a77fc0
f2a87fc0
f2a97fc0
f2aa7fc0
f2ab7fc0
f2ac7fc0
f2ad7fc0
f2ae7fc0
f2af7fc0
f2b07fc0
f2b17fc0
f2b27fc0
f2b37fc0
f2b47fc0
f2b57fc0
f2b67fc0
f2b77fc0
f2b87fc0
f2b97fc0
f2ba7fc0
f2bb7fc0
f2bc7fc0
f2bd7fc0
f2be7fc0
f2bf7fc0
f2c07fc0
f2c17fc0
f2c27fc0
f2c37fc0
f2c47fc0
f2c57fc0
f2c67fc0
f2c77fc0
f2c87fc0
f2c97fc0
f2ca7fc0
f2cb7fc0
f2cc7fc0
f2cd7fc0
f2ce7fc0
f2cf7fc0
f2d07fc0
f2d17fc0
f2d27fc0
f2d37fc0
f2d47fc0
f2d57fc0
f2d67fc0
f2d77fc0
f2d87fc0
f2d97fc0
f2da7fc0
f2db7fc0
f2dc7fc0
f2dd7fc0
f2de7fc0
f2df7fc0
f2e07fc0
f2e17fc0
f2e27fc0
f2e37fc0
f2e47fc0
f2e57fc0
f2e67fc0
f2e77fc0
f2e87fc0
f2e97fc0
f2ea7fc0
f2eb7fc0
f2ec7fc0
f2ed7fc0
f2ee7fc0
f2ef7fc0
f2f07fc0
f2f17fc0
f2f27fc0
f2f37fc0
f2f47fc0
f2f57fc0
f2f67fc0
f2f77fc0
f2f87fc0
f2f97fc0
f2fa7fc0
f2fb7fc0
f2fc7fc0
f2fd7fc0
f2fe7fc0
f2ff7fc0
f3007fc0
f3017fc0
f3027fc0
f3037fc0
f3047fc0
f3057fc0
f3067fc0
f3077fc0
f3087fc0
f3097fc0
f30a7fc0
f30b7fc0
f30c7fc0
f30d7fc0
f30e7fc0
f30f7fc0
f3107fc0
f3117fc0
f3127fc0
f3137fc0
f3147fc0
f3157fc0
f3167fc0
f3177fc0
f3187fc0
f3197fc0
f31a7fc0
f31b7fc0
f31c7fc0
f31d7fc0
f31e7fc0
f31f7fc0
f3207fc0
f3217fc0
f3227fc0
f3237fc0
f3247fc0
f3257fc0
f3267fc0
f3277fc0
f3287fc0
f3297fc0
f32a7fc0
f32b7fc0
f32c7fc0
f32d7fc0
f32e7fc0
f32f7fc0
f3307fc0
f3317fc0
f3327fc0
f3337fc0
f3347fc0
f3357fc0
f3367fc0
f3377fc0
f3387fc0
f3397fc0
f33a7fc0
f33b7fc0
f33c7fc0
f33d7fc0
f33e7fc0
f33f7fc0
f3407fc0
f3417fc0
f3427fc0
f3437fc0
f3447fc0
f3457fc0
f3467fc0
f3477fc0
f3487fc0
f3497fc0
f34a7fc0
f34b7fc0
f34c7fc0
f34d7fc0
f34e7fc0
f34f7fc0
f3507fc0
f3517fc0
f3527fc0
f3537fc0
f3547fc0
f3557fc0
f3567fc0
f3577fc0
f3587fc0
f3597fc0
f35a7fc0
f35b7fc0
f35c7fc0
f35d7fc0
f35e7fc0
f35f7fc0
f3607fc0
f3617fc0
f3627fc0
f3637fc0
f3647fc0
f3657fc0
f3667fc0
f3677fc0
f3687fc0
f3697fc0
f36a7fc0
f36b7fc0
f36c7fc0
f36d7fc0
f36e7fc0
f36f7fc0
f3707fc0
f3717fc0
f3727fc0
f3737fc0
f3747fc0
f3757fc0
f3767fc0
f3777fc0
f3787fc0
f3797fc0
f37a7fc0
f37b7fc0
f37c7fc0
f37d7fc0
f37e7fc0
f37f7fc0
f3807fc0
f3817fc0
f3827fc0
f3837fc0
f3847fc0
f3857fc0
f3867fc0
f3877fc0
f3887fc0
f3897fc0
f38a7fc0
f38b7fc0
f38c7fc0
f38d7fc0
f38e7fc0
f38f7fc0
f3907fc0
f3917fc0
f3927fc0
f3937fc0
f3947fc0
f3957fc0
f3967fc0
f3977fc0
f3987fc0
f3997fc0
f39a7fc0
f39b7fc0
f39c7fc0
f39d7fc0
f39e7fc0
f39f7fc0
f3a07fc0
f3a17fc0
f3a27fc0
f3a37fc0
f3a47fc0
f3a57fc0
f3a67fc0
f3a77fc0
f3a87fc0
f3a97fc0
f3aa7fc0
f3ab7fc0
f3ac7fc0
f3ad7fc0
f3ae7fc0
f3af7fc0
f3b07fc0
f3b17fc0
f3b27fc0
f3b37fc0
f3b47fc0
f3b57fc0
f3b67fc0
f3b77fc0
f3b87fc0
f3b97fc0
f3ba7fc0
f3bb7fc0
f3bc7fc0
f3bd7fc0
f3be7fc0
f3bf7fc0
f3c07fc0
f3c17fc0
f3c27fc0
f3c37fc0
f3c47fc0
f3c57fc0
f3c67fc0
f3c77fc0
f3c87fc0
f3c97fc0
f3ca7fc0
f3cb7fc0
f3cc7fc0
f3cd7fc0
f3ce7fc0
f3cf7fc0
f3d07fc0
f3d17fc0
f3d27fc0
f3d37fc0
f3d47fc0
f3d57fc0
f3d67fc0
f3d77fc0
f3d87fc0
f3d97fc0
f3da7fc0
f3db7fc0
f3dc7fc0
f3dd7fc0
f3de7fc0
f3df7fc0
f3e07fc0
f3e17fc0
f3e27fc0
f3e37fc0
f3e47fc0
f3e57fc0
f3e67fc0
f3e77fc0
f3e87fc0
f3e97fc0
f3ea7fc0
f3eb7fc0
f3ec7fc0
f3ed7fc0
f3ee7fc0
f3ef7fc0
f3f07fc0
f3f17fc0
f3f27fc0
f3f37fc0
f3f47fc0
f3f57fc0
f3f67fc0
f3f77fc0
f3f87fc0
f3f97fc0
f3fa7fc0
f3fb7fc0
f3fc7fc0
f3fd7fc0
f3fe7fc0
f3ff7fc0
f4007fc0
f4017fc0
f4027fc0
f4037fc0
f4047fc0
f4057fc0
f4067fc0
f4077fc0
f4087fc0
f4097fc0
f40a7fc0
f40b7fc0
f40c7fc0
f40d7fc0
f40e7fc0
f40f7fc0
f4107fc0
f4117fc0
f4127fc0
f4137fc0
f4147fc0
f4157fc0
f4167fc0
f4177fc0
f4187fc0
f4197fc0
f41a7fc0
f41b7fc0
f41c7fc0
f41d7fc0
f41e7fc0
f41f7fc0
f4207fc0
f4217fc0
f4227fc0
f4237fc0
f4247fc0
f4257fc0
f4267fc0
f4277fc0
f4287fc0
f4297fc0
f42a7fc0
f42b7fc0
f42c7fc0
f42d7fc0
f42e7fc0
f42f7fc0
f4307fc0
f4317fc0
f4327fc0
f4337fc0
f4347fc0
f4357fc0
f4367fc0
f4377fc0
f4387fc0
f4397fc0
f43a7fc0
f43b7fc0
f43c7fc0
f43d7fc0
f43e7fc0
f43f7fc0
f4407fc0
f4417fc0
f4427fc0
f4437fc0
f4447fc0
f4457fc0
f4467fc0
f4477fc0
f4487fc0
f4497fc0
f44a7fc0
f44b7fc0
f44c7fc0
f44d7fc0
f44e7fc0
f44f7fc0
f4507fc0
f4517fc0
f4527fc0
f4537fc0
f4547fc0
f4557fc0
f4567fc0
f4577fc0
f4587fc0
f4597fc0
f45a7fc0
f45b7fc0
f45c7fc0
f45d7fc0
f45e7fc0
f45f7fc0
f4607fc0
f4617fc0
f4627fc0
f4637fc0
f4647fc0
f4657fc0
f4667fc0
f4677fc0
f4687fc0
f4697fc0
f46a7fc0
f46b7fc0
f46c7fc0
f46d7fc0
f46e7fc0
f46f7fc0
f4707fc0
f4717fc0
f4727fc0
f4737fc0
f4747fc0
f4757fc0
f4767fc0
f4777fc0
f4787fc0
f4797fc0
f47a7fc0
f47b7fc0
f47c7fc0
f47d7fc0
f47e7fc0
f47f7fc0
f4807fc0
f4817fc0
f4827fc0
f4837fc0
f4847fc0
f4857fc0
f4867fc0
f4877fc0
f4887fc0
f4897fc0
f48a7fc0
f48b7fc0
f48c7fc0
f48d7fc0
f48e7fc0
f48f7fc0
f4907fc0
f4917fc0
f4927fc0
f4937fc0
f4947fc0
f4957fc0
f4967fc0
f4977fc0
f4987fc0
f4997fc0
f49a7fc0
f49b7fc0
f49c7fc0
f49d7fc0
f49e7fc0
f49f7fc0
f4a07fc0
f4a17fc0
f4a27fc0
f4a37fc0
f4a47fc0
f4a57fc0
f4a67fc0
f4a77fc0
f4a87fc0
f4a97fc0
f4aa7fc0
f4ab7fc0
f4ac7fc0
f4ad7fc0
f4ae7fc0
f4af7fc0
f4b07fc0
f4b17fc0
f4b27fc0
f4b37fc0
f4b47fc0
f4b57fc0
f4b67fc0
f4b77fc0
f4b87fc0
f4b97fc0
f4ba7fc0
f4bb7fc0
f4bc7fc0
f4bd7fc0
f4be7fc0
f4bf7fc0
f4c07fc0
f4c17fc0
f4c27fc0
f4c37fc0
f4c47fc0
f4c57fc0
f4c67fc0
f4c77fc0
f4c87fc0
f4c97fc0
f4ca7fc0
f4cb7fc0
f4cc7fc0
f4cd7fc0
f4ce7fc0
f4cf7fc0
f4d07fc0
f4d17fc0
f4d27fc0
f4d37fc0
f4d47fc0
f4d57fc0
f4d67fc0
f4d77fc0
f4d87fc0
f4d97fc0
f4da7fc0
f4db7fc0
f4dc7fc0
f4dd7fc0
f4de7fc0
f4df7fc0
f4e07fc0
f4e17fc0
f4e27fc0
f4e37fc0
f4e47fc0
f4e57fc0
f4e67fc0
f4e77fc0
f4e87fc0
f4e97fc0
f4ea7fc0
f4eb7fc0
f4ec7fc0
f4ed7fc0
f4ee7fc0
f4ef7fc0
f4f07fc0
f4f17fc0
f4f27fc0
f4f37fc0
f4f47fc0
f4f57fc0
f4f67fc0
f4f77fc0
f4f87fc0
f4f97fc0
f4fa7fc0
f4fb7fc0
f4fc7fc0
f4fd7fc0
f4fe7fc0
f4ff7fc0
f5007fc0
f5017fc0
f5027fc0
f5037fc0
f5047fc0
f5057fc0
f5067fc0
f5077fc0
f5087fc0
f5097fc0
f50a7fc0
f50b7fc0
f50c7fc0
f50d7fc0
f50e7fc0
f50f7fc0
f5107fc0
f5117fc0
f5127fc0
f5137fc0
f5147fc0
f5157fc0
f5167fc0
f5177fc0
f5187fc0
f5197fc0
f51a7fc0
f51b7fc0
f51c7fc0
f51d7fc0
f51e7fc0
f51f7fc0
f5207fc0
f5217fc0
f5227fc0
f5237fc0
f5247fc0
f5257fc0
f5267fc0
f5277fc0
f5287fc0
f5297fc0
f52a7fc0
f52b7fc0
f52c7fc0
f52d7fc0
f52e7fc0
f52f7fc0
f5307fc0
f5317fc0
f5327fc0
f5337fc0
f5347fc0
f5357fc0
f5367fc0
f5377fc0
f5387fc0
f5397fc0
f53a7fc0
f53b7fc0
f53c7fc0
f53d7fc0
f53e7fc0
f53f7fc0
f5407fc0
f5417fc0
f5427fc0
f5437fc0
f5447fc0
f5457fc0
f5467fc0
f5477fc0
f5487fc0
f5497fc0
f54a7fc0
f54b7fc0
f54c7fc0
f54d7fc0
f54e7fc0
f54f7fc0
f5507fc0
f5517fc0
f5527fc0
f5537fc0
f5547fc0
f5557fc0
f5567fc0
f5577fc0
f5587fc0
f5597fc0
f55a7fc0
f55b7fc0
f55c7fc0
f55d7fc0
f55e7fc0
f55f7fc0
f5607fc0
f5617fc0
f5627fc0
f5637fc0
f5647fc0
f5657fc0
f5667fc0
f5677fc0
f5687fc0
f5697fc0
f56a7fc0
f56b7fc0
f56c7fc0
f56d7fc0
f56e7fc0
f56f7fc0
f5707fc0
f5717fc0
f5727fc0
f5737fc0
f5747fc0
f5757fc0
f5767fc0
f5777fc0
f5787fc0
f5797fc0
f57a7fc0
f57b7fc0
f57c7fc0
f57d7fc0
f57e7fc0
f57f7fc0
f5807fc0
f5817fc0
f5827fc0
f5837fc0
f5847fc0
f5857fc0
f5867fc0
f5877fc0
f5887fc0
f5897fc0
f58a7fc0
f58b7fc0
f58c7fc0
f58d7fc0
f58e7fc0
f58f7fc0
f5907fc0
f5917fc0
f5927fc0
f5937fc0
f5947fc0
f5957fc0
f5967fc0
f5977fc0
f5987fc0
f5997fc0
f59a7fc0
f59b7fc0
f59c7fc0
f59d7fc0
f59e7fc0
f59f7fc0
f5a07fc0
f5a17fc0
f5a27fc0
f5a37fc0
f5a47fc0
f5a57fc0
f5a67fc0
f5a77fc0
f5a87fc0
f5a97fc0
f5aa7fc0
f5ab7fc0
f5ac7fc0
f5ad7fc0
f5ae7fc0
f5af7fc0
f5b07fc0
f5b17fc0
f5b27fc0
f5b37fc0
f5b47fc0
f5b57fc0
f5b67fc0
f5b77fc0
f5b87fc0
f5b97fc0
f5ba7fc0
f5bb7fc0
f5bc7fc0
f5bd7fc0
f5be7fc0
f5bf7fc0
f5c07fc0
f5c17fc0
f5c27fc0
f5c37fc0
f5c47fc0
f5c57fc0
f5c67fc0
f5c77fc0
f5c87fc0
f5c97fc0
f5ca7fc0
f5cb7fc0
f5cc7fc0
f5cd7fc0
f5ce7fc0
f5cf7fc0
f5d07fc0
f5d17fc0
f5d27fc0
f5d37fc0
f5d47fc0
f5d57fc0
f5d67fc0
f5d77fc0
f5d87fc0
f5d97fc0
f5da7fc0
f5db7fc0
f5dc7fc0
f5dd7fc0
f5de7fc0
f5df7fc0
f5e07fc0
f5e17fc0
f5e27fc0
f5e37fc0
f5e47fc0
f5e57fc0
f5e67fc0
f5e77fc0
f5e87fc0
f5e97fc0
f5ea7fc0
f5eb7fc0
f5ec7fc0
f5ed7fc0
f5ee7fc0
f5ef7fc0
f5f07fc0
f5f17fc0
f5f27fc0
f5f37fc0
f5f47fc0
f5f57fc0
f5f67fc0
f5f77fc0
f5f87fc0
f5f97fc0
f5fa7fc0
f5fb7fc0
f5fc7fc0
f5fd7fc0
f5fe7fc0
f5ff7fc0
f6007fc0
f6017fc0
f6027fc0
f6037fc0
f6047fc0
f6057fc0
f6067fc0
f6077fc0
f6087fc0
f6097fc0
f60a7fc0
f60b7fc0
f60c7fc0
f60d7fc0
f60e7fc0
f60f7fc0
f6107fc0
f6117fc0
f6127fc0
f6137fc0
f6147fc0
f6157fc0
f6167fc0
f6177fc0
f6187fc0
f6197fc0
f61a7fc0
f61b7fc0
f61c7fc0
f61d7fc0
f61e7fc0
f61f7fc0
f6207fc0
f6217fc0
f6227fc0
f6237fc0
f6247fc0
f6257fc0
f6267fc0
f6277fc0
f6287fc0
f6297fc0
f62a7fc0
f62b7fc0
f62c7fc0
f62d7fc0
f62e7fc0
f62f7fc0
f6307fc0
f6317fc0
f6327fc0
f6337fc0
f6347fc0
f6357fc0
f6367fc0
f6377fc0
f6387fc0
f6397fc0
f63a7fc0
f63b7fc0
f63c7fc0
f63d7fc0
f63e7fc0
f63f7fc0
f6407fc0
f6417fc0
f6427fc0
f6437fc0
f6447fc0
f6457fc0
f6467fc0
f6477fc0
f6487fc0
f6497fc0
f64a7fc0
f64b7fc0
f64c7fc0
f64d7fc0
f64e7fc0
f64f7fc0
f6507fc0
f6517fc0
f6527fc0
f6537fc0
f6547fc0
f6557fc0
f6567fc0
f6577fc0
f6587fc0
f6597fc0
f65a7fc0
f65b7fc0
f65c7fc0
f65d7fc0
f65e7fc0
f65f7fc0
f6607fc0
f6617fc0
f6627fc0
f6637fc0
f6647fc0
f6657fc0
f6667fc0
f6677fc0
f6687fc0
f6697fc0
f66a7fc0
f66b7fc0
f66c7fc0
f66d7fc0
f66e7fc0
f66f7fc0
f6707fc0
f6717fc0
f6727fc0
f6737fc0
f6747fc0
f6757fc0
f6767fc0
f6777fc0
f6787fc0
f6797fc0
f67a7fc0
f67b7fc0
f67c7fc0
f67d7fc0
f67e7fc0
f67f7fc0
f6807fc0
f6817fc0
f6827fc0
f6837fc0
f6847fc0
f6857fc0
f6867fc0
f6877fc0
f6887fc0
f6897fc0
f68a7fc0
f68b7fc0
f68c7fc0
f68d7fc0
f68e7fc0
f68f7fc0
f6907fc0
f6917fc0
f6927fc0
f6937fc0
f6947fc0
f6957fc0
f6967fc0
f6977fc0
f6987fc0
f6997fc0
f69a7fc0
f69b7fc0
f69c7fc0
f69d7fc0
f69e7fc0
f69f7fc0
f6a07fc0
f6a17fc0
f6a27fc0
f6a37fc0
f6a47fc0
f6a57fc0
f6a67fc0
f6a77fc0
f6a87fc0
f6a97fc0
f6aa7fc0
f6ab7fc0
f6ac7fc0
f6ad7fc0
f6ae7fc0
f6af7fc0
f6b07fc0
f6b17fc0
f6b27fc0
f6b37fc0
f6b47fc0
f6b57fc0
f6b67fc0
f6b77fc0
f6b87fc0
f6b97fc0
f6ba7fc0
f6bb7fc0
f6bc7fc0
f6bd7fc0
f6be7fc0
f6bf7fc0
f6c07fc0
f6c17fc0
f6c27fc0
f6c37fc0
f6c47fc0
f6c57fc0
f6c67fc0
f6c77fc0
f6c87fc0
f6c97fc0
f6ca7fc0
f6cb7fc0
f6cc7fc0
f6cd7fc0
f6ce7fc0
f6cf7fc0
f6d07fc0
f6d17fc0
f6d27fc0
f6d37fc0
f6d47fc0
f6d57fc0
f6d67fc0
f6d77fc0
f6d87fc0
f6d97fc0
f6da7fc0
f6db7fc0
f6dc7fc0
f6dd7fc0
f6de7fc0
f6df7fc0
f6e07fc0
f6e17fc0
f6e27fc0
f6e37fc0
f6e47fc0
f6e57fc0
f6e67fc0
f6e77fc0
f6e87fc0
f6e97fc0
f6ea7fc0
f6eb7fc0
f6ec7fc0
f6ed7fc0
f6ee7fc0
f6ef7fc0
f6f07fc0
f6f17fc0
f6f27fc0
f6f37fc0
f6f47fc0
f6f57fc0
f6f67fc0
f6f77fc0
f6f87fc0
f6f97fc0
f6fa7fc0
f6fb7fc0
f6fc7fc0
f6fd7fc0
f6fe7fc0
f6ff7fc0
f7007fc0
f7017fc0
f7027fc0
f7037fc0
f7047fc0
f7057fc0
f7067fc0
f7077fc0
f7087fc0
f7097fc0
f70a7fc0
f70b7fc0
f70c7fc0
f70d7fc0
f70e7fc0
f70f7fc0
f7107fc0
f7117fc0
f7127fc0
f7137fc0
f7147fc0
f7157fc0
f7167fc0
f7177fc0
f7187fc0
f7197fc0
f71a7fc0
f71b7fc0
f71c7fc0
f71d7fc0
f71e7fc0
f71f7fc0
f7207fc0
f7217fc0
f7227fc0
f7237fc0
f7247fc0
f7257fc0
f7267fc0
f7277fc0
f7287fc0
f7297fc0
f72a7fc0
f72b7fc0
f72c7fc0
f72d7fc0
f72e7fc0
f72f7fc0
f7307fc0
f7317fc0
f7327fc0
f7337fc0
f7347fc0
f7357fc0
f7367fc0
f7377fc0
f7387fc0
f7397fc0
f73a7fc0
f73b7fc0
f73c7fc0
f73d7fc0
f73e7fc0
f73f7fc0
f7407fc0
f7417fc0
f7427fc0
f7437fc0
f7447fc0
f7457fc0
f7467fc0
f7477fc0
f7487fc0
f7497fc0
f74a7fc0
f74b7fc0
f74c7fc0
f74d7fc0
f74e7fc0
f74f7fc0
f7507fc0
f7517fc0
f7527fc0
f7537fc0
f7547fc0
f7557fc0
f7567fc0
f7577fc0
f7587fc0
f7597fc0
f75a7fc0
f75b7fc0
f75c7fc0
f75d7fc0
f75e7fc0
f75f7fc0
f7607fc0
f7617fc0
f7627fc0
f7637fc0
f7647fc0
f7657fc0
f7667fc0
f7677fc0
f7687fc0
f7697fc0
f76a7fc0
f76b7fc0
f76c7fc0
f76d7fc0
f76e7fc0
f76f7fc0
f7707fc0
f7717fc0
f7727fc0
f7737fc0
f7747fc0
f7757fc0
f7767fc0
f7777fc0
f7787fc0
f7797fc0
f77a7fc0
f77b7fc0
f77c7fc0
f77d7fc0
f77e7fc0
f77f7fc0
f7807fc0
f7817fc0
f7827fc0
f7837fc0
f7847fc0
f7857fc0
f7867fc0
f7877fc0
f7887fc0
f7897fc0
f78a7fc0
f78b7fc0
f78c7fc0
f78d7fc0
f78e7fc0
f78f7fc0
f7907fc0
f7917fc0
f7927fc0
f7937fc0
f7947fc0
f7957fc0
f7967fc0
f7977fc0
f7987fc0
f7997fc0
f79a7fc0
f79b7fc0
f79c7fc0
f79d7fc0
f79e7fc0
f79f7fc0
f7a07fc0
f7a17fc0
f7a27fc0
f7a37fc0
f7a47fc0
f7a57fc0
f7a67fc0
f7a77fc0
f7a87fc0
f7a97fc0
f7aa7fc0
f7ab7fc0
f7ac7fc0
f7ad7fc0
f7ae7fc0
f7af7fc0
f7b07fc0
f7b17fc0
f7b27fc0
f7b37fc0
f7b47fc0
f7b57fc0
f7b67fc0
f7b77fc0
f7b87fc0
f7b97fc0
f7ba7fc0
f7bb7fc0
f7bc7fc0
f7bd7fc0
f7be7fc0
f7bf7fc0
f7c07fc0
f7c17fc0
f7c27fc0
f7c37fc0
f7c47fc0
f7c57fc0
f7c67fc0
f7c77fc0
f7c87fc0
f7c97fc0
f7ca7fc0
f7cb7fc0
f7cc7fc0
f7cd7fc0
f7ce7fc0
f7cf7fc0
f7d07fc0
f7d17fc0
f7d27fc0
f7d37fc0
f7d47fc0
f7d57fc0
f7d67fc0
f7d77fc0
f7d87fc0
f7d97fc0
f7da7fc0
f7db7fc0
f7dc7fc0
f7dd7fc0
f7de7fc0
f7df7fc0
f7e07fc0
f7e17fc0
f7e27fc0
f7e37fc0
f7e47fc0
f7e57fc0
f7e67fc0
f7e77fc0
f7e87fc0
f7e97fc0
f7ea7fc0
f7eb7fc0
f7ec7fc0
f7ed7fc0
f7ee7fc0
f7ef7fc0
f7f07fc0
f7f17fc0
f7f27fc0
f7f37fc0
f7f47fc0
f7f57fc0
f7f67fc0
f7f77fc0
f7f87fc0
f7f97fc0
f7fa7fc0
f7fb7fc0
f7fc7fc0
f7fd7fc0
f7fe7fc0
f7ff7fc0
f8007fc0
f8017fc0
f8027fc0
f8037fc0
f8047fc0
f8057fc0
f8067fc0
f8077fc0
f8087fc0
f8097fc0
f80a7fc0
f80b7fc0
f80c7fc0
f80d7fc0
f80e7fc0
f80f7fc0
f8107fc0
f8117fc0
f8127fc0
f8137fc0
f8147fc0
f8157fc0
f8167fc0
f8177fc0
f8187fc0
f8197fc0
f81a7fc0
f81b7fc0
f81c7fc0
f81d7fc0
f81e7fc0
f81f7fc0
f8207fc0
f8217fc0
f8227fc0
f8237fc0
f8247fc0
f8257fc0
f8267fc0
f8277fc0
f8287fc0
f8297fc0
f82a7fc0
f82b7fc0
f82c7fc0
f82d7fc0
f82e7fc0
f82f7fc0
f8307fc0
f8317fc0
f8327fc0
f8337fc0
f8347fc0
f8357fc0
f8367fc0
f8377fc0
f8387fc0
f8397fc0
f83a7fc0
f83b7fc0
f83c7fc0
f83d7fc0
f83e7fc0
f83f7fc0
f8407fc0
f8417fc0
f8427fc0
f8437fc0
f8447fc0
f8457fc0
f8467fc0
f8477fc0
f8487fc0
f8497fc0
f84a7fc0
f84b7fc0
f84c7fc0
f84d7fc0
f84e7fc0
f84f7fc0
f8507fc0
f8517fc0
f8527fc0
f8537fc0
f8547fc0
f8557fc0
f8567fc0
f8577fc0
f8587fc0
f8597fc0
f85a7fc0
f85b7fc0
f85c7fc0
f85d7fc0
f85e7fc0
f85f7fc0
f8607fc0
f8617fc0
f8627fc0
f8637fc0
f8647fc0
f8657fc0
f8667fc0
f8677fc0
f8687fc0
f8697fc0
f86a7fc0
f86b7fc0
f86c7fc0
f86d7fc0
f86e7fc0
f86f7fc0
f8707fc0
f8717fc0
f8727fc0
f8737fc0
f8747fc0
f8757fc0
f8767fc0
f8777fc0
f8787fc0
f8797fc0
f87a7fc0
f87b7fc0
f87c7fc0
f87d7fc0
f87e7fc0
f87f7fc0
f8807fc0
f8817fc0
f8827fc0
f8837fc0
f8847fc0
f8857fc0
f8867fc0
f8877fc0
f8887fc0
f8897fc0
f88a7fc0
f88b7fc0
f88c7fc0
f88d7fc0
f88e7fc0
f88f7fc0
f8907fc0
f8917fc0
f8927fc0
f8937fc0
f8947fc0
f8957fc0
f8967fc0
f8977fc0
f8987fc0
f8997fc0
f89a7fc0
f89b7fc0
f89c7fc0
f89d7fc0
f89e7fc0
f89f7fc0
f8a07fc0
f8a17fc0
f8a27fc0
f8a37fc0
f8a47fc0
f8a57fc0
f8a67fc0
f8a77fc0
f8a87fc0
f8a97fc0
f8aa7fc0
f8ab7fc0
f8ac7fc0
f8ad7fc0
f8ae7fc0
f8af7fc0
f8b07fc0
f8b17fc0
f8b27fc0
f8b37fc0
f8b47fc0
f8b57fc0
f8b67fc0
f8b77fc0
f8b87fc0
f8b97fc0
f8ba7fc0
f8bb7fc0
f8bc7fc0
f8bd7fc0
f8be7fc0
f8bf7fc0
f8c07fc0
f8c17fc0
f8c27fc0
f8c37fc0
f8c47fc0
f8c57fc0
f8c67fc0
f8c77fc0
f8c87fc0
f8c97fc0
f8ca7fc0
f8cb7fc0
f8cc7fc0
f8cd7fc0
f8ce7fc0
f8cf7fc0
f8d07fc0
f8d17fc0
f8d27fc0
f8d37fc0
f8d47fc0
f8d57fc0
f8d67fc0
f8d77fc0
f8d87fc0
f8d97fc0
f8da7fc0
f8db7fc0
f8dc7fc0
f8dd7fc0
f8de7fc0
f8df7fc0
f8e07fc0
f8e17fc0
f8e27fc0
f8e37fc0
f8e47fc0
f8e57fc0
f8e67fc0
f8e77fc0
f8e87fc0
f8e97fc0
f8ea7fc0
f8eb7fc0
f8ec7fc0
f8ed7fc0
f8ee7fc0
f8ef7fc0
f8f07fc0
f8f17fc0
f8f27fc0
f8f37fc0
f8f47fc0
f8f57fc0
f8f67fc0
f8f77fc0
f8f87fc0
f8f97fc0
f8fa7fc0
f8fb7fc0
f8fc7fc0
f8fd7fc0
f8fe7fc0
f8ff7fc0
f9007fc0
f9017fc0
f9027fc0
f9037fc0
f9047fc0
f9057fc0
f9067fc0
f9077fc0
f9087fc0
f9097fc0
f90a7fc0
f90b7fc0
f90c7fc0
f90d7fc0
f90e7fc0
f90f7fc0
f9107fc0
f9117fc0
f9127fc0
f9137fc0
f9147fc0
f9157fc0
f9167fc0
f9177fc0
f9187fc0
f9197fc0
f91a7fc0
f91b7fc0
f91c7fc0
f91d7fc0
f91e7fc0
f91f7fc0
f9207fc0
f9217fc0
f9227fc0
f9237fc0
f9247fc0
f9257fc0
f9267fc0
f9277fc0
f9287fc0
f9297fc0
f92a7fc0
f92b7fc0
f92c7fc0
f92d7fc0
f92e7fc0
f92f7fc0
f9307fc0
f9317fc0
f9327fc0
f9337fc0
f9347fc0
f9357fc0
f9367fc0
f9377fc0
f9387fc0
f9397fc0
f93a7fc0
f93b7fc0
f93c7fc0
f93d7fc0
f93e7fc0
f93f7fc0
f9407fc0
f9417fc0
f9427fc0
f9437fc0
f9447fc0
f9457fc0
f9467fc0
f9477fc0
f9487fc0
f9497fc0
f94a7fc0
f94b7fc0
f94c7fc0
f94d7fc0
f94e7fc0
f94f7fc0
f9507fc0
f9517fc0
f9527fc0
f9537fc0
f9547fc0
f9557fc0
f9567fc0
f9577fc0
f9587fc0
f9597fc0
f95a7fc0
f95b7fc0
f95c7fc0
f95d7fc0
f95e7fc0
f95f7fc0
f9607fc0
f9617fc0
f9627fc0
f9637fc0
f9647fc0
f9657fc0
f9667fc0
f9677fc0
f9687fc0
f9697fc0
f96a7fc0
f96b7fc0
f96c7fc0
f96d7fc0
f96e7fc0
f96f7fc0
f9707fc0
f9717fc0
f9727fc0
f9737fc0
f9747fc0
f9757fc0
f9767fc0
f9777fc0
f9787fc0
f9797fc0
f97a7fc0
f97b7fc0
f97c7fc0
f97d7fc0
f97e7fc0
f97f7fc0
f9807fc0
f9817fc0
f9827fc0
f9837fc0
f9847fc0
f9857fc0
f9867fc0
f9877fc0
f9887fc0
f9897fc0
f98a7fc0
f98b7fc0
f98c7fc0
f98d7fc0
f98e7fc0
f98f7fc0
f9907fc0
f9917fc0
f9927fc0
f9937fc0
f9947fc0
f9957fc0
f9967fc0
f9977fc0
f9987fc0
f9997fc0
f99a7fc0
f99b7fc0
f99c7fc0
f99d7fc0
f99e7fc0
f99f7fc0
f9a07fc0
f9a17fc0
f9a27fc0
f9a37fc0
f9a47fc0
f9a57fc0
f9a67fc0
f9a77fc0
f9a87fc0
f9a97fc0
f9aa7fc0
f9ab7fc0
f9ac7fc0
f9ad7fc0
f9ae7fc0
f9af7fc0
f9b07fc0
f9b17fc0
f9b27fc0
f9b37fc0
f9b47fc0
f9b57fc0
f9b67fc0
f9b77fc0
f9b87fc0
f9b97fc0
f9ba7fc0
f9bb7fc0
f9bc7fc0
f9bd7fc0
f9be7fc0
f9bf7fc0
f9c07fc0
f9c17fc0
f9c27fc0
f9c37fc0
f9c47fc0
f9c57fc0
f9c67fc0
f9c77fc0
f9c87fc0
f9c97fc0
f9ca7fc0
f9cb7fc0
f9cc7fc0
f9cd7fc0
f9ce7fc0
f9cf7fc0
f9d07fc0
f9d17fc0
f9d27fc0
f9d37fc0
f9d47fc0
f9d57fc0
f9d67fc0
f9d77fc0
f9d87fc0
f9d97fc0
f9da7fc0
f9db7fc0
f9dc7fc0
f9dd7fc0
f9de7fc0
f9df7fc0
f9e07fc0
f9e17fc0
f9e27fc0
f9e37fc0
f9e47fc0
f9e57fc0
f9e67fc0
f9e77fc0
f9e87fc0
f9e97fc0
f9ea7fc0
f9eb7fc0
f9ec7fc0
f9ed7fc0
f9ee7fc0
f9ef7fc0
f9f07fc0
f9f17fc0
f9f27fc0
f9f37fc0
f9f47fc0
f9f57fc0
f9f67fc0
f9f77fc0
f9f87fc0
f9f97fc0
f9fa7fc0
f9fb7fc0
f9fc7fc0
f9fd7fc0
f9fe7fc0
f9ff7fc0
fa007fc0
fa017fc0
fa027fc0
fa037fc0
fa047fc0
fa057fc0
fa067fc0
fa077fc0
fa087fc0
fa097fc0
fa0a7fc0
fa0b7fc0
fa0c7fc0
fa0d7fc0
fa0e7fc0
fa0f7fc0
fa107fc0
fa117fc0
fa127fc0
fa137fc0
fa147fc0
fa157fc0
fa167fc0
fa177fc0
fa187fc0
fa197fc0
fa1a7fc0
fa1b7fc0
fa1c7fc0
fa1d7fc0
fa1e7fc0
fa1f7fc0
fa207fc0
fa217fc0
fa227fc0
fa237fc0
fa247fc0
fa257fc0
fa267fc0
fa277fc0
fa287fc0
fa297fc0
fa2a7fc0
fa2b7fc0
fa2c7fc0
fa2d7fc0
fa2e7fc0
fa2f7fc0
fa307fc0
fa317fc0
fa327fc0
fa337fc0
fa347fc0
fa357fc0
fa367fc0
fa377fc0
fa387fc0
fa397fc0
fa3a7fc0
fa3b7fc0
fa3c7fc0
fa3d7fc0
fa3e7fc0
fa3f7fc0
fa407fc0
fa417fc0
fa427fc0
fa437fc0
fa447fc0
fa457fc0
fa467fc0
fa477fc0
fa487fc0
fa497fc0
fa4a7fc0
fa4b7fc0
fa4c7fc0
fa4d7fc0
fa4e7fc0
fa4f7fc0
fa507fc0
fa517fc0
fa527fc0
fa537fc0
fa547fc0
fa557fc0
fa567fc0
fa577fc0
fa587fc0
fa597fc0
fa5a7fc0
fa5b7fc0
fa5c7fc0
fa5d7fc0
fa5e7fc0
fa5f7fc0
fa607fc0
fa617fc0
fa627fc0
fa637fc0
fa647fc0
fa657fc0
fa667fc0
fa677fc0
fa687fc0
fa697fc0
fa6a7fc0
fa6b7fc0
fa6c7fc0
fa6d7fc0
fa6e7fc0
fa6f7fc0
fa707fc0
fa717fc0
fa727fc0
fa737fc0
fa747fc0
fa757fc0
fa767fc0
fa777fc0
fa787fc0
fa797fc0
fa7a7fc0
fa7b7fc0
fa7c7fc0
fa7d7fc0
fa7e7fc0
fa7f7fc0
fa807fc0
fa817fc0
fa827fc0
fa837fc0
fa847fc0
fa857fc0
fa867fc0
fa877fc0
fa887fc0
fa897fc0
fa8a7fc0
fa8b7fc0
fa8c7fc0
fa8d7fc0
fa8e7fc0
fa8f7fc0
fa907fc0
fa917fc0
fa927fc0
fa937fc0
fa947fc0
fa957fc0
fa967fc0
fa977fc0
fa987fc0
fa997fc0
fa9a7fc0
fa9b7fc0
fa9c7fc0
fa9d7fc0
fa9e7fc0
fa9f7fc0
faa07fc0
faa17fc0
faa27fc0
faa37fc0
faa47fc0
faa57fc0
faa67fc0
faa77fc0
faa87fc0
faa97fc0
faaa7fc0
faab7fc0
faac7fc0
faad7fc0
faae7fc0
faaf7fc0
fab07fc0
fab17fc0
fab27fc0
fab37fc0
fab47fc0
fab57fc0
fab67fc0
fab77fc0
fab87fc0
fab97fc0
faba7fc0
fabb7fc0
fabc7fc0
fabd7fc0
fabe7fc0
fabf7fc0
fac07fc0
fac17fc0
fac27fc0
fac37fc0
fac47fc0
fac57fc0
fac67fc0
fac77fc0
fac87fc0
fac97fc0
faca7fc0
facb7fc0
facc7fc0
facd7fc0
face7fc0
facf7fc0
fad07fc0
fad17fc0
fad27fc0
fad37fc0
fad47fc0
fad57fc0
fad67fc0
fad77fc0
fad87fc0
fad97fc0
fada7fc0
fadb7fc0
fadc7fc0
fadd7fc0
fade7fc0
fadf7fc0
fae07fc0
fae17fc0
fae27fc0
fae37fc0
fae47fc0
fae57fc0
fae67fc0
fae77fc0
fae87fc0
fae97fc0
faea7fc0
faeb7fc0
faec7fc0
faed7fc0
faee7fc0
faef7fc0
faf07fc0
faf17fc0
faf27fc0
faf37fc0
faf47fc0
faf57fc0
faf67fc0
faf77fc0
faf87fc0
faf97fc0
fafa7fc0
fafb7fc0
fafc7fc0
fafd7fc0
fafe7fc0
faff7fc0
fb007fc0
fb017fc0
fb027fc0
fb037fc0
fb047fc0
fb057fc0
fb067fc0
fb077fc0
fb087fc0
fb097fc0
fb0a7fc0
fb0b7fc0
fb0c7fc0
fb0d7fc0
fb0e7fc0
fb0f7fc0
fb107fc0
fb117fc0
fb127fc0
fb137fc0
fb147fc0
fb157fc0
fb167fc0
fb177fc0
fb187fc0
fb197fc0
fb1a7fc0
fb1b7fc0
fb1c7fc0
fb1d7fc0
fb1e7fc0
fb1f7fc0
fb207fc0
fb217fc0
fb227fc0
fb237fc0
fb247fc0
fb257fc0
fb267fc0
fb277fc0
fb287fc0
fb297fc0
fb2a7fc0
fb2b7fc0
fb2c7fc0
fb2d7fc0
fb2e7fc0
fb2f7fc0
fb307fc0
fb317fc0
fb327fc0
fb337fc0
fb347fc0
fb357fc0
fb367fc0
fb377fc0
fb387fc0
fb397fc0
fb3a7fc0
fb3b7fc0
fb3c7fc0
fb3d7fc0
fb3e7fc0
fb3f7fc0
fb407fc0
fb417fc0
fb427fc0
fb437fc0
fb447fc0
fb457fc0
fb467fc0
fb477fc0
fb487fc0
fb497fc0
fb4a7fc0
fb4b7fc0
fb4c7fc0
fb4d7fc0
fb4e7fc0
fb4f7fc0
fb507fc0
fb517fc0
fb527fc0
fb537fc0
fb547fc0
fb557fc0
fb567fc0
fb577fc0
fb587fc0
fb597fc0
fb5a7fc0
fb5b7fc0
fb5c7fc0
fb5d7fc0
fb5e7fc0
fb5f7fc0
fb607fc0
fb617fc0
fb627fc0
fb637fc0
fb647fc0
fb657fc0
fb667fc0
fb677fc0
fb687fc0
fb697fc0
fb6a7fc0
fb6b7fc0
fb6c7fc0
fb6d7fc0
fb6e7fc0
fb6f7fc0
fb707fc0
fb717fc0
fb727fc0
fb737fc0
fb747fc0
fb757fc0
fb767fc0
fb777fc0
fb787fc0
fb797fc0
fb7a7fc0
fb7b7fc0
fb7c7fc0
fb7d7fc0
fb7e7fc0
fb7f7fc0
fb807fc0
fb817fc0
fb827fc0
fb837fc0
fb847fc0
fb857fc0
fb867fc0
fb877fc0
fb887fc0
fb897fc0
fb8a7fc0
fb8b7fc0
fb8c7fc0
fb8d7fc0
fb8e7fc0
fb8f7fc0
fb907fc0
fb917fc0
fb927fc0
fb937fc0
fb947fc0
fb957fc0
fb967fc0
fb977fc0
fb987fc0
fb997fc0
fb9a7fc0
fb9b7fc0
fb9c7fc0
fb9d7fc0
fb9e7fc0
fb9f7fc0
fba07fc0
fba17fc0
fba27fc0
fba37fc0
fba47fc0
fba57fc0
fba67fc0
fba77fc0
fba87fc0
fba97fc0
fbaa7fc0
fbab7fc0
fbac7fc0
fbad7fc0
fbae7fc0
fbaf7fc0
fbb07fc0
fbb17fc0
fbb27fc0
fbb37fc0
fbb47fc0
fbb57fc0
fbb67fc0
fbb77fc0
fbb87fc0
fbb97fc0
fbba7fc0
fbbb7fc0
fbbc7fc0
fbbd7fc0
fbbe7fc0
fbbf7fc0
fbc07fc0
fbc17fc0
fbc27fc0
fbc37fc0
fbc47fc0
fbc57fc0
fbc67fc0
fbc77fc0
fbc87fc0
fbc97fc0
fbca7fc0
fbcb7fc0
fbcc7fc0
fbcd7fc0
fbce7fc0
fbcf7fc0
fbd07fc0
fbd17fc0
fbd27fc0
fbd37fc0
fbd47fc0
fbd57fc0
fbd67fc0
fbd77fc0
fbd87fc0
fbd97fc0
fbda7fc0
fbdb7fc0
fbdc7fc0
fbdd7fc0
fbde7fc0
fbdf7fc0
fbe07fc0
fbe17fc0
fbe27fc0
fbe37fc0
fbe47fc0
fbe57fc0
fbe67fc0
fbe77fc0
fbe87fc0
fbe97fc0
fbea7fc0
fbeb7fc0
fbec7fc0
fbed7fc0
fbee7fc0
fbef7fc0
fbf07fc0
fbf17fc0
fbf27fc0
fbf37fc0
fbf47fc0
fbf57fc0
fbf67fc0
fbf77fc0
fbf87fc0
fbf97fc0
fbfa7fc0
fbfb7fc0
fbfc7fc0
fbfd7fc0
fbfe7fc0
fbff7fc0
fc007fc0
fc017fc0
fc027fc0
fc037fc0
fc047fc0
fc057fc0
fc067fc0
fc077fc0
fc087fc0
fc097fc0
fc0a7fc0
fc0b7fc0
fc0c7fc0
fc0d7fc0
fc0e7fc0
fc0f7fc0
fc107fc0
fc117fc0
fc127fc0
fc137fc0
fc147fc0
fc157fc0
fc167fc0
fc177fc0
fc187fc0
fc197fc0
fc1a7fc0
fc1b7fc0
fc1c7fc0
fc1d7fc0
fc1e7fc0
fc1f7fc0
fc207fc0
fc217fc0
fc227fc0
fc237fc0
fc247fc0
fc257fc0
fc267fc0
fc277fc0
fc287fc0
fc297fc0
fc2a7fc0
fc2b7fc0
fc2c7fc0
fc2d7fc0
fc2e7fc0
fc2f7fc0
fc307fc0
fc317fc0
fc327fc0
fc337fc0
fc347fc0
fc357fc0
fc367fc0
fc377fc0
fc387fc0
fc397fc0
fc3a7fc0
fc3b7fc0
fc3c7fc0
fc3d7fc0
fc3e7fc0
fc3f7fc0
fc407fc0
fc417fc0
fc427fc0
fc437fc0
fc447fc0
fc457fc0
fc467fc0
fc477fc0
fc487fc0
fc497fc0
fc4a7fc0
fc4b7fc0
fc4c7fc0
fc4d7fc0
fc4e7fc0
fc4f7fc0
fc507fc0
fc517fc0
fc527fc0
fc537fc0
fc547fc0
fc557fc0
fc567fc0
fc577fc0
fc587fc0
fc597fc0
fc5a7fc0
fc5b7fc0
fc5c7fc0
fc5d7fc0
fc5e7fc0
fc5f7fc0
fc607fc0
fc617fc0
fc627fc0
fc637fc0
fc647fc0
fc657fc0
fc667fc0
fc677fc0
fc687fc0
fc697fc0
fc6a7fc0
fc6b7fc0
fc6c7fc0
fc6d7fc0
fc6e7fc0
fc6f7fc0
fc707fc0
fc717fc0
fc727fc0
fc737fc0
fc747fc0
fc757fc0
fc767fc0
fc777fc0
fc787fc0
fc797fc0
fc7a7fc0
fc7b7fc0
fc7c7fc0
fc7d7fc0
fc7e7fc0
fc7f7fc0
fc807fc0
fc817fc0
fc827fc0
fc837fc0
fc847fc0
fc857fc0
fc867fc0
fc877fc0
fc887fc0
fc897fc0
fc8a7fc0
fc8b7fc0
fc8c7fc0
fc8d7fc0
fc8e7fc0
fc8f7fc0
fc907fc0
fc917fc0
fc927fc0
fc937fc0
fc947fc0
fc957fc0
fc967fc0
fc977fc0
fc987fc0
fc997fc0
fc9a7fc0
fc9b7fc0
fc9c7fc0
fc9d7fc0
fc9e7fc0
fc9f7fc0
fca07fc0
fca17fc0
fca27fc0
fca37fc0
fca47fc0
fca57fc0
fca67fc0
fca77fc0
fca87fc0
fca97fc0
fcaa7fc0
fcab7fc0
fcac7fc0
fcad7fc0
fcae7fc0
fcaf7fc0
fcb07fc0
fcb17fc0
fcb27fc0
fcb37fc0
fcb47fc0
fcb57fc0
fcb67fc0
fcb77fc0
fcb87fc0
fcb97fc0
fcba7fc0
fcbb7fc0
fcbc7fc0
fcbd7fc0
fcbe7fc0
fcbf7fc0
fcc07fc0
fcc17fc0
fcc27fc0
fcc37fc0
fcc47fc0
fcc57fc0
fcc67fc0
fcc77fc0
fcc87fc0
fcc97fc0
fcca7fc0
fccb7fc0
fccc7fc0
fccd7fc0
fcce7fc0
fccf7fc0
fcd07fc0
fcd17fc0
fcd27fc0
fcd37fc0
fcd47fc0
fcd57fc0
fcd67fc0
fcd77fc0
fcd87fc0
fcd97fc0
fcda7fc0
fcdb7fc0
fcdc7fc0
fcdd7fc0
fcde7fc0
fcdf7fc0
fce07fc0
fce17fc0
fce27fc0
fce37fc0
fce47fc0
fce57fc0
fce67fc0
fce77fc0
fce87fc0
fce97fc0
fcea7fc0
fceb7fc0
fcec7fc0
fced7fc0
fcee7fc0
fcef7fc0
fcf07fc0
fcf17fc0
fcf27fc0
fcf37fc0
fcf47fc0
fcf57fc0
fcf67fc0
fcf77fc0
fcf87fc0
fcf97fc0
fcfa7fc0
fcfb7fc0
fcfc7fc0
fcfd7fc0
fcfe7fc0
fcff7fc0
fd007fc0
fd017fc0
fd027fc0
fd037fc0
fd047fc0
fd057fc0
fd067fc0
fd077fc0
fd087fc0
fd097fc0
fd0a7fc0
fd0b7fc0
fd0c7fc0
fd0d7fc0
fd0e7fc0
fd0f7fc0
fd107fc0
fd117fc0
fd127fc0
fd137fc0
fd147fc0
fd157fc0
fd167fc0
fd177fc0
fd187fc0
fd197fc0
fd1a7fc0
fd1b7fc0
fd1c7fc0
fd1d7fc0
fd1e7fc0
fd1f7fc0
fd207fc0
fd217fc0
fd227fc0
fd237fc0
fd247fc0
fd257fc0
fd267fc0
fd277fc0
fd287fc0
fd297fc0
fd2a7fc0
fd2b7fc0
fd2c7fc0
fd2d7fc0
fd2e7fc0
fd2f7fc0
fd307fc0
fd317fc0
fd327fc0
fd337fc0
fd347fc0
fd357fc0
fd367fc0
fd377fc0
fd387fc0
fd397fc0
fd3a7fc0
fd3b7fc0
fd3c7fc0
fd3d7fc0
fd3e7fc0
fd3f7fc0
fd407fc0
fd417fc0
fd427fc0
fd437fc0
fd447fc0
fd457fc0
fd467fc0
fd477fc0
fd487fc0
fd497fc0
fd4a7fc0
fd4b7fc0
fd4c7fc0
fd4d7fc0
fd4e7fc0
fd4f7fc0
fd507fc0
fd517fc0
fd527fc0
fd537fc0
fd547fc0
fd557fc0
fd567fc0
fd577fc0
fd587fc0
fd597fc0
fd5a7fc0
fd5b7fc0
fd5c7fc0
fd5d7fc0
fd5e7fc0
fd5f7fc0
fd607fc0
fd617fc0
fd627fc0
fd637fc0
fd647fc0
fd657fc0
fd667fc0
fd677fc0
fd687fc0
fd697fc0
fd6a7fc0
fd6b7fc0
fd6c7fc0
fd6d7fc0
fd6e7fc0
fd6f7fc0
fd707fc0
fd717fc0
fd727fc0
fd737fc0
fd747fc0
fd757fc0
fd767fc0
fd777fc0
fd787fc0
fd797fc0
fd7a7fc0
fd7b7fc0
fd7c7fc0
fd7d7fc0
fd7e7fc0
fd7f7fc0
fd807fc0
fd817fc0
fd827fc0
fd837fc0
fd847fc0
fd857fc0
fd867fc0
fd877fc0
fd887fc0
fd897fc0
fd8a7fc0
fd8b7fc0
fd8c7fc0
fd8d7fc0
fd8e7fc0
fd8f7fc0
fd907fc0
fd917fc0
fd927fc0
fd937fc0
fd947fc0
fd957fc0
fd967fc0
fd977fc0
fd987fc0
fd997fc0
fd9a7fc0
fd9b7fc0
fd9c7fc0
fd9d7fc0
fd9e7fc0
fd9f7fc0
fda07fc0
fda17fc0
fda27fc0
fda37fc0
fda47fc0
fda57fc0
fda67fc0
fda77fc0
fda87fc0
fda97fc0
fdaa7fc0
fdab7fc0
fdac7fc0
fdad7fc0
fdae7fc0
fdaf7fc0
fdb07fc0
fdb17fc0
fdb27fc0
fdb37fc0
fdb47fc0
fdb57fc0
fdb67fc0
fdb77fc0
fdb87fc0
fdb97fc0
fdba7fc0
fdbb7fc0
fdbc7fc0
fdbd7fc0
fdbe7fc0
fdbf7fc0
fdc07fc0
fdc17fc0
fdc27fc0
fdc37fc0
fdc47fc0
fdc57fc0
fdc67fc0
fdc77fc0
fdc87fc0
fdc97fc0
fdca7fc0
fdcb7fc0
fdcc7fc0
fdcd7fc0
fdce7fc0
fdcf7fc0
fdd07fc0
fdd17fc0
fdd27fc0
fdd37fc0
fdd47fc0
fdd57fc0
fdd67fc0
fdd77fc0
fdd87fc0
fdd97fc0
fdda7fc0
fddb7fc0
fddc7fc0
fddd7fc0
fdde7fc0
fddf7fc0
fde07fc0
fde17fc0
fde27fc0
fde37fc0
fde47fc0
fde57fc0
fde67fc0
fde77fc0
fde87fc0
fde97fc0
fdea7fc0
fdeb7fc0
fdec7fc0
fded7fc0
fdee7fc0
fdef7fc0
fdf07fc0
fdf17fc0
fdf27fc0
fdf37fc0
fdf47fc0
fdf57fc0
fdf67fc0
fdf77fc0
fdf87fc0
fdf97fc0
fdfa7fc0
fdfb7fc0
fdfc7fc0
fdfd7fc0
fdfe7fc0
fdff7fc0
fe007fc0
fe017fc0
fe027fc0
fe037fc0
fe047fc0
fe057fc0
fe067fc0
fe077fc0
fe087fc0
fe097fc0
fe0a7fc0
fe0b7fc0
fe0c7fc0
fe0d7fc0
fe0e7fc0
fe0f7fc0
fe107fc0
fe117fc0
fe127fc0
fe137fc0
fe147fc0
fe157fc0
fe167fc0
fe177fc0
fe187fc0
fe197fc0
fe1a7fc0
fe1b7fc0
fe1c7fc0
fe1d7fc0
fe1e7fc0
fe1f7fc0
fe207fc0
fe217fc0
fe227fc0
fe237fc0
fe247fc0
fe257fc0
fe267fc0
fe277fc0
fe287fc0
fe297fc0
fe2a7fc0
fe2b7fc0
fe2c7fc0
fe2d7fc0
fe2e7fc0
fe2f7fc0
fe307fc0
fe317fc0
fe327fc0
fe337fc0
fe347fc0
fe357fc0
fe367fc0
fe377fc0
fe387fc0
fe397fc0
fe3a7fc0
fe3b7fc0
fe3c7fc0
fe3d7fc0
fe3e7fc0
fe3f7fc0
fe407fc0
fe417fc0
fe427fc0
fe437fc0
fe447fc0
fe457fc0
fe467fc0
fe477fc0
fe487fc0
fe497fc0
fe4a7fc0
fe4b7fc0
fe4c7fc0
fe4d7fc0
fe4e7fc0
fe4f7fc0
fe507fc0
fe517fc0
fe527fc0
fe537fc0
fe547fc0
fe557fc0
fe567fc0
fe577fc0
fe587fc0
fe597fc0
fe5a7fc0
fe5b7fc0
fe5c7fc0
fe5d7fc0
fe5e7fc0
fe5f7fc0
fe607fc0
fe617fc0
fe627fc0
fe637fc0
fe647fc0
fe657fc0
fe667fc0
fe677fc0
fe687fc0
fe697fc0
fe6a7fc0
fe6b7fc0
fe6c7fc0
fe6d7fc0
fe6e7fc0
fe6f7fc0
fe707fc0
fe717fc0
fe727fc0
fe737fc0
fe747fc0
fe757fc0
fe767fc0
fe777fc0
fe787fc0
fe797fc0
fe7a7fc0
fe7b7fc0
fe7c7fc0
fe7d7fc0
fe7e7fc0
fe7f7fc0
fe807fc0
fe817fc0
fe827fc0
fe837fc0
fe847fc0
fe857fc0
fe867fc0
fe877fc0
fe887fc0
fe897fc0
fe8a7fc0
fe8b7fc0
fe8c7fc0
fe8d7fc0
fe8e7fc0
fe8f7fc0
fe907fc0
fe917fc0
fe927fc0
fe937fc0
fe947fc0
fe957fc0
fe967fc0
fe977fc0
fe987fc0
fe997fc0
fe9a7fc0
fe9b7fc0
fe9c7fc0
fe9d7fc0
fe9e7fc0
fe9f7fc0
fea07fc0
fea17fc0
fea27fc0
fea37fc0
fea47fc0
fea57fc0
fea67fc0
fea77fc0
fea87fc0
fea97fc0
feaa7fc0
feab7fc0
feac7fc0
fead7fc0
feae7fc0
feaf7fc0
feb07fc0
feb17fc0
feb27fc0
feb37fc0
feb47fc0
feb57fc0
feb67fc0
feb77fc0
feb87fc0
feb97fc0
feba7fc0
febb7fc0
febc7fc0
febd7fc0
febe7fc0
febf7fc0
fec07fc0
fec17fc0
fec27fc0
fec37fc0
fec47fc0
fec57fc0
fec67fc0
fec77fc0
fec87fc0
fec97fc0
feca7fc0
fecb7fc0
fecc7fc0
fecd7fc0
fece7fc0
fecf7fc0
fed07fc0
fed17fc0
fed27fc0
fed37fc0
fed47fc0
fed57fc0
fed67fc0
fed77fc0
fed87fc0
fed97fc0
feda7fc0
fedb7fc0
fedc7fc0
fedd7fc0
fede7fc0
fedf7fc0
fee07fc0
fee17fc0
fee27fc0
fee37fc0
fee47fc0
fee57fc0
fee67fc0
fee77fc0
fee87fc0
fee97fc0
feea7fc0
feeb7fc0
feec7fc0
feed7fc0
feee7fc0
feef7fc0
fef07fc0
fef17fc0
fef27fc0
fef37fc0
fef47fc0
fef57fc0
fef67fc0
fef77fc0
fef87fc0
fef97fc0
fefa7fc0
fefb7fc0
fefc7fc0
fefd7fc0
fefe7fc0
feff7fc0
ff007fc0
ff017fc0
ff027fc0
ff037fc0
ff047fc0
ff057fc0
ff067fc0
ff077fc0
ff087fc0
ff097fc0
ff0a7fc0
ff0b7fc0
ff0c7fc0
ff0d7fc0
ff0e7fc0
ff0f7fc0
ff107fc0
ff117fc0
ff127fc0
ff137fc0
ff147fc0
ff157fc0
ff167fc0
ff177fc0
ff187fc0
ff197fc0
ff1a7fc0
ff1b7fc0
ff1c7fc0
ff1d7fc0
ff1e7fc0
ff1f7fc0
ff207fc0
ff217fc0
ff227fc0
ff237fc0
ff247fc0
ff257fc0
ff267fc0
ff277fc0
ff287fc0
ff297fc0
ff2a7fc0
ff2b7fc0
ff2c7fc0
ff2d7fc0
ff2e7fc0
ff2f7fc0
ff307fc0
ff317fc0
ff327fc0
ff337fc0
ff347fc0
ff357fc0
ff367fc0
ff377fc0
ff387fc0
ff397fc0
ff3a7fc0
ff3b7fc0
ff3c7fc0
ff3d7fc0
ff3e7fc0
ff3f7fc0
ff407fc0
ff417fc0
ff427fc0
ff437fc0
ff447fc0
ff457fc0
ff467fc0
ff477fc0
ff487fc0
ff497fc0
ff4a7fc0
ff4b7fc0
ff4c7fc0
ff4d7fc0
ff4e7fc0
ff4f7fc0
ff507fc0
ff517fc0
ff527fc0
ff537fc0
ff547fc0
ff557fc0
ff567fc0
ff577fc0
ff587fc0
ff597fc0
ff5a7fc0
ff5b7fc0
ff5c7fc0
ff5d7fc0
ff5e7fc0
ff5f7fc0
ff607fc0
ff617fc0
ff627fc0
ff637fc0
ff647fc0
ff657fc0
ff667fc0
ff677fc0
ff687fc0
ff697fc0
ff6a7fc0
ff6b7fc0
ff6c7fc0
ff6d7fc0
ff6e7fc0
ff6f7fc0
ff707fc0
ff717fc0
ff727fc0
ff737fc0
ff747fc0
ff757fc0
ff767fc0
ff777fc0
ff787fc0
ff797fc0
ff7a7fc0
ff7b7fc0
ff7c7fc0
ff7d7fc0
ff7e7fc0
ff7f7fc0
ff807fc0
ff817fc0
ff827fc0
ff837fc0
ff847fc0
ff857fc0
ff867fc0
ff877fc0
ff887fc0
ff897fc0
ff8a7fc0
ff8b7fc0
ff8c7fc0
ff8d7fc0
ff8e7fc0
ff8f7fc0
ff907fc0
ff917fc0
ff927fc0
ff937fc0
ff947fc0
ff957fc0
ff967fc0
ff977fc0
ff987fc0
ff997fc0
ff9a7fc0
ff9b7fc0
ff9c7fc0
ff9d7fc0
ff9e7fc0
ff9f7fc0
ffa07fc0
ffa17fc0
ffa27fc0
ffa37fc0
ffa47fc0
ffa57fc0
ffa67fc0
ffa77fc0
ffa87fc0
ffa97fc0
ffaa7fc0
ffab7fc0
ffac7fc0
ffad7fc0
ffae7fc0
ffaf7fc0
ffb07fc0
ffb17fc0
ffb27fc0
ffb37fc0
ffb47fc0
ffb57fc0
ffb67fc0
ffb77fc0
ffb87fc0
ffb97fc0
ffba7fc0
ffbb7fc0
ffbc7fc0
ffbd7fc0
ffbe7fc0
ffbf7fc0
ffc07fc0
ffc17fc0
ffc27fc0
ffc37fc0
ffc47fc0
ffc57fc0
ffc67fc0
ffc77fc0
ffc87fc0
ffc97fc0
ffca7fc0
ffcb7fc0
ffcc7fc0
ffcd7fc0
ffce7fc0
ffcf7fc0
ffd07fc0
ffd17fc0
ffd27fc0
ffd37fc0
ffd47fc0
ffd57fc0
ffd67fc0
ffd77fc0
ffd87fc0
ffd97fc0
ffda7fc0
ffdb7fc0
ffdc7fc0
ffdd7fc0
ffde7fc0
ffdf7fc0
ffe07fc0
ffe17fc0
ffe27fc0
ffe37fc0
ffe47fc0
ffe57fc0
ffe67fc0
ffe77fc0
ffe87fc0
ffe97fc0
ffea7fc0
ffeb7fc0
ffec7fc0
ffed7fc0
ffee7fc0
ffef7fc0
fff07fc0
fff17fc0
fff27fc0
fff37fc0
fff47fc0
fff57fc0
fff67fc0
fff77fc0
fff87fc0
fff97fc0
fffa7fc0
fffb7fc0
fffc7fc0
fffd7fc0
fffe7fc0
ffff7fc0
