00007c00
00016bfa
000269a7
0003689f
000467fa
00056726
00066689
0007660a
000865a7
00096556
000a650e
000b64d3
000c649f
000d646f
000e6446
000f6422
001063fa
001163c1
0012638d
00136353
00146326
001562fd
001662cf
001762ab
00186289
00196263
001a6246
001b6229
001c620a
001d61f0
001e61d8
001f61bd
002061a7
00216193
0022617b
00236168
00246156
00256141
00266130
00276120
0028610e
002960ff
002a60f1
002b60e0
002c60d3
002d60c6
002e60b7
002f60ab
0030609f
00316091
00326086
0033607b
0034606f
00356065
0036605b
00376050
00386046
0039603d
003a6033
003b602a
003c6022
003d6018
003e6010
003f6008
00405ffa
00415fee
00425fe3
00435fcc
00445fc1
00455fb6
00465fa1
00475f97
00485f8d
00495f79
004a5f6f
004b5f65
004c5f53
004d5f4a
004e5f41
004f5f2f
00505f26
00515f1e
00525f0d
00535f05
00545efd
00555eed
00565ee5
00575ede
00585ecf
00595ec7
005a5ec0
005b5eb2
005c5eab
005d5ea4
005e5e97
005f5e90
00605e89
00615e7c
00625e76
00635e70
00645e63
00655e5d
00665e57
00675e4b
00685e46
00695e40
006a5e35
006b5e2f
006c5e29
006d5e1f
006e5e19
006f5e14
00705e0a
00715e04
00725dff
00735df5
00745df0
00755dec
00765de2
00775ddd
00785dd8
00795dcf
007a5dcb
007b5dc6
007c5dbd
007d5db9
007e5db4
007f5dac
00805da7
00815da3
00825d9b
00835d97
00845d93
00855d8b
00865d87
00875d83
00885d7b
00895d77
008a5d73
008b5d6c
008c5d68
008d5d64
008e5d5d
008f5d5a
00905d56
00915d4f
00925d4b
00935d48
00945d41
00955d3e
00965d3a
00975d34
00985d30
00995d2d
009a5d27
009b5d23
009c5d20
009d5d1a
009e5d17
009f5d14
00a05d0e
00a15d0b
00a25d08
00a35d02
00a45cff
00a55cfc
00a65cf6
00a75cf3
00a85cf1
00a95ceb
00aa5ce8
00ab5ce5
00ac5ce0
00ad5cdd
00ae5cdb
00af5cd5
00b05cd3
00b15cd0
00b25ccb
00b35cc8
00b45cc6
00b55cc1
00b65cbe
00b75cbc
00b85cb7
00b95cb4
00ba5cb2
00bb5cad
00bc5cab
00bd5ca8
00be5ca3
00bf5ca1
00c05c9f
00c15c9a
00c25c98
00c35c96
00c45c91
00c55c8f
00c65c8d
00c75c88
00c85c86
00c95c84
00ca5c80
00cb5c7e
00cc5c7b
00cd5c77
00ce5c75
00cf5c73
00d05c6f
00d15c6d
00d25c6b
00d35c67
00d45c65
00d55c63
00d65c5f
00d75c5d
00d85c5b
00d95c57
00da5c55
00db5c53
00dc5c50
00dd5c4e
00de5c4c
00df5c48
00e05c46
00e15c45
00e25c41
00e35c3f
00e45c3d
00e55c3a
00e65c38
00e75c36
00e85c33
00e95c31
00ea5c2f
00eb5c2c
00ec5c2a
00ed5c29
00ee5c25
00ef5c24
00f05c22
00f15c1f
00f25c1d
00f35c1b
00f45c18
00f55c16
00f65c15
00f75c12
00f85c10
00f95c0f
00fa5c0b
00fb5c0a
00fc5c08
00fd5c05
00fe5c04
00ff5c02
01005bfa
01015bfa
01025bfa
01035bee
01045bee
01055bee
01065be3
01075be3
01085be3
01095bd7
010a5bd7
010b5bd7
010c5bcc
010d5bcc
010e5bcc
010f5bc1
01105bc1
01115bc1
01125bb6
01135bb6
01145bb6
01155bac
01165bac
01175bac
01185ba1
01195ba1
011a5ba1
011b5b97
011c5b97
011d5b97
011e5b8d
011f5b8d
01205b8d
01215b83
01225b83
01235b83
01245b79
01255b79
01265b79
01275b6f
01285b6f
01295b6f
012a5b65
012b5b65
012c5b65
012d5b5c
012e5b5c
012f5b5c
01305b53
01315b53
01325b53
01335b4a
01345b4a
01355b4a
01365b41
01375b41
01385b41
01395b38
013a5b38
013b5b38
013c5b2f
013d5b2f
013e5b2f
013f5b26
01405b26
01415b26
01425b1e
01435b1e
01445b1e
01455b15
01465b15
01475b15
01485b0d
01495b0d
014a5b0d
014b5b05
014c5b05
014d5b05
014e5afd
014f5afd
01505afd
01515af5
01525af5
01535af5
01545aed
01555aed
01565aed
01575ae5
01585ae5
01595ae5
015a5ade
015b5ade
015c5ade
015d5ad6
015e5ad6
015f5ad6
01605acf
01615acf
01625acf
01635ac7
01645ac7
01655ac7
01665ac0
01675ac0
01685ac0
01695ab9
016a5ab9
016b5ab9
016c5ab2
016d5ab2
016e5ab2
016f5aab
01705aab
01715aab
01725aa4
01735aa4
01745aa4
01755a9d
01765a9d
01775a9d
01785a97
01795a97
017a5a97
017b5a90
017c5a90
017d5a90
017e5a89
017f5a89
01805a89
01815a83
01825a83
01835a83
01845a7c
01855a7c
01865a7c
01875a76
01885a76
01895a76
018a5a70
018b5a70
018c5a70
018d5a69
018e5a69
018f5a69
01905a63
01915a63
01925a63
01935a5d
01945a5d
01955a5d
01965a57
01975a57
01985a57
01995a51
019a5a51
019b5a51
019c5a4b
019d5a4b
019e5a4b
019f5a46
01a05a46
01a15a46
01a25a40
01a35a40
01a45a40
01a55a3a
01a65a3a
01a75a3a
01a85a35
01a95a35
01aa5a35
01ab5a2f
01ac5a2f
01ad5a2f
01ae5a29
01af5a29
01b05a29
01b15a24
01b25a24
01b35a24
01b45a1f
01b55a1f
01b65a1f
01b75a19
01b85a19
01b95a19
01ba5a14
01bb5a14
01bc5a14
01bd5a0f
01be5a0f
01bf5a0f
01c05a0a
01c15a0a
01c25a0a
01c35a04
01c45a04
01c55a04
01c659ff
01c759ff
01c859ff
01c959fa
01ca59fa
01cb59fa
01cc59f5
01cd59f5
01ce59f5
01cf59f0
01d059f0
01d159f0
01d259ec
01d359ec
01d459ec
01d559e7
01d659e7
01d759e7
01d859e2
01d959e2
01da59e2
01db59dd
01dc59dd
01dd59dd
01de59d8
01df59d8
01e059d8
01e159d4
01e259d4
01e359d4
01e459cf
01e559cf
01e659cf
01e759cb
01e859cb
01e959cb
01ea59c6
01eb59c6
01ec59c6
01ed59c2
01ee59c2
01ef59c2
01f059bd
01f159bd
01f259bd
01f359b9
01f459b9
01f559b9
01f659b4
01f759b4
01f859b4
01f959b0
01fa59b0
01fb59b0
01fc59ac
01fd59ac
01fe59ac
01ff59a7
020059a7
020159a7
020259a3
020359a3
020459a3
0205599f
0206599f
0207599f
0208599b
0209599b
020a599b
020b5997
020c5997
020d5997
020e5993
020f5993
02105993
0211598f
0212598f
0213598f
0214598b
0215598b
0216598b
02175987
02185987
02195987
021a5983
021b5983
021c5983
021d597f
021e597f
021f597f
0220597b
0221597b
0222597b
02235977
02245977
02255977
02265973
02275973
02285973
02295970
022a5970
022b5970
022c596c
022d596c
022e596c
022f5968
02305968
02315968
02325964
02335964
02345964
02355961
02365961
02375961
0238595d
0239595d
023a595d
023b595a
023c595a
023d595a
023e5956
023f5956
02405956
02415952
02425952
02435952
0244594f
0245594f
0246594f
0247594b
0248594b
0249594b
024a5948
024b5948
024c5948
024d5944
024e5944
024f5944
02505941
02515941
02525941
0253593e
0254593e
0255593e
0256593a
0257593a
0258593a
02595937
025a5937
025b5937
025c5934
025d5934
025e5934
025f5930
02605930
02615930
0262592d
0263592d
0264592d
0265592a
0266592a
0267592a
02685927
02695927
026a5927
026b5923
026c5923
026d5923
026e5920
026f5920
02705920
0271591d
0272591d
0273591d
0274591a
0275591a
0276591a
02775917
02785917
02795917
027a5914
027b5914
027c5914
027d5911
027e5911
027f5911
0280590e
0281590e
0282590e
0283590b
0284590b
0285590b
02865908
02875908
02885908
02895905
028a5905
028b5905
028c5902
028d5902
028e5902
028f58ff
029058ff
029158ff
029258fc
029358fc
029458fc
029558f9
029658f9
029758f9
029858f6
029958f6
029a58f6
029b58f3
029c58f3
029d58f3
029e58f1
029f58f1
02a058f1
02a158ee
02a258ee
02a358ee
02a458eb
02a558eb
02a658eb
02a758e8
02a858e8
02a958e8
02aa58e5
02ab58e5
02ac58e5
02ad58e3
02ae58e3
02af58e3
02b058e0
02b158e0
02b258e0
02b358dd
02b458dd
02b558dd
02b658db
02b758db
02b858db
02b958d8
02ba58d8
02bb58d8
02bc58d5
02bd58d5
02be58d5
02bf58d3
02c058d3
02c158d3
02c258d0
02c358d0
02c458d0
02c558cd
02c658cd
02c758cd
02c858cb
02c958cb
02ca58cb
02cb58c8
02cc58c8
02cd58c8
02ce58c6
02cf58c6
02d058c6
02d158c3
02d258c3
02d358c3
02d458c1
02d558c1
02d658c1
02d758be
02d858be
02d958be
02da58bc
02db58bc
02dc58bc
02dd58b9
02de58b9
02df58b9
02e058b7
02e158b7
02e258b7
02e358b4
02e458b4
02e558b4
02e658b2
02e758b2
02e858b2
02e958af
02ea58af
02eb58af
02ec58ad
02ed58ad
02ee58ad
02ef58ab
02f058ab
02f158ab
02f258a8
02f358a8
02f458a8
02f558a6
02f658a6
02f758a6
02f858a3
02f958a3
02fa58a3
02fb58a1
02fc58a1
02fd58a1
02fe589f
02ff589f
0300589f
0301589c
0302589c
0303589c
0304589a
0305589a
0306589a
03075898
03085898
03095898
030a5896
030b5896
030c5896
030d5893
030e5893
030f5893
03105891
03115891
03125891
0313588f
0314588f
0315588f
0316588d
0317588d
0318588d
0319588b
031a588b
031b588b
031c5888
031d5888
031e5888
031f5886
03205886
03215886
03225884
03235884
03245884
03255882
03265882
03275882
03285880
03295880
032a5880
032b587e
032c587e
032d587e
032e587b
032f587b
0330587b
03315879
03325879
03335879
03345877
03355877
03365877
03375875
03385875
03395875
033a5873
033b5873
033c5873
033d5871
033e5871
033f5871
0340586f
0341586f
0342586f
0343586d
0344586d
0345586d
0346586b
0347586b
0348586b
03495869
034a5869
034b5869
034c5867
034d5867
034e5867
034f5865
03505865
03515865
03525863
03535863
03545863
03555861
03565861
03575861
0358585f
0359585f
035a585f
035b585d
035c585d
035d585d
035e585b
035f585b
0360585b
03615859
03625859
03635859
03645857
03655857
03665857
03675855
03685855
03695855
036a5853
036b5853
036c5853
036d5852
036e5852
036f5852
03705850
03715850
03725850
0373584e
0374584e
0375584e
0376584c
0377584c
0378584c
0379584a
037a584a
037b584a
037c5848
037d5848
037e5848
037f5846
03805846
03815846
03825845
03835845
03845845
03855843
03865843
03875843
03885841
03895841
038a5841
038b583f
038c583f
038d583f
038e583d
038f583d
0390583d
0391583c
0392583c
0393583c
0394583a
0395583a
0396583a
03975838
03985838
03995838
039a5836
039b5836
039c5836
039d5835
039e5835
039f5835
03a05833
03a15833
03a25833
03a35831
03a45831
03a55831
03a6582f
03a7582f
03a8582f
03a9582e
03aa582e
03ab582e
03ac582c
03ad582c
03ae582c
03af582a
03b0582a
03b1582a
03b25829
03b35829
03b45829
03b55827
03b65827
03b75827
03b85825
03b95825
03ba5825
03bb5824
03bc5824
03bd5824
03be5822
03bf5822
03c05822
03c15820
03c25820
03c35820
03c4581f
03c5581f
03c6581f
03c7581d
03c8581d
03c9581d
03ca581b
03cb581b
03cc581b
03cd581a
03ce581a
03cf581a
03d05818
03d15818
03d25818
03d35816
03d45816
03d55816
03d65815
03d75815
03d85815
03d95813
03da5813
03db5813
03dc5812
03dd5812
03de5812
03df5810
03e05810
03e15810
03e2580f
03e3580f
03e4580f
03e5580d
03e6580d
03e7580d
03e8580b
03e9580b
03ea580b
03eb580a
03ec580a
03ed580a
03ee5808
03ef5808
03f05808
03f15807
03f25807
03f35807
03f45805
03f55805
03f65805
03f75804
03f85804
03f95804
03fa5802
03fb5802
03fc5802
03fd5801
03fe5801
03ff5801
040057fa
040157fa
040257fa
040357fa
040457fa
040557fa
040657fa
040757fa
040857fa
040957fa
040a57fa
040b57fa
040c57ee
040d57ee
040e57ee
040f57ee
041057ee
041157ee
041257ee
041357ee
041457ee
041557ee
041657ee
041757ee
041857e3
041957e3
041a57e3
041b57e3
041c57e3
041d57e3
041e57e3
041f57e3
042057e3
042157e3
042257e3
042357e3
042457d7
042557d7
042657d7
042757d7
042857d7
042957d7
042a57d7
042b57d7
042c57d7
042d57d7
042e57d7
042f57d7
043057cc
043157cc
043257cc
043357cc
043457cc
043557cc
043657cc
043757cc
043857cc
043957cc
043a57cc
043b57cc
043c57c1
043d57c1
043e57c1
043f57c1
044057c1
044157c1
044257c1
044357c1
044457c1
044557c1
044657c1
044757c1
044857b6
044957b6
044a57b6
044b57b6
044c57b6
044d57b6
044e57b6
044f57b6
045057b6
045157b6
045257b6
045357b6
045457ac
045557ac
045657ac
045757ac
045857ac
045957ac
045a57ac
045b57ac
045c57ac
045d57ac
045e57ac
045f57ac
046057a1
046157a1
046257a1
046357a1
046457a1
046557a1
046657a1
046757a1
046857a1
046957a1
046a57a1
046b57a1
046c5797
046d5797
046e5797
046f5797
04705797
04715797
04725797
04735797
04745797
04755797
04765797
04775797
0478578d
0479578d
047a578d
047b578d
047c578d
047d578d
047e578d
047f578d
0480578d
0481578d
0482578d
0483578d
04845783
04855783
04865783
04875783
04885783
04895783
048a5783
048b5783
048c5783
048d5783
048e5783
048f5783
04905779
04915779
04925779
04935779
04945779
04955779
04965779
04975779
04985779
04995779
049a5779
049b5779
049c576f
049d576f
049e576f
049f576f
04a0576f
04a1576f
04a2576f
04a3576f
04a4576f
04a5576f
04a6576f
04a7576f
04a85765
04a95765
04aa5765
04ab5765
04ac5765
04ad5765
04ae5765
04af5765
04b05765
04b15765
04b25765
04b35765
04b4575c
04b5575c
04b6575c
04b7575c
04b8575c
04b9575c
04ba575c
04bb575c
04bc575c
04bd575c
04be575c
04bf575c
04c05753
04c15753
04c25753
04c35753
04c45753
04c55753
04c65753
04c75753
04c85753
04c95753
04ca5753
04cb5753
04cc574a
04cd574a
04ce574a
04cf574a
04d0574a
04d1574a
04d2574a
04d3574a
04d4574a
04d5574a
04d6574a
04d7574a
04d85741
04d95741
04da5741
04db5741
04dc5741
04dd5741
04de5741
04df5741
04e05741
04e15741
04e25741
04e35741
04e45738
04e55738
04e65738
04e75738
04e85738
04e95738
04ea5738
04eb5738
04ec5738
04ed5738
04ee5738
04ef5738
04f0572f
04f1572f
04f2572f
04f3572f
04f4572f
04f5572f
04f6572f
04f7572f
04f8572f
04f9572f
04fa572f
04fb572f
04fc5726
04fd5726
04fe5726
04ff5726
05005726
05015726
05025726
05035726
05045726
05055726
05065726
05075726
0508571e
0509571e
050a571e
050b571e
050c571e
050d571e
050e571e
050f571e
0510571e
0511571e
0512571e
0513571e
05145715
05155715
05165715
05175715
05185715
05195715
051a5715
051b5715
051c5715
051d5715
051e5715
051f5715
0520570d
0521570d
0522570d
0523570d
0524570d
0525570d
0526570d
0527570d
0528570d
0529570d
052a570d
052b570d
052c5705
052d5705
052e5705
052f5705
05305705
05315705
05325705
05335705
05345705
05355705
05365705
05375705
053856fd
053956fd
053a56fd
053b56fd
053c56fd
053d56fd
053e56fd
053f56fd
054056fd
054156fd
054256fd
054356fd
054456f5
054556f5
054656f5
054756f5
054856f5
054956f5
054a56f5
054b56f5
054c56f5
054d56f5
054e56f5
054f56f5
055056ed
055156ed
055256ed
055356ed
055456ed
055556ed
055656ed
055756ed
055856ed
055956ed
055a56ed
055b56ed
055c56e5
055d56e5
055e56e5
055f56e5
056056e5
056156e5
056256e5
056356e5
056456e5
056556e5
056656e5
056756e5
056856de
056956de
056a56de
056b56de
056c56de
056d56de
056e56de
056f56de
057056de
057156de
057256de
057356de
057456d6
057556d6
057656d6
057756d6
057856d6
057956d6
057a56d6
057b56d6
057c56d6
057d56d6
057e56d6
057f56d6
058056cf
058156cf
058256cf
058356cf
058456cf
058556cf
058656cf
058756cf
058856cf
058956cf
058a56cf
058b56cf
058c56c7
058d56c7
058e56c7
058f56c7
059056c7
059156c7
059256c7
059356c7
059456c7
059556c7
059656c7
059756c7
059856c0
059956c0
059a56c0
059b56c0
059c56c0
059d56c0
059e56c0
059f56c0
05a056c0
05a156c0
05a256c0
05a356c0
05a456b9
05a556b9
05a656b9
05a756b9
05a856b9
05a956b9
05aa56b9
05ab56b9
05ac56b9
05ad56b9
05ae56b9
05af56b9
05b056b2
05b156b2
05b256b2
05b356b2
05b456b2
05b556b2
05b656b2
05b756b2
05b856b2
05b956b2
05ba56b2
05bb56b2
05bc56ab
05bd56ab
05be56ab
05bf56ab
05c056ab
05c156ab
05c256ab
05c356ab
05c456ab
05c556ab
05c656ab
05c756ab
05c856a4
05c956a4
05ca56a4
05cb56a4
05cc56a4
05cd56a4
05ce56a4
05cf56a4
05d056a4
05d156a4
05d256a4
05d356a4
05d4569d
05d5569d
05d6569d
05d7569d
05d8569d
05d9569d
05da569d
05db569d
05dc569d
05dd569d
05de569d
05df569d
05e05697
05e15697
05e25697
05e35697
05e45697
05e55697
05e65697
05e75697
05e85697
05e95697
05ea5697
05eb5697
05ec5690
05ed5690
05ee5690
05ef5690
05f05690
05f15690
05f25690
05f35690
05f45690
05f55690
05f65690
05f75690
05f85689
05f95689
05fa5689
05fb5689
05fc5689
05fd5689
05fe5689
05ff5689
06005689
06015689
06025689
06035689
06045683
06055683
06065683
06075683
06085683
06095683
060a5683
060b5683
060c5683
060d5683
060e5683
060f5683
0610567c
0611567c
0612567c
0613567c
0614567c
0615567c
0616567c
0617567c
0618567c
0619567c
061a567c
061b567c
061c5676
061d5676
061e5676
061f5676
06205676
06215676
06225676
06235676
06245676
06255676
06265676
06275676
06285670
06295670
062a5670
062b5670
062c5670
062d5670
062e5670
062f5670
06305670
06315670
06325670
06335670
06345669
06355669
06365669
06375669
06385669
06395669
063a5669
063b5669
063c5669
063d5669
063e5669
063f5669
06405663
06415663
06425663
06435663
06445663
06455663
06465663
06475663
06485663
06495663
064a5663
064b5663
064c565d
064d565d
064e565d
064f565d
0650565d
0651565d
0652565d
0653565d
0654565d
0655565d
0656565d
0657565d
06585657
06595657
065a5657
065b5657
065c5657
065d5657
065e5657
065f5657
06605657
06615657
06625657
06635657
06645651
06655651
06665651
06675651
06685651
06695651
066a5651
066b5651
066c5651
066d5651
066e5651
066f5651
0670564b
0671564b
0672564b
0673564b
0674564b
0675564b
0676564b
0677564b
0678564b
0679564b
067a564b
067b564b
067c5646
067d5646
067e5646
067f5646
06805646
06815646
06825646
06835646
06845646
06855646
06865646
06875646
06885640
06895640
068a5640
068b5640
068c5640
068d5640
068e5640
068f5640
06905640
06915640
06925640
06935640
0694563a
0695563a
0696563a
0697563a
0698563a
0699563a
069a563a
069b563a
069c563a
069d563a
069e563a
069f563a
06a05635
06a15635
06a25635
06a35635
06a45635
06a55635
06a65635
06a75635
06a85635
06a95635
06aa5635
06ab5635
06ac562f
06ad562f
06ae562f
06af562f
06b0562f
06b1562f
06b2562f
06b3562f
06b4562f
06b5562f
06b6562f
06b7562f
06b85629
06b95629
06ba5629
06bb5629
06bc5629
06bd5629
06be5629
06bf5629
06c05629
06c15629
06c25629
06c35629
06c45624
06c55624
06c65624
06c75624
06c85624
06c95624
06ca5624
06cb5624
06cc5624
06cd5624
06ce5624
06cf5624
06d0561f
06d1561f
06d2561f
06d3561f
06d4561f
06d5561f
06d6561f
06d7561f
06d8561f
06d9561f
06da561f
06db561f
06dc5619
06dd5619
06de5619
06df5619
06e05619
06e15619
06e25619
06e35619
06e45619
06e55619
06e65619
06e75619
06e85614
06e95614
06ea5614
06eb5614
06ec5614
06ed5614
06ee5614
06ef5614
06f05614
06f15614
06f25614
06f35614
06f4560f
06f5560f
06f6560f
06f7560f
06f8560f
06f9560f
06fa560f
06fb560f
06fc560f
06fd560f
06fe560f
06ff560f
0700560a
0701560a
0702560a
0703560a
0704560a
0705560a
0706560a
0707560a
0708560a
0709560a
070a560a
070b560a
070c5604
070d5604
070e5604
070f5604
07105604
07115604
07125604
07135604
07145604
07155604
07165604
07175604
071855ff
071955ff
071a55ff
071b55ff
071c55ff
071d55ff
071e55ff
071f55ff
072055ff
072155ff
072255ff
072355ff
072455fa
072555fa
072655fa
072755fa
072855fa
072955fa
072a55fa
072b55fa
072c55fa
072d55fa
072e55fa
072f55fa
073055f5
073155f5
073255f5
073355f5
073455f5
073555f5
073655f5
073755f5
073855f5
073955f5
073a55f5
073b55f5
073c55f0
073d55f0
073e55f0
073f55f0
074055f0
074155f0
074255f0
074355f0
074455f0
074555f0
074655f0
074755f0
074855ec
074955ec
074a55ec
074b55ec
074c55ec
074d55ec
074e55ec
074f55ec
075055ec
075155ec
075255ec
075355ec
075455e7
075555e7
075655e7
075755e7
075855e7
075955e7
075a55e7
075b55e7
075c55e7
075d55e7
075e55e7
075f55e7
076055e2
076155e2
076255e2
076355e2
076455e2
076555e2
076655e2
076755e2
076855e2
076955e2
076a55e2
076b55e2
076c55dd
076d55dd
076e55dd
076f55dd
077055dd
077155dd
077255dd
077355dd
077455dd
077555dd
077655dd
077755dd
077855d8
077955d8
077a55d8
077b55d8
077c55d8
077d55d8
077e55d8
077f55d8
078055d8
078155d8
078255d8
078355d8
078455d4
078555d4
078655d4
078755d4
078855d4
078955d4
078a55d4
078b55d4
078c55d4
078d55d4
078e55d4
078f55d4
079055cf
079155cf
079255cf
079355cf
079455cf
079555cf
079655cf
079755cf
079855cf
079955cf
079a55cf
079b55cf
079c55cb
079d55cb
079e55cb
079f55cb
07a055cb
07a155cb
07a255cb
07a355cb
07a455cb
07a555cb
07a655cb
07a755cb
07a855c6
07a955c6
07aa55c6
07ab55c6
07ac55c6
07ad55c6
07ae55c6
07af55c6
07b055c6
07b155c6
07b255c6
07b355c6
07b455c2
07b555c2
07b655c2
07b755c2
07b855c2
07b955c2
07ba55c2
07bb55c2
07bc55c2
07bd55c2
07be55c2
07bf55c2
07c055bd
07c155bd
07c255bd
07c355bd
07c455bd
07c555bd
07c655bd
07c755bd
07c855bd
07c955bd
07ca55bd
07cb55bd
07cc55b9
07cd55b9
07ce55b9
07cf55b9
07d055b9
07d155b9
07d255b9
07d355b9
07d455b9
07d555b9
07d655b9
07d755b9
07d855b4
07d955b4
07da55b4
07db55b4
07dc55b4
07dd55b4
07de55b4
07df55b4
07e055b4
07e155b4
07e255b4
07e355b4
07e455b0
07e555b0
07e655b0
07e755b0
07e855b0
07e955b0
07ea55b0
07eb55b0
07ec55b0
07ed55b0
07ee55b0
07ef55b0
07f055ac
07f155ac
07f255ac
07f355ac
07f455ac
07f555ac
07f655ac
07f755ac
07f855ac
07f955ac
07fa55ac
07fb55ac
07fc55a7
07fd55a7
07fe55a7
07ff55a7
080055a7
080155a7
080255a7
080355a7
080455a3
080555a3
080655a3
080755a3
080855a3
080955a3
080a559f
080b559f
080c559f
080d559f
080e559f
080f559f
0810559b
0811559b
0812559b
0813559b
0814559b
0815559b
08165597
08175597
08185597
08195597
081a5597
081b5597
081c5593
081d5593
081e5593
081f5593
08205593
08215593
0822558f
0823558f
0824558f
0825558f
0826558f
0827558f
0828558b
0829558b
082a558b
082b558b
082c558b
082d558b
082e5587
082f5587
08305587
08315587
08325587
08335587
08345583
08355583
08365583
08375583
08385583
08395583
083a557f
083b557f
083c557f
083d557f
083e557f
083f557f
0840557b
0841557b
0842557b
0843557b
0844557b
0845557b
08465577
08475577
08485577
08495577
084a5577
084b5577
084c5573
084d5573
084e5573
084f5573
08505573
08515573
08525570
08535570
08545570
08555570
08565570
08575570
0858556c
0859556c
085a556c
085b556c
085c556c
085d556c
085e5568
085f5568
08605568
08615568
08625568
08635568
08645564
08655564
08665564
08675564
08685564
08695564
086a5561
086b5561
086c5561
086d5561
086e5561
086f5561
0870555d
0871555d
0872555d
0873555d
0874555d
0875555d
0876555a
0877555a
0878555a
0879555a
087a555a
087b555a
087c5556
087d5556
087e5556
087f5556
08805556
08815556
08825552
08835552
08845552
08855552
08865552
08875552
0888554f
0889554f
088a554f
088b554f
088c554f
088d554f
088e554b
088f554b
0890554b
0891554b
0892554b
0893554b
08945548
08955548
08965548
08975548
08985548
08995548
089a5544
089b5544
089c5544
089d5544
089e5544
089f5544
08a05541
08a15541
08a25541
08a35541
08a45541
08a55541
08a6553e
08a7553e
08a8553e
08a9553e
08aa553e
08ab553e
08ac553a
08ad553a
08ae553a
08af553a
08b0553a
08b1553a
08b25537
08b35537
08b45537
08b55537
08b65537
08b75537
08b85534
08b95534
08ba5534
08bb5534
08bc5534
08bd5534
08be5530
08bf5530
08c05530
08c15530
08c25530
08c35530
08c4552d
08c5552d
08c6552d
08c7552d
08c8552d
08c9552d
08ca552a
08cb552a
08cc552a
08cd552a
08ce552a
08cf552a
08d05527
08d15527
08d25527
08d35527
08d45527
08d55527
08d65523
08d75523
08d85523
08d95523
08da5523
08db5523
08dc5520
08dd5520
08de5520
08df5520
08e05520
08e15520
08e2551d
08e3551d
08e4551d
08e5551d
08e6551d
08e7551d
08e8551a
08e9551a
08ea551a
08eb551a
08ec551a
08ed551a
08ee5517
08ef5517
08f05517
08f15517
08f25517
08f35517
08f45514
08f55514
08f65514
08f75514
08f85514
08f95514
08fa5511
08fb5511
08fc5511
08fd5511
08fe5511
08ff5511
0900550e
0901550e
0902550e
0903550e
0904550e
0905550e
0906550b
0907550b
0908550b
0909550b
090a550b
090b550b
090c5508
090d5508
090e5508
090f5508
09105508
09115508
09125505
09135505
09145505
09155505
09165505
09175505
09185502
09195502
091a5502
091b5502
091c5502
091d5502
091e54ff
091f54ff
092054ff
092154ff
092254ff
092354ff
092454fc
092554fc
092654fc
092754fc
092854fc
092954fc
092a54f9
092b54f9
092c54f9
092d54f9
092e54f9
092f54f9
093054f6
093154f6
093254f6
093354f6
093454f6
093554f6
093654f3
093754f3
093854f3
093954f3
093a54f3
093b54f3
093c54f1
093d54f1
093e54f1
093f54f1
094054f1
094154f1
094254ee
094354ee
094454ee
094554ee
094654ee
094754ee
094854eb
094954eb
094a54eb
094b54eb
094c54eb
094d54eb
094e54e8
094f54e8
095054e8
095154e8
095254e8
095354e8
095454e5
095554e5
095654e5
095754e5
095854e5
095954e5
095a54e3
095b54e3
095c54e3
095d54e3
095e54e3
095f54e3
096054e0
096154e0
096254e0
096354e0
096454e0
096554e0
096654dd
096754dd
096854dd
096954dd
096a54dd
096b54dd
096c54db
096d54db
096e54db
096f54db
097054db
097154db
097254d8
097354d8
097454d8
097554d8
097654d8
097754d8
097854d5
097954d5
097a54d5
097b54d5
097c54d5
097d54d5
097e54d3
097f54d3
098054d3
098154d3
098254d3
098354d3
098454d0
098554d0
098654d0
098754d0
098854d0
098954d0
098a54cd
098b54cd
098c54cd
098d54cd
098e54cd
098f54cd
099054cb
099154cb
099254cb
099354cb
099454cb
099554cb
099654c8
099754c8
099854c8
099954c8
099a54c8
099b54c8
099c54c6
099d54c6
099e54c6
099f54c6
09a054c6
09a154c6
09a254c3
09a354c3
09a454c3
09a554c3
09a654c3
09a754c3
09a854c1
09a954c1
09aa54c1
09ab54c1
09ac54c1
09ad54c1
09ae54be
09af54be
09b054be
09b154be
09b254be
09b354be
09b454bc
09b554bc
09b654bc
09b754bc
09b854bc
09b954bc
09ba54b9
09bb54b9
09bc54b9
09bd54b9
09be54b9
09bf54b9
09c054b7
09c154b7
09c254b7
09c354b7
09c454b7
09c554b7
09c654b4
09c754b4
09c854b4
09c954b4
09ca54b4
09cb54b4
09cc54b2
09cd54b2
09ce54b2
09cf54b2
09d054b2
09d154b2
09d254af
09d354af
09d454af
09d554af
09d654af
09d754af
09d854ad
09d954ad
09da54ad
09db54ad
09dc54ad
09dd54ad
09de54ab
09df54ab
09e054ab
09e154ab
09e254ab
09e354ab
09e454a8
09e554a8
09e654a8
09e754a8
09e854a8
09e954a8
09ea54a6
09eb54a6
09ec54a6
09ed54a6
09ee54a6
09ef54a6
09f054a3
09f154a3
09f254a3
09f354a3
09f454a3
09f554a3
09f654a1
09f754a1
09f854a1
09f954a1
09fa54a1
09fb54a1
09fc549f
09fd549f
09fe549f
09ff549f
0a00549f
0a01549f
0a02549c
0a03549c
0a04549c
0a05549c
0a06549c
0a07549c
0a08549a
0a09549a
0a0a549a
0a0b549a
0a0c549a
0a0d549a
0a0e5498
0a0f5498
0a105498
0a115498
0a125498
0a135498
0a145496
0a155496
0a165496
0a175496
0a185496
0a195496
0a1a5493
0a1b5493
0a1c5493
0a1d5493
0a1e5493
0a1f5493
0a205491
0a215491
0a225491
0a235491
0a245491
0a255491
0a26548f
0a27548f
0a28548f
0a29548f
0a2a548f
0a2b548f
0a2c548d
0a2d548d
0a2e548d
0a2f548d
0a30548d
0a31548d
0a32548b
0a33548b
0a34548b
0a35548b
0a36548b
0a37548b
0a385488
0a395488
0a3a5488
0a3b5488
0a3c5488
0a3d5488
0a3e5486
0a3f5486
0a405486
0a415486
0a425486
0a435486
0a445484
0a455484
0a465484
0a475484
0a485484
0a495484
0a4a5482
0a4b5482
0a4c5482
0a4d5482
0a4e5482
0a4f5482
0a505480
0a515480
0a525480
0a535480
0a545480
0a555480
0a56547e
0a57547e
0a58547e
0a59547e
0a5a547e
0a5b547e
0a5c547b
0a5d547b
0a5e547b
0a5f547b
0a60547b
0a61547b
0a625479
0a635479
0a645479
0a655479
0a665479
0a675479
0a685477
0a695477
0a6a5477
0a6b5477
0a6c5477
0a6d5477
0a6e5475
0a6f5475
0a705475
0a715475
0a725475
0a735475
0a745473
0a755473
0a765473
0a775473
0a785473
0a795473
0a7a5471
0a7b5471
0a7c5471
0a7d5471
0a7e5471
0a7f5471
0a80546f
0a81546f
0a82546f
0a83546f
0a84546f
0a85546f
0a86546d
0a87546d
0a88546d
0a89546d
0a8a546d
0a8b546d
0a8c546b
0a8d546b
0a8e546b
0a8f546b
0a90546b
0a91546b
0a925469
0a935469
0a945469
0a955469
0a965469
0a975469
0a985467
0a995467
0a9a5467
0a9b5467
0a9c5467
0a9d5467
0a9e5465
0a9f5465
0aa05465
0aa15465
0aa25465
0aa35465
0aa45463
0aa55463
0aa65463
0aa75463
0aa85463
0aa95463
0aaa5461
0aab5461
0aac5461
0aad5461
0aae5461
0aaf5461
0ab0545f
0ab1545f
0ab2545f
0ab3545f
0ab4545f
0ab5545f
0ab6545d
0ab7545d
0ab8545d
0ab9545d
0aba545d
0abb545d
0abc545b
0abd545b
0abe545b
0abf545b
0ac0545b
0ac1545b
0ac25459
0ac35459
0ac45459
0ac55459
0ac65459
0ac75459
0ac85457
0ac95457
0aca5457
0acb5457
0acc5457
0acd5457
0ace5455
0acf5455
0ad05455
0ad15455
0ad25455
0ad35455
0ad45453
0ad55453
0ad65453
0ad75453
0ad85453
0ad95453
0ada5452
0adb5452
0adc5452
0add5452
0ade5452
0adf5452
0ae05450
0ae15450
0ae25450
0ae35450
0ae45450
0ae55450
0ae6544e
0ae7544e
0ae8544e
0ae9544e
0aea544e
0aeb544e
0aec544c
0aed544c
0aee544c
0aef544c
0af0544c
0af1544c
0af2544a
0af3544a
0af4544a
0af5544a
0af6544a
0af7544a
0af85448
0af95448
0afa5448
0afb5448
0afc5448
0afd5448
0afe5446
0aff5446
0b005446
0b015446
0b025446
0b035446
0b045445
0b055445
0b065445
0b075445
0b085445
0b095445
0b0a5443
0b0b5443
0b0c5443
0b0d5443
0b0e5443
0b0f5443
0b105441
0b115441
0b125441
0b135441
0b145441
0b155441
0b16543f
0b17543f
0b18543f
0b19543f
0b1a543f
0b1b543f
0b1c543d
0b1d543d
0b1e543d
0b1f543d
0b20543d
0b21543d
0b22543c
0b23543c
0b24543c
0b25543c
0b26543c
0b27543c
0b28543a
0b29543a
0b2a543a
0b2b543a
0b2c543a
0b2d543a
0b2e5438
0b2f5438
0b305438
0b315438
0b325438
0b335438
0b345436
0b355436
0b365436
0b375436
0b385436
0b395436
0b3a5435
0b3b5435
0b3c5435
0b3d5435
0b3e5435
0b3f5435
0b405433
0b415433
0b425433
0b435433
0b445433
0b455433
0b465431
0b475431
0b485431
0b495431
0b4a5431
0b4b5431
0b4c542f
0b4d542f
0b4e542f
0b4f542f
0b50542f
0b51542f
0b52542e
0b53542e
0b54542e
0b55542e
0b56542e
0b57542e
0b58542c
0b59542c
0b5a542c
0b5b542c
0b5c542c
0b5d542c
0b5e542a
0b5f542a
0b60542a
0b61542a
0b62542a
0b63542a
0b645429
0b655429
0b665429
0b675429
0b685429
0b695429
0b6a5427
0b6b5427
0b6c5427
0b6d5427
0b6e5427
0b6f5427
0b705425
0b715425
0b725425
0b735425
0b745425
0b755425
0b765424
0b775424
0b785424
0b795424
0b7a5424
0b7b5424
0b7c5422
0b7d5422
0b7e5422
0b7f5422
0b805422
0b815422
0b825420
0b835420
0b845420
0b855420
0b865420
0b875420
0b88541f
0b89541f
0b8a541f
0b8b541f
0b8c541f
0b8d541f
0b8e541d
0b8f541d
0b90541d
0b91541d
0b92541d
0b93541d
0b94541b
0b95541b
0b96541b
0b97541b
0b98541b
0b99541b
0b9a541a
0b9b541a
0b9c541a
0b9d541a
0b9e541a
0b9f541a
0ba05418
0ba15418
0ba25418
0ba35418
0ba45418
0ba55418
0ba65416
0ba75416
0ba85416
0ba95416
0baa5416
0bab5416
0bac5415
0bad5415
0bae5415
0baf5415
0bb05415
0bb15415
0bb25413
0bb35413
0bb45413
0bb55413
0bb65413
0bb75413
0bb85412
0bb95412
0bba5412
0bbb5412
0bbc5412
0bbd5412
0bbe5410
0bbf5410
0bc05410
0bc15410
0bc25410
0bc35410
0bc4540f
0bc5540f
0bc6540f
0bc7540f
0bc8540f
0bc9540f
0bca540d
0bcb540d
0bcc540d
0bcd540d
0bce540d
0bcf540d
0bd0540b
0bd1540b
0bd2540b
0bd3540b
0bd4540b
0bd5540b
0bd6540a
0bd7540a
0bd8540a
0bd9540a
0bda540a
0bdb540a
0bdc5408
0bdd5408
0bde5408
0bdf5408
0be05408
0be15408
0be25407
0be35407
0be45407
0be55407
0be65407
0be75407
0be85405
0be95405
0bea5405
0beb5405
0bec5405
0bed5405
0bee5404
0bef5404
0bf05404
0bf15404
0bf25404
0bf35404
0bf45402
0bf55402
0bf65402
0bf75402
0bf85402
0bf95402
0bfa5401
0bfb5401
0bfc5401
0bfd5401
0bfe5401
0bff5401
0c0053fa
0c0153fa
0c0253fa
0c0353fa
0c0453fa
0c0553fa
0c0653fa
0c0753fa
0c0853fa
0c0953fa
0c0a53fa
0c0b53fa
0c0c53ee
0c0d53ee
0c0e53ee
0c0f53ee
0c1053ee
0c1153ee
0c1253ee
0c1353ee
0c1453ee
0c1553ee
0c1653ee
0c1753ee
0c1853e3
0c1953e3
0c1a53e3
0c1b53e3
0c1c53e3
0c1d53e3
0c1e53e3
0c1f53e3
0c2053e3
0c2153e3
0c2253e3
0c2353e3
0c2453d7
0c2553d7
0c2653d7
0c2753d7
0c2853d7
0c2953d7
0c2a53d7
0c2b53d7
0c2c53d7
0c2d53d7
0c2e53d7
0c2f53d7
0c3053cc
0c3153cc
0c3253cc
0c3353cc
0c3453cc
0c3553cc
0c3653cc
0c3753cc
0c3853cc
0c3953cc
0c3a53cc
0c3b53cc
0c3c53c1
0c3d53c1
0c3e53c1
0c3f53c1
0c4053c1
0c4153c1
0c4253c1
0c4353c1
0c4453c1
0c4553c1
0c4653c1
0c4753c1
0c4853b6
0c4953b6
0c4a53b6
0c4b53b6
0c4c53b6
0c4d53b6
0c4e53b6
0c4f53b6
0c5053b6
0c5153b6
0c5253b6
0c5353b6
0c5453ac
0c5553ac
0c5653ac
0c5753ac
0c5853ac
0c5953ac
0c5a53ac
0c5b53ac
0c5c53ac
0c5d53ac
0c5e53ac
0c5f53ac
0c6053a1
0c6153a1
0c6253a1
0c6353a1
0c6453a1
0c6553a1
0c6653a1
0c6753a1
0c6853a1
0c6953a1
0c6a53a1
0c6b53a1
0c6c5397
0c6d5397
0c6e5397
0c6f5397
0c705397
0c715397
0c725397
0c735397
0c745397
0c755397
0c765397
0c775397
0c78538d
0c79538d
0c7a538d
0c7b538d
0c7c538d
0c7d538d
0c7e538d
0c7f538d
0c80538d
0c81538d
0c82538d
0c83538d
0c845383
0c855383
0c865383
0c875383
0c885383
0c895383
0c8a5383
0c8b5383
0c8c5383
0c8d5383
0c8e5383
0c8f5383
0c905379
0c915379
0c925379
0c935379
0c945379
0c955379
0c965379
0c975379
0c985379
0c995379
0c9a5379
0c9b5379
0c9c536f
0c9d536f
0c9e536f
0c9f536f
0ca0536f
0ca1536f
0ca2536f
0ca3536f
0ca4536f
0ca5536f
0ca6536f
0ca7536f
0ca85365
0ca95365
0caa5365
0cab5365
0cac5365
0cad5365
0cae5365
0caf5365
0cb05365
0cb15365
0cb25365
0cb35365
0cb4535c
0cb5535c
0cb6535c
0cb7535c
0cb8535c
0cb9535c
0cba535c
0cbb535c
0cbc535c
0cbd535c
0cbe535c
0cbf535c
0cc05353
0cc15353
0cc25353
0cc35353
0cc45353
0cc55353
0cc65353
0cc75353
0cc85353
0cc95353
0cca5353
0ccb5353
0ccc534a
0ccd534a
0cce534a
0ccf534a
0cd0534a
0cd1534a
0cd2534a
0cd3534a
0cd4534a
0cd5534a
0cd6534a
0cd7534a
0cd85341
0cd95341
0cda5341
0cdb5341
0cdc5341
0cdd5341
0cde5341
0cdf5341
0ce05341
0ce15341
0ce25341
0ce35341
0ce45338
0ce55338
0ce65338
0ce75338
0ce85338
0ce95338
0cea5338
0ceb5338
0cec5338
0ced5338
0cee5338
0cef5338
0cf0532f
0cf1532f
0cf2532f
0cf3532f
0cf4532f
0cf5532f
0cf6532f
0cf7532f
0cf8532f
0cf9532f
0cfa532f
0cfb532f
0cfc5326
0cfd5326
0cfe5326
0cff5326
0d005326
0d015326
0d025326
0d035326
0d045326
0d055326
0d065326
0d075326
0d08531e
0d09531e
0d0a531e
0d0b531e
0d0c531e
0d0d531e
0d0e531e
0d0f531e
0d10531e
0d11531e
0d12531e
0d13531e
0d145315
0d155315
0d165315
0d175315
0d185315
0d195315
0d1a5315
0d1b5315
0d1c5315
0d1d5315
0d1e5315
0d1f5315
0d20530d
0d21530d
0d22530d
0d23530d
0d24530d
0d25530d
0d26530d
0d27530d
0d28530d
0d29530d
0d2a530d
0d2b530d
0d2c5305
0d2d5305
0d2e5305
0d2f5305
0d305305
0d315305
0d325305
0d335305
0d345305
0d355305
0d365305
0d375305
0d3852fd
0d3952fd
0d3a52fd
0d3b52fd
0d3c52fd
0d3d52fd
0d3e52fd
0d3f52fd
0d4052fd
0d4152fd
0d4252fd
0d4352fd
0d4452f5
0d4552f5
0d4652f5
0d4752f5
0d4852f5
0d4952f5
0d4a52f5
0d4b52f5
0d4c52f5
0d4d52f5
0d4e52f5
0d4f52f5
0d5052ed
0d5152ed
0d5252ed
0d5352ed
0d5452ed
0d5552ed
0d5652ed
0d5752ed
0d5852ed
0d5952ed
0d5a52ed
0d5b52ed
0d5c52e5
0d5d52e5
0d5e52e5
0d5f52e5
0d6052e5
0d6152e5
0d6252e5
0d6352e5
0d6452e5
0d6552e5
0d6652e5
0d6752e5
0d6852de
0d6952de
0d6a52de
0d6b52de
0d6c52de
0d6d52de
0d6e52de
0d6f52de
0d7052de
0d7152de
0d7252de
0d7352de
0d7452d6
0d7552d6
0d7652d6
0d7752d6
0d7852d6
0d7952d6
0d7a52d6
0d7b52d6
0d7c52d6
0d7d52d6
0d7e52d6
0d7f52d6
0d8052cf
0d8152cf
0d8252cf
0d8352cf
0d8452cf
0d8552cf
0d8652cf
0d8752cf
0d8852cf
0d8952cf
0d8a52cf
0d8b52cf
0d8c52c7
0d8d52c7
0d8e52c7
0d8f52c7
0d9052c7
0d9152c7
0d9252c7
0d9352c7
0d9452c7
0d9552c7
0d9652c7
0d9752c7
0d9852c0
0d9952c0
0d9a52c0
0d9b52c0
0d9c52c0
0d9d52c0
0d9e52c0
0d9f52c0
0da052c0
0da152c0
0da252c0
0da352c0
0da452b9
0da552b9
0da652b9
0da752b9
0da852b9
0da952b9
0daa52b9
0dab52b9
0dac52b9
0dad52b9
0dae52b9
0daf52b9
0db052b2
0db152b2
0db252b2
0db352b2
0db452b2
0db552b2
0db652b2
0db752b2
0db852b2
0db952b2
0dba52b2
0dbb52b2
0dbc52ab
0dbd52ab
0dbe52ab
0dbf52ab
0dc052ab
0dc152ab
0dc252ab
0dc352ab
0dc452ab
0dc552ab
0dc652ab
0dc752ab
0dc852a4
0dc952a4
0dca52a4
0dcb52a4
0dcc52a4
0dcd52a4
0dce52a4
0dcf52a4
0dd052a4
0dd152a4
0dd252a4
0dd352a4
0dd4529d
0dd5529d
0dd6529d
0dd7529d
0dd8529d
0dd9529d
0dda529d
0ddb529d
0ddc529d
0ddd529d
0dde529d
0ddf529d
0de05297
0de15297
0de25297
0de35297
0de45297
0de55297
0de65297
0de75297
0de85297
0de95297
0dea5297
0deb5297
0dec5290
0ded5290
0dee5290
0def5290
0df05290
0df15290
0df25290
0df35290
0df45290
0df55290
0df65290
0df75290
0df85289
0df95289
0dfa5289
0dfb5289
0dfc5289
0dfd5289
0dfe5289
0dff5289
0e005289
0e015289
0e025289
0e035289
0e045283
0e055283
0e065283
0e075283
0e085283
0e095283
0e0a5283
0e0b5283
0e0c5283
0e0d5283
0e0e5283
0e0f5283
0e10527c
0e11527c
0e12527c
0e13527c
0e14527c
0e15527c
0e16527c
0e17527c
0e18527c
0e19527c
0e1a527c
0e1b527c
0e1c5276
0e1d5276
0e1e5276
0e1f5276
0e205276
0e215276
0e225276
0e235276
0e245276
0e255276
0e265276
0e275276
0e285270
0e295270
0e2a5270
0e2b5270
0e2c5270
0e2d5270
0e2e5270
0e2f5270
0e305270
0e315270
0e325270
0e335270
0e345269
0e355269
0e365269
0e375269
0e385269
0e395269
0e3a5269
0e3b5269
0e3c5269
0e3d5269
0e3e5269
0e3f5269
0e405263
0e415263
0e425263
0e435263
0e445263
0e455263
0e465263
0e475263
0e485263
0e495263
0e4a5263
0e4b5263
0e4c525d
0e4d525d
0e4e525d
0e4f525d
0e50525d
0e51525d
0e52525d
0e53525d
0e54525d
0e55525d
0e56525d
0e57525d
0e585257
0e595257
0e5a5257
0e5b5257
0e5c5257
0e5d5257
0e5e5257
0e5f5257
0e605257
0e615257
0e625257
0e635257
0e645251
0e655251
0e665251
0e675251
0e685251
0e695251
0e6a5251
0e6b5251
0e6c5251
0e6d5251
0e6e5251
0e6f5251
0e70524b
0e71524b
0e72524b
0e73524b
0e74524b
0e75524b
0e76524b
0e77524b
0e78524b
0e79524b
0e7a524b
0e7b524b
0e7c5246
0e7d5246
0e7e5246
0e7f5246
0e805246
0e815246
0e825246
0e835246
0e845246
0e855246
0e865246
0e875246
0e885240
0e895240
0e8a5240
0e8b5240
0e8c5240
0e8d5240
0e8e5240
0e8f5240
0e905240
0e915240
0e925240
0e935240
0e94523a
0e95523a
0e96523a
0e97523a
0e98523a
0e99523a
0e9a523a
0e9b523a
0e9c523a
0e9d523a
0e9e523a
0e9f523a
0ea05235
0ea15235
0ea25235
0ea35235
0ea45235
0ea55235
0ea65235
0ea75235
0ea85235
0ea95235
0eaa5235
0eab5235
0eac522f
0ead522f
0eae522f
0eaf522f
0eb0522f
0eb1522f
0eb2522f
0eb3522f
0eb4522f
0eb5522f
0eb6522f
0eb7522f
0eb85229
0eb95229
0eba5229
0ebb5229
0ebc5229
0ebd5229
0ebe5229
0ebf5229
0ec05229
0ec15229
0ec25229
0ec35229
0ec45224
0ec55224
0ec65224
0ec75224
0ec85224
0ec95224
0eca5224
0ecb5224
0ecc5224
0ecd5224
0ece5224
0ecf5224
0ed0521f
0ed1521f
0ed2521f
0ed3521f
0ed4521f
0ed5521f
0ed6521f
0ed7521f
0ed8521f
0ed9521f
0eda521f
0edb521f
0edc5219
0edd5219
0ede5219
0edf5219
0ee05219
0ee15219
0ee25219
0ee35219
0ee45219
0ee55219
0ee65219
0ee75219
0ee85214
0ee95214
0eea5214
0eeb5214
0eec5214
0eed5214
0eee5214
0eef5214
0ef05214
0ef15214
0ef25214
0ef35214
0ef4520f
0ef5520f
0ef6520f
0ef7520f
0ef8520f
0ef9520f
0efa520f
0efb520f
0efc520f
0efd520f
0efe520f
0eff520f
0f00520a
0f01520a
0f02520a
0f03520a
0f04520a
0f05520a
0f06520a
0f07520a
0f08520a
0f09520a
0f0a520a
0f0b520a
0f0c5204
0f0d5204
0f0e5204
0f0f5204
0f105204
0f115204
0f125204
0f135204
0f145204
0f155204
0f165204
0f175204
0f1851ff
0f1951ff
0f1a51ff
0f1b51ff
0f1c51ff
0f1d51ff
0f1e51ff
0f1f51ff
0f2051ff
0f2151ff
0f2251ff
0f2351ff
0f2451fa
0f2551fa
0f2651fa
0f2751fa
0f2851fa
0f2951fa
0f2a51fa
0f2b51fa
0f2c51fa
0f2d51fa
0f2e51fa
0f2f51fa
0f3051f5
0f3151f5
0f3251f5
0f3351f5
0f3451f5
0f3551f5
0f3651f5
0f3751f5
0f3851f5
0f3951f5
0f3a51f5
0f3b51f5
0f3c51f0
0f3d51f0
0f3e51f0
0f3f51f0
0f4051f0
0f4151f0
0f4251f0
0f4351f0
0f4451f0
0f4551f0
0f4651f0
0f4751f0
0f4851ec
0f4951ec
0f4a51ec
0f4b51ec
0f4c51ec
0f4d51ec
0f4e51ec
0f4f51ec
0f5051ec
0f5151ec
0f5251ec
0f5351ec
0f5451e7
0f5551e7
0f5651e7
0f5751e7
0f5851e7
0f5951e7
0f5a51e7
0f5b51e7
0f5c51e7
0f5d51e7
0f5e51e7
0f5f51e7
0f6051e2
0f6151e2
0f6251e2
0f6351e2
0f6451e2
0f6551e2
0f6651e2
0f6751e2
0f6851e2
0f6951e2
0f6a51e2
0f6b51e2
0f6c51dd
0f6d51dd
0f6e51dd
0f6f51dd
0f7051dd
0f7151dd
0f7251dd
0f7351dd
0f7451dd
0f7551dd
0f7651dd
0f7751dd
0f7851d8
0f7951d8
0f7a51d8
0f7b51d8
0f7c51d8
0f7d51d8
0f7e51d8
0f7f51d8
0f8051d8
0f8151d8
0f8251d8
0f8351d8
0f8451d4
0f8551d4
0f8651d4
0f8751d4
0f8851d4
0f8951d4
0f8a51d4
0f8b51d4
0f8c51d4
0f8d51d4
0f8e51d4
0f8f51d4
0f9051cf
0f9151cf
0f9251cf
0f9351cf
0f9451cf
0f9551cf
0f9651cf
0f9751cf
0f9851cf
0f9951cf
0f9a51cf
0f9b51cf
0f9c51cb
0f9d51cb
0f9e51cb
0f9f51cb
0fa051cb
0fa151cb
0fa251cb
0fa351cb
0fa451cb
0fa551cb
0fa651cb
0fa751cb
0fa851c6
0fa951c6
0faa51c6
0fab51c6
0fac51c6
0fad51c6
0fae51c6
0faf51c6
0fb051c6
0fb151c6
0fb251c6
0fb351c6
0fb451c2
0fb551c2
0fb651c2
0fb751c2
0fb851c2
0fb951c2
0fba51c2
0fbb51c2
0fbc51c2
0fbd51c2
0fbe51c2
0fbf51c2
0fc051bd
0fc151bd
0fc251bd
0fc351bd
0fc451bd
0fc551bd
0fc651bd
0fc751bd
0fc851bd
0fc951bd
0fca51bd
0fcb51bd
0fcc51b9
0fcd51b9
0fce51b9
0fcf51b9
0fd051b9
0fd151b9
0fd251b9
0fd351b9
0fd451b9
0fd551b9
0fd651b9
0fd751b9
0fd851b4
0fd951b4
0fda51b4
0fdb51b4
0fdc51b4
0fdd51b4
0fde51b4
0fdf51b4
0fe051b4
0fe151b4
0fe251b4
0fe351b4
0fe451b0
0fe551b0
0fe651b0
0fe751b0
0fe851b0
0fe951b0
0fea51b0
0feb51b0
0fec51b0
0fed51b0
0fee51b0
0fef51b0
0ff051ac
0ff151ac
0ff251ac
0ff351ac
0ff451ac
0ff551ac
0ff651ac
0ff751ac
0ff851ac
0ff951ac
0ffa51ac
0ffb51ac
0ffc51a7
0ffd51a7
0ffe51a7
0fff51a7
100051a7
100151a7
100251a7
100351a7
100451a3
100551a3
100651a3
100751a3
100851a3
100951a3
100a519f
100b519f
100c519f
100d519f
100e519f
100f519f
1010519b
1011519b
1012519b
1013519b
1014519b
1015519b
10165197
10175197
10185197
10195197
101a5197
101b5197
101c5193
101d5193
101e5193
101f5193
10205193
10215193
1022518f
1023518f
1024518f
1025518f
1026518f
1027518f
1028518b
1029518b
102a518b
102b518b
102c518b
102d518b
102e5187
102f5187
10305187
10315187
10325187
10335187
10345183
10355183
10365183
10375183
10385183
10395183
103a517f
103b517f
103c517f
103d517f
103e517f
103f517f
1040517b
1041517b
1042517b
1043517b
1044517b
1045517b
10465177
10475177
10485177
10495177
104a5177
104b5177
104c5173
104d5173
104e5173
104f5173
10505173
10515173
10525170
10535170
10545170
10555170
10565170
10575170
1058516c
1059516c
105a516c
105b516c
105c516c
105d516c
105e5168
105f5168
10605168
10615168
10625168
10635168
10645164
10655164
10665164
10675164
10685164
10695164
106a5161
106b5161
106c5161
106d5161
106e5161
106f5161
1070515d
1071515d
1072515d
1073515d
1074515d
1075515d
1076515a
1077515a
1078515a
1079515a
107a515a
107b515a
107c5156
107d5156
107e5156
107f5156
10805156
10815156
10825152
10835152
10845152
10855152
10865152
10875152
1088514f
1089514f
108a514f
108b514f
108c514f
108d514f
108e514b
108f514b
1090514b
1091514b
1092514b
1093514b
10945148
10955148
10965148
10975148
10985148
10995148
109a5144
109b5144
109c5144
109d5144
109e5144
109f5144
10a05141
10a15141
10a25141
10a35141
10a45141
10a55141
10a6513e
10a7513e
10a8513e
10a9513e
10aa513e
10ab513e
10ac513a
10ad513a
10ae513a
10af513a
10b0513a
10b1513a
10b25137
10b35137
10b45137
10b55137
10b65137
10b75137
10b85134
10b95134
10ba5134
10bb5134
10bc5134
10bd5134
10be5130
10bf5130
10c05130
10c15130
10c25130
10c35130
10c4512d
10c5512d
10c6512d
10c7512d
10c8512d
10c9512d
10ca512a
10cb512a
10cc512a
10cd512a
10ce512a
10cf512a
10d05127
10d15127
10d25127
10d35127
10d45127
10d55127
10d65123
10d75123
10d85123
10d95123
10da5123
10db5123
10dc5120
10dd5120
10de5120
10df5120
10e05120
10e15120
10e2511d
10e3511d
10e4511d
10e5511d
10e6511d
10e7511d
10e8511a
10e9511a
10ea511a
10eb511a
10ec511a
10ed511a
10ee5117
10ef5117
10f05117
10f15117
10f25117
10f35117
10f45114
10f55114
10f65114
10f75114
10f85114
10f95114
10fa5111
10fb5111
10fc5111
10fd5111
10fe5111
10ff5111
1100510e
1101510e
1102510e
1103510e
1104510e
1105510e
1106510b
1107510b
1108510b
1109510b
110a510b
110b510b
110c5108
110d5108
110e5108
110f5108
11105108
11115108
11125105
11135105
11145105
11155105
11165105
11175105
11185102
11195102
111a5102
111b5102
111c5102
111d5102
111e50ff
111f50ff
112050ff
112150ff
112250ff
112350ff
112450fc
112550fc
112650fc
112750fc
112850fc
112950fc
112a50f9
112b50f9
112c50f9
112d50f9
112e50f9
112f50f9
113050f6
113150f6
113250f6
113350f6
113450f6
113550f6
113650f3
113750f3
113850f3
113950f3
113a50f3
113b50f3
113c50f1
113d50f1
113e50f1
113f50f1
114050f1
114150f1
114250ee
114350ee
114450ee
114550ee
114650ee
114750ee
114850eb
114950eb
114a50eb
114b50eb
114c50eb
114d50eb
114e50e8
114f50e8
115050e8
115150e8
115250e8
115350e8
115450e5
115550e5
115650e5
115750e5
115850e5
115950e5
115a50e3
115b50e3
115c50e3
115d50e3
115e50e3
115f50e3
116050e0
116150e0
116250e0
116350e0
116450e0
116550e0
116650dd
116750dd
116850dd
116950dd
116a50dd
116b50dd
116c50db
116d50db
116e50db
116f50db
117050db
117150db
117250d8
117350d8
117450d8
117550d8
117650d8
117750d8
117850d5
117950d5
117a50d5
117b50d5
117c50d5
117d50d5
117e50d3
117f50d3
118050d3
118150d3
118250d3
118350d3
118450d0
118550d0
118650d0
118750d0
118850d0
118950d0
118a50cd
118b50cd
118c50cd
118d50cd
118e50cd
118f50cd
119050cb
119150cb
119250cb
119350cb
119450cb
119550cb
119650c8
119750c8
119850c8
119950c8
119a50c8
119b50c8
119c50c6
119d50c6
119e50c6
119f50c6
11a050c6
11a150c6
11a250c3
11a350c3
11a450c3
11a550c3
11a650c3
11a750c3
11a850c1
11a950c1
11aa50c1
11ab50c1
11ac50c1
11ad50c1
11ae50be
11af50be
11b050be
11b150be
11b250be
11b350be
11b450bc
11b550bc
11b650bc
11b750bc
11b850bc
11b950bc
11ba50b9
11bb50b9
11bc50b9
11bd50b9
11be50b9
11bf50b9
11c050b7
11c150b7
11c250b7
11c350b7
11c450b7
11c550b7
11c650b4
11c750b4
11c850b4
11c950b4
11ca50b4
11cb50b4
11cc50b2
11cd50b2
11ce50b2
11cf50b2
11d050b2
11d150b2
11d250af
11d350af
11d450af
11d550af
11d650af
11d750af
11d850ad
11d950ad
11da50ad
11db50ad
11dc50ad
11dd50ad
11de50ab
11df50ab
11e050ab
11e150ab
11e250ab
11e350ab
11e450a8
11e550a8
11e650a8
11e750a8
11e850a8
11e950a8
11ea50a6
11eb50a6
11ec50a6
11ed50a6
11ee50a6
11ef50a6
11f050a3
11f150a3
11f250a3
11f350a3
11f450a3
11f550a3
11f650a1
11f750a1
11f850a1
11f950a1
11fa50a1
11fb50a1
11fc509f
11fd509f
11fe509f
11ff509f
1200509f
1201509f
1202509c
1203509c
1204509c
1205509c
1206509c
1207509c
1208509a
1209509a
120a509a
120b509a
120c509a
120d509a
120e5098
120f5098
12105098
12115098
12125098
12135098
12145096
12155096
12165096
12175096
12185096
12195096
121a5093
121b5093
121c5093
121d5093
121e5093
121f5093
12205091
12215091
12225091
12235091
12245091
12255091
1226508f
1227508f
1228508f
1229508f
122a508f
122b508f
122c508d
122d508d
122e508d
122f508d
1230508d
1231508d
1232508b
1233508b
1234508b
1235508b
1236508b
1237508b
12385088
12395088
123a5088
123b5088
123c5088
123d5088
123e5086
123f5086
12405086
12415086
12425086
12435086
12445084
12455084
12465084
12475084
12485084
12495084
124a5082
124b5082
124c5082
124d5082
124e5082
124f5082
12505080
12515080
12525080
12535080
12545080
12555080
1256507e
1257507e
1258507e
1259507e
125a507e
125b507e
125c507b
125d507b
125e507b
125f507b
1260507b
1261507b
12625079
12635079
12645079
12655079
12665079
12675079
12685077
12695077
126a5077
126b5077
126c5077
126d5077
126e5075
126f5075
12705075
12715075
12725075
12735075
12745073
12755073
12765073
12775073
12785073
12795073
127a5071
127b5071
127c5071
127d5071
127e5071
127f5071
1280506f
1281506f
1282506f
1283506f
1284506f
1285506f
1286506d
1287506d
1288506d
1289506d
128a506d
128b506d
128c506b
128d506b
128e506b
128f506b
1290506b
1291506b
12925069
12935069
12945069
12955069
12965069
12975069
12985067
12995067
129a5067
129b5067
129c5067
129d5067
129e5065
129f5065
12a05065
12a15065
12a25065
12a35065
12a45063
12a55063
12a65063
12a75063
12a85063
12a95063
12aa5061
12ab5061
12ac5061
12ad5061
12ae5061
12af5061
12b0505f
12b1505f
12b2505f
12b3505f
12b4505f
12b5505f
12b6505d
12b7505d
12b8505d
12b9505d
12ba505d
12bb505d
12bc505b
12bd505b
12be505b
12bf505b
12c0505b
12c1505b
12c25059
12c35059
12c45059
12c55059
12c65059
12c75059
12c85057
12c95057
12ca5057
12cb5057
12cc5057
12cd5057
12ce5055
12cf5055
12d05055
12d15055
12d25055
12d35055
12d45053
12d55053
12d65053
12d75053
12d85053
12d95053
12da5052
12db5052
12dc5052
12dd5052
12de5052
12df5052
12e05050
12e15050
12e25050
12e35050
12e45050
12e55050
12e6504e
12e7504e
12e8504e
12e9504e
12ea504e
12eb504e
12ec504c
12ed504c
12ee504c
12ef504c
12f0504c
12f1504c
12f2504a
12f3504a
12f4504a
12f5504a
12f6504a
12f7504a
12f85048
12f95048
12fa5048
12fb5048
12fc5048
12fd5048
12fe5046
12ff5046
13005046
13015046
13025046
13035046
13045045
13055045
13065045
13075045
13085045
13095045
130a5043
130b5043
130c5043
130d5043
130e5043
130f5043
13105041
13115041
13125041
13135041
13145041
13155041
1316503f
1317503f
1318503f
1319503f
131a503f
131b503f
131c503d
131d503d
131e503d
131f503d
1320503d
1321503d
1322503c
1323503c
1324503c
1325503c
1326503c
1327503c
1328503a
1329503a
132a503a
132b503a
132c503a
132d503a
132e5038
132f5038
13305038
13315038
13325038
13335038
13345036
13355036
13365036
13375036
13385036
13395036
133a5035
133b5035
133c5035
133d5035
133e5035
133f5035
13405033
13415033
13425033
13435033
13445033
13455033
13465031
13475031
13485031
13495031
134a5031
134b5031
134c502f
134d502f
134e502f
134f502f
1350502f
1351502f
1352502e
1353502e
1354502e
1355502e
1356502e
1357502e
1358502c
1359502c
135a502c
135b502c
135c502c
135d502c
135e502a
135f502a
1360502a
1361502a
1362502a
1363502a
13645029
13655029
13665029
13675029
13685029
13695029
136a5027
136b5027
136c5027
136d5027
136e5027
136f5027
13705025
13715025
13725025
13735025
13745025
13755025
13765024
13775024
13785024
13795024
137a5024
137b5024
137c5022
137d5022
137e5022
137f5022
13805022
13815022
13825020
13835020
13845020
13855020
13865020
13875020
1388501f
1389501f
138a501f
138b501f
138c501f
138d501f
138e501d
138f501d
1390501d
1391501d
1392501d
1393501d
1394501b
1395501b
1396501b
1397501b
1398501b
1399501b
139a501a
139b501a
139c501a
139d501a
139e501a
139f501a
13a05018
13a15018
13a25018
13a35018
13a45018
13a55018
13a65016
13a75016
13a85016
13a95016
13aa5016
13ab5016
13ac5015
13ad5015
13ae5015
13af5015
13b05015
13b15015
13b25013
13b35013
13b45013
13b55013
13b65013
13b75013
13b85012
13b95012
13ba5012
13bb5012
13bc5012
13bd5012
13be5010
13bf5010
13c05010
13c15010
13c25010
13c35010
13c4500f
13c5500f
13c6500f
13c7500f
13c8500f
13c9500f
13ca500d
13cb500d
13cc500d
13cd500d
13ce500d
13cf500d
13d0500b
13d1500b
13d2500b
13d3500b
13d4500b
13d5500b
13d6500a
13d7500a
13d8500a
13d9500a
13da500a
13db500a
13dc5008
13dd5008
13de5008
13df5008
13e05008
13e15008
13e25007
13e35007
13e45007
13e55007
13e65007
13e75007
13e85005
13e95005
13ea5005
13eb5005
13ec5005
13ed5005
13ee5004
13ef5004
13f05004
13f15004
13f25004
13f35004
13f45002
13f55002
13f65002
13f75002
13f85002
13f95002
13fa5001
13fb5001
13fc5001
13fd5001
13fe5001
13ff5001
14004ffa
14014ffa
14024ffa
14034ffa
14044ffa
14054ffa
14064ffa
14074ffa
14084ffa
14094ffa
140a4ffa
140b4ffa
140c4fee
140d4fee
140e4fee
140f4fee
14104fee
14114fee
14124fee
14134fee
14144fee
14154fee
14164fee
14174fee
14184fe3
14194fe3
141a4fe3
141b4fe3
141c4fe3
141d4fe3
141e4fe3
141f4fe3
14204fe3
14214fe3
14224fe3
14234fe3
14244fd7
14254fd7
14264fd7
14274fd7
14284fd7
14294fd7
142a4fd7
142b4fd7
142c4fd7
142d4fd7
142e4fd7
142f4fd7
14304fcc
14314fcc
14324fcc
14334fcc
14344fcc
14354fcc
14364fcc
14374fcc
14384fcc
14394fcc
143a4fcc
143b4fcc
143c4fc1
143d4fc1
143e4fc1
143f4fc1
14404fc1
14414fc1
14424fc1
14434fc1
14444fc1
14454fc1
14464fc1
14474fc1
14484fb6
14494fb6
144a4fb6
144b4fb6
144c4fb6
144d4fb6
144e4fb6
144f4fb6
14504fb6
14514fb6
14524fb6
14534fb6
14544fac
14554fac
14564fac
14574fac
14584fac
14594fac
145a4fac
145b4fac
145c4fac
145d4fac
145e4fac
145f4fac
14604fa1
14614fa1
14624fa1
14634fa1
14644fa1
14654fa1
14664fa1
14674fa1
14684fa1
14694fa1
146a4fa1
146b4fa1
146c4f97
146d4f97
146e4f97
146f4f97
14704f97
14714f97
14724f97
14734f97
14744f97
14754f97
14764f97
14774f97
14784f8d
14794f8d
147a4f8d
147b4f8d
147c4f8d
147d4f8d
147e4f8d
147f4f8d
14804f8d
14814f8d
14824f8d
14834f8d
14844f83
14854f83
14864f83
14874f83
14884f83
14894f83
148a4f83
148b4f83
148c4f83
148d4f83
148e4f83
148f4f83
14904f79
14914f79
14924f79
14934f79
14944f79
14954f79
14964f79
14974f79
14984f79
14994f79
149a4f79
149b4f79
149c4f6f
149d4f6f
149e4f6f
149f4f6f
14a04f6f
14a14f6f
14a24f6f
14a34f6f
14a44f6f
14a54f6f
14a64f6f
14a74f6f
14a84f65
14a94f65
14aa4f65
14ab4f65
14ac4f65
14ad4f65
14ae4f65
14af4f65
14b04f65
14b14f65
14b24f65
14b34f65
14b44f5c
14b54f5c
14b64f5c
14b74f5c
14b84f5c
14b94f5c
14ba4f5c
14bb4f5c
14bc4f5c
14bd4f5c
14be4f5c
14bf4f5c
14c04f53
14c14f53
14c24f53
14c34f53
14c44f53
14c54f53
14c64f53
14c74f53
14c84f53
14c94f53
14ca4f53
14cb4f53
14cc4f4a
14cd4f4a
14ce4f4a
14cf4f4a
14d04f4a
14d14f4a
14d24f4a
14d34f4a
14d44f4a
14d54f4a
14d64f4a
14d74f4a
14d84f41
14d94f41
14da4f41
14db4f41
14dc4f41
14dd4f41
14de4f41
14df4f41
14e04f41
14e14f41
14e24f41
14e34f41
14e44f38
14e54f38
14e64f38
14e74f38
14e84f38
14e94f38
14ea4f38
14eb4f38
14ec4f38
14ed4f38
14ee4f38
14ef4f38
14f04f2f
14f14f2f
14f24f2f
14f34f2f
14f44f2f
14f54f2f
14f64f2f
14f74f2f
14f84f2f
14f94f2f
14fa4f2f
14fb4f2f
14fc4f26
14fd4f26
14fe4f26
14ff4f26
15004f26
15014f26
15024f26
15034f26
15044f26
15054f26
15064f26
15074f26
15084f1e
15094f1e
150a4f1e
150b4f1e
150c4f1e
150d4f1e
150e4f1e
150f4f1e
15104f1e
15114f1e
15124f1e
15134f1e
15144f15
15154f15
15164f15
15174f15
15184f15
15194f15
151a4f15
151b4f15
151c4f15
151d4f15
151e4f15
151f4f15
15204f0d
15214f0d
15224f0d
15234f0d
15244f0d
15254f0d
15264f0d
15274f0d
15284f0d
15294f0d
152a4f0d
152b4f0d
152c4f05
152d4f05
152e4f05
152f4f05
15304f05
15314f05
15324f05
15334f05
15344f05
15354f05
15364f05
15374f05
15384efd
15394efd
153a4efd
153b4efd
153c4efd
153d4efd
153e4efd
153f4efd
15404efd
15414efd
15424efd
15434efd
15444ef5
15454ef5
15464ef5
15474ef5
15484ef5
15494ef5
154a4ef5
154b4ef5
154c4ef5
154d4ef5
154e4ef5
154f4ef5
15504eed
15514eed
15524eed
15534eed
15544eed
15554eed
15564eed
15574eed
15584eed
15594eed
155a4eed
155b4eed
155c4ee5
155d4ee5
155e4ee5
155f4ee5
15604ee5
15614ee5
15624ee5
15634ee5
15644ee5
15654ee5
15664ee5
15674ee5
15684ede
15694ede
156a4ede
156b4ede
156c4ede
156d4ede
156e4ede
156f4ede
15704ede
15714ede
15724ede
15734ede
15744ed6
15754ed6
15764ed6
15774ed6
15784ed6
15794ed6
157a4ed6
157b4ed6
157c4ed6
157d4ed6
157e4ed6
157f4ed6
15804ecf
15814ecf
15824ecf
15834ecf
15844ecf
15854ecf
15864ecf
15874ecf
15884ecf
15894ecf
158a4ecf
158b4ecf
158c4ec7
158d4ec7
158e4ec7
158f4ec7
15904ec7
15914ec7
15924ec7
15934ec7
15944ec7
15954ec7
15964ec7
15974ec7
15984ec0
15994ec0
159a4ec0
159b4ec0
159c4ec0
159d4ec0
159e4ec0
159f4ec0
15a04ec0
15a14ec0
15a24ec0
15a34ec0
15a44eb9
15a54eb9
15a64eb9
15a74eb9
15a84eb9
15a94eb9
15aa4eb9
15ab4eb9
15ac4eb9
15ad4eb9
15ae4eb9
15af4eb9
15b04eb2
15b14eb2
15b24eb2
15b34eb2
15b44eb2
15b54eb2
15b64eb2
15b74eb2
15b84eb2
15b94eb2
15ba4eb2
15bb4eb2
15bc4eab
15bd4eab
15be4eab
15bf4eab
15c04eab
15c14eab
15c24eab
15c34eab
15c44eab
15c54eab
15c64eab
15c74eab
15c84ea4
15c94ea4
15ca4ea4
15cb4ea4
15cc4ea4
15cd4ea4
15ce4ea4
15cf4ea4
15d04ea4
15d14ea4
15d24ea4
15d34ea4
15d44e9d
15d54e9d
15d64e9d
15d74e9d
15d84e9d
15d94e9d
15da4e9d
15db4e9d
15dc4e9d
15dd4e9d
15de4e9d
15df4e9d
15e04e97
15e14e97
15e24e97
15e34e97
15e44e97
15e54e97
15e64e97
15e74e97
15e84e97
15e94e97
15ea4e97
15eb4e97
15ec4e90
15ed4e90
15ee4e90
15ef4e90
15f04e90
15f14e90
15f24e90
15f34e90
15f44e90
15f54e90
15f64e90
15f74e90
15f84e89
15f94e89
15fa4e89
15fb4e89
15fc4e89
15fd4e89
15fe4e89
15ff4e89
16004e89
16014e89
16024e89
16034e89
16044e83
16054e83
16064e83
16074e83
16084e83
16094e83
160a4e83
160b4e83
160c4e83
160d4e83
160e4e83
160f4e83
16104e7c
16114e7c
16124e7c
16134e7c
16144e7c
16154e7c
16164e7c
16174e7c
16184e7c
16194e7c
161a4e7c
161b4e7c
161c4e76
161d4e76
161e4e76
161f4e76
16204e76
16214e76
16224e76
16234e76
16244e76
16254e76
16264e76
16274e76
16284e70
16294e70
162a4e70
162b4e70
162c4e70
162d4e70
162e4e70
162f4e70
16304e70
16314e70
16324e70
16334e70
16344e69
16354e69
16364e69
16374e69
16384e69
16394e69
163a4e69
163b4e69
163c4e69
163d4e69
163e4e69
163f4e69
16404e63
16414e63
16424e63
16434e63
16444e63
16454e63
16464e63
16474e63
16484e63
16494e63
164a4e63
164b4e63
164c4e5d
164d4e5d
164e4e5d
164f4e5d
16504e5d
16514e5d
16524e5d
16534e5d
16544e5d
16554e5d
16564e5d
16574e5d
16584e57
16594e57
165a4e57
165b4e57
165c4e57
165d4e57
165e4e57
165f4e57
16604e57
16614e57
16624e57
16634e57
16644e51
16654e51
16664e51
16674e51
16684e51
16694e51
166a4e51
166b4e51
166c4e51
166d4e51
166e4e51
166f4e51
16704e4b
16714e4b
16724e4b
16734e4b
16744e4b
16754e4b
16764e4b
16774e4b
16784e4b
16794e4b
167a4e4b
167b4e4b
167c4e46
167d4e46
167e4e46
167f4e46
16804e46
16814e46
16824e46
16834e46
16844e46
16854e46
16864e46
16874e46
16884e40
16894e40
168a4e40
168b4e40
168c4e40
168d4e40
168e4e40
168f4e40
16904e40
16914e40
16924e40
16934e40
16944e3a
16954e3a
16964e3a
16974e3a
16984e3a
16994e3a
169a4e3a
169b4e3a
169c4e3a
169d4e3a
169e4e3a
169f4e3a
16a04e35
16a14e35
16a24e35
16a34e35
16a44e35
16a54e35
16a64e35
16a74e35
16a84e35
16a94e35
16aa4e35
16ab4e35
16ac4e2f
16ad4e2f
16ae4e2f
16af4e2f
16b04e2f
16b14e2f
16b24e2f
16b34e2f
16b44e2f
16b54e2f
16b64e2f
16b74e2f
16b84e29
16b94e29
16ba4e29
16bb4e29
16bc4e29
16bd4e29
16be4e29
16bf4e29
16c04e29
16c14e29
16c24e29
16c34e29
16c44e24
16c54e24
16c64e24
16c74e24
16c84e24
16c94e24
16ca4e24
16cb4e24
16cc4e24
16cd4e24
16ce4e24
16cf4e24
16d04e1f
16d14e1f
16d24e1f
16d34e1f
16d44e1f
16d54e1f
16d64e1f
16d74e1f
16d84e1f
16d94e1f
16da4e1f
16db4e1f
16dc4e19
16dd4e19
16de4e19
16df4e19
16e04e19
16e14e19
16e24e19
16e34e19
16e44e19
16e54e19
16e64e19
16e74e19
16e84e14
16e94e14
16ea4e14
16eb4e14
16ec4e14
16ed4e14
16ee4e14
16ef4e14
16f04e14
16f14e14
16f24e14
16f34e14
16f44e0f
16f54e0f
16f64e0f
16f74e0f
16f84e0f
16f94e0f
16fa4e0f
16fb4e0f
16fc4e0f
16fd4e0f
16fe4e0f
16ff4e0f
17004e0a
17014e0a
17024e0a
17034e0a
17044e0a
17054e0a
17064e0a
17074e0a
17084e0a
17094e0a
170a4e0a
170b4e0a
170c4e04
170d4e04
170e4e04
170f4e04
17104e04
17114e04
17124e04
17134e04
17144e04
17154e04
17164e04
17174e04
17184dff
17194dff
171a4dff
171b4dff
171c4dff
171d4dff
171e4dff
171f4dff
17204dff
17214dff
17224dff
17234dff
17244dfa
17254dfa
17264dfa
17274dfa
17284dfa
17294dfa
172a4dfa
172b4dfa
172c4dfa
172d4dfa
172e4dfa
172f4dfa
17304df5
17314df5
17324df5
17334df5
17344df5
17354df5
17364df5
17374df5
17384df5
17394df5
173a4df5
173b4df5
173c4df0
173d4df0
173e4df0
173f4df0
17404df0
17414df0
17424df0
17434df0
17444df0
17454df0
17464df0
17474df0
17484dec
17494dec
174a4dec
174b4dec
174c4dec
174d4dec
174e4dec
174f4dec
17504dec
17514dec
17524dec
17534dec
17544de7
17554de7
17564de7
17574de7
17584de7
17594de7
175a4de7
175b4de7
175c4de7
175d4de7
175e4de7
175f4de7
17604de2
17614de2
17624de2
17634de2
17644de2
17654de2
17664de2
17674de2
17684de2
17694de2
176a4de2
176b4de2
176c4ddd
176d4ddd
176e4ddd
176f4ddd
17704ddd
17714ddd
17724ddd
17734ddd
17744ddd
17754ddd
17764ddd
17774ddd
17784dd8
17794dd8
177a4dd8
177b4dd8
177c4dd8
177d4dd8
177e4dd8
177f4dd8
17804dd8
17814dd8
17824dd8
17834dd8
17844dd4
17854dd4
17864dd4
17874dd4
17884dd4
17894dd4
178a4dd4
178b4dd4
178c4dd4
178d4dd4
178e4dd4
178f4dd4
17904dcf
17914dcf
17924dcf
17934dcf
17944dcf
17954dcf
17964dcf
17974dcf
17984dcf
17994dcf
179a4dcf
179b4dcf
179c4dcb
179d4dcb
179e4dcb
179f4dcb
17a04dcb
17a14dcb
17a24dcb
17a34dcb
17a44dcb
17a54dcb
17a64dcb
17a74dcb
17a84dc6
17a94dc6
17aa4dc6
17ab4dc6
17ac4dc6
17ad4dc6
17ae4dc6
17af4dc6
17b04dc6
17b14dc6
17b24dc6
17b34dc6
17b44dc2
17b54dc2
17b64dc2
17b74dc2
17b84dc2
17b94dc2
17ba4dc2
17bb4dc2
17bc4dc2
17bd4dc2
17be4dc2
17bf4dc2
17c04dbd
17c14dbd
17c24dbd
17c34dbd
17c44dbd
17c54dbd
17c64dbd
17c74dbd
17c84dbd
17c94dbd
17ca4dbd
17cb4dbd
17cc4db9
17cd4db9
17ce4db9
17cf4db9
17d04db9
17d14db9
17d24db9
17d34db9
17d44db9
17d54db9
17d64db9
17d74db9
17d84db4
17d94db4
17da4db4
17db4db4
17dc4db4
17dd4db4
17de4db4
17df4db4
17e04db4
17e14db4
17e24db4
17e34db4
17e44db0
17e54db0
17e64db0
17e74db0
17e84db0
17e94db0
17ea4db0
17eb4db0
17ec4db0
17ed4db0
17ee4db0
17ef4db0
17f04dac
17f14dac
17f24dac
17f34dac
17f44dac
17f54dac
17f64dac
17f74dac
17f84dac
17f94dac
17fa4dac
17fb4dac
17fc4da7
17fd4da7
17fe4da7
17ff4da7
18004da7
18014da7
18024da7
18034da7
18044da3
18054da3
18064da3
18074da3
18084da3
18094da3
180a4d9f
180b4d9f
180c4d9f
180d4d9f
180e4d9f
180f4d9f
18104d9b
18114d9b
18124d9b
18134d9b
18144d9b
18154d9b
18164d97
18174d97
18184d97
18194d97
181a4d97
181b4d97
181c4d93
181d4d93
181e4d93
181f4d93
18204d93
18214d93
18224d8f
18234d8f
18244d8f
18254d8f
18264d8f
18274d8f
18284d8b
18294d8b
182a4d8b
182b4d8b
182c4d8b
182d4d8b
182e4d87
182f4d87
18304d87
18314d87
18324d87
18334d87
18344d83
18354d83
18364d83
18374d83
18384d83
18394d83
183a4d7f
183b4d7f
183c4d7f
183d4d7f
183e4d7f
183f4d7f
18404d7b
18414d7b
18424d7b
18434d7b
18444d7b
18454d7b
18464d77
18474d77
18484d77
18494d77
184a4d77
184b4d77
184c4d73
184d4d73
184e4d73
184f4d73
18504d73
18514d73
18524d70
18534d70
18544d70
18554d70
18564d70
18574d70
18584d6c
18594d6c
185a4d6c
185b4d6c
185c4d6c
185d4d6c
185e4d68
185f4d68
18604d68
18614d68
18624d68
18634d68
18644d64
18654d64
18664d64
18674d64
18684d64
18694d64
186a4d61
186b4d61
186c4d61
186d4d61
186e4d61
186f4d61
18704d5d
18714d5d
18724d5d
18734d5d
18744d5d
18754d5d
18764d5a
18774d5a
18784d5a
18794d5a
187a4d5a
187b4d5a
187c4d56
187d4d56
187e4d56
187f4d56
18804d56
18814d56
18824d52
18834d52
18844d52
18854d52
18864d52
18874d52
18884d4f
18894d4f
188a4d4f
188b4d4f
188c4d4f
188d4d4f
188e4d4b
188f4d4b
18904d4b
18914d4b
18924d4b
18934d4b
18944d48
18954d48
18964d48
18974d48
18984d48
18994d48
189a4d44
189b4d44
189c4d44
189d4d44
189e4d44
189f4d44
18a04d41
18a14d41
18a24d41
18a34d41
18a44d41
18a54d41
18a64d3e
18a74d3e
18a84d3e
18a94d3e
18aa4d3e
18ab4d3e
18ac4d3a
18ad4d3a
18ae4d3a
18af4d3a
18b04d3a
18b14d3a
18b24d37
18b34d37
18b44d37
18b54d37
18b64d37
18b74d37
18b84d34
18b94d34
18ba4d34
18bb4d34
18bc4d34
18bd4d34
18be4d30
18bf4d30
18c04d30
18c14d30
18c24d30
18c34d30
18c44d2d
18c54d2d
18c64d2d
18c74d2d
18c84d2d
18c94d2d
18ca4d2a
18cb4d2a
18cc4d2a
18cd4d2a
18ce4d2a
18cf4d2a
18d04d27
18d14d27
18d24d27
18d34d27
18d44d27
18d54d27
18d64d23
18d74d23
18d84d23
18d94d23
18da4d23
18db4d23
18dc4d20
18dd4d20
18de4d20
18df4d20
18e04d20
18e14d20
18e24d1d
18e34d1d
18e44d1d
18e54d1d
18e64d1d
18e74d1d
18e84d1a
18e94d1a
18ea4d1a
18eb4d1a
18ec4d1a
18ed4d1a
18ee4d17
18ef4d17
18f04d17
18f14d17
18f24d17
18f34d17
18f44d14
18f54d14
18f64d14
18f74d14
18f84d14
18f94d14
18fa4d11
18fb4d11
18fc4d11
18fd4d11
18fe4d11
18ff4d11
19004d0e
19014d0e
19024d0e
19034d0e
19044d0e
19054d0e
19064d0b
19074d0b
19084d0b
19094d0b
190a4d0b
190b4d0b
190c4d08
190d4d08
190e4d08
190f4d08
19104d08
19114d08
19124d05
19134d05
19144d05
19154d05
19164d05
19174d05
19184d02
19194d02
191a4d02
191b4d02
191c4d02
191d4d02
191e4cff
191f4cff
19204cff
19214cff
19224cff
19234cff
19244cfc
19254cfc
19264cfc
19274cfc
19284cfc
19294cfc
192a4cf9
192b4cf9
192c4cf9
192d4cf9
192e4cf9
192f4cf9
19304cf6
19314cf6
19324cf6
19334cf6
19344cf6
19354cf6
19364cf3
19374cf3
19384cf3
19394cf3
193a4cf3
193b4cf3
193c4cf1
193d4cf1
193e4cf1
193f4cf1
19404cf1
19414cf1
19424cee
19434cee
19444cee
19454cee
19464cee
19474cee
19484ceb
19494ceb
194a4ceb
194b4ceb
194c4ceb
194d4ceb
194e4ce8
194f4ce8
19504ce8
19514ce8
19524ce8
19534ce8
19544ce5
19554ce5
19564ce5
19574ce5
19584ce5
19594ce5
195a4ce3
195b4ce3
195c4ce3
195d4ce3
195e4ce3
195f4ce3
19604ce0
19614ce0
19624ce0
19634ce0
19644ce0
19654ce0
19664cdd
19674cdd
19684cdd
19694cdd
196a4cdd
196b4cdd
196c4cdb
196d4cdb
196e4cdb
196f4cdb
19704cdb
19714cdb
19724cd8
19734cd8
19744cd8
19754cd8
19764cd8
19774cd8
19784cd5
19794cd5
197a4cd5
197b4cd5
197c4cd5
197d4cd5
197e4cd3
197f4cd3
19804cd3
19814cd3
19824cd3
19834cd3
19844cd0
19854cd0
19864cd0
19874cd0
19884cd0
19894cd0
198a4ccd
198b4ccd
198c4ccd
198d4ccd
198e4ccd
198f4ccd
19904ccb
19914ccb
19924ccb
19934ccb
19944ccb
19954ccb
19964cc8
19974cc8
19984cc8
19994cc8
199a4cc8
199b4cc8
199c4cc6
199d4cc6
199e4cc6
199f4cc6
19a04cc6
19a14cc6
19a24cc3
19a34cc3
19a44cc3
19a54cc3
19a64cc3
19a74cc3
19a84cc1
19a94cc1
19aa4cc1
19ab4cc1
19ac4cc1
19ad4cc1
19ae4cbe
19af4cbe
19b04cbe
19b14cbe
19b24cbe
19b34cbe
19b44cbc
19b54cbc
19b64cbc
19b74cbc
19b84cbc
19b94cbc
19ba4cb9
19bb4cb9
19bc4cb9
19bd4cb9
19be4cb9
19bf4cb9
19c04cb7
19c14cb7
19c24cb7
19c34cb7
19c44cb7
19c54cb7
19c64cb4
19c74cb4
19c84cb4
19c94cb4
19ca4cb4
19cb4cb4
19cc4cb2
19cd4cb2
19ce4cb2
19cf4cb2
19d04cb2
19d14cb2
19d24caf
19d34caf
19d44caf
19d54caf
19d64caf
19d74caf
19d84cad
19d94cad
19da4cad
19db4cad
19dc4cad
19dd4cad
19de4cab
19df4cab
19e04cab
19e14cab
19e24cab
19e34cab
19e44ca8
19e54ca8
19e64ca8
19e74ca8
19e84ca8
19e94ca8
19ea4ca6
19eb4ca6
19ec4ca6
19ed4ca6
19ee4ca6
19ef4ca6
19f04ca3
19f14ca3
19f24ca3
19f34ca3
19f44ca3
19f54ca3
19f64ca1
19f74ca1
19f84ca1
19f94ca1
19fa4ca1
19fb4ca1
19fc4c9f
19fd4c9f
19fe4c9f
19ff4c9f
1a004c9f
1a014c9f
1a024c9c
1a034c9c
1a044c9c
1a054c9c
1a064c9c
1a074c9c
1a084c9a
1a094c9a
1a0a4c9a
1a0b4c9a
1a0c4c9a
1a0d4c9a
1a0e4c98
1a0f4c98
1a104c98
1a114c98
1a124c98
1a134c98
1a144c96
1a154c96
1a164c96
1a174c96
1a184c96
1a194c96
1a1a4c93
1a1b4c93
1a1c4c93
1a1d4c93
1a1e4c93
1a1f4c93
1a204c91
1a214c91
1a224c91
1a234c91
1a244c91
1a254c91
1a264c8f
1a274c8f
1a284c8f
1a294c8f
1a2a4c8f
1a2b4c8f
1a2c4c8d
1a2d4c8d
1a2e4c8d
1a2f4c8d
1a304c8d
1a314c8d
1a324c8b
1a334c8b
1a344c8b
1a354c8b
1a364c8b
1a374c8b
1a384c88
1a394c88
1a3a4c88
1a3b4c88
1a3c4c88
1a3d4c88
1a3e4c86
1a3f4c86
1a404c86
1a414c86
1a424c86
1a434c86
1a444c84
1a454c84
1a464c84
1a474c84
1a484c84
1a494c84
1a4a4c82
1a4b4c82
1a4c4c82
1a4d4c82
1a4e4c82
1a4f4c82
1a504c80
1a514c80
1a524c80
1a534c80
1a544c80
1a554c80
1a564c7e
1a574c7e
1a584c7e
1a594c7e
1a5a4c7e
1a5b4c7e
1a5c4c7b
1a5d4c7b
1a5e4c7b
1a5f4c7b
1a604c7b
1a614c7b
1a624c79
1a634c79
1a644c79
1a654c79
1a664c79
1a674c79
1a684c77
1a694c77
1a6a4c77
1a6b4c77
1a6c4c77
1a6d4c77
1a6e4c75
1a6f4c75
1a704c75
1a714c75
1a724c75
1a734c75
1a744c73
1a754c73
1a764c73
1a774c73
1a784c73
1a794c73
1a7a4c71
1a7b4c71
1a7c4c71
1a7d4c71
1a7e4c71
1a7f4c71
1a804c6f
1a814c6f
1a824c6f
1a834c6f
1a844c6f
1a854c6f
1a864c6d
1a874c6d
1a884c6d
1a894c6d
1a8a4c6d
1a8b4c6d
1a8c4c6b
1a8d4c6b
1a8e4c6b
1a8f4c6b
1a904c6b
1a914c6b
1a924c69
1a934c69
1a944c69
1a954c69
1a964c69
1a974c69
1a984c67
1a994c67
1a9a4c67
1a9b4c67
1a9c4c67
1a9d4c67
1a9e4c65
1a9f4c65
1aa04c65
1aa14c65
1aa24c65
1aa34c65
1aa44c63
1aa54c63
1aa64c63
1aa74c63
1aa84c63
1aa94c63
1aaa4c61
1aab4c61
1aac4c61
1aad4c61
1aae4c61
1aaf4c61
1ab04c5f
1ab14c5f
1ab24c5f
1ab34c5f
1ab44c5f
1ab54c5f
1ab64c5d
1ab74c5d
1ab84c5d
1ab94c5d
1aba4c5d
1abb4c5d
1abc4c5b
1abd4c5b
1abe4c5b
1abf4c5b
1ac04c5b
1ac14c5b
1ac24c59
1ac34c59
1ac44c59
1ac54c59
1ac64c59
1ac74c59
1ac84c57
1ac94c57
1aca4c57
1acb4c57
1acc4c57
1acd4c57
1ace4c55
1acf4c55
1ad04c55
1ad14c55
1ad24c55
1ad34c55
1ad44c53
1ad54c53
1ad64c53
1ad74c53
1ad84c53
1ad94c53
1ada4c52
1adb4c52
1adc4c52
1add4c52
1ade4c52
1adf4c52
1ae04c50
1ae14c50
1ae24c50
1ae34c50
1ae44c50
1ae54c50
1ae64c4e
1ae74c4e
1ae84c4e
1ae94c4e
1aea4c4e
1aeb4c4e
1aec4c4c
1aed4c4c
1aee4c4c
1aef4c4c
1af04c4c
1af14c4c
1af24c4a
1af34c4a
1af44c4a
1af54c4a
1af64c4a
1af74c4a
1af84c48
1af94c48
1afa4c48
1afb4c48
1afc4c48
1afd4c48
1afe4c46
1aff4c46
1b004c46
1b014c46
1b024c46
1b034c46
1b044c45
1b054c45
1b064c45
1b074c45
1b084c45
1b094c45
1b0a4c43
1b0b4c43
1b0c4c43
1b0d4c43
1b0e4c43
1b0f4c43
1b104c41
1b114c41
1b124c41
1b134c41
1b144c41
1b154c41
1b164c3f
1b174c3f
1b184c3f
1b194c3f
1b1a4c3f
1b1b4c3f
1b1c4c3d
1b1d4c3d
1b1e4c3d
1b1f4c3d
1b204c3d
1b214c3d
1b224c3c
1b234c3c
1b244c3c
1b254c3c
1b264c3c
1b274c3c
1b284c3a
1b294c3a
1b2a4c3a
1b2b4c3a
1b2c4c3a
1b2d4c3a
1b2e4c38
1b2f4c38
1b304c38
1b314c38
1b324c38
1b334c38
1b344c36
1b354c36
1b364c36
1b374c36
1b384c36
1b394c36
1b3a4c35
1b3b4c35
1b3c4c35
1b3d4c35
1b3e4c35
1b3f4c35
1b404c33
1b414c33
1b424c33
1b434c33
1b444c33
1b454c33
1b464c31
1b474c31
1b484c31
1b494c31
1b4a4c31
1b4b4c31
1b4c4c2f
1b4d4c2f
1b4e4c2f
1b4f4c2f
1b504c2f
1b514c2f
1b524c2e
1b534c2e
1b544c2e
1b554c2e
1b564c2e
1b574c2e
1b584c2c
1b594c2c
1b5a4c2c
1b5b4c2c
1b5c4c2c
1b5d4c2c
1b5e4c2a
1b5f4c2a
1b604c2a
1b614c2a
1b624c2a
1b634c2a
1b644c29
1b654c29
1b664c29
1b674c29
1b684c29
1b694c29
1b6a4c27
1b6b4c27
1b6c4c27
1b6d4c27
1b6e4c27
1b6f4c27
1b704c25
1b714c25
1b724c25
1b734c25
1b744c25
1b754c25
1b764c24
1b774c24
1b784c24
1b794c24
1b7a4c24
1b7b4c24
1b7c4c22
1b7d4c22
1b7e4c22
1b7f4c22
1b804c22
1b814c22
1b824c20
1b834c20
1b844c20
1b854c20
1b864c20
1b874c20
1b884c1f
1b894c1f
1b8a4c1f
1b8b4c1f
1b8c4c1f
1b8d4c1f
1b8e4c1d
1b8f4c1d
1b904c1d
1b914c1d
1b924c1d
1b934c1d
1b944c1b
1b954c1b
1b964c1b
1b974c1b
1b984c1b
1b994c1b
1b9a4c1a
1b9b4c1a
1b9c4c1a
1b9d4c1a
1b9e4c1a
1b9f4c1a
1ba04c18
1ba14c18
1ba24c18
1ba34c18
1ba44c18
1ba54c18
1ba64c16
1ba74c16
1ba84c16
1ba94c16
1baa4c16
1bab4c16
1bac4c15
1bad4c15
1bae4c15
1baf4c15
1bb04c15
1bb14c15
1bb24c13
1bb34c13
1bb44c13
1bb54c13
1bb64c13
1bb74c13
1bb84c12
1bb94c12
1bba4c12
1bbb4c12
1bbc4c12
1bbd4c12
1bbe4c10
1bbf4c10
1bc04c10
1bc14c10
1bc24c10
1bc34c10
1bc44c0f
1bc54c0f
1bc64c0f
1bc74c0f
1bc84c0f
1bc94c0f
1bca4c0d
1bcb4c0d
1bcc4c0d
1bcd4c0d
1bce4c0d
1bcf4c0d
1bd04c0b
1bd14c0b
1bd24c0b
1bd34c0b
1bd44c0b
1bd54c0b
1bd64c0a
1bd74c0a
1bd84c0a
1bd94c0a
1bda4c0a
1bdb4c0a
1bdc4c08
1bdd4c08
1bde4c08
1bdf4c08
1be04c08
1be14c08
1be24c07
1be34c07
1be44c07
1be54c07
1be64c07
1be74c07
1be84c05
1be94c05
1bea4c05
1beb4c05
1bec4c05
1bed4c05
1bee4c04
1bef4c04
1bf04c04
1bf14c04
1bf24c04
1bf34c04
1bf44c02
1bf54c02
1bf64c02
1bf74c02
1bf84c02
1bf94c02
1bfa4c01
1bfb4c01
1bfc4c01
1bfd4c01
1bfe4c01
1bff4c01
1c004bfa
1c014bfa
1c024bfa
1c034bfa
1c044bfa
1c054bfa
1c064bfa
1c074bfa
1c084bfa
1c094bfa
1c0a4bfa
1c0b4bfa
1c0c4bee
1c0d4bee
1c0e4bee
1c0f4bee
1c104bee
1c114bee
1c124bee
1c134bee
1c144bee
1c154bee
1c164bee
1c174bee
1c184be3
1c194be3
1c1a4be3
1c1b4be3
1c1c4be3
1c1d4be3
1c1e4be3
1c1f4be3
1c204be3
1c214be3
1c224be3
1c234be3
1c244bd7
1c254bd7
1c264bd7
1c274bd7
1c284bd7
1c294bd7
1c2a4bd7
1c2b4bd7
1c2c4bd7
1c2d4bd7
1c2e4bd7
1c2f4bd7
1c304bcc
1c314bcc
1c324bcc
1c334bcc
1c344bcc
1c354bcc
1c364bcc
1c374bcc
1c384bcc
1c394bcc
1c3a4bcc
1c3b4bcc
1c3c4bc1
1c3d4bc1
1c3e4bc1
1c3f4bc1
1c404bc1
1c414bc1
1c424bc1
1c434bc1
1c444bc1
1c454bc1
1c464bc1
1c474bc1
1c484bb6
1c494bb6
1c4a4bb6
1c4b4bb6
1c4c4bb6
1c4d4bb6
1c4e4bb6
1c4f4bb6
1c504bb6
1c514bb6
1c524bb6
1c534bb6
1c544bac
1c554bac
1c564bac
1c574bac
1c584bac
1c594bac
1c5a4bac
1c5b4bac
1c5c4bac
1c5d4bac
1c5e4bac
1c5f4bac
1c604ba1
1c614ba1
1c624ba1
1c634ba1
1c644ba1
1c654ba1
1c664ba1
1c674ba1
1c684ba1
1c694ba1
1c6a4ba1
1c6b4ba1
1c6c4b97
1c6d4b97
1c6e4b97
1c6f4b97
1c704b97
1c714b97
1c724b97
1c734b97
1c744b97
1c754b97
1c764b97
1c774b97
1c784b8d
1c794b8d
1c7a4b8d
1c7b4b8d
1c7c4b8d
1c7d4b8d
1c7e4b8d
1c7f4b8d
1c804b8d
1c814b8d
1c824b8d
1c834b8d
1c844b83
1c854b83
1c864b83
1c874b83
1c884b83
1c894b83
1c8a4b83
1c8b4b83
1c8c4b83
1c8d4b83
1c8e4b83
1c8f4b83
1c904b79
1c914b79
1c924b79
1c934b79
1c944b79
1c954b79
1c964b79
1c974b79
1c984b79
1c994b79
1c9a4b79
1c9b4b79
1c9c4b6f
1c9d4b6f
1c9e4b6f
1c9f4b6f
1ca04b6f
1ca14b6f
1ca24b6f
1ca34b6f
1ca44b6f
1ca54b6f
1ca64b6f
1ca74b6f
1ca84b65
1ca94b65
1caa4b65
1cab4b65
1cac4b65
1cad4b65
1cae4b65
1caf4b65
1cb04b65
1cb14b65
1cb24b65
1cb34b65
1cb44b5c
1cb54b5c
1cb64b5c
1cb74b5c
1cb84b5c
1cb94b5c
1cba4b5c
1cbb4b5c
1cbc4b5c
1cbd4b5c
1cbe4b5c
1cbf4b5c
1cc04b53
1cc14b53
1cc24b53
1cc34b53
1cc44b53
1cc54b53
1cc64b53
1cc74b53
1cc84b53
1cc94b53
1cca4b53
1ccb4b53
1ccc4b4a
1ccd4b4a
1cce4b4a
1ccf4b4a
1cd04b4a
1cd14b4a
1cd24b4a
1cd34b4a
1cd44b4a
1cd54b4a
1cd64b4a
1cd74b4a
1cd84b41
1cd94b41
1cda4b41
1cdb4b41
1cdc4b41
1cdd4b41
1cde4b41
1cdf4b41
1ce04b41
1ce14b41
1ce24b41
1ce34b41
1ce44b38
1ce54b38
1ce64b38
1ce74b38
1ce84b38
1ce94b38
1cea4b38
1ceb4b38
1cec4b38
1ced4b38
1cee4b38
1cef4b38
1cf04b2f
1cf14b2f
1cf24b2f
1cf34b2f
1cf44b2f
1cf54b2f
1cf64b2f
1cf74b2f
1cf84b2f
1cf94b2f
1cfa4b2f
1cfb4b2f
1cfc4b26
1cfd4b26
1cfe4b26
1cff4b26
1d004b26
1d014b26
1d024b26
1d034b26
1d044b26
1d054b26
1d064b26
1d074b26
1d084b1e
1d094b1e
1d0a4b1e
1d0b4b1e
1d0c4b1e
1d0d4b1e
1d0e4b1e
1d0f4b1e
1d104b1e
1d114b1e
1d124b1e
1d134b1e
1d144b15
1d154b15
1d164b15
1d174b15
1d184b15
1d194b15
1d1a4b15
1d1b4b15
1d1c4b15
1d1d4b15
1d1e4b15
1d1f4b15
1d204b0d
1d214b0d
1d224b0d
1d234b0d
1d244b0d
1d254b0d
1d264b0d
1d274b0d
1d284b0d
1d294b0d
1d2a4b0d
1d2b4b0d
1d2c4b05
1d2d4b05
1d2e4b05
1d2f4b05
1d304b05
1d314b05
1d324b05
1d334b05
1d344b05
1d354b05
1d364b05
1d374b05
1d384afd
1d394afd
1d3a4afd
1d3b4afd
1d3c4afd
1d3d4afd
1d3e4afd
1d3f4afd
1d404afd
1d414afd
1d424afd
1d434afd
1d444af5
1d454af5
1d464af5
1d474af5
1d484af5
1d494af5
1d4a4af5
1d4b4af5
1d4c4af5
1d4d4af5
1d4e4af5
1d4f4af5
1d504aed
1d514aed
1d524aed
1d534aed
1d544aed
1d554aed
1d564aed
1d574aed
1d584aed
1d594aed
1d5a4aed
1d5b4aed
1d5c4ae5
1d5d4ae5
1d5e4ae5
1d5f4ae5
1d604ae5
1d614ae5
1d624ae5
1d634ae5
1d644ae5
1d654ae5
1d664ae5
1d674ae5
1d684ade
1d694ade
1d6a4ade
1d6b4ade
1d6c4ade
1d6d4ade
1d6e4ade
1d6f4ade
1d704ade
1d714ade
1d724ade
1d734ade
1d744ad6
1d754ad6
1d764ad6
1d774ad6
1d784ad6
1d794ad6
1d7a4ad6
1d7b4ad6
1d7c4ad6
1d7d4ad6
1d7e4ad6
1d7f4ad6
1d804acf
1d814acf
1d824acf
1d834acf
1d844acf
1d854acf
1d864acf
1d874acf
1d884acf
1d894acf
1d8a4acf
1d8b4acf
1d8c4ac7
1d8d4ac7
1d8e4ac7
1d8f4ac7
1d904ac7
1d914ac7
1d924ac7
1d934ac7
1d944ac7
1d954ac7
1d964ac7
1d974ac7
1d984ac0
1d994ac0
1d9a4ac0
1d9b4ac0
1d9c4ac0
1d9d4ac0
1d9e4ac0
1d9f4ac0
1da04ac0
1da14ac0
1da24ac0
1da34ac0
1da44ab9
1da54ab9
1da64ab9
1da74ab9
1da84ab9
1da94ab9
1daa4ab9
1dab4ab9
1dac4ab9
1dad4ab9
1dae4ab9
1daf4ab9
1db04ab2
1db14ab2
1db24ab2
1db34ab2
1db44ab2
1db54ab2
1db64ab2
1db74ab2
1db84ab2
1db94ab2
1dba4ab2
1dbb4ab2
1dbc4aab
1dbd4aab
1dbe4aab
1dbf4aab
1dc04aab
1dc14aab
1dc24aab
1dc34aab
1dc44aab
1dc54aab
1dc64aab
1dc74aab
1dc84aa4
1dc94aa4
1dca4aa4
1dcb4aa4
1dcc4aa4
1dcd4aa4
1dce4aa4
1dcf4aa4
1dd04aa4
1dd14aa4
1dd24aa4
1dd34aa4
1dd44a9d
1dd54a9d
1dd64a9d
1dd74a9d
1dd84a9d
1dd94a9d
1dda4a9d
1ddb4a9d
1ddc4a9d
1ddd4a9d
1dde4a9d
1ddf4a9d
1de04a97
1de14a97
1de24a97
1de34a97
1de44a97
1de54a97
1de64a97
1de74a97
1de84a97
1de94a97
1dea4a97
1deb4a97
1dec4a90
1ded4a90
1dee4a90
1def4a90
1df04a90
1df14a90
1df24a90
1df34a90
1df44a90
1df54a90
1df64a90
1df74a90
1df84a89
1df94a89
1dfa4a89
1dfb4a89
1dfc4a89
1dfd4a89
1dfe4a89
1dff4a89
1e004a89
1e014a89
1e024a89
1e034a89
1e044a83
1e054a83
1e064a83
1e074a83
1e084a83
1e094a83
1e0a4a83
1e0b4a83
1e0c4a83
1e0d4a83
1e0e4a83
1e0f4a83
1e104a7c
1e114a7c
1e124a7c
1e134a7c
1e144a7c
1e154a7c
1e164a7c
1e174a7c
1e184a7c
1e194a7c
1e1a4a7c
1e1b4a7c
1e1c4a76
1e1d4a76
1e1e4a76
1e1f4a76
1e204a76
1e214a76
1e224a76
1e234a76
1e244a76
1e254a76
1e264a76
1e274a76
1e284a70
1e294a70
1e2a4a70
1e2b4a70
1e2c4a70
1e2d4a70
1e2e4a70
1e2f4a70
1e304a70
1e314a70
1e324a70
1e334a70
1e344a69
1e354a69
1e364a69
1e374a69
1e384a69
1e394a69
1e3a4a69
1e3b4a69
1e3c4a69
1e3d4a69
1e3e4a69
1e3f4a69
1e404a63
1e414a63
1e424a63
1e434a63
1e444a63
1e454a63
1e464a63
1e474a63
1e484a63
1e494a63
1e4a4a63
1e4b4a63
1e4c4a5d
1e4d4a5d
1e4e4a5d
1e4f4a5d
1e504a5d
1e514a5d
1e524a5d
1e534a5d
1e544a5d
1e554a5d
1e564a5d
1e574a5d
1e584a57
1e594a57
1e5a4a57
1e5b4a57
1e5c4a57
1e5d4a57
1e5e4a57
1e5f4a57
1e604a57
1e614a57
1e624a57
1e634a57
1e644a51
1e654a51
1e664a51
1e674a51
1e684a51
1e694a51
1e6a4a51
1e6b4a51
1e6c4a51
1e6d4a51
1e6e4a51
1e6f4a51
1e704a4b
1e714a4b
1e724a4b
1e734a4b
1e744a4b
1e754a4b
1e764a4b
1e774a4b
1e784a4b
1e794a4b
1e7a4a4b
1e7b4a4b
1e7c4a46
1e7d4a46
1e7e4a46
1e7f4a46
1e804a46
1e814a46
1e824a46
1e834a46
1e844a46
1e854a46
1e864a46
1e874a46
1e884a40
1e894a40
1e8a4a40
1e8b4a40
1e8c4a40
1e8d4a40
1e8e4a40
1e8f4a40
1e904a40
1e914a40
1e924a40
1e934a40
1e944a3a
1e954a3a
1e964a3a
1e974a3a
1e984a3a
1e994a3a
1e9a4a3a
1e9b4a3a
1e9c4a3a
1e9d4a3a
1e9e4a3a
1e9f4a3a
1ea04a35
1ea14a35
1ea24a35
1ea34a35
1ea44a35
1ea54a35
1ea64a35
1ea74a35
1ea84a35
1ea94a35
1eaa4a35
1eab4a35
1eac4a2f
1ead4a2f
1eae4a2f
1eaf4a2f
1eb04a2f
1eb14a2f
1eb24a2f
1eb34a2f
1eb44a2f
1eb54a2f
1eb64a2f
1eb74a2f
1eb84a29
1eb94a29
1eba4a29
1ebb4a29
1ebc4a29
1ebd4a29
1ebe4a29
1ebf4a29
1ec04a29
1ec14a29
1ec24a29
1ec34a29
1ec44a24
1ec54a24
1ec64a24
1ec74a24
1ec84a24
1ec94a24
1eca4a24
1ecb4a24
1ecc4a24
1ecd4a24
1ece4a24
1ecf4a24
1ed04a1f
1ed14a1f
1ed24a1f
1ed34a1f
1ed44a1f
1ed54a1f
1ed64a1f
1ed74a1f
1ed84a1f
1ed94a1f
1eda4a1f
1edb4a1f
1edc4a19
1edd4a19
1ede4a19
1edf4a19
1ee04a19
1ee14a19
1ee24a19
1ee34a19
1ee44a19
1ee54a19
1ee64a19
1ee74a19
1ee84a14
1ee94a14
1eea4a14
1eeb4a14
1eec4a14
1eed4a14
1eee4a14
1eef4a14
1ef04a14
1ef14a14
1ef24a14
1ef34a14
1ef44a0f
1ef54a0f
1ef64a0f
1ef74a0f
1ef84a0f
1ef94a0f
1efa4a0f
1efb4a0f
1efc4a0f
1efd4a0f
1efe4a0f
1eff4a0f
1f004a0a
1f014a0a
1f024a0a
1f034a0a
1f044a0a
1f054a0a
1f064a0a
1f074a0a
1f084a0a
1f094a0a
1f0a4a0a
1f0b4a0a
1f0c4a04
1f0d4a04
1f0e4a04
1f0f4a04
1f104a04
1f114a04
1f124a04
1f134a04
1f144a04
1f154a04
1f164a04
1f174a04
1f1849ff
1f1949ff
1f1a49ff
1f1b49ff
1f1c49ff
1f1d49ff
1f1e49ff
1f1f49ff
1f2049ff
1f2149ff
1f2249ff
1f2349ff
1f2449fa
1f2549fa
1f2649fa
1f2749fa
1f2849fa
1f2949fa
1f2a49fa
1f2b49fa
1f2c49fa
1f2d49fa
1f2e49fa
1f2f49fa
1f3049f5
1f3149f5
1f3249f5
1f3349f5
1f3449f5
1f3549f5
1f3649f5
1f3749f5
1f3849f5
1f3949f5
1f3a49f5
1f3b49f5
1f3c49f0
1f3d49f0
1f3e49f0
1f3f49f0
1f4049f0
1f4149f0
1f4249f0
1f4349f0
1f4449f0
1f4549f0
1f4649f0
1f4749f0
1f4849ec
1f4949ec
1f4a49ec
1f4b49ec
1f4c49ec
1f4d49ec
1f4e49ec
1f4f49ec
1f5049ec
1f5149ec
1f5249ec
1f5349ec
1f5449e7
1f5549e7
1f5649e7
1f5749e7
1f5849e7
1f5949e7
1f5a49e7
1f5b49e7
1f5c49e7
1f5d49e7
1f5e49e7
1f5f49e7
1f6049e2
1f6149e2
1f6249e2
1f6349e2
1f6449e2
1f6549e2
1f6649e2
1f6749e2
1f6849e2
1f6949e2
1f6a49e2
1f6b49e2
1f6c49dd
1f6d49dd
1f6e49dd
1f6f49dd
1f7049dd
1f7149dd
1f7249dd
1f7349dd
1f7449dd
1f7549dd
1f7649dd
1f7749dd
1f7849d8
1f7949d8
1f7a49d8
1f7b49d8
1f7c49d8
1f7d49d8
1f7e49d8
1f7f49d8
1f8049d8
1f8149d8
1f8249d8
1f8349d8
1f8449d4
1f8549d4
1f8649d4
1f8749d4
1f8849d4
1f8949d4
1f8a49d4
1f8b49d4
1f8c49d4
1f8d49d4
1f8e49d4
1f8f49d4
1f9049cf
1f9149cf
1f9249cf
1f9349cf
1f9449cf
1f9549cf
1f9649cf
1f9749cf
1f9849cf
1f9949cf
1f9a49cf
1f9b49cf
1f9c49cb
1f9d49cb
1f9e49cb
1f9f49cb
1fa049cb
1fa149cb
1fa249cb
1fa349cb
1fa449cb
1fa549cb
1fa649cb
1fa749cb
1fa849c6
1fa949c6
1faa49c6
1fab49c6
1fac49c6
1fad49c6
1fae49c6
1faf49c6
1fb049c6
1fb149c6
1fb249c6
1fb349c6
1fb449c2
1fb549c2
1fb649c2
1fb749c2
1fb849c2
1fb949c2
1fba49c2
1fbb49c2
1fbc49c2
1fbd49c2
1fbe49c2
1fbf49c2
1fc049bd
1fc149bd
1fc249bd
1fc349bd
1fc449bd
1fc549bd
1fc649bd
1fc749bd
1fc849bd
1fc949bd
1fca49bd
1fcb49bd
1fcc49b9
1fcd49b9
1fce49b9
1fcf49b9
1fd049b9
1fd149b9
1fd249b9
1fd349b9
1fd449b9
1fd549b9
1fd649b9
1fd749b9
1fd849b4
1fd949b4
1fda49b4
1fdb49b4
1fdc49b4
1fdd49b4
1fde49b4
1fdf49b4
1fe049b4
1fe149b4
1fe249b4
1fe349b4
1fe449b0
1fe549b0
1fe649b0
1fe749b0
1fe849b0
1fe949b0
1fea49b0
1feb49b0
1fec49b0
1fed49b0
1fee49b0
1fef49b0
1ff049ac
1ff149ac
1ff249ac
1ff349ac
1ff449ac
1ff549ac
1ff649ac
1ff749ac
1ff849ac
1ff949ac
1ffa49ac
1ffb49ac
1ffc49a7
1ffd49a7
1ffe49a7
1fff49a7
200049a7
200149a7
200249a7
200349a7
200449a3
200549a3
200649a3
200749a3
200849a3
200949a3
200a499f
200b499f
200c499f
200d499f
200e499f
200f499f
2010499b
2011499b
2012499b
2013499b
2014499b
2015499b
20164997
20174997
20184997
20194997
201a4997
201b4997
201c4993
201d4993
201e4993
201f4993
20204993
20214993
2022498f
2023498f
2024498f
2025498f
2026498f
2027498f
2028498b
2029498b
202a498b
202b498b
202c498b
202d498b
202e4987
202f4987
20304987
20314987
20324987
20334987
20344983
20354983
20364983
20374983
20384983
20394983
203a497f
203b497f
203c497f
203d497f
203e497f
203f497f
2040497b
2041497b
2042497b
2043497b
2044497b
2045497b
20464977
20474977
20484977
20494977
204a4977
204b4977
204c4973
204d4973
204e4973
204f4973
20504973
20514973
20524970
20534970
20544970
20554970
20564970
20574970
2058496c
2059496c
205a496c
205b496c
205c496c
205d496c
205e4968
205f4968
20604968
20614968
20624968
20634968
20644964
20654964
20664964
20674964
20684964
20694964
206a4961
206b4961
206c4961
206d4961
206e4961
206f4961
2070495d
2071495d
2072495d
2073495d
2074495d
2075495d
2076495a
2077495a
2078495a
2079495a
207a495a
207b495a
207c4956
207d4956
207e4956
207f4956
20804956
20814956
20824952
20834952
20844952
20854952
20864952
20874952
2088494f
2089494f
208a494f
208b494f
208c494f
208d494f
208e494b
208f494b
2090494b
2091494b
2092494b
2093494b
20944948
20954948
20964948
20974948
20984948
20994948
209a4944
209b4944
209c4944
209d4944
209e4944
209f4944
20a04941
20a14941
20a24941
20a34941
20a44941
20a54941
20a6493e
20a7493e
20a8493e
20a9493e
20aa493e
20ab493e
20ac493a
20ad493a
20ae493a
20af493a
20b0493a
20b1493a
20b24937
20b34937
20b44937
20b54937
20b64937
20b74937
20b84934
20b94934
20ba4934
20bb4934
20bc4934
20bd4934
20be4930
20bf4930
20c04930
20c14930
20c24930
20c34930
20c4492d
20c5492d
20c6492d
20c7492d
20c8492d
20c9492d
20ca492a
20cb492a
20cc492a
20cd492a
20ce492a
20cf492a
20d04927
20d14927
20d24927
20d34927
20d44927
20d54927
20d64923
20d74923
20d84923
20d94923
20da4923
20db4923
20dc4920
20dd4920
20de4920
20df4920
20e04920
20e14920
20e2491d
20e3491d
20e4491d
20e5491d
20e6491d
20e7491d
20e8491a
20e9491a
20ea491a
20eb491a
20ec491a
20ed491a
20ee4917
20ef4917
20f04917
20f14917
20f24917
20f34917
20f44914
20f54914
20f64914
20f74914
20f84914
20f94914
20fa4911
20fb4911
20fc4911
20fd4911
20fe4911
20ff4911
2100490e
2101490e
2102490e
2103490e
2104490e
2105490e
2106490b
2107490b
2108490b
2109490b
210a490b
210b490b
210c4908
210d4908
210e4908
210f4908
21104908
21114908
21124905
21134905
21144905
21154905
21164905
21174905
21184902
21194902
211a4902
211b4902
211c4902
211d4902
211e48ff
211f48ff
212048ff
212148ff
212248ff
212348ff
212448fc
212548fc
212648fc
212748fc
212848fc
212948fc
212a48f9
212b48f9
212c48f9
212d48f9
212e48f9
212f48f9
213048f6
213148f6
213248f6
213348f6
213448f6
213548f6
213648f3
213748f3
213848f3
213948f3
213a48f3
213b48f3
213c48f1
213d48f1
213e48f1
213f48f1
214048f1
214148f1
214248ee
214348ee
214448ee
214548ee
214648ee
214748ee
214848eb
214948eb
214a48eb
214b48eb
214c48eb
214d48eb
214e48e8
214f48e8
215048e8
215148e8
215248e8
215348e8
215448e5
215548e5
215648e5
215748e5
215848e5
215948e5
215a48e3
215b48e3
215c48e3
215d48e3
215e48e3
215f48e3
216048e0
216148e0
216248e0
216348e0
216448e0
216548e0
216648dd
216748dd
216848dd
216948dd
216a48dd
216b48dd
216c48db
216d48db
216e48db
216f48db
217048db
217148db
217248d8
217348d8
217448d8
217548d8
217648d8
217748d8
217848d5
217948d5
217a48d5
217b48d5
217c48d5
217d48d5
217e48d3
217f48d3
218048d3
218148d3
218248d3
218348d3
218448d0
218548d0
218648d0
218748d0
218848d0
218948d0
218a48cd
218b48cd
218c48cd
218d48cd
218e48cd
218f48cd
219048cb
219148cb
219248cb
219348cb
219448cb
219548cb
219648c8
219748c8
219848c8
219948c8
219a48c8
219b48c8
219c48c6
219d48c6
219e48c6
219f48c6
21a048c6
21a148c6
21a248c3
21a348c3
21a448c3
21a548c3
21a648c3
21a748c3
21a848c1
21a948c1
21aa48c1
21ab48c1
21ac48c1
21ad48c1
21ae48be
21af48be
21b048be
21b148be
21b248be
21b348be
21b448bc
21b548bc
21b648bc
21b748bc
21b848bc
21b948bc
21ba48b9
21bb48b9
21bc48b9
21bd48b9
21be48b9
21bf48b9
21c048b7
21c148b7
21c248b7
21c348b7
21c448b7
21c548b7
21c648b4
21c748b4
21c848b4
21c948b4
21ca48b4
21cb48b4
21cc48b2
21cd48b2
21ce48b2
21cf48b2
21d048b2
21d148b2
21d248af
21d348af
21d448af
21d548af
21d648af
21d748af
21d848ad
21d948ad
21da48ad
21db48ad
21dc48ad
21dd48ad
21de48ab
21df48ab
21e048ab
21e148ab
21e248ab
21e348ab
21e448a8
21e548a8
21e648a8
21e748a8
21e848a8
21e948a8
21ea48a6
21eb48a6
21ec48a6
21ed48a6
21ee48a6
21ef48a6
21f048a3
21f148a3
21f248a3
21f348a3
21f448a3
21f548a3
21f648a1
21f748a1
21f848a1
21f948a1
21fa48a1
21fb48a1
21fc489f
21fd489f
21fe489f
21ff489f
2200489f
2201489f
2202489c
2203489c
2204489c
2205489c
2206489c
2207489c
2208489a
2209489a
220a489a
220b489a
220c489a
220d489a
220e4898
220f4898
22104898
22114898
22124898
22134898
22144896
22154896
22164896
22174896
22184896
22194896
221a4893
221b4893
221c4893
221d4893
221e4893
221f4893
22204891
22214891
22224891
22234891
22244891
22254891
2226488f
2227488f
2228488f
2229488f
222a488f
222b488f
222c488d
222d488d
222e488d
222f488d
2230488d
2231488d
2232488b
2233488b
2234488b
2235488b
2236488b
2237488b
22384888
22394888
223a4888
223b4888
223c4888
223d4888
223e4886
223f4886
22404886
22414886
22424886
22434886
22444884
22454884
22464884
22474884
22484884
22494884
224a4882
224b4882
224c4882
224d4882
224e4882
224f4882
22504880
22514880
22524880
22534880
22544880
22554880
2256487e
2257487e
2258487e
2259487e
225a487e
225b487e
225c487b
225d487b
225e487b
225f487b
2260487b
2261487b
22624879
22634879
22644879
22654879
22664879
22674879
22684877
22694877
226a4877
226b4877
226c4877
226d4877
226e4875
226f4875
22704875
22714875
22724875
22734875
22744873
22754873
22764873
22774873
22784873
22794873
227a4871
227b4871
227c4871
227d4871
227e4871
227f4871
2280486f
2281486f
2282486f
2283486f
2284486f
2285486f
2286486d
2287486d
2288486d
2289486d
228a486d
228b486d
228c486b
228d486b
228e486b
228f486b
2290486b
2291486b
22924869
22934869
22944869
22954869
22964869
22974869
22984867
22994867
229a4867
229b4867
229c4867
229d4867
229e4865
229f4865
22a04865
22a14865
22a24865
22a34865
22a44863
22a54863
22a64863
22a74863
22a84863
22a94863
22aa4861
22ab4861
22ac4861
22ad4861
22ae4861
22af4861
22b0485f
22b1485f
22b2485f
22b3485f
22b4485f
22b5485f
22b6485d
22b7485d
22b8485d
22b9485d
22ba485d
22bb485d
22bc485b
22bd485b
22be485b
22bf485b
22c0485b
22c1485b
22c24859
22c34859
22c44859
22c54859
22c64859
22c74859
22c84857
22c94857
22ca4857
22cb4857
22cc4857
22cd4857
22ce4855
22cf4855
22d04855
22d14855
22d24855
22d34855
22d44853
22d54853
22d64853
22d74853
22d84853
22d94853
22da4852
22db4852
22dc4852
22dd4852
22de4852
22df4852
22e04850
22e14850
22e24850
22e34850
22e44850
22e54850
22e6484e
22e7484e
22e8484e
22e9484e
22ea484e
22eb484e
22ec484c
22ed484c
22ee484c
22ef484c
22f0484c
22f1484c
22f2484a
22f3484a
22f4484a
22f5484a
22f6484a
22f7484a
22f84848
22f94848
22fa4848
22fb4848
22fc4848
22fd4848
22fe4846
22ff4846
23004846
23014846
23024846
23034846
23044845
23054845
23064845
23074845
23084845
23094845
230a4843
230b4843
230c4843
230d4843
230e4843
230f4843
23104841
23114841
23124841
23134841
23144841
23154841
2316483f
2317483f
2318483f
2319483f
231a483f
231b483f
231c483d
231d483d
231e483d
231f483d
2320483d
2321483d
2322483c
2323483c
2324483c
2325483c
2326483c
2327483c
2328483a
2329483a
232a483a
232b483a
232c483a
232d483a
232e4838
232f4838
23304838
23314838
23324838
23334838
23344836
23354836
23364836
23374836
23384836
23394836
233a4835
233b4835
233c4835
233d4835
233e4835
233f4835
23404833
23414833
23424833
23434833
23444833
23454833
23464831
23474831
23484831
23494831
234a4831
234b4831
234c482f
234d482f
234e482f
234f482f
2350482f
2351482f
2352482e
2353482e
2354482e
2355482e
2356482e
2357482e
2358482c
2359482c
235a482c
235b482c
235c482c
235d482c
235e482a
235f482a
2360482a
2361482a
2362482a
2363482a
23644829
23654829
23664829
23674829
23684829
23694829
236a4827
236b4827
236c4827
236d4827
236e4827
236f4827
23704825
23714825
23724825
23734825
23744825
23754825
23764824
23774824
23784824
23794824
237a4824
237b4824
237c4822
237d4822
237e4822
237f4822
23804822
23814822
23824820
23834820
23844820
23854820
23864820
23874820
2388481f
2389481f
238a481f
238b481f
238c481f
238d481f
238e481d
238f481d
2390481d
2391481d
2392481d
2393481d
2394481b
2395481b
2396481b
2397481b
2398481b
2399481b
239a481a
239b481a
239c481a
239d481a
239e481a
239f481a
23a04818
23a14818
23a24818
23a34818
23a44818
23a54818
23a64816
23a74816
23a84816
23a94816
23aa4816
23ab4816
23ac4815
23ad4815
23ae4815
23af4815
23b04815
23b14815
23b24813
23b34813
23b44813
23b54813
23b64813
23b74813
23b84812
23b94812
23ba4812
23bb4812
23bc4812
23bd4812
23be4810
23bf4810
23c04810
23c14810
23c24810
23c34810
23c4480f
23c5480f
23c6480f
23c7480f
23c8480f
23c9480f
23ca480d
23cb480d
23cc480d
23cd480d
23ce480d
23cf480d
23d0480b
23d1480b
23d2480b
23d3480b
23d4480b
23d5480b
23d6480a
23d7480a
23d8480a
23d9480a
23da480a
23db480a
23dc4808
23dd4808
23de4808
23df4808
23e04808
23e14808
23e24807
23e34807
23e44807
23e54807
23e64807
23e74807
23e84805
23e94805
23ea4805
23eb4805
23ec4805
23ed4805
23ee4804
23ef4804
23f04804
23f14804
23f24804
23f34804
23f44802
23f54802
23f64802
23f74802
23f84802
23f94802
23fa4801
23fb4801
23fc4801
23fd4801
23fe4801
23ff4801
240047fa
240147fa
240247fa
240347fa
240447fa
240547fa
240647fa
240747fa
240847fa
240947fa
240a47fa
240b47fa
240c47ee
240d47ee
240e47ee
240f47ee
241047ee
241147ee
241247ee
241347ee
241447ee
241547ee
241647ee
241747ee
241847e3
241947e3
241a47e3
241b47e3
241c47e3
241d47e3
241e47e3
241f47e3
242047e3
242147e3
242247e3
242347e3
242447d7
242547d7
242647d7
242747d7
242847d7
242947d7
242a47d7
242b47d7
242c47d7
242d47d7
242e47d7
242f47d7
243047cc
243147cc
243247cc
243347cc
243447cc
243547cc
243647cc
243747cc
243847cc
243947cc
243a47cc
243b47cc
243c47c1
243d47c1
243e47c1
243f47c1
244047c1
244147c1
244247c1
244347c1
244447c1
244547c1
244647c1
244747c1
244847b6
244947b6
244a47b6
244b47b6
244c47b6
244d47b6
244e47b6
244f47b6
245047b6
245147b6
245247b6
245347b6
245447ac
245547ac
245647ac
245747ac
245847ac
245947ac
245a47ac
245b47ac
245c47ac
245d47ac
245e47ac
245f47ac
246047a1
246147a1
246247a1
246347a1
246447a1
246547a1
246647a1
246747a1
246847a1
246947a1
246a47a1
246b47a1
246c4797
246d4797
246e4797
246f4797
24704797
24714797
24724797
24734797
24744797
24754797
24764797
24774797
2478478d
2479478d
247a478d
247b478d
247c478d
247d478d
247e478d
247f478d
2480478d
2481478d
2482478d
2483478d
24844783
24854783
24864783
24874783
24884783
24894783
248a4783
248b4783
248c4783
248d4783
248e4783
248f4783
24904779
24914779
24924779
24934779
24944779
24954779
24964779
24974779
24984779
24994779
249a4779
249b4779
249c476f
249d476f
249e476f
249f476f
24a0476f
24a1476f
24a2476f
24a3476f
24a4476f
24a5476f
24a6476f
24a7476f
24a84765
24a94765
24aa4765
24ab4765
24ac4765
24ad4765
24ae4765
24af4765
24b04765
24b14765
24b24765
24b34765
24b4475c
24b5475c
24b6475c
24b7475c
24b8475c
24b9475c
24ba475c
24bb475c
24bc475c
24bd475c
24be475c
24bf475c
24c04753
24c14753
24c24753
24c34753
24c44753
24c54753
24c64753
24c74753
24c84753
24c94753
24ca4753
24cb4753
24cc474a
24cd474a
24ce474a
24cf474a
24d0474a
24d1474a
24d2474a
24d3474a
24d4474a
24d5474a
24d6474a
24d7474a
24d84741
24d94741
24da4741
24db4741
24dc4741
24dd4741
24de4741
24df4741
24e04741
24e14741
24e24741
24e34741
24e44738
24e54738
24e64738
24e74738
24e84738
24e94738
24ea4738
24eb4738
24ec4738
24ed4738
24ee4738
24ef4738
24f0472f
24f1472f
24f2472f
24f3472f
24f4472f
24f5472f
24f6472f
24f7472f
24f8472f
24f9472f
24fa472f
24fb472f
24fc4726
24fd4726
24fe4726
24ff4726
25004726
25014726
25024726
25034726
25044726
25054726
25064726
25074726
2508471e
2509471e
250a471e
250b471e
250c471e
250d471e
250e471e
250f471e
2510471e
2511471e
2512471e
2513471e
25144715
25154715
25164715
25174715
25184715
25194715
251a4715
251b4715
251c4715
251d4715
251e4715
251f4715
2520470d
2521470d
2522470d
2523470d
2524470d
2525470d
2526470d
2527470d
2528470d
2529470d
252a470d
252b470d
252c4705
252d4705
252e4705
252f4705
25304705
25314705
25324705
25334705
25344705
25354705
25364705
25374705
253846fd
253946fd
253a46fd
253b46fd
253c46fd
253d46fd
253e46fd
253f46fd
254046fd
254146fd
254246fd
254346fd
254446f5
254546f5
254646f5
254746f5
254846f5
254946f5
254a46f5
254b46f5
254c46f5
254d46f5
254e46f5
254f46f5
255046ed
255146ed
255246ed
255346ed
255446ed
255546ed
255646ed
255746ed
255846ed
255946ed
255a46ed
255b46ed
255c46e5
255d46e5
255e46e5
255f46e5
256046e5
256146e5
256246e5
256346e5
256446e5
256546e5
256646e5
256746e5
256846de
256946de
256a46de
256b46de
256c46de
256d46de
256e46de
256f46de
257046de
257146de
257246de
257346de
257446d6
257546d6
257646d6
257746d6
257846d6
257946d6
257a46d6
257b46d6
257c46d6
257d46d6
257e46d6
257f46d6
258046cf
258146cf
258246cf
258346cf
258446cf
258546cf
258646cf
258746cf
258846cf
258946cf
258a46cf
258b46cf
258c46c7
258d46c7
258e46c7
258f46c7
259046c7
259146c7
259246c7
259346c7
259446c7
259546c7
259646c7
259746c7
259846c0
259946c0
259a46c0
259b46c0
259c46c0
259d46c0
259e46c0
259f46c0
25a046c0
25a146c0
25a246c0
25a346c0
25a446b9
25a546b9
25a646b9
25a746b9
25a846b9
25a946b9
25aa46b9
25ab46b9
25ac46b9
25ad46b9
25ae46b9
25af46b9
25b046b2
25b146b2
25b246b2
25b346b2
25b446b2
25b546b2
25b646b2
25b746b2
25b846b2
25b946b2
25ba46b2
25bb46b2
25bc46ab
25bd46ab
25be46ab
25bf46ab
25c046ab
25c146ab
25c246ab
25c346ab
25c446ab
25c546ab
25c646ab
25c746ab
25c846a4
25c946a4
25ca46a4
25cb46a4
25cc46a4
25cd46a4
25ce46a4
25cf46a4
25d046a4
25d146a4
25d246a4
25d346a4
25d4469d
25d5469d
25d6469d
25d7469d
25d8469d
25d9469d
25da469d
25db469d
25dc469d
25dd469d
25de469d
25df469d
25e04697
25e14697
25e24697
25e34697
25e44697
25e54697
25e64697
25e74697
25e84697
25e94697
25ea4697
25eb4697
25ec4690
25ed4690
25ee4690
25ef4690
25f04690
25f14690
25f24690
25f34690
25f44690
25f54690
25f64690
25f74690
25f84689
25f94689
25fa4689
25fb4689
25fc4689
25fd4689
25fe4689
25ff4689
26004689
26014689
26024689
26034689
26044683
26054683
26064683
26074683
26084683
26094683
260a4683
260b4683
260c4683
260d4683
260e4683
260f4683
2610467c
2611467c
2612467c
2613467c
2614467c
2615467c
2616467c
2617467c
2618467c
2619467c
261a467c
261b467c
261c4676
261d4676
261e4676
261f4676
26204676
26214676
26224676
26234676
26244676
26254676
26264676
26274676
26284670
26294670
262a4670
262b4670
262c4670
262d4670
262e4670
262f4670
26304670
26314670
26324670
26334670
26344669
26354669
26364669
26374669
26384669
26394669
263a4669
263b4669
263c4669
263d4669
263e4669
263f4669
26404663
26414663
26424663
26434663
26444663
26454663
26464663
26474663
26484663
26494663
264a4663
264b4663
264c465d
264d465d
264e465d
264f465d
2650465d
2651465d
2652465d
2653465d
2654465d
2655465d
2656465d
2657465d
26584657
26594657
265a4657
265b4657
265c4657
265d4657
265e4657
265f4657
26604657
26614657
26624657
26634657
26644651
26654651
26664651
26674651
26684651
26694651
266a4651
266b4651
266c4651
266d4651
266e4651
266f4651
2670464b
2671464b
2672464b
2673464b
2674464b
2675464b
2676464b
2677464b
2678464b
2679464b
267a464b
267b464b
267c4646
267d4646
267e4646
267f4646
26804646
26814646
26824646
26834646
26844646
26854646
26864646
26874646
26884640
26894640
268a4640
268b4640
268c4640
268d4640
268e4640
268f4640
26904640
26914640
26924640
26934640
2694463a
2695463a
2696463a
2697463a
2698463a
2699463a
269a463a
269b463a
269c463a
269d463a
269e463a
269f463a
26a04635
26a14635
26a24635
26a34635
26a44635
26a54635
26a64635
26a74635
26a84635
26a94635
26aa4635
26ab4635
26ac462f
26ad462f
26ae462f
26af462f
26b0462f
26b1462f
26b2462f
26b3462f
26b4462f
26b5462f
26b6462f
26b7462f
26b84629
26b94629
26ba4629
26bb4629
26bc4629
26bd4629
26be4629
26bf4629
26c04629
26c14629
26c24629
26c34629
26c44624
26c54624
26c64624
26c74624
26c84624
26c94624
26ca4624
26cb4624
26cc4624
26cd4624
26ce4624
26cf4624
26d0461f
26d1461f
26d2461f
26d3461f
26d4461f
26d5461f
26d6461f
26d7461f
26d8461f
26d9461f
26da461f
26db461f
26dc4619
26dd4619
26de4619
26df4619
26e04619
26e14619
26e24619
26e34619
26e44619
26e54619
26e64619
26e74619
26e84614
26e94614
26ea4614
26eb4614
26ec4614
26ed4614
26ee4614
26ef4614
26f04614
26f14614
26f24614
26f34614
26f4460f
26f5460f
26f6460f
26f7460f
26f8460f
26f9460f
26fa460f
26fb460f
26fc460f
26fd460f
26fe460f
26ff460f
2700460a
2701460a
2702460a
2703460a
2704460a
2705460a
2706460a
2707460a
2708460a
2709460a
270a460a
270b460a
270c4604
270d4604
270e4604
270f4604
27104604
27114604
27124604
27134604
27144604
27154604
27164604
27174604
271845ff
271945ff
271a45ff
271b45ff
271c45ff
271d45ff
271e45ff
271f45ff
272045ff
272145ff
272245ff
272345ff
272445fa
272545fa
272645fa
272745fa
272845fa
272945fa
272a45fa
272b45fa
272c45fa
272d45fa
272e45fa
272f45fa
273045f5
273145f5
273245f5
273345f5
273445f5
273545f5
273645f5
273745f5
273845f5
273945f5
273a45f5
273b45f5
273c45f0
273d45f0
273e45f0
273f45f0
274045f0
274145f0
274245f0
274345f0
274445f0
274545f0
274645f0
274745f0
274845ec
274945ec
274a45ec
274b45ec
274c45ec
274d45ec
274e45ec
274f45ec
275045ec
275145ec
275245ec
275345ec
275445e7
275545e7
275645e7
275745e7
275845e7
275945e7
275a45e7
275b45e7
275c45e7
275d45e7
275e45e7
275f45e7
276045e2
276145e2
276245e2
276345e2
276445e2
276545e2
276645e2
276745e2
276845e2
276945e2
276a45e2
276b45e2
276c45dd
276d45dd
276e45dd
276f45dd
277045dd
277145dd
277245dd
277345dd
277445dd
277545dd
277645dd
277745dd
277845d8
277945d8
277a45d8
277b45d8
277c45d8
277d45d8
277e45d8
277f45d8
278045d8
278145d8
278245d8
278345d8
278445d4
278545d4
278645d4
278745d4
278845d4
278945d4
278a45d4
278b45d4
278c45d4
278d45d4
278e45d4
278f45d4
279045cf
279145cf
279245cf
279345cf
279445cf
279545cf
279645cf
279745cf
279845cf
279945cf
279a45cf
279b45cf
279c45cb
279d45cb
279e45cb
279f45cb
27a045cb
27a145cb
27a245cb
27a345cb
27a445cb
27a545cb
27a645cb
27a745cb
27a845c6
27a945c6
27aa45c6
27ab45c6
27ac45c6
27ad45c6
27ae45c6
27af45c6
27b045c6
27b145c6
27b245c6
27b345c6
27b445c2
27b545c2
27b645c2
27b745c2
27b845c2
27b945c2
27ba45c2
27bb45c2
27bc45c2
27bd45c2
27be45c2
27bf45c2
27c045bd
27c145bd
27c245bd
27c345bd
27c445bd
27c545bd
27c645bd
27c745bd
27c845bd
27c945bd
27ca45bd
27cb45bd
27cc45b9
27cd45b9
27ce45b9
27cf45b9
27d045b9
27d145b9
27d245b9
27d345b9
27d445b9
27d545b9
27d645b9
27d745b9
27d845b4
27d945b4
27da45b4
27db45b4
27dc45b4
27dd45b4
27de45b4
27df45b4
27e045b4
27e145b4
27e245b4
27e345b4
27e445b0
27e545b0
27e645b0
27e745b0
27e845b0
27e945b0
27ea45b0
27eb45b0
27ec45b0
27ed45b0
27ee45b0
27ef45b0
27f045ac
27f145ac
27f245ac
27f345ac
27f445ac
27f545ac
27f645ac
27f745ac
27f845ac
27f945ac
27fa45ac
27fb45ac
27fc45a7
27fd45a7
27fe45a7
27ff45a7
280045a7
280145a7
280245a7
280345a7
280445a3
280545a3
280645a3
280745a3
280845a3
280945a3
280a459f
280b459f
280c459f
280d459f
280e459f
280f459f
2810459b
2811459b
2812459b
2813459b
2814459b
2815459b
28164597
28174597
28184597
28194597
281a4597
281b4597
281c4593
281d4593
281e4593
281f4593
28204593
28214593
2822458f
2823458f
2824458f
2825458f
2826458f
2827458f
2828458b
2829458b
282a458b
282b458b
282c458b
282d458b
282e4587
282f4587
28304587
28314587
28324587
28334587
28344583
28354583
28364583
28374583
28384583
28394583
283a457f
283b457f
283c457f
283d457f
283e457f
283f457f
2840457b
2841457b
2842457b
2843457b
2844457b
2845457b
28464577
28474577
28484577
28494577
284a4577
284b4577
284c4573
284d4573
284e4573
284f4573
28504573
28514573
28524570
28534570
28544570
28554570
28564570
28574570
2858456c
2859456c
285a456c
285b456c
285c456c
285d456c
285e4568
285f4568
28604568
28614568
28624568
28634568
28644564
28654564
28664564
28674564
28684564
28694564
286a4561
286b4561
286c4561
286d4561
286e4561
286f4561
2870455d
2871455d
2872455d
2873455d
2874455d
2875455d
2876455a
2877455a
2878455a
2879455a
287a455a
287b455a
287c4556
287d4556
287e4556
287f4556
28804556
28814556
28824552
28834552
28844552
28854552
28864552
28874552
2888454f
2889454f
288a454f
288b454f
288c454f
288d454f
288e454b
288f454b
2890454b
2891454b
2892454b
2893454b
28944548
28954548
28964548
28974548
28984548
28994548
289a4544
289b4544
289c4544
289d4544
289e4544
289f4544
28a04541
28a14541
28a24541
28a34541
28a44541
28a54541
28a6453e
28a7453e
28a8453e
28a9453e
28aa453e
28ab453e
28ac453a
28ad453a
28ae453a
28af453a
28b0453a
28b1453a
28b24537
28b34537
28b44537
28b54537
28b64537
28b74537
28b84534
28b94534
28ba4534
28bb4534
28bc4534
28bd4534
28be4530
28bf4530
28c04530
28c14530
28c24530
28c34530
28c4452d
28c5452d
28c6452d
28c7452d
28c8452d
28c9452d
28ca452a
28cb452a
28cc452a
28cd452a
28ce452a
28cf452a
28d04527
28d14527
28d24527
28d34527
28d44527
28d54527
28d64523
28d74523
28d84523
28d94523
28da4523
28db4523
28dc4520
28dd4520
28de4520
28df4520
28e04520
28e14520
28e2451d
28e3451d
28e4451d
28e5451d
28e6451d
28e7451d
28e8451a
28e9451a
28ea451a
28eb451a
28ec451a
28ed451a
28ee4517
28ef4517
28f04517
28f14517
28f24517
28f34517
28f44514
28f54514
28f64514
28f74514
28f84514
28f94514
28fa4511
28fb4511
28fc4511
28fd4511
28fe4511
28ff4511
2900450e
2901450e
2902450e
2903450e
2904450e
2905450e
2906450b
2907450b
2908450b
2909450b
290a450b
290b450b
290c4508
290d4508
290e4508
290f4508
29104508
29114508
29124505
29134505
29144505
29154505
29164505
29174505
29184502
29194502
291a4502
291b4502
291c4502
291d4502
291e44ff
291f44ff
292044ff
292144ff
292244ff
292344ff
292444fc
292544fc
292644fc
292744fc
292844fc
292944fc
292a44f9
292b44f9
292c44f9
292d44f9
292e44f9
292f44f9
293044f6
293144f6
293244f6
293344f6
293444f6
293544f6
293644f3
293744f3
293844f3
293944f3
293a44f3
293b44f3
293c44f1
293d44f1
293e44f1
293f44f1
294044f1
294144f1
294244ee
294344ee
294444ee
294544ee
294644ee
294744ee
294844eb
294944eb
294a44eb
294b44eb
294c44eb
294d44eb
294e44e8
294f44e8
295044e8
295144e8
295244e8
295344e8
295444e5
295544e5
295644e5
295744e5
295844e5
295944e5
295a44e3
295b44e3
295c44e3
295d44e3
295e44e3
295f44e3
296044e0
296144e0
296244e0
296344e0
296444e0
296544e0
296644dd
296744dd
296844dd
296944dd
296a44dd
296b44dd
296c44db
296d44db
296e44db
296f44db
297044db
297144db
297244d8
297344d8
297444d8
297544d8
297644d8
297744d8
297844d5
297944d5
297a44d5
297b44d5
297c44d5
297d44d5
297e44d3
297f44d3
298044d3
298144d3
298244d3
298344d3
298444d0
298544d0
298644d0
298744d0
298844d0
298944d0
298a44cd
298b44cd
298c44cd
298d44cd
298e44cd
298f44cd
299044cb
299144cb
299244cb
299344cb
299444cb
299544cb
299644c8
299744c8
299844c8
299944c8
299a44c8
299b44c8
299c44c6
299d44c6
299e44c6
299f44c6
29a044c6
29a144c6
29a244c3
29a344c3
29a444c3
29a544c3
29a644c3
29a744c3
29a844c1
29a944c1
29aa44c1
29ab44c1
29ac44c1
29ad44c1
29ae44be
29af44be
29b044be
29b144be
29b244be
29b344be
29b444bc
29b544bc
29b644bc
29b744bc
29b844bc
29b944bc
29ba44b9
29bb44b9
29bc44b9
29bd44b9
29be44b9
29bf44b9
29c044b7
29c144b7
29c244b7
29c344b7
29c444b7
29c544b7
29c644b4
29c744b4
29c844b4
29c944b4
29ca44b4
29cb44b4
29cc44b2
29cd44b2
29ce44b2
29cf44b2
29d044b2
29d144b2
29d244af
29d344af
29d444af
29d544af
29d644af
29d744af
29d844ad
29d944ad
29da44ad
29db44ad
29dc44ad
29dd44ad
29de44ab
29df44ab
29e044ab
29e144ab
29e244ab
29e344ab
29e444a8
29e544a8
29e644a8
29e744a8
29e844a8
29e944a8
29ea44a6
29eb44a6
29ec44a6
29ed44a6
29ee44a6
29ef44a6
29f044a3
29f144a3
29f244a3
29f344a3
29f444a3
29f544a3
29f644a1
29f744a1
29f844a1
29f944a1
29fa44a1
29fb44a1
29fc449f
29fd449f
29fe449f
29ff449f
2a00449f
2a01449f
2a02449c
2a03449c
2a04449c
2a05449c
2a06449c
2a07449c
2a08449a
2a09449a
2a0a449a
2a0b449a
2a0c449a
2a0d449a
2a0e4498
2a0f4498
2a104498
2a114498
2a124498
2a134498
2a144496
2a154496
2a164496
2a174496
2a184496
2a194496
2a1a4493
2a1b4493
2a1c4493
2a1d4493
2a1e4493
2a1f4493
2a204491
2a214491
2a224491
2a234491
2a244491
2a254491
2a26448f
2a27448f
2a28448f
2a29448f
2a2a448f
2a2b448f
2a2c448d
2a2d448d
2a2e448d
2a2f448d
2a30448d
2a31448d
2a32448b
2a33448b
2a34448b
2a35448b
2a36448b
2a37448b
2a384488
2a394488
2a3a4488
2a3b4488
2a3c4488
2a3d4488
2a3e4486
2a3f4486
2a404486
2a414486
2a424486
2a434486
2a444484
2a454484
2a464484
2a474484
2a484484
2a494484
2a4a4482
2a4b4482
2a4c4482
2a4d4482
2a4e4482
2a4f4482
2a504480
2a514480
2a524480
2a534480
2a544480
2a554480
2a56447e
2a57447e
2a58447e
2a59447e
2a5a447e
2a5b447e
2a5c447b
2a5d447b
2a5e447b
2a5f447b
2a60447b
2a61447b
2a624479
2a634479
2a644479
2a654479
2a664479
2a674479
2a684477
2a694477
2a6a4477
2a6b4477
2a6c4477
2a6d4477
2a6e4475
2a6f4475
2a704475
2a714475
2a724475
2a734475
2a744473
2a754473
2a764473
2a774473
2a784473
2a794473
2a7a4471
2a7b4471
2a7c4471
2a7d4471
2a7e4471
2a7f4471
2a80446f
2a81446f
2a82446f
2a83446f
2a84446f
2a85446f
2a86446d
2a87446d
2a88446d
2a89446d
2a8a446d
2a8b446d
2a8c446b
2a8d446b
2a8e446b
2a8f446b
2a90446b
2a91446b
2a924469
2a934469
2a944469
2a954469
2a964469
2a974469
2a984467
2a994467
2a9a4467
2a9b4467
2a9c4467
2a9d4467
2a9e4465
2a9f4465
2aa04465
2aa14465
2aa24465
2aa34465
2aa44463
2aa54463
2aa64463
2aa74463
2aa84463
2aa94463
2aaa4461
2aab4461
2aac4461
2aad4461
2aae4461
2aaf4461
2ab0445f
2ab1445f
2ab2445f
2ab3445f
2ab4445f
2ab5445f
2ab6445d
2ab7445d
2ab8445d
2ab9445d
2aba445d
2abb445d
2abc445b
2abd445b
2abe445b
2abf445b
2ac0445b
2ac1445b
2ac24459
2ac34459
2ac44459
2ac54459
2ac64459
2ac74459
2ac84457
2ac94457
2aca4457
2acb4457
2acc4457
2acd4457
2ace4455
2acf4455
2ad04455
2ad14455
2ad24455
2ad34455
2ad44453
2ad54453
2ad64453
2ad74453
2ad84453
2ad94453
2ada4452
2adb4452
2adc4452
2add4452
2ade4452
2adf4452
2ae04450
2ae14450
2ae24450
2ae34450
2ae44450
2ae54450
2ae6444e
2ae7444e
2ae8444e
2ae9444e
2aea444e
2aeb444e
2aec444c
2aed444c
2aee444c
2aef444c
2af0444c
2af1444c
2af2444a
2af3444a
2af4444a
2af5444a
2af6444a
2af7444a
2af84448
2af94448
2afa4448
2afb4448
2afc4448
2afd4448
2afe4446
2aff4446
2b004446
2b014446
2b024446
2b034446
2b044445
2b054445
2b064445
2b074445
2b084445
2b094445
2b0a4443
2b0b4443
2b0c4443
2b0d4443
2b0e4443
2b0f4443
2b104441
2b114441
2b124441
2b134441
2b144441
2b154441
2b16443f
2b17443f
2b18443f
2b19443f
2b1a443f
2b1b443f
2b1c443d
2b1d443d
2b1e443d
2b1f443d
2b20443d
2b21443d
2b22443c
2b23443c
2b24443c
2b25443c
2b26443c
2b27443c
2b28443a
2b29443a
2b2a443a
2b2b443a
2b2c443a
2b2d443a
2b2e4438
2b2f4438
2b304438
2b314438
2b324438
2b334438
2b344436
2b354436
2b364436
2b374436
2b384436
2b394436
2b3a4435
2b3b4435
2b3c4435
2b3d4435
2b3e4435
2b3f4435
2b404433
2b414433
2b424433
2b434433
2b444433
2b454433
2b464431
2b474431
2b484431
2b494431
2b4a4431
2b4b4431
2b4c442f
2b4d442f
2b4e442f
2b4f442f
2b50442f
2b51442f
2b52442e
2b53442e
2b54442e
2b55442e
2b56442e
2b57442e
2b58442c
2b59442c
2b5a442c
2b5b442c
2b5c442c
2b5d442c
2b5e442a
2b5f442a
2b60442a
2b61442a
2b62442a
2b63442a
2b644429
2b654429
2b664429
2b674429
2b684429
2b694429
2b6a4427
2b6b4427
2b6c4427
2b6d4427
2b6e4427
2b6f4427
2b704425
2b714425
2b724425
2b734425
2b744425
2b754425
2b764424
2b774424
2b784424
2b794424
2b7a4424
2b7b4424
2b7c4422
2b7d4422
2b7e4422
2b7f4422
2b804422
2b814422
2b824420
2b834420
2b844420
2b854420
2b864420
2b874420
2b88441f
2b89441f
2b8a441f
2b8b441f
2b8c441f
2b8d441f
2b8e441d
2b8f441d
2b90441d
2b91441d
2b92441d
2b93441d
2b94441b
2b95441b
2b96441b
2b97441b
2b98441b
2b99441b
2b9a441a
2b9b441a
2b9c441a
2b9d441a
2b9e441a
2b9f441a
2ba04418
2ba14418
2ba24418
2ba34418
2ba44418
2ba54418
2ba64416
2ba74416
2ba84416
2ba94416
2baa4416
2bab4416
2bac4415
2bad4415
2bae4415
2baf4415
2bb04415
2bb14415
2bb24413
2bb34413
2bb44413
2bb54413
2bb64413
2bb74413
2bb84412
2bb94412
2bba4412
2bbb4412
2bbc4412
2bbd4412
2bbe4410
2bbf4410
2bc04410
2bc14410
2bc24410
2bc34410
2bc4440f
2bc5440f
2bc6440f
2bc7440f
2bc8440f
2bc9440f
2bca440d
2bcb440d
2bcc440d
2bcd440d
2bce440d
2bcf440d
2bd0440b
2bd1440b
2bd2440b
2bd3440b
2bd4440b
2bd5440b
2bd6440a
2bd7440a
2bd8440a
2bd9440a
2bda440a
2bdb440a
2bdc4408
2bdd4408
2bde4408
2bdf4408
2be04408
2be14408
2be24407
2be34407
2be44407
2be54407
2be64407
2be74407
2be84405
2be94405
2bea4405
2beb4405
2bec4405
2bed4405
2bee4404
2bef4404
2bf04404
2bf14404
2bf24404
2bf34404
2bf44402
2bf54402
2bf64402
2bf74402
2bf84402
2bf94402
2bfa4401
2bfb4401
2bfc4401
2bfd4401
2bfe4401
2bff4401
2c0043fa
2c0143fa
2c0243fa
2c0343fa
2c0443fa
2c0543fa
2c0643fa
2c0743fa
2c0843fa
2c0943fa
2c0a43fa
2c0b43fa
2c0c43ee
2c0d43ee
2c0e43ee
2c0f43ee
2c1043ee
2c1143ee
2c1243ee
2c1343ee
2c1443ee
2c1543ee
2c1643ee
2c1743ee
2c1843e3
2c1943e3
2c1a43e3
2c1b43e3
2c1c43e3
2c1d43e3
2c1e43e3
2c1f43e3
2c2043e3
2c2143e3
2c2243e3
2c2343e3
2c2443d7
2c2543d7
2c2643d7
2c2743d7
2c2843d7
2c2943d7
2c2a43d7
2c2b43d7
2c2c43d7
2c2d43d7
2c2e43d7
2c2f43d7
2c3043cc
2c3143cc
2c3243cc
2c3343cc
2c3443cc
2c3543cc
2c3643cc
2c3743cc
2c3843cc
2c3943cc
2c3a43cc
2c3b43cc
2c3c43c1
2c3d43c1
2c3e43c1
2c3f43c1
2c4043c1
2c4143c1
2c4243c1
2c4343c1
2c4443c1
2c4543c1
2c4643c1
2c4743c1
2c4843b6
2c4943b6
2c4a43b6
2c4b43b6
2c4c43b6
2c4d43b6
2c4e43b6
2c4f43b6
2c5043b6
2c5143b6
2c5243b6
2c5343b6
2c5443ac
2c5543ac
2c5643ac
2c5743ac
2c5843ac
2c5943ac
2c5a43ac
2c5b43ac
2c5c43ac
2c5d43ac
2c5e43ac
2c5f43ac
2c6043a1
2c6143a1
2c6243a1
2c6343a1
2c6443a1
2c6543a1
2c6643a1
2c6743a1
2c6843a1
2c6943a1
2c6a43a1
2c6b43a1
2c6c4397
2c6d4397
2c6e4397
2c6f4397
2c704397
2c714397
2c724397
2c734397
2c744397
2c754397
2c764397
2c774397
2c78438d
2c79438d
2c7a438d
2c7b438d
2c7c438d
2c7d438d
2c7e438d
2c7f438d
2c80438d
2c81438d
2c82438d
2c83438d
2c844383
2c854383
2c864383
2c874383
2c884383
2c894383
2c8a4383
2c8b4383
2c8c4383
2c8d4383
2c8e4383
2c8f4383
2c904379
2c914379
2c924379
2c934379
2c944379
2c954379
2c964379
2c974379
2c984379
2c994379
2c9a4379
2c9b4379
2c9c436f
2c9d436f
2c9e436f
2c9f436f
2ca0436f
2ca1436f
2ca2436f
2ca3436f
2ca4436f
2ca5436f
2ca6436f
2ca7436f
2ca84365
2ca94365
2caa4365
2cab4365
2cac4365
2cad4365
2cae4365
2caf4365
2cb04365
2cb14365
2cb24365
2cb34365
2cb4435c
2cb5435c
2cb6435c
2cb7435c
2cb8435c
2cb9435c
2cba435c
2cbb435c
2cbc435c
2cbd435c
2cbe435c
2cbf435c
2cc04353
2cc14353
2cc24353
2cc34353
2cc44353
2cc54353
2cc64353
2cc74353
2cc84353
2cc94353
2cca4353
2ccb4353
2ccc434a
2ccd434a
2cce434a
2ccf434a
2cd0434a
2cd1434a
2cd2434a
2cd3434a
2cd4434a
2cd5434a
2cd6434a
2cd7434a
2cd84341
2cd94341
2cda4341
2cdb4341
2cdc4341
2cdd4341
2cde4341
2cdf4341
2ce04341
2ce14341
2ce24341
2ce34341
2ce44338
2ce54338
2ce64338
2ce74338
2ce84338
2ce94338
2cea4338
2ceb4338
2cec4338
2ced4338
2cee4338
2cef4338
2cf0432f
2cf1432f
2cf2432f
2cf3432f
2cf4432f
2cf5432f
2cf6432f
2cf7432f
2cf8432f
2cf9432f
2cfa432f
2cfb432f
2cfc4326
2cfd4326
2cfe4326
2cff4326
2d004326
2d014326
2d024326
2d034326
2d044326
2d054326
2d064326
2d074326
2d08431e
2d09431e
2d0a431e
2d0b431e
2d0c431e
2d0d431e
2d0e431e
2d0f431e
2d10431e
2d11431e
2d12431e
2d13431e
2d144315
2d154315
2d164315
2d174315
2d184315
2d194315
2d1a4315
2d1b4315
2d1c4315
2d1d4315
2d1e4315
2d1f4315
2d20430d
2d21430d
2d22430d
2d23430d
2d24430d
2d25430d
2d26430d
2d27430d
2d28430d
2d29430d
2d2a430d
2d2b430d
2d2c4305
2d2d4305
2d2e4305
2d2f4305
2d304305
2d314305
2d324305
2d334305
2d344305
2d354305
2d364305
2d374305
2d3842fd
2d3942fd
2d3a42fd
2d3b42fd
2d3c42fd
2d3d42fd
2d3e42fd
2d3f42fd
2d4042fd
2d4142fd
2d4242fd
2d4342fd
2d4442f5
2d4542f5
2d4642f5
2d4742f5
2d4842f5
2d4942f5
2d4a42f5
2d4b42f5
2d4c42f5
2d4d42f5
2d4e42f5
2d4f42f5
2d5042ed
2d5142ed
2d5242ed
2d5342ed
2d5442ed
2d5542ed
2d5642ed
2d5742ed
2d5842ed
2d5942ed
2d5a42ed
2d5b42ed
2d5c42e5
2d5d42e5
2d5e42e5
2d5f42e5
2d6042e5
2d6142e5
2d6242e5
2d6342e5
2d6442e5
2d6542e5
2d6642e5
2d6742e5
2d6842de
2d6942de
2d6a42de
2d6b42de
2d6c42de
2d6d42de
2d6e42de
2d6f42de
2d7042de
2d7142de
2d7242de
2d7342de
2d7442d6
2d7542d6
2d7642d6
2d7742d6
2d7842d6
2d7942d6
2d7a42d6
2d7b42d6
2d7c42d6
2d7d42d6
2d7e42d6
2d7f42d6
2d8042cf
2d8142cf
2d8242cf
2d8342cf
2d8442cf
2d8542cf
2d8642cf
2d8742cf
2d8842cf
2d8942cf
2d8a42cf
2d8b42cf
2d8c42c7
2d8d42c7
2d8e42c7
2d8f42c7
2d9042c7
2d9142c7
2d9242c7
2d9342c7
2d9442c7
2d9542c7
2d9642c7
2d9742c7
2d9842c0
2d9942c0
2d9a42c0
2d9b42c0
2d9c42c0
2d9d42c0
2d9e42c0
2d9f42c0
2da042c0
2da142c0
2da242c0
2da342c0
2da442b9
2da542b9
2da642b9
2da742b9
2da842b9
2da942b9
2daa42b9
2dab42b9
2dac42b9
2dad42b9
2dae42b9
2daf42b9
2db042b2
2db142b2
2db242b2
2db342b2
2db442b2
2db542b2
2db642b2
2db742b2
2db842b2
2db942b2
2dba42b2
2dbb42b2
2dbc42ab
2dbd42ab
2dbe42ab
2dbf42ab
2dc042ab
2dc142ab
2dc242ab
2dc342ab
2dc442ab
2dc542ab
2dc642ab
2dc742ab
2dc842a4
2dc942a4
2dca42a4
2dcb42a4
2dcc42a4
2dcd42a4
2dce42a4
2dcf42a4
2dd042a4
2dd142a4
2dd242a4
2dd342a4
2dd4429d
2dd5429d
2dd6429d
2dd7429d
2dd8429d
2dd9429d
2dda429d
2ddb429d
2ddc429d
2ddd429d
2dde429d
2ddf429d
2de04297
2de14297
2de24297
2de34297
2de44297
2de54297
2de64297
2de74297
2de84297
2de94297
2dea4297
2deb4297
2dec4290
2ded4290
2dee4290
2def4290
2df04290
2df14290
2df24290
2df34290
2df44290
2df54290
2df64290
2df74290
2df84289
2df94289
2dfa4289
2dfb4289
2dfc4289
2dfd4289
2dfe4289
2dff4289
2e004289
2e014289
2e024289
2e034289
2e044283
2e054283
2e064283
2e074283
2e084283
2e094283
2e0a4283
2e0b4283
2e0c4283
2e0d4283
2e0e4283
2e0f4283
2e10427c
2e11427c
2e12427c
2e13427c
2e14427c
2e15427c
2e16427c
2e17427c
2e18427c
2e19427c
2e1a427c
2e1b427c
2e1c4276
2e1d4276
2e1e4276
2e1f4276
2e204276
2e214276
2e224276
2e234276
2e244276
2e254276
2e264276
2e274276
2e284270
2e294270
2e2a4270
2e2b4270
2e2c4270
2e2d4270
2e2e4270
2e2f4270
2e304270
2e314270
2e324270
2e334270
2e344269
2e354269
2e364269
2e374269
2e384269
2e394269
2e3a4269
2e3b4269
2e3c4269
2e3d4269
2e3e4269
2e3f4269
2e404263
2e414263
2e424263
2e434263
2e444263
2e454263
2e464263
2e474263
2e484263
2e494263
2e4a4263
2e4b4263
2e4c425d
2e4d425d
2e4e425d
2e4f425d
2e50425d
2e51425d
2e52425d
2e53425d
2e54425d
2e55425d
2e56425d
2e57425d
2e584257
2e594257
2e5a4257
2e5b4257
2e5c4257
2e5d4257
2e5e4257
2e5f4257
2e604257
2e614257
2e624257
2e634257
2e644251
2e654251
2e664251
2e674251
2e684251
2e694251
2e6a4251
2e6b4251
2e6c4251
2e6d4251
2e6e4251
2e6f4251
2e70424b
2e71424b
2e72424b
2e73424b
2e74424b
2e75424b
2e76424b
2e77424b
2e78424b
2e79424b
2e7a424b
2e7b424b
2e7c4246
2e7d4246
2e7e4246
2e7f4246
2e804246
2e814246
2e824246
2e834246
2e844246
2e854246
2e864246
2e874246
2e884240
2e894240
2e8a4240
2e8b4240
2e8c4240
2e8d4240
2e8e4240
2e8f4240
2e904240
2e914240
2e924240
2e934240
2e94423a
2e95423a
2e96423a
2e97423a
2e98423a
2e99423a
2e9a423a
2e9b423a
2e9c423a
2e9d423a
2e9e423a
2e9f423a
2ea04235
2ea14235
2ea24235
2ea34235
2ea44235
2ea54235
2ea64235
2ea74235
2ea84235
2ea94235
2eaa4235
2eab4235
2eac422f
2ead422f
2eae422f
2eaf422f
2eb0422f
2eb1422f
2eb2422f
2eb3422f
2eb4422f
2eb5422f
2eb6422f
2eb7422f
2eb84229
2eb94229
2eba4229
2ebb4229
2ebc4229
2ebd4229
2ebe4229
2ebf4229
2ec04229
2ec14229
2ec24229
2ec34229
2ec44224
2ec54224
2ec64224
2ec74224
2ec84224
2ec94224
2eca4224
2ecb4224
2ecc4224
2ecd4224
2ece4224
2ecf4224
2ed0421f
2ed1421f
2ed2421f
2ed3421f
2ed4421f
2ed5421f
2ed6421f
2ed7421f
2ed8421f
2ed9421f
2eda421f
2edb421f
2edc4219
2edd4219
2ede4219
2edf4219
2ee04219
2ee14219
2ee24219
2ee34219
2ee44219
2ee54219
2ee64219
2ee74219
2ee84214
2ee94214
2eea4214
2eeb4214
2eec4214
2eed4214
2eee4214
2eef4214
2ef04214
2ef14214
2ef24214
2ef34214
2ef4420f
2ef5420f
2ef6420f
2ef7420f
2ef8420f
2ef9420f
2efa420f
2efb420f
2efc420f
2efd420f
2efe420f
2eff420f
2f00420a
2f01420a
2f02420a
2f03420a
2f04420a
2f05420a
2f06420a
2f07420a
2f08420a
2f09420a
2f0a420a
2f0b420a
2f0c4204
2f0d4204
2f0e4204
2f0f4204
2f104204
2f114204
2f124204
2f134204
2f144204
2f154204
2f164204
2f174204
2f1841ff
2f1941ff
2f1a41ff
2f1b41ff
2f1c41ff
2f1d41ff
2f1e41ff
2f1f41ff
2f2041ff
2f2141ff
2f2241ff
2f2341ff
2f2441fa
2f2541fa
2f2641fa
2f2741fa
2f2841fa
2f2941fa
2f2a41fa
2f2b41fa
2f2c41fa
2f2d41fa
2f2e41fa
2f2f41fa
2f3041f5
2f3141f5
2f3241f5
2f3341f5
2f3441f5
2f3541f5
2f3641f5
2f3741f5
2f3841f5
2f3941f5
2f3a41f5
2f3b41f5
2f3c41f0
2f3d41f0
2f3e41f0
2f3f41f0
2f4041f0
2f4141f0
2f4241f0
2f4341f0
2f4441f0
2f4541f0
2f4641f0
2f4741f0
2f4841ec
2f4941ec
2f4a41ec
2f4b41ec
2f4c41ec
2f4d41ec
2f4e41ec
2f4f41ec
2f5041ec
2f5141ec
2f5241ec
2f5341ec
2f5441e7
2f5541e7
2f5641e7
2f5741e7
2f5841e7
2f5941e7
2f5a41e7
2f5b41e7
2f5c41e7
2f5d41e7
2f5e41e7
2f5f41e7
2f6041e2
2f6141e2
2f6241e2
2f6341e2
2f6441e2
2f6541e2
2f6641e2
2f6741e2
2f6841e2
2f6941e2
2f6a41e2
2f6b41e2
2f6c41dd
2f6d41dd
2f6e41dd
2f6f41dd
2f7041dd
2f7141dd
2f7241dd
2f7341dd
2f7441dd
2f7541dd
2f7641dd
2f7741dd
2f7841d8
2f7941d8
2f7a41d8
2f7b41d8
2f7c41d8
2f7d41d8
2f7e41d8
2f7f41d8
2f8041d8
2f8141d8
2f8241d8
2f8341d8
2f8441d4
2f8541d4
2f8641d4
2f8741d4
2f8841d4
2f8941d4
2f8a41d4
2f8b41d4
2f8c41d4
2f8d41d4
2f8e41d4
2f8f41d4
2f9041cf
2f9141cf
2f9241cf
2f9341cf
2f9441cf
2f9541cf
2f9641cf
2f9741cf
2f9841cf
2f9941cf
2f9a41cf
2f9b41cf
2f9c41cb
2f9d41cb
2f9e41cb
2f9f41cb
2fa041cb
2fa141cb
2fa241cb
2fa341cb
2fa441cb
2fa541cb
2fa641cb
2fa741cb
2fa841c6
2fa941c6
2faa41c6
2fab41c6
2fac41c6
2fad41c6
2fae41c6
2faf41c6
2fb041c6
2fb141c6
2fb241c6
2fb341c6
2fb441c2
2fb541c2
2fb641c2
2fb741c2
2fb841c2
2fb941c2
2fba41c2
2fbb41c2
2fbc41c2
2fbd41c2
2fbe41c2
2fbf41c2
2fc041bd
2fc141bd
2fc241bd
2fc341bd
2fc441bd
2fc541bd
2fc641bd
2fc741bd
2fc841bd
2fc941bd
2fca41bd
2fcb41bd
2fcc41b9
2fcd41b9
2fce41b9
2fcf41b9
2fd041b9
2fd141b9
2fd241b9
2fd341b9
2fd441b9
2fd541b9
2fd641b9
2fd741b9
2fd841b4
2fd941b4
2fda41b4
2fdb41b4
2fdc41b4
2fdd41b4
2fde41b4
2fdf41b4
2fe041b4
2fe141b4
2fe241b4
2fe341b4
2fe441b0
2fe541b0
2fe641b0
2fe741b0
2fe841b0
2fe941b0
2fea41b0
2feb41b0
2fec41b0
2fed41b0
2fee41b0
2fef41b0
2ff041ac
2ff141ac
2ff241ac
2ff341ac
2ff441ac
2ff541ac
2ff641ac
2ff741ac
2ff841ac
2ff941ac
2ffa41ac
2ffb41ac
2ffc41a7
2ffd41a7
2ffe41a7
2fff41a7
300041a7
300141a7
300241a7
300341a7
300441a3
300541a3
300641a3
300741a3
300841a3
300941a3
300a419f
300b419f
300c419f
300d419f
300e419f
300f419f
3010419b
3011419b
3012419b
3013419b
3014419b
3015419b
30164197
30174197
30184197
30194197
301a4197
301b4197
301c4193
301d4193
301e4193
301f4193
30204193
30214193
3022418f
3023418f
3024418f
3025418f
3026418f
3027418f
3028418b
3029418b
302a418b
302b418b
302c418b
302d418b
302e4187
302f4187
30304187
30314187
30324187
30334187
30344183
30354183
30364183
30374183
30384183
30394183
303a417f
303b417f
303c417f
303d417f
303e417f
303f417f
3040417b
3041417b
3042417b
3043417b
3044417b
3045417b
30464177
30474177
30484177
30494177
304a4177
304b4177
304c4173
304d4173
304e4173
304f4173
30504173
30514173
30524170
30534170
30544170
30554170
30564170
30574170
3058416c
3059416c
305a416c
305b416c
305c416c
305d416c
305e4168
305f4168
30604168
30614168
30624168
30634168
30644164
30654164
30664164
30674164
30684164
30694164
306a4161
306b4161
306c4161
306d4161
306e4161
306f4161
3070415d
3071415d
3072415d
3073415d
3074415d
3075415d
3076415a
3077415a
3078415a
3079415a
307a415a
307b415a
307c4156
307d4156
307e4156
307f4156
30804156
30814156
30824152
30834152
30844152
30854152
30864152
30874152
3088414f
3089414f
308a414f
308b414f
308c414f
308d414f
308e414b
308f414b
3090414b
3091414b
3092414b
3093414b
30944148
30954148
30964148
30974148
30984148
30994148
309a4144
309b4144
309c4144
309d4144
309e4144
309f4144
30a04141
30a14141
30a24141
30a34141
30a44141
30a54141
30a6413e
30a7413e
30a8413e
30a9413e
30aa413e
30ab413e
30ac413a
30ad413a
30ae413a
30af413a
30b0413a
30b1413a
30b24137
30b34137
30b44137
30b54137
30b64137
30b74137
30b84134
30b94134
30ba4134
30bb4134
30bc4134
30bd4134
30be4130
30bf4130
30c04130
30c14130
30c24130
30c34130
30c4412d
30c5412d
30c6412d
30c7412d
30c8412d
30c9412d
30ca412a
30cb412a
30cc412a
30cd412a
30ce412a
30cf412a
30d04127
30d14127
30d24127
30d34127
30d44127
30d54127
30d64123
30d74123
30d84123
30d94123
30da4123
30db4123
30dc4120
30dd4120
30de4120
30df4120
30e04120
30e14120
30e2411d
30e3411d
30e4411d
30e5411d
30e6411d
30e7411d
30e8411a
30e9411a
30ea411a
30eb411a
30ec411a
30ed411a
30ee4117
30ef4117
30f04117
30f14117
30f24117
30f34117
30f44114
30f54114
30f64114
30f74114
30f84114
30f94114
30fa4111
30fb4111
30fc4111
30fd4111
30fe4111
30ff4111
3100410e
3101410e
3102410e
3103410e
3104410e
3105410e
3106410b
3107410b
3108410b
3109410b
310a410b
310b410b
310c4108
310d4108
310e4108
310f4108
31104108
31114108
31124105
31134105
31144105
31154105
31164105
31174105
31184102
31194102
311a4102
311b4102
311c4102
311d4102
311e40ff
311f40ff
312040ff
312140ff
312240ff
312340ff
312440fc
312540fc
312640fc
312740fc
312840fc
312940fc
312a40f9
312b40f9
312c40f9
312d40f9
312e40f9
312f40f9
313040f6
313140f6
313240f6
313340f6
313440f6
313540f6
313640f3
313740f3
313840f3
313940f3
313a40f3
313b40f3
313c40f1
313d40f1
313e40f1
313f40f1
314040f1
314140f1
314240ee
314340ee
314440ee
314540ee
314640ee
314740ee
314840eb
314940eb
314a40eb
314b40eb
314c40eb
314d40eb
314e40e8
314f40e8
315040e8
315140e8
315240e8
315340e8
315440e5
315540e5
315640e5
315740e5
315840e5
315940e5
315a40e3
315b40e3
315c40e3
315d40e3
315e40e3
315f40e3
316040e0
316140e0
316240e0
316340e0
316440e0
316540e0
316640dd
316740dd
316840dd
316940dd
316a40dd
316b40dd
316c40db
316d40db
316e40db
316f40db
317040db
317140db
317240d8
317340d8
317440d8
317540d8
317640d8
317740d8
317840d5
317940d5
317a40d5
317b40d5
317c40d5
317d40d5
317e40d3
317f40d3
318040d3
318140d3
318240d3
318340d3
318440d0
318540d0
318640d0
318740d0
318840d0
318940d0
318a40cd
318b40cd
318c40cd
318d40cd
318e40cd
318f40cd
319040cb
319140cb
319240cb
319340cb
319440cb
319540cb
319640c8
319740c8
319840c8
319940c8
319a40c8
319b40c8
319c40c6
319d40c6
319e40c6
319f40c6
31a040c6
31a140c6
31a240c3
31a340c3
31a440c3
31a540c3
31a640c3
31a740c3
31a840c1
31a940c1
31aa40c1
31ab40c1
31ac40c1
31ad40c1
31ae40be
31af40be
31b040be
31b140be
31b240be
31b340be
31b440bc
31b540bc
31b640bc
31b740bc
31b840bc
31b940bc
31ba40b9
31bb40b9
31bc40b9
31bd40b9
31be40b9
31bf40b9
31c040b7
31c140b7
31c240b7
31c340b7
31c440b7
31c540b7
31c640b4
31c740b4
31c840b4
31c940b4
31ca40b4
31cb40b4
31cc40b2
31cd40b2
31ce40b2
31cf40b2
31d040b2
31d140b2
31d240af
31d340af
31d440af
31d540af
31d640af
31d740af
31d840ad
31d940ad
31da40ad
31db40ad
31dc40ad
31dd40ad
31de40ab
31df40ab
31e040ab
31e140ab
31e240ab
31e340ab
31e440a8
31e540a8
31e640a8
31e740a8
31e840a8
31e940a8
31ea40a6
31eb40a6
31ec40a6
31ed40a6
31ee40a6
31ef40a6
31f040a3
31f140a3
31f240a3
31f340a3
31f440a3
31f540a3
31f640a1
31f740a1
31f840a1
31f940a1
31fa40a1
31fb40a1
31fc409f
31fd409f
31fe409f
31ff409f
3200409f
3201409f
3202409c
3203409c
3204409c
3205409c
3206409c
3207409c
3208409a
3209409a
320a409a
320b409a
320c409a
320d409a
320e4098
320f4098
32104098
32114098
32124098
32134098
32144096
32154096
32164096
32174096
32184096
32194096
321a4093
321b4093
321c4093
321d4093
321e4093
321f4093
32204091
32214091
32224091
32234091
32244091
32254091
3226408f
3227408f
3228408f
3229408f
322a408f
322b408f
322c408d
322d408d
322e408d
322f408d
3230408d
3231408d
3232408b
3233408b
3234408b
3235408b
3236408b
3237408b
32384088
32394088
323a4088
323b4088
323c4088
323d4088
323e4086
323f4086
32404086
32414086
32424086
32434086
32444084
32454084
32464084
32474084
32484084
32494084
324a4082
324b4082
324c4082
324d4082
324e4082
324f4082
32504080
32514080
32524080
32534080
32544080
32554080
3256407e
3257407e
3258407e
3259407e
325a407e
325b407e
325c407b
325d407b
325e407b
325f407b
3260407b
3261407b
32624079
32634079
32644079
32654079
32664079
32674079
32684077
32694077
326a4077
326b4077
326c4077
326d4077
326e4075
326f4075
32704075
32714075
32724075
32734075
32744073
32754073
32764073
32774073
32784073
32794073
327a4071
327b4071
327c4071
327d4071
327e4071
327f4071
3280406f
3281406f
3282406f
3283406f
3284406f
3285406f
3286406d
3287406d
3288406d
3289406d
328a406d
328b406d
328c406b
328d406b
328e406b
328f406b
3290406b
3291406b
32924069
32934069
32944069
32954069
32964069
32974069
32984067
32994067
329a4067
329b4067
329c4067
329d4067
329e4065
329f4065
32a04065
32a14065
32a24065
32a34065
32a44063
32a54063
32a64063
32a74063
32a84063
32a94063
32aa4061
32ab4061
32ac4061
32ad4061
32ae4061
32af4061
32b0405f
32b1405f
32b2405f
32b3405f
32b4405f
32b5405f
32b6405d
32b7405d
32b8405d
32b9405d
32ba405d
32bb405d
32bc405b
32bd405b
32be405b
32bf405b
32c0405b
32c1405b
32c24059
32c34059
32c44059
32c54059
32c64059
32c74059
32c84057
32c94057
32ca4057
32cb4057
32cc4057
32cd4057
32ce4055
32cf4055
32d04055
32d14055
32d24055
32d34055
32d44053
32d54053
32d64053
32d74053
32d84053
32d94053
32da4052
32db4052
32dc4052
32dd4052
32de4052
32df4052
32e04050
32e14050
32e24050
32e34050
32e44050
32e54050
32e6404e
32e7404e
32e8404e
32e9404e
32ea404e
32eb404e
32ec404c
32ed404c
32ee404c
32ef404c
32f0404c
32f1404c
32f2404a
32f3404a
32f4404a
32f5404a
32f6404a
32f7404a
32f84048
32f94048
32fa4048
32fb4048
32fc4048
32fd4048
32fe4046
32ff4046
33004046
33014046
33024046
33034046
33044045
33054045
33064045
33074045
33084045
33094045
330a4043
330b4043
330c4043
330d4043
330e4043
330f4043
33104041
33114041
33124041
33134041
33144041
33154041
3316403f
3317403f
3318403f
3319403f
331a403f
331b403f
331c403d
331d403d
331e403d
331f403d
3320403d
3321403d
3322403c
3323403c
3324403c
3325403c
3326403c
3327403c
3328403a
3329403a
332a403a
332b403a
332c403a
332d403a
332e4038
332f4038
33304038
33314038
33324038
33334038
33344036
33354036
33364036
33374036
33384036
33394036
333a4035
333b4035
333c4035
333d4035
333e4035
333f4035
33404033
33414033
33424033
33434033
33444033
33454033
33464031
33474031
33484031
33494031
334a4031
334b4031
334c402f
334d402f
334e402f
334f402f
3350402f
3351402f
3352402e
3353402e
3354402e
3355402e
3356402e
3357402e
3358402c
3359402c
335a402c
335b402c
335c402c
335d402c
335e402a
335f402a
3360402a
3361402a
3362402a
3363402a
33644029
33654029
33664029
33674029
33684029
33694029
336a4027
336b4027
336c4027
336d4027
336e4027
336f4027
33704025
33714025
33724025
33734025
33744025
33754025
33764024
33774024
33784024
33794024
337a4024
337b4024
337c4022
337d4022
337e4022
337f4022
33804022
33814022
33824020
33834020
33844020
33854020
33864020
33874020
3388401f
3389401f
338a401f
338b401f
338c401f
338d401f
338e401d
338f401d
3390401d
3391401d
3392401d
3393401d
3394401b
3395401b
3396401b
3397401b
3398401b
3399401b
339a401a
339b401a
339c401a
339d401a
339e401a
339f401a
33a04018
33a14018
33a24018
33a34018
33a44018
33a54018
33a64016
33a74016
33a84016
33a94016
33aa4016
33ab4016
33ac4015
33ad4015
33ae4015
33af4015
33b04015
33b14015
33b24013
33b34013
33b44013
33b54013
33b64013
33b74013
33b84012
33b94012
33ba4012
33bb4012
33bc4012
33bd4012
33be4010
33bf4010
33c04010
33c14010
33c24010
33c34010
33c4400f
33c5400f
33c6400f
33c7400f
33c8400f
33c9400f
33ca400d
33cb400d
33cc400d
33cd400d
33ce400d
33cf400d
33d0400b
33d1400b
33d2400b
33d3400b
33d4400b
33d5400b
33d6400a
33d7400a
33d8400a
33d9400a
33da400a
33db400a
33dc4008
33dd4008
33de4008
33df4008
33e04008
33e14008
33e24007
33e34007
33e44007
33e54007
33e64007
33e74007
33e84005
33e94005
33ea4005
33eb4005
33ec4005
33ed4005
33ee4004
33ef4004
33f04004
33f14004
33f24004
33f34004
33f44002
33f54002
33f64002
33f74002
33f84002
33f94002
33fa4001
33fb4001
33fc4001
33fd4001
33fe4001
33ff4001
34003ffa
34013ffa
34023ffa
34033ffa
34043ffa
34053ffa
34063ffa
34073ffa
34083ffa
34093ffa
340a3ffa
340b3ffa
340c3fee
340d3fee
340e3fee
340f3fee
34103fee
34113fee
34123fee
34133fee
34143fee
34153fee
34163fee
34173fee
34183fe3
34193fe3
341a3fe3
341b3fe3
341c3fe3
341d3fe3
341e3fe3
341f3fe3
34203fe3
34213fe3
34223fe3
34233fe3
34243fd7
34253fd7
34263fd7
34273fd7
34283fd7
34293fd7
342a3fd7
342b3fd7
342c3fd7
342d3fd7
342e3fd7
342f3fd7
34303fcc
34313fcc
34323fcc
34333fcc
34343fcc
34353fcc
34363fcc
34373fcc
34383fcc
34393fcc
343a3fcc
343b3fcc
343c3fc1
343d3fc1
343e3fc1
343f3fc1
34403fc1
34413fc1
34423fc1
34433fc1
34443fc1
34453fc1
34463fc1
34473fc1
34483fb6
34493fb6
344a3fb6
344b3fb6
344c3fb6
344d3fb6
344e3fb6
344f3fb6
34503fb6
34513fb6
34523fb6
34533fb6
34543fac
34553fac
34563fac
34573fac
34583fac
34593fac
345a3fac
345b3fac
345c3fac
345d3fac
345e3fac
345f3fac
34603fa1
34613fa1
34623fa1
34633fa1
34643fa1
34653fa1
34663fa1
34673fa1
34683fa1
34693fa1
346a3fa1
346b3fa1
346c3f97
346d3f97
346e3f97
346f3f97
34703f97
34713f97
34723f97
34733f97
34743f97
34753f97
34763f97
34773f97
34783f8d
34793f8d
347a3f8d
347b3f8d
347c3f8d
347d3f8d
347e3f8d
347f3f8d
34803f8d
34813f8d
34823f8d
34833f8d
34843f83
34853f83
34863f83
34873f83
34883f83
34893f83
348a3f83
348b3f83
348c3f83
348d3f83
348e3f83
348f3f83
34903f79
34913f79
34923f79
34933f79
34943f79
34953f79
34963f79
34973f79
34983f79
34993f79
349a3f79
349b3f79
349c3f6f
349d3f6f
349e3f6f
349f3f6f
34a03f6f
34a13f6f
34a23f6f
34a33f6f
34a43f6f
34a53f6f
34a63f6f
34a73f6f
34a83f65
34a93f65
34aa3f65
34ab3f65
34ac3f65
34ad3f65
34ae3f65
34af3f65
34b03f65
34b13f65
34b23f65
34b33f65
34b43f5c
34b53f5c
34b63f5c
34b73f5c
34b83f5c
34b93f5c
34ba3f5c
34bb3f5c
34bc3f5c
34bd3f5c
34be3f5c
34bf3f5c
34c03f53
34c13f53
34c23f53
34c33f53
34c43f53
34c53f53
34c63f53
34c73f53
34c83f53
34c93f53
34ca3f53
34cb3f53
34cc3f4a
34cd3f4a
34ce3f4a
34cf3f4a
34d03f4a
34d13f4a
34d23f4a
34d33f4a
34d43f4a
34d53f4a
34d63f4a
34d73f4a
34d83f41
34d93f41
34da3f41
34db3f41
34dc3f41
34dd3f41
34de3f41
34df3f41
34e03f41
34e13f41
34e23f41
34e33f41
34e43f38
34e53f38
34e63f38
34e73f38
34e83f38
34e93f38
34ea3f38
34eb3f38
34ec3f38
34ed3f38
34ee3f38
34ef3f38
34f03f2f
34f13f2f
34f23f2f
34f33f2f
34f43f2f
34f53f2f
34f63f2f
34f73f2f
34f83f2f
34f93f2f
34fa3f2f
34fb3f2f
34fc3f26
34fd3f26
34fe3f26
34ff3f26
35003f26
35013f26
35023f26
35033f26
35043f26
35053f26
35063f26
35073f26
35083f1e
35093f1e
350a3f1e
350b3f1e
350c3f1e
350d3f1e
350e3f1e
350f3f1e
35103f1e
35113f1e
35123f1e
35133f1e
35143f15
35153f15
35163f15
35173f15
35183f15
35193f15
351a3f15
351b3f15
351c3f15
351d3f15
351e3f15
351f3f15
35203f0d
35213f0d
35223f0d
35233f0d
35243f0d
35253f0d
35263f0d
35273f0d
35283f0d
35293f0d
352a3f0d
352b3f0d
352c3f05
352d3f05
352e3f05
352f3f05
35303f05
35313f05
35323f05
35333f05
35343f05
35353f05
35363f05
35373f05
35383efd
35393efd
353a3efd
353b3efd
353c3efd
353d3efd
353e3efd
353f3efd
35403efd
35413efd
35423efd
35433efd
35443ef5
35453ef5
35463ef5
35473ef5
35483ef5
35493ef5
354a3ef5
354b3ef5
354c3ef5
354d3ef5
354e3ef5
354f3ef5
35503eed
35513eed
35523eed
35533eed
35543eed
35553eed
35563eed
35573eed
35583eed
35593eed
355a3eed
355b3eed
355c3ee5
355d3ee5
355e3ee5
355f3ee5
35603ee5
35613ee5
35623ee5
35633ee5
35643ee5
35653ee5
35663ee5
35673ee5
35683ede
35693ede
356a3ede
356b3ede
356c3ede
356d3ede
356e3ede
356f3ede
35703ede
35713ede
35723ede
35733ede
35743ed6
35753ed6
35763ed6
35773ed6
35783ed6
35793ed6
357a3ed6
357b3ed6
357c3ed6
357d3ed6
357e3ed6
357f3ed6
35803ecf
35813ecf
35823ecf
35833ecf
35843ecf
35853ecf
35863ecf
35873ecf
35883ecf
35893ecf
358a3ecf
358b3ecf
358c3ec7
358d3ec7
358e3ec7
358f3ec7
35903ec7
35913ec7
35923ec7
35933ec7
35943ec7
35953ec7
35963ec7
35973ec7
35983ec0
35993ec0
359a3ec0
359b3ec0
359c3ec0
359d3ec0
359e3ec0
359f3ec0
35a03ec0
35a13ec0
35a23ec0
35a33ec0
35a43eb9
35a53eb9
35a63eb9
35a73eb9
35a83eb9
35a93eb9
35aa3eb9
35ab3eb9
35ac3eb9
35ad3eb9
35ae3eb9
35af3eb9
35b03eb2
35b13eb2
35b23eb2
35b33eb2
35b43eb2
35b53eb2
35b63eb2
35b73eb2
35b83eb2
35b93eb2
35ba3eb2
35bb3eb2
35bc3eab
35bd3eab
35be3eab
35bf3eab
35c03eab
35c13eab
35c23eab
35c33eab
35c43eab
35c53eab
35c63eab
35c73eab
35c83ea4
35c93ea4
35ca3ea4
35cb3ea4
35cc3ea4
35cd3ea4
35ce3ea4
35cf3ea4
35d03ea4
35d13ea4
35d23ea4
35d33ea4
35d43e9d
35d53e9d
35d63e9d
35d73e9d
35d83e9d
35d93e9d
35da3e9d
35db3e9d
35dc3e9d
35dd3e9d
35de3e9d
35df3e9d
35e03e97
35e13e97
35e23e97
35e33e97
35e43e97
35e53e97
35e63e97
35e73e97
35e83e97
35e93e97
35ea3e97
35eb3e97
35ec3e90
35ed3e90
35ee3e90
35ef3e90
35f03e90
35f13e90
35f23e90
35f33e90
35f43e90
35f53e90
35f63e90
35f73e90
35f83e89
35f93e89
35fa3e89
35fb3e89
35fc3e89
35fd3e89
35fe3e89
35ff3e89
36003e89
36013e89
36023e89
36033e89
36043e83
36053e83
36063e83
36073e83
36083e83
36093e83
360a3e83
360b3e83
360c3e83
360d3e83
360e3e83
360f3e83
36103e7c
36113e7c
36123e7c
36133e7c
36143e7c
36153e7c
36163e7c
36173e7c
36183e7c
36193e7c
361a3e7c
361b3e7c
361c3e76
361d3e76
361e3e76
361f3e76
36203e76
36213e76
36223e76
36233e76
36243e76
36253e76
36263e76
36273e76
36283e70
36293e70
362a3e70
362b3e70
362c3e70
362d3e70
362e3e70
362f3e70
36303e70
36313e70
36323e70
36333e70
36343e69
36353e69
36363e69
36373e69
36383e69
36393e69
363a3e69
363b3e69
363c3e69
363d3e69
363e3e69
363f3e69
36403e63
36413e63
36423e63
36433e63
36443e63
36453e63
36463e63
36473e63
36483e63
36493e63
364a3e63
364b3e63
364c3e5d
364d3e5d
364e3e5d
364f3e5d
36503e5d
36513e5d
36523e5d
36533e5d
36543e5d
36553e5d
36563e5d
36573e5d
36583e57
36593e57
365a3e57
365b3e57
365c3e57
365d3e57
365e3e57
365f3e57
36603e57
36613e57
36623e57
36633e57
36643e51
36653e51
36663e51
36673e51
36683e51
36693e51
366a3e51
366b3e51
366c3e51
366d3e51
366e3e51
366f3e51
36703e4b
36713e4b
36723e4b
36733e4b
36743e4b
36753e4b
36763e4b
36773e4b
36783e4b
36793e4b
367a3e4b
367b3e4b
367c3e46
367d3e46
367e3e46
367f3e46
36803e46
36813e46
36823e46
36833e46
36843e46
36853e46
36863e46
36873e46
36883e40
36893e40
368a3e40
368b3e40
368c3e40
368d3e40
368e3e40
368f3e40
36903e40
36913e40
36923e40
36933e40
36943e3a
36953e3a
36963e3a
36973e3a
36983e3a
36993e3a
369a3e3a
369b3e3a
369c3e3a
369d3e3a
369e3e3a
369f3e3a
36a03e35
36a13e35
36a23e35
36a33e35
36a43e35
36a53e35
36a63e35
36a73e35
36a83e35
36a93e35
36aa3e35
36ab3e35
36ac3e2f
36ad3e2f
36ae3e2f
36af3e2f
36b03e2f
36b13e2f
36b23e2f
36b33e2f
36b43e2f
36b53e2f
36b63e2f
36b73e2f
36b83e29
36b93e29
36ba3e29
36bb3e29
36bc3e29
36bd3e29
36be3e29
36bf3e29
36c03e29
36c13e29
36c23e29
36c33e29
36c43e24
36c53e24
36c63e24
36c73e24
36c83e24
36c93e24
36ca3e24
36cb3e24
36cc3e24
36cd3e24
36ce3e24
36cf3e24
36d03e1f
36d13e1f
36d23e1f
36d33e1f
36d43e1f
36d53e1f
36d63e1f
36d73e1f
36d83e1f
36d93e1f
36da3e1f
36db3e1f
36dc3e19
36dd3e19
36de3e19
36df3e19
36e03e19
36e13e19
36e23e19
36e33e19
36e43e19
36e53e19
36e63e19
36e73e19
36e83e14
36e93e14
36ea3e14
36eb3e14
36ec3e14
36ed3e14
36ee3e14
36ef3e14
36f03e14
36f13e14
36f23e14
36f33e14
36f43e0f
36f53e0f
36f63e0f
36f73e0f
36f83e0f
36f93e0f
36fa3e0f
36fb3e0f
36fc3e0f
36fd3e0f
36fe3e0f
36ff3e0f
37003e0a
37013e0a
37023e0a
37033e0a
37043e0a
37053e0a
37063e0a
37073e0a
37083e0a
37093e0a
370a3e0a
370b3e0a
370c3e04
370d3e04
370e3e04
370f3e04
37103e04
37113e04
37123e04
37133e04
37143e04
37153e04
37163e04
37173e04
37183dff
37193dff
371a3dff
371b3dff
371c3dff
371d3dff
371e3dff
371f3dff
37203dff
37213dff
37223dff
37233dff
37243dfa
37253dfa
37263dfa
37273dfa
37283dfa
37293dfa
372a3dfa
372b3dfa
372c3dfa
372d3dfa
372e3dfa
372f3dfa
37303df5
37313df5
37323df5
37333df5
37343df5
37353df5
37363df5
37373df5
37383df5
37393df5
373a3df5
373b3df5
373c3df0
373d3df0
373e3df0
373f3df0
37403df0
37413df0
37423df0
37433df0
37443df0
37453df0
37463df0
37473df0
37483dec
37493dec
374a3dec
374b3dec
374c3dec
374d3dec
374e3dec
374f3dec
37503dec
37513dec
37523dec
37533dec
37543de7
37553de7
37563de7
37573de7
37583de7
37593de7
375a3de7
375b3de7
375c3de7
375d3de7
375e3de7
375f3de7
37603de2
37613de2
37623de2
37633de2
37643de2
37653de2
37663de2
37673de2
37683de2
37693de2
376a3de2
376b3de2
376c3ddd
376d3ddd
376e3ddd
376f3ddd
37703ddd
37713ddd
37723ddd
37733ddd
37743ddd
37753ddd
37763ddd
37773ddd
37783dd8
37793dd8
377a3dd8
377b3dd8
377c3dd8
377d3dd8
377e3dd8
377f3dd8
37803dd8
37813dd8
37823dd8
37833dd8
37843dd4
37853dd4
37863dd4
37873dd4
37883dd4
37893dd4
378a3dd4
378b3dd4
378c3dd4
378d3dd4
378e3dd4
378f3dd4
37903dcf
37913dcf
37923dcf
37933dcf
37943dcf
37953dcf
37963dcf
37973dcf
37983dcf
37993dcf
379a3dcf
379b3dcf
379c3dcb
379d3dcb
379e3dcb
379f3dcb
37a03dcb
37a13dcb
37a23dcb
37a33dcb
37a43dcb
37a53dcb
37a63dcb
37a73dcb
37a83dc6
37a93dc6
37aa3dc6
37ab3dc6
37ac3dc6
37ad3dc6
37ae3dc6
37af3dc6
37b03dc6
37b13dc6
37b23dc6
37b33dc6
37b43dc2
37b53dc2
37b63dc2
37b73dc2
37b83dc2
37b93dc2
37ba3dc2
37bb3dc2
37bc3dc2
37bd3dc2
37be3dc2
37bf3dc2
37c03dbd
37c13dbd
37c23dbd
37c33dbd
37c43dbd
37c53dbd
37c63dbd
37c73dbd
37c83dbd
37c93dbd
37ca3dbd
37cb3dbd
37cc3db9
37cd3db9
37ce3db9
37cf3db9
37d03db9
37d13db9
37d23db9
37d33db9
37d43db9
37d53db9
37d63db9
37d73db9
37d83db4
37d93db4
37da3db4
37db3db4
37dc3db4
37dd3db4
37de3db4
37df3db4
37e03db4
37e13db4
37e23db4
37e33db4
37e43db0
37e53db0
37e63db0
37e73db0
37e83db0
37e93db0
37ea3db0
37eb3db0
37ec3db0
37ed3db0
37ee3db0
37ef3db0
37f03dac
37f13dac
37f23dac
37f33dac
37f43dac
37f53dac
37f63dac
37f73dac
37f83dac
37f93dac
37fa3dac
37fb3dac
37fc3da7
37fd3da7
37fe3da7
37ff3da7
38003da7
38013da7
38023da7
38033da7
38043da3
38053da3
38063da3
38073da3
38083da3
38093da3
380a3d9f
380b3d9f
380c3d9f
380d3d9f
380e3d9f
380f3d9f
38103d9b
38113d9b
38123d9b
38133d9b
38143d9b
38153d9b
38163d97
38173d97
38183d97
38193d97
381a3d97
381b3d97
381c3d93
381d3d93
381e3d93
381f3d93
38203d93
38213d93
38223d8f
38233d8f
38243d8f
38253d8f
38263d8f
38273d8f
38283d8b
38293d8b
382a3d8b
382b3d8b
382c3d8b
382d3d8b
382e3d87
382f3d87
38303d87
38313d87
38323d87
38333d87
38343d83
38353d83
38363d83
38373d83
38383d83
38393d83
383a3d7f
383b3d7f
383c3d7f
383d3d7f
383e3d7f
383f3d7f
38403d7b
38413d7b
38423d7b
38433d7b
38443d7b
38453d7b
38463d77
38473d77
38483d77
38493d77
384a3d77
384b3d77
384c3d73
384d3d73
384e3d73
384f3d73
38503d73
38513d73
38523d70
38533d70
38543d70
38553d70
38563d70
38573d70
38583d6c
38593d6c
385a3d6c
385b3d6c
385c3d6c
385d3d6c
385e3d68
385f3d68
38603d68
38613d68
38623d68
38633d68
38643d64
38653d64
38663d64
38673d64
38683d64
38693d64
386a3d61
386b3d61
386c3d61
386d3d61
386e3d61
386f3d61
38703d5d
38713d5d
38723d5d
38733d5d
38743d5d
38753d5d
38763d5a
38773d5a
38783d5a
38793d5a
387a3d5a
387b3d5a
387c3d56
387d3d56
387e3d56
387f3d56
38803d56
38813d56
38823d52
38833d52
38843d52
38853d52
38863d52
38873d52
38883d4f
38893d4f
388a3d4f
388b3d4f
388c3d4f
388d3d4f
388e3d4b
388f3d4b
38903d4b
38913d4b
38923d4b
38933d4b
38943d48
38953d48
38963d48
38973d48
38983d48
38993d48
389a3d44
389b3d44
389c3d44
389d3d44
389e3d44
389f3d44
38a03d41
38a13d41
38a23d41
38a33d41
38a43d41
38a53d41
38a63d3e
38a73d3e
38a83d3e
38a93d3e
38aa3d3e
38ab3d3e
38ac3d3a
38ad3d3a
38ae3d3a
38af3d3a
38b03d3a
38b13d3a
38b23d37
38b33d37
38b43d37
38b53d37
38b63d37
38b73d37
38b83d34
38b93d34
38ba3d34
38bb3d34
38bc3d34
38bd3d34
38be3d30
38bf3d30
38c03d30
38c13d30
38c23d30
38c33d30
38c43d2d
38c53d2d
38c63d2d
38c73d2d
38c83d2d
38c93d2d
38ca3d2a
38cb3d2a
38cc3d2a
38cd3d2a
38ce3d2a
38cf3d2a
38d03d27
38d13d27
38d23d27
38d33d27
38d43d27
38d53d27
38d63d23
38d73d23
38d83d23
38d93d23
38da3d23
38db3d23
38dc3d20
38dd3d20
38de3d20
38df3d20
38e03d20
38e13d20
38e23d1d
38e33d1d
38e43d1d
38e53d1d
38e63d1d
38e73d1d
38e83d1a
38e93d1a
38ea3d1a
38eb3d1a
38ec3d1a
38ed3d1a
38ee3d17
38ef3d17
38f03d17
38f13d17
38f23d17
38f33d17
38f43d14
38f53d14
38f63d14
38f73d14
38f83d14
38f93d14
38fa3d11
38fb3d11
38fc3d11
38fd3d11
38fe3d11
38ff3d11
39003d0e
39013d0e
39023d0e
39033d0e
39043d0e
39053d0e
39063d0b
39073d0b
39083d0b
39093d0b
390a3d0b
390b3d0b
390c3d08
390d3d08
390e3d08
390f3d08
39103d08
39113d08
39123d05
39133d05
39143d05
39153d05
39163d05
39173d05
39183d02
39193d02
391a3d02
391b3d02
391c3d02
391d3d02
391e3cff
391f3cff
39203cff
39213cff
39223cff
39233cff
39243cfc
39253cfc
39263cfc
39273cfc
39283cfc
39293cfc
392a3cf9
392b3cf9
392c3cf9
392d3cf9
392e3cf9
392f3cf9
39303cf6
39313cf6
39323cf6
39333cf6
39343cf6
39353cf6
39363cf3
39373cf3
39383cf3
39393cf3
393a3cf3
393b3cf3
393c3cf1
393d3cf1
393e3cf1
393f3cf1
39403cf1
39413cf1
39423cee
39433cee
39443cee
39453cee
39463cee
39473cee
39483ceb
39493ceb
394a3ceb
394b3ceb
394c3ceb
394d3ceb
394e3ce8
394f3ce8
39503ce8
39513ce8
39523ce8
39533ce8
39543ce5
39553ce5
39563ce5
39573ce5
39583ce5
39593ce5
395a3ce3
395b3ce3
395c3ce3
395d3ce3
395e3ce3
395f3ce3
39603ce0
39613ce0
39623ce0
39633ce0
39643ce0
39653ce0
39663cdd
39673cdd
39683cdd
39693cdd
396a3cdd
396b3cdd
396c3cdb
396d3cdb
396e3cdb
396f3cdb
39703cdb
39713cdb
39723cd8
39733cd8
39743cd8
39753cd8
39763cd8
39773cd8
39783cd5
39793cd5
397a3cd5
397b3cd5
397c3cd5
397d3cd5
397e3cd3
397f3cd3
39803cd3
39813cd3
39823cd3
39833cd3
39843cd0
39853cd0
39863cd0
39873cd0
39883cd0
39893cd0
398a3ccd
398b3ccd
398c3ccd
398d3ccd
398e3ccd
398f3ccd
39903ccb
39913ccb
39923ccb
39933ccb
39943ccb
39953ccb
39963cc8
39973cc8
39983cc8
39993cc8
399a3cc8
399b3cc8
399c3cc6
399d3cc6
399e3cc6
399f3cc6
39a03cc6
39a13cc6
39a23cc3
39a33cc3
39a43cc3
39a53cc3
39a63cc3
39a73cc3
39a83cc1
39a93cc1
39aa3cc1
39ab3cc1
39ac3cc1
39ad3cc1
39ae3cbe
39af3cbe
39b03cbe
39b13cbe
39b23cbe
39b33cbe
39b43cbc
39b53cbc
39b63cbc
39b73cbc
39b83cbc
39b93cbc
39ba3cb9
39bb3cb9
39bc3cb9
39bd3cb9
39be3cb9
39bf3cb9
39c03cb7
39c13cb7
39c23cb7
39c33cb7
39c43cb7
39c53cb7
39c63cb4
39c73cb4
39c83cb4
39c93cb4
39ca3cb4
39cb3cb4
39cc3cb2
39cd3cb2
39ce3cb2
39cf3cb2
39d03cb2
39d13cb2
39d23caf
39d33caf
39d43caf
39d53caf
39d63caf
39d73caf
39d83cad
39d93cad
39da3cad
39db3cad
39dc3cad
39dd3cad
39de3cab
39df3cab
39e03cab
39e13cab
39e23cab
39e33cab
39e43ca8
39e53ca8
39e63ca8
39e73ca8
39e83ca8
39e93ca8
39ea3ca6
39eb3ca6
39ec3ca6
39ed3ca6
39ee3ca6
39ef3ca6
39f03ca3
39f13ca3
39f23ca3
39f33ca3
39f43ca3
39f53ca3
39f63ca1
39f73ca1
39f83ca1
39f93ca1
39fa3ca1
39fb3ca1
39fc3c9f
39fd3c9f
39fe3c9f
39ff3c9f
3a003c9f
3a013c9f
3a023c9c
3a033c9c
3a043c9c
3a053c9c
3a063c9c
3a073c9c
3a083c9a
3a093c9a
3a0a3c9a
3a0b3c9a
3a0c3c9a
3a0d3c9a
3a0e3c98
3a0f3c98
3a103c98
3a113c98
3a123c98
3a133c98
3a143c96
3a153c96
3a163c96
3a173c96
3a183c96
3a193c96
3a1a3c93
3a1b3c93
3a1c3c93
3a1d3c93
3a1e3c93
3a1f3c93
3a203c91
3a213c91
3a223c91
3a233c91
3a243c91
3a253c91
3a263c8f
3a273c8f
3a283c8f
3a293c8f
3a2a3c8f
3a2b3c8f
3a2c3c8d
3a2d3c8d
3a2e3c8d
3a2f3c8d
3a303c8d
3a313c8d
3a323c8b
3a333c8b
3a343c8b
3a353c8b
3a363c8b
3a373c8b
3a383c88
3a393c88
3a3a3c88
3a3b3c88
3a3c3c88
3a3d3c88
3a3e3c86
3a3f3c86
3a403c86
3a413c86
3a423c86
3a433c86
3a443c84
3a453c84
3a463c84
3a473c84
3a483c84
3a493c84
3a4a3c82
3a4b3c82
3a4c3c82
3a4d3c82
3a4e3c82
3a4f3c82
3a503c80
3a513c80
3a523c80
3a533c80
3a543c80
3a553c80
3a563c7e
3a573c7e
3a583c7e
3a593c7e
3a5a3c7e
3a5b3c7e
3a5c3c7b
3a5d3c7b
3a5e3c7b
3a5f3c7b
3a603c7b
3a613c7b
3a623c79
3a633c79
3a643c79
3a653c79
3a663c79
3a673c79
3a683c77
3a693c77
3a6a3c77
3a6b3c77
3a6c3c77
3a6d3c77
3a6e3c75
3a6f3c75
3a703c75
3a713c75
3a723c75
3a733c75
3a743c73
3a753c73
3a763c73
3a773c73
3a783c73
3a793c73
3a7a3c71
3a7b3c71
3a7c3c71
3a7d3c71
3a7e3c71
3a7f3c71
3a803c6f
3a813c6f
3a823c6f
3a833c6f
3a843c6f
3a853c6f
3a863c6d
3a873c6d
3a883c6d
3a893c6d
3a8a3c6d
3a8b3c6d
3a8c3c6b
3a8d3c6b
3a8e3c6b
3a8f3c6b
3a903c6b
3a913c6b
3a923c69
3a933c69
3a943c69
3a953c69
3a963c69
3a973c69
3a983c67
3a993c67
3a9a3c67
3a9b3c67
3a9c3c67
3a9d3c67
3a9e3c65
3a9f3c65
3aa03c65
3aa13c65
3aa23c65
3aa33c65
3aa43c63
3aa53c63
3aa63c63
3aa73c63
3aa83c63
3aa93c63
3aaa3c61
3aab3c61
3aac3c61
3aad3c61
3aae3c61
3aaf3c61
3ab03c5f
3ab13c5f
3ab23c5f
3ab33c5f
3ab43c5f
3ab53c5f
3ab63c5d
3ab73c5d
3ab83c5d
3ab93c5d
3aba3c5d
3abb3c5d
3abc3c5b
3abd3c5b
3abe3c5b
3abf3c5b
3ac03c5b
3ac13c5b
3ac23c59
3ac33c59
3ac43c59
3ac53c59
3ac63c59
3ac73c59
3ac83c57
3ac93c57
3aca3c57
3acb3c57
3acc3c57
3acd3c57
3ace3c55
3acf3c55
3ad03c55
3ad13c55
3ad23c55
3ad33c55
3ad43c53
3ad53c53
3ad63c53
3ad73c53
3ad83c53
3ad93c53
3ada3c52
3adb3c52
3adc3c52
3add3c52
3ade3c52
3adf3c52
3ae03c50
3ae13c50
3ae23c50
3ae33c50
3ae43c50
3ae53c50
3ae63c4e
3ae73c4e
3ae83c4e
3ae93c4e
3aea3c4e
3aeb3c4e
3aec3c4c
3aed3c4c
3aee3c4c
3aef3c4c
3af03c4c
3af13c4c
3af23c4a
3af33c4a
3af43c4a
3af53c4a
3af63c4a
3af73c4a
3af83c48
3af93c48
3afa3c48
3afb3c48
3afc3c48
3afd3c48
3afe3c46
3aff3c46
3b003c46
3b013c46
3b023c46
3b033c46
3b043c45
3b053c45
3b063c45
3b073c45
3b083c45
3b093c45
3b0a3c43
3b0b3c43
3b0c3c43
3b0d3c43
3b0e3c43
3b0f3c43
3b103c41
3b113c41
3b123c41
3b133c41
3b143c41
3b153c41
3b163c3f
3b173c3f
3b183c3f
3b193c3f
3b1a3c3f
3b1b3c3f
3b1c3c3d
3b1d3c3d
3b1e3c3d
3b1f3c3d
3b203c3d
3b213c3d
3b223c3c
3b233c3c
3b243c3c
3b253c3c
3b263c3c
3b273c3c
3b283c3a
3b293c3a
3b2a3c3a
3b2b3c3a
3b2c3c3a
3b2d3c3a
3b2e3c38
3b2f3c38
3b303c38
3b313c38
3b323c38
3b333c38
3b343c36
3b353c36
3b363c36
3b373c36
3b383c36
3b393c36
3b3a3c35
3b3b3c35
3b3c3c35
3b3d3c35
3b3e3c35
3b3f3c35
3b403c33
3b413c33
3b423c33
3b433c33
3b443c33
3b453c33
3b463c31
3b473c31
3b483c31
3b493c31
3b4a3c31
3b4b3c31
3b4c3c2f
3b4d3c2f
3b4e3c2f
3b4f3c2f
3b503c2f
3b513c2f
3b523c2e
3b533c2e
3b543c2e
3b553c2e
3b563c2e
3b573c2e
3b583c2c
3b593c2c
3b5a3c2c
3b5b3c2c
3b5c3c2c
3b5d3c2c
3b5e3c2a
3b5f3c2a
3b603c2a
3b613c2a
3b623c2a
3b633c2a
3b643c29
3b653c29
3b663c29
3b673c29
3b683c29
3b693c29
3b6a3c27
3b6b3c27
3b6c3c27
3b6d3c27
3b6e3c27
3b6f3c27
3b703c25
3b713c25
3b723c25
3b733c25
3b743c25
3b753c25
3b763c24
3b773c24
3b783c24
3b793c24
3b7a3c24
3b7b3c24
3b7c3c22
3b7d3c22
3b7e3c22
3b7f3c22
3b803c22
3b813c22
3b823c20
3b833c20
3b843c20
3b853c20
3b863c20
3b873c20
3b883c1f
3b893c1f
3b8a3c1f
3b8b3c1f
3b8c3c1f
3b8d3c1f
3b8e3c1d
3b8f3c1d
3b903c1d
3b913c1d
3b923c1d
3b933c1d
3b943c1b
3b953c1b
3b963c1b
3b973c1b
3b983c1b
3b993c1b
3b9a3c1a
3b9b3c1a
3b9c3c1a
3b9d3c1a
3b9e3c1a
3b9f3c1a
3ba03c18
3ba13c18
3ba23c18
3ba33c18
3ba43c18
3ba53c18
3ba63c16
3ba73c16
3ba83c16
3ba93c16
3baa3c16
3bab3c16
3bac3c15
3bad3c15
3bae3c15
3baf3c15
3bb03c15
3bb13c15
3bb23c13
3bb33c13
3bb43c13
3bb53c13
3bb63c13
3bb73c13
3bb83c12
3bb93c12
3bba3c12
3bbb3c12
3bbc3c12
3bbd3c12
3bbe3c10
3bbf3c10
3bc03c10
3bc13c10
3bc23c10
3bc33c10
3bc43c0f
3bc53c0f
3bc63c0f
3bc73c0f
3bc83c0f
3bc93c0f
3bca3c0d
3bcb3c0d
3bcc3c0d
3bcd3c0d
3bce3c0d
3bcf3c0d
3bd03c0b
3bd13c0b
3bd23c0b
3bd33c0b
3bd43c0b
3bd53c0b
3bd63c0a
3bd73c0a
3bd83c0a
3bd93c0a
3bda3c0a
3bdb3c0a
3bdc3c08
3bdd3c08
3bde3c08
3bdf3c08
3be03c08
3be13c08
3be23c07
3be33c07
3be43c07
3be53c07
3be63c07
3be73c07
3be83c05
3be93c05
3bea3c05
3beb3c05
3bec3c05
3bed3c05
3bee3c04
3bef3c04
3bf03c04
3bf13c04
3bf23c04
3bf33c04
3bf43c02
3bf53c02
3bf63c02
3bf73c02
3bf83c02
3bf93c02
3bfa3c01
3bfb3c01
3bfc3c01
3bfd3c01
3bfe3c01
3bff3c01
3c003bfa
3c013bfa
3c023bfa
3c033bfa
3c043bfa
3c053bfa
3c063bfa
3c073bfa
3c083bfa
3c093bfa
3c0a3bfa
3c0b3bfa
3c0c3bee
3c0d3bee
3c0e3bee
3c0f3bee
3c103bee
3c113bee
3c123bee
3c133bee
3c143bee
3c153bee
3c163bee
3c173bee
3c183be3
3c193be3
3c1a3be3
3c1b3be3
3c1c3be3
3c1d3be3
3c1e3be3
3c1f3be3
3c203be3
3c213be3
3c223be3
3c233be3
3c243bd7
3c253bd7
3c263bd7
3c273bd7
3c283bd7
3c293bd7
3c2a3bd7
3c2b3bd7
3c2c3bd7
3c2d3bd7
3c2e3bd7
3c2f3bd7
3c303bcc
3c313bcc
3c323bcc
3c333bcc
3c343bcc
3c353bcc
3c363bcc
3c373bcc
3c383bcc
3c393bcc
3c3a3bcc
3c3b3bcc
3c3c3bc1
3c3d3bc1
3c3e3bc1
3c3f3bc1
3c403bc1
3c413bc1
3c423bc1
3c433bc1
3c443bc1
3c453bc1
3c463bc1
3c473bc1
3c483bb6
3c493bb6
3c4a3bb6
3c4b3bb6
3c4c3bb6
3c4d3bb6
3c4e3bb6
3c4f3bb6
3c503bb6
3c513bb6
3c523bb6
3c533bb6
3c543bac
3c553bac
3c563bac
3c573bac
3c583bac
3c593bac
3c5a3bac
3c5b3bac
3c5c3bac
3c5d3bac
3c5e3bac
3c5f3bac
3c603ba1
3c613ba1
3c623ba1
3c633ba1
3c643ba1
3c653ba1
3c663ba1
3c673ba1
3c683ba1
3c693ba1
3c6a3ba1
3c6b3ba1
3c6c3b97
3c6d3b97
3c6e3b97
3c6f3b97
3c703b97
3c713b97
3c723b97
3c733b97
3c743b97
3c753b97
3c763b97
3c773b97
3c783b8d
3c793b8d
3c7a3b8d
3c7b3b8d
3c7c3b8d
3c7d3b8d
3c7e3b8d
3c7f3b8d
3c803b8d
3c813b8d
3c823b8d
3c833b8d
3c843b83
3c853b83
3c863b83
3c873b83
3c883b83
3c893b83
3c8a3b83
3c8b3b83
3c8c3b83
3c8d3b83
3c8e3b83
3c8f3b83
3c903b79
3c913b79
3c923b79
3c933b79
3c943b79
3c953b79
3c963b79
3c973b79
3c983b79
3c993b79
3c9a3b79
3c9b3b79
3c9c3b6f
3c9d3b6f
3c9e3b6f
3c9f3b6f
3ca03b6f
3ca13b6f
3ca23b6f
3ca33b6f
3ca43b6f
3ca53b6f
3ca63b6f
3ca73b6f
3ca83b65
3ca93b65
3caa3b65
3cab3b65
3cac3b65
3cad3b65
3cae3b65
3caf3b65
3cb03b65
3cb13b65
3cb23b65
3cb33b65
3cb43b5c
3cb53b5c
3cb63b5c
3cb73b5c
3cb83b5c
3cb93b5c
3cba3b5c
3cbb3b5c
3cbc3b5c
3cbd3b5c
3cbe3b5c
3cbf3b5c
3cc03b53
3cc13b53
3cc23b53
3cc33b53
3cc43b53
3cc53b53
3cc63b53
3cc73b53
3cc83b53
3cc93b53
3cca3b53
3ccb3b53
3ccc3b4a
3ccd3b4a
3cce3b4a
3ccf3b4a
3cd03b4a
3cd13b4a
3cd23b4a
3cd33b4a
3cd43b4a
3cd53b4a
3cd63b4a
3cd73b4a
3cd83b41
3cd93b41
3cda3b41
3cdb3b41
3cdc3b41
3cdd3b41
3cde3b41
3cdf3b41
3ce03b41
3ce13b41
3ce23b41
3ce33b41
3ce43b38
3ce53b38
3ce63b38
3ce73b38
3ce83b38
3ce93b38
3cea3b38
3ceb3b38
3cec3b38
3ced3b38
3cee3b38
3cef3b38
3cf03b2f
3cf13b2f
3cf23b2f
3cf33b2f
3cf43b2f
3cf53b2f
3cf63b2f
3cf73b2f
3cf83b2f
3cf93b2f
3cfa3b2f
3cfb3b2f
3cfc3b26
3cfd3b26
3cfe3b26
3cff3b26
3d003b26
3d013b26
3d023b26
3d033b26
3d043b26
3d053b26
3d063b26
3d073b26
3d083b1e
3d093b1e
3d0a3b1e
3d0b3b1e
3d0c3b1e
3d0d3b1e
3d0e3b1e
3d0f3b1e
3d103b1e
3d113b1e
3d123b1e
3d133b1e
3d143b15
3d153b15
3d163b15
3d173b15
3d183b15
3d193b15
3d1a3b15
3d1b3b15
3d1c3b15
3d1d3b15
3d1e3b15
3d1f3b15
3d203b0d
3d213b0d
3d223b0d
3d233b0d
3d243b0d
3d253b0d
3d263b0d
3d273b0d
3d283b0d
3d293b0d
3d2a3b0d
3d2b3b0d
3d2c3b05
3d2d3b05
3d2e3b05
3d2f3b05
3d303b05
3d313b05
3d323b05
3d333b05
3d343b05
3d353b05
3d363b05
3d373b05
3d383afd
3d393afd
3d3a3afd
3d3b3afd
3d3c3afd
3d3d3afd
3d3e3afd
3d3f3afd
3d403afd
3d413afd
3d423afd
3d433afd
3d443af5
3d453af5
3d463af5
3d473af5
3d483af5
3d493af5
3d4a3af5
3d4b3af5
3d4c3af5
3d4d3af5
3d4e3af5
3d4f3af5
3d503aed
3d513aed
3d523aed
3d533aed
3d543aed
3d553aed
3d563aed
3d573aed
3d583aed
3d593aed
3d5a3aed
3d5b3aed
3d5c3ae5
3d5d3ae5
3d5e3ae5
3d5f3ae5
3d603ae5
3d613ae5
3d623ae5
3d633ae5
3d643ae5
3d653ae5
3d663ae5
3d673ae5
3d683ade
3d693ade
3d6a3ade
3d6b3ade
3d6c3ade
3d6d3ade
3d6e3ade
3d6f3ade
3d703ade
3d713ade
3d723ade
3d733ade
3d743ad6
3d753ad6
3d763ad6
3d773ad6
3d783ad6
3d793ad6
3d7a3ad6
3d7b3ad6
3d7c3ad6
3d7d3ad6
3d7e3ad6
3d7f3ad6
3d803acf
3d813acf
3d823acf
3d833acf
3d843acf
3d853acf
3d863acf
3d873acf
3d883acf
3d893acf
3d8a3acf
3d8b3acf
3d8c3ac7
3d8d3ac7
3d8e3ac7
3d8f3ac7
3d903ac7
3d913ac7
3d923ac7
3d933ac7
3d943ac7
3d953ac7
3d963ac7
3d973ac7
3d983ac0
3d993ac0
3d9a3ac0
3d9b3ac0
3d9c3ac0
3d9d3ac0
3d9e3ac0
3d9f3ac0
3da03ac0
3da13ac0
3da23ac0
3da33ac0
3da43ab9
3da53ab9
3da63ab9
3da73ab9
3da83ab9
3da93ab9
3daa3ab9
3dab3ab9
3dac3ab9
3dad3ab9
3dae3ab9
3daf3ab9
3db03ab2
3db13ab2
3db23ab2
3db33ab2
3db43ab2
3db53ab2
3db63ab2
3db73ab2
3db83ab2
3db93ab2
3dba3ab2
3dbb3ab2
3dbc3aab
3dbd3aab
3dbe3aab
3dbf3aab
3dc03aab
3dc13aab
3dc23aab
3dc33aab
3dc43aab
3dc53aab
3dc63aab
3dc73aab
3dc83aa4
3dc93aa4
3dca3aa4
3dcb3aa4
3dcc3aa4
3dcd3aa4
3dce3aa4
3dcf3aa4
3dd03aa4
3dd13aa4
3dd23aa4
3dd33aa4
3dd43a9d
3dd53a9d
3dd63a9d
3dd73a9d
3dd83a9d
3dd93a9d
3dda3a9d
3ddb3a9d
3ddc3a9d
3ddd3a9d
3dde3a9d
3ddf3a9d
3de03a97
3de13a97
3de23a97
3de33a97
3de43a97
3de53a97
3de63a97
3de73a97
3de83a97
3de93a97
3dea3a97
3deb3a97
3dec3a90
3ded3a90
3dee3a90
3def3a90
3df03a90
3df13a90
3df23a90
3df33a90
3df43a90
3df53a90
3df63a90
3df73a90
3df83a89
3df93a89
3dfa3a89
3dfb3a89
3dfc3a89
3dfd3a89
3dfe3a89
3dff3a89
3e003a89
3e013a89
3e023a89
3e033a89
3e043a83
3e053a83
3e063a83
3e073a83
3e083a83
3e093a83
3e0a3a83
3e0b3a83
3e0c3a83
3e0d3a83
3e0e3a83
3e0f3a83
3e103a7c
3e113a7c
3e123a7c
3e133a7c
3e143a7c
3e153a7c
3e163a7c
3e173a7c
3e183a7c
3e193a7c
3e1a3a7c
3e1b3a7c
3e1c3a76
3e1d3a76
3e1e3a76
3e1f3a76
3e203a76
3e213a76
3e223a76
3e233a76
3e243a76
3e253a76
3e263a76
3e273a76
3e283a70
3e293a70
3e2a3a70
3e2b3a70
3e2c3a70
3e2d3a70
3e2e3a70
3e2f3a70
3e303a70
3e313a70
3e323a70
3e333a70
3e343a69
3e353a69
3e363a69
3e373a69
3e383a69
3e393a69
3e3a3a69
3e3b3a69
3e3c3a69
3e3d3a69
3e3e3a69
3e3f3a69
3e403a63
3e413a63
3e423a63
3e433a63
3e443a63
3e453a63
3e463a63
3e473a63
3e483a63
3e493a63
3e4a3a63
3e4b3a63
3e4c3a5d
3e4d3a5d
3e4e3a5d
3e4f3a5d
3e503a5d
3e513a5d
3e523a5d
3e533a5d
3e543a5d
3e553a5d
3e563a5d
3e573a5d
3e583a57
3e593a57
3e5a3a57
3e5b3a57
3e5c3a57
3e5d3a57
3e5e3a57
3e5f3a57
3e603a57
3e613a57
3e623a57
3e633a57
3e643a51
3e653a51
3e663a51
3e673a51
3e683a51
3e693a51
3e6a3a51
3e6b3a51
3e6c3a51
3e6d3a51
3e6e3a51
3e6f3a51
3e703a4b
3e713a4b
3e723a4b
3e733a4b
3e743a4b
3e753a4b
3e763a4b
3e773a4b
3e783a4b
3e793a4b
3e7a3a4b
3e7b3a4b
3e7c3a46
3e7d3a46
3e7e3a46
3e7f3a46
3e803a46
3e813a46
3e823a46
3e833a46
3e843a46
3e853a46
3e863a46
3e873a46
3e883a40
3e893a40
3e8a3a40
3e8b3a40
3e8c3a40
3e8d3a40
3e8e3a40
3e8f3a40
3e903a40
3e913a40
3e923a40
3e933a40
3e943a3a
3e953a3a
3e963a3a
3e973a3a
3e983a3a
3e993a3a
3e9a3a3a
3e9b3a3a
3e9c3a3a
3e9d3a3a
3e9e3a3a
3e9f3a3a
3ea03a35
3ea13a35
3ea23a35
3ea33a35
3ea43a35
3ea53a35
3ea63a35
3ea73a35
3ea83a35
3ea93a35
3eaa3a35
3eab3a35
3eac3a2f
3ead3a2f
3eae3a2f
3eaf3a2f
3eb03a2f
3eb13a2f
3eb23a2f
3eb33a2f
3eb43a2f
3eb53a2f
3eb63a2f
3eb73a2f
3eb83a29
3eb93a29
3eba3a29
3ebb3a29
3ebc3a29
3ebd3a29
3ebe3a29
3ebf3a29
3ec03a29
3ec13a29
3ec23a29
3ec33a29
3ec43a24
3ec53a24
3ec63a24
3ec73a24
3ec83a24
3ec93a24
3eca3a24
3ecb3a24
3ecc3a24
3ecd3a24
3ece3a24
3ecf3a24
3ed03a1f
3ed13a1f
3ed23a1f
3ed33a1f
3ed43a1f
3ed53a1f
3ed63a1f
3ed73a1f
3ed83a1f
3ed93a1f
3eda3a1f
3edb3a1f
3edc3a19
3edd3a19
3ede3a19
3edf3a19
3ee03a19
3ee13a19
3ee23a19
3ee33a19
3ee43a19
3ee53a19
3ee63a19
3ee73a19
3ee83a14
3ee93a14
3eea3a14
3eeb3a14
3eec3a14
3eed3a14
3eee3a14
3eef3a14
3ef03a14
3ef13a14
3ef23a14
3ef33a14
3ef43a0f
3ef53a0f
3ef63a0f
3ef73a0f
3ef83a0f
3ef93a0f
3efa3a0f
3efb3a0f
3efc3a0f
3efd3a0f
3efe3a0f
3eff3a0f
3f003a0a
3f013a0a
3f023a0a
3f033a0a
3f043a0a
3f053a0a
3f063a0a
3f073a0a
3f083a0a
3f093a0a
3f0a3a0a
3f0b3a0a
3f0c3a04
3f0d3a04
3f0e3a04
3f0f3a04
3f103a04
3f113a04
3f123a04
3f133a04
3f143a04
3f153a04
3f163a04
3f173a04
3f1839ff
3f1939ff
3f1a39ff
3f1b39ff
3f1c39ff
3f1d39ff
3f1e39ff
3f1f39ff
3f2039ff
3f2139ff
3f2239ff
3f2339ff
3f2439fa
3f2539fa
3f2639fa
3f2739fa
3f2839fa
3f2939fa
3f2a39fa
3f2b39fa
3f2c39fa
3f2d39fa
3f2e39fa
3f2f39fa
3f3039f5
3f3139f5
3f3239f5
3f3339f5
3f3439f5
3f3539f5
3f3639f5
3f3739f5
3f3839f5
3f3939f5
3f3a39f5
3f3b39f5
3f3c39f0
3f3d39f0
3f3e39f0
3f3f39f0
3f4039f0
3f4139f0
3f4239f0
3f4339f0
3f4439f0
3f4539f0
3f4639f0
3f4739f0
3f4839ec
3f4939ec
3f4a39ec
3f4b39ec
3f4c39ec
3f4d39ec
3f4e39ec
3f4f39ec
3f5039ec
3f5139ec
3f5239ec
3f5339ec
3f5439e7
3f5539e7
3f5639e7
3f5739e7
3f5839e7
3f5939e7
3f5a39e7
3f5b39e7
3f5c39e7
3f5d39e7
3f5e39e7
3f5f39e7
3f6039e2
3f6139e2
3f6239e2
3f6339e2
3f6439e2
3f6539e2
3f6639e2
3f6739e2
3f6839e2
3f6939e2
3f6a39e2
3f6b39e2
3f6c39dd
3f6d39dd
3f6e39dd
3f6f39dd
3f7039dd
3f7139dd
3f7239dd
3f7339dd
3f7439dd
3f7539dd
3f7639dd
3f7739dd
3f7839d8
3f7939d8
3f7a39d8
3f7b39d8
3f7c39d8
3f7d39d8
3f7e39d8
3f7f39d8
3f8039d8
3f8139d8
3f8239d8
3f8339d8
3f8439d4
3f8539d4
3f8639d4
3f8739d4
3f8839d4
3f8939d4
3f8a39d4
3f8b39d4
3f8c39d4
3f8d39d4
3f8e39d4
3f8f39d4
3f9039cf
3f9139cf
3f9239cf
3f9339cf
3f9439cf
3f9539cf
3f9639cf
3f9739cf
3f9839cf
3f9939cf
3f9a39cf
3f9b39cf
3f9c39cb
3f9d39cb
3f9e39cb
3f9f39cb
3fa039cb
3fa139cb
3fa239cb
3fa339cb
3fa439cb
3fa539cb
3fa639cb
3fa739cb
3fa839c6
3fa939c6
3faa39c6
3fab39c6
3fac39c6
3fad39c6
3fae39c6
3faf39c6
3fb039c6
3fb139c6
3fb239c6
3fb339c6
3fb439c2
3fb539c2
3fb639c2
3fb739c2
3fb839c2
3fb939c2
3fba39c2
3fbb39c2
3fbc39c2
3fbd39c2
3fbe39c2
3fbf39c2
3fc039bd
3fc139bd
3fc239bd
3fc339bd
3fc439bd
3fc539bd
3fc639bd
3fc739bd
3fc839bd
3fc939bd
3fca39bd
3fcb39bd
3fcc39b9
3fcd39b9
3fce39b9
3fcf39b9
3fd039b9
3fd139b9
3fd239b9
3fd339b9
3fd439b9
3fd539b9
3fd639b9
3fd739b9
3fd839b4
3fd939b4
3fda39b4
3fdb39b4
3fdc39b4
3fdd39b4
3fde39b4
3fdf39b4
3fe039b4
3fe139b4
3fe239b4
3fe339b4
3fe439b0
3fe539b0
3fe639b0
3fe739b0
3fe839b0
3fe939b0
3fea39b0
3feb39b0
3fec39b0
3fed39b0
3fee39b0
3fef39b0
3ff039ac
3ff139ac
3ff239ac
3ff339ac
3ff439ac
3ff539ac
3ff639ac
3ff739ac
3ff839ac
3ff939ac
3ffa39ac
3ffb39ac
3ffc39a7
3ffd39a7
3ffe39a7
3fff39a7
400039a7
400139a7
400239a7
400339a7
400439a3
400539a3
400639a3
400739a3
400839a3
400939a3
400a399f
400b399f
400c399f
400d399f
400e399f
400f399f
4010399b
4011399b
4012399b
4013399b
4014399b
4015399b
40163997
40173997
40183997
40193997
401a3997
401b3997
401c3993
401d3993
401e3993
401f3993
40203993
40213993
4022398f
4023398f
4024398f
4025398f
4026398f
4027398f
4028398b
4029398b
402a398b
402b398b
402c398b
402d398b
402e3987
402f3987
40303987
40313987
40323987
40333987
40343983
40353983
40363983
40373983
40383983
40393983
403a397f
403b397f
403c397f
403d397f
403e397f
403f397f
4040397b
4041397b
4042397b
4043397b
4044397b
4045397b
40463977
40473977
40483977
40493977
404a3977
404b3977
404c3973
404d3973
404e3973
404f3973
40503973
40513973
40523970
40533970
40543970
40553970
40563970
40573970
4058396c
4059396c
405a396c
405b396c
405c396c
405d396c
405e3968
405f3968
40603968
40613968
40623968
40633968
40643964
40653964
40663964
40673964
40683964
40693964
406a3961
406b3961
406c3961
406d3961
406e3961
406f3961
4070395d
4071395d
4072395d
4073395d
4074395d
4075395d
4076395a
4077395a
4078395a
4079395a
407a395a
407b395a
407c3956
407d3956
407e3956
407f3956
40803956
40813956
40823952
40833952
40843952
40853952
40863952
40873952
4088394f
4089394f
408a394f
408b394f
408c394f
408d394f
408e394b
408f394b
4090394b
4091394b
4092394b
4093394b
40943948
40953948
40963948
40973948
40983948
40993948
409a3944
409b3944
409c3944
409d3944
409e3944
409f3944
40a03941
40a13941
40a23941
40a33941
40a43941
40a53941
40a6393e
40a7393e
40a8393e
40a9393e
40aa393e
40ab393e
40ac393a
40ad393a
40ae393a
40af393a
40b0393a
40b1393a
40b23937
40b33937
40b43937
40b53937
40b63937
40b73937
40b83934
40b93934
40ba3934
40bb3934
40bc3934
40bd3934
40be3930
40bf3930
40c03930
40c13930
40c23930
40c33930
40c4392d
40c5392d
40c6392d
40c7392d
40c8392d
40c9392d
40ca392a
40cb392a
40cc392a
40cd392a
40ce392a
40cf392a
40d03927
40d13927
40d23927
40d33927
40d43927
40d53927
40d63923
40d73923
40d83923
40d93923
40da3923
40db3923
40dc3920
40dd3920
40de3920
40df3920
40e03920
40e13920
40e2391d
40e3391d
40e4391d
40e5391d
40e6391d
40e7391d
40e8391a
40e9391a
40ea391a
40eb391a
40ec391a
40ed391a
40ee3917
40ef3917
40f03917
40f13917
40f23917
40f33917
40f43914
40f53914
40f63914
40f73914
40f83914
40f93914
40fa3911
40fb3911
40fc3911
40fd3911
40fe3911
40ff3911
4100390e
4101390e
4102390e
4103390e
4104390e
4105390e
4106390b
4107390b
4108390b
4109390b
410a390b
410b390b
410c3908
410d3908
410e3908
410f3908
41103908
41113908
41123905
41133905
41143905
41153905
41163905
41173905
41183902
41193902
411a3902
411b3902
411c3902
411d3902
411e38ff
411f38ff
412038ff
412138ff
412238ff
412338ff
412438fc
412538fc
412638fc
412738fc
412838fc
412938fc
412a38f9
412b38f9
412c38f9
412d38f9
412e38f9
412f38f9
413038f6
413138f6
413238f6
413338f6
413438f6
413538f6
413638f3
413738f3
413838f3
413938f3
413a38f3
413b38f3
413c38f1
413d38f1
413e38f1
413f38f1
414038f1
414138f1
414238ee
414338ee
414438ee
414538ee
414638ee
414738ee
414838eb
414938eb
414a38eb
414b38eb
414c38eb
414d38eb
414e38e8
414f38e8
415038e8
415138e8
415238e8
415338e8
415438e5
415538e5
415638e5
415738e5
415838e5
415938e5
415a38e3
415b38e3
415c38e3
415d38e3
415e38e3
415f38e3
416038e0
416138e0
416238e0
416338e0
416438e0
416538e0
416638dd
416738dd
416838dd
416938dd
416a38dd
416b38dd
416c38db
416d38db
416e38db
416f38db
417038db
417138db
417238d8
417338d8
417438d8
417538d8
417638d8
417738d8
417838d5
417938d5
417a38d5
417b38d5
417c38d5
417d38d5
417e38d3
417f38d3
418038d3
418138d3
418238d3
418338d3
418438d0
418538d0
418638d0
418738d0
418838d0
418938d0
418a38cd
418b38cd
418c38cd
418d38cd
418e38cd
418f38cd
419038cb
419138cb
419238cb
419338cb
419438cb
419538cb
419638c8
419738c8
419838c8
419938c8
419a38c8
419b38c8
419c38c6
419d38c6
419e38c6
419f38c6
41a038c6
41a138c6
41a238c3
41a338c3
41a438c3
41a538c3
41a638c3
41a738c3
41a838c1
41a938c1
41aa38c1
41ab38c1
41ac38c1
41ad38c1
41ae38be
41af38be
41b038be
41b138be
41b238be
41b338be
41b438bc
41b538bc
41b638bc
41b738bc
41b838bc
41b938bc
41ba38b9
41bb38b9
41bc38b9
41bd38b9
41be38b9
41bf38b9
41c038b7
41c138b7
41c238b7
41c338b7
41c438b7
41c538b7
41c638b4
41c738b4
41c838b4
41c938b4
41ca38b4
41cb38b4
41cc38b2
41cd38b2
41ce38b2
41cf38b2
41d038b2
41d138b2
41d238af
41d338af
41d438af
41d538af
41d638af
41d738af
41d838ad
41d938ad
41da38ad
41db38ad
41dc38ad
41dd38ad
41de38ab
41df38ab
41e038ab
41e138ab
41e238ab
41e338ab
41e438a8
41e538a8
41e638a8
41e738a8
41e838a8
41e938a8
41ea38a6
41eb38a6
41ec38a6
41ed38a6
41ee38a6
41ef38a6
41f038a3
41f138a3
41f238a3
41f338a3
41f438a3
41f538a3
41f638a1
41f738a1
41f838a1
41f938a1
41fa38a1
41fb38a1
41fc389f
41fd389f
41fe389f
41ff389f
4200389f
4201389f
4202389c
4203389c
4204389c
4205389c
4206389c
4207389c
4208389a
4209389a
420a389a
420b389a
420c389a
420d389a
420e3898
420f3898
42103898
42113898
42123898
42133898
42143896
42153896
42163896
42173896
42183896
42193896
421a3893
421b3893
421c3893
421d3893
421e3893
421f3893
42203891
42213891
42223891
42233891
42243891
42253891
4226388f
4227388f
4228388f
4229388f
422a388f
422b388f
422c388d
422d388d
422e388d
422f388d
4230388d
4231388d
4232388b
4233388b
4234388b
4235388b
4236388b
4237388b
42383888
42393888
423a3888
423b3888
423c3888
423d3888
423e3886
423f3886
42403886
42413886
42423886
42433886
42443884
42453884
42463884
42473884
42483884
42493884
424a3882
424b3882
424c3882
424d3882
424e3882
424f3882
42503880
42513880
42523880
42533880
42543880
42553880
4256387e
4257387e
4258387e
4259387e
425a387e
425b387e
425c387b
425d387b
425e387b
425f387b
4260387b
4261387b
42623879
42633879
42643879
42653879
42663879
42673879
42683877
42693877
426a3877
426b3877
426c3877
426d3877
426e3875
426f3875
42703875
42713875
42723875
42733875
42743873
42753873
42763873
42773873
42783873
42793873
427a3871
427b3871
427c3871
427d3871
427e3871
427f3871
4280386f
4281386f
4282386f
4283386f
4284386f
4285386f
4286386d
4287386d
4288386d
4289386d
428a386d
428b386d
428c386b
428d386b
428e386b
428f386b
4290386b
4291386b
42923869
42933869
42943869
42953869
42963869
42973869
42983867
42993867
429a3867
429b3867
429c3867
429d3867
429e3865
429f3865
42a03865
42a13865
42a23865
42a33865
42a43863
42a53863
42a63863
42a73863
42a83863
42a93863
42aa3861
42ab3861
42ac3861
42ad3861
42ae3861
42af3861
42b0385f
42b1385f
42b2385f
42b3385f
42b4385f
42b5385f
42b6385d
42b7385d
42b8385d
42b9385d
42ba385d
42bb385d
42bc385b
42bd385b
42be385b
42bf385b
42c0385b
42c1385b
42c23859
42c33859
42c43859
42c53859
42c63859
42c73859
42c83857
42c93857
42ca3857
42cb3857
42cc3857
42cd3857
42ce3855
42cf3855
42d03855
42d13855
42d23855
42d33855
42d43853
42d53853
42d63853
42d73853
42d83853
42d93853
42da3852
42db3852
42dc3852
42dd3852
42de3852
42df3852
42e03850
42e13850
42e23850
42e33850
42e43850
42e53850
42e6384e
42e7384e
42e8384e
42e9384e
42ea384e
42eb384e
42ec384c
42ed384c
42ee384c
42ef384c
42f0384c
42f1384c
42f2384a
42f3384a
42f4384a
42f5384a
42f6384a
42f7384a
42f83848
42f93848
42fa3848
42fb3848
42fc3848
42fd3848
42fe3846
42ff3846
43003846
43013846
43023846
43033846
43043845
43053845
43063845
43073845
43083845
43093845
430a3843
430b3843
430c3843
430d3843
430e3843
430f3843
43103841
43113841
43123841
43133841
43143841
43153841
4316383f
4317383f
4318383f
4319383f
431a383f
431b383f
431c383d
431d383d
431e383d
431f383d
4320383d
4321383d
4322383c
4323383c
4324383c
4325383c
4326383c
4327383c
4328383a
4329383a
432a383a
432b383a
432c383a
432d383a
432e3838
432f3838
43303838
43313838
43323838
43333838
43343836
43353836
43363836
43373836
43383836
43393836
433a3835
433b3835
433c3835
433d3835
433e3835
433f3835
43403833
43413833
43423833
43433833
43443833
43453833
43463831
43473831
43483831
43493831
434a3831
434b3831
434c382f
434d382f
434e382f
434f382f
4350382f
4351382f
4352382e
4353382e
4354382e
4355382e
4356382e
4357382e
4358382c
4359382c
435a382c
435b382c
435c382c
435d382c
435e382a
435f382a
4360382a
4361382a
4362382a
4363382a
43643829
43653829
43663829
43673829
43683829
43693829
436a3827
436b3827
436c3827
436d3827
436e3827
436f3827
43703825
43713825
43723825
43733825
43743825
43753825
43763824
43773824
43783824
43793824
437a3824
437b3824
437c3822
437d3822
437e3822
437f3822
43803822
43813822
43823820
43833820
43843820
43853820
43863820
43873820
4388381f
4389381f
438a381f
438b381f
438c381f
438d381f
438e381d
438f381d
4390381d
4391381d
4392381d
4393381d
4394381b
4395381b
4396381b
4397381b
4398381b
4399381b
439a381a
439b381a
439c381a
439d381a
439e381a
439f381a
43a03818
43a13818
43a23818
43a33818
43a43818
43a53818
43a63816
43a73816
43a83816
43a93816
43aa3816
43ab3816
43ac3815
43ad3815
43ae3815
43af3815
43b03815
43b13815
43b23813
43b33813
43b43813
43b53813
43b63813
43b73813
43b83812
43b93812
43ba3812
43bb3812
43bc3812
43bd3812
43be3810
43bf3810
43c03810
43c13810
43c23810
43c33810
43c4380f
43c5380f
43c6380f
43c7380f
43c8380f
43c9380f
43ca380d
43cb380d
43cc380d
43cd380d
43ce380d
43cf380d
43d0380b
43d1380b
43d2380b
43d3380b
43d4380b
43d5380b
43d6380a
43d7380a
43d8380a
43d9380a
43da380a
43db380a
43dc3808
43dd3808
43de3808
43df3808
43e03808
43e13808
43e23807
43e33807
43e43807
43e53807
43e63807
43e73807
43e83805
43e93805
43ea3805
43eb3805
43ec3805
43ed3805
43ee3804
43ef3804
43f03804
43f13804
43f23804
43f33804
43f43802
43f53802
43f63802
43f73802
43f83802
43f93802
43fa3801
43fb3801
43fc3801
43fd3801
43fe3801
43ff3801
440037fa
440137fa
440237fa
440337fa
440437fa
440537fa
440637fa
440737fa
440837fa
440937fa
440a37fa
440b37fa
440c37ee
440d37ee
440e37ee
440f37ee
441037ee
441137ee
441237ee
441337ee
441437ee
441537ee
441637ee
441737ee
441837e3
441937e3
441a37e3
441b37e3
441c37e3
441d37e3
441e37e3
441f37e3
442037e3
442137e3
442237e3
442337e3
442437d7
442537d7
442637d7
442737d7
442837d7
442937d7
442a37d7
442b37d7
442c37d7
442d37d7
442e37d7
442f37d7
443037cc
443137cc
443237cc
443337cc
443437cc
443537cc
443637cc
443737cc
443837cc
443937cc
443a37cc
443b37cc
443c37c1
443d37c1
443e37c1
443f37c1
444037c1
444137c1
444237c1
444337c1
444437c1
444537c1
444637c1
444737c1
444837b6
444937b6
444a37b6
444b37b6
444c37b6
444d37b6
444e37b6
444f37b6
445037b6
445137b6
445237b6
445337b6
445437ac
445537ac
445637ac
445737ac
445837ac
445937ac
445a37ac
445b37ac
445c37ac
445d37ac
445e37ac
445f37ac
446037a1
446137a1
446237a1
446337a1
446437a1
446537a1
446637a1
446737a1
446837a1
446937a1
446a37a1
446b37a1
446c3797
446d3797
446e3797
446f3797
44703797
44713797
44723797
44733797
44743797
44753797
44763797
44773797
4478378d
4479378d
447a378d
447b378d
447c378d
447d378d
447e378d
447f378d
4480378d
4481378d
4482378d
4483378d
44843783
44853783
44863783
44873783
44883783
44893783
448a3783
448b3783
448c3783
448d3783
448e3783
448f3783
44903779
44913779
44923779
44933779
44943779
44953779
44963779
44973779
44983779
44993779
449a3779
449b3779
449c376f
449d376f
449e376f
449f376f
44a0376f
44a1376f
44a2376f
44a3376f
44a4376f
44a5376f
44a6376f
44a7376f
44a83765
44a93765
44aa3765
44ab3765
44ac3765
44ad3765
44ae3765
44af3765
44b03765
44b13765
44b23765
44b33765
44b4375c
44b5375c
44b6375c
44b7375c
44b8375c
44b9375c
44ba375c
44bb375c
44bc375c
44bd375c
44be375c
44bf375c
44c03753
44c13753
44c23753
44c33753
44c43753
44c53753
44c63753
44c73753
44c83753
44c93753
44ca3753
44cb3753
44cc374a
44cd374a
44ce374a
44cf374a
44d0374a
44d1374a
44d2374a
44d3374a
44d4374a
44d5374a
44d6374a
44d7374a
44d83741
44d93741
44da3741
44db3741
44dc3741
44dd3741
44de3741
44df3741
44e03741
44e13741
44e23741
44e33741
44e43738
44e53738
44e63738
44e73738
44e83738
44e93738
44ea3738
44eb3738
44ec3738
44ed3738
44ee3738
44ef3738
44f0372f
44f1372f
44f2372f
44f3372f
44f4372f
44f5372f
44f6372f
44f7372f
44f8372f
44f9372f
44fa372f
44fb372f
44fc3726
44fd3726
44fe3726
44ff3726
45003726
45013726
45023726
45033726
45043726
45053726
45063726
45073726
4508371e
4509371e
450a371e
450b371e
450c371e
450d371e
450e371e
450f371e
4510371e
4511371e
4512371e
4513371e
45143715
45153715
45163715
45173715
45183715
45193715
451a3715
451b3715
451c3715
451d3715
451e3715
451f3715
4520370d
4521370d
4522370d
4523370d
4524370d
4525370d
4526370d
4527370d
4528370d
4529370d
452a370d
452b370d
452c3705
452d3705
452e3705
452f3705
45303705
45313705
45323705
45333705
45343705
45353705
45363705
45373705
453836fd
453936fd
453a36fd
453b36fd
453c36fd
453d36fd
453e36fd
453f36fd
454036fd
454136fd
454236fd
454336fd
454436f5
454536f5
454636f5
454736f5
454836f5
454936f5
454a36f5
454b36f5
454c36f5
454d36f5
454e36f5
454f36f5
455036ed
455136ed
455236ed
455336ed
455436ed
455536ed
455636ed
455736ed
455836ed
455936ed
455a36ed
455b36ed
455c36e5
455d36e5
455e36e5
455f36e5
456036e5
456136e5
456236e5
456336e5
456436e5
456536e5
456636e5
456736e5
456836de
456936de
456a36de
456b36de
456c36de
456d36de
456e36de
456f36de
457036de
457136de
457236de
457336de
457436d6
457536d6
457636d6
457736d6
457836d6
457936d6
457a36d6
457b36d6
457c36d6
457d36d6
457e36d6
457f36d6
458036cf
458136cf
458236cf
458336cf
458436cf
458536cf
458636cf
458736cf
458836cf
458936cf
458a36cf
458b36cf
458c36c7
458d36c7
458e36c7
458f36c7
459036c7
459136c7
459236c7
459336c7
459436c7
459536c7
459636c7
459736c7
459836c0
459936c0
459a36c0
459b36c0
459c36c0
459d36c0
459e36c0
459f36c0
45a036c0
45a136c0
45a236c0
45a336c0
45a436b9
45a536b9
45a636b9
45a736b9
45a836b9
45a936b9
45aa36b9
45ab36b9
45ac36b9
45ad36b9
45ae36b9
45af36b9
45b036b2
45b136b2
45b236b2
45b336b2
45b436b2
45b536b2
45b636b2
45b736b2
45b836b2
45b936b2
45ba36b2
45bb36b2
45bc36ab
45bd36ab
45be36ab
45bf36ab
45c036ab
45c136ab
45c236ab
45c336ab
45c436ab
45c536ab
45c636ab
45c736ab
45c836a4
45c936a4
45ca36a4
45cb36a4
45cc36a4
45cd36a4
45ce36a4
45cf36a4
45d036a4
45d136a4
45d236a4
45d336a4
45d4369d
45d5369d
45d6369d
45d7369d
45d8369d
45d9369d
45da369d
45db369d
45dc369d
45dd369d
45de369d
45df369d
45e03697
45e13697
45e23697
45e33697
45e43697
45e53697
45e63697
45e73697
45e83697
45e93697
45ea3697
45eb3697
45ec3690
45ed3690
45ee3690
45ef3690
45f03690
45f13690
45f23690
45f33690
45f43690
45f53690
45f63690
45f73690
45f83689
45f93689
45fa3689
45fb3689
45fc3689
45fd3689
45fe3689
45ff3689
46003689
46013689
46023689
46033689
46043683
46053683
46063683
46073683
46083683
46093683
460a3683
460b3683
460c3683
460d3683
460e3683
460f3683
4610367c
4611367c
4612367c
4613367c
4614367c
4615367c
4616367c
4617367c
4618367c
4619367c
461a367c
461b367c
461c3676
461d3676
461e3676
461f3676
46203676
46213676
46223676
46233676
46243676
46253676
46263676
46273676
46283670
46293670
462a3670
462b3670
462c3670
462d3670
462e3670
462f3670
46303670
46313670
46323670
46333670
46343669
46353669
46363669
46373669
46383669
46393669
463a3669
463b3669
463c3669
463d3669
463e3669
463f3669
46403663
46413663
46423663
46433663
46443663
46453663
46463663
46473663
46483663
46493663
464a3663
464b3663
464c365d
464d365d
464e365d
464f365d
4650365d
4651365d
4652365d
4653365d
4654365d
4655365d
4656365d
4657365d
46583657
46593657
465a3657
465b3657
465c3657
465d3657
465e3657
465f3657
46603657
46613657
46623657
46633657
46643651
46653651
46663651
46673651
46683651
46693651
466a3651
466b3651
466c3651
466d3651
466e3651
466f3651
4670364b
4671364b
4672364b
4673364b
4674364b
4675364b
4676364b
4677364b
4678364b
4679364b
467a364b
467b364b
467c3646
467d3646
467e3646
467f3646
46803646
46813646
46823646
46833646
46843646
46853646
46863646
46873646
46883640
46893640
468a3640
468b3640
468c3640
468d3640
468e3640
468f3640
46903640
46913640
46923640
46933640
4694363a
4695363a
4696363a
4697363a
4698363a
4699363a
469a363a
469b363a
469c363a
469d363a
469e363a
469f363a
46a03635
46a13635
46a23635
46a33635
46a43635
46a53635
46a63635
46a73635
46a83635
46a93635
46aa3635
46ab3635
46ac362f
46ad362f
46ae362f
46af362f
46b0362f
46b1362f
46b2362f
46b3362f
46b4362f
46b5362f
46b6362f
46b7362f
46b83629
46b93629
46ba3629
46bb3629
46bc3629
46bd3629
46be3629
46bf3629
46c03629
46c13629
46c23629
46c33629
46c43624
46c53624
46c63624
46c73624
46c83624
46c93624
46ca3624
46cb3624
46cc3624
46cd3624
46ce3624
46cf3624
46d0361f
46d1361f
46d2361f
46d3361f
46d4361f
46d5361f
46d6361f
46d7361f
46d8361f
46d9361f
46da361f
46db361f
46dc3619
46dd3619
46de3619
46df3619
46e03619
46e13619
46e23619
46e33619
46e43619
46e53619
46e63619
46e73619
46e83614
46e93614
46ea3614
46eb3614
46ec3614
46ed3614
46ee3614
46ef3614
46f03614
46f13614
46f23614
46f33614
46f4360f
46f5360f
46f6360f
46f7360f
46f8360f
46f9360f
46fa360f
46fb360f
46fc360f
46fd360f
46fe360f
46ff360f
4700360a
4701360a
4702360a
4703360a
4704360a
4705360a
4706360a
4707360a
4708360a
4709360a
470a360a
470b360a
470c3604
470d3604
470e3604
470f3604
47103604
47113604
47123604
47133604
47143604
47153604
47163604
47173604
471835ff
471935ff
471a35ff
471b35ff
471c35ff
471d35ff
471e35ff
471f35ff
472035ff
472135ff
472235ff
472335ff
472435fa
472535fa
472635fa
472735fa
472835fa
472935fa
472a35fa
472b35fa
472c35fa
472d35fa
472e35fa
472f35fa
473035f5
473135f5
473235f5
473335f5
473435f5
473535f5
473635f5
473735f5
473835f5
473935f5
473a35f5
473b35f5
473c35f0
473d35f0
473e35f0
473f35f0
474035f0
474135f0
474235f0
474335f0
474435f0
474535f0
474635f0
474735f0
474835ec
474935ec
474a35ec
474b35ec
474c35ec
474d35ec
474e35ec
474f35ec
475035ec
475135ec
475235ec
475335ec
475435e7
475535e7
475635e7
475735e7
475835e7
475935e7
475a35e7
475b35e7
475c35e7
475d35e7
475e35e7
475f35e7
476035e2
476135e2
476235e2
476335e2
476435e2
476535e2
476635e2
476735e2
476835e2
476935e2
476a35e2
476b35e2
476c35dd
476d35dd
476e35dd
476f35dd
477035dd
477135dd
477235dd
477335dd
477435dd
477535dd
477635dd
477735dd
477835d8
477935d8
477a35d8
477b35d8
477c35d8
477d35d8
477e35d8
477f35d8
478035d8
478135d8
478235d8
478335d8
478435d4
478535d4
478635d4
478735d4
478835d4
478935d4
478a35d4
478b35d4
478c35d4
478d35d4
478e35d4
478f35d4
479035cf
479135cf
479235cf
479335cf
479435cf
479535cf
479635cf
479735cf
479835cf
479935cf
479a35cf
479b35cf
479c35cb
479d35cb
479e35cb
479f35cb
47a035cb
47a135cb
47a235cb
47a335cb
47a435cb
47a535cb
47a635cb
47a735cb
47a835c6
47a935c6
47aa35c6
47ab35c6
47ac35c6
47ad35c6
47ae35c6
47af35c6
47b035c6
47b135c6
47b235c6
47b335c6
47b435c2
47b535c2
47b635c2
47b735c2
47b835c2
47b935c2
47ba35c2
47bb35c2
47bc35c2
47bd35c2
47be35c2
47bf35c2
47c035bd
47c135bd
47c235bd
47c335bd
47c435bd
47c535bd
47c635bd
47c735bd
47c835bd
47c935bd
47ca35bd
47cb35bd
47cc35b9
47cd35b9
47ce35b9
47cf35b9
47d035b9
47d135b9
47d235b9
47d335b9
47d435b9
47d535b9
47d635b9
47d735b9
47d835b4
47d935b4
47da35b4
47db35b4
47dc35b4
47dd35b4
47de35b4
47df35b4
47e035b4
47e135b4
47e235b4
47e335b4
47e435b0
47e535b0
47e635b0
47e735b0
47e835b0
47e935b0
47ea35b0
47eb35b0
47ec35b0
47ed35b0
47ee35b0
47ef35b0
47f035ac
47f135ac
47f235ac
47f335ac
47f435ac
47f535ac
47f635ac
47f735ac
47f835ac
47f935ac
47fa35ac
47fb35ac
47fc35a7
47fd35a7
47fe35a7
47ff35a7
480035a7
480135a7
480235a7
480335a7
480435a3
480535a3
480635a3
480735a3
480835a3
480935a3
480a359f
480b359f
480c359f
480d359f
480e359f
480f359f
4810359b
4811359b
4812359b
4813359b
4814359b
4815359b
48163597
48173597
48183597
48193597
481a3597
481b3597
481c3593
481d3593
481e3593
481f3593
48203593
48213593
4822358f
4823358f
4824358f
4825358f
4826358f
4827358f
4828358b
4829358b
482a358b
482b358b
482c358b
482d358b
482e3587
482f3587
48303587
48313587
48323587
48333587
48343583
48353583
48363583
48373583
48383583
48393583
483a357f
483b357f
483c357f
483d357f
483e357f
483f357f
4840357b
4841357b
4842357b
4843357b
4844357b
4845357b
48463577
48473577
48483577
48493577
484a3577
484b3577
484c3573
484d3573
484e3573
484f3573
48503573
48513573
48523570
48533570
48543570
48553570
48563570
48573570
4858356c
4859356c
485a356c
485b356c
485c356c
485d356c
485e3568
485f3568
48603568
48613568
48623568
48633568
48643564
48653564
48663564
48673564
48683564
48693564
486a3561
486b3561
486c3561
486d3561
486e3561
486f3561
4870355d
4871355d
4872355d
4873355d
4874355d
4875355d
4876355a
4877355a
4878355a
4879355a
487a355a
487b355a
487c3556
487d3556
487e3556
487f3556
48803556
48813556
48823552
48833552
48843552
48853552
48863552
48873552
4888354f
4889354f
488a354f
488b354f
488c354f
488d354f
488e354b
488f354b
4890354b
4891354b
4892354b
4893354b
48943548
48953548
48963548
48973548
48983548
48993548
489a3544
489b3544
489c3544
489d3544
489e3544
489f3544
48a03541
48a13541
48a23541
48a33541
48a43541
48a53541
48a6353e
48a7353e
48a8353e
48a9353e
48aa353e
48ab353e
48ac353a
48ad353a
48ae353a
48af353a
48b0353a
48b1353a
48b23537
48b33537
48b43537
48b53537
48b63537
48b73537
48b83534
48b93534
48ba3534
48bb3534
48bc3534
48bd3534
48be3530
48bf3530
48c03530
48c13530
48c23530
48c33530
48c4352d
48c5352d
48c6352d
48c7352d
48c8352d
48c9352d
48ca352a
48cb352a
48cc352a
48cd352a
48ce352a
48cf352a
48d03527
48d13527
48d23527
48d33527
48d43527
48d53527
48d63523
48d73523
48d83523
48d93523
48da3523
48db3523
48dc3520
48dd3520
48de3520
48df3520
48e03520
48e13520
48e2351d
48e3351d
48e4351d
48e5351d
48e6351d
48e7351d
48e8351a
48e9351a
48ea351a
48eb351a
48ec351a
48ed351a
48ee3517
48ef3517
48f03517
48f13517
48f23517
48f33517
48f43514
48f53514
48f63514
48f73514
48f83514
48f93514
48fa3511
48fb3511
48fc3511
48fd3511
48fe3511
48ff3511
4900350e
4901350e
4902350e
4903350e
4904350e
4905350e
4906350b
4907350b
4908350b
4909350b
490a350b
490b350b
490c3508
490d3508
490e3508
490f3508
49103508
49113508
49123505
49133505
49143505
49153505
49163505
49173505
49183502
49193502
491a3502
491b3502
491c3502
491d3502
491e34ff
491f34ff
492034ff
492134ff
492234ff
492334ff
492434fc
492534fc
492634fc
492734fc
492834fc
492934fc
492a34f9
492b34f9
492c34f9
492d34f9
492e34f9
492f34f9
493034f6
493134f6
493234f6
493334f6
493434f6
493534f6
493634f3
493734f3
493834f3
493934f3
493a34f3
493b34f3
493c34f1
493d34f1
493e34f1
493f34f1
494034f1
494134f1
494234ee
494334ee
494434ee
494534ee
494634ee
494734ee
494834eb
494934eb
494a34eb
494b34eb
494c34eb
494d34eb
494e34e8
494f34e8
495034e8
495134e8
495234e8
495334e8
495434e5
495534e5
495634e5
495734e5
495834e5
495934e5
495a34e3
495b34e3
495c34e3
495d34e3
495e34e3
495f34e3
496034e0
496134e0
496234e0
496334e0
496434e0
496534e0
496634dd
496734dd
496834dd
496934dd
496a34dd
496b34dd
496c34db
496d34db
496e34db
496f34db
497034db
497134db
497234d8
497334d8
497434d8
497534d8
497634d8
497734d8
497834d5
497934d5
497a34d5
497b34d5
497c34d5
497d34d5
497e34d3
497f34d3
498034d3
498134d3
498234d3
498334d3
498434d0
498534d0
498634d0
498734d0
498834d0
498934d0
498a34cd
498b34cd
498c34cd
498d34cd
498e34cd
498f34cd
499034cb
499134cb
499234cb
499334cb
499434cb
499534cb
499634c8
499734c8
499834c8
499934c8
499a34c8
499b34c8
499c34c6
499d34c6
499e34c6
499f34c6
49a034c6
49a134c6
49a234c3
49a334c3
49a434c3
49a534c3
49a634c3
49a734c3
49a834c1
49a934c1
49aa34c1
49ab34c1
49ac34c1
49ad34c1
49ae34be
49af34be
49b034be
49b134be
49b234be
49b334be
49b434bc
49b534bc
49b634bc
49b734bc
49b834bc
49b934bc
49ba34b9
49bb34b9
49bc34b9
49bd34b9
49be34b9
49bf34b9
49c034b7
49c134b7
49c234b7
49c334b7
49c434b7
49c534b7
49c634b4
49c734b4
49c834b4
49c934b4
49ca34b4
49cb34b4
49cc34b2
49cd34b2
49ce34b2
49cf34b2
49d034b2
49d134b2
49d234af
49d334af
49d434af
49d534af
49d634af
49d734af
49d834ad
49d934ad
49da34ad
49db34ad
49dc34ad
49dd34ad
49de34ab
49df34ab
49e034ab
49e134ab
49e234ab
49e334ab
49e434a8
49e534a8
49e634a8
49e734a8
49e834a8
49e934a8
49ea34a6
49eb34a6
49ec34a6
49ed34a6
49ee34a6
49ef34a6
49f034a3
49f134a3
49f234a3
49f334a3
49f434a3
49f534a3
49f634a1
49f734a1
49f834a1
49f934a1
49fa34a1
49fb34a1
49fc349f
49fd349f
49fe349f
49ff349f
4a00349f
4a01349f
4a02349c
4a03349c
4a04349c
4a05349c
4a06349c
4a07349c
4a08349a
4a09349a
4a0a349a
4a0b349a
4a0c349a
4a0d349a
4a0e3498
4a0f3498
4a103498
4a113498
4a123498
4a133498
4a143496
4a153496
4a163496
4a173496
4a183496
4a193496
4a1a3493
4a1b3493
4a1c3493
4a1d3493
4a1e3493
4a1f3493
4a203491
4a213491
4a223491
4a233491
4a243491
4a253491
4a26348f
4a27348f
4a28348f
4a29348f
4a2a348f
4a2b348f
4a2c348d
4a2d348d
4a2e348d
4a2f348d
4a30348d
4a31348d
4a32348b
4a33348b
4a34348b
4a35348b
4a36348b
4a37348b
4a383488
4a393488
4a3a3488
4a3b3488
4a3c3488
4a3d3488
4a3e3486
4a3f3486
4a403486
4a413486
4a423486
4a433486
4a443484
4a453484
4a463484
4a473484
4a483484
4a493484
4a4a3482
4a4b3482
4a4c3482
4a4d3482
4a4e3482
4a4f3482
4a503480
4a513480
4a523480
4a533480
4a543480
4a553480
4a56347e
4a57347e
4a58347e
4a59347e
4a5a347e
4a5b347e
4a5c347b
4a5d347b
4a5e347b
4a5f347b
4a60347b
4a61347b
4a623479
4a633479
4a643479
4a653479
4a663479
4a673479
4a683477
4a693477
4a6a3477
4a6b3477
4a6c3477
4a6d3477
4a6e3475
4a6f3475
4a703475
4a713475
4a723475
4a733475
4a743473
4a753473
4a763473
4a773473
4a783473
4a793473
4a7a3471
4a7b3471
4a7c3471
4a7d3471
4a7e3471
4a7f3471
4a80346f
4a81346f
4a82346f
4a83346f
4a84346f
4a85346f
4a86346d
4a87346d
4a88346d
4a89346d
4a8a346d
4a8b346d
4a8c346b
4a8d346b
4a8e346b
4a8f346b
4a90346b
4a91346b
4a923469
4a933469
4a943469
4a953469
4a963469
4a973469
4a983467
4a993467
4a9a3467
4a9b3467
4a9c3467
4a9d3467
4a9e3465
4a9f3465
4aa03465
4aa13465
4aa23465
4aa33465
4aa43463
4aa53463
4aa63463
4aa73463
4aa83463
4aa93463
4aaa3461
4aab3461
4aac3461
4aad3461
4aae3461
4aaf3461
4ab0345f
4ab1345f
4ab2345f
4ab3345f
4ab4345f
4ab5345f
4ab6345d
4ab7345d
4ab8345d
4ab9345d
4aba345d
4abb345d
4abc345b
4abd345b
4abe345b
4abf345b
4ac0345b
4ac1345b
4ac23459
4ac33459
4ac43459
4ac53459
4ac63459
4ac73459
4ac83457
4ac93457
4aca3457
4acb3457
4acc3457
4acd3457
4ace3455
4acf3455
4ad03455
4ad13455
4ad23455
4ad33455
4ad43453
4ad53453
4ad63453
4ad73453
4ad83453
4ad93453
4ada3452
4adb3452
4adc3452
4add3452
4ade3452
4adf3452
4ae03450
4ae13450
4ae23450
4ae33450
4ae43450
4ae53450
4ae6344e
4ae7344e
4ae8344e
4ae9344e
4aea344e
4aeb344e
4aec344c
4aed344c
4aee344c
4aef344c
4af0344c
4af1344c
4af2344a
4af3344a
4af4344a
4af5344a
4af6344a
4af7344a
4af83448
4af93448
4afa3448
4afb3448
4afc3448
4afd3448
4afe3446
4aff3446
4b003446
4b013446
4b023446
4b033446
4b043445
4b053445
4b063445
4b073445
4b083445
4b093445
4b0a3443
4b0b3443
4b0c3443
4b0d3443
4b0e3443
4b0f3443
4b103441
4b113441
4b123441
4b133441
4b143441
4b153441
4b16343f
4b17343f
4b18343f
4b19343f
4b1a343f
4b1b343f
4b1c343d
4b1d343d
4b1e343d
4b1f343d
4b20343d
4b21343d
4b22343c
4b23343c
4b24343c
4b25343c
4b26343c
4b27343c
4b28343a
4b29343a
4b2a343a
4b2b343a
4b2c343a
4b2d343a
4b2e3438
4b2f3438
4b303438
4b313438
4b323438
4b333438
4b343436
4b353436
4b363436
4b373436
4b383436
4b393436
4b3a3435
4b3b3435
4b3c3435
4b3d3435
4b3e3435
4b3f3435
4b403433
4b413433
4b423433
4b433433
4b443433
4b453433
4b463431
4b473431
4b483431
4b493431
4b4a3431
4b4b3431
4b4c342f
4b4d342f
4b4e342f
4b4f342f
4b50342f
4b51342f
4b52342e
4b53342e
4b54342e
4b55342e
4b56342e
4b57342e
4b58342c
4b59342c
4b5a342c
4b5b342c
4b5c342c
4b5d342c
4b5e342a
4b5f342a
4b60342a
4b61342a
4b62342a
4b63342a
4b643429
4b653429
4b663429
4b673429
4b683429
4b693429
4b6a3427
4b6b3427
4b6c3427
4b6d3427
4b6e3427
4b6f3427
4b703425
4b713425
4b723425
4b733425
4b743425
4b753425
4b763424
4b773424
4b783424
4b793424
4b7a3424
4b7b3424
4b7c3422
4b7d3422
4b7e3422
4b7f3422
4b803422
4b813422
4b823420
4b833420
4b843420
4b853420
4b863420
4b873420
4b88341f
4b89341f
4b8a341f
4b8b341f
4b8c341f
4b8d341f
4b8e341d
4b8f341d
4b90341d
4b91341d
4b92341d
4b93341d
4b94341b
4b95341b
4b96341b
4b97341b
4b98341b
4b99341b
4b9a341a
4b9b341a
4b9c341a
4b9d341a
4b9e341a
4b9f341a
4ba03418
4ba13418
4ba23418
4ba33418
4ba43418
4ba53418
4ba63416
4ba73416
4ba83416
4ba93416
4baa3416
4bab3416
4bac3415
4bad3415
4bae3415
4baf3415
4bb03415
4bb13415
4bb23413
4bb33413
4bb43413
4bb53413
4bb63413
4bb73413
4bb83412
4bb93412
4bba3412
4bbb3412
4bbc3412
4bbd3412
4bbe3410
4bbf3410
4bc03410
4bc13410
4bc23410
4bc33410
4bc4340f
4bc5340f
4bc6340f
4bc7340f
4bc8340f
4bc9340f
4bca340d
4bcb340d
4bcc340d
4bcd340d
4bce340d
4bcf340d
4bd0340b
4bd1340b
4bd2340b
4bd3340b
4bd4340b
4bd5340b
4bd6340a
4bd7340a
4bd8340a
4bd9340a
4bda340a
4bdb340a
4bdc3408
4bdd3408
4bde3408
4bdf3408
4be03408
4be13408
4be23407
4be33407
4be43407
4be53407
4be63407
4be73407
4be83405
4be93405
4bea3405
4beb3405
4bec3405
4bed3405
4bee3404
4bef3404
4bf03404
4bf13404
4bf23404
4bf33404
4bf43402
4bf53402
4bf63402
4bf73402
4bf83402
4bf93402
4bfa3401
4bfb3401
4bfc3401
4bfd3401
4bfe3401
4bff3401
4c0033fa
4c0133fa
4c0233fa
4c0333fa
4c0433fa
4c0533fa
4c0633fa
4c0733fa
4c0833fa
4c0933fa
4c0a33fa
4c0b33fa
4c0c33ee
4c0d33ee
4c0e33ee
4c0f33ee
4c1033ee
4c1133ee
4c1233ee
4c1333ee
4c1433ee
4c1533ee
4c1633ee
4c1733ee
4c1833e3
4c1933e3
4c1a33e3
4c1b33e3
4c1c33e3
4c1d33e3
4c1e33e3
4c1f33e3
4c2033e3
4c2133e3
4c2233e3
4c2333e3
4c2433d7
4c2533d7
4c2633d7
4c2733d7
4c2833d7
4c2933d7
4c2a33d7
4c2b33d7
4c2c33d7
4c2d33d7
4c2e33d7
4c2f33d7
4c3033cc
4c3133cc
4c3233cc
4c3333cc
4c3433cc
4c3533cc
4c3633cc
4c3733cc
4c3833cc
4c3933cc
4c3a33cc
4c3b33cc
4c3c33c1
4c3d33c1
4c3e33c1
4c3f33c1
4c4033c1
4c4133c1
4c4233c1
4c4333c1
4c4433c1
4c4533c1
4c4633c1
4c4733c1
4c4833b6
4c4933b6
4c4a33b6
4c4b33b6
4c4c33b6
4c4d33b6
4c4e33b6
4c4f33b6
4c5033b6
4c5133b6
4c5233b6
4c5333b6
4c5433ac
4c5533ac
4c5633ac
4c5733ac
4c5833ac
4c5933ac
4c5a33ac
4c5b33ac
4c5c33ac
4c5d33ac
4c5e33ac
4c5f33ac
4c6033a1
4c6133a1
4c6233a1
4c6333a1
4c6433a1
4c6533a1
4c6633a1
4c6733a1
4c6833a1
4c6933a1
4c6a33a1
4c6b33a1
4c6c3397
4c6d3397
4c6e3397
4c6f3397
4c703397
4c713397
4c723397
4c733397
4c743397
4c753397
4c763397
4c773397
4c78338d
4c79338d
4c7a338d
4c7b338d
4c7c338d
4c7d338d
4c7e338d
4c7f338d
4c80338d
4c81338d
4c82338d
4c83338d
4c843383
4c853383
4c863383
4c873383
4c883383
4c893383
4c8a3383
4c8b3383
4c8c3383
4c8d3383
4c8e3383
4c8f3383
4c903379
4c913379
4c923379
4c933379
4c943379
4c953379
4c963379
4c973379
4c983379
4c993379
4c9a3379
4c9b3379
4c9c336f
4c9d336f
4c9e336f
4c9f336f
4ca0336f
4ca1336f
4ca2336f
4ca3336f
4ca4336f
4ca5336f
4ca6336f
4ca7336f
4ca83365
4ca93365
4caa3365
4cab3365
4cac3365
4cad3365
4cae3365
4caf3365
4cb03365
4cb13365
4cb23365
4cb33365
4cb4335c
4cb5335c
4cb6335c
4cb7335c
4cb8335c
4cb9335c
4cba335c
4cbb335c
4cbc335c
4cbd335c
4cbe335c
4cbf335c
4cc03353
4cc13353
4cc23353
4cc33353
4cc43353
4cc53353
4cc63353
4cc73353
4cc83353
4cc93353
4cca3353
4ccb3353
4ccc334a
4ccd334a
4cce334a
4ccf334a
4cd0334a
4cd1334a
4cd2334a
4cd3334a
4cd4334a
4cd5334a
4cd6334a
4cd7334a
4cd83341
4cd93341
4cda3341
4cdb3341
4cdc3341
4cdd3341
4cde3341
4cdf3341
4ce03341
4ce13341
4ce23341
4ce33341
4ce43338
4ce53338
4ce63338
4ce73338
4ce83338
4ce93338
4cea3338
4ceb3338
4cec3338
4ced3338
4cee3338
4cef3338
4cf0332f
4cf1332f
4cf2332f
4cf3332f
4cf4332f
4cf5332f
4cf6332f
4cf7332f
4cf8332f
4cf9332f
4cfa332f
4cfb332f
4cfc3326
4cfd3326
4cfe3326
4cff3326
4d003326
4d013326
4d023326
4d033326
4d043326
4d053326
4d063326
4d073326
4d08331e
4d09331e
4d0a331e
4d0b331e
4d0c331e
4d0d331e
4d0e331e
4d0f331e
4d10331e
4d11331e
4d12331e
4d13331e
4d143315
4d153315
4d163315
4d173315
4d183315
4d193315
4d1a3315
4d1b3315
4d1c3315
4d1d3315
4d1e3315
4d1f3315
4d20330d
4d21330d
4d22330d
4d23330d
4d24330d
4d25330d
4d26330d
4d27330d
4d28330d
4d29330d
4d2a330d
4d2b330d
4d2c3305
4d2d3305
4d2e3305
4d2f3305
4d303305
4d313305
4d323305
4d333305
4d343305
4d353305
4d363305
4d373305
4d3832fd
4d3932fd
4d3a32fd
4d3b32fd
4d3c32fd
4d3d32fd
4d3e32fd
4d3f32fd
4d4032fd
4d4132fd
4d4232fd
4d4332fd
4d4432f5
4d4532f5
4d4632f5
4d4732f5
4d4832f5
4d4932f5
4d4a32f5
4d4b32f5
4d4c32f5
4d4d32f5
4d4e32f5
4d4f32f5
4d5032ed
4d5132ed
4d5232ed
4d5332ed
4d5432ed
4d5532ed
4d5632ed
4d5732ed
4d5832ed
4d5932ed
4d5a32ed
4d5b32ed
4d5c32e5
4d5d32e5
4d5e32e5
4d5f32e5
4d6032e5
4d6132e5
4d6232e5
4d6332e5
4d6432e5
4d6532e5
4d6632e5
4d6732e5
4d6832de
4d6932de
4d6a32de
4d6b32de
4d6c32de
4d6d32de
4d6e32de
4d6f32de
4d7032de
4d7132de
4d7232de
4d7332de
4d7432d6
4d7532d6
4d7632d6
4d7732d6
4d7832d6
4d7932d6
4d7a32d6
4d7b32d6
4d7c32d6
4d7d32d6
4d7e32d6
4d7f32d6
4d8032cf
4d8132cf
4d8232cf
4d8332cf
4d8432cf
4d8532cf
4d8632cf
4d8732cf
4d8832cf
4d8932cf
4d8a32cf
4d8b32cf
4d8c32c7
4d8d32c7
4d8e32c7
4d8f32c7
4d9032c7
4d9132c7
4d9232c7
4d9332c7
4d9432c7
4d9532c7
4d9632c7
4d9732c7
4d9832c0
4d9932c0
4d9a32c0
4d9b32c0
4d9c32c0
4d9d32c0
4d9e32c0
4d9f32c0
4da032c0
4da132c0
4da232c0
4da332c0
4da432b9
4da532b9
4da632b9
4da732b9
4da832b9
4da932b9
4daa32b9
4dab32b9
4dac32b9
4dad32b9
4dae32b9
4daf32b9
4db032b2
4db132b2
4db232b2
4db332b2
4db432b2
4db532b2
4db632b2
4db732b2
4db832b2
4db932b2
4dba32b2
4dbb32b2
4dbc32ab
4dbd32ab
4dbe32ab
4dbf32ab
4dc032ab
4dc132ab
4dc232ab
4dc332ab
4dc432ab
4dc532ab
4dc632ab
4dc732ab
4dc832a4
4dc932a4
4dca32a4
4dcb32a4
4dcc32a4
4dcd32a4
4dce32a4
4dcf32a4
4dd032a4
4dd132a4
4dd232a4
4dd332a4
4dd4329d
4dd5329d
4dd6329d
4dd7329d
4dd8329d
4dd9329d
4dda329d
4ddb329d
4ddc329d
4ddd329d
4dde329d
4ddf329d
4de03297
4de13297
4de23297
4de33297
4de43297
4de53297
4de63297
4de73297
4de83297
4de93297
4dea3297
4deb3297
4dec3290
4ded3290
4dee3290
4def3290
4df03290
4df13290
4df23290
4df33290
4df43290
4df53290
4df63290
4df73290
4df83289
4df93289
4dfa3289
4dfb3289
4dfc3289
4dfd3289
4dfe3289
4dff3289
4e003289
4e013289
4e023289
4e033289
4e043283
4e053283
4e063283
4e073283
4e083283
4e093283
4e0a3283
4e0b3283
4e0c3283
4e0d3283
4e0e3283
4e0f3283
4e10327c
4e11327c
4e12327c
4e13327c
4e14327c
4e15327c
4e16327c
4e17327c
4e18327c
4e19327c
4e1a327c
4e1b327c
4e1c3276
4e1d3276
4e1e3276
4e1f3276
4e203276
4e213276
4e223276
4e233276
4e243276
4e253276
4e263276
4e273276
4e283270
4e293270
4e2a3270
4e2b3270
4e2c3270
4e2d3270
4e2e3270
4e2f3270
4e303270
4e313270
4e323270
4e333270
4e343269
4e353269
4e363269
4e373269
4e383269
4e393269
4e3a3269
4e3b3269
4e3c3269
4e3d3269
4e3e3269
4e3f3269
4e403263
4e413263
4e423263
4e433263
4e443263
4e453263
4e463263
4e473263
4e483263
4e493263
4e4a3263
4e4b3263
4e4c325d
4e4d325d
4e4e325d
4e4f325d
4e50325d
4e51325d
4e52325d
4e53325d
4e54325d
4e55325d
4e56325d
4e57325d
4e583257
4e593257
4e5a3257
4e5b3257
4e5c3257
4e5d3257
4e5e3257
4e5f3257
4e603257
4e613257
4e623257
4e633257
4e643251
4e653251
4e663251
4e673251
4e683251
4e693251
4e6a3251
4e6b3251
4e6c3251
4e6d3251
4e6e3251
4e6f3251
4e70324b
4e71324b
4e72324b
4e73324b
4e74324b
4e75324b
4e76324b
4e77324b
4e78324b
4e79324b
4e7a324b
4e7b324b
4e7c3246
4e7d3246
4e7e3246
4e7f3246
4e803246
4e813246
4e823246
4e833246
4e843246
4e853246
4e863246
4e873246
4e883240
4e893240
4e8a3240
4e8b3240
4e8c3240
4e8d3240
4e8e3240
4e8f3240
4e903240
4e913240
4e923240
4e933240
4e94323a
4e95323a
4e96323a
4e97323a
4e98323a
4e99323a
4e9a323a
4e9b323a
4e9c323a
4e9d323a
4e9e323a
4e9f323a
4ea03235
4ea13235
4ea23235
4ea33235
4ea43235
4ea53235
4ea63235
4ea73235
4ea83235
4ea93235
4eaa3235
4eab3235
4eac322f
4ead322f
4eae322f
4eaf322f
4eb0322f
4eb1322f
4eb2322f
4eb3322f
4eb4322f
4eb5322f
4eb6322f
4eb7322f
4eb83229
4eb93229
4eba3229
4ebb3229
4ebc3229
4ebd3229
4ebe3229
4ebf3229
4ec03229
4ec13229
4ec23229
4ec33229
4ec43224
4ec53224
4ec63224
4ec73224
4ec83224
4ec93224
4eca3224
4ecb3224
4ecc3224
4ecd3224
4ece3224
4ecf3224
4ed0321f
4ed1321f
4ed2321f
4ed3321f
4ed4321f
4ed5321f
4ed6321f
4ed7321f
4ed8321f
4ed9321f
4eda321f
4edb321f
4edc3219
4edd3219
4ede3219
4edf3219
4ee03219
4ee13219
4ee23219
4ee33219
4ee43219
4ee53219
4ee63219
4ee73219
4ee83214
4ee93214
4eea3214
4eeb3214
4eec3214
4eed3214
4eee3214
4eef3214
4ef03214
4ef13214
4ef23214
4ef33214
4ef4320f
4ef5320f
4ef6320f
4ef7320f
4ef8320f
4ef9320f
4efa320f
4efb320f
4efc320f
4efd320f
4efe320f
4eff320f
4f00320a
4f01320a
4f02320a
4f03320a
4f04320a
4f05320a
4f06320a
4f07320a
4f08320a
4f09320a
4f0a320a
4f0b320a
4f0c3204
4f0d3204
4f0e3204
4f0f3204
4f103204
4f113204
4f123204
4f133204
4f143204
4f153204
4f163204
4f173204
4f1831ff
4f1931ff
4f1a31ff
4f1b31ff
4f1c31ff
4f1d31ff
4f1e31ff
4f1f31ff
4f2031ff
4f2131ff
4f2231ff
4f2331ff
4f2431fa
4f2531fa
4f2631fa
4f2731fa
4f2831fa
4f2931fa
4f2a31fa
4f2b31fa
4f2c31fa
4f2d31fa
4f2e31fa
4f2f31fa
4f3031f5
4f3131f5
4f3231f5
4f3331f5
4f3431f5
4f3531f5
4f3631f5
4f3731f5
4f3831f5
4f3931f5
4f3a31f5
4f3b31f5
4f3c31f0
4f3d31f0
4f3e31f0
4f3f31f0
4f4031f0
4f4131f0
4f4231f0
4f4331f0
4f4431f0
4f4531f0
4f4631f0
4f4731f0
4f4831ec
4f4931ec
4f4a31ec
4f4b31ec
4f4c31ec
4f4d31ec
4f4e31ec
4f4f31ec
4f5031ec
4f5131ec
4f5231ec
4f5331ec
4f5431e7
4f5531e7
4f5631e7
4f5731e7
4f5831e7
4f5931e7
4f5a31e7
4f5b31e7
4f5c31e7
4f5d31e7
4f5e31e7
4f5f31e7
4f6031e2
4f6131e2
4f6231e2
4f6331e2
4f6431e2
4f6531e2
4f6631e2
4f6731e2
4f6831e2
4f6931e2
4f6a31e2
4f6b31e2
4f6c31dd
4f6d31dd
4f6e31dd
4f6f31dd
4f7031dd
4f7131dd
4f7231dd
4f7331dd
4f7431dd
4f7531dd
4f7631dd
4f7731dd
4f7831d8
4f7931d8
4f7a31d8
4f7b31d8
4f7c31d8
4f7d31d8
4f7e31d8
4f7f31d8
4f8031d8
4f8131d8
4f8231d8
4f8331d8
4f8431d4
4f8531d4
4f8631d4
4f8731d4
4f8831d4
4f8931d4
4f8a31d4
4f8b31d4
4f8c31d4
4f8d31d4
4f8e31d4
4f8f31d4
4f9031cf
4f9131cf
4f9231cf
4f9331cf
4f9431cf
4f9531cf
4f9631cf
4f9731cf
4f9831cf
4f9931cf
4f9a31cf
4f9b31cf
4f9c31cb
4f9d31cb
4f9e31cb
4f9f31cb
4fa031cb
4fa131cb
4fa231cb
4fa331cb
4fa431cb
4fa531cb
4fa631cb
4fa731cb
4fa831c6
4fa931c6
4faa31c6
4fab31c6
4fac31c6
4fad31c6
4fae31c6
4faf31c6
4fb031c6
4fb131c6
4fb231c6
4fb331c6
4fb431c2
4fb531c2
4fb631c2
4fb731c2
4fb831c2
4fb931c2
4fba31c2
4fbb31c2
4fbc31c2
4fbd31c2
4fbe31c2
4fbf31c2
4fc031bd
4fc131bd
4fc231bd
4fc331bd
4fc431bd
4fc531bd
4fc631bd
4fc731bd
4fc831bd
4fc931bd
4fca31bd
4fcb31bd
4fcc31b9
4fcd31b9
4fce31b9
4fcf31b9
4fd031b9
4fd131b9
4fd231b9
4fd331b9
4fd431b9
4fd531b9
4fd631b9
4fd731b9
4fd831b4
4fd931b4
4fda31b4
4fdb31b4
4fdc31b4
4fdd31b4
4fde31b4
4fdf31b4
4fe031b4
4fe131b4
4fe231b4
4fe331b4
4fe431b0
4fe531b0
4fe631b0
4fe731b0
4fe831b0
4fe931b0
4fea31b0
4feb31b0
4fec31b0
4fed31b0
4fee31b0
4fef31b0
4ff031ac
4ff131ac
4ff231ac
4ff331ac
4ff431ac
4ff531ac
4ff631ac
4ff731ac
4ff831ac
4ff931ac
4ffa31ac
4ffb31ac
4ffc31a7
4ffd31a7
4ffe31a7
4fff31a7
500031a7
500131a7
500231a7
500331a7
500431a3
500531a3
500631a3
500731a3
500831a3
500931a3
500a319f
500b319f
500c319f
500d319f
500e319f
500f319f
5010319b
5011319b
5012319b
5013319b
5014319b
5015319b
50163197
50173197
50183197
50193197
501a3197
501b3197
501c3193
501d3193
501e3193
501f3193
50203193
50213193
5022318f
5023318f
5024318f
5025318f
5026318f
5027318f
5028318b
5029318b
502a318b
502b318b
502c318b
502d318b
502e3187
502f3187
50303187
50313187
50323187
50333187
50343183
50353183
50363183
50373183
50383183
50393183
503a317f
503b317f
503c317f
503d317f
503e317f
503f317f
5040317b
5041317b
5042317b
5043317b
5044317b
5045317b
50463177
50473177
50483177
50493177
504a3177
504b3177
504c3173
504d3173
504e3173
504f3173
50503173
50513173
50523170
50533170
50543170
50553170
50563170
50573170
5058316c
5059316c
505a316c
505b316c
505c316c
505d316c
505e3168
505f3168
50603168
50613168
50623168
50633168
50643164
50653164
50663164
50673164
50683164
50693164
506a3161
506b3161
506c3161
506d3161
506e3161
506f3161
5070315d
5071315d
5072315d
5073315d
5074315d
5075315d
5076315a
5077315a
5078315a
5079315a
507a315a
507b315a
507c3156
507d3156
507e3156
507f3156
50803156
50813156
50823152
50833152
50843152
50853152
50863152
50873152
5088314f
5089314f
508a314f
508b314f
508c314f
508d314f
508e314b
508f314b
5090314b
5091314b
5092314b
5093314b
50943148
50953148
50963148
50973148
50983148
50993148
509a3144
509b3144
509c3144
509d3144
509e3144
509f3144
50a03141
50a13141
50a23141
50a33141
50a43141
50a53141
50a6313e
50a7313e
50a8313e
50a9313e
50aa313e
50ab313e
50ac313a
50ad313a
50ae313a
50af313a
50b0313a
50b1313a
50b23137
50b33137
50b43137
50b53137
50b63137
50b73137
50b83134
50b93134
50ba3134
50bb3134
50bc3134
50bd3134
50be3130
50bf3130
50c03130
50c13130
50c23130
50c33130
50c4312d
50c5312d
50c6312d
50c7312d
50c8312d
50c9312d
50ca312a
50cb312a
50cc312a
50cd312a
50ce312a
50cf312a
50d03127
50d13127
50d23127
50d33127
50d43127
50d53127
50d63123
50d73123
50d83123
50d93123
50da3123
50db3123
50dc3120
50dd3120
50de3120
50df3120
50e03120
50e13120
50e2311d
50e3311d
50e4311d
50e5311d
50e6311d
50e7311d
50e8311a
50e9311a
50ea311a
50eb311a
50ec311a
50ed311a
50ee3117
50ef3117
50f03117
50f13117
50f23117
50f33117
50f43114
50f53114
50f63114
50f73114
50f83114
50f93114
50fa3111
50fb3111
50fc3111
50fd3111
50fe3111
50ff3111
5100310e
5101310e
5102310e
5103310e
5104310e
5105310e
5106310b
5107310b
5108310b
5109310b
510a310b
510b310b
510c3108
510d3108
510e3108
510f3108
51103108
51113108
51123105
51133105
51143105
51153105
51163105
51173105
51183102
51193102
511a3102
511b3102
511c3102
511d3102
511e30ff
511f30ff
512030ff
512130ff
512230ff
512330ff
512430fc
512530fc
512630fc
512730fc
512830fc
512930fc
512a30f9
512b30f9
512c30f9
512d30f9
512e30f9
512f30f9
513030f6
513130f6
513230f6
513330f6
513430f6
513530f6
513630f3
513730f3
513830f3
513930f3
513a30f3
513b30f3
513c30f1
513d30f1
513e30f1
513f30f1
514030f1
514130f1
514230ee
514330ee
514430ee
514530ee
514630ee
514730ee
514830eb
514930eb
514a30eb
514b30eb
514c30eb
514d30eb
514e30e8
514f30e8
515030e8
515130e8
515230e8
515330e8
515430e5
515530e5
515630e5
515730e5
515830e5
515930e5
515a30e3
515b30e3
515c30e3
515d30e3
515e30e3
515f30e3
516030e0
516130e0
516230e0
516330e0
516430e0
516530e0
516630dd
516730dd
516830dd
516930dd
516a30dd
516b30dd
516c30db
516d30db
516e30db
516f30db
517030db
517130db
517230d8
517330d8
517430d8
517530d8
517630d8
517730d8
517830d5
517930d5
517a30d5
517b30d5
517c30d5
517d30d5
517e30d3
517f30d3
518030d3
518130d3
518230d3
518330d3
518430d0
518530d0
518630d0
518730d0
518830d0
518930d0
518a30cd
518b30cd
518c30cd
518d30cd
518e30cd
518f30cd
519030cb
519130cb
519230cb
519330cb
519430cb
519530cb
519630c8
519730c8
519830c8
519930c8
519a30c8
519b30c8
519c30c6
519d30c6
519e30c6
519f30c6
51a030c6
51a130c6
51a230c3
51a330c3
51a430c3
51a530c3
51a630c3
51a730c3
51a830c1
51a930c1
51aa30c1
51ab30c1
51ac30c1
51ad30c1
51ae30be
51af30be
51b030be
51b130be
51b230be
51b330be
51b430bc
51b530bc
51b630bc
51b730bc
51b830bc
51b930bc
51ba30b9
51bb30b9
51bc30b9
51bd30b9
51be30b9
51bf30b9
51c030b7
51c130b7
51c230b7
51c330b7
51c430b7
51c530b7
51c630b4
51c730b4
51c830b4
51c930b4
51ca30b4
51cb30b4
51cc30b2
51cd30b2
51ce30b2
51cf30b2
51d030b2
51d130b2
51d230af
51d330af
51d430af
51d530af
51d630af
51d730af
51d830ad
51d930ad
51da30ad
51db30ad
51dc30ad
51dd30ad
51de30ab
51df30ab
51e030ab
51e130ab
51e230ab
51e330ab
51e430a8
51e530a8
51e630a8
51e730a8
51e830a8
51e930a8
51ea30a6
51eb30a6
51ec30a6
51ed30a6
51ee30a6
51ef30a6
51f030a3
51f130a3
51f230a3
51f330a3
51f430a3
51f530a3
51f630a1
51f730a1
51f830a1
51f930a1
51fa30a1
51fb30a1
51fc309f
51fd309f
51fe309f
51ff309f
5200309f
5201309f
5202309c
5203309c
5204309c
5205309c
5206309c
5207309c
5208309a
5209309a
520a309a
520b309a
520c309a
520d309a
520e3098
520f3098
52103098
52113098
52123098
52133098
52143096
52153096
52163096
52173096
52183096
52193096
521a3093
521b3093
521c3093
521d3093
521e3093
521f3093
52203091
52213091
52223091
52233091
52243091
52253091
5226308f
5227308f
5228308f
5229308f
522a308f
522b308f
522c308d
522d308d
522e308d
522f308d
5230308d
5231308d
5232308b
5233308b
5234308b
5235308b
5236308b
5237308b
52383088
52393088
523a3088
523b3088
523c3088
523d3088
523e3086
523f3086
52403086
52413086
52423086
52433086
52443084
52453084
52463084
52473084
52483084
52493084
524a3082
524b3082
524c3082
524d3082
524e3082
524f3082
52503080
52513080
52523080
52533080
52543080
52553080
5256307e
5257307e
5258307e
5259307e
525a307e
525b307e
525c307b
525d307b
525e307b
525f307b
5260307b
5261307b
52623079
52633079
52643079
52653079
52663079
52673079
52683077
52693077
526a3077
526b3077
526c3077
526d3077
526e3075
526f3075
52703075
52713075
52723075
52733075
52743073
52753073
52763073
52773073
52783073
52793073
527a3071
527b3071
527c3071
527d3071
527e3071
527f3071
5280306f
5281306f
5282306f
5283306f
5284306f
5285306f
5286306d
5287306d
5288306d
5289306d
528a306d
528b306d
528c306b
528d306b
528e306b
528f306b
5290306b
5291306b
52923069
52933069
52943069
52953069
52963069
52973069
52983067
52993067
529a3067
529b3067
529c3067
529d3067
529e3065
529f3065
52a03065
52a13065
52a23065
52a33065
52a43063
52a53063
52a63063
52a73063
52a83063
52a93063
52aa3061
52ab3061
52ac3061
52ad3061
52ae3061
52af3061
52b0305f
52b1305f
52b2305f
52b3305f
52b4305f
52b5305f
52b6305d
52b7305d
52b8305d
52b9305d
52ba305d
52bb305d
52bc305b
52bd305b
52be305b
52bf305b
52c0305b
52c1305b
52c23059
52c33059
52c43059
52c53059
52c63059
52c73059
52c83057
52c93057
52ca3057
52cb3057
52cc3057
52cd3057
52ce3055
52cf3055
52d03055
52d13055
52d23055
52d33055
52d43053
52d53053
52d63053
52d73053
52d83053
52d93053
52da3052
52db3052
52dc3052
52dd3052
52de3052
52df3052
52e03050
52e13050
52e23050
52e33050
52e43050
52e53050
52e6304e
52e7304e
52e8304e
52e9304e
52ea304e
52eb304e
52ec304c
52ed304c
52ee304c
52ef304c
52f0304c
52f1304c
52f2304a
52f3304a
52f4304a
52f5304a
52f6304a
52f7304a
52f83048
52f93048
52fa3048
52fb3048
52fc3048
52fd3048
52fe3046
52ff3046
53003046
53013046
53023046
53033046
53043045
53053045
53063045
53073045
53083045
53093045
530a3043
530b3043
530c3043
530d3043
530e3043
530f3043
53103041
53113041
53123041
53133041
53143041
53153041
5316303f
5317303f
5318303f
5319303f
531a303f
531b303f
531c303d
531d303d
531e303d
531f303d
5320303d
5321303d
5322303c
5323303c
5324303c
5325303c
5326303c
5327303c
5328303a
5329303a
532a303a
532b303a
532c303a
532d303a
532e3038
532f3038
53303038
53313038
53323038
53333038
53343036
53353036
53363036
53373036
53383036
53393036
533a3035
533b3035
533c3035
533d3035
533e3035
533f3035
53403033
53413033
53423033
53433033
53443033
53453033
53463031
53473031
53483031
53493031
534a3031
534b3031
534c302f
534d302f
534e302f
534f302f
5350302f
5351302f
5352302e
5353302e
5354302e
5355302e
5356302e
5357302e
5358302c
5359302c
535a302c
535b302c
535c302c
535d302c
535e302a
535f302a
5360302a
5361302a
5362302a
5363302a
53643029
53653029
53663029
53673029
53683029
53693029
536a3027
536b3027
536c3027
536d3027
536e3027
536f3027
53703025
53713025
53723025
53733025
53743025
53753025
53763024
53773024
53783024
53793024
537a3024
537b3024
537c3022
537d3022
537e3022
537f3022
53803022
53813022
53823020
53833020
53843020
53853020
53863020
53873020
5388301f
5389301f
538a301f
538b301f
538c301f
538d301f
538e301d
538f301d
5390301d
5391301d
5392301d
5393301d
5394301b
5395301b
5396301b
5397301b
5398301b
5399301b
539a301a
539b301a
539c301a
539d301a
539e301a
539f301a
53a03018
53a13018
53a23018
53a33018
53a43018
53a53018
53a63016
53a73016
53a83016
53a93016
53aa3016
53ab3016
53ac3015
53ad3015
53ae3015
53af3015
53b03015
53b13015
53b23013
53b33013
53b43013
53b53013
53b63013
53b73013
53b83012
53b93012
53ba3012
53bb3012
53bc3012
53bd3012
53be3010
53bf3010
53c03010
53c13010
53c23010
53c33010
53c4300f
53c5300f
53c6300f
53c7300f
53c8300f
53c9300f
53ca300d
53cb300d
53cc300d
53cd300d
53ce300d
53cf300d
53d0300b
53d1300b
53d2300b
53d3300b
53d4300b
53d5300b
53d6300a
53d7300a
53d8300a
53d9300a
53da300a
53db300a
53dc3008
53dd3008
53de3008
53df3008
53e03008
53e13008
53e23007
53e33007
53e43007
53e53007
53e63007
53e73007
53e83005
53e93005
53ea3005
53eb3005
53ec3005
53ed3005
53ee3004
53ef3004
53f03004
53f13004
53f23004
53f33004
53f43002
53f53002
53f63002
53f73002
53f83002
53f93002
53fa3001
53fb3001
53fc3001
53fd3001
53fe3001
53ff3001
54002ffa
54012ffa
54022ffa
54032ffa
54042ffa
54052ffa
54062ffa
54072ffa
54082ffa
54092ffa
540a2ffa
540b2ffa
540c2fee
540d2fee
540e2fee
540f2fee
54102fee
54112fee
54122fee
54132fee
54142fee
54152fee
54162fee
54172fee
54182fe3
54192fe3
541a2fe3
541b2fe3
541c2fe3
541d2fe3
541e2fe3
541f2fe3
54202fe3
54212fe3
54222fe3
54232fe3
54242fd7
54252fd7
54262fd7
54272fd7
54282fd7
54292fd7
542a2fd7
542b2fd7
542c2fd7
542d2fd7
542e2fd7
542f2fd7
54302fcc
54312fcc
54322fcc
54332fcc
54342fcc
54352fcc
54362fcc
54372fcc
54382fcc
54392fcc
543a2fcc
543b2fcc
543c2fc1
543d2fc1
543e2fc1
543f2fc1
54402fc1
54412fc1
54422fc1
54432fc1
54442fc1
54452fc1
54462fc1
54472fc1
54482fb6
54492fb6
544a2fb6
544b2fb6
544c2fb6
544d2fb6
544e2fb6
544f2fb6
54502fb6
54512fb6
54522fb6
54532fb6
54542fac
54552fac
54562fac
54572fac
54582fac
54592fac
545a2fac
545b2fac
545c2fac
545d2fac
545e2fac
545f2fac
54602fa1
54612fa1
54622fa1
54632fa1
54642fa1
54652fa1
54662fa1
54672fa1
54682fa1
54692fa1
546a2fa1
546b2fa1
546c2f97
546d2f97
546e2f97
546f2f97
54702f97
54712f97
54722f97
54732f97
54742f97
54752f97
54762f97
54772f97
54782f8d
54792f8d
547a2f8d
547b2f8d
547c2f8d
547d2f8d
547e2f8d
547f2f8d
54802f8d
54812f8d
54822f8d
54832f8d
54842f83
54852f83
54862f83
54872f83
54882f83
54892f83
548a2f83
548b2f83
548c2f83
548d2f83
548e2f83
548f2f83
54902f79
54912f79
54922f79
54932f79
54942f79
54952f79
54962f79
54972f79
54982f79
54992f79
549a2f79
549b2f79
549c2f6f
549d2f6f
549e2f6f
549f2f6f
54a02f6f
54a12f6f
54a22f6f
54a32f6f
54a42f6f
54a52f6f
54a62f6f
54a72f6f
54a82f65
54a92f65
54aa2f65
54ab2f65
54ac2f65
54ad2f65
54ae2f65
54af2f65
54b02f65
54b12f65
54b22f65
54b32f65
54b42f5c
54b52f5c
54b62f5c
54b72f5c
54b82f5c
54b92f5c
54ba2f5c
54bb2f5c
54bc2f5c
54bd2f5c
54be2f5c
54bf2f5c
54c02f53
54c12f53
54c22f53
54c32f53
54c42f53
54c52f53
54c62f53
54c72f53
54c82f53
54c92f53
54ca2f53
54cb2f53
54cc2f4a
54cd2f4a
54ce2f4a
54cf2f4a
54d02f4a
54d12f4a
54d22f4a
54d32f4a
54d42f4a
54d52f4a
54d62f4a
54d72f4a
54d82f41
54d92f41
54da2f41
54db2f41
54dc2f41
54dd2f41
54de2f41
54df2f41
54e02f41
54e12f41
54e22f41
54e32f41
54e42f38
54e52f38
54e62f38
54e72f38
54e82f38
54e92f38
54ea2f38
54eb2f38
54ec2f38
54ed2f38
54ee2f38
54ef2f38
54f02f2f
54f12f2f
54f22f2f
54f32f2f
54f42f2f
54f52f2f
54f62f2f
54f72f2f
54f82f2f
54f92f2f
54fa2f2f
54fb2f2f
54fc2f26
54fd2f26
54fe2f26
54ff2f26
55002f26
55012f26
55022f26
55032f26
55042f26
55052f26
55062f26
55072f26
55082f1e
55092f1e
550a2f1e
550b2f1e
550c2f1e
550d2f1e
550e2f1e
550f2f1e
55102f1e
55112f1e
55122f1e
55132f1e
55142f15
55152f15
55162f15
55172f15
55182f15
55192f15
551a2f15
551b2f15
551c2f15
551d2f15
551e2f15
551f2f15
55202f0d
55212f0d
55222f0d
55232f0d
55242f0d
55252f0d
55262f0d
55272f0d
55282f0d
55292f0d
552a2f0d
552b2f0d
552c2f05
552d2f05
552e2f05
552f2f05
55302f05
55312f05
55322f05
55332f05
55342f05
55352f05
55362f05
55372f05
55382efd
55392efd
553a2efd
553b2efd
553c2efd
553d2efd
553e2efd
553f2efd
55402efd
55412efd
55422efd
55432efd
55442ef5
55452ef5
55462ef5
55472ef5
55482ef5
55492ef5
554a2ef5
554b2ef5
554c2ef5
554d2ef5
554e2ef5
554f2ef5
55502eed
55512eed
55522eed
55532eed
55542eed
55552eed
55562eed
55572eed
55582eed
55592eed
555a2eed
555b2eed
555c2ee5
555d2ee5
555e2ee5
555f2ee5
55602ee5
55612ee5
55622ee5
55632ee5
55642ee5
55652ee5
55662ee5
55672ee5
55682ede
55692ede
556a2ede
556b2ede
556c2ede
556d2ede
556e2ede
556f2ede
55702ede
55712ede
55722ede
55732ede
55742ed6
55752ed6
55762ed6
55772ed6
55782ed6
55792ed6
557a2ed6
557b2ed6
557c2ed6
557d2ed6
557e2ed6
557f2ed6
55802ecf
55812ecf
55822ecf
55832ecf
55842ecf
55852ecf
55862ecf
55872ecf
55882ecf
55892ecf
558a2ecf
558b2ecf
558c2ec7
558d2ec7
558e2ec7
558f2ec7
55902ec7
55912ec7
55922ec7
55932ec7
55942ec7
55952ec7
55962ec7
55972ec7
55982ec0
55992ec0
559a2ec0
559b2ec0
559c2ec0
559d2ec0
559e2ec0
559f2ec0
55a02ec0
55a12ec0
55a22ec0
55a32ec0
55a42eb9
55a52eb9
55a62eb9
55a72eb9
55a82eb9
55a92eb9
55aa2eb9
55ab2eb9
55ac2eb9
55ad2eb9
55ae2eb9
55af2eb9
55b02eb2
55b12eb2
55b22eb2
55b32eb2
55b42eb2
55b52eb2
55b62eb2
55b72eb2
55b82eb2
55b92eb2
55ba2eb2
55bb2eb2
55bc2eab
55bd2eab
55be2eab
55bf2eab
55c02eab
55c12eab
55c22eab
55c32eab
55c42eab
55c52eab
55c62eab
55c72eab
55c82ea4
55c92ea4
55ca2ea4
55cb2ea4
55cc2ea4
55cd2ea4
55ce2ea4
55cf2ea4
55d02ea4
55d12ea4
55d22ea4
55d32ea4
55d42e9d
55d52e9d
55d62e9d
55d72e9d
55d82e9d
55d92e9d
55da2e9d
55db2e9d
55dc2e9d
55dd2e9d
55de2e9d
55df2e9d
55e02e97
55e12e97
55e22e97
55e32e97
55e42e97
55e52e97
55e62e97
55e72e97
55e82e97
55e92e97
55ea2e97
55eb2e97
55ec2e90
55ed2e90
55ee2e90
55ef2e90
55f02e90
55f12e90
55f22e90
55f32e90
55f42e90
55f52e90
55f62e90
55f72e90
55f82e89
55f92e89
55fa2e89
55fb2e89
55fc2e89
55fd2e89
55fe2e89
55ff2e89
56002e89
56012e89
56022e89
56032e89
56042e83
56052e83
56062e83
56072e83
56082e83
56092e83
560a2e83
560b2e83
560c2e83
560d2e83
560e2e83
560f2e83
56102e7c
56112e7c
56122e7c
56132e7c
56142e7c
56152e7c
56162e7c
56172e7c
56182e7c
56192e7c
561a2e7c
561b2e7c
561c2e76
561d2e76
561e2e76
561f2e76
56202e76
56212e76
56222e76
56232e76
56242e76
56252e76
56262e76
56272e76
56282e70
56292e70
562a2e70
562b2e70
562c2e70
562d2e70
562e2e70
562f2e70
56302e70
56312e70
56322e70
56332e70
56342e69
56352e69
56362e69
56372e69
56382e69
56392e69
563a2e69
563b2e69
563c2e69
563d2e69
563e2e69
563f2e69
56402e63
56412e63
56422e63
56432e63
56442e63
56452e63
56462e63
56472e63
56482e63
56492e63
564a2e63
564b2e63
564c2e5d
564d2e5d
564e2e5d
564f2e5d
56502e5d
56512e5d
56522e5d
56532e5d
56542e5d
56552e5d
56562e5d
56572e5d
56582e57
56592e57
565a2e57
565b2e57
565c2e57
565d2e57
565e2e57
565f2e57
56602e57
56612e57
56622e57
56632e57
56642e51
56652e51
56662e51
56672e51
56682e51
56692e51
566a2e51
566b2e51
566c2e51
566d2e51
566e2e51
566f2e51
56702e4b
56712e4b
56722e4b
56732e4b
56742e4b
56752e4b
56762e4b
56772e4b
56782e4b
56792e4b
567a2e4b
567b2e4b
567c2e46
567d2e46
567e2e46
567f2e46
56802e46
56812e46
56822e46
56832e46
56842e46
56852e46
56862e46
56872e46
56882e40
56892e40
568a2e40
568b2e40
568c2e40
568d2e40
568e2e40
568f2e40
56902e40
56912e40
56922e40
56932e40
56942e3a
56952e3a
56962e3a
56972e3a
56982e3a
56992e3a
569a2e3a
569b2e3a
569c2e3a
569d2e3a
569e2e3a
569f2e3a
56a02e35
56a12e35
56a22e35
56a32e35
56a42e35
56a52e35
56a62e35
56a72e35
56a82e35
56a92e35
56aa2e35
56ab2e35
56ac2e2f
56ad2e2f
56ae2e2f
56af2e2f
56b02e2f
56b12e2f
56b22e2f
56b32e2f
56b42e2f
56b52e2f
56b62e2f
56b72e2f
56b82e29
56b92e29
56ba2e29
56bb2e29
56bc2e29
56bd2e29
56be2e29
56bf2e29
56c02e29
56c12e29
56c22e29
56c32e29
56c42e24
56c52e24
56c62e24
56c72e24
56c82e24
56c92e24
56ca2e24
56cb2e24
56cc2e24
56cd2e24
56ce2e24
56cf2e24
56d02e1f
56d12e1f
56d22e1f
56d32e1f
56d42e1f
56d52e1f
56d62e1f
56d72e1f
56d82e1f
56d92e1f
56da2e1f
56db2e1f
56dc2e19
56dd2e19
56de2e19
56df2e19
56e02e19
56e12e19
56e22e19
56e32e19
56e42e19
56e52e19
56e62e19
56e72e19
56e82e14
56e92e14
56ea2e14
56eb2e14
56ec2e14
56ed2e14
56ee2e14
56ef2e14
56f02e14
56f12e14
56f22e14
56f32e14
56f42e0f
56f52e0f
56f62e0f
56f72e0f
56f82e0f
56f92e0f
56fa2e0f
56fb2e0f
56fc2e0f
56fd2e0f
56fe2e0f
56ff2e0f
57002e0a
57012e0a
57022e0a
57032e0a
57042e0a
57052e0a
57062e0a
57072e0a
57082e0a
57092e0a
570a2e0a
570b2e0a
570c2e04
570d2e04
570e2e04
570f2e04
57102e04
57112e04
57122e04
57132e04
57142e04
57152e04
57162e04
57172e04
57182dff
57192dff
571a2dff
571b2dff
571c2dff
571d2dff
571e2dff
571f2dff
57202dff
57212dff
57222dff
57232dff
57242dfa
57252dfa
57262dfa
57272dfa
57282dfa
57292dfa
572a2dfa
572b2dfa
572c2dfa
572d2dfa
572e2dfa
572f2dfa
57302df5
57312df5
57322df5
57332df5
57342df5
57352df5
57362df5
57372df5
57382df5
57392df5
573a2df5
573b2df5
573c2df0
573d2df0
573e2df0
573f2df0
57402df0
57412df0
57422df0
57432df0
57442df0
57452df0
57462df0
57472df0
57482dec
57492dec
574a2dec
574b2dec
574c2dec
574d2dec
574e2dec
574f2dec
57502dec
57512dec
57522dec
57532dec
57542de7
57552de7
57562de7
57572de7
57582de7
57592de7
575a2de7
575b2de7
575c2de7
575d2de7
575e2de7
575f2de7
57602de2
57612de2
57622de2
57632de2
57642de2
57652de2
57662de2
57672de2
57682de2
57692de2
576a2de2
576b2de2
576c2ddd
576d2ddd
576e2ddd
576f2ddd
57702ddd
57712ddd
57722ddd
57732ddd
57742ddd
57752ddd
57762ddd
57772ddd
57782dd8
57792dd8
577a2dd8
577b2dd8
577c2dd8
577d2dd8
577e2dd8
577f2dd8
57802dd8
57812dd8
57822dd8
57832dd8
57842dd4
57852dd4
57862dd4
57872dd4
57882dd4
57892dd4
578a2dd4
578b2dd4
578c2dd4
578d2dd4
578e2dd4
578f2dd4
57902dcf
57912dcf
57922dcf
57932dcf
57942dcf
57952dcf
57962dcf
57972dcf
57982dcf
57992dcf
579a2dcf
579b2dcf
579c2dcb
579d2dcb
579e2dcb
579f2dcb
57a02dcb
57a12dcb
57a22dcb
57a32dcb
57a42dcb
57a52dcb
57a62dcb
57a72dcb
57a82dc6
57a92dc6
57aa2dc6
57ab2dc6
57ac2dc6
57ad2dc6
57ae2dc6
57af2dc6
57b02dc6
57b12dc6
57b22dc6
57b32dc6
57b42dc2
57b52dc2
57b62dc2
57b72dc2
57b82dc2
57b92dc2
57ba2dc2
57bb2dc2
57bc2dc2
57bd2dc2
57be2dc2
57bf2dc2
57c02dbd
57c12dbd
57c22dbd
57c32dbd
57c42dbd
57c52dbd
57c62dbd
57c72dbd
57c82dbd
57c92dbd
57ca2dbd
57cb2dbd
57cc2db9
57cd2db9
57ce2db9
57cf2db9
57d02db9
57d12db9
57d22db9
57d32db9
57d42db9
57d52db9
57d62db9
57d72db9
57d82db4
57d92db4
57da2db4
57db2db4
57dc2db4
57dd2db4
57de2db4
57df2db4
57e02db4
57e12db4
57e22db4
57e32db4
57e42db0
57e52db0
57e62db0
57e72db0
57e82db0
57e92db0
57ea2db0
57eb2db0
57ec2db0
57ed2db0
57ee2db0
57ef2db0
57f02dac
57f12dac
57f22dac
57f32dac
57f42dac
57f52dac
57f62dac
57f72dac
57f82dac
57f92dac
57fa2dac
57fb2dac
57fc2da7
57fd2da7
57fe2da7
57ff2da7
58002da7
58012da7
58022da7
58032da7
58042da3
58052da3
58062da3
58072da3
58082da3
58092da3
580a2d9f
580b2d9f
580c2d9f
580d2d9f
580e2d9f
580f2d9f
58102d9b
58112d9b
58122d9b
58132d9b
58142d9b
58152d9b
58162d97
58172d97
58182d97
58192d97
581a2d97
581b2d97
581c2d93
581d2d93
581e2d93
581f2d93
58202d93
58212d93
58222d8f
58232d8f
58242d8f
58252d8f
58262d8f
58272d8f
58282d8b
58292d8b
582a2d8b
582b2d8b
582c2d8b
582d2d8b
582e2d87
582f2d87
58302d87
58312d87
58322d87
58332d87
58342d83
58352d83
58362d83
58372d83
58382d83
58392d83
583a2d7f
583b2d7f
583c2d7f
583d2d7f
583e2d7f
583f2d7f
58402d7b
58412d7b
58422d7b
58432d7b
58442d7b
58452d7b
58462d77
58472d77
58482d77
58492d77
584a2d77
584b2d77
584c2d73
584d2d73
584e2d73
584f2d73
58502d73
58512d73
58522d70
58532d70
58542d70
58552d70
58562d70
58572d70
58582d6c
58592d6c
585a2d6c
585b2d6c
585c2d6c
585d2d6c
585e2d68
585f2d68
58602d68
58612d68
58622d68
58632d68
58642d64
58652d64
58662d64
58672d64
58682d64
58692d64
586a2d61
586b2d61
586c2d61
586d2d61
586e2d61
586f2d61
58702d5d
58712d5d
58722d5d
58732d5d
58742d5d
58752d5d
58762d5a
58772d5a
58782d5a
58792d5a
587a2d5a
587b2d5a
587c2d56
587d2d56
587e2d56
587f2d56
58802d56
58812d56
58822d52
58832d52
58842d52
58852d52
58862d52
58872d52
58882d4f
58892d4f
588a2d4f
588b2d4f
588c2d4f
588d2d4f
588e2d4b
588f2d4b
58902d4b
58912d4b
58922d4b
58932d4b
58942d48
58952d48
58962d48
58972d48
58982d48
58992d48
589a2d44
589b2d44
589c2d44
589d2d44
589e2d44
589f2d44
58a02d41
58a12d41
58a22d41
58a32d41
58a42d41
58a52d41
58a62d3e
58a72d3e
58a82d3e
58a92d3e
58aa2d3e
58ab2d3e
58ac2d3a
58ad2d3a
58ae2d3a
58af2d3a
58b02d3a
58b12d3a
58b22d37
58b32d37
58b42d37
58b52d37
58b62d37
58b72d37
58b82d34
58b92d34
58ba2d34
58bb2d34
58bc2d34
58bd2d34
58be2d30
58bf2d30
58c02d30
58c12d30
58c22d30
58c32d30
58c42d2d
58c52d2d
58c62d2d
58c72d2d
58c82d2d
58c92d2d
58ca2d2a
58cb2d2a
58cc2d2a
58cd2d2a
58ce2d2a
58cf2d2a
58d02d27
58d12d27
58d22d27
58d32d27
58d42d27
58d52d27
58d62d23
58d72d23
58d82d23
58d92d23
58da2d23
58db2d23
58dc2d20
58dd2d20
58de2d20
58df2d20
58e02d20
58e12d20
58e22d1d
58e32d1d
58e42d1d
58e52d1d
58e62d1d
58e72d1d
58e82d1a
58e92d1a
58ea2d1a
58eb2d1a
58ec2d1a
58ed2d1a
58ee2d17
58ef2d17
58f02d17
58f12d17
58f22d17
58f32d17
58f42d14
58f52d14
58f62d14
58f72d14
58f82d14
58f92d14
58fa2d11
58fb2d11
58fc2d11
58fd2d11
58fe2d11
58ff2d11
59002d0e
59012d0e
59022d0e
59032d0e
59042d0e
59052d0e
59062d0b
59072d0b
59082d0b
59092d0b
590a2d0b
590b2d0b
590c2d08
590d2d08
590e2d08
590f2d08
59102d08
59112d08
59122d05
59132d05
59142d05
59152d05
59162d05
59172d05
59182d02
59192d02
591a2d02
591b2d02
591c2d02
591d2d02
591e2cff
591f2cff
59202cff
59212cff
59222cff
59232cff
59242cfc
59252cfc
59262cfc
59272cfc
59282cfc
59292cfc
592a2cf9
592b2cf9
592c2cf9
592d2cf9
592e2cf9
592f2cf9
59302cf6
59312cf6
59322cf6
59332cf6
59342cf6
59352cf6
59362cf3
59372cf3
59382cf3
59392cf3
593a2cf3
593b2cf3
593c2cf1
593d2cf1
593e2cf1
593f2cf1
59402cf1
59412cf1
59422cee
59432cee
59442cee
59452cee
59462cee
59472cee
59482ceb
59492ceb
594a2ceb
594b2ceb
594c2ceb
594d2ceb
594e2ce8
594f2ce8
59502ce8
59512ce8
59522ce8
59532ce8
59542ce5
59552ce5
59562ce5
59572ce5
59582ce5
59592ce5
595a2ce3
595b2ce3
595c2ce3
595d2ce3
595e2ce3
595f2ce3
59602ce0
59612ce0
59622ce0
59632ce0
59642ce0
59652ce0
59662cdd
59672cdd
59682cdd
59692cdd
596a2cdd
596b2cdd
596c2cdb
596d2cdb
596e2cdb
596f2cdb
59702cdb
59712cdb
59722cd8
59732cd8
59742cd8
59752cd8
59762cd8
59772cd8
59782cd5
59792cd5
597a2cd5
597b2cd5
597c2cd5
597d2cd5
597e2cd3
597f2cd3
59802cd3
59812cd3
59822cd3
59832cd3
59842cd0
59852cd0
59862cd0
59872cd0
59882cd0
59892cd0
598a2ccd
598b2ccd
598c2ccd
598d2ccd
598e2ccd
598f2ccd
59902ccb
59912ccb
59922ccb
59932ccb
59942ccb
59952ccb
59962cc8
59972cc8
59982cc8
59992cc8
599a2cc8
599b2cc8
599c2cc6
599d2cc6
599e2cc6
599f2cc6
59a02cc6
59a12cc6
59a22cc3
59a32cc3
59a42cc3
59a52cc3
59a62cc3
59a72cc3
59a82cc1
59a92cc1
59aa2cc1
59ab2cc1
59ac2cc1
59ad2cc1
59ae2cbe
59af2cbe
59b02cbe
59b12cbe
59b22cbe
59b32cbe
59b42cbc
59b52cbc
59b62cbc
59b72cbc
59b82cbc
59b92cbc
59ba2cb9
59bb2cb9
59bc2cb9
59bd2cb9
59be2cb9
59bf2cb9
59c02cb7
59c12cb7
59c22cb7
59c32cb7
59c42cb7
59c52cb7
59c62cb4
59c72cb4
59c82cb4
59c92cb4
59ca2cb4
59cb2cb4
59cc2cb2
59cd2cb2
59ce2cb2
59cf2cb2
59d02cb2
59d12cb2
59d22caf
59d32caf
59d42caf
59d52caf
59d62caf
59d72caf
59d82cad
59d92cad
59da2cad
59db2cad
59dc2cad
59dd2cad
59de2cab
59df2cab
59e02cab
59e12cab
59e22cab
59e32cab
59e42ca8
59e52ca8
59e62ca8
59e72ca8
59e82ca8
59e92ca8
59ea2ca6
59eb2ca6
59ec2ca6
59ed2ca6
59ee2ca6
59ef2ca6
59f02ca3
59f12ca3
59f22ca3
59f32ca3
59f42ca3
59f52ca3
59f62ca1
59f72ca1
59f82ca1
59f92ca1
59fa2ca1
59fb2ca1
59fc2c9f
59fd2c9f
59fe2c9f
59ff2c9f
5a002c9f
5a012c9f
5a022c9c
5a032c9c
5a042c9c
5a052c9c
5a062c9c
5a072c9c
5a082c9a
5a092c9a
5a0a2c9a
5a0b2c9a
5a0c2c9a
5a0d2c9a
5a0e2c98
5a0f2c98
5a102c98
5a112c98
5a122c98
5a132c98
5a142c96
5a152c96
5a162c96
5a172c96
5a182c96
5a192c96
5a1a2c93
5a1b2c93
5a1c2c93
5a1d2c93
5a1e2c93
5a1f2c93
5a202c91
5a212c91
5a222c91
5a232c91
5a242c91
5a252c91
5a262c8f
5a272c8f
5a282c8f
5a292c8f
5a2a2c8f
5a2b2c8f
5a2c2c8d
5a2d2c8d
5a2e2c8d
5a2f2c8d
5a302c8d
5a312c8d
5a322c8b
5a332c8b
5a342c8b
5a352c8b
5a362c8b
5a372c8b
5a382c88
5a392c88
5a3a2c88
5a3b2c88
5a3c2c88
5a3d2c88
5a3e2c86
5a3f2c86
5a402c86
5a412c86
5a422c86
5a432c86
5a442c84
5a452c84
5a462c84
5a472c84
5a482c84
5a492c84
5a4a2c82
5a4b2c82
5a4c2c82
5a4d2c82
5a4e2c82
5a4f2c82
5a502c80
5a512c80
5a522c80
5a532c80
5a542c80
5a552c80
5a562c7e
5a572c7e
5a582c7e
5a592c7e
5a5a2c7e
5a5b2c7e
5a5c2c7b
5a5d2c7b
5a5e2c7b
5a5f2c7b
5a602c7b
5a612c7b
5a622c79
5a632c79
5a642c79
5a652c79
5a662c79
5a672c79
5a682c77
5a692c77
5a6a2c77
5a6b2c77
5a6c2c77
5a6d2c77
5a6e2c75
5a6f2c75
5a702c75
5a712c75
5a722c75
5a732c75
5a742c73
5a752c73
5a762c73
5a772c73
5a782c73
5a792c73
5a7a2c71
5a7b2c71
5a7c2c71
5a7d2c71
5a7e2c71
5a7f2c71
5a802c6f
5a812c6f
5a822c6f
5a832c6f
5a842c6f
5a852c6f
5a862c6d
5a872c6d
5a882c6d
5a892c6d
5a8a2c6d
5a8b2c6d
5a8c2c6b
5a8d2c6b
5a8e2c6b
5a8f2c6b
5a902c6b
5a912c6b
5a922c69
5a932c69
5a942c69
5a952c69
5a962c69
5a972c69
5a982c67
5a992c67
5a9a2c67
5a9b2c67
5a9c2c67
5a9d2c67
5a9e2c65
5a9f2c65
5aa02c65
5aa12c65
5aa22c65
5aa32c65
5aa42c63
5aa52c63
5aa62c63
5aa72c63
5aa82c63
5aa92c63
5aaa2c61
5aab2c61
5aac2c61
5aad2c61
5aae2c61
5aaf2c61
5ab02c5f
5ab12c5f
5ab22c5f
5ab32c5f
5ab42c5f
5ab52c5f
5ab62c5d
5ab72c5d
5ab82c5d
5ab92c5d
5aba2c5d
5abb2c5d
5abc2c5b
5abd2c5b
5abe2c5b
5abf2c5b
5ac02c5b
5ac12c5b
5ac22c59
5ac32c59
5ac42c59
5ac52c59
5ac62c59
5ac72c59
5ac82c57
5ac92c57
5aca2c57
5acb2c57
5acc2c57
5acd2c57
5ace2c55
5acf2c55
5ad02c55
5ad12c55
5ad22c55
5ad32c55
5ad42c53
5ad52c53
5ad62c53
5ad72c53
5ad82c53
5ad92c53
5ada2c52
5adb2c52
5adc2c52
5add2c52
5ade2c52
5adf2c52
5ae02c50
5ae12c50
5ae22c50
5ae32c50
5ae42c50
5ae52c50
5ae62c4e
5ae72c4e
5ae82c4e
5ae92c4e
5aea2c4e
5aeb2c4e
5aec2c4c
5aed2c4c
5aee2c4c
5aef2c4c
5af02c4c
5af12c4c
5af22c4a
5af32c4a
5af42c4a
5af52c4a
5af62c4a
5af72c4a
5af82c48
5af92c48
5afa2c48
5afb2c48
5afc2c48
5afd2c48
5afe2c46
5aff2c46
5b002c46
5b012c46
5b022c46
5b032c46
5b042c45
5b052c45
5b062c45
5b072c45
5b082c45
5b092c45
5b0a2c43
5b0b2c43
5b0c2c43
5b0d2c43
5b0e2c43
5b0f2c43
5b102c41
5b112c41
5b122c41
5b132c41
5b142c41
5b152c41
5b162c3f
5b172c3f
5b182c3f
5b192c3f
5b1a2c3f
5b1b2c3f
5b1c2c3d
5b1d2c3d
5b1e2c3d
5b1f2c3d
5b202c3d
5b212c3d
5b222c3c
5b232c3c
5b242c3c
5b252c3c
5b262c3c
5b272c3c
5b282c3a
5b292c3a
5b2a2c3a
5b2b2c3a
5b2c2c3a
5b2d2c3a
5b2e2c38
5b2f2c38
5b302c38
5b312c38
5b322c38
5b332c38
5b342c36
5b352c36
5b362c36
5b372c36
5b382c36
5b392c36
5b3a2c35
5b3b2c35
5b3c2c35
5b3d2c35
5b3e2c35
5b3f2c35
5b402c33
5b412c33
5b422c33
5b432c33
5b442c33
5b452c33
5b462c31
5b472c31
5b482c31
5b492c31
5b4a2c31
5b4b2c31
5b4c2c2f
5b4d2c2f
5b4e2c2f
5b4f2c2f
5b502c2f
5b512c2f
5b522c2e
5b532c2e
5b542c2e
5b552c2e
5b562c2e
5b572c2e
5b582c2c
5b592c2c
5b5a2c2c
5b5b2c2c
5b5c2c2c
5b5d2c2c
5b5e2c2a
5b5f2c2a
5b602c2a
5b612c2a
5b622c2a
5b632c2a
5b642c29
5b652c29
5b662c29
5b672c29
5b682c29
5b692c29
5b6a2c27
5b6b2c27
5b6c2c27
5b6d2c27
5b6e2c27
5b6f2c27
5b702c25
5b712c25
5b722c25
5b732c25
5b742c25
5b752c25
5b762c24
5b772c24
5b782c24
5b792c24
5b7a2c24
5b7b2c24
5b7c2c22
5b7d2c22
5b7e2c22
5b7f2c22
5b802c22
5b812c22
5b822c20
5b832c20
5b842c20
5b852c20
5b862c20
5b872c20
5b882c1f
5b892c1f
5b8a2c1f
5b8b2c1f
5b8c2c1f
5b8d2c1f
5b8e2c1d
5b8f2c1d
5b902c1d
5b912c1d
5b922c1d
5b932c1d
5b942c1b
5b952c1b
5b962c1b
5b972c1b
5b982c1b
5b992c1b
5b9a2c1a
5b9b2c1a
5b9c2c1a
5b9d2c1a
5b9e2c1a
5b9f2c1a
5ba02c18
5ba12c18
5ba22c18
5ba32c18
5ba42c18
5ba52c18
5ba62c16
5ba72c16
5ba82c16
5ba92c16
5baa2c16
5bab2c16
5bac2c15
5bad2c15
5bae2c15
5baf2c15
5bb02c15
5bb12c15
5bb22c13
5bb32c13
5bb42c13
5bb52c13
5bb62c13
5bb72c13
5bb82c12
5bb92c12
5bba2c12
5bbb2c12
5bbc2c12
5bbd2c12
5bbe2c10
5bbf2c10
5bc02c10
5bc12c10
5bc22c10
5bc32c10
5bc42c0f
5bc52c0f
5bc62c0f
5bc72c0f
5bc82c0f
5bc92c0f
5bca2c0d
5bcb2c0d
5bcc2c0d
5bcd2c0d
5bce2c0d
5bcf2c0d
5bd02c0b
5bd12c0b
5bd22c0b
5bd32c0b
5bd42c0b
5bd52c0b
5bd62c0a
5bd72c0a
5bd82c0a
5bd92c0a
5bda2c0a
5bdb2c0a
5bdc2c08
5bdd2c08
5bde2c08
5bdf2c08
5be02c08
5be12c08
5be22c07
5be32c07
5be42c07
5be52c07
5be62c07
5be72c07
5be82c05
5be92c05
5bea2c05
5beb2c05
5bec2c05
5bed2c05
5bee2c04
5bef2c04
5bf02c04
5bf12c04
5bf22c04
5bf32c04
5bf42c02
5bf52c02
5bf62c02
5bf72c02
5bf82c02
5bf92c02
5bfa2c01
5bfb2c01
5bfc2c01
5bfd2c01
5bfe2c01
5bff2c01
5c002bfa
5c012bfa
5c022bfa
5c032bfa
5c042bfa
5c052bfa
5c062bfa
5c072bfa
5c082bfa
5c092bfa
5c0a2bfa
5c0b2bfa
5c0c2bee
5c0d2bee
5c0e2bee
5c0f2bee
5c102bee
5c112bee
5c122bee
5c132bee
5c142bee
5c152bee
5c162bee
5c172bee
5c182be3
5c192be3
5c1a2be3
5c1b2be3
5c1c2be3
5c1d2be3
5c1e2be3
5c1f2be3
5c202be3
5c212be3
5c222be3
5c232be3
5c242bd7
5c252bd7
5c262bd7
5c272bd7
5c282bd7
5c292bd7
5c2a2bd7
5c2b2bd7
5c2c2bd7
5c2d2bd7
5c2e2bd7
5c2f2bd7
5c302bcc
5c312bcc
5c322bcc
5c332bcc
5c342bcc
5c352bcc
5c362bcc
5c372bcc
5c382bcc
5c392bcc
5c3a2bcc
5c3b2bcc
5c3c2bc1
5c3d2bc1
5c3e2bc1
5c3f2bc1
5c402bc1
5c412bc1
5c422bc1
5c432bc1
5c442bc1
5c452bc1
5c462bc1
5c472bc1
5c482bb6
5c492bb6
5c4a2bb6
5c4b2bb6
5c4c2bb6
5c4d2bb6
5c4e2bb6
5c4f2bb6
5c502bb6
5c512bb6
5c522bb6
5c532bb6
5c542bac
5c552bac
5c562bac
5c572bac
5c582bac
5c592bac
5c5a2bac
5c5b2bac
5c5c2bac
5c5d2bac
5c5e2bac
5c5f2bac
5c602ba1
5c612ba1
5c622ba1
5c632ba1
5c642ba1
5c652ba1
5c662ba1
5c672ba1
5c682ba1
5c692ba1
5c6a2ba1
5c6b2ba1
5c6c2b97
5c6d2b97
5c6e2b97
5c6f2b97
5c702b97
5c712b97
5c722b97
5c732b97
5c742b97
5c752b97
5c762b97
5c772b97
5c782b8d
5c792b8d
5c7a2b8d
5c7b2b8d
5c7c2b8d
5c7d2b8d
5c7e2b8d
5c7f2b8d
5c802b8d
5c812b8d
5c822b8d
5c832b8d
5c842b83
5c852b83
5c862b83
5c872b83
5c882b83
5c892b83
5c8a2b83
5c8b2b83
5c8c2b83
5c8d2b83
5c8e2b83
5c8f2b83
5c902b79
5c912b79
5c922b79
5c932b79
5c942b79
5c952b79
5c962b79
5c972b79
5c982b79
5c992b79
5c9a2b79
5c9b2b79
5c9c2b6f
5c9d2b6f
5c9e2b6f
5c9f2b6f
5ca02b6f
5ca12b6f
5ca22b6f
5ca32b6f
5ca42b6f
5ca52b6f
5ca62b6f
5ca72b6f
5ca82b65
5ca92b65
5caa2b65
5cab2b65
5cac2b65
5cad2b65
5cae2b65
5caf2b65
5cb02b65
5cb12b65
5cb22b65
5cb32b65
5cb42b5c
5cb52b5c
5cb62b5c
5cb72b5c
5cb82b5c
5cb92b5c
5cba2b5c
5cbb2b5c
5cbc2b5c
5cbd2b5c
5cbe2b5c
5cbf2b5c
5cc02b53
5cc12b53
5cc22b53
5cc32b53
5cc42b53
5cc52b53
5cc62b53
5cc72b53
5cc82b53
5cc92b53
5cca2b53
5ccb2b53
5ccc2b4a
5ccd2b4a
5cce2b4a
5ccf2b4a
5cd02b4a
5cd12b4a
5cd22b4a
5cd32b4a
5cd42b4a
5cd52b4a
5cd62b4a
5cd72b4a
5cd82b41
5cd92b41
5cda2b41
5cdb2b41
5cdc2b41
5cdd2b41
5cde2b41
5cdf2b41
5ce02b41
5ce12b41
5ce22b41
5ce32b41
5ce42b38
5ce52b38
5ce62b38
5ce72b38
5ce82b38
5ce92b38
5cea2b38
5ceb2b38
5cec2b38
5ced2b38
5cee2b38
5cef2b38
5cf02b2f
5cf12b2f
5cf22b2f
5cf32b2f
5cf42b2f
5cf52b2f
5cf62b2f
5cf72b2f
5cf82b2f
5cf92b2f
5cfa2b2f
5cfb2b2f
5cfc2b26
5cfd2b26
5cfe2b26
5cff2b26
5d002b26
5d012b26
5d022b26
5d032b26
5d042b26
5d052b26
5d062b26
5d072b26
5d082b1e
5d092b1e
5d0a2b1e
5d0b2b1e
5d0c2b1e
5d0d2b1e
5d0e2b1e
5d0f2b1e
5d102b1e
5d112b1e
5d122b1e
5d132b1e
5d142b15
5d152b15
5d162b15
5d172b15
5d182b15
5d192b15
5d1a2b15
5d1b2b15
5d1c2b15
5d1d2b15
5d1e2b15
5d1f2b15
5d202b0d
5d212b0d
5d222b0d
5d232b0d
5d242b0d
5d252b0d
5d262b0d
5d272b0d
5d282b0d
5d292b0d
5d2a2b0d
5d2b2b0d
5d2c2b05
5d2d2b05
5d2e2b05
5d2f2b05
5d302b05
5d312b05
5d322b05
5d332b05
5d342b05
5d352b05
5d362b05
5d372b05
5d382afd
5d392afd
5d3a2afd
5d3b2afd
5d3c2afd
5d3d2afd
5d3e2afd
5d3f2afd
5d402afd
5d412afd
5d422afd
5d432afd
5d442af5
5d452af5
5d462af5
5d472af5
5d482af5
5d492af5
5d4a2af5
5d4b2af5
5d4c2af5
5d4d2af5
5d4e2af5
5d4f2af5
5d502aed
5d512aed
5d522aed
5d532aed
5d542aed
5d552aed
5d562aed
5d572aed
5d582aed
5d592aed
5d5a2aed
5d5b2aed
5d5c2ae5
5d5d2ae5
5d5e2ae5
5d5f2ae5
5d602ae5
5d612ae5
5d622ae5
5d632ae5
5d642ae5
5d652ae5
5d662ae5
5d672ae5
5d682ade
5d692ade
5d6a2ade
5d6b2ade
5d6c2ade
5d6d2ade
5d6e2ade
5d6f2ade
5d702ade
5d712ade
5d722ade
5d732ade
5d742ad6
5d752ad6
5d762ad6
5d772ad6
5d782ad6
5d792ad6
5d7a2ad6
5d7b2ad6
5d7c2ad6
5d7d2ad6
5d7e2ad6
5d7f2ad6
5d802acf
5d812acf
5d822acf
5d832acf
5d842acf
5d852acf
5d862acf
5d872acf
5d882acf
5d892acf
5d8a2acf
5d8b2acf
5d8c2ac7
5d8d2ac7
5d8e2ac7
5d8f2ac7
5d902ac7
5d912ac7
5d922ac7
5d932ac7
5d942ac7
5d952ac7
5d962ac7
5d972ac7
5d982ac0
5d992ac0
5d9a2ac0
5d9b2ac0
5d9c2ac0
5d9d2ac0
5d9e2ac0
5d9f2ac0
5da02ac0
5da12ac0
5da22ac0
5da32ac0
5da42ab9
5da52ab9
5da62ab9
5da72ab9
5da82ab9
5da92ab9
5daa2ab9
5dab2ab9
5dac2ab9
5dad2ab9
5dae2ab9
5daf2ab9
5db02ab2
5db12ab2
5db22ab2
5db32ab2
5db42ab2
5db52ab2
5db62ab2
5db72ab2
5db82ab2
5db92ab2
5dba2ab2
5dbb2ab2
5dbc2aab
5dbd2aab
5dbe2aab
5dbf2aab
5dc02aab
5dc12aab
5dc22aab
5dc32aab
5dc42aab
5dc52aab
5dc62aab
5dc72aab
5dc82aa4
5dc92aa4
5dca2aa4
5dcb2aa4
5dcc2aa4
5dcd2aa4
5dce2aa4
5dcf2aa4
5dd02aa4
5dd12aa4
5dd22aa4
5dd32aa4
5dd42a9d
5dd52a9d
5dd62a9d
5dd72a9d
5dd82a9d
5dd92a9d
5dda2a9d
5ddb2a9d
5ddc2a9d
5ddd2a9d
5dde2a9d
5ddf2a9d
5de02a97
5de12a97
5de22a97
5de32a97
5de42a97
5de52a97
5de62a97
5de72a97
5de82a97
5de92a97
5dea2a97
5deb2a97
5dec2a90
5ded2a90
5dee2a90
5def2a90
5df02a90
5df12a90
5df22a90
5df32a90
5df42a90
5df52a90
5df62a90
5df72a90
5df82a89
5df92a89
5dfa2a89
5dfb2a89
5dfc2a89
5dfd2a89
5dfe2a89
5dff2a89
5e002a89
5e012a89
5e022a89
5e032a89
5e042a83
5e052a83
5e062a83
5e072a83
5e082a83
5e092a83
5e0a2a83
5e0b2a83
5e0c2a83
5e0d2a83
5e0e2a83
5e0f2a83
5e102a7c
5e112a7c
5e122a7c
5e132a7c
5e142a7c
5e152a7c
5e162a7c
5e172a7c
5e182a7c
5e192a7c
5e1a2a7c
5e1b2a7c
5e1c2a76
5e1d2a76
5e1e2a76
5e1f2a76
5e202a76
5e212a76
5e222a76
5e232a76
5e242a76
5e252a76
5e262a76
5e272a76
5e282a70
5e292a70
5e2a2a70
5e2b2a70
5e2c2a70
5e2d2a70
5e2e2a70
5e2f2a70
5e302a70
5e312a70
5e322a70
5e332a70
5e342a69
5e352a69
5e362a69
5e372a69
5e382a69
5e392a69
5e3a2a69
5e3b2a69
5e3c2a69
5e3d2a69
5e3e2a69
5e3f2a69
5e402a63
5e412a63
5e422a63
5e432a63
5e442a63
5e452a63
5e462a63
5e472a63
5e482a63
5e492a63
5e4a2a63
5e4b2a63
5e4c2a5d
5e4d2a5d
5e4e2a5d
5e4f2a5d
5e502a5d
5e512a5d
5e522a5d
5e532a5d
5e542a5d
5e552a5d
5e562a5d
5e572a5d
5e582a57
5e592a57
5e5a2a57
5e5b2a57
5e5c2a57
5e5d2a57
5e5e2a57
5e5f2a57
5e602a57
5e612a57
5e622a57
5e632a57
5e642a51
5e652a51
5e662a51
5e672a51
5e682a51
5e692a51
5e6a2a51
5e6b2a51
5e6c2a51
5e6d2a51
5e6e2a51
5e6f2a51
5e702a4b
5e712a4b
5e722a4b
5e732a4b
5e742a4b
5e752a4b
5e762a4b
5e772a4b
5e782a4b
5e792a4b
5e7a2a4b
5e7b2a4b
5e7c2a46
5e7d2a46
5e7e2a46
5e7f2a46
5e802a46
5e812a46
5e822a46
5e832a46
5e842a46
5e852a46
5e862a46
5e872a46
5e882a40
5e892a40
5e8a2a40
5e8b2a40
5e8c2a40
5e8d2a40
5e8e2a40
5e8f2a40
5e902a40
5e912a40
5e922a40
5e932a40
5e942a3a
5e952a3a
5e962a3a
5e972a3a
5e982a3a
5e992a3a
5e9a2a3a
5e9b2a3a
5e9c2a3a
5e9d2a3a
5e9e2a3a
5e9f2a3a
5ea02a35
5ea12a35
5ea22a35
5ea32a35
5ea42a35
5ea52a35
5ea62a35
5ea72a35
5ea82a35
5ea92a35
5eaa2a35
5eab2a35
5eac2a2f
5ead2a2f
5eae2a2f
5eaf2a2f
5eb02a2f
5eb12a2f
5eb22a2f
5eb32a2f
5eb42a2f
5eb52a2f
5eb62a2f
5eb72a2f
5eb82a29
5eb92a29
5eba2a29
5ebb2a29
5ebc2a29
5ebd2a29
5ebe2a29
5ebf2a29
5ec02a29
5ec12a29
5ec22a29
5ec32a29
5ec42a24
5ec52a24
5ec62a24
5ec72a24
5ec82a24
5ec92a24
5eca2a24
5ecb2a24
5ecc2a24
5ecd2a24
5ece2a24
5ecf2a24
5ed02a1f
5ed12a1f
5ed22a1f
5ed32a1f
5ed42a1f
5ed52a1f
5ed62a1f
5ed72a1f
5ed82a1f
5ed92a1f
5eda2a1f
5edb2a1f
5edc2a19
5edd2a19
5ede2a19
5edf2a19
5ee02a19
5ee12a19
5ee22a19
5ee32a19
5ee42a19
5ee52a19
5ee62a19
5ee72a19
5ee82a14
5ee92a14
5eea2a14
5eeb2a14
5eec2a14
5eed2a14
5eee2a14
5eef2a14
5ef02a14
5ef12a14
5ef22a14
5ef32a14
5ef42a0f
5ef52a0f
5ef62a0f
5ef72a0f
5ef82a0f
5ef92a0f
5efa2a0f
5efb2a0f
5efc2a0f
5efd2a0f
5efe2a0f
5eff2a0f
5f002a0a
5f012a0a
5f022a0a
5f032a0a
5f042a0a
5f052a0a
5f062a0a
5f072a0a
5f082a0a
5f092a0a
5f0a2a0a
5f0b2a0a
5f0c2a04
5f0d2a04
5f0e2a04
5f0f2a04
5f102a04
5f112a04
5f122a04
5f132a04
5f142a04
5f152a04
5f162a04
5f172a04
5f1829ff
5f1929ff
5f1a29ff
5f1b29ff
5f1c29ff
5f1d29ff
5f1e29ff
5f1f29ff
5f2029ff
5f2129ff
5f2229ff
5f2329ff
5f2429fa
5f2529fa
5f2629fa
5f2729fa
5f2829fa
5f2929fa
5f2a29fa
5f2b29fa
5f2c29fa
5f2d29fa
5f2e29fa
5f2f29fa
5f3029f5
5f3129f5
5f3229f5
5f3329f5
5f3429f5
5f3529f5
5f3629f5
5f3729f5
5f3829f5
5f3929f5
5f3a29f5
5f3b29f5
5f3c29f0
5f3d29f0
5f3e29f0
5f3f29f0
5f4029f0
5f4129f0
5f4229f0
5f4329f0
5f4429f0
5f4529f0
5f4629f0
5f4729f0
5f4829ec
5f4929ec
5f4a29ec
5f4b29ec
5f4c29ec
5f4d29ec
5f4e29ec
5f4f29ec
5f5029ec
5f5129ec
5f5229ec
5f5329ec
5f5429e7
5f5529e7
5f5629e7
5f5729e7
5f5829e7
5f5929e7
5f5a29e7
5f5b29e7
5f5c29e7
5f5d29e7
5f5e29e7
5f5f29e7
5f6029e2
5f6129e2
5f6229e2
5f6329e2
5f6429e2
5f6529e2
5f6629e2
5f6729e2
5f6829e2
5f6929e2
5f6a29e2
5f6b29e2
5f6c29dd
5f6d29dd
5f6e29dd
5f6f29dd
5f7029dd
5f7129dd
5f7229dd
5f7329dd
5f7429dd
5f7529dd
5f7629dd
5f7729dd
5f7829d8
5f7929d8
5f7a29d8
5f7b29d8
5f7c29d8
5f7d29d8
5f7e29d8
5f7f29d8
5f8029d8
5f8129d8
5f8229d8
5f8329d8
5f8429d4
5f8529d4
5f8629d4
5f8729d4
5f8829d4
5f8929d4
5f8a29d4
5f8b29d4
5f8c29d4
5f8d29d4
5f8e29d4
5f8f29d4
5f9029cf
5f9129cf
5f9229cf
5f9329cf
5f9429cf
5f9529cf
5f9629cf
5f9729cf
5f9829cf
5f9929cf
5f9a29cf
5f9b29cf
5f9c29cb
5f9d29cb
5f9e29cb
5f9f29cb
5fa029cb
5fa129cb
5fa229cb
5fa329cb
5fa429cb
5fa529cb
5fa629cb
5fa729cb
5fa829c6
5fa929c6
5faa29c6
5fab29c6
5fac29c6
5fad29c6
5fae29c6
5faf29c6
5fb029c6
5fb129c6
5fb229c6
5fb329c6
5fb429c2
5fb529c2
5fb629c2
5fb729c2
5fb829c2
5fb929c2
5fba29c2
5fbb29c2
5fbc29c2
5fbd29c2
5fbe29c2
5fbf29c2
5fc029bd
5fc129bd
5fc229bd
5fc329bd
5fc429bd
5fc529bd
5fc629bd
5fc729bd
5fc829bd
5fc929bd
5fca29bd
5fcb29bd
5fcc29b9
5fcd29b9
5fce29b9
5fcf29b9
5fd029b9
5fd129b9
5fd229b9
5fd329b9
5fd429b9
5fd529b9
5fd629b9
5fd729b9
5fd829b4
5fd929b4
5fda29b4
5fdb29b4
5fdc29b4
5fdd29b4
5fde29b4
5fdf29b4
5fe029b4
5fe129b4
5fe229b4
5fe329b4
5fe429b0
5fe529b0
5fe629b0
5fe729b0
5fe829b0
5fe929b0
5fea29b0
5feb29b0
5fec29b0
5fed29b0
5fee29b0
5fef29b0
5ff029ac
5ff129ac
5ff229ac
5ff329ac
5ff429ac
5ff529ac
5ff629ac
5ff729ac
5ff829ac
5ff929ac
5ffa29ac
5ffb29ac
5ffc29a7
5ffd29a7
5ffe29a7
5fff29a7
600029a7
600129a7
600229a7
600329a7
600429a3
600529a3
600629a3
600729a3
600829a3
600929a3
600a299f
600b299f
600c299f
600d299f
600e299f
600f299f
6010299b
6011299b
6012299b
6013299b
6014299b
6015299b
60162997
60172997
60182997
60192997
601a2997
601b2997
601c2993
601d2993
601e2993
601f2993
60202993
60212993
6022298f
6023298f
6024298f
6025298f
6026298f
6027298f
6028298b
6029298b
602a298b
602b298b
602c298b
602d298b
602e2987
602f2987
60302987
60312987
60322987
60332987
60342983
60352983
60362983
60372983
60382983
60392983
603a297f
603b297f
603c297f
603d297f
603e297f
603f297f
6040297b
6041297b
6042297b
6043297b
6044297b
6045297b
60462977
60472977
60482977
60492977
604a2977
604b2977
604c2973
604d2973
604e2973
604f2973
60502973
60512973
60522970
60532970
60542970
60552970
60562970
60572970
6058296c
6059296c
605a296c
605b296c
605c296c
605d296c
605e2968
605f2968
60602968
60612968
60622968
60632968
60642964
60652964
60662964
60672964
60682964
60692964
606a2961
606b2961
606c2961
606d2961
606e2961
606f2961
6070295d
6071295d
6072295d
6073295d
6074295d
6075295d
6076295a
6077295a
6078295a
6079295a
607a295a
607b295a
607c2956
607d2956
607e2956
607f2956
60802956
60812956
60822952
60832952
60842952
60852952
60862952
60872952
6088294f
6089294f
608a294f
608b294f
608c294f
608d294f
608e294b
608f294b
6090294b
6091294b
6092294b
6093294b
60942948
60952948
60962948
60972948
60982948
60992948
609a2944
609b2944
609c2944
609d2944
609e2944
609f2944
60a02941
60a12941
60a22941
60a32941
60a42941
60a52941
60a6293e
60a7293e
60a8293e
60a9293e
60aa293e
60ab293e
60ac293a
60ad293a
60ae293a
60af293a
60b0293a
60b1293a
60b22937
60b32937
60b42937
60b52937
60b62937
60b72937
60b82934
60b92934
60ba2934
60bb2934
60bc2934
60bd2934
60be2930
60bf2930
60c02930
60c12930
60c22930
60c32930
60c4292d
60c5292d
60c6292d
60c7292d
60c8292d
60c9292d
60ca292a
60cb292a
60cc292a
60cd292a
60ce292a
60cf292a
60d02927
60d12927
60d22927
60d32927
60d42927
60d52927
60d62923
60d72923
60d82923
60d92923
60da2923
60db2923
60dc2920
60dd2920
60de2920
60df2920
60e02920
60e12920
60e2291d
60e3291d
60e4291d
60e5291d
60e6291d
60e7291d
60e8291a
60e9291a
60ea291a
60eb291a
60ec291a
60ed291a
60ee2917
60ef2917
60f02917
60f12917
60f22917
60f32917
60f42914
60f52914
60f62914
60f72914
60f82914
60f92914
60fa2911
60fb2911
60fc2911
60fd2911
60fe2911
60ff2911
6100290e
6101290e
6102290e
6103290e
6104290e
6105290e
6106290b
6107290b
6108290b
6109290b
610a290b
610b290b
610c2908
610d2908
610e2908
610f2908
61102908
61112908
61122905
61132905
61142905
61152905
61162905
61172905
61182902
61192902
611a2902
611b2902
611c2902
611d2902
611e28ff
611f28ff
612028ff
612128ff
612228ff
612328ff
612428fc
612528fc
612628fc
612728fc
612828fc
612928fc
612a28f9
612b28f9
612c28f9
612d28f9
612e28f9
612f28f9
613028f6
613128f6
613228f6
613328f6
613428f6
613528f6
613628f3
613728f3
613828f3
613928f3
613a28f3
613b28f3
613c28f1
613d28f1
613e28f1
613f28f1
614028f1
614128f1
614228ee
614328ee
614428ee
614528ee
614628ee
614728ee
614828eb
614928eb
614a28eb
614b28eb
614c28eb
614d28eb
614e28e8
614f28e8
615028e8
615128e8
615228e8
615328e8
615428e5
615528e5
615628e5
615728e5
615828e5
615928e5
615a28e3
615b28e3
615c28e3
615d28e3
615e28e3
615f28e3
616028e0
616128e0
616228e0
616328e0
616428e0
616528e0
616628dd
616728dd
616828dd
616928dd
616a28dd
616b28dd
616c28db
616d28db
616e28db
616f28db
617028db
617128db
617228d8
617328d8
617428d8
617528d8
617628d8
617728d8
617828d5
617928d5
617a28d5
617b28d5
617c28d5
617d28d5
617e28d3
617f28d3
618028d3
618128d3
618228d3
618328d3
618428d0
618528d0
618628d0
618728d0
618828d0
618928d0
618a28cd
618b28cd
618c28cd
618d28cd
618e28cd
618f28cd
619028cb
619128cb
619228cb
619328cb
619428cb
619528cb
619628c8
619728c8
619828c8
619928c8
619a28c8
619b28c8
619c28c6
619d28c6
619e28c6
619f28c6
61a028c6
61a128c6
61a228c3
61a328c3
61a428c3
61a528c3
61a628c3
61a728c3
61a828c1
61a928c1
61aa28c1
61ab28c1
61ac28c1
61ad28c1
61ae28be
61af28be
61b028be
61b128be
61b228be
61b328be
61b428bc
61b528bc
61b628bc
61b728bc
61b828bc
61b928bc
61ba28b9
61bb28b9
61bc28b9
61bd28b9
61be28b9
61bf28b9
61c028b7
61c128b7
61c228b7
61c328b7
61c428b7
61c528b7
61c628b4
61c728b4
61c828b4
61c928b4
61ca28b4
61cb28b4
61cc28b2
61cd28b2
61ce28b2
61cf28b2
61d028b2
61d128b2
61d228af
61d328af
61d428af
61d528af
61d628af
61d728af
61d828ad
61d928ad
61da28ad
61db28ad
61dc28ad
61dd28ad
61de28ab
61df28ab
61e028ab
61e128ab
61e228ab
61e328ab
61e428a8
61e528a8
61e628a8
61e728a8
61e828a8
61e928a8
61ea28a6
61eb28a6
61ec28a6
61ed28a6
61ee28a6
61ef28a6
61f028a3
61f128a3
61f228a3
61f328a3
61f428a3
61f528a3
61f628a1
61f728a1
61f828a1
61f928a1
61fa28a1
61fb28a1
61fc289f
61fd289f
61fe289f
61ff289f
6200289f
6201289f
6202289c
6203289c
6204289c
6205289c
6206289c
6207289c
6208289a
6209289a
620a289a
620b289a
620c289a
620d289a
620e2898
620f2898
62102898
62112898
62122898
62132898
62142896
62152896
62162896
62172896
62182896
62192896
621a2893
621b2893
621c2893
621d2893
621e2893
621f2893
62202891
62212891
62222891
62232891
62242891
62252891
6226288f
6227288f
6228288f
6229288f
622a288f
622b288f
622c288d
622d288d
622e288d
622f288d
6230288d
6231288d
6232288b
6233288b
6234288b
6235288b
6236288b
6237288b
62382888
62392888
623a2888
623b2888
623c2888
623d2888
623e2886
623f2886
62402886
62412886
62422886
62432886
62442884
62452884
62462884
62472884
62482884
62492884
624a2882
624b2882
624c2882
624d2882
624e2882
624f2882
62502880
62512880
62522880
62532880
62542880
62552880
6256287e
6257287e
6258287e
6259287e
625a287e
625b287e
625c287b
625d287b
625e287b
625f287b
6260287b
6261287b
62622879
62632879
62642879
62652879
62662879
62672879
62682877
62692877
626a2877
626b2877
626c2877
626d2877
626e2875
626f2875
62702875
62712875
62722875
62732875
62742873
62752873
62762873
62772873
62782873
62792873
627a2871
627b2871
627c2871
627d2871
627e2871
627f2871
6280286f
6281286f
6282286f
6283286f
6284286f
6285286f
6286286d
6287286d
6288286d
6289286d
628a286d
628b286d
628c286b
628d286b
628e286b
628f286b
6290286b
6291286b
62922869
62932869
62942869
62952869
62962869
62972869
62982867
62992867
629a2867
629b2867
629c2867
629d2867
629e2865
629f2865
62a02865
62a12865
62a22865
62a32865
62a42863
62a52863
62a62863
62a72863
62a82863
62a92863
62aa2861
62ab2861
62ac2861
62ad2861
62ae2861
62af2861
62b0285f
62b1285f
62b2285f
62b3285f
62b4285f
62b5285f
62b6285d
62b7285d
62b8285d
62b9285d
62ba285d
62bb285d
62bc285b
62bd285b
62be285b
62bf285b
62c0285b
62c1285b
62c22859
62c32859
62c42859
62c52859
62c62859
62c72859
62c82857
62c92857
62ca2857
62cb2857
62cc2857
62cd2857
62ce2855
62cf2855
62d02855
62d12855
62d22855
62d32855
62d42853
62d52853
62d62853
62d72853
62d82853
62d92853
62da2852
62db2852
62dc2852
62dd2852
62de2852
62df2852
62e02850
62e12850
62e22850
62e32850
62e42850
62e52850
62e6284e
62e7284e
62e8284e
62e9284e
62ea284e
62eb284e
62ec284c
62ed284c
62ee284c
62ef284c
62f0284c
62f1284c
62f2284a
62f3284a
62f4284a
62f5284a
62f6284a
62f7284a
62f82848
62f92848
62fa2848
62fb2848
62fc2848
62fd2848
62fe2846
62ff2846
63002846
63012846
63022846
63032846
63042845
63052845
63062845
63072845
63082845
63092845
630a2843
630b2843
630c2843
630d2843
630e2843
630f2843
63102841
63112841
63122841
63132841
63142841
63152841
6316283f
6317283f
6318283f
6319283f
631a283f
631b283f
631c283d
631d283d
631e283d
631f283d
6320283d
6321283d
6322283c
6323283c
6324283c
6325283c
6326283c
6327283c
6328283a
6329283a
632a283a
632b283a
632c283a
632d283a
632e2838
632f2838
63302838
63312838
63322838
63332838
63342836
63352836
63362836
63372836
63382836
63392836
633a2835
633b2835
633c2835
633d2835
633e2835
633f2835
63402833
63412833
63422833
63432833
63442833
63452833
63462831
63472831
63482831
63492831
634a2831
634b2831
634c282f
634d282f
634e282f
634f282f
6350282f
6351282f
6352282e
6353282e
6354282e
6355282e
6356282e
6357282e
6358282c
6359282c
635a282c
635b282c
635c282c
635d282c
635e282a
635f282a
6360282a
6361282a
6362282a
6363282a
63642829
63652829
63662829
63672829
63682829
63692829
636a2827
636b2827
636c2827
636d2827
636e2827
636f2827
63702825
63712825
63722825
63732825
63742825
63752825
63762824
63772824
63782824
63792824
637a2824
637b2824
637c2822
637d2822
637e2822
637f2822
63802822
63812822
63822820
63832820
63842820
63852820
63862820
63872820
6388281f
6389281f
638a281f
638b281f
638c281f
638d281f
638e281d
638f281d
6390281d
6391281d
6392281d
6393281d
6394281b
6395281b
6396281b
6397281b
6398281b
6399281b
639a281a
639b281a
639c281a
639d281a
639e281a
639f281a
63a02818
63a12818
63a22818
63a32818
63a42818
63a52818
63a62816
63a72816
63a82816
63a92816
63aa2816
63ab2816
63ac2815
63ad2815
63ae2815
63af2815
63b02815
63b12815
63b22813
63b32813
63b42813
63b52813
63b62813
63b72813
63b82812
63b92812
63ba2812
63bb2812
63bc2812
63bd2812
63be2810
63bf2810
63c02810
63c12810
63c22810
63c32810
63c4280f
63c5280f
63c6280f
63c7280f
63c8280f
63c9280f
63ca280d
63cb280d
63cc280d
63cd280d
63ce280d
63cf280d
63d0280b
63d1280b
63d2280b
63d3280b
63d4280b
63d5280b
63d6280a
63d7280a
63d8280a
63d9280a
63da280a
63db280a
63dc2808
63dd2808
63de2808
63df2808
63e02808
63e12808
63e22807
63e32807
63e42807
63e52807
63e62807
63e72807
63e82805
63e92805
63ea2805
63eb2805
63ec2805
63ed2805
63ee2804
63ef2804
63f02804
63f12804
63f22804
63f32804
63f42802
63f52802
63f62802
63f72802
63f82802
63f92802
63fa2801
63fb2801
63fc2801
63fd2801
63fe2801
63ff2801
640027fa
640127fa
640227fa
640327fa
640427fa
640527fa
640627fa
640727fa
640827fa
640927fa
640a27fa
640b27fa
640c27ee
640d27ee
640e27ee
640f27ee
641027ee
641127ee
641227ee
641327ee
641427ee
641527ee
641627ee
641727ee
641827e3
641927e3
641a27e3
641b27e3
641c27e3
641d27e3
641e27e3
641f27e3
642027e3
642127e3
642227e3
642327e3
642427d7
642527d7
642627d7
642727d7
642827d7
642927d7
642a27d7
642b27d7
642c27d7
642d27d7
642e27d7
642f27d7
643027cc
643127cc
643227cc
643327cc
643427cc
643527cc
643627cc
643727cc
643827cc
643927cc
643a27cc
643b27cc
643c27c1
643d27c1
643e27c1
643f27c1
644027c1
644127c1
644227c1
644327c1
644427c1
644527c1
644627c1
644727c1
644827b6
644927b6
644a27b6
644b27b6
644c27b6
644d27b6
644e27b6
644f27b6
645027b6
645127b6
645227b6
645327b6
645427ac
645527ac
645627ac
645727ac
645827ac
645927ac
645a27ac
645b27ac
645c27ac
645d27ac
645e27ac
645f27ac
646027a1
646127a1
646227a1
646327a1
646427a1
646527a1
646627a1
646727a1
646827a1
646927a1
646a27a1
646b27a1
646c2797
646d2797
646e2797
646f2797
64702797
64712797
64722797
64732797
64742797
64752797
64762797
64772797
6478278d
6479278d
647a278d
647b278d
647c278d
647d278d
647e278d
647f278d
6480278d
6481278d
6482278d
6483278d
64842783
64852783
64862783
64872783
64882783
64892783
648a2783
648b2783
648c2783
648d2783
648e2783
648f2783
64902779
64912779
64922779
64932779
64942779
64952779
64962779
64972779
64982779
64992779
649a2779
649b2779
649c276f
649d276f
649e276f
649f276f
64a0276f
64a1276f
64a2276f
64a3276f
64a4276f
64a5276f
64a6276f
64a7276f
64a82765
64a92765
64aa2765
64ab2765
64ac2765
64ad2765
64ae2765
64af2765
64b02765
64b12765
64b22765
64b32765
64b4275c
64b5275c
64b6275c
64b7275c
64b8275c
64b9275c
64ba275c
64bb275c
64bc275c
64bd275c
64be275c
64bf275c
64c02753
64c12753
64c22753
64c32753
64c42753
64c52753
64c62753
64c72753
64c82753
64c92753
64ca2753
64cb2753
64cc274a
64cd274a
64ce274a
64cf274a
64d0274a
64d1274a
64d2274a
64d3274a
64d4274a
64d5274a
64d6274a
64d7274a
64d82741
64d92741
64da2741
64db2741
64dc2741
64dd2741
64de2741
64df2741
64e02741
64e12741
64e22741
64e32741
64e42738
64e52738
64e62738
64e72738
64e82738
64e92738
64ea2738
64eb2738
64ec2738
64ed2738
64ee2738
64ef2738
64f0272f
64f1272f
64f2272f
64f3272f
64f4272f
64f5272f
64f6272f
64f7272f
64f8272f
64f9272f
64fa272f
64fb272f
64fc2726
64fd2726
64fe2726
64ff2726
65002726
65012726
65022726
65032726
65042726
65052726
65062726
65072726
6508271e
6509271e
650a271e
650b271e
650c271e
650d271e
650e271e
650f271e
6510271e
6511271e
6512271e
6513271e
65142715
65152715
65162715
65172715
65182715
65192715
651a2715
651b2715
651c2715
651d2715
651e2715
651f2715
6520270d
6521270d
6522270d
6523270d
6524270d
6525270d
6526270d
6527270d
6528270d
6529270d
652a270d
652b270d
652c2705
652d2705
652e2705
652f2705
65302705
65312705
65322705
65332705
65342705
65352705
65362705
65372705
653826fd
653926fd
653a26fd
653b26fd
653c26fd
653d26fd
653e26fd
653f26fd
654026fd
654126fd
654226fd
654326fd
654426f5
654526f5
654626f5
654726f5
654826f5
654926f5
654a26f5
654b26f5
654c26f5
654d26f5
654e26f5
654f26f5
655026ed
655126ed
655226ed
655326ed
655426ed
655526ed
655626ed
655726ed
655826ed
655926ed
655a26ed
655b26ed
655c26e5
655d26e5
655e26e5
655f26e5
656026e5
656126e5
656226e5
656326e5
656426e5
656526e5
656626e5
656726e5
656826de
656926de
656a26de
656b26de
656c26de
656d26de
656e26de
656f26de
657026de
657126de
657226de
657326de
657426d6
657526d6
657626d6
657726d6
657826d6
657926d6
657a26d6
657b26d6
657c26d6
657d26d6
657e26d6
657f26d6
658026cf
658126cf
658226cf
658326cf
658426cf
658526cf
658626cf
658726cf
658826cf
658926cf
658a26cf
658b26cf
658c26c7
658d26c7
658e26c7
658f26c7
659026c7
659126c7
659226c7
659326c7
659426c7
659526c7
659626c7
659726c7
659826c0
659926c0
659a26c0
659b26c0
659c26c0
659d26c0
659e26c0
659f26c0
65a026c0
65a126c0
65a226c0
65a326c0
65a426b9
65a526b9
65a626b9
65a726b9
65a826b9
65a926b9
65aa26b9
65ab26b9
65ac26b9
65ad26b9
65ae26b9
65af26b9
65b026b2
65b126b2
65b226b2
65b326b2
65b426b2
65b526b2
65b626b2
65b726b2
65b826b2
65b926b2
65ba26b2
65bb26b2
65bc26ab
65bd26ab
65be26ab
65bf26ab
65c026ab
65c126ab
65c226ab
65c326ab
65c426ab
65c526ab
65c626ab
65c726ab
65c826a4
65c926a4
65ca26a4
65cb26a4
65cc26a4
65cd26a4
65ce26a4
65cf26a4
65d026a4
65d126a4
65d226a4
65d326a4
65d4269d
65d5269d
65d6269d
65d7269d
65d8269d
65d9269d
65da269d
65db269d
65dc269d
65dd269d
65de269d
65df269d
65e02697
65e12697
65e22697
65e32697
65e42697
65e52697
65e62697
65e72697
65e82697
65e92697
65ea2697
65eb2697
65ec2690
65ed2690
65ee2690
65ef2690
65f02690
65f12690
65f22690
65f32690
65f42690
65f52690
65f62690
65f72690
65f82689
65f92689
65fa2689
65fb2689
65fc2689
65fd2689
65fe2689
65ff2689
66002689
66012689
66022689
66032689
66042683
66052683
66062683
66072683
66082683
66092683
660a2683
660b2683
660c2683
660d2683
660e2683
660f2683
6610267c
6611267c
6612267c
6613267c
6614267c
6615267c
6616267c
6617267c
6618267c
6619267c
661a267c
661b267c
661c2676
661d2676
661e2676
661f2676
66202676
66212676
66222676
66232676
66242676
66252676
66262676
66272676
66282670
66292670
662a2670
662b2670
662c2670
662d2670
662e2670
662f2670
66302670
66312670
66322670
66332670
66342669
66352669
66362669
66372669
66382669
66392669
663a2669
663b2669
663c2669
663d2669
663e2669
663f2669
66402663
66412663
66422663
66432663
66442663
66452663
66462663
66472663
66482663
66492663
664a2663
664b2663
664c265d
664d265d
664e265d
664f265d
6650265d
6651265d
6652265d
6653265d
6654265d
6655265d
6656265d
6657265d
66582657
66592657
665a2657
665b2657
665c2657
665d2657
665e2657
665f2657
66602657
66612657
66622657
66632657
66642651
66652651
66662651
66672651
66682651
66692651
666a2651
666b2651
666c2651
666d2651
666e2651
666f2651
6670264b
6671264b
6672264b
6673264b
6674264b
6675264b
6676264b
6677264b
6678264b
6679264b
667a264b
667b264b
667c2646
667d2646
667e2646
667f2646
66802646
66812646
66822646
66832646
66842646
66852646
66862646
66872646
66882640
66892640
668a2640
668b2640
668c2640
668d2640
668e2640
668f2640
66902640
66912640
66922640
66932640
6694263a
6695263a
6696263a
6697263a
6698263a
6699263a
669a263a
669b263a
669c263a
669d263a
669e263a
669f263a
66a02635
66a12635
66a22635
66a32635
66a42635
66a52635
66a62635
66a72635
66a82635
66a92635
66aa2635
66ab2635
66ac262f
66ad262f
66ae262f
66af262f
66b0262f
66b1262f
66b2262f
66b3262f
66b4262f
66b5262f
66b6262f
66b7262f
66b82629
66b92629
66ba2629
66bb2629
66bc2629
66bd2629
66be2629
66bf2629
66c02629
66c12629
66c22629
66c32629
66c42624
66c52624
66c62624
66c72624
66c82624
66c92624
66ca2624
66cb2624
66cc2624
66cd2624
66ce2624
66cf2624
66d0261f
66d1261f
66d2261f
66d3261f
66d4261f
66d5261f
66d6261f
66d7261f
66d8261f
66d9261f
66da261f
66db261f
66dc2619
66dd2619
66de2619
66df2619
66e02619
66e12619
66e22619
66e32619
66e42619
66e52619
66e62619
66e72619
66e82614
66e92614
66ea2614
66eb2614
66ec2614
66ed2614
66ee2614
66ef2614
66f02614
66f12614
66f22614
66f32614
66f4260f
66f5260f
66f6260f
66f7260f
66f8260f
66f9260f
66fa260f
66fb260f
66fc260f
66fd260f
66fe260f
66ff260f
6700260a
6701260a
6702260a
6703260a
6704260a
6705260a
6706260a
6707260a
6708260a
6709260a
670a260a
670b260a
670c2604
670d2604
670e2604
670f2604
67102604
67112604
67122604
67132604
67142604
67152604
67162604
67172604
671825ff
671925ff
671a25ff
671b25ff
671c25ff
671d25ff
671e25ff
671f25ff
672025ff
672125ff
672225ff
672325ff
672425fa
672525fa
672625fa
672725fa
672825fa
672925fa
672a25fa
672b25fa
672c25fa
672d25fa
672e25fa
672f25fa
673025f5
673125f5
673225f5
673325f5
673425f5
673525f5
673625f5
673725f5
673825f5
673925f5
673a25f5
673b25f5
673c25f0
673d25f0
673e25f0
673f25f0
674025f0
674125f0
674225f0
674325f0
674425f0
674525f0
674625f0
674725f0
674825ec
674925ec
674a25ec
674b25ec
674c25ec
674d25ec
674e25ec
674f25ec
675025ec
675125ec
675225ec
675325ec
675425e7
675525e7
675625e7
675725e7
675825e7
675925e7
675a25e7
675b25e7
675c25e7
675d25e7
675e25e7
675f25e7
676025e2
676125e2
676225e2
676325e2
676425e2
676525e2
676625e2
676725e2
676825e2
676925e2
676a25e2
676b25e2
676c25dd
676d25dd
676e25dd
676f25dd
677025dd
677125dd
677225dd
677325dd
677425dd
677525dd
677625dd
677725dd
677825d8
677925d8
677a25d8
677b25d8
677c25d8
677d25d8
677e25d8
677f25d8
678025d8
678125d8
678225d8
678325d8
678425d4
678525d4
678625d4
678725d4
678825d4
678925d4
678a25d4
678b25d4
678c25d4
678d25d4
678e25d4
678f25d4
679025cf
679125cf
679225cf
679325cf
679425cf
679525cf
679625cf
679725cf
679825cf
679925cf
679a25cf
679b25cf
679c25cb
679d25cb
679e25cb
679f25cb
67a025cb
67a125cb
67a225cb
67a325cb
67a425cb
67a525cb
67a625cb
67a725cb
67a825c6
67a925c6
67aa25c6
67ab25c6
67ac25c6
67ad25c6
67ae25c6
67af25c6
67b025c6
67b125c6
67b225c6
67b325c6
67b425c2
67b525c2
67b625c2
67b725c2
67b825c2
67b925c2
67ba25c2
67bb25c2
67bc25c2
67bd25c2
67be25c2
67bf25c2
67c025bd
67c125bd
67c225bd
67c325bd
67c425bd
67c525bd
67c625bd
67c725bd
67c825bd
67c925bd
67ca25bd
67cb25bd
67cc25b9
67cd25b9
67ce25b9
67cf25b9
67d025b9
67d125b9
67d225b9
67d325b9
67d425b9
67d525b9
67d625b9
67d725b9
67d825b4
67d925b4
67da25b4
67db25b4
67dc25b4
67dd25b4
67de25b4
67df25b4
67e025b4
67e125b4
67e225b4
67e325b4
67e425b0
67e525b0
67e625b0
67e725b0
67e825b0
67e925b0
67ea25b0
67eb25b0
67ec25b0
67ed25b0
67ee25b0
67ef25b0
67f025ac
67f125ac
67f225ac
67f325ac
67f425ac
67f525ac
67f625ac
67f725ac
67f825ac
67f925ac
67fa25ac
67fb25ac
67fc25a7
67fd25a7
67fe25a7
67ff25a7
680025a7
680125a7
680225a7
680325a7
680425a3
680525a3
680625a3
680725a3
680825a3
680925a3
680a259f
680b259f
680c259f
680d259f
680e259f
680f259f
6810259b
6811259b
6812259b
6813259b
6814259b
6815259b
68162597
68172597
68182597
68192597
681a2597
681b2597
681c2593
681d2593
681e2593
681f2593
68202593
68212593
6822258f
6823258f
6824258f
6825258f
6826258f
6827258f
6828258b
6829258b
682a258b
682b258b
682c258b
682d258b
682e2587
682f2587
68302587
68312587
68322587
68332587
68342583
68352583
68362583
68372583
68382583
68392583
683a257f
683b257f
683c257f
683d257f
683e257f
683f257f
6840257b
6841257b
6842257b
6843257b
6844257b
6845257b
68462577
68472577
68482577
68492577
684a2577
684b2577
684c2573
684d2573
684e2573
684f2573
68502573
68512573
68522570
68532570
68542570
68552570
68562570
68572570
6858256c
6859256c
685a256c
685b256c
685c256c
685d256c
685e2568
685f2568
68602568
68612568
68622568
68632568
68642564
68652564
68662564
68672564
68682564
68692564
686a2561
686b2561
686c2561
686d2561
686e2561
686f2561
6870255d
6871255d
6872255d
6873255d
6874255d
6875255d
6876255a
6877255a
6878255a
6879255a
687a255a
687b255a
687c2556
687d2556
687e2556
687f2556
68802556
68812556
68822552
68832552
68842552
68852552
68862552
68872552
6888254f
6889254f
688a254f
688b254f
688c254f
688d254f
688e254b
688f254b
6890254b
6891254b
6892254b
6893254b
68942548
68952548
68962548
68972548
68982548
68992548
689a2544
689b2544
689c2544
689d2544
689e2544
689f2544
68a02541
68a12541
68a22541
68a32541
68a42541
68a52541
68a6253e
68a7253e
68a8253e
68a9253e
68aa253e
68ab253e
68ac253a
68ad253a
68ae253a
68af253a
68b0253a
68b1253a
68b22537
68b32537
68b42537
68b52537
68b62537
68b72537
68b82534
68b92534
68ba2534
68bb2534
68bc2534
68bd2534
68be2530
68bf2530
68c02530
68c12530
68c22530
68c32530
68c4252d
68c5252d
68c6252d
68c7252d
68c8252d
68c9252d
68ca252a
68cb252a
68cc252a
68cd252a
68ce252a
68cf252a
68d02527
68d12527
68d22527
68d32527
68d42527
68d52527
68d62523
68d72523
68d82523
68d92523
68da2523
68db2523
68dc2520
68dd2520
68de2520
68df2520
68e02520
68e12520
68e2251d
68e3251d
68e4251d
68e5251d
68e6251d
68e7251d
68e8251a
68e9251a
68ea251a
68eb251a
68ec251a
68ed251a
68ee2517
68ef2517
68f02517
68f12517
68f22517
68f32517
68f42514
68f52514
68f62514
68f72514
68f82514
68f92514
68fa2511
68fb2511
68fc2511
68fd2511
68fe2511
68ff2511
6900250e
6901250e
6902250e
6903250e
6904250e
6905250e
6906250b
6907250b
6908250b
6909250b
690a250b
690b250b
690c2508
690d2508
690e2508
690f2508
69102508
69112508
69122505
69132505
69142505
69152505
69162505
69172505
69182502
69192502
691a2502
691b2502
691c2502
691d2502
691e24ff
691f24ff
692024ff
692124ff
692224ff
692324ff
692424fc
692524fc
692624fc
692724fc
692824fc
692924fc
692a24f9
692b24f9
692c24f9
692d24f9
692e24f9
692f24f9
693024f6
693124f6
693224f6
693324f6
693424f6
693524f6
693624f3
693724f3
693824f3
693924f3
693a24f3
693b24f3
693c24f1
693d24f1
693e24f1
693f24f1
694024f1
694124f1
694224ee
694324ee
694424ee
694524ee
694624ee
694724ee
694824eb
694924eb
694a24eb
694b24eb
694c24eb
694d24eb
694e24e8
694f24e8
695024e8
695124e8
695224e8
695324e8
695424e5
695524e5
695624e5
695724e5
695824e5
695924e5
695a24e3
695b24e3
695c24e3
695d24e3
695e24e3
695f24e3
696024e0
696124e0
696224e0
696324e0
696424e0
696524e0
696624dd
696724dd
696824dd
696924dd
696a24dd
696b24dd
696c24db
696d24db
696e24db
696f24db
697024db
697124db
697224d8
697324d8
697424d8
697524d8
697624d8
697724d8
697824d5
697924d5
697a24d5
697b24d5
697c24d5
697d24d5
697e24d3
697f24d3
698024d3
698124d3
698224d3
698324d3
698424d0
698524d0
698624d0
698724d0
698824d0
698924d0
698a24cd
698b24cd
698c24cd
698d24cd
698e24cd
698f24cd
699024cb
699124cb
699224cb
699324cb
699424cb
699524cb
699624c8
699724c8
699824c8
699924c8
699a24c8
699b24c8
699c24c6
699d24c6
699e24c6
699f24c6
69a024c6
69a124c6
69a224c3
69a324c3
69a424c3
69a524c3
69a624c3
69a724c3
69a824c1
69a924c1
69aa24c1
69ab24c1
69ac24c1
69ad24c1
69ae24be
69af24be
69b024be
69b124be
69b224be
69b324be
69b424bc
69b524bc
69b624bc
69b724bc
69b824bc
69b924bc
69ba24b9
69bb24b9
69bc24b9
69bd24b9
69be24b9
69bf24b9
69c024b7
69c124b7
69c224b7
69c324b7
69c424b7
69c524b7
69c624b4
69c724b4
69c824b4
69c924b4
69ca24b4
69cb24b4
69cc24b2
69cd24b2
69ce24b2
69cf24b2
69d024b2
69d124b2
69d224af
69d324af
69d424af
69d524af
69d624af
69d724af
69d824ad
69d924ad
69da24ad
69db24ad
69dc24ad
69dd24ad
69de24ab
69df24ab
69e024ab
69e124ab
69e224ab
69e324ab
69e424a8
69e524a8
69e624a8
69e724a8
69e824a8
69e924a8
69ea24a6
69eb24a6
69ec24a6
69ed24a6
69ee24a6
69ef24a6
69f024a3
69f124a3
69f224a3
69f324a3
69f424a3
69f524a3
69f624a1
69f724a1
69f824a1
69f924a1
69fa24a1
69fb24a1
69fc249f
69fd249f
69fe249f
69ff249f
6a00249f
6a01249f
6a02249c
6a03249c
6a04249c
6a05249c
6a06249c
6a07249c
6a08249a
6a09249a
6a0a249a
6a0b249a
6a0c249a
6a0d249a
6a0e2498
6a0f2498
6a102498
6a112498
6a122498
6a132498
6a142496
6a152496
6a162496
6a172496
6a182496
6a192496
6a1a2493
6a1b2493
6a1c2493
6a1d2493
6a1e2493
6a1f2493
6a202491
6a212491
6a222491
6a232491
6a242491
6a252491
6a26248f
6a27248f
6a28248f
6a29248f
6a2a248f
6a2b248f
6a2c248d
6a2d248d
6a2e248d
6a2f248d
6a30248d
6a31248d
6a32248b
6a33248b
6a34248b
6a35248b
6a36248b
6a37248b
6a382488
6a392488
6a3a2488
6a3b2488
6a3c2488
6a3d2488
6a3e2486
6a3f2486
6a402486
6a412486
6a422486
6a432486
6a442484
6a452484
6a462484
6a472484
6a482484
6a492484
6a4a2482
6a4b2482
6a4c2482
6a4d2482
6a4e2482
6a4f2482
6a502480
6a512480
6a522480
6a532480
6a542480
6a552480
6a56247e
6a57247e
6a58247e
6a59247e
6a5a247e
6a5b247e
6a5c247b
6a5d247b
6a5e247b
6a5f247b
6a60247b
6a61247b
6a622479
6a632479
6a642479
6a652479
6a662479
6a672479
6a682477
6a692477
6a6a2477
6a6b2477
6a6c2477
6a6d2477
6a6e2475
6a6f2475
6a702475
6a712475
6a722475
6a732475
6a742473
6a752473
6a762473
6a772473
6a782473
6a792473
6a7a2471
6a7b2471
6a7c2471
6a7d2471
6a7e2471
6a7f2471
6a80246f
6a81246f
6a82246f
6a83246f
6a84246f
6a85246f
6a86246d
6a87246d
6a88246d
6a89246d
6a8a246d
6a8b246d
6a8c246b
6a8d246b
6a8e246b
6a8f246b
6a90246b
6a91246b
6a922469
6a932469
6a942469
6a952469
6a962469
6a972469
6a982467
6a992467
6a9a2467
6a9b2467
6a9c2467
6a9d2467
6a9e2465
6a9f2465
6aa02465
6aa12465
6aa22465
6aa32465
6aa42463
6aa52463
6aa62463
6aa72463
6aa82463
6aa92463
6aaa2461
6aab2461
6aac2461
6aad2461
6aae2461
6aaf2461
6ab0245f
6ab1245f
6ab2245f
6ab3245f
6ab4245f
6ab5245f
6ab6245d
6ab7245d
6ab8245d
6ab9245d
6aba245d
6abb245d
6abc245b
6abd245b
6abe245b
6abf245b
6ac0245b
6ac1245b
6ac22459
6ac32459
6ac42459
6ac52459
6ac62459
6ac72459
6ac82457
6ac92457
6aca2457
6acb2457
6acc2457
6acd2457
6ace2455
6acf2455
6ad02455
6ad12455
6ad22455
6ad32455
6ad42453
6ad52453
6ad62453
6ad72453
6ad82453
6ad92453
6ada2452
6adb2452
6adc2452
6add2452
6ade2452
6adf2452
6ae02450
6ae12450
6ae22450
6ae32450
6ae42450
6ae52450
6ae6244e
6ae7244e
6ae8244e
6ae9244e
6aea244e
6aeb244e
6aec244c
6aed244c
6aee244c
6aef244c
6af0244c
6af1244c
6af2244a
6af3244a
6af4244a
6af5244a
6af6244a
6af7244a
6af82448
6af92448
6afa2448
6afb2448
6afc2448
6afd2448
6afe2446
6aff2446
6b002446
6b012446
6b022446
6b032446
6b042445
6b052445
6b062445
6b072445
6b082445
6b092445
6b0a2443
6b0b2443
6b0c2443
6b0d2443
6b0e2443
6b0f2443
6b102441
6b112441
6b122441
6b132441
6b142441
6b152441
6b16243f
6b17243f
6b18243f
6b19243f
6b1a243f
6b1b243f
6b1c243d
6b1d243d
6b1e243d
6b1f243d
6b20243d
6b21243d
6b22243c
6b23243c
6b24243c
6b25243c
6b26243c
6b27243c
6b28243a
6b29243a
6b2a243a
6b2b243a
6b2c243a
6b2d243a
6b2e2438
6b2f2438
6b302438
6b312438
6b322438
6b332438
6b342436
6b352436
6b362436
6b372436
6b382436
6b392436
6b3a2435
6b3b2435
6b3c2435
6b3d2435
6b3e2435
6b3f2435
6b402433
6b412433
6b422433
6b432433
6b442433
6b452433
6b462431
6b472431
6b482431
6b492431
6b4a2431
6b4b2431
6b4c242f
6b4d242f
6b4e242f
6b4f242f
6b50242f
6b51242f
6b52242e
6b53242e
6b54242e
6b55242e
6b56242e
6b57242e
6b58242c
6b59242c
6b5a242c
6b5b242c
6b5c242c
6b5d242c
6b5e242a
6b5f242a
6b60242a
6b61242a
6b62242a
6b63242a
6b642429
6b652429
6b662429
6b672429
6b682429
6b692429
6b6a2427
6b6b2427
6b6c2427
6b6d2427
6b6e2427
6b6f2427
6b702425
6b712425
6b722425
6b732425
6b742425
6b752425
6b762424
6b772424
6b782424
6b792424
6b7a2424
6b7b2424
6b7c2422
6b7d2422
6b7e2422
6b7f2422
6b802422
6b812422
6b822420
6b832420
6b842420
6b852420
6b862420
6b872420
6b88241f
6b89241f
6b8a241f
6b8b241f
6b8c241f
6b8d241f
6b8e241d
6b8f241d
6b90241d
6b91241d
6b92241d
6b93241d
6b94241b
6b95241b
6b96241b
6b97241b
6b98241b
6b99241b
6b9a241a
6b9b241a
6b9c241a
6b9d241a
6b9e241a
6b9f241a
6ba02418
6ba12418
6ba22418
6ba32418
6ba42418
6ba52418
6ba62416
6ba72416
6ba82416
6ba92416
6baa2416
6bab2416
6bac2415
6bad2415
6bae2415
6baf2415
6bb02415
6bb12415
6bb22413
6bb32413
6bb42413
6bb52413
6bb62413
6bb72413
6bb82412
6bb92412
6bba2412
6bbb2412
6bbc2412
6bbd2412
6bbe2410
6bbf2410
6bc02410
6bc12410
6bc22410
6bc32410
6bc4240f
6bc5240f
6bc6240f
6bc7240f
6bc8240f
6bc9240f
6bca240d
6bcb240d
6bcc240d
6bcd240d
6bce240d
6bcf240d
6bd0240b
6bd1240b
6bd2240b
6bd3240b
6bd4240b
6bd5240b
6bd6240a
6bd7240a
6bd8240a
6bd9240a
6bda240a
6bdb240a
6bdc2408
6bdd2408
6bde2408
6bdf2408
6be02408
6be12408
6be22407
6be32407
6be42407
6be52407
6be62407
6be72407
6be82405
6be92405
6bea2405
6beb2405
6bec2405
6bed2405
6bee2404
6bef2404
6bf02404
6bf12404
6bf22404
6bf32404
6bf42402
6bf52402
6bf62402
6bf72402
6bf82402
6bf92402
6bfa2401
6bfb2401
6bfc2401
6bfd2401
6bfe2401
6bff2401
6c0023fa
6c0123fa
6c0223fa
6c0323fa
6c0423fa
6c0523fa
6c0623fa
6c0723fa
6c0823fa
6c0923fa
6c0a23fa
6c0b23fa
6c0c23ee
6c0d23ee
6c0e23ee
6c0f23ee
6c1023ee
6c1123ee
6c1223ee
6c1323ee
6c1423ee
6c1523ee
6c1623ee
6c1723ee
6c1823e3
6c1923e3
6c1a23e3
6c1b23e3
6c1c23e3
6c1d23e3
6c1e23e3
6c1f23e3
6c2023e3
6c2123e3
6c2223e3
6c2323e3
6c2423d7
6c2523d7
6c2623d7
6c2723d7
6c2823d7
6c2923d7
6c2a23d7
6c2b23d7
6c2c23d7
6c2d23d7
6c2e23d7
6c2f23d7
6c3023cc
6c3123cc
6c3223cc
6c3323cc
6c3423cc
6c3523cc
6c3623cc
6c3723cc
6c3823cc
6c3923cc
6c3a23cc
6c3b23cc
6c3c23c1
6c3d23c1
6c3e23c1
6c3f23c1
6c4023c1
6c4123c1
6c4223c1
6c4323c1
6c4423c1
6c4523c1
6c4623c1
6c4723c1
6c4823b6
6c4923b6
6c4a23b6
6c4b23b6
6c4c23b6
6c4d23b6
6c4e23b6
6c4f23b6
6c5023b6
6c5123b6
6c5223b6
6c5323b6
6c5423ac
6c5523ac
6c5623ac
6c5723ac
6c5823ac
6c5923ac
6c5a23ac
6c5b23ac
6c5c23ac
6c5d23ac
6c5e23ac
6c5f23ac
6c6023a1
6c6123a1
6c6223a1
6c6323a1
6c6423a1
6c6523a1
6c6623a1
6c6723a1
6c6823a1
6c6923a1
6c6a23a1
6c6b23a1
6c6c2397
6c6d2397
6c6e2397
6c6f2397
6c702397
6c712397
6c722397
6c732397
6c742397
6c752397
6c762397
6c772397
6c78238d
6c79238d
6c7a238d
6c7b238d
6c7c238d
6c7d238d
6c7e238d
6c7f238d
6c80238d
6c81238d
6c82238d
6c83238d
6c842383
6c852383
6c862383
6c872383
6c882383
6c892383
6c8a2383
6c8b2383
6c8c2383
6c8d2383
6c8e2383
6c8f2383
6c902379
6c912379
6c922379
6c932379
6c942379
6c952379
6c962379
6c972379
6c982379
6c992379
6c9a2379
6c9b2379
6c9c236f
6c9d236f
6c9e236f
6c9f236f
6ca0236f
6ca1236f
6ca2236f
6ca3236f
6ca4236f
6ca5236f
6ca6236f
6ca7236f
6ca82365
6ca92365
6caa2365
6cab2365
6cac2365
6cad2365
6cae2365
6caf2365
6cb02365
6cb12365
6cb22365
6cb32365
6cb4235c
6cb5235c
6cb6235c
6cb7235c
6cb8235c
6cb9235c
6cba235c
6cbb235c
6cbc235c
6cbd235c
6cbe235c
6cbf235c
6cc02353
6cc12353
6cc22353
6cc32353
6cc42353
6cc52353
6cc62353
6cc72353
6cc82353
6cc92353
6cca2353
6ccb2353
6ccc234a
6ccd234a
6cce234a
6ccf234a
6cd0234a
6cd1234a
6cd2234a
6cd3234a
6cd4234a
6cd5234a
6cd6234a
6cd7234a
6cd82341
6cd92341
6cda2341
6cdb2341
6cdc2341
6cdd2341
6cde2341
6cdf2341
6ce02341
6ce12341
6ce22341
6ce32341
6ce42338
6ce52338
6ce62338
6ce72338
6ce82338
6ce92338
6cea2338
6ceb2338
6cec2338
6ced2338
6cee2338
6cef2338
6cf0232f
6cf1232f
6cf2232f
6cf3232f
6cf4232f
6cf5232f
6cf6232f
6cf7232f
6cf8232f
6cf9232f
6cfa232f
6cfb232f
6cfc2326
6cfd2326
6cfe2326
6cff2326
6d002326
6d012326
6d022326
6d032326
6d042326
6d052326
6d062326
6d072326
6d08231e
6d09231e
6d0a231e
6d0b231e
6d0c231e
6d0d231e
6d0e231e
6d0f231e
6d10231e
6d11231e
6d12231e
6d13231e
6d142315
6d152315
6d162315
6d172315
6d182315
6d192315
6d1a2315
6d1b2315
6d1c2315
6d1d2315
6d1e2315
6d1f2315
6d20230d
6d21230d
6d22230d
6d23230d
6d24230d
6d25230d
6d26230d
6d27230d
6d28230d
6d29230d
6d2a230d
6d2b230d
6d2c2305
6d2d2305
6d2e2305
6d2f2305
6d302305
6d312305
6d322305
6d332305
6d342305
6d352305
6d362305
6d372305
6d3822fd
6d3922fd
6d3a22fd
6d3b22fd
6d3c22fd
6d3d22fd
6d3e22fd
6d3f22fd
6d4022fd
6d4122fd
6d4222fd
6d4322fd
6d4422f5
6d4522f5
6d4622f5
6d4722f5
6d4822f5
6d4922f5
6d4a22f5
6d4b22f5
6d4c22f5
6d4d22f5
6d4e22f5
6d4f22f5
6d5022ed
6d5122ed
6d5222ed
6d5322ed
6d5422ed
6d5522ed
6d5622ed
6d5722ed
6d5822ed
6d5922ed
6d5a22ed
6d5b22ed
6d5c22e5
6d5d22e5
6d5e22e5
6d5f22e5
6d6022e5
6d6122e5
6d6222e5
6d6322e5
6d6422e5
6d6522e5
6d6622e5
6d6722e5
6d6822de
6d6922de
6d6a22de
6d6b22de
6d6c22de
6d6d22de
6d6e22de
6d6f22de
6d7022de
6d7122de
6d7222de
6d7322de
6d7422d6
6d7522d6
6d7622d6
6d7722d6
6d7822d6
6d7922d6
6d7a22d6
6d7b22d6
6d7c22d6
6d7d22d6
6d7e22d6
6d7f22d6
6d8022cf
6d8122cf
6d8222cf
6d8322cf
6d8422cf
6d8522cf
6d8622cf
6d8722cf
6d8822cf
6d8922cf
6d8a22cf
6d8b22cf
6d8c22c7
6d8d22c7
6d8e22c7
6d8f22c7
6d9022c7
6d9122c7
6d9222c7
6d9322c7
6d9422c7
6d9522c7
6d9622c7
6d9722c7
6d9822c0
6d9922c0
6d9a22c0
6d9b22c0
6d9c22c0
6d9d22c0
6d9e22c0
6d9f22c0
6da022c0
6da122c0
6da222c0
6da322c0
6da422b9
6da522b9
6da622b9
6da722b9
6da822b9
6da922b9
6daa22b9
6dab22b9
6dac22b9
6dad22b9
6dae22b9
6daf22b9
6db022b2
6db122b2
6db222b2
6db322b2
6db422b2
6db522b2
6db622b2
6db722b2
6db822b2
6db922b2
6dba22b2
6dbb22b2
6dbc22ab
6dbd22ab
6dbe22ab
6dbf22ab
6dc022ab
6dc122ab
6dc222ab
6dc322ab
6dc422ab
6dc522ab
6dc622ab
6dc722ab
6dc822a4
6dc922a4
6dca22a4
6dcb22a4
6dcc22a4
6dcd22a4
6dce22a4
6dcf22a4
6dd022a4
6dd122a4
6dd222a4
6dd322a4
6dd4229d
6dd5229d
6dd6229d
6dd7229d
6dd8229d
6dd9229d
6dda229d
6ddb229d
6ddc229d
6ddd229d
6dde229d
6ddf229d
6de02297
6de12297
6de22297
6de32297
6de42297
6de52297
6de62297
6de72297
6de82297
6de92297
6dea2297
6deb2297
6dec2290
6ded2290
6dee2290
6def2290
6df02290
6df12290
6df22290
6df32290
6df42290
6df52290
6df62290
6df72290
6df82289
6df92289
6dfa2289
6dfb2289
6dfc2289
6dfd2289
6dfe2289
6dff2289
6e002289
6e012289
6e022289
6e032289
6e042283
6e052283
6e062283
6e072283
6e082283
6e092283
6e0a2283
6e0b2283
6e0c2283
6e0d2283
6e0e2283
6e0f2283
6e10227c
6e11227c
6e12227c
6e13227c
6e14227c
6e15227c
6e16227c
6e17227c
6e18227c
6e19227c
6e1a227c
6e1b227c
6e1c2276
6e1d2276
6e1e2276
6e1f2276
6e202276
6e212276
6e222276
6e232276
6e242276
6e252276
6e262276
6e272276
6e282270
6e292270
6e2a2270
6e2b2270
6e2c2270
6e2d2270
6e2e2270
6e2f2270
6e302270
6e312270
6e322270
6e332270
6e342269
6e352269
6e362269
6e372269
6e382269
6e392269
6e3a2269
6e3b2269
6e3c2269
6e3d2269
6e3e2269
6e3f2269
6e402263
6e412263
6e422263
6e432263
6e442263
6e452263
6e462263
6e472263
6e482263
6e492263
6e4a2263
6e4b2263
6e4c225d
6e4d225d
6e4e225d
6e4f225d
6e50225d
6e51225d
6e52225d
6e53225d
6e54225d
6e55225d
6e56225d
6e57225d
6e582257
6e592257
6e5a2257
6e5b2257
6e5c2257
6e5d2257
6e5e2257
6e5f2257
6e602257
6e612257
6e622257
6e632257
6e642251
6e652251
6e662251
6e672251
6e682251
6e692251
6e6a2251
6e6b2251
6e6c2251
6e6d2251
6e6e2251
6e6f2251
6e70224b
6e71224b
6e72224b
6e73224b
6e74224b
6e75224b
6e76224b
6e77224b
6e78224b
6e79224b
6e7a224b
6e7b224b
6e7c2246
6e7d2246
6e7e2246
6e7f2246
6e802246
6e812246
6e822246
6e832246
6e842246
6e852246
6e862246
6e872246
6e882240
6e892240
6e8a2240
6e8b2240
6e8c2240
6e8d2240
6e8e2240
6e8f2240
6e902240
6e912240
6e922240
6e932240
6e94223a
6e95223a
6e96223a
6e97223a
6e98223a
6e99223a
6e9a223a
6e9b223a
6e9c223a
6e9d223a
6e9e223a
6e9f223a
6ea02235
6ea12235
6ea22235
6ea32235
6ea42235
6ea52235
6ea62235
6ea72235
6ea82235
6ea92235
6eaa2235
6eab2235
6eac222f
6ead222f
6eae222f
6eaf222f
6eb0222f
6eb1222f
6eb2222f
6eb3222f
6eb4222f
6eb5222f
6eb6222f
6eb7222f
6eb82229
6eb92229
6eba2229
6ebb2229
6ebc2229
6ebd2229
6ebe2229
6ebf2229
6ec02229
6ec12229
6ec22229
6ec32229
6ec42224
6ec52224
6ec62224
6ec72224
6ec82224
6ec92224
6eca2224
6ecb2224
6ecc2224
6ecd2224
6ece2224
6ecf2224
6ed0221f
6ed1221f
6ed2221f
6ed3221f
6ed4221f
6ed5221f
6ed6221f
6ed7221f
6ed8221f
6ed9221f
6eda221f
6edb221f
6edc2219
6edd2219
6ede2219
6edf2219
6ee02219
6ee12219
6ee22219
6ee32219
6ee42219
6ee52219
6ee62219
6ee72219
6ee82214
6ee92214
6eea2214
6eeb2214
6eec2214
6eed2214
6eee2214
6eef2214
6ef02214
6ef12214
6ef22214
6ef32214
6ef4220f
6ef5220f
6ef6220f
6ef7220f
6ef8220f
6ef9220f
6efa220f
6efb220f
6efc220f
6efd220f
6efe220f
6eff220f
6f00220a
6f01220a
6f02220a
6f03220a
6f04220a
6f05220a
6f06220a
6f07220a
6f08220a
6f09220a
6f0a220a
6f0b220a
6f0c2204
6f0d2204
6f0e2204
6f0f2204
6f102204
6f112204
6f122204
6f132204
6f142204
6f152204
6f162204
6f172204
6f1821ff
6f1921ff
6f1a21ff
6f1b21ff
6f1c21ff
6f1d21ff
6f1e21ff
6f1f21ff
6f2021ff
6f2121ff
6f2221ff
6f2321ff
6f2421fa
6f2521fa
6f2621fa
6f2721fa
6f2821fa
6f2921fa
6f2a21fa
6f2b21fa
6f2c21fa
6f2d21fa
6f2e21fa
6f2f21fa
6f3021f5
6f3121f5
6f3221f5
6f3321f5
6f3421f5
6f3521f5
6f3621f5
6f3721f5
6f3821f5
6f3921f5
6f3a21f5
6f3b21f5
6f3c21f0
6f3d21f0
6f3e21f0
6f3f21f0
6f4021f0
6f4121f0
6f4221f0
6f4321f0
6f4421f0
6f4521f0
6f4621f0
6f4721f0
6f4821ec
6f4921ec
6f4a21ec
6f4b21ec
6f4c21ec
6f4d21ec
6f4e21ec
6f4f21ec
6f5021ec
6f5121ec
6f5221ec
6f5321ec
6f5421e7
6f5521e7
6f5621e7
6f5721e7
6f5821e7
6f5921e7
6f5a21e7
6f5b21e7
6f5c21e7
6f5d21e7
6f5e21e7
6f5f21e7
6f6021e2
6f6121e2
6f6221e2
6f6321e2
6f6421e2
6f6521e2
6f6621e2
6f6721e2
6f6821e2
6f6921e2
6f6a21e2
6f6b21e2
6f6c21dd
6f6d21dd
6f6e21dd
6f6f21dd
6f7021dd
6f7121dd
6f7221dd
6f7321dd
6f7421dd
6f7521dd
6f7621dd
6f7721dd
6f7821d8
6f7921d8
6f7a21d8
6f7b21d8
6f7c21d8
6f7d21d8
6f7e21d8
6f7f21d8
6f8021d8
6f8121d8
6f8221d8
6f8321d8
6f8421d4
6f8521d4
6f8621d4
6f8721d4
6f8821d4
6f8921d4
6f8a21d4
6f8b21d4
6f8c21d4
6f8d21d4
6f8e21d4
6f8f21d4
6f9021cf
6f9121cf
6f9221cf
6f9321cf
6f9421cf
6f9521cf
6f9621cf
6f9721cf
6f9821cf
6f9921cf
6f9a21cf
6f9b21cf
6f9c21cb
6f9d21cb
6f9e21cb
6f9f21cb
6fa021cb
6fa121cb
6fa221cb
6fa321cb
6fa421cb
6fa521cb
6fa621cb
6fa721cb
6fa821c6
6fa921c6
6faa21c6
6fab21c6
6fac21c6
6fad21c6
6fae21c6
6faf21c6
6fb021c6
6fb121c6
6fb221c6
6fb321c6
6fb421c2
6fb521c2
6fb621c2
6fb721c2
6fb821c2
6fb921c2
6fba21c2
6fbb21c2
6fbc21c2
6fbd21c2
6fbe21c2
6fbf21c2
6fc021bd
6fc121bd
6fc221bd
6fc321bd
6fc421bd
6fc521bd
6fc621bd
6fc721bd
6fc821bd
6fc921bd
6fca21bd
6fcb21bd
6fcc21b9
6fcd21b9
6fce21b9
6fcf21b9
6fd021b9
6fd121b9
6fd221b9
6fd321b9
6fd421b9
6fd521b9
6fd621b9
6fd721b9
6fd821b4
6fd921b4
6fda21b4
6fdb21b4
6fdc21b4
6fdd21b4
6fde21b4
6fdf21b4
6fe021b4
6fe121b4
6fe221b4
6fe321b4
6fe421b0
6fe521b0
6fe621b0
6fe721b0
6fe821b0
6fe921b0
6fea21b0
6feb21b0
6fec21b0
6fed21b0
6fee21b0
6fef21b0
6ff021ac
6ff121ac
6ff221ac
6ff321ac
6ff421ac
6ff521ac
6ff621ac
6ff721ac
6ff821ac
6ff921ac
6ffa21ac
6ffb21ac
6ffc21a7
6ffd21a7
6ffe21a7
6fff21a7
700021a7
700121a7
700221a7
700321a7
700421a3
700521a3
700621a3
700721a3
700821a3
700921a3
700a219f
700b219f
700c219f
700d219f
700e219f
700f219f
7010219b
7011219b
7012219b
7013219b
7014219b
7015219b
70162197
70172197
70182197
70192197
701a2197
701b2197
701c2193
701d2193
701e2193
701f2193
70202193
70212193
7022218f
7023218f
7024218f
7025218f
7026218f
7027218f
7028218b
7029218b
702a218b
702b218b
702c218b
702d218b
702e2187
702f2187
70302187
70312187
70322187
70332187
70342183
70352183
70362183
70372183
70382183
70392183
703a217f
703b217f
703c217f
703d217f
703e217f
703f217f
7040217b
7041217b
7042217b
7043217b
7044217b
7045217b
70462177
70472177
70482177
70492177
704a2177
704b2177
704c2173
704d2173
704e2173
704f2173
70502173
70512173
70522170
70532170
70542170
70552170
70562170
70572170
7058216c
7059216c
705a216c
705b216c
705c216c
705d216c
705e2168
705f2168
70602168
70612168
70622168
70632168
70642164
70652164
70662164
70672164
70682164
70692164
706a2161
706b2161
706c2161
706d2161
706e2161
706f2161
7070215d
7071215d
7072215d
7073215d
7074215d
7075215d
7076215a
7077215a
7078215a
7079215a
707a215a
707b215a
707c2156
707d2156
707e2156
707f2156
70802156
70812156
70822152
70832152
70842152
70852152
70862152
70872152
7088214f
7089214f
708a214f
708b214f
708c214f
708d214f
708e214b
708f214b
7090214b
7091214b
7092214b
7093214b
70942148
70952148
70962148
70972148
70982148
70992148
709a2144
709b2144
709c2144
709d2144
709e2144
709f2144
70a02141
70a12141
70a22141
70a32141
70a42141
70a52141
70a6213e
70a7213e
70a8213e
70a9213e
70aa213e
70ab213e
70ac213a
70ad213a
70ae213a
70af213a
70b0213a
70b1213a
70b22137
70b32137
70b42137
70b52137
70b62137
70b72137
70b82134
70b92134
70ba2134
70bb2134
70bc2134
70bd2134
70be2130
70bf2130
70c02130
70c12130
70c22130
70c32130
70c4212d
70c5212d
70c6212d
70c7212d
70c8212d
70c9212d
70ca212a
70cb212a
70cc212a
70cd212a
70ce212a
70cf212a
70d02127
70d12127
70d22127
70d32127
70d42127
70d52127
70d62123
70d72123
70d82123
70d92123
70da2123
70db2123
70dc2120
70dd2120
70de2120
70df2120
70e02120
70e12120
70e2211d
70e3211d
70e4211d
70e5211d
70e6211d
70e7211d
70e8211a
70e9211a
70ea211a
70eb211a
70ec211a
70ed211a
70ee2117
70ef2117
70f02117
70f12117
70f22117
70f32117
70f42114
70f52114
70f62114
70f72114
70f82114
70f92114
70fa2111
70fb2111
70fc2111
70fd2111
70fe2111
70ff2111
7100210e
7101210e
7102210e
7103210e
7104210e
7105210e
7106210b
7107210b
7108210b
7109210b
710a210b
710b210b
710c2108
710d2108
710e2108
710f2108
71102108
71112108
71122105
71132105
71142105
71152105
71162105
71172105
71182102
71192102
711a2102
711b2102
711c2102
711d2102
711e20ff
711f20ff
712020ff
712120ff
712220ff
712320ff
712420fc
712520fc
712620fc
712720fc
712820fc
712920fc
712a20f9
712b20f9
712c20f9
712d20f9
712e20f9
712f20f9
713020f6
713120f6
713220f6
713320f6
713420f6
713520f6
713620f3
713720f3
713820f3
713920f3
713a20f3
713b20f3
713c20f1
713d20f1
713e20f1
713f20f1
714020f1
714120f1
714220ee
714320ee
714420ee
714520ee
714620ee
714720ee
714820eb
714920eb
714a20eb
714b20eb
714c20eb
714d20eb
714e20e8
714f20e8
715020e8
715120e8
715220e8
715320e8
715420e5
715520e5
715620e5
715720e5
715820e5
715920e5
715a20e3
715b20e3
715c20e3
715d20e3
715e20e3
715f20e3
716020e0
716120e0
716220e0
716320e0
716420e0
716520e0
716620dd
716720dd
716820dd
716920dd
716a20dd
716b20dd
716c20db
716d20db
716e20db
716f20db
717020db
717120db
717220d8
717320d8
717420d8
717520d8
717620d8
717720d8
717820d5
717920d5
717a20d5
717b20d5
717c20d5
717d20d5
717e20d3
717f20d3
718020d3
718120d3
718220d3
718320d3
718420d0
718520d0
718620d0
718720d0
718820d0
718920d0
718a20cd
718b20cd
718c20cd
718d20cd
718e20cd
718f20cd
719020cb
719120cb
719220cb
719320cb
719420cb
719520cb
719620c8
719720c8
719820c8
719920c8
719a20c8
719b20c8
719c20c6
719d20c6
719e20c6
719f20c6
71a020c6
71a120c6
71a220c3
71a320c3
71a420c3
71a520c3
71a620c3
71a720c3
71a820c1
71a920c1
71aa20c1
71ab20c1
71ac20c1
71ad20c1
71ae20be
71af20be
71b020be
71b120be
71b220be
71b320be
71b420bc
71b520bc
71b620bc
71b720bc
71b820bc
71b920bc
71ba20b9
71bb20b9
71bc20b9
71bd20b9
71be20b9
71bf20b9
71c020b7
71c120b7
71c220b7
71c320b7
71c420b7
71c520b7
71c620b4
71c720b4
71c820b4
71c920b4
71ca20b4
71cb20b4
71cc20b2
71cd20b2
71ce20b2
71cf20b2
71d020b2
71d120b2
71d220af
71d320af
71d420af
71d520af
71d620af
71d720af
71d820ad
71d920ad
71da20ad
71db20ad
71dc20ad
71dd20ad
71de20ab
71df20ab
71e020ab
71e120ab
71e220ab
71e320ab
71e420a8
71e520a8
71e620a8
71e720a8
71e820a8
71e920a8
71ea20a6
71eb20a6
71ec20a6
71ed20a6
71ee20a6
71ef20a6
71f020a3
71f120a3
71f220a3
71f320a3
71f420a3
71f520a3
71f620a1
71f720a1
71f820a1
71f920a1
71fa20a1
71fb20a1
71fc209f
71fd209f
71fe209f
71ff209f
7200209f
7201209f
7202209c
7203209c
7204209c
7205209c
7206209c
7207209c
7208209a
7209209a
720a209a
720b209a
720c209a
720d209a
720e2098
720f2098
72102098
72112098
72122098
72132098
72142096
72152096
72162096
72172096
72182096
72192096
721a2093
721b2093
721c2093
721d2093
721e2093
721f2093
72202091
72212091
72222091
72232091
72242091
72252091
7226208f
7227208f
7228208f
7229208f
722a208f
722b208f
722c208d
722d208d
722e208d
722f208d
7230208d
7231208d
7232208b
7233208b
7234208b
7235208b
7236208b
7237208b
72382088
72392088
723a2088
723b2088
723c2088
723d2088
723e2086
723f2086
72402086
72412086
72422086
72432086
72442084
72452084
72462084
72472084
72482084
72492084
724a2082
724b2082
724c2082
724d2082
724e2082
724f2082
72502080
72512080
72522080
72532080
72542080
72552080
7256207e
7257207e
7258207e
7259207e
725a207e
725b207e
725c207b
725d207b
725e207b
725f207b
7260207b
7261207b
72622079
72632079
72642079
72652079
72662079
72672079
72682077
72692077
726a2077
726b2077
726c2077
726d2077
726e2075
726f2075
72702075
72712075
72722075
72732075
72742073
72752073
72762073
72772073
72782073
72792073
727a2071
727b2071
727c2071
727d2071
727e2071
727f2071
7280206f
7281206f
7282206f
7283206f
7284206f
7285206f
7286206d
7287206d
7288206d
7289206d
728a206d
728b206d
728c206b
728d206b
728e206b
728f206b
7290206b
7291206b
72922069
72932069
72942069
72952069
72962069
72972069
72982067
72992067
729a2067
729b2067
729c2067
729d2067
729e2065
729f2065
72a02065
72a12065
72a22065
72a32065
72a42063
72a52063
72a62063
72a72063
72a82063
72a92063
72aa2061
72ab2061
72ac2061
72ad2061
72ae2061
72af2061
72b0205f
72b1205f
72b2205f
72b3205f
72b4205f
72b5205f
72b6205d
72b7205d
72b8205d
72b9205d
72ba205d
72bb205d
72bc205b
72bd205b
72be205b
72bf205b
72c0205b
72c1205b
72c22059
72c32059
72c42059
72c52059
72c62059
72c72059
72c82057
72c92057
72ca2057
72cb2057
72cc2057
72cd2057
72ce2055
72cf2055
72d02055
72d12055
72d22055
72d32055
72d42053
72d52053
72d62053
72d72053
72d82053
72d92053
72da2052
72db2052
72dc2052
72dd2052
72de2052
72df2052
72e02050
72e12050
72e22050
72e32050
72e42050
72e52050
72e6204e
72e7204e
72e8204e
72e9204e
72ea204e
72eb204e
72ec204c
72ed204c
72ee204c
72ef204c
72f0204c
72f1204c
72f2204a
72f3204a
72f4204a
72f5204a
72f6204a
72f7204a
72f82048
72f92048
72fa2048
72fb2048
72fc2048
72fd2048
72fe2046
72ff2046
73002046
73012046
73022046
73032046
73042045
73052045
73062045
73072045
73082045
73092045
730a2043
730b2043
730c2043
730d2043
730e2043
730f2043
73102041
73112041
73122041
73132041
73142041
73152041
7316203f
7317203f
7318203f
7319203f
731a203f
731b203f
731c203d
731d203d
731e203d
731f203d
7320203d
7321203d
7322203c
7323203c
7324203c
7325203c
7326203c
7327203c
7328203a
7329203a
732a203a
732b203a
732c203a
732d203a
732e2038
732f2038
73302038
73312038
73322038
73332038
73342036
73352036
73362036
73372036
73382036
73392036
733a2035
733b2035
733c2035
733d2035
733e2035
733f2035
73402033
73412033
73422033
73432033
73442033
73452033
73462031
73472031
73482031
73492031
734a2031
734b2031
734c202f
734d202f
734e202f
734f202f
7350202f
7351202f
7352202e
7353202e
7354202e
7355202e
7356202e
7357202e
7358202c
7359202c
735a202c
735b202c
735c202c
735d202c
735e202a
735f202a
7360202a
7361202a
7362202a
7363202a
73642029
73652029
73662029
73672029
73682029
73692029
736a2027
736b2027
736c2027
736d2027
736e2027
736f2027
73702025
73712025
73722025
73732025
73742025
73752025
73762024
73772024
73782024
73792024
737a2024
737b2024
737c2022
737d2022
737e2022
737f2022
73802022
73812022
73822020
73832020
73842020
73852020
73862020
73872020
7388201f
7389201f
738a201f
738b201f
738c201f
738d201f
738e201d
738f201d
7390201d
7391201d
7392201d
7393201d
7394201b
7395201b
7396201b
7397201b
7398201b
7399201b
739a201a
739b201a
739c201a
739d201a
739e201a
739f201a
73a02018
73a12018
73a22018
73a32018
73a42018
73a52018
73a62016
73a72016
73a82016
73a92016
73aa2016
73ab2016
73ac2015
73ad2015
73ae2015
73af2015
73b02015
73b12015
73b22013
73b32013
73b42013
73b52013
73b62013
73b72013
73b82012
73b92012
73ba2012
73bb2012
73bc2012
73bd2012
73be2010
73bf2010
73c02010
73c12010
73c22010
73c32010
73c4200f
73c5200f
73c6200f
73c7200f
73c8200f
73c9200f
73ca200d
73cb200d
73cc200d
73cd200d
73ce200d
73cf200d
73d0200b
73d1200b
73d2200b
73d3200b
73d4200b
73d5200b
73d6200a
73d7200a
73d8200a
73d9200a
73da200a
73db200a
73dc2008
73dd2008
73de2008
73df2008
73e02008
73e12008
73e22007
73e32007
73e42007
73e52007
73e62007
73e72007
73e82005
73e92005
73ea2005
73eb2005
73ec2005
73ed2005
73ee2004
73ef2004
73f02004
73f12004
73f22004
73f32004
73f42002
73f52002
73f62002
73f72002
73f82002
73f92002
73fa2001
73fb2001
73fc2001
73fd2001
73fe2001
73ff2001
74001ffa
74011ffa
74021ffa
74031ffa
74041ffa
74051ffa
74061ffa
74071ffa
74081ffa
74091ffa
740a1ffa
740b1ffa
740c1fee
740d1fee
740e1fee
740f1fee
74101fee
74111fee
74121fee
74131fee
74141fee
74151fee
74161fee
74171fee
74181fe3
74191fe3
741a1fe3
741b1fe3
741c1fe3
741d1fe3
741e1fe3
741f1fe3
74201fe3
74211fe3
74221fe3
74231fe3
74241fd7
74251fd7
74261fd7
74271fd7
74281fd7
74291fd7
742a1fd7
742b1fd7
742c1fd7
742d1fd7
742e1fd7
742f1fd7
74301fcc
74311fcc
74321fcc
74331fcc
74341fcc
74351fcc
74361fcc
74371fcc
74381fcc
74391fcc
743a1fcc
743b1fcc
743c1fc1
743d1fc1
743e1fc1
743f1fc1
74401fc1
74411fc1
74421fc1
74431fc1
74441fc1
74451fc1
74461fc1
74471fc1
74481fb6
74491fb6
744a1fb6
744b1fb6
744c1fb6
744d1fb6
744e1fb6
744f1fb6
74501fb6
74511fb6
74521fb6
74531fb6
74541fac
74551fac
74561fac
74571fac
74581fac
74591fac
745a1fac
745b1fac
745c1fac
745d1fac
745e1fac
745f1fac
74601fa1
74611fa1
74621fa1
74631fa1
74641fa1
74651fa1
74661fa1
74671fa1
74681fa1
74691fa1
746a1fa1
746b1fa1
746c1f97
746d1f97
746e1f97
746f1f97
74701f97
74711f97
74721f97
74731f97
74741f97
74751f97
74761f97
74771f97
74781f8d
74791f8d
747a1f8d
747b1f8d
747c1f8d
747d1f8d
747e1f8d
747f1f8d
74801f8d
74811f8d
74821f8d
74831f8d
74841f83
74851f83
74861f83
74871f83
74881f83
74891f83
748a1f83
748b1f83
748c1f83
748d1f83
748e1f83
748f1f83
74901f79
74911f79
74921f79
74931f79
74941f79
74951f79
74961f79
74971f79
74981f79
74991f79
749a1f79
749b1f79
749c1f6f
749d1f6f
749e1f6f
749f1f6f
74a01f6f
74a11f6f
74a21f6f
74a31f6f
74a41f6f
74a51f6f
74a61f6f
74a71f6f
74a81f65
74a91f65
74aa1f65
74ab1f65
74ac1f65
74ad1f65
74ae1f65
74af1f65
74b01f65
74b11f65
74b21f65
74b31f65
74b41f5c
74b51f5c
74b61f5c
74b71f5c
74b81f5c
74b91f5c
74ba1f5c
74bb1f5c
74bc1f5c
74bd1f5c
74be1f5c
74bf1f5c
74c01f53
74c11f53
74c21f53
74c31f53
74c41f53
74c51f53
74c61f53
74c71f53
74c81f53
74c91f53
74ca1f53
74cb1f53
74cc1f4a
74cd1f4a
74ce1f4a
74cf1f4a
74d01f4a
74d11f4a
74d21f4a
74d31f4a
74d41f4a
74d51f4a
74d61f4a
74d71f4a
74d81f41
74d91f41
74da1f41
74db1f41
74dc1f41
74dd1f41
74de1f41
74df1f41
74e01f41
74e11f41
74e21f41
74e31f41
74e41f38
74e51f38
74e61f38
74e71f38
74e81f38
74e91f38
74ea1f38
74eb1f38
74ec1f38
74ed1f38
74ee1f38
74ef1f38
74f01f2f
74f11f2f
74f21f2f
74f31f2f
74f41f2f
74f51f2f
74f61f2f
74f71f2f
74f81f2f
74f91f2f
74fa1f2f
74fb1f2f
74fc1f26
74fd1f26
74fe1f26
74ff1f26
75001f26
75011f26
75021f26
75031f26
75041f26
75051f26
75061f26
75071f26
75081f1e
75091f1e
750a1f1e
750b1f1e
750c1f1e
750d1f1e
750e1f1e
750f1f1e
75101f1e
75111f1e
75121f1e
75131f1e
75141f15
75151f15
75161f15
75171f15
75181f15
75191f15
751a1f15
751b1f15
751c1f15
751d1f15
751e1f15
751f1f15
75201f0d
75211f0d
75221f0d
75231f0d
75241f0d
75251f0d
75261f0d
75271f0d
75281f0d
75291f0d
752a1f0d
752b1f0d
752c1f05
752d1f05
752e1f05
752f1f05
75301f05
75311f05
75321f05
75331f05
75341f05
75351f05
75361f05
75371f05
75381efd
75391efd
753a1efd
753b1efd
753c1efd
753d1efd
753e1efd
753f1efd
75401efd
75411efd
75421efd
75431efd
75441ef5
75451ef5
75461ef5
75471ef5
75481ef5
75491ef5
754a1ef5
754b1ef5
754c1ef5
754d1ef5
754e1ef5
754f1ef5
75501eed
75511eed
75521eed
75531eed
75541eed
75551eed
75561eed
75571eed
75581eed
75591eed
755a1eed
755b1eed
755c1ee5
755d1ee5
755e1ee5
755f1ee5
75601ee5
75611ee5
75621ee5
75631ee5
75641ee5
75651ee5
75661ee5
75671ee5
75681ede
75691ede
756a1ede
756b1ede
756c1ede
756d1ede
756e1ede
756f1ede
75701ede
75711ede
75721ede
75731ede
75741ed6
75751ed6
75761ed6
75771ed6
75781ed6
75791ed6
757a1ed6
757b1ed6
757c1ed6
757d1ed6
757e1ed6
757f1ed6
75801ecf
75811ecf
75821ecf
75831ecf
75841ecf
75851ecf
75861ecf
75871ecf
75881ecf
75891ecf
758a1ecf
758b1ecf
758c1ec7
758d1ec7
758e1ec7
758f1ec7
75901ec7
75911ec7
75921ec7
75931ec7
75941ec7
75951ec7
75961ec7
75971ec7
75981ec0
75991ec0
759a1ec0
759b1ec0
759c1ec0
759d1ec0
759e1ec0
759f1ec0
75a01ec0
75a11ec0
75a21ec0
75a31ec0
75a41eb9
75a51eb9
75a61eb9
75a71eb9
75a81eb9
75a91eb9
75aa1eb9
75ab1eb9
75ac1eb9
75ad1eb9
75ae1eb9
75af1eb9
75b01eb2
75b11eb2
75b21eb2
75b31eb2
75b41eb2
75b51eb2
75b61eb2
75b71eb2
75b81eb2
75b91eb2
75ba1eb2
75bb1eb2
75bc1eab
75bd1eab
75be1eab
75bf1eab
75c01eab
75c11eab
75c21eab
75c31eab
75c41eab
75c51eab
75c61eab
75c71eab
75c81ea4
75c91ea4
75ca1ea4
75cb1ea4
75cc1ea4
75cd1ea4
75ce1ea4
75cf1ea4
75d01ea4
75d11ea4
75d21ea4
75d31ea4
75d41e9d
75d51e9d
75d61e9d
75d71e9d
75d81e9d
75d91e9d
75da1e9d
75db1e9d
75dc1e9d
75dd1e9d
75de1e9d
75df1e9d
75e01e97
75e11e97
75e21e97
75e31e97
75e41e97
75e51e97
75e61e97
75e71e97
75e81e97
75e91e97
75ea1e97
75eb1e97
75ec1e90
75ed1e90
75ee1e90
75ef1e90
75f01e90
75f11e90
75f21e90
75f31e90
75f41e90
75f51e90
75f61e90
75f71e90
75f81e89
75f91e89
75fa1e89
75fb1e89
75fc1e89
75fd1e89
75fe1e89
75ff1e89
76001e89
76011e89
76021e89
76031e89
76041e83
76051e83
76061e83
76071e83
76081e83
76091e83
760a1e83
760b1e83
760c1e83
760d1e83
760e1e83
760f1e83
76101e7c
76111e7c
76121e7c
76131e7c
76141e7c
76151e7c
76161e7c
76171e7c
76181e7c
76191e7c
761a1e7c
761b1e7c
761c1e76
761d1e76
761e1e76
761f1e76
76201e76
76211e76
76221e76
76231e76
76241e76
76251e76
76261e76
76271e76
76281e70
76291e70
762a1e70
762b1e70
762c1e70
762d1e70
762e1e70
762f1e70
76301e70
76311e70
76321e70
76331e70
76341e69
76351e69
76361e69
76371e69
76381e69
76391e69
763a1e69
763b1e69
763c1e69
763d1e69
763e1e69
763f1e69
76401e63
76411e63
76421e63
76431e63
76441e63
76451e63
76461e63
76471e63
76481e63
76491e63
764a1e63
764b1e63
764c1e5d
764d1e5d
764e1e5d
764f1e5d
76501e5d
76511e5d
76521e5d
76531e5d
76541e5d
76551e5d
76561e5d
76571e5d
76581e57
76591e57
765a1e57
765b1e57
765c1e57
765d1e57
765e1e57
765f1e57
76601e57
76611e57
76621e57
76631e57
76641e51
76651e51
76661e51
76671e51
76681e51
76691e51
766a1e51
766b1e51
766c1e51
766d1e51
766e1e51
766f1e51
76701e4b
76711e4b
76721e4b
76731e4b
76741e4b
76751e4b
76761e4b
76771e4b
76781e4b
76791e4b
767a1e4b
767b1e4b
767c1e46
767d1e46
767e1e46
767f1e46
76801e46
76811e46
76821e46
76831e46
76841e46
76851e46
76861e46
76871e46
76881e40
76891e40
768a1e40
768b1e40
768c1e40
768d1e40
768e1e40
768f1e40
76901e40
76911e40
76921e40
76931e40
76941e3a
76951e3a
76961e3a
76971e3a
76981e3a
76991e3a
769a1e3a
769b1e3a
769c1e3a
769d1e3a
769e1e3a
769f1e3a
76a01e35
76a11e35
76a21e35
76a31e35
76a41e35
76a51e35
76a61e35
76a71e35
76a81e35
76a91e35
76aa1e35
76ab1e35
76ac1e2f
76ad1e2f
76ae1e2f
76af1e2f
76b01e2f
76b11e2f
76b21e2f
76b31e2f
76b41e2f
76b51e2f
76b61e2f
76b71e2f
76b81e29
76b91e29
76ba1e29
76bb1e29
76bc1e29
76bd1e29
76be1e29
76bf1e29
76c01e29
76c11e29
76c21e29
76c31e29
76c41e24
76c51e24
76c61e24
76c71e24
76c81e24
76c91e24
76ca1e24
76cb1e24
76cc1e24
76cd1e24
76ce1e24
76cf1e24
76d01e1f
76d11e1f
76d21e1f
76d31e1f
76d41e1f
76d51e1f
76d61e1f
76d71e1f
76d81e1f
76d91e1f
76da1e1f
76db1e1f
76dc1e19
76dd1e19
76de1e19
76df1e19
76e01e19
76e11e19
76e21e19
76e31e19
76e41e19
76e51e19
76e61e19
76e71e19
76e81e14
76e91e14
76ea1e14
76eb1e14
76ec1e14
76ed1e14
76ee1e14
76ef1e14
76f01e14
76f11e14
76f21e14
76f31e14
76f41e0f
76f51e0f
76f61e0f
76f71e0f
76f81e0f
76f91e0f
76fa1e0f
76fb1e0f
76fc1e0f
76fd1e0f
76fe1e0f
76ff1e0f
77001e0a
77011e0a
77021e0a
77031e0a
77041e0a
77051e0a
77061e0a
77071e0a
77081e0a
77091e0a
770a1e0a
770b1e0a
770c1e04
770d1e04
770e1e04
770f1e04
77101e04
77111e04
77121e04
77131e04
77141e04
77151e04
77161e04
77171e04
77181dff
77191dff
771a1dff
771b1dff
771c1dff
771d1dff
771e1dff
771f1dff
77201dff
77211dff
77221dff
77231dff
77241dfa
77251dfa
77261dfa
77271dfa
77281dfa
77291dfa
772a1dfa
772b1dfa
772c1dfa
772d1dfa
772e1dfa
772f1dfa
77301df5
77311df5
77321df5
77331df5
77341df5
77351df5
77361df5
77371df5
77381df5
77391df5
773a1df5
773b1df5
773c1df0
773d1df0
773e1df0
773f1df0
77401df0
77411df0
77421df0
77431df0
77441df0
77451df0
77461df0
77471df0
77481dec
77491dec
774a1dec
774b1dec
774c1dec
774d1dec
774e1dec
774f1dec
77501dec
77511dec
77521dec
77531dec
77541de7
77551de7
77561de7
77571de7
77581de7
77591de7
775a1de7
775b1de7
775c1de7
775d1de7
775e1de7
775f1de7
77601de2
77611de2
77621de2
77631de2
77641de2
77651de2
77661de2
77671de2
77681de2
77691de2
776a1de2
776b1de2
776c1ddd
776d1ddd
776e1ddd
776f1ddd
77701ddd
77711ddd
77721ddd
77731ddd
77741ddd
77751ddd
77761ddd
77771ddd
77781dd8
77791dd8
777a1dd8
777b1dd8
777c1dd8
777d1dd8
777e1dd8
777f1dd8
77801dd8
77811dd8
77821dd8
77831dd8
77841dd4
77851dd4
77861dd4
77871dd4
77881dd4
77891dd4
778a1dd4
778b1dd4
778c1dd4
778d1dd4
778e1dd4
778f1dd4
77901dcf
77911dcf
77921dcf
77931dcf
77941dcf
77951dcf
77961dcf
77971dcf
77981dcf
77991dcf
779a1dcf
779b1dcf
779c1dcb
779d1dcb
779e1dcb
779f1dcb
77a01dcb
77a11dcb
77a21dcb
77a31dcb
77a41dcb
77a51dcb
77a61dcb
77a71dcb
77a81dc6
77a91dc6
77aa1dc6
77ab1dc6
77ac1dc6
77ad1dc6
77ae1dc6
77af1dc6
77b01dc6
77b11dc6
77b21dc6
77b31dc6
77b41dc2
77b51dc2
77b61dc2
77b71dc2
77b81dc2
77b91dc2
77ba1dc2
77bb1dc2
77bc1dc2
77bd1dc2
77be1dc2
77bf1dc2
77c01dbd
77c11dbd
77c21dbd
77c31dbd
77c41dbd
77c51dbd
77c61dbd
77c71dbd
77c81dbd
77c91dbd
77ca1dbd
77cb1dbd
77cc1db9
77cd1db9
77ce1db9
77cf1db9
77d01db9
77d11db9
77d21db9
77d31db9
77d41db9
77d51db9
77d61db9
77d71db9
77d81db4
77d91db4
77da1db4
77db1db4
77dc1db4
77dd1db4
77de1db4
77df1db4
77e01db4
77e11db4
77e21db4
77e31db4
77e41db0
77e51db0
77e61db0
77e71db0
77e81db0
77e91db0
77ea1db0
77eb1db0
77ec1db0
77ed1db0
77ee1db0
77ef1db0
77f01dac
77f11dac
77f21dac
77f31dac
77f41dac
77f51dac
77f61dac
77f71dac
77f81dac
77f91dac
77fa1dac
77fb1dac
77fc1da7
77fd1da7
77fe1da7
77ff1da7
78001da7
78011da7
78021da7
78031da7
78041da3
78051da3
78061da3
78071da3
78081da3
78091da3
780a1d9f
780b1d9f
780c1d9f
780d1d9f
780e1d9f
780f1d9f
78101d9b
78111d9b
78121d9b
78131d9b
78141d9b
78151d9b
78161d97
78171d97
78181d97
78191d97
781a1d97
781b1d97
781c1d93
781d1d93
781e1d93
781f1d93
78201d93
78211d93
78221d8f
78231d8f
78241d8f
78251d8f
78261d8f
78271d8f
78281d8b
78291d8b
782a1d8b
782b1d8b
782c1d8b
782d1d8b
782e1d87
782f1d87
78301d87
78311d87
78321d87
78331d87
78341d83
78351d83
78361d83
78371d83
78381d83
78391d83
783a1d7f
783b1d7f
783c1d7f
783d1d7f
783e1d7f
783f1d7f
78401d7b
78411d7b
78421d7b
78431d7b
78441d7b
78451d7b
78461d77
78471d77
78481d77
78491d77
784a1d77
784b1d77
784c1d73
784d1d73
784e1d73
784f1d73
78501d73
78511d73
78521d70
78531d70
78541d70
78551d70
78561d70
78571d70
78581d6c
78591d6c
785a1d6c
785b1d6c
785c1d6c
785d1d6c
785e1d68
785f1d68
78601d68
78611d68
78621d68
78631d68
78641d64
78651d64
78661d64
78671d64
78681d64
78691d64
786a1d61
786b1d61
786c1d61
786d1d61
786e1d61
786f1d61
78701d5d
78711d5d
78721d5d
78731d5d
78741d5d
78751d5d
78761d5a
78771d5a
78781d5a
78791d5a
787a1d5a
787b1d5a
787c1d56
787d1d56
787e1d56
787f1d56
78801d56
78811d56
78821d52
78831d52
78841d52
78851d52
78861d52
78871d52
78881d4f
78891d4f
788a1d4f
788b1d4f
788c1d4f
788d1d4f
788e1d4b
788f1d4b
78901d4b
78911d4b
78921d4b
78931d4b
78941d48
78951d48
78961d48
78971d48
78981d48
78991d48
789a1d44
789b1d44
789c1d44
789d1d44
789e1d44
789f1d44
78a01d41
78a11d41
78a21d41
78a31d41
78a41d41
78a51d41
78a61d3e
78a71d3e
78a81d3e
78a91d3e
78aa1d3e
78ab1d3e
78ac1d3a
78ad1d3a
78ae1d3a
78af1d3a
78b01d3a
78b11d3a
78b21d37
78b31d37
78b41d37
78b51d37
78b61d37
78b71d37
78b81d34
78b91d34
78ba1d34
78bb1d34
78bc1d34
78bd1d34
78be1d30
78bf1d30
78c01d30
78c11d30
78c21d30
78c31d30
78c41d2d
78c51d2d
78c61d2d
78c71d2d
78c81d2d
78c91d2d
78ca1d2a
78cb1d2a
78cc1d2a
78cd1d2a
78ce1d2a
78cf1d2a
78d01d27
78d11d27
78d21d27
78d31d27
78d41d27
78d51d27
78d61d23
78d71d23
78d81d23
78d91d23
78da1d23
78db1d23
78dc1d20
78dd1d20
78de1d20
78df1d20
78e01d20
78e11d20
78e21d1d
78e31d1d
78e41d1d
78e51d1d
78e61d1d
78e71d1d
78e81d1a
78e91d1a
78ea1d1a
78eb1d1a
78ec1d1a
78ed1d1a
78ee1d17
78ef1d17
78f01d17
78f11d17
78f21d17
78f31d17
78f41d14
78f51d14
78f61d14
78f71d14
78f81d14
78f91d14
78fa1d11
78fb1d11
78fc1d11
78fd1d11
78fe1d11
78ff1d11
79001d0e
79011d0e
79021d0e
79031d0e
79041d0e
79051d0e
79061d0b
79071d0b
79081d0b
79091d0b
790a1d0b
790b1d0b
790c1d08
790d1d08
790e1d08
790f1d08
79101d08
79111d08
79121d05
79131d05
79141d05
79151d05
79161d05
79171d05
79181d02
79191d02
791a1d02
791b1d02
791c1d02
791d1d02
791e1cff
791f1cff
79201cff
79211cff
79221cff
79231cff
79241cfc
79251cfc
79261cfc
79271cfc
79281cfc
79291cfc
792a1cf9
792b1cf9
792c1cf9
792d1cf9
792e1cf9
792f1cf9
79301cf6
79311cf6
79321cf6
79331cf6
79341cf6
79351cf6
79361cf3
79371cf3
79381cf3
79391cf3
793a1cf3
793b1cf3
793c1cf1
793d1cf1
793e1cf1
793f1cf1
79401cf1
79411cf1
79421cee
79431cee
79441cee
79451cee
79461cee
79471cee
79481ceb
79491ceb
794a1ceb
794b1ceb
794c1ceb
794d1ceb
794e1ce8
794f1ce8
79501ce8
79511ce8
79521ce8
79531ce8
79541ce5
79551ce5
79561ce5
79571ce5
79581ce5
79591ce5
795a1ce3
795b1ce3
795c1ce3
795d1ce3
795e1ce3
795f1ce3
79601ce0
79611ce0
79621ce0
79631ce0
79641ce0
79651ce0
79661cdd
79671cdd
79681cdd
79691cdd
796a1cdd
796b1cdd
796c1cdb
796d1cdb
796e1cdb
796f1cdb
79701cdb
79711cdb
79721cd8
79731cd8
79741cd8
79751cd8
79761cd8
79771cd8
79781cd5
79791cd5
797a1cd5
797b1cd5
797c1cd5
797d1cd5
797e1cd3
797f1cd3
79801cd3
79811cd3
79821cd3
79831cd3
79841cd0
79851cd0
79861cd0
79871cd0
79881cd0
79891cd0
798a1ccd
798b1ccd
798c1ccd
798d1ccd
798e1ccd
798f1ccd
79901ccb
79911ccb
79921ccb
79931ccb
79941ccb
79951ccb
79961cc8
79971cc8
79981cc8
79991cc8
799a1cc8
799b1cc8
799c1cc6
799d1cc6
799e1cc6
799f1cc6
79a01cc6
79a11cc6
79a21cc3
79a31cc3
79a41cc3
79a51cc3
79a61cc3
79a71cc3
79a81cc1
79a91cc1
79aa1cc1
79ab1cc1
79ac1cc1
79ad1cc1
79ae1cbe
79af1cbe
79b01cbe
79b11cbe
79b21cbe
79b31cbe
79b41cbc
79b51cbc
79b61cbc
79b71cbc
79b81cbc
79b91cbc
79ba1cb9
79bb1cb9
79bc1cb9
79bd1cb9
79be1cb9
79bf1cb9
79c01cb7
79c11cb7
79c21cb7
79c31cb7
79c41cb7
79c51cb7
79c61cb4
79c71cb4
79c81cb4
79c91cb4
79ca1cb4
79cb1cb4
79cc1cb2
79cd1cb2
79ce1cb2
79cf1cb2
79d01cb2
79d11cb2
79d21caf
79d31caf
79d41caf
79d51caf
79d61caf
79d71caf
79d81cad
79d91cad
79da1cad
79db1cad
79dc1cad
79dd1cad
79de1cab
79df1cab
79e01cab
79e11cab
79e21cab
79e31cab
79e41ca8
79e51ca8
79e61ca8
79e71ca8
79e81ca8
79e91ca8
79ea1ca6
79eb1ca6
79ec1ca6
79ed1ca6
79ee1ca6
79ef1ca6
79f01ca3
79f11ca3
79f21ca3
79f31ca3
79f41ca3
79f51ca3
79f61ca1
79f71ca1
79f81ca1
79f91ca1
79fa1ca1
79fb1ca1
79fc1c9f
79fd1c9f
79fe1c9f
79ff1c9f
7a001c9f
7a011c9f
7a021c9c
7a031c9c
7a041c9c
7a051c9c
7a061c9c
7a071c9c
7a081c9a
7a091c9a
7a0a1c9a
7a0b1c9a
7a0c1c9a
7a0d1c9a
7a0e1c98
7a0f1c98
7a101c98
7a111c98
7a121c98
7a131c98
7a141c96
7a151c96
7a161c96
7a171c96
7a181c96
7a191c96
7a1a1c93
7a1b1c93
7a1c1c93
7a1d1c93
7a1e1c93
7a1f1c93
7a201c91
7a211c91
7a221c91
7a231c91
7a241c91
7a251c91
7a261c8f
7a271c8f
7a281c8f
7a291c8f
7a2a1c8f
7a2b1c8f
7a2c1c8d
7a2d1c8d
7a2e1c8d
7a2f1c8d
7a301c8d
7a311c8d
7a321c8b
7a331c8b
7a341c8b
7a351c8b
7a361c8b
7a371c8b
7a381c88
7a391c88
7a3a1c88
7a3b1c88
7a3c1c88
7a3d1c88
7a3e1c86
7a3f1c86
7a401c86
7a411c86
7a421c86
7a431c86
7a441c84
7a451c84
7a461c84
7a471c84
7a481c84
7a491c84
7a4a1c82
7a4b1c82
7a4c1c82
7a4d1c82
7a4e1c82
7a4f1c82
7a501c80
7a511c80
7a521c80
7a531c80
7a541c80
7a551c80
7a561c7e
7a571c7e
7a581c7e
7a591c7e
7a5a1c7e
7a5b1c7e
7a5c1c7b
7a5d1c7b
7a5e1c7b
7a5f1c7b
7a601c7b
7a611c7b
7a621c79
7a631c79
7a641c79
7a651c79
7a661c79
7a671c79
7a681c77
7a691c77
7a6a1c77
7a6b1c77
7a6c1c77
7a6d1c77
7a6e1c75
7a6f1c75
7a701c75
7a711c75
7a721c75
7a731c75
7a741c73
7a751c73
7a761c73
7a771c73
7a781c73
7a791c73
7a7a1c71
7a7b1c71
7a7c1c71
7a7d1c71
7a7e1c71
7a7f1c71
7a801c6f
7a811c6f
7a821c6f
7a831c6f
7a841c6f
7a851c6f
7a861c6d
7a871c6d
7a881c6d
7a891c6d
7a8a1c6d
7a8b1c6d
7a8c1c6b
7a8d1c6b
7a8e1c6b
7a8f1c6b
7a901c6b
7a911c6b
7a921c69
7a931c69
7a941c69
7a951c69
7a961c69
7a971c69
7a981c67
7a991c67
7a9a1c67
7a9b1c67
7a9c1c67
7a9d1c67
7a9e1c65
7a9f1c65
7aa01c65
7aa11c65
7aa21c65
7aa31c65
7aa41c63
7aa51c63
7aa61c63
7aa71c63
7aa81c63
7aa91c63
7aaa1c61
7aab1c61
7aac1c61
7aad1c61
7aae1c61
7aaf1c61
7ab01c5f
7ab11c5f
7ab21c5f
7ab31c5f
7ab41c5f
7ab51c5f
7ab61c5d
7ab71c5d
7ab81c5d
7ab91c5d
7aba1c5d
7abb1c5d
7abc1c5b
7abd1c5b
7abe1c5b
7abf1c5b
7ac01c5b
7ac11c5b
7ac21c59
7ac31c59
7ac41c59
7ac51c59
7ac61c59
7ac71c59
7ac81c57
7ac91c57
7aca1c57
7acb1c57
7acc1c57
7acd1c57
7ace1c55
7acf1c55
7ad01c55
7ad11c55
7ad21c55
7ad31c55
7ad41c53
7ad51c53
7ad61c53
7ad71c53
7ad81c53
7ad91c53
7ada1c52
7adb1c52
7adc1c52
7add1c52
7ade1c52
7adf1c52
7ae01c50
7ae11c50
7ae21c50
7ae31c50
7ae41c50
7ae51c50
7ae61c4e
7ae71c4e
7ae81c4e
7ae91c4e
7aea1c4e
7aeb1c4e
7aec1c4c
7aed1c4c
7aee1c4c
7aef1c4c
7af01c4c
7af11c4c
7af21c4a
7af31c4a
7af41c4a
7af51c4a
7af61c4a
7af71c4a
7af81c48
7af91c48
7afa1c48
7afb1c48
7afc1c48
7afd1c48
7afe1c46
7aff1c46
7b001c46
7b011c46
7b021c46
7b031c46
7b041c45
7b051c45
7b061c45
7b071c45
7b081c45
7b091c45
7b0a1c43
7b0b1c43
7b0c1c43
7b0d1c43
7b0e1c43
7b0f1c43
7b101c41
7b111c41
7b121c41
7b131c41
7b141c41
7b151c41
7b161c3f
7b171c3f
7b181c3f
7b191c3f
7b1a1c3f
7b1b1c3f
7b1c1c3d
7b1d1c3d
7b1e1c3d
7b1f1c3d
7b201c3d
7b211c3d
7b221c3c
7b231c3c
7b241c3c
7b251c3c
7b261c3c
7b271c3c
7b281c3a
7b291c3a
7b2a1c3a
7b2b1c3a
7b2c1c3a
7b2d1c3a
7b2e1c38
7b2f1c38
7b301c38
7b311c38
7b321c38
7b331c38
7b341c36
7b351c36
7b361c36
7b371c36
7b381c36
7b391c36
7b3a1c35
7b3b1c35
7b3c1c35
7b3d1c35
7b3e1c35
7b3f1c35
7b401c33
7b411c33
7b421c33
7b431c33
7b441c33
7b451c33
7b461c31
7b471c31
7b481c31
7b491c31
7b4a1c31
7b4b1c31
7b4c1c2f
7b4d1c2f
7b4e1c2f
7b4f1c2f
7b501c2f
7b511c2f
7b521c2e
7b531c2e
7b541c2e
7b551c2e
7b561c2e
7b571c2e
7b581c2c
7b591c2c
7b5a1c2c
7b5b1c2c
7b5c1c2c
7b5d1c2c
7b5e1c2a
7b5f1c2a
7b601c2a
7b611c2a
7b621c2a
7b631c2a
7b641c29
7b651c29
7b661c29
7b671c29
7b681c29
7b691c29
7b6a1c27
7b6b1c27
7b6c1c27
7b6d1c27
7b6e1c27
7b6f1c27
7b701c25
7b711c25
7b721c25
7b731c25
7b741c25
7b751c25
7b761c24
7b771c24
7b781c24
7b791c24
7b7a1c24
7b7b1c24
7b7c1c22
7b7d1c22
7b7e1c22
7b7f1c22
7b801c22
7b811c22
7b821c20
7b831c20
7b841c20
7b851c20
7b861c20
7b871c20
7b881c1f
7b891c1f
7b8a1c1f
7b8b1c1f
7b8c1c1f
7b8d1c1f
7b8e1c1d
7b8f1c1d
7b901c1d
7b911c1d
7b921c1d
7b931c1d
7b941c1b
7b951c1b
7b961c1b
7b971c1b
7b981c1b
7b991c1b
7b9a1c1a
7b9b1c1a
7b9c1c1a
7b9d1c1a
7b9e1c1a
7b9f1c1a
7ba01c18
7ba11c18
7ba21c18
7ba31c18
7ba41c18
7ba51c18
7ba61c16
7ba71c16
7ba81c16
7ba91c16
7baa1c16
7bab1c16
7bac1c15
7bad1c15
7bae1c15
7baf1c15
7bb01c15
7bb11c15
7bb21c13
7bb31c13
7bb41c13
7bb51c13
7bb61c13
7bb71c13
7bb81c12
7bb91c12
7bba1c12
7bbb1c12
7bbc1c12
7bbd1c12
7bbe1c10
7bbf1c10
7bc01c10
7bc11c10
7bc21c10
7bc31c10
7bc41c0f
7bc51c0f
7bc61c0f
7bc71c0f
7bc81c0f
7bc91c0f
7bca1c0d
7bcb1c0d
7bcc1c0d
7bcd1c0d
7bce1c0d
7bcf1c0d
7bd01c0b
7bd11c0b
7bd21c0b
7bd31c0b
7bd41c0b
7bd51c0b
7bd61c0a
7bd71c0a
7bd81c0a
7bd91c0a
7bda1c0a
7bdb1c0a
7bdc1c08
7bdd1c08
7bde1c08
7bdf1c08
7be01c08
7be11c08
7be21c07
7be31c07
7be41c07
7be51c07
7be61c07
7be71c07
7be81c05
7be91c05
7bea1c05
7beb1c05
7bec1c05
7bed1c05
7bee1c04
7bef1c04
7bf01c04
7bf11c04
7bf21c04
7bf31c04
7bf41c02
7bf51c02
7bf61c02
7bf71c02
7bf81c02
7bf91c02
7bfa1c01
7bfb1c01
7bfc1c01
7bfd1c01
7bfe1c01
7bff1c01
7c000000
7c017e00
7c027e00
7c037e00
7c047e00
7c057e00
7c067e00
7c077e00
7c087e00
7c097e00
7c0a7e00
7c0b7e00
7c0c7e00
7c0d7e00
7c0e7e00
7c0f7e00
7c107e00
7c117e00
7c127e00
7c137e00
7c147e00
7c157e00
7c167e00
7c177e00
7c187e00
7c197e00
7c1a7e00
7c1b7e00
7c1c7e00
7c1d7e00
7c1e7e00
7c1f7e00
7c207e00
7c217e00
7c227e00
7c237e00
7c247e00
7c257e00
7c267e00
7c277e00
7c287e00
7c297e00
7c2a7e00
7c2b7e00
7c2c7e00
7c2d7e00
7c2e7e00
7c2f7e00
7c307e00
7c317e00
7c327e00
7c337e00
7c347e00
7c357e00
7c367e00
7c377e00
7c387e00
7c397e00
7c3a7e00
7c3b7e00
7c3c7e00
7c3d7e00
7c3e7e00
7c3f7e00
7c407e00
7c417e00
7c427e00
7c437e00
7c447e00
7c457e00
7c467e00
7c477e00
7c487e00
7c497e00
7c4a7e00
7c4b7e00
7c4c7e00
7c4d7e00
7c4e7e00
7c4f7e00
7c507e00
7c517e00
7c527e00
7c537e00
7c547e00
7c557e00
7c567e00
7c577e00
7c587e00
7c597e00
7c5a7e00
7c5b7e00
7c5c7e00
7c5d7e00
7c5e7e00
7c5f7e00
7c607e00
7c617e00
7c627e00
7c637e00
7c647e00
7c657e00
7c667e00
7c677e00
7c687e00
7c697e00
7c6a7e00
7c6b7e00
7c6c7e00
7c6d7e00
7c6e7e00
7c6f7e00
7c707e00
7c717e00
7c727e00
7c737e00
7c747e00
7c757e00
7c767e00
7c777e00
7c787e00
7c797e00
7c7a7e00
7c7b7e00
7c7c7e00
7c7d7e00
7c7e7e00
7c7f7e00
7c807e00
7c817e00
7c827e00
7c837e00
7c847e00
7c857e00
7c867e00
7c877e00
7c887e00
7c897e00
7c8a7e00
7c8b7e00
7c8c7e00
7c8d7e00
7c8e7e00
7c8f7e00
7c907e00
7c917e00
7c927e00
7c937e00
7c947e00
7c957e00
7c967e00
7c977e00
7c987e00
7c997e00
7c9a7e00
7c9b7e00
7c9c7e00
7c9d7e00
7c9e7e00
7c9f7e00
7ca07e00
7ca17e00
7ca27e00
7ca37e00
7ca47e00
7ca57e00
7ca67e00
7ca77e00
7ca87e00
7ca97e00
7caa7e00
7cab7e00
7cac7e00
7cad7e00
7cae7e00
7caf7e00
7cb07e00
7cb17e00
7cb27e00
7cb37e00
7cb47e00
7cb57e00
7cb67e00
7cb77e00
7cb87e00
7cb97e00
7cba7e00
7cbb7e00
7cbc7e00
7cbd7e00
7cbe7e00
7cbf7e00
7cc07e00
7cc17e00
7cc27e00
7cc37e00
7cc47e00
7cc57e00
7cc67e00
7cc77e00
7cc87e00
7cc97e00
7cca7e00
7ccb7e00
7ccc7e00
7ccd7e00
7cce7e00
7ccf7e00
7cd07e00
7cd17e00
7cd27e00
7cd37e00
7cd47e00
7cd57e00
7cd67e00
7cd77e00
7cd87e00
7cd97e00
7cda7e00
7cdb7e00
7cdc7e00
7cdd7e00
7cde7e00
7cdf7e00
7ce07e00
7ce17e00
7ce27e00
7ce37e00
7ce47e00
7ce57e00
7ce67e00
7ce77e00
7ce87e00
7ce97e00
7cea7e00
7ceb7e00
7cec7e00
7ced7e00
7cee7e00
7cef7e00
7cf07e00
7cf17e00
7cf27e00
7cf37e00
7cf47e00
7cf57e00
7cf67e00
7cf77e00
7cf87e00
7cf97e00
7cfa7e00
7cfb7e00
7cfc7e00
7cfd7e00
7cfe7e00
7cff7e00
7d007e00
7d017e00
7d027e00
7d037e00
7d047e00
7d057e00
7d067e00
7d077e00
7d087e00
7d097e00
7d0a7e00
7d0b7e00
7d0c7e00
7d0d7e00
7d0e7e00
7d0f7e00
7d107e00
7d117e00
7d127e00
7d137e00
7d147e00
7d157e00
7d167e00
7d177e00
7d187e00
7d197e00
7d1a7e00
7d1b7e00
7d1c7e00
7d1d7e00
7d1e7e00
7d1f7e00
7d207e00
7d217e00
7d227e00
7d237e00
7d247e00
7d257e00
7d267e00
7d277e00
7d287e00
7d297e00
7d2a7e00
7d2b7e00
7d2c7e00
7d2d7e00
7d2e7e00
7d2f7e00
7d307e00
7d317e00
7d327e00
7d337e00
7d347e00
7d357e00
7d367e00
7d377e00
7d387e00
7d397e00
7d3a7e00
7d3b7e00
7d3c7e00
7d3d7e00
7d3e7e00
7d3f7e00
7d407e00
7d417e00
7d427e00
7d437e00
7d447e00
7d457e00
7d467e00
7d477e00
7d487e00
7d497e00
7d4a7e00
7d4b7e00
7d4c7e00
7d4d7e00
7d4e7e00
7d4f7e00
7d507e00
7d517e00
7d527e00
7d537e00
7d547e00
7d557e00
7d567e00
7d577e00
7d587e00
7d597e00
7d5a7e00
7d5b7e00
7d5c7e00
7d5d7e00
7d5e7e00
7d5f7e00
7d607e00
7d617e00
7d627e00
7d637e00
7d647e00
7d657e00
7d667e00
7d677e00
7d687e00
7d697e00
7d6a7e00
7d6b7e00
7d6c7e00
7d6d7e00
7d6e7e00
7d6f7e00
7d707e00
7d717e00
7d727e00
7d737e00
7d747e00
7d757e00
7d767e00
7d777e00
7d787e00
7d797e00
7d7a7e00
7d7b7e00
7d7c7e00
7d7d7e00
7d7e7e00
7d7f7e00
7d807e00
7d817e00
7d827e00
7d837e00
7d847e00
7d857e00
7d867e00
7d877e00
7d887e00
7d897e00
7d8a7e00
7d8b7e00
7d8c7e00
7d8d7e00
7d8e7e00
7d8f7e00
7d907e00
7d917e00
7d927e00
7d937e00
7d947e00
7d957e00
7d967e00
7d977e00
7d987e00
7d997e00
7d9a7e00
7d9b7e00
7d9c7e00
7d9d7e00
7d9e7e00
7d9f7e00
7da07e00
7da17e00
7da27e00
7da37e00
7da47e00
7da57e00
7da67e00
7da77e00
7da87e00
7da97e00
7daa7e00
7dab7e00
7dac7e00
7dad7e00
7dae7e00
7daf7e00
7db07e00
7db17e00
7db27e00
7db37e00
7db47e00
7db57e00
7db67e00
7db77e00
7db87e00
7db97e00
7dba7e00
7dbb7e00
7dbc7e00
7dbd7e00
7dbe7e00
7dbf7e00
7dc07e00
7dc17e00
7dc27e00
7dc37e00
7dc47e00
7dc57e00
7dc67e00
7dc77e00
7dc87e00
7dc97e00
7dca7e00
7dcb7e00
7dcc7e00
7dcd7e00
7dce7e00
7dcf7e00
7dd07e00
7dd17e00
7dd27e00
7dd37e00
7dd47e00
7dd57e00
7dd67e00
7dd77e00
7dd87e00
7dd97e00
7dda7e00
7ddb7e00
7ddc7e00
7ddd7e00
7dde7e00
7ddf7e00
7de07e00
7de17e00
7de27e00
7de37e00
7de47e00
7de57e00
7de67e00
7de77e00
7de87e00
7de97e00
7dea7e00
7deb7e00
7dec7e00
7ded7e00
7dee7e00
7def7e00
7df07e00
7df17e00
7df27e00
7df37e00
7df47e00
7df57e00
7df67e00
7df77e00
7df87e00
7df97e00
7dfa7e00
7dfb7e00
7dfc7e00
7dfd7e00
7dfe7e00
7dff7e00
7e007e00
7e017e00
7e027e00
7e037e00
7e047e00
7e057e00
7e067e00
7e077e00
7e087e00
7e097e00
7e0a7e00
7e0b7e00
7e0c7e00
7e0d7e00
7e0e7e00
7e0f7e00
7e107e00
7e117e00
7e127e00
7e137e00
7e147e00
7e157e00
7e167e00
7e177e00
7e187e00
7e197e00
7e1a7e00
7e1b7e00
7e1c7e00
7e1d7e00
7e1e7e00
7e1f7e00
7e207e00
7e217e00
7e227e00
7e237e00
7e247e00
7e257e00
7e267e00
7e277e00
7e287e00
7e297e00
7e2a7e00
7e2b7e00
7e2c7e00
7e2d7e00
7e2e7e00
7e2f7e00
7e307e00
7e317e00
7e327e00
7e337e00
7e347e00
7e357e00
7e367e00
7e377e00
7e387e00
7e397e00
7e3a7e00
7e3b7e00
7e3c7e00
7e3d7e00
7e3e7e00
7e3f7e00
7e407e00
7e417e00
7e427e00
7e437e00
7e447e00
7e457e00
7e467e00
7e477e00
7e487e00
7e497e00
7e4a7e00
7e4b7e00
7e4c7e00
7e4d7e00
7e4e7e00
7e4f7e00
7e507e00
7e517e00
7e527e00
7e537e00
7e547e00
7e557e00
7e567e00
7e577e00
7e587e00
7e597e00
7e5a7e00
7e5b7e00
7e5c7e00
7e5d7e00
7e5e7e00
7e5f7e00
7e607e00
7e617e00
7e627e00
7e637e00
7e647e00
7e657e00
7e667e00
7e677e00
7e687e00
7e697e00
7e6a7e00
7e6b7e00
7e6c7e00
7e6d7e00
7e6e7e00
7e6f7e00
7e707e00
7e717e00
7e727e00
7e737e00
7e747e00
7e757e00
7e767e00
7e777e00
7e787e00
7e797e00
7e7a7e00
7e7b7e00
7e7c7e00
7e7d7e00
7e7e7e00
7e7f7e00
7e807e00
7e817e00
7e827e00
7e837e00
7e847e00
7e857e00
7e867e00
7e877e00
7e887e00
7e897e00
7e8a7e00
7e8b7e00
7e8c7e00
7e8d7e00
7e8e7e00
7e8f7e00
7e907e00
7e917e00
7e927e00
7e937e00
7e947e00
7e957e00
7e967e00
7e977e00
7e987e00
7e997e00
7e9a7e00
7e9b7e00
7e9c7e00
7e9d7e00
7e9e7e00
7e9f7e00
7ea07e00
7ea17e00
7ea27e00
7ea37e00
7ea47e00
7ea57e00
7ea67e00
7ea77e00
7ea87e00
7ea97e00
7eaa7e00
7eab7e00
7eac7e00
7ead7e00
7eae7e00
7eaf7e00
7eb07e00
7eb17e00
7eb27e00
7eb37e00
7eb47e00
7eb57e00
7eb67e00
7eb77e00
7eb87e00
7eb97e00
7eba7e00
7ebb7e00
7ebc7e00
7ebd7e00
7ebe7e00
7ebf7e00
7ec07e00
7ec17e00
7ec27e00
7ec37e00
7ec47e00
7ec57e00
7ec67e00
7ec77e00
7ec87e00
7ec97e00
7eca7e00
7ecb7e00
7ecc7e00
7ecd7e00
7ece7e00
7ecf7e00
7ed07e00
7ed17e00
7ed27e00
7ed37e00
7ed47e00
7ed57e00
7ed67e00
7ed77e00
7ed87e00
7ed97e00
7eda7e00
7edb7e00
7edc7e00
7edd7e00
7ede7e00
7edf7e00
7ee07e00
7ee17e00
7ee27e00
7ee37e00
7ee47e00
7ee57e00
7ee67e00
7ee77e00
7ee87e00
7ee97e00
7eea7e00
7eeb7e00
7eec7e00
7eed7e00
7eee7e00
7eef7e00
7ef07e00
7ef17e00
7ef27e00
7ef37e00
7ef47e00
7ef57e00
7ef67e00
7ef77e00
7ef87e00
7ef97e00
7efa7e00
7efb7e00
7efc7e00
7efd7e00
7efe7e00
7eff7e00
7f007e00
7f017e00
7f027e00
7f037e00
7f047e00
7f057e00
7f067e00
7f077e00
7f087e00
7f097e00
7f0a7e00
7f0b7e00
7f0c7e00
7f0d7e00
7f0e7e00
7f0f7e00
7f107e00
7f117e00
7f127e00
7f137e00
7f147e00
7f157e00
7f167e00
7f177e00
7f187e00
7f197e00
7f1a7e00
7f1b7e00
7f1c7e00
7f1d7e00
7f1e7e00
7f1f7e00
7f207e00
7f217e00
7f227e00
7f237e00
7f247e00
7f257e00
7f267e00
7f277e00
7f287e00
7f297e00
7f2a7e00
7f2b7e00
7f2c7e00
7f2d7e00
7f2e7e00
7f2f7e00
7f307e00
7f317e00
7f327e00
7f337e00
7f347e00
7f357e00
7f367e00
7f377e00
7f387e00
7f397e00
7f3a7e00
7f3b7e00
7f3c7e00
7f3d7e00
7f3e7e00
7f3f7e00
7f407e00
7f417e00
7f427e00
7f437e00
7f447e00
7f457e00
7f467e00
7f477e00
7f487e00
7f497e00
7f4a7e00
7f4b7e00
7f4c7e00
7f4d7e00
7f4e7e00
7f4f7e00
7f507e00
7f517e00
7f527e00
7f537e00
7f547e00
7f557e00
7f567e00
7f577e00
7f587e00
7f597e00
7f5a7e00
7f5b7e00
7f5c7e00
7f5d7e00
7f5e7e00
7f5f7e00
7f607e00
7f617e00
7f627e00
7f637e00
7f647e00
7f657e00
7f667e00
7f677e00
7f687e00
7f697e00
7f6a7e00
7f6b7e00
7f6c7e00
7f6d7e00
7f6e7e00
7f6f7e00
7f707e00
7f717e00
7f727e00
7f737e00
7f747e00
7f757e00
7f767e00
7f777e00
7f787e00
7f797e00
7f7a7e00
7f7b7e00
7f7c7e00
7f7d7e00
7f7e7e00
7f7f7e00
7f807e00
7f817e00
7f827e00
7f837e00
7f847e00
7f857e00
7f867e00
7f877e00
7f887e00
7f897e00
7f8a7e00
7f8b7e00
7f8c7e00
7f8d7e00
7f8e7e00
7f8f7e00
7f907e00
7f917e00
7f927e00
7f937e00
7f947e00
7f957e00
7f967e00
7f977e00
7f987e00
7f997e00
7f9a7e00
7f9b7e00
7f9c7e00
7f9d7e00
7f9e7e00
7f9f7e00
7fa07e00
7fa17e00
7fa27e00
7fa37e00
7fa47e00
7fa57e00
7fa67e00
7fa77e00
7fa87e00
7fa97e00
7faa7e00
7fab7e00
7fac7e00
7fad7e00
7fae7e00
7faf7e00
7fb07e00
7fb17e00
7fb27e00
7fb37e00
7fb47e00
7fb57e00
7fb67e00
7fb77e00
7fb87e00
7fb97e00
7fba7e00
7fbb7e00
7fbc7e00
7fbd7e00
7fbe7e00
7fbf7e00
7fc07e00
7fc17e00
7fc27e00
7fc37e00
7fc47e00
7fc57e00
7fc67e00
7fc77e00
7fc87e00
7fc97e00
7fca7e00
7fcb7e00
7fcc7e00
7fcd7e00
7fce7e00
7fcf7e00
7fd07e00
7fd17e00
7fd27e00
7fd37e00
7fd47e00
7fd57e00
7fd67e00
7fd77e00
7fd87e00
7fd97e00
7fda7e00
7fdb7e00
7fdc7e00
7fdd7e00
7fde7e00
7fdf7e00
7fe07e00
7fe17e00
7fe27e00
7fe37e00
7fe47e00
7fe57e00
7fe67e00
7fe77e00
7fe87e00
7fe97e00
7fea7e00
7feb7e00
7fec7e00
7fed7e00
7fee7e00
7fef7e00
7ff07e00
7ff17e00
7ff27e00
7ff37e00
7ff47e00
7ff57e00
7ff67e00
7ff77e00
7ff87e00
7ff97e00
7ffa7e00
7ffb7e00
7ffc7e00
7ffd7e00
7ffe7e00
7fff7e00
80007e00
80017e00
80027e00
80037e00
80047e00
80057e00
80067e00
80077e00
80087e00
80097e00
800a7e00
800b7e00
800c7e00
800d7e00
800e7e00
800f7e00
80107e00
80117e00
80127e00
80137e00
80147e00
80157e00
80167e00
80177e00
80187e00
80197e00
801a7e00
801b7e00
801c7e00
801d7e00
801e7e00
801f7e00
80207e00
80217e00
80227e00
80237e00
80247e00
80257e00
80267e00
80277e00
80287e00
80297e00
802a7e00
802b7e00
802c7e00
802d7e00
802e7e00
802f7e00
80307e00
80317e00
80327e00
80337e00
80347e00
80357e00
80367e00
80377e00
80387e00
80397e00
803a7e00
803b7e00
803c7e00
803d7e00
803e7e00
803f7e00
80407e00
80417e00
80427e00
80437e00
80447e00
80457e00
80467e00
80477e00
80487e00
80497e00
804a7e00
804b7e00
804c7e00
804d7e00
804e7e00
804f7e00
80507e00
80517e00
80527e00
80537e00
80547e00
80557e00
80567e00
80577e00
80587e00
80597e00
805a7e00
805b7e00
805c7e00
805d7e00
805e7e00
805f7e00
80607e00
80617e00
80627e00
80637e00
80647e00
80657e00
80667e00
80677e00
80687e00
80697e00
806a7e00
806b7e00
806c7e00
806d7e00
806e7e00
806f7e00
80707e00
80717e00
80727e00
80737e00
80747e00
80757e00
80767e00
80777e00
80787e00
80797e00
807a7e00
807b7e00
807c7e00
807d7e00
807e7e00
807f7e00
80807e00
80817e00
80827e00
80837e00
80847e00
80857e00
80867e00
80877e00
80887e00
80897e00
808a7e00
808b7e00
808c7e00
808d7e00
808e7e00
808f7e00
80907e00
80917e00
80927e00
80937e00
80947e00
80957e00
80967e00
80977e00
80987e00
80997e00
809a7e00
809b7e00
809c7e00
809d7e00
809e7e00
809f7e00
80a07e00
80a17e00
80a27e00
80a37e00
80a47e00
80a57e00
80a67e00
80a77e00
80a87e00
80a97e00
80aa7e00
80ab7e00
80ac7e00
80ad7e00
80ae7e00
80af7e00
80b07e00
80b17e00
80b27e00
80b37e00
80b47e00
80b57e00
80b67e00
80b77e00
80b87e00
80b97e00
80ba7e00
80bb7e00
80bc7e00
80bd7e00
80be7e00
80bf7e00
80c07e00
80c17e00
80c27e00
80c37e00
80c47e00
80c57e00
80c67e00
80c77e00
80c87e00
80c97e00
80ca7e00
80cb7e00
80cc7e00
80cd7e00
80ce7e00
80cf7e00
80d07e00
80d17e00
80d27e00
80d37e00
80d47e00
80d57e00
80d67e00
80d77e00
80d87e00
80d97e00
80da7e00
80db7e00
80dc7e00
80dd7e00
80de7e00
80df7e00
80e07e00
80e17e00
80e27e00
80e37e00
80e47e00
80e57e00
80e67e00
80e77e00
80e87e00
80e97e00
80ea7e00
80eb7e00
80ec7e00
80ed7e00
80ee7e00
80ef7e00
80f07e00
80f17e00
80f27e00
80f37e00
80f47e00
80f57e00
80f67e00
80f77e00
80f87e00
80f97e00
80fa7e00
80fb7e00
80fc7e00
80fd7e00
80fe7e00
80ff7e00
81007e00
81017e00
81027e00
81037e00
81047e00
81057e00
81067e00
81077e00
81087e00
81097e00
810a7e00
810b7e00
810c7e00
810d7e00
810e7e00
810f7e00
81107e00
81117e00
81127e00
81137e00
81147e00
81157e00
81167e00
81177e00
81187e00
81197e00
811a7e00
811b7e00
811c7e00
811d7e00
811e7e00
811f7e00
81207e00
81217e00
81227e00
81237e00
81247e00
81257e00
81267e00
81277e00
81287e00
81297e00
812a7e00
812b7e00
812c7e00
812d7e00
812e7e00
812f7e00
81307e00
81317e00
81327e00
81337e00
81347e00
81357e00
81367e00
81377e00
81387e00
81397e00
813a7e00
813b7e00
813c7e00
813d7e00
813e7e00
813f7e00
81407e00
81417e00
81427e00
81437e00
81447e00
81457e00
81467e00
81477e00
81487e00
81497e00
814a7e00
814b7e00
814c7e00
814d7e00
814e7e00
814f7e00
81507e00
81517e00
81527e00
81537e00
81547e00
81557e00
81567e00
81577e00
81587e00
81597e00
815a7e00
815b7e00
815c7e00
815d7e00
815e7e00
815f7e00
81607e00
81617e00
81627e00
81637e00
81647e00
81657e00
81667e00
81677e00
81687e00
81697e00
816a7e00
816b7e00
816c7e00
816d7e00
816e7e00
816f7e00
81707e00
81717e00
81727e00
81737e00
81747e00
81757e00
81767e00
81777e00
81787e00
81797e00
817a7e00
817b7e00
817c7e00
817d7e00
817e7e00
817f7e00
81807e00
81817e00
81827e00
81837e00
81847e00
81857e00
81867e00
81877e00
81887e00
81897e00
818a7e00
818b7e00
818c7e00
818d7e00
818e7e00
818f7e00
81907e00
81917e00
81927e00
81937e00
81947e00
81957e00
81967e00
81977e00
81987e00
81997e00
819a7e00
819b7e00
819c7e00
819d7e00
819e7e00
819f7e00
81a07e00
81a17e00
81a27e00
81a37e00
81a47e00
81a57e00
81a67e00
81a77e00
81a87e00
81a97e00
81aa7e00
81ab7e00
81ac7e00
81ad7e00
81ae7e00
81af7e00
81b07e00
81b17e00
81b27e00
81b37e00
81b47e00
81b57e00
81b67e00
81b77e00
81b87e00
81b97e00
81ba7e00
81bb7e00
81bc7e00
81bd7e00
81be7e00
81bf7e00
81c07e00
81c17e00
81c27e00
81c37e00
81c47e00
81c57e00
81c67e00
81c77e00
81c87e00
81c97e00
81ca7e00
81cb7e00
81cc7e00
81cd7e00
81ce7e00
81cf7e00
81d07e00
81d17e00
81d27e00
81d37e00
81d47e00
81d57e00
81d67e00
81d77e00
81d87e00
81d97e00
81da7e00
81db7e00
81dc7e00
81dd7e00
81de7e00
81df7e00
81e07e00
81e17e00
81e27e00
81e37e00
81e47e00
81e57e00
81e67e00
81e77e00
81e87e00
81e97e00
81ea7e00
81eb7e00
81ec7e00
81ed7e00
81ee7e00
81ef7e00
81f07e00
81f17e00
81f27e00
81f37e00
81f47e00
81f57e00
81f67e00
81f77e00
81f87e00
81f97e00
81fa7e00
81fb7e00
81fc7e00
81fd7e00
81fe7e00
81ff7e00
82007e00
82017e00
82027e00
82037e00
82047e00
82057e00
82067e00
82077e00
82087e00
82097e00
820a7e00
820b7e00
820c7e00
820d7e00
820e7e00
820f7e00
82107e00
82117e00
82127e00
82137e00
82147e00
82157e00
82167e00
82177e00
82187e00
82197e00
821a7e00
821b7e00
821c7e00
821d7e00
821e7e00
821f7e00
82207e00
82217e00
82227e00
82237e00
82247e00
82257e00
82267e00
82277e00
82287e00
82297e00
822a7e00
822b7e00
822c7e00
822d7e00
822e7e00
822f7e00
82307e00
82317e00
82327e00
82337e00
82347e00
82357e00
82367e00
82377e00
82387e00
82397e00
823a7e00
823b7e00
823c7e00
823d7e00
823e7e00
823f7e00
82407e00
82417e00
82427e00
82437e00
82447e00
82457e00
82467e00
82477e00
82487e00
82497e00
824a7e00
824b7e00
824c7e00
824d7e00
824e7e00
824f7e00
82507e00
82517e00
82527e00
82537e00
82547e00
82557e00
82567e00
82577e00
82587e00
82597e00
825a7e00
825b7e00
825c7e00
825d7e00
825e7e00
825f7e00
82607e00
82617e00
82627e00
82637e00
82647e00
82657e00
82667e00
82677e00
82687e00
82697e00
826a7e00
826b7e00
826c7e00
826d7e00
826e7e00
826f7e00
82707e00
82717e00
82727e00
82737e00
82747e00
82757e00
82767e00
82777e00
82787e00
82797e00
827a7e00
827b7e00
827c7e00
827d7e00
827e7e00
827f7e00
82807e00
82817e00
82827e00
82837e00
82847e00
82857e00
82867e00
82877e00
82887e00
82897e00
828a7e00
828b7e00
828c7e00
828d7e00
828e7e00
828f7e00
82907e00
82917e00
82927e00
82937e00
82947e00
82957e00
82967e00
82977e00
82987e00
82997e00
829a7e00
829b7e00
829c7e00
829d7e00
829e7e00
829f7e00
82a07e00
82a17e00
82a27e00
82a37e00
82a47e00
82a57e00
82a67e00
82a77e00
82a87e00
82a97e00
82aa7e00
82ab7e00
82ac7e00
82ad7e00
82ae7e00
82af7e00
82b07e00
82b17e00
82b27e00
82b37e00
82b47e00
82b57e00
82b67e00
82b77e00
82b87e00
82b97e00
82ba7e00
82bb7e00
82bc7e00
82bd7e00
82be7e00
82bf7e00
82c07e00
82c17e00
82c27e00
82c37e00
82c47e00
82c57e00
82c67e00
82c77e00
82c87e00
82c97e00
82ca7e00
82cb7e00
82cc7e00
82cd7e00
82ce7e00
82cf7e00
82d07e00
82d17e00
82d27e00
82d37e00
82d47e00
82d57e00
82d67e00
82d77e00
82d87e00
82d97e00
82da7e00
82db7e00
82dc7e00
82dd7e00
82de7e00
82df7e00
82e07e00
82e17e00
82e27e00
82e37e00
82e47e00
82e57e00
82e67e00
82e77e00
82e87e00
82e97e00
82ea7e00
82eb7e00
82ec7e00
82ed7e00
82ee7e00
82ef7e00
82f07e00
82f17e00
82f27e00
82f37e00
82f47e00
82f57e00
82f67e00
82f77e00
82f87e00
82f97e00
82fa7e00
82fb7e00
82fc7e00
82fd7e00
82fe7e00
82ff7e00
83007e00
83017e00
83027e00
83037e00
83047e00
83057e00
83067e00
83077e00
83087e00
83097e00
830a7e00
830b7e00
830c7e00
830d7e00
830e7e00
830f7e00
83107e00
83117e00
83127e00
83137e00
83147e00
83157e00
83167e00
83177e00
83187e00
83197e00
831a7e00
831b7e00
831c7e00
831d7e00
831e7e00
831f7e00
83207e00
83217e00
83227e00
83237e00
83247e00
83257e00
83267e00
83277e00
83287e00
83297e00
832a7e00
832b7e00
832c7e00
832d7e00
832e7e00
832f7e00
83307e00
83317e00
83327e00
83337e00
83347e00
83357e00
83367e00
83377e00
83387e00
83397e00
833a7e00
833b7e00
833c7e00
833d7e00
833e7e00
833f7e00
83407e00
83417e00
83427e00
83437e00
83447e00
83457e00
83467e00
83477e00
83487e00
83497e00
834a7e00
834b7e00
834c7e00
834d7e00
834e7e00
834f7e00
83507e00
83517e00
83527e00
83537e00
83547e00
83557e00
83567e00
83577e00
83587e00
83597e00
835a7e00
835b7e00
835c7e00
835d7e00
835e7e00
835f7e00
83607e00
83617e00
83627e00
83637e00
83647e00
83657e00
83667e00
83677e00
83687e00
83697e00
836a7e00
836b7e00
836c7e00
836d7e00
836e7e00
836f7e00
83707e00
83717e00
83727e00
83737e00
83747e00
83757e00
83767e00
83777e00
83787e00
83797e00
837a7e00
837b7e00
837c7e00
837d7e00
837e7e00
837f7e00
83807e00
83817e00
83827e00
83837e00
83847e00
83857e00
83867e00
83877e00
83887e00
83897e00
838a7e00
838b7e00
838c7e00
838d7e00
838e7e00
838f7e00
83907e00
83917e00
83927e00
83937e00
83947e00
83957e00
83967e00
83977e00
83987e00
83997e00
839a7e00
839b7e00
839c7e00
839d7e00
839e7e00
839f7e00
83a07e00
83a17e00
83a27e00
83a37e00
83a47e00
83a57e00
83a67e00
83a77e00
83a87e00
83a97e00
83aa7e00
83ab7e00
83ac7e00
83ad7e00
83ae7e00
83af7e00
83b07e00
83b17e00
83b27e00
83b37e00
83b47e00
83b57e00
83b67e00
83b77e00
83b87e00
83b97e00
83ba7e00
83bb7e00
83bc7e00
83bd7e00
83be7e00
83bf7e00
83c07e00
83c17e00
83c27e00
83c37e00
83c47e00
83c57e00
83c67e00
83c77e00
83c87e00
83c97e00
83ca7e00
83cb7e00
83cc7e00
83cd7e00
83ce7e00
83cf7e00
83d07e00
83d17e00
83d27e00
83d37e00
83d47e00
83d57e00
83d67e00
83d77e00
83d87e00
83d97e00
83da7e00
83db7e00
83dc7e00
83dd7e00
83de7e00
83df7e00
83e07e00
83e17e00
83e27e00
83e37e00
83e47e00
83e57e00
83e67e00
83e77e00
83e87e00
83e97e00
83ea7e00
83eb7e00
83ec7e00
83ed7e00
83ee7e00
83ef7e00
83f07e00
83f17e00
83f27e00
83f37e00
83f47e00
83f57e00
83f67e00
83f77e00
83f87e00
83f97e00
83fa7e00
83fb7e00
83fc7e00
83fd7e00
83fe7e00
83ff7e00
84007e00
84017e00
84027e00
84037e00
84047e00
84057e00
84067e00
84077e00
84087e00
84097e00
840a7e00
840b7e00
840c7e00
840d7e00
840e7e00
840f7e00
84107e00
84117e00
84127e00
84137e00
84147e00
84157e00
84167e00
84177e00
84187e00
84197e00
841a7e00
841b7e00
841c7e00
841d7e00
841e7e00
841f7e00
84207e00
84217e00
84227e00
84237e00
84247e00
84257e00
84267e00
84277e00
84287e00
84297e00
842a7e00
842b7e00
842c7e00
842d7e00
842e7e00
842f7e00
84307e00
84317e00
84327e00
84337e00
84347e00
84357e00
84367e00
84377e00
84387e00
84397e00
843a7e00
843b7e00
843c7e00
843d7e00
843e7e00
843f7e00
84407e00
84417e00
84427e00
84437e00
84447e00
84457e00
84467e00
84477e00
84487e00
84497e00
844a7e00
844b7e00
844c7e00
844d7e00
844e7e00
844f7e00
84507e00
84517e00
84527e00
84537e00
84547e00
84557e00
84567e00
84577e00
84587e00
84597e00
845a7e00
845b7e00
845c7e00
845d7e00
845e7e00
845f7e00
84607e00
84617e00
84627e00
84637e00
84647e00
84657e00
84667e00
84677e00
84687e00
84697e00
846a7e00
846b7e00
846c7e00
846d7e00
846e7e00
846f7e00
84707e00
84717e00
84727e00
84737e00
84747e00
84757e00
84767e00
84777e00
84787e00
84797e00
847a7e00
847b7e00
847c7e00
847d7e00
847e7e00
847f7e00
84807e00
84817e00
84827e00
84837e00
84847e00
84857e00
84867e00
84877e00
84887e00
84897e00
848a7e00
848b7e00
848c7e00
848d7e00
848e7e00
848f7e00
84907e00
84917e00
84927e00
84937e00
84947e00
84957e00
84967e00
84977e00
84987e00
84997e00
849a7e00
849b7e00
849c7e00
849d7e00
849e7e00
849f7e00
84a07e00
84a17e00
84a27e00
84a37e00
84a47e00
84a57e00
84a67e00
84a77e00
84a87e00
84a97e00
84aa7e00
84ab7e00
84ac7e00
84ad7e00
84ae7e00
84af7e00
84b07e00
84b17e00
84b27e00
84b37e00
84b47e00
84b57e00
84b67e00
84b77e00
84b87e00
84b97e00
84ba7e00
84bb7e00
84bc7e00
84bd7e00
84be7e00
84bf7e00
84c07e00
84c17e00
84c27e00
84c37e00
84c47e00
84c57e00
84c67e00
84c77e00
84c87e00
84c97e00
84ca7e00
84cb7e00
84cc7e00
84cd7e00
84ce7e00
84cf7e00
84d07e00
84d17e00
84d27e00
84d37e00
84d47e00
84d57e00
84d67e00
84d77e00
84d87e00
84d97e00
84da7e00
84db7e00
84dc7e00
84dd7e00
84de7e00
84df7e00
84e07e00
84e17e00
84e27e00
84e37e00
84e47e00
84e57e00
84e67e00
84e77e00
84e87e00
84e97e00
84ea7e00
84eb7e00
84ec7e00
84ed7e00
84ee7e00
84ef7e00
84f07e00
84f17e00
84f27e00
84f37e00
84f47e00
84f57e00
84f67e00
84f77e00
84f87e00
84f97e00
84fa7e00
84fb7e00
84fc7e00
84fd7e00
84fe7e00
84ff7e00
85007e00
85017e00
85027e00
85037e00
85047e00
85057e00
85067e00
85077e00
85087e00
85097e00
850a7e00
850b7e00
850c7e00
850d7e00
850e7e00
850f7e00
85107e00
85117e00
85127e00
85137e00
85147e00
85157e00
85167e00
85177e00
85187e00
85197e00
851a7e00
851b7e00
851c7e00
851d7e00
851e7e00
851f7e00
85207e00
85217e00
85227e00
85237e00
85247e00
85257e00
85267e00
85277e00
85287e00
85297e00
852a7e00
852b7e00
852c7e00
852d7e00
852e7e00
852f7e00
85307e00
85317e00
85327e00
85337e00
85347e00
85357e00
85367e00
85377e00
85387e00
85397e00
853a7e00
853b7e00
853c7e00
853d7e00
853e7e00
853f7e00
85407e00
85417e00
85427e00
85437e00
85447e00
85457e00
85467e00
85477e00
85487e00
85497e00
854a7e00
854b7e00
854c7e00
854d7e00
854e7e00
854f7e00
85507e00
85517e00
85527e00
85537e00
85547e00
85557e00
85567e00
85577e00
85587e00
85597e00
855a7e00
855b7e00
855c7e00
855d7e00
855e7e00
855f7e00
85607e00
85617e00
85627e00
85637e00
85647e00
85657e00
85667e00
85677e00
85687e00
85697e00
856a7e00
856b7e00
856c7e00
856d7e00
856e7e00
856f7e00
85707e00
85717e00
85727e00
85737e00
85747e00
85757e00
85767e00
85777e00
85787e00
85797e00
857a7e00
857b7e00
857c7e00
857d7e00
857e7e00
857f7e00
85807e00
85817e00
85827e00
85837e00
85847e00
85857e00
85867e00
85877e00
85887e00
85897e00
858a7e00
858b7e00
858c7e00
858d7e00
858e7e00
858f7e00
85907e00
85917e00
85927e00
85937e00
85947e00
85957e00
85967e00
85977e00
85987e00
85997e00
859a7e00
859b7e00
859c7e00
859d7e00
859e7e00
859f7e00
85a07e00
85a17e00
85a27e00
85a37e00
85a47e00
85a57e00
85a67e00
85a77e00
85a87e00
85a97e00
85aa7e00
85ab7e00
85ac7e00
85ad7e00
85ae7e00
85af7e00
85b07e00
85b17e00
85b27e00
85b37e00
85b47e00
85b57e00
85b67e00
85b77e00
85b87e00
85b97e00
85ba7e00
85bb7e00
85bc7e00
85bd7e00
85be7e00
85bf7e00
85c07e00
85c17e00
85c27e00
85c37e00
85c47e00
85c57e00
85c67e00
85c77e00
85c87e00
85c97e00
85ca7e00
85cb7e00
85cc7e00
85cd7e00
85ce7e00
85cf7e00
85d07e00
85d17e00
85d27e00
85d37e00
85d47e00
85d57e00
85d67e00
85d77e00
85d87e00
85d97e00
85da7e00
85db7e00
85dc7e00
85dd7e00
85de7e00
85df7e00
85e07e00
85e17e00
85e27e00
85e37e00
85e47e00
85e57e00
85e67e00
85e77e00
85e87e00
85e97e00
85ea7e00
85eb7e00
85ec7e00
85ed7e00
85ee7e00
85ef7e00
85f07e00
85f17e00
85f27e00
85f37e00
85f47e00
85f57e00
85f67e00
85f77e00
85f87e00
85f97e00
85fa7e00
85fb7e00
85fc7e00
85fd7e00
85fe7e00
85ff7e00
86007e00
86017e00
86027e00
86037e00
86047e00
86057e00
86067e00
86077e00
86087e00
86097e00
860a7e00
860b7e00
860c7e00
860d7e00
860e7e00
860f7e00
86107e00
86117e00
86127e00
86137e00
86147e00
86157e00
86167e00
86177e00
86187e00
86197e00
861a7e00
861b7e00
861c7e00
861d7e00
861e7e00
861f7e00
86207e00
86217e00
86227e00
86237e00
86247e00
86257e00
86267e00
86277e00
86287e00
86297e00
862a7e00
862b7e00
862c7e00
862d7e00
862e7e00
862f7e00
86307e00
86317e00
86327e00
86337e00
86347e00
86357e00
86367e00
86377e00
86387e00
86397e00
863a7e00
863b7e00
863c7e00
863d7e00
863e7e00
863f7e00
86407e00
86417e00
86427e00
86437e00
86447e00
86457e00
86467e00
86477e00
86487e00
86497e00
864a7e00
864b7e00
864c7e00
864d7e00
864e7e00
864f7e00
86507e00
86517e00
86527e00
86537e00
86547e00
86557e00
86567e00
86577e00
86587e00
86597e00
865a7e00
865b7e00
865c7e00
865d7e00
865e7e00
865f7e00
86607e00
86617e00
86627e00
86637e00
86647e00
86657e00
86667e00
86677e00
86687e00
86697e00
866a7e00
866b7e00
866c7e00
866d7e00
866e7e00
866f7e00
86707e00
86717e00
86727e00
86737e00
86747e00
86757e00
86767e00
86777e00
86787e00
86797e00
867a7e00
867b7e00
867c7e00
867d7e00
867e7e00
867f7e00
86807e00
86817e00
86827e00
86837e00
86847e00
86857e00
86867e00
86877e00
86887e00
86897e00
868a7e00
868b7e00
868c7e00
868d7e00
868e7e00
868f7e00
86907e00
86917e00
86927e00
86937e00
86947e00
86957e00
86967e00
86977e00
86987e00
86997e00
869a7e00
869b7e00
869c7e00
869d7e00
869e7e00
869f7e00
86a07e00
86a17e00
86a27e00
86a37e00
86a47e00
86a57e00
86a67e00
86a77e00
86a87e00
86a97e00
86aa7e00
86ab7e00
86ac7e00
86ad7e00
86ae7e00
86af7e00
86b07e00
86b17e00
86b27e00
86b37e00
86b47e00
86b57e00
86b67e00
86b77e00
86b87e00
86b97e00
86ba7e00
86bb7e00
86bc7e00
86bd7e00
86be7e00
86bf7e00
86c07e00
86c17e00
86c27e00
86c37e00
86c47e00
86c57e00
86c67e00
86c77e00
86c87e00
86c97e00
86ca7e00
86cb7e00
86cc7e00
86cd7e00
86ce7e00
86cf7e00
86d07e00
86d17e00
86d27e00
86d37e00
86d47e00
86d57e00
86d67e00
86d77e00
86d87e00
86d97e00
86da7e00
86db7e00
86dc7e00
86dd7e00
86de7e00
86df7e00
86e07e00
86e17e00
86e27e00
86e37e00
86e47e00
86e57e00
86e67e00
86e77e00
86e87e00
86e97e00
86ea7e00
86eb7e00
86ec7e00
86ed7e00
86ee7e00
86ef7e00
86f07e00
86f17e00
86f27e00
86f37e00
86f47e00
86f57e00
86f67e00
86f77e00
86f87e00
86f97e00
86fa7e00
86fb7e00
86fc7e00
86fd7e00
86fe7e00
86ff7e00
87007e00
87017e00
87027e00
87037e00
87047e00
87057e00
87067e00
87077e00
87087e00
87097e00
870a7e00
870b7e00
870c7e00
870d7e00
870e7e00
870f7e00
87107e00
87117e00
87127e00
87137e00
87147e00
87157e00
87167e00
87177e00
87187e00
87197e00
871a7e00
871b7e00
871c7e00
871d7e00
871e7e00
871f7e00
87207e00
87217e00
87227e00
87237e00
87247e00
87257e00
87267e00
87277e00
87287e00
87297e00
872a7e00
872b7e00
872c7e00
872d7e00
872e7e00
872f7e00
87307e00
87317e00
87327e00
87337e00
87347e00
87357e00
87367e00
87377e00
87387e00
87397e00
873a7e00
873b7e00
873c7e00
873d7e00
873e7e00
873f7e00
87407e00
87417e00
87427e00
87437e00
87447e00
87457e00
87467e00
87477e00
87487e00
87497e00
874a7e00
874b7e00
874c7e00
874d7e00
874e7e00
874f7e00
87507e00
87517e00
87527e00
87537e00
87547e00
87557e00
87567e00
87577e00
87587e00
87597e00
875a7e00
875b7e00
875c7e00
875d7e00
875e7e00
875f7e00
87607e00
87617e00
87627e00
87637e00
87647e00
87657e00
87667e00
87677e00
87687e00
87697e00
876a7e00
876b7e00
876c7e00
876d7e00
876e7e00
876f7e00
87707e00
87717e00
87727e00
87737e00
87747e00
87757e00
87767e00
87777e00
87787e00
87797e00
877a7e00
877b7e00
877c7e00
877d7e00
877e7e00
877f7e00
87807e00
87817e00
87827e00
87837e00
87847e00
87857e00
87867e00
87877e00
87887e00
87897e00
878a7e00
878b7e00
878c7e00
878d7e00
878e7e00
878f7e00
87907e00
87917e00
87927e00
87937e00
87947e00
87957e00
87967e00
87977e00
87987e00
87997e00
879a7e00
879b7e00
879c7e00
879d7e00
879e7e00
879f7e00
87a07e00
87a17e00
87a27e00
87a37e00
87a47e00
87a57e00
87a67e00
87a77e00
87a87e00
87a97e00
87aa7e00
87ab7e00
87ac7e00
87ad7e00
87ae7e00
87af7e00
87b07e00
87b17e00
87b27e00
87b37e00
87b47e00
87b57e00
87b67e00
87b77e00
87b87e00
87b97e00
87ba7e00
87bb7e00
87bc7e00
87bd7e00
87be7e00
87bf7e00
87c07e00
87c17e00
87c27e00
87c37e00
87c47e00
87c57e00
87c67e00
87c77e00
87c87e00
87c97e00
87ca7e00
87cb7e00
87cc7e00
87cd7e00
87ce7e00
87cf7e00
87d07e00
87d17e00
87d27e00
87d37e00
87d47e00
87d57e00
87d67e00
87d77e00
87d87e00
87d97e00
87da7e00
87db7e00
87dc7e00
87dd7e00
87de7e00
87df7e00
87e07e00
87e17e00
87e27e00
87e37e00
87e47e00
87e57e00
87e67e00
87e77e00
87e87e00
87e97e00
87ea7e00
87eb7e00
87ec7e00
87ed7e00
87ee7e00
87ef7e00
87f07e00
87f17e00
87f27e00
87f37e00
87f47e00
87f57e00
87f67e00
87f77e00
87f87e00
87f97e00
87fa7e00
87fb7e00
87fc7e00
87fd7e00
87fe7e00
87ff7e00
88007e00
88017e00
88027e00
88037e00
88047e00
88057e00
88067e00
88077e00
88087e00
88097e00
880a7e00
880b7e00
880c7e00
880d7e00
880e7e00
880f7e00
88107e00
88117e00
88127e00
88137e00
88147e00
88157e00
88167e00
88177e00
88187e00
88197e00
881a7e00
881b7e00
881c7e00
881d7e00
881e7e00
881f7e00
88207e00
88217e00
88227e00
88237e00
88247e00
88257e00
88267e00
88277e00
88287e00
88297e00
882a7e00
882b7e00
882c7e00
882d7e00
882e7e00
882f7e00
88307e00
88317e00
88327e00
88337e00
88347e00
88357e00
88367e00
88377e00
88387e00
88397e00
883a7e00
883b7e00
883c7e00
883d7e00
883e7e00
883f7e00
88407e00
88417e00
88427e00
88437e00
88447e00
88457e00
88467e00
88477e00
88487e00
88497e00
884a7e00
884b7e00
884c7e00
884d7e00
884e7e00
884f7e00
88507e00
88517e00
88527e00
88537e00
88547e00
88557e00
88567e00
88577e00
88587e00
88597e00
885a7e00
885b7e00
885c7e00
885d7e00
885e7e00
885f7e00
88607e00
88617e00
88627e00
88637e00
88647e00
88657e00
88667e00
88677e00
88687e00
88697e00
886a7e00
886b7e00
886c7e00
886d7e00
886e7e00
886f7e00
88707e00
88717e00
88727e00
88737e00
88747e00
88757e00
88767e00
88777e00
88787e00
88797e00
887a7e00
887b7e00
887c7e00
887d7e00
887e7e00
887f7e00
88807e00
88817e00
88827e00
88837e00
88847e00
88857e00
88867e00
88877e00
88887e00
88897e00
888a7e00
888b7e00
888c7e00
888d7e00
888e7e00
888f7e00
88907e00
88917e00
88927e00
88937e00
88947e00
88957e00
88967e00
88977e00
88987e00
88997e00
889a7e00
889b7e00
889c7e00
889d7e00
889e7e00
889f7e00
88a07e00
88a17e00
88a27e00
88a37e00
88a47e00
88a57e00
88a67e00
88a77e00
88a87e00
88a97e00
88aa7e00
88ab7e00
88ac7e00
88ad7e00
88ae7e00
88af7e00
88b07e00
88b17e00
88b27e00
88b37e00
88b47e00
88b57e00
88b67e00
88b77e00
88b87e00
88b97e00
88ba7e00
88bb7e00
88bc7e00
88bd7e00
88be7e00
88bf7e00
88c07e00
88c17e00
88c27e00
88c37e00
88c47e00
88c57e00
88c67e00
88c77e00
88c87e00
88c97e00
88ca7e00
88cb7e00
88cc7e00
88cd7e00
88ce7e00
88cf7e00
88d07e00
88d17e00
88d27e00
88d37e00
88d47e00
88d57e00
88d67e00
88d77e00
88d87e00
88d97e00
88da7e00
88db7e00
88dc7e00
88dd7e00
88de7e00
88df7e00
88e07e00
88e17e00
88e27e00
88e37e00
88e47e00
88e57e00
88e67e00
88e77e00
88e87e00
88e97e00
88ea7e00
88eb7e00
88ec7e00
88ed7e00
88ee7e00
88ef7e00
88f07e00
88f17e00
88f27e00
88f37e00
88f47e00
88f57e00
88f67e00
88f77e00
88f87e00
88f97e00
88fa7e00
88fb7e00
88fc7e00
88fd7e00
88fe7e00
88ff7e00
89007e00
89017e00
89027e00
89037e00
89047e00
89057e00
89067e00
89077e00
89087e00
89097e00
890a7e00
890b7e00
890c7e00
890d7e00
890e7e00
890f7e00
89107e00
89117e00
89127e00
89137e00
89147e00
89157e00
89167e00
89177e00
89187e00
89197e00
891a7e00
891b7e00
891c7e00
891d7e00
891e7e00
891f7e00
89207e00
89217e00
89227e00
89237e00
89247e00
89257e00
89267e00
89277e00
89287e00
89297e00
892a7e00
892b7e00
892c7e00
892d7e00
892e7e00
892f7e00
89307e00
89317e00
89327e00
89337e00
89347e00
89357e00
89367e00
89377e00
89387e00
89397e00
893a7e00
893b7e00
893c7e00
893d7e00
893e7e00
893f7e00
89407e00
89417e00
89427e00
89437e00
89447e00
89457e00
89467e00
89477e00
89487e00
89497e00
894a7e00
894b7e00
894c7e00
894d7e00
894e7e00
894f7e00
89507e00
89517e00
89527e00
89537e00
89547e00
89557e00
89567e00
89577e00
89587e00
89597e00
895a7e00
895b7e00
895c7e00
895d7e00
895e7e00
895f7e00
89607e00
89617e00
89627e00
89637e00
89647e00
89657e00
89667e00
89677e00
89687e00
89697e00
896a7e00
896b7e00
896c7e00
896d7e00
896e7e00
896f7e00
89707e00
89717e00
89727e00
89737e00
89747e00
89757e00
89767e00
89777e00
89787e00
89797e00
897a7e00
897b7e00
897c7e00
897d7e00
897e7e00
897f7e00
89807e00
89817e00
89827e00
89837e00
89847e00
89857e00
89867e00
89877e00
89887e00
89897e00
898a7e00
898b7e00
898c7e00
898d7e00
898e7e00
898f7e00
89907e00
89917e00
89927e00
89937e00
89947e00
89957e00
89967e00
89977e00
89987e00
89997e00
899a7e00
899b7e00
899c7e00
899d7e00
899e7e00
899f7e00
89a07e00
89a17e00
89a27e00
89a37e00
89a47e00
89a57e00
89a67e00
89a77e00
89a87e00
89a97e00
89aa7e00
89ab7e00
89ac7e00
89ad7e00
89ae7e00
89af7e00
89b07e00
89b17e00
89b27e00
89b37e00
89b47e00
89b57e00
89b67e00
89b77e00
89b87e00
89b97e00
89ba7e00
89bb7e00
89bc7e00
89bd7e00
89be7e00
89bf7e00
89c07e00
89c17e00
89c27e00
89c37e00
89c47e00
89c57e00
89c67e00
89c77e00
89c87e00
89c97e00
89ca7e00
89cb7e00
89cc7e00
89cd7e00
89ce7e00
89cf7e00
89d07e00
89d17e00
89d27e00
89d37e00
89d47e00
89d57e00
89d67e00
89d77e00
89d87e00
89d97e00
89da7e00
89db7e00
89dc7e00
89dd7e00
89de7e00
89df7e00
89e07e00
89e17e00
89e27e00
89e37e00
89e47e00
89e57e00
89e67e00
89e77e00
89e87e00
89e97e00
89ea7e00
89eb7e00
89ec7e00
89ed7e00
89ee7e00
89ef7e00
89f07e00
89f17e00
89f27e00
89f37e00
89f47e00
89f57e00
89f67e00
89f77e00
89f87e00
89f97e00
89fa7e00
89fb7e00
89fc7e00
89fd7e00
89fe7e00
89ff7e00
8a007e00
8a017e00
8a027e00
8a037e00
8a047e00
8a057e00
8a067e00
8a077e00
8a087e00
8a097e00
8a0a7e00
8a0b7e00
8a0c7e00
8a0d7e00
8a0e7e00
8a0f7e00
8a107e00
8a117e00
8a127e00
8a137e00
8a147e00
8a157e00
8a167e00
8a177e00
8a187e00
8a197e00
8a1a7e00
8a1b7e00
8a1c7e00
8a1d7e00
8a1e7e00
8a1f7e00
8a207e00
8a217e00
8a227e00
8a237e00
8a247e00
8a257e00
8a267e00
8a277e00
8a287e00
8a297e00
8a2a7e00
8a2b7e00
8a2c7e00
8a2d7e00
8a2e7e00
8a2f7e00
8a307e00
8a317e00
8a327e00
8a337e00
8a347e00
8a357e00
8a367e00
8a377e00
8a387e00
8a397e00
8a3a7e00
8a3b7e00
8a3c7e00
8a3d7e00
8a3e7e00
8a3f7e00
8a407e00
8a417e00
8a427e00
8a437e00
8a447e00
8a457e00
8a467e00
8a477e00
8a487e00
8a497e00
8a4a7e00
8a4b7e00
8a4c7e00
8a4d7e00
8a4e7e00
8a4f7e00
8a507e00
8a517e00
8a527e00
8a537e00
8a547e00
8a557e00
8a567e00
8a577e00
8a587e00
8a597e00
8a5a7e00
8a5b7e00
8a5c7e00
8a5d7e00
8a5e7e00
8a5f7e00
8a607e00
8a617e00
8a627e00
8a637e00
8a647e00
8a657e00
8a667e00
8a677e00
8a687e00
8a697e00
8a6a7e00
8a6b7e00
8a6c7e00
8a6d7e00
8a6e7e00
8a6f7e00
8a707e00
8a717e00
8a727e00
8a737e00
8a747e00
8a757e00
8a767e00
8a777e00
8a787e00
8a797e00
8a7a7e00
8a7b7e00
8a7c7e00
8a7d7e00
8a7e7e00
8a7f7e00
8a807e00
8a817e00
8a827e00
8a837e00
8a847e00
8a857e00
8a867e00
8a877e00
8a887e00
8a897e00
8a8a7e00
8a8b7e00
8a8c7e00
8a8d7e00
8a8e7e00
8a8f7e00
8a907e00
8a917e00
8a927e00
8a937e00
8a947e00
8a957e00
8a967e00
8a977e00
8a987e00
8a997e00
8a9a7e00
8a9b7e00
8a9c7e00
8a9d7e00
8a9e7e00
8a9f7e00
8aa07e00
8aa17e00
8aa27e00
8aa37e00
8aa47e00
8aa57e00
8aa67e00
8aa77e00
8aa87e00
8aa97e00
8aaa7e00
8aab7e00
8aac7e00
8aad7e00
8aae7e00
8aaf7e00
8ab07e00
8ab17e00
8ab27e00
8ab37e00
8ab47e00
8ab57e00
8ab67e00
8ab77e00
8ab87e00
8ab97e00
8aba7e00
8abb7e00
8abc7e00
8abd7e00
8abe7e00
8abf7e00
8ac07e00
8ac17e00
8ac27e00
8ac37e00
8ac47e00
8ac57e00
8ac67e00
8ac77e00
8ac87e00
8ac97e00
8aca7e00
8acb7e00
8acc7e00
8acd7e00
8ace7e00
8acf7e00
8ad07e00
8ad17e00
8ad27e00
8ad37e00
8ad47e00
8ad57e00
8ad67e00
8ad77e00
8ad87e00
8ad97e00
8ada7e00
8adb7e00
8adc7e00
8add7e00
8ade7e00
8adf7e00
8ae07e00
8ae17e00
8ae27e00
8ae37e00
8ae47e00
8ae57e00
8ae67e00
8ae77e00
8ae87e00
8ae97e00
8aea7e00
8aeb7e00
8aec7e00
8aed7e00
8aee7e00
8aef7e00
8af07e00
8af17e00
8af27e00
8af37e00
8af47e00
8af57e00
8af67e00
8af77e00
8af87e00
8af97e00
8afa7e00
8afb7e00
8afc7e00
8afd7e00
8afe7e00
8aff7e00
8b007e00
8b017e00
8b027e00
8b037e00
8b047e00
8b057e00
8b067e00
8b077e00
8b087e00
8b097e00
8b0a7e00
8b0b7e00
8b0c7e00
8b0d7e00
8b0e7e00
8b0f7e00
8b107e00
8b117e00
8b127e00
8b137e00
8b147e00
8b157e00
8b167e00
8b177e00
8b187e00
8b197e00
8b1a7e00
8b1b7e00
8b1c7e00
8b1d7e00
8b1e7e00
8b1f7e00
8b207e00
8b217e00
8b227e00
8b237e00
8b247e00
8b257e00
8b267e00
8b277e00
8b287e00
8b297e00
8b2a7e00
8b2b7e00
8b2c7e00
8b2d7e00
8b2e7e00
8b2f7e00
8b307e00
8b317e00
8b327e00
8b337e00
8b347e00
8b357e00
8b367e00
8b377e00
8b387e00
8b397e00
8b3a7e00
8b3b7e00
8b3c7e00
8b3d7e00
8b3e7e00
8b3f7e00
8b407e00
8b417e00
8b427e00
8b437e00
8b447e00
8b457e00
8b467e00
8b477e00
8b487e00
8b497e00
8b4a7e00
8b4b7e00
8b4c7e00
8b4d7e00
8b4e7e00
8b4f7e00
8b507e00
8b517e00
8b527e00
8b537e00
8b547e00
8b557e00
8b567e00
8b577e00
8b587e00
8b597e00
8b5a7e00
8b5b7e00
8b5c7e00
8b5d7e00
8b5e7e00
8b5f7e00
8b607e00
8b617e00
8b627e00
8b637e00
8b647e00
8b657e00
8b667e00
8b677e00
8b687e00
8b697e00
8b6a7e00
8b6b7e00
8b6c7e00
8b6d7e00
8b6e7e00
8b6f7e00
8b707e00
8b717e00
8b727e00
8b737e00
8b747e00
8b757e00
8b767e00
8b777e00
8b787e00
8b797e00
8b7a7e00
8b7b7e00
8b7c7e00
8b7d7e00
8b7e7e00
8b7f7e00
8b807e00
8b817e00
8b827e00
8b837e00
8b847e00
8b857e00
8b867e00
8b877e00
8b887e00
8b897e00
8b8a7e00
8b8b7e00
8b8c7e00
8b8d7e00
8b8e7e00
8b8f7e00
8b907e00
8b917e00
8b927e00
8b937e00
8b947e00
8b957e00
8b967e00
8b977e00
8b987e00
8b997e00
8b9a7e00
8b9b7e00
8b9c7e00
8b9d7e00
8b9e7e00
8b9f7e00
8ba07e00
8ba17e00
8ba27e00
8ba37e00
8ba47e00
8ba57e00
8ba67e00
8ba77e00
8ba87e00
8ba97e00
8baa7e00
8bab7e00
8bac7e00
8bad7e00
8bae7e00
8baf7e00
8bb07e00
8bb17e00
8bb27e00
8bb37e00
8bb47e00
8bb57e00
8bb67e00
8bb77e00
8bb87e00
8bb97e00
8bba7e00
8bbb7e00
8bbc7e00
8bbd7e00
8bbe7e00
8bbf7e00
8bc07e00
8bc17e00
8bc27e00
8bc37e00
8bc47e00
8bc57e00
8bc67e00
8bc77e00
8bc87e00
8bc97e00
8bca7e00
8bcb7e00
8bcc7e00
8bcd7e00
8bce7e00
8bcf7e00
8bd07e00
8bd17e00
8bd27e00
8bd37e00
8bd47e00
8bd57e00
8bd67e00
8bd77e00
8bd87e00
8bd97e00
8bda7e00
8bdb7e00
8bdc7e00
8bdd7e00
8bde7e00
8bdf7e00
8be07e00
8be17e00
8be27e00
8be37e00
8be47e00
8be57e00
8be67e00
8be77e00
8be87e00
8be97e00
8bea7e00
8beb7e00
8bec7e00
8bed7e00
8bee7e00
8bef7e00
8bf07e00
8bf17e00
8bf27e00
8bf37e00
8bf47e00
8bf57e00
8bf67e00
8bf77e00
8bf87e00
8bf97e00
8bfa7e00
8bfb7e00
8bfc7e00
8bfd7e00
8bfe7e00
8bff7e00
8c007e00
8c017e00
8c027e00
8c037e00
8c047e00
8c057e00
8c067e00
8c077e00
8c087e00
8c097e00
8c0a7e00
8c0b7e00
8c0c7e00
8c0d7e00
8c0e7e00
8c0f7e00
8c107e00
8c117e00
8c127e00
8c137e00
8c147e00
8c157e00
8c167e00
8c177e00
8c187e00
8c197e00
8c1a7e00
8c1b7e00
8c1c7e00
8c1d7e00
8c1e7e00
8c1f7e00
8c207e00
8c217e00
8c227e00
8c237e00
8c247e00
8c257e00
8c267e00
8c277e00
8c287e00
8c297e00
8c2a7e00
8c2b7e00
8c2c7e00
8c2d7e00
8c2e7e00
8c2f7e00
8c307e00
8c317e00
8c327e00
8c337e00
8c347e00
8c357e00
8c367e00
8c377e00
8c387e00
8c397e00
8c3a7e00
8c3b7e00
8c3c7e00
8c3d7e00
8c3e7e00
8c3f7e00
8c407e00
8c417e00
8c427e00
8c437e00
8c447e00
8c457e00
8c467e00
8c477e00
8c487e00
8c497e00
8c4a7e00
8c4b7e00
8c4c7e00
8c4d7e00
8c4e7e00
8c4f7e00
8c507e00
8c517e00
8c527e00
8c537e00
8c547e00
8c557e00
8c567e00
8c577e00
8c587e00
8c597e00
8c5a7e00
8c5b7e00
8c5c7e00
8c5d7e00
8c5e7e00
8c5f7e00
8c607e00
8c617e00
8c627e00
8c637e00
8c647e00
8c657e00
8c667e00
8c677e00
8c687e00
8c697e00
8c6a7e00
8c6b7e00
8c6c7e00
8c6d7e00
8c6e7e00
8c6f7e00
8c707e00
8c717e00
8c727e00
8c737e00
8c747e00
8c757e00
8c767e00
8c777e00
8c787e00
8c797e00
8c7a7e00
8c7b7e00
8c7c7e00
8c7d7e00
8c7e7e00
8c7f7e00
8c807e00
8c817e00
8c827e00
8c837e00
8c847e00
8c857e00
8c867e00
8c877e00
8c887e00
8c897e00
8c8a7e00
8c8b7e00
8c8c7e00
8c8d7e00
8c8e7e00
8c8f7e00
8c907e00
8c917e00
8c927e00
8c937e00
8c947e00
8c957e00
8c967e00
8c977e00
8c987e00
8c997e00
8c9a7e00
8c9b7e00
8c9c7e00
8c9d7e00
8c9e7e00
8c9f7e00
8ca07e00
8ca17e00
8ca27e00
8ca37e00
8ca47e00
8ca57e00
8ca67e00
8ca77e00
8ca87e00
8ca97e00
8caa7e00
8cab7e00
8cac7e00
8cad7e00
8cae7e00
8caf7e00
8cb07e00
8cb17e00
8cb27e00
8cb37e00
8cb47e00
8cb57e00
8cb67e00
8cb77e00
8cb87e00
8cb97e00
8cba7e00
8cbb7e00
8cbc7e00
8cbd7e00
8cbe7e00
8cbf7e00
8cc07e00
8cc17e00
8cc27e00
8cc37e00
8cc47e00
8cc57e00
8cc67e00
8cc77e00
8cc87e00
8cc97e00
8cca7e00
8ccb7e00
8ccc7e00
8ccd7e00
8cce7e00
8ccf7e00
8cd07e00
8cd17e00
8cd27e00
8cd37e00
8cd47e00
8cd57e00
8cd67e00
8cd77e00
8cd87e00
8cd97e00
8cda7e00
8cdb7e00
8cdc7e00
8cdd7e00
8cde7e00
8cdf7e00
8ce07e00
8ce17e00
8ce27e00
8ce37e00
8ce47e00
8ce57e00
8ce67e00
8ce77e00
8ce87e00
8ce97e00
8cea7e00
8ceb7e00
8cec7e00
8ced7e00
8cee7e00
8cef7e00
8cf07e00
8cf17e00
8cf27e00
8cf37e00
8cf47e00
8cf57e00
8cf67e00
8cf77e00
8cf87e00
8cf97e00
8cfa7e00
8cfb7e00
8cfc7e00
8cfd7e00
8cfe7e00
8cff7e00
8d007e00
8d017e00
8d027e00
8d037e00
8d047e00
8d057e00
8d067e00
8d077e00
8d087e00
8d097e00
8d0a7e00
8d0b7e00
8d0c7e00
8d0d7e00
8d0e7e00
8d0f7e00
8d107e00
8d117e00
8d127e00
8d137e00
8d147e00
8d157e00
8d167e00
8d177e00
8d187e00
8d197e00
8d1a7e00
8d1b7e00
8d1c7e00
8d1d7e00
8d1e7e00
8d1f7e00
8d207e00
8d217e00
8d227e00
8d237e00
8d247e00
8d257e00
8d267e00
8d277e00
8d287e00
8d297e00
8d2a7e00
8d2b7e00
8d2c7e00
8d2d7e00
8d2e7e00
8d2f7e00
8d307e00
8d317e00
8d327e00
8d337e00
8d347e00
8d357e00
8d367e00
8d377e00
8d387e00
8d397e00
8d3a7e00
8d3b7e00
8d3c7e00
8d3d7e00
8d3e7e00
8d3f7e00
8d407e00
8d417e00
8d427e00
8d437e00
8d447e00
8d457e00
8d467e00
8d477e00
8d487e00
8d497e00
8d4a7e00
8d4b7e00
8d4c7e00
8d4d7e00
8d4e7e00
8d4f7e00
8d507e00
8d517e00
8d527e00
8d537e00
8d547e00
8d557e00
8d567e00
8d577e00
8d587e00
8d597e00
8d5a7e00
8d5b7e00
8d5c7e00
8d5d7e00
8d5e7e00
8d5f7e00
8d607e00
8d617e00
8d627e00
8d637e00
8d647e00
8d657e00
8d667e00
8d677e00
8d687e00
8d697e00
8d6a7e00
8d6b7e00
8d6c7e00
8d6d7e00
8d6e7e00
8d6f7e00
8d707e00
8d717e00
8d727e00
8d737e00
8d747e00
8d757e00
8d767e00
8d777e00
8d787e00
8d797e00
8d7a7e00
8d7b7e00
8d7c7e00
8d7d7e00
8d7e7e00
8d7f7e00
8d807e00
8d817e00
8d827e00
8d837e00
8d847e00
8d857e00
8d867e00
8d877e00
8d887e00
8d897e00
8d8a7e00
8d8b7e00
8d8c7e00
8d8d7e00
8d8e7e00
8d8f7e00
8d907e00
8d917e00
8d927e00
8d937e00
8d947e00
8d957e00
8d967e00
8d977e00
8d987e00
8d997e00
8d9a7e00
8d9b7e00
8d9c7e00
8d9d7e00
8d9e7e00
8d9f7e00
8da07e00
8da17e00
8da27e00
8da37e00
8da47e00
8da57e00
8da67e00
8da77e00
8da87e00
8da97e00
8daa7e00
8dab7e00
8dac7e00
8dad7e00
8dae7e00
8daf7e00
8db07e00
8db17e00
8db27e00
8db37e00
8db47e00
8db57e00
8db67e00
8db77e00
8db87e00
8db97e00
8dba7e00
8dbb7e00
8dbc7e00
8dbd7e00
8dbe7e00
8dbf7e00
8dc07e00
8dc17e00
8dc27e00
8dc37e00
8dc47e00
8dc57e00
8dc67e00
8dc77e00
8dc87e00
8dc97e00
8dca7e00
8dcb7e00
8dcc7e00
8dcd7e00
8dce7e00
8dcf7e00
8dd07e00
8dd17e00
8dd27e00
8dd37e00
8dd47e00
8dd57e00
8dd67e00
8dd77e00
8dd87e00
8dd97e00
8dda7e00
8ddb7e00
8ddc7e00
8ddd7e00
8dde7e00
8ddf7e00
8de07e00
8de17e00
8de27e00
8de37e00
8de47e00
8de57e00
8de67e00
8de77e00
8de87e00
8de97e00
8dea7e00
8deb7e00
8dec7e00
8ded7e00
8dee7e00
8def7e00
8df07e00
8df17e00
8df27e00
8df37e00
8df47e00
8df57e00
8df67e00
8df77e00
8df87e00
8df97e00
8dfa7e00
8dfb7e00
8dfc7e00
8dfd7e00
8dfe7e00
8dff7e00
8e007e00
8e017e00
8e027e00
8e037e00
8e047e00
8e057e00
8e067e00
8e077e00
8e087e00
8e097e00
8e0a7e00
8e0b7e00
8e0c7e00
8e0d7e00
8e0e7e00
8e0f7e00
8e107e00
8e117e00
8e127e00
8e137e00
8e147e00
8e157e00
8e167e00
8e177e00
8e187e00
8e197e00
8e1a7e00
8e1b7e00
8e1c7e00
8e1d7e00
8e1e7e00
8e1f7e00
8e207e00
8e217e00
8e227e00
8e237e00
8e247e00
8e257e00
8e267e00
8e277e00
8e287e00
8e297e00
8e2a7e00
8e2b7e00
8e2c7e00
8e2d7e00
8e2e7e00
8e2f7e00
8e307e00
8e317e00
8e327e00
8e337e00
8e347e00
8e357e00
8e367e00
8e377e00
8e387e00
8e397e00
8e3a7e00
8e3b7e00
8e3c7e00
8e3d7e00
8e3e7e00
8e3f7e00
8e407e00
8e417e00
8e427e00
8e437e00
8e447e00
8e457e00
8e467e00
8e477e00
8e487e00
8e497e00
8e4a7e00
8e4b7e00
8e4c7e00
8e4d7e00
8e4e7e00
8e4f7e00
8e507e00
8e517e00
8e527e00
8e537e00
8e547e00
8e557e00
8e567e00
8e577e00
8e587e00
8e597e00
8e5a7e00
8e5b7e00
8e5c7e00
8e5d7e00
8e5e7e00
8e5f7e00
8e607e00
8e617e00
8e627e00
8e637e00
8e647e00
8e657e00
8e667e00
8e677e00
8e687e00
8e697e00
8e6a7e00
8e6b7e00
8e6c7e00
8e6d7e00
8e6e7e00
8e6f7e00
8e707e00
8e717e00
8e727e00
8e737e00
8e747e00
8e757e00
8e767e00
8e777e00
8e787e00
8e797e00
8e7a7e00
8e7b7e00
8e7c7e00
8e7d7e00
8e7e7e00
8e7f7e00
8e807e00
8e817e00
8e827e00
8e837e00
8e847e00
8e857e00
8e867e00
8e877e00
8e887e00
8e897e00
8e8a7e00
8e8b7e00
8e8c7e00
8e8d7e00
8e8e7e00
8e8f7e00
8e907e00
8e917e00
8e927e00
8e937e00
8e947e00
8e957e00
8e967e00
8e977e00
8e987e00
8e997e00
8e9a7e00
8e9b7e00
8e9c7e00
8e9d7e00
8e9e7e00
8e9f7e00
8ea07e00
8ea17e00
8ea27e00
8ea37e00
8ea47e00
8ea57e00
8ea67e00
8ea77e00
8ea87e00
8ea97e00
8eaa7e00
8eab7e00
8eac7e00
8ead7e00
8eae7e00
8eaf7e00
8eb07e00
8eb17e00
8eb27e00
8eb37e00
8eb47e00
8eb57e00
8eb67e00
8eb77e00
8eb87e00
8eb97e00
8eba7e00
8ebb7e00
8ebc7e00
8ebd7e00
8ebe7e00
8ebf7e00
8ec07e00
8ec17e00
8ec27e00
8ec37e00
8ec47e00
8ec57e00
8ec67e00
8ec77e00
8ec87e00
8ec97e00
8eca7e00
8ecb7e00
8ecc7e00
8ecd7e00
8ece7e00
8ecf7e00
8ed07e00
8ed17e00
8ed27e00
8ed37e00
8ed47e00
8ed57e00
8ed67e00
8ed77e00
8ed87e00
8ed97e00
8eda7e00
8edb7e00
8edc7e00
8edd7e00
8ede7e00
8edf7e00
8ee07e00
8ee17e00
8ee27e00
8ee37e00
8ee47e00
8ee57e00
8ee67e00
8ee77e00
8ee87e00
8ee97e00
8eea7e00
8eeb7e00
8eec7e00
8eed7e00
8eee7e00
8eef7e00
8ef07e00
8ef17e00
8ef27e00
8ef37e00
8ef47e00
8ef57e00
8ef67e00
8ef77e00
8ef87e00
8ef97e00
8efa7e00
8efb7e00
8efc7e00
8efd7e00
8efe7e00
8eff7e00
8f007e00
8f017e00
8f027e00
8f037e00
8f047e00
8f057e00
8f067e00
8f077e00
8f087e00
8f097e00
8f0a7e00
8f0b7e00
8f0c7e00
8f0d7e00
8f0e7e00
8f0f7e00
8f107e00
8f117e00
8f127e00
8f137e00
8f147e00
8f157e00
8f167e00
8f177e00
8f187e00
8f197e00
8f1a7e00
8f1b7e00
8f1c7e00
8f1d7e00
8f1e7e00
8f1f7e00
8f207e00
8f217e00
8f227e00
8f237e00
8f247e00
8f257e00
8f267e00
8f277e00
8f287e00
8f297e00
8f2a7e00
8f2b7e00
8f2c7e00
8f2d7e00
8f2e7e00
8f2f7e00
8f307e00
8f317e00
8f327e00
8f337e00
8f347e00
8f357e00
8f367e00
8f377e00
8f387e00
8f397e00
8f3a7e00
8f3b7e00
8f3c7e00
8f3d7e00
8f3e7e00
8f3f7e00
8f407e00
8f417e00
8f427e00
8f437e00
8f447e00
8f457e00
8f467e00
8f477e00
8f487e00
8f497e00
8f4a7e00
8f4b7e00
8f4c7e00
8f4d7e00
8f4e7e00
8f4f7e00
8f507e00
8f517e00
8f527e00
8f537e00
8f547e00
8f557e00
8f567e00
8f577e00
8f587e00
8f597e00
8f5a7e00
8f5b7e00
8f5c7e00
8f5d7e00
8f5e7e00
8f5f7e00
8f607e00
8f617e00
8f627e00
8f637e00
8f647e00
8f657e00
8f667e00
8f677e00
8f687e00
8f697e00
8f6a7e00
8f6b7e00
8f6c7e00
8f6d7e00
8f6e7e00
8f6f7e00
8f707e00
8f717e00
8f727e00
8f737e00
8f747e00
8f757e00
8f767e00
8f777e00
8f787e00
8f797e00
8f7a7e00
8f7b7e00
8f7c7e00
8f7d7e00
8f7e7e00
8f7f7e00
8f807e00
8f817e00
8f827e00
8f837e00
8f847e00
8f857e00
8f867e00
8f877e00
8f887e00
8f897e00
8f8a7e00
8f8b7e00
8f8c7e00
8f8d7e00
8f8e7e00
8f8f7e00
8f907e00
8f917e00
8f927e00
8f937e00
8f947e00
8f957e00
8f967e00
8f977e00
8f987e00
8f997e00
8f9a7e00
8f9b7e00
8f9c7e00
8f9d7e00
8f9e7e00
8f9f7e00
8fa07e00
8fa17e00
8fa27e00
8fa37e00
8fa47e00
8fa57e00
8fa67e00
8fa77e00
8fa87e00
8fa97e00
8faa7e00
8fab7e00
8fac7e00
8fad7e00
8fae7e00
8faf7e00
8fb07e00
8fb17e00
8fb27e00
8fb37e00
8fb47e00
8fb57e00
8fb67e00
8fb77e00
8fb87e00
8fb97e00
8fba7e00
8fbb7e00
8fbc7e00
8fbd7e00
8fbe7e00
8fbf7e00
8fc07e00
8fc17e00
8fc27e00
8fc37e00
8fc47e00
8fc57e00
8fc67e00
8fc77e00
8fc87e00
8fc97e00
8fca7e00
8fcb7e00
8fcc7e00
8fcd7e00
8fce7e00
8fcf7e00
8fd07e00
8fd17e00
8fd27e00
8fd37e00
8fd47e00
8fd57e00
8fd67e00
8fd77e00
8fd87e00
8fd97e00
8fda7e00
8fdb7e00
8fdc7e00
8fdd7e00
8fde7e00
8fdf7e00
8fe07e00
8fe17e00
8fe27e00
8fe37e00
8fe47e00
8fe57e00
8fe67e00
8fe77e00
8fe87e00
8fe97e00
8fea7e00
8feb7e00
8fec7e00
8fed7e00
8fee7e00
8fef7e00
8ff07e00
8ff17e00
8ff27e00
8ff37e00
8ff47e00
8ff57e00
8ff67e00
8ff77e00
8ff87e00
8ff97e00
8ffa7e00
8ffb7e00
8ffc7e00
8ffd7e00
8ffe7e00
8fff7e00
90007e00
90017e00
90027e00
90037e00
90047e00
90057e00
90067e00
90077e00
90087e00
90097e00
900a7e00
900b7e00
900c7e00
900d7e00
900e7e00
900f7e00
90107e00
90117e00
90127e00
90137e00
90147e00
90157e00
90167e00
90177e00
90187e00
90197e00
901a7e00
901b7e00
901c7e00
901d7e00
901e7e00
901f7e00
90207e00
90217e00
90227e00
90237e00
90247e00
90257e00
90267e00
90277e00
90287e00
90297e00
902a7e00
902b7e00
902c7e00
902d7e00
902e7e00
902f7e00
90307e00
90317e00
90327e00
90337e00
90347e00
90357e00
90367e00
90377e00
90387e00
90397e00
903a7e00
903b7e00
903c7e00
903d7e00
903e7e00
903f7e00
90407e00
90417e00
90427e00
90437e00
90447e00
90457e00
90467e00
90477e00
90487e00
90497e00
904a7e00
904b7e00
904c7e00
904d7e00
904e7e00
904f7e00
90507e00
90517e00
90527e00
90537e00
90547e00
90557e00
90567e00
90577e00
90587e00
90597e00
905a7e00
905b7e00
905c7e00
905d7e00
905e7e00
905f7e00
90607e00
90617e00
90627e00
90637e00
90647e00
90657e00
90667e00
90677e00
90687e00
90697e00
906a7e00
906b7e00
906c7e00
906d7e00
906e7e00
906f7e00
90707e00
90717e00
90727e00
90737e00
90747e00
90757e00
90767e00
90777e00
90787e00
90797e00
907a7e00
907b7e00
907c7e00
907d7e00
907e7e00
907f7e00
90807e00
90817e00
90827e00
90837e00
90847e00
90857e00
90867e00
90877e00
90887e00
90897e00
908a7e00
908b7e00
908c7e00
908d7e00
908e7e00
908f7e00
90907e00
90917e00
90927e00
90937e00
90947e00
90957e00
90967e00
90977e00
90987e00
90997e00
909a7e00
909b7e00
909c7e00
909d7e00
909e7e00
909f7e00
90a07e00
90a17e00
90a27e00
90a37e00
90a47e00
90a57e00
90a67e00
90a77e00
90a87e00
90a97e00
90aa7e00
90ab7e00
90ac7e00
90ad7e00
90ae7e00
90af7e00
90b07e00
90b17e00
90b27e00
90b37e00
90b47e00
90b57e00
90b67e00
90b77e00
90b87e00
90b97e00
90ba7e00
90bb7e00
90bc7e00
90bd7e00
90be7e00
90bf7e00
90c07e00
90c17e00
90c27e00
90c37e00
90c47e00
90c57e00
90c67e00
90c77e00
90c87e00
90c97e00
90ca7e00
90cb7e00
90cc7e00
90cd7e00
90ce7e00
90cf7e00
90d07e00
90d17e00
90d27e00
90d37e00
90d47e00
90d57e00
90d67e00
90d77e00
90d87e00
90d97e00
90da7e00
90db7e00
90dc7e00
90dd7e00
90de7e00
90df7e00
90e07e00
90e17e00
90e27e00
90e37e00
90e47e00
90e57e00
90e67e00
90e77e00
90e87e00
90e97e00
90ea7e00
90eb7e00
90ec7e00
90ed7e00
90ee7e00
90ef7e00
90f07e00
90f17e00
90f27e00
90f37e00
90f47e00
90f57e00
90f67e00
90f77e00
90f87e00
90f97e00
90fa7e00
90fb7e00
90fc7e00
90fd7e00
90fe7e00
90ff7e00
91007e00
91017e00
91027e00
91037e00
91047e00
91057e00
91067e00
91077e00
91087e00
91097e00
910a7e00
910b7e00
910c7e00
910d7e00
910e7e00
910f7e00
91107e00
91117e00
91127e00
91137e00
91147e00
91157e00
91167e00
91177e00
91187e00
91197e00
911a7e00
911b7e00
911c7e00
911d7e00
911e7e00
911f7e00
91207e00
91217e00
91227e00
91237e00
91247e00
91257e00
91267e00
91277e00
91287e00
91297e00
912a7e00
912b7e00
912c7e00
912d7e00
912e7e00
912f7e00
91307e00
91317e00
91327e00
91337e00
91347e00
91357e00
91367e00
91377e00
91387e00
91397e00
913a7e00
913b7e00
913c7e00
913d7e00
913e7e00
913f7e00
91407e00
91417e00
91427e00
91437e00
91447e00
91457e00
91467e00
91477e00
91487e00
91497e00
914a7e00
914b7e00
914c7e00
914d7e00
914e7e00
914f7e00
91507e00
91517e00
91527e00
91537e00
91547e00
91557e00
91567e00
91577e00
91587e00
91597e00
915a7e00
915b7e00
915c7e00
915d7e00
915e7e00
915f7e00
91607e00
91617e00
91627e00
91637e00
91647e00
91657e00
91667e00
91677e00
91687e00
91697e00
916a7e00
916b7e00
916c7e00
916d7e00
916e7e00
916f7e00
91707e00
91717e00
91727e00
91737e00
91747e00
91757e00
91767e00
91777e00
91787e00
91797e00
917a7e00
917b7e00
917c7e00
917d7e00
917e7e00
917f7e00
91807e00
91817e00
91827e00
91837e00
91847e00
91857e00
91867e00
91877e00
91887e00
91897e00
918a7e00
918b7e00
918c7e00
918d7e00
918e7e00
918f7e00
91907e00
91917e00
91927e00
91937e00
91947e00
91957e00
91967e00
91977e00
91987e00
91997e00
919a7e00
919b7e00
919c7e00
919d7e00
919e7e00
919f7e00
91a07e00
91a17e00
91a27e00
91a37e00
91a47e00
91a57e00
91a67e00
91a77e00
91a87e00
91a97e00
91aa7e00
91ab7e00
91ac7e00
91ad7e00
91ae7e00
91af7e00
91b07e00
91b17e00
91b27e00
91b37e00
91b47e00
91b57e00
91b67e00
91b77e00
91b87e00
91b97e00
91ba7e00
91bb7e00
91bc7e00
91bd7e00
91be7e00
91bf7e00
91c07e00
91c17e00
91c27e00
91c37e00
91c47e00
91c57e00
91c67e00
91c77e00
91c87e00
91c97e00
91ca7e00
91cb7e00
91cc7e00
91cd7e00
91ce7e00
91cf7e00
91d07e00
91d17e00
91d27e00
91d37e00
91d47e00
91d57e00
91d67e00
91d77e00
91d87e00
91d97e00
91da7e00
91db7e00
91dc7e00
91dd7e00
91de7e00
91df7e00
91e07e00
91e17e00
91e27e00
91e37e00
91e47e00
91e57e00
91e67e00
91e77e00
91e87e00
91e97e00
91ea7e00
91eb7e00
91ec7e00
91ed7e00
91ee7e00
91ef7e00
91f07e00
91f17e00
91f27e00
91f37e00
91f47e00
91f57e00
91f67e00
91f77e00
91f87e00
91f97e00
91fa7e00
91fb7e00
91fc7e00
91fd7e00
91fe7e00
91ff7e00
92007e00
92017e00
92027e00
92037e00
92047e00
92057e00
92067e00
92077e00
92087e00
92097e00
920a7e00
920b7e00
920c7e00
920d7e00
920e7e00
920f7e00
92107e00
92117e00
92127e00
92137e00
92147e00
92157e00
92167e00
92177e00
92187e00
92197e00
921a7e00
921b7e00
921c7e00
921d7e00
921e7e00
921f7e00
92207e00
92217e00
92227e00
92237e00
92247e00
92257e00
92267e00
92277e00
92287e00
92297e00
922a7e00
922b7e00
922c7e00
922d7e00
922e7e00
922f7e00
92307e00
92317e00
92327e00
92337e00
92347e00
92357e00
92367e00
92377e00
92387e00
92397e00
923a7e00
923b7e00
923c7e00
923d7e00
923e7e00
923f7e00
92407e00
92417e00
92427e00
92437e00
92447e00
92457e00
92467e00
92477e00
92487e00
92497e00
924a7e00
924b7e00
924c7e00
924d7e00
924e7e00
924f7e00
92507e00
92517e00
92527e00
92537e00
92547e00
92557e00
92567e00
92577e00
92587e00
92597e00
925a7e00
925b7e00
925c7e00
925d7e00
925e7e00
925f7e00
92607e00
92617e00
92627e00
92637e00
92647e00
92657e00
92667e00
92677e00
92687e00
92697e00
926a7e00
926b7e00
926c7e00
926d7e00
926e7e00
926f7e00
92707e00
92717e00
92727e00
92737e00
92747e00
92757e00
92767e00
92777e00
92787e00
92797e00
927a7e00
927b7e00
927c7e00
927d7e00
927e7e00
927f7e00
92807e00
92817e00
92827e00
92837e00
92847e00
92857e00
92867e00
92877e00
92887e00
92897e00
928a7e00
928b7e00
928c7e00
928d7e00
928e7e00
928f7e00
92907e00
92917e00
92927e00
92937e00
92947e00
92957e00
92967e00
92977e00
92987e00
92997e00
929a7e00
929b7e00
929c7e00
929d7e00
929e7e00
929f7e00
92a07e00
92a17e00
92a27e00
92a37e00
92a47e00
92a57e00
92a67e00
92a77e00
92a87e00
92a97e00
92aa7e00
92ab7e00
92ac7e00
92ad7e00
92ae7e00
92af7e00
92b07e00
92b17e00
92b27e00
92b37e00
92b47e00
92b57e00
92b67e00
92b77e00
92b87e00
92b97e00
92ba7e00
92bb7e00
92bc7e00
92bd7e00
92be7e00
92bf7e00
92c07e00
92c17e00
92c27e00
92c37e00
92c47e00
92c57e00
92c67e00
92c77e00
92c87e00
92c97e00
92ca7e00
92cb7e00
92cc7e00
92cd7e00
92ce7e00
92cf7e00
92d07e00
92d17e00
92d27e00
92d37e00
92d47e00
92d57e00
92d67e00
92d77e00
92d87e00
92d97e00
92da7e00
92db7e00
92dc7e00
92dd7e00
92de7e00
92df7e00
92e07e00
92e17e00
92e27e00
92e37e00
92e47e00
92e57e00
92e67e00
92e77e00
92e87e00
92e97e00
92ea7e00
92eb7e00
92ec7e00
92ed7e00
92ee7e00
92ef7e00
92f07e00
92f17e00
92f27e00
92f37e00
92f47e00
92f57e00
92f67e00
92f77e00
92f87e00
92f97e00
92fa7e00
92fb7e00
92fc7e00
92fd7e00
92fe7e00
92ff7e00
93007e00
93017e00
93027e00
93037e00
93047e00
93057e00
93067e00
93077e00
93087e00
93097e00
930a7e00
930b7e00
930c7e00
930d7e00
930e7e00
930f7e00
93107e00
93117e00
93127e00
93137e00
93147e00
93157e00
93167e00
93177e00
93187e00
93197e00
931a7e00
931b7e00
931c7e00
931d7e00
931e7e00
931f7e00
93207e00
93217e00
93227e00
93237e00
93247e00
93257e00
93267e00
93277e00
93287e00
93297e00
932a7e00
932b7e00
932c7e00
932d7e00
932e7e00
932f7e00
93307e00
93317e00
93327e00
93337e00
93347e00
93357e00
93367e00
93377e00
93387e00
93397e00
933a7e00
933b7e00
933c7e00
933d7e00
933e7e00
933f7e00
93407e00
93417e00
93427e00
93437e00
93447e00
93457e00
93467e00
93477e00
93487e00
93497e00
934a7e00
934b7e00
934c7e00
934d7e00
934e7e00
934f7e00
93507e00
93517e00
93527e00
93537e00
93547e00
93557e00
93567e00
93577e00
93587e00
93597e00
935a7e00
935b7e00
935c7e00
935d7e00
935e7e00
935f7e00
93607e00
93617e00
93627e00
93637e00
93647e00
93657e00
93667e00
93677e00
93687e00
93697e00
936a7e00
936b7e00
936c7e00
936d7e00
936e7e00
936f7e00
93707e00
93717e00
93727e00
93737e00
93747e00
93757e00
93767e00
93777e00
93787e00
93797e00
937a7e00
937b7e00
937c7e00
937d7e00
937e7e00
937f7e00
93807e00
93817e00
93827e00
93837e00
93847e00
93857e00
93867e00
93877e00
93887e00
93897e00
938a7e00
938b7e00
938c7e00
938d7e00
938e7e00
938f7e00
93907e00
93917e00
93927e00
93937e00
93947e00
93957e00
93967e00
93977e00
93987e00
93997e00
939a7e00
939b7e00
939c7e00
939d7e00
939e7e00
939f7e00
93a07e00
93a17e00
93a27e00
93a37e00
93a47e00
93a57e00
93a67e00
93a77e00
93a87e00
93a97e00
93aa7e00
93ab7e00
93ac7e00
93ad7e00
93ae7e00
93af7e00
93b07e00
93b17e00
93b27e00
93b37e00
93b47e00
93b57e00
93b67e00
93b77e00
93b87e00
93b97e00
93ba7e00
93bb7e00
93bc7e00
93bd7e00
93be7e00
93bf7e00
93c07e00
93c17e00
93c27e00
93c37e00
93c47e00
93c57e00
93c67e00
93c77e00
93c87e00
93c97e00
93ca7e00
93cb7e00
93cc7e00
93cd7e00
93ce7e00
93cf7e00
93d07e00
93d17e00
93d27e00
93d37e00
93d47e00
93d57e00
93d67e00
93d77e00
93d87e00
93d97e00
93da7e00
93db7e00
93dc7e00
93dd7e00
93de7e00
93df7e00
93e07e00
93e17e00
93e27e00
93e37e00
93e47e00
93e57e00
93e67e00
93e77e00
93e87e00
93e97e00
93ea7e00
93eb7e00
93ec7e00
93ed7e00
93ee7e00
93ef7e00
93f07e00
93f17e00
93f27e00
93f37e00
93f47e00
93f57e00
93f67e00
93f77e00
93f87e00
93f97e00
93fa7e00
93fb7e00
93fc7e00
93fd7e00
93fe7e00
93ff7e00
94007e00
94017e00
94027e00
94037e00
94047e00
94057e00
94067e00
94077e00
94087e00
94097e00
940a7e00
940b7e00
940c7e00
940d7e00
940e7e00
940f7e00
94107e00
94117e00
94127e00
94137e00
94147e00
94157e00
94167e00
94177e00
94187e00
94197e00
941a7e00
941b7e00
941c7e00
941d7e00
941e7e00
941f7e00
94207e00
94217e00
94227e00
94237e00
94247e00
94257e00
94267e00
94277e00
94287e00
94297e00
942a7e00
942b7e00
942c7e00
942d7e00
942e7e00
942f7e00
94307e00
94317e00
94327e00
94337e00
94347e00
94357e00
94367e00
94377e00
94387e00
94397e00
943a7e00
943b7e00
943c7e00
943d7e00
943e7e00
943f7e00
94407e00
94417e00
94427e00
94437e00
94447e00
94457e00
94467e00
94477e00
94487e00
94497e00
944a7e00
944b7e00
944c7e00
944d7e00
944e7e00
944f7e00
94507e00
94517e00
94527e00
94537e00
94547e00
94557e00
94567e00
94577e00
94587e00
94597e00
945a7e00
945b7e00
945c7e00
945d7e00
945e7e00
945f7e00
94607e00
94617e00
94627e00
94637e00
94647e00
94657e00
94667e00
94677e00
94687e00
94697e00
946a7e00
946b7e00
946c7e00
946d7e00
946e7e00
946f7e00
94707e00
94717e00
94727e00
94737e00
94747e00
94757e00
94767e00
94777e00
94787e00
94797e00
947a7e00
947b7e00
947c7e00
947d7e00
947e7e00
947f7e00
94807e00
94817e00
94827e00
94837e00
94847e00
94857e00
94867e00
94877e00
94887e00
94897e00
948a7e00
948b7e00
948c7e00
948d7e00
948e7e00
948f7e00
94907e00
94917e00
94927e00
94937e00
94947e00
94957e00
94967e00
94977e00
94987e00
94997e00
949a7e00
949b7e00
949c7e00
949d7e00
949e7e00
949f7e00
94a07e00
94a17e00
94a27e00
94a37e00
94a47e00
94a57e00
94a67e00
94a77e00
94a87e00
94a97e00
94aa7e00
94ab7e00
94ac7e00
94ad7e00
94ae7e00
94af7e00
94b07e00
94b17e00
94b27e00
94b37e00
94b47e00
94b57e00
94b67e00
94b77e00
94b87e00
94b97e00
94ba7e00
94bb7e00
94bc7e00
94bd7e00
94be7e00
94bf7e00
94c07e00
94c17e00
94c27e00
94c37e00
94c47e00
94c57e00
94c67e00
94c77e00
94c87e00
94c97e00
94ca7e00
94cb7e00
94cc7e00
94cd7e00
94ce7e00
94cf7e00
94d07e00
94d17e00
94d27e00
94d37e00
94d47e00
94d57e00
94d67e00
94d77e00
94d87e00
94d97e00
94da7e00
94db7e00
94dc7e00
94dd7e00
94de7e00
94df7e00
94e07e00
94e17e00
94e27e00
94e37e00
94e47e00
94e57e00
94e67e00
94e77e00
94e87e00
94e97e00
94ea7e00
94eb7e00
94ec7e00
94ed7e00
94ee7e00
94ef7e00
94f07e00
94f17e00
94f27e00
94f37e00
94f47e00
94f57e00
94f67e00
94f77e00
94f87e00
94f97e00
94fa7e00
94fb7e00
94fc7e00
94fd7e00
94fe7e00
94ff7e00
95007e00
95017e00
95027e00
95037e00
95047e00
95057e00
95067e00
95077e00
95087e00
95097e00
950a7e00
950b7e00
950c7e00
950d7e00
950e7e00
950f7e00
95107e00
95117e00
95127e00
95137e00
95147e00
95157e00
95167e00
95177e00
95187e00
95197e00
951a7e00
951b7e00
951c7e00
951d7e00
951e7e00
951f7e00
95207e00
95217e00
95227e00
95237e00
95247e00
95257e00
95267e00
95277e00
95287e00
95297e00
952a7e00
952b7e00
952c7e00
952d7e00
952e7e00
952f7e00
95307e00
95317e00
95327e00
95337e00
95347e00
95357e00
95367e00
95377e00
95387e00
95397e00
953a7e00
953b7e00
953c7e00
953d7e00
953e7e00
953f7e00
95407e00
95417e00
95427e00
95437e00
95447e00
95457e00
95467e00
95477e00
95487e00
95497e00
954a7e00
954b7e00
954c7e00
954d7e00
954e7e00
954f7e00
95507e00
95517e00
95527e00
95537e00
95547e00
95557e00
95567e00
95577e00
95587e00
95597e00
955a7e00
955b7e00
955c7e00
955d7e00
955e7e00
955f7e00
95607e00
95617e00
95627e00
95637e00
95647e00
95657e00
95667e00
95677e00
95687e00
95697e00
956a7e00
956b7e00
956c7e00
956d7e00
956e7e00
956f7e00
95707e00
95717e00
95727e00
95737e00
95747e00
95757e00
95767e00
95777e00
95787e00
95797e00
957a7e00
957b7e00
957c7e00
957d7e00
957e7e00
957f7e00
95807e00
95817e00
95827e00
95837e00
95847e00
95857e00
95867e00
95877e00
95887e00
95897e00
958a7e00
958b7e00
958c7e00
958d7e00
958e7e00
958f7e00
95907e00
95917e00
95927e00
95937e00
95947e00
95957e00
95967e00
95977e00
95987e00
95997e00
959a7e00
959b7e00
959c7e00
959d7e00
959e7e00
959f7e00
95a07e00
95a17e00
95a27e00
95a37e00
95a47e00
95a57e00
95a67e00
95a77e00
95a87e00
95a97e00
95aa7e00
95ab7e00
95ac7e00
95ad7e00
95ae7e00
95af7e00
95b07e00
95b17e00
95b27e00
95b37e00
95b47e00
95b57e00
95b67e00
95b77e00
95b87e00
95b97e00
95ba7e00
95bb7e00
95bc7e00
95bd7e00
95be7e00
95bf7e00
95c07e00
95c17e00
95c27e00
95c37e00
95c47e00
95c57e00
95c67e00
95c77e00
95c87e00
95c97e00
95ca7e00
95cb7e00
95cc7e00
95cd7e00
95ce7e00
95cf7e00
95d07e00
95d17e00
95d27e00
95d37e00
95d47e00
95d57e00
95d67e00
95d77e00
95d87e00
95d97e00
95da7e00
95db7e00
95dc7e00
95dd7e00
95de7e00
95df7e00
95e07e00
95e17e00
95e27e00
95e37e00
95e47e00
95e57e00
95e67e00
95e77e00
95e87e00
95e97e00
95ea7e00
95eb7e00
95ec7e00
95ed7e00
95ee7e00
95ef7e00
95f07e00
95f17e00
95f27e00
95f37e00
95f47e00
95f57e00
95f67e00
95f77e00
95f87e00
95f97e00
95fa7e00
95fb7e00
95fc7e00
95fd7e00
95fe7e00
95ff7e00
96007e00
96017e00
96027e00
96037e00
96047e00
96057e00
96067e00
96077e00
96087e00
96097e00
960a7e00
960b7e00
960c7e00
960d7e00
960e7e00
960f7e00
96107e00
96117e00
96127e00
96137e00
96147e00
96157e00
96167e00
96177e00
96187e00
96197e00
961a7e00
961b7e00
961c7e00
961d7e00
961e7e00
961f7e00
96207e00
96217e00
96227e00
96237e00
96247e00
96257e00
96267e00
96277e00
96287e00
96297e00
962a7e00
962b7e00
962c7e00
962d7e00
962e7e00
962f7e00
96307e00
96317e00
96327e00
96337e00
96347e00
96357e00
96367e00
96377e00
96387e00
96397e00
963a7e00
963b7e00
963c7e00
963d7e00
963e7e00
963f7e00
96407e00
96417e00
96427e00
96437e00
96447e00
96457e00
96467e00
96477e00
96487e00
96497e00
964a7e00
964b7e00
964c7e00
964d7e00
964e7e00
964f7e00
96507e00
96517e00
96527e00
96537e00
96547e00
96557e00
96567e00
96577e00
96587e00
96597e00
965a7e00
965b7e00
965c7e00
965d7e00
965e7e00
965f7e00
96607e00
96617e00
96627e00
96637e00
96647e00
96657e00
96667e00
96677e00
96687e00
96697e00
966a7e00
966b7e00
966c7e00
966d7e00
966e7e00
966f7e00
96707e00
96717e00
96727e00
96737e00
96747e00
96757e00
96767e00
96777e00
96787e00
96797e00
967a7e00
967b7e00
967c7e00
967d7e00
967e7e00
967f7e00
96807e00
96817e00
96827e00
96837e00
96847e00
96857e00
96867e00
96877e00
96887e00
96897e00
968a7e00
968b7e00
968c7e00
968d7e00
968e7e00
968f7e00
96907e00
96917e00
96927e00
96937e00
96947e00
96957e00
96967e00
96977e00
96987e00
96997e00
969a7e00
969b7e00
969c7e00
969d7e00
969e7e00
969f7e00
96a07e00
96a17e00
96a27e00
96a37e00
96a47e00
96a57e00
96a67e00
96a77e00
96a87e00
96a97e00
96aa7e00
96ab7e00
96ac7e00
96ad7e00
96ae7e00
96af7e00
96b07e00
96b17e00
96b27e00
96b37e00
96b47e00
96b57e00
96b67e00
96b77e00
96b87e00
96b97e00
96ba7e00
96bb7e00
96bc7e00
96bd7e00
96be7e00
96bf7e00
96c07e00
96c17e00
96c27e00
96c37e00
96c47e00
96c57e00
96c67e00
96c77e00
96c87e00
96c97e00
96ca7e00
96cb7e00
96cc7e00
96cd7e00
96ce7e00
96cf7e00
96d07e00
96d17e00
96d27e00
96d37e00
96d47e00
96d57e00
96d67e00
96d77e00
96d87e00
96d97e00
96da7e00
96db7e00
96dc7e00
96dd7e00
96de7e00
96df7e00
96e07e00
96e17e00
96e27e00
96e37e00
96e47e00
96e57e00
96e67e00
96e77e00
96e87e00
96e97e00
96ea7e00
96eb7e00
96ec7e00
96ed7e00
96ee7e00
96ef7e00
96f07e00
96f17e00
96f27e00
96f37e00
96f47e00
96f57e00
96f67e00
96f77e00
96f87e00
96f97e00
96fa7e00
96fb7e00
96fc7e00
96fd7e00
96fe7e00
96ff7e00
97007e00
97017e00
97027e00
97037e00
97047e00
97057e00
97067e00
97077e00
97087e00
97097e00
970a7e00
970b7e00
970c7e00
970d7e00
970e7e00
970f7e00
97107e00
97117e00
97127e00
97137e00
97147e00
97157e00
97167e00
97177e00
97187e00
97197e00
971a7e00
971b7e00
971c7e00
971d7e00
971e7e00
971f7e00
97207e00
97217e00
97227e00
97237e00
97247e00
97257e00
97267e00
97277e00
97287e00
97297e00
972a7e00
972b7e00
972c7e00
972d7e00
972e7e00
972f7e00
97307e00
97317e00
97327e00
97337e00
97347e00
97357e00
97367e00
97377e00
97387e00
97397e00
973a7e00
973b7e00
973c7e00
973d7e00
973e7e00
973f7e00
97407e00
97417e00
97427e00
97437e00
97447e00
97457e00
97467e00
97477e00
97487e00
97497e00
974a7e00
974b7e00
974c7e00
974d7e00
974e7e00
974f7e00
97507e00
97517e00
97527e00
97537e00
97547e00
97557e00
97567e00
97577e00
97587e00
97597e00
975a7e00
975b7e00
975c7e00
975d7e00
975e7e00
975f7e00
97607e00
97617e00
97627e00
97637e00
97647e00
97657e00
97667e00
97677e00
97687e00
97697e00
976a7e00
976b7e00
976c7e00
976d7e00
976e7e00
976f7e00
97707e00
97717e00
97727e00
97737e00
97747e00
97757e00
97767e00
97777e00
97787e00
97797e00
977a7e00
977b7e00
977c7e00
977d7e00
977e7e00
977f7e00
97807e00
97817e00
97827e00
97837e00
97847e00
97857e00
97867e00
97877e00
97887e00
97897e00
978a7e00
978b7e00
978c7e00
978d7e00
978e7e00
978f7e00
97907e00
97917e00
97927e00
97937e00
97947e00
97957e00
97967e00
97977e00
97987e00
97997e00
979a7e00
979b7e00
979c7e00
979d7e00
979e7e00
979f7e00
97a07e00
97a17e00
97a27e00
97a37e00
97a47e00
97a57e00
97a67e00
97a77e00
97a87e00
97a97e00
97aa7e00
97ab7e00
97ac7e00
97ad7e00
97ae7e00
97af7e00
97b07e00
97b17e00
97b27e00
97b37e00
97b47e00
97b57e00
97b67e00
97b77e00
97b87e00
97b97e00
97ba7e00
97bb7e00
97bc7e00
97bd7e00
97be7e00
97bf7e00
97c07e00
97c17e00
97c27e00
97c37e00
97c47e00
97c57e00
97c67e00
97c77e00
97c87e00
97c97e00
97ca7e00
97cb7e00
97cc7e00
97cd7e00
97ce7e00
97cf7e00
97d07e00
97d17e00
97d27e00
97d37e00
97d47e00
97d57e00
97d67e00
97d77e00
97d87e00
97d97e00
97da7e00
97db7e00
97dc7e00
97dd7e00
97de7e00
97df7e00
97e07e00
97e17e00
97e27e00
97e37e00
97e47e00
97e57e00
97e67e00
97e77e00
97e87e00
97e97e00
97ea7e00
97eb7e00
97ec7e00
97ed7e00
97ee7e00
97ef7e00
97f07e00
97f17e00
97f27e00
97f37e00
97f47e00
97f57e00
97f67e00
97f77e00
97f87e00
97f97e00
97fa7e00
97fb7e00
97fc7e00
97fd7e00
97fe7e00
97ff7e00
98007e00
98017e00
98027e00
98037e00
98047e00
98057e00
98067e00
98077e00
98087e00
98097e00
980a7e00
980b7e00
980c7e00
980d7e00
980e7e00
980f7e00
98107e00
98117e00
98127e00
98137e00
98147e00
98157e00
98167e00
98177e00
98187e00
98197e00
981a7e00
981b7e00
981c7e00
981d7e00
981e7e00
981f7e00
98207e00
98217e00
98227e00
98237e00
98247e00
98257e00
98267e00
98277e00
98287e00
98297e00
982a7e00
982b7e00
982c7e00
982d7e00
982e7e00
982f7e00
98307e00
98317e00
98327e00
98337e00
98347e00
98357e00
98367e00
98377e00
98387e00
98397e00
983a7e00
983b7e00
983c7e00
983d7e00
983e7e00
983f7e00
98407e00
98417e00
98427e00
98437e00
98447e00
98457e00
98467e00
98477e00
98487e00
98497e00
984a7e00
984b7e00
984c7e00
984d7e00
984e7e00
984f7e00
98507e00
98517e00
98527e00
98537e00
98547e00
98557e00
98567e00
98577e00
98587e00
98597e00
985a7e00
985b7e00
985c7e00
985d7e00
985e7e00
985f7e00
98607e00
98617e00
98627e00
98637e00
98647e00
98657e00
98667e00
98677e00
98687e00
98697e00
986a7e00
986b7e00
986c7e00
986d7e00
986e7e00
986f7e00
98707e00
98717e00
98727e00
98737e00
98747e00
98757e00
98767e00
98777e00
98787e00
98797e00
987a7e00
987b7e00
987c7e00
987d7e00
987e7e00
987f7e00
98807e00
98817e00
98827e00
98837e00
98847e00
98857e00
98867e00
98877e00
98887e00
98897e00
988a7e00
988b7e00
988c7e00
988d7e00
988e7e00
988f7e00
98907e00
98917e00
98927e00
98937e00
98947e00
98957e00
98967e00
98977e00
98987e00
98997e00
989a7e00
989b7e00
989c7e00
989d7e00
989e7e00
989f7e00
98a07e00
98a17e00
98a27e00
98a37e00
98a47e00
98a57e00
98a67e00
98a77e00
98a87e00
98a97e00
98aa7e00
98ab7e00
98ac7e00
98ad7e00
98ae7e00
98af7e00
98b07e00
98b17e00
98b27e00
98b37e00
98b47e00
98b57e00
98b67e00
98b77e00
98b87e00
98b97e00
98ba7e00
98bb7e00
98bc7e00
98bd7e00
98be7e00
98bf7e00
98c07e00
98c17e00
98c27e00
98c37e00
98c47e00
98c57e00
98c67e00
98c77e00
98c87e00
98c97e00
98ca7e00
98cb7e00
98cc7e00
98cd7e00
98ce7e00
98cf7e00
98d07e00
98d17e00
98d27e00
98d37e00
98d47e00
98d57e00
98d67e00
98d77e00
98d87e00
98d97e00
98da7e00
98db7e00
98dc7e00
98dd7e00
98de7e00
98df7e00
98e07e00
98e17e00
98e27e00
98e37e00
98e47e00
98e57e00
98e67e00
98e77e00
98e87e00
98e97e00
98ea7e00
98eb7e00
98ec7e00
98ed7e00
98ee7e00
98ef7e00
98f07e00
98f17e00
98f27e00
98f37e00
98f47e00
98f57e00
98f67e00
98f77e00
98f87e00
98f97e00
98fa7e00
98fb7e00
98fc7e00
98fd7e00
98fe7e00
98ff7e00
99007e00
99017e00
99027e00
99037e00
99047e00
99057e00
99067e00
99077e00
99087e00
99097e00
990a7e00
990b7e00
990c7e00
990d7e00
990e7e00
990f7e00
99107e00
99117e00
99127e00
99137e00
99147e00
99157e00
99167e00
99177e00
99187e00
99197e00
991a7e00
991b7e00
991c7e00
991d7e00
991e7e00
991f7e00
99207e00
99217e00
99227e00
99237e00
99247e00
99257e00
99267e00
99277e00
99287e00
99297e00
992a7e00
992b7e00
992c7e00
992d7e00
992e7e00
992f7e00
99307e00
99317e00
99327e00
99337e00
99347e00
99357e00
99367e00
99377e00
99387e00
99397e00
993a7e00
993b7e00
993c7e00
993d7e00
993e7e00
993f7e00
99407e00
99417e00
99427e00
99437e00
99447e00
99457e00
99467e00
99477e00
99487e00
99497e00
994a7e00
994b7e00
994c7e00
994d7e00
994e7e00
994f7e00
99507e00
99517e00
99527e00
99537e00
99547e00
99557e00
99567e00
99577e00
99587e00
99597e00
995a7e00
995b7e00
995c7e00
995d7e00
995e7e00
995f7e00
99607e00
99617e00
99627e00
99637e00
99647e00
99657e00
99667e00
99677e00
99687e00
99697e00
996a7e00
996b7e00
996c7e00
996d7e00
996e7e00
996f7e00
99707e00
99717e00
99727e00
99737e00
99747e00
99757e00
99767e00
99777e00
99787e00
99797e00
997a7e00
997b7e00
997c7e00
997d7e00
997e7e00
997f7e00
99807e00
99817e00
99827e00
99837e00
99847e00
99857e00
99867e00
99877e00
99887e00
99897e00
998a7e00
998b7e00
998c7e00
998d7e00
998e7e00
998f7e00
99907e00
99917e00
99927e00
99937e00
99947e00
99957e00
99967e00
99977e00
99987e00
99997e00
999a7e00
999b7e00
999c7e00
999d7e00
999e7e00
999f7e00
99a07e00
99a17e00
99a27e00
99a37e00
99a47e00
99a57e00
99a67e00
99a77e00
99a87e00
99a97e00
99aa7e00
99ab7e00
99ac7e00
99ad7e00
99ae7e00
99af7e00
99b07e00
99b17e00
99b27e00
99b37e00
99b47e00
99b57e00
99b67e00
99b77e00
99b87e00
99b97e00
99ba7e00
99bb7e00
99bc7e00
99bd7e00
99be7e00
99bf7e00
99c07e00
99c17e00
99c27e00
99c37e00
99c47e00
99c57e00
99c67e00
99c77e00
99c87e00
99c97e00
99ca7e00
99cb7e00
99cc7e00
99cd7e00
99ce7e00
99cf7e00
99d07e00
99d17e00
99d27e00
99d37e00
99d47e00
99d57e00
99d67e00
99d77e00
99d87e00
99d97e00
99da7e00
99db7e00
99dc7e00
99dd7e00
99de7e00
99df7e00
99e07e00
99e17e00
99e27e00
99e37e00
99e47e00
99e57e00
99e67e00
99e77e00
99e87e00
99e97e00
99ea7e00
99eb7e00
99ec7e00
99ed7e00
99ee7e00
99ef7e00
99f07e00
99f17e00
99f27e00
99f37e00
99f47e00
99f57e00
99f67e00
99f77e00
99f87e00
99f97e00
99fa7e00
99fb7e00
99fc7e00
99fd7e00
99fe7e00
99ff7e00
9a007e00
9a017e00
9a027e00
9a037e00
9a047e00
9a057e00
9a067e00
9a077e00
9a087e00
9a097e00
9a0a7e00
9a0b7e00
9a0c7e00
9a0d7e00
9a0e7e00
9a0f7e00
9a107e00
9a117e00
9a127e00
9a137e00
9a147e00
9a157e00
9a167e00
9a177e00
9a187e00
9a197e00
9a1a7e00
9a1b7e00
9a1c7e00
9a1d7e00
9a1e7e00
9a1f7e00
9a207e00
9a217e00
9a227e00
9a237e00
9a247e00
9a257e00
9a267e00
9a277e00
9a287e00
9a297e00
9a2a7e00
9a2b7e00
9a2c7e00
9a2d7e00
9a2e7e00
9a2f7e00
9a307e00
9a317e00
9a327e00
9a337e00
9a347e00
9a357e00
9a367e00
9a377e00
9a387e00
9a397e00
9a3a7e00
9a3b7e00
9a3c7e00
9a3d7e00
9a3e7e00
9a3f7e00
9a407e00
9a417e00
9a427e00
9a437e00
9a447e00
9a457e00
9a467e00
9a477e00
9a487e00
9a497e00
9a4a7e00
9a4b7e00
9a4c7e00
9a4d7e00
9a4e7e00
9a4f7e00
9a507e00
9a517e00
9a527e00
9a537e00
9a547e00
9a557e00
9a567e00
9a577e00
9a587e00
9a597e00
9a5a7e00
9a5b7e00
9a5c7e00
9a5d7e00
9a5e7e00
9a5f7e00
9a607e00
9a617e00
9a627e00
9a637e00
9a647e00
9a657e00
9a667e00
9a677e00
9a687e00
9a697e00
9a6a7e00
9a6b7e00
9a6c7e00
9a6d7e00
9a6e7e00
9a6f7e00
9a707e00
9a717e00
9a727e00
9a737e00
9a747e00
9a757e00
9a767e00
9a777e00
9a787e00
9a797e00
9a7a7e00
9a7b7e00
9a7c7e00
9a7d7e00
9a7e7e00
9a7f7e00
9a807e00
9a817e00
9a827e00
9a837e00
9a847e00
9a857e00
9a867e00
9a877e00
9a887e00
9a897e00
9a8a7e00
9a8b7e00
9a8c7e00
9a8d7e00
9a8e7e00
9a8f7e00
9a907e00
9a917e00
9a927e00
9a937e00
9a947e00
9a957e00
9a967e00
9a977e00
9a987e00
9a997e00
9a9a7e00
9a9b7e00
9a9c7e00
9a9d7e00
9a9e7e00
9a9f7e00
9aa07e00
9aa17e00
9aa27e00
9aa37e00
9aa47e00
9aa57e00
9aa67e00
9aa77e00
9aa87e00
9aa97e00
9aaa7e00
9aab7e00
9aac7e00
9aad7e00
9aae7e00
9aaf7e00
9ab07e00
9ab17e00
9ab27e00
9ab37e00
9ab47e00
9ab57e00
9ab67e00
9ab77e00
9ab87e00
9ab97e00
9aba7e00
9abb7e00
9abc7e00
9abd7e00
9abe7e00
9abf7e00
9ac07e00
9ac17e00
9ac27e00
9ac37e00
9ac47e00
9ac57e00
9ac67e00
9ac77e00
9ac87e00
9ac97e00
9aca7e00
9acb7e00
9acc7e00
9acd7e00
9ace7e00
9acf7e00
9ad07e00
9ad17e00
9ad27e00
9ad37e00
9ad47e00
9ad57e00
9ad67e00
9ad77e00
9ad87e00
9ad97e00
9ada7e00
9adb7e00
9adc7e00
9add7e00
9ade7e00
9adf7e00
9ae07e00
9ae17e00
9ae27e00
9ae37e00
9ae47e00
9ae57e00
9ae67e00
9ae77e00
9ae87e00
9ae97e00
9aea7e00
9aeb7e00
9aec7e00
9aed7e00
9aee7e00
9aef7e00
9af07e00
9af17e00
9af27e00
9af37e00
9af47e00
9af57e00
9af67e00
9af77e00
9af87e00
9af97e00
9afa7e00
9afb7e00
9afc7e00
9afd7e00
9afe7e00
9aff7e00
9b007e00
9b017e00
9b027e00
9b037e00
9b047e00
9b057e00
9b067e00
9b077e00
9b087e00
9b097e00
9b0a7e00
9b0b7e00
9b0c7e00
9b0d7e00
9b0e7e00
9b0f7e00
9b107e00
9b117e00
9b127e00
9b137e00
9b147e00
9b157e00
9b167e00
9b177e00
9b187e00
9b197e00
9b1a7e00
9b1b7e00
9b1c7e00
9b1d7e00
9b1e7e00
9b1f7e00
9b207e00
9b217e00
9b227e00
9b237e00
9b247e00
9b257e00
9b267e00
9b277e00
9b287e00
9b297e00
9b2a7e00
9b2b7e00
9b2c7e00
9b2d7e00
9b2e7e00
9b2f7e00
9b307e00
9b317e00
9b327e00
9b337e00
9b347e00
9b357e00
9b367e00
9b377e00
9b387e00
9b397e00
9b3a7e00
9b3b7e00
9b3c7e00
9b3d7e00
9b3e7e00
9b3f7e00
9b407e00
9b417e00
9b427e00
9b437e00
9b447e00
9b457e00
9b467e00
9b477e00
9b487e00
9b497e00
9b4a7e00
9b4b7e00
9b4c7e00
9b4d7e00
9b4e7e00
9b4f7e00
9b507e00
9b517e00
9b527e00
9b537e00
9b547e00
9b557e00
9b567e00
9b577e00
9b587e00
9b597e00
9b5a7e00
9b5b7e00
9b5c7e00
9b5d7e00
9b5e7e00
9b5f7e00
9b607e00
9b617e00
9b627e00
9b637e00
9b647e00
9b657e00
9b667e00
9b677e00
9b687e00
9b697e00
9b6a7e00
9b6b7e00
9b6c7e00
9b6d7e00
9b6e7e00
9b6f7e00
9b707e00
9b717e00
9b727e00
9b737e00
9b747e00
9b757e00
9b767e00
9b777e00
9b787e00
9b797e00
9b7a7e00
9b7b7e00
9b7c7e00
9b7d7e00
9b7e7e00
9b7f7e00
9b807e00
9b817e00
9b827e00
9b837e00
9b847e00
9b857e00
9b867e00
9b877e00
9b887e00
9b897e00
9b8a7e00
9b8b7e00
9b8c7e00
9b8d7e00
9b8e7e00
9b8f7e00
9b907e00
9b917e00
9b927e00
9b937e00
9b947e00
9b957e00
9b967e00
9b977e00
9b987e00
9b997e00
9b9a7e00
9b9b7e00
9b9c7e00
9b9d7e00
9b9e7e00
9b9f7e00
9ba07e00
9ba17e00
9ba27e00
9ba37e00
9ba47e00
9ba57e00
9ba67e00
9ba77e00
9ba87e00
9ba97e00
9baa7e00
9bab7e00
9bac7e00
9bad7e00
9bae7e00
9baf7e00
9bb07e00
9bb17e00
9bb27e00
9bb37e00
9bb47e00
9bb57e00
9bb67e00
9bb77e00
9bb87e00
9bb97e00
9bba7e00
9bbb7e00
9bbc7e00
9bbd7e00
9bbe7e00
9bbf7e00
9bc07e00
9bc17e00
9bc27e00
9bc37e00
9bc47e00
9bc57e00
9bc67e00
9bc77e00
9bc87e00
9bc97e00
9bca7e00
9bcb7e00
9bcc7e00
9bcd7e00
9bce7e00
9bcf7e00
9bd07e00
9bd17e00
9bd27e00
9bd37e00
9bd47e00
9bd57e00
9bd67e00
9bd77e00
9bd87e00
9bd97e00
9bda7e00
9bdb7e00
9bdc7e00
9bdd7e00
9bde7e00
9bdf7e00
9be07e00
9be17e00
9be27e00
9be37e00
9be47e00
9be57e00
9be67e00
9be77e00
9be87e00
9be97e00
9bea7e00
9beb7e00
9bec7e00
9bed7e00
9bee7e00
9bef7e00
9bf07e00
9bf17e00
9bf27e00
9bf37e00
9bf47e00
9bf57e00
9bf67e00
9bf77e00
9bf87e00
9bf97e00
9bfa7e00
9bfb7e00
9bfc7e00
9bfd7e00
9bfe7e00
9bff7e00
9c007e00
9c017e00
9c027e00
9c037e00
9c047e00
9c057e00
9c067e00
9c077e00
9c087e00
9c097e00
9c0a7e00
9c0b7e00
9c0c7e00
9c0d7e00
9c0e7e00
9c0f7e00
9c107e00
9c117e00
9c127e00
9c137e00
9c147e00
9c157e00
9c167e00
9c177e00
9c187e00
9c197e00
9c1a7e00
9c1b7e00
9c1c7e00
9c1d7e00
9c1e7e00
9c1f7e00
9c207e00
9c217e00
9c227e00
9c237e00
9c247e00
9c257e00
9c267e00
9c277e00
9c287e00
9c297e00
9c2a7e00
9c2b7e00
9c2c7e00
9c2d7e00
9c2e7e00
9c2f7e00
9c307e00
9c317e00
9c327e00
9c337e00
9c347e00
9c357e00
9c367e00
9c377e00
9c387e00
9c397e00
9c3a7e00
9c3b7e00
9c3c7e00
9c3d7e00
9c3e7e00
9c3f7e00
9c407e00
9c417e00
9c427e00
9c437e00
9c447e00
9c457e00
9c467e00
9c477e00
9c487e00
9c497e00
9c4a7e00
9c4b7e00
9c4c7e00
9c4d7e00
9c4e7e00
9c4f7e00
9c507e00
9c517e00
9c527e00
9c537e00
9c547e00
9c557e00
9c567e00
9c577e00
9c587e00
9c597e00
9c5a7e00
9c5b7e00
9c5c7e00
9c5d7e00
9c5e7e00
9c5f7e00
9c607e00
9c617e00
9c627e00
9c637e00
9c647e00
9c657e00
9c667e00
9c677e00
9c687e00
9c697e00
9c6a7e00
9c6b7e00
9c6c7e00
9c6d7e00
9c6e7e00
9c6f7e00
9c707e00
9c717e00
9c727e00
9c737e00
9c747e00
9c757e00
9c767e00
9c777e00
9c787e00
9c797e00
9c7a7e00
9c7b7e00
9c7c7e00
9c7d7e00
9c7e7e00
9c7f7e00
9c807e00
9c817e00
9c827e00
9c837e00
9c847e00
9c857e00
9c867e00
9c877e00
9c887e00
9c897e00
9c8a7e00
9c8b7e00
9c8c7e00
9c8d7e00
9c8e7e00
9c8f7e00
9c907e00
9c917e00
9c927e00
9c937e00
9c947e00
9c957e00
9c967e00
9c977e00
9c987e00
9c997e00
9c9a7e00
9c9b7e00
9c9c7e00
9c9d7e00
9c9e7e00
9c9f7e00
9ca07e00
9ca17e00
9ca27e00
9ca37e00
9ca47e00
9ca57e00
9ca67e00
9ca77e00
9ca87e00
9ca97e00
9caa7e00
9cab7e00
9cac7e00
9cad7e00
9cae7e00
9caf7e00
9cb07e00
9cb17e00
9cb27e00
9cb37e00
9cb47e00
9cb57e00
9cb67e00
9cb77e00
9cb87e00
9cb97e00
9cba7e00
9cbb7e00
9cbc7e00
9cbd7e00
9cbe7e00
9cbf7e00
9cc07e00
9cc17e00
9cc27e00
9cc37e00
9cc47e00
9cc57e00
9cc67e00
9cc77e00
9cc87e00
9cc97e00
9cca7e00
9ccb7e00
9ccc7e00
9ccd7e00
9cce7e00
9ccf7e00
9cd07e00
9cd17e00
9cd27e00
9cd37e00
9cd47e00
9cd57e00
9cd67e00
9cd77e00
9cd87e00
9cd97e00
9cda7e00
9cdb7e00
9cdc7e00
9cdd7e00
9cde7e00
9cdf7e00
9ce07e00
9ce17e00
9ce27e00
9ce37e00
9ce47e00
9ce57e00
9ce67e00
9ce77e00
9ce87e00
9ce97e00
9cea7e00
9ceb7e00
9cec7e00
9ced7e00
9cee7e00
9cef7e00
9cf07e00
9cf17e00
9cf27e00
9cf37e00
9cf47e00
9cf57e00
9cf67e00
9cf77e00
9cf87e00
9cf97e00
9cfa7e00
9cfb7e00
9cfc7e00
9cfd7e00
9cfe7e00
9cff7e00
9d007e00
9d017e00
9d027e00
9d037e00
9d047e00
9d057e00
9d067e00
9d077e00
9d087e00
9d097e00
9d0a7e00
9d0b7e00
9d0c7e00
9d0d7e00
9d0e7e00
9d0f7e00
9d107e00
9d117e00
9d127e00
9d137e00
9d147e00
9d157e00
9d167e00
9d177e00
9d187e00
9d197e00
9d1a7e00
9d1b7e00
9d1c7e00
9d1d7e00
9d1e7e00
9d1f7e00
9d207e00
9d217e00
9d227e00
9d237e00
9d247e00
9d257e00
9d267e00
9d277e00
9d287e00
9d297e00
9d2a7e00
9d2b7e00
9d2c7e00
9d2d7e00
9d2e7e00
9d2f7e00
9d307e00
9d317e00
9d327e00
9d337e00
9d347e00
9d357e00
9d367e00
9d377e00
9d387e00
9d397e00
9d3a7e00
9d3b7e00
9d3c7e00
9d3d7e00
9d3e7e00
9d3f7e00
9d407e00
9d417e00
9d427e00
9d437e00
9d447e00
9d457e00
9d467e00
9d477e00
9d487e00
9d497e00
9d4a7e00
9d4b7e00
9d4c7e00
9d4d7e00
9d4e7e00
9d4f7e00
9d507e00
9d517e00
9d527e00
9d537e00
9d547e00
9d557e00
9d567e00
9d577e00
9d587e00
9d597e00
9d5a7e00
9d5b7e00
9d5c7e00
9d5d7e00
9d5e7e00
9d5f7e00
9d607e00
9d617e00
9d627e00
9d637e00
9d647e00
9d657e00
9d667e00
9d677e00
9d687e00
9d697e00
9d6a7e00
9d6b7e00
9d6c7e00
9d6d7e00
9d6e7e00
9d6f7e00
9d707e00
9d717e00
9d727e00
9d737e00
9d747e00
9d757e00
9d767e00
9d777e00
9d787e00
9d797e00
9d7a7e00
9d7b7e00
9d7c7e00
9d7d7e00
9d7e7e00
9d7f7e00
9d807e00
9d817e00
9d827e00
9d837e00
9d847e00
9d857e00
9d867e00
9d877e00
9d887e00
9d897e00
9d8a7e00
9d8b7e00
9d8c7e00
9d8d7e00
9d8e7e00
9d8f7e00
9d907e00
9d917e00
9d927e00
9d937e00
9d947e00
9d957e00
9d967e00
9d977e00
9d987e00
9d997e00
9d9a7e00
9d9b7e00
9d9c7e00
9d9d7e00
9d9e7e00
9d9f7e00
9da07e00
9da17e00
9da27e00
9da37e00
9da47e00
9da57e00
9da67e00
9da77e00
9da87e00
9da97e00
9daa7e00
9dab7e00
9dac7e00
9dad7e00
9dae7e00
9daf7e00
9db07e00
9db17e00
9db27e00
9db37e00
9db47e00
9db57e00
9db67e00
9db77e00
9db87e00
9db97e00
9dba7e00
9dbb7e00
9dbc7e00
9dbd7e00
9dbe7e00
9dbf7e00
9dc07e00
9dc17e00
9dc27e00
9dc37e00
9dc47e00
9dc57e00
9dc67e00
9dc77e00
9dc87e00
9dc97e00
9dca7e00
9dcb7e00
9dcc7e00
9dcd7e00
9dce7e00
9dcf7e00
9dd07e00
9dd17e00
9dd27e00
9dd37e00
9dd47e00
9dd57e00
9dd67e00
9dd77e00
9dd87e00
9dd97e00
9dda7e00
9ddb7e00
9ddc7e00
9ddd7e00
9dde7e00
9ddf7e00
9de07e00
9de17e00
9de27e00
9de37e00
9de47e00
9de57e00
9de67e00
9de77e00
9de87e00
9de97e00
9dea7e00
9deb7e00
9dec7e00
9ded7e00
9dee7e00
9def7e00
9df07e00
9df17e00
9df27e00
9df37e00
9df47e00
9df57e00
9df67e00
9df77e00
9df87e00
9df97e00
9dfa7e00
9dfb7e00
9dfc7e00
9dfd7e00
9dfe7e00
9dff7e00
9e007e00
9e017e00
9e027e00
9e037e00
9e047e00
9e057e00
9e067e00
9e077e00
9e087e00
9e097e00
9e0a7e00
9e0b7e00
9e0c7e00
9e0d7e00
9e0e7e00
9e0f7e00
9e107e00
9e117e00
9e127e00
9e137e00
9e147e00
9e157e00
9e167e00
9e177e00
9e187e00
9e197e00
9e1a7e00
9e1b7e00
9e1c7e00
9e1d7e00
9e1e7e00
9e1f7e00
9e207e00
9e217e00
9e227e00
9e237e00
9e247e00
9e257e00
9e267e00
9e277e00
9e287e00
9e297e00
9e2a7e00
9e2b7e00
9e2c7e00
9e2d7e00
9e2e7e00
9e2f7e00
9e307e00
9e317e00
9e327e00
9e337e00
9e347e00
9e357e00
9e367e00
9e377e00
9e387e00
9e397e00
9e3a7e00
9e3b7e00
9e3c7e00
9e3d7e00
9e3e7e00
9e3f7e00
9e407e00
9e417e00
9e427e00
9e437e00
9e447e00
9e457e00
9e467e00
9e477e00
9e487e00
9e497e00
9e4a7e00
9e4b7e00
9e4c7e00
9e4d7e00
9e4e7e00
9e4f7e00
9e507e00
9e517e00
9e527e00
9e537e00
9e547e00
9e557e00
9e567e00
9e577e00
9e587e00
9e597e00
9e5a7e00
9e5b7e00
9e5c7e00
9e5d7e00
9e5e7e00
9e5f7e00
9e607e00
9e617e00
9e627e00
9e637e00
9e647e00
9e657e00
9e667e00
9e677e00
9e687e00
9e697e00
9e6a7e00
9e6b7e00
9e6c7e00
9e6d7e00
9e6e7e00
9e6f7e00
9e707e00
9e717e00
9e727e00
9e737e00
9e747e00
9e757e00
9e767e00
9e777e00
9e787e00
9e797e00
9e7a7e00
9e7b7e00
9e7c7e00
9e7d7e00
9e7e7e00
9e7f7e00
9e807e00
9e817e00
9e827e00
9e837e00
9e847e00
9e857e00
9e867e00
9e877e00
9e887e00
9e897e00
9e8a7e00
9e8b7e00
9e8c7e00
9e8d7e00
9e8e7e00
9e8f7e00
9e907e00
9e917e00
9e927e00
9e937e00
9e947e00
9e957e00
9e967e00
9e977e00
9e987e00
9e997e00
9e9a7e00
9e9b7e00
9e9c7e00
9e9d7e00
9e9e7e00
9e9f7e00
9ea07e00
9ea17e00
9ea27e00
9ea37e00
9ea47e00
9ea57e00
9ea67e00
9ea77e00
9ea87e00
9ea97e00
9eaa7e00
9eab7e00
9eac7e00
9ead7e00
9eae7e00
9eaf7e00
9eb07e00
9eb17e00
9eb27e00
9eb37e00
9eb47e00
9eb57e00
9eb67e00
9eb77e00
9eb87e00
9eb97e00
9eba7e00
9ebb7e00
9ebc7e00
9ebd7e00
9ebe7e00
9ebf7e00
9ec07e00
9ec17e00
9ec27e00
9ec37e00
9ec47e00
9ec57e00
9ec67e00
9ec77e00
9ec87e00
9ec97e00
9eca7e00
9ecb7e00
9ecc7e00
9ecd7e00
9ece7e00
9ecf7e00
9ed07e00
9ed17e00
9ed27e00
9ed37e00
9ed47e00
9ed57e00
9ed67e00
9ed77e00
9ed87e00
9ed97e00
9eda7e00
9edb7e00
9edc7e00
9edd7e00
9ede7e00
9edf7e00
9ee07e00
9ee17e00
9ee27e00
9ee37e00
9ee47e00
9ee57e00
9ee67e00
9ee77e00
9ee87e00
9ee97e00
9eea7e00
9eeb7e00
9eec7e00
9eed7e00
9eee7e00
9eef7e00
9ef07e00
9ef17e00
9ef27e00
9ef37e00
9ef47e00
9ef57e00
9ef67e00
9ef77e00
9ef87e00
9ef97e00
9efa7e00
9efb7e00
9efc7e00
9efd7e00
9efe7e00
9eff7e00
9f007e00
9f017e00
9f027e00
9f037e00
9f047e00
9f057e00
9f067e00
9f077e00
9f087e00
9f097e00
9f0a7e00
9f0b7e00
9f0c7e00
9f0d7e00
9f0e7e00
9f0f7e00
9f107e00
9f117e00
9f127e00
9f137e00
9f147e00
9f157e00
9f167e00
9f177e00
9f187e00
9f197e00
9f1a7e00
9f1b7e00
9f1c7e00
9f1d7e00
9f1e7e00
9f1f7e00
9f207e00
9f217e00
9f227e00
9f237e00
9f247e00
9f257e00
9f267e00
9f277e00
9f287e00
9f297e00
9f2a7e00
9f2b7e00
9f2c7e00
9f2d7e00
9f2e7e00
9f2f7e00
9f307e00
9f317e00
9f327e00
9f337e00
9f347e00
9f357e00
9f367e00
9f377e00
9f387e00
9f397e00
9f3a7e00
9f3b7e00
9f3c7e00
9f3d7e00
9f3e7e00
9f3f7e00
9f407e00
9f417e00
9f427e00
9f437e00
9f447e00
9f457e00
9f467e00
9f477e00
9f487e00
9f497e00
9f4a7e00
9f4b7e00
9f4c7e00
9f4d7e00
9f4e7e00
9f4f7e00
9f507e00
9f517e00
9f527e00
9f537e00
9f547e00
9f557e00
9f567e00
9f577e00
9f587e00
9f597e00
9f5a7e00
9f5b7e00
9f5c7e00
9f5d7e00
9f5e7e00
9f5f7e00
9f607e00
9f617e00
9f627e00
9f637e00
9f647e00
9f657e00
9f667e00
9f677e00
9f687e00
9f697e00
9f6a7e00
9f6b7e00
9f6c7e00
9f6d7e00
9f6e7e00
9f6f7e00
9f707e00
9f717e00
9f727e00
9f737e00
9f747e00
9f757e00
9f767e00
9f777e00
9f787e00
9f797e00
9f7a7e00
9f7b7e00
9f7c7e00
9f7d7e00
9f7e7e00
9f7f7e00
9f807e00
9f817e00
9f827e00
9f837e00
9f847e00
9f857e00
9f867e00
9f877e00
9f887e00
9f897e00
9f8a7e00
9f8b7e00
9f8c7e00
9f8d7e00
9f8e7e00
9f8f7e00
9f907e00
9f917e00
9f927e00
9f937e00
9f947e00
9f957e00
9f967e00
9f977e00
9f987e00
9f997e00
9f9a7e00
9f9b7e00
9f9c7e00
9f9d7e00
9f9e7e00
9f9f7e00
9fa07e00
9fa17e00
9fa27e00
9fa37e00
9fa47e00
9fa57e00
9fa67e00
9fa77e00
9fa87e00
9fa97e00
9faa7e00
9fab7e00
9fac7e00
9fad7e00
9fae7e00
9faf7e00
9fb07e00
9fb17e00
9fb27e00
9fb37e00
9fb47e00
9fb57e00
9fb67e00
9fb77e00
9fb87e00
9fb97e00
9fba7e00
9fbb7e00
9fbc7e00
9fbd7e00
9fbe7e00
9fbf7e00
9fc07e00
9fc17e00
9fc27e00
9fc37e00
9fc47e00
9fc57e00
9fc67e00
9fc77e00
9fc87e00
9fc97e00
9fca7e00
9fcb7e00
9fcc7e00
9fcd7e00
9fce7e00
9fcf7e00
9fd07e00
9fd17e00
9fd27e00
9fd37e00
9fd47e00
9fd57e00
9fd67e00
9fd77e00
9fd87e00
9fd97e00
9fda7e00
9fdb7e00
9fdc7e00
9fdd7e00
9fde7e00
9fdf7e00
9fe07e00
9fe17e00
9fe27e00
9fe37e00
9fe47e00
9fe57e00
9fe67e00
9fe77e00
9fe87e00
9fe97e00
9fea7e00
9feb7e00
9fec7e00
9fed7e00
9fee7e00
9fef7e00
9ff07e00
9ff17e00
9ff27e00
9ff37e00
9ff47e00
9ff57e00
9ff67e00
9ff77e00
9ff87e00
9ff97e00
9ffa7e00
9ffb7e00
9ffc7e00
9ffd7e00
9ffe7e00
9fff7e00
a0007e00
a0017e00
a0027e00
a0037e00
a0047e00
a0057e00
a0067e00
a0077e00
a0087e00
a0097e00
a00a7e00
a00b7e00
a00c7e00
a00d7e00
a00e7e00
a00f7e00
a0107e00
a0117e00
a0127e00
a0137e00
a0147e00
a0157e00
a0167e00
a0177e00
a0187e00
a0197e00
a01a7e00
a01b7e00
a01c7e00
a01d7e00
a01e7e00
a01f7e00
a0207e00
a0217e00
a0227e00
a0237e00
a0247e00
a0257e00
a0267e00
a0277e00
a0287e00
a0297e00
a02a7e00
a02b7e00
a02c7e00
a02d7e00
a02e7e00
a02f7e00
a0307e00
a0317e00
a0327e00
a0337e00
a0347e00
a0357e00
a0367e00
a0377e00
a0387e00
a0397e00
a03a7e00
a03b7e00
a03c7e00
a03d7e00
a03e7e00
a03f7e00
a0407e00
a0417e00
a0427e00
a0437e00
a0447e00
a0457e00
a0467e00
a0477e00
a0487e00
a0497e00
a04a7e00
a04b7e00
a04c7e00
a04d7e00
a04e7e00
a04f7e00
a0507e00
a0517e00
a0527e00
a0537e00
a0547e00
a0557e00
a0567e00
a0577e00
a0587e00
a0597e00
a05a7e00
a05b7e00
a05c7e00
a05d7e00
a05e7e00
a05f7e00
a0607e00
a0617e00
a0627e00
a0637e00
a0647e00
a0657e00
a0667e00
a0677e00
a0687e00
a0697e00
a06a7e00
a06b7e00
a06c7e00
a06d7e00
a06e7e00
a06f7e00
a0707e00
a0717e00
a0727e00
a0737e00
a0747e00
a0757e00
a0767e00
a0777e00
a0787e00
a0797e00
a07a7e00
a07b7e00
a07c7e00
a07d7e00
a07e7e00
a07f7e00
a0807e00
a0817e00
a0827e00
a0837e00
a0847e00
a0857e00
a0867e00
a0877e00
a0887e00
a0897e00
a08a7e00
a08b7e00
a08c7e00
a08d7e00
a08e7e00
a08f7e00
a0907e00
a0917e00
a0927e00
a0937e00
a0947e00
a0957e00
a0967e00
a0977e00
a0987e00
a0997e00
a09a7e00
a09b7e00
a09c7e00
a09d7e00
a09e7e00
a09f7e00
a0a07e00
a0a17e00
a0a27e00
a0a37e00
a0a47e00
a0a57e00
a0a67e00
a0a77e00
a0a87e00
a0a97e00
a0aa7e00
a0ab7e00
a0ac7e00
a0ad7e00
a0ae7e00
a0af7e00
a0b07e00
a0b17e00
a0b27e00
a0b37e00
a0b47e00
a0b57e00
a0b67e00
a0b77e00
a0b87e00
a0b97e00
a0ba7e00
a0bb7e00
a0bc7e00
a0bd7e00
a0be7e00
a0bf7e00
a0c07e00
a0c17e00
a0c27e00
a0c37e00
a0c47e00
a0c57e00
a0c67e00
a0c77e00
a0c87e00
a0c97e00
a0ca7e00
a0cb7e00
a0cc7e00
a0cd7e00
a0ce7e00
a0cf7e00
a0d07e00
a0d17e00
a0d27e00
a0d37e00
a0d47e00
a0d57e00
a0d67e00
a0d77e00
a0d87e00
a0d97e00
a0da7e00
a0db7e00
a0dc7e00
a0dd7e00
a0de7e00
a0df7e00
a0e07e00
a0e17e00
a0e27e00
a0e37e00
a0e47e00
a0e57e00
a0e67e00
a0e77e00
a0e87e00
a0e97e00
a0ea7e00
a0eb7e00
a0ec7e00
a0ed7e00
a0ee7e00
a0ef7e00
a0f07e00
a0f17e00
a0f27e00
a0f37e00
a0f47e00
a0f57e00
a0f67e00
a0f77e00
a0f87e00
a0f97e00
a0fa7e00
a0fb7e00
a0fc7e00
a0fd7e00
a0fe7e00
a0ff7e00
a1007e00
a1017e00
a1027e00
a1037e00
a1047e00
a1057e00
a1067e00
a1077e00
a1087e00
a1097e00
a10a7e00
a10b7e00
a10c7e00
a10d7e00
a10e7e00
a10f7e00
a1107e00
a1117e00
a1127e00
a1137e00
a1147e00
a1157e00
a1167e00
a1177e00
a1187e00
a1197e00
a11a7e00
a11b7e00
a11c7e00
a11d7e00
a11e7e00
a11f7e00
a1207e00
a1217e00
a1227e00
a1237e00
a1247e00
a1257e00
a1267e00
a1277e00
a1287e00
a1297e00
a12a7e00
a12b7e00
a12c7e00
a12d7e00
a12e7e00
a12f7e00
a1307e00
a1317e00
a1327e00
a1337e00
a1347e00
a1357e00
a1367e00
a1377e00
a1387e00
a1397e00
a13a7e00
a13b7e00
a13c7e00
a13d7e00
a13e7e00
a13f7e00
a1407e00
a1417e00
a1427e00
a1437e00
a1447e00
a1457e00
a1467e00
a1477e00
a1487e00
a1497e00
a14a7e00
a14b7e00
a14c7e00
a14d7e00
a14e7e00
a14f7e00
a1507e00
a1517e00
a1527e00
a1537e00
a1547e00
a1557e00
a1567e00
a1577e00
a1587e00
a1597e00
a15a7e00
a15b7e00
a15c7e00
a15d7e00
a15e7e00
a15f7e00
a1607e00
a1617e00
a1627e00
a1637e00
a1647e00
a1657e00
a1667e00
a1677e00
a1687e00
a1697e00
a16a7e00
a16b7e00
a16c7e00
a16d7e00
a16e7e00
a16f7e00
a1707e00
a1717e00
a1727e00
a1737e00
a1747e00
a1757e00
a1767e00
a1777e00
a1787e00
a1797e00
a17a7e00
a17b7e00
a17c7e00
a17d7e00
a17e7e00
a17f7e00
a1807e00
a1817e00
a1827e00
a1837e00
a1847e00
a1857e00
a1867e00
a1877e00
a1887e00
a1897e00
a18a7e00
a18b7e00
a18c7e00
a18d7e00
a18e7e00
a18f7e00
a1907e00
a1917e00
a1927e00
a1937e00
a1947e00
a1957e00
a1967e00
a1977e00
a1987e00
a1997e00
a19a7e00
a19b7e00
a19c7e00
a19d7e00
a19e7e00
a19f7e00
a1a07e00
a1a17e00
a1a27e00
a1a37e00
a1a47e00
a1a57e00
a1a67e00
a1a77e00
a1a87e00
a1a97e00
a1aa7e00
a1ab7e00
a1ac7e00
a1ad7e00
a1ae7e00
a1af7e00
a1b07e00
a1b17e00
a1b27e00
a1b37e00
a1b47e00
a1b57e00
a1b67e00
a1b77e00
a1b87e00
a1b97e00
a1ba7e00
a1bb7e00
a1bc7e00
a1bd7e00
a1be7e00
a1bf7e00
a1c07e00
a1c17e00
a1c27e00
a1c37e00
a1c47e00
a1c57e00
a1c67e00
a1c77e00
a1c87e00
a1c97e00
a1ca7e00
a1cb7e00
a1cc7e00
a1cd7e00
a1ce7e00
a1cf7e00
a1d07e00
a1d17e00
a1d27e00
a1d37e00
a1d47e00
a1d57e00
a1d67e00
a1d77e00
a1d87e00
a1d97e00
a1da7e00
a1db7e00
a1dc7e00
a1dd7e00
a1de7e00
a1df7e00
a1e07e00
a1e17e00
a1e27e00
a1e37e00
a1e47e00
a1e57e00
a1e67e00
a1e77e00
a1e87e00
a1e97e00
a1ea7e00
a1eb7e00
a1ec7e00
a1ed7e00
a1ee7e00
a1ef7e00
a1f07e00
a1f17e00
a1f27e00
a1f37e00
a1f47e00
a1f57e00
a1f67e00
a1f77e00
a1f87e00
a1f97e00
a1fa7e00
a1fb7e00
a1fc7e00
a1fd7e00
a1fe7e00
a1ff7e00
a2007e00
a2017e00
a2027e00
a2037e00
a2047e00
a2057e00
a2067e00
a2077e00
a2087e00
a2097e00
a20a7e00
a20b7e00
a20c7e00
a20d7e00
a20e7e00
a20f7e00
a2107e00
a2117e00
a2127e00
a2137e00
a2147e00
a2157e00
a2167e00
a2177e00
a2187e00
a2197e00
a21a7e00
a21b7e00
a21c7e00
a21d7e00
a21e7e00
a21f7e00
a2207e00
a2217e00
a2227e00
a2237e00
a2247e00
a2257e00
a2267e00
a2277e00
a2287e00
a2297e00
a22a7e00
a22b7e00
a22c7e00
a22d7e00
a22e7e00
a22f7e00
a2307e00
a2317e00
a2327e00
a2337e00
a2347e00
a2357e00
a2367e00
a2377e00
a2387e00
a2397e00
a23a7e00
a23b7e00
a23c7e00
a23d7e00
a23e7e00
a23f7e00
a2407e00
a2417e00
a2427e00
a2437e00
a2447e00
a2457e00
a2467e00
a2477e00
a2487e00
a2497e00
a24a7e00
a24b7e00
a24c7e00
a24d7e00
a24e7e00
a24f7e00
a2507e00
a2517e00
a2527e00
a2537e00
a2547e00
a2557e00
a2567e00
a2577e00
a2587e00
a2597e00
a25a7e00
a25b7e00
a25c7e00
a25d7e00
a25e7e00
a25f7e00
a2607e00
a2617e00
a2627e00
a2637e00
a2647e00
a2657e00
a2667e00
a2677e00
a2687e00
a2697e00
a26a7e00
a26b7e00
a26c7e00
a26d7e00
a26e7e00
a26f7e00
a2707e00
a2717e00
a2727e00
a2737e00
a2747e00
a2757e00
a2767e00
a2777e00
a2787e00
a2797e00
a27a7e00
a27b7e00
a27c7e00
a27d7e00
a27e7e00
a27f7e00
a2807e00
a2817e00
a2827e00
a2837e00
a2847e00
a2857e00
a2867e00
a2877e00
a2887e00
a2897e00
a28a7e00
a28b7e00
a28c7e00
a28d7e00
a28e7e00
a28f7e00
a2907e00
a2917e00
a2927e00
a2937e00
a2947e00
a2957e00
a2967e00
a2977e00
a2987e00
a2997e00
a29a7e00
a29b7e00
a29c7e00
a29d7e00
a29e7e00
a29f7e00
a2a07e00
a2a17e00
a2a27e00
a2a37e00
a2a47e00
a2a57e00
a2a67e00
a2a77e00
a2a87e00
a2a97e00
a2aa7e00
a2ab7e00
a2ac7e00
a2ad7e00
a2ae7e00
a2af7e00
a2b07e00
a2b17e00
a2b27e00
a2b37e00
a2b47e00
a2b57e00
a2b67e00
a2b77e00
a2b87e00
a2b97e00
a2ba7e00
a2bb7e00
a2bc7e00
a2bd7e00
a2be7e00
a2bf7e00
a2c07e00
a2c17e00
a2c27e00
a2c37e00
a2c47e00
a2c57e00
a2c67e00
a2c77e00
a2c87e00
a2c97e00
a2ca7e00
a2cb7e00
a2cc7e00
a2cd7e00
a2ce7e00
a2cf7e00
a2d07e00
a2d17e00
a2d27e00
a2d37e00
a2d47e00
a2d57e00
a2d67e00
a2d77e00
a2d87e00
a2d97e00
a2da7e00
a2db7e00
a2dc7e00
a2dd7e00
a2de7e00
a2df7e00
a2e07e00
a2e17e00
a2e27e00
a2e37e00
a2e47e00
a2e57e00
a2e67e00
a2e77e00
a2e87e00
a2e97e00
a2ea7e00
a2eb7e00
a2ec7e00
a2ed7e00
a2ee7e00
a2ef7e00
a2f07e00
a2f17e00
a2f27e00
a2f37e00
a2f47e00
a2f57e00
a2f67e00
a2f77e00
a2f87e00
a2f97e00
a2fa7e00
a2fb7e00
a2fc7e00
a2fd7e00
a2fe7e00
a2ff7e00
a3007e00
a3017e00
a3027e00
a3037e00
a3047e00
a3057e00
a3067e00
a3077e00
a3087e00
a3097e00
a30a7e00
a30b7e00
a30c7e00
a30d7e00
a30e7e00
a30f7e00
a3107e00
a3117e00
a3127e00
a3137e00
a3147e00
a3157e00
a3167e00
a3177e00
a3187e00
a3197e00
a31a7e00
a31b7e00
a31c7e00
a31d7e00
a31e7e00
a31f7e00
a3207e00
a3217e00
a3227e00
a3237e00
a3247e00
a3257e00
a3267e00
a3277e00
a3287e00
a3297e00
a32a7e00
a32b7e00
a32c7e00
a32d7e00
a32e7e00
a32f7e00
a3307e00
a3317e00
a3327e00
a3337e00
a3347e00
a3357e00
a3367e00
a3377e00
a3387e00
a3397e00
a33a7e00
a33b7e00
a33c7e00
a33d7e00
a33e7e00
a33f7e00
a3407e00
a3417e00
a3427e00
a3437e00
a3447e00
a3457e00
a3467e00
a3477e00
a3487e00
a3497e00
a34a7e00
a34b7e00
a34c7e00
a34d7e00
a34e7e00
a34f7e00
a3507e00
a3517e00
a3527e00
a3537e00
a3547e00
a3557e00
a3567e00
a3577e00
a3587e00
a3597e00
a35a7e00
a35b7e00
a35c7e00
a35d7e00
a35e7e00
a35f7e00
a3607e00
a3617e00
a3627e00
a3637e00
a3647e00
a3657e00
a3667e00
a3677e00
a3687e00
a3697e00
a36a7e00
a36b7e00
a36c7e00
a36d7e00
a36e7e00
a36f7e00
a3707e00
a3717e00
a3727e00
a3737e00
a3747e00
a3757e00
a3767e00
a3777e00
a3787e00
a3797e00
a37a7e00
a37b7e00
a37c7e00
a37d7e00
a37e7e00
a37f7e00
a3807e00
a3817e00
a3827e00
a3837e00
a3847e00
a3857e00
a3867e00
a3877e00
a3887e00
a3897e00
a38a7e00
a38b7e00
a38c7e00
a38d7e00
a38e7e00
a38f7e00
a3907e00
a3917e00
a3927e00
a3937e00
a3947e00
a3957e00
a3967e00
a3977e00
a3987e00
a3997e00
a39a7e00
a39b7e00
a39c7e00
a39d7e00
a39e7e00
a39f7e00
a3a07e00
a3a17e00
a3a27e00
a3a37e00
a3a47e00
a3a57e00
a3a67e00
a3a77e00
a3a87e00
a3a97e00
a3aa7e00
a3ab7e00
a3ac7e00
a3ad7e00
a3ae7e00
a3af7e00
a3b07e00
a3b17e00
a3b27e00
a3b37e00
a3b47e00
a3b57e00
a3b67e00
a3b77e00
a3b87e00
a3b97e00
a3ba7e00
a3bb7e00
a3bc7e00
a3bd7e00
a3be7e00
a3bf7e00
a3c07e00
a3c17e00
a3c27e00
a3c37e00
a3c47e00
a3c57e00
a3c67e00
a3c77e00
a3c87e00
a3c97e00
a3ca7e00
a3cb7e00
a3cc7e00
a3cd7e00
a3ce7e00
a3cf7e00
a3d07e00
a3d17e00
a3d27e00
a3d37e00
a3d47e00
a3d57e00
a3d67e00
a3d77e00
a3d87e00
a3d97e00
a3da7e00
a3db7e00
a3dc7e00
a3dd7e00
a3de7e00
a3df7e00
a3e07e00
a3e17e00
a3e27e00
a3e37e00
a3e47e00
a3e57e00
a3e67e00
a3e77e00
a3e87e00
a3e97e00
a3ea7e00
a3eb7e00
a3ec7e00
a3ed7e00
a3ee7e00
a3ef7e00
a3f07e00
a3f17e00
a3f27e00
a3f37e00
a3f47e00
a3f57e00
a3f67e00
a3f77e00
a3f87e00
a3f97e00
a3fa7e00
a3fb7e00
a3fc7e00
a3fd7e00
a3fe7e00
a3ff7e00
a4007e00
a4017e00
a4027e00
a4037e00
a4047e00
a4057e00
a4067e00
a4077e00
a4087e00
a4097e00
a40a7e00
a40b7e00
a40c7e00
a40d7e00
a40e7e00
a40f7e00
a4107e00
a4117e00
a4127e00
a4137e00
a4147e00
a4157e00
a4167e00
a4177e00
a4187e00
a4197e00
a41a7e00
a41b7e00
a41c7e00
a41d7e00
a41e7e00
a41f7e00
a4207e00
a4217e00
a4227e00
a4237e00
a4247e00
a4257e00
a4267e00
a4277e00
a4287e00
a4297e00
a42a7e00
a42b7e00
a42c7e00
a42d7e00
a42e7e00
a42f7e00
a4307e00
a4317e00
a4327e00
a4337e00
a4347e00
a4357e00
a4367e00
a4377e00
a4387e00
a4397e00
a43a7e00
a43b7e00
a43c7e00
a43d7e00
a43e7e00
a43f7e00
a4407e00
a4417e00
a4427e00
a4437e00
a4447e00
a4457e00
a4467e00
a4477e00
a4487e00
a4497e00
a44a7e00
a44b7e00
a44c7e00
a44d7e00
a44e7e00
a44f7e00
a4507e00
a4517e00
a4527e00
a4537e00
a4547e00
a4557e00
a4567e00
a4577e00
a4587e00
a4597e00
a45a7e00
a45b7e00
a45c7e00
a45d7e00
a45e7e00
a45f7e00
a4607e00
a4617e00
a4627e00
a4637e00
a4647e00
a4657e00
a4667e00
a4677e00
a4687e00
a4697e00
a46a7e00
a46b7e00
a46c7e00
a46d7e00
a46e7e00
a46f7e00
a4707e00
a4717e00
a4727e00
a4737e00
a4747e00
a4757e00
a4767e00
a4777e00
a4787e00
a4797e00
a47a7e00
a47b7e00
a47c7e00
a47d7e00
a47e7e00
a47f7e00
a4807e00
a4817e00
a4827e00
a4837e00
a4847e00
a4857e00
a4867e00
a4877e00
a4887e00
a4897e00
a48a7e00
a48b7e00
a48c7e00
a48d7e00
a48e7e00
a48f7e00
a4907e00
a4917e00
a4927e00
a4937e00
a4947e00
a4957e00
a4967e00
a4977e00
a4987e00
a4997e00
a49a7e00
a49b7e00
a49c7e00
a49d7e00
a49e7e00
a49f7e00
a4a07e00
a4a17e00
a4a27e00
a4a37e00
a4a47e00
a4a57e00
a4a67e00
a4a77e00
a4a87e00
a4a97e00
a4aa7e00
a4ab7e00
a4ac7e00
a4ad7e00
a4ae7e00
a4af7e00
a4b07e00
a4b17e00
a4b27e00
a4b37e00
a4b47e00
a4b57e00
a4b67e00
a4b77e00
a4b87e00
a4b97e00
a4ba7e00
a4bb7e00
a4bc7e00
a4bd7e00
a4be7e00
a4bf7e00
a4c07e00
a4c17e00
a4c27e00
a4c37e00
a4c47e00
a4c57e00
a4c67e00
a4c77e00
a4c87e00
a4c97e00
a4ca7e00
a4cb7e00
a4cc7e00
a4cd7e00
a4ce7e00
a4cf7e00
a4d07e00
a4d17e00
a4d27e00
a4d37e00
a4d47e00
a4d57e00
a4d67e00
a4d77e00
a4d87e00
a4d97e00
a4da7e00
a4db7e00
a4dc7e00
a4dd7e00
a4de7e00
a4df7e00
a4e07e00
a4e17e00
a4e27e00
a4e37e00
a4e47e00
a4e57e00
a4e67e00
a4e77e00
a4e87e00
a4e97e00
a4ea7e00
a4eb7e00
a4ec7e00
a4ed7e00
a4ee7e00
a4ef7e00
a4f07e00
a4f17e00
a4f27e00
a4f37e00
a4f47e00
a4f57e00
a4f67e00
a4f77e00
a4f87e00
a4f97e00
a4fa7e00
a4fb7e00
a4fc7e00
a4fd7e00
a4fe7e00
a4ff7e00
a5007e00
a5017e00
a5027e00
a5037e00
a5047e00
a5057e00
a5067e00
a5077e00
a5087e00
a5097e00
a50a7e00
a50b7e00
a50c7e00
a50d7e00
a50e7e00
a50f7e00
a5107e00
a5117e00
a5127e00
a5137e00
a5147e00
a5157e00
a5167e00
a5177e00
a5187e00
a5197e00
a51a7e00
a51b7e00
a51c7e00
a51d7e00
a51e7e00
a51f7e00
a5207e00
a5217e00
a5227e00
a5237e00
a5247e00
a5257e00
a5267e00
a5277e00
a5287e00
a5297e00
a52a7e00
a52b7e00
a52c7e00
a52d7e00
a52e7e00
a52f7e00
a5307e00
a5317e00
a5327e00
a5337e00
a5347e00
a5357e00
a5367e00
a5377e00
a5387e00
a5397e00
a53a7e00
a53b7e00
a53c7e00
a53d7e00
a53e7e00
a53f7e00
a5407e00
a5417e00
a5427e00
a5437e00
a5447e00
a5457e00
a5467e00
a5477e00
a5487e00
a5497e00
a54a7e00
a54b7e00
a54c7e00
a54d7e00
a54e7e00
a54f7e00
a5507e00
a5517e00
a5527e00
a5537e00
a5547e00
a5557e00
a5567e00
a5577e00
a5587e00
a5597e00
a55a7e00
a55b7e00
a55c7e00
a55d7e00
a55e7e00
a55f7e00
a5607e00
a5617e00
a5627e00
a5637e00
a5647e00
a5657e00
a5667e00
a5677e00
a5687e00
a5697e00
a56a7e00
a56b7e00
a56c7e00
a56d7e00
a56e7e00
a56f7e00
a5707e00
a5717e00
a5727e00
a5737e00
a5747e00
a5757e00
a5767e00
a5777e00
a5787e00
a5797e00
a57a7e00
a57b7e00
a57c7e00
a57d7e00
a57e7e00
a57f7e00
a5807e00
a5817e00
a5827e00
a5837e00
a5847e00
a5857e00
a5867e00
a5877e00
a5887e00
a5897e00
a58a7e00
a58b7e00
a58c7e00
a58d7e00
a58e7e00
a58f7e00
a5907e00
a5917e00
a5927e00
a5937e00
a5947e00
a5957e00
a5967e00
a5977e00
a5987e00
a5997e00
a59a7e00
a59b7e00
a59c7e00
a59d7e00
a59e7e00
a59f7e00
a5a07e00
a5a17e00
a5a27e00
a5a37e00
a5a47e00
a5a57e00
a5a67e00
a5a77e00
a5a87e00
a5a97e00
a5aa7e00
a5ab7e00
a5ac7e00
a5ad7e00
a5ae7e00
a5af7e00
a5b07e00
a5b17e00
a5b27e00
a5b37e00
a5b47e00
a5b57e00
a5b67e00
a5b77e00
a5b87e00
a5b97e00
a5ba7e00
a5bb7e00
a5bc7e00
a5bd7e00
a5be7e00
a5bf7e00
a5c07e00
a5c17e00
a5c27e00
a5c37e00
a5c47e00
a5c57e00
a5c67e00
a5c77e00
a5c87e00
a5c97e00
a5ca7e00
a5cb7e00
a5cc7e00
a5cd7e00
a5ce7e00
a5cf7e00
a5d07e00
a5d17e00
a5d27e00
a5d37e00
a5d47e00
a5d57e00
a5d67e00
a5d77e00
a5d87e00
a5d97e00
a5da7e00
a5db7e00
a5dc7e00
a5dd7e00
a5de7e00
a5df7e00
a5e07e00
a5e17e00
a5e27e00
a5e37e00
a5e47e00
a5e57e00
a5e67e00
a5e77e00
a5e87e00
a5e97e00
a5ea7e00
a5eb7e00
a5ec7e00
a5ed7e00
a5ee7e00
a5ef7e00
a5f07e00
a5f17e00
a5f27e00
a5f37e00
a5f47e00
a5f57e00
a5f67e00
a5f77e00
a5f87e00
a5f97e00
a5fa7e00
a5fb7e00
a5fc7e00
a5fd7e00
a5fe7e00
a5ff7e00
a6007e00
a6017e00
a6027e00
a6037e00
a6047e00
a6057e00
a6067e00
a6077e00
a6087e00
a6097e00
a60a7e00
a60b7e00
a60c7e00
a60d7e00
a60e7e00
a60f7e00
a6107e00
a6117e00
a6127e00
a6137e00
a6147e00
a6157e00
a6167e00
a6177e00
a6187e00
a6197e00
a61a7e00
a61b7e00
a61c7e00
a61d7e00
a61e7e00
a61f7e00
a6207e00
a6217e00
a6227e00
a6237e00
a6247e00
a6257e00
a6267e00
a6277e00
a6287e00
a6297e00
a62a7e00
a62b7e00
a62c7e00
a62d7e00
a62e7e00
a62f7e00
a6307e00
a6317e00
a6327e00
a6337e00
a6347e00
a6357e00
a6367e00
a6377e00
a6387e00
a6397e00
a63a7e00
a63b7e00
a63c7e00
a63d7e00
a63e7e00
a63f7e00
a6407e00
a6417e00
a6427e00
a6437e00
a6447e00
a6457e00
a6467e00
a6477e00
a6487e00
a6497e00
a64a7e00
a64b7e00
a64c7e00
a64d7e00
a64e7e00
a64f7e00
a6507e00
a6517e00
a6527e00
a6537e00
a6547e00
a6557e00
a6567e00
a6577e00
a6587e00
a6597e00
a65a7e00
a65b7e00
a65c7e00
a65d7e00
a65e7e00
a65f7e00
a6607e00
a6617e00
a6627e00
a6637e00
a6647e00
a6657e00
a6667e00
a6677e00
a6687e00
a6697e00
a66a7e00
a66b7e00
a66c7e00
a66d7e00
a66e7e00
a66f7e00
a6707e00
a6717e00
a6727e00
a6737e00
a6747e00
a6757e00
a6767e00
a6777e00
a6787e00
a6797e00
a67a7e00
a67b7e00
a67c7e00
a67d7e00
a67e7e00
a67f7e00
a6807e00
a6817e00
a6827e00
a6837e00
a6847e00
a6857e00
a6867e00
a6877e00
a6887e00
a6897e00
a68a7e00
a68b7e00
a68c7e00
a68d7e00
a68e7e00
a68f7e00
a6907e00
a6917e00
a6927e00
a6937e00
a6947e00
a6957e00
a6967e00
a6977e00
a6987e00
a6997e00
a69a7e00
a69b7e00
a69c7e00
a69d7e00
a69e7e00
a69f7e00
a6a07e00
a6a17e00
a6a27e00
a6a37e00
a6a47e00
a6a57e00
a6a67e00
a6a77e00
a6a87e00
a6a97e00
a6aa7e00
a6ab7e00
a6ac7e00
a6ad7e00
a6ae7e00
a6af7e00
a6b07e00
a6b17e00
a6b27e00
a6b37e00
a6b47e00
a6b57e00
a6b67e00
a6b77e00
a6b87e00
a6b97e00
a6ba7e00
a6bb7e00
a6bc7e00
a6bd7e00
a6be7e00
a6bf7e00
a6c07e00
a6c17e00
a6c27e00
a6c37e00
a6c47e00
a6c57e00
a6c67e00
a6c77e00
a6c87e00
a6c97e00
a6ca7e00
a6cb7e00
a6cc7e00
a6cd7e00
a6ce7e00
a6cf7e00
a6d07e00
a6d17e00
a6d27e00
a6d37e00
a6d47e00
a6d57e00
a6d67e00
a6d77e00
a6d87e00
a6d97e00
a6da7e00
a6db7e00
a6dc7e00
a6dd7e00
a6de7e00
a6df7e00
a6e07e00
a6e17e00
a6e27e00
a6e37e00
a6e47e00
a6e57e00
a6e67e00
a6e77e00
a6e87e00
a6e97e00
a6ea7e00
a6eb7e00
a6ec7e00
a6ed7e00
a6ee7e00
a6ef7e00
a6f07e00
a6f17e00
a6f27e00
a6f37e00
a6f47e00
a6f57e00
a6f67e00
a6f77e00
a6f87e00
a6f97e00
a6fa7e00
a6fb7e00
a6fc7e00
a6fd7e00
a6fe7e00
a6ff7e00
a7007e00
a7017e00
a7027e00
a7037e00
a7047e00
a7057e00
a7067e00
a7077e00
a7087e00
a7097e00
a70a7e00
a70b7e00
a70c7e00
a70d7e00
a70e7e00
a70f7e00
a7107e00
a7117e00
a7127e00
a7137e00
a7147e00
a7157e00
a7167e00
a7177e00
a7187e00
a7197e00
a71a7e00
a71b7e00
a71c7e00
a71d7e00
a71e7e00
a71f7e00
a7207e00
a7217e00
a7227e00
a7237e00
a7247e00
a7257e00
a7267e00
a7277e00
a7287e00
a7297e00
a72a7e00
a72b7e00
a72c7e00
a72d7e00
a72e7e00
a72f7e00
a7307e00
a7317e00
a7327e00
a7337e00
a7347e00
a7357e00
a7367e00
a7377e00
a7387e00
a7397e00
a73a7e00
a73b7e00
a73c7e00
a73d7e00
a73e7e00
a73f7e00
a7407e00
a7417e00
a7427e00
a7437e00
a7447e00
a7457e00
a7467e00
a7477e00
a7487e00
a7497e00
a74a7e00
a74b7e00
a74c7e00
a74d7e00
a74e7e00
a74f7e00
a7507e00
a7517e00
a7527e00
a7537e00
a7547e00
a7557e00
a7567e00
a7577e00
a7587e00
a7597e00
a75a7e00
a75b7e00
a75c7e00
a75d7e00
a75e7e00
a75f7e00
a7607e00
a7617e00
a7627e00
a7637e00
a7647e00
a7657e00
a7667e00
a7677e00
a7687e00
a7697e00
a76a7e00
a76b7e00
a76c7e00
a76d7e00
a76e7e00
a76f7e00
a7707e00
a7717e00
a7727e00
a7737e00
a7747e00
a7757e00
a7767e00
a7777e00
a7787e00
a7797e00
a77a7e00
a77b7e00
a77c7e00
a77d7e00
a77e7e00
a77f7e00
a7807e00
a7817e00
a7827e00
a7837e00
a7847e00
a7857e00
a7867e00
a7877e00
a7887e00
a7897e00
a78a7e00
a78b7e00
a78c7e00
a78d7e00
a78e7e00
a78f7e00
a7907e00
a7917e00
a7927e00
a7937e00
a7947e00
a7957e00
a7967e00
a7977e00
a7987e00
a7997e00
a79a7e00
a79b7e00
a79c7e00
a79d7e00
a79e7e00
a79f7e00
a7a07e00
a7a17e00
a7a27e00
a7a37e00
a7a47e00
a7a57e00
a7a67e00
a7a77e00
a7a87e00
a7a97e00
a7aa7e00
a7ab7e00
a7ac7e00
a7ad7e00
a7ae7e00
a7af7e00
a7b07e00
a7b17e00
a7b27e00
a7b37e00
a7b47e00
a7b57e00
a7b67e00
a7b77e00
a7b87e00
a7b97e00
a7ba7e00
a7bb7e00
a7bc7e00
a7bd7e00
a7be7e00
a7bf7e00
a7c07e00
a7c17e00
a7c27e00
a7c37e00
a7c47e00
a7c57e00
a7c67e00
a7c77e00
a7c87e00
a7c97e00
a7ca7e00
a7cb7e00
a7cc7e00
a7cd7e00
a7ce7e00
a7cf7e00
a7d07e00
a7d17e00
a7d27e00
a7d37e00
a7d47e00
a7d57e00
a7d67e00
a7d77e00
a7d87e00
a7d97e00
a7da7e00
a7db7e00
a7dc7e00
a7dd7e00
a7de7e00
a7df7e00
a7e07e00
a7e17e00
a7e27e00
a7e37e00
a7e47e00
a7e57e00
a7e67e00
a7e77e00
a7e87e00
a7e97e00
a7ea7e00
a7eb7e00
a7ec7e00
a7ed7e00
a7ee7e00
a7ef7e00
a7f07e00
a7f17e00
a7f27e00
a7f37e00
a7f47e00
a7f57e00
a7f67e00
a7f77e00
a7f87e00
a7f97e00
a7fa7e00
a7fb7e00
a7fc7e00
a7fd7e00
a7fe7e00
a7ff7e00
a8007e00
a8017e00
a8027e00
a8037e00
a8047e00
a8057e00
a8067e00
a8077e00
a8087e00
a8097e00
a80a7e00
a80b7e00
a80c7e00
a80d7e00
a80e7e00
a80f7e00
a8107e00
a8117e00
a8127e00
a8137e00
a8147e00
a8157e00
a8167e00
a8177e00
a8187e00
a8197e00
a81a7e00
a81b7e00
a81c7e00
a81d7e00
a81e7e00
a81f7e00
a8207e00
a8217e00
a8227e00
a8237e00
a8247e00
a8257e00
a8267e00
a8277e00
a8287e00
a8297e00
a82a7e00
a82b7e00
a82c7e00
a82d7e00
a82e7e00
a82f7e00
a8307e00
a8317e00
a8327e00
a8337e00
a8347e00
a8357e00
a8367e00
a8377e00
a8387e00
a8397e00
a83a7e00
a83b7e00
a83c7e00
a83d7e00
a83e7e00
a83f7e00
a8407e00
a8417e00
a8427e00
a8437e00
a8447e00
a8457e00
a8467e00
a8477e00
a8487e00
a8497e00
a84a7e00
a84b7e00
a84c7e00
a84d7e00
a84e7e00
a84f7e00
a8507e00
a8517e00
a8527e00
a8537e00
a8547e00
a8557e00
a8567e00
a8577e00
a8587e00
a8597e00
a85a7e00
a85b7e00
a85c7e00
a85d7e00
a85e7e00
a85f7e00
a8607e00
a8617e00
a8627e00
a8637e00
a8647e00
a8657e00
a8667e00
a8677e00
a8687e00
a8697e00
a86a7e00
a86b7e00
a86c7e00
a86d7e00
a86e7e00
a86f7e00
a8707e00
a8717e00
a8727e00
a8737e00
a8747e00
a8757e00
a8767e00
a8777e00
a8787e00
a8797e00
a87a7e00
a87b7e00
a87c7e00
a87d7e00
a87e7e00
a87f7e00
a8807e00
a8817e00
a8827e00
a8837e00
a8847e00
a8857e00
a8867e00
a8877e00
a8887e00
a8897e00
a88a7e00
a88b7e00
a88c7e00
a88d7e00
a88e7e00
a88f7e00
a8907e00
a8917e00
a8927e00
a8937e00
a8947e00
a8957e00
a8967e00
a8977e00
a8987e00
a8997e00
a89a7e00
a89b7e00
a89c7e00
a89d7e00
a89e7e00
a89f7e00
a8a07e00
a8a17e00
a8a27e00
a8a37e00
a8a47e00
a8a57e00
a8a67e00
a8a77e00
a8a87e00
a8a97e00
a8aa7e00
a8ab7e00
a8ac7e00
a8ad7e00
a8ae7e00
a8af7e00
a8b07e00
a8b17e00
a8b27e00
a8b37e00
a8b47e00
a8b57e00
a8b67e00
a8b77e00
a8b87e00
a8b97e00
a8ba7e00
a8bb7e00
a8bc7e00
a8bd7e00
a8be7e00
a8bf7e00
a8c07e00
a8c17e00
a8c27e00
a8c37e00
a8c47e00
a8c57e00
a8c67e00
a8c77e00
a8c87e00
a8c97e00
a8ca7e00
a8cb7e00
a8cc7e00
a8cd7e00
a8ce7e00
a8cf7e00
a8d07e00
a8d17e00
a8d27e00
a8d37e00
a8d47e00
a8d57e00
a8d67e00
a8d77e00
a8d87e00
a8d97e00
a8da7e00
a8db7e00
a8dc7e00
a8dd7e00
a8de7e00
a8df7e00
a8e07e00
a8e17e00
a8e27e00
a8e37e00
a8e47e00
a8e57e00
a8e67e00
a8e77e00
a8e87e00
a8e97e00
a8ea7e00
a8eb7e00
a8ec7e00
a8ed7e00
a8ee7e00
a8ef7e00
a8f07e00
a8f17e00
a8f27e00
a8f37e00
a8f47e00
a8f57e00
a8f67e00
a8f77e00
a8f87e00
a8f97e00
a8fa7e00
a8fb7e00
a8fc7e00
a8fd7e00
a8fe7e00
a8ff7e00
a9007e00
a9017e00
a9027e00
a9037e00
a9047e00
a9057e00
a9067e00
a9077e00
a9087e00
a9097e00
a90a7e00
a90b7e00
a90c7e00
a90d7e00
a90e7e00
a90f7e00
a9107e00
a9117e00
a9127e00
a9137e00
a9147e00
a9157e00
a9167e00
a9177e00
a9187e00
a9197e00
a91a7e00
a91b7e00
a91c7e00
a91d7e00
a91e7e00
a91f7e00
a9207e00
a9217e00
a9227e00
a9237e00
a9247e00
a9257e00
a9267e00
a9277e00
a9287e00
a9297e00
a92a7e00
a92b7e00
a92c7e00
a92d7e00
a92e7e00
a92f7e00
a9307e00
a9317e00
a9327e00
a9337e00
a9347e00
a9357e00
a9367e00
a9377e00
a9387e00
a9397e00
a93a7e00
a93b7e00
a93c7e00
a93d7e00
a93e7e00
a93f7e00
a9407e00
a9417e00
a9427e00
a9437e00
a9447e00
a9457e00
a9467e00
a9477e00
a9487e00
a9497e00
a94a7e00
a94b7e00
a94c7e00
a94d7e00
a94e7e00
a94f7e00
a9507e00
a9517e00
a9527e00
a9537e00
a9547e00
a9557e00
a9567e00
a9577e00
a9587e00
a9597e00
a95a7e00
a95b7e00
a95c7e00
a95d7e00
a95e7e00
a95f7e00
a9607e00
a9617e00
a9627e00
a9637e00
a9647e00
a9657e00
a9667e00
a9677e00
a9687e00
a9697e00
a96a7e00
a96b7e00
a96c7e00
a96d7e00
a96e7e00
a96f7e00
a9707e00
a9717e00
a9727e00
a9737e00
a9747e00
a9757e00
a9767e00
a9777e00
a9787e00
a9797e00
a97a7e00
a97b7e00
a97c7e00
a97d7e00
a97e7e00
a97f7e00
a9807e00
a9817e00
a9827e00
a9837e00
a9847e00
a9857e00
a9867e00
a9877e00
a9887e00
a9897e00
a98a7e00
a98b7e00
a98c7e00
a98d7e00
a98e7e00
a98f7e00
a9907e00
a9917e00
a9927e00
a9937e00
a9947e00
a9957e00
a9967e00
a9977e00
a9987e00
a9997e00
a99a7e00
a99b7e00
a99c7e00
a99d7e00
a99e7e00
a99f7e00
a9a07e00
a9a17e00
a9a27e00
a9a37e00
a9a47e00
a9a57e00
a9a67e00
a9a77e00
a9a87e00
a9a97e00
a9aa7e00
a9ab7e00
a9ac7e00
a9ad7e00
a9ae7e00
a9af7e00
a9b07e00
a9b17e00
a9b27e00
a9b37e00
a9b47e00
a9b57e00
a9b67e00
a9b77e00
a9b87e00
a9b97e00
a9ba7e00
a9bb7e00
a9bc7e00
a9bd7e00
a9be7e00
a9bf7e00
a9c07e00
a9c17e00
a9c27e00
a9c37e00
a9c47e00
a9c57e00
a9c67e00
a9c77e00
a9c87e00
a9c97e00
a9ca7e00
a9cb7e00
a9cc7e00
a9cd7e00
a9ce7e00
a9cf7e00
a9d07e00
a9d17e00
a9d27e00
a9d37e00
a9d47e00
a9d57e00
a9d67e00
a9d77e00
a9d87e00
a9d97e00
a9da7e00
a9db7e00
a9dc7e00
a9dd7e00
a9de7e00
a9df7e00
a9e07e00
a9e17e00
a9e27e00
a9e37e00
a9e47e00
a9e57e00
a9e67e00
a9e77e00
a9e87e00
a9e97e00
a9ea7e00
a9eb7e00
a9ec7e00
a9ed7e00
a9ee7e00
a9ef7e00
a9f07e00
a9f17e00
a9f27e00
a9f37e00
a9f47e00
a9f57e00
a9f67e00
a9f77e00
a9f87e00
a9f97e00
a9fa7e00
a9fb7e00
a9fc7e00
a9fd7e00
a9fe7e00
a9ff7e00
aa007e00
aa017e00
aa027e00
aa037e00
aa047e00
aa057e00
aa067e00
aa077e00
aa087e00
aa097e00
aa0a7e00
aa0b7e00
aa0c7e00
aa0d7e00
aa0e7e00
aa0f7e00
aa107e00
aa117e00
aa127e00
aa137e00
aa147e00
aa157e00
aa167e00
aa177e00
aa187e00
aa197e00
aa1a7e00
aa1b7e00
aa1c7e00
aa1d7e00
aa1e7e00
aa1f7e00
aa207e00
aa217e00
aa227e00
aa237e00
aa247e00
aa257e00
aa267e00
aa277e00
aa287e00
aa297e00
aa2a7e00
aa2b7e00
aa2c7e00
aa2d7e00
aa2e7e00
aa2f7e00
aa307e00
aa317e00
aa327e00
aa337e00
aa347e00
aa357e00
aa367e00
aa377e00
aa387e00
aa397e00
aa3a7e00
aa3b7e00
aa3c7e00
aa3d7e00
aa3e7e00
aa3f7e00
aa407e00
aa417e00
aa427e00
aa437e00
aa447e00
aa457e00
aa467e00
aa477e00
aa487e00
aa497e00
aa4a7e00
aa4b7e00
aa4c7e00
aa4d7e00
aa4e7e00
aa4f7e00
aa507e00
aa517e00
aa527e00
aa537e00
aa547e00
aa557e00
aa567e00
aa577e00
aa587e00
aa597e00
aa5a7e00
aa5b7e00
aa5c7e00
aa5d7e00
aa5e7e00
aa5f7e00
aa607e00
aa617e00
aa627e00
aa637e00
aa647e00
aa657e00
aa667e00
aa677e00
aa687e00
aa697e00
aa6a7e00
aa6b7e00
aa6c7e00
aa6d7e00
aa6e7e00
aa6f7e00
aa707e00
aa717e00
aa727e00
aa737e00
aa747e00
aa757e00
aa767e00
aa777e00
aa787e00
aa797e00
aa7a7e00
aa7b7e00
aa7c7e00
aa7d7e00
aa7e7e00
aa7f7e00
aa807e00
aa817e00
aa827e00
aa837e00
aa847e00
aa857e00
aa867e00
aa877e00
aa887e00
aa897e00
aa8a7e00
aa8b7e00
aa8c7e00
aa8d7e00
aa8e7e00
aa8f7e00
aa907e00
aa917e00
aa927e00
aa937e00
aa947e00
aa957e00
aa967e00
aa977e00
aa987e00
aa997e00
aa9a7e00
aa9b7e00
aa9c7e00
aa9d7e00
aa9e7e00
aa9f7e00
aaa07e00
aaa17e00
aaa27e00
aaa37e00
aaa47e00
aaa57e00
aaa67e00
aaa77e00
aaa87e00
aaa97e00
aaaa7e00
aaab7e00
aaac7e00
aaad7e00
aaae7e00
aaaf7e00
aab07e00
aab17e00
aab27e00
aab37e00
aab47e00
aab57e00
aab67e00
aab77e00
aab87e00
aab97e00
aaba7e00
aabb7e00
aabc7e00
aabd7e00
aabe7e00
aabf7e00
aac07e00
aac17e00
aac27e00
aac37e00
aac47e00
aac57e00
aac67e00
aac77e00
aac87e00
aac97e00
aaca7e00
aacb7e00
aacc7e00
aacd7e00
aace7e00
aacf7e00
aad07e00
aad17e00
aad27e00
aad37e00
aad47e00
aad57e00
aad67e00
aad77e00
aad87e00
aad97e00
aada7e00
aadb7e00
aadc7e00
aadd7e00
aade7e00
aadf7e00
aae07e00
aae17e00
aae27e00
aae37e00
aae47e00
aae57e00
aae67e00
aae77e00
aae87e00
aae97e00
aaea7e00
aaeb7e00
aaec7e00
aaed7e00
aaee7e00
aaef7e00
aaf07e00
aaf17e00
aaf27e00
aaf37e00
aaf47e00
aaf57e00
aaf67e00
aaf77e00
aaf87e00
aaf97e00
aafa7e00
aafb7e00
aafc7e00
aafd7e00
aafe7e00
aaff7e00
ab007e00
ab017e00
ab027e00
ab037e00
ab047e00
ab057e00
ab067e00
ab077e00
ab087e00
ab097e00
ab0a7e00
ab0b7e00
ab0c7e00
ab0d7e00
ab0e7e00
ab0f7e00
ab107e00
ab117e00
ab127e00
ab137e00
ab147e00
ab157e00
ab167e00
ab177e00
ab187e00
ab197e00
ab1a7e00
ab1b7e00
ab1c7e00
ab1d7e00
ab1e7e00
ab1f7e00
ab207e00
ab217e00
ab227e00
ab237e00
ab247e00
ab257e00
ab267e00
ab277e00
ab287e00
ab297e00
ab2a7e00
ab2b7e00
ab2c7e00
ab2d7e00
ab2e7e00
ab2f7e00
ab307e00
ab317e00
ab327e00
ab337e00
ab347e00
ab357e00
ab367e00
ab377e00
ab387e00
ab397e00
ab3a7e00
ab3b7e00
ab3c7e00
ab3d7e00
ab3e7e00
ab3f7e00
ab407e00
ab417e00
ab427e00
ab437e00
ab447e00
ab457e00
ab467e00
ab477e00
ab487e00
ab497e00
ab4a7e00
ab4b7e00
ab4c7e00
ab4d7e00
ab4e7e00
ab4f7e00
ab507e00
ab517e00
ab527e00
ab537e00
ab547e00
ab557e00
ab567e00
ab577e00
ab587e00
ab597e00
ab5a7e00
ab5b7e00
ab5c7e00
ab5d7e00
ab5e7e00
ab5f7e00
ab607e00
ab617e00
ab627e00
ab637e00
ab647e00
ab657e00
ab667e00
ab677e00
ab687e00
ab697e00
ab6a7e00
ab6b7e00
ab6c7e00
ab6d7e00
ab6e7e00
ab6f7e00
ab707e00
ab717e00
ab727e00
ab737e00
ab747e00
ab757e00
ab767e00
ab777e00
ab787e00
ab797e00
ab7a7e00
ab7b7e00
ab7c7e00
ab7d7e00
ab7e7e00
ab7f7e00
ab807e00
ab817e00
ab827e00
ab837e00
ab847e00
ab857e00
ab867e00
ab877e00
ab887e00
ab897e00
ab8a7e00
ab8b7e00
ab8c7e00
ab8d7e00
ab8e7e00
ab8f7e00
ab907e00
ab917e00
ab927e00
ab937e00
ab947e00
ab957e00
ab967e00
ab977e00
ab987e00
ab997e00
ab9a7e00
ab9b7e00
ab9c7e00
ab9d7e00
ab9e7e00
ab9f7e00
aba07e00
aba17e00
aba27e00
aba37e00
aba47e00
aba57e00
aba67e00
aba77e00
aba87e00
aba97e00
abaa7e00
abab7e00
abac7e00
abad7e00
abae7e00
abaf7e00
abb07e00
abb17e00
abb27e00
abb37e00
abb47e00
abb57e00
abb67e00
abb77e00
abb87e00
abb97e00
abba7e00
abbb7e00
abbc7e00
abbd7e00
abbe7e00
abbf7e00
abc07e00
abc17e00
abc27e00
abc37e00
abc47e00
abc57e00
abc67e00
abc77e00
abc87e00
abc97e00
abca7e00
abcb7e00
abcc7e00
abcd7e00
abce7e00
abcf7e00
abd07e00
abd17e00
abd27e00
abd37e00
abd47e00
abd57e00
abd67e00
abd77e00
abd87e00
abd97e00
abda7e00
abdb7e00
abdc7e00
abdd7e00
abde7e00
abdf7e00
abe07e00
abe17e00
abe27e00
abe37e00
abe47e00
abe57e00
abe67e00
abe77e00
abe87e00
abe97e00
abea7e00
abeb7e00
abec7e00
abed7e00
abee7e00
abef7e00
abf07e00
abf17e00
abf27e00
abf37e00
abf47e00
abf57e00
abf67e00
abf77e00
abf87e00
abf97e00
abfa7e00
abfb7e00
abfc7e00
abfd7e00
abfe7e00
abff7e00
ac007e00
ac017e00
ac027e00
ac037e00
ac047e00
ac057e00
ac067e00
ac077e00
ac087e00
ac097e00
ac0a7e00
ac0b7e00
ac0c7e00
ac0d7e00
ac0e7e00
ac0f7e00
ac107e00
ac117e00
ac127e00
ac137e00
ac147e00
ac157e00
ac167e00
ac177e00
ac187e00
ac197e00
ac1a7e00
ac1b7e00
ac1c7e00
ac1d7e00
ac1e7e00
ac1f7e00
ac207e00
ac217e00
ac227e00
ac237e00
ac247e00
ac257e00
ac267e00
ac277e00
ac287e00
ac297e00
ac2a7e00
ac2b7e00
ac2c7e00
ac2d7e00
ac2e7e00
ac2f7e00
ac307e00
ac317e00
ac327e00
ac337e00
ac347e00
ac357e00
ac367e00
ac377e00
ac387e00
ac397e00
ac3a7e00
ac3b7e00
ac3c7e00
ac3d7e00
ac3e7e00
ac3f7e00
ac407e00
ac417e00
ac427e00
ac437e00
ac447e00
ac457e00
ac467e00
ac477e00
ac487e00
ac497e00
ac4a7e00
ac4b7e00
ac4c7e00
ac4d7e00
ac4e7e00
ac4f7e00
ac507e00
ac517e00
ac527e00
ac537e00
ac547e00
ac557e00
ac567e00
ac577e00
ac587e00
ac597e00
ac5a7e00
ac5b7e00
ac5c7e00
ac5d7e00
ac5e7e00
ac5f7e00
ac607e00
ac617e00
ac627e00
ac637e00
ac647e00
ac657e00
ac667e00
ac677e00
ac687e00
ac697e00
ac6a7e00
ac6b7e00
ac6c7e00
ac6d7e00
ac6e7e00
ac6f7e00
ac707e00
ac717e00
ac727e00
ac737e00
ac747e00
ac757e00
ac767e00
ac777e00
ac787e00
ac797e00
ac7a7e00
ac7b7e00
ac7c7e00
ac7d7e00
ac7e7e00
ac7f7e00
ac807e00
ac817e00
ac827e00
ac837e00
ac847e00
ac857e00
ac867e00
ac877e00
ac887e00
ac897e00
ac8a7e00
ac8b7e00
ac8c7e00
ac8d7e00
ac8e7e00
ac8f7e00
ac907e00
ac917e00
ac927e00
ac937e00
ac947e00
ac957e00
ac967e00
ac977e00
ac987e00
ac997e00
ac9a7e00
ac9b7e00
ac9c7e00
ac9d7e00
ac9e7e00
ac9f7e00
aca07e00
aca17e00
aca27e00
aca37e00
aca47e00
aca57e00
aca67e00
aca77e00
aca87e00
aca97e00
acaa7e00
acab7e00
acac7e00
acad7e00
acae7e00
acaf7e00
acb07e00
acb17e00
acb27e00
acb37e00
acb47e00
acb57e00
acb67e00
acb77e00
acb87e00
acb97e00
acba7e00
acbb7e00
acbc7e00
acbd7e00
acbe7e00
acbf7e00
acc07e00
acc17e00
acc27e00
acc37e00
acc47e00
acc57e00
acc67e00
acc77e00
acc87e00
acc97e00
acca7e00
accb7e00
accc7e00
accd7e00
acce7e00
accf7e00
acd07e00
acd17e00
acd27e00
acd37e00
acd47e00
acd57e00
acd67e00
acd77e00
acd87e00
acd97e00
acda7e00
acdb7e00
acdc7e00
acdd7e00
acde7e00
acdf7e00
ace07e00
ace17e00
ace27e00
ace37e00
ace47e00
ace57e00
ace67e00
ace77e00
ace87e00
ace97e00
acea7e00
aceb7e00
acec7e00
aced7e00
acee7e00
acef7e00
acf07e00
acf17e00
acf27e00
acf37e00
acf47e00
acf57e00
acf67e00
acf77e00
acf87e00
acf97e00
acfa7e00
acfb7e00
acfc7e00
acfd7e00
acfe7e00
acff7e00
ad007e00
ad017e00
ad027e00
ad037e00
ad047e00
ad057e00
ad067e00
ad077e00
ad087e00
ad097e00
ad0a7e00
ad0b7e00
ad0c7e00
ad0d7e00
ad0e7e00
ad0f7e00
ad107e00
ad117e00
ad127e00
ad137e00
ad147e00
ad157e00
ad167e00
ad177e00
ad187e00
ad197e00
ad1a7e00
ad1b7e00
ad1c7e00
ad1d7e00
ad1e7e00
ad1f7e00
ad207e00
ad217e00
ad227e00
ad237e00
ad247e00
ad257e00
ad267e00
ad277e00
ad287e00
ad297e00
ad2a7e00
ad2b7e00
ad2c7e00
ad2d7e00
ad2e7e00
ad2f7e00
ad307e00
ad317e00
ad327e00
ad337e00
ad347e00
ad357e00
ad367e00
ad377e00
ad387e00
ad397e00
ad3a7e00
ad3b7e00
ad3c7e00
ad3d7e00
ad3e7e00
ad3f7e00
ad407e00
ad417e00
ad427e00
ad437e00
ad447e00
ad457e00
ad467e00
ad477e00
ad487e00
ad497e00
ad4a7e00
ad4b7e00
ad4c7e00
ad4d7e00
ad4e7e00
ad4f7e00
ad507e00
ad517e00
ad527e00
ad537e00
ad547e00
ad557e00
ad567e00
ad577e00
ad587e00
ad597e00
ad5a7e00
ad5b7e00
ad5c7e00
ad5d7e00
ad5e7e00
ad5f7e00
ad607e00
ad617e00
ad627e00
ad637e00
ad647e00
ad657e00
ad667e00
ad677e00
ad687e00
ad697e00
ad6a7e00
ad6b7e00
ad6c7e00
ad6d7e00
ad6e7e00
ad6f7e00
ad707e00
ad717e00
ad727e00
ad737e00
ad747e00
ad757e00
ad767e00
ad777e00
ad787e00
ad797e00
ad7a7e00
ad7b7e00
ad7c7e00
ad7d7e00
ad7e7e00
ad7f7e00
ad807e00
ad817e00
ad827e00
ad837e00
ad847e00
ad857e00
ad867e00
ad877e00
ad887e00
ad897e00
ad8a7e00
ad8b7e00
ad8c7e00
ad8d7e00
ad8e7e00
ad8f7e00
ad907e00
ad917e00
ad927e00
ad937e00
ad947e00
ad957e00
ad967e00
ad977e00
ad987e00
ad997e00
ad9a7e00
ad9b7e00
ad9c7e00
ad9d7e00
ad9e7e00
ad9f7e00
ada07e00
ada17e00
ada27e00
ada37e00
ada47e00
ada57e00
ada67e00
ada77e00
ada87e00
ada97e00
adaa7e00
adab7e00
adac7e00
adad7e00
adae7e00
adaf7e00
adb07e00
adb17e00
adb27e00
adb37e00
adb47e00
adb57e00
adb67e00
adb77e00
adb87e00
adb97e00
adba7e00
adbb7e00
adbc7e00
adbd7e00
adbe7e00
adbf7e00
adc07e00
adc17e00
adc27e00
adc37e00
adc47e00
adc57e00
adc67e00
adc77e00
adc87e00
adc97e00
adca7e00
adcb7e00
adcc7e00
adcd7e00
adce7e00
adcf7e00
add07e00
add17e00
add27e00
add37e00
add47e00
add57e00
add67e00
add77e00
add87e00
add97e00
adda7e00
addb7e00
addc7e00
addd7e00
adde7e00
addf7e00
ade07e00
ade17e00
ade27e00
ade37e00
ade47e00
ade57e00
ade67e00
ade77e00
ade87e00
ade97e00
adea7e00
adeb7e00
adec7e00
aded7e00
adee7e00
adef7e00
adf07e00
adf17e00
adf27e00
adf37e00
adf47e00
adf57e00
adf67e00
adf77e00
adf87e00
adf97e00
adfa7e00
adfb7e00
adfc7e00
adfd7e00
adfe7e00
adff7e00
ae007e00
ae017e00
ae027e00
ae037e00
ae047e00
ae057e00
ae067e00
ae077e00
ae087e00
ae097e00
ae0a7e00
ae0b7e00
ae0c7e00
ae0d7e00
ae0e7e00
ae0f7e00
ae107e00
ae117e00
ae127e00
ae137e00
ae147e00
ae157e00
ae167e00
ae177e00
ae187e00
ae197e00
ae1a7e00
ae1b7e00
ae1c7e00
ae1d7e00
ae1e7e00
ae1f7e00
ae207e00
ae217e00
ae227e00
ae237e00
ae247e00
ae257e00
ae267e00
ae277e00
ae287e00
ae297e00
ae2a7e00
ae2b7e00
ae2c7e00
ae2d7e00
ae2e7e00
ae2f7e00
ae307e00
ae317e00
ae327e00
ae337e00
ae347e00
ae357e00
ae367e00
ae377e00
ae387e00
ae397e00
ae3a7e00
ae3b7e00
ae3c7e00
ae3d7e00
ae3e7e00
ae3f7e00
ae407e00
ae417e00
ae427e00
ae437e00
ae447e00
ae457e00
ae467e00
ae477e00
ae487e00
ae497e00
ae4a7e00
ae4b7e00
ae4c7e00
ae4d7e00
ae4e7e00
ae4f7e00
ae507e00
ae517e00
ae527e00
ae537e00
ae547e00
ae557e00
ae567e00
ae577e00
ae587e00
ae597e00
ae5a7e00
ae5b7e00
ae5c7e00
ae5d7e00
ae5e7e00
ae5f7e00
ae607e00
ae617e00
ae627e00
ae637e00
ae647e00
ae657e00
ae667e00
ae677e00
ae687e00
ae697e00
ae6a7e00
ae6b7e00
ae6c7e00
ae6d7e00
ae6e7e00
ae6f7e00
ae707e00
ae717e00
ae727e00
ae737e00
ae747e00
ae757e00
ae767e00
ae777e00
ae787e00
ae797e00
ae7a7e00
ae7b7e00
ae7c7e00
ae7d7e00
ae7e7e00
ae7f7e00
ae807e00
ae817e00
ae827e00
ae837e00
ae847e00
ae857e00
ae867e00
ae877e00
ae887e00
ae897e00
ae8a7e00
ae8b7e00
ae8c7e00
ae8d7e00
ae8e7e00
ae8f7e00
ae907e00
ae917e00
ae927e00
ae937e00
ae947e00
ae957e00
ae967e00
ae977e00
ae987e00
ae997e00
ae9a7e00
ae9b7e00
ae9c7e00
ae9d7e00
ae9e7e00
ae9f7e00
aea07e00
aea17e00
aea27e00
aea37e00
aea47e00
aea57e00
aea67e00
aea77e00
aea87e00
aea97e00
aeaa7e00
aeab7e00
aeac7e00
aead7e00
aeae7e00
aeaf7e00
aeb07e00
aeb17e00
aeb27e00
aeb37e00
aeb47e00
aeb57e00
aeb67e00
aeb77e00
aeb87e00
aeb97e00
aeba7e00
aebb7e00
aebc7e00
aebd7e00
aebe7e00
aebf7e00
aec07e00
aec17e00
aec27e00
aec37e00
aec47e00
aec57e00
aec67e00
aec77e00
aec87e00
aec97e00
aeca7e00
aecb7e00
aecc7e00
aecd7e00
aece7e00
aecf7e00
aed07e00
aed17e00
aed27e00
aed37e00
aed47e00
aed57e00
aed67e00
aed77e00
aed87e00
aed97e00
aeda7e00
aedb7e00
aedc7e00
aedd7e00
aede7e00
aedf7e00
aee07e00
aee17e00
aee27e00
aee37e00
aee47e00
aee57e00
aee67e00
aee77e00
aee87e00
aee97e00
aeea7e00
aeeb7e00
aeec7e00
aeed7e00
aeee7e00
aeef7e00
aef07e00
aef17e00
aef27e00
aef37e00
aef47e00
aef57e00
aef67e00
aef77e00
aef87e00
aef97e00
aefa7e00
aefb7e00
aefc7e00
aefd7e00
aefe7e00
aeff7e00
af007e00
af017e00
af027e00
af037e00
af047e00
af057e00
af067e00
af077e00
af087e00
af097e00
af0a7e00
af0b7e00
af0c7e00
af0d7e00
af0e7e00
af0f7e00
af107e00
af117e00
af127e00
af137e00
af147e00
af157e00
af167e00
af177e00
af187e00
af197e00
af1a7e00
af1b7e00
af1c7e00
af1d7e00
af1e7e00
af1f7e00
af207e00
af217e00
af227e00
af237e00
af247e00
af257e00
af267e00
af277e00
af287e00
af297e00
af2a7e00
af2b7e00
af2c7e00
af2d7e00
af2e7e00
af2f7e00
af307e00
af317e00
af327e00
af337e00
af347e00
af357e00
af367e00
af377e00
af387e00
af397e00
af3a7e00
af3b7e00
af3c7e00
af3d7e00
af3e7e00
af3f7e00
af407e00
af417e00
af427e00
af437e00
af447e00
af457e00
af467e00
af477e00
af487e00
af497e00
af4a7e00
af4b7e00
af4c7e00
af4d7e00
af4e7e00
af4f7e00
af507e00
af517e00
af527e00
af537e00
af547e00
af557e00
af567e00
af577e00
af587e00
af597e00
af5a7e00
af5b7e00
af5c7e00
af5d7e00
af5e7e00
af5f7e00
af607e00
af617e00
af627e00
af637e00
af647e00
af657e00
af667e00
af677e00
af687e00
af697e00
af6a7e00
af6b7e00
af6c7e00
af6d7e00
af6e7e00
af6f7e00
af707e00
af717e00
af727e00
af737e00
af747e00
af757e00
af767e00
af777e00
af787e00
af797e00
af7a7e00
af7b7e00
af7c7e00
af7d7e00
af7e7e00
af7f7e00
af807e00
af817e00
af827e00
af837e00
af847e00
af857e00
af867e00
af877e00
af887e00
af897e00
af8a7e00
af8b7e00
af8c7e00
af8d7e00
af8e7e00
af8f7e00
af907e00
af917e00
af927e00
af937e00
af947e00
af957e00
af967e00
af977e00
af987e00
af997e00
af9a7e00
af9b7e00
af9c7e00
af9d7e00
af9e7e00
af9f7e00
afa07e00
afa17e00
afa27e00
afa37e00
afa47e00
afa57e00
afa67e00
afa77e00
afa87e00
afa97e00
afaa7e00
afab7e00
afac7e00
afad7e00
afae7e00
afaf7e00
afb07e00
afb17e00
afb27e00
afb37e00
afb47e00
afb57e00
afb67e00
afb77e00
afb87e00
afb97e00
afba7e00
afbb7e00
afbc7e00
afbd7e00
afbe7e00
afbf7e00
afc07e00
afc17e00
afc27e00
afc37e00
afc47e00
afc57e00
afc67e00
afc77e00
afc87e00
afc97e00
afca7e00
afcb7e00
afcc7e00
afcd7e00
afce7e00
afcf7e00
afd07e00
afd17e00
afd27e00
afd37e00
afd47e00
afd57e00
afd67e00
afd77e00
afd87e00
afd97e00
afda7e00
afdb7e00
afdc7e00
afdd7e00
afde7e00
afdf7e00
afe07e00
afe17e00
afe27e00
afe37e00
afe47e00
afe57e00
afe67e00
afe77e00
afe87e00
afe97e00
afea7e00
afeb7e00
afec7e00
afed7e00
afee7e00
afef7e00
aff07e00
aff17e00
aff27e00
aff37e00
aff47e00
aff57e00
aff67e00
aff77e00
aff87e00
aff97e00
affa7e00
affb7e00
affc7e00
affd7e00
affe7e00
afff7e00
b0007e00
b0017e00
b0027e00
b0037e00
b0047e00
b0057e00
b0067e00
b0077e00
b0087e00
b0097e00
b00a7e00
b00b7e00
b00c7e00
b00d7e00
b00e7e00
b00f7e00
b0107e00
b0117e00
b0127e00
b0137e00
b0147e00
b0157e00
b0167e00
b0177e00
b0187e00
b0197e00
b01a7e00
b01b7e00
b01c7e00
b01d7e00
b01e7e00
b01f7e00
b0207e00
b0217e00
b0227e00
b0237e00
b0247e00
b0257e00
b0267e00
b0277e00
b0287e00
b0297e00
b02a7e00
b02b7e00
b02c7e00
b02d7e00
b02e7e00
b02f7e00
b0307e00
b0317e00
b0327e00
b0337e00
b0347e00
b0357e00
b0367e00
b0377e00
b0387e00
b0397e00
b03a7e00
b03b7e00
b03c7e00
b03d7e00
b03e7e00
b03f7e00
b0407e00
b0417e00
b0427e00
b0437e00
b0447e00
b0457e00
b0467e00
b0477e00
b0487e00
b0497e00
b04a7e00
b04b7e00
b04c7e00
b04d7e00
b04e7e00
b04f7e00
b0507e00
b0517e00
b0527e00
b0537e00
b0547e00
b0557e00
b0567e00
b0577e00
b0587e00
b0597e00
b05a7e00
b05b7e00
b05c7e00
b05d7e00
b05e7e00
b05f7e00
b0607e00
b0617e00
b0627e00
b0637e00
b0647e00
b0657e00
b0667e00
b0677e00
b0687e00
b0697e00
b06a7e00
b06b7e00
b06c7e00
b06d7e00
b06e7e00
b06f7e00
b0707e00
b0717e00
b0727e00
b0737e00
b0747e00
b0757e00
b0767e00
b0777e00
b0787e00
b0797e00
b07a7e00
b07b7e00
b07c7e00
b07d7e00
b07e7e00
b07f7e00
b0807e00
b0817e00
b0827e00
b0837e00
b0847e00
b0857e00
b0867e00
b0877e00
b0887e00
b0897e00
b08a7e00
b08b7e00
b08c7e00
b08d7e00
b08e7e00
b08f7e00
b0907e00
b0917e00
b0927e00
b0937e00
b0947e00
b0957e00
b0967e00
b0977e00
b0987e00
b0997e00
b09a7e00
b09b7e00
b09c7e00
b09d7e00
b09e7e00
b09f7e00
b0a07e00
b0a17e00
b0a27e00
b0a37e00
b0a47e00
b0a57e00
b0a67e00
b0a77e00
b0a87e00
b0a97e00
b0aa7e00
b0ab7e00
b0ac7e00
b0ad7e00
b0ae7e00
b0af7e00
b0b07e00
b0b17e00
b0b27e00
b0b37e00
b0b47e00
b0b57e00
b0b67e00
b0b77e00
b0b87e00
b0b97e00
b0ba7e00
b0bb7e00
b0bc7e00
b0bd7e00
b0be7e00
b0bf7e00
b0c07e00
b0c17e00
b0c27e00
b0c37e00
b0c47e00
b0c57e00
b0c67e00
b0c77e00
b0c87e00
b0c97e00
b0ca7e00
b0cb7e00
b0cc7e00
b0cd7e00
b0ce7e00
b0cf7e00
b0d07e00
b0d17e00
b0d27e00
b0d37e00
b0d47e00
b0d57e00
b0d67e00
b0d77e00
b0d87e00
b0d97e00
b0da7e00
b0db7e00
b0dc7e00
b0dd7e00
b0de7e00
b0df7e00
b0e07e00
b0e17e00
b0e27e00
b0e37e00
b0e47e00
b0e57e00
b0e67e00
b0e77e00
b0e87e00
b0e97e00
b0ea7e00
b0eb7e00
b0ec7e00
b0ed7e00
b0ee7e00
b0ef7e00
b0f07e00
b0f17e00
b0f27e00
b0f37e00
b0f47e00
b0f57e00
b0f67e00
b0f77e00
b0f87e00
b0f97e00
b0fa7e00
b0fb7e00
b0fc7e00
b0fd7e00
b0fe7e00
b0ff7e00
b1007e00
b1017e00
b1027e00
b1037e00
b1047e00
b1057e00
b1067e00
b1077e00
b1087e00
b1097e00
b10a7e00
b10b7e00
b10c7e00
b10d7e00
b10e7e00
b10f7e00
b1107e00
b1117e00
b1127e00
b1137e00
b1147e00
b1157e00
b1167e00
b1177e00
b1187e00
b1197e00
b11a7e00
b11b7e00
b11c7e00
b11d7e00
b11e7e00
b11f7e00
b1207e00
b1217e00
b1227e00
b1237e00
b1247e00
b1257e00
b1267e00
b1277e00
b1287e00
b1297e00
b12a7e00
b12b7e00
b12c7e00
b12d7e00
b12e7e00
b12f7e00
b1307e00
b1317e00
b1327e00
b1337e00
b1347e00
b1357e00
b1367e00
b1377e00
b1387e00
b1397e00
b13a7e00
b13b7e00
b13c7e00
b13d7e00
b13e7e00
b13f7e00
b1407e00
b1417e00
b1427e00
b1437e00
b1447e00
b1457e00
b1467e00
b1477e00
b1487e00
b1497e00
b14a7e00
b14b7e00
b14c7e00
b14d7e00
b14e7e00
b14f7e00
b1507e00
b1517e00
b1527e00
b1537e00
b1547e00
b1557e00
b1567e00
b1577e00
b1587e00
b1597e00
b15a7e00
b15b7e00
b15c7e00
b15d7e00
b15e7e00
b15f7e00
b1607e00
b1617e00
b1627e00
b1637e00
b1647e00
b1657e00
b1667e00
b1677e00
b1687e00
b1697e00
b16a7e00
b16b7e00
b16c7e00
b16d7e00
b16e7e00
b16f7e00
b1707e00
b1717e00
b1727e00
b1737e00
b1747e00
b1757e00
b1767e00
b1777e00
b1787e00
b1797e00
b17a7e00
b17b7e00
b17c7e00
b17d7e00
b17e7e00
b17f7e00
b1807e00
b1817e00
b1827e00
b1837e00
b1847e00
b1857e00
b1867e00
b1877e00
b1887e00
b1897e00
b18a7e00
b18b7e00
b18c7e00
b18d7e00
b18e7e00
b18f7e00
b1907e00
b1917e00
b1927e00
b1937e00
b1947e00
b1957e00
b1967e00
b1977e00
b1987e00
b1997e00
b19a7e00
b19b7e00
b19c7e00
b19d7e00
b19e7e00
b19f7e00
b1a07e00
b1a17e00
b1a27e00
b1a37e00
b1a47e00
b1a57e00
b1a67e00
b1a77e00
b1a87e00
b1a97e00
b1aa7e00
b1ab7e00
b1ac7e00
b1ad7e00
b1ae7e00
b1af7e00
b1b07e00
b1b17e00
b1b27e00
b1b37e00
b1b47e00
b1b57e00
b1b67e00
b1b77e00
b1b87e00
b1b97e00
b1ba7e00
b1bb7e00
b1bc7e00
b1bd7e00
b1be7e00
b1bf7e00
b1c07e00
b1c17e00
b1c27e00
b1c37e00
b1c47e00
b1c57e00
b1c67e00
b1c77e00
b1c87e00
b1c97e00
b1ca7e00
b1cb7e00
b1cc7e00
b1cd7e00
b1ce7e00
b1cf7e00
b1d07e00
b1d17e00
b1d27e00
b1d37e00
b1d47e00
b1d57e00
b1d67e00
b1d77e00
b1d87e00
b1d97e00
b1da7e00
b1db7e00
b1dc7e00
b1dd7e00
b1de7e00
b1df7e00
b1e07e00
b1e17e00
b1e27e00
b1e37e00
b1e47e00
b1e57e00
b1e67e00
b1e77e00
b1e87e00
b1e97e00
b1ea7e00
b1eb7e00
b1ec7e00
b1ed7e00
b1ee7e00
b1ef7e00
b1f07e00
b1f17e00
b1f27e00
b1f37e00
b1f47e00
b1f57e00
b1f67e00
b1f77e00
b1f87e00
b1f97e00
b1fa7e00
b1fb7e00
b1fc7e00
b1fd7e00
b1fe7e00
b1ff7e00
b2007e00
b2017e00
b2027e00
b2037e00
b2047e00
b2057e00
b2067e00
b2077e00
b2087e00
b2097e00
b20a7e00
b20b7e00
b20c7e00
b20d7e00
b20e7e00
b20f7e00
b2107e00
b2117e00
b2127e00
b2137e00
b2147e00
b2157e00
b2167e00
b2177e00
b2187e00
b2197e00
b21a7e00
b21b7e00
b21c7e00
b21d7e00
b21e7e00
b21f7e00
b2207e00
b2217e00
b2227e00
b2237e00
b2247e00
b2257e00
b2267e00
b2277e00
b2287e00
b2297e00
b22a7e00
b22b7e00
b22c7e00
b22d7e00
b22e7e00
b22f7e00
b2307e00
b2317e00
b2327e00
b2337e00
b2347e00
b2357e00
b2367e00
b2377e00
b2387e00
b2397e00
b23a7e00
b23b7e00
b23c7e00
b23d7e00
b23e7e00
b23f7e00
b2407e00
b2417e00
b2427e00
b2437e00
b2447e00
b2457e00
b2467e00
b2477e00
b2487e00
b2497e00
b24a7e00
b24b7e00
b24c7e00
b24d7e00
b24e7e00
b24f7e00
b2507e00
b2517e00
b2527e00
b2537e00
b2547e00
b2557e00
b2567e00
b2577e00
b2587e00
b2597e00
b25a7e00
b25b7e00
b25c7e00
b25d7e00
b25e7e00
b25f7e00
b2607e00
b2617e00
b2627e00
b2637e00
b2647e00
b2657e00
b2667e00
b2677e00
b2687e00
b2697e00
b26a7e00
b26b7e00
b26c7e00
b26d7e00
b26e7e00
b26f7e00
b2707e00
b2717e00
b2727e00
b2737e00
b2747e00
b2757e00
b2767e00
b2777e00
b2787e00
b2797e00
b27a7e00
b27b7e00
b27c7e00
b27d7e00
b27e7e00
b27f7e00
b2807e00
b2817e00
b2827e00
b2837e00
b2847e00
b2857e00
b2867e00
b2877e00
b2887e00
b2897e00
b28a7e00
b28b7e00
b28c7e00
b28d7e00
b28e7e00
b28f7e00
b2907e00
b2917e00
b2927e00
b2937e00
b2947e00
b2957e00
b2967e00
b2977e00
b2987e00
b2997e00
b29a7e00
b29b7e00
b29c7e00
b29d7e00
b29e7e00
b29f7e00
b2a07e00
b2a17e00
b2a27e00
b2a37e00
b2a47e00
b2a57e00
b2a67e00
b2a77e00
b2a87e00
b2a97e00
b2aa7e00
b2ab7e00
b2ac7e00
b2ad7e00
b2ae7e00
b2af7e00
b2b07e00
b2b17e00
b2b27e00
b2b37e00
b2b47e00
b2b57e00
b2b67e00
b2b77e00
b2b87e00
b2b97e00
b2ba7e00
b2bb7e00
b2bc7e00
b2bd7e00
b2be7e00
b2bf7e00
b2c07e00
b2c17e00
b2c27e00
b2c37e00
b2c47e00
b2c57e00
b2c67e00
b2c77e00
b2c87e00
b2c97e00
b2ca7e00
b2cb7e00
b2cc7e00
b2cd7e00
b2ce7e00
b2cf7e00
b2d07e00
b2d17e00
b2d27e00
b2d37e00
b2d47e00
b2d57e00
b2d67e00
b2d77e00
b2d87e00
b2d97e00
b2da7e00
b2db7e00
b2dc7e00
b2dd7e00
b2de7e00
b2df7e00
b2e07e00
b2e17e00
b2e27e00
b2e37e00
b2e47e00
b2e57e00
b2e67e00
b2e77e00
b2e87e00
b2e97e00
b2ea7e00
b2eb7e00
b2ec7e00
b2ed7e00
b2ee7e00
b2ef7e00
b2f07e00
b2f17e00
b2f27e00
b2f37e00
b2f47e00
b2f57e00
b2f67e00
b2f77e00
b2f87e00
b2f97e00
b2fa7e00
b2fb7e00
b2fc7e00
b2fd7e00
b2fe7e00
b2ff7e00
b3007e00
b3017e00
b3027e00
b3037e00
b3047e00
b3057e00
b3067e00
b3077e00
b3087e00
b3097e00
b30a7e00
b30b7e00
b30c7e00
b30d7e00
b30e7e00
b30f7e00
b3107e00
b3117e00
b3127e00
b3137e00
b3147e00
b3157e00
b3167e00
b3177e00
b3187e00
b3197e00
b31a7e00
b31b7e00
b31c7e00
b31d7e00
b31e7e00
b31f7e00
b3207e00
b3217e00
b3227e00
b3237e00
b3247e00
b3257e00
b3267e00
b3277e00
b3287e00
b3297e00
b32a7e00
b32b7e00
b32c7e00
b32d7e00
b32e7e00
b32f7e00
b3307e00
b3317e00
b3327e00
b3337e00
b3347e00
b3357e00
b3367e00
b3377e00
b3387e00
b3397e00
b33a7e00
b33b7e00
b33c7e00
b33d7e00
b33e7e00
b33f7e00
b3407e00
b3417e00
b3427e00
b3437e00
b3447e00
b3457e00
b3467e00
b3477e00
b3487e00
b3497e00
b34a7e00
b34b7e00
b34c7e00
b34d7e00
b34e7e00
b34f7e00
b3507e00
b3517e00
b3527e00
b3537e00
b3547e00
b3557e00
b3567e00
b3577e00
b3587e00
b3597e00
b35a7e00
b35b7e00
b35c7e00
b35d7e00
b35e7e00
b35f7e00
b3607e00
b3617e00
b3627e00
b3637e00
b3647e00
b3657e00
b3667e00
b3677e00
b3687e00
b3697e00
b36a7e00
b36b7e00
b36c7e00
b36d7e00
b36e7e00
b36f7e00
b3707e00
b3717e00
b3727e00
b3737e00
b3747e00
b3757e00
b3767e00
b3777e00
b3787e00
b3797e00
b37a7e00
b37b7e00
b37c7e00
b37d7e00
b37e7e00
b37f7e00
b3807e00
b3817e00
b3827e00
b3837e00
b3847e00
b3857e00
b3867e00
b3877e00
b3887e00
b3897e00
b38a7e00
b38b7e00
b38c7e00
b38d7e00
b38e7e00
b38f7e00
b3907e00
b3917e00
b3927e00
b3937e00
b3947e00
b3957e00
b3967e00
b3977e00
b3987e00
b3997e00
b39a7e00
b39b7e00
b39c7e00
b39d7e00
b39e7e00
b39f7e00
b3a07e00
b3a17e00
b3a27e00
b3a37e00
b3a47e00
b3a57e00
b3a67e00
b3a77e00
b3a87e00
b3a97e00
b3aa7e00
b3ab7e00
b3ac7e00
b3ad7e00
b3ae7e00
b3af7e00
b3b07e00
b3b17e00
b3b27e00
b3b37e00
b3b47e00
b3b57e00
b3b67e00
b3b77e00
b3b87e00
b3b97e00
b3ba7e00
b3bb7e00
b3bc7e00
b3bd7e00
b3be7e00
b3bf7e00
b3c07e00
b3c17e00
b3c27e00
b3c37e00
b3c47e00
b3c57e00
b3c67e00
b3c77e00
b3c87e00
b3c97e00
b3ca7e00
b3cb7e00
b3cc7e00
b3cd7e00
b3ce7e00
b3cf7e00
b3d07e00
b3d17e00
b3d27e00
b3d37e00
b3d47e00
b3d57e00
b3d67e00
b3d77e00
b3d87e00
b3d97e00
b3da7e00
b3db7e00
b3dc7e00
b3dd7e00
b3de7e00
b3df7e00
b3e07e00
b3e17e00
b3e27e00
b3e37e00
b3e47e00
b3e57e00
b3e67e00
b3e77e00
b3e87e00
b3e97e00
b3ea7e00
b3eb7e00
b3ec7e00
b3ed7e00
b3ee7e00
b3ef7e00
b3f07e00
b3f17e00
b3f27e00
b3f37e00
b3f47e00
b3f57e00
b3f67e00
b3f77e00
b3f87e00
b3f97e00
b3fa7e00
b3fb7e00
b3fc7e00
b3fd7e00
b3fe7e00
b3ff7e00
b4007e00
b4017e00
b4027e00
b4037e00
b4047e00
b4057e00
b4067e00
b4077e00
b4087e00
b4097e00
b40a7e00
b40b7e00
b40c7e00
b40d7e00
b40e7e00
b40f7e00
b4107e00
b4117e00
b4127e00
b4137e00
b4147e00
b4157e00
b4167e00
b4177e00
b4187e00
b4197e00
b41a7e00
b41b7e00
b41c7e00
b41d7e00
b41e7e00
b41f7e00
b4207e00
b4217e00
b4227e00
b4237e00
b4247e00
b4257e00
b4267e00
b4277e00
b4287e00
b4297e00
b42a7e00
b42b7e00
b42c7e00
b42d7e00
b42e7e00
b42f7e00
b4307e00
b4317e00
b4327e00
b4337e00
b4347e00
b4357e00
b4367e00
b4377e00
b4387e00
b4397e00
b43a7e00
b43b7e00
b43c7e00
b43d7e00
b43e7e00
b43f7e00
b4407e00
b4417e00
b4427e00
b4437e00
b4447e00
b4457e00
b4467e00
b4477e00
b4487e00
b4497e00
b44a7e00
b44b7e00
b44c7e00
b44d7e00
b44e7e00
b44f7e00
b4507e00
b4517e00
b4527e00
b4537e00
b4547e00
b4557e00
b4567e00
b4577e00
b4587e00
b4597e00
b45a7e00
b45b7e00
b45c7e00
b45d7e00
b45e7e00
b45f7e00
b4607e00
b4617e00
b4627e00
b4637e00
b4647e00
b4657e00
b4667e00
b4677e00
b4687e00
b4697e00
b46a7e00
b46b7e00
b46c7e00
b46d7e00
b46e7e00
b46f7e00
b4707e00
b4717e00
b4727e00
b4737e00
b4747e00
b4757e00
b4767e00
b4777e00
b4787e00
b4797e00
b47a7e00
b47b7e00
b47c7e00
b47d7e00
b47e7e00
b47f7e00
b4807e00
b4817e00
b4827e00
b4837e00
b4847e00
b4857e00
b4867e00
b4877e00
b4887e00
b4897e00
b48a7e00
b48b7e00
b48c7e00
b48d7e00
b48e7e00
b48f7e00
b4907e00
b4917e00
b4927e00
b4937e00
b4947e00
b4957e00
b4967e00
b4977e00
b4987e00
b4997e00
b49a7e00
b49b7e00
b49c7e00
b49d7e00
b49e7e00
b49f7e00
b4a07e00
b4a17e00
b4a27e00
b4a37e00
b4a47e00
b4a57e00
b4a67e00
b4a77e00
b4a87e00
b4a97e00
b4aa7e00
b4ab7e00
b4ac7e00
b4ad7e00
b4ae7e00
b4af7e00
b4b07e00
b4b17e00
b4b27e00
b4b37e00
b4b47e00
b4b57e00
b4b67e00
b4b77e00
b4b87e00
b4b97e00
b4ba7e00
b4bb7e00
b4bc7e00
b4bd7e00
b4be7e00
b4bf7e00
b4c07e00
b4c17e00
b4c27e00
b4c37e00
b4c47e00
b4c57e00
b4c67e00
b4c77e00
b4c87e00
b4c97e00
b4ca7e00
b4cb7e00
b4cc7e00
b4cd7e00
b4ce7e00
b4cf7e00
b4d07e00
b4d17e00
b4d27e00
b4d37e00
b4d47e00
b4d57e00
b4d67e00
b4d77e00
b4d87e00
b4d97e00
b4da7e00
b4db7e00
b4dc7e00
b4dd7e00
b4de7e00
b4df7e00
b4e07e00
b4e17e00
b4e27e00
b4e37e00
b4e47e00
b4e57e00
b4e67e00
b4e77e00
b4e87e00
b4e97e00
b4ea7e00
b4eb7e00
b4ec7e00
b4ed7e00
b4ee7e00
b4ef7e00
b4f07e00
b4f17e00
b4f27e00
b4f37e00
b4f47e00
b4f57e00
b4f67e00
b4f77e00
b4f87e00
b4f97e00
b4fa7e00
b4fb7e00
b4fc7e00
b4fd7e00
b4fe7e00
b4ff7e00
b5007e00
b5017e00
b5027e00
b5037e00
b5047e00
b5057e00
b5067e00
b5077e00
b5087e00
b5097e00
b50a7e00
b50b7e00
b50c7e00
b50d7e00
b50e7e00
b50f7e00
b5107e00
b5117e00
b5127e00
b5137e00
b5147e00
b5157e00
b5167e00
b5177e00
b5187e00
b5197e00
b51a7e00
b51b7e00
b51c7e00
b51d7e00
b51e7e00
b51f7e00
b5207e00
b5217e00
b5227e00
b5237e00
b5247e00
b5257e00
b5267e00
b5277e00
b5287e00
b5297e00
b52a7e00
b52b7e00
b52c7e00
b52d7e00
b52e7e00
b52f7e00
b5307e00
b5317e00
b5327e00
b5337e00
b5347e00
b5357e00
b5367e00
b5377e00
b5387e00
b5397e00
b53a7e00
b53b7e00
b53c7e00
b53d7e00
b53e7e00
b53f7e00
b5407e00
b5417e00
b5427e00
b5437e00
b5447e00
b5457e00
b5467e00
b5477e00
b5487e00
b5497e00
b54a7e00
b54b7e00
b54c7e00
b54d7e00
b54e7e00
b54f7e00
b5507e00
b5517e00
b5527e00
b5537e00
b5547e00
b5557e00
b5567e00
b5577e00
b5587e00
b5597e00
b55a7e00
b55b7e00
b55c7e00
b55d7e00
b55e7e00
b55f7e00
b5607e00
b5617e00
b5627e00
b5637e00
b5647e00
b5657e00
b5667e00
b5677e00
b5687e00
b5697e00
b56a7e00
b56b7e00
b56c7e00
b56d7e00
b56e7e00
b56f7e00
b5707e00
b5717e00
b5727e00
b5737e00
b5747e00
b5757e00
b5767e00
b5777e00
b5787e00
b5797e00
b57a7e00
b57b7e00
b57c7e00
b57d7e00
b57e7e00
b57f7e00
b5807e00
b5817e00
b5827e00
b5837e00
b5847e00
b5857e00
b5867e00
b5877e00
b5887e00
b5897e00
b58a7e00
b58b7e00
b58c7e00
b58d7e00
b58e7e00
b58f7e00
b5907e00
b5917e00
b5927e00
b5937e00
b5947e00
b5957e00
b5967e00
b5977e00
b5987e00
b5997e00
b59a7e00
b59b7e00
b59c7e00
b59d7e00
b59e7e00
b59f7e00
b5a07e00
b5a17e00
b5a27e00
b5a37e00
b5a47e00
b5a57e00
b5a67e00
b5a77e00
b5a87e00
b5a97e00
b5aa7e00
b5ab7e00
b5ac7e00
b5ad7e00
b5ae7e00
b5af7e00
b5b07e00
b5b17e00
b5b27e00
b5b37e00
b5b47e00
b5b57e00
b5b67e00
b5b77e00
b5b87e00
b5b97e00
b5ba7e00
b5bb7e00
b5bc7e00
b5bd7e00
b5be7e00
b5bf7e00
b5c07e00
b5c17e00
b5c27e00
b5c37e00
b5c47e00
b5c57e00
b5c67e00
b5c77e00
b5c87e00
b5c97e00
b5ca7e00
b5cb7e00
b5cc7e00
b5cd7e00
b5ce7e00
b5cf7e00
b5d07e00
b5d17e00
b5d27e00
b5d37e00
b5d47e00
b5d57e00
b5d67e00
b5d77e00
b5d87e00
b5d97e00
b5da7e00
b5db7e00
b5dc7e00
b5dd7e00
b5de7e00
b5df7e00
b5e07e00
b5e17e00
b5e27e00
b5e37e00
b5e47e00
b5e57e00
b5e67e00
b5e77e00
b5e87e00
b5e97e00
b5ea7e00
b5eb7e00
b5ec7e00
b5ed7e00
b5ee7e00
b5ef7e00
b5f07e00
b5f17e00
b5f27e00
b5f37e00
b5f47e00
b5f57e00
b5f67e00
b5f77e00
b5f87e00
b5f97e00
b5fa7e00
b5fb7e00
b5fc7e00
b5fd7e00
b5fe7e00
b5ff7e00
b6007e00
b6017e00
b6027e00
b6037e00
b6047e00
b6057e00
b6067e00
b6077e00
b6087e00
b6097e00
b60a7e00
b60b7e00
b60c7e00
b60d7e00
b60e7e00
b60f7e00
b6107e00
b6117e00
b6127e00
b6137e00
b6147e00
b6157e00
b6167e00
b6177e00
b6187e00
b6197e00
b61a7e00
b61b7e00
b61c7e00
b61d7e00
b61e7e00
b61f7e00
b6207e00
b6217e00
b6227e00
b6237e00
b6247e00
b6257e00
b6267e00
b6277e00
b6287e00
b6297e00
b62a7e00
b62b7e00
b62c7e00
b62d7e00
b62e7e00
b62f7e00
b6307e00
b6317e00
b6327e00
b6337e00
b6347e00
b6357e00
b6367e00
b6377e00
b6387e00
b6397e00
b63a7e00
b63b7e00
b63c7e00
b63d7e00
b63e7e00
b63f7e00
b6407e00
b6417e00
b6427e00
b6437e00
b6447e00
b6457e00
b6467e00
b6477e00
b6487e00
b6497e00
b64a7e00
b64b7e00
b64c7e00
b64d7e00
b64e7e00
b64f7e00
b6507e00
b6517e00
b6527e00
b6537e00
b6547e00
b6557e00
b6567e00
b6577e00
b6587e00
b6597e00
b65a7e00
b65b7e00
b65c7e00
b65d7e00
b65e7e00
b65f7e00
b6607e00
b6617e00
b6627e00
b6637e00
b6647e00
b6657e00
b6667e00
b6677e00
b6687e00
b6697e00
b66a7e00
b66b7e00
b66c7e00
b66d7e00
b66e7e00
b66f7e00
b6707e00
b6717e00
b6727e00
b6737e00
b6747e00
b6757e00
b6767e00
b6777e00
b6787e00
b6797e00
b67a7e00
b67b7e00
b67c7e00
b67d7e00
b67e7e00
b67f7e00
b6807e00
b6817e00
b6827e00
b6837e00
b6847e00
b6857e00
b6867e00
b6877e00
b6887e00
b6897e00
b68a7e00
b68b7e00
b68c7e00
b68d7e00
b68e7e00
b68f7e00
b6907e00
b6917e00
b6927e00
b6937e00
b6947e00
b6957e00
b6967e00
b6977e00
b6987e00
b6997e00
b69a7e00
b69b7e00
b69c7e00
b69d7e00
b69e7e00
b69f7e00
b6a07e00
b6a17e00
b6a27e00
b6a37e00
b6a47e00
b6a57e00
b6a67e00
b6a77e00
b6a87e00
b6a97e00
b6aa7e00
b6ab7e00
b6ac7e00
b6ad7e00
b6ae7e00
b6af7e00
b6b07e00
b6b17e00
b6b27e00
b6b37e00
b6b47e00
b6b57e00
b6b67e00
b6b77e00
b6b87e00
b6b97e00
b6ba7e00
b6bb7e00
b6bc7e00
b6bd7e00
b6be7e00
b6bf7e00
b6c07e00
b6c17e00
b6c27e00
b6c37e00
b6c47e00
b6c57e00
b6c67e00
b6c77e00
b6c87e00
b6c97e00
b6ca7e00
b6cb7e00
b6cc7e00
b6cd7e00
b6ce7e00
b6cf7e00
b6d07e00
b6d17e00
b6d27e00
b6d37e00
b6d47e00
b6d57e00
b6d67e00
b6d77e00
b6d87e00
b6d97e00
b6da7e00
b6db7e00
b6dc7e00
b6dd7e00
b6de7e00
b6df7e00
b6e07e00
b6e17e00
b6e27e00
b6e37e00
b6e47e00
b6e57e00
b6e67e00
b6e77e00
b6e87e00
b6e97e00
b6ea7e00
b6eb7e00
b6ec7e00
b6ed7e00
b6ee7e00
b6ef7e00
b6f07e00
b6f17e00
b6f27e00
b6f37e00
b6f47e00
b6f57e00
b6f67e00
b6f77e00
b6f87e00
b6f97e00
b6fa7e00
b6fb7e00
b6fc7e00
b6fd7e00
b6fe7e00
b6ff7e00
b7007e00
b7017e00
b7027e00
b7037e00
b7047e00
b7057e00
b7067e00
b7077e00
b7087e00
b7097e00
b70a7e00
b70b7e00
b70c7e00
b70d7e00
b70e7e00
b70f7e00
b7107e00
b7117e00
b7127e00
b7137e00
b7147e00
b7157e00
b7167e00
b7177e00
b7187e00
b7197e00
b71a7e00
b71b7e00
b71c7e00
b71d7e00
b71e7e00
b71f7e00
b7207e00
b7217e00
b7227e00
b7237e00
b7247e00
b7257e00
b7267e00
b7277e00
b7287e00
b7297e00
b72a7e00
b72b7e00
b72c7e00
b72d7e00
b72e7e00
b72f7e00
b7307e00
b7317e00
b7327e00
b7337e00
b7347e00
b7357e00
b7367e00
b7377e00
b7387e00
b7397e00
b73a7e00
b73b7e00
b73c7e00
b73d7e00
b73e7e00
b73f7e00
b7407e00
b7417e00
b7427e00
b7437e00
b7447e00
b7457e00
b7467e00
b7477e00
b7487e00
b7497e00
b74a7e00
b74b7e00
b74c7e00
b74d7e00
b74e7e00
b74f7e00
b7507e00
b7517e00
b7527e00
b7537e00
b7547e00
b7557e00
b7567e00
b7577e00
b7587e00
b7597e00
b75a7e00
b75b7e00
b75c7e00
b75d7e00
b75e7e00
b75f7e00
b7607e00
b7617e00
b7627e00
b7637e00
b7647e00
b7657e00
b7667e00
b7677e00
b7687e00
b7697e00
b76a7e00
b76b7e00
b76c7e00
b76d7e00
b76e7e00
b76f7e00
b7707e00
b7717e00
b7727e00
b7737e00
b7747e00
b7757e00
b7767e00
b7777e00
b7787e00
b7797e00
b77a7e00
b77b7e00
b77c7e00
b77d7e00
b77e7e00
b77f7e00
b7807e00
b7817e00
b7827e00
b7837e00
b7847e00
b7857e00
b7867e00
b7877e00
b7887e00
b7897e00
b78a7e00
b78b7e00
b78c7e00
b78d7e00
b78e7e00
b78f7e00
b7907e00
b7917e00
b7927e00
b7937e00
b7947e00
b7957e00
b7967e00
b7977e00
b7987e00
b7997e00
b79a7e00
b79b7e00
b79c7e00
b79d7e00
b79e7e00
b79f7e00
b7a07e00
b7a17e00
b7a27e00
b7a37e00
b7a47e00
b7a57e00
b7a67e00
b7a77e00
b7a87e00
b7a97e00
b7aa7e00
b7ab7e00
b7ac7e00
b7ad7e00
b7ae7e00
b7af7e00
b7b07e00
b7b17e00
b7b27e00
b7b37e00
b7b47e00
b7b57e00
b7b67e00
b7b77e00
b7b87e00
b7b97e00
b7ba7e00
b7bb7e00
b7bc7e00
b7bd7e00
b7be7e00
b7bf7e00
b7c07e00
b7c17e00
b7c27e00
b7c37e00
b7c47e00
b7c57e00
b7c67e00
b7c77e00
b7c87e00
b7c97e00
b7ca7e00
b7cb7e00
b7cc7e00
b7cd7e00
b7ce7e00
b7cf7e00
b7d07e00
b7d17e00
b7d27e00
b7d37e00
b7d47e00
b7d57e00
b7d67e00
b7d77e00
b7d87e00
b7d97e00
b7da7e00
b7db7e00
b7dc7e00
b7dd7e00
b7de7e00
b7df7e00
b7e07e00
b7e17e00
b7e27e00
b7e37e00
b7e47e00
b7e57e00
b7e67e00
b7e77e00
b7e87e00
b7e97e00
b7ea7e00
b7eb7e00
b7ec7e00
b7ed7e00
b7ee7e00
b7ef7e00
b7f07e00
b7f17e00
b7f27e00
b7f37e00
b7f47e00
b7f57e00
b7f67e00
b7f77e00
b7f87e00
b7f97e00
b7fa7e00
b7fb7e00
b7fc7e00
b7fd7e00
b7fe7e00
b7ff7e00
b8007e00
b8017e00
b8027e00
b8037e00
b8047e00
b8057e00
b8067e00
b8077e00
b8087e00
b8097e00
b80a7e00
b80b7e00
b80c7e00
b80d7e00
b80e7e00
b80f7e00
b8107e00
b8117e00
b8127e00
b8137e00
b8147e00
b8157e00
b8167e00
b8177e00
b8187e00
b8197e00
b81a7e00
b81b7e00
b81c7e00
b81d7e00
b81e7e00
b81f7e00
b8207e00
b8217e00
b8227e00
b8237e00
b8247e00
b8257e00
b8267e00
b8277e00
b8287e00
b8297e00
b82a7e00
b82b7e00
b82c7e00
b82d7e00
b82e7e00
b82f7e00
b8307e00
b8317e00
b8327e00
b8337e00
b8347e00
b8357e00
b8367e00
b8377e00
b8387e00
b8397e00
b83a7e00
b83b7e00
b83c7e00
b83d7e00
b83e7e00
b83f7e00
b8407e00
b8417e00
b8427e00
b8437e00
b8447e00
b8457e00
b8467e00
b8477e00
b8487e00
b8497e00
b84a7e00
b84b7e00
b84c7e00
b84d7e00
b84e7e00
b84f7e00
b8507e00
b8517e00
b8527e00
b8537e00
b8547e00
b8557e00
b8567e00
b8577e00
b8587e00
b8597e00
b85a7e00
b85b7e00
b85c7e00
b85d7e00
b85e7e00
b85f7e00
b8607e00
b8617e00
b8627e00
b8637e00
b8647e00
b8657e00
b8667e00
b8677e00
b8687e00
b8697e00
b86a7e00
b86b7e00
b86c7e00
b86d7e00
b86e7e00
b86f7e00
b8707e00
b8717e00
b8727e00
b8737e00
b8747e00
b8757e00
b8767e00
b8777e00
b8787e00
b8797e00
b87a7e00
b87b7e00
b87c7e00
b87d7e00
b87e7e00
b87f7e00
b8807e00
b8817e00
b8827e00
b8837e00
b8847e00
b8857e00
b8867e00
b8877e00
b8887e00
b8897e00
b88a7e00
b88b7e00
b88c7e00
b88d7e00
b88e7e00
b88f7e00
b8907e00
b8917e00
b8927e00
b8937e00
b8947e00
b8957e00
b8967e00
b8977e00
b8987e00
b8997e00
b89a7e00
b89b7e00
b89c7e00
b89d7e00
b89e7e00
b89f7e00
b8a07e00
b8a17e00
b8a27e00
b8a37e00
b8a47e00
b8a57e00
b8a67e00
b8a77e00
b8a87e00
b8a97e00
b8aa7e00
b8ab7e00
b8ac7e00
b8ad7e00
b8ae7e00
b8af7e00
b8b07e00
b8b17e00
b8b27e00
b8b37e00
b8b47e00
b8b57e00
b8b67e00
b8b77e00
b8b87e00
b8b97e00
b8ba7e00
b8bb7e00
b8bc7e00
b8bd7e00
b8be7e00
b8bf7e00
b8c07e00
b8c17e00
b8c27e00
b8c37e00
b8c47e00
b8c57e00
b8c67e00
b8c77e00
b8c87e00
b8c97e00
b8ca7e00
b8cb7e00
b8cc7e00
b8cd7e00
b8ce7e00
b8cf7e00
b8d07e00
b8d17e00
b8d27e00
b8d37e00
b8d47e00
b8d57e00
b8d67e00
b8d77e00
b8d87e00
b8d97e00
b8da7e00
b8db7e00
b8dc7e00
b8dd7e00
b8de7e00
b8df7e00
b8e07e00
b8e17e00
b8e27e00
b8e37e00
b8e47e00
b8e57e00
b8e67e00
b8e77e00
b8e87e00
b8e97e00
b8ea7e00
b8eb7e00
b8ec7e00
b8ed7e00
b8ee7e00
b8ef7e00
b8f07e00
b8f17e00
b8f27e00
b8f37e00
b8f47e00
b8f57e00
b8f67e00
b8f77e00
b8f87e00
b8f97e00
b8fa7e00
b8fb7e00
b8fc7e00
b8fd7e00
b8fe7e00
b8ff7e00
b9007e00
b9017e00
b9027e00
b9037e00
b9047e00
b9057e00
b9067e00
b9077e00
b9087e00
b9097e00
b90a7e00
b90b7e00
b90c7e00
b90d7e00
b90e7e00
b90f7e00
b9107e00
b9117e00
b9127e00
b9137e00
b9147e00
b9157e00
b9167e00
b9177e00
b9187e00
b9197e00
b91a7e00
b91b7e00
b91c7e00
b91d7e00
b91e7e00
b91f7e00
b9207e00
b9217e00
b9227e00
b9237e00
b9247e00
b9257e00
b9267e00
b9277e00
b9287e00
b9297e00
b92a7e00
b92b7e00
b92c7e00
b92d7e00
b92e7e00
b92f7e00
b9307e00
b9317e00
b9327e00
b9337e00
b9347e00
b9357e00
b9367e00
b9377e00
b9387e00
b9397e00
b93a7e00
b93b7e00
b93c7e00
b93d7e00
b93e7e00
b93f7e00
b9407e00
b9417e00
b9427e00
b9437e00
b9447e00
b9457e00
b9467e00
b9477e00
b9487e00
b9497e00
b94a7e00
b94b7e00
b94c7e00
b94d7e00
b94e7e00
b94f7e00
b9507e00
b9517e00
b9527e00
b9537e00
b9547e00
b9557e00
b9567e00
b9577e00
b9587e00
b9597e00
b95a7e00
b95b7e00
b95c7e00
b95d7e00
b95e7e00
b95f7e00
b9607e00
b9617e00
b9627e00
b9637e00
b9647e00
b9657e00
b9667e00
b9677e00
b9687e00
b9697e00
b96a7e00
b96b7e00
b96c7e00
b96d7e00
b96e7e00
b96f7e00
b9707e00
b9717e00
b9727e00
b9737e00
b9747e00
b9757e00
b9767e00
b9777e00
b9787e00
b9797e00
b97a7e00
b97b7e00
b97c7e00
b97d7e00
b97e7e00
b97f7e00
b9807e00
b9817e00
b9827e00
b9837e00
b9847e00
b9857e00
b9867e00
b9877e00
b9887e00
b9897e00
b98a7e00
b98b7e00
b98c7e00
b98d7e00
b98e7e00
b98f7e00
b9907e00
b9917e00
b9927e00
b9937e00
b9947e00
b9957e00
b9967e00
b9977e00
b9987e00
b9997e00
b99a7e00
b99b7e00
b99c7e00
b99d7e00
b99e7e00
b99f7e00
b9a07e00
b9a17e00
b9a27e00
b9a37e00
b9a47e00
b9a57e00
b9a67e00
b9a77e00
b9a87e00
b9a97e00
b9aa7e00
b9ab7e00
b9ac7e00
b9ad7e00
b9ae7e00
b9af7e00
b9b07e00
b9b17e00
b9b27e00
b9b37e00
b9b47e00
b9b57e00
b9b67e00
b9b77e00
b9b87e00
b9b97e00
b9ba7e00
b9bb7e00
b9bc7e00
b9bd7e00
b9be7e00
b9bf7e00
b9c07e00
b9c17e00
b9c27e00
b9c37e00
b9c47e00
b9c57e00
b9c67e00
b9c77e00
b9c87e00
b9c97e00
b9ca7e00
b9cb7e00
b9cc7e00
b9cd7e00
b9ce7e00
b9cf7e00
b9d07e00
b9d17e00
b9d27e00
b9d37e00
b9d47e00
b9d57e00
b9d67e00
b9d77e00
b9d87e00
b9d97e00
b9da7e00
b9db7e00
b9dc7e00
b9dd7e00
b9de7e00
b9df7e00
b9e07e00
b9e17e00
b9e27e00
b9e37e00
b9e47e00
b9e57e00
b9e67e00
b9e77e00
b9e87e00
b9e97e00
b9ea7e00
b9eb7e00
b9ec7e00
b9ed7e00
b9ee7e00
b9ef7e00
b9f07e00
b9f17e00
b9f27e00
b9f37e00
b9f47e00
b9f57e00
b9f67e00
b9f77e00
b9f87e00
b9f97e00
b9fa7e00
b9fb7e00
b9fc7e00
b9fd7e00
b9fe7e00
b9ff7e00
ba007e00
ba017e00
ba027e00
ba037e00
ba047e00
ba057e00
ba067e00
ba077e00
ba087e00
ba097e00
ba0a7e00
ba0b7e00
ba0c7e00
ba0d7e00
ba0e7e00
ba0f7e00
ba107e00
ba117e00
ba127e00
ba137e00
ba147e00
ba157e00
ba167e00
ba177e00
ba187e00
ba197e00
ba1a7e00
ba1b7e00
ba1c7e00
ba1d7e00
ba1e7e00
ba1f7e00
ba207e00
ba217e00
ba227e00
ba237e00
ba247e00
ba257e00
ba267e00
ba277e00
ba287e00
ba297e00
ba2a7e00
ba2b7e00
ba2c7e00
ba2d7e00
ba2e7e00
ba2f7e00
ba307e00
ba317e00
ba327e00
ba337e00
ba347e00
ba357e00
ba367e00
ba377e00
ba387e00
ba397e00
ba3a7e00
ba3b7e00
ba3c7e00
ba3d7e00
ba3e7e00
ba3f7e00
ba407e00
ba417e00
ba427e00
ba437e00
ba447e00
ba457e00
ba467e00
ba477e00
ba487e00
ba497e00
ba4a7e00
ba4b7e00
ba4c7e00
ba4d7e00
ba4e7e00
ba4f7e00
ba507e00
ba517e00
ba527e00
ba537e00
ba547e00
ba557e00
ba567e00
ba577e00
ba587e00
ba597e00
ba5a7e00
ba5b7e00
ba5c7e00
ba5d7e00
ba5e7e00
ba5f7e00
ba607e00
ba617e00
ba627e00
ba637e00
ba647e00
ba657e00
ba667e00
ba677e00
ba687e00
ba697e00
ba6a7e00
ba6b7e00
ba6c7e00
ba6d7e00
ba6e7e00
ba6f7e00
ba707e00
ba717e00
ba727e00
ba737e00
ba747e00
ba757e00
ba767e00
ba777e00
ba787e00
ba797e00
ba7a7e00
ba7b7e00
ba7c7e00
ba7d7e00
ba7e7e00
ba7f7e00
ba807e00
ba817e00
ba827e00
ba837e00
ba847e00
ba857e00
ba867e00
ba877e00
ba887e00
ba897e00
ba8a7e00
ba8b7e00
ba8c7e00
ba8d7e00
ba8e7e00
ba8f7e00
ba907e00
ba917e00
ba927e00
ba937e00
ba947e00
ba957e00
ba967e00
ba977e00
ba987e00
ba997e00
ba9a7e00
ba9b7e00
ba9c7e00
ba9d7e00
ba9e7e00
ba9f7e00
baa07e00
baa17e00
baa27e00
baa37e00
baa47e00
baa57e00
baa67e00
baa77e00
baa87e00
baa97e00
baaa7e00
baab7e00
baac7e00
baad7e00
baae7e00
baaf7e00
bab07e00
bab17e00
bab27e00
bab37e00
bab47e00
bab57e00
bab67e00
bab77e00
bab87e00
bab97e00
baba7e00
babb7e00
babc7e00
babd7e00
babe7e00
babf7e00
bac07e00
bac17e00
bac27e00
bac37e00
bac47e00
bac57e00
bac67e00
bac77e00
bac87e00
bac97e00
baca7e00
bacb7e00
bacc7e00
bacd7e00
bace7e00
bacf7e00
bad07e00
bad17e00
bad27e00
bad37e00
bad47e00
bad57e00
bad67e00
bad77e00
bad87e00
bad97e00
bada7e00
badb7e00
badc7e00
badd7e00
bade7e00
badf7e00
bae07e00
bae17e00
bae27e00
bae37e00
bae47e00
bae57e00
bae67e00
bae77e00
bae87e00
bae97e00
baea7e00
baeb7e00
baec7e00
baed7e00
baee7e00
baef7e00
baf07e00
baf17e00
baf27e00
baf37e00
baf47e00
baf57e00
baf67e00
baf77e00
baf87e00
baf97e00
bafa7e00
bafb7e00
bafc7e00
bafd7e00
bafe7e00
baff7e00
bb007e00
bb017e00
bb027e00
bb037e00
bb047e00
bb057e00
bb067e00
bb077e00
bb087e00
bb097e00
bb0a7e00
bb0b7e00
bb0c7e00
bb0d7e00
bb0e7e00
bb0f7e00
bb107e00
bb117e00
bb127e00
bb137e00
bb147e00
bb157e00
bb167e00
bb177e00
bb187e00
bb197e00
bb1a7e00
bb1b7e00
bb1c7e00
bb1d7e00
bb1e7e00
bb1f7e00
bb207e00
bb217e00
bb227e00
bb237e00
bb247e00
bb257e00
bb267e00
bb277e00
bb287e00
bb297e00
bb2a7e00
bb2b7e00
bb2c7e00
bb2d7e00
bb2e7e00
bb2f7e00
bb307e00
bb317e00
bb327e00
bb337e00
bb347e00
bb357e00
bb367e00
bb377e00
bb387e00
bb397e00
bb3a7e00
bb3b7e00
bb3c7e00
bb3d7e00
bb3e7e00
bb3f7e00
bb407e00
bb417e00
bb427e00
bb437e00
bb447e00
bb457e00
bb467e00
bb477e00
bb487e00
bb497e00
bb4a7e00
bb4b7e00
bb4c7e00
bb4d7e00
bb4e7e00
bb4f7e00
bb507e00
bb517e00
bb527e00
bb537e00
bb547e00
bb557e00
bb567e00
bb577e00
bb587e00
bb597e00
bb5a7e00
bb5b7e00
bb5c7e00
bb5d7e00
bb5e7e00
bb5f7e00
bb607e00
bb617e00
bb627e00
bb637e00
bb647e00
bb657e00
bb667e00
bb677e00
bb687e00
bb697e00
bb6a7e00
bb6b7e00
bb6c7e00
bb6d7e00
bb6e7e00
bb6f7e00
bb707e00
bb717e00
bb727e00
bb737e00
bb747e00
bb757e00
bb767e00
bb777e00
bb787e00
bb797e00
bb7a7e00
bb7b7e00
bb7c7e00
bb7d7e00
bb7e7e00
bb7f7e00
bb807e00
bb817e00
bb827e00
bb837e00
bb847e00
bb857e00
bb867e00
bb877e00
bb887e00
bb897e00
bb8a7e00
bb8b7e00
bb8c7e00
bb8d7e00
bb8e7e00
bb8f7e00
bb907e00
bb917e00
bb927e00
bb937e00
bb947e00
bb957e00
bb967e00
bb977e00
bb987e00
bb997e00
bb9a7e00
bb9b7e00
bb9c7e00
bb9d7e00
bb9e7e00
bb9f7e00
bba07e00
bba17e00
bba27e00
bba37e00
bba47e00
bba57e00
bba67e00
bba77e00
bba87e00
bba97e00
bbaa7e00
bbab7e00
bbac7e00
bbad7e00
bbae7e00
bbaf7e00
bbb07e00
bbb17e00
bbb27e00
bbb37e00
bbb47e00
bbb57e00
bbb67e00
bbb77e00
bbb87e00
bbb97e00
bbba7e00
bbbb7e00
bbbc7e00
bbbd7e00
bbbe7e00
bbbf7e00
bbc07e00
bbc17e00
bbc27e00
bbc37e00
bbc47e00
bbc57e00
bbc67e00
bbc77e00
bbc87e00
bbc97e00
bbca7e00
bbcb7e00
bbcc7e00
bbcd7e00
bbce7e00
bbcf7e00
bbd07e00
bbd17e00
bbd27e00
bbd37e00
bbd47e00
bbd57e00
bbd67e00
bbd77e00
bbd87e00
bbd97e00
bbda7e00
bbdb7e00
bbdc7e00
bbdd7e00
bbde7e00
bbdf7e00
bbe07e00
bbe17e00
bbe27e00
bbe37e00
bbe47e00
bbe57e00
bbe67e00
bbe77e00
bbe87e00
bbe97e00
bbea7e00
bbeb7e00
bbec7e00
bbed7e00
bbee7e00
bbef7e00
bbf07e00
bbf17e00
bbf27e00
bbf37e00
bbf47e00
bbf57e00
bbf67e00
bbf77e00
bbf87e00
bbf97e00
bbfa7e00
bbfb7e00
bbfc7e00
bbfd7e00
bbfe7e00
bbff7e00
bc007e00
bc017e00
bc027e00
bc037e00
bc047e00
bc057e00
bc067e00
bc077e00
bc087e00
bc097e00
bc0a7e00
bc0b7e00
bc0c7e00
bc0d7e00
bc0e7e00
bc0f7e00
bc107e00
bc117e00
bc127e00
bc137e00
bc147e00
bc157e00
bc167e00
bc177e00
bc187e00
bc197e00
bc1a7e00
bc1b7e00
bc1c7e00
bc1d7e00
bc1e7e00
bc1f7e00
bc207e00
bc217e00
bc227e00
bc237e00
bc247e00
bc257e00
bc267e00
bc277e00
bc287e00
bc297e00
bc2a7e00
bc2b7e00
bc2c7e00
bc2d7e00
bc2e7e00
bc2f7e00
bc307e00
bc317e00
bc327e00
bc337e00
bc347e00
bc357e00
bc367e00
bc377e00
bc387e00
bc397e00
bc3a7e00
bc3b7e00
bc3c7e00
bc3d7e00
bc3e7e00
bc3f7e00
bc407e00
bc417e00
bc427e00
bc437e00
bc447e00
bc457e00
bc467e00
bc477e00
bc487e00
bc497e00
bc4a7e00
bc4b7e00
bc4c7e00
bc4d7e00
bc4e7e00
bc4f7e00
bc507e00
bc517e00
bc527e00
bc537e00
bc547e00
bc557e00
bc567e00
bc577e00
bc587e00
bc597e00
bc5a7e00
bc5b7e00
bc5c7e00
bc5d7e00
bc5e7e00
bc5f7e00
bc607e00
bc617e00
bc627e00
bc637e00
bc647e00
bc657e00
bc667e00
bc677e00
bc687e00
bc697e00
bc6a7e00
bc6b7e00
bc6c7e00
bc6d7e00
bc6e7e00
bc6f7e00
bc707e00
bc717e00
bc727e00
bc737e00
bc747e00
bc757e00
bc767e00
bc777e00
bc787e00
bc797e00
bc7a7e00
bc7b7e00
bc7c7e00
bc7d7e00
bc7e7e00
bc7f7e00
bc807e00
bc817e00
bc827e00
bc837e00
bc847e00
bc857e00
bc867e00
bc877e00
bc887e00
bc897e00
bc8a7e00
bc8b7e00
bc8c7e00
bc8d7e00
bc8e7e00
bc8f7e00
bc907e00
bc917e00
bc927e00
bc937e00
bc947e00
bc957e00
bc967e00
bc977e00
bc987e00
bc997e00
bc9a7e00
bc9b7e00
bc9c7e00
bc9d7e00
bc9e7e00
bc9f7e00
bca07e00
bca17e00
bca27e00
bca37e00
bca47e00
bca57e00
bca67e00
bca77e00
bca87e00
bca97e00
bcaa7e00
bcab7e00
bcac7e00
bcad7e00
bcae7e00
bcaf7e00
bcb07e00
bcb17e00
bcb27e00
bcb37e00
bcb47e00
bcb57e00
bcb67e00
bcb77e00
bcb87e00
bcb97e00
bcba7e00
bcbb7e00
bcbc7e00
bcbd7e00
bcbe7e00
bcbf7e00
bcc07e00
bcc17e00
bcc27e00
bcc37e00
bcc47e00
bcc57e00
bcc67e00
bcc77e00
bcc87e00
bcc97e00
bcca7e00
bccb7e00
bccc7e00
bccd7e00
bcce7e00
bccf7e00
bcd07e00
bcd17e00
bcd27e00
bcd37e00
bcd47e00
bcd57e00
bcd67e00
bcd77e00
bcd87e00
bcd97e00
bcda7e00
bcdb7e00
bcdc7e00
bcdd7e00
bcde7e00
bcdf7e00
bce07e00
bce17e00
bce27e00
bce37e00
bce47e00
bce57e00
bce67e00
bce77e00
bce87e00
bce97e00
bcea7e00
bceb7e00
bcec7e00
bced7e00
bcee7e00
bcef7e00
bcf07e00
bcf17e00
bcf27e00
bcf37e00
bcf47e00
bcf57e00
bcf67e00
bcf77e00
bcf87e00
bcf97e00
bcfa7e00
bcfb7e00
bcfc7e00
bcfd7e00
bcfe7e00
bcff7e00
bd007e00
bd017e00
bd027e00
bd037e00
bd047e00
bd057e00
bd067e00
bd077e00
bd087e00
bd097e00
bd0a7e00
bd0b7e00
bd0c7e00
bd0d7e00
bd0e7e00
bd0f7e00
bd107e00
bd117e00
bd127e00
bd137e00
bd147e00
bd157e00
bd167e00
bd177e00
bd187e00
bd197e00
bd1a7e00
bd1b7e00
bd1c7e00
bd1d7e00
bd1e7e00
bd1f7e00
bd207e00
bd217e00
bd227e00
bd237e00
bd247e00
bd257e00
bd267e00
bd277e00
bd287e00
bd297e00
bd2a7e00
bd2b7e00
bd2c7e00
bd2d7e00
bd2e7e00
bd2f7e00
bd307e00
bd317e00
bd327e00
bd337e00
bd347e00
bd357e00
bd367e00
bd377e00
bd387e00
bd397e00
bd3a7e00
bd3b7e00
bd3c7e00
bd3d7e00
bd3e7e00
bd3f7e00
bd407e00
bd417e00
bd427e00
bd437e00
bd447e00
bd457e00
bd467e00
bd477e00
bd487e00
bd497e00
bd4a7e00
bd4b7e00
bd4c7e00
bd4d7e00
bd4e7e00
bd4f7e00
bd507e00
bd517e00
bd527e00
bd537e00
bd547e00
bd557e00
bd567e00
bd577e00
bd587e00
bd597e00
bd5a7e00
bd5b7e00
bd5c7e00
bd5d7e00
bd5e7e00
bd5f7e00
bd607e00
bd617e00
bd627e00
bd637e00
bd647e00
bd657e00
bd667e00
bd677e00
bd687e00
bd697e00
bd6a7e00
bd6b7e00
bd6c7e00
bd6d7e00
bd6e7e00
bd6f7e00
bd707e00
bd717e00
bd727e00
bd737e00
bd747e00
bd757e00
bd767e00
bd777e00
bd787e00
bd797e00
bd7a7e00
bd7b7e00
bd7c7e00
bd7d7e00
bd7e7e00
bd7f7e00
bd807e00
bd817e00
bd827e00
bd837e00
bd847e00
bd857e00
bd867e00
bd877e00
bd887e00
bd897e00
bd8a7e00
bd8b7e00
bd8c7e00
bd8d7e00
bd8e7e00
bd8f7e00
bd907e00
bd917e00
bd927e00
bd937e00
bd947e00
bd957e00
bd967e00
bd977e00
bd987e00
bd997e00
bd9a7e00
bd9b7e00
bd9c7e00
bd9d7e00
bd9e7e00
bd9f7e00
bda07e00
bda17e00
bda27e00
bda37e00
bda47e00
bda57e00
bda67e00
bda77e00
bda87e00
bda97e00
bdaa7e00
bdab7e00
bdac7e00
bdad7e00
bdae7e00
bdaf7e00
bdb07e00
bdb17e00
bdb27e00
bdb37e00
bdb47e00
bdb57e00
bdb67e00
bdb77e00
bdb87e00
bdb97e00
bdba7e00
bdbb7e00
bdbc7e00
bdbd7e00
bdbe7e00
bdbf7e00
bdc07e00
bdc17e00
bdc27e00
bdc37e00
bdc47e00
bdc57e00
bdc67e00
bdc77e00
bdc87e00
bdc97e00
bdca7e00
bdcb7e00
bdcc7e00
bdcd7e00
bdce7e00
bdcf7e00
bdd07e00
bdd17e00
bdd27e00
bdd37e00
bdd47e00
bdd57e00
bdd67e00
bdd77e00
bdd87e00
bdd97e00
bdda7e00
bddb7e00
bddc7e00
bddd7e00
bdde7e00
bddf7e00
bde07e00
bde17e00
bde27e00
bde37e00
bde47e00
bde57e00
bde67e00
bde77e00
bde87e00
bde97e00
bdea7e00
bdeb7e00
bdec7e00
bded7e00
bdee7e00
bdef7e00
bdf07e00
bdf17e00
bdf27e00
bdf37e00
bdf47e00
bdf57e00
bdf67e00
bdf77e00
bdf87e00
bdf97e00
bdfa7e00
bdfb7e00
bdfc7e00
bdfd7e00
bdfe7e00
bdff7e00
be007e00
be017e00
be027e00
be037e00
be047e00
be057e00
be067e00
be077e00
be087e00
be097e00
be0a7e00
be0b7e00
be0c7e00
be0d7e00
be0e7e00
be0f7e00
be107e00
be117e00
be127e00
be137e00
be147e00
be157e00
be167e00
be177e00
be187e00
be197e00
be1a7e00
be1b7e00
be1c7e00
be1d7e00
be1e7e00
be1f7e00
be207e00
be217e00
be227e00
be237e00
be247e00
be257e00
be267e00
be277e00
be287e00
be297e00
be2a7e00
be2b7e00
be2c7e00
be2d7e00
be2e7e00
be2f7e00
be307e00
be317e00
be327e00
be337e00
be347e00
be357e00
be367e00
be377e00
be387e00
be397e00
be3a7e00
be3b7e00
be3c7e00
be3d7e00
be3e7e00
be3f7e00
be407e00
be417e00
be427e00
be437e00
be447e00
be457e00
be467e00
be477e00
be487e00
be497e00
be4a7e00
be4b7e00
be4c7e00
be4d7e00
be4e7e00
be4f7e00
be507e00
be517e00
be527e00
be537e00
be547e00
be557e00
be567e00
be577e00
be587e00
be597e00
be5a7e00
be5b7e00
be5c7e00
be5d7e00
be5e7e00
be5f7e00
be607e00
be617e00
be627e00
be637e00
be647e00
be657e00
be667e00
be677e00
be687e00
be697e00
be6a7e00
be6b7e00
be6c7e00
be6d7e00
be6e7e00
be6f7e00
be707e00
be717e00
be727e00
be737e00
be747e00
be757e00
be767e00
be777e00
be787e00
be797e00
be7a7e00
be7b7e00
be7c7e00
be7d7e00
be7e7e00
be7f7e00
be807e00
be817e00
be827e00
be837e00
be847e00
be857e00
be867e00
be877e00
be887e00
be897e00
be8a7e00
be8b7e00
be8c7e00
be8d7e00
be8e7e00
be8f7e00
be907e00
be917e00
be927e00
be937e00
be947e00
be957e00
be967e00
be977e00
be987e00
be997e00
be9a7e00
be9b7e00
be9c7e00
be9d7e00
be9e7e00
be9f7e00
bea07e00
bea17e00
bea27e00
bea37e00
bea47e00
bea57e00
bea67e00
bea77e00
bea87e00
bea97e00
beaa7e00
beab7e00
beac7e00
bead7e00
beae7e00
beaf7e00
beb07e00
beb17e00
beb27e00
beb37e00
beb47e00
beb57e00
beb67e00
beb77e00
beb87e00
beb97e00
beba7e00
bebb7e00
bebc7e00
bebd7e00
bebe7e00
bebf7e00
bec07e00
bec17e00
bec27e00
bec37e00
bec47e00
bec57e00
bec67e00
bec77e00
bec87e00
bec97e00
beca7e00
becb7e00
becc7e00
becd7e00
bece7e00
becf7e00
bed07e00
bed17e00
bed27e00
bed37e00
bed47e00
bed57e00
bed67e00
bed77e00
bed87e00
bed97e00
beda7e00
bedb7e00
bedc7e00
bedd7e00
bede7e00
bedf7e00
bee07e00
bee17e00
bee27e00
bee37e00
bee47e00
bee57e00
bee67e00
bee77e00
bee87e00
bee97e00
beea7e00
beeb7e00
beec7e00
beed7e00
beee7e00
beef7e00
bef07e00
bef17e00
bef27e00
bef37e00
bef47e00
bef57e00
bef67e00
bef77e00
bef87e00
bef97e00
befa7e00
befb7e00
befc7e00
befd7e00
befe7e00
beff7e00
bf007e00
bf017e00
bf027e00
bf037e00
bf047e00
bf057e00
bf067e00
bf077e00
bf087e00
bf097e00
bf0a7e00
bf0b7e00
bf0c7e00
bf0d7e00
bf0e7e00
bf0f7e00
bf107e00
bf117e00
bf127e00
bf137e00
bf147e00
bf157e00
bf167e00
bf177e00
bf187e00
bf197e00
bf1a7e00
bf1b7e00
bf1c7e00
bf1d7e00
bf1e7e00
bf1f7e00
bf207e00
bf217e00
bf227e00
bf237e00
bf247e00
bf257e00
bf267e00
bf277e00
bf287e00
bf297e00
bf2a7e00
bf2b7e00
bf2c7e00
bf2d7e00
bf2e7e00
bf2f7e00
bf307e00
bf317e00
bf327e00
bf337e00
bf347e00
bf357e00
bf367e00
bf377e00
bf387e00
bf397e00
bf3a7e00
bf3b7e00
bf3c7e00
bf3d7e00
bf3e7e00
bf3f7e00
bf407e00
bf417e00
bf427e00
bf437e00
bf447e00
bf457e00
bf467e00
bf477e00
bf487e00
bf497e00
bf4a7e00
bf4b7e00
bf4c7e00
bf4d7e00
bf4e7e00
bf4f7e00
bf507e00
bf517e00
bf527e00
bf537e00
bf547e00
bf557e00
bf567e00
bf577e00
bf587e00
bf597e00
bf5a7e00
bf5b7e00
bf5c7e00
bf5d7e00
bf5e7e00
bf5f7e00
bf607e00
bf617e00
bf627e00
bf637e00
bf647e00
bf657e00
bf667e00
bf677e00
bf687e00
bf697e00
bf6a7e00
bf6b7e00
bf6c7e00
bf6d7e00
bf6e7e00
bf6f7e00
bf707e00
bf717e00
bf727e00
bf737e00
bf747e00
bf757e00
bf767e00
bf777e00
bf787e00
bf797e00
bf7a7e00
bf7b7e00
bf7c7e00
bf7d7e00
bf7e7e00
bf7f7e00
bf807e00
bf817e00
bf827e00
bf837e00
bf847e00
bf857e00
bf867e00
bf877e00
bf887e00
bf897e00
bf8a7e00
bf8b7e00
bf8c7e00
bf8d7e00
bf8e7e00
bf8f7e00
bf907e00
bf917e00
bf927e00
bf937e00
bf947e00
bf957e00
bf967e00
bf977e00
bf987e00
bf997e00
bf9a7e00
bf9b7e00
bf9c7e00
bf9d7e00
bf9e7e00
bf9f7e00
bfa07e00
bfa17e00
bfa27e00
bfa37e00
bfa47e00
bfa57e00
bfa67e00
bfa77e00
bfa87e00
bfa97e00
bfaa7e00
bfab7e00
bfac7e00
bfad7e00
bfae7e00
bfaf7e00
bfb07e00
bfb17e00
bfb27e00
bfb37e00
bfb47e00
bfb57e00
bfb67e00
bfb77e00
bfb87e00
bfb97e00
bfba7e00
bfbb7e00
bfbc7e00
bfbd7e00
bfbe7e00
bfbf7e00
bfc07e00
bfc17e00
bfc27e00
bfc37e00
bfc47e00
bfc57e00
bfc67e00
bfc77e00
bfc87e00
bfc97e00
bfca7e00
bfcb7e00
bfcc7e00
bfcd7e00
bfce7e00
bfcf7e00
bfd07e00
bfd17e00
bfd27e00
bfd37e00
bfd47e00
bfd57e00
bfd67e00
bfd77e00
bfd87e00
bfd97e00
bfda7e00
bfdb7e00
bfdc7e00
bfdd7e00
bfde7e00
bfdf7e00
bfe07e00
bfe17e00
bfe27e00
bfe37e00
bfe47e00
bfe57e00
bfe67e00
bfe77e00
bfe87e00
bfe97e00
bfea7e00
bfeb7e00
bfec7e00
bfed7e00
bfee7e00
bfef7e00
bff07e00
bff17e00
bff27e00
bff37e00
bff47e00
bff57e00
bff67e00
bff77e00
bff87e00
bff97e00
bffa7e00
bffb7e00
bffc7e00
bffd7e00
bffe7e00
bfff7e00
c0007e00
c0017e00
c0027e00
c0037e00
c0047e00
c0057e00
c0067e00
c0077e00
c0087e00
c0097e00
c00a7e00
c00b7e00
c00c7e00
c00d7e00
c00e7e00
c00f7e00
c0107e00
c0117e00
c0127e00
c0137e00
c0147e00
c0157e00
c0167e00
c0177e00
c0187e00
c0197e00
c01a7e00
c01b7e00
c01c7e00
c01d7e00
c01e7e00
c01f7e00
c0207e00
c0217e00
c0227e00
c0237e00
c0247e00
c0257e00
c0267e00
c0277e00
c0287e00
c0297e00
c02a7e00
c02b7e00
c02c7e00
c02d7e00
c02e7e00
c02f7e00
c0307e00
c0317e00
c0327e00
c0337e00
c0347e00
c0357e00
c0367e00
c0377e00
c0387e00
c0397e00
c03a7e00
c03b7e00
c03c7e00
c03d7e00
c03e7e00
c03f7e00
c0407e00
c0417e00
c0427e00
c0437e00
c0447e00
c0457e00
c0467e00
c0477e00
c0487e00
c0497e00
c04a7e00
c04b7e00
c04c7e00
c04d7e00
c04e7e00
c04f7e00
c0507e00
c0517e00
c0527e00
c0537e00
c0547e00
c0557e00
c0567e00
c0577e00
c0587e00
c0597e00
c05a7e00
c05b7e00
c05c7e00
c05d7e00
c05e7e00
c05f7e00
c0607e00
c0617e00
c0627e00
c0637e00
c0647e00
c0657e00
c0667e00
c0677e00
c0687e00
c0697e00
c06a7e00
c06b7e00
c06c7e00
c06d7e00
c06e7e00
c06f7e00
c0707e00
c0717e00
c0727e00
c0737e00
c0747e00
c0757e00
c0767e00
c0777e00
c0787e00
c0797e00
c07a7e00
c07b7e00
c07c7e00
c07d7e00
c07e7e00
c07f7e00
c0807e00
c0817e00
c0827e00
c0837e00
c0847e00
c0857e00
c0867e00
c0877e00
c0887e00
c0897e00
c08a7e00
c08b7e00
c08c7e00
c08d7e00
c08e7e00
c08f7e00
c0907e00
c0917e00
c0927e00
c0937e00
c0947e00
c0957e00
c0967e00
c0977e00
c0987e00
c0997e00
c09a7e00
c09b7e00
c09c7e00
c09d7e00
c09e7e00
c09f7e00
c0a07e00
c0a17e00
c0a27e00
c0a37e00
c0a47e00
c0a57e00
c0a67e00
c0a77e00
c0a87e00
c0a97e00
c0aa7e00
c0ab7e00
c0ac7e00
c0ad7e00
c0ae7e00
c0af7e00
c0b07e00
c0b17e00
c0b27e00
c0b37e00
c0b47e00
c0b57e00
c0b67e00
c0b77e00
c0b87e00
c0b97e00
c0ba7e00
c0bb7e00
c0bc7e00
c0bd7e00
c0be7e00
c0bf7e00
c0c07e00
c0c17e00
c0c27e00
c0c37e00
c0c47e00
c0c57e00
c0c67e00
c0c77e00
c0c87e00
c0c97e00
c0ca7e00
c0cb7e00
c0cc7e00
c0cd7e00
c0ce7e00
c0cf7e00
c0d07e00
c0d17e00
c0d27e00
c0d37e00
c0d47e00
c0d57e00
c0d67e00
c0d77e00
c0d87e00
c0d97e00
c0da7e00
c0db7e00
c0dc7e00
c0dd7e00
c0de7e00
c0df7e00
c0e07e00
c0e17e00
c0e27e00
c0e37e00
c0e47e00
c0e57e00
c0e67e00
c0e77e00
c0e87e00
c0e97e00
c0ea7e00
c0eb7e00
c0ec7e00
c0ed7e00
c0ee7e00
c0ef7e00
c0f07e00
c0f17e00
c0f27e00
c0f37e00
c0f47e00
c0f57e00
c0f67e00
c0f77e00
c0f87e00
c0f97e00
c0fa7e00
c0fb7e00
c0fc7e00
c0fd7e00
c0fe7e00
c0ff7e00
c1007e00
c1017e00
c1027e00
c1037e00
c1047e00
c1057e00
c1067e00
c1077e00
c1087e00
c1097e00
c10a7e00
c10b7e00
c10c7e00
c10d7e00
c10e7e00
c10f7e00
c1107e00
c1117e00
c1127e00
c1137e00
c1147e00
c1157e00
c1167e00
c1177e00
c1187e00
c1197e00
c11a7e00
c11b7e00
c11c7e00
c11d7e00
c11e7e00
c11f7e00
c1207e00
c1217e00
c1227e00
c1237e00
c1247e00
c1257e00
c1267e00
c1277e00
c1287e00
c1297e00
c12a7e00
c12b7e00
c12c7e00
c12d7e00
c12e7e00
c12f7e00
c1307e00
c1317e00
c1327e00
c1337e00
c1347e00
c1357e00
c1367e00
c1377e00
c1387e00
c1397e00
c13a7e00
c13b7e00
c13c7e00
c13d7e00
c13e7e00
c13f7e00
c1407e00
c1417e00
c1427e00
c1437e00
c1447e00
c1457e00
c1467e00
c1477e00
c1487e00
c1497e00
c14a7e00
c14b7e00
c14c7e00
c14d7e00
c14e7e00
c14f7e00
c1507e00
c1517e00
c1527e00
c1537e00
c1547e00
c1557e00
c1567e00
c1577e00
c1587e00
c1597e00
c15a7e00
c15b7e00
c15c7e00
c15d7e00
c15e7e00
c15f7e00
c1607e00
c1617e00
c1627e00
c1637e00
c1647e00
c1657e00
c1667e00
c1677e00
c1687e00
c1697e00
c16a7e00
c16b7e00
c16c7e00
c16d7e00
c16e7e00
c16f7e00
c1707e00
c1717e00
c1727e00
c1737e00
c1747e00
c1757e00
c1767e00
c1777e00
c1787e00
c1797e00
c17a7e00
c17b7e00
c17c7e00
c17d7e00
c17e7e00
c17f7e00
c1807e00
c1817e00
c1827e00
c1837e00
c1847e00
c1857e00
c1867e00
c1877e00
c1887e00
c1897e00
c18a7e00
c18b7e00
c18c7e00
c18d7e00
c18e7e00
c18f7e00
c1907e00
c1917e00
c1927e00
c1937e00
c1947e00
c1957e00
c1967e00
c1977e00
c1987e00
c1997e00
c19a7e00
c19b7e00
c19c7e00
c19d7e00
c19e7e00
c19f7e00
c1a07e00
c1a17e00
c1a27e00
c1a37e00
c1a47e00
c1a57e00
c1a67e00
c1a77e00
c1a87e00
c1a97e00
c1aa7e00
c1ab7e00
c1ac7e00
c1ad7e00
c1ae7e00
c1af7e00
c1b07e00
c1b17e00
c1b27e00
c1b37e00
c1b47e00
c1b57e00
c1b67e00
c1b77e00
c1b87e00
c1b97e00
c1ba7e00
c1bb7e00
c1bc7e00
c1bd7e00
c1be7e00
c1bf7e00
c1c07e00
c1c17e00
c1c27e00
c1c37e00
c1c47e00
c1c57e00
c1c67e00
c1c77e00
c1c87e00
c1c97e00
c1ca7e00
c1cb7e00
c1cc7e00
c1cd7e00
c1ce7e00
c1cf7e00
c1d07e00
c1d17e00
c1d27e00
c1d37e00
c1d47e00
c1d57e00
c1d67e00
c1d77e00
c1d87e00
c1d97e00
c1da7e00
c1db7e00
c1dc7e00
c1dd7e00
c1de7e00
c1df7e00
c1e07e00
c1e17e00
c1e27e00
c1e37e00
c1e47e00
c1e57e00
c1e67e00
c1e77e00
c1e87e00
c1e97e00
c1ea7e00
c1eb7e00
c1ec7e00
c1ed7e00
c1ee7e00
c1ef7e00
c1f07e00
c1f17e00
c1f27e00
c1f37e00
c1f47e00
c1f57e00
c1f67e00
c1f77e00
c1f87e00
c1f97e00
c1fa7e00
c1fb7e00
c1fc7e00
c1fd7e00
c1fe7e00
c1ff7e00
c2007e00
c2017e00
c2027e00
c2037e00
c2047e00
c2057e00
c2067e00
c2077e00
c2087e00
c2097e00
c20a7e00
c20b7e00
c20c7e00
c20d7e00
c20e7e00
c20f7e00
c2107e00
c2117e00
c2127e00
c2137e00
c2147e00
c2157e00
c2167e00
c2177e00
c2187e00
c2197e00
c21a7e00
c21b7e00
c21c7e00
c21d7e00
c21e7e00
c21f7e00
c2207e00
c2217e00
c2227e00
c2237e00
c2247e00
c2257e00
c2267e00
c2277e00
c2287e00
c2297e00
c22a7e00
c22b7e00
c22c7e00
c22d7e00
c22e7e00
c22f7e00
c2307e00
c2317e00
c2327e00
c2337e00
c2347e00
c2357e00
c2367e00
c2377e00
c2387e00
c2397e00
c23a7e00
c23b7e00
c23c7e00
c23d7e00
c23e7e00
c23f7e00
c2407e00
c2417e00
c2427e00
c2437e00
c2447e00
c2457e00
c2467e00
c2477e00
c2487e00
c2497e00
c24a7e00
c24b7e00
c24c7e00
c24d7e00
c24e7e00
c24f7e00
c2507e00
c2517e00
c2527e00
c2537e00
c2547e00
c2557e00
c2567e00
c2577e00
c2587e00
c2597e00
c25a7e00
c25b7e00
c25c7e00
c25d7e00
c25e7e00
c25f7e00
c2607e00
c2617e00
c2627e00
c2637e00
c2647e00
c2657e00
c2667e00
c2677e00
c2687e00
c2697e00
c26a7e00
c26b7e00
c26c7e00
c26d7e00
c26e7e00
c26f7e00
c2707e00
c2717e00
c2727e00
c2737e00
c2747e00
c2757e00
c2767e00
c2777e00
c2787e00
c2797e00
c27a7e00
c27b7e00
c27c7e00
c27d7e00
c27e7e00
c27f7e00
c2807e00
c2817e00
c2827e00
c2837e00
c2847e00
c2857e00
c2867e00
c2877e00
c2887e00
c2897e00
c28a7e00
c28b7e00
c28c7e00
c28d7e00
c28e7e00
c28f7e00
c2907e00
c2917e00
c2927e00
c2937e00
c2947e00
c2957e00
c2967e00
c2977e00
c2987e00
c2997e00
c29a7e00
c29b7e00
c29c7e00
c29d7e00
c29e7e00
c29f7e00
c2a07e00
c2a17e00
c2a27e00
c2a37e00
c2a47e00
c2a57e00
c2a67e00
c2a77e00
c2a87e00
c2a97e00
c2aa7e00
c2ab7e00
c2ac7e00
c2ad7e00
c2ae7e00
c2af7e00
c2b07e00
c2b17e00
c2b27e00
c2b37e00
c2b47e00
c2b57e00
c2b67e00
c2b77e00
c2b87e00
c2b97e00
c2ba7e00
c2bb7e00
c2bc7e00
c2bd7e00
c2be7e00
c2bf7e00
c2c07e00
c2c17e00
c2c27e00
c2c37e00
c2c47e00
c2c57e00
c2c67e00
c2c77e00
c2c87e00
c2c97e00
c2ca7e00
c2cb7e00
c2cc7e00
c2cd7e00
c2ce7e00
c2cf7e00
c2d07e00
c2d17e00
c2d27e00
c2d37e00
c2d47e00
c2d57e00
c2d67e00
c2d77e00
c2d87e00
c2d97e00
c2da7e00
c2db7e00
c2dc7e00
c2dd7e00
c2de7e00
c2df7e00
c2e07e00
c2e17e00
c2e27e00
c2e37e00
c2e47e00
c2e57e00
c2e67e00
c2e77e00
c2e87e00
c2e97e00
c2ea7e00
c2eb7e00
c2ec7e00
c2ed7e00
c2ee7e00
c2ef7e00
c2f07e00
c2f17e00
c2f27e00
c2f37e00
c2f47e00
c2f57e00
c2f67e00
c2f77e00
c2f87e00
c2f97e00
c2fa7e00
c2fb7e00
c2fc7e00
c2fd7e00
c2fe7e00
c2ff7e00
c3007e00
c3017e00
c3027e00
c3037e00
c3047e00
c3057e00
c3067e00
c3077e00
c3087e00
c3097e00
c30a7e00
c30b7e00
c30c7e00
c30d7e00
c30e7e00
c30f7e00
c3107e00
c3117e00
c3127e00
c3137e00
c3147e00
c3157e00
c3167e00
c3177e00
c3187e00
c3197e00
c31a7e00
c31b7e00
c31c7e00
c31d7e00
c31e7e00
c31f7e00
c3207e00
c3217e00
c3227e00
c3237e00
c3247e00
c3257e00
c3267e00
c3277e00
c3287e00
c3297e00
c32a7e00
c32b7e00
c32c7e00
c32d7e00
c32e7e00
c32f7e00
c3307e00
c3317e00
c3327e00
c3337e00
c3347e00
c3357e00
c3367e00
c3377e00
c3387e00
c3397e00
c33a7e00
c33b7e00
c33c7e00
c33d7e00
c33e7e00
c33f7e00
c3407e00
c3417e00
c3427e00
c3437e00
c3447e00
c3457e00
c3467e00
c3477e00
c3487e00
c3497e00
c34a7e00
c34b7e00
c34c7e00
c34d7e00
c34e7e00
c34f7e00
c3507e00
c3517e00
c3527e00
c3537e00
c3547e00
c3557e00
c3567e00
c3577e00
c3587e00
c3597e00
c35a7e00
c35b7e00
c35c7e00
c35d7e00
c35e7e00
c35f7e00
c3607e00
c3617e00
c3627e00
c3637e00
c3647e00
c3657e00
c3667e00
c3677e00
c3687e00
c3697e00
c36a7e00
c36b7e00
c36c7e00
c36d7e00
c36e7e00
c36f7e00
c3707e00
c3717e00
c3727e00
c3737e00
c3747e00
c3757e00
c3767e00
c3777e00
c3787e00
c3797e00
c37a7e00
c37b7e00
c37c7e00
c37d7e00
c37e7e00
c37f7e00
c3807e00
c3817e00
c3827e00
c3837e00
c3847e00
c3857e00
c3867e00
c3877e00
c3887e00
c3897e00
c38a7e00
c38b7e00
c38c7e00
c38d7e00
c38e7e00
c38f7e00
c3907e00
c3917e00
c3927e00
c3937e00
c3947e00
c3957e00
c3967e00
c3977e00
c3987e00
c3997e00
c39a7e00
c39b7e00
c39c7e00
c39d7e00
c39e7e00
c39f7e00
c3a07e00
c3a17e00
c3a27e00
c3a37e00
c3a47e00
c3a57e00
c3a67e00
c3a77e00
c3a87e00
c3a97e00
c3aa7e00
c3ab7e00
c3ac7e00
c3ad7e00
c3ae7e00
c3af7e00
c3b07e00
c3b17e00
c3b27e00
c3b37e00
c3b47e00
c3b57e00
c3b67e00
c3b77e00
c3b87e00
c3b97e00
c3ba7e00
c3bb7e00
c3bc7e00
c3bd7e00
c3be7e00
c3bf7e00
c3c07e00
c3c17e00
c3c27e00
c3c37e00
c3c47e00
c3c57e00
c3c67e00
c3c77e00
c3c87e00
c3c97e00
c3ca7e00
c3cb7e00
c3cc7e00
c3cd7e00
c3ce7e00
c3cf7e00
c3d07e00
c3d17e00
c3d27e00
c3d37e00
c3d47e00
c3d57e00
c3d67e00
c3d77e00
c3d87e00
c3d97e00
c3da7e00
c3db7e00
c3dc7e00
c3dd7e00
c3de7e00
c3df7e00
c3e07e00
c3e17e00
c3e27e00
c3e37e00
c3e47e00
c3e57e00
c3e67e00
c3e77e00
c3e87e00
c3e97e00
c3ea7e00
c3eb7e00
c3ec7e00
c3ed7e00
c3ee7e00
c3ef7e00
c3f07e00
c3f17e00
c3f27e00
c3f37e00
c3f47e00
c3f57e00
c3f67e00
c3f77e00
c3f87e00
c3f97e00
c3fa7e00
c3fb7e00
c3fc7e00
c3fd7e00
c3fe7e00
c3ff7e00
c4007e00
c4017e00
c4027e00
c4037e00
c4047e00
c4057e00
c4067e00
c4077e00
c4087e00
c4097e00
c40a7e00
c40b7e00
c40c7e00
c40d7e00
c40e7e00
c40f7e00
c4107e00
c4117e00
c4127e00
c4137e00
c4147e00
c4157e00
c4167e00
c4177e00
c4187e00
c4197e00
c41a7e00
c41b7e00
c41c7e00
c41d7e00
c41e7e00
c41f7e00
c4207e00
c4217e00
c4227e00
c4237e00
c4247e00
c4257e00
c4267e00
c4277e00
c4287e00
c4297e00
c42a7e00
c42b7e00
c42c7e00
c42d7e00
c42e7e00
c42f7e00
c4307e00
c4317e00
c4327e00
c4337e00
c4347e00
c4357e00
c4367e00
c4377e00
c4387e00
c4397e00
c43a7e00
c43b7e00
c43c7e00
c43d7e00
c43e7e00
c43f7e00
c4407e00
c4417e00
c4427e00
c4437e00
c4447e00
c4457e00
c4467e00
c4477e00
c4487e00
c4497e00
c44a7e00
c44b7e00
c44c7e00
c44d7e00
c44e7e00
c44f7e00
c4507e00
c4517e00
c4527e00
c4537e00
c4547e00
c4557e00
c4567e00
c4577e00
c4587e00
c4597e00
c45a7e00
c45b7e00
c45c7e00
c45d7e00
c45e7e00
c45f7e00
c4607e00
c4617e00
c4627e00
c4637e00
c4647e00
c4657e00
c4667e00
c4677e00
c4687e00
c4697e00
c46a7e00
c46b7e00
c46c7e00
c46d7e00
c46e7e00
c46f7e00
c4707e00
c4717e00
c4727e00
c4737e00
c4747e00
c4757e00
c4767e00
c4777e00
c4787e00
c4797e00
c47a7e00
c47b7e00
c47c7e00
c47d7e00
c47e7e00
c47f7e00
c4807e00
c4817e00
c4827e00
c4837e00
c4847e00
c4857e00
c4867e00
c4877e00
c4887e00
c4897e00
c48a7e00
c48b7e00
c48c7e00
c48d7e00
c48e7e00
c48f7e00
c4907e00
c4917e00
c4927e00
c4937e00
c4947e00
c4957e00
c4967e00
c4977e00
c4987e00
c4997e00
c49a7e00
c49b7e00
c49c7e00
c49d7e00
c49e7e00
c49f7e00
c4a07e00
c4a17e00
c4a27e00
c4a37e00
c4a47e00
c4a57e00
c4a67e00
c4a77e00
c4a87e00
c4a97e00
c4aa7e00
c4ab7e00
c4ac7e00
c4ad7e00
c4ae7e00
c4af7e00
c4b07e00
c4b17e00
c4b27e00
c4b37e00
c4b47e00
c4b57e00
c4b67e00
c4b77e00
c4b87e00
c4b97e00
c4ba7e00
c4bb7e00
c4bc7e00
c4bd7e00
c4be7e00
c4bf7e00
c4c07e00
c4c17e00
c4c27e00
c4c37e00
c4c47e00
c4c57e00
c4c67e00
c4c77e00
c4c87e00
c4c97e00
c4ca7e00
c4cb7e00
c4cc7e00
c4cd7e00
c4ce7e00
c4cf7e00
c4d07e00
c4d17e00
c4d27e00
c4d37e00
c4d47e00
c4d57e00
c4d67e00
c4d77e00
c4d87e00
c4d97e00
c4da7e00
c4db7e00
c4dc7e00
c4dd7e00
c4de7e00
c4df7e00
c4e07e00
c4e17e00
c4e27e00
c4e37e00
c4e47e00
c4e57e00
c4e67e00
c4e77e00
c4e87e00
c4e97e00
c4ea7e00
c4eb7e00
c4ec7e00
c4ed7e00
c4ee7e00
c4ef7e00
c4f07e00
c4f17e00
c4f27e00
c4f37e00
c4f47e00
c4f57e00
c4f67e00
c4f77e00
c4f87e00
c4f97e00
c4fa7e00
c4fb7e00
c4fc7e00
c4fd7e00
c4fe7e00
c4ff7e00
c5007e00
c5017e00
c5027e00
c5037e00
c5047e00
c5057e00
c5067e00
c5077e00
c5087e00
c5097e00
c50a7e00
c50b7e00
c50c7e00
c50d7e00
c50e7e00
c50f7e00
c5107e00
c5117e00
c5127e00
c5137e00
c5147e00
c5157e00
c5167e00
c5177e00
c5187e00
c5197e00
c51a7e00
c51b7e00
c51c7e00
c51d7e00
c51e7e00
c51f7e00
c5207e00
c5217e00
c5227e00
c5237e00
c5247e00
c5257e00
c5267e00
c5277e00
c5287e00
c5297e00
c52a7e00
c52b7e00
c52c7e00
c52d7e00
c52e7e00
c52f7e00
c5307e00
c5317e00
c5327e00
c5337e00
c5347e00
c5357e00
c5367e00
c5377e00
c5387e00
c5397e00
c53a7e00
c53b7e00
c53c7e00
c53d7e00
c53e7e00
c53f7e00
c5407e00
c5417e00
c5427e00
c5437e00
c5447e00
c5457e00
c5467e00
c5477e00
c5487e00
c5497e00
c54a7e00
c54b7e00
c54c7e00
c54d7e00
c54e7e00
c54f7e00
c5507e00
c5517e00
c5527e00
c5537e00
c5547e00
c5557e00
c5567e00
c5577e00
c5587e00
c5597e00
c55a7e00
c55b7e00
c55c7e00
c55d7e00
c55e7e00
c55f7e00
c5607e00
c5617e00
c5627e00
c5637e00
c5647e00
c5657e00
c5667e00
c5677e00
c5687e00
c5697e00
c56a7e00
c56b7e00
c56c7e00
c56d7e00
c56e7e00
c56f7e00
c5707e00
c5717e00
c5727e00
c5737e00
c5747e00
c5757e00
c5767e00
c5777e00
c5787e00
c5797e00
c57a7e00
c57b7e00
c57c7e00
c57d7e00
c57e7e00
c57f7e00
c5807e00
c5817e00
c5827e00
c5837e00
c5847e00
c5857e00
c5867e00
c5877e00
c5887e00
c5897e00
c58a7e00
c58b7e00
c58c7e00
c58d7e00
c58e7e00
c58f7e00
c5907e00
c5917e00
c5927e00
c5937e00
c5947e00
c5957e00
c5967e00
c5977e00
c5987e00
c5997e00
c59a7e00
c59b7e00
c59c7e00
c59d7e00
c59e7e00
c59f7e00
c5a07e00
c5a17e00
c5a27e00
c5a37e00
c5a47e00
c5a57e00
c5a67e00
c5a77e00
c5a87e00
c5a97e00
c5aa7e00
c5ab7e00
c5ac7e00
c5ad7e00
c5ae7e00
c5af7e00
c5b07e00
c5b17e00
c5b27e00
c5b37e00
c5b47e00
c5b57e00
c5b67e00
c5b77e00
c5b87e00
c5b97e00
c5ba7e00
c5bb7e00
c5bc7e00
c5bd7e00
c5be7e00
c5bf7e00
c5c07e00
c5c17e00
c5c27e00
c5c37e00
c5c47e00
c5c57e00
c5c67e00
c5c77e00
c5c87e00
c5c97e00
c5ca7e00
c5cb7e00
c5cc7e00
c5cd7e00
c5ce7e00
c5cf7e00
c5d07e00
c5d17e00
c5d27e00
c5d37e00
c5d47e00
c5d57e00
c5d67e00
c5d77e00
c5d87e00
c5d97e00
c5da7e00
c5db7e00
c5dc7e00
c5dd7e00
c5de7e00
c5df7e00
c5e07e00
c5e17e00
c5e27e00
c5e37e00
c5e47e00
c5e57e00
c5e67e00
c5e77e00
c5e87e00
c5e97e00
c5ea7e00
c5eb7e00
c5ec7e00
c5ed7e00
c5ee7e00
c5ef7e00
c5f07e00
c5f17e00
c5f27e00
c5f37e00
c5f47e00
c5f57e00
c5f67e00
c5f77e00
c5f87e00
c5f97e00
c5fa7e00
c5fb7e00
c5fc7e00
c5fd7e00
c5fe7e00
c5ff7e00
c6007e00
c6017e00
c6027e00
c6037e00
c6047e00
c6057e00
c6067e00
c6077e00
c6087e00
c6097e00
c60a7e00
c60b7e00
c60c7e00
c60d7e00
c60e7e00
c60f7e00
c6107e00
c6117e00
c6127e00
c6137e00
c6147e00
c6157e00
c6167e00
c6177e00
c6187e00
c6197e00
c61a7e00
c61b7e00
c61c7e00
c61d7e00
c61e7e00
c61f7e00
c6207e00
c6217e00
c6227e00
c6237e00
c6247e00
c6257e00
c6267e00
c6277e00
c6287e00
c6297e00
c62a7e00
c62b7e00
c62c7e00
c62d7e00
c62e7e00
c62f7e00
c6307e00
c6317e00
c6327e00
c6337e00
c6347e00
c6357e00
c6367e00
c6377e00
c6387e00
c6397e00
c63a7e00
c63b7e00
c63c7e00
c63d7e00
c63e7e00
c63f7e00
c6407e00
c6417e00
c6427e00
c6437e00
c6447e00
c6457e00
c6467e00
c6477e00
c6487e00
c6497e00
c64a7e00
c64b7e00
c64c7e00
c64d7e00
c64e7e00
c64f7e00
c6507e00
c6517e00
c6527e00
c6537e00
c6547e00
c6557e00
c6567e00
c6577e00
c6587e00
c6597e00
c65a7e00
c65b7e00
c65c7e00
c65d7e00
c65e7e00
c65f7e00
c6607e00
c6617e00
c6627e00
c6637e00
c6647e00
c6657e00
c6667e00
c6677e00
c6687e00
c6697e00
c66a7e00
c66b7e00
c66c7e00
c66d7e00
c66e7e00
c66f7e00
c6707e00
c6717e00
c6727e00
c6737e00
c6747e00
c6757e00
c6767e00
c6777e00
c6787e00
c6797e00
c67a7e00
c67b7e00
c67c7e00
c67d7e00
c67e7e00
c67f7e00
c6807e00
c6817e00
c6827e00
c6837e00
c6847e00
c6857e00
c6867e00
c6877e00
c6887e00
c6897e00
c68a7e00
c68b7e00
c68c7e00
c68d7e00
c68e7e00
c68f7e00
c6907e00
c6917e00
c6927e00
c6937e00
c6947e00
c6957e00
c6967e00
c6977e00
c6987e00
c6997e00
c69a7e00
c69b7e00
c69c7e00
c69d7e00
c69e7e00
c69f7e00
c6a07e00
c6a17e00
c6a27e00
c6a37e00
c6a47e00
c6a57e00
c6a67e00
c6a77e00
c6a87e00
c6a97e00
c6aa7e00
c6ab7e00
c6ac7e00
c6ad7e00
c6ae7e00
c6af7e00
c6b07e00
c6b17e00
c6b27e00
c6b37e00
c6b47e00
c6b57e00
c6b67e00
c6b77e00
c6b87e00
c6b97e00
c6ba7e00
c6bb7e00
c6bc7e00
c6bd7e00
c6be7e00
c6bf7e00
c6c07e00
c6c17e00
c6c27e00
c6c37e00
c6c47e00
c6c57e00
c6c67e00
c6c77e00
c6c87e00
c6c97e00
c6ca7e00
c6cb7e00
c6cc7e00
c6cd7e00
c6ce7e00
c6cf7e00
c6d07e00
c6d17e00
c6d27e00
c6d37e00
c6d47e00
c6d57e00
c6d67e00
c6d77e00
c6d87e00
c6d97e00
c6da7e00
c6db7e00
c6dc7e00
c6dd7e00
c6de7e00
c6df7e00
c6e07e00
c6e17e00
c6e27e00
c6e37e00
c6e47e00
c6e57e00
c6e67e00
c6e77e00
c6e87e00
c6e97e00
c6ea7e00
c6eb7e00
c6ec7e00
c6ed7e00
c6ee7e00
c6ef7e00
c6f07e00
c6f17e00
c6f27e00
c6f37e00
c6f47e00
c6f57e00
c6f67e00
c6f77e00
c6f87e00
c6f97e00
c6fa7e00
c6fb7e00
c6fc7e00
c6fd7e00
c6fe7e00
c6ff7e00
c7007e00
c7017e00
c7027e00
c7037e00
c7047e00
c7057e00
c7067e00
c7077e00
c7087e00
c7097e00
c70a7e00
c70b7e00
c70c7e00
c70d7e00
c70e7e00
c70f7e00
c7107e00
c7117e00
c7127e00
c7137e00
c7147e00
c7157e00
c7167e00
c7177e00
c7187e00
c7197e00
c71a7e00
c71b7e00
c71c7e00
c71d7e00
c71e7e00
c71f7e00
c7207e00
c7217e00
c7227e00
c7237e00
c7247e00
c7257e00
c7267e00
c7277e00
c7287e00
c7297e00
c72a7e00
c72b7e00
c72c7e00
c72d7e00
c72e7e00
c72f7e00
c7307e00
c7317e00
c7327e00
c7337e00
c7347e00
c7357e00
c7367e00
c7377e00
c7387e00
c7397e00
c73a7e00
c73b7e00
c73c7e00
c73d7e00
c73e7e00
c73f7e00
c7407e00
c7417e00
c7427e00
c7437e00
c7447e00
c7457e00
c7467e00
c7477e00
c7487e00
c7497e00
c74a7e00
c74b7e00
c74c7e00
c74d7e00
c74e7e00
c74f7e00
c7507e00
c7517e00
c7527e00
c7537e00
c7547e00
c7557e00
c7567e00
c7577e00
c7587e00
c7597e00
c75a7e00
c75b7e00
c75c7e00
c75d7e00
c75e7e00
c75f7e00
c7607e00
c7617e00
c7627e00
c7637e00
c7647e00
c7657e00
c7667e00
c7677e00
c7687e00
c7697e00
c76a7e00
c76b7e00
c76c7e00
c76d7e00
c76e7e00
c76f7e00
c7707e00
c7717e00
c7727e00
c7737e00
c7747e00
c7757e00
c7767e00
c7777e00
c7787e00
c7797e00
c77a7e00
c77b7e00
c77c7e00
c77d7e00
c77e7e00
c77f7e00
c7807e00
c7817e00
c7827e00
c7837e00
c7847e00
c7857e00
c7867e00
c7877e00
c7887e00
c7897e00
c78a7e00
c78b7e00
c78c7e00
c78d7e00
c78e7e00
c78f7e00
c7907e00
c7917e00
c7927e00
c7937e00
c7947e00
c7957e00
c7967e00
c7977e00
c7987e00
c7997e00
c79a7e00
c79b7e00
c79c7e00
c79d7e00
c79e7e00
c79f7e00
c7a07e00
c7a17e00
c7a27e00
c7a37e00
c7a47e00
c7a57e00
c7a67e00
c7a77e00
c7a87e00
c7a97e00
c7aa7e00
c7ab7e00
c7ac7e00
c7ad7e00
c7ae7e00
c7af7e00
c7b07e00
c7b17e00
c7b27e00
c7b37e00
c7b47e00
c7b57e00
c7b67e00
c7b77e00
c7b87e00
c7b97e00
c7ba7e00
c7bb7e00
c7bc7e00
c7bd7e00
c7be7e00
c7bf7e00
c7c07e00
c7c17e00
c7c27e00
c7c37e00
c7c47e00
c7c57e00
c7c67e00
c7c77e00
c7c87e00
c7c97e00
c7ca7e00
c7cb7e00
c7cc7e00
c7cd7e00
c7ce7e00
c7cf7e00
c7d07e00
c7d17e00
c7d27e00
c7d37e00
c7d47e00
c7d57e00
c7d67e00
c7d77e00
c7d87e00
c7d97e00
c7da7e00
c7db7e00
c7dc7e00
c7dd7e00
c7de7e00
c7df7e00
c7e07e00
c7e17e00
c7e27e00
c7e37e00
c7e47e00
c7e57e00
c7e67e00
c7e77e00
c7e87e00
c7e97e00
c7ea7e00
c7eb7e00
c7ec7e00
c7ed7e00
c7ee7e00
c7ef7e00
c7f07e00
c7f17e00
c7f27e00
c7f37e00
c7f47e00
c7f57e00
c7f67e00
c7f77e00
c7f87e00
c7f97e00
c7fa7e00
c7fb7e00
c7fc7e00
c7fd7e00
c7fe7e00
c7ff7e00
c8007e00
c8017e00
c8027e00
c8037e00
c8047e00
c8057e00
c8067e00
c8077e00
c8087e00
c8097e00
c80a7e00
c80b7e00
c80c7e00
c80d7e00
c80e7e00
c80f7e00
c8107e00
c8117e00
c8127e00
c8137e00
c8147e00
c8157e00
c8167e00
c8177e00
c8187e00
c8197e00
c81a7e00
c81b7e00
c81c7e00
c81d7e00
c81e7e00
c81f7e00
c8207e00
c8217e00
c8227e00
c8237e00
c8247e00
c8257e00
c8267e00
c8277e00
c8287e00
c8297e00
c82a7e00
c82b7e00
c82c7e00
c82d7e00
c82e7e00
c82f7e00
c8307e00
c8317e00
c8327e00
c8337e00
c8347e00
c8357e00
c8367e00
c8377e00
c8387e00
c8397e00
c83a7e00
c83b7e00
c83c7e00
c83d7e00
c83e7e00
c83f7e00
c8407e00
c8417e00
c8427e00
c8437e00
c8447e00
c8457e00
c8467e00
c8477e00
c8487e00
c8497e00
c84a7e00
c84b7e00
c84c7e00
c84d7e00
c84e7e00
c84f7e00
c8507e00
c8517e00
c8527e00
c8537e00
c8547e00
c8557e00
c8567e00
c8577e00
c8587e00
c8597e00
c85a7e00
c85b7e00
c85c7e00
c85d7e00
c85e7e00
c85f7e00
c8607e00
c8617e00
c8627e00
c8637e00
c8647e00
c8657e00
c8667e00
c8677e00
c8687e00
c8697e00
c86a7e00
c86b7e00
c86c7e00
c86d7e00
c86e7e00
c86f7e00
c8707e00
c8717e00
c8727e00
c8737e00
c8747e00
c8757e00
c8767e00
c8777e00
c8787e00
c8797e00
c87a7e00
c87b7e00
c87c7e00
c87d7e00
c87e7e00
c87f7e00
c8807e00
c8817e00
c8827e00
c8837e00
c8847e00
c8857e00
c8867e00
c8877e00
c8887e00
c8897e00
c88a7e00
c88b7e00
c88c7e00
c88d7e00
c88e7e00
c88f7e00
c8907e00
c8917e00
c8927e00
c8937e00
c8947e00
c8957e00
c8967e00
c8977e00
c8987e00
c8997e00
c89a7e00
c89b7e00
c89c7e00
c89d7e00
c89e7e00
c89f7e00
c8a07e00
c8a17e00
c8a27e00
c8a37e00
c8a47e00
c8a57e00
c8a67e00
c8a77e00
c8a87e00
c8a97e00
c8aa7e00
c8ab7e00
c8ac7e00
c8ad7e00
c8ae7e00
c8af7e00
c8b07e00
c8b17e00
c8b27e00
c8b37e00
c8b47e00
c8b57e00
c8b67e00
c8b77e00
c8b87e00
c8b97e00
c8ba7e00
c8bb7e00
c8bc7e00
c8bd7e00
c8be7e00
c8bf7e00
c8c07e00
c8c17e00
c8c27e00
c8c37e00
c8c47e00
c8c57e00
c8c67e00
c8c77e00
c8c87e00
c8c97e00
c8ca7e00
c8cb7e00
c8cc7e00
c8cd7e00
c8ce7e00
c8cf7e00
c8d07e00
c8d17e00
c8d27e00
c8d37e00
c8d47e00
c8d57e00
c8d67e00
c8d77e00
c8d87e00
c8d97e00
c8da7e00
c8db7e00
c8dc7e00
c8dd7e00
c8de7e00
c8df7e00
c8e07e00
c8e17e00
c8e27e00
c8e37e00
c8e47e00
c8e57e00
c8e67e00
c8e77e00
c8e87e00
c8e97e00
c8ea7e00
c8eb7e00
c8ec7e00
c8ed7e00
c8ee7e00
c8ef7e00
c8f07e00
c8f17e00
c8f27e00
c8f37e00
c8f47e00
c8f57e00
c8f67e00
c8f77e00
c8f87e00
c8f97e00
c8fa7e00
c8fb7e00
c8fc7e00
c8fd7e00
c8fe7e00
c8ff7e00
c9007e00
c9017e00
c9027e00
c9037e00
c9047e00
c9057e00
c9067e00
c9077e00
c9087e00
c9097e00
c90a7e00
c90b7e00
c90c7e00
c90d7e00
c90e7e00
c90f7e00
c9107e00
c9117e00
c9127e00
c9137e00
c9147e00
c9157e00
c9167e00
c9177e00
c9187e00
c9197e00
c91a7e00
c91b7e00
c91c7e00
c91d7e00
c91e7e00
c91f7e00
c9207e00
c9217e00
c9227e00
c9237e00
c9247e00
c9257e00
c9267e00
c9277e00
c9287e00
c9297e00
c92a7e00
c92b7e00
c92c7e00
c92d7e00
c92e7e00
c92f7e00
c9307e00
c9317e00
c9327e00
c9337e00
c9347e00
c9357e00
c9367e00
c9377e00
c9387e00
c9397e00
c93a7e00
c93b7e00
c93c7e00
c93d7e00
c93e7e00
c93f7e00
c9407e00
c9417e00
c9427e00
c9437e00
c9447e00
c9457e00
c9467e00
c9477e00
c9487e00
c9497e00
c94a7e00
c94b7e00
c94c7e00
c94d7e00
c94e7e00
c94f7e00
c9507e00
c9517e00
c9527e00
c9537e00
c9547e00
c9557e00
c9567e00
c9577e00
c9587e00
c9597e00
c95a7e00
c95b7e00
c95c7e00
c95d7e00
c95e7e00
c95f7e00
c9607e00
c9617e00
c9627e00
c9637e00
c9647e00
c9657e00
c9667e00
c9677e00
c9687e00
c9697e00
c96a7e00
c96b7e00
c96c7e00
c96d7e00
c96e7e00
c96f7e00
c9707e00
c9717e00
c9727e00
c9737e00
c9747e00
c9757e00
c9767e00
c9777e00
c9787e00
c9797e00
c97a7e00
c97b7e00
c97c7e00
c97d7e00
c97e7e00
c97f7e00
c9807e00
c9817e00
c9827e00
c9837e00
c9847e00
c9857e00
c9867e00
c9877e00
c9887e00
c9897e00
c98a7e00
c98b7e00
c98c7e00
c98d7e00
c98e7e00
c98f7e00
c9907e00
c9917e00
c9927e00
c9937e00
c9947e00
c9957e00
c9967e00
c9977e00
c9987e00
c9997e00
c99a7e00
c99b7e00
c99c7e00
c99d7e00
c99e7e00
c99f7e00
c9a07e00
c9a17e00
c9a27e00
c9a37e00
c9a47e00
c9a57e00
c9a67e00
c9a77e00
c9a87e00
c9a97e00
c9aa7e00
c9ab7e00
c9ac7e00
c9ad7e00
c9ae7e00
c9af7e00
c9b07e00
c9b17e00
c9b27e00
c9b37e00
c9b47e00
c9b57e00
c9b67e00
c9b77e00
c9b87e00
c9b97e00
c9ba7e00
c9bb7e00
c9bc7e00
c9bd7e00
c9be7e00
c9bf7e00
c9c07e00
c9c17e00
c9c27e00
c9c37e00
c9c47e00
c9c57e00
c9c67e00
c9c77e00
c9c87e00
c9c97e00
c9ca7e00
c9cb7e00
c9cc7e00
c9cd7e00
c9ce7e00
c9cf7e00
c9d07e00
c9d17e00
c9d27e00
c9d37e00
c9d47e00
c9d57e00
c9d67e00
c9d77e00
c9d87e00
c9d97e00
c9da7e00
c9db7e00
c9dc7e00
c9dd7e00
c9de7e00
c9df7e00
c9e07e00
c9e17e00
c9e27e00
c9e37e00
c9e47e00
c9e57e00
c9e67e00
c9e77e00
c9e87e00
c9e97e00
c9ea7e00
c9eb7e00
c9ec7e00
c9ed7e00
c9ee7e00
c9ef7e00
c9f07e00
c9f17e00
c9f27e00
c9f37e00
c9f47e00
c9f57e00
c9f67e00
c9f77e00
c9f87e00
c9f97e00
c9fa7e00
c9fb7e00
c9fc7e00
c9fd7e00
c9fe7e00
c9ff7e00
ca007e00
ca017e00
ca027e00
ca037e00
ca047e00
ca057e00
ca067e00
ca077e00
ca087e00
ca097e00
ca0a7e00
ca0b7e00
ca0c7e00
ca0d7e00
ca0e7e00
ca0f7e00
ca107e00
ca117e00
ca127e00
ca137e00
ca147e00
ca157e00
ca167e00
ca177e00
ca187e00
ca197e00
ca1a7e00
ca1b7e00
ca1c7e00
ca1d7e00
ca1e7e00
ca1f7e00
ca207e00
ca217e00
ca227e00
ca237e00
ca247e00
ca257e00
ca267e00
ca277e00
ca287e00
ca297e00
ca2a7e00
ca2b7e00
ca2c7e00
ca2d7e00
ca2e7e00
ca2f7e00
ca307e00
ca317e00
ca327e00
ca337e00
ca347e00
ca357e00
ca367e00
ca377e00
ca387e00
ca397e00
ca3a7e00
ca3b7e00
ca3c7e00
ca3d7e00
ca3e7e00
ca3f7e00
ca407e00
ca417e00
ca427e00
ca437e00
ca447e00
ca457e00
ca467e00
ca477e00
ca487e00
ca497e00
ca4a7e00
ca4b7e00
ca4c7e00
ca4d7e00
ca4e7e00
ca4f7e00
ca507e00
ca517e00
ca527e00
ca537e00
ca547e00
ca557e00
ca567e00
ca577e00
ca587e00
ca597e00
ca5a7e00
ca5b7e00
ca5c7e00
ca5d7e00
ca5e7e00
ca5f7e00
ca607e00
ca617e00
ca627e00
ca637e00
ca647e00
ca657e00
ca667e00
ca677e00
ca687e00
ca697e00
ca6a7e00
ca6b7e00
ca6c7e00
ca6d7e00
ca6e7e00
ca6f7e00
ca707e00
ca717e00
ca727e00
ca737e00
ca747e00
ca757e00
ca767e00
ca777e00
ca787e00
ca797e00
ca7a7e00
ca7b7e00
ca7c7e00
ca7d7e00
ca7e7e00
ca7f7e00
ca807e00
ca817e00
ca827e00
ca837e00
ca847e00
ca857e00
ca867e00
ca877e00
ca887e00
ca897e00
ca8a7e00
ca8b7e00
ca8c7e00
ca8d7e00
ca8e7e00
ca8f7e00
ca907e00
ca917e00
ca927e00
ca937e00
ca947e00
ca957e00
ca967e00
ca977e00
ca987e00
ca997e00
ca9a7e00
ca9b7e00
ca9c7e00
ca9d7e00
ca9e7e00
ca9f7e00
caa07e00
caa17e00
caa27e00
caa37e00
caa47e00
caa57e00
caa67e00
caa77e00
caa87e00
caa97e00
caaa7e00
caab7e00
caac7e00
caad7e00
caae7e00
caaf7e00
cab07e00
cab17e00
cab27e00
cab37e00
cab47e00
cab57e00
cab67e00
cab77e00
cab87e00
cab97e00
caba7e00
cabb7e00
cabc7e00
cabd7e00
cabe7e00
cabf7e00
cac07e00
cac17e00
cac27e00
cac37e00
cac47e00
cac57e00
cac67e00
cac77e00
cac87e00
cac97e00
caca7e00
cacb7e00
cacc7e00
cacd7e00
cace7e00
cacf7e00
cad07e00
cad17e00
cad27e00
cad37e00
cad47e00
cad57e00
cad67e00
cad77e00
cad87e00
cad97e00
cada7e00
cadb7e00
cadc7e00
cadd7e00
cade7e00
cadf7e00
cae07e00
cae17e00
cae27e00
cae37e00
cae47e00
cae57e00
cae67e00
cae77e00
cae87e00
cae97e00
caea7e00
caeb7e00
caec7e00
caed7e00
caee7e00
caef7e00
caf07e00
caf17e00
caf27e00
caf37e00
caf47e00
caf57e00
caf67e00
caf77e00
caf87e00
caf97e00
cafa7e00
cafb7e00
cafc7e00
cafd7e00
cafe7e00
caff7e00
cb007e00
cb017e00
cb027e00
cb037e00
cb047e00
cb057e00
cb067e00
cb077e00
cb087e00
cb097e00
cb0a7e00
cb0b7e00
cb0c7e00
cb0d7e00
cb0e7e00
cb0f7e00
cb107e00
cb117e00
cb127e00
cb137e00
cb147e00
cb157e00
cb167e00
cb177e00
cb187e00
cb197e00
cb1a7e00
cb1b7e00
cb1c7e00
cb1d7e00
cb1e7e00
cb1f7e00
cb207e00
cb217e00
cb227e00
cb237e00
cb247e00
cb257e00
cb267e00
cb277e00
cb287e00
cb297e00
cb2a7e00
cb2b7e00
cb2c7e00
cb2d7e00
cb2e7e00
cb2f7e00
cb307e00
cb317e00
cb327e00
cb337e00
cb347e00
cb357e00
cb367e00
cb377e00
cb387e00
cb397e00
cb3a7e00
cb3b7e00
cb3c7e00
cb3d7e00
cb3e7e00
cb3f7e00
cb407e00
cb417e00
cb427e00
cb437e00
cb447e00
cb457e00
cb467e00
cb477e00
cb487e00
cb497e00
cb4a7e00
cb4b7e00
cb4c7e00
cb4d7e00
cb4e7e00
cb4f7e00
cb507e00
cb517e00
cb527e00
cb537e00
cb547e00
cb557e00
cb567e00
cb577e00
cb587e00
cb597e00
cb5a7e00
cb5b7e00
cb5c7e00
cb5d7e00
cb5e7e00
cb5f7e00
cb607e00
cb617e00
cb627e00
cb637e00
cb647e00
cb657e00
cb667e00
cb677e00
cb687e00
cb697e00
cb6a7e00
cb6b7e00
cb6c7e00
cb6d7e00
cb6e7e00
cb6f7e00
cb707e00
cb717e00
cb727e00
cb737e00
cb747e00
cb757e00
cb767e00
cb777e00
cb787e00
cb797e00
cb7a7e00
cb7b7e00
cb7c7e00
cb7d7e00
cb7e7e00
cb7f7e00
cb807e00
cb817e00
cb827e00
cb837e00
cb847e00
cb857e00
cb867e00
cb877e00
cb887e00
cb897e00
cb8a7e00
cb8b7e00
cb8c7e00
cb8d7e00
cb8e7e00
cb8f7e00
cb907e00
cb917e00
cb927e00
cb937e00
cb947e00
cb957e00
cb967e00
cb977e00
cb987e00
cb997e00
cb9a7e00
cb9b7e00
cb9c7e00
cb9d7e00
cb9e7e00
cb9f7e00
cba07e00
cba17e00
cba27e00
cba37e00
cba47e00
cba57e00
cba67e00
cba77e00
cba87e00
cba97e00
cbaa7e00
cbab7e00
cbac7e00
cbad7e00
cbae7e00
cbaf7e00
cbb07e00
cbb17e00
cbb27e00
cbb37e00
cbb47e00
cbb57e00
cbb67e00
cbb77e00
cbb87e00
cbb97e00
cbba7e00
cbbb7e00
cbbc7e00
cbbd7e00
cbbe7e00
cbbf7e00
cbc07e00
cbc17e00
cbc27e00
cbc37e00
cbc47e00
cbc57e00
cbc67e00
cbc77e00
cbc87e00
cbc97e00
cbca7e00
cbcb7e00
cbcc7e00
cbcd7e00
cbce7e00
cbcf7e00
cbd07e00
cbd17e00
cbd27e00
cbd37e00
cbd47e00
cbd57e00
cbd67e00
cbd77e00
cbd87e00
cbd97e00
cbda7e00
cbdb7e00
cbdc7e00
cbdd7e00
cbde7e00
cbdf7e00
cbe07e00
cbe17e00
cbe27e00
cbe37e00
cbe47e00
cbe57e00
cbe67e00
cbe77e00
cbe87e00
cbe97e00
cbea7e00
cbeb7e00
cbec7e00
cbed7e00
cbee7e00
cbef7e00
cbf07e00
cbf17e00
cbf27e00
cbf37e00
cbf47e00
cbf57e00
cbf67e00
cbf77e00
cbf87e00
cbf97e00
cbfa7e00
cbfb7e00
cbfc7e00
cbfd7e00
cbfe7e00
cbff7e00
cc007e00
cc017e00
cc027e00
cc037e00
cc047e00
cc057e00
cc067e00
cc077e00
cc087e00
cc097e00
cc0a7e00
cc0b7e00
cc0c7e00
cc0d7e00
cc0e7e00
cc0f7e00
cc107e00
cc117e00
cc127e00
cc137e00
cc147e00
cc157e00
cc167e00
cc177e00
cc187e00
cc197e00
cc1a7e00
cc1b7e00
cc1c7e00
cc1d7e00
cc1e7e00
cc1f7e00
cc207e00
cc217e00
cc227e00
cc237e00
cc247e00
cc257e00
cc267e00
cc277e00
cc287e00
cc297e00
cc2a7e00
cc2b7e00
cc2c7e00
cc2d7e00
cc2e7e00
cc2f7e00
cc307e00
cc317e00
cc327e00
cc337e00
cc347e00
cc357e00
cc367e00
cc377e00
cc387e00
cc397e00
cc3a7e00
cc3b7e00
cc3c7e00
cc3d7e00
cc3e7e00
cc3f7e00
cc407e00
cc417e00
cc427e00
cc437e00
cc447e00
cc457e00
cc467e00
cc477e00
cc487e00
cc497e00
cc4a7e00
cc4b7e00
cc4c7e00
cc4d7e00
cc4e7e00
cc4f7e00
cc507e00
cc517e00
cc527e00
cc537e00
cc547e00
cc557e00
cc567e00
cc577e00
cc587e00
cc597e00
cc5a7e00
cc5b7e00
cc5c7e00
cc5d7e00
cc5e7e00
cc5f7e00
cc607e00
cc617e00
cc627e00
cc637e00
cc647e00
cc657e00
cc667e00
cc677e00
cc687e00
cc697e00
cc6a7e00
cc6b7e00
cc6c7e00
cc6d7e00
cc6e7e00
cc6f7e00
cc707e00
cc717e00
cc727e00
cc737e00
cc747e00
cc757e00
cc767e00
cc777e00
cc787e00
cc797e00
cc7a7e00
cc7b7e00
cc7c7e00
cc7d7e00
cc7e7e00
cc7f7e00
cc807e00
cc817e00
cc827e00
cc837e00
cc847e00
cc857e00
cc867e00
cc877e00
cc887e00
cc897e00
cc8a7e00
cc8b7e00
cc8c7e00
cc8d7e00
cc8e7e00
cc8f7e00
cc907e00
cc917e00
cc927e00
cc937e00
cc947e00
cc957e00
cc967e00
cc977e00
cc987e00
cc997e00
cc9a7e00
cc9b7e00
cc9c7e00
cc9d7e00
cc9e7e00
cc9f7e00
cca07e00
cca17e00
cca27e00
cca37e00
cca47e00
cca57e00
cca67e00
cca77e00
cca87e00
cca97e00
ccaa7e00
ccab7e00
ccac7e00
ccad7e00
ccae7e00
ccaf7e00
ccb07e00
ccb17e00
ccb27e00
ccb37e00
ccb47e00
ccb57e00
ccb67e00
ccb77e00
ccb87e00
ccb97e00
ccba7e00
ccbb7e00
ccbc7e00
ccbd7e00
ccbe7e00
ccbf7e00
ccc07e00
ccc17e00
ccc27e00
ccc37e00
ccc47e00
ccc57e00
ccc67e00
ccc77e00
ccc87e00
ccc97e00
ccca7e00
cccb7e00
cccc7e00
cccd7e00
ccce7e00
cccf7e00
ccd07e00
ccd17e00
ccd27e00
ccd37e00
ccd47e00
ccd57e00
ccd67e00
ccd77e00
ccd87e00
ccd97e00
ccda7e00
ccdb7e00
ccdc7e00
ccdd7e00
ccde7e00
ccdf7e00
cce07e00
cce17e00
cce27e00
cce37e00
cce47e00
cce57e00
cce67e00
cce77e00
cce87e00
cce97e00
ccea7e00
cceb7e00
ccec7e00
cced7e00
ccee7e00
ccef7e00
ccf07e00
ccf17e00
ccf27e00
ccf37e00
ccf47e00
ccf57e00
ccf67e00
ccf77e00
ccf87e00
ccf97e00
ccfa7e00
ccfb7e00
ccfc7e00
ccfd7e00
ccfe7e00
ccff7e00
cd007e00
cd017e00
cd027e00
cd037e00
cd047e00
cd057e00
cd067e00
cd077e00
cd087e00
cd097e00
cd0a7e00
cd0b7e00
cd0c7e00
cd0d7e00
cd0e7e00
cd0f7e00
cd107e00
cd117e00
cd127e00
cd137e00
cd147e00
cd157e00
cd167e00
cd177e00
cd187e00
cd197e00
cd1a7e00
cd1b7e00
cd1c7e00
cd1d7e00
cd1e7e00
cd1f7e00
cd207e00
cd217e00
cd227e00
cd237e00
cd247e00
cd257e00
cd267e00
cd277e00
cd287e00
cd297e00
cd2a7e00
cd2b7e00
cd2c7e00
cd2d7e00
cd2e7e00
cd2f7e00
cd307e00
cd317e00
cd327e00
cd337e00
cd347e00
cd357e00
cd367e00
cd377e00
cd387e00
cd397e00
cd3a7e00
cd3b7e00
cd3c7e00
cd3d7e00
cd3e7e00
cd3f7e00
cd407e00
cd417e00
cd427e00
cd437e00
cd447e00
cd457e00
cd467e00
cd477e00
cd487e00
cd497e00
cd4a7e00
cd4b7e00
cd4c7e00
cd4d7e00
cd4e7e00
cd4f7e00
cd507e00
cd517e00
cd527e00
cd537e00
cd547e00
cd557e00
cd567e00
cd577e00
cd587e00
cd597e00
cd5a7e00
cd5b7e00
cd5c7e00
cd5d7e00
cd5e7e00
cd5f7e00
cd607e00
cd617e00
cd627e00
cd637e00
cd647e00
cd657e00
cd667e00
cd677e00
cd687e00
cd697e00
cd6a7e00
cd6b7e00
cd6c7e00
cd6d7e00
cd6e7e00
cd6f7e00
cd707e00
cd717e00
cd727e00
cd737e00
cd747e00
cd757e00
cd767e00
cd777e00
cd787e00
cd797e00
cd7a7e00
cd7b7e00
cd7c7e00
cd7d7e00
cd7e7e00
cd7f7e00
cd807e00
cd817e00
cd827e00
cd837e00
cd847e00
cd857e00
cd867e00
cd877e00
cd887e00
cd897e00
cd8a7e00
cd8b7e00
cd8c7e00
cd8d7e00
cd8e7e00
cd8f7e00
cd907e00
cd917e00
cd927e00
cd937e00
cd947e00
cd957e00
cd967e00
cd977e00
cd987e00
cd997e00
cd9a7e00
cd9b7e00
cd9c7e00
cd9d7e00
cd9e7e00
cd9f7e00
cda07e00
cda17e00
cda27e00
cda37e00
cda47e00
cda57e00
cda67e00
cda77e00
cda87e00
cda97e00
cdaa7e00
cdab7e00
cdac7e00
cdad7e00
cdae7e00
cdaf7e00
cdb07e00
cdb17e00
cdb27e00
cdb37e00
cdb47e00
cdb57e00
cdb67e00
cdb77e00
cdb87e00
cdb97e00
cdba7e00
cdbb7e00
cdbc7e00
cdbd7e00
cdbe7e00
cdbf7e00
cdc07e00
cdc17e00
cdc27e00
cdc37e00
cdc47e00
cdc57e00
cdc67e00
cdc77e00
cdc87e00
cdc97e00
cdca7e00
cdcb7e00
cdcc7e00
cdcd7e00
cdce7e00
cdcf7e00
cdd07e00
cdd17e00
cdd27e00
cdd37e00
cdd47e00
cdd57e00
cdd67e00
cdd77e00
cdd87e00
cdd97e00
cdda7e00
cddb7e00
cddc7e00
cddd7e00
cdde7e00
cddf7e00
cde07e00
cde17e00
cde27e00
cde37e00
cde47e00
cde57e00
cde67e00
cde77e00
cde87e00
cde97e00
cdea7e00
cdeb7e00
cdec7e00
cded7e00
cdee7e00
cdef7e00
cdf07e00
cdf17e00
cdf27e00
cdf37e00
cdf47e00
cdf57e00
cdf67e00
cdf77e00
cdf87e00
cdf97e00
cdfa7e00
cdfb7e00
cdfc7e00
cdfd7e00
cdfe7e00
cdff7e00
ce007e00
ce017e00
ce027e00
ce037e00
ce047e00
ce057e00
ce067e00
ce077e00
ce087e00
ce097e00
ce0a7e00
ce0b7e00
ce0c7e00
ce0d7e00
ce0e7e00
ce0f7e00
ce107e00
ce117e00
ce127e00
ce137e00
ce147e00
ce157e00
ce167e00
ce177e00
ce187e00
ce197e00
ce1a7e00
ce1b7e00
ce1c7e00
ce1d7e00
ce1e7e00
ce1f7e00
ce207e00
ce217e00
ce227e00
ce237e00
ce247e00
ce257e00
ce267e00
ce277e00
ce287e00
ce297e00
ce2a7e00
ce2b7e00
ce2c7e00
ce2d7e00
ce2e7e00
ce2f7e00
ce307e00
ce317e00
ce327e00
ce337e00
ce347e00
ce357e00
ce367e00
ce377e00
ce387e00
ce397e00
ce3a7e00
ce3b7e00
ce3c7e00
ce3d7e00
ce3e7e00
ce3f7e00
ce407e00
ce417e00
ce427e00
ce437e00
ce447e00
ce457e00
ce467e00
ce477e00
ce487e00
ce497e00
ce4a7e00
ce4b7e00
ce4c7e00
ce4d7e00
ce4e7e00
ce4f7e00
ce507e00
ce517e00
ce527e00
ce537e00
ce547e00
ce557e00
ce567e00
ce577e00
ce587e00
ce597e00
ce5a7e00
ce5b7e00
ce5c7e00
ce5d7e00
ce5e7e00
ce5f7e00
ce607e00
ce617e00
ce627e00
ce637e00
ce647e00
ce657e00
ce667e00
ce677e00
ce687e00
ce697e00
ce6a7e00
ce6b7e00
ce6c7e00
ce6d7e00
ce6e7e00
ce6f7e00
ce707e00
ce717e00
ce727e00
ce737e00
ce747e00
ce757e00
ce767e00
ce777e00
ce787e00
ce797e00
ce7a7e00
ce7b7e00
ce7c7e00
ce7d7e00
ce7e7e00
ce7f7e00
ce807e00
ce817e00
ce827e00
ce837e00
ce847e00
ce857e00
ce867e00
ce877e00
ce887e00
ce897e00
ce8a7e00
ce8b7e00
ce8c7e00
ce8d7e00
ce8e7e00
ce8f7e00
ce907e00
ce917e00
ce927e00
ce937e00
ce947e00
ce957e00
ce967e00
ce977e00
ce987e00
ce997e00
ce9a7e00
ce9b7e00
ce9c7e00
ce9d7e00
ce9e7e00
ce9f7e00
cea07e00
cea17e00
cea27e00
cea37e00
cea47e00
cea57e00
cea67e00
cea77e00
cea87e00
cea97e00
ceaa7e00
ceab7e00
ceac7e00
cead7e00
ceae7e00
ceaf7e00
ceb07e00
ceb17e00
ceb27e00
ceb37e00
ceb47e00
ceb57e00
ceb67e00
ceb77e00
ceb87e00
ceb97e00
ceba7e00
cebb7e00
cebc7e00
cebd7e00
cebe7e00
cebf7e00
cec07e00
cec17e00
cec27e00
cec37e00
cec47e00
cec57e00
cec67e00
cec77e00
cec87e00
cec97e00
ceca7e00
cecb7e00
cecc7e00
cecd7e00
cece7e00
cecf7e00
ced07e00
ced17e00
ced27e00
ced37e00
ced47e00
ced57e00
ced67e00
ced77e00
ced87e00
ced97e00
ceda7e00
cedb7e00
cedc7e00
cedd7e00
cede7e00
cedf7e00
cee07e00
cee17e00
cee27e00
cee37e00
cee47e00
cee57e00
cee67e00
cee77e00
cee87e00
cee97e00
ceea7e00
ceeb7e00
ceec7e00
ceed7e00
ceee7e00
ceef7e00
cef07e00
cef17e00
cef27e00
cef37e00
cef47e00
cef57e00
cef67e00
cef77e00
cef87e00
cef97e00
cefa7e00
cefb7e00
cefc7e00
cefd7e00
cefe7e00
ceff7e00
cf007e00
cf017e00
cf027e00
cf037e00
cf047e00
cf057e00
cf067e00
cf077e00
cf087e00
cf097e00
cf0a7e00
cf0b7e00
cf0c7e00
cf0d7e00
cf0e7e00
cf0f7e00
cf107e00
cf117e00
cf127e00
cf137e00
cf147e00
cf157e00
cf167e00
cf177e00
cf187e00
cf197e00
cf1a7e00
cf1b7e00
cf1c7e00
cf1d7e00
cf1e7e00
cf1f7e00
cf207e00
cf217e00
cf227e00
cf237e00
cf247e00
cf257e00
cf267e00
cf277e00
cf287e00
cf297e00
cf2a7e00
cf2b7e00
cf2c7e00
cf2d7e00
cf2e7e00
cf2f7e00
cf307e00
cf317e00
cf327e00
cf337e00
cf347e00
cf357e00
cf367e00
cf377e00
cf387e00
cf397e00
cf3a7e00
cf3b7e00
cf3c7e00
cf3d7e00
cf3e7e00
cf3f7e00
cf407e00
cf417e00
cf427e00
cf437e00
cf447e00
cf457e00
cf467e00
cf477e00
cf487e00
cf497e00
cf4a7e00
cf4b7e00
cf4c7e00
cf4d7e00
cf4e7e00
cf4f7e00
cf507e00
cf517e00
cf527e00
cf537e00
cf547e00
cf557e00
cf567e00
cf577e00
cf587e00
cf597e00
cf5a7e00
cf5b7e00
cf5c7e00
cf5d7e00
cf5e7e00
cf5f7e00
cf607e00
cf617e00
cf627e00
cf637e00
cf647e00
cf657e00
cf667e00
cf677e00
cf687e00
cf697e00
cf6a7e00
cf6b7e00
cf6c7e00
cf6d7e00
cf6e7e00
cf6f7e00
cf707e00
cf717e00
cf727e00
cf737e00
cf747e00
cf757e00
cf767e00
cf777e00
cf787e00
cf797e00
cf7a7e00
cf7b7e00
cf7c7e00
cf7d7e00
cf7e7e00
cf7f7e00
cf807e00
cf817e00
cf827e00
cf837e00
cf847e00
cf857e00
cf867e00
cf877e00
cf887e00
cf897e00
cf8a7e00
cf8b7e00
cf8c7e00
cf8d7e00
cf8e7e00
cf8f7e00
cf907e00
cf917e00
cf927e00
cf937e00
cf947e00
cf957e00
cf967e00
cf977e00
cf987e00
cf997e00
cf9a7e00
cf9b7e00
cf9c7e00
cf9d7e00
cf9e7e00
cf9f7e00
cfa07e00
cfa17e00
cfa27e00
cfa37e00
cfa47e00
cfa57e00
cfa67e00
cfa77e00
cfa87e00
cfa97e00
cfaa7e00
cfab7e00
cfac7e00
cfad7e00
cfae7e00
cfaf7e00
cfb07e00
cfb17e00
cfb27e00
cfb37e00
cfb47e00
cfb57e00
cfb67e00
cfb77e00
cfb87e00
cfb97e00
cfba7e00
cfbb7e00
cfbc7e00
cfbd7e00
cfbe7e00
cfbf7e00
cfc07e00
cfc17e00
cfc27e00
cfc37e00
cfc47e00
cfc57e00
cfc67e00
cfc77e00
cfc87e00
cfc97e00
cfca7e00
cfcb7e00
cfcc7e00
cfcd7e00
cfce7e00
cfcf7e00
cfd07e00
cfd17e00
cfd27e00
cfd37e00
cfd47e00
cfd57e00
cfd67e00
cfd77e00
cfd87e00
cfd97e00
cfda7e00
cfdb7e00
cfdc7e00
cfdd7e00
cfde7e00
cfdf7e00
cfe07e00
cfe17e00
cfe27e00
cfe37e00
cfe47e00
cfe57e00
cfe67e00
cfe77e00
cfe87e00
cfe97e00
cfea7e00
cfeb7e00
cfec7e00
cfed7e00
cfee7e00
cfef7e00
cff07e00
cff17e00
cff27e00
cff37e00
cff47e00
cff57e00
cff67e00
cff77e00
cff87e00
cff97e00
cffa7e00
cffb7e00
cffc7e00
cffd7e00
cffe7e00
cfff7e00
d0007e00
d0017e00
d0027e00
d0037e00
d0047e00
d0057e00
d0067e00
d0077e00
d0087e00
d0097e00
d00a7e00
d00b7e00
d00c7e00
d00d7e00
d00e7e00
d00f7e00
d0107e00
d0117e00
d0127e00
d0137e00
d0147e00
d0157e00
d0167e00
d0177e00
d0187e00
d0197e00
d01a7e00
d01b7e00
d01c7e00
d01d7e00
d01e7e00
d01f7e00
d0207e00
d0217e00
d0227e00
d0237e00
d0247e00
d0257e00
d0267e00
d0277e00
d0287e00
d0297e00
d02a7e00
d02b7e00
d02c7e00
d02d7e00
d02e7e00
d02f7e00
d0307e00
d0317e00
d0327e00
d0337e00
d0347e00
d0357e00
d0367e00
d0377e00
d0387e00
d0397e00
d03a7e00
d03b7e00
d03c7e00
d03d7e00
d03e7e00
d03f7e00
d0407e00
d0417e00
d0427e00
d0437e00
d0447e00
d0457e00
d0467e00
d0477e00
d0487e00
d0497e00
d04a7e00
d04b7e00
d04c7e00
d04d7e00
d04e7e00
d04f7e00
d0507e00
d0517e00
d0527e00
d0537e00
d0547e00
d0557e00
d0567e00
d0577e00
d0587e00
d0597e00
d05a7e00
d05b7e00
d05c7e00
d05d7e00
d05e7e00
d05f7e00
d0607e00
d0617e00
d0627e00
d0637e00
d0647e00
d0657e00
d0667e00
d0677e00
d0687e00
d0697e00
d06a7e00
d06b7e00
d06c7e00
d06d7e00
d06e7e00
d06f7e00
d0707e00
d0717e00
d0727e00
d0737e00
d0747e00
d0757e00
d0767e00
d0777e00
d0787e00
d0797e00
d07a7e00
d07b7e00
d07c7e00
d07d7e00
d07e7e00
d07f7e00
d0807e00
d0817e00
d0827e00
d0837e00
d0847e00
d0857e00
d0867e00
d0877e00
d0887e00
d0897e00
d08a7e00
d08b7e00
d08c7e00
d08d7e00
d08e7e00
d08f7e00
d0907e00
d0917e00
d0927e00
d0937e00
d0947e00
d0957e00
d0967e00
d0977e00
d0987e00
d0997e00
d09a7e00
d09b7e00
d09c7e00
d09d7e00
d09e7e00
d09f7e00
d0a07e00
d0a17e00
d0a27e00
d0a37e00
d0a47e00
d0a57e00
d0a67e00
d0a77e00
d0a87e00
d0a97e00
d0aa7e00
d0ab7e00
d0ac7e00
d0ad7e00
d0ae7e00
d0af7e00
d0b07e00
d0b17e00
d0b27e00
d0b37e00
d0b47e00
d0b57e00
d0b67e00
d0b77e00
d0b87e00
d0b97e00
d0ba7e00
d0bb7e00
d0bc7e00
d0bd7e00
d0be7e00
d0bf7e00
d0c07e00
d0c17e00
d0c27e00
d0c37e00
d0c47e00
d0c57e00
d0c67e00
d0c77e00
d0c87e00
d0c97e00
d0ca7e00
d0cb7e00
d0cc7e00
d0cd7e00
d0ce7e00
d0cf7e00
d0d07e00
d0d17e00
d0d27e00
d0d37e00
d0d47e00
d0d57e00
d0d67e00
d0d77e00
d0d87e00
d0d97e00
d0da7e00
d0db7e00
d0dc7e00
d0dd7e00
d0de7e00
d0df7e00
d0e07e00
d0e17e00
d0e27e00
d0e37e00
d0e47e00
d0e57e00
d0e67e00
d0e77e00
d0e87e00
d0e97e00
d0ea7e00
d0eb7e00
d0ec7e00
d0ed7e00
d0ee7e00
d0ef7e00
d0f07e00
d0f17e00
d0f27e00
d0f37e00
d0f47e00
d0f57e00
d0f67e00
d0f77e00
d0f87e00
d0f97e00
d0fa7e00
d0fb7e00
d0fc7e00
d0fd7e00
d0fe7e00
d0ff7e00
d1007e00
d1017e00
d1027e00
d1037e00
d1047e00
d1057e00
d1067e00
d1077e00
d1087e00
d1097e00
d10a7e00
d10b7e00
d10c7e00
d10d7e00
d10e7e00
d10f7e00
d1107e00
d1117e00
d1127e00
d1137e00
d1147e00
d1157e00
d1167e00
d1177e00
d1187e00
d1197e00
d11a7e00
d11b7e00
d11c7e00
d11d7e00
d11e7e00
d11f7e00
d1207e00
d1217e00
d1227e00
d1237e00
d1247e00
d1257e00
d1267e00
d1277e00
d1287e00
d1297e00
d12a7e00
d12b7e00
d12c7e00
d12d7e00
d12e7e00
d12f7e00
d1307e00
d1317e00
d1327e00
d1337e00
d1347e00
d1357e00
d1367e00
d1377e00
d1387e00
d1397e00
d13a7e00
d13b7e00
d13c7e00
d13d7e00
d13e7e00
d13f7e00
d1407e00
d1417e00
d1427e00
d1437e00
d1447e00
d1457e00
d1467e00
d1477e00
d1487e00
d1497e00
d14a7e00
d14b7e00
d14c7e00
d14d7e00
d14e7e00
d14f7e00
d1507e00
d1517e00
d1527e00
d1537e00
d1547e00
d1557e00
d1567e00
d1577e00
d1587e00
d1597e00
d15a7e00
d15b7e00
d15c7e00
d15d7e00
d15e7e00
d15f7e00
d1607e00
d1617e00
d1627e00
d1637e00
d1647e00
d1657e00
d1667e00
d1677e00
d1687e00
d1697e00
d16a7e00
d16b7e00
d16c7e00
d16d7e00
d16e7e00
d16f7e00
d1707e00
d1717e00
d1727e00
d1737e00
d1747e00
d1757e00
d1767e00
d1777e00
d1787e00
d1797e00
d17a7e00
d17b7e00
d17c7e00
d17d7e00
d17e7e00
d17f7e00
d1807e00
d1817e00
d1827e00
d1837e00
d1847e00
d1857e00
d1867e00
d1877e00
d1887e00
d1897e00
d18a7e00
d18b7e00
d18c7e00
d18d7e00
d18e7e00
d18f7e00
d1907e00
d1917e00
d1927e00
d1937e00
d1947e00
d1957e00
d1967e00
d1977e00
d1987e00
d1997e00
d19a7e00
d19b7e00
d19c7e00
d19d7e00
d19e7e00
d19f7e00
d1a07e00
d1a17e00
d1a27e00
d1a37e00
d1a47e00
d1a57e00
d1a67e00
d1a77e00
d1a87e00
d1a97e00
d1aa7e00
d1ab7e00
d1ac7e00
d1ad7e00
d1ae7e00
d1af7e00
d1b07e00
d1b17e00
d1b27e00
d1b37e00
d1b47e00
d1b57e00
d1b67e00
d1b77e00
d1b87e00
d1b97e00
d1ba7e00
d1bb7e00
d1bc7e00
d1bd7e00
d1be7e00
d1bf7e00
d1c07e00
d1c17e00
d1c27e00
d1c37e00
d1c47e00
d1c57e00
d1c67e00
d1c77e00
d1c87e00
d1c97e00
d1ca7e00
d1cb7e00
d1cc7e00
d1cd7e00
d1ce7e00
d1cf7e00
d1d07e00
d1d17e00
d1d27e00
d1d37e00
d1d47e00
d1d57e00
d1d67e00
d1d77e00
d1d87e00
d1d97e00
d1da7e00
d1db7e00
d1dc7e00
d1dd7e00
d1de7e00
d1df7e00
d1e07e00
d1e17e00
d1e27e00
d1e37e00
d1e47e00
d1e57e00
d1e67e00
d1e77e00
d1e87e00
d1e97e00
d1ea7e00
d1eb7e00
d1ec7e00
d1ed7e00
d1ee7e00
d1ef7e00
d1f07e00
d1f17e00
d1f27e00
d1f37e00
d1f47e00
d1f57e00
d1f67e00
d1f77e00
d1f87e00
d1f97e00
d1fa7e00
d1fb7e00
d1fc7e00
d1fd7e00
d1fe7e00
d1ff7e00
d2007e00
d2017e00
d2027e00
d2037e00
d2047e00
d2057e00
d2067e00
d2077e00
d2087e00
d2097e00
d20a7e00
d20b7e00
d20c7e00
d20d7e00
d20e7e00
d20f7e00
d2107e00
d2117e00
d2127e00
d2137e00
d2147e00
d2157e00
d2167e00
d2177e00
d2187e00
d2197e00
d21a7e00
d21b7e00
d21c7e00
d21d7e00
d21e7e00
d21f7e00
d2207e00
d2217e00
d2227e00
d2237e00
d2247e00
d2257e00
d2267e00
d2277e00
d2287e00
d2297e00
d22a7e00
d22b7e00
d22c7e00
d22d7e00
d22e7e00
d22f7e00
d2307e00
d2317e00
d2327e00
d2337e00
d2347e00
d2357e00
d2367e00
d2377e00
d2387e00
d2397e00
d23a7e00
d23b7e00
d23c7e00
d23d7e00
d23e7e00
d23f7e00
d2407e00
d2417e00
d2427e00
d2437e00
d2447e00
d2457e00
d2467e00
d2477e00
d2487e00
d2497e00
d24a7e00
d24b7e00
d24c7e00
d24d7e00
d24e7e00
d24f7e00
d2507e00
d2517e00
d2527e00
d2537e00
d2547e00
d2557e00
d2567e00
d2577e00
d2587e00
d2597e00
d25a7e00
d25b7e00
d25c7e00
d25d7e00
d25e7e00
d25f7e00
d2607e00
d2617e00
d2627e00
d2637e00
d2647e00
d2657e00
d2667e00
d2677e00
d2687e00
d2697e00
d26a7e00
d26b7e00
d26c7e00
d26d7e00
d26e7e00
d26f7e00
d2707e00
d2717e00
d2727e00
d2737e00
d2747e00
d2757e00
d2767e00
d2777e00
d2787e00
d2797e00
d27a7e00
d27b7e00
d27c7e00
d27d7e00
d27e7e00
d27f7e00
d2807e00
d2817e00
d2827e00
d2837e00
d2847e00
d2857e00
d2867e00
d2877e00
d2887e00
d2897e00
d28a7e00
d28b7e00
d28c7e00
d28d7e00
d28e7e00
d28f7e00
d2907e00
d2917e00
d2927e00
d2937e00
d2947e00
d2957e00
d2967e00
d2977e00
d2987e00
d2997e00
d29a7e00
d29b7e00
d29c7e00
d29d7e00
d29e7e00
d29f7e00
d2a07e00
d2a17e00
d2a27e00
d2a37e00
d2a47e00
d2a57e00
d2a67e00
d2a77e00
d2a87e00
d2a97e00
d2aa7e00
d2ab7e00
d2ac7e00
d2ad7e00
d2ae7e00
d2af7e00
d2b07e00
d2b17e00
d2b27e00
d2b37e00
d2b47e00
d2b57e00
d2b67e00
d2b77e00
d2b87e00
d2b97e00
d2ba7e00
d2bb7e00
d2bc7e00
d2bd7e00
d2be7e00
d2bf7e00
d2c07e00
d2c17e00
d2c27e00
d2c37e00
d2c47e00
d2c57e00
d2c67e00
d2c77e00
d2c87e00
d2c97e00
d2ca7e00
d2cb7e00
d2cc7e00
d2cd7e00
d2ce7e00
d2cf7e00
d2d07e00
d2d17e00
d2d27e00
d2d37e00
d2d47e00
d2d57e00
d2d67e00
d2d77e00
d2d87e00
d2d97e00
d2da7e00
d2db7e00
d2dc7e00
d2dd7e00
d2de7e00
d2df7e00
d2e07e00
d2e17e00
d2e27e00
d2e37e00
d2e47e00
d2e57e00
d2e67e00
d2e77e00
d2e87e00
d2e97e00
d2ea7e00
d2eb7e00
d2ec7e00
d2ed7e00
d2ee7e00
d2ef7e00
d2f07e00
d2f17e00
d2f27e00
d2f37e00
d2f47e00
d2f57e00
d2f67e00
d2f77e00
d2f87e00
d2f97e00
d2fa7e00
d2fb7e00
d2fc7e00
d2fd7e00
d2fe7e00
d2ff7e00
d3007e00
d3017e00
d3027e00
d3037e00
d3047e00
d3057e00
d3067e00
d3077e00
d3087e00
d3097e00
d30a7e00
d30b7e00
d30c7e00
d30d7e00
d30e7e00
d30f7e00
d3107e00
d3117e00
d3127e00
d3137e00
d3147e00
d3157e00
d3167e00
d3177e00
d3187e00
d3197e00
d31a7e00
d31b7e00
d31c7e00
d31d7e00
d31e7e00
d31f7e00
d3207e00
d3217e00
d3227e00
d3237e00
d3247e00
d3257e00
d3267e00
d3277e00
d3287e00
d3297e00
d32a7e00
d32b7e00
d32c7e00
d32d7e00
d32e7e00
d32f7e00
d3307e00
d3317e00
d3327e00
d3337e00
d3347e00
d3357e00
d3367e00
d3377e00
d3387e00
d3397e00
d33a7e00
d33b7e00
d33c7e00
d33d7e00
d33e7e00
d33f7e00
d3407e00
d3417e00
d3427e00
d3437e00
d3447e00
d3457e00
d3467e00
d3477e00
d3487e00
d3497e00
d34a7e00
d34b7e00
d34c7e00
d34d7e00
d34e7e00
d34f7e00
d3507e00
d3517e00
d3527e00
d3537e00
d3547e00
d3557e00
d3567e00
d3577e00
d3587e00
d3597e00
d35a7e00
d35b7e00
d35c7e00
d35d7e00
d35e7e00
d35f7e00
d3607e00
d3617e00
d3627e00
d3637e00
d3647e00
d3657e00
d3667e00
d3677e00
d3687e00
d3697e00
d36a7e00
d36b7e00
d36c7e00
d36d7e00
d36e7e00
d36f7e00
d3707e00
d3717e00
d3727e00
d3737e00
d3747e00
d3757e00
d3767e00
d3777e00
d3787e00
d3797e00
d37a7e00
d37b7e00
d37c7e00
d37d7e00
d37e7e00
d37f7e00
d3807e00
d3817e00
d3827e00
d3837e00
d3847e00
d3857e00
d3867e00
d3877e00
d3887e00
d3897e00
d38a7e00
d38b7e00
d38c7e00
d38d7e00
d38e7e00
d38f7e00
d3907e00
d3917e00
d3927e00
d3937e00
d3947e00
d3957e00
d3967e00
d3977e00
d3987e00
d3997e00
d39a7e00
d39b7e00
d39c7e00
d39d7e00
d39e7e00
d39f7e00
d3a07e00
d3a17e00
d3a27e00
d3a37e00
d3a47e00
d3a57e00
d3a67e00
d3a77e00
d3a87e00
d3a97e00
d3aa7e00
d3ab7e00
d3ac7e00
d3ad7e00
d3ae7e00
d3af7e00
d3b07e00
d3b17e00
d3b27e00
d3b37e00
d3b47e00
d3b57e00
d3b67e00
d3b77e00
d3b87e00
d3b97e00
d3ba7e00
d3bb7e00
d3bc7e00
d3bd7e00
d3be7e00
d3bf7e00
d3c07e00
d3c17e00
d3c27e00
d3c37e00
d3c47e00
d3c57e00
d3c67e00
d3c77e00
d3c87e00
d3c97e00
d3ca7e00
d3cb7e00
d3cc7e00
d3cd7e00
d3ce7e00
d3cf7e00
d3d07e00
d3d17e00
d3d27e00
d3d37e00
d3d47e00
d3d57e00
d3d67e00
d3d77e00
d3d87e00
d3d97e00
d3da7e00
d3db7e00
d3dc7e00
d3dd7e00
d3de7e00
d3df7e00
d3e07e00
d3e17e00
d3e27e00
d3e37e00
d3e47e00
d3e57e00
d3e67e00
d3e77e00
d3e87e00
d3e97e00
d3ea7e00
d3eb7e00
d3ec7e00
d3ed7e00
d3ee7e00
d3ef7e00
d3f07e00
d3f17e00
d3f27e00
d3f37e00
d3f47e00
d3f57e00
d3f67e00
d3f77e00
d3f87e00
d3f97e00
d3fa7e00
d3fb7e00
d3fc7e00
d3fd7e00
d3fe7e00
d3ff7e00
d4007e00
d4017e00
d4027e00
d4037e00
d4047e00
d4057e00
d4067e00
d4077e00
d4087e00
d4097e00
d40a7e00
d40b7e00
d40c7e00
d40d7e00
d40e7e00
d40f7e00
d4107e00
d4117e00
d4127e00
d4137e00
d4147e00
d4157e00
d4167e00
d4177e00
d4187e00
d4197e00
d41a7e00
d41b7e00
d41c7e00
d41d7e00
d41e7e00
d41f7e00
d4207e00
d4217e00
d4227e00
d4237e00
d4247e00
d4257e00
d4267e00
d4277e00
d4287e00
d4297e00
d42a7e00
d42b7e00
d42c7e00
d42d7e00
d42e7e00
d42f7e00
d4307e00
d4317e00
d4327e00
d4337e00
d4347e00
d4357e00
d4367e00
d4377e00
d4387e00
d4397e00
d43a7e00
d43b7e00
d43c7e00
d43d7e00
d43e7e00
d43f7e00
d4407e00
d4417e00
d4427e00
d4437e00
d4447e00
d4457e00
d4467e00
d4477e00
d4487e00
d4497e00
d44a7e00
d44b7e00
d44c7e00
d44d7e00
d44e7e00
d44f7e00
d4507e00
d4517e00
d4527e00
d4537e00
d4547e00
d4557e00
d4567e00
d4577e00
d4587e00
d4597e00
d45a7e00
d45b7e00
d45c7e00
d45d7e00
d45e7e00
d45f7e00
d4607e00
d4617e00
d4627e00
d4637e00
d4647e00
d4657e00
d4667e00
d4677e00
d4687e00
d4697e00
d46a7e00
d46b7e00
d46c7e00
d46d7e00
d46e7e00
d46f7e00
d4707e00
d4717e00
d4727e00
d4737e00
d4747e00
d4757e00
d4767e00
d4777e00
d4787e00
d4797e00
d47a7e00
d47b7e00
d47c7e00
d47d7e00
d47e7e00
d47f7e00
d4807e00
d4817e00
d4827e00
d4837e00
d4847e00
d4857e00
d4867e00
d4877e00
d4887e00
d4897e00
d48a7e00
d48b7e00
d48c7e00
d48d7e00
d48e7e00
d48f7e00
d4907e00
d4917e00
d4927e00
d4937e00
d4947e00
d4957e00
d4967e00
d4977e00
d4987e00
d4997e00
d49a7e00
d49b7e00
d49c7e00
d49d7e00
d49e7e00
d49f7e00
d4a07e00
d4a17e00
d4a27e00
d4a37e00
d4a47e00
d4a57e00
d4a67e00
d4a77e00
d4a87e00
d4a97e00
d4aa7e00
d4ab7e00
d4ac7e00
d4ad7e00
d4ae7e00
d4af7e00
d4b07e00
d4b17e00
d4b27e00
d4b37e00
d4b47e00
d4b57e00
d4b67e00
d4b77e00
d4b87e00
d4b97e00
d4ba7e00
d4bb7e00
d4bc7e00
d4bd7e00
d4be7e00
d4bf7e00
d4c07e00
d4c17e00
d4c27e00
d4c37e00
d4c47e00
d4c57e00
d4c67e00
d4c77e00
d4c87e00
d4c97e00
d4ca7e00
d4cb7e00
d4cc7e00
d4cd7e00
d4ce7e00
d4cf7e00
d4d07e00
d4d17e00
d4d27e00
d4d37e00
d4d47e00
d4d57e00
d4d67e00
d4d77e00
d4d87e00
d4d97e00
d4da7e00
d4db7e00
d4dc7e00
d4dd7e00
d4de7e00
d4df7e00
d4e07e00
d4e17e00
d4e27e00
d4e37e00
d4e47e00
d4e57e00
d4e67e00
d4e77e00
d4e87e00
d4e97e00
d4ea7e00
d4eb7e00
d4ec7e00
d4ed7e00
d4ee7e00
d4ef7e00
d4f07e00
d4f17e00
d4f27e00
d4f37e00
d4f47e00
d4f57e00
d4f67e00
d4f77e00
d4f87e00
d4f97e00
d4fa7e00
d4fb7e00
d4fc7e00
d4fd7e00
d4fe7e00
d4ff7e00
d5007e00
d5017e00
d5027e00
d5037e00
d5047e00
d5057e00
d5067e00
d5077e00
d5087e00
d5097e00
d50a7e00
d50b7e00
d50c7e00
d50d7e00
d50e7e00
d50f7e00
d5107e00
d5117e00
d5127e00
d5137e00
d5147e00
d5157e00
d5167e00
d5177e00
d5187e00
d5197e00
d51a7e00
d51b7e00
d51c7e00
d51d7e00
d51e7e00
d51f7e00
d5207e00
d5217e00
d5227e00
d5237e00
d5247e00
d5257e00
d5267e00
d5277e00
d5287e00
d5297e00
d52a7e00
d52b7e00
d52c7e00
d52d7e00
d52e7e00
d52f7e00
d5307e00
d5317e00
d5327e00
d5337e00
d5347e00
d5357e00
d5367e00
d5377e00
d5387e00
d5397e00
d53a7e00
d53b7e00
d53c7e00
d53d7e00
d53e7e00
d53f7e00
d5407e00
d5417e00
d5427e00
d5437e00
d5447e00
d5457e00
d5467e00
d5477e00
d5487e00
d5497e00
d54a7e00
d54b7e00
d54c7e00
d54d7e00
d54e7e00
d54f7e00
d5507e00
d5517e00
d5527e00
d5537e00
d5547e00
d5557e00
d5567e00
d5577e00
d5587e00
d5597e00
d55a7e00
d55b7e00
d55c7e00
d55d7e00
d55e7e00
d55f7e00
d5607e00
d5617e00
d5627e00
d5637e00
d5647e00
d5657e00
d5667e00
d5677e00
d5687e00
d5697e00
d56a7e00
d56b7e00
d56c7e00
d56d7e00
d56e7e00
d56f7e00
d5707e00
d5717e00
d5727e00
d5737e00
d5747e00
d5757e00
d5767e00
d5777e00
d5787e00
d5797e00
d57a7e00
d57b7e00
d57c7e00
d57d7e00
d57e7e00
d57f7e00
d5807e00
d5817e00
d5827e00
d5837e00
d5847e00
d5857e00
d5867e00
d5877e00
d5887e00
d5897e00
d58a7e00
d58b7e00
d58c7e00
d58d7e00
d58e7e00
d58f7e00
d5907e00
d5917e00
d5927e00
d5937e00
d5947e00
d5957e00
d5967e00
d5977e00
d5987e00
d5997e00
d59a7e00
d59b7e00
d59c7e00
d59d7e00
d59e7e00
d59f7e00
d5a07e00
d5a17e00
d5a27e00
d5a37e00
d5a47e00
d5a57e00
d5a67e00
d5a77e00
d5a87e00
d5a97e00
d5aa7e00
d5ab7e00
d5ac7e00
d5ad7e00
d5ae7e00
d5af7e00
d5b07e00
d5b17e00
d5b27e00
d5b37e00
d5b47e00
d5b57e00
d5b67e00
d5b77e00
d5b87e00
d5b97e00
d5ba7e00
d5bb7e00
d5bc7e00
d5bd7e00
d5be7e00
d5bf7e00
d5c07e00
d5c17e00
d5c27e00
d5c37e00
d5c47e00
d5c57e00
d5c67e00
d5c77e00
d5c87e00
d5c97e00
d5ca7e00
d5cb7e00
d5cc7e00
d5cd7e00
d5ce7e00
d5cf7e00
d5d07e00
d5d17e00
d5d27e00
d5d37e00
d5d47e00
d5d57e00
d5d67e00
d5d77e00
d5d87e00
d5d97e00
d5da7e00
d5db7e00
d5dc7e00
d5dd7e00
d5de7e00
d5df7e00
d5e07e00
d5e17e00
d5e27e00
d5e37e00
d5e47e00
d5e57e00
d5e67e00
d5e77e00
d5e87e00
d5e97e00
d5ea7e00
d5eb7e00
d5ec7e00
d5ed7e00
d5ee7e00
d5ef7e00
d5f07e00
d5f17e00
d5f27e00
d5f37e00
d5f47e00
d5f57e00
d5f67e00
d5f77e00
d5f87e00
d5f97e00
d5fa7e00
d5fb7e00
d5fc7e00
d5fd7e00
d5fe7e00
d5ff7e00
d6007e00
d6017e00
d6027e00
d6037e00
d6047e00
d6057e00
d6067e00
d6077e00
d6087e00
d6097e00
d60a7e00
d60b7e00
d60c7e00
d60d7e00
d60e7e00
d60f7e00
d6107e00
d6117e00
d6127e00
d6137e00
d6147e00
d6157e00
d6167e00
d6177e00
d6187e00
d6197e00
d61a7e00
d61b7e00
d61c7e00
d61d7e00
d61e7e00
d61f7e00
d6207e00
d6217e00
d6227e00
d6237e00
d6247e00
d6257e00
d6267e00
d6277e00
d6287e00
d6297e00
d62a7e00
d62b7e00
d62c7e00
d62d7e00
d62e7e00
d62f7e00
d6307e00
d6317e00
d6327e00
d6337e00
d6347e00
d6357e00
d6367e00
d6377e00
d6387e00
d6397e00
d63a7e00
d63b7e00
d63c7e00
d63d7e00
d63e7e00
d63f7e00
d6407e00
d6417e00
d6427e00
d6437e00
d6447e00
d6457e00
d6467e00
d6477e00
d6487e00
d6497e00
d64a7e00
d64b7e00
d64c7e00
d64d7e00
d64e7e00
d64f7e00
d6507e00
d6517e00
d6527e00
d6537e00
d6547e00
d6557e00
d6567e00
d6577e00
d6587e00
d6597e00
d65a7e00
d65b7e00
d65c7e00
d65d7e00
d65e7e00
d65f7e00
d6607e00
d6617e00
d6627e00
d6637e00
d6647e00
d6657e00
d6667e00
d6677e00
d6687e00
d6697e00
d66a7e00
d66b7e00
d66c7e00
d66d7e00
d66e7e00
d66f7e00
d6707e00
d6717e00
d6727e00
d6737e00
d6747e00
d6757e00
d6767e00
d6777e00
d6787e00
d6797e00
d67a7e00
d67b7e00
d67c7e00
d67d7e00
d67e7e00
d67f7e00
d6807e00
d6817e00
d6827e00
d6837e00
d6847e00
d6857e00
d6867e00
d6877e00
d6887e00
d6897e00
d68a7e00
d68b7e00
d68c7e00
d68d7e00
d68e7e00
d68f7e00
d6907e00
d6917e00
d6927e00
d6937e00
d6947e00
d6957e00
d6967e00
d6977e00
d6987e00
d6997e00
d69a7e00
d69b7e00
d69c7e00
d69d7e00
d69e7e00
d69f7e00
d6a07e00
d6a17e00
d6a27e00
d6a37e00
d6a47e00
d6a57e00
d6a67e00
d6a77e00
d6a87e00
d6a97e00
d6aa7e00
d6ab7e00
d6ac7e00
d6ad7e00
d6ae7e00
d6af7e00
d6b07e00
d6b17e00
d6b27e00
d6b37e00
d6b47e00
d6b57e00
d6b67e00
d6b77e00
d6b87e00
d6b97e00
d6ba7e00
d6bb7e00
d6bc7e00
d6bd7e00
d6be7e00
d6bf7e00
d6c07e00
d6c17e00
d6c27e00
d6c37e00
d6c47e00
d6c57e00
d6c67e00
d6c77e00
d6c87e00
d6c97e00
d6ca7e00
d6cb7e00
d6cc7e00
d6cd7e00
d6ce7e00
d6cf7e00
d6d07e00
d6d17e00
d6d27e00
d6d37e00
d6d47e00
d6d57e00
d6d67e00
d6d77e00
d6d87e00
d6d97e00
d6da7e00
d6db7e00
d6dc7e00
d6dd7e00
d6de7e00
d6df7e00
d6e07e00
d6e17e00
d6e27e00
d6e37e00
d6e47e00
d6e57e00
d6e67e00
d6e77e00
d6e87e00
d6e97e00
d6ea7e00
d6eb7e00
d6ec7e00
d6ed7e00
d6ee7e00
d6ef7e00
d6f07e00
d6f17e00
d6f27e00
d6f37e00
d6f47e00
d6f57e00
d6f67e00
d6f77e00
d6f87e00
d6f97e00
d6fa7e00
d6fb7e00
d6fc7e00
d6fd7e00
d6fe7e00
d6ff7e00
d7007e00
d7017e00
d7027e00
d7037e00
d7047e00
d7057e00
d7067e00
d7077e00
d7087e00
d7097e00
d70a7e00
d70b7e00
d70c7e00
d70d7e00
d70e7e00
d70f7e00
d7107e00
d7117e00
d7127e00
d7137e00
d7147e00
d7157e00
d7167e00
d7177e00
d7187e00
d7197e00
d71a7e00
d71b7e00
d71c7e00
d71d7e00
d71e7e00
d71f7e00
d7207e00
d7217e00
d7227e00
d7237e00
d7247e00
d7257e00
d7267e00
d7277e00
d7287e00
d7297e00
d72a7e00
d72b7e00
d72c7e00
d72d7e00
d72e7e00
d72f7e00
d7307e00
d7317e00
d7327e00
d7337e00
d7347e00
d7357e00
d7367e00
d7377e00
d7387e00
d7397e00
d73a7e00
d73b7e00
d73c7e00
d73d7e00
d73e7e00
d73f7e00
d7407e00
d7417e00
d7427e00
d7437e00
d7447e00
d7457e00
d7467e00
d7477e00
d7487e00
d7497e00
d74a7e00
d74b7e00
d74c7e00
d74d7e00
d74e7e00
d74f7e00
d7507e00
d7517e00
d7527e00
d7537e00
d7547e00
d7557e00
d7567e00
d7577e00
d7587e00
d7597e00
d75a7e00
d75b7e00
d75c7e00
d75d7e00
d75e7e00
d75f7e00
d7607e00
d7617e00
d7627e00
d7637e00
d7647e00
d7657e00
d7667e00
d7677e00
d7687e00
d7697e00
d76a7e00
d76b7e00
d76c7e00
d76d7e00
d76e7e00
d76f7e00
d7707e00
d7717e00
d7727e00
d7737e00
d7747e00
d7757e00
d7767e00
d7777e00
d7787e00
d7797e00
d77a7e00
d77b7e00
d77c7e00
d77d7e00
d77e7e00
d77f7e00
d7807e00
d7817e00
d7827e00
d7837e00
d7847e00
d7857e00
d7867e00
d7877e00
d7887e00
d7897e00
d78a7e00
d78b7e00
d78c7e00
d78d7e00
d78e7e00
d78f7e00
d7907e00
d7917e00
d7927e00
d7937e00
d7947e00
d7957e00
d7967e00
d7977e00
d7987e00
d7997e00
d79a7e00
d79b7e00
d79c7e00
d79d7e00
d79e7e00
d79f7e00
d7a07e00
d7a17e00
d7a27e00
d7a37e00
d7a47e00
d7a57e00
d7a67e00
d7a77e00
d7a87e00
d7a97e00
d7aa7e00
d7ab7e00
d7ac7e00
d7ad7e00
d7ae7e00
d7af7e00
d7b07e00
d7b17e00
d7b27e00
d7b37e00
d7b47e00
d7b57e00
d7b67e00
d7b77e00
d7b87e00
d7b97e00
d7ba7e00
d7bb7e00
d7bc7e00
d7bd7e00
d7be7e00
d7bf7e00
d7c07e00
d7c17e00
d7c27e00
d7c37e00
d7c47e00
d7c57e00
d7c67e00
d7c77e00
d7c87e00
d7c97e00
d7ca7e00
d7cb7e00
d7cc7e00
d7cd7e00
d7ce7e00
d7cf7e00
d7d07e00
d7d17e00
d7d27e00
d7d37e00
d7d47e00
d7d57e00
d7d67e00
d7d77e00
d7d87e00
d7d97e00
d7da7e00
d7db7e00
d7dc7e00
d7dd7e00
d7de7e00
d7df7e00
d7e07e00
d7e17e00
d7e27e00
d7e37e00
d7e47e00
d7e57e00
d7e67e00
d7e77e00
d7e87e00
d7e97e00
d7ea7e00
d7eb7e00
d7ec7e00
d7ed7e00
d7ee7e00
d7ef7e00
d7f07e00
d7f17e00
d7f27e00
d7f37e00
d7f47e00
d7f57e00
d7f67e00
d7f77e00
d7f87e00
d7f97e00
d7fa7e00
d7fb7e00
d7fc7e00
d7fd7e00
d7fe7e00
d7ff7e00
d8007e00
d8017e00
d8027e00
d8037e00
d8047e00
d8057e00
d8067e00
d8077e00
d8087e00
d8097e00
d80a7e00
d80b7e00
d80c7e00
d80d7e00
d80e7e00
d80f7e00
d8107e00
d8117e00
d8127e00
d8137e00
d8147e00
d8157e00
d8167e00
d8177e00
d8187e00
d8197e00
d81a7e00
d81b7e00
d81c7e00
d81d7e00
d81e7e00
d81f7e00
d8207e00
d8217e00
d8227e00
d8237e00
d8247e00
d8257e00
d8267e00
d8277e00
d8287e00
d8297e00
d82a7e00
d82b7e00
d82c7e00
d82d7e00
d82e7e00
d82f7e00
d8307e00
d8317e00
d8327e00
d8337e00
d8347e00
d8357e00
d8367e00
d8377e00
d8387e00
d8397e00
d83a7e00
d83b7e00
d83c7e00
d83d7e00
d83e7e00
d83f7e00
d8407e00
d8417e00
d8427e00
d8437e00
d8447e00
d8457e00
d8467e00
d8477e00
d8487e00
d8497e00
d84a7e00
d84b7e00
d84c7e00
d84d7e00
d84e7e00
d84f7e00
d8507e00
d8517e00
d8527e00
d8537e00
d8547e00
d8557e00
d8567e00
d8577e00
d8587e00
d8597e00
d85a7e00
d85b7e00
d85c7e00
d85d7e00
d85e7e00
d85f7e00
d8607e00
d8617e00
d8627e00
d8637e00
d8647e00
d8657e00
d8667e00
d8677e00
d8687e00
d8697e00
d86a7e00
d86b7e00
d86c7e00
d86d7e00
d86e7e00
d86f7e00
d8707e00
d8717e00
d8727e00
d8737e00
d8747e00
d8757e00
d8767e00
d8777e00
d8787e00
d8797e00
d87a7e00
d87b7e00
d87c7e00
d87d7e00
d87e7e00
d87f7e00
d8807e00
d8817e00
d8827e00
d8837e00
d8847e00
d8857e00
d8867e00
d8877e00
d8887e00
d8897e00
d88a7e00
d88b7e00
d88c7e00
d88d7e00
d88e7e00
d88f7e00
d8907e00
d8917e00
d8927e00
d8937e00
d8947e00
d8957e00
d8967e00
d8977e00
d8987e00
d8997e00
d89a7e00
d89b7e00
d89c7e00
d89d7e00
d89e7e00
d89f7e00
d8a07e00
d8a17e00
d8a27e00
d8a37e00
d8a47e00
d8a57e00
d8a67e00
d8a77e00
d8a87e00
d8a97e00
d8aa7e00
d8ab7e00
d8ac7e00
d8ad7e00
d8ae7e00
d8af7e00
d8b07e00
d8b17e00
d8b27e00
d8b37e00
d8b47e00
d8b57e00
d8b67e00
d8b77e00
d8b87e00
d8b97e00
d8ba7e00
d8bb7e00
d8bc7e00
d8bd7e00
d8be7e00
d8bf7e00
d8c07e00
d8c17e00
d8c27e00
d8c37e00
d8c47e00
d8c57e00
d8c67e00
d8c77e00
d8c87e00
d8c97e00
d8ca7e00
d8cb7e00
d8cc7e00
d8cd7e00
d8ce7e00
d8cf7e00
d8d07e00
d8d17e00
d8d27e00
d8d37e00
d8d47e00
d8d57e00
d8d67e00
d8d77e00
d8d87e00
d8d97e00
d8da7e00
d8db7e00
d8dc7e00
d8dd7e00
d8de7e00
d8df7e00
d8e07e00
d8e17e00
d8e27e00
d8e37e00
d8e47e00
d8e57e00
d8e67e00
d8e77e00
d8e87e00
d8e97e00
d8ea7e00
d8eb7e00
d8ec7e00
d8ed7e00
d8ee7e00
d8ef7e00
d8f07e00
d8f17e00
d8f27e00
d8f37e00
d8f47e00
d8f57e00
d8f67e00
d8f77e00
d8f87e00
d8f97e00
d8fa7e00
d8fb7e00
d8fc7e00
d8fd7e00
d8fe7e00
d8ff7e00
d9007e00
d9017e00
d9027e00
d9037e00
d9047e00
d9057e00
d9067e00
d9077e00
d9087e00
d9097e00
d90a7e00
d90b7e00
d90c7e00
d90d7e00
d90e7e00
d90f7e00
d9107e00
d9117e00
d9127e00
d9137e00
d9147e00
d9157e00
d9167e00
d9177e00
d9187e00
d9197e00
d91a7e00
d91b7e00
d91c7e00
d91d7e00
d91e7e00
d91f7e00
d9207e00
d9217e00
d9227e00
d9237e00
d9247e00
d9257e00
d9267e00
d9277e00
d9287e00
d9297e00
d92a7e00
d92b7e00
d92c7e00
d92d7e00
d92e7e00
d92f7e00
d9307e00
d9317e00
d9327e00
d9337e00
d9347e00
d9357e00
d9367e00
d9377e00
d9387e00
d9397e00
d93a7e00
d93b7e00
d93c7e00
d93d7e00
d93e7e00
d93f7e00
d9407e00
d9417e00
d9427e00
d9437e00
d9447e00
d9457e00
d9467e00
d9477e00
d9487e00
d9497e00
d94a7e00
d94b7e00
d94c7e00
d94d7e00
d94e7e00
d94f7e00
d9507e00
d9517e00
d9527e00
d9537e00
d9547e00
d9557e00
d9567e00
d9577e00
d9587e00
d9597e00
d95a7e00
d95b7e00
d95c7e00
d95d7e00
d95e7e00
d95f7e00
d9607e00
d9617e00
d9627e00
d9637e00
d9647e00
d9657e00
d9667e00
d9677e00
d9687e00
d9697e00
d96a7e00
d96b7e00
d96c7e00
d96d7e00
d96e7e00
d96f7e00
d9707e00
d9717e00
d9727e00
d9737e00
d9747e00
d9757e00
d9767e00
d9777e00
d9787e00
d9797e00
d97a7e00
d97b7e00
d97c7e00
d97d7e00
d97e7e00
d97f7e00
d9807e00
d9817e00
d9827e00
d9837e00
d9847e00
d9857e00
d9867e00
d9877e00
d9887e00
d9897e00
d98a7e00
d98b7e00
d98c7e00
d98d7e00
d98e7e00
d98f7e00
d9907e00
d9917e00
d9927e00
d9937e00
d9947e00
d9957e00
d9967e00
d9977e00
d9987e00
d9997e00
d99a7e00
d99b7e00
d99c7e00
d99d7e00
d99e7e00
d99f7e00
d9a07e00
d9a17e00
d9a27e00
d9a37e00
d9a47e00
d9a57e00
d9a67e00
d9a77e00
d9a87e00
d9a97e00
d9aa7e00
d9ab7e00
d9ac7e00
d9ad7e00
d9ae7e00
d9af7e00
d9b07e00
d9b17e00
d9b27e00
d9b37e00
d9b47e00
d9b57e00
d9b67e00
d9b77e00
d9b87e00
d9b97e00
d9ba7e00
d9bb7e00
d9bc7e00
d9bd7e00
d9be7e00
d9bf7e00
d9c07e00
d9c17e00
d9c27e00
d9c37e00
d9c47e00
d9c57e00
d9c67e00
d9c77e00
d9c87e00
d9c97e00
d9ca7e00
d9cb7e00
d9cc7e00
d9cd7e00
d9ce7e00
d9cf7e00
d9d07e00
d9d17e00
d9d27e00
d9d37e00
d9d47e00
d9d57e00
d9d67e00
d9d77e00
d9d87e00
d9d97e00
d9da7e00
d9db7e00
d9dc7e00
d9dd7e00
d9de7e00
d9df7e00
d9e07e00
d9e17e00
d9e27e00
d9e37e00
d9e47e00
d9e57e00
d9e67e00
d9e77e00
d9e87e00
d9e97e00
d9ea7e00
d9eb7e00
d9ec7e00
d9ed7e00
d9ee7e00
d9ef7e00
d9f07e00
d9f17e00
d9f27e00
d9f37e00
d9f47e00
d9f57e00
d9f67e00
d9f77e00
d9f87e00
d9f97e00
d9fa7e00
d9fb7e00
d9fc7e00
d9fd7e00
d9fe7e00
d9ff7e00
da007e00
da017e00
da027e00
da037e00
da047e00
da057e00
da067e00
da077e00
da087e00
da097e00
da0a7e00
da0b7e00
da0c7e00
da0d7e00
da0e7e00
da0f7e00
da107e00
da117e00
da127e00
da137e00
da147e00
da157e00
da167e00
da177e00
da187e00
da197e00
da1a7e00
da1b7e00
da1c7e00
da1d7e00
da1e7e00
da1f7e00
da207e00
da217e00
da227e00
da237e00
da247e00
da257e00
da267e00
da277e00
da287e00
da297e00
da2a7e00
da2b7e00
da2c7e00
da2d7e00
da2e7e00
da2f7e00
da307e00
da317e00
da327e00
da337e00
da347e00
da357e00
da367e00
da377e00
da387e00
da397e00
da3a7e00
da3b7e00
da3c7e00
da3d7e00
da3e7e00
da3f7e00
da407e00
da417e00
da427e00
da437e00
da447e00
da457e00
da467e00
da477e00
da487e00
da497e00
da4a7e00
da4b7e00
da4c7e00
da4d7e00
da4e7e00
da4f7e00
da507e00
da517e00
da527e00
da537e00
da547e00
da557e00
da567e00
da577e00
da587e00
da597e00
da5a7e00
da5b7e00
da5c7e00
da5d7e00
da5e7e00
da5f7e00
da607e00
da617e00
da627e00
da637e00
da647e00
da657e00
da667e00
da677e00
da687e00
da697e00
da6a7e00
da6b7e00
da6c7e00
da6d7e00
da6e7e00
da6f7e00
da707e00
da717e00
da727e00
da737e00
da747e00
da757e00
da767e00
da777e00
da787e00
da797e00
da7a7e00
da7b7e00
da7c7e00
da7d7e00
da7e7e00
da7f7e00
da807e00
da817e00
da827e00
da837e00
da847e00
da857e00
da867e00
da877e00
da887e00
da897e00
da8a7e00
da8b7e00
da8c7e00
da8d7e00
da8e7e00
da8f7e00
da907e00
da917e00
da927e00
da937e00
da947e00
da957e00
da967e00
da977e00
da987e00
da997e00
da9a7e00
da9b7e00
da9c7e00
da9d7e00
da9e7e00
da9f7e00
daa07e00
daa17e00
daa27e00
daa37e00
daa47e00
daa57e00
daa67e00
daa77e00
daa87e00
daa97e00
daaa7e00
daab7e00
daac7e00
daad7e00
daae7e00
daaf7e00
dab07e00
dab17e00
dab27e00
dab37e00
dab47e00
dab57e00
dab67e00
dab77e00
dab87e00
dab97e00
daba7e00
dabb7e00
dabc7e00
dabd7e00
dabe7e00
dabf7e00
dac07e00
dac17e00
dac27e00
dac37e00
dac47e00
dac57e00
dac67e00
dac77e00
dac87e00
dac97e00
daca7e00
dacb7e00
dacc7e00
dacd7e00
dace7e00
dacf7e00
dad07e00
dad17e00
dad27e00
dad37e00
dad47e00
dad57e00
dad67e00
dad77e00
dad87e00
dad97e00
dada7e00
dadb7e00
dadc7e00
dadd7e00
dade7e00
dadf7e00
dae07e00
dae17e00
dae27e00
dae37e00
dae47e00
dae57e00
dae67e00
dae77e00
dae87e00
dae97e00
daea7e00
daeb7e00
daec7e00
daed7e00
daee7e00
daef7e00
daf07e00
daf17e00
daf27e00
daf37e00
daf47e00
daf57e00
daf67e00
daf77e00
daf87e00
daf97e00
dafa7e00
dafb7e00
dafc7e00
dafd7e00
dafe7e00
daff7e00
db007e00
db017e00
db027e00
db037e00
db047e00
db057e00
db067e00
db077e00
db087e00
db097e00
db0a7e00
db0b7e00
db0c7e00
db0d7e00
db0e7e00
db0f7e00
db107e00
db117e00
db127e00
db137e00
db147e00
db157e00
db167e00
db177e00
db187e00
db197e00
db1a7e00
db1b7e00
db1c7e00
db1d7e00
db1e7e00
db1f7e00
db207e00
db217e00
db227e00
db237e00
db247e00
db257e00
db267e00
db277e00
db287e00
db297e00
db2a7e00
db2b7e00
db2c7e00
db2d7e00
db2e7e00
db2f7e00
db307e00
db317e00
db327e00
db337e00
db347e00
db357e00
db367e00
db377e00
db387e00
db397e00
db3a7e00
db3b7e00
db3c7e00
db3d7e00
db3e7e00
db3f7e00
db407e00
db417e00
db427e00
db437e00
db447e00
db457e00
db467e00
db477e00
db487e00
db497e00
db4a7e00
db4b7e00
db4c7e00
db4d7e00
db4e7e00
db4f7e00
db507e00
db517e00
db527e00
db537e00
db547e00
db557e00
db567e00
db577e00
db587e00
db597e00
db5a7e00
db5b7e00
db5c7e00
db5d7e00
db5e7e00
db5f7e00
db607e00
db617e00
db627e00
db637e00
db647e00
db657e00
db667e00
db677e00
db687e00
db697e00
db6a7e00
db6b7e00
db6c7e00
db6d7e00
db6e7e00
db6f7e00
db707e00
db717e00
db727e00
db737e00
db747e00
db757e00
db767e00
db777e00
db787e00
db797e00
db7a7e00
db7b7e00
db7c7e00
db7d7e00
db7e7e00
db7f7e00
db807e00
db817e00
db827e00
db837e00
db847e00
db857e00
db867e00
db877e00
db887e00
db897e00
db8a7e00
db8b7e00
db8c7e00
db8d7e00
db8e7e00
db8f7e00
db907e00
db917e00
db927e00
db937e00
db947e00
db957e00
db967e00
db977e00
db987e00
db997e00
db9a7e00
db9b7e00
db9c7e00
db9d7e00
db9e7e00
db9f7e00
dba07e00
dba17e00
dba27e00
dba37e00
dba47e00
dba57e00
dba67e00
dba77e00
dba87e00
dba97e00
dbaa7e00
dbab7e00
dbac7e00
dbad7e00
dbae7e00
dbaf7e00
dbb07e00
dbb17e00
dbb27e00
dbb37e00
dbb47e00
dbb57e00
dbb67e00
dbb77e00
dbb87e00
dbb97e00
dbba7e00
dbbb7e00
dbbc7e00
dbbd7e00
dbbe7e00
dbbf7e00
dbc07e00
dbc17e00
dbc27e00
dbc37e00
dbc47e00
dbc57e00
dbc67e00
dbc77e00
dbc87e00
dbc97e00
dbca7e00
dbcb7e00
dbcc7e00
dbcd7e00
dbce7e00
dbcf7e00
dbd07e00
dbd17e00
dbd27e00
dbd37e00
dbd47e00
dbd57e00
dbd67e00
dbd77e00
dbd87e00
dbd97e00
dbda7e00
dbdb7e00
dbdc7e00
dbdd7e00
dbde7e00
dbdf7e00
dbe07e00
dbe17e00
dbe27e00
dbe37e00
dbe47e00
dbe57e00
dbe67e00
dbe77e00
dbe87e00
dbe97e00
dbea7e00
dbeb7e00
dbec7e00
dbed7e00
dbee7e00
dbef7e00
dbf07e00
dbf17e00
dbf27e00
dbf37e00
dbf47e00
dbf57e00
dbf67e00
dbf77e00
dbf87e00
dbf97e00
dbfa7e00
dbfb7e00
dbfc7e00
dbfd7e00
dbfe7e00
dbff7e00
dc007e00
dc017e00
dc027e00
dc037e00
dc047e00
dc057e00
dc067e00
dc077e00
dc087e00
dc097e00
dc0a7e00
dc0b7e00
dc0c7e00
dc0d7e00
dc0e7e00
dc0f7e00
dc107e00
dc117e00
dc127e00
dc137e00
dc147e00
dc157e00
dc167e00
dc177e00
dc187e00
dc197e00
dc1a7e00
dc1b7e00
dc1c7e00
dc1d7e00
dc1e7e00
dc1f7e00
dc207e00
dc217e00
dc227e00
dc237e00
dc247e00
dc257e00
dc267e00
dc277e00
dc287e00
dc297e00
dc2a7e00
dc2b7e00
dc2c7e00
dc2d7e00
dc2e7e00
dc2f7e00
dc307e00
dc317e00
dc327e00
dc337e00
dc347e00
dc357e00
dc367e00
dc377e00
dc387e00
dc397e00
dc3a7e00
dc3b7e00
dc3c7e00
dc3d7e00
dc3e7e00
dc3f7e00
dc407e00
dc417e00
dc427e00
dc437e00
dc447e00
dc457e00
dc467e00
dc477e00
dc487e00
dc497e00
dc4a7e00
dc4b7e00
dc4c7e00
dc4d7e00
dc4e7e00
dc4f7e00
dc507e00
dc517e00
dc527e00
dc537e00
dc547e00
dc557e00
dc567e00
dc577e00
dc587e00
dc597e00
dc5a7e00
dc5b7e00
dc5c7e00
dc5d7e00
dc5e7e00
dc5f7e00
dc607e00
dc617e00
dc627e00
dc637e00
dc647e00
dc657e00
dc667e00
dc677e00
dc687e00
dc697e00
dc6a7e00
dc6b7e00
dc6c7e00
dc6d7e00
dc6e7e00
dc6f7e00
dc707e00
dc717e00
dc727e00
dc737e00
dc747e00
dc757e00
dc767e00
dc777e00
dc787e00
dc797e00
dc7a7e00
dc7b7e00
dc7c7e00
dc7d7e00
dc7e7e00
dc7f7e00
dc807e00
dc817e00
dc827e00
dc837e00
dc847e00
dc857e00
dc867e00
dc877e00
dc887e00
dc897e00
dc8a7e00
dc8b7e00
dc8c7e00
dc8d7e00
dc8e7e00
dc8f7e00
dc907e00
dc917e00
dc927e00
dc937e00
dc947e00
dc957e00
dc967e00
dc977e00
dc987e00
dc997e00
dc9a7e00
dc9b7e00
dc9c7e00
dc9d7e00
dc9e7e00
dc9f7e00
dca07e00
dca17e00
dca27e00
dca37e00
dca47e00
dca57e00
dca67e00
dca77e00
dca87e00
dca97e00
dcaa7e00
dcab7e00
dcac7e00
dcad7e00
dcae7e00
dcaf7e00
dcb07e00
dcb17e00
dcb27e00
dcb37e00
dcb47e00
dcb57e00
dcb67e00
dcb77e00
dcb87e00
dcb97e00
dcba7e00
dcbb7e00
dcbc7e00
dcbd7e00
dcbe7e00
dcbf7e00
dcc07e00
dcc17e00
dcc27e00
dcc37e00
dcc47e00
dcc57e00
dcc67e00
dcc77e00
dcc87e00
dcc97e00
dcca7e00
dccb7e00
dccc7e00
dccd7e00
dcce7e00
dccf7e00
dcd07e00
dcd17e00
dcd27e00
dcd37e00
dcd47e00
dcd57e00
dcd67e00
dcd77e00
dcd87e00
dcd97e00
dcda7e00
dcdb7e00
dcdc7e00
dcdd7e00
dcde7e00
dcdf7e00
dce07e00
dce17e00
dce27e00
dce37e00
dce47e00
dce57e00
dce67e00
dce77e00
dce87e00
dce97e00
dcea7e00
dceb7e00
dcec7e00
dced7e00
dcee7e00
dcef7e00
dcf07e00
dcf17e00
dcf27e00
dcf37e00
dcf47e00
dcf57e00
dcf67e00
dcf77e00
dcf87e00
dcf97e00
dcfa7e00
dcfb7e00
dcfc7e00
dcfd7e00
dcfe7e00
dcff7e00
dd007e00
dd017e00
dd027e00
dd037e00
dd047e00
dd057e00
dd067e00
dd077e00
dd087e00
dd097e00
dd0a7e00
dd0b7e00
dd0c7e00
dd0d7e00
dd0e7e00
dd0f7e00
dd107e00
dd117e00
dd127e00
dd137e00
dd147e00
dd157e00
dd167e00
dd177e00
dd187e00
dd197e00
dd1a7e00
dd1b7e00
dd1c7e00
dd1d7e00
dd1e7e00
dd1f7e00
dd207e00
dd217e00
dd227e00
dd237e00
dd247e00
dd257e00
dd267e00
dd277e00
dd287e00
dd297e00
dd2a7e00
dd2b7e00
dd2c7e00
dd2d7e00
dd2e7e00
dd2f7e00
dd307e00
dd317e00
dd327e00
dd337e00
dd347e00
dd357e00
dd367e00
dd377e00
dd387e00
dd397e00
dd3a7e00
dd3b7e00
dd3c7e00
dd3d7e00
dd3e7e00
dd3f7e00
dd407e00
dd417e00
dd427e00
dd437e00
dd447e00
dd457e00
dd467e00
dd477e00
dd487e00
dd497e00
dd4a7e00
dd4b7e00
dd4c7e00
dd4d7e00
dd4e7e00
dd4f7e00
dd507e00
dd517e00
dd527e00
dd537e00
dd547e00
dd557e00
dd567e00
dd577e00
dd587e00
dd597e00
dd5a7e00
dd5b7e00
dd5c7e00
dd5d7e00
dd5e7e00
dd5f7e00
dd607e00
dd617e00
dd627e00
dd637e00
dd647e00
dd657e00
dd667e00
dd677e00
dd687e00
dd697e00
dd6a7e00
dd6b7e00
dd6c7e00
dd6d7e00
dd6e7e00
dd6f7e00
dd707e00
dd717e00
dd727e00
dd737e00
dd747e00
dd757e00
dd767e00
dd777e00
dd787e00
dd797e00
dd7a7e00
dd7b7e00
dd7c7e00
dd7d7e00
dd7e7e00
dd7f7e00
dd807e00
dd817e00
dd827e00
dd837e00
dd847e00
dd857e00
dd867e00
dd877e00
dd887e00
dd897e00
dd8a7e00
dd8b7e00
dd8c7e00
dd8d7e00
dd8e7e00
dd8f7e00
dd907e00
dd917e00
dd927e00
dd937e00
dd947e00
dd957e00
dd967e00
dd977e00
dd987e00
dd997e00
dd9a7e00
dd9b7e00
dd9c7e00
dd9d7e00
dd9e7e00
dd9f7e00
dda07e00
dda17e00
dda27e00
dda37e00
dda47e00
dda57e00
dda67e00
dda77e00
dda87e00
dda97e00
ddaa7e00
ddab7e00
ddac7e00
ddad7e00
ddae7e00
ddaf7e00
ddb07e00
ddb17e00
ddb27e00
ddb37e00
ddb47e00
ddb57e00
ddb67e00
ddb77e00
ddb87e00
ddb97e00
ddba7e00
ddbb7e00
ddbc7e00
ddbd7e00
ddbe7e00
ddbf7e00
ddc07e00
ddc17e00
ddc27e00
ddc37e00
ddc47e00
ddc57e00
ddc67e00
ddc77e00
ddc87e00
ddc97e00
ddca7e00
ddcb7e00
ddcc7e00
ddcd7e00
ddce7e00
ddcf7e00
ddd07e00
ddd17e00
ddd27e00
ddd37e00
ddd47e00
ddd57e00
ddd67e00
ddd77e00
ddd87e00
ddd97e00
ddda7e00
dddb7e00
dddc7e00
dddd7e00
ddde7e00
dddf7e00
dde07e00
dde17e00
dde27e00
dde37e00
dde47e00
dde57e00
dde67e00
dde77e00
dde87e00
dde97e00
ddea7e00
ddeb7e00
ddec7e00
dded7e00
ddee7e00
ddef7e00
ddf07e00
ddf17e00
ddf27e00
ddf37e00
ddf47e00
ddf57e00
ddf67e00
ddf77e00
ddf87e00
ddf97e00
ddfa7e00
ddfb7e00
ddfc7e00
ddfd7e00
ddfe7e00
ddff7e00
de007e00
de017e00
de027e00
de037e00
de047e00
de057e00
de067e00
de077e00
de087e00
de097e00
de0a7e00
de0b7e00
de0c7e00
de0d7e00
de0e7e00
de0f7e00
de107e00
de117e00
de127e00
de137e00
de147e00
de157e00
de167e00
de177e00
de187e00
de197e00
de1a7e00
de1b7e00
de1c7e00
de1d7e00
de1e7e00
de1f7e00
de207e00
de217e00
de227e00
de237e00
de247e00
de257e00
de267e00
de277e00
de287e00
de297e00
de2a7e00
de2b7e00
de2c7e00
de2d7e00
de2e7e00
de2f7e00
de307e00
de317e00
de327e00
de337e00
de347e00
de357e00
de367e00
de377e00
de387e00
de397e00
de3a7e00
de3b7e00
de3c7e00
de3d7e00
de3e7e00
de3f7e00
de407e00
de417e00
de427e00
de437e00
de447e00
de457e00
de467e00
de477e00
de487e00
de497e00
de4a7e00
de4b7e00
de4c7e00
de4d7e00
de4e7e00
de4f7e00
de507e00
de517e00
de527e00
de537e00
de547e00
de557e00
de567e00
de577e00
de587e00
de597e00
de5a7e00
de5b7e00
de5c7e00
de5d7e00
de5e7e00
de5f7e00
de607e00
de617e00
de627e00
de637e00
de647e00
de657e00
de667e00
de677e00
de687e00
de697e00
de6a7e00
de6b7e00
de6c7e00
de6d7e00
de6e7e00
de6f7e00
de707e00
de717e00
de727e00
de737e00
de747e00
de757e00
de767e00
de777e00
de787e00
de797e00
de7a7e00
de7b7e00
de7c7e00
de7d7e00
de7e7e00
de7f7e00
de807e00
de817e00
de827e00
de837e00
de847e00
de857e00
de867e00
de877e00
de887e00
de897e00
de8a7e00
de8b7e00
de8c7e00
de8d7e00
de8e7e00
de8f7e00
de907e00
de917e00
de927e00
de937e00
de947e00
de957e00
de967e00
de977e00
de987e00
de997e00
de9a7e00
de9b7e00
de9c7e00
de9d7e00
de9e7e00
de9f7e00
dea07e00
dea17e00
dea27e00
dea37e00
dea47e00
dea57e00
dea67e00
dea77e00
dea87e00
dea97e00
deaa7e00
deab7e00
deac7e00
dead7e00
deae7e00
deaf7e00
deb07e00
deb17e00
deb27e00
deb37e00
deb47e00
deb57e00
deb67e00
deb77e00
deb87e00
deb97e00
deba7e00
debb7e00
debc7e00
debd7e00
debe7e00
debf7e00
dec07e00
dec17e00
dec27e00
dec37e00
dec47e00
dec57e00
dec67e00
dec77e00
dec87e00
dec97e00
deca7e00
decb7e00
decc7e00
decd7e00
dece7e00
decf7e00
ded07e00
ded17e00
ded27e00
ded37e00
ded47e00
ded57e00
ded67e00
ded77e00
ded87e00
ded97e00
deda7e00
dedb7e00
dedc7e00
dedd7e00
dede7e00
dedf7e00
dee07e00
dee17e00
dee27e00
dee37e00
dee47e00
dee57e00
dee67e00
dee77e00
dee87e00
dee97e00
deea7e00
deeb7e00
deec7e00
deed7e00
deee7e00
deef7e00
def07e00
def17e00
def27e00
def37e00
def47e00
def57e00
def67e00
def77e00
def87e00
def97e00
defa7e00
defb7e00
defc7e00
defd7e00
defe7e00
deff7e00
df007e00
df017e00
df027e00
df037e00
df047e00
df057e00
df067e00
df077e00
df087e00
df097e00
df0a7e00
df0b7e00
df0c7e00
df0d7e00
df0e7e00
df0f7e00
df107e00
df117e00
df127e00
df137e00
df147e00
df157e00
df167e00
df177e00
df187e00
df197e00
df1a7e00
df1b7e00
df1c7e00
df1d7e00
df1e7e00
df1f7e00
df207e00
df217e00
df227e00
df237e00
df247e00
df257e00
df267e00
df277e00
df287e00
df297e00
df2a7e00
df2b7e00
df2c7e00
df2d7e00
df2e7e00
df2f7e00
df307e00
df317e00
df327e00
df337e00
df347e00
df357e00
df367e00
df377e00
df387e00
df397e00
df3a7e00
df3b7e00
df3c7e00
df3d7e00
df3e7e00
df3f7e00
df407e00
df417e00
df427e00
df437e00
df447e00
df457e00
df467e00
df477e00
df487e00
df497e00
df4a7e00
df4b7e00
df4c7e00
df4d7e00
df4e7e00
df4f7e00
df507e00
df517e00
df527e00
df537e00
df547e00
df557e00
df567e00
df577e00
df587e00
df597e00
df5a7e00
df5b7e00
df5c7e00
df5d7e00
df5e7e00
df5f7e00
df607e00
df617e00
df627e00
df637e00
df647e00
df657e00
df667e00
df677e00
df687e00
df697e00
df6a7e00
df6b7e00
df6c7e00
df6d7e00
df6e7e00
df6f7e00
df707e00
df717e00
df727e00
df737e00
df747e00
df757e00
df767e00
df777e00
df787e00
df797e00
df7a7e00
df7b7e00
df7c7e00
df7d7e00
df7e7e00
df7f7e00
df807e00
df817e00
df827e00
df837e00
df847e00
df857e00
df867e00
df877e00
df887e00
df897e00
df8a7e00
df8b7e00
df8c7e00
df8d7e00
df8e7e00
df8f7e00
df907e00
df917e00
df927e00
df937e00
df947e00
df957e00
df967e00
df977e00
df987e00
df997e00
df9a7e00
df9b7e00
df9c7e00
df9d7e00
df9e7e00
df9f7e00
dfa07e00
dfa17e00
dfa27e00
dfa37e00
dfa47e00
dfa57e00
dfa67e00
dfa77e00
dfa87e00
dfa97e00
dfaa7e00
dfab7e00
dfac7e00
dfad7e00
dfae7e00
dfaf7e00
dfb07e00
dfb17e00
dfb27e00
dfb37e00
dfb47e00
dfb57e00
dfb67e00
dfb77e00
dfb87e00
dfb97e00
dfba7e00
dfbb7e00
dfbc7e00
dfbd7e00
dfbe7e00
dfbf7e00
dfc07e00
dfc17e00
dfc27e00
dfc37e00
dfc47e00
dfc57e00
dfc67e00
dfc77e00
dfc87e00
dfc97e00
dfca7e00
dfcb7e00
dfcc7e00
dfcd7e00
dfce7e00
dfcf7e00
dfd07e00
dfd17e00
dfd27e00
dfd37e00
dfd47e00
dfd57e00
dfd67e00
dfd77e00
dfd87e00
dfd97e00
dfda7e00
dfdb7e00
dfdc7e00
dfdd7e00
dfde7e00
dfdf7e00
dfe07e00
dfe17e00
dfe27e00
dfe37e00
dfe47e00
dfe57e00
dfe67e00
dfe77e00
dfe87e00
dfe97e00
dfea7e00
dfeb7e00
dfec7e00
dfed7e00
dfee7e00
dfef7e00
dff07e00
dff17e00
dff27e00
dff37e00
dff47e00
dff57e00
dff67e00
dff77e00
dff87e00
dff97e00
dffa7e00
dffb7e00
dffc7e00
dffd7e00
dffe7e00
dfff7e00
e0007e00
e0017e00
e0027e00
e0037e00
e0047e00
e0057e00
e0067e00
e0077e00
e0087e00
e0097e00
e00a7e00
e00b7e00
e00c7e00
e00d7e00
e00e7e00
e00f7e00
e0107e00
e0117e00
e0127e00
e0137e00
e0147e00
e0157e00
e0167e00
e0177e00
e0187e00
e0197e00
e01a7e00
e01b7e00
e01c7e00
e01d7e00
e01e7e00
e01f7e00
e0207e00
e0217e00
e0227e00
e0237e00
e0247e00
e0257e00
e0267e00
e0277e00
e0287e00
e0297e00
e02a7e00
e02b7e00
e02c7e00
e02d7e00
e02e7e00
e02f7e00
e0307e00
e0317e00
e0327e00
e0337e00
e0347e00
e0357e00
e0367e00
e0377e00
e0387e00
e0397e00
e03a7e00
e03b7e00
e03c7e00
e03d7e00
e03e7e00
e03f7e00
e0407e00
e0417e00
e0427e00
e0437e00
e0447e00
e0457e00
e0467e00
e0477e00
e0487e00
e0497e00
e04a7e00
e04b7e00
e04c7e00
e04d7e00
e04e7e00
e04f7e00
e0507e00
e0517e00
e0527e00
e0537e00
e0547e00
e0557e00
e0567e00
e0577e00
e0587e00
e0597e00
e05a7e00
e05b7e00
e05c7e00
e05d7e00
e05e7e00
e05f7e00
e0607e00
e0617e00
e0627e00
e0637e00
e0647e00
e0657e00
e0667e00
e0677e00
e0687e00
e0697e00
e06a7e00
e06b7e00
e06c7e00
e06d7e00
e06e7e00
e06f7e00
e0707e00
e0717e00
e0727e00
e0737e00
e0747e00
e0757e00
e0767e00
e0777e00
e0787e00
e0797e00
e07a7e00
e07b7e00
e07c7e00
e07d7e00
e07e7e00
e07f7e00
e0807e00
e0817e00
e0827e00
e0837e00
e0847e00
e0857e00
e0867e00
e0877e00
e0887e00
e0897e00
e08a7e00
e08b7e00
e08c7e00
e08d7e00
e08e7e00
e08f7e00
e0907e00
e0917e00
e0927e00
e0937e00
e0947e00
e0957e00
e0967e00
e0977e00
e0987e00
e0997e00
e09a7e00
e09b7e00
e09c7e00
e09d7e00
e09e7e00
e09f7e00
e0a07e00
e0a17e00
e0a27e00
e0a37e00
e0a47e00
e0a57e00
e0a67e00
e0a77e00
e0a87e00
e0a97e00
e0aa7e00
e0ab7e00
e0ac7e00
e0ad7e00
e0ae7e00
e0af7e00
e0b07e00
e0b17e00
e0b27e00
e0b37e00
e0b47e00
e0b57e00
e0b67e00
e0b77e00
e0b87e00
e0b97e00
e0ba7e00
e0bb7e00
e0bc7e00
e0bd7e00
e0be7e00
e0bf7e00
e0c07e00
e0c17e00
e0c27e00
e0c37e00
e0c47e00
e0c57e00
e0c67e00
e0c77e00
e0c87e00
e0c97e00
e0ca7e00
e0cb7e00
e0cc7e00
e0cd7e00
e0ce7e00
e0cf7e00
e0d07e00
e0d17e00
e0d27e00
e0d37e00
e0d47e00
e0d57e00
e0d67e00
e0d77e00
e0d87e00
e0d97e00
e0da7e00
e0db7e00
e0dc7e00
e0dd7e00
e0de7e00
e0df7e00
e0e07e00
e0e17e00
e0e27e00
e0e37e00
e0e47e00
e0e57e00
e0e67e00
e0e77e00
e0e87e00
e0e97e00
e0ea7e00
e0eb7e00
e0ec7e00
e0ed7e00
e0ee7e00
e0ef7e00
e0f07e00
e0f17e00
e0f27e00
e0f37e00
e0f47e00
e0f57e00
e0f67e00
e0f77e00
e0f87e00
e0f97e00
e0fa7e00
e0fb7e00
e0fc7e00
e0fd7e00
e0fe7e00
e0ff7e00
e1007e00
e1017e00
e1027e00
e1037e00
e1047e00
e1057e00
e1067e00
e1077e00
e1087e00
e1097e00
e10a7e00
e10b7e00
e10c7e00
e10d7e00
e10e7e00
e10f7e00
e1107e00
e1117e00
e1127e00
e1137e00
e1147e00
e1157e00
e1167e00
e1177e00
e1187e00
e1197e00
e11a7e00
e11b7e00
e11c7e00
e11d7e00
e11e7e00
e11f7e00
e1207e00
e1217e00
e1227e00
e1237e00
e1247e00
e1257e00
e1267e00
e1277e00
e1287e00
e1297e00
e12a7e00
e12b7e00
e12c7e00
e12d7e00
e12e7e00
e12f7e00
e1307e00
e1317e00
e1327e00
e1337e00
e1347e00
e1357e00
e1367e00
e1377e00
e1387e00
e1397e00
e13a7e00
e13b7e00
e13c7e00
e13d7e00
e13e7e00
e13f7e00
e1407e00
e1417e00
e1427e00
e1437e00
e1447e00
e1457e00
e1467e00
e1477e00
e1487e00
e1497e00
e14a7e00
e14b7e00
e14c7e00
e14d7e00
e14e7e00
e14f7e00
e1507e00
e1517e00
e1527e00
e1537e00
e1547e00
e1557e00
e1567e00
e1577e00
e1587e00
e1597e00
e15a7e00
e15b7e00
e15c7e00
e15d7e00
e15e7e00
e15f7e00
e1607e00
e1617e00
e1627e00
e1637e00
e1647e00
e1657e00
e1667e00
e1677e00
e1687e00
e1697e00
e16a7e00
e16b7e00
e16c7e00
e16d7e00
e16e7e00
e16f7e00
e1707e00
e1717e00
e1727e00
e1737e00
e1747e00
e1757e00
e1767e00
e1777e00
e1787e00
e1797e00
e17a7e00
e17b7e00
e17c7e00
e17d7e00
e17e7e00
e17f7e00
e1807e00
e1817e00
e1827e00
e1837e00
e1847e00
e1857e00
e1867e00
e1877e00
e1887e00
e1897e00
e18a7e00
e18b7e00
e18c7e00
e18d7e00
e18e7e00
e18f7e00
e1907e00
e1917e00
e1927e00
e1937e00
e1947e00
e1957e00
e1967e00
e1977e00
e1987e00
e1997e00
e19a7e00
e19b7e00
e19c7e00
e19d7e00
e19e7e00
e19f7e00
e1a07e00
e1a17e00
e1a27e00
e1a37e00
e1a47e00
e1a57e00
e1a67e00
e1a77e00
e1a87e00
e1a97e00
e1aa7e00
e1ab7e00
e1ac7e00
e1ad7e00
e1ae7e00
e1af7e00
e1b07e00
e1b17e00
e1b27e00
e1b37e00
e1b47e00
e1b57e00
e1b67e00
e1b77e00
e1b87e00
e1b97e00
e1ba7e00
e1bb7e00
e1bc7e00
e1bd7e00
e1be7e00
e1bf7e00
e1c07e00
e1c17e00
e1c27e00
e1c37e00
e1c47e00
e1c57e00
e1c67e00
e1c77e00
e1c87e00
e1c97e00
e1ca7e00
e1cb7e00
e1cc7e00
e1cd7e00
e1ce7e00
e1cf7e00
e1d07e00
e1d17e00
e1d27e00
e1d37e00
e1d47e00
e1d57e00
e1d67e00
e1d77e00
e1d87e00
e1d97e00
e1da7e00
e1db7e00
e1dc7e00
e1dd7e00
e1de7e00
e1df7e00
e1e07e00
e1e17e00
e1e27e00
e1e37e00
e1e47e00
e1e57e00
e1e67e00
e1e77e00
e1e87e00
e1e97e00
e1ea7e00
e1eb7e00
e1ec7e00
e1ed7e00
e1ee7e00
e1ef7e00
e1f07e00
e1f17e00
e1f27e00
e1f37e00
e1f47e00
e1f57e00
e1f67e00
e1f77e00
e1f87e00
e1f97e00
e1fa7e00
e1fb7e00
e1fc7e00
e1fd7e00
e1fe7e00
e1ff7e00
e2007e00
e2017e00
e2027e00
e2037e00
e2047e00
e2057e00
e2067e00
e2077e00
e2087e00
e2097e00
e20a7e00
e20b7e00
e20c7e00
e20d7e00
e20e7e00
e20f7e00
e2107e00
e2117e00
e2127e00
e2137e00
e2147e00
e2157e00
e2167e00
e2177e00
e2187e00
e2197e00
e21a7e00
e21b7e00
e21c7e00
e21d7e00
e21e7e00
e21f7e00
e2207e00
e2217e00
e2227e00
e2237e00
e2247e00
e2257e00
e2267e00
e2277e00
e2287e00
e2297e00
e22a7e00
e22b7e00
e22c7e00
e22d7e00
e22e7e00
e22f7e00
e2307e00
e2317e00
e2327e00
e2337e00
e2347e00
e2357e00
e2367e00
e2377e00
e2387e00
e2397e00
e23a7e00
e23b7e00
e23c7e00
e23d7e00
e23e7e00
e23f7e00
e2407e00
e2417e00
e2427e00
e2437e00
e2447e00
e2457e00
e2467e00
e2477e00
e2487e00
e2497e00
e24a7e00
e24b7e00
e24c7e00
e24d7e00
e24e7e00
e24f7e00
e2507e00
e2517e00
e2527e00
e2537e00
e2547e00
e2557e00
e2567e00
e2577e00
e2587e00
e2597e00
e25a7e00
e25b7e00
e25c7e00
e25d7e00
e25e7e00
e25f7e00
e2607e00
e2617e00
e2627e00
e2637e00
e2647e00
e2657e00
e2667e00
e2677e00
e2687e00
e2697e00
e26a7e00
e26b7e00
e26c7e00
e26d7e00
e26e7e00
e26f7e00
e2707e00
e2717e00
e2727e00
e2737e00
e2747e00
e2757e00
e2767e00
e2777e00
e2787e00
e2797e00
e27a7e00
e27b7e00
e27c7e00
e27d7e00
e27e7e00
e27f7e00
e2807e00
e2817e00
e2827e00
e2837e00
e2847e00
e2857e00
e2867e00
e2877e00
e2887e00
e2897e00
e28a7e00
e28b7e00
e28c7e00
e28d7e00
e28e7e00
e28f7e00
e2907e00
e2917e00
e2927e00
e2937e00
e2947e00
e2957e00
e2967e00
e2977e00
e2987e00
e2997e00
e29a7e00
e29b7e00
e29c7e00
e29d7e00
e29e7e00
e29f7e00
e2a07e00
e2a17e00
e2a27e00
e2a37e00
e2a47e00
e2a57e00
e2a67e00
e2a77e00
e2a87e00
e2a97e00
e2aa7e00
e2ab7e00
e2ac7e00
e2ad7e00
e2ae7e00
e2af7e00
e2b07e00
e2b17e00
e2b27e00
e2b37e00
e2b47e00
e2b57e00
e2b67e00
e2b77e00
e2b87e00
e2b97e00
e2ba7e00
e2bb7e00
e2bc7e00
e2bd7e00
e2be7e00
e2bf7e00
e2c07e00
e2c17e00
e2c27e00
e2c37e00
e2c47e00
e2c57e00
e2c67e00
e2c77e00
e2c87e00
e2c97e00
e2ca7e00
e2cb7e00
e2cc7e00
e2cd7e00
e2ce7e00
e2cf7e00
e2d07e00
e2d17e00
e2d27e00
e2d37e00
e2d47e00
e2d57e00
e2d67e00
e2d77e00
e2d87e00
e2d97e00
e2da7e00
e2db7e00
e2dc7e00
e2dd7e00
e2de7e00
e2df7e00
e2e07e00
e2e17e00
e2e27e00
e2e37e00
e2e47e00
e2e57e00
e2e67e00
e2e77e00
e2e87e00
e2e97e00
e2ea7e00
e2eb7e00
e2ec7e00
e2ed7e00
e2ee7e00
e2ef7e00
e2f07e00
e2f17e00
e2f27e00
e2f37e00
e2f47e00
e2f57e00
e2f67e00
e2f77e00
e2f87e00
e2f97e00
e2fa7e00
e2fb7e00
e2fc7e00
e2fd7e00
e2fe7e00
e2ff7e00
e3007e00
e3017e00
e3027e00
e3037e00
e3047e00
e3057e00
e3067e00
e3077e00
e3087e00
e3097e00
e30a7e00
e30b7e00
e30c7e00
e30d7e00
e30e7e00
e30f7e00
e3107e00
e3117e00
e3127e00
e3137e00
e3147e00
e3157e00
e3167e00
e3177e00
e3187e00
e3197e00
e31a7e00
e31b7e00
e31c7e00
e31d7e00
e31e7e00
e31f7e00
e3207e00
e3217e00
e3227e00
e3237e00
e3247e00
e3257e00
e3267e00
e3277e00
e3287e00
e3297e00
e32a7e00
e32b7e00
e32c7e00
e32d7e00
e32e7e00
e32f7e00
e3307e00
e3317e00
e3327e00
e3337e00
e3347e00
e3357e00
e3367e00
e3377e00
e3387e00
e3397e00
e33a7e00
e33b7e00
e33c7e00
e33d7e00
e33e7e00
e33f7e00
e3407e00
e3417e00
e3427e00
e3437e00
e3447e00
e3457e00
e3467e00
e3477e00
e3487e00
e3497e00
e34a7e00
e34b7e00
e34c7e00
e34d7e00
e34e7e00
e34f7e00
e3507e00
e3517e00
e3527e00
e3537e00
e3547e00
e3557e00
e3567e00
e3577e00
e3587e00
e3597e00
e35a7e00
e35b7e00
e35c7e00
e35d7e00
e35e7e00
e35f7e00
e3607e00
e3617e00
e3627e00
e3637e00
e3647e00
e3657e00
e3667e00
e3677e00
e3687e00
e3697e00
e36a7e00
e36b7e00
e36c7e00
e36d7e00
e36e7e00
e36f7e00
e3707e00
e3717e00
e3727e00
e3737e00
e3747e00
e3757e00
e3767e00
e3777e00
e3787e00
e3797e00
e37a7e00
e37b7e00
e37c7e00
e37d7e00
e37e7e00
e37f7e00
e3807e00
e3817e00
e3827e00
e3837e00
e3847e00
e3857e00
e3867e00
e3877e00
e3887e00
e3897e00
e38a7e00
e38b7e00
e38c7e00
e38d7e00
e38e7e00
e38f7e00
e3907e00
e3917e00
e3927e00
e3937e00
e3947e00
e3957e00
e3967e00
e3977e00
e3987e00
e3997e00
e39a7e00
e39b7e00
e39c7e00
e39d7e00
e39e7e00
e39f7e00
e3a07e00
e3a17e00
e3a27e00
e3a37e00
e3a47e00
e3a57e00
e3a67e00
e3a77e00
e3a87e00
e3a97e00
e3aa7e00
e3ab7e00
e3ac7e00
e3ad7e00
e3ae7e00
e3af7e00
e3b07e00
e3b17e00
e3b27e00
e3b37e00
e3b47e00
e3b57e00
e3b67e00
e3b77e00
e3b87e00
e3b97e00
e3ba7e00
e3bb7e00
e3bc7e00
e3bd7e00
e3be7e00
e3bf7e00
e3c07e00
e3c17e00
e3c27e00
e3c37e00
e3c47e00
e3c57e00
e3c67e00
e3c77e00
e3c87e00
e3c97e00
e3ca7e00
e3cb7e00
e3cc7e00
e3cd7e00
e3ce7e00
e3cf7e00
e3d07e00
e3d17e00
e3d27e00
e3d37e00
e3d47e00
e3d57e00
e3d67e00
e3d77e00
e3d87e00
e3d97e00
e3da7e00
e3db7e00
e3dc7e00
e3dd7e00
e3de7e00
e3df7e00
e3e07e00
e3e17e00
e3e27e00
e3e37e00
e3e47e00
e3e57e00
e3e67e00
e3e77e00
e3e87e00
e3e97e00
e3ea7e00
e3eb7e00
e3ec7e00
e3ed7e00
e3ee7e00
e3ef7e00
e3f07e00
e3f17e00
e3f27e00
e3f37e00
e3f47e00
e3f57e00
e3f67e00
e3f77e00
e3f87e00
e3f97e00
e3fa7e00
e3fb7e00
e3fc7e00
e3fd7e00
e3fe7e00
e3ff7e00
e4007e00
e4017e00
e4027e00
e4037e00
e4047e00
e4057e00
e4067e00
e4077e00
e4087e00
e4097e00
e40a7e00
e40b7e00
e40c7e00
e40d7e00
e40e7e00
e40f7e00
e4107e00
e4117e00
e4127e00
e4137e00
e4147e00
e4157e00
e4167e00
e4177e00
e4187e00
e4197e00
e41a7e00
e41b7e00
e41c7e00
e41d7e00
e41e7e00
e41f7e00
e4207e00
e4217e00
e4227e00
e4237e00
e4247e00
e4257e00
e4267e00
e4277e00
e4287e00
e4297e00
e42a7e00
e42b7e00
e42c7e00
e42d7e00
e42e7e00
e42f7e00
e4307e00
e4317e00
e4327e00
e4337e00
e4347e00
e4357e00
e4367e00
e4377e00
e4387e00
e4397e00
e43a7e00
e43b7e00
e43c7e00
e43d7e00
e43e7e00
e43f7e00
e4407e00
e4417e00
e4427e00
e4437e00
e4447e00
e4457e00
e4467e00
e4477e00
e4487e00
e4497e00
e44a7e00
e44b7e00
e44c7e00
e44d7e00
e44e7e00
e44f7e00
e4507e00
e4517e00
e4527e00
e4537e00
e4547e00
e4557e00
e4567e00
e4577e00
e4587e00
e4597e00
e45a7e00
e45b7e00
e45c7e00
e45d7e00
e45e7e00
e45f7e00
e4607e00
e4617e00
e4627e00
e4637e00
e4647e00
e4657e00
e4667e00
e4677e00
e4687e00
e4697e00
e46a7e00
e46b7e00
e46c7e00
e46d7e00
e46e7e00
e46f7e00
e4707e00
e4717e00
e4727e00
e4737e00
e4747e00
e4757e00
e4767e00
e4777e00
e4787e00
e4797e00
e47a7e00
e47b7e00
e47c7e00
e47d7e00
e47e7e00
e47f7e00
e4807e00
e4817e00
e4827e00
e4837e00
e4847e00
e4857e00
e4867e00
e4877e00
e4887e00
e4897e00
e48a7e00
e48b7e00
e48c7e00
e48d7e00
e48e7e00
e48f7e00
e4907e00
e4917e00
e4927e00
e4937e00
e4947e00
e4957e00
e4967e00
e4977e00
e4987e00
e4997e00
e49a7e00
e49b7e00
e49c7e00
e49d7e00
e49e7e00
e49f7e00
e4a07e00
e4a17e00
e4a27e00
e4a37e00
e4a47e00
e4a57e00
e4a67e00
e4a77e00
e4a87e00
e4a97e00
e4aa7e00
e4ab7e00
e4ac7e00
e4ad7e00
e4ae7e00
e4af7e00
e4b07e00
e4b17e00
e4b27e00
e4b37e00
e4b47e00
e4b57e00
e4b67e00
e4b77e00
e4b87e00
e4b97e00
e4ba7e00
e4bb7e00
e4bc7e00
e4bd7e00
e4be7e00
e4bf7e00
e4c07e00
e4c17e00
e4c27e00
e4c37e00
e4c47e00
e4c57e00
e4c67e00
e4c77e00
e4c87e00
e4c97e00
e4ca7e00
e4cb7e00
e4cc7e00
e4cd7e00
e4ce7e00
e4cf7e00
e4d07e00
e4d17e00
e4d27e00
e4d37e00
e4d47e00
e4d57e00
e4d67e00
e4d77e00
e4d87e00
e4d97e00
e4da7e00
e4db7e00
e4dc7e00
e4dd7e00
e4de7e00
e4df7e00
e4e07e00
e4e17e00
e4e27e00
e4e37e00
e4e47e00
e4e57e00
e4e67e00
e4e77e00
e4e87e00
e4e97e00
e4ea7e00
e4eb7e00
e4ec7e00
e4ed7e00
e4ee7e00
e4ef7e00
e4f07e00
e4f17e00
e4f27e00
e4f37e00
e4f47e00
e4f57e00
e4f67e00
e4f77e00
e4f87e00
e4f97e00
e4fa7e00
e4fb7e00
e4fc7e00
e4fd7e00
e4fe7e00
e4ff7e00
e5007e00
e5017e00
e5027e00
e5037e00
e5047e00
e5057e00
e5067e00
e5077e00
e5087e00
e5097e00
e50a7e00
e50b7e00
e50c7e00
e50d7e00
e50e7e00
e50f7e00
e5107e00
e5117e00
e5127e00
e5137e00
e5147e00
e5157e00
e5167e00
e5177e00
e5187e00
e5197e00
e51a7e00
e51b7e00
e51c7e00
e51d7e00
e51e7e00
e51f7e00
e5207e00
e5217e00
e5227e00
e5237e00
e5247e00
e5257e00
e5267e00
e5277e00
e5287e00
e5297e00
e52a7e00
e52b7e00
e52c7e00
e52d7e00
e52e7e00
e52f7e00
e5307e00
e5317e00
e5327e00
e5337e00
e5347e00
e5357e00
e5367e00
e5377e00
e5387e00
e5397e00
e53a7e00
e53b7e00
e53c7e00
e53d7e00
e53e7e00
e53f7e00
e5407e00
e5417e00
e5427e00
e5437e00
e5447e00
e5457e00
e5467e00
e5477e00
e5487e00
e5497e00
e54a7e00
e54b7e00
e54c7e00
e54d7e00
e54e7e00
e54f7e00
e5507e00
e5517e00
e5527e00
e5537e00
e5547e00
e5557e00
e5567e00
e5577e00
e5587e00
e5597e00
e55a7e00
e55b7e00
e55c7e00
e55d7e00
e55e7e00
e55f7e00
e5607e00
e5617e00
e5627e00
e5637e00
e5647e00
e5657e00
e5667e00
e5677e00
e5687e00
e5697e00
e56a7e00
e56b7e00
e56c7e00
e56d7e00
e56e7e00
e56f7e00
e5707e00
e5717e00
e5727e00
e5737e00
e5747e00
e5757e00
e5767e00
e5777e00
e5787e00
e5797e00
e57a7e00
e57b7e00
e57c7e00
e57d7e00
e57e7e00
e57f7e00
e5807e00
e5817e00
e5827e00
e5837e00
e5847e00
e5857e00
e5867e00
e5877e00
e5887e00
e5897e00
e58a7e00
e58b7e00
e58c7e00
e58d7e00
e58e7e00
e58f7e00
e5907e00
e5917e00
e5927e00
e5937e00
e5947e00
e5957e00
e5967e00
e5977e00
e5987e00
e5997e00
e59a7e00
e59b7e00
e59c7e00
e59d7e00
e59e7e00
e59f7e00
e5a07e00
e5a17e00
e5a27e00
e5a37e00
e5a47e00
e5a57e00
e5a67e00
e5a77e00
e5a87e00
e5a97e00
e5aa7e00
e5ab7e00
e5ac7e00
e5ad7e00
e5ae7e00
e5af7e00
e5b07e00
e5b17e00
e5b27e00
e5b37e00
e5b47e00
e5b57e00
e5b67e00
e5b77e00
e5b87e00
e5b97e00
e5ba7e00
e5bb7e00
e5bc7e00
e5bd7e00
e5be7e00
e5bf7e00
e5c07e00
e5c17e00
e5c27e00
e5c37e00
e5c47e00
e5c57e00
e5c67e00
e5c77e00
e5c87e00
e5c97e00
e5ca7e00
e5cb7e00
e5cc7e00
e5cd7e00
e5ce7e00
e5cf7e00
e5d07e00
e5d17e00
e5d27e00
e5d37e00
e5d47e00
e5d57e00
e5d67e00
e5d77e00
e5d87e00
e5d97e00
e5da7e00
e5db7e00
e5dc7e00
e5dd7e00
e5de7e00
e5df7e00
e5e07e00
e5e17e00
e5e27e00
e5e37e00
e5e47e00
e5e57e00
e5e67e00
e5e77e00
e5e87e00
e5e97e00
e5ea7e00
e5eb7e00
e5ec7e00
e5ed7e00
e5ee7e00
e5ef7e00
e5f07e00
e5f17e00
e5f27e00
e5f37e00
e5f47e00
e5f57e00
e5f67e00
e5f77e00
e5f87e00
e5f97e00
e5fa7e00
e5fb7e00
e5fc7e00
e5fd7e00
e5fe7e00
e5ff7e00
e6007e00
e6017e00
e6027e00
e6037e00
e6047e00
e6057e00
e6067e00
e6077e00
e6087e00
e6097e00
e60a7e00
e60b7e00
e60c7e00
e60d7e00
e60e7e00
e60f7e00
e6107e00
e6117e00
e6127e00
e6137e00
e6147e00
e6157e00
e6167e00
e6177e00
e6187e00
e6197e00
e61a7e00
e61b7e00
e61c7e00
e61d7e00
e61e7e00
e61f7e00
e6207e00
e6217e00
e6227e00
e6237e00
e6247e00
e6257e00
e6267e00
e6277e00
e6287e00
e6297e00
e62a7e00
e62b7e00
e62c7e00
e62d7e00
e62e7e00
e62f7e00
e6307e00
e6317e00
e6327e00
e6337e00
e6347e00
e6357e00
e6367e00
e6377e00
e6387e00
e6397e00
e63a7e00
e63b7e00
e63c7e00
e63d7e00
e63e7e00
e63f7e00
e6407e00
e6417e00
e6427e00
e6437e00
e6447e00
e6457e00
e6467e00
e6477e00
e6487e00
e6497e00
e64a7e00
e64b7e00
e64c7e00
e64d7e00
e64e7e00
e64f7e00
e6507e00
e6517e00
e6527e00
e6537e00
e6547e00
e6557e00
e6567e00
e6577e00
e6587e00
e6597e00
e65a7e00
e65b7e00
e65c7e00
e65d7e00
e65e7e00
e65f7e00
e6607e00
e6617e00
e6627e00
e6637e00
e6647e00
e6657e00
e6667e00
e6677e00
e6687e00
e6697e00
e66a7e00
e66b7e00
e66c7e00
e66d7e00
e66e7e00
e66f7e00
e6707e00
e6717e00
e6727e00
e6737e00
e6747e00
e6757e00
e6767e00
e6777e00
e6787e00
e6797e00
e67a7e00
e67b7e00
e67c7e00
e67d7e00
e67e7e00
e67f7e00
e6807e00
e6817e00
e6827e00
e6837e00
e6847e00
e6857e00
e6867e00
e6877e00
e6887e00
e6897e00
e68a7e00
e68b7e00
e68c7e00
e68d7e00
e68e7e00
e68f7e00
e6907e00
e6917e00
e6927e00
e6937e00
e6947e00
e6957e00
e6967e00
e6977e00
e6987e00
e6997e00
e69a7e00
e69b7e00
e69c7e00
e69d7e00
e69e7e00
e69f7e00
e6a07e00
e6a17e00
e6a27e00
e6a37e00
e6a47e00
e6a57e00
e6a67e00
e6a77e00
e6a87e00
e6a97e00
e6aa7e00
e6ab7e00
e6ac7e00
e6ad7e00
e6ae7e00
e6af7e00
e6b07e00
e6b17e00
e6b27e00
e6b37e00
e6b47e00
e6b57e00
e6b67e00
e6b77e00
e6b87e00
e6b97e00
e6ba7e00
e6bb7e00
e6bc7e00
e6bd7e00
e6be7e00
e6bf7e00
e6c07e00
e6c17e00
e6c27e00
e6c37e00
e6c47e00
e6c57e00
e6c67e00
e6c77e00
e6c87e00
e6c97e00
e6ca7e00
e6cb7e00
e6cc7e00
e6cd7e00
e6ce7e00
e6cf7e00
e6d07e00
e6d17e00
e6d27e00
e6d37e00
e6d47e00
e6d57e00
e6d67e00
e6d77e00
e6d87e00
e6d97e00
e6da7e00
e6db7e00
e6dc7e00
e6dd7e00
e6de7e00
e6df7e00
e6e07e00
e6e17e00
e6e27e00
e6e37e00
e6e47e00
e6e57e00
e6e67e00
e6e77e00
e6e87e00
e6e97e00
e6ea7e00
e6eb7e00
e6ec7e00
e6ed7e00
e6ee7e00
e6ef7e00
e6f07e00
e6f17e00
e6f27e00
e6f37e00
e6f47e00
e6f57e00
e6f67e00
e6f77e00
e6f87e00
e6f97e00
e6fa7e00
e6fb7e00
e6fc7e00
e6fd7e00
e6fe7e00
e6ff7e00
e7007e00
e7017e00
e7027e00
e7037e00
e7047e00
e7057e00
e7067e00
e7077e00
e7087e00
e7097e00
e70a7e00
e70b7e00
e70c7e00
e70d7e00
e70e7e00
e70f7e00
e7107e00
e7117e00
e7127e00
e7137e00
e7147e00
e7157e00
e7167e00
e7177e00
e7187e00
e7197e00
e71a7e00
e71b7e00
e71c7e00
e71d7e00
e71e7e00
e71f7e00
e7207e00
e7217e00
e7227e00
e7237e00
e7247e00
e7257e00
e7267e00
e7277e00
e7287e00
e7297e00
e72a7e00
e72b7e00
e72c7e00
e72d7e00
e72e7e00
e72f7e00
e7307e00
e7317e00
e7327e00
e7337e00
e7347e00
e7357e00
e7367e00
e7377e00
e7387e00
e7397e00
e73a7e00
e73b7e00
e73c7e00
e73d7e00
e73e7e00
e73f7e00
e7407e00
e7417e00
e7427e00
e7437e00
e7447e00
e7457e00
e7467e00
e7477e00
e7487e00
e7497e00
e74a7e00
e74b7e00
e74c7e00
e74d7e00
e74e7e00
e74f7e00
e7507e00
e7517e00
e7527e00
e7537e00
e7547e00
e7557e00
e7567e00
e7577e00
e7587e00
e7597e00
e75a7e00
e75b7e00
e75c7e00
e75d7e00
e75e7e00
e75f7e00
e7607e00
e7617e00
e7627e00
e7637e00
e7647e00
e7657e00
e7667e00
e7677e00
e7687e00
e7697e00
e76a7e00
e76b7e00
e76c7e00
e76d7e00
e76e7e00
e76f7e00
e7707e00
e7717e00
e7727e00
e7737e00
e7747e00
e7757e00
e7767e00
e7777e00
e7787e00
e7797e00
e77a7e00
e77b7e00
e77c7e00
e77d7e00
e77e7e00
e77f7e00
e7807e00
e7817e00
e7827e00
e7837e00
e7847e00
e7857e00
e7867e00
e7877e00
e7887e00
e7897e00
e78a7e00
e78b7e00
e78c7e00
e78d7e00
e78e7e00
e78f7e00
e7907e00
e7917e00
e7927e00
e7937e00
e7947e00
e7957e00
e7967e00
e7977e00
e7987e00
e7997e00
e79a7e00
e79b7e00
e79c7e00
e79d7e00
e79e7e00
e79f7e00
e7a07e00
e7a17e00
e7a27e00
e7a37e00
e7a47e00
e7a57e00
e7a67e00
e7a77e00
e7a87e00
e7a97e00
e7aa7e00
e7ab7e00
e7ac7e00
e7ad7e00
e7ae7e00
e7af7e00
e7b07e00
e7b17e00
e7b27e00
e7b37e00
e7b47e00
e7b57e00
e7b67e00
e7b77e00
e7b87e00
e7b97e00
e7ba7e00
e7bb7e00
e7bc7e00
e7bd7e00
e7be7e00
e7bf7e00
e7c07e00
e7c17e00
e7c27e00
e7c37e00
e7c47e00
e7c57e00
e7c67e00
e7c77e00
e7c87e00
e7c97e00
e7ca7e00
e7cb7e00
e7cc7e00
e7cd7e00
e7ce7e00
e7cf7e00
e7d07e00
e7d17e00
e7d27e00
e7d37e00
e7d47e00
e7d57e00
e7d67e00
e7d77e00
e7d87e00
e7d97e00
e7da7e00
e7db7e00
e7dc7e00
e7dd7e00
e7de7e00
e7df7e00
e7e07e00
e7e17e00
e7e27e00
e7e37e00
e7e47e00
e7e57e00
e7e67e00
e7e77e00
e7e87e00
e7e97e00
e7ea7e00
e7eb7e00
e7ec7e00
e7ed7e00
e7ee7e00
e7ef7e00
e7f07e00
e7f17e00
e7f27e00
e7f37e00
e7f47e00
e7f57e00
e7f67e00
e7f77e00
e7f87e00
e7f97e00
e7fa7e00
e7fb7e00
e7fc7e00
e7fd7e00
e7fe7e00
e7ff7e00
e8007e00
e8017e00
e8027e00
e8037e00
e8047e00
e8057e00
e8067e00
e8077e00
e8087e00
e8097e00
e80a7e00
e80b7e00
e80c7e00
e80d7e00
e80e7e00
e80f7e00
e8107e00
e8117e00
e8127e00
e8137e00
e8147e00
e8157e00
e8167e00
e8177e00
e8187e00
e8197e00
e81a7e00
e81b7e00
e81c7e00
e81d7e00
e81e7e00
e81f7e00
e8207e00
e8217e00
e8227e00
e8237e00
e8247e00
e8257e00
e8267e00
e8277e00
e8287e00
e8297e00
e82a7e00
e82b7e00
e82c7e00
e82d7e00
e82e7e00
e82f7e00
e8307e00
e8317e00
e8327e00
e8337e00
e8347e00
e8357e00
e8367e00
e8377e00
e8387e00
e8397e00
e83a7e00
e83b7e00
e83c7e00
e83d7e00
e83e7e00
e83f7e00
e8407e00
e8417e00
e8427e00
e8437e00
e8447e00
e8457e00
e8467e00
e8477e00
e8487e00
e8497e00
e84a7e00
e84b7e00
e84c7e00
e84d7e00
e84e7e00
e84f7e00
e8507e00
e8517e00
e8527e00
e8537e00
e8547e00
e8557e00
e8567e00
e8577e00
e8587e00
e8597e00
e85a7e00
e85b7e00
e85c7e00
e85d7e00
e85e7e00
e85f7e00
e8607e00
e8617e00
e8627e00
e8637e00
e8647e00
e8657e00
e8667e00
e8677e00
e8687e00
e8697e00
e86a7e00
e86b7e00
e86c7e00
e86d7e00
e86e7e00
e86f7e00
e8707e00
e8717e00
e8727e00
e8737e00
e8747e00
e8757e00
e8767e00
e8777e00
e8787e00
e8797e00
e87a7e00
e87b7e00
e87c7e00
e87d7e00
e87e7e00
e87f7e00
e8807e00
e8817e00
e8827e00
e8837e00
e8847e00
e8857e00
e8867e00
e8877e00
e8887e00
e8897e00
e88a7e00
e88b7e00
e88c7e00
e88d7e00
e88e7e00
e88f7e00
e8907e00
e8917e00
e8927e00
e8937e00
e8947e00
e8957e00
e8967e00
e8977e00
e8987e00
e8997e00
e89a7e00
e89b7e00
e89c7e00
e89d7e00
e89e7e00
e89f7e00
e8a07e00
e8a17e00
e8a27e00
e8a37e00
e8a47e00
e8a57e00
e8a67e00
e8a77e00
e8a87e00
e8a97e00
e8aa7e00
e8ab7e00
e8ac7e00
e8ad7e00
e8ae7e00
e8af7e00
e8b07e00
e8b17e00
e8b27e00
e8b37e00
e8b47e00
e8b57e00
e8b67e00
e8b77e00
e8b87e00
e8b97e00
e8ba7e00
e8bb7e00
e8bc7e00
e8bd7e00
e8be7e00
e8bf7e00
e8c07e00
e8c17e00
e8c27e00
e8c37e00
e8c47e00
e8c57e00
e8c67e00
e8c77e00
e8c87e00
e8c97e00
e8ca7e00
e8cb7e00
e8cc7e00
e8cd7e00
e8ce7e00
e8cf7e00
e8d07e00
e8d17e00
e8d27e00
e8d37e00
e8d47e00
e8d57e00
e8d67e00
e8d77e00
e8d87e00
e8d97e00
e8da7e00
e8db7e00
e8dc7e00
e8dd7e00
e8de7e00
e8df7e00
e8e07e00
e8e17e00
e8e27e00
e8e37e00
e8e47e00
e8e57e00
e8e67e00
e8e77e00
e8e87e00
e8e97e00
e8ea7e00
e8eb7e00
e8ec7e00
e8ed7e00
e8ee7e00
e8ef7e00
e8f07e00
e8f17e00
e8f27e00
e8f37e00
e8f47e00
e8f57e00
e8f67e00
e8f77e00
e8f87e00
e8f97e00
e8fa7e00
e8fb7e00
e8fc7e00
e8fd7e00
e8fe7e00
e8ff7e00
e9007e00
e9017e00
e9027e00
e9037e00
e9047e00
e9057e00
e9067e00
e9077e00
e9087e00
e9097e00
e90a7e00
e90b7e00
e90c7e00
e90d7e00
e90e7e00
e90f7e00
e9107e00
e9117e00
e9127e00
e9137e00
e9147e00
e9157e00
e9167e00
e9177e00
e9187e00
e9197e00
e91a7e00
e91b7e00
e91c7e00
e91d7e00
e91e7e00
e91f7e00
e9207e00
e9217e00
e9227e00
e9237e00
e9247e00
e9257e00
e9267e00
e9277e00
e9287e00
e9297e00
e92a7e00
e92b7e00
e92c7e00
e92d7e00
e92e7e00
e92f7e00
e9307e00
e9317e00
e9327e00
e9337e00
e9347e00
e9357e00
e9367e00
e9377e00
e9387e00
e9397e00
e93a7e00
e93b7e00
e93c7e00
e93d7e00
e93e7e00
e93f7e00
e9407e00
e9417e00
e9427e00
e9437e00
e9447e00
e9457e00
e9467e00
e9477e00
e9487e00
e9497e00
e94a7e00
e94b7e00
e94c7e00
e94d7e00
e94e7e00
e94f7e00
e9507e00
e9517e00
e9527e00
e9537e00
e9547e00
e9557e00
e9567e00
e9577e00
e9587e00
e9597e00
e95a7e00
e95b7e00
e95c7e00
e95d7e00
e95e7e00
e95f7e00
e9607e00
e9617e00
e9627e00
e9637e00
e9647e00
e9657e00
e9667e00
e9677e00
e9687e00
e9697e00
e96a7e00
e96b7e00
e96c7e00
e96d7e00
e96e7e00
e96f7e00
e9707e00
e9717e00
e9727e00
e9737e00
e9747e00
e9757e00
e9767e00
e9777e00
e9787e00
e9797e00
e97a7e00
e97b7e00
e97c7e00
e97d7e00
e97e7e00
e97f7e00
e9807e00
e9817e00
e9827e00
e9837e00
e9847e00
e9857e00
e9867e00
e9877e00
e9887e00
e9897e00
e98a7e00
e98b7e00
e98c7e00
e98d7e00
e98e7e00
e98f7e00
e9907e00
e9917e00
e9927e00
e9937e00
e9947e00
e9957e00
e9967e00
e9977e00
e9987e00
e9997e00
e99a7e00
e99b7e00
e99c7e00
e99d7e00
e99e7e00
e99f7e00
e9a07e00
e9a17e00
e9a27e00
e9a37e00
e9a47e00
e9a57e00
e9a67e00
e9a77e00
e9a87e00
e9a97e00
e9aa7e00
e9ab7e00
e9ac7e00
e9ad7e00
e9ae7e00
e9af7e00
e9b07e00
e9b17e00
e9b27e00
e9b37e00
e9b47e00
e9b57e00
e9b67e00
e9b77e00
e9b87e00
e9b97e00
e9ba7e00
e9bb7e00
e9bc7e00
e9bd7e00
e9be7e00
e9bf7e00
e9c07e00
e9c17e00
e9c27e00
e9c37e00
e9c47e00
e9c57e00
e9c67e00
e9c77e00
e9c87e00
e9c97e00
e9ca7e00
e9cb7e00
e9cc7e00
e9cd7e00
e9ce7e00
e9cf7e00
e9d07e00
e9d17e00
e9d27e00
e9d37e00
e9d47e00
e9d57e00
e9d67e00
e9d77e00
e9d87e00
e9d97e00
e9da7e00
e9db7e00
e9dc7e00
e9dd7e00
e9de7e00
e9df7e00
e9e07e00
e9e17e00
e9e27e00
e9e37e00
e9e47e00
e9e57e00
e9e67e00
e9e77e00
e9e87e00
e9e97e00
e9ea7e00
e9eb7e00
e9ec7e00
e9ed7e00
e9ee7e00
e9ef7e00
e9f07e00
e9f17e00
e9f27e00
e9f37e00
e9f47e00
e9f57e00
e9f67e00
e9f77e00
e9f87e00
e9f97e00
e9fa7e00
e9fb7e00
e9fc7e00
e9fd7e00
e9fe7e00
e9ff7e00
ea007e00
ea017e00
ea027e00
ea037e00
ea047e00
ea057e00
ea067e00
ea077e00
ea087e00
ea097e00
ea0a7e00
ea0b7e00
ea0c7e00
ea0d7e00
ea0e7e00
ea0f7e00
ea107e00
ea117e00
ea127e00
ea137e00
ea147e00
ea157e00
ea167e00
ea177e00
ea187e00
ea197e00
ea1a7e00
ea1b7e00
ea1c7e00
ea1d7e00
ea1e7e00
ea1f7e00
ea207e00
ea217e00
ea227e00
ea237e00
ea247e00
ea257e00
ea267e00
ea277e00
ea287e00
ea297e00
ea2a7e00
ea2b7e00
ea2c7e00
ea2d7e00
ea2e7e00
ea2f7e00
ea307e00
ea317e00
ea327e00
ea337e00
ea347e00
ea357e00
ea367e00
ea377e00
ea387e00
ea397e00
ea3a7e00
ea3b7e00
ea3c7e00
ea3d7e00
ea3e7e00
ea3f7e00
ea407e00
ea417e00
ea427e00
ea437e00
ea447e00
ea457e00
ea467e00
ea477e00
ea487e00
ea497e00
ea4a7e00
ea4b7e00
ea4c7e00
ea4d7e00
ea4e7e00
ea4f7e00
ea507e00
ea517e00
ea527e00
ea537e00
ea547e00
ea557e00
ea567e00
ea577e00
ea587e00
ea597e00
ea5a7e00
ea5b7e00
ea5c7e00
ea5d7e00
ea5e7e00
ea5f7e00
ea607e00
ea617e00
ea627e00
ea637e00
ea647e00
ea657e00
ea667e00
ea677e00
ea687e00
ea697e00
ea6a7e00
ea6b7e00
ea6c7e00
ea6d7e00
ea6e7e00
ea6f7e00
ea707e00
ea717e00
ea727e00
ea737e00
ea747e00
ea757e00
ea767e00
ea777e00
ea787e00
ea797e00
ea7a7e00
ea7b7e00
ea7c7e00
ea7d7e00
ea7e7e00
ea7f7e00
ea807e00
ea817e00
ea827e00
ea837e00
ea847e00
ea857e00
ea867e00
ea877e00
ea887e00
ea897e00
ea8a7e00
ea8b7e00
ea8c7e00
ea8d7e00
ea8e7e00
ea8f7e00
ea907e00
ea917e00
ea927e00
ea937e00
ea947e00
ea957e00
ea967e00
ea977e00
ea987e00
ea997e00
ea9a7e00
ea9b7e00
ea9c7e00
ea9d7e00
ea9e7e00
ea9f7e00
eaa07e00
eaa17e00
eaa27e00
eaa37e00
eaa47e00
eaa57e00
eaa67e00
eaa77e00
eaa87e00
eaa97e00
eaaa7e00
eaab7e00
eaac7e00
eaad7e00
eaae7e00
eaaf7e00
eab07e00
eab17e00
eab27e00
eab37e00
eab47e00
eab57e00
eab67e00
eab77e00
eab87e00
eab97e00
eaba7e00
eabb7e00
eabc7e00
eabd7e00
eabe7e00
eabf7e00
eac07e00
eac17e00
eac27e00
eac37e00
eac47e00
eac57e00
eac67e00
eac77e00
eac87e00
eac97e00
eaca7e00
eacb7e00
eacc7e00
eacd7e00
eace7e00
eacf7e00
ead07e00
ead17e00
ead27e00
ead37e00
ead47e00
ead57e00
ead67e00
ead77e00
ead87e00
ead97e00
eada7e00
eadb7e00
eadc7e00
eadd7e00
eade7e00
eadf7e00
eae07e00
eae17e00
eae27e00
eae37e00
eae47e00
eae57e00
eae67e00
eae77e00
eae87e00
eae97e00
eaea7e00
eaeb7e00
eaec7e00
eaed7e00
eaee7e00
eaef7e00
eaf07e00
eaf17e00
eaf27e00
eaf37e00
eaf47e00
eaf57e00
eaf67e00
eaf77e00
eaf87e00
eaf97e00
eafa7e00
eafb7e00
eafc7e00
eafd7e00
eafe7e00
eaff7e00
eb007e00
eb017e00
eb027e00
eb037e00
eb047e00
eb057e00
eb067e00
eb077e00
eb087e00
eb097e00
eb0a7e00
eb0b7e00
eb0c7e00
eb0d7e00
eb0e7e00
eb0f7e00
eb107e00
eb117e00
eb127e00
eb137e00
eb147e00
eb157e00
eb167e00
eb177e00
eb187e00
eb197e00
eb1a7e00
eb1b7e00
eb1c7e00
eb1d7e00
eb1e7e00
eb1f7e00
eb207e00
eb217e00
eb227e00
eb237e00
eb247e00
eb257e00
eb267e00
eb277e00
eb287e00
eb297e00
eb2a7e00
eb2b7e00
eb2c7e00
eb2d7e00
eb2e7e00
eb2f7e00
eb307e00
eb317e00
eb327e00
eb337e00
eb347e00
eb357e00
eb367e00
eb377e00
eb387e00
eb397e00
eb3a7e00
eb3b7e00
eb3c7e00
eb3d7e00
eb3e7e00
eb3f7e00
eb407e00
eb417e00
eb427e00
eb437e00
eb447e00
eb457e00
eb467e00
eb477e00
eb487e00
eb497e00
eb4a7e00
eb4b7e00
eb4c7e00
eb4d7e00
eb4e7e00
eb4f7e00
eb507e00
eb517e00
eb527e00
eb537e00
eb547e00
eb557e00
eb567e00
eb577e00
eb587e00
eb597e00
eb5a7e00
eb5b7e00
eb5c7e00
eb5d7e00
eb5e7e00
eb5f7e00
eb607e00
eb617e00
eb627e00
eb637e00
eb647e00
eb657e00
eb667e00
eb677e00
eb687e00
eb697e00
eb6a7e00
eb6b7e00
eb6c7e00
eb6d7e00
eb6e7e00
eb6f7e00
eb707e00
eb717e00
eb727e00
eb737e00
eb747e00
eb757e00
eb767e00
eb777e00
eb787e00
eb797e00
eb7a7e00
eb7b7e00
eb7c7e00
eb7d7e00
eb7e7e00
eb7f7e00
eb807e00
eb817e00
eb827e00
eb837e00
eb847e00
eb857e00
eb867e00
eb877e00
eb887e00
eb897e00
eb8a7e00
eb8b7e00
eb8c7e00
eb8d7e00
eb8e7e00
eb8f7e00
eb907e00
eb917e00
eb927e00
eb937e00
eb947e00
eb957e00
eb967e00
eb977e00
eb987e00
eb997e00
eb9a7e00
eb9b7e00
eb9c7e00
eb9d7e00
eb9e7e00
eb9f7e00
eba07e00
eba17e00
eba27e00
eba37e00
eba47e00
eba57e00
eba67e00
eba77e00
eba87e00
eba97e00
ebaa7e00
ebab7e00
ebac7e00
ebad7e00
ebae7e00
ebaf7e00
ebb07e00
ebb17e00
ebb27e00
ebb37e00
ebb47e00
ebb57e00
ebb67e00
ebb77e00
ebb87e00
ebb97e00
ebba7e00
ebbb7e00
ebbc7e00
ebbd7e00
ebbe7e00
ebbf7e00
ebc07e00
ebc17e00
ebc27e00
ebc37e00
ebc47e00
ebc57e00
ebc67e00
ebc77e00
ebc87e00
ebc97e00
ebca7e00
ebcb7e00
ebcc7e00
ebcd7e00
ebce7e00
ebcf7e00
ebd07e00
ebd17e00
ebd27e00
ebd37e00
ebd47e00
ebd57e00
ebd67e00
ebd77e00
ebd87e00
ebd97e00
ebda7e00
ebdb7e00
ebdc7e00
ebdd7e00
ebde7e00
ebdf7e00
ebe07e00
ebe17e00
ebe27e00
ebe37e00
ebe47e00
ebe57e00
ebe67e00
ebe77e00
ebe87e00
ebe97e00
ebea7e00
ebeb7e00
ebec7e00
ebed7e00
ebee7e00
ebef7e00
ebf07e00
ebf17e00
ebf27e00
ebf37e00
ebf47e00
ebf57e00
ebf67e00
ebf77e00
ebf87e00
ebf97e00
ebfa7e00
ebfb7e00
ebfc7e00
ebfd7e00
ebfe7e00
ebff7e00
ec007e00
ec017e00
ec027e00
ec037e00
ec047e00
ec057e00
ec067e00
ec077e00
ec087e00
ec097e00
ec0a7e00
ec0b7e00
ec0c7e00
ec0d7e00
ec0e7e00
ec0f7e00
ec107e00
ec117e00
ec127e00
ec137e00
ec147e00
ec157e00
ec167e00
ec177e00
ec187e00
ec197e00
ec1a7e00
ec1b7e00
ec1c7e00
ec1d7e00
ec1e7e00
ec1f7e00
ec207e00
ec217e00
ec227e00
ec237e00
ec247e00
ec257e00
ec267e00
ec277e00
ec287e00
ec297e00
ec2a7e00
ec2b7e00
ec2c7e00
ec2d7e00
ec2e7e00
ec2f7e00
ec307e00
ec317e00
ec327e00
ec337e00
ec347e00
ec357e00
ec367e00
ec377e00
ec387e00
ec397e00
ec3a7e00
ec3b7e00
ec3c7e00
ec3d7e00
ec3e7e00
ec3f7e00
ec407e00
ec417e00
ec427e00
ec437e00
ec447e00
ec457e00
ec467e00
ec477e00
ec487e00
ec497e00
ec4a7e00
ec4b7e00
ec4c7e00
ec4d7e00
ec4e7e00
ec4f7e00
ec507e00
ec517e00
ec527e00
ec537e00
ec547e00
ec557e00
ec567e00
ec577e00
ec587e00
ec597e00
ec5a7e00
ec5b7e00
ec5c7e00
ec5d7e00
ec5e7e00
ec5f7e00
ec607e00
ec617e00
ec627e00
ec637e00
ec647e00
ec657e00
ec667e00
ec677e00
ec687e00
ec697e00
ec6a7e00
ec6b7e00
ec6c7e00
ec6d7e00
ec6e7e00
ec6f7e00
ec707e00
ec717e00
ec727e00
ec737e00
ec747e00
ec757e00
ec767e00
ec777e00
ec787e00
ec797e00
ec7a7e00
ec7b7e00
ec7c7e00
ec7d7e00
ec7e7e00
ec7f7e00
ec807e00
ec817e00
ec827e00
ec837e00
ec847e00
ec857e00
ec867e00
ec877e00
ec887e00
ec897e00
ec8a7e00
ec8b7e00
ec8c7e00
ec8d7e00
ec8e7e00
ec8f7e00
ec907e00
ec917e00
ec927e00
ec937e00
ec947e00
ec957e00
ec967e00
ec977e00
ec987e00
ec997e00
ec9a7e00
ec9b7e00
ec9c7e00
ec9d7e00
ec9e7e00
ec9f7e00
eca07e00
eca17e00
eca27e00
eca37e00
eca47e00
eca57e00
eca67e00
eca77e00
eca87e00
eca97e00
ecaa7e00
ecab7e00
ecac7e00
ecad7e00
ecae7e00
ecaf7e00
ecb07e00
ecb17e00
ecb27e00
ecb37e00
ecb47e00
ecb57e00
ecb67e00
ecb77e00
ecb87e00
ecb97e00
ecba7e00
ecbb7e00
ecbc7e00
ecbd7e00
ecbe7e00
ecbf7e00
ecc07e00
ecc17e00
ecc27e00
ecc37e00
ecc47e00
ecc57e00
ecc67e00
ecc77e00
ecc87e00
ecc97e00
ecca7e00
eccb7e00
eccc7e00
eccd7e00
ecce7e00
eccf7e00
ecd07e00
ecd17e00
ecd27e00
ecd37e00
ecd47e00
ecd57e00
ecd67e00
ecd77e00
ecd87e00
ecd97e00
ecda7e00
ecdb7e00
ecdc7e00
ecdd7e00
ecde7e00
ecdf7e00
ece07e00
ece17e00
ece27e00
ece37e00
ece47e00
ece57e00
ece67e00
ece77e00
ece87e00
ece97e00
ecea7e00
eceb7e00
ecec7e00
eced7e00
ecee7e00
ecef7e00
ecf07e00
ecf17e00
ecf27e00
ecf37e00
ecf47e00
ecf57e00
ecf67e00
ecf77e00
ecf87e00
ecf97e00
ecfa7e00
ecfb7e00
ecfc7e00
ecfd7e00
ecfe7e00
ecff7e00
ed007e00
ed017e00
ed027e00
ed037e00
ed047e00
ed057e00
ed067e00
ed077e00
ed087e00
ed097e00
ed0a7e00
ed0b7e00
ed0c7e00
ed0d7e00
ed0e7e00
ed0f7e00
ed107e00
ed117e00
ed127e00
ed137e00
ed147e00
ed157e00
ed167e00
ed177e00
ed187e00
ed197e00
ed1a7e00
ed1b7e00
ed1c7e00
ed1d7e00
ed1e7e00
ed1f7e00
ed207e00
ed217e00
ed227e00
ed237e00
ed247e00
ed257e00
ed267e00
ed277e00
ed287e00
ed297e00
ed2a7e00
ed2b7e00
ed2c7e00
ed2d7e00
ed2e7e00
ed2f7e00
ed307e00
ed317e00
ed327e00
ed337e00
ed347e00
ed357e00
ed367e00
ed377e00
ed387e00
ed397e00
ed3a7e00
ed3b7e00
ed3c7e00
ed3d7e00
ed3e7e00
ed3f7e00
ed407e00
ed417e00
ed427e00
ed437e00
ed447e00
ed457e00
ed467e00
ed477e00
ed487e00
ed497e00
ed4a7e00
ed4b7e00
ed4c7e00
ed4d7e00
ed4e7e00
ed4f7e00
ed507e00
ed517e00
ed527e00
ed537e00
ed547e00
ed557e00
ed567e00
ed577e00
ed587e00
ed597e00
ed5a7e00
ed5b7e00
ed5c7e00
ed5d7e00
ed5e7e00
ed5f7e00
ed607e00
ed617e00
ed627e00
ed637e00
ed647e00
ed657e00
ed667e00
ed677e00
ed687e00
ed697e00
ed6a7e00
ed6b7e00
ed6c7e00
ed6d7e00
ed6e7e00
ed6f7e00
ed707e00
ed717e00
ed727e00
ed737e00
ed747e00
ed757e00
ed767e00
ed777e00
ed787e00
ed797e00
ed7a7e00
ed7b7e00
ed7c7e00
ed7d7e00
ed7e7e00
ed7f7e00
ed807e00
ed817e00
ed827e00
ed837e00
ed847e00
ed857e00
ed867e00
ed877e00
ed887e00
ed897e00
ed8a7e00
ed8b7e00
ed8c7e00
ed8d7e00
ed8e7e00
ed8f7e00
ed907e00
ed917e00
ed927e00
ed937e00
ed947e00
ed957e00
ed967e00
ed977e00
ed987e00
ed997e00
ed9a7e00
ed9b7e00
ed9c7e00
ed9d7e00
ed9e7e00
ed9f7e00
eda07e00
eda17e00
eda27e00
eda37e00
eda47e00
eda57e00
eda67e00
eda77e00
eda87e00
eda97e00
edaa7e00
edab7e00
edac7e00
edad7e00
edae7e00
edaf7e00
edb07e00
edb17e00
edb27e00
edb37e00
edb47e00
edb57e00
edb67e00
edb77e00
edb87e00
edb97e00
edba7e00
edbb7e00
edbc7e00
edbd7e00
edbe7e00
edbf7e00
edc07e00
edc17e00
edc27e00
edc37e00
edc47e00
edc57e00
edc67e00
edc77e00
edc87e00
edc97e00
edca7e00
edcb7e00
edcc7e00
edcd7e00
edce7e00
edcf7e00
edd07e00
edd17e00
edd27e00
edd37e00
edd47e00
edd57e00
edd67e00
edd77e00
edd87e00
edd97e00
edda7e00
eddb7e00
eddc7e00
eddd7e00
edde7e00
eddf7e00
ede07e00
ede17e00
ede27e00
ede37e00
ede47e00
ede57e00
ede67e00
ede77e00
ede87e00
ede97e00
edea7e00
edeb7e00
edec7e00
eded7e00
edee7e00
edef7e00
edf07e00
edf17e00
edf27e00
edf37e00
edf47e00
edf57e00
edf67e00
edf77e00
edf87e00
edf97e00
edfa7e00
edfb7e00
edfc7e00
edfd7e00
edfe7e00
edff7e00
ee007e00
ee017e00
ee027e00
ee037e00
ee047e00
ee057e00
ee067e00
ee077e00
ee087e00
ee097e00
ee0a7e00
ee0b7e00
ee0c7e00
ee0d7e00
ee0e7e00
ee0f7e00
ee107e00
ee117e00
ee127e00
ee137e00
ee147e00
ee157e00
ee167e00
ee177e00
ee187e00
ee197e00
ee1a7e00
ee1b7e00
ee1c7e00
ee1d7e00
ee1e7e00
ee1f7e00
ee207e00
ee217e00
ee227e00
ee237e00
ee247e00
ee257e00
ee267e00
ee277e00
ee287e00
ee297e00
ee2a7e00
ee2b7e00
ee2c7e00
ee2d7e00
ee2e7e00
ee2f7e00
ee307e00
ee317e00
ee327e00
ee337e00
ee347e00
ee357e00
ee367e00
ee377e00
ee387e00
ee397e00
ee3a7e00
ee3b7e00
ee3c7e00
ee3d7e00
ee3e7e00
ee3f7e00
ee407e00
ee417e00
ee427e00
ee437e00
ee447e00
ee457e00
ee467e00
ee477e00
ee487e00
ee497e00
ee4a7e00
ee4b7e00
ee4c7e00
ee4d7e00
ee4e7e00
ee4f7e00
ee507e00
ee517e00
ee527e00
ee537e00
ee547e00
ee557e00
ee567e00
ee577e00
ee587e00
ee597e00
ee5a7e00
ee5b7e00
ee5c7e00
ee5d7e00
ee5e7e00
ee5f7e00
ee607e00
ee617e00
ee627e00
ee637e00
ee647e00
ee657e00
ee667e00
ee677e00
ee687e00
ee697e00
ee6a7e00
ee6b7e00
ee6c7e00
ee6d7e00
ee6e7e00
ee6f7e00
ee707e00
ee717e00
ee727e00
ee737e00
ee747e00
ee757e00
ee767e00
ee777e00
ee787e00
ee797e00
ee7a7e00
ee7b7e00
ee7c7e00
ee7d7e00
ee7e7e00
ee7f7e00
ee807e00
ee817e00
ee827e00
ee837e00
ee847e00
ee857e00
ee867e00
ee877e00
ee887e00
ee897e00
ee8a7e00
ee8b7e00
ee8c7e00
ee8d7e00
ee8e7e00
ee8f7e00
ee907e00
ee917e00
ee927e00
ee937e00
ee947e00
ee957e00
ee967e00
ee977e00
ee987e00
ee997e00
ee9a7e00
ee9b7e00
ee9c7e00
ee9d7e00
ee9e7e00
ee9f7e00
eea07e00
eea17e00
eea27e00
eea37e00
eea47e00
eea57e00
eea67e00
eea77e00
eea87e00
eea97e00
eeaa7e00
eeab7e00
eeac7e00
eead7e00
eeae7e00
eeaf7e00
eeb07e00
eeb17e00
eeb27e00
eeb37e00
eeb47e00
eeb57e00
eeb67e00
eeb77e00
eeb87e00
eeb97e00
eeba7e00
eebb7e00
eebc7e00
eebd7e00
eebe7e00
eebf7e00
eec07e00
eec17e00
eec27e00
eec37e00
eec47e00
eec57e00
eec67e00
eec77e00
eec87e00
eec97e00
eeca7e00
eecb7e00
eecc7e00
eecd7e00
eece7e00
eecf7e00
eed07e00
eed17e00
eed27e00
eed37e00
eed47e00
eed57e00
eed67e00
eed77e00
eed87e00
eed97e00
eeda7e00
eedb7e00
eedc7e00
eedd7e00
eede7e00
eedf7e00
eee07e00
eee17e00
eee27e00
eee37e00
eee47e00
eee57e00
eee67e00
eee77e00
eee87e00
eee97e00
eeea7e00
eeeb7e00
eeec7e00
eeed7e00
eeee7e00
eeef7e00
eef07e00
eef17e00
eef27e00
eef37e00
eef47e00
eef57e00
eef67e00
eef77e00
eef87e00
eef97e00
eefa7e00
eefb7e00
eefc7e00
eefd7e00
eefe7e00
eeff7e00
ef007e00
ef017e00
ef027e00
ef037e00
ef047e00
ef057e00
ef067e00
ef077e00
ef087e00
ef097e00
ef0a7e00
ef0b7e00
ef0c7e00
ef0d7e00
ef0e7e00
ef0f7e00
ef107e00
ef117e00
ef127e00
ef137e00
ef147e00
ef157e00
ef167e00
ef177e00
ef187e00
ef197e00
ef1a7e00
ef1b7e00
ef1c7e00
ef1d7e00
ef1e7e00
ef1f7e00
ef207e00
ef217e00
ef227e00
ef237e00
ef247e00
ef257e00
ef267e00
ef277e00
ef287e00
ef297e00
ef2a7e00
ef2b7e00
ef2c7e00
ef2d7e00
ef2e7e00
ef2f7e00
ef307e00
ef317e00
ef327e00
ef337e00
ef347e00
ef357e00
ef367e00
ef377e00
ef387e00
ef397e00
ef3a7e00
ef3b7e00
ef3c7e00
ef3d7e00
ef3e7e00
ef3f7e00
ef407e00
ef417e00
ef427e00
ef437e00
ef447e00
ef457e00
ef467e00
ef477e00
ef487e00
ef497e00
ef4a7e00
ef4b7e00
ef4c7e00
ef4d7e00
ef4e7e00
ef4f7e00
ef507e00
ef517e00
ef527e00
ef537e00
ef547e00
ef557e00
ef567e00
ef577e00
ef587e00
ef597e00
ef5a7e00
ef5b7e00
ef5c7e00
ef5d7e00
ef5e7e00
ef5f7e00
ef607e00
ef617e00
ef627e00
ef637e00
ef647e00
ef657e00
ef667e00
ef677e00
ef687e00
ef697e00
ef6a7e00
ef6b7e00
ef6c7e00
ef6d7e00
ef6e7e00
ef6f7e00
ef707e00
ef717e00
ef727e00
ef737e00
ef747e00
ef757e00
ef767e00
ef777e00
ef787e00
ef797e00
ef7a7e00
ef7b7e00
ef7c7e00
ef7d7e00
ef7e7e00
ef7f7e00
ef807e00
ef817e00
ef827e00
ef837e00
ef847e00
ef857e00
ef867e00
ef877e00
ef887e00
ef897e00
ef8a7e00
ef8b7e00
ef8c7e00
ef8d7e00
ef8e7e00
ef8f7e00
ef907e00
ef917e00
ef927e00
ef937e00
ef947e00
ef957e00
ef967e00
ef977e00
ef987e00
ef997e00
ef9a7e00
ef9b7e00
ef9c7e00
ef9d7e00
ef9e7e00
ef9f7e00
efa07e00
efa17e00
efa27e00
efa37e00
efa47e00
efa57e00
efa67e00
efa77e00
efa87e00
efa97e00
efaa7e00
efab7e00
efac7e00
efad7e00
efae7e00
efaf7e00
efb07e00
efb17e00
efb27e00
efb37e00
efb47e00
efb57e00
efb67e00
efb77e00
efb87e00
efb97e00
efba7e00
efbb7e00
efbc7e00
efbd7e00
efbe7e00
efbf7e00
efc07e00
efc17e00
efc27e00
efc37e00
efc47e00
efc57e00
efc67e00
efc77e00
efc87e00
efc97e00
efca7e00
efcb7e00
efcc7e00
efcd7e00
efce7e00
efcf7e00
efd07e00
efd17e00
efd27e00
efd37e00
efd47e00
efd57e00
efd67e00
efd77e00
efd87e00
efd97e00
efda7e00
efdb7e00
efdc7e00
efdd7e00
efde7e00
efdf7e00
efe07e00
efe17e00
efe27e00
efe37e00
efe47e00
efe57e00
efe67e00
efe77e00
efe87e00
efe97e00
efea7e00
efeb7e00
efec7e00
efed7e00
efee7e00
efef7e00
eff07e00
eff17e00
eff27e00
eff37e00
eff47e00
eff57e00
eff67e00
eff77e00
eff87e00
eff97e00
effa7e00
effb7e00
effc7e00
effd7e00
effe7e00
efff7e00
f0007e00
f0017e00
f0027e00
f0037e00
f0047e00
f0057e00
f0067e00
f0077e00
f0087e00
f0097e00
f00a7e00
f00b7e00
f00c7e00
f00d7e00
f00e7e00
f00f7e00
f0107e00
f0117e00
f0127e00
f0137e00
f0147e00
f0157e00
f0167e00
f0177e00
f0187e00
f0197e00
f01a7e00
f01b7e00
f01c7e00
f01d7e00
f01e7e00
f01f7e00
f0207e00
f0217e00
f0227e00
f0237e00
f0247e00
f0257e00
f0267e00
f0277e00
f0287e00
f0297e00
f02a7e00
f02b7e00
f02c7e00
f02d7e00
f02e7e00
f02f7e00
f0307e00
f0317e00
f0327e00
f0337e00
f0347e00
f0357e00
f0367e00
f0377e00
f0387e00
f0397e00
f03a7e00
f03b7e00
f03c7e00
f03d7e00
f03e7e00
f03f7e00
f0407e00
f0417e00
f0427e00
f0437e00
f0447e00
f0457e00
f0467e00
f0477e00
f0487e00
f0497e00
f04a7e00
f04b7e00
f04c7e00
f04d7e00
f04e7e00
f04f7e00
f0507e00
f0517e00
f0527e00
f0537e00
f0547e00
f0557e00
f0567e00
f0577e00
f0587e00
f0597e00
f05a7e00
f05b7e00
f05c7e00
f05d7e00
f05e7e00
f05f7e00
f0607e00
f0617e00
f0627e00
f0637e00
f0647e00
f0657e00
f0667e00
f0677e00
f0687e00
f0697e00
f06a7e00
f06b7e00
f06c7e00
f06d7e00
f06e7e00
f06f7e00
f0707e00
f0717e00
f0727e00
f0737e00
f0747e00
f0757e00
f0767e00
f0777e00
f0787e00
f0797e00
f07a7e00
f07b7e00
f07c7e00
f07d7e00
f07e7e00
f07f7e00
f0807e00
f0817e00
f0827e00
f0837e00
f0847e00
f0857e00
f0867e00
f0877e00
f0887e00
f0897e00
f08a7e00
f08b7e00
f08c7e00
f08d7e00
f08e7e00
f08f7e00
f0907e00
f0917e00
f0927e00
f0937e00
f0947e00
f0957e00
f0967e00
f0977e00
f0987e00
f0997e00
f09a7e00
f09b7e00
f09c7e00
f09d7e00
f09e7e00
f09f7e00
f0a07e00
f0a17e00
f0a27e00
f0a37e00
f0a47e00
f0a57e00
f0a67e00
f0a77e00
f0a87e00
f0a97e00
f0aa7e00
f0ab7e00
f0ac7e00
f0ad7e00
f0ae7e00
f0af7e00
f0b07e00
f0b17e00
f0b27e00
f0b37e00
f0b47e00
f0b57e00
f0b67e00
f0b77e00
f0b87e00
f0b97e00
f0ba7e00
f0bb7e00
f0bc7e00
f0bd7e00
f0be7e00
f0bf7e00
f0c07e00
f0c17e00
f0c27e00
f0c37e00
f0c47e00
f0c57e00
f0c67e00
f0c77e00
f0c87e00
f0c97e00
f0ca7e00
f0cb7e00
f0cc7e00
f0cd7e00
f0ce7e00
f0cf7e00
f0d07e00
f0d17e00
f0d27e00
f0d37e00
f0d47e00
f0d57e00
f0d67e00
f0d77e00
f0d87e00
f0d97e00
f0da7e00
f0db7e00
f0dc7e00
f0dd7e00
f0de7e00
f0df7e00
f0e07e00
f0e17e00
f0e27e00
f0e37e00
f0e47e00
f0e57e00
f0e67e00
f0e77e00
f0e87e00
f0e97e00
f0ea7e00
f0eb7e00
f0ec7e00
f0ed7e00
f0ee7e00
f0ef7e00
f0f07e00
f0f17e00
f0f27e00
f0f37e00
f0f47e00
f0f57e00
f0f67e00
f0f77e00
f0f87e00
f0f97e00
f0fa7e00
f0fb7e00
f0fc7e00
f0fd7e00
f0fe7e00
f0ff7e00
f1007e00
f1017e00
f1027e00
f1037e00
f1047e00
f1057e00
f1067e00
f1077e00
f1087e00
f1097e00
f10a7e00
f10b7e00
f10c7e00
f10d7e00
f10e7e00
f10f7e00
f1107e00
f1117e00
f1127e00
f1137e00
f1147e00
f1157e00
f1167e00
f1177e00
f1187e00
f1197e00
f11a7e00
f11b7e00
f11c7e00
f11d7e00
f11e7e00
f11f7e00
f1207e00
f1217e00
f1227e00
f1237e00
f1247e00
f1257e00
f1267e00
f1277e00
f1287e00
f1297e00
f12a7e00
f12b7e00
f12c7e00
f12d7e00
f12e7e00
f12f7e00
f1307e00
f1317e00
f1327e00
f1337e00
f1347e00
f1357e00
f1367e00
f1377e00
f1387e00
f1397e00
f13a7e00
f13b7e00
f13c7e00
f13d7e00
f13e7e00
f13f7e00
f1407e00
f1417e00
f1427e00
f1437e00
f1447e00
f1457e00
f1467e00
f1477e00
f1487e00
f1497e00
f14a7e00
f14b7e00
f14c7e00
f14d7e00
f14e7e00
f14f7e00
f1507e00
f1517e00
f1527e00
f1537e00
f1547e00
f1557e00
f1567e00
f1577e00
f1587e00
f1597e00
f15a7e00
f15b7e00
f15c7e00
f15d7e00
f15e7e00
f15f7e00
f1607e00
f1617e00
f1627e00
f1637e00
f1647e00
f1657e00
f1667e00
f1677e00
f1687e00
f1697e00
f16a7e00
f16b7e00
f16c7e00
f16d7e00
f16e7e00
f16f7e00
f1707e00
f1717e00
f1727e00
f1737e00
f1747e00
f1757e00
f1767e00
f1777e00
f1787e00
f1797e00
f17a7e00
f17b7e00
f17c7e00
f17d7e00
f17e7e00
f17f7e00
f1807e00
f1817e00
f1827e00
f1837e00
f1847e00
f1857e00
f1867e00
f1877e00
f1887e00
f1897e00
f18a7e00
f18b7e00
f18c7e00
f18d7e00
f18e7e00
f18f7e00
f1907e00
f1917e00
f1927e00
f1937e00
f1947e00
f1957e00
f1967e00
f1977e00
f1987e00
f1997e00
f19a7e00
f19b7e00
f19c7e00
f19d7e00
f19e7e00
f19f7e00
f1a07e00
f1a17e00
f1a27e00
f1a37e00
f1a47e00
f1a57e00
f1a67e00
f1a77e00
f1a87e00
f1a97e00
f1aa7e00
f1ab7e00
f1ac7e00
f1ad7e00
f1ae7e00
f1af7e00
f1b07e00
f1b17e00
f1b27e00
f1b37e00
f1b47e00
f1b57e00
f1b67e00
f1b77e00
f1b87e00
f1b97e00
f1ba7e00
f1bb7e00
f1bc7e00
f1bd7e00
f1be7e00
f1bf7e00
f1c07e00
f1c17e00
f1c27e00
f1c37e00
f1c47e00
f1c57e00
f1c67e00
f1c77e00
f1c87e00
f1c97e00
f1ca7e00
f1cb7e00
f1cc7e00
f1cd7e00
f1ce7e00
f1cf7e00
f1d07e00
f1d17e00
f1d27e00
f1d37e00
f1d47e00
f1d57e00
f1d67e00
f1d77e00
f1d87e00
f1d97e00
f1da7e00
f1db7e00
f1dc7e00
f1dd7e00
f1de7e00
f1df7e00
f1e07e00
f1e17e00
f1e27e00
f1e37e00
f1e47e00
f1e57e00
f1e67e00
f1e77e00
f1e87e00
f1e97e00
f1ea7e00
f1eb7e00
f1ec7e00
f1ed7e00
f1ee7e00
f1ef7e00
f1f07e00
f1f17e00
f1f27e00
f1f37e00
f1f47e00
f1f57e00
f1f67e00
f1f77e00
f1f87e00
f1f97e00
f1fa7e00
f1fb7e00
f1fc7e00
f1fd7e00
f1fe7e00
f1ff7e00
f2007e00
f2017e00
f2027e00
f2037e00
f2047e00
f2057e00
f2067e00
f2077e00
f2087e00
f2097e00
f20a7e00
f20b7e00
f20c7e00
f20d7e00
f20e7e00
f20f7e00
f2107e00
f2117e00
f2127e00
f2137e00
f2147e00
f2157e00
f2167e00
f2177e00
f2187e00
f2197e00
f21a7e00
f21b7e00
f21c7e00
f21d7e00
f21e7e00
f21f7e00
f2207e00
f2217e00
f2227e00
f2237e00
f2247e00
f2257e00
f2267e00
f2277e00
f2287e00
f2297e00
f22a7e00
f22b7e00
f22c7e00
f22d7e00
f22e7e00
f22f7e00
f2307e00
f2317e00
f2327e00
f2337e00
f2347e00
f2357e00
f2367e00
f2377e00
f2387e00
f2397e00
f23a7e00
f23b7e00
f23c7e00
f23d7e00
f23e7e00
f23f7e00
f2407e00
f2417e00
f2427e00
f2437e00
f2447e00
f2457e00
f2467e00
f2477e00
f2487e00
f2497e00
f24a7e00
f24b7e00
f24c7e00
f24d7e00
f24e7e00
f24f7e00
f2507e00
f2517e00
f2527e00
f2537e00
f2547e00
f2557e00
f2567e00
f2577e00
f2587e00
f2597e00
f25a7e00
f25b7e00
f25c7e00
f25d7e00
f25e7e00
f25f7e00
f2607e00
f2617e00
f2627e00
f2637e00
f2647e00
f2657e00
f2667e00
f2677e00
f2687e00
f2697e00
f26a7e00
f26b7e00
f26c7e00
f26d7e00
f26e7e00
f26f7e00
f2707e00
f2717e00
f2727e00
f2737e00
f2747e00
f2757e00
f2767e00
f2777e00
f2787e00
f2797e00
f27a7e00
f27b7e00
f27c7e00
f27d7e00
f27e7e00
f27f7e00
f2807e00
f2817e00
f2827e00
f2837e00
f2847e00
f2857e00
f2867e00
f2877e00
f2887e00
f2897e00
f28a7e00
f28b7e00
f28c7e00
f28d7e00
f28e7e00
f28f7e00
f2907e00
f2917e00
f2927e00
f2937e00
f2947e00
f2957e00
f2967e00
f2977e00
f2987e00
f2997e00
f29a7e00
f29b7e00
f29c7e00
f29d7e00
f29e7e00
f29f7e00
f2a07e00
f2a17e00
f2a27e00
f2a37e00
f2a47e00
f2a57e00
f2a67e00
f2a77e00
f2a87e00
f2a97e00
f2aa7e00
f2ab7e00
f2ac7e00
f2ad7e00
f2ae7e00
f2af7e00
f2b07e00
f2b17e00
f2b27e00
f2b37e00
f2b47e00
f2b57e00
f2b67e00
f2b77e00
f2b87e00
f2b97e00
f2ba7e00
f2bb7e00
f2bc7e00
f2bd7e00
f2be7e00
f2bf7e00
f2c07e00
f2c17e00
f2c27e00
f2c37e00
f2c47e00
f2c57e00
f2c67e00
f2c77e00
f2c87e00
f2c97e00
f2ca7e00
f2cb7e00
f2cc7e00
f2cd7e00
f2ce7e00
f2cf7e00
f2d07e00
f2d17e00
f2d27e00
f2d37e00
f2d47e00
f2d57e00
f2d67e00
f2d77e00
f2d87e00
f2d97e00
f2da7e00
f2db7e00
f2dc7e00
f2dd7e00
f2de7e00
f2df7e00
f2e07e00
f2e17e00
f2e27e00
f2e37e00
f2e47e00
f2e57e00
f2e67e00
f2e77e00
f2e87e00
f2e97e00
f2ea7e00
f2eb7e00
f2ec7e00
f2ed7e00
f2ee7e00
f2ef7e00
f2f07e00
f2f17e00
f2f27e00
f2f37e00
f2f47e00
f2f57e00
f2f67e00
f2f77e00
f2f87e00
f2f97e00
f2fa7e00
f2fb7e00
f2fc7e00
f2fd7e00
f2fe7e00
f2ff7e00
f3007e00
f3017e00
f3027e00
f3037e00
f3047e00
f3057e00
f3067e00
f3077e00
f3087e00
f3097e00
f30a7e00
f30b7e00
f30c7e00
f30d7e00
f30e7e00
f30f7e00
f3107e00
f3117e00
f3127e00
f3137e00
f3147e00
f3157e00
f3167e00
f3177e00
f3187e00
f3197e00
f31a7e00
f31b7e00
f31c7e00
f31d7e00
f31e7e00
f31f7e00
f3207e00
f3217e00
f3227e00
f3237e00
f3247e00
f3257e00
f3267e00
f3277e00
f3287e00
f3297e00
f32a7e00
f32b7e00
f32c7e00
f32d7e00
f32e7e00
f32f7e00
f3307e00
f3317e00
f3327e00
f3337e00
f3347e00
f3357e00
f3367e00
f3377e00
f3387e00
f3397e00
f33a7e00
f33b7e00
f33c7e00
f33d7e00
f33e7e00
f33f7e00
f3407e00
f3417e00
f3427e00
f3437e00
f3447e00
f3457e00
f3467e00
f3477e00
f3487e00
f3497e00
f34a7e00
f34b7e00
f34c7e00
f34d7e00
f34e7e00
f34f7e00
f3507e00
f3517e00
f3527e00
f3537e00
f3547e00
f3557e00
f3567e00
f3577e00
f3587e00
f3597e00
f35a7e00
f35b7e00
f35c7e00
f35d7e00
f35e7e00
f35f7e00
f3607e00
f3617e00
f3627e00
f3637e00
f3647e00
f3657e00
f3667e00
f3677e00
f3687e00
f3697e00
f36a7e00
f36b7e00
f36c7e00
f36d7e00
f36e7e00
f36f7e00
f3707e00
f3717e00
f3727e00
f3737e00
f3747e00
f3757e00
f3767e00
f3777e00
f3787e00
f3797e00
f37a7e00
f37b7e00
f37c7e00
f37d7e00
f37e7e00
f37f7e00
f3807e00
f3817e00
f3827e00
f3837e00
f3847e00
f3857e00
f3867e00
f3877e00
f3887e00
f3897e00
f38a7e00
f38b7e00
f38c7e00
f38d7e00
f38e7e00
f38f7e00
f3907e00
f3917e00
f3927e00
f3937e00
f3947e00
f3957e00
f3967e00
f3977e00
f3987e00
f3997e00
f39a7e00
f39b7e00
f39c7e00
f39d7e00
f39e7e00
f39f7e00
f3a07e00
f3a17e00
f3a27e00
f3a37e00
f3a47e00
f3a57e00
f3a67e00
f3a77e00
f3a87e00
f3a97e00
f3aa7e00
f3ab7e00
f3ac7e00
f3ad7e00
f3ae7e00
f3af7e00
f3b07e00
f3b17e00
f3b27e00
f3b37e00
f3b47e00
f3b57e00
f3b67e00
f3b77e00
f3b87e00
f3b97e00
f3ba7e00
f3bb7e00
f3bc7e00
f3bd7e00
f3be7e00
f3bf7e00
f3c07e00
f3c17e00
f3c27e00
f3c37e00
f3c47e00
f3c57e00
f3c67e00
f3c77e00
f3c87e00
f3c97e00
f3ca7e00
f3cb7e00
f3cc7e00
f3cd7e00
f3ce7e00
f3cf7e00
f3d07e00
f3d17e00
f3d27e00
f3d37e00
f3d47e00
f3d57e00
f3d67e00
f3d77e00
f3d87e00
f3d97e00
f3da7e00
f3db7e00
f3dc7e00
f3dd7e00
f3de7e00
f3df7e00
f3e07e00
f3e17e00
f3e27e00
f3e37e00
f3e47e00
f3e57e00
f3e67e00
f3e77e00
f3e87e00
f3e97e00
f3ea7e00
f3eb7e00
f3ec7e00
f3ed7e00
f3ee7e00
f3ef7e00
f3f07e00
f3f17e00
f3f27e00
f3f37e00
f3f47e00
f3f57e00
f3f67e00
f3f77e00
f3f87e00
f3f97e00
f3fa7e00
f3fb7e00
f3fc7e00
f3fd7e00
f3fe7e00
f3ff7e00
f4007e00
f4017e00
f4027e00
f4037e00
f4047e00
f4057e00
f4067e00
f4077e00
f4087e00
f4097e00
f40a7e00
f40b7e00
f40c7e00
f40d7e00
f40e7e00
f40f7e00
f4107e00
f4117e00
f4127e00
f4137e00
f4147e00
f4157e00
f4167e00
f4177e00
f4187e00
f4197e00
f41a7e00
f41b7e00
f41c7e00
f41d7e00
f41e7e00
f41f7e00
f4207e00
f4217e00
f4227e00
f4237e00
f4247e00
f4257e00
f4267e00
f4277e00
f4287e00
f4297e00
f42a7e00
f42b7e00
f42c7e00
f42d7e00
f42e7e00
f42f7e00
f4307e00
f4317e00
f4327e00
f4337e00
f4347e00
f4357e00
f4367e00
f4377e00
f4387e00
f4397e00
f43a7e00
f43b7e00
f43c7e00
f43d7e00
f43e7e00
f43f7e00
f4407e00
f4417e00
f4427e00
f4437e00
f4447e00
f4457e00
f4467e00
f4477e00
f4487e00
f4497e00
f44a7e00
f44b7e00
f44c7e00
f44d7e00
f44e7e00
f44f7e00
f4507e00
f4517e00
f4527e00
f4537e00
f4547e00
f4557e00
f4567e00
f4577e00
f4587e00
f4597e00
f45a7e00
f45b7e00
f45c7e00
f45d7e00
f45e7e00
f45f7e00
f4607e00
f4617e00
f4627e00
f4637e00
f4647e00
f4657e00
f4667e00
f4677e00
f4687e00
f4697e00
f46a7e00
f46b7e00
f46c7e00
f46d7e00
f46e7e00
f46f7e00
f4707e00
f4717e00
f4727e00
f4737e00
f4747e00
f4757e00
f4767e00
f4777e00
f4787e00
f4797e00
f47a7e00
f47b7e00
f47c7e00
f47d7e00
f47e7e00
f47f7e00
f4807e00
f4817e00
f4827e00
f4837e00
f4847e00
f4857e00
f4867e00
f4877e00
f4887e00
f4897e00
f48a7e00
f48b7e00
f48c7e00
f48d7e00
f48e7e00
f48f7e00
f4907e00
f4917e00
f4927e00
f4937e00
f4947e00
f4957e00
f4967e00
f4977e00
f4987e00
f4997e00
f49a7e00
f49b7e00
f49c7e00
f49d7e00
f49e7e00
f49f7e00
f4a07e00
f4a17e00
f4a27e00
f4a37e00
f4a47e00
f4a57e00
f4a67e00
f4a77e00
f4a87e00
f4a97e00
f4aa7e00
f4ab7e00
f4ac7e00
f4ad7e00
f4ae7e00
f4af7e00
f4b07e00
f4b17e00
f4b27e00
f4b37e00
f4b47e00
f4b57e00
f4b67e00
f4b77e00
f4b87e00
f4b97e00
f4ba7e00
f4bb7e00
f4bc7e00
f4bd7e00
f4be7e00
f4bf7e00
f4c07e00
f4c17e00
f4c27e00
f4c37e00
f4c47e00
f4c57e00
f4c67e00
f4c77e00
f4c87e00
f4c97e00
f4ca7e00
f4cb7e00
f4cc7e00
f4cd7e00
f4ce7e00
f4cf7e00
f4d07e00
f4d17e00
f4d27e00
f4d37e00
f4d47e00
f4d57e00
f4d67e00
f4d77e00
f4d87e00
f4d97e00
f4da7e00
f4db7e00
f4dc7e00
f4dd7e00
f4de7e00
f4df7e00
f4e07e00
f4e17e00
f4e27e00
f4e37e00
f4e47e00
f4e57e00
f4e67e00
f4e77e00
f4e87e00
f4e97e00
f4ea7e00
f4eb7e00
f4ec7e00
f4ed7e00
f4ee7e00
f4ef7e00
f4f07e00
f4f17e00
f4f27e00
f4f37e00
f4f47e00
f4f57e00
f4f67e00
f4f77e00
f4f87e00
f4f97e00
f4fa7e00
f4fb7e00
f4fc7e00
f4fd7e00
f4fe7e00
f4ff7e00
f5007e00
f5017e00
f5027e00
f5037e00
f5047e00
f5057e00
f5067e00
f5077e00
f5087e00
f5097e00
f50a7e00
f50b7e00
f50c7e00
f50d7e00
f50e7e00
f50f7e00
f5107e00
f5117e00
f5127e00
f5137e00
f5147e00
f5157e00
f5167e00
f5177e00
f5187e00
f5197e00
f51a7e00
f51b7e00
f51c7e00
f51d7e00
f51e7e00
f51f7e00
f5207e00
f5217e00
f5227e00
f5237e00
f5247e00
f5257e00
f5267e00
f5277e00
f5287e00
f5297e00
f52a7e00
f52b7e00
f52c7e00
f52d7e00
f52e7e00
f52f7e00
f5307e00
f5317e00
f5327e00
f5337e00
f5347e00
f5357e00
f5367e00
f5377e00
f5387e00
f5397e00
f53a7e00
f53b7e00
f53c7e00
f53d7e00
f53e7e00
f53f7e00
f5407e00
f5417e00
f5427e00
f5437e00
f5447e00
f5457e00
f5467e00
f5477e00
f5487e00
f5497e00
f54a7e00
f54b7e00
f54c7e00
f54d7e00
f54e7e00
f54f7e00
f5507e00
f5517e00
f5527e00
f5537e00
f5547e00
f5557e00
f5567e00
f5577e00
f5587e00
f5597e00
f55a7e00
f55b7e00
f55c7e00
f55d7e00
f55e7e00
f55f7e00
f5607e00
f5617e00
f5627e00
f5637e00
f5647e00
f5657e00
f5667e00
f5677e00
f5687e00
f5697e00
f56a7e00
f56b7e00
f56c7e00
f56d7e00
f56e7e00
f56f7e00
f5707e00
f5717e00
f5727e00
f5737e00
f5747e00
f5757e00
f5767e00
f5777e00
f5787e00
f5797e00
f57a7e00
f57b7e00
f57c7e00
f57d7e00
f57e7e00
f57f7e00
f5807e00
f5817e00
f5827e00
f5837e00
f5847e00
f5857e00
f5867e00
f5877e00
f5887e00
f5897e00
f58a7e00
f58b7e00
f58c7e00
f58d7e00
f58e7e00
f58f7e00
f5907e00
f5917e00
f5927e00
f5937e00
f5947e00
f5957e00
f5967e00
f5977e00
f5987e00
f5997e00
f59a7e00
f59b7e00
f59c7e00
f59d7e00
f59e7e00
f59f7e00
f5a07e00
f5a17e00
f5a27e00
f5a37e00
f5a47e00
f5a57e00
f5a67e00
f5a77e00
f5a87e00
f5a97e00
f5aa7e00
f5ab7e00
f5ac7e00
f5ad7e00
f5ae7e00
f5af7e00
f5b07e00
f5b17e00
f5b27e00
f5b37e00
f5b47e00
f5b57e00
f5b67e00
f5b77e00
f5b87e00
f5b97e00
f5ba7e00
f5bb7e00
f5bc7e00
f5bd7e00
f5be7e00
f5bf7e00
f5c07e00
f5c17e00
f5c27e00
f5c37e00
f5c47e00
f5c57e00
f5c67e00
f5c77e00
f5c87e00
f5c97e00
f5ca7e00
f5cb7e00
f5cc7e00
f5cd7e00
f5ce7e00
f5cf7e00
f5d07e00
f5d17e00
f5d27e00
f5d37e00
f5d47e00
f5d57e00
f5d67e00
f5d77e00
f5d87e00
f5d97e00
f5da7e00
f5db7e00
f5dc7e00
f5dd7e00
f5de7e00
f5df7e00
f5e07e00
f5e17e00
f5e27e00
f5e37e00
f5e47e00
f5e57e00
f5e67e00
f5e77e00
f5e87e00
f5e97e00
f5ea7e00
f5eb7e00
f5ec7e00
f5ed7e00
f5ee7e00
f5ef7e00
f5f07e00
f5f17e00
f5f27e00
f5f37e00
f5f47e00
f5f57e00
f5f67e00
f5f77e00
f5f87e00
f5f97e00
f5fa7e00
f5fb7e00
f5fc7e00
f5fd7e00
f5fe7e00
f5ff7e00
f6007e00
f6017e00
f6027e00
f6037e00
f6047e00
f6057e00
f6067e00
f6077e00
f6087e00
f6097e00
f60a7e00
f60b7e00
f60c7e00
f60d7e00
f60e7e00
f60f7e00
f6107e00
f6117e00
f6127e00
f6137e00
f6147e00
f6157e00
f6167e00
f6177e00
f6187e00
f6197e00
f61a7e00
f61b7e00
f61c7e00
f61d7e00
f61e7e00
f61f7e00
f6207e00
f6217e00
f6227e00
f6237e00
f6247e00
f6257e00
f6267e00
f6277e00
f6287e00
f6297e00
f62a7e00
f62b7e00
f62c7e00
f62d7e00
f62e7e00
f62f7e00
f6307e00
f6317e00
f6327e00
f6337e00
f6347e00
f6357e00
f6367e00
f6377e00
f6387e00
f6397e00
f63a7e00
f63b7e00
f63c7e00
f63d7e00
f63e7e00
f63f7e00
f6407e00
f6417e00
f6427e00
f6437e00
f6447e00
f6457e00
f6467e00
f6477e00
f6487e00
f6497e00
f64a7e00
f64b7e00
f64c7e00
f64d7e00
f64e7e00
f64f7e00
f6507e00
f6517e00
f6527e00
f6537e00
f6547e00
f6557e00
f6567e00
f6577e00
f6587e00
f6597e00
f65a7e00
f65b7e00
f65c7e00
f65d7e00
f65e7e00
f65f7e00
f6607e00
f6617e00
f6627e00
f6637e00
f6647e00
f6657e00
f6667e00
f6677e00
f6687e00
f6697e00
f66a7e00
f66b7e00
f66c7e00
f66d7e00
f66e7e00
f66f7e00
f6707e00
f6717e00
f6727e00
f6737e00
f6747e00
f6757e00
f6767e00
f6777e00
f6787e00
f6797e00
f67a7e00
f67b7e00
f67c7e00
f67d7e00
f67e7e00
f67f7e00
f6807e00
f6817e00
f6827e00
f6837e00
f6847e00
f6857e00
f6867e00
f6877e00
f6887e00
f6897e00
f68a7e00
f68b7e00
f68c7e00
f68d7e00
f68e7e00
f68f7e00
f6907e00
f6917e00
f6927e00
f6937e00
f6947e00
f6957e00
f6967e00
f6977e00
f6987e00
f6997e00
f69a7e00
f69b7e00
f69c7e00
f69d7e00
f69e7e00
f69f7e00
f6a07e00
f6a17e00
f6a27e00
f6a37e00
f6a47e00
f6a57e00
f6a67e00
f6a77e00
f6a87e00
f6a97e00
f6aa7e00
f6ab7e00
f6ac7e00
f6ad7e00
f6ae7e00
f6af7e00
f6b07e00
f6b17e00
f6b27e00
f6b37e00
f6b47e00
f6b57e00
f6b67e00
f6b77e00
f6b87e00
f6b97e00
f6ba7e00
f6bb7e00
f6bc7e00
f6bd7e00
f6be7e00
f6bf7e00
f6c07e00
f6c17e00
f6c27e00
f6c37e00
f6c47e00
f6c57e00
f6c67e00
f6c77e00
f6c87e00
f6c97e00
f6ca7e00
f6cb7e00
f6cc7e00
f6cd7e00
f6ce7e00
f6cf7e00
f6d07e00
f6d17e00
f6d27e00
f6d37e00
f6d47e00
f6d57e00
f6d67e00
f6d77e00
f6d87e00
f6d97e00
f6da7e00
f6db7e00
f6dc7e00
f6dd7e00
f6de7e00
f6df7e00
f6e07e00
f6e17e00
f6e27e00
f6e37e00
f6e47e00
f6e57e00
f6e67e00
f6e77e00
f6e87e00
f6e97e00
f6ea7e00
f6eb7e00
f6ec7e00
f6ed7e00
f6ee7e00
f6ef7e00
f6f07e00
f6f17e00
f6f27e00
f6f37e00
f6f47e00
f6f57e00
f6f67e00
f6f77e00
f6f87e00
f6f97e00
f6fa7e00
f6fb7e00
f6fc7e00
f6fd7e00
f6fe7e00
f6ff7e00
f7007e00
f7017e00
f7027e00
f7037e00
f7047e00
f7057e00
f7067e00
f7077e00
f7087e00
f7097e00
f70a7e00
f70b7e00
f70c7e00
f70d7e00
f70e7e00
f70f7e00
f7107e00
f7117e00
f7127e00
f7137e00
f7147e00
f7157e00
f7167e00
f7177e00
f7187e00
f7197e00
f71a7e00
f71b7e00
f71c7e00
f71d7e00
f71e7e00
f71f7e00
f7207e00
f7217e00
f7227e00
f7237e00
f7247e00
f7257e00
f7267e00
f7277e00
f7287e00
f7297e00
f72a7e00
f72b7e00
f72c7e00
f72d7e00
f72e7e00
f72f7e00
f7307e00
f7317e00
f7327e00
f7337e00
f7347e00
f7357e00
f7367e00
f7377e00
f7387e00
f7397e00
f73a7e00
f73b7e00
f73c7e00
f73d7e00
f73e7e00
f73f7e00
f7407e00
f7417e00
f7427e00
f7437e00
f7447e00
f7457e00
f7467e00
f7477e00
f7487e00
f7497e00
f74a7e00
f74b7e00
f74c7e00
f74d7e00
f74e7e00
f74f7e00
f7507e00
f7517e00
f7527e00
f7537e00
f7547e00
f7557e00
f7567e00
f7577e00
f7587e00
f7597e00
f75a7e00
f75b7e00
f75c7e00
f75d7e00
f75e7e00
f75f7e00
f7607e00
f7617e00
f7627e00
f7637e00
f7647e00
f7657e00
f7667e00
f7677e00
f7687e00
f7697e00
f76a7e00
f76b7e00
f76c7e00
f76d7e00
f76e7e00
f76f7e00
f7707e00
f7717e00
f7727e00
f7737e00
f7747e00
f7757e00
f7767e00
f7777e00
f7787e00
f7797e00
f77a7e00
f77b7e00
f77c7e00
f77d7e00
f77e7e00
f77f7e00
f7807e00
f7817e00
f7827e00
f7837e00
f7847e00
f7857e00
f7867e00
f7877e00
f7887e00
f7897e00
f78a7e00
f78b7e00
f78c7e00
f78d7e00
f78e7e00
f78f7e00
f7907e00
f7917e00
f7927e00
f7937e00
f7947e00
f7957e00
f7967e00
f7977e00
f7987e00
f7997e00
f79a7e00
f79b7e00
f79c7e00
f79d7e00
f79e7e00
f79f7e00
f7a07e00
f7a17e00
f7a27e00
f7a37e00
f7a47e00
f7a57e00
f7a67e00
f7a77e00
f7a87e00
f7a97e00
f7aa7e00
f7ab7e00
f7ac7e00
f7ad7e00
f7ae7e00
f7af7e00
f7b07e00
f7b17e00
f7b27e00
f7b37e00
f7b47e00
f7b57e00
f7b67e00
f7b77e00
f7b87e00
f7b97e00
f7ba7e00
f7bb7e00
f7bc7e00
f7bd7e00
f7be7e00
f7bf7e00
f7c07e00
f7c17e00
f7c27e00
f7c37e00
f7c47e00
f7c57e00
f7c67e00
f7c77e00
f7c87e00
f7c97e00
f7ca7e00
f7cb7e00
f7cc7e00
f7cd7e00
f7ce7e00
f7cf7e00
f7d07e00
f7d17e00
f7d27e00
f7d37e00
f7d47e00
f7d57e00
f7d67e00
f7d77e00
f7d87e00
f7d97e00
f7da7e00
f7db7e00
f7dc7e00
f7dd7e00
f7de7e00
f7df7e00
f7e07e00
f7e17e00
f7e27e00
f7e37e00
f7e47e00
f7e57e00
f7e67e00
f7e77e00
f7e87e00
f7e97e00
f7ea7e00
f7eb7e00
f7ec7e00
f7ed7e00
f7ee7e00
f7ef7e00
f7f07e00
f7f17e00
f7f27e00
f7f37e00
f7f47e00
f7f57e00
f7f67e00
f7f77e00
f7f87e00
f7f97e00
f7fa7e00
f7fb7e00
f7fc7e00
f7fd7e00
f7fe7e00
f7ff7e00
f8007e00
f8017e00
f8027e00
f8037e00
f8047e00
f8057e00
f8067e00
f8077e00
f8087e00
f8097e00
f80a7e00
f80b7e00
f80c7e00
f80d7e00
f80e7e00
f80f7e00
f8107e00
f8117e00
f8127e00
f8137e00
f8147e00
f8157e00
f8167e00
f8177e00
f8187e00
f8197e00
f81a7e00
f81b7e00
f81c7e00
f81d7e00
f81e7e00
f81f7e00
f8207e00
f8217e00
f8227e00
f8237e00
f8247e00
f8257e00
f8267e00
f8277e00
f8287e00
f8297e00
f82a7e00
f82b7e00
f82c7e00
f82d7e00
f82e7e00
f82f7e00
f8307e00
f8317e00
f8327e00
f8337e00
f8347e00
f8357e00
f8367e00
f8377e00
f8387e00
f8397e00
f83a7e00
f83b7e00
f83c7e00
f83d7e00
f83e7e00
f83f7e00
f8407e00
f8417e00
f8427e00
f8437e00
f8447e00
f8457e00
f8467e00
f8477e00
f8487e00
f8497e00
f84a7e00
f84b7e00
f84c7e00
f84d7e00
f84e7e00
f84f7e00
f8507e00
f8517e00
f8527e00
f8537e00
f8547e00
f8557e00
f8567e00
f8577e00
f8587e00
f8597e00
f85a7e00
f85b7e00
f85c7e00
f85d7e00
f85e7e00
f85f7e00
f8607e00
f8617e00
f8627e00
f8637e00
f8647e00
f8657e00
f8667e00
f8677e00
f8687e00
f8697e00
f86a7e00
f86b7e00
f86c7e00
f86d7e00
f86e7e00
f86f7e00
f8707e00
f8717e00
f8727e00
f8737e00
f8747e00
f8757e00
f8767e00
f8777e00
f8787e00
f8797e00
f87a7e00
f87b7e00
f87c7e00
f87d7e00
f87e7e00
f87f7e00
f8807e00
f8817e00
f8827e00
f8837e00
f8847e00
f8857e00
f8867e00
f8877e00
f8887e00
f8897e00
f88a7e00
f88b7e00
f88c7e00
f88d7e00
f88e7e00
f88f7e00
f8907e00
f8917e00
f8927e00
f8937e00
f8947e00
f8957e00
f8967e00
f8977e00
f8987e00
f8997e00
f89a7e00
f89b7e00
f89c7e00
f89d7e00
f89e7e00
f89f7e00
f8a07e00
f8a17e00
f8a27e00
f8a37e00
f8a47e00
f8a57e00
f8a67e00
f8a77e00
f8a87e00
f8a97e00
f8aa7e00
f8ab7e00
f8ac7e00
f8ad7e00
f8ae7e00
f8af7e00
f8b07e00
f8b17e00
f8b27e00
f8b37e00
f8b47e00
f8b57e00
f8b67e00
f8b77e00
f8b87e00
f8b97e00
f8ba7e00
f8bb7e00
f8bc7e00
f8bd7e00
f8be7e00
f8bf7e00
f8c07e00
f8c17e00
f8c27e00
f8c37e00
f8c47e00
f8c57e00
f8c67e00
f8c77e00
f8c87e00
f8c97e00
f8ca7e00
f8cb7e00
f8cc7e00
f8cd7e00
f8ce7e00
f8cf7e00
f8d07e00
f8d17e00
f8d27e00
f8d37e00
f8d47e00
f8d57e00
f8d67e00
f8d77e00
f8d87e00
f8d97e00
f8da7e00
f8db7e00
f8dc7e00
f8dd7e00
f8de7e00
f8df7e00
f8e07e00
f8e17e00
f8e27e00
f8e37e00
f8e47e00
f8e57e00
f8e67e00
f8e77e00
f8e87e00
f8e97e00
f8ea7e00
f8eb7e00
f8ec7e00
f8ed7e00
f8ee7e00
f8ef7e00
f8f07e00
f8f17e00
f8f27e00
f8f37e00
f8f47e00
f8f57e00
f8f67e00
f8f77e00
f8f87e00
f8f97e00
f8fa7e00
f8fb7e00
f8fc7e00
f8fd7e00
f8fe7e00
f8ff7e00
f9007e00
f9017e00
f9027e00
f9037e00
f9047e00
f9057e00
f9067e00
f9077e00
f9087e00
f9097e00
f90a7e00
f90b7e00
f90c7e00
f90d7e00
f90e7e00
f90f7e00
f9107e00
f9117e00
f9127e00
f9137e00
f9147e00
f9157e00
f9167e00
f9177e00
f9187e00
f9197e00
f91a7e00
f91b7e00
f91c7e00
f91d7e00
f91e7e00
f91f7e00
f9207e00
f9217e00
f9227e00
f9237e00
f9247e00
f9257e00
f9267e00
f9277e00
f9287e00
f9297e00
f92a7e00
f92b7e00
f92c7e00
f92d7e00
f92e7e00
f92f7e00
f9307e00
f9317e00
f9327e00
f9337e00
f9347e00
f9357e00
f9367e00
f9377e00
f9387e00
f9397e00
f93a7e00
f93b7e00
f93c7e00
f93d7e00
f93e7e00
f93f7e00
f9407e00
f9417e00
f9427e00
f9437e00
f9447e00
f9457e00
f9467e00
f9477e00
f9487e00
f9497e00
f94a7e00
f94b7e00
f94c7e00
f94d7e00
f94e7e00
f94f7e00
f9507e00
f9517e00
f9527e00
f9537e00
f9547e00
f9557e00
f9567e00
f9577e00
f9587e00
f9597e00
f95a7e00
f95b7e00
f95c7e00
f95d7e00
f95e7e00
f95f7e00
f9607e00
f9617e00
f9627e00
f9637e00
f9647e00
f9657e00
f9667e00
f9677e00
f9687e00
f9697e00
f96a7e00
f96b7e00
f96c7e00
f96d7e00
f96e7e00
f96f7e00
f9707e00
f9717e00
f9727e00
f9737e00
f9747e00
f9757e00
f9767e00
f9777e00
f9787e00
f9797e00
f97a7e00
f97b7e00
f97c7e00
f97d7e00
f97e7e00
f97f7e00
f9807e00
f9817e00
f9827e00
f9837e00
f9847e00
f9857e00
f9867e00
f9877e00
f9887e00
f9897e00
f98a7e00
f98b7e00
f98c7e00
f98d7e00
f98e7e00
f98f7e00
f9907e00
f9917e00
f9927e00
f9937e00
f9947e00
f9957e00
f9967e00
f9977e00
f9987e00
f9997e00
f99a7e00
f99b7e00
f99c7e00
f99d7e00
f99e7e00
f99f7e00
f9a07e00
f9a17e00
f9a27e00
f9a37e00
f9a47e00
f9a57e00
f9a67e00
f9a77e00
f9a87e00
f9a97e00
f9aa7e00
f9ab7e00
f9ac7e00
f9ad7e00
f9ae7e00
f9af7e00
f9b07e00
f9b17e00
f9b27e00
f9b37e00
f9b47e00
f9b57e00
f9b67e00
f9b77e00
f9b87e00
f9b97e00
f9ba7e00
f9bb7e00
f9bc7e00
f9bd7e00
f9be7e00
f9bf7e00
f9c07e00
f9c17e00
f9c27e00
f9c37e00
f9c47e00
f9c57e00
f9c67e00
f9c77e00
f9c87e00
f9c97e00
f9ca7e00
f9cb7e00
f9cc7e00
f9cd7e00
f9ce7e00
f9cf7e00
f9d07e00
f9d17e00
f9d27e00
f9d37e00
f9d47e00
f9d57e00
f9d67e00
f9d77e00
f9d87e00
f9d97e00
f9da7e00
f9db7e00
f9dc7e00
f9dd7e00
f9de7e00
f9df7e00
f9e07e00
f9e17e00
f9e27e00
f9e37e00
f9e47e00
f9e57e00
f9e67e00
f9e77e00
f9e87e00
f9e97e00
f9ea7e00
f9eb7e00
f9ec7e00
f9ed7e00
f9ee7e00
f9ef7e00
f9f07e00
f9f17e00
f9f27e00
f9f37e00
f9f47e00
f9f57e00
f9f67e00
f9f77e00
f9f87e00
f9f97e00
f9fa7e00
f9fb7e00
f9fc7e00
f9fd7e00
f9fe7e00
f9ff7e00
fa007e00
fa017e00
fa027e00
fa037e00
fa047e00
fa057e00
fa067e00
fa077e00
fa087e00
fa097e00
fa0a7e00
fa0b7e00
fa0c7e00
fa0d7e00
fa0e7e00
fa0f7e00
fa107e00
fa117e00
fa127e00
fa137e00
fa147e00
fa157e00
fa167e00
fa177e00
fa187e00
fa197e00
fa1a7e00
fa1b7e00
fa1c7e00
fa1d7e00
fa1e7e00
fa1f7e00
fa207e00
fa217e00
fa227e00
fa237e00
fa247e00
fa257e00
fa267e00
fa277e00
fa287e00
fa297e00
fa2a7e00
fa2b7e00
fa2c7e00
fa2d7e00
fa2e7e00
fa2f7e00
fa307e00
fa317e00
fa327e00
fa337e00
fa347e00
fa357e00
fa367e00
fa377e00
fa387e00
fa397e00
fa3a7e00
fa3b7e00
fa3c7e00
fa3d7e00
fa3e7e00
fa3f7e00
fa407e00
fa417e00
fa427e00
fa437e00
fa447e00
fa457e00
fa467e00
fa477e00
fa487e00
fa497e00
fa4a7e00
fa4b7e00
fa4c7e00
fa4d7e00
fa4e7e00
fa4f7e00
fa507e00
fa517e00
fa527e00
fa537e00
fa547e00
fa557e00
fa567e00
fa577e00
fa587e00
fa597e00
fa5a7e00
fa5b7e00
fa5c7e00
fa5d7e00
fa5e7e00
fa5f7e00
fa607e00
fa617e00
fa627e00
fa637e00
fa647e00
fa657e00
fa667e00
fa677e00
fa687e00
fa697e00
fa6a7e00
fa6b7e00
fa6c7e00
fa6d7e00
fa6e7e00
fa6f7e00
fa707e00
fa717e00
fa727e00
fa737e00
fa747e00
fa757e00
fa767e00
fa777e00
fa787e00
fa797e00
fa7a7e00
fa7b7e00
fa7c7e00
fa7d7e00
fa7e7e00
fa7f7e00
fa807e00
fa817e00
fa827e00
fa837e00
fa847e00
fa857e00
fa867e00
fa877e00
fa887e00
fa897e00
fa8a7e00
fa8b7e00
fa8c7e00
fa8d7e00
fa8e7e00
fa8f7e00
fa907e00
fa917e00
fa927e00
fa937e00
fa947e00
fa957e00
fa967e00
fa977e00
fa987e00
fa997e00
fa9a7e00
fa9b7e00
fa9c7e00
fa9d7e00
fa9e7e00
fa9f7e00
faa07e00
faa17e00
faa27e00
faa37e00
faa47e00
faa57e00
faa67e00
faa77e00
faa87e00
faa97e00
faaa7e00
faab7e00
faac7e00
faad7e00
faae7e00
faaf7e00
fab07e00
fab17e00
fab27e00
fab37e00
fab47e00
fab57e00
fab67e00
fab77e00
fab87e00
fab97e00
faba7e00
fabb7e00
fabc7e00
fabd7e00
fabe7e00
fabf7e00
fac07e00
fac17e00
fac27e00
fac37e00
fac47e00
fac57e00
fac67e00
fac77e00
fac87e00
fac97e00
faca7e00
facb7e00
facc7e00
facd7e00
face7e00
facf7e00
fad07e00
fad17e00
fad27e00
fad37e00
fad47e00
fad57e00
fad67e00
fad77e00
fad87e00
fad97e00
fada7e00
fadb7e00
fadc7e00
fadd7e00
fade7e00
fadf7e00
fae07e00
fae17e00
fae27e00
fae37e00
fae47e00
fae57e00
fae67e00
fae77e00
fae87e00
fae97e00
faea7e00
faeb7e00
faec7e00
faed7e00
faee7e00
faef7e00
faf07e00
faf17e00
faf27e00
faf37e00
faf47e00
faf57e00
faf67e00
faf77e00
faf87e00
faf97e00
fafa7e00
fafb7e00
fafc7e00
fafd7e00
fafe7e00
faff7e00
fb007e00
fb017e00
fb027e00
fb037e00
fb047e00
fb057e00
fb067e00
fb077e00
fb087e00
fb097e00
fb0a7e00
fb0b7e00
fb0c7e00
fb0d7e00
fb0e7e00
fb0f7e00
fb107e00
fb117e00
fb127e00
fb137e00
fb147e00
fb157e00
fb167e00
fb177e00
fb187e00
fb197e00
fb1a7e00
fb1b7e00
fb1c7e00
fb1d7e00
fb1e7e00
fb1f7e00
fb207e00
fb217e00
fb227e00
fb237e00
fb247e00
fb257e00
fb267e00
fb277e00
fb287e00
fb297e00
fb2a7e00
fb2b7e00
fb2c7e00
fb2d7e00
fb2e7e00
fb2f7e00
fb307e00
fb317e00
fb327e00
fb337e00
fb347e00
fb357e00
fb367e00
fb377e00
fb387e00
fb397e00
fb3a7e00
fb3b7e00
fb3c7e00
fb3d7e00
fb3e7e00
fb3f7e00
fb407e00
fb417e00
fb427e00
fb437e00
fb447e00
fb457e00
fb467e00
fb477e00
fb487e00
fb497e00
fb4a7e00
fb4b7e00
fb4c7e00
fb4d7e00
fb4e7e00
fb4f7e00
fb507e00
fb517e00
fb527e00
fb537e00
fb547e00
fb557e00
fb567e00
fb577e00
fb587e00
fb597e00
fb5a7e00
fb5b7e00
fb5c7e00
fb5d7e00
fb5e7e00
fb5f7e00
fb607e00
fb617e00
fb627e00
fb637e00
fb647e00
fb657e00
fb667e00
fb677e00
fb687e00
fb697e00
fb6a7e00
fb6b7e00
fb6c7e00
fb6d7e00
fb6e7e00
fb6f7e00
fb707e00
fb717e00
fb727e00
fb737e00
fb747e00
fb757e00
fb767e00
fb777e00
fb787e00
fb797e00
fb7a7e00
fb7b7e00
fb7c7e00
fb7d7e00
fb7e7e00
fb7f7e00
fb807e00
fb817e00
fb827e00
fb837e00
fb847e00
fb857e00
fb867e00
fb877e00
fb887e00
fb897e00
fb8a7e00
fb8b7e00
fb8c7e00
fb8d7e00
fb8e7e00
fb8f7e00
fb907e00
fb917e00
fb927e00
fb937e00
fb947e00
fb957e00
fb967e00
fb977e00
fb987e00
fb997e00
fb9a7e00
fb9b7e00
fb9c7e00
fb9d7e00
fb9e7e00
fb9f7e00
fba07e00
fba17e00
fba27e00
fba37e00
fba47e00
fba57e00
fba67e00
fba77e00
fba87e00
fba97e00
fbaa7e00
fbab7e00
fbac7e00
fbad7e00
fbae7e00
fbaf7e00
fbb07e00
fbb17e00
fbb27e00
fbb37e00
fbb47e00
fbb57e00
fbb67e00
fbb77e00
fbb87e00
fbb97e00
fbba7e00
fbbb7e00
fbbc7e00
fbbd7e00
fbbe7e00
fbbf7e00
fbc07e00
fbc17e00
fbc27e00
fbc37e00
fbc47e00
fbc57e00
fbc67e00
fbc77e00
fbc87e00
fbc97e00
fbca7e00
fbcb7e00
fbcc7e00
fbcd7e00
fbce7e00
fbcf7e00
fbd07e00
fbd17e00
fbd27e00
fbd37e00
fbd47e00
fbd57e00
fbd67e00
fbd77e00
fbd87e00
fbd97e00
fbda7e00
fbdb7e00
fbdc7e00
fbdd7e00
fbde7e00
fbdf7e00
fbe07e00
fbe17e00
fbe27e00
fbe37e00
fbe47e00
fbe57e00
fbe67e00
fbe77e00
fbe87e00
fbe97e00
fbea7e00
fbeb7e00
fbec7e00
fbed7e00
fbee7e00
fbef7e00
fbf07e00
fbf17e00
fbf27e00
fbf37e00
fbf47e00
fbf57e00
fbf67e00
fbf77e00
fbf87e00
fbf97e00
fbfa7e00
fbfb7e00
fbfc7e00
fbfd7e00
fbfe7e00
fbff7e00
fc007e00
fc017e00
fc027e00
fc037e00
fc047e00
fc057e00
fc067e00
fc077e00
fc087e00
fc097e00
fc0a7e00
fc0b7e00
fc0c7e00
fc0d7e00
fc0e7e00
fc0f7e00
fc107e00
fc117e00
fc127e00
fc137e00
fc147e00
fc157e00
fc167e00
fc177e00
fc187e00
fc197e00
fc1a7e00
fc1b7e00
fc1c7e00
fc1d7e00
fc1e7e00
fc1f7e00
fc207e00
fc217e00
fc227e00
fc237e00
fc247e00
fc257e00
fc267e00
fc277e00
fc287e00
fc297e00
fc2a7e00
fc2b7e00
fc2c7e00
fc2d7e00
fc2e7e00
fc2f7e00
fc307e00
fc317e00
fc327e00
fc337e00
fc347e00
fc357e00
fc367e00
fc377e00
fc387e00
fc397e00
fc3a7e00
fc3b7e00
fc3c7e00
fc3d7e00
fc3e7e00
fc3f7e00
fc407e00
fc417e00
fc427e00
fc437e00
fc447e00
fc457e00
fc467e00
fc477e00
fc487e00
fc497e00
fc4a7e00
fc4b7e00
fc4c7e00
fc4d7e00
fc4e7e00
fc4f7e00
fc507e00
fc517e00
fc527e00
fc537e00
fc547e00
fc557e00
fc567e00
fc577e00
fc587e00
fc597e00
fc5a7e00
fc5b7e00
fc5c7e00
fc5d7e00
fc5e7e00
fc5f7e00
fc607e00
fc617e00
fc627e00
fc637e00
fc647e00
fc657e00
fc667e00
fc677e00
fc687e00
fc697e00
fc6a7e00
fc6b7e00
fc6c7e00
fc6d7e00
fc6e7e00
fc6f7e00
fc707e00
fc717e00
fc727e00
fc737e00
fc747e00
fc757e00
fc767e00
fc777e00
fc787e00
fc797e00
fc7a7e00
fc7b7e00
fc7c7e00
fc7d7e00
fc7e7e00
fc7f7e00
fc807e00
fc817e00
fc827e00
fc837e00
fc847e00
fc857e00
fc867e00
fc877e00
fc887e00
fc897e00
fc8a7e00
fc8b7e00
fc8c7e00
fc8d7e00
fc8e7e00
fc8f7e00
fc907e00
fc917e00
fc927e00
fc937e00
fc947e00
fc957e00
fc967e00
fc977e00
fc987e00
fc997e00
fc9a7e00
fc9b7e00
fc9c7e00
fc9d7e00
fc9e7e00
fc9f7e00
fca07e00
fca17e00
fca27e00
fca37e00
fca47e00
fca57e00
fca67e00
fca77e00
fca87e00
fca97e00
fcaa7e00
fcab7e00
fcac7e00
fcad7e00
fcae7e00
fcaf7e00
fcb07e00
fcb17e00
fcb27e00
fcb37e00
fcb47e00
fcb57e00
fcb67e00
fcb77e00
fcb87e00
fcb97e00
fcba7e00
fcbb7e00
fcbc7e00
fcbd7e00
fcbe7e00
fcbf7e00
fcc07e00
fcc17e00
fcc27e00
fcc37e00
fcc47e00
fcc57e00
fcc67e00
fcc77e00
fcc87e00
fcc97e00
fcca7e00
fccb7e00
fccc7e00
fccd7e00
fcce7e00
fccf7e00
fcd07e00
fcd17e00
fcd27e00
fcd37e00
fcd47e00
fcd57e00
fcd67e00
fcd77e00
fcd87e00
fcd97e00
fcda7e00
fcdb7e00
fcdc7e00
fcdd7e00
fcde7e00
fcdf7e00
fce07e00
fce17e00
fce27e00
fce37e00
fce47e00
fce57e00
fce67e00
fce77e00
fce87e00
fce97e00
fcea7e00
fceb7e00
fcec7e00
fced7e00
fcee7e00
fcef7e00
fcf07e00
fcf17e00
fcf27e00
fcf37e00
fcf47e00
fcf57e00
fcf67e00
fcf77e00
fcf87e00
fcf97e00
fcfa7e00
fcfb7e00
fcfc7e00
fcfd7e00
fcfe7e00
fcff7e00
fd007e00
fd017e00
fd027e00
fd037e00
fd047e00
fd057e00
fd067e00
fd077e00
fd087e00
fd097e00
fd0a7e00
fd0b7e00
fd0c7e00
fd0d7e00
fd0e7e00
fd0f7e00
fd107e00
fd117e00
fd127e00
fd137e00
fd147e00
fd157e00
fd167e00
fd177e00
fd187e00
fd197e00
fd1a7e00
fd1b7e00
fd1c7e00
fd1d7e00
fd1e7e00
fd1f7e00
fd207e00
fd217e00
fd227e00
fd237e00
fd247e00
fd257e00
fd267e00
fd277e00
fd287e00
fd297e00
fd2a7e00
fd2b7e00
fd2c7e00
fd2d7e00
fd2e7e00
fd2f7e00
fd307e00
fd317e00
fd327e00
fd337e00
fd347e00
fd357e00
fd367e00
fd377e00
fd387e00
fd397e00
fd3a7e00
fd3b7e00
fd3c7e00
fd3d7e00
fd3e7e00
fd3f7e00
fd407e00
fd417e00
fd427e00
fd437e00
fd447e00
fd457e00
fd467e00
fd477e00
fd487e00
fd497e00
fd4a7e00
fd4b7e00
fd4c7e00
fd4d7e00
fd4e7e00
fd4f7e00
fd507e00
fd517e00
fd527e00
fd537e00
fd547e00
fd557e00
fd567e00
fd577e00
fd587e00
fd597e00
fd5a7e00
fd5b7e00
fd5c7e00
fd5d7e00
fd5e7e00
fd5f7e00
fd607e00
fd617e00
fd627e00
fd637e00
fd647e00
fd657e00
fd667e00
fd677e00
fd687e00
fd697e00
fd6a7e00
fd6b7e00
fd6c7e00
fd6d7e00
fd6e7e00
fd6f7e00
fd707e00
fd717e00
fd727e00
fd737e00
fd747e00
fd757e00
fd767e00
fd777e00
fd787e00
fd797e00
fd7a7e00
fd7b7e00
fd7c7e00
fd7d7e00
fd7e7e00
fd7f7e00
fd807e00
fd817e00
fd827e00
fd837e00
fd847e00
fd857e00
fd867e00
fd877e00
fd887e00
fd897e00
fd8a7e00
fd8b7e00
fd8c7e00
fd8d7e00
fd8e7e00
fd8f7e00
fd907e00
fd917e00
fd927e00
fd937e00
fd947e00
fd957e00
fd967e00
fd977e00
fd987e00
fd997e00
fd9a7e00
fd9b7e00
fd9c7e00
fd9d7e00
fd9e7e00
fd9f7e00
fda07e00
fda17e00
fda27e00
fda37e00
fda47e00
fda57e00
fda67e00
fda77e00
fda87e00
fda97e00
fdaa7e00
fdab7e00
fdac7e00
fdad7e00
fdae7e00
fdaf7e00
fdb07e00
fdb17e00
fdb27e00
fdb37e00
fdb47e00
fdb57e00
fdb67e00
fdb77e00
fdb87e00
fdb97e00
fdba7e00
fdbb7e00
fdbc7e00
fdbd7e00
fdbe7e00
fdbf7e00
fdc07e00
fdc17e00
fdc27e00
fdc37e00
fdc47e00
fdc57e00
fdc67e00
fdc77e00
fdc87e00
fdc97e00
fdca7e00
fdcb7e00
fdcc7e00
fdcd7e00
fdce7e00
fdcf7e00
fdd07e00
fdd17e00
fdd27e00
fdd37e00
fdd47e00
fdd57e00
fdd67e00
fdd77e00
fdd87e00
fdd97e00
fdda7e00
fddb7e00
fddc7e00
fddd7e00
fdde7e00
fddf7e00
fde07e00
fde17e00
fde27e00
fde37e00
fde47e00
fde57e00
fde67e00
fde77e00
fde87e00
fde97e00
fdea7e00
fdeb7e00
fdec7e00
fded7e00
fdee7e00
fdef7e00
fdf07e00
fdf17e00
fdf27e00
fdf37e00
fdf47e00
fdf57e00
fdf67e00
fdf77e00
fdf87e00
fdf97e00
fdfa7e00
fdfb7e00
fdfc7e00
fdfd7e00
fdfe7e00
fdff7e00
fe007e00
fe017e00
fe027e00
fe037e00
fe047e00
fe057e00
fe067e00
fe077e00
fe087e00
fe097e00
fe0a7e00
fe0b7e00
fe0c7e00
fe0d7e00
fe0e7e00
fe0f7e00
fe107e00
fe117e00
fe127e00
fe137e00
fe147e00
fe157e00
fe167e00
fe177e00
fe187e00
fe197e00
fe1a7e00
fe1b7e00
fe1c7e00
fe1d7e00
fe1e7e00
fe1f7e00
fe207e00
fe217e00
fe227e00
fe237e00
fe247e00
fe257e00
fe267e00
fe277e00
fe287e00
fe297e00
fe2a7e00
fe2b7e00
fe2c7e00
fe2d7e00
fe2e7e00
fe2f7e00
fe307e00
fe317e00
fe327e00
fe337e00
fe347e00
fe357e00
fe367e00
fe377e00
fe387e00
fe397e00
fe3a7e00
fe3b7e00
fe3c7e00
fe3d7e00
fe3e7e00
fe3f7e00
fe407e00
fe417e00
fe427e00
fe437e00
fe447e00
fe457e00
fe467e00
fe477e00
fe487e00
fe497e00
fe4a7e00
fe4b7e00
fe4c7e00
fe4d7e00
fe4e7e00
fe4f7e00
fe507e00
fe517e00
fe527e00
fe537e00
fe547e00
fe557e00
fe567e00
fe577e00
fe587e00
fe597e00
fe5a7e00
fe5b7e00
fe5c7e00
fe5d7e00
fe5e7e00
fe5f7e00
fe607e00
fe617e00
fe627e00
fe637e00
fe647e00
fe657e00
fe667e00
fe677e00
fe687e00
fe697e00
fe6a7e00
fe6b7e00
fe6c7e00
fe6d7e00
fe6e7e00
fe6f7e00
fe707e00
fe717e00
fe727e00
fe737e00
fe747e00
fe757e00
fe767e00
fe777e00
fe787e00
fe797e00
fe7a7e00
fe7b7e00
fe7c7e00
fe7d7e00
fe7e7e00
fe7f7e00
fe807e00
fe817e00
fe827e00
fe837e00
fe847e00
fe857e00
fe867e00
fe877e00
fe887e00
fe897e00
fe8a7e00
fe8b7e00
fe8c7e00
fe8d7e00
fe8e7e00
fe8f7e00
fe907e00
fe917e00
fe927e00
fe937e00
fe947e00
fe957e00
fe967e00
fe977e00
fe987e00
fe997e00
fe9a7e00
fe9b7e00
fe9c7e00
fe9d7e00
fe9e7e00
fe9f7e00
fea07e00
fea17e00
fea27e00
fea37e00
fea47e00
fea57e00
fea67e00
fea77e00
fea87e00
fea97e00
feaa7e00
feab7e00
feac7e00
fead7e00
feae7e00
feaf7e00
feb07e00
feb17e00
feb27e00
feb37e00
feb47e00
feb57e00
feb67e00
feb77e00
feb87e00
feb97e00
feba7e00
febb7e00
febc7e00
febd7e00
febe7e00
febf7e00
fec07e00
fec17e00
fec27e00
fec37e00
fec47e00
fec57e00
fec67e00
fec77e00
fec87e00
fec97e00
feca7e00
fecb7e00
fecc7e00
fecd7e00
fece7e00
fecf7e00
fed07e00
fed17e00
fed27e00
fed37e00
fed47e00
fed57e00
fed67e00
fed77e00
fed87e00
fed97e00
feda7e00
fedb7e00
fedc7e00
fedd7e00
fede7e00
fedf7e00
fee07e00
fee17e00
fee27e00
fee37e00
fee47e00
fee57e00
fee67e00
fee77e00
fee87e00
fee97e00
feea7e00
feeb7e00
feec7e00
feed7e00
feee7e00
feef7e00
fef07e00
fef17e00
fef27e00
fef37e00
fef47e00
fef57e00
fef67e00
fef77e00
fef87e00
fef97e00
fefa7e00
fefb7e00
fefc7e00
fefd7e00
fefe7e00
feff7e00
ff007e00
ff017e00
ff027e00
ff037e00
ff047e00
ff057e00
ff067e00
ff077e00
ff087e00
ff097e00
ff0a7e00
ff0b7e00
ff0c7e00
ff0d7e00
ff0e7e00
ff0f7e00
ff107e00
ff117e00
ff127e00
ff137e00
ff147e00
ff157e00
ff167e00
ff177e00
ff187e00
ff197e00
ff1a7e00
ff1b7e00
ff1c7e00
ff1d7e00
ff1e7e00
ff1f7e00
ff207e00
ff217e00
ff227e00
ff237e00
ff247e00
ff257e00
ff267e00
ff277e00
ff287e00
ff297e00
ff2a7e00
ff2b7e00
ff2c7e00
ff2d7e00
ff2e7e00
ff2f7e00
ff307e00
ff317e00
ff327e00
ff337e00
ff347e00
ff357e00
ff367e00
ff377e00
ff387e00
ff397e00
ff3a7e00
ff3b7e00
ff3c7e00
ff3d7e00
ff3e7e00
ff3f7e00
ff407e00
ff417e00
ff427e00
ff437e00
ff447e00
ff457e00
ff467e00
ff477e00
ff487e00
ff497e00
ff4a7e00
ff4b7e00
ff4c7e00
ff4d7e00
ff4e7e00
ff4f7e00
ff507e00
ff517e00
ff527e00
ff537e00
ff547e00
ff557e00
ff567e00
ff577e00
ff587e00
ff597e00
ff5a7e00
ff5b7e00
ff5c7e00
ff5d7e00
ff5e7e00
ff5f7e00
ff607e00
ff617e00
ff627e00
ff637e00
ff647e00
ff657e00
ff667e00
ff677e00
ff687e00
ff697e00
ff6a7e00
ff6b7e00
ff6c7e00
ff6d7e00
ff6e7e00
ff6f7e00
ff707e00
ff717e00
ff727e00
ff737e00
ff747e00
ff757e00
ff767e00
ff777e00
ff787e00
ff797e00
ff7a7e00
ff7b7e00
ff7c7e00
ff7d7e00
ff7e7e00
ff7f7e00
ff807e00
ff817e00
ff827e00
ff837e00
ff847e00
ff857e00
ff867e00
ff877e00
ff887e00
ff897e00
ff8a7e00
ff8b7e00
ff8c7e00
ff8d7e00
ff8e7e00
ff8f7e00
ff907e00
ff917e00
ff927e00
ff937e00
ff947e00
ff957e00
ff967e00
ff977e00
ff987e00
ff997e00
ff9a7e00
ff9b7e00
ff9c7e00
ff9d7e00
ff9e7e00
ff9f7e00
ffa07e00
ffa17e00
ffa27e00
ffa37e00
ffa47e00
ffa57e00
ffa67e00
ffa77e00
ffa87e00
ffa97e00
ffaa7e00
ffab7e00
ffac7e00
ffad7e00
ffae7e00
ffaf7e00
ffb07e00
ffb17e00
ffb27e00
ffb37e00
ffb47e00
ffb57e00
ffb67e00
ffb77e00
ffb87e00
ffb97e00
ffba7e00
ffbb7e00
ffbc7e00
ffbd7e00
ffbe7e00
ffbf7e00
ffc07e00
ffc17e00
ffc27e00
ffc37e00
ffc47e00
ffc57e00
ffc67e00
ffc77e00
ffc87e00
ffc97e00
ffca7e00
ffcb7e00
ffcc7e00
ffcd7e00
ffce7e00
ffcf7e00
ffd07e00
ffd17e00
ffd27e00
ffd37e00
ffd47e00
ffd57e00
ffd67e00
ffd77e00
ffd87e00
ffd97e00
ffda7e00
ffdb7e00
ffdc7e00
ffdd7e00
ffde7e00
ffdf7e00
ffe07e00
ffe17e00
ffe27e00
ffe37e00
ffe47e00
ffe57e00
ffe67e00
ffe77e00
ffe87e00
ffe97e00
ffea7e00
ffeb7e00
ffec7e00
ffed7e00
ffee7e00
ffef7e00
fff07e00
fff17e00
fff27e00
fff37e00
fff47e00
fff57e00
fff67e00
fff77e00
fff87e00
fff97e00
fffa7e00
fffb7e00
fffc7e00
fffd7e00
fffe7e00
ffff7e00
