000000000000000000000000000000000000
000000008000000000000000800000000000
000000003f8000003f800000000000000000
00000000bf800000bf800000800000000000
000000004000000040000000000000000000
000000003f0000003f000000000000000000
000000003727c5ac3727c5ac000000000000
00000000358637bd358637bd000000000000
000000007f8000007f8000007fc000000000
00000000ff800000ff8000007fc000000000
000000007fc000007fc000007fc000000000
000000000080000000800000000000000000
00000000007fffff007fffff000000000000
000000000000000100000001000000000000
000000007f7fffff7f7fffff000000000000
800000000000000000000000800000008000
800000008000000080000000000000008000
800000003f8000003f800000800000008000
80000000bf800000bf800000000000008000
800000004000000040000000800000008000
800000003f0000003f000000800000008000
800000003727c5ac3727c5ac800000008000
80000000358637bd358637bd800000008000
800000007f8000007f8000007fc000008000
80000000ff800000ff8000007fc000008000
800000007fc000007fc000007fc000008000
800000000080000000800000800000008000
80000000007fffff007fffff800000008000
800000000000000100000001800000008000
800000007f7fffff7f7fffff800000008000
3f800000000000003f800000000000003f80
3f800000800000003f800000800000003f80
3f8000003f800000400000003f8000003f80
3f800000bf80000000000000bf8000003f80
3f8000004000000040400000400000003f80
3f8000003f0000003fc000003f0000003f80
3f8000003727c5ac3f8000543727c5ac3f80
3f800000358637bd3f800008358637bd3f80
3f8000007f8000007f8000007f8000003f80
3f800000ff800000ff800000ff8000003f80
3f8000007fc000007fc000007fc000003f80
3f800000008000003f800000008000003f80
3f800000007fffff3f800000007fffff3f80
3f800000000000013f800000000000013f80
3f8000007f7fffff7f7fffff7f7fffff3f80
bf80000000000000bf80000080000000bf80
bf80000080000000bf80000000000000bf80
bf8000003f80000000000000bf800000bf80
bf800000bf800000c00000003f800000bf80
bf800000400000003f800000c0000000bf80
bf8000003f000000bf000000bf000000bf80
bf8000003727c5acbf7fff58b727c5acbf80
bf800000358637bdbf7fffefb58637bdbf80
bf8000007f8000007f800000ff800000bf80
bf800000ff800000ff8000007f800000bf80
bf8000007fc000007fc000007fc00000bf80
bf80000000800000bf80000080800000bf80
bf800000007fffffbf800000807fffffbf80
bf80000000000001bf80000080000001bf80
bf8000007f7fffff7f7fffffff7fffffbf80
400000000000000040000000000000004000
400000008000000040000000800000004000
400000003f80000040400000400000004000
40000000bf8000003f800000c00000004000
400000004000000040800000408000004000
400000003f000000402000003f8000004000
400000003727c5ac4000002a37a7c5ac4000
40000000358637bd40000004360637bd4000
400000007f8000007f8000007f8000004000
40000000ff800000ff800000ff8000004000
400000007fc000007fc000007fc000004000
400000000080000040000000010000004000
40000000007fffff4000000000fffffe4000
400000000000000140000000000000024000
400000007f7fffff7f7fffff7f8000004000
3f000000000000003f000000000000003f00
3f000000800000003f000000800000003f00
3f0000003f8000003fc000003f0000003f00
3f000000bf800000bf000000bf0000003f00
3f00000040000000402000003f8000003f00
3f0000003f0000003f8000003e8000003f00
3f0000003727c5ac3f0000a836a7c5ac3f00
3f000000358637bd3f000011350637bd3f00
3f0000007f8000007f8000007f8000003f00
3f000000ff800000ff800000ff8000003f00
3f0000007fc000007fc000007fc000003f00
3f000000008000003f000000004000003f00
3f000000007fffff3f000000004000003f00
3f000000000000013f000000000000003f00
3f0000007f7fffff7f7fffff7effffff3f00
3727c5ac000000003727c5ac000000003728
3727c5ac800000003727c5ac800000003728
3727c5ac3f8000003f8000543727c5ac3728
3727c5acbf800000bf7fff58b727c5ac3728
3727c5ac400000004000002a37a7c5ac3728
3727c5ac3f0000003f0000a836a7c5ac3728
3727c5ac3727c5ac37a7c5ac2edbe6fe3728
3727c5ac358637bd37388ca42d2febff3728
3727c5ac7f8000007f8000007f8000003728
3727c5acff800000ff800000ff8000003728
3727c5ac7fc000007fc000007fc000003728
3727c5ac008000003727c5ac000000543728
3727c5ac007fffff3727c5ac000000543728
3727c5ac000000013727c5ac000000003728
3727c5ac7f7fffff7f7fffff7727c5ab3728
358637bd00000000358637bd000000003586
358637bd80000000358637bd800000003586
358637bd3f8000003f800008358637bd3586
358637bdbf800000bf7fffefb58637bd3586
358637bd4000000040000004360637bd3586
358637bd3f0000003f000011350637bd3586
358637bd3727c5ac37388ca42d2febff3586
358637bd358637bd360637bd2b8cbccc3586
358637bd7f8000007f8000007f8000003586
358637bdff800000ff800000ff8000003586
358637bd7fc000007fc000007fc000003586
358637bd00800000358637bd000000083586
358637bd007fffff358637bd000000083586
358637bd00000001358637bd000000003586
358637bd7f7fffff7f7fffff758637bc3586
7f800000000000007f8000007fc000007f80
7f800000800000007f8000007fc000007f80
7f8000003f8000007f8000007f8000007f80
7f800000bf8000007f800000ff8000007f80
7f800000400000007f8000007f8000007f80
7f8000003f0000007f8000007f8000007f80
7f8000003727c5ac7f8000007f8000007f80
7f800000358637bd7f8000007f8000007f80
7f8000007f8000007f8000007f8000007f80
7f800000ff8000007fc00000ff8000007f80
7f8000007fc000007fc000007fc000007f80
7f800000008000007f8000007f8000007f80
7f800000007fffff7f8000007f8000007f80
7f800000000000017f8000007f8000007f80
7f8000007f7fffff7f8000007f8000007f80
ff80000000000000ff8000007fc00000ff80
ff80000080000000ff8000007fc00000ff80
ff8000003f800000ff800000ff800000ff80
ff800000bf800000ff8000007f800000ff80
ff80000040000000ff800000ff800000ff80
ff8000003f000000ff800000ff800000ff80
ff8000003727c5acff800000ff800000ff80
ff800000358637bdff800000ff800000ff80
ff8000007f8000007fc00000ff800000ff80
ff800000ff800000ff8000007f800000ff80
ff8000007fc000007fc000007fc00000ff80
ff80000000800000ff800000ff800000ff80
ff800000007fffffff800000ff800000ff80
ff80000000000001ff800000ff800000ff80
ff8000007f7fffffff800000ff800000ff80
7fc00000000000007fc000007fc000007fc0
7fc00000800000007fc000007fc000007fc0
7fc000003f8000007fc000007fc000007fc0
7fc00000bf8000007fc000007fc000007fc0
7fc00000400000007fc000007fc000007fc0
7fc000003f0000007fc000007fc000007fc0
7fc000003727c5ac7fc000007fc000007fc0
7fc00000358637bd7fc000007fc000007fc0
7fc000007f8000007fc000007fc000007fc0
7fc00000ff8000007fc000007fc000007fc0
7fc000007fc000007fc000007fc000007fc0
7fc00000008000007fc000007fc000007fc0
7fc00000007fffff7fc000007fc000007fc0
7fc00000000000017fc000007fc000007fc0
7fc000007f7fffff7fc000007fc000007fc0
008000000000000000800000000000000080
008000008000000000800000800000000080
008000003f8000003f800000008000000080
00800000bf800000bf800000808000000080
008000004000000040000000010000000080
008000003f0000003f000000004000000080
008000003727c5ac3727c5ac000000540080
00800000358637bd358637bd000000080080
008000007f8000007f8000007f8000000080
00800000ff800000ff800000ff8000000080
008000007fc000007fc000007fc000000080
008000000080000001000000000000000080
00800000007fffff00ffffff000000000080
008000000000000100800001000000000080
008000007f7fffff7f7fffff407fffff0080
007fffff00000000007fffff000000000080
007fffff80000000007fffff800000000080
007fffff3f8000003f800000007fffff0080
007fffffbf800000bf800000807fffff0080
007fffff400000004000000000fffffe0080
007fffff3f0000003f000000004000000080
007fffff3727c5ac3727c5ac000000540080
007fffff358637bd358637bd000000080080
007fffff7f8000007f8000007f8000000080
007fffffff800000ff800000ff8000000080
007fffff7fc000007fc000007fc000000080
007fffff0080000000ffffff000000000080
007fffff007fffff00fffffe000000000080
007fffff0000000100800000000000000080
007fffff7f7fffff7f7fffff407ffffd0080
000000010000000000000001000000000000
000000018000000000000001800000000000
000000013f8000003f800000000000010000
00000001bf800000bf800000800000010000
000000014000000040000000000000020000
000000013f0000003f000000000000000000
000000013727c5ac3727c5ac000000000000
00000001358637bd358637bd000000000000
000000017f8000007f8000007f8000000000
00000001ff800000ff800000ff8000000000
000000017fc000007fc000007fc000000000
000000010080000000800001000000000000
00000001007fffff00800000000000000000
000000010000000100000002000000000000
000000017f7fffff7f7fffff34ffffff0000
7f7fffff000000007f7fffff000000007f80
7f7fffff800000007f7fffff800000007f80
7f7fffff3f8000007f7fffff7f7fffff7f80
7f7fffffbf8000007f7fffffff7fffff7f80
7f7fffff400000007f7fffff7f8000007f80
7f7fffff3f0000007f7fffff7effffff7f80
7f7fffff3727c5ac7f7fffff7727c5ab7f80
7f7fffff358637bd7f7fffff758637bc7f80
7f7fffff7f8000007f8000007f8000007f80
7f7fffffff800000ff800000ff8000007f80
7f7fffff7fc000007fc000007fc000007f80
7f7fffff008000007f7fffff407fffff7f80
7f7fffff007fffff7f7fffff407ffffd7f80
7f7fffff000000017f7fffff34ffffff7f80
7f7fffff7f7fffff7f8000007f8000007f80
9ce20000d66b0000d66b000033cf76009ce2
4c13bc5e0a54a8034c13bc5e16f571e64c14
edc20000b7270000edc20000657d1c00edc2
67ad00001748000067ad00003f87280067ad
4fc20000ef540000ef540000ff8000004fc2
2dee149010584d352dee1490000c92922dee
ae700000eccb0000eccb00005bbe5000ae70
4d910000b7e000004d910000c5fdc0004d91
909c000039bb000039bb00008ae3e800909c
1f8600005e2300005e2300003e2aa4001f86
ec12000025370000ec120000d1d0bc00ec12
a6760000bc9d0000bc9d00002396de00a676
b0630000bfce0000bfce000030b6aa00b063
891a0000339200003392000080015f50891a
b09f00006021000060210000d147fe00b09f
89430000d54f0000d54f00001f1dad008943
b0950000961d0000b09500000736c200b095
e3970000bafc0000e39700005f14a400e397
ebe78e50cfb7de7bebe78e507c264ff8ebe8
2bbc145ee55017eee55017eed198e2212bbc
e30f0000ee7d0000ee7d00027f800000e30f
876a0000944900009449000000000000876a
1b94be1e669571696695716942ada9191b95
f013000025030000f0130000d5967200f013
d91800001ea60000d9180000b8452000d918
7e55291ecc326b2a7e55291eff8000007e55
e8fa000097130000e8fa0000408f8e00e8fa
ddb505dd4afed3dcddb505dde93431a1ddb5
bfea0000eabd0000eabd00006b2cc200bfea
808c3894efd14ea5efd14ea530e54a89808c
7f810000deae00007fc000007fc000007fc0
c5151b8a86d44c99c5151b8a0c774ed7c515
fda20000a1b90000fda200005fea2400fda2
296b4f0020f306a8296b4f7a0adf621b296b
363c0000f6ea0000f6ea0000edabd800363c
4c29483953b8f3e253b8f53560749a5c4c29
22920000487a0000487a00002b8e94002292
4642aef7c26cdd824641c219c93421c04643
c5360000fdaa0000fdaa00007f800000c536
3b85bb5d9a87b8c33b85bb5d968dcca53b86
5dc479dcaf4c8f7a5dc479dccd9cff395dc4
4f450000bd0f00004f450000ccdc16004f45
123c00009c6a00009c69fff480000000123c
eb85000030750000eb850000dc7e9200eb85
49c438edf8c53d85f8c53d85ff80000049c4
1ebb000045fe000045fe000025398a001ebb
18182a501360c43a18186281000000001818
40c0db23c6dc6a80c6dc5e72c8260c8d40c1
2cc90000008100002cc90000000000002cc9
80000000fd8b0000fd8b0000000000008000
14fcae7de49a0e20e49a0e20ba180ee814fd
816794ca7fb47a697fc000007fc000008168
dc8937a6f58e18dcf58e18dc7f800000dc89
0a0cc00d023466a70a0cc0c1000000000a0d
3e430000b99f00003e42b080b8723a003e43
4f380000f7470000f7470000ff8000004f38
85d00000c9e40000c9e400001039400085d0
5a00df2515d53f395a00df253056b2fb5a01
4c8d0000c8a300004c8c5d00d5b38e004c8d
1067db0752425d8e52425d8e233008b61068
d66d00002ecc0000d66d0000c5bcdc00d66d
ac39936b4601f3cb4601f3cbb2bc6806ac3a
5ee084bba61571d65ee084bbc58311175ee1
d3f000003de30000d3f00000d254d000d3f0
6b27a93dff5c2dfbff5c2dfbff8000006b28
57ad00002bde000057ad00004416060057ad
7c9baa7a5a84624d7c9baa7a7f8000007c9c
fb848b301ba24275fb848b30d7a804fafb85
e50a0000ca250000e50a00006fb1e400e50a
b982000088f60000b982000002f9d800b982
4842b013b0701fc54842b013b9369d3b4843
fd5ab544e990a875fd5ab5447f800000fd5b
21890000327b0000327b0000148653002189
525e000078520000785200007f800000525e
5757000082860000575700009a6114005757
5ba51a0c6ff1e8ec6ff1e8ec7f8000005ba5
655a7a10708bfc73708bfc757f800000655a
5b42bded0ec24e025b42bded2a93cf455b43
5100ec88b9b4b4dc5100ec88cb3602c95101
c7710000c9f00000c9f7880051e1f000c771
5e5d0000d1d800005e5d0000f0ba78005e5d
9b61000015f900009b60e0e0800000009b61
587100008a96000058710000a38d36005871
929d0000e3fb0000e3fb00003719ef00929d
40a34b703a944cce40a354b53bbd313540a3
f1090000b3910000f1090000651b3200f109
619000006c9f00006c9f00027f8000006190
f0eb000099a60000f0eb00004b186200f0eb
95f800005371000053710000a9e9780095f8
45e9000067a7000067a700006e17ff0045e9
d7c60000a21c0000d7c600003a715000d7c6
191c26d706bf08cb191c26d700000000191c
25fd8854cfda65aacfda65aab6584ac725fe
8428862d5ed51b435ed51b43a38c49968429
ec19e4c140f6a380ec19e4c1ed94441bec1a
a98f0000d8490000d849000042608e00a98f
9b683975f3894043f38940434f7902169b68
2bbf000026de00002bbf37801325a2002bbf
752c0000f5920000f4f00000ff800000752c
62ce25fb050929d962ce25fb285ce80c62ce
55e7194d4849263855e7194d5eb5955e55e7
8f6300002723000027230000800000128f63
68351416f28f461ff28f4619ff8000006835
8ba50000068700008ba4de40800000008ba5
c003f4439d9ba717c003f4431e20760ac004
e0805b22b407ac67e0805b2255080d00e080
b1d9649ea69089a7b1d964a018f57afbb1d9
7e929d7e2ae768957e929d7e6a0488027e93
3ea90000f1a00000f1a00000f0d340003ea9
daf30000e7670000e76700007f800000daf3
9a070000e6560000e656000040e1b4009a07
01b0000010240000102400000000000001b0
5a5a0000bf0d00005a5a0000d9f024005a5a
deadd65c38303458deadd65cd76f4dd5deae
4c8200009b1900004c820000a81b64004c82
519b000001340000519b00001359f800519b
1c137c93d0de16a6d0de16a6ad7fe6281c13
64190000257a0000641900004a156a006419
df89f88bc0e0bc49df89f88b60f23de7df8a
d8c10e626c5b3ed16c5b3ed1ff800000d8c1
18da98f4ea70ac57ea70ac57c3cd828e18db
d2b50000361d0000d2b50000c95e0200d2b5
ca9000000acd0000ca90000095e6a000ca90
f54672b8a2b3c4adf54672b8588b5aadf546
3ef60000b2bd00003ef5ffffb2359e003ef6
b32f300860eab6c060eab6c0d4a09ef7b32f
3dad868e46d7d8f646d7d92145124f123dae
8933000095b3000095b30000000000008933
c0e200007d9100007d910000ff000200c0e2
8f3200002152000021520000800000008f32
f26c000057240000f26c0000ff800000f26c
bc2377c57d3073957d307395f9e1584bbc23
e38f0000d6510000e38f00007a697e00e38f
29f500005e3700005e37000048af230029f5
d857a0e174031ea074031ea0ff800000d858
1cf6000061560000615600003ecda4001cf6
b3c20000c9100000c91000003d5a4000b3c2
81062be9836c998b8374fc4a000000008106
78e1f1db1b48335f78e1f1db54b0b24a78e2
512dd012ab0719ec512dd012bcb774a6512e
98e500005b8f00005b8f0000b4ffd60098e5
b299f1f1b444b8f5b457f733276c98ebb29a
26f50000fa8f0000fa8f0000e208db0026f5
3cb18dd3c89188f9c89188f8c5c9e0a93cb2
495d0000ffb800007fc000007fc00000495d
6a2800008d0300006a280000b7abf0006a28
545d0000a6fc0000545d0000bbd98c00545d
44b30000b4c1000044b30000ba06f30044b3
ab5c0000b3260000b32600dc1f0ea800ab5c
fcd7000041f60000fcd70000ff4e9a00fcd7
d94e9102072fd313d94e9102a10ddf71d94f
c90946190f95e2f9c90946199920bf04c909
c9629ce29aa71234c9629ce22493e474c963
93a9162ccae80acccae80acc1f19433993a9
d6840000d3d00000d68740006ad68000d684
33d81e4ea578aab533d81e4e99d1ed7833d8
d4a40000c9be0000d4a400035ef37000d4a4
b7c869647fc33ca27fc000007fc00000b7c8
f8ac72ce736e5fccf8ac5502ff800000f8ac
8aeb0000386f0000386f000083db65008aeb
2b89ec25af8e5876af8dce8a9b99614b2b8a
3efd0000fcf00000fcf00000fc6d30003efd
075b0000ac440000ac44000080000000075b
98d300001d6500001d6496808000000c98d3
19e60000c0bb0000c0bb00009b28020019e6
af31689591c7f25caf316895018a9040af31
59b00000e5ce0000e5cdffffff80000059b0
bb4e00000e8d0000bb4e00008a62ec00bb4e
4e5e986ff5748d86f5748d86ff8000004e5f
306e0000124d0000306e0000033e9600306e
57cd0000c6f6000057cd0000df44fe0057cd
b55c00008d7d0000b55c000003596c00b55c
819574e6110ab795110ab795800000008195
7f60f3f532353d0b7f60f3f5721f42207f61
1fb70000be520000be5200009e961e001fb7
1db40000f9f60000f9f60000d82cf8001db4
70111e0272e88ba372ed14937f8000007011
12630000a7b40000a7b40000800009fa1263
b2560000af6b0000b259ac0022447200b256
4bb70000b13c00004bb70000bd8664004bb7
4ab7000035c500004ab70000410cd3004ab7
2e2c0000c57f0000c57f0000b42b54002e2c
dae8000009290000dae80000a4992800dae8
8509d5956daadb946daadb94b337fc1d850a
a53f0000d9420000d94200003f10be00a53f
09520000f9f80000f9f80000c3cb70000952
9b968c3feac2f881eac2f88146e550d79b97
9a930000d5950000d595000030ab1e009a93
fb46000085010000fb46000040c78c00fb46
f47a000050040000f47a0000ff800000f47a
7abe0000859000007abe0000c0d5c0007abe
55c6c344ca5dceff55c6c342e0ac374955c7
4c4a000071400000714000007e1780004c4a
1548000000d4000015480000000000001548
27be86c60b521cf827be86c60000000027bf
4d880000a3eb00004d880000b1f9b0004d88
995d0000b28f0000b28f00000c76e600995d
f8b4000081440000f8b400003a89d000f8b4
50390000198c0000503900002a4a58005039
81bf8ab2e5d4da8ae5d4da8a281f425f81c0
d1d000005d0600005d05fffeef59c000d1d0
ad6400003b6500003b650000a94bf400ad64
f78b0000ecf70000f78b00047f800000f78b
a7af1df332e5cd5732e5cd549b1d3241a7af
9c8c0000e1aa0000e1aa00003eb9f0009c8c
3669000053b7000053b700004aa68f003669
7f0271c28851b7657f0271c2c7d5b8a47f02
743192beb8f796ef743192beedabbd477432
dc71f3fd88da67efdc71f3fd25ce6c00dc72
3eb200006ce100006ce100006c1c72003eb2
5a1953c68da73eca5a1953c6a84856835a19
c1050000ed620000ed6200006eead400c105
127d000089230000127cffd780000000127d
4bf20000b51e00004bf20000c1955c004bf2
5e694f51ddbe693d5e0a1ab2fcad88c75e69
9cc000000c7700009cc00000800000009cc0
c789000019f20000c7890000a2018200c789
e0940000e5e40000e5e425007f800000e094
233800009ae300002337ff8e800a32802338
15710000a6f90000a6f900008000ea691571
2125e880e63d2b01e63d2b01c7f5310a2126
0ac20000fc890000fc890000c7cfa4000ac2
8c590000768d0000768d0000c36f0a008c59
e28e00003d5b0000e28e0000e072f400e28e
df67b1ce90d0a0f5df67b1ce30bcd224df68
f1cc0000f45e0000f46460007f800000f1cc
ac2d2be8e7447d13e7447d135404ea39ac2d
ec610000ef750000ef7884007f800000ec61
ed4be39a4f94df02ed4be39afd6d2264ed4c
914e0000dded0000dded00002fbeb600914e
6b012deae27b1b286b012dabff8000006b01
f2e2000010410000f2e20000c3aa6200f2e2
dc8c00004ced0000dc8c0000ea019c00dc8c
e5ea1385f6fceb62f6fceb627f800000e5ea
203400005263000052630000331f9c002034
c4d87fb85acfb7d95acfb7d9e02faac1c4d8
cbee355e9cc573ddcbee355e2937bae1cbee
15bf00009f9500009f94fff48000000315bf
cef3ed892d5a8ff1cef3ed89bcd0416ecef4
7faf0000a67000007fc000007fc000007fc0
f16f000075ea000075e98880ff800000f16f
55aa67f8c456c5b155aa67f8da8ef68155aa
65bfe90293c0c30c65bfe902ba1080f965c0
e6fe000048ac0000e6fe0000f02aa800e6fe
d389b53f35a7432dd389b53fc9b3f2bdd38a
2367f7158d84e48a2367f715800000002368
16350000b64e0000b64e00008d11a6001635
f3ee000022910000f3ee0000d706ce00f3ee
0f57000034de000034de000004ba72000f57
f99414a1d9c5ea45f99414a17f800000f994
d763000046fb0000d7630000dede9100d763
21f30000a32a0000a30ba00085a15e0021f3
d7d80000bfb80000d7d80000581b4000d7d8
ff8600009e5900007fc000007fc000007fc0
af4fb1cf7c1383807c138380ebef5b93af50
20af00008309000020af00008000000020af
88c931854d17addd4d17addd966e69b388c9
7e5f6a09147b597f7e5f6a09535b5b127e5f
e06af7cea50f69b6e06af7ce4603a173e06b
794a60974056558e794a60977a297061794a
837e000072d4000072d40000b6d25800837e
44cc1b2342e8beec44daa712483990d044cc
4862b9169a26feed4862b916a313e5ca4863
32590000166500003259000009421d003259
1aa90000ef0f0000ef0f0000ca3cce001aa9
b076000095990000b076000006930600b076
6849ae9bb1afb0fe6849ae9bda8a69cc684a
adc79ed5088423c8adc79ed58000000dadc8
1d7f0000b9b30000b9b3000097b24d001d7f
d2790000537e0000533fc000e6770e00d279
af5bfe6ecfcb921fcfcb921f3faef053af5c
154d000040ae000040ae0000168b5600154d
e37983fb0d354c59e37983fbb130b4bae37a
c4aa0000b5890000c4aa00003ab5f400c4aa
17a50000d84c0000d84c0000b0837c0017a5
17e2000026e5000026e500000019454017e2
e01300009f210000e01300003fb8e600e013
e8970000d2110000e89700007b2b0e00e897
0cbc00007e2d00007e2d00004b7e18000cbc
3b590000f7260000f7260000f30cb6003b59
c4430000318e0000c4430000b6585400c443
312a30b342d8322042d83220348fba6a312a
1c21e39e4f3bd6994f3bd6992bed91f31c22
1520000041f5000041f50000179920001520
bfd40000071f0000bfd400008783ac00bfd4
b8a1000073dc000073dc0000ed0a5c00b8a1
dceb000035a00000dceb0000d312e000dceb
4f1c00008e3200004f1c00009dd8f0004f1c
9d20000088a600009d200000000000009d20
ae960000793e0000793e0000e85ea800ae96
c58a0000eca20000eca2000072aea800c58a
ffee0000251c00007fc000007fc000007fc0
a0ba00000ddb0000a0ba000080000000a0ba
3c8500006eaf00006eaf00006bb5d6003c85
a8e5000025bc0000a8e210008f282c00a8e5
e4b7a049e5dd467de60597487f800000e4b8
111c0000dc6a0000dc6a0000ae0e9800111c
132c000053e4000053e4000027993000132c
57ad000045e9000057ad00005e1d750057ad
59b7f58cccd9f16359b7f58ce71c9c9959b8
1f6b0000173200001f6b00b2000000141f6b
230f0000c08e0000c08e0000a41ea400230f
f8adbbaf15b1c22bf8adbbafcef14513f8ae
305c2b10a7856974305c2acd98657a21305c
a1c500000e610000a1c5000080000000a1c5
9fa319d193e3eb269fa319d2000000009fa3
dc6d4fb87125208f7125208fff800000dc6d
c5c70000d0060000d006000656505400c5c7
1d6300000c8f00001d630000000000001d63
6089000001bc00006089000022c938006089
bff9000010910000bff90000910d0900bff9
69c300005c2e000069c300007f80000069c3
a4d000001e4e0000a4cff99083a76000a4d0
47bd00009f3c000047bd0000a78acc0047bd
84f0c2ac282b8744282b87448000000084f1
f1ae3e7baab1b0e0f1ae3e7b5cf1e32df1ae
b407593b47a29b1b47a29b1bbc2bf0f1b407
fd6500005e4a0000fd650000ff800000fd65
e0c20000a51b0000e0c20000466aec00e0c2
3eb132898705e0ae3eb132898639558c3eb1
b98000006fed00006fed0000e9ed0000b980
8ffd00003a8e00003a8e00008b0c56008ffd
278f11376412e7e46412e7e44c2432d3278f
a1e70000b6220000b622000018922e00a1e7
9dc4b1d5890748be9dc4b1d5000000009dc5
faa06405664a19e2faa06405ff800000faa0
00a300002cd500002cd500000000000000a3
ab26000089fe0000ab26000000000003ab26
5d7d0000d1f100005d7cfffeefee2d005d7d
bf4100005715000057150000d6e0aa00bf41
3512008f443a360c443a360c39d466763512
55f800003a8e000055f800005109900055f8
996c5f6cfe0c30bcfe0c30bc5801712f996c
429aece3b7eb4090429aecdfbb0e5e87429b
9c65611d8d1d073f9c65611d000000009c65
6ecd00000e3600006ecd00003d91be006ecd
83cf0000da3b0000da3b00001e97350083cf
4ea80000af0e00004ea80000be3a60004ea8
b234000009640000b234000080005028b234
0cb000008b1100000c9de000800000000cb0
e3ef000003ae0000e3ef0000a8227200e3ef
9a0c0000e8df0000e8df00004373e8009a0c
8b6c9ea9b1849a87b1849a870001ea438b6d
570122e800108001570122e816852c075701
6da1eeb59d7f3a376da1eeb5cba171996da2
be956704e0362cbfe0362cbf5f54a2b4be95
dffc0000e9f30000e9f300107f800000dffc
021000004498000044980000072b00000210
8397c2d95d17b43d5d17b43da133dd8e8398
9815f26c0c85f0fa9815f26b800000009816
0fb2000096ab000096aafd38800000000fb2
0ef40000d0160000d01600009f8ef8000ef4
088c0000cd8e0000cd8e0000969b5000088c
a98b00000f0c0000a98b000080000130a98b
8663000052c0000052c0000099aa40008663
7c570000054200007c5700004222ee007c57
a757814473ea2c4e73ea2c4edbc52174a758
a556351ba1118d42a556c6a806f3948ea556
e541000032960000e5410000d8622c00e541
72d100002bf5000072d100005f48050072d1
f59a0000b1990000f59a000067b81400f59a
84ee1a77393e171e393e171e800b0cd284ee
63af00007d8700007d8700007f80000063af
743c5986e6974cd1743c5986ff800000743c
fd48f2dd6d3e7748fd48f2ddff800000fd49
177a8b2e7e10101d7e10101d560cfe0f177b
b960000012950000b96000008c826000b960
e840000015e90000e8400000beaec000e840
119d000073be000073be000045e90c00119d
1a4493c87ccc228d7ccc228d579cc04b1a45
132600001600000016029800000000001326
d404a8d0669bd2d1669bd2d1fb217ee9d405
8aae1b5bade28fddade28fdd000001348aae
b33200009af40000b33200000ea9a800b332
8364be62a6173593a6173593000000008365
1aab0000c65c0000c65c0000a192f4001aab
ad5900007d9100007d910000eb75d200ad59
bc80b329805f6550bc80b32900017fabbc81
c8850000ba180000c8850000431df000c885
a2880000295300002952fbc08c603000a288
8231000073c3000073c30000b686d3008231
99fd00001a8600001a0d80008000000199fd
22310af762ab28f462ab28f4456cbd4b2231
f63f0000cdab0000f63f00007f800000f63f
1449000076a4000076a400004b80c4001449
787e000005200000787e00003e1ec000787e
45c832a806a5330345c832a80d01308b45c8
3f2b00004ae600004ae600014a99a2003f2b
a2ab4b6ab99f86aab99f86aa1cd57be4a2ab
6380000002ae00006380000026ae00006380
779800008d9d000077980000c5ba70007798
1146524e5b2015dc5b2015dc2cf808c01146
5c985fb84a02b0515c985fb8671b931b5c98
433d1afcdeb84282deb84282e2881c86433d
2b0e0000e9ab0000e9ab0000d53db4002b0e
1f3f85b230ed4ccb30ed4ccb10b188391f40
7896648deb067bd87896648dff8000007896
8fab2498353804133538041385760a0d8fab
829e00005aeb00005aeb00009e110a00829e
0aa9000057460000574600002282b6000aa9
9465faa6a5726711a5726711000006ce9466
d607839de87d8b4be87d8b4b7f0636ced608
3ac50000053200003ac500000088fa003ac5
d993b4a607f56bcdd993b4a6a20d9a16d994
320f5151e25d54d1e25d54d1d4f7d15d320f
c0a0153cc5f7eceec5f814f3471b08a5c0a0
77dd71420355170077dd71423bb8532177dd
52ebe0060e2a562352ebe006219cf22152ec
0e4e00006d2a00006d2a00003c08cc000e4e
2a4cdc5402ab27ba2a4cdc54000000002a4d
5e8b3db1ec666211ec666211ff8000005e8b
2a960000ba310000ba310000a54f6c002a96
1792f3dce6c9830fe6c9830fbee759661793
48190000d21e0000d21dfff6dabcdc004819
6151000069cc000069cc00687f8000006151
92a91e402b22dabd2b22dabd8006b95a92a9
e828053a7cdc4df77cdc4df7ff800000e828
b74031d309436aa3b74031d38112b603b740
d0844672cb68e4b8d084638f5c70ac0ad084
37200000cc7e0000cc7e0000c41ec0003720
58c3356b38d8fa7158c3356b5225740b58c3
6f7cc0a6dc4416eb6f7cc0a6ff8000006f7d
22aa7ad8642c85c2642c85c24765c73822aa
fa100000a9580000fa10000063f30000fa10
a853998dd776a4b0d776a4b0404bddada854
4e2e0000a08800004e2e0000af38e0004e2e
d84c00008fad0000d84c00002889dc00d84c
5f7200008cc000005f720000acb580005f72
73fdbe728e6c7afe73fdbe72c2ea657a73fe
cdd100009fa30000cdd100002e051300cdd1
7a97000002a400007a9700003dc178007a97
74e70000cd00000074e70000ff80000074e7
d2020000451a0000d2020000d79c6800d202
2c28ffc421833cf82c28ffc80e2d46422c29
600900004f9b0000600900007025e6006009
e1e61d18355db670e1e61d18d7c74b1be1e6
f60200004da20000f6020000ff800000f602
88d80000d90d0000d90d0000226df00088d8
37b6779cf53a31e3f53a31e3ed84b67637b6
49c100005629000056290000607ed20049c1
c17100009ce90000c17100001edb5900c171
b1ffb5381f5a8adcb1ffb53891da4b05b200
7fad00000d5200007fc000007fc000007fc0
cdfb000024a70000cdfb0000b323bd00cdfb
6ee4913059ef3a2b6ee491307f8000006ee5
953a0000fddf0000fddf000053a20600953a
b5ea040bebc575bcebc575bc623480bcb5ea
bc3de8035fa162d15fa162d1dc6f706fbc3e
c29000001c5f0000c29000009f7ae000c290
b168d6fe3cc77c1b3cc77c19aeb57000b169
8d1ca2c751d84f5f51d84f5f9f8459e88d1d
084ffb44b4097cf9b4097cf98000df660850
65e20000a9cd000065e20000d034fa0065e2
bf0a00009a380000bf0a000019c66000bf0a
7f23356a99becc937f23356ad97348227f23
62c80000b6c7000062c80000da1b780062c8
649aecc3d79534ca649aecc3fcb49780649b
a3b82e844e5305074e530507b297d1f5a3b8
b9811553e9e72032e9e7203263e914f4b981
5f700000b6d200005f700000d6c4e0005f70
b83200006677000066770000df2bbe00b832
21960893d456c1b8d456c1b8b67bb9662196
8fda56dc4e2f28bf4e2f28bf9e9564218fda
3417ab19d2eb7221d2eb7221c78b7dae3418
bf0400007c1500007c150000fb99a800bf04
e091ce51f31945baf31945ba7f800000e092
afb65f21ece1f8b3ece1f8b35d20fac8afb6
db0bc0ebe6900b11e6900b127f800000db0c
1a590000f1510000f1510000cc3129001a59
f1644413c1106322f16444137300beaff164
c1b4d6cb5b124dce5b124dcedd4eb2ecc1b5
e2db0000a6220000e2db0000498a9600e2db
26090000ced40000ced40000b562e8002609
5e930000c68800005e930000e59c30005e93
c8330000ba0a0000c833000042c0fc00c833
667b000026a90000667b00004da5b300667b
e2ba000065a10000659e1800ff800000e2ba
1e170000635e0000635e00004202f2001e17
b9d07371510c6e6b510c6e6bcb64b215b9d0
0d340000981100009810fffd800000000d34
4429bc5e1380d27e4429bc5e182ad37e442a
4cb6e05be6bcf327e6bcf327f406fa764cb7
fe55c5c30c5405d4fe55c5c3cb310ca3fe56
92c60000e7170000e71700003a69940092c6
a6970000ecbf0000ecbf000053e15200a697
f57e000096470000f57e00004c457200f57e
355eda508f4103e9355eda50852805fe355f
859d000019eb000019eb000080000000859d
aee4b2f1b3f71036b3f74963235cb722aee5
ba6d000087f30000ba6d000002e0f700ba6d
e8de000076c2000076c20000ff800000e8de
c41700009baa0000c417000020488c00c417
e72f00005f520000e72eff2eff800000e72f
8e9400005892000058920000a7a8d0008e94
9de00000f96c0000f96c000057ce80009de0
ad900000584b0000584b0000c6646000ad90
391a8e6baf62d729391a8e5da908f3a1391b
300c000017d70000300c0000086b2800300c
4817000048ba00004902c000515b6c004817
c3736c1e8e4c176ec3736c1e1242106fc373
746700009896000074670000cd875a007467
21f40000d5420000d5420000b7b8e80021f4
098d00002dc700002dc7000000000037098d
f6de0000288f0000f6de0000dff80400f6de
081eceaa612d7863612d786329d738ae081f
33120000af4e000033113200a2eaf8003312
2f7e00005e6400005e6400004e6238002f7e
32edbd61cbba12accbba12acbf2cccf032ee
101a0f288a27e62e101a04aa80000000101a
34177c41bcedb140bcedb0f4b18ca6eb3417
2de200009c5a00002de200008ac074002de2
4e5cc9c79fc6fb694e5cc9c7aeab9ce44e5d
e5b1a480dae8f1e5e5b1a4847f800000e5b2
7a5d0000ed9f00007a5d0000ff8000007a5d
f74200005b070000f7420000ff800000f742
d6ae885392e3087bd6ae88532a1ac8aad6af
418441ec81e890b8418441ec83f04d044184
20b20000a74f0000a74efa70888fee0020b2
61cc0000891d000061cc0000ab7a380061cc
47ab000081f4000047ab00008a22fc0047ab
81675d411abfd1ee1abfd1ee800000008167
7c5fe7d2a893983d7c5fe7d2e58117457c60
c4fd0000d3ac0000d3ac00005929fc00c4fd
90a40000dd9f0000dd9f00002ecbb80090a4
c9d900006040000060400000eaa2c000c9d9
1ddc9cb05e870bea5e870bea3ce8c1ca1ddd
fdf8000089f70000fdf80000486f4800fdf8
1c6ab71e332fe239332fe239102142971c6b
7472000003720000747200003864c4007472
794ef65942be9cbf794ef6597c9a198f794f
0ec60000346a0000346a000003b4fc000ec6
161a00006d1a00006d1a000043b94800161a
1c3ca193e2d179ace2d179acbf9a59901c3d
7147000062bd0000714700007f8000007147
a3f279c2970ec00ba3f279c2000021cda3f2
b2ad0000e0a00000e0a0000053d84000b2ad
e006000098fc0000e00600003983e800e006
65b962c0596ce98365b962c07f80000065b9
68dd00000f32000068dd00003899aa0068dd
99ed2ae794c56b3b99ed5c420000000099ed
0c980000f0230000f0230000bd4190000c98
9c200000e4fe0000e4fe0000419ec0009c20
c310e59072cfbeb372cfbeb3f66b2b1ec311
952c000043aa000043aa000099647000952c
7c3cb2d40a5dadf17c3cb2d4472366987c3d
ffbe00007e2400007fc000007fc000007fc0
241fe5ea4ee24cc34ee24cc3338d58eb2420
dd080312f55567a3f55567a37f800000dd08
d34100004e820000d340bf00e2440400d341
547bb265fc0fd815fc0fd815ff800000547c
7da80000b18e00007da80000efba60007da8
afb00000f22e0000f22e0000626f4000afb0
ab5600009dcd0000ab56000009ab5e00ab56
382f0b22434668874346688a3c07aa15382f
e1730000232d0000e1730000c5243700e173
825200008c3600008c36000d000000008252
ca2b5b6b9d7dfb78ca2b5b6b282a01acca2b
6cd90000762b0000762b001b7f8000006cd9
9dcf0000122b00009dceffff800000009dcf
194500006da400006da40000477c68001945
08b7877aabf5f496abf5f4968000000108b8
039cbe4f2f4f474b2f4f474b00000000039d
01160000fda20000fda20000bf3dd8000116
a4f30657150567b8a4f30657800007eaa4f3
a7d30000b6a70000b6a700001f09a500a7d3
be366ab7c58ab8f0c58aba5d4445b29dbe36
88990000d2b80000d2b800001bdbf0008899
34a5000074b5000074b5000069e9520034a5
13fb0000fea30000fea30000d31fd10013fb
3c8300006d4e00006d4e00006a52d4003c83
dcba000045460000dcba0000e28fdc00dcba
eef50000d8a90000eef500007f800000eef5
7acc0000fc6c0000fc528000ff8000007acc
40ec00009430000040ec000095a2400040ec
faf300008d950000faf30000490d6f00faf3
93250000a03e0000a03e0000000000009325
36c70000ec210000ec210000e37a4e0036c7
dbc3817e16b6cbbddbc3817eb30b99a8dbc4
bf7bdf815855989858559898d8522719bf7c
c500fdc91096e036c500fdc996180b5ac501
b77d00004ab800004ab80000c2b5d800b77d
6b83f8d501e779706b83f8d52deea8456b84
c2a70000d7770000d77700005aa12100c2a7
69000000075f00006900000030df00006900
4f740000289000004f740000388940004f74
0fb70000203b0000203b0000000000000fb7
9d7c00002c3000002c3000008a2d40009d7c
d9ce000037350000d9ce0000d191a600d9ce
7eb2000060a400007eb200007f8000007eb2
bb50000073b7000073b70000ef94b000bb50
58152dd569513f3d69513f3d7f8000005815
f642000028060000f6420000decb1800f642
276a0b75912d2623276a0b758000013d276a
269777f912f249b8269777f90000047b2697
d58e1042bd5df73fd58e104253765a7bd58e
84054272744e46ba744e46bab8d6c0918405
0d50819f03698fee0d5081ae000000000d51
a6f9ca322aafb73d2aaebd73922b7403a6fa
ccd00000551900005518ff98e278a000ccd0
77d7000084b5000077d70000bd18030077d7
2a290000bf1f0000bf1f0000a9d1ee002a29
9da6eb3939f215ea39f215ea981dd8a69da7
f9a8000054b70000f9a80000ff800000f9a8
211fefd8ff36bd4fff36bd4fe0e455922120
6ee7a1ec7d603fb87d603fb87f8000006ee8
e39a5f83089297f2e39a5f83acb0cc32e39a
2ff89dffb94e8c2eb94e8c0fa9c897462ff9
31ba0000133b000031ba00000587de0031ba
b1101b2c08d2ef34b1101b2c8000076cb110
313700005a1600005a1600004bd674003137
ecea579d919dc3cdecea579d3f106af8ecea
04cf000028ea000028ea00000000000004cf
92200000bf550000bf550000120520009220
0aea000058a3000058a300002414fe000aea
fcdcf562013a382afcdcf562bea0bac3fcdd
f673000089a30000f6730000409ab900f673
fb3aa858e79e8ab7fb3aa8587f800000fb3b
252e00001fb10000252e162005709c00252e
1f470000b8c40000b8c4000098985c001f47
f5d7000009380000f5d70000bf9a8800f5d7
5c860000c5e800005c860000e2f2e0005c86
2ffeecf3a27d0e682ffeecf392fbfe852fff
7d440000581e00007d4400007f8000007d44
cec40000b0f40000cec40000403ad000cec4
5a9d0000871800005a9d0000a23a70005a9d
67560000e09d00006755fb18ff8000006756
a4f600009a3c0000a4f60006002d2a00a4f6
33a2b984ff448b02ff448b02f379dcca33a3
4ba7000063030000630300006f2aea004ba7
11de0000b8ad0000b8ad00008b16060011de
a11d000025790000257863008718b500a11d
cfef000031d10000cfef0000c2431f00cfef
97c2d4aaad2ec8b4ad2ec8b40585054b97c3
cf5c00007656000076560000ff800000cf5c
62ae54dcbfcf1c3762ae54dce30d09d562ae
4a1e0000f1980000f1980000fc3ba0004a1e
4d3f00004dbf00004e0f40005b8e81004d3f
3f80a55bd5d84aebd5d84aebd5d962553f81
bc1550f66f2e5a066f2e5a06ebcb6312bc15
871a0000417800004178000089153000871a
f041c9d82d4d1d32f041c9d8de1b44bcf042
df640000dd650000df7250007d4bf400df64
230f9bb7c3268790c3268790a6bad6092310
550300000ca8000055030000222bf0005503
8d997648bac57b28bac57b2808ecc3b28d99
5be6f6a2eb493706eb493706ff8000005be7
f4e900005f4c0000f4e90000ff800000f4e9
d162000067a8000067a80000f9945000d162
53ae00008f89000053ae0000a3ba3c0053ae
0d640000aa750000aa7500008000006d0d64
4a380000b1b300004a380000bc80a8004a38
70d40000a149000070d40000d2a6740070d4
ae40000009fc0000ae400000800000bdae40
36e40000f1910000f1910000e901240036e4
01da0000456700004567000007c4b60001da
642b0000cf0f0000642b0000f3bf0a00642b
8c7e0000dc5b0000dc5b000029594a008c7e
5e8a00003b3100005e8a00005a3ed4005e8a
66120000595d0000661200007f8000006612
84d451e54bbeb7784bbeb778911e2cf284d4
fa040000955f0000fa0400004fe5f800fa04
cb8e00007734000077340000ff800000cb8e
44a8000011ed000044a80000171b880044a8
ebf5000069780000ebed4000ff800000ebf5
a0fa00009b670000a0fa1ce00000e196a0fa
5c77bf3533b0f08b5c77bf3550ab3c3e5c78
d0be000080b10000d0be000012035e00d0be
477100004d8000004d800788557100004771
0323c4e72709bc492709bc49000000000324
ddc20000fac20000fac200007f800000ddc2
b1750000a5810000b17500011776ea00b175
b1b7b1e6e99f874be99f874b5be4f125b1b8
995707bb0278bc2d995707bb800000009957
e1b80000c66d0000e1b8000068aa5800e1b8
8418faa6672d0fa2672d0fa2abced5738419
1e256168074c0f8a1e256168000000001e25
8d9f2a383fc01f863fc01f868deee6878d9f
753300009573000075330000cb29e9007533
725155aa1059f7e5725155aa43323c527251
c19e130c4e31b3154e31b315d05b737fc19e
4dc4000079410000794100007f8000004dc4
223f000040f9000040f9000023b9c700223f
86a100002e8300002e8300008000000386a1
dee400006a5b00006a5afffeff800000dee4
ae0c0000ea5e0000ea5e000058f2d000ae0c
f45900008fcb0000f459000044ac1300f459
098c0000167200001672000000000000098c
9eb5000046fa000046fa0000a630c2009eb5
e3e500008f2a0000e3e5000033981200e3e5
a2785db67bcb5d7b7bcb5d7bdec54d01a278
0d53285b965afb26965afaf1800000000d53
0fbb0000a7310000a7310000800000200fbb
512a000037ee0000512a0000499e0c00512a
d485000093430000d4850000284a9e00d485
d7090000a4cb0000d70900003c594600d709
018e2dfcafb71e25afb71e2580000000018e
d3f30000c7600000d3f300005bd4a000d3f3
59fb2bac530b3bdd59fb30066d889b7259fb
193500000a0f000019350000000000001935
faf700002a570000faf70000e5cf7100faf7
105520bd550fbad9550fbad925ef51b01055
f242ba92d5f273c7f242ba927f800000f243
03eb0000754000007540000039b0400003eb
11c217ec2850122728501227000009dc11c2
c9f50000db730000db73000065e88f00c9f5
9d246d1338b6cad938b6cad9966acfaa9d24
42214ac372e28e8572e28e85758ebdcb4221
9fe2000043d9000043d90000a43f92009fe2
cce200001eb40000cce20000ac1ee800cce2
62361c6680d30bbb62361c66a39621c06236
95a19b9d9f3699b29f3699c60000000295a2
03390000a9f40000a9f40000800000000339
6f5f0000ec5f00006f5b8400ff8000006f5f
30780000e1850000e1850000d280d8003078
2f730000bcc50000bcc50000acbaff002f73
b84d0000414f0000414effcdba25c300b84d
629b0000fa270000fa270000ff800000629b
4706847924b705a9470684792c4057584707
8b5c0000b0fc0000b0fc00000000d8908b5c
85415c401a0225ba1a0225ba800000008541
16a9000066b4000066b400003deda80016a9
2794427c54b6bd9754b6bd973cd3aa212794
2e970000883d00002e9700008000001c2e97
a586fe9122079cf1a585ef57880f0601a587
63f600004e77000063f6000072ed5a0063f6
02b3000019cc000019cc00000000000002b3
e1ee000060bd0000e1bec000ff800000e1ee
90bd0000443a0000443a00009589520090bd
7c3100000c8a00007c310000493ed4007c31
41fc00005bde00005bde00005e5a880041fc
25ed00002105000025ed42800776420025ed
42e8e72d56ccda9256ccda925a3a5f1242e9
5b8bf4c63f944da15b8bf4c65ba227e65b8c
131ae665f8933fd1f8933fd1cc3231d2131b
8032000039c2000039c20000800004bc8032
12e0000011a30000130460000000000012e0
d683000019020000d6830000b0050c00d683
eebdf3f9a24f85e0eebdf3f95199fb9ceebe
150f0000087d0000150f000000000000150f
03f66ff05cb936f05cb936f021324bc703f6
a144342c55b0080855b00808b786ea06a144
c1990000d0800000d080000052990000c199
07980000cd8f0000cd8f000095a9d0000798
7204c7c780cd61747204c7c7b3550d0c7205
d87025b1b9d78d3ed87025b152ca3427d870
17e20000caf70000caf70000a35a0e0017e2
1d79ad30e6b75ce3e6b75ce3c4b2d5651d7a
090200009d8500009d850000800000000902
f168000059030000f1680000ff800000f168
470ad95234f09897470ad9523c827e80470b
994a00008d820000994a000100000000994a
91db00002b3f00002b3f000080028d9491db
74adaf77a664813e74adaf77db9b07f574ae
3598d1ad7dba91767dba917673debe5a3599
c70d0000da6c0000da6c00006201fc00c70d
b8bc25d13caa98c53ca9dc9fb5fac2c8b8bc
1482859096bb5ff296b33799800000001483
ea610000378a0000ea610000e2729400ea61
3d540000472200004722000d450628003d54
14c48e203c45ef7d3c45ef7d1197f93f14c5
1f3000009c4500001f2cec00800043b81f30
d57b7ef193f46759d57b7ef129f01a85d57b
f65e000037d10000f65e0000eeb53e00f65e
1f6cdf5fe1e4d093e1e4d093c1d3b7ee1f6d
8ddd0000f9910000f991000047fa5a008ddd
a0f58bbd9bce54fba0f5bf5200018bd0a0f6
b9ff5315c257cf86c257d0063cd73dc0b9ff
0fbf000079bb000079bb00004a0b85000fbf
762e2a4046aee162762e2a407d6df41b762e
8330000058a8000058a800009c6700008330
48ae0000aba5000048ae0000b4e04c0048ae
a58700001e510000a586fe5e845c6e00a587
373100002c60000037310004241ae0003731
1e1700008b0c00001e170000800000001e17
09dc15a4d4871496d48714969ee8423809dc
081ef5990e6375880e637f7700000000081f
994f000053c8000053c80000ada1b800994f
c7470000daf20000daf2000062bc1e00c747
14c900007b5500007b55000050a73d0014c9
3b55000014fe00003b55000010d356003b55
6e5a00007bee00007bee00007f8000006e5a
4e140000aa5d00004e140000b8ff88004e14
97510000c7f80000c7f800001fca78009751
902c271588a7f3d9902c286500000000902c
2f171e9383284b2b2f171e93800000002f17
7f2f0000123b00007f2f000051ffaa007f2f
f86e00002d850000f86e0000e6774c00f86e
6118000075850000758500007f8000006118
24f2485313da53ff24f248530000019d24f2
95e24d045ba008fd5ba008fdb20d781595e2
c72500009a190000c725000021c53a00c725
4b210000239c00004b2100002f4438004b21
a7300000b7e30000b7e300001f9c1000a730
9af10000cc760000cc76000027e796009af1
b02900004734000047340000b7eda800b029
6e482d954d9073fa6e482d957c61e8a86e48
01af00006f0500006f0500003135d60001af
5b2d54b60dc104e05b2d54b62982b02a5b2d
2c60df5bdf7c0070df7c0070cc5d5c402c61
7ee80000b03b00007ee80000efa978007ee8
883700009b4700009b470000000000008837
74d200002e3f000074d20000639cae0074d2
c96e0000e0300000e03000006a23a000c96e
4a550000fb340000fb340000ff8000004a55
dfbe0000287c0000dfbe0000c8bb0800dfbe
e4570000c8e30000e45700006dbea500e457
ef12d58bcc500d6bef12d58b7beeaa66ef13
40030000f3f30000f3f30000f478b2004003
b4c4323dfb29cf44fb29cf4470822403b4c4
dcc1000027b80000dcc10000c50ab800dcc1
dbd00000ccdd0000dbd0000069339000dbd0
e4f1e070097b7a3ee4f1e070aeed9a8de4f2
2f4268ac1dba530b2f4268ac0d8d7f1d2f42
ec91000050360000ec910000fd4e2c00ec91
2e8bf69125aa364f2e8bf6bc14ba1edb2e8c
1511000047360000473600001cce2c001511
5b0900008a8f00005b090000a6190e005b09
30950000ff1d0000ff1d0000f036c2003095
c8dd9e5190c59193c8dd9e511a2b08dac8de
7275000059110000727500007f8000007275
bd6a00002b8b0000bd6a0000a97e1c00bd6a
6eaa0000ec0500006ea5d800ff8000006eaa
65390000f1f50000f1f50000ff8000006539
bcf40e70439f481a439f444ac117d9b4bcf4
27160000c4600000c4600000ac0340002716
c76300001d730000c7630000a5577900c763
0e8500002b5500002b550000000006eb0e85
b556302a02214b03b556302a80000043b556
c14900007e8800007e880000ff800000c149
c8840000a9820000c884000032861000c884
f7e2000083730000f7e200003bd68600f7e2
a44f0000e55c0000e55c00004a31e400a44f
30d400001e6f000030d400000fc5ec0030d4
732a000083320000732a0000b6ec6800732a
e097cebdc70d45dae097cebd68278c94e098
de70000083e50000de70000022d6b000de70
5f830000b50e00005f830000d51154005f83
a00d37eea2627a71a26b4df002f9ddd6a00d
f8e10000ee060000f8e100047f800000f8e1
f2160000a8580000f21600005afd2000f216
3ce40000267700003ce4000023dbfc003ce4
130f000077630000776300004afd9a00130f
4220000053bd000053bd0000566c40004220
f9350000f2390000f93502e47f800000f935
ef29000041800000ef290000f1290000ef29
6887000056610000688700007f6d4e006887
298a000014170000298a000000051660298a
a2ad00001f240000a2abb800825da800a2ad
da12000062a5000062a4ffb7fd3c3400da12
0ed04593a52270d9a52270d9800000010ed0
d9ea0000019f0000d9ea00009c115600d9ea
20af00005d3c00005d3c00003e80840020af
c8b1ba43f0dada10f0dada107a17f001c8b2
59c739f03af8660259c739f055414f8359c7
1c64b288249e91ec249e925e018da88c1c65
802d0000310600003106000080000000802d
ace1000068f6000068f60000d6583600ace1
3ee500003aab00003ee5ab003a18f7003ee5
d4570000f90c0000f90c00007f800000d457
f1e60000887d0000f1e600003ae34e00f1e6
ddc59922fe9570a5fe9570a57f800000ddc6
7f23bb0dc4bac1547f23bb0dff8000007f24
2fd3000006a000002fd30000000000102fd3
e4af0000a9fc0000e4af00004f2c4400e4af
fb2056347816b051fb1dfb73ff800000fb20
6c270000aa0d00006c270000d6b7f6006c27
ad56757a6bbeebfa6bbeebfad99ff0e0ad56
f5170000ba6a0000f5170000700a0600f517
620800001ad60000620800003d6360006208
707100008fe7000070710000c0d977007071
386c0000c9f70000c9f70000c2e3b400386c
3c030000260400003c030000228718003c03
117f00001085000011a0c00000000000117f
9a0f0000245300002452fff7800ebba09a0f
3b64000063930000639300005f82ec003b64
48f3000062f7000062f700006c6a750048f3
6968bc47bfad3acf6968bc47e99d7cb36969
b119048737658b62376581d2a909345db119
91030000128a000012734000800000009103
45d200001499000045d200001afb040045d2
745eaab1ca36c0c5745eaab1ff1ef505745f
2817595dcca7b9fbcca7b9fbb546527f2817
728100001fb500007281000052b66a007281
12ee00008b34000012edfe988000000012ee
ad690000cf4c0000cf4c00003d39ac00ad69
74e995ee3628d44874e995ee6b9a0c1674ea
afb700006517000065170000d557e200afb7
efb3000077cd000077ccff4dff800000efb3
018f0000b9480000b948000080001bee018f
2af60000a76100002af43e0092d836002af6
94eb00007a2700007a270000cf994d0094eb
bea756d8e2526d58e2526d5861898cb7bea7
109c0000572f0000572f000028554800109c
e9820000530e0000e9820000fd103800e982
62b94c087b014f2c7b014f2c7f80000062b9
214100002f4d00002f4d0000111a8d002141
28926337b195eed2b195eead9aab789f2892
a5e8000094ef0000a5e8000000001b13a5e8
96490000bfd40000bfd4000016a674009649
395d00000d130000395d000006fdce00395d
35b09a6c496ff609496ff6093fa589e535b1
de41000080510000de4100001ef44400de41
2665000033250000332500001a1399002665
0eea0000d46a0000d46a0000a3d5e4000eea
5cf90000338700005cf9000051034f005cf9
762000004165000076200000780f20007620
10ed00008f2d000010d760008000000010ed
c2f8cfbccc15093ecc15095d4f90d9e4c2f9
2d35edb2fefa291cfefa291cecb1c7572d36
7c8f000031e000007c8f00006efa40007c8f
037f27af1e9fa0d21e9fa0d200000000037f
646d93b955e54b5f646d93b97ad4cb17646e
eb250000c1f00000eb2500006d9ab000eb25
f6957bc4badf6afaf6957bc472027547f695
e29a00000a480000e29a0000ad70a000e29a
fde00000b7d90000fde00000763de000fde0
5c8785f0b87a334c5c8785f0d58473f45c88
0972836d293b6aa8293b6aa8000000000973
24d1e71dd644fd2ed644fd2ebba1848924d2
f9510000a2e30000f95100005cb95300f951
4cd40000fe4f0000fe4f0000ff8000004cd4
dfed8729a4f46f27dfed87294562cbf5dfee
81220000f9d50000f9d500003b86ca008122
a3e100006eb800006eb80000d321b800a3e1
97361b9ea90bebaaa90bebaa00c711469736
130f0000df400000df400000b2d68000130f
d9fc0000218d0000d9fc0000bc0acc00d9fc
f0d3e32c8afd6d6ef0d3e32c3c51c215f0d4
cd6d0000ee280000ee2800007c1b8800cd6d
50810000a0ec000050810000b1edd8005081
8d320000cc7d0000cc7d00001a2fea008d32
e38575a0545b1982e38575a0f86471d8e385
7932e82c2806db357932e82c61bc7d717933
d73200005aa300005aa19c00f262ac00d732
f4aa0000cf7a0000f4aa00007f800000f4aa
8e31000033a2000033a20000826004008e31
313d0000d8750000d8750000ca34e100313d
789100008cfc000078910000c60ebc007891
270b00009d580000270afff284ea9000270b
e97b5d7dc82b6ef1e97b5d7d72285461e97b
c96a000074a3000074a30000fe94fe00c96a
a5e700008b240000a5e7000000000000a5e7
46050000f0970000f0970000f71ce6004605
649f000047030000649f00006c22ba00649f
400a0000d0660000d0660000d0f7f800400a
6b58000076860000768600027f8000006b58
b35500005702000057020000cad85400b355
e9850000e6ab0000e987ac007f800000e985
4771aaf4828c824f4771aaf48a84a4814772
7e80d5d889a0ed777e80d5d8c8a1fa527e81
5a2d00001cf900005a2d000037a845005a2d
b38530450b75249bb3853045801fe28fb385
976a0000f2f50000f2f500004adff200976a
7b07000052ea00007b0700007f8000007b07
779f00009da30000779f0000d5ca7a00779f
b752000020310000b752000098113200b752
46ac6cac9902ad3f46ac6caca03007be46ac
55ea000063dd000063dd00007a4a020055ea
de170000820e0000de17000020a78400de17
bfe00000d5930000d59300005600a000bfe0
f90539c6ee9ed3d3f90539cb7f800000f905
d2a1a1f9500c4ae3d29d3fa2e33127b9d2a2
bb7bed6bdde441b8dde441b859e0a020bb7c
fc1a03a326035c1afc1a03a3e29e0e8bfc1a
84d000005ef100005ef10000a443d00084d0
a31b000001260000a31b000080000000a31b
1d2200006287000062870000402adc001d22
8430000072e2000072e20000b79b60008430
a8ff00005245000052450000bbc43b00a8ff
75e90000c824000075e90000fe95440075e9
7d600000f05e00007d600000ff8000007d60
39b500001896000039b5000012d41c0039b5
77670000d17e000077670000ff8000007767
e4990000fe350000fe3500007f800000e499
4e6200005d0300005d0300006be74c004e62
51d4000070a7000070a700007f80000051d4
f2434e661b372578f2434e66ce0bb9a1f243
3c8d00006d2900006d2900006a3a2a003c8d
525100005798000057981a206a7830005251
42b9000023c7000042b90000270fcf0042b9
50b900008036000050b90000911c180050b9
1b6dd1e3bb1feb2fbb1feb2f97148fd71b6e
2f60832a03084c852f60832a000000002f61
933391f2e4e5305be4e5305b38a0c3799334
a4fb00009b1a0000a4fb00130096fe00a4fb
665ac49a806f9f88665ac49aa73ec726665b
fc39000011c40000fc390000ce8da400fc39
7ffe00001fb000007fc000007fc000007fc0
983b0000a70f0000a70f000000343a80983b
914c5dab576879fc576879fca9399644914c
d8fd000081860000d8fd00001b046e00d8fd
9bcc150fff21cf53ff21cf535b80fe869bcc
f94500005f670000f9450000ff800000f945
886c75674a70918b4a70918b935e347f886c
b3fe01668830a9f7b3fe01660000af4ab3fe
967100003fb600003fb6000096ab56009671
700f0000aea30000700f0000df361a00700f
7c3d00005c7700007c3d00007f8000007c3d
adb00000e0bd0000e0bd00004f01f000adb0
e8c50000cfe40000e8c50000792f7400e8c5
78c4454fcd7b83ea78c4454fff80000078c4
842900000b0d00000b0cfd5c800000008429
af500000727f0000727f0000e24f3000af50
f0bd000096320000f0bd000047836a00f0bd
46220000540c0000540c00005ab130004622
fde900008e5f0000fde900004ccaf700fde9
22296608b1fb3c38b1fb3c3894a63ee32229
f1d61e4a6e324d87f1d4b9afff800000f1d6
9d5e0000dbc00000dbc0000039a680009d5e
62860000bc01000062860000df070c006286
e3f700008c2e0000e3f7000030a7e200e3f7
303b000029470000303b031c1a115d00303b
8eb60000033700008eb5ffff800000008eb6
52880eb6f53c3794f53c3794ff8000005288
34eb00008b8e000034eb000081025a0034eb
5b123860eb7393b4eb7393b4ff8000005b12
7ba907c88bcebe9a7ba907c8c808821c7ba9
f3746d071769abccf3746d07cb5f1b43f374
9d4be8f28692fbdc9d4be8f2000000009d4c
5b72000080b200005b7200009ca844005b72
b09800004eeb00004eeb0000c00b8800b098
38f8000065b8000065b800005f32400038f8
4b4f9ac03825516a4b4f9ac0440610c44b50
f6c30583c168a8fcf6c3058378b13dbaf6c3
7b10886622af1fbc7b1088665e45be517b11
1be3b34cd4a480dfd4a480dfb112517d1be4
751a0000dba00000751a0000ff800000751a
a03100008fcc0000a031000000000000a031
8dc90000b17e0000b17e00000031db808dc9
db04000054650000db03fc6cefec2800db04
91bff168dd5811badd5811ba2fa200fa91c0
f0c80000f7e70000f7e703207f800000f0c8
b6400000a9e20000b640000020a98000b640
08330000db4c0000db4c0000a40ea4000833
04aaccc251a0071851a0071816d5896a04ab
671800008b62000067180000b30630006718
9de00000ed230000ed2300004b8ea0009de0
56c0000040db000056c000005824400056c0
fc7a0000d4090000fc7a00007f800000fc7a
0930c5624dcad4184dcad418178c0e330931
ef16f6b419405178ef16f6b4c8e2d224ef17
51b700002474000051b7000036ae6c0051b7
7f7e000096c900007f7e0000d6c76e007f7e
05ee00002ea400002ea400000000000105ee
73f300007110000073f780007f80000073f3
70bc0000b09f000070bc0000e1e9880070bc
f7d30654ab288c32f7d30654638aefb8f7d3
ac840000ab110000ac96200018158800ac84
8bee35b7ddaecb16ddaecb162a22a57b8bee
7ab60000a9f300007ab60000e52cc2007ab6
c2000000bc040000c20008403e840000c200
f2d1cd8de3abb6d0f2d1cd8d7f800000f2d2
cccd00001d150000cccd0000aa6ea200cccd
afb000002ff300002f060000a0271000afb0
7fa5000052de00007fc000007fc000007fc0
bd540000ab450000bd54000029232400bd54
20fb00005e4100005e4100003fbd3b0020fb
235900008ac8000023590000800000002359
4d8300004d5c00004df100005b6128004d83
17ce2489746c61d9746c61d94cbe587917ce
ee554a54dcd7c0ebee554a547f800000ee55
f6b20000d7e10000f6b200007f800000f6b2
ac9b4abf1d47254fac9b4abf8a719b78ac9b
4a9100000c6700004a9100001782d7004a91
7e240000d85500007e240000ff8000007e24
cd97000094be0000cd97000022e02400cd97
8862000080ac000088620158000000008862
dbed000045630000dbed0000e1d22700dbed
b11700004a3000004a300000bbcfa000b117
4178d7c14c4865994c48659d4e42cb514179
2dbb2a335ffd50695ffd50694e39337e2dbb
c43484569951d4d8c43484561e13f620c435
0e8c5ce33abc77933abc779309ceab8d0e8c
982a0000be270000be27000016ddcc00982a
8a3700005ec700005ec70000a98e41008a37
808c6b35ea2ac9d7ea2ac9d72b3b5bcf808c
8d151056f5b31c2ff5b31c2f435095ab8d15
321c0000cfb30000cfb30000c25a2800321c
6b11ac431f11ee906b11ac434aa614a46b12
798eeb98ebc35ed3798eeb98ff800000798f
f9950000b74c0000f9950000716d7800f995
c4c50000f3d40000f3d4000079232400c4c5
2f640000049b00002f640000000000012f64
1e3556189b590fee1e31f1d8800004ce1e35
2231000054530000545300003711e3002231
5ce00000b80600005ce00000d56a80005ce0
3c690000b24900003c68fff3af36f1003c69
7e110000789400007e1112807f8000007e11
709d0bb293c109db709d0bb2c4ecd7ba709d
a00e000096260000a00e000a0000000ca00e
9d52f33855be22a255be22a2b39cad0d9d53
51360000f4970000f4970000ff8000005136
afeb0000965c0000afeb000006c9f400afeb
bc3400002f6c0000bc340000ac25f000bc34
6d880000511900006d8800007f2290006d88
a088db99630c23fe630c23fec415d6aba089
338a00009b010000338a00008f0b1400338a
996a000022ac000022abffe380009d38996a
40030000aa42000040030000aac68c004003
d68a00007c0600007c060000ff800000d68a
92a200007652000076520000c984e40092a2
7adc0000e5c300007adc0000ff8000007adc
63a5de56f5a921d6f5a921d6ff80000063a6
194cfd8341de0eca41de0eca1bb1cfaf194d
8f6e0000fc8a0000fc8a00004c804c008f6e
85bb54ca309092d2309092d28000000d85bb
66080000b238000066080000d8c380006608
d2760000f63b0000f63b00007f800000d276
6ab300004f8a00006ab300007ac0fc006ab3
708b000031da0000708b000062ecbc00708b
0990000040de000040de00000af9c0000990
71fe0000a053000071fe0000d2d15a0071fe
7bd80000f12a00007bd7fffbff8000007bd8
b0f8d4faa380d5cdb0f8d4fa14fa749bb0f9
0fbbfe6aac1d71a6ac1d71a68000739e0fbc
8a740000da280000da280000252020008a74
480cb4c429d8e9d9480cb4c4326e721a480d
0b3700000ccf00000ce5e000000000000b37
827c0000cf670000cf67000012636400827c
a16ba9f1981ffa36a16baa190000049aa16c
be770000b0fa0000be7700002ff13600be77
5c2b00008abc00005c2b0000a77b28005c2b
d2680000786c0000786c0000ff800000d268
9d5cba12f85273f1f85273f15635749a9d5d
82bd00009a8400009a8400000000000082bd
683cd2dc5fa6acd6683cd32f7f800000683d
24ef00004ee400004ee400003454dc0024ef
16c4000077690000776900004eb2640016c4
a5070000bb800000bb80000021070000a507
39800000c3d60000c3d5fff8bdd600003980
469b000020730000469b000027932100469b
cabb000017c30000cabb0000a30e7100cabb
1e0500002a2300002a23000108a95e001e05
81f8afda949f5c20949f5c200000000081f9
a98cc08b1b6a5547a98cc08b8580d6e2a98d
ae0bbb65c119fc86c119fc862fa819aaae0c
b45133575e3088c65e3088c6d3104311b451
3cb628d670ecfd7b70ecfd7b6e28a2033cb6
18040000cf350000cf350000a7baa8001804
dabc000003ef0000dabc00009f2f8400dabc
2d48000061c8000061c800004f9c40002d48
2fdb0000c7bb0000c7bb0000b81ff9002fdb
7ff7000063a200007fc000007fc000007fc0
801500004b7900004b7900008b2368008015
28f0000004bb000028f000000000000028f0
6a56f961e20f6ac66a56f8d2ff8000006a57
43190000cf7d0000cf7cffffd31735004319
f179f9265698ed52f179f926ff800000f17a
c5f97f54d9309e8dd9309e8d5fac2210c5f9
91d60000bd0c0000bd0c00000f6a100091d6
fbc30000b6840000fbc3000072c91800fbc3
7688000053b20000768800007f8000007688
d4f6000088170000d4f600001d911a00d4f6
a2ce0000fee00000fee0000062344000a2ce
b6c02d0116bfaf70b6c02d018e0fe547b6c0
bef900005aae00005aae0000da293e00bef9
582a9579068c3feb582a95791f3ae8ab582b
7fc416a41d9902577fc000007fc000007fc0
7a06412135d7082e7a064121706189fa7a06
665000002e45000066500000552010006650
129441c3a8815827a8815827800025741294
833c407324895f0624895f0680000000833c
7a2bc15b61ea90d57a2bc15b7f8000007a2c
c36f65e39bfe0b95c36f65e31fed91ecc36f
9270b66975ff0e9e75ff0e9ec8efd3719271
b3cb00002fb20000b3ca4e00a40d2600b3cb
6acb0000af4d00006acb0000daa28f006acb
5f63000041bb00005f63000061a5d1005f63
640b9754897d5f87640b9754ae0a28a5640c
f49b6c2a78269ef078256818ff800000f49b
76f00000d5fc000076f00000ff80000076f0
ad0300009fe40000ad0300000d695800ad03
93ba0000eab00000eab000003effc00093ba
3024000068ad000068ad0000595da8003024
21640000e3a50000e3a50000c592f4002164
6f1f454c4d8ee6906f1f454c7d31cfc46f1f
f8c70000fec80000fec80c707f800000f8c7
be8500006cba00006cba0000ebc14400be85
2ebc119fe97baabfe97baabfd8b8e2b72ebc
97e3000029cf000029cf000082378d0097e3
f3af0000b4ed0000f3af000069220300f3af
73100000f73e0000f73d7000ff8000007310
db2100005a400000dae20000f5f18000db21
d5caae4dc6c9715bd5caae4d5d1f7c99d5cb
bf71ec11f1822eb8f1822eb871760c0ebf72
1dc20000dfbe0000dfbe0000be0ffc001dc2
78ed000030e2000078ed00006a513a0078ed
5a4b0000194b00005a4b00003420f9005a4b
88cb00009a9900009a9900000000000088cb
87590000a0b40000a0b40000000000008759
a9726b9bc28e2511c28e25112c869acaa972
7b2f000054ee00007b2f00007f8000007b2f
541a25e979554cda79554cda7f800000541a
f51e0000b57d0000f51e00006b1c2600f51e
781b00002a1c0000781b000062bce800781b
c722000020c70000c7220000a87bdc00c722
ddae000033e90000ddae0000d21e5e00ddae
244c0000a6fb0000a6f4a0008bc80400244c
9bf40000582b0000582b0000b4a2fc009bf4
8c9a0ecffc674074fc674074498b2a268c9a
c0d6000039a20000c0d5fd78bb076c00c0d6
0c24fb5cb2bde250b2bde250801e97db0c25
6cc500009b0a00006cc50000c85464006cc5
abcd0000de6f0000de6f00004abf6300abcd
100c000069970000699700003a252800100c
aa352d59c40fd17bc40fd17b2ecb912caa35
4d060000e55b0000e55b0000f2e544004d06
7a94ef90a00dc39d7a94ef90db24f3807a95
16678d07d1014d7cd1014d7ca7e9e84c1668
b5390000fd560000fd560000731aa600b539
f30c0000a25e0000f30c000055f2d000f30c
437b7ef51c8d3040437b7ef5208ab454437b
51e00000a21a000051e00000b486c00051e0
ffa9eeb36c08bedd7fc000007fc000007fc0
e8f40000b2780000e8f400005bec6000e8f4
c5d6000022850000c5d60000a8de5c00c5d6
1d05000060f8000060f800003e80d8001d05
012b9e004e7693d94e7693d910254cf1012c
8009000017c0000017c00000800000008009
f4680000a8340000f46800005d232000f468
e2da0000f37b0000f37b00007f800000e2da
1bfbf7d28f601fb01bfbf7d2800000001bfc
4d4900007fda00007fc000007fc000004d49
398d0000ad3f0000398d0000a7526600398d
ee080000ad3b0000ee0800005bc6b000ee08
27710000f11b0000f11b0000d911eb002771
93edfea273f02c6473f02c64c85f47fd93ee
a0b59fdacdb8aaafcdb8aaaf2f0303fda0b6
ad690000fd680000fd6800006b532800ad69
22a600006ced00006ced00005019ae0022a6
0e36000046b9000046b90000158386000e36
8528000006bb000006a60000800000008528
4ff40000ca6600004ff3e340dadb38004ff4
6699a8d76e4026986e4027cb7f800000669a
9dc40348aebfb036aebfb0360d12c55e9dc4
36e300009553000036e300008cbb190036e3
d7a5000019070000d7a50000b12e0600d7a5
d495a0d23698ffd9d495a0d2cbb2da0dd496
d6b00000b9f30000d6b0000051271000d6b0
693d0000b24c0000693d0000dc169c00693d
bc389bb14469db944469dadbc128a40cbc39
b0eb0000b0d60000b160800022447200b0eb
21723cb561207df161207df14317dd1d2172
9055000022ba000022ba0000800000009055
40e900005c4b00005c4b00005db8c30040e9
70d60000e4e0000070d5ffffff80000070d6
6e0c0000dfe800006e0c0000ff8000006e0c
f93e000008e80000f93e0000c2ac3000f93e
9a8fb93cb7e55a25b7e55a251300c34f9a90
62760000aa28000062760000cd2170006276
b618000031c90000b6179b80a86eb000b618
88590000a09f0000a09f0000000000008859
a016000055bd000055bd0000b65d7c00a016
0215000037d3000037d30000000007ad0215
f7be23e0a2569854f7be23e05a9f6321f7be
8845289a9e2b64539e2b6453000000008845
c555000032d30000c5550000b8af8f00c555
f5a06484c5bf9183f5a064847bf00c53f5a0
5a3600005de400005de56c0078a218005a36
f99c00009baf0000f99c000055d54800f99c
4c0900009f5e00004c090000abed9c004c09
682c4fb4049b6212682c4fb42d512c89682c
72c61c37892e0fc772c61c37bc86b36372c6
6444c19584dae8d46444c195a9a83fcb6445
dad96fc642c750ecdad96fc6de294a9edad9
1d4d000025c6000025c60066039e8e001d4d
3b60000052030000520300004de540003b60
fafaceb3b61ebfdffafaceb3719b878dfafb
6adb00008bdc00006adb0000b73c34006adb
b4b30000eb1d0000eb1d0000605b8e00b4b3
87be00001a4100001a4100008000000087be
a644e17196ede424a644e1710002dbd1a645
a81800005c3800005c380000c4da8000a818
e25aac80a865e465e25aac804b445f66e25b
2f7e00002f5b00002fec80001f594a002f7e
85b6cd746544b2c26544b2c2ab8c74f285b7
3ec80000c6da0000c6d9ff38c62a50003ec8
5d260000574300005d260c3074fce4005d26
bf920000b9be0000bf920be039d8b800bf92
048900009db500009db50000800000000489
a2f7000097760000a2f7000200000ed6a2f7
c1b59864e4e6d5c3e4e6d5c36723be8cc1b6
f7840000f07a0000f78401f47f800000f784
c9f70000956c0000c9f700001fe3b400c9f7
4934f914b901c4fc4934f914c2b779884935
cac40000e3cf0000e3cf00006f1e7c00cac4
6ee80000834400006ee80000b2b1a0006ee8
26260000a522000025fb00008bd218002626
c4070000cf5d0000cf5d000253e91600c407
fafb0000dd670000fafb00007f800000fafb
5ad30000a22000005ad30000bd83e0005ad3
44130000f6360000f6360000fad104004413
8abb00005b6b00005b6b0000a6aba9008abb
5a37000076600000766000007f8000005a37
dd1200006be300006be30000ff800000dd12
98990000ff520000ff520000587b04009899
df0a000072e8000072e80000ff800000df0a
cb5107681911f236cb510768a4ee55eecb51
693c0000ada10000693c0000d76c7800693c
291d0000b5f20000b5f200009f946a00291d
56a80000bd77000056a80000d4a2180056a8
113e0000c3960000c3960000955ea800113e
8c75ad9967580ba767580ba7b44f55a88c76
a0064c2f02187720a0064c2f80000000a006
5396000087270000539600009b43b4005396
30a80fbc9512b50430a80fbc86409f9e30a8
404e0000d6280000d6280000d7073000404e
0bdd0000237c0000237c0000000000000bdd
803f000048b3000048b3000089303400803f
3824000063070000630700005bacf8003824
31610000a56e00003160ffff97512e003161
49db0000c1af000049daff51cc15b50049db
246a000068ee000068ee00004dd98c00246a
ecc90000e7f20000ecc93c807f800000ecc9
e88e0000a9cc0000e88e000052e25000e88e
a88800002c7700002c75f00095833800a888
d4a100003c170000d4a10000d13dee00d4a1
096e00001bda00001bda000000000000096e
a48b000092540000a48b00000000001da48b
9fa9066f1eb9dfc99f751cfa800f572d9fa9
9338000093ce000094150000000000009338
879dc1230d937c130d93723780000000879e
04960000a85a0000a85a0000800000000496
a57a039be8249857e82498574e20bf16a57a
bdf3ca610e74737abdf3ca618ce8caddbdf4
05026679b1d2ce58b1d2ce588000001b0502
d121862c92983d97d121862c24401d0dd122
758f21db328077e6758f21db688fa7ee758f
4a7fd4097330462f7330462f7e3027e94a80
f5fa0000ead50000f5fa00037f800000f5fa
3f490000aac500003f490000aa9aad003f49
90430000b8e00000b8e0000009aaa0009043
72ed0000ca3d000072ed0000fdaef90072ed
631000005399000063100000772c20006310
a1488ee8207c363aa109815a82459728a149
411b0000da950000da950000dc346e00411b
3cf8b1a2c0b44aaac0b351f8be2f256e3cf9
1f150000b9bc0000b9bc0000995ad8001f15
a0a1000076df000076df0000d80c3f00a0a1
b5b000007045000070450000e6877000b5b0
bf3038798470653abf30387904257aa0bf30
27190000dcac0000dcac0000c44d98002719
cdb9bb8ec5d82617cdb9bc66541cd1e2cdba
b96eea5a8359e4cab96eea5a000196b4b96f
6fe20000405500006fe2000070bc0a006fe2
5537000044900000553700005a4de0005537
c483000013630000c483000098685200c483
f2240000ebe90000f22407487f800000f224
fe78b0dd8b2b9208fe78b0dd4a26ac00fe79
40bc0000ea480000ea480000eb92e00040bc
a2ab00002caf00002caefff58fe9ca00a2ab
390a000053a3000053a300004d2fbc00390a
b5d600004bab00004bab0000c20ef200b5d6
4a4700008a5c00004a470000952b04004a47
e08c0000b1380000e08c000052494000e08c
3135000011e1000031350000039f15003135
b84e0000b11b0000b84e026c29f97400b84e
ddae4b5111ed69efddae4b51b021a3daddae
58bc000063c3000063c300037d0f340058bc
a502000087270000a502000000000000a502
3fc4000048c2000048c20031491488003fc4
2b8e0000225500002b8e001b0e6c4c002b8e
c25100005322000053220000d6044200c251
d2562c852eef659cd2562c85c1c84892d256
73da0000d0ce000073da0000ff80000073da
dea20000037f0000dea20000a2a15e00dea2
fbe50000da410000fbe500007f800000fbe5
e42e00007428000074280000ff800000e42e
cc150000dee20000dee200006b838a00cc15
6f0a8b44b1273b0f6f0a8b44e0b5019f6f0b
6d1c000097c100006d1c0000c56b38006d1c
12473af8d0fda502d0fda502a3c565b21247
55cf0000f52f0000f52f0000ff80000055cf
aedc0000559d0000559d0000c506ec00aedc
86f342bfda0dbf8fda0dbf8f2186b1ca86f3
dd4ff4523198042bdd4ff452cf76f8e7dd50
053c000009d9000009d95e0000000000053c
6d0b0000a38200006d0b0000d10d2c006d0b
3a640000e3800000e3800000de6400003a64
30d400008c1a000030d400008001fe2030d4
1a6a000000d700001a6a0000000000001a6a
c3540000d6190000d619000059fd6800c354
3cef00008cb500003cef00008a28fb003cef
11c90000383d0000383d00000a94650011c9
bb1a000081170000bb1a00000000b5acbb1a
f74c66e2187de79ef74c66e2d04aba9cf74c
1f4aec1df7514f09f7514f09d725e96a1f4b
7332a737e382072e7332a737ff8000007333
73773dcdcccebb3473773dcdff8000007377
da6c00001c090000da6c0000b6fc9800da6c
a471876ae0ba729ce0ba729c45afe884a472
f3877fb66c9c3f83f3877d45ff800000f387
339421786234b3b46234b3b456511f083394
b4bfab2cb9b3731cb9b3a3072f065adfb4c0
36f100007e6700007e67000075d9770036f1
d062000098e80000d062000029ccd000d062
d360000066f5000066f50000fad66000d360
70eb0000373c000070eb000068ac940070eb
b4f9000027dd0000b4f900009d56f500b4f9
22c95a1971eb94bb71eb94bb55394ab022c9
83166354f89aac27f89aac273c35b9c48316
f744000027760000f7440000df3c5800f744
0a5006c688ad79390a3a579f800000000a50
eefe0000ff160000ff1600007f800000eefe
6a40000038e800006a40000063ae00006a40
838b0000ca2a0000ca2a00000e389c00838b
96ee96f7809eea1196ee96f70000000096ef
73ac00004f3b000073ac00007f80000073ac
7221000071700000725d00007f8000007221
97580000305b0000305b00008838c8009758
fcc300004d7a0000fcc30000ff800000fcc3
c471000000b10000c471000085a6a100c471
2aed00009e0800002aed0000897bd0002aed
082c0000d9a90000d9a90000a2631800082c
a9b700005735000057350000c1816300a9b7
56740000420b00005674000059047c005674
22678de0d1aeef94d1aeef94b49e3b222268
c3a10000bc6f0000c3a101de40964f00c3a1
bc33000038540000bc322c00b5143c00bc33
ddfa177b10732d6eddfa177baeed90abddfa
96fd000007ff000096fd00008000000096fd
00d60000f7890000f7890000b8e50c0000d6
542500005d6900005d69002972162d005425
09d40000d26a0000d26a00009cc1c80009d4
2d730000201100002d7300000e09a3002d73
8fb88c0ac85624eac85624ea189a5fad8fb9
43440000f0550000f0550000f42314004344
c2f86c81d552271cd552271c58cbeef6c2f8
a6bb0000f8e80000f8e8000060297800a6bb
0cec0000201c0000201c0000000000000cec
c6073a27c5642cdbc640455e4bf10ef9c607
34369b812c0a26f134369c0b20c517353437
32ae000082b5000032ae00008000000432ae
b901000068d7000068d70000e258ae00b901
4ddee1d6068d7c104ddee1d614f65ccc4ddf
318f7db3c0478ae5c0478ae5b25fb121318f
bd6a000011600000bd6a00008f4cc000bd6a
25780000fa120000fa120000e00d70002578
84649874b4caa513b4caa513000002d48465
f09e92d7727f7d76726bab1bff800000f09f
31255a701cce246331255a700e8526473125
e83900004def0000e8390000f6acb700e839
45b661b9f0a7ba1ef0a7ba1ef6eefcb045b6
a895b7f96355355863553558cc796289a896
6e4f0000c9b300006e4f0000f890bd006e4f
78df0000d2de000078df0000ff80000078df
ce7927dc2de4762ece7927dcbcde5a85ce79
9b0158e85ea82e185ea82e18ba29f3459b01
8fa300004ddc00004ddc00009e0c14008fa3
0a6e64259ae162149ae16214800000000a6e
19ad00009e3d00009e3ca9808000008019ad
2eda000031fc000031ff6800215698002eda
490a000087c90000490a00009158b400490a
39a0b5dba64562bc39a0b5dba077d3da39a1
99df000062e6000062e60000bd485a0099df
ba45ae1de2604582e26045825d2d2e06ba46
a46c0000e1b40000e1b4000046a5f000a46c
96ad0000bb190000bb190000124eca0096ad
263eecd539c8ee7439c8ee742095dadd263f
88b300008d9400008d942cc00000000088b3
54cc4b88aded27b954cc4b88c33d41a054cc
046d0000c1710000c1710000865f1d00046d
7333cac06b71b67c7333cbb27f8000007334
c5d600009e8a0000c5d6000024e6b800c5d6
8d91b0c97471a48d7471a48dc28985138d92
649a000067fe0000680034007f800000649a
ed8b25550bdf0f2fed8b2555b9f27b8ced8b
37bf1a5d949c405a37bf1a5d8ce9483537bf
f62500001d350000f6250000d3e95200f625
fdb90000b5e10000fdb9000074229900fdb9
33b700006d9f00006d9f000061e3520033b7
3cb40000003f00003cb40000000162603cb4
b2b10000c6510000c651000039908100b2b1
cccd00005042000050406600dd9b5a00cccd
47f900009742000047f900009fbcb20047f9
9a4300001a47000017800000800000019a43
f7af0000e6630000f7af00007f800000f7af
3f3234de955d6e503f3234de951a246e3f32
66dc5ed62bb61c5f66dc5ed6531cc3d866dc
c5a90000386f0000c5a90000be9dc700c5a9
b7b19e9ed046a9d1d046a9d14889d681b7b2
197f5ddffa6d8972fa6d8972d46cf302197f
7a6e0000b74700007a6e0000f23902007a6e
32a7b412eb380aa2eb380aa2de7120c832a8
85600a80215dce2f215dce2f800000008560
3d92000068550000685500006672f4003d92
10560000c0b70000c0b700009198fa001056
25ca0000bbfd0000bbfd0000a247a20025ca
e0790000c0780000e079000061713800e079
d722628e9e8de269d722628e3633ffccd722
390500007e9c00007e9c0000782218003905
b0940000a1820000b094000012965000b094
b7500000f2860000f28600006a59c000b750
03a95abe9ade47119ade47118000000003a9
23b71f93514b9f18514b9f183591a7d723b7
63c00000d6bd000063c00000fb0dc00063c0
2c1d00004c3f00004c3f000038ea46002c1d
dd0a54f980c6b854dd0a54f91e56c2a6dd0a
c8c20000c2d20000c8c20d204c1f2400c8c2
19dc00007d3300007d3300005799d40019dc
af960000cb380000cb3800003b57a000af96
812f0000240800002408000080000000812f
7d5500000e6000007d5500004c3a60007d55
365c00001ab90000365c0000119efc00365c
a1e20000295300002952fe3c8bba4600a1e2
270e0000618a0000618a000049191800270e
02d400002c2600002c2600000000000002d4
cec80000f6c40000f6c400007f800000cec8
f875b9568a12304bf875b956430c520ef876
57136c0330857d6e57136c034819beb15713
14188e2228afec2828afec280001a3581419
1b1500004c9c00004c9c0000283598001b15
9cb20000605c0000605c0000bd98f8009cb2
e6a60000b6f30000e6a600005e1d9200e6a6
0982277711b95df611b95e78000000000982
47a6000011b8000047a6000019eea00047a6
48da00000853000048da000011b3ae0048da
95940000766a0000766a0000cc8748009594
24840000d6c90000d6c90000bbcf48002484
5a7d00005e0e00005e0efd00790c56005a7d
922c0000cfcd0000cfcd00002289bc00922c
f8480000882a0000f84800004104d000f848
882d0000159400001594000080000000882d
4923c8cecbb9ebd0cbb4cd8ad56de5f74924
fc65000030ff0000fc650000ede41b00fc65
cb9daf667b65e3bd7b65e3bdff800000cb9e
d60ea1b63d4fffb1d60ea1b6d3e7c670d60f
3a540000e4340000e4340000df1510003a54
7fe1afffd155ce497fc000007fc000007fc0
db0500006c9500006c950000ff800000db05
252800008a7c000025280000800000002528
f4950202de07a74ff49502027f800000f495
ed3d5de1d539a1b3ed3d5de17f800000ed3d
a3710000db580000db5800003f4b5800a371
2b8bf3802c3f7ce02c82bb5018515de22b8c
66660000f6760000f6760000ff8000006666
761f0000f9540000f9518400ff800000761f
83350000183d0000183d0000800000008335
97220000abc70000abc70000037bdc009722
f1ad829ffbf4b0e5fbf4b0f07f800000f1ae
e5c3ea7fa9cadc17e5c3ea7f501b3f77e5c4
3feb0000692d0000692d0000699ecf003feb
b3da80129e40f44cb3da801212a4b090b3db
fcfa000073c00000fcf9ffd0ff800000fcfa
5d33000046b200005d3300006478ec005d33
ba740000d7810000d78100005275e800ba74
f82600006d910000f825fffbff800000f826
f6540000e2910000f65400007f800000f654
0a9cac65f2a15b5af2a15b5abdc580a80a9d
d972000071fc000071fc0000ff800000d972
caad31147c0ff7d17c0ff7d1ff800000caad
74af0000f9fe0000f9fdd440ff80000074af
156d000068ea000068ea00003ed8a200156d
7e6cb2d8f61cca797e6cb23bff8000007e6d
272c0000129c0000272c00000000068d272c
46d0000052cb000052cb00015a24f00046d0
620c9f5eeaa6e1c5eaa6e17fff800000620d
b9a51dfd1daa0a6ab9a51dfd97db5943b9a5
7ae62d8921f5e2937ae62d895d5d154c7ae6
7e630000ea9000007e630000ff8000007e63
2c9284e6541edae5541edae54135d69c2c93
4e6a00005d6a00005d6a00006c55e4004e6a
b2438aa9be37d92cbe37d92d310c6e01b244
66490000ddc900006648ff9cff8000006649
d5b800005fe600005fe5fff4f6255000d5b8
eafb8e0175d658d375d658cfff800000eafc
c66d2c793cbfd7d2c66d2c61c3b1bc21c66d
42b4412644e4570244ef9b144820c74942b4
1ee8000071be000071be0000512c30001ee8
1e89a76747604f9f47604f9f26713a951e8a
cb3e00003b4a0000cb3e0000c715ec00cb3e
cf4e000041430000cf4e0000d11cea00cf4e
58ef0000874d000058ef0000a0bf630058ef
f3330000bed80000f333000072970800f333
ed7700000d350000ed770000bb2ea300ed77
5100000074950000749500007f8000005100
1fae5907136aecbc1fae5907000000001fae
8e8800002113000021130000800000008e88
3950000048bc000048bc00004298c0003950
005f00000cce00000cce000000000000005f
5cd80000fffa00007fc000007fc000005cd8
91c1000086b6000091c100030000000091c1
a68e92376ef59db26ef59db2d608c9c1a68f
b496000013990000b496000088b34c00b496
34a30585b90f1687b90ec504ae363cdb34a3
db8300001e6a0000db830000ba6f7c00db83
de338d6549107173de338d65e7ca9e36de34
bff4000042430000423b6000c2b9dc00bff4
6ea0bd4a0afa40c16ea0bd4a3a1d21836ea1
18d90000bae40000bae400009441440018d9
ccf30000ef750000ef7500007ce88f00ccf3
bdb2ac3da991909ebdb2ac3d27cb30fbbdb3
f96a23fdf7df3317f98305307f800000f96a
f31f000090960000f31f0000443a5400f31f
cbc50000c8490000cbc69200549aad00cbc5
e6c03d8bf87ce8a3f87ce8a37f800000e6c0
eda700004ddf0000eda70000fc117900eda7
ce560a9c8615259fce560a9c14f96743ce56
e50d0000d9480000e50d00017edc5000e50d
1340f732faf6cf40faf6cf40ceba09c21341
e23600004b140000e2360000edd27000e236
761363d46e844e77761364dd7f8000007613
9c9b0000f1c10000f1c100004ee9b6009c9b
0f20000081eb00000f200000800000000f20
56f40000ca4a000056f40000e1c0880056f4
ec67000027f90000ec670000d4e0af00ec67
4b868256bbf8187a4b868256c8025b204b87
e78600004d8b0000e7860000f5918400e786
cd59de331281cfd7cd59de33a05cf3b3cd5a
588f000065e5000065e500007effd600588f
e7041c929d796425e7041c924500b378e704
4c14db72cf0acdffcf087a91dba16c274c15
14130000534e0000534e000027ec94001413
cc1a963b1d261f63cc1a963ba9c8a0bccc1b
a70a0000653b0000653b0000ccc99c00a70a
639a0000f4f60000f4f60000ff800000639a
4121000039570000412100d73b0737004121
dc8f0000a68d0000dc8f0000439d8600dc8f
d85b0000bda50000d85b0000568d2700d85b
7c47d8465c9e3df37c47d8467f8000007c48
0190f7bb5164a8e05164a8e013817c440191
749e000006270000749e00003b4e2400749e
36140000f91e0000f91e0000efb6b0003614
415df7092a9eb2bd415df7092c899971415e
fc775f3f438aae76fc775f3fff800000fc77
17d3000042c1000042c100001b1f130017d3
24270000bbd00000bbd00000a087b0002427
f57100006fde0000f570e440ff800000f571
f9f10000a5100000f9f100005f879000f9f1
ffc000008f2900007fc000007fc000007fc0
b09b0000a13f0000b09b000012674a00b09b
62eff9ae49ecbca762eff9ae6d5deb0462f0
0462000037a5000037a50000000091aa0462
ecdf34f5e25e6dc4ecdf34fc7f800000ecdf
393a4afec2c1a363c2c1a34cbc8ce96f393a
8f1900006d4f00006d4f0000bcf76e008f19
e52d00001fde0000e52d0000c5960600e52d
829d5d0e6da108776da10877b0c5f974829d
1ec000008d7d00001ec00000800000001ec0
bd7c0000b04c0000bd7c00002e48d000bd7c
df8aea3b86a931d1df8aea3b26b79f52df8b
7beb0000538e00007beb00007f8000007beb
c06067e6d9fcb802d9fcb8025add8793c060
aea90135b07c64b9b088c2701fa69fafaea9
185d00008afa0000185d000080000000185d
cdd3b25c0d6d9bf9cdd3b25c9bc47d1acdd4
14e8a34931d1f09b31d1f09b073ec7f514e9
b880000032c80000b87fe700abc80000b880
c8570000a4590000c85700002d363f00c857
176200002037000020370038000000511762
71d8e3c0de78edc571d8e3c0ff80000071d9
4e5a000035bc00004e5a000044a018004e5a
f4a3000051320000f4a30000ff800000f4a3
44080000b59e000044080000ba27e0004408
d0e87b6c2294fee3d0e87b6cb4074ed3d0e8
2b88941713c440cd2b889417003459fa2b89
6315000047990000631500006b321a006315
12d30000da030000da030000ad57f20012d3
86fe00006bc300006bc30000b3417a0086fe
fe1f0000a5360000fe1f000063e21400fe1f
24cdfb66720552b8720552b857568c5524ce
0bff942bbdc36467bdc364678a4312190c00
440200004518000045388000499a60004402
2f6c0000ea7e0000ea7e0000da6a28002f6c
d6dc0000574c000056bc0000eeaf5000d6dc
b5340000b2c40000b53a20002889d000b534
091e3cf5be48b43abe48b43a87f81e0c091e
c8c30000f6af0000f6af00007f800000c8c3
93300000b5d10000b5d10000098fb0009330
847500007577000075770000ba6c63008475
15d9e24c10ef729315da1e290000000015da
1b3900008c4700001b390000800000001b39
d54e0000c7c20000d54e00005d9c1c00d54e
98a90000395e0000395e000092928e0098a9
1cfe0000c6010000c6010000a37ffc001cfe
dbcd0d4abb7982e8dbcd0d4a57c7dac8dbcd
0fd70000b5fc0000b5fc00008653a4000fd7
672a0000bf930000672a0000e7433c00672a
0802eb5dbc1b1c17bc1b1c17849ea5be0803
f83eba371f48f91ef83eba37d815bb14f83f
f7f8000022400000f7f80000daba0000f7f8
029e0000ec520000ec520000af819c00029e
98010000d07e0000d07e000028fffc009801
26b6000067a1000067a100004ee4ec0026b6
d5fa000055550000d58f8000ebd00200d5fa
3ec400009e7b00003ec400009dc02c003ec4
5abd00005c1900005c30a0007761ea005abd
e0c30db6e472eab4e47470cf7f800000e0c3
a6320000fc7e0000fc7e000063309c00a632
e1ef0000f00c0000f00c00007f800000e1ef
885e00000f0700000f06fc8880000000885e
dc61b790dd3c68bedd74d6a27a261f28dc62
ae8a00001b580000ae8a00008a68e000ae8a
5cc9bb920863b0ee5cc9bb9225b36cbf5cca
f9b30000219b0000f9b30000dbd8c200f9b3
1c84127c6299cd2f6299cd2f3f9eb1ce1c84
f3280000e3ee0000f32800007f800000f328
005b0000d1af0000d1af00009278d400005b
cc8a000016000000cc8a0000a30a0000cc8a
04aa3ee97ebf8afb7ebf8afb43fec2b904aa
c33f00008e9a0000c33f00001265cc00c33f
e7aa97f14511a2d4e7aa97f1ed421922e7ab
a49c0000b49e0000b49e000019c09000a49c
ed3b9eb56e0b7f726db92f8aff800000ed3c
a1a700002fb900002fb9000091f15e00a1a7
0d9e000070a7000070a700003ece24000d9e
57c40000be83000057c40000d6c8980057c4
b69500004d9c00004d9c0000c4b59800b695
08a8000044670000446700000d97980008a8
f99b0000f2680000f99b01d07f800000f99b
32240000e3ff0000e3ff0000d6a35c003224
4881000004330000488100000d3466004881
20170000c49c0000c49c0000a53808002017
5cfe00005d0600005d8280007a84f4005cfe
2f6b0000e2360000e2360000d22712002f6b
55ce0000ef5c0000ef5c0000ff80000055ce
0ad70000619d0000619d00002d03db000ad7
0ab40000e5720000e5720000b0aa28000ab4
567900003bcb00005679000052c573005679
6ae8de5819d627b06ae8de584542cdf86ae9
9d8400003704000037040000950820009d84
f26d00006cd80000f26ce500ff800000f26d
d67776d12f0b9b17d67776d1c606f36fd677
759f000003660000759f0000398eda00759f
5c690000ac2000005c690000c911a0005c69
04908a7637456cae37456cae00006f780491
927a000096e7000096e77d0000000000927a
c7180000936b0000c71800001b0b8800c718
6e490000518900006e4900007f8000006e49
d03400008da70000d03400001e6ad800d034
ed5c000040b50000ed5c0000ee9b8c00ed5c
f01800008d930000f01800003e2e9000f018
6016d2a9ca9cc6a76016d2a9eb38bad16017
ee79000034800000ee790000e3790000ee79
e5ce000008d40000e5ce0000af2a9800e5ce
ecb70000469d0000ecb70000f3e07600ecb7
ccef0000a1a30000ccef00002f182d00ccef
11940000f87e0000f87e0000ca92d8001194
6bb90000d6e400006bb90000ff8000006bb9
4b1e000029e700004b1e0000358e92004b1e
7e3fe3436a6ba6e67e3fe3437f8000007e40
748e0000e1420000748e0000ff800000748e
e1b80000a8660000e1b800004aa55000e1b8
dc8100007558000075580000ff800000dc81
048c6d76f750cf14f750cf14bc65150f048c
a0b600006b5900006b590000cc9a4600a0b6
bcba00005981000059810000d6bb7400bcba
8e46baa59873fd749873fd80000000008e47
9c8f000020a7000020a671008002ea489c8f
68ad58269c0c2f6568ad5826c53dd89968ad
513b000040380000513b000052066800513b
75f200005979000075f200007f80000075f2
85e300001cbb00001cbb00008000000085e3
ac80000022470000ac7ffff48f470000ac80
bd2224c911804e85bd2224c98f228840bd22
656e96ff22d7c25b656e96ff48c915f3656f
bf33000063b5000063b50000e37d1e00bf33
0de900001ddd00001ddd0000000000000de9
03550000affe0000affe0000800000000355
dced6a369465a688dced6a3631d4fa73dced
62890000ec8b0000ec8afff7ff8000006289
fdba0000808b0000fdba00003ec9fc00fdba
e6b0000097fc0000e6b000003f2d4000e6b0
d34e00009aaa0000d34e00002e88cc00d34e
b6a80000e5230000e52300005c55f000b6a8
0bd700006dff00006dff00003a5629000bd7
fea6af2fec93c620fea6af2f7f800000fea7
c27d967e999bc993c27d967e1c9a51cbc27e
0bef0000001500000bef0000000000000bef
4bf80000973b00004bf80000a3b528004bf8
95a90000e0900000e090000036be200095a9
acf900000adb0000acf900008000006bacf9
987c35f9c8ac878bc8ac878b21a9f9cd987c
ad5749ada485e5a8ad5749f0126134d2ad57
47d000009d67000047d00000a5bbb00047d0
be0d0000bb6f0000be10bc003a03a300be0d
2b2300003e2e00003e2e000029dd94002b23
a5ce3802f85b2dbef85b2dbe5eb08ec3a5ce
f60f0000c3af0000f60f00007a438200f60f
c3470000edcb0000edcb0000719dcd00c347
79e000002ec1000079e000006928e00079e0
fc310000d3730000fc3100007f800000fc31
c01200009c980000c01200001d2d6000c012
5df10000f2a60000f2a60000ff8000005df1
ad7600004f1600004f160000bd102400ad76
65c8f62f874fea7265c8f62fada3371b65c9
c7390000f1040000f104000078bec800c739
1763000033f5000033f500000bd93f001763
85360000d11e0000d11e000016e0a8008536
722469b8d5e040ab722469b8ff8000007224
f4f300002b9d0000f4f30000e1150700f4f3
8765119ed05a6b2fd05a6b2f184370e98765
6c140000287500006c140000550da4006c14
5c30c5c0cbb0510e5c30c5c0e8737fd85c31
c5dc00000ef90000c5dc00009555fc00c5dc
bbb70000b78f0000bbb78f0033cc7200bbb7
a14700007b8a00007b8a0000dd568c00a147
31b15953d9e889eed9e889eecc21188131b1
be670000606a0000606a0000df532600be67
01313712ae5bf176ae5bf176800000000131
f08d0000d58a0000f08d00007f800000f08d
b491ba7534832429b2e964c0a9954dffb492
4a760000256f00004a7600003065aa004a76
c1961070fdb16689fdb166897f800000c196
c2e6000086970000c2e600000a07aa00c2e6
295900005e8800005e880000486690002959
33e95bc8aae022a233e95b909f4c4fe133e9
a75cce30140cf90da75cce3080003ccca75d
736e83532f81386a736e83536370c979736f
e4f60000c5e90000e4f600006b5fe600e4f6
b92fb5369b735aaeb92fb5361527073fb930
5b02000052ef00005b0200786e72bc005b02
0dbbc27b6cda85b26cda85b23b2045ab0dbc
852b497cc78eed66c78eed660d3f4334852b
78fe0000dbe2000078fe0000ff80000078fe
0fc10000ad900000ad900000800364800fc1
0a8a860f76aabbb076aabbb041b8c52a0a8b
977b0000575c0000575c0000af57b400977b
6fc000008fe600006fc00000c02c80006fc0
00b2000034fa000034fa00000000000500b2
49320000285e000049320000321a5c004932
9beba91357a5b5bf57a5b5bfb4188b489bec
bfde8fac474dba4e474db891c7b2db05bfdf
f078000081df0000f078000032d80800f078
db2e0000ae000000db2e000049ae0000db2e
830200006d5700006d570000b0da5c008302
21040000cfac0000cfac0000b13160002104
6cd000009ed600006cd00000cc2de0006cd0
2d590000fe1d0000fe1d0000ec0515002d59
671100001b75000067110000430ac5006711
01580000673e0000673e0000292050000158
f34300002c0f0000f3430000dfd9da00f343
72e800001c92000072e800005004500072e8
03e100008788000087871f008000000003e1
a060000098640000a06000e40000018fa060
c7a0000098550000c7a0000020852000c7a0
ea5a0000a8b60000ea5a0000539afc00ea5a
431b00004381000043ce8000471c3600431b
e88594e3f9d0d805f9d0d8057f800000e886
1e850000cfaf0000cfaf0000aeb5d6001e85
f01f00008caa0000f01f00003d532c00f01f
62ed0000ddaf000062ecd440ff80000062ed
a9ac000015680000a9ac00008026f800a9ac
92890000b0470000b04700000354fe009289
97dd00003bc800003bc80000942ca80097dd
42a734f89d3a746042a734f8a07390fe42a7
27e06bcd1b49160b27e06bcd03b047f727e0
a0f500003cfd00003cfd00009e722100a0f5
e9070000e3440000e9070c407f800000e907
c56f0000875a0000c56f00000d4b8600c56f
725800000fde00007258000042bb50007258
48340000fe2d0000fe2d0000ff8000004834
84650000372700003727000080004ab28465
a00d5506e2e42479e2e42479437be7b8a00d
9a730000848d00009a730000000000009a73
1872c864a1050abaa1050a7d800003f11873
1c1f0000ceea0000ceea0000ab9156001c1f
d2320000a5b00000d23200003874c000d232
e2214c78bbb0d51ce2214c785e5ed5b2e221
353c00007a8a00007a8a0000704ab000353c
dfb300008b210000dfb300002b612600dfb3
ce780000569800005697ff84e5934000ce78
239f00008b640000239f000080000000239f
554c0000b09f0000554c0000c67d6800554c
22df876936705bda36705bda19d1df2622e0
17396cc2dd8cc491dd8cc491b54bebb51739
aa4c70e3c3abd6b7c3abd6b72e893ae0aa4c
c95bb2230198a372c95bb2238b82fe09c95c
dca6af153d725cabdca6af15da9dcdd8dca7
5e448d24fdb2940cfdb2940cff8000005e45
1f15736412aa95711f157364000000001f15
9224a015c92b87bdc92b87bd1bdc9c709225
92fd0000341d0000341d0000879b290092fd
df66000078e3000078e30000ff800000df66
1b19acee530a4c35530a4c352ea609ef1b1a
211da90cc6c9117bc6c9117ba877a8fd211e
03fcc0238b37501b8b374e218000000003fd
6e730000838800006e730000b28118006e73
ac370000885b0000ac37000000000001ac37
69ac0000699c00006a2400007f80000069ac
0a6b00007ba800007ba80000469a38000a6b
9ac349f8963071ab9ac3a231000000009ac3
0cc100002ef500002ef5000000005c5a0cc1
9ea3000094fd00009ea30010000000009ea3
37bc39c5f28b5725f28b5725eacce6e237bc
08e80000a7bd0000a7bd00008000000008e8
d4f400008f1c0000d4f400002494b000d4f4
03a03ce96feb87d06feb87d034136cec03a0
b4b10000a4d50000b4b100001a134500b4b1
f9bb30b8e21756adf9bb30b87f800000f9bb
fba30000cf020000fba300007f800000fba3
3ba500003fdb00003fdba5003c0d27003ba5
35170000425900004259000037fffe003517
2c3d473328fc88862c3f404415bab7072c3d
7070ad5f68da5d567070af147f8000007071
a4eac6a89ea19097a4ead0c104142b8aa4eb
c8a600007798000077980000ff800000c8a6
677c000088390000677c0000b0361c00677c
30160000835c000030160000800000003016
f95300001e7d0000f9530000d8508700f953
66540000f4820000f4820000ff8000006654
407f0000df6a0000df6a0000e0691600407f
cf9f107492bd2cfbcf9f107422eb1631cf9f
ded2a4a88f3bdd3dded2a4a82e9a9451ded3
4077000035c900004077000636c1ef004077
94da98ccca02fd15ca02fd151f5fb36594db
d5650000d2e30000d56c180068cb0f00d565
da78d86ba4e5fee4da78d86b3fdf915cda79
23d0000013d2000023d000000000005523d0
e18200006f3100006f310000ff800000e182
fad9000098d40000fad900005433b400fad9
03ee00006ef000006ef00000335f200003ee
528d0000a3a70000528d0000b6b7f600528d
e2210000ab8c0000e22100004e301800e221
eb5d0000c5960000eb5d000071817e00eb5d
48db81cd2e6b121a48db81cd37c98fad48dc
ec1491b3873ce868ec1491b333db43c0ec15
29a100003cf300003cf300002718d30029a1
9ff09a8c811c66be9ff09a8c000000009ff1
b15f000096d00000b15f000008b53000b15f
aaa800006c4500006c450000d7814800aaa8
2a8281d203b0453f2a8281d2000000002a83
8522ba5f9c4507e39c4507e3000000008523
e55b19462c8626b5e55b1946d265a0b7e55b
b7010000fcfe0000fcfe0000747ffc00b701
7cc4000069b600007cc400007f8000007cc4
e8f80000744c0000744bfffeff800000e8f8
131658fcfcf0ce5ffcf0ce5fd08d6ca01316
d53f00001e020000d53f0000b3c1fc00d53f
ff2a0000728b0000ff2a0000ff800000ff2a
d9cd000067d2000067d20000ff800000d9cd
8c887b6b90e8fa4490e982bf000000008c88
267e000009670000267e000000000000267e
ddf0298ccb3a5d88ddf0298c69aed5eeddf0
22b9000052fe000052fe000036378e0022b9
fc040000c7ed0000fc0400007f800000fc04
619100006cc800006cc800027f8000006191
8cfc49a39dc769c29dc769c2000000008cfc
21778c49884adac221778c49800000002178
9f2c8ef00f0ac5e99f2c8ef0800000009f2d
a08355140bb728a2a083551480000000a083
908e000004b10000908dffff80000000908e
78870000698e0000788700007f8000007887
0cd600009a7400009a740000800000000cd6
3c190000cdc80000cdc80000ca6f10003c19
922f0000c1f70000c1f7000014a8d900922f
d3990000b81d0000d39900004c3baa00d399
e10f0000e3150000e31df0007f800000e10f
42d80000c03e000042d21000c3a0500042d8
b884082b6b7ffe606b7ffe60e4840754b884
09400000f27d0000f27d0000bc3dc0000940
e92d75e8e9ca8d49ea10a41e7f800000e92d
978cbcf5d590a388d590a3882d9f0862978d
0d9a00005c6b00005c6b00002a8d5e000d9a
417200002759000041720000294d22004172
018e0000b38a0000b38a000080000002018e
d73a6e80366ded59d73a6e80ce2d4526d73a
a4f5aefbc24670cdc24670cd27be7197a4f6
4a8800006a4100006a410000754d10004a88
f1dfcf1439731fd5f1dfcf14ebd48d64f1e0
ed5e0000bc170000ed5e00006a02f200ed5e
017700006d9600006d9600002f90ba000177
392f7fd10886ef1f392f7fd1023901aa392f
f1910000038b0000f1910000b59d7600f191
3d620000907200003d6200008e55a4003d62
5a030000e2260000e225ff7dfca9e4005a03
1afa00009a8100001a720000800000041afa
386c0000da3a0000da3a0000d32b7800386c
b7d3822196ffd2d2b7d382210f535ccdb7d4
c36f6f2113139550c36f6f21970a0876c36f
7cf10000bccf00007cf10000fa42df007cf1
019693d232294db532294db5000000000197
7f450000ad2900007f450000ed020d007f45
e34200008b480000e34200002f179000e342
b5138153696904b9696904b9df06436db514
7d9ea952a80314f07d9ea952e6227b3e7d9f
ee4f5e53409bc069ee4f5e53ef7c53f0ee4f
b36d0000f8d10000f8d100006cc17d00b36d
050f00000dc000000dc0004800000000050f
5f620000d5b400005f61ffeaf59ee8005f62
daee221923cf5ab5daee2219bf40e1f3daee
bffe00007390000073900000f40ee000bffe
84d60000baaa0000baaa000000470e0084d6
a6300000441f0000441f0000aadaa000a630
7a0100005d6a00007a0100007f8000007a01
240d0000b3ff0000b3ff0000988c7300240d
eb890000cb0b0000eb8900007714c600eb89
634b9ac4e7265e78e72592ddff800000634c
e0700000919a0000e070000032906000e070
8240000042b6000042b60000858880008240
871400008269000087143a40000000008714
560e00002d1f0000560e000043b06400560e
130b0000c7890000c78900009b14c600130b
cce30000d2c40000d2c40e30602dcc00cce3
f5cfc44996630a44f5cfc4494cb84362f5d0
da2a9a61e06c5705e06c61af7b1d804fda2b
aa590000051a0000aa59000080000000aa59
d4e900005cc400005cc3ff17f2326400d4e9
ad2e0000eb9a0000eb9a000059515800ad2e
a8aa69de4beb83894beb8389b51cc6bea8aa
38300000aeab0000382fffeba76b20003830
d32e0000d70b0000d70bae006abcf400d32e
b74e0000c7360000c73600003f127400b74e
157700004ce900004ce9000022e0cf001577
800a50233af2e5883af2e588800004e5800a
a708734f350c084b350c084b9c9546f6a708
027900000771000007713e40000000000279
27cbab2c08fb547727cbab2c0000000027cc
6c0200007de800007de800007f8000006c02
b79e0000cc8d0000cc8d000044ae0c00b79e
9b5c0000341900003419000090037c009b5c
b9490000ac760000b949000026412600b949
b30200000ae90000b302000080076520b302
e7d300002bfb0000e7d30000d44ee100e7d3
e7ab000075b1000075b10000ff800000e7ab
8d4c0000a9b00000a9b00000000000238d4c
da0c4f9b755b0832755b0832ff800000da0c
e1f40000806a0000e1f4000022ca1000e1f4
4a0a000057fc000057fc00006287d8004a0a
4eca00003e7b00004eca00004dc60e004eca
5a1b1e19c60dc49c5a1b1e19e0abcd6b5a1b
88c50000f6520000f65200003fa19a0088c5
73d656000e8b067073d6560042e8cc2c73d6
d87559503ea39336d8755950d79cc4f4d875
955ca8fcb232de40b232de40081a2d11955d
a3a40000a93f0000a93f14800d74b800a3a4
092b8f62cbe54b88cbe54b889599a9e1092c
2f330000980800002f33000087be30002f33
2aba0000fa3b0000fa3b0000e587de002aba
c5a0f32c25087652c5a0f32cab2b9726c5a1
b89200005716000057160000d02b1800b892
d1950000aa2d0000d19500003c496200d195
bb2d0000ab4b0000bb2d000027092f00bb2d
6ead0000974400006ead0000c68474006ead
84c90000f08a0000f08a000035d8b40084c9
85c00000f85c0000f85c00003ea5000085c0
95289113023c08d195289113800000009529
f0230d1652a416a3f0230d16ff800000f023
a0c8a35c653fa228653fa228c69630f8a0c9
f78f000018e90000f78f0000d1022700f78f
e5bc944f59655a8ae5bc944fff800000e5bd
8e8145f0bc1cb384bc1cb3840b1e428a8e81
a088e9112b5f28092b5f28058c6eb0dea089
db4b000040490000db4b0000dc1f6300db4b
085ce6004dd666bf4dd666bf16b900ec085d
d35f00009cb20000d35f0000309b0e00d35f
9fd700008e1c00009fd70000000000009fd7
02e4000084dd000084cec0008000000002e4
0435802e3013843f3013843f000000010436
e2ad000058db0000e2acfff2fc13ff00e2ad
16160000c0890000c089000097208c001616
1b4cb874168d01b81b4cfef5000000001b4d
80d7fb397945420e7945420ebaa66c0d80d8
dc180000998b0000dc18000036251000dc18
8c580000b6ce0000b6ce000003add0008c58
2c9300007a4700007a47000067648a002c93
494e0000cdb80000cdb79900d7941000494e
17480000e0b60000e0b60000b88e30001748
dcd4bbce4727620adcd4bbcee48b17fcdcd5
39cb0000698800006988000063d7b00039cb
225d0000ee280000ee280000d1110800225d
a2ca0000182e0000a2c9fffb80002253a2ca
2d520000dc850000dc850000ca5a34002d52
bf6b286a3bde4027bf696beabbcc27fabf6b
b7236a7f9374ce51b7236a7f0b1c4534b723
1944000010ea000019440075000000001944
3a1f5d27810a23d43a1f5d2780002aff3a1f
515965c2efdbb743efdbb743ff8000005159
d52b000017270000d52b0000acdf1a00d52b
fa9db1e8dd3607adfa9db1e87f800000fa9e
a7cd00005323000053230000bb828700a7cd
82dd00004112000041120000847c140082dd
30560000afd300002fd90000a0b062003056
712803dda7247089712803ddd8d7d8aa7128
4acc000041b500004acc002d4d103c004acc
889000008068000088900068000000008890
f042400f125322b0f042400fc320351ef042
0c69ee39cc925f1ccc925f1c9985c0c50c6a
a4cb000081ba0000a4cb000000000000a4cb
ea30a94b9ceeb8f8ea30a94b47a4bd09ea31
c2333f7ee170a26fe170a26f64287d42c233
fa4100004b660000fa410000ff800000fa41
a88b768ed2f51691d2f516913c0584c1a88b
66a10000ab6d000066a10000d2950d0066a1
af07e68bd9214912d921491248ab3d8faf08
6bbec26b6501b6786bbec6797f8000006bbf
225400007bf800007bf800005ecd60002254
29915f5fe93c621fe93c621fd355f3842991
5ef60000b5fd00005ef60000d5731e005ef6
017d0000530800005308000015066800017d
3b60000051a5000051a500004d9060003b60
c02e00002c3b0000c02e0000acfe3400c02e
312a0000254c0000312a000117077800312a
cbaa0000a45a0000cbaa00003090c400cbaa
f2190433d4dd657ff21904337f800000f219
4c0100001f9200004c0100002c1324004c01
8ff20000859200008ff20009000000008ff2
60640000368a0000606400005775d0006064
c45d00007080000070800000f55d0000c45d
9fe90000ef9f0000ef9f00005010b7009fe9
668d2d7dd8605b5d668d2d7dff777460668d
ff7e0000195b0000ff7e0000d9594a00ff7e
27090000951300002709000080009d562709
b380000013160000b380000087160000b380
0ef76712a51c2a9da51c2a9d800000010ef7
4e576fe75bf8a1365bf8a1366ad13c134e57
e686000043ad0000e6860000eab51c00e686
6b730000ee0f0000ee0b3400ff8000006b73
354300005e4c00005e4c0000541b64003543
f2d80000395e0000f2d80000ecbb5000f2d8
c35b00007cf500007cf50000ff800000c35b
6d6d0000fe240000fe240000ff8000006d6d
86540000008200008653efc0800000008654
acd1ad7e406c5ff5406c5ff5adc19a88acd2
89f7000055000000550000009f77000089f7
59db00002869000059db000042c7530059db
3e300000cf520000cf520000ce1060003e30
27910000219700002791097009ab0e002791
48450000f8d40000f8d40000ff8000004845
63b500003c6f000063b5000060a8fb0063b5
78a1e21873d5036d78a217597f80000078a2
eda100003dd40000eda10000ec055400eda1
1fd30000c7d80000c7d80000a83208001fd3
503800000685000050380000173f30005038
9974000053c3000053c30000adb9dc009974
58168d2f8903fd2a58168d2fa19b3e435817
f80800007eec00007eebfbc0ff800000f808
8a7d0000f1490000f14900003c46a5008a7d
57140000e2eb0000e2eafffffa87dc005714
077ec92588d5451b88b56bf680000000077f
69195b03c374e91a69195b03ed12b6626919
5e3f9694e4154ebde41542c4ff8000005e40
b6610000a1540000b6610000183a5400b661
04830000f1e60000f1e60000b6eb64000483
dd7b0000379b0000dd7b0000d597f900dd7b
770c4a3f0c1156e6770c4a3f439f4b59770c
55b7c31adc539210dc538c52f297dea755b8
af7600004d6900004d690000bd5fe600af76
727164322dae85d37271643260a4904a7271
76f400002658000076f400005dcde00076f4
e9b70000923a0000e9b700003c84f600e9b7
b1170000ee030000ee0300005f9a8a00b117
0639000073b5000073b500003a82cd000639
658d0000ee0d0000ee0cffbaff800000658d
a2260000a1d40000a288000004897800a226
c81d00004e3c00004e3bf630d6e69800c81d
b535000028570000b53500009e180300b535
fadd000033a00000fadd0000ef0a2000fadd
a20f000018850000a20effef80001293a20f
09990000b3b80000b3b8000080036fc00999
cddd000000780000cddd00008ecf3000cddd
dcdf8e9e2cfbe93edcdf8e9eca5bfc84dce0
1c1e000041520000415200001e019c001c1e
80f00000d99d0000d99d00001b13300080f0
c7e400007b8a00007b8a0000ff800000c7e4
198600002ada00002ada000004e438001986
1de500002425000024250728029399001de5
753a00007691000076a840007f800000753a
8910000059d5000059d50000a36fa0008910
d1253fccaf7190f4d1253fcc411beea0d125
89f60000dd930000dd930000280d420089f6
37537a257a6d67787a6d677872441d8e3753
c2be000021070000c2be0000a4486400c2be
2780c79f756e2ae0756e2ae05d6f9e4f2781
915100009d3500009d350001000000009151
1dbf13175788eac75788eac735cc62c01dbf
ab4a000054ee000054ee0000c0bbcc00ab4a
be490000491f0000491efffdc7f9ae00be49
7b3b0000fcf40000fcdca000ff8000007b3b
dc8a0000dcde0000dd34000079ef5800dc8a
87900000276c0000276c0000800000008790
01577fe347ebe5f647ebe5f609c693fa0157
967b0000bfa00000bfa00000169ce000967b
44960000289f0000449600002dba54004496
e8680000ec550000ec55e8007f800000e868
52953db4616dd944616dd944748aa8c95295
b982ab6956606a1456606a14d0651842b983
2413000032a8000032a800001740f0002413
6a749b9e98cd4aae6a749b9ec3c427f96a75
5d6800005ee100005efe00007ccbe8005d68
360515a5740335e2740335e26a886c2d3605
59cd000081c6000059cd00009c1e8e0059cd
5cd1600e7ee2f8167ee2f8167f8000005cd1
875b0000948500009485000000000000875b
c748c07bb117d958c748c07b38ee27f1c749
8f620000a8940000a8940000000000838f62
6e6e67f49cbbb2026e6e67f4cbaecbb56e6e
23d1000033f8000033f80000184a780023d1
5fc08e5e7a5ea3817a5ea3817f8000005fc1
8e28927d7b1782197b178219c9c788258e29
94b7df812ff0709e2ff0709e852cb26c94b8
352600004acc00004acc0000408448003526
7721cffbbf4ffde87721cffbf70377a97722
a6c1193f411a4057411a4057a868b370a6c1
ec1a771bb9f93813ec1a771b66965fafec1a
a175000088990000a175000000000000a175
b88e000049d8000049d80000c2efa000b88e
e06090c6eab4a0abeab4a0b27f800000e061
84d259b21c2910531c2910538000000084d2
eab5202f4b60d212eab5202ff69f10caeab5
dbd9000087570000dbd9000023b63f00dbd9
f48e000072970000f4849000ff800000f48e
d2410000a70c0000d241000039d31800d241
b3d00000e04b0000e04b000054a4f000b3d0
df8600009d370000df8600003d3f9400df86
9550d2aab5ecc999b5ecc9990bc126a79551
83110000e2630000e2630000260093008311
cc86e065fc25670efc25670e7f800000cc87
71c3000061c8000071c300007f80000071c3
c0850000f9720000f97200007a7b7400c085
1f56000062440000624400004223d8001f56
c141b584be22a322c14440113ff6209cc142
496300003ce600004963000046cbf2004963
45be0000dc970000dc970000e2e0240045be
eb4a73df2ac7e8a7eb4a73dfd69e180feb4a
ec813fc31a36aa78ec813fc3c73872cbec81
81b800005e9a00005e9a0000a0dd600081b8
7ae300008e2e00007ae30000c99a4a007ae3
12d10000514400005144000024a0040012d1
edbb922f6bc2a46bedaf67e8ff800000edbc
ef5f00006fdc00006f590000ff800000ef5f
8bc7000051dc000051dc00009e2b04008bc7
8a498f7290ca609190ca66dd000000008a4a
d9565dcff7fb078af7fb078a7f800000d956
e6dd0000f3880000f38800007f800000e6dd
ec3700001ee00000ec370000cba02000ec37
6cd0b3d998c982816cd0b3d9c624479a6cd1
137c0000ac210000ac210000804f3e00137c
d0be0000f1830000f18300007f800000d0be
396f2500233b989e396f25001d2f3e99396f
2a6e0000e6d70000e6d70000d1c7e2002a6e
737c000016540000737c00004a50b000737c
1ca30000104e00001ca30000000000001ca3
0833b45a36d4557036d45570002543550834
44ff00005f1d00005f1d0000649c630044ff
7165000051670000716500007f8000007165
b189e6d22078044db189e6d2928599edb18a
cd1d0000c3270000cd1d000a50ccd600cd1d
427c00003d920000427c4900408fb800427c
234800004d4e00004d4e00003120f0002348
4a750000169d00004a750000219641004a75
9b790000a6a50000a6a5000202a07d009b79
30060000622200006222000052a998003006
a11b945eab9bc33aab9bc33f0d3d52f4a11c
941b0000ab600000ab6000000043d000941b
7fd7000029d500007fc000007fc000007fc0
563e518f4dc774a3563e51f36494481c563e
120d0000157600001578340000000000120d
830e0000fe660000fe66000041ff2800830e
ae8ce2a7ff8cdefb7fc000007fc00000ae8d
91f4a4f798acf1af98acf5820000000091f5
250f0000967c0000250f000080004662250f
eb513fabbdd50e3aeb513fab69ae259aeb51
cbee0000d1940000d1940ee05e099800cbee
b480000043e8000043e80000b8e80000b480
59cf00003585000059cf00004fd7160059cf
d99e0000ef6b0000ef6b00007f800000d99e
c7cf29102a518a38c7cf2910b2a99060c7cf
8c11b445d752c310d752c31023efe9cc8c12
a92e0000517c0000517c0000bb2b4800a92e
8e2d00009a6000009a600001000000008e2d
6d790000316e00006d7900005f677e006d79
661a00005d700000661a003c7f800000661a
acd30000d3430000d343000040a0b900acd3
1a81fd99340ffba8340ffba80f1238e31a82
676b000065110000677410007f800000676b
ea1a0000a5e50000ea1a00005089c200ea1a
5bef1aef527b4aa45bef1b0e6eeab51f5bef
58860000b93e000058860000d246e8005886
7c37b7d04e1d99b27c37b7d07f8000007c38
7ea100006f5300007ea100007f8000007ea1
6cc90000f9810000f9810000ff8000006cc9
9fd4e28bcc23dcfccc23dcfc2c8844039fd5
86eb00008123000086eb14600000000086eb
2bb94ae7f28fcd1ff28fcd1fded02a9d2bb9
b3ad56cd6e17eeb76e17eeb7e24dbfabb3ad
35ad8e821169682535ad8e82079e3d4f35ae
07030000c71a0000c71a00008e9d9c000703
c8c3000017850000c8c30000a0ca9e00c8c3
d5ac1826a70d255cd5ac18263d3dc4d5d5ac
01a306155d30a1fe5d30a1fe1f60f6ae01a3
a53f00002bce00002bcdfa089199b200a53f
b50a000029710000b509ffff9f01ea00b50a
74720000fd780000fd77ffc4ff8000007472
34ee5984a8a255d134ee59839e17248c34ee
6aff00002ac000006aff0000563f40006aff
e8f271957270087d7270085fff800000e8f2
175c00009461000017587c0080000000175c
6c730000338f00006c7300006087bd006c73
c9b900004a16000049660000d458cc00c9b9
182d0000a6350000a6350000800f4a20182d
7c0b00003b6b00007c0b000077ff32007c0b
5f0f0000f6580000f6580000ff8000005f0f
e1850000667b0000667abd80ff800000e185
27f80000f9ba0000f9ba0000e234300027f8
fcf111b344f197fdfcf111b3ff800000fcf1
612c00008d9c0000612c0000af51a000612c
00fa0000895e0000895dff838000000000fa
ffdb0000561200007fc000007fc000007fc0
04c3000064a2000064a2000029f6cc0004c3
ba9e00009d570000ba9e00001884b200ba9e
f93a000017320000f93a0000d1015400f93a
adc200005237000052370000c08aae00adc2
bf0d0000823c0000bf0d000001cf1800bf0d
bc55000048f4000048f40000c5cb0400bc55
423f000041a20000428800004471bc00423f
c4c67bfbc8a5ec18c8a6b2944e00a4f6c4c6
338d0000d3db0000d3db0000c7f13e00338d
efdb00008bfe0000efdb00003c594a00efdb
925c0000ea3c0000ea3c00003d219000925c
2cf1000000ce00002cf10000000000002cf1
a0c50000cc9e0000cc9e00002df32c00a0c5
9c13000073d6000073d60000d075c4009c13
49fd56160e3d99a549fd561618bba09a49fd
f55e0000072d0000f55e0000bd160600f55e
b06d0000aea80000b08100001f9b8800b06d
a3151ee76856915068569150cbf9f8f4a315
f8e3d18c787aefa8f84cb370ff800000f8e4
35d800001a4d000035d8000010acf80035d8
29e70000e19a0000e19a0000cc0af60029e7
a13c00005b3800005b380000bd072000a13c
a2c8287f2e5a68662e5a686491aac41ca2c8
a2f9b4da9cb8de97a2f9c068005a298da2fa
96b53c23fb9211c6fb9211c652ced1c296b5
dadcd9fba80cca21dadcd9fb4372eb2bdadd
dafa000035f30000dafa0000d16d4e00dafa
eec891b434b9825feec891b4e411576feec9
399a4c66798db3f5798db3f573aad117399a
2a950000f37a0000f37a0000de9182002a95
6dac0000cba300006dac0000f9db08006dac
f7671e59c82a55eaf7671e597f800000f767
d3c20000dee00000dee000037329c000d3c2
83230000510300005103000094a6d2008323
67400000aa7b000067400000d23c40006740
51fd0000e7f40000e7f40000fa71240051fd
aa750000b25f0000b25f00f51d556b00aa75
741a20599cc924c3741a2059d1723310741a
e7887d1a53415eb8e7887d1afb4e31a1e788
323eb106a1fb6898323eb10694bb457a323f
b793000004540000b7930000800079bcb793
96470000206f0000206efff4800000179647
050b0000237200002372000000000000050b
a3360000330000003300000096b60000a336
3d970000e9790000e9790000e792df003d97
9d6b00000fd800009d6b0000800000009d6b
bc020000bc5b0000bcae800038de6c00bc02
374800006f8700006f8700006752f0003748
09ba482453a2a22253a2a2221decaf4209ba
e1bd0000e10a0000e20100007f800000e1bd
ec3900007ce800007ce80000ff800000ec39
aecb0000c5290000c529000034860300aecb
b0320000692b0000692b0000d9edcc00b032
913c000050c1000050c10000a28dbc00913c
84b70000db220000db22000020679c0084b7
97eb0000b97f0000b97f000011ea150097eb
8a3d00008cda00008cdfe800000000008a3d
95dd00000bc2000095dcfff48000000095dd
6a668a6f63552e646a668dc47f8000006a67
4631913d5a390beb5a390beb61005a394632
e1f200002f7d0000e1f20000d1ef2a00e1f2
2e3600006f3100006f3100005dfbac002e36
c1a80000d0400000d0400000527c0000c1a8
5385000054300000547280006836e0005385
03c595fd8b562f3e8b562db38000000003c6
4be0000087c800004be00000942f00004be0
79dc9bdb8c10b38a79dc9bdbc67964c679dd
7b988b7f6af2b83d7b988b7f7f8000007b99
4644000055240000552400005bfb20004644
c28800008f810000c288000012891000c288
c07a00006cab00006cab0000eda6fe00c07a
6ff900002bf500006ff900005c6e4d006ff9
e496000018c80000e4960000bdea6000e496
b6ea00002e6f0000b6e9ff88a5da7600b6ea
08d400003a2500003a2500000388a40008d4
6c1c00000cb600006c1c0000395dd0006c1c
f6d10000398a0000f6d10000f0e15400f6d1
60da0000c8b5000060da0000ea1a220060da
4854000083ce0000485400008caa98004854
4d220000931900004d220000a0c1a4004d22
ede185592d5216d9ede18559dbb91384ede2
e8e4f0db38b5d214e8e4f0dbe2229a2ae8e5
22510000e3a80000e3a80000c68928002251
171ab1c857373aa257373aa22edd7108171b
2b527c018ad072482b527c018000000b2b52
b7ae0000f0520000f0520000688ebc00b7ae
5f2e000074140000741400007f8000005f2e
a95db1de615701fb615701fbcb3a3219a95e
ad8b0000d17d0000d17d00003f895f00ad8b
2cc500004420000044200000317640002cc5
778f8ca899dce0f9778f8ca8d1f7b60e7790
d01f0000e61f0000e61f000076c58200d01f
de3b0000bd7c0000de3b00005c381400de3b
ee1100006ab00000ee0fa000ff800000ee11
a40f1c67a38cc0d0a4557ccf081d5ea4a40f
6f5b0000f82e0000f82dffc9ff8000006f5b
a0280000211a000020e0000081ca2000a028
ecd562bda21fae9fecd562bd4f8519e1ecd5
a3410000256600002559f000892d6600a341
2b78679cd76cec14d76cec14c365e4972b78
6cfa65c25e387a2a6cfa65c27f8000006cfa
23fe000050bc000050bc0000353a880023fe
aff50000d0a50000d0a50000411de900aff5
19b377fc318c12c7318c12c70bc4659019b3
73ca00008820000073ca0000bc7c800073ca
6a3d8b0b9e65a50f6a3d8b0bc92a07976a3e
9b277f22386dbcf1386dbcf1941b8c529b27
039100006b4800006b4800002f6290000391
a5af473998a13c4da5af4739000dcca3a5af
f80eeb71331e1ebaf80eeb71ebb08ceef80f
65980000bf9e000065980000e5bba0006598
c4000000bccc0000c4000198414c0000c400
7c968012e17dc9147c968012ff8000007c97
6a1800006e8700006e874c007f8000006a18
0f64eb67fca7e5ecfca7e5eccc96232a0f65
67bc0000f8240000f8240000ff80000067bc
e0a577d86806aff36806aea8ff800000e0a5
88cd0000dc0d0000dc0d00002561d20088cd
243a159e4fbe8dd44fbe8dd4348a8323243a
d94d4396fb1fe52efb1fe52e7f800000d94d
277400001b1d0000277400010315a4002774
50a60000c6b7000050a5fff5d7ed540050a6
6452000000bb000064520000259966006452
1b6400000b0f00001b640000000000001b64
1230bd63097df75e1230bda2000000001231
7fe000005a7c00007fc000007fc000007fc0
d2b38585e6d148dce6d148dc7a12c319d2b4
54ab0000f51d0000f51d0000ff80000054ab
94ccb896cbde133dcbde133d2131977594cd
b671afa0bd032402bd0327c933f79dbbb672
b56137e30e5217edb56137e38438d4e5b561
380a000092f90000380a00008b863a00380a
c5cb353ae9ffc2b1e9ffc2b1704b0490c5cb
408600000a760000408600000b80c4004086
fbcaab3624c47a23fbcaab36e11b8bc7fbcb
e35c5ce81eadc08ee35c5ce8c2959089e35c
5bc40000e1e20000e1e1f3c0fe2d08005bc4
f34a0000ba680000f34a00006e371000f34a
99430000ae780000ae780000083ce8009943
2cb9908d7af1695b7af1695b682efd732cba
15d100000f59000015d106c80000000015d1
4220000016a3000042200000194bc0004220
d0f66f441f938354d0f66f44b10e0050d0f6
cd6b2c1682f9c562cd6b2c1610e57334cd6b
d7390000a53d0000d73900003d089500d739
5f820000eef10000eef10000ff8000005f82
3c0100008ec400003c0100008b4588003c01
aee20000d1580000d158000040beb000aee2
1175000053dc000053dc000025d28c001175
046c34242e7a6ca32e7a6ca300000000046c
c23d000015d40000c23d0000989c8400c23d
8586306ac32b7c00c32b7c000933c6ad8586
58ed0000792d0000792d00007f80000058ed
c2a20000df110000df11000062378400c2a2
66b300006536000066c9c0007f80000066b3
e8bb3325e32c7712e8bb48b47f800000e8bb
bf476f413479672abf476f3db4424b95bf47
0f330000e3440000e3440000b3090c000f33
7a240000e3aa00007a240000ff8000007a24
cdd1000055b8000055b7ff2fe4163800cdd1
01100000c6820000c6820000881240000110
be7b00004c3100004c310000cb2d8b00be7b
4bca000058b3000058b30000650d3e004bca
796000006e600000796000047f8000007960
b743a059d9d54416d9d5441651a2f871b744
770e80560ab1febe770e805642462911770f
a29176e5bcafaee6bcafaee61fc7a750a291
f8f2f30238bf6377f8f2f302f235a1b3f8f3
5f1d00006f3400006f3400007f8000005f1d
4d0f000013e800004d0f0000218198004d0f
e9a2a4db950c977fe9a2a4db3f32a4cfe9a3
fba1a3f8ca10aefdfba1a3f87f800000fba2
783585c8a6ddcb5c783585c8df9d44b07836
8c9a000028e7000028e70000800000048c9a
384a386189a0d3c0384a3861827e1502384a
e60b0000579f0000e60b0000fe2caa00e60b
fab70000424f0000fab70000fd93f900fab7
11a1000052680000526800002491e80011a1
8dc400000a7500008dc21600800000008dc4
0f150000aeb40000aeb4000080068c400f15
9c62c581c9330aefc9330aef261e99c99c63
25f000002c1900002c190780128f700025f0
9f70523a5b74f0315b74f031bb65efda9f70
3da7b4c3fbc9ce1ffbc9ce1ffa0433f53da8
fc22000031bc0000fc220000ee6df000fc22
8be0e1fe4e20c2a24e20c2a29a8d38388be1
522200002d050000522200003fa854005222
e4077a716295e66ce3e97b47ff800000e407
9ce50000346600003466000091cdbe009ce5
7d160000afd200007d160000ed7618007d16
1a860000acbc0000acbc000087c4d0001a86
f9af000088310000f9af00004271fe00f9af
94f2000004ed000094f200008000000094f2
074cec68d6431860d64318609e1c2b96074d
2e14a90ce0b3b718e0b3b718cf50b90c2e15
48ed0000e5e30000e5e30000ef52270048ed
d1690000eced0000eced00007ed7b500d169
8e9900009ad300009ad30001000000008e99
07f600007a3d00007a3d000042b59e0007f6
c5fc1b18aa0e3ca4c5fc1b18308c12bfc5fc
1ec40000a8d10000a8d0fff4882004001ec4
3df300000e8300003df300000cf8b2003df3
30f00000811c000030f000008000000030f0
fa2800007a93000079fc0000ff800000fa28
c072bd6d7724b86b7724b86bf81c3037c073
0bb9000009e700000bc77000000000000bb9
e6ae000081400000e6ae000028828000e6ae
0b060000d8450000d8450000a3ce3c000b06
57b9fb00378bd8d357b9fb004fcb319c57ba
fa2700002dcd0000fa270000e885bb00fa27
cca300009c630000cca3000029908900cca3
8ccd0000fe2a0000fe2a00004b8822008ccd
d6cb00007983000079830000ff800000d6cb
59300000103900005930000029fe60005930
5ec00000bfb100005ec00000df04c0005ec0
4dbd0000750d0000750d00007f8000004dbd
6d250000828400006d250000b02a28006d25
5538ec08e7f4a5bce7f4a5bcfdb0b8b05539
9d9e0000d5c30000d5c3000033f0b4009d9e
eff300008c7e0000eff300003cf11a00eff3
c8160000d04d0000d04d009658f03c00c816
a6f10000bbb90000bbb90000232e2900a6f1
9af700004595000045950000a10fc3009af7
718fd469e6ebb560718fd465ff8000007190
bcfe85498211c12cbcfe854900243a63bcff
36e20000fd810000fd810000f4e3c40036e2
e6a000008bd10000e6a000003302a000e6a0
27970000f89a0000f89a0000e0b5ac002797
b1a900009c2a0000b1a900000e607400b1a9
f869ba2cd8b7c6e9f869ba2c7f800000f86a
f86b00007e0700007e06f150ff800000f86b
d6880000cd470000d688001964537000d688
355b000017390000355b00000d1e4300355b
b0b70000be200000be2000002f64c000b0b7
95e800007d2100007d210000d391e80095e8
c4e0b93f5af6eff65af6eff6e058c4a7c4e1
b883000080f40000b8830000000003e7b883
90060000c8c80000c8c80000195160009006
ad4a4944435bfba4435bfba4b12dd385ad4a
b74900002eb70000b748ffa4a68faf00b749
3af20000b45b00003af1f928afcf06003af2
d939fc7d007587ead939fc7d9a2ac647d93a
29324c35173e7e9829324c350104acbb2932
7f150000609d00007f1500007f8000007f15
5e14000009d300005e1400002873f8005e14
dd3b000003910000dd3b0000a153d600dd3b
2d3cebba08186ebd2d3cebba000000042d3d
1bfd0000b34c0000b34c00008fc99c001bfd
ec150000e1ea0000ec1500077f800000ec15
d49793cc4cf47e65d49792d8e210c3b5d498
e5e00000c6eb0000e5e000006d4da000e5e0
51d086be3b3373ae51d086be4d922c7151d1
b246000099600000b24600000c2d4000b246
e744000025890000e7440000cd51c800e744
2180a54fadf02958adf029578ff15f822181
e339000022d50000e3390000c699ed00e339
dd2d00001d8c0000dd2d0000bb3d3800dd2d
4752c071c6f1c0a346b3c03fcec705c14753
4b9c0332f1fe8edef1fe8edefe1b223d4b9c
701a89072e62fa9f701a89075f090442701b
ceb70000005b0000ceb700008f821a00ceb7
847100001b6800001b680000800000008471
1f2200004e3a00004e3a00002deb68001f22
02f60000fc320000fc320000bfab0c0002f6
67f10ae0b42f382f67f10ae0dca4fb5667f1
53450000f87c0000f87c0000ff8000005345
2674e8ad85ffc8b12674e8ad800000002675
799b0000103e0000799b00004a661400799b
97990000e1100000e1100000392c20009799
dd12087f333375cddd12087fd0ccbe47dd12
72400000ecad0000723fea60ff8000007240
91c10000d3500000d3500000259cd00091c1
5c11000054a400005c1101487139c8005c11
b9380000678c0000678c0000e1494000b938
57f4000088bb000057f40000a1323c0057f4
feb8000097bb0000feb8000057066800feb8
a26e0000be7d0000be7d0000216b3600a26e
b52b000027ee0000b52b00009d9efa00b52b
991a605384640e23991a605300000000991a
80115d5cab77e98aab77e98a000000008011
e5e100006807000067fff000ff800000e5e1
522f0000dc3e0000dc3dfff5ef01e200522f
334c0000dd2d0000dd2d0000d109dc00334c
c4310000c52d0000c559400049ef3a00c431
4ca50e91aa570fcd4ca50e91b78aa96c4ca5
a75a0000f1150000f115000058fdc400a75a
cc270000cd520000cd7bc0005a08fe00cc27
fe0f0000c6c40000fe0f00007f800000fe0f
e805c4dae0d531e5e805c6847f800000e806
aa90e251adc97d48adcbc0d118e41132aa91
ed3700004c740000ed370000fa2e6c00ed37
7d3d0000a7c100007d3d0000e58e7d007d3d
0645000047dc000047dc00000ea94c000645
4b4b000002a000004b4b00000e7dc0004b4b
ce0e0000ade40000ce0e00003c7cf000ce0e
7cbb3237eb5b7a217cbb3237ff8000007cbb
4b58000084ab00004b580000909048004b58
8d500000303a0000303a00008004b9008d50
c6e600008d3f0000c6e6000014ab9a00c6e6
9c790000d2130000d21300002f0efb009c79
0053f4f52b088ed72b088ed7000000000054
8a87611b6846b9bc6846b9bcb3522ea78a87
71d903b1a8e31e3271d903b1db4087df71d9
2388000062c8000062c8000046d480002388
a73c000094200000a73c000000003ac0a73c
d93700003cbc0000d9370000d6866400d937
918c0000215c0000215c000080000000918c
0e65000056bf000056bf000025aadb000e65
4311000087bb0000431100008b53d6004311
9be30000a2170000a217071800085e509be3
6304804eed3fccd8ed3fccd0ff8000006305
60320000356c000060320000562418006032
d7b5ed1a9f358602d7b5ed1a3780ffdfd7b6
9399000084f6000093990000000000009399
443e0000a9fc0000443e0000aebb0800443e
3ab2d828f6d69fe9f6d69fe9f215f0683ab3
35958fda08ed0bde35958fda00114fa33596
2b9200003c7300003c730000288a96002b92
dcff0000f0580000f05800007f800000dcff
fe0e0000f6670000fe0e00e77f800000fe0e
8ae90000597d0000597d0000a4e645008ae9
8fb10000edda0000edda00003e16ba008fb1
6b5e0000310400006b5e00005ce4f0006b5e
74db0000b22f000074db0000e795b50074db
334abfcf61302a7f61302a7f550b8586334b
52356a5779ac4f6179ac4f617f8000005235
fad20000d2a40000fad200007f800000fad2
24c30000697d0000697d00004ec0b70024c3
8f5e00004458000044580000943b50008f5e
1ffdac494d271d9f4d271d9f2da598be1ffe
711e0000d8fd0000711e0000ff800000711e
a72700009c800000a727000404270000a727
5b40000044eb00005b40000060b040005b40
6f4c0000dc0000006f4c0000ff8000006f4c
712100000d2d0000712100003ed99a007121
739eae5609a8fcbb739eae563dd17e20739f
1f393c897643c96f7643c96f560daadd1f39
e0b300002a7e0000e0b30000cbb19a00e0b3
e4aa73fb31a6fbd3e4aa73fbd6de5dc2e4aa
76720000b14f000076720000e843ae007672
f95100004a330000f9510000ff800000f951
37280000a99e000037280000a14f60003728
ac4c0000ed4d0000ed4d00005a235c00ac4c
38e800007a4000007a40000073ae000038e8
05fe000066840000668400002d02f80005fe
9964e0cec61bc7e7c61bc7e7200b46d69965
1a590000985000001a4c0000800000001a59
76faf5b1404e7d8576faf5b177ca6cc176fb
999a0000f7bb0000f7bb000051e0fc00999a
722e00001b5c0000722e00004e158800722e
675a000059d30000675a00007f800000675a
328b00001b8a0000328b00000e95dc00328b
85a000009bc500009bc500000000000085a0
0f4839530dad3ac10f5de0ab000000000f48
5ee8064b8eedd4ac5ee8064bae578e955ee8
8b030000b9d30000b9d300000557f2008b03
7e77a01768dea42a7e77a0177f8000007e78
b6440000a46e0000b64400001b363800b644
79a770a39d3ca5ad79a770a3d776c62979a7
c68dc68bd0f7bc78d0f7bc81580932f0c68e
39923841a1676217399238419b8428c93992
5d6d00007fa500007fc000007fc000005d6d
8bf5000025c8000025c80000800000008bf5
e6e9000004fb0000e6e90000ac647300e6e9
1d9300005ef600005ef600003d0d42001d93
80fecbcb0687ebfd0687dc108000000080ff
1f2b0000ee420000ee420000ce0196001f2b
0e41a5dfe0a846ede0a846edaf7e95020e42
c8f871340732d0b7c8f8713490ad8944c8f8
6d1400006ca600006d6700007f8000006d14
a5394a21945d04d0a5394a2100000500a539
9d15000017fc00009d14e080800000029d15
433b0000f4280000f4280000f7f57000433b
2eb8f87e8561b1262eb8f87e800000012eb9
b9510000e99a0000e99a0000637b7400b951
5c1b0000165600005c1b0000330192005c1b
228574b5cb6e10fdcb6e10fdae7836b72285
c64a000038d90000c64a0000bfab3a00c64a
d47b00002a890000d47b0000bf865300d47b
c9aa5ef3c5100f39c9aaa6fb4f3fbf14c9aa
308794ab3a0cf91c3a0cf92d2b1552783088
2626000064740000647400004b1e38002626
d80a00003e490000d80a0000d6d8b400d80a
5ec7f313fc75ce7cfc75ce7cff8000005ec8
221d20b1f3cb548af3cb548ad67999a0221d
eb360000b5710000eb360000612b5600eb36
9344cba11eba076f1eba076d800000009345
769216dd213607a8769216dd584fc13f7692
83479866ec2d7d51ec2d7d51300743b18348
90500000b19f0000b19f0000028130009050
19ad0000d2260000d2260000ac605c0019ad
f9ed00004bb50000f9ed0000ff800000f9ed
1fff0000b63b0000b63b000096ba45001fff
4f1e000011c300004f1e00002170b4004f1e
1745000009df000017450000000000001745
7f440000a4b700007f440000e48c1c007f44
da0a00004c9f0000da0a0000e72b6c00da0a
da72ea6202367711da72ea629d2d239dda73
b1ae0000bb740000bb7400162da5d800b1ae
36d24c226dd621526dd62152652fe70436d2
69930000a2c7000069930000cce48a006993
487200004cdc00004cdc790055cff8004872
b0dd45ebd978395cd978395c4ad68d50b0dd
c44e0000b51c0000c44e000039fb1000c44e
ffb9000025bf00007fc000007fc000007fc0
3b190000c0820000c081ece0bc1b64003b19
21ec2cb30bdd026221ec2cb30000000021ec
4761e39b4e5419f94e541d81563b27674762
f55bb22ee82bbb4cf55bb22e7f800000f55c
cd1fd65a8012f5fdcd1fd65a0cbd6a87cd20
fe8300008ad60000fe83000049db0400fe83
dda756259272bf8bdda75625309eaca3dda7
564fa0ca8b66288a564fa0caa23aab575650
e7aa00004d4d0000e7aa0000f5882200e7aa
2bac000051e9000051e900003e1c8c002bac
b0eb00000e4b0000b0eb0000802e9640b0eb
e46addcd554d9471e46addcdfa3c9bcde46b
0922c0fed413a6abd413a6ab9dbbbd8f0923
4125000096f1000041250000989b55004125
b2e30b0998f1ed09b2e30b090c568f9db2e3
c94c000097c30000c94c0000219b6400c94c
0cd70000092800000cd85000000000000cd7
9a7d00000a7e00009a7d0000800000009a7d
91650000355d0000355d00008745b1009165
47ac0000c71d0000473b0000cf52f80047ac
45ac5ff67cf35cdd7cf35cdd7f80000045ac
7260000023eb00007260000056cda0007260
b6e700001a490000b6e7000091b55f00b6e7
f2f35e3dcaa2a350f2f35e3d7e1a9ce4f2f3
e4f700004d1e0000e4f70000f2987200e4f7
7cf68c86193201ab7cf68c8656ab6f507cf7
cbffadb9f05856c5f05856c57cd8113dcc00
4cef00009d9d00004cef0000ab1293004cef
d06100006150000061500000f236d000d061
80770000d5ca0000d5ca000016bbcc008077
37d34fa5d7a85d78d7a85d78d00af96b37d3
255500002e7c00002e7c00351451ac002555
76390000df59000076390000ff8000007639
e140000057920000e13fffeef95b0000e140
0bf500002862000028620000000000010bf5
3a8943a2bf09c90abf098468ba13c1fa3a89
ddaa572b663b3948663b38f3ff800000ddaa
2c280000dcd50000dcd50000c98bc8002c28
948b00006822000068220000bd2fec00948b
558e73b2a2dc351c558e73b2b8f511f5558e
5c1889241d8b27395c1889243a25d3ab5c19
dc9f11328336f0a7dc9f113220635783dc9f
4f1d00008e5100004f1d00009e002d004f1d
898f0000ebb50000ebb5000035ca3600898f
947900006e8900006e890000c38541009479
f4290000e7b00000f42900007f800000f429
d8a20000aefb0000d8a20000481ed600d8a2
24ac00008d33000024ac00008000000024ac
87d200001b5b00001b5b00008000000087d2
d1d800001ead0000d1d80000b111f800d1d8
fff300004a6b00007fc000007fc000007fc0
e17d0000fe340000fe3400007f800000e17d
09890000d94d0000d94d0000a35b6a000989
730b0000c7550000730b0000fae74e00730b
2a0cfd84baaced49baaced49a53e7a072a0d
516e0000d6280000d627c480e81c3000516e
b17d0000c5b80000c5b8000037b5d800b17d
1b51000022610000226103440005bd881b51
407b0d9a9a6dd171407b0d9a9b6938fc407b
a4ff000069ae000069ae0000cf2d5200a4ff
dac34ba33e135ad7dac34ba3d960d376dac3
7de71c08b0c4dcaf7de71c08ef31b8b07de7
b54f0000d57d0000d57d00004b4c9300b54f
7b14575694910dd77b145756d0281af97b14
ad97b3ba5269f03e5269f03ec08aa0f2ad98
e6b200000fb70000e6b20000b6fe7c00e6b2
283a295dd1ac7130d1ac7130ba7acc33283a
07460000529c0000529c00001a7150000746
a37d000069fd000069fd0000cdfa0900a37d
04c00000681e0000681e00002d6d000004c0
6d29000061c500006d2900027f8000006d29
bd7d00001a300000bd7d0000982df000bd7d
0f54afc4091d31fe0f54b997000000000f55
a6920000fac00000fac0000061db0000a692
597877e8b99020da597877e8d38be3555978
930ae3497955d5e17955d5e1cce8064a930b
501f000098070000501f0000a8a7b200501f
1692000008c6000016920000000000001692
3d0e0000629500006295000060254c003d0e
e8d883b06c4aa98c6c48f885ff800000e8d9
55f70000692a0000692a00007f80000055f7
34a6000076c2000076c200006bfb980034a6
8f8700003bf300003bf300008c0025008f87
fe670000454b0000fe670000ff800000fe67
8e964ac018bd9dc318bd9dba800000008e96
884c0000827f0000884c0ff000000000884c
f6eb000075450000f6d26000ff800000f6eb
1ffe00001feb000020748000007495001ffe
7c3367b4f3d88aa67c336748ff8000007c33
636e000038b00000636e00005ca3a000636e
776a000016b70000776a00004ea74600776a
d4ad00008c6d0000d4ad000021a02900d4ad
3313b17d317c3d5433237552251186193314
96a3a0cc3dfc72583dfc725895215b5f96a4
7aa0ca80e1fa51177aa0ca80ff8000007aa1
02c0000084520000843a00008000000002c0
b4ca4158fda724f8fda724f873040dd6b4ca
69733fa05e2b540969733fa37f8000006973
c32d0000e17c0000e17c0000652a4c00c32d
23d6000055d6000055d600003a32e40023d6
5b8000008fe800005b800000abe800005b80
815d0000f4b10000f4b100003698cd00815d
00ee8be136f555e236f555e20000007200ef
ebc400005d140000ebc40000ff800000ebc4
cfda00009faa0000cfda00003010c400cfda
64db0000d88d000064dafffffdf13e0064db
cddd62bc9b0de557cddd62bc29756b6ccddd
957d084145f6a35f45f6a35f9bf3c769957d
d62600008be10000d62600002291e600d626
46b30000093b000046b300001082c10046b3
3d8d00005438000054380000524ab0003d8d
d2b60000508d0000d2ad3000e3c87c00d2b6
5afc0000be5400005afc0000d9d0b0005afc
4ee50000a80600004ee50000b76fbc004ee5
ce640000cb470000ce671c005a313c00ce64
7c2dd98fcb9ca6527c2dd98fff8000007c2e
bedf00002fbc0000bedf0000af23c400bedf
70770000c539000070770000f6327f007077
002b0000e54b0000e54b0000a5886400002b
0d59ef5174df38b074df38b042be07ba0d5a
2b9e37679e0652f52b9e37678a26088a2b9e
1ceb27990b48b9b71ceb2799000000001ceb
35a376f82ff3c5b935a38634261ba82e35a3
d9bc852cbdea7c06d9bc852c582cad0fd9bd
b133eb6fbb44b0c0bb44b0cb2d0a3c7ab134
037d0c44a25037f3a25037f380000000037d
e4c4521550567cf2e4c45215f5a47c6fe4c4
c3bfe9083f05c358c3bfa626c3488d03c3c0
e631b3ba9f73124ae631b3ba4628ba4ce632
fff6d539cbb1bb537fc000007fc000007fc0
c0ce00007011000070110000f1695c00c0ce
ddb8000028940000ddb80000c6d4c000ddb8
711d0000bece0000711d0000f07cac00711d
20fd00006f6500006f65000050e2510020fd
64180000de2700006417f590ff8000006418
d16296f6d1759a18d1ec1887635962ddd163
e4b8000031050000e4b80000d63f3000e4b8
562b00005c4700005c470ab07304ed00562b
a5258bf7ddc9e243ddc9e24343828d36a526
7f1400004ea200007f1400007f8000007f14
08270000aca30000aca30000800000020827
ea920000c4af0000ea9200006fc79c00ea92
96ae000031f0000031f000008923200096ae
5bd0796b49f9bdc95bd0796b664b60a65bd0
21ed0000eb3a0000eb3a0000cdac320021ed
ef9800005b790000ef980000ff800000ef98
4882000066360000663600006f38d8004882
8bc60000a34a0000a34a0000000000008bc6
fc410000a0c40000fc4100005d93c400fc41
7a670000043800007a6700003f2608007a67
1ef50000991d00001ef4ec60800000961ef5
81db00007b4700007b470000bdaa3d0081db
c076000039fa0000c075f830baf03c00c076
252800005c7200005c720000421ed0002528
48f200002846000048f2000031bb2c0048f2
0a89654e9e9201069e920106800000000a89
35ac00005bc500005bc5000052045c0035ac
697f00004f880000697f000079877800697f
64b03f2634a6759b64b03f2659e533d464b0
056d00005e2b00005e2b0000241e4f00056d
ee8e00008be10000ee8e00003af99c00ee8e
05f500006b4300006b43000031ba9f0005f5
295ce402d1f337dfd1f337dfbbd1dca3295d
9f5200004781000047810000a753a4009f52
b32e0000ffc300007fc000007fc00000b32e
148a0000414500004145000016546400148a
fcc6e1e367d0a106fcc6e1e3ff800000fcc7
c4d10000635a0000635a0000e8b1fa00c4d1
7edf00004d1100007edf00007f8000007edf
eeda6e17ba919f80eeda6e1769f880e5eeda
4c3e000039dc00004c3e000046a348004c3e
4eef00005bc800005bc800006b3ab8004eef
86140000782c0000782c0000bec6e0008614
4f220000bb4700004f220000cafbdc004f22
ac80e93cc5c99329c5c9932932cb0275ac81
f0ff0000f7a10000f7a103fc7f800000f0ff
0c7d000093a9000093a8fe06800000000c7d
7b410000457b00007b4100007f8000007b41
d026000001c00000d026000092790000d026
16750000a0440000a043fff1800000171675
227600003c4400003c4400001f3c58002276
05649dc711adf6e211adf6e2000000000565
35ae0000ffac00007fc000007fc0000035ae
ed230000a90c0000ed23000056b24800ed23
954c000084220000954c000000000000954c
e1e30000b8350000e1e300005aa07f00e1e3
4d109510d7be018bd7be0186e5569f024d11
3bfc4783cdebe4f4cdebe4f4ca6877453bfc
9a51e772897eb9ea9a51e772000000009a52
a92c000020850000a92bffbe8a32b800a92c
a24c00003abe00003abe00009d976800a24c
85e40000b9c60000b9c6000000582c0085e4
57286ffa4f710c3a572870eb671e99765728
9cb4000096bd00009cb40bd0000000009cb4
528b00006c8c00006c8c00007f800000528b
aabe000020ef0000aabdfff18c316200aabe
24b20000e70b0000e70b0000cc414c0024b2
eb86244ab4b754d5eb86244a60c020c9eb86
0b860000ffc200007fc000007fc000000b86
d6390000fe400000fe4000007f800000d639
fbaa000030eb0000fbaa0000ed1c0e00fbaa
bb4b0000e3780000e37800005f44a800bb4b
f9460000c5400000f94600007f148000f946
c89d00005881000058810000e19e3a00c89d
7d410000f85800007d40ca00ff8000007d41
59320000fb510000fb510000ff8000005932
cbfb48bab0f1955dcbfb48ba3d6d2214cbfb
81bf0000585d0000585d00009aa4e30081bf
511e0000c3d30000511e0000d5823a00511e
4b110000202b00004b1100002bc1b6004b11
47b6000078170000781700007f80000047b6
aa7c000091a30000aa7c00000000a074aa7c
63ae0000124d000063ae0000368b560063ae
c41d00003e820000c41cefc0c31f7400c41d
19b40000cdf90000cdf90000a82f140019b4
3c7707593e8ccaed3e9483283b87dbd53c77
ea9b58ca6ac0fc7d69968eccff800000ea9b
f6b10000899c0000f6b1000040d7b800f6b1
58980000dead0000deacf680f7cd70005898
ded100004fb20000ded10000ef115200ded1
226c00004efe00004efe000031ea2800226c
2824634b4a026fdd4a026fdd32a784822824
14f1fc0359e5f88659e5f8862f59615914f2
72370000b48c000072370000e74828007237
d5430000bf730000d543000055391900d543
5fa700005bb700005fa7b7007beec2005fa7
f9cfe3854cd4f025f9cfe385ff800000f9d0
3bcc000039ba00003bd7a000361438003bcc
9e72116d3cfc02253cfc02259bee4b2e9e72
af350000269d0000af34ffb2965e0200af35
c43e0000caea0000caea05f04fadac00c43e
e8750000d0a30000e8750000799bff00e875
5048b3085f205f5b5f205f5b6ffb754e5049
3d0900005e1700005e1700005ba19e003d09
edf50000598b0000edf50000ff800000edf5
6e14feef3552b06d6e14feef63f53f9e6e15
6889ec1e4adf09586889ec1e73f0536e688a
d32f00005419000053da8000e7d12e00d32f
ddac000078fd000078fd0000ff800000ddac
60ec000051fd000060ec000073693c0060ec
a39c0000aaab0000aaab02700ed06800a39c
14c232795f1344325f134432345f6d6e14c2
983a000095320000983cc80000000000983a
32090000a406000032090000968f6c003209
49d28002c683883649d071e1d0d84f0349d3
793c461713b1333d793c46174d825225793c
915000000335000091500000800000009150
83880000ccd80000ccd8000010e580008388
e2062c0c386c3a69e2062c0cdaf79e70e206
390d0000e7f20000e7f20000e1854a00390d
e783000058900000e7830000ff800000e783
cac200004fb400004fb3cf80db086800cac2
0cc97bf79afdbce79afdbce7800000000cc9
f7c50000a1d60000f7c500005a24ae00f7c5
7543f2c1361565b77543f2c16be4b44a7544
d45b0000f5570000f55700007f800000d45b
8112c2841a536d331a536d33800000008113
0e790000b7a10000b7a10000869c99000e79
d03b2d1d80bc1191d03b2d1d118981f9d03b
87930000f3160000f31600003b2c44008793
afd70000f4510000f451000064af8700afd7
a1bad6f2cd01f069cd01f0692f3dab8ca1bb
a33b0000a1650000a349500005274700a33b
04810000cd6b0000cd6b0000926cd6000481
ad3bb1d1767e479b767e479be43a6eedad3c
462cf86d442dad484637d3424aeab1ec462d
f69d72ab13ce273df69d72abcafd94cff69d
97b7d08b3b1808a83b1808a8935a541397b8
828dab4ff89696f0f89696f03ba6abcf828e
a8ec00005c8f00005c8f0000c603d400a8ec
f95d000069060000f95d0000ff800000f95d
d37ff793917da30fd37ff793257d9ab6d380
7e767fd190fa89717e767fd1cff13d297e76
dfc70d126de289946de28994ff800000dfc7
e686185d4a3fbb5de686185df148dca4e686
84d213e8c68cf007c68cf0070be74fb784d2
92690000f2b70000f2b7000045a68f009269
36ae00001723000036ae00000e5d940036ae
cac32d45d7d06b54d7d06b54631ee69ccac3
ef4b00009cfa0000ef4b00004cc63e00ef4b
4f9e4b802ad8cfda4f9e4b803b06103a4f9e
fe5e8de40bffe7a3fe5e8de4cade78b6fe5f
7c4d0000c79c00007c4d0000ff8000007c4d
48fbdff77d822e4d7d822e4d7f80000048fc
be5509f25d2736a15d2736a1dc0b26f3be55
9db10000ad500000ad5000000b8fd0009db1
37b3ab2409370cbc37b3ab240180784737b4
aee80000c67c0000c67c000035e46000aee8
4c457a3ad2bbba5bd2bbb42fdf90d0094c45
623d0000cd390000623d0000f0089500623d
b343d307d7bcd703d7bcd7034b907372b344
4b110000562400005624000261b9c8004b11
0d6d00001baf00001baf0000000000000d6d
e549d45e7993b5c97993b5c9ff800000e54a
0cf50758abe79660abe79660800001bb0cf5
f02f0000c8810000f02f000079305e00f02f
81960000ee660000ee6600003086c4008196
1ffb0000f7ae0000f7ae0000d82a9a001ffb
f58100009b190000f5810000511a3200f581
b6960000fda30000fda3000074bf0400b696
8a10000072e8000072e80000bd8280008a10
c8dd000004320000c8dd00008d99aa00c8dd
caf3e908f59c2ed3f59c2ed37f800000caf4
9b330000e9010000e901000044b466009b33
2a370000ae590000ae584900991b1f002a37
163ec3e1fd616e2dfd616e2dd427fc42163f
96ab000099720000997758000000000096ab
d58ce2ad1f984f46d58ce2adb5a7a46ed58d
74d900001686000074d900004be32c0074d9
4ba4000049ad00004baed00055dda8004ba4
ee830000afb30000ee8300005eb73200ee83
5b970000c3b600005b970000dfd6b4005b97
e55d00005ffe0000e55ce040ff800000e55d
2927deb67ac15d987ac15d98647d988e2928
2e25e0145c3415295c3415294ae95e882e26
c82b000054fc000054fc0000dda85400c82b
f04e0000d0d00000f04e00007f800000f04e
da9f0000f1af0000f1af00007f800000da9f
14efa52fb5eb61f7b5eb61f78b5c585714f0
e69e426a21c95b5ae69e426ac8f8f53de69e
65f60000d076000065f60000f6ec640065f6
1b130000d49c0000d49c0000b03328001b13
4a65000053a6000053a6001d5e947e004a65
83cc00003cbb00003cbb00008115040083cc
f846719844de57f7f8467198fdac5ab2f846
fbd800000cd10000fbd80000c9305800fbd8
c8dc000021780000c8dc0000aad52000c8dc
05c900004dd500004dd5000014273d0005c9
56a200004f3d000056a2017a666f340056a2
991100002a9600002a9600008429ec009911
2c7d0000a23c00002c7cfff48f39cc002c7d
91010000433200004332000094b364009101
e86a000082840000e86a00002b715000e86a
0b1c000035e2000035e200000189b8000b1c
e393c9e8093788a0e393c9e8ad53e869e394
274400009ff600002743fe1487bc58002744
295100001f0b00002951000908e2f6002951
70760000f2de0000f2d65000ff8000007076
fb7a0000ddbe0000fb7a00007f800000fb7a
129dd97cce51f97fce51f97fa1817865129e
e7990000316a0000e7990000d98bda00e799
ee8f74e7bb815ebcee8f74e76a90fdfdee8f
ea440000f86c0000f86c00007f800000ea44
87e30000a0670000a06700000000000087e3
8b4100000f8400000f839f80800000008b41
a8010000868e0000a801000000000000a801
cac4d2b8de65674cde65674c69b05feacac5
1f61d9acac5fece9ac5fece98c458d9f1f62
8aba0000a20b0000a20b0000000000008aba
68bd0000467e000068bd00006fbb860068bd
502e7bedaeeb60ab502e7bedbfa06da6502e
fcf40000752a0000fcf3feacff800000fcf4
04960000379e0000379e00000000b9280496
4a220000b42100004a220000becbc4004a22
a1560000840d0000a156000000000000a156
9b98e84f129deb029b98e828800000009b99
0d900000f0ac0000f0ac0000bec180000d90
321a000008fa0000321a000000002599321a
d46a000008f90000d46a00009de39a00d46a
f4d8b56397f77238f4d8b5634d5177b3f4d9
2fd70000c20d0000c20d0000b26cd6002fd7
4b140000fc5c0000fc5c0000ff8000004b14
f22900009b6d0000f22900004e1c7500f229
58180000a1dc000058180000ba82a0005818
5e68000078190000781900007f8000005e68
94c500007e2e00007e2e0000d385e60094c5
ed7900001bdb0000ed790000c9d50300ed79
d269000024c40000d2690000b7b26400d269
5d565e793b7942985d565e795950b9a75d56
939100000e8b00009390dd40800000009391
4acc00006c2400006c2400007782b0004acc
650d000012fc0000650d0000388acc00650d
ea6b00003f9c0000ea6b0000ea8f3400ea6b
0a42513d2713557c2713557c000000000a42
6c7c00007ff100007fc000007fc000006c7c
7488000047030000748800007c0b30007488
02b251e24b3547704b3547700e7c8b4f02b2
3e700000923800003e700000912c80003e70
de890000fd5f0000fd5f00007f800000de89
598c0000469a0000598c000060a87000598c
d0f1867e7a54f4bc7a54f4bcff800000d0f2
522d0000887e0000522d00009b2ba600522d
28ef00007e3700007e37000067aad90028ef
e580e300cdb25b79e580e30073b397c7e581
c977000055bc000055bc0000dfb56400c977
aaedbe4a43f6010243f60102af6475cbaaee
0342000066aa000066aa00002a80d4000342
b8e200008dda0000b8e2000007407400b8e2
69a3f99675cd539f75cd53a07f80000069a4
cb4600004c2200004be10000d7fa9800cb46
3bce00005dc800005dc800005a20f0003bce
84110c76f0039a88f0039a88349521de8411
c1ef00007dae00007dae0000ff800000c1ef
4a050000f6cf0000f6cf0000ff8000004a05
fa320de12cd19143fa320de1e791c25dfa32
1b450000f7c10000f7c10000d39485001b45
5ee1000013e300005ee10000334783005ee1
532c000022260000532c000035df1000532c
7ac0b9ce89519c3a7ac0b9cec49dcd4e7ac1
927800006129000061290000b423b8009278
f20e0000209a0000f20e0000d32ad800f20e
d14bd088f295f8fef295f8fe7f800000d14c
3c93e56934c42b7a3c93e62d31e2a9853c94
d3db793c7bedfe4b7bedfe4bff800000d3db
b3a80000e7e10000e7e100005c13a800b3a8
32090000960e0000320900008897fc003209
e6f1c55349fbf5d2e6f1c553f16df4a1e6f2
342700007e8100007e81000073284e003427
9f7a000011c800009f7a0000800000009f7a
845a00004260000042600000873ec000845a
446098fd3331e1f5446098fd381c10044461
f3080000e8380000f30800037f800000f308
cf9a0000b1200000cf9a000041408000cf9a
5eafa8f6340f8ad75eafa8f65344fd4c5eb0
6ff83197eadadde16ff7fae0ff8000006ff8
84fd0000389100003891000080047a6884fd
a24efe92b02e20cdb02e20cd130ccb8da24f
6fbd0000f5430000f542e860ff8000006fbd
83c80000d9530000d95300001da4d80083c8
758f00006ce10000758f00387f800000758f
b1170000c62b0000c62b000037c9ba00b117
a1582b1251dda7a651dda7a6b3bb2abfa158
f88f0b1d59d9a33ef88f0b1dff800000f88f
a59de7a75ee85f435ee85f43c50f54b2a59e
4b9d0000d93c0000d93c0000e56698004b9d
55680000a7a8000055680000bd9840005568
bb6e000083d30000bb6e000000310a80bb6e
4a600000371a00004a6000004206c0004a60
7d704dc01765197e7d704dc055570d7b7d70
a9df0000ad530000ad54be0017b7cd00a9df
88db00003e8600003e86000087e5440088db
9f7e0000399c0000399c0000999ac8009f7e
a3ca00004b2e00004b2e0000af894c00a3ca
552bff809efe9fd6552bff80b4ab12e4552c
9c200000f0f90000f0f900004d9ba0009c20
48f60000816d000048f600008ae3be0048f6
0f3c00000ade00000f3c6f00000000000f3c
93e30000871c000093e300000000000093e3
dee0eccf23b841a4dee0eccfc321e3e1dee1
a0120000405d0000405d0000a0fc1400a012
024530331a95a2591a95a259000000000245
eda53f04f63010f6f63011497f800000eda5
91c8000028410000284100008000096c91c8
276400001d6700002764000e054dbc002764
03670000647b0000647b000028627d000367
557c0000220d0000557c0000380acc00557c
3f0700004b5500004b5500014ae0a6003f07
ca04a1d4f106ffd5f106ffd57b8be281ca05
316200001c250000316200000e11aa003162
b73000003a4500003a424000b2077000b730
71036502ab316e2371036502dcb622bb7103
bf10000074fa000074fa0000f48ca000bf10
b2ff0000f0280000f028000063a75800b2ff
0271ded3790d0936790d09363c05406e0272
323e8cd2ba0cd4d3ba0cd414acd1a6d9323f
5e1de711217e10525e1de711401cb5545e1e
943824c7b6139182b61391820ad44b919438
c5ba00008ee80000c5ba000015289000c5ba
ef460000720c00007208e800ff800000ef46
ef78000088450000ef780000383ed800ef78
b666000044fb000044fb0000bbe18200b666
27b9669f5b9f93385b9f933843e722b627b9
fcbb00004e0b0000fcbb0000ff800000fcbb
cdb19704323ef1c6cdb19704c08475cdcdb2
6dba000093f800006dba0000c23430006dba
1b1e52e84b2a69834b2a698326d2c89e1b1e
d8a2d8ca4c31cea2d8a2d8cae56236aad8a3
473069070532645d473069070cf5dc604730
6861ec1312f5753d6861ec133bd89e656862
25cb0000f0fa0000f0fa0000d7463e0025cb
b57700001e4b0000b57700009443dd00b577
2f7c861369021bd469021bd4590057892f7d
11c65a8e9517d63e951649898000000011c6
861d2a8db09a05aeb09a05ae00000018861d
55cd0000327c000055cd000048c9cc0055cd
e42a00006d6400006d63ffd6ff800000e42a
db3700002eb10000db370000ca7d0e00db37
833a1ed9f8e5a848f8e5a8483ca6f7f1833a
58fb0000cdbe000058fafffde73a4a0058fb
c2b00000e2790000e279000065ab3000c2b0
0261acd850616cdf50616cdf1346b8e30262
ecf98d11dc6902f2ecf98d117f800000ecfa
4c58b6900560836c4c58b690123e0eff4c59
3a5c000015c000003a5c000010a500003a5c
ce76fa2c826b6b90ce76fa2c11631f6cce77
7e36318d93156b757e36318dd1d4aea27e36
21ae00006416000064160000464be80021ae
50a475aa7c587d9d7c587d9d7f80000050a4
4888699f5788715557887155609169014888
ea5f00004bd30000ea5f0000f6b7cd00ea5f
910324f200308d0b910324f2800000009103
f6540000f6a20000f70600007f800000f654
318a000087950000318a000080000283318a
ecd6cf74ce1550a1ecd6cf747b7a94cdecd7
0845f3d1343f1f43343f1f43000127920846
88bc00005afd00005afd0000a439cc0088bc
928100007307000073070000c6080e009281
141386b078902f0178902f014d262db31414
d06a0000c86e0000d06a00ee59598c00d06a
72d60cc2795108bc79510f6c7f80000072d6
609c0000bb7c0000609c0000dc999000609c
fc9b000094500000fc9b0000517be000fc9b
2a19000032520000325200991cfb04002a19
5fcb0000ce7000005fcb0000eebe50005fcb
f4980000db8e0000f49800007f800000f498
dfdf00000ce40000dfdf0000ad469c00dfdf
d15200005eeb00005eeb0000f0c0c600d152
19ce0000c1bc0000c1bc00009c17480019ce
ceab000049210000ceaaebe0d8571600ceab
5eef0000fb6c0000fb6c0000ff8000005eef
e309782b9a21642ee309782b3dad54bde309
9976000056ed000056ed0000b0e3be009976
264d4af27c6eb20e7c6eb20e633f6a76264d
c4217f5a9cff4ba0c4217f5a21a10d90c421
fe4d7ffa6f8b3149fe4d7ffaff800000fe4d
699d90e59d2dec82699d90e5c75618f9699e
472ca23991ffb4b7472ca23999ac6f74472d
42850000b18f000042850000b49496004285
254f00002d9e00002d9e0068137f8400254f
4fbf58ec6a7008e16a7008e17ab36a004fbf
d73d7d2989d50459d73d7d29219dac5bd73d
46ef6906997eca6246ef6906a0ee477846ef
46a600005e9200005e92000065bd580046a6
d9c10000637c0000637bffe8fdbdfc00d9c1
ddbb0000a7440000ddbb0000458f2c00ddbb
a7480000e8360000e8360000500e3000a748
d3800000587500005874c000ec750000d380
630b44caf0931079f0931079ff800000630b
da29000052ac0000da28fea8ed631800da29
bfccfe4cd47dfb63d47dfb6354cb609ebfcd
ef2656e6ec01f113ef285eaa7f800000ef26
8d160000a3a00000a3a00000000000008d16
30e900002695000030e9000918079d0030e9
9444000021d6000021d600008000000a9444
3aa90f4880c4f34a3aa90f48800041083aa9
36ba8926a59ba66636ba89269ce2d49336bb
2885000066a2000066a200004fa854002885
4fd300009c1200004fd30000ac70ac004fd3
c11f0b5b435f7e0543558d4fc50ad92fc11f
50f70000e6060000e6060000f7814a0050f7
96e32902b91719b2b91719b2108613fd96e3
b646c4873d6b57923d6b5477b436ba66b647
29660000e9290000e9290000d317d6002966
abc09c86a0e51390abc09c8a0d2c5abcabc1
61db54c26737cb8c6737e6f77f80000061db
49f236470bf333bb49f2364716661a7749f2
93bae0446752e3886752e388bb99f21093bb
a23100001b3b0000a230fd1480040a58a231
039b00003779000037790000000025b1039b
cf27c491ece93f8dece93f8d7c98db8ecf28
fad70000fc330000fc4de0007f800000fad7
c07926e6a11efcf4c07926e6221abc32c079
d59c3ddc663ed468663ed468fc68ef18d59c
50c700002ca4000050c700003dfef80050c7
30540000621f0000621f00005303ac003054
36c3fee3c570a0b7c570a0b7bcb83a0036c4
fbdb0000d0d10000fbdb00007f800000fbdb
2201000014a9000022010000000000152201
2b99000023a000002b9900a00fbf40002b99
0b27c1a82833df132833df13000000000b28
5e922ac1c56f7b105e922ac1e488bc2e5e92
74395d70ca11aa5c74395d70fed2f28e7439
12c557038e69fcb512c4e2058000000012c5
47260000612d0000612d000068e05c004726
e0460000bdfb0000e04600005ec22200e046
0edb6db4e7b32b63e7b32b63b71992e50edb
911800005bb400005bb40000ad55c0009118
bb68000080b80000bb6800000000a6c0bb68
d272daba5fe1d1fd5fe1d1fdf2d63972d273
adce000041d5000041d50000b02b6600adce
72c400004d53000072c400007f80000072c4
06d96e3c22f496cd22f496cd0000000006d9
480400008b4a00004804000093d050004804
ed2c18c88cd8363aed2c18c83a91595ded2c
2dd1000017a400002dd100000605e4002dd1
9aa00000f4b70000f4b700004fe4c0009aa0
a57d6eef3ce3c1933ce3c193a2e17900a57d
b40368a3828f8aecb40368a300000012b403
87140000aaf60000aaf60000000000008714
7fd3000032a500007fc000007fc000007fc0
1a9600008fa200001a95fffd800000001a96
5f71000074f8000074f800007f8000005f71
4c92f7dc9e6a90ab4c92f7dcab86a99d4c93
12df0000f64e0000f64e0000c9b3720012df
d72f88beb0f7edb4d72f88be48a9ffecd730
d725000001980000d72500009943f000d725
2a130000ba6d0000ba6d0000a50817002a13
7b9854a757ce48db7b9854a77f8000007b98
bbb9d7192b5eb7a3bbb9d719a7a1add7bbba
c1151de715aaaf96c1151de79746d844c115
d85b0000c52c0000d85b00005e132400d85b
fc64aa3cad55b62afc64aa3c6a3ee45afc65
7898220e0d0af9e67898220e46252dbb7898
87cf00003ffb00003ffb0000884af50087cf
d089945fef2f61ccef2f61cc7f800000d08a
ef01c6d7bfc971a1ef01c6d76f4c3d72ef02
d8d900004dee0000d8d8fffce749be00d8d9
f224da782604df9cf224da78d8ab2149f225
42ca000064c0000064c000006817800042ca
feef6a6d9c8be06cfeef6a6d5c02d0abfeef
43ba5ea2fb12f963fb12f963ff55ff0d43ba
2c1f98d6b6ff5b5fb6ff5b5aa39f32342c20
39de0000cb260000cb260000c58ff40039de
9e1ba9667508757075087570d3a5f2cd9e1c
57a90000bf40000057a90000d77d800057a9
36260000d4a80000d4a80000cb59e0003626
a001f7d33d5ac7503d5ac7509dde2474a002
0bb3000051c4000051c400001e090c000bb3
6231000011ed00006231000034a3dd006231
4af3a6c17ff739267fc000007fc000004af4
831800007778000077780000bb1340008318
4b0200009cc700004b020000a84a1c004b02
5ab8000020e900005ab800003c2778005ab8
1e7ae016dae7c7a2dae7c7a2b9e323d71e7b
74fc00000a28000074fc00003fa5600074fc
9e6ce68dad44270cad44270c0c3584a69e6d
1e1400003f9500003f9500001e2c48001e14
795e844674c10199795ee4c77f800000795f
ee7100001eee0000ee710000cde00e00ee71
d5a7000036e50000d5a70000cd156300d5a7
3f19000068d8000068d80000688118003f19
a7518c9de2a23f92e2a23f924a84cf04a752
f3460000e05a0000f34600007f800000f346
34a300008c88000034a3000081ad300034a3
53eece54799b7d63799b7d637f80000053ef
daff0000400f0000daff0000db8e7100daff
df0200000aa30000df020000aa258c00df02
12cd00008931000012ccffea8000000012cd
37e15afa4a2e7ee74a2e7ee742999b8c37e1
feae00004ee20000feae0000ff800000feae
c7ff000004740000c7ff00008cf30c00c7ff
8b8200000fb400000fb37e00800000008b82
5a3a00007f0600007f0600007f8000005a3a
dc9000002a8a0000dc900000c79b4000dc90
cb730000797d0000797d0000ff800000cb73
f594000085a20000f59400003bbb5000f594
374c0000c9e40000c9e40000c1b5b000374c
6b880000144800006b880000405480006b88
aaa93ea114c87208aaa93ea180424228aaa9
1f980000d62c0000d62c0000b64c40001f98
addd00003d5900003d590000abbb5500addd
5915f13e47dcbe255915f13e61814ab05916
88820000a3820000a3820000000000008882
f8a5000099470000f8a5000052804300f8a5
61945d191c2cc15761945d193e483d336194
a42b00009e5f0000a42b0df00314f500a42b
d11700007211000072110000ff800000d117
978b0000c25d0000c25d00001a6ffe00978b
5a3c00002e4900005a3c000049139c005a3c
a7fc0000a6fc0000a81d80000f781000a7fc
429700003e19000042974c8041347e004297
10c1e9d9efb4edf4efb4edf4c1090cab10c2
ac3a0000a9e30000ac41180016a4ee00ac3a
05b26cc65fe70b725fe70b722621082105b2
69e00000e539000069dfa380ff80000069e0
aee60000cdf20000cdf200003d596c00aee6
b97800000ec10000b978000088baf800b978
eb9a000094c00000eb9a000040e70000eb9a
9be3768411d061049be37677800000009be3
fd1c0000df350000fd1c00007f800000fd1c
497a0000b3cf0000497a0000bdca2600497a
9c03d3ee6fe2c9b56fe2c9b5cc6991ed9c04
89f700bc474a560d474a560d91c3399b89f7
b40f0000f0c30000f0c300006559da00b40f
01320000ee8d0000ee8d0000b04414000132
18170000e55f0000e55f0000be0389001817
4acc018e90dedb444acc018e9c3198154acc
bd46000019130000bd46000096e36400bd46
aa970000738f0000738f0000dea8b200aa97
3adf0000796800007968000074ca18003adf
51370000063f000051370000180889005137
5e580000f0580000f0580000ff8000005e58
1b02af4634fac8d234fac8d2108005ae1b03
f4fd000048e70000f4fd0000fe644b00f4fd
81ac00000d6c00000d6bffff8000000081ac
e0ba00002bae0000e0ba0000ccfcd800e0ba
293b63de5089f9235089f9233a49fd9f293b
f1527d9f40ba350af1527d9ff2991ae2f152
8bcf000039f9000039f90000864957008bcf
b9030000d5680000d56800004eed7000b903
3a2500004dd100004dd100004886b5003a25
4879000076700000767000007f6970004879
c63300004d6800004d67fd34d4223800c633
9e64000050c9000050c90000afb304009e64
4cb700002d4d00004cb700003a928b004cb7
c26e0000997e0000c26e00001c6c2400c26e
15ff684b2ef6412f2ef6412f0575af4015ff
95fe00005164000051640000a7e2380095fe
c9850000524400005243ffbedc4ba800c985
13e90000b0140000b01400008486b40013e9
c5d28073f9a1785cf9a1785c7f800000c5d3
04dd0000f88d0000f88d0000bdf3720004dd
c4d2b1c9bdc7b361c4d2b4e843245bd5c4d3
dd4d0000cc750000dd4d00006a443100dd4d
afa4fa16a2ab9199afa4fa1612dd21c2afa5
b8e087e7784a28af784a28aff1b14eebb8e1
822200009411000094110000000000008222
dc6c53e4eb65a22aeb65a22a7f800000dc6c
a86100006389000063890000cc70d200a861
7808ea41d2f764b87808ea41ff8000007809
9e1d51780cd72def9e1d5178800000009e1d
66656929142d5d33666569293b1b5b966665
01e000007c0e00007c0e00003e78800001e0
62730000ffe400007fc000007fc000006273
677e3d1260136bda677e3f607f800000677e
f10b000097e00000f10b000049734000f10b
ee6ab13fd8571875ee6ab13f7f800000ee6b
2e37fc7a4e0d47bb4e0d47bb3ccb13392e38
eb5c0000b4130000eb5c00005ffca800eb5c
45661eddd5aa5ec8d5aa5ec8db9925b24566
dff5e52f2f0e9baddff5e52fcf88faa8dff6
2752000077240000772400005f0688002752
91520000dbb00000dbb000002d9060009152
c4e3ff3b10e97ce4c4e3ff3b964ff287c4e4
4eeeb97c8d71c2614eeeb97c9ce171e14eef
d6790000ca360000d679000161310600d679
26a6000047d0000047d000002f06e00026a6
58080000d4d9000058064e00ed6690005808
2f880000b6270000b626fbc0a63170002f88
8c5c27b8481458a8481458a894ff26698c5c
751700008f0a000075170000c4a2cc007517
00070000cbd70000cbd700008abc20000007
7fff0000805500007fc000007fc000007fc0
a71600003caf00003caf0000a44d1400a716
f0f9000071dc0000719dc000ff800000f0f9
4c430000ffce00007fc000007fc000004c43
7b07000056cc00007b0700007f8000007b07
9ee7000085d200009ee70000000000009ee7
a1eb000074fd000074fd0000d7683f00a1eb
5b590000808000005b5900009c5900005b59
bd18000013130000bd18000090ae9000bd18
230c00008d400000230c000080000000230c
4000000012b1000040000000133100004000
78a300001106000078a300004a2aa40078a3
0db20000d37f0000d37f0000a1b14e000db2
9eb21f4a66e0fa2766e0fa27c61c896e9eb2
410c0000257d0000410c0000270a5c00410c
863e0000cd360000cd36000014071400863e
8f144b83c654e580c654e58015f6a6f48f14
30e000005ee000005ee000005044000030e0
f4b400009f910000f4b4000054cbe800f4b4
172d0000d2c30000d2c30000aa83c700172d
be15d5f0f65ec24ff65ec24f75026140be16
af9b0000b4d80000b4d826c02502c800af9b
d4130000d9260000d92624c06dbea400d413
f0d70000fdc00000fdc000007f800000f0d7
7b2a0000029600007b2a00003e4738007b2a
3beb00002c2900003beb0000289b23003beb
db1b000047d90000db1b0000e3836300db1b
12a8000042600000426000001593000012a8
a4100000b6f50000b6f500001b89d000a410
e9160000fa8e0000fa8e00007f800000e916
17bd0000a57e0000a57e00008002ee1817bd
bde4163c7e22e6757e22e675fc912366bde4
9b63000064a4000064a40000c0916c009b63
03d20000a1410000a14100008000000003d2
9dda000041770000417700009fd256009dda
55ee000006c7000055ee00001d39020055ee
96c000007d6b00007d6b0000d4b0400096c0
4ab10000083800004ab10000137e70004ab1
f5cb0000fd0b0000fd0b01967f800000f5cb
8b8c44e18b1306188bd5c7ed000000008b8c
60e700007d3400007d3400007f80000060e7
b08900009e080000b08900000f119000b089
83880000d3260000d3260000173060008388
e5cc0a54ddd607a0e5cc0b2a7f800000e5cc
5c0c0000be7d00005c0c0000db0a5c005c0c
cfbf0000f2830000f28300007f800000cfbf
a4bc0e9cb5ce78bfb5ce78bf1b17ac75a4bc
52feb14306a735be52feb1431a265b1a52ff
7154000077f4000077f406a07f8000007154
201ccc6ef9eb4e87f9eb4e87da901fc2201d
5b240000d94400005b17c000f4fb20005b24
5e0f0000213100005e0f00003fc5be005e0f
5878841730cc9c1e5878841749c6a0d05879
67210000edd80000edd7faf8ff8000006721
32835da74a82beeb4a82beeb3d862f0e3283
203a000012e40000203a000000000000203a
b9070000271c0000b9070000a0a48800b907
5c69b805ed7f63f0ed7f63f0ff8000005c6a
9fa194432a9a34e62a9a34e38ac2a9279fa2
fb270000910e0000fb2700004cb94400fb27
bcdf748da01fa503bcdf748d1d8b596cbcdf
d5100000cc890000d5100044621a2000d510
02ebf0b1724046a2724046a235b1359e02ec
778c0000483f0000778c00007f800000778c
30d4dac0cd4bc542cd4bc542bea96d7930d5
68df000025c1000068df00004f281f0068df
d14400007354000073540000ff800000d144
58dccc23b2f0a04358dccc23cc4f899a58dd
d5380000c56f0000d53800005b2bc800d538
38220000bf470000bf46fd78b7fbdc003822
e52ecbd178c9692f78c9692fff800000e52f
26650000da870000da870000c17186002665
a5276a881cca7165a5276a2382846437a527
bc4a000051f7000051f70000cec2e600bc4a
fa48000034560000fa480000ef273000fa48
0436a0f62160697121606971000000000437
37447542dfab1175dfab1175d78347b93744
b3eb00007439000074390000e8a9d300b3eb
8e69000088b300008e691660000000008e69
26730000abaf0000abaee1a092a61d002673
9b58000017ac00009b56a800800000009b58
4227000096f2000042270000999dde004227
5d5b62ab205f1b095d5b62ab3e3f321e5d5b
4ce400003aa900004ce40000481684004ce4
66b8e4dedc56e78e66b8e4d7ff80000066b9
56990000e0c10000e0c0fff6f7e6b2005699
5ac0998964e1773164e1773d7f8000005ac1
14af576c952f210e94aeeab08000000014af
6f890000161100006f890000461b32006f89
7d12000088e700007d120000c683be007d12
07f70000af020000af0200008000001f07f7
133400009ba900009ba8ffa6800000001334
610419506f5449216f5449217f8000006104
d3990000de840000de840002729dc800d399
c96b000082db0000c96b00000cc90900c96b
0d0908bf755782097557820942e6b7e70d09
1e367a5e55f2654155f2654134acc7d91e36
41b70000cae00000cadfffd2cd20200041b7
b15228f2b0a51208b19258fb22878331b152
40050000aff1000040050000b07a6a004005
93a50000ec1f0000ec1f0000404cf60093a5
77d20000be1e000077d20000f6819c0077d2
296804357e1ded8b7e1ded8b680f21de2968
f74fb4ba0a1e2c35f74fb4bac2005569f750
70180000300e00007018000060a8a0007018
e31b0000221d0000e31b0000c5be1e00e31b
e1bf00004b8a0000e1bf0000edcdec00e1bf
137962f1395af734395af7340d554f121379
d2020000cbc20000d20206105e450800d202
e0bafd070aa8d64be0bafd07abf6a526e0bb
a809000079b9000079b90000e2460200a809
de4bf7a21a7bbc7dde4bf7a2b94891f9de4c
a5b7ad251f9263caa5b7a3ff85d210b0a5b8
ae65d1d0df47bcf9df47bcf94e334fbeae66
32e60000393a0000393a07302ca71c0032e6
bc2000008a9c0000bc20000007430000bc20
4e6c000037ae00004e6c000046a068004e6c
0b370000ab4e0000ab4e0000800000120b37
b8fcd0a7f6f5fc55f6f5fc557072ece1b8fd
be40000090be0000be4000000f8e8000be40
363200000192000036320000000000663632
b3ee00005afc00005afc0000cf6a4800b3ee
0b485189714ea325714ea3253d21b1450b48
d3dcffbe53378502d3813d3de79e6da3d3dd
b3dd19d7a6cfbc39b3dd19d71b336a75b3dd
a410000014050000a410000080000096a410
6e5528b5178d82fa6e5528b5466ba8f56e55
406b0000d2500000d2500000d33ef000406b
f131a59b0dc21c89f131a59bbf86b34df132
f1b16a91b1d4bfc0f1b16a9164137124f1b1
59040000c324000059040000dca920005904
73b5c5f55851c08d73b5c5f57f80000073b6
7e5e0000c93100007e5e0000ff8000007e5e
9f00000094c300009f000006000000009f00
5ee5d87700031bdd5ee5d8771d32a3695ee6
b62500007335000073350000e9e95200b625
5f980000f34c0000f34c0000ff8000005f98
280d4368f1a5e54af1a5e54ada3715f0280d
165f92ba164b4e8116d5709e000000001660
242cda3c5d22e32b5d22e32b41dbf6f9242d
3ea2e2e50963e1163ea2e2e50890fe683ea3
8b6000008b0300008bb18000000000008b60
207300003126000031260000121d92002073
0d6a00000c8300000d95c000000000000d6a
1c3b0000012600001c3b0000000000001c3b
e5a15e4958a5c08ae5a15e49fed0f646e5a1
3f890000677500006775000067831d003f89
84651eb608b65b7f08b5e8f0800000008465
885800000d2d00000d2cca00800000008858
2259000087ab000022590000800000002259
3a64fe16999954713a64fe16948927643a65
5b874f31529e0d975b874f596ea7141e5b87
180ac1717522154c7522154c4dafb3e9180b
b7b700006e4500006e450000e68cd300b7b7
b57dc46719bd485fb57dc4678fbba1bdb57e
a8509cb40f6f8085a8509cb480000062a851
3849bbc73d19f7583d1a29c735f2a847384a
886b0000295800002958000080000000886b
5fad00008f1100005fad0000af43fa005fad
167c1c4d3b26dc3b3b26dc3b1224533c167c
351d0000dff80000dff80000d5981800351d
5ffd3f345e08c24d60072bbf7e8749ca5ffd
ad7600004dc800004dc80000bbc03000ad76
a267000012710000a267000080000002a267
d1710000ef2a0000ef2a00007f800000d171
0288451e236fd5a5236fd5a5000000000288
a439eb9ab43f76b9b43f76b9190b0d01a43a
8d9a0000eb180000eb1800003936e0008d9a
1e3d96aacbb758b3cbb758b3aa87c8641e3e
d3250000fbca0000fbca00007f800000d325
103c0000c24d0000c24d000093168c00103c
51da0000e3650000e3650000f5c3020051da
1dea3f5522c83c6822c876f8013738c01dea
3123000029cf00003123019e1b83cd003123
7ce19b67417796217ce19b677eda313f7ce2
28c700004f7100004f71000038bb570028c7
19cf00006f0600006f0600004958b40019cf
b96c7356a97087d7b96c7356235e2998b96c
dd7c19ded10b170edd7c19df6f08f8c0dd7c
2033066bec709aecec709aeccd28425b2033
6b310000fe740000fe740000ff8000006b31
ba4700005d4600005d460000d819ea00ba47
a3623f2cdccd5d86dccd5d8640b57f3ea362
13d70000618b0000618b000035e97a0013d7
8a3500005e4b00005e4b0000a90f87008a35
36e60000a86f000036e600009fd6ba0036e6
867e0000b51c0000b51c000000004d64867e
1abf0000e4a20000e4a20000bff1bc001abf
d06500006cec00006cec0000fdd31c00d065
93b00d3982f2983693b00d390000000093b0
c182000024a10000c1820000a6a38400c182
aa590000c3d60000c3d600002eb56600aa59
cd88e0349fa95674cd88e0342db51477cd89
831d0000502100005021000093c57a00831d
13d40000be250000be2500009288a40013d4
0f1a000070dc000070dc0000408458000f1a
b3b2000008e80000b3b20000800142a0b3b2
25720000ef350000ef350000d52b1a002572
374600008a5f000037460000822c7a003746
b300456f9f4f2e02b300456f12cf9e64b300
ecd6000028310000ecd60000d593f600ecd6
e370000065c6000065be8000ff800000e370
054243add10c4b31d10c4b3196d4ec230542
902a0000315f0000315f000082141600902a
bc7a0000f08e0000f08e00006d8aac00bc7a
cba4e8205a1b3c005a1b3c00e647fe64cba5
7aad3a29d0730fd07aad3a29ff8000007aad
284700009f1d00002846ffd987f416002847
605a000089b80000605a0000aa9cb000605a
668c0000a7040000668c0000ce106000668c
6f7c4ffe329e7dea6f7c4ffe629c35786f7c
5d8910c55d89806e5e09489a7b933d795d89
404a00007ea400007ea400007f800000404a
4ffb000043c300004ffb0001543f31004ffb
a4fec14307ee0fd0a4fec14380000000a4ff
e8240000f2ec0000f2ec00057f800000e824
d0090438476cf719d00903fdd7fda848d009
936e9429232325f4232325f480000013936f
45c5c969a89e0a7a45c5c969aef434ce45c6
21830000e6120000e6120000c8156c002183
74846a49d518038d74846a49ff8000007484
be9f117d3983de92be9ef085b8a3e07ebe9f
6e2d0000b6a900006e2d0000e5646a006e2d
50230000be28000050230000ced5f0005023
7c953047a9691ba67c953047e687d90d7c95
3852670cc25bcef3c25bcee6bb34a83e3852
6e0c98324559c50f6e0c983273ef32776e0d
84b30000ceb70000ceb7000013ffea0084b3
d6e4945d887b202ad6e4945d1fe03a2fd6e5
b38500005b6d00005b6d0000cf764200b385
6ebdb4ec96c4f93d6ebdb4ecc611f7376ebe
5f280000127b00005f2800003224b8005f28
ec59d0c12b0294b4ec59d0c1d7de3510ec5a
c76b0000c1740000c76b0f40495ffc00c76b
20837f29d53d4692d53d4692b64272422083
9af6000089ce00009af60000000000009af6
b82e00000b1c0000b82e000083d41000b82e
88ef00005f4900005f490000a8bba70088ef
41da5c9ad76073f8d76073f8d9bf73f241da
77ff000001e9000077ff00003a68170077ff
d6d90000b0d00000d6d9000048305000d6d9
906c000088ba0000906c017400000000906c
fb4f0000d7ef0000fb4f00007f800000fb4f
ac8c58955119207351192073be27e576ac8c
de6cbad283d5a23bde6cbad222c58d76de6d
0e0d00006f5500006f5500003deaa2000e0d
bfb12fc5ccfa3f40ccfa3f404d2d346dbfb1
d7c5000065b5000065b50000fe0b4900d7c5
1db50000183600001db516c0000000081db5
ce9700008cd50000ce9700001bfb4600ce97
3e850000727900007279000071815d003e85
1b9b0000121700001b9b0013000000001b9b
8ef20000851700008ef20013000000008ef2
72e50000cccb000072e50000ff80000072e5
02a60000763d0000763d000039751c0002a6
29cd0000becd0000becd0000a924290029cd
d72177f8025a418bd72177f89a09a980d721
b813000010fe0000b81300008991da00b813
a57923b585b2c3dca57923b500000000a579
25fd00004e3100004e31000034aeed0025fd
bfc60000cfb40000cfb40000500b3800bfc6
02125ba3d8b1e051d8b1e0519b4b63340212
e92029c1254b6b77e92029c1cefe88b0e920
4fb6ce0f76db62bc76db62bc7f8000004fb7
ccc80000ca1a0000ccccd0005770a000ccc8
6cfc57fb393cd0f06cfc57fb66ba1e906cfc
46250000c380000046210000ca2500004625
dd4000001b8f0000dd400000b9568000dd40
a8e800008e460000a8e800000000002da8e8
ff80000088580000ff8000007f800000ff80
0dc01ee7f550e5eaf550e5eac39cc5a70dc0
2cbe0000f4140000f4140000e15bb0002cbe
16e200004b9b00004b9b00002308d60016e2
8fa700000aee00008fa6c480800000008fa7
79b00000289f000079b0000062daa00079b0
91c400008231000091c400000000000091c4
5c9a00008e5300005c9a0000ab7ddc005c9a
f2c200002f8a0000f2c20000e2d12800f2c2
06560000276c0000276c0000000000000656
af800000a78b0000af80008b178b0000af80
85250000f63a0000f63a00003befc4008525
afb900007b2800007b280000eb72d000afb9
6461000074fe000074fe00007f8000006461
19400000f8250000f8250000d1f780001940
9a6200001fb500001fb4e3c0800009fd9a62
e4740000deb90000e47417207f800000e474
da6400003add0000da640000d5c4d400da64
55bf0000ff2a0000ff2a0000ff80000055bf
cf8e95e5ac1c3591cf8e95e53c2e025bcf8f
712a00000a3d0000712a00003bfb0400712a
1473000015b1000015cf6000000000001473
c9f0d96fe7d9bcd6e7d9bcd6724cd9f8c9f1
13d33ae1d0831d2cd0831d2ca4d85e6613d3
e43831d31e74420de43831d3c32fbf03e438
1551000043a5000043a500001986b5001551
60bc00004723000060bc0000686f680060bc
07146f79b6175ba0b6175ba08002be170714
094fa987a7cd2176a7cd2176800000000950
1518000010b8000015185c00000000001518
7be900004c0700007be900007f8000007be9
3eb82330b5dcb78a3eb822f9b51ec2423eb8
7203000084d6000072030000b75b04007203
bfe20000d98d0000d98d000059f8f400bfe2
b937431c9ce1a617b937431c16a188e2b937
c685ecdce643d1dfe643d1df6d4ce26dc686
7a7c0000428400007a7c00007d81f0007a7c
82dac89251de6f0751de6f07953e18d282db
2c700000f9070000f9070000e5fd20002c70
c2c1f89ca6d06d89c2c1f89c2a1decfdc2c2
6762000028a3000067620000508fe6006762
9952000078d2000078d20000d2ac44009952
57770000039a0000577700001b9496005777
b33f6e188cc3e774b33f6e1800927defb33f
f69b0000f4ba0000f6a6a0007f800000f69b
00d8000047c4000047c400000925600000d8
19853f8d05a8c28219853f8d000000001985
183e3c6b72c30b4472c30b444b90f065183e
c465000041910000c4607800c681b500c465
a6420000491b0000491b0000afeaec00a642
47bd2b76f1ef3c14f1ef3c14fa30c7f847bd
fc8000005e070000fc800000ff800000fc80
bd0a2463ed635899ed6358996af55c26bd0a
25cb0000e7420000e7420000cd99d60025cb
46274a3460b58edc60b58edc676d49a34627
e1e43e444add7372e1e43e44ed4570aee1e4
d35d000043d20000d35d0000d7b54a00d35d
98660000306b0000306b0000895322009866
0e9c0000809c00000e9c0000800000000e9c
798a182b8e9f49fd798a182bc8abd9d8798a
914f000086d10000914f000700000000914f
31a10000891f000031a100008000190031a1
2d0f6420f536f769f536f769e2ccf7862d0f
cb8671dbb8b635e6cb8671db44bf6280cb86
773eb26f71394198773ebe037f800000773f
62440000225a0000624400004526e8006244
afd4d6451964cd48afd4d64589be3981afd5
a5bd448f613b8208613b8208c78aa137a5bd
39f500008911000039f50000838ac50039f5
8fbbee5633ce42ec33ce42ec84176aea8fbc
b11300008ce20000b113000000081c60b113
10713ec82d8fbc1c2d8fbc1c000877351071
8180d543a529b138a529b138000000008181
48980b218d7e5a0b48980b21969710854898
1d1e000059e8000059e80000378f30001d1e
c3fd0000702c0000702c0000f4a9fc00c3fd
6ef90000a86500006ef90000d7debd006ef9
50b43ca8220f16c050b43ca833497bcc50b4
04870000ee450000ee450000b34fc6000487
d6cb0000f4d40000f4d400007f800000d6cb
b2728af404d1d11ab2728af480000032b273
45b5f2e9fa1ee31ffa1ee31fff80000045b6
c3d90000c6f20000c6f564004b4d2200c3d9
30570000e5d70000e5d70000d6b491003057
9ee50000aefc0000aefc00000e616c009ee5
ab13d29dbc0aa2a9bc0aa2a927a01aebab14
311349b4c6cff5e7c6cff5e7b86f4c263113
242d000072f8000072f8000057a79800242d
5cbe0000702b0000702b00007f8000005cbe
e7db000000660000e7db0000a8ae8400e7db
06060000a0de0000a0de0000800000000606
e07400001cb10000e0740000bda8b400e074
b5650000711c0000711c0000e70b8c00b565
1296d751d4c1779fd4c1779fa7e3fda01297
4a82000055e8000055e8000260eba0004a82
3e6b0000329000003e6b0001318430003e6b
9d560000200200001ffd5000800365609d56
5b170000597900005b2690007512df005b17
cde6e20adfa7a357dfa7a3576e1730c5cde7
ffc8000087b400007fc000007fc000007fc0
a8ab00009cb60000a8ab000105f32400a8ab
e96a99d1b34b25c7e96a99d15d3a2a97e96b
a632feffde29069cde29069c44ec5deba633
6f720000386600006f72000068596c006f72
1a9b00000a9400001a9b0000000000001a9b
ee560000c3770000ee560000724e7a00ee56
2f8600005b1800005b1800004b1f20002f86
66880000f21e0000f21dffffff8000006688
d1fe0000eebf0000eebf00007f800000d1fe
b42c0000cfef0000cfef000044a09400b42c
84030000685f0000685f0000ace43a008403
dc2700003d000000dc270000d9a70000dc27
27490000fcd60000fcd60000e4a806002749
d4e015f5315999f1d4e015f5c6be795dd4e0
42be07953518bd3b42be07953862c1f042be
074b067b4bf125984bf1259813bf3eea074b
5f17a31c9a2565e55f17a31cb9c3f0f85f18
a2bb830a615f6b18615f6b18c4a3a597a2bc
e5e800004e7c0000e5e80000f4e46000e5e8
dac900003c5f0000dac90000d7af1700dac9
197e45b94421ecea4421ecea1e20d52a197e
065b0000d1550000d155000098363700065b
659cd31583a91e86659cd315a9cf3417659d
329a0000793d0000793d00006c636400329a
452d000099c30000452d00009f83c700452d
824d0000f21f0000f21f000034fea600824d
658000009929000065800000bf2900006580
56a00000eded0000eded0000ff80000056a0
fa980bc3ead2b55dfa980bc37f800000fa98
7ec0000046bd00007ec000007f8000007ec0
cb545af0edeb459aedeb459a79c32937cb54
47ddeeeb083c0d0c47ddeeeb10a306c447de
a2f400006f4b00006f4b0000d2c17c00a2f4
d6fc0000e13f0000e13f000878bc0400d6fc
273f00001bf80000273f000203b90800273f
c0430000ff5a0000ff5a00007f800000c043
c43bdf8d5b8896d35b8896d3e0487ae5c43c
f89da3bf53ab3cd6f89da3bfff800000f89e
6d6b0000ad0000006d6b0000daeb00006d6b
a4edb2daadac8fd8adac9013132039baa4ee
a6830000f2d90000f2d9000059de1600a683
2e7e00009cbc00002e7e00008bba88002e7e
5e450000dc1c00005e3b4000faf018005e45
0d980000d0330000d03300009e5490000d98
d1750000f0bd0000f0bd00007f800000d175
e85a0000732d0000732cfffdff800000e85a
b0cceb6d9e4e30f4b0cceb6d0fa50ca1b0cd
6606000084a1000066060000ab288c006606
edb50000fce70000fce700007f800000edb5
dddbf4a1b7d9e29fdddbf4a1563b3513dddc
b89d00004500000044ffffffbe1d0000b89d
3d88000017bc00003d88000015c7c0003d88
eb104252f640884df640884f7f800000eb10
2b1b000060a2000060a200004c442c002b1b
c0d4000009c20000c0d400008b20a800c0d4
96b50000ceee0000ceee00002628460096b5
95460000c7ab0000c7ab00001d8442009546
aa1600006620000066200000d0bb8000aa16
b7bf929eb1512f4bb7bf9927299c8a17b7c0
6d7a000012a300006d7a0000409f2e006d7a
715c0000ce030000715c0000ff800000715c
bfdf1984b9b61895bfdf24e63a1eb190bfdf
7551000083fb000075510000b9cceb007551
a0190000bc210000bc2100001cc07200a019
00246fff4d68d4834d68d4830d848efa0024
bee700000ef60000bee700008e5dfa00bee7
064c000079640000796400004035b000064c
7aa7289fbe62bc2e7aa7289ff9940cbc7aa7
e27700000dcb0000e2770000b0c3dd00e277
8c9aea15a2e22d83a2e22d83000000008c9b
c0169acdee2e8fdcee2e8fdc6ecd63b2c017
eab380ddf8d76e0ff8d76e0f7f800000eab4
603e0000dbdc0000603d9200fca34800603e
58ae07ffbc05e1b058ae07ffd536072858ae
ed170000ae580000ed1700005bfed000ed17
14580000921e0000144e2000800000001458
31af00007b1e00007b1e00006d58040031af
0c8babe05cd82cd95cd82cd929ebe2fa0c8c
070f00009f4300009f43000080000000070f
7c89cb62ebccf2247c89cb62ff8000007c8a
557400004ddf0000557401be63d48c005574
926cc42df73c7ccbf73c7ccb4a2e537c926d
b46b00002c980000b46afed0a18b8800b46b
b71ef4d29544c8fbb71ef4d20cf46078b71f
a5cc0000fd9c0000fd9c000063f8a000a5cc
eba0000046ed0000eba00000f3142000eba0
112f9bb73dd2eefd3dd2eefd0f90b1ac1130
047b00009d4f00009d4f000080000000047b
f6e20000e5d20000f6e200007f800000f6e2
52d7000043f7000052d70000574f710052d7
519000001159000051900000237420005190
c1640000d9780000d97800005b5ce000c164
4a17c60354b8b55054b8b5555f5b03a14a18
eff90000a6ce0000eff9000057485e00eff9
a7eb0084d017c6add017c6ad388b53afa7eb
ea9f00007e9000007e900000ff800000ea9f
d8f9000023920000d8f90000bd0e0200d8f9
2d1b0000c22b0000c22b0000afcf12002d1b
6e52943ecb089e6b6e52943ef9e0c2216e53
60849495a4bddf3160849495c5c4aa926085
5edf00003d8e00005edf00005cf764005edf
4c9e000056370000563700146361e4004c9e
29e13678a34cfdce29e130108db456b029e1
adcc0000400d0000400d0000ae60b800adcc
a6dc63844056cdff4056cdffa7b8ec88a6dc
fbffe0d7cc10ec66fbffe0d77f800000fc00
0a43000062af000062af00002d854d000a43
bffe0000e3780000e378000063f61000bffe
641c0000253c0000641c000049e52000641c
5b0de00511d847c95b0de0052d6fb9995b0e
3842000086820000384200008018a1003842
3c38000096c700003c380000938f08003c38
947d9e12a1a0a2b4a1a0a2b40000000a947e
833000002d2e00002d2e0000800000008330
df020000a5ca0000df020000454d2800df02
22ad0000a5be0000a5bb4c008900660022ad
c08f0000218a0000c08f0000a29a2c00c08f
c77900008f520000c7790000174c4200c779
7890dd8bf209216b7890d942ff8000007891
f16f0000add60000f16f00005fc7ca00f16f
ea290000fb360000fb3600007f800000ea29
67060000294b00006706000050d484006706
d1e20000f9560000f95600007f800000d1e2
5ab7d992e6891a68e6891a67ff8000005ab8
5e580000b4b300005e580000d39708005e58
0466000015fa000015fa0000000000000466
b98d00009ec90000b98d000018dd6a00b98d
89c50000fdf10000fdf100004839750089c5
1b934ce903ab2dea1b934ce9000000001b93
fc24ab455090bf77fc24ab45ff800000fc25
fc94000085720000fc940000428be800fc94
87420000cc3a0000cc3a0000140cf4008742
fbe85b7960cd4f50fbe85b79ff800000fbe8
2eff0000df800000df800000ceff00002eff
69620000b5c7000069620000dfafae006962
957200005bc900005bc90000b1be02009572
4b12000073b3000073b300007f4c2c004b12
bf46000030720000bf460000b03b2c00bf46
5443cbb6b1dfd4435443cbb6c6ab30cb5444
387b000042710000427100103b6c4b00387b
68820000eda70000eda6df80ff8000006882
e2f10000cd1b0000e2f100007091eb00e2f1
a4caf0b8b882b681b882b6811dcf3dd6a4cb
6f39000011fc00006f39000041b61c006f39
d20d0000a08d0000d20d0000331b5200d20d
beb500007b5300007b530000fa952f00beb5
0d146a156eaf03316eaf03313c4aecbc0d14
06370000713100007131000037fd0e000637
e584646d570c1bcee584646dfd10ea99e584
d3200000d3770000d3cb8000671a6000d320
6d3800009e8500006d380000cc3f30006d38
b18400004a6200004a620000bc691000b184
5a7fd81f2230d2d95a7fd81f3d30b74d5a80
854500008fc100008fc10006000000008545
84d70000908a0000908a00010000000084d7
aed0000039e1000039e0fffda936d000aed0
a5280000152b0000a528000080000e07a528
32950000f27a0000f27a0000e59182003295
7029ce272da193c37029ce275e565952702a
cab900009a5c0000cab90000259efc00cab9
59f10000c238000059f10000dcad380059f1
774169bafd146a01fd145deaff8000007741
158a5355ccb104c6ccb104c6a2bf4c64158a
1b300000c22c0000c22c00009dec80001b30
853200007d3100007d310000c2f624008532
05d7463671d0ce2171d0ce21382f966205d7
30350000b3950000b3939600a452b2003035
1dbf00003ef500003ef500001d36cb001dbf
651f145aa69c05a1651f145acc41e7cd651f
27e6000072b1000072b100005b1f060027e6
0ad90000bf4a0000bf4a00008aab3a000ad9
6bb479c9663d94ee6bb4917c7f8000006bb4
695b58d5b6106da7695b58d5dff77fd7695b
e1ed00000ed40000e1ed0000b1444400e1ed
957a0000b3980000b398000009947000957a
f1980000daae0000f19800007f800000f198
ebd300000e3b0000ebd30000ba9a2100ebd3
36370000e7460000e7460000de0d8a003637
31cceb58caae74d1caae74d1bd0ba57831cd
0e200000b8c10000b8c10000877140000e20
1a9c00002d6300002d630000088a54001a9c
9eaf0000965100009eaf0068000000029eaf
02848d0278c5d5aa78c5d5aa3bccde480285
5e400000fdb70000fdb70000ff8000005e40
42f900006f0500006f05000072815d0042f9
92e97c6c2764286e2764286e80000d0192e9
b16d000072fd000072fd0000e4ea3900b16d
98ad0000e0d80000e0d800003a11f80098ad
0990a625986f915a986f915a800000000991
f87f0000e4df0000f87f00007f800000f87f
4b1b0204c663fa374b1ac905d20a0a4b4b1b
4ba200005a1d00005a1d00006646b4004ba2
4e1600005c4d00005c4d00006af03c004e16
9b1f00003a0e00003a0e000095b064009b1f
b474077d7df8b0d27df8b0d2f2ed0fceb474
bd1bc061244a5919bd1bc061a1f63803bd1c
2c6873d12e6a05882e788cc51b547ee32c68
ba5100001a0e0000ba51000094e7dc00ba51
7bc10000ff8800007fc000007fc000007bc1
b0c70000b0090000b105c0002154fe00b0c7
fa186549ecb17423fa1865497f800000fa18
b1ec0000839f0000b1ec000000000005b1ec
80fa0000ea5a0000ea5a00002bd4e40080fa
d5670000bd620000d5670000534bee00d567
b9ec000097520000b9ec000011c19800b9ec
80a3b8ac381e06a4381e06a48000019480a4
4b810000e19d0000e19d0000ed9e3a004b81
6f610000e37700006f60ffffff8000006f61
4a8ae2e8cab61600c9accc60d5c592814a8b
3cfe0000209400003cfe00001e12d8003cfe
cf45c8933aec219bcf45c893cab66edecf46
15f500005fde00005fde00003654760015f5
a5ed2b15b5af2af2b5af2af21c22483da5ed
1c230000dddc0000dddc0000ba8c14001c23
e2c300004fe60000e2c30000f32f3200e2c3
fe600000a7c50000fe60000066ac6000fe60
14332b863bcc0ab73bcc0ab7108ece2f1433
6149f46ca68783e76149f46cc855cfe7614a
3f2a00008e7200003f2a00008e20b4003f2a
7db20000518700007db200007f8000007db2
fae40000079b0000fae40000c30a0c00fae4
6cf5a4b6eca1b19c6c27e634ff8000006cf6
bd36000079b6000079b60000f7816400bd36
9f3f00007f4e00007f4e0000df19b2009f3f
78a30000d0d0000078a30000ff80000078a3
02c100009a7000009a7000008000000002c1
3da0eaa59c8de0253da0eaa59ab25c433da1
a849baa236a9d12b36a9d12b9f85d108a84a
d80e0000b4d10000d80e00004d67dc00d80e
531c000030f20000531c000044937800531c
0b12000037cf000037cf0000036c1c000b12
34821f969f2ef4d634821f969431dbd63482
092bfef90886715d096f37a800000000092c
b3b6832cff2ebda9ff2ebda9737928beb3b7
b10b0000a6700000b10b000418025000b10b
86351e1f6743a4066743a406ae0a69fd8635
bc930000cb230000cb230000483b3200bc93
bb9b0000377d0000bb9a8180b3992f00bb9b
dc730000151b0000dc730000b2132100dc73
4d810000327200004d8100004073e4004d81
f18e000041de0000f18e0000f3f64800f18e
c23a0000fd680000fd6800007f800000c23a
e43c00001a970000e43c0000bf5dc800e43c
2fa58de71617650c2fa58de70643d0182fa6
b36629043a6044b83a60411fae49a1acb366
ced400009db10000ced400002d129400ced4
d5c600007cfa00007cfa0000ff800000d5c6
51340000c6ab00005133fffbd87078005134
f37e000098880000f37e00004c86f000f37e
11fab569e2e38708e2e38708b55ed31a11fb
508a00004c520000508a69005d626800508a
662a543ab33fdabc662a543ad9ff4cc0662a
3382f7b13605175a36092f182a082d433383
7b6dee7eb346ff927b6dee7eef38f3fe7b6e
b7de0000e3f30000e3f300005c52ba00b7de
3dac7334980a65193dac7334963a74693dac
8bc900006556000065560000b1a806008bc9
65930000d1a8000065930000f7c0f0006593
d727bd9dcebfb3c5d727bdfd667b3886d728
2d01b3e30acb0b922d01b3e3000000672d02
59ece8425d3bb6e55d3d90b677adb6e959ed
776500008647000077650000be3203007765
03d91a0c0dad4f900dad4f9e0000000003d9
39990000bf400000bf3fece0b96580003999
cc2b27b04b175f19cc054fead7ca67fbcc2b
5a060000c7d300005a060000e25ce4005a06
8b1d0000d34e0000d34e00001efcac008b1d
235600007599000075990000597fcc002356
63860000f5920000f5920000ff8000006386
0239d00a6e3ba54f6e3ba54f310832f4023a
073800000510000007410000000000000738
7e1f000078cc00007e1f19807f8000007e1f
53a5000022f4000053a50000371d440053a5
70c44c0da08751c270c44c0dd1cf859770c4
6fb90000cb8300006fb90000fbbd56006fb9
3f3d0000592100005921000058edba003f3d
a411fbd436d75a8036d75a809b759c35a412
d6d80000a6300000d6d800003d948000d6d8
728a0000b0bf0000728a0000e3cdec00728a
08be0000a7790000a77900008000000008be
4926b0c2d43e6366d43e6363ddf7efd24927
d1c700002a0c0000d1c70000bc59a800d1c7
40b7000059650000596500005aa3b30040b7
15170ddcae10ce08ae10ce0883aae2bb1517
89c9000031240000312400008000203189c9
484d000053230000532300035c028700484d
1a34000015cb00001a346580000000001a34
a18d4d52fa66b875fa66b8755c7eb290a18d
6e85000078d1000078d100087f8000006e85
c94c0000a7970000c94c00003170a800c94c
915900007fd300007fc000007fc000009159
ae2e0000d3fe0000d3fe000042aca400ae2e
270f00009aeb0000270f000082834500270f
409231ea55f3c88a55f3c88a570b37e74092
ae874b33994beb26ae874b33085789cfae87
985800008ba7000098580000000000009858
4e0e000035c800004e0e0000445de0004e0e
92f20000fee30000fee300005256960092f2
b62f00009b3a0000b62f000011fe4c00b62f
330b0000f2f00000f2f00000e6825000330b
f49200001f600000f4920000d47f8000f492
ed0d000051a90000ed0d0000ff3a2a00ed0d
db9b00005f1d00005f1bca00fb3e1e00db9b
545b5956597b238c597b5a626e572f0c545b
d36b0000f3720000f37200007f800000d36b
f35600000ca30000f3560000c0884200f356
a28b00006725000067250000ca332e00a28b
fd7f0000d20c0000fd7f00007f800000fd7f
b7a70000a2000000b7a700001a270000b7a7
4c2e00006e6e00006e6e00007b21c4004c2e
e708000004b00000e7080000ac3b0000e708
54a400006ac500006ac500007f80000054a4
2514000091be0000251400008000001b2514
d3ed29c43545c18ed3ed29c4c9b73474d3ed
eb64000005be0000eb640000b1a93800eb64
fac80000d8770000fac800007f800000fac8
f14692e482b9ba88f14692e4349010d7f147
3ed90000cebb0000cebb0000ce1e83003ed9
073a0000873800000400000080000000073a
acf20000a71d0000acf213a014946a00acf2
b0350000f3230000f323000063e67e00b035
3326656e365f46ca3661e0602a11205e3326
158a00001ed100001ed1002200000001158a
853a000057d6000057d600009d9b7c00853a
5fabbaa8e8e7f8e2e8e7f8b7ff8000005fac
ee0c0000736a00007369dd00ff800000ee0c
50af00005a1d00005a1d00166b56a60050af
c9fb3b60e8370451e837045172b39baec9fb
3c420000b5c400003c41f9e0b29488003c42
17f20000c2c20000c2c200009b37640017f2
dd93ad4bfca59694fca596947f800000dd94
c0780000289c0000c0780000a9972000c078
58c0d1658213fb1d58c0d1659b5eeac058c1
5c520000f4e60000f4e60000ff8000005c52
949ebaca57feb1ba57feb1baad1deb87949f
5065604dd3b72491d3b559d0e4a4189b5065
8ad0102745d4a3dd45d4a3dd912cd28e8ad0
89480000ca090000ca09000013d610008948
072e0000c7340000c73400008ef4b000072e
83700000d20d0000d20d0000160430008370
05620000a9b70000a9b70000800000000562
757d00006e810000757d04087f800000757d
e64626df0f4a06dce64626dfb61c5ffbe646
ee29e79ba12c60ffee29e79b4fe4cff8ee2a
c6361f0596a03631c6361f051d63f3e1c636
e724000080350000e72400002787d000e724
2d499feb8dd6125d2d499feb80002a272d4a
1e2f3414ca65561dca65561da91cf4851e2f
cedc5b7d20eb7dcacedc5b7db04ab442cedc
14d000000ad5000014d0000d0000000014d0
0d9466361419257b14192a1e000000000d94
d5fac6fc70f73a4e70f73a4eff800000d5fb
5d860000d1df00005d85ffffefe974005d86
8498000059b9000059b900009edbb0008498
6db0b501f15f9b6af15e3a00ff8000006db1
fe130000a0f90000fe1300005f8efb00fe13
7a3000004dfa00007a3000007f8000007a30
ca8e0000f9d30000f9d300007f800000ca8e
dd1600006f5100006f510000ff800000dd16
103500000a27000010350a70000000001035
47b10000d1a90000d1a8fff5d9e9b20047b1
d275000012650000d2750000a55b2900d275
c9690000c43a0000c9692e804e294a00c969
2d8961dc06dfb2712d8961dc000000012d89
ef280000edf50000ef46a0007f800000ef28
390d0000e8aa0000e8aa0000e23b4400390d
9736f2b11b8e66b91b8e0b40800000009737
7e3eb323fa3cbe867e3df664ff8000007e3f
408e0000582100005821000059329c00408e
24b600002f8c00002f8c000314c7100024b6
ce4e000032540000ce4e0000c12a9800ce4e
b978a97b4e5f14fe4e5f14fec858b006b979
b7d6000019410000b7d6000091a15600b7d6
8b56005e23a4218a23a4218a800000008b56
353200000bb6000035320000017d18003532
b64e00003c8b00003c8af990b35fb400b64e
a640df7023137aeea63e918489de39d6a641
21ea48498d5cd1e221ea48498000000021ea
1c01aa10d3a4d97ed3a4d97eb026fe361c02
193f42f5c0c84eb6c0c84eb69a95a71e193f
c3a400007860000078600000fc8f8000c3a4
6066387bb3df7d316066387bd4c8fbc96066
e4960000084b0000e4960000ad6de400e496
d07c0000793f0000793f0000ff800000d07c
138600006cd200006cd2000040dbd8001386
8d6100009a7200009a720000000000008d61
73ed87d01ea9fc2c73ed87d0531db8a373ee
82c40000d82f0000d82f00001b85fc0082c4
3dce4eb54fb3ea734fb3ea734e10fdf93dce
ef1d46ec84363570ef1d46ec33dfe281ef1d
29360000359a0000359a00001f5af8002936
b1cf390da5f8d2fbb1cf390e18496a0db1cf
9e9a000053e3000053e30000b3088e009e9a
89910000eb8c0000eb8c0000359e98008991
81b200003f3800003f380000817fe00081b2
b244840120b38775b24484019389d048b245
52b38f0593b0ece052b38f05a6f830f152b4
44690000fb600000fb600000ff8000004469
17a40000df310000df310000b762c80017a4
522d9d5b8e31fee0522d9d5ba0f16d4c522e
ae580000ffc100007fc000007fc00000ae58
51fc00004599000051fc000158169c0051fc
89b88013cb928e45cb928e4515d33f2789b9
343e0000a8c70000343dfffe9d93b200343e
a3f60000ff9e00007fc000007fc00000a3f6
45e30000648c0000648c00006af8480045e3
396cf874b4155111396cd320ae0a37a6396d
f6fa0000bdbd0000f6fa000075389200f6fa
1aa30000fda80000fda80000d8d5f0001aa3
8bfdd2975a4137515a413751a6bf929c8bfe
857f23f1529c771d529c771d989bf09d857f
0882e22ff8b7e389f8b7e389c1bc08080883
415b00006c3a00006c3a00006e1f1e00415b
42c06c9f4e12f0284e12f02a515ce4ed42c0
85d8b5e515ab5e1b15ab5e1b8000000085d9
fe1c3daea7f4d2fbfe1c3dae66956b8efe1c
810256637406813674068136b588f6028102
d7e800008ab10000d7e8000023206800d7e8
3ee7000012b400003ee7000012226c003ee7
97980000caf20000caf20000230fb0009798
7dde93368c3993817dde9336caa158a17ddf
f47e00006f5b0000f47dc940ff800000f47e
b53a0000c1a80000c1a8000037742000b53a
317b00008f570000317b00008152cd00317b
2d8beb0fefd706cfefd706cfddeb0c442d8c
16a5f0c8ac19bcfbac19bcfb83474ece16a6
10640000bc3b0000bc3b00008d268c001064
2e1f000065c2000065c200005470fc002e1f
e1464feff931e94cf931e94c7f800000e146
079d0000fbec0000fbec0000c410bc00079d
950d9662286da4dc286da4dc80041b7b950e
c5402351b044ad07c540235136139ce7c540
5d900000e8c30000e8c2fffeff8000005d90
a9bceda705db9e68a9bceda780000000a9bd
f87ad60486326e7bf87ad6043f2ed50ff87b
bbc000007787000077870000f3ca8000bbc0
39cf000070f0000070f000006b42100039cf
adb5000085880000adb5000000000000adb5
cbd7d1edc77b0fd1cbd84f7553d3a829cbd8
b85500006fbc00006fbc0000e89c6c00b855
ce652bd1c79cf004ce6530b9568c7d90ce65
a2dc0000361b0000361b000099853400a2dc
7ca4f3e24dd6d7a47ca4f3e27f8000007ca5
d68c000093ec0000d68c00002b011000d68c
509c00008de20000509c00009f09b800509c
a96431953a7ac6d83a7ac6d8a45f89aaa964
19b1071e0a66bbd419b1071e0000000019b1
f2a500008c600000f2a500003f906000f2a5
3d210000d37f0000d37f0000d1205f003d21
24345c1c7b7515157b751515602cab012434
d96d000000ed0000d96d00009adb6900d96d
df23000030d70000df230000d088e500df23
509b0000d3ea0000d3e79400e50dae00509b
74780000489f0000747800007d9a08007478
7bff000006d700007bff0000435629007bff
ba7d000019af0000ba7d000094acf300ba7d
23bbfc2905a4957023bbfc290000000023bc
3d1e0000644900006449000061f81c003d1e
9da4000022b2000022b1d70080e410009da4
a23d0e2ee55cc259e55cc259482307b6a23d
d6ff752d7baf6e4e7baf6e4eff800000d6ff
f5b3d2ed206dcee4f5b3d2edd6a70b99f5b4
9c260000be640000be6400001b13d8009c26
f52d000091d10000f52d0000478d3d00f52d
ceb5a9f9b44f89b1ceb5a9f943934626ceb6
0720046772f9079572f907953a9ba9050720
e83d0000ef180000ef1802f47f800000e83d
7f9a00007d2400007fc000007fc000007fc0
cd6e36c318d4d5a0cd6e36c3a6c60c22cd6e
15e1000049400000494000001fa8c00015e1
73d1394602462f9473d1394636a1f92f73d1
d0da0000c8350000d0da005a599a2200d0da
b587207fc037bd44c037bd483641f843b587
a4aae81f23f106d0a45d4cd68920e911a4ab
4d360000230400004d36000030bbb0004d36
3d43000032e300003d43000730ace9003d43
a177b30dee4dbec8ee4dbec8504712faa178
7f06d447bced5dbe7f06d447fc7a07ca7f07
8927418ab21b849ab21b849a000032ce8927
cbeab66858a2810658a28106e514fdb9cbeb
f76700008ffa0000f767000047e19600f767
dd500000a7b20000dd5000004590a000dd50
46bd00003b22000046bd0001426f340046bd
5a82a1ee36f583be5a82a1ee51fa90655a83
49d404022f63b24649d4040239bc933349d4
fd5a00004b160000fd5a0000ff800000fd5a
634c00001f430000634c0000431b6400634c
e3a5c987fa89de39fa89de397f800000e3a6
8e3400009911000099110003000000008e34
77b80000b33d000077b80000eb87d80077b8
633c000041460000633c000065116800633c
415b0000d8560000d8560000da371200415b
91700000985a0000985a03c0000000009170
92be0000629d0000629d0000b5e90c0092be
6a95a4ee77e6e68477e6e6847f8000006a96
2a2e0000321a0000321a00ae1cd158002a2e
46cc5e0cd99faa75d99faa75e0feecfb46cc
d27f0000612e0000612e0000f42d5200d27f
b80b094625805183b80b09469e0b61d0b80b
24cbc5511b24177b24cbc56600829d1924cc
022f69a609891f2e0989208d00000000022f
22090000bfb20000bfb20000a23e84002209
b9750000c82c0000c82c000042249c00b975
faf292761a7034b3faf29276d5e39b3efaf3
9fa100005797000057970000b7bdee009fa1
a28000001f7b0000a27c1400827b0000a280
ba1830ff34a499e2ba181c6caf43b5beba18
5fcb0000652f0000652f19607f8000005fcb
8afa000028ba000028ba0000800000008afa
2fec4a8325a332322fec4a8d1616a1c62fec
36f700004c7e00004c7e000043f5120036f7
84430000b86f0000b86f000000016c1a8443
dd830000b8d40000dd83000056d8f800dd83
1fb70000ea050000ea050000ca3e26001fb7
2a702ecc943b43bd2a702ecc8015f6382a70
1139fcc69900c83f9900c78580000000113a
ceabf586e5d6d984e5d6d9847510515aceac
53900000bbad000053900000cfc2a0005390
19e8a62279d381f479d381f45440370719e9
92844d90cc82d1e6cc82d1e61f8737bb9284
b0b573657791a95e7791a95ee8ce7cd0b0b5
77c900009a40000077c90000d296c00077c9
ad61aebde34f55a9e34f55a95136c7cfad62
cd6ac66acc5928eecd9088535a4727b9cd6b
2984142c31df5cbe31df5d421be67ad72984
ad540000a8030000ad5420c015d8f800ad54
ac8d00009a3d0000ac8d000007503200ac8d
2ac27c8418bef3892ac27c840411116e2ac2
84900000c9ba0000c9ba00000ed140008490
e8570000e70b0000e879c0007f800000e857
1e260000620a0000620a000040b2f8001e26
26890057a3af0fe5268644178abb5f7a2689
94f5823089c7001194f582330000000094f6
bcca000036ac0000bcc9f540b407b800bcca
38f3bd2024f6120438f3bd201e6a48e438f4
08b18034f3ef5436f3ef5436bd25f11408b2
c791000047db000047140000cff81600c791
63b800007e6400007e6400007f80000063b8
985c0000c2fc0000c2fc00001bd89000985c
890fb6ddd8f0b67ad8f0b67a228721e08910
512d000000460000512d000011bd3800512d
e22f000068be000068bdfa88ff800000e22f
f0660000da180000f06600007f800000f066
0c8f000055e7000055e70000230109000c8f
a2a5cffea0e347baa2b4047a041335e3a2a6
0391add65d6b22a95d6b22a92185ce4d0392
c141aaa9592758ea592758eadafd3330c142
a2ea0000f9ca0000f9ca00005d38a400a2ea
59ab0000adb1000059ab0000c7ec760059ab
66ba0000e5e7000066804000ff80000066ba
2c6f33d84ceb65f24ceb65f239dbf3d92c6f
a613f6bc6e704d616e704d61d50ae40aa614
fcb200008da20000fcb200004ae14800fcb2
d1aa3048939e8778d1aa304825d2c7b7d1aa
49680000d0e00000d0dffe30dacb00004968
f63c7f8c03a5cf29f63c7f8cba742d7df63c
8f9900006c3e00006c3e0000bc631c008f99
188a000001360000188a000000000000188a
6b7f26b3d3fe22876b7f26b3ff8000006b7f
679bd456502cc5af679bd456785255fd679c
6c71eaa7dacb044c6c71eaa7ff8000006c72
15ce77e9c4553c8ec4553c8e9aabfa9b15ce
144fca3e0b18ad31144fca64000000001450
b11b9c9a7074965b7074965be214aca8b11c
e7735ddc5242273be7735ddcfa38926ce773
f5330000f7390000f74430007f800000f533
bb7fdf7fcb8c26f0cb8c26f0478c1525bb80
97358a5ac479c0cac479c0ca1c311c499736
32170000a32b00003217000095c9ba003217
dd78e2f7dfff3d6de00382427df825ccdd79
798fad300d4665ec798fad30475eb24e7990
03514b4e8ca9e1c18ca9e1a7800000000351
4a570000445900004a570d904f363f004a57
199f88175974eeb25974eeb23398a27519a0
2a180000cb6c0000cb6c0000b60c20002a18
56a20000596d0000597210007095fa0056a2
e664f1dc84c64b07e664f1dc2bb15629e665
f33e0000ec220000f33e02887f800000f33e
e8b300000d060000e8b30000b63b6400e8b3
bdfc7fc2fba088dcfba088dc7a1e56d6bdfc
2890000037870000378700002097e0002890
4159aec1e5a87e16e5a87e16e78f45e5415a
618c1e905b38f924618c24587d4a7caa618c
2c890000b7ed0000b7ecfffea4fdaa002c89
6e430000429e00006e4300007170b4006e43
2221eed63827452d3827452d1ad39d1f2222
38190000108700003819000009215e003819
2819000073960000739600005c334c002819
eab11885d519b077eab118857f800000eab1
da680000d1550000da6800356c410800da68
83671bbec793871ec793871e0b852ee98367
a4136f780074fc7ca4136f7880000000a413
336000007e6900007e690000724be0003360
315818881570ff8a31581888074b6eb43158
c102000032db0000c1020000b45e6c00c102
f8d90000e6180000f8d900007f800000f8d9
3c658de86b8c8b8c6b8c8b8c687c0d793c66
a8d6000062f5000062f50000cc4cce00a8d6
ef920000e9950000ef9209507f800000ef92
eeecf430b854930deeecf43067c4c254eeed
9cad0000e7fe0000e7fe0000452ba6009cad
3f990000933400003f990000935728003f99
68efe1f15ed1e44b68efe1fe7f80000068f0
ac6c0000eb160000eb160000580a4800ac6c
df7051e119d11366df7051e1b9c4450fdf70
310377f7f9b8aa1cf9b8aa1ceb3dab2b3103
4f180000571400005714009866afc0004f18
6b7300004ff300006b7300007be6a9006b73
f28700004d8e0000f2870000ff800000f287
048721db3337d6f23337d6f2000000610487
9fb20000e6340000e6340000467a50009fb2
f2d000008dbb0000f2d000004117f000f2d0
7dc0000028b900007dc00000670ac0007dc0
fb9a00002c080000fb9a0000e823a000fb9a
c2eb17f1831ba3f1c2eb17f1068eee0cc2eb
92a20000e2b60000e2b6000035e6580092a2
23019a541ac6307f23019ab70006455f2302
fff70000c15e00007fc000007fc000007fc0
512f4ce84590b9ac512f4ce9574634ce512f
6a0c50547fd6bba27fc000007fc000006a0c
e02300005c7d0000e0220300fd211700e023
09630000366a0000366a00000067bf000963
c54bd04e972e30f6c54bd04e1d0aae90c54c
9aae00001a3100009a2b0000800000029aae
704a7df022a529ed704a7df05382a455704a
87a40000b6230000b6230000000686c087a4
d3da0f87a06758bcd3da0f8734c50f98d3da
3c590000e6520000e6520000e33202003c59
c4d645c9a568e707c4d645c92ac2f09dc4d6
10850000dabf0000dabf0000abc676001085
7a7d06225300209d7a7d06227f8000007a7d
a802685edaa3dd2adaa3dd2a4326f23ba802
52a40000d15f000052882000e48edc0052a4
31f700000158000031f700000000000031f7
ac096735e234a3eae234a3ea4ec1e917ac09
5fed00008b6c00005fed0000abda7c005fed
b9718d6b12f55d80b9718d6b8ce78491b972
db640000fae80000fae800007f800000db64
59ce0000cc4d000059ce0000e6a4f60059ce
6ed2c5a9eb6b55d26ed0eefdff8000006ed3
07140000f8880000f8880000c01d40000714
29d380e760479294604792944aa4e24d29d4
043f0000113a0000113a000000000000043f
52f300006f8c00006f8c00007f80000052f3
9ac300006b7300006b730000c6b919009ac3
0486010475f4e26f75f4e26f3b002f7f0486
15b6000066e5000066e500003d22ce0015b6
c2b700007186000071860000f4bf9400c2b7
9c6b0000b2990000b29900000f8c73009c6b
4f4e0000ce8900004f098000de5c7c004f4e
83d90000cc700000cc70000010cb700083d9
7ad66132bfd1a6157ad66132fb2f906e7ad6
4f040000e86b0000e86b0000f7f258004f04
856d0000347200003472000080000700856d
80d90b123ebdd5f43ebdd5f48050794980d9
d7b90000a7550000d7b900003f99ed00d7b9
2a3ef4fc5f1eb60f5f1eb60f49ecc6022a3f
7ac800001e8a00007ac8000059d7a0007ac8
7ed80000bb1c00007ed80000fa83a0007ed8
615d3777a8c33318615d3777caa8ad66615d
03b60000450b0000450b00000945a40003b6
8d6e0000e21d0000e21d00003011f6008d6e
0e8095f863e3fd1463e3fd1432e508320e81
524200007f0b00007f0b00007f8000005242
af5d0000310a000030f86000a0ee4400af5d
eba700008cab0000eba7000038df1a00eba7
d1dc41ac9e43fec0d1dc41ac30a8a134d1dc
186885b815f1f6311870156a000000001869
d78d0000cd820000d78d0008658f3400d78d
34b00000783a0000783a00006d7fc00034b0
bd3c7b1f92583a49bd3c7b1f101f32ccbd3c
f7dd00005c9e0000f7dd0000ff800000f7dd
be8b000006410000be8b000085519600be8b
f2b33236f5024b3df507e4cf7f800000f2b3
09cf00002e4700002e470000000000a109cf
ab6ff865e38aaccbe38aaccb4f81fde0ab70
6088000081a2000060880000a2ac20006088
43ef00000656000043ef00000ac7ca0043ef
555f38255535030455ca1d946b1dd553555f
3727635d008f08903727635d0000005e3727
7a7f0000928d00007a7f0000cd8c73007a7f
349b000067cf000067cf00005cfaaa00349b
c274000003280000c274000086202000c274
5b710000c99100005b710000e58881005b71
70c20000cf90000070c20000ff80000070c2
894d2d5da8ffd899a8ffd89900000000894d
5a125bcc116692b25a125bcc2c03d2575a12
44260000954000004426000099f900004426
a2ba0000645c0000645c0000c79fd800a2ba
899f00005e0300005e030000a822ba00899f
d63500007aae00007aae0000ff800000d635
1bd27d84f748c6a4f748c6a4d3a515631bd2
297d000000f00000297d000000000000297d
939c00009256000093b6c00000000000939c
18694c8f20dc523720dc52ac000003231869
df2c000083f00000df2c000023a14000df2c
ea5e0000bb2a0000ea5e000066136c00ea5e
5cc2e8da7dc06cf47dc06cf47f8000005cc3
9c38000093fb00009c38007e000000009c38
bb24b071ec445f28ec445f2867fca89bbb25
01410000cc0c0000cc0c00008dd318000141
6f400000072700006f40000036fa80006f40
9cf6000027db000027dafffc855272009cf6
89ea00005708000057080000a178a00089ea
c600000017650000c60000009de50000c600
7e9900000b7000007e9900004a8f70007e99
4b63730a2e36653d4b63730a3a220dbc4b63
edbb2e33a0ba5ea0edbb2e334f0844c1edbb
ca680000348f0000ca680000bf819800ca68
134d00009a1800009a17fccc80000000134d
dce30000e0f40000e0f4e3007e585c00dce3
974d0000c3350000c33500001b10f100974d
76520000446a0000765200007b3ff4007652
aee8fa92bceff5d6bceff5d62c5a61a9aee9
5dad0000c77400005dad0000e5a4e4005dad
5622156c81769f1d5622156c981c25535622
9340ac3ae851ea10e851ea103c1dfcc59341
e3a100000d050000e3a10000b1274a00e3a1
2b32000000a800002b320000000000002b32
5c83f022dc066bf55c01744ff90a8eab5c84
eb0c000064fb0000eb0bf828ff800000eb0c
9494addc024e164d9494addc800000009495
b5f60000274e0000b5f600009dc5f400b5f6
eda600009f060000eda600004d2dc800eda6
c09093694048c449bfb0c512c162c408c091
1b110000654600006546000040e04c001b11
e2fde159f0b9ce1cf0b9ce1c7f800000e2fe
de24eef7c618b299de24eef764c4c1e7de25
8f9a0000379100003791000087ae74008f9a
53b40000faaa0000faaa0000ff80000053b4
08e60000e0010000e0010000a967cc0008e6
9756000042860000428600009a6008009756
ca4e000093310000ca4e00001e0e6e00ca4e
b9450000b9700000b9da80003338b000b945
7c320000fea50000fe9f7000ff8000007c32
52e79a8cbad8d9c052e79a8cce442f6652e8
60780000886f000060780000a96788006078
55f00000998b000055f00000b002500055f0
1bc91a345934ef455934ef45358e22621bc9
fb4d69e379114036fb4455e0ff800000fb4d
33f700001bdb000033f7000010534d0033f7
8c800000f3fb0000f3fb000040fb00008c80
203d83aa3d5a66393d5a66391e21adcb203e
dfd100001fc80000dfd10000c0234800dfd1
e47fe77a86b84a91e47fe77a2bb838eae480
1ff1945e6b6bfd2e6b6bfd2e4bdeb21d1ff2
fa45000016e30000fa450000d1aeaf00fa45
c5991796c6c83991c6ee7f764cef79b4c599
2877000089f5000028770000800000002877
74f5000036e0000074f500006c56600074f5
d2880000020b0000d28800009513b000d288
e7f02bd6beabb799e7f02bd667211987e7f0
3d19c8d2594c5251594c525156f57af53d1a
459ce70f2cae1bb1459ce70f32d56c0a459d
de010000bdc70000de0100005c488e00de01
8d57199e7a28a0567a28a056c80daf888d57
aaf576772205abbaaaf576348d802b34aaf5
fb48c1535da735a4fb48c153ff800000fb49
5f0b6dc6da1ce0435f0b468ef9aae2125f0b
e10b00009ae60000e10b00003c79c400e10b
e5d90000c39f0000e5d900006a06c700e5d9
00240000eb6b0000eb6b0000ab8430000024
615c000083190000615c0000a5037c00615c
054f00006b4d00006b4d00003125c300054f
d50800003d610000d5080000d2ef1000d508
e6cf0000c8fd0000e6cf0000704c9300e6cf
93980000e7c00000e7c000003be400009398
2c7200009c9a00002c720000899194002c72
eb7f0000159f0000eb7f0000c19e6100eb7f
730200003bef0000730200006f72bc007302
86a400007eb200007eb20000c5e4100086a4
52060000448c000052060000571290005206
529b00008a3a0000529b00009d613c00529b
fbb20000c1300000fbb200007d74c000fbb2
db9400007cf600007cf60000ff800000db94
d15400005db500005db50000ef95e400d154
342a0000026f0000342a000000000014342a
a0ac9dfba8c97da5a8c97e520a07dcc2a0ad
36230000c1d30000c1d2ffffb88659003623
22de0000ddfc0000ddfc0000c15a880022de
a43c91085bbcc3fc5bbcc3fcc08b0adea43d
ebdc0000293b0000ebdc0000d5a0b400ebdc
eac50a48235a69d0eac50a48cea81c33eac5
0ef50000785300007853000047c9ef000ef5
9f02000086ee00009f020000000000009f02
a20e000043ee000043ee0000a6840400a20e
7f0f000026fd00007f0f0000668d53007f0f
62fa7d8bb4476c9b62fa7d8bd7c321dc62fa
80550000e4c20000e4c200002580d4008055
6dc80000c64300006dc80000f49858006dc8
d0910000be4f0000d09100004f6a7e00d091
a51e009938db683838db68389e876ad6a51e
9b270000e13a0000e13a00003cf2ac009b27
68750000912b000068750000ba23a7006875
c30c2589bb65c69ec30c266f3efb949ec30c
04af000053aa000053aa000018e86c0004af
73760000c52e000073760000f92734007376
0759000001b4000007591680000000000759
1c4300007e8c00007e8c00005b5548001c43
5add0000ef990000ef990000ff8000005add
90112773d014b7bdd014b7bd20a8a5fa9011
edb92a3ba0e1f2d7edb92a3b4f236dc3edb9
02e169542ff56ec62ff56ec60000000002e1
4b555eec538ae1f1538ae25c5f6782f94b55
f5f70000d2680000f5f700007f800000f5f7
1d2d64801ea62ed11ebbdb610000708f1d2d
62430000d5d2000062430000f89ff6006243
07370000f2f70000f2f70000bab091000737
f70200001f0f0000f7020000d6913c00f702
041c0000cea80000cea80000934cc000041c
c4faea927b920a867b920a86ff800000c4fb
f7dc29541d72a47ef7dc2954d5d0ac88f7dc
cacee4e30395ea9dcacee4e38ef251a8cacf
37e884c64260915c426091633acbf83437e9
0d0d0000a4e30000a4e30000800000000d0d
7293000054aa0000729300007f8000007293
1d960000061900001d960000000000001d96
bcf80000eb400000eb40000068ba0000bcf8
0f9a00007ce200007ce200004d07f4000f9a
371b000044f5000044f500003c945700371b
23fb0000ab460000ab45fe0a8fc2220023fb
559e0000d3c7000055919000e9f5a400559e
b8000000d55a0000d55a00004dda0000b800
55a50000636900006369000079962d0055a5
b0fc000014fc0000b0fc000086781000b0fc
153d00008f8f0000153cee2080000000153d
22740000dde70000dde70000c0dc2c002274
2ee20000c1e00000c1e00000b145c0002ee2
54a000006dd800006dd800007f80000054a0
06a62a1c028fbe8f06a6b9db0000000006a6
09240000d4300000d43000009de180000924
fc28000065be0000fc280000ff800000fc28
9c530000b3940000b39400001073f8009c53
dd4e0000df830000df8970007d52d400dd4e
324a0000f1050000f1050000e3d1e400324a
ea010000167e0000ea010000c0fffc00ea01
bad37096f58294cef58294ce70d7b427bad3
e8a72cccfd3b9f1afd3b9f1a7f800000e8a7
31c2a1bcb658979cb658364ba8a4abbb31c3
36de0000dd660000dd660000d4c7740036de
73ace01afbf246b4fbf24607ff80000073ad
12909dac8d928db012907909800000001291
7217969149ef86a3721796917c8dd54b7218
b456000072f0000072f00000e7c8a000b456
001a00004b1500004b1500000af22000001a
c0840000ac4d0000c08400002d536800c084
534c00003b170000534c00004ef0a800534c
bfa14646721099d6721099d6f23630e2bfa1
580500000888000058050000210d50005805
ed540000a0b70000ed5400004e978c00ed54
415700009de20000415700009fbdce004157
f67700001e470000f6770000d5400100f677
4aaf0000807200004aaf00008b9bdc004aaf
8ca93a4cfb2d9056fb2d90564865779e8ca9
ce4a0000064e0000ce4a000095228c00ce4a
9bafa6a6b3d37940b3d379401011198d9bb0
d0ab0000f8ad0000f8ad00007f800000d0ab
fb47000024f50000fb470000e0be7300fb47
140c0000c0910000c0910000951e9800140c
d898000093790000d89800002c93d800d898
b34c00008bb30000b34c00000023a900b34c
5d800000cb6900005d800000e96900005d80
d5bcf6154364cebdd5bcf615d9a8e3c4d5bd
aaba69d2e40e7944e40e79444f4f7e00aaba
e76ae3e91961cd29e76ae3e9c14f2e8ee76b
b13a0000db9e0000db9e00004d659800b13a
40d43d0b529ac49a529ac49a54004fb740d4
68198653d58551bb68198653fe1fe79a681a
bc13000044c8000044c7ffb6c165b000bc13
bb5b0000bf800000bf806d803b5b0000bb5b
4b4e00005a3c00005a3c0000661748004b4e
10836255ed2b7f6ded2b7f6dbe3008291083
4da50000352e00004da5000043604c004da5
353b0000facb0000facb0000f0944900353b
4929000003b00000492900000d6860004929
3489000017110000348900000c1b32003489
0f800000d66e0000d66e0000a66e00000f80
8af500006872000068720000b3e79a008af5
d608ea00f65204c8f65204c87f800000d609
4c1a99c8190078b44c1a99c8259b2b924c1b
e73e7e35b392a25be73e7e355b5a3994e73e
2acc0000ead70000ead70000d62b54002acc
eb1c000088e20000eb1c00003489b800eb1c
a8c90000a8ad0000a93b00001207d500a8c9
ed6d0000281e0000ed6d0000d6124600ed6d
4e8e0000ab7200004e8e0000ba863c004e8e
c10200007ef600007ef60000ff800000c102
27080000ec410000ec410000d3cd10002708
3cb7e8538970f9983cb7e85386ad1d1c3cb8
0d68000069ba000069ba000037a890000d68
7ae4000065d600007ae400007f8000007ae4
0b2000008ee600008ee4c000800000000b20
ed28473d4b649f0eed28473df9164800ed28
ea2c000051130000ea2c0000fbc58800ea2c
a07b445828bf2de028bf2d6289bba505a07b
ae65ea607641bd2d7641bd2de52dff99ae66
085fc19334c1174834c117480002a3150860
cf307cbbefd2a274efd2a2747f800000cf30
529c0000b46d0000529c0000c7906c00529c
f4500000d10c0000f45000007f800000f450
f8434e0c01c295bbf8434e0cba947360f843
90c647b7b9862c5eb9862c5e0acfd7ce90c6
99a80000641a0000641a0000be4a200099a8
84430000a65c0000a65c0000000000008443
d9590000f5ae0000f5ae00007f800000d959
218bb2f47daa40777daa40775fb9d007218c
04f70000119e0000119e00000000000004f7
6dca000039d200006dca00006825b4006dca
15b30488c85402e6c85402e69e9441c715b3
d91c000020ca0000d91c0000ba763000d91c
a64dc770fa38fddefa38fdde6114b369a64e
e93f0000a6790000e93f00005039c700e93f
fd720000d7dd0000fd7200007f800000fd72
e37c0000e0be0000e380f8007f800000e37c
c3e20000e9cb0000e9cb00006e333600c3e2
33af000082a3000033af00008000000e33af
a44b0000ae290000ae29000d13060300a44b
1050412e0572f09410504132000000001050
1a2f0000214c0000214c02bc000045ba1a2f
1bf70000baa40000baa40000971e3c001bf7
9bb40000922600009bb40015000000009bb4
97160000f6570000f65700004dfbf4009716
57a400003d15000057a40000553ee80057a4
701138a91d97ddb3701138a94e2c4c5e7011
1f9c000013d400001f9c0001000000001f9c
1841b6d80792665e1841b6d8000000001842
8ca90000690d0000690d0000b63a2a008ca9
b18a000006f60000b18a000080000109b18a
5a7400002b4100005a7400004637f4005a74
cba70000b98c0000cba7000045b6a800cba7
f9bf69250b081504f9bf6925c54b7f25f9bf
804f0000136500001365000080000000804f
0be90000cab80000cab80000972778000be9
bc200000859b0000bc2000000241c000bc20
a364000097460000a36400010000160ba364
66d600007c3500007c3500007f80000066d6
aa550000000f0000aa55000080000000aa55
5431553816b70522543155382b7d8ef25431
9c9b547fc9e9baffc9e9baff270dd15e9c9b
ebfb0000bac40000ebfb000067402c00ebfb
0bd60000173e0000173e0002000000000bd6
bd4a0000ada30000bd4a00002b809e00bd4a
4c170000c1a500004c16fffbce42a6004c17
315d000020ce0000315d000012b1d600315d
86b12d80a5196de0a5196de00000000086b1
166a0000747b0000747b00004b656e00166a
e15b000004560000e15b0000a6371200e15b
4775000088e400004775000090da34004775
08dd0000fa160000fa160000c3817e0008dd
2ba10000ba5a0000ba5a0000a6891a002ba1
ee0f000007350000ee0f0000b5ca3600ee0f
f36c000081a60000f36c000035990800f36c
0f150000f9630000f9630000c9041f000f15
92d1000037d7000037d700008b2f870092d1
db7d00000f4a0000db7d0000ab47a200db7d
c71a000088220000c71a00000fc2e800c71a
8349ef36d6675dfbd6675dfb1a3680fc834a
503dd52489617e62503dd5249a27360c503e
8f3600005a6200005a620000aa20ac008f36
456f0000bb650000456efff2c155cb00456f
f54d641437fa5949f54d6414edc8db5ef54d
66c9f19342f8d75666c9f1936a444be466ca
0d3d0000ba080000ba08000087c8d0000d3d
df0400006e8000006e800000ff800000df04
d61a3750a87ea0a1d61a37503f1963a5d61a
8589000094c1000094c10000000000008589
1f410000d86f0000d86f0000b8342f001f41
ad02cc863e2b77603e2b7760abaf3737ad03
be930000b67c0000be93007e3590b400be93
dfb20000396f0000dfb20000d9a62e00dfb2
e99200001d050000e9920000c717b400e992
a017043b8f1c0e4fa017043b00000000a017
5c6600006f8f00006f8f00007f8000005c66
b75c0000be870000be8701b836680800b75c
b03a774597b80b36b03a774508860de4b03a
70a5d9e81cc2f28b70a5d9e84dfc988870a6
041b00004bf000004bf0000010915000041b
991c000096510000991f440000000000991c
c4e8e9ff8ab52037c4e8e9ff1024cac1c4e9
77b3fe84d0ea0cac77b3fe84ff80000077b4
91b21fb76c377db36c377db3be7f584491b2
c5bf0000e7680000e76800006dad1800c5bf
e363d2e16c3d13316c3d12f8ff800000e364
408200003020000040820000312280004082
822000007f9a00007fc000007fc000008220
3ca5000041110000411152803e3aea003ca5
679727fdc23c80fb679727fdea5e9b0c6797
81640000398b0000398b000080001ef38164
a6d4000053b6000053b60000bb16b800a6d4
b8ca0000a1e00000b8ca00001b30c000b8ca
088b0000341300003413000000013f44088b
447900006c1300006c130000710efb004479
b19b4a9d5337814253378142c55ea17eb19b
2a6052a4cbd788c8cbd788c8b6bcdd432a60
5a7f000022ff00005a7f00003dfe01005a7f
a964244af9b5c6faf9b5c6fa63a1fefba964
f571d131902006c5f571d13146172924f572
93a500008191000093a500000000000093a5
dac50000596f0000daa72000f4b7eb00dac5
037900005ae200005ae200001edbd2000379
3e8c0000a65000003e8c0000a56380003e8c
a9786338603dc665603dc665ca3821bfa978
c6ae0000c1210000c6ae1420485adc00c6ae
b8a478f652b832e352b832e3cbecaf45b8a4
61ae000061cf0000623e80007f80000061ae
575b0000c6c40000575b0000dea7ac00575b
1cdd00002798000027980003050338001cdd
1b9e00009c0600009b5c0000800000531b9e
11258ab66ea691d96ea691d940576c841126
9bb30000d9260000d9260000356824009bb3
34788af2b5c61170b5a70012aac04c653479
990a000001a80000990a000080000000990a
f2aa83a089ad0028f2aa83a03ce6761cf2ab
96820000b7f90000b7f900000efce4009682
54830000e1d80000e1d80000f6dd10005483
d10c0000dbba0000dbba00046d4b7000d10c
3b1e0000737c0000737c00006f1b88003b1e
6a000000481c00006a000000729c00006a00
e8fd00008f520000e8fd000038cf8a00e8fd
0e990000ee8d0000ee8d0000bda88a000e99
e5a50000d36d0000e5a500007998c100e5a5
a74c00001e450000a74bffcf861cfc00a74c
eaad0000ccd90000eaad00007812a500eaad
4817b69d323200594817b69d3ad2fa5c4818
d95a00008e9a0000d95a000028832400d95a
5e97000006ca00005e97000025ee4c005e97
da4d0000a4b20000da4d00003f8e8a00da4d
20e80000506200005062000031ccd00020e8
47dfce43e12ae6afe12ae6afe99568a547e0
8ac017165a2732f05a2732f0a57aea908ac0
bd60000019210000bd600000970ce000bd60
8b680000fd140000fd140000490620008b68
366bfc8553392d7d53392d7d4a2ab36b366c
52e49a3b66d5694266d569427a3e925152e5
638dddf8df271672638d8a6dff800000638e
eb272f40b1d025f2eb272f405d87ef2ceb27
c2382466a799bc1dc23824662a5d2a21c238
782d6870dcdc85d9782d6870ff800000782d
a9ebe3a4dfaa907adfaa907a4a1d2a4ba9ec
0f9000001b0500001b050001000000000f90
c8320000530e0000530dfffddbc57800c832
102d0000d9670000d9670000aa1c1b00102d
f0d475339ce95e95f0d475334e41ad2af0d4
4de45fc754f14b1c54f14ead6357412b4de4
bd0400008c6b0000bd04000009f25800bd04
1186000092900000925d0000800000001186
dde61dc781ab5325dde61dc7201a00a1dde6
065f18b1a4cacd32a4cacd3280000000065f
297e0000ba6b0000ba6b0000a4692a00297e
560b0000c46b0000560b0000daff3200560b
914d000006ce0000914cfffa80000000914d
6fed0000e17000006fed0000ff8000006fed
586b0000c30e0000586b0000dc025a00586b
46e80000706400007064000077cea00046e8
9ffc00006df500006df50000ce712c009ffc
b4a8928c60d292fd60d292fdd60aa901b4a9
2bd2af863e25b68c3e25b68c2a88615d2bd3
6f2100002e3400006f2100005de268006f21
f1ee000054100000f1ee0000ff800000f1ee
1b500000d5d50000d5d50000b1ad10001b50
69d4000096f3000069d40000c1493c0069d4
07e500007c1600007c16000044862e0007e5
bdbe0000b7220000bdbe051035707800bdbe
ccc00000301a0000ccc00000bd670000ccc0
c5920000adbd0000c592000033d79400c592
c75300004eeb00004eeafe5ad6c1b100c753
2ad6a0489b1324f52ad6a0488676ba0b2ad7
a6a74faf045f737ea6a74faf80000000a6a7
40ac00007e4f00007e4f00007f80000040ac
cce10000425b0000cce0fff9cfc07b00cce1
a8cb0000c9a70000c9a7000033046d00a8cb
fddd0000fc6e0000fdfac0007f800000fddd
ca4e26ba888a1146ca4e26ba135e5d92ca4e
3fc90000a6ff00003fc90000a74837003fc9
efae0000a2830000efae000052b21400efae
922a00001b3800001b37ffd680000000922a
79b100008714000079b10000c14ca80079b1
bebae3d208ab576bbebae3d287fa2bfebebb
1e5f6dc469f8c1f369f8c1f348d91b9c1e5f
10130000b54a0000b54a000085e7fc001013
72090000b663000072090000e8f2f6007209
a2cb0000dc120000dc1200003f678c00a2cb
4bea0000362b00004bea0000429c4e004bea
2f9d00004133000041330000315b8e002f9d
e8d3a30c919595c2e8d3a30c3af75369e8d4
0d4d0000ba840000ba840000885368000d4d
c70b0b193d59fbd0c70b0b0bc4ecca5ac70b
e20f0000284d0000e20f0000cae50600e20f
0ae909c19a13cdf89a13cdf8800000000ae9
6dc36d622e9adbdd6dc36d625cec6f486dc3
2d3d0000bb470000bb470000a912eb002d3d
d32700007df400007df40000ff800000d327
728600000f17000072860000421e14007286
79a20000d539000079a20000ff80000079a2
d266bdecc1888b9fd266bdec5476257cd267
f3691bf06ba3fca3f3691aa8ff800000f369
881c00009cd900009cd9000000000000881c
9e64f13e92381b069e64f13f000000009e65
eebc43167db12a3b7db12a3bff800000eebc
eb730000cf910000eb7300007b89a300eb73
90e300006316000063160000b485020090e3
99b287c7e9100b47e9100b474348e87b99b3
8afd00004de500004de50000996251008afd
4493b7730bde4ab44493b773110044314494
c0c10000a00c0000c0c1000021531800c0c1
ca33e4ade79c32f4e79c32f4725b864fca34
51781bc4774d8404774d84047f8000005178
127000006c2c00006c2c00003f2140001270
e02c0000b73c0000e02c000057fca000e02c
a7260000f5650000f56500005d147e00a726
6a26000031e300006a2600005c9332006a26
ffa20000f70800007fc000007fc000007fc0
e0bb0000ab470000e0bb00004c915d00e0bb
4e8c3e3d93a253164e8c3e3da2b1d9ce4e8c
264f0000dc220000dc220000c302fe00264f
81c30000d58b0000d58b000017d3c20081c3
0863000092500000924ffff2800000000863
9f04000098aa00009f040550000000589f04
03deef994805aa894805aa890c68cdfa03df
cfd308d7e913ff82e913ff8279740169cfd3
78f3309984ae345b78f33099be257cc478f3
56470000d9910000d98f7200f0616e005647
c1f20000589d0000589d0000db146a00c1f2
cbbc00002d560000cbbc0000b99d2800cbbc
b536c522d1d4f443d1d4f443479809a4b537
d4180000e50d0000e50d000079a77000d418
9b930000625a0000625a0000be7a5c009b93
7c713cbda85673697c713cbde54a15877c71
79f37ec6b97a804e79f37ec6f3ee43d779f3
27ca000062640000626400004ab3e80027ca
27a0a79957a36dd057a36dd03fcd1f4127a1
b5d400003902000039005800af575000b5d4
85cd0000d8260000d82600001e84ee0085cd
6bf50000b7bb00006bf50000e432f7006bf5
df2b922776a1524176a15241ff800000df2c
e4c8000064690000e4270000ff800000e4c8
d5b6958c5bcf536d5bcf4804f213de6cd5b7
11940000611c0000611c0000333460001194
51b06003ce80c7f951ae5ce3e0b1738f51b0
2bcc01b8e188e8c4e188e8c4cdda34cf2bcc
39d3273f39cc5eba3a4fc2fc3428916839d3
ed7d00006a2e0000ed7a4800ff800000ed7d
19f00000eb120000eb120000c588e00019f0
5d4e0000181400005d4e000035ee30005d4e
194d000036dd000036dd000010b0f900194d
f28b00003c790000f28b0000ef873300f28b
4874000065530000655300006e491c004874
6aae000032e300006aae00005e1a4a006aae
50050000c7b800005004ffa4d83f30005005
26d28e873fc95c2f3fc95c2f27259dba26d3
63b20000dbaf000063b1ff51ff80000063b2
f10379375e94c5adf1037937ff800000f103
2b42000011b700002b42000000022ab82b42
af46e34cb2ab32c5b2acc08c22850145af47
93ff0000485c0000485c00009cdb240093ff
d44c0000378a0000d44c0000cc5bf000d44c
5bf512c5f99003edf99003edff8000005bf5
1dd2ba0eb0b37546b0b375468f13b8a01dd3
098d0000b8470000b8470000825b3600098d
6c00000081bb00006c000000ae3b00006c00
e2da00003ec20000e2da0000e2253400e2da
b7d40000812d0000b7d400000000023db7d4
ee51475770e1931770db08dcff800000ee51
50af0000ea320000ea320000fb735c0050af
01aa0000dcbe0000dcbe00009efc580001aa
4302df766c3cfbed6c3cfbed6fc139ca4303
30990000f0ac0000f0ac0000e1cd98003099
64dd000038e2000064dd00005e431a0064dd
389f000042530000425300143b830d00389f
945b00002e8c00002e8c0000836f8800945b
d8ec0000f0130000f01300007f800000d8ec
699d00007f5000007f5000007f800000699d
5763382a97ff531d5763382aafe29eb75763
f30b2ceda36056c0f30b2ced56f3ecf2f30b
a0990000f0a60000f0a6000051c66c00a099
007000000ce100000ce10000000000000070
41b4000048980000489802d04ad5c00041b4
7750000005a60000775000003d86e0007750
70d30000ff8e00007fc000007fc0000070d3
a02d9e9f1cc49a20a02c156b80021558a02e
c62c0000cdd20000cdd20158548d1800c62c
1a7f00004c8100004c81000027807f001a7f
dbe361c7d863c73adbe5295574ca50a8dbe3
3acddc0a638bc9b2638bc9b25ee0d1553ace
9524022b4133400d4133400d96e5ad1a9524
31d30000f6730000f6730000e8c8490031d3
e9b200006cd400006cd13800ff800000e9b2
cff700006f4900006f490000ff800000cff7
96f200007b2900007b290000d29fc20096f2
4c7c6962fd659b1dfd659b1dff8000004c7c
04b6000060a7000060a7000025ed740004b6
b3b00000de630000de630000529c1000b3b0
dc8a000098470000dc8a000035568c00dc8a
b1730000404b0000404b0000b240b100b173
da55000024590000da550000bf348d00da55
5732e1b14e77b1935732e1ef662d13d75733
c5b4000058a0000058a00000dee10000c5b4
1e4700009e5500009c60000080014b261e47
2b7c0000c7900000c7900000b38dc0002b7c
ebd679f079ec55fe79ec55feff800000ebd6
458c00009a3e0000458c0000a04fd000458c
f00664edceeddf53f00664ed7f79c15af006
0edde57baa45f00aaa45f00a800002ae0ede
30a700002dfd000030aaf4001f250b0030a7
fc8700003ba70000fc870000f8b02200fc87
bdeb8022fd514903fd5149037bc086c6bdec
160f00005d3700005d37000033cc7200160f
3a9f00003afe00003b4e8000361dc2003a9f
c9aa00009d100000c9aa0000273f4000c9aa
3d42000047e4000047e4000645acc8003d42
39860000d97b0000d97b0000d38362003986
dc2700007df100007df10000ff800000dc27
774d8dd4f71993ed764fe79cff800000774e
a520d50535666e1735666e179b10c48ca521
cec300001ee20000cec30000ae2c2600cec3
3e000000c5c70000c5c6ff00c44700003e00
6740fe084171b35b6740fe086936365c6741
b423000064f3000064f30000d99ab900b423
f41300008fc90000f41300004466d600f413
a2d60000eb400000eb4000004ea08000a2d6
72f96493b9ba54a972f96493ed35858c72f9
5a3700007b8d00007b8d00007f8000005a37
226e000049ee000049ee00002cdd4400226e
7fe00000721500007fc000007fc000007fc0
de86da9c2bf7a35bde86da9ccb0272fade87
73730000bb5f000073730000ef53ad007373
691fcd217cdd02367cdd02367f8000006920
07b20000957c0000957c00008000000007b2
4ecd0000952e00004ecd0000a48b56004ecd
d5690000cc180000d5690026620a5800d569
3022dc46f3442ff7f3442ff7e3f99e523023
aeb9615364cdb4e564cdb4e5d414f5eeaeb9
730300009eee000073030000d27394007303
28af0000f8650000f8650000e19c8b0028af
1876948779445f1f79445f1f523d25561877
3ac600000ccd00003ac60000081e8e003ac6
cfc4fc3b78133e1478133e14ff800000cfc5
b3e527d4b8c8d3dbb8c90d252d33c4c1b3e5
11447db965a955ad65a955ad3781f8c21144
6439000084fb000064390000a9b563006439
880400009a5f00009a5f0000000000008804
71150000d26a000071150000ff8000007115
3973c9e6f55dfd7ff55dfd7fef5366b33974
f99b00004deb0000f99b0000ff800000f99b
f6550000b7360000f65500006e176e00f655
51dafac115977f4451dafac1280196c451db
dc5e7247574e0059dc5e3ec7f4330042dc5e
66b40000f69c0000f69c0000ff80000066b4
71c90000d050000071c90000ff80000071c9
b4a600008b550000b4a60000008a1e00b4a6
3423af31a847dc613423af309cff942f3424
db57000008b80000db570000a49a8800db57
0768000047d9000047d900000fc4a8000768
a4556ed8b47296c8b47296c8194a407ea455
dd191edd4c8d1c37dd191eddea28cdc0dd19
725900002a270000725900005d0d8f007259
87c600007951000079510000c1a1a60087c6
f0fa0000835c0000f0fa000034d6d800f0fa
3fa70000fcad0000fcad0000fce1b6003fa7
a0420000cb060000cb0600002bcb1800a042
dc3d000012880000dc3d0000af48d000dc3d
56c60000af4b000056c60000c69d020056c6
aec1e8bb6ab0b29c6ab0b29cda05d74baec2
d430000027f00000d4300000bca50000d430
e39f00000fdc0000e39f0000b408a400e39f
283300000b11000028330000000000002833
78fc00004d2c000078fc00007f80000078fc
6a468a527b95ebdb7b95ebdb7f8000006a47
e1ef6d6c692535b6692533d7ff800000e1ef
8e6000002633000026330000800000018e60
4e046c8bb5ad55e34e046c8bc433538f4e04
f35c00005b2e0000f35c0000ff800000f35c
57270000f2720000f2720000ff8000005727
d67d0000456a0000d67d0000dc674200d67d
56460000522b00005646ab00690442005646
d4be000088400000d4be00001d8e8000d4be
8807000087f00000887f0000000000008807
12530000891900001252ffda800000001253
e6d80000658c0000e6b50000ff800000e6d8
a244d64aaec65954aec659541198826ca245
5d9000006c1500006c1500007f8000005d90
e76800007b6a00007b6a0000ff800000e768
d5ff00003eb00000d5ff0000d52f5000d5ff
3cc30000f7550000f7550000f4a23f003cc3
2c250000f92d0000f92d0000e5df02002c25
a3f34ff07117add17117add1d590295aa3f3
9bf60000c0e90000c0e900001d5fe6009bf6
894aeab3ed46c403ed46c403371d8ce5894b
8650d03406a7a2a705fcea34800000008651
e6dd000087bf0000e6dd00002f24e300e6dd
191105a58d322466191105a4800000001911
21230000f3fc0000f3fc0000d5a074002123
e1370000b9190000e13700005adabe00e137
a3b8000053ae000053ae0000b7fa2000a3b8
691000003e6b000069100000680430006910
3d1c0000c0c50000c0c3c800be7018003d1c
74e10000ca2a000074e10000ff80000074e1
486b447c185e3185486b447c214c32e6486b
921d654e963174bb9632122000000000921d
93bc0000cbd10000cbd1000020197c0093bc
132100000858000013210003000000001321
d64000001fd50000d6400000b69fc000d640
92e014bc3b69d40e3b69d40e8eccac7d92e0
8c62d2c353d31f5653d31f56a0bb0f7a8c63
be8fba3ec41bbdd6c41bcfcd432ee0b0be90
0d9e355209d39d620d9f08ef000000000d9e
171a00002a0000002a000000019a0000171a
9c290000094a00009c290000800000009c29
3c9c0d318391c48c3c9c0d3180b1b6903c9c
a1b657cfd2b8d39ed2b8d39e3503a5d8a1b6
82f60000737d0000737d0000b6f31e0082f6
35b200003280000035b4000028b2000035b2
d9fd000023600000d9fd0000bddd6000d9fd
2a990000387500003875000023926d002a99
a97c000005660000a97c000080000000a97c
552e000080640000552e00009607f000552e
ada800006353000063530000d18a7800ada8
ce070000a5100000ce0700003397e000ce07
913dd8583493b11e3493b11e865b0d27913e
990a00009fec00009fec0450000001fd990a
4e730ce1784db8fa784db8fa7f8000004e73
22ad0000a8e70000a8e6f5308c1c1b0022ad
5acce870ff1408f2ff1408f2ff8000005acd
dbe29b4304c160dbdbe29b43a12b2ccadbe3
e9f20000e2b30000e9f202cc7f800000e9f2
82260000e3f50000e3f50000269ede008226
ac3b000010400000ac3b000080011880ac3b
3b9ed355f810705bf810705bf43339293b9f
f3ee9e1bfacbaa7bfacbae357f800000f3ef
45e8c9b970726c2470726c2476dc710745e9
c14b00001f7f0000c14b0000a14a3500c14b
9dc4000089e500009dc40000000000009dc4
e1ccf0b90619e0cce1ccf0b9a8765fa9e1cd
95b4000007cc000095b400008000000095b4
9d7300004b7200004b720000a965b6009d73
a24ed177c1452c82c1452c82241f4b26a24f
c01b77d1974a34ebc01b77d117f5995cc01b
3e1c69da4c0c17954c0c17954aab30983e1c
5cb3948cfca55d60fca55d60ff8000005cb4
727a00000c450000727a00003f406200727a
38f40000b56f000038f22200aee3cc0038f4
4ba700004a9200004bcb800056be7c004ba7
d1590000f0ca0000f0ca00007f800000d159
804f0000424d0000424d000082fd0c00804f
0ccfd73255a99adb55a99adb2309b2c90cd0
06e38620e3d98c31e3d98c31ab41594a06e4
cc5e0000b2c80000cc5e00003fad7000cc5e
26b1d5c802194cd026b1d5c80000000026b2
b98b00007203000072030000ec0e4200b98b
70200000330b00007020000063adc0007020
0b23f42f283197d2283197d2000000000b24
1672fb34a2fe5d95a2fe5d95800003c61673
ac2f00006513000065130000d1c8fa00ac2f
4b1ab1522a44a1fc4b1ab15235eda3494b1b
fecc00003f3c0000fecc0000fe95d000fecc
35bf000079a4000079a400006ff4b80035bf
e55f50bec5ab2093e55f50be6b954759e55f
41ea0000161a000041ea0000188cc40041ea
0abf6f79752a5668752a5668407ec1470abf
a2ac0000b5e10000b5e1000019172c00a2ac
1b3a00005599000055990000315e54001b3a
75887038d459f04975887038ff8000007588
36010000a5850000360100009c060a003601
b2920000cc1a0000cc1a00003f2fa800b292
d2da00006a7100006a710000fdcd3a00d2da
7869000003f60000786900003cdfe6007869
d92705cd9622b234d92705cd2fd44bdfd927
c134614049b9213949b920dfcb8271b0c134
58dd918975e62cb675e62cb67f80000058de
e9eb00008cbd0000e9eb0000372d7f00e9eb
1b0f0000ef220000ef220000cab4fc001b0f
b239e82737cc792637cc61e9aa947cf9b23a
6d1d00005cc700006d1d00007f8000006d1d
eb1e000065230000eb1df5d0ff800000eb1e
c93e00005de100005de10000e7a6fe00c93e
40380000b32d000040380000b3f8b0004038
a34983ffd43bd940d43bd9403813de6fa34a
cf2aec9139cfb55ccf2aec91c98aae60cf2b
8474bdb44ea50b0f4ea50b0f939dc8d88475
804c0000a0460000a046000000000000804c
015e0000339900003399000000000002015e
f7d4000069a10000f7d40000ff800000f7d4
b9a0ffb868978e5268978e52e2bea0aeb9a1
cd780000ada60000cd7800003ba0d000cd78
fc8c0000cfc60000fc8c00007f800000fc8c
ff3a0000f88a0000ff3a04507f800000ff3a
1b810000a5fd0000a5fcfff881fefa001b81
bc7300000e030000bc7300008af8b200bc73
59690000012c0000596900001b1c8c005969
77447efe9f12a65177447efed6e1202b7744
70b2943daaa38d2d70b2943ddbe42dbc70b3
651e0000bd2b0000651e0000e2d31400651e
4ded0000831200004ded000091872a004ded
546e684fe787b444e787b444fc7cc1c5546e
f7b1faf5196cbd75f7b1faf5d1a49711f7b2
08063eecb718b27eb718b27e8028097b0806
fa7e0000deb90000fa7e00007f800000fa7e
a1376d903dd3be813dd3be819f97b7cda137
589c251d86866c81589c251d9fa3fb37589c
bfd100000cb60000bfd100008d149600bfd1
eb420000c1550000eb4200006d216a00eb42
bb96000018390000bb9600009458cc00bb96
25cb03a31d86a16725cb042a03d587cd25cb
e2940000a8ff0000e29400004c136c00e294
0bd900008d8d00008d7ee000800000000bd9
63170000722f0000722f00007f8000006317
749c0000db490000749c0000ff800000749c
e362371038e7caeae3623710dcccd2fee362
41d50000ae4d000041d50000b0aa910041d5
101dd0bc4a1dd7c14a1dd7c11ac29c09101e
b7dc94e6257ebbedb7dc94e69ddb7da9b7dd
68e76692a1bc099e68e76692cb29f80568e7
f25700008f7b0000f25700004252cd00f257
0233000095c5000095c50000800000000233
5f0e0000dda300005ef34000fd34d4005f0e
dd5d00003e470000dd5d0000dc2bcb00dd5d
98ee2f2ece216bb0ce216bb027962fdd98ee
6593c8e6cb7fb73a6593c8e6f1939ee36594
9f60d314493e4b55493e4b55a9271ed19f61
0bcc00005dd200005dd200002a2758000bcc
c047000002090000c047000082d4fe00c047
269b0000ea4a0000ea4a0000d1749c00269b
95c20000e6db0000e6db00003d25f60095c2
fe27000049460000fe270000ff800000fe27
7c98000077e000007c9838007f8000007c98
b17b550ef2e470b9f2e470b964e0466bb17b
0e5f26f61503473015034aad000000000e5f
c9690000a42b0000c96900002e1ba300c969
948f0000305e0000305e000085780400948f
079600003c9c00003c9c000004b6d0000796
2253a568e17217ffe17217ffc44826332254
758a000010670000758a000046790c00758a
a7cd54ebbde84bc9bde84bc9263a51bea7cd
be4900003e2c0000bce80000bd070c00be49
b2810000ff160000ff16000072172c00b281
e2558216a12dc9c1e25582164410f12de256
4b9c9edd4f386f884f39a8c65b61acd64b9d
9e5c0000e7030000e703000045e128009e5c
70ab00002fb2000070ab000060edcc0070ab
ecb37b1a6165bee5ecb37b18ff800000ecb3
ea1c0000a90e0000ea1c000053ad1000ea1c
153d7e4bc8daf5d0c8daf5d09ea21380153d
fe520000ac860000fe5200006b5bd800fe52
c9190000b1b50000c91900003b585a00c919
96a90000dca50000dca5000033d9da0096a9
da4fd169a22a4dfbda4fd1693d0a405dda50
0e6800009d1900009d190000800000000e68
accd0000a5ee0000accd03b8133e9600accd
659bb1e29c163152659bb1e2c236b073659c
e3e200008db40000e3e20000321ee800e3e2
b48d25c94db4fc544db4fc54c2c79362b48d
5aff0000011c00005aff00001c9b64005aff
1aef000014d500001aef0d50000000001aef
4efe005957f1d7d257f1d812676ff4764efe
27fe0000c4570000c4570000acd5520027fe
48f8000035a9000048f800003f23b80048f8
f56280dfa567f64cf56280df5b4d3c34f563
dae900007c9d00007c9d0000ff800000dae9
036a0000e75d0000e75d0000ab4a0200036a
a74100004234000042340000aa07b400a741
1a750000fb5f0000fb5f0000d6556b001a75
00b5fa93de7c3eb2de7c3eb29fb34f3a00b6
f3b6000043e80000f3b60000f824f000f3b6
b9480000503b0000503b0000ca121800b948
f0790000c2c50000f079000073bf9d00f079
366a000043cb000043cb00003ab98e00366a
d831000028170000d8310000c0d0ce00d831
5e66774807b9092b5e66774826a694745e66
83787e55a82d1f1fa82d1f1f000000008378
836786407521e6007521e600b9126b718368
ac32000010250000ac3200008000e574ac32
7f492b13ac8e81c37f492b13ec5ff7b97f49
9e57000063e6000063e60000c2c12a009e57
56820000adcc000056820000c4cf30005682
ee8a000013e70000ee8a0000c2f90c00ee8a
566c000032290000566c0000491bcc00566c
4320000010f30000432000001497e0004320
579d16ce81828ac8579d16ce99a0357b579d
2cc900001b4500002cc90000089aad002cc9
71a7000001d0000071a700003407b00071a7
402000005ceb00005ceb00005d92e0004020
56b800003743000056b800004e8c280056b8
595c74f0fdcc83a4fdcc83a4ff800000595c
df63d41cac49754fdf63d41c4c3349f0df64
aa131d66aab8279dab00db281553a7caaa13
fcbd4713780f8911fcbcff4eff800000fcbd
db52000087d10000db52000023ab7200db52
a05f00009ed40000a0798000002e2b00a05f
78199581a1b418c778199581da5817f8781a
65f70d68c76479b465f70d68eddc7d6465f7
be4c0000cbe50000cbe500004ab67c00be4c
fd0b00005b6a0000fd0b0000ff800000fd0b
034f0000f7da0000f7da0000bbb04600034f
60c354db88b6a21160c354dbaa0b59fc60c3
68be00001fd0000068be0000491a600068be
0a7300005656000056560000214b22000a73
8b5463633383131633831316801b2fac8b54
e9e20000f0460000f04607107f800000e9e2
15ff10fbea7db4feea7db4fec0fcc81d15ff
31d91c06dbc99e35dbc99e35ce2afd2d31d9
719b000055bc0000719b00007f800000719b
787624a59ed9e4f0787624a5d7d1812f7876
936100005898000058980000ac8598009361
de9000009a890000de900000399a2000de90
2e9400009a4a00002e940000896990002e94
fff59751e222ea2d7fc000007fc000007fc0
0eea0000941900009418e2c0800000000eea
e0140000a1e70000e014000042858c00e014
6a230000f4320000f431fff6ff8000006a23
0ddc0000e1fb0000e1fb0000b057b4000ddc
aee40000ff0d0000ff0d00006e7b2800aee4
28d200009584000028d20000800d890028d2
c08f00007f4e00007f4e0000ff800000c08f
7bff00006ddb00007bff00007f8000007bff
d3310000e9050000e90500007cb7ea00d331
dc240000e1af0000e1af14807e603800dc24
fdba000002f00000fdba0000c12e6000fdba
18a1a24145bc9f0d45bc9f0d1eee2f2718a2
b290f3dd1a669773b290f3dd8d8290dab291
5e5200003fad00005e5200005e8dea005e52
8b19162fa37a6310a37a6310000000008b19
c21146a5503c94d4503c94d4d2d608adc211
cd09000026510000cd090000b3dfb200cd09
0e8500000d2b00000e9a6000000000000e85
efd115ae54e1a169efd115aeff800000efd1
ce0d00009a470000ce0d000028db3600ce0d
0a470000f2d40000f2d40000bda4cc000a47
c0ae00005ad900005ad90000dc137e00c0ae
ea348820c0b5dd25ea3488206b804032ea35
4305fdfbfba2da80fba2da80ff2a7a2c4306
ef890000e7a20000ef8900a27f800000ef89
948a000061f2000061f20000b7027400948a
103100005b3300005b3300002bf786001031
0fd200005bd500005bd500002c2eba000fd2
0fb600009ce400009ce40000800000000fb6
3358000089d70000335800008002d5a03358
8b82868f9bb2dda69bb2dda6000000008b83
011d817ce9d58164e9d58164ab835c58011e
5f420000539a00005f420001736968005f42
b5fd0000388f0000388b0c00af0d5300b5fd
faff000090480000faff00004bc73800faff
de81f9ee846b70c1de81f9ee236f135ade82
2d65000098d100002d65000086baf5002d65
76f48ad5b6360d4d76f48ad5edade76876f5
7af5b22893a08eaa7af5b228cf1a18457af6
2faea73534c2c09b34c2ec452504de1d2faf
f1f3dbf7d2f14332f1f3dbf77f800000f1f4
4ac60000976c00004ac60000a2b688004ac6
ec000000cea70000ec0000007b270000ec00
e9ad000059950000e9ad0000ff800000e9ad
4dd60000002a00004dd600000e0c70004dd6
4d3900000fd800004d3900001d9c18004d39
dc790000efbd0000efbd00007f800000dc79
1a1100006be700006be700004682d7001a11
bd38424f24823ceabd38424fa23b7b08bd38
b2bef85b4cf7a6654cf7a665c038bdc0b2bf
38e90000519f0000519f00004b10b70038e9
490bd1be6f2fff556f2fff5578c03faa490c
d69f00004abc0000d69effffe1e98800d69f
8b5eb9516617576166175761b203ab548b5f
68ed0000f2770000f276ffe2ff80000068ed
b6fc0486ab0c8dd3b6fc0487228a5e17b6fc
9c2a0000e0420000e04200003d00d4009c2a
76ac000002e6000076ac00003a1a880076ac
bccf9f53a383383ebccf9f5320d4d849bcd0
0eea0000bc410000bc4100008bb06a000eea
84b90000ea4c0000ea4c00002f936c0084b9
fff3080a115284437fc000007fc000007fc0
2abb0000ac3d0000ac25a000978a0f002abb
bd747258fe4c3f05fe4c3f057c43074bbd74
8a3a0000d93f0000d93f0000240ac6008a3a
41788c9b40edfb5641b7c52342e70e314179
852c0000793c0000793c0000befca000852c
3cfb83acbba0b0393cd3579eb91ddf6e3cfc
1a150000024200001a150000000000001a15
d0cf0000b42c0000d0cf0000458b1400d0cf
e0d00000b9b10000e0d000005b0fd000e0d0
3e1b0000a28c00003e1b0000a12988003e1b
311dfc069273a56c311dfc0684165c50311e
b5af00007ba700007ba70000f1e45200b5af
0f0c0000ac480000ac480000800036b00f0c
a33300001d2c0000a332f54080f08800a333
c5c37eab87fc4e81c5c37eab0e40aca3c5c3
869e00008d1500008d1504f000000000869e
22b1000001e5000022b100000000000022b1
11730000d3b50000d3b50000a5abcf001173
eb64000060a10000eb63fffbff800000eb64
66df00001e7f000066df000045de210066df
7d080000b43300007d080000f1be30007d08
42041a95b3130b4142041a95b597c2244204
1d9de97a9e1323689d885d5680005ac31d9e
3b00ffcb414dff81414e07913ccf9b2b3b01
6b972f62363c81e66b972f62625ea7056b97
e67c0000aa110000e67c0000510ebc00e67c
ea040000c5e00000ea04000070670000ea04
4416000089590000441600008dfe4c004416
e374000034a30000e3740000d89b5c00e374
ba140000c1280000c12802503bc24000ba14
1a7f729f89a8825e1a7f729f800000001a7f
f0850000c44c0000f08500007553f800f085
5ea9000019c600005ea900003902b6005ea9
cd5f9fe6314ded33cd5f9fe6bf33e23fcd60
bf731ca78ac21859bf731ca70ab852d6bf73
983200006862000068620000c11d24009832
00c29a67c27c1d1dc27c1d1d83bfa61f00c3
50240000d3720000d36f7000e41b08005024
8ea1482d14bda55414bd9b3f800000008ea1
df730000a3f10000df73000043e4c300df73
6b610000156800006b610000414be8006b61
b806546b3515ebfbb803fcbbad9d55ebb806
6c377495c1ad13126c377495ee780ee66c37
de7c297e4060e5dbde7c297edf5d86b7de7c
3e6d77b88d9043303e6d77b88c85d1aa3e6d
87962f635df725055df72505a610fd708796
72ff000007a0000072ff00003b1f600072ff
ab3ca0b60f20a5ffab3ca0b680000eccab3d
a3a10000891a0000a3a1000000000000a3a1
65482735a60d158d65482735cbdc9ce36548
980d0000d6b40000d6b400002f464800980d
a70c00000e9e0000a70c000080000005a70c
f77aae45034eec04f77aae45bb4a9f58f77b
5f6c00008dab00005f6c0000ad9da4005f6c
c86a7de952a616c252a616bbdb98227ec86a
14040000f6a60000f6a60000cb2b30001404
e5740000ee5f0000ee5f003d7f800000e574
1944000051f5000051f500002bbb94001944
54590000b5f4000054590000caced4005459
e4560000a49c0000e456000049826800e456
016b0000058d0000058d758000000000016b
acad0000c8f70000c8f700003626eb00acad
47c900005fe000005fe00000682fe00047c9
5a700000afda00005a700000cacc60005a70
89790000b7300000b7300000012b30008979
aafc00003d7400003d740000a8f03000aafc
260c0000de990000de990000c5275800260c
29690621471f153f471f153f3110ce252969
149000001ad600001ad60900000000001490
683e89ffb6f5d2b1683e89ffdfb6f6e2683f
6309c8c549e9fe9a6309c8c56d7be187630a
00e800000fc000000fc000000000000000e8
984800000dc800009847fffa800000009848
e99e000031790000e99e0000db99ae00e99e
292a00004db800004db8000037746000292a
e51c0000111b0000e51c0000b6bce800e51c
a89c0000f09f0000f09f000059c1c800a89c
f0560000ebb50000f0565a807f800000f056
24b10000289000002890b1000dc7200024b1
94b9000050ce000050ce0000a614de0094b9
28d000004b9d00004b9d000034ff200028d0
5e8685fed70b76e45e8684e7f61292755e87
9223c37aaf8e7fa8af8e7fa80236502e9224
7549e98ff9f1e99ef9f184a9ff800000754a
41d700008ec9000041d700009128cf0041d7
d52ff889cd875930d52ff998633a12bdd530
f4c90000875f0000f4c900003caf1700f4c9
99e400006f4c00006f4c0000c9b5b00099e4
60c300007f5e00007f5e00007f80000060c3
3ffa0000ea830000ea830000eaffdc003ffa
cec10000ed0f0000ed0f00007c579e00cec1
1a4000001db300001db48000000000861a40
d0ac0000a4850000d0ac000035b2b800d0ac
943300005b7100005b710000b02883009433
5b3900004bf900005b39000067b3f1005b39
cc1d0000919c0000cc1d00001e3f5800cc1d
9fd0000041eb000041eb0000a23ef0009fd0
c06a0000d2540000d25400005341c800c06a
43360000319e0000433600003560a8004336
6ec500006b7300006ec6e6007f8000006ec5
8644000085c6000086938000000000008644
7d0a37a0f7cba6667d0a1e2bff8000007d0a
5b01000023eb00005b0100003f6cd6005b01
637a0000503a0000637a00007435a400637a
23d300000862000023d300000000000023d3
2379000041ab000041ab000025a653002379
67d300002b68000067d3000053bf380067d3
bf6600004b6400004b63ffffcb4cd800bf66
5419e976971724345419e976abb5bcf1541a
5724a58d15ebae925724a58d2d97943f5725
036c604f50d54a4650d54a4614c4f0b6036c
178a0000b5ed0000b5ed00008dff8400178a
1ee70000858a00001ee70000800000001ee7
b8440000eba60000eba60000647e3000b844
85430000817b00008543fb00000000008543
f0830000db6c0000f08300007f800000f083
7def0000ad1600007def0000eb8c0a007def
4ea000002add00004ea000003a0a20004ea0
34d300002e93000034d3093023f2520034d3
9a9c000071e6000071e60000cd0c28009a9c
0a1f00003cb500003cb500000760d6000a1f
8610000045fc000045fc00008c8dc0008610
8e0f00006f3d00006f3d0000bdd326008e0f
0dd0687ee89bbfd1e89bbfd1b6fd96d90dd0
d0f70000d56b0000d56b7b8066e2bd00d0f7
a6d20000a2470000a6d2638009a33e00a6d2
162700006de500006de50000449563001627
ea08000092730000ea0800003d011800ea08
a4dd000038070000380700009d691600a4dd
27130000fd800000fd800000e51300002713
977b0000e4220000e42200003c1ed600977b
0579000045300000453000000b2b30000579
91c900001fe600001fe600008000000091c9
ef970000bef80000ef9700006f124800ef97
ae7228c94bc135354bc13535bab6c314ae72
5daf0000eee60000eee60000ff8000005daf
2065cb0ad6e9cee2d6e9cee2b7d1df802066
0c0400004baf00004baf0000183478000c04
930eec1b3e9ce1863e9ce186922f2b92930f
bcaca9393a5f8841bca5acf7b796c34ebcad
50b200004750000050b2001a5890a00050b2
5817984b0df3c7dc5817984b26905be95818
aa78d37aca8b6af0ca8b6af0358782c4aa79
fb4dc873b0414fe4fb4dc8736c1b6457fb4e
85294aedf9fa2040f9fa20403fa5687f8529
591600001d2500005916000036c15c005916
51be0000ad7d000051be0000bfbbc60051be
0f6000006efb00006efb00003edba0000f60
55a1445854d0af9b55d5703f6b03762755a1
be450000482900004828fff4c7020d00be45
a156000036dd000036dd000098b8be00a156
22f300005d2600005d260000409d920022f3
e2c50000fb430000fb4300007f800000e2c5
e73e0000ac010000e73e000053bf7c00e73e
b61c0000274a0000b61c00009df63000b61c
79d70000d68a000079d70000ff80000079d7
78b591fc84c1d71078b591fcbe097b9878b6
1aa0b806aa0b6817aa0b6817852f0a891aa1
ab9500006d4900006d490000d969fa00ab95
cb9fe8b451327a5551326658dd5ef86ecba0
3a3f0000d9f90000d9f90000d4b9c7003a3f
7d970000f91f00007d96b080ff8000007d97
a6540000f8090000f80900005ee2e800a654
1c4690ab30d1562e30d1562e0da25ef41c47
ba8400003cc500003cbcc000b7cb2800ba84
dec900008e940000dec900002de86800dec9
9de58fb61ca0b3b59dbd62c9800012039de6
1fc900004acd00004acd00002b20f5001fc9
138d00000c6d0000138d01da00000000138d
438300003a5b00004383001b3e6022004383
757f00005e2a0000757f00007f800000757f
18463e9a8a9c882118463e9a800000001846
b07b000057e1000057e10000c8dc9b00b07b
7bc800002fcf00007bc800006c21b8007bc8
6ee30000146700006ee3000043ccd5006ee3
77b8dc1815ca9e7b77b8dc184e12501c77b9
a8c615600e8a2b95a8c6156080000035a8c6
1ba4261d69b4d1e569b4d1e545e7e2c51ba4
0f99c2e06f18e2ec6f18e2ec3f37a8020f9a
3e88000038bf00003e880bf037caf0003e88
34510000fc760000fc760000f148d6003451
62a8584b6133fbd462bed7c67f80000062a8
f4787ad9b0387686f4787ad965330b57f478
5e9ff0d9a8e44af55e9ff0d9c80ea1565ea0
54540000219c000054540000368130005454
c253000068f0000068f00000ebc5d000c253
22602066ff9d1f197fc000007fc000002260
c32776af2114c14fc32776afa4c29e23c327
da82000064f5000064f4fff8ff800000da82
c5ce4e1ab712ccc2c5ce4e1a3d6c9b1bc5ce
d3ac0000ce6b0000d3ac1d60629de400d3ac
eadb00000cee0000eadb0000b84b9a00eadb
1e1f0000ac980000ac9800008b3cd0001e1f
412600007bbb00007bbb00007d7284004126
37180000c95d0000c95d0000c10338003718
96298147b74b54beb74b54be0e06a1a0962a
40aa0000f2ee0000f2ee0000f41e0c0040aa
43e600007a1c00007a1c00007e8c280043e6
157400005cd500005cd5000032cb04001574
67cf00004b29000067cf00007388a70067cf
219704b5314a1d94314a1d94136e76532197
f7b7000000b60000f7b70000b9021a00f7b7
d3870000b07b0000d387000044845d00d387
e4080000554b0000e4080000f9d7b000e408
0340e4bbf3aadff5f3aadff5b780c0a40341
1bf7000037f1000037f10000146887001bf7
801b0000ee8d0000ee8d00002e6df000801b
3fb70000e3940000e3940000e3d398003fb7
ef1456b08ffdaea5ef1456b03f92fedeef14
a6d9000019c70000a6d900008128af00a6d9
c47a000041c20000c473f000c6bd7400c47a
4b2000000d0d00004b20000018b040004b20
f5b4000016b00000f5b40000ccf78000f5b4
c5d2000010f20000c5d2000097468400c5d2
5f4c0000b77100005f4c0000d7400c005f4c
24450000598f0000598f00003e5c16002445
cd5eb19c4d6ce1904b62ff40db4e0ff3cd5f
3cb20000e2640000e2640000df9e88003cb2
e9b7e9655987fb4de9b7e965ff800000e9b8
49d3000023c4000049d300002e218c0049d3
3fb70000e81f0000e81f0000e86352003fb7
5f7c910d3f004b5c5f7c910d5efd25c05f7d
133fc4390c5deca3133fc7b1000000001340
a910000006400000a910000080000000a910
764b00000c3b0000764b000043144900764b
f65100003ebb0000f6510000f598ab00f651
fad06da6d9d4c350fad06da67f800000fad0
c63464d74bc746674bc72fdad28c6bffc634
a4e800008b650000a4e8000000000000a4e8
ddcb000020880000ddcb0000bed7b000ddcb
9b9a00005a2800005a280000b64a20009b9a
0b9368ffe140e236e140e236ad5e22020b93
611c000087690000611c0000a90dfc00611c
e3350000e6680000e66ad4007f800000e335
524e00008ff60000524e0000a2c5f400524e
a5e30000170b0000a5e300008001ed04a5e3
8936000092dc000092dc0017000000008936
b91c00006ca100006ca10000e6443800b91c
9e320000a3860000a3861640023a58009e32
1346000020f9000020f90000000000011346
7ef494f7f701ff897ef493f3ff8000007ef5
2f1500008eab00002f150000800638702f15
b8350000b9b20000b9c8a000327bb400b835
198a0000aa950000aa95000084a0a400198a
dc64000020580000dc640000bd406000dc64
d49b00009c220000d49b000031442c00d49b
7a0b00008a3000007a0b0000c4bf20007a0b
9bfb00008cb900009bfb0000000000009bfb
9ad60000d0c30000d0c300002c2302009ad6
b3ab298b45f91fb345f91fb3ba26909ab3ab
0f15a3ed43ef634f43ef634f138bee170f16
b2c800004ef300004ef30000c23dd800b2c8
96dc00008a31000096dc00000000000096dc
78b3436c2d38ab0878b3436c6681503978b3
f9d49af6eb2131d3f9d49af67f800000f9d5
1f0e0000eb730000eb730000cb06ca001f0e
25dc0000b3840000b384000099e2e00025dc
2ff50000db330000db330000cbab4f002ff5
a9d1fefed6a6fc8cd6a6fc8c4108fa83a9d2
c0b50000c78d0000c78d02d448c76200c0b5
b0f8000018b30000b0f800008a2d6800b0f8
f10a0000423b0000f10a0000f3c99c00f10a
b6ee0000ea720000ea72000061e0fc00b6ee
5a250000d43b00005a24f450eef10e005a25
8cf0894439ed665e39ed665e875f0f438cf1
229e00005a4700005a4700003d75a400229e
cdcb00001a7a0000cdcb0000a8c63e00cdcb
4cfc00009c3900004cfc0000a9b61c004cfc
099e5ce9b434736eb434736e8006fa0c099e
d05800008f650000d058000020413800d058
de72000008f80000de720000a7ea7000de72
ee240000acd50000ee2400005b887400ee24
d4610000c2740000d461000057567400d461
a0170000d6720000d6720000370ebe00a017
780b00007cb700007cb745807f800000780b
17f10000797f0000797f000051f00f0017f1
88e863ed65a9dc4065a9dc40af1a31e788e8
421d00004d7400004d7400025015a400421d
f0330000f6cf0000f6cf05987f800000f033
ef1a0000a9fb0000ef1a00005996fe00ef1a
3cbb0000dbde0000dbde0000d9222a003cbb
7c5c00007f5800007f5b70007f8000007c5c
d7730000e3bc0000e3bc00007bb27400d773
6a09065d16764c256a09065d4103d4df6a09
972000001a3200001a2f8000800000009720
3feea4f9d70bfa51d70bfa51d7827cec3fef
7aca0000acc000007aca0000e81780007aca
62e30000b5c7000062e30000d930750062e3
4c18fcb74a24e5dd4c234b1556c516874c19
abee0000e8e20000e8e2000055521c00abee
825e0000f6580000f6580000393b5000825e
a61d00003bdc00003bdc0000a286ec00a61d
f80a0000a3490000f80a00005bd8b400f80a
720c1139b40f6e4c720c1139e69cf3f0720c
e9fe000055540000e9fe0000ff800000e9fe
5d0d00005be200005d2940007978f4005d0d
72d6000071b500007301a0007f80000072d6
cfd65069d68fc9f6d68fcd4f66f0bffbcfd6
5e2605da7b98b8957b98b8957f8000005e26
fe530000d6080000fe5300007f800000fe53
e2ea184bf32f16a3f32f16a37f800000e2ea
4aac000030a400004aac00003bdc60004aac
6dd900002c5c00006dd900005aba7c006dd9
33c1631b46023278460232783a44b4e733c1
9ba90000525d0000525d0000ae91e5009ba9
783ac7d59f951272783ac7d5d8598788783b
f36e000043120000f36e0000f707bc00f36e
ddc2000082690000ddc2000020b09200ddc2
a0e77ab9d108045ed108045e3275fa4aa0e7
92179b86d8ae4d98d8ae4d982b4e73529218
49f3000034ef000049f300003f62dd0049f3
b6b50000e3f70000e3f700005b2ea300b6b5
96843128f343627ef343627e4a49c89b9684
c9cf9afd7df0a4ea7df0a4eaff800000c9d0
d4a40000cdc00000d4a4030062f60000d4a4
59cd00001ae1000059cd000035342d0059cd
5a6d0000543400005a6d0b406f26a4005a6d
f9a255cb91a34e42f9a255cb4bcf1c80f9a2
dabe000097100000dabe00003255c000dabe
cb520000a74d0000cb52000033282a00cb52
c1e500005a2800005a280000dc964800c1e5
bd8994c386c1bf89bd8994c304d0402dbd8a
8ded000071e4000071e40000c05314008ded
182a0000cedd0000cedd0000a792c200182a
4accf585035e77b04accf5850eb21cbc4acd
21ae0000e5e80000e5e80000c81db00021ae
78f6000094d0000078f60000ce47e00078f6
332e0000e4760000e4760000d8273400332e
408e0000d7fe0000d7fe0000d90ce400408e
b4c9000087af0000b4c90000000112ceb4c9
0a1f00008d0a00008d078400800000000a1f
53120000ea510000ea510000fdee64005312
6aa50000641200006aa504907f8000006aa5
9ba000001a4200009b87c000800000089ba0
c85de65da8a3ac1ac85de65d318ddedbc85e
f502c416bdb0b7eef502c41673348986f503
69af0000711d0000711d015e7f80000069af
9a5723567574935e7574935ed04d89869a57
8d42a4740d33fd808b6a6f40800000008d43
f7fd29915edda5f7f7fd2991ff800000f7fd
feb40000e8d30000feb400007f800000feb4
b34d0000ff8b00007fc000007fc00000b34d
6a44a574d222caf16a44a574fcfa192e6a45
bf6100001b6f0000bf6100009b520f00bf61
8dca41821f0bf6581f0bf658800000008dca
753600003ee0000075360000749f40007536
2fad71e63b01706a3b01706b2b2f651d2fad
616d0000577c0000616d001079694c00616d
86280000172c0000172c0000800000008628
db180000d02f0000db1800036bcfd000db18
11b3000056f5000056f50000292b4f0011b3
5e642985403e9faa5e6429855f29e51e5e64
6446000079110000791100007f8000006446
896000000fba00000fb9f900800000008960
fa4c85c7643d8307fa4c85c7ff800000fa4d
f8ae000099940000f8ae000052c93000f8ae
046400004c0f00004c0f000010feb8000464
e86b000018560000e86b0000c1447200e86b
f43c0000976e0000f43c00004c2ec800f43c
913f000073b2000073b20000c584ce00913f
98c66e78da90acdcda90acdc33e0484098c6
aa640000fa890000fa89000065740800aa64
6f960000e7b800006f95ff48ff8000006f96
6e99258ce522e4886e992578ff8000006e99
c322c1d0304a6289c322c1d0b400ab93c323
3f680000f4c20000f4c20000f4afd0003f68
606c4dcf0adea8d5606c4dcf2bcd8751606c
dfef0000f5960000f59600007f800000dfef
c51f00006e4a00006e4a0000f3faec00c51f
9eb300001ff500001fc84000801569e09eb3
97230000fbd80000fbd80000538988009723
fb429ffd3e50016dfb429ffdfa1e2313fb43
09cd0000cb7f0000cb7f000095cc330009cd
58d200001507000058d200002e5d7c0058d2
eaf80000a1fc0000eaf800004d742000eaf8
092a0000f6bb0000f6bb0000c0785c00092a
2a5500001c9800002a550000077cf0002a55
3017000094b5000030170000855586003017
f3a0000030960000f3a00000e4bb8000f3a0
a1890000c3a00000c3a0000025ab4000a189
adaa00004111000041110000af409400adaa
b6e3037b3bc778103bc73f4fb330e22cb6e3
6c04b19a5548c8e86c04b19a7f8000006c05
afa700000df50000afa700008004fe98afa7
6fcfb1fbffac09087fc000007fc000006fd0
ca952c6797068bf6ca952c67221ccd99ca95
74980000f5cb0000f5a50000ff8000007498
e94f6300d58b7a71e94f63007f61fbe3e94f
18e5000078b3000078b3000052201f0018e5
93570000ce710000ce710000224a67009357
981d00005690000056900000af30a000981d
57970000cfcd00005796ff33e7f1d6005797
a720000072c2000072c20000da728000a720
8a7c0000e15f0000e15f00002c5b84008a7c
337f000023ca0000337f000017c93600337f
bf57f8d0ac932981bf57f8d02c784dc6bf58
f5da000067990000f5da0000ff800000f5da
edef0000f02f0000f03678007f800000edef
16d80000f9a70000f9a70000d10ce80016d8
f745c92968719e42f745c929ff800000f746
efb500002ed10000efb50000df13c500efb5
c464000032c50000c4640000b7af7400c464
633e6fd490867c46633e6fd4b44815f6633e
7eaf7b966c155d797eaf7b967f8000007eaf
d09000009d7b0000d09000002e8d3000d090
8d9c0000de660000de6600002c8c28008d9c
91c500006e5200006e520000c0a19a0091c5
21e80000c3200000c3200000a591000021e8
b392000064e3000064e30000d9017600b392
1c8082059ce0536b9c3fa2cc800003851c81
4b1f00006a4700006a47000075f732004b1f
63680000236f000063680000475898006368
a94c00005e6000005e600000c8328000a94c
10240000c8760000c8760000991d98001024
d7100000aa3e0000d710000041d5c000d710
fc2a000030660000fc2a0000ed18bc00fc2a
b3f300007f3d00007f3d0000f3b36700b3f3
0b44000016e7000016e70002000000000b44
6e6c7d9c322931e66e6c7d9c611c4d046e6c
7e068fe2db48fe687e068fe2ff8000007e07
cac100008b320000cac1000016863200cac1
fb79c08ed45772c9fb79c08e7f800000fb7a
fe7400002f320000fe740000ee29a800fe74
88430000a80d0000a80d0000000000008843
e6757c11351c0a72e6757c11dc15a19fe675
efee00004c620000efee0000fcd21c00efee
71c100001eff000071c1000051403f0071c1
c230000074b4000074b40000f7778000c230
4bbbd855508ae46b508b13615ccbd4724bbc
26e4000077f4000077f400005f59500026e4
238dbe54a9f29ff3a9f297178e06567b238e
e01c0000a5590000e01c000046043c00e01c
00a1144dfbba6d6bfbba6d6bbcea9b3200a1
f1810000b03b0000f1810000623c7600f181
d49e024d0b223531d49e024da0483c93d49e
79fb0791b3ea2f0c79fb0791ee65a30d79fb
76164b07b66f3acf76164b07ed0c72927616
460b0000ba510000460affffc0e2f600460b
6cab5ac9012a10f16cab5ac92e63ab416cab
75ff000051d0000075ff00007f80000075ff
29e80000696c0000696c000053d5e00029e8
a9bc0000aa860000aab5000014c4d000a9bc
87cdbeff8a41e2de8a4850d60000000087ce
0ec1d838aa9531deaa9531de800003880ec2
bb510000974e0000bb51000013282e00bb51
262daba67ffc33517fc000007fc00000262e
3f72000006de00003f72000006d1dc003f72
22aa0000260f000026105400093dec0022aa
54c9487f2e86da1154c9487f43d40ecf54c9
7b8b00004e7100007b8b00007f8000007b8b
c40e577ecba68f49cba69066503938cec40e
12ce00008bf1000012cdfc3c8000000012ce
04ba7b97da2048dfda2048df9f6984a704ba
8d720000d3960000d3960000218dcc008d72
cba750b442e28406cba7507bcf140b88cba7
43f0bbf61d21d17143f0bbf621982b2943f1
efd93fd93f45e759efd93fd9efa7f276efd9
e9180000c5e70000e91800006f892800e918
8aa10000cae40000cae40000160f64008aa1
a21b0000f1220000f122000053c42c00a21b
e3e900003f300000e3e90000e3a03000e3e9
e9010000f9cd0000f9cd00007f800000e901
1736689f5f8c6b5c5f8c6b5c37481b6c1736
f7180000442f0000f7180000fbcfd000f718
ff93aedf0f82f2b07fc000007fc000007fc0
55ef00004ba2000055ef000a62173e0055ef
5e620000f7e50000f7e50000ff8000005e62
205b8d0929984d4f29984d6a0a829e0b205c
80fa000053ac000053ac00009527f80080fa
63fad6bae5a81c22e5986eb6ff80000063fb
15330000dbd30000dbd30000b19389001533
6a7bc9611d093c5e6a7bc9614806fa256a7c
3fda74f363fc943b63fc943b6457899d3fda
ebdc0000ff220000ff2200007f800000ebdc
40ab00001040000040ab00001180400040ab
b640ebc7205abec7b640ebc79724d88cb641
28dd00004f1900004f1900003884150028dd
266eec3293c1a2ee266eec3280000b4c266f
36f60000eab70000eab70000e22fda0036f6
c4f7000045fc000045be4000cb732400c4f7
cb3a244f4ea33e294ea1c9e0da6d64a2cb3a
bfdcd9590a822087bfdcd9598ae084debfdd
6dee380317f4b3316dee38034663b4226dee
67b800002d8a000067b8000055c6600067b8
6db00eeeabce69046db00eeeda0df43c6db0
0bac0000beaf0000beaf00008aeb28000bac
7ba0000045b700007ba000007f8000007ba0
064a00007a8d00007a8d0000415e8400064a
836300009dae00009dae0000000000008363
51ab0000c556000051ab0000d78ef20051ab
943c0000fa740000fa7400004f333000943c
71d40000e90a000071d3ffbbff80000071d4
cb080000f80e0000f80e00007f800000cb08
838d00003dd800003dd8000081edf000838d
7f3a000092a100007f3a0000d269f4007f3a
1baef1ebca9a4195ca9a4195a6d2d4b11baf
5e2e0000fe2a0000fe2a0000ff8000005e2e
b2670000094f0000b267000080005d64b267
43f10000920b000043f100009682db0043f1
8aff1a57a2a4fb03a2a4fb03000000008aff
ba2d000098f90000ba2d000013a84500ba2d
99f55d5d565593d2565593d2b0ccb45c99f5
ee2d0000faa80000faa800007f800000ee2d
a65600007eac00007eac0000e58fc800a656
26f90000f6a70000f6a70000de226f0026f9
bff9000035dd0000bff8fff2b656f500bff9
f54b000041590000f54b0000f72c1300f54b
8c7200005ba600005ba60000a89cec008c72
8394bd68cde8a487cde8a48712072b3e8395
742a00006bf80000742a007c7f800000742a
ee9000006c580000ee894000ff800000ee90
47910000b571000047910000bd8881004791
b1760000429c0000429c0000b495e800b176
a69c00005a3500005a350000c15c9800a69c
f709788ad9a3e208f709788a7f800000f709
405f00006248000062480000632e3800405f
eb3500006ecb00006ec99600ff800000eb35
0155890d5983aa385983aa381b5ba63b0156
e23d0000a95e0000e23d00004c23e600e23d
145e5a293346f6483346f648082ccfa5145e
e377ab8a570edf4ce377ab89fb0a392fe378
9be0000018aa00009bdd5800800000019be0
68c475c1704b974d704b98d67f80000068c4
08f64456c8dc4402c8dc44029253e42608f6
2ac6000009c000002ac60000000000012ac6
bbcc860d22f21c1ebbcc860d9f416d2fbbcd
380a0000e5fe0000e5fe0000de88ec00380a
bb35772fe029b0dbe029b0db5bf09216bb35
03769b05b96cb0eab96cb0ea8001c8030377
3b70000074c1000074c1000070b4f0003b70
da74f02dfe0095bcfe0095bc7f800000da75
296c487de2fa325ae2fa325acce6ed43296c
e6adbc4c28d6db7fe6adbc4cd011d05ee6ae
609400006f1a00006f1a00007f8000006094
336000004f0400004f04000042e700003360
dc9b95572052a683dc9b9557bd8005b4dc9c
efa0000023f40000efa00000d4188000efa0
edbd000069760000edbc8500ff800000edbd
08236ff1724a5b0f724a5b0f3b0130770823
85dfc05b23c05e0123c05e018000000085e0
a129000015810000a128ffff80000015a129
2bc8af50a05fdea12bc8af4e8caf7f3d2bc9
938a000081320000938a000000000000938a
f4600000745d0000f1400000ff800000f460
afa30000748a0000748a0000e4afbc00afa3
0f9a00003d5100003d5100000d7b74000f9a
9fd500008d3700009fd50000000000009fd5
99de320a51a860ff51a860ffac12250799de
f659000012110000f6590000c8f5d200f659
688e31354333c82b688e31356c47b72d688e
830820fefbbee358fbbee3583f4b02c18308
2d530000060800002d530000000000002d53
5dbe0000fe450000fe450000ff8000005dbe
baeb3ae5b03c90e8baeb3aeb2bad4466baeb
0d1900008d6400008c960000800000000d19
cfb60000a6b30000cfb6000036fe8400cfb6
d07900001aca0000d0790000abc47a00d079
6c5a12211be3b1a36c5a122148c1f5656c5a
c4f80000e77e0000e77e00006cf61000c4f8
73004975d96c664973004975ff8000007300
c8f600008fb10000c8f60000192a1600c8f6
78e3c01c1d8a7cdd78e3c01c56f6694a78e4
b5ef00007049000070490000e6bba700b5ef
fc510000e3e30000fc5100007f800000fc51
ef120000ec7c0000ef15f0007f800000ef12
7cc70000a0cd00007cc70000de1f5b007cc7
cfdd00005250000052491800e2b39000cfdd
3fa991cfb7102d723fa99187b73f003d3faa
7e7fea18ebfa8c297e7fea18ff8000007e80
c1080000ef910000ef910000711a1000c108
74b10000e7e6000074b10000ff80000074b1
04c200000cea00000cea00c20000000004c2
479e2afb23875bbd479e2afb2ba742b1479e
9f790000ef370000ef3700004f31ff009f79
074f34a172075cd972075cd939db1fcf074f
63990000b832000063990000dc54c4006399
a5c982e92195a7bca5c8ed4187eb9a74a5ca
889b000043f6000043f600008d14f200889b
92620000749d0000749d0000c78a9a009262
27890000381d0000381d000020280a002789
ab7a000093000000ab7a0000000fa000ab7a
23d3258370e0c0c470e0c0c455395fd023d3
2386d7299dda15be2386c98881e5bd592387
1dab0000e10e0000e10e0000bf3db4001dab
902e0000b8c30000b8c3000009848a00902e
889200005e6100005e610000a78052008892
fea5000024cf0000fea50000e4056b00fea5
c83a0000c7bf0000c88cc000508ac600c83a
34130000a0670000341300009504a5003413
0a100000b2000000b2000000800090000a10
6bf1022408919e046bf10224350916f96bf1
1f440000be890000be8900009e51c8001f44
6cb9d04207fca5f06cb9d042353761726cba
3fee0000a7bb00003fee0000a82dda003fee
e403000093870000e4030000380a2a00e403
c6e0e184cbfb34d6cbfb6d0e535cab86c6e1
c77d00001e690000c77d0000a6664500c77d
805f00009aae00009aae000000000000805f
666b658bf9ff76bbf9ff76bbff800000666b
78a2000068e9000078a200007f80000078a2
fe7cd58f40fc6f47fe7cd58fff800000fe7d
73bf0000188a000073bf00004ccdec0073bf
209b00006fab00006fab000050cf1200209b
070425026b4334596b43345932c9866c0704
cd6d00002e1d0000cd6d0000bc115900cd6d
72d100000b12000072d100003e6e640072d1
d9d40000b2440000d9d400004ca25000d9d4
0d2400007ecc00007ecc00004c82b0000d24
58d00000efe40000efe40000ff80000058d0
19a5309f10f6466019a530dd0000000019a5
11ad00009d3800009d37ffff8000000011ad
b57d769680fb56d4b57d769600000010b57d
f36500002c5d0000f3650000e045b100f365
5d570000454100005d570000632217005d57
63f30000e4e80000e4ab4000ff80000063f3
1f4b0000bf610000bf6100009f326b001f4b
f0cb000020c50000f0cb0000d21c3700f0cb
81c8ba87846b76678471bc3b0000000081c9
d6c920b7d99443b0d997683370e8f82fd6c9
dab10000bf200000dab100005a5d4000dab1
c35f0000a8a90000c35f00002c933700c35f
b4a68d8bd9ece8f4d9ece8f44f1a220bb4a7
296d0000f92a0000f92a0000e31d6200296d
d8750000602300006022ff0bf91bff00d875
cb83328d383855efcb83328dc43cf0bfcb83
8bd100007a4e00007a4e0000c6a82e008bd1
fa7500009ec50000fa75000059bc8900fa75
9cfd000056d6000056d60000b4537e009cfd
a58c0000321d0000321d0000982bb800a58c
72d6000045d7000072d600007933ba0072d6
ff9e58e97601baaa7fc000007fc000007fc0
013f000000dd00000196c00000000000013f
aee30000299f0000aee2d840990cfd00aee3
8039000006b6000006b5fc70800000008039
1d8600003f6000003f6000001d6a80001d86
b15f000083fe0000b15f000000000003b15f
d831000012fa0000d8310000abacda00d831
09220000ac2d0000ac2d0000800000030922
5ff600008a6200005ff60000aad92c005ff6
8eb90000739d0000739d0000c2e2ea008eb9
df7b000024630000df7b0000c45e9100df7b
1d1d0000ec100000ec100000c9b0a0001d1d
08660000c8d00000c8d0000091bae0000866
5d342bc6ef06d379ef06d379ff8000005d34
6e67591e7c995a3c7c995a3c7f8000006e67
deb40000675d0000675cffa6ff800000deb4
2f800000d61b0000d61b0000c61b00002f80
db000000d2ae0000db0000576e2e0000db00
30f50000a02f000030f5000091a77b0030f5
ffc40000943600007fc000007fc000007fc0
c6805aa339a1bf07c6805aa3c0a2318fc680
9d2c000014c900009d2bff9c800000009d2c
5c24192891035e4f5c241928ada86aa75c24
6aba0000623700006aba005c7f8000006aba
a4cf8a41676872bb676872bbccbc724ea4d0
273d000094ca0000273d000080009522273d
4b0d00002acd00004b0d00003661d2004b0d
1bbd68af6c061c4b6c061c4b484673751bbd
de20000021d10000de200000c082a000de20
370de7aa03760884370de7aa0000110c370e
7f4a000020db00007f4a000060acce007f4a
fa8500001b360000fa850000d63d1c00fa85
42e0c29eb68c9c1142e0c29db9f6e6e842e1
45500000e3940000e3940000e97080004550
737c00005cec0000737c00007f800000737c
ad270000c1aa0000c1aa00002f5dcc00ad27
3c8a0000046100003c8a0000017294003c8a
25b200006def00006def000054262e0025b2
9fe50000faac0000faac00005b19dc009fe5
8dd800004bcb00004bcb00009a2b48008dd8
6882000059640000688200007f8000006882
2e57aabeaf23f33baedc11179e0a1ea02e58
197a0000fbcf0000fbcf0000d5ca2600197a
a1e50000bc440000bc4400001eaf5400a1e5
d49e000071b8000071b80000ff800000d49e
ae5d0000996e0000ae5d0000084d7600ae5d
894c0000e6280000e62800003005e000894c
88710000f2560000f25600003b4976008871
2bd800003b1800003b180000278040002bd8
d488c55e830c25e4d488c55e1815c05bd489
9783000065a5000065a50000bda8de009783
352f00004bbb00004bbb0000417faa00352f
661a000023970000661a00004a35ac00661a
be8d00003cb00000be820000bbc1e000be8d
d9f2b4dd6a3aedfa6a3aedfaff800000d9f3
831c0000007500008318580080000000831c
60997f1114dcfc9f60997f11360480ab6099
e46e0000ed050000ed05003c7f800000e46e
cf0e0000787d0000787d0000ff800000cf0e
2b05adc33487732b3487733c200d758b2b06
a80c5bb76285578f6285578fcb12374fa80c
f49cf287b6f636c5f49cf2876c16f2a2f49d
64e000008469000064e00000a9cbe00064e0
bf8c433762f0570762f05707e303aeb2bf8c
65272833d6d4db4b65272833fc8afc7b6527
110a0000e9b00000e9b00000bb3dc000110a
9b9100004d0f00004d0f0000a921fe009b91
fbaa00006d590000fbaa0000ff800000fbaa
9b2b000007a200009b2b0000800000009b2b
7e1b0000b45c00007e1b0000f30534007e1b
b2eb000092140000b2eb00000587dc00b2eb
895f0000623f0000623f0000ac266100895f
9627310c8ecd6a77962732a7000000009627
66e66f862915642566e66f865086790e66e6
f5941b00cc6cc77bf5941b007f800000f594
c5e51ed620f0553dc5e51ed6a7571932c5e5
b226bf8c7f4254ed7f4254edf1fd28f3b227
e145dcea072ab61ae145dceaa903f173e146
d1390000c4730000d1390000562f9b00d139
a33500006de100006de10000d19f1500a335
5da200005d3400005dfc00007b63d0005da2
dafd0000ad4c0000dafd000048c99c00dafd
35c53a0428ef052d35c53a041f38252735c5
2c080000962700002c08000082b170002c08
0f930000297b0000297b0000000002410f93
82fff6c7ca99b1eeca99b1ee0e19ac658300
6303f4a6048745316303f4a6280b735b6304
280e0000ba350000ba350000a2c8cc00280e
18b80000dc240000dc240000b56bc00018b8
70a00000d429000070a00000ff80000070a0
a1070000be270000be2700001fb02200a107
cb419056571ebaef571ebaeee2f008d9cb42
567100001058000056710000274b58005671
5e36d76ec981c0065e36d76ee83957695e37
a43400004345000043450000a80a8400a434
190700000f82000019070010000000001907
74b400006158000074b400007f80000074b4
4287000079780000797800007c82c8004287
b9ee00004e9800004e980000c90d5000b9ee
420e000036d80000420e0002396fa000420e
541b000003090000541b000017a5e600541b
90125201d51b416dd51b416d25b17a179012
694f0000cd010000694f0000f6d09e00694f
2e59000064cb000064cb000053ac13002e59
616c00000fd90000616c000031c80c00616c
e81a00000a280000e81a0000b2ca2000e81a
f0810000aa820000f08100005b830400f081
f4de0000fa440000fa441bc07f800000f4de
68530000a054000068530000c92ebc006853
ea130000fb760000fb7600007f800000ea13
146db51d279c533e279c533e00009128146e
fe38000079f40000fe378600ff800000fe38
670156e8bb945633670156e8e315e3966701
f2240000154f0000f2240000c8049c00f224
b9000000dd240000dd24000056a40000b900
6c850000acb900006c850000d9c03a006c85
c3860000fab00000fab000007eb84000c386
3c72d494e476120ae476120ae16969633c73
f054c60293c2c9e2f054c60244a1e5d9f055
d4040000785f0000785f0000ff800000d404
994f2c06ea62e318ea62e31844379ca5994f
87c79cbfed0c9239ed0c9239355b377987c8
aa7500006ffd00006ffd0000daf22100aa75
545a0000301a0000545a000045032400545a
1bda94fadda6cd3fdda6cd3fba0e6bd91bdb
7386d14dc54136a17386d14df94b81207387
18c30000afe20000afe20000892c260018c3
2fae0000c39e0000c39e0000b3d6c8002fae
a1404844a9b6121ca9b6127c0b88c0faa140
5cf90000beb500005cf90000dc300d005cf9
a405d7b5aac8f948aac8fd770f5225b4a406
070d00008667000006a6800080000000070d
5b370000bff600005b370000dbafda005b37
a5a70000b1480000b148000117827800a5a7
04b90000690e0000690e00002e4d3c0004b9
84a3e81f0d61b91a0d61b8c88000000084a4
0af28cce933545b39335453a800000000af3
1fc40000450f0000450f0000255af8001fc4
11930000583f0000583f00002a5b5a001193
ef8089e40f906b48ef8089e4bf9106dcef81
37a19767b0e219d637a193dfa90eb7f837a2
9ea45211447c6784447c6784a3a2033a9ea4
c5a30000f7820000f78200007da58c00c5a3
ac720000ad7a0000ad9b40001a6c5400ac72
705600007cb900007cb900007f8000007056
572c00005c8600005c86158074341000572c
89840000db3a0000db3a0000253fd0008984
dd713d632e279d52dd713d63cc1df34cdd71
48ac0000dded0000dded0000e71f3c0048ac
562f00007b0c00007b0c00007f800000562f
f2180000d0be0000f21800007f800000f218
110e0000ce310000ce3100009fc45c00110e
502a6a0614f486dd502a6a0625a2c6d4502a
c633000028300000c6330000aef62000c633
04df00003a7900003a790000003639c004df
2a070000de980000de980000c92050002a07
9d982402deee1792deee17923d0d7f7c9d98
3d9900007e5900007e5900007c81b1003d99
92645927135b607e13224a34800000009264
51600000f7ad0000f7ad0000ff8000005160
d76f13bcd9b2dec6d9ba576471a70bc5d76f
dc0500005b370000dbae8000f7be2600dc05
a49f0000242c0000a41200008955a800a49f
d34282a947329db4d34282a8db07b6acd343
9cc0000052a4000052a40000aff600009cc0
82bd33b52b5d3b592b5d3b598000000082bd
fb9a00009b5e0000fb9a000057858c00fb9a
7ead0000927e00007ead0000d1aba6007ead
575304dccfb4bbfe57530373e794fa615753
b1fa4573ff43dd27ff43dd2771bf7b1bb1fa
a74500002d1900002d18f3b094eb7a00a745
8c6ce3d660f6550960f65509ade3f1a08c6d
7e8f000007d000007e8f000046e860007e8f
009997f95971e1fd5971e1fd1a911fa8009a
32def53a1317991032def53a068407f432df
6481e161773d3e12773d3e127f8000006482
48af7a2e7fec34487fc000007fc0000048af
e299000015b90000e2990000b8dd2200e299
a7cabd3969a5cd0469a5cd04d2034e52a7cb
a494844426875316267c15a48b9d03e7a495
6a0600007cd600007cd600007f8000006a06
7637000021a8000076370000587030007637
aa7800000e9f0000aa78000080000268aa78
46d200004419000046d6c8004b7b040046d2
fe9e000040b40000fe9e0000ff800000fe9e
34640000a0c100003464000095abe4003464
81858a2def66f199ef66f1993170f0578186
0a910000b5ac0000b5ac000080c2d8000a91
54badd834b6e33b254badda160addfac54bb
eb7a37760e9ed729eb7a3776ba9b4087eb7a
a8d800002e0e00002e0de500976fa000a8d8
7d700000dda800007d700000ff8000007d70
5386000004e300005386000018eda4005386
01c50000d9c20000d9c200009c154a0001c5
6a2718f739d9fffd6a2718f7648e4b406a27
e82d0000733a00007339fffdff800000e82d
8d1e0000f6c10000f6c10000446e3c008d1e
4d35f8549100f7bf4d35f8549eb758894d36
97db1b455319a0405319a040ab837c7497db
e71b0000a21e0000e71b000049bf5400e71b
595a0000b45e0000595a0000ce3d0c00595a
5280beeb5cf687a65cf687ae6ff7f75c5281
f0cc000065d80000f0cbfffdff800000f0cc
0b057564ad905b91ad905b918000012d0b05
a9b27cc9e1676e7ee1676e7e4ba15ba3a9b2
149288332746924027469240000071a91493
c88780ef5cce55065cce5506e5da6d83c888
993a681642a78b6442a78b649c73fecb993a
759f0000eb000000759efffcff800000759f
333b00003eb200003eb2000132820600333b
85a7ae5e1981df2e1981df2e8000000085a8
93e0000009b1000093dffff58000000093e0
219d000078c8000078c800005af55000219d
1336000094940000947a8000800000001336
20950000f5af0000f5af0000d6cbb6002095
a72346dcfd30324cfd30324c64e0c197a723
e74b000088010000e74b00002fcc9600e74b
977e45ac325d0bb3325d0bb38a5b8dc4977e
c893000092c20000c89300001bdecc00c893
1c8500007cb300007cb3000059b9fe001c85
52ee1be9c733801452ee1be8daa6f4a452ee
5b6700009fcc00005b670000bbb814005b67
9d54fce18cd2f3f69d54fce1000000009d55
c64937960fb66534c6493796968f5d10c649
4130d4bf62b601f762b601f7647b71364131
37a8e81e8398cfd137a8e81e8000326937a9
01510000eb340000eb340000ad12f4000151
4bd10000edce0000edce0000fa282e004bd1
0b9a000064e9000064e90000310c2a000b9a
67f400006b6900006b6ae8007f80000067f4
d39bea843714716ed39bea84cb34d154d39c
6c0c0000a94f00006c0c0000d5e268006c0c
2f38bf466cdbeff66cdbeff65c9eb8cd2f39
a4080000684e0000684e0000ccdae000a408
4975dfeb52767a8152767abe5c6cbad44976
995cabc16b5d7cc76b5d7cc7c53eebd4995d
e3550000f8830000f88300007f800000e355
4d9700003d9500004d9700004bafc6004d97
3b1f0000db1e0000db1e0000d6c444003b1f
fe46000059930000fe460000ff800000fe46
a8753939ef8570c4ef8570c4587fa57fa875
f2770000a76b0000f27700005a62bd00f277
35ff00003f1400003f14002035936c0035ff
fe940000d2080000fe9400007f800000fe94
fe4c00009a740000fe4c000059427000fe4c
cf7800006924000069240000f91ee000cf78
8f2300005848000058480000a7feb0008f23
9a810000994300009a996000000000009a81
5a990000ea900000ea900000ff8000005a99
83aa0000af890000af8900000000000083aa
fd4a000027cd0000fd4a0000e5a1c200fd4a
90602e4fc9a6a3c7c9a6a3c71a91ed739060
620737b63224ba27620737b654ae04076207
d6590000bb240000d6590000520b0400d659
6a03b0b50613a1d66a03b0b53097e3706a04
f5e2e68f08373560f5e2e68fbea2621ff5e3
0625f8a7d9e5580bd9e5580ba094b0820626
082100004fea00004fea000018932a000821
e9bf00004c100000e9bf0000f656e000e9bf
78218566842854f978218566bcd46a507822
c14e000007440000c14e0000891db800c14e
36ae29f9f6bc759af6bc759aee0036d536ae
daf200003a4a0000daf20000d5bef400daf2
2d5f0000c7540000c7540000b538ac002d5f
f7b700008e530000f7b700004696d500f7b7
c666000074ed000074ed0000fbd4ee00c666
59bb0000e3080000e307ffe9fd46b00059bb
90c000009d9900009d9900000000000090c0
0b0f00008c3c00008c184000800000000b0f
1630000067d4000067d400003e91c0001630
28280000ed300000ed300000d5e700002828
b7ca00008cbc0000b7ca000005145800b7ca
cd0d00003b4b0000cd0d0000c8df9e00cd0d
ef1b0000cd490000ef1b00007cf36600ef1b
fd9db026565e9f8afd9db026ff800000fd9e
983f00004a0b00004a0b0000a2cf6a00983f
31490000fae50000fae50000ecb3cd003149
25d3000054400000544000003a9e400025d3
8dc60000307d0000307d0000800c3ae08dc6
7e75000091c200007e750000d0b9aa007e75
1d930000d5260000d5260000b33ea4001d93
71323a06233b7a0b71323a065502855a7132
74f0732e9029474674f0732ec59efefb74f0
24580000cf040000cf040000b3dec0002458
a1ff0000925d0000a1ff000000000001a1ff
ebde000087a20000ebde0000340c7c00ebde
44509fd7c6ea8927c6e40428cbbf21e04451
bb39a9a3a284de95bb39a9a31e40b9cabb3a
c5ae0000d3fa0000d3fa00005a29ec00c5ae
14ce000093e500001494c0008000000014ce
4602000043c70000460838004a4a1c004602
559f37e5a5483fa9559f37e5bb791686559f
bdff0000dc6b0000dc6b00005aea1500bdff
da6edb6a2dfbb05fda6edb6ac8ead5b0da6f
082d4a562c68867c2c68867c00000001082d
21e4579b2cb8399f2cb839a30f24525d21e4
130a0000ce6a0000ce6a0000a1fc4800130a
d6cb0000068e0000d6cb00009de13400d6cb
6d30000011cb00006d3000003f8b90006d30
97f600001035000097f5fe968000000097f6
99390000ded30000ded3000038987b009939
1b2206defb13de42fb13de42d6bb2d3a1b22
808c00002e5800002e58000080000000808c
a4730000a06b0000a473eb00055f1100a473
cc16bb4a7610750c7610750cff800000cc17
84d47b6bd07205c1d07205c115c8e17284d4
30a6000056bf000056bf000047f7b40030a6
77e01864d666b09777e01864ff80000077e0
35716e14398a0c9b398a85522f82313a3571
43ba00003ad9000043ba00363f1daa0043ba
464b0000e3c10000e3c10000ea990b00464b
a4aeca5b41d0aa2641d0aa26a70e7896a4af
e08e512497edba6ee08e5124390428c2e08e
400c0000c0d10000c08b0000c1649800400c
bc204bf8b6d537d7bc20669f3385822cbc20
d96c0000eb550000eb5500007f800000d96c
6ee100005f4200006ee100007f8000006ee1
972d36246bdc91646bdc9164c3953ce6972d
e74f0000dee10000e74f00707f800000e74f
435600009034000043560000941678004356
b211000057a6000057a60000ca3c0c00b211
0ce18f6c4228b0154228b0150f94a1440ce2
5d7100003ed700005d7100005cca67005d71
91e7000033920000339200008603be0091e7
ff88000019da00007fc000007fc000007fc0
f5840000fe310000fe3100427f800000f584
4f1f0000249e00004f1f0000344444004f1f
0fd000003f7100003f7100000fc3d0000fd0
74868fa2da43442574868fa2ff8000007487
dd50000079c8000079c80000ff800000dd50
44bfd4c39ad2c80d44bfd4c3a01df27044c0
d1c00000e2200000e220000074700000d1c0
bebd129cd42051e4d42051e4536cd03abebd
3b0200004ea700004ea700004a299c003b02
44c400003535000044c400003a8a940044c4
a4af000090cc0000a4af000000000004a4af
8e0eeaba4db8dd084db8dd089c4e68368e0f
9e2487b0cb7c6ddecb7c6dde2a223c2e9e25
745aec745a193342745aec747f800000745b
24f7000067060000670600004c814a0024f7
301000004d3200004d3200003dc840003010
d023000016e60000d0230000a7927200d023
a0e6e0a9886bd9ada0e6e0a900000000a0e7
3a1c0000bf300000bf2fd900b9d680003a1c
d42d11554015dc1fd42d1155d4ca9fcdd42d
f2090000eabd0000f209017a7f800000f209
95de0000b1580000b158000007bb500095de
b2240000c4c70000c4c70000377ef800b224
724a0000bc430000724a0000ef19de00724a
452e000075440000754400007b053800452e
77a9b5dd9a9f893177a9b5ddd2d385ce77aa
040d0000fd110000fd110000c19fba00040d
0ff20000721e0000721e000042955c000ff2
1ce10000d9de0000d9de0000b7431e001ce1
c6c9360ec818ed54c83214164f706543c6c9
b52300000b8a0000b5230000812fbc00b523
8ee75e0a7969a72d7969a72dc8d32bae8ee7
730e9cd0a07a0d7d730e9cd0d40b4ca7730f
a72600003fc000003fc00000a7790000a726
ce7e0000fe6e0000fe6e00007f800000ce7e
4589afc87058c08f7058c08f766927c3458a
3a950000981000003a9500009327a0003a95
85b0004dad1d9f1fad1d9f1f0000000085b0
3263000049090000490900003bf2f6003263
276119e0b949daf2b949daf2a1317dd62761
dfba0000b8b20000dfba000059015400dfba
56de00009b95000056de0000b301360056de
3075000004e4000030750000000000033075
962aaf2368aab40a68aab40abf63a0ae962b
c4db0000abc80000c4db0000312b1800c4db
8ec700003b7100003b7100008abb57008ec7
e4c30000959d0000e4c300003aef2e00e4c3
a12d000085bb0000a12d000000000000a12d
75ad0000461f000075ad00007c56e60075ad
f5bf00003c130000f5bf0000f25b5a00f5bf
263e000071ce000071ce00005898e400263e
396500009cb800003965000096a498003965
23990000b4470000b4470000986dde002399
d05dbab477c8129877c81298ff800000d05e
fb2a000028860000fb2a0000e431f800fb2a
704a0000ea8600007049ef40ff800000704a
0a0f397c83ae91be0a0f3407800000000a0f
a15300007b2200007b220000dd058600a153
7911b5ef07a2d6787911b5ef41395e677912
c5860000631b0000631b0000e9224400c586
1cf60000119a00001cf60002000000001cf6
0a4500002527000025270000000000000a45
78d0e3f729945ca678d0e3f762f21ec878d1
10ed00008911000010ecfede8000000010ed
3dae87fb907314b83dae87fb8ea5b9333daf
04e200007f7000007f70000044d3e00004e2
c2c70000adde0000c2c70000312c9200c2c7
3e23879d123675393e23879d10e91a963e24
c4620000c4a50000c50b00004991aa00c462
81cc9d3f5238c6b75238c6b79493afd981cd
2e17b287170b6abd2e17b28705a53a5e2e18
fbb0480ca8270228fbb0480c646600f8fbb0
f6a556f73549083af6a556f7ec81d698f6a5
8caab1e67c1840027c184002c94b089d8cab
2d92963af1bbd850f1bbd850dfd71f322d93
afac0000ce410000ce4100003e81ac00afac
57c7ef95f86fe16df86fe16dff80000057c8
735900005cea0000735900007f8000007359
4d06000070720000707200007dfd58004d06
1ad90000f61d0000f61d0000d18515001ad9
e37eace66edb2b266edb2b24ff800000e37f
0b87c3193a481ef03a481ef0065441a70b88
e9ad428fdca9f819e9ad428f7f800000e9ad
32c90000d9010000d9010000cc4a920032c9
4de00000b12100004de00000bf8ce0004de0
39bb4e5afe385f98fe385f98f886e64239bb
e5650000fcde0000fcde00007f800000e565
c9d10000d1ec0000d1ec00d15c40ac00c9d1
da1b0000792a0000792a0000ff800000da1b
d1fb000089180000d1fb00001b950800d1fb
0d0a00003e8400003e8400000c0e50000d0a
19d5e4298bddd65b19d5e4298000000019d6
38d7fe18550e9dc0550e9dc04e70a81438d8
eda40000d1130000eda400007f3c5800eda4
54ed00002c3f000054ed000041b0d30054ed
0412705889fb71a189fb5f53800000000412
47feb1deb5976edb47feb1debe16a93447ff
6af924324e8898576af924327a04ef7d6af9
95494f217c7169577c716957d23dd6549549
c1280000b0d60000c1280000328c7000c128
cb36000033510000cb360000bf149600cb36
46dc0000792d0000792d00007f80000046dc
2e4275328fea0ab02e427532800b1c742e42
68d10000d810000068d10000ff80000068d1
7eb40000481600007eb400007f8000007eb4
d7e0000002b90000d7e000009b21e000d7e0
5d1438b39ec293f55d1438b3bc6151445d14
826d00008aa600008aa6007600000000826d
8cd3975b1dbc9e341dbc9e34800000008cd4
115c4c8f935ee65e9351219580000000115c
71a700006dad000071a7ad007f80000071a7
be31000062e7000062e70000e19fb700be31
591800007a9600007a9600007f8000005918
1373af635b7489345b7489342f68c5c51374
a314000045af000045af0000a94a5800a314
251bc34d14fcb50b251bc34d0000099c251c
f1a480c4df37b1e3f1a480c47f800000f1a5
756644c94e9ec5d1756644c97f8000007566
d562815f4ff2dd57d5626303e5d6e222d563
174d0000c04e0000c04e00009824f600174d
63d20bbd36973d6a63d20bbd5af82ea063d2
10fb0000d51c0000d51c0000a698f40010fb
5deb0000b71700005deb0000d58a9d005deb
3ae00000e0aa0000e0aa0000dc14c0003ae0
a67c000089160000a67c000000000000a67c
62455fa22f2d20c862455fa252057ae76245
e175c74d6cf0ce196cf0ce17ff800000e176
c3aa00006815000068150000ec45e400c3aa
caa8b80ffc4126e5fc4126e57f800000caa9
3cd10000c23b0000c23ae5e0bf98ab003cd1
b50b0000e5a30000e5a300005b310200b50b
d13d0000f05e0000f05e00007f800000d13d
374a00007eb000007eb00000768ae000374a
5b66884920b29c1b5b6688493ca0d7565b67
2dffe8472e027b5b2e8137bf1c826f442e00
629a00003b960000629a00005eb47800629a
ec19b45ab0394397ec19b45a5cde77d4ec1a
6bb200001c0400006bb20000483790006bb2
838f0000533b0000533b00009750ea00838f
243f631b5032da585032da583505b625243f
db6c0000b0d40000db6c00004cc37000db6c
1d480000adb90000adb900008b9088001d48
2eaea506b3517e58b3512705a28eeaeb2eaf
855d00008fe200008fe2000700000000855d
94db00000e28000094dafac08000000094db
759f000007790000759f00003d9aa700759f
833900b886aeeb0586b05d06000000008339
58870000aab9000058870000c3c31e005887
74820000f4fb0000f4720000ff8000007482
32340000f9430000f9430000ec091c003234
c7f4000061a6000061a60000ea1e3800c7f4
7502ced51e578a597502ced553dc44cc7503
bf73000069d3000069d30000e9c84900bf73
a9c1000033ea000033e9fff49e306a00a9c1
fd6000007b790000fd507000ff800000fd60
f5f200004e2e0000f5f20000ff800000f5f2
a9131dc0f6276206f62762065fc0617aa913
24b80000e63d0000e63d0000cb87d80024b8
50ac00009728000050ac0000a861c00050ac
01da0000fa370000fa370000bc9bd60001da
610821c49d219063610821c4beabd4086108
ba1a2a3ebd585502bd5abdab380246d6ba1a
817e00006515000065150000a713d600817e
9ca600004784000047840000a4ab30009ca6
2d0e0000198400002d0e0000071270002d0e
7adc00003abc00007adc0000762190007adc
6a1afff6eb341febeb0d5feeff8000006a1b
55dc0000749c0000749c00007f80000055dc
b7bfcd0bef8af847ef8af84767d03d18b7c0
56410000e8560000e8560000ff2156005641
fff14a4a1c28ffc37fc000007fc000007fc0
bfee0000a9480000bfee000029b9f000bfee
f6cc112cb5855233f6cc112c6cd48ce4f6cc
1f6500003ea500003ea500001e9399001f65
7648a2c2dabf26107648a2c2ff8000007649
60718a29018bb87960718a292283d4126072
48d00000ad5a000048d00000b6b1200048d0
6a5000005b1300006a5000007f8000006a50
1b7d64636aa35cb96aa35cb946a1b2b21b7d
e50c734ba16a565de50c734b470090c4e50c
56104305ecc4c04eecc4c04eff8000005610
93f6000013bb000092ec00008000000093f6
de1f00008b6e0000de1f00002a13d200de1f
96930000bf3d0000bf3d000016590e009693
4a6f94faeff16614eff16614fae1eac74a70
4eb10000421500004eb10000514e0a004eb1
fa05000045da0000fa050000ff800000fa05
7169936619945c45716993664b875d67716a
b1dd00007fdc00007fc000007fc00000b1dd
2d82ec2fd7221561d7221561c525c8c92d83
5370000004610000537000001852f0005370
a52900007d2400007d240000e2d88800a529
fca80000f79b0000fca826c07f800000fca8
a07500003bd400003bd400009ccae400a075
f2b869e481c58f9df2b869e4350e50f1f2b8
48890000d8360000d8360000e142cc004889
e1b9000011fe0000e1b90000b4378e00e1b9
378200003daa00003daa082035aca8003782
d1f20000d4e00000d4e3c8006753c000d1f2
0ca400000b6d00000cc1a000000000000ca4
c08d458128528d68c08d4581a9686219c08d
43e80000dd020000dd020000e16ba00043e8
ca850000bd970000ca850000489ce600ca85
505900009f77000050590000b0515f005059
e1ef000057260000e1eefffbf99afa00e1ef
2f850000fa8c0000fa8c0000ea9178002f85
4237845ecd1d7881cd1d787ecfe1c5204238
5faf0000422800005faf00006265b0005faf
24f5ff111a11b54424f5ff16002300ea24f6
b7e833ef378dc49bb734dea8b00096efb7e8
c4c10000db470000db47000060960700c4c1
79eb00004523000079eb00007f80000079eb
a50b00004a4d00004a4d0000afde9e00a50b
fca40000ec5d0000fca400007f800000fca4
6da20000220d00006da20000503274006da2
bb5d00009b330000bb5d0000171a8700bb5d
2b9e779dcb77aee6cb77aee6b79951ac2b9e
652c00004ed50000652c0000748f1c00652c
f6392d2ac37f984cf6392d2a7a38e227f639
69d30000c70c000069d30000f166c80069d3
587800001f80000058780000387800005878
dadc0000f11f0000f11f00007f800000dadc
998e83076adca7166adca716c4f5ab3b998f
826400001c2700001c270000800000008264
c26800009e740000c2680000215d2000c268
3d9fed1a3089faf93d9fed1a2eac65583da0
cffdca1b1e93c9a1cffdca1baf1282f1cffe
682300008d8c000068230000b63248006823
183a00002de500002de5000006a66200183a
67a13d8746bdbf7f67a13d876eef061367a1
e6a10000c9130000e6a100007038e600e6a1
8d7ea2cbc504e366c504e36613042e208d7f
6c8b0000461400006c8b00007320b8006c8b
c731000022d90000c7310000aa960900c731
67f700009a0b000067f70000c2861d0067f7
8ffa661b501af7e3501af7e3a09793e38ffa
5a1ff64ee22e7fe7e22e7f47fcda12a95a20
9097e51f653730f1653730f1b65963a69098
dbfb0000a8070000dbfb000044845d00dbfb
d51752f5349291afd51752f5ca2d46dad517
36c30000ce440000ce440000c5954c0036c3
ff6e0000e81e0000ff6e00007f800000ff6e
5e9016838e30fb545e901683ad4739df5e90
abe30000ce990000ce9900003b07ab00abe3
befd0000eba20000eba200006b201a00befd
199f000033e4000033e400000e0d9c00199f
a32a0000bdf50000bdf5000021a2b200a32a
5df59f25868a8b065df59f25a504ed2d5df6
500e0000ddeb0000ddeb0000ee825a00500e
df850000f5780000f57800007f800000df85
678c000039e40000678c000061f96000678c
ef8a000078e8000078e7ffdeff800000ef8a
188300004c8200004c82000025850c001883
6229d1f6b222481b6229d1f6d4d74d65622a
c99e14afc28d6d51c99e16e54caea9cac99e
987f0000c5eb0000c5eb00001eea1500987f
7e80b81779858b067e80d97a7f8000007e81
738553d118cdf875738553d14cd68b097385
2cee0000547e0000547e000041ec24002cee
d4b1b8c63eb4c538d4b1b8c6d3fafdabd4b2
615000004e20000061500000700200006150
225200000122000022520000000000002252
c85100006cca00006cca0000f5a4ea00c851
2533b1352885beca2887262c0e3bc1f82534
73820000fb670000fb66fefcff8000007382
ec0a000022420000ec0a0000ced12800ec0a
6f9e3119c02c62666f9e3119f0550b956f9e
5bff00001c3900005bff000038b847005bff
8c740000bb550000bb550000084b04008c74
48fa00008503000048fa00008e7fdc0048fa
7b7f000063e300007b7f00007f8000007b7f
61880000d5bf00006187fffff7caf0006188
e355d143779b9c69779b9c69ff800000e356
924f00004b4c00004b4c00009e24f400924f
25222cd3d1e452b0d1e452b0b790a44e2522
e577ff4a178f72bbe577ff4abd8af6bfe578
35cf0000ba6b0000ba6a9880b0be050035cf
9c4a384087e776789c4a3840000000009c4a
83400000d5480000d5480000191600008340
a10a00005e0d00005e0d0000bf980400a10a
58370000d8d80000d8790000f19a68005837
4b83531d377c1b284b83531d438153bf4b83
10c2651f6acb0d086acb0d083c1a301510c2
45809179fd4c7fa5fd4c7fa5ff8000004581
87c80000e4810000e48100002cc9900087c8
3cd7d99d742435b7742435b7718a74b33cd8
5a9a00007e3600007e3600007f8000005a9a
30790000170200003079000007fce4003079
83b90000614a0000614a0000a591fa0083b9
28740000ada50000ada4e180969d44002874
698400008a9f000069840000b4a3f8006984
60b3000079060000790600007f80000060b3
f92e0000059f0000f92e0000bf582400f92e
91c800007190000071900000c3e1000091c8
60e7000095d0000060e70000b73bb00060e7
44788d15405f8bab44796ca145590a804479
fac50c81dcc54087fac50c817f800000fac5
9700246ca8ba84afa8ba84af005d5ce19700
07dd19cacbc45453cbc454539429909307dd
62f400008ba1000062f40000af19740062f4
e953000028d90000e9530000d2b2db00e953
a39c00001ab70000a39bffd2800df080a39c
3b4c00003b3500003bc0800037103c003b4c
3490cb042710ea303490cb041c23ed4e3491
3994475b413110ad413111d63b4d1dfd3994
9c253821efc9b954efc9b9544c8230ae9c25
35740000b67e0000b6410000ac7218003574
bc19709bea53b0deea53b0de66fdc3a4bc19
8f39000012e3000012e18e00800000008f39
a4d22d3688b1d672a4d22d3600000000a4d2
a0980000a1230000a16f000002419000a098
dd37de536a61d9536a61d953ff800000dd38
6cc50000d08200006cc50000fdc814006cc5
57c30000b7d1000057c30000d01f330057c3
2ff25613997628b02ff2561389e9053a2ff2
276d0000445c0000445c00002c4bac00276d
d14d3c41f2314484f23144847f800000d14d
4dd6a26ecd01f25c4d95a940db59e6184dd7
8617000044060000440600008a9e14008617
5e6600009edb00005e660000bdc4c2005e66
050e5c5c3c21723b3c21723b01b38f38050e
4bc35ad45b82fa395b82fa3967c7e6244bc3
fc360000434b0000fc360000ff800000fc36
17ef000038a6000038a60000111afa0017ef
cc1d000099f60000cc1d00002696de00cc1d
388500002b08000038850000240d50003885
d0100000b73d0000d010000047d4a000d010
c22f0000191c0000c22f00009bd54800c22f
da2b000028cc0000da2b0000c3884400da2b
6c1300001f1400006c1300004ba9f8006c13
90ee00006a3500006a350000bba8460090ee
8b60856bb8e8bdcab8e8bdca04cc1f5d8b61
a74c000022a70000a74bac808a851400a74c
b2a50000937a0000b2a5000006a12200b2a5
4590000043e90000459e90004a0310004590
00c500009b9e00009b9e00008000000000c5
52890000c66f000052890000d97fce005289
59ebd9d127297d4159ebd9d1419c263059ec
a70600003cc400003cc40000a44d3000a706
c0af7dac4c6864f94c6864f8cd9f4f1cc0af
2e6a000073bf000073bf000062ae96002e6a
9c740000ffa300007fc000007fc000009c74
d19c5725a07124e7d19c572532934493d19c
43530000874c0000435300008b2824004353
4b040000c9be00004ad88000d543f0004b04
55d1ced053851f3d55da20c469da341855d2
e3320000ab850000e33200004f38f400e332
c83c0000d4ab0000d4ab00005d7b2800c83c
63f000002021000063f000004496f00063f0
7fed0000305500007fc000007fc000007fc0
019fef4660393bdd60393bdd226772a001a0
1d0a000086f400001d0a0000800000001d0a
92c800001a6400001a63fe708000000092c8
e01f000035970000e01f0000d63b9200e01f
5b860000141700005b860000301e14005b86
71940000b394000071940000e5ab20007194
7661000043180000766100007a0598007661
f047000082150000f047000032e7a600f047
5d07000041bb00005d0700005f453a005d07
ca0f00003da80000ca0f0000c83bb000ca0f
11f10000c3290000c3290000959f190011f1
3d1b08117aeb18fa7aeb18fa788e5f883d1b
9bce00004ad800004ad80000a72dd0009bce
be2b0000fda00000fda000007c55c000be2b
019a000056d0000056d0000018fa4000019a
f54c0000dc3c0000f54c00007f800000f54c
78870000e538000078870000ff8000007887
442100007f8d00007fc000007fc000004421
1063b3f06aae51d26aae51d23b9b0d141064
404056ffc5c19b53c5c18348c69176494040
15090000acb90000acb90000824602001509
506900009654000050690000a740f4005069
282602c35b8f32a65b8f32a64439b8c62826
bf9b3e05fe768f8efe768f8e7e9584a7bf9b
161212d8e019bea9e019bea9b6af741b1612
56ee000030fd000056ee0000486b360056ee
926d792858770d4358770d43ab652c33926d
0e5200006f4300006f4300003e1ff6000e52
81b80000dfde0000dfde0000221f900081b8
317c2eb1c25b48aac25b48aab4580386317c
d9160000cbf30000d9160000658e6200d916
7bb50000d3e000007bb50000ff8000007bb5
766d000079f6000079f7da007f800000766d
ba2b0000a5bf0000ba2b0000207f2a00ba2b
f5f0000090460000f5f0000046b9a000f5f0
63cd0000e207000063bc2000ff80000063cd
b55e0000f9f70000f9f700006fd63200b55e
e041e820c9897990e041e8206a50429ae042
6b4400002bbf00006b44000057923c006b44
ffa500002e6400007fc000007fc000007fc0
177bd252bdaf6f1bbdaf6f1b95ac9211177c
96f450d4d0eb9653d0eb96532860d5a996f4
ef100000a40c0000ef100000539d8000ef10
27ba145e01b20e6427ba145e0000000027ba
61810000f4cf0000f4cf0000ff8000006181
28f60000e0fe0000e0fe0000ca74140028f6
62950000ae4d000062950000d16ea2006295
689000002f5a000068900000587540006890
e270fa033ea7127ae270fa03e19d447ce271
fdd30000cc440000fdd300007f800000fdd3
e65b000021050000e65b0000c7e38e00e65b
2aa00000982300002aa00000834bc0002aa0
637d000015ca0000637d000039c7a200637d
c1abf990ac1f0b35c1abf9902e55af10c1ac
80f8000004640000046210008000000080f8
409b1aaef48702b3f48702b3f5a39969409b
23ef00008ea8000023ef00008000000023ef
deef0000ae360000deef00004da9ea00deef
fb8f21d0b731736efb8f21d073466dd5fb8f
06280000bb0a0000bb0a000081b520000628
02761910f8bc46adf8bc46adbbb4fe590276
d4bc0000e0680000e068000175aa6000d4bc
9ff7000072a3000072a30000d31d45009ff7
351300000fd8000035130000057810003513
1fb500002bdb00002bdb00010c1ad7001fb5
eb5c2c2efdacf086fdacf0867f800000eb5c
08cd466b547f1c06547f1c061dcc8f9d08cd
df137a84353b3c4edf137a84d4d7ba78df13
d7e300005ffe00005ffdff1df8613a00d7e3
8781000092a3000092a30002000000008781
20450000a6ed0000a6ecf9d887b661002045
8b2f000063bf000063bf0000af8291008b2f
ff0800006cdb0000ff080000ff800000ff08
a7208dca259d1e14a70cea088d4513a4a721
617312a0e96b2ef3e96b2e00ff8000006173
2f660000f6760000f6760000e65d04002f66
cdca000096120000cdca000024666800cdca
523499693f6447dd5234996952210b545235
caac0000b1e30000caac00003d188400caac
941f000031f1000031f100008695af00941f
c6850000fdb80000fdb800007f800000c685
76e800002b50000076e8000062bc800076e8
9bc300004a0a00004a0a0000a6523c009bc3
7cfa000092d100007cfa0000d04c1a007cfa
cfed0000a7660000cfed000037d4ee00cfed
1d799ee6d478c257d478c257b2728f6e1d7a
7eff0000199f00007eff0000591e61007eff
a4d9931e0122b4daa4d9931e80000000a4da
8013000050120000501200008fad60008013
ad5a00004e2300004e230000bc0ace00ad5a
78200000bf23000078200000f7cbc0007820
7d4b00000fae00007d4b00004d89fa007d4b
876f566797129dac97129dac00000000876f
1dab0000187000001dab1e000000000a1dab
f49800001db00000f4980000d2d10000f498
25942ea6b31e73e7b31e73e799376fc22594
710a0000eaf000007109f880ff800000710a
138a0000c3720000c372000097827400138a
ab9f0000e3990000e39900004fbe0e00ab9f
444d7e75ca08819fca0874c7cedb2675444d
ebc1000064710000ebc0fe1eff800000ebc1
3477000044e7000044e7000039dee1003477
a7d9000005650000a7d9000080000000a7d9
9b1e000093e800009b1e01d0000000009b1e
53430467849c7b8153430467986e69885343
c9ca000019f40000c9ca0000a4408800c9ca
ffb50000328100007fc000007fc000007fc0
7319000048c70000731900007c6dde007319
08c0000014ec000014ec00010000000008c0
116909bfceca340ececa340ea0b811131169
a9d9000046b7000046b70000b11b1f00a9d9
f2780000b4430000f2780000673ce800f278
da34136c810ad872da34136c1bc35572da34
416d6259a350067b416d6259a540e5eb416d
d3f0000041580000d3f00000d5ca8000d3f0
555e00009e4f0000555e0000b4338200555e
47e80000a0ba000047e80000a928900047e8
69afc02796b71fd969afc027c0fb707269b0
9ddb000047b6000047b60000a61bb2009ddb
db1800001fe30000db180000bb86c800db18
71a3bcc734525d9271a3bcc766868cb471a4
adf0000065d1000065d10000d443f000adf0
9d5b62979ac6e3d29d6199b6000000aa9d5b
958a314681abe935958a314600000000958a
0897c592f28bc97af28bc97abba5bf710898
4546a6412b132c794546a64130e467f44547
1a8800002fb100002fb100000abc10001a88
cf79c889414ecf6ccf79c889d149c9c1cf7a
df450000d44a0000df450003741b7200df45
c771000007060000c77100008efc4c00c771
69da00003a15000069da0000647dc40069da
e4cda0e99eb6b350e4cda0e94412c06de4ce
ad3c00002dc500002d4e00009b90ac00ad3c
aa1f0000dbc50000dbc500004674b600aa1f
1a410000d3950000d3950000ae60aa001a41
2f5e0000813100002f5e0000800000002f5e
888c8aabb4fec007b4fec00700045ed8888d
65ebc0ae7f598e1e7f598e1e7f80000065ec
a297dd7c6365938363659383c68830a2a298
347800008d6b0000347800008263a8003478
e30c00007220000072200000ff800000e30c
bc04000087ef0000bc04000004767800bc04
fa9e0000528e0000fa9e0000ff800000fa9e
7cfa0000f02400007cfa0000ff8000007cfa
6d5fa2b8a5685abb6d5fa2b8d34afab96d60
568b0000aab40000568b0000c1c37800568b
860c0165c4606c13c4606c130af578a7860c
c5b49a04b1f38c81c5b49a04382bd151c5b5
2cf4000019ff00002cf4000007730c002cf4
9c780000d9f10000d9f1000036e978009c78
e7ffd322fd8da72bfd8da72b7f800000e800
b0d1000092150000b0d1000003734a00b0d1
5de200003c2600005de200005a928c005de2
fc6f2c53c754d456fc6f2c537f800000fc6f
e08e00009b8b0000e08e00003c9a3400e08e
d45d000021a50000d45d0000b68e7100d45d
f30600006db20000f305e9c0ff800000f306
5e370000406600005e3700005f246a005e37
94ef00002f9300002f93000085093d0094ef
817812da772a8e9c772a8e9cb92546b68178
aefa0000edcc0000edcc00005d473800aefa
5d860000550000005d860040730600005d86
4a5b1854cd6796d7cd642a76d846340c4a5b
82610000b68e0000b68e0000000001f38261
bf30560ad523cdc9d523cdc954e1a90fbf30
6898b72b23617df46898b72b4c8684206899
cf97000079d7000079d70000ff800000cf97
dd58a6c057539745dd589987f5331175dd59
93a300003a7e00003a7e00008ea1ba0093a3
75ad0000afc7000075ad0000e6067b0075ad
584e0000eb840000eb840000ff800000584e
e9a60000bd4a0000e9a600006782fc00e9a6
773f00001da50000773f000055763600773f
abd57a9275a32dc875a32dc8e2081338abd5
2dbb0000fbc80000fbc80000ea1218002dbb
fd6c000037a90000fd6c0000f59bcc00fd6c
46e50000641c0000641c00006b8b8c0046e5
707500006adf000070751be07f8000007075
a57a000034830000348300009a7fdc00a57a
838c07c537da6fd537da6fd580003bbe838c
7bec9c21d3cc933e7bec9c21ff8000007bed
f44f0000e8a10000f44f00017f800000f44f
4ba2ce2bc7cdea634ba20041d402f4284ba3
6eef0000665000006eef00687f8000006eef
865b00006794000067940000ae7d3800865b
ccbf000008400000ccbf0000958f4000ccbf
07900f717a6682a07a6682a04281b7610790
5674945359d3cfbe59d5b8e770ca5cba5675
7d3b00004a6600007d3b00007f8000007d3b
5ffb0000144800005ffb000034c418005ffb
c0bd00007a6e00007a6e0000fbafb600c0bd
4b68e59bc0d0fb7e4b68e594ccbe1f5a4b69
2a3d11de982dc5512a3d11de830056ce2a3d
bb8e000089880000bb8e00000596e000bb8e
7f500000585e00007f5000007f8000007f50
52fc000068710000687100007bed3c0052fc
07e8e5c970ad867f70ad867f391ddda507e9
fa9c0000bf510000fa9c00007a7eb800fa9c
6bee81100a8b57e06bee81103701d1f26bef
5376bd1c380751015376bd1c4c026bcd5377
2817b0c25074e5b75074e5b739111c962818
1d62fb5e88502ace1d62fb5e800000001d63
46da0000e2fd0000e2fd0000ea57720046da
7ab1018d30014ab07ab1018d6b32cad87ab1
8862dae1aeb53215aeb53215000000288863
51076b2d90d008a951076b2da25c17535107
2cc47afa43579dcb43579dcb30a57c632cc4
7c5732c73a4799067c5732c77727c91b7c57
1d180000862600001d180000800000001d18
228c0000378d0000378d00001a9a3800228c
4d07e84d440e21f74d07e8715196e9c64d08
75997e9372e25a13759d07fb7f8000007599
1a000000e3330000e3330000bdb300001a00
ba1e0000df300000df30000059d94000ba1e
32ae00004d1500004d150000404a8c0032ae
753b000004ee0000753b00003aadda00753b
885cbf51bf79c76fbf79c76f0857620e885d
a9ae095f5ee5f7c35ee5f7c3c91c56d2a9ae
b90f0000fcf90000fcf90000768b1700b90f
522900004c71000052290f105f1f19005229
875f35e8ccb445e4ccb445e4149d2ed7875f
ab0a33c89e69ce52ab0a33c809fc7106ab0a
b1bb70c83f201dc93f201dc9b16a7898b1bb
acd500007237000072370000df984300acd5
7a0f0000df5d00007a0f0000ff8000007a0f
0add2ef2cb7eb9c1cb7eb9c196dc15120add
3830d295cf7ebdcacf7ebdcac82ff4073831
429100007310000073100000762320004291
74724287e21ba90b74724287ff8000007472
33e10000a489000033e1000098f0d20033e1
9243000025c1000025c10000800000939243
42b013cd13d2c1b642b013cd1710f57a42b0
6a02000089e500006a020000b46894006a02
af695efe3a9455333a945531aa873896af69
a7375c697743f6c97743f6c9df0c5c27a737
050000001418000014180000000000000500
b1bc0000b53c0000b53d7800278a1000b1bc
89b330d2f657ca84f657ca8440970bc189b3
7cb1da6e957868dd7cb1da6ed2ac94757cb2
a8a1d0d5ac71d4cbac73186d1598dc1aa8a2
39380000867e000039380000805b48003938
1b20000032270000322700000dd0c0001b20
6d480000f41c0000f41bfce0ff8000006d48
695d0ad7285fd8d7695d0ad7524147ac695d
8d1440296f54145b6f54145bbcf5a1d78d14
2c2c00000bdc00002c2c0000000000942c2c
9820000049cc000049cc0000a27f00009820
4ab7e6df03f4fb8d4ab7e6df0f2ffcc14ab8
e5d80000a5180000e5d800004b804000e5d8
eced0000d7370000eced00007f800000eced
68250000c4c2000068250000ed7a14006825
8304a58e735de40b735de40bb6e5f2298305
48b000005cda00005cda00006615e00048b0
9cb500005ca800005ca80000b9ed90009cb5
82150000444000004440000086df80008215
29beec2ea2a2a05f29bee9a38cf2921f29bf
0938000093900000938ffffa800000000938
432b000066c0000066c000006a804000432b
071c0000a3ce0000a3ce000080000000071c
ed5e000084080000ed5e000031ebe000ed5e
c133000002180000c133000083d49000c133
8c0100001b0900001b090000800000008c01
c406000025860000c4060000aa0c4800c406
bd0d0000ef230000ef2300006cb38e00bd0d
deb490e84e9d239edeb490e8edddabfbdeb5
80800000039b000003990000800000008080
fa040000f2960000fa04012c7f800000fa04
f0f3000057490000f0f30000ff800000f0f3
0dcb0000af8a0000af8a000080036b700dcb
373f000044b4000044b400003c864c00373f
abfd0000a8b60000abffd8001533de00abfd
6a3ceec02154520b6a3ceec04c1cb2446a3d
555100008e33000055510000a41223005551
40c80fe4799668b1799668b17aeb164140c8
c59700003ed30000c596fcb4c4f8ea00c597
afc2e06a549808b2549808b2c4e777bbafc3
6d4f000081c900006d4f0000afa287006d4f
06230000dc030000dc030000a2a6d2000623
3faa00002d4500003faa00002d82d2003faa
0a480000e62c0000e62c0000b10660000a48
cb710000243c0000cb710000b030fc00cb71
16a900005e9b00005e9b000035cca60016a9
707aeee561d93f1f707aeee57f800000707b
d8bb402f740f2932740f2932ff800000d8bb
3130ced9b5db435eb5daeaf7a7976f7b3131
76d000000886000076d000003fd9c00076d0
e703000047370000e7030000eebb4a00e703
13af00008fcc000013ae34008000000013af
5a120000c90f00005a120000e3a31c005a12
2acdd0c9a64be61f2acd6ad691a3ed922ace
4bff000040ce00004bff00034d4d32004bff
d2910000f74b0000f74b00007f800000d291
2152baaaf3ab23aaf3ab23aad58ce00b2153
b484000063e1000063e10000d8e80800b484
52960000978c000052960000aaa410005296
3fcb60653d8468863fd3a6ed3dd2617b3fcb
7774919aaf65a1557774919ae75b60607775
875b0000d5700000d57000001d4d5000875b
e06d0000560f0000e06cfff7f7046300e06d
a51a0000e3b10000e3b100004954f400a51a
8f7100003f8c00003f8c00008f83cc008f71
0be6000041920000419200000e032c000be6
81e2a4fe4312b1844312b1848581df4281e3
b2aa0000261d0000b2aa000099508400b2aa
14f40000aefc0000aefc00008470300014f4
59e38c5c10dee53d59e38c5c2b461f7b59e4
b986000005050000b986000080116780b986
61a50000285c000061a500004a8dcc0061a5
db6e23c41292853adb6e23c4ae884c54db6e
a4c00000d7ed0000d7ed00003d31c000a4c0
53e10000a222000053e10000b68e620053e1
2b644a9f29b9d54e2b7b854915a5b8252b64
89810000fe8b0000fe8b0000488c16008981
77410000f51f000077371000ff8000007741
b8b90000e3460000e34600005c8f1600b8b9
db6b48eb27f2bdf3db6b48ebc3df1982db6b
e0610000d0200000e0610000710ca000e061
a9000000ede80000ede8000057680000a900
97eb00000dfe000097eafff08000000097eb
59830000201f0000598300003a22ba005983
2fa30000a73f00002fa2ffa097733a002fa3
71c50000dee9000071c50000ff80000071c5
82100000793b0000793b0000bbd260008210
c8e400000c7c0000c8e4000095e07000c8e4
e83cd9623978c1d7e83cd962e2378195e83d
da8d0000c0250000da8d00005b35c200da8d
13b700009b5a00009b59fe928000000013b7
952c00002e6500002e6500008419dc00952c
6fb0ebf84d100d336fb0ebf87d471bb56fb1
1b360000b1010000b10100008cb76c001b36
e7dc72c9fb38c333fb38c3337f800000e7dc
55e5827db7ebae3255e5827dce534af455e6
0e0e5ee3c3085839c30858399197a6f20e0e
1d060000ad380000ad3800008ac0a0001d06
b3e4000089900000b3e4000000040200b3e4
4b6e00000b6a00004b6e000017598c004b6e
20a00000f6e60000f6e60000d80fc00020a0
1f1774fa14d186a11f177501000000001f17
f1ee00006f5c0000f1e72000ff800000f1ee
18770000024e000018770000000000001877
d17f0000eb1d0000eb1d00007d1c6300d17f
ad4d0000e3800000e3800000514d0000ad4d
c003482e33b20fcdc003482eb436a095c003
1b913845d16d2928d16d2928ad8688711b91
81ca8dab5140e9ba5140e9ba9398a32e81cb
89e80000aafe0000aafe00000000000289e8
e2ad00005ac00000e2acff40fe01c000e2ad
cf930000daa80000daa800026ac0f000cf93
f38f000028500000f38f0000dc686000f38f
6bd300006b1700006c0f40007f8000006bd3
aeef000087720000aeef00000000000eaeef
102a00007f1600007f1600004fc73800102a
c65a000017c40000c65a00009ea6e800c65a
1afd5d8d5474f2305474f2302ff26cdc1afd
ddf9000031850000ddf90000d0015d00ddf9
c3980000bf560000c3986b00437e2000c398
fb94b4623a0a9188fb94b462f620fb8cfb95
65550000ad34000065550000d315c4006555
117d7f51da286e99da286e99ac26c911117d
9e9c3a0a5db8589f5db8589fbce0ff989e9c
31b69d0936deab3336ded8da291ed64d31b7
b34d0000f30a0000f30a000066dd0400b34d
d8b6000083e80000d8b600001d24f000d8b6
dc0c0000cbf10000dc0c00006883cc00dc0c
fb6d00006e660000fb6d0000ff800000fb6d
00f3110a89dbf50889dbf4cb8000000000f3
074b0000618900006189000029594600074b
b52fa08e1c83769cb52fa08e9234610fb530
5feac72045e233375feac720664f72c25feb
4c740000269e00004c740000339698004c74
626f000040130000626f000063093d00626f
2551c61b9f26d2222551bbae8508b2a62552
1cf40000ed5b0000ed5b0000cad0bc001cf4
6a880000609a00006a88000a7f8000006a88
f288000035690000f2880000e8779000f288
10310000ce440000ce4400009f0784001031
6095d8dcd8b36fe26095d829f9d2103e6096
bbe400009ade0000bbe400001745b800bbe4
e76a000087080000e76a00002ef8a000e76a
e192858fcbfb929ae192858f6e0ffcdce193
49690000af32000049690000b92202004969
c2300000fa0b0000fa0b00007cbf2000c230
49515872a1cf190149515872aba95af74951
c8b2000021100000c8b20000aa484000c8b2
af620000a2d50000af62000012bc0a00af62
7d880000796300007d8871807f8000007d88
f6b50000476a0000f6b50000fea57200f6b5
f1280000ade50000f12800005f964800f128
8a7d3d783b9516903b95169086937b198a7d
d8a300005a5400005a3fa000f386fc00d8a3
4d56aee29e4c76824d56aee2ac2b76be4d57
409200003fb7000040bfc00040d0bc004092
3731354f8683e6683731354f8005b4dc3731
79c500004769000079c500007f80000079c5
3dae0000c6990000c698ffd4c4cffc003dae
ff890000f55c00007fc000007fc000007fc0
4d42000073c2000073c200007f8000004d42
c64425453d8d9ecbc64424fec4590463c644
0a98646e76736e7b76736e7b4190e9190a98
8b2500001bc400001bc40000800000008b25
3eb90000184300003eb90000178ceb003eb9
b8ee0000f9fc0000f9fc0000736a4800b8ee
05d66403147d5c7a147d5c7a0000000005d6
084500007bd700007bd7000044a573000845
d6ef33f4f91d9baff91d9baf7f800000d6ef
f5c59fac41575e49f5c59facf7a641e2f5c6
39230000de750000de750000d81bff003923
efe50000c1010000efe500007166ca00efe5
3ae5994cdd1b42d1dd1b42d1d88b3fbe3ae6
04a70000eb450000eb450000b080830004a7
25870000e89a0000e89a0000cea26c002587
18b0799044b462d044b462d01df8b32e18b0
7aac00007b1600007b6c00007f8000007aac
850600006af500006af50000b0803e008506
9cc20000d1c60000d1c600002f160c009cc2
8982ab7b100745bc100741a7800000008983
9eed0000a7230000a72300760696e7009eed
1e640000f11c0000f11c0000d00af0001e64
eb250000fd820000fd8200007f800000eb25
3aaba486272dcd5f3aaba48622690fc23aac
1f6b0000f5720000f5720000d55e26001f6b
6f9f00003eab00006f9f00006ed46a006f9f
856f6db0e925322ae925322a2f1a809d856f
298c22f2e7d8d9f5e7d8d9f5d1ed6998298c
8c3f00007450000074500000c11b30008c3f
18ad9cb6d86cf61dd86cf61db1a0b36018ae
6924000059150000692400007f8000006924
c68e00000e960000c68e000095a66800c68e
2d4e000082f800002d4e0000800000002d4e
313200008262000031320000800000003132
4890b38a834b79364890b38a8c6605c44891
de3b000024f70000de3b0000c3b46d00de3b
018b0000c36d0000c36d00008580af00018b
052000009c2700009c270000800000000520
c84e000021150000c84e0000a9efcc00c84e
40aecb74b1b103e240aecb74b2f1baa440af
01cb0c56b4403a24b4403a248000000a01cb
5a4dcf843074f6765a4dcf844b44efee5a4e
39dd0000c6e90000c6e90000c149250039dd
52300000de630000de62fffff11c10005230
66690000545d0000666900007b4925006669
e5e2a82d41251e78e5e2a82de792315fe5e3
7ff00000730f00007fc000007fc000007fc0
990f9dad0d273693990f9dac800000009910
25bede917ce953d97ce953d9632df71625bf
ffc5000029fc00007fc000007fc000007fc0
0a7e00000f7c00000f7c3f80000000000a7e
f907f2d136fee8e7f907f2d1f0875e9af908
57b4c8992209ac7257b4c8993a42724257b5
09f60000944700009446fff88000000009f6
09900000d9b10000d9b10000a3c720000990
5d48d029e9c4b104e9c4b104ff8000005d49
ef7a000081310000ef7a0000312cda00ef7a
051500001546000015460000000000000515
1e030da02fe86ac72fe86ac70e6df6051e03
9af60000a8670000a867000003ddfa009af6
ae2badf3460e499c460e499cb4bed7b4ae2c
1bfc0000fb3d0000fb3d0000d7ba0c001bfc
f4060000ad450000f406000061ce3c00f406
d27e000074c2000074c20000ff800000d27e
be02eca984ff92babe02eca90382b4c6be03
ff5f0000f0240000ff5f00007f800000ff5f
1db3a921e7f588f9e7f588f9c62c50fd1db4
d13bd3a2ee03169aee03169a7f800000d13c
ac8d0000c4a40000c4a4000031b4a800ac8d
769200008e51000076920000c56e64007692
d760000031ed0000d7600000c9cf6000d760
2a5000005db700005db700004894b0002a50
ca2000007b4600007b460000ff800000ca20
82570000a38c0000a38c0000000000008257
a696abc7d8cc41a5d8cc41a53ff06f0ba697
31c6f9b97442cb947442cb946697677931c7
1d7e0000c27f0000c27f0000a07d02001d7e
cca60000e28d0000e28d00006fb6dc00cca6
90690000624b0000624b0000b338c3009069
f74f000063d10000f74f0000ff800000f74f
16ce00006d6800006d68000044bab00016ce
1ef89219b5cdd036b5cdd0369547d7291ef9
a663000098ae0000a663000000269280a663
e2ff0000062c0000e2ff0000a9ab5400e2ff
8f290000f7080000f708000046b390008f29
0d1600007e1200007e1200004bab18000d16
46e600002d02000046e600003469980046e6
582680f06e50b14c6e50b14c7f8000005827
66b9598612a4f46a66b9598639eedca066b9
594f00008f550000594f0000a92c3b00594f
95bb57a357eb10b657eb10b6ae2c05ad95bb
9b7dfcbc78516e2a78516e2ad44fc8a29b7e
49c80000ffdd00007fc000007fc0000049c8
aa4250fc80417ab6aa4250fc00000000aa42
534f860cf7513531f7513531ff8000005350
46940000d6920000d6920000dda8d0004694
b58d34badee1319ddee1319d54f86d6ab58d
818a36da21e35a5c21e35a5c80000000818a
f77400002ac30000f7740000e2b9dc00f774
d62c0000810f0000d62c000017c02800d62c
b5900000ff6f0000ff6f000075867000b590
357d3df29c6a1319357d3df292678d84357d
c6c20000a5560000c6c200002ca22c00c6c2
2af0000002eb00002af00000000000002af0
336d578b1452d461336d578b084376b6336d
da7a53898d450698da7a53892840a8bbda7a
a43e0000f9470000f94700005e13b200a43e
b40a00001c9f0000b40a0000912b6c00b40a
c1526e434cc783d34cc783d1cea40012c152
6e310000e19800006e310000ff8000006e31
7d2900000b5900007d290000490f41007d29
e88f6ac5a2e296ace88f6ac54bfde156e88f
2247db1f4cdf44ac4cdf44ac2fae4d7c2248
cc4741158327ea6bcc4741151002b1e9cc47
26d87450c6676793c6676793adc3a88726d8
34a1cc9aac67719134a1cc26a192476634a2
acc900004ea400004ea40000bc00c400acc9
d8910000c6270000d89100005f3d2e00d891
507d0000f7840000f7840000ff800000507d
78c6000068f1000078c600007f80000078c6
f523937272a8e2def51e4c5bff800000f524
0be9497f0c767e740cb5919a000000000be9
32bb000036190000361a7600295f860032bb
d0ef00004b2f0000d0eeea20dca36100d0ef
7b0d0000226b00007b0d00005e016f007b0d
c0bb000029330000c0bb0000aa82c100c0bb
7d8f0000e15b00007d8f0000ff8000007d8f
34230000ff5c0000ff5c0000f40c14003423
97f239193139e1283139e12889afe04d97f2
095200004b7d00004b7d0000154f8a000952
c260274614c763a9c260274697ae95cbc260
befb79f228993be3befb79f2a81686b6befb
ac5d0000444c0000444c0000b1301c00ac5d
c319000071ce000071ce0000f5763c00c319
c9d9fdc08b9c7467c9d9fdc0160539c0c9da
c3f100009c3c0000c3f1000020b0fc00c3f1
751a0000f3ee000074f88000ff800000751a
99067c78d1e56b51d1e56b512b710b709906
96230000bc560000bc560000130842009623
48ac0000bc99000048abffffc5cd980048ac
acbd0000270b0000acbceea0944d3e00acbd
c7c69ec5faf79b1dfaf79b1d7f800000c7c7
f702c2afe0d8243bf702c2af7f800000f703
03060000874f0000874e7a00800000000306
ba1cc0a40113790eba1cc0a480002d26ba1d
f32400001a590000f3240000ce0b0400f324
f3e0000083270000f3e0000037922000f3e0
1f4500005c0600005c0600003bce3c001f45
5f020000ca9100005f020000ea1344005f02
4dcb000075020000750200007f8000004dcb
ac429d6b9385fddcac429d6b0065dcc5ac43
4628394ebaac3cdb4628394dc1625cfb4628
74990000159f0000749900004abe0e007499
eeba000026630000eeba0000d5a4ee00eeba
2cf30000128900002cf30000004105802cf3
a4c90000c5f70000c5f700002b41ef00a4c9
00d2e98a6ee1456a6ee1456a3039987300d3
d822000092bb0000d82200002b6cac00d822
ca8ecfe62034a91aca8ecfe6ab499107ca8f
74456ff3357d162e74456ff36a4330be7445
3c33a12782dc39af3c33a1278026a1be3c34
b96a000023cf0000b96a00009dbd3600b96a
a13ac210f01c906cf01c906c51e46f3ba13b
5fd80000d3c700005fd7fffff427e8005fd8
6122df25ae9f40966122df25d04aa35e6123
13170000d73d0000d73d0000aadef6001317
322fbe493faa26b33faa26b332699ddb3230
87ec00006314000063140000ab88700087ec
e432205e16038a36e432205ebab70d76e432
e59d0005722c39a1722c39a1ff800000e59d
44fa0000313a000044fa000036b5a40044fa
20badec9eaf0fc62eaf0fc62cc2fe91720bb
dd932bd1affd80eadd932bd14e11bc6add93
f8ea0000dae80000f8ea00007f800000f8ea
3d70000003a900003d700000019e70003d70
4f35d8f16cfa3a236cfa3a237cb1bf274f36
1ad1000099ea00001a968000800000011ad1
7814beb8ac9c87337814beb8e535e58d7815
2404000001af000024040000000000002404
c627c83923df9ffec627c839aa929045c628
ade9ee28caba4b59caba4b59392a3be3adea
77550000a4f4000077550000dccb04007755
d098426caf2eca49d098426c404feaead098
2c10e39f78d7189578d7189565737a282c11
e8520000958f0000e85200003e6a9c00e852
3c0e0000f06f0000f06f0000ed0492003c0e
1cf8000069fe000069fe0000477610001cf8
d8180000c3500000d81800005bf70000d818
ca6e00001af30000ca6e0000a5e1ea00ca6e
46e600003d02000046e600104469980046e6
bbe5c01408e726acbbe5c014854f7307bbe6
bb8100005f3100005f310000db326200bb81
7ec30000c19300007ec30000ff8000007ec3
7fd500007d1600007fc000007fc000007fc0
0f8000002665000026650000000000070f80
d2d500004d4b0000d2d4e6a0e0a8e700d2d5
93c6e40ba1280c07a1280c070000000293c7
6b240000539900006b2400007f4408006b24
7079cab3a1faa9a57079cab3d2f4957b707a
1d76d3bac12dc93dc12dc93d9f278f1c1d77
8fce8429d6558a05d6558a0526ac434d8fcf
2e2bcd9ad48415ebd48415ebc33149722e2c
32e00000fc2d0000fc2d0000ef97600032e0
9ac50000238900002388ffcf800d2da09ac5
384d0000d57e0000d57e0000ce4b6600384d
0ca100008b7000000c830000800000000ca1
03ae0000ea2b0000ea2b0000ae68740003ae
b3850000d9a80000d9a800004dae9000b385
1fe10000108500001fe10000000000001fe1
18d08b922706232c2706232c006d45b518d1
ac57708f7dda457f7dda457feab7b056ac57
d93e347990081bf9d93e347929ca4152d93e
f41400004eb80000f4140000ff800000f414
d3d1e572d6091a1ed60fa94a6a60d268d3d2
64051eb7dc6633ec64051dd1ff8000006405
7d8c0000ae6200007d8c0000ec7730007d8c
118900009303000092e3c000800000001189
6ff70000ab7200006ff70000dbe97e006ff7
a918e95343bfcc7c43bfcc7cad652072a919
ba3a2df75828e44b5828e44bd2f5a863ba3a
3a8b0000842f00003a8b00008017c1403a8b
184ecf12122371a5184ed94900000000184f
7b1e1b760d7fe3e67b1e1b76491e0a1b7b1e
37050000e5120000e5120000dc97b4003705
6df5000034cb00006df50000634247006df5
20ef0000b1960000b1960000930c0a0020ef
ed12000009780000ed120000b70d7000ed12
c9fd7567edad699fedad699f782bb0e9c9fd
84280000415d0000415d0000861108008428
4642131e431f1b9e46448f8c49f13d9f4642
5ed0000060b1000060be00007f8000005ed0
4c3800002b1d00004c38000037e1b0004c38
d0b2365265632ff665632ff6f69e278ed0b2
a42f4a04d5de821fd5de821f3a985b48a42f
7ef855473d8f22a07ef855477d0ad9397ef8
684e00005dc40000684e00067f800000684e
e1c8000039750000e1c80000dbbf6800e1c8
0a7184d051efd44551efd4451ce243410a72
97abb23180485bc497abb2310000000097ac
297c0000506c0000506c00003a685000297c
3594a9f7866417af3594a9f7800084753595
d79facf1a7cb8040d79facf13ffddc43d7a0
2e2a5cf05ece6ef75ece6ef74d8960a12e2a
39470000996f0000394700009339c9003947
a91a00004083000040830000aa1d9c00a91a
5542000031dd00005542000047a77a005542
bbd70000f5a50000f5a50000720a9300bbd7
8aa30000d60e0000d60e00002134d4008aa3
ca440000bf530000ca4400034a218c00ca44
c5cf00007b9400007b940000ff800000c5cf
557d000030cb0000557d000046c89f00557d
bb60000098650000bb60000014486000bb60
142200009cc000009cbfffaf800000001422
d88fd00baf8eed9cd88fd00b48a095c3d890
44a000007e2e00007e2e00007f80000044a0
79fb0000adcf000079fb0000e84af50079fb
73b1000085d4000073b10000ba12940073b1
3366fbad40f5d22040f5d22034ddcc743367
00528c778d1a1e058d1a1e05800000000053
ffa90000a28200007fc000007fc000007fc0
415c00003d690000415ce9003f483c00415c
fdbf0000bb9e0000fdbf000079ebc400fdbf
1a0b000009f100001a0b0000000000001a0b
3d760000810e00003d76000080110e803d76
0178c8951a7712dc1a7712dc000000000179
6503fe547ae737207ae737207f8000006504
e3e800008b9b0000e3e80000300c7800e3e8
1d7b000090ca00001d7b0000800000001d7b
5c2c00004ae300005c2c0000679884005c2c
95bb285f4ac580be4ac580bea110643095bb
7261000017190000726100004a0679007261
4262000067ff000067ff00006ae11e004262
944700002f3400002f340000840bec009447
3a390000d84e0000d84e0000d314de003a39
f3b200001c2f0000f3b20000d0735c00f3b2
572e000067ad000067ad00007f6b2c00572e
5f7a0000de6600005f408000fe609c005f7a
84ac00003d8500003d85000082b2b80084ac
7ac20000b0bb00007ac20000ec0db6007ac2
820700001101000011010000800000008207
9e5b0000a4c80000a4c806d803ab18009e5b
148704ad47edbe3347edbe331cfac7491487
5b760000f30a0000f30a0000ff8000005b76
0f750000e93f0000e93f0000b936cb000f75
fcee0000a0240000fcee00005d987800fcee
1f470000ab8e0000ab8e00008b5cc4001f47
9c6f0000aa170000aa170000070cf9009c6f
a377000092af0000a37700000000000ba377
191d000073c8000073c800004d755000191d
acd100006725000067250000d486b500acd1
62dd0000af07000062dd0000d269160062dd
8edd00a8d711ab0bd711ab0b267b82108edd
ca0f0edcf2b90c36f2b90c367d4ed120ca0f
b91d0000de4d0000de4d000057fb7200b91d
d7bedf555c5b71c55c5b1255f4a39de1d7bf
b7970000163a0000b79700008e5b6c00b797
40db50acc9d6d7aec9d6d777cb380e3640db
a7bb0000d7f60000d7f600004033b200a7bb
f466799408a4797cf4667994bd941342f466
965a000000500000965a000080000000965a
a6b0a2534330c7f94330c7f9aa73f326a6b1
9efe00002a2600002a25fffe89a4b4009efe
d34d000074b4000074b40000ff800000d34d
ee210000df9a0000ee2100007f800000ee21
277b00004aa500004aa5000032a1c700277b
a31ce1c6dfb464d6dfb464d6435d1915a31d
97971f8a6f1c98076f1c9807c738e1ee9797
94fb6439af9bb4c0af9bb4c00518e72e94fb
55d00000dc690000dc68f980f2bd500055d0
7058e38293641fa17058e382c441456c7059
96630000fd9b0000fd9b0000548971009663
b75e000019130000b75e000090fef400b75e
d16500009b6e0000d16500002d54e600d165
4a4b0000214600004a4b00002c1d02004a4b
ce6e00007594000075940000ff800000ce6e
2441000033440000334400001813c4002441
5e260000b50e00005e260000d3b828005e26
31a400007d8800007d8800006fae400031a4
aa5300002e7d00002e7c2d0099508700aa53
006e00000c2400000c24000100000000006e
7f8fb3c4f97ae8907fc000007fc000007fc0
20d300006b9a00006b9a00004cfddc0020d3
c614ca0197da593fc614ca011e7dcfc7c615
0a090000ad370000ad370000800000310a09
f4f07e6ac7149250f4f07e6a7c8b9289f4f0
fe6fb254bcd82b6bfe6fb2547bca671efe70
3d950000226e00003d950000208a86003d95
1a8f00008a0d00001a8f0000800000001a8f
4b7600003f5d00004b7600014b545e004b76
985400006f4b00006f4b0000c8281c009854
3f9d00003eeb00003fd7c0003f101f003f9d
294c000048b8000048b800003292a000294c
acf0521c2c920a82ac3c8f349a0918b1acf0
cf49e4f2b8d6d49bcf49e4f248a96d0ecf4a
2d1326550eaeab342d132655000064662d13
7f98da88caa6ae877fc000007fc000007fc0
f1cc000060960000f1cc0000ff800000f1cc
977300008f8600009773010c000000009773
190a0000f37f0000f37f0000cd097600190a
373f00000baf0000373f000003829100373f
8e0c0000b67e0000b67e0000050ae8008e0c
9092dd10732cbaf2732cbaf2c4462f8c9093
b08400009ec40000b08400000fca2000b084
49a30000f0120000f0120000fa39ec0049a3
70d40000759b0000759b35007f80000070d4
dba8fe15bd251944dba8fe155959f8e2dba9
be7800007c1400007c140000fb0f6000be78
3e020000e0160000e0160000de9858003e02
c67bea0537a7ccf5c67bea05bea51f59c67c
c1114390faa09ef9faa09ef97c3648dec111
6b760000f8d50000f8d50000ff8000006b76
d7800d12ce0d62ead7800d24660d715ad780
96880000b3e50000b3e500000af350009688
a21b0000c7560000c75600002a019200a21b
c4ef000046b0000046a11000cc245000c4ef
6894000062a2000068940a207f8000006894
87ea00006b9a00006b9a0000b40cc40087ea
46b9000045d2000046ed80004d17c20046b9
7f3c00000b6300007f3c00004b26b4007f3c
f9e5000081460000f9e500003bb11e00f9e5
9f500000f9d90000f9d9000059b050009f50
eb310000ebd60000ec1740007f800000eb31
6a850000110e00006a8500003c138c006a85
78b80000c02c000078b80000f977400078b8
6f720000dc1a00006f720000ff8000006f72
d11100006f8000006f800000ff800000d111
b88f0000e8180000e81800006129d000b88f
803d00006b9900006b990000ac11d400803d
bf0d0000e81a0000e81a000067a9a400bf0d
66d80000fd1f0000fd1f0000ff80000066d8
28474074eb027fd0eb027fd0d3cb246c2847
74eabd7bd885286e74eabd7bff80000074eb
fe900000ccc00000fe9000007f800000fe90
ec1300000fc60000ec130000bc636400ec13
1ee400004b3000004b3000002a9cc0001ee4
50d40ce7d055e04a50523984e1b1288550d4
06a30000f5e40000f5e40000bd112c0006a3
6dc6480ea4a6ea9d6dc6480ed30148716dc6
43ca000070240000702400007481680043ca
b9de0000895c0000b9de000003bec800b9de
541a307f2fc3d4f2541a307f446be665541a
f3412641cf012768f34126417f800000f341
97b300004f6900004f690000a7a2eb0097b3
9ac40000e7660000e766000042b018009ac4
226100009db400002260a600809e34002261
21890000379b0000379b000019a5e6002189
3ffd0000739600007396000074143e003ffd
5effc3387ea741487ea741487f8000005f00
20adcd231b6884a720adea3400009ddc20ae
c04eaa597880accb7880accbf94fc156c04f
2174aa6dbb6ec425bb6ec4259d6431e72175
eea6000005720000eea60000b49cec00eea6
e7030000ad3d0000e703000054c16e00e703
12d1cca6dc36ff8edc36ff8eaf95f8ed12d2
3afbe9f2d9129ea4d9129ea4d49047883afc
1299c04b171b2000171b6ce000000000129a
e5940000326b0000e5940000d887dc00e594
ba5800008b510000ba58000006305800ba58
c0bb00005542000055420000d68db600c0bb
4c1b00005a3800005a38000066ded0004c1b
9b7f0000d3cd0000d3cd00002fcc33009b7f
b9c30000ede10000ede10000682b6300b9c3
d688000096ea0000d68800002df8a000d688
7df400001e4900007df400005cbf94007df4
332bc7eabd5af1e7bd5af1dcb112ea8f332c
0c43162d1352f3b41352f6c0000000000c43
e16500001c4f0000e1650000be392b00e165
39c00000e0820000e0820000dac3000039c0
09977e1aff3a8e13ff3a8e13c95ccb640997
44267f107a41a0817a41a0817efbdc5d4426
c8c6767343e421c0c8c63d6bcd30dba9c8c6
65b45ea46f2d11036f2d111a7f80000065b4
c3b90000cc510000cc51005c50970900c3b9
5393da2c90a24c9b5393da2ca4bb789c5394
331f2ebe8feb3453331f2ebe83924072331f
61c50000a152000061c50000c3a19a0061c5
88f100002fce00002fce00008000018488f1
886c00006ca600006ca60000b5990800886c
c099ea3d10f23679c099ea3d9211a02ec09a
e974c1a2a4894f30e974c1a24e834755e975
fbdb6425b30114eefbdb64256f5d3ecdfbdb
2f8500001bb400002f8500000bbb08002f85
0f6700001eba00001eba0000000000000f67
1a8c0000879c00001a8c0000800000001a8c
e5e800001b430000e5e80000c1b0b800e5e8
153df6850cfb4f20153df70300000000153e
a9c5e1bcc9d052d0c9d052d03421076ca9c6
5a1d242af24a273df24a273dff8000005a1d
2aec00000ac400002aec0000000000062aec
8078744dc95e054cc95e054c0a50eeb28078
ef6400005ecc0000ef640000ff800000ef64
acebe6230a99e286acebe62380000047acec
692d0000fd320000fd320000ff800000692d
b9c500005c9500005c950000d6e55200b9c5
b0f8000060b7000060b70000d2314800b0f8
984a0000b7010000b70100000fcb9400984a
70bd00001d77000070bd00004eb65b0070bd
af89000015390000af89000085460200af89
7bcc0000f05d00007bcbfffeff8000007bcc
e2ab0000d2d90000e2ab00007610f300e2ab
e0ff00007308000073080000ff800000e0ff
9354816f00a914109354816f800000009355
c5370000a4830000c53700002a3b4a00c537
4a820000bfc600004a81fffdcac918004a82
907fe2e4c28b5d75c28b5d75138b4d9c9080
1bdc000002db00001bdc0000000000001bdc
b74a00006cf000006cf00000e4bd6000b74a
ab8e76b8bc271537bc2715372839f681ab8e
7bf10000ee8700007bf10000ff8000007bf1
2eca73f6b09b2375b08e7c369ff560812eca
d2d8000003b10000d2d8000097155800d2d8
443c0000df8b0000df8b0000e44c2800443c
704f00000a5c0000704f00003b31e400704f
c4690000263d0000c4690000ab2c0500c469
59844404ea06a72dea06a72dff8000005984
9ec9000069c8000069c80000c91d08009ec9
a18b0000422e0000422e0000a43cf400a18b
3713cf7cd2477909d2477909c9e658573714
ab835910f328c7a9f328c7a95f2d31c7ab83
64a10000217b000064a10000469ddb0064a1
3b2c73bc3d6f338e3d79faca392122c73b2c
01bf999524704d9e24704d9e0000000001c0
b38f14381cad2c7cb38f143890c1930db38f
968a0000fcf10000fcf100005401ea00968a
aa6e0000946f0000aa6e0000001bc640aa6e
c2591786dc39fbf8dc39fbf85f1db7acc259
a63be2c04855c7064855c706af1ce5bba63c
5a5e803e7d3a0d3a7d3a0d3a7f8000005a5f
4c575da41fe1b9224c575da42cbde50c4c57
f86c00002ee80000f86c0000e7d5e000f86c
8d70cdaf839072a78d70cdc1000000008d71
d4cb0000bc930000d4cb000051e92200d4cb
13526d501d1322dc1d1322e9000000001352
b66e00005072000050720000c760fc00b66e
67a90000372f000067a900005f670e0067a9
e07600007272000072720000ff800000e076
c025d2d38fddb474c025d2d3108f9be4c026
466f000077190000771900007e0ed700466f
0ab60000b8dd0000b8dd0000841d1e000ab6
695c000082e80000695c0000acc76000695c
2d72000068a7000068a70000569dde002d72
20f6fe9a899368e420f6fe9a8000000020f7
7bed00001d1d00007bed0000599159007bed
6270000005320000627000002826e0006270
a5f00000507b0000507b0000b6eb5000a5f0
2c519a9e3b1fe8163b1fe8162802ed0e2c52
aa0e000068fa000068fa0000d38aac00aa0e
73808e07b3af595b73808e07e7b01bec7381
d37c82403ae9fa8fd37c8240cee6c9b0d37d
afb7000037a7000037a6ff49a7eec200afb7
8b270000cbdc0000cbdc0000178f84008b27
4fdc0000091c00004fdc0000198610004fdc
23ebdb2e2ab976062ab979b50f2ade2123ec
b0eaf900abe00c26b0eb31031d4da507b0eb
abad000033a6000033a5ff539fe05c00abad
66fd00003a02000066fd000061807a0066fd
7e030000ca6300007e030000ff8000007e03
508f000044e00000508f000155fa4000508f
a18900003fe500003fe50000a1f51a00a189
26fc69996989891b6989891b51079bb226fc
0ddf453e52f4281052f428102154f0f00ddf
28b579139d2da96b28b57912867635d528b5
f7da0000c95c0000f7da00007f800000f7da
48109ff0bed168e248109fd6c76c9ba74811
f8320000f7980000f87e00007f800000f832
9aaf00007adf00007adf0000d61871009aaf
2875521e205010cc287552ee094762d12875
32110000fb230000fb230000edb8a6003211
aab1000044d0000044d00000b00fd000aab1
165e5e5a6286a6b56286a6b53969ec63165e
35e40000626300006263000058ca2c0035e4
8f2b0000bb710000bb7100000b20fb008f2b
db4c0000884b0000db4c00002421c400db4c
3610000011e70000361000000881f0003610
21d30000b3920000b392000095f0ac0021d3
42ca4dec6310af076310af076664ac4b42ca
0c370000884d00000c363300800000000c37
7da800006bf700007da800007f8000007da8
fe0b03d350241e06fe0b03d3ff800000fe0b
2fac000002a500002fac0000000000002fac
4024000075e6000075e60000769358004024
1d585aa453c4ddbb53c4ddbb31a660ca1d58
e21a00005fdf0000e2130800ff800000e21a
816100006b3300006b330000ad1d53008161
fa400000e1ca0000fa4000007f800000fa40
c60d743fa830db3dc60d743f2ec3721fc60d
d625f423f545e84ff545e84f7f800000d626
5a01000012e100005a0100002d62c2005a01
ec90000024910000ec900000d1a32000ec90
45ef42a3322f7c0e45ef42a338a4027f45ef
9d0000000da500009d000000800000009d00
3d260000655a0000655a0000630d5c003d26
bab795ff29750902bab795ffa4afb903bab8
ee15000029b90000ee150000d8575a00ee15
be4015d04cb08d704cb08d70cb84791fbe40
939f0000f3680000f368000047901800939f
b97804e6559f9f26559f9f26cf9aa53bb978
14310000920300001428d000800000001431
0fd400007e3000007e3000004e91c0000fd4
76d10000bcdb000076d10000f432cb0076d1
c9c90000b3c20000c9c900003e185200c9c9
d74cbb3d9489144ad74cbb3d2c5b40dbd74d
b6ec000001720000b6ec0000800000dfb6ec
94560000fc680000fc6800005141f0009456
99bd0000b4950000b49500000edc020099bd
9811b73a6f4598076f459807c7e0f1119812
11b600004a6000004a6000001c9f400011b6
d3600000ec830000ec8300007f800000d360
243fe94b13b3e019243fe94b000000872440
f7610000ddd00000f76100007f800000f761
39627b82288987fe39627b82227358d13962
7a1e00009a6700007a1e0000d50e92007a1e
12b0000022260000222600000000000212b0
9aa20000827300009aa20000000000009aa2
95620000264b0000264b00008000599b9562
93c80000bb7a0000bb7a00000fc3500093c8
e5cc0000f92f0000f92f00007f800000e5cc
d1f0000090500000d1f0000022c30000d1f0
b02a000056a0000056a00000c7548000b02a
b9d3d2af154fa9ddb9d3d2af8fabd3e8b9d4
dad400008dd10000dad40000292d1400dad4
01aa903af02f2c5ef02f2c5eb2696c4e01ab
380f3cd2e844316fe844316fe0db8c73380f
e6e40000de6c0000e6e400767f800000e6e4
676d00004c4c0000676d0000743cdc00676d
6fe7eca3f8daa753f8daa719ff8000006fe8
fd100000477d0000fd100000ff800000fd10
1a530000c9090000c9090000a3e1d6001a53
2fed00007a4d00007a4d00006abdc9002fed
27d1000033e0000033e000011c36e00027d1
812e000043a2000043a20000855c3800812e
a5d600009acc0000a5d60003012a8800a5d6
dee926545adee20ddee84772fa4afd1ddee9
d27a00006811000068110000fb0d9a00d27a
3d0500004d2700004d2700004aad86003d05
31fb0000aac6000031fafce89d42220031fb
c05987b6fb5975d3fb5975d37c38c828c05a
df0c48a81ee0b86fdf0c48a8be764948df0c
935c00001b6300001b62ff2480000000935c
5af1a2d42f604b1c5af1a2d44ad3b55f5af2
e06d0000fbec0000fbec00007f800000e06d
a8a400209b148410a8a40020043e495aa8a4
fb0000008a260000fb00000045a60000fb00
4f90000085c400004f90000095dc80004f90
7a6e904adca963477a6e904aff8000007a6f
58e49e095890aea7593aa658720134de58e5
d1be00000b7e0000d1be00009dbc8400d1be
5d6b000032d200005d6b000050c0c6005d6b
486300009b4f000048630000a4378d004863
50300000811a00005030000091d3c0005030
53a6acc7ce7f633753a68cdbe2a646b353a7
54b30000ce66000054b2f8d0e3a0d20054b3
39a100009f40000039a100009971800039a1
a9960000d0720000d07200003a8dcc00a996
a7830000b6550000b65500001e59fe00a783
dff7000017d90000dff70000b8515f00dff7
692868396e6b9e446e6bc85e7f8000006928
71ac0000b012000071ac0000e244300071ac
9a4d00002cd800002cd8000087acf8009a4d
af870000f22f0000f22f000062389200af87
d51cbaace400384ee400384e799cff9dd51d
707a6b498a2cdfef707a6b49bb291b22707a
a3550000579c0000579c0000bb81cc00a355
b1a421f831e3e10630fefc38a4121a65b1a4
3fec0000b5ec00003febfff1b65990003fec
e4c60000c5060000e4c600006a4f4800e4c6
caa9000028440000caa90000b3816400caa9
b5fc0000db1a0000db1a000051979800b5fc
7ce9000023b800007ce90000612778007ce9
eb27c45ba45b11e0eb27c45b500f90b1eb28
c0d558a7451d38f8451cce4cc68306d8c0d5
42f2b8fa62e1d83862e1d8386656219542f3
782af5ecf94fbfa8f925022dff800000782b
bda100005192000051920000cfb7a400bda1
c711000050fd000050fcffeed88f4d00c711
733f0000ec340000733efd30ff800000733f
acdcb9535ee922e45ee922e4cc4902c2acdd
aed00000f79f0000f79f000067013000aed0
d0155d3bc1e44d41d0155d3b5285341cd015
7362000088dc000073620000bcc238007362
670e000060ea0000670e07507f800000670e
6df00000b6c200006df00000e535e0006df0
0ff90000fc490000fc490000ccc381000ff9
6e36948893d9339a6e369488c29ae8b56e37
61710000942a000061710000b6200a006171
a2a400004965000049650000ac92b400a2a4
c80c000018d10000c80c0000a1649800c80c
e0f000003df20000e0f00000df62e000e0f0
bbac0000229b0000bbac00009ed04800bbac
292400000cac000029240000000000072924
1f100000cc310000cc310000abc720001f10
9f9259ccb01764d9b01764d9102d193d9f92
200eee670249b113200eee6700000000200f
ee200000bfe30000ee2000006e8de000ee20
996e00006d9000006d900000c785e000996e
8fd8000000de00008fd80000800000008fd8
86ad000035980000359800008000cd7086ad
31420000c7040000c7040000b8c810003142
85c13d3df7ecc3d6f7ecc3d63e32b84785c1
276e0000ec6f0000ec6f0000d45e3200276e
1e040000f60a0000f60a0000d48e50001e04
94d64552abf7d816abf7d816014f71bf94d6
38b980576dfc2e766dfc2e766736bc0038ba
2668268e3470cc0f3470cc0f1b5a5d312668
142600004d4800004d4800002201b0001426
a31e0000bdfd0000bdfd0000219c2600a31e
561b25d53faa9e4c561b25d5564ece1e561b
768b0000d3b90000768b0000ff800000768b
fb77686da20a080bfb77686d5e056611fb77
3ee50000f3650000f3650000f2ccd9003ee5
0ea40000d2b30000d2b30000a1e558000ea4
59cd18a48ead4c9f59cd18a4a90ad70a59cd
e52400004a1c0000e5240000efc7e000e524
17e3000062670000626700003accd50017e3
86390000e7b90000e7b900002e85b1008639
013d0000e64a0000e64a0000a8152200013d
292700005d2f00005d2f000046e452002927
3a53000006f900003a53000001cd3b003a53
411b0000496700004967009b4b0bdd00411b
707b00006c370000707bb7007f800000707b
a253000056d9000056d90000b9b2db00a253
a4beca77056c407aa4beca7780000000a4bf
c6e600003d3c0000c6e5ffe8c4a8e800c6e6
954b0000788d0000788d0000ce5f9e00954b
34980000ae7a00003497f830a39470003498
03c3000050a2000050a2000014f6cc0003c3
18bb00005e3900005e3900003787230018bb
61120000dc6300006111c740fe0176006112
acbf76916f90177b6f90177bdcd78882acbf
dca36305d3b4ef38dca3633270e6f499dca3
b2c200007b4200007b420000ee930400b2c2
db4e0000557e0000db4df020f14c6400db4e
d12cd6a8c4909824d12cd6a856433eedd12d
3c330000e7bf0000e7bf0000e4858d003c33
069d0000cc650000cc650000938c7100069d
225c0000500300005003000032e12800225c
c977c0faf6a154caf6a154ca7f800000c978
bb59000080180000bb59000000001458bb59
a55d00004978000049780000af561800a55d
e62bcef2d6a835eee62bcef27d61c801e62c
c3afdc20634c9255634c9255e78c87efc3b0
d1c0065499c1404dd1c006542c10f501d1c0
b349000083aa0000b349000000000021b349
d9b800001bc20000d9b80000b60b7000d9b8
e81900001e9f0000e8190000c73e0e00e819
f6b2000095e90000f6b200004d220200f6b2
b0b900004de100004de10000bf229900b0b9
78bfcce8a1c371ff78bfcce8db126e7d78c0
7b310000f42200007b30fd78ff8000007b31
3ca90000d0340000d0340000cd6da8003ca9
7862000090f4000078620000c9d768007862
33260000c5b80000c5b80000b96ea0003326
aa0b000060ae000060ae0000cb3cf400aa0b
3b510000bc820000bc4fc000b85444003b51
b4de7e66db2fd949db2fd9495098d540b4de
f7a8050b0b53e19af7a8050bc38b103af7a8
0e482f13a403dd4aa403dd4a800000000e48
c6a300005bf900005bf90000e31e8b00c6a3
5f20053b14fcef0c5f20053b349e1a925f20
59e800001aa6000059e800003516700059e8
ba9ec9c90204e3b5ba9ec9c9800149b5ba9f
a8a900007177000071770000daa30f00a8a9
ebe5000076d4000076d3fffcff800000ebe5
6c85e4407dd2f5fc7dd2f5fc7f8000006c86
890a0000312f0000312f000080000bcb890a
e2930000001e0000e2930000a289d000e293
d3a7000043c10000d3a70000d7fbce00d3a7
61e30000775e0000775e00007f80000061e3
82030000833200008352c000000000008203
d62193341f01e00ed6219334b5a3f12ed622
8410dfb4fb9431d8fb9431d84027bb128411
4c1b00007be300007be300007f8000004c1b
f404000077410000773ef000ff800000f404
5cb30000bc3f00005cb30000d9858d005cb3
aca91ff44efd9d0b4efd9d0bbc278c54aca9
f7540000380a0000f7540000efe49000f754
da15000042110000da150000dca8ca00da15
6d5a2f9ae4b26cf86d5a2f41ff8000006d5a
2e5d0000e1060000e1060000cfe75c002e5d
2ddc0000e1920000e1920000cffaf0002ddc
962c2e94f6949ceef6949cee4d47e8f4962c
a36e1c816aaaf5c46aaaf5c4ce9f0385a36e
b60c0000846a0000b60c000000000fffb60c
d758231d17300008d758231daf14982bd758
3d190000888000003d190000861900003d19
2e6a00007275000072750000615ff2002e6a
e474ee268dd8f8a9e474ee2632cf96d8e475
9305dd7eda4b4f1dda4b4f1d2dd4a0039306
6155000023a4000061550000458874006155
39f3503a861a460c39f3503a8092a0d639f3
7ba20000463b00007ba200007f8000007ba2
3443d9307782d72a7782d72a6c4831cc3444
cfd2e769ea94a98dea94a98d7af4f2efcfd3
144b07024ae32cb64ae32cb61fb42aac144b
817900007386000073860000b58256008179
2092d2f4a3e954c2a3e709768505d29d2093
174c0000751f0000751f00004cfd6800174c
098b0000bb840000bb840000858f5800098b
37370000e15b0000e15b0000d91c8d003737
dad90000a4020000dad900003f5c6400dad9
a17358a168f44f9668f44f96cae83c20a173
7799ea636cc866ea7799ea667f800000779a
934225670b1c47a6934224cb800000009342
3998000073710000737100006d8f18003998
4927a9cc5fc9b68d5fc9b68d69841be04928
1e75308ad99abd1dd99abd1db89434541e75
0b9800008e8b00008e88a000800000000b98
225000009e9c0000224ec800817d80002250
8c630000f3db0000f3db000040c231008c63
4d50000043fc00004d50002051ccc0004d50
07840000faa60000faa60000c2ab30000784
fafe000032e40000fafe0000ee623800fafe
2e11000025b400002e11005a144be8002e11
e2e5000008650000e2e50000abccd900e2e5
85fa75bdbdc8a011bdc8a0110444489685fa
d0f8000003010000d0f800009479f000d0f8
b282000051d1000051d10000c4d44400b282
0c7f0000d8690000d8690000a56817000c7f
559b0000351f0000559b00004b408a00559b
d514000024420000d5140000b9e05000d514
1d850000d4400000d4400000b24780001d85
43a285ede394af69e394af69e7bcc99243a3
ccda000012f60000ccda0000a0517c00ccda
07280000017a000007280fa0000000000728
4d7eb515a74648914d7eb515b54548414d7f
9eb3b7d24ef696f14ef696f1ae2d1c9b9eb4
458500005334000053340000593b08004585
5e5536dbbc2553555e5536dbdb09b1c35e55
afc80000d4bf0000d4bf000045153800afc8
6434cb3b86a52b3c6434cb3bab694b0b6435
d43f00000a460000d43f00009f13ba00d43f
3b340000ffec00007fc000007fc000003b34
f96ff34caff0bee5f96ff34c69e1a704f970
db642cef21ecbadddb642cefbdd2fffadb64
2b490000d8780000d8780000c442b8002b49
f6d80000d2060000f6d800007f800000f6d8
25b8a03d11e881b925b8a03d0000005425b9
88e100000968000008ef00008000000088e1
ce5500002c350000ce550000bb169900ce55
e697000012730000e6970000b98f5500e697
bd38000089640000bd3800000723e000bd38
96220000807b000096220000000000009622
1a45c0c746b5a01a46b5a01a218c4cf91a46
f8f80000b8b60000f8f8000072305000f8f8
42a794144cf5cbc24cf5cbcc5020e61942a8
76e5bb4a2ca429d676e5bb4a6413518676e6
451800003d83000045180106431b90004518
c9460000c51e0000c9469e004ef46800c946
c8df000097b60000c8df0000211e8a00c8df
6e6a00aeec1077326e60f93bff8000006e6a
c1154aee79f2d3ea79f2d3eafb8d9c6ac115
ba79a72c8760b349ba79a72c025b211eba7a
71b33c70a7df8a5d71b33c70da1c828571b3
63c4f97be8823473e8820335ff80000063c5
17aa00000d39000017aa00060000000017aa
04aa0000005b000004aa5b000000000004aa
8da1637ad576060ed576060e239b19688da1
aad20000ed350000ed35000058947a00aad2
9d74db35acf6f778acf6f7780aec37579d75
93b4101d101b4d1393b2d9838000000093b4
a67a0000ba190000ba19000021156a00a67a
9dba5864922743469dba5865000000009dba
a4ec8b5570b0512870b05128d622eac7a4ed
a36ef7325f25ff7e5f25ff7ec31af3d1a36f
9f4abd58e431f0a4e431f0a4440ceb7d9f4b
b41b0998b5ce052db5e166602a7989b6b41b
415aea24a2cd2814415aea24a4af6fc5415b
b92f46aadca57b19dca57b19566299a7b92f
0ea300001a4000001a400001000000000ea3
180600008993000018060000800000001806
6897cbb2534277296897cbb27c669e0a6898
f3303a396ab1fb7ef33039e0ff800000f330
b62ea1b684f3b40ab62ea1b600002990b62f
d6bc000011280000d6bc0000a876c000d6bc
ccc88219e42df73ce42df73c7188418fccc9
bddb000051b4000051b40000d019fc00bddb
d543217446011467d5432174dbc4c6d1d543
0ebf0000431900004319000012644e000ebf
8e0409a98759af858e040d10000000008e04
4c44d885544e6a54544e6b19611eb7fd4c45
26ab528276d7dff276d7dff25e10782a26ab
11ff2241e45e8c38e45e8c38b6ddcb7311ff
38c09437768f4bf9768f4bf96fd797e338c1
847a0000b7200000b720000000004e20847a
1efa68abe5f04970e5f04970c56b09f61efa
83c20692e0cee5c0e0cee5c0251ccf6b83c2
d41e475351cd9a54d417da80e67e3d11d41e
07c2661c2b4895752b4895750000000007c2
e7b400004daf0000e7b40000f5f61800e7b4
490f000096020000490f00009f913c00490f
cbf200007956000079560000ff800000cbf2
b69300001ce10000b693000094013300b693
cfb7b2d42ac3f5c3cfb7b2d4bb0c9d92cfb8
58140000fe7e0000fe7e0000ff8000005814
3b7e00008d1000003b7e0000890ee0003b7e
8e5c298b72855bca72855bcac165610b8e5c
c29200007ee600007ee60000ff800000c292
dbda000040880000dbda0000dce7a000dbda
b81300009fd70000b81300001876ea00b813
538c00004ad80000538c00365eec4000538c
587c208b386a2fdc587c208b5166a4e2587c
40e900008c97000040e900008e096f0040e9
8731a60e5f9cef3b5f9cef3ba759ce678732
99a73a5c43ac4f1343ac4f139de11dba99a7
920eae42a53dce4da53dce4d00000035920f
03f7421e067028ed0677e2fe0000000003f7
a3ef00004ad100004ad10000af431f00a3ef
05c181e0b7ca02acb7ca02ac8004c59405c2
c3910000b5320000c39100003949a400c391
8f130000f99b0000f99b0000493202008f13
ac630fb9181d872eac630fb9850bb88bac63
3b6f0000afe200003b6efffeabd2fe003b6f
a4d50000448f0000448f0000a9edf600a4d5
08a800008e1d00008e1ceb008000000008a8
af7500004025000040250000b01de900af75
3e4c0000daa60000daa60000d98448003e4c
f35d0000b2bb0000f35d000066a16f00f35d
3aa62551e88cf9c0e88cf9c0e3b6fcfe3aa6
522ca77e8722f7a9522ca77e99dbd20b522d
477f560293187704477f56029b1811c6477f
24df0000ae660000ae65ffe493c85a0024df
bdff0000ce2b0000ce2b00004caa5500bdff
e1020000a92e0000e10200004ab0b800e102
87a10000849b000087a36c000000000087a1
0ee1e8db08a173950ee1f2f2000000000ee2
0eee631c24f985fd24f985fd000000000eee
c41d00000da90000c41d0000924f4a00c41d
f7b3000087260000f7b300003f682400f7b3
d34c469c233d4a84d34c469cb7170b97d34c
cd260000abc30000cd260000397ce400cd26
83a3803801defb82839590808000000083a4
303e6f0ad13b12bad13b12bac20b290a303e
ceaa0000f0f60000f0f600007f800000ceaa
e4f60000c2820000e4f6000067f9d800e4f6
a6820000ef9a0000ef9a0000569c6800a682
7d500000d98600007d500000ff8000007d50
775200008c7c000077520000c44eb8007752
c32100004501000044ede000c8a24200c321
82010000cfd60000cfd600001257ac008201
aa1400000a8c0000aa14000080000001aa14
751100001f9a000075110000552e74007511
2f928f635d5241a55d5241a54d70be682f93
94c41290e2524e21e2524e2137a1131194c4
1aff00004af700004af70000267609001aff
6d1d0000dab800006d1d0000ff8000006d1d
630b000025610000630b000048f45600630b
68562b088d88fe6368562b08b665375c6856
64b500003546000064b500005a8bfe0064b5
a80b00004ee600004ee60000b779c400a80b
672a000062af0000672a57807f800000672a
38dc00000d2c000038dc00000693d00038dc
2beec18fe3c0ad88e3c0ad88d033b3032bef
72720000fabf0000fabeff87ff8000007272
6adc922941d61bbd6adc92296d387a156add
22ec0000d44c0000d44c0000b7bc100022ec
8de000006d7b00006d7b0000bbdba0008de0
d2b800005c9100005c90fff4efd07000d2b8
227800004d3200004d320000302c70002278
789a0000a3c80000789a0000dcf0a000789a
fbae0000c0510000fbae00007c8e0e00fbae
0be00000d1940000d19400009e0180000be0
5c1c0000214000005c1c00003dea00005c1c
99903e1a404de83c404de83c9a68092a9990
76242aad60cde9ce76242aad7f8000007624
96e626733f797cf43f797cf496e04bbc96e6
a38800003106000031060000950e6000a388
99a10000e77b0000e77b0000419ddb0099a1
fc9287b9f084ab3bfc9287ba7f800000fc93
8a6b06d317ee76d617ee76d6800000008a6b
10a60000af3f0000af3f0000807bda0010a6
495b00005fdd00005fdd000069bd0f00495b
28017020ce0f4debce0f4debb690ea0f2801
ddc50000115b0000ddc50000afa88700ddc5
5cc6266303235ab55cc62663207ce14d5cc6
cf581d2c5faa18ca5faa18caef8f984ccf58
fec6000097270000fec6000056812a00fec6
f0d80000fbe00000fbe000037f800000f0d8
efc8b695a6770b00efc8b69556c1b0caefc9
2af99076417f2ccd417f2ccd2cf8c2922afa
189f0000b1bf0000b1bf00008aed4200189f
6bfb0000ec5a0000ebb90000ff8000006bfb
9eab0000cf410000cf4100002e80eb009eab
feeb00004ff50000feeb0000ff800000feeb
f7cb0000c1e60000f7cb00007a366200f7cb
737b000028890000737b00005c865300737b
5e7a43511df30ee05e7a43513ced9c715e7a
17cec16bb2bb2712b2bb27128b1726d717cf
e018000050390000e0180000f0dbb000e018
5441000009dc0000544100001ea5dc005441
bd46b88745244cf845244c31c2ff13ecbd47
257f000061a3000061a3000047a25d00257f
994300005b4800005b480000b51858009943
96d5000021e2000021e1fffd8000017896d5
895b0000c17a0000c17a00000b55de00895b
751c00002ecd0000751c00006479d800751c
2b81000071b9000071b900005dba72002b81
81150000f67d0000f67d0000381341008115
98d800003e4400003e44000097a5600098d8
0475000086b4000086ac5800800000000475
8f2b1e3cef506563ef5065633f0b4c568f2b
3cfc0000d9120000d9120000d68fb8003cfc
8f4b0000aa4a0000aa4a0000000005018f4b
c1fa000054f7000054f70000d7713600c1fa
1734207bf9c8e3bef9c8e3bed18d599f1734
df340000406a0000df340000e0248800df34
584300003d6a00005843000056323e005843
1df80000871c00001df80000800000001df8
aa20000056e1000056e10000c18ca000aa20
11d300009a2400009a23ff968000000011d3
762fd076aeb11cd7762fd076e57345e07630
29473006405fd817405fd8172a2e2af82947
cdf6000016e40000cdf60000a55b1800cdf6
adc60000573b0000573b0000c590a200adc6
f9b1000042400000f9b10000fc84c000f9b1
33940000617e0000617e00005592d8003394
5bb50000aac600005bb50000c70bfe005bb5
c05a0000335b0000c05a0000b43a7e00c05a
66e60000d3d8000066e60000fb42100066e6
1ffb000085dc00001ffb0000800000001ffb
2ba8b9d5fd03afd1fd03afd1e92d95f22ba9
283700001c5f000028370001051f69002837
2ca44d3e6129f3e46129f3e44e5a270b2ca4
27fc699027545e3128334c540fd1644a27fc
603500005e230000603f30007ee67e006035
9ab7000041b5000041b500009d0163009ab7
6d030000b77700006d030000e4fcca006d03
3cd9a618d35bfc2fd35bfc2fd0bb077e3cda
777400002b5e000077740000635398007774
3420b355aba284043420b304a04c08b63421
c1500000e75a0000e75a000069312000c150
f2890000a3790000f289000056854100f289
ea517581e2596cfaea51765a7f800000ea51
88dc00007df000007df00000c74e400088dc
6d770000c79300006d770000f58dd5006d77
9087541ef4cccdd7f4cccdd745d887b09087
692ab0c3051af6d0692ab0c32ecea5cc692b
21e938b5b29a96cdb29a96cd950cd57f21e9
10dec05bee506e5aee506e5abfb55c4f10df
f8ba3a6718b35324f8ba3a67d2027351f8ba
fd560000458f0000fd560000ff800000fd56
d78a0000a2480000d78a00003a57a000d78a
cf93c545aa9264f7cf93c5453aa90192cf94
5340bfe2065313f65340bfe21a1eed2f5341
1cc40000864b00001cc40000800000001cc4
71f5a1d21e86e47971f5a1d251016dec71f6
fc5c000035af0000fc5c0000f2966400fc5c
d4130000834f0000d413000017edba00d413
b4a00000057c0000b4a00000800009d8b4a0
24e600000934000024e600000000000024e6
96cb0000bdbe0000bdbe00001516aa0096cb
13480000b07b0000b07b0000844418001348
a8df000036430000364300009fa9dd00a8df
d0a4e1f03b54f064d0a4e1f0cc8925efd0a5
736c0000fcf10000fcf0ffe2ff800000736c
38875f973bf43d373bf65ab53501277b3887
119d00000b6c0000119d076000000000119d
775f0000c38b0000775f0000fb722a00775f
56f80bf6b09075dd56f80bf6c80bf8ee56f8
0e77fd5bf9316e9bf9316e9bc82be1510e78
20c10000d5d10000d5d10000b71d910020c1
67cf0000cdbd000067cf0000f618d30067cf
7a3c0000ad2200007a3c0000e7edf0007a3c
a21500004430000044300000a6cce000a215
d43783849bbb8671d437838430866d71d438
45fb000057fd000057fd00005e780f0045fb
94bb0000ebe10000ebe1000041245b0094bb
e30fd1090a473974e30fd109addfd789e310
a539101580898bc5a539101500000000a539
ec560000f5460000f54600367f800000ec56
2db0010b10f4fb1d2db0010b00150db42db0
3b960000827f00003b960000800956a03b96
0fcd000015cc000015cc0cd0000000000fcd
1ea4e3f09aff8d031ea3e463800005251ea5
1fa30000e8500000e8500000c88470001fa3
bc63000015780000bc630000925be800bc63
0d210000b2250000b22500008033e2800d21
02d1c24e4e7f4acc4e7f4acc11d12dd502d2
3df90000196600003df9000017dfb6003df9
fe470000cab20000fe4700007f800000fe47
f48a000005200000f48a0000ba2c8000f48a
ce6b0000c1b00000ce6b000050a19000ce6b
64380000c558000064380000ea1b40006438
f94b0000f29e0000f94b04f07f800000f94b
43cf0000350c000043cf00003962680043cf
99090000a6420000a64200000033e9009909
05067655f636efa3f636efa3bbc02bfd0506
471164964c5b87524c5babab53f95bce4711
a1dff7079234d026a1dff70700000001a1e0
5a990000d75100005a975e00f279d2005a99
782b0000bea20000782b0000f7586c00782b
74f7fd67845e37d774f7fd67b9d743d774f8
5059b7aafb365010fb365010ff800000505a
2ca200008d9800002ca2000080000c062ca2
7d38000037d300007d3800007597a8007d38
5da100005b6d00005da8680079950d005da1
ec0d0000054a0000ec0d0000b1de8400ec0d
e6880000c46f0000e68800006b7df000e688
dfc80000c04c0000dfc80000609f6000dfc8
3b6b00007eb800007eb800007aa8e8003b6b
722e00002b450000722e00005e05e600722e
921f963665eb8f1665eb8f16b892d8169220
2ddc0000a19b00002ddbffff900534002ddc
28f20000ece40000ece40000d657880028f2
04030000b1920000b1920000800000050403
1c494fb3804ec98a1c494fb3800000001c49
c3530000c58c0000c59298004966c800c353
7e64000065fa00007e6400007f8000007e64
c953c9cc21718f48c953c9ccab47d782c954
fdd0f100e5fd27c6fdd0f1007f800000fdd1
97d900006a7e00006a7e0000c2d74e0097d9
7dea0ab92244738e7dea0ab960b399da7dea
f70a0000cb9f0000f70a00007f800000f70a
de810000994e0000de810000384f9c00de81
5ad30000525b00005ad3006e6db481005ad3
09ce0000ecf90000ecf90000b7485e0009ce
e3cec921db5d6e90e3cec9907f800000e3cf
27653279ad9c08d7ad9c01ad958bb2ac2765
6ab400003c1d00006ab40000675cc8006ab4
f4480000fb6e0000fb6e03207f800000f448
2f5b28bd5714b2f15714b2f146fe997c2f5b
c53eab84c1ea0927c5407f9647ae4f98c53f
69b75463cfb9f49f69b75463fa052b2a69b7
2a850000ff470000ff470000ea4ec6002a85
a9442c0e15a37bfaa9442c0e801f51c3a944
23ca0000d4da0000d4da0000b92c040023ca
e6ebbe7e184a02b7e6ebbe7ebfba06cfe6ec
9f9921c28b9d5c949f9921c2000000009f99
7dc1c91eb56092877dc1c91ef3a9fee57dc2
33ba00009577000033ba000089b3760033ba
226b0000c3f20000c3f20000a6de2600226b
ea6c00001a780000ea6c0000c564a000ea6c
47dd83057739c3767739c3767f80000047de
dbe700004dfb0000dbe70000ea627d00dbe7
7d9b00008c3d00007d9b0000ca64de007d9b
06e4000019810000198100000000000006e4
128d00007a3c00007a3c00004d4f1800128d
f0e30000ff6e0000ff6e00007f800000f0e3
f0fe0000a3b30000f0fe000055319a00f0fe
20e2a4b04eaab7194eaab7193017237720e3
c72f000042d10000c72e9780ca8edf00c72f
b42100007a6d00007a6d0000ef150d00b421
64e6000090c2000064e60000b62e4c0064e6
16bf000096540000162a00008000000016bf
2b280000311f0000311f0a801cd0b0002b28
378e0000b8f60000b8d28000b1087400378e
56fa0000bde7000056fa0000d561960056fa
4363c2be463c33a0463fc2ab4a2770f24364
ae280c971d9ad780ae280c978c4b4a13ae28
bf4a00000d950000bf4a00008d6b2400bf4a
2c360000740400007404000060bbb0002c36
61240000d7e500006123ffe3f992b4006124
b2f90000567e0000567e0000c9f70e00b2f9
bf0c0000c28c0000c28d180042192000bf0c
e1b1340bcda0c921e1b1340b6fde977fe1b1
fb692a6208bd2cabfb692a62c4ac4cf9fb69
cdb4995f14247921cdb4995fa2680f69cdb5
d00a0000e69b0000e69b000077271c00d00a
93a8000063b4000063b40000b7ec400093a8
5efd0000e81f0000e81effe0ff8000005efd
ec1d0000fb0f0000fb0f00007f800000ec1d
c10800004bd600004bd5fffccd636000c108
e6470000f4810000f48100007f800000e647
94cd08a12c7edd332c7edd3381cc1fb994cd
4c5f000022ab00004c5f00002f94f5004c5f
acd50000dd210000dd2100004a85f500acd5
7187d6926ee783a7718b74a17f8000007188
234b0000d4350000d4350000b80f8700234b
55c800001d8b000055c8000033d9300055c8
963300007db700007db70000d47fea009633
1d9a0000d6ba0000d6ba0000b4dfc8001d9a
463c000080110000463c000085c7c000463c
47cdc2f9e169fed5e169fed5e9bc134747ce
eb4200000f7d0000eb420000bb3fba00eb42
6edb0000286800006edb000057c678006edb
8111000050a4000050a400009239c8008111
289a00003f1600003f16000028347800289a
c28c0000820a0000c28c00000516f000c28c
060c00001d4300001d43000000000000060c
3f3300002a8b00003f3300002a4262003f33
af3eb69647e3403b47e3403bb7a94bc1af3f
7b2d00003e4d00007b2d00007a0a89007b2d
6f0626c8e785e2a06f0625bcff8000006f06
5c6e0000a75100005c6e0000c4424e005c6e
54fc000038ca000054fc00004e46d80054fc
f0ad00009ddc0000f0ad00004f14ac00f0ad
25a072ac86a9183125a072ac8000000025a0
8ad20d39109d0c1d109cfefc800000008ad2
b0980000ea0d0000ea0d00005b277000b098
a4ea0000dd790000dd79000042e39a00a4ea
05a100005fce00005fce000026018e0005a1
2d8900009c9d00002d8900008aa80a002d89
660c66e2f4b2aeb7f4b2aeb7ff800000660c
3ed8000013f800003ed80000135140003ed8
f22f000056ca0000f22f0000ff800000f22f
b348fbabb4745e5eb4934ea4283fd9f5b349
eb333116472de0dfeb333116f2f36b26eb33
295800003cac00003cac0000269120002958
3f7d000056bf000056bf000056bcc3003f7d
04e20000cd2e0000cd2e000092999c0004e2
d1756cd584b8c459d1756cd516b12276d175
2f630000291d00002f6309d0190b37002f63
6e502b78f648639ff64862cfff8000006e50
8805611bb62da8a0b62da8a0000b4f4f8805
9ccd00002b8300002b83000088d1ce009ccd
18ae6a80290ab8df290ab8df023d06bb18ae
d7e40000e62b0000e62b00007e984c00d7e4
0bc30000a17d0000a17d0000800000000bc3
6526a5836a731f316a7348da7f8000006527
64590000d89800006458fffffd80d8006459
f49337ebb8194e04f49337eb6d305292f493
a52442eefce15365fce1536562909456a524
25d10000e1580000e1580000c7b0580025d1
14b50000ae0a0000ae0a00008343240014b5
c19600005859000058590000da7e4c00c196
5e530000b9b200005e530000d892b6005e53
db790000b6c90000db79000052c38100db79
fcfd000037bd0000fcfd0000f53ac900fcfd
e29c61e36941fa1d6941f53aff800000e29c
3f8271236378737363787373637d30db3f82
2d0cf2d117e2b03d2d0cf2d105799eca2d0d
18a000005ea900005ea9000037d3400018a0
034c00008b7200008b71ff3480000000034c
2594677e141838872594677e000005842594
1265b8d175558daf75558daf483fa1ea1266
2e330000efb40000efb40000de7bb8002e33
04a6000030850000308500000000000304a6
673000008962000067300000b11b60006730
00a70000b8130000b81300008000018000a7
b2cf0000a08d0000b2cf000013e40600b2cf
3aa000001a4a00003aa00000157c80003aa0
43790000ba4e00004378ffccbe485e004379
554ca6e10712a624554ca6e11cea77fb554d
7924000013b20000792400004d6410007924
c17b000047b1000047b0f828c9ad8b00c17b
00e30000fab80000fab80000bc23280000e3
30c3f84388e4fc8030c3f8438000057a30c4
5d8b0000f0860000f0860000ff8000005d8b
b508c9843609c05e35cf1bfaab933542b509
f80b0000f8520000f8ae80007f800000f80b
1c134562d0c08277d0c08277ad5d7e2e1c13
31648aacee38e602ee38e602e02511023165
ed707d5a8876a504ed707d5a3667b379ed70
a96c000009650000a96c000080000000a96c
76c10000bf6b000076c10000f6b12b0076c1
f82300005da10000f8230000ff800000f823
b65c0000babe0000babe6e0031a34800b65c
f0b90000941f0000f0b900004565ce00f0b9
ffa90000e54600007fc000007fc000007fc0
2b6fc475be059a03be059a03a9fa42a02b70
17350000de0f0000de0f0000b5ca36001735
f371058e8ef2b0eaf371058e42e47dd0f371
aef0000039800000397ffff8a8f00000aef0
65eeea99d5bf6bbd65eeea99fc32a59565ef
442700008ba100004427000090520e004427
c7840000ff8b00007fc000007fc00000c784
096b00009bb800009bb8000080000000096b
6ee30000e81200006ee2fb70ff8000006ee3
7212000072a0000072e900007f8000007212
4f7d0000d3e30000d3e28180e3e057004f7d
b03585e5eb80501feb80501f5c35f785b036
cf1d0000c76a0000cf1d00ea570f8200cf1d
6e9c0000997d00006e9c0000c89a2c006e9c
9c9700005c4200005c420000b964dc009c97
23ac80472613bac826191eca0a47170923ad
5ff70000403d00005ff7000060b65b005ff7
ff9b000075b800007fc000007fc000007fc0
c2f30000060f0000c2f300008987bd00c2f3
4656000088cc0000465600008faa88004656
de22000053d30000de21fff9f2858600de22
f4a65999c4597cb1f4a65999798d52f9f4a6
562300002fee00005623000046978a005623
108700002b0900002b0900000000483f1087
fa668cc8fdb0647efdb231987f800000fa67
6df831d29e91b8936df831d2cd0d472a6df8
7951cfb9bf98ed597951cfb9f97aabb87952
fc7e000010630000fc7e0000cd613a00fc7e
d555b2045230ad8dd552ef4ee8137b42d556
61ee000013b1000061ee000036248e0061ee
647fa8b3e0570eb1647ed1a4ff8000006480
7311000054f10000731100007f8000007311
98f67ad103562b5598f67ad18000000098f6
ea689dce0f6185cfea689dceba4cec48ea69
cd9f000033f50000cd9f0000c2182b00cd9f
6a9200006eca00006eca92007f8000006a92
5f64725a57e892e85f64742b77cf8aba5f64
7a2e0000dd3a00007a2e0000ff8000007a2e
5a6744f0a71075845a6744f0c20280f15a67
58e46277ec469b44ec469b44ff80000058e4
494a000004c00000494a00000e978000494a
7268728215e162a97268728248cca63a7268
ef310000296e0000ef310000d9248e00ef31
b4ed0000e21d0000e21d000057915900b4ed
af799755e3f5fb10e3f5fb1053efd29baf7a
b5870000dc120000dc1200005219fc00b587
fa6e0000bf030000fa6e000079f39400fa6e
ae75296fae4089daaedad9a41d386317ae75
ebc06644750e9b2b750e9b13ff800000ebc0
26e000009795000026e0000080104c0026e0
4e5800007e8800007e8800007f8000004e58
dd9a0000f2940000f29400007f800000dd9a
048ab5dd776df257776df2573c80edad048b
440c000042d30000442660004766c800440c
7b0ee85c67861dfc7b0ee85c7f8000007b0f
5f29000052cb00005f290000728603005f29
bf3d00001dd40000bf3d00009d9c8400bf3d
96000173eee6a61eeee6a61e4566a8bb9600
ca0600006593000065930000f019e400ca06
71e21d01169d44d071e21d01490ae89171e2
2b1e0000d8610000d8610000c40ade002b1e
72e000009fd5000072e00000d33a600072e0
7e7e00003c7f00007e7e00007b7d02007e7e
0c4c0000ee0a0000ee0a0000badbf0000c4c
1ca20772aa12292baa12292b8739049b1ca2
126c0000d5310000d5310000a8232c00126c
c81e0000086c0000c81e00009111a800c81e
e44ac64cfeff75ddfeff75dd7f800000e44b
73be000084ee000073be0000b930a40073be
06b0802048d55aab48d55aab1013191e06b1
9b9fd6eee0c49b66e0c49b663cf5832a9ba0
e9a80000a2420000e9a800004c7ea000e9a8
5075000096f3000050750000a7e88f005075
79178d62ab159ac379178d62e4b121d17918
a1f9fae38271109ca1f9fae300000000a1fa
bd0c6e84c24da143c24dc45f3fe199ecbd0c
e4d4e6edb02d989fe4d4e6ed55905efce4d5
663b0000e7220000e6e68000ff800000663b
590ccedaabadf38e590ccedac53f5b80590d
ba4600007458000074580000ef271000ba46
cbc70000bf450000cbc700004b992300cbc7
7a877b04c47f73407a877b04ff8000007a87
75e10000b29f000075e10000e90bbf0075e1
e3300000a8c00000e33000004c840000e330
774da5975a16f1b3774da5977f800000774e
9c69000060c7000060c70000bdb51f009c69
f5c7000092b50000f5c70000490cb300f5c7
c1bc8f7ae47fc2d1e47fc2d166bc6269c1bd
1d9e0000562e0000562e00003456c8001d9e
49990000f8660000f8660000ff8000004999
a277000003a50000a277000080000000a277
aa0d00000f260000aa0d0000800002dbaa0d
8aa5d3a3ba0ca25bba0ca25b053631d08aa6
96713bae758ee9ce758ee9cecc86ab6c9671
4ed4dc3ef4048cf5f4048cf5ff8000004ed5
55910000462b0000559100005c41b6005591
04310000c9640000c96400008e1da4000431
367f7b10d08fa685d08fa685c78f5bec367f
afdf927f0a92e20cafdf927f80001009afe0
98af09fc6a91f9ca6a91f9cac3c79ee598af
197b000073fc000073fc00004df71400197b
cec50000562c0000562bfe76e5845c00cec5
ee290000b6e90000ee2900006599d100ee29
6aeed4ec7359226e735922e57f8000006aef
1a510000763f0000763f0000511bef001a51
aab600006278000062780000cdb05000aab6
3cc2c0820160b0203cc2c082000aaee73cc3
30c30000858f000030c300008000000e30c3
a7f9493635347c7035347c709dafc0a6a7f9
726cc67a861da77d726cc67ab911d0a2726d
bcda0000f9ec0000f9ec00007748f800bcda
2b17000057cb000057cb0000436f7a002b17
20670000d9c80000d9c80000bab478002067
bf78000027ce0000bf780000a7c79000bf78
947000000d130000946ffdb4800000009470
458c398a283648f6458c398a2e47b1be458c
8853000085af000088587800000000008853
8821da6ce2b26048e2b260482b618d7d8822
4636537a6089d0ce6089d0ce67444ec64636
f31700003ec90000f3170000f26d1e00f317
45c70000fc800000fc800000ff80000045c7
0f880000ce390000ce3900009e4490000f88
3144af45124def0d3144af45041e38043145
672b000016f30000672b00003ea25100672b
698a000060970000698a00267f800000698a
e11011a448bc0148e11011a4ea539b5ae110
6ee20000a60a00006ee20000d573a8006ee2
16e30000aa650000aa65000081cb0f0016e3
dce70000d96d0000dce8da0076d5db00dce7
f19600006c380000f195e900ff800000f196
bebd000097ab0000bebd000016fc7e00bebd
c3de00004640000046391000caa68000c3de
2f8b000082fa00002f8b0000800000002f8b
b1ca5742c719a721c719a7213972e47fb1ca
992600000425000099260000800000009926
d38700006f2800006f280000ff800000d387
1d6419a48bfb8b5f1d6419a4800000001d64
f681326f4a328d31f681326fff800000f681
ae7a00007d5300007d530000ec4e0e00ae7a
2b0e0000981800002b0e000083a8a0002b0e
a7610000c8e00000c8e0000030c4e000a761
dab9000031e40000dab90000cd24c400dab9
7c8a354636f6a3997c8a3546740527847c8a
c6d3000098af0000c6d3000020103d00c6d3
5fd90000785f0000785f00007f8000005fd9
f54d000089470000f54d00003f1f5b00f54d
f1a00000551a0000f1a00000ff800000f1a0
957e000088090000957e000000000000957e
3d810000799a0000799a0000779b34003d81
40e73e16e2f222bfe2f222bfe45ab81440e7
8b090000cae50000cae5000016751a008b09
831100005089000050890000941b32008311
43d50000d6460000d6460000daa4be0043d5
49590000563a0000563a0000601daa004959
f47d0000ab2e0000f47d0000602bf600f47d
69e3cdea79685eff79685eff7f80000069e4
8d3b0a963d09dbe43d09dbe48ac972a68d3b
200000001d3300002002cc000002cc002000
006b00005dbb00005dbb00001e9c5200006b
ced80000407b0000ced80000cfd3c800ced8
f88ea935e53cc022f88ea9357f800000f88f
7a860000b34c00007a860000ee5590007a86
eb20000008eb0000eb200000b492e000eb20
05c0cc2a1c3cbd531c3cbd530000000005c1
e457000034580000e4570000d9356800e457
3166b487442a55b9442a55b9361981223167
858500005aa500005aa50000a0ab72008585
957199a8a88ae058a88ae058000831099572
9c0f00002bdf00002bdf0000887922009c0f
dc8700009a590000dc8700003764de00dc87
86ba60f84cee810c4cee810c942da41a86ba
0d026eac645b0ab5645b0ab531df34430d02
74e25d241203cd2974e25d244769162574e2
d6330000e8b00000e8b000007f762000d633
efb7f0e32361e9acefb7f0e3d3a2529defb8
874f0000c2d70000c2d700000aadd900874f
f1b0000093390000f1b00000457e6000f1b0
2b270000971800002b27000082c650002b27
a40a0000f6400000f64000005acf0000a40a
9d700000976000009d700e00000000029d70
96200000fcd10000fcd100005382a0009620
15d100009230000015cfa0008000000015d1
991500000860000099150000800000009915
f45aae74ba2dc4eaf45aae746f14701af45b
ec35000071500000714fd2c0ff800000ec35
f8280945b8d83ee3f8280945718df119f828
98e000000999000098e000008000000098e0
592500000770000059250000211ab0005925
702300008ec1000070230000bf75c6007023
63750000ab06000063750000cf003e006375
221700008dcf000022170000800000002217
975fb753c73a2e76c73a2e761f22b3cc9760
2e72000092dc00002e72000081cff8002e72
41640000eec90000eec90000f0b304004164
a3dd00007581000075810000d9deba00a3dd
6c93c8887384684573846a947f8000006c94
280844cf8912011d280844cf800000002808
c9010000613b0000613b0000eabc7600c901
5f1027e5fde9b164fde9b164ff8000005f10
87e80000ff580000ff58000047c3c00087e8
8afa0000e3180000e31800002e9470008afa
391950c7c9de8152c9de8152c385417f3919
1ca18513be819906be8199069ba389361ca2
8d780000e6b90000e6b9000034b338008d78
416a920444d8a23b44da775f46c67fda416b
b92c0000172e0000b92c000090e9d000b92c
1ed387e9e3e17f78e3e17f78c33a53c71ed4
a9337b2297914583a9337b22014bb2f5a933
bd89000008720000bd89000086818200bd89
673995b51d12e4f9673995b544d4fabe673a
815b000049c5000049c500008ba88700815b
05db000024d3000024d300000000000005db
c1360000c73c0000c73c0b604905a800c136
1905000042820000428200001c0714001905
8438fe11bfc6cac3bfc6cac3048fa7078439
ed2e592a43ea8d04ed2e592af19fbd8aed2e
61fbf0a80a547a9c61fbf0a82cd11bf561fc
93680000f8090000f80900004bf850009368
74e40000f111000074e2de00ff80000074e4
a21ac22ad8b97308d8b973083b6037b5a21b
44fb000086f9000044fb00008c74230044fb
91f64c5aa1de96e4a1de96e40000000091f6
95374715871af6b595374715000000009537
a651f0d29c210936a651f0dc03041002a652
57a90000ee6d0000ee6d0000ff80000057a9
ce8b000031d00000ce8b0000c0e1e000ce8b
01a1000029c1000029c100000000000001a1
0d531b907985f0ed7985f0ed475ce7fe0d53
49ae00006c7b00006c7b000076aa9a0049ae
3dc6e558016c106c3dc6e558002dda0c3dc7
c5ad0000d1ed0000d1ed000158202900c5ad
20b90000f59a0000f59a0000d6de940020b9
52b100002d26000052b1000040658c0052b1
c847000087340000c8470000100bec00c847
18d30000c00c0000c00c00009966c80018d3
93a500000f6a000093a48b008000000093a5
6571e10bf8330696f8330696ff8000006572
ef770000c0720000ef77000070697e00ef77
47980000eca90000eca90000f4c8b0004798
48d1122260eff43e60eff43e6a43f76648d1
35a20000e7320000e7320000dd61480035a2
81fe0000be580000be58000000d6500081fe
d08800003eb00000d0880000cfbb0000d088
ede74da30804f19fede74da3b6703cb0ede7
af730000aa860000af7343001a7e6400af73
f4e9e1afef5c0b64f4e9fd307f800000f4ea
9b790000409a0000409a00009c95ca009b79
f2cb0000983a0000f2cb00004b937e00f2cb
90400000450700004507000095ca80009040
4d370000e55d0000e55d0000f31dfb004d37
f99f00002a300000f99f0000e45aa000f99f
a48e000037950000379500009ca54c00a48e
c7530ba6875b2a50c7530ba60f34add9c753
454a0000d0f70000d0f6fffed6c2e600454a
74db0000c3c6000074db0000f929620074db
c106605bee6a7b04ee6a7b046ff6294bc106
f9888fbcc8948214f9888fbc7f800000f989
52fe087dd36b7bf1d2d8ef65e6e9acc852fe
88800000980c0000980c0000000000008880
a9410000300c0000300bfcfc99d31800a941
66efa3d5e70c876de5a5ac14ff80000066f0
ccab000005290000ccab00009261c600ccab
eb450000c0220000eb4500006bf95400eb45
ef7b9085db89c497ef7b90857f800000ef7c
dc09bc59a58547cbdc09bc59420f6af5dc0a
4cc4bb967e086d217e086d217f8000004cc5
ba4f184af702c917f702c91771d39a05ba4f
37acd3fb856cdda337acd3fb80027fa437ad
00f68e70ce8213cfce8213cf8ffa8ed200f7
91260000884b000091260033000000009126
23e70000707800007078000054dfc80023e7
47a1000008f9000047a10000111c990047a1
8f1a00002769000027690000800000128f1a
0ce00000b7d90000b7d90000853de0000ce0
ccc2c9ce912bd83dccc2c9ce1e82c155ccc3
98f2d9859395445d98f2fed60000000098f3
4e640000eaec0000eaec0000f9d230004e64
65dd00002b05000065dd00005165a20065dd
3a6b32357b88af7e7b88af7e767b27ce3a6b
ce86000026220000ce860000b5299800ce86
36430000a07f00003643000097423d003643
d81a000097d20000d81a0000307ca800d81a
321100008d60000032110000803f70003211
3fd90000232a00003fd9000023901a003fd9
f0fabf35ceacde55f0fabf357f800000f0fb
b7a00000c7940000c79400003fb90000b7a0
f5d961f155c564bff5d961f1ff800000f5d9
28bb00003f9600003f96000028db240028bb
d4d3000092d60000d4d3000028306200d4d3
1b0600001f0c00001f0c8600000009291b06
beeaa4cbfb222e14fb222e147a94a684beeb
fa87ebb6456c9b1afa87ebb6ff800000fa88
88e60000bb760000bb76000004dd040088e6
4179a132d2538721d2538721d44e43a0417a
0bfa91336d2ef5476d2ef54739ab3ec30bfb
1a4800002d4c00002d4c0000081f60001a48
daf800003c480000daf80000d7c1c000daf8
c6b156de25ea2b01c6b156dead223731c6b1
cfa08c8a811b4b9bcfa08c8a1142c904cfa1
8e360000f0d70000f0d700003f98da008e36
b2004890af082c1ab20269402188794cb200
2b0d318ab125b9ffb125b12c9cb6cf072b0d
957100008a7e000095710004000000009571
ffaa00001e3a00007fc000007fc000007fc0
dafc000036890000dafc0000d206dc00dafc
6626bc00fed7c2aafed7c2aaff8000006627
ed8f00005e1c0000ed8f0000ff800000ed8f
99f3bb8098245bbb9a04237c0000000099f4
33ed0000d8400000d8400000ccb1c00033ed
175c0000f2480000f2480000ca2be000175c
42770000a066000042770000a35dea004277
142f0000dac70000dac70000af880900142f
c9860000788b0000788b0000ff800000c986
9fe60000270800002707fe34877460009fe6
7bdd0000f45900007bdcfe4eff8000007bdd
f322000029ce0000f3220000dd825c00f322
e8740000ee0f0000ee0f0f407f800000e874
ca330000dde90000dde9000068a2eb00ca33
00e2000044a5000044a500000611aa0000e2
20900000c8d30000c8d30000a9ed60002090
1226be09a404f804a404f8048000000b1227
500a54ea79c0e40979c0e4097f800000500a
7412cb1ecab88ce47412cb1eff53a58f7413
24a00000c7ee0000c7ee0000ad14c00024a0
24490000e1ba0000e1ba0000c6920a002449
42b300003d67000042b31ce040a1850042b3
c6b94f90d9cb7d7cd9cb7d7c61134cedc6b9
14fb000026ca000026ca00000000630714fb
188200006c7700006c770000457adc001882
9cdb000077ae000077ae0000d514da009cdb
af4c0000cebb0000cebb00003e950400af4c
451e0000c5260000c3000000cacce800451e
aa76000077c9000077c90000e2c12600aa76
113fb719426c1955426c19551430cfc41140
cffada1484a17cdbcffada14151e3d7fcffb
90150000fda70000fda700004e4266009015
27ba1b253334ea993334ea9a1b8385a227ba
e1a9ec32b79140b4e1a9ec3259c0d376e1aa
de4d22b43ae8348fde4d22b4d9ba1191de4d
0cf8000001e300000cf80004000000000cf8
78a646984259a90678a646987b8d5f9f78a6
a87a00002a8400002a7860009380e800a87a
2cc20000153a00002cc20000028cf4002cc2
41831752d5707cfed5707cfed7764bbc4183
1b0d0000140d00001b0d0234000000001b0d
ce0e753f08706cb6ce0e753f9705ca6ace0e
7c3e40c3818542067c3e40c3be46116d7c3e
af2500004c6100004c610000bc110500af25
afb5000044b6000044b60000b500ae00afb5
2eeb0000535a0000535a000042c81e002eeb
50e400000869000050e4000019cf840050e4
6fcb0000d92400006fcb0000ff8000006fcb
0b510000e7090000e7090000b2dfb2000b51
25ff0000892c000025ff00008000000025ff
94d10ff3af6ed1d3af6ed1d304c3082e94d1
f607000092ba0000f607000049442c00f607
061d0000916a00009169fffe80000000061d
19e300006efe00006efe000049613a0019e3
deae0000f7530000f75300007f800000deae
aea600007d9b00007d9b0000ecc90400aea6
9ca70000f5650000f5650000529563009ca7
a5e6000005ec0000a5e6000080000000a5e6
89d20000bb5b0000bb5b000005b3a60089d2
a1c50000a40b0000a41128000655ee00a1c5
8690547167f6ba4f67f6ba4faf0b1a2e8690
e1e5620450876294e1e56204f2f29e08e1e5
f4262894c58e34e7f42628947a3899b1f426
97e50000e02f0000e02f0000389c8b0097e5
37c80000b678000037a90000aec1c00037c8
d38e00005c9700005c96ffdcf0a78400d38e
ea730000f85c0000f85c00007f800000ea73
cbc70000e55f0000e55f000071ad5900cbc7
7b610000b96500007b610000f54945007b61
df8f5cbd841ec7cedf8f5cbd2431d642df8f
ce340000ea400000ea40000079070000ce34
5813000017d3000058130000307252005813
6c7b0000926f00006c7b0000bf6a55006c7b
ec37f4bd177c64afec37f4bdc4355d43ec38
c9c94ee3ec6de5e2ec6de5e276bb12cdc9c9
bba60000a7080000bba6000023306000bba6
b1ac0000c1df0000c1df00003415d400b1ac
e3c800006768000067667000ff800000e3c8
fc4e00000fd70000fc4e0000ccad0200fc4e
18636c4136d6d6ea36d6d6ea0fbedb6b1863
74ff0000292c000074ff00005eab540074ff
8aa7615c9569605a9569605f000000008aa7
4a66e1cfabcb87f64a66e1cfb6b78fae4a67
0df30000af310000af3100008002a00c0df3
ca2bea2c920f431aca2bea2c1cc069bdca2c
7659efcbd56c88c97659efcbff800000765a
b3c7000098ee0000b3c700000d390200b3c7
78ad8615ba0f3ad278ad8615f3422b8978ae
3edf44829e835d163edf44829de5227b3edf
5fb2bf4daac5ade75fb2bf4dcb0a06a35fb3
f2ca0000355f0000f2ca0000e8aff600f2ca
80c30000737a0000737a0000b4be6e0080c3
d1c27a670f2b288dd1c27a67a1820691d1c2
c8190000045e0000c81900008d04ae00c819
40280000de180000de180000dec780004028
1e900000dd570000dd570000bc71e0001e90
58f00000e8ca0000e8ca0000ff80000058f0
efb22332a776f61fefb2233257abd915efb2
fb4b759bcfbeef8cfb4b759b7f800000fb4b
20b20000589c0000589c000039d8f00020b2
9abdd4fae168203ce168203c3cac20ea9abe
b981000029ee0000b9810000a3efdc00b981
83520000af340000af340000000000008352
9f6f5b11cf24e3c5cf24e3c52f1a2b4d9f6f
938c1fddf2559f81f2559f814669dba3938c
e5a70000916d0000e5a70000379a9b00e5a7
46f40000a197000046f40000a90fec0046f4
529f0000dcef0000dceefff6f0147100529f
1ada0000ee7e0000ee7e0000c9d84c001ada
7ddd8cb25072bd227ddd8cb27f8000007dde
7a4ce9ec7bf5f1627c07c7507f8000007a4d
686a00004b180000686a0000740af000686a
2f5c0000a45600002f5bfffd9437e8002f5c
1ba30000dfa60000dfa60000bbd364001ba3
7f4f00003fef00007f4f00007f8000007f4f
0019000007610000076100c8000000000019
c3168fc1f94822b9f94822b97ceb6975c317
7d953ef9b281f0a57d953ef9f097820d7d95
635a5416dfe06cb96358933dff800000635a
49bb604c28254b5449bb604c3271f86749bb
a23d0000a3200000a34f400005ec4000a23d
af2462124452ead14452ead1b4076f3baf24
da53be301dacc656da53be30b88ee7d4da54
0c1f0000b9c30000b9c3000086723a000c1f
96bc5fb93216d1263216d126895df3f996bc
f2ea0000c3830000f2ea000076ef7c00f2ea
5c240000fc410000fc410000ff8000005c24
faf6000070b60000faf5fff5ff800000faf6
0e8503cef3dbc42ff3dbc42fc2e460610e85
75f732da5a73f82475f732da7f80000075f7
3af40000b80e00003aef9000b38758003af4
d6c100003dcc0000d6c10000d519cc00d6c1
aed0000033a3000033a2cc00a3047000aed0
05430000a4ff0000a4ff0000800000000543
b976000074ee000074ee0000eee4b400b976
17551469ceb7b452ceb7b452a698e7ae1755
e380000051860000e3800000f5860000e380
2cdadca6073b59562cdadca6000000012cdb
bb551d8c41d6b1dc41d6ab33bdb2bac4bb55
d4f30000d0c70000d4f3c700663ce500d4f3
0acd00009746000097460000800000000acd
a9c20000f2600000f26000005ca9c000a9c2
c26a00006b3b00006b3b0000ee2aee00c26a
3fdc00009e6b00003fdc00009ec9f4003fdc
2b030000db940000db940000c71778002b03
0edd0000bc500000bc5000008bb390000edd
cfe50000a6a70000cfe5000037156300cfe5
45640000b8ff000045640000bee31c004564
560015d608b65b8e560015d61f367aaa5600
fbe70000352b0000fbe70000f19a4d00fbe7
8d70de93372ef51d372ef51d85249de88d71
d38f00004d700000d38ef880e1861000d38f
35684d3bf4d3cc01f4d3cc01eac030c63568
67df1dd137fb53ad67df1dd1605b0b2967df
9a550000091e00009a550000800000009a55
47050000ec660000ec660000f3eefc004705
35f0559e19a2632a35f0559e1018734735f0
21f1085379f80d0d79f80d0d5c698c5a21f1
84b000005a1d00005a1d00009f57e00084b0
57811a6a3c29dbdc57811a6a542b52a15781
fd1f0ab675ecb121fd1f08ddff800000fd1f
c948bd64cb5d59d0cb69e5a6552d91ecc949
3cd662253e6270ce3e7d3d133bbda11c3cd6
0912000076e2000076e200004080e4000912
07c00000c0660000c066000088ac800007c0
b7d5368b848fb6ffb7d5368b0000ef64b7d5
1c770000aef20000aef200008be97e001c77
d281e170ffe2070e7fc000007fc00000d282
11c87d6262ac489762ac48973506ed1711c8
1ccf00001f7c00001f813c000000cbc41ccf
6e99183fe4968e516e991836ff8000006e99
ae6500006898000068980000d787f800ae65
c49c49dc855c7f92c49c49dc0a869d5bc49c
7424d7415d8eded07424d7417f8000007425
4dced6de506dd88950744f405ec02be04dcf
cbff450109efda5bcbff4501966f2b27cbff
9e530000ad930000ad9300000c7252009e53
f0aa0000f8650000f86501547f800000f0aa
857e0000626e0000626e0000a86c2400857e
32da0a23e11c7396e11c7396d48540a032da
b6b9000025a60000b6b900009cefec00b6b9
2814000014380000281400000000d4c02814
591c0000c7ac0000591c0000e151a000591c
524c00003cff0000524c00004fcb3400524c
e568000027370000e5680000cd25d800e568
59530000729d0000729d00007f8000005953
08da00007e5f00007e5f000047bde60008da
07190000b8f90000b8f900008094d1000719
cb2000004e3000004e2d8000d9dc0000cb20
e9f50000df9a0000e9f5000a7f800000e9f5
b74400005e2400005e240000d5fb2000b744
9cdf9b4919533bcf9cddf4d18000000c9ce0
32f2000025da000032f20000194e140032f2
8ad70000a6ed0000a6ed0000000000008ad7
8994c4e6f47aeb3af47aeb3a3e91d0fb8995
10d700004ba800004ba800001d0d180010d7
37ee7d245529e8455529e8454d9e48fe37ee
d882517e4fbc2ca5d882514fe8bf9525d882
3408000012d7000034080000076470003408
09a1c46be2259d46e2259d46ac514df509a2
830a0000a5ca0000a5ca000000000000830a
7124e547434fa0ea7124e5477505bd0a7125
a218ac0eb439b120b439b12016dd7bf0a219
629ca2da104cb4ff629ca2da337a8108629d
ea4b000093db0000ea4b00003eada900ea4b
124b00003a2300003a2300000d014100124b
939c0000b52b0000b52b000009506800939c
8c6d0000b4810000b4810000016eda008c6d
e2097137244e3d6ce2097137c6dd7428e209
e50fe36a7007c5d57007c5d3ff800000e510
dbb20000331c0000dbb20000cf58f000dbb2
84b5000046100000461000008b4ba00084b5
be5f0000602d0000602d0000df16b300be5f
062e00004bed00004bed000012a11600062e
d4ef000092060000d4ef0000277a3400d4ef
123d0000582b0000582b00002afc7e00123d
2995bbbf0f5413302995bbbf000001f02996
953500008a7c000095350004000000009535
090db985dfb90b7edfb90b7ea94ce2dc090e
98a50000221f0000221effeb8000199f98a5
7e2c0000f62300007e2bff5dff8000007e2c
ba5acd7f395a824bba242cecb43ac25bba5b
5ecf0000575100005ecf01a276a8ff005ecf
c87a000091a70000c87a00001aa31600c87a
d04a000074dd000074dd0000ff800000d04a
d8ec0000e4df0000e4df00017e4d9400d8ec
bbf30000a0d00000bbf300001d457000bbf3
b7b90000c1090000c109001739460200b7b9
ff60a7574b4aa96fff60a757ff800000ff61
77bb00002b0d000077bb0000634dfe0077bb
75db5dbdf5c6144e742a4b78ff80000075db
41790000f2bb0000f2bb0000f4b5e3004179
ebba0000d4fd0000ebba00007f800000ebba
5146a0e4a685adff5146a0e4b84f712e5147
6f1e3bf12d3192e06f1e3bf15cdb84756f1e
6e4bc5ac498f7b026e4bc5ac78646aa96e4c
1c8c489d651085c4651085c4421e644b1c8c
49990000c6a1000049967c00d0c072004999
b1d4e004269f2d06b1d4e00299045c93b1d5
b0ba6a12aaddb206b0ba77ed1c216f34b0ba
77f700002e58000077f7000066d0680077f7
177b00001d4100001d410fb000000001177b
8a54d0994f0135994f01359999d6d3578a55
76120512e736743376120512ff8000007612
a2d32cea4af57e8a4af57e8aae4a825ea2d3
cce70000ddc10000ddc100006b2e2700cce7
25944cfd189a609025944cfd000b2dc82594
0e580000c4da0000c4da000093b7f0000e58
981723e1968191469827560a000000009817
eb2f0000d0950000eb2f00007c4bb600eb2f
e6ba63c27984031179840311ff800000e6ba
a8330000a2000000a83308000ab30000a833
fb300000df200000fb3000007f800000fb30
15d70000c03c0000c03c0000969de40015d7
b653000021670000b6530000983e6500b653
59d883ce412a75d659d883ce5b902b3059d9
345f0000abc30000345eff9ea0a9dd00345f
9df20000e80d0000e80d000046854a009df2
327600006e8300006e830000617bc4003276
1333000093d3000093730000800000001333
bec100004fe300004fe30000cf2b2300bec1
f252000049410000f2520000fc1e5200f252
57e8aefccd63655157e8aef5e5ceaf4057e9
105700009d5e00009d5e0000800000001057
ff10ddced4c7a031ff10ddce7f800000ff11
ca3f6c8c076af0d1ca3f6c8c922fad4aca3f
86f52beec9143f38c9143f38108df9f186f5
9ec3000053d5000053d50000b3223f009ec3
1bb90000b6d80000b6d80000931c18001bb9
0b9c0000a1fb0000a1fb0000800000000b9c
51e7503bbc6870ae51e7503bced2068651e7
192a0000f79d0000f79d0000d1508400192a
e7bbcdb4b0317365e7bbcdb458822de1e7bc
276500008069000027650000800000002765
3773000016570000377300000e4c15003773
47e20000cd400000cd3fe3c0d5a9800047e2
dcfe000078f1000078f10000ff800000dcfe
9d6200005c8e00005c8e0000ba7ab8009d62
1fc14e78086101721fc14e78000000001fc1
21cd740f14490d9d21cd740f0000000a21cd
17b80000e58f0000e58f0000bdcd900017b8
8f6d264ca54275e8a54275e8000000018f6d
8c0e00005ae800005ae80000a780b0008c0e
63e9000033cd000063e90000583a950063e9
d06a562e70532b4170532b41ff800000d06a
032b0000a8e50000a8e5000080000000032b
89f10000119c0000119bff0f8000000089f1
5a7615c7309f7c6d5a7615c74b994f225a76
6a590000c6bb00006a590000f19e83006a59
8de500001cf000001cf00000800000008de5
14a30000221b0000221b00000000001914a3
7eadccdae9fcbef67eadccdaff8000007eae
c70e0000ddcb0000ddcb000065613400c70e
c3b00000b1eb0000c3b0000036219000c3b0
35e600006cc600006cc600006331e40035e6
4d13000077bf000077bf00007f8000004d13
d7a70000bdab0000d7a7000055df1a00d7a7
7e2400007c4600007e3060007f8000007e24
2fdc0000095900002fdc0000000002ea2fdc
af3e00005c4200005c420000cc0ffc00af3e
26e8c50faa83ac50aa82c38b91ef730826e9
2b9f9f27d2d8e047d2d8e047bf073a202ba0
3fb5ee62fc3e8149fc3e8149fc8762ce3fb6
529b000076d3000076d300007f800000529b
f96a000091150000f96a00004b083200f96a
0c7c98d0a0702516a0702516800000000c7d
94ee5ee011d5594c94eb097b8000000094ee
38a9c7b0c76b0d16c76b0d16c09be2fc38aa
09330000cdd00000cdd00000979170000933
afaf0000e1d90000e1d9000052145700afaf
260400009b1600002603fffe819ab0002604
877c000062c9000062c90000aac5dc00877c
32685e37da818d31da818d31cd6b2f443268
b185000022f40000b185000094fd8800b185
5d620000aaf300005d620000c8d686005d62
f09200005d470000f0920000ff800000f092
153d00004d2f00004d2f000023013300153d
7446f276510169797446f2767f8000007447
0fbf0000da690000da690000aaadd7000fbf
30fa00006fb600006fb600006131bc0030fa
29c1c452f9670de3f9670de3e3aee2a929c2
e21a00009c730000e21a00003f122e00e21a
3e5b0000ea6a0000ea6a0000e9482e003e5b
c517f133fd206c3efd206c3e7f800000c518
d38d0000ac5a0000d38d000040702400d38d
0e255b060526ad660e255b30000000000e25
6d2946e07723c87c7723c8877f8000006d29
d271e75811702857d271e758a462ef01d272
6463397572ab8d2b72ab8d2b7f8000006463
f4e60000d8820000f4e600007f800000f4e6
225b0791550dcf1e550dcf1e37f2a8bf225b
4c470000243900004c470000310fcf004c47
518100003619000051810000481a32005181
b4e032e7490674d6490674d6be6b81efb4e0
c9b7cfc32e727dcec9b7cfc3b8ae1cbbc9b8
c8361c4124583015c8361c41ad19ca0bc836
e1300000d6220000e130000377dec000e130
38d600000ede000038d600000839940038d6
b951cef5cdfd6b24cdfd6b2447cfb157b952
c6080000d0950000d0950004571e5000c608
f9ef0000e5150000f9ef00007f800000f9ef
8cc5b170ec848620ec84862039ccae238cc6
497200008953000049720000934776004972
deda0000a8000000deda0000475a0000deda
c70600006250000062500000e9d9c000c706
d939e84fc3e33269d939e84f5da4fd9ad93a
4849000024070000484900002cd3fe004849
e3220000221c0000e3220000c5c57000e322
f6cb6b3525ce1721f6cb6b35dd23c2a6f6cb
7a6f0000c52300007a6f0000ff8000007a6f
4d340000047800004d340000122e60004d34
97cd0000ae540000ae54000006a9c40097cd
df89000060620000601d8000ff800000df89
322b0000f9510000f9510000ec0b9b00322b
d9e40000a65f0000d9e4000040c69c00d9e4
8dbe00005777000057770000a5b752008dbe
72ed00005b23000072ed00007f80000072ed
e119d5d4a95eb1dee119d5d44b05d250e11a
d42c0000b7450000d42c00004c045c00d42c
b9c100006985000069850000e3c88a00b9c1
629a000037ed0000629a00005b0e9200629a
c31f000025bf0000c31f0000a96d4200c31f
209e3f23a80b5426a80b52ea892c4098209e
32ac0000cc660000cc660000bf9a880032ac
960e0000e9eb0000e9eb000040825a00960e
35300000a4bc0000353000009a8140003530
eb57f541e7e8dd3eeb59c6fb7f800000eb58
d3d1000017680000d3d10000abbd6800d3d1
92450000d28d0000d28d0000255902009245
dc000000b5c90000dc00000052490000dc00
1754000057d2000057d200002fade8001754
bf3d0000b5710000bf3d000f3531ed00bf3d
83000000d40f0000d40f0000178f00008300
a88e0000cc1f0000cc1f000035306400a88e
345d0000c04c0000c04bffffb5301c00345d
dd0d00001d260000dd0d0000bab6dc00dd0d
427f000010f90000427f000013f80700427f
c479000038130000c478ffffbd0efb00c479
f65f0ce1f12dac38f65f384c7f800000f65f
ceededb2a5ee0afdceededb2355d3d32ceee
f044e240dae454a2f044e2407f800000f045
89940000631a0000631a0000ad3210008994
c30c00001f9b0000c30c0000a3298800c30c
3f4f00006b8f00006b8f00006b6742003f4f
1e12b0d19560fe201e12b099800000001e13
f74600009f440000f746000057179800f746
659400009b6b000065940000c187dc006594
30b600008c27000030b600008001dae830b6
cf53000071b0000071b00000ff800000cf53
b42d000082770000b42d000000000015b42d
d31045707b255a057b255a05ff800000d310
1b840000796b0000796b0000557258001b84
388d36fe2b9924e5388d36fe24a8f470388d
e33a00008ae90000e33a00002ea94a00e33a
9a00000002a200009a000000800000009a00
01367eff51aec65d51aec65d13792f740136
d6c15ecc96f9eb47d6c15ecc2e3cc6ecd6c1
f53f0000928d0000f53f000048526600f53f
558100005f9800005f980008759930005581
ad86f8cad8352410d8352410463f01d4ad87
57de63142ee122dd57de63144743935e57de
7c09000046b200007c0900007f8000007c09
e0c90000716b0000716b0000ff800000e0c9
e6ab0797fd7921dcfd7921dc7f800000e6ab
582b00004e3b0000582b000c66f9d200582b
5c930920a4fae6d85c930920c2101b805c93
d71d13f8e5c3981ae5c3981a7d700713d71d
a2801f7b94357090a2801f7b00000017a280
a6100000287c0000287300008f0dc000a610
f2b900003c520000f2b90000ef97c200f2b9
7ec99ba08b0db0317ec99ba0ca5f2af17eca
1b283d2648cdeb8048cdeb80248753bc1b28
c9550000a6030000c95500002fd9fe00c955
0a26073ec598c2c9c598c2c9904625410a26
bfc500004f6600004f660000cfb0fe00bfc5
cd42c9902e6a03bfcd42c990bc320f17cd43
c5e700001e790000c5e70000a4e0af00c5e7
fefa000053b90000fefa0000ff800000fefa
e05d23224798bd7ee05d2322e883f08ce05d
b5b800005d0900005d090000d344f000b5b8
78400000a928000078400000e1fc00007840
2574d9153222f8c93222f8c9181bdf522575
889a000082f40000889a0f4000000000889a
ebc000003cbc0000ebc00000e90d0000ebc0
15951712bffa7869bffa78699611dea81595
8aae00005636000056360000a17768008aae
36dd0000c1dd0000c1dcfffdb93ec90036dd
e18d1f74c19841dde18d1f7463a7ddf7e18d
5cdb00002c6500005cdb000049c3e7005cdb
759c0eb9824c6c6b759c0eb9b8793ba6759c
c4585f77e69a394de69a394d6b8259dcc458
42c10000b469000042c10000b7afa90042c1
3ff10000387c00003ff101f838ed3c003ff1
d3c10000636e0000636e0000f7b36e00d3c1
34ef2df0ac695c5e34ef2d7ba1da071c34ef
4f3bb84793e32cbc4f3bb847a3a695344f3c
d7a60000ff9200007fc000007fc00000d7a6
6442d990985692ff6442d990bd2351c16443
5bfa601636f6462a5bfa60165370dcf45bfa
ec2070b4e01b1c49ec2070b57f800000ec20
cef0f952bbb77157cef0f9524b2caceacef1
c76ea0f157acf1aa57acf1aadfa13566c76f
810d0000fb180000fb1800003ca77000810d
876300006158000061580000a93f88008763
58f100001eb8000058f10000382d380058f1
5f1d0000d2c700005f1d0000f27416005f1d
b69700000f3b0000b6970000865c9a00b697
64e8f01a61b7536964ebcd687f80000064e9
2fe90000f6ee0000f6ee0000e7589e002fe9
14ee97fa7e46c3f37e46c3f353b9402c14ef
cbec00009e990000cbec00002b0d0c00cbec
e43829107a5254f07a5254f0ff800000e438
e7570558f918eaa2f918eaa27f800000e757
6f920000961b00006f920000c630cc006f92
39360000d9d30000d9d30000d39602003936
8a44c2c425acde5525acde55800000008a45
7db80000641900007db800007f8000007db8
bac0c4275eb8a8f35eb8a8f3da0b0c34bac1
750902663a4d4821750902666fdbbb0c7509
613200003d9f0000613200005f5d1c006132
91ab00006685000066850000b8b1ae0091ab
592b000065cf000065cf00007f800000592b
1d560000169d00001d5604e8000000011d56
ef01000020cf0000ef010000d0509e00ef01
6ac30000673700006ac46e007f8000006ac3
a3c40000afe20000afe20001142d0800a3c4
4ded00000d3900004ded00001bab45004ded
b7c70000c4190000c41900003c6dde00b7c7
d70c0000ee8f0000ee8f00007f800000d70c
965800007244000072440000c92560009658
e84732bf2ceebbe5e84732bfd5b9c362e847
99f50000225400002253ff868000cae499f5
0da30000bb1e0000bb1e0000894934000da3
df3e00008c3a0000df3e00002c0a0c00df3e
b86700009f5c0000b867000018468400b867
997c0000c33d0000c33d00001d3a0c00997c
d3f8000086420000d3f800001abbf000d3f8
5e8858f34604900b5e8858f3650d352a5e88
ca2ba568242b1c43ca2ba568aee574dfca2c
a74a420c2f4008e82f40081e9717b892a74a
fc9900003d940000fc990000fab0e800fc99
e507000044520000e5070000e9dd7c00e507
4d2600007b0c00007b0c00007f8000004d26
e3d700006a2200006a21f948ff800000e3d7
7aba2a06f948ac0e7aa11484ff8000007aba
95490000b5230000b52300000afff6009549
d934ad842c5ed364d934ad84c61d43aad935
cbc8000012780000cbc800009ec1c000cbc8
475fbe388427c56b475fbe388c12a1a14760
fd557f984ecf93f2fd557f98ff800000fd55
028500006de100006de1000030e9ca000285
ad2551d3eb4e2fbaeb4e2fba590526aaad25
5ba9000039b000005ba9000055e860005ba9
99690000701c0000701c0000ca0dfc009969
b124000082230000b124000000000000b124
cba24aea476ef5becba1d36fd3977d70cba2
a8e13fc819deaddba8e13fc88343ee48a8e1
01fe00006dbc00006dbc0000303a880001fe
7fee0000a89300007fc000007fc000007fc0
4bc000000efc00004bc000001b3d00004bc0
122300004151000041510000140513001223
ddc800001d520000ddc80000bba41000ddc8
eafab534df655387eafab5367f800000eafb
637900005a430000637900317e3dab006379
508b0000175b0000508b0000286dd200508b
0c2c00002f7300002f730000000051a20c2c
b9de00005150000051500000cbb46000b9de
a797ee752e06194e2e06148f961f2baca798
e4048c6d0a4c1968e4048c6daed35a1de405
78110000c8f6000078110000ff8000007811
c13e000053c9000053c90000d5952e00c13e
19c5000098ef0000198940008000000019c5
efc77b8b6782f197efc77b08ff800000efc7
ce8100008cf40000ce8100001bf5e800ce81
e4f0532b95f86888e4f0532b3b6932b3e4f0
a9ec00005c5400005c540000c6c37000a9ec
2de00000059700002de00000000000002de0
e282000065b1000065aef800ff800000e282
fa89000094ae0000fa8900004fba3c00fa89
0dcc65c3cd782cc1cd782cc19bc626500dcc
95a500006bd400006bd40000c208a40095a5
90f60000ded30000ded30000304ac20090f6
25a900006e4200006e4200005480120025a9
73ab9e81ee46962073ab85aeff80000073ac
99c000007b8400007b840000d5c6000099c0
02f6000040e8000040e80000045ef00002f6
5c20000087ba00005c200000a46880005c20
85ba00000ae600000ae5d1808000000085ba
08300000ad770000ad770000800000050830
e5c80000d5eb0000e5c800007c379800e5c8
693c2beb2de7174a693c2beb57a9dcbf693c
f5ad0000e6300000f5ad00007f800000f5ad
1c31dbca28fe875028fe875005b0d6151c32
99cd9421da678b52da678b5234b9f08b99ce
cc62000012ff0000cc6200009fe11e00cc62
c4b80000e5090000e50900006a44f000c4b8
474c000082420000474c00008a1a9800474c
c02a0000d21f0000d21f000052d32c00c02a
bf9246533c3b638ebf90cf8cbc562482bf92
bd9b78bf6dec42c36dec42c3ec0f7bdcbd9b
bda60000de7f0000de7f00005ca55a00bda6
4aac0000394700004aac00004485b4004aac
14670000ee960000ee960000c3875a001467
e3c6662a07f072dde3c6662aac3a58cce3c6
c4390000edab0000edab000072772600c439
3054000098eb00003054000089c29c003054
2eac0000f6440000f6440000e583b0002eac
eba900009c300000eba9000048686000eba9
29130000b48e0000b48dffff9e2314002913
762700001a2600007627000050d894007627
6af90000db6000006af90000ff8000006af9
4e2fde75355c0c394e2fde7544172b924e30
aaf80000ee010000ee0100005979f000aaf8
2e880000aecb0000ae0600009dd7b0002e88
81cae774752e7560752e7560b78a465981cb
eec1000090090000eec100003f4e9200eec1
44540000956b0000445400009a429c004454
758900001d10000075890000531a20007589
86f03f09935dccca935dccca0000000086f0
2bbddc0e2918794f2bc29fd8156229402bbe
e8930000ef870000ef87024c7f800000e893
154f00004b5200004b5200002129ce00154f
e3d00000abf80000e3d0000050498000e3d0
f6ec0000eb1f0000f6ec00017f800000f6ec
d64700000d680000d6470000a4345800d647
2e0f0000ee7b0000ee7b0000dd0c35002e0f
e0b4000049840000e0b40000eab9a000e0b4
d22f000076d6000076d60000ff800000d22f
30bdf4bbc7e6dab0c7e6dab0b92b4c2530be
e36200001dd70000e3620000c1bdce00e362
8d674ed13dfdaea33dfdaea38be536af8d67
8ccb269aa9a88637a9a88637000000118ccb
b8ce0000f2c00000f2c000006c1a8000b8ce
4edc0000a9fe00004edc0000b95a48004edc
cde0aabdc47e640acde0aadd52df4133cde1
f763000018f60000f7630000d0da2200f763
ac6f000017390000ac6f0000842cb700ac6f
2fe700009ddc00002fe700008e4684002fe7
8a2b0000d1a40000d1a400001c5b18008a2b
da42000025150000da420000bfe1d400da42
b41e000096a30000b41e00000b493400b41e
99efa1946b7517b36b7517b3c5e56bd299f0
671b00004b320000671b000072d78c00671b
2ab73cbd1a4b942e2ab73cbd0591b73a2ab7
d3560fc75e2c7dd95e2c7dd6f2103bd5d356
9fc02f525406ce695406ce69b44a67749fc0
8dd6ca8255f9973155f99731a45169d38dd7
7e1f0000060000007e1f0000449f00007e1f
4eb6000057f5000057f5002e672e2e004eb6
23f30000b0410000b041000094b7330023f3
c4e200007763000077630000fcc86600c4e2
88c500002ae600002ae600008000000088c5
26b00000ab580000ab57a8009294800026b0
f3a00000cd660000f3a000007f800000f3a0
9f190000bd960000bd9600001d334c009f19
e4670000b7360000e46700005c243a00e467
31b70192ef132adeef132adee152691831b7
077cdd9e19967d2219967d2200000000077d
d6a50000352e0000d6a50000cc604c00d6a5
0634a0b1174a1bc8174a1bc8000000000635
2e9300003d8800003d8800002c9c30002e93
d826726d0eff444bd826726da7a5f862d826
d914000088f60000d9140000228e3800d914
625abc33b10e0539625abc33d3f2b1b5625b
6eef000038d400006eef00006845ec006eef
90e590632279a9fd2279a9fd8000000090e6
ed1100006c890000ec990000ff800000ed11
894e0000bdfb0000bdfb000007c9fa00894e
d8f50000e1600000e160007a7ad66000d8f5
dfd40000656f0000656ee580ff800000dfd4
0e860000a8a50000a8a500008000002b0e86
079c0000d5410000d54100009d6b3800079c
ce453773ba887eddce45377349524e61ce45
f9bb05ca8a42ddd7f9bb05ca448e5c74f9bb
0713b31252524c4252524c4219f2a9c80714
5548da8ee4882a7ce4882a7cfa55aae15549
e36700004e4c0000e3670000f2381400e367
e6c90000b72b0000e6c900005e864300e6c9
42902c2707f38d6242902c270b0929894290
4290000062d3000062d3000065ed60004290
06400000328f0000328f0000000001ad0640
174120b4ab1401fbab1401fb82df50cd1741
faab5043a00d351cfaab50435b3cfd7ffaab
51d7bb9f7ca4bbb87ca4bbb87f80000051d8
c18900005d3500005d350000df41ba00c189
a9060000814b0000a906000000000000a906
20f77bcfe5d114b9e5d114b9c74a201d20f7
7c7a0000a02d00007c7a0000dd28f2007c7a
850f0000bcd40000bcd40000026cd800850f
cc620000e8010000e801000074e3c400cc62
0ffc000006cf00000ffc0034000000000ffc
2578b23f796cce38796cce385f660ca82579
5d9c52e3a5a35e975d9c52e3c3c785125d9c
9e910000099100009e910000800000009e91
051c7c08cc158bc6cc158bc691b6d342051c
45a1a386e852b075e852b075ee85078e45a2
789700000c9b00007897000045b6da007897
3b870000812c00003b87000080016ad03b87
1e490000d2260000d2260000b10256001e49
ac4300007a3800007a380000e70c2800ac43
7cba00000a2b00007cba000047787c007cba
8e570000fd4f0000fd4f00004c2dd9008e57
f0d4777b657ee50bf0d47779ff800000f0d4
381f1e7c5e7bb37d5e7bb37d571c7274381f
ea1d868d5bf98c07ea1d868dff800000ea1e
c4205a73760e0a32760e0a32fab1f11dc420
478e0000fbb00000fbb00000ff800000478e
7374000077f1000077f17a007f8000007374
d3540000f05f0000f05f00007f800000d354
ead400009d630000ead4000048bbfc00ead4
dde700005f2800005f0b2000fd979800dde7
f2830000ba820000f28300006d850c00f283
7c460000bb0400007c460000f7cc30007c46
2a4a0000fd7c0000fd7c0000e846d8002a4a
86260000db2a0000db2a000021dc78008626
16290000e76c0000e76c0000be1bcc001629
a00500d8e00d3a64e00d3a644092bf9aa005
c08623382f1e33c0c0862338b025c9b4c086
cb6d0000dbf40000dbf4000067e1e400cb6d
5324d44c1aee64125324d44c2e997dcd5325
04000000721d0000721d0000369d00000400
b4250000148d0000b42500008935c200b425
f65264295bcd8be8f6526429ff800000f652
b1b4000063c7000063c70000d60bec00b1b4
d6f50186777222c0777222c0ff800000d6f5
29d40000e29e0000e29e0000cd02d80029d4
bbe500003de300003dd4b000ba4b0f00bbe5
4c7e0000332b00004c7e00004029aa004c7e
170d000098720000984ec00080000000170d
23bf0000c3e90000c3e90000a82dd70023bf
0edfd5d2706e608c706e608c3fd06d340ee0
3321000064be000064be0000586efc003321
f29600007342000072ee0000ff800000f296
3f8100006b1200006b1200006b1324003f81
3ed3a6cb2067568c3ed3a6cb1fbf430f3ed4
9f34000038580000385800009817e0009f34
335b00008caf0000335b00008095b500335b
751a0000f4aa0000748a0000ff800000751a
654800008cc3000065480000b29858006548
77ed0000fd1d0000fd1ce260ff80000077ed
8a121890db265e60db265e6025bde3928a12
927800005b5900005b590000ae5238009278
90f600003d9e00003d9e00008f17d40090f6
304c5239357a0881357a3b9626478f15304c
961fe50e14e6d47496030a80800000009620
93810000fa860000fa8600004e870c009381
619800004b6b0000619800006d8b88006198
6adf0000b1d900006adf0000dd3d07006adf
2ece000080b500002ece0000800000002ece
65510000c623000065510000ec0513006551
2cd00000f45d0000f45d0000e1b390002cd0
e0206be42e33e743e0206be4cee178b8e020
bb0600009a410000bb06000015ca0c00bb06
05106dad794a4ec4794a4ec43ee445f50510
efb9000094d90000efb90000451cd100efb9
e6ff00006f4900006f48ff80ff800000e6ff
85dc0000620d0000620d0000a872580085dc
12490000645c0000645c0000372cbc001249
e0490000b5e60000e049000056b49600e049
87d600003ae100003ae10000833c160087d6
4f0d164cb55f6d984f0d164cc4f645a54f0d
5afd3caf702c2153702c21537f8000005afd
244c2257e5ad434be5ad434bca8a28de244c
810f00003eb400003eb4000080648c00810f
e6b0082d0e15f018e6b0082db54e33b5e6b0
9a2d00004e6b00004e6b0000a91ecf009a2d
4373e195440906cb4445ff3048028a314374
4724000077680000776800007f14a0004724
ee3d000001e50000ee3d0000b0a91100ee3d
799b000028590000799b000062836300799b
42850000e9450000e9450000ec4cb2004285
c0cc0000e4cc0000e4cc000066229000c0cc
2937818902f9f68529378189000000002938
0f865e72b48a8046b48a80468491647b0f86
37630000a973000037630000a15779003763
7f430000ba7700007f430000fa3c25007f43
7d721495f78127517d720470ff8000007d72
3bbb00006a4f00006a4f0000669735003bbb
d8c400006d5c00006d5c0000ff800000d8c4
64c200001d2e000064c200004283dc0064c2
7cd8000061d000007cd800007f8000007cd8
019300003881000038810000000009420193
e6c800003fac0000e6c80000e7066000e6c8
478dba735ac0731b5ac0731b62d51720478e
d366000017040000d3660000aaed3000d366
adab34373d55b51b3d55b51bab8eeb90adab
b0320000ad170000b0345c001dd1fc00b032
bebc20e02629c26fbebc20e0a579812dbebc
a2f300006679000066790000c9ec5b00a2f3
2955000027010000295d100010d6aa002955
10684666cb329ec8cb329ec89c2211041068
dc1f0000a5610000dc1f0000420bbf00dc1f
ec0b00003d8d0000ec0b0000ea191e00ec0b
73fb0000b731000073fb0000ebad8b0073fb
8cb500006f7900006f790000bcb00d008cb5
01088b14ec39d2aeec39d2aeadc639c10109
3db70000cd8f0000cd8f0000cbcc72003db7
05e3909c4eef75684eef75681554dc5f05e4
ed0100001bf40000ed010000c975e800ed01
6f25000080d600006f250000b089ee006f25
15fb000054d8000054d800002b53c80015fb
65a08bfae634a0a0e5c8b546ff80000065a1
cc54000014980000cc540000a17bc000cc54
21d820013f6cfc883f6cfc8821c812b321d8
a1240000b6420000b642000017f89000a124
b7d20000c7fb0000c7fb0000404de600b7d2
ad3900007275000072750000e0310d00ad39
75fe0000f5e6000074400000ff80000075fe
4f5f0000e12f0000e12f0000f11871004f5f
e0cc000061a20000615e0000ff800000e0cc
9d1a337ad295a3d4d295a3d4303445499d1a
c30e637bb75e899dc30e637c3af78d9ec30e
ebd912a8b3bfb6ceebd912a860228fedebd9
745f0000977c0000745f0000cc5b8400745f
a9f30000f0190000f01900005a913b00a9f3
6f2b1942eec6c0a26e8f71e2ff8000006f2b
7829000094fa000078290000cda50a007829
6be30000fbbc0000fbbc0000ff8000006be3
03ad0000fa8d0000fa8d0000bebe920003ad
e1d40000c1a30000e1d400006406fc00e1d4
70c100005e4c000070c100007f80000070c1
b9ec00000baa0000b9ec0000861cb800b9ec
c93d0000668e0000668e0000f051ac00c93d
07bd00001bc800001bc800000000000007bd
14420000887100001441ffff800000001442
df97000007540000df970000a77a1800df97
06b4feff3758b5643758b5640009937606b5
6fe1a9b60c7c72ff6fe1a9b63cde886e6fe2
d52d0000ec8f0000ec8f00007f800000d52d
5e230000f47f0000f47f0000ff8000005e23
f7c00000b4240000f7c000006c760000f7c0
4da20000d9140000d913ffffe73b50004da2
4dc601d7593c380e593c3810679194b54dc6
4d66382775068bcb75068bcb7f8000004d66
26c38ae631289e1231289e181880cbe426c4
f150000020460000f1500000d220e000f150
074900001918000019180000000000000749
e58de82de3156e92e59293a27f800000e58e
7e070c895d31fdce7e070c897f8000007e07
3ec500007fd800007fc000007fc000003ec5
abba0189208f845fabba01878cd08e13abba
6aa0000052e900006aa000007e11a0006aa0
bd5900003fa400003f9d3800bd8b0400bd59
efe9000095cf0000efe90000463c6700efe9
90be000053de000053de0000a524c40090be
1aba00003714000037140000125710001aba
efc27965d9e75ba8efc279657f800000efc2
a7be0000c8dc0000c8dc000031234800a7be
85aa0000fdfc0000fdfc00004427580085aa
5385000056bd000056bf14006ac462005385
cc080000ed5e0000ed5e000079ebe000cc08
a02f00004ff300004ff30000b0a61d00a02f
727a0000fd480000fd47fffcff800000727a
6c8e00001e1c00006c8e00004b2d10006c8e
04c50000b0f70000b0f700008000000604c5
f1cb000094510000f1cb000046a5bb00f1cb
fb1f0000cf710000fb1f00007f800000fb1f
dc202973feda0f7bfeda0f7b7f800000dc20
a5e17e3978618b1078618b10dec6aa6ea5e1
e1c64cd3a0d496d7e1c64cd34324ac76e1c6
4e2c00002d0a00004e2c00003bb970004e2c
cce0cda9eda7295deda7295d7b12ca7ccce1
ee1e000086100000ee1e000034b1c000ee1e
f01e000003490000f01e0000b3f81c00f01e
6da9000072e8000072e82a407f8000006da9
ca3227636266a3576266a357ed20810fca32
25af36029d62501225af3591839ae47b25af
d65c000051740000d65bc300e851b000d65c
3ecd00003b8900003ecf24003adb6a003ecd
250e2ade2cdc4fc92cdc50e51274b24b250e
386b00005f6500005f65000058523700386b
9c6c0000fcbd0000fcbd000059ae3c009c6c
ec2f88df1c6c6dedec2f88dfc9221d8dec30
8a6b67afd12a1a23d12a1a231c1c6ae38a6b
67110000c375000067110000eb0ac5006711
8a120000bc430000bc43000006de6c008a12
2c2481b4c13afe7ec13afe7eadf0538d2c25
7df70000b71500007df70000f58fc3007df7
ad6e0000d0620000d06200003e521c00ad6e
3f7e00007bf600007bf600007bf414003f7e
b107000058f3000058f30000ca802500b107
15c70000589d0000589d00002ef4160015c7
85caaadf6689f0f96689f0f9acda686d85cb
980e5e29be0bdcd4be0bdcd4169b8fde980e
ee08000056330000ee080000ff800000ee08
7fca26a93e9e02f97fc000007fc000007fc0
b2480000ee350000ee350000610d6800b248
a3f300005ea200005ea20000c319c600a3f3
51110000a324000051110000b4b9c8005111
591400008ba5000059140000a53ec8005914
3e2d000016cf00003e2d0000158be3003e2d
10d70000e31e0000e31e0000b484b20010d7
99790000446d0000446d00009e6685009979
4c040000bab700004c040000c73cb8004c04
03d82e17228c917d228c917d0000000003d8
b7dc000050c3000050c30000c9279400b7dc
e2bf000013e60000e2bf0000b72b9a00e2bf
1f8f4fcf30dfe0ad30dfe0ad10faa8981f8f
de3a0000ddf90000de9b40007cb4ea00de3a
d5a40000d6800000d6a900006ca40000d5a4
566b096c982b5ef5566b096caf1d567a566b
84a20000c53d0000c53d00000a6f340084a2
44080000954000004408000099cc00004408
b3b4000039e7000039e6f4c0ae226c00b3b4
54e80000c28a000054e80000d7fa200054e8
3832cd1de706045ae706045adfbb34ce3833
fcf1000081c00000fcf100003f34c000fcf1
1a310000a86e0000a86e000083248e001a31
57dced1721c654f257dced173a2b28ae57dd
7ea4000057f100007ea400007f8000007ea4
c5eb0000b8f00000c5eb00003f5c5000c5eb
31a800001f5d000031a800001191080031a8
2e43ed5dfb403231fb403231ea1318702e44
d7f9b94b7d186ac77d186ac7ff800000d7fa
5d7a239c9024f1ad5d7a239cae212af45d7a
676abaa9d45928ba676abaa9fc471d91676b
8169000047920000479200008984e2008169
e4bb4c2605b8e320e4bb4c26ab0744e7e4bb
b529000057e5000057e50000cd972d00b529
6484000031ac00006484000056b160006484
f6c416d3cdd0500df6c416d37f800000f6c4
de6e0000cbf70000de6e00006ae5a200de6e
8800f5e72a6a7d062a6a7d06800000008801
2a6e0000b2c90000b2c8ff899dbade002a6e
4ac2193efc5bb7d1fc5bb7d1ff8000004ac2
cfe395b11473230dcfe395b1a4d82640cfe4
0b9cc41718da5bdc18da5bdc000000000b9d
6b000000ecca0000ecba0000ff8000006b00
260700009fa600002606fad0862f14002607
ae6ffa93e764398be764398b5655f11cae70
0e657f55ec8e2426ec8e2426bb7eda120e65
2e5b288b3e28a3903e28a3902d105ea12e5b
e5f90000fecd0000fecd00007f800000e5f9
d77b0000d7240000d7cf80006f20cc00d77b
e8030d2eedf5832aedf5938c7f800000e803
6e79facb8c6967ca6e79facbbb63ea9c6e7a
4c7f802a1368340b4c7f802a2067c0174c80
a6180000aacb0000aacb4c0011711000a618
3b440000ef6e0000ef6e0000eb3638003b44
0f8500004334000043340000133b08000f85
5dcc0000950200005dcc0000b34f30005dcc
bf890000dada0000dada00005ae95400bf89
f62a000055f50000f62a0000ff800000f62a
14f7aba7a0c201b7a0c201b68000000614f8
874800001e9200001e920000800000008748
3bef0000b77a00003bee8300b3e966003bef
ccf2000020520000ccf20000adc68400ccf2
dac9000045a30000dac90000e0fff600dac9
ba7c97bc5249024252490242cd46555dba7d
608a00002ef50000608a000050041200608a
f1de5ecad321f73ef1de5eca7f800000f1de
a9a200004883000048830000b2a5cc00a9a2
22df00009878000022defff88000360222df
e748000002a60000e7480000aa81b000e748
9ac0e4a895e22ddc9ac11d33000000009ac1
d6190000181b0000d6190000aeb94600d619
d26f141f4ddd22afd26ea58ee0ce84c3d26f
7cbb00009a3e00007cbb0000d78aca007cbb
7b95000066a000007b9500007f8000007b95
7b2254eb143dbf197b2254eb4ff0a3bd7b22
9ac900008d6100009ac90000000000009ac9
3e210000202800003e2100001ed350003e21
a2ab000053ab000053ab0000b6e47200a2ab
95d900007e6600007e660000d4c2f60095d9
48d900001bed000048d900002548e50048d9
79bc24964b04995f79bc24967f80000079bc
b2f300006734000067340000daaadc00b2f3
91374c122fdf62d02fdf62d0819ff2049137
4f739308ddcdc3cbddcdc3cbedc3c7084f74
464e0000e2fd0000e2fd0000e9cb9600464e
4321000009bb0000432100000d6b36004321
f7d49a51cd16ff9ff7d49a517f800000f7d5
34440000e6e20000e6e20000dbad08003444
4d6e0000247000004d6e0000325f20004d6e
ad7d0000c9700000c9700000376d3000ad7d
d7a9000006330000d7a900009e6c5600d7a9
42fc5aa933f5908642fc5aa93772113b42fc
b7c800006351000063510000dba34800b7c8
73fb00000c06000073fb00004083620073fb
cd85000012ea0000cd850000a0f32400cd85
2e60ae24db02b229db02b229c9e569972e61
56310000bd18000056310000d3d230005631
ae23ce7ba1390581ae23ce7b0fecc779ae24
6be1d4104049c7c56be1d4106cb1ffba6be2
eb30eab5db9d78e3eb30eab57f800000eb31
acaf6ce760f6219060f62190ce28a9a6acaf
7c3f00005fdf00007c3f00007f8000007c3f
d43600007ea100007ea10000ff800000d436
228a06c27531123075311230583ef0f5228a
f15000005dac0000f1500000ff800000f150
d41600001ad00000d4160000af73c000d416
34b30000c0160000c015ffffb551c40034b3
93950000c7080000c70800001b1e50009395
fd6ac919a78c883afd6ac9196580e2eafd6b
00350000a7cb0000a7cb0000800000000035
82400000e1c20000e1c20000249180008240
044e6ebbbf1b89acbf1b89ac83fad81e044e
e2db00005c270000e2dafac8ff800000e2db
9dd60000044600009dd60000800000009dd6
c0550000314e0000c0550000b22b6600c055
4d6c000005e200004d6c000013d058004d6c
7d7324f43f7db35f7d7324f47d70f5e27d73
5107000002b6000051070000143ff4005107
fcd094faa18ba179fcd094fa5ee388e8fcd1
a40a0000cd370000cd37000031c54c00a40a
024500002b1500002b150000000000000245
1311000047bd000047bd00001b561a001311
d3330000f1e80000f1e800007f800000d333
e5f7220e69fa21fb69f92ad9ff800000e5f7
f940000037aa0000f9400000f17f0000f940
e0ed11bc64ae6ed464ad81c2ff800000e0ed
2ddb000046040000460400003461d8002ddb
4b9f000009dd00004b9f0000160943004b9f
0cbe00001b9900001b990000000000000cbe
faa8fa7c463f4736faa8fa7cff800000faa9
5119afd47302efde7302efde7f800000511a
46f4d4a70406e5a846f4d4a70b8102f246f5
b0b7000059cb000059cb0000cb111d00b0b7
f85a0000946c0000f85a00004d48f800f85a
b95951b1d3549e12d3549e124d347dd6b959
6b5c1ffa222f0ce76b5c1ffa4e1684f46b5c
fb345d36676076e6fb345d36ff800000fb34
ad6c0000a0580000ad6c00000e472000ad6c
3594ed7288d6bf513594ed72800f9db93595
bc1400002af20000bc140000a78be800bc14
6db40000c9a300006db40000f7e538006db4
cfed0000e28d0000e28d000073028900cfed
69fc0000fe4a0000fe4a0000ff80000069fc
d699000048600000d6990000df85e000d699
61884f38bd74729561884f38df8228846188
b7f100001c4d0000b7f1000094c0fd00b7f1
88b21d067a97c3fa7a97c3fac3d32ef188b2
cdfdfbddd52152abd52154a763a00d6acdfe
067ada1d519b804f519b804f18985fca067b
474400003d6c00004744000f4534b0004744
825b0000dba10000dba100001e89bb00825b
6af60000514300006af600007cbb62006af6
288d000048b1000048b1000031c2fa00288d
a31d000085000000a31d000000000000a31d
030d0000a7400000a740000080000000030d
bc5623293fd9abdf3fd7ff99bcb61392bc56
b0177f3f99f667f2b0177f3f0a91d1cab017
5dbc0000303200005dbc00004e82b8005dbc
e146cd52714d214f714d214fff800000e147
5d1800004f9600005d1800006d3220005d18
4c6d0000111000004c6d00001e0550004c6d
cafbf55c9f0513bacafbf55c2a82f9e3cafc
ac000000f7930000f793000064130000ac00
eddf00001a6d0000eddf0000c8ce7300eddf
b9ab000034e20000b9aac780af16f600b9ab
fa4e504efb576615fb857d147f800000fa4e
b59400006624000066240000dc3da000b594
2db27e5352d74a2a52d74a2a41161bce2db2
08a8000008b80000093000000000000008a8
24b40000e4140000e4140000c950200024b4
2c5a0000d7ff0000d7ff0000c4d926002c5a
0f6000003d7500003d7500000d5660000f60
0baf00007737000077370000437a32000baf
5bb6000076e9000076e900007f8000005bb6
b88132572f0fc456b8813245a8111c69b881
ece860be76aa7fd176aa7fc2ff800000ece8
5c4c0000e7ec0000e7ebfffeff8000005c4c
327e0000a4030000327e00009701fa00327e
e310e350c22cb061e310e35065c3791ae311
4d9f0000245700004d9f0000328589004d9f
43d80000f04f0000f04f0000f4aea80043d8
7e2600007c7f00007e35f0007f8000007e26
8d3a00000c0600008d188000800000008d3a
c2c20000858f0000c2c2000008d8bc00c2c2
89ae0000a22b0000a22b00000000000089ae
8465ec2db283bbbdb283bbbd0000001e8466
36e8f669bd51349fbd512d57b4be610e36e9
d8f50000cd690000d8f5000266defd00d8f5
591ffd1bffe3e9407fc000007fc000005920
25e92d36461c03d0461c03d02c8e1b0625e9
ecb80000f54e0000f54e005c7f800000ecb8
380b3326be662c2abe662377b6fa4ff0380b
1c3e0000175600001c3e3580000000001c3e
ce7080b2daa200f9daa200f96998325bce71
245a0000cd160000cd160000b1ff7800245a
012600005fc300005fc30000217ce4000126
718b0000a4c90000718b0000d6da4600718b
21e998348418bdd121e998348000000021ea
424d0427e0d7748ce0d7748ce3ac8bd3424d
61ede4affbdd0f3efbdd0f3eff80000061ee
9b5d00007b2300007b230000d70cb7009b5d
5f3d000033b600005f3d000053865e005f3d
b2415e40a25c7df1b2415e4015268c20b241
a0e7e5408e0dd20da0e7e54000000000a0e8
b86a0000e11f0000e11f00005a115600b86a
b019c13bebac9a16ebac9a165c4f54beb01a
1fd460ebfd7ebab4fd7ebab4ddd3530d1fd4
53897c03c344eee653897c03d753867e5389
2d3cd4cc16e9bcc32d3cd4cc04ac68ea2d3d
bdd39544165c5189bdd3954494b617aabdd4
75140000cf97000075140000ff8000007514
a3180000ffae00007fc000007fc00000a318
4a020000f48f0000f48f0000ff113c004a02
b7540000f03a0000f03a0000681a0800b754
ecaafb3d2a059064ecaafb3dd73269eeecab
4a3600006b4a00006b4a0000760f9c004a36
0769ab3f063ccc39078c6f2700000000076a
b6d80000fcab0000fcab000074104800b6d8
3d430000248300003d430000224792003d43
cbf824cf05096deccbf824cf9185363fcbf8
9be70000922e00009be70016000000009be7
7b94ddb3278a934d7b94ddb363a12a557b95
0f9b00004746000047460000176fc4000f9b
466f0000a11e0000466f0000a8138200466f
bd86f0e45916138959161389d71e36e3bd87
e3218f5d4d043097e3218f5df0a6d92ce322
0791000060cd000060cd000028e83a000791
490c00001aa80000490c00002437c000490c
9af0fcb6e11dacd7e11dacd73c946db09af1
a9ba0000eb610000eb61000055a37a00a9ba
ceef00000a690000ceef000099d98700ceef
92580000e1990000e1990000348118009258
6da70000ffb200007fc000007fc000006da7
602b0000ab8e0000602b0000cc3db400602b
a0660000dc5e0000dc5e00003d477400a066
49b200004da100004da1b20057dfe40049b2
835a00002f2600002f26000080000000835a
45b70000160c000045b700001c48280045b7
d7b3a039af7a4060d7b3a03947af97a3d7b4
b8f90000ae290000b8f9000527a46100b8f9
0d100000951d0000951cff70800000000d10
891c7135eb0f836eeb0f836e34af671c891c
4a0f000035a100004a0f00004033de004a0f
dc2e00003e180000dc2e0000dacea000dc2e
3c390000a38500003c390000a0403a003c39
ba87e1957703561c7703561cf20b6c48ba88
a290a7754e360a054e360a05b14db96da291
dd2a0000a79a0000dd2a0000454c8800dd2a
fe650000f6520000fe6500d27f800000fe65
74cbcf8477b92fce77bc5f0c7f80000074cc
50010000528e000052920800630f1c005001
8b3c000075ff000075ff0000c1bb44008b3c
36e3000067a1000067a100005f0ec30036e3
204115edd925ced9d925ced9b9fa1e4a2041
0fcf8211abba601fabba601f80004b890fd0
2d0b0000379a0000379a000425273c002d0b
623c000062a90000630380007f800000623c
d6978946db114c7fdb119844722c0411d698
68e30000429e000068e300006c0c1a0068e3
6b300000d4f700006b300000ff8000006b30
792d0000c8630000792d0000ff800000792d
94c3a7ce85e62c5694c3a7ce0000000094c4
589836c1b0c5a07d589836c1c9eb031e5898
726a0000bff80000726a0000f2e2b000726a
4fcc0000c30100004fcc0000d34d98004fcc
98f700008a49000098f700000000000098f7
875f0000ccc80000ccc8000014ae3800875f
44b4912115f79e9744b491211b2ea7e344b5
37523f1d2a86c24e37523f1d225d593a3752
a6bf9c45aa61f976aa6378af11a92310a6c0
d1b100008b530000d1b100001d91e300d1b1
ed0a0000a7100000ed0a0000549b4000ed0a
e961000016730000e9610000c0559300e961
09b10000792500007925000043642a0009b1
3d0a053dcf827967cf827967cd0cb03a3d0a
aab20000c5270000c527000030683c00aab2
bf4d000090db0000bf4d000010af5f00bf4d
3ff00000d86f0000d86f0000d8e010003ff0
11c5000057d8000057d800002a26380011c5
1a1b0000802100001a1b0000800000001a1b
872e00002d8100002d81000080000001872e
21160000b3fc0000b3fc00009593a8002116
20987b39c8970c6dc8970c6da9b3f02b2098
acb7c6fd1912feefacb7c6fd86530cffacb8
9c007ef2390cccd3390cccd3958d58779c00
6d080000501000006d0800007d9900006d08
88690000968b0000968b0000000000008869
9cd70000249600002495ff2981fbf4009cd7
7a635699c79ef6337a635699ff8000007a63
465555d25d2ad0945d2ad094640e58cf4655
238d0000b7a60000b7a600009bb6dc00238d
5439a96b1a2a48b15439a96b2ef6fe72543a
3dca0000b53a00003dc9ffa3b392c4003dca
3c0a00006aac00006aac0000673970003c0a
aba400006c8200006c820000d8a69000aba4
8169000055ed000055ed000097d7b5008169
fae900003abb0000fae90000f62a3300fae9
a1ea601289c042b2a1ea601200000000a1ea
2a6500006dd000006dd0000058ba10002a65
534c000065bb000065bb000079950400534c
61450000fd170000fd170000ff8000006145
0f2c9829a3be13b2a3be13b2800000000f2d
b804000011d40000b80400008a5aa000b804
5e2d6abc13afa0fe5e2d6abc326df20b5e2d
57e80000afdc000057e80000c847600057e8
98d241ae63be720063be7200bd1c6a6098d2
00d800cc5e0157cc5e0157cc1f5a44f600d8
0f650000b3640000b3640000834bf4000f65
a1f10000920f0000a1f1000000000001a1f1
934792483e60e34b3e60e34b922f51309348
fed7000081e50000fed7000041405300fed7
8a0700002230000022300000800000008a07
ab880243098e123fab88024380000002ab88
1e950000a3800000a37fb580829500001e95
809800b22bccb4e02bccb4e0800000008098
1e880000062800001e880000000000001e88
06210000432e0000432e000009dadc000621
111e00004ad700004ad700001c84b200111e
fb0200002d8f0000fb020000e9113c00fb02
051000002111000021110000000000000510
535d0000281b0000535d00003c05cf00535d
79cf990c1b558e7679cf990c55ad2dde79d0
45dd0000f9460000f9460000ff80000045dd
db0000003d470000db000000d8c70000db00
19de00009eec00009eebc8808000019919de
f4600000eb880000f46000447f800000f460
102000009c8600009c860000800000001020
409700004bd900004bd900024cfffe004097
455f0000cff30000cff2fff9d5d3ad00455f
24b80000c2f40000c2f40000a82f600024b8
928b0000ed3e0000ed3e0000404e5400928b
7cee0000096a00007cee000046d98c007cee
34de0000f8470000f8470000edac920034de
dcaf0000b0aa0000dcaf00004de86c00dcaf
6ee3314f7e1455c37e1455c37f8000006ee3
20560000e52a0000e52a0000c60e1c002056
800300007f0f00007f0f0000bd5680008003
93f300001ef700001ef6fffc8000000093f3
dfe50000b88d0000dfe5000058fc4200dfe5
e4600000eda50000eda5001c7f800000e460
9b084ed6902e2b349b084ed9000000009b08
83914683496babae496babae8d85bd278391
378fa54b9f457bed378fa54b975d9f783790
6345000008860000634500002c4e3c006345
50e300001a7e000050e300002be13a0050e3
8dc40000ab100000ab100000000001b98dc4
29a4bba35ac00d875ac00d8744f72add29a5
08e72033cb68075bcb68075b94d17bd208e7
f0890000011a0000f0890000b224d400f089
8256e21f38a4f7f938a4f7f98000229e8257
46ba0000fbae0000fbae0000ff80000046ba
5a0352093c66be975a03520956ecbaf15a03
7260000068c10000726000187f8000007260
9f400000048c00009f400000800000009f40
11a147e051b8466e51b8466e23e8301011a1
68c100003a92000068c1000063dc240068c1
1572000043bf000043bf000019b48e001572
b8c4d4e99152b247b8c4d4e90aa1ffbab8c5
bfbe48815625aef05625aef0d6764d86bfbe
4575525c09de5c0d4575525c0fd515a24575
c3ee0cf86db385c16db385c1f226ef72c3ee
877e0000775d0000775d0000bf5b4600877e
bdac00006dfb00006dfb0000ec28a400bdac
d4fc00000d090000d4fc0000a286dc00d4fc
1a478783e753ff14e753ff14c2253b811a48
d7aafe217d5e17d67d5e17d6ff800000d7ab
2ca6b361bb9e923fbb9e923fa8ce83e22ca7
e277000085300000e27700002829d000e277
0157000085c8000085c79480800000000157
3c290000792200007922000075d5e4003c29
00510000ca4a0000ca4a00008affa8000051
d0e100002f860000d0e10000c0eb8c00d0e1
66880000c5d3000066880000ece030006688
4b4a0000cecf0000cecd6c00daa356004b4a
13a5b14ed8a85ed1d8a85ed1acd9f37313a6
efe72806f784902ef78491157f800000efe7
ecf10000adc20000ecf100005b36a200ecf1
66030000216f00006603000047f49a006603
4118a798c2d56176c2c24c83c47e7b1f4119
6d44000018b400006d4400004689d0006d44
ce33f40c50763c7b506afd3adf2d1707ce34
d7560000ec4b0000ec4b00007f800000d756
21ff0000ad350000ad34fffe8fb44b0021ff
3b0014921b071d4b3b001492168733023b00
57b800003168000057b8000049a6c00057b8
d39e0000a43e0000d39e0000386a8800d39e
824200007c8700007c870000bf4c9c008242
56580000e2d90000e2d90000f9b718005658
e395000051510000e3950000f5734a00e395
45ba0000349c000045ba00003ae2b00045ba
4478a8562d975c7d4478a856329305214479
b3b9000020bb0000b3b9000095072300b3b9
ebe700009c820000ebe7000048ea9c00ebe7
c0ad00006c4600006c460000ed85ce00c0ad
6d7b0000885900006d7b0000b654c3006d7b
26f40000e7ca0000e7ca0000cf40880026f4
7a0b0000e23a00007a0b0000ff8000007a0b
81d800006910000069100000ab73000081d8
b7bf0142fe850a7bfe850a7b76c686f2b7bf
ae763e881770c9a7ae763e8886679c97ae76
3d830000bc8a00003d410000ba8d3c003d83
8dd94943e3a1bd84e3a1bd84320947ee8dd9
1c220000b3040000b30400008fa710001c22
52ec00000876000052ec00001be2c80052ec
f29e0000f29c0000f31d00007f800000f29e
9d303f0239ced0c039ced0c0978e626b9d30
851000004aab00004aab0000904060008510
7e760c85af2a0c347e760c85ee23700b7e76
064a000068fd000068fd00002fc7a200064a
a5dc49282ce2230b2ce21f9a934296bda5dc
3d1100000d9700003d1100000b2b0e003d11
cf8a0000716c0000716c0000ff800000cf8a
dc6cb3aed1f287d1dc6cb3b66ee03f6edc6d
e728000044730000e7280000ec1f7800e728
5cfd000034ca00005cfd00005247a2005cfd
c9640000d69f0000d69f0000608d9c00c964
4a8624930915f51f4a862493141d27764a86
7e590000edf100007e590000ff8000007e59
617d0000a1130000617d0000c3114700617d
47a80a431a55bccb47a80a43228c4c7747a8
df3b0000b7aa0000df3b000057785c00df3b
f4e7000024090000f4e70000d9773e00f4e7
87f15ca6a3818ff6a3818ff60000000087f1
519c0000e1430000e1430000f36da800519c
881600007669000076690000bf0886008816
d655000015b90000d6550000ac99ed00d655
70240000b7ed000070240000e897d4007024
9fbf0000950100009fbf0004000000029fbf
63610000c8e2000063610000ecc6a2006361
31697defda6d63f0da6d63f0cc5884bd3169
187ad9da69676bf269676bf24262c45a187b
38ad00008703000038ad00008058870038ad
b44300007bb500007bb50000f089df00b443
820c00001fee00001fee000080000000820c
5a6b0000a93b00005a6b0000c42ba9005a6b
bac50000113b0000bac500008c8fe700bac5
bff60000bca00000bff880003d19c000bff6
311e00006d5a00006d5a00005f068c00311e
12fd000058fb000058fb00002c780f0012fd
948000006355000063550000b85500009480
e268000004410000e2680000a72ee800e268
a5f70000672d0000672d0000cda6eb00a5f7
4968f439385990a04968f4394245fa9f4969
700a000024bf0000700a0000554dec00700a
c9480000116f0000c94800009b3ab800c948
787600009608000078760000cf02b0007876
a22e9b6727ddf3ab27ddddd88a97625aa22f
b1f70000d6530000d653000048cb9500b1f7
13629efa8e7ace8713626046800000001363
cfabb99c1f63fcbbcfabb99caf98ef1dcfac
d8340000ab270000d834000043ead800d834
1be8000095ec00001be7f140800000001be8
f6da0000120a0000f6da0000c96b0800f6da
28740000be130000be130000a70c1c002874
8afd00003315000033150000800934108afd
6c9a567901273e736c9a56792e49a81e6c9a
0fe10bcea7f2cdbaa7f2cdba8000006b0fe1
8b660000194a0000194a0000800000008b66
3b99a4ea6ae0e4996ae0e4996706f97f3b9a
e80c0000e6010000e81410007f800000e80c
e1350000e1df0000e21cc0007f800000e135
51c7aa8330de6ad051c7aa83432d792c51c8
2fd700006b6300006b6300005bbea5002fd7
1e76000001a900001e760000000000001e76
ad7f00004975000049750000b7740b00ad7f
a80d0000fdb10000fdb100006642fa00a80d
cd0e00004c800000cc9c0000da0e0000cd0e
8f6e00003d7500003d7500008d63c6008f6e
5e530000c11200005e530000dff0ac005e53
c9ab0000378a0000c9ab0000c1b85c00c9ab
3c02163f24b684523c02163f21397e1c3c02
be159c2c66004ddc66004ddce495f72dbe16
c7da8b38e54262f9e54262f96da5f1fec7db
3853000048bc000048bc0000419af4003853
e6220000d2f40000e6220000799a6800e622
955c00003c0e00003c0e000091f41000955c
eec00000e5940000eec000257f800000eec0
8c5248d3c3f0d064c3f0d06410c5cf738c52
8d8d000028f8000028f80000800000118d8d
e47300005b170000e472ffdaff800000e473
0f7fc21e94c7939094c77398800000000f80
b3a30000cd570000cd5700004188e500b3a3
05f80000016b000005f875800000000005f8
778b000052e60000778b00007f800000778b
8e2cd9a7a7338d13a7338d13000000048e2d
7a160000a0a400007a160000db4030007a16
6f740000285f00006f74000058548c006f74
367b84ccd8ab6bc1d8ab6bc1cfa86b92367c
50b90000f0010000f0010000ff80000050b9
94ca00002824000028240000800205a094ca
c4fa3494868961b5c4fa34940c0645a2c4fa
0a76ed0627c653d227c653d2000000000a77
a9190000df650000df6500004908dd00a919
cdd20000a2ae0000cdd20000310ebc00cdd2
704100009d9f000070410000ce6fbe007041
5773d56d69f0b66069f0b6607f8000005774
752d0000d2250000752d0000ff800000752d
19bdf0558e13ff0719bdf0548000000019be
172500001d0000001d000a50000000011725
adac0000aba50000adb6500019ddb800adac
8554c5c6ba751e22ba751e220065dd298555
85c3000098d8000098d800000000000085c3
47020000a029000047020000a7aba4004702
275a000094650000275a000080006181275a
3e09b41b56de364656de3646556f0ec23e0a
474d0000eafd0000eafd0000f2ca9900474d
cf22893b58385c0c58385be3e7ea1a27cf23
467c00002ebf0000467c000035bc0400467c
2c53ceba018225922c53ceba000000002c54
85ed00002fca00002fca00008000000685ed
ef9c2773f1b1c068f1bb82df7f800000ef9c
b97b00002e110000b97afffea80e2b00b97b
7e200000982a00007e200000d6d480007e20
ec790000d6110000ec7900007f800000ec79
fc050000cc480000fc0500007f800000fc05
0aef000074e1000074e1000040520f000aef
99580000145600009957ca80800000009958
4eb80000017500004eb8000010b018004eb8
2d550000469300004693000034749e002d55
98e800000cec000098e7ffff8000000098e8
62782056717bff62717bff627f8000006278
74110000cd63000074110000ff8000007411
891a0000a9330000a933000000000000891a
4b4000002a8700004b400000364a80004b40
2549e75462895f8a62895f8a4858b04b254a
a38600005b8600005b860000bf8c4800a386
6b460000506000006b4600007c2d40006b46
d8a89d228655119ed8a89d221f8c5658d8a9
89470000038900008946eee0800000008947
19f50000525e0000525e00002cd4760019f5
43f80d0f307ef2d843f80d0f34f7084343f8
b80800000c4d0000b808000084d9d000b808
e54a000021530000e54a0000c7267e00e54a
289b57b35c01ca1c5c01ca1c451d83ab289b
ca2c0000a4d80000ca2c00002f912000ca2c
57aa0000cfdb000057a9ff25e8116e0057aa
246e8aee51dca74f51dca74f36cd9b4b246f
6df40000143500006df4000042ac84006df4
c95d0448c74e634fc969ea7d51322f2fc95d
2f7f0000f8780000f8780000e87708002f7f
efa20000cebf0000efa200007ef1bc00efa2
f448fdd94f8ab25af448fdd9ff800000f449
7832283550cd09dd783228357f8000007832
d9c50000f7eb0000f7eb00007f800000d9c5
4667000058960000589600005f875a004667
741700001272000074170000470ebe007417
fafe97f30b51ab90fafe97f3c6d084acfaff
c82500001ff20000c8250000a89bfa00c825
2bbe000008e700002bbe0000000000012bbe
17510000aac50000aac5000082a0d5001751
40ef6e9818ccfdb640ef6e981a3fb96c40ef
a4c2000065ed000065ed0000cb339a00a4c2
0418c77ef8e67f96f8e67f96bd898f600419
aa1c000026260000aa1b5a0090ca5000aa1c
b66c0000e7bf0000e7bf00005eb01400b66c
718c000008510000718c00003a649800718c
6a512a993d0b96896a512a9967e41a406a51
46a10000e4130000e4130000eb38e60046a1
f8050000f8ea0000f91640007f800000f805
15e8f89bbc398245bc39824592a8d23515e9
5fa10000cac800005fa10000eafb90005fa1
2224000058b9000058b900003b6d08002224
ffbe0000f1b500007fc000007fc000007fc0
e20bd59d7b9a3ccc7b9a3cccff800000e20c
ecfd0000d6060000ecfd00007f800000ecfd
04e80000545c0000545c000019c7600004e8
933c00005c9f00005c9f0000b0698800933c
db2884530491c097db288453a03fe373db29
d29a0000d2870000d310800065a26c00d29a
a4710000a8180000a818f1000d0f1800a471
41b20000411d000042004000435a540041b2
ac030000c9b20000c9b2000036362c00ac03
cd8b10f2a4307420cd8b10f2323fb577cd8b
95770000724d0000724d0000c845cb009577
7749fcd8ce2d840d7749fcd8ff800000774a
43ba00004a6400004a6405d04ea5a80043ba
958b00000b020000958afffc80000000958b
f844df539a35c0a9f844df53530bc60ff845
84982636d3959b9fd3959b9f18b1d5768498
85be8503b350f8ccb350f8cc0000026e85bf
e3c75fb0075cfd69e3c75fb0abac1b97e3c7
95479b632d1e782e2d1e782e82f71f389548
c8e60000a00c0000c8e60000297b9000c8e6
15978ca7014ffa7115978ca7000000001598
bf488f2c7dcda7587dcda758fda11dc1bf49
5e1500000ddc00005e1500002c800c005e15
adcb7eec9d5e34dfadcb7eec0bb0a218adcb
d0980000cb150000d09812a05c30f000d098
875d0000dc980000dc98000024833800875d
d4fa0000095c0000d4fa00009ed6d800d4fa
a86b0000840c0000a86b000000000000a86b
866f5294faa8c865faa8c865419dc988866f
98b567435d68d1cd5d68d1cdb6a4fa3f98b5
257d00006bff00006bff000051fc0300257d
772c0000ad400000772c0000e5010000772c
dd0c0000d4700000dd0c003c72034000dd0c
060e0000a8560000a856000080000000060e
f0c9e8dd31262774f0c9e8dde2830c1df0ca
3bdc0000d16d0000d16d0000cdcbac003bdc
efb9d871944b148cefb9d87144936d8cefba
ce7a000018aa0000ce7a0000a7a60400ce7a
e162b2042510bf8ce162b204c7002dc1e163
ee9a0000244a0000ee9a0000d3730800ee9a
d35800005517000055098000e8fed000d358
46d0000069330000693300007091700046d0
0c300000ccb10000ccb10000997360000c30
2b840000e8650000e8650000d46c28002b84
cab8f35ca319ceb9cab8f35c2e5e3d97cab9
b1f30000a1310000b1f3000013a80300b1f3
a680755a02e8964fa680755a80000000a680
1ae00000f75a0000f75a0000d2bec0001ae0
78a70000e0b9000078a70000ff80000078a7
3b9a0000280b00003b9a000024273c003b9a
020d000043d7000043d70000066cd600020d
355d000040ac000040ac000236947c00355d
c9b70000815c0000c9b700000b9d4400c9b7
8cf500008c5d00008d31c000000000008cf5
8468000057890000578900009c7850008468
7e9400005c3c00007e9400007f8000007e94
640177147aa69c1b7aa69c1b7f8000006401
58c7cb9aa3fd684a58c7cb9abd45c59c58c8
e4940000bfa10000e494000064ba2800e494
c16000006794000067940000e9818000c160
f88f000036bd0000f88f0000efd32600f88f
3e58873c6e5d216a6e5d216a6d3b09023e59
6b3600005d8f00006b3600007f8000006b36
e36415d2763589c3763589c3ff800000e364
6e4800000f3a00006e4800003e1150006e48
9324000097ea000097ea5200000000009324
db9800001b2c0000db980000b74c4000db98
7109000060190000710900007f8000007109
ec81ea6c556d2272ec81ea6cff800000ec82
a5bc000024a70000a59240008af54800a5bc
77b22a46f22e234b77b21482ff80000077b2
cb840000681d0000681d0000f421e800cb84
fcdd000009fa0000fcdd0000c757d200fcdd
cc0b0000bf1c0000cc0b00004ba96800cc0b
e5450000a53a0000e54500004b0f2200e545
41f10000089e000041f100000b14be0041f1
b837000047b6000047b60000c0821a00b837
4893000003810000489300000c9426004893
139a0000336f0000336f0000078fc600139a
064e000047880000478800000e5ae000064e
dfc400000b7f0000dfc40000abc33c00dfc4
d9b20000a67c0000d9b2000040af3800d9b2
35fa00007fbd00007fc000007fc0000035fa
ba5e2816f309dd1ef309dd1e6def46adba5e
0944c3b4f1bdc040f1bdc040bb91d8400945
39670000e0220000e0220000da122e003967
0769000067240000672400002f1544000769
faee000056760000faee0000ff800000faee
f98b0e6a9ad07cd5f98b0e6a54e27f0af98b
6bed0000370000006bed0000636d00006bed
09260000f5ca0000f5ca0000bf82fc000926
0b3700000c3400000c61c000000000000b37
512d25bd5dd18e515dd18e516f8dbc11512d
b3ca9bdbc4e237c0c4e237c0393309b7b3cb
49a835bbc623b7e449a6ee4bd057261549a8
7d3600006a7200007d3600007f8000007d36
b50100003f6000003f5ffff8b4e1c000b501
88cf0000e6d50000e6d50000302c3b0088cf
efafd0b6f8ea0749f8ea07757f800000efb0
e97900005c210000e9790000ff800000e979
65610000472c0000656100006d172c006561
1a280000b3a70000b3a700008e5b30001a28
8b9e000037f9000037f900008419ae008b9e
fe4061fd57b22abcfe4061fdff800000fe40
b3745b8b39189e3d39188ef7ad11ad65b374
62f4c51d28913af162f4c51d4c0adc0162f5
eff2e978117d56f1eff2e978c1f0633beff3
6b0f0000e37b00006b0eff05ff8000006b0f
691bc2ca3ad3ffe6691bc2ca6480fd3f691c
08458e0a3625c31b3625c31b000ffd640846
df040000271c0000df040000c6a0e000df04
d64e7757d1439041d64ea83b681db93fd64e
a43f5972ed353580ed3535805207723ba43f
271b0000e8380000e8380000cfded000271b
d368a044bd2749a4d368a04451180377d369
b2c00000b6af0000b6afc0002a034000b2c0
d3f80000ef810000ef8100007f800000d3f8
8f6f271dbeaff9eebeaff9ee0ea465388f6f
7f620000a8d400007f620000e8bb28007f62
6f090000618100006f0900007f8000006f09
c013a1fdb263d0aac013a1fd330360f9c014
60c51effa2ea8df960c51effc4349ba760c5
0ff5da1fe4ca8b09e4ca8b09b54283a30ff6
aded00006d8c00006d8c0000dc019c00aded
cee5c835b10609e3cee5c83540709f57cee6
e34400003c170000e3440000dfe73800e344
6f670000405200006f670000703d7e006f67
6fcd0000357b00006fcd000065c8ff006fcd
f867000046000000f8670000fee70000f867
ae530000e1fc0000e1fc000050cfb400ae53
6d8a05486edf85236f01033a7f8000006d8a
e5530000460e0000e5530000ebea1400e553
153d000003d50000153d000000000000153d
edb5000066eb0000edb4fc54ff800000edb5
ef3d00005a710000ef3d0000ff800000ef3d
455000003d300000455000b0430f00004550
9ed9000055e5000055e50000b5421d009ed9
e1650000d4ef0000e165000076d5cb00e165
1aabad24cd7d1a5ccd7d1a5ca8a9bbca1aac
599f307a989721ca599f307ab2bbf536599f
15a28260faeb1f6ffaeb1f6fd11541a215a3
4cb00000f3dd0000f3dd0000ff8000004cb0
160600001ecb00001ecb0043000000021606
bce600004b2400004b240000c8935800bce6
bf169cfb85d8aba8bf169cfb057ef2e3bf17
6e4b00007d0300007d0300007f8000006e4b
9041e9fda020f382a020f382000000009042
fffe00009f9700007fc000007fc000007fc0
ad612d564f82cbc94f82cbc9bd66188bad61
4c8200003b0e00004c820000481038004c82
699b000086a80000699b0000b0cb7000699b
8f181fde730e61ef730e61efc2a937be8f18
a06900000ad50000a069000080000000a069
68af0ac6368e814568af0ac65fc2e0bb68af
071100005c2100005c21000023b662000711
9536000091e500009537ca00000000009536
d97500008e7a0000d9750000286f4200d975
6684ba8b9fec00926684ba8bc6f4b8886685
82d900005c4d00005c4d00009fadc50082d9
a3390000c4470000c4470000280fcf00a339
37630000837f00003763000080001c443763
53e400005030000053e56000649cc00053e4
1ef1000093ac00001ef0fffd800000001ef1
45080000a751000045080000acde10004508
d2ac9f27bf3ec57cd2ac9f275280a349d2ad
6065b39b1abfb7966065b39b3bac05bb6066
288cda0ee9a68835e9a68835d2b740ac288d
c4d00000fb670000fb6700007f800000c4d0
b8fb000092a60000b8fb00000c22c200b8fb
67befc36ba975a2967befc36e2e1d40e67bf
1beb000058d0000058d00000353ef0001beb
b5d7f6f501f48fcab5d7f6f580000067b5d8
a1f40000a4150000a41ca000068e0400a1f4
5f78000044d600005f78000064cf50005f78
34ef0000fca70000fca70000f21be90034ef
abb65b4b08262594abb65b4b80000000abb6
c628000025b80000c6280000ac718000c628
4439ccfde7f0f734e7f0f734ecaee398443a
7429768033bd010274297680687a3a4f7429
a33200009e8c0000a33246000242b000a332
eb3f000045a90000eb3f0000f17c2e00eb3f
015e2533900cf834900cf83480000000015e
6dd228d5562169ca6dd228d57f8000006dd2
e9f2000019870000e9f20000c3ff3c00e9f2
64b15c8bf69346a8f69346a8ff80000064b1
6c012ed0ac46d24b6c012ed0d8c8a8a66c01
98990f95cdfae09ccdfae09c2715ff829899
be220000064f0000be2200008502fe00be22
e2c74847ed4ada04ed4ada0a7f800000e2c7
e4cf00004e800000e4cf0000f3cf0000e4cf
83dd0000b5350000b53500000000027183dd
3f9d6dbc6ee7b7ac6ee7b7ac6f0e7ef83f9d
aeb00000a2380000aeb00000117d0000aeb0
04f50000ec640000ec640000b1da340004f5
47e49d0015f393d247e49d001e59850947e5
332000002c5d000033200374200a20003320
640c000092f20000640c0000b7845800640c
a60c00004f5000004f500000b5e38000a60c
a39b18d9713dcfc1713dcfc1d565fe6ca39b
641501e0246f821f641501e0490b687d6415
418d2360300dbde9418d2360321c4a5f418d
9db20000023300009db20000800000009db2
f23c00008fbc0000f23c0000428a1000f23c
5c0f0000824700005c0f00009ede52005c0f
a21e00008d0c0000a21e000000000000a21e
f43ac186ee6a2d3bf43ad0297f800000f43b
7b730000120900007b7300004e020b007b73
d7ac0000e4c80000e4c800007d066000d7ac
347900002abd0000347900181fb7d5003479
61f95bb5cb7e016661f95bb5edf76a5a61f9
12620000166700001667e200000000001262
3e9be91d371cef1c3e9bea57363f275b3e9c
93ec0000f3e60000f3e600004854080093ec
46470000288a0000464700002f568c004647
7cb30000abc700007cb30000e90b25007cb3
447a48d01466dbe2447a48d01961b464447a
854b00001eec00001eec000080000000854b
36570000fe6e0000fe6e0000f547e2003657
c0565c961dfe2ca0c0565c969ed4d53bc056
c1b10000c41d0000c422880046591a00c1b1
abd60000e3530000e35300004fb06200abd6
9e4a65045f1a8c3a5f1a8c3abdf45f439e4a
747f0000d2e60000747f0000ff800000747f
e3110000aefa0000e3110000528d9a00e311
9ea0364af4d40e3ef4d40e3e5404b5df9ea0
1363000092230000133a4000800000001363
59aa0000b5fa000059aa0000d026040059aa
86a9000098a9000098a900000000000086a9
34deffca3d4d76363d4d76a532b2f9ce34df
fe05000006160000fe050000c49bdc00fe05
3cd20000cb790000cb790000c8cc42003cd2
750eb0b5d2ab9c7f750eb0b5ff800000750f
1239db0660941a9460941a9433570bd6123a
c45f0000fd120000fd1200007f800000c45f
df8a7dc2d5e08f21df8a7dd075f2f6f0df8a
bedc000026930000bedc0000a5fca800bedc
e771c61158b9fbe9e771c611ff800000e772
8e820000097400008e81e180800000008e82
1f1e00007b3600007b3600005ae0a8001f1e
0f6bf51f29553e2829553e28000001890f6c
34a80000a70c000034a800009c37c00034a8
6cf932b1521910256cf932b17f8000006cf9
b7112904f3b43ef7f3b43ef76b4c6916b711
cfc80000bd1c0000cfc800004d73c000cfc8
49cf0000fbef0000fbef0000ff80000049cf
107400004a5000004a5000001b4640001074
f94e0000b4130000f94e00006dec9400f94e
046f00000b5000000b5003bc00000000046f
876b00003c5e00003c5e0000844bca00876b
c78a063b2a4080dfc78a063bb24f944fc78a
3428000047100000471000003bbd00003428
612b00008b790000612b0000ad265300612b
9ebe85443f3360213f3360219e857eb99ebf
41630000f7b70000f7b70000f9a245004163
309b0000d6ac0000d6ac0000c7d04800309b
93310000cacb0000cacb00001e8c5b009331
d61c0000626500006264fffff90b8c00d61c
b307a562915c6e6eb307a56204e99947b308
c379000026540000c3790000aa4e3400c379
1a0a00000fef00001a0a0007000000001a0a
2d1ab0030c0d01ab2d1ab003000002aa2d1b
21bdd8462fe447e82fe447e8122949f121be
5f1b79b4ef4e1e08ef4e1e08ff8000005f1b
a8a60000b4cb0000b4cb00011e03a200a8a6
2dd500006e9600006e9600005cf99c002dd5
479e0000f7ff0000f7ff0000ff800000479e
5a720000b26500005a720000cd587a005a72
7b0100005ab600007b0100007f8000007b01
8f250000f8960000f896000048415c008f25
4fd50000ce9100004fb0c000def14a004fd5
d80b00008cc60000d80b000025570400d80b
d88ace6da4073f1ed88ace6d3d12aa29d88b
b000576081f76cebb000576000000000b000
126f0000cd9c0000cd9c0000a091a400126f
0bf20000982b0000982b0000800000000bf2
54466e0d495801f254466e105e276e5d5446
e8d5000042a30000e8d50000ec079f00e8d5
a32d00004101000041010000a4ae5a00a32d
dc1c0000bacd0000dc1c00005779d800dc1c
b3d04fce3ff1eefe3ff1eefdb444dd9ab3d0
b98b0000a8a30000b98b000022b10200b98b
02e40000497c0000497c00000ce0700002e4
5e0a3523ff3cf71eff3cf71eff8000005e0a
627f00004e0f0000627f0000710e7100627f
5f29c6489fcdfb795f29c648bf889a8d5f2a
2cf700000e5300002cf70000000032e52cf7
c35f00000e110000c35f000091fc9e00c35f
ce1f00002de10000ce1f0000bc8bbf00ce1f
e97fd5f778c55dc678c55dc6ff800000e980
b0e9b7e8e6e7d70fe6e7d70f5853a949b0ea
efd7000045f80000efd70000f6504800efd7
563a000013870000563a00002a442c00563a
4d447dbb5b2062de5b2062de68f634ef4d44
b7a31cfa6c7bd5726c7bd572e4a07569b7a3
16800000ef2f0000ef2f0000c62f00001680
35140000119a000035140000073210003514
dcd63bd9056b5246dcd63bd9a2c4edcadcd6
4b620000b48500004b620000c06ad4004b62
c9d900009f710000c9d9000029cc4900c9d9
895a00007fbc00007fc000007fc00000895a
938d000046340000463400009a464800938d
dcec0000f7850000f78500007f800000dcec
c9ed4ae71f605fcac9ed4ae7a9cffa54c9ed
91640000b18b0000b18b0000037798009164
2f4500007347000073470000631923002f45
143b0000cdf30000cdf30000a2b18100143b
175d000049a8000049a8000021910800175d
82440000e3260000e326000025fe30008244
bc230000be1a0000be2430003ac41c00bc23
13c9000017e9000017e9c9000000000013c9
52a10000e00c0000e00c0000f330180052a1
45c4000071c3000071c3000078154c0045c4
dfce0000d85d0000dfce01ba78b1d600dfce
e7d7c940a3019fbee7d7c9404b5a861fe7d8
013200005bfd00005bfd00001dafea000132
c68f00002f070000c68f0000b616d200c68f
73620000aef3000073620000e2d686007362
e6b6e8d2210181bee6b6e8d2c839100ae6b7
635f0000c7150000635f0000eb01cb00635f
11b80000a3b40000a3b400008000000411b8
8f32337abb439645bb4396450b0825d08f32
c71a0000289a0000c71a0000b0394800c71a
eed300008d4b0000eed300003ca75100eed3
716026f7311a3435716026f7630705277160
8f2200007da200007da20000cd4d08008f22
66240000103d00006624000036f228006624
c7f20000c8310000c895000050a75200c7f2
06666f538ee1c22d8ee1c1ba800000000666
14130000cba80000cba80000a040f0001413
fad6000089690000fad6000044c2c600fad6
d020000088390000d020000018e74000d020
4ff500007b1700007b1700007f8000004ff5
56fe000031e8000056fe00004966300056fe
20416c70e7866053e7866053c84b0f142041
43b80000ed240000ed240000f16bc00043b8
af2400000c0c0000af24000080002cd8af24
ed380000b0c60000ed3800005e8e5000ed38
c7e9f5702cd819a4c7e9f570b5457e85c7ea
255d0000b2c50000b2c5000098aa1100255d
487100007d6900007d6900007f8000004871
72a60000625b000072a600007f80000072a6
c9fc02bb48d9b2d2c9c59606d3564e59c9fc
706a0000aa290000706a0000db1a7a00706a
6aec0000978c00006aec0000c30110006aec
65090000ad6d000065090000d2fdaa006509
fb6c000062a50000fb6c0000ff800000fb6c
34362c89ea234768ea234768dee862573436
774e0000f3ee0000774c2400ff800000774e
94ee0000ac5c0000ac5c000001cc880094ee
70c70000e511000070c6ffffff80000070c7
63424bdabac886bf63424bdade9831876342
8350459c5406396b5406396b97da664c8350
690f26396e6d8d286e6db0f27f800000690f
12510000bce90000bce900008fbe39001251
0faa7c947f8dfaed7fc000007fc000000faa
de2400003cc70000de240000db7ef800de24
0682bb43545c4585545c45851b60f8dc0683
6b6900002ea400006b6900005a9544006b69
38ab04085ddfa00d5ddfa00d5715636e38ab
60064562cd39c32a60064562edc2dd016006
b7c2b62ec4f9b474c4f9b4743d3dec73b7c3
0f5c1f8acafb3252cafb32529ad7fe310f5c
b83f00000cd30000b83f0000859d6d00b83f
f94956e1203916e8f94956e1da1191cdf949
b311000097860000b31100000b17cc00b311
dc240000f8690000f86900007f800000dc24
95c30000cc3a0000cc3a0000228dae0095c3
17010000dc910000dc910000b41222001701
75c10000dca8000075c10000ff80000075c1
b18dcd76eaee6c9feaee6c9f5d04112eb18e
afadd1cccc570a7acc570a7a3c92024fafae
c8f000003d760000c8effffec6e6a000c8f0
7d4100000fed00007d4100004db2ad007d41
60ab13c5ee5e839fee5e839fff80000060ab
71670000fc8a0000fc89fffeff8000007167
5aaf02dfda65f97359f01896f59d381a5aaf
c9ed600cc6478e25c9eeef2850b90977c9ed
089c00009d1200009d12000080000000089c
44670000d06d0000d06cffffd555db004467
974410909e9b9bcd9e9b9d55000000079744
57b95afcc6520a1057b95afcde9813ec57b9
cc26000053c7000053c6feb4e0810a00cc26
09cf954f296bc785296bc7850000000009d0
811e388e9f7fdccb9f7fdccb00000000811e
49f10c4fa33fb52f49f10c4fadb482c949f1
69b10000c3a3000069b10000ede1660069b1
3f05b7014672a5cb4672a7e245fd7b303f06
90110000fdb70000fdb700004e4f4e009011
5ab500002e9700005ab5000049d586005ab5
c608000098250000c60800001eaf5000c608
63d8ecd13294755263d8ecd156fb98a563d9
55e9f4d22eb3066f55e9f4d245239c1055ea
ce1575e1d5402a1dd5402c7363e061fece15
9edb4d406433a9d16433a9d1c399e87d9edb
16030000f9420000f9420000cfc68c001603
2150000054bd000054bd0000369990002150
61f000005890000061f000247b07000061f0
23b6000057210000572100003b64ec0023b6
79c90000aa05000079c90000e450da0079c9
36550000d1640000d1640000c83db4003655
24950000f37d0000f37d0000d89341002495
c573455b1f65aa7ec573455ba55a3f0ec573
fc6800004b100000fc680000ff800000fc68
da7e00005a9a000059580000f598cc00da7e
530100006eb500006eb500007f8000005301
9dce0000735a0000735a0000d1af6c009dce
f8a80000acf40000f8a8000066202000f8a8
e5ad000018360000e5ad0000be75fc00e5ad
a52000000a9c0000a520000080000000a520
e4bb0000ed2d0000ed2d005e7f800000e4bb
8523547404c3a06c8483087c800000008523
5da3000068a6000068a600037f8000005da3
4a44ef01c07d87be4a44eef1cb4308a04a45
2c740000b11e0000b11dc3009e1698002c74
0396577e7e221c137e221c13423e67b50396
9f5c0000a1ba0000a1c0e000019fd8009f5c
d24700005649000056483900e91c3f00d247
bab50000bd160000bd1ba80038541c00bab5
5f79000099f900005f790000b9f231005f79
5ff8bf076e884b726e884b727f8000005ff9
6e7c00001eb700006e7c00004db424006e7c
bf960000eb890000eb8900006ba08c00bf96
3a02fde7310bf5883a02fe0a2b8f3afe3a03
94f1d20169777bec69777becbee9c6ae94f2
83c7000023130000231300008000000083c7
6afa000034b500006afa00006030c2006afa
4691e7fc36d576664691e7fc3df352ff4692
bab2000083d30000bab20000001256c0bab2
7621323f0f1a5a5e7621323f45c262427621
697100008cce000069710000b6c1ee006971
d3e0bbbcfeb12542feb125427f800000d3e1
adfedd1596888948adfedd150507ee1fadff
a76f0000811f0000a76f000000000000a76f
a6a47f93401b6f32401b6f32a747c163a6a4
9fee77d47378353073783530d3e735a19fee
ed830000bc180000ed8300006a1b9000ed83
53900000f9f90000f9f90000ff8000005390
c4920000078a0000c49200008c9d6800c492
e48589d10bc20c3fe48589d1b0ca71a7e486
e62e000084d90000e62e00002b937e00e62e
8f530000eb330000eb3300003b1389008f53
f98200006b200000f9820000ff800000f982
8dc10000a2780000a2780000000000008dc1
d54000001e5d0000d5400000b425c000d540
48ce5ddad8e20aa2d8e20aa2e236376d48ce
edd4df5373e862da73e8558cff800000edd5
f99b0000227f0000f99b0000dc9a6500f99b
ca8000006c9900006c990000f7990000ca80
93be000073e6000073e60000c82ab40093be
a85100006fe100006fe10000d8b7b100a851
300300001c2c0000300300000cb008003003
d7f5000041960000d7f50000da0f8e00d7f5
c5ed3cb4eb124b74eb124b747187928bc5ed
f27c0000d2260000f27c00007f800000f27c
4ed40000728a0000728a00007f8000004ed4
0c4fda008293ab3c0c4fd9ee800000000c50
a34d0000ca2d0000ca2d00002e0a8900a34d
e6d870d2e34264a7e6d9f59b7f800000e6d8
a74a000094a30000a74a00000000809ea74a
44ef000022b3000044ef000028271d0044ef
78cf4c41bae3a2de78cf4c41f438548078cf
d54ea05a3edf4d87d54ea05ad4b43c42d54f
75a60000afbe000075a60000e5f6680075a6
c556000048b1000048af5400ce93f600c556
6cd20000ac3000006cd20000d99060006cd2
78a10bfc350762d478a10bfc6e2a56fc78a1
f14514b5b71aeef1f14514b568ee8ccff145
f8940000d1280000f89400007f800000f894
f99100001d220000f9910000d7378400f991
17da000087bb000017da00008000000017da
d282137c3725e614d282137cca2896edd282
62740e9ff96aa7e8f96aa7e8ff8000006274
f8510000d0410000f85100007f800000f851
f49c1e0066a9b6d4f49c1e00ff800000f49c
bbac0000aa2b0000bbac00002665c800bbac
b1f6c0d200620d3db1f6c0d280000000b1f7
353e00005b0900005b09000050cb5c00353e
fbdb0000238f0000fbdb0000dff4aa00fbdb
7d730000d7d600007d730000ff8000007d73
72210000312200007221000063cbc4007221
59980000c3f4000059980000de10e0005998
8fa4a88bd7fac9dad7fac9da28214e6c8fa5
034b606bdec7b145dec7b145a29ea4c8034b
0c92965685f2121c0c92928e800000000c93
01a0000081f60000812c00008000000001a0
81856f46e9512967e95129672b5a0ad98185
fa8ce7904761b651fa8ce790ff800000fa8d
17a164637a1860737a186073524020d217a1
3e9c000073cc000073cc000072f8a0003e9c
c9888df223b56a9fc9888df2adc18a77c989
cac500003a0c0000cac50000c5577800cac5
8e9d0000d9760000d97600002896de008e9d
3beb000073e1000073e10000704e8b003beb
385d0000b0460000385cff3aa92aee00385d
feb82852f35f7f48feb828547f800000feb8
00d00000a7d00000a7d000008000000000d0
edd90000bd810000edd900006bdab200edd9
731964a7e099a52d731964a7ff8000007319
557f00004f4f0000557f0cf0654e3100557f
ff92000078f600007fc000007fc000007fc0
5b8700000f8300005b8700002b8a2a005b87
da050000dfb00000dfb010a07a36e000da05
51fc9e7d16e243d651fc9e7d295f46db51fd
a5bd7280897e5eaba5bd728000000000a5bd
08870000357b0000357b0000000845d00887
8c2554a9d2b9dc5dd2b9dc5d1f7010fe8c25
b8da000007790000b8da000080d40a00b8da
e2a800004cf40000e2a80000f0202000e2a8
13dd0000520e0000520e000026752c0013dd
7a2a00008b1000007a2a0000c5bf40007a2a
8962cb0d741ea206741ea206be0c88dc8963
db2f67c400bbcb83db2f67c49c80ac3ddb2f
e46d000005c50000e46d0000aab66100e46d
48e74610ff08db2fff08db2fff80000048e7
def30000fc130000fc1300007f800000def3
062c00005ea800005ea800002561c000062c
0f83000027610000276100000000001d0f83
0c070000d1f20000d1f200009e7f3c000c07
b6f500006e1000006e100000e589d000b6f5
4bb30000ec370000ec370000f87fea004bb3
2a8afff5c9337baac9337baab442e83b2a8b
a9d5d6748a5ff251a9d5d67400000001a9d6
7e740000d34400007e740000ff8000007e74
65c50000180d000065c500003e59020065c5
23242e0507a8a26c23242e05000000002324
24580000b2780000b2780000975140002458
3aff0000b26c00003afeff8aadeb14003aff
115a0000a6040000a604000080000038115a
59b50000c7db000059b50000e21ad70059b5
904d0000f0e30000f0e3000041b5c700904d
ef6100003e550000ef610000ee3b3500ef61
038300005d5200005d5200002156ec000383
af1e2da40d9c379daf1e2da480018219af1e
82b197adb9bbee0cb9bbee0c000104be82b2
2e095605036c9d252e095605000000002e09
27697629209b279c27697b02088d7eaa2769
f7500000f3c30000f75186007f800000f750
b0c99e21137687c4b0c99e2184c228e0b0ca
51bf0000a2bb000051bf0000b50b850051bf
7f480000a88000007f480000e84800007f48
97a50000c3ab0000c3ab00001bdc6e0097a5
d5c10000b10d0000d5c1000047549a00d5c1
5cf42018f247c21bf247c21bff8000005cf4
e45c000044a80000e45c0000e9906000e45c
ff898ae4e4b2928b7fc000007fc000007fc0
f7b20000b6480000f7b200006e8b1000f7b2
eb940000fd4c0000fd4c00007f800000eb94
815d471f7bb748b17bb748b1bd9e6cac815d
e14c4df27a70dd847a70dd84ff800000e14c
1a2900009f2c00009f2bd5c08000038c1a29
d3c30000472f0000d3c30000db854d00d3c3
8deb0000e5500000e550000033bef0008deb
6d9900007bf500007bf500007f8000006d99
ea5613ba7c83fb4d7c83fb4dff800000ea56
ef5000007f9d00007fc000007fc00000ef50
487f000066770000667700006f760900487f
f2423856342ba882f2423856e7023b79f242
29c200009e7f000029c1fffe88c13e0029c2
e218000037590000e2180000da00d800e218
8ce20000f7710000f771000044d4c2008ce2
a7e19ab9e8ca119ae8ca119a51321399a7e2
a17700009d5a0000a177da00001a4ac0a177
220700007cbf00007cbf00005f4972002207
70e0a913b88f9dc970e0a913e9fc11d370e1
06e500007fee00007fc000007fc0000006e5
9d540000027e00009d540000800000009d54
da2b0c7a307256c5da2b0c7acb21ebc5da2b
0349f1f3ddf381b1ddf381b1a1c016f8034a
3d170000453100004531009742d0ce003d17
fd611814aac8eb27fd61181468b0a993fd61
629d00008a6a0000629d0000ad8f8200629d
1da67e55ecac5734ecac5734cae02b301da6
aab9f28d8675fdafaab9f28d00000000aaba
a38d985af911d032f911d0325d214ce5a38e
f2980000a5000000f298000058180000f298
a2710000f55a0000f55a0000584d3a00a271
13ac000054ba000054ba000028f9f00013ac
d84b000054d40000d8495800eda81c00d84b
00b600004c6a00004c6a00000da65c0000b6
a63c7c2b1bc45f1ba63c7c2582909517a63c
f3614b0afd25e407fd25e4157f800000f361
733300005a8c0000733300007f8000007333
13e8000026bd000026bd00000000156913e8
090300006a2b00006a2b000033af02000903
d59b31f417e1c219d59b31f4ae08dc92d59b
3c860000fc910000fc910000f997cc003c86
19750000b44a0000b44a00008e4152001975
e39b0000ddbd0000e39b0bd07f800000e39b
cb8379e5da072330da072330660aceb4cb83
5d3f000059e200005d40c40077a89e005d3f
a403b8b0fcd40247fcd40247615a2c3ba404
04900000087b0000087c2000000000000490
af8d7763257c0968af8d775b958b46b8af8d
e5070000cfdf0000e5070000756b3200e507
830300001066000010660000800000008303
1a4e00009c2100009c142000800000101a4e
f03d0000d4b20000f03d00007f800000f03d
26cb0000e81f0000e81f0000cf7c2a0026cb
fa81000016cf0000fa810000d1d09e00fa81
37413b13409fd767409fd77f38714c8e3741
d2bb0000b54a0000d2bb000048938e00d2bb
c7550000535600005355ffffdb320e00c755
4efaf8fe17a0579e4efaf8fe271d31844efb
b1e3952b89bcde7bb1e3952b000053f4b1e4
b684152f10312399b684152f8736ca07b684
5be30000e6cc0000e6cbfffcff8000005be3
6ffdef5c1d693e6c6ffdef5c4de75cc66ffe
413700006687000066870000684102004137
2f370000ee9d0000ee9d0000de6076002f37
b2e500008a410000b2e500000002b294b2e5
77c60000c6e7000077c60000ff32aa0077c6
f725367d51b709fef725367dff800000f725
b0350000dfb50000dfb50000507ff200b035
5f6200008bd800005f620000abbeb0005f62
bf170000f5740000f5740000750fec00bf17
272b2e18ddd509bdddd509bdc58e73dd272b
0ef7000072a4000072a40000421e3c000ef7
b0900000b6c50000b6c5090027dda000b090
34190000677b0000677b00005c1603003419
6513000076300000763000007f8000006513
652737e73eeb06ff652737e7649984e36527
e55e000082620000e55e00002843fc00e55e
f0c2f0137d0a15f97d0a15f9ff800000f0c3
063300000d3f00000d3f02cc000000000633
a2bc00007bef00007bef0000df2f8400a2bc
f1d7cfd6c9a883e3f1d7cfd67c0e0f93f1d8
058b00006aea00006aea000030fe1c00058b
ae380000380c0000380bfff4a6c94000ae38
6f19fea84962960a6f19fea879084d126f1a
ba350000e6860000e6860000613d7c00ba35
c3a9000031110000c3a90000b53f7200c3a9
de3a0000b8820000de3a0000573ce800de3a
e65a0000eafa0000eafa6d007f800000e65a
36ba0000059c000036ba00000000e2b036ba
6dd60000acbd00006dd60000db1dfe006dd6
a577658cc165f96dc165f96d275e3ee1a577
36ed00008e0a000036ed0000857f840036ed
21460000ae3b0000ae3b00009010a2002146
448100001f39000044810000243a72004481
d3c40000127d0000d3c40000a6c1b400d3c4
14720000eb950000eb950000c08cda001472
529ee0c255a4f93455a774b768ccc54a529f
5bcf59782c0187e95bcf59784851d4555bcf
79250000b656000079250000f009ee007925
e0eb00001c640000e0eb0000bdd14c00e0eb
4088000055740000557400005681a0004088
b5e70000a7150000b5e700001d867300b5e7
3cedfdd24bfbd0764bfbd076496a19a93cee
1227a71a0e788d2612289fa7000000001228
297900000d19000029790000000000132979
894d0000f9450000f9450000431dc100894d
be520000945a0000be5200001332d400be52
0dcc14ecb31d5fbdb31d5fbd817aea4e0dcc
c99a6562ce13c3d4ce14110758323ca5c99a
04760000dc760000dc760000a16c64000476
cff000008c1c0000cff000001c924000cff0
6a5bc7aed626593f6a5bc7aeff8000006a5c
a3ff000028370000283680808cb64900a3ff
dabcdcfbb4b2f5eddabcdcfb50040715dabd
7bd70000ddbb00007bd70000ff8000007bd7
06e90000cc930000cc9300009405cb0006e9
354fbbe471070b3871070b3866db2a5f3550
c43c00e13f3fe21cc43bd0e8c40ceab5c43c
c71f000089440000c71f000010f37800c71f
f6c90000484f0000f6c90000ff800000f6c9
4f69000065ea000065ea000075d4fa004f69
a6811dd5f514477ef514477e5c15929ca681
9798abcc074be04b9798abcc800000009799
b0310000f7410000f741000068057100b031
6b51d2a1e1ce25576b51d287ff8000006b52
cd2e00002b8f0000cd2e0000b9426400cd2e
7876000064b50000787600007f8000007876
f62f0000a2940000f62f0000594a5800f62f
67e700002405000067e700004c70060067e7
2967efa4470a2f1b470a2f1b30fa63b82968
dd4b6abc483765eddd4b6abce611ba4add4b
37e80000cb980000cb980000c409c00037e8
58fa83d9b6cc519d58fa83d9d047f0ee58fb
82d100006879000068790000abcb490082d1
4fe90000cabd00004fe8d0c0db2c05004fe9
1bdc0000a1c60000a1c5f240800551401bdc
42f2000002aa000042f200000620b40042f2
2fd20000cc720000cc720000bcc684002fd2
3d42e49c4936b8fd4936b8fe470b1b5c3d43
5f8d0000a70f00005f8d0000c71d86005f8d
6a4e27948964587f6a4e2794b437e2846a4e
6371000090b1000063710000b4a6a1006371
9b5315aff2fdb69ff2fdb69f4ed133029b53
39896590233bad5a398965901d4974743989
332600004c5900004c590000400cb6003326
13c7603dfd07916dfd07916dd1532a0513c7
5161223af3a377c6f3a377c6ff8000005161
fbc19a11f1dc6378fbc19a1f7f800000fbc2
611870a1e2f98839e2e67a25ff8000006118
45eb515b288b5caa45eb515b2f001a5a45eb
97780000de0a0000de0a00003605b0009778
82bf0000bcf00000bcf000000059880082bf
89d40000c90a0000c90a00001364900089d4
740c000068630000740c00017f800000740c
e60977867da63b787da63b78ff800000e609
f5fc000042b80000f5fc0000f9352000f5fc
a7910000da3e0000da3e000042573c00a791
160f3adfe00ddc60e00ddc60b69ebd72160f
af103cf0056f7172af103cf080000001af10
e35b9364de917f8ee35bdc247f800000e35c
adaf8e67842bef30adaf8e6700000000adb0
bfc500003d930000bfbbd000bde23e00bfc5
92774012b12e7da4b12e7da4042886e59277
ae0a6a31bbbff1bcbbbff1bc2a4f8fdcae0a
5ddf0000415800005ddf00005fbc28005ddf
b92a000099b20000b92a0000136c6800b92a
65d700001800000065d700003e57000065d7
aa175810005aabe5aa17581080000000aa17
bf4b000034030000bf4afffeb3cfc200bf4b
4241000080e600004241000083ad66004241
fedb00003b390000fedb0000fa9e4300fedb
4cf725d0ab03c5cb4cf725d0b87e6e9b4cf7
b56ff672b8a99416b8ab74032e9ef480b570
a67d00008d380000a67d000000000000a67d
8a28000085d800008a286c00000000008a28
f77d0000796a0000795a3000ff800000f77d
e16656eb359d7ab5e16656ebd78db1b6e166
4e4f0000dcd20000dcd20000eba9ce004e4f
ca29161359a0524859a05248e453c849ca29
0c2400003a9c00003a9c00000747e0000c24
8df453b84e64c81d4e64c81d9cda598d8df4
f99103e8a21ba7bdf99103e85c3058c4f991
8b3b7d02839c15368b3b7e3a000000008b3b
ab5a8527a5934da4ab5a9791117b7977ab5b
bae300008f090000bae300000a72f600bae3
e28000005b5b0000e27ffc94fe5b0000e280
3a5ba2ed1810fbe93a5ba2ed12f8c78c3a5c
56ee00006c0b00006c0b00007f80000056ee
d52200006a9c00006a9c0000ff800000d522
7fdc67db2da647a27fc000007fc000007fc0
84f203a66fbe43c46fbe43c4b533dec584f2
36130000e92e0000e92e0000dfc7d4003613
10365e0f6f9a73216f9a7321405c0d321036
3f3500009ed900003f3500009e996d003f35
0c88e3ddbcbbc394bcbbc39489c8ce0e0c89
f20f35438e937b25f20f3543412500f2f20f
45dfb4ff2462803845dfb4ff2ac5edd545e0
bce498c6330b9079bce498b5b0793febbce5
2aba0000467300004673000031b08e002aba
c55e000032fd0000c55e0000b8db6600c55e
104d00003f9000003f9000001066a000104d
7e580000156800007e5800005443c0007e58
ed88ffb99a5d4f92ed88ffb9486cdeb0ed89
1cb60000772900007729000054704c001cb6
6a3ccf52c9c1abca6a3ccf52f48ed7006a3d
e2e2328fd8339efee2e232957b9eb5d6e2e2
432c0000b76b0000432bffffbb1de400432c
52960000e6ef0000e6ef0000fa0c0a005296
97750000e5750000e57500003d6a79009775
767200008969000076720000c05c42007672
608205030d66c93c608205032e6a6d6a6082
97830000edc40000edc4000045c898009783
05ad00009d2900009d2900008000000005ad
719f0000d0eb0000719f0000ff800000719f
f0f7154383834e37f0f7154334fd76bef0f7
03d50000153b0000153b00000000000003d5
3587000001480000358700000000001a3587
1d5600004e9200004e9200002c7418001d56
6b0e00009c2100006b0e0000c7b29c006b0e
a553ba2736715b2036715b209c479d9ca554
17da0000e7e10000e7e10000c03f9a0017da
f9ed00006de90000f9ecffffff800000f9ed
b9ca000081080000b9ca000000001ad4b9ca
80f40000fd5a0000fd5a00003ecfc80080f4
e1f26604e59150b2e59243187f800000e1f2
cb560000587d0000587d0000e4537e00cb56
545a00006e2200006e2200007f800000545a
15d19111a4d5cb2ca4d5cb2c800015e115d2
2a5400003791000037910000227028002a54
57105b0681c797bf57105b06996118a65710
259ddb341e7426ee259ddd1c04968cef259e
52ea00009735000052ea0000aaa5720052ea
b1a800008e6b0000b1a80000009a3800b1a8
75163c16737d9ad5752615c37f8000007516
449d479c01737f7d449d479c0695994c449d
a75025bbf2512de7f2512de75a2a1420a750
15c8000058ad000058ad00002f07280015c8
7f340000d74700007f340000ff8000007f34
eae200006b2600006a540000ff800000eae2
08ba50f73aab24693aab246903f91d2a08ba
06f100005a8800005a8800002200080006f1
518a2e36e9814a7de9814a7dfb8b92fc518a
3e5a0000de470000de470000dd2976003e5a
fa530000fb170000fb4bc0007f800000fa53
0fb5000099e7000099e6fff5800000000fb5
50ee000024c1000050ee000036336e0050ee
1f8f0000e2a80000e2a80000c2bbb0001f8f
89360000d0410000d04100001a0936008936
8d7e0000806a00008d7e0000000000008d7e
604a000030ae0000604a000051894c00604a
ea870000aaf40000ea8700005600ac00ea87
fe060000372a0000fe060000f5b1f800fe06
a1ae0000852e0000a1ae000000000000a1ae
8ca0a0bbacbb75bcacbb75bc000003ad8ca1
1355000078e9000078e900004cc1dd001355
0de30000d1330000d13300009f9eb9000de3
43c64024527234c8527234c856bb918243c6
38440000f1710000f1710000ea3884003844
609a0000b0c10000609a0000d1e83400609a
c4ac0000de110000de1100006342d800c4ac
1c8b4e0219e024dd1c8ece950000000f1c8b
d4cf00007193000071930000ff800000d4cf
a6ad00003b5a00003b5a0000a2935200a6ad
838900007001000070010000b40a12008389
d87c0000bfa50000d87c000058a26c00d87c
bfd10000dd740000dd7400005dc73400bfd1
7fd5cdb94bdc36197fc000007fc000007fc0
89444e73ea3f0f7dea3f0f7d341282688944
f8750303e0323056f87503037f800000f875
58086709f6a4967bf6a4967bff8000005808
b901e8460bde46c5b901e846856196acb902
616b00001fa00000616b00004192e000616b
ef25590ad04bca92ef25590a7f800000ef25
ad6c8378be93b34dbe93b34d2c887525ad6d
7dc600009ee600007dc60000dd31e4007dc6
db6800004e080000db680000e9f68000db68
61ff09a0b70fe14c61ff09a0d98f56d461ff
18360000bdf30000bdf3000096acc2001836
bffd0000b2be0000bffd0000333bc600bffd
e09b00005ad20000e09af2e0fbfe4c00e09b
a8ba0000c7120000c712000030542800a8ba
2c8e0000beb50000beb50000abc8cc002c8e
2c630000b2f00000b2eff8e89fd4d0002c63
299e000010300000299e0000000006ca299e
044000009bc300009bc30000800000000440
49c00000cf400000cf3fe800d990000049c0
cd50000032090000cd500000bfdea000cd50
bfb600009da30000bfb600001de7c400bfb6
5b3be8da33caccc05b3be8da4f94dc075b3c
3823501a1fe9a9323823501a18950fd73823
fed200002bb10000fed20000eb113200fed2
7a7a00005bc400007a7a00007f8000007a7a
f27d0000096e0000f27d0000bc6b3600f27d
4a470000ce3a0000ce393900d91096004a47
44d800003f70000044d81e0044ca800044d8
6152000032e100006152000054b892006152
81860000a5570000a5570000000000008186
c2dc000024fe0000c2dc0000a85a4800c2dc
55fc00004fda000055fc0da06656980055fc
d0620000c2c40000d062000053ad0800d062
3dc30000629b0000629b000060ec22003dc3
4b34efb1eb6625daeb6625daf722aa1a4b35
24b292edc186544dc186544da6bb676c24b3
3d030000f20b0000f20b0000ef8e42003d03
89c0ab58f294d543f294d5433ce0072089c1
c85e0000ff5a0000ff5a00007f800000c85e
bfe791b9a20720f4bfe791b92274774fbfe8
4706bb4f7973015b7973015b7f8000004707
a5260000f8b80000f8b800005e6ea000a526
bdf229a21b8ec23ebdf229a29a070ad6bdf2
43e20000d51d0000d51d0000d98a9a0043e2
aa2c00000eae0000aa2c0000800001d4aa2c
a4160000d4640000d464000039059800a416
4ba0ca1dbfe6280f4ba0ca1ccc108ebf4ba1
a25126ab5da9187e5da9187ec08a2689a251
b701c0a003a7c2b7b701c0a080001542b702
a7c35adb89bf8218a7c35adb00000000a7c3
f7e600002be50000f7e60000e44dbe00f7e6
e3400000965f0000e34000003a274000e340
ac8c0000a2a90000ac8c000b0fb8d800ac8c
d86f000002130000d86f00009b093d00d86f
16de5da9fc9d7bbdfc9d7bbdd408caec16de
d8b100009bfe0000d8b10000352f9e00d8b1
83e8013e8a810bf08a810f900000000083e8
4c31283adb5e614fdb5e614fe819e4394c31
f8f20000c56c0000f8f200007edf1800f8f2
5a560000f3410000f3410000ff8000005a56
37aa000076660000766600006e98bc0037aa
8a400000081500008a36b000800000008a40
cd6e000014e10000cd6e0000a2d12e00cd6e
a7b011c6db5ae65fdb5ae65f43968d94a7b0
aea900009bf10000aea900000b1f1900aea9
bd6e0000458a00004589ff89c3804c00bd6e
3a140000dc180000dc180000d6afc0003a14
2bca9dd01e9768342bca9dd00aefab1e2bcb
410000008030000041000000814000004100
5e980000b5ce00005e980000d4f4a0005e98
d6baf0af8d527af0d6baf0af2499b336d6bb
d3cc00008a430000d3cc00001e9b6400d3cc
2b44da5ceaa15764eaa15764d678210e2b45
30ac00002b4c000030ac19801c89100030ac
da411849917dff81da4118492c3f95b9da41
b60936ed0bb715e6b60936ed82444400b609
782900003e2600007829000076db2c007829
1a1b0c5da8128a23a8128a2382b1816e1a1b
1e32000062fc000062fc000041af38001e32
f2310000475e0000f2310000fa197e00f231
f65200009f590000f652000056320200f652
441ec743b938b8a4441ec740bde5237a441f
506dab7f6be65bf56be65bf57cd5dd74506e
3b680000e0970000e0970000dc88d8003b68
433100002459000043310000281609004331
5b7f0000083000005b7f0000242f50005b7f
61b20000ab33000061b20000cd78ec0061b2
feb90000679e0000feb90000ff800000feb9
6a520000b90400006a520000e3d890006a52
100b0bb4ccb5b519ccb5b5199d456346100b
c7a600000bf50000c7a60000941ede00c7a6
b9330000aa8d0000b933000024452e00b933
1b81000053ef000053ef00002ff0de001b81
30a900003a3000003a3000152b68600030a9
0b34ed1587c87f530b335c16800000000b35
4769354568619b9968619b99704d85904769
8f710000f8540000f8540000484794008f71
ae64ca0ba46f7a49ae64ca1a135605eaae65
b1baf909be333387be3333873082e1c4b1bb
d67000004b040000d66ffffee1f78000d670
7dba7919ee74849e7dba7919ff8000007dba
f1f80000fbde0000fbde00107f800000f1f8
3b93a0f55e2c3d6e5e2c3d6e5a46a7233b94
18710000c7760000c7760000a06796001871
6ac70000affd00006ac70000db44ab006ac7
8a3d54952bf556052bf556058000000b8a3d
a62e0394df363813df36381345f7b952a62e
060c000014f1000014f1000000000000060c
96da0000ada80000ada80000050f100096da
1d1e000070eb000070eb00004e910a001d1e
049b8535153644701536447000000000049c
aa7a00005910000059100000c40ca000aa7a
afe173727f9b56b67fc000007fc00000afe1
a1e6000004720000a1e6000080000000a1e6
ae3f3d83ae44d11daec207501d13074fae3f
c672d8fdae94c441c672d8fd358d1f9ec673
0d403ef8aecfecabaecfecab80009c250d40
d0ce000088180000d0ce00001974a000d0ce
40a955475034bfa45034bfa4516f1d7240a9
eb6a0000cf0e0000eb6a00007b01cc00eb6a
f2eb0000467f0000f2eb0000f9ea1500f2eb
b2d10000e82f0000e82f00005b8edf00b2d1
f18e0000d9ca0000f18e00007f800000f18e
8dbfcf8d44f03ca744f03ca7933400068dc0
5cbd442a2dffdd865cbd442a4b3d2aad5cbd
a79b0000ff140000ff14000067333800a79b
56f3a76b627b1b96627b1b9879eeff6756f4
d9320000f3200000f32000007f800000d932
233472d589075a24233472d5800000002334
518000009e23000051800000b02300005180
d1a19425e485a511e485a51176a8b44dd1a2
1c545e0c1c19a02e1cb6ff1d000000ff1c54
c003afcbe1e2c099e1e2c09962694888c004
e8411e28486ed407e8411e28f13429fbe841
9d5c0000c21f0000c21f00002008a4009d5c
3c98000090a000003c9800008dbe00003c98
7576c65219fe72037576c6524ff546ad7577
f9a7000088e70000f9a700004316b100f9a7
c7c900002ac50000c7c90000b31aad00c7c9
2b0e00008e2500002b0e0000800002dc2b0e
ff3e00004e100000ff3e0000ff800000ff3e
bc3d0000fc8b0000fc8b0000794d3e00bc3d
db0f90b46a0d1cfe6a0d1cfeff800000db10
29fe00000eb6000029fe00000000016929fe
196f0b39474b0df5474b0df5213d9aef196f
f0bb00005f5a0000f0bb0000ff800000f0bb
7e43014f2a6b5bfa7e43014f693348437e43
f8f24bcfb667a100f8f24bcf6fdb3ac9f8f2
8e9400003856000038560000877770008e94
9042e8c0f9fb36b9f9fb36b94abf43de9043
70e7000027ee000070e700005956c20070e7
f1ca3a254009c78af1ca3a25f259ad7cf1ca
2bcb000033020000330201961f4e2c002bcb
b9570000ee4f0000ee4f0000682dd900b957
b05d427cb57219b7b572510826513f13b05d
40de00005cb000005cb000005e18a00040de
234a0000e1ec0000e1ec0000c5ba3800234a
37ae555e29fc57ce37ae555e222bd7d437ae
d42d000053940000d3c60000e8480800d42d
15600000aa7f0000aa7f0000806f90001560
7a14b85cfc709941fc674dbbff8000007a15
b96b000013e10000b96b00008dce8b00b96b
6d1a75a43a50bbdd6d1a75a467fbe1dd6d1a
aac5000087a80000aac5000000000000aac5
268991d272a73d6d72a73d6d59b3be45268a
bc884817dcbf54cfdcbf54cf59cbb5debc88
f1ef0000a1a80000f1ef0000541cd800f1ef
07e700009f0000009f0000008000000007e7
4fab4a8d04c26f554fab4a8d150218fd4fab
133000002b1400002b140000000cb8001330
e35e00008b8d0000e35e00002f748c00e35e
2b8900002c0200002c468000180b24002b89
e4bb000016d10000e4bb0000bc18ab00e4bb
910bed05f468749ef468749e45fe1d15910c
7b140000854c00007b140000c0ebe0007b14
fed20000a71a0000fed20000667ca800fed2
ab080000f9830000f9830000650b3000ab08
8faf00007833000078330000c874ba008faf
a47802d3bd859f33bd859f33228173b3a478
77540000f26e00007753c480ff8000007754
391700000d2700003917000006c502003917
3d4a0000d8b90000d8b90000d691fa003d4a
eb870000eb1f0000ebd680007f800000eb87
20b127ecafeddebbafeddebb91249c1820b1
53160000d7480000d7476a00eaea60005316
c8e60000177a0000c8e60000a0e09c00c8e6
dcf8c4dbb9debf7adcf8c4db575874c7dcf9
2f140000bcdc0000bcdc0000ac7e60002f14
5044e351bdc137505044e351ce9499ea5045
e8060000b9730000e806000061fe6400e806
47030000f0a70000f0a70000f82aea004703
cada0000ee970000ee9700007a009600cada
c28100003b120000c280fedcbe132400c281
3dcc00002afe00003dcc0000294a68003dcc
08c2000062420000624200002b93040008c2
b63abb3c2cb96136b63abb25a3873837b63b
cbdf000096560000cbdf000022ba6a00cbdf
63940000894e000063940000ad6e30006394
6f5900001c7200006f5900004c4d22006f59
cb1f0000fb880000fb8800007f800000cb1f
224cf9b705e7b4e8224cf9b700000000224d
775a0000d1a30000775a0000ff800000775a
d51600002a2f0000d5160000bfcd1400d516
0156438199b1607f99b1607f800000000156
428afc2e525114e9525114e955630678428b
d905a5e624576e36d905a5e6bde0efbbd906
bd806e797f7ca3037f7ca303fd7d7d0ebd80
7ef1ae3e2f23beeb7ef1ae3e6e9a962f7ef2
ce3ee9a41e0c650cce3ee9a4acd16642ce3f
23ef49c578d8c85378d8c8535d4aa17d23ef
65d100009525000065d10000bb86b50065d1
ed14000076ba000076b9ffeeff800000ed14
f4f7000015ef0000f4f70000cb669900f4f7
234d000036b7000036b700001a928b00234d
769f20e05787769a769f20e07f800000769f
128a00007ef100007ef100005201ea00128a
ad6a0000162d0000ad6a0000841e2200ad6a
baad1568b33fde6cbaad16e82e81b95abaad
dfbe000074ad000074ad0000ff800000dfbe
93d9000011a6000093cea0008000000093d9
4ee2c8ca64fbd61364fbd613745f18834ee3
1fc60000189400001fc60250000000e51fc6
6d0f0000968800006d0f0000c417f0006d0f
3c340000fc8e0000fc8e0000f947b0003c34
aa2a0000709d0000709d0000db508400aa2a
5882000063ba000063ba00027cbce8005882
f1f400002bf30000f1f40000de679c00f1f4
67d80000eb380000eb365000ff80000067d8
fc080000307b0000fc080000ed055800fc08
282e2f746da9fa666da9fa6656674f67282e
3b97ff75c343d263c343d133bf6889013b98
b5a9b79e336579e8b5a28bcfa9982212b5aa
5c500000717e0000717e00007f8000005c50
e230f1499c2e0e40e230f1493ef09bb2e231
44a60000e95f0000e95f0000ee909a0044a6
188a0000c6070000c60700009f118c00188a
9768000020bf000020beffe3800000ad9768
a6c2d126dfe826e8dfe826e84730ab26a6c3
5653549be876b695e876b695ff4baa065653
0ade9a097c4033297c40332947a720030adf
5624c59197c800e25624c591ae80baeb5625
125d00001c8900001c89000700000000125d
0069e97803d1fa8103d3a22700000000006a
34cc0000536200005362000048b4180034cc
8f8800003112000031120000811b20008f88
144e8ebc6312eae16312eae137ed15d6144f
2512ab70312e3b4b312e3b4c16c7a4fd2513
bf2a0000168a0000bf2a000096374800bf2a
60ba000056e9000060ba000f78294a0060ba
724f00009e700000724f0000d1421000724f
2ea00000961700002ea00000853cc0002ea0
9660ed8dc05ff1dcc05ff1dc1744c36f9661
31640c288ebdb34631640c2880a8fcac3164
0bba000048160000481600001459f8000bba
65ff64ca861c914565ff64caac9c325865ff
36760000324200003676c200293a6c003676
fe4f000013260000fe4f0000d2063a00fe4f
d7c4000020950000d7c40000b8e42800d7c4
4ae70000c81000004ae28000d381f0004ae7
c6abda456e50e6406e50e640f58c3be9c6ac
2f120000636d0000636d000053072a002f12
28633719c0187b99c0187b99a907566a2863
ec6565c937f314e8ec6565c9e4d9d25aec65
c86d00003c920000c86cffffc5872a00c86d
486b00004fc400004fc401d658b3ec00486b
7c7b000046f900007c7b00007f8000007c7b
8a950000b87c0000b87c00000392ac008a95
8d0d00006997000069970000b72656008d0d
4d530000b7d600004d530000c5b062004d53
ae721f5ee71cbd40e71cbd4056143e1bae72
4a460000ec0a0000ec0a0000f6d578004a46
edba000030f20000edba0000df2fd400edba
eddd000058a70000eddd0000ff800000eddd
68660000b748000068660000e033b0006866
a4d6000096a70000a4d60000000045cda4d6
a09700004629000046290000a7475e00a097
368a0000981e0000368a00008f2a5800368a
4c5ed0acad4c7eed4c5ed0acba31fcc24c5f
98bc0000de8b0000de8b000037cc280098bc
a50d4a0bce2a1b32ce2a1b3233bbc45ba50d
e5963668668eb7fb665254c2ff800000e596
30c9000057a8000057a800004903e80030c9
04579ad20a604bc30a60593d000000000458
40d70000644e0000644e000065ad020040d7
1d950000841d00001d950000800000001d95
553d0000e0290000e028fffdf5f98a00553d
6979cf9496ec87776979cf94c0e6cf8d697a
6c350000892c00006c350000b5f338006c35
bb75000003140000bb7500008011b480bb75
dd640000b2a60000dd6400005093d800dd64
7d61920e9069f2cb7d61920ece4e23de7d62
72e50000ab7f000072e50000dee41b0072e5
1433000070820000708200004535cc001433
d2a6d560bb357af6d2a6d5604e6c89fed2a7
cb470000ab560000cb47000037265a00cb47
d311000046440000d3110000d9de0800d311
5f8b00009bc900005f8b0000bbda46005f8b
47ea0000291b000047ea0000318dae0047ea
a0000000d3f90000d3f9000034790000a000
572600000f0e00005726000026b828005726
9725a91d231aa94e231aa94d80000c839726
60b90000b189000060b90000d2c6020060b9
9b330000e66a0000e66a000042239e009b33
2d8e0000a19700002d8dffff8fa784002d8e
391d959c5d0abc2d5d0abc2d56aaccf7391e
8ea20000ede20000ede200003d0f04008ea2
7cda00009d4c00007cda0000daadb8007cda
010100003a1700003a1700000000260c0101
e55ff4d6728a7f2f728a7f2fff800000e560
744700000397000074470000386ac2007447
35ceb949406ed38d406ed39336c0db1635cf
27b10000e88b0000e88b0000d0c0360027b1
97ae67e8b5a71e65b5a71e650de3b4fb97ae
49262f6f5049fb875049fe205a031e864926
3c7c212fede1d51cede1d51ceade6b0d3c7c
58ea0000ba21000058ea0000d3932a0058ea
64d20000f47e0000f47e0000ff80000064d2
3fab0000dba30000dba30000dbd9c2003fab
42bd0000745b0000745b000077a1af0042bd
7f550000e38100007f550000ff8000007f55
827a00005c8700005c8700009f83d600827a
b7020000fdc80000fdc80000754b2000b702
e389c7b68d59bb53e389c7b6316a5e36e38a
7eb500009cec00007eb50000dc26dc007eb5
ac84000062bb000062bb0000cfc0d800ac84
fd830000701f0000fd830000ff800000fd83
b061000086570000b061000000000018b061
29c0b52c06eb39c629c0b52c0000000029c1
ad1de54c248d3cb9ad1de505922e397dad1e
1c9600001a2900001c9b4800000000191c96
e315ad72ed0007c2ed0007cb7f800000e316
2629000034110000341100001abf72002629
17c1000038bf000038bf0000110fff0017c1
26ac0c2792778cb726ac0c278000029926ac
fd7811ebefa805f9fd7811eb7f800000fd78
e95200003a160000e9520000e3f61800e952
343a0000f07d0000f07d0000e537d200343a
06470000c4b90000c4b900008b8fcf000647
d2150000681d0000681d0000fab6c200d215
e108000042f10000e1080000e4800800e108
663600008847000066360000af0d7a006636
e452d1f5fc340959fc3409597f800000e453
28238e0a20c1f27c28238f8e0977d2022824
e52b000090d80000e52b000036904800e52b
54e400008207000054e400009770780054e4
41320000e84e0000e84e0000ea0f3c004132
05210000ebb00000ebb00000b15d60000521
f9ec00005bea0000f9ec0000ff800000f9ec
dd3300007d4900007d490000ff800000dd33
007aed9955df548d55df548d16d67b24007b
ef3b0000a59e0000ef3b00005566d400ef3b
997e00007d6a00007d6a0000d7682c00997e
7301c7027b636fdb7b63705d7f8000007302
a34704e5ded4fc82ded4fc8242a5945ca347
62ca0000b041000062ca0000d3984a0062ca
2bfa00002d0d00002d2c40001989b2002bfa
86b5000039c1000039c100008108750086b5
fb0ffef59537d96cfb0ffef550ced31afb10
b7560000898e0000b7560000016d6800b756
3852000077700000777000007044e0003852
d2370000237f0000d2370000b6364900d237
b9dc0000aeb40000b9dc0003291ab000b9dc
6cd32f3009a2fe686cd32f30370675bb6cd3
ff5a8674a22da399ff5a867462143883ff5b
e9d900006fae00006fadf270ff800000e9d9
849f000055330000553300009a5e5a00849f
f5bf477915e59db5f5bf4779cc2b90c5f5bf
8ef9000061ec000061ec0000b1658c008ef9
0929266cc23b5800c23b58008bf7926c0929
69550000e16000006954ff20ff8000006955
41f200005e4200005e42000060b7640041f2
28d2000044480000444800002da4100028d2
151a0000d6000000d6000000ab9a0000151a
b280ec1e49102c8349102c83bc113677b281
ac7675615b72b2ed5b72b2edc869a737ac76
99a800001044000099a7ffe88000000099a8
5064000023ec00005064000034d230005064
69bfbca5ffa34e567fc000007fc0000069c0
7b530000ec0000007b530000ff8000007b53
a31e000066fa000066fa0000ca9a4c00a31e
a99e0000800c0000a99e000000000000a99e
de790fba590042f6de78efa9f7f99205de79
9233000010a50000921e6000800000009233
948c00007e2f00007e2f0000d33f6800948c
f1400000ada80000f14000005f7c0000f140
629ab2b8930e6d4c629ab2b8b62c225c629b
91080000876100009108000e000000009108
c4978aec3cb13537c4978a3bc1d1cd1bc498
a86500004860000048600000b1486000a865
139e0000a4c80000a4c80000800000f7139e
69ca00003258000069ca00005caa700069ca
377c000067890000678900005f86dc00377c
254f8a4d548c68c8548c68c83a63a9292550
3591000036b0000036d440002cc760003591
8a971f889da6a8eb9da6a8eb000000008a97
b2f60000bb2d0000bb2d007b2ea63e00b2f6
bdf2000001f00000bdf2000080717000bdf2
33dd00004a3c00004a3c00003ea24c0033dd
90513a89a6a389d6a6a389d6000000219051
4da90000f9600000f9600000ff8000004da9
b940000094990000b94000000e658000b940
122f0000dc770000dc770000af28d900122f
bf50000072e7000072e70000f2bbb000bf50
fec60000c67e0000fec600007f800000fec6
e2ef73364ce103bde2ef7336f05277c2e2ef
2d7700001e7800002d7700000c6f48002d77
4797fcc3510f5390510f53a3592a2f9b4798
fb10000050bf0000fb100000ff800000fb10
a6e2a2d62ba2abc22ba273199310031aa6e3
309600007aaa00007aaa00006bc738003096
b17887ea132b82b2b17887ea852681abb179
3904dd8e1a2a7c2c3904dd8e13b0f7253905
925100002a8a00002a8a00008001c2a89251
5ca009b32146f5b55ca009b33e78c2365ca0
105800009120000090d40000800000001058
c7b9000076d2000076d20000ff17c200c7b9
823d000094e1000094e1000000000000823d
43ae7ef3f373ad42f373ad42f7a6189943ae
d618fc404b8845cdd618fc3ce222df71d619
0f8400007418000074180000441cc0000f84
512a0000540100005403a80065ab5400512a
b7022b5ff04216a8f04216a867c560c6b702
f1a80000eab50000f1a802d47f800000f1a8
e04b00004bd10000e04b0000eca5bb00e04b
1417ce14723ee86b723ee86b46e2698a1418
4bd98dd2a8b7a46d4bd98dd2b51c101d4bda
23550000c6310000c6310000aa1345002355
d4a40000f2150000f21500007f800000d4a4
f0ff000025270000f0ff0000d6a65900f0ff
950800003f7800003f7800009503c0009508
c839aa76046cbf8bc839aa768d2bb410c83a
cd590000f0a70000f0a700007e8d8f00cd59
a23c00006d4100006d410000d00dbc00a23c
94b2000047b7000047b700009cfe7c0094b2
87fe33d40875f3a107edb36e8000000087fe
3f210000904600003f2100008ff90c003f21
9dd40000d5980000d598000033fbc0009dd4
f85fe617d2cbeef2f85fe6177f800000f860
1debadbd63f84ede63f84ede426498ea1dec
5556000075520000755200007f8000005556
7b3dd3969c78b2a47b3dd396d83869707b3e
4bcc00004a3300004be26000568ea4004bcc
f800d16747b7487bf800d167ff800000f801
6f2f0000790400007904000b7f8000006f2f
35780000e5780000e5780000db7040003578
2d2a063a30415ed2304406eb1e006dab2d2a
bd3200007281000072810000f0336400bd32
0f7bf6552f6a5e9a2f6a5e9a001cd5890f7c
60e9a30e5f4045a56100d5e17f80000060ea
e2c2000034ad0000e2c20000d8031a00e2c2
a4120000def50000def50000438bba00a412
c9a591eabf08b0a5c9a591ee4930cf87c9a6
ed0c0000de290000ed0c00007f800000ed0c
4473acc04279e7324481a59a476ddf174474
565300001b1100005653000031ef06005653
8ac00000989b0000989b0000000000008ac0
68d3faccc9601dfc68d3faccf2b9944768d4
8ec7b7e0d7aca03bd7aca03b2706ac8b8ec8
bba9b2febb6b72d2bc0fb634379c136cbbaa
fafb00009aa90000fafb00005625b300fafb
d7860000c7d40000d78600005fddf000d786
e85a0000bd340000e85a000066194800e85a
8071000047e7000047e7000088cbee008071
a86b00009c4a0000a86b000105396e00a86b
13430000d2f70000d2f70000a6bc25001343
2444000055740000557400003a3ad0002444
d5c50000eca40000eca400007f800000d5c5
e18d7a3c663fcc70663f85b3ff800000e18d
133c0000197a0000197a0bc000000000133c
395f000075540000755400006f38ac00395f
db31a057127b64cddb31a057ae2e6e26db32
7e50000065a600007e5000007f8000007e50
1d89551cfb77d4ebfb77d4ebd984f3571d89
383d0000c2730000c272fff4bb336700383d
e7250000e4460000e72818007f800000e725
e6150000e6280000e69e80007f800000e615
cce762f9b4dcb0eacce762f9424778f6cce7
7ea100003df000007ea100007d16f0007ea1
d96100003beb0000d9610000d5ce8b00d961
3e8a0000ffa100007fc000007fc000003e8a
e6d1000097f90000e6d100003f4b4900e6d1
bb65e7a1a2be166bbb65e7a11eaab60bbb66
01cb0000668200006682000028ce2c0001cb
a44f00003cae00003cae0000a18cb200a44f
cc6e4c09dc50f11ddc50f11d69427e38cc6e
cb760000036f0000cb7600008f65aa00cb76
9a0e0000eed90000eed900004970bc009a0e
3b1d000079ce000079ce0000757cac003b1d
9a9639215db538de5db538deb8d4af869a96
a1f800007920000079200000db9b0000a1f8
ace50000c35d0000c35d000030c5b100ace5
e72e0000bc0f0000e72e000063c26400e72e
1dbb000056270000562700003473fa001dbb
14cc00004a3300004a3300001f8ea40014cc
b5250000abd30000b525001a2187ff00b525
c5120000031a0000c512000088afa800c512
7911f01fdca3a4087911f01fff8000007912
05c100000b0800000b0818200000000005c1
b16000007eb100007eb10000f09ae000b160
1c6c0000ad5c0000ad5c00008a4ad0001c6c
8acc000000ba00008acbfff4800000008acc
263925785aa3e8de5aa3e8de416d168c2639
12f100008b39000012f0fe8e8000000012f1
3bd70000015f00003bd700000002ed243bd7
e511000070cd000070ccffffff800000e511
149c0000910f0000149ae20080000000149c
ddc03b14dc16d761ddd316007a6288b0ddc0
ce890000e3c10000e3c1000072ce9200ce89
2e6bd044951af3fb2e6bd044840ebc072e6c
92254a3a229a281e229a281e800000029225
841626bfdf09ffaedf09ffae23a1e1668416
c62a0000c7050000c72f80004db0a400c62a
281900005e3b00005e3b000046df86002819
d0310000e3f40000e3f4000074a8b400d031
41040000ced90000ced90000d05fc8004104
759e0000540c0000759e00007f800000759e
5b990000e6230000e622fffbff8000005b99
1ed20000296100002961000708b892001ed2
753dab99c36940b6753dab99f92cd120753e
a2ff00004651000046510000a9d02f00a2ff
e39a000080020000e39a0000219a0000e39a
a30f9784966a03d4a30f97840000041aa310
97b924c9da67478dda67478d32a743f197b9
6df3000041e100006df30000705593006df3
dbd100007bda00007bda0000ff800000dbd1
cb630000bac60000cb63000046af9200cb63
98939f40a576ab8ea576ab8e0008e3df9894
a9e20000a99d0000aa3f8000140a9a00a9e2
c4f5000015620000c4f500009ad84a00c4f5
af2c0000ea720000ea7200005a229800af2c
2573bb31d57dec89d57dec89bb71c1322574
32cd9c389387997532cd9c3886d9d14432ce
45a700008154000045a70000878a4c0045a7
2faef8d9da6cda64da6cda64caa1e2ac2faf
32b70000ff5f0000ff5f0000f29f690032b7
b91f0000a25b0000b91f00001c080500b91f
43b3000051ee000051ee000056266a0043b3
5f98c594b2023bf85f98c594d21b703d5f99
9a53000085ed00009a530000000000009a53
ecc60000348d0000ecc60000e1da1c00ecc6
78c0e07d2f353c4478c0e07d68888c2078c1
2af964338291bde12af96433800000002af9
a17b50e164986c3f64986c3fc695a24aa17b
3f670000ada100003f670000ad9147003f67
7763ab463c3c14777763ab46742743fb7764
f5410000f7340000f74010007f800000f541
a1a70000b8000000b80000001a270000a1a7
20950000a8a20000a8a1ff6b89bc94002095
8681e80de7f43dbce7f43dbc2ef7e1008682
0af9acd08d6a989a8d62cb34800000000afa
f3bf8ce22f136e06f3bf8ce2e35ca072f3c0
f38d0000f6910000f69334007f800000f38d
ab0f19149b27c5e3ab0f191406bb8ff2ab0f
09fa0000536a0000536a00001de4840009fa
13e9000048490000484900001cb6f10013e9
44c30000b035000044c30000b589df0044c3
85d7515bc86df766c86df7660ec8266785d7
aff400006e0000006e000000de740000aff4
4d880000ff260000ff260000ff8000004d88
15f18399881f908815f183998000000015f2
5bbb00002a4200005bbb0000468db6005bbb
a46700005b4700005b470000c0339100a467
411700005a3a00005a3a00005bdb6c004117
10697adb1065075c10e7411c000000001069
7cf80000cb0e00007cf80000ff8000007cf8
7d5e497d5cd33f667d5e497d7f8000007d5e
180100000c82000018010001000000001801
cea1000047d10000cea0fcbcd7037100cea1
9928023ca7f654f8a7f654f801a1a9e99928
1733000069fb000069fb000041af81001733
26e500000b88000026e500000000000026e5
b79ccb54724ebaa1724ebaa1ea7d3bd8b79d
7e910000d5bd00007e910000ff8000007e91
b913000025820000b91300009f154c00b913
ffe60ac577c3514f7fc000007fc000007fc0
691cf50a833de12d691cf50aace8d5ef691d
5cc10000cdfd00005cc10000eb3ebd005cc1
723b2d7a32ae27f8723b2d7a657eac44723b
8de3000051e1000051e10000a04783008de3
1bdf000005c300001bdf0000000000001bdf
842400004d0c00004d0c000091b360008424
543f7603137bb9f8543f7603283c43cb543f
a9275179a1eacc28a927534f0b9975e8a927
e6b4275230ca49c7e6b42752d80e5af2e6b4
533e000089160000533e00009cdea800533e
d5b2dd307a4b17777a4b1777ff800000d5b3
b4ac00003ec600003ec5fff5b4050800b4ac
5ef9a8f5058c7e9f5ef9a8f5250903e25efa
86cf408e63ffa36c63ffa36cab4ef59b86cf
b1c80000e77e0000e77e000059c67000b1c8
5bcdbbf40f4cee435bcdbbf42ba4b1415bce
1c1ed484b5a5f6d4b5a5f6d4924df03a1c1f
63e00000a40d000063e00000c876c00063e0
5f920000efcd0000efcd0000ff8000005f92
4b2e00001ed700004b2e00002a9222004b2e
95f0a0e7a1fd2c30a1fd2c310000007795f1
856f00004a7100004a7100009060ff00856f
742b000089f70000742b0000bea4fd00742b
19340000202a0000202a02d0000003bc1934
10380000cc320000cc3200009cffe0001038
c69518346dccdcb16dccdcb1f4ee9fa3c695
50f93150e2be0ed0e2be0ed0f439010550f9
d37c0000dd5a0000dd5a001071569800d37c
89b87d152e00d8692e00d8698000005d89b8
6b7cecda8755ec476b7cecdab3535a826b7d
ab0200006b6d00006b6d0000d6f0b400ab02
9593e46a4e8909844e890984a49e55789594
e0250000462d0000e0250000e6df0200e025
4d690000d8280000d827fffce618e8004d69
0c1e0000724c0000724c00003efbd0000c1e
9e440000066700009e440000800000009e44
d0d5633092445e92d0d5633023a3aec5d0d5
8b4a000010f7000010f6e6c0800000008b4a
669f52b5674811fb678bddab7f800000669f
5cdd7c5be778d2bae778d2b3ff8000005cdd
8e8c0000f77e0000f77e0000468ae8008e8c
579e0000f9d50000f9d50000ff800000579e
66810000dab600006680ffffff8000006681
596200002f9c0000596200004989b8005962
3e6c0000fc860000fc860000fb7710003e6c
575e0000794c0000794c00007f800000575e
01825816e41afd21e41afd21a61dd3be0182
8420000019d2000019d20000800000008420
881985779389a96f9389a97000000000881a
aedf00004d8b00004d8b0000bcf22a00aedf
c5bf00004ed900004ed8ffd0d521e700c5bf
118900000811000011890012000000001189
da5c000009bc0000da5c0000a4a19000da5c
cb4b2a29efce97ceefce97ce7ba3f466cb4b
f21e0000e1b60000f21e00007f800000f21e
edf40000a7e30000edf4000056585c00edf4
71ab0000ff250000ff250000ff80000071ab
55db00002fd8000055db00004638c80055db
5850000078210000782100007f8000005850
d977184631ead266d9771846cbe2a744d977
63c20000fc890000fc890000ff80000063c2
1f430000429b0000429b0000226c22001f43
3fcb8fd0dacc7037dacc7037db228fd43fcc
f11b000023450000f11b0000d4ee8e00f11b
8e2200007aca00007aca0000c97fa8008e22
d0130000c4f70000d0130002558dd500d013
9ec0000082a700009ec00000000000009ec0
f4250000734c0000f3e40000ff800000f425
440d00008da90000440d0000923a2a00440d
14e02987f844af7cf844af7ccdac397414e0
322ece6ba73d0b61322ece689a01162a322f
c7e60000a9060000c7e600003170c800c7e6
93410000ee6f0000ee6f000042342f009341
15410000f9340000f9340000cf07b4001541
40fb0000edd00000edd00000ef4bf00040fb
4c160000835200004c1600008ff618004c16
ea8a000023a40000ea8a0000ceb0d000ea8a
5f6cca6db996f3a25f6cca6dd98b9ff65f6d
15dc2de195d726941320e9a08000000015dc
40cf1cd21a5d12e540cf1cd21bb2db2b40cf
f893000088460000f893000041636400f893
c9780000f2b80000f2b800007cb24000c978
1804000042b2000042b200001b3790001804
524000004172000052400000543580005240
bf7c000019480000bf7c00009944e000bf7c
3ec80000a3d300003ec80000a324d8003ec8
41c086ff04e5c9ba41c086ff072cd07841c1
539200001380000053920000279200005392
01e6000001420000022380000000000001e6
5de4be230a43df3f5de4be2328af044f5de5
1c0600004c5600004c56000028e008001c06
8b2376537712641077126410c2baf2c08b23
f43438dd424385f2f43438ddf709a59cf434
3ccc3e4c683783b8683783b86592699f3ccc
8f5a0000b0030000b00300000037c7008f5a
e94d00005e5f0000e94cfffdff800000e94d
bcd7b73487372757bcd7b734049a551cbcd8
9db2c39a71542e5c71542e5ccf942a5b9db3
fcf80000af240000fcf800006c9ee000fcf8
b9b108230b091348b9b10823853d9560b9b1
62d2000069f8000069f803487f80000062d2
2c550000227900002c5500100f4f2d002c55
24620000908d000024620000800000022462
737d00006dbd0000737d17a07f800000737d
378e00008bb20000378e000083c57800378e
95f90000a4910000a4910000000011a195f9
76e00000f03b000076dffa28ff80000076e0
6088619e92f367216088619eb401ab9a6088
1eb3f5e9755b568d755b568d549a30361eb4
764a70f2d36dacaf764a70f2ff800000764a
a9be000044af000044af0000af01e200a9be
407200006db000006db000006ea660004072
ed8b212fec049a33ed9bb4757f800000ed8b
820a000092f9000092f9000000000000820a
601e000077f8000077f800007f800000601e
b3b20000ca420000ca4200003e86e400b3b2
90b00000563f0000563f0000a783500090b0
e47200008fb80000e472000034adf000e472
fc2d3d0a5a16cbbdfc2d3d0aff800000fc2d
2046696f6fcf26076fcf260750a08cba2046
90d90000e9880000e98800003ae6900090d9
2fc50ba7c77cc95fc77cc95fb7c292782fc5
0654000050b8000050b80000179860000654
e49a00003db50000e49a0000e2d9c400e49a
c81724a0bb5d92ccc81724a04402d149c817
62bc00006ecd00006ecd00017f80000062bc
69510000807e000069510000aa4dbc006951
7fd10000dc5800007fc000007fc000007fc0
24c900009079000024c900008000000324c9
23e000007f6800007f68000063cb000023e0
d03e0000b8d00000d03e0000499a6000d03e
e852e74214200697e852e742bd03d5f7e853
a6bf0000cc4a0000cc4a00003396b600a6bf
08bb0000087e0000091d00000000000008bb
fd840000d8180000fd8400007f800000fd84
059b0000e0110000e0110000a62f9600059b
42e6d58c06573cd242e6d58c09c2143042e7
59480000e51a0000e519fffffef0a0005948
5c180000321800005c1800004eb480005c18
9e5c0000279c0000279bffe4868610009e5c
be4b00002ce20000be4b0000abb33600be4b
89790000adc60000adc60000000000308979
eefe000050ad0000eefe0000ff800000eefe
2cbf0000553a0000553a0000428ac6002cbf
a1d30b93585acf9e585acf9ebab46304a1d3
352e9b9aaaa922ee352e9b95a066b917352f
4a6e00001a3600004a6e0000252934004a6e
33da0000c3b30000c3b30000b8186e0033da
4b5a2eee27aaa4404b5a2eee33916f274b5a
a1dc00005221000052210000b48a5c00a1dc
dcd8000012380000dcd80000af9b4000dcd8
1f0c82a350dbab3050dbab303071236e1f0d
72da8b34567354e572da8b347f80000072db
27f80000a8840000a80c000090ffc00027f8
8d5c89ce4a5d66ef4a5d66ef983ebba48d5d
fcf3fbfeea465490fcf3fbfe7f800000fcf4
84e9b4aadd543caedd543cae22c1c10284ea
d6730000b0920000d6730000478a9600d673
6ce30000a57800006ce30000d2dbe8006ce3
349400008c9f00003494000081b7d8003494
6b0292b7f18b0162f18afd4dff8000006b03
eef60000a3fc0000eef6000053722800eef6
5ed300003f8700005ed300005ede8a005ed3
a9d20000b4960000b49600031ef61800a9d2
a73f00006786000067860000cf47f400a73f
23b500001270000023b500000000000b23b5
4c320000a34800004c320000b00b10004c32
1403bc6097a76d5397a665da800000001404
46350000e15d0000e15d0000e81c41004635
29cf00000217000029cf00000000000029cf
43500000a974000043500000ad4640004350
c0b40000cc650000cc6500014da10400c0b4
08bc000016a6000016a600000000000008bc
e742000090400000e742000038118000e742
ecee000028ef0000ecee0000d65e3200ecee
5ade00000c6e00005ade000027ce64005ade
fd37000047ab0000fd370000ff800000fd37
22a0000022970000231b800005bcc00022a0
97e50000475d0000475d00009fc5b10097e5
ae3c00002ad80000ae3a5000999ea000ae3c
32e30000b9d40000b9d3fc74ad3bfc0032e3
b53a0e00ff071a17ff071a1774c460b0b53a
7f590000485e00007f5900007f8000007f59
fc820000115b0000fc820000ce5e6c00fc82
0f480000e71b0000e71b0000b6f230000f48
7b808e0a36b0c6657b808e0a72b18a8f7b81
294f2242b17c4803b17c47349b4c1ffd294f
72bc0000fa470000fa46fe88ff80000072bc
4040000088490000404000008916c0004040
7893000093a5000078930000ccbd7e007893
cca0cd8c0c014d3fcca0cd8c99227032cca1
fb0c00001da80000fb0c0000d937c000fb0c
dd230000269a0000dd230000c4441c00dd23
ca86a0919fa1061fca86a0912aa95c67ca87
62370aa14cff643962370aa16fb69b3f6237
d9a80000fdf30000fdf300007f800000d9a8
762800007f5a00007f5a002a7f8000007628
54e69ff2706c8866706c88667f80000054e7
9e6c4c1b479a45b6479a45b6a68e66219e6c
042e0000a9660000a966000080000000042e
5c520000b4cb00005c520000d1a686005c52
6f0e00006be300006f0fc6007f8000006f0e
30f5000093d6000030f50000854cce0030f5
f1ce00006d5c0000f1cd9200ff800000f1ce
f7240000f0e50000f72407287f800000f724
75cc00002a5c000075cc000060af500075cc
873a00001e4900001e49000080000000873a
92320000f9120000f91200004bcb08009232
021c0000f9a50000f9a50000bc491800021c
c7a40000fc240000fc2400007f800000c7a4
298a0000dcfa0000dcfa0000c706c400298a
a44f00009e850000a44f10a003571600a44f
4098b17a90da98514098b17a920261fc4099
d6620000d4360000d66d60006b20ac00d662
a45600006124000061240000c6091800a456
e0def1f8c97817cbe0def1f86ad80f21e0df
a88c00008c370000a88c000000000002a88c
32590000eec10000eec10000e1a399003259
2d8a000093a900002d8a000081b634002d8a
98903208ff9e25a67fc000007fc000009890
a87a00001d860000a879fffc8682dc00a87a
e8d0000069f0000069bc0000ff800000e8d0
1b960000fb200000fb200000d73b80001b96
61890000a897000061890000caa19e006189
dd4900003f1c0000dd490000dcf4f800dd49
30ee000047ce000047ce0000393f840030ee
ed820000423b0000ed820000f03dec00ed82
364e0000f70c0000f70c0000ede15000364e
3b0d0000915400003b0d00008ce988003b0d
e3780000b60d0000e37800005a089800e378
eb4200007d5700007d570000ff800000eb42
53e4000092d5000053e40000a73db40053e4
752b000023e60000752b00005999a200752b
c4a40000eb2e0000eb2e0000705ef000c4a4
6a60000039d100006a60000064b6e0006a60
4062037693bc915a4062037694a67ade4062
5a080000990e00005a080000b396e0005a08
2763000089d8000027630000800000002763
d78b00004b220000d78b0000e32fec00d78b
958800009938000099391000000000009588
b995000017b30000b995000091d05e00b995
ebf842cf4227a11cebf842cfeea28fd2ebf8
b3a2f1b878ecfe8f78ecfe8fed16d8dcb3a3
c6c54dade5bf3fe5e5bf3fe56d136633c6c5
f5d5000045380000f5d50000fb991800f5d5
bd1700006122000061220000debf1c00bd17
e225000059300000e224ffd4fbe2e000e225
c1461182de2bb86bde2bb86b6004dc61c146
7bea0000b6fa00007bea0000f36484007bea
8e386cb6d6101387d610138724cf966f8e38
21a000009f77000021984800819a600021a0
7c8cbb3d57ec24557c8cbb3d7f8000007c8d
da0c00001c730000da0c0000b704e400da0c
72650000c343000072650000f62e6f007265
e7e6c926889060d3e7e6c9263102286fe7e7
670e0000bff90000670e0000e78a1e00670e
cf1e00007c6e00007c6e0000ff800000cf1e
5611000029180000561100003fac30005611
e270000020ec0000e2700000c3dd4000e270
07c5e7f148b4d65d48b4d65d110bcccd07c6
58b5c4c6225bed3358b5c4c63b9c27c158b6
8eb33f0564b67af364b67af3b3ff89c78eb3
3195000041ae000041ae000033ca8c003195
a61900004d3700004d370000b3dabe00a619
88804f9bd7e1e71ad7e1e71a20e273988880
387c00003a5b00003a6ac00033579400387c
7bde00002eed00007bde00006b4d86007bde
ca460000b1b70000ca4600003c8d8a00ca46
b836000020d00000b83600009993e000b836
15e39d6cf626ae66f626ae66cc94332415e4
64c000007c5b00007c5b00007f80000064c0
bdfc00005d6c00005d6c0000dbe85000bdfc
36190000c7290000c7290000bdca02003619
d3263a2582d2f4aed3263a251688fa93d326
645b2620cb6c513a645b2620f04a4cae645b
54520000723b0000723b00007f8000005452
15e300001e1d00001e1d00720000000115e3
f72b000053270000f72b0000ff800000f72b
e49100004b580000e4910000f074b000e491
e649aa845f44337ee649a773ff800000e64a
39a3000019f3000039a30000141ab90039a3
3a6b00002c1100003a6b000027051b003a6b
c1300000f8270000f827000079e5a000c130
b5ea00001ef30000b5ea0000955e1e00b5ea
484d0000ddcd0000ddcd0000e6a42900484d
46300000f0190000f0190000f6d260004630
3f01d61c771068717710687176927ad03f02
236a0000e0b30000e0b30000c4a39e00236a
e56b27d03540504de56b27d0db30a79fe56b
7ed900008cc200007ed90000cc2472007ed9
d39a00000db50000d39a0000a1d9c400d39a
95055803768b84b2768b84b2cc1157cf9505
95860000c4500000c45000001a59c0009586
5ab1000079830000798300007f8000005ab1
a164000080cb0000a164000000000000a164
5a9500001c6f00005a950000378b1b005a95
5e9f00001c1200005e9f00003b355c005e9f
5afe0000a06400005afe0000bbe238005afe
f7d400005e810000f7d40000ff800000f7d4
82b172284cc789524cc78952900a4eec82b1
c15a00002d830000c15a0000af5f1c00c15a
0d2e59fddef7578fdef7578faca874750d2e
cd2d0000b6e20000cd2d00004498ba00cd2d
f1030000eab40000f10305a07f800000f103
05b700003b7d00003b7d000001b4db0005b7
ddaa0000db8b0000ddb2b00079b89c00ddaa
eb8d0000ffa500007fc000007fc00000eb8d
c1fa0000b0790000c1fa000032f32a00c1fa
d31800005f0100005f00fffff2993000d318
e8f5000073ce000073cdfffcff800000e8f5
18454d9e9507344b184330cd800000001845
f9e173ecb568efc3f9e173ec6fcd2435f9e1
d99f0000350a0000d99f0000cf2b6c00d99f
79666b0f6c1c164c79666b0f7f8000007966
265b00001ade0000265b000201bdea00265b
ae16636c744e918c744e918ce2f2b303ae16
03ae0000c6110000c61100008a451c0003ae
9d1e0000904100009d1e0000000000009d1e
550c000099880000550c0000af14c000550c
22940000736a0000736a0000568748002294
ce070000e3d90000e3d900007264de00ce07
c80700005c5a00005c5a0000e4e5ec00c807
2a052e0611fff2c22a052e06000085272a05
1fb525f3a6c33e8ba6c33bb6870a282a1fb5
a3c8db3b036001eaa3c8db3b80000000a3c9
a5a20000eca50000eca5000052d0d400a5a2
6cde55acc875157c6cde55acf5d4daa66cde
fa100000844f0000fa1000003ee8e000fa10
2f060000e7280000e7280000d6afe0002f06
bad185b25f6ec59d5f6ec59ddac36c08bad2
d02bd39ccafa7cc7d02bf2ec5ba82066d02c
206c806d6fcfcae36fcfcae350bff747206d
b9bf0000321a0000b9befeccac65cc00b9bf
3d70000013a500003d700000119ab0003d70
9d9c000027a1000027a0fff685c438009d9c
b29bc72fb9fa4ebbb9fa512a2d18506cb29c
3caeb7dc7474395a7474395a71a6ae623caf
08510000a0620000a0620000800000000851
8bf0637c1de6b9651de6b965800000008bf0
d5ae0000a09e0000d5ae000036d6c800d5ae
64810000dcbd00006480ff43ff8000006481
1f89006a4efbc84c4efbc84c2f06be991f89
7b400000977800007b400000d33a00007b40
802b00001b2100001b21000080000000802b
40e913f0bf116b4440d6e688c08465f440e9
950e000083d00000950e000000000000950e
2eec756cbc861706bc861706abf7b5752eec
a34edb95675d07ca675d07cacb3299dba34f
2612b4716f5324446f53244455f1ff032613
335800000c740000335800000066f0003358
835600006cad00006cad0000b0909e008356
51a80000c5d3000051a7ffffd80a780051a8
5c520000f5500000f5500000ff8000005c52
dec80000f2d90000f2d900007f800000dec8
34374324b8a35dfbb8a30259ad69e60e3437
40e0216ef7ab5f4df7ab5f4df91609c440e0
99400000f5c20000f5c200004f9180009940
15a000003d8a00003d8a000013ac800015a0
5b55000056b500005b555a80729699005b55
313c0000ff3e0000ff3e0000f10b8800313c
f82100005f460000f8210000ff800000f821
fc8a0000cc430000fc8a00007f800000fc8a
a0d600006624000066240000c7891800a0d6
4dd5c619f3876f16f3876f16ff8000004dd6
5dfd000010b800005dfd00002f35d8005dfd
2f6063b2e76e84b9e76e84b9d75111052f60
c92600006f3500006f350000f8eabc00c926
a2bc000015700000a2bc0000800000b0a2bc
82c400009c6600009c6600000000000082c4
394ee5c6fbdc5f9ffbdc5f9ff5b21abe394f
6719688622b63ff9671968864a5a6d4a6719
cf910000c1010000cf91000051122200cf91
be0400001bc30000be0400009a491800be04
562a0000dabc0000dabbab00f179b000562a
578700007cdb00007cdb00007f8000005787
bfa9000067c6000067c60000e802b600bfa9
89d12a0b483954424839544292976c3a89d1
c22a0000a6ca0000c22a000029862400c22a
477900009abc000047790000a2b6dc004779
4f100000196e00004f1000002905e0004f10
f89e000009ca0000f89e0000c2f95800f89e
55c2fbea49cb4de055c2fbeb601ad91355c3
8a880dc9ec837de6ec837de6378bc3ee8a88
d57000006d7200006d720000ff800000d570
20c50000e44a0000e44a0000c59b720020c5
98ec0000cb3f0000cb3f000024b0140098ec
1a817e84b3d6a980b3d6a9808ed92aff1a81
574c59feab5c12e4574c59fec32fac6b574c
92da8b2e915d89d092f63c680000000092db
a5f947f76cccf9cf6cccf9cfd3479899a5f9
ca8700004fa000004f9fde40daa8c000ca87
083bf16ffa0343f0fa0343f0c2c0bcd8083c
caf815cdcfd79233cfd7d0385b50e7fdcaf8
278500001149000027850000000001a22785
c2e0d9933d011a92c2e0c970c062c9f3c2e1
2663b6b636ae8ba136ae8ba11d9b42632664
881d0000bd760000bd7600000616de00881d
3b07000002e500003b07000000078c303b07
3e7500007280000072800000717500003e75
8d83000065a2000065a20000b3a5cc008d83
1ab7575a0ee063f31ab7575b000000001ab7
6d5000009f1400006d500000ccf080006d50
92a700006bf200006bf20000bf1dde0092a7
db580000b2390000db5800004e1c1800db58
ba68676d37624db8ba64de36b24d71dcba68
87111255c0088219c0088219079ab6ed8711
de7f000005ac0000de7f0000a4ab5400de7f
6562de0297d8103e6562de02bdbf79b76563
f02f9abed6d82b34f02f9abe7f800000f030
81baec7cf83eda3ff83eda3f3a8b5adf81bb
87b50000c8bf0000c8bf000011070b0087b5
b3c00000ef630000ef63000063aa4000b3c0
a1e4000014de0000a1e4000080000019a1e4
64f8680e1af2bb0b64f8680e406b87dc64f8
7e8f0000e98900007e8f0000ff8000007e8f
64ae13ba84e3e4be64ae13baaa1af70964ae
8fb8db8d18dcc3e818dcc3ba800000008fb9
6072000019880000607200003a8090006072
f57482556770b032f5748255ff800000f575
b1d456bd0ebb8dcfb1d456bd811b90fcb1d4
0dbc383d674e7aec674e7aec3597cfa10dbc
2bc50000f1090000f1090000dd52da002bc5
78cd0000f64e000078c69000ff80000078cd
6fae000055f900006fae00007f8000006fae
ea97134131db010cea971341dd013e17ea97
a2bd0000188b0000a2bcfff780003350a2bd
5a6600007dec00007dec00007f8000005a66
cbf0f925849a20a9cbf0f9251111149ecbf1
fcd7000011750000fcd70000cecdc300fcd7
df8e0000e1a70000e1afe0007f800000df8e
a1d38102ffa212467fc000007fc00000a1d4
9dcc0000a3400000a3401980019900009dcc
66a300007f1b00007f1b00007f80000066a3
ed270000e3770000ed27000f7f800000ed27
db230000844a0000db23000020009e00db23
ac7800009d360000ac7800000a305000ac78
d1e800006135000061350000f3a40800d1e8
f5d900009fe10000f5d90000563eb900f5d9
2523a013064de3132523a013000000002524
d28caa888e54aa14d28caa882169b55ad28d
51770000a4e7000051770000b6dee1005177
f802e055ac915eb4f802e0556514a2f5f803
e9a7000095480000e9a700003f827800e9a7
b39600006c6900006c690000e0888600b396
2f880000968f00002f8800008697f0002f88
e2150000b58c0000e21500005822f800e215
f06e0000fcb90000fcb900007f800000f06e
724e000017ae0000724e00004a8c0400724e
82ec8e51115ce39e115ce39e8000000082ed
84bd000073b1000073b10000b902ad0084bd
d69f0000affe0000d69f0000471dc200d69f
1bf336e633ee225c33ee225c10623daf1bf3
52e6000003ad000052e60000171b6e0052e6
6eb40000f6bb0000f6baff4cff8000006eb4
b1d8cec71af207edb1d8cec78d4cfa2eb1d9
a1840000f8d70000f8d700005addb800a184
34b200002171000034b2000016a7920034b2
600db35c38849696600db35c5912c7ab600e
7750000051610000775000007f8000007750
6f6e0000957100006f6e0000c5600e006f6e
18850000507900005079000029815d001885
54cf0000e1480000e1480000f6a1b80054cf
d1cc000070ba000070ba0000ff800000d1cc
d04c5507923f003fd04c5507231873a3d04c
5103a31a3d49f86e5103a31a4ecfb59c5104
740b0fbb871fd5eb740b0fbbbbada5f2740b
7c5efd95c3af5b1d7c5efd95ff8000007c5f
ac8295f43ca97b473ca97b47a9ace7c1ac83
5a120000bd9300005a120000d827ac005a12
97445b3c5a9d80d95a9d80d9b2719d909744
bf9d626d9cc3c8f9bf9d626d1cf0bb0ebf9d
51e14feccd92c74f51e0bd25e0012eff51e1
d5da00001ae30000d5da0000b1414e00d5da
779d000044240000779d00007c492800779d
25eb0000eed60000eed60000d544720025eb
4fd00000485d00004fd001ba58b390004fd0
f2a70000eadc0000f2a700dc7f800000f2a7
56e800008672000056e800009ddb500056e8
6d60000015e800006d60000043cb00006d60
c68d00007d9f00007d9f0000ff800000c68d
fca800001b6c0000fca80000d89ae000fca8
5fac0000702b0000702b00007f8000005fac
be3000008d5a0000be3000000c15e000be30
1a3a00001e2f00001e2fba00000000fe1a3a
6f7100004c0800006f7100007c0008006f71
40240000d9140000d9140000d9bda0004024
290d00000dd60000290d00000000001d290d
13770000b05b0000b05b000084534d001377
c02b00005e1400005e140000dec5b800c02b
39578d6f5bbc6ede5bbc6ede559ea9373958
601e0000647e0000647e9e007f800000601e
65eb0000bae9000065eb0000e155e30065eb
56f06273f06b6423f06b6423ff80000056f0
dfe30000fd680000fd6800007f800000dfe3
fd5f0000c7ac0000fd5f00007f800000fd5f
2e860000e9470000e9470000d85054002e86
1d820000e6040000e6040000c40610001d82
edf42fb5180d3615edf42fb5c686b1ddedf4
54fc00001c8d000054fc0000320acc0054fc
a856ae8a38dbbb8838dbbb88a1b84494a857
e61e0000259b0000e61e0000cc3f5400e61e
bf6b0000702e0000702e0000f01fba00bf6b
a81bfb55fbe7fa13fbe7fa13648d5829a81c
3f1e00009ea500003f1e00009e4bac003f1e
74c1980cdffe092274c1980cff80000074c2
6c6500000a5100006c650000373af5006c65
4f1600006ae800006ae800007a87f0004f16
ced3fa8f6926f7e16926f7e1f88a41baced4
45340000021500004534000007d188004534
d738b53fbbe6030ad738b53f53a5f508d739
882700005be900005be90000a497ff008827
b0e1ae5c1d51e04fb0e1ae5c8eb90517b0e2
94333c73d7ac28bdd7ac28bd2c7112469433
9b26000048a4000048a40000a454b0009b26
a037c5d53a29de5f3a29de5f9af3e277a038
1544cf611661a8f216896e65000000001545
25b300005033000050330000367a520025b3
c98000001c9a0000c9800000a69a0000c980
14a75d890706677414a75d890000000014a7
dca1a16a8e4f1e93dca1a16a2b82c4d2dca2
aa9ea8dbbdf3e518bdf3e51829172844aa9f
f97400004a1b0000f9740000ff800000f974
6668000058070000666800007ef4b0006668
3ddc0000c5c30000c5c2ff24c42794003ddc
e6030000918b0000e6030000380e4200e603
baa10000effa0000effa00006b1d3a00baa1
46420000f4210000f4210000faf404004642
f6f900007700000074600000ff800000f6f9
02a50000daa60000daa600009dd5fc0002a5
f321ff5d51b32832f321ff5dff800000f322
f8af000092810000f8af00004bb05e00f8af
d6cdbd4ea3b078bad6cdbd4e3b0dd32cd6ce
bf88733a428bc56a4289a39dc294ff93bf88
607500006eb300006eb300007f8000006075
1d450000c29b0000c29b0000a06e8e001d45
f02d0000e48c0000f02d00017f800000f02d
232a0000420a0000420a000025b74800232a
f3d8c148980980ebf3d8c1484c68d92ef3d9
30b100000d82000030b10000000b3c4030b1
94700000dc730000dc7300003163d0009470
5362a54c07573ba65362a54c1b3e8da25363
f3dfcedbef6a9e2af3e0442a7f800000f3e0
f1da000007010000f1da0000b95bb400f1da
662563a7791945f0791945f07f8000006625
fd7bf26ed6bf0d4dfd7bf26e7f800000fd7c
a5ce0000ca3f0000ca3f00003099b200a5ce
233f0000149d0000233f000000000075233f
d33400003b9e0000d3340000cf5e3000d334
bc9dd581fd11d20efd11d20e7a33cee0bc9e
a3d500007a8500007a850000dedd5200a3d5
43cf0000438e0000442e800047e5a40043cf
bd560000e12a0000e12a00005f0e1c00bd56
a0080000d0580000d058000030e58000a008
98a8681016c54700989c13a08000000098a8
a866e49652d9d95a52d9d95abbc47bcca867
54ca000024f3000054ca00003a3fbe0054ca
629b0000afbf0000629b0000d2e74a00629b
d04b00007d5b00007d5b0000ff800000d04b
76562173dcf14d4f76562173ff8000007656
8db36d749396ba149396c54b000000008db3
57ac00003437000057ac00004c75e80057ac
03f000008e8b00008e8afffc8000000003f0
4ad8d45c901398b84ad8d45c9b7a06964ad9
acb50000e3c50000e3c50000510b4900acb5
2bca77fb903360922bca77fb80008dde2bca
7fdd0000595f00007fc000007fc000007fc0
624f0000b5a20000624f0000d882fe00624f
78af0000449a000078af00007dd28c0078af
fa11000089280000fa11000043be5000fa11
5e9323013032fba05e9323014f4dbdec5e93
7d030000c17500007d030000fefabe007d03
026f0000c6840000c684000089767800026f
1d66a52aaf8e05f9af8e05f98d7fe9fe1d67
18c1000040170000401700001963ae0018c1
76fc00002abf000076fc0000623c040076fc
40e40000f5fe0000f5fe0000f762380040e4
d3180000fe880000fe8800007f800000d318
5f6f0000fb370000fb370000ff8000005f6f
bf2d6becef192868ef1928686ecf81bfbf2d
78eb0000c6fd000078eb0000ff80000078eb
f7a782fbf0ad4feaf7a785b07f800000f7a8
202da06aeb9ba52aeb9ba52acc53204a202e
ba38ff8221170520ba38ff829bda44d4ba39
a721b6a2cd9e63adcd9e63ad35481b5ea722
7d18000012a100007d180000503f30007d18
ab930000352200003521ffeea13a0c00ab93
0b310000dec20000dec20000aa8622000b31
022aa24ee34387d3e34387d3a602542a022b
0efa6fd4902239ee9002ebf4800000000efa
8ab80000d9990000d999000024dbf0008ab8
70990000059500007099000036b21a007099
fe1e0000fd290000fe4840007f800000fe1e
a5d700000e210000a5d7000080000001a5d7
4c37d6d05794870c5794870d645552564c38
8e4300003b8d00003b8d00008a56ce008e43
178400000c9d000017840002000000001784
b358000098ff0000b35800000cd72800b358
4484000020b000004484000025b580004484
60d4000031df000060d400005338ac0060d4
73b800008804000073b80000bc3dc00073b8
3e6100008f2a00003e6100008e156a003e61
8b3b00006d8a00006d8a0000b9499c008b3b
77310000204f000077310000580f1f007731
348e00004f4c00004f4c000044625000348e
81155a99b18ccd6fb18ccd6f000000008115
8c120000de3e0000de3e00002ad8b8008c12
538c0000ea250000ea250000fe347800538c
303400009b0c0000303400008bc4e0003034
ec2f000030280000ec2f0000dce5b000ec2f
011000006a9400006a9400002c2680000110
82d70000fa5d0000fa5d00003db99b0082d7
3e15b395560bf9ec560bf9ec54a3b54f3e16
99640000473b0000473b0000a1268c009964
24a12341a0edea4824a035578615c11b24a1
db4e837ea2cbe5fcdb4e837e3ea47bccdb4f
476c000005ad0000476c00000d9f7c00476c
ee43000085050000ee43000033ca9e00ee43
b3f3000020f80000b3f30000956b6800b3f3
9d1c00008ccb00009d1c0000000000009d1c
e1dbe576b2d87d33e1dbe5765539f526e1dc
353819275604fbaf5604fbaf4bbf43ed3538
b85300000e860000b8530000875ce400b853
80730000ddf00000ddf000001ed7a0008073
4331675a424e212f4364efa6460ed8294331
98a50000d7dd0000d7dd0000310e710098a5
c9170000071e0000c917000090ba6400c917
e838000067ff0000e7620000ff800000e838
5d46000029df00005d46000047ac7a005d46
ae1efcc4cce7e7d9cce7e7d93b900612ae1f
05d000006cf400006cf400003346400005d0
f13c000085f80000f13c000037b62000f13c
f7ea0000b6c40000f7ea00006f332800f7ea
28664c16de581b95de581b95c74269032866
3c3f000042a9000042a905f83f7c2e003c3f
b9bd0000e7800000e780000061bd0000b9bd
6e350000b28500006e350000e13c12006e35
21c90000591e0000591e00003b781c0021c9
7efa0000565f00007efa00007f8000007efa
d3bc646a8e5b98ead3bc646a22a19a6fd3bc
d9c50000ef610000ef6100007f800000d9c5
ffa6e50a82be2d5a7fc000007fc000007fc0
51620000930b000051620000a4f56c005162
142300003dda00003dda0000128ace001423
801a0000519500005195000091722000801a
2b830000aec20000aebff4009ac68c002b83
eacd489cd7b878f6eacd489c7f800000eacd
7b8a0000e8b100007b8a0000ff8000007b8a
ac650000af7c0000af7f94001c616c00ac65
b52e00008f330000b52e000004f35400b52e
aa789883409baab1409baab1ab972a18aa79
5931000029c1000059310000438571005931
1a64000070720000707200004b5788001a64
e055ae4d54298954e055ae4cf50d82b1e056
bfe3000097df0000bfe300001845bd00bfe3
ed2f00002fa90000ed2f0000dd670e00ed2f
d21c496155859b0b55846278e823218dd21c
082a0000cf7b0000cf7b00009826ae00082a
7196d5849df843ba7196d584d01246bf7197
79b30000427c000079b300007cb0340079b3
c16e2569ee85c637ee85c6377078e3a7c16e
5d7ead23fc91d48ffc91d48fff8000005d7f
c1c42ef76f0d2eab6f0d2eabf1586343c1c4
e04e00000ee20000e04e0000afb5dc00e04e
baac00001ad40000baac0000960e7000baac
bb740000f5860000f5860000717f7000bb74
abdf000043ab000043ab0000b014f500abdf
e99d0000e1590000e99d006c7f800000e99d
1a7b0000ba5c0000ba5c00009557b4001a7b
4ab600009f5600004ab60000aa9824004ab6
70a400006507000070a400017f80000070a4
f6c1c625fd7c6d50fd7c735e7f800000f6c2
d49300003dc80000d4930000d2e5b000d493
5a382e39ddd38aa5ddd21a49f89831d95a38
3c2900007f0500007f0500007baf9a003c29
1e43000000e400001e430000000000001e43
b1c00000e35c0000e35c000055a50000b1c0
5f43000044fd00005f43000064c0b7005f43
1fcf00007c7300007c7300005cc47d001fcf
3bda8abda2d13fdd3bda8abd9f32a1c93bdb
f42400007ab300007ab2fae0ff800000f424
88f240a2ed4137a0ed4137a036b6d75d88f2
d7f10000538d0000d7f07300ec04bd00d7f1
b03a000000800000b03a000080000000b03a
fd96e162bcf6d3b1fd96e1627b117958fd97
f90a00000aaf0000f90a0000c43cac00f90a
b98100000d6a0000b9810000876bd400b981
3819000076460000764600006eecac003819
946a00000ebf00009469e82080000000946a
41a600001334000041a600001569700041a6
4da000008da300004da000009bcbc0004da0
648b0000c85f0000648b0000ed722a00648b
1bce0000ffd800007fc000007fc000001bce
bfcebc68b5e25981bfcebc763636ca9bbfcf
c169000008fd0000c16900008ae64500c169
6f391b8ce662a14f6f391b53ff8000006f39
16520000ad320000ad320000841204001652
39e8d1d7308b463f39e8d1fa2afd53a539e9
e0b7000059460000e0b6fe74fa8d8a00e0b7
1e0c0000a72d0000a72cffdd85bd38001e0c
fab70000815b0000fab700003c9c8d00fab7
6184566df802b9c5f802b9c5ff8000006184
540c7090a4e92553540c7090b97fcdda540c
ad64000010b60000ad640000800a2180ad64
c70c000018ea0000c70c0000a07ff000c70c
a270e69d42001f1e42001f1ea4f1212da271
31420000321400003244800023e050003142
849b0000602b0000602b0000a54f1200849b
880b6980239cbdaa239cbdaa80000000880b
9a39dcbfa90f516aa90f516a03d01ad59a3a
f4a30000d0a40000f4a300007f800000f4a3
e1460afbfe13e08cfe13e08c7f800000e146
342da6bdb492fe97b3f0ace2a9476b93342e
0af70000bc2b0000bc2b000087a4fd000af7
bd4c68d532bcbf88bd4c68cfb096b5ebbd4c
cd498b6b4bde910ecd2db949d9af391acd4a
fd0668b3ff829da57fc000007fc00000fd06
07185d9cf70e2c5bf70e2c5bbea93ca60718
a97d716ea5463d07a97e37ab0f444226a97d
6ddc0000d1b700006ddc0000ff8000006ddc
e4e100004faf0000e4e10000f519cf00e4e1
5f555fbd49d5c6165f555fbd69b22dc35f55
1951a4d5e5ea9e1ae5ea9e1abfc022241952
6fb90000d5b200006fb90000ff8000006fb9
95cc00000a59000095cbfffe8000000095cc
d4d600000ce20000d4d60000a23cec00d4d6
e247000034cb0000e2470000d79dcd00e247
d4147f552d082407d4147f55c19df116d414
6aa40000372000006aa40000624d00006aa4
6277000042e500006277000065dcf3006277
8a6400006f9700006f970000ba867c008a64
a14e0000307800003078000092479000a14e
5e550000ea6c0000ea6bffffff8000005e55
8da60000080200008da5efc0800000008da6
47a700009f7e000047a70000a7a5b20047a7
8ac5bbb8b8f419d1b8f419d1043c8adc8ac6
27b4000011cc000027b400000000047c27b4
141900000780000014190000000000001419
d8bf6586e1bc3622e1bc36527b0cb707d8bf
adecd219d0183968d01839683e8cd1daaded
83ce00000090000083cbc0008000000083ce
ffe50000e9b700007fc000007fc000007fc0
737e00008a600000737e0000be5e4000737e
5b920000859e00005b920000a1b438005b92
713f0000bcb10000713f0000ee840f00713f
488d000080eb0000488d00008a016f00488d
4e5ea6b6394023414e5ea6b648271bb24e5f
9a7cb6e38749bd8d9a7cb6e3000000009a7d
a42bad821819afc5a42bad818000ce21a42c
0016aac1341dd066341dd066000000000017
474c20ba5ff3987b5ff3987b67c23ca6474c
7a8f7fa00ca83f987a8f7fa047bc9ecd7a8f
e9a70000357e0000e9a70000dfa5b200e9a7
85cc57912a9973ee2a9973ee8000000085cc
21c100008402000021c100008000000021c1
a587000086d10000a587000000000000a587
cc8395d508780e94cc8395d5957f0149cc84
961b0000cad20000cad20000217e4c00961b
1d5257a0a97bfb1ea97bfb1d874f0a3e1d52
e87c000048ad0000e87c0000f1aa4c00e87c
55e3535f7e2cca197e2cca197f80000055e3
c4c8000036dc0000c4c80000bc2be000c4c8
53fb51812627013f53fb51813aa3f36453fb
94880000a9b50000a9b50000000c05009488
04ee3898ec16273bec16273bb18bb9ab04ee
6cde0000eeb70000eea92000ff8000006cde
befa44e886153599befa44e80591de81befa
feda0000b38e0000feda000072f1d800feda
00d30000896900008968ff968000000000d3
928f00007eda00007eda0000d1f38c00928f
a0960000ba010000ba0100001b172c00a096
e37ec9641bbf54c4e37ec964bfbe6c9fe37f
14566119e7625e69e7625e69bc3d90c81456
f262fb9d6df5f71cf26280a1ff800000f263
66f70000e72f0000e64e0000ff80000066f7
b40168152e16491db4015eb0a297efe3b401
a3fc0000feb70000feb7000063342400a3fc
02f50000897900008978f8588000000002f5
73d00000e4e0000073d00000ff80000073d0
d92600007283000072830000ff800000d926
81c900007e7700007e770000c0c1ef0081c9
37d455080a9621c637d4550802f90bac37d4
665100000f4a0000665100003624ea006651
62f20000c75c000062f20000eacff80062f2
2ed000002b6600002ed1cc001abae0002ed0
f84a0560fd3a185afd3a4adb7f800000f84a
4377b1588507b3b84377b15889034c684378
ec05000039780000ec050000e600d800ec05
abeaead8e8d21c46e8d21c465540ce97abeb
60a77443e1cf4d9ee1a5708dff80000060a7
c7a9045e3c09f9b5c7a9045dc4363066c7a9
01b945aaf2940c2df2940c2db4d64a2c01b9
e8ee0000129b0000e8ee0000bc101a00e8ee
c4f90000034a0000c4f9000088c47a00c4f9
48e1d828d87e073fd87e073fe1e01adc48e2
1d1b0000e98a0000e98a0000c7271c001d1b
9a9f0000209100002090f61080002d089a9f
459f000031fd0000459f0000381d2300459f
4944ee72dccbec6edccbec6ee69cdef54945
152300000ddb0000152301b6000000001523
650100001a9a000065010000401b34006501
d2440000a7800000d24400003a440000d244
bd950000bda00000be1a80003bba4000bd95
6bc400003a1b00006bc40000666d58006bc4
32fa8d0cb5e527a4b5e13d70a96046f832fb
df9fca7df0306355f03063557f800000dfa0
0659fea236d5028036d502800002d58c065a
ce420000576400005763ffd0e62cc800ce42
7ab7000062c100007ab700007f8000007ab7
2b6b0000fff300007fc000007fc000002b6b
208c00007fe100007fc000007fc00000208c
b30300004c1400004c140000bf977800b303
3ada0000faeb0000faeb0000f6481e003ada
6af700007f4400007f4400007f8000006af7
7475000060cd0000747500007f8000007475
f18e0000204d0000f18e0000d2636c00f18e
bed300001af50000bed300009a49ef00bed3
84af6e0780c43e4784b032450000000084af
a03790b03d0436923d0436929dbd9b78a038
8661a358f5a737f6f5a737f63c9362e18662
2baa0000bc1d0000bc1d0000a85084002baa
15f80000187100001878c0000000000015f8
2d3b00002ff900002ffed8001db5e3002d3b
6c8f0000c4a100006c8f0000f1b3de006c8f
ba6b8d4f37d233d2ba64fbb0b2c16999ba6c
3236000087e400003236000080000a223236
3d010000360500003d01021433860a003d01
539522980ca0237d5395229820ba94975395
777f000068010000777f00007f800000777f
b8ae0000ae270000b8ae000527630400b8ae
af4e0000b04d0000b08040002024f600af4e
25bb484e6a3eaf696a3eaf69508b7ffd25bb
d58d0000370f0000d58d0000cd1d8600d58d
60c474c578eb2fb678eb2fb67f80000060c4
e66243decc64b2d3e66243de734a227fe662
d6ec000005700000d6ec00009cdd4000d6ec
6aebc134df32c86b6aebc133ff8000006aec
3dd40000c93a0000c939fffec79a08003dd4
4d9de5bf8ef24a164d9de5bf9d1570e14d9e
689a00009b6a0000689a0000c48cc400689a
24e668f12b293b902b2942c3109850e324e6
99730000ac970000ac970000068f55009973
f7f00000a3fd0000f7f000005c6d3000f7f0
ad300000a4700000ad30003c12250000ad30
651400003b6c000065140000610870006514
bbf30000f9f70000f9f70000766a7500bbf3
15db00008231000015db00008000000015db
ee72c18c6a1592bcee722bf9ff800000ee73
01db000083ff000083f150008000000001db
e7d70000581f0000e7d70000ff800000e7d7
24520000d24b0000d24b0000b72686002452
1b9f70639269bc111b9f7046800000001b9f
6f4bc7a1cb92d7d16f4bc7a1fb69c74a6f4c
38e1000041bf000041bf00383b27df0038e1
bc270000991d0000bc27000015ccd600bc27
d46b35cfc8d53cf6d46b35d15dc3ebc8d46b
ada2000062af000062af0000d0dd7c00ada2
0acb3f79a060b350a060b350800000000acb
c9c941eb91d4c464c9c941eb1c2744fcc9c9
c9ca0000dc310000dc310000668baa00c9ca
c0c30000eef50000eef50000703a9f00c0c3
d4cb000003f20000d4cb0000993fe600d4cb
a4e75fac3ca492093ca49209a214bd47a4e7
b36d000098f00000b36d00000cde3000b36d
1a81fdadd4ea028fd4ea028fafeda6591a82
8d0400007df500007df50000cb7ca8008d04
c84100002c690000c8410000b52fa900c841
b6180000edd10000edd1000064783000b618
2e2800004192000041920000303fa0002e28
cac8155407dd42c5cac81554932cee99cac8
50c000003895000050c0000049df800050c0
d9960000af070000d9960000491e3400d996
dfa3b83aff96a1ec7fc000007fc00000dfa4
17104a9a1f2bbc271f2bbcb70000000c1710
605abc5ccba6035a605abc5cec8dd901605b
31360000c5500000c5500000b713e0003136
3c3877cd0c94fda83c3877cd0956b8143c38
d04b00000f6d0000d04b0000a03bef00d04b
1c580000eb3c0000eb3c0000c81ea0001c58
61b7cc2bf6f7e1b7f6f7e1b7ff80000061b8
024c0000a9070000a907000080000000024c
d7c4750af8bcb96af8bcb96a7f800000d7c4
21d40000ce990000ce990000b0fd680021d4
ca1c00006ebc00006ebc0000f9652000ca1c
d71efe817de3fba67de3fba6ff800000d71f
546f000065860000658600007a7a3400546f
bcae00005d9c00005d9c0000dad41000bcae
a05d00000e4d0000a05d000080000000a05d
1200a7a699a53fcf99a53ece800000001201
597643d5ef6439b8ef6439b8ff8000005976
47820000eef30000eef30000f6f6cc004782
e011000010b90000e0110000b1519200e011
eded00005c610000eded0000ff800000eded
0f5f0000bb690000bb6900008b4af7000f5f
279800005b2300005b230000434190002798
add5d9eb68a5db2968a5db29d70a8c88add6
704cd5345c8cf103704cd5347f800000704d
efac00006cea0000efa85800ff800000efac
18680000de780000de780000b760c0001868
7f6f000021c300007f6f000061b60d007f6f
412a000081200000412a000082d48000412a
aeb5000021320000aeb50000907bb400aeb5
c1dd0000c64e0000c64e6e8048b1d600c1dd
b718000091190000b718000008b5b000b718
c84a00005615000056150000deeb2400c84a
c08e0375e4325914e43259146545dfa3c08e
0386000028ad000028ad0000000000000386
c30e0000c60d0000c60f3800499c6c00c30e
e79100000f660000e7910000b7824600e791
2e9300002cf900002ea290001c0efb002e93
0e1c0000624200006242000030ec70000e1c
c10c0000fbfa0000fbfa00007d88b800c10c
e5e9000061960000e5e86a00ff800000e5e9
b13b000085b40000b13b000000000021b13b
1de700007ff600007fc000007fc000001de7
34f70000eb850000eb850000e100530034f7
dc3e000092890000dc3e00002f4b5c00dc3e
2b403a6df468c602f468c602e02ec9a12b40
94f80000995b0000995b7c000000000094f8
7216837590b13aa272168375c35066ba7217
f2c884b4f4c462fef4d0eb497f800000f2c9
76860000cf3b000076860000ff8000007686
e70800004bc20000e7080000f34e2000e708
a7ea000087850000a7ea000000000000a7ea
35a200003c4800003c480510327d200035a2
fc400000edb30000fc4000007f800000fc40
ad5cf17c831a869bad5cf17c00000000ad5d
bda3000007f60000bda30000861ca200bda3
82770000a1a90000a1a90000000000008277
206b00009da800002065c0008009a380206b
19c1caaa94d4ab7619c1957f8000000019c2
4b950000856c00004b95000091895c004b95
691a00009ae70000691a0000c48af600691a
f2ea2aefa7278d26f2ea2aef5a99431ef2ea
8b5800002e9300002e930000800007c08b58
c05a38460ee3d485c05a38468fc2350ec05a
b275f57ba998f0d7b275f5c71c92f126b276
b44f000094010000b44f000008d09e00b44f
9492000029200000292000008005b4009492
aa6dfee4e3f7be9be3f7be9b4ee65221aa6e
785fa98e1fa1a33e785fa98e588d38417860
20710000623f0000623f00004333cf002071
198df008affb498faffb498f8a0b5321198e
ad3e00003af900003af90000a8b8ce00ad3e
db8c48337101583571015835ff800000db8c
2a2f000075a5000075a50000606196002a2f
76597e2d8467bdac76597e2dbb44e1ff7659
70870000a9d6000070870000dae1b4007087
626d0000a8450000626d0000cb366100626d
9e75c1b89756f2e89e75c514000000069e76
264c000070880000708800005758c000264c
7e3f04e78bf5157e7e3f04e7cab6dfba7e3f
eb3600001a6a0000eb360000c6265c00eb36
80870000fb110000fb1100003c18ee008087
c02e000062bb000062bb0000e37e3400c02e
cf4ee4ec79534aae79534aaeff800000cf4f
be150000769b0000769b0000f5346e00be15
26f00d003838dcab3838dcab1fad584426f0
168ef5c83c6d27a33c6d27a313846fad168f
d5b100006a5500006a550000ff800000d5b1
f1540000e89c0000f154004e7f800000f154
df8a00007889000078890000ff800000df8a
2443000049660000496600002e2f32002443
1acc0da6093e109a1acc0da6000000001acc
88410000be5a0000be5a000007245a008841
57a800003d98000057a8000055c7800057a8
6ac70000598700006ac700007f8000006ac7
3fd20000daa10000daa10000db0412003fd2
212b0000cd640000cd640000af184c00212b
98260000728d0000728d0000cb36dc009826
fdf40000ec850000fdf400007f800000fdf4
fc2b00006d8a0000fc2b0000ff800000fc2b
f5ac0000ae8d0000f5ac000064bd7800f5ac
308f0000582300005823000049361a00308f
3a0c000013d100003a0c00000e6498003a0c
d71f00009e220000d71f000035c93c00d71f
6e4d7afdb56839346e4d7afde43a655f6e4d
ce35a4d6d73ab975d73ab9a266047d5bce36
451c000075620000756200007b09b800451c
3d4f0000352700003d4f00a7330709003d4f
faf3000050af0000faf30000ff800000faf3
7fcb0000d66900007fc000007fc000007fc0
b14500006972000069720000db3a3a00b145
1cbf0000c4ec0000c4ec0000a23014001cbf
a5c50000be3b0000be3b0000248fe700a5c5
d523210faf144507d523210f44bcf632d523
7bcd000063a100007bcd00007f8000007bcd
4fb900e2c74063494fb90082d78b086a4fb9
2aaefc9a752a7790752a779060690af02aaf
e2a30000c45d0000e2a30000678cb700e2a3
8dab0000c8820000c882000016adac008dab
262c000049740000497400003023f000262c
265641fe115f3534265641fe0000005d2656
26f80000c5b20000c5b20000ad2c700026f8
bc6bf3cc7d064c167d064c16f9f78f7bbc6c
f724289288271489f72428923fd64745f724
22640000add80000add7fffe90c060002264
77a30000ce48000077a30000ff80000077a3
1d190000a0860000a084ce00800501601d19
42930000fe490000fe490000ff8000004293
60f600001da2000060f600003f1bac0060f6
eb320000e53a0000eb320ba07f800000eb32
42dd0000501600005016000053817e0042dd
daaba04003b4fc86daaba0409ef2abf1daac
c29e0000c3580000c393800046855000c29e
ac7c00008d8a0000ac7c00000000087eac7c
20320000d5840000d5840000b63790002032
f1467b4a82c9bda9f1467b4a349c69d9f146
34860000690d0000690d00005e139c003486
119a0000beab0000beab000090cdbc00119a
29a437a66aede2846aede284551898d229a4
75450000c790000075450000fd5da0007545
7c0d3ac47130bc4e7c0d3ac77f8000007c0d
72249ab5c46f673672249ab5f719eecc7225
97320000f7b50000f7b500004f7bb4009732
a185b6e58440cedda185b6e500000000a186
261c0000ef990000ef990000d63a7800261c
47c50000d6fc0000d6fc0000df41ec0047c5
39650000babe0000baa16000b4a9f6003965
6194000076380000763800007f8000006194
73f6e1f844c4012473f6e1f8793d061b73f7
7e32fd6e5ea400477e32fd6e7f8000007e33
83750000bc850000bc850000007f49008375
56520000ab95000056520000c27474005652
e9ff0000ea140000ea89c0007f800000e9ff
07566ce098ed78db98ed78db800000000756
50f30000bcbb000050f30000ce31810050f3
854b00006ebe00006ebe0000b496aa00854b
6ca353cf34065c726ca353cf612b71b26ca3
a456afe6a08f4f02a457ce8405705d07a457
19b8ea2378928b0b78928b0b52d3b3ee19b9
8ae100005894000058940000a40214008ae1
1bce1dac27e4b9bc27e4b9bd043827f81bce
19f78c7e85c2a5a119f78c7e8000000019f8
9229000072d6000072d60000c58d46009229
0b20000025cb000025cb0000000000000b20
bc3f0000ae180000bc3f00002ae2d000bc3f
28600000d9f20000d9f20000c2d3c0002860
f3ff0000bc550000f3ff000070d42b00f3ff
887d0000d3750000d37500001c722100887d
2732000096d2000027320000800920402732
addf0000979c0000addf00000607e400addf
4deb0000f2710000f2710000ff8000004deb
6fd7000040be00006fd70000711f92006fd7
8ecb00009172000091785800000000008ecb
aef17adf57ee356657ee3566c760b29aaef1
38da000074f7000074f700006e52560038da
8dba0000dbcc0000dbcc00002a1438008dba
8cc629eb7949f5067949f506c69c54948cc6
0066000090d6000090d60000800000000066
105d0000511a0000511a00002204f200105d
e742000099fa0000e742000041bd7400e742
65ad0000126e000065ad000038a0d60065ad
3c0600005f3c00005f3c00005bc4d0003c06
24e200002f4500002f45000714adea0024e2
0106000042e8000042e800000472e0000106
a0b00000311b0000311b000092552000a0b0
faba0000b3040000faba00006e3fd000faba
f9c6ae27791a9ef2f972bd5cff800000f9c7
2f0998a9455940244559402434e989c22f0a
115d0000357b0000357b00000758af00115d
f600000039dd0000f6000000f05d0000f600
a96a3dc1be7a6593be7a659328651d3fa96a
681f000035c10000681f00005e6fbe00681f
23ed8ccd2ad3a6e42ad3aa9a0f4465ea23ee
4c3a0000b89a00004c3a0000c55fc8004c3a
cf7100007227000072270000ff800000cf71
f2e800006dbb0000f2e7d140ff800000f2e8
2f220000436a0000436a0000331414002f22
af0ff3d5d52a7ce4d52a7ce444bfbc4caf10
a7780000e9e30000e9e3000051dbe800a778
83860000d4d90000d4d9000018e32c008386
9e960000e8b90000e8b9000047d8cc009e96
1fe2ae94f2887283f2887283d2f1a4491fe3
0dd5c87fafd1b2d8afd1b2d8800578f00dd6
14b7000017d4000017d6dc000000000014b7
97760000fa040000fa04000051fdb0009776
b912ba3e55b0bba455b0bba4cf4a972db913
55f400006c9600006c9600007f80000055f4
60750000c231000060750000e32965006075
e61c0000c9a20000e61c000070457000e61c
49460000eeec0000eeec0000f8b688004946
34f000008e92000034f000008408e00034f0
58f141c9c64c070e58f141c9dfc0471258f1
6f6a0000197000006f6a0000495b60006f6a
d4260000d0ca0000d42794006582fc00d426
8a49000055d0000055d00000a0a350008a49
38337f05c0972116c09720bcb953ee3d3833
866a995a598e5995598e5995a0827328866b
f7f4cc0b7f9263337fc000007fc00000f7f5
19b543c0e323b6ade323b6adbd67d6f819b5
ae5a0000cf090000cf0900003de95400ae5a
a7010000a6900000a74900000e112000a701
a6d10000a2dc0000a6d1dc000a339c00a6d1
cfdc0000f7760000f77600007f800000cfdc
7c51c6d8cb65769b7c51c6d8ff8000007c52
bc4e000097990000bc4e000014763c00bc4e
60302f2f62db97f762e119707f8000006030
2471000075800000758000005a7100002471
fea9000041880000fea90000ff800000fea9
8f376d7f7e1fe1b27e1fe1b2cde51d718f37
41e2d2f5c8c9f86dc8c9f4e2cb32f3bf41e3
aefa7713c0642f9fc0642f9f2fdf40a4aefa
a97cac4677ebefb077ebefb0e1e8deb7a97d
f637402c04a79139f637402cbb6fe5a2f637
4a2ddcb1bcc34fa34a2ddcb1c784a5314a2e
a550d2b9345167fe345167fe9a2ad0dda551
881d1b2631941d1131941d11800005ae881d
bba9f28e4b428fbf4b428fbfc781293dbbaa
bc8e00006e5600006e560000eb6d6800bc8e
61c5000070d2000070d200007f80000061c5
c2140000804d0000c214000002b21000c214
d27a34849ab4f0fdd27a34842db0d875d27a
d3ed0000b89b0000d3ed00004d0f7f00d3ed
a33a7a06d00a65ffd00a65ff33c9a026a33a
927b000011c600009218000080000000927b
ffda00002b7c00007fc000007fc000007fc0
462e90ce3426cf88462e90ce3ae37ed3462f
dd0bc0eaa53ad1efdd0bc0ea42cbf98add0c
133d0000df950000df950000b35c0200133d
6d560000c30f00006d560000f0ef14006d56
77940000b24a000077940000ea6990007794
944085b8974e15db975117f2000000009441
197f00002ba400002ba4000005a35c00197f
1a935e446b12407e6b12407e462861c61a93
a8160000bf530000bf53000027f74400a816
eb252e05a16992abeb252e054d16b585eb25
8b910000170c0000170bffff800000008b91
9e1e0000143600009e1dfff5800000009e1e
46ce0000ffb000007fc000007fc0000046ce
6fbd0000a1d200006fbd0000d21b0a006fbd
53ce0000872b000053ce00009b899a0053ce
20da0000b0f70000b0f700009252560020da
a38700003453000034530000985e8a00a387
f9fb000018010000f9fb0000d27cf600f9fb
20db998c3af3e13f3af3e13f1c5133f820dc
9f72452a5b0b1bc05b0b1bc0bb03a5d19f72
768f00008be60000768f0000c3007a00768f
6c730000726b0000726b0f307f8000006c73
8b3f0000469b0000469b000092674a008b3f
4df400007c2600007c2600007f8000004df4
9e5e00006f2300006f230000ce0d5a009e5e
8aab0000813b00008aab0017000000008aab
5667000057df000057fbe0006ec939005667
008b0000b8b70000b8b700008000031b008b
7ab4563e33fa925a7ab4563e6f3083517ab4
756e98b1d3f157ab756e98b1ff800000756f
8bfb00006360000063600000afdba0008bfb
e7d9c23dfb7d6fd8fb7d6fd87f800000e7da
cf961f19d5051d90d5053054651c1efccf96
233b853e3240eaba3240eaba160d4fdf233c
0687000041300000413000000839a0000687
83a90000e0370000e037000024719e0083a9
2567e24aed96a441ed96a441d388735f2568
c2f484c172fc27a672fc27a6f670d88dc2f5
5b0b000061b5000061b504587d448e005b0b
faac000069140000faac0000ff800000faac
016cb09171f8785b71f8785b33e5ba53016d
2e3e87eddb45cd51db45cd51ca1337692e3f
9e16ed93a56ff34fa56ff5ab040d773e9e17
b0040000ac900000b00520001d148000b004
559ed25c87ba919b559ed25c9de77e58559f
58650000c311000058650000dc01b5005865
1660ceb10946aae81660ceb1000000001661
4b550000172200004b5500002306ca004b55
8b2e7f31e6040c1fe6040c1f31b403b18b2e
350b0000b6e80000b6d6a000ac7bf000350b
ee5f00000b9e0000ee5f0000ba89a200ee5f
efad0000333e0000efad0000e3806600efad
115500009525000095242b00800000001155
b8e631a85873068858730688d1da8702b8e6
4836000026770000483600002f2f9a004836
01dc72f60a84e0f40a84e12b0000000001dc
2bd100001dd500002bd100000a2de5002bd1
936e000060c0000060c00000b4b28000936e
989800004e6f00004e6f0000a78de8009898
0397000019ac000019ac0000000000000397
c6e80000024d0000c6e8000089b9c800c6e8
724b0000e8c80000724affe7ff800000724b
f0640000650c0000f063fffeff800000f064
55020000fdf30000fdf30000ff8000005502
d46886e0b77354ddd46886e04c5d051cd469
f5ee000041a90000f5ee0000f81d1e00f5ee
5b234cf607a53ccd5b234cf62352cec75b23
830a86d67a26e7847a26e784bdb4a16c830b
32370000b1ef0000317e0000a4aad9003237
94fe32cc446e07c3446e07c399ec5aef94fe
0db80000fc010000fc010000ca3970000db8
2555d6e823b80bda256cd8630999bc5d2556
bb761471c07586a5c075c42a3c6c02fdbb76
794b0000f38b0000794aeea0ff800000794b
04220000b40d0000b40d0000800000b20422
3307000007c1000033070000000019723307
bd3d9387e4bde621e4bde621628ca056bd3e
f2b6000097860000f2b600004abe8800f2b6
596dc31ec4e34ef6596dc31eded31d5a596e
d129e50d162697d5d129e50da7dd1e94d12a
58ec87b8102b623258ec87b8299e596258ed
c2b20000948b0000c2b2000017c14c00c2b2
80ed3855c2358b34c2358b3403a839d280ed
786e000008fa0000786e000041e86c00786e
da6600003d830000da660000d86b6400da66
3ebd13ebf4814cc6f4814cc6f3beff7b3ebd
589c0000cc190000589c0000e53a7800589c
820c000010f7000010f7000080000000820c
006a0000e01b0000e01b0000a1005c00006a
a8ea0000bd2f0000bd2f0000269ff600a8ea
d7d50000361e0000d7d50000ce837600d7d5
220800007a7700007a7700005d0338002208
f9ca00005afa0000f9ca0000ff800000f9ca
7a140000070100007a140000419528007a14
831d509556507203565072039a001789831d
172b0000a9f10000a9f1000081a0fb00172b
1252435af4d5a38bf4d5a38bc7af785d1252
57c70000ae36000057c70000c68d7a0057c7
1eb1aa9e89fb18e01eb1aa9e800000001eb2
db510000b00a0000db5100004be15400db51
29e300009aea000029e30000854f7e0029e3
4c930000d8a10000d8a0ffffe5b8e6004c93
6f2b6cbd50a43cc26f2b6cbd7f8000006f2b
e7430000b7f20000e74300005fb85600e743
8ff70000ca550000ca5500001acd83008ff7
e59a0000d6c00000e59a00007ce70000e59a
496d000046270000496f9c00501a9b00496d
0b7d0000b2020000b2020000800403d00b7d
1add0000e8080000e8080000c36ad0001add
9df3000013ad00009df2fff5800000009df3
5c3800001d8f00005c3800003a4d90005c38
49e600005fb200005fb200006a1fec0049e6
d589e3ac025aa748d589e3ac986b8bf6d58a
aa62b1c7957ecd2faa62b1c70070d10baa63
5329e40981a0b7915329e409955550b0532a
8d885cb0c730e760c730e760153c75f08d88
bf43000072ec000072ec0000f2b3c400bf43
18670000ac990000ac990000858a0f001867
07420000cc4e0000cc4e0000941c1c000742
64e300006032000064e359007f80000064e3
a068e938c8076ba2c8076ba228f669d3a069
1d47941f49e1244e49e1244e27af857d1d48
9ba00000b4490000b4490000107b40009ba0
945f000089830000945f000400000000945f
fb0b000080710000fb0b00003bf56c00fb0b
36c10000416b0000416b000638b12b0036c1
349753a6badf4281badf390cb003f92d3497
f97393aee751acebf97393ae7f800000f974
5dfe0000d6a400005dfdfd70f522b8005dfe
d7889c49c0ac58b6d7889c4958b7f0b0d789
1e94f9a19b230a641e93b38c800005ee1e95
683c0000d3b30000683c0000fc837400683c
961225ae15e545e294fc15e8800000009612
1eb46641c2a9924ec2a9924ea1eefd341eb4
9e040000f9e90000f9e90000587048009e04
3587000008e5000035870000000f18603587
e3c67ca3bade44b0e3c67ca35f2c5557e3c6
6e2cd2a7055e78ca6e2cd2a7341630386e2d
029a0000f48e0000f48e0000b7aad800029a
9ba30000ac970000ac97000008c04a009ba3
6bb71731e7925a116bb684d7ff8000006bb7
a37b0000bed80000bed8000022d3c800a37b
68fce32ed692ee2268fce32eff80000068fd
4f21bb4b96408b7f4f21bb4ba5f349324f22
4cdd000096c300004cdd0000a42857004cdd
565e00001cfb0000565e000033d9aa00565e
7515fef1c45eb2567515fef1fa027b937516
7e8f0000eff600007e8f0000ff8000007e8f
3ea14083b98509b33ea11f41b8a799403ea1
f164a8562fe51dfcf164a856e1cca55df165
4eb10000d4000000d3ffd3c0e33100004eb1
88930000f7fa0000f7fa0000410f8e008893
8847593a40516e6040516e60892315cb8847
eb9e0000c77b0000eb9e0000739aea00eb9e
45481d3dc7d048bec7ca07d4cda2d09e4548
210f000002a60000210f000000000000210f
f87513a6c90743daf87513a67f800000f875
82fc00001c4200001c4200008000000082fc
265600001546000026560000000052c22656
a0d6000087790000a0d6000000000000a0d6
7f78000025bf00007f78000065b908007f78
e798000059f80000e7980000ff800000e798
63e5a8eb26be89ae63e5a8eb4b2aeee263e6
bb9abb623f28c9c83f279451bb4c09ddbb9b
46df25a4c97e4996c9775069d0dda77d46df
ad2a000006a20000ad2a000080000000ad2a
d96c0000a5e70000d96c00003fd4f400d96c
f3e6e75790fb6d73f3e6e7574562c78bf3e7
24850000afd90000afd8fffe94e17a002485
0ce7000084a500000ce6ff5b800000000ce7
9e34a11726234a232623496e84e66dc29e35
f59390704cc11a8bf5939070ff800000f594
e1584975fc562da4fc562da47f800000e158
3426b40c1a9f46d03426b40c0f4f6fe03427
6c3f00005a8300006c3f00007f8000006c3f
f133000078a1000078a0fe9aff800000f133
641f000040bc0000641f000065698800641f
819800009283000092830000000000008198
e039000015e00000e0390000b6a1e000e039
2b602378171831892b6023780305406e2b60
556600007e8c00007e8c00007f8000005566
9f50c67d5dfcb7495dfcb749bdce18dc9f51
a97b00005755000057550000c150d700a97b
667315e069546af1695837487f8000006673
cc33761151b4f62a51b4dfbbde7db72acc33
1f5f00002264000022677c0002469c001f5f
2df60000814200002df60000800000002df6
b9120000074d0000b912000080e9d400b912
209700006248000062480000436bf0002097
ebbd000001140000ebbd0000ad5a8800ebbd
2257000060fa000060fa000043d1f6002257
c5430000cff50000cff5000655ba9f00c543
76d200001325000076d200004a875a0076d2
b2bcd8422ccbb128b2bccb87a016422bb2bd
83e6000040c5000040c500008530fe0083e6
7e232fa57f87b02f7fc000007fc000007e23
a0d10000a8140000a81401a20971a800a0d1
e3baff8694cd60a4e3baff8639160536e3bb
b6ce00008eb30000b6ce000006100a00b6ce
e7ba000050440000e7ba0000f88e6800e7ba
5a460000ed510000ed510000ff8000005a46
7d5a0000973100007d5a0000d516ba007d5a
fd34aef45eabe318fd34aef4ff800000fd35
624700000f0c00006247000031d9a8006247
f28cc2a4790d150e790d10a8ff800000f28d
67e0000094ad000067e00000bd17600067e0
262d00005c3800005c38000042f8b000262d
28650ea8681697e7681697e75106be812865
05c8cc117ed9a57d7ed9a57d452ab6c805c9
44988bd189673b1144988bd18e89c95c4499
774849cf67d971c7774849cf7f8000007748
a692000014840000a6920000800025a4a692
a64400003c8b00003c8b0000a354d800a644
31e600002be3000031e60e301e4bf20031e6
3cb2000076e1000076e10000741c72003cb2
94e3000076ef000076ef0000cc53ed0094e3
bcfa00000dc00000bcfa00008b3b8000bcfa
23350000df620000df620000c31fca002335
3a96e671c53f059dc53f0598c061327b3a97
a7190000ece10000ece1000054867900a719
d8f40000725d0000725d0000ff800000d8f4
6f210000171400006f21000046ba28006f21
b3420000b10d0000b34ad00024d5b400b342
caa60000bcb70000caa6000047ed5400caa6
60a900004099000060a9000061ca020060a9
4fe00000bad000004fe00000cb3600004fe0
b3d8569a967d2ee3b3d8569a0ad5f536b3d8
6bf7f41bad8888196bf7f41bda043d806bf8
9bf40000ae6f0000ae6f00000ae3cc009bf4
5359000028e70000535900003cc3cf005359
086e00002e2100002e21000000000013086e
52f100004ddc000052f13700614f1c0052f1
f0900000194e0000f0900000ca67c000f090
c5b2000077c4000077c40000fe084800c5b2
8a0f0000a50e0000a50e0000000000008a0f
9375f04ad570c7dcd570c7dc296751479376
8a4418de1297978812979726800000008a44
5f14506543c123405f145065635fca105f14
b8540000bb010000bb04500033d5a800b854
b9efc0dee643d0c1e643d0c160b7636bb9f0
9bfc471a87e270a99bfc471a000000009bfc
9f660000f5a20000f5a2000055918c009f66
2c300000d3e30000d3e30000c09c10002c30
ef73000066e30000ef72ff8eff800000ef73
8a3900008ac000008b0e4000000000008a39
a0050000d28a0000d28a0000330f6400a005
bd350000cd410000cd4100004b087500bd35
b8d5842b0c2e3c02b8d5842b859151e2b8d6
243f0000cfad0000cfad0000b4811300243f
698000007dac00007dac00007f8000006980
5d770000c34a00005d770000e142e6005d77
80be77a68c1afcf28c1afcf30000000080be
fe6100007f4c00007f13c000ff800000fe61
40dc000008d1000040dc00000a339c0040dc
01980000efa10000efa10000b1bf30000198
12440000dc0e0000dc0e0000aed970001244
4caa5e7502657bb24caa5e750f98b8d14caa
0b940000178d0000178d0001000000000b94
408c0000b0a90000408c0000b1b8d800408c
ba850000dc380000dc380000573f3000ba85
758500001ec700007585000054cec6007585
3cb67a30abaf07ef3cb67a30a8f9865d3cb6
098c8d8055bc290d55bc290d1fce9ce8098d
6be5000076ab000076ab00047f8000006be5
9dd8000008bd00009dd80000800000009dd8
4c3bde2e94e55e344c3bde2ea1a852e14c3c
567100003b4c00005671000052400c005671
a08dd2a50a00fdd7a08dd2a580000000a08e
76c2000032e4000076c200006a2cc80076c2
cb220000b0c50000cb2200003c795400cb22
6f6a0000c3b500006f6a0000f3a572006f6a
a03000001c7c0000a02f040080015a80a030
f0a20000e2740000f0a200007f800000f0a2
be072eac20e9f487be072eac9f771535be07
4c450000b29c00004c450000bf7018004c45
ad42229ef68dd5c3f68dd5c364571e57ad42
1bcb00003e0500003e0500001a52ee001bcb
97f000005919000059190000b18f700097f0
691d5b2567434f28692990187f800000691d
623a53b3793678ca793678ca7f800000623a
543f0000b4f20000543f0000c9b48e00543f
6913000069bb00006a0240007f8000006913
19220432fe1eeb83fe1eeb83d7c927471922
915b90633f75aea93f75aea99152b6fc915c
014aefd2efa0b227efa0b227b17ec63a014b
30840e1f019d96a530840e1f000000003084
d7769929b877edd1d7769929506ed2dcd777
f4090000c1ef0000f4090000767fce00f409
92689c610bd2bb10926895cb800000009269
348be04430b553dd348c959825c626c5348c
62aa00002a20000062aa00004d54800062aa
33640000a6a20000336400009a9048003364
c18600005163000051630000d36da400c186
c35d00002cfa0000c35d0000b0d7d200c35d
d8d26580b58446a1d8d265804ed96cc4d8d2
99040000581f0000581f0000b1a3f8009904
a89e000087d30000a89e000000000000a89e
668b637c2a42e81d668b637c51543f8c668b
a9362764837c2cbaa936276400000000a936
8242000095fb000095fb0000000000008242
acf2e16760b9705c60b9705cce2fef7dacf3
cbde00005e2a00005e2a0000ea936c00cbde
10e20000a1780000a17800008000000010e2
281a0000373a0000373a00001fdfc800281a
13500000331300003313000006eee0001350
b7c85422c9485f74c9485f74419ccc6db7c8
ad6200005889000058890000c671e400ad62
5d62000059a100005d634200778e22005d62
db20000065aa000065a9fffbff800000db20
941a9929b6255bf0b6255bf00ac7b87a941b
ad8c0000bea80000bea800002cb7c000ad8c
1f99000029ec000029ec000a0a0d0c001f99
7a450000706600007a45000e7f8000007a45
7dbef7685e16b6947dbef7687f8000007dbf
88900000bec10000bec1000007d920008890
ea9d0000165f0000ea9d0000c188c300ea9d
52a278d319ab371452a278d32cd9535352a2
701f000000d10000701f00003181cf00701f
f164ac872c1b901cf164ac87de0af530f165
27f00000722c0000722c00005aa1400027f0
47860000731c0000731c00007b2350004786
85160000400f0000400f000085a794008516
780e63fa130ad248780e63fa4b9a6db6780e
4cc20000458e00004cc2023852d738004cc2
db2c450949167753db2c4509e4ca817edb2c
82f800009aba00009aba00000000000082f8
e61476a6ac37c80ae61476a652d529a6e614
da200000d9df0000da87c000748b6000da20
c18e0000c0060000c19ec0004214a800c18e
e4380000cc9a0000e4380000715d6000e438
e6cd0000c9c50000e6cd0000711dc100e6cd
f5c2000081510000f5c20000379e6200f5c2
c6a00000088f0000c6a000008fb2c000c6a0
7215d29d21ba7d247215d29d545a48867216
80630000999f0000999f0000000000008063
dc6d0000a7b40000dc6d000044a6a400dc6d
7dee0000254c00007dee000063bda8007dee
251294d19106e8ba251294d18000000a2513
2d620000dde10000dde10000cbc6a2002d62
1235000032aa000032aa0000057064001235
edcf0000c10c0000edcf00006f626800edcf
89c30000f94a0000f94a00004399de0089c3
6d0f0000fb7f0000fb7f0000ff8000006d0f
dca19233557042f5dca19052f297a352dca2
51d30000e13d0000e13d0000f39bc70051d3
5db6000063a5000063a50b607f8000005db6
080e35396fa079f56fa079f538324a06080e
5e040000854d00005e040000a3d368005e04
1208b9661362ac7013826d65000000001209
b4110000bd570000bd57002431f38e00b411
c691000024460000c6910000ab604c00c691
2dc70000da850000da850000c8cec6002dc7
77ab00007d1e00007d1e15607f80000077ab
faf88c91827f80f2faf88c913df81136faf9
133a82c7824d4a06133a82c780000000133b
e765000093db0000e76500003bc3e700e765
8c6322d4ef3ae456ef3ae4563c25d1e58c63
d557000044df0000d5570000dabb4900d557
4d8c000087c000004d8c000095d200004d8c
a4060ffc2a8e80c82a8e7c988f15409da406
044678540ccff55f0ccff5c2000000000446
6d97e6f10a13fa9b6d97e6f1382f9ca06d98
bdae14f2fee18af2fee18af27d195ee5bdae
c95d000045950000c95bd600cf80a100c95d
e22d0000b96c0000e22d00005c1f7c00e22d
3d9d2fa403bff07e3d9d2fa401ebb46b3d9d
6a4bd1a49b4fae266a4bd1a4c625592a6a4c
514f0000264b0000514f000038242500514f
8fbb28f4eb2af38feb2af38f3b79f6858fbb
5de20b6daffbe96f5de20b6dce5e6f525de2
4fdc000075090000750900007f8000004fdc
85910000b1540000b15400000000001e8591
d4280000ce610000d4280e106313a800d428
0a610000e5c30000e5c30000b0ab63000a61
2bc50000f50f0000f50f0000e15c16002bc5
ec140000ff050000ff0500007f800000ec14
fc7189e3bc3ce434fc7189e379323893fc72
b9cc0000256e0000b9cc00009fbda800b9cc
3b6b000096d800003b6b000092c648003b6b
aae7000077f3000077f30000e35b4500aae7
b96600000a120000b966000084032c00b966
8096000033e9000033e90000800000018096
6bd50000351300006bd5000061749e006bd5
77260000f70c000075d00000ff8000007726
32eb7e72dc60dad6dc60dad6cfced7f232eb
067617a11378a0ee1378a0ee000000000676
1969000030610000306100000a4cc9001969
2c8c0000f6890000f6890000e395d8002c8c
18c912cf309526aa309526aa09ea4ca218c9
80310000e6d40000e6d40000272250008031
61250000688400006884014a7f8000006125
356c1ae344d9db0144d9db013ac8ecc6356c
1fb400004554000045540000259510001fb4
3ae5000098ab00003ae500009418f7003ae5
2bf20000e43a0000e43a0000d0afd4002bf2
64be2376695e019c695e60ae7f80000064be
b10d7bf789e435d1b10d7bf700001f88b10d
9e878bdcd4444b5ed4444b5e334fddf89e88
2b220000d7650000d7650000c310ea002b22
7d4f0000059400007d4f0000436f58007d4f
a68a0000325600003255ffff9966b800a68a
4cc40581c91b60ff4cc2cebfd66df3354cc4
b20d8cef9286a2f4b20d8cef0514e3beb20e
1f570000840500001f570000800000001f57
35bf000025aa000035bf00001bfdac0035bf
d4e7e649ce68b6fed4e7ed8f63d2ce76d4e8
7a860000afc200007a860000eacb18007a86
19110000ff040000ff040000d89588001911
58f00000ff3a0000ff3a0000ff80000058f0
03a500002bae00002bae00000000000003a5
8bdc0000a4e60000a4e60000000000008bdc
7dff00008ad200007dff0000c9512e007dff
fcb7000023ff0000fcb70000e1364900fcb7
dc0000007a4400007a440000ff800000dc00
a39a00004f6000004f600000b386c000a39a
8ad60000f0310000f03100003b93f6008ad6
973b00006c9800006c980000c45e1000973b
fc72efaca8b6fa8bfc72efac65ada426fc73
f0c000000b5b0000f0c00000bca44000f0c0
8acdc1563ddc1ec53ddc1ec58930eae18ace
8d4f07b0d0ec8a70d0ec8a701ebf4b0b8d4f
e39600002cb60000e3960000d0d54800e396
4ef9b86f6a286df16a286df179a44c474efa
43daf820aa10402f43daf820ae76c4f043db
90e724e8167a9c3a167a7f558000000090e7
7c4f00001cb200007c4f0000598fee007c4f
0bfe616a68dc4f0268dc4f02355aea390bfe
cf4c71a785852792cf4c71a71554ad4bcf4c
d839c4f8f374969bf374969b7f800000d83a
5d490000f87e0000f87e0000ff8000005d49
c5b46c6a166437b9c5b46c6a9ca0d7d4c5b4
0b5f0000a3390000a3390000800000000b5f
f9e88d2a045f572af9e88d2abecae226f9e9
ca4b0000474c0000ca47d000d221c400ca4b
3edd0000af6000003edd0000aec160003edd
20f9000017ec000020f9003b000001cb20f9
a52500009e680000a52503a004158800a525
249000008145000024900000800000002490
d14e0000f6400000f64000007f800000d14e
d0020000da440000da4400086ac71000d002
1324185aae0899a3ae0899a381af1ed61324
3a42e782bd1acd31bd17c193b7ebb6fa3a43
b1e000002d130000b1dfb6809f80a000b1e0
ce14000099000000ce14000027940000ce14
65010000afa0000065010000d52140006501
5d3e0000b83100005d3e0000d6035e005d3e
5ae1000095bf00005ae10000b127df005ae1
133200003254000032540000061368001332
65b56387fc1534ddfc1534ddff80000065b5
e5c00000bf950000e5c0000065df8000e5c0
6dbcad016f7785d96f878dbd7f8000006dbd
8ea48d04cf44d6f9cf44d6f91e7d0c4a8ea5
d94b0000b2e00000d94b00004cb1a000d94b
a90c9c27708e3dd0708e3dd0da1c4122a90d
96c7000097e000009808e0000000000096c7
115e0000b6010000b601000087dfbc00115e
18582c25e0b30e55e0b30e55b99732f81858
4d8d566550593fae505daa615e6fe2c84d8d
c901722cfd6453a1fd6453a17f800000c901
0aaa2a083db56ae93db56ae908f12d900aaa
1a940000f0d90000f0d90000cbfae8001a94
ad3d0000dcf60000dcf600004ab59e00ad3d
c6c10000ee030000ee03000075458600c6c1
50d9e683f85a10dff85a10dfff80000050da
515c0000c8e40000515bff8edac3f000515c
5ac15291c8b982b55ac15291e40c175f5ac1
d2f458bae0303282e030328273a82d35d2f4
50e1000065150000651500007682f50050e1
4bad00002c3000004bad0000386de0004bad
7f080000794700007f080c707f8000007f08
cb0688ec66b17a3b66b17a3bf23a89cfcb07
af1d0000ab6e0000af1dee001b11f600af1d
7ba9b13fa0fcc1637ba9b13fdd278aaa7baa
05d400004f3100004f3100001592940005d4
940fc1db1d46c2181d46c1f4800000009410
d77300001cdc0000d7730000b4d0d400d773
a964000024540000a963cb008e3cd000a964
b06c00002d8e0000b06790009e82e800b06c
06e10000079a000007d240000000000006e1
b7980000469e0000469e0000bebba000b798
067700001c9700001c970000000000000677
9fa3000021960000218bd00081bf04009fa3
cbfe17cb982fc7b8cbfe17cb24ae787fcbfe
a8bb0000bbf90000bbf900002535e300a8bb
acaf55c270bfbbd870bfbbd8de0351a3acaf
1e45c28d0dce609a1e45c28d000000001e46
7bb400000e0800007bb400004a3f40007bb4
78c468fb7e7e2a7a7e7e43077f80000078c4
b0d400004053000040530000b1aebc00b0d4
72e98807acfb5d3172e98807e0654d6272ea
a9bd0000dc8c0000dc8c000046ceb800a9bd
cd3100006602000066020000f3b3c400cd31
7326000006ac0000732600003a5f10007326
225c000083df0000225c000080000000225c
6d6e6701d6da03476d6e6701ff8000006d6e
ca210000a8710000ca21000033179100ca21
5b060000129800005b0600002e1f20005b06
f32d000028ac0000f32d0000dc687800f32d
5db20000b07d00005db20000ceafea005db2
ec3c000023290000ec3c0000cff83800ec3c
796d245ded8181a9796d245cff800000796d
dc500000837e0000dc500000204e6000dc50
15d50000e4bf0000e4bf0000bb1eeb0015d5
fa0b00003e490000fa0b0000f8da4600fa0b
dd780000e2e70000e2e71f007f800000dd78
1f4200008d5a00001f420000800000001f42
e9fb00002f950000e9fb0000da121700e9fb
72c3000073f40000741260007f80000072c3
277aee3c27bf622f281e6ca60fbb97fc277b
666d49e2db39cf17666d49dfff800000666d
c2c800003a160000c2c7ffb5bd6a6000c2c8
83300000c67e0000c67e00000a2ea0008330
d152bf6fc8842f44d152bfb15a59a33dd153
81a373e54e4b02164e4b021690819e3c81a3
320a87aa6615892f6615892f58a1d664320b
ecca00008e810000ecca00003bcb9400ecca
6225a954bb90d1616225a954de3b6d7b6226
5e1d00008cbc00005e1d0000ab6698005e1d
f1f50f7b03b95907f1f50f7bb6316d69f1f5
ec0e0000d8c30000ec0e00007f800000ec0e
1b9f00006e2500006e2500004a4cf6001b9f
984b0000e6850000e68500003f52ee00984b
a5cd45a3eb2a30f3eb2a30f35188777ea5cd
b90600004d9d00004d9d0000c7245c00b906
a20800000f9b0000a208000080000000a208
43f02e311ad5826f43f02e311f4850ce43f0
ee5dcea67db9e5de7db9e5deff800000ee5e
66fabfe253d9a77766fabfe27b5530ae66fb
93fe000094ff0000951f40000000000093fe
1dd52abbce51142fce51142facae18b11dd5
515e9542bcbecf78515e9542cea5e72a515f
1984173996c5923d198100f0800000001984
f2ff0000a1320000f2ff000054b14e00f2ff
847000006674000066740000ab64c0008470
b2aa0000f1cd0000f1cd000065082200b2aa
950c00005b6000005b600000b0f50000950c
39f1a83976ffe17476ffe17471718b6339f2
b2e00000dcaf0000dcaf000050192000b2e0
b2830000a07a0000b2830000137fdc00b283
885bb7b9af0b6f0eaf0b6f0e0000003c885c
d1c1744a8fb23957d1c1744a2206ae30d1c1
90460000d1990000d1990000226cac009046
714f000095b80000714f0000c794c800714f
e9e2af0d27d8f3e2e9e2af0dd2401ba7e9e3
78fc00004382000078fc00007cfff00078fc
3e3f0000771b0000771b000075e74a003e3f
01d4499b97ab17ba97ab17ba8000000001d4
022500008da300008da2ffff800000000225
4e3b0000d3f90000d3f8e8a0e2b5e3004e3b
483f000057790000577900006039c700483f
a79c2bc44c5308844c530884b480bd44a79c
c0b7ca23647a47c2647a47c2e5b3aeebc0b8
b4cfdbd7eb1acd38eb1acd38607b61c0b4d0
c898000004de0000c89800008e03d000c898
1caa37b25572ac375572ac3732a15b281caa
5e140000759a0000759a00007f8000005e14
86e900006e4c00006e4c0000b5b9ac0086e9
1499427d7c6820cd7c6820cd518af7e41499
50cd0000c977000050ccfe12dac5cb0050cd
4c99d620182f29574c99d6202552846f4c9a
0602b210019e64d206030142000000000603
833800006176000061760000a530d0008338
6d6abc71c4fd7aef6d6abc71f2e86cf56d6b
b5df0000729f0000729f0000e90a8100b5df
6f192ae9583ec6046f192ae97f8000006f19
fa59000090290000fa5900004b0f4100fa59
1eb60000328d0000328d000011c87c001eb6
2ed6bac4acf2057b2ec79a6c9c4b01262ed7
08550c0c1ff362501ff36250000000000855
824300000b3900000b38ffcf800000008243
611f5e6aa52447fc611f5e6ac6cc8a98611f
5989efaf0fedb5c25989efaf2a0014d4598a
b3d1000091ef0000b3d1000006431f00b3d1
74d1bb6c8743c22274d1bb6cbca060cf74d2
27900000576e0000576e00003f85e0002790
38580000e6120000e6120000def660003858
013d000046300000463000000801f000013d
96ca0000fea80000fea800005604900096ca
e7460000fc0a0000fc0a00007f800000e746
280900003c7a00003c7a00002505ca002809
1ead0000d82d0000d82d0000b769d2001ead
3666bdadfa02c415fa02c415f0ebba1c3667
902da700e6f16f92e6f16f9237a3c5e5902e
e2890000cc470000e28900006f54fe00e289
f84f000094fa0000f84f00004dca2600f84f
7ece0000d25200007ece0000ff8000007ece
8f96495e990fec8a990fec9d000000008f96
271ce3d2f6e35df2f6e35df2de8b5796271d
ac860000909e0000ac860000000295a0ac86
debf000043d80000debf0000e3212800debf
3adf0000e7770000e7770000e2d729003adf
a09c6e954484715244847152a5a1dc87a09c
5d7b3c0dd87d87e65d7afcabf678cfb75d7b
89450000146300001462fffd800000008945
f628000023b30000f6280000da6af000f628
be0c0000c4f00000c4f0046043834000be0c
9aaa0000051400009aaa0000800000009aaa
d8bc000038680000d8bc0000d1aa6000d8bc
641c334f00239c75641c334f242dd3d4641c
a3780000d4310000d4310000382b7800a378
8763bb5841e64a4941e64a4989ccdc668764
8286485bf68423ecf68423ec398aa04d8286
27be4a048c47e3ae27be4a048000000127be
ac410000a96d0000ac44b4001632ad00ac41
1b5900007a0c00007a0c000055ed58001b59
c45e000098af0000c45e00001d97c200c45e
2b7c000093f500002b7c0000803c4b002b7c
258700009a6f00002586fffe807e09002587
8909436a77c8841377c88413c15706f88909
f573fbb44488fd44f573fbb4fa828f18f574
81b800008fda00008fda00000000000081b8
6e280000186c00006e280000471ae0006e28
2bf1b84a67afb1c967afb1c95425e4d92bf2
94c80000b84c0000b84c00000d9f600094c8
311a78d6833a0019311a78d680000001311a
3adbbf2336597a9b3adc2be031baae433adc
a36b3febdbc3b318dbc3b3183fb3d644a36b
b20a000086d00000b20a0000000001c0b20a
418800005010000050100000521900004188
0014fc300da647710da64771000000000015
07530000f0910000f0910000b86f06000753
405a0000bd0800004057e000bde7a000405a
41e5ac39dcaaef76dcaaef76df195b3441e6
728115ffb6edeb77728115ffe9eff0317281
79380000556b0000793800007f8000007938
b1c9000009010000b1c9000080001952b1c9
eda70000ac850000eda700005aad8600eda7
c1e256294e1d92c04e1d92c0d08b5096c1e2
9748bdab76888de776888de7ce5628119749
f627f44ab0248903f627f44a66d7e4c6f628
1a7500007d0800007d080000580228001a75
f99e000055870000f99e0000ff800000f99e
a6d100000de80000a6d1000080000001a6d1
2625552c62e5800a62e5800a499437e12625
08c357e9b7facf0ab7facf0a813f61d508c3
88284e41dfd12c41dfd12c41288984fb8828
ee6800002c440000ee680000db31a000ee68
5d177f65025b4f0a5d177f652001c8c25d17
0d7a0000e2dd0000e2dd0000b0d7d2000d7a
cc010000f35c0000f35c00007f800000cc01
353d000007280000353d00000000f810353d
965000009f7a00009f7a0034000000069650
4393a4e5a23e0ff54393a4e5a65b3b2c4394
1b0ae7a7feef25f1feef25f1da81c2db1b0b
da310000656d0000656cfffdff800000da31
871d000075e2000075e20000bd8a9a00871d
68630000bfcb000068630000e8b401006863
54c8f881e90757fbe90757fbfe54803b54c9
1359779af12eb2e8f12eb2e8c51467451359
0d0e0000d5fb0000d5fb0000a38b3a000d0e
e7c200002ff00000e7c20000d835e000e7c2
50050000122700005005000022ad86005005
3c92e10d4abda7b14abda7b147d9a0ba3c93
e7c76236dea9909ce7c762607f800000e7c7
d7aeb6fa2b95d4f8d7aeb6fac3cc83b1d7af
02ae0000c2300000c2300000856f400002ae
845000003de200003de2000082b7a0008450
64a00000c9ee000064a00000ef14c00064a0
c84400005b9e00005b9e0000e471f000c844
895d00002b2c00002b2c000080000001895d
6c7f2d1ec2bc274e6c7f2d1eefbb8c506c7f
dda4000041870000dda40000dfacf800dda4
2d51000090e400002d510000800ba2402d51
551d000086460000551d00009bf2dc00551d
bc5300001f070000bc5300009bde8a00bc53
c1f4b4bfc0473f45c206ce5442be74fbc1f5
944fac3054070b4154070b41a8db19dd9450
abbc00003eca00003eca0000ab145800abbc
2c3710addec69f40dec69f40cb8e08c72c37
46330000825d000046330000891a87004633
20350000543c0000543c00003504ec002035
7b5700008cca00007b570000c8a9a6007b57
8ada0000b0080000b008000000001cf48ada
bd7eea142480e4aebd7eea14a28058c0bd7f
dfde0000359c0000dfde0000d6074800dfde
70b9918dc26afeab70b9918df3aa57a570ba
97a300003b8c00003b8c000093b2480097a3
c5052acd719d88eb719d88ebf723e4f1c505
ee280000b33e0000ee28000061f96000ee28
29870000c9720000c9720000b37f3c002987
27c000000dea000027c000000000000527c0
dbfe0000ad170000dbfe00004995d200dbfe
b1dae61b218f733bb1dae61b93f55222b1db
915000009cff00009cff0002000000009150
c0e5000081fc0000c0e5000003616c00c0e5
de280000e4580000e4580a807f800000de28
ccdf3e87c56f393cccdf406552d09d49ccdf
c2c500003a370000c2c4ffa4bd8cd300c2c5
68d41187275f566968d4118750b902d968d4
370400003ef900003ef90108368064003704
a38800006c0800006c080000d0108000a388
dc78000056090000dc77f770f304b800dc78
b0820000bec10000bec100002fc40400b082
bfcf0000cd660000cd6600004db9fa00bfcf
f21170a77a4134687a4133d7ff800000f211
71760000d265000071760000ff8000007176
c7eb0000bc020000c7eb0001446eac00c7eb
70a30000b17d000070a30000e2a1170070a3
42d20000bd89000042d1ddc0c0e0c40042d2
59a873173829a74359a87317525f441359a8
cc9a7ae2ab1d0135cc9a7ae2383d7c2ecc9a
75ca0000f9770000f9756c00ff80000075ca
680c000077190000771900007f800000680c
ccd00000550e0000550dff98e266c000ccd0
5f460000a42f00005f460000c4075a005f46
c5880000dc150000dc150000621e5000c588
9d3d00007ce200007ce20000daa6da009d3d
09585a72dbd30db6dbd30db6a5b25e220958
a3180000537c0000537c0000b715a000a318
1e06000046c9000046c9000025526c001e06
f8fe00002b900000f8fe0000e50ee000f8fe
f251000082310000f251000035108100f251
c9ac81c17f63328b7f63328bff800000c9ad
7e81cbc4df0cddc37e81cbc4ff8000007e82
6ef4000096c800006ef40000c63ea0006ef4
a66d09116a31b4c96a31b4c9d1248aa9a66d
3f650000428100004282ca004266ca003f65
94e0000043bb000043bb00009923a00094e0
82a6c547138b921c138b921c8000000082a7
6c2a0000ac3f00006c2a0000d8fdac006c2a
a87ca5a69faedf46a87ca5fd08ac94f0a87d
d4558c4d1773babfd4558c4dac4b4ff4d456
4d7f00001e8400004d7f00002c837c004d7f
74fa0000b248000074fa0000e7c3500074fa
eee700003cc40000eee70000ec30dc00eee7
d97300004cae0000d9730000e6a52a00d973
dc4400006ad500006ad50000ff800000dc44
8ca90000772b0000772b0000c461c6008ca9
590f0000c12f0000590f0000dac38200590f
1d1800002b2c00002b2c000008cc40001d18
a8e3000093d80000a8e3000000017f10a8e3
b92eae62f4181922f41819226dcf9161b92f
aff90000c1200000c1200000319ba000aff9
c8aa596118fd38a8c8aa5961a2288008c8aa
dfb0000039420000dfb00000d9856000dfb0
26957f3121ee7ba12695bad0090b44722695
04d0000024f8000024f800000000000004d0
a752000096010000a752000000034e90a752
47a1000032ac000047a100003ad8580047a1
6cbe000020fa00006cbe00004e398c006cbe
50fd00000b32000050fd00001cafea0050fd
711100004c770000711100007e0be7007111
30d00000aa50000030cff9809ba9000030d0
a7eb0000b8950000b89500002108c700a7eb
99cb00001ea900001ea8cd408000010c99cb
cc520000ecd70000ecd7000079b05e00cc52
67e00000bb0f000067e00000e37a400067e0
429c00001bd30000429c00001f009400429c
b0380000f94c0000f94c00006a12a000b038
5857b648eefd58e7eefd58e7ff8000005858
847500009312000093120000000000008475
ff60000014790000ff600000d459e000ff60
51ca0000d3c60000d3b96000e61c3c0051ca
4d51000034a600004d510000428786004d51
c62d000024e60000c62d0000ab9b6e00c62d
05800000ef760000ef760000b57600000580
c75eb4338562e42dc75eb4330d456195c75f
ce8400005b8300005b830000ea871800ce84
cdfb0000097c0000cdfb000097f71400cdfb
382a0000088d0000382a0000013b4400382a
4c280000363100004c28000042e850004c28
545b883d054df741545b883d1a30a021545c
bc990000bfab0000bfad64003ccc6600bc99
bfe70000f9190000f9190000798a0f00bfe7
279b000080510000279b000080000000279b
28480000bee30000bee30000a7b158002848
a5f9ac39c41d8ff0c41d8ff02a99ab00a5fa
c6fe00004d8100004d80fc08d4fffc00c6fe
7894b9d5ddbc5db77894b9d5ff8000007895
af7b7cb09f7368beaf7b7cb00f6f1e40af7b
e59e00009b880000e59e000041a7e000e59e
93400000ec8f0000ec8f0000405680009340
c7a00000403f0000c79ffe82c86ec000c7a0
28e90000824c000028e900008000000028e9
56c17c8518b129f556c17c853005e6ce56c1
fd7e92fb5cc414e1fd7e92fbff800000fd7f
51f4e33f1e571a3a51f4e33f30cdc3f051f5
f33c0000e8280000f33c00037f800000f33c
efb14a6057e66777efb14a60ff800000efb1
5537568a130f3e0a5537568a28cd2b8a5537
37020000097d00003702000001007a003702
da9c00008ec00000da9c000029ea0000da9c
c1557feade5f8618de5f8618603a6a42c155
bfed000082fa0000bfed000003677200bfed
59e500005c9500005c9894007705490059e5
efb60364b508bc5cefb6036465426f72efb6
46ab00004d1700004d1705585449ba0046ab
8b2d0000d73e0000d73e0000230066008b2d
c30a0000335a0000c30a0000b6eb0800c30a
b8f60000ceee0000ceee00004864b400b8f6
c69900007af700007af70000ff800000c699
abe900003dab00003dab0000aa1ba300abe9
ad5c00000cf10000ad5c000080000cf2ad5c
f5bf000082ae0000f5bf00003901d200f5bf
64d0b725d8b13da164d0b724fe1080df64d1
a65200007002000070020000d6d54800a652
803200007b2300007b230000bb7eb0008032
5e7b00004ae300005e7b000069de91005e7b
153a0000031f0000153a000000000000153a
a082000007550000a082000080000000a082
e6d90000fab90000fab900007f800000e6d9
745d000054710000745d00007f800000745d
838d000052eb000052eb000097016f00838d
08cf76a06da561966da561963706068b08cf
d07000004f080000d04e0000dfff0000d070
e4613972bbaf3999e4613972609a28f1e461
27a50000a3b4000027a44c008be8080027a5
e36ac5e597cd4b79e36ac5e53bbc45afe36b
a6c800007690000076900000dde10000a6c8
ac4bcb2176c3b23176c3b231e39bc994ac4c
0849d1b2ad842f86ad842f8680000007084a
ababce7551436a5f51436a5fbd8325a6abac
6ce300000d1100006ce300003a8093006ce3
733704d04eb1bac9733704d07f8000007337
2adb0000283a00002ae0d000139f1e002adb
1207414dc0855c64c0855c64930ceb7b1207
9478976d997673069976b12c000000009479
a60100004ef500004ef50000b576ea00a601
39c80000bd280000bd267000b783400039c8
d5550000f4ab0000f4ab00007f800000d555
ff350000db5d0000ff3500007f800000ff35
1266000076dd000076dd000049c68e001266
84cc0000ae2d0000ae2d00000000000084cc
157a172d382aa111382aa1110e26b0bd157a
0548000097aa000097aa0000800000000548
c461f6d621f3dd5fc461f6d6a6d740b3c462
6a6749e267353edf6a6a1edd7f8000006a67
b6190000380c000038027000aea75800b619
a5780e81f10e630ff10e630f5709f808a578
b24f0000cebd0000cebd00004198d300b24f
544a000082000000544a000096ca0000544a
102c5f8216e7a10b16e7a66e00000000102c
e6ef00006872000068542000ff800000e6ef
2dc60000a3be00002dc5fff49212f4002dc6
15ae0000d8b50000d8b50000aef60c0015ae
ad1f000030e5000030e3c2009e8e3b00ad1f
02b100001f4000001f4000000000000002b1
9f6fe54121b3b13421ac320a81a8635b9f70
bb510000b5250000bb510a503106b500bb51
806a7e232cacc7042cacc70480000000806a
d5d50000a9910000d5d500003ff14a00d5d5
1eed1040b073932eb073932e8fe18eb81eed
68360000bb8d000068360000e4487c006836
bbca6b39d1f9a64dd1f9a64d4e4565c9bbca
3da60000142500003da600001255fc003da6
74bc0000a300000074bc0000d83c000074bc
af5b3421f9768e9af9768e9a69531e32af5b
998a6ae227af174b27af174b81bd5751998a
d3297d4acc3a3a6ad32980335ff69769d329
d529227a867f9726d529227a1c28dd34d529
ad62000028bf0000ad61a08096a89e00ad62
59300000fa350000fa350000ff8000005930
7f980000217800007fc000007fc000007fc0
253c00005e6000005e60000044248000253c
e6d200008e2d0000e6d20000358dea00e6d2
6ab9000072e1000072e100b97f8000006ab9
70390000b1e9000070390000e2a861007039
ae7c63c4b6437fd6b64380d22540be07ae7c
064fbb6b8459d0e706421e5d800000000650
f46e000046250000f46e0000fb196600f46e
53ced9cbacb6d7af53ced9cbc113bd1d53cf
beac2f010757d491beac2f0186912a72beac
f0ea0000776200007761f8b0ff800000f0ea
bf300000cf140000cf1400004ecb8000bf30
5c729133a9d552015c729133c6ca20835c73
6eb10000d76f00006eb10000ff8000006eb1
0321000056ac000056ac00001a5858000321
87e968ef61e6a55c61e6a55caa524b0b87e9
57c900005b0600005b07920073526c0057c9
2796000052590000525900003a7e4c002796
e6de000050310000e6de0000f7997e00e6de
19ea00009c4f00009c47b0008000000c19ea
7b8e00002bb200007b8e000067c578007b8e
b7d03a55406f1138406f10d0b8c27477b7d0
822c0000ce8a0000ce8a000011397000822c
eb1b0000bc9e0000eb1b0000683f5400eb1b
14a1d231f8197f5ef8197f5ecd420e4414a2
c48e0000223a0000c48e0000a74e5800c48e
545e00007aec00007aec00007f800000545e
ee74cfa1e79c2a75ee74d4827f800000ee75
be5f0000b15f0000be5f000030424100be5f
3ec8000094f400003ec80000943ea0003ec8
af94a8046d6fdd016d6fdd01dd8b4931af95
9dba00001ee000001eb18000800145809dba
aff8910f18e1e1ffaff8910f895b52edaff9
29270000121000002927000000002ef82927
3fbc0000319c00003fbc000031e520003fbc
7a3ab65db9c27ddb7a3ab65df48dd9fd7a3b
f788000037470000f7880000ef537000f788
beff000016a40000beff000096235c00beff
521ed5c25bec7f195bec7f2d6e92bbea521f
a18141a11d08c4e3a180fd3f80114392a181
562b0000618f0000618f0001783f0a00562b
ae5e000040eb000040eb0000afcbca00ae5e
339ab8ab390fd1cb390fe5222d2dd7e6339b
9b860000c7d10000c7d1000023dacc009b86
62fa00003173000062fa000054ed4e0062fa
ec27f7bcf2dd58d3f2dd5e137f800000ec28
06df0000914b0000914afff98000000006df
4f8700008d8700004f8700009d8e62004f87
f3d58f86c223b353f3d58f8676888ffbf3d6
ed0c7e44e75426d0ed0c8b867f800000ed0c
f806f2902c737070f806f290e5005384f807
58a10000a795000058a10000c0bb6a0058a1
d92600007c1300007c130000ff800000d926
532c000083ec0000532c0000979e9000532c
efdf2e09ebfa2ae5efe028347f800000efdf
e62cd7da68e509a468dfa2e5ff800000e62d
e1500000784b0000784b0000ff800000e150
673e0000d52d0000673e0000fd006600673e
7c59cf7988889a357c59cf79c56872d87c5a
f523000044c10000f5230000fa75c600f523
de0df9ab8f3b428cde0df9ab2dcfb490de0e
e946000037660000e9460000e131e400e946
d02b0000fe1b0000fe1b00007f800000d02b
670200006dce00006dce04107f8000006702
98eab4489f1bc3939f1bcae90000008f98eb
56bb00002d53000056bb0000449a210056bb
ca9200006527000065270000f03e7c00ca92
86240000aa470000aa470000000000008624
b75d000049d8000049d80000c1ba7800b75d
c6695a0c6367217c6367217cea52aec6c669
dc5c0000ac4f0000dc5c00004931e400dc5c
bec400001f430000bec400009e954c00bec4
b2c500006cfa00006cfa0000e0406200b2c5
f05c00001b960000f05c0000cc80e800f05c
d35a0000e22f0000e22f000076150600d35a
0fa64fe5483e69b1483e69b1187767eb0fa6
2823000068f0000068f000005198d0002823
e854c57eb11e7a82e854c57e5a03b7b6e855
5b8522fe2d1485805b8522fe491a7b515b85
28670000db4c0000db4c0000c43814002867
733a0000a3400000733a0000d70b8000733a
8e6d00007e3100007e310000cd23dd008e6d
afc40000c20b0000c20b00003254d800afc4
6ff300006d9800006ffc80007f8000006ff3
429c000028d40000429c00002c013000429c
e52a9077ba2e7145e52a90775fe87351e52b
86450000bcdb0000bcdb000003a887008645
102300008f5e00000fd70000800000001023
378cdfff4dd6c1744dd6c17445ec5b68378d
4ef00000120400004ef00000217780004ef0
a8dcfaaf6c94c24e6c94c24ed60068a6a8dd
560100003b7a00005601000051fbf4005601
f260d801851736def260d8013804cf99f261
4a480000ba2f00004a480000c508b8004a48
fccb0000fab90000fcd690007f800000fccb
f3e72b9f5da40823f3e72b9fff800000f3e7
84fcf5a3165b7137165b71378000000084fd
a34b0000d3470000d3470000371dcd00a34b
2013cf70f81b64d7f81b64d7d8b371a42014
4841e243ad3e9ff34841e243b6105f114842
a5fa16208e37c108a5fa162000000001a5fa
df0baa4684589543df0baa4623ec5233df0c
e39500004e490000e3950000f269fa00e395
2d4f0000da860000da860000c858b4002d4f
3b38b8454ff798644ff798644bb2a7c03b39
a4b2000090f30000a4b2000000000005a4b2
173a000069dc000069dc0000419fd800173a
0c7cccbe4f6e21e54f6e21e51c6b27d10c7d
af792dd461516f5161516f51d14bdac4af79
7c3d0000d0b600007c3d0000ff8000007c3d
4f53000051ba000051c0980061994e004f53
73b800005cee000073b800007f80000073b8
8953745e8749109989600568000000008953
9c1abab667db582967db5829c48493039c1b
f30700009c510000f30700004fdc6e00f307
84e200009f6a00009f6a00000000000084e2
49ee0000711c0000711c00007b91080049ee
f9790b4273bafa6ef978f3e3ff800000f979
76970000fbd10000fbd0da40ff8000007697
b6ed000045af000045af0000bd220300b6ed
880a000089d0000089e1400000000000880a
d93400007c7d00007c7d0000ff800000d934
029f0000f18c0000f18c0000b4ade800029f
b345fca9d3a45560d3a45560477e2fc7b346
4fb40000aeee00004fb40000bf2758004fb4
02cd00005c2900005c2900001f87550002cd
5d4d0000d05500005d4d0000ee2a91005d4d
92440000de760000de760000313c58009244
4ae80000a68700004ae80000b1f4b0004ae8
227225f8db34da5cdb34da5cbe2b113e2272
a95600000f370000a956000080000132a956
f1fd000098240000f1fd00004aa21400f1fd
344184fbdd2f3f12dd2f3f12d20479953442
be6f0000c75e0000c75e003c464f4200be6f
9db6000070fc000070fc0000cf3328009db6
eb4700009fd90000eb4700004ba8af00eb47
923400003df100003df1000090a974009234
737a5a0ded78f4b7737a4a7eff800000737a
eb2600008e090000eb26000039b1ac00eb26
89cb0000dcfc0000dcfc00002747d40089cb
7065df8ff2de3ec9f2d70fcdff8000007066
b8d9a53fbdfcfe03bdfd346c3757169fb8da
baf60000f5080000f50800007082b000baf6
015900006690000066900000287420000159
4f12cbd1125576ec4f12cbd121f4cf8c4f13
b6000000eb360000eb36000061b60000b600
1d6d1b40954fef181d6d1a70800000001d6d
9d6f0000d3520000d352000031440e009d6f
1910482a612c3dcd612c3dcd3ac226a21910
e8df00005fb20000e8deffd4ff800000e8df
2866b6bc8a6984492866b6bc800000002867
d5220000beb40000d52200005463d000d522
a482000038330000383300009d35cc00a482
2cfb0000c2be0000c2be0000b03a4a002cfb
0858c214a848676fa848676f800000000859
108b2b0dd8ad1dd5d8ad1dd5a9bc389f108b
73340000b555000073340000e915c4007334
331d00000d340000331d000000dcc800331d
f9e300008bcf0000f9e3000046378d00f9e3
1b04bfe4c22c4a1ec22c4a1e9db2aeb81b05
26b683de0a9d7f6126b683de0000000026b7
d2cf000000710000d2cf000093b6be00d2cf
1dab00004a1900004a190000284c66001dab
b01f97f788b366e0b01f97f7000001bfb020
207225ce95787656207225ca800000072072
cae151c5f5d278e5f5d278e57f800000cae1
07ba719aab12a961ab12a9618000000007ba
e96d000091210000e96d00003b150d00e96d
5ca5d95c7917442a7917442a7f8000005ca6
296e00007d1800007d180000670d5000296e
e1840000db860000e18408607d8a3000e184
acecf4ca9f66aa5facecf4ca0cd581a0aced
0f60c1d2204f35d2204f35d2000000000f61
c0160b835a2330465a233046dabf4b3fc016
091a6e926f0d4ed56f0d4ed538aa7ce9091a
6d390000ac4300006d390000da0ceb006d39
b90c000024060000b90c00009d929000b90c
57040000e3a70000e3a70000fb2c38005704
edc60000ce9f0000edc600007cf5f400edc6
f2abd581220db574f2abd581d53e3cc8f2ac
3f5e0000fede0000fede0000fec084003f5e
03e80000553500005535000019a4080003e8
fc780000cd850000fc7800007f800000fc78
bea4c243db0068b8db0068b85a25490ebea5
0471000021fd000021fd0000000000000471
4a9e0000554500005545000560732c004a9e
b3d41dc0413e16ba413e16bab59d80e9b3d4
417ac3f2ae2454e1417ac3f2b020f8ac417b
fb050000091f0000fb050000c4a53600fb05
b8c45f5cb88ee6dfb929a31e31db3bfcb8c4
9e8700002a6b00002a6affff8977da009e87
225c7ccca0f927e3223d57d083d697bd225c
2ecd00009c2a00002ecd00008b8822002ecd
dd5eebd502b29f2bdd5eebd5a09b8a94dd5f
aeee000087db0000aeee000000000019aeee
8c350000c7e40000c7e4000014a134008c35
ab520000699e0000699e0000d5819c00ab52
23ed0000235c0000242d800007cbac0023ed
7caf0000ac2000007caf0000e95ac0007caf
bb1c44b25ada266c5ada266cd68529f4bb1c
c4ec7411a93147b1c4ec74112ea3be77c4ec
864000004a1800004a18000090e400008640
bec80000223d0000bec80000a193a800bec8
58110000da3f0000da35f000f2d85e005811
271e0000ee950000ee950000d637ec00271e
36ee000078ae000078ae00007021c40036ee
86740000bd200000bd200000041880008674
a0bdb0f5e2d96d4ae2d96d4a44211bfba0be
a545000013450000a54500008000012fa545
874100003d4500003d450000851485008741
ceec0000a3aa0000ceec0000331cb800ceec
31cd0000a76f000031ccfff999bf630031cd
f324000009d90000f3240000bd8b0400f324
6e45000099cb00006e450000c89c37006e45
7a4d0000670f00007a4d00007f8000007a4d
59080000aacb000059080000c457b0005908
19c100006e8800006e88000048cd100019c1
4ba50000203200004ba500002c6574004ba5
223e0000617700006177000044375200223e
0c2c00006e1c00006e1c00003ad1a0000c2c
6da51c446af15f9a6da8e1c27f8000006da5
41a1628bc0c0b36641626b63c2f2f60141a1
ef5c2adb3e12ace3ef5c2adbedfc4a42ef5c
b416f742788ebbf1788ebbf1ed2857f7b417
7e860000ccc800007e860000ff8000007e86
3662f19c67a9e44167a9e4415e969bd93663
6d29b1a5c230ab306d29b1a5efea37366d2a
ce340000e3710000e371000072297400ce34
5866000079f5000079f500007f8000005866
c3d000004594000045870000c9f08000c3d0
bdc22232f9eac0bef9eac0be7832056bbdc2
94280000749b0000749b0000c94b70009428
ec5501f5b0255f3fec5501f55d099983ec55
facaa9845f746d66facaa984ff800000facb
75f30000b3a7000075f30000ea1e850075f3
439e3b5019ced62b439e3b501dffb035439e
44c8000080b9000044c800008610880044c8
dee8fabe599f542edee8d2e9f9110058dee9
496d0000f0380000f0380000fa2a5800496d
8c1e0000c7200000c720000013c580008c1e
4d730000bfb200004d730000cda8f6004d73
35220000b135000035214b00a6e514003522
9a460000bd060000bd06000017cf48009a46
ad3c0000ede90000ede900005bab1c00ad3c
4a8bd88cd9ab577fd9ab577fe4bb32e34a8c
4cfe0000e96f0000e96f0000f6ed22004cfe
83c500000e0800000e07fffa8000000083c5
da974830ad969d80da97483048b202beda97
55460000d78a0000d783d000ed5578005546
32023c1731bc2b61326051c8243f74653202
cfd20000d2430000d2499000629ff600cfd2
ec9100007b8a00007b8a0000ff800000ec91
f7180000ed360000f718000b7f800000f718
14e30000674a0000674a00003cb31e0014e3
58890000872b000058890000a03706005889
e34c0000aec00000e34c000052990000e34c
a23900008dc10000a239000000000000a239
625ed0b49754957a625ed0b4ba3906ef625f
a1d54a90daef26f5daef26f53d474112a1d5
19540000bc020000bc02000095d750001954
37300000b57400003720c000ad27c0003730
55e70000808e000055e700009700220055e7
51fd64c6b643e94651fd64c6c8c1eaa951fd
3f4625ad2a105d4a3f4625ad29df7acd3f46
9ecb9d38f3f7369cf3f7369c5344a0209ecc
f304bee2dfcad1fff304bee27f800000f305
5a0c000004d700005a0c00001f6b28005a0c
d05700007cb800007cb80000ff800000d057
21c90000a7c80000a7c7f3708a1d080021c9
ae0d0000035d0000ae0d000080000000ae0d
1433d5b88fd4b4e714336b5e800000001434
e8510000f9610000f96100007f800000e851
676c000072ac000072ac00027f800000676c
5bc0000070df000070df00007f8000005bc0
cf080000fdb80000fdb800007f800000cf08
d11900008c8d0000d11900001e288a00d119
f7f45a0132c3aa62f7f45a01eb3ac330f7f4
53d70000e0620000e0620000f4bdce0053d7
ee7300009fd50000ee7300004eca2f00ee73
deaf000067fb000067faffd4ff800000deaf
77a4c6ac5c6b807277a4c6ac7f80000077a5
2fe400007821000078210000688f64002fe4
f3411dcd30589488f3411dcde4236131f341
eaf6148483594949eaf614842ed0ddd6eaf6
8e42000073e2000073e20000c2ab44008e42
6395000010ef000063950000350b1b006395
95b000009288000095b220000000000095b0
2ac5000097ec00002ac5000083359c002ac5
2b0100004b6200004b62000036e3c4002b01
edcc0000e6240000edcc01487f800000edcc
ba4100008e4e0000ba410000091b4e00ba41
5091000087bc00005091000098d4f8005091
9cbb7bb12017ab522016345b8001bc4e9cbb
23920000a388000021a00000879b20002392
698740f98ed0cb28698740f9b8dca0406987
75995e0b9b13062475995e0bd130295c7599
b7670000a1dd0000b767000019c76b00b767
f89d0000aade0000f89d000064082600f89d
73c60000036e000073c6000037b8140073c6
41aab51f29b1f3ce41aab51f2bed539b41ab
189c00002b9900002b99000004ba7800189c
ee06000029640000ee060000d7eeb000ee06
71708aa6ec579999717054c0ff8000007171
8aa25067489e8601489e860193c9052d8aa2
87a5a8d3b8f657d7b8f657d7011f691287a6
10e50099203865cd203865cd0000000010e5
35d80000995e000035d800008fbb500035d8
9bfb0000b9db0000b9db00001656b9009bfb
40dbe07dbb79554240dbc152bcd6269440dc
a19200007092000070920000d2a68800a192
7c5907e9e84575d67c5907e9ff8000007c59
f6950000bf580000f6950000767b7000f695
a7f300008bca0000a7f3000000000000a7f3
100e00003faa00003faa0000103c9800100e
e9bc000088550000e9bc0000329c6c00e9bc
b4d60000ddda0000ddda000053363c00b4d6
5629e1c670530b7d70530b7d7f800000562a
c1de0000071b0000c1de000089866a00c1de
7e30017d09cb8a867e30017d488bf06b7e30
76210000ea2800007620ffffff8000007621
1b9e0000c7970000c7970000a3ba64001b9e
39c0d831b9cac5f8b79edc70b418bfb839c1
45e10000c4e2000045a88000cb46a20045e1
7cfb9c963c6242207cfb9c9679de613a7cfc
a3b100005b7800005b780000bfab7800a3b1
45940000b751000045940000bd71a8004594
91d300000bef000091d2f1108000000091d3
57a800007cad00007cad00007f80000057a8
5ec40000722c0000722c00007f8000005ec4
564600005175000056463d40683d7e005646
80e7000013160000131600008000000080e7
515d0000cb9a0000515cecc0dd84f200515d
ba9600006ace00006ace0000e5f16800ba96
41aa0000cebc0000cebc0000d0f9b00041aa
7ed80000404f00007ed800007f8000007ed8
89390000fbde0000fbde000045a06e008939
16ac0000f8b70000f8b70000cff5e80016ac
1dae0000edd30000edd30000cc0f6a001dae
bce20000d2fe0000d2fe000050603c00bce2
56d40000a090000056d40000b7ee800056d4
997decff2c7eaf9c2c7eaf9c867c9f55997e
95e80000c4840000c48400001aef400095e8
b46900003f5600003f55fffcb442c600b469
eef0000018ff0000eef00000c86f1000eef0
b03eaf8654d7f74f54d7f74fc5a0dda0b03f
1ea10000cf580000cf580000ae87d8001ea1
167700004e1400004e140000250ecc001677
9bbc5af62c36bac32c36bac3888672149bbc
c6c200008b890000c6c2000012cfa400c6c2
46f69ec442f9e5a546f798aa4a70bda846f7
c793e1d994e53b10c793e1d91d046b25c794
1baee818cb7e73a8cb7e73a8a7add94d1baf
5de6fdbdec0c63b1ec0c63b1ff8000005de7
7677e5e822c55c347677e5e859bf1d357678
be4a00001d7d0000be4a00009c47a200be4a
63a500002c29000063a500005059da0063a5
34e01975bc5bde4ebc5bdc8eb1c0786134e0
031f530f926c5e92926c5e9280000000031f
7bf9c0cb1f4e04f37bf9c0cb5bc8fdf77bfa
16dc0000ff9000007fc000007fc0000016dc
74d40000c3a1000074d40000f905540074d4
c552000019610000c55200009f389200c552
aa390000f7740000f774000062305400aa39
b207ee7792f8981eb207ee770583ffc9b208
5cf70000cbbe00005cf70000e93752005cf7
922b0000b8190000b81900000acc6600922b
ae3a0000f5b50000f5b5000064838200ae3a
b9b36036a89825c0b9b3603622d53727b9b3
86170000ec9e0000ec9e0000333a64008617
c146000020bb0000c1460000a290a200c146
3ae6fb15f3343493f3343493eea297fa3ae7
5d370000090800005d37000026c270005d37
820f74667100ba377100ba37b3904519820f
3d0b81b6e409e140e409e140e19646553d0c
85cd000021140000211400008000000085cd
98ad907ef1ead24af1ead24a4b1f34a698ae
5d820000fb840000fb840000ff8000005d82
56620000e3460000e3460000fa2ecc005662
481300000acc000048130000136a48004813
828400008a2400008a240108000000008284
42e6000036f0000042e600013a57a00042e6
10d0470a6c0359eb6c0359eb3d55bb0410d0
6c5600007d6a00007d6a00007f8000006c56
bbdb0000a8580000bbdb000024b8c800bbdb
1de300006dc500006dc500004c2eaf001de3
7a95a174c7947db67a95a174ff8000007a96
3e0200003d5300003e36c0003bd64c003e02
ed610000bc620000ed6100006a46a200ed61
07f00000a5e80000a5e800008000000007f0
4d270000528b0000528b14e060355a004d27
7a3800009c5c00007a380000d71e20007a38
f5f2d3ca1745514cf5f2d3cacdbb2a18f5f3
dad90000d0240000dad900056b8b0400dad9
4c3c00008b2800004c3c000097f6c0004c3c
b26e000006eb0000b26e00008000036ab26e
c29d0000d59d0000d59d000058c09200c29d
e7b5bcd08c1956dee7b5bcd03459b707e7b6
d931eda3780440c0780440c0ff800000d932
02820000a3450000a3450000800000000282
a63b00001c550000a63afff3831b9700a63b
ebd7b2ab9bb47ba8ebd7b2ab481811d1ebd8
9b6c0000a81b0000a81b0000040ee4009b6c
a43b00003a9f00003a9f00009f684a00a43b
aeaf0000398b0000398afffda8be0a00aeaf
361f000045710000457100003c15af00361f
3f1e4d41b6b71b1d3f1e4ce5b66273fb3f1e
19a464c9d8d1e10ad8d1e10ab306c6cb19a4
ca29000042850000ca28fef6cd2f9a00ca29
e6b500007fb300007fc000007fc00000e6b5
763e04ea9d8603e8763e04ead446f2f1763e
ca230000aa9a0000ca23000035441c00ca23
4750000047ac0000480a00004f8bc0004750
dc210000d4120000dc21009270b7a400dc21
daa70000c9990000daa7000064c79e00daa7
0b2d00009c4800009c480000800000000b2d
415b000087750000415b000089519700415b
f357000053290000f3570000ff800000f357
e2a7000015d40000e2a70000b90a4c00e2a7
805d00003c8200003c820000800179d0805d
b1800000c46b0000c46b0000366b0000b180
a884e17f13303192a884e17f80005b75a885
0a450000ab9c0000ab9c0000800000080a45
ef8b000062c50000ef8b0000ff800000ef8b
af08000057d3000057d30000c7603000af08
c9180000b6f70000c91800004092a800c918
dff50000d9ea0000dff50ea07a5ff200dff5
c85a0000a1880000c85a00002a67a000c85a
522e00007d0800007d0800007f800000522e
faeed8ab343a353dfaeed8abefadbb18faef
f2cc33d4cca60ea2f2cc33d47f800000f2cc
049b0000eccc0000eccc0000b1f70800049b
7f3b00004ee900007f3b00007f8000007f3b
8936000096e0000096e00000000000008936
bb1e0000de2a0000de2a000059d1d800bb1e
434a0000728f0000728f00007661ac00434a
dddb000032550000dddb0000d0b63700dddb
9b6e00001da700001d9f90008000026d9b6e
11a700007aed00007aed00004d1a9b0011a7
e3e500005b770000e3e4ff84ff800000e3e5
53f800002ed7000053f800004350480053f8
f9d00000b8710000f9d0000072c3d000f9d0
82370000efcf0000efcf00003293f9008237
ce7b7b65ebc6235debc6235d7ac2a42dce7b
e28a0000bb820000e28a00005e8c2800e28a
3766000064e0000064e000005cc940003766
c0bc88791c91949fc0bc88799dd66d81c0bd
43b400003df5000043b40f50422c440043b4
8d570000bf3a0000bf3a00000d1c36008d57
e04d0000c68e0000e04d000067636c00e04d
ba830000871c0000ba830000021fa800ba83
53b0000007b5000053b000001bf8e00053b0
45aa00001d71000045aa000023a00a0045aa
61265c1d1bca2dce61265c1d3d8362736126
50b600000928000050b600001a6ee00050b6
70fe0000d841000070fe0000ff80000070fe
fb339d8c6f903d78fb339d8bff800000fb34
57e786a18e39d3be57e786a1a6a80fca57e8
5beb00009ac500005beb0000b734d7005beb
5e32dd3929fb7a5f5e32dd3948afb4675e33
27cc00000a68000027cc00000000000027cc
b40af63bd11b1620d11b162045a85e31b40b
f7f80000418d0000f7f80000fa089800f7f8
8dd70000db7d0000db7d000029d47b008dd7
56b7b6002b27c50156b7b6004270ca3456b8
b83900006919000069190000e1dd2200b839
cf9600003b260000cf960000cb428800cf96
fbf7a5c0981eb0cafbf7a5c054998352fbf8
d664000046ce0000d6640000ddb77800d664
30501ead7db27f797db27f796e911cf63050
563b1c670e8080ab563b1c67253bd87d563b
94ce0000e0930000e093000035ec940094ce
8fa45757643bc769643bc769b47117a08fa4
b8e96134ae6715f2b8e9613b27d2aab8b8e9
7a8b7c975bb3769e7a8b7c977f8000007a8b
d908000076e9000076e90000ff800000d908
2a910000fd3d0000fd3d0000e8561a002a91
c3b4000081da0000c3b4000006194800c3b4
fe3f22b1b61a73f2fe3f22b174e6a2dffe3f
3bb20000228600003bb200001eba58003bb2
969a00006056000060560000b780bc00969a
5670defe0f223e0d5670defe2618a77f5671
44a0adcf7ab2f7f57ab2f7f57f80000044a1
fba50000bbe90000fba5000078162d00fba5
e25f000040370000e25f0000e31f6900e25f
1bac0000226a0000226a05600009d3801bac
44c900007f9400007fc000007fc0000044c9
74d43bb0229010e274d43bb057eedf2474d4
abfd0000834f0000abfd000000000000abfd
8a4d0000825800008a4d00d8000000008a4d
546b00008f4c0000546b0000a43b4400546b
71af00002d6b000071af00005fa0a50071af
a4a2bc5f87b4675da4a2bc5f00000000a4a3
34fa0000d6f20000d6f20000cc6c540034fa
af6a0000b4a40000b4a41d402495e800af6a
191779652ad0a07c2ad0a07c0476e32f1917
c26500004aba00004ab9ff8ecda66200c265
82cf00000e5800000e57fffe8000000082cf
ff6b46e3da2723b2ff6b46e37f800000ff6b
122d92defab99302fab99302cd7ba59e122e
c087000019380000c08700009a421000c087
9eef617b48a3de9948a3de99a8193b379eef
95f60000be000000be0000001476000095f6
c4170000783c0000783c0000fcddc800c417
34320000ebf20000ebf20000e0a844003432
fd91000073b10000fd90fff5ff800000fd91
9ccf00007414000074140000d16f58009ccf
da1d36ae28fac94fda1d36aec39a0306da1d
b639a2bc77efb3fd77efb3fdeeadd172b63a
9dbb000031ff000031ff0000903a45009dbb
7ea40000962e00007ea40000d55ef0007ea4
2018000017ec0000201800760000008c2018
cafb207a0f8873f8cafb207a9b05db04cafb
41270000942900004127000095dc7e004127
78110000e5c0000078110000ff8000007811
61270000f0300000f0300000ff8000006127
f16a000046440000f16a0000f8332800f16a
0edf5493daffe90edaffe90eaa5f408f0edf
108700004f0d00004f0d00002014b6001087
30b00000bd350000bd350000ae78e00030b0
f7d4000085d30000f7d400003e2ebc00f7d4
37f83ece480d1ee0480d1ee04088d88837f8
72a20000ef970000729fa400ff80000072a2
c1560000bf4e0000c162e000412c3400c156
a82000003b2700003b270000a3d0c000a820
6ffc0000f48f0000f48ec100ff8000006ffc
d09b0000a3450000d09b0000346e8e00d09b
5f3d00004f3300005f3d00006f0427005f3d
c0660000a7560000c066000028404400c066
925aae19a514054fa514054f0000003f925b
2aad71988f865d7c2aad719880000b612aad
6631000050a0000066310000775d40006631
d2cc7c8313e302fbd2cc7c83a73554cad2cc
ae2e14d178a1598f78a1598fe75b6ffcae2e
0c450000af180000af18000080003a7c0c45
999e000000e00000999e000080000000999e
0e5e0000fd900000fd900000cc79c0000e5e
9685000035b5000035b500008cbc12009685
fd2374942adb1fb0fd237494e88be8f6fd23
7ee70000a36100007ee70000e2cb07007ee7
8e4d0000c2300000c2300000110cf0008e4d
09aeaa292acc19a02acc19a00000000109af
611a0000bc2c0000611a0000ddcef000611a
fa2200009feb0000fa2200005a94b600fa22
b487b692593a78bd593a78bdce45b550b488
13a0b95ff7011084f7011084cb220f8f13a1
30ed8bee03cc6ee530ed8bee0000000130ee
8fcbe9f1b6208847b6208847067fbd878fcc
4c5200005921000059210000660412004c52
39a10bbbf646e7a9f646e7a9f07a419d39a1
27ea0000a8990000a83d0000910bda0027ea
bc860000a3b40000bc86000020bc7000bc86
d15c000020210000d15c0000b20a5c00d15c
0f2b0000d8f00000d8f00000a8a050000f2b
f5963018317191c0f5963018e78db8c8f596
9e254cb5cb6d421ccb6d421c2a1932b39e25
ad6a000057ba000057ba0000c5aa0400ad6a
4bb973e777d66ef677d66ef67f8000004bb9
cc350000035a0000cc350000901a2200cc35
670e8999b043696a670e8999d7d99b02670f
53060000e5020000e5020000f88818005306
ab130000a1f10000ab13001e0d8a6300ab13
07df0000c6350000c63500008e9dab0007df
3c760000defd0000defd0000dbf31e003c76
e9d9832924a02720e9d98329cf081338e9da
2a4800009f7100002a47fffc8a3c48002a48
bc730000c59d0000c59d001e42950700bc73
ea880000a3300000ea8800004e3b0000ea88
70d75287419c644470d7528773038aa070d7
3327853a7adc64f37adc64f36e90388d3328
cf48334891d51f04cf48334821a6aaeccf48
d01000004f650000cfad8000e000d000d010
000500001477000014770000000000000005
72d900005be4000072d900007f80000072d9
6a2d0000d40500006a2d0000feb3c2006a2d
68a767d15faabd1d68a767fc7f80000068a7
4ee30000add300004ee30000bd3b19004ee3
67ce0000fb480000fb480000ff80000067ce
8bfb0f8267acb0ab67acb0abb4295bae8bfb
b44000009eac0000b440000013810000b440
0ba70000f5a10000f5a10000c1d20e000ba7
af5700001ea10000af5700008e873700af57
e9fe0000cd910000e9fe0000780fde00e9fe
997a000067ad000067ad0000c1a8f200997a
4fb48e3c5d4d0d025d4d0d026d909f134fb5
eb4e000038e70000eb4e0000e4b9e200eb4e
fef85110e309eb7dfef851107f800000fef8
5ed50000b29700005ed50000d1fb46005ed5
0dc9524a2c117ad32c117ad3000007270dc9
b5480000dd880000dd88000053548000b548
93870000e6fe0000e6fe00003b05f2009387
cceabf6887883d66cceabf6814f9dbf9cceb
0a7700003838000038380000033188000a77
380700006cdc00006cdc0000656808003807
472c80280214a350472c802809c85045472d
953f000055a2000055a20000ab71bc00953f
a4e2397d347ab69a347ab69a99dd8d81a4e2
d7bc2a926664a61d6664a61dfea81003d7bc
8ee900003c3400003c3400008ba3d4008ee9
069800004aea00004aea0000120af0000698
035400009eaf00009eaf0000800000000354
f2b3000014fe0000f2b30000c8319a00f2b3
388100003ae000003ae8100033e1c0003881
0c250000976800009767fffd800000000c25
e1700000b3750000e17000005565b000e170
cb91b0bcebba708aebba708a77d434e9cb92
6c300000faf40000faf40000ff8000006c30
bfc100005f9900005f990000dfe6b200bfc1
59e3000097da000059e30000b2414e0059e3
8c537a06dc84b549dc84b549295b41598c53
8b06000020c1000020c10000800000008b06
2e4f0000c90d0000c90d0000b7e406002e4f
f182ba9a83f84de2f182ba9a35fd9915f183
0113000026c5000026c50000000000000113
343300005a8100005a8100004f3466003433
521f4382a96cdd13521f4382bc135bc5521f
f73a0c8f4a73c05df73a0c8fff800000f73a
3f7b6adc5a0b57c15a0b57c15a08d9343f7b
b0030000d2e10000d2e1000043664600b003
d16000007edb00007edb0000ff800000d160
7a7b0000cf2d00007a7b0000ff8000007a7b
57b90000cd1c000057b8fffbe561780057b9
c28cf3c543e2df5a43bfa269c6f9d45cc28d
1b1af254b38ae6d8b38ae6d88f2824b31b1b
2a0a0000e8520000e8520000d2e268002a0a
f5b400007b3d00007b3ce980ff800000f5b4
14300000ba810000ba8100008f3160001430
a0bc0000f3d30000f3d30000551af400a0bc
07f600000dbb00000dbb0f600000000007f6
06d87cbaf44611def44611debba77f9406d8
dfed00001a3c0000dfed0000baae0c00dfed
f7469e690a07dab4f7469e69c1d2ce70f747
a85d0000f4e50000f4e500005dc5b100a85d
dc3f00009d010000dc3f000039c07e00dc3f
77b8f99a902dde6177b8f99ac87b42b777b9
8aa9494b63876a5863876a58aeb317f28aa9
f5b200002d7a0000f5b20000e3add400f5b2
57a60000dee90000dee8fd68f717160057a6
2beb0000452f0000452f000031a0a5002beb
7467c1931594ac5e7467c1934a8697f47468
797de4a3059d60c5797de4a33f9c1531797e
df380000a9b40000df38000049816000df38
0d9800009c7300009c730000800000000d98
b65e00001f0c0000b65e000095f2d000b65e
046e000059c6000059c600001eb81400046e
94a60000e1da0000e1da0000370d5c0094a6
cdbd000018540000cdbd0000a69c8400cdbd
9a0c000089ac00009a0c0000000000009a0c
c2e87bd3b7a8ed9fc2e87bd63b19690dc2e8
fcd9000053060000fcd90000ff800000fcd9
5c5600004f0e00005c5600006bed68005c56
6cd100001d7a00006cd100004acc1a006cd1
44865b450781ec6844865b450c8860214486
a0cdedf4864bc7f2a0cdedf400000000a0ce
4f050000b84a00004f050000c7d1e4004f05
94210000a31f0000a31f0000000000329421
3e3160591e1dca503e3160591cdaa8883e31
875b0000aaa40000aaa4000000000000875b
a53d0000f27f0000f27f0000583c4300a53d
85cffe5542cf111f42cf111f89283c9085d0
ed72c3e16c65a792ed3959fcff800000ed73
56860000b567000056860000cc71d4005686
160af6afbf2e9f25bf2e9f2595bd941c160b
f44db0e9b58d6c92f44db0e96a634359f44e
e5c7000084920000e5c700002ae2fc00e5c7
5d4f0000dab200005d497000f88fee005d4f
ff46000067050000ff460000ff800000ff46
c13e0000cbec0000cbec00064daf2800c13e
dd7d00005efd00005edd6000fcfa0900dd7d
75080000887b000075080000be0558007508
567e00003a160000567e00005114d400567e
5aac0000a13f00005aac0000bc8054005aac
872600000730000005200000800000008726
30cd0000750c0000750c00006660380030cd
b9530000f5860000f58600006f5ce400b953
581f00006c4f00006c4f00007f800000581f
96e400005730000057300000ae9cc00096e4
ad0100003d1400003d140000aa952800ad01
d5a4000001840000d5a4000097a92000d5a4
7ab3d99ce6dcc12c7ab3d99cff8000007ab4
d2792d301b5784cad2792d30ae51c633d279
b67820bdb536afd1b692e6592c3111afb678
7c0e000033ea00007c0e00007081cc007c0e
42469cde4194fa1f42888cf74467297b4247
6e6600008c1200006e660000bb032c006e66
4772000013700000477200001b62e0004772
741e000020ac0000741e000055545000741e
625c0000c7f70000625c0000ead44400625c
714100001b9e0000714100004d6e3c007141
a20400006923000069230000cba81800a204
1a070000a2c60000a2c5ffbc8001a1a81a07
8f4f1ac72c5d773a2c5d773a800059958f4f
727a86c07e914fe37e914fe37f800000727b
99ec0000a76e0000a76e000001db680099ec
53bd0000d03a000053bb8c00e489520053bd
143f0a212779ad852779ad8500005d29143f
8d7600003ab800003ab8000088b0d0008d76
97de000013a8000097dd58008000000097de
f77000007b4b00007b4a1000ff800000f770
81e3fabf9b6b919d9b6b919d0000000081e4
062d00006a5b00006a5b00003113ff00062d
ef50d27c6334d00def50d27bff800000ef51
f6420000f36b0000f645ac007f800000f642
4617000020b4000046170000275458004617
227cda0c2726a40e2726e3450a24976d227d
790e00006c590000790e00007f800000790e
3acd0000f3b40000f3b40000ef1024003acd
5b790000d86500005b756c00f45ebd005b79
78af53ce21bfea5b78af53ce5b03700878af
73ab0000f7cc0000f7cb5500ff80000073ab
603900008db1000060390000ae7fd2006039
83d3727f8d6be7e08d6be7fa0000000083d3
1e261bdb34beb9de34beb9de1377828d1e26
028e000074340000743400003747b000028e
ccda00005a1c00005a1c0000e784d800ccda
adbb0000382700003826fffaa673fa00adbb
3aef995220ab395f3aef99521c20411c3af0
b937721e7588340b7588340bef4333d6b937
dfb30000e97d0000e97d00167f800000dfb3
66fa9b8bd116e48666fa9b8bf893b6d966fb
5da3d18162a90e0462a936f87f8000005da4
fd1e040f6757960afd1e040fff800000fd1e
a84e9db72658fd6ea8410de08f2f219da84f
9bf30000d3180000d31800002f9048009bf3
27e400007d8800007d88000065f2400027e4
bf8ba99d999bbec1bf8ba99d19a9ef86bf8c
52de45da32d2e45452de45da46371b8c52de
dfa0000049330000dfa00000e95fc000dfa0
9787f3a075a7e9f375a7e9f3cdb258569788
54070000a1cb000054070000b6561a005407
6e5d0000deb300006e5d0000ff8000006e5d
a91100004250000042500000abeba000a911
8f4e9f502ebac0d12ebac0d180096bb68f4f
b4060000a20f0000b40600001695b400b406
c11cff8b77c133a777c133a7f96cf8aac11d
3694f374c9837432c9837432c098f8603695
66d900006c0800006c081b207f80000066d9
667b20762c6270f7667b2076535e2179667b
6fd101bbceefc9626fd101bbff43c5086fd1
4b67c154d27c910fd27c8d70de64a5a14b68
d0f7cf57e2258e55e2258e5573a0426ad0f8
5ae1000046d500005ae10000623b35005ae1
59837b81984d12f759837b81b252a7485983
07c9e89a5ca699225ca699222503659b07ca
84be2365c99cac86c99cac860ee8bb6a84be
ecd5000036320000ecd50000e3941a00ecd5
cf12b52e4d1dfe46cf08d54adcb515aacf13
a94700009c6f0000a94700000639c900a947
21df000033a5000033a50000160fbb0021df
f9f6daf4fa111c82fa8644fe7f800000f9f7
2d00062737d7633d37d7634125576d972d00
0b50f6c4c4643bb9c4643bb9903a4c860b51
3b8300001dee00003b83000019f394003b83
cece7305c550758ccece731f54a81c40cece
a2b80000f9430000f94300005c8c2800a2b8
d3d1a5671ead0301d3d1a567b30daf3cd3d2
8cc10000806300008cc10000000000008cc1
95c200004e5500004e550000a4a16a0095c2
0f4f000064c0000064c00000349b40000f4f
0c77a78c7e4de22c7e4de22c4b472bf80c78
72970000f2bf0000f1a00000ff8000007297
e870bde0925ced99e870bde03b4fc29ce871
46c131359993358546c13135a0de2f4a46c1
f992000070290000f991ffebff800000f992
dd6b012b57fa7de6dd6ae1dbf5e5f2b7dd6b
899086501cc077221cc07722800000008991
6a3c3c29c158f3776a3c3c29ec1f85c76a3c
e726000022410000e7260000c9fa4c00e726
6ad307590dc6733e6ad30759392396ae6ad3
adad252d8424e64dadad252d00000000adad
adbf000053c1000053c10000c20fff00adbf
6c430000675f00006c4337c07f8000006c43
fc39877ef257a078fc39878b7f800000fc3a
d2a1000039c90000d2a10000ccfcd200d2a1
e082000051c50000e0820000f2c81400e082
71510000c05a000071510000f231fa007151
ea835cdccea1c50eea835cdc79a60508ea83
b0c10000232d0000b0c1000094826d00b0c1
482c000053fc000053fc00015ca95000482c
97a5f86f50d244cb50d244cba908526597a6
edf898db9229f4f2edf898db40a50ac5edf9
0f8d14c8a4386d9aa4386d9a800000000f8d
e33652f58ecfcaa5e33652f53293fd67e336
a3fc520f47cc7f2b47cc7f2bac498ebba3fc
c14d00003e240000c14a7000c0035400c14d
c5dd2a7136d418c9c5dd2a71bd373c8fc5dd
68810000aa50000068810000d351a0006881
49c4f27bf78b526cf78b526cff80000049c5
046b3b4d04f3e07d0534bf1200000000046b
e4d700005aa30000e4d6fff6ff800000e4d7
e331000045920000e3310000e949e400e331
aecf000010930000aecf0000803b6e80aecf
76bf00008c26000076bf0000c377b40076bf
5dd42b2dd05c14f45dd42b2deeb666785dd4
1a8b000063d5000063d500003ee74e001a8b
a02e746a4cc642cf4cc642cfad871b91a02e
46cb20d5770c5ffd770c5ffd7e5ec43d46cb
f729d3fe85759273f729d3fe3d22e909f72a
9af200002b0600002b060000867d58009af2
ac2d0000c8e10000c8e1000035980d00ac2d
b1d0ddf7298a7bc3b1d0dd6d9be1f942b1d1
10719ef730e2321530e2321501d57d9b1072
5a4b49bbee83b891ee83b891ff8000005a4b
4ff0230a043c4afd4ff0230a14b0a0134ff0
adc40000e6160000e61600005465b000adc4
27ca0000a50d000027c598008d5e840027ca
316d000030770000319560002264ab00316d
47e400006a1000006a1000007280400047e4
32fe2f0b2bad0c9432fe31bf1f2bd24832fe
30e80000f5f30000f5f30000e75c380030e8
708121d2f128deb0f0d09b8eff8000007081
87ce0000ffce00007fc000007fc0000087ce
10ab9d9582a1c83810ab9d958000000010ac
9f860000dfa40000dfa400003fabb0009f86
2e1e0000c7030000c7030000b5a1b4002e1e
63960000d83e00006395fffffc5ea8006396
efe40000103c0000efe40000c0a77000efe4
2eb10000ff600000ff600000ee9ae0002eb1
3d0316991692e3683d03169914166eab3d03
5d060000d4ae00005d05ffa9f23628005d06
aa600000ecf90000ecf9000057d9e000aa60
46d800002384000046d800002adec00046d8
91370000b5a60000b5a60000076d54009137
9a380000c10d0000c10d00001bcab0009a38
3e380000a46100003e380000a321b8003e38
b0fd0000dc870000dc8700004e056b00b0fd
97a5000049a1000049a10000a1cf8a0097a5
659e00005f4c0000659e06607f800000659e
4d0f00000aab00004d0f0000183f0a004d0f
e28800008a5b0000e28800002d68b000e288
a1bf0000cf110000cf11000031585e00a1bf
30a20000cbbc0000cbbc0000bcedf00030a2
04193a0748fabebd48fabebd0d9614d50419
60890000a49c000060890000c5a6f8006089
7aca69bbcec44aea7aca69bbff8000007aca
bc1e000043e1000043e0fec4c08ade00bc1e
babb3f4400a7e254babb3f4480003d66babb
ff3e0000e48d0000ff3e00007f800000ff3e
7903a9003d26de4c7903a90076aba3d37904
9fec00006a4200006a420000cab2d8009fec
33c9cd5cf6a80de5f6a80de5eb0479b833ca
de3403ffedb761ddedb761dd7f800000de34
42058e38ae9954ef42058e38b11ffc9e4206
5b1568c9e422868ce4228667ff8000005b15
6219a978979da8f36219a978ba3d44af621a
36e50000e3420000e3420000daad8a0036e5
160e0000e72f0000e72f0000bdc22400160e
f8ce6c4d1b156cf1f8ce6c4dd470f9c2f8ce
9cef0000fdbb0000fdbb00005b2e95009cef
ba5c0256cf26ae5ecf26ae5e4a0f3f5eba5c
12a831678ad3df2412a830938000000012a8
859300005a5200005a520000a0712c008593
96950000a32e0000a32e0000000006549695
77ed5bfc55124b5977ed5bfc7f80000077ed
74f90000a27e000074f90000d7f70e0074f9
176a000050ca000050ca000028b8a400176a
7e950000c2ef00007e950000ff8000007e95
35230000d55f0000d55f0000cb0dfd003523
5ba00000e9920000e9920000ff8000005ba0
343300005cea00005cea000051a39e003433
8ed80000f6110000f61100004574b0008ed8
93c0f501cf2a36aecf2a36ae23804be993c1
f2de000089570000f2de00003cba7200f2de
e47b5581035dfe4ce47b5581a859f27ae47b
4cd9741c0fb655594cd9741c1d1ae10b4cd9
a4b80000b19a0000b19a000016dd6000a4b8
6f6872af98fecaa76f6872afc8e759cc6f68
10cd8d9a483dd211483dd21119986a3710ce
0a534f6172900fa072900fa03d6dd3190a53
75e30000c0d8000075e30000f73f880075e3
823d0000d0b10000d0b100001382ad00823d
b4d20000b53d0000b59300002a9b0a00b4d2
24fc0000ade90000ade8ffc193655c0024fc
a2f66a830845aa38a2f66a8380000000a2f6
a8e8000040d6000040d60000aa41f000a8e8
bec00000a8ca0000bec0000028178000bec0
6417fc2020f8dc6f6417fc204593bf1e6418
89c64a960e0d25070e0cc1e28000000089c6
52f50000131c000052f5000026954c0052f5
a7ff0000625d0000625d0000cadc2300a7ff
0cb40000b6a20000b6a2000083e3d0000cb4
5b5b0000419600005b5b00005d8052005b5b
a017000029e4000029e3ffed8a867c00a017
b3290000ae120000b329248021c0c400b329
bcec0000685b0000685b0000e5c9e400bcec
ffcf0000db0100007fc000007fc000007fc0
f61fd72781c939a5f61fd727387b47d7f620
b0630000f1a90000f1a900006295db00b063
0c04ec0acb8f404ccb8f404c9814c2780c05
b5e90000fa700000fa70000070da7000b5e9
be520000d74b0000d74b000056268600be52
603800008896000060380000a957a0006038
29b10000ddc90000ddc90000c80af90029b1
15d40000a0320000a031fff98000000915d4
1b3117ac04bf75f31b3117ac000000001b31
8c6261e89304873e93048ac8000000008c62
85892738bd8307a3bd8307a3038c66528589
5d74000092e200005d740000b0d768005d74
ed5600001a930000ed560000c875c400ed56
cdbb00006293000062930000f0d6c200cdbb
cd9f0000b7b20000cd9f000045dd1c00cd9f
fb8d061a38b29220fb8d061af4c4bd7afb8d
b6e50000245b0000b6e500009bc3e700b6e5
e7dd0000ed660000ed661ba07f800000e7dd
e0dc00008dd00000e0dc00002f32c000e0dc
647fd0c4830c5915647fd0c4a80c3f306480
edacd49f629c4e61edacd49dff800000edad
f39c36c67330aca6f307c0e6ff800000f39c
424caf94cda1d149cda1d147d08161c2424d
39dc5da9a38b066339dc5da99def58b439dc
015b0000b7990000b79900008000020c015b
8f90078988aa13c28f900a31000000008f90
1c22e776cf435314cf435314abf896591c23
df1dfd5b665ced83665ceb0bff800000df1e
61790000e0970000612d8000ff8000006179
fdd90000e66a0000fdd900007f800000fdd9
1d800000b63e0000b63e0000943e00001d80
41f2b523a173546541f2b523a3e6b1f341f3
aa9600000f5f0000aa9600008000082baa96
68830000efd90000efd8fdf4ff8000006883
b0c20000d2170000d21700004364dc00b0c2
b6973c0ed576a156d576a1564c91b305b697
6b7fbd94de0f2bf46b7fbd94ff8000006b80
c67a0000b4f30000c67a00003bed4e00c67a
34b20000f4ee0000f4ee0000ea257c0034b2
ff190000958d0000ff19000055288a00ff19
2fc31597075d83ae2fc315970000002a2fc3
8c29de95d0cb34cad0cb34ca1d86d6878c2a
903a00006dde00006dde0000bea14c00903a
cb68f307feb9bebdfeb9bebd7f800000cb69
3c480000f0150000f0150000ece8d0003c48
f74b98becfa9dff3f74b98be7f800000f74c
6fc7a4f7574d92106fc7a4f77f8000006fc8
71c400006964000071c400727f80000071c4
9753e43c9b919cfc9b9206ee000000009754
9bcc00006723000067230000c381e4009bcc
807d0000550300005503000095ffdc00807d
48ab5851f7f14ceaf7f14ceaff80000048ab
872200001430000014300000800000008722
09aa00000bfa00000c0250000000000009aa
9ddc00007771000077710000d5cf1c009ddc
0f2dbedb9719b68f9719b5e1800000000f2e
e5f1ffd0d6f6d38ce5f1ffd07d6953cce5f2
2dea000007e300002dea0000000000062dea
61cd0000e2d70000e2a3c000ff80000061cd
5d45000034a700005d450000528083005d45
83536e326f63e3136f63e313b33c36418353
fbf4c5d7763bc104fbf4ae5fff800000fbf5
0d1800005bc700005bc70000296c50000d18
21a346a175cc11f075cc11f0580227b921a3
40ba0000e9870000e9870000eac42c0040ba
dcac00009c410000dcac00003981ac00dcac
acae662678d8074078d80740e6132b20acae
38d00000f0430000f0430000e99e700038d0
471d0000700300007003000077a0ae00471d
5748000069c1000069c100007f8000005748
50800000861a000050800000971a00005080
ac180fcba02f19afac180fcc0cd0041bac18
f9acec5cc3e9f7e9f9acec5c7e1e0a95f9ad
23e500008bb7000023e500008000000023e5
ba8c00009d570000ba8c0000186b2800ba8c
13c005f1cded8375cded8375a232281b13c0
704a00001fc30000704a00005099de00704a
c605120a72873f4a72873f4af90c9ad2c605
8f7d0000c13a0000c13a00001137d2008f7d
cb8f000006e60000cb8f000093007a00cb8f
d7b60000db750000db766c0073ae2e00d7b6
deae0000648500006484f520ff800000deae
ccb200004c840000cbb80000d9b79000ccb2
8f4633f700e971ad8f4633f7800000008f46
86dd00007cbb00007cbb0000c4216f0086dd
5cef63f72aae5e2b5cef63f748230e015cef
b36e000044c7000044c70000b8b90200b36e
c8f90000f9f80000f9f800007f800000c8f9
efc40000794400007943ffe8ff800000efc4
bb35000043dc000043dbffa6bf9b8c00bb35
8f3f000030ca000030ca00008096b6008f3f
48ad00009f98000048ad0000a8cd700048ad
3663c1f72a507b893663c1f821397b813664
85d00000081e0000081780008000000085d0
a1e60000be8a0000be8a000020f7f800a1e6
bf926552a851f2a2bf92655228701ef1bf92
17480000f9ea0000f9ea0000d1b6d0001748
7af20000260900007af20000618182007af2
77120000d66c000077120000ff8000007712
66af0000324d000066af0000598c230066af
d35f00007ab400007ab40000ff800000d35f
1656e1effa84c7adfa84c7add15ee8341657
74b500007147000074b68e007f80000074b5
761700005ac50000761700007f8000007617
63520000e3b90000e3200000ff8000006352
bbaf00007544000075440000f185fc00bbaf
2602b6bf49d16cff49d16cff3055ddb22603
94a10000c6700000c67000001b96f00094a1
ac1400001b870000ac140000881c1800ac14
e8d600004a500000e8d60000f3ade000e8d6
bc600000973a0000bc6000001422c000bc60
cda32df2144ed10ecda32df2a283d43acda3
fce400001cbf0000fce40000da2a1c00fce4
27b40000c0110000c0110000a84be80027b4
55770000f3920000f3920000ff8000005577
e92600000cf70000e9260000b6a02a00e926
f14b0000f0b50000f192c0007f800000f14b
f9d96ed48abb4450f9d96ed4451f0dfaf9d9
3f880000f9d70000f9d70000f9e470003f88
e08300002dda0000e0830000cedf1c00e083
040000003cbf00003cbf0000013f00000400
ccc89db38c21f3a7ccc89db3197dd43cccc9
dd5d00000fd40000dd5d0000adb70400dd5d
dc210000615f0000615ed7c0fe0c3f00dc21
a1b42d659564389ca1b42d6500000028a1b4
eff10aeffa3dcac1fa3dcac97f800000eff1
d57400003b490000d5740000d13f9400d574
afee000030ae000030650000a121c400afee
61b500009cca000061b50000bf0ed20061b5
36df0000019c000036df00000000011036df
5f1d621540cad1b25f1d62156079609e5f1d
07870000c6290000c62900008e323e000787
154c000041d5000041d5000017a9bc00154c
ee2c00003f440000ee2c0000ee03b000ee2c
d58de34c7778d7787778d778ff800000d58e
a12400008aa50000a124000000000000a124
29b600003bc400003bc40000260b580029b6
3fd200008dfa00003fd200008e4d14003fd2
a4bcb73f1f409a15a4bc9f2c848dfb05a4bd
8db6000095950000959500b6000000008db6
0a860000ca160000ca160000951d08000a86
307900004c4100004c4100003d3bb9003079
52df000039ea000052df00004d4bd60052df
fad300005fe10000fad30000ff800000fad3
b4de000087350000b4de000000009cf6b4de
193f0000a9100000a910000082d6e000193f
2e170000c3da0000c3da0000b28096002e17
489b278148f30b124947194a52134d35489b
c2e8000047700000476f8c00cad98000c2e8
9f3e0000c6980000c69800002661a0009f3e
fe450000a4fd0000fe45000063c2b100fe45
1034e9a69050bc488ede9510800000001035
6b85c3935600786f6b85c3937f8000006b86
c2e000008a970000c2e000000e042000c2e0
04d40ec398792172987921728000000004d4
130300008474000013030000800000001303
de770000217a0000de770000c0713600de77
18cf5766b1806284b18062848acff6fb18cf
26340000bccd0000bccd0000a39024002634
734f0000caa70000734f0000fe870900734f
23e3dd7f3a23efe53a23efe51e91eb8f23e4
b9130000d7af0000d7af00005148fa00b913
f2da06dc68c512faf2da06d0ff800000f2da
7ef798b6b10879ea7ef798b6f083ff0a7ef8
d05cd7a2cf4807e4d0876cce602c8f45d05d
e49c000019150000e49c0000be359800e49c
584400004e99000058440013676a48005844
90ab000066f1000066f10000b820fb0090ab
07df000011f5000011f5000e0000000007df
5fc578e983aec6915fc578e9a406d15a5fc5
a49400003dea00003dea0000a3074800a494
f059000037050000f0590000e7e17a00f059
2d0e00000de900002d0e0000000020502d0e
93d0000048770000487700009cc8b00093d0
7eed73bc01e1bb0d7eed73bc415160387eed
55944ea284c21c5555944ea29ae0e8015594
9d858bafb246eeb5b246eeb5104f8d1f9d86
81320000acf40000acf40000000000008132
857e0000a6830000a683000000000000857e
990aee7483dd1b55990aee7400000000990b
d56a0000dc3b0000dc3b03a8722aee00d56a
3f70000006e900003f70000006da70003f70
d95edcd55c2938cd5c25bd5af613513bd95f
4bbe44344aac9b8d4be96b175700496f4bbe
f3360000dcdb0000f33600007f800000f336
50adea16b4f9450750adea16c629579450ae
870131d3d011d689d011d689179332fb8701
08ecc794fff313117fc000007fc0000008ed
d90600008d7a0000d90600002702dc00d906
52da0000ac7a000052da0000bfd4e40052da
611c44d0b0e7d57e611c44d0d28d846a611c
b33750403a615d273a615a4aae21603cb337
bbbb0000e75e0000e75e000063a22a00bbbb
e93a1133d12d8fd6e93a11337afc4c55e93a
2c320000d21a0000d21a0000bed628002c32
13f6bf24d7ff0898d7ff0898ac75d0ad13f7
b04600005155000051550000c224be00b046
ec6100004d270000ec610000fa12c700ec61
1c5f0000280500002805000104e7b6001c5f
3e6c000053b5000053b5000052a6dc003e6c
b9f50000a8950000b9f50000230e9900b9f5
bf8000001cc60000bf8000009cc60000bf80
c3720000e7af0000e7af00006ba56e00c372
d6f11121f93cc5bff93cc5bf7f800000d6f1
225900005e1500005e15000040fc9a002259
86e07eec7d86a8567d86a856c4ec2c1c86e0
c26544e6c7575cfdc757964e4a40e025c265
70240000d96d000070240000ff8000007024
e41ad0b866507d506646d044ff800000e41b
4abb0000085a00004abb0000139f3e004abb
98810000f9070000f907000052080e009881
b578f5d85a6d7cce5a6d7cced066f4f8b579
ade0000056f6000056f60000c5574000ade0
075200007e4000007e400000461d80000752
d49e5873c95cc103d49e58755e888b65d49e
0a7fec0b4a1d06804a1d0680151cfa420a80
d49100003c0e0000d4910000d120dc00d491
23200000d8c60000d8c60000bc7780002320
8d5d00008d3600008dc98000000000008d5d
9eaa0000c31b0000c31b0000224ddc009eaa
46cb00009421000046cb00009b7f560046cb
319c000095e00000319c000088088000319c
e66daac8161cc60ae66daac8bd118bede66e
5e3b00001f2a00005e3b00003df85c005e3b
6c920000bedf00006c920000ebfe5c006c92
b15315726d5086f26d5086f2df2bf0b1b153
9ebd07053b2f5de03b2f5de09a817d1d9ebd
820200008846000088460820000000008202
f823513c2cc96400f823513ce5807a94f823
874500000cf500000cf4e760800000008745
927e0000d68c0000d68c0000298ae800927e
ceee5ffd07db480cceee5ffd974c2f34ceee
5d1e00001cef00005d1e00003a9382005d1e
cd5866998e779d49cd5866991c514ff2cd58
24ae24eedff68d72dff68d72c527b7b524ae
b6e000004cf800004cf80000c4590000b6e0
34ee0000a9d7000034edfffd9f47e20034ee
cf62000040b90000cf620000d0a35200cf62
38c90000cdb70000cdb70000c70faf0038c9
f0e685568738a160f0e6855638a64126f0e7
05300000397700003977000000153a000530
ec780000e32b0000ec78002b7f800000ec78
80b900008dae00008dae00000000000080b9
b102000013400000b102000084c30000b102
769d000004f80000769d00003c181800769d
5d9a00003ec400005d9a00005cebd0005d9a
1e6c0000d44a0000d44a0000b33a38001e6c
f23000007a6a00007a69ff50ff800000f230
23180000531100005311000036ac30002318
4b1d00001ef500004b1d00002a9641004b1d
a015c5f8024b860ca015c5f880000000a016
7c7ce42bcd4a1ab27c7ce42bff8000007c7d
abd0c01dd2e852aed2e852ae3f3d7186abd1
0f530000e4640000e4640000b43bec000f53
534e15e9a701ba44534e15e9bad0ddfa534e
38a400000e35000038a400000767e80038a4
a31f0000c11f0000c11f000024c58200a31f
c75c000023cc0000c75c0000abaf5000c75c
722b189daa7330ea722b189ddd22890e722b
1ce50000dc4a0000dc4a0000b9b4b2001ce5
3c6b0000c3dc0000c3dbfe2ac0c9f4003c6b
9d1400003ee700003ee700009c858c009d14
4050ddd2789b39b2789b39b2797d4ac24051
e6570000dcf10000e657001e7f800000e657
91ea54ab9d357b2b9d357b2d0000000091ea
ca7300001bff0000ca730000a6f20d00ca73
8d8d0000b73d0000b73d0000055032008d8d
593e00009e620000593e0000b827bc00593e
2a9200007800000078000000631200002a92
b7cc1c14883cf4f7b7cc1c140096a7eeb7cc
05b70000aeec0000aeec00008000000105b7
654c0000a4550000654c0000ca29bc00654c
e906a99d96bbc769e906a99d40458d96e907
88d08f91b12fe9e5b12fe9e5000008f588d1
6cf8000012ce00006cf80000404790006cf8
567b00009cef0000567b0000b3ea5500567b
c72900006e2100006e210000f5d49200c729
2442000056610000566100003b2a82002442
6c270000c1bf00006c270000ee7932006c27
fbc9000028110000fbc90000e463b200fbc9
2f980000c6780000c6780000b69340002f98
25ca0000e2b30000e2b30000c90d3e0025ca
ad340000b8140000b814000325d02000ad34
db29000031a10000db290000cd549200db29
b4e0000018630000b4e000008dc6a000b4e0
d70af42d782ef4f7782ef4f7ff800000d70b
4a9462570157fa954a9462570c7a5fab4a94
b819adb6f738dd35f738dd356fddf34bb81a
da400000649700006496fffaff628000da40
35230000ac3600003522ffd2a1e7c4003523
e6078f53d0b1c537e6078f53773c450ee608
86ad000089e6000089e8b4000000000086ad
511100009d95000051110000af28ca005111
d53100008ab30000d531000020778600d531
aea171ed3af40b423af40b41aa19e7afaea1
0ed70b21cc9dfad2cc9dfad29c04b4850ed7
f88a0000998d0000f88a000052980400f88a
87551fd905e04a0c87391698800000008755
df1f184f476bbab5df1f184fe7127f59df1f
d2fa00009e560000d2fa000031d0fc00d2fa
5b2700008ced00005b270000a89a9b005b27
b99600006e8e00006e8e0000e8a66800b996
5f4e0000a59e00005f4e0000c57e48005f4e
7d0b00005f3400007d0b00007f8000007d0b
3a3300007ff400007fc000007fc000003a33
eaa90000d1740000eaa900007ca11400eaa9
9f9c0000e24a0000e24a0000427630009f9c
dc1bd7236c8af50b6c8af50bff800000dc1c
c0920000539a0000539a0000d4afa800c092
2dcb0000241600002dcb0013126de4002dcb
dc7e000050dc0000dc7dfffeedda4800dc7e
5df632b8a3d3f0a75df632b8c24bd33e5df6
332900006a6100006a6100005e1489003329
b9beac4112a5208ab9beac418cf5fa84b9bf
4e29000067ca000067ca000076855a004e29
ccf400007700000077000000ff800000ccf4
5bc7b32acd2d42ca5bc7b32ae987282d5bc8
38ac00008e1a000038ac0000874ef00038ac
c6be0000fc8b0000fc8b00007f800000c6be
cceb744b858078a0cceb744b12ec522ecceb
06de0000dfb60000dfb60000a71dd40006de
0d278b8926293aac26293aac000000000d28
a48db8430f59523aa48db84380000000a48e
27d600005ea200005ea2000047076c0027d6
fac8a93cf3461601fac8aac87f800000fac9
58d6a9d2b463736758d6a9d2cdbeb95a58d7
45cd091777a1a75177a1a7517e0178b945cd
b13e57c87ec4bf3b7ec4bf3bf0924964b13e
1d2400002478000024780290021ee0001d24
fc4b0035682455a2fc4b0035ff800000fc4b
929f000015520000154d080080000000929f
b64c000032400000b64b4000a9190000b64c
0e9b0000eeca0000eeca0000bdf49c000e9b
bfba00004d6600004d660000cda71c00bfba
ac9836911c3b8b91ac983691895f05b0ac98
19f60000061a000019f600000000000019f6
6d4f0000322300006d4f00006003cd006d4f
fffc000011eb00007fc000007fc000007fc0
ed296b1ff80a5edaf80a5edd7f800000ed29
3fe6637f94f5f8b13fe6637f955d5d083fe6
1a980000c15f0000c15f00009c8468001a98
4e8f00003a7800004e8f0000498a88004e8f
cd30000002420000cd30000090056000cd30
7d560000ae2400007d560000ec0918007d56
65000000b21b000065000000d79b00006500
03f400009dd300009dd300008000000003f4
100f0000c5ab0000c5ab0000963f0a00100f
e5bebb76dd596d94e5bebbe37f800000e5bf
734300003052000073430000641ff6007343
f19767847167dc07f08de602ff800000f197
616a65b9667482776674bd107f800000616a
7fd5c1594fbafe907fc000007fc000007fc0
03c7d6b2e9a87578e9a87578ae03809803c8
4aa100004ac800004b34800055fb90004aa1
17a10000403e0000403e0000186efc0017a1
19c9b3b38d1b7ec619c9b3b38000000019ca
a6d82670b2a7671fb2a767201a0d5825a6d8
e95a0000e70d0000e962d0007f800000e95a
413200005a4000005a4000005c0580004132
6d9a000093df00006d9a0000c20626006d9a
bc7fdef52e591764bc7fdef5ab58fb5fbc80
1f0fd28d3eb711be3eb711be1e4db2f51f10
93bfbd31d0ca8433d0ca84332517ae4c93c0
13550000a2bc0000a2bc00008000000a1355
3e5b0000e2c70000e2c70000e1aa3d003e5b
ab1b000098980000ab1b000004381000ab1b
99dd000049c9000049c90000a42d850099dd
ddefe9681278d3c6ddefe968b0e93094ddf0
84c90000729d0000729d0000b7f68a0084c9
e2aa000035680000e2aa0000d89a1000e2aa
9ead061495c82be09ead0646000000019ead
27500000ec6f0000ec6f0000d44230002750
a48b00006a8900006a890000cf94c600a48b
bc695cfe7eae3aba7eae3abafb9ed2bdbc69
13a357225038a5d15038a5d1246ba0da13a3
52a50000c035000052a50000d369520052a5
88db0000519d0000519d00009b064f0088db
6bfcc10152bde7796bfcc1017f3b7f076bfd
ba87d651e24e499fe24e499f5d5aeb0bba88
615b00008bf00000615b0000adcd5000615b
81b20000ae920000ae9200000000000081b2
20aae6f33a9582493a9582491bc79ecb20ab
f713000041960000f7130000f92c4400f713
3e380000abf700003e380000aab188003e38
1f8a7df1482d49c2482d49c2283b7e051f8a
27e50000213b000027e505d809a7470027e5
09ab000061390000613900002b77260009ab
07d0689b6c2627146c262714348743a507d0
f9f97de07e858a8a7e854c2bff800000f9f9
fe442e25b4e25461fe442e2573ad7166fe44
12bc8956e6fa0fe9e6fa0fe9ba3829d612bd
57c287fdb40e3ee757c287fdcc582e7657c3
925ebfb93c5f3b0f3c5f3b0f8f423c65925f
ea028d76cf368cd7ea028d7679ba30caea03
47aeb942c9ff9250c9f4a6bcd22e6e6547af
174700000694000017470000000000001747
587eeb5f3848223f587eeb5f514749fc587f
60c2bf3b9128825a60c2bf3bb28030a860c3
92e30000c83e0000c83e00001ba87a0092e3
9245f8fac432f08ac432f08a170a61229246
92ece90a7805af057805af05cb776e1492ed
81ccf3f78271c88282ac213f0000000081cd
24ae7b9039a79d5139a79d511ee47ba824ae
5e9fee71f5d618cdf5d618cdff8000005ea0
f6d60000fcec0000fcec0d607f800000f6d6
56e9d264ef73150fef73150fff80000056ea
9f330000c1890000c1890000213f96009f33
8c770000805900008c770001000000008c77
20620000efd10000efd10000d0b882002062
25ae0000431c0000431c00002954100025ae
fae9388acd8ce9f7fae9388a7f800000fae9
1ee90000d6d80000d6d80000b64498001ee9
87cc0000de370000de3700002691d40087cc
470e0000740a0000740a00007b991800470e
86600000714a0000714a0000b830c0008660
4ada00001f3e00004ada00002aa1cc004ada
3abd00009cb300003abd0000980427003abd
9d860000b05c0000b05c00000e6650009d86
62af0000feef0000feef0000ff80000062af
85ae0000fb580000fb5800004192d00085ae
2ce9000050fd000050fd00003e6645002ce9
d37cc5b8526ffccdd340c685e66cf634d37d
b35000007145000071450000e5201000b350
4c630000df510000df510000ec3953004c63
747f0000645b0000747f00007f800000747f
339b0000de160000de160000d235a400339b
e55ea47f515ab9efe55ea47ff73e39c9e55f
9f000000297c0000297bfff888fc00009f00
25b91034b79d17c9b79d17c99de3204325b9
7f88ea3f71bba76e7fc000007fc000007fc0
d7cb000018a80000d7cb0000b1053800d7cb
f1ba9f921ff41b83f1ba9f92d231f425f1bb
e6a092881c5d2e51e6a09288c38abb8de6a1
608500005dea00006088a8007ef324006085
10b20000758900007589000046be840010b2
1e3c7076a8bd7495a8bd748f878b74d81e3c
5a7ed482c50179d65a7ed482e000e25d5a7f
2ff600001cc500002ff600000d3d4e002ff6
79f69e78073e2b2579f69e7841b7332d79f7
59ededbae3ee6a6ae3ee6a5bfe5d95ea59ee
6c3b4952d8712c116c3b4952ff8000006c3b
4334d0e33d27e0d34334db6140ed26204335
304afa974c5626034c5626033d29cb9e304b
a2a700008bb80000a2a7000000000000a2a7
08cc000046440000464400000f9c300008cc
12af00005b8c00005b8c00002ebf680012af
96b10000451c0000451c00009c57b80096b1
b19d0000dca90000dca900004ecf4a00b19d
12fb0000ce0a0000ce0a0000a1874e0012fb
0f0800008b8000000f070000800000000f08
44759a0330a70e7d44759a0335a0455e4476
a55300005b0400005b040000c0d99800a553
05690000066f00000694a000000000000569
8ed40000b4300000b43000000391c0008ed4
0b0300004ebf00004ebf00001a437a000b03
347100007b7d00007b7d0000706e2d003471
0a1744ea875c8a450a13d2c1800000000a17
55b24f9c749fdd0f749fdd0f7f80000055b2
ed75000024470000ed750000d23e7300ed75
59330000cc5c000059330000e619d4005933
8d3a0752c5401eafc5401eaf130b9bca8d3a
2861000062fc000062fc00004bdd7c002861
3d0067e57a6b96387a6b963877ec55703d00
fc110000e1fc0000fc1100007f800000fc11
ce605c27e8e86323e8e8632377cbaa66ce60
cdad637a7a629c207a629c20ff800000cdad
f7a900ea175a583cf7a900eacf902507f7a9
70cb0000e249000070cb0000ff80000070cb
427d0000c128000042530000c4260800427d
c944b302d465e606d465e6095e30a4dec945
1fc400006707000067070000474eb8001fc4
497d00001a940000497d000024924400497d
c31287d14cce46034cce45f1d06c22bac313
04330000a85b0000a85b0000800000000433
488e00000f5c0000488e000018741000488e
b541000012910000b5410000885aa200b541
97a50000f0190000f019000048453a0097a5
c8ef000079a9000079a90000ff800000c8ef
d1ad00004bba0000d1acf460ddfb6400d1ad
89d90000bc9b0000bc9b00000703630089d9
22cb0000ad660000ad65fffa90b6620022cb
4f33cf0e73d8055f73d8055f7f8000004f34
599700006ce100006ce100007f8000005997
19e00000a7890000a789000081efc00019e0
dbf7000089dd0000dbf7000026553b00dbf7
52590000e5690000e5690000f84581005259
60d40000f7560000f7560000ff80000060d4
c43821ad20dcd48ac43821ada59ed5d0c438
9cf800009c7700009d39c000000003bd9cf8
95220000604d0000604d0000b601ba009522
910b7467d39d6cf5d39d6cf5252b837b910b
109abb60915bc11f910e636f80000000109b
9db2dced2931151429311513877772f49db3
940d0c915f6627915f662791b3fd9e2e940d
662a000026820000662a00004d2ca800662a
b32c721eae1cfbe0b32c995d21d37e6ab32c
5330000011410000533000002504b0005330
438400005a5f00005a5f00005e65f8004384
7785cdca44856c6e7785cdca7c8b792d7786
17ab000063a6000063a600003bddc40017ab
e0a30000d3b00000e0a3000074e02000e0a3
b8b998266136325f6136325fda8416b0b8ba
7497755caf3cb1367497755ce45f460f7497
efc6aa06fdfb2d32fdfb2d327f800000efc7
f70400001dd60000f7040000d55cb000f704
ebb0000072b2000072b1fd40ff800000ebb0
582a65724b6f952a582a6572641f77fe582a
a4e20000f59a0000f59a00005b07f400a4e2
db4e68487effaefa7effaefaff800000db4e
ebf55142631cb1a5ebf550f4ff800000ebf5
13000000389a0000389a00000c1a00001300
cffd000034020000cffd0000c4807a00cffd
ba770000781d0000781d0000f3177b00ba77
3c250000844b00003c2500008102d7003c25
78edc777cc8c13ad78edc777ff80000078ee
94a3000099aa000099aa28c00000000094a3
1f560000b7c50000b7c5000097a4ae001f56
30fb00008b09000030fb00008000865330fb
6ee6d5f3e503f35a6ee6d5e3ff8000006ee7
a1d184d3584baf9f584baf9fbaa6b40fa1d2
e3620000a3c10000e362000047aa6200e362
4f760000f8af0000f8af0000ff8000004f76
137d000003e80000137d000000000000137d
c6a70000984b0000c6a700001f846d00c6a7
156c000068480000684800003e386000156c
38c12e4fdf2e90e0df2e90e0d883bacd38c1
7a240000dc5300007a240000ff8000007a24
9f8b000066f6000066f60000c70592009f8b
158d0000e04c0000e04c0000b660b800158d
f12a0000f55d0000f55daa007f800000f12a
92190a9b1a4bf1c31a4bf12a800000009219
2574000056840000568400003c7ba0002574
eac10000521b0000eac10000fd69b600eac1
c6a0e47e5bf4cb235bf4cb23e319d973c6a1
1a7a0000eff30000eff30000caed4e001a7a
e97000006d6300006d621000ff800000e970
a0cefbffacc96077acc960780e22d1daa0cf
77d60000b872000077d60000f0ca4c0077d6
f9d1f88e7795e65df9c89a28ff800000f9d2
fc1216709a74a1e6fc121670570b99c6fc12
ad7a6392b619b4efb619b52e2416567aad7a
f1ac2061f6996a8af69995927f800000f1ac
b3c4649bfdba08fbfdba08fb720eb7fcb3c4
5ae50000350f00005ae50000507fd6005ae5
5ffd0000112d00005ffd000031aaf9005ffd
4dcf000068db000068db0000773115004dcf
1b410000699c0000699c0000456b38001b41
bca200008df60000bca200000b1bac00bca2
69ca00001970000069ca000043bd600069ca
6cb3000049c300006cb30000770859006cb3
ea91a734a96f38f8ea91a73454881b83ea92
a27828f38df78b72a27828f300000000a278
a253000080350000a253000000000000a253
4db00c7d334eea754db00c7d418e4b484db0
291b9a8961a72b3161a72b314b4b3820291c
78ee64585eff44d478ee64587f80000078ee
699fd85c61a7c891699fd9047f80000069a0
a773000036270000362700009e1e8500a773
a01f0000cedf0000cedf00002f8a8100a01f
d5ae0000e0480000e04800057687f000d5ae
40240000671800006718000067c2c0004024
9adc00004d7300004d730000a8d0d4009adc
306700001fc800003067000010b478003067
64321c0a1858ba2164321c0a3d16c9286432
0fe60000017700000fe60000000000000fe6
0ff40000da600000da600000aad580000ff4
d8e800000b6c0000d8e80000a4d5e000d8e8
81950000ad3a0000ad3a0000000000008195
2308b24f948a56422308b24f8000004a2309
ba3f24c9a53c88eeba3f24c9200cc541ba3f
eb32000029fc0000eb320000d5af3800eb32
5c610000e0370000e0361f00fd20d7005c61
bb110000e8380000e838000063d07000bb11
d5c1127eda1b3f4ada1b9fd3706a2bdbd5c1
8ec83068dc74111cdc74111c2bbedb848ec8
1df30000c4130000c4130000a28b89001df3
83a90000dbef0000dbef0000201dc70083a9
62320000212e00006232000043f1f8006232
c9200000434e0000c91ff320cd00c000c920
4f690000cdaa00004f53c000dd9aba004f69
b6a74f2484a92612b6a74f2400003746b6a7
d52c000003610000d52c000099172c00d52c
38880000ee020000ee020000e70a20003888
e9860000a0710000e98600004a7c4c00e986
14a4000074700000747000004999c00014a4
b0290000a11e0000b029000011d09c00b029
896a0000eb7e0000eb7e000035682c00896a
ec9a0000206d0000ec9a0000cd8e9200ec9a
d3a46775bb57063fd3a467754f8a16e6d3a4
d2be0000f3010000f30100007f800000d2be
3e25225625c047083e25225624780f243e25
53bfe1bdc28ecd8653bfe1bdd6d6128653c0
2fbd0000ed120000ed120000dd5794002fbd
578d00009c7c0000578d0000b48acc00578d
df480000c6250000df4800006600e800df48
cc6f688488b9f3facc6f688415ade6b1cc6f
98ec00000d28000098ebffff8000000098ec
b009000061b6000061b60000d242cc00b009
08f08081c46dbbc4c46dbbc48ddf575d08f1
4bfd0000801d00004bfd00008be548004bfd
d99d4931418e2f34d99d4931dbaeb733d99d
cfc60000e9080000e908000079526000cfc6
529b0000673b0000673b00007a627200529b
548a20d18690c232548a20d19b9c367b548a
92d00000f27a0000f27a000045cb200092d0
a4cd042f1cb106c7a4cd037e820dc552a4cd
6aba0000ee990000ee984600ff8000006aba
8ba530a0afcb9dc4afcb9dc4000041b28ba5
2c6bf65bca5294e3ca5294e3b74219522c6c
c46c00005ea300005ea30000e3964400c46c
ae5a000035c6000035c5fe4ca4a89c00ae5a
23eb0000418500004185000025f42e0023eb
e6b464c7aafcf7a0e6b464c7523241b2e6b4
f33d00007c7300007c72ffd1ff800000f33d
6847000073c2000073c200027f8000006847
2a3100005b1300005b13000045cb46002a31
99c90000fcee0000fcee0000573ade0099c9
386ee002f329b9fdf329b9fdec1e5f6d386f
c0bc66867d80bf2d7d80bf2dfebd7fe9c0bc
bffa46e29bbd4965bffa46e21c390e16bffa
e6fe000004bb0000e6fe0000ac398a00e6fe
70c10000b872000070c10000e9b6720070c1
61f0acd1af2d1ed561f0acd1d1a2c1c661f1
2fa08485163aeeea2fa08485066a6c2d2fa1
b76574e06b1760826b176082e307ae70b765
78010000499e0000780100007f8000007801
4ed194a29a6417b34ed194a2a9babbc74ed2
16d20000815d000016d200008000000016d2
741d0000e58d0000741d0000ff800000741d
07cce0bf152f06f2152f06f20000000007cd
a18600004fe600004fe60000b1f0c800a186
3cfaa05aa9ee141f3cfaa05aa76914c73cfb
14850000029a000014850000000000001485
a3ad4791e545d15be545d15b4985e5c8a3ad
ec9a0000a3c90000ec9a000050f1d400ec9a
07ba0000e5390000e5390000ad866a0007ba
72280000424200007228000074fea0007228
25a18555c8d04d79c8d04d79af036d3725a2
47e42363a3e9fe2847e42363ac5086b447e4
a1e451c6ccfe451eccfe451e2f62c6c7a1e4
37946ca8d128b889d128b889c943a4983794
192fd8d5b4206a11b4206a118ddc60c11930
0f150000d8930000d8930000a82b1e000f15
8e5200002c6200002c6200008000172c8e52
3cd600002bb100003cd600002913f6003cd6
773c00827aa6f7567aa86f577f800000773c
88220000e7930000e7930000303a0c008822
23cf0000a132000023c97000858fee0023cf
6be6000013b100006be60000401f06006be6
57d30000ed860000ed860000ff80000057d3
f1d30000acbb0000f1d300005f1a2100f1d3
57a00000e2c90000e2c8fffefafb400057a0
c282000038110000c281fffbbb134400c282
c5b2000004850000c5b200008ab8f400c5b2
d19f000064ed000064ed0000f7133300d19f
7d26000035a000007d260000734f80007d26
b3e409345f57cd145f57cd14d3c03a68b3e4
808c8e89118105ef118105ef80000000808d
948000009f1a00009f1a0004000000009480
413d00000b060000413d00000cc5dc00413d
2ef50000831a00002ef50000800000002ef5
9d1a00007cb700007cb70000da5c2c009d1a
9a020000a3760000a37600200003e7609a02
b97bfc8b315d46d6b97bfbaeab59cebeb97c
f6420000df100000f64200007f800000f642
44e90000b004000044e90000b570480044e9
db4a313ef738dac1f738dac17f800000db4a
8f8c00002eca00002eca0000800dcf008f8c
eb3aa0f52bfb38a2eb3aa0f5d7b7251aeb3b
ea67000075ad000075acfffeff800000ea67
03fd0000ff400000ff400000c3bdc00003fd
fa764dba83ab01a0fa764dba3ea4877bfa76
1728000041520000415200001909d0001728
7e80cec8588961d27e80cec87f8000007e81
0b98000002ab00000b98002b000000000b98
fa53a21aaf225a8dfa53a21a6a063770fa54
36e598cfc30c9fb6c30c9fb6ba7c3d9d36e6
bcd46403eac47e1eeac47e1e68230534bcd4
8db80000ffde00007fc000007fc000008db8
85a60000c0c60000c0c600000700640085a6
97e600002bb300002bb300008420d20097e6
a2a600000a430000a2a6000080000000a2a6
f26e902161d2010ef26e9021ff800000f26f
bd6db003d9bade4dd9bade4d57ad8048bd6e
ee2a00005a400000ee2a0000ff800000ee2a
4eaa000078940000789400007f8000004eaa
58900000756f0000756f00007f8000005890
768c0000cafd0000768c0000ff800000768c
883900005813000058130000a0d476008839
6136000014fa00006136000036b1bc006136
8da3000011710000116fba00800000008da3
e4634eac3a6880f6e4634eacdf4e71cee463
ec3f000012370000ec3f0000bf088900ec3f
3f70858387985d233f708583878f26c73f71
eaaf0000a4920000eaaf00004fc79c00eaaf
6a012846ba8b64db6a012846e50ca7806a01
77ee2e2748ecc33c77ee2e277f80000077ee
84270000db7a0000db7a0000202316008427
fa8e000038870000fa8e0000f395c400fa8e
55ce00002b3e000055ce00004198e40055ce
554a0000b8930000554a0000ce67fc00554a
7a9ab3cd60bc08f37a9ab3cd7f8000007a9b
df0100005ef70000dcb00000fe78ee00df01
ec50000057420000ec500000ff800000ec50
068e0000d3370000d33700009a4b0400068e
d244c1689af9bae0d244c1682dbfefbfd245
5cbf000010a000005cbf00002deec0005cbf
71619c30d26b959d71619c30ff8000007162
286f000026c400002883c0000fb6fc00286f
0e07000021a9000021a90000000000000e07
0144ea515776b5335776b533193dc48b0145
ddaa000097dd0000ddaa00003612c200ddaa
644600002f3d00006446000054122e006446
a58e28b0de3dc7d4de3dc7d44452c603a58e
e311000044a50000e3110000e83aea00e311
b2581535327d6ed131156670a555ea7fb258
7d8f5b56ad1ce5047d8f5b56eb2fb7cf7d8f
40459dec07dc0dcc40459dec08a9de5d4046
97d9000071d9000071d90000ca37f10097d9
f99670e03aef7333f99670e0f50cb714f996
91181df0435c6da1435c6da19502fadf9118
bc3967409bb30a74bc3967401881aac4bc39
27d4000047a2000047a200003006280027d4
a7160000c5150000c51500002cae9c00a716
60206eb1b2e46bce60206eb1d38f26256020
bafe2372e22ff39be22ff39b5daeac10bafe
6006000028fe0000600600004984f4006006
03a1000069940000699400002dba280003a1
d906e8b8bbf9aeedd906e8b85583948ad907
faf046e8efece1e8faf046ec7f800000faf0
f8160000a1d60000f81600005a7ac800f816
7605779c0c70af867605779c42faf74a7605
5b610000e4b90000e4b8ffe4ff8000005b61
0874e1a5d70956c2d70956c2a0035fbf0875
d15fc947a3136deed15fc9473500e0add160
7be000001bcf00007be00000583520007be0
c4310000de730000de73000063280300c431
15ba0000d8c90000d8c90000af120a0015ba
71c800001504000071c80000474e400071c8
ee4b085cba603b2cee4b085c6931d63eee4b
063c1dbcef69d4f4ef69d4f4b62bd38c063c
7b61c133a7c089cc7b61c133e3a9ca6b7b62
559c183def0cec37ef0cec37ff800000559c
89ce00007c8500007c850000c6d60c0089ce
5aca45dff9a4cbfaf9a4cbfaff8000005aca
ae0bac8574a8bed274a8bed2e33822a8ae0c
c6af89c650f1273650f1272bd8255b96c6b0
1ef80000686e0000686e000047e690001ef8
4e48b139165b44094e48b139252be4f24e49
86ab000021780000217800008000000086ab
c6350000407f0000c634f010c7344b00c635
2ccb000041b3000041b300002f0df1002ccb
3a8900008af600003a8900008603a6003a89
3e7c0000239800003e7c00002295a0003e7c
1e157acf86be7b381e157acf800000001e15
9d8a00005ebb00005ebb0000bcc99c009d8a
f9ae000081cd0000f9ae00003c0b5600f9ae
7069000050a40000706900007f8000007069
3a630000ed540000ed540000e83bfc003a63
c6550000ae210000c65500003505f500c655
9c49bbc599bca76a9c4fa100000000099c4a
50ccbcb0b9de3b9150ccbcb0cb31bb4450cd
3efc000015b100003efc0000152e3c003efc
3fa716366b2b62616b2b62616b5fb8183fa7
f858000040f90000f8580000f9d21800f858
96b10000a07e0000a07e00160000002c96b1
bed70000d7550000d755000056b2e300bed7
d40c40e3909b3c8bd40c40e3252a18ead40c
1d6b7377a309f3dfa309e52880fdc22d1d6b
7d830000fd6f00007bb80000ff8000007d83
6e04000042cc00006e040000715260006e04
cf170000c0630000cf1700005005e500cf17
76e90000cbed000076e90000ff80000076e9
06d40000c6bf0000c6bf00008e1e2c0006d4
4f1d000054e9000054e913a0648ee5004f1d
a4d8b61d577bd20e577bd20ebcd52c60a4d9
89b51b8b0c37169b0c316dbf8000000089b5
d9e0c2867c13d8df7c13d8dfff800000d9e1
c744313a4189788bc744200bc952b573c744
4cfd8dcf56a5f48c56a5f49c64245e9c4cfe
60b9cd9fcffd344e60b9cd9ff137c62d60ba
29e20196cca50ee5cca50ee5b711b82c29e2
4b1b000057a3000057a30000634562004b1b
e9757a8b5954fef3e9757a8bff800000e975
b72d0000436900004368ffffbb1d7500b72d
04b80000b1430000b14300008000000904b8
c31900007f1e00007f1e0000ff800000c319
0c7b36bd60d807c460d807c42dd3fdce0c7b
820a0000ba310000ba3100000000bed4820a
d46a15432dae1a45d46a1543c29f3279d46a
e3a100005a980000e3a0ffdafebf3000e3a1
383c000050df000050df000049a3c400383c
1f2c00002ff800002ff800000fa6a0001f2c
b91200009ca60000b9120000163d5800b912
d80f237edd129203dd12b5cc75a3e7c4d80f
6c710000593f00006c7100007f8000006c71
f04900006e3b0000f03d5000ff800000f049
b73fd7f14bce6ccb4bce6ccbc39ab14bb740
8949000065cd000065cd0000afa0f5008949
bf1c000097000000bf1c0000169c0000bf1c
ca39000066b7000066b70000f1843f00ca39
defb0000c3060000defb000062836200defb
eca2000067cc0000eca1cd00ff800000eca2
ce028f5f6398b5466398b546f21bc327ce03
154a7c99afef0faeafef0fae85bd16ba154a
8712000085d80000872d0000000000008712
adecfc83d395e133d395e133420abf71aded
f6bf0000c7ae0000f6bf00007f01d200f6bf
787cbaf788397a8d787cbaf7c1371c19787d
9a8c0000750b0000750b0000d01808009a8c
2c3c0000f8cc0000f8cc0000e595d0002c3c
4557912b38fbb0e84557912b3ed3f04c4558
9b4d0000414a0000414a00009d21c2009b4d
32c40000a4b6000032c40000980b580032c4
25fb00000a9e000025fb00000000000025fb
75d76502f8471d88f8406260ff80000075d7
867d0000ef330000ef3300003630e700867d
8b680000e1cd0000e1cd00002db9c8008b68
80310000cfc40000cfc40000101610008031
84c4d5528a93e4ff8a93f14c0000000084c5
d2680000f8600000f86000007f800000d268
046800000973000009733a00000000000468
78bae597ca44d4a078bae597ff80000078bb
2da3f3d882455afd2da3f3d8800000002da4
e44c9efdf7851708f78517087f800000e44d
0a116e8449217ba749217ba713b779800a11
908acf6ae8da5a50e8da5a5039eccb31908b
f7c2000067400000f7c20000ff800000f7c2
cce00000a0250000cce000002d906000cce0
90019d739d6a4d069d6a4d06000000009002
d5b91de30d28fa9ed5b91de3a37461add5b9
c431e4faebc3a80bebc3a80b7087f630c432
ff690000c9dc0000ff6900007f800000ff69
83bc0000c27f0000c27f000006bb440083bc
481b0000dea30000dea30000e7456200481b
ef5e54b68c1390deef5e54b63c002875ef5e
b0d600002a130000b0d5fb689b75c400b0d6
bab77b56dd53e6f5dd53e6f55897e030bab7
c13d0000501f0000501f0000d1eac600c13d
88f41b8ce68b95b4e68b95b4300519b588f4
f1f300003fc60000f1f30000f23bf200f1f3
7e340000bb1b00007e340000f9d9f8007e34
c07800009c310000c07800001d2b7800c078
80a1dbdee4e91395e4e9139526135d7f80a2
3aa20000009b00003aa200000000310b3aa2
e1ad0000fe820000fe8200007f800000e1ad
1d180000cb6a0000cb6a0000a90af0001d18
0d5c0000ac7d0000ac7d0000800006cb0d5c
2c54a5494e2bb8184e2bb8183b0ea3522c55
86180000b5460000b546000000003ac88618
cdbd00007218000072180000ff800000cdbd
64478acefb692226fb692226ff8000006448
6eb900007e8b00007e8b00007f8000006eb9
31d40000aacf000031d3fcc49d2b6c0031d4
e213a3d89128f187e213a3d833c2dda2e214
c728000030f70000c7280000b8a21800c728
78b700005540000078b700007f80000078b7
02890000e4620000e4620000a771e4000289
194e00007cd700007cd7000056ad0200194e
a9c600007756000077560000e1a58400a9c6
0db900005aff00005aff0000293847000db9
ee47a4978768203bee47a4973635064bee48
bcb5222313c6dfa5bcb52223910cb6a5bcb5
bb95dd42e3337475e33374755f521bc4bb96
ac94282f86f2a9a8ac94282f00000000ac94
ac140000f9790000f9790000660ff400ac14
d0700000038e0000d070000094852000d070
406d033530e082ea406d033531cfdc03406d
86170000547d0000547d00009b153b008617
840600001546000015460000800000008406
cbec2c59cf9bd122cf9cbd4e5c0fbfc9cbec
8c9000006e6a00006e6a0000bb83a0008c90
f3750000d5d00000f37500007f800000f375
5c03000088bc00005c030000a54068005c03
dea60000e2a40000e2a4a6007f800000dea6
1e0e0000d3c10000d3c10000b2561c001e0e
56da0000244f000056da00003bb0460056da
ceb8000001ba0000ceb800009105b000ceb8
07680000c2e40000c2e400008acea0000768
51190000449500005119000056321a005119
7f190000e01800007f190000ff8000007f19
84df00005d7d00005d7d0000a2dc630084df
c4a5dd9df10cf9a0f10cf9a07636addcc4a6
40d60000ff080000ff080000ff80000040d6
60e10000ed4f0000ed4f0000ff80000060e1
58d80000fc930000fc930000ff80000058d8
609c000075c8000075c800007f800000609c
0c917b0217c4344717c43449000000000c91
37ce427f15b9d60137ce427f0e15ba7a37ce
c2fd00007099000070990000f4173500c2fd
ab029bcf74acd45474acd454e0305a06ab03
f29e0000ad660000f29e0000608df400f29e
5ef3f7affe683860fe683860ff8000005ef4
622c8e3ad33b9abc622c8e3af5fce861622d
9e1000003dc600003dc600009c5ec0009e10
1894018d05db3a421894018d000000001894
3d480000801500003d480000800106803d48
51c5000011ef000051c500002437eb0051c5
4d980000d21e0000d21db400e03ba0004d98
26ea000045770000457700002ce1c60026ea
a4b72079ff7ea4ffff7ea4ff64b6283fa4b7
e9d50000bb340000e9d500006595c400e9d5
79d3de44a45de83e79d3de44deb7a71579d4
0eee0000f9110000f9110000c886ce000eee
8c0300003d3e00003d3e000089c274008c03
ea6bc5a01eaa66cdea6bc5a0c99cefeaea6c
41eec9e4f63af58bf63af58bf8ae63b941ef
325d0000e90a0000e90a0000dbee4400325d
d2a7d3bfe0bb090ee0bb090e73f53b38d2a8
f3400000932d0000f34000004701c000f340
d7113f3a0cf4a2bed7113f3aa48acc99d711
f1cb000032c20000f1cb0000e519d600f1cb
bc660000b2f40000bc66001e2fdb3800bc66
635c033c3e2e0540635c033c62158eb6635c
91a8c892a1065bc5a1065bc50000000091a9
dedd000053160000dedcfffff2817e00dedd
c0d0e2d60298d85dc0d0e2d683f96e75c0d1
10b60000965500009654e9408000000010b6
486700009a11000048670000a302d7004867
77807942f5641fd37772b087ff8000007780
9497624dad5699e7ad5699e7027dce5d9497
031d86856da4c59e6da4c59e314ac78e031e
4fbb0000d7580000d757fe8ae79dc8004fbb
79e50000f778000079dd4000ff80000079e5
4a2494f69a1a32b04a2494f6a4c644644a25
c66000007c8a00007c8a0000ff800000c660
44ec0000767b0000767b00007be7640044ec
8e9700002e0100002e0100008001305c8e97
50e8490814433c3e50e8490825b1264a50e8
ba53000071ba000071ba0000ec994e00ba53
d72d0000146e0000d72d0000ac20d600d72d
18710000792c0000792c00005221ec001871
b252000081c90000b252000000000001b252
943e000080f00000943e000000000000943e
cc3d9eecd95ac014d95ac0146622079bcc3e
7dc1809d1d26443d7dc1809d5b7b59f47dc2
fd1390d062f39057fd1390d0ff800000fd14
f7305f4cb160b5cbf7305f4c691ad0a2f730
dd720000fdbd0000fdbd00007f800000dd72
fba10000c7400000fba100007f800000fba1
b8b37ea2b04ea748b8b37f092990e530b8b3
e84600007c8d00007c8d0000ff800000e846
18c000002a0500002a0500000347800018c0
f8f4c38b024844c2f8f4c38bbbbf7a82f8f5
419c00003b6d0000419c07683d906c00419c
918a0000b7870000b787000009918c00918a
8bf40000b02e0000b02e00000000a5d88bf4
ce820000d5830000d583020864850c00ce82
22de00007f5600007f56000062b9940022de
723d000049a60000723d00007c751c00723d
fc03a4a21dd87dddfc03a4a2da5ea743fc04
368f00003c7900003c7911e0338b1700368f
41b600009152000041b6000093954c0041b6
dc2c000083d40000dc2c0000208e7000dc2c
53cc00008a35000053cc00009e903c0053cc
bff6000009360000bff6000089aee400bff6
448900008f0700004489000094107e004489
4de8000068e1000068e10000774be8004de8
d0020000fcd60000fcd600007f800000d002
f845265af85e4e63f8d1ba5e7f800000f845
7d9e0000842f00007d9e0000c25804007d9e
8ac4c9b80c9dd8000c918b64800000008ac5
9fed7c44782239c8782239c8d8967e3d9fed
f26be74c645a160af26be74cff800000f26c
4c520000da310000da310000e71132004c52
d651000021c90000d6510000b8a41900d651
b89800009b990000b898000014b5b000b898
0a716e34dc3a777adc3a777aa72fdabf0a71
c7c5000064dd000064dd0000ed2a1100c7c5
aee2347a1d7d6883aee2347a8cdfea36aee2
9e4682e903f794319e4682e9800000009e47
f487b3d3240babc0f487b3d3d914135df488
23070000b3300000b330000096b9a0002307
f0480000dd600000f04800007f800000f048
8134109fe39bed7ae39bed7a255b5a338134
e1280000ec9c0000ec9c00017f800000e128
c32ebf023d02d71bc32eb6d5c0b29fa8c32f
8cc8000016ac000016abfff4800000008cc8
cff20000644b0000644b0000f4bfe600cff2
dcddd3f0a1fe1b28dcddd3f03f5c2fd0dcde
062000005fbd00005fbd0000266c40000620
ef550000fc500000fc5000007f800000ef55
392a000034570000392a35c02e0ec600392a
b3db6c10782d058a782d058aec944cc6b3db
09c30000269c0000269c00000000000009c3
21790000f3310000f3310000d52c29002179
a4fb0000081c0000a4fb000080000000a4fb
99f9eaa133f401b133f401b18e6e354899fa
7b320000040f00007b3200003fc6dc007b32
90a3d0878e703e0b90ab52770000000090a4
541d0000cf9f0000541cb080e4430600541d
4eba74a27dc2b5db7dc2b5db7f8000004eba
69340000d5c6000069340000ff8000006934
079e000081dc0000079df24080000000079e
76667c1ee24328c576667c1eff8000007666
5b940000915100005b940000ad71a8005b94
36560000e64c0000e64c0000dd2a88003656
c0c8000050ec000050ec0000d2386000c0c8
06c9f759a2f18b5fa2f18b5f8000000006ca
42dc45d6b7afd23842dc45d3bb17489f42dc
c48f0000ce910000ce91000953a1fe00c48f
2a4b0000fa220000fa220000e50076002a4b
4502000097040000450200009c8610004502
71fc0c591e9e3dd471fc0c59511bcc7f71fc
a4a500004666000046660000ab943e00a4a5
a59532e5da2f021eda2f021e404bfe0da595
aeea0000ff5f0000ff5f00006ecbd600aeea
fa6aecb27765f050fa6754f1ff800000fa6b
1fcd0000ab150000ab14fffe8b6ea2001fcd
99600000d8d60000d8d6000032bb40009960
af6100002aae0000af60a9009a98ee00af61
2bf20000a32c00002bf1ffaa8fa298002bf2
e37f06fc375ca6b4e37f06fcdb5bd012e37f
de539fc5bcd3a63cde539fc55baef61bde54
fe74bb93349ea366fe74bb93f397a7fafe75
35180000f5d60000f5d60000eb7e20003518
767800007b9b00007b9b1f007f8000007678
aff900002c570000aff752009cd11f00aff9
bda00000d2640000d2640000508e8000bda0
3dfe00005a2600005a26000058a4b4003dfe
ee1c00006eab00006e3a0000ff800000ee1c
2be900002ebd00002ec0a4001b2c05002be9
1e36000061b3000061b30000407e84001e36
f970ee3d1dc9ed5ef970ee3dd7be0a73f971
6774000065a70000678470007f8000006774
6de50000856b00006de50000b3d237006de5
ba9ef568bd977cb3bd99f88938bc205dba9f
88c20000ccd90000ccd900001624720088c2
f041c5299470239bf041c5294535c3caf042
ead7d23c91baa5e2ead7d23c3d1d5a99ead8
33ca00008c9c000033ca000080f6300033ca
94afc4a0c182bb66c182bb6616b3850894b0
46b50000575c0000575c00005e9b8c0046b5
da3600007fe400007fc000007fc00000da36
27c300003e8900003e89000026d0b60027c3
b46f000067db000067db0000dccc7500b46f
92e400000247000092e400008000000092e4
8be6000098a9000098a90000000000008be6
7aef0000dc1300007aef0000ff8000007aef
89a189ede9fe41cae9fe41ca3420705d89a2
ae229cc667349b5367349b53d5e571caae23
30709c131d5f6bbd30709c130e51fd373071
c8b82e75c893c81ec925fb4a51d4a54ec8b8
68b700002a4b000068b7000053911d0068b7
fcb50000df080000fcb500007f800000fcb5
8188fb22ca224071ca2240710c2da2ce8189
1e31000048ee000048ee000027a48e001e31
099d17bedc9a68eddc9a68eda6bd8157099d
593000006aae00006aae00007f8000005930
e19100003f5f0000e1910000e17c9e00e191
9f910000e04b0000e04b00004065f6009f91
a66400001aa60000a663ffff8193d800a664
daacad6e9994fa10daacad6e34c8f9e0daad
da1c173c17905c29da1c173cb2300a86da1c
f0a20000a4cc0000f0a2000056011800f0a2
45ff0000506900005069000856e8170045ff
51b1762325f0101e51b17623382669ed51b1
0cea0000b9020000b9020000866da8000cea
e5eb1a585a30dbd0e5eb1a57ff800000e5eb
bce90000c2220000c2221d203f937200bce9
429e0000fccb0000fccb0000ff800000429e
e35f00001d370000e35f0000c11f6900e35f
1447000068330000683300003d0b25001447
c00d0000015c0000c00d000081f25800c00d
01b50000fe280000fe280000c06d900001b5
938cc134d1f39b52d1f39b522605f0ca938d
6a080000080b00006a0800003293b0006a08
456232bf1659280e456232bf1c3fe0684562
2f860000b4670000b466bd00a471d4002f86
8da6000090980000909a9800000000008da6
f51000001d170000f5100000d2a9e000f510
dbe30000861d0000dbe30000228b3700dbe3
7faa0000186c00007fc000007fc000007fc0
e9ff7dbc8a86c3ece9ff7dbc35067f59e9ff
ab47f3293744634837446347a31963b7ab48
cbd074fac3d59cd8cbd075d0502df10bcbd0
c90f00001d650000c90f0000a6ffd600c90f
9f3800002a2800002a27fffd89f180009f38
b3650000fc020000fc0200006fe89400b365
b4e9000002c20000b4e9000080000058b4e9
e332de8cd168dc5ce332de8c7522b3a6e333
d0743a4446f61f9fd0743a25d7eace28d074
11283f03dfccac12dfccac12b186834d1128
b9430000b0f80000b943007c2abce800b943
ec72f88c522ff411ec72f88cff26ff8dec73
a22d0000d27f0000d27f0000352c5300a22d
98d30000d8de0000d8de00003236fa0098d3
32890000354e000035524800285c7c003289
7cd781fe34bd16577cd781fe721f2dc77cd8
01a40000d2a80000d2a8000094d7400001a4
4f6100001ff500004f6100002fd755004f61
e88d16885efe0899e88d1678ff800000e88d
cb3e000036730000cb3e0000c2345a00cb3e
2218000052ef000052ef0000358de8002218
e5c4d407cadd5bc4e5c4d407712a3198e5c5
70100000496f0000701000007a0670007010
9e6694fb5799c0c45799c0c4b68a7caa9e67
f573f7492e6cef74f573f749e461cc2af574
d08b00006bab00006bab0000fcb9b200d08b
a9be6b1e224c675da9be69858c980a3ea9be
5ab142a71b46257a5ab142a7368933805ab1
50df00003ce1000050df00004e43ff0050df
826f0000172d0000172d000080000000826f
760b000005f10000760b00003c82db00760b
258400009602000025840000800043082584
d72a0000244c0000d72a0000bc077800d72a
2e851eb58f35e98a2e851eb58005e9822e85
c5f50000dd430000dd43000063ba9f00c5f5
1d340000bb460000bb460000990b38001d34
32a2000046e8000046e800003a12d00032a2
6124850c5fb8dd3f613ba0b47f8000006125
bbe90000aee60000bbe900002b515600bbe9
e3b28a5904552802e3b28a59a894a903e3b3
a5bb791939b6582339b65823a00588a3a5bb
e6ad1156cd18ee37e6ad1156744ec6ade6ad
7bf00000b64600007bf00000f2b9a0007bf0
c241000007fd0000c24100008abebd00c241
5d6080b3f37e7373f37e7373ff8000005d61
816a51f95e7101cf5e7101cfa05c98d3816a
947c00004c1700004c170000a114a400947c
541b00009ca80000541b0000b14b7000541b
d62a7883e9be3f0de9be3f0d7f800000d62a
548d00007f3000007f3000007f800000548d
589bbee212528cb8589bbee22b801832589c
0d7f0000d0620000d06200009e611e000d7f
0a7b0000a5a70000a5a70000800000000a7b
6a8d000062bb00006a8d00bb7f8000006a8d
d0e70000eb3e0000eb3e00007cab7200d0e7
ff4f0000c77e0000ff4f00007f800000ff4f
95c5000069b8000069b80000c00d980095c5
ba1f00008d3c0000ba1f000007e98800ba1f
c4c80000378b0000c4c80000bcd93000c4c8
f55ff7f9df0d69d0f55ff7f97f800000f560
ee0f000005210000ee0f0000b3b3de00ee0f
bc1200005a6700005a670000d703be00bc12
69261aa8340338b869261aa85daa48e26926
c42b00006e5d00006e5d0000f3139f00c42b
c7ed00002e640000c7ed0000b6d31400c7ed
4b649e42bacc95dc4b649e42c6b6b3f14b65
1142ff01b06da284b06da284823501de1143
992d189ddfa2421adfa2421a395b6c8b992d
80ff00006923000069230000aaa25d0080ff
35ca0000ad70000035c9ff88a3bd600035ca
10f700000c73000010f779800000000010f7
b91259c4c4f624a3c4f624a43e8cb734b912
f0586539495a2581f0586539fa3865e6f058
5b840000397500005b840000557ca8005b84
35ea0000e52d0000e52d0000db9e220035ea
df01dbd7fd765eb2fd765eb27f800000df02
9f4600004a6e00004a6e0000aa3814009f46
46fe000020a1000046fe0000281fbe0046fe
74cd0000968c000074cd0000cbe0380074cd
4e3c79d20c7853964e3c79d21b36d38d4e3c
a7fe00005ac100005ac10000c33f7e00a7fe
7458373256b118c9745837327f8000007458
aeb77d463e4b8f5f3e4b8f5fad91e71aaeb7
5197abd86ccb16926ccb16927ef0a5475198
1b35bf1b097565a41b35bf1b000000001b36
7fc80000fae700007fc000007fc000007fc0
37d70000eb180000eb180000e37f500037d7
042400006bb100006bb100003062c8000424
044d00007a2000007a2000003f002000044d
db549e3f64fae40064fae3e5ff800000db55
0a285e850ea78e580ea7e287000000000a28
212f9f7a897fb8d3212f9f7a800000002130
c3eb00007f8000007f800000ff800000c3eb
321b00001a620000321b00000d08d600321b
dbb0796686898de1dbb0796622bda58bdbb0
1f740000fc440000fc440000dc3ad0001f74
29770000c5e60000c5e60000afddea002977
6d85000014b000006d85000042b6e0006d85
da2b000020e40000da2b0000bb984c00da2b
b06500004844000048440000b92f5400b065
d2b7000025ce0000d2b70000b9134200d2b7
f3b4000067dd0000f3b3ffffff800000f3b4
6fee0000ac2f00006fee0000dca2b2006fee
305b00002b450000305b31401c288700305b
86e10000645b0000645b0000abc07b0086e1
831d0000b62e0000b62e000000000356831d
a1e4000068b4000068b40000cb205000a1e4
da73ddfba4fb3de4da73ddfb3fef559ada74
038b000048900000489000000c9c6000038b
13d400003ff500003ff50000144ae40013d4
af110000e1fa0000e1fa0000518d9a00af11
023800008df300008df2ffff800000000238
65440000895b000065440000af27ac006544
5c7a000031f900005c7a00004ef32a005c7a
c0b50000f73a0000f73a000078838200c0b5
346b00008a800000346b0000801d6000346b
0fc60000cc010000cc0100009c478c000fc6
ad070000bbbf0000bbbf000029497200ad07
41420000862700004142000087fd1c004142
9da000004ce700004ce70000ab1060009da0
db4b000094620000db4b000030333600db4b
12f50000840d000012f500008000000012f5
b29a0000ff390000ff390000725e9400b29a
3be90000530a0000530a00004f7b34003be9
2ce800007dd500007dd500006b4108002ce8
f37baf82acc34968f37baf8260bffedbf37c
c45e0000416c0000c45a5000c64ca800c45e
825478a73e20e36d3e20e36d8105882a8254
4c6e327f41a1da644c6e32844e9698f64c6e
467ec35ed8f2d2c0d8f2d2c0dff1a66a467f
aa1c0000b2570000b257009c1d030400aa1c
141f5b5a1746c769174944d600000000141f
20e20000fb780000fb780000dcdaf00020e2
857f0000d45b0000d45b00001a5a2500857f
c5b554bc64aaf32a64aaf32aeaf22d04c5b5
be27e6ef99f986e4be27e6ef18a3a817be28
ad630000bba10000bba10000298ec300ad63
fa84000000980000fa840000bb9cc000fa84
f1030000ccad0000f10300007e310e00f103
e5ae0000269a0000e5ae0000ccd15800e5ae
24b10000a36300002494a000889cf30024b1
0ab5459d8a4f68db0a1b225f800000000ab5
e9ad0000f25d0000f25d00567f800000e9ad
131100009dad00009dacfffb800000001311
46770000b73a000046770000be3376004677
1f2bc69d397c0993397c099319291def1f2c
f36e0000e6d50000f36e00007f800000f36e
d47d02a151151f7fd47aae23e61361a9d47d
6309000041a2000063090000652d64006309
810400004c3700004c3700008dbcb8008104
c68e0000620d0000620d0000e91c6c00c68e
66130000cbad000066130000f246ae006613
576eb9ad9424971d576eb9adac197bdd576f
7f15000000db00007f150000407eee007f15
f60b0000679d0000f60b0000ff800000f60b
0a27000005e300000a277180000000000a27
48d10000c754000048b68000d0ad140048d1
35b50000c4830000c4830000bab93e0035b5
c3106d5d6f115f866f115f86f2a407acc310
e0fe73833871cc67e0fe7383d9f055e9e0fe
e6e32aa78e7c2678e6e32aa735dfc01fe6e3
9b2600002fd400002fd400008b8978009b26
8735e2f7057e78fa8725fb67800000008736
8555f2f4e3472040e347204029266ad08556
b00d0000dcdc0000dcdc00004d725800b00d
6b6486cb2fc8a7d56b6486cb5bb31f216b65
02714c6cd017b1a9d017b1a9930efb890271
cf120000be500000cf1200004ded4000cf12
f4980000b9be0000f49800006ee1a000f498
f303000053600000f3030000ff800000f303
752200000c62000075220000420f04007522
8d340000b7de0000b7de0000059c18008d34
538700004d26000053870530612f14005387
bd7200007d7400007d740000fb66a800bd72
91030000f4020000f402000045850c009103
1ca1000060080000600800003d2b10001ca1
ff2c0000142e0000ff2c0000d3e9d000ff2c
a09cb4eece664770ce6647702f8cf649a09d
9e090000c8ad0000c8ad000027392a009e09
899ebf6e7d93788c7d93788cc7b6e559899f
1c920000a6b20000a6b1fff783cb08001c92
bfb5000055f5000055f50000d62d3900bfb5
c4700000c8840000c88478004d778000c470
91810000d8120000d81200002a1324009181
9ccee066deaa8f6cdeaa8f6c3c09d4ea9ccf
d27d0000a6de0000d27d000039db6600d27d
13a52afcdf648621df648621b39370d213a5
97d9eb1a56a3d1a756a3d1a7af0b732997da
bc9800005437000054370000d1595000bc98
381ba816961c654c381ba8168ebe300a381c
f8410000975f0000f841000050281f00f841
588a5f1d2dc13f84588a5f1d46d0e813588a
6634b022bcc066526634b022e387cc526635
e6c048cc650e4ec5e6ae7ef3ff800000e6c0
87637a95e92ce52ae92ce52a3119a1fe8763
3c323e8f233580373c323e8f1ffcbf013c32
240a0000ff740000ff740000e4038800240a
cc083655c8d6b3accc09e3bc55647a09cc08
91cd5f2e76cb0a0776cb0a07c922e28591cd
6e290000c2f800006e290000f1a3b8006e29
14e50000a21a0000a21a00008000002214e5
3b3de424786f4bb8786f4bb8743180283b3e
cc65000048ea0000cc632c00d5d15200cc65
bf59000049f9000049f8fff9c9d31100bf59
6dba0000f48e0000f48dfd18ff8000006dba
7b620000822300007b620000be0fe6007b62
23fd08327739257d7739257d5bb6fffa23fd
d2eb0000aa260000d2eb00003d986200d2eb
f72d2b9c8e525530f72d2b9c460e4766f72d
88930000fe890000fe890000479d56008893
54f70000e5040000e5040000fa7eb80054f7
64efbc2e5af280d464efbc3d7f80000064f0
21b400001e88000021b6200000bf400021b4
307c0000c4180000c4180000b515a000307c
13c80000a2c00000a2c000008000001313c8
6685000015f20000668500003cfb74006685
393afebfe5a7af72e5a7af72df74f8ac393b
dcd800002e970000dcd80000cbfed000dcd8
b7f700004611000046110000be8be700b7f7
11c20000a4810000a48100008000000c11c2
99fb988000165c4999fb98808000000099fc
427c0000bc940000427bed80bf91b000427c
ba0fd69a3760f98aba0c52b4b1fccff8ba10
b2b20000a68b0000b2b2000119c14c00b2b2
9d9d3aa56247004c6247004cc074718a9d9d
a34a00002c2600002c25ffce9002fc00a34a
c9f70000a8d00000c9f700003348b000c9f7
f391000081540000f391000035702800f391
cd63bbcdc7a2c1cdcd63d0255590c93fcd64
0b1c000076a7000076a70000424b88000b1c
5fca8453e4ae50fde4ae1e5cff8000005fcb
5279000040e400005279000053ddc4005279
8f456cbdd0277af2d0277af2200128c08f45
4ae80000f6500000f6500000ff8000004ae8
c085000001290000c0850000822f9a00c085
bb056502ef4e4207ef4e42076ad6f35fbb05
34180000dca90000dca90000d148b0003418
63da00001a95000063da00003efdc40063da
f58f026d1f426bdaf58f026dd559382df58f
56890000bb0b000056890000d214c6005689
7c1e0000352300007c1e000071c934007c1e
ca0400002e790000ca040000b9006400ca04
51eed02dcb769cc251eec878dde60e4751ef
44b3367f2845d79944b3367f2d8a7fde44b3
6b1e0000428600006b1e00006e2568006b1e
8f589a6c4e0810014e0810019de63f288f59
e2121ccea61826d2e2121cce48adae85e212
75f30000b218000075f30000e890480075f3
5b8100007e3400007e3400007f8000005b81
55abc00c7b63862a7b63862a7f80000055ac
f6b70000414a0000f6b70000f8906600f6b7
a5420000f47c0000f47c00005a3ef800a542
a12b00006452000064520000c60c4600a12b
ef0d00005f690000ef0d0000ff800000ef0d
968f0000e8c20000e8c200003fd8bc00968f
6212d1fd9e4155866212d1fdc0ddc2b96213
ce71023a516909be516545b5e05b6433ce71
21d9000040ec000040ec000023480c0021d9
59e900003d4a000059e9000057b7da0059e9
cb57000045650000cb56f1b0d1405300cb57
f1ef0a769935004cf1ef0a764ba902acf1ef
6d3c04ab67bcd6086d3c1c467f8000006d3c
b23a0000ec9e0000ec9e00005f659800b23a
59fc000045b2000059fc0000602f380059fc
dd9c58018e06c21fdd9c58012c24993cdd9c
5251697adf60cc42df60cc42f237e3615251
5f990000373200005f9900005754c4005f99
dde3b14d04cf43a7dde3b14da3385889dde4
19f500009010000019f4ffee8000000019f5
4e1b0000267300004e1b0000351321004e1b
d20b00008fec0000d20b000022802400d20b
aa0d0000e47c0000e47c00004f0acc00aa0d
80140000ef7b0000ef7b00002f1ce0008014
ed390000c7bb0000ed39000075872300ed39
73f78eb4a4e29a4c73f78eb4d95b213073f8
e5cf0000ebbc0000ebbc0cf07f800000e5cf
97864f3cb3b9bf25b3b9bf250bc2e7169786
94fe0000ab4f0000ab4f000000cd620094fe
f384ef981d9383c2f384ef98d19933fff385
78bb00008351000078bb0000bc98ab0078bb
408b0000767e0000767e00007789ea00408b
74a3000016ab000074a300004bd9c20074a3
7d85000002c800007d85000040cfd0007d85
6dc2428cbf48bd556dc2428ced9853a96dc2
4565000074430000744300007a2e6f004565
d2a0000022d20000d2a00000b6034000d2a0
fbc077b378aed365fbbdbc65ff800000fbc0
2368211831c3a4c331c3a4c315b1669b2368
a6da722465494c1265494c12ccabc488a6da
e835cf4b9ac96133e835cf4b438f04cae836
8cda3bd1b786f6a0b786f6a004e61b1b8cda
ecae0000b3430000ecae000060848a00ecae
2b490000895300002b490000800000012b49
88f3c8c87443926e7443926ebdba3d6288f4
87fd0000e34a0000e34a00002bc7a20087fd
cc530000b5820000cc53000042564c00cc53
e44e0000e4690000e4db80007f800000e44e
ff534c65b44d3c02ff534c65742965b4ff53
670a0000546b0000670a00007bfd5c00670a
df8519cfef4c7c6bef4c7c6b7f800000df85
ffcb00000d1100007fc000007fc000007fc0
0efbb3748b479c240efa243c800000000efc
667f0000d05a0000667f0000f7592600667f
20440000d3ed0000d3ed0000b4b574002044
c3ef7a12fe862f63fe862f637f800000c3ef
cb9e0000de7b0000de7b00006a9aea00cb9e
d4a20000a1f10000d4a2000037188200d4a2
274b000078dd000078dd000060af3f00274b
4c7e00008de300004c7e00009ae13a004c7e
3c0f000073a1000073a100007033de003c0f
c070000024340000c0700000a528c000c070
c3482661e1dfbedde1dfbedd65aeeea8c348
e1622dac3345aa1be1622dacd52ea370e162
4c6c5b1f0eb4cbcd4c6c5b1f1ba6ec3b4c6c
176a7ecba69621ada69621ad80089852176a
3e0e0000865b00003e0e000084f2f4003e0e
fe510000c2920000fe5100007f800000fe51
fd100000569e0000fd100000ff800000fd10
61ef4946834755db61ef4946a5ba523561ef
84a30000d5020000d50200001a258c0084a3
917f0000b30c0000b30c0000050b7400917f
31e90000b022000031d4c000a293720031e9
d0530000e5a10000e5a100007684b300d053
f6c00000cc3c0000f6c000007f800000f6c0
ab1c0000d9ec0000d9ec0000458fd000ab1c
90a800005ec900005ec90000b003e80090a8
fb2c8e2a1089c4effb2c8e2acc39b9a5fb2d
e0eae734e9947a8de9947ac87f800000e0eb
2da50000159700002da5000003c2a6002da5
bd1f00002c470000bd1f0000a9f73200bd1f
201d00002c5a00002c5a00010d05b200201d
3a380000d4c30000d4c30000cf8c28003a38
ffb10000cede00007fc000007fc000007fc0
023300001981000019810000000000000233
a3df760b32788bdc32788bdc96d8f470a3df
7ee1f3d185af296b7ee1f3d1c51a9a3a7ee2
1694000058900000589000002fa680001694
9f32d5396e8ab5cd6e8ab5cdce41cbe19f33
466edac6c9907d45c98e9f8fd086cff1466f
87880000e7330000e73300002f3e30008788
b4e7c7816c34e5966c34e596e1a3c824b4e8
13b50000617300006173000035abcf0013b5
e97fd4656ea279966ea2599bff800000e980
77f400006e8c000077f400237f80000077f4
aa11de1863491a4d63491a4dcde52cbbaa12
315a000043f5000043f5000035d0a200315a
df1e0414b938d4c8df1e041458e42c8adf1e
382f0000569e0000569e00004f580400382f
6bf800007e9600007e9600007f8000006bf8
3bcd52c69847b7c53bcd52c694a02ebc3bcd
463c0000e57c0000e57c0000ec391000463c
e1490000de920000e14d90007f800000e149
b006631656818fbb56818fbbc70806c3b006
34cc0000fd150000fd150000f26d780034cc
afda7f5ceb177a20eb177a205b81495bafda
262300004d2400004d24000033d0d8002623
9d9500006beb00006beb0000ca08c7009d95
01d8318dd4af2c0fd4af2c0f9713ef1501d8
df260000877d0000df26000027240e00df26
fab616add91c8f4efab616ad7f800000fab6
857e03638a107d8c8a10bd0d00000000857e
e45f00001e5f0000e45f0000c3424100e45f
36170000134000003617000009e280003617
86b6000023610000236100008000000086b6
ccfc000031a70000ccfc0000bf246400ccfc
17d90000843c000017d900008000000017d9
936b670776be7dc776be7dc7caaf2a1f936b
e1720000edb10000edb100007f800000e172
2534000080d6000025340000800000002534
8ff10000b8600000b860000008d2e0008ff1
dd960000fc3a0000fc3a00007f800000dd96
ab160000c3650000c36500002f062e00ab16
38280000c9850000c9850000c22e90003828
aeaa0000c76b0000c76b0000369c0e00aeaa
8c283ca60f0ec78f0f0c269c800000008c28
465600003e2b0000465600ab450ef2004656
c7520000fe300000fe3000007f800000c752
d8369082d72e8f64d862345b6ff8f8f5d837
4f790000adf300004f790000bdec5b004f79
07050000cc6b0000cc6b000093f42e000705
83260000d3a90000d3a90000175b2c008326
bacd0000ee550000ee55000069aa9100bacd
1d6800001c1700001d86e000000004471d68
a0351caa4539547345395473a6031d76a035
928200000f950000927f5800800000009282
e1930000fea30000fea300007f800000e193
0eb83c878511da6d0eb83c75800000000eb8
4fdf0000b63600004fdf0000c69e8a004fdf
b6860000eb930000eb9300006299e400b686
59f10000a93f000059f10000c3b3cf0059f1
6cca046b9820d2466cca046bc57dd1636cca
8cc600003fe100003fe100008d2e06008cc6
a53c76b301502690a53c76b380000000a53c
ea9a0000b3060000ea9a00005e213800ea9a
fe995ab2f1939745fe995ab27f800000fe99
8c6c0000d14d0000d14d00001e3cfc008c6c
41217c1a6943c78c6943c78c6af6fecf4121
b8e40000d1cb0000d1cb00004b34cc00b8e4
f94bb97b1a983175f94bb97bd4723af9f94c
1563a9671d0858b11d085995000000001564
3fa20000ee120000ee120000ee38c8003fa2
06d8000079e3000079e30000413f880006d8
5d81a5eafde91c6efde91c6eff8000005d82
9abc000057ef000057ef0000b32f84009abc
eac5000086180000eac500003169f000eac5
20090000959a00002008fffb800000052009
dfbe0000b8310000dfbe000058835e00dfbe
0f8c4af8b8ca6748b8ca674888ddd7830f8c
30010000766d0000766d000066eeda003001
ae2c00001c2b0000ae2c00008ae5c800ae2c
8201be87256ed77d256ed77d800000008202
27da0000a2e1000027d9c7c08b3f9a0027da
04530000161e0000161e0000000000000453
c9a700009bd80000c9a70000260ce800c9a7
04ad0000d0380000d03800009578b00004ad
804f000082af000082b3f00000000000804f
b6bfd79b2482c224b6bfd79b9bc3f9f2b6c0
b0751ac9e7461f31e7461f31583db095b075
083f1be3969079f2969079f280000000083f
75f10000c871000075f10000fee2e10075f1
5951267e03dc991b5951267e1db43a2a5951
1e890000317500003175000010831d001e89
891700000ab100000a9e2000800000008917
84a10000bcf70000bcf70000021b570084a1
be0b0000f7a80000f7a8000076367000be0b
492a000002610000492a00000c156a00492a
85ebb5b65ff4b8265ff4b826a66152bf85ec
4a630000c54300004a62cf40d02ce9004a63
a7dc0000b4180000b41800001c82a000a7dc
590522c0b64927b0590522c0cfd139d95905
43029a05651d1d2c651d1d2c68a04eae4303
b28e00003a4800003a47fee4ad5de000b28e
51f344b9f821b397f821b397ff80000051f3
9b3f03124ecda80a4ecda80aaa9972d79b3f
1a7d0000093000001a7d0000000000001a7d
595b00008df10000595b0000a7ce2b00595b
e0dad23df6d22271f6d222717f800000e0db
096f000003490000096f0c9000000000096f
ebda0e990986bebbebda0e99b5e58c34ebda
29bfaf201385fdff29bfaf20000322a129c0
d99a0000459d0000d99a0000dfbce400d99a
e03a0000c7a70000e03a00006872ac00e03a
86f1376a9947e51d9947e51d0000000086f1
72f300009be1000072f30000cf55930072f3
4374ff48835ea7f74374ff488755161f4375
d87e00007e6d00007e6d0000ff800000d87e
f1c478679fd12489f1c4786752208256f1c4
2b8603ef7ec6ea727ec6ea726ad0438c2b86
e2c40000d5a10000e2c4000078f68800e2c4
e0f30000f69f0000f69f00007f800000e0f3
4f886f8a54a0a92a54a0cb4664ab3fbd4f88
3f9e513ff5761dfdf5761dfdf598349e3f9e
39be000080fe000039be00008000179039be
8dcc467dee400b9eee400b9e3c993e238dcc
29eb000017f6000029eb00000261d20029eb
b13453e8d8f85ad9d8f85ad94aaef147b134
7b3b0000dfdb00007b3b0000ff8000007b3b
69ce00000889000069ce000032dc7c0069ce
e3870000684d0000684cbc80ff800000e387
62420000dbeb00006241f8a8feb216006242
86400000b18b0000b18b0000000000688640
498eae21c4bd7c04498e7ec2ced3375a498f
2f6482f23f7b8cc03f7b8cc02f608a062f65
ef7274f5833b1941ef7274f53331335aef72
9b1f88c0018b5ce99b1f88c0800000009b20
eed9000038d50000eed90000e8348d00eed9
53030000f6c30000f6c30000ff8000005303
5f9b00007ebb00007ebb00007f8000005f9b
1abd0000fb110000fb110000d6561a001abd
88880000124300001242ffef800000008888
88b60000a0840000a08400000000000088b6
82b0000014000000140000008000000082b0
1dfcd24734be4f9534be4f95133bf2a91dfd
c7a800007bc900007bc90000ff800000c7a8
ffc8b4edf3bec2dd7fc000007fc000007fc0
783e000082bf0000783e0000bb8dc200783e
2a910000b14d0000b14cfb789c683a002a91
48720000cede0000ceddf870d7d1dc004872
538d00001fe30000538d000033fa0e00538d
0d6d00004527000045270000131a9b000d6d
66b7a4f77aa1dde67aa1dde67f80000066b8
b1410000721b0000721b0000e3e9b600b141
a9f9ffe0ef91d225ef91d2255a0e6726a9fa
ae8900007d4000007d400000ec4d8000ae89
336d3e34663c0af1663c0af15a2e43d2336d
41720000dd570000dd570000df4b3e004172
edf0f47ce14f6307edf0f47c7f800000edf1
88afec359e89f4799e89f4790000000088b0
824400008d3e00008d3e0003000000008244
14e2000000f5000014e200000000000014e2
932600009922000099220a60000000009326
e337e17544cb419ce337e175e891fee8e338
1dc5000059e0000059e00000382c60001dc5
e9c9000065cb0000e9c83500ff800000e9c9
9f5c00002cb400002cb400008c9ab0009f5c
498200000856000049820000125958004982
f9f17a4a29cde805f9f17a4ae44239c9f9f1
58dd0000d427000058dcac80ed902b0058dd
4e5a0a0405c22f874e5a0a0414a564124e5a
b68a0000ee1d0000ee1d000065294400b68a
376913b807928820376913b800215a4c3769
76f4000072c0000076f4c0007f80000076f4
86ae0000f48e0000f48e00003bc1080086ae
e2ee00006bdb00006bdaffc4ff800000e2ee
eb7100005db50000eb710000ff800000eb71
d2d890c7ab63a39fd2d890c73ec092cbd2d9
adf300006c3000006c300000daa71000adf3
54b800006da500006da500007f80000054b8
2cca0000deca0000deca0000cc1f64002cca
c77873317945678279456782ff800000c778
52930000ff220000ff220000ff8000005293
289d996d3a2f448e3a2f448e2357cc2b289e
80b8a0999b58dd799b58dd790000000080b9
86d900003c6a00003c6a000083c65a0086d9
60ce0000fdb20000fdb20000ff80000060ce
f25700009e9b0000f257000051822d00f257
c1ab0000315f0000c1ab0000b394f500c1ab
f00aa5a8c4c8f639f00aa5a87559ad8bf00b
c67c000046400000c5700000cd3d0000c67c
423300004c8b00004c8b00064f4262004233
45ca00009ff7000045ca0000a642e60045ca
8fd20000804400008fd20000000000008fd2
16360809d6280b42d6280b42aceefa8e1636
2b260000ff420000ff420000eafb98002b26
68defbbfe76ab60268c1a4ffff80000068df
09d000009f9700009f9700008000000009d0
dbf4b5548cab7c51dbf4b5542923ebf4dbf5
c0e200006622000066220000e78f0400c0e2
4b050000fc1d0000fc1d0000ff8000004b05
03590000d9d20000d9d200009db202000359
5fd90000ca8f00005fd90000eaf26e005fd9
a4030000a35b0000a439c00007e02200a403
7d60000091b800007d600000cfa100007d60
57cf70df72cd683a72cd683a7f80000057cf
0a9c0000aaef0000aaef0000800000050a9c
830c00002bf300002bf3000080000000830c
34e00000afa1000034dfd7c0a50ce00034e0
3bcc000033ab00003bcc00ab300844003bcc
b29e000056fc000056fc0000ca1b8800b29e
ecfb000099fd0000ecfb000047780f00ecfb
86f1c0e53a01880e3a01880e8174a55e86f2
eac900000cac0000eac90000b8070c00eac9
98a6fd0f45519aab45519aab9e88b97d98a7
da80000029340000da800000c4340000da80
7d4d0000550b00007d4d00007f8000007d4d
141f261704d26a55141f261700000000141f
af3b0000f12e0000f12e000060fe3400af3b
130d00005f6800005f68000032ff9000130d
e23d42b60aa8fec4e23d42b6ad79e041e23d
4610000043920000461490004a2440004610
3934b28ea9b4e7a53934b28ea37f621b3935
068d0000cd050000cd05000094128200068d
912f9c7f7142e12d7142e12dc305af109130
418ca04c3e494571418e32d7405d2002418d
17680000c8830000c8830000a06d70001768
35630000db710000db710000d155b3003563
f06389999cf63231f06389994ddad2d5f064
a9d8884fcfefcbc4cfefcbc43a4ad39ca9d9
1c520000217800002178348000065b801c52
40b80000c5fe0000c5fdd200c736900040b8
84a00000c59f0000c59f00000ac6c00084a0
e91f00005e1c0000e91efffeff800000e91f
b6800000a3ba0000b68000001aba0000b680
65fec69f75df57f575df57f57f80000065ff
7255000018fd0000725500004bd281007255
aa7500009b820000aa7500000678d400aa75
a8b00000826a0000a8b0000000000000a8b0
c36ca9c2af0e18c5c36ca9c233035d10c36d
f7840000c5680000f78400007d6f4000f784
296dd33b6065cf106065cf104a557e50296e
5b18000015df00005b180000318468005b18
cee819e93a958a28cee819e9ca079457cee8
93ea00003ecd00003ecd0000933b620093ea
03e4bc52b7b597fab7b597fa8000512003e5
21c30000f5a10000f5a10000d7f5460021c3
53e20000d89e0000d89dc780ed0b7c0053e2
1635000082c1000016350000800000001635
3bdb0000a3f000003bdb0000a04d50003bdb
d6ef000006760000d6ef00009de5aa00d6ef
3fe9c6b4b0c990b33fe9c6b4b13811273fea
258600002a8500002a852180108b3c002586
9d0c00008c9400009d0c0000000000009d0c
7d38000076f100007d3807887f8000007d38
c0530000e5940000e59400006673f800c053
0528c33811588e8011588e81000000000529
ec5b0000a2da0000ec5b00004fba7e00ec5b
c7cb00007834000078340000ff800000c7cb
906e0000fc760000fc7600004d64b400906e
10840000657a0000657a00003680e8001084
e8a4000086cb0000e8a4000030020c00e8a4
4f5f0000c4c000004f5efffad4a740004f5f
8e3a000076bf000076bf0000c58ac6008e3a
a62d0000c6620000c66200002d18ba00a62d
e9cb89e1d765ceb3e9cb89e17f800000e9cc
67a600004838000067a60000706ea00067a6
f0a00f7a553df459f0a00f7aff800000f0a0
66ba0ebb5258e44266ba0ebb799da25366ba
1919000026740000267400000048ea001919
bb6a2453aeb8de0bbb6a24532aa91531bb6a
64ae7b5624a966c264ae7b5649e6eaea64ae
011d53bcad346e55ad346e5580000000011d
412400006acb00006acb00006c820c004124
03cf20312b071f6e2b071f6e0000000003cf
17ef00008a85000017ef00008000000017ef
2dec0000a33b00002debfffa91ac64002dec
8c7b0000378b0000378b0000848849008c7b
f2c90000f9fd0000f9fd03247f800000f2c9
5933afc8ed36e014ed36e014ff8000005934
475cb359cf071670cf071593d6e8ebd8475d
6e160000d21000006e160000ff8000006e16
493f485f1d9ae979493f485f27677ff9493f
37e9e459e399412fe399412fdc0c050737ea
1fd40000463700004637000026978c001fd4
6ba6000060bf00006ba600037f8000006ba6
b540c76235078d6cb464e7d8aacc2748b541
06725988e255ae33e255ae33a94a49670672
9a760000916c00009a76003b000000009a76
25c19f1e1368971d25c19f1e000002c025c2
b40c00003439000033340000a8ca5800b40c
088428145e4ccd0f5e4ccd0f275373980884
7c0c0000ef2c00007c0c0000ff8000007c0c
ab920000e8070000e80700005419fc00ab92
2d3e00005558000055580000432050002d3e
936a000011d60000934f400080000000936a
11b2000050f8000050f80000232c700011b2
38dc000075f7000075f700006f54440038dc
36194fef23156f5f36194fef19b2fc713619
6dfddae72851ad416dfddae756cfeb846dfe
3bb9b8f0954ac3943bb9b8f0919319d13bba
f96504c33770e9ebf96504c3f15785baf965
568e0000ac5b0000568e0000c372f400568e
5c06000010e200005c0600002d6c98005c06
ddff00004ed20000ddff0000ed512e00ddff
43abc3bc16d6344243abc3bc1b0fb8af43ac
d136cc23699d08c6699d08c6fb6042ead137
839c00005cef00005cef0000a111a400839c
9b311beeca510cf8ca510cf82610a0c69b31
88a2c4a9c9424b04c9424b041277117488a3
8a0600000c3d00000c34a000800000008a06
d6e60000f4ff0000f4ff00007f800000d6e6
5cd6878725a7a4b85cd68787430c7c725cd7
bbac000092730000bbac00000ea34400bbac
87c5000035ad000035ad00008004290887c5
b0ed0000f1ca0000f1ca0000633b0200b0ed
5354000018cc0000535400002ca8f0005354
99e3fbab02e94ffc99e3fbab8000000099e4
74c10000528a000074c100007f80000074c1
a55823aa1fb3387ca5580d43859750a0a558
32667f8e4850d09a4850d09a3b3c03763266
3ebe0000b4f600003ebdfff1b43694003ebe
d297000018160000d2970000ab30f400d297
610c3f906be2da4a6be2da4e7f800000610c
59b20000c462000059b20000de9d240059b2
b2f03a2b172e0660b2f03a2b8aa34d85b2f0
66030000c61b000066030000ec9ea2006603
d7bdb992dad2d9c8dad5d0ae731c43a0d7be
70db00002b60000070db00005cbfa00070db
97050000039f000097050000800000009705
c92200009eb00000c9220000285ec000c922
1ee89542a333dc66a333681b82a3689a1ee9
63b90000e2f8000063760000ff80000063b9
624d000044820000624d000067503400624d
0e350000030000000e350002000000000e35
745300000fbb000074530000449a21007453
571b0000ff260000ff260000ff800000571b
923d0685da5b7e21da5b7e212d2211b5923d
3ecc00000be900003ecc00000b39ac003ecc
9b7b0000fcf60000fcf6000058f132009b7b
510d0000675900006759000078ef0a00510d
b4a6262405e28023b4a6262480001260b4a6
f6cdaa275d898025f6cdaa27ff800000f6ce
b715000067f3000067f30000df8d6f00b715
259ffa6711e25f6f259ffa670000004725a0
639543c64c604f91639543c67082c9b26395
35d48c77bbaa9c16bbaa8ecdb20da6df35d5
15e4e7fa615061156150611537ba534a15e5
e8d5c4aa970b66cfe8d5c4aa4068cf43e8d6
83b1000068a9000068a90000ace9b20083b1
579a000006110000579a00001e2e7400579a
ba45d457504c9bb4504c9bb4cb1e1d88ba46
d20c0000d72b0000d72b230069bb0800d20c
11adb92474f5d88b74f5d88b4726d52211ae
8ac100005e5800005e580000a9a2d8008ac1
28bdc58f145efd9428bdc58f0002953528be
09e4b8a34c13baae4c13baae1683fccf09e5
933a000051a4000051a40000a56e5000933a
83f7000057e7000057e700009c5ee10083f7
8445be2d941a1658941a1658000000008446
abcd000063d1000063d10000d0275d00abcd
ff99000026d800007fc000007fc000007fc0
71170000a1be000071170000d36024007117
d82dee083456dd7ed82dee08cd11fb77d82e
ae77b53258f4001c58f4001cc7ec18cfae78
5831f3f2873adea35831f3f2a001e6015832
ea5c0000d8bf0000ea5c00007f800000ea5c
832c6bc3edfa4eeaedfa4eea31a89663832c
374d000032f60000374d7b002ac4fe00374d
27c400008bd5000027c400008000000027c4
a0f474d42c1ae4512c1ae44f8d93e84da0f4
57400000566c0000577b00006e3100005740
7232000023f500007232000056aa5a007232
beed0000a2060000beed000021781c00beed
3937773450aff5d450aff5d44a7c35533937
5049000016d000005049000027a350005049
f8760a13e3299d55f8760a137f800000f876
d81d0000e32d0000e32d00027bd43200d81d
4ae60000481100004aea8800538246004ae6
447b34d7d6cbf0c3d6cbf0c3dbc81f27447b
909500002213000022130000800000009095
cc3e03226a67098a6a67098af72b7be8cc3e
ad1f34a3b8b26314b8b26315265de06ead1f
36927212604382f0604382f0575faf963692
95a200004f8300004f830000a5a5cc0095a2
f2a20000e2320000f2a200007f800000f2a2
6e900000162500006e9000004539a0006e90
eddf77bf7b569bf57b569bf5ff800000eddf
329c67c0168c1ac6329c67c009ab3231329c
f6270000a9b60000f6270000606d7400f627
7dac0000b47100007dac0000f2a1ec007dac
8d030000325f0000325f000080390e808d03
807f3a136d2589c16d2589c1ae2489c8807f
3354c1463d9c3ff53d9c3ffc3181daee3355
2c1000003e9300003e9300002b2560002c10
ac0b0000c0fc0000c0fc00002d88d400ac0b
91856ae8e377e95ee377e95e358133c59185
fc0b6f4fd6761b9bfc0b6f4f7f800000fc0b
69ad0000047b000069ad00002ea99f0069ad
ff2100002f5f0000ff210000ef0c3f00ff21
95b400005772000057720000adaa280095b4
7e4f00007b9d00007e53e8007f8000007e4f
d40180a6820e011bd40180a6168fabd6d402
5ad1000087a000005ad10000a302a0005ad1
f18100002adf0000f1810000dce0be00f181
2d9d00008ad100002d9d0000800001002d9d
cb5e00005797000057970000e382f200cb5e
b5e00000d54e0000d54e00004bb44000b5e0
0a24400d41f5432a41f5432a0c9d5c640a24
e51d0000672c000067223000ff800000e51d
8bb60000e4960000e496000030d548008bb6
e4f20000f7960000f79600007f800000e4f2
4de50000210000004de500002f6500004de5
d05200008f490000d05200002024e200d052
532400006bae00006bae00007f5ef0005324
733c0000fe660000fe65fffdff800000733c
586b00003f620000586b0000584f7600586b
b1a4000007400000b1a40000800001ecb1a4
d9c200002a8d0000d9c20000c4d5b400d9c2
1e9902dee5cce199e5cce199c4f4ea401e99
66e6bdbefe6e58d3fe6e58d3ff80000066e7
cd82000013f10000cd820000a1f4c400cd82
95250000a11c0000a11c00010000000d9525
259b274fe100b7a6e100b7a6c71c05ea259b
330c0000dc5e0000dc5e0000cff2d000330c
e1314d8147b34ea3e1314d81e9785f4fe131
f1262fb64acee52af1262fb6fc864f28f126
aee84bb09d16c285aee84bb00c88ccdbaee8
355558444124076d4124076e3708b2bc3555
49810000a6fb000049810000b0fcf6004981
00fb00008e1400008e1400008000000000fb
5c019c72873762855c019c72a3b9b16d5c02
6a2c0000f0050000f004f540ff8000006a2c
066656804addd1914addd19111c7953c0666
be990000d0820000d08200004f9b6400be99
77170000bd74000077170000f50fec007717
573d000068af000068af00007f800000573d
65fc00006a0900006a097e007f80000065fc
b33964ffa8a61323b33965041c708ab2b339
b14f00009f720000b14f00001143ae00b14f
c8ef00002b920000c8ef0000b5084e00c8ef
4f78000056fa000056fa01f066f230004f78
205d4d326b09ae606b09ae604bee0a1a205d
0fb20000d3360000d3360000a37d18000fb2
399a0000984f0000399a000092790c00399a
35702fbb8ec5fb9235702fbb84b9c0c33570
ead2b7fb1e2ad209ead2b7fbc98c9b0fead3
757b000098890000757b0000ce865300757b
bbf0d6dcec78b593ec78b59368e9faf7bbf1
96055e641c9032541c902e29800000009605
0e250000c36f0000c36f0000921a0b000e25
590000000bca000059000000254a00005900
026d0000c3600000c3600000864f6000026d
95f20000ded70000ded70000354b3e0095f2
3f2900002e0c00003f2900002db8d8003f29
08020000dee10000dee10000a76484000802
096000009dab00009dab0000800000000960
ed82000062e90000ed81fffcff800000ed82
b7468c2784ceb2a0b7468c270000a04fb747
40defda5b3fcb08e40defda5b55c1b7840df
3a7500006680000066800000617500003a75
356f0000d3a20000d3a20000c9973e00356f
af8c0000f50e0000f50e0000651b5000af8c
28e4e5886ed9d4a16ed9d4a15842c4ae28e5
68f00000c15e000068f00000ead0200068f0
da1e00002e0b0000da1e0000c8ab9400da1e
30c4f7cbd954242ed954242ecaa3390a30c5
0daa00002ad800002ad800000000011f0daa
50770000c060000050770000d15820005077
dd530000a0a90000dd5300003e8b4b00dd53
e23f52eba82102cbe23f52eb4af0aa78e23f
451581d32ab46b86451581d33052bc284516
480a00000c250000480a000014b1e400480a
1215a84e575df01a575df01a2a01bea81216
c34da7c99b8e6860c34da7c91f64cdd6c34e
5059908ab629b4615059908ac71039b7505a
1b970000c9c50000c9c50000a5e866001b97
2ae60000de120000de120000c9832c002ae6
0abb0000d20f0000d20f00009d50ea000abb
f6c50093a81c0ed2f6c500935f702f82f6c5
1d0a0000aeba0000aeba00008c4888001d0a
a58a00003d2900003d290000a3363400a58a
73d90000bc10000073d90000f074200073d9
f4160000db8b0000f41600007f800000f416
f8830000fac60000face30007f800000f883
51ce0000a469000051ce0000b6bb7e0051ce
742b00007911000079112ac07f800000742b
2cb500003b0200003b0200002837d4002cb5
cd22f4491893d320cd22f449a63c3153cd23
e4eb26973a229f75e4eb2697df9560e4e4eb
21330000f58c0000f58c0000d743c8002133
84abf42f93162019931620190000000084ac
5e16efde4e20bdf25e16efde6cbd8bd15e17
3b07ec0a11d85ad53b07ec0a0d65bec53b08
ddbc00003bcb0000ddbc0000da151400ddbc
f49d00024a0d8bd5f49d0002ff2d9d85f49d
8382000013dd000013dd0000800000008382
da9a000033ae0000da9a0000ced15800da9a
a651a9a67d4d19c57d4d19c5e427f9f5a652
27090000bf200000bf200000a6ab40002709
4a980000f5f30000f5f30000ff8000004a98
e04700007da400007da40000ff800000e047
338c7c599d161adc338c7c599124bf33338c
4e530000670900006709000075e1d6004e53
21180000ce410000ce410000afe530002118
1d127d8bbfc31929bfc319299d5f480d1d12
aa3d000048f3000048f30000b3b36700aa3d
cd4082d913ccfd5dcd4082d9a19a26cccd41
8127e025d9486163d94861631b0366fa8128
4fe40000dac40000dac3fffceb2e90004fe4
8cef00004c8500004c85000099f856008cef
d94700005d6000005d5f3900f72e2000d947
c178c0fc141bd667c178c0fc96176d2ec179
a19e710f21edcab7211eb35084132c21a19e
ca2dc7d4aa452951ca2dc7d43505d6d2ca2e
7fc90000d41e00007fc000007fc000007fc0
5f0400007f2100007f2100007f8000005f04
f64e97121779ef5bf64e9712ce49b219f64f
81a80000bf130000bf1300000140f00081a8
274f00000ff90000274f000000000032274f
37960000d71a0000d71a0000cf3478003796
5013b4ed22b52afc5013b4ed33510f715014
89d800006056000060560000aab4900089d8
48abea7a470e329948bdb0cd503efc1448ac
d32d00007c4600007c460000ff800000d32d
3475000067150000671500005c0e99003475
86f5001610842d7e10842d6f8000000086f5
521d0000be290000521d0000d0cf4a00521d
6c341d76dfa368256c341d76ff8000006c34
7f010000b48300007f010000f40406007f01
9c160000718d0000718d0000ce253c009c16
538c0000da950000da94fdd0eea2f800538c
f97e000011700000f97e0000cb6e2000f97e
ed14c71ed422a80ded14c71e7f800000ed15
c94f00007149000071490000fb228700c94f
706e4b927d402d9b7d402d9b7f800000706e
d8540000bee50000d854000057bda400d854
b76e00001ec40000b76e000096b63800b76e
845700003ace00003ace0000802b40808457
06cb0000fa3b0000fa3b0000c194490006cb
e38b0000e86c0000e86c45807f800000e38b
ad6600001d180000ad6600008b089000ad66
dd7000000b180000dd700000a90e8000dd70
cfa0acfe16517a71cfa0acfea6837a15cfa1
bea60000dd5c0000dd5c00005c8ea800bea6
07c30000c0150000c01500008862fe0007c3
ba32e178db6e7036db6e703656269c06ba33
ba6ed48ed4feebffd4feebff4fedd310ba6f
e0cb0000af890000e0cb000050d94600e0cb
6f4700006c3900006f49e4007f8000006f47
6ddc0000923e00006ddc0000c0a348006ddc
44900000227f000044900000278f70004490
e0c3ec501f204477e0c3ec50c0755030e0c4
190500005b6200005b62000034ead4001905
f6c51441a16a18b8f6c5144158b4378bf6c5
5977f95224a6eae25977f9523ea1af305978
2b8574ba88fc99fc2b8574ba800000012b85
c3a5000004a40000c3a5000088d36800c3a5
769e00003f030000769e00007621b400769e
587300003951000058730000524663005873
755a00007f5300007f53000e7f800000755a
21fe000083b0000021fe00008000000021fe
8f049244984ef5f6984ef617000000008f05
dd170000677100006770fff7ff800000dd17
3ecf99aeb9bda9da3ecf6a44b919ce333ed0
3ead00001e8e00003ead00001dbfec003ead
490c0000d1b50000d1b4ffbadb45f800490c
2c3e18cc63e74d5963e74d5950abc1d02c3e
fbdfd3e5dc0c8b05fbdfd3e57f800000fbe0
02a40000dc3c0000dc3c00009f70e00002a4
65684104d350de9265684104f93d7ec06568
387c000023540000387c00001c50b000387c
52790000c125000052790000d4207d005279
339300008c36000033930000806882003393
2594000037550000375500001d7648002594
bc6fe35ef4fe65a9f4fe65a971ee62dabc70
79ca0000ca9c000079ca0000ff80000079ca
aefa0000e9f20000e9f20000596c5400aefa
f8790000d0950000f87900007f800000f879
39ebb91834f8646539ebf7312f64b7c139ec
90174fcdf6002b88f6002b88469783439017
438563cd5dc5cdd95dc5cdd961ce221d4385
eed37514e286359eeed375157f800000eed3
69d0845c3533688469d0845c5f9221ae69d1
d7632da9f50fa12df50fa12d7f800000d763
60a1000076650000766500007f80000060a1
9c97000061b4000061b40000bed458009c97
e057d261db3a5919e05800f77c1d19f8e058
eed50000d5370000eed500007f800000eed5
a42d00007dca00007dca0000e2888200a42d
bb690000bbfe0000bc39400037e72e00bb69
566000007fc400007fc000007fc000005660
f57d0000ce780000f57d00007f800000f57d
0d059ca0ec1185d2ec1185d2b997e71d0d06
31ad0000b17c000030bc0000a3aa4c0031ad
f3f00000860f0000f3f000003a861000f3f0
70c5859327bd356d70c585935911fcd670c6
fa380000b6500000fa38000071158000fa38
e86a0000fbdd0000fbdd00007f800000e86a
b2890000d36e0000d36e0000467ebc00b289
973b00000bd20000973afffe80000000973b
e4530000bf910000e4530000646f0600e453
feb50000a0690000feb500005fa4bd00feb5
4c0a0000f29f0000f29f0000ff2b6c004c0a
7e870000d7b400007e870000ff8000007e87
92550000c6ea0000c6ea000019c2b2009255
60480000bb63000060480000dc3158006048
02a10000ca240000ca2400008d4e480002a1
0f509bf2a0562bd3a0562bd3800000000f51
7832000015c30000783200004e8796007832
da1b79f5fb9a9bbefb9a9bbe7f800000da1b
91ad0000e30f0000e30f00003541460091ad
597ca4db4b89603e597ca4db65879334597d
2534000081fa000025340000800000002534
1d8000002420000024200400022000001d80
d78c7bb6d25aed63d78c97146a70473cd78c
a4d76a52ed634d19ed634d1952bf4427a4d7
17be185243e9733243e973321c2d59ad17be
46001dfa9298da5a46001dfa9918fe264600
c0d21badcabd3bedcabd3bfa4c1b4f9ec0d2
ca18d8c4da2c03dcda2c03dc64cd67e3ca19
940100005af100005af10000af72e2009401
8747572fefe34f44efe34f4437b100088747
071afeb367737acd67737acd2f136a1d071b
714c0000a29d0000714c0000d47a3800714c
616fc97ce6b9f0f6e6b9d2fdff8000006170
937895416bf3351b6bf3351bbfec293e9379
fab10000e54c0000fab100007f800000fab1
818d0000e24b0000e24b0000245f9e00818d
b7a8000057f7000057f70000d0221800b7a8
3d980000d3d80000d3d80000d20040003d98
33310000d8f80000d8f80000ccab78003331
a20c0000271c0000271bdd0089aaa000a20c
34fc0000c77f0000c77f0000bcfb040034fc
99530000cd480000cd4800002724d8009953
c1c10000b0b70000c1c100003309f700c1c1
2ed9000006d200002ed90000000000062ed9
5ca500008f3300005ca50000ac66be005ca5
e7350000e3840000e73608007f800000e735
4836099b973a938c4836099ba004abe64836
9e3c55d72039d2d6202e0d79801116a59e3c
fe400000d48b0000fe4000007f800000fe40
f37800006c110000f377fdbcff800000f378
d06900007697000076970000ff800000d069
7a46000076e000007a47c0007f8000007a46
81f100006a6c00006a6c0000acde2c0081f1
15950000b95c0000b95c00008f800c001595
c88a0000e5350000e53500006e432400c88a
4fe48136de0e1de3de0e1de3ee7db4b24fe5
18c100008eab000018c0fff58000000018c1
43c70000c326000043680000c7810a0043c7
25dd000056530000565300003cb6270025dd
5e5a0000b65f00005e5a0000d53de6005e5a
dc020000f0620000f06200007f800000dc02
c57300001a3e0000c5730000a0345a00c573
3c544912603fa8c5603fa8c55d1eee783c54
38f07c66c9d8915fc9d8915fc34b718638f0
946027f293b718c6949dda2a000000009460
8c8c0db15ff3ebf85ff3ebf8ad0572178c8c
8f6598eed6aedfb9d6aedfb9269cd6988f66
ce8c00002c1c0000ce8c0000bb2aa000ce8c
25872d2cb8e4fbceb8e4fbce9ef1d2632587
6b7583adc1b980826b7583adedb1e7676b76
33b8422cc2367b31c2367b31b68357b633b8
a71468dd6756d6176756d617cef9178ba714
96ba0000bf610000bf61000016a37a0096ba
31d000009be5000031d000008e3a100031d0
3e720000f8530000f8530000f74776003e72
e9780000b5790000e97800005f713800e978
02bd000013e5000013e500000000000002bd
ce9a58a8e70b779fe70b779f76282c85ce9a
b30f00001c080000b30f00008f97f000b30f
3fa40000e3240000e3240000e35220003fa4
708900001bc60000708900004cd3ec007089
744a25d5f34e15237416a08cff800000744a
ae4c00003b8e00003b8e0000aa625000ae4c
75680000b02f000075680000e61e98007568
f9ab00009b680000f9ab0000559af800f9ab
f05100007bf300007bf2fffeff800000f051
bcad000021170000bcad00009e4c1600bcad
7e790000bab700007e790000f9b1ff007e79
e313000033230000e3130000d6bb3200e313
77070000d33f000077070000ff8000007707
490e0000f2b10000f2b10000fc445c00490e
3add0000468e0000468e000141f52c003add
018e08d6c98574f4c98574f48b9416f5018e
e75262a4a4f35913e75262a44cc7fcd6e752
40fe0000512b0000512b000052a9aa0040fe
675af8989aefe904675af898c2cd3566675b
44e900005a1f00005a1f00005f90b70044e9
95b50000948f000095d8c0000000000095b5
c0b1000032b00000c0b10000b3f36000c0b1
fe380000c13c0000fe3800007f800000fe38
add50000752e0000752e0000e390c600add5
c3190000ef010000ef010000729a3200c319
d0c886febddb1f19d0c886fe4f2ba3d7d0c9
112d0000baf00000baf000008ca23000112d
88140000ff550000ff55000047f648008814
5bc8000034a200005bc8000050fd20005bc8
cb2f000096210000cb2f000021dc1e00cb2f
92f7f00a9df4d7a69df4d7aa0000000092f8
06930000da880000da880000a19c30000693
a6e200005121000051210000b88e2200a6e2
e00300005cf20000e0011c00fd77ac00e003
9cb9a7fc37f809b437f809b49533e1c69cba
402792f9de51aa0cde51aa0cdf093e4d4028
5fbb0000e1c10000e1b55000ff8000005fbb
8c930000b5f30000b5f30000030b89008c93
9b7141f0c6c9feb7c6c9feb722be5cd19b71
3eb00000fb0b0000fb0b0000fa3f20003eb0
b7a89e5e01c7af96b7a89e5e8000041cb7a9
4611000066aa000066aa00006d4094004611
e3ac000052820000e3ac0000f6aeb000e3ac
d60900006990000069900000ff800000d609
1145000034c6000034c6000006985e001145
75c200004bff000075c200007f80000075c2
cf76000008850000cf760000987f9c00cf76
8a0a77aa2c7950b92c7950b9800000118a0a
2ade000032fa000032fa00de1e58cc002ade
2a270000a53c00002a26d1008ff548002a27
dd9800000fcd0000dd980000adf37000dd98
76440000c4c8000076440000fb9920007644
e7180441fc6c09c8fc6c09c87f800000e718
92af00004dd600004dd60000a1124a0092af
2cb10000062500002cb10000000000002cb1
09923b428081c82b09923b22800000000992
fcce000039b10000fcce0000f70e6e00fcce
2b17fe272b32a9ff2ba5541316d4274b2b18
46ec649fb914718946ec649fc089130346ec
6a610000174900006a6100004230a9006a61
2fe60000bd530000bd530000adbd92002fe6
fc570000315e0000fc570000ee3a7200fc57
7de27a04f7ad6d7d7de26f2dff8000007de2
37940000c3cf0000c3ceffffbbef58003794
52e60000e5d00000e5d00000f93ae00052e6
93de00006076000060760000b4d5540093de
870100001ff600001ff60000800000008701
085d000092f3000092f2fff980000000085d
9bca0000be340000be3400001a8e08009bca
2a8100000c4100002a810000000000182a81
e40b965cf1bc8957f1bc89577f800000e40c
7cf90000288000007cf9000065f900007cf9
3faf0000419e000041a8f00041d804003faf
05bc8c62694568a4694568a42f91651905bd
3ffe0000fbe40000fbe40000fc6238003ffe
25ce0000edb30000edb30000d4100a0025ce
e44f000039810000e44f0000de509e00e44f
18d00000977f000018b020008000000018d0
757c000016e80000757c00004ce46000757c
2b37b32e09e505ce2b37b32e000000032b38
25250000cb320000cb320000b0e574002525
c1060000d38f0000d38f00005515b400c106
d00a000013900000d00a0000a41b4000d00a
b5330000e85d0000e85d00005e1a8700b533
82ef00006dfd00006dfd0000b16c330082ef
56c52bd281a2a89356c52bd298fa8f2256c5
ed0cbf33cf56ead5ed0cbf337cec51e1ed0d
ca0e00008ea00000ca0e000019318000ca0e
33062a5de99fb974e99fb974dd276b023306
a3280000438f0000438f0000a73bb000a328
abaf0000e6690000e6690000529f4700abaf
12cb454f80eb198112cb454f8000000012cb
241b000043d6000043d6000028819200241b
bd3e287881056b16bd3e2878000c6352bd3e
09d2000084c0000009d1d0008000000009d2
51bf0000fe140000fe140000ff80000051bf
1a9700001ff200001ff225c0000011d81a97
f16a00007e0f00007e0f0000ff800000f16a
ed87000097b40000ed87000045bdd800ed87
39ee00003a5c00003aa9800034cc880039ee
baa10000ca610000ca610000458d8100baa1
78f237a296c51c3978f237a2d03a7f8478f2
f1cdc5efaca6f2a6f1cdc5ef5f063164f1ce
e11500002f250000e1150000d0c01200e115
6df00000c22f00006df00000f0a410006df0
0edb0000185a0000185a001b000000000edb
f9bb0000c6040000f9bb00007f800000f9bb
80810000aef50000aef50000000000008081
b6afec3a26a10693b6afec3a9ddd502ab6b0
ea82f80a2500a3a9ea82f80ad0039f7fea83
f9e60000e5a40000f9e600007f800000f9e6
5606000057e5000057f5c0006e6fbc005606
028f0000065d0000065e1e0000000000028f
bcc25faf842fb308bcc25faf01856758bcc2
3c2544d8416268e6416292373e122a7f3c25
c5f50000c1ed0000c5f5ed004862d100c5f5
6892dea651d5bc9d6892dea67af53eeb6893
74dc0e6133904cba74dc0e6168f8141574dc
88020000d53b0000d53b00001dbdec008802
b72a93ee76a7dcbf76a7dcbfee5fb32db72b
2aa8ddf7be4d850bbe4d850ba98791812aa9
895d0000ad190000ad19000000000011895d
d55f0000359f0000d55f0000cb8a8100d55f
570d000051670000570d0e7068fe7600570d
081100006d6d00006d6d000036063d000811
b9fc000007ec0000b9fc000082685000b9fc
63920000a4de000063920000c8fd38006392
222e00009b7c0000222dfc1080055a40222e
33cf98b6108dcdb033cf98b604e5fbd133d0
fb2f0000b6c80000fb2f00007288b800fb2f
91d900005b6500005b650000adc21d0091d9
aea10000370700003706ffb0a629ce00aea1
a363000055f2000055f20000b9d69600a363
74040000ccfd000074040000ff8000007404
cf6d0000a6d90000cf6d000036c8e500cf6d
ca87cbe8f2f57172f2f571727e023253ca88
ef92385ec5f511acef92385e760bfa0aef92
71650000773b0000773b0e507f8000007165
3721a8a3da6edcfcda6edcfcd216d6543722
1527a4b68543a4f41527a4b6800000001528
0246fb5a983c211a983c211a800000000247
0eddeebdaa7c4919aa7c49198000036b0ede
6adb0000b6c600006adb0000e22962006adb
527ce8a0206b050d527ce8a033682e88527d
99f4f418390ca9c2390ca9c2938697ec99f5
b94e435ce26b2b73e26b2b735c3d7ad7b94e
2c52ef8346c2dfd346c2dfd333a091ee2c53
62150000065000006215000028f220006215
e10e0000c6ad0000e10e0000683fec00e10e
6694b5de4ec11f826694b5de75e05ed46695
bf920000f8040000f804000078169000bf92
4f310000e90e0000e90e0000f8c45c004f31
65602d7f21da491365602d7f47bf26bc6560
557fd2d283fdbb74557fd2d299fd8eac5580
be5f00005d8f00005d8f0000dc792200be5f
7733000079ed000079f298007f8000007733
ed280000b4070000ed28000061b13000ed28
41eb0000752d0000752d0000779ecf0041eb
0e640000958300009582fe38800000000e64
1bbb96ffa5e13182a5e13176822503fd1bbc
02f5d26006912a1b06921fed0000000002f6
06ec00005d3f00005d3f000024b0140006ec
f6f915997a285c6e7a266a43ff800000f6f9
05dc000064e8000064e800002b47600005dc
0eb787e3491fb571491fb5711864fef40eb8
c20d00000a900000c20d00008d1ea000c20d
227fb05a49835788498357882c832eab2280
94e20000ef560000ef56000044bcec0094e2
ce7e000021870000ce7e0000b085f200ce7e
ab9e0000edc30000edc3000059f0b400ab9e
bf100000a3e60000bf10000023816000bf10
b6db000030be0000b6daf420a8228a00b6db
77dd0000570d000077dd00007f80000077dd
bd31000055b9000055b90000d37fd200bd31
6248000017560000624800003a2730006248
bab2b92c39008d73baa2a77eb4337eadbab3
9f7bf52dd34bfad2d34bfad23348c2479f7c
a181000039990000399900009b9a3200a181
a00e00004d7e00004d7e0000ae0ce400a00e
2c80000035f5000035f5002022f500002c80
0dd48962f53e855ff53e855fc39e2cb10dd5
f083e5294675257cf083e529f77c9b40f084
228d00008b3f0000228d000080000000228d
c3d300003cae0000c3d2fd48c10f6a00c3d3
314e00006bfb00006bfb00005dc9fa00314e
3db50000d4a80000d4a80000d2ed90003db5
3113000034d3000034d42600267252003113
293900004c5400004c540000361934002939
8b5bb3210dea56550de378bc800000008b5c
3d1f0000d6e10000d6e10000d48bbf003d1f
4dac0000d3970000d396f540e1cae8004dac
fb390000f8b30000fb3e98007f800000fb39
ff070000e5980000ff0700007f800000ff07
64b600009a33000064b60000bf7e840064b6
1db500009ef200009ec4c000800156341db5
4d0900008cf900004d0900009a8541004d09
34fb00006f9500006f9500006512170034fb
91b4950b7cc6a1ae7cc6a1aecf0c1d5391b5
8e36dd18244981e0244981e0800000008e37
0f610000a2eb0000a2eb0000800000000f61
58a867e594e22c5758a867e5ae14c8e358a8
c4e70000c4430000c524400049aff500c4e7
804e00006f3e00006f3e0000afe79000804e
d461e38f6f180e2b6f180e2bff800000d462
ba5763c6a8246ca1ba5763c6230a5750ba57
e1370000d5370000e13700017702d100e137
09fb0000fbc10000fbc10000c63d3b0009fb
e41a00002ce90000e41a0000d18c2a00e41a
98da00008f5e000098da001c0000000098da
0c830000068300000c830830000000000c83
dbb70000d4b40000dbb702d07100ac00dbb7
96a3e377a4bd2d2ea4bd2d2e00003c8e96a4
b1e60000f1db0000f1db00006444c200b1e6
478a0507a57af8a7478a0507ad874ef8478a
6d060000290300006d060000568924006d06
3747f5be3a89f3273a8b8312325780df3748
c9ab00002bd60000c9ab0000b60ef200c9ab
a80c6c2fe9fedd02e9fedd02528bcc91a80c
d61855105c5437135c542d8ef2fc8e6ed618
def50000b7fd0000def5000057722100def5
d16a00006d7700006d770000ff61c600d16a
f2f30000d1b50000f2f300007f800000f2f3
b826920aaccae4b3b826920c2584040ab827
64c50000551b000064c500007a6e8e0064c5
07d600008ee700008ee6fca88000000007d6
a3c70000c8150000c81500002c67a600a3c7
edd30000324f0000edd30000e0aa9d00edd3
e04ab7e10fd26bcee04ab7e1b0a6a035e04b
6b80a173cbdf014c6b80a173f7e01a946b81
b1d20000120d0000b1d2000084675400b1d2
af9900008ba10000af9900000000301caf99
cd49000022b30000cd490000b08c8b00cd49
7662000054570000766200007f8000007662
d6a800003ed70000d6a80000d60d1800d6a8
b62ddee9a1fadcf5b62ddee918aa61c2b62e
ad240000ad5a0000adbf00001b0ba800ad24
a6640000d9bd0000d9bd000040a85400a664
ef9100009eb20000ef9100004ec9a400ef91
e2db050071186d8471186d84ff800000e2db
4337a331a3331f294337a331a7007d754338
ac86dc03c2b3fa5ec2b3fa5e2fbd9f75ac87
a7b276e296616d9ca7b276e20009d26ea7b2
ddd40000f0400000f04000007f800000ddd4
926d0000e7100000e71000003a055000926d
54050000e77d0000e77d0000fc0371005405
90f100009be100009be100040000000090f1
f4b6c48d542a5a8bf4b6c48dff800000f4b7
0fad00006e6d00006e6d00003ea029000fad
47210000c9500000c945f000d102d0004721
49dd00005be700005be7000066476b0049dd
b9600000fe890000fe890000786fc000b960
e2f0000065bb000065b74000ff800000e2f0
69380000513d0000693800007b07d8006938
9ef000006e8400006e840000cdf780009ef0
c81000004907000048c60000d197e000c810
6df7257ebd4871c46df7257eebc1831f6df7
8ae80000fa170000fa1700004588d8008ae8
c6090000c8ff0000c901a4004f887700c609
3ea01b7e1b9ead613ea01b7e1ac67ace3ea0
b51e0000c14c0000c14c000136fbd000b51e
76a2feb331a6581d76a2feb368d3d28476a3
3c1600004b6400004b640000480598003c16
91d40000112b0000917d00008000000091d4
2b4500005b3c00005b3c00004710ac002b45
fa370000f35c0000fa3703707f800000fa37
36c77da39f08f49736c77da3965572b036c7
980a00005c7000005c700000b5016000980a
ac1200008fe40000ac12000000008208ac12
2131000099bc00002130fe888000207f2131
ed77000008390000ed770000b6327f00ed77
f5030000a00e0000f503000055915400f503
9f21000002b300009f210000800000009f21
f0ec3e635bb9379df0ec3e63ff800000f0ec
5888000005630000588800001e7130005888
c5200000f27e0000f27e0000781ec000c520
aba60000ab3c0000ac0200001773d000aba6
6e1d0000d36000006e1d0000ff8000006e1d
40213357a1f4e48640213357a29a34d54021
bdd60000372d0000bdd5fa98b5909e00bdd6
d404b1ca2a49ff2bd404b1cabed167b6d405
e89200000a980000e8920000b3ad6000e892
c1600000479e0000479df900c98a4000c160
1bf9cae291abf4811bf9cad7800000001bfa
0ee40000280b0000280b00000000001f0ee4
bf420000b78a0000bf42011437512800bf42
74e194eef4caad6073373c70ff80000074e2
e3f04f8d2bcd0979e3f04f8dd0407898e3f0
f6c9d25670d591c0f6c9c4fdff800000f6ca
630e321bbb8cf161630e321bdf1c92f4630e
238c1fbaebc31db1ebc31db1cfd598d6238c
64e90000332b000064e90000589ba30064e9
b12b52b27d08c7a17d08c7a1eeb7130fb12b
64830000cdac000064830000f2b008006483
c01160d3d8a8c3b7d8a8c3b7593fad5ec011
0d3600008aee00000d2e9000800000000d36
c3fc00003b3b0000c3fbffa2bfb81400c3fc
b25a2061b15ddc6eb288cbbe243d09c5b25a
58d00000f3a00000f3a00000ff80000058d0
777e0000999b0000777e0000d199ca00777e
b84d00001d010000b84d000095ce9a00b84d
ca810000fe760000fe7600007f800000ca81
97f8f05b03ce838397f8f05b8000000097f9
ffeb4c58c5bab0807fc000007fc000007fc0
3e4a00004b9000004b9000004a6340003e4a
52a200000f2d000052a20000225af40052a2
3a2c0000df630000df630000da1884003a2c
dc355d9ac19cbcefdc355d9a5e5e15c8dc35
101f0000f5e50000f5e50000c68e3b00101f
79910000627c0000799100007f8000007991
76e354cc43dfd1e976e354cc7b46c14576e3
8894000070c7000070c70000b9e618008894
bd18bbb263f4bfba63f4bfbae1920549bd19
22070000012b000022070000000000002207
39d50000dbca0000dbca0000d628120039d5
986800001cd700001cd68c00800000039868
de2da779719ec754719ec754ff800000de2e
333f000021b40000333f000015864c00333f
0514e8b38cf2ec028cf2ead8800000000515
1ead0000de230000de230000bd5c4e001ead
47540000fb210000fb210000ff8000004754
e6d2c750b0b24cbce6d2c7505812cdc4e6d3
cda8958c4e6ec49c4e1a79d6dc9d3c81cda9
d88e295d7a120a9c7a120a9cff800000d88e
c9c736a7cb683a10cb80907255b4b6b6c9c7
6c490000cf4300006c490000fc191b006c49
f3488e4c655ecb9af3488e4cff800000f349
77d50000b9b7000077d50000f218430077d5
a5930000dc900000dc90000042a56000a593
665e0000698500006986bc007f800000665e
46610000a249000046610000a930a9004661
4d7a0000237e00004d7a000031780c004d7a
c54900006045000060450000e61aad00c549
3c47d174f977f072f977f072f64186c43c48
0bf595160bce30d40c61e2f5000000000bf6
1fb00000f2250000f2250000d262e0001fb0
1a050000e4280000e4280000beae90001a05
690d00000ade0000690d000034748c00690d
961e104987ec083b961e104900000000961e
c14179bbcb5d3279cb5d32854d272c3cc141
1529bed068b3dad668b3dad63e6e830c152a
1ad353c5656cd57a656cd57a40c381731ad3
5ce80000b3ea00005ce80000d15410005ce8
3bca0000c4070000c406ff9bc0550c003bca
2ce70000e4b50000e4b50000d22353002ce7
38c183b140487837404879ba399789c238c2
2b7500003cf900003cf9000028ee4d002b75
e54323adb1c8df9de54323ad57991e53e543
3bf04735e66de9d1e66de9d1e2df4d613bf0
dde87aa48a4bc48bdde87aa428b90bbcdde8
d74097247bf1daed7bf1daedff800000d741
b529000013000000b529000088a90000b529
e61c101ce43c7d78e627d7f47f800000e61c
b2aa000087330000b2aa00000000076eb2aa
8716c1866484555f6484555fac1bdc1f8717
37e8f6b475f24c3775f24c376e5c7e9137e9
cf100000f05e0000f05e00007f800000cf10
c8b4e53a4c34a41c4c333a52d57f4a47c8b5
0daa8ba5f8513feaf8513feac68b66960dab
092f00007c3200007c32000045f35c00092f
781dfd21faa466adfa9f76c4ff800000781e
7a1d0000b42b00007a1d0000eed1be007a1d
319900000b7f0000319900000002619c3199
b54a0000fc310000fc310000720baa00b54a
0de2b0a15d94cbbb5d94cbbb2c03c2850de3
9e63562e0b2959969e63562e800000009e63
12e17cf70c58a50b12e183bc0000000012e1
b7e500007ce500007ce50000f54cd900b7e5
8ff2000038d3000038d30000894776008ff2
4904fd383cac645b4904fd3846331c884905
b5bc4a5b34c9a964b589e002ab1452f8b5bc
36d400005ccd00005ccd00005429c40036d4
c1589d00dbc151cbdbc151cb5da39392c159
a33b38d9dbdbf946dbdbf9463fa0dfefa33b
161e000086da0000161e000080000000161e
1a9340b70e07477a1a9340b7000000001a93
f10300003d160000f1030000ee998400f103
0fa90000416e0000416e0000119d1e000fa9
493500008bb8000049350000958218004935
94c300008810000094c300000000000094c3
62ba381e60ae6dcf62c51efb7f80000062ba
82050000f1b10000f1b100003437ea008205
109fca1b3fd568fd3fd568fd110534b010a0
ceae0000fbcd0000fbcd00007f800000ceae
564b0000ffc100007fc000007fc00000564b
786e0000111f0000786e00004a13d200786e
2691096c74f2f9be74f2f9be5c09a8662691
2eb2000004e400002eb20000000000002eb2
63864545b331947d63864545d73a478d6386
e9c6000044c10000e9c60000ef154600e9c6
8d34fa7d3c3c146d3c3c146d8a04f6648d35
245a0000bc470000bc470000a1297600245a
813c0000e7ed0000e7ed000029ae0c00813c
cb2b0000c90b0000cb33b00054b9b200cb2b
0b91000028d6000028d60000000000010b91
737900005c250000737900007f8000007379
ac240000d1b00000d1b000003e618000ac24
f4de000049270000f4de0000fe90d200f4de
fadc0000b4210000fadc00006f8a5c00fadc
411a0000734900007349000074f1d400411a
57be00008f0a000057be0000a74cd80057be
27ed0000561f0000561f00003e93330027ed
26ccbb573280c65c3280c65d19cdf89c26cd
e5fd0000903e0000e5fd000036bbc600e5fd
8846000035c7000035c7000080099ea08846
44bc00006b6700006b67000070a9a40044bc
2eea0000acdb00002edc50009c482e002eea
7e6d0000f7d500007e6cf958ff8000007e6d
107a4f43960b746f960b64ca80000000107a
822200005cf900005cf900009f9d92008222
b35bc35770b1000970b10009e497f217b35c
4ee013bae245b4e7e245b4e7f1ad0d864ee0
3a490000384900003a559000331dd1003a49
b452000092600000b45200000737c000b452
ff250000c7fa0000ff2500007f800000ff25
d4af000090e80000d4af0000261e9800d4af
8d4600007843000078430000c616d2008d46
ca9c0000e2920000e29200006db1f000ca9c
65ad000096c9000065ad0000bd07d50065ad
43350000551200005512000058ce74004335
20b6000063210000632100004464ec0020b6
ceed00001ed30000ceed0000ae435700ceed
1d407b73e27e7d38e27e7d38c03f58a21d40
3ef35575f0aef011f0aef011f02648463ef3
b545000028040000b54500009dcb2800b545
4e8c000013f800004e8c00002307a0004e8c
ae7d0000a1940000ae7d000010924400ae7d
1ecc00004c2200004c2200002b8118001ecc
548700002abd0000548700003fc756005487
515500008c660000515500009e3f5e005155
1fa50000befe0000befe00009f23b6001fa5
9b8ea9ce6354ccda6354ccdabf6d2d8f9b8f
ee918de010358ec2ee918de0bf4e74f5ee92
f02000001af50000f0200000cb992000f020
d787000099c60000d787000031d0d400d787
e35900005d5f0000e358f210ff800000e359
88aa8b59d3a00c4cd3a00c4c1cd53e9288ab
b2e800004960000049600000bccb0000b2e8
ad4f6759e1ebefabe1ebefab4fbf260bad4f
fcc3000031df0000fcc30000ef29dd00fcc3
82b02c113335052d3335052d8000000882b0
59dd0000ab8c000059dd0000c5f1b80059dd
1e3600000db300001e360000000000001e36
74c371c7ba0ed24f74c371c7ef5a135874c3
dd1400007539000075390000ff800000dd14
696c000085560000696c0000af454800696c
1ef2f61d8af7e7ce1ef2f61d800000001ef3
aefb0000d4250000d425000043a1c700aefb
cdbf0000096d0000cdbf000097b0d300cdbf
1bce00002025000020256700000084c61bce
897d1c90724dd8c1724dd8c1bc4b862e897d
13030000c78f0000c78f00009b125a001303
55b500001bce000055b500003211a60055b5
db92a074ae65f2bedb92a0744a83b490db93
b070b495f2657a1ef2657a1e6357c45cb071
57a70000a26a000057a70000ba98a60057a7
ea250000c0720000ea2500006b1bfa00ea25
49a20000f0d90000f0d90000fb09520049a2
2a5c0000e70e0000e70e0000d1f410002a5c
4def00000a0500004def0000187856004def
f89445ea6ebe956ff89445deff800000f894
2d5c0000b9b20000b9b20000a798f8002d5c
8287000006af000006ae7900800000008287
8bd7b8c3ede14ad8ede14ad83a3dd8758bd8
d10c0000cc240000d10c29005db36000d10c
d8530000c0480000d85300005924d800d853
515d0000697e0000697e00007b5b4600515d
0389eb381db01cfe1db01cfe00000000038a
0a5f0000d9df0000d9df0000a4c241000a5f
63a00000ec840000ec83ffd8ff80000063a0
0338473ddd462a7add462a7aa10ea5ad0338
a0c100004f4f00004f4f0000b09c0f00a0c1
ff63000085750000ff63000045593f00ff63
ea270000dd940000ea2700007f800000ea27
8f0f0000670c0000670c0000b69c68008f0f
4a71000002dd00004a7100000dd00d004a71
26d57807517af689517af68938d144ca26d5
8ba585a70466b9078ba583da800000008ba6
503f00000b910000503f00001c585e00503f
c9230000042e0000c92300008ddd9400c923
84da00007b1200007b120000c078a80084da
e2b9731aad319f93e2b9731a5080ac2ee2b9
fac0d15d8200532efac0d15d3d414eaafac1
1a6600004ce600004ce6000027cea4001a66
e72f00008fed0000e72f000037a20300e72f
bed100006818000068180000e7783000bed1
756a000015a80000756a00004b999000756a
91ac0000e29f0000e29f000034d5a80091ac
bd990000a78c0000bd99000025a75800bd99
d504000002ac0000d504000098316000d504
014ab8117b730eb07b730eb03d40785a014b
cb7174f5b84324e5cb7174f544380ee3cb71
07560000cf0b0000cf0b000096e864000756
5f1e0000a5b200005f1e0000c55bb8005f1e
3575000080fe0000357500008000000f3575
06a70000c8000000c80000008f27000006a7
143e7a4962a652d262a652d2377781d6143e
5c960daf20102a5e5c960daf3d2901105c96
e70a00002f2a0000e70a0000d6b74800e70a
76bb000077a8000077d6c0007f80000076bb
b2620000bcb50000bcb500072f9fca00b262
1a840000218b0000218b021000008f581a84
4f4e1b08f4dde90ef4dde90eff8000004f4e
87400000258f0000258f0000800000008740
7c5300006ce700007c5300007f8000007c53
80ca2a5aeb26c893eb26c8932c83b5dc80ca
f8470000ca870000f84700007f800000f847
40bb000022aa000040bb000023f85c0040bb
cec50000b28f0000cec5000041dc1600cec5
330b47ed085af30d330b47ed00003b90330b
622b000033120000622b000055c30c00622b
42b6ab9fe420c1e3e420c1e3e7656b3942b7
9af179efd33038b8d33038b82ea639559af1
88e700006864000068640000b1cdbc0088e7
e76800001c840000e7680000c46f4000e768
fcdc0000d8e80000fcdc00007f800000fcdc
69a100009e8f000069a10000c8b3de0069a1
6ecc0000c14f00006ecc0000f0a4f4006ecc
dd3f6b3f0a90e111dd3f6b3fa858a93bdd3f
65fa00004042000065fa000066bd740065fa
da644e19e21c1640e21c17247d0b336fda64
bc18808b16d84d02bc18808b9380da55bc19
4aad0000ed6d0000ed6d0000f8a029004aad
2165000051fe000051fe000033e336002165
85fa0000c9550000c95500000fd0020085fa
c38a000093950000c38a000017a0a400c38a
b62b000029090000b62b00009fb70600b62b
2fcd000031c6000031d2d000221e8e002fcd
4dc800000b6e00004dc8000019b9f0004dc8
5b3b0000b59e00005b3b0000d166d4005b3b
a31c0000aaf00000aaf001380e924000a31c
144038ad8fc3a2dd143fd6dc800000001440
7a3a0000140e00007a3a00004ece58007a3a
3fb50000b02600003fb50000b06abc003fb5
f2910000ed8b0000f29122c07f800000f291
e56cde120e98d48fe56cde12b48d6887e56d
204600001d07000020481c00000343502046
34842817efc03571efc03571e4c673503484
30bfb0a214355bda30bfb0a20587ccaa30c0
9cfc0000e2640000e26400003fe070009cfc
ef130000ab880000ef1300005b1c3000ef13
bdbf00000c740000bdbf00008ab60c00bdbf
cffa000092280000cffa000022a41000cffa
16c0000070e7000070e70000482d400016c0
0185847209a5fd5109a5fdd7000000000186
9e0b2307272f7dfb272f7dd885bec2d59e0b
b1c7fee40fecc127b1c7fee48238f5e0b1c8
51a700008fa4000051a70000a1d5f80051a7
c07d0000b9c60000c07d06303ac3ae00c07d
13e34db65b0363d45b0363d42f6952cf13e3
60cf000065210000652167807f80000060cf
ac5ee01ad457a41ad457a41a413bbd14ac5f
71790000349e0000717900006699ae007179
ef1c0000ef3e0000efad00007f800000ef1c
1c5a88e7fd049580fd049580d9e25c6c1c5b
ca1e00006169000061690000ec0fce00ca1e
f5d36396caff6719f5d363967f800000f5d3
07e9dd3fa8eb2b1fa8eb2b1f8000000007ea
7a6f928e8d769db77a6f928ec866ca6d7a70
40b497200e68e46340b497200fa44a1140b5
667d000035600000667d00005c5d6000667d
11730000175c0000175c0f30000000001173
c0fb0000ec300000ec3000006dac9000c0fb
8c0e000096e5000096e50004000000008c0e
cd18fb5398062992cd18fb5325a058cacd19
d340940346f26200d3409403dab655a3d341
a4628d72839e5e4ba4628d7200000000a463
8c8500002e5f00002e5f000080001cf78c85
b7b2d6a86dca3af06dca3af0e60d468db7b3
5c89ec0b948b430f5c89ec0bb1960e965c8a
2aeb0000845500002aeb0000800000002aeb
ef6f0000dce70000ef6f00007f800000ef6f
0773a4fa3ebb59d83ebb59d806b24f050774
7fe2000008ca00007fc000007fc000007fc0
f328d451ebff116df328d64f7f800000f329
eddaea34cc9a746beddaea347b041471eddb
f51f000072bf0000f5190800ff800000f51f
17b200003fec00003fec00001824180017b2
d03bb299b47cd509d03bb29945396001d03c
22131133bbdaaf38bbdaaf389e7b429d2213
8ff400001a7900001a78fff8800000008ff4
49548a9854901c9b54901c9d5e6f4b6b4955
1e7f00002a6600002a66000109651a001e7f
5c2900004d1600005c29000069c60c005c29
486f0000d71c0000d71c0000e011a400486f
5d78e5af03fd3ab15d78e5af21f6340e5d79
4ec70000daed0000daecffffea383b004ec7
a271a254d9c1d4c8d9c1d4c83cb6f439a272
07e61c0f5a936ae35a936ae32304823007e6
93a80000014d000093a800008000000093a8
a1d700008af20000a1d7000000000000a1d7
fe4d00009dce0000fe4d00005ca4f600fe4d
457af0e5156251d2457af0e51b5dd8de457b
ad67000096db0000ad67000004c59d00ad67
349100001bc200003491000010dbc4003491
fbf200001d720000fbf20000d9e4c400fbf2
3e9f00009b5a00003e9f00009a8766003e9f
b61a0000293a0000b61a00009fdfc800b61a
c12b00001c9e0000c12b00009e531400c12b
faa8e749e3665567faa8e7497f800000faa9
0ca400006961000069610000369024000ca4
befd0000cc6c0000cc6c00004be93c00befd
059d0fff0f5cc8a60f5cc8ba00000000059d
99440000182c000099190000800000009944
c733144e3d1365a1c7331445c4ce3781c733
43f700005214000052140000568ecc0043f7
66a500008694000066a50000adbec80066a5
66d1000028ae000066d10000500e0e0066d1
e7a30000cb9e0000e7a3000073c93400e7a3
69f30000302b000069f300005aa2510069f3
031100005adc00005adc00001e7938000311
10517f6ff5de80fdf5de80fdc6b616111051
8661459b665a1729665a1729ad3fe9a78661
5043892413d7e93c5043892424a4ea535044
6c0b000084b500006c0b0000b1448e006c0b
2974549ea5a4ce6829730b018f9d4b352974
55620000358e0000556200004b7ab8005562
2c040000c83d0000c83d0000b4c2e8002c04
711e18ee9dfb5e4d711e18eecf9b3cae711e
984c0000df1f0000df1f000037fd6800984c
baad000068a0000068a00000e3d84000baad
629e00006378000063a380007f800000629e
a4b50000f29d0000f29d000057de0200a4b5
db0e00009b470000db0e000036dcc400db0e
1ee10000359d0000359d00001509fd001ee1
031b0000803b00000319280080000000031b
5a570000063200005a57000021157e005a57
d25c0000fe970000fe9700007f800000d25c
8f070000bf1f0000bf1f00000ea7b2008f07
89917c946763770b6763770bb181451e8991
60ae00000d09000060ae00002e3a3c0060ae
1b560000044c00001b560000000000001b56
367e0000e4fa0000e4fa0000dbf80c00367e
464e3195eb78869aeb78869af2482c72464e
938a0000f1e00000f1e0000045f18000938a
ee1c0000e61a0000ee1c009a7f800000ee1c
3e3c000030e500003e3c00002fa82c003e3c
a5df0000fbaa0000fbaa000062141600a5df
5044ae793756e59f5044ae7948251a435045
182b000074480000744800004d059800182b
0a8900007be200007be2000046f1e4000a89
226f9a62c2547dfec2547dfea546e1c52270
b42500000bf40000b4250000809d4400b425
95d8dd93f8775e47f8775e474ed18da695d9
31f40000ed050000ed050000df7d880031f4
112ae87db56f38cdb56f38cd871fb4f8112b
ee61000078500000784ffff2ff800000ee61
745a000063650000745a00007f800000745a
39650000970b00003965000090f8ae003965
19663c81d615a05bd615a05bb006916f1966
e1c700004a4c0000e1c70000ec9e9400e1c7
40170000123200004017000012d1fc004017
47c700009917000047c70000a16ac20047c7
aee90000f9810000f981000068ead200aee9
527da0c1cc6da9cc527d91e6df6b760c527e
5777000084910000577700009c8be7005777
95b20000aca30000aca3000002e2ac0095b2
e25cba7cb19bb8d8e25cba7c54864449e25d
211e0000624800006248000043f6e000211e
f3ac000030380000f3ac0000e4774000f3ac
5a360000f6f40000f6f40000ff8000005a36
66600000e83c0000e82e0000ff8000006660
a49d000098e20000a49d0001000454d0a49d
cd03363fdf6188f1df6188f16ce731bbcd03
6abf0000c23e00006abf0000ed8dc2006abf
64229e5a8434803464229e5aa8e5518f6423
f9b70000adf90000f9b700006831ff00f9b7
00cc42f2dbda18e8dbda18e89d2e04e100cc
6b8e3b4703dfb47c6b8e3b472ff893d36b8e
9b1600004fbf00004fbf0000ab5fd4009b16
5c6bd05121b16d2f5c6bd0513ea36f9b5c6c
483d23b2b89629e3483d23b2c15de3b9483d
e0524b7a4645e3abe0524b7ae7228f1ae052
ef8f00008d7e0000ef8f00003d8de200ef8f
791e000054db0000791e00007f800000791e
9732bc32a52a89dfa52a89df0000ee229733
eb0300004ea10000eb030000fa24c600eb03
82aa0000d1c20000d1c200001500d40082aa
cc93a7272fffe942cc93a727bd139a09cc94
650769338ae1b70765076933b06ec88b6507
5b0e0000163900005b0e000031cd3c005b0e
357f0000498c0000498c00003f8b7400357f
d876bf309c4f90f8d876bf3035481052d877
4fd500009a1700004fd50000aa7b46004fd5
bdb100001c590000bdb100009a960900bdb1
0e679600839aa4f70e6795fb800000000e68
36c600001e3c000036c600001591680036c6
32e900001deb000032e900001155e30032e9
efd00000b7e40000efd0000068394000efd0
64a9000040d5000064a90000660c9d0064a9
34559b6a3a0bed9f3a0bfaf92ee983503456
61d300008920000061d30000ab83e00061d3
5590000042dd00005590000058f8a0005590
4e40000020c600004e4000002f9480004e40
c69891327f96085b7fc000007fc00000c699
78520000e386000078520000ff8000007852
5f1e0000b1fc00005f1e0000d19b88005f1e
c66cf2185264eb0d5264eb0cd953e12cc66d
37e6455dce750557ce750557c6dc653037e6
e1c7000011ea0000e1c70000b435e600e1c7
b2bd00001f000000b2bd0000923d0000b2bd
c65e43e5631323c4631323c4e9ff8014c65e
b82956ddb5fa55b8b831298b2ea59787b829
d8ae00006a0b00006a0b0000ff800000d8ae
c67500008de80000c675000014de0800c675
4f410000d1250000d118f000e0f8ca004f41
ff6b6d2c6cd2b3ceff6b6d2cff800000ff6b
b7390000a6de0000b73900001ea06e00b739
45210000fdce0000fdce0000ff8000004521
3ce12bcaee3790efee3790efeba175c83ce1
a7530000dacc0000dacc000042a82400a753
83362a39bbc7fc6dbbc7fc6d0023939c8336
da08000007070000da080000a18f7000da08
89870000073c000089812000800000008987
35de0000bc530000bc52f910b2b6fa0035de
a9395f5dbd6a2657bd6a265727298ceea939
c2a3e713823c0335c2a3e7130570bf7fc2a4
d28f97e1e6ab07cde6ab07cd79bfdda7d290
03bc00007ff300007fc000007fc0000003bc
0c3930decaba4d86caba4d869786c5960c39
1d540000ac590000ac5900008a33b4001d54
e0940000197f0000e0940000ba936c00e094
0e32000068700000687000003726e0000e32
0aae48fc3a6c10d63a6c10d605a0b6bf0aae
e5f900009f4a0000e5f9000045c47a00e5f9
d6cad732c74f30f4d6cad7325ea42acbd6cb
b517000028490000b51700009ded1e00b517
32eb0000b5380000b530a800a8a8e80032eb
20bcbdb080be3c0620bcbdb08000000020bd
69430000a007000069430000c9cdaa006943
a719492e1c7fc1a8a719492a841923daa719
0125a68c58b7a11b58b7a11b1a6da49b0126
c9d60000c0f10000c9d6003c4b497600c9d6
637d00004b3a0000637d00006f37d200637d
6d9a0c78be478a5c6d9a0c78ec7025e76d9a
8a8600007d6700007d670000c871d4008a86
93bf00003ced00003ced00009130d30093bf
ef2c1780a41747d1ef2c178053cb6447ef2c
d9f800008cec0000d9f800002764a000d9f8
e67ebe9f4dd2cf1ce67ebe9ff4d1c676e67f
89bc0000c5a20000c5a200000fedf00089bc
866400000c2600000c25f1c0800000008664
9efd0000ac340000ac3400000bb1e4009efd
99e40000e4c40000e4c400003f2e900099e4
6c000000e85b00006bfe4a00ff8000006c00
67d700008ffb000067d70000b852cd0067d7
71570000af1e000071570000e104b2007157
d17eceb2288e8720d17eceb2ba8ddd26d17f
0c8900006fb200006fb200003cbe84000c89
65d80daada83143365d80da8ff80000065d8
d80628e4a96138bed80628e441ec0f5ad806
003d00006dd900006dd900002e4ed400003d
47dd93fe792100b2792100b27f80000047de
a63e09053fc31ba13fc31ba1a690d561a63e
53af0000b5ab000053af0000c9e9ca0053af
13b329c1d6be8c64d6be8c64ab055b3e13b3
aa300000320400003203ff509cb58000aa30
120d0000a0ae0000a0ae000080000000120d
839500002bca00002bca0000800000008395
5edf00001d1300005edf00003c800d005edf
fe6b1cbc34f0012afe6b1cbcf3dc6c02fe6b
51f7000013cb000051f700002643dd0051f7
b04400003dac00003dac0000ae83b000b044
370d00006df600006df6000065877e00370d
257a540658af169e58af169e3eab358e257a
febd65c2a579a09bfebd65c264b8aeccfebd
a9a0d4d687670909a9a0d4d600000000a9a1
14e90000b80b0000b80b00008d7d060014e9
4a310000c66200004a301e00d11c42004a31
dc2800003c850000dc280000d92e9000dc28
84940000f7540000f75400003c7520008494
c0fa000097c10000c0fa0000193c7a00c0fa
82cb0000e2270000e227000025846d0082cb
c6c60000c4a30000c6d030004bfc2400c6c6
b49a00006c4c00006c4c0000e1757000b49a
13b13f69024ceca213b13f690000000013b1
a1e60000c89d0000c89d00002b0d0e00a1e6
ed070000a62c0000ed07000053b56800ed07
99ac0000221800002217ffaa8000662099ac
00480000746b0000746b0000350430000048
aecd0000c4ee0000c4ee0000343e9600aecd
5546000007650000554600001d311e005546
efc1cb2655bcd92defc1cb26ff800000efc2
81300000b1530000b1530000000000008130
6ad3294525de3b846ad3294551374ee16ad3
f99400008f500000f994000049708000f994
14340000edf50000edf50000c2ac44001434
801f0000b4f10000b4f1000000000001801f
9db40000e3d60000e3d60000421678009db4
b1c30000f1fc0000f1fc0000643ff400b1c3
4fe30000ace200004fe30000bd4866004fe3
f94400001fd80000f9440000d9a56000f944
45030000affe000045030000b581fa004503
e53f0000e70e0000e719f0007f800000e53f
100093381a54df3a1a54df42000000001001
5cbc839ef5def78df5def78dff8000005cbd
3b6b00006a6200006a620000664f76003b6b
cb380000c06a0000cb3800044c283000cb38
147100005221000052210000271791001471
50d61d5ad792ea2ed792e6d6e8f5c13550d6
661ede4dfec058f9fec058f9ff800000661f
b5ce6e0bec9997afec9997af62f7b429b5ce
e7960000cae30000e796000073050200e796
1e9d42f4c8d823e5c8d823e5a804c68b1e9d
fcdb000070ad0000fcdaffffff800000fcdb
7432000054880000743200007f8000007432
6efd0000661b00006efd004e7f8000006efd
8c5400003c4300003c43000089217c008c54
8b9ea36cda7c1d29da7c1d29269c3af08b9f
8518390dfe258848fe25884843c4db9d8518
dac400005c7500005c5c8000f7bb9400dac4
5da70000d1b100005da6ffffefe6ee005da7
64a50000ef7f0000ef7efffbff80000064a5
cd1be86fb8a03abfcd1be86f46432a19cd1c
4ad5000076a5000076a500007f8000004ad5
be5000004e5a00004e5a0000cd312000be50
08bb07abf32d8a08f32d8a08bc7d920d08bb
f6bd0000533a0000f6bd0000ff800000f6bd
4b04534e3850006d4b04534e43d707cf4b04
51f200004cd2000051f234805f46840051f2
a3842f62a6750998a6792b130a7d0c9aa384
c63a000049d2000049d08c00d0989400c63a
8bee94cd875ba4a58bef029f000000008bef
256e3c94a6f7da5fa6da12cc8ce6a7ab256e
750200007f5e00007f5e00087f8000007502
fcfe0000194d0000fcfe0000d6cb6600fcfe
64f700003d2c000064f7000062a5f40064f7
6c6a0000aba300006c6a0000d894fe006c6a
b91f00003f3900003f38f610b8e5ce00b91f
b4630000c8d70000c8d700003dbea500b463
a329f792c5dcd3b4c5dcd3b429929d50a32a
96ba8c1d7c6bf2207c6bf220d3abef0e96bb
a1e80000f8490000f84900005ab62800a1e8
11c600008958000011c5ff948000000011c6
1082000029a6000029a6000000000a8a1082
0a2fd5ad544abdf8544abdf81f0b41160a30
a19876ae1da848f7a197ce6580321caba198
69bb696e1f2ec33b69bb696e497fe12b69bb
dfed40ea21cc799ddfed40eac23d8070dfed
a92a00007f0600007f060000e8b1f800a92a
825a0000f56a0000f56a000038474400825a
946277e4ccc7fdfeccc7fdfe21b0ebe39462
4aff035284a5949e4aff03529024f12f4aff
6807d62454f508f06807d6247d8204ae6808
a916051f1c53c976a916051f85f8388fa916
d6cb00004c430000d6cafffae39aa100d6cb
720600009f4b000072060000d1d484007206
dc440000daf20000dc62400077b94800dc44
40a4a683511f650b511f650b524d08d040a5
559f0000d0ba0000559ed180e6e70c00559f
60b4000046ed000060b400006826a40060b4
c7a50000522600005225fffbda55fc00c7a5
002707f9ed1b0460ed1b0460ad3d13f40027
26a000008fdb000026a000008000001126a0
f5980000e4a20000f59800007f800000f598
84af000041ff000041ff0000872e510084af
b77f74a41687f94eb77f74a48e87af49b77f
d22f0000f10e0000f10e00007f800000d22f
8d7500003737000037370000852f23008d75
bd8600000edf0000bd8600008ce97400bd86
8f8a0000842d00008f8a0001000000008f8a
780eaa88137b6f89780eaa884c0c1f5c780f
17c10000c0040000c00400009847080017c1
1b0b1b75367f411e367f411e120ab3bc1b0b
0d9336bbd401fd6ad401fd6aa215809d0d93
38a0c9f2dbc5f9a6dbc5f9a6d4f8b06838a1
6b8400004a6500006b840000766c28006b84
3d9d37d7a4c5c0493d9d37d7a2f2e41e3d9d
6072468256baf1846072469977b0ebcc6072
7d0e00006c4500007d0e00007f8000007d0e
2be000007b6900007b69000067cbe0002be0
f098000099650000f09800004a87f800f098
acdbc6389b63bc0aacdbc63808c38232acdc
3ec40000fc650000fc650000fbaf54003ec4
2c2d0000e4e20000e4e20000d198ba002c2d
6dec0000c34500006dec0000f1b59c006dec
8f40e2feba3f2b72ba3f2b720a100a188f41
429c5244429befc3431c210445be706e429c
9fe5554a64af85fc64af85fcc51d3d559fe5
c0c876d45454ab005454ab00d5a6884fc0c8
35770000862000003577000080004d303577
54c97f2f1d5e051f54c97f2f32aec05354c9
17ce00009d6500009d64e6408000000317ce
7ebf0000e82800007ebf0000ff8000007ebf
9bfd00007f9d00007fc000007fc000009bfd
83420b2901cf100283282929800000008342
c88900009e930000c8890000279d5600c889
dd35e0178c878e7ddd35e0172a409ccedd36
b2250000798b0000798b0000ec332e00b225
4917000014fd0000491700001e953b004917
637a0000aaf80000637a0000cef23000637a
048200002b9c00002b9c0000000000000482
fb0c6b869b123cc2fb0c6b8656a06d4cfb0c
3adc000016ee00003adc0000124c88003adc
e87400007ae900007ae90000ff800000e874
a3781f5ed23c9da3d23c9da33636cfd2a378
ac6b0000a01d0000ac6b00010d101f00ac6b
af370000287e0000af36fc0898359200af37
afee0000a9080000afee0440197ce000afee
24a30000bfee0000bfee0000a5178a0024a3
23c8000024e80000250d00000935400023c8
92380000736e0000736e0000c62b10009238
8c250000c6dc0000c6dc0000138dcc008c25
2f680000287100002f6803c4185a68002f68
48d900007b5900007b5900007f80000048d9
880f1a9a3c489b963c489b9684e04783880f
2adf86b8c9f97d48c9f97d48b559d76d2ae0
cfba000025570000cfba0000b59c3600cfba
33430000d6660000d6660000ca2f32003343
4a260000dab20000dab20000e566d8004a26
2e3f000032c2000032c25f802190be002e3f
cb86b2d858ca649b58ca649be4d4fc1ccb87
f9550000e37e0000f95500007f800000f955
9fb25b3faf57f00baf57f00b0f9671df9fb2
cae80000ad040000cae80000386f4000cae8
7af50000408b00007af500007c0507007af5
9cdb0000ca7b0000ca7b000027d6b9009cdb
f22efa5ec2f59dfbf22efa5e75a7e197f22f
b7cc00006645000066450000de9cfc00b7cc
f48d00005d4d0000f48d0000ff800000f48d
7afd0000ed3600007afd0000ff8000007afd
ead298c6e86eb3b3eada0e647f800000ead3
5e4a0000e8870000e886fffaff8000005e4a
8d110000da640000da640000280124008d11
856b0000cba80000cba80000119a3800856b
c288c68a01a4037dc288c68a84af421bc289
b8100000d45d0000d45d00004cf8a000b810
b622278abeb9c0abbeb9c0fc356b5139b622
67430000547d0000674300007c40b7006743
de7f00001abe0000de7f0000b9bd4200de7f
871c0000ba4a0000ba4a000001f63000871c
76fafd51c40286ac76fafd51fb7ff15976fb
3a200000809d00003a200000800018883a20
90cc0000acf90000acf900000006336090cc
687df2d4fc21a0f8fc21a0f8ff800000687e
4f0500005e0d00005e0d00006d9282004f05
fb752cfbb811b497fb752cfb740b8b6efb75
85e3000022b3000022b300008000000085e3
4908ee493b0ad0b44908ee494494802a4909
1b4b000004c400001b4b0000000000001b4b
f225000010980000f2250000c343f000f225
231f59904ddc391f4ddc391f31891486231f
545d00002caa0000545d00004192c200545d
abae00006140000061400000cd828000abae
996100005534000055340000af1e34009961
26bd0000b8140000b81400009f5a880026bd
925094ea1204712691984788800000009251
f90900004fa60000f9090000ff800000f909
827900009d3300009d330000000000008279
5f05000091cc00005f050000b153f8005f05
9fec000009f400009fec0000800000009fec
2db30000a66100002db2fe3e949d53002db3
9072770f8b2010dc90729f13000000009072
529c0000b8f60000529c0000cc15e800529c
7d8902f793ebbc007d8902f7d1fc54ae7d89
4795cff1c1a985fd4795c559c9c6695e4796
6d8702f69d21e7d76d8702f6cb2ac6446d87
d5315c9bf6b694baf6b694ba7f800000d531
699a26baa7ce5e93699a26bad1f88839699a
40b9000044090000440a72004546020040b9
5585fdf26fbae3306fbae3307f8000005586
eb3dd24006156853eb3dd240b1dd9174eb3e
40a575e11ee80de740a575e12015fbd040a5
6fff00000b6900006fff00003be817006fff
bc4e0000d3770000d37700005046c200bc4e
f6e78818a2c297c2f6e788185a2ffe63f6e8
b2000000ca6d0000ca6d00003ced0000b200
70503a64c351452170503a64f42a37e67050
d73a000040400000d73a0000d80b8000d73a
67ff000057ae000067ff00007f80000067ff
90c2feeec462cad2c462cad215acbf8b90c3
5dc90000562600005dc9014c748256005dc9
4fa40000f8420000f8420000ff8000004fa4
699a000012020000699a00003c1c6800699a
87580000494f0000494f0000912ea8008758
cd600000154c0000cd600000a3328000cd60
f6d08e922d3cdc1df6d08e92e499dc05f6d1
cff400006bd200006bd20000fc482800cff4
e21e000018190000e21e0000babcdc00e21e
df410000ab130000df4100004adda600df41
4acd0000bb4f00004acd0000c6a5c3004acd
20c40000b05d0000b05d000091a9340020c4
4fab7f58602f8291602f8291706b270a4fab
47c30000b7a6000047c30000bffce40047c3
8f6700007358000073580000c342e8008f67
4ec643bfa5ef7dd04ec643bfb5397aaf4ec6
e5afe1cefa5f6c42fa5f6c427f800000e5b0
fd6e000047650000fd6e0000ff800000fd6e
22ef0000f1060000f1060000d47a340022ef
9f210000a4f20000a4f21420049832009f21
b35b0000e9cc0000e9cc00005dae8400b35b
02b80000fa500000fa500000bd95800002b8
f98f0000bda70000f98f000077ba9200f98f
76986afba8f5312076986afbe011fba27698
72a20000f3ed0000f3c48000ff80000072a2
01b79563aa11f679aa11f6798000000001b8
c9be0000ea540000ea540000749d5800c9be
4652325e92a8c0804652325e998a8f1d4652
35ef0000f6500000f6500000ecc2300035ef
7044000037560000704400006823d8007044
8818ec124016aa384016aa3888b400028819
c99400006316000063160000ed2d7000c994
31150000c1ff0000c1ff0000b3946b003115
325eb4fdf85d05c2f85d05c2eb404741325f
ea020000b2f20000ea0200005d75c800ea02
715f12dfced9aee9715f12dfff800000715f
373a000000bf0000373a00000000008b373a
b2580000cea80000cea80000418dc000b258
21b70000e0ee0000e0ee0000c32a220021b7
0b5d0000ce280000ce2800009a1108000b5d
e26e0000ea7d0000ea7d00ee7f800000e26e
e090000027dc0000e0900000c8f78000e090
2d3500006f4200006f4200005d092a002d35
7e010f743207703c7e010f7470888f767e01
3ad90000deae0000deae0000da137e003ad9
e5adbbad022da153e5adbbada86baa9fe5ae
01056d512a8871022a887102000000000105
17230000840c000017230000800000001723
5b120000a95700005b120000c4f53c005b12
6e8f00005b0b00006e8f00007f8000006e8f
e7e40000a9930000e7e400005202ec00e7e4
f8aed8ebc37492dcf8aed8eb7ca70b0ef8af
a5420000305500003054fffd96216a00a542
5b180000ab2f00005b180000c6cfd0005b18
ecb7000077dd000077dcfffdff800000ecb7
d8d2000023d20000d8d20000bd2c4400d8d2
03c80000d5600000d560000099af000003c8
0cdfcd68d7b9c895d7b9c895a5226acb0ce0
accb0000a9760000acccec0016c31200accb
9f867200f0c1f2cff0c1f2cf50cbb6ed9f86
73a900005594000073a900007f80000073a9
b5e8000084b10000b5e800000000140db5e8
d452483bb9f94d0ad452483b4eccc789d452
676b00006aec00006aedd6007f800000676b
f04a00001ae70000f04a0000cbb64600f04a
ce0e0000c3f00000ce0e000852852000ce0e
e9cf000035c30000e9cf0000e01dad00e9cf
cefd16d62a8044ffcefd16d6b9fd9f42cefd
9cea00006c9a00006c9a0000ca0cc4009cea
bd8fa7e87781943277819432f5916d8abd90
6899bbb7e33fc64d6899a3beff800000689a
b3be000090410000b3be0000048f3e00b3be
41a200007e9b00007e9b00007f80000041a2
3b30106984c986c43b301069808a99923b30
7b80000026be00007b80000062be00007b80
a0dc000046db000046db0000a83c3400a0dc
97041525db1b2d40db1b2d4032a0204c9704
1c1d000009bc00001c1d0000000000001c1d
aaa20000fc540000fc54000067862800aaa2
27530000211e0000275309e009023a002753
02e50000b55c0000b55c0000800000c502e5
7c46d5ee307536c07c46d5ee6d3e75437c47
347db915e6bdda87e6bdda87dbbc2a3a347e
da28000055ee0000da278900f09c3000da28
c0380000493a00004939ffd2ca05b000c038
260a00005afd00005afd000041886200260a
d8d20000e6840000e68400007f800000d8d2
fade000075b60000faddd280ff800000fade
3ede00002e1500003ede00002d8136003ede
85d51a8f81f350b985d60de00000000085d5
a4d20000aff30000aff3000315475600a4d2
32470000c29b0000c29b0000b570fa003247
ef4f00007150000071431000ff800000ef4f
39950000fbcb0000fbcb0000f5ec4e003995
ccef00000cfb0000ccef00009a6a5500ccef
710e00007a7400007a7400247f800000710e
04d8e495287853aa287853aa0000000004d9
f09100004b350000f0910000fc4d0a00f091
2d200000c6200000c6200000b3c800002d20
5a2b00000d8d00005a2b0000283c5e005a2b
03dd000015970000159700000000000003dd
da790000c9b60000da79000064b10600da79
b4672c6c9bae91c6b4672c6c109da3d4b467
2eada4281cb7175f2eada4280bf860662eae
053c000016d7000016d7000000000000053c
c1cb000053e2000053e20000d6333600c1cb
78f4eda91c138f9778f4eda9558d2dd978f5
c73619b95692a1395692a139de509ab4c736
062800002366000023660000000000000628
6f590000049800006f5900003480d8006f59
40cc00003418000040cc00003572400040cc
4abc000035ac00004abc000040fca0004abc
851800004bf600004bf60000919210008518
e8019408a87dfd70e801940851008f94e802
16b00000a9530000a95300008091100016b0
e00ce3b68487627ae00ce3b62515048fe00d
0a0100000e5000000e508100000000000a01
c0f20000e2580000e258000063cc3000c0f2
25f90000a043000025f8e7a086bdab0025f9
5efb0000f47b0000f47b0000ff8000005efb
5fdc0000686a0000686a006e7f8000005fdc
26020000f8cc0000f8cc0000df4f30002602
98160000c4ed0000c4ed00001d8ade009816
87f145a04421ceea4421ceea8c987fcc87f1
79cb55a60cf939d279cb55a64745f43b79cb
95fae913ceabe91cceabe91c25287e2995fb
49280b300f21545549280b3018d3ccc94928
097a000042a7000042a700000ca31600097a
94ffdd9a84badb8394ffdd9a000000009500
8e47000076e1000076e10000c5aee7008e47
e63c0000b36b0000e63c00005a2c9400e63c
50b66c7e8e8594ff50b66c7e9fbe611450b6
7b6c000032cb00007b6c00006ebb24007b6c
b23c0000d07f0000d07f0000433b4400b23c
6bd69d6e44ae91db6bd69d6e711259486bd7
f3460000b62c0000f34600006a050800f346
ebc900007e7700007e770000ff800000ebc9
5d2c0000a65900005d2c0000c411cc005d2c
c1f1ebc489f8a538c1f1ebc40c6af888c1f2
cf00000052ba000052b90000e23a0000cf00
935c0e48290ca004290ca0048000f1c3935c
b23991642fd2f1f9b232f9d4a298e8aab23a
6256bcad6130adf1628174157f8000006257
1111198378060b5f78060b5f4997f3991111
405f0000cd270000cd270000ce117900405f
db2e00000d110000db2e0000a8c51c00db2e
7370c7d9383f95ad7370c7d96c3431e27371
f0f400005e930000f0f40000ff800000f0f4
94c849c6236f71a5236f71a5800000bb94c8
a4583efbfafadadefafadade5fd3e662a458
9a39e0e4fa9744a1fa9744a1555baaf69a3a
6435000056920000643500007b4e74006435
8f7e00007de600007de60000cde434008f7e
4216e740f3d3a911f3d3a911f67988854217
488869c185bd507b488869c18ec9c1ec4888
60a4000065230000652352007f80000060a4
dda20000208b0000dda20000beafec00dda2
c5fa0000ccec0000ccec03e853667800c5fa
3070469c3c21f9cc3c21f9cd2d1806dc3070
6d6600002d6a00006d6600005b523c006d66
8ac3dc6c0047a9ae8ac3dc68800000008ac4
6281eef3bf0658d16281eef3e208604f6282
0d1f71ae483d6e47483d6e4715ebf7390d1f
730c0000140f0000730c0000479c6800730c
5df300002dd700005df300004c4c15005df3
a6a30000f5f30000f5f300005d1ab900a6a3
eccb000088110000eccb00003565f600eccb
23e60000af4e0000af4dfffe93b9140023e6
ed83c6a1d41133c1ed83c6a17f800000ed84
bef10000a5f00000bef100002561f000bef1
c037686ec17467dbc19120fb422f19f1c037
c9d9160e2e253356c9d9160eb88c16bfc9d9
5d6d56c989df69e65d6d56c9a7cf20c75d6d
d4f500009c9e0000d4f5000032173600d4f5
8d4b00007d2b00007d2b0000cb0799008d4b
744b0000f35c000074140000ff800000744b
67a6000036ce000067a600005f05940067a6
94bb1366d2f7cd33d2f7cd33283515ab94bb
7999000046cd0000799900007f8000007999
503b000026120000503b000036d54c00503b
773e00002ad30000773e0000629c9a00773e
58cd0000315a000058cd00004aae920058cd
e149cace23fd3653e149cacec5c79840e14a
0498e952b59c49d4b59c49d480000bab0499
eb930000fcea0000fcea00007f800000eb93
b35f781e2e242410b35f4f15a20f486eb35f
b82a000011b00000b82a00008a69c000b82a
ae7b4ae45f2cf5305f2cf530ce29c6ffae7b
2f3000003e8400003e8400002e3580002f30
c10e0000e9000000e90000006a8e0000c10e
5d80da8ba06ee3605d80da8bbe707b3f5d81
9e9453df1cec6c749e858d188000447e9e94
5569000023a1000055690000399289005569
5c632a03a5be930b5c632a03c2a91ba95c63
972d0000a6150000a615000000032588972d
7c4dc2b219ecc92b7c4dc2b256be512d7c4e
e4e6000063e60000e4ac8000ff800000e4e6
370d21a033d75271370ed0452b6d6961370d
57d3000063670000636700027bbe650057d3
6aa8000048d500006aa80000740bc8006aa8
ef6a5c13137ba0d3ef6a5c13c3665b81ef6a
9e1100001c0a00009e086000800009c59e11
6e0e0000d5ca00006e0e0000ff8000006e0e
48680000983e000048680000a12c30004868
faf50000ab140000faf50000668da400faf5
834a4840402ddc22402ddc22840960c4834a
b9ff000009f10000b9ff000084700f00b9ff
a1de0000d5840000d584000037e4f000a1de
87c400000029000087c3ff5c8000000087c4
2bbf00004dff00004dff00003a3e41002bbf
ad840000ee250000ee2500005c2a2800ad84
9a1206bf47a2a69347a2a693a2398e929a12
93f6154ed96e04a6d96e04a62de4cc4693f6
096700008e3b00008e3ac640800000000967
841b60932814cf292814cf2980000000841b
349c5e3e24530eb6349c5e3e1980eaa9349c
2c5c000024be00002c5c017c11a348002c5c
45800000c5cf0000c51e0000cbcf00004580
379bd9e95db8ef0b5db8ef0b55e12c4d379c
1f22e05e554dd3dc554dd3dc3502f4761f23
1c810000c09a0000c09a00009d9b34001c81
49cbb8b14a367b084a8e2bb05491373649cc
f70e9b6ba1ede875f70e9b6b59848760f70f
e8650000a8780000e8650000515dd800e865
bc84a2a9a5533fa9bc84a2a9225ae61abc85
c92300005d6300005d630000e7108900c923
c04f00005b0500005b050000dbd71600c04f
51ca0000c70c000051c9fffcd95cf00051ca
b5be000030a00000b5bdd800a6ed8000b5be
68db0000beb9000068db0000e81e430068db
b280000025fe0000b280000098fe0000b280
4f2f0000ebc80000ebc80000fb88b8004f2f
c0fc00009c9d0000c0fc00001e1a8c00c0fc
ec86f48f1eb59a9cec86f48fcbbf78d5ec87
551a00001a770000551a000030149600551a
b8d50000211d0000b8d500009a82a100b8d5
f4a10000ae710000f4a1000063979100f4a1
063a01f562aa56f462aa56f4297788f5063a
cab000007179000071790000fcab3000cab0
bf650000d74b0000d74b000057359700bf65
f556725bb853fa42f556725b6e3191e4f556
d97e0000636900006368fff0fd672e00d97e
7c4ed45ef1460e867c4ed45bff8000007c4f
b961486dfeef4edffeef4edf78d29806b961
54cb00005b4e00005b4e065870a35a0054cb
041800002c5800002c580000000000000418
06c600005d1000005d100000245ec00006c6
d06ad61d6006c4d76006c4d7f0f74149d06b
68593ad18e1cb3c468593ad1b704f8626859
54af000090e5000054af0000a61c8b0054af
a37b9e9c5875ed735875ed73bc71b82ea37c
d32d000047740000d32cffffdb24e400d32d
a83d0000809c0000a83d000000000000a83d
9d767c23fddc01a2fddc01a25bd3d4419d76
323b0000da6b0000da6b0000cd2ba900323b
41fdb5bdc67014a4c66f95c9c8edeed641fe
3fe90000050500003fe9000005721a003fe9
fdd591bde68c7140fdd591bd7f800000fdd6
8c3700000cdf00000c838000800000008c37
e06600008f6e0000e06600003055d400e066
ef9a00007a5800007a57fffbff800000ef9a
d1f0000018e60000d1f00000ab57a000d1f0
df480000700f0000700f0000ff800000df48
9e3700005e5b00005e5b0000bd1c8d009e37
702439cbd0c39075702439cbff8000007024
95ce00007d0400007d040000d354700095ce
038be3305a9a46d25a9a46d21ea89abb038c
048500009914000099140000800000000485
e14e0c6237ad10d7e14e0c62d98b4bece14e
5a4600006c2b00006c2b00007f8000005a46
5574757c72513298725132987f8000005574
18fdf62c590d05ce590d05ce328be65818fe
d61e01f74ec460c3d61e006ee5726a74d61e
609e000049480000609e00006a76e000609e
aced00004540000045400000b2b1c000aced
460973cde31b30bde31b30bde9a6a6914609
f0aa17435534c102f0aa1743ff800000f0aa
3cb63d480697aaab3cb63d4803d7ef483cb6
1cf0b3b5e94c7fd4e94c7fd4c6c047651cf1
5e920000d78900005e91fddcf69c44005e92
8ac300007df200007df20000c93856008ac3
b96aef8a861f7e48b96aef8a00492f55b96b
f2e0a83ffc2d13f6fc2d14127f800000f2e1
fda5000016200000fda50000d44e4000fda5
c856a2f2cc9082cbcc90ee1c557252a2c857
771400009d5a000077140000d4fc10007714
9d60e9045217d0575217d057b005607b9d61
0f4d0000ee5c0000ee5c0000be302c000f4d
d48a000020200000d48a0000b52c8000d48a
171d0000d53b0000d53b0000ace55e00171d
37ae0000852a000037ae00008001ce3037ae
9736b7a4862f29559736b7a4000000009737
16da0000e88c0000e88c0000bfee700016da
8be689dc0fe4da020fe3f378800000008be7
0b9d0000d6d50000d6d50000a302a1000b9d
31e7000017cd000031e700000a38fb0031e7
7142000017ef00007142000049b51e007142
3638000054bb000054bb00004b8668003638
c5c100007870000078700000feb4f000c5c1
0ae0618e6eed5dd36eed5dd33a500c8d0ae0
8b2600003a5900003a590000860cb6008b26
819800001ae200001ae20000800000008198
3ede00007dfd00007dfd00007d5b66003ede
586a00001a250000586a00003316d200586a
f3f700008e840000f3f7000042feb800f3f7
f3e10000c09b0000f3e1000075083b00f3e1
61f9630d3f797b4961f9630d61f3097161f9
90860000484c0000484c0000995590009086
25dd0000f6f70000f6f70000dd553b0025dd
9df500005c6b00005c6b0000bae0e7009df5
7ce0871db0b7fcca7ce0871dee215e4c7ce1
6a2e00004eab00006a2e0000796874006a2e
fb2a59a8a60f642dfb2a59a861bed57cfb2a
d24c0000377f0000d24c0000ca4b3400d24c
db6c00000df30000db6c0000a9e00400db6c
5c980000626c0000626c13007f8000005c98
96df0000c3510000c35100001ab60f0096df
fc904a19c4b3a19bfc904a197f800000fc90
a8850000e4180000e41800004d1df000a885
10a1000083b8000010a100008000000010a1
721700002e5500007217000060fb46007217
93b2504ef9544e4af9544e4a4d93e10993b2
18bb0000b1a00000b1a000008ae9c00018bb
d9318816a39dfa54d93188163d5b1c1dd932
b80400000b400000b804000083c60000b804
e0ff206b5ebccdade0f35390ff800000e0ff
60a60000511e000060a60000724ce80060a6
567900009bff000056790000b2f807005679
2ba60000126000002ba60000000914002ba6
67b40000e67200006795c000ff80000067b4
1b6c6246f5c0fc70f5c0fc70d1b232cd1b6c
4edfd82311e6d1474edfd8232149d32d4ee0
dd9200001e1c0000dd920000bc31f000dd92
2491000027b6000027b844000cce2c002491
ead6fb0e5c46ef8bead6fb0eff800000ead7
69a40000d37e000069a40000fda2b80069a4
9027f5f1521d8451521d8451a2ceb14a9028
fce40000c47b0000fce400007f800000fce4
fd6d6c9810027377fd6d6c98cdf1f877fd6d
41da00009b2b000041da00009d919e0041da
ffb43ebc1d3903177fc000007fc000007fc0
ea3b000086d50000ea3b0000319b9700ea3b
f5490000ce110000f54900007f800000f549
0a0f0000c4750000c47500008f08db000a0f
77890000167e0000778900004e87ee007789
3ded000014d500003ded0000134531003ded
f63ce3b12715706cf63ce3b1dddc86f3f63d
b404367b891af944b404367b0002804cb404
d474000012020000d4740000a6f7d000d474
6a5959fd5ddf3f376a5959fd7f8000006a59
31a54f691690802a31a54f6908ba9edc31a5
cea397b01ca8ffb1cea397b0abd7fde1cea4
ff454b376b102952ff454b37ff800000ff45
50a9e60bcc0cb94250a99faedd3ac98250aa
fa3681cfb0354187fa3681cf6b01387ffa37
5a92966d6a7c1a266a7c1a267f8000005a93
82da000096fa000096fa00000000000082da
f12900009e4d0000f129000050075500f129
eb1b00000f280000eb1b0000bacb7000eb1b
6a8077cffbcf4059fbcf4059ff8000006a80
2981000086f6000029810000800000002981
d16a0000cb0b0000d16a08b05cfe1c00d16a
77a90000eb18000077a90000ff80000077a9
7dc00000222900007dc00000607d80007dc0
88d00000d72c0000d72c0000208bc00088d0
5d9e2adf88e1d15d5d9e2adfa70b85085d9e
636500007f4000007f4000007f8000006365
6086adbd35e6525f6086adbd56f256db6087
7b230000ca9700007b230000ff8000007b23
e62da160c17987bbe62da16068293e05e62e
7d045b7df0e2af4b7d045b7dff8000007d04
67a218161a6205d567a21816428f1cf567a2
02aeb6ebfa7988f4fa7988f4bdaa4d6202af
5a1b4d09cdfd57f25a1b4d09e899b07c5a1b
59fc568d0be1e09759fc568d265ea57259fc
b37f332fc90a63edc90a63ed3d09f534b37f
575a0000571d000057bb80006f05b200575a
46952e39af4867e346952e39b669914d4695
4a97aa8e4e3ece4b4e3ffda05962159a4a98
af0500003eb100003eb10000ae37ea00af05
25d8ad3fc71e2bf1c71e2bf1ad85e01e25d9
10010000e00a0000e00a0000b08b14001001
7f8530bbdc6fcf827fc000007fc000007fc0
46a1eff4d40117c4d40117c4db2351e546a2
d58a0000e3810000e3810000798b1400d58a
72590000a747000072590000da28af007259
6cba000033ca00006cba00006112c4006cba
56cbb7962904c64756cbb796405350e456cc
e42d9a125a21c114e42d9a08fedb61a8e42e
3aaf0000dea20000dea20000d9dd7c003aaf
31670000c0fb0000c0fb0000b2e27d003167
ee5d000095970000ee5d000044825b00ee5d
499300002ffa0000499300003a0f8e004993
78a20000ad71000078a20000e698820078a2
79e00000d6fb000079e00000ff80000079e0
55d300003f7b000055d3000055cee10055d3
0f420000cfb10000cfb100009f8622000f42
26d7be49ccb1dd13ccb1dd13b415e4e026d8
64b70000c58d000064b70000eac9960064b7
165b00002a2100002a2100000109bb00165b
6d780000612700006d7800017f8000006d78
978dd1f7fc2b9a1dfc2b9a1d543e2141978e
c0000000e5600000e560000065e00000c000
94e4000089d9000094e400030000000094e4
df7c0000482a0000df7c0000e8275800df7c
b16b51259fd60773b16b512511c4bcaeb16b
29c1269ce485b9cee485b9cecec9ca7f29c1
0c2eb539112592381125bde5000000000c2f
a84393c9bdb099f2bdb099f22686eb36a844
f59d00002a610000f59d0000e089fd00f59d
0799000018c8000018c80000000000000799
e7fd5ac62c0540cce7fd5ac6d483e049e7fd
ccd40000b15f0000ccd400003eb8ac00ccd4
f7620000aa270000f762000062136e00f762
4e210000b09100004e210000bf3662004e21
66810000d8c8000066810000ff8000006681
73f9000072e900007419a0007f80000073f9
0fc80000779c0000779c000047f3c0000fc8
3c9f00006b2700006b270000684f72003c9f
22bd0000269700002697bd0009def60022bd
ba950000409200004091f6b0bba9f400ba95
4006910552dc2bfb52dc2bfb5367777d4007
218000004670000046700000287000002180
a17e000032e9000032e9000094e72e00a17e
c62b9fa818e42ac1c62b9fa89f98f6dbc62c
a49c63f0fdb91ffbfdb91ffb62e22f84a49c
72f700009104000072f70000c47eb80072f7
386f0000e3f00000e3f00000dce01000386f
00180000ca240000ca24000089f600000018
0c440000075700000c4435c0000000000c44
17320000d4340000d4340000abfa50001732
baa900004ab600004ab60000c5f04c00baa9
91fc000051ad000051ad0000a42a4c0091fc
0fe90000b0960000b0960000810886000fe9
486a00008dd30000486a000096c0de00486a
62791fcc459a563662791fcc689631066279
0a420000f04f0000f04f0000bb1cde000a42
80a46dbd394d407c394d407c8000083d80a4
54131d9efee3809dfee3809dff8000005413
fbd70000f5eb0000fbd70eb07f800000fbd7
b6e833cef62b6da5f62b6da56d9b7e0eb6e8
a60e000001560000a60e000080000000a60e
041300003e4100003e41000002dda6000413
dcb6000049590000dcb60000e69a4600dcb6
78740000cc60000078740000ff8000007874
d9d9f60ef1a34f1cf1a34f1c7f800000d9da
6a018a0188e2ec496a018a01b365a6ca6a02
45f9000042bc000045fbf0004936dc0045f9
7b3b8ce19d335d707b3b8ce1d90367f67b3c
52b600006c7800006c7800007f80000052b6
1994e2af1f0e51f71f0e64930000014b1995
c656000020480000c6560000a7273000c656
42610000fe0c0000fe0c0000ff8000004261
b32e0000c7c50000c7c500003b85e600b32e
35e20000a381000035e2000099e3c40035e2
6831000077700000777000007f8000006831
45b5675bbc6762b445b5673ec2a3f63445b5
01ae0000fc450000fc450000be85e60001ae
aeb600004239000042390000b1838600aeb6
766b0000ad100000766b0000e4043000766b
105b00000c100000105b900000000000105b
0e5f1829e2681697e2681697b14a41950e5f
5b909a57cb1fbaf45b909a57e73472ec5b91
66ad0000c0bf000066ad0000e801130066ad
6dc6000076a3000076a300327f8000006dc6
07a8ca76610d7e06610d7e06293a953507a9
f89e0000dc6e0000f89e00007f800000f89e
8cf00000855b00008cf001b6000000008cf0
18af000029450000294500000286ab0018af
f1550000b3320000f155000065141a00f155
860b0000dc9f0000dc9f0000232caa00860b
87d597ecef262312ef262312378a9dc687d6
d9820000f77f0000f77f00007f800000d982
0ca20000b25a0000b25a000080227d000ca2
4425000008420000442500000cfa14004425
ec7c0000962b0000ec7c000043285400ec7c
f0a6ee877b38a3b27b38a3adff800000f0a7
607e5e10cde6670e607e5e10eee4eee8607e
b1a356234dc49ea14dc49ea1bffae651b1a3
4a430000024300004a4300000d1489004a43
6fdf6fb1ae309b7c6fdf6fb1de9a247f6fdf
99b30000e3610000e36100003d9d530099b3
d12c47c05b547f5b5b547f50ed0f0120d12c
c86317bd6c9557d36c9557d3f5847ab9c863
051400003a5b00003a5b0000003f4e000514
bb7a00005652000056520000d24d1400bb7a
1eb80000ba7b0000ba7b000099b468001eb8
5a1500000b8b00005a1500002621ce005a15
e98699a42f4bbfe9e98699a4d9564178e987
60d44c53865ce5e660d44c53a7b7303e60d4
2a240000c2640000c2640000ad1210002a24
a4144157eac069cbeac069cb4f5edc8ba414
e8e500006b6700006b5fd800ff800000e8e5
1dd73f6207cc88091dd73f62000000001dd7
07470000a4510000a4510000800000000747
5cf1e48c80c543b65cf1e48c9e3a64db5cf2
71f500003472000071f5000066e79a0071f5
445a00005fd300005fd3000064b3ae00445a
ef0c00006bdf0000ef0a4200ff800000ef0c
dee8262fea519f91ea519f937f800000dee8
a7440000f2d80000f2d800005aa56000a744
ebb400004b8d0000ebb40000f7c64800ebb4
f18b0000c95a0000f18b00007b6cbc00f18b
b2620000cfd00000cfd0000042b7a000b262
39f92c7ec5e3f4c4c5e3f4c3c05de0b139f9
34990000d1870000d1870000c6a15e003499
078b0000e9a00000e9a00000b1adc000078b
d65f000039530000d65f0000d037cd00d65f
e45a4e3220db908fe45a4e32c5bb3c2be45a
a3bbcaf7a7bd1233a7bdcdfe0c0ab232a3bc
aca300004da300004da30000bacf9200aca3
3e2a29bb65d789e165d789e1648f44b23e2a
47227aa01f8e5e2347227aa02734b7884722
2318000083a9000023180000800000002318
ddd985e2dbf953e7dde91b207a53da84ddda
d1b13b37667c4a01667c4a01f8aea986d1b1
00ab0000e6b70000e6b70000a7f47a0000ab
410300004d7800004d7800014efdd0004103
5d4fcb6a5e29ad595e5da0347c09b9fe5d50
3f99000087b500003f99000087d85a003f99
64ac0000bbee000064ac0000e11fe80064ac
9a3650050c8d70d59a365005800000009a36
504f000082780000504f000093488800504f
8eb300002e0b00002e0b0000800184c48eb3
7d020000c11900007d020000fe9b64007d02
f82d0000a03d0000f82d000058ff7200f82d
5a6f55e7d2bb8a3a5a6f5470edaf54fa5a6f
c63600007b3400007b340000ff800000c636
9fbb0000690f0000690f0000c950ea009fbb
31c20000b5590000b5577c00a7a4720031c2
967d00003eb100003eb1000095aeed00967d
f52b000026810000f52b0000dc2c5600f52b
728404fef3ee9377f3cd9238ff8000007284
394b0000ccb90000ccb90000c692b300394b
c7796c58bc692890c7796c5c44632b21c779
15130000b6260000b62600008bbea4001513
607c0000a67f0000607c0000c77b0400607c
67990000a49d000067990000ccbbaa006799
e19300006e4200006e420000ff800000e193
06f2f1f1c06d1d82c06d1d8287e105fd06f3
7b901336c1482e157b901336fd6151e37b90
c892000017da0000c8920000a0f8a800c892
e881000061600000e880fe40ff800000e881
bead0000258d0000bead0000a4be9200bead
db79000051180000db78fff6ed13d800db79
01df0000ceb40000ceb40000911ccc0001df
fa880000eed90000fa8800017f800000fa88
c67a0000fe090000fe0900007f800000c67a
b434ee0a660ebbfe660ebbfedac9c1ceb435
70e600006b2a000070e615407f80000070e6
f51a000029770000f51a0000df149600f51a
eacc1a37e8c55acfead86fe47f800000eacc
6f42849e977e1e0b6f42849ec74116696f43
6af00000aa1e00006af00000d59420006af0
e32db6f9c6f9048ee32db6f96aa8fa0fe32e
a9f90000b0180000b01807c81a93d800a9f9
81fe9d53189ec1c4189ec1c48000000081ff
e31f2f46f2fd36f5f2fd36f57f800000e31f
ff9fa4a9fcfb57017fc000007fc000007fc0
64ed0000f1f40000f1f40000ff80000064ed
69d8cdafe978237e693977e0ff80000069d9
a3683a64e22fa92be22fa92b461f5960a368
c86d00005b1000005b100000e4055000c86d
112d000084f20000112d000080000000112d
911e000076c2000076c20000c86f7800911e
ffc0ef4cbeef26bc7fc000007fc000007fc0
5bac86b4bcfb95865bac86b4d9298cd75bad
b9d52d85cded951ecded951e4845d751b9d5
318e00006a0f00006a0f00005c1ea400318e
13cc349bb84caee8b84caee88ca3457013cc
1649e2210344cfa21649e22100000000164a
100f000046cb000046cb00001762ca00100f
c1440000dc0c0000dc0c00005dd66000c144
d58900007a7300007a730000ff800000d589
8c9b0000f5af0000f5af000042d3ea008c9b
139bea9ede54d126de54d126b2819dad139c
0dc5253201e955d70dc52533000000000dc5
d57a5cc34558c914d57a5cc3db5402ebd57a
a225000098530000a225000d00001100a225
e900000088780000e900000031f80000e900
cdf20000dc910000dc9100006b091200cdf2
1e0d8de14ebf50bd4ebf50bd2d5392ff1e0e
a2811048c96a8dd8c96a8dd82c6c80c9a281
62c84861c63cd0f162c84861e993b89f62c8
bfbc000082f70000bfbc000003356400bfbc
2a6c0000c07e0000c07e0000ab6a28002a6c
6b4900006ae500006b9dc0007f8000006b49
207d0000cd880000cd880000ae866800207d
2167000057b6000057b6000039a43a002167
56f800003078000056f8000047f0400056f8
790200009272000079020000cbf5c8007902
512cddf78ee5314a512cddf7a09ac3d6512d
7f070000933900007f070000d2c31e007f07
4ba200007c8e00007c8e00007f8000004ba2
a4a9000083640000a4a9000000000000a4a9
2ed00000b1bb0000b1b7c000a117f0002ed0
dc2afae199dca567dc2afae136935e12dc2b
ae0bd85cb3101d1cb3104012219d7335ae0c
9269dad7a566c036a566c03600000069926a
a53fe58c6a5e93e96a5e93e9d026d7efa540
c66f000003f40000c66f00008ae3cc00c66f
23670000ea090000ea090000cdf73e002367
f82c0d529f544265f82c0d52580ea7a7f82c
926c00006c4a00006c4a0000bf3a3800926c
81300000c64b0000c64b0000080b90008130
4ea20000ca9500004ea16b00d9bc94004ea2
63a1b704774b6409774b64097f80000063a2
016b0000f5a60000f5a60000b7986200016b
fe37000001a20000fe370000c0679c00fe37
48f058a0d45f77c1d45f77bfddd1cda248f0
59f700009cc0000059f70000b739400059f7
7fb40000d4a700007fc000007fc000007fc0
d36e0000ed880000ed8800007f800000d36e
99a2000040280000402800009a54a00099a2
6356000038a90000635600005c8d46006356
624c678a1fb60a26624c678a429159b6624c
d381f4557a112a737a112a73ff800000d382
48310000d9e90000d9e90000e2a119004831
d19994b2c551e9fed19994b2577bdd8cd19a
3e3a98cc3e379dc53eb91b483d05d6393e3b
42ec00003ab4000042ec00b43e25f00042ec
f1c3cd81c3fe0335f1c3cd817642485af1c4
bee800003d4f0000bece2000bcbb9800bee8
2d040000fd9d0000fd9d0000eb21e8002d04
3d000000e7db0000e7db0000e55b00003d00
e86f63e030581f2de86f63e0d94a196ce86f
e49e0000130d0000e49e0000b82e0c00e49e
172400006ca800006ca80000445740001724
8e380d8b8f538e408f80c8d1000000008e38
758be129636d1e9a758be1297f800000758c
95d70000fda20000fda2000054080e0095d7
b049ab8bb286b7b6b28d051223544108b04a
e3be0000b2020000e3be00005640f800e3be
a52200006cfc00006cfc0000d29f7800a522
c63400005ffe00005ffe0000e6b29800c634
ba8d00006b2400006b240000e634a800ba8d
b93700005950000059500000d314b000b937
a406f6fb4953102f4953102fadde8c32a407
cf2d00006e6c00006e6c0000fe1f7c00cf2d
2cabfbb38993a2d12cabfbb38000000c2cac
21191e0d71df2c7e71df2c7e53857bca2119
9f15000095b600009f150017000000029f15
65260000990e000065260000beb828006526
ff230000106b0000ff230000d015a100ff23
480100008efd000048010000977efa004801
de3b000034a60000de3b0000d3728400de3b
134c00006c5100006c51000040268c00134c
5ab8000061c0000061c002e07d0a00005ab8
bc3f0000d2eb0000d2eb00004faf5500bc3f
97990469cc0b4694cc0b469424267f299799
95890000a92a0000a92a00000016be809589
18d2290c69f5548069f55480434966a718d2
564ba3cfa64c862f564ba3cfbd22b146564c
f5f8522a903d1d06f5f8522a46b770d0f5f8
e4d40000e7e70000e7ea50007f800000e4d4
3bea000013b100003bea00001021ca003bea
33e74d7f8b76fbc433e74d7f8037c9fd33e7
ac64000004f30000ac64000080000000ac64
48cf0000e6320000e6320000ef8fee0048cf
88320000c2330000c23300000af8ec008832
47510000ae5c000047510000b6339c004751
901c000048f8000048f8000099972000901c
f3670000c9420000f36700007d2f0e00f367
de2c635c171f522cde2c635cb5d69217de2c
166600004f4600004f4600002631e4001666
088f00009ba700009ba7000080000000088f
9a34000078ca000078ca0000d38e08009a34
5fb00000306200005fb00000509b60005fb0
a39748816f66d31f6f66d31fd38867e7a397
c81300001fdc0000c8130000a87ca800c813
371a000069f2000069f2000061919400371a
401600007ae700007ae700007b875a004016
8ccd0000ce3e0000ce3e00001b9826008ccd
113f0000981f0000981efd0480000000113f
c05f00002c560000c05f0000ad3a6a00c05f
a70b0000181f0000a70b0000802b2a80a70b
8bf227f598bc814d98bc814d000000008bf2
65ad4dc6532e3e1e65ad4dc6796be9d365ad
446500003d2b0000446502ac4218f7004465
e56da6cda0a1737ce56da6cd4695e11ce56e
6a39000070df000070df05c87f8000006a39
a3c8000099190000a3c800050001de20a3c8
6ecfce5ffe694dcffe694dcfff8000006ed0
bb5e00005108000051080000ccebe000bb5e
b6c700003e7c00003e7bfe72b5c3e400b6c7
80c1000071c8000071c80000b316c80080c1
258500006e1300006e1300005418be002585
fa9a69aea4931113fa9a69ae5fb169f7fa9a
565a00005a4e00005a4eda00712f6c00565a
478e00007f9300007fc000007fc00000478e
3b8f000033e700003b8f00e7300109003b8f
80410000b5590000b5590000000000038041
2c7416cde1e8180ae1e8180acedd4b952c74
a1780000eeee0000eeee000050e69000a178
9537039b4be3a2774be3a277a1a2bc589537
60c9000049ab000060c900006b06430060c9
94371a0d3d8c04c53d8c04c592484b519437
9900c9c9d313dff7d313dff72c94c9159901
59344bf396f33f0b59344bf3b0ab507e5934
44ef1d4b8c9c34b744ef1d4b9211e71744ef
76530000c780000076530000fe5300007653
9ba800007aba00007aba0000d6f420009ba8
951387e2c37d0f1cc37d0f1c1911d5ff9514
e9a2633260603e23e9a26316ff800000e9a2
fcef0000b2580000fcef00006fc9a800fcef
feef0000494b0000feef0000ff800000feef
b3f60000a5a30000b3f600001a1ca200b3f6
a50500005274000052740000b7fd8800a505
b1202ab0d6092cded6092cde47aba5d5b120
bee5dd6464e3c77264e3c772e44c8665bee6
10ee000067c7000067c700003939020010ee
8e0f960d59bc746259bc7462a85366f18e10
9cbe0000dd540000dd5400003a9d58009cbe
e49899e1411b2ac0e49899e1e638fd4ee499
f0370000442b0000f0370000f4f47a00f037
e962000019ff0000e9620000c3e11e00e962
79bf0000d1c2000079bf0000ff80000079bf
356436b4d5131f14d5131f14cb03271e3564
ad572ff7da617850da617850483d864aad57
c8390000c6fd0000c858a0004fb6d500c839
2b0481e979e98ca379e98ca36571c6112b05
0df00000f0530000f0530000bec5d0000df0
9e4d000015d100009e4cff98800000019e4d
b92f7fa77e6f2c0e7e6f2c0ef823f660b92f
1ccc000061080000610800003e58c0001ccc
aa5500002a840000294c0000955ba800aa55
b6a98c13e142d754e142d75458810ac3b6aa
ae9dc5a2ea27945cea27945c594e8eb7ae9e
e4a5000081ec0000e4a5000027181c00e4a5
2da36a7f1197a5012da36a7f003066932da3
9cc6d9c20fad94549cc6d9c2800000009cc7
4be20000ae2a00004be20000ba9614004be2
b323000094820000b323000008258c00b323
cb7900009d220000cb790000291d9200cb79
0d3ab6da0f62a0930f6e4c01000000000d3b
e6aa00009fb50000e6aa000046f06400e6aa
526e000080740000526e00009357b000526e
2ba309650f9dee542ba309650000324a2ba3
7f720000afee00007f720000efe0fc007f72
f3e18f9996c046a3f3e18f994b2969f0f3e2
822800001da600001da60000800000008228
d952000093a60000d95200002d882c00d952
05a80000ecf50000ecf50000b320c80005a8
aaf61fde1e1d59e8aaf61fde899747fbaaf6
02d10000a6ed0000a6ed00008000000002d1
1bb80000e4bb0000e4bb0000c10668001bb8
576a000047380000576a00005f283000576a
48258c215ce132275ce132276591a0984826
599e00004feb0000599e000f6a110a00599e
7b54cdd3ece0780e7b54cdd3ff8000007b55
90160000ddf60000ddf600002e9024009016
b33596bfa2118d97b33596bf15ce7da3b336
8a9d00004675000046750000919641008a9d
737f000080840000737f0000b4837c00737f
69814b3ccac0217d69814b3cf4c212ae6981
414cfdffc37eb822c371e842c54bf775414d
dc6100008d6a0000dc6100002a4daa00dc61
4e15ea2272b09d5d72b09d5d7f8000004e16
f88e000008290000f88e0000c13b7c00f88e
f6ec0000a0ee0000f6ec0000585b6800f6ec
255e00006fdd00006fdd000055bfa600255e
fda9000097240000fda9000055588800fda9
30a144b69722b22c30a144b6884cfb7130a1
7bdb0000171500007bdb0000537eee007bdb
5d93fb2c03b7a6ea5d93fb2c21d452115d94
04650000a2c10000a2c10000800000000465
56f4345f271f114556f4345f3e97bd0056f4
41ac0000e42e0000e42e0000e669d00041ac
41dd00008b89000041dd00008dec8a0041dd
f5730000f7b30000f7ba98007f800000f573
bac800004fa100004fa10000cafb9000bac8
694e000016080000694e00003fdae000694e
4743e6567511c1267511c1267cdf12894744
e42e00008dab0000e42e000032687400e42e
500c0000296c0000500c00003a011000500c
9dc60000e8570000e857000046a64a009dc6
5dc09630ebd56f17ebd56f17ff8000005dc1
15b157b03972202a3972202a0fa7bb2c15b1
bbe500005936000059360000d5a2ce00bbe5
39916532069471fc3991653200a89e7b3991
b83d0000286d0000b83d0000a12ef900b83d
bb324de45e0ae71c5e0ae71cd9c17de9bb32
7a770000724200007a7700c27f8000007a77
64780000988a000064780000bd85b0006478
0cdf0000ce4c0000ce4c00009bb1b4000cdf
163000008903000016300000800000001630
466a0000dce50000dce50000e3d15200466a
c771f43d974a0724c771f43d1f3ef178c772
b49776d5649b8b95649b8b95d9b80f11b497
19d99bac942a199219d986698000000019da
e84f00006e9f00006e9ef988ff800000e84f
c677b33da46e35f5c677b33d2b667cd8c678
46f3d69878703071787030717f80000046f4
0c030000fb250000fb250000c7a8de000c03
0ed00000760a0000760a0000456040000ed0
8c670000d0210000d02100001d1147008c67
ec0c0e17a0f2a6ccec0c0e174d84c092ec0c
55101b4119ee1b7055101b412f8608c85510
ef197f3d3518fd0eef197f3de4b7768fef19
faaf0000ce4d0000faaf00007f800000faaf
e1fe0000ff530000ff5300007f800000e1fe
cd5d2ee525e46fb8cd5d2ee5b3c55e4acd5d
e71900007725000077250000ff800000e719
558200000e58000055820000245b60005582
d09d0000fb2e0000fb2e00007f800000d09d
95cc00006705000067050000bd53f80095cc
69dc00000c0d000069dc00003672580069dc
52dc39e6aa24b5d952dc39e6bd8db18752dc
58c20000e15c0000e15bff9ffaa6b80058c2
c4f76af5c50e4cc0c585011d4a898781c4f7
db62000064ab000064aaffe4ff800000db62
876d0000a4760000a476000000000000876d
8cb8000004f200008cb7ff0e800000008cb8
e3720000a7cb0000e37200004bbfe600e372
0e7300001f2000001f200000000000000e73
fe2100004c850000fe210000ff800000fe21
04880000e1a10000e1a10000a6ab10000488
b4ed5e0efcd5b52dfcd5b52d7246273fb4ed
75d60000fa560000fa559500ff80000075d6
dcd574a06e3e2c386e3e2c38ff800000dcd5
97a4778dd4acaf61d4acaf612cdde1fe97a4
e5be0000c0510000e5be0000669b1e00e5be
584f000022c10000584f00003b9c0f00584f
e31b0000c1790000e31b00006516c300e31b
846f59c118d71b2618d71b2680000000846f
ba3b0000f20f0000f20f00006cd0ea00ba3b
01df68e63fcd11ba3fcd11ba0232f67801df
0cd463b6ff04544eff04544ecc5b92b70cd4
1ee2bd336c27edfe6c27edfe4b94bc361ee3
6791000012e00000679100003afdc0006791
3347000060950000609500005467a6003347
d020000005d80000d020000096870000d020
e45700009e200000e457000043066000e457
269100009db400002690ffd384cbe8002691
3fdd00004ba500004ba500014c0e71003fdd
155ad6f89fb7af519fb7af4a80000002155b
19887f2755753793557537932f82bf521988
5620000008fe0000562000001f9ec0005620
e3fc0000c0fd0000e3fc000065790c00e3fc
6587fda8b4e6b6076587fda8daf51d2e6588
c317942d329e996bc317942db63bd095c318
be8800005ede00005ede0000ddebe000be88
2066b5c8702a0651702a065151193a682067
4fd40000432100004fd40000538554004fd4
a83200005b7700005b770000c42bbe00a832
a5269dcafdbcbae2fdbcbae26375ab04a527
b0d50000d1ef0000d1ef00004346db00b0d5
8b1b0000e2130000e21300002db202008b1b
d52bcb8d29e1bdd3d52bcb8dbf977d4ad52c
b3a80000c6aa0000c6aa00003adf2000b3a8
22d59d76544b6fa1544b6fa137a9c10222d6
fe5c0000061d0000fe5c0000c506ec00fe5c
949e000092f4000094ad400000000000949e
530f0000c82a0000530efffddbbdec00530f
4d40000011dc00004d4000001fa500004d40
f5ac7f8466ad702af5ac7f84ff800000f5ac
95d0000040bf000040bf0000971b300095d0
30c00000ccfe0000ccfe0000be3e800030c0
486a0000843f0000486a00008d2e9600486a
1c3600007f0c00007f0c00005bc710001c36
af11000015c70000af11000085616e00af11
d884000033f30000d8840000ccfa9800d884
095f5207e51f32bfe51f32bfaf0ae037095f
ae3224fcbcd5b65cbcd5b65c2b94b7acae32
6c260000d42d00006c260000ff8000006c26
8f8ea7443aba8c623aba8c628acfe7838f8f
f8350000c0b50000f8350000797ff200f835
bdc90000ffed00007fc000007fc00000bdc9
5c6a000080fe00005c6a00009de82c005c6a
878c000051330000513300009943c800878c
06c20000d6c50000d6c500009e154a0006c2
0889000071600000716000003a6fc0000889
bc5700000a0e0000bc57000086ee8400bc57
5b42d0c6c50cb3665b42d0c6e0d625645b43
944cc60abefdf5a3befdf5a313cb2434944d
32fd00008e77000032fd000081f41b0032fd
3b9b0000296100003b9b000025883b003b9b
a9520000a20c0000a95202300be5b000a952
55ed0000eb190000eb190000ff80000055ed
17a84ddefa868760fa868760d2b0e38517a8
190f0000554b0000554b00002ee2ca00190f
34f00000d2850000d2850000c7f9600034f0
074800007bb100007bb10000438a48000748
41aa8a666e6796bd6e6796bd709a474d41ab
77700000cb2c000077700000ff8000007770
bfaa000054a4000054a40000d4d9d000bfaa
fb200000b10d0000fb2000006cb04000fb20
e16a00006fed00006fed0000ff800000e16a
94aea58a72a8c13172a8c131c7e640de94af
31670000f62d0000f62d0000e81c1b003167
7d8b78ac8a8198cf7d8b78acc88d361e7d8b
77a95c59b9f3466f77a95c59f220f14177a9
220e37c14a9cfbf34a9cfbf32d2e6be3220e
062800002df400002df40000000000010628
8ccfe92fc92df0edc92df0ed168d44408cd0
a647187aa7841846a79cfb550e4d76ffa647
97a100006046000060460000b8790c0097a1
018c89538d892d438d892d4280000000018d
6e4a4ffdb6847de36e4a4ffde55169766e4a
06fb00006e4d00006e4d000035c8ff0006fb
e3d70000571e0000e3d70000fb84b200e3d7
db6c00008f0c0000db6c00002b011000db6c
05e560d26a43c0b66a43c0b630af656c05e5
b1a600009e6f0000b1a60000109afa00b1a6
c6ae0000b6760000c6ae00003da73400c6ae
04520000c9c90000c9c900008ea4e2000452
725c0000edff0000725b8080ff800000725c
6ac737ba5f13b42e6ac737bb7f8000006ac7
685d000054e20000685d00007dc31a00685d
447200005e0900005e090000630182004472
3a48d0bafd3c6bf9fd3c6bf9f813cdfb3a49
84300000bf4c0000bf4c0000040c40008430
7f8a0000419e00007fc000007fc000007fc0
2b12000084c800002b120000800000002b12
7e94000008bd00007e94000047da88007e94
2484ff3e7130e61d7130e61d5637ce0e2485
113100007bd900007bd900004d9609001131
32812303cf67a3a0cf67a3a0c269b2433281
f9cb0000aac60000f9cb0000651d0200f9cb
d5e60000c4f80000d5e600005b5ed000d5e6
b06c77736014fd616014fd61d1099f1ab06c
f7680000daa30000f76800007f800000f768
9f260000131e00009f25ffff800000009f26
5697000028510000569700003f768e005697
92d11ea2a9c87ce6a9c87ce60001478c92d1
97110000074f000097110000800000009711
6e23e5ea6d1cd6cf6e4b1b9e7f8000006e24
9f438a97319c1561319c1561916e71919f44
a02c0000e7ae0000e7ae00004869d000a02c
38980000ac2b000038980000a54b10003898
c3d40000b4ef0000c3d400003945ec00c3d4
cdbf9023d0c458d4d0c757155f12ecd3cdc0
7648000079160000791920007f8000007648
b9074c931c51b083b9074c9395dda59cb907
121e0000ec740000ec740000bf169800121e
8f0c0000293a0000293a0000800000cb8f0c
906a000036ea000036ea000087d5e400906a
ee4600006cdb0000ee2aa000ff800000ee46
ce3200006795000067950000f64f3400ce32
57b20000b925000057b20000d165740057b2
a95e00009f910000a95e0012097b7c00a95e
9a6500003a4a00003a4a00009534b2009a65
1cd4000037300000373000001491c0001cd4
d7fc0e7520795e07d7fc0e75b8f586a4d7fc
0466c7f3f70a461bf70a461bbbf94df80467
69a70000c34b000069a70000ed846d0069a7
64820000fe210000fe210000ff8000006482
d1e60000d2ba0000d2f3800065271c00d1e6
21ed0000252500002526da000798c10021ed
c544371c3ac3f2fec5443716c0963039c544
df7d0000585b0000df7cfc94f8586f00df7d
e14f000054070000e14f0000f5da5200e14f
d6570000a39d0000d65700003a83db00d657
325f000037fb000037fb1be02adaa500325f
390f00008f3a0000390f000088cfcc00390f
a7f0000034730000347300009ce3d000a7f0
b96300004fa200004fa20000c98fa600b963
7d4700003ee400007d4700007cb13c007d47
255d00007046000070460000562aee00255d
47500000bb190000474fffffc2f8a0004750
0f6c55a4950d7794950d68cf800000000f6c
e52f000029250000e52f0000cee19600e52f
c60e35835951436159514361dfe87e3cc60e
87820000d6070000d60700001e091c008782
81950000f43c0000f43c0000365ad8008195
e80a5c10416a2055e80a5c10e9fd1340e80a
e0180000acce0000e01800004d74a000e018
5ef905ecb8c73a675ef905ecd841cc6a5ef9
abd7af91e87fdfd7e87fdfd754d79479abd8
802c0000528e0000528e000092c34000802c
6e030000486e00006e03000076f394006e03
2b6e00007fff00007fc000007fc000002b6e
dae9000012a90000dae90000ae19d100dae9
34c100008d29000034c10000827ed20034c1
5de10000c7ac00005de10000e6172c005de1
6492628022afcdeb6492628047c90e2a6492
165d0000657c0000657c00003c598c00165d
a0957a9b59a5d9df59a5d9dfbac1ae7aa095
50880000b807000050880000c90f70005088
4e0d05ae71bd7d6371bd7d637f8000004e0d
5d360000904000005d360000ae0880005d36
dea300009d960000dea300003cbf0400dea3
e8800000a14c0000e88000004a4c0000e880
bf7f0000df580000df5800005f572800bf7f
31311b8de20243f6e20243f6d3b43e043131
ea60000000370000ea600000aac08000ea60
7548000089a2000075480000bf7d20007548
8ab5000046e7000046e70000922353008ab5
db230000cce20000db230000688fe600db23
c97000007d2100007d210000ff800000c970
9b8c5b10de7a19aede7a19ae3a891f029b8c
36b80000b9000000b8f48000b038000036b8
007600009af300009af30000800000000076
c71d23c37588ca617588ca61fd27ee73c71d
a77d00001c910000a77cfffb848f4d00a77d
5f6600002e5a00005f6600004e43dc005f66
801b00009c9200009c92000000000000801b
15082eef6dae11416dae1141433932281508
a2d200005ebb00005ebb0000c2196600a2d2
b4f000002fb90000b4efd1c0a52d7000b4f0
0aec0000b8a10000b8a1000084146c000aec
420a0f2357c1984857c198485a50cf12420a
2d30000035c5000035c50058238770002d30
2d7f00000f3a00002d7f00000001728c2d7f
57e6f4ce2b2a050557e6f4ce4399631857e7
70f1ea6c89b77c3670f1ea6cbb2d63f470f2
1eda000032c3000032c3000012260e001eda
36a30000c9630000c9630000c090890036a3
efa60000e82c0000efa601587f800000efa6
837700001536000015360000800000008377
e860c96a5e62a390e860c95cff800000e861
1f850000782c0000782c00005832b8001f85
21af000063f2000063f2000046256e0021af
c631dec291a947f2c631dec2186b3c16c632
c589000022a40000c5890000a8af8800c589
91980000d5bb0000d5bb000027de10009198
86960000b4be0000b4be0000000037aa8696
7ca4db116a7fd51f7ca4db117f8000007ca5
0d210000869f00000d20fb08800000000d21
0c5babeb099d8e7d0c60985f000000000c5c
9a790000750a0000750a0000d0063a009a79
bd580000a8070000bd58000025e3d000bd58
f1ea00008a480000f1ea00003cb6d000f1ea
47760000e9a20000e9a20000f19bac004776
62a90000bbfa000062a90000df250a0062a9
58d8fdc4726d9a66726d9a667f80000058d9
e63fe2b7b7963800e63fe2b75e6131a2e640
375d0000b9160000b9083000b1017e00375d
aa0500003a9c00003a9c0000a5221800aa05
06e1a6ccb4d666c1b4d666c180005e7e06e2
2e870000fe6c0000fe6c0000ed78e8002e87
42de00009e2f000042de0000a197c20042de
c0990000c4090000c40a32004523c200c099
6bf600009b2f00006bf60000c7a82a006bf6
7a6a71f94b5c80b27a6a71f97f8000007a6a
0b320000402a0000402a00000bec68000b32
8d6d00004655000046550000944531008d6d
a150000097b50000a15000170000024ca150
0df700001d9000001d900000000000000df7
00a30000cc5a0000cc5a00008d8ace0000a3
fd6024a37906de2dfd5f9dc5ff800000fd60
0b6e00004c1600004c160000180b74000b6e
082bbdc2ab7e38faab7e38fa80000000082c
a24900005047000050470000b31c3f00a249
cdfe4068be0785aacdfe40684c8698b7cdfe
156d0000dfe70000dfe70000b5d5db00156d
a6d50000f6b20000f6b200005e141a00a6d5
7a358ed1b1f3ce957a358ed1ecace9137a36
1fc9000082d400001fc90000800000001fc9
60510000fe380000fe380000ff8000006051
ac010000f8520000f852000064d3a400ac01
18eb00008b55000018eb00008000000018eb
a83014ff78572cc978572cc9e1140070a830
19760000f7870000f7870000d181ba001976
431d00008f110000431d000092b1da00431d
f80300009e760000f803000056fbc400f803
e0380000c7550000e038000068191800e038
88380000aea90000aea900000000001e8838
261300005b8100005b810000421426002613
66339b82097c699866339b82303117296634
a227a1f5952b8302a227a1f500000038a228
c3d1000026330000c3d10000aa922300c3d1
3f2f0000821600003f2f000081cd14003f2f
d3cf0000ffe700007fc000007fc00000d3cf
739e0000de250000739e0000ff800000739e
d4840000591100005910be00ee158800d484
488e0000e9e60000e9e60000f2ff2800488e
7caabc8ef0d4538a7caabc8dff8000007cab
92cc000005a8000092cc00008000000092cc
67271f797b0572a77b0572a77f8000006727
92f4000002ec000092f400008000000092f4
fbfd000011430000fbfd0000cdc0b700fbfd
4c6ea5b1b97f008d4c6ea5b1c66db78f4c6f
f00499c8059715a7f00499c8b61c83d8f005
82740000bdef0000bdef000000e3cc008274
445900009b34000044590000a01894004459
b19b3f6957ab5b8957ab5b89c9cfd5bcb19b
08ea0000bb160000bb16000084891c0008ea
697efc3e6e0efb066e0f3ac57f800000697f
157800001504000015be0000000000001578
ddeb0000de260000de8dc0007c986200ddeb
948ec5eedf17d15fdf17d15f34295708948f
5d8a000021a800005d8a00003fb520005d8a
687e0000270a0000687e00005008ec00687e
a0ccf34162276c1462276c14c3860936a0cd
6b1c00000e3a00006b1c000039e2b0006b1c
b3800000a6410000b38000001a410000b380
7a91f37117359e427a91f371524f16b27a92
06910000d1840000d1840000989588000691
befa00001d090000befa00009c85ca00befa
d3e40000f3e00000f3e000007f800000d3e4
d7cc000093f30000d7cc00002c41a400d7cc
b1e50000b20d0000b27f8000247c4200b1e5
30f5816c1858ad9530f5816c09cfcbaa30f6
03e21747796d13e6796d13e63dd1612003e2
d80a0000c9940000d80a0000621f9000d80a
729e7bad918e4dc4729e7badc4b0317d729e
f845000019db0000f8450000d2a88700f845
fec200001ba10000fec20000daf40400fec2
a49e0000ff290000ff29000064509c00a49e
fceb3ab018a151cafceb3ab0d6143b10fceb
9aa78e9b008f4eeb9aa78e9b800000009aa8
e5630000bd4b0000e563000063340100e563
3c857c6d2c754a283c857c6d297fcd7e3c85
142af4a4d806eebdd806eebdacb436f7142b
cfd00000e75b0000e75b000077b1f000cfd0
f66b000002350000f66b0000b9262700f66b
532a00009e070000532a0000b1b34c00532a
ff3b7bdeedcfef21ff3b7bde7f800000ff3b
075800001f9d00001f9d0000000000000758
430d0000a2c90000430d0000a65d6a00430d
5d940000b70500005d940000d519c8005d94
89a643f378a382fa78a382fac2d464a989a6
3e5800000f2c00003e5800000e1120003e58
dd1f0000b3c00000dd1f0000516e8000dd1f
62360000a629000062360000c8f04c006236
a03a616e3a77ee5c3a77ee5c9b34818ba03a
d39600009e140000d3960000322d7000d396
233d0000ab730000ab72ff438f336700233d
4cdb0000087700004cdb000015d34d004cdb
2b7c000041a2000041a200002d9f78002b7c
43df00006a9300006a9300006f000d0043df
0e0c0000b2270000b227000080b6a8000e0c
9f920000cfe20000cfe200003000e4009f92
7550000044710000755000007a43d0007550
d8a30000c5e80000d8a300005f13b800d8a3
e53f79b7729c5da3729c5da3ff800000e53f
225100009b4e00002250fcc8800541702251
2a3700007bb400007bb400006680ac002a37
27053f6cf35672def35672dedadf3d9c2705
25b70000ff500000ff500000e594b00025b7
784700000e47000078470000471ab1007847
393f00009d410000393f0000970fff00393f
982f0000e9160000e916000041cd1400982f
bca97a618b44c247bca97a6108824250bca9
a8f40000da9b0000da9b00004413bc00a8f4
94e2000088d0000094e200010000000094e2
017b7e77d7bed046d7bed04699bb7478017b
1349000034b6000034b60000088ee6001349
a667000011630000a667000080000066a667
9b30000001c200009b300000800000009b30
bf89d82ace4dbf08ce4dbf084e5d91ecbf8a
853a000041f9000041f9000087b4ea00853a
d2c500002c0e0000d2c50000bf5a8c00d2c5
b5d30000bafd0000bafd34c031508700b5d3
d43b0000408d0000d43b0000d54dfe00d43b
d8fd00006b3400006b340000ff800000d8fd
5d60925cfb87e40bfb87e40bff8000005d61
dc92000017450000dc920000b460b400dc92
9eca00000f5800009eca0000800000009eca
e40f000093cd0000e40f000038650600e40f
41a10000c6580000c657af80c887d80041a1
41ca0560c5cf2e62c5ce645dc8237ef341ca
a51e0000e3430000e343000048f0b400a51e
eb2c00000f180000eb2c0000bacc4000eb2c
02c60000e7330000e7330000aa8a720002c6
0b16474f5f551a355f551a352afa316e0b16
85d46803a07f6f0aa07f6f0a0000000085d4
0e370000d0a10000d0a100009f662e000e37
dff20000c5eb0000dff20000665e2600dff2
8c8e0000701c0000701c0000bd2d10008c8e
9e960000890200009e960000000000009e96
bdca0000eba60000eba600006a02fc00bdca
3f5700007dff00007dff00007dd629003f57
492f0000c7990000491be000d1512e00492f
73070000e3ae000073070000ff8000007307
699c80930f0be46a699c8093392b0ae6699d
ea6a0000703b0000703af160ff800000ea6a
6a3e000060a400006a3e00147f8000006a3e
b8340000bb7f0000bb80e80034334c00b834
af4bd6f161fa5a3c61fa5a3cd1c757c1af4c
0e1220b037db6c9d37db6c9d067a7fec0e12
679d0000d3700000679d0000fb933000679d
4057000016d000004057000017aeb0004057
8d5a81e24fe9e7ee4fe9e7ee9dc7a62d8d5b
0dfba9f0f167a999f167a999bfe3bd110dfc
2fb80000965c00002fb80000869e20002fb8
ac3c00004f1e00004f1e0000bbe81000ac3c
d4255368df093329df09332c73b1355ad425
6d7d00007b2900007b2900007f8000006d7d
6d0300008a3800006d030000b7bc50006d03
a894cc8f198afe0da894cc8f82a193dfa895
0b080000799b0000799b00004524b0000b08
48c400000a59000048c4000013a6240048c4
d623000011190000d6230000a7c2d600d623
382c7651d81e6bcbd81e6bcbd0d57348382c
d9450000a3cf0000d94500003d9f4b00d945
4c86e5ac4336214c4c86e5c3503ff1a84c87
05f6bfb46d87bab16d87bab13402d30a05f7
6142000029d80000614200004ba3b0006142
9af30000b39c0000b39c00000f1414009af3
df0134a6d3f6785bdf0134a87378caacdf01
14db072f54195d7254195d722983373e14db
e7eb67ea320e7d6fe7eb67eada8306fce7eb
35666de7909e9e3735666de7868ec63e3566
8ceca458bfe353dfbfe353df0d5223418ced
3f8d94375d22d1a55d22d1a55d3417783f8e
574bb414a834a0be574bb414c00fba86574c
775e0000d2d60000775e0000ff800000775e
3934bc898c5007d63934bc898612deb83935
7d7b0000813b00007d7b0000bf3759007d7b
461857d95a1422495a14224960b04e614618
f86bab1c290a756cf86bab1ce1feecabf86c
c95000006aaa00006aaa0000f48a2000c950
18940000b4660000b46600008d84f8001894
b42e00007e3300007e330000f2f35400b42e
f41300005c6c0000f4130000ff800000f413
489d00004c7500004c763a0055964100489d
a054209dc0ad32adc0ad32ad218f8408a054
d34200006b2a00006b2a0000ff00d400d342
9ce426cda3093ab7a30941d8007a4d189ce4
f764a710fef7f73bfef7f9047f800000f765
aa850000cc730000cc730000377c7e00aa85
bf80ca418c61ce7fbf80ca410c63334cbf81
a93b00001c160000a93b000085db2400a93b
ede80000d0450000ede800007eb28800ede8
e6dc000017970000e6dc0000bf01c400e6dc
a9af67e1551c7a24551c7a24bf566dfba9af
82eb5d2cf68a4199f68a419939fe391282eb
3e0a0000d2d30000d2d30000d1637c003e0a
e14c10409613194ce14c104037ea82fee14c
25e100006c4300006c43000052ab630025e1
691500003c3900006915000065d75a006915
6b8b21f2a29252de6b8b21f2ce9f0ccb6b8b
f18a8ee0285af5cff18a8ee0da6d056bf18b
c216ceca6a13e7df6a13e7dfecae42acc217
f7e200009d830000f7e2000055e74c00f7e2
c7b6000081140000c7b6000009527000c7b6
e012000018610000e0120000b9005200e012
b7c67f634021696940216906b87a4fb2b7c6
1a07407a329736de329736de0d1fc80a1a07
45560000c5eb0000c5800000cbc472004556
3f5700002b9400003f5700002b7898003f57
f1ff6b91e38f4240f1ff6b917f800000f1ff
2d1b0000b9620000b961ffffa708d6002d1b
dfe30000497b0000dfe30000e9de9100dfe3
f2fa5a28eb3312daf2fa5b8e7f800000f2fa
931ffd750a7f4bee931ffd35800000009320
1506daa38cf26a6f1506da2a800000001507
b0f00000ece90000ece900005e5a7000b0f0
5d833558fa80e7a6fa80e7a6ff8000005d83
188ced530430d801188ced5300000000188d
7ad34bd1d9ff53557ad34bd1ff8000007ad3
cfd50000e1d90000e1d9000072348d00cfd5
3693d472ec23412dec23412de33c8bcf3694
771b3fd6eb70c03d771b3fd5ff800000771b
bd480cf36ccfce556ccfce55eaa263b5bd48
d726e9ac4b65f6e2d726e9abe315efffd727
f48b00003e860000f48b0000f3918400f48b
b5a30000e7b50000e7b500005de67e00b5a3
d28b000009e00000d28b00009cf34000d28b
c4700000b3550000c47000003847b000c470
de9300009f220000de9300003e3a0c00de93
f795000087e40000f79500004004b400f795
2a081a38c5939112c5939112b01ce85d2a08
aeb4000092230000aeb4000001653800aeb4
d1cb0000f9a40000f9a400007f800000d1cb
e82400003ee00000e8240000e78f8000e824
a7d10000b2fa0000b2fa00031b4c1a00a7d1
db160000b3fe0000db1600004f94d400db16
e5d9aac75ac1988ee5d9aac4ff800000e5da
eda40000798500007984ffffff800000eda4
9729d1abb411b11cb411b11c0bc14a7d972a
927400007b2d00007b2d0000ce24e4009274
8b890000882900008b8a5200000000008b89
825a0d81c3df2b1ac3df2b1a06be167a825a
a83d000093a60000a83d000000007a8ea83d
abf10000cdaf0000cdaf00003a24bf00abf1
76b60f1da8b9e4f576b60f1de00433c076b6
53d4be45a686f30153d4be45bae04b1353d5
6cd90000630a00006cd900117f8000006cd9
9e230000597a0000597a0000b81f2e009e23
980d3755af84205caf84205c0811c4c3980d
69040000a647000069040000cfcd38006904
ed743ee331948c46ed743ee3df8dba30ed74
265a00008ae00000265a000080000000265a
d43b0000dc3f0000dc3f00bb710b8500d43b
51e57542b1e23ecf51e57542c44ac9d051e5
5aea000073e7000073e700007f8000005aea
912a0000b4a40000b4a400000659d000912a
58f1ff9eb31c9c6958f1ff9ecc940b9f58f2
bb29000089540000bb290000050bf400bb29
19cb0000489000004890000022e4600019cb
9837b5bfdf7104f0df7104f0382cf5a49838
27a40000b01c0000b01bffae9847e00027a4
065ea41a97629f9e97629f9e80000000065f
4ae6000086b200004ae60000921fec004ae6
0d6d00001c6800001c680000000000000d6d
71b1c66b7f18d5e57f18d5e57f80000071b2
45b9000079f7000079f700007f80000045b9
7bbd1f0e4a1253fa7bbd1f0e7f8000007bbd
1cbc000026f3000026f3000c043274001cbc
d297caebee0c3f8eee0c3f8e7f800000d298
475100008e9f0000475100009681cf004751
3ea7000010e600003ea7000010160a003ea7
383a00000b6e0000383a0000042cec00383a
b3d7223069d53a9069d53a90de3330a9b3d7
4a410000055700004a410000102217004a41
f5defcee0d4a3925f5defceec3b0255af5df
bcf80000eb6f0000eb6f000068e78800bcf8
9e5b0000d86d0000d86d0000374abf009e5b
87e90000b00b0000b00b00000000007f87e9
dc1a8d110f123364dc1a8d11abb086f4dc1b
4926ed3504f38d604926ed350e9ecf594927
b630e390038dec5ab630e39080000621b631
0a96c1d9d8ac0777d8ac0777a3ca9d460a97
c334ee1788e8fb0bc334ee170ca4a932c335
f3180000f7980000f7984c007f800000f318
004800001ab500001ab50000000000000048
ab78ff665fbfd7b85fbfd7b8cbba985fab79
30e04470d86e4c6cd86e4c6cc9d0c29330e0
f48000002a8b0000f4800000df8b0000f480
cba39f7f4fcb0a9a4fca66fbdc01c640cba4
339b000047ed000047ed00003c0f7f00339b
b253000060a5000060a50000d387ff00b253
a5f90000d8880000d88800003f044800a5f9
90ee00004f6a00004f6a0000a0d98c0090ee
3f78a0952e7f78903f78a0952e781d0c3f79
a6f80000b7530000b75300001ecc6800a6f8
df2a251f517a83b3df2a251ff1267fc8df2a
2b880000c69d0000c69d0000b2a6d0002b88
cd232265b355c671cd23226541083a13cd23
24df0e6f6d7972b26d7972b252d958f924df
2cf70000330c0000330c07b8208714002cf7
765300002d9e00007653000064823a007653
98e60000c3f90000c3f900001d5fb60098e6
62f000007a7400007a7400007f80000062f0
400800005e9800005e9800005f2180004008
325c000071cb000071cb000064ae7400325c
664196b69b31c2c7664196b6c2066c7f6642
227c00002ffe00002ffe000012fa0800227c
b8220000b79c0000b870000030457000b822
39f126da555b222e555b222e4fce6c6f39f1
3c5600007e7d00007e7d00007b537e003c56
697900005be30000697900007f8000006979
c5bdf27301a140e0c5bdf27387ef4b3ac5be
1a9f078ec792fc5ac792fc5aa2b69e251a9f
e9e7000027d00000e9e70000d23bb000e9e7
46c80000e9b50000e9b50000f10d680046c8
68720000baa1000068720000e39832006872
d0c5000028a40000d0c50000b9fc6800d0c5
9d3c000041550000415500009f1c6c009d3c
c1370000d2d70000d2d700005499b100c137
591300008e91000059130000a82686005913
cbd4000054dc000054dbffcbe1363000cbd4
8f73e19f048437a08f73e19b800000008f74
cd410000011a0000cd4100008ee83400cd41
f88d224790bac47df88d224749cdee75f88d
6c5200002d8400006c5200005a5890006c52
041c00008bdb00008bdafec880000000041c
c58500007487000074870000fa8c4600c585
93658502c6e6f202c6e6f2021acf0e799366
d41800008fbc0000d4180000245f4000d418
196800000b76000019680000000000001968
b3380000def10000def1000052ad3800b338
d2740000073b0000d27400009a323c00d274
8afa0967763b0206763b0206c1b6a6d88afa
90a000000b940000909fdb008000000090a0
cf8b08cadf42960edf42960e6f535c50cf8b
73a24c6ad187804a73a24c6aff80000073a2
ab1700000d4c0000ab170000800000f1ab17
360a00000d850000360a0000040f6400360a
93a4b51119449c80194487e98000000093a5
452100002d2200004521000032cbc4004521
d90f0000ad8a0000d90f0000471a2c00d90f
651e0000e4a9000064930000ff800000651e
8a3498aab8800b1ab8800b1a0334a8548a35
db2700008b8f0000db270000273a9200db27
4cfb00000eaa00004cfb00001c26ae004cfb
3ac000003e2d00003e2e80003981c0003ac0
f6050000373d0000f6050000edc46200f605
a79f0000d7710000d77100003f95af00a79f
222f3a4157ce5ebf57ce5ebf3a8d41ba222f
c2db00009c7d0000c2db00001fd86f00c2db
85a30000522e0000522e0000985d940085a3
6d981da499cb486b6d981da4c7f195126d98
da4e0000a2890000da4e00003d5c7c00da4e
3b6acc7c7f46bede7f46bede7b3649373b6b
3456000052dc000052dc000047b7e8003456
0c75fe7476a6ef9d76a6ef9d43a0693f0c76
3364bfb1dc023fdedc023fdecfe8c4d33365
80cca2968af6edd48af6ede10000000080cd
54110000479a0000541100005c2e74005411
7f0ab9aab590021c7f0ab9aaf51c13287f0b
fa4a0000e2e90000fa4a00007f800000fa4a
9fc213af5a0f08e65a0f08e6ba58df7b9fc2
20fb0000f3230000f3230000d49fd10020fb
e6120000d7a90000e61200007e40c400e612
dd4300006f2800006f280000ff800000dd43
d58100000e3f0000d5810000a4407e00d581
fb0b00002a630000fb0b0000e5f68200fb0b
b9710000dc3b0000dc3b000056300b00b971
b248000024d60000b248000097a73000b248
a2ed0000b65b0000b65b000019cabf00a2ed
dc3d00005ab10000dc26e000f782ad00dc3d
751a78e2ba068aa6751a78e2efa25ddf751a
c33b00007f3d00007f3d0000ff800000c33b
5cba699f52ecd9515cba69ae702c779d5cba
a6ed0000f7d30000f7d300005f435700a6ed
b8580000fbe30000fbe3000074bf8800b858
71e6b62a6d53f98971e720277f80000071e7
de7d0000acb90000de7d00004bb6d500de7d
9d8b00001bd600009d7b4000800003a29d8b
df769082dd853fffdf839c417d8056b7df77
d52b000049990000d52affffdf4c6600d52b
96c40000aa0d0000aa0d00000157e80096c4
5c1900008e3700005c190000aadabe005c19
499c00009f350000499c0000a95c9800499c
8cbb0000b3440000b3440000008f2c008cbb
0b9a553cd56a88dcd56a88dca18d646b0b9a
35c00000dca30000dca30000d2f4800035c0
ed250000f4b60000f4b6014a7f800000ed25
bc8d000075c7000075c70000f2db3600bc8d
2ea8d53865c2bdf565c2bdf555006edb2ea9
c09b0000d3df0000d3df000055070500c09b
5e4c00007e6e00007e6e00007f8000005e4c
47f88f4d0b80c0b047f88f4d13fa057a47f9
2e230000dd6d0000dd6d0000cc16e7002e23
540db7676bd178896bd178897f800000540e
31c900008935000031c900008000238731c9
94233aa643fccd9343fccd9398a130cf9423
d09a00008f740000d09a00002092c800d09a
6c1500004ae700006c150000778673006c15
392f000099150000392f000092cbb600392f
3d897b0905f881193d897b09040574853d89
698c0000b4a40000698c0000deb36000698c
54ad00000e60000054ad00002397600054ad
7f610000714700007f6100007f8000007f61
8106e51e6ea410f56ea410f5b02ce76d8107
242a0000b1f30000b1f3000096a15e00242a
50090f86b14e03a450090f86c1dc98e25009
fce60000f5d30000fce6034c7f800000fce6
913e4e86223e0834223e083480000000913e
756e0000c6070000756e0000fbfb0400756e
dd9a0000c0a30000dd9a00005ec41c00dd9a
2ba800005910000059100000453d00002ba8
04ca0000e0f00000e0f00000a63d600004ca
4b776b3e3145721a4b776b3e3d3ed3ce4b77
c182985fe2e780dce2e780dc64ec3274c183
2aaf6b7a940f187f2aaf6b7a801883752aaf
e08dcb4eec65f9a6ec65f9a77f800000e08e
03f30000987c0000987c00008000000003f3
c3150000f3110000f311000076a8ca00c315
97ac0000cddf0000cddf00002615d40097ac
c1b40000c7bd0000c7bd0b404a04e400c1b4
439b000030120000439b00003430cc00439b
56770000df300000df2fffc2f629d0005677
cd3700005dfe00005dfe0000ebb59200cd37
edbc000085620000edbc000033a5f800edbc
488400003dd600004884000346dcb0004884
3b5cab6fd2c6f7bfd2c6f7bfceab82263b5d
72f979978cc2d94a72f97997c03de1e572f9
c6fd0000bb2a0000c6fd000142a80200c6fd
403ef8db2b172a62403ef8db2be188ce403f
dd0e000094d70000dd0e0000326e8400dd0e
d0faa4c9ee8edd90ee8edd907f800000d0fb
77ee00009ac1000077ee0000d3336e0077ee
768700005c260000768700007f8000007687
880200009eb300009eb30000000000008802
e4b31f299f1c873ee4b31f29445b0b3ce4b3
1873c2f490b355771873c18d800000001874
6d22d7846b0d192c6d2ba9177f8000006d23
7cef3e1c8e500d117cef3e1ccbc26ead7cef
70c00000dde2000070c00000ff80000070c0
ea71030d3a039942ea71030de4f7c9b1ea71
729a000073d7000073fd80007f800000729a
a7e7c14a6c7ecaf46c7ecaf4d4e6a983a7e8
68274fd6525ba23268274fd67b0f8b4d6827
82b300009d9400009d9400000000000082b3
4cd00000707f0000707f00007dcf30004cd0
93c700008c62000093c701c40000000093c7
e613703ba46ee3e7e613703b4b099598e613
a9eae5b9e6d86ffbe6d86ffb51469894a9eb
cd500000c95c0000cd50dc005732c000cd50
4a21a4eb338ae8704a21a4eb3e2f6b564a22
0c820000ebf80000ebf80000b8fbe0000c82
30947c22ae44d89e308e555d9f64595d3094
9721000078e5000078e50000d09005009721
5cea0000572100005cea142074932a005cea
23280000e0300000e0300000c3e700002328
4f21888ae917120fe917120ff8bea5dd4f22
0ca4000072280000722800003f5740000ca4
85b55f30c7e47257c7e472570e21d9c985b5
39900000eba30000eba30000e5b760003990
4ecf000065370000653700007493f9004ecf
13aeb6db33ffcc0533ffcc05082e936113af
e65e4d0c41e1b344e65e4d0ce8c3fd62e65e
0df90000812800000df90000800000000df9
16810000b6ab0000b6ab00008dac56001681
21c20000b6d70000b6d700009922ee0021c2
0b2e701a4184ed6d4184ed6d0d35272b0b2e
1e9c000044eb000044eb0000240f34001e9c
ac9d000022c40000ac9cfff48ff06800ac9d
41f5000019c0000041f500001c37c00041f5
5e9fdb2b98646bb45e9fdb2bb78ea2735ea0
10b50000e8ad0000e8ad0000b9f4a20010b5
4f300000463900004f30002e55fe60004f30
e74260f77401fd027401fd02ff800000e742
c3dd00008a4f0000c3dd00000eb2b300c3dd
78fd000024c0000078fd00005e3dc00078fd
156a00002dc000002dc0000003af8000156a
2b0c0000f8de0000f8de0000e472d0002b0c
6d610000622700006d6100037f8000006d61
45eadbf50af5572b45eadbf51161147a45eb
1a540000d00f0000d00f0000aaecd8001a54
52120000a775000052120000ba0bba005212
167c0000b0a40000b0a4000087a17000167c
aef7de35b2fd309db2fe287b227525acaef8
8e0b64cf0f1cb68f0ef3bab6800000008e0b
bcdfc0a43f9e83cb3f9b04c8bd0a8c16bce0
4737fa91e2824c0fe2824c0fea3b47ce4738
89f30000ea9c0000ea9c00003514140089f3
9d8eba81315fd475315fd4758f7995d49d8f
de4c000067b1000067b0ffe6ff800000de4c
526e0000e4ea0000e4ea0000f7d98c00526e
e339f6b7ada23146e339f6b7516ba3d6e33a
85c39e0f0a18c58a0a1863bb8000000085c4
f13e0000f0aa0000f18980007f800000f13e
f2de0000514f0000f2de0000ff800000f2de
c0150000fb650000fb6500007c054900c015
61dd00002cf5000061dd00004f53810061dd
787c000052c50000787c00007f800000787c
01340000dd1f0000dd1f00009edf98000134
4840000070c3000070c30000799240004840
20200000586d0000586d0000391420002020
be48b003a60fc120be48b00324e1636fbe49
7f7fae4add4b04337f7fae4aff8000007f80
83ac4b51f62a84a4f62a84a43a65869283ac
d56a92e9866c8901d56a92e91c58bcf8d56b
9a14000041ed000041ed00009c8904009a14
2dd9c9532155493a2dd9c9530fb572ce2dda
cd90000074b3000074b30000ff800000cd90
fc8b0000a6ce0000fc8b000063dfb400fc8b
33160000f8730000f8730000ec0e62003316
bcdc00000d650000bcdc00008ac4cc00bcdc
767a000099a10000767a0000d09d3a00767a
7514000047ac0000751400007d46e0007514
82f20000099b0000099afc388000000082f2
1ce50000471f0000471f0000248e3b001ce5
8b250000d43e0000d43e00001ff4ec008b25
012703a1c50b99eec50b99ee86b626ca0127
b3e00000d0e90000d0e90000454be000b3e0
21030000a2590000a238400083de16002103
00d000002ca700002ca700000000000000d0
c8096a37b80c6d9fc8096a374096c1dbc809
bdc527550fdff3e7bdc527558e2c7919bdc5
50de00008c96000050de00009e02140050de
82807f03571243f1571243f19a12d5148280
f7bae9d8a62a24b9f7bae9d85e787433f7bb
758300006aa30000758300037f8000007583
33600000578d0000578d00004b76c0003360
de29ce014d300867de29ce01ebe98667de2a
49830000de200000de200000e823c0004983
49e9fb1b9553bb9249e9fb1b9fc1856749ea
cbba0000dfe50000dfe500006c266200cbba
059c8df1ad69818fad69818f80000000059d
478580722ef6c160478580723700ae454786
a0bc0000952b0000a0bc000100000008a0bc
12f5000039890000398900000d031d0012f5
581b0000eb630000eb630000ff800000581b
49a350a06db190556db1905577e28da449a3
63cc0000455f000063cc000069b1b40063cc
26b30000746a0000746a00005ba39e0026b3
8f0800008c9f00008f0cf800000000008f08
6759000062b6000067595b007f8000006759
4ea9033a974d4b074ea9033aa687891e4ea9
9558c57c89118a4d9558c57d000000009559
9e32000038aa000038aa0000976c68009e32
b61e00000ad50000b61e000081837600b61e
1e2c0000d9dd0000d9dd0000b8947c001e2c
ae90000067a1000067a10000d6b52000ae90
525900009d12000052590000aff784005259
5736000016400000573600002e0880005736
47c900009f90000047c90000a7e2200047c9
cfaaf591661eaebd661eaebdf653f081cfab
affb60708e12269eaffb60700008f82faffb
0faf00000a9d00000faf2740000000000faf
2b0a00003f6a00003f6a00002afc48002b0a
5f49000007df00005f49000027af17005f49
bb4aca24afc7a0e2bb4aca262b9e2293bb4b
45fd1e089a55615445fd1e08a0d2fa3845fd
d4b46d2bac30221dd4b46d2b41784631d4b4
fd2c000030dd0000fd2c0000ee947c00fd2c
ab4c3bc290f90d85ab4c3bc20000c6b1ab4c
a89a00001c640000a89a000085892800a89a
8b140000cc500000cc50000017f080008b14
c41300006352000063520000e7f12c00c413
2fe10000c7e00000c7e00000b844e0002fe1
a0c1000045df000045df0000a7281f00a0c1
8b27378bd72f89d9d72f89d922e552058b27
88df0000b5790000b5790000000d8e7088df
5c0a000015d500005c0a00003265a4005c0a
195300006dd300006dd3000047ade9001953
d56c0a15e9ffac40e9ffac407f800000d56c
8c7c0000a25c0000a25c0000000000008c7c
12e400002cd200002cd20000005d840012e4
413400005ff700005ff7000061adac004134
9ea60000185800009ea5f940800000239ea6
cef20000c9570000cef21ae058cb3e00cef2
c46b0000790b0000790b0000fdff3200c46b
edc80000e1460000edc800007f800000edc8
1522ec3f607b973f607b973f36201de31523
6c1b00005c2a00006c1b00007f8000006c1b
56f7f7fab975291756f7f7fad0ed781f56f8
1ec2000067ed000067ed000047339a001ec2
b592e91c2b047dc4b592e918a11810bdb593
8f1e0000e5690000e5690000350fce008f1e
37e800003d5700003d571d0035c2d80037e8
711c9e621f1b7ded711c9e6250be41df711d
27a700006f3000006f3000005765a00027a7
142400007f9b00007fc000007fc000001424
3513abd2d53a2d70d53a2d70cad6ca193514
bcfb00007b5f00007b5f0000f8daa500bcfb
3fec215c365f6c473fec217836ce14ef3fec
673b0000838a0000673b0000ab499c00673b
a1840000762e0000762e0000d8337000a184
1d050000d7b20000d7b20000b538f4001d05
397d0000a6110000397d0000a00f4d00397d
61f70000829e000061f70000a518720061f7
4edf9fe1285785974edf9fe137bc43f84ee0
e282af104f9aaffce282af10f29dee4ce283
244dac83cba9150ccba9150cb087d7cb244e
bc0d000097930000bc0d00001421ee00bc0d
762f15fce41275a6762f15fcff800000762f
bec5a2e01a341095bec5a2e0998b0353bec6
f75bb15c9f32c57bf75bb15c57196acbf75c
3cd90000c99f0000c99f0000c706c7003cd9
957e0000e7530000e75300003d515a00957e
f4fb0000ba940000f4fb000070111c00f4fb
cd674b7c225492cacd674b7cb0400f22cd67
be6aa80f95db8faabe6aa80f14c94175be6b
125d000079860000798600004c675c00125d
9f3b00005cd300005cd30000bc9a21009f3b
92006214fbb918a6fbb918a64e39a67a9200
bf85000027e20000bf850000a7ead400bf85
1bd10000959500001bd0f6b0800000001bd1
c1c3000082170000c1c3000004660a00c1c3
30575fe890113d6c30575fe880f461fe3057
677da97980ad655e677da979a8abcff8677e
dfad3d9c551b839cdfad3d97f5527abbdfad
83ab5b1f2e7a3e072e7a3e078000000083ab
3cae0000f6800000f6800000f3ae00003cae
0bec5e82bb409e2ebb409e2e87b1d8ee0bec
8c7100003bae00003bae000088a3ce008c71
b81800009e410000b818000016e53000b818
1566000038d8000038d800000ec210001566
d5900000ed4a0000ed4a00007f800000d590
fdb90000a9120000fdb9000067530400fdb9
96ef00002d8600002d86000084fa340096ef
f15a0000b6c10000f15a000068a45a00f15a
67eac1224065d50267eac12268d2c21867eb
fa845c72ed2288e5fa845c727f800000fa84
4d1a0000bc5200004d1a0000c9fca8004d1a
f37916c722f28d85f37916c7d6ec013bf379
d4ae000004f10000d4ae00009a23ce00d4ae
989f6af38ba441d6989f6af300000000989f
97cb00004e2900004e290000a686030097cb
a8047d075b64cd9c5b64cd9cc3ecd386a804
919aad6b7fe44d4d7fc000007fc00000919b
ac53d7883870214138702140a546b594ac54
15a00000b9790000b97900008f9ba00015a0
fa4e0000d6820000fa4e00007f800000fa4e
1f7300004cc700004cc700002cbce5001f73
4ec60000c4d100004ec5fff3d421a6004ec6
5cc87dbc7fb69f407fc000007fc000005cc8
4b76775e7bccc5447bccc5447f8000004b76
f8560000b8b10000f85600007193f600f856
04f6fd7abfc17ad6bfc17ad6853aab9c04f7
869d0000fef70000fef7000046177b00869d
0806609c520907bf520907bf1a8fdb890806
44ec0000c25d000044e51800c7cbbc0044ec
082900002fd400002fd400000000008c0829
8ff0000004b000008feffffd800000008ff0
fce600001b740000fce60000d8db3800fce6
b2bafbdf50fa38a950fa38a9c436c35ab2bb
509900004d490000509a92005e7042005099
bff50000832e0000bff5000003a68600bff5
aac7000072f6000072f60000de3f3a00aac7
2f0299b341717e7e41717e7e30f666732f03
1a9d0000addb0000addb000089064f001a9d
4e9e0000b1fa00004e9e0000c11a4c004e9e
a15e09cc5db333955db33395bf9b6d97a15e
8bab0000cf9d0000cf9d00001bd1be008bab
63b10000096a000063b100002da1ca0063b1
94a80000a72d0000a72d00000000718894a8
af77000019890000af77000089842f00af77
666a0000e567000066304000ff800000666a
69d3b1f1a6f1498569d3b1f1d147875069d4
f08824852d7f2fd0f0882485de87b5cef088
0706c8af931f8e9c931f8e9b800000000707
9cd0d1d272d6691172d66911d02ee5199cd1
83910000273e0000273e0000800000008391
17720000366d0000366d00000e600a001772
c1ec000007780000c1ec000089e4a000c1ec
e13ed4cf64b5c3ae64b44604ff800000e13f
871a0000db7f0000db7f000023196600871a
31744def00cd67c931744def000000003174
d5c40000a0a80000d5c400003700a000d5c4
07c42476fef0f45bfef0f45bc7389d6707c4
094a0000836d00000949f13080000000094a
37b900005c0800005c0800005444900037b9
3bf40000b81400003bf2d800b48d10003bf4
4a440000a12600004a440000abfe30004a44
e8560000be790000e856000067502600e856
dabe0000634d0000634cffa1fe982600dabe
b8b60000fe120000fe120000774f9800b8b6
ed7f000051440000ed7f0000ff433c00ed7f
0940c3800a2169c10a519aa1000000000941
b56000006429000064290000da13e000b560
e9ad75e4ac02b0b3e9ad75e456311b30e9ad
d9c50000d6730000d9c6e60070baff00d9c5
343a000052ff000052ff000047b94600343a
ae550000e61c0000e61c00005501cc00ae55
1f760000ff410000ff410000df3976001f76
ba9d0000ecf80000ecf8000068181800ba9d
f97b00004a1c0000f97b0000ff800000f97b
4954b139671e19d9671e19d971035adb4955
1c7300004b5400004b54000028493c001c73
d48d00000cb90000d48d0000a1cbca00d48d
5f2d0000725c0000725c00007f8000005f2d
8eb5000067a2000067a20000b6e514008eb5
4012000067b1000067b100006849e4004012
2c0a0000159500002c0a00000220a4002c0a
6214220f4fd22ac56214220f727339606214
8406000047ad000047ad00008c351c008406
448c0000892d0000448c00008e3d3800448c
a1f8000039a3000039a300009c1de800a1f8
177200003dfe00003dfe000015f01c001772
b8190000ddd80000ddd8000056811800b819
fa1543d6334aea68fa1543d6edeca067fa15
e2ff96408bcbc328e2ff96402f4b6efce300
3262000077430000774300006a2c26003262
d409000075a5000075a50000ff800000d409
d5bd000017440000d5bd0000ad90b400d5bd
d4df0ca4f34c321bf34c321b7f800000d4df
695100006c5d00006c6044007f8000006951
11cc8fae50d45dec50d45dec2329b20911cd
b99800000f450000b99800008969f000b998
93bda503aae46f2caae46f2c0015272a93be
087216ff5a4ee97d5a4ee97d2343ab4e0872
6d0b000084a100006d0b0000b22ed6006d0b
86960000e7b40000e7b400002ed2f0008696
5493000058cb000058cb93006de922005493
d3910000748b0000748b0000ff800000d391
1b560000748e0000748e0000506d68001b56
75c300002def000075c3000064360d0075c3
94810000d89f0000d89f00002da03e009481
94ce00000f40000094cde8008000000094ce
ae6700006b0c00006b0c0000d9fca800ae67
a97f00009acb0000a97f000004ca3500a97f
3febfce269b550d269b550d26a27244c3fec
751400004d5c0000751400007f8000007514
ad6c0000b0330000b036b0001e250400ad6c
3d6100003bc200003d79400039aa82003d61
1e0c0000b5760000b5760000940688001e0c
7d6d0000557100007d6d00007f8000007d6d
b51f00002d8e0000b51efee4a3306400b51f
ed3c00007bee00007bee0000ff800000ed3c
1ea7f0f76b6d5dc56b6d5dc54a9bb7981ea8
0c02a4eb9f9f7d0a9f9f7d0a800000000c03
6b72e3b7c25f4e076b72e3b7ee53de646b73
ec6d000025800000ec6d0000d26d0000ec6d
d67500007f8400007fc000007fc00000d675
29f7000050b5000050b500003b2ea30029f7
336900006c9000006c900000608310003369
e40b000082c70000e40b000027581a00e40b
61720bef1026986561720bef321d83d46172
f58c0000678d0000f58c0000ff800000f58c
d0bd006272736d0672736d06ff800000d0bd
459600002e64000045960000348598004596
62571664a12675e162571664c40bdb8f6257
7649ac0baf32df567649ac0be60ce990764a
97c073cce354cfd6e354cfd63b9ffc2397c0
5cca45feee6ddf57ee6ddf57ff8000005cca
6890b5528aecf1116890b552b405ef6c6891
52b1000063410000634100007685710052b1
7f8000005c8200007f8000007f8000007f80
c87c000087ac0000c87c000010a95000c87c
79e200008ed4000079e20000c93b280079e2
7bca00001cb800007bca0000591130007bca
b0168a3684be532bb0168a3600000002b017
94a700000d22000094a6febc8000000094a7
3e7b0000089900003e7b0000079603003e7b
fb73ecfebbcbc245fb73ecfe77c22609fb74
1c8800000fbf00001c880000000000001c88
7cb3790801dec3c87cb379083f1c2c367cb3
d6d30000eb260000eb2600007f800000d6d3
27940000cd680000cd680000b58620002794
7b1d94b0d53314ca7b1d94b0ff8000007b1e
e858000074a9000074a90000ff800000e858
145746eec842249bc842249b9d2342891457
1f240000befe0000befe00009ea2b8001f24
85960000529f0000529f000098ba54008596
18bcda22a528a3eaa528a3ea8007c68118bd
e8d4000072c7000072c6fff3ff800000e8d4
c01e53efdb639835db6398355c0cc290c01e
6daa0000aa9800006daa0000d8c9e0006daa
18ff0000a9b10000a9b1000083304f0018ff
d6cdc3b37c0ebad97c0ebad9ff800000d6ce
bf48000019cd0000bf48000099a02800bf48
e6040000a0900000e604000047148000e604
8781f707a3b74f68a3b74f68000000008782
de9f000076dc000076dc0000ff800000de9f
306d3926c4789960c4789960b5665d7d306d
d1f6e0bbdbf724f5dbf725046e6e5678d1f7
70a30000648c000070a300017f80000070a3
95f600003e1100003e110000948b560095f6
7b126986f59f9cf47b125592ff8000007b12
921000003602000036020000889240009210
fd916f0a668f38c2fd916f0aff800000fd91
ea810000ec8c0000ec9410007f800000ea81
1cf50000731a0000731a0000509362001cf5
7118000008630000711800003a06c8007118
282f0000f6c00000f6c00000df834000282f
808a5dbdb83c05edb83c05ed00000197808a
7f8e14dd0c35d9767fc000007fc000007fc0
58930000236a0000589300003c865e005893
90770000a1310000a1310000000000009077
ad33f777e936a5c3e936a5c357006676ad34
35b6000006cd000035b600000001237c35b6
ee807d04afbca933ee807d045ebd6176ee80
a92ce4d5e8751828e875182852258750a92d
1f6e4f75277a8993277a8a81076939aa1f6e
a94b000011620000a94b000080001667a94b
6ecf0000c47000006ecf0000f3c210006ecf
d78c6f8c66b370d566b370d5fec4dfc9d78c
cac66dbbf4a0a81ef4a0a81e7f800000cac6
7456000047470000745600007c265a007456
912fb4e7e450bfd6e450bfd6360f46a79130
f6f5b29086313e53f6f5b2903daa1c46f6f6
e758da319e44d7e9e758da314626bdf2e759
88e89cc1085d2519887414698000000088e9
00340000ab1e0000ab1e0000800000000034
5b610869d6e74cb65b6094c3f2cb52055b61
213300009b2000002132f6008000dfc02133
0fa90000009100000fa90000000000000fa9
0d815203dcb4b502dcb4b502aab692340d81
6e3400009a1f00006e340000c8df98006e34
13b400006cb500006cb5000040fe880013b4
4267000010bf00004267000013ac59004267
66ac00009fef000066ac0000c720940066ac
6c2d00007d0f00007d0f00007f8000006c2d
bdab31fa7f380cd57f380cd5fd762901bdab
dff6ce7a3adc7d2ddff6ce7adb54921fdff7
42550000b41d000042550000b702a1004255
9e480000c3190000c319000021ef10009e48
2b1e0000059b00002b1e0000000000002b1e
0f1a000095e1000095e0fb30800000000f1a
3a6c0000e8450000e8450000e3359c003a6c
7b2bb5c85df4ca067b2bb5c87f8000007b2c
acfa00002b840000acd900009900e800acfa
87cd0000a4240000a42400000000000087cd
42080000d9a40000d9a40000dc2e40004208
24249cc28f479ed124249cc2800000002425
9129b148a399c852a399c85200000002912a
a1b800002cd000002ccffffd8f158000a1b8
bc2d000023920000bc2d0000a0455400bc2d
550b0000c2f80000550b0000d886a800550b
b3580000b0e70000b35f380024c2e800b358
17a200008c47000017a1fffe8000000017a2
cf8d0000d0490000d087c000605d6a00cf8d
ddfcc402fb55454dfb55454d7f800000ddfd
d18f0000d3790000d3857000658b1700d18f
82ce0000990d0000990d00000000000082ce
bde80000a5a80000bde8000024184000bde8
96d800004aba00004aba0000a21cf00096d8
a880a81b97b71ebca880a81b00b80f3ba881
e697000081d00000e697000028f56000e697
03d40000076500000766a8000000000003d4
50b2000095ab000050b20000a6edcc0050b2
2d0000009fb300002d0000008d3300002d00
dc0252b25fb2a6ae5fb1a209fc35e4b4dc02
e0cb00008ee80000e0cb00003037f800e0cb
9ed1988659ae6d1e59ae6d1eb90ecf029ed2
c1cd0000dd090000dd0900005f5b6a00c1cd
06580000a2e60000a2e60000800000000658
d6d000008fab0000d6d00000270af000d6d0
21bdfa2fffcb4e1a7fc000007fc0000021be
fe3f4512e76d04bdfe3f45127f800000fe3f
e0bb00009bf60000e0bb00003d33b200e0bb
b259fe5fa6c9c285b259fe6119abce5db25a
00720000c7a90000c7a90000889684000072
3d7b809ea14f58ff3d7b809e9f4bb46e3d7c
8d2100006dad00006dad0000bb599a008d21
12b149499fa26e889fa26e888000000012b1
66e800009657000066e80000bdc2d80066e8
63e50000ae8b000063e50000d2f8ae0063e5
d2997e70f3c72c1bf3c72c1b7f800000d299
79496b61b2144cfc79496b61ebe95d4c7949
7b9c0000031500007b9c00003f3598007b9c
a080dcd83f579f0a3f579f0aa059130fa081
c76100006b9a00006b9a0000f3875a00c761
9c9b000043d0000043d00000a0fbe0009c9b
d2960000e0540000e054000073787000d296
6c280000d25400006c280000ff0b20006c28
4d7169fc7c3cff1b7c3cff1b7f8000004d71
73d700000957000073d700003db4910073d7
36b500005d7c00005d7c000054b22c0036b5
7fea0000ed7800007fc000007fc000007fc0
f4430000662a0000f4430000ff800000f443
f2b24fb9229aa3c1f2b24fb9d5d76c09f2b2
7a4e00006b0c00007a4e00007f8000007a4e
4bba000032ed00004bba00003f2c32004bba
d593000062b5000062b50000f8cfde00d593
121d0876f7c63ff7f7c63ff7ca733790121d
74c100006a12000074c100057f80000074c1
1eb27809e3f65b51e3f65b51c32bbf021eb2
11947d55a0baddb4a0baddb4800000001194
250b3cceccb6446fccb6446fb24644e6250b
b1f70000f95e0000f95e00006bd63200b1f7
1c2a00007794000077940000544490001c2a
5fcb0000985300005fcb0000b8a751005fcb
f0b6a164ca4d59a6f0b6a1647b927f32f0b7
7b017c7e0061c9397b017c7e3bc5d7cd7b01
a3e7732aa0b46980a3ea44d005231c5ba3e7
731c17ee4eec29cc731c17ee7f800000731c
1c82000094ae00001c81ff52800000001c82
4d200000e3100000e3100000f0b400004d20
34caee26af9beef834cac72aa4f7373e34cb
3d320000c2c70000c2c6e9c0c08a5e003d32
5b2b00001aab00005b2b0000366472005b2b
0ace09ea290451d7290451d7000000000ace
4d8500006345000063450000714cb2004d85
c18500005b9b00005b9b0000dda10e00c185
6f9ec63a5bf422856f9ec63a7f8000006f9f
0ba60000cb5f0000cb5f000097909a000ba6
d7b80000f2b60000f2b600007f800000d7b8
378300004fd100004fd1000047d5e6003783
93e30000e9390000e93900003da40b0093e3
dd8053ff86f104f1dd8053ff24f1a31add80
81cb0000f4cb0000f4cb00003720f90081cb
ad11e987b3854d53b38551e22117f4cbad12
373d6e642ca2c9c6373d6e692470ea53373d
ddcf0000bdb00000ddcf00005c0e5000ddcf
2435000070c6000070c60000558bfe002435
da020000ebcd0000ebcd00007f800000da02
99748cdca6ff5f9ea6ff5f9e00f3f3a69975
f1220000775300007752f5e0ff800000f122
9074c4a79f1b9c049f1b9c04000000009075
38f300001b73000038f3000014e6a90038f3
8fa3896b323b0d3f323b0d3f826efbaf8fa4
3669000066580000665800005d4498003669
06968d53a755cd4da755cd4d800000000697
ab81f57cad724c25ad81456a1976016eab82
a16600007523000075230000d7127200a166
5bb40000d02e00005bb3ffffec74b0005bb4
b1ac8c6293b763dfb1ac8c6205f73755b1ad
a0d7e3f7c3219219c321921924884193a0d8
cb9b000024130000cb9b0000b0320200cb9b
f8e3000031700000f8e30000ead4d000f8e3
ef4f6ee3bbcda6e8ef4f6ee36ba6a30aef4f
fb2a000070d30000fb29fff9ff800000fb2a
d28300000d480000d2830000a04cb000d283
64ec000004c6000064ec00002a36880064ec
a1ca0bcd3a8641c23a8641c29cd3ec27a1ca
95880000626c0000626c0000b87ac0009588
a12700006b9c00006b9c0000cd4b8800a127
b0b10000ace10000b0b1e1001e1b9100b0b1
351e000056f2000056f200004c955c00351e
d5b40000717b0000717b0000ff800000d5b4
58630000499e000058630000628c1a005863
f4e50000b1420000f4e5000066ad8a00f4e5
268cb033d24ff745d24ff745b96494ba268d
29a4000035c4000035c400011ffb200029a4
9940000005aa000099400000800000009940
20a1000064e1000064e10000460d810020a1
6a34000078290000782900007f8000006a34
ddff0000b1740000ddff00004ff30c00ddff
e7ab085625671dcee7ab0856cd9a686fe7ab
27f5000057670000576700003fdd130027f5
09570000f7250000f7250000c10a93000957
b1f79acc239c1f86b1f79acc961700d2b1f8
cb9100007067000070670000fc82d700cb91
e66e0000b8a80000e66e00005f9c3000e66e
c3cb00008b510000c3cb00000fa5bb00c3cb
19e6c0896eb5e0916eb5e0914923f08c19e7
a67200006052000060520000c7468400a672
82350000affa0000affa0000000000008235
cad200000bcc0000cad2000097275800cad2
9808000089f3000098080000000000009808
55950000c6d2000055950000dcf474005595
4be000007f5700007f5700007f8000004be0
81ff36fc1f4127851f4127858000000081ff
db1d000042f90000db1d0000de98b500db1d
4267d50e4c700d3d4c700d4b4f5963ba4268
ebe20000341a0000ebe20000e087f400ebe2
d36797935fc5be855fc5be85f3b2e3ffd368
797f0000e7280000797f0000ff800000797f
4106cd31c4765915c4743de0c601b8154107
0eed00008a1100000eecb780800000000eed
cf8f000038f20000cf8f0000c9072e00cf8f
640324f077c1fa2c77c1fa2c7f8000006403
9f4b4e8e017a12629f4b4e8e800000009f4b
79f30000efbe000079f2fff4ff80000079f3
f2e2000084da0000f2e2000038407400f2e2
3e926e19f82ab9c4f82ab9c4f7434ebd3e92
8372f235d12802bbd12802bb151f718a8373
826a858ccfb0da88cfb0da8812a20403826b
bbbf4b687001ea847001ea84ec42287abbbf
226c0000cbe50000cbe50000aed31c00226c
48f9000050d2000050d200f95a4c420048f9
4ed87aee1d1976494ed87aee2c81c57f4ed8
4f280000f9fe0000f9fe0000ff8000004f28
631a000023080000631a000046a3a000631a
f4b6dc3942e871f7f4b6dc39f82608fbf4b7
08a00000f18e0000f18e0000bab1800008a0
3afa3ca3135237793afa3ca30ecd7bf73afa
a0ce0000cfd80000cfd80000312dd000a0ce
7fe702ebd4fa4ae57fc000007fc000007fc0
34aace65f986f0d3f986f0d3eeb4116e34ab
a1810000c3d30000c3d3000025d4a600a181
ac51588b9e21b7ccac51588b0b043efdac51
8a7a6fc69864146c9864146c000000008a7a
1fa600005ef800005ef800003f20d0001fa6
039d0000b8640000b864000080008bd4039d
369c000069ae000069ae000060d41000369c
057ea607bded96e2bded96e283ec55cb057f
5f7300005c1e00005f7578007c15fa005f73
45f50000a9c9000045f50000b0405d0045f5
64ef0000287a000064ef00004de9660064ef
e73a000044d90000e73a0000ec9daa00e73a
ed175c5a0a36f08fed175c5ab7d853c6ed17
524e206250807556525e2f0d634edd56524e
d2710000a2bb0000d271000035b00b00d271
85c5c058212f3b32212f3b328000000085c6
bb3d0000a2570000bb3d00001e1ebb00bb3d
2afa00002cc600002cd5a00018415c002afa
7ae100003b0800007ae10000766f10007ae1
b8db0000e21c0000e21c00005b857400b8db
db5a7a57e931f38ce931f38c7f800000db5a
c9e20000f66f0000f66f00007f800000c9e2
74a7ff25ea10aaa174a7ff20ff80000074a8
3fd0adba055622033fd0adba05ae8cf33fd1
0d5c00005c8900005c8900002a6b78000d5c
41210000aa17000041210000abbdee004121
6f7609c9e464a8976f7609c5ff8000006f76
62210000f7640000f7640000ff8000006221
1212c598345db9fa345db9fa06fe3e691213
e4b00000a51b0000e4b000004a552000e4b0
74b20000eaef000074b1fff1ff80000074b2
bfe8f46d7e3a6dbe7e3a6dbefea9a574bfe9
a56100009cf20000a561007902d4b200a561
a5893c3af6b7ef23f6b7ef235cc5347fa589
84ec347a2e27d28b2e27d28b8000000084ec
01600000377d0000377d0000000001bb0160
9b030000cbc50000cbc5000027499e009b03
df4b00005c0a0000df48d800fbdadc00df4b
97d1000021bc000021bbfff3800004cc97d1
455dfda92ad477ab455dfda930b83dd5455e
95850000ee180000ee180000441df0009585
b509c2af96c2cb3eb509c2af0c51a5cfb50a
9e9224cd7548a3b97548a3b9d465146e9e92
64c700008c1c000064c70000b172880064c7
ad4a8afcf69131c6f69131c66465c034ad4b
08150000a6e40000a6e40000800000000815
ea9b13c8d0f6ff3bea9b13c87c159f9fea9b
6e2d0000d11000006e2d0000ff8000006e2d
a5f60888644bfeec644bfeeccac40dc3a5f6
fa170000837e0000fa1700003e15d200fa17
27f7000085ea000027f700008000000027f7
822183656375224e6375224ea61aa8648222
b9ac000010ec0000b9ac00008b1e9000b9ac
484f52926a2e38d16a2e38d1730d1823484f
70c50e039939e6d170c50e03ca8f18cc70c5
00c6c1dc80ec82478025c06b8000000000c7
374300000789000037430000001a16c03743
ff1aa8bb7512e016ff1aa8b2ff800000ff1b
93f000005392000053920000a808e00093f0
14080000bce90000bce90000917790001408
a12b000023590000234e50008510f300a12b
4161000022a80000416100002493a8004161
e1bc000050350000e1bc0000f284ec00e1bc
d5e25f493b8bb8a6d5e25f49d1f71a08d5e2
b978000063c8000063c80000ddc1c000b978
8f6400009d4a00009d4a0000000000008f64
2a9a000035e4000035e40002210928002a9a
d7ed0000b7620000d7ed00004fd13a00d7ed
2a4b8e9f89fb78d62a4b8e9f800000012a4c
a85a5257762a225b762a225bdf1117faa85a
7756a5c586aeff877756a5c5be92baec7757
b01a724d62381a6c62381a6cd2de2430b01a
bb270000088a0000bb27000084340c00bb27
a72b68f477f6274477f62744dfa4d125a72b
3befb45c3a6659e43c063fcc36d7b0363bf0
ad2cc3d73f5d04383f5d0438ad1527e9ad2d
b1940000523b0000523b0000c4583800b194
373d4a14a476a3e7373d4a149c365e60373d
722e0000ec270000722df590ff800000722e
075906095009f71e5009f71e17e9eb720759
4768000012990000476800001a8aa8004768
0d5000004673000046730000144570000d50
dd9e0000353a0000dd9e0000d3659800dd9e
6b43b23a2caab1dd6b43b23a58827c526b44
8f6d00007b1a00007b1a0000cb0e92008f6d
b2150000dce00000dce000004f826000b215
54729fae62021f5162021f5176f6a5895473
c6c70000d0af0000d0af000c58080900c6c7
b12ae0ad7be7d4047be7d404ed9abe41b12b
6b0000005af900006b0000007f8000006b00
902900008c2a00009029aa00000000009029
df8a9b3a7b8154507b815450ff800000df8b
d4e40000a6080000d4e400003b724000d4e4
c76e0000471e0000c6a00000cf12e400c76e
c225000077ef000077ef0000fa9a0b00c225
3be78bf9ada476c93be78bf9aa14c11c3be8
90b90000ab890000ab8900000000c60290b9
f13c00006eba0000f1363000ff800000f13c
f2147eae851e7188f2147eae37b7d014f214
7fa00000cfd600007fc000007fc000007fc0
09b4ddd98ff31a298ff30edb8000000009b5
e053000030b60000e0530000d1960200e053
63889f961229c28463889f96363532536389
18670000aec10000aec1000087ae27001867
4340d04e73189c1973189c1976e5e2804341
f160000025640000f1600000d7478000f160
eab0000045c60000eab00000f1082000eab0
f7817558aa8623c8f78175586287ab08f781
1eff35ed852bf42c1eff35ed800000001eff
2b61000026ba00002b615d0012a37a002b61
4def0000cf810000cf642000ddf0de004def
f76d0000ff6c0000ff6c00ed7f800000f76d
aa8c00004b6d00004b6d0000b6819c00aa8c
4d9b00004eee00004f0a60005d101a004d9b
074e0000bd080000bd08000084dae000074e
e293000083b70000e293000026d22a00e293
4f060000461e00004f06002855a568004f06
b4d40000f6150000f61500006b76c800b4d4
3fa20000d53b0000d53b0000d56cac003fa2
6437c1af43683e7e6437c1af6826b4626438
10230000cf1c0000cf1c00009fc6a8001023
7094b6e74b5d19f77094b6e77c8070fb7095
b2bc00003a1a00003a19fe88ad623000b2bc
dca9000009960000dca90000a6c60c00dca9
683620e5cd80cf80683620e5f63748246836
2a8200001e8200002a820001098408002a82
00c003dec017b8fac017b8fa81639a0c00c0
bdde0000b1c00000bdde000130268000bdde
b9cd0000ae1f0000b9cd0001287ea600b9cd
cab90000c1ca0000cab900324d11fa00cab9
9fb9818c987c5e699fb98385000000b79fba
1f0600009dd200001ed780008001b7b01f06
e22a0000207c0000e22a0000c3275800e22a
c2cc0000e2a90000e2a900006606ac00c2cc
520d0000dead0000dead0000f13e9200520d
6f740000186200006f740000485768006f74
3d9b6b699aae7c1c3d9b6b6998d3dcb53d9b
6b750000e68a00006b74bb00ff8000006b75
45c87a04f03069a0f03069a0f68a269a45c8
45f0000046330000469580004ca7d00045f0
fb4c026650f3fab5fb4c0266ff800000fb4c
8e1300007106000071060000bf99e4008e13
7e55bf625215acb67e55bf627f8000007e56
e36728d87dc72e097dc72e09ff800000e367
aa688bf5add9c055addb916d18c5cd59aa69
7d8a873bbf7e35257d8a873bfd898eef7d8b
c5020000fd350000fd3500007f800000c502
834d0000bef50000bef5000002c43100834d
0a6ed1f6e2305c98e2305c98ad2486ba0a6f
dca80000d0eb0000dca800016e1a3800dca8
9bd70000b0cc0000b0cc00000d2b54009bd7
ed6c0000b3fa0000ed6c000061e67800ed6c
569e00002be20000569e0000430b7c00569e
41bfb8da38d3341541bfb90f3b1e2c5d41c0
c00d000088f00000c00d000009843000c00d
b3430000dba60000dba600004f7ce400b343
c38cf8b2ac856511c38cf8b23092e9b8c38d
a3ee000069e1000069e10000ce512e00a3ee
01ae00003ea800003ea8000000e4600001ae
022d0000168400001684000000000000022d
ed6c0000cb780000ed6c00007964a000ed6c
3cf900003f3a00003f41c8003cb4ea003cf9
59e57279c6272e3659e57279e095d71859e5
d2f700003db80000d2f70000d1318800d2f7
0d2ddcc110e3d3b710e52f71000000000d2e
f794b632902bb0f0f794b632484778f8f795
d4abecb55797b7b957950806eccbc802d4ac
a8f900005eee00005eee0000c8677e00a8f9
453600006a4700006a470000700d7a004536
32900000eb200000eb200000de3400003290
372d000043fe000043fe00003baba600372d
1cb9000070f8000070f800004e3338001cb9
986b00002de400002de4000086d14c00986b
1a5d0000483d0000483d0000232329001a5d
b42a0000d32a0000d32a000047e1c800b42a
f5cd000020f20000f5cd0000d741ca00f5cd
cc0f0000bf660000cc0f00004c007a00cc0f
044300008493000083c60000800000000443
7c60f1b7b96e9d227c60f1b7f651aaca7c61
d1c488961426e83ad1c48896a68022dad1c5
621f42651991bee4621f42653c3556b9621f
68860000e27000006885f880ff8000006886
ad1484ce4463b2884463b288b2041956ad15
3c86eb3f4210a1aa4210b2873f18730e3c87
87eb000072e6000072e60000bb53220087eb
76cafc66cae853f876cafc66ff80000076cb
dcff0000fd4c0000fd4c00007f800000dcff
31b3aa0cc2e6648dc2e6648db521b15831b4
2b97000022e800002b97003a0f08d8002b97
5df66cdd512879915df66cdd6fa22c765df6
90cd000093770000937d68000000000090cd
93e000007889000078890000ccefc00093e0
a1a600007ecb00007ecb0000e103a200a1a6
049000005e1000005e100000232200000490
b77b5f364a100c0d4a100c0dc20d7164b77b
83a742f06a5df3146a5df314ae91039b83a7
f28600002c6e0000f2860000df792800f286
d85a00001b980000d85a0000b4817000d85a
f652000086800000f65200003d520000f652
9ed227df80ad30079ed227df000000009ed2
5a6c00006a5e00006a5e00007f8000005a6c
a4fa00008cef0000a4fa000000000000a4fa
6a6d000076150000761500017f8000006a6d
e9e60000be7e0000e9e6000068e43400e9e6
090b0000947800009477fffe80000000090b
d4d900005def00005deeffcaf34a9700d4d9
48c800002345000048c800002c99e80048c8
c5c794dd7b3ca4f57b3ca4f5ff800000c5c8
9b64e1768a2362ca9b64e176000000009b65
1cb40000e45f0000e45f0000c19ccc001cb4
f35c0102ff0b48ddff0b48de7f800000f35c
6ed798353015a06e6ed798355f7c05656ed8
699a00004e180000699a00007836e000699a
7c2019e0f6ba3d827c200298ff8000007c20
397a0000d7120000d7120000d10e9400397a
2db29ce049e5175549e51755381fd69c2db3
eaf5350b0a9ef6fceaf5350bb618434feaf5
fc6a000045870000fc6a0000ff800000fc6a
fea2000082360000fea2000041665800fea2
cbfc0000b8be0000cbfc0000453b0800cbfc
cae90000a8450000cae9000033b34d00cae9
6da2870bca5bd6df6da2870bf88b91f16da3
b8ecbd94ed4d5c12ed4d5c1266bde8f4b8ed
b7130000e8650000e865000060037f00b713
21820000aa650000aa64ffbf8c6894002182
e26c00009cc20000e26c00003fb2d800e26c
13b69b4927830e1527830e1500002ebe13b7
ea4e0000d5b60000ea4e00007f800000ea4e
77380000683b0000773800007f8000007738
7f68f6702da4300b7f68f6706d9569987f69
d7090000cc280000d709000363b3d000d709
d71800009dff0000d718000035976800d718
9b1c9f3eb83e98a9b83e98a913e9372c9b1d
3b11d34384de35653b11d343807e939e3b12
190388ca6d30b49c6d30b49c46b595ae1904
8d86ad609ae2d67d9ae2d67d000000008d87
2ad7000081e300002ad70000800000002ad7
c9db000095780000c9db00001fd42800c9db
c074902c889606c7c074902c098f52f3c075
78e700002fad000078e70000691c1b0078e7
c9e2000056e6000056e60000e14b0c00c9e2
7f960000748800007fc000007fc000007fc0
378895a893c2535b378895a88bcf5bc53789
f49500007f7e00007f7dfffbff800000f495
434d00006dbe00006dbe000071982600434d
09210000d9d90000d9d90000a38879000921
55560bde0edafa5c55560bde24b717705556
760a0000c0980000760a0000f723e000760a
71d247ead507f9fa71d247eaff80000071d2
35ad0000bf420000bf41ffeab5831a0035ad
2e360c9b01a7a9ed2e360c9b000000002e36
1a44000057a1000057a10000327688001a44
62f97fff22b3024362f97fff462e76b462f9
db5e00009d4b0000db5e000039300a00db5e
1d7be46b5b3ca0915b3ca091393999bc1d7c
5da200009ed500005da20000bd06ca005da2
7e19d6b9b8554c277e19d6b9f7002d6b7e1a
56e491f0d0a29d5956e487c6e81130d756e5
ff330000b49b0000ff3300007458c200ff33
fe05000070050000fe050000ff800000fe05
6c820000551400006c8200007f8000006c82
6aaf52a88a009d2d6aaf52a8b53029f16aaf
7ea80000729600007ea800017f8000007ea8
deb30000f3ee0000f3ee00007f800000deb3
6095798ef1b4276df1b4276dff8000006095
fb40000096b40000fb40000052870000fb40
c3643fd187456b3ac3643fd10b3004b6c364
26e200006d5d00006d5d000054c31a0026e2
fa9f049de7f0463bfa9f049d7f800000fa9f
71ed0000a04f000071ed0000d2bfa30071ed
4a4300002a3d00004a430000350ff7004a43
2dd70000f64c0000f64c0000e4ab54002dd7
3caf0000206f00003caf00001da361003caf
aa970000a6e50000aa97e50012071300aa97
f75f00000a2c0000f75f0000c215d400f75f
e398590b8c24c7a8e398590b30441fb8e398
391f2bc43781ac40392f614c3121404e391f
4274c16b5d12dbd75d12dbd7600c687e4275
e8100000c06c0000e81000006904c000e810
8a280000ed420000ed42000037fea0008a28
45ffda133a1b4e1a45ffda14409b37184600
89ae000015b7000015b6ffff8000000089ae
eab00000f2df0000f2df00b07f800000eab0
36ce0c3dfe62182cfe62182cf5b5fa4236ce
142cc34a1981b6071981cb9f00000000142d
e38452b92d53b32ee38452b9d15ad998e384
7aba0000d71c00007aba0000ff8000007aba
63210000d6e7000063210000fa9147006321
35320000cd5a0000cd5a0000c31794003532
be690000b7210000be69028436128900be69
96e80000d88c0000d88c00002ffdc00096e8
c19e00005884000058840000daa2f000c19e
25dc0000f2830000f2830000d8e1280025dc
312fd9e4ce6f0853ce6f0853c02432243130
fb6dc79e4b36aae0fb6dc79eff800000fb6e
5f920000ca8f00005f920000eaa31c005f92
ce46000023440000ce460000b2179800ce46
51b732e8d8080797d80801ddea42b0f351b7
39df0000596b0000596b000053ccb50039df
1d7800009d2700001ca20000800014391d78
5b4f0000af9200005b4f0000cb6c1c005b4f
7b280000ceae00007b280000ff8000007b28
c18f000034e30000c18f0000b6fd9a00c18f
2854397955679cbc55679cbc3e4001cb2854
a471000051d5000051d50000b6c88500a471
8a295bf87f1440387f144038c9c4274f8a29
c4d556ec3ea79030c4d54c73c40ba3ddc4d5
407b8494e6798be2e6798be2e7752d63407c
4f94eb16b0a6a8864f94eb16c0c1e4f14f95
cb090000363c0000cb090000c1c93800cb09
dc4b00007bd800007bd80000ff800000dc4b
a561da00b875dc5cb875dc5c1e58e80ba562
097100000e8a00000e8a1e20000000000971
b39b00007868000078680000ec8c7800b39b
baac000094930000baac00000fc58800baac
322a00003e2700003e27000130ddcc00322a
7871823e17ab4d597871823e50a19af87872
a473000015180000a473000080000482a473
771500002b1c00007715000062b598007715
84fb0000fc620000fc62000041dd960084fb
528c872ca846b372528c872cbb5a261a528d
86bc000098e5000098e500000000000086bc
ffb600002efb00007fc000007fc000007fc0
816b0000e8a30000e8a300002a95a100816b
a3b100002a3a00002a39fa788e809a00a3b1
22380448043c05ba22380448000000002238
758b0000bfb10000758b0000f5c03600758b
7df000004ab300007df000007f8000007df0
80ac0000e07d0000e07d000021a9fc0080ac
e444000051f10000e4440000f6b88400e444
3497000065990000659900005ab47e003497
2c28293fdd2af46add2af46ac9e097e22c28
154200009d6900009d68ff3e800000001542
d5360000f63c0000f63c00007f800000d536
adac00007c0700007c070000ea356800adac
4a2513b2266b353a4a2513b23117ab674a25
2c60970584e5ba282c609705800000002c61
39c5af24686612026866120262b1a94239c6
a2680000a0250000a272500003158800a268
115a0000320a0000320a000003eb0800115a
f17d5f1fbf397ab4f17d5f1f7137932ff17d
b45d0000e0d10000e0d1000055b46d00b45d
cfc90000b2330000cfc90000428c8b00cfc9
1a77000077fe000077fe000052f512001a77
318e00004ef500004ef500004107e600318e
c6a50000e45a0000e45a00006b8c8200c6a5
16f60000bc270000bc27000093a07a0016f6
db1a00008ff70000db1a00002b949600db1a
f4a600006ed80000f4a5f280ff800000f4a6
f9890000f2520000f98901a47f800000f989
7a8200008ad300007a820000c5d64c007a82
4582aafd354f4af74582aafd3b539d0c4583
41cd000017fd000041cd00001a4a990041cd
b92200009a380000b922000013e8e000b922
193600000f2900001936000b000000001936
bd6c0000aca40000bd6c00002a973000bd6c
0e6e0000b43e0000b43e00008330a4000e6e
5a17e17ccb4628315a17e17ce5eb207c5a18
0dae00006d2100006d2100003b5adc000dae
98c80000b2b40000b2b400000c0ca00098c8
dfc5000045ca0000dfc50000e61b7200dfc5
617300002b2d0000617300004d2437006173
19049e970341415e19049e97000000001905
3c870000816200003c870000800772e03c87
dbf8000069d2000069d20000ff800000dbf8
f1bc0000a2de0000f1bc000055230800f1bc
fceb0000aae20000fceb0000684f7600fceb
0a200000a9ee0000a9ee0000800000010a20
12430000c7660000c76600009a2f32001243
737d617baaf22318737d617bdeefa8e2737d
3f1e0000974900003f1e000096f81c003f1e
8e8d0000db420000db4200002a55b4008e8d
521b000033690000521b0000460d1300521b
a919cef76bf81c706bf81c70d5951195a91a
1244000065f0000065f0000038b7c0001244
159a000091bf00001599410080000000159a
8db2ffe7a6e14a9da6e14a9d000000018db3
20ac000075c9000075c9000057070c0020ac
949900000e3600009498fa50800000009499
9ec6ca97afe1c4e9afe1c4e90f2f50f79ec7
164e0000132100001650840000000000164e
5d490000e22c0000e22bcdc0ff8000005d49
088b00002bc600002bc6000000000001088b
425457240c54f38f425457240f30a22f4254
a52c000097950000a52c000000019070a52c
ebe000004b4d0000ebe00000f7b36000ebe0
0fb00000d9b50000d9b50000a9f8e0000fb0
99b40000951b000099b44d800000000099b4
182c0000007a0000182c000000000000182c
46aec24f67c3895f67c3895f6f057bc946af
e870000065150000e86dac00ff800000e870
43e800004b0f00004b0f01d04f81980043e8
d2d20000beed0000d2d2000052426a00d2d2
5f8eddfc0d38baa65f8eddfc2d4e2f6e5f8f
befb0000ea7f0000ea7f000069fa0500befb
76ca464d01cc49f276ca464d39216a7376ca
26860000ca410000ca410000b14a0c002686
9371d8de738b5d03738b5d03c783a89f9372
b29d0000010c0000b29d000080000000b29d
61c0000067650000676518007f80000061c0
bd6e1c7df60deabdf60deabd74040007bd6e
0c0cc62e725b01de725b01de3ef0dd200c0d
fc410000cdd30000fc4100007f800000fc41
bd9459c0343d940ebd9459a8b25bb81dbd94
e2a20000a1470000e2a20000447bdc00e2a2
2b5d0000d99d0000d99d0000c58789002b5d
91db0000b6e70000b6e7000009459d0091db
32ab0000ed8c0000ed8c0000e0bb080032ab
3c6e41f2533287bd533287bd5026282f3c6e
193d0000e72d0000e72d0000c0ff7200193d
7d2c00009e5b00007d2c0000dc1324007d2c
f228000023ef0000f2280000d69cd800f228
08672871b331825cb331825c800050240867
752198069077ede575219806c61c7fd87522
77300000e399000077300000ff8000007730
0a1100001557000015570002000000000a11
42dfe32810ac56f242dfe3281416b8a942e0
97810000b4bd0000b4bd00000cbe7a009781
02e3000074b4000074b40000381f9c0002e3
b24000002c810000b23fefe09f418000b240
7f300000e45600007f300000ff8000007f30
658084794d26f5f0658084797327a2bb6581
28ef00000432000028ef00000000000028ef
f6c3a688d30206bdf6c3a6887f800000f6c4
70960000c4a0000070960000f5bb80007096
c3e009ca77d12a9077d12a90fc370d3ec3e0
f0971d0706cf3fbef0971d07b7f4ac32f097
c0620c1a4eb2d77e4eb2d77ecf9deab1c062
47e40000bb7f000047e40000c3e31c0047e4
64bfaad8d40c581664bfaad8f95226c364c0
4bd40000475000004bd4680053ac40004bd4
e97600000ca40000e9760000b69d9800e976
5dcf0000695e0000695e00027f8000005dcf
7d710000398c00007d7100007783cc007d71
1b570000d0750000d0750000ac4dc3001b57
18f6d3ec88d0ef4018f6d3ec8000000018f7
958efbdf9526c78095e25f9f00000000958f
d62b0b38d5fc91d3d694aa116ca8c079d62b
35f50000ce800000ce800000c4f5000035f5
6c068aed06c14bdf6c068aed334b2d396c07
1f7d00005821000058210000381f1d001f7d
babe0c5d0aed3f35babe0c5d8630205ebabe
ea8493b3dcedbd75ea8493b37f800000ea85
24850000a328000024600000882e90002485
7bac00004d2300007bac00007f8000007bac
3e04000022d300003e040000215998003e04
84f6000021760000217600008000000084f6
590821f35d01694c5d01f16e7689a2345908
15d2000077640000776400004dbb080015d2
4eb00000339b00004eb0000042d520004eb0
ff080000bb250000ff0800007aaf5000ff08
80f601687f2b049f7f2b049fc0a4576180f6
ba7303687d34f9c57d34f9c5f82bcb7eba73
cb480000baf80000cb48000046c1c000cb48
c49636090ab02121c49636098fceb12dc496
8c58000075a3000075a30000c28988008c58
5e8bf20c2544f8d65e8bf20c44575ab15e8c
3a485606b9351d653a1b0eadb40dbbd33a48
ed380000768900007688ffe9ff800000ed38
3d810000098000003d810000078100003d81
423cea03857cd369423cea03883a925d423d
ebc50000828b0000ebc500002ed5ee00ebc5
5f7a0000236800005f7a0000436290005f7a
765cdaed590fbe96765cdaed7f800000765d
c3c60000b2650000c3c6000036b11e00c3c6
80a30000cc520000cc5200000d85b60080a3
6f78000034d000006f78000064c980006f78
6754000079cb000079cb00007f8000006754
c0d05013684b461d684b461de9a5688dc0d0
edf40000b0a70000edf400005f1f2c00edf4
8fcd00002cd600002cd60000800156bc8fcd
e45064e878527fef78527fefff800000e450
693f0000bbc60000693f0000e593ba00693f
831b0000c4390000c439000007e00600831b
282d000088df0000282d000080000000282d
fae2c65cceda2bc6fae2c65c7f800000fae3
1cc82e052934680729346807068d11b41cc8
c9ec00001a8f0000c9ec0000a503d400c9ec
409000007869000078690000798310004090
127af40871365cf271365cf24432c49b127b
4e4cbd4594f23f464e4cbd45a3c1bd864e4d
0aa30000b8da0000b8da0000840ace000aa3
2d3400002cf400002d9700001aab90002d34
4de3a7c799d864004de3a7c7a8406e7d4de4
bd9500008bb90000bd95000009d75a00bd95
be71cd940691dbfbbe71cd948589c539be72
3583000036dc000036fcc0002ce128003583
016b0000853800008537150080000000016b
5298d9a7ec23b019ec23b019ff4377745299
f1b752d4c7fa3080f1b752d47a33299ef1b7
a6a00000737d0000737d0000da9e2000a6a0
1d260000ac5b0000ac5b00008a0e02001d26
6d35994c73c2f88973c2fe367f8000006d36
2c2a0000f68a0000f68a0000e33748002c2a
4dbe0000f2850000f2850000ff8000004dbe
c7a0000025220000c7a00000ad4a8000c7a0
f157afe69c9535d6f157afe64e7b6d79f158
186600007f2b00007f2b00005819a2001866
c7930000e6f40000e6f400006f0c1c00c793
f8ccfc032d0c6642f8ccfc03e660d766f8cd
0d4100003462000034620000022a62000d41
600b29a90cd95929600b29a92d6c4d90600b
c62e0000e5de0000e5de00006c96e400c62e
aed29fa2a8d1a74daed2acbc182c7df9aed3
70f900003f4e000070f9000070c85e0070f9
15dcc0a36898df196898df193f03d2c215dd
0914075350433cb650433cb619e1c95e0914
c652000071aa000071aa0000f88b7400c652
a21100005be000005be00000be7dc000a211
bb500000548b0000548b0000d061e000bb50
86d80000be7f0000be7f000005d7280086d8
05f70000899b0000899a09008000000005f7
2f450000e8200000e8200000d7f640002f45
ecd900007c2b00007c2b0000ff800000ecd9
6761a4743fc0a5166761a47467a9ccd96762
2ac7bb9333845792338457c41ece82152ac8
cba329f7c7ba29a5cba3e42153ed4e11cba3
3664947b14fab8da3664947b0bdfde0d3665
634f0000e5630000e5561000ff800000634f
6042000013cb0000604200003499d6006042
83170000a9ee0000a9ee0000000000008317
54c79761ee378f2aee378f2aff80000054c8
30040000a2e7000030040000936e38003004
823d00006270000062700000a5313000823d
fc470000a35e0000fc470000602c9200fc47
f534e4cecec416ccf534e4ce7f800000f535
0d22807858e3430158e34301269042730d23
674300002e6a00006743000056323e006743
bd480000e8940000e894000066674000bd48
d1910000bdfd0000d1910000500f4d00d191
434b2bd4a0fe478a434b2bd4a4c9ce43434b
d1a80000c8090000d1a800115a33d000d1a8
87a9aca68a2327e08a2875450000000087aa
86ee0000fcc80000fcc800004439f00086ee
613c000040bc0000613c0000628a1000613c
fc00000089f80000fc00000046780000fc00
32fba50b5e3a144b5e3a144b51b6e9dd32fc
d0490000c8250000d04900a559018d00d049
f6380000885a0000f63800003f1cb000f638
cae40000fdf50000fdf500007f800000cae4
7c160000273d00007c16000063dd7c007c16
422d00006f6a00006f6a0000721e2200422d
717f0000d2430000717f0000ff800000717f
27750000550b0000550b00003d0507002775
fb060000946e0000fb0600004ff92800fb06
733626e042a7400b733626e0766e01db7336
862600003da700003da70000845894008626
a7db0000d8b70000d8b70000411c8d00a7db
7dea1c4601165e837dea1c463f8982ff7dea
b1b9000071ec000071ec0000e42a8c00b1b9
32c15ad4e8dc1319e8dc1319dc26387b32c1
78670000239f0000786700005c8f79007867
65f64ad9d381e5f065f64ad9f9f9f1de65f6
ac6099ef5b5237bc5b5237bcc8386f2cac61
e3855dfd956c3e64e3855dfd3976264ce385
a5a000007bd000007bd00000e2020000a5a0
7fde1da8df786ff87fc000007fc000007fc0
e2e3000025f30000e2e30000c9577900e2e3
85f900007522000075220000bb9d920085f9
084000006f6a00006f6a0000382f80000840
d8b0000022a80000d8b00000bbe70000d8b0
5e300000338200005e3000005232c0005e30
1d34000085e000001d340000800000001d34
8c2e0000f0ed0000f0ed00003da116008c2e
15a3b6c9c62cfc12c62cfc129c5d400515a4
52c60000628300006283000075caa40052c6
274000000cb3000027400000000000012740
178a9cd54308b8044308b8041b140de8178b
c486c349e679bf2ce679bf2c6b837895c487
5af1000062e0000062e000f17e52e0005af1
142b0000bd3e0000bd3e000091fdd400142b
adbd9a6dcbc4b649cbc4b6493a11b13dadbe
4ce40000ab6e00004ce40000b8d3f8004ce4
82ec7c2a0ef9c10f0ef9c10e8000000082ec
0e87960f841630960e87960a800000000e88
0f853e1fec155019ec155019bc1b6db10f85
b7eedb48a281163fb7eedb481af0e282b7ef
26306aa8a7157c9aa6d2c3e08dce07e32630
8d2700007dd800007dd80000cb8ce8008d27
369e000045c0000045c000003ced0000369e
96b10000e3770000e37700003aaac70096b1
d3b41fe2450d68d6d3b41fe2d946fea6d3b4
bdef8de41591399ebdef8de49407e549bdf0
6a3f00002f8700006a3f00005a4972006a3f
51a5000034b4000051a5000046e8080051a5
344e000007370000344e0000000049a1344e
5778e70c45141da15778e70c5d1002625779
5b84a63fa5d4bf705b84a63fc1dc79bc5b85
098a00009dbf00009dbf000080000000098a
236a000000db0000236a000000000000236a
5f5200001bbb00005f5200003b9966005f52
65a600003df6000065a60000641f840065a6
3640000035720000367c80002c3580003640
6bf2681a7109c85b7109e6a87f8000006bf2
d72b24fb303f69dad72b24fbc7ffeeb6d72b
0f830000921900009214e800800000000f83
df08ea77cb6b72dcdf08ea776afbd953df09
3da90000d53d0000d53d0000d3798a003da9
30761a428c37bba530761a42800161423076
7b68000022ac00007b6800005e9be0007b68
a027f4c3c83b0fd4c83b0fd428f5745aa028
89744a7e473747ac473747ac912ee5a58974
f839000002390000f8390000bb05b100f839
229300003f8d00003f8d000022a1ee002293
08d6579d1d776c291d776c290000000008d6
ae220000e8610000e8610000570e6200ae22
e9eb00003d100000e9eb0000e7843000e9eb
a48900007260000072600000d76fc000a489
894b0000094000008730000080000000894b
28227946e84654a2e84654a2d0fbbf052822
83325a78055399310548738a800000008332
45120000a6e8000045120000ac8450004512
b5da00003aad00003aacc980b1135200b5da
c2430000cc4a0000cc4a000c4f19de00c243
1009c475548a4ed4548a4ed42514dca6100a
d1f600004c590000d1f5e4e0ded08600d1f6
06220000a9450000a9450000800000000622
975cfffa90ae56f9975d056d00000000975d
4a4c9e2eb39f7b8d4a4c9e2ebe7ef1ff4a4d
599a9cc410e210dc599a9cc42b088894599b
826f000031ae000031ae000080000001826f
6bae93069535d2636bae9306c177fad76baf
040f00000aa300000aa3047800000000040f
cf1d00002ef90000cf1d0000be98b500cf1d
82a4000060bb000060bb0000a3ef980082a4
c1500000cb090000cb09000d4cdea000c150
6ab10000338500006ab100005eb7ea006ab1
9cbd32daf4299f7ef4299f7e517ab8e39cbd
2c4000009f1800002c4000008be400002c40
2c399ebb2d6e5f452d8e637a1a2cd6a62c3a
2d39e2eed4a65226d4a65226c27189992d3a
823c000046bd000046bd0000898acc00823c
ed480000d19b0000ed4800007f723000ed48
63db00008e40000063db0000b2a4400063db
47008c85add7fd6447008c85b558ea824701
d4f800007b3700007b370000ff800000d4f8
b4510000886e0000b45100000001849cb451
15650000262600002626000000004a3f1565
c0db3f121816ade8c0db3f1299810be5c0db
7c8e00009b9300007c8e0000d8a314007c8e
a6bdc783d16a75f3d16a75f338adcfcea6be
d82e0e09e8579e03e8579e037f800000d82e
9ff687dc9ae0d3a59ff6c01100001b109ff7
3a8d00000d3700003a8d0000084996003a8d
c5baae6de31807a8e31807a8695dba4cc5bb
7a8a2df6ea7b103d7a8a2df6ff8000007a8a
32630000ba620000ba61ff1dad4866003263
c02e000071a3000071a30000f25d9400c02e
8b890000595c0000595c0000a56b78008b89
7c3100006ac700007c3100007f8000007c31
24a5000029190000291952800e453a0024a5
f0790000bcae0000f07900006da93e00f079
642c0a180f65d0c6642c0a18341a7155642c
12b60000c63b0000c63b00009984f20012b6
6b1400003ee900006b1400006a86b4006b14
d87cc1ceb866cf93d87cc1ce5163e311d87d
38f1bf31c27231f0c27231d2bbe4b5e538f2
1b54000002fa00001b540000000000001b54
bf130000a9020000bf13000028954c00bf13
d10f4c1547eafeb7d10f4bf8d9838a1fd10f
994d0000bfa40000bfa4000019835400994d
6dd20000f9860000f985ffffff8000006dd2
ee300000c5fb0000ee30000074ac9000ee30
21bc0000bab80000bab800009d07200021bc
2b9d6357fe40b9c9fe40b9c9ea6cf9732b9d
16470000c8010000c80100009ec88e001647
90020000112f0000110e8000800000009002
e7d2cebb2f06dad8e7d2cebbd75e18d8e7d3
b3f8383236b15cb436ad7bd3ab2bf8bdb3f8
50b30000a08b000050b30000b1c2620050b3
983c0000e1ce0000e1ce00003a974800983c
a161a6471a94a534a161a1a280008306a162
32f800009d93000032f80000910e680032f8
509800006786000067860000789f20005098
069cb4fe795f6959795f69594088c226069d
a144284911efedfda144284980000000a144
e01600003a730000e0160000db0e6200e016
55990000e7ba0000e7ba0000fdde54005599
2b9400005574000055740000418d10002b94
828a0000cfc40000cfc4000012d35000828a
b394618b05c48260b394618b8000038fb394
ac7f79b99ca45043ac7f79b909a3fa13ac7f
665c0000592f0000665c00007f800000665c
f9ca3f9802613b2cf9ca3f98bcb1f0a4f9ca
f72b00001f0e0000f72b0000d6bdb400f72b
96e90000b6fc0000b6fc00000e655c0096e9
70f4f3870d40dc8770f4f3873eb889a870f5
b2cd000016f50000b2cd00008a443100b2cd
e6c8ecf70256d1d6e6c8ecf7a9a89ac8e6c9
e5730000dfd60000e5731ac07f800000e573
82b600006ca100006ca10000afe4ec0082b6
c6f9000040cd0000c6f8f330c8476500c6f9
3e34000086ed00003e34000085a6a4003e34
72e20000aa99000072e20000de07120072e2
8ba20000cbea0000cbea0000181414008ba2
85db00004f0200004f020000955e6c0085db
030b0000e0c30000e0c30000a453c200030b
44cd9056a1c1be6044cd9056a71b92af44ce
0a350000afd70000afd70000800009800a35
1f734f536e5f36ae6e5f36ae4e5426111f73
8d6b3c80d7773e5fd7773e5f256330af8d6b
523d00004daa0000523d5500607b0400523d
cd7e0000aa130000cd7e00003811da00cd7e
d8a20000bb950000d8a2000054bc9400d8a2
092300008a9300008a7d4000800000000923
e86b356ecd146987e86b356e76085bd9e86b
b6a02d7b101fb5b2b6a02d7b8747dbdeb6a0
9b750000441f0000441f0000a0182b009b75
54500000a67d000054500000bb4d90005450
016f0000261d0000261d000000000000016f
c25b38221804ffa0c25b38229ae3c7afc25b
0bf700005e3400005e3400002aadac000bf7
aca2a58ec2c149b1c2c149b12ff59b43aca3
40a7301bb42c0d8440a7301bb560ba4c40a7
55e30000ef650000ef650000ff80000055e3
bd610000df6c0000df6c00005d4f6c00bd61
f512000010e30000f5120000c6817600f512
9c100000a7420000a742000203da40009c10
65ca3a35b7747b3965ca3a35ddc120d265ca
b7780000788d0000788d0000f0889800b778
97d233839fb5284d9fb5291f0000004a97d2
09c700008555000009c695808000000009c7
370c00000eee0000370c000006822800370c
8fbbf44f49c2e2aa49c2e2aa9a0f158e8fbc
883b00006f8600006f860000b843c400883b
cea500001b7f0000cea50000aaa45b00cea5
04160000b33b0000b33b0000800000370416
0833000075e7000075e700003ea185000833
a4a90000566e0000566e0000bb9d1e00a4a9
a0f60000f6a10000f6a10000581ab600a0f6
47e300008b32000047e30000939dd60047e3
98f5a401340f60fb340f60fb8d8993ab98f6
dce3d704667f8c40667f8c24ff800000dce4
f665000065770000f6650000ff800000f665
362d0000c9140000c9140000bfc80800362d
bbfd225e3a7be753bbdda574b6f9156ebbfd
611c000094db0000611c0000b6857400611c
d0d10000a2220000d0d1000033844200d0d1
3b700000dcf40000dcf40000d8e4c0003b70
da9bf5c3b32391bbda9bf5c34e474c87da9c
6bd800001dd300006bd800004a3208006bd8
028200009530000095300000800000000282
4b5e00003a1000004b5e000045f9c0004b5e
a1e300003b8d00003b8d00009dfa0e00a1e3
b7597b116619afae6619afaede028fccb759
129b0000c63f0000c63f000099674a00129b
ff00000009de0000ff000000c95e0000ff00
84c910d6a807425ba807425b0000000084c9
3462000018ef0000346200000dd2fe003462
4697d861de2a0939de2a0939e549b6524698
0c9d0000414c0000414c00000e7a38000c9d
7bf681d4e92bc1877bf681d4ff8000007bf7
48ceb8ddf0854ecaf0854ecaf9d74b5548cf
9cf9d2b5e1a973e7e1a973e73f255d359cfa
76cade79996ca34476cade79d0bb867976cb
51f0ee211caf2e5351f0ee212f24de6151f1
bca3d474a45f8f80bca3d474218f11e7bca4
9688cdb5db7fd736db7fd7363288b7e99689
a720000068ef000068ef0000d0956000a720
e393000095f00000e39300003a09d000e393
ce44000059be000059bdfffee8917800ce44
9e8a0000fed80000fed800005de8e0009e8a
2b200000a4c600002b1ff9d0907780002b20
b37d0000a4000000b37d000017fd0000b37d
f2222da11cec7dbaf2222da1cf95d1b7f222
84e70000acc80000acc800000000000084e7
5c5b0000f3620000f3620000ff8000005c5b
