
-- Running command `read_liberty -lib -ignore_miss_func /home/chandler/OpenROAD-flow-scripts/flow/platforms/sky130hd/lib/sky130_fd_sc_hd__tt_025C_1v80.lib; read_verilog -sv -I. rtl/bf16_to_fp32.sv rtl/fp32_to_bf16_rne.sv rtl/fp32_add.sv rtl/fp32_mul.sv rtl/fp32_add_pipe4.sv rtl/fp32_mul_pipe4.sv rtl/bf16_rsqrt_lut256.sv rtl/mixed_precision_bank_reducer_pingpong.sv rtl/mixed_precision_scalar_nr2_pipe.sv rtl/mixed_precision_scalar_engine_array.sv rtl/mixed_precision_bank_apply_pipe.sv; chparam -set LANES 8 mixed_precision_bank_reducer_pingpong; hierarchy -check -top mixed_precision_bank_reducer_pingpong; synth -noabc -top mixed_precision_bank_reducer_pingpong; flatten; opt_clean; dfflibmap -liberty /home/chandler/OpenROAD-flow-scripts/flow/platforms/sky130hd/lib/sky130_fd_sc_hd__tt_025C_1v80.lib; abc -liberty /home/chandler/OpenROAD-flow-scripts/flow/platforms/sky130hd/lib/sky130_fd_sc_hd__tt_025C_1v80.lib; clean -purge; check -assert; stat -liberty /home/chandler/OpenROAD-flow-scripts/flow/platforms/sky130hd/lib/sky130_fd_sc_hd__tt_025C_1v80.lib; write_verilog -noattr reports/groot_normalization/results/multirow_sky130/reducer_8.v' --

1. Executing Liberty frontend: /home/chandler/OpenROAD-flow-scripts/flow/platforms/sky130hd/lib/sky130_fd_sc_hd__tt_025C_1v80.lib
Imported 428 cell types from liberty file.

2. Executing Verilog-2005 frontend: rtl/bf16_to_fp32.sv
Parsing SystemVerilog input from `rtl/bf16_to_fp32.sv' to AST representation.
Generating RTLIL representation for module `\bf16_to_fp32'.
Successfully finished Verilog frontend.

3. Executing Verilog-2005 frontend: rtl/fp32_to_bf16_rne.sv
Parsing SystemVerilog input from `rtl/fp32_to_bf16_rne.sv' to AST representation.
Generating RTLIL representation for module `\fp32_to_bf16_rne'.
Successfully finished Verilog frontend.

4. Executing Verilog-2005 frontend: rtl/fp32_add.sv
Parsing SystemVerilog input from `rtl/fp32_add.sv' to AST representation.
Generating RTLIL representation for module `\fp32_add'.
Successfully finished Verilog frontend.

5. Executing Verilog-2005 frontend: rtl/fp32_mul.sv
Parsing SystemVerilog input from `rtl/fp32_mul.sv' to AST representation.
Generating RTLIL representation for module `\fp32_mul'.
Successfully finished Verilog frontend.

6. Executing Verilog-2005 frontend: rtl/fp32_add_pipe4.sv
Parsing SystemVerilog input from `rtl/fp32_add_pipe4.sv' to AST representation.
Generating RTLIL representation for module `\fp32_add_pipe4'.
Successfully finished Verilog frontend.

7. Executing Verilog-2005 frontend: rtl/fp32_mul_pipe4.sv
Parsing SystemVerilog input from `rtl/fp32_mul_pipe4.sv' to AST representation.
Generating RTLIL representation for module `\fp32_mul_pipe4'.
Successfully finished Verilog frontend.

8. Executing Verilog-2005 frontend: rtl/bf16_rsqrt_lut256.sv
Parsing SystemVerilog input from `rtl/bf16_rsqrt_lut256.sv' to AST representation.
Generating RTLIL representation for module `\bf16_rsqrt_lut256'.
Successfully finished Verilog frontend.

9. Executing Verilog-2005 frontend: rtl/mixed_precision_bank_reducer_pingpong.sv
Parsing SystemVerilog input from `rtl/mixed_precision_bank_reducer_pingpong.sv' to AST representation.
Generating RTLIL representation for module `\mixed_precision_bank_reducer_pingpong'.
Warning: Replacing memory \acc_slot_q with list of registers. See rtl/mixed_precision_bank_reducer_pingpong.sv:40
Warning: Replacing memory \slot_delay_q with list of registers. See rtl/mixed_precision_bank_reducer_pingpong.sv:40
Successfully finished Verilog frontend.

10. Executing Verilog-2005 frontend: rtl/mixed_precision_scalar_nr2_pipe.sv
Parsing SystemVerilog input from `rtl/mixed_precision_scalar_nr2_pipe.sv' to AST representation.
Generating RTLIL representation for module `\mixed_precision_scalar_nr2_pipe'.
Successfully finished Verilog frontend.

11. Executing Verilog-2005 frontend: rtl/mixed_precision_scalar_engine_array.sv
Parsing SystemVerilog input from `rtl/mixed_precision_scalar_engine_array.sv' to AST representation.
Generating RTLIL representation for module `\mixed_precision_scalar_engine_array'.
Successfully finished Verilog frontend.

12. Executing Verilog-2005 frontend: rtl/mixed_precision_bank_apply_pipe.sv
Parsing SystemVerilog input from `rtl/mixed_precision_bank_apply_pipe.sv' to AST representation.
Generating RTLIL representation for module `\mixed_precision_bank_apply_pipe'.
Successfully finished Verilog frontend.
Parameter \LANES = 8

13. Executing AST frontend in derive mode using pre-parsed AST for module `\mixed_precision_bank_reducer_pingpong'.
Parameter \LANES = 8
Generating RTLIL representation for module `$paramod\mixed_precision_bank_reducer_pingpong\LANES=s32'00000000000000000000000000001000'.
Warning: Replacing memory \acc_slot_q with list of registers. See rtl/mixed_precision_bank_reducer_pingpong.sv:40
Warning: Replacing memory \slot_delay_q with list of registers. See rtl/mixed_precision_bank_reducer_pingpong.sv:40

14. Executing HIERARCHY pass (managing design hierarchy).

14.1. Analyzing design hierarchy..
Top module:  \mixed_precision_bank_reducer_pingpong
Used module:     \fp32_add_pipe4
Used module:     \bf16_to_fp32
Used module:     \fp32_mul

14.2. Analyzing design hierarchy..
Top module:  \mixed_precision_bank_reducer_pingpong
Used module:     \fp32_add_pipe4
Used module:     \bf16_to_fp32
Used module:     \fp32_mul
Removing unused module `\mixed_precision_bank_apply_pipe'.
Removing unused module `\mixed_precision_scalar_engine_array'.
Removing unused module `\mixed_precision_scalar_nr2_pipe'.
Removing unused module `\bf16_rsqrt_lut256'.
Removing unused module `\fp32_mul_pipe4'.
Removing unused module `\fp32_add'.
Removing unused module `\fp32_to_bf16_rne'.
Removed 7 unused modules.

15. Executing SYNTH pass.

15.1. Executing HIERARCHY pass (managing design hierarchy).

15.1.1. Analyzing design hierarchy..
Top module:  \mixed_precision_bank_reducer_pingpong
Used module:     \fp32_add_pipe4
Used module:     \bf16_to_fp32
Used module:     \fp32_mul

15.1.2. Analyzing design hierarchy..
Top module:  \mixed_precision_bank_reducer_pingpong
Used module:     \fp32_add_pipe4
Used module:     \bf16_to_fp32
Used module:     \fp32_mul
Removed 0 unused modules.

15.2. Executing PROC pass (convert processes to netlists).

15.2.1. Executing PROC_CLEAN pass (remove empty switches from decision trees).
Found and cleaned up 1 empty switch in `\mixed_precision_bank_reducer_pingpong.$proc$rtl/mixed_precision_bank_reducer_pingpong.sv:10$1284'.
Removing empty process `mixed_precision_bank_reducer_pingpong.$proc$rtl/mixed_precision_bank_reducer_pingpong.sv:10$1284'.
Cleaned up 1 empty switch.

15.2.2. Executing PROC_RMDEAD pass (remove dead branches from decision trees).
Marked 59 switch rules as full_case in process $proc$rtl/fp32_mul.sv:14$216 in module fp32_mul.
Marked 11 switch rules as full_case in process $proc$rtl/mixed_precision_bank_reducer_pingpong.sv:39$1143 in module mixed_precision_bank_reducer_pingpong.
Marked 2 switch rules as full_case in process $proc$rtl/mixed_precision_bank_reducer_pingpong.sv:14$1102 in module mixed_precision_bank_reducer_pingpong.
Marked 1 switch rules as full_case in process $proc$rtl/fp32_add_pipe4.sv:60$507 in module fp32_add_pipe4.
Marked 7 switch rules as full_case in process $proc$rtl/fp32_add_pipe4.sv:49$494 in module fp32_add_pipe4.
Marked 29 switch rules as full_case in process $proc$rtl/fp32_add_pipe4.sv:44$375 in module fp32_add_pipe4.
Marked 2 switch rules as full_case in process $proc$rtl/fp32_add_pipe4.sv:37$369 in module fp32_add_pipe4.
Marked 4 switch rules as full_case in process $proc$rtl/fp32_add_pipe4.sv:24$304 in module fp32_add_pipe4.
Removed a total of 0 dead cases.

15.2.3. Executing PROC_PRUNE pass (remove redundant assignments in processes).
Removed 13 redundant assignments.
Promoted 85 assignments to connections.

15.2.4. Executing PROC_INIT pass (extract init attributes).

15.2.5. Executing PROC_ARST pass (detect async resets in processes).
Found async reset \rst_ni in `\mixed_precision_bank_reducer_pingpong.$proc$rtl/mixed_precision_bank_reducer_pingpong.sv:39$1143'.
Found async reset \rst_ni in `\fp32_add_pipe4.$proc$rtl/fp32_add_pipe4.sv:60$507'.

15.2.6. Executing PROC_ROM pass (convert switches to ROMs).
Converted 0 switches.
<suppressed ~120 debug messages>

15.2.7. Executing PROC_MUX pass (convert decision trees to multiplexers).
Creating decoders for process `\fp32_mul.$proc$rtl/fp32_mul.sv:14$216'.
     1/97: $7\result_o[31:0]
     2/97: $9\rounded_wide[127:0]
     3/97: $8\round_up[0:0]
     4/97: $8\low_mask[127:0]
     5/97: $8\rounded_wide[127:0]
     6/97: $7\low_mask[127:0]
     7/97: $7\round_up[0:0]
     8/97: $6\result_o[31:0]
     9/97: $6\result_exp_field[7:0]
    10/97: $6\exponent[31:0]
    11/97: $7\rounded_wide[127:0]
    12/97: $6\rounded_wide[127:0]
    13/97: $6\round_up[0:0]
    14/97: $6\low_mask[127:0]
    15/97: $5\result_exp_field[7:0]
    16/97: $5\result_o[31:0]
    17/97: $5\exponent[31:0]
    18/97: $5\rounded_wide[127:0]
    19/97: $5\low_mask[127:0]
    20/97: $5\round_up[0:0]
    21/97: $5\shift_amount[31:0]
    22/97: $4\result_o[31:0]
    23/97: $4\exponent[31:0]
    24/97: $4\low_mask[127:0]
    25/97: $4\rounded_wide[127:0]
    26/97: $4\result_exp_field[7:0]
    27/97: $4\shift_amount[31:0]
    28/97: $4\round_up[0:0]
    29/97: $3\result_o[31:0]
    30/97: $3\exponent[31:0]
    31/97: $3\low_mask[127:0]
    32/97: $3\rounded_wide[127:0]
    33/97: $3\result_exp_field[7:0]
    34/97: $3\shift_amount[31:0]
    35/97: $3\round_up[0:0]
    36/97: $2\result_o[31:0]
    37/97: $2\exponent[31:0]
    38/97: $2\low_mask[127:0]
    39/97: $2\rounded_wide[127:0]
    40/97: $2\result_exp_field[7:0]
    41/97: $2\shift_amount[31:0]
    42/97: $2\round_up[0:0]
    43/97: $1\result_o[31:0]
    44/97: $1\exponent[31:0]
    45/97: $1\low_mask[127:0]
    46/97: $1\rounded_wide[127:0]
    47/97: $1\result_exp_field[7:0]
    48/97: $1\shift_amount[31:0]
    49/97: $1\round_up[0:0]
    50/97: $48\msb_index[31:0]
    51/97: $47\msb_index[31:0]
    52/97: $46\msb_index[31:0]
    53/97: $45\msb_index[31:0]
    54/97: $44\msb_index[31:0]
    55/97: $43\msb_index[31:0]
    56/97: $42\msb_index[31:0]
    57/97: $41\msb_index[31:0]
    58/97: $40\msb_index[31:0]
    59/97: $39\msb_index[31:0]
    60/97: $38\msb_index[31:0]
    61/97: $37\msb_index[31:0]
    62/97: $36\msb_index[31:0]
    63/97: $35\msb_index[31:0]
    64/97: $34\msb_index[31:0]
    65/97: $33\msb_index[31:0]
    66/97: $32\msb_index[31:0]
    67/97: $31\msb_index[31:0]
    68/97: $30\msb_index[31:0]
    69/97: $29\msb_index[31:0]
    70/97: $28\msb_index[31:0]
    71/97: $27\msb_index[31:0]
    72/97: $26\msb_index[31:0]
    73/97: $25\msb_index[31:0]
    74/97: $24\msb_index[31:0]
    75/97: $23\msb_index[31:0]
    76/97: $22\msb_index[31:0]
    77/97: $21\msb_index[31:0]
    78/97: $20\msb_index[31:0]
    79/97: $19\msb_index[31:0]
    80/97: $18\msb_index[31:0]
    81/97: $17\msb_index[31:0]
    82/97: $16\msb_index[31:0]
    83/97: $15\msb_index[31:0]
    84/97: $14\msb_index[31:0]
    85/97: $13\msb_index[31:0]
    86/97: $12\msb_index[31:0]
    87/97: $11\msb_index[31:0]
    88/97: $10\msb_index[31:0]
    89/97: $9\msb_index[31:0]
    90/97: $8\msb_index[31:0]
    91/97: $7\msb_index[31:0]
    92/97: $6\msb_index[31:0]
    93/97: $5\msb_index[31:0]
    94/97: $4\msb_index[31:0]
    95/97: $3\msb_index[31:0]
    96/97: $2\msb_index[31:0]
    97/97: $1\msb_index[31:0]
Creating decoders for process `\mixed_precision_bank_reducer_pingpong.$proc$rtl/mixed_precision_bank_reducer_pingpong.sv:35$1126'.
Creating decoders for process `\mixed_precision_bank_reducer_pingpong.$proc$rtl/mixed_precision_bank_reducer_pingpong.sv:39$1143'.
     1/98: $4$lookahead\ctx_valid_q$1137[1:0]$1267 [0]
     2/98: $4$lookahead\ctx_valid_q$1137[1:0]$1267 [1]
     3/98: $3$lookahead\ctx_valid_q$1137[1:0]$1266
     4/98: $0\result_valid_q[1:0] [1]
     5/98: $0\result_valid_q[1:0] [0]
     6/98: $2$bitselwrite$pos$rtl/mixed_precision_bank_reducer_pingpong.sv:47$1101[0:0]$1255
     7/98: $5$lookahead\combine_pending_q$1142[0:0]$1254
     8/98: $4$lookahead\combine_pending_q$1142[1:1]$1234
     9/98: $3$lookahead\combine_pending_q$1142[1:0]$1214 [1]
    10/98: $5$lookahead\sumsq_slot1_q$1139[127:0]$1211
    11/98: $3$bitselwrite$pos$rtl/mixed_precision_bank_reducer_pingpong.sv:46$1098[31:0]$1207
    12/98: $5$lookahead\sum_slot1_q$1138[127:0]$1210
    13/98: $3$bitselwrite$pos$rtl/mixed_precision_bank_reducer_pingpong.sv:46$1097[31:0]$1206
    14/98: $3$lookahead\combine_pending_q$1142[1:0]$1214 [0]
    15/98: $5$lookahead\sumsq_slot0_q$1141[127:0]$1213
    16/98: $5$lookahead\sum_slot0_q$1140[127:0]$1212
    17/98: $3$bitselwrite$pos$rtl/mixed_precision_bank_reducer_pingpong.sv:46$1100[31:0]$1209
    18/98: $3$bitselwrite$pos$rtl/mixed_precision_bank_reducer_pingpong.sv:46$1099[31:0]$1208
    19/98: $2$lookahead\combine_pending_q$1142[1:0]$1205
    20/98: $4$lookahead\sumsq_slot0_q$1141[127:0]$1204
    21/98: $4$lookahead\sum_slot0_q$1140[127:0]$1203
    22/98: $4$lookahead\sumsq_slot1_q$1139[127:0]$1202
    23/98: $4$lookahead\sum_slot1_q$1138[127:0]$1201
    24/98: $2$bitselwrite$pos$rtl/mixed_precision_bank_reducer_pingpong.sv:46$1100[31:0]$1200
    25/98: $2$bitselwrite$pos$rtl/mixed_precision_bank_reducer_pingpong.sv:46$1099[31:0]$1199
    26/98: $2$bitselwrite$pos$rtl/mixed_precision_bank_reducer_pingpong.sv:46$1098[31:0]$1198
    27/98: $2$bitselwrite$pos$rtl/mixed_precision_bank_reducer_pingpong.sv:46$1097[31:0]$1197
    28/98: $3$lookahead\sumsq_slot1_q$1139[127:0]$1189
    29/98: $3$lookahead\sum_slot1_q$1138[127:0]$1188
    30/98: $3$lookahead\sumsq_slot0_q$1141[127:0]$1191
    31/98: $3$lookahead\sum_slot0_q$1140[127:0]$1190
    32/98: $2$lookahead\sumsq_slot0_q$1141[127:0]$1180
    33/98: $2$lookahead\sum_slot0_q$1140[127:0]$1179
    34/98: $2$lookahead\sumsq_slot1_q$1139[127:0]$1178
    35/98: $2$lookahead\sum_slot1_q$1138[127:0]$1177
    36/98: $2$lookahead\ctx_valid_q$1137[1:0]$1176
    37/98: $2$bitselwrite$pos$rtl/mixed_precision_bank_reducer_pingpong.sv:42$1096[0:0]$1175
    38/98: $1$lookahead\ctx_valid_q$1137[1:0]$1169
    39/98: $1$lookahead\combine_pending_q$1142[1:0]$1174
    40/98: $1$bitselwrite$pos$rtl/mixed_precision_bank_reducer_pingpong.sv:47$1101[0:0]$1168
    41/98: $1$lookahead\sumsq_slot0_q$1141[127:0]$1173
    42/98: $1$lookahead\sum_slot0_q$1140[127:0]$1172
    43/98: $1$lookahead\sumsq_slot1_q$1139[127:0]$1171
    44/98: $1$lookahead\sum_slot1_q$1138[127:0]$1170
    45/98: $1$bitselwrite$pos$rtl/mixed_precision_bank_reducer_pingpong.sv:46$1100[31:0]$1167
    46/98: $1$bitselwrite$pos$rtl/mixed_precision_bank_reducer_pingpong.sv:46$1099[31:0]$1166
    47/98: $1$bitselwrite$pos$rtl/mixed_precision_bank_reducer_pingpong.sv:46$1098[31:0]$1165
    48/98: $1$bitselwrite$pos$rtl/mixed_precision_bank_reducer_pingpong.sv:46$1097[31:0]$1164
    49/98: $0\acc_slot_q[2][1:0]
    50/98: $0\acc_slot_q[1][1:0]
    51/98: $0\acc_ctx_q[2:0] [2:1]
    52/98: $1$fordecl_block$731.i[31:0]$1162
    53/98: $0\slot_delay_q[9][1:0]
    54/98: $0\ctx_delay_q[9:0] [9]
    55/98: $0\slot_delay_q[8][1:0]
    56/98: $0\ctx_delay_q[9:0] [8]
    57/98: $0\slot_delay_q[7][1:0]
    58/98: $0\ctx_delay_q[9:0] [7]
    59/98: $0\slot_delay_q[6][1:0]
    60/98: $0\ctx_delay_q[9:0] [6]
    61/98: $0\slot_delay_q[5][1:0]
    62/98: $0\ctx_delay_q[9:0] [5]
    63/98: $0\slot_delay_q[4][1:0]
    64/98: $0\ctx_delay_q[9:0] [4]
    65/98: $0\slot_delay_q[3][1:0]
    66/98: $0\ctx_delay_q[9:0] [3]
    67/98: $0\slot_delay_q[2][1:0]
    68/98: $0\ctx_delay_q[9:0] [2]
    69/98: $0\slot_delay_q[1][1:0]
    70/98: $0\ctx_delay_q[9:0] [1]
    71/98: $1$bitselwrite$pos$rtl/mixed_precision_bank_reducer_pingpong.sv:42$1096[0:0]$1163
    72/98: $0\x_valid_q[0:0]
    73/98: $0\protocol_error_o[0:0]
    74/98: $1$fordecl_block$729.i[31:0]$1161
    75/98: $1$fordecl_block$727.i[31:0]$1160
    76/98: $0\acc_slot_q[0][1:0]
    77/98: $0\slot_delay_q[0][1:0]
    78/98: $0\combine_ctx_q[0:0]
    79/98: $0\combine_busy_q[0:0]
    80/98: $0\acc_ctx_q[2:0] [0]
    81/98: $0\ctx_delay_q[9:0] [0]
    82/98: $0\square_q[255:0]
    83/98: $0\x_q[255:0]
    84/98: $0\input_slot_q[1:0]
    85/98: $0\input_remaining_q[15:0]
    86/98: $0\input_ctx_q[0:0]
    87/98: $0\input_active_q[0:0]
    88/98: $0\ctx_result_sumsq1_q[31:0]
    89/98: $0\ctx_result_sumsq0_q[31:0]
    90/98: $0\ctx_result_sum1_q[31:0]
    91/98: $0\ctx_result_sum0_q[31:0]
    92/98: $0\completed1_q[15:0]
    93/98: $0\completed0_q[15:0]
    94/98: $0\expected1_q[15:0]
    95/98: $0\expected0_q[15:0]
    96/98: $0\ctx_tag1_q[15:0]
    97/98: $0\ctx_tag0_q[15:0]
    98/98: $6$lookahead\combine_pending_q$1142[1:0]$1256
Creating decoders for process `\mixed_precision_bank_reducer_pingpong.$proc$rtl/mixed_precision_bank_reducer_pingpong.sv:14$1102'.
     1/4: $2\free_ctx[0:0]
     2/4: $2\free_found[0:0]
     3/4: $1\free_ctx[0:0]
     4/4: $1\free_found[0:0]
Creating decoders for process `\fp32_add_pipe4.$proc$rtl/fp32_add_pipe4.sv:60$507'.
     1/26: $0\valid_q[2:0] [2]
     2/26: $0\valid_q[2:0] [1]
     3/26: $0\valid_q[2:0] [0]
     4/26: $0\invalid2_q[0:0]
     5/26: $0\inf2_q[0:0]
     6/26: $0\nan2_q[0:0]
     7/26: $0\sign2_q[0:0]
     8/26: $0\exp2_q[8:0]
     9/26: $0\mag2_q[26:0]
    10/26: $0\zeros1_q[0:0]
    11/26: $0\invalid1_q[0:0]
    12/26: $0\inf1_q[0:0]
    13/26: $0\nan1_q[0:0]
    14/26: $0\sign1_q[0:0]
    15/26: $0\exp1_q[8:0]
    16/26: $0\mag1_q[26:0]
    17/26: $0\zeros0_q[0:0]
    18/26: $0\invalid0_q[0:0]
    19/26: $0\inf0_q[0:0]
    20/26: $0\nan0_q[0:0]
    21/26: $0\ssign_q[0:0]
    22/26: $0\lsign_q[0:0]
    23/26: $0\small_q[26:0]
    24/26: $0\large_q[26:0]
    25/26: $0\le_q[7:0]
    26/26: $0\zeros2_q[0:0]
Creating decoders for process `\fp32_add_pipe4.$proc$rtl/fp32_add_pipe4.sv:49$494'.
     1/8: $6\result3_d[31:0]
     2/8: $5\result3_d[31:0]
     3/8: $4\result3_d[31:0]
     4/8: $3\result3_d[31:0]
     5/8: $2\result3_d[31:0]
     6/8: $1\result3_d[31:0]
     7/8: $1\packed_exp_d[8:0]
     8/8: $1\rounded3_d[24:0]
Creating decoders for process `\fp32_add_pipe4.$proc$rtl/fp32_add_pipe4.sv:44$375'.
     1/56: $2\norm_shift_d[31:0]
     2/56: $1\norm_shift_d[31:0]
     3/56: $27\leading_zeros27$func$rtl/fp32_add_pipe4.sv:45$303.found[0:0]$487
     4/56: $27\leading_zeros27$func$rtl/fp32_add_pipe4.sv:45$303.$result[4:0]$486
     5/56: $26\leading_zeros27$func$rtl/fp32_add_pipe4.sv:45$303.found[0:0]$483
     6/56: $26\leading_zeros27$func$rtl/fp32_add_pipe4.sv:45$303.$result[4:0]$482
     7/56: $25\leading_zeros27$func$rtl/fp32_add_pipe4.sv:45$303.found[0:0]$479
     8/56: $25\leading_zeros27$func$rtl/fp32_add_pipe4.sv:45$303.$result[4:0]$478
     9/56: $24\leading_zeros27$func$rtl/fp32_add_pipe4.sv:45$303.found[0:0]$475
    10/56: $24\leading_zeros27$func$rtl/fp32_add_pipe4.sv:45$303.$result[4:0]$474
    11/56: $23\leading_zeros27$func$rtl/fp32_add_pipe4.sv:45$303.found[0:0]$471
    12/56: $23\leading_zeros27$func$rtl/fp32_add_pipe4.sv:45$303.$result[4:0]$470
    13/56: $22\leading_zeros27$func$rtl/fp32_add_pipe4.sv:45$303.found[0:0]$467
    14/56: $22\leading_zeros27$func$rtl/fp32_add_pipe4.sv:45$303.$result[4:0]$466
    15/56: $21\leading_zeros27$func$rtl/fp32_add_pipe4.sv:45$303.found[0:0]$463
    16/56: $21\leading_zeros27$func$rtl/fp32_add_pipe4.sv:45$303.$result[4:0]$462
    17/56: $20\leading_zeros27$func$rtl/fp32_add_pipe4.sv:45$303.found[0:0]$459
    18/56: $20\leading_zeros27$func$rtl/fp32_add_pipe4.sv:45$303.$result[4:0]$458
    19/56: $19\leading_zeros27$func$rtl/fp32_add_pipe4.sv:45$303.found[0:0]$455
    20/56: $19\leading_zeros27$func$rtl/fp32_add_pipe4.sv:45$303.$result[4:0]$454
    21/56: $18\leading_zeros27$func$rtl/fp32_add_pipe4.sv:45$303.found[0:0]$451
    22/56: $18\leading_zeros27$func$rtl/fp32_add_pipe4.sv:45$303.$result[4:0]$450
    23/56: $17\leading_zeros27$func$rtl/fp32_add_pipe4.sv:45$303.found[0:0]$447
    24/56: $17\leading_zeros27$func$rtl/fp32_add_pipe4.sv:45$303.$result[4:0]$446
    25/56: $16\leading_zeros27$func$rtl/fp32_add_pipe4.sv:45$303.found[0:0]$443
    26/56: $16\leading_zeros27$func$rtl/fp32_add_pipe4.sv:45$303.$result[4:0]$442
    27/56: $15\leading_zeros27$func$rtl/fp32_add_pipe4.sv:45$303.found[0:0]$439
    28/56: $15\leading_zeros27$func$rtl/fp32_add_pipe4.sv:45$303.$result[4:0]$438
    29/56: $14\leading_zeros27$func$rtl/fp32_add_pipe4.sv:45$303.found[0:0]$435
    30/56: $14\leading_zeros27$func$rtl/fp32_add_pipe4.sv:45$303.$result[4:0]$434
    31/56: $13\leading_zeros27$func$rtl/fp32_add_pipe4.sv:45$303.found[0:0]$431
    32/56: $13\leading_zeros27$func$rtl/fp32_add_pipe4.sv:45$303.$result[4:0]$430
    33/56: $12\leading_zeros27$func$rtl/fp32_add_pipe4.sv:45$303.found[0:0]$427
    34/56: $12\leading_zeros27$func$rtl/fp32_add_pipe4.sv:45$303.$result[4:0]$426
    35/56: $11\leading_zeros27$func$rtl/fp32_add_pipe4.sv:45$303.found[0:0]$423
    36/56: $11\leading_zeros27$func$rtl/fp32_add_pipe4.sv:45$303.$result[4:0]$422
    37/56: $10\leading_zeros27$func$rtl/fp32_add_pipe4.sv:45$303.found[0:0]$419
    38/56: $10\leading_zeros27$func$rtl/fp32_add_pipe4.sv:45$303.$result[4:0]$418
    39/56: $9\leading_zeros27$func$rtl/fp32_add_pipe4.sv:45$303.found[0:0]$415
    40/56: $9\leading_zeros27$func$rtl/fp32_add_pipe4.sv:45$303.$result[4:0]$414
    41/56: $8\leading_zeros27$func$rtl/fp32_add_pipe4.sv:45$303.found[0:0]$411
    42/56: $8\leading_zeros27$func$rtl/fp32_add_pipe4.sv:45$303.$result[4:0]$410
    43/56: $7\leading_zeros27$func$rtl/fp32_add_pipe4.sv:45$303.found[0:0]$407
    44/56: $7\leading_zeros27$func$rtl/fp32_add_pipe4.sv:45$303.$result[4:0]$406
    45/56: $6\leading_zeros27$func$rtl/fp32_add_pipe4.sv:45$303.found[0:0]$403
    46/56: $6\leading_zeros27$func$rtl/fp32_add_pipe4.sv:45$303.$result[4:0]$402
    47/56: $5\leading_zeros27$func$rtl/fp32_add_pipe4.sv:45$303.found[0:0]$399
    48/56: $5\leading_zeros27$func$rtl/fp32_add_pipe4.sv:45$303.$result[4:0]$398
    49/56: $4\leading_zeros27$func$rtl/fp32_add_pipe4.sv:45$303.found[0:0]$395
    50/56: $4\leading_zeros27$func$rtl/fp32_add_pipe4.sv:45$303.$result[4:0]$394
    51/56: $3\leading_zeros27$func$rtl/fp32_add_pipe4.sv:45$303.found[0:0]$391
    52/56: $3\leading_zeros27$func$rtl/fp32_add_pipe4.sv:45$303.$result[4:0]$390
    53/56: $2\leading_zeros27$func$rtl/fp32_add_pipe4.sv:45$303.found[0:0]$387
    54/56: $2\leading_zeros27$func$rtl/fp32_add_pipe4.sv:45$303.$result[4:0]$386
    55/56: $1\leading_zeros27$func$rtl/fp32_add_pipe4.sv:45$303.found[0:0]$383
    56/56: $1\leading_zeros27$func$rtl/fp32_add_pipe4.sv:45$303.$result[4:0]$382
Creating decoders for process `\fp32_add_pipe4.$proc$rtl/fp32_add_pipe4.sv:37$369'.
     1/6: $2\mag1_d[26:0] [26:1]
     2/6: $2\exp1_d[8:0]
     3/6: $2\mag1_d[26:0] [0]
     4/6: $1\exp1_d[8:0]
     5/6: $1\mag1_d[26:0]
     6/6: $1\add1_d[27:0]
Creating decoders for process `\fp32_add_pipe4.$proc$rtl/fp32_add_pipe4.sv:24$304'.
     1/12: $2\lsign_d[0:0]
     2/12: $2\shift_right_sticky$func$rtl/fp32_add_pipe4.sv:28$302.$result[26:0]$329 [26:1]
     3/12: $2\shift_right_sticky$func$rtl/fp32_add_pipe4.sv:28$302.$result[26:0]$329 [0]
     4/12: $2\shift_right_sticky$func$rtl/fp32_add_pipe4.sv:28$302.sticky[0:0]$330
     5/12: $1\shift_right_sticky$func$rtl/fp32_add_pipe4.sv:28$302.$result[26:0]$326
     6/12: $1\shift_right_sticky$func$rtl/fp32_add_pipe4.sv:28$302.sticky[0:0]$327
     7/12: $1\ssign_d[0:0]
     8/12: $1\lsign_d[0:0]
     9/12: $1\ss_d[23:0]
    10/12: $1\ls_d[23:0]
    11/12: $1\se_d[7:0]
    12/12: $1\le_d[7:0]

15.2.8. Executing PROC_DLATCH pass (convert process syncs to latches).
No latch inferred for signal `\fp32_mul.\round_up' from process `\fp32_mul.$proc$rtl/fp32_mul.sv:14$216'.
No latch inferred for signal `\fp32_mul.\result_o' from process `\fp32_mul.$proc$rtl/fp32_mul.sv:14$216'.
No latch inferred for signal `\fp32_mul.\lhs_exp' from process `\fp32_mul.$proc$rtl/fp32_mul.sv:14$216'.
No latch inferred for signal `\fp32_mul.\rhs_exp' from process `\fp32_mul.$proc$rtl/fp32_mul.sv:14$216'.
No latch inferred for signal `\fp32_mul.\lhs_frac' from process `\fp32_mul.$proc$rtl/fp32_mul.sv:14$216'.
No latch inferred for signal `\fp32_mul.\rhs_frac' from process `\fp32_mul.$proc$rtl/fp32_mul.sv:14$216'.
No latch inferred for signal `\fp32_mul.\lhs_sig' from process `\fp32_mul.$proc$rtl/fp32_mul.sv:14$216'.
No latch inferred for signal `\fp32_mul.\rhs_sig' from process `\fp32_mul.$proc$rtl/fp32_mul.sv:14$216'.
No latch inferred for signal `\fp32_mul.\shift_amount' from process `\fp32_mul.$proc$rtl/fp32_mul.sv:14$216'.
No latch inferred for signal `\fp32_mul.\sign' from process `\fp32_mul.$proc$rtl/fp32_mul.sv:14$216'.
No latch inferred for signal `\fp32_mul.\result_exp_field' from process `\fp32_mul.$proc$rtl/fp32_mul.sv:14$216'.
No latch inferred for signal `\fp32_mul.\product' from process `\fp32_mul.$proc$rtl/fp32_mul.sv:14$216'.
No latch inferred for signal `\fp32_mul.\magnitude' from process `\fp32_mul.$proc$rtl/fp32_mul.sv:14$216'.
No latch inferred for signal `\fp32_mul.\rounded_wide' from process `\fp32_mul.$proc$rtl/fp32_mul.sv:14$216'.
No latch inferred for signal `\fp32_mul.\low_mask' from process `\fp32_mul.$proc$rtl/fp32_mul.sv:14$216'.
No latch inferred for signal `\fp32_mul.\lhs_unbiased' from process `\fp32_mul.$proc$rtl/fp32_mul.sv:14$216'.
No latch inferred for signal `\fp32_mul.\rhs_unbiased' from process `\fp32_mul.$proc$rtl/fp32_mul.sv:14$216'.
No latch inferred for signal `\fp32_mul.\exponent' from process `\fp32_mul.$proc$rtl/fp32_mul.sv:14$216'.
No latch inferred for signal `\fp32_mul.\msb_index' from process `\fp32_mul.$proc$rtl/fp32_mul.sv:14$216'.
No latch inferred for signal `\fp32_mul.$fordecl_block$214.bit_index' from process `\fp32_mul.$proc$rtl/fp32_mul.sv:14$216'.
No latch inferred for signal `\mixed_precision_bank_reducer_pingpong.\combine_issue' from process `\mixed_precision_bank_reducer_pingpong.$proc$rtl/mixed_precision_bank_reducer_pingpong.sv:35$1126'.
No latch inferred for signal `\mixed_precision_bank_reducer_pingpong.\combine_sel' from process `\mixed_precision_bank_reducer_pingpong.$proc$rtl/mixed_precision_bank_reducer_pingpong.sv:35$1126'.
No latch inferred for signal `\mixed_precision_bank_reducer_pingpong.\free_found' from process `\mixed_precision_bank_reducer_pingpong.$proc$rtl/mixed_precision_bank_reducer_pingpong.sv:14$1102'.
No latch inferred for signal `\mixed_precision_bank_reducer_pingpong.\free_ctx' from process `\mixed_precision_bank_reducer_pingpong.$proc$rtl/mixed_precision_bank_reducer_pingpong.sv:14$1102'.
No latch inferred for signal `\fp32_add_pipe4.\round3_d' from process `\fp32_add_pipe4.$proc$rtl/fp32_add_pipe4.sv:49$494'.
No latch inferred for signal `\fp32_add_pipe4.\rounded3_d' from process `\fp32_add_pipe4.$proc$rtl/fp32_add_pipe4.sv:49$494'.
No latch inferred for signal `\fp32_add_pipe4.\packed_exp_d' from process `\fp32_add_pipe4.$proc$rtl/fp32_add_pipe4.sv:49$494'.
No latch inferred for signal `\fp32_add_pipe4.\result3_d' from process `\fp32_add_pipe4.$proc$rtl/fp32_add_pipe4.sv:49$494'.
No latch inferred for signal `\fp32_add_pipe4.\lz2_d' from process `\fp32_add_pipe4.$proc$rtl/fp32_add_pipe4.sv:44$375'.
No latch inferred for signal `\fp32_add_pipe4.\norm_shift_d' from process `\fp32_add_pipe4.$proc$rtl/fp32_add_pipe4.sv:44$375'.
No latch inferred for signal `\fp32_add_pipe4.\mag2_d' from process `\fp32_add_pipe4.$proc$rtl/fp32_add_pipe4.sv:44$375'.
No latch inferred for signal `\fp32_add_pipe4.\exp2_d' from process `\fp32_add_pipe4.$proc$rtl/fp32_add_pipe4.sv:44$375'.
No latch inferred for signal `\fp32_add_pipe4.\add1_d' from process `\fp32_add_pipe4.$proc$rtl/fp32_add_pipe4.sv:37$369'.
No latch inferred for signal `\fp32_add_pipe4.\mag1_d' from process `\fp32_add_pipe4.$proc$rtl/fp32_add_pipe4.sv:37$369'.
No latch inferred for signal `\fp32_add_pipe4.\exp1_d' from process `\fp32_add_pipe4.$proc$rtl/fp32_add_pipe4.sv:37$369'.
No latch inferred for signal `\fp32_add_pipe4.\sign1_d' from process `\fp32_add_pipe4.$proc$rtl/fp32_add_pipe4.sv:37$369'.
No latch inferred for signal `\fp32_add_pipe4.\le_d' from process `\fp32_add_pipe4.$proc$rtl/fp32_add_pipe4.sv:24$304'.
No latch inferred for signal `\fp32_add_pipe4.\se_d' from process `\fp32_add_pipe4.$proc$rtl/fp32_add_pipe4.sv:24$304'.
No latch inferred for signal `\fp32_add_pipe4.\ls_d' from process `\fp32_add_pipe4.$proc$rtl/fp32_add_pipe4.sv:24$304'.
No latch inferred for signal `\fp32_add_pipe4.\ss_d' from process `\fp32_add_pipe4.$proc$rtl/fp32_add_pipe4.sv:24$304'.
No latch inferred for signal `\fp32_add_pipe4.\large_d' from process `\fp32_add_pipe4.$proc$rtl/fp32_add_pipe4.sv:24$304'.
No latch inferred for signal `\fp32_add_pipe4.\small_d' from process `\fp32_add_pipe4.$proc$rtl/fp32_add_pipe4.sv:24$304'.
No latch inferred for signal `\fp32_add_pipe4.\lsign_d' from process `\fp32_add_pipe4.$proc$rtl/fp32_add_pipe4.sv:24$304'.
No latch inferred for signal `\fp32_add_pipe4.\ssign_d' from process `\fp32_add_pipe4.$proc$rtl/fp32_add_pipe4.sv:24$304'.
No latch inferred for signal `\fp32_add_pipe4.\nan_d' from process `\fp32_add_pipe4.$proc$rtl/fp32_add_pipe4.sv:24$304'.
No latch inferred for signal `\fp32_add_pipe4.\inf_d' from process `\fp32_add_pipe4.$proc$rtl/fp32_add_pipe4.sv:24$304'.
No latch inferred for signal `\fp32_add_pipe4.\invalid_inf_d' from process `\fp32_add_pipe4.$proc$rtl/fp32_add_pipe4.sv:24$304'.
No latch inferred for signal `\fp32_add_pipe4.\zeros_d' from process `\fp32_add_pipe4.$proc$rtl/fp32_add_pipe4.sv:24$304'.
No latch inferred for signal `\fp32_add_pipe4.\shift_d' from process `\fp32_add_pipe4.$proc$rtl/fp32_add_pipe4.sv:24$304'.
No latch inferred for signal `\fp32_add_pipe4.\lexp' from process `\fp32_add_pipe4.$proc$rtl/fp32_add_pipe4.sv:24$304'.
No latch inferred for signal `\fp32_add_pipe4.\rexp' from process `\fp32_add_pipe4.$proc$rtl/fp32_add_pipe4.sv:24$304'.
No latch inferred for signal `\fp32_add_pipe4.\lfrac' from process `\fp32_add_pipe4.$proc$rtl/fp32_add_pipe4.sv:24$304'.
No latch inferred for signal `\fp32_add_pipe4.\rfrac' from process `\fp32_add_pipe4.$proc$rtl/fp32_add_pipe4.sv:24$304'.
No latch inferred for signal `\fp32_add_pipe4.\lsig' from process `\fp32_add_pipe4.$proc$rtl/fp32_add_pipe4.sv:24$304'.
No latch inferred for signal `\fp32_add_pipe4.\rsig' from process `\fp32_add_pipe4.$proc$rtl/fp32_add_pipe4.sv:24$304'.

15.2.9. Executing PROC_DFF pass (convert process syncs to FFs).
Creating register for signal `\mixed_precision_bank_reducer_pingpong.\protocol_error_o' using process `\mixed_precision_bank_reducer_pingpong.$proc$rtl/mixed_precision_bank_reducer_pingpong.sv:39$1143'.
  created $adff cell `$procdff$2685' with positive edge clock and positive level reset.
Creating register for signal `\mixed_precision_bank_reducer_pingpong.\ctx_valid_q' using process `\mixed_precision_bank_reducer_pingpong.$proc$rtl/mixed_precision_bank_reducer_pingpong.sv:39$1143'.
  created $adff cell `$procdff$2690' with positive edge clock and positive level reset.
Creating register for signal `\mixed_precision_bank_reducer_pingpong.\combine_pending_q' using process `\mixed_precision_bank_reducer_pingpong.$proc$rtl/mixed_precision_bank_reducer_pingpong.sv:39$1143'.
  created $adff cell `$procdff$2695' with positive edge clock and positive level reset.
Creating register for signal `\mixed_precision_bank_reducer_pingpong.\result_valid_q' using process `\mixed_precision_bank_reducer_pingpong.$proc$rtl/mixed_precision_bank_reducer_pingpong.sv:39$1143'.
  created $adff cell `$procdff$2700' with positive edge clock and positive level reset.
Creating register for signal `\mixed_precision_bank_reducer_pingpong.\ctx_tag0_q' using process `\mixed_precision_bank_reducer_pingpong.$proc$rtl/mixed_precision_bank_reducer_pingpong.sv:39$1143'.
  created $adff cell `$procdff$2705' with positive edge clock and positive level reset.
Creating register for signal `\mixed_precision_bank_reducer_pingpong.\ctx_tag1_q' using process `\mixed_precision_bank_reducer_pingpong.$proc$rtl/mixed_precision_bank_reducer_pingpong.sv:39$1143'.
  created $adff cell `$procdff$2710' with positive edge clock and positive level reset.
Creating register for signal `\mixed_precision_bank_reducer_pingpong.\expected0_q' using process `\mixed_precision_bank_reducer_pingpong.$proc$rtl/mixed_precision_bank_reducer_pingpong.sv:39$1143'.
  created $adff cell `$procdff$2715' with positive edge clock and positive level reset.
Creating register for signal `\mixed_precision_bank_reducer_pingpong.\expected1_q' using process `\mixed_precision_bank_reducer_pingpong.$proc$rtl/mixed_precision_bank_reducer_pingpong.sv:39$1143'.
  created $adff cell `$procdff$2720' with positive edge clock and positive level reset.
Creating register for signal `\mixed_precision_bank_reducer_pingpong.\completed0_q' using process `\mixed_precision_bank_reducer_pingpong.$proc$rtl/mixed_precision_bank_reducer_pingpong.sv:39$1143'.
  created $adff cell `$procdff$2725' with positive edge clock and positive level reset.
Creating register for signal `\mixed_precision_bank_reducer_pingpong.\completed1_q' using process `\mixed_precision_bank_reducer_pingpong.$proc$rtl/mixed_precision_bank_reducer_pingpong.sv:39$1143'.
  created $adff cell `$procdff$2730' with positive edge clock and positive level reset.
Creating register for signal `\mixed_precision_bank_reducer_pingpong.\sum_slot0_q' using process `\mixed_precision_bank_reducer_pingpong.$proc$rtl/mixed_precision_bank_reducer_pingpong.sv:39$1143'.
  created $adff cell `$procdff$2735' with positive edge clock and positive level reset.
Creating register for signal `\mixed_precision_bank_reducer_pingpong.\sum_slot1_q' using process `\mixed_precision_bank_reducer_pingpong.$proc$rtl/mixed_precision_bank_reducer_pingpong.sv:39$1143'.
  created $adff cell `$procdff$2740' with positive edge clock and positive level reset.
Creating register for signal `\mixed_precision_bank_reducer_pingpong.\sumsq_slot0_q' using process `\mixed_precision_bank_reducer_pingpong.$proc$rtl/mixed_precision_bank_reducer_pingpong.sv:39$1143'.
  created $adff cell `$procdff$2745' with positive edge clock and positive level reset.
Creating register for signal `\mixed_precision_bank_reducer_pingpong.\sumsq_slot1_q' using process `\mixed_precision_bank_reducer_pingpong.$proc$rtl/mixed_precision_bank_reducer_pingpong.sv:39$1143'.
  created $adff cell `$procdff$2750' with positive edge clock and positive level reset.
Creating register for signal `\mixed_precision_bank_reducer_pingpong.\ctx_result_sum0_q' using process `\mixed_precision_bank_reducer_pingpong.$proc$rtl/mixed_precision_bank_reducer_pingpong.sv:39$1143'.
  created $adff cell `$procdff$2755' with positive edge clock and positive level reset.
Creating register for signal `\mixed_precision_bank_reducer_pingpong.\ctx_result_sum1_q' using process `\mixed_precision_bank_reducer_pingpong.$proc$rtl/mixed_precision_bank_reducer_pingpong.sv:39$1143'.
  created $adff cell `$procdff$2760' with positive edge clock and positive level reset.
Creating register for signal `\mixed_precision_bank_reducer_pingpong.\ctx_result_sumsq0_q' using process `\mixed_precision_bank_reducer_pingpong.$proc$rtl/mixed_precision_bank_reducer_pingpong.sv:39$1143'.
  created $adff cell `$procdff$2765' with positive edge clock and positive level reset.
Creating register for signal `\mixed_precision_bank_reducer_pingpong.\ctx_result_sumsq1_q' using process `\mixed_precision_bank_reducer_pingpong.$proc$rtl/mixed_precision_bank_reducer_pingpong.sv:39$1143'.
  created $adff cell `$procdff$2770' with positive edge clock and positive level reset.
Creating register for signal `\mixed_precision_bank_reducer_pingpong.\input_active_q' using process `\mixed_precision_bank_reducer_pingpong.$proc$rtl/mixed_precision_bank_reducer_pingpong.sv:39$1143'.
  created $adff cell `$procdff$2775' with positive edge clock and positive level reset.
Creating register for signal `\mixed_precision_bank_reducer_pingpong.\input_ctx_q' using process `\mixed_precision_bank_reducer_pingpong.$proc$rtl/mixed_precision_bank_reducer_pingpong.sv:39$1143'.
  created $adff cell `$procdff$2780' with positive edge clock and positive level reset.
Creating register for signal `\mixed_precision_bank_reducer_pingpong.\input_remaining_q' using process `\mixed_precision_bank_reducer_pingpong.$proc$rtl/mixed_precision_bank_reducer_pingpong.sv:39$1143'.
  created $adff cell `$procdff$2785' with positive edge clock and positive level reset.
Creating register for signal `\mixed_precision_bank_reducer_pingpong.\input_slot_q' using process `\mixed_precision_bank_reducer_pingpong.$proc$rtl/mixed_precision_bank_reducer_pingpong.sv:39$1143'.
  created $adff cell `$procdff$2790' with positive edge clock and positive level reset.
Creating register for signal `\mixed_precision_bank_reducer_pingpong.\x_valid_q' using process `\mixed_precision_bank_reducer_pingpong.$proc$rtl/mixed_precision_bank_reducer_pingpong.sv:39$1143'.
  created $adff cell `$procdff$2795' with positive edge clock and positive level reset.
Creating register for signal `\mixed_precision_bank_reducer_pingpong.\x_q' using process `\mixed_precision_bank_reducer_pingpong.$proc$rtl/mixed_precision_bank_reducer_pingpong.sv:39$1143'.
  created $adff cell `$procdff$2800' with positive edge clock and positive level reset.
Creating register for signal `\mixed_precision_bank_reducer_pingpong.\square_q' using process `\mixed_precision_bank_reducer_pingpong.$proc$rtl/mixed_precision_bank_reducer_pingpong.sv:39$1143'.
  created $adff cell `$procdff$2805' with positive edge clock and positive level reset.
Creating register for signal `\mixed_precision_bank_reducer_pingpong.\ctx_delay_q' using process `\mixed_precision_bank_reducer_pingpong.$proc$rtl/mixed_precision_bank_reducer_pingpong.sv:39$1143'.
  created $adff cell `$procdff$2810' with positive edge clock and positive level reset.
Creating register for signal `\mixed_precision_bank_reducer_pingpong.\acc_ctx_q' using process `\mixed_precision_bank_reducer_pingpong.$proc$rtl/mixed_precision_bank_reducer_pingpong.sv:39$1143'.
  created $adff cell `$procdff$2815' with positive edge clock and positive level reset.
Creating register for signal `\mixed_precision_bank_reducer_pingpong.\combine_busy_q' using process `\mixed_precision_bank_reducer_pingpong.$proc$rtl/mixed_precision_bank_reducer_pingpong.sv:39$1143'.
  created $adff cell `$procdff$2820' with positive edge clock and positive level reset.
Creating register for signal `\mixed_precision_bank_reducer_pingpong.\combine_ctx_q' using process `\mixed_precision_bank_reducer_pingpong.$proc$rtl/mixed_precision_bank_reducer_pingpong.sv:39$1143'.
  created $adff cell `$procdff$2825' with positive edge clock and positive level reset.
Creating register for signal `\mixed_precision_bank_reducer_pingpong.$fordecl_block$727.i' using process `\mixed_precision_bank_reducer_pingpong.$proc$rtl/mixed_precision_bank_reducer_pingpong.sv:39$1143'.
  created $adff cell `$procdff$2830' with positive edge clock and positive level reset.
Creating register for signal `\mixed_precision_bank_reducer_pingpong.$fordecl_block$729.i' using process `\mixed_precision_bank_reducer_pingpong.$proc$rtl/mixed_precision_bank_reducer_pingpong.sv:39$1143'.
  created $adff cell `$procdff$2835' with positive edge clock and positive level reset.
Creating register for signal `\mixed_precision_bank_reducer_pingpong.$fordecl_block$731.i' using process `\mixed_precision_bank_reducer_pingpong.$proc$rtl/mixed_precision_bank_reducer_pingpong.sv:39$1143'.
  created $dff cell `$procdff$2842' with positive edge clock.
Creating register for signal `\mixed_precision_bank_reducer_pingpong.\slot_delay_q[0]' using process `\mixed_precision_bank_reducer_pingpong.$proc$rtl/mixed_precision_bank_reducer_pingpong.sv:39$1143'.
  created $adff cell `$procdff$2847' with positive edge clock and positive level reset.
Creating register for signal `\mixed_precision_bank_reducer_pingpong.\slot_delay_q[1]' using process `\mixed_precision_bank_reducer_pingpong.$proc$rtl/mixed_precision_bank_reducer_pingpong.sv:39$1143'.
  created $adff cell `$procdff$2852' with positive edge clock and positive level reset.
Creating register for signal `\mixed_precision_bank_reducer_pingpong.\slot_delay_q[2]' using process `\mixed_precision_bank_reducer_pingpong.$proc$rtl/mixed_precision_bank_reducer_pingpong.sv:39$1143'.
  created $adff cell `$procdff$2857' with positive edge clock and positive level reset.
Creating register for signal `\mixed_precision_bank_reducer_pingpong.\slot_delay_q[3]' using process `\mixed_precision_bank_reducer_pingpong.$proc$rtl/mixed_precision_bank_reducer_pingpong.sv:39$1143'.
  created $adff cell `$procdff$2862' with positive edge clock and positive level reset.
Creating register for signal `\mixed_precision_bank_reducer_pingpong.\slot_delay_q[4]' using process `\mixed_precision_bank_reducer_pingpong.$proc$rtl/mixed_precision_bank_reducer_pingpong.sv:39$1143'.
  created $adff cell `$procdff$2867' with positive edge clock and positive level reset.
Creating register for signal `\mixed_precision_bank_reducer_pingpong.\slot_delay_q[5]' using process `\mixed_precision_bank_reducer_pingpong.$proc$rtl/mixed_precision_bank_reducer_pingpong.sv:39$1143'.
  created $adff cell `$procdff$2872' with positive edge clock and positive level reset.
Creating register for signal `\mixed_precision_bank_reducer_pingpong.\slot_delay_q[6]' using process `\mixed_precision_bank_reducer_pingpong.$proc$rtl/mixed_precision_bank_reducer_pingpong.sv:39$1143'.
  created $adff cell `$procdff$2877' with positive edge clock and positive level reset.
Creating register for signal `\mixed_precision_bank_reducer_pingpong.\acc_slot_q[0]' using process `\mixed_precision_bank_reducer_pingpong.$proc$rtl/mixed_precision_bank_reducer_pingpong.sv:39$1143'.
  created $adff cell `$procdff$2882' with positive edge clock and positive level reset.
Creating register for signal `\mixed_precision_bank_reducer_pingpong.\acc_slot_q[1]' using process `\mixed_precision_bank_reducer_pingpong.$proc$rtl/mixed_precision_bank_reducer_pingpong.sv:39$1143'.
  created $adff cell `$procdff$2887' with positive edge clock and positive level reset.
Creating register for signal `\mixed_precision_bank_reducer_pingpong.\acc_slot_q[2]' using process `\mixed_precision_bank_reducer_pingpong.$proc$rtl/mixed_precision_bank_reducer_pingpong.sv:39$1143'.
  created $adff cell `$procdff$2892' with positive edge clock and positive level reset.
Creating register for signal `\mixed_precision_bank_reducer_pingpong.$bitselwrite$pos$rtl/mixed_precision_bank_reducer_pingpong.sv:42$1096' using process `\mixed_precision_bank_reducer_pingpong.$proc$rtl/mixed_precision_bank_reducer_pingpong.sv:39$1143'.
  created $adff cell `$procdff$2897' with positive edge clock and positive level reset.
Creating register for signal `\mixed_precision_bank_reducer_pingpong.$bitselwrite$pos$rtl/mixed_precision_bank_reducer_pingpong.sv:46$1097' using process `\mixed_precision_bank_reducer_pingpong.$proc$rtl/mixed_precision_bank_reducer_pingpong.sv:39$1143'.
  created $adff cell `$procdff$2902' with positive edge clock and positive level reset.
Creating register for signal `\mixed_precision_bank_reducer_pingpong.$bitselwrite$pos$rtl/mixed_precision_bank_reducer_pingpong.sv:46$1098' using process `\mixed_precision_bank_reducer_pingpong.$proc$rtl/mixed_precision_bank_reducer_pingpong.sv:39$1143'.
  created $adff cell `$procdff$2907' with positive edge clock and positive level reset.
Creating register for signal `\mixed_precision_bank_reducer_pingpong.$bitselwrite$pos$rtl/mixed_precision_bank_reducer_pingpong.sv:46$1099' using process `\mixed_precision_bank_reducer_pingpong.$proc$rtl/mixed_precision_bank_reducer_pingpong.sv:39$1143'.
  created $adff cell `$procdff$2912' with positive edge clock and positive level reset.
Creating register for signal `\mixed_precision_bank_reducer_pingpong.$bitselwrite$pos$rtl/mixed_precision_bank_reducer_pingpong.sv:46$1100' using process `\mixed_precision_bank_reducer_pingpong.$proc$rtl/mixed_precision_bank_reducer_pingpong.sv:39$1143'.
  created $adff cell `$procdff$2917' with positive edge clock and positive level reset.
Creating register for signal `\mixed_precision_bank_reducer_pingpong.$bitselwrite$pos$rtl/mixed_precision_bank_reducer_pingpong.sv:47$1101' using process `\mixed_precision_bank_reducer_pingpong.$proc$rtl/mixed_precision_bank_reducer_pingpong.sv:39$1143'.
  created $adff cell `$procdff$2922' with positive edge clock and positive level reset.
Creating register for signal `\mixed_precision_bank_reducer_pingpong.\slot_delay_q[7]' using process `\mixed_precision_bank_reducer_pingpong.$proc$rtl/mixed_precision_bank_reducer_pingpong.sv:39$1143'.
  created $adff cell `$procdff$2927' with positive edge clock and positive level reset.
Creating register for signal `\mixed_precision_bank_reducer_pingpong.\slot_delay_q[8]' using process `\mixed_precision_bank_reducer_pingpong.$proc$rtl/mixed_precision_bank_reducer_pingpong.sv:39$1143'.
  created $adff cell `$procdff$2932' with positive edge clock and positive level reset.
Creating register for signal `\mixed_precision_bank_reducer_pingpong.\slot_delay_q[9]' using process `\mixed_precision_bank_reducer_pingpong.$proc$rtl/mixed_precision_bank_reducer_pingpong.sv:39$1143'.
  created $adff cell `$procdff$2937' with positive edge clock and positive level reset.
Creating register for signal `\mixed_precision_bank_reducer_pingpong.$lookahead\ctx_valid_q$1137' using process `\mixed_precision_bank_reducer_pingpong.$proc$rtl/mixed_precision_bank_reducer_pingpong.sv:39$1143'.
  created $adff cell `$procdff$2942' with positive edge clock and positive level reset.
Creating register for signal `\mixed_precision_bank_reducer_pingpong.$lookahead\sum_slot1_q$1138' using process `\mixed_precision_bank_reducer_pingpong.$proc$rtl/mixed_precision_bank_reducer_pingpong.sv:39$1143'.
  created $adff cell `$procdff$2947' with positive edge clock and positive level reset.
Creating register for signal `\mixed_precision_bank_reducer_pingpong.$lookahead\sumsq_slot1_q$1139' using process `\mixed_precision_bank_reducer_pingpong.$proc$rtl/mixed_precision_bank_reducer_pingpong.sv:39$1143'.
  created $adff cell `$procdff$2952' with positive edge clock and positive level reset.
Creating register for signal `\mixed_precision_bank_reducer_pingpong.$lookahead\sum_slot0_q$1140' using process `\mixed_precision_bank_reducer_pingpong.$proc$rtl/mixed_precision_bank_reducer_pingpong.sv:39$1143'.
  created $adff cell `$procdff$2957' with positive edge clock and positive level reset.
Creating register for signal `\mixed_precision_bank_reducer_pingpong.$lookahead\sumsq_slot0_q$1141' using process `\mixed_precision_bank_reducer_pingpong.$proc$rtl/mixed_precision_bank_reducer_pingpong.sv:39$1143'.
  created $adff cell `$procdff$2962' with positive edge clock and positive level reset.
Creating register for signal `\mixed_precision_bank_reducer_pingpong.$lookahead\combine_pending_q$1142' using process `\mixed_precision_bank_reducer_pingpong.$proc$rtl/mixed_precision_bank_reducer_pingpong.sv:39$1143'.
  created $adff cell `$procdff$2967' with positive edge clock and positive level reset.
Creating register for signal `\fp32_add_pipe4.\valid_q' using process `\fp32_add_pipe4.$proc$rtl/fp32_add_pipe4.sv:60$507'.
  created $adff cell `$procdff$2972' with positive edge clock and positive level reset.
Creating register for signal `\fp32_add_pipe4.\le_q' using process `\fp32_add_pipe4.$proc$rtl/fp32_add_pipe4.sv:60$507'.
  created $adff cell `$procdff$2977' with positive edge clock and positive level reset.
Creating register for signal `\fp32_add_pipe4.\large_q' using process `\fp32_add_pipe4.$proc$rtl/fp32_add_pipe4.sv:60$507'.
  created $adff cell `$procdff$2982' with positive edge clock and positive level reset.
Creating register for signal `\fp32_add_pipe4.\small_q' using process `\fp32_add_pipe4.$proc$rtl/fp32_add_pipe4.sv:60$507'.
  created $adff cell `$procdff$2987' with positive edge clock and positive level reset.
Creating register for signal `\fp32_add_pipe4.\lsign_q' using process `\fp32_add_pipe4.$proc$rtl/fp32_add_pipe4.sv:60$507'.
  created $adff cell `$procdff$2992' with positive edge clock and positive level reset.
Creating register for signal `\fp32_add_pipe4.\ssign_q' using process `\fp32_add_pipe4.$proc$rtl/fp32_add_pipe4.sv:60$507'.
  created $adff cell `$procdff$2997' with positive edge clock and positive level reset.
Creating register for signal `\fp32_add_pipe4.\nan0_q' using process `\fp32_add_pipe4.$proc$rtl/fp32_add_pipe4.sv:60$507'.
  created $adff cell `$procdff$3002' with positive edge clock and positive level reset.
Creating register for signal `\fp32_add_pipe4.\inf0_q' using process `\fp32_add_pipe4.$proc$rtl/fp32_add_pipe4.sv:60$507'.
  created $adff cell `$procdff$3007' with positive edge clock and positive level reset.
Creating register for signal `\fp32_add_pipe4.\invalid0_q' using process `\fp32_add_pipe4.$proc$rtl/fp32_add_pipe4.sv:60$507'.
  created $adff cell `$procdff$3012' with positive edge clock and positive level reset.
Creating register for signal `\fp32_add_pipe4.\zeros0_q' using process `\fp32_add_pipe4.$proc$rtl/fp32_add_pipe4.sv:60$507'.
  created $adff cell `$procdff$3017' with positive edge clock and positive level reset.
Creating register for signal `\fp32_add_pipe4.\mag1_q' using process `\fp32_add_pipe4.$proc$rtl/fp32_add_pipe4.sv:60$507'.
  created $adff cell `$procdff$3022' with positive edge clock and positive level reset.
Creating register for signal `\fp32_add_pipe4.\exp1_q' using process `\fp32_add_pipe4.$proc$rtl/fp32_add_pipe4.sv:60$507'.
  created $adff cell `$procdff$3027' with positive edge clock and positive level reset.
Creating register for signal `\fp32_add_pipe4.\sign1_q' using process `\fp32_add_pipe4.$proc$rtl/fp32_add_pipe4.sv:60$507'.
  created $adff cell `$procdff$3032' with positive edge clock and positive level reset.
Creating register for signal `\fp32_add_pipe4.\nan1_q' using process `\fp32_add_pipe4.$proc$rtl/fp32_add_pipe4.sv:60$507'.
  created $adff cell `$procdff$3037' with positive edge clock and positive level reset.
Creating register for signal `\fp32_add_pipe4.\inf1_q' using process `\fp32_add_pipe4.$proc$rtl/fp32_add_pipe4.sv:60$507'.
  created $adff cell `$procdff$3042' with positive edge clock and positive level reset.
Creating register for signal `\fp32_add_pipe4.\invalid1_q' using process `\fp32_add_pipe4.$proc$rtl/fp32_add_pipe4.sv:60$507'.
  created $adff cell `$procdff$3047' with positive edge clock and positive level reset.
Creating register for signal `\fp32_add_pipe4.\zeros1_q' using process `\fp32_add_pipe4.$proc$rtl/fp32_add_pipe4.sv:60$507'.
  created $adff cell `$procdff$3052' with positive edge clock and positive level reset.
Creating register for signal `\fp32_add_pipe4.\mag2_q' using process `\fp32_add_pipe4.$proc$rtl/fp32_add_pipe4.sv:60$507'.
  created $adff cell `$procdff$3057' with positive edge clock and positive level reset.
Creating register for signal `\fp32_add_pipe4.\exp2_q' using process `\fp32_add_pipe4.$proc$rtl/fp32_add_pipe4.sv:60$507'.
  created $adff cell `$procdff$3062' with positive edge clock and positive level reset.
Creating register for signal `\fp32_add_pipe4.\sign2_q' using process `\fp32_add_pipe4.$proc$rtl/fp32_add_pipe4.sv:60$507'.
  created $adff cell `$procdff$3067' with positive edge clock and positive level reset.
Creating register for signal `\fp32_add_pipe4.\nan2_q' using process `\fp32_add_pipe4.$proc$rtl/fp32_add_pipe4.sv:60$507'.
  created $adff cell `$procdff$3072' with positive edge clock and positive level reset.
Creating register for signal `\fp32_add_pipe4.\inf2_q' using process `\fp32_add_pipe4.$proc$rtl/fp32_add_pipe4.sv:60$507'.
  created $adff cell `$procdff$3077' with positive edge clock and positive level reset.
Creating register for signal `\fp32_add_pipe4.\invalid2_q' using process `\fp32_add_pipe4.$proc$rtl/fp32_add_pipe4.sv:60$507'.
  created $adff cell `$procdff$3082' with positive edge clock and positive level reset.
Creating register for signal `\fp32_add_pipe4.\zeros2_q' using process `\fp32_add_pipe4.$proc$rtl/fp32_add_pipe4.sv:60$507'.
  created $adff cell `$procdff$3087' with positive edge clock and positive level reset.

15.2.10. Executing PROC_MEMWR pass (convert process memory writes to cells).

15.2.11. Executing PROC_CLEAN pass (remove empty switches from decision trees).
Found and cleaned up 59 empty switches in `\fp32_mul.$proc$rtl/fp32_mul.sv:14$216'.
Removing empty process `fp32_mul.$proc$rtl/fp32_mul.sv:14$216'.
Removing empty process `mixed_precision_bank_reducer_pingpong.$proc$rtl/mixed_precision_bank_reducer_pingpong.sv:35$1126'.
Found and cleaned up 16 empty switches in `\mixed_precision_bank_reducer_pingpong.$proc$rtl/mixed_precision_bank_reducer_pingpong.sv:39$1143'.
Removing empty process `mixed_precision_bank_reducer_pingpong.$proc$rtl/mixed_precision_bank_reducer_pingpong.sv:39$1143'.
Found and cleaned up 2 empty switches in `\mixed_precision_bank_reducer_pingpong.$proc$rtl/mixed_precision_bank_reducer_pingpong.sv:14$1102'.
Removing empty process `mixed_precision_bank_reducer_pingpong.$proc$rtl/mixed_precision_bank_reducer_pingpong.sv:14$1102'.
Found and cleaned up 1 empty switch in `\fp32_add_pipe4.$proc$rtl/fp32_add_pipe4.sv:60$507'.
Removing empty process `fp32_add_pipe4.$proc$rtl/fp32_add_pipe4.sv:60$507'.
Found and cleaned up 7 empty switches in `\fp32_add_pipe4.$proc$rtl/fp32_add_pipe4.sv:49$494'.
Removing empty process `fp32_add_pipe4.$proc$rtl/fp32_add_pipe4.sv:49$494'.
Found and cleaned up 29 empty switches in `\fp32_add_pipe4.$proc$rtl/fp32_add_pipe4.sv:44$375'.
Removing empty process `fp32_add_pipe4.$proc$rtl/fp32_add_pipe4.sv:44$375'.
Found and cleaned up 2 empty switches in `\fp32_add_pipe4.$proc$rtl/fp32_add_pipe4.sv:37$369'.
Removing empty process `fp32_add_pipe4.$proc$rtl/fp32_add_pipe4.sv:37$369'.
Found and cleaned up 4 empty switches in `\fp32_add_pipe4.$proc$rtl/fp32_add_pipe4.sv:24$304'.
Removing empty process `fp32_add_pipe4.$proc$rtl/fp32_add_pipe4.sv:24$304'.
Cleaned up 120 empty switches.

15.2.12. Executing OPT_EXPR pass (perform const folding).
Optimizing module fp32_mul.
<suppressed ~15 debug messages>
Optimizing module mixed_precision_bank_reducer_pingpong.
<suppressed ~120 debug messages>
Optimizing module fp32_add_pipe4.
<suppressed ~70 debug messages>
Optimizing module bf16_to_fp32.

15.3. Executing OPT_EXPR pass (perform const folding).
Optimizing module fp32_mul.
Optimizing module mixed_precision_bank_reducer_pingpong.
<suppressed ~16 debug messages>
Optimizing module fp32_add_pipe4.
Optimizing module bf16_to_fp32.

15.4. Executing OPT_CLEAN pass (remove unused cells and wires).
Finding unused cells or wires in module \fp32_mul..
Finding unused cells or wires in module \mixed_precision_bank_reducer_pingpong..
Finding unused cells or wires in module \fp32_add_pipe4..
Finding unused cells or wires in module \bf16_to_fp32..
Removed 253 unused cells and 1269 unused wires.
<suppressed ~267 debug messages>

15.5. Executing CHECK pass (checking for obvious problems).
Checking module fp32_mul...
Checking module mixed_precision_bank_reducer_pingpong...
Checking module fp32_add_pipe4...
Checking module bf16_to_fp32...
Found and reported 0 problems.

15.6. Executing OPT pass (performing simple optimizations).

15.6.1. Executing OPT_EXPR pass (perform const folding).
Optimizing module fp32_mul.
Optimizing module mixed_precision_bank_reducer_pingpong.
Optimizing module fp32_add_pipe4.
Optimizing module bf16_to_fp32.

15.6.2. Executing OPT_MERGE pass (detect identical cells).
Finding identical cells in module `\fp32_mul'.
Computing hashes of 187 cells of `\fp32_mul'.
Finding duplicate cells in `\fp32_mul'.
Computing hashes of 174 cells of `\fp32_mul'.
Finding duplicate cells in `\fp32_mul'.
Computing hashes of 171 cells of `\fp32_mul'.
Finding duplicate cells in `\fp32_mul'.
Computing hashes of 170 cells of `\fp32_mul'.
Finding duplicate cells in `\fp32_mul'.
<suppressed ~51 debug messages>
Finding identical cells in module `\mixed_precision_bank_reducer_pingpong'.
Computing hashes of 272 cells of `\mixed_precision_bank_reducer_pingpong'.
Finding duplicate cells in `\mixed_precision_bank_reducer_pingpong'.
Computing hashes of 259 cells of `\mixed_precision_bank_reducer_pingpong'.
Finding duplicate cells in `\mixed_precision_bank_reducer_pingpong'.
Computing hashes of 253 cells of `\mixed_precision_bank_reducer_pingpong'.
Finding duplicate cells in `\mixed_precision_bank_reducer_pingpong'.
Computing hashes of 250 cells of `\mixed_precision_bank_reducer_pingpong'.
Finding duplicate cells in `\mixed_precision_bank_reducer_pingpong'.
<suppressed ~66 debug messages>
Finding identical cells in module `\fp32_add_pipe4'.
Computing hashes of 278 cells of `\fp32_add_pipe4'.
Finding duplicate cells in `\fp32_add_pipe4'.
Computing hashes of 263 cells of `\fp32_add_pipe4'.
Finding duplicate cells in `\fp32_add_pipe4'.
Computing hashes of 262 cells of `\fp32_add_pipe4'.
Finding duplicate cells in `\fp32_add_pipe4'.
<suppressed ~48 debug messages>
Finding identical cells in module `\bf16_to_fp32'.
Computing hashes of 0 cells of `\bf16_to_fp32'.
Finding duplicate cells in `\bf16_to_fp32'.
Removed a total of 55 cells.

15.6.3. Executing OPT_MUXTREE pass (detect dead branches in mux trees).
Running muxtree optimizer on module \fp32_mul..
  Creating internal representation of mux trees.
  Evaluating internal representation of mux trees.
  Analyzing evaluation results.
    dead port 1/2 on $mux $procmux$1490.
    dead port 1/2 on $mux $procmux$1487.
    dead port 1/2 on $mux $procmux$1484.
    dead port 1/2 on $mux $procmux$1481.
    dead port 2/2 on $mux $procmux$1478.
    dead port 1/2 on $mux $procmux$1436.
    dead port 1/2 on $mux $procmux$1433.
    dead port 1/2 on $mux $procmux$1430.
    dead port 1/2 on $mux $procmux$1427.
    dead port 2/2 on $mux $procmux$1424.
    dead port 1/2 on $mux $procmux$1322.
    dead port 1/2 on $mux $procmux$1319.
    dead port 1/2 on $mux $procmux$1316.
    dead port 1/2 on $mux $procmux$1313.
    dead port 1/2 on $mux $procmux$1310.
    dead port 1/2 on $mux $procmux$1307.
    dead port 1/2 on $mux $procmux$1301.
    dead port 1/2 on $mux $procmux$1298.
    dead port 1/2 on $mux $procmux$1295.
    dead port 1/2 on $mux $procmux$1292.
    dead port 1/2 on $mux $procmux$1289.
    dead port 1/2 on $mux $procmux$1742.
    dead port 1/2 on $mux $procmux$1739.
    dead port 1/2 on $mux $procmux$1802.
    dead port 1/2 on $mux $procmux$1661.
    dead port 1/2 on $mux $procmux$1658.
    dead port 1/2 on $mux $procmux$1655.
    dead port 1/2 on $mux $procmux$1574.
    dead port 1/2 on $mux $procmux$1571.
    dead port 1/2 on $mux $procmux$1568.
    dead port 1/2 on $mux $procmux$1565.
Running muxtree optimizer on module \mixed_precision_bank_reducer_pingpong..
  Creating internal representation of mux trees.
  Evaluating internal representation of mux trees.
  Analyzing evaluation results.
    dead port 2/2 on $mux $procmux$2171.
    dead port 2/2 on $mux $procmux$2165.
    dead port 2/2 on $mux $procmux$2159.
    dead port 2/2 on $mux $procmux$2153.
    dead port 2/2 on $mux $procmux$2108.
    dead port 2/2 on $mux $procmux$2102.
    dead port 2/2 on $mux $procmux$2096.
    dead port 2/2 on $mux $procmux$2084.
    dead port 2/2 on $mux $procmux$2072.
    dead port 2/2 on $mux $procmux$2066.
    dead port 2/2 on $mux $procmux$2060.
    dead port 2/2 on $mux $procmux$2058.
    dead port 2/2 on $mux $procmux$2051.
    dead port 1/2 on $mux $procmux$2049.
    dead port 2/2 on $mux $procmux$2014.
    dead port 2/2 on $mux $procmux$2008.
Running muxtree optimizer on module \fp32_add_pipe4..
  Creating internal representation of mux trees.
  Evaluating internal representation of mux trees.
      Replacing known input bits on port A of cell $procmux$2439: $add$rtl/fp32_add_pipe4.sv:50$498_Y -> { 1'0 $add$rtl/fp32_add_pipe4.sv:50$498_Y [23:0] }
      Replacing known input bits on port B of cell $procmux$2439: { 1'0 $add$rtl/fp32_add_pipe4.sv:50$498_Y [24:1] } -> { 2'01 $add$rtl/fp32_add_pipe4.sv:50$498_Y [23:1] }
      Replacing known input bits on port B of cell $procmux$2611: $add$rtl/fp32_add_pipe4.sv:39$371_Y [27:2] -> { 1'1 $add$rtl/fp32_add_pipe4.sv:39$371_Y [26:2] }
  Analyzing evaluation results.
    dead port 1/2 on $mux $procmux$2649.
    dead port 1/2 on $mux $procmux$2643.
    dead port 2/2 on $mux $procmux$2625.
    dead port 2/2 on $mux $procmux$2619.
    dead port 2/2 on $mux $procmux$2613.
    dead port 1/2 on $mux $procmux$2430.
    dead port 1/2 on $mux $procmux$2424.
    dead port 1/2 on $mux $procmux$2421.
    dead port 1/2 on $mux $procmux$2415.
    dead port 1/2 on $mux $procmux$2412.
    dead port 1/2 on $mux $procmux$2409.
    dead port 1/2 on $mux $procmux$2403.
    dead port 1/2 on $mux $procmux$2400.
    dead port 1/2 on $mux $procmux$2397.
    dead port 1/2 on $mux $procmux$2394.
    dead port 1/2 on $mux $procmux$2388.
    dead port 1/2 on $mux $procmux$2385.
    dead port 1/2 on $mux $procmux$2382.
    dead port 1/2 on $mux $procmux$2379.
    dead port 1/2 on $mux $procmux$2376.
Running muxtree optimizer on module \bf16_to_fp32..
  Creating internal representation of mux trees.
  No muxes found in this module.
Removed 67 multiplexer ports.
<suppressed ~497 debug messages>

15.6.4. Executing OPT_REDUCE pass (consolidate $*mux and $reduce_* inputs).
  Optimizing cells in module \fp32_mul.
  Optimizing cells in module \mixed_precision_bank_reducer_pingpong.
  Optimizing cells in module \fp32_add_pipe4.
    New input vector for $reduce_or cell $reduce_or$rtl/fp32_add_pipe4.sv:12$331: \ss_d
  Optimizing cells in module \fp32_add_pipe4.
  Optimizing cells in module \bf16_to_fp32.
Performed a total of 1 changes.

15.6.5. Executing OPT_MERGE pass (detect identical cells).
Finding identical cells in module `\fp32_mul'.
Computing hashes of 139 cells of `\fp32_mul'.
Finding duplicate cells in `\fp32_mul'.
Finding identical cells in module `\mixed_precision_bank_reducer_pingpong'.
Computing hashes of 234 cells of `\mixed_precision_bank_reducer_pingpong'.
Finding duplicate cells in `\mixed_precision_bank_reducer_pingpong'.
Finding identical cells in module `\fp32_add_pipe4'.
Computing hashes of 242 cells of `\fp32_add_pipe4'.
Finding duplicate cells in `\fp32_add_pipe4'.
Computing hashes of 238 cells of `\fp32_add_pipe4'.
Finding duplicate cells in `\fp32_add_pipe4'.
<suppressed ~12 debug messages>
Finding identical cells in module `\bf16_to_fp32'.
Computing hashes of 0 cells of `\bf16_to_fp32'.
Finding duplicate cells in `\bf16_to_fp32'.
Removed a total of 4 cells.

15.6.6. Executing OPT_DFF pass (perform DFF optimizations).

15.6.7. Executing OPT_CLEAN pass (remove unused cells and wires).
Finding unused cells or wires in module \fp32_mul..
Finding unused cells or wires in module \mixed_precision_bank_reducer_pingpong..
Finding unused cells or wires in module \fp32_add_pipe4..
Finding unused cells or wires in module \bf16_to_fp32..
Removed 0 unused cells and 126 unused wires.
<suppressed ~3 debug messages>

15.6.8. Executing OPT_EXPR pass (perform const folding).
Optimizing module fp32_mul.
Optimizing module mixed_precision_bank_reducer_pingpong.
Optimizing module fp32_add_pipe4.
Optimizing module bf16_to_fp32.

15.6.9. Rerunning OPT passes. (Maybe there is more to do..)

15.6.10. Executing OPT_MUXTREE pass (detect dead branches in mux trees).
Running muxtree optimizer on module \fp32_mul..
  Creating internal representation of mux trees.
  Evaluating internal representation of mux trees.
  Analyzing evaluation results.
Running muxtree optimizer on module \mixed_precision_bank_reducer_pingpong..
  Creating internal representation of mux trees.
  Evaluating internal representation of mux trees.
  Analyzing evaluation results.
Running muxtree optimizer on module \fp32_add_pipe4..
  Creating internal representation of mux trees.
  Evaluating internal representation of mux trees.
  Analyzing evaluation results.
Running muxtree optimizer on module \bf16_to_fp32..
  Creating internal representation of mux trees.
  No muxes found in this module.
Removed 0 multiplexer ports.
<suppressed ~426 debug messages>

15.6.11. Executing OPT_REDUCE pass (consolidate $*mux and $reduce_* inputs).
  Optimizing cells in module \fp32_mul.
  Optimizing cells in module \mixed_precision_bank_reducer_pingpong.
  Optimizing cells in module \fp32_add_pipe4.
  Optimizing cells in module \bf16_to_fp32.
Performed a total of 0 changes.

15.6.12. Executing OPT_MERGE pass (detect identical cells).
Finding identical cells in module `\fp32_mul'.
Computing hashes of 139 cells of `\fp32_mul'.
Finding duplicate cells in `\fp32_mul'.
Finding identical cells in module `\mixed_precision_bank_reducer_pingpong'.
Computing hashes of 234 cells of `\mixed_precision_bank_reducer_pingpong'.
Finding duplicate cells in `\mixed_precision_bank_reducer_pingpong'.
Finding identical cells in module `\fp32_add_pipe4'.
Computing hashes of 238 cells of `\fp32_add_pipe4'.
Finding duplicate cells in `\fp32_add_pipe4'.
Finding identical cells in module `\bf16_to_fp32'.
Computing hashes of 0 cells of `\bf16_to_fp32'.
Finding duplicate cells in `\bf16_to_fp32'.
Removed a total of 0 cells.

15.6.13. Executing OPT_DFF pass (perform DFF optimizations).

15.6.14. Executing OPT_CLEAN pass (remove unused cells and wires).
Finding unused cells or wires in module \fp32_mul..
Finding unused cells or wires in module \mixed_precision_bank_reducer_pingpong..
Finding unused cells or wires in module \fp32_add_pipe4..
Finding unused cells or wires in module \bf16_to_fp32..

15.6.15. Executing OPT_EXPR pass (perform const folding).
Optimizing module fp32_mul.
Optimizing module mixed_precision_bank_reducer_pingpong.
Optimizing module fp32_add_pipe4.
Optimizing module bf16_to_fp32.

15.6.16. Finished fast OPT passes. (There is nothing left to do.)

15.7. Executing FSM pass (extract and optimize FSM).

15.7.1. Executing FSM_DETECT pass (finding FSMs in design).

15.7.2. Executing FSM_EXTRACT pass (extracting FSM from design).

15.7.3. Executing FSM_OPT pass (simple optimizations of FSMs).

15.7.4. Executing OPT_CLEAN pass (remove unused cells and wires).
Finding unused cells or wires in module \fp32_mul..
Finding unused cells or wires in module \mixed_precision_bank_reducer_pingpong..
Finding unused cells or wires in module \fp32_add_pipe4..
Finding unused cells or wires in module \bf16_to_fp32..

15.7.5. Executing FSM_OPT pass (simple optimizations of FSMs).

15.7.6. Executing FSM_RECODE pass (re-assigning FSM state encoding).

15.7.7. Executing FSM_INFO pass (dumping all available information on FSM cells).

15.7.8. Executing FSM_MAP pass (mapping FSMs to basic logic).

15.8. Executing OPT pass (performing simple optimizations).

15.8.1. Executing OPT_EXPR pass (perform const folding).
Optimizing module fp32_mul.
Optimizing module mixed_precision_bank_reducer_pingpong.
Optimizing module fp32_add_pipe4.
Optimizing module bf16_to_fp32.

15.8.2. Executing OPT_MERGE pass (detect identical cells).
Finding identical cells in module `\fp32_mul'.
Computing hashes of 139 cells of `\fp32_mul'.
Finding duplicate cells in `\fp32_mul'.
Finding identical cells in module `\mixed_precision_bank_reducer_pingpong'.
Computing hashes of 234 cells of `\mixed_precision_bank_reducer_pingpong'.
Finding duplicate cells in `\mixed_precision_bank_reducer_pingpong'.
Finding identical cells in module `\fp32_add_pipe4'.
Computing hashes of 238 cells of `\fp32_add_pipe4'.
Finding duplicate cells in `\fp32_add_pipe4'.
Finding identical cells in module `\bf16_to_fp32'.
Computing hashes of 0 cells of `\bf16_to_fp32'.
Finding duplicate cells in `\bf16_to_fp32'.
Removed a total of 0 cells.

15.8.3. Executing OPT_MUXTREE pass (detect dead branches in mux trees).
Running muxtree optimizer on module \fp32_mul..
  Creating internal representation of mux trees.
  Evaluating internal representation of mux trees.
  Analyzing evaluation results.
Running muxtree optimizer on module \mixed_precision_bank_reducer_pingpong..
  Creating internal representation of mux trees.
  Evaluating internal representation of mux trees.
  Analyzing evaluation results.
Running muxtree optimizer on module \fp32_add_pipe4..
  Creating internal representation of mux trees.
  Evaluating internal representation of mux trees.
  Analyzing evaluation results.
Running muxtree optimizer on module \bf16_to_fp32..
  Creating internal representation of mux trees.
  No muxes found in this module.
Removed 0 multiplexer ports.
<suppressed ~426 debug messages>

15.8.4. Executing OPT_REDUCE pass (consolidate $*mux and $reduce_* inputs).
  Optimizing cells in module \fp32_mul.
  Optimizing cells in module \mixed_precision_bank_reducer_pingpong.
  Optimizing cells in module \fp32_add_pipe4.
  Optimizing cells in module \bf16_to_fp32.
Performed a total of 0 changes.

15.8.5. Executing OPT_MERGE pass (detect identical cells).
Finding identical cells in module `\fp32_mul'.
Computing hashes of 139 cells of `\fp32_mul'.
Finding duplicate cells in `\fp32_mul'.
Finding identical cells in module `\mixed_precision_bank_reducer_pingpong'.
Computing hashes of 234 cells of `\mixed_precision_bank_reducer_pingpong'.
Finding duplicate cells in `\mixed_precision_bank_reducer_pingpong'.
Finding identical cells in module `\fp32_add_pipe4'.
Computing hashes of 238 cells of `\fp32_add_pipe4'.
Finding duplicate cells in `\fp32_add_pipe4'.
Finding identical cells in module `\bf16_to_fp32'.
Computing hashes of 0 cells of `\bf16_to_fp32'.
Finding duplicate cells in `\bf16_to_fp32'.
Removed a total of 0 cells.

15.8.6. Executing OPT_DFF pass (perform DFF optimizations).
Adding EN signal on $procdff$2760 ($adff) from module mixed_precision_bank_reducer_pingpong (D = \fs, Q = \ctx_result_sum1_q).
Adding EN signal on $procdff$2785 ($adff) from module mixed_precision_bank_reducer_pingpong (D = $0\input_remaining_q[15:0], Q = \input_remaining_q).
Adding EN signal on $procdff$2810 ($adff) from module mixed_precision_bank_reducer_pingpong (D = \input_ctx_q, Q = \ctx_delay_q [0]).
Adding EN signal on $procdff$2815 ($adff) from module mixed_precision_bank_reducer_pingpong (D = \ctx_delay_q [9], Q = \acc_ctx_q [0]).
Adding EN signal on $procdff$2825 ($adff) from module mixed_precision_bank_reducer_pingpong (D = \combine_sel, Q = \combine_ctx_q).
Adding EN signal on $procdff$2882 ($adff) from module mixed_precision_bank_reducer_pingpong (D = \slot_delay_q[9], Q = \acc_slot_q[0]).
Adding EN signal on $procdff$2765 ($adff) from module mixed_precision_bank_reducer_pingpong (D = \fq, Q = \ctx_result_sumsq0_q).
Adding EN signal on $procdff$2720 ($adff) from module mixed_precision_bank_reducer_pingpong (D = \begin_vector_count_i, Q = \expected1_q).
Adding EN signal on $procdff$2705 ($adff) from module mixed_precision_bank_reducer_pingpong (D = \begin_tag_i, Q = \ctx_tag0_q).
Adding EN signal on $procdff$2755 ($adff) from module mixed_precision_bank_reducer_pingpong (D = \fs, Q = \ctx_result_sum0_q).
Adding EN signal on $procdff$2820 ($adff) from module mixed_precision_bank_reducer_pingpong (D = $0\combine_busy_q[0:0], Q = \combine_busy_q).
Adding EN signal on $procdff$2805 ($adff) from module mixed_precision_bank_reducer_pingpong (D = \square, Q = \square_q).
Adding EN signal on $procdff$2710 ($adff) from module mixed_precision_bank_reducer_pingpong (D = \begin_tag_i, Q = \ctx_tag1_q).
Adding EN signal on $procdff$2770 ($adff) from module mixed_precision_bank_reducer_pingpong (D = \fq, Q = \ctx_result_sumsq1_q).
Adding EN signal on $procdff$2847 ($adff) from module mixed_precision_bank_reducer_pingpong (D = \input_slot_q, Q = \slot_delay_q[0]).
Adding EN signal on $procdff$2780 ($adff) from module mixed_precision_bank_reducer_pingpong (D = \free_ctx, Q = \input_ctx_q).
Adding EN signal on $procdff$2800 ($adff) from module mixed_precision_bank_reducer_pingpong (D = \expanded, Q = \x_q).
Adding EN signal on $procdff$2790 ($adff) from module mixed_precision_bank_reducer_pingpong (D = $0\input_slot_q[1:0], Q = \input_slot_q).
Adding EN signal on $procdff$2715 ($adff) from module mixed_precision_bank_reducer_pingpong (D = \begin_vector_count_i, Q = \expected0_q).
Adding EN signal on $procdff$3082 ($adff) from module fp32_add_pipe4 (D = \invalid1_q, Q = \invalid2_q).
Adding EN signal on $procdff$3037 ($adff) from module fp32_add_pipe4 (D = \nan0_q, Q = \nan1_q).
Adding EN signal on $procdff$2972 ($adff) from module fp32_add_pipe4 (D = { \valid_q [1:0] \valid_i }, Q = \valid_q).
Adding EN signal on $procdff$3072 ($adff) from module fp32_add_pipe4 (D = \nan1_q, Q = \nan2_q).
Adding EN signal on $procdff$3042 ($adff) from module fp32_add_pipe4 (D = \inf0_q, Q = \inf1_q).
Adding EN signal on $procdff$2977 ($adff) from module fp32_add_pipe4 (D = \le_d, Q = \le_q).
Adding EN signal on $procdff$3007 ($adff) from module fp32_add_pipe4 (D = \inf_d, Q = \inf0_q).
Adding EN signal on $procdff$3052 ($adff) from module fp32_add_pipe4 (D = \zeros0_q, Q = \zeros1_q).
Adding EN signal on $procdff$2982 ($adff) from module fp32_add_pipe4 (D = { \ls_d 3'000 }, Q = \large_q).
Adding EN signal on $procdff$3017 ($adff) from module fp32_add_pipe4 (D = \zeros_d, Q = \zeros0_q).
Adding EN signal on $procdff$3032 ($adff) from module fp32_add_pipe4 (D = \lsign_q, Q = \sign1_q).
Adding EN signal on $procdff$2987 ($adff) from module fp32_add_pipe4 (D = \small_d, Q = \small_q).
Adding EN signal on $procdff$3062 ($adff) from module fp32_add_pipe4 (D = \exp2_d, Q = \exp2_q).
Adding EN signal on $procdff$3077 ($adff) from module fp32_add_pipe4 (D = \inf1_q, Q = \inf2_q).
Adding EN signal on $procdff$3047 ($adff) from module fp32_add_pipe4 (D = \invalid0_q, Q = \invalid1_q).
Adding EN signal on $procdff$3027 ($adff) from module fp32_add_pipe4 (D = \exp1_d, Q = \exp1_q).
Adding EN signal on $procdff$2992 ($adff) from module fp32_add_pipe4 (D = \lsign_d, Q = \lsign_q).
Adding EN signal on $procdff$3022 ($adff) from module fp32_add_pipe4 (D = \mag1_d, Q = \mag1_q).
Adding EN signal on $procdff$3002 ($adff) from module fp32_add_pipe4 (D = \nan_d, Q = \nan0_q).
Adding EN signal on $procdff$3087 ($adff) from module fp32_add_pipe4 (D = \zeros1_q, Q = \zeros2_q).
Adding EN signal on $procdff$2997 ($adff) from module fp32_add_pipe4 (D = \ssign_d, Q = \ssign_q).
Adding EN signal on $procdff$3057 ($adff) from module fp32_add_pipe4 (D = \mag2_d, Q = \mag2_q).
Adding EN signal on $procdff$3012 ($adff) from module fp32_add_pipe4 (D = \invalid_inf_d, Q = \invalid0_q).
Adding EN signal on $procdff$3067 ($adff) from module fp32_add_pipe4 (D = \sign1_q, Q = \sign2_q).
Setting constant 0-bit at position 0 on $auto$ff.cc:337:slice$3147 ($adffe) from module fp32_add_pipe4.
Setting constant 0-bit at position 1 on $auto$ff.cc:337:slice$3147 ($adffe) from module fp32_add_pipe4.
Setting constant 0-bit at position 2 on $auto$ff.cc:337:slice$3147 ($adffe) from module fp32_add_pipe4.

15.8.7. Executing OPT_CLEAN pass (remove unused cells and wires).
Finding unused cells or wires in module \fp32_mul..
Finding unused cells or wires in module \mixed_precision_bank_reducer_pingpong..
Finding unused cells or wires in module \fp32_add_pipe4..
Finding unused cells or wires in module \bf16_to_fp32..
Removed 50 unused cells and 48 unused wires.
<suppressed ~52 debug messages>

15.8.8. Executing OPT_EXPR pass (perform const folding).
Optimizing module fp32_mul.
Optimizing module mixed_precision_bank_reducer_pingpong.
<suppressed ~3 debug messages>
Optimizing module fp32_add_pipe4.
Optimizing module bf16_to_fp32.

15.8.9. Rerunning OPT passes. (Maybe there is more to do..)

15.8.10. Executing OPT_MUXTREE pass (detect dead branches in mux trees).
Running muxtree optimizer on module \fp32_mul..
  Creating internal representation of mux trees.
  Evaluating internal representation of mux trees.
  Analyzing evaluation results.
Running muxtree optimizer on module \mixed_precision_bank_reducer_pingpong..
  Creating internal representation of mux trees.
  Evaluating internal representation of mux trees.
  Analyzing evaluation results.
Running muxtree optimizer on module \fp32_add_pipe4..
  Creating internal representation of mux trees.
  Evaluating internal representation of mux trees.
  Analyzing evaluation results.
Running muxtree optimizer on module \bf16_to_fp32..
  Creating internal representation of mux trees.
  No muxes found in this module.
Removed 0 multiplexer ports.
<suppressed ~340 debug messages>

15.8.11. Executing OPT_REDUCE pass (consolidate $*mux and $reduce_* inputs).
  Optimizing cells in module \fp32_mul.
  Optimizing cells in module \mixed_precision_bank_reducer_pingpong.
  Optimizing cells in module \fp32_add_pipe4.
  Optimizing cells in module \bf16_to_fp32.
Performed a total of 0 changes.

15.8.12. Executing OPT_MERGE pass (detect identical cells).
Finding identical cells in module `\fp32_mul'.
Computing hashes of 139 cells of `\fp32_mul'.
Finding duplicate cells in `\fp32_mul'.
Finding identical cells in module `\mixed_precision_bank_reducer_pingpong'.
Computing hashes of 227 cells of `\mixed_precision_bank_reducer_pingpong'.
Finding duplicate cells in `\mixed_precision_bank_reducer_pingpong'.
Computing hashes of 222 cells of `\mixed_precision_bank_reducer_pingpong'.
Finding duplicate cells in `\mixed_precision_bank_reducer_pingpong'.
Computing hashes of 220 cells of `\mixed_precision_bank_reducer_pingpong'.
Finding duplicate cells in `\mixed_precision_bank_reducer_pingpong'.
<suppressed ~21 debug messages>
Finding identical cells in module `\fp32_add_pipe4'.
Computing hashes of 212 cells of `\fp32_add_pipe4'.
Finding duplicate cells in `\fp32_add_pipe4'.
Finding identical cells in module `\bf16_to_fp32'.
Computing hashes of 0 cells of `\bf16_to_fp32'.
Finding duplicate cells in `\bf16_to_fp32'.
Removed a total of 7 cells.

15.8.13. Executing OPT_DFF pass (perform DFF optimizations).

15.8.14. Executing OPT_CLEAN pass (remove unused cells and wires).
Finding unused cells or wires in module \fp32_mul..
Finding unused cells or wires in module \mixed_precision_bank_reducer_pingpong..
Finding unused cells or wires in module \fp32_add_pipe4..
Finding unused cells or wires in module \bf16_to_fp32..
Removed 0 unused cells and 7 unused wires.
<suppressed ~1 debug messages>

15.8.15. Executing OPT_EXPR pass (perform const folding).
Optimizing module fp32_mul.
Optimizing module mixed_precision_bank_reducer_pingpong.
Optimizing module fp32_add_pipe4.
Optimizing module bf16_to_fp32.

15.8.16. Rerunning OPT passes. (Maybe there is more to do..)

15.8.17. Executing OPT_MUXTREE pass (detect dead branches in mux trees).
Running muxtree optimizer on module \fp32_mul..
  Creating internal representation of mux trees.
  Evaluating internal representation of mux trees.
  Analyzing evaluation results.
Running muxtree optimizer on module \mixed_precision_bank_reducer_pingpong..
  Creating internal representation of mux trees.
  Evaluating internal representation of mux trees.
  Analyzing evaluation results.
Running muxtree optimizer on module \fp32_add_pipe4..
  Creating internal representation of mux trees.
  Evaluating internal representation of mux trees.
  Analyzing evaluation results.
Running muxtree optimizer on module \bf16_to_fp32..
  Creating internal representation of mux trees.
  No muxes found in this module.
Removed 0 multiplexer ports.
<suppressed ~340 debug messages>

15.8.18. Executing OPT_REDUCE pass (consolidate $*mux and $reduce_* inputs).
  Optimizing cells in module \fp32_mul.
  Optimizing cells in module \mixed_precision_bank_reducer_pingpong.
  Optimizing cells in module \fp32_add_pipe4.
  Optimizing cells in module \bf16_to_fp32.
Performed a total of 0 changes.

15.8.19. Executing OPT_MERGE pass (detect identical cells).
Finding identical cells in module `\fp32_mul'.
Computing hashes of 139 cells of `\fp32_mul'.
Finding duplicate cells in `\fp32_mul'.
Finding identical cells in module `\mixed_precision_bank_reducer_pingpong'.
Computing hashes of 220 cells of `\mixed_precision_bank_reducer_pingpong'.
Finding duplicate cells in `\mixed_precision_bank_reducer_pingpong'.
Finding identical cells in module `\fp32_add_pipe4'.
Computing hashes of 212 cells of `\fp32_add_pipe4'.
Finding duplicate cells in `\fp32_add_pipe4'.
Finding identical cells in module `\bf16_to_fp32'.
Computing hashes of 0 cells of `\bf16_to_fp32'.
Finding duplicate cells in `\bf16_to_fp32'.
Removed a total of 0 cells.

15.8.20. Executing OPT_DFF pass (perform DFF optimizations).

15.8.21. Executing OPT_CLEAN pass (remove unused cells and wires).
Finding unused cells or wires in module \fp32_mul..
Finding unused cells or wires in module \mixed_precision_bank_reducer_pingpong..
Finding unused cells or wires in module \fp32_add_pipe4..
Finding unused cells or wires in module \bf16_to_fp32..

15.8.22. Executing OPT_EXPR pass (perform const folding).
Optimizing module fp32_mul.
Optimizing module mixed_precision_bank_reducer_pingpong.
Optimizing module fp32_add_pipe4.
Optimizing module bf16_to_fp32.

15.8.23. Finished fast OPT passes. (There is nothing left to do.)

15.9. Executing WREDUCE pass (reducing word size of cells).
Removed top 25 bits (of 32) from port B of cell fp32_mul.$sub$rtl/fp32_mul.sv:22$223 ($sub).
Removed top 23 bits (of 32) from port Y of cell fp32_mul.$sub$rtl/fp32_mul.sv:22$223 ($sub).
Removed top 25 bits (of 32) from port B of cell fp32_mul.$sub$rtl/fp32_mul.sv:23$226 ($sub).
Removed top 23 bits (of 32) from port Y of cell fp32_mul.$sub$rtl/fp32_mul.sv:23$226 ($sub).
Removed top 25 bits (of 32) from port B of cell fp32_mul.$sub$rtl/fp32_mul.sv:27$229 ($sub).
Removed top 23 bits (of 32) from port B of cell fp32_mul.$ge$rtl/fp32_mul.sv:39$260 ($ge).
Removed top 24 bits (of 32) from port B of cell fp32_mul.$ge$rtl/fp32_mul.sv:40$261 ($ge).
Removed top 26 bits (of 32) from port B of cell fp32_mul.$sub$rtl/fp32_mul.sv:41$262 ($sub).
Removed top 31 bits (of 32) from port B of cell fp32_mul.$gt$rtl/fp32_mul.sv:42$263 ($gt).
Removed top 80 bits (of 128) from port A of cell fp32_mul.$shr$rtl/fp32_mul.sv:43$264 ($shr).
Removed top 127 bits (of 128) from port A of cell fp32_mul.$shl$rtl/fp32_mul.sv:44$266 ($shl).
Removed top 30 bits (of 32) from port B of cell fp32_mul.$sub$rtl/fp32_mul.sv:45$268 ($sub).
Removed top 80 bits (of 128) from port A of cell fp32_mul.$and$rtl/fp32_mul.sv:46$270 ($and).
Removed top 80 bits (of 128) from port A of cell fp32_mul.$shl$rtl/fp32_mul.sv:48$276 ($shl).
Removed top 103 bits (of 128) from port B of cell fp32_mul.$ge$rtl/fp32_mul.sv:49$277 ($ge).
Removed top 30 bits (of 32) from port B of cell fp32_mul.$add$rtl/fp32_mul.sv:51$279 ($add).
Removed top 23 bits (of 32) from port B of cell fp32_mul.$ge$rtl/fp32_mul.sv:53$280 ($ge).
Removed top 24 bits (of 32) from port B of cell fp32_mul.$add$rtl/fp32_mul.sv:55$281 ($add).
Removed top 24 bits (of 32) from port Y of cell fp32_mul.$add$rtl/fp32_mul.sv:55$281 ($add).
Removed top 24 bits (of 32) from port A of cell fp32_mul.$add$rtl/fp32_mul.sv:55$281 ($add).
Removed top 24 bits (of 32) from port B of cell fp32_mul.$add$rtl/fp32_mul.sv:59$283 ($add).
Removed top 23 bits (of 32) from port B of cell fp32_mul.$ge$rtl/fp32_mul.sv:60$285 ($ge).
Removed top 31 bits (of 32) from port B of cell fp32_mul.$gt$rtl/fp32_mul.sv:61$286 ($gt).
Removed top 80 bits (of 128) from port A of cell fp32_mul.$shr$rtl/fp32_mul.sv:62$287 ($shr).
Removed top 127 bits (of 128) from port A of cell fp32_mul.$shl$rtl/fp32_mul.sv:63$289 ($shl).
Removed top 30 bits (of 32) from port B of cell fp32_mul.$sub$rtl/fp32_mul.sv:64$291 ($sub).
Removed top 80 bits (of 128) from port A of cell fp32_mul.$and$rtl/fp32_mul.sv:65$293 ($and).
Removed top 80 bits (of 128) from port A of cell fp32_mul.$shl$rtl/fp32_mul.sv:67$299 ($shl).
Removed top 104 bits (of 128) from port B of cell fp32_mul.$ge$rtl/fp32_mul.sv:68$300 ($ge).
Removed top 8 bits (of 32) from mux cell fp32_mul.$procmux$1286 ($mux).
Removed top 1 bits (of 32) from mux cell fp32_mul.$procmux$1422 ($mux).
Removed top 105 bits (of 128) from mux cell fp32_mul.$procmux$1476 ($mux).
Removed top 1 bits (of 32) from mux cell fp32_mul.$procmux$1562 ($mux).
Removed top 1 bits (of 32) from mux cell fp32_mul.$procmux$1652 ($mux).
Removed top 1 bits (of 32) from mux cell fp32_mul.$procmux$1736 ($mux).
Removed top 1 bits (of 32) from mux cell fp32_mul.$procmux$1799 ($mux).
Removed top 31 bits (of 32) from mux cell fp32_mul.$procmux$2000 ($mux).
Removed top 31 bits (of 32) from wire fp32_mul.$2\msb_index[31:0].
Removed top 105 bits (of 128) from wire fp32_mul.$7\rounded_wide[127:0].
Removed top 24 bits (of 32) from wire fp32_mul.$add$rtl/fp32_mul.sv:55$281_Y.
Removed top 24 bits (of 32) from port B of cell mixed_precision_bank_reducer_pingpong.$shiftx$rtl/mixed_precision_bank_reducer_pingpong.sv:30$1117 ($shiftx).
Removed top 24 bits (of 32) from port B of cell mixed_precision_bank_reducer_pingpong.$shiftx$rtl/mixed_precision_bank_reducer_pingpong.sv:30$1119 ($shiftx).
Removed top 24 bits (of 32) from port B of cell mixed_precision_bank_reducer_pingpong.$shiftx$rtl/mixed_precision_bank_reducer_pingpong.sv:31$1122 ($shiftx).
Removed top 24 bits (of 32) from port B of cell mixed_precision_bank_reducer_pingpong.$shiftx$rtl/mixed_precision_bank_reducer_pingpong.sv:31$1124 ($shiftx).
Removed top 31 bits (of 32) from mux cell mixed_precision_bank_reducer_pingpong.$ternary$rtl/mixed_precision_bank_reducer_pingpong.sv:35$1127 ($mux).
Converting cell mixed_precision_bank_reducer_pingpong.$neg$rtl/mixed_precision_bank_reducer_pingpong.sv:42$1181 ($neg) from signed to unsigned.
Removed top 1 bits (of 2) from port A of cell mixed_precision_bank_reducer_pingpong.$neg$rtl/mixed_precision_bank_reducer_pingpong.sv:42$1181 ($neg).
Removed top 30 bits (of 32) from port Y of cell mixed_precision_bank_reducer_pingpong.$or$rtl/mixed_precision_bank_reducer_pingpong.sv:42$1187 ($or).
Removed top 30 bits (of 32) from port A of cell mixed_precision_bank_reducer_pingpong.$or$rtl/mixed_precision_bank_reducer_pingpong.sv:42$1187 ($or).
Removed top 30 bits (of 32) from port B of cell mixed_precision_bank_reducer_pingpong.$or$rtl/mixed_precision_bank_reducer_pingpong.sv:42$1187 ($or).
Removed top 15 bits (of 16) from port B of cell mixed_precision_bank_reducer_pingpong.$eq$rtl/mixed_precision_bank_reducer_pingpong.sv:43$1195 ($eq).
Removed top 25 bits (of 33) from port A of cell mixed_precision_bank_reducer_pingpong.$neg$rtl/mixed_precision_bank_reducer_pingpong.sv:46$1216 ($neg).
Converting cell mixed_precision_bank_reducer_pingpong.$neg$rtl/mixed_precision_bank_reducer_pingpong.sv:46$1216 ($neg) from signed to unsigned.
Removed top 1 bits (of 8) from port A of cell mixed_precision_bank_reducer_pingpong.$neg$rtl/mixed_precision_bank_reducer_pingpong.sv:46$1216 ($neg).
Converting cell mixed_precision_bank_reducer_pingpong.$neg$rtl/mixed_precision_bank_reducer_pingpong.sv:47$1257 ($neg) from signed to unsigned.
Removed top 1 bits (of 2) from port A of cell mixed_precision_bank_reducer_pingpong.$neg$rtl/mixed_precision_bank_reducer_pingpong.sv:47$1257 ($neg).
Removed top 30 bits (of 32) from port Y of cell mixed_precision_bank_reducer_pingpong.$or$rtl/mixed_precision_bank_reducer_pingpong.sv:47$1263 ($or).
Removed top 30 bits (of 32) from port A of cell mixed_precision_bank_reducer_pingpong.$or$rtl/mixed_precision_bank_reducer_pingpong.sv:47$1263 ($or).
Removed top 30 bits (of 32) from port B of cell mixed_precision_bank_reducer_pingpong.$or$rtl/mixed_precision_bank_reducer_pingpong.sv:47$1263 ($or).
Removed top 30 bits (of 32) from port Y of cell mixed_precision_bank_reducer_pingpong.$and$rtl/mixed_precision_bank_reducer_pingpong.sv:42$1184 ($and).
Removed top 30 bits (of 32) from port B of cell mixed_precision_bank_reducer_pingpong.$and$rtl/mixed_precision_bank_reducer_pingpong.sv:42$1184 ($and).
Removed top 30 bits (of 32) from port Y of cell mixed_precision_bank_reducer_pingpong.$and$rtl/mixed_precision_bank_reducer_pingpong.sv:47$1260 ($and).
Removed top 30 bits (of 32) from port B of cell mixed_precision_bank_reducer_pingpong.$and$rtl/mixed_precision_bank_reducer_pingpong.sv:47$1260 ($and).
Removed top 30 bits (of 32) from port Y of cell mixed_precision_bank_reducer_pingpong.$shift$rtl/mixed_precision_bank_reducer_pingpong.sv:47$1262 ($shift).
Removed top 30 bits (of 32) from port Y of cell mixed_precision_bank_reducer_pingpong.$not$rtl/mixed_precision_bank_reducer_pingpong.sv:42$1183 ($not).
Removed top 30 bits (of 32) from port A of cell mixed_precision_bank_reducer_pingpong.$not$rtl/mixed_precision_bank_reducer_pingpong.sv:42$1183 ($not).
Removed top 30 bits (of 32) from port Y of cell mixed_precision_bank_reducer_pingpong.$not$rtl/mixed_precision_bank_reducer_pingpong.sv:47$1259 ($not).
Removed top 30 bits (of 32) from port A of cell mixed_precision_bank_reducer_pingpong.$not$rtl/mixed_precision_bank_reducer_pingpong.sv:47$1259 ($not).
Removed top 30 bits (of 32) from port Y of cell mixed_precision_bank_reducer_pingpong.$shift$rtl/mixed_precision_bank_reducer_pingpong.sv:42$1182 ($shift).
Removed top 30 bits (of 32) from port Y of cell mixed_precision_bank_reducer_pingpong.$shift$rtl/mixed_precision_bank_reducer_pingpong.sv:47$1258 ($shift).
Removed top 30 bits (of 32) from wire mixed_precision_bank_reducer_pingpong.$shift$rtl/mixed_precision_bank_reducer_pingpong.sv:42$1182_Y.
Removed top 30 bits (of 32) from wire mixed_precision_bank_reducer_pingpong.$not$rtl/mixed_precision_bank_reducer_pingpong.sv:42$1183_Y.
Removed top 30 bits (of 32) from wire mixed_precision_bank_reducer_pingpong.$and$rtl/mixed_precision_bank_reducer_pingpong.sv:42$1184_Y.
Removed top 30 bits (of 32) from wire mixed_precision_bank_reducer_pingpong.$or$rtl/mixed_precision_bank_reducer_pingpong.sv:42$1187_Y.
Removed top 30 bits (of 32) from wire mixed_precision_bank_reducer_pingpong.$shift$rtl/mixed_precision_bank_reducer_pingpong.sv:47$1258_Y.
Removed top 30 bits (of 32) from wire mixed_precision_bank_reducer_pingpong.$not$rtl/mixed_precision_bank_reducer_pingpong.sv:47$1259_Y.
Removed top 30 bits (of 32) from wire mixed_precision_bank_reducer_pingpong.$and$rtl/mixed_precision_bank_reducer_pingpong.sv:47$1260_Y.
Removed top 30 bits (of 32) from wire mixed_precision_bank_reducer_pingpong.$shift$rtl/mixed_precision_bank_reducer_pingpong.sv:47$1262_Y.
Removed top 30 bits (of 32) from wire mixed_precision_bank_reducer_pingpong.$or$rtl/mixed_precision_bank_reducer_pingpong.sv:47$1263_Y.
Removed top 23 bits (of 32) from port Y of cell fp32_add_pipe4.$sub$rtl/fp32_add_pipe4.sv:28$324 ($sub).
Removed top 23 bits (of 32) from port A of cell fp32_add_pipe4.$le$rtl/fp32_add_pipe4.sv:11$325 ($le).
Removed top 31 bits (of 32) from port B of cell fp32_add_pipe4.$le$rtl/fp32_add_pipe4.sv:11$325 ($le).
Removed top 23 bits (of 32) from port A of cell fp32_add_pipe4.$ge$rtl/fp32_add_pipe4.sv:12$328 ($ge).
Removed top 26 bits (of 32) from port B of cell fp32_add_pipe4.$ge$rtl/fp32_add_pipe4.sv:12$328 ($ge).
Removed top 26 bits (of 27) from port A of cell fp32_add_pipe4.$shl$rtl/fp32_add_pipe4.sv:13$332 ($shl).
Removed top 1 bits (of 28) from port A of cell fp32_add_pipe4.$add$rtl/fp32_add_pipe4.sv:39$371 ($add).
Removed top 1 bits (of 28) from port B of cell fp32_add_pipe4.$add$rtl/fp32_add_pipe4.sv:39$371 ($add).
Removed top 1 bits (of 9) from port A of cell fp32_add_pipe4.$add$rtl/fp32_add_pipe4.sv:39$373 ($add).
Removed top 27 bits (of 32) from port A of cell fp32_add_pipe4.$gt$rtl/fp32_add_pipe4.sv:45$489 ($gt).
Removed top 31 bits (of 32) from port B of cell fp32_add_pipe4.$sub$rtl/fp32_add_pipe4.sv:45$490 ($sub).
Removed top 22 bits (of 32) from port Y of cell fp32_add_pipe4.$sub$rtl/fp32_add_pipe4.sv:45$490 ($sub).
Removed top 31 bits (of 32) from port B of cell fp32_add_pipe4.$lt$rtl/fp32_add_pipe4.sv:45$491 ($lt).
Removed top 23 bits (of 32) from port Y of cell fp32_add_pipe4.$sub$rtl/fp32_add_pipe4.sv:46$493 ($sub).
Removed top 23 bits (of 32) from port B of cell fp32_add_pipe4.$sub$rtl/fp32_add_pipe4.sv:46$493 ($sub).
Removed top 1 bits (of 25) from port A of cell fp32_add_pipe4.$add$rtl/fp32_add_pipe4.sv:50$498 ($add).
Removed top 24 bits (of 32) from port B of cell fp32_add_pipe4.$ge$rtl/fp32_add_pipe4.sv:57$503 ($ge).
Removed top 31 bits (of 32) from port B of cell fp32_add_pipe4.$le$rtl/fp32_add_pipe4.sv:58$504 ($le).
Removed top 1 bits (of 32) from mux cell fp32_add_pipe4.$procmux$2373 ($mux).
Removed top 1 bits (of 32) from mux cell fp32_add_pipe4.$procmux$2391 ($mux).
Removed top 1 bits (of 25) from mux cell fp32_add_pipe4.$procmux$2439 ($mux).
Removed top 1 bits (of 25) from wire fp32_add_pipe4.rounded3_d.

15.10. Executing PEEPOPT pass (run peephole optimizers).
shiftpow2 pattern in mixed_precision_bank_reducer_pingpong: shift=$shiftx$rtl/mixed_precision_bank_reducer_pingpong.sv:30$1117, index=\slot_delay_q[9], stride=32, width=32, ways=4
shiftpow2 pattern in mixed_precision_bank_reducer_pingpong: shift=$shiftx$rtl/mixed_precision_bank_reducer_pingpong.sv:30$1119, index=\slot_delay_q[9], stride=32, width=32, ways=4
shiftpow2 pattern in mixed_precision_bank_reducer_pingpong: shift=$shiftx$rtl/mixed_precision_bank_reducer_pingpong.sv:31$1122, index=\slot_delay_q[9], stride=32, width=32, ways=4
shiftpow2 pattern in mixed_precision_bank_reducer_pingpong: shift=$shiftx$rtl/mixed_precision_bank_reducer_pingpong.sv:31$1124, index=\slot_delay_q[9], stride=32, width=32, ways=4

15.11. Executing OPT_CLEAN pass (remove unused cells and wires).
Finding unused cells or wires in module \fp32_mul..
Finding unused cells or wires in module \mixed_precision_bank_reducer_pingpong..
Finding unused cells or wires in module \fp32_add_pipe4..
Finding unused cells or wires in module \bf16_to_fp32..
Removed 0 unused cells and 15 unused wires.
<suppressed ~3 debug messages>

15.12. Executing ALUMACC pass (create $alu and $macc cells).
Extracting $alu and $macc cells in module fp32_mul:
  creating $macc model for $neg$rtl/fp32_mul.sv:67$298 ($neg).
  creating $macc model for $add$rtl/fp32_mul.sv:66$297 ($add).
  creating $macc model for $sub$rtl/fp32_mul.sv:64$291 ($sub).
  creating $macc model for $sub$rtl/fp32_mul.sv:63$290 ($sub).
  creating $macc model for $neg$rtl/fp32_mul.sv:59$284 ($neg).
  creating $macc model for $add$rtl/fp32_mul.sv:59$283 ($add).
  creating $macc model for $add$rtl/fp32_mul.sv:59$282 ($add).
  creating $macc model for $add$rtl/fp32_mul.sv:55$281 ($add).
  creating $macc model for $add$rtl/fp32_mul.sv:51$279 ($add).
  creating $macc model for $neg$rtl/fp32_mul.sv:48$275 ($neg).
  creating $macc model for $add$rtl/fp32_mul.sv:47$274 ($add).
  creating $macc model for $sub$rtl/fp32_mul.sv:45$268 ($sub).
  creating $macc model for $sub$rtl/fp32_mul.sv:44$267 ($sub).
  creating $macc model for $sub$rtl/fp32_mul.sv:41$262 ($sub).
  creating $macc model for $add$rtl/fp32_mul.sv:27$230 ($add).
  creating $macc model for $sub$rtl/fp32_mul.sv:27$229 ($sub).
  creating $macc model for $sub$rtl/fp32_mul.sv:23$226 ($sub).
  creating $macc model for $sub$rtl/fp32_mul.sv:22$223 ($sub).
  creating $macc model for $mul$rtl/fp32_mul.sv:20$221 ($mul).
  merging $macc model for $sub$rtl/fp32_mul.sv:27$229 into $add$rtl/fp32_mul.sv:27$230.
  merging $macc model for $add$rtl/fp32_mul.sv:59$283 into $neg$rtl/fp32_mul.sv:59$284.
  creating $alu model for $macc $sub$rtl/fp32_mul.sv:23$226.
  creating $alu model for $macc $sub$rtl/fp32_mul.sv:22$223.
  creating $alu model for $macc $sub$rtl/fp32_mul.sv:41$262.
  creating $alu model for $macc $sub$rtl/fp32_mul.sv:44$267.
  creating $alu model for $macc $sub$rtl/fp32_mul.sv:45$268.
  creating $alu model for $macc $add$rtl/fp32_mul.sv:47$274.
  creating $alu model for $macc $neg$rtl/fp32_mul.sv:48$275.
  creating $alu model for $macc $add$rtl/fp32_mul.sv:51$279.
  creating $alu model for $macc $add$rtl/fp32_mul.sv:55$281.
  creating $alu model for $macc $add$rtl/fp32_mul.sv:59$282.
  creating $alu model for $macc $sub$rtl/fp32_mul.sv:63$290.
  creating $alu model for $macc $sub$rtl/fp32_mul.sv:64$291.
  creating $alu model for $macc $add$rtl/fp32_mul.sv:66$297.
  creating $alu model for $macc $neg$rtl/fp32_mul.sv:67$298.
  creating $macc cell for $add$rtl/fp32_mul.sv:27$230: $auto$alumacc.cc:399:replace_macc$3181
  creating $macc cell for $neg$rtl/fp32_mul.sv:59$284: $auto$alumacc.cc:399:replace_macc$3182
  creating $macc cell for $mul$rtl/fp32_mul.sv:20$221: $auto$alumacc.cc:399:replace_macc$3183
  creating $alu model for $ge$rtl/fp32_mul.sv:68$300 ($ge): new $alu
  creating $alu model for $gt$rtl/fp32_mul.sv:61$286 ($gt): new $alu
  creating $alu model for $ge$rtl/fp32_mul.sv:60$285 ($ge): new $alu
  creating $alu model for $ge$rtl/fp32_mul.sv:53$280 ($ge): new $alu
  creating $alu model for $ge$rtl/fp32_mul.sv:49$277 ($ge): new $alu
  creating $alu model for $gt$rtl/fp32_mul.sv:42$263 ($gt): new $alu
  creating $alu model for $ge$rtl/fp32_mul.sv:40$261 ($ge): new $alu
  creating $alu model for $ge$rtl/fp32_mul.sv:39$260 ($ge): new $alu
  creating $alu cell for $ge$rtl/fp32_mul.sv:39$260: $auto$alumacc.cc:548:replace_alu$3192
  creating $alu cell for $ge$rtl/fp32_mul.sv:40$261: $auto$alumacc.cc:548:replace_alu$3207
  creating $alu cell for $gt$rtl/fp32_mul.sv:42$263: $auto$alumacc.cc:548:replace_alu$3222
  creating $alu cell for $ge$rtl/fp32_mul.sv:49$277: $auto$alumacc.cc:548:replace_alu$3235
  creating $alu cell for $ge$rtl/fp32_mul.sv:53$280: $auto$alumacc.cc:548:replace_alu$3248
  creating $alu cell for $ge$rtl/fp32_mul.sv:60$285: $auto$alumacc.cc:548:replace_alu$3263
  creating $alu cell for $gt$rtl/fp32_mul.sv:61$286: $auto$alumacc.cc:548:replace_alu$3278
  creating $alu cell for $ge$rtl/fp32_mul.sv:68$300: $auto$alumacc.cc:548:replace_alu$3291
  creating $alu cell for $neg$rtl/fp32_mul.sv:67$298: $auto$alumacc.cc:548:replace_alu$3304
  creating $alu cell for $add$rtl/fp32_mul.sv:66$297: $auto$alumacc.cc:548:replace_alu$3307
  creating $alu cell for $sub$rtl/fp32_mul.sv:64$291: $auto$alumacc.cc:548:replace_alu$3310
  creating $alu cell for $sub$rtl/fp32_mul.sv:63$290: $auto$alumacc.cc:548:replace_alu$3313
  creating $alu cell for $add$rtl/fp32_mul.sv:59$282: $auto$alumacc.cc:548:replace_alu$3316
  creating $alu cell for $add$rtl/fp32_mul.sv:55$281: $auto$alumacc.cc:548:replace_alu$3319
  creating $alu cell for $add$rtl/fp32_mul.sv:51$279: $auto$alumacc.cc:548:replace_alu$3322
  creating $alu cell for $neg$rtl/fp32_mul.sv:48$275: $auto$alumacc.cc:548:replace_alu$3325
  creating $alu cell for $add$rtl/fp32_mul.sv:47$274: $auto$alumacc.cc:548:replace_alu$3328
  creating $alu cell for $sub$rtl/fp32_mul.sv:45$268: $auto$alumacc.cc:548:replace_alu$3331
  creating $alu cell for $sub$rtl/fp32_mul.sv:44$267: $auto$alumacc.cc:548:replace_alu$3334
  creating $alu cell for $sub$rtl/fp32_mul.sv:41$262: $auto$alumacc.cc:548:replace_alu$3337
  creating $alu cell for $sub$rtl/fp32_mul.sv:22$223: $auto$alumacc.cc:548:replace_alu$3340
  creating $alu cell for $sub$rtl/fp32_mul.sv:23$226: $auto$alumacc.cc:548:replace_alu$3343
  created 22 $alu and 3 $macc cells.
Extracting $alu and $macc cells in module mixed_precision_bank_reducer_pingpong:
  creating $macc model for $neg$rtl/mixed_precision_bank_reducer_pingpong.sv:42$1181 ($neg).
  creating $macc model for $add$rtl/mixed_precision_bank_reducer_pingpong.sv:43$1193 ($add).
  creating $macc model for $sub$rtl/mixed_precision_bank_reducer_pingpong.sv:43$1194 ($sub).
  creating $macc model for $neg$rtl/mixed_precision_bank_reducer_pingpong.sv:46$1216 ($neg).
  creating $macc model for $add$rtl/mixed_precision_bank_reducer_pingpong.sv:46$1231 ($add).
  creating $macc model for $add$rtl/mixed_precision_bank_reducer_pingpong.sv:46$1251 ($add).
  creating $macc model for $neg$rtl/mixed_precision_bank_reducer_pingpong.sv:47$1257 ($neg).
  creating $alu model for $macc $neg$rtl/mixed_precision_bank_reducer_pingpong.sv:47$1257.
  creating $alu model for $macc $add$rtl/mixed_precision_bank_reducer_pingpong.sv:46$1251.
  creating $alu model for $macc $add$rtl/mixed_precision_bank_reducer_pingpong.sv:46$1231.
  creating $alu model for $macc $neg$rtl/mixed_precision_bank_reducer_pingpong.sv:46$1216.
  creating $alu model for $macc $sub$rtl/mixed_precision_bank_reducer_pingpong.sv:43$1194.
  creating $alu model for $macc $add$rtl/mixed_precision_bank_reducer_pingpong.sv:43$1193.
  creating $alu model for $macc $neg$rtl/mixed_precision_bank_reducer_pingpong.sv:42$1181.
  creating $alu model for $eq$rtl/mixed_precision_bank_reducer_pingpong.sv:43$1195 ($eq): merged with $sub$rtl/mixed_precision_bank_reducer_pingpong.sv:43$1194.
  creating $alu cell for $neg$rtl/mixed_precision_bank_reducer_pingpong.sv:42$1181: $auto$alumacc.cc:548:replace_alu$3346
  creating $alu cell for $add$rtl/mixed_precision_bank_reducer_pingpong.sv:43$1193: $auto$alumacc.cc:548:replace_alu$3349
  creating $alu cell for $sub$rtl/mixed_precision_bank_reducer_pingpong.sv:43$1194, $eq$rtl/mixed_precision_bank_reducer_pingpong.sv:43$1195: $auto$alumacc.cc:548:replace_alu$3352
  creating $alu cell for $neg$rtl/mixed_precision_bank_reducer_pingpong.sv:46$1216: $auto$alumacc.cc:548:replace_alu$3357
  creating $alu cell for $add$rtl/mixed_precision_bank_reducer_pingpong.sv:46$1231: $auto$alumacc.cc:548:replace_alu$3360
  creating $alu cell for $add$rtl/mixed_precision_bank_reducer_pingpong.sv:46$1251: $auto$alumacc.cc:548:replace_alu$3363
  creating $alu cell for $neg$rtl/mixed_precision_bank_reducer_pingpong.sv:47$1257: $auto$alumacc.cc:548:replace_alu$3366
  created 7 $alu and 0 $macc cells.
Extracting $alu and $macc cells in module fp32_add_pipe4:
  creating $macc model for $add$rtl/fp32_add_pipe4.sv:51$500 ($add).
  creating $macc model for $add$rtl/fp32_add_pipe4.sv:50$498 ($add).
  creating $macc model for $sub$rtl/fp32_add_pipe4.sv:46$493 ($sub).
  creating $macc model for $sub$rtl/fp32_add_pipe4.sv:45$490 ($sub).
  creating $macc model for $sub$rtl/fp32_add_pipe4.sv:40$374 ($sub).
  creating $macc model for $add$rtl/fp32_add_pipe4.sv:39$373 ($add).
  creating $macc model for $add$rtl/fp32_add_pipe4.sv:39$371 ($add).
  creating $macc model for $sub$rtl/fp32_add_pipe4.sv:13$333 ($sub).
  creating $macc model for $sub$rtl/fp32_add_pipe4.sv:28$324 ($sub).
  creating $alu model for $macc $sub$rtl/fp32_add_pipe4.sv:28$324.
  creating $alu model for $macc $sub$rtl/fp32_add_pipe4.sv:13$333.
  creating $alu model for $macc $add$rtl/fp32_add_pipe4.sv:39$371.
  creating $alu model for $macc $add$rtl/fp32_add_pipe4.sv:39$373.
  creating $alu model for $macc $sub$rtl/fp32_add_pipe4.sv:40$374.
  creating $alu model for $macc $sub$rtl/fp32_add_pipe4.sv:45$490.
  creating $alu model for $macc $sub$rtl/fp32_add_pipe4.sv:46$493.
  creating $alu model for $macc $add$rtl/fp32_add_pipe4.sv:50$498.
  creating $alu model for $macc $add$rtl/fp32_add_pipe4.sv:51$500.
  creating $alu model for $le$rtl/fp32_add_pipe4.sv:58$504 ($le): new $alu
  creating $alu model for $ge$rtl/fp32_add_pipe4.sv:57$503 ($ge): new $alu
  creating $alu model for $lt$rtl/fp32_add_pipe4.sv:45$491 ($lt): new $alu
  creating $alu model for $gt$rtl/fp32_add_pipe4.sv:45$489 ($gt): new $alu
  creating $alu model for $ge$rtl/fp32_add_pipe4.sv:12$328 ($ge): new $alu
  creating $alu model for $le$rtl/fp32_add_pipe4.sv:11$325 ($le): new $alu
  creating $alu model for $gt$rtl/fp32_add_pipe4.sv:27$319 ($gt): new $alu
  creating $alu cell for $gt$rtl/fp32_add_pipe4.sv:27$319: $auto$alumacc.cc:548:replace_alu$3376
  creating $alu cell for $le$rtl/fp32_add_pipe4.sv:11$325: $auto$alumacc.cc:548:replace_alu$3387
  creating $alu cell for $ge$rtl/fp32_add_pipe4.sv:12$328: $auto$alumacc.cc:548:replace_alu$3398
  creating $alu cell for $gt$rtl/fp32_add_pipe4.sv:45$489: $auto$alumacc.cc:548:replace_alu$3413
  creating $alu cell for $lt$rtl/fp32_add_pipe4.sv:45$491: $auto$alumacc.cc:548:replace_alu$3424
  creating $alu cell for $ge$rtl/fp32_add_pipe4.sv:57$503: $auto$alumacc.cc:548:replace_alu$3431
  creating $alu cell for $le$rtl/fp32_add_pipe4.sv:58$504: $auto$alumacc.cc:548:replace_alu$3444
  creating $alu cell for $add$rtl/fp32_add_pipe4.sv:51$500: $auto$alumacc.cc:548:replace_alu$3453
  creating $alu cell for $add$rtl/fp32_add_pipe4.sv:50$498: $auto$alumacc.cc:548:replace_alu$3456
  creating $alu cell for $sub$rtl/fp32_add_pipe4.sv:46$493: $auto$alumacc.cc:548:replace_alu$3459
  creating $alu cell for $sub$rtl/fp32_add_pipe4.sv:45$490: $auto$alumacc.cc:548:replace_alu$3462
  creating $alu cell for $add$rtl/fp32_add_pipe4.sv:39$373: $auto$alumacc.cc:548:replace_alu$3465
  creating $alu cell for $sub$rtl/fp32_add_pipe4.sv:40$374: $auto$alumacc.cc:548:replace_alu$3468
  creating $alu cell for $add$rtl/fp32_add_pipe4.sv:39$371: $auto$alumacc.cc:548:replace_alu$3471
  creating $alu cell for $sub$rtl/fp32_add_pipe4.sv:13$333: $auto$alumacc.cc:548:replace_alu$3474
  creating $alu cell for $sub$rtl/fp32_add_pipe4.sv:28$324: $auto$alumacc.cc:548:replace_alu$3477
  created 16 $alu and 0 $macc cells.
Extracting $alu and $macc cells in module bf16_to_fp32:
  created 0 $alu and 0 $macc cells.

15.13. Executing SHARE pass (SAT-based resource sharing).
Found 6 cells in module fp32_mul that may be considered for resource sharing.
  Analyzing resource sharing options for $shr$rtl/fp32_mul.sv:43$264 ($shr):
    Found 2 activation_patterns using ctrl signal { $logic_or$rtl/fp32_mul.sv:30$249_Y $logic_or$rtl/fp32_mul.sv:33$247_Y $logic_or$rtl/fp32_mul.sv:32$240_Y $auto$rtlil.cc:3271:ReduceOr$3206 $auto$rtlil.cc:3271:ReduceOr$3221 $auto$rtlil.cc:3267:Not$3234 $auto$rtlil.cc:3271:ReduceOr$3262 }.
    Found 1 candidates: $shr$rtl/fp32_mul.sv:62$287
    Analyzing resource sharing with $shr$rtl/fp32_mul.sv:62$287 ($shr):
      Found 2 activation_patterns using ctrl signal { $logic_or$rtl/fp32_mul.sv:30$249_Y $logic_or$rtl/fp32_mul.sv:33$247_Y $logic_or$rtl/fp32_mul.sv:32$240_Y $auto$rtlil.cc:3271:ReduceOr$3206 $auto$rtlil.cc:3271:ReduceOr$3221 $auto$rtlil.cc:3271:ReduceOr$3277 $auto$rtlil.cc:3267:Not$3290 $auto$rtlil.cc:3271:ReduceOr$3303 }.
      Forbidden control signals for this pair of cells: { $ge$rtl/fp32_mul.sv:68$300_Y $ge$rtl/fp32_mul.sv:53$280_Y $ge$rtl/fp32_mul.sv:49$277_Y }
      Activation pattern for cell $shr$rtl/fp32_mul.sv:43$264: { $logic_or$rtl/fp32_mul.sv:30$249_Y $logic_or$rtl/fp32_mul.sv:33$247_Y $logic_or$rtl/fp32_mul.sv:32$240_Y $auto$rtlil.cc:3271:ReduceOr$3206 $auto$rtlil.cc:3271:ReduceOr$3221 $auto$rtlil.cc:3267:Not$3234 $auto$rtlil.cc:3271:ReduceOr$3262 } = 7'0000110
      Activation pattern for cell $shr$rtl/fp32_mul.sv:43$264: { $logic_or$rtl/fp32_mul.sv:30$249_Y $logic_or$rtl/fp32_mul.sv:33$247_Y $logic_or$rtl/fp32_mul.sv:32$240_Y $auto$rtlil.cc:3271:ReduceOr$3206 $auto$rtlil.cc:3271:ReduceOr$3221 $auto$rtlil.cc:3267:Not$3234 } = 6'000011
      Activation pattern for cell $shr$rtl/fp32_mul.sv:62$287: { $logic_or$rtl/fp32_mul.sv:30$249_Y $logic_or$rtl/fp32_mul.sv:33$247_Y $logic_or$rtl/fp32_mul.sv:32$240_Y $auto$rtlil.cc:3271:ReduceOr$3206 $auto$rtlil.cc:3271:ReduceOr$3221 $auto$rtlil.cc:3271:ReduceOr$3277 $auto$rtlil.cc:3267:Not$3290 $auto$rtlil.cc:3271:ReduceOr$3303 } = 8'00000010
      Activation pattern for cell $shr$rtl/fp32_mul.sv:62$287: { $logic_or$rtl/fp32_mul.sv:30$249_Y $logic_or$rtl/fp32_mul.sv:33$247_Y $logic_or$rtl/fp32_mul.sv:32$240_Y $auto$rtlil.cc:3271:ReduceOr$3206 $auto$rtlil.cc:3271:ReduceOr$3221 $auto$rtlil.cc:3271:ReduceOr$3277 $auto$rtlil.cc:3267:Not$3290 } = 7'0000001
      According to the SAT solver this pair of cells can be shared. (Pattern only case)
      Simplified activation pattern for cell $shr$rtl/fp32_mul.sv:43$264: $auto$rtlil.cc:3271:ReduceOr$3221 = 1'1
      Simplified activation pattern for cell $shr$rtl/fp32_mul.sv:62$287: $auto$rtlil.cc:3271:ReduceOr$3221 = 1'0
      Activation signal for $shr$rtl/fp32_mul.sv:43$264: $auto$share.cc:1062:make_cell_activation_logic$3480
      New cell: $auto$share.cc:663:make_supercell$3487 ($shr)
  Analyzing resource sharing options for $auto$share.cc:663:make_supercell$3487 ($shr):
    Found 4 activation_patterns using ctrl signal { $logic_or$rtl/fp32_mul.sv:30$249_Y $logic_or$rtl/fp32_mul.sv:33$247_Y $logic_or$rtl/fp32_mul.sv:32$240_Y $auto$rtlil.cc:3271:ReduceOr$3206 $auto$rtlil.cc:3271:ReduceOr$3221 $auto$rtlil.cc:3267:Not$3234 $auto$rtlil.cc:3271:ReduceOr$3262 $auto$rtlil.cc:3271:ReduceOr$3277 $auto$rtlil.cc:3267:Not$3290 $auto$rtlil.cc:3271:ReduceOr$3303 }.
    No candidates found.
  Analyzing resource sharing options for $shl$rtl/fp32_mul.sv:48$276 ($shl):
    Found 2 activation_patterns using ctrl signal { $logic_or$rtl/fp32_mul.sv:30$249_Y $logic_or$rtl/fp32_mul.sv:33$247_Y $logic_or$rtl/fp32_mul.sv:32$240_Y $auto$rtlil.cc:3271:ReduceOr$3206 $auto$rtlil.cc:3271:ReduceOr$3221 $auto$rtlil.cc:3267:Not$3234 $auto$rtlil.cc:3271:ReduceOr$3262 }.
    Found 1 candidates: $shl$rtl/fp32_mul.sv:67$299
    Analyzing resource sharing with $shl$rtl/fp32_mul.sv:67$299 ($shl):
      Found 2 activation_patterns using ctrl signal { $logic_or$rtl/fp32_mul.sv:30$249_Y $logic_or$rtl/fp32_mul.sv:33$247_Y $logic_or$rtl/fp32_mul.sv:32$240_Y $auto$rtlil.cc:3271:ReduceOr$3206 $auto$rtlil.cc:3271:ReduceOr$3221 $auto$rtlil.cc:3271:ReduceOr$3277 $auto$rtlil.cc:3267:Not$3290 $auto$rtlil.cc:3271:ReduceOr$3303 }.
      Forbidden control signals for this pair of cells: { $ge$rtl/fp32_mul.sv:68$300_Y $ge$rtl/fp32_mul.sv:53$280_Y $ge$rtl/fp32_mul.sv:49$277_Y }
      Activation pattern for cell $shl$rtl/fp32_mul.sv:48$276: { $logic_or$rtl/fp32_mul.sv:30$249_Y $logic_or$rtl/fp32_mul.sv:33$247_Y $logic_or$rtl/fp32_mul.sv:32$240_Y $auto$rtlil.cc:3271:ReduceOr$3206 $auto$rtlil.cc:3271:ReduceOr$3221 $auto$rtlil.cc:3267:Not$3234 } = 6'000010
      Activation pattern for cell $shl$rtl/fp32_mul.sv:48$276: { $logic_or$rtl/fp32_mul.sv:30$249_Y $logic_or$rtl/fp32_mul.sv:33$247_Y $logic_or$rtl/fp32_mul.sv:32$240_Y $auto$rtlil.cc:3271:ReduceOr$3206 $auto$rtlil.cc:3271:ReduceOr$3221 $auto$rtlil.cc:3267:Not$3234 $auto$rtlil.cc:3271:ReduceOr$3262 } = 7'0000100
      Activation pattern for cell $shl$rtl/fp32_mul.sv:67$299: { $logic_or$rtl/fp32_mul.sv:30$249_Y $logic_or$rtl/fp32_mul.sv:33$247_Y $logic_or$rtl/fp32_mul.sv:32$240_Y $auto$rtlil.cc:3271:ReduceOr$3206 $auto$rtlil.cc:3271:ReduceOr$3221 $auto$rtlil.cc:3271:ReduceOr$3277 $auto$rtlil.cc:3267:Not$3290 } = 7'0000000
      Activation pattern for cell $shl$rtl/fp32_mul.sv:67$299: { $logic_or$rtl/fp32_mul.sv:30$249_Y $logic_or$rtl/fp32_mul.sv:33$247_Y $logic_or$rtl/fp32_mul.sv:32$240_Y $auto$rtlil.cc:3271:ReduceOr$3206 $auto$rtlil.cc:3271:ReduceOr$3221 $auto$rtlil.cc:3271:ReduceOr$3277 $auto$rtlil.cc:3267:Not$3290 $auto$rtlil.cc:3271:ReduceOr$3303 } = 8'00000000
      According to the SAT solver this pair of cells can be shared. (Pattern only case)
      Simplified activation pattern for cell $shl$rtl/fp32_mul.sv:48$276: $auto$rtlil.cc:3271:ReduceOr$3221 = 1'1
      Simplified activation pattern for cell $shl$rtl/fp32_mul.sv:67$299: $auto$rtlil.cc:3271:ReduceOr$3221 = 1'0
      Activation signal for $shl$rtl/fp32_mul.sv:48$276: $auto$share.cc:1062:make_cell_activation_logic$3490
      New cell: $auto$share.cc:663:make_supercell$3497 ($shl)
  Analyzing resource sharing options for $auto$share.cc:663:make_supercell$3497 ($shl):
    Found 4 activation_patterns using ctrl signal { $logic_or$rtl/fp32_mul.sv:30$249_Y $logic_or$rtl/fp32_mul.sv:33$247_Y $logic_or$rtl/fp32_mul.sv:32$240_Y $auto$rtlil.cc:3271:ReduceOr$3206 $auto$rtlil.cc:3271:ReduceOr$3221 $auto$rtlil.cc:3267:Not$3234 $auto$rtlil.cc:3271:ReduceOr$3262 $auto$rtlil.cc:3271:ReduceOr$3277 $auto$rtlil.cc:3267:Not$3290 $auto$rtlil.cc:3271:ReduceOr$3303 }.
    No candidates found.
  Analyzing resource sharing options for $shl$rtl/fp32_mul.sv:63$289 ($shl):
    Found 2 activation_patterns using ctrl signal { $logic_or$rtl/fp32_mul.sv:30$249_Y $logic_or$rtl/fp32_mul.sv:33$247_Y $logic_or$rtl/fp32_mul.sv:32$240_Y $auto$rtlil.cc:3271:ReduceOr$3206 $auto$rtlil.cc:3271:ReduceOr$3221 $auto$rtlil.cc:3271:ReduceOr$3277 $auto$rtlil.cc:3267:Not$3290 $auto$rtlil.cc:3271:ReduceOr$3303 }.
    Found 1 candidates: $shl$rtl/fp32_mul.sv:44$266
    Analyzing resource sharing with $shl$rtl/fp32_mul.sv:44$266 ($shl):
      Found 2 activation_patterns using ctrl signal { $logic_or$rtl/fp32_mul.sv:30$249_Y $logic_or$rtl/fp32_mul.sv:33$247_Y $logic_or$rtl/fp32_mul.sv:32$240_Y $auto$rtlil.cc:3271:ReduceOr$3206 $auto$rtlil.cc:3271:ReduceOr$3221 $auto$rtlil.cc:3267:Not$3234 $auto$rtlil.cc:3271:ReduceOr$3262 }.
      Forbidden control signals for this pair of cells: { $ge$rtl/fp32_mul.sv:68$300_Y $ge$rtl/fp32_mul.sv:53$280_Y $ge$rtl/fp32_mul.sv:49$277_Y }
      Activation pattern for cell $shl$rtl/fp32_mul.sv:63$289: { $logic_or$rtl/fp32_mul.sv:30$249_Y $logic_or$rtl/fp32_mul.sv:33$247_Y $logic_or$rtl/fp32_mul.sv:32$240_Y $auto$rtlil.cc:3271:ReduceOr$3206 $auto$rtlil.cc:3271:ReduceOr$3221 $auto$rtlil.cc:3271:ReduceOr$3277 $auto$rtlil.cc:3267:Not$3290 } = 7'0000001
      Activation pattern for cell $shl$rtl/fp32_mul.sv:63$289: { $logic_or$rtl/fp32_mul.sv:30$249_Y $logic_or$rtl/fp32_mul.sv:33$247_Y $logic_or$rtl/fp32_mul.sv:32$240_Y $auto$rtlil.cc:3271:ReduceOr$3206 $auto$rtlil.cc:3271:ReduceOr$3221 $auto$rtlil.cc:3271:ReduceOr$3277 $auto$rtlil.cc:3267:Not$3290 $auto$rtlil.cc:3271:ReduceOr$3303 } = 8'00000010
      Activation pattern for cell $shl$rtl/fp32_mul.sv:44$266: { $logic_or$rtl/fp32_mul.sv:30$249_Y $logic_or$rtl/fp32_mul.sv:33$247_Y $logic_or$rtl/fp32_mul.sv:32$240_Y $auto$rtlil.cc:3271:ReduceOr$3206 $auto$rtlil.cc:3271:ReduceOr$3221 $auto$rtlil.cc:3267:Not$3234 } = 6'000011
      Activation pattern for cell $shl$rtl/fp32_mul.sv:44$266: { $logic_or$rtl/fp32_mul.sv:30$249_Y $logic_or$rtl/fp32_mul.sv:33$247_Y $logic_or$rtl/fp32_mul.sv:32$240_Y $auto$rtlil.cc:3271:ReduceOr$3206 $auto$rtlil.cc:3271:ReduceOr$3221 $auto$rtlil.cc:3267:Not$3234 $auto$rtlil.cc:3271:ReduceOr$3262 } = 7'0000110
      According to the SAT solver this pair of cells can be shared. (Pattern only case)
      Simplified activation pattern for cell $shl$rtl/fp32_mul.sv:63$289: $auto$rtlil.cc:3271:ReduceOr$3221 = 1'0
      Simplified activation pattern for cell $shl$rtl/fp32_mul.sv:44$266: $auto$rtlil.cc:3271:ReduceOr$3221 = 1'1
      Activation signal for $shl$rtl/fp32_mul.sv:63$289: $auto$share.cc:1062:make_cell_activation_logic$3500
      New cell: $auto$share.cc:663:make_supercell$3507 ($shl)
  Analyzing resource sharing options for $auto$share.cc:663:make_supercell$3507 ($shl):
    Found 4 activation_patterns using ctrl signal { $logic_or$rtl/fp32_mul.sv:30$249_Y $logic_or$rtl/fp32_mul.sv:33$247_Y $logic_or$rtl/fp32_mul.sv:32$240_Y $auto$rtlil.cc:3271:ReduceOr$3206 $auto$rtlil.cc:3271:ReduceOr$3221 $auto$rtlil.cc:3267:Not$3234 $auto$rtlil.cc:3271:ReduceOr$3262 $auto$rtlil.cc:3271:ReduceOr$3277 $auto$rtlil.cc:3267:Not$3290 $auto$rtlil.cc:3271:ReduceOr$3303 }.
    No candidates found.
Removing 6 cells in module fp32_mul:
  Removing cell $shl$rtl/fp32_mul.sv:44$266 ($shl).
  Removing cell $shl$rtl/fp32_mul.sv:63$289 ($shl).
  Removing cell $shl$rtl/fp32_mul.sv:67$299 ($shl).
  Removing cell $shl$rtl/fp32_mul.sv:48$276 ($shl).
  Removing cell $shr$rtl/fp32_mul.sv:62$287 ($shr).
  Removing cell $shr$rtl/fp32_mul.sv:43$264 ($shr).
Found 2 cells in module fp32_add_pipe4 that may be considered for resource sharing.
  Analyzing resource sharing options for $shl$rtl/fp32_add_pipe4.sv:13$332 ($shl):
    Found 1 activation_patterns using ctrl signal { $auto$rtlil.cc:3271:ReduceOr$3397 $auto$rtlil.cc:3271:ReduceOr$3412 }.
    No candidates found.
  Analyzing resource sharing options for $shr$rtl/fp32_add_pipe4.sv:13$336 ($shr):
    Found 1 activation_patterns using ctrl signal { $auto$rtlil.cc:3271:ReduceOr$3397 $auto$rtlil.cc:3271:ReduceOr$3412 }.
    No candidates found.

15.14. Executing OPT pass (performing simple optimizations).

15.14.1. Executing OPT_EXPR pass (perform const folding).
Optimizing module fp32_mul.
<suppressed ~15 debug messages>
Optimizing module mixed_precision_bank_reducer_pingpong.
<suppressed ~8 debug messages>
Optimizing module fp32_add_pipe4.
<suppressed ~13 debug messages>
Optimizing module bf16_to_fp32.

15.14.2. Executing OPT_MERGE pass (detect identical cells).
Finding identical cells in module `\fp32_mul'.
Computing hashes of 188 cells of `\fp32_mul'.
Finding duplicate cells in `\fp32_mul'.
Computing hashes of 185 cells of `\fp32_mul'.
Finding duplicate cells in `\fp32_mul'.
Computing hashes of 184 cells of `\fp32_mul'.
Finding duplicate cells in `\fp32_mul'.
Computing hashes of 183 cells of `\fp32_mul'.
Finding duplicate cells in `\fp32_mul'.
Computing hashes of 182 cells of `\fp32_mul'.
Finding duplicate cells in `\fp32_mul'.
Computing hashes of 181 cells of `\fp32_mul'.
Finding duplicate cells in `\fp32_mul'.
<suppressed ~23 debug messages>
Finding identical cells in module `\mixed_precision_bank_reducer_pingpong'.
Computing hashes of 220 cells of `\mixed_precision_bank_reducer_pingpong'.
Finding duplicate cells in `\mixed_precision_bank_reducer_pingpong'.
Finding identical cells in module `\fp32_add_pipe4'.
Computing hashes of 238 cells of `\fp32_add_pipe4'.
Finding duplicate cells in `\fp32_add_pipe4'.
Finding identical cells in module `\bf16_to_fp32'.
Computing hashes of 0 cells of `\bf16_to_fp32'.
Finding duplicate cells in `\bf16_to_fp32'.
Removed a total of 7 cells.

15.14.3. Executing OPT_MUXTREE pass (detect dead branches in mux trees).
Running muxtree optimizer on module \fp32_mul..
  Creating internal representation of mux trees.
  Evaluating internal representation of mux trees.
  Analyzing evaluation results.
Running muxtree optimizer on module \mixed_precision_bank_reducer_pingpong..
  Creating internal representation of mux trees.
  Evaluating internal representation of mux trees.
  Analyzing evaluation results.
Running muxtree optimizer on module \fp32_add_pipe4..
  Creating internal representation of mux trees.
  Evaluating internal representation of mux trees.
  Analyzing evaluation results.
Running muxtree optimizer on module \bf16_to_fp32..
  Creating internal representation of mux trees.
  No muxes found in this module.
Removed 0 multiplexer ports.
<suppressed ~346 debug messages>

15.14.4. Executing OPT_REDUCE pass (consolidate $*mux and $reduce_* inputs).
  Optimizing cells in module \fp32_mul.
  Optimizing cells in module \mixed_precision_bank_reducer_pingpong.
  Optimizing cells in module \fp32_add_pipe4.
  Optimizing cells in module \bf16_to_fp32.
Performed a total of 0 changes.

15.14.5. Executing OPT_MERGE pass (detect identical cells).
Finding identical cells in module `\fp32_mul'.
Computing hashes of 181 cells of `\fp32_mul'.
Finding duplicate cells in `\fp32_mul'.
Finding identical cells in module `\mixed_precision_bank_reducer_pingpong'.
Computing hashes of 220 cells of `\mixed_precision_bank_reducer_pingpong'.
Finding duplicate cells in `\mixed_precision_bank_reducer_pingpong'.
Finding identical cells in module `\fp32_add_pipe4'.
Computing hashes of 238 cells of `\fp32_add_pipe4'.
Finding duplicate cells in `\fp32_add_pipe4'.
Finding identical cells in module `\bf16_to_fp32'.
Computing hashes of 0 cells of `\bf16_to_fp32'.
Finding duplicate cells in `\bf16_to_fp32'.
Removed a total of 0 cells.

15.14.6. Executing OPT_DFF pass (perform DFF optimizations).

15.14.7. Executing OPT_CLEAN pass (remove unused cells and wires).
Finding unused cells or wires in module \fp32_mul..
Finding unused cells or wires in module \mixed_precision_bank_reducer_pingpong..
Finding unused cells or wires in module \fp32_add_pipe4..
Finding unused cells or wires in module \bf16_to_fp32..
Removed 8 unused cells and 61 unused wires.
<suppressed ~18 debug messages>

15.14.8. Executing OPT_EXPR pass (perform const folding).
Optimizing module fp32_mul.
Optimizing module mixed_precision_bank_reducer_pingpong.
Optimizing module fp32_add_pipe4.
Optimizing module bf16_to_fp32.

15.14.9. Rerunning OPT passes. (Maybe there is more to do..)

15.14.10. Executing OPT_MUXTREE pass (detect dead branches in mux trees).
Running muxtree optimizer on module \fp32_mul..
  Creating internal representation of mux trees.
  Evaluating internal representation of mux trees.
  Analyzing evaluation results.
Running muxtree optimizer on module \mixed_precision_bank_reducer_pingpong..
  Creating internal representation of mux trees.
  Evaluating internal representation of mux trees.
  Analyzing evaluation results.
Running muxtree optimizer on module \fp32_add_pipe4..
  Creating internal representation of mux trees.
  Evaluating internal representation of mux trees.
      Replacing known input bits on port A of cell $procmux$2442: $1\norm_shift_d[31:0] -> { 1'0 $1\norm_shift_d[31:0] [30:0] }
  Analyzing evaluation results.
Running muxtree optimizer on module \bf16_to_fp32..
  Creating internal representation of mux trees.
  No muxes found in this module.
Removed 0 multiplexer ports.
<suppressed ~346 debug messages>

15.14.11. Executing OPT_REDUCE pass (consolidate $*mux and $reduce_* inputs).
  Optimizing cells in module \fp32_mul.
  Optimizing cells in module \mixed_precision_bank_reducer_pingpong.
  Optimizing cells in module \fp32_add_pipe4.
  Optimizing cells in module \bf16_to_fp32.
Performed a total of 0 changes.

15.14.12. Executing OPT_MERGE pass (detect identical cells).
Finding identical cells in module `\fp32_mul'.
Computing hashes of 171 cells of `\fp32_mul'.
Finding duplicate cells in `\fp32_mul'.
Finding identical cells in module `\mixed_precision_bank_reducer_pingpong'.
Computing hashes of 220 cells of `\mixed_precision_bank_reducer_pingpong'.
Finding duplicate cells in `\mixed_precision_bank_reducer_pingpong'.
Finding identical cells in module `\fp32_add_pipe4'.
Computing hashes of 233 cells of `\fp32_add_pipe4'.
Finding duplicate cells in `\fp32_add_pipe4'.
Finding identical cells in module `\bf16_to_fp32'.
Computing hashes of 0 cells of `\bf16_to_fp32'.
Finding duplicate cells in `\bf16_to_fp32'.
Removed a total of 0 cells.

15.14.13. Executing OPT_DFF pass (perform DFF optimizations).

15.14.14. Executing OPT_CLEAN pass (remove unused cells and wires).
Finding unused cells or wires in module \fp32_mul..
Finding unused cells or wires in module \mixed_precision_bank_reducer_pingpong..
Finding unused cells or wires in module \fp32_add_pipe4..
Finding unused cells or wires in module \bf16_to_fp32..

15.14.15. Executing OPT_EXPR pass (perform const folding).
Optimizing module fp32_mul.
Optimizing module mixed_precision_bank_reducer_pingpong.
Optimizing module fp32_add_pipe4.
Optimizing module bf16_to_fp32.

15.14.16. Finished fast OPT passes. (There is nothing left to do.)

15.15. Executing MEMORY pass.

15.15.1. Executing OPT_MEM pass (optimize memories).
Performed a total of 0 transformations.

15.15.2. Executing OPT_MEM_PRIORITY pass (removing unnecessary memory write priority relations).
Performed a total of 0 transformations.

15.15.3. Executing OPT_MEM_FEEDBACK pass (finding memory read-to-write feedback paths).

15.15.4. Executing MEMORY_BMUX2ROM pass (converting muxes to ROMs).

15.15.5. Executing MEMORY_DFF pass (merging $dff cells to $memrd).

15.15.6. Executing OPT_CLEAN pass (remove unused cells and wires).
Finding unused cells or wires in module \fp32_mul..
Finding unused cells or wires in module \mixed_precision_bank_reducer_pingpong..
Finding unused cells or wires in module \fp32_add_pipe4..
Finding unused cells or wires in module \bf16_to_fp32..

15.15.7. Executing MEMORY_SHARE pass (consolidating $memrd/$memwr cells).

15.15.8. Executing OPT_MEM_WIDEN pass (optimize memories where all ports are wide).
Performed a total of 0 transformations.

15.15.9. Executing OPT_CLEAN pass (remove unused cells and wires).
Finding unused cells or wires in module \fp32_mul..
Finding unused cells or wires in module \mixed_precision_bank_reducer_pingpong..
Finding unused cells or wires in module \fp32_add_pipe4..
Finding unused cells or wires in module \bf16_to_fp32..

15.15.10. Executing MEMORY_COLLECT pass (generating $mem cells).

15.16. Executing OPT_CLEAN pass (remove unused cells and wires).
Finding unused cells or wires in module \fp32_mul..
Finding unused cells or wires in module \mixed_precision_bank_reducer_pingpong..
Finding unused cells or wires in module \fp32_add_pipe4..
Finding unused cells or wires in module \bf16_to_fp32..

15.17. Executing OPT pass (performing simple optimizations).

15.17.1. Executing OPT_EXPR pass (perform const folding).
Optimizing module fp32_mul.
<suppressed ~31 debug messages>
Optimizing module mixed_precision_bank_reducer_pingpong.
<suppressed ~16 debug messages>
Optimizing module fp32_add_pipe4.
<suppressed ~36 debug messages>
Optimizing module bf16_to_fp32.

15.17.2. Executing OPT_MERGE pass (detect identical cells).
Finding identical cells in module `\fp32_mul'.
Computing hashes of 224 cells of `\fp32_mul'.
Finding duplicate cells in `\fp32_mul'.
Computing hashes of 223 cells of `\fp32_mul'.
Finding duplicate cells in `\fp32_mul'.
<suppressed ~3 debug messages>
Finding identical cells in module `\mixed_precision_bank_reducer_pingpong'.
Computing hashes of 215 cells of `\mixed_precision_bank_reducer_pingpong'.
Finding duplicate cells in `\mixed_precision_bank_reducer_pingpong'.
Finding identical cells in module `\fp32_add_pipe4'.
Computing hashes of 232 cells of `\fp32_add_pipe4'.
Finding duplicate cells in `\fp32_add_pipe4'.
Finding identical cells in module `\bf16_to_fp32'.
Computing hashes of 0 cells of `\bf16_to_fp32'.
Finding duplicate cells in `\bf16_to_fp32'.
Removed a total of 1 cells.

15.17.3. Executing OPT_DFF pass (perform DFF optimizations).

15.17.4. Executing OPT_CLEAN pass (remove unused cells and wires).
Finding unused cells or wires in module \fp32_mul..
Finding unused cells or wires in module \mixed_precision_bank_reducer_pingpong..
Finding unused cells or wires in module \fp32_add_pipe4..
Finding unused cells or wires in module \bf16_to_fp32..
Removed 0 unused cells and 95 unused wires.
<suppressed ~3 debug messages>

15.17.5. Finished fast OPT passes.

15.18. Executing MEMORY_MAP pass (converting memories to logic and flip-flops).

15.19. Executing OPT pass (performing simple optimizations).

15.19.1. Executing OPT_EXPR pass (perform const folding).
Optimizing module fp32_mul.
Optimizing module mixed_precision_bank_reducer_pingpong.
<suppressed ~1 debug messages>
Optimizing module fp32_add_pipe4.
Optimizing module bf16_to_fp32.

15.19.2. Executing OPT_MERGE pass (detect identical cells).
Finding identical cells in module `\fp32_mul'.
Computing hashes of 223 cells of `\fp32_mul'.
Finding duplicate cells in `\fp32_mul'.
Finding identical cells in module `\mixed_precision_bank_reducer_pingpong'.
Computing hashes of 215 cells of `\mixed_precision_bank_reducer_pingpong'.
Finding duplicate cells in `\mixed_precision_bank_reducer_pingpong'.
Finding identical cells in module `\fp32_add_pipe4'.
Computing hashes of 232 cells of `\fp32_add_pipe4'.
Finding duplicate cells in `\fp32_add_pipe4'.
Finding identical cells in module `\bf16_to_fp32'.
Computing hashes of 0 cells of `\bf16_to_fp32'.
Finding duplicate cells in `\bf16_to_fp32'.
Removed a total of 0 cells.

15.19.3. Executing OPT_MUXTREE pass (detect dead branches in mux trees).
Running muxtree optimizer on module \fp32_mul..
  Creating internal representation of mux trees.
  Evaluating internal representation of mux trees.
  Analyzing evaluation results.
Running muxtree optimizer on module \mixed_precision_bank_reducer_pingpong..
  Creating internal representation of mux trees.
  Evaluating internal representation of mux trees.
  Analyzing evaluation results.
Running muxtree optimizer on module \fp32_add_pipe4..
  Creating internal representation of mux trees.
  Evaluating internal representation of mux trees.
  Analyzing evaluation results.
Running muxtree optimizer on module \bf16_to_fp32..
  Creating internal representation of mux trees.
  No muxes found in this module.
Removed 0 multiplexer ports.
<suppressed ~246 debug messages>

15.19.4. Executing OPT_REDUCE pass (consolidate $*mux and $reduce_* inputs).
  Optimizing cells in module \fp32_mul.
    Consolidated identical input bits for $mux cell $procmux$1997:
      Old ports: A={ 31'0000000000000000000000000000000 \product [1] }, B=2, Y=$3\msb_index[31:0]
      New ports: A={ 1'0 \product [1] }, B=2'10, Y=$3\msb_index[31:0] [1:0]
      New connections: $3\msb_index[31:0] [31:2] = 30'000000000000000000000000000000
    Consolidated identical input bits for $mux cell $ternary$rtl/fp32_mul.sv:23$227:
      Old ports: A={ $sub$rtl/fp32_mul.sv:23$226_Y [8] $sub$rtl/fp32_mul.sv:23$226_Y [8] $sub$rtl/fp32_mul.sv:23$226_Y [8] $sub$rtl/fp32_mul.sv:23$226_Y [8] $sub$rtl/fp32_mul.sv:23$226_Y [8] $sub$rtl/fp32_mul.sv:23$226_Y [8] $sub$rtl/fp32_mul.sv:23$226_Y [8] $sub$rtl/fp32_mul.sv:23$226_Y [8] $sub$rtl/fp32_mul.sv:23$226_Y [8] $sub$rtl/fp32_mul.sv:23$226_Y [8] $sub$rtl/fp32_mul.sv:23$226_Y [8] $sub$rtl/fp32_mul.sv:23$226_Y [8] $sub$rtl/fp32_mul.sv:23$226_Y [8] $sub$rtl/fp32_mul.sv:23$226_Y [8] $sub$rtl/fp32_mul.sv:23$226_Y [8] $sub$rtl/fp32_mul.sv:23$226_Y [8] $sub$rtl/fp32_mul.sv:23$226_Y [8] $sub$rtl/fp32_mul.sv:23$226_Y [8] $sub$rtl/fp32_mul.sv:23$226_Y [8] $sub$rtl/fp32_mul.sv:23$226_Y [8] $sub$rtl/fp32_mul.sv:23$226_Y [8] $sub$rtl/fp32_mul.sv:23$226_Y [8] $sub$rtl/fp32_mul.sv:23$226_Y [8] $sub$rtl/fp32_mul.sv:23$226_Y [8:0] }, B=32'11111111111111111111111110000010, Y=\rhs_unbiased
      New ports: A=$sub$rtl/fp32_mul.sv:23$226_Y [8:0], B=9'110000010, Y=\rhs_unbiased [8:0]
      New connections: \rhs_unbiased [31:9] = { \rhs_unbiased [8] \rhs_unbiased [8] \rhs_unbiased [8] \rhs_unbiased [8] \rhs_unbiased [8] \rhs_unbiased [8] \rhs_unbiased [8] \rhs_unbiased [8] \rhs_unbiased [8] \rhs_unbiased [8] \rhs_unbiased [8] \rhs_unbiased [8] \rhs_unbiased [8] \rhs_unbiased [8] \rhs_unbiased [8] \rhs_unbiased [8] \rhs_unbiased [8] \rhs_unbiased [8] \rhs_unbiased [8] \rhs_unbiased [8] \rhs_unbiased [8] \rhs_unbiased [8] \rhs_unbiased [8] }
    Consolidated identical input bits for $mux cell $ternary$rtl/fp32_mul.sv:22$224:
      Old ports: A={ $sub$rtl/fp32_mul.sv:22$223_Y [8] $sub$rtl/fp32_mul.sv:22$223_Y [8] $sub$rtl/fp32_mul.sv:22$223_Y [8] $sub$rtl/fp32_mul.sv:22$223_Y [8] $sub$rtl/fp32_mul.sv:22$223_Y [8] $sub$rtl/fp32_mul.sv:22$223_Y [8] $sub$rtl/fp32_mul.sv:22$223_Y [8] $sub$rtl/fp32_mul.sv:22$223_Y [8] $sub$rtl/fp32_mul.sv:22$223_Y [8] $sub$rtl/fp32_mul.sv:22$223_Y [8] $sub$rtl/fp32_mul.sv:22$223_Y [8] $sub$rtl/fp32_mul.sv:22$223_Y [8] $sub$rtl/fp32_mul.sv:22$223_Y [8] $sub$rtl/fp32_mul.sv:22$223_Y [8] $sub$rtl/fp32_mul.sv:22$223_Y [8] $sub$rtl/fp32_mul.sv:22$223_Y [8] $sub$rtl/fp32_mul.sv:22$223_Y [8] $sub$rtl/fp32_mul.sv:22$223_Y [8] $sub$rtl/fp32_mul.sv:22$223_Y [8] $sub$rtl/fp32_mul.sv:22$223_Y [8] $sub$rtl/fp32_mul.sv:22$223_Y [8] $sub$rtl/fp32_mul.sv:22$223_Y [8] $sub$rtl/fp32_mul.sv:22$223_Y [8] $sub$rtl/fp32_mul.sv:22$223_Y [8:0] }, B=32'11111111111111111111111110000010, Y=\lhs_unbiased
      New ports: A=$sub$rtl/fp32_mul.sv:22$223_Y [8:0], B=9'110000010, Y=\lhs_unbiased [8:0]
      New connections: \lhs_unbiased [31:9] = { \lhs_unbiased [8] \lhs_unbiased [8] \lhs_unbiased [8] \lhs_unbiased [8] \lhs_unbiased [8] \lhs_unbiased [8] \lhs_unbiased [8] \lhs_unbiased [8] \lhs_unbiased [8] \lhs_unbiased [8] \lhs_unbiased [8] \lhs_unbiased [8] \lhs_unbiased [8] \lhs_unbiased [8] \lhs_unbiased [8] \lhs_unbiased [8] \lhs_unbiased [8] \lhs_unbiased [8] \lhs_unbiased [8] \lhs_unbiased [8] \lhs_unbiased [8] \lhs_unbiased [8] \lhs_unbiased [8] }
  Optimizing cells in module \fp32_mul.
    Consolidated identical input bits for $mux cell $procmux$1994:
      Old ports: A=$3\msb_index[31:0], B=3, Y=$4\msb_index[31:0]
      New ports: A=$3\msb_index[31:0] [1:0], B=2'11, Y=$4\msb_index[31:0] [1:0]
      New connections: $4\msb_index[31:0] [31:2] = 30'000000000000000000000000000000
  Optimizing cells in module \fp32_mul.
    Consolidated identical input bits for $mux cell $procmux$1991:
      Old ports: A=$4\msb_index[31:0], B=4, Y=$5\msb_index[31:0]
      New ports: A={ 1'0 $4\msb_index[31:0] [1:0] }, B=3'100, Y=$5\msb_index[31:0] [2:0]
      New connections: $5\msb_index[31:0] [31:3] = 29'00000000000000000000000000000
  Optimizing cells in module \fp32_mul.
    Consolidated identical input bits for $mux cell $procmux$1988:
      Old ports: A=$5\msb_index[31:0], B=5, Y=$6\msb_index[31:0]
      New ports: A=$5\msb_index[31:0] [2:0], B=3'101, Y=$6\msb_index[31:0] [2:0]
      New connections: $6\msb_index[31:0] [31:3] = 29'00000000000000000000000000000
  Optimizing cells in module \fp32_mul.
    Consolidated identical input bits for $mux cell $procmux$1985:
      Old ports: A=$6\msb_index[31:0], B=6, Y=$7\msb_index[31:0]
      New ports: A=$6\msb_index[31:0] [2:0], B=3'110, Y=$7\msb_index[31:0] [2:0]
      New connections: $7\msb_index[31:0] [31:3] = 29'00000000000000000000000000000
  Optimizing cells in module \fp32_mul.
    Consolidated identical input bits for $mux cell $procmux$1982:
      Old ports: A=$7\msb_index[31:0], B=7, Y=$8\msb_index[31:0]
      New ports: A=$7\msb_index[31:0] [2:0], B=3'111, Y=$8\msb_index[31:0] [2:0]
      New connections: $8\msb_index[31:0] [31:3] = 29'00000000000000000000000000000
  Optimizing cells in module \fp32_mul.
    Consolidated identical input bits for $mux cell $procmux$1979:
      Old ports: A=$8\msb_index[31:0], B=8, Y=$9\msb_index[31:0]
      New ports: A={ 1'0 $8\msb_index[31:0] [2:0] }, B=4'1000, Y=$9\msb_index[31:0] [3:0]
      New connections: $9\msb_index[31:0] [31:4] = 28'0000000000000000000000000000
  Optimizing cells in module \fp32_mul.
    Consolidated identical input bits for $mux cell $procmux$1976:
      Old ports: A=$9\msb_index[31:0], B=9, Y=$10\msb_index[31:0]
      New ports: A=$9\msb_index[31:0] [3:0], B=4'1001, Y=$10\msb_index[31:0] [3:0]
      New connections: $10\msb_index[31:0] [31:4] = 28'0000000000000000000000000000
  Optimizing cells in module \fp32_mul.
    Consolidated identical input bits for $mux cell $procmux$1973:
      Old ports: A=$10\msb_index[31:0], B=10, Y=$11\msb_index[31:0]
      New ports: A=$10\msb_index[31:0] [3:0], B=4'1010, Y=$11\msb_index[31:0] [3:0]
      New connections: $11\msb_index[31:0] [31:4] = 28'0000000000000000000000000000
  Optimizing cells in module \fp32_mul.
    Consolidated identical input bits for $mux cell $procmux$1970:
      Old ports: A=$11\msb_index[31:0], B=11, Y=$12\msb_index[31:0]
      New ports: A=$11\msb_index[31:0] [3:0], B=4'1011, Y=$12\msb_index[31:0] [3:0]
      New connections: $12\msb_index[31:0] [31:4] = 28'0000000000000000000000000000
  Optimizing cells in module \fp32_mul.
    Consolidated identical input bits for $mux cell $procmux$1967:
      Old ports: A=$12\msb_index[31:0], B=12, Y=$13\msb_index[31:0]
      New ports: A=$12\msb_index[31:0] [3:0], B=4'1100, Y=$13\msb_index[31:0] [3:0]
      New connections: $13\msb_index[31:0] [31:4] = 28'0000000000000000000000000000
  Optimizing cells in module \fp32_mul.
    Consolidated identical input bits for $mux cell $procmux$1964:
      Old ports: A=$13\msb_index[31:0], B=13, Y=$14\msb_index[31:0]
      New ports: A=$13\msb_index[31:0] [3:0], B=4'1101, Y=$14\msb_index[31:0] [3:0]
      New connections: $14\msb_index[31:0] [31:4] = 28'0000000000000000000000000000
  Optimizing cells in module \fp32_mul.
    Consolidated identical input bits for $mux cell $procmux$1961:
      Old ports: A=$14\msb_index[31:0], B=14, Y=$15\msb_index[31:0]
      New ports: A=$14\msb_index[31:0] [3:0], B=4'1110, Y=$15\msb_index[31:0] [3:0]
      New connections: $15\msb_index[31:0] [31:4] = 28'0000000000000000000000000000
  Optimizing cells in module \fp32_mul.
    Consolidated identical input bits for $mux cell $procmux$1958:
      Old ports: A=$15\msb_index[31:0], B=15, Y=$16\msb_index[31:0]
      New ports: A=$15\msb_index[31:0] [3:0], B=4'1111, Y=$16\msb_index[31:0] [3:0]
      New connections: $16\msb_index[31:0] [31:4] = 28'0000000000000000000000000000
  Optimizing cells in module \fp32_mul.
    Consolidated identical input bits for $mux cell $procmux$1955:
      Old ports: A=$16\msb_index[31:0], B=16, Y=$17\msb_index[31:0]
      New ports: A={ 1'0 $16\msb_index[31:0] [3:0] }, B=5'10000, Y=$17\msb_index[31:0] [4:0]
      New connections: $17\msb_index[31:0] [31:5] = 27'000000000000000000000000000
  Optimizing cells in module \fp32_mul.
    Consolidated identical input bits for $mux cell $procmux$1952:
      Old ports: A=$17\msb_index[31:0], B=17, Y=$18\msb_index[31:0]
      New ports: A=$17\msb_index[31:0] [4:0], B=5'10001, Y=$18\msb_index[31:0] [4:0]
      New connections: $18\msb_index[31:0] [31:5] = 27'000000000000000000000000000
  Optimizing cells in module \fp32_mul.
    Consolidated identical input bits for $mux cell $procmux$1949:
      Old ports: A=$18\msb_index[31:0], B=18, Y=$19\msb_index[31:0]
      New ports: A=$18\msb_index[31:0] [4:0], B=5'10010, Y=$19\msb_index[31:0] [4:0]
      New connections: $19\msb_index[31:0] [31:5] = 27'000000000000000000000000000
  Optimizing cells in module \fp32_mul.
    Consolidated identical input bits for $mux cell $procmux$1946:
      Old ports: A=$19\msb_index[31:0], B=19, Y=$20\msb_index[31:0]
      New ports: A=$19\msb_index[31:0] [4:0], B=5'10011, Y=$20\msb_index[31:0] [4:0]
      New connections: $20\msb_index[31:0] [31:5] = 27'000000000000000000000000000
  Optimizing cells in module \fp32_mul.
    Consolidated identical input bits for $mux cell $procmux$1943:
      Old ports: A=$20\msb_index[31:0], B=20, Y=$21\msb_index[31:0]
      New ports: A=$20\msb_index[31:0] [4:0], B=5'10100, Y=$21\msb_index[31:0] [4:0]
      New connections: $21\msb_index[31:0] [31:5] = 27'000000000000000000000000000
  Optimizing cells in module \fp32_mul.
    Consolidated identical input bits for $mux cell $procmux$1940:
      Old ports: A=$21\msb_index[31:0], B=21, Y=$22\msb_index[31:0]
      New ports: A=$21\msb_index[31:0] [4:0], B=5'10101, Y=$22\msb_index[31:0] [4:0]
      New connections: $22\msb_index[31:0] [31:5] = 27'000000000000000000000000000
  Optimizing cells in module \fp32_mul.
    Consolidated identical input bits for $mux cell $procmux$1937:
      Old ports: A=$22\msb_index[31:0], B=22, Y=$23\msb_index[31:0]
      New ports: A=$22\msb_index[31:0] [4:0], B=5'10110, Y=$23\msb_index[31:0] [4:0]
      New connections: $23\msb_index[31:0] [31:5] = 27'000000000000000000000000000
  Optimizing cells in module \fp32_mul.
    Consolidated identical input bits for $mux cell $procmux$1934:
      Old ports: A=$23\msb_index[31:0], B=23, Y=$24\msb_index[31:0]
      New ports: A=$23\msb_index[31:0] [4:0], B=5'10111, Y=$24\msb_index[31:0] [4:0]
      New connections: $24\msb_index[31:0] [31:5] = 27'000000000000000000000000000
  Optimizing cells in module \fp32_mul.
    Consolidated identical input bits for $mux cell $procmux$1931:
      Old ports: A=$24\msb_index[31:0], B=24, Y=$25\msb_index[31:0]
      New ports: A=$24\msb_index[31:0] [4:0], B=5'11000, Y=$25\msb_index[31:0] [4:0]
      New connections: $25\msb_index[31:0] [31:5] = 27'000000000000000000000000000
  Optimizing cells in module \fp32_mul.
    Consolidated identical input bits for $mux cell $procmux$1928:
      Old ports: A=$25\msb_index[31:0], B=25, Y=$26\msb_index[31:0]
      New ports: A=$25\msb_index[31:0] [4:0], B=5'11001, Y=$26\msb_index[31:0] [4:0]
      New connections: $26\msb_index[31:0] [31:5] = 27'000000000000000000000000000
  Optimizing cells in module \fp32_mul.
    Consolidated identical input bits for $mux cell $procmux$1925:
      Old ports: A=$26\msb_index[31:0], B=26, Y=$27\msb_index[31:0]
      New ports: A=$26\msb_index[31:0] [4:0], B=5'11010, Y=$27\msb_index[31:0] [4:0]
      New connections: $27\msb_index[31:0] [31:5] = 27'000000000000000000000000000
  Optimizing cells in module \fp32_mul.
    Consolidated identical input bits for $mux cell $procmux$1922:
      Old ports: A=$27\msb_index[31:0], B=27, Y=$28\msb_index[31:0]
      New ports: A=$27\msb_index[31:0] [4:0], B=5'11011, Y=$28\msb_index[31:0] [4:0]
      New connections: $28\msb_index[31:0] [31:5] = 27'000000000000000000000000000
  Optimizing cells in module \fp32_mul.
    Consolidated identical input bits for $mux cell $procmux$1919:
      Old ports: A=$28\msb_index[31:0], B=28, Y=$29\msb_index[31:0]
      New ports: A=$28\msb_index[31:0] [4:0], B=5'11100, Y=$29\msb_index[31:0] [4:0]
      New connections: $29\msb_index[31:0] [31:5] = 27'000000000000000000000000000
  Optimizing cells in module \fp32_mul.
    Consolidated identical input bits for $mux cell $procmux$1916:
      Old ports: A=$29\msb_index[31:0], B=29, Y=$30\msb_index[31:0]
      New ports: A=$29\msb_index[31:0] [4:0], B=5'11101, Y=$30\msb_index[31:0] [4:0]
      New connections: $30\msb_index[31:0] [31:5] = 27'000000000000000000000000000
  Optimizing cells in module \fp32_mul.
    Consolidated identical input bits for $mux cell $procmux$1913:
      Old ports: A=$30\msb_index[31:0], B=30, Y=$31\msb_index[31:0]
      New ports: A=$30\msb_index[31:0] [4:0], B=5'11110, Y=$31\msb_index[31:0] [4:0]
      New connections: $31\msb_index[31:0] [31:5] = 27'000000000000000000000000000
  Optimizing cells in module \fp32_mul.
    Consolidated identical input bits for $mux cell $procmux$1910:
      Old ports: A=$31\msb_index[31:0], B=31, Y=$32\msb_index[31:0]
      New ports: A=$31\msb_index[31:0] [4:0], B=5'11111, Y=$32\msb_index[31:0] [4:0]
      New connections: $32\msb_index[31:0] [31:5] = 27'000000000000000000000000000
  Optimizing cells in module \fp32_mul.
    Consolidated identical input bits for $mux cell $procmux$1907:
      Old ports: A=$32\msb_index[31:0], B=32, Y=$33\msb_index[31:0]
      New ports: A={ 1'0 $32\msb_index[31:0] [4:0] }, B=6'100000, Y=$33\msb_index[31:0] [5:0]
      New connections: $33\msb_index[31:0] [31:6] = 26'00000000000000000000000000
  Optimizing cells in module \fp32_mul.
    Consolidated identical input bits for $mux cell $procmux$1904:
      Old ports: A=$33\msb_index[31:0], B=33, Y=$34\msb_index[31:0]
      New ports: A=$33\msb_index[31:0] [5:0], B=6'100001, Y=$34\msb_index[31:0] [5:0]
      New connections: $34\msb_index[31:0] [31:6] = 26'00000000000000000000000000
  Optimizing cells in module \fp32_mul.
    Consolidated identical input bits for $mux cell $procmux$1901:
      Old ports: A=$34\msb_index[31:0], B=34, Y=$35\msb_index[31:0]
      New ports: A=$34\msb_index[31:0] [5:0], B=6'100010, Y=$35\msb_index[31:0] [5:0]
      New connections: $35\msb_index[31:0] [31:6] = 26'00000000000000000000000000
  Optimizing cells in module \fp32_mul.
    Consolidated identical input bits for $mux cell $procmux$1898:
      Old ports: A=$35\msb_index[31:0], B=35, Y=$36\msb_index[31:0]
      New ports: A=$35\msb_index[31:0] [5:0], B=6'100011, Y=$36\msb_index[31:0] [5:0]
      New connections: $36\msb_index[31:0] [31:6] = 26'00000000000000000000000000
  Optimizing cells in module \fp32_mul.
    Consolidated identical input bits for $mux cell $procmux$1895:
      Old ports: A=$36\msb_index[31:0], B=36, Y=$37\msb_index[31:0]
      New ports: A=$36\msb_index[31:0] [5:0], B=6'100100, Y=$37\msb_index[31:0] [5:0]
      New connections: $37\msb_index[31:0] [31:6] = 26'00000000000000000000000000
  Optimizing cells in module \fp32_mul.
    Consolidated identical input bits for $mux cell $procmux$1892:
      Old ports: A=$37\msb_index[31:0], B=37, Y=$38\msb_index[31:0]
      New ports: A=$37\msb_index[31:0] [5:0], B=6'100101, Y=$38\msb_index[31:0] [5:0]
      New connections: $38\msb_index[31:0] [31:6] = 26'00000000000000000000000000
  Optimizing cells in module \fp32_mul.
    Consolidated identical input bits for $mux cell $procmux$1889:
      Old ports: A=$38\msb_index[31:0], B=38, Y=$39\msb_index[31:0]
      New ports: A=$38\msb_index[31:0] [5:0], B=6'100110, Y=$39\msb_index[31:0] [5:0]
      New connections: $39\msb_index[31:0] [31:6] = 26'00000000000000000000000000
  Optimizing cells in module \fp32_mul.
    Consolidated identical input bits for $mux cell $procmux$1886:
      Old ports: A=$39\msb_index[31:0], B=39, Y=$40\msb_index[31:0]
      New ports: A=$39\msb_index[31:0] [5:0], B=6'100111, Y=$40\msb_index[31:0] [5:0]
      New connections: $40\msb_index[31:0] [31:6] = 26'00000000000000000000000000
  Optimizing cells in module \fp32_mul.
    Consolidated identical input bits for $mux cell $procmux$1883:
      Old ports: A=$40\msb_index[31:0], B=40, Y=$41\msb_index[31:0]
      New ports: A=$40\msb_index[31:0] [5:0], B=6'101000, Y=$41\msb_index[31:0] [5:0]
      New connections: $41\msb_index[31:0] [31:6] = 26'00000000000000000000000000
  Optimizing cells in module \fp32_mul.
    Consolidated identical input bits for $mux cell $procmux$1880:
      Old ports: A=$41\msb_index[31:0], B=41, Y=$42\msb_index[31:0]
      New ports: A=$41\msb_index[31:0] [5:0], B=6'101001, Y=$42\msb_index[31:0] [5:0]
      New connections: $42\msb_index[31:0] [31:6] = 26'00000000000000000000000000
  Optimizing cells in module \fp32_mul.
    Consolidated identical input bits for $mux cell $procmux$1877:
      Old ports: A=$42\msb_index[31:0], B=42, Y=$43\msb_index[31:0]
      New ports: A=$42\msb_index[31:0] [5:0], B=6'101010, Y=$43\msb_index[31:0] [5:0]
      New connections: $43\msb_index[31:0] [31:6] = 26'00000000000000000000000000
  Optimizing cells in module \fp32_mul.
    Consolidated identical input bits for $mux cell $procmux$1874:
      Old ports: A=$43\msb_index[31:0], B=43, Y=$44\msb_index[31:0]
      New ports: A=$43\msb_index[31:0] [5:0], B=6'101011, Y=$44\msb_index[31:0] [5:0]
      New connections: $44\msb_index[31:0] [31:6] = 26'00000000000000000000000000
  Optimizing cells in module \fp32_mul.
    Consolidated identical input bits for $mux cell $procmux$1871:
      Old ports: A=$44\msb_index[31:0], B=44, Y=$45\msb_index[31:0]
      New ports: A=$44\msb_index[31:0] [5:0], B=6'101100, Y=$45\msb_index[31:0] [5:0]
      New connections: $45\msb_index[31:0] [31:6] = 26'00000000000000000000000000
  Optimizing cells in module \fp32_mul.
    Consolidated identical input bits for $mux cell $procmux$1868:
      Old ports: A=$45\msb_index[31:0], B=45, Y=$46\msb_index[31:0]
      New ports: A=$45\msb_index[31:0] [5:0], B=6'101101, Y=$46\msb_index[31:0] [5:0]
      New connections: $46\msb_index[31:0] [31:6] = 26'00000000000000000000000000
  Optimizing cells in module \fp32_mul.
    Consolidated identical input bits for $mux cell $procmux$1865:
      Old ports: A=$46\msb_index[31:0], B=46, Y=$47\msb_index[31:0]
      New ports: A=$46\msb_index[31:0] [5:0], B=6'101110, Y=$47\msb_index[31:0] [5:0]
      New connections: $47\msb_index[31:0] [31:6] = 26'00000000000000000000000000
  Optimizing cells in module \fp32_mul.
    Consolidated identical input bits for $mux cell $procmux$1862:
      Old ports: A=$47\msb_index[31:0], B=47, Y=\msb_index
      New ports: A=$47\msb_index[31:0] [5:0], B=6'101111, Y=\msb_index [5:0]
      New connections: \msb_index [31:6] = 26'00000000000000000000000000
  Optimizing cells in module \fp32_mul.
  Optimizing cells in module \mixed_precision_bank_reducer_pingpong.
  Optimizing cells in module \fp32_add_pipe4.
    Consolidated identical input bits for $mux cell $procmux$2445:
      Old ports: A={ $sub$rtl/fp32_add_pipe4.sv:45$488_Y [9] $sub$rtl/fp32_add_pipe4.sv:45$488_Y [9] $sub$rtl/fp32_add_pipe4.sv:45$488_Y [9] $sub$rtl/fp32_add_pipe4.sv:45$488_Y [9] $sub$rtl/fp32_add_pipe4.sv:45$488_Y [9] $sub$rtl/fp32_add_pipe4.sv:45$488_Y [9] $sub$rtl/fp32_add_pipe4.sv:45$488_Y [9] $sub$rtl/fp32_add_pipe4.sv:45$488_Y [9] $sub$rtl/fp32_add_pipe4.sv:45$488_Y [9] $sub$rtl/fp32_add_pipe4.sv:45$488_Y [9] $sub$rtl/fp32_add_pipe4.sv:45$488_Y [9] $sub$rtl/fp32_add_pipe4.sv:45$488_Y [9] $sub$rtl/fp32_add_pipe4.sv:45$488_Y [9] $sub$rtl/fp32_add_pipe4.sv:45$488_Y [9] $sub$rtl/fp32_add_pipe4.sv:45$488_Y [9] $sub$rtl/fp32_add_pipe4.sv:45$488_Y [9] $sub$rtl/fp32_add_pipe4.sv:45$488_Y [9] $sub$rtl/fp32_add_pipe4.sv:45$488_Y [9] $sub$rtl/fp32_add_pipe4.sv:45$488_Y [9] $sub$rtl/fp32_add_pipe4.sv:45$488_Y [9] $sub$rtl/fp32_add_pipe4.sv:45$488_Y [9] $sub$rtl/fp32_add_pipe4.sv:45$488_Y [9] $sub$rtl/fp32_add_pipe4.sv:45$488_Y [9:0] }, B={ 27'000000000000000000000000000 \lz2_d }, Y=$1\norm_shift_d[31:0]
      New ports: A=$sub$rtl/fp32_add_pipe4.sv:45$488_Y [9:0], B={ 5'00000 \lz2_d }, Y=$1\norm_shift_d[31:0] [9:0]
      New connections: $1\norm_shift_d[31:0] [31:10] = { $1\norm_shift_d[31:0] [9] $1\norm_shift_d[31:0] [9] $1\norm_shift_d[31:0] [9] $1\norm_shift_d[31:0] [9] $1\norm_shift_d[31:0] [9] $1\norm_shift_d[31:0] [9] $1\norm_shift_d[31:0] [9] $1\norm_shift_d[31:0] [9] $1\norm_shift_d[31:0] [9] $1\norm_shift_d[31:0] [9] $1\norm_shift_d[31:0] [9] $1\norm_shift_d[31:0] [9] $1\norm_shift_d[31:0] [9] $1\norm_shift_d[31:0] [9] $1\norm_shift_d[31:0] [9] $1\norm_shift_d[31:0] [9] $1\norm_shift_d[31:0] [9] $1\norm_shift_d[31:0] [9] $1\norm_shift_d[31:0] [9] $1\norm_shift_d[31:0] [9] $1\norm_shift_d[31:0] [9] $1\norm_shift_d[31:0] [9] }
    Consolidated identical input bits for $mux cell $procmux$2442:
      Old ports: A={ 1'0 $1\norm_shift_d[31:0] [30:0] }, B=0, Y=\norm_shift_d
      New ports: A=$1\norm_shift_d[31:0] [30:0], B=31'0000000000000000000000000000000, Y=\norm_shift_d [30:0]
      New connections: \norm_shift_d [31] = 1'0
    Consolidated identical input bits for $mux cell $procmux$2373:
      Old ports: A={ \packed_exp_d [7:0] \rounded3_d [22:0] }, B={ 8'00000000 \rounded3_d [22:0] }, Y=$6\result3_d[31:0] [30:0]
      New ports: A=\packed_exp_d [7:0], B=8'00000000, Y=$6\result3_d[31:0] [30:23]
      New connections: $6\result3_d[31:0] [22:0] = \rounded3_d [22:0]
    Consolidated identical input bits for $mux cell $procmux$2607:
      Old ports: A=5'11011, B=5'00000, Y=$1\leading_zeros27$func$rtl/fp32_add_pipe4.sv:45$303.$result[4:0]$382
      New ports: A=1'1, B=1'0, Y=$1\leading_zeros27$func$rtl/fp32_add_pipe4.sv:45$303.$result[4:0]$382 [0]
      New connections: $1\leading_zeros27$func$rtl/fp32_add_pipe4.sv:45$303.$result[4:0]$382 [4:1] = { $1\leading_zeros27$func$rtl/fp32_add_pipe4.sv:45$303.$result[4:0]$382 [0] $1\leading_zeros27$func$rtl/fp32_add_pipe4.sv:45$303.$result[4:0]$382 [0] 1'0 $1\leading_zeros27$func$rtl/fp32_add_pipe4.sv:45$303.$result[4:0]$382 [0] }
  Optimizing cells in module \fp32_add_pipe4.
    Consolidated identical input bits for $mux cell $procmux$2442:
      Old ports: A=$1\norm_shift_d[31:0] [30:0], B=31'0000000000000000000000000000000, Y=\norm_shift_d [30:0]
      New ports: A=$1\norm_shift_d[31:0] [9:0], B=10'0000000000, Y=\norm_shift_d [9:0]
      New connections: \norm_shift_d [30:10] = { \norm_shift_d [9] \norm_shift_d [9] \norm_shift_d [9] \norm_shift_d [9] \norm_shift_d [9] \norm_shift_d [9] \norm_shift_d [9] \norm_shift_d [9] \norm_shift_d [9] \norm_shift_d [9] \norm_shift_d [9] \norm_shift_d [9] \norm_shift_d [9] \norm_shift_d [9] \norm_shift_d [9] \norm_shift_d [9] \norm_shift_d [9] \norm_shift_d [9] \norm_shift_d [9] \norm_shift_d [9] \norm_shift_d [9] }
    Consolidated identical input bits for $mux cell $procmux$2601:
      Old ports: A=$1\leading_zeros27$func$rtl/fp32_add_pipe4.sv:45$303.$result[4:0]$382, B=5'00001, Y=$2\leading_zeros27$func$rtl/fp32_add_pipe4.sv:45$303.$result[4:0]$386
      New ports: A={ $1\leading_zeros27$func$rtl/fp32_add_pipe4.sv:45$303.$result[4:0]$382 [0] $1\leading_zeros27$func$rtl/fp32_add_pipe4.sv:45$303.$result[4:0]$382 [0] }, B=2'01, Y=$2\leading_zeros27$func$rtl/fp32_add_pipe4.sv:45$303.$result[4:0]$386 [1:0]
      New connections: $2\leading_zeros27$func$rtl/fp32_add_pipe4.sv:45$303.$result[4:0]$386 [4:2] = { $2\leading_zeros27$func$rtl/fp32_add_pipe4.sv:45$303.$result[4:0]$386 [1] $2\leading_zeros27$func$rtl/fp32_add_pipe4.sv:45$303.$result[4:0]$386 [1] 1'0 }
  Optimizing cells in module \fp32_add_pipe4.
    Consolidated identical input bits for $mux cell $procmux$2595:
      Old ports: A=$2\leading_zeros27$func$rtl/fp32_add_pipe4.sv:45$303.$result[4:0]$386, B=5'00010, Y=$3\leading_zeros27$func$rtl/fp32_add_pipe4.sv:45$303.$result[4:0]$390
      New ports: A={ $2\leading_zeros27$func$rtl/fp32_add_pipe4.sv:45$303.$result[4:0]$386 [1] $2\leading_zeros27$func$rtl/fp32_add_pipe4.sv:45$303.$result[4:0]$386 [1:0] }, B=3'010, Y={ $3\leading_zeros27$func$rtl/fp32_add_pipe4.sv:45$303.$result[4:0]$390 [3] $3\leading_zeros27$func$rtl/fp32_add_pipe4.sv:45$303.$result[4:0]$390 [1:0] }
      New connections: { $3\leading_zeros27$func$rtl/fp32_add_pipe4.sv:45$303.$result[4:0]$390 [4] $3\leading_zeros27$func$rtl/fp32_add_pipe4.sv:45$303.$result[4:0]$390 [2] } = { $3\leading_zeros27$func$rtl/fp32_add_pipe4.sv:45$303.$result[4:0]$390 [3] 1'0 }
  Optimizing cells in module \fp32_add_pipe4.
    Consolidated identical input bits for $mux cell $procmux$2589:
      Old ports: A=$3\leading_zeros27$func$rtl/fp32_add_pipe4.sv:45$303.$result[4:0]$390, B=5'00011, Y=$4\leading_zeros27$func$rtl/fp32_add_pipe4.sv:45$303.$result[4:0]$394
      New ports: A={ $3\leading_zeros27$func$rtl/fp32_add_pipe4.sv:45$303.$result[4:0]$390 [3] $3\leading_zeros27$func$rtl/fp32_add_pipe4.sv:45$303.$result[4:0]$390 [1:0] }, B=3'011, Y={ $4\leading_zeros27$func$rtl/fp32_add_pipe4.sv:45$303.$result[4:0]$394 [3] $4\leading_zeros27$func$rtl/fp32_add_pipe4.sv:45$303.$result[4:0]$394 [1:0] }
      New connections: { $4\leading_zeros27$func$rtl/fp32_add_pipe4.sv:45$303.$result[4:0]$394 [4] $4\leading_zeros27$func$rtl/fp32_add_pipe4.sv:45$303.$result[4:0]$394 [2] } = { $4\leading_zeros27$func$rtl/fp32_add_pipe4.sv:45$303.$result[4:0]$394 [3] 1'0 }
  Optimizing cells in module \fp32_add_pipe4.
    Consolidated identical input bits for $mux cell $procmux$2583:
      Old ports: A=$4\leading_zeros27$func$rtl/fp32_add_pipe4.sv:45$303.$result[4:0]$394, B=5'00100, Y=$5\leading_zeros27$func$rtl/fp32_add_pipe4.sv:45$303.$result[4:0]$398
      New ports: A={ $4\leading_zeros27$func$rtl/fp32_add_pipe4.sv:45$303.$result[4:0]$394 [3] 1'0 $4\leading_zeros27$func$rtl/fp32_add_pipe4.sv:45$303.$result[4:0]$394 [1:0] }, B=4'0100, Y=$5\leading_zeros27$func$rtl/fp32_add_pipe4.sv:45$303.$result[4:0]$398 [3:0]
      New connections: $5\leading_zeros27$func$rtl/fp32_add_pipe4.sv:45$303.$result[4:0]$398 [4] = $5\leading_zeros27$func$rtl/fp32_add_pipe4.sv:45$303.$result[4:0]$398 [3]
  Optimizing cells in module \fp32_add_pipe4.
    Consolidated identical input bits for $mux cell $procmux$2577:
      Old ports: A=$5\leading_zeros27$func$rtl/fp32_add_pipe4.sv:45$303.$result[4:0]$398, B=5'00101, Y=$6\leading_zeros27$func$rtl/fp32_add_pipe4.sv:45$303.$result[4:0]$402
      New ports: A=$5\leading_zeros27$func$rtl/fp32_add_pipe4.sv:45$303.$result[4:0]$398 [3:0], B=4'0101, Y=$6\leading_zeros27$func$rtl/fp32_add_pipe4.sv:45$303.$result[4:0]$402 [3:0]
      New connections: $6\leading_zeros27$func$rtl/fp32_add_pipe4.sv:45$303.$result[4:0]$402 [4] = $6\leading_zeros27$func$rtl/fp32_add_pipe4.sv:45$303.$result[4:0]$402 [3]
  Optimizing cells in module \fp32_add_pipe4.
    Consolidated identical input bits for $mux cell $procmux$2571:
      Old ports: A=$6\leading_zeros27$func$rtl/fp32_add_pipe4.sv:45$303.$result[4:0]$402, B=5'00110, Y=$7\leading_zeros27$func$rtl/fp32_add_pipe4.sv:45$303.$result[4:0]$406
      New ports: A=$6\leading_zeros27$func$rtl/fp32_add_pipe4.sv:45$303.$result[4:0]$402 [3:0], B=4'0110, Y=$7\leading_zeros27$func$rtl/fp32_add_pipe4.sv:45$303.$result[4:0]$406 [3:0]
      New connections: $7\leading_zeros27$func$rtl/fp32_add_pipe4.sv:45$303.$result[4:0]$406 [4] = $7\leading_zeros27$func$rtl/fp32_add_pipe4.sv:45$303.$result[4:0]$406 [3]
  Optimizing cells in module \fp32_add_pipe4.
    Consolidated identical input bits for $mux cell $procmux$2565:
      Old ports: A=$7\leading_zeros27$func$rtl/fp32_add_pipe4.sv:45$303.$result[4:0]$406, B=5'00111, Y=$8\leading_zeros27$func$rtl/fp32_add_pipe4.sv:45$303.$result[4:0]$410
      New ports: A=$7\leading_zeros27$func$rtl/fp32_add_pipe4.sv:45$303.$result[4:0]$406 [3:0], B=4'0111, Y=$8\leading_zeros27$func$rtl/fp32_add_pipe4.sv:45$303.$result[4:0]$410 [3:0]
      New connections: $8\leading_zeros27$func$rtl/fp32_add_pipe4.sv:45$303.$result[4:0]$410 [4] = $8\leading_zeros27$func$rtl/fp32_add_pipe4.sv:45$303.$result[4:0]$410 [3]
  Optimizing cells in module \fp32_add_pipe4.
  Optimizing cells in module \bf16_to_fp32.
Performed a total of 60 changes.

15.19.5. Executing OPT_MERGE pass (detect identical cells).
Finding identical cells in module `\fp32_mul'.
Computing hashes of 223 cells of `\fp32_mul'.
Finding duplicate cells in `\fp32_mul'.
Finding identical cells in module `\mixed_precision_bank_reducer_pingpong'.
Computing hashes of 215 cells of `\mixed_precision_bank_reducer_pingpong'.
Finding duplicate cells in `\mixed_precision_bank_reducer_pingpong'.
Finding identical cells in module `\fp32_add_pipe4'.
Computing hashes of 232 cells of `\fp32_add_pipe4'.
Finding duplicate cells in `\fp32_add_pipe4'.
Finding identical cells in module `\bf16_to_fp32'.
Computing hashes of 0 cells of `\bf16_to_fp32'.
Finding duplicate cells in `\bf16_to_fp32'.
Removed a total of 0 cells.

15.19.6. Executing OPT_SHARE pass.

15.19.7. Executing OPT_DFF pass (perform DFF optimizations).

15.19.8. Executing OPT_CLEAN pass (remove unused cells and wires).
Finding unused cells or wires in module \fp32_mul..
Finding unused cells or wires in module \mixed_precision_bank_reducer_pingpong..
Finding unused cells or wires in module \fp32_add_pipe4..
Finding unused cells or wires in module \bf16_to_fp32..

15.19.9. Executing OPT_EXPR pass (perform const folding).
Optimizing module fp32_mul.
Optimizing module mixed_precision_bank_reducer_pingpong.
Optimizing module fp32_add_pipe4.
<suppressed ~1 debug messages>
Optimizing module bf16_to_fp32.

15.19.10. Rerunning OPT passes. (Maybe there is more to do..)

15.19.11. Executing OPT_MUXTREE pass (detect dead branches in mux trees).
Running muxtree optimizer on module \fp32_mul..
  Creating internal representation of mux trees.
  Evaluating internal representation of mux trees.
  Analyzing evaluation results.
Running muxtree optimizer on module \mixed_precision_bank_reducer_pingpong..
  Creating internal representation of mux trees.
  Evaluating internal representation of mux trees.
  Analyzing evaluation results.
Running muxtree optimizer on module \fp32_add_pipe4..
  Creating internal representation of mux trees.
  Evaluating internal representation of mux trees.
      Replacing known input bits on port A of cell $procmux$2442: $1\norm_shift_d[31:0] [9:0] -> { 1'0 $1\norm_shift_d[31:0] [8:0] }
  Analyzing evaluation results.
Running muxtree optimizer on module \bf16_to_fp32..
  Creating internal representation of mux trees.
  No muxes found in this module.
Removed 0 multiplexer ports.
<suppressed ~245 debug messages>

15.19.12. Executing OPT_REDUCE pass (consolidate $*mux and $reduce_* inputs).
  Optimizing cells in module \fp32_mul.
  Optimizing cells in module \mixed_precision_bank_reducer_pingpong.
  Optimizing cells in module \fp32_add_pipe4.
    Consolidated identical input bits for $mux cell $procmux$2442:
      Old ports: A={ 1'0 $1\norm_shift_d[31:0] [8:0] }, B=10'0000000000, Y=\norm_shift_d [9:0]
      New ports: A=$1\norm_shift_d[31:0] [8:0], B=9'000000000, Y=\norm_shift_d [8:0]
      New connections: \norm_shift_d [9] = 1'0
  Optimizing cells in module \fp32_add_pipe4.
  Optimizing cells in module \bf16_to_fp32.
Performed a total of 1 changes.

15.19.13. Executing OPT_MERGE pass (detect identical cells).
Finding identical cells in module `\fp32_mul'.
Computing hashes of 223 cells of `\fp32_mul'.
Finding duplicate cells in `\fp32_mul'.
Finding identical cells in module `\mixed_precision_bank_reducer_pingpong'.
Computing hashes of 215 cells of `\mixed_precision_bank_reducer_pingpong'.
Finding duplicate cells in `\mixed_precision_bank_reducer_pingpong'.
Finding identical cells in module `\fp32_add_pipe4'.
Computing hashes of 232 cells of `\fp32_add_pipe4'.
Finding duplicate cells in `\fp32_add_pipe4'.
Finding identical cells in module `\bf16_to_fp32'.
Computing hashes of 0 cells of `\bf16_to_fp32'.
Finding duplicate cells in `\bf16_to_fp32'.
Removed a total of 0 cells.

15.19.14. Executing OPT_SHARE pass.

15.19.15. Executing OPT_DFF pass (perform DFF optimizations).

15.19.16. Executing OPT_CLEAN pass (remove unused cells and wires).
Finding unused cells or wires in module \fp32_mul..
Finding unused cells or wires in module \mixed_precision_bank_reducer_pingpong..
Finding unused cells or wires in module \fp32_add_pipe4..
Finding unused cells or wires in module \bf16_to_fp32..

15.19.17. Executing OPT_EXPR pass (perform const folding).
Optimizing module fp32_mul.
Optimizing module mixed_precision_bank_reducer_pingpong.
Optimizing module fp32_add_pipe4.
Optimizing module bf16_to_fp32.

15.19.18. Rerunning OPT passes. (Maybe there is more to do..)

15.19.19. Executing OPT_MUXTREE pass (detect dead branches in mux trees).
Running muxtree optimizer on module \fp32_mul..
  Creating internal representation of mux trees.
  Evaluating internal representation of mux trees.
  Analyzing evaluation results.
Running muxtree optimizer on module \mixed_precision_bank_reducer_pingpong..
  Creating internal representation of mux trees.
  Evaluating internal representation of mux trees.
  Analyzing evaluation results.
Running muxtree optimizer on module \fp32_add_pipe4..
  Creating internal representation of mux trees.
  Evaluating internal representation of mux trees.
  Analyzing evaluation results.
Running muxtree optimizer on module \bf16_to_fp32..
  Creating internal representation of mux trees.
  No muxes found in this module.
Removed 0 multiplexer ports.
<suppressed ~245 debug messages>

15.19.20. Executing OPT_REDUCE pass (consolidate $*mux and $reduce_* inputs).
  Optimizing cells in module \fp32_mul.
  Optimizing cells in module \mixed_precision_bank_reducer_pingpong.
  Optimizing cells in module \fp32_add_pipe4.
  Optimizing cells in module \bf16_to_fp32.
Performed a total of 0 changes.

15.19.21. Executing OPT_MERGE pass (detect identical cells).
Finding identical cells in module `\fp32_mul'.
Computing hashes of 223 cells of `\fp32_mul'.
Finding duplicate cells in `\fp32_mul'.
Finding identical cells in module `\mixed_precision_bank_reducer_pingpong'.
Computing hashes of 215 cells of `\mixed_precision_bank_reducer_pingpong'.
Finding duplicate cells in `\mixed_precision_bank_reducer_pingpong'.
Finding identical cells in module `\fp32_add_pipe4'.
Computing hashes of 232 cells of `\fp32_add_pipe4'.
Finding duplicate cells in `\fp32_add_pipe4'.
Finding identical cells in module `\bf16_to_fp32'.
Computing hashes of 0 cells of `\bf16_to_fp32'.
Finding duplicate cells in `\bf16_to_fp32'.
Removed a total of 0 cells.

15.19.22. Executing OPT_SHARE pass.

15.19.23. Executing OPT_DFF pass (perform DFF optimizations).

15.19.24. Executing OPT_CLEAN pass (remove unused cells and wires).
Finding unused cells or wires in module \fp32_mul..
Finding unused cells or wires in module \mixed_precision_bank_reducer_pingpong..
Finding unused cells or wires in module \fp32_add_pipe4..
Finding unused cells or wires in module \bf16_to_fp32..

15.19.25. Executing OPT_EXPR pass (perform const folding).
Optimizing module fp32_mul.
Optimizing module mixed_precision_bank_reducer_pingpong.
Optimizing module fp32_add_pipe4.
Optimizing module bf16_to_fp32.

15.19.26. Finished fast OPT passes. (There is nothing left to do.)

15.20. Executing TECHMAP pass (map to technology primitives).

15.20.1. Executing Verilog-2005 frontend: /home/chandler/.local/oss-cad-suite/lib/../share/yosys/techmap.v
Parsing Verilog input from `/home/chandler/.local/oss-cad-suite/lib/../share/yosys/techmap.v' to AST representation.
Generating RTLIL representation for module `\_90_simplemap_bool_ops'.
Generating RTLIL representation for module `\_90_simplemap_reduce_ops'.
Generating RTLIL representation for module `\_90_simplemap_logic_ops'.
Generating RTLIL representation for module `\_90_simplemap_compare_ops'.
Generating RTLIL representation for module `\_90_simplemap_various'.
Generating RTLIL representation for module `\_90_simplemap_registers'.
Generating RTLIL representation for module `\_90_shift_ops_shr_shl_sshl_sshr'.
Generating RTLIL representation for module `\_90_shift_shiftx'.
Generating RTLIL representation for module `\_90_fa'.
Generating RTLIL representation for module `\_90_lcu_brent_kung'.
Generating RTLIL representation for module `\_90_alu'.
Generating RTLIL representation for module `\_90_macc'.
Generating RTLIL representation for module `\_90_alumacc'.
Generating RTLIL representation for module `$__div_mod_u'.
Generating RTLIL representation for module `$__div_mod_trunc'.
Generating RTLIL representation for module `\_90_div'.
Generating RTLIL representation for module `\_90_mod'.
Generating RTLIL representation for module `$__div_mod_floor'.
Generating RTLIL representation for module `\_90_divfloor'.
Generating RTLIL representation for module `\_90_modfloor'.
Generating RTLIL representation for module `\_90_pow'.
Generating RTLIL representation for module `\_90_demux'.
Generating RTLIL representation for module `\_90_lut'.
Generating RTLIL representation for module `$connect'.
Generating RTLIL representation for module `$input_port'.
Successfully finished Verilog frontend.

15.20.2. Continuing TECHMAP pass.
Using extmapper simplemap for cells of type $and.
Using extmapper simplemap for cells of type $not.
Using template $paramod$4ccbe221165818e15f326ddee3d1183c7924e12f\_90_alu for cells of type $alu.
Using template $paramod$constmap:5940edc780409ab992c39c4a6181c93139038017$paramod$9584a26118f4bcb3033fe760387b4d0b650980eb\_90_shift_ops_shr_shl_sshl_sshr for cells of type $shl.
Using template $paramod$d90c3448203144d55644b597072d6cf1b3e54430\_90_alu for cells of type $alu.
Using template $paramod$a7a1d5fc4563c49b9a54941942b1beedd64a98db\_90_alu for cells of type $alu.
Using template $paramod$f02bbbf710bba6238f4bdfa41b3051acfe2064a8\_90_alu for cells of type $alu.
Using template $paramod$a2af9b43308e3114c3b5dd3f4dc3329b2387395d\_90_alu for cells of type $alu.
Using template $paramod$8d7f98f10ed0231647041eea72c2a8a293a33560\_90_alu for cells of type $alu.
Using template $paramod$d2fa05d38998afabc6d4f34471305d0af4b8b2df\_90_alu for cells of type $alu.
Using template $paramod$f137a8bfbd1456d75171dc760be33d0c1f0b83ab\_90_alu for cells of type $alu.
Using template $paramod$53700bbee849b2010ad0b60a61ccd204a10e24ca\_90_alu for cells of type $alu.
Using extmapper simplemap for cells of type $reduce_and.
Using template $paramod$6f67705c43e5e94c02b6ebb52209ce5aa5ade4c1\_90_alu for cells of type $alu.
Using extmapper simplemap for cells of type $or.
Using template $paramod$cd54e322aa4265ca236096fe4bb634aaec4e39b4\_90_alu for cells of type $alu.
Using template $paramod$b0777dc865134c8525a4aa84de8cfa938974cad1\_90_alu for cells of type $alu.
Using extmapper simplemap for cells of type $xor.
Using template $paramod$6f66f151d8048a3ab1c70205796615a945055b0d\_90_alu for cells of type $alu.
Using template $paramod$fbc7873bff55778c0b3173955b7e4bce1d9d6834\_90_alu for cells of type $alu.
Using extmapper simplemap for cells of type $adffe.
Using extmapper simplemap for cells of type $reduce_bool.
Using template $paramod$constmap:1be8ac63e04f65aa7e5790e542000faa5701e3f9$paramod$d137e9f8c3237dc45a2f1807aeb7665ead8d1066\_90_shift_ops_shr_shl_sshl_sshr for cells of type $shr.
Using extmapper simplemap for cells of type $logic_and.
Using extmapper simplemap for cells of type $logic_or.
Using extmapper simplemap for cells of type $eq.
Using extmapper simplemap for cells of type $ne.
Using extmapper simplemap for cells of type $logic_not.
Using template $paramod$constmap:f192db8dcac0180dfed48b1085fa76327043a06b$paramod$aa7405bf140bd41bfb0f52f8d4fd2da4fcb6d0f9\_90_shift_ops_shr_shl_sshl_sshr for cells of type $shl.
Using extmapper simplemap for cells of type $pos.
Using template $paramod\_90_fa\WIDTH=32'00000000000000000000000000011011 for cells of type $fa.
Using template $paramod\_90_lcu_brent_kung\WIDTH=32'00000000000000000000000000011011 for cells of type $lcu.
Using template $paramod\_90_fa\WIDTH=32'00000000000000000000000000011001 for cells of type $fa.
Using template $paramod\_90_lcu_brent_kung\WIDTH=32'00000000000000000000000000011001 for cells of type $lcu.
Using template $paramod\_90_fa\WIDTH=32'00000000000000000000000000001001 for cells of type $fa.
Using template $paramod\_90_lcu_brent_kung\WIDTH=32'00000000000000000000000000001001 for cells of type $lcu.
Using template $paramod\_90_fa\WIDTH=32'00000000000000000000000000100000 for cells of type $fa.
Using template $paramod\_90_lcu_brent_kung\WIDTH=32'00000000000000000000000000100000 for cells of type $lcu.
Using template $paramod\_90_fa\WIDTH=32'00000000000000000000000000001010 for cells of type $fa.
Using template $paramod\_90_lcu_brent_kung\WIDTH=32'00000000000000000000000000001010 for cells of type $lcu.
Using template $paramod$9e8c19db10db5b8954224cafa0587db20bab09bd\_90_alu for cells of type $alu.
Using template $paramod$2af30114e9bd4ccb04dad757b3f0a8f6bf0615b0\_90_alu for cells of type $alu.
Using template $paramod$3e2546d640bb80c4407ce51aec1dbdbdc5bff143\_90_alu for cells of type $alu.
Using template $paramod$a1665ef28c749ebcdbe9aecd466e644647b56463\_90_alu for cells of type $alu.
Using template $paramod$175e67c02b86e96b1288b9dc100122520d7240d8\_90_alu for cells of type $alu.
Using extmapper simplemap for cells of type $bmux.
Using extmapper simplemap for cells of type $adff.
Using template $paramod$constmap:dd82805e02d0c05f7629d78043ee7bd4bcc370d0$paramod$5aa0fbdc3e385f336e95d2896ce5aed0c003c799\_90_shift_shiftx for cells of type $shift.
Using template $paramod$constmap:a4bb7eea1e03d7baa2124d4e67462fabaf306ddd$paramod$ffd7c51a8e58f947c8584f942dd6e7533e5b9916\_90_shift_shiftx for cells of type $shift.
Analyzing pattern of constant bits for this cell:
Creating constmapped module `$paramod$constmap:955d0138e4005201be30abf73272514f990d931f$paramod$ffd7c51a8e58f947c8584f942dd6e7533e5b9916\_90_shift_shiftx'.

15.20.96. Executing OPT_MUXTREE pass (detect dead branches in mux trees).
Running muxtree optimizer on module $paramod$constmap:955d0138e4005201be30abf73272514f990d931f$paramod$ffd7c51a8e58f947c8584f942dd6e7533e5b9916\_90_shift_shiftx..
  Creating internal representation of mux trees.
  Evaluating internal representation of mux trees.
  Analyzing evaluation results.
    dead port 2/2 on $mux $procmux$11372.
    dead port 2/2 on $mux $procmux$11378.
    dead port 2/2 on $mux $procmux$11384.
    dead port 2/2 on $mux $procmux$11390.
    dead port 2/2 on $mux $procmux$11396.
    dead port 2/2 on $mux $procmux$11402.
    dead port 2/2 on $mux $procmux$11408.
    dead port 2/2 on $mux $procmux$11414.
Removed 8 multiplexer ports.
<suppressed ~4546 debug messages>

15.20.97. Executing OPT_EXPR pass (perform const folding).
Optimizing module $paramod$constmap:955d0138e4005201be30abf73272514f990d931f$paramod$ffd7c51a8e58f947c8584f942dd6e7533e5b9916\_90_shift_shiftx.
<suppressed ~26 debug messages>
Removed 0 unused cells and 13 unused wires.
Using template $paramod$constmap:955d0138e4005201be30abf73272514f990d931f$paramod$ffd7c51a8e58f947c8584f942dd6e7533e5b9916\_90_shift_shiftx for cells of type $shift.
Analyzing pattern of constant bits for this cell:
  Constant input on bit 0 of port A: 1'0
Creating constmapped module `$paramod$constmap:d8aefc1ccc4cc8f7577de99159ea22c4a240a5fa$paramod$5aa0fbdc3e385f336e95d2896ce5aed0c003c799\_90_shift_shiftx'.

15.20.98. Executing OPT_MUXTREE pass (detect dead branches in mux trees).
Running muxtree optimizer on module $paramod$constmap:d8aefc1ccc4cc8f7577de99159ea22c4a240a5fa$paramod$5aa0fbdc3e385f336e95d2896ce5aed0c003c799\_90_shift_shiftx..
  Creating internal representation of mux trees.
  Evaluating internal representation of mux trees.
  Analyzing evaluation results.
    dead port 2/2 on $mux $procmux$11308.
Removed 1 multiplexer ports.
<suppressed ~21 debug messages>

15.20.99. Executing OPT_EXPR pass (perform const folding).
Optimizing module $paramod$constmap:d8aefc1ccc4cc8f7577de99159ea22c4a240a5fa$paramod$5aa0fbdc3e385f336e95d2896ce5aed0c003c799\_90_shift_shiftx.
<suppressed ~4 debug messages>
Removed 0 unused cells and 9 unused wires.
Using template $paramod$constmap:d8aefc1ccc4cc8f7577de99159ea22c4a240a5fa$paramod$5aa0fbdc3e385f336e95d2896ce5aed0c003c799\_90_shift_shiftx for cells of type $shift.
Using template $paramod\_90_fa\WIDTH=32'00000000000000000000000000000010 for cells of type $fa.
Using template $paramod\_90_lcu_brent_kung\WIDTH=32'00000000000000000000000000000010 for cells of type $lcu.
Using template $paramod\_90_fa\WIDTH=32'00000000000000000000000000010000 for cells of type $fa.
Using template $paramod\_90_lcu_brent_kung\WIDTH=32'00000000000000000000000000010000 for cells of type $lcu.
Using template $paramod\_90_fa\WIDTH=32'00000000000000000000000000100001 for cells of type $fa.
Using template $paramod\_90_lcu_brent_kung\WIDTH=32'00000000000000000000000000100001 for cells of type $lcu.
Using template $paramod$constmap:6d926aacaad6b2c9c32f6b9b1796e9a49d656912$paramod$506728be27b17cf84830d0c29bd9b5a8031852be\_90_shift_ops_shr_shl_sshl_sshr for cells of type $shl.
Using template $paramod$constmap:39aefe8afde8c23f9b56344424ac5fceba994c79$paramod$b75f1a4efb43e3427ffff3051f0fd9c104726ccb\_90_shift_ops_shr_shl_sshl_sshr for cells of type $shl.
Using template $paramod$constmap:39aefe8afde8c23f9b56344424ac5fceba994c79$paramod$8bfcd9b01472435c243f7394772a1d3bbf787759\_90_shift_ops_shr_shl_sshl_sshr for cells of type $shr.
Using template $paramod$7d345e38ed17d1b9b7ad574498fe053cc5e778a7\_90_alu for cells of type $alu.
Using template $paramod$1e402e64350f17d7d96d4d19397585e7730f3657\_90_alu for cells of type $alu.
Using template $paramod$050f15daba5036a0512adf25d3c6631f629623f7\_90_alu for cells of type $alu.
Using template $paramod$2fff7390d0c2bf21f9d4a24170e0e0160f5d0249\_90_alu for cells of type $alu.
Using template $paramod$c6baa65225090ac0a120feab1b920965244aa496\_90_alu for cells of type $alu.
Using template $paramod$6412f7f13655de512a17af2c71a87b50b4a57324\_90_alu for cells of type $alu.
Using template $paramod$08c2d337fba0d8fba53e35b89be96dd105931d9e\_90_alu for cells of type $alu.
Using template $paramod$2653f68ddb8eab7b1907b4a20767b72a824a7a36\_90_alu for cells of type $alu.
Using template $paramod$e26d116fb6e49e9fa71e2c64a3b20d24d7f283ce\_90_alu for cells of type $alu.
Using template $paramod$3e7722abe950e04e12cedc7f7cd260127415126a\_90_alu for cells of type $alu.
Using template $paramod$2fbcb34684f6679eb93572499327a47617602411\_90_alu for cells of type $alu.
Using template $paramod$db292a57f5fa7061d10e7d3c328a8b8f0fb72da6\_90_alu for cells of type $alu.
Using template $paramod$b16c091220a54d065399fa81598f13f540b26341\_90_alu for cells of type $alu.
Using extmapper maccmap for cells of type $macc_v2.
  add { \lhs_sig [23] \lhs_i [22:0] } * { \rhs_sig [23] \rhs_i [22:0] } (24x24 bits, unsigned)
  sub $add$rtl/fp32_mul.sv:27$228_Y (32 bits, signed)
  add 32'11111111111111111111111110011001 (32 bits, unsigned)
  add $add$rtl/fp32_mul.sv:27$228_Y (32 bits, signed)
  add { 26'00000000000000000000000000 \msb_index [5:0] } (32 bits, signed)
  add 32'11111111111111111111111111010010 (32 bits, unsigned)
Using template $paramod$constmap:0240c4b95800865f007072c6e90e93723321e43d$paramod$a931737973063d92b37d1be3a891970e3bc94d97\_90_shift_shiftx for cells of type $shiftx.
Using template $paramod\_90_fa\WIDTH=32'00000000000000000000000000110000 for cells of type $fa.
Using template $paramod\_90_fa\WIDTH=32'00000000000000000000000000101111 for cells of type $fa.
Using template $paramod$88aad6f8473fb7e4e5fbfb8335ddebad03429eaa\_90_alu for cells of type $alu.
Using template $paramod\_90_fa\WIDTH=32'00000000000000000000000010000000 for cells of type $fa.
Using template $paramod\_90_lcu_brent_kung\WIDTH=32'00000000000000000000000010000000 for cells of type $lcu.
Using template $paramod\_90_fa\WIDTH=32'00000000000000000000000000001000 for cells of type $fa.
Using template $paramod\_90_lcu_brent_kung\WIDTH=32'00000000000000000000000000001000 for cells of type $lcu.
Using template $paramod\_90_fa\WIDTH=32'00000000000000000000000001101001 for cells of type $fa.
Using template $paramod\_90_lcu_brent_kung\WIDTH=32'00000000000000000000000001101001 for cells of type $lcu.
Using template $paramod\_90_fa\WIDTH=32'00000000000000000000000001101000 for cells of type $fa.
Using template $paramod\_90_lcu_brent_kung\WIDTH=32'00000000000000000000000001101000 for cells of type $lcu.
Using template $paramod\_90_fa\WIDTH=32'00000000000000000000000000011111 for cells of type $fa.
Using template $paramod\_90_lcu_brent_kung\WIDTH=32'00000000000000000000000000011111 for cells of type $lcu.
Using template $paramod\_90_lcu_brent_kung\WIDTH=32'00000000000000000000000000110000 for cells of type $lcu.
No more expansions possible.
<suppressed ~14631 debug messages>

15.21. Executing OPT pass (performing simple optimizations).

15.21.1. Executing OPT_EXPR pass (perform const folding).
Optimizing module fp32_mul.
<suppressed ~13908 debug messages>
Optimizing module mixed_precision_bank_reducer_pingpong.
<suppressed ~11559 debug messages>
Optimizing module fp32_add_pipe4.
<suppressed ~1760 debug messages>
Optimizing module bf16_to_fp32.

15.21.2. Executing OPT_MERGE pass (detect identical cells).
Finding identical cells in module `\fp32_mul'.
Computing hashes of 17038 cells of `\fp32_mul'.
Finding duplicate cells in `\fp32_mul'.
Computing hashes of 16221 cells of `\fp32_mul'.
Finding duplicate cells in `\fp32_mul'.
Computing hashes of 15745 cells of `\fp32_mul'.
Finding duplicate cells in `\fp32_mul'.
Computing hashes of 15348 cells of `\fp32_mul'.
Finding duplicate cells in `\fp32_mul'.
Computing hashes of 15031 cells of `\fp32_mul'.
Finding duplicate cells in `\fp32_mul'.
Computing hashes of 14756 cells of `\fp32_mul'.
Finding duplicate cells in `\fp32_mul'.
Computing hashes of 14558 cells of `\fp32_mul'.
Finding duplicate cells in `\fp32_mul'.
Computing hashes of 14490 cells of `\fp32_mul'.
Finding duplicate cells in `\fp32_mul'.
<suppressed ~7644 debug messages>
Finding identical cells in module `\mixed_precision_bank_reducer_pingpong'.
Computing hashes of 7987 cells of `\mixed_precision_bank_reducer_pingpong'.
Finding duplicate cells in `\mixed_precision_bank_reducer_pingpong'.
Computing hashes of 7868 cells of `\mixed_precision_bank_reducer_pingpong'.
Finding duplicate cells in `\mixed_precision_bank_reducer_pingpong'.
Computing hashes of 7777 cells of `\mixed_precision_bank_reducer_pingpong'.
Finding duplicate cells in `\mixed_precision_bank_reducer_pingpong'.
Computing hashes of 7681 cells of `\mixed_precision_bank_reducer_pingpong'.
Finding duplicate cells in `\mixed_precision_bank_reducer_pingpong'.
Computing hashes of 7524 cells of `\mixed_precision_bank_reducer_pingpong'.
Finding duplicate cells in `\mixed_precision_bank_reducer_pingpong'.
Computing hashes of 7243 cells of `\mixed_precision_bank_reducer_pingpong'.
Finding duplicate cells in `\mixed_precision_bank_reducer_pingpong'.
Computing hashes of 7117 cells of `\mixed_precision_bank_reducer_pingpong'.
Finding duplicate cells in `\mixed_precision_bank_reducer_pingpong'.
Computing hashes of 7115 cells of `\mixed_precision_bank_reducer_pingpong'.
Finding duplicate cells in `\mixed_precision_bank_reducer_pingpong'.
Computing hashes of 7113 cells of `\mixed_precision_bank_reducer_pingpong'.
Finding duplicate cells in `\mixed_precision_bank_reducer_pingpong'.
Computing hashes of 7111 cells of `\mixed_precision_bank_reducer_pingpong'.
Finding duplicate cells in `\mixed_precision_bank_reducer_pingpong'.
Computing hashes of 7109 cells of `\mixed_precision_bank_reducer_pingpong'.
Finding duplicate cells in `\mixed_precision_bank_reducer_pingpong'.
Computing hashes of 7107 cells of `\mixed_precision_bank_reducer_pingpong'.
Finding duplicate cells in `\mixed_precision_bank_reducer_pingpong'.
Computing hashes of 7105 cells of `\mixed_precision_bank_reducer_pingpong'.
Finding duplicate cells in `\mixed_precision_bank_reducer_pingpong'.
Computing hashes of 7103 cells of `\mixed_precision_bank_reducer_pingpong'.
Finding duplicate cells in `\mixed_precision_bank_reducer_pingpong'.
Computing hashes of 7101 cells of `\mixed_precision_bank_reducer_pingpong'.
Finding duplicate cells in `\mixed_precision_bank_reducer_pingpong'.
Computing hashes of 7099 cells of `\mixed_precision_bank_reducer_pingpong'.
Finding duplicate cells in `\mixed_precision_bank_reducer_pingpong'.
Computing hashes of 7097 cells of `\mixed_precision_bank_reducer_pingpong'.
Finding duplicate cells in `\mixed_precision_bank_reducer_pingpong'.
Computing hashes of 7095 cells of `\mixed_precision_bank_reducer_pingpong'.
Finding duplicate cells in `\mixed_precision_bank_reducer_pingpong'.
Computing hashes of 7093 cells of `\mixed_precision_bank_reducer_pingpong'.
Finding duplicate cells in `\mixed_precision_bank_reducer_pingpong'.
Computing hashes of 7091 cells of `\mixed_precision_bank_reducer_pingpong'.
Finding duplicate cells in `\mixed_precision_bank_reducer_pingpong'.
Computing hashes of 7089 cells of `\mixed_precision_bank_reducer_pingpong'.
Finding duplicate cells in `\mixed_precision_bank_reducer_pingpong'.
Computing hashes of 7087 cells of `\mixed_precision_bank_reducer_pingpong'.
Finding duplicate cells in `\mixed_precision_bank_reducer_pingpong'.
Computing hashes of 7085 cells of `\mixed_precision_bank_reducer_pingpong'.
Finding duplicate cells in `\mixed_precision_bank_reducer_pingpong'.
Computing hashes of 7083 cells of `\mixed_precision_bank_reducer_pingpong'.
Finding duplicate cells in `\mixed_precision_bank_reducer_pingpong'.
Computing hashes of 7081 cells of `\mixed_precision_bank_reducer_pingpong'.
Finding duplicate cells in `\mixed_precision_bank_reducer_pingpong'.
<suppressed ~2718 debug messages>
Finding identical cells in module `\fp32_add_pipe4'.
Computing hashes of 2969 cells of `\fp32_add_pipe4'.
Finding duplicate cells in `\fp32_add_pipe4'.
Computing hashes of 2863 cells of `\fp32_add_pipe4'.
Finding duplicate cells in `\fp32_add_pipe4'.
Computing hashes of 2819 cells of `\fp32_add_pipe4'.
Finding duplicate cells in `\fp32_add_pipe4'.
Computing hashes of 2801 cells of `\fp32_add_pipe4'.
Finding duplicate cells in `\fp32_add_pipe4'.
Computing hashes of 2794 cells of `\fp32_add_pipe4'.
Finding duplicate cells in `\fp32_add_pipe4'.
Computing hashes of 2791 cells of `\fp32_add_pipe4'.
Finding duplicate cells in `\fp32_add_pipe4'.
<suppressed ~534 debug messages>
Finding identical cells in module `\bf16_to_fp32'.
Computing hashes of 0 cells of `\bf16_to_fp32'.
Finding duplicate cells in `\bf16_to_fp32'.
Removed a total of 3632 cells.

15.21.3. Executing OPT_DFF pass (perform DFF optimizations).

15.21.4. Executing OPT_CLEAN pass (remove unused cells and wires).
Finding unused cells or wires in module \fp32_mul..
Finding unused cells or wires in module \mixed_precision_bank_reducer_pingpong..
Finding unused cells or wires in module \fp32_add_pipe4..
Finding unused cells or wires in module \bf16_to_fp32..
Removed 5824 unused cells and 6008 unused wires.
<suppressed ~5827 debug messages>

15.21.5. Finished fast OPT passes.

15.22. Executing HIERARCHY pass (managing design hierarchy).
Attribute `top' found on module `mixed_precision_bank_reducer_pingpong'. Setting top module to mixed_precision_bank_reducer_pingpong.

15.22.1. Analyzing design hierarchy..
Top module:  \mixed_precision_bank_reducer_pingpong
Used module:     \fp32_add_pipe4
Used module:     \bf16_to_fp32
Used module:     \fp32_mul

15.22.2. Analyzing design hierarchy..
Top module:  \mixed_precision_bank_reducer_pingpong
Used module:     \fp32_add_pipe4
Used module:     \bf16_to_fp32
Used module:     \fp32_mul
Removed 0 unused modules.

15.23. Printing statistics.

=== fp32_mul ===

        +----------Local Count, excluding submodules.
        | 
     1873 wires
    25457 wire bits
       15 public wires
      479 public wire bits
        3 ports
       96 port bits
     9322 cells
     3391   $_AND_
     2493   $_MUX_
      470   $_NOT_
     1346   $_OR_
     1622   $_XOR_

=== mixed_precision_bank_reducer_pingpong ===

        +----------Local Count, excluding submodules.
        | 
      318 wires
    12438 wire bits
       90 public wires
     2873 public wire bits
       15 ports
      249 port bits
     6603 cells
      624   $_AND_
      731   $_DFFE_PN0P_
      586   $_DFF_PN0_
     3910   $_MUX_
       43   $_NOT_
      629   $_OR_
       80   $_XOR_
       38 submodules
        8   bf16_to_fp32
       22   fp32_add_pipe4
        8   fp32_mul

=== fp32_add_pipe4 ===

        +----------Local Count, excluding submodules.
        | 
      778 wires
     3644 wire bits
       68 public wires
      816 public wire bits
        8 ports
      101 port bits
     2575 cells
      582   $_AND_
      150   $_DFFE_PN0P_
     1003   $_MUX_
      195   $_NOT_
      403   $_OR_
      242   $_XOR_

=== bf16_to_fp32 ===

        +----------Local Count, excluding submodules.
        | 
        2 wires
       48 wire bits
        2 public wires
       48 public wire bits
        2 ports
       48 port bits

=== design hierarchy ===

        +----------Count including submodules.
        | 
   137829 mixed_precision_bank_reducer_pingpong
     2575 fp32_add_pipe4
     9322 fp32_mul

        +----------Count including submodules.
        | 
    32434 wires
   296646 wire bits
     1722 public wires
    25041 public wire bits
      231 ports
     3623 port bits
        - memories
        - memory bits
        - processes
   137829 cells
    40556   $_AND_
     4031   $_DFFE_PN0P_
      586   $_DFF_PN0_
    45920   $_MUX_
     8093   $_NOT_
    20263   $_OR_
    18380   $_XOR_
       38 submodules
        8   bf16_to_fp32
       22   fp32_add_pipe4
        8   fp32_mul

15.24. Executing CHECK pass (checking for obvious problems).
Checking module fp32_mul...
Checking module mixed_precision_bank_reducer_pingpong...
Checking module fp32_add_pipe4...
Checking module bf16_to_fp32...
Found and reported 0 problems.

16. Executing FLATTEN pass (flatten design).
Deleting now unused module fp32_mul.
Deleting now unused module fp32_add_pipe4.
Deleting now unused module bf16_to_fp32.
<suppressed ~38 debug messages>

17. Executing OPT_CLEAN pass (remove unused cells and wires).
Finding unused cells or wires in module \mixed_precision_bank_reducer_pingpong..
Removed 0 unused cells and 14 unused wires.
<suppressed ~1 debug messages>

18. Executing DFFLIBMAP pass (mapping DFF cells to sequential cells from liberty file).
  cell sky130_fd_sc_hd__dfxtp_1 (noninv, pins=3, area=20.02) is a direct match for cell type $_DFF_P_.
  cell sky130_fd_sc_hd__dfrtn_1 (noninv, pins=4, area=25.02) is a direct match for cell type $_DFF_NN0_.
  cell sky130_fd_sc_hd__dfrtp_1 (noninv, pins=4, area=25.02) is a direct match for cell type $_DFF_PN0_.
  cell sky130_fd_sc_hd__dfstp_2 (noninv, pins=4, area=26.28) is a direct match for cell type $_DFF_PN1_.
  cell sky130_fd_sc_hd__edfxtp_1 (noninv, pins=4, area=30.03) is a direct match for cell type $_DFFE_PP_.
  cell sky130_fd_sc_hd__dfbbn_1 (noninv, pins=6, area=32.53) is a direct match for cell type $_DFFSR_NNN_.
  cell sky130_fd_sc_hd__dfbbp_1 (noninv, pins=6, area=32.53) is a direct match for cell type $_DFFSR_PNN_.
  final dff cell mappings:
    unmapped dff cell: $_DFF_N_
    \sky130_fd_sc_hd__dfxtp_1 _DFF_P_ (.CLK( C), .D( D), .Q( Q));
    \sky130_fd_sc_hd__dfrtn_1 _DFF_NN0_ (.CLK_N( C), .D( D), .Q( Q), .RESET_B( R));
    unmapped dff cell: $_DFF_NN1_
    unmapped dff cell: $_DFF_NP0_
    unmapped dff cell: $_DFF_NP1_
    \sky130_fd_sc_hd__dfrtp_1 _DFF_PN0_ (.CLK( C), .D( D), .Q( Q), .RESET_B( R));
    \sky130_fd_sc_hd__dfstp_2 _DFF_PN1_ (.CLK( C), .D( D), .Q( Q), .SET_B( R));
    unmapped dff cell: $_DFF_PP0_
    unmapped dff cell: $_DFF_PP1_
    unmapped dff cell: $_DFFE_NN_
    unmapped dff cell: $_DFFE_NP_
    unmapped dff cell: $_DFFE_PN_
    \sky130_fd_sc_hd__edfxtp_1 _DFFE_PP_ (.CLK( C), .D( D), .DE( E), .Q( Q));
    \sky130_fd_sc_hd__dfbbn_1 _DFFSR_NNN_ (.CLK_N( C), .D( D), .Q( Q), .Q_N(~Q), .RESET_B( R), .SET_B( S));
    unmapped dff cell: $_DFFSR_NNP_
    unmapped dff cell: $_DFFSR_NPN_
    unmapped dff cell: $_DFFSR_NPP_
    \sky130_fd_sc_hd__dfbbp_1 _DFFSR_PNN_ (.CLK( C), .D( D), .Q( Q), .Q_N(~Q), .RESET_B( R), .SET_B( S));
    unmapped dff cell: $_DFFSR_PNP_
    unmapped dff cell: $_DFFSR_PPN_
    unmapped dff cell: $_DFFSR_PPP_

18.1. Executing DFFLEGALIZE pass (convert FFs to types supported by the target).
<suppressed ~24 debug messages>
Mapping DFF cells in module `\mixed_precision_bank_reducer_pingpong':
  mapped 4617 $_DFF_PN0_ cells to \sky130_fd_sc_hd__dfrtp_1 cells.

19. Executing ABC pass (technology mapping using ABC).

19.1. Extracting gate netlist of module `\mixed_precision_bank_reducer_pingpong' to `<abc-temp-dir>/input.blif'..
ABC: using cached merged SCL: /tmp/yosys-liberty-scl-cache/yosys_merged_d1704997.scl (1 files)
Replacing 800 occurrences of constant undef bits with constant zero bits

19.1.1. Executed ABC.
Extracted 137243 gates and 141998 wires to a netlist network with 4752 inputs and 4667 outputs.
Running ABC script: <abc-temp-dir>/abc.script
ABC: UC Berkeley, ABC 1.01 (compiled Aug 11 2026 02:40:08)
ABC: abc 01> empty
ABC: abc 01> source <abc-temp-dir>/abc.script
ABC: + read_blif <abc-temp-dir>/input.blif 
ABC: + read_scl /tmp/yosys-liberty-scl-cache/yosys_merged_d1704997.scl 
ABC: Warning: Detected 9 multi-output cells (for example, "sky130_fd_sc_hd__fa_1").
ABC: + strash 
ABC: + &get -n 
ABC: + &fraig -x 
ABC: + &put 
ABC: + scorr 
ABC: Warning: The network is combinational (run "fraig" or "fraig_sweep").
ABC: + dc2 
ABC: + dretime 
ABC: + strash 
ABC: + &get -n 
ABC: + &dch -f 
ABC: + &nf 
ABC: + &put 
ABC: + write_blif <abc-temp-dir>/output.blif 
ABC: 
ABC: YOSYS_ABC_DONE 

19.1.2. Re-integrating ABC results.
ABC RESULTS:   sky130_fd_sc_hd__a2111o_1 cells:        6
ABC RESULTS:   sky130_fd_sc_hd__a2111oi_0 cells:       71
ABC RESULTS:   sky130_fd_sc_hd__a211o_1 cells:       28
ABC RESULTS:   sky130_fd_sc_hd__a211oi_1 cells:      189
ABC RESULTS:   sky130_fd_sc_hd__a21bo_1 cells:        2
ABC RESULTS:   sky130_fd_sc_hd__a21boi_0 cells:       47
ABC RESULTS:   sky130_fd_sc_hd__a21o_1 cells:      430
ABC RESULTS:   sky130_fd_sc_hd__a21oi_1 cells:     2359
ABC RESULTS:   sky130_fd_sc_hd__a221o_1 cells:       38
ABC RESULTS:   sky130_fd_sc_hd__a221oi_1 cells:       71
ABC RESULTS:   sky130_fd_sc_hd__a222oi_1 cells:       12
ABC RESULTS:   sky130_fd_sc_hd__a22o_1 cells:      177
ABC RESULTS:   sky130_fd_sc_hd__a22oi_1 cells:      357
ABC RESULTS:   sky130_fd_sc_hd__a2bb2o_1 cells:        1
ABC RESULTS:   sky130_fd_sc_hd__a2bb2oi_1 cells:       39
ABC RESULTS:   sky130_fd_sc_hd__a311o_1 cells:        3
ABC RESULTS:   sky130_fd_sc_hd__a311oi_1 cells:       22
ABC RESULTS:   sky130_fd_sc_hd__a31o_1 cells:       42
ABC RESULTS:   sky130_fd_sc_hd__a31oi_1 cells:      324
ABC RESULTS:   sky130_fd_sc_hd__a32o_1 cells:       28
ABC RESULTS:   sky130_fd_sc_hd__a32oi_1 cells:       37
ABC RESULTS:   sky130_fd_sc_hd__a41o_1 cells:       10
ABC RESULTS:   sky130_fd_sc_hd__a41oi_1 cells:       21
ABC RESULTS:   sky130_fd_sc_hd__and2_0 cells:      819
ABC RESULTS:   sky130_fd_sc_hd__and3_1 cells:      272
ABC RESULTS:   sky130_fd_sc_hd__and3b_1 cells:       11
ABC RESULTS:   sky130_fd_sc_hd__and4_1 cells:      117
ABC RESULTS:   sky130_fd_sc_hd__and4b_1 cells:       11
ABC RESULTS:   sky130_fd_sc_hd__buf_1 cells:      274
ABC RESULTS:   sky130_fd_sc_hd__clkinv_1 cells:     1186
ABC RESULTS:   sky130_fd_sc_hd__lpflow_inputiso1p_1 cells:      366
ABC RESULTS:   sky130_fd_sc_hd__lpflow_isobufsrc_1 cells:      821
ABC RESULTS:   sky130_fd_sc_hd__maj3_1 cells:      440
ABC RESULTS:   sky130_fd_sc_hd__mux2_1 cells:      448
ABC RESULTS:   sky130_fd_sc_hd__mux2i_1 cells:     2361
ABC RESULTS:   sky130_fd_sc_hd__mux4_2 cells:      129
ABC RESULTS:   sky130_fd_sc_hd__nand2_1 cells:     5350
ABC RESULTS:   sky130_fd_sc_hd__nand2b_1 cells:      668
ABC RESULTS:   sky130_fd_sc_hd__nand3_1 cells:     1092
ABC RESULTS:   sky130_fd_sc_hd__nand3b_1 cells:       74
ABC RESULTS:   sky130_fd_sc_hd__nand4_1 cells:      422
ABC RESULTS:   sky130_fd_sc_hd__nand4b_1 cells:       29
ABC RESULTS:   sky130_fd_sc_hd__nand4bb_1 cells:        6
ABC RESULTS:   sky130_fd_sc_hd__nor2_1 cells:     4004
ABC RESULTS:   sky130_fd_sc_hd__nor2b_1 cells:      155
ABC RESULTS:   sky130_fd_sc_hd__nor3_1 cells:      738
ABC RESULTS:   sky130_fd_sc_hd__nor3b_1 cells:       88
ABC RESULTS:   sky130_fd_sc_hd__nor4_1 cells:      652
ABC RESULTS:   sky130_fd_sc_hd__nor4b_1 cells:       57
ABC RESULTS:   sky130_fd_sc_hd__nor4bb_1 cells:       13
ABC RESULTS:   sky130_fd_sc_hd__o2111a_1 cells:        9
ABC RESULTS:   sky130_fd_sc_hd__o2111ai_1 cells:       73
ABC RESULTS:   sky130_fd_sc_hd__o211a_1 cells:       20
ABC RESULTS:   sky130_fd_sc_hd__o211ai_1 cells:      226
ABC RESULTS:   sky130_fd_sc_hd__o21a_1 cells:      156
ABC RESULTS:   sky130_fd_sc_hd__o21ai_0 cells:     3844
ABC RESULTS:   sky130_fd_sc_hd__o21ba_1 cells:        5
ABC RESULTS:   sky130_fd_sc_hd__o21bai_1 cells:       42
ABC RESULTS:   sky130_fd_sc_hd__o221a_1 cells:        9
ABC RESULTS:   sky130_fd_sc_hd__o221ai_1 cells:      258
ABC RESULTS:   sky130_fd_sc_hd__o22a_1 cells:      105
ABC RESULTS:   sky130_fd_sc_hd__o22ai_1 cells:      826
ABC RESULTS:   sky130_fd_sc_hd__o2bb2ai_1 cells:       29
ABC RESULTS:   sky130_fd_sc_hd__o311a_1 cells:        6
ABC RESULTS:   sky130_fd_sc_hd__o311ai_0 cells:       52
ABC RESULTS:   sky130_fd_sc_hd__o31a_1 cells:       30
ABC RESULTS:   sky130_fd_sc_hd__o31ai_1 cells:      152
ABC RESULTS:   sky130_fd_sc_hd__o32a_1 cells:       13
ABC RESULTS:   sky130_fd_sc_hd__o32ai_1 cells:       55
ABC RESULTS:   sky130_fd_sc_hd__o41a_1 cells:        2
ABC RESULTS:   sky130_fd_sc_hd__o41ai_1 cells:       31
ABC RESULTS:   sky130_fd_sc_hd__or3_1 cells:      316
ABC RESULTS:   sky130_fd_sc_hd__or3b_1 cells:       13
ABC RESULTS:   sky130_fd_sc_hd__or4_1 cells:       81
ABC RESULTS:   sky130_fd_sc_hd__or4b_1 cells:       17
ABC RESULTS:   sky130_fd_sc_hd__xnor2_1 cells:     1744
ABC RESULTS:   sky130_fd_sc_hd__xnor3_1 cells:       29
ABC RESULTS:   sky130_fd_sc_hd__xor2_1 cells:      972
ABC RESULTS:   sky130_fd_sc_hd__xor3_1 cells:       10
ABC RESULTS:        internal signals:   132579
ABC RESULTS:           input signals:     4752
ABC RESULTS:          output signals:     4667
Removing temp directory.
Removing global temp directory.
Removed 38 unused cells and 41175 unused wires.

20. Executing CHECK pass (checking for obvious problems).
Checking module mixed_precision_bank_reducer_pingpong...
Found and reported 0 problems.

21. Printing statistics.

=== mixed_precision_bank_reducer_pingpong ===

        +----------Local Count, excluding submodules.
        |        +-Local Area, excluding submodules.
        |        | 
    34070        - wires
    39408        - wire bits
      653        - public wires
     5450        - public wire bits
       15        - ports
      249        - port bits
    38659  3.2E+05 cells
        6   67.565   sky130_fd_sc_hd__a2111o_1
       71  621.846   sky130_fd_sc_hd__a2111oi_0
       28  245.235   sky130_fd_sc_hd__a211o_1
      189 1.42E+03   sky130_fd_sc_hd__a211oi_1
        2   20.019   sky130_fd_sc_hd__a21bo_1
       47  352.838   sky130_fd_sc_hd__a21boi_0
      430 3.23E+03   sky130_fd_sc_hd__a21o_1
     2359 1.18E+04   sky130_fd_sc_hd__a21oi_1
       38  380.365   sky130_fd_sc_hd__a221o_1
       71  621.846   sky130_fd_sc_hd__a221oi_1
       12  120.115   sky130_fd_sc_hd__a222oi_1
      177 1.55E+03   sky130_fd_sc_hd__a22o_1
      357  2680.07   sky130_fd_sc_hd__a22oi_1
        1    10.01   sky130_fd_sc_hd__a2bb2o_1
       39  341.578   sky130_fd_sc_hd__a2bb2oi_1
        3   30.029   sky130_fd_sc_hd__a311o_1
       22  192.685   sky130_fd_sc_hd__a311oi_1
       42  367.853   sky130_fd_sc_hd__a31o_1
      324 2.03E+03   sky130_fd_sc_hd__a31oi_1
       28  280.269   sky130_fd_sc_hd__a32o_1
       37  324.061   sky130_fd_sc_hd__a32oi_1
       10  100.096   sky130_fd_sc_hd__a41o_1
       21  183.926   sky130_fd_sc_hd__a41oi_1
      819 5.12E+03   sky130_fd_sc_hd__and2_0
      272  1.7E+03   sky130_fd_sc_hd__and3_1
       11   96.342   sky130_fd_sc_hd__and3b_1
      117 1.02E+03   sky130_fd_sc_hd__and4_1
       11  110.106   sky130_fd_sc_hd__and4b_1
      274 1.03E+03   sky130_fd_sc_hd__buf_1
     1186  4451.77   sky130_fd_sc_hd__clkinv_1
     4617 1.16E+05   sky130_fd_sc_hd__dfrtp_1
      366 2.29E+03   sky130_fd_sc_hd__lpflow_inputiso1p_1
      821 5.14E+03   sky130_fd_sc_hd__lpflow_isobufsrc_1
      440  4.4E+03   sky130_fd_sc_hd__maj3_1
      448 5.04E+03   sky130_fd_sc_hd__mux2_1
     2361 2.36E+04   sky130_fd_sc_hd__mux2i_1
      129 2.91E+03   sky130_fd_sc_hd__mux4_2
     5350 2.01E+04   sky130_fd_sc_hd__nand2_1
      668 4.18E+03   sky130_fd_sc_hd__nand2b_1
     1092 5.47E+03   sky130_fd_sc_hd__nand3_1
       74  555.533   sky130_fd_sc_hd__nand3b_1
      422 2.64E+03   sky130_fd_sc_hd__nand4_1
       29  253.994   sky130_fd_sc_hd__nand4b_1
        6   67.565   sky130_fd_sc_hd__nand4bb_1
     4004  1.5E+04   sky130_fd_sc_hd__nor2_1
      155   969.68   sky130_fd_sc_hd__nor2b_1
      738 3.69E+03   sky130_fd_sc_hd__nor3_1
       88  660.634   sky130_fd_sc_hd__nor3b_1
      652 4.08E+03   sky130_fd_sc_hd__nor4_1
       57  499.229   sky130_fd_sc_hd__nor4b_1
       13  130.125   sky130_fd_sc_hd__nor4bb_1
        9  101.347   sky130_fd_sc_hd__o2111a_1
       73  639.363   sky130_fd_sc_hd__o2111ai_1
       20  200.192   sky130_fd_sc_hd__o211a_1
      226  1.7E+03   sky130_fd_sc_hd__o211ai_1
      156 1.17E+03   sky130_fd_sc_hd__o21a_1
     3844 1.92E+04   sky130_fd_sc_hd__o21ai_0
        5   50.048   sky130_fd_sc_hd__o21ba_1
       42  315.302   sky130_fd_sc_hd__o21bai_1
        9  101.347   sky130_fd_sc_hd__o221a_1
      258 2.26E+03   sky130_fd_sc_hd__o221ai_1
      105  919.632   sky130_fd_sc_hd__o22a_1
      826 5.17E+03   sky130_fd_sc_hd__o22ai_1
       29  253.994   sky130_fd_sc_hd__o2bb2ai_1
        6   60.058   sky130_fd_sc_hd__o311a_1
       52  455.437   sky130_fd_sc_hd__o311ai_0
       30  262.752   sky130_fd_sc_hd__o31a_1
      152 1.14E+03   sky130_fd_sc_hd__o31ai_1
       13  130.125   sky130_fd_sc_hd__o32a_1
       55  481.712   sky130_fd_sc_hd__o32ai_1
        2   22.522   sky130_fd_sc_hd__o41a_1
       31   271.51   sky130_fd_sc_hd__o41ai_1
      316 1.98E+03   sky130_fd_sc_hd__or3_1
       13  113.859   sky130_fd_sc_hd__or3b_1
       81  608.083   sky130_fd_sc_hd__or4_1
       17  170.163   sky130_fd_sc_hd__or4b_1
     1744 1.53E+04   sky130_fd_sc_hd__xnor2_1
       29  653.126   sky130_fd_sc_hd__xnor3_1
      972 8.51E+03   sky130_fd_sc_hd__xor2_1
       10  237.728   sky130_fd_sc_hd__xor3_1

   Chip area for module '\mixed_precision_bank_reducer_pingpong': 320248.393600
     of which used for sequential elements: 115535.808000 (36.08%)

22. Executing Verilog backend.

22.1. Executing BMUXMAP pass.

22.2. Executing DEMUXMAP pass.
Dumping module `\mixed_precision_bank_reducer_pingpong'.

Warnings: 2 unique messages, 4 total
End of script. Logfile hash: 57b7f814d1, time: 12.26s, user: 5.55s, system: 0.80s, MEM: 336.29 MB peak
Yosys 0.68+48 (git sha1 ff5817c34-dirty, Release, Clang /usr/bin/clang++ 21.1.8)
Time spent: 57% 1x abc (7 sec), 11% 33x opt_clean (1 sec), ...
